group,replicate,variant,contact,pair_type,lifetime_frames,count,event_status
G3_Onmem_plus,1,banded_sym_w4,one,all,1,19608,persistent_chain
G3_Onmem_plus,1,banded_sym_w4,one,all,2,7386,persistent_chain
G3_Onmem_plus,1,banded_sym_w4,one,all,3,3935,persistent_chain
G3_Onmem_plus,1,banded_sym_w4,one,all,4,2284,persistent_chain
G3_Onmem_plus,1,banded_sym_w4,one,all,5,1431,persistent_chain
G3_Onmem_plus,1,banded_sym_w4,one,all,6,1026,persistent_chain
G3_Onmem_plus,1,banded_sym_w4,one,all,7,732,persistent_chain
G3_Onmem_plus,1,banded_sym_w4,one,all,8,547,persistent_chain
G3_Onmem_plus,1,banded_sym_w4,one,all,9,412,persistent_chain
G3_Onmem_plus,1,banded_sym_w4,one,all,10,277,persistent_chain
G3_Onmem_plus,1,banded_sym_w4,one,all,11,251,persistent_chain
G3_Onmem_plus,1,banded_sym_w4,one,all,12,205,persistent_chain
G3_Onmem_plus,1,banded_sym_w4,one,all,13,139,persistent_chain
G3_Onmem_plus,1,banded_sym_w4,one,all,14,140,persistent_chain
G3_Onmem_plus,1,banded_sym_w4,one,all,15,96,persistent_chain
G3_Onmem_plus,1,banded_sym_w4,one,all,16,93,persistent_chain
G3_Onmem_plus,1,banded_sym_w4,one,all,17,65,persistent_chain
G3_Onmem_plus,1,banded_sym_w4,one,all,18,57,persistent_chain
G3_Onmem_plus,1,banded_sym_w4,one,all,19,61,persistent_chain
G3_Onmem_plus,1,banded_sym_w4,one,all,20,36,persistent_chain
G3_Onmem_plus,1,banded_sym_w4,one,all,21,27,persistent_chain
G3_Onmem_plus,1,banded_sym_w4,one,all,22,29,persistent_chain
G3_Onmem_plus,1,banded_sym_w4,one,all,23,16,persistent_chain
G3_Onmem_plus,1,banded_sym_w4,one,all,24,22,persistent_chain
G3_Onmem_plus,1,banded_sym_w4,one,all,25,20,persistent_chain
G3_Onmem_plus,1,banded_sym_w4,one,all,26,21,persistent_chain
G3_Onmem_plus,1,banded_sym_w4,one,all,27,10,persistent_chain
G3_Onmem_plus,1,banded_sym_w4,one,all,28,15,persistent_chain
G3_Onmem_plus,1,banded_sym_w4,one,all,29,11,persistent_chain
G3_Onmem_plus,1,banded_sym_w4,one,all,30,14,persistent_chain
G3_Onmem_plus,1,banded_sym_w4,one,all,31,10,persistent_chain
G3_Onmem_plus,1,banded_sym_w4,one,all,32,7,persistent_chain
G3_Onmem_plus,1,banded_sym_w4,one,all,33,7,persistent_chain
G3_Onmem_plus,1,banded_sym_w4,one,all,34,6,persistent_chain
G3_Onmem_plus,1,banded_sym_w4,one,all,35,3,persistent_chain
G3_Onmem_plus,1,banded_sym_w4,one,all,36,7,persistent_chain
G3_Onmem_plus,1,banded_sym_w4,one,all,37,5,persistent_chain
G3_Onmem_plus,1,banded_sym_w4,one,all,38,3,persistent_chain
G3_Onmem_plus,1,banded_sym_w4,one,all,39,3,persistent_chain
G3_Onmem_plus,1,banded_sym_w4,one,all,40,2,persistent_chain
G3_Onmem_plus,1,banded_sym_w4,one,all,41,3,persistent_chain
G3_Onmem_plus,1,banded_sym_w4,one,all,42,3,persistent_chain
G3_Onmem_plus,1,banded_sym_w4,one,all,43,3,persistent_chain
G3_Onmem_plus,1,banded_sym_w4,one,all,44,1,persistent_chain
G3_Onmem_plus,1,banded_sym_w4,one,all,46,1,persistent_chain
G3_Onmem_plus,1,banded_sym_w4,one,all,47,2,persistent_chain
G3_Onmem_plus,1,banded_sym_w4,one,all,48,1,persistent_chain
G3_Onmem_plus,1,banded_sym_w4,one,all,49,1,persistent_chain
G3_Onmem_plus,1,banded_sym_w4,one,all,51,1,persistent_chain
G3_Onmem_plus,1,banded_sym_w4,one,all,52,1,persistent_chain
G3_Onmem_plus,1,banded_sym_w4,one,all,53,4,persistent_chain
G3_Onmem_plus,1,banded_sym_w4,one,all,56,2,persistent_chain
G3_Onmem_plus,1,banded_sym_w4,one,all,60,1,persistent_chain
G3_Onmem_plus,1,banded_sym_w4,one,all,61,1,persistent_chain
G3_Onmem_plus,1,banded_sym_w4,one,all,62,1,persistent_chain
G3_Onmem_plus,1,banded_sym_w4,one,all,64,1,persistent_chain
G3_Onmem_plus,1,banded_sym_w4,one,all,65,1,persistent_chain
G3_Onmem_plus,1,banded_sym_w4,one,all,75,1,persistent_chain
G3_Onmem_plus,1,banded_sym_w4,one,all,77,1,persistent_chain
G3_Onmem_plus,1,banded_sym_w4,one,all,79,1,persistent_chain
G3_Onmem_plus,1,banded_sym_w4,one,all,80,1,persistent_chain
G3_Onmem_plus,1,banded_sym_w4,one,all,82,1,persistent_chain
G3_Onmem_plus,1,banded_sym_w4,one,all,94,1,persistent_chain
G3_Onmem_plus,1,banded_sym_w4,one,all,96,1,persistent_chain
G3_Onmem_plus,1,banded_sym_w4,one,all,157,1,persistent_chain
G3_Onmem_plus,1,banded_sym_w4,three,all,1,14635,persistent_chain
G3_Onmem_plus,1,banded_sym_w4,three,all,2,4852,persistent_chain
G3_Onmem_plus,1,banded_sym_w4,three,all,3,2212,persistent_chain
G3_Onmem_plus,1,banded_sym_w4,three,all,4,1203,persistent_chain
G3_Onmem_plus,1,banded_sym_w4,three,all,5,676,persistent_chain
G3_Onmem_plus,1,banded_sym_w4,three,all,6,479,persistent_chain
G3_Onmem_plus,1,banded_sym_w4,three,all,7,282,persistent_chain
G3_Onmem_plus,1,banded_sym_w4,three,all,8,198,persistent_chain
G3_Onmem_plus,1,banded_sym_w4,three,all,9,141,persistent_chain
G3_Onmem_plus,1,banded_sym_w4,three,all,10,103,persistent_chain
G3_Onmem_plus,1,banded_sym_w4,three,all,11,83,persistent_chain
G3_Onmem_plus,1,banded_sym_w4,three,all,12,57,persistent_chain
G3_Onmem_plus,1,banded_sym_w4,three,all,13,36,persistent_chain
G3_Onmem_plus,1,banded_sym_w4,three,all,14,43,persistent_chain
G3_Onmem_plus,1,banded_sym_w4,three,all,15,20,persistent_chain
G3_Onmem_plus,1,banded_sym_w4,three,all,16,23,persistent_chain
G3_Onmem_plus,1,banded_sym_w4,three,all,17,20,persistent_chain
G3_Onmem_plus,1,banded_sym_w4,three,all,18,8,persistent_chain
G3_Onmem_plus,1,banded_sym_w4,three,all,19,10,persistent_chain
G3_Onmem_plus,1,banded_sym_w4,three,all,20,11,persistent_chain
G3_Onmem_plus,1,banded_sym_w4,three,all,21,11,persistent_chain
G3_Onmem_plus,1,banded_sym_w4,three,all,22,9,persistent_chain
G3_Onmem_plus,1,banded_sym_w4,three,all,23,8,persistent_chain
G3_Onmem_plus,1,banded_sym_w4,three,all,24,7,persistent_chain
G3_Onmem_plus,1,banded_sym_w4,three,all,25,5,persistent_chain
G3_Onmem_plus,1,banded_sym_w4,three,all,26,3,persistent_chain
G3_Onmem_plus,1,banded_sym_w4,three,all,27,4,persistent_chain
G3_Onmem_plus,1,banded_sym_w4,three,all,28,1,persistent_chain
G3_Onmem_plus,1,banded_sym_w4,three,all,30,4,persistent_chain
G3_Onmem_plus,1,banded_sym_w4,three,all,32,1,persistent_chain
G3_Onmem_plus,1,banded_sym_w4,three,all,33,1,persistent_chain
G3_Onmem_plus,1,banded_sym_w4,three,all,34,2,persistent_chain
G3_Onmem_plus,1,banded_sym_w4,three,all,35,2,persistent_chain
G3_Onmem_plus,1,banded_sym_w4,three,all,36,1,persistent_chain
G3_Onmem_plus,1,banded_sym_w4,three,all,37,1,persistent_chain
G3_Onmem_plus,1,banded_sym_w4,three,all,72,1,persistent_chain
G3_Onmem_plus,1,banded_sym_w4,three,all,80,1,persistent_chain
G3_Onmem_plus,1,banded_sym_w4,three,all,89,1,persistent_chain
G3_Onmem_plus,1,banded_sym_w4,triplet,all,1,10300,persistent_chain
G3_Onmem_plus,1,banded_sym_w4,triplet,all,2,2792,persistent_chain
G3_Onmem_plus,1,banded_sym_w4,triplet,all,3,1189,persistent_chain
G3_Onmem_plus,1,banded_sym_w4,triplet,all,4,588,persistent_chain
G3_Onmem_plus,1,banded_sym_w4,triplet,all,5,304,persistent_chain
G3_Onmem_plus,1,banded_sym_w4,triplet,all,6,204,persistent_chain
G3_Onmem_plus,1,banded_sym_w4,triplet,all,7,111,persistent_chain
G3_Onmem_plus,1,banded_sym_w4,triplet,all,8,72,persistent_chain
G3_Onmem_plus,1,banded_sym_w4,triplet,all,9,46,persistent_chain
G3_Onmem_plus,1,banded_sym_w4,triplet,all,10,27,persistent_chain
G3_Onmem_plus,1,banded_sym_w4,triplet,all,11,24,persistent_chain
G3_Onmem_plus,1,banded_sym_w4,triplet,all,12,23,persistent_chain
G3_Onmem_plus,1,banded_sym_w4,triplet,all,13,11,persistent_chain
G3_Onmem_plus,1,banded_sym_w4,triplet,all,14,6,persistent_chain
G3_Onmem_plus,1,banded_sym_w4,triplet,all,15,6,persistent_chain
G3_Onmem_plus,1,banded_sym_w4,triplet,all,16,2,persistent_chain
G3_Onmem_plus,1,banded_sym_w4,triplet,all,17,6,persistent_chain
G3_Onmem_plus,1,banded_sym_w4,triplet,all,18,3,persistent_chain
G3_Onmem_plus,1,banded_sym_w4,triplet,all,20,3,persistent_chain
G3_Onmem_plus,1,banded_sym_w4,triplet,all,21,1,persistent_chain
G3_Onmem_plus,1,banded_sym_w4,triplet,all,22,2,persistent_chain
G3_Onmem_plus,1,banded_sym_w4,triplet,all,23,1,persistent_chain
G3_Onmem_plus,1,banded_sym_w4,triplet,all,24,3,persistent_chain
G3_Onmem_plus,1,banded_sym_w4,triplet,all,25,2,persistent_chain
G3_Onmem_plus,1,banded_sym_w4,triplet,all,26,1,persistent_chain
G3_Onmem_plus,1,banded_sym_w4,triplet,all,27,1,persistent_chain
G3_Onmem_plus,1,banded_sym_w4,triplet,all,31,1,persistent_chain
G3_Onmem_plus,1,banded_sym_w4,triplet,all,37,1,persistent_chain
G3_Onmem_plus,1,banded_sym_w6,one,all,1,21740,persistent_chain
G3_Onmem_plus,1,banded_sym_w6,one,all,2,8421,persistent_chain
G3_Onmem_plus,1,banded_sym_w6,one,all,3,4596,persistent_chain
G3_Onmem_plus,1,banded_sym_w6,one,all,4,2792,persistent_chain
G3_Onmem_plus,1,banded_sym_w6,one,all,5,1749,persistent_chain
G3_Onmem_plus,1,banded_sym_w6,one,all,6,1219,persistent_chain
G3_Onmem_plus,1,banded_sym_w6,one,all,7,936,persistent_chain
G3_Onmem_plus,1,banded_sym_w6,one,all,8,710,persistent_chain
G3_Onmem_plus,1,banded_sym_w6,one,all,9,524,persistent_chain
G3_Onmem_plus,1,banded_sym_w6,one,all,10,455,persistent_chain
G3_Onmem_plus,1,banded_sym_w6,one,all,11,348,persistent_chain
G3_Onmem_plus,1,banded_sym_w6,one,all,12,266,persistent_chain
G3_Onmem_plus,1,banded_sym_w6,one,all,13,190,persistent_chain
G3_Onmem_plus,1,banded_sym_w6,one,all,14,184,persistent_chain
G3_Onmem_plus,1,banded_sym_w6,one,all,15,157,persistent_chain
G3_Onmem_plus,1,banded_sym_w6,one,all,16,124,persistent_chain
G3_Onmem_plus,1,banded_sym_w6,one,all,17,96,persistent_chain
G3_Onmem_plus,1,banded_sym_w6,one,all,18,88,persistent_chain
G3_Onmem_plus,1,banded_sym_w6,one,all,19,95,persistent_chain
G3_Onmem_plus,1,banded_sym_w6,one,all,20,70,persistent_chain
G3_Onmem_plus,1,banded_sym_w6,one,all,21,35,persistent_chain
G3_Onmem_plus,1,banded_sym_w6,one,all,22,44,persistent_chain
G3_Onmem_plus,1,banded_sym_w6,one,all,23,45,persistent_chain
G3_Onmem_plus,1,banded_sym_w6,one,all,24,32,persistent_chain
G3_Onmem_plus,1,banded_sym_w6,one,all,25,26,persistent_chain
G3_Onmem_plus,1,banded_sym_w6,one,all,26,29,persistent_chain
G3_Onmem_plus,1,banded_sym_w6,one,all,27,25,persistent_chain
G3_Onmem_plus,1,banded_sym_w6,one,all,28,26,persistent_chain
G3_Onmem_plus,1,banded_sym_w6,one,all,29,18,persistent_chain
G3_Onmem_plus,1,banded_sym_w6,one,all,30,22,persistent_chain
G3_Onmem_plus,1,banded_sym_w6,one,all,31,13,persistent_chain
G3_Onmem_plus,1,banded_sym_w6,one,all,32,11,persistent_chain
G3_Onmem_plus,1,banded_sym_w6,one,all,33,16,persistent_chain
G3_Onmem_plus,1,banded_sym_w6,one,all,34,12,persistent_chain
G3_Onmem_plus,1,banded_sym_w6,one,all,35,8,persistent_chain
G3_Onmem_plus,1,banded_sym_w6,one,all,36,8,persistent_chain
G3_Onmem_plus,1,banded_sym_w6,one,all,37,7,persistent_chain
G3_Onmem_plus,1,banded_sym_w6,one,all,38,5,persistent_chain
G3_Onmem_plus,1,banded_sym_w6,one,all,39,5,persistent_chain
G3_Onmem_plus,1,banded_sym_w6,one,all,40,9,persistent_chain
G3_Onmem_plus,1,banded_sym_w6,one,all,41,6,persistent_chain
G3_Onmem_plus,1,banded_sym_w6,one,all,42,2,persistent_chain
G3_Onmem_plus,1,banded_sym_w6,one,all,43,5,persistent_chain
G3_Onmem_plus,1,banded_sym_w6,one,all,44,5,persistent_chain
G3_Onmem_plus,1,banded_sym_w6,one,all,45,3,persistent_chain
G3_Onmem_plus,1,banded_sym_w6,one,all,46,4,persistent_chain
G3_Onmem_plus,1,banded_sym_w6,one,all,47,4,persistent_chain
G3_Onmem_plus,1,banded_sym_w6,one,all,48,4,persistent_chain
G3_Onmem_plus,1,banded_sym_w6,one,all,49,4,persistent_chain
G3_Onmem_plus,1,banded_sym_w6,one,all,50,4,persistent_chain
G3_Onmem_plus,1,banded_sym_w6,one,all,51,3,persistent_chain
G3_Onmem_plus,1,banded_sym_w6,one,all,52,1,persistent_chain
G3_Onmem_plus,1,banded_sym_w6,one,all,53,3,persistent_chain
G3_Onmem_plus,1,banded_sym_w6,one,all,54,3,persistent_chain
G3_Onmem_plus,1,banded_sym_w6,one,all,56,5,persistent_chain
G3_Onmem_plus,1,banded_sym_w6,one,all,57,2,persistent_chain
G3_Onmem_plus,1,banded_sym_w6,one,all,58,1,persistent_chain
G3_Onmem_plus,1,banded_sym_w6,one,all,59,1,persistent_chain
G3_Onmem_plus,1,banded_sym_w6,one,all,61,2,persistent_chain
G3_Onmem_plus,1,banded_sym_w6,one,all,62,2,persistent_chain
G3_Onmem_plus,1,banded_sym_w6,one,all,63,2,persistent_chain
G3_Onmem_plus,1,banded_sym_w6,one,all,65,1,persistent_chain
G3_Onmem_plus,1,banded_sym_w6,one,all,66,1,persistent_chain
G3_Onmem_plus,1,banded_sym_w6,one,all,68,1,persistent_chain
G3_Onmem_plus,1,banded_sym_w6,one,all,74,2,persistent_chain
G3_Onmem_plus,1,banded_sym_w6,one,all,77,2,persistent_chain
G3_Onmem_plus,1,banded_sym_w6,one,all,79,1,persistent_chain
G3_Onmem_plus,1,banded_sym_w6,one,all,80,1,persistent_chain
G3_Onmem_plus,1,banded_sym_w6,one,all,82,3,persistent_chain
G3_Onmem_plus,1,banded_sym_w6,one,all,83,1,persistent_chain
G3_Onmem_plus,1,banded_sym_w6,one,all,86,1,persistent_chain
G3_Onmem_plus,1,banded_sym_w6,one,all,97,1,persistent_chain
G3_Onmem_plus,1,banded_sym_w6,one,all,101,1,persistent_chain
G3_Onmem_plus,1,banded_sym_w6,one,all,116,1,persistent_chain
G3_Onmem_plus,1,banded_sym_w6,one,all,117,1,persistent_chain
G3_Onmem_plus,1,banded_sym_w6,one,all,120,1,persistent_chain
G3_Onmem_plus,1,banded_sym_w6,one,all,253,1,persistent_chain
G3_Onmem_plus,1,banded_sym_w6,three,all,1,17457,persistent_chain
G3_Onmem_plus,1,banded_sym_w6,three,all,2,6260,persistent_chain
G3_Onmem_plus,1,banded_sym_w6,three,all,3,2941,persistent_chain
G3_Onmem_plus,1,banded_sym_w6,three,all,4,1651,persistent_chain
G3_Onmem_plus,1,banded_sym_w6,three,all,5,1030,persistent_chain
G3_Onmem_plus,1,banded_sym_w6,three,all,6,684,persistent_chain
G3_Onmem_plus,1,banded_sym_w6,three,all,7,445,persistent_chain
G3_Onmem_plus,1,banded_sym_w6,three,all,8,335,persistent_chain
G3_Onmem_plus,1,banded_sym_w6,three,all,9,244,persistent_chain
G3_Onmem_plus,1,banded_sym_w6,three,all,10,175,persistent_chain
G3_Onmem_plus,1,banded_sym_w6,three,all,11,132,persistent_chain
G3_Onmem_plus,1,banded_sym_w6,three,all,12,93,persistent_chain
G3_Onmem_plus,1,banded_sym_w6,three,all,13,82,persistent_chain
G3_Onmem_plus,1,banded_sym_w6,three,all,14,53,persistent_chain
G3_Onmem_plus,1,banded_sym_w6,three,all,15,35,persistent_chain
G3_Onmem_plus,1,banded_sym_w6,three,all,16,34,persistent_chain
G3_Onmem_plus,1,banded_sym_w6,three,all,17,31,persistent_chain
G3_Onmem_plus,1,banded_sym_w6,three,all,18,21,persistent_chain
G3_Onmem_plus,1,banded_sym_w6,three,all,19,12,persistent_chain
G3_Onmem_plus,1,banded_sym_w6,three,all,20,18,persistent_chain
G3_Onmem_plus,1,banded_sym_w6,three,all,21,23,persistent_chain
G3_Onmem_plus,1,banded_sym_w6,three,all,22,13,persistent_chain
G3_Onmem_plus,1,banded_sym_w6,three,all,23,11,persistent_chain
G3_Onmem_plus,1,banded_sym_w6,three,all,24,15,persistent_chain
G3_Onmem_plus,1,banded_sym_w6,three,all,25,7,persistent_chain
G3_Onmem_plus,1,banded_sym_w6,three,all,26,9,persistent_chain
G3_Onmem_plus,1,banded_sym_w6,three,all,27,6,persistent_chain
G3_Onmem_plus,1,banded_sym_w6,three,all,28,7,persistent_chain
G3_Onmem_plus,1,banded_sym_w6,three,all,29,1,persistent_chain
G3_Onmem_plus,1,banded_sym_w6,three,all,30,6,persistent_chain
G3_Onmem_plus,1,banded_sym_w6,three,all,31,8,persistent_chain
G3_Onmem_plus,1,banded_sym_w6,three,all,32,1,persistent_chain
G3_Onmem_plus,1,banded_sym_w6,three,all,33,4,persistent_chain
G3_Onmem_plus,1,banded_sym_w6,three,all,34,1,persistent_chain
G3_Onmem_plus,1,banded_sym_w6,three,all,35,2,persistent_chain
G3_Onmem_plus,1,banded_sym_w6,three,all,36,1,persistent_chain
G3_Onmem_plus,1,banded_sym_w6,three,all,37,4,persistent_chain
G3_Onmem_plus,1,banded_sym_w6,three,all,38,1,persistent_chain
G3_Onmem_plus,1,banded_sym_w6,three,all,39,1,persistent_chain
G3_Onmem_plus,1,banded_sym_w6,three,all,40,2,persistent_chain
G3_Onmem_plus,1,banded_sym_w6,three,all,43,1,persistent_chain
G3_Onmem_plus,1,banded_sym_w6,three,all,45,1,persistent_chain
G3_Onmem_plus,1,banded_sym_w6,three,all,46,2,persistent_chain
G3_Onmem_plus,1,banded_sym_w6,three,all,47,1,persistent_chain
G3_Onmem_plus,1,banded_sym_w6,three,all,48,1,persistent_chain
G3_Onmem_plus,1,banded_sym_w6,three,all,51,1,persistent_chain
G3_Onmem_plus,1,banded_sym_w6,three,all,52,1,persistent_chain
G3_Onmem_plus,1,banded_sym_w6,three,all,59,1,persistent_chain
G3_Onmem_plus,1,banded_sym_w6,three,all,72,1,persistent_chain
G3_Onmem_plus,1,banded_sym_w6,three,all,80,1,persistent_chain
G3_Onmem_plus,1,banded_sym_w6,three,all,152,1,persistent_chain
G3_Onmem_plus,1,banded_sym_w6,triplet,all,1,13129,persistent_chain
G3_Onmem_plus,1,banded_sym_w6,triplet,all,2,3873,persistent_chain
G3_Onmem_plus,1,banded_sym_w6,triplet,all,3,1671,persistent_chain
G3_Onmem_plus,1,banded_sym_w6,triplet,all,4,824,persistent_chain
G3_Onmem_plus,1,banded_sym_w6,triplet,all,5,474,persistent_chain
G3_Onmem_plus,1,banded_sym_w6,triplet,all,6,288,persistent_chain
G3_Onmem_plus,1,banded_sym_w6,triplet,all,7,167,persistent_chain
G3_Onmem_plus,1,banded_sym_w6,triplet,all,8,109,persistent_chain
G3_Onmem_plus,1,banded_sym_w6,triplet,all,9,76,persistent_chain
G3_Onmem_plus,1,banded_sym_w6,triplet,all,10,50,persistent_chain
G3_Onmem_plus,1,banded_sym_w6,triplet,all,11,44,persistent_chain
G3_Onmem_plus,1,banded_sym_w6,triplet,all,12,24,persistent_chain
G3_Onmem_plus,1,banded_sym_w6,triplet,all,13,20,persistent_chain
G3_Onmem_plus,1,banded_sym_w6,triplet,all,14,15,persistent_chain
G3_Onmem_plus,1,banded_sym_w6,triplet,all,15,15,persistent_chain
G3_Onmem_plus,1,banded_sym_w6,triplet,all,16,7,persistent_chain
G3_Onmem_plus,1,banded_sym_w6,triplet,all,17,6,persistent_chain
G3_Onmem_plus,1,banded_sym_w6,triplet,all,18,3,persistent_chain
G3_Onmem_plus,1,banded_sym_w6,triplet,all,19,1,persistent_chain
G3_Onmem_plus,1,banded_sym_w6,triplet,all,20,5,persistent_chain
G3_Onmem_plus,1,banded_sym_w6,triplet,all,21,1,persistent_chain
G3_Onmem_plus,1,banded_sym_w6,triplet,all,22,2,persistent_chain
G3_Onmem_plus,1,banded_sym_w6,triplet,all,23,2,persistent_chain
G3_Onmem_plus,1,banded_sym_w6,triplet,all,24,3,persistent_chain
G3_Onmem_plus,1,banded_sym_w6,triplet,all,25,4,persistent_chain
G3_Onmem_plus,1,banded_sym_w6,triplet,all,26,1,persistent_chain
G3_Onmem_plus,1,banded_sym_w6,triplet,all,27,3,persistent_chain
G3_Onmem_plus,1,banded_sym_w6,triplet,all,29,1,persistent_chain
G3_Onmem_plus,1,banded_sym_w6,triplet,all,31,1,persistent_chain
G3_Onmem_plus,1,banded_sym_w6,triplet,all,33,1,persistent_chain
G3_Onmem_plus,1,banded_sym_w6,triplet,all,37,1,persistent_chain
G3_Onmem_plus,1,banded_sym_w6,triplet,all,55,1,persistent_chain
G3_Onmem_plus,1,banded_sym_w8,one,all,1,23908,persistent_chain
G3_Onmem_plus,1,banded_sym_w8,one,all,2,9265,persistent_chain
G3_Onmem_plus,1,banded_sym_w8,one,all,3,5114,persistent_chain
G3_Onmem_plus,1,banded_sym_w8,one,all,4,3122,persistent_chain
G3_Onmem_plus,1,banded_sym_w8,one,all,5,2069,persistent_chain
G3_Onmem_plus,1,banded_sym_w8,one,all,6,1476,persistent_chain
G3_Onmem_plus,1,banded_sym_w8,one,all,7,1111,persistent_chain
G3_Onmem_plus,1,banded_sym_w8,one,all,8,836,persistent_chain
G3_Onmem_plus,1,banded_sym_w8,one,all,9,636,persistent_chain
G3_Onmem_plus,1,banded_sym_w8,one,all,10,508,persistent_chain
G3_Onmem_plus,1,banded_sym_w8,one,all,11,408,persistent_chain
G3_Onmem_plus,1,banded_sym_w8,one,all,12,323,persistent_chain
G3_Onmem_plus,1,banded_sym_w8,one,all,13,242,persistent_chain
G3_Onmem_plus,1,banded_sym_w8,one,all,14,231,persistent_chain
G3_Onmem_plus,1,banded_sym_w8,one,all,15,194,persistent_chain
G3_Onmem_plus,1,banded_sym_w8,one,all,16,152,persistent_chain
G3_Onmem_plus,1,banded_sym_w8,one,all,17,114,persistent_chain
G3_Onmem_plus,1,banded_sym_w8,one,all,18,116,persistent_chain
G3_Onmem_plus,1,banded_sym_w8,one,all,19,104,persistent_chain
G3_Onmem_plus,1,banded_sym_w8,one,all,20,87,persistent_chain
G3_Onmem_plus,1,banded_sym_w8,one,all,21,67,persistent_chain
G3_Onmem_plus,1,banded_sym_w8,one,all,22,63,persistent_chain
G3_Onmem_plus,1,banded_sym_w8,one,all,23,65,persistent_chain
G3_Onmem_plus,1,banded_sym_w8,one,all,24,39,persistent_chain
G3_Onmem_plus,1,banded_sym_w8,one,all,25,32,persistent_chain
G3_Onmem_plus,1,banded_sym_w8,one,all,26,40,persistent_chain
G3_Onmem_plus,1,banded_sym_w8,one,all,27,31,persistent_chain
G3_Onmem_plus,1,banded_sym_w8,one,all,28,38,persistent_chain
G3_Onmem_plus,1,banded_sym_w8,one,all,29,26,persistent_chain
G3_Onmem_plus,1,banded_sym_w8,one,all,30,30,persistent_chain
G3_Onmem_plus,1,banded_sym_w8,one,all,31,20,persistent_chain
G3_Onmem_plus,1,banded_sym_w8,one,all,32,14,persistent_chain
G3_Onmem_plus,1,banded_sym_w8,one,all,33,16,persistent_chain
G3_Onmem_plus,1,banded_sym_w8,one,all,34,20,persistent_chain
G3_Onmem_plus,1,banded_sym_w8,one,all,35,15,persistent_chain
G3_Onmem_plus,1,banded_sym_w8,one,all,36,14,persistent_chain
G3_Onmem_plus,1,banded_sym_w8,one,all,37,10,persistent_chain
G3_Onmem_plus,1,banded_sym_w8,one,all,38,17,persistent_chain
G3_Onmem_plus,1,banded_sym_w8,one,all,39,4,persistent_chain
G3_Onmem_plus,1,banded_sym_w8,one,all,40,9,persistent_chain
G3_Onmem_plus,1,banded_sym_w8,one,all,41,11,persistent_chain
G3_Onmem_plus,1,banded_sym_w8,one,all,42,8,persistent_chain
G3_Onmem_plus,1,banded_sym_w8,one,all,43,3,persistent_chain
G3_Onmem_plus,1,banded_sym_w8,one,all,44,5,persistent_chain
G3_Onmem_plus,1,banded_sym_w8,one,all,45,8,persistent_chain
G3_Onmem_plus,1,banded_sym_w8,one,all,46,7,persistent_chain
G3_Onmem_plus,1,banded_sym_w8,one,all,47,7,persistent_chain
G3_Onmem_plus,1,banded_sym_w8,one,all,48,3,persistent_chain
G3_Onmem_plus,1,banded_sym_w8,one,all,49,6,persistent_chain
G3_Onmem_plus,1,banded_sym_w8,one,all,50,11,persistent_chain
G3_Onmem_plus,1,banded_sym_w8,one,all,51,3,persistent_chain
G3_Onmem_plus,1,banded_sym_w8,one,all,52,4,persistent_chain
G3_Onmem_plus,1,banded_sym_w8,one,all,53,5,persistent_chain
G3_Onmem_plus,1,banded_sym_w8,one,all,54,1,persistent_chain
G3_Onmem_plus,1,banded_sym_w8,one,all,55,3,persistent_chain
G3_Onmem_plus,1,banded_sym_w8,one,all,56,3,persistent_chain
G3_Onmem_plus,1,banded_sym_w8,one,all,57,4,persistent_chain
G3_Onmem_plus,1,banded_sym_w8,one,all,58,3,persistent_chain
G3_Onmem_plus,1,banded_sym_w8,one,all,59,1,persistent_chain
G3_Onmem_plus,1,banded_sym_w8,one,all,61,3,persistent_chain
G3_Onmem_plus,1,banded_sym_w8,one,all,62,1,persistent_chain
G3_Onmem_plus,1,banded_sym_w8,one,all,63,4,persistent_chain
G3_Onmem_plus,1,banded_sym_w8,one,all,64,1,persistent_chain
G3_Onmem_plus,1,banded_sym_w8,one,all,65,2,persistent_chain
G3_Onmem_plus,1,banded_sym_w8,one,all,66,3,persistent_chain
G3_Onmem_plus,1,banded_sym_w8,one,all,70,3,persistent_chain
G3_Onmem_plus,1,banded_sym_w8,one,all,72,2,persistent_chain
G3_Onmem_plus,1,banded_sym_w8,one,all,74,3,persistent_chain
G3_Onmem_plus,1,banded_sym_w8,one,all,79,1,persistent_chain
G3_Onmem_plus,1,banded_sym_w8,one,all,80,1,persistent_chain
G3_Onmem_plus,1,banded_sym_w8,one,all,81,1,persistent_chain
G3_Onmem_plus,1,banded_sym_w8,one,all,82,2,persistent_chain
G3_Onmem_plus,1,banded_sym_w8,one,all,83,3,persistent_chain
G3_Onmem_plus,1,banded_sym_w8,one,all,86,2,persistent_chain
G3_Onmem_plus,1,banded_sym_w8,one,all,91,1,persistent_chain
G3_Onmem_plus,1,banded_sym_w8,one,all,97,1,persistent_chain
G3_Onmem_plus,1,banded_sym_w8,one,all,98,1,persistent_chain
G3_Onmem_plus,1,banded_sym_w8,one,all,99,1,persistent_chain
G3_Onmem_plus,1,banded_sym_w8,one,all,100,1,persistent_chain
G3_Onmem_plus,1,banded_sym_w8,one,all,117,1,persistent_chain
G3_Onmem_plus,1,banded_sym_w8,one,all,118,1,persistent_chain
G3_Onmem_plus,1,banded_sym_w8,one,all,120,1,persistent_chain
G3_Onmem_plus,1,banded_sym_w8,one,all,124,2,persistent_chain
G3_Onmem_plus,1,banded_sym_w8,one,all,145,1,persistent_chain
G3_Onmem_plus,1,banded_sym_w8,one,all,260,1,persistent_chain
G3_Onmem_plus,1,banded_sym_w8,three,all,1,19812,persistent_chain
G3_Onmem_plus,1,banded_sym_w8,three,all,2,7406,persistent_chain
G3_Onmem_plus,1,banded_sym_w8,three,all,3,3521,persistent_chain
G3_Onmem_plus,1,banded_sym_w8,three,all,4,2008,persistent_chain
G3_Onmem_plus,1,banded_sym_w8,three,all,5,1212,persistent_chain
G3_Onmem_plus,1,banded_sym_w8,three,all,6,855,persistent_chain
G3_Onmem_plus,1,banded_sym_w8,three,all,7,576,persistent_chain
G3_Onmem_plus,1,banded_sym_w8,three,all,8,437,persistent_chain
G3_Onmem_plus,1,banded_sym_w8,three,all,9,337,persistent_chain
G3_Onmem_plus,1,banded_sym_w8,three,all,10,250,persistent_chain
G3_Onmem_plus,1,banded_sym_w8,three,all,11,167,persistent_chain
G3_Onmem_plus,1,banded_sym_w8,three,all,12,135,persistent_chain
G3_Onmem_plus,1,banded_sym_w8,three,all,13,96,persistent_chain
G3_Onmem_plus,1,banded_sym_w8,three,all,14,85,persistent_chain
G3_Onmem_plus,1,banded_sym_w8,three,all,15,69,persistent_chain
G3_Onmem_plus,1,banded_sym_w8,three,all,16,48,persistent_chain
G3_Onmem_plus,1,banded_sym_w8,three,all,17,52,persistent_chain
G3_Onmem_plus,1,banded_sym_w8,three,all,18,37,persistent_chain
G3_Onmem_plus,1,banded_sym_w8,three,all,19,23,persistent_chain
G3_Onmem_plus,1,banded_sym_w8,three,all,20,28,persistent_chain
G3_Onmem_plus,1,banded_sym_w8,three,all,21,18,persistent_chain
G3_Onmem_plus,1,banded_sym_w8,three,all,22,22,persistent_chain
G3_Onmem_plus,1,banded_sym_w8,three,all,23,14,persistent_chain
G3_Onmem_plus,1,banded_sym_w8,three,all,24,17,persistent_chain
G3_Onmem_plus,1,banded_sym_w8,three,all,25,14,persistent_chain
G3_Onmem_plus,1,banded_sym_w8,three,all,26,9,persistent_chain
G3_Onmem_plus,1,banded_sym_w8,three,all,27,9,persistent_chain
G3_Onmem_plus,1,banded_sym_w8,three,all,28,9,persistent_chain
G3_Onmem_plus,1,banded_sym_w8,three,all,29,5,persistent_chain
G3_Onmem_plus,1,banded_sym_w8,three,all,30,5,persistent_chain
G3_Onmem_plus,1,banded_sym_w8,three,all,31,9,persistent_chain
G3_Onmem_plus,1,banded_sym_w8,three,all,32,5,persistent_chain
G3_Onmem_plus,1,banded_sym_w8,three,all,33,7,persistent_chain
G3_Onmem_plus,1,banded_sym_w8,three,all,34,5,persistent_chain
G3_Onmem_plus,1,banded_sym_w8,three,all,35,4,persistent_chain
G3_Onmem_plus,1,banded_sym_w8,three,all,36,3,persistent_chain
G3_Onmem_plus,1,banded_sym_w8,three,all,37,4,persistent_chain
G3_Onmem_plus,1,banded_sym_w8,three,all,38,5,persistent_chain
G3_Onmem_plus,1,banded_sym_w8,three,all,39,1,persistent_chain
G3_Onmem_plus,1,banded_sym_w8,three,all,40,1,persistent_chain
G3_Onmem_plus,1,banded_sym_w8,three,all,43,1,persistent_chain
G3_Onmem_plus,1,banded_sym_w8,three,all,44,1,persistent_chain
G3_Onmem_plus,1,banded_sym_w8,three,all,46,1,persistent_chain
G3_Onmem_plus,1,banded_sym_w8,three,all,47,2,persistent_chain
G3_Onmem_plus,1,banded_sym_w8,three,all,48,1,persistent_chain
G3_Onmem_plus,1,banded_sym_w8,three,all,50,1,persistent_chain
G3_Onmem_plus,1,banded_sym_w8,three,all,52,2,persistent_chain
G3_Onmem_plus,1,banded_sym_w8,three,all,54,1,persistent_chain
G3_Onmem_plus,1,banded_sym_w8,three,all,56,2,persistent_chain
G3_Onmem_plus,1,banded_sym_w8,three,all,63,1,persistent_chain
G3_Onmem_plus,1,banded_sym_w8,three,all,69,1,persistent_chain
G3_Onmem_plus,1,banded_sym_w8,three,all,70,1,persistent_chain
G3_Onmem_plus,1,banded_sym_w8,three,all,72,1,persistent_chain
G3_Onmem_plus,1,banded_sym_w8,three,all,74,1,persistent_chain
G3_Onmem_plus,1,banded_sym_w8,three,all,77,1,persistent_chain
G3_Onmem_plus,1,banded_sym_w8,three,all,79,1,persistent_chain
G3_Onmem_plus,1,banded_sym_w8,three,all,80,1,persistent_chain
G3_Onmem_plus,1,banded_sym_w8,three,all,102,1,persistent_chain
G3_Onmem_plus,1,banded_sym_w8,three,all,165,1,persistent_chain
G3_Onmem_plus,1,banded_sym_w8,triplet,all,1,15662,persistent_chain
G3_Onmem_plus,1,banded_sym_w8,triplet,all,2,4680,persistent_chain
G3_Onmem_plus,1,banded_sym_w8,triplet,all,3,2047,persistent_chain
G3_Onmem_plus,1,banded_sym_w8,triplet,all,4,1056,persistent_chain
G3_Onmem_plus,1,banded_sym_w8,triplet,all,5,569,persistent_chain
G3_Onmem_plus,1,banded_sym_w8,triplet,all,6,372,persistent_chain
G3_Onmem_plus,1,banded_sym_w8,triplet,all,7,237,persistent_chain
G3_Onmem_plus,1,banded_sym_w8,triplet,all,8,136,persistent_chain
G3_Onmem_plus,1,banded_sym_w8,triplet,all,9,98,persistent_chain
G3_Onmem_plus,1,banded_sym_w8,triplet,all,10,69,persistent_chain
G3_Onmem_plus,1,banded_sym_w8,triplet,all,11,58,persistent_chain
G3_Onmem_plus,1,banded_sym_w8,triplet,all,12,39,persistent_chain
G3_Onmem_plus,1,banded_sym_w8,triplet,all,13,30,persistent_chain
G3_Onmem_plus,1,banded_sym_w8,triplet,all,14,16,persistent_chain
G3_Onmem_plus,1,banded_sym_w8,triplet,all,15,13,persistent_chain
G3_Onmem_plus,1,banded_sym_w8,triplet,all,16,7,persistent_chain
G3_Onmem_plus,1,banded_sym_w8,triplet,all,17,12,persistent_chain
G3_Onmem_plus,1,banded_sym_w8,triplet,all,18,6,persistent_chain
G3_Onmem_plus,1,banded_sym_w8,triplet,all,19,2,persistent_chain
G3_Onmem_plus,1,banded_sym_w8,triplet,all,20,8,persistent_chain
G3_Onmem_plus,1,banded_sym_w8,triplet,all,22,2,persistent_chain
G3_Onmem_plus,1,banded_sym_w8,triplet,all,23,1,persistent_chain
G3_Onmem_plus,1,banded_sym_w8,triplet,all,24,2,persistent_chain
G3_Onmem_plus,1,banded_sym_w8,triplet,all,25,6,persistent_chain
G3_Onmem_plus,1,banded_sym_w8,triplet,all,26,2,persistent_chain
G3_Onmem_plus,1,banded_sym_w8,triplet,all,27,3,persistent_chain
G3_Onmem_plus,1,banded_sym_w8,triplet,all,28,2,persistent_chain
G3_Onmem_plus,1,banded_sym_w8,triplet,all,29,1,persistent_chain
G3_Onmem_plus,1,banded_sym_w8,triplet,all,31,2,persistent_chain
G3_Onmem_plus,1,banded_sym_w8,triplet,all,33,1,persistent_chain
G3_Onmem_plus,1,banded_sym_w8,triplet,all,34,1,persistent_chain
G3_Onmem_plus,1,banded_sym_w8,triplet,all,37,1,persistent_chain
G3_Onmem_plus,1,banded_sym_w8,triplet,all,39,1,persistent_chain
G3_Onmem_plus,1,banded_sym_w8,triplet,all,44,1,persistent_chain
G3_Onmem_plus,1,banded_sym_w8,triplet,all,56,1,persistent_chain
G3_Onmem_plus,1,banded_sym_w10,one,all,1,25769,persistent_chain
G3_Onmem_plus,1,banded_sym_w10,one,all,2,10088,persistent_chain
G3_Onmem_plus,1,banded_sym_w10,one,all,3,5621,persistent_chain
G3_Onmem_plus,1,banded_sym_w10,one,all,4,3435,persistent_chain
G3_Onmem_plus,1,banded_sym_w10,one,all,5,2329,persistent_chain
G3_Onmem_plus,1,banded_sym_w10,one,all,6,1654,persistent_chain
G3_Onmem_plus,1,banded_sym_w10,one,all,7,1182,persistent_chain
G3_Onmem_plus,1,banded_sym_w10,one,all,8,932,persistent_chain
G3_Onmem_plus,1,banded_sym_w10,one,all,9,749,persistent_chain
G3_Onmem_plus,1,banded_sym_w10,one,all,10,578,persistent_chain
G3_Onmem_plus,1,banded_sym_w10,one,all,11,471,persistent_chain
G3_Onmem_plus,1,banded_sym_w10,one,all,12,388,persistent_chain
G3_Onmem_plus,1,banded_sym_w10,one,all,13,294,persistent_chain
G3_Onmem_plus,1,banded_sym_w10,one,all,14,257,persistent_chain
G3_Onmem_plus,1,banded_sym_w10,one,all,15,237,persistent_chain
G3_Onmem_plus,1,banded_sym_w10,one,all,16,177,persistent_chain
G3_Onmem_plus,1,banded_sym_w10,one,all,17,148,persistent_chain
G3_Onmem_plus,1,banded_sym_w10,one,all,18,126,persistent_chain
G3_Onmem_plus,1,banded_sym_w10,one,all,19,131,persistent_chain
G3_Onmem_plus,1,banded_sym_w10,one,all,20,109,persistent_chain
G3_Onmem_plus,1,banded_sym_w10,one,all,21,84,persistent_chain
G3_Onmem_plus,1,banded_sym_w10,one,all,22,72,persistent_chain
G3_Onmem_plus,1,banded_sym_w10,one,all,23,85,persistent_chain
G3_Onmem_plus,1,banded_sym_w10,one,all,24,50,persistent_chain
G3_Onmem_plus,1,banded_sym_w10,one,all,25,38,persistent_chain
G3_Onmem_plus,1,banded_sym_w10,one,all,26,41,persistent_chain
G3_Onmem_plus,1,banded_sym_w10,one,all,27,44,persistent_chain
G3_Onmem_plus,1,banded_sym_w10,one,all,28,49,persistent_chain
G3_Onmem_plus,1,banded_sym_w10,one,all,29,26,persistent_chain
G3_Onmem_plus,1,banded_sym_w10,one,all,30,31,persistent_chain
G3_Onmem_plus,1,banded_sym_w10,one,all,31,24,persistent_chain
G3_Onmem_plus,1,banded_sym_w10,one,all,32,21,persistent_chain
G3_Onmem_plus,1,banded_sym_w10,one,all,33,21,persistent_chain
G3_Onmem_plus,1,banded_sym_w10,one,all,34,27,persistent_chain
G3_Onmem_plus,1,banded_sym_w10,one,all,35,15,persistent_chain
G3_Onmem_plus,1,banded_sym_w10,one,all,36,20,persistent_chain
G3_Onmem_plus,1,banded_sym_w10,one,all,37,13,persistent_chain
G3_Onmem_plus,1,banded_sym_w10,one,all,38,21,persistent_chain
G3_Onmem_plus,1,banded_sym_w10,one,all,39,6,persistent_chain
G3_Onmem_plus,1,banded_sym_w10,one,all,40,13,persistent_chain
G3_Onmem_plus,1,banded_sym_w10,one,all,41,12,persistent_chain
G3_Onmem_plus,1,banded_sym_w10,one,all,42,11,persistent_chain
G3_Onmem_plus,1,banded_sym_w10,one,all,43,4,persistent_chain
G3_Onmem_plus,1,banded_sym_w10,one,all,44,8,persistent_chain
G3_Onmem_plus,1,banded_sym_w10,one,all,45,6,persistent_chain
G3_Onmem_plus,1,banded_sym_w10,one,all,46,8,persistent_chain
G3_Onmem_plus,1,banded_sym_w10,one,all,47,8,persistent_chain
G3_Onmem_plus,1,banded_sym_w10,one,all,48,8,persistent_chain
G3_Onmem_plus,1,banded_sym_w10,one,all,49,8,persistent_chain
G3_Onmem_plus,1,banded_sym_w10,one,all,50,9,persistent_chain
G3_Onmem_plus,1,banded_sym_w10,one,all,51,4,persistent_chain
G3_Onmem_plus,1,banded_sym_w10,one,all,52,6,persistent_chain
G3_Onmem_plus,1,banded_sym_w10,one,all,53,5,persistent_chain
G3_Onmem_plus,1,banded_sym_w10,one,all,54,4,persistent_chain
G3_Onmem_plus,1,banded_sym_w10,one,all,55,2,persistent_chain
G3_Onmem_plus,1,banded_sym_w10,one,all,56,4,persistent_chain
G3_Onmem_plus,1,banded_sym_w10,one,all,57,6,persistent_chain
G3_Onmem_plus,1,banded_sym_w10,one,all,58,2,persistent_chain
G3_Onmem_plus,1,banded_sym_w10,one,all,59,3,persistent_chain
G3_Onmem_plus,1,banded_sym_w10,one,all,61,3,persistent_chain
G3_Onmem_plus,1,banded_sym_w10,one,all,62,3,persistent_chain
G3_Onmem_plus,1,banded_sym_w10,one,all,63,4,persistent_chain
G3_Onmem_plus,1,banded_sym_w10,one,all,64,4,persistent_chain
G3_Onmem_plus,1,banded_sym_w10,one,all,65,3,persistent_chain
G3_Onmem_plus,1,banded_sym_w10,one,all,66,2,persistent_chain
G3_Onmem_plus,1,banded_sym_w10,one,all,68,1,persistent_chain
G3_Onmem_plus,1,banded_sym_w10,one,all,69,1,persistent_chain
G3_Onmem_plus,1,banded_sym_w10,one,all,70,3,persistent_chain
G3_Onmem_plus,1,banded_sym_w10,one,all,71,1,persistent_chain
G3_Onmem_plus,1,banded_sym_w10,one,all,72,1,persistent_chain
G3_Onmem_plus,1,banded_sym_w10,one,all,73,1,persistent_chain
G3_Onmem_plus,1,banded_sym_w10,one,all,74,4,persistent_chain
G3_Onmem_plus,1,banded_sym_w10,one,all,75,1,persistent_chain
G3_Onmem_plus,1,banded_sym_w10,one,all,76,2,persistent_chain
G3_Onmem_plus,1,banded_sym_w10,one,all,77,1,persistent_chain
G3_Onmem_plus,1,banded_sym_w10,one,all,79,1,persistent_chain
G3_Onmem_plus,1,banded_sym_w10,one,all,80,1,persistent_chain
G3_Onmem_plus,1,banded_sym_w10,one,all,82,1,persistent_chain
G3_Onmem_plus,1,banded_sym_w10,one,all,83,1,persistent_chain
G3_Onmem_plus,1,banded_sym_w10,one,all,86,1,persistent_chain
G3_Onmem_plus,1,banded_sym_w10,one,all,90,1,persistent_chain
G3_Onmem_plus,1,banded_sym_w10,one,all,91,1,persistent_chain
G3_Onmem_plus,1,banded_sym_w10,one,all,92,1,persistent_chain
G3_Onmem_plus,1,banded_sym_w10,one,all,95,1,persistent_chain
G3_Onmem_plus,1,banded_sym_w10,one,all,99,1,persistent_chain
G3_Onmem_plus,1,banded_sym_w10,one,all,104,4,persistent_chain
G3_Onmem_plus,1,banded_sym_w10,one,all,106,1,persistent_chain
G3_Onmem_plus,1,banded_sym_w10,one,all,108,1,persistent_chain
G3_Onmem_plus,1,banded_sym_w10,one,all,113,2,persistent_chain
G3_Onmem_plus,1,banded_sym_w10,one,all,117,1,persistent_chain
G3_Onmem_plus,1,banded_sym_w10,one,all,118,1,persistent_chain
G3_Onmem_plus,1,banded_sym_w10,one,all,120,1,persistent_chain
G3_Onmem_plus,1,banded_sym_w10,one,all,128,1,persistent_chain
G3_Onmem_plus,1,banded_sym_w10,one,all,143,1,persistent_chain
G3_Onmem_plus,1,banded_sym_w10,one,all,158,1,persistent_chain
G3_Onmem_plus,1,banded_sym_w10,one,all,260,1,persistent_chain
G3_Onmem_plus,1,banded_sym_w10,one,all,271,1,persistent_chain
G3_Onmem_plus,1,banded_sym_w10,three,all,1,21891,persistent_chain
G3_Onmem_plus,1,banded_sym_w10,three,all,2,8259,persistent_chain
G3_Onmem_plus,1,banded_sym_w10,three,all,3,4072,persistent_chain
G3_Onmem_plus,1,banded_sym_w10,three,all,4,2357,persistent_chain
G3_Onmem_plus,1,banded_sym_w10,three,all,5,1444,persistent_chain
G3_Onmem_plus,1,banded_sym_w10,three,all,6,993,persistent_chain
G3_Onmem_plus,1,banded_sym_w10,three,all,7,701,persistent_chain
G3_Onmem_plus,1,banded_sym_w10,three,all,8,528,persistent_chain
G3_Onmem_plus,1,banded_sym_w10,three,all,9,392,persistent_chain
G3_Onmem_plus,1,banded_sym_w10,three,all,10,299,persistent_chain
G3_Onmem_plus,1,banded_sym_w10,three,all,11,209,persistent_chain
G3_Onmem_plus,1,banded_sym_w10,three,all,12,180,persistent_chain
G3_Onmem_plus,1,banded_sym_w10,three,all,13,134,persistent_chain
G3_Onmem_plus,1,banded_sym_w10,three,all,14,110,persistent_chain
G3_Onmem_plus,1,banded_sym_w10,three,all,15,84,persistent_chain
G3_Onmem_plus,1,banded_sym_w10,three,all,16,59,persistent_chain
G3_Onmem_plus,1,banded_sym_w10,three,all,17,57,persistent_chain
G3_Onmem_plus,1,banded_sym_w10,three,all,18,44,persistent_chain
G3_Onmem_plus,1,banded_sym_w10,three,all,19,31,persistent_chain
G3_Onmem_plus,1,banded_sym_w10,three,all,20,37,persistent_chain
G3_Onmem_plus,1,banded_sym_w10,three,all,21,25,persistent_chain
G3_Onmem_plus,1,banded_sym_w10,three,all,22,25,persistent_chain
G3_Onmem_plus,1,banded_sym_w10,three,all,23,22,persistent_chain
G3_Onmem_plus,1,banded_sym_w10,three,all,24,24,persistent_chain
G3_Onmem_plus,1,banded_sym_w10,three,all,25,12,persistent_chain
G3_Onmem_plus,1,banded_sym_w10,three,all,26,11,persistent_chain
G3_Onmem_plus,1,banded_sym_w10,three,all,27,18,persistent_chain
G3_Onmem_plus,1,banded_sym_w10,three,all,28,15,persistent_chain
G3_Onmem_plus,1,banded_sym_w10,three,all,29,5,persistent_chain
G3_Onmem_plus,1,banded_sym_w10,three,all,30,11,persistent_chain
G3_Onmem_plus,1,banded_sym_w10,three,all,31,8,persistent_chain
G3_Onmem_plus,1,banded_sym_w10,three,all,32,5,persistent_chain
G3_Onmem_plus,1,banded_sym_w10,three,all,33,8,persistent_chain
G3_Onmem_plus,1,banded_sym_w10,three,all,34,3,persistent_chain
G3_Onmem_plus,1,banded_sym_w10,three,all,35,4,persistent_chain
G3_Onmem_plus,1,banded_sym_w10,three,all,36,2,persistent_chain
G3_Onmem_plus,1,banded_sym_w10,three,all,37,6,persistent_chain
G3_Onmem_plus,1,banded_sym_w10,three,all,38,6,persistent_chain
G3_Onmem_plus,1,banded_sym_w10,three,all,39,4,persistent_chain
G3_Onmem_plus,1,banded_sym_w10,three,all,41,6,persistent_chain
G3_Onmem_plus,1,banded_sym_w10,three,all,42,1,persistent_chain
G3_Onmem_plus,1,banded_sym_w10,three,all,46,3,persistent_chain
G3_Onmem_plus,1,banded_sym_w10,three,all,47,3,persistent_chain
G3_Onmem_plus,1,banded_sym_w10,three,all,49,2,persistent_chain
G3_Onmem_plus,1,banded_sym_w10,three,all,51,1,persistent_chain
G3_Onmem_plus,1,banded_sym_w10,three,all,52,2,persistent_chain
G3_Onmem_plus,1,banded_sym_w10,three,all,53,1,persistent_chain
G3_Onmem_plus,1,banded_sym_w10,three,all,56,2,persistent_chain
G3_Onmem_plus,1,banded_sym_w10,three,all,57,1,persistent_chain
G3_Onmem_plus,1,banded_sym_w10,three,all,58,1,persistent_chain
G3_Onmem_plus,1,banded_sym_w10,three,all,63,1,persistent_chain
G3_Onmem_plus,1,banded_sym_w10,three,all,71,1,persistent_chain
G3_Onmem_plus,1,banded_sym_w10,three,all,72,1,persistent_chain
G3_Onmem_plus,1,banded_sym_w10,three,all,74,1,persistent_chain
G3_Onmem_plus,1,banded_sym_w10,three,all,84,1,persistent_chain
G3_Onmem_plus,1,banded_sym_w10,three,all,85,1,persistent_chain
G3_Onmem_plus,1,banded_sym_w10,three,all,88,1,persistent_chain
G3_Onmem_plus,1,banded_sym_w10,three,all,102,1,persistent_chain
G3_Onmem_plus,1,banded_sym_w10,three,all,107,1,persistent_chain
G3_Onmem_plus,1,banded_sym_w10,three,all,122,1,persistent_chain
G3_Onmem_plus,1,banded_sym_w10,three,all,165,1,persistent_chain
G3_Onmem_plus,1,banded_sym_w10,triplet,all,1,17797,persistent_chain
G3_Onmem_plus,1,banded_sym_w10,triplet,all,2,5389,persistent_chain
G3_Onmem_plus,1,banded_sym_w10,triplet,all,3,2454,persistent_chain
G3_Onmem_plus,1,banded_sym_w10,triplet,all,4,1238,persistent_chain
G3_Onmem_plus,1,banded_sym_w10,triplet,all,5,662,persistent_chain
G3_Onmem_plus,1,banded_sym_w10,triplet,all,6,438,persistent_chain
G3_Onmem_plus,1,banded_sym_w10,triplet,all,7,290,persistent_chain
G3_Onmem_plus,1,banded_sym_w10,triplet,all,8,184,persistent_chain
G3_Onmem_plus,1,banded_sym_w10,triplet,all,9,120,persistent_chain
G3_Onmem_plus,1,banded_sym_w10,triplet,all,10,87,persistent_chain
G3_Onmem_plus,1,banded_sym_w10,triplet,all,11,59,persistent_chain
G3_Onmem_plus,1,banded_sym_w10,triplet,all,12,49,persistent_chain
G3_Onmem_plus,1,banded_sym_w10,triplet,all,13,33,persistent_chain
G3_Onmem_plus,1,banded_sym_w10,triplet,all,14,19,persistent_chain
G3_Onmem_plus,1,banded_sym_w10,triplet,all,15,16,persistent_chain
G3_Onmem_plus,1,banded_sym_w10,triplet,all,16,8,persistent_chain
G3_Onmem_plus,1,banded_sym_w10,triplet,all,17,12,persistent_chain
G3_Onmem_plus,1,banded_sym_w10,triplet,all,18,7,persistent_chain
G3_Onmem_plus,1,banded_sym_w10,triplet,all,19,2,persistent_chain
G3_Onmem_plus,1,banded_sym_w10,triplet,all,20,7,persistent_chain
G3_Onmem_plus,1,banded_sym_w10,triplet,all,21,1,persistent_chain
G3_Onmem_plus,1,banded_sym_w10,triplet,all,22,5,persistent_chain
G3_Onmem_plus,1,banded_sym_w10,triplet,all,23,3,persistent_chain
G3_Onmem_plus,1,banded_sym_w10,triplet,all,24,2,persistent_chain
G3_Onmem_plus,1,banded_sym_w10,triplet,all,25,6,persistent_chain
G3_Onmem_plus,1,banded_sym_w10,triplet,all,26,3,persistent_chain
G3_Onmem_plus,1,banded_sym_w10,triplet,all,27,3,persistent_chain
G3_Onmem_plus,1,banded_sym_w10,triplet,all,28,1,persistent_chain
G3_Onmem_plus,1,banded_sym_w10,triplet,all,29,2,persistent_chain
G3_Onmem_plus,1,banded_sym_w10,triplet,all,30,1,persistent_chain
G3_Onmem_plus,1,banded_sym_w10,triplet,all,31,3,persistent_chain
G3_Onmem_plus,1,banded_sym_w10,triplet,all,33,1,persistent_chain
G3_Onmem_plus,1,banded_sym_w10,triplet,all,34,1,persistent_chain
G3_Onmem_plus,1,banded_sym_w10,triplet,all,37,2,persistent_chain
G3_Onmem_plus,1,banded_sym_w10,triplet,all,39,1,persistent_chain
G3_Onmem_plus,1,banded_sym_w10,triplet,all,44,1,persistent_chain
G3_Onmem_plus,1,banded_sym_w10,triplet,all,61,1,persistent_chain
G3_Onmem_plus,1,banded_anti_w4,one,all,1,19349,persistent_chain
G3_Onmem_plus,1,banded_anti_w4,one,all,2,7158,persistent_chain
G3_Onmem_plus,1,banded_anti_w4,one,all,3,3720,persistent_chain
G3_Onmem_plus,1,banded_anti_w4,one,all,4,2172,persistent_chain
G3_Onmem_plus,1,banded_anti_w4,one,all,5,1307,persistent_chain
G3_Onmem_plus,1,banded_anti_w4,one,all,6,937,persistent_chain
G3_Onmem_plus,1,banded_anti_w4,one,all,7,633,persistent_chain
G3_Onmem_plus,1,banded_anti_w4,one,all,8,441,persistent_chain
G3_Onmem_plus,1,banded_anti_w4,one,all,9,342,persistent_chain
G3_Onmem_plus,1,banded_anti_w4,one,all,10,232,persistent_chain
G3_Onmem_plus,1,banded_anti_w4,one,all,11,208,persistent_chain
G3_Onmem_plus,1,banded_anti_w4,one,all,12,154,persistent_chain
G3_Onmem_plus,1,banded_anti_w4,one,all,13,111,persistent_chain
G3_Onmem_plus,1,banded_anti_w4,one,all,14,105,persistent_chain
G3_Onmem_plus,1,banded_anti_w4,one,all,15,78,persistent_chain
G3_Onmem_plus,1,banded_anti_w4,one,all,16,63,persistent_chain
G3_Onmem_plus,1,banded_anti_w4,one,all,17,46,persistent_chain
G3_Onmem_plus,1,banded_anti_w4,one,all,18,43,persistent_chain
G3_Onmem_plus,1,banded_anti_w4,one,all,19,37,persistent_chain
G3_Onmem_plus,1,banded_anti_w4,one,all,20,31,persistent_chain
G3_Onmem_plus,1,banded_anti_w4,one,all,21,28,persistent_chain
G3_Onmem_plus,1,banded_anti_w4,one,all,22,24,persistent_chain
G3_Onmem_plus,1,banded_anti_w4,one,all,23,18,persistent_chain
G3_Onmem_plus,1,banded_anti_w4,one,all,24,23,persistent_chain
G3_Onmem_plus,1,banded_anti_w4,one,all,25,12,persistent_chain
G3_Onmem_plus,1,banded_anti_w4,one,all,26,8,persistent_chain
G3_Onmem_plus,1,banded_anti_w4,one,all,27,10,persistent_chain
G3_Onmem_plus,1,banded_anti_w4,one,all,28,13,persistent_chain
G3_Onmem_plus,1,banded_anti_w4,one,all,29,11,persistent_chain
G3_Onmem_plus,1,banded_anti_w4,one,all,30,8,persistent_chain
G3_Onmem_plus,1,banded_anti_w4,one,all,31,5,persistent_chain
G3_Onmem_plus,1,banded_anti_w4,one,all,32,7,persistent_chain
G3_Onmem_plus,1,banded_anti_w4,one,all,33,5,persistent_chain
G3_Onmem_plus,1,banded_anti_w4,one,all,34,5,persistent_chain
G3_Onmem_plus,1,banded_anti_w4,one,all,35,6,persistent_chain
G3_Onmem_plus,1,banded_anti_w4,one,all,36,3,persistent_chain
G3_Onmem_plus,1,banded_anti_w4,one,all,37,1,persistent_chain
G3_Onmem_plus,1,banded_anti_w4,one,all,38,4,persistent_chain
G3_Onmem_plus,1,banded_anti_w4,one,all,39,3,persistent_chain
G3_Onmem_plus,1,banded_anti_w4,one,all,40,4,persistent_chain
G3_Onmem_plus,1,banded_anti_w4,one,all,41,3,persistent_chain
G3_Onmem_plus,1,banded_anti_w4,one,all,43,1,persistent_chain
G3_Onmem_plus,1,banded_anti_w4,one,all,44,1,persistent_chain
G3_Onmem_plus,1,banded_anti_w4,one,all,45,2,persistent_chain
G3_Onmem_plus,1,banded_anti_w4,one,all,46,3,persistent_chain
G3_Onmem_plus,1,banded_anti_w4,one,all,49,3,persistent_chain
G3_Onmem_plus,1,banded_anti_w4,one,all,50,3,persistent_chain
G3_Onmem_plus,1,banded_anti_w4,one,all,54,1,persistent_chain
G3_Onmem_plus,1,banded_anti_w4,one,all,58,2,persistent_chain
G3_Onmem_plus,1,banded_anti_w4,one,all,59,1,persistent_chain
G3_Onmem_plus,1,banded_anti_w4,one,all,69,1,persistent_chain
G3_Onmem_plus,1,banded_anti_w4,one,all,79,1,persistent_chain
G3_Onmem_plus,1,banded_anti_w4,one,all,105,1,persistent_chain
G3_Onmem_plus,1,banded_anti_w4,three,all,1,13391,persistent_chain
G3_Onmem_plus,1,banded_anti_w4,three,all,2,4466,persistent_chain
G3_Onmem_plus,1,banded_anti_w4,three,all,3,1954,persistent_chain
G3_Onmem_plus,1,banded_anti_w4,three,all,4,995,persistent_chain
G3_Onmem_plus,1,banded_anti_w4,three,all,5,635,persistent_chain
G3_Onmem_plus,1,banded_anti_w4,three,all,6,378,persistent_chain
G3_Onmem_plus,1,banded_anti_w4,three,all,7,241,persistent_chain
G3_Onmem_plus,1,banded_anti_w4,three,all,8,155,persistent_chain
G3_Onmem_plus,1,banded_anti_w4,three,all,9,121,persistent_chain
G3_Onmem_plus,1,banded_anti_w4,three,all,10,78,persistent_chain
G3_Onmem_plus,1,banded_anti_w4,three,all,11,62,persistent_chain
G3_Onmem_plus,1,banded_anti_w4,three,all,12,35,persistent_chain
G3_Onmem_plus,1,banded_anti_w4,three,all,13,40,persistent_chain
G3_Onmem_plus,1,banded_anti_w4,three,all,14,20,persistent_chain
G3_Onmem_plus,1,banded_anti_w4,three,all,15,31,persistent_chain
G3_Onmem_plus,1,banded_anti_w4,three,all,16,13,persistent_chain
G3_Onmem_plus,1,banded_anti_w4,three,all,17,11,persistent_chain
G3_Onmem_plus,1,banded_anti_w4,three,all,18,7,persistent_chain
G3_Onmem_plus,1,banded_anti_w4,three,all,19,7,persistent_chain
G3_Onmem_plus,1,banded_anti_w4,three,all,20,5,persistent_chain
G3_Onmem_plus,1,banded_anti_w4,three,all,21,3,persistent_chain
G3_Onmem_plus,1,banded_anti_w4,three,all,22,3,persistent_chain
G3_Onmem_plus,1,banded_anti_w4,three,all,23,5,persistent_chain
G3_Onmem_plus,1,banded_anti_w4,three,all,24,3,persistent_chain
G3_Onmem_plus,1,banded_anti_w4,three,all,25,4,persistent_chain
G3_Onmem_plus,1,banded_anti_w4,three,all,26,3,persistent_chain
G3_Onmem_plus,1,banded_anti_w4,three,all,27,3,persistent_chain
G3_Onmem_plus,1,banded_anti_w4,three,all,28,1,persistent_chain
G3_Onmem_plus,1,banded_anti_w4,three,all,29,1,persistent_chain
G3_Onmem_plus,1,banded_anti_w4,three,all,30,2,persistent_chain
G3_Onmem_plus,1,banded_anti_w4,three,all,32,1,persistent_chain
G3_Onmem_plus,1,banded_anti_w4,three,all,33,1,persistent_chain
G3_Onmem_plus,1,banded_anti_w4,three,all,34,2,persistent_chain
G3_Onmem_plus,1,banded_anti_w4,three,all,37,1,persistent_chain
G3_Onmem_plus,1,banded_anti_w4,three,all,41,1,persistent_chain
G3_Onmem_plus,1,banded_anti_w4,three,all,43,1,persistent_chain
G3_Onmem_plus,1,banded_anti_w4,three,all,50,1,persistent_chain
G3_Onmem_plus,1,banded_anti_w4,triplet,all,1,9270,persistent_chain
G3_Onmem_plus,1,banded_anti_w4,triplet,all,2,2544,persistent_chain
G3_Onmem_plus,1,banded_anti_w4,triplet,all,3,1055,persistent_chain
G3_Onmem_plus,1,banded_anti_w4,triplet,all,4,485,persistent_chain
G3_Onmem_plus,1,banded_anti_w4,triplet,all,5,268,persistent_chain
G3_Onmem_plus,1,banded_anti_w4,triplet,all,6,145,persistent_chain
G3_Onmem_plus,1,banded_anti_w4,triplet,all,7,98,persistent_chain
G3_Onmem_plus,1,banded_anti_w4,triplet,all,8,60,persistent_chain
G3_Onmem_plus,1,banded_anti_w4,triplet,all,9,55,persistent_chain
G3_Onmem_plus,1,banded_anti_w4,triplet,all,10,18,persistent_chain
G3_Onmem_plus,1,banded_anti_w4,triplet,all,11,24,persistent_chain
G3_Onmem_plus,1,banded_anti_w4,triplet,all,12,15,persistent_chain
G3_Onmem_plus,1,banded_anti_w4,triplet,all,13,7,persistent_chain
G3_Onmem_plus,1,banded_anti_w4,triplet,all,14,4,persistent_chain
G3_Onmem_plus,1,banded_anti_w4,triplet,all,15,2,persistent_chain
G3_Onmem_plus,1,banded_anti_w4,triplet,all,16,5,persistent_chain
G3_Onmem_plus,1,banded_anti_w4,triplet,all,17,2,persistent_chain
G3_Onmem_plus,1,banded_anti_w4,triplet,all,18,2,persistent_chain
G3_Onmem_plus,1,banded_anti_w4,triplet,all,20,1,persistent_chain
G3_Onmem_plus,1,banded_anti_w4,triplet,all,21,1,persistent_chain
G3_Onmem_plus,1,banded_anti_w4,triplet,all,22,1,persistent_chain
G3_Onmem_plus,1,banded_anti_w4,triplet,all,23,1,persistent_chain
G3_Onmem_plus,1,banded_anti_w4,triplet,all,26,1,persistent_chain
G3_Onmem_plus,1,banded_anti_w4,triplet,all,29,2,persistent_chain
G3_Onmem_plus,1,banded_anti_w4,triplet,all,35,1,persistent_chain
G3_Onmem_plus,1,banded_anti_w6,one,all,1,21881,persistent_chain
G3_Onmem_plus,1,banded_anti_w6,one,all,2,8313,persistent_chain
G3_Onmem_plus,1,banded_anti_w6,one,all,3,4563,persistent_chain
G3_Onmem_plus,1,banded_anti_w6,one,all,4,2655,persistent_chain
G3_Onmem_plus,1,banded_anti_w6,one,all,5,1681,persistent_chain
G3_Onmem_plus,1,banded_anti_w6,one,all,6,1246,persistent_chain
G3_Onmem_plus,1,banded_anti_w6,one,all,7,895,persistent_chain
G3_Onmem_plus,1,banded_anti_w6,one,all,8,657,persistent_chain
G3_Onmem_plus,1,banded_anti_w6,one,all,9,457,persistent_chain
G3_Onmem_plus,1,banded_anti_w6,one,all,10,379,persistent_chain
G3_Onmem_plus,1,banded_anti_w6,one,all,11,279,persistent_chain
G3_Onmem_plus,1,banded_anti_w6,one,all,12,244,persistent_chain
G3_Onmem_plus,1,banded_anti_w6,one,all,13,190,persistent_chain
G3_Onmem_plus,1,banded_anti_w6,one,all,14,158,persistent_chain
G3_Onmem_plus,1,banded_anti_w6,one,all,15,114,persistent_chain
G3_Onmem_plus,1,banded_anti_w6,one,all,16,111,persistent_chain
G3_Onmem_plus,1,banded_anti_w6,one,all,17,86,persistent_chain
G3_Onmem_plus,1,banded_anti_w6,one,all,18,72,persistent_chain
G3_Onmem_plus,1,banded_anti_w6,one,all,19,73,persistent_chain
G3_Onmem_plus,1,banded_anti_w6,one,all,20,56,persistent_chain
G3_Onmem_plus,1,banded_anti_w6,one,all,21,41,persistent_chain
G3_Onmem_plus,1,banded_anti_w6,one,all,22,36,persistent_chain
G3_Onmem_plus,1,banded_anti_w6,one,all,23,29,persistent_chain
G3_Onmem_plus,1,banded_anti_w6,one,all,24,25,persistent_chain
G3_Onmem_plus,1,banded_anti_w6,one,all,25,35,persistent_chain
G3_Onmem_plus,1,banded_anti_w6,one,all,26,18,persistent_chain
G3_Onmem_plus,1,banded_anti_w6,one,all,27,21,persistent_chain
G3_Onmem_plus,1,banded_anti_w6,one,all,28,18,persistent_chain
G3_Onmem_plus,1,banded_anti_w6,one,all,29,14,persistent_chain
G3_Onmem_plus,1,banded_anti_w6,one,all,30,9,persistent_chain
G3_Onmem_plus,1,banded_anti_w6,one,all,31,12,persistent_chain
G3_Onmem_plus,1,banded_anti_w6,one,all,32,9,persistent_chain
G3_Onmem_plus,1,banded_anti_w6,one,all,33,10,persistent_chain
G3_Onmem_plus,1,banded_anti_w6,one,all,34,7,persistent_chain
G3_Onmem_plus,1,banded_anti_w6,one,all,35,8,persistent_chain
G3_Onmem_plus,1,banded_anti_w6,one,all,36,10,persistent_chain
G3_Onmem_plus,1,banded_anti_w6,one,all,37,3,persistent_chain
G3_Onmem_plus,1,banded_anti_w6,one,all,38,7,persistent_chain
G3_Onmem_plus,1,banded_anti_w6,one,all,39,5,persistent_chain
G3_Onmem_plus,1,banded_anti_w6,one,all,40,5,persistent_chain
G3_Onmem_plus,1,banded_anti_w6,one,all,41,3,persistent_chain
G3_Onmem_plus,1,banded_anti_w6,one,all,42,5,persistent_chain
G3_Onmem_plus,1,banded_anti_w6,one,all,43,5,persistent_chain
G3_Onmem_plus,1,banded_anti_w6,one,all,44,5,persistent_chain
G3_Onmem_plus,1,banded_anti_w6,one,all,45,2,persistent_chain
G3_Onmem_plus,1,banded_anti_w6,one,all,46,3,persistent_chain
G3_Onmem_plus,1,banded_anti_w6,one,all,47,4,persistent_chain
G3_Onmem_plus,1,banded_anti_w6,one,all,48,2,persistent_chain
G3_Onmem_plus,1,banded_anti_w6,one,all,49,2,persistent_chain
G3_Onmem_plus,1,banded_anti_w6,one,all,50,1,persistent_chain
G3_Onmem_plus,1,banded_anti_w6,one,all,51,1,persistent_chain
G3_Onmem_plus,1,banded_anti_w6,one,all,52,3,persistent_chain
G3_Onmem_plus,1,banded_anti_w6,one,all,53,3,persistent_chain
G3_Onmem_plus,1,banded_anti_w6,one,all,55,2,persistent_chain
G3_Onmem_plus,1,banded_anti_w6,one,all,58,2,persistent_chain
G3_Onmem_plus,1,banded_anti_w6,one,all,59,2,persistent_chain
G3_Onmem_plus,1,banded_anti_w6,one,all,60,1,persistent_chain
G3_Onmem_plus,1,banded_anti_w6,one,all,61,2,persistent_chain
G3_Onmem_plus,1,banded_anti_w6,one,all,62,1,persistent_chain
G3_Onmem_plus,1,banded_anti_w6,one,all,63,1,persistent_chain
G3_Onmem_plus,1,banded_anti_w6,one,all,66,1,persistent_chain
G3_Onmem_plus,1,banded_anti_w6,one,all,69,1,persistent_chain
G3_Onmem_plus,1,banded_anti_w6,one,all,73,1,persistent_chain
G3_Onmem_plus,1,banded_anti_w6,one,all,75,1,persistent_chain
G3_Onmem_plus,1,banded_anti_w6,one,all,76,1,persistent_chain
G3_Onmem_plus,1,banded_anti_w6,one,all,81,1,persistent_chain
G3_Onmem_plus,1,banded_anti_w6,one,all,88,1,persistent_chain
G3_Onmem_plus,1,banded_anti_w6,one,all,89,1,persistent_chain
G3_Onmem_plus,1,banded_anti_w6,one,all,93,1,persistent_chain
G3_Onmem_plus,1,banded_anti_w6,one,all,94,2,persistent_chain
G3_Onmem_plus,1,banded_anti_w6,one,all,97,1,persistent_chain
G3_Onmem_plus,1,banded_anti_w6,one,all,105,1,persistent_chain
G3_Onmem_plus,1,banded_anti_w6,one,all,110,1,persistent_chain
G3_Onmem_plus,1,banded_anti_w6,one,all,130,1,persistent_chain
G3_Onmem_plus,1,banded_anti_w6,one,all,148,1,persistent_chain
G3_Onmem_plus,1,banded_anti_w6,three,all,1,16914,persistent_chain
G3_Onmem_plus,1,banded_anti_w6,three,all,2,5947,persistent_chain
G3_Onmem_plus,1,banded_anti_w6,three,all,3,2816,persistent_chain
G3_Onmem_plus,1,banded_anti_w6,three,all,4,1486,persistent_chain
G3_Onmem_plus,1,banded_anti_w6,three,all,5,925,persistent_chain
G3_Onmem_plus,1,banded_anti_w6,three,all,6,640,persistent_chain
G3_Onmem_plus,1,banded_anti_w6,three,all,7,385,persistent_chain
G3_Onmem_plus,1,banded_anti_w6,three,all,8,259,persistent_chain
G3_Onmem_plus,1,banded_anti_w6,three,all,9,200,persistent_chain
G3_Onmem_plus,1,banded_anti_w6,three,all,10,146,persistent_chain
G3_Onmem_plus,1,banded_anti_w6,three,all,11,107,persistent_chain
G3_Onmem_plus,1,banded_anti_w6,three,all,12,85,persistent_chain
G3_Onmem_plus,1,banded_anti_w6,three,all,13,68,persistent_chain
G3_Onmem_plus,1,banded_anti_w6,three,all,14,48,persistent_chain
G3_Onmem_plus,1,banded_anti_w6,three,all,15,40,persistent_chain
G3_Onmem_plus,1,banded_anti_w6,three,all,16,21,persistent_chain
G3_Onmem_plus,1,banded_anti_w6,three,all,17,22,persistent_chain
G3_Onmem_plus,1,banded_anti_w6,three,all,18,21,persistent_chain
G3_Onmem_plus,1,banded_anti_w6,three,all,19,18,persistent_chain
G3_Onmem_plus,1,banded_anti_w6,three,all,20,10,persistent_chain
G3_Onmem_plus,1,banded_anti_w6,three,all,21,13,persistent_chain
G3_Onmem_plus,1,banded_anti_w6,three,all,22,14,persistent_chain
G3_Onmem_plus,1,banded_anti_w6,three,all,23,7,persistent_chain
G3_Onmem_plus,1,banded_anti_w6,three,all,24,5,persistent_chain
G3_Onmem_plus,1,banded_anti_w6,three,all,25,7,persistent_chain
G3_Onmem_plus,1,banded_anti_w6,three,all,26,5,persistent_chain
G3_Onmem_plus,1,banded_anti_w6,three,all,27,3,persistent_chain
G3_Onmem_plus,1,banded_anti_w6,three,all,28,4,persistent_chain
G3_Onmem_plus,1,banded_anti_w6,three,all,29,3,persistent_chain
G3_Onmem_plus,1,banded_anti_w6,three,all,30,5,persistent_chain
G3_Onmem_plus,1,banded_anti_w6,three,all,31,3,persistent_chain
G3_Onmem_plus,1,banded_anti_w6,three,all,32,3,persistent_chain
G3_Onmem_plus,1,banded_anti_w6,three,all,33,3,persistent_chain
G3_Onmem_plus,1,banded_anti_w6,three,all,34,2,persistent_chain
G3_Onmem_plus,1,banded_anti_w6,three,all,35,1,persistent_chain
G3_Onmem_plus,1,banded_anti_w6,three,all,37,4,persistent_chain
G3_Onmem_plus,1,banded_anti_w6,three,all,38,2,persistent_chain
G3_Onmem_plus,1,banded_anti_w6,three,all,39,2,persistent_chain
G3_Onmem_plus,1,banded_anti_w6,three,all,40,2,persistent_chain
G3_Onmem_plus,1,banded_anti_w6,three,all,41,1,persistent_chain
G3_Onmem_plus,1,banded_anti_w6,three,all,45,2,persistent_chain
G3_Onmem_plus,1,banded_anti_w6,three,all,47,1,persistent_chain
G3_Onmem_plus,1,banded_anti_w6,three,all,50,1,persistent_chain
G3_Onmem_plus,1,banded_anti_w6,three,all,56,1,persistent_chain
G3_Onmem_plus,1,banded_anti_w6,three,all,59,2,persistent_chain
G3_Onmem_plus,1,banded_anti_w6,three,all,60,1,persistent_chain
G3_Onmem_plus,1,banded_anti_w6,triplet,all,1,12451,persistent_chain
G3_Onmem_plus,1,banded_anti_w6,triplet,all,2,3540,persistent_chain
G3_Onmem_plus,1,banded_anti_w6,triplet,all,3,1581,persistent_chain
G3_Onmem_plus,1,banded_anti_w6,triplet,all,4,753,persistent_chain
G3_Onmem_plus,1,banded_anti_w6,triplet,all,5,420,persistent_chain
G3_Onmem_plus,1,banded_anti_w6,triplet,all,6,223,persistent_chain
G3_Onmem_plus,1,banded_anti_w6,triplet,all,7,161,persistent_chain
G3_Onmem_plus,1,banded_anti_w6,triplet,all,8,94,persistent_chain
G3_Onmem_plus,1,banded_anti_w6,triplet,all,9,67,persistent_chain
G3_Onmem_plus,1,banded_anti_w6,triplet,all,10,47,persistent_chain
G3_Onmem_plus,1,banded_anti_w6,triplet,all,11,44,persistent_chain
G3_Onmem_plus,1,banded_anti_w6,triplet,all,12,26,persistent_chain
G3_Onmem_plus,1,banded_anti_w6,triplet,all,13,13,persistent_chain
G3_Onmem_plus,1,banded_anti_w6,triplet,all,14,6,persistent_chain
G3_Onmem_plus,1,banded_anti_w6,triplet,all,15,6,persistent_chain
G3_Onmem_plus,1,banded_anti_w6,triplet,all,16,8,persistent_chain
G3_Onmem_plus,1,banded_anti_w6,triplet,all,17,7,persistent_chain
G3_Onmem_plus,1,banded_anti_w6,triplet,all,18,4,persistent_chain
G3_Onmem_plus,1,banded_anti_w6,triplet,all,19,2,persistent_chain
G3_Onmem_plus,1,banded_anti_w6,triplet,all,20,3,persistent_chain
G3_Onmem_plus,1,banded_anti_w6,triplet,all,21,3,persistent_chain
G3_Onmem_plus,1,banded_anti_w6,triplet,all,22,4,persistent_chain
G3_Onmem_plus,1,banded_anti_w6,triplet,all,23,1,persistent_chain
G3_Onmem_plus,1,banded_anti_w6,triplet,all,24,3,persistent_chain
G3_Onmem_plus,1,banded_anti_w6,triplet,all,26,1,persistent_chain
G3_Onmem_plus,1,banded_anti_w6,triplet,all,28,1,persistent_chain
G3_Onmem_plus,1,banded_anti_w6,triplet,all,29,1,persistent_chain
G3_Onmem_plus,1,banded_anti_w6,triplet,all,32,1,persistent_chain
G3_Onmem_plus,1,banded_anti_w6,triplet,all,40,1,persistent_chain
G3_Onmem_plus,1,banded_anti_w8,one,all,1,24272,persistent_chain
G3_Onmem_plus,1,banded_anti_w8,one,all,2,9439,persistent_chain
G3_Onmem_plus,1,banded_anti_w8,one,all,3,5136,persistent_chain
G3_Onmem_plus,1,banded_anti_w8,one,all,4,3150,persistent_chain
G3_Onmem_plus,1,banded_anti_w8,one,all,5,2036,persistent_chain
G3_Onmem_plus,1,banded_anti_w8,one,all,6,1492,persistent_chain
G3_Onmem_plus,1,banded_anti_w8,one,all,7,1056,persistent_chain
G3_Onmem_plus,1,banded_anti_w8,one,all,8,806,persistent_chain
G3_Onmem_plus,1,banded_anti_w8,one,all,9,596,persistent_chain
G3_Onmem_plus,1,banded_anti_w8,one,all,10,486,persistent_chain
G3_Onmem_plus,1,banded_anti_w8,one,all,11,365,persistent_chain
G3_Onmem_plus,1,banded_anti_w8,one,all,12,306,persistent_chain
G3_Onmem_plus,1,banded_anti_w8,one,all,13,282,persistent_chain
G3_Onmem_plus,1,banded_anti_w8,one,all,14,191,persistent_chain
G3_Onmem_plus,1,banded_anti_w8,one,all,15,164,persistent_chain
G3_Onmem_plus,1,banded_anti_w8,one,all,16,137,persistent_chain
G3_Onmem_plus,1,banded_anti_w8,one,all,17,124,persistent_chain
G3_Onmem_plus,1,banded_anti_w8,one,all,18,92,persistent_chain
G3_Onmem_plus,1,banded_anti_w8,one,all,19,89,persistent_chain
G3_Onmem_plus,1,banded_anti_w8,one,all,20,92,persistent_chain
G3_Onmem_plus,1,banded_anti_w8,one,all,21,62,persistent_chain
G3_Onmem_plus,1,banded_anti_w8,one,all,22,55,persistent_chain
G3_Onmem_plus,1,banded_anti_w8,one,all,23,48,persistent_chain
G3_Onmem_plus,1,banded_anti_w8,one,all,24,41,persistent_chain
G3_Onmem_plus,1,banded_anti_w8,one,all,25,37,persistent_chain
G3_Onmem_plus,1,banded_anti_w8,one,all,26,28,persistent_chain
G3_Onmem_plus,1,banded_anti_w8,one,all,27,30,persistent_chain
G3_Onmem_plus,1,banded_anti_w8,one,all,28,24,persistent_chain
G3_Onmem_plus,1,banded_anti_w8,one,all,29,21,persistent_chain
G3_Onmem_plus,1,banded_anti_w8,one,all,30,26,persistent_chain
G3_Onmem_plus,1,banded_anti_w8,one,all,31,20,persistent_chain
G3_Onmem_plus,1,banded_anti_w8,one,all,32,15,persistent_chain
G3_Onmem_plus,1,banded_anti_w8,one,all,33,17,persistent_chain
G3_Onmem_plus,1,banded_anti_w8,one,all,34,18,persistent_chain
G3_Onmem_plus,1,banded_anti_w8,one,all,35,8,persistent_chain
G3_Onmem_plus,1,banded_anti_w8,one,all,36,15,persistent_chain
G3_Onmem_plus,1,banded_anti_w8,one,all,37,9,persistent_chain
G3_Onmem_plus,1,banded_anti_w8,one,all,38,13,persistent_chain
G3_Onmem_plus,1,banded_anti_w8,one,all,39,6,persistent_chain
G3_Onmem_plus,1,banded_anti_w8,one,all,40,2,persistent_chain
G3_Onmem_plus,1,banded_anti_w8,one,all,41,8,persistent_chain
G3_Onmem_plus,1,banded_anti_w8,one,all,42,4,persistent_chain
G3_Onmem_plus,1,banded_anti_w8,one,all,43,3,persistent_chain
G3_Onmem_plus,1,banded_anti_w8,one,all,44,7,persistent_chain
G3_Onmem_plus,1,banded_anti_w8,one,all,45,5,persistent_chain
G3_Onmem_plus,1,banded_anti_w8,one,all,46,6,persistent_chain
G3_Onmem_plus,1,banded_anti_w8,one,all,47,3,persistent_chain
G3_Onmem_plus,1,banded_anti_w8,one,all,48,3,persistent_chain
G3_Onmem_plus,1,banded_anti_w8,one,all,49,2,persistent_chain
G3_Onmem_plus,1,banded_anti_w8,one,all,50,3,persistent_chain
G3_Onmem_plus,1,banded_anti_w8,one,all,51,4,persistent_chain
G3_Onmem_plus,1,banded_anti_w8,one,all,52,4,persistent_chain
G3_Onmem_plus,1,banded_anti_w8,one,all,53,4,persistent_chain
G3_Onmem_plus,1,banded_anti_w8,one,all,54,1,persistent_chain
G3_Onmem_plus,1,banded_anti_w8,one,all,55,1,persistent_chain
G3_Onmem_plus,1,banded_anti_w8,one,all,56,1,persistent_chain
G3_Onmem_plus,1,banded_anti_w8,one,all,57,2,persistent_chain
G3_Onmem_plus,1,banded_anti_w8,one,all,58,6,persistent_chain
G3_Onmem_plus,1,banded_anti_w8,one,all,59,6,persistent_chain
G3_Onmem_plus,1,banded_anti_w8,one,all,60,1,persistent_chain
G3_Onmem_plus,1,banded_anti_w8,one,all,61,4,persistent_chain
G3_Onmem_plus,1,banded_anti_w8,one,all,62,1,persistent_chain
G3_Onmem_plus,1,banded_anti_w8,one,all,63,2,persistent_chain
G3_Onmem_plus,1,banded_anti_w8,one,all,64,1,persistent_chain
G3_Onmem_plus,1,banded_anti_w8,one,all,66,2,persistent_chain
G3_Onmem_plus,1,banded_anti_w8,one,all,67,1,persistent_chain
G3_Onmem_plus,1,banded_anti_w8,one,all,69,3,persistent_chain
G3_Onmem_plus,1,banded_anti_w8,one,all,70,1,persistent_chain
G3_Onmem_plus,1,banded_anti_w8,one,all,74,1,persistent_chain
G3_Onmem_plus,1,banded_anti_w8,one,all,76,1,persistent_chain
G3_Onmem_plus,1,banded_anti_w8,one,all,78,1,persistent_chain
G3_Onmem_plus,1,banded_anti_w8,one,all,81,1,persistent_chain
G3_Onmem_plus,1,banded_anti_w8,one,all,82,1,persistent_chain
G3_Onmem_plus,1,banded_anti_w8,one,all,89,1,persistent_chain
G3_Onmem_plus,1,banded_anti_w8,one,all,92,1,persistent_chain
G3_Onmem_plus,1,banded_anti_w8,one,all,94,3,persistent_chain
G3_Onmem_plus,1,banded_anti_w8,one,all,96,1,persistent_chain
G3_Onmem_plus,1,banded_anti_w8,one,all,97,1,persistent_chain
G3_Onmem_plus,1,banded_anti_w8,one,all,99,1,persistent_chain
G3_Onmem_plus,1,banded_anti_w8,one,all,101,1,persistent_chain
G3_Onmem_plus,1,banded_anti_w8,one,all,108,1,persistent_chain
G3_Onmem_plus,1,banded_anti_w8,one,all,110,1,persistent_chain
G3_Onmem_plus,1,banded_anti_w8,one,all,114,1,persistent_chain
G3_Onmem_plus,1,banded_anti_w8,one,all,117,1,persistent_chain
G3_Onmem_plus,1,banded_anti_w8,one,all,148,1,persistent_chain
G3_Onmem_plus,1,banded_anti_w8,one,all,163,1,persistent_chain
G3_Onmem_plus,1,banded_anti_w8,one,all,168,1,persistent_chain
G3_Onmem_plus,1,banded_anti_w8,one,all,177,1,persistent_chain
G3_Onmem_plus,1,banded_anti_w8,three,all,1,19742,persistent_chain
G3_Onmem_plus,1,banded_anti_w8,three,all,2,7257,persistent_chain
G3_Onmem_plus,1,banded_anti_w8,three,all,3,3470,persistent_chain
G3_Onmem_plus,1,banded_anti_w8,three,all,4,1934,persistent_chain
G3_Onmem_plus,1,banded_anti_w8,three,all,5,1202,persistent_chain
G3_Onmem_plus,1,banded_anti_w8,three,all,6,830,persistent_chain
G3_Onmem_plus,1,banded_anti_w8,three,all,7,543,persistent_chain
G3_Onmem_plus,1,banded_anti_w8,three,all,8,383,persistent_chain
G3_Onmem_plus,1,banded_anti_w8,three,all,9,293,persistent_chain
G3_Onmem_plus,1,banded_anti_w8,three,all,10,200,persistent_chain
G3_Onmem_plus,1,banded_anti_w8,three,all,11,151,persistent_chain
G3_Onmem_plus,1,banded_anti_w8,three,all,12,148,persistent_chain
G3_Onmem_plus,1,banded_anti_w8,three,all,13,79,persistent_chain
G3_Onmem_plus,1,banded_anti_w8,three,all,14,66,persistent_chain
G3_Onmem_plus,1,banded_anti_w8,three,all,15,63,persistent_chain
G3_Onmem_plus,1,banded_anti_w8,three,all,16,41,persistent_chain
G3_Onmem_plus,1,banded_anti_w8,three,all,17,40,persistent_chain
G3_Onmem_plus,1,banded_anti_w8,three,all,18,33,persistent_chain
G3_Onmem_plus,1,banded_anti_w8,three,all,19,32,persistent_chain
G3_Onmem_plus,1,banded_anti_w8,three,all,20,24,persistent_chain
G3_Onmem_plus,1,banded_anti_w8,three,all,21,15,persistent_chain
G3_Onmem_plus,1,banded_anti_w8,three,all,22,20,persistent_chain
G3_Onmem_plus,1,banded_anti_w8,three,all,23,16,persistent_chain
G3_Onmem_plus,1,banded_anti_w8,three,all,24,13,persistent_chain
G3_Onmem_plus,1,banded_anti_w8,three,all,25,14,persistent_chain
G3_Onmem_plus,1,banded_anti_w8,three,all,26,6,persistent_chain
G3_Onmem_plus,1,banded_anti_w8,three,all,27,11,persistent_chain
G3_Onmem_plus,1,banded_anti_w8,three,all,28,9,persistent_chain
G3_Onmem_plus,1,banded_anti_w8,three,all,29,6,persistent_chain
G3_Onmem_plus,1,banded_anti_w8,three,all,30,3,persistent_chain
G3_Onmem_plus,1,banded_anti_w8,three,all,31,2,persistent_chain
G3_Onmem_plus,1,banded_anti_w8,three,all,32,5,persistent_chain
G3_Onmem_plus,1,banded_anti_w8,three,all,33,3,persistent_chain
G3_Onmem_plus,1,banded_anti_w8,three,all,34,7,persistent_chain
G3_Onmem_plus,1,banded_anti_w8,three,all,35,6,persistent_chain
G3_Onmem_plus,1,banded_anti_w8,three,all,37,6,persistent_chain
G3_Onmem_plus,1,banded_anti_w8,three,all,38,2,persistent_chain
G3_Onmem_plus,1,banded_anti_w8,three,all,40,1,persistent_chain
G3_Onmem_plus,1,banded_anti_w8,three,all,41,2,persistent_chain
G3_Onmem_plus,1,banded_anti_w8,three,all,42,1,persistent_chain
G3_Onmem_plus,1,banded_anti_w8,three,all,43,1,persistent_chain
G3_Onmem_plus,1,banded_anti_w8,three,all,45,2,persistent_chain
G3_Onmem_plus,1,banded_anti_w8,three,all,46,2,persistent_chain
G3_Onmem_plus,1,banded_anti_w8,three,all,47,1,persistent_chain
G3_Onmem_plus,1,banded_anti_w8,three,all,50,1,persistent_chain
G3_Onmem_plus,1,banded_anti_w8,three,all,52,2,persistent_chain
G3_Onmem_plus,1,banded_anti_w8,three,all,56,1,persistent_chain
G3_Onmem_plus,1,banded_anti_w8,three,all,59,1,persistent_chain
G3_Onmem_plus,1,banded_anti_w8,three,all,72,1,persistent_chain
G3_Onmem_plus,1,banded_anti_w8,three,all,74,1,persistent_chain
G3_Onmem_plus,1,banded_anti_w8,three,all,92,1,persistent_chain
G3_Onmem_plus,1,banded_anti_w8,three,all,97,1,persistent_chain
G3_Onmem_plus,1,banded_anti_w8,triplet,all,1,15354,persistent_chain
G3_Onmem_plus,1,banded_anti_w8,triplet,all,2,4649,persistent_chain
G3_Onmem_plus,1,banded_anti_w8,triplet,all,3,2023,persistent_chain
G3_Onmem_plus,1,banded_anti_w8,triplet,all,4,984,persistent_chain
G3_Onmem_plus,1,banded_anti_w8,triplet,all,5,586,persistent_chain
G3_Onmem_plus,1,banded_anti_w8,triplet,all,6,311,persistent_chain
G3_Onmem_plus,1,banded_anti_w8,triplet,all,7,201,persistent_chain
G3_Onmem_plus,1,banded_anti_w8,triplet,all,8,151,persistent_chain
G3_Onmem_plus,1,banded_anti_w8,triplet,all,9,90,persistent_chain
G3_Onmem_plus,1,banded_anti_w8,triplet,all,10,58,persistent_chain
G3_Onmem_plus,1,banded_anti_w8,triplet,all,11,61,persistent_chain
G3_Onmem_plus,1,banded_anti_w8,triplet,all,12,35,persistent_chain
G3_Onmem_plus,1,banded_anti_w8,triplet,all,13,19,persistent_chain
G3_Onmem_plus,1,banded_anti_w8,triplet,all,14,11,persistent_chain
G3_Onmem_plus,1,banded_anti_w8,triplet,all,15,13,persistent_chain
G3_Onmem_plus,1,banded_anti_w8,triplet,all,16,7,persistent_chain
G3_Onmem_plus,1,banded_anti_w8,triplet,all,17,6,persistent_chain
G3_Onmem_plus,1,banded_anti_w8,triplet,all,18,9,persistent_chain
G3_Onmem_plus,1,banded_anti_w8,triplet,all,19,1,persistent_chain
G3_Onmem_plus,1,banded_anti_w8,triplet,all,20,3,persistent_chain
G3_Onmem_plus,1,banded_anti_w8,triplet,all,21,3,persistent_chain
G3_Onmem_plus,1,banded_anti_w8,triplet,all,22,6,persistent_chain
G3_Onmem_plus,1,banded_anti_w8,triplet,all,23,3,persistent_chain
G3_Onmem_plus,1,banded_anti_w8,triplet,all,24,4,persistent_chain
G3_Onmem_plus,1,banded_anti_w8,triplet,all,25,2,persistent_chain
G3_Onmem_plus,1,banded_anti_w8,triplet,all,26,1,persistent_chain
G3_Onmem_plus,1,banded_anti_w8,triplet,all,27,2,persistent_chain
G3_Onmem_plus,1,banded_anti_w8,triplet,all,28,2,persistent_chain
G3_Onmem_plus,1,banded_anti_w8,triplet,all,29,2,persistent_chain
G3_Onmem_plus,1,banded_anti_w8,triplet,all,30,2,persistent_chain
G3_Onmem_plus,1,banded_anti_w8,triplet,all,31,2,persistent_chain
G3_Onmem_plus,1,banded_anti_w8,triplet,all,32,1,persistent_chain
G3_Onmem_plus,1,banded_anti_w8,triplet,all,35,1,persistent_chain
G3_Onmem_plus,1,banded_anti_w8,triplet,all,40,1,persistent_chain
G3_Onmem_plus,1,banded_anti_w10,one,all,1,26030,persistent_chain
G3_Onmem_plus,1,banded_anti_w10,one,all,2,10414,persistent_chain
G3_Onmem_plus,1,banded_anti_w10,one,all,3,5792,persistent_chain
G3_Onmem_plus,1,banded_anti_w10,one,all,4,3457,persistent_chain
G3_Onmem_plus,1,banded_anti_w10,one,all,5,2311,persistent_chain
G3_Onmem_plus,1,banded_anti_w10,one,all,6,1698,persistent_chain
G3_Onmem_plus,1,banded_anti_w10,one,all,7,1225,persistent_chain
G3_Onmem_plus,1,banded_anti_w10,one,all,8,942,persistent_chain
G3_Onmem_plus,1,banded_anti_w10,one,all,9,747,persistent_chain
G3_Onmem_plus,1,banded_anti_w10,one,all,10,550,persistent_chain
G3_Onmem_plus,1,banded_anti_w10,one,all,11,446,persistent_chain
G3_Onmem_plus,1,banded_anti_w10,one,all,12,359,persistent_chain
G3_Onmem_plus,1,banded_anti_w10,one,all,13,348,persistent_chain
G3_Onmem_plus,1,banded_anti_w10,one,all,14,240,persistent_chain
G3_Onmem_plus,1,banded_anti_w10,one,all,15,219,persistent_chain
G3_Onmem_plus,1,banded_anti_w10,one,all,16,176,persistent_chain
G3_Onmem_plus,1,banded_anti_w10,one,all,17,148,persistent_chain
G3_Onmem_plus,1,banded_anti_w10,one,all,18,114,persistent_chain
G3_Onmem_plus,1,banded_anti_w10,one,all,19,124,persistent_chain
G3_Onmem_plus,1,banded_anti_w10,one,all,20,113,persistent_chain
G3_Onmem_plus,1,banded_anti_w10,one,all,21,86,persistent_chain
G3_Onmem_plus,1,banded_anti_w10,one,all,22,71,persistent_chain
G3_Onmem_plus,1,banded_anti_w10,one,all,23,75,persistent_chain
G3_Onmem_plus,1,banded_anti_w10,one,all,24,47,persistent_chain
G3_Onmem_plus,1,banded_anti_w10,one,all,25,45,persistent_chain
G3_Onmem_plus,1,banded_anti_w10,one,all,26,34,persistent_chain
G3_Onmem_plus,1,banded_anti_w10,one,all,27,43,persistent_chain
G3_Onmem_plus,1,banded_anti_w10,one,all,28,33,persistent_chain
G3_Onmem_plus,1,banded_anti_w10,one,all,29,30,persistent_chain
G3_Onmem_plus,1,banded_anti_w10,one,all,30,23,persistent_chain
G3_Onmem_plus,1,banded_anti_w10,one,all,31,27,persistent_chain
G3_Onmem_plus,1,banded_anti_w10,one,all,32,23,persistent_chain
G3_Onmem_plus,1,banded_anti_w10,one,all,33,24,persistent_chain
G3_Onmem_plus,1,banded_anti_w10,one,all,34,18,persistent_chain
G3_Onmem_plus,1,banded_anti_w10,one,all,35,12,persistent_chain
G3_Onmem_plus,1,banded_anti_w10,one,all,36,16,persistent_chain
G3_Onmem_plus,1,banded_anti_w10,one,all,37,10,persistent_chain
G3_Onmem_plus,1,banded_anti_w10,one,all,38,20,persistent_chain
G3_Onmem_plus,1,banded_anti_w10,one,all,39,13,persistent_chain
G3_Onmem_plus,1,banded_anti_w10,one,all,40,7,persistent_chain
G3_Onmem_plus,1,banded_anti_w10,one,all,41,9,persistent_chain
G3_Onmem_plus,1,banded_anti_w10,one,all,42,10,persistent_chain
G3_Onmem_plus,1,banded_anti_w10,one,all,43,7,persistent_chain
G3_Onmem_plus,1,banded_anti_w10,one,all,44,10,persistent_chain
G3_Onmem_plus,1,banded_anti_w10,one,all,45,15,persistent_chain
G3_Onmem_plus,1,banded_anti_w10,one,all,46,3,persistent_chain
G3_Onmem_plus,1,banded_anti_w10,one,all,47,6,persistent_chain
G3_Onmem_plus,1,banded_anti_w10,one,all,48,6,persistent_chain
G3_Onmem_plus,1,banded_anti_w10,one,all,49,5,persistent_chain
G3_Onmem_plus,1,banded_anti_w10,one,all,50,5,persistent_chain
G3_Onmem_plus,1,banded_anti_w10,one,all,51,7,persistent_chain
G3_Onmem_plus,1,banded_anti_w10,one,all,52,6,persistent_chain
G3_Onmem_plus,1,banded_anti_w10,one,all,53,2,persistent_chain
G3_Onmem_plus,1,banded_anti_w10,one,all,54,4,persistent_chain
G3_Onmem_plus,1,banded_anti_w10,one,all,55,4,persistent_chain
G3_Onmem_plus,1,banded_anti_w10,one,all,56,2,persistent_chain
G3_Onmem_plus,1,banded_anti_w10,one,all,57,4,persistent_chain
G3_Onmem_plus,1,banded_anti_w10,one,all,58,3,persistent_chain
G3_Onmem_plus,1,banded_anti_w10,one,all,59,7,persistent_chain
G3_Onmem_plus,1,banded_anti_w10,one,all,60,2,persistent_chain
G3_Onmem_plus,1,banded_anti_w10,one,all,61,4,persistent_chain
G3_Onmem_plus,1,banded_anti_w10,one,all,62,4,persistent_chain
G3_Onmem_plus,1,banded_anti_w10,one,all,63,4,persistent_chain
G3_Onmem_plus,1,banded_anti_w10,one,all,64,1,persistent_chain
G3_Onmem_plus,1,banded_anti_w10,one,all,66,2,persistent_chain
G3_Onmem_plus,1,banded_anti_w10,one,all,67,2,persistent_chain
G3_Onmem_plus,1,banded_anti_w10,one,all,68,1,persistent_chain
G3_Onmem_plus,1,banded_anti_w10,one,all,69,3,persistent_chain
G3_Onmem_plus,1,banded_anti_w10,one,all,70,1,persistent_chain
G3_Onmem_plus,1,banded_anti_w10,one,all,72,1,persistent_chain
G3_Onmem_plus,1,banded_anti_w10,one,all,73,1,persistent_chain
G3_Onmem_plus,1,banded_anti_w10,one,all,75,2,persistent_chain
G3_Onmem_plus,1,banded_anti_w10,one,all,78,1,persistent_chain
G3_Onmem_plus,1,banded_anti_w10,one,all,82,1,persistent_chain
G3_Onmem_plus,1,banded_anti_w10,one,all,83,1,persistent_chain
G3_Onmem_plus,1,banded_anti_w10,one,all,84,1,persistent_chain
G3_Onmem_plus,1,banded_anti_w10,one,all,89,2,persistent_chain
G3_Onmem_plus,1,banded_anti_w10,one,all,91,1,persistent_chain
G3_Onmem_plus,1,banded_anti_w10,one,all,92,2,persistent_chain
G3_Onmem_plus,1,banded_anti_w10,one,all,94,1,persistent_chain
G3_Onmem_plus,1,banded_anti_w10,one,all,95,2,persistent_chain
G3_Onmem_plus,1,banded_anti_w10,one,all,98,1,persistent_chain
G3_Onmem_plus,1,banded_anti_w10,one,all,100,1,persistent_chain
G3_Onmem_plus,1,banded_anti_w10,one,all,101,1,persistent_chain
G3_Onmem_plus,1,banded_anti_w10,one,all,102,1,persistent_chain
G3_Onmem_plus,1,banded_anti_w10,one,all,105,2,persistent_chain
G3_Onmem_plus,1,banded_anti_w10,one,all,108,2,persistent_chain
G3_Onmem_plus,1,banded_anti_w10,one,all,109,1,persistent_chain
G3_Onmem_plus,1,banded_anti_w10,one,all,113,2,persistent_chain
G3_Onmem_plus,1,banded_anti_w10,one,all,117,2,persistent_chain
G3_Onmem_plus,1,banded_anti_w10,one,all,118,2,persistent_chain
G3_Onmem_plus,1,banded_anti_w10,one,all,119,1,persistent_chain
G3_Onmem_plus,1,banded_anti_w10,one,all,126,1,persistent_chain
G3_Onmem_plus,1,banded_anti_w10,one,all,149,1,persistent_chain
G3_Onmem_plus,1,banded_anti_w10,one,all,163,1,persistent_chain
G3_Onmem_plus,1,banded_anti_w10,one,all,169,1,persistent_chain
G3_Onmem_plus,1,banded_anti_w10,one,all,230,1,persistent_chain
G3_Onmem_plus,1,banded_anti_w10,three,all,1,22152,persistent_chain
G3_Onmem_plus,1,banded_anti_w10,three,all,2,8289,persistent_chain
G3_Onmem_plus,1,banded_anti_w10,three,all,3,4078,persistent_chain
G3_Onmem_plus,1,banded_anti_w10,three,all,4,2369,persistent_chain
G3_Onmem_plus,1,banded_anti_w10,three,all,5,1477,persistent_chain
G3_Onmem_plus,1,banded_anti_w10,three,all,6,1032,persistent_chain
G3_Onmem_plus,1,banded_anti_w10,three,all,7,649,persistent_chain
G3_Onmem_plus,1,banded_anti_w10,three,all,8,479,persistent_chain
G3_Onmem_plus,1,banded_anti_w10,three,all,9,401,persistent_chain
G3_Onmem_plus,1,banded_anti_w10,three,all,10,269,persistent_chain
G3_Onmem_plus,1,banded_anti_w10,three,all,11,202,persistent_chain
G3_Onmem_plus,1,banded_anti_w10,three,all,12,168,persistent_chain
G3_Onmem_plus,1,banded_anti_w10,three,all,13,120,persistent_chain
G3_Onmem_plus,1,banded_anti_w10,three,all,14,87,persistent_chain
G3_Onmem_plus,1,banded_anti_w10,three,all,15,82,persistent_chain
G3_Onmem_plus,1,banded_anti_w10,three,all,16,52,persistent_chain
G3_Onmem_plus,1,banded_anti_w10,three,all,17,61,persistent_chain
G3_Onmem_plus,1,banded_anti_w10,three,all,18,52,persistent_chain
G3_Onmem_plus,1,banded_anti_w10,three,all,19,40,persistent_chain
G3_Onmem_plus,1,banded_anti_w10,three,all,20,28,persistent_chain
G3_Onmem_plus,1,banded_anti_w10,three,all,21,25,persistent_chain
G3_Onmem_plus,1,banded_anti_w10,three,all,22,18,persistent_chain
G3_Onmem_plus,1,banded_anti_w10,three,all,23,23,persistent_chain
G3_Onmem_plus,1,banded_anti_w10,three,all,24,21,persistent_chain
G3_Onmem_plus,1,banded_anti_w10,three,all,25,20,persistent_chain
G3_Onmem_plus,1,banded_anti_w10,three,all,26,12,persistent_chain
G3_Onmem_plus,1,banded_anti_w10,three,all,27,14,persistent_chain
G3_Onmem_plus,1,banded_anti_w10,three,all,28,11,persistent_chain
G3_Onmem_plus,1,banded_anti_w10,three,all,29,7,persistent_chain
G3_Onmem_plus,1,banded_anti_w10,three,all,30,9,persistent_chain
G3_Onmem_plus,1,banded_anti_w10,three,all,31,5,persistent_chain
G3_Onmem_plus,1,banded_anti_w10,three,all,32,9,persistent_chain
G3_Onmem_plus,1,banded_anti_w10,three,all,33,6,persistent_chain
G3_Onmem_plus,1,banded_anti_w10,three,all,34,4,persistent_chain
G3_Onmem_plus,1,banded_anti_w10,three,all,35,5,persistent_chain
G3_Onmem_plus,1,banded_anti_w10,three,all,36,5,persistent_chain
G3_Onmem_plus,1,banded_anti_w10,three,all,37,7,persistent_chain
G3_Onmem_plus,1,banded_anti_w10,three,all,38,6,persistent_chain
G3_Onmem_plus,1,banded_anti_w10,three,all,39,3,persistent_chain
G3_Onmem_plus,1,banded_anti_w10,three,all,40,1,persistent_chain
G3_Onmem_plus,1,banded_anti_w10,three,all,41,3,persistent_chain
G3_Onmem_plus,1,banded_anti_w10,three,all,42,1,persistent_chain
G3_Onmem_plus,1,banded_anti_w10,three,all,43,1,persistent_chain
G3_Onmem_plus,1,banded_anti_w10,three,all,44,1,persistent_chain
G3_Onmem_plus,1,banded_anti_w10,three,all,45,2,persistent_chain
G3_Onmem_plus,1,banded_anti_w10,three,all,46,1,persistent_chain
G3_Onmem_plus,1,banded_anti_w10,three,all,47,5,persistent_chain
G3_Onmem_plus,1,banded_anti_w10,three,all,48,2,persistent_chain
G3_Onmem_plus,1,banded_anti_w10,three,all,50,1,persistent_chain
G3_Onmem_plus,1,banded_anti_w10,three,all,51,1,persistent_chain
G3_Onmem_plus,1,banded_anti_w10,three,all,52,1,persistent_chain
G3_Onmem_plus,1,banded_anti_w10,three,all,54,1,persistent_chain
G3_Onmem_plus,1,banded_anti_w10,three,all,57,1,persistent_chain
G3_Onmem_plus,1,banded_anti_w10,three,all,58,1,persistent_chain
G3_Onmem_plus,1,banded_anti_w10,three,all,59,3,persistent_chain
G3_Onmem_plus,1,banded_anti_w10,three,all,61,1,persistent_chain
G3_Onmem_plus,1,banded_anti_w10,three,all,64,1,persistent_chain
G3_Onmem_plus,1,banded_anti_w10,three,all,66,1,persistent_chain
G3_Onmem_plus,1,banded_anti_w10,three,all,74,1,persistent_chain
G3_Onmem_plus,1,banded_anti_w10,three,all,76,1,persistent_chain
G3_Onmem_plus,1,banded_anti_w10,three,all,78,1,persistent_chain
G3_Onmem_plus,1,banded_anti_w10,three,all,99,1,persistent_chain
G3_Onmem_plus,1,banded_anti_w10,three,all,117,2,persistent_chain
G3_Onmem_plus,1,banded_anti_w10,three,all,137,1,persistent_chain
G3_Onmem_plus,1,banded_anti_w10,triplet,all,1,17967,persistent_chain
G3_Onmem_plus,1,banded_anti_w10,triplet,all,2,5525,persistent_chain
G3_Onmem_plus,1,banded_anti_w10,triplet,all,3,2528,persistent_chain
G3_Onmem_plus,1,banded_anti_w10,triplet,all,4,1222,persistent_chain
G3_Onmem_plus,1,banded_anti_w10,triplet,all,5,715,persistent_chain
G3_Onmem_plus,1,banded_anti_w10,triplet,all,6,413,persistent_chain
G3_Onmem_plus,1,banded_anti_w10,triplet,all,7,288,persistent_chain
G3_Onmem_plus,1,banded_anti_w10,triplet,all,8,178,persistent_chain
G3_Onmem_plus,1,banded_anti_w10,triplet,all,9,137,persistent_chain
G3_Onmem_plus,1,banded_anti_w10,triplet,all,10,85,persistent_chain
G3_Onmem_plus,1,banded_anti_w10,triplet,all,11,72,persistent_chain
G3_Onmem_plus,1,banded_anti_w10,triplet,all,12,44,persistent_chain
G3_Onmem_plus,1,banded_anti_w10,triplet,all,13,34,persistent_chain
G3_Onmem_plus,1,banded_anti_w10,triplet,all,14,19,persistent_chain
G3_Onmem_plus,1,banded_anti_w10,triplet,all,15,16,persistent_chain
G3_Onmem_plus,1,banded_anti_w10,triplet,all,16,14,persistent_chain
G3_Onmem_plus,1,banded_anti_w10,triplet,all,17,11,persistent_chain
G3_Onmem_plus,1,banded_anti_w10,triplet,all,18,6,persistent_chain
G3_Onmem_plus,1,banded_anti_w10,triplet,all,19,4,persistent_chain
G3_Onmem_plus,1,banded_anti_w10,triplet,all,20,3,persistent_chain
G3_Onmem_plus,1,banded_anti_w10,triplet,all,21,4,persistent_chain
G3_Onmem_plus,1,banded_anti_w10,triplet,all,22,6,persistent_chain
G3_Onmem_plus,1,banded_anti_w10,triplet,all,23,2,persistent_chain
G3_Onmem_plus,1,banded_anti_w10,triplet,all,24,5,persistent_chain
G3_Onmem_plus,1,banded_anti_w10,triplet,all,25,3,persistent_chain
G3_Onmem_plus,1,banded_anti_w10,triplet,all,26,2,persistent_chain
G3_Onmem_plus,1,banded_anti_w10,triplet,all,27,3,persistent_chain
G3_Onmem_plus,1,banded_anti_w10,triplet,all,28,3,persistent_chain
G3_Onmem_plus,1,banded_anti_w10,triplet,all,29,2,persistent_chain
G3_Onmem_plus,1,banded_anti_w10,triplet,all,30,3,persistent_chain
G3_Onmem_plus,1,banded_anti_w10,triplet,all,31,1,persistent_chain
G3_Onmem_plus,1,banded_anti_w10,triplet,all,32,2,persistent_chain
G3_Onmem_plus,1,banded_anti_w10,triplet,all,33,1,persistent_chain
G3_Onmem_plus,1,banded_anti_w10,triplet,all,36,1,persistent_chain
G3_Onmem_plus,1,banded_anti_w10,triplet,all,40,1,persistent_chain
G3_Onmem_plus,1,banded_anti_w10,triplet,all,42,1,persistent_chain
G3_Onmem_plus,2,banded_sym_w4,one,all,1,18244,persistent_chain
G3_Onmem_plus,2,banded_sym_w4,one,all,2,6939,persistent_chain
G3_Onmem_plus,2,banded_sym_w4,one,all,3,3493,persistent_chain
G3_Onmem_plus,2,banded_sym_w4,one,all,4,2193,persistent_chain
G3_Onmem_plus,2,banded_sym_w4,one,all,5,1330,persistent_chain
G3_Onmem_plus,2,banded_sym_w4,one,all,6,887,persistent_chain
G3_Onmem_plus,2,banded_sym_w4,one,all,7,649,persistent_chain
G3_Onmem_plus,2,banded_sym_w4,one,all,8,491,persistent_chain
G3_Onmem_plus,2,banded_sym_w4,one,all,9,324,persistent_chain
G3_Onmem_plus,2,banded_sym_w4,one,all,10,251,persistent_chain
G3_Onmem_plus,2,banded_sym_w4,one,all,11,186,persistent_chain
G3_Onmem_plus,2,banded_sym_w4,one,all,12,183,persistent_chain
G3_Onmem_plus,2,banded_sym_w4,one,all,13,123,persistent_chain
G3_Onmem_plus,2,banded_sym_w4,one,all,14,81,persistent_chain
G3_Onmem_plus,2,banded_sym_w4,one,all,15,92,persistent_chain
G3_Onmem_plus,2,banded_sym_w4,one,all,16,55,persistent_chain
G3_Onmem_plus,2,banded_sym_w4,one,all,17,59,persistent_chain
G3_Onmem_plus,2,banded_sym_w4,one,all,18,49,persistent_chain
G3_Onmem_plus,2,banded_sym_w4,one,all,19,35,persistent_chain
G3_Onmem_plus,2,banded_sym_w4,one,all,20,35,persistent_chain
G3_Onmem_plus,2,banded_sym_w4,one,all,21,37,persistent_chain
G3_Onmem_plus,2,banded_sym_w4,one,all,22,20,persistent_chain
G3_Onmem_plus,2,banded_sym_w4,one,all,23,20,persistent_chain
G3_Onmem_plus,2,banded_sym_w4,one,all,24,18,persistent_chain
G3_Onmem_plus,2,banded_sym_w4,one,all,25,7,persistent_chain
G3_Onmem_plus,2,banded_sym_w4,one,all,26,9,persistent_chain
G3_Onmem_plus,2,banded_sym_w4,one,all,27,11,persistent_chain
G3_Onmem_plus,2,banded_sym_w4,one,all,28,7,persistent_chain
G3_Onmem_plus,2,banded_sym_w4,one,all,29,11,persistent_chain
G3_Onmem_plus,2,banded_sym_w4,one,all,30,8,persistent_chain
G3_Onmem_plus,2,banded_sym_w4,one,all,31,12,persistent_chain
G3_Onmem_plus,2,banded_sym_w4,one,all,32,6,persistent_chain
G3_Onmem_plus,2,banded_sym_w4,one,all,33,5,persistent_chain
G3_Onmem_plus,2,banded_sym_w4,one,all,34,8,persistent_chain
G3_Onmem_plus,2,banded_sym_w4,one,all,35,2,persistent_chain
G3_Onmem_plus,2,banded_sym_w4,one,all,36,4,persistent_chain
G3_Onmem_plus,2,banded_sym_w4,one,all,37,4,persistent_chain
G3_Onmem_plus,2,banded_sym_w4,one,all,39,5,persistent_chain
G3_Onmem_plus,2,banded_sym_w4,one,all,40,4,persistent_chain
G3_Onmem_plus,2,banded_sym_w4,one,all,41,2,persistent_chain
G3_Onmem_plus,2,banded_sym_w4,one,all,42,3,persistent_chain
G3_Onmem_plus,2,banded_sym_w4,one,all,43,4,persistent_chain
G3_Onmem_plus,2,banded_sym_w4,one,all,44,3,persistent_chain
G3_Onmem_plus,2,banded_sym_w4,one,all,45,1,persistent_chain
G3_Onmem_plus,2,banded_sym_w4,one,all,46,1,persistent_chain
G3_Onmem_plus,2,banded_sym_w4,one,all,47,1,persistent_chain
G3_Onmem_plus,2,banded_sym_w4,one,all,53,1,persistent_chain
G3_Onmem_plus,2,banded_sym_w4,one,all,54,4,persistent_chain
G3_Onmem_plus,2,banded_sym_w4,one,all,64,1,persistent_chain
G3_Onmem_plus,2,banded_sym_w4,one,all,78,1,persistent_chain
G3_Onmem_plus,2,banded_sym_w4,one,all,82,1,persistent_chain
G3_Onmem_plus,2,banded_sym_w4,one,all,85,1,persistent_chain
G3_Onmem_plus,2,banded_sym_w4,three,all,1,13216,persistent_chain
G3_Onmem_plus,2,banded_sym_w4,three,all,2,4334,persistent_chain
G3_Onmem_plus,2,banded_sym_w4,three,all,3,1929,persistent_chain
G3_Onmem_plus,2,banded_sym_w4,three,all,4,975,persistent_chain
G3_Onmem_plus,2,banded_sym_w4,three,all,5,632,persistent_chain
G3_Onmem_plus,2,banded_sym_w4,three,all,6,347,persistent_chain
G3_Onmem_plus,2,banded_sym_w4,three,all,7,265,persistent_chain
G3_Onmem_plus,2,banded_sym_w4,three,all,8,162,persistent_chain
G3_Onmem_plus,2,banded_sym_w4,three,all,9,115,persistent_chain
G3_Onmem_plus,2,banded_sym_w4,three,all,10,86,persistent_chain
G3_Onmem_plus,2,banded_sym_w4,three,all,11,59,persistent_chain
G3_Onmem_plus,2,banded_sym_w4,three,all,12,36,persistent_chain
G3_Onmem_plus,2,banded_sym_w4,three,all,13,34,persistent_chain
G3_Onmem_plus,2,banded_sym_w4,three,all,14,33,persistent_chain
G3_Onmem_plus,2,banded_sym_w4,three,all,15,22,persistent_chain
G3_Onmem_plus,2,banded_sym_w4,three,all,16,16,persistent_chain
G3_Onmem_plus,2,banded_sym_w4,three,all,17,15,persistent_chain
G3_Onmem_plus,2,banded_sym_w4,three,all,18,14,persistent_chain
G3_Onmem_plus,2,banded_sym_w4,three,all,19,6,persistent_chain
G3_Onmem_plus,2,banded_sym_w4,three,all,20,9,persistent_chain
G3_Onmem_plus,2,banded_sym_w4,three,all,21,9,persistent_chain
G3_Onmem_plus,2,banded_sym_w4,three,all,22,5,persistent_chain
G3_Onmem_plus,2,banded_sym_w4,three,all,23,2,persistent_chain
G3_Onmem_plus,2,banded_sym_w4,three,all,24,4,persistent_chain
G3_Onmem_plus,2,banded_sym_w4,three,all,25,3,persistent_chain
G3_Onmem_plus,2,banded_sym_w4,three,all,26,2,persistent_chain
G3_Onmem_plus,2,banded_sym_w4,three,all,27,4,persistent_chain
G3_Onmem_plus,2,banded_sym_w4,three,all,28,1,persistent_chain
G3_Onmem_plus,2,banded_sym_w4,three,all,31,1,persistent_chain
G3_Onmem_plus,2,banded_sym_w4,three,all,32,2,persistent_chain
G3_Onmem_plus,2,banded_sym_w4,three,all,38,1,persistent_chain
G3_Onmem_plus,2,banded_sym_w4,three,all,39,1,persistent_chain
G3_Onmem_plus,2,banded_sym_w4,three,all,40,1,persistent_chain
G3_Onmem_plus,2,banded_sym_w4,three,all,41,1,persistent_chain
G3_Onmem_plus,2,banded_sym_w4,three,all,54,1,persistent_chain
G3_Onmem_plus,2,banded_sym_w4,triplet,all,1,9032,persistent_chain
G3_Onmem_plus,2,banded_sym_w4,triplet,all,2,2427,persistent_chain
G3_Onmem_plus,2,banded_sym_w4,triplet,all,3,1031,persistent_chain
G3_Onmem_plus,2,banded_sym_w4,triplet,all,4,508,persistent_chain
G3_Onmem_plus,2,banded_sym_w4,triplet,all,5,254,persistent_chain
G3_Onmem_plus,2,banded_sym_w4,triplet,all,6,130,persistent_chain
G3_Onmem_plus,2,banded_sym_w4,triplet,all,7,79,persistent_chain
G3_Onmem_plus,2,banded_sym_w4,triplet,all,8,64,persistent_chain
G3_Onmem_plus,2,banded_sym_w4,triplet,all,9,32,persistent_chain
G3_Onmem_plus,2,banded_sym_w4,triplet,all,10,24,persistent_chain
G3_Onmem_plus,2,banded_sym_w4,triplet,all,11,22,persistent_chain
G3_Onmem_plus,2,banded_sym_w4,triplet,all,12,11,persistent_chain
G3_Onmem_plus,2,banded_sym_w4,triplet,all,13,10,persistent_chain
G3_Onmem_plus,2,banded_sym_w4,triplet,all,14,5,persistent_chain
G3_Onmem_plus,2,banded_sym_w4,triplet,all,15,6,persistent_chain
G3_Onmem_plus,2,banded_sym_w4,triplet,all,16,3,persistent_chain
G3_Onmem_plus,2,banded_sym_w4,triplet,all,17,4,persistent_chain
G3_Onmem_plus,2,banded_sym_w4,triplet,all,18,1,persistent_chain
G3_Onmem_plus,2,banded_sym_w4,triplet,all,19,2,persistent_chain
G3_Onmem_plus,2,banded_sym_w4,triplet,all,21,2,persistent_chain
G3_Onmem_plus,2,banded_sym_w4,triplet,all,22,1,persistent_chain
G3_Onmem_plus,2,banded_sym_w4,triplet,all,23,1,persistent_chain
G3_Onmem_plus,2,banded_sym_w4,triplet,all,24,3,persistent_chain
G3_Onmem_plus,2,banded_sym_w4,triplet,all,25,1,persistent_chain
G3_Onmem_plus,2,banded_sym_w6,one,all,1,20318,persistent_chain
G3_Onmem_plus,2,banded_sym_w6,one,all,2,7896,persistent_chain
G3_Onmem_plus,2,banded_sym_w6,one,all,3,4174,persistent_chain
G3_Onmem_plus,2,banded_sym_w6,one,all,4,2627,persistent_chain
G3_Onmem_plus,2,banded_sym_w6,one,all,5,1631,persistent_chain
G3_Onmem_plus,2,banded_sym_w6,one,all,6,1182,persistent_chain
G3_Onmem_plus,2,banded_sym_w6,one,all,7,845,persistent_chain
G3_Onmem_plus,2,banded_sym_w6,one,all,8,659,persistent_chain
G3_Onmem_plus,2,banded_sym_w6,one,all,9,447,persistent_chain
G3_Onmem_plus,2,banded_sym_w6,one,all,10,352,persistent_chain
G3_Onmem_plus,2,banded_sym_w6,one,all,11,283,persistent_chain
G3_Onmem_plus,2,banded_sym_w6,one,all,12,229,persistent_chain
G3_Onmem_plus,2,banded_sym_w6,one,all,13,195,persistent_chain
G3_Onmem_plus,2,banded_sym_w6,one,all,14,134,persistent_chain
G3_Onmem_plus,2,banded_sym_w6,one,all,15,111,persistent_chain
G3_Onmem_plus,2,banded_sym_w6,one,all,16,104,persistent_chain
G3_Onmem_plus,2,banded_sym_w6,one,all,17,102,persistent_chain
G3_Onmem_plus,2,banded_sym_w6,one,all,18,60,persistent_chain
G3_Onmem_plus,2,banded_sym_w6,one,all,19,49,persistent_chain
G3_Onmem_plus,2,banded_sym_w6,one,all,20,54,persistent_chain
G3_Onmem_plus,2,banded_sym_w6,one,all,21,60,persistent_chain
G3_Onmem_plus,2,banded_sym_w6,one,all,22,38,persistent_chain
G3_Onmem_plus,2,banded_sym_w6,one,all,23,32,persistent_chain
G3_Onmem_plus,2,banded_sym_w6,one,all,24,32,persistent_chain
G3_Onmem_plus,2,banded_sym_w6,one,all,25,25,persistent_chain
G3_Onmem_plus,2,banded_sym_w6,one,all,26,25,persistent_chain
G3_Onmem_plus,2,banded_sym_w6,one,all,27,25,persistent_chain
G3_Onmem_plus,2,banded_sym_w6,one,all,28,15,persistent_chain
G3_Onmem_plus,2,banded_sym_w6,one,all,29,16,persistent_chain
G3_Onmem_plus,2,banded_sym_w6,one,all,30,11,persistent_chain
G3_Onmem_plus,2,banded_sym_w6,one,all,31,6,persistent_chain
G3_Onmem_plus,2,banded_sym_w6,one,all,32,12,persistent_chain
G3_Onmem_plus,2,banded_sym_w6,one,all,33,9,persistent_chain
G3_Onmem_plus,2,banded_sym_w6,one,all,34,10,persistent_chain
G3_Onmem_plus,2,banded_sym_w6,one,all,35,8,persistent_chain
G3_Onmem_plus,2,banded_sym_w6,one,all,36,5,persistent_chain
G3_Onmem_plus,2,banded_sym_w6,one,all,37,5,persistent_chain
G3_Onmem_plus,2,banded_sym_w6,one,all,38,4,persistent_chain
G3_Onmem_plus,2,banded_sym_w6,one,all,39,9,persistent_chain
G3_Onmem_plus,2,banded_sym_w6,one,all,40,5,persistent_chain
G3_Onmem_plus,2,banded_sym_w6,one,all,41,5,persistent_chain
G3_Onmem_plus,2,banded_sym_w6,one,all,42,6,persistent_chain
G3_Onmem_plus,2,banded_sym_w6,one,all,43,3,persistent_chain
G3_Onmem_plus,2,banded_sym_w6,one,all,44,7,persistent_chain
G3_Onmem_plus,2,banded_sym_w6,one,all,45,3,persistent_chain
G3_Onmem_plus,2,banded_sym_w6,one,all,46,2,persistent_chain
G3_Onmem_plus,2,banded_sym_w6,one,all,47,4,persistent_chain
G3_Onmem_plus,2,banded_sym_w6,one,all,48,2,persistent_chain
G3_Onmem_plus,2,banded_sym_w6,one,all,49,3,persistent_chain
G3_Onmem_plus,2,banded_sym_w6,one,all,50,2,persistent_chain
G3_Onmem_plus,2,banded_sym_w6,one,all,53,2,persistent_chain
G3_Onmem_plus,2,banded_sym_w6,one,all,54,2,persistent_chain
G3_Onmem_plus,2,banded_sym_w6,one,all,55,2,persistent_chain
G3_Onmem_plus,2,banded_sym_w6,one,all,56,1,persistent_chain
G3_Onmem_plus,2,banded_sym_w6,one,all,59,1,persistent_chain
G3_Onmem_plus,2,banded_sym_w6,one,all,65,2,persistent_chain
G3_Onmem_plus,2,banded_sym_w6,one,all,68,1,persistent_chain
G3_Onmem_plus,2,banded_sym_w6,one,all,69,1,persistent_chain
G3_Onmem_plus,2,banded_sym_w6,one,all,70,1,persistent_chain
G3_Onmem_plus,2,banded_sym_w6,one,all,75,1,persistent_chain
G3_Onmem_plus,2,banded_sym_w6,one,all,81,1,persistent_chain
G3_Onmem_plus,2,banded_sym_w6,one,all,82,1,persistent_chain
G3_Onmem_plus,2,banded_sym_w6,one,all,96,1,persistent_chain
G3_Onmem_plus,2,banded_sym_w6,one,all,100,1,persistent_chain
G3_Onmem_plus,2,banded_sym_w6,one,all,103,1,persistent_chain
G3_Onmem_plus,2,banded_sym_w6,three,all,1,15883,persistent_chain
G3_Onmem_plus,2,banded_sym_w6,three,all,2,5675,persistent_chain
G3_Onmem_plus,2,banded_sym_w6,three,all,3,2586,persistent_chain
G3_Onmem_plus,2,banded_sym_w6,three,all,4,1384,persistent_chain
G3_Onmem_plus,2,banded_sym_w6,three,all,5,925,persistent_chain
G3_Onmem_plus,2,banded_sym_w6,three,all,6,565,persistent_chain
G3_Onmem_plus,2,banded_sym_w6,three,all,7,393,persistent_chain
G3_Onmem_plus,2,banded_sym_w6,three,all,8,256,persistent_chain
G3_Onmem_plus,2,banded_sym_w6,three,all,9,190,persistent_chain
G3_Onmem_plus,2,banded_sym_w6,three,all,10,149,persistent_chain
G3_Onmem_plus,2,banded_sym_w6,three,all,11,104,persistent_chain
G3_Onmem_plus,2,banded_sym_w6,three,all,12,80,persistent_chain
G3_Onmem_plus,2,banded_sym_w6,three,all,13,64,persistent_chain
G3_Onmem_plus,2,banded_sym_w6,three,all,14,50,persistent_chain
G3_Onmem_plus,2,banded_sym_w6,three,all,15,43,persistent_chain
G3_Onmem_plus,2,banded_sym_w6,three,all,16,31,persistent_chain
G3_Onmem_plus,2,banded_sym_w6,three,all,17,22,persistent_chain
G3_Onmem_plus,2,banded_sym_w6,three,all,18,16,persistent_chain
G3_Onmem_plus,2,banded_sym_w6,three,all,19,16,persistent_chain
G3_Onmem_plus,2,banded_sym_w6,three,all,20,12,persistent_chain
G3_Onmem_plus,2,banded_sym_w6,three,all,21,17,persistent_chain
G3_Onmem_plus,2,banded_sym_w6,three,all,22,10,persistent_chain
G3_Onmem_plus,2,banded_sym_w6,three,all,23,6,persistent_chain
G3_Onmem_plus,2,banded_sym_w6,three,all,24,2,persistent_chain
G3_Onmem_plus,2,banded_sym_w6,three,all,25,5,persistent_chain
G3_Onmem_plus,2,banded_sym_w6,three,all,26,2,persistent_chain
G3_Onmem_plus,2,banded_sym_w6,three,all,27,4,persistent_chain
G3_Onmem_plus,2,banded_sym_w6,three,all,28,1,persistent_chain
G3_Onmem_plus,2,banded_sym_w6,three,all,29,5,persistent_chain
G3_Onmem_plus,2,banded_sym_w6,three,all,30,5,persistent_chain
G3_Onmem_plus,2,banded_sym_w6,three,all,31,6,persistent_chain
G3_Onmem_plus,2,banded_sym_w6,three,all,32,6,persistent_chain
G3_Onmem_plus,2,banded_sym_w6,three,all,36,1,persistent_chain
G3_Onmem_plus,2,banded_sym_w6,three,all,37,2,persistent_chain
G3_Onmem_plus,2,banded_sym_w6,three,all,38,3,persistent_chain
G3_Onmem_plus,2,banded_sym_w6,three,all,39,2,persistent_chain
G3_Onmem_plus,2,banded_sym_w6,three,all,40,2,persistent_chain
G3_Onmem_plus,2,banded_sym_w6,three,all,41,1,persistent_chain
G3_Onmem_plus,2,banded_sym_w6,three,all,47,1,persistent_chain
G3_Onmem_plus,2,banded_sym_w6,three,all,56,1,persistent_chain
G3_Onmem_plus,2,banded_sym_w6,three,all,79,1,persistent_chain
G3_Onmem_plus,2,banded_sym_w6,triplet,all,1,11617,persistent_chain
G3_Onmem_plus,2,banded_sym_w6,triplet,all,2,3321,persistent_chain
G3_Onmem_plus,2,banded_sym_w6,triplet,all,3,1427,persistent_chain
G3_Onmem_plus,2,banded_sym_w6,triplet,all,4,722,persistent_chain
G3_Onmem_plus,2,banded_sym_w6,triplet,all,5,381,persistent_chain
G3_Onmem_plus,2,banded_sym_w6,triplet,all,6,208,persistent_chain
G3_Onmem_plus,2,banded_sym_w6,triplet,all,7,135,persistent_chain
G3_Onmem_plus,2,banded_sym_w6,triplet,all,8,88,persistent_chain
G3_Onmem_plus,2,banded_sym_w6,triplet,all,9,53,persistent_chain
G3_Onmem_plus,2,banded_sym_w6,triplet,all,10,38,persistent_chain
G3_Onmem_plus,2,banded_sym_w6,triplet,all,11,26,persistent_chain
G3_Onmem_plus,2,banded_sym_w6,triplet,all,12,15,persistent_chain
G3_Onmem_plus,2,banded_sym_w6,triplet,all,13,20,persistent_chain
G3_Onmem_plus,2,banded_sym_w6,triplet,all,14,8,persistent_chain
G3_Onmem_plus,2,banded_sym_w6,triplet,all,15,8,persistent_chain
G3_Onmem_plus,2,banded_sym_w6,triplet,all,16,2,persistent_chain
G3_Onmem_plus,2,banded_sym_w6,triplet,all,17,7,persistent_chain
G3_Onmem_plus,2,banded_sym_w6,triplet,all,18,5,persistent_chain
G3_Onmem_plus,2,banded_sym_w6,triplet,all,19,3,persistent_chain
G3_Onmem_plus,2,banded_sym_w6,triplet,all,20,2,persistent_chain
G3_Onmem_plus,2,banded_sym_w6,triplet,all,21,4,persistent_chain
G3_Onmem_plus,2,banded_sym_w6,triplet,all,23,2,persistent_chain
G3_Onmem_plus,2,banded_sym_w6,triplet,all,24,1,persistent_chain
G3_Onmem_plus,2,banded_sym_w6,triplet,all,25,1,persistent_chain
G3_Onmem_plus,2,banded_sym_w6,triplet,all,26,2,persistent_chain
G3_Onmem_plus,2,banded_sym_w6,triplet,all,29,2,persistent_chain
G3_Onmem_plus,2,banded_sym_w8,one,all,1,22093,persistent_chain
G3_Onmem_plus,2,banded_sym_w8,one,all,2,8778,persistent_chain
G3_Onmem_plus,2,banded_sym_w8,one,all,3,4712,persistent_chain
G3_Onmem_plus,2,banded_sym_w8,one,all,4,2921,persistent_chain
G3_Onmem_plus,2,banded_sym_w8,one,all,5,1840,persistent_chain
G3_Onmem_plus,2,banded_sym_w8,one,all,6,1424,persistent_chain
G3_Onmem_plus,2,banded_sym_w8,one,all,7,975,persistent_chain
G3_Onmem_plus,2,banded_sym_w8,one,all,8,777,persistent_chain
G3_Onmem_plus,2,banded_sym_w8,one,all,9,576,persistent_chain
G3_Onmem_plus,2,banded_sym_w8,one,all,10,447,persistent_chain
G3_Onmem_plus,2,banded_sym_w8,one,all,11,333,persistent_chain
G3_Onmem_plus,2,banded_sym_w8,one,all,12,270,persistent_chain
G3_Onmem_plus,2,banded_sym_w8,one,all,13,238,persistent_chain
G3_Onmem_plus,2,banded_sym_w8,one,all,14,176,persistent_chain
G3_Onmem_plus,2,banded_sym_w8,one,all,15,147,persistent_chain
G3_Onmem_plus,2,banded_sym_w8,one,all,16,130,persistent_chain
G3_Onmem_plus,2,banded_sym_w8,one,all,17,123,persistent_chain
G3_Onmem_plus,2,banded_sym_w8,one,all,18,87,persistent_chain
G3_Onmem_plus,2,banded_sym_w8,one,all,19,69,persistent_chain
G3_Onmem_plus,2,banded_sym_w8,one,all,20,63,persistent_chain
G3_Onmem_plus,2,banded_sym_w8,one,all,21,64,persistent_chain
G3_Onmem_plus,2,banded_sym_w8,one,all,22,58,persistent_chain
G3_Onmem_plus,2,banded_sym_w8,one,all,23,47,persistent_chain
G3_Onmem_plus,2,banded_sym_w8,one,all,24,43,persistent_chain
G3_Onmem_plus,2,banded_sym_w8,one,all,25,33,persistent_chain
G3_Onmem_plus,2,banded_sym_w8,one,all,26,35,persistent_chain
G3_Onmem_plus,2,banded_sym_w8,one,all,27,30,persistent_chain
G3_Onmem_plus,2,banded_sym_w8,one,all,28,26,persistent_chain
G3_Onmem_plus,2,banded_sym_w8,one,all,29,17,persistent_chain
G3_Onmem_plus,2,banded_sym_w8,one,all,30,18,persistent_chain
G3_Onmem_plus,2,banded_sym_w8,one,all,31,18,persistent_chain
G3_Onmem_plus,2,banded_sym_w8,one,all,32,17,persistent_chain
G3_Onmem_plus,2,banded_sym_w8,one,all,33,17,persistent_chain
G3_Onmem_plus,2,banded_sym_w8,one,all,34,10,persistent_chain
G3_Onmem_plus,2,banded_sym_w8,one,all,35,14,persistent_chain
G3_Onmem_plus,2,banded_sym_w8,one,all,36,11,persistent_chain
G3_Onmem_plus,2,banded_sym_w8,one,all,37,8,persistent_chain
G3_Onmem_plus,2,banded_sym_w8,one,all,38,4,persistent_chain
G3_Onmem_plus,2,banded_sym_w8,one,all,39,11,persistent_chain
G3_Onmem_plus,2,banded_sym_w8,one,all,40,9,persistent_chain
G3_Onmem_plus,2,banded_sym_w8,one,all,41,7,persistent_chain
G3_Onmem_plus,2,banded_sym_w8,one,all,42,10,persistent_chain
G3_Onmem_plus,2,banded_sym_w8,one,all,43,7,persistent_chain
G3_Onmem_plus,2,banded_sym_w8,one,all,44,2,persistent_chain
G3_Onmem_plus,2,banded_sym_w8,one,all,45,3,persistent_chain
G3_Onmem_plus,2,banded_sym_w8,one,all,46,6,persistent_chain
G3_Onmem_plus,2,banded_sym_w8,one,all,47,8,persistent_chain
G3_Onmem_plus,2,banded_sym_w8,one,all,48,6,persistent_chain
G3_Onmem_plus,2,banded_sym_w8,one,all,49,1,persistent_chain
G3_Onmem_plus,2,banded_sym_w8,one,all,50,2,persistent_chain
G3_Onmem_plus,2,banded_sym_w8,one,all,51,2,persistent_chain
G3_Onmem_plus,2,banded_sym_w8,one,all,52,1,persistent_chain
G3_Onmem_plus,2,banded_sym_w8,one,all,53,4,persistent_chain
G3_Onmem_plus,2,banded_sym_w8,one,all,54,3,persistent_chain
G3_Onmem_plus,2,banded_sym_w8,one,all,55,3,persistent_chain
G3_Onmem_plus,2,banded_sym_w8,one,all,56,7,persistent_chain
G3_Onmem_plus,2,banded_sym_w8,one,all,57,1,persistent_chain
G3_Onmem_plus,2,banded_sym_w8,one,all,59,1,persistent_chain
G3_Onmem_plus,2,banded_sym_w8,one,all,61,3,persistent_chain
G3_Onmem_plus,2,banded_sym_w8,one,all,62,1,persistent_chain
G3_Onmem_plus,2,banded_sym_w8,one,all,63,1,persistent_chain
G3_Onmem_plus,2,banded_sym_w8,one,all,64,3,persistent_chain
G3_Onmem_plus,2,banded_sym_w8,one,all,66,1,persistent_chain
G3_Onmem_plus,2,banded_sym_w8,one,all,67,2,persistent_chain
G3_Onmem_plus,2,banded_sym_w8,one,all,68,1,persistent_chain
G3_Onmem_plus,2,banded_sym_w8,one,all,69,2,persistent_chain
G3_Onmem_plus,2,banded_sym_w8,one,all,70,1,persistent_chain
G3_Onmem_plus,2,banded_sym_w8,one,all,73,1,persistent_chain
G3_Onmem_plus,2,banded_sym_w8,one,all,75,1,persistent_chain
G3_Onmem_plus,2,banded_sym_w8,one,all,78,2,persistent_chain
G3_Onmem_plus,2,banded_sym_w8,one,all,81,1,persistent_chain
G3_Onmem_plus,2,banded_sym_w8,one,all,82,1,persistent_chain
G3_Onmem_plus,2,banded_sym_w8,one,all,95,1,persistent_chain
G3_Onmem_plus,2,banded_sym_w8,one,all,96,1,persistent_chain
G3_Onmem_plus,2,banded_sym_w8,one,all,97,1,persistent_chain
G3_Onmem_plus,2,banded_sym_w8,one,all,100,1,persistent_chain
G3_Onmem_plus,2,banded_sym_w8,one,all,107,1,persistent_chain
G3_Onmem_plus,2,banded_sym_w8,three,all,1,18125,persistent_chain
G3_Onmem_plus,2,banded_sym_w8,three,all,2,6676,persistent_chain
G3_Onmem_plus,2,banded_sym_w8,three,all,3,3152,persistent_chain
G3_Onmem_plus,2,banded_sym_w8,three,all,4,1763,persistent_chain
G3_Onmem_plus,2,banded_sym_w8,three,all,5,1142,persistent_chain
G3_Onmem_plus,2,banded_sym_w8,three,all,6,734,persistent_chain
G3_Onmem_plus,2,banded_sym_w8,three,all,7,534,persistent_chain
G3_Onmem_plus,2,banded_sym_w8,three,all,8,343,persistent_chain
G3_Onmem_plus,2,banded_sym_w8,three,all,9,256,persistent_chain
G3_Onmem_plus,2,banded_sym_w8,three,all,10,191,persistent_chain
G3_Onmem_plus,2,banded_sym_w8,three,all,11,139,persistent_chain
G3_Onmem_plus,2,banded_sym_w8,three,all,12,122,persistent_chain
G3_Onmem_plus,2,banded_sym_w8,three,all,13,91,persistent_chain
G3_Onmem_plus,2,banded_sym_w8,three,all,14,73,persistent_chain
G3_Onmem_plus,2,banded_sym_w8,three,all,15,60,persistent_chain
G3_Onmem_plus,2,banded_sym_w8,three,all,16,49,persistent_chain
G3_Onmem_plus,2,banded_sym_w8,three,all,17,26,persistent_chain
G3_Onmem_plus,2,banded_sym_w8,three,all,18,29,persistent_chain
G3_Onmem_plus,2,banded_sym_w8,three,all,19,20,persistent_chain
G3_Onmem_plus,2,banded_sym_w8,three,all,20,17,persistent_chain
G3_Onmem_plus,2,banded_sym_w8,three,all,21,23,persistent_chain
G3_Onmem_plus,2,banded_sym_w8,three,all,22,12,persistent_chain
G3_Onmem_plus,2,banded_sym_w8,three,all,23,17,persistent_chain
G3_Onmem_plus,2,banded_sym_w8,three,all,24,7,persistent_chain
G3_Onmem_plus,2,banded_sym_w8,three,all,25,8,persistent_chain
G3_Onmem_plus,2,banded_sym_w8,three,all,26,7,persistent_chain
G3_Onmem_plus,2,banded_sym_w8,three,all,27,3,persistent_chain
G3_Onmem_plus,2,banded_sym_w8,three,all,28,2,persistent_chain
G3_Onmem_plus,2,banded_sym_w8,three,all,29,2,persistent_chain
G3_Onmem_plus,2,banded_sym_w8,three,all,30,4,persistent_chain
G3_Onmem_plus,2,banded_sym_w8,three,all,31,4,persistent_chain
G3_Onmem_plus,2,banded_sym_w8,three,all,32,6,persistent_chain
G3_Onmem_plus,2,banded_sym_w8,three,all,33,3,persistent_chain
G3_Onmem_plus,2,banded_sym_w8,three,all,34,1,persistent_chain
G3_Onmem_plus,2,banded_sym_w8,three,all,35,3,persistent_chain
G3_Onmem_plus,2,banded_sym_w8,three,all,36,3,persistent_chain
G3_Onmem_plus,2,banded_sym_w8,three,all,37,3,persistent_chain
G3_Onmem_plus,2,banded_sym_w8,three,all,38,5,persistent_chain
G3_Onmem_plus,2,banded_sym_w8,three,all,39,1,persistent_chain
G3_Onmem_plus,2,banded_sym_w8,three,all,40,2,persistent_chain
G3_Onmem_plus,2,banded_sym_w8,three,all,41,2,persistent_chain
G3_Onmem_plus,2,banded_sym_w8,three,all,42,1,persistent_chain
G3_Onmem_plus,2,banded_sym_w8,three,all,44,1,persistent_chain
G3_Onmem_plus,2,banded_sym_w8,three,all,45,3,persistent_chain
G3_Onmem_plus,2,banded_sym_w8,three,all,47,3,persistent_chain
G3_Onmem_plus,2,banded_sym_w8,three,all,53,1,persistent_chain
G3_Onmem_plus,2,banded_sym_w8,three,all,56,1,persistent_chain
G3_Onmem_plus,2,banded_sym_w8,three,all,60,1,persistent_chain
G3_Onmem_plus,2,banded_sym_w8,three,all,81,1,persistent_chain
G3_Onmem_plus,2,banded_sym_w8,triplet,all,1,13784,persistent_chain
G3_Onmem_plus,2,banded_sym_w8,triplet,all,2,4135,persistent_chain
G3_Onmem_plus,2,banded_sym_w8,triplet,all,3,1752,persistent_chain
G3_Onmem_plus,2,banded_sym_w8,triplet,all,4,920,persistent_chain
G3_Onmem_plus,2,banded_sym_w8,triplet,all,5,479,persistent_chain
G3_Onmem_plus,2,banded_sym_w8,triplet,all,6,280,persistent_chain
G3_Onmem_plus,2,banded_sym_w8,triplet,all,7,173,persistent_chain
G3_Onmem_plus,2,banded_sym_w8,triplet,all,8,117,persistent_chain
G3_Onmem_plus,2,banded_sym_w8,triplet,all,9,70,persistent_chain
G3_Onmem_plus,2,banded_sym_w8,triplet,all,10,55,persistent_chain
G3_Onmem_plus,2,banded_sym_w8,triplet,all,11,34,persistent_chain
G3_Onmem_plus,2,banded_sym_w8,triplet,all,12,19,persistent_chain
G3_Onmem_plus,2,banded_sym_w8,triplet,all,13,22,persistent_chain
G3_Onmem_plus,2,banded_sym_w8,triplet,all,14,10,persistent_chain
G3_Onmem_plus,2,banded_sym_w8,triplet,all,15,13,persistent_chain
G3_Onmem_plus,2,banded_sym_w8,triplet,all,16,5,persistent_chain
G3_Onmem_plus,2,banded_sym_w8,triplet,all,17,9,persistent_chain
G3_Onmem_plus,2,banded_sym_w8,triplet,all,18,8,persistent_chain
G3_Onmem_plus,2,banded_sym_w8,triplet,all,19,3,persistent_chain
G3_Onmem_plus,2,banded_sym_w8,triplet,all,20,3,persistent_chain
G3_Onmem_plus,2,banded_sym_w8,triplet,all,21,5,persistent_chain
G3_Onmem_plus,2,banded_sym_w8,triplet,all,23,1,persistent_chain
G3_Onmem_plus,2,banded_sym_w8,triplet,all,24,2,persistent_chain
G3_Onmem_plus,2,banded_sym_w8,triplet,all,25,2,persistent_chain
G3_Onmem_plus,2,banded_sym_w8,triplet,all,26,2,persistent_chain
G3_Onmem_plus,2,banded_sym_w8,triplet,all,29,1,persistent_chain
G3_Onmem_plus,2,banded_sym_w8,triplet,all,33,1,persistent_chain
G3_Onmem_plus,2,banded_sym_w8,triplet,all,34,1,persistent_chain
G3_Onmem_plus,2,banded_sym_w10,one,all,1,23907,persistent_chain
G3_Onmem_plus,2,banded_sym_w10,one,all,2,9342,persistent_chain
G3_Onmem_plus,2,banded_sym_w10,one,all,3,5135,persistent_chain
G3_Onmem_plus,2,banded_sym_w10,one,all,4,3232,persistent_chain
G3_Onmem_plus,2,banded_sym_w10,one,all,5,2112,persistent_chain
G3_Onmem_plus,2,banded_sym_w10,one,all,6,1542,persistent_chain
G3_Onmem_plus,2,banded_sym_w10,one,all,7,1123,persistent_chain
G3_Onmem_plus,2,banded_sym_w10,one,all,8,892,persistent_chain
G3_Onmem_plus,2,banded_sym_w10,one,all,9,657,persistent_chain
G3_Onmem_plus,2,banded_sym_w10,one,all,10,525,persistent_chain
G3_Onmem_plus,2,banded_sym_w10,one,all,11,385,persistent_chain
G3_Onmem_plus,2,banded_sym_w10,one,all,12,300,persistent_chain
G3_Onmem_plus,2,banded_sym_w10,one,all,13,277,persistent_chain
G3_Onmem_plus,2,banded_sym_w10,one,all,14,192,persistent_chain
G3_Onmem_plus,2,banded_sym_w10,one,all,15,197,persistent_chain
G3_Onmem_plus,2,banded_sym_w10,one,all,16,148,persistent_chain
G3_Onmem_plus,2,banded_sym_w10,one,all,17,136,persistent_chain
G3_Onmem_plus,2,banded_sym_w10,one,all,18,108,persistent_chain
G3_Onmem_plus,2,banded_sym_w10,one,all,19,88,persistent_chain
G3_Onmem_plus,2,banded_sym_w10,one,all,20,84,persistent_chain
G3_Onmem_plus,2,banded_sym_w10,one,all,21,74,persistent_chain
G3_Onmem_plus,2,banded_sym_w10,one,all,22,78,persistent_chain
G3_Onmem_plus,2,banded_sym_w10,one,all,23,51,persistent_chain
G3_Onmem_plus,2,banded_sym_w10,one,all,24,53,persistent_chain
G3_Onmem_plus,2,banded_sym_w10,one,all,25,37,persistent_chain
G3_Onmem_plus,2,banded_sym_w10,one,all,26,46,persistent_chain
G3_Onmem_plus,2,banded_sym_w10,one,all,27,31,persistent_chain
G3_Onmem_plus,2,banded_sym_w10,one,all,28,36,persistent_chain
G3_Onmem_plus,2,banded_sym_w10,one,all,29,26,persistent_chain
G3_Onmem_plus,2,banded_sym_w10,one,all,30,19,persistent_chain
G3_Onmem_plus,2,banded_sym_w10,one,all,31,21,persistent_chain
G3_Onmem_plus,2,banded_sym_w10,one,all,32,24,persistent_chain
G3_Onmem_plus,2,banded_sym_w10,one,all,33,17,persistent_chain
G3_Onmem_plus,2,banded_sym_w10,one,all,34,20,persistent_chain
G3_Onmem_plus,2,banded_sym_w10,one,all,35,15,persistent_chain
G3_Onmem_plus,2,banded_sym_w10,one,all,36,14,persistent_chain
G3_Onmem_plus,2,banded_sym_w10,one,all,37,11,persistent_chain
G3_Onmem_plus,2,banded_sym_w10,one,all,38,6,persistent_chain
G3_Onmem_plus,2,banded_sym_w10,one,all,39,12,persistent_chain
G3_Onmem_plus,2,banded_sym_w10,one,all,40,12,persistent_chain
G3_Onmem_plus,2,banded_sym_w10,one,all,41,10,persistent_chain
G3_Onmem_plus,2,banded_sym_w10,one,all,42,10,persistent_chain
G3_Onmem_plus,2,banded_sym_w10,one,all,43,7,persistent_chain
G3_Onmem_plus,2,banded_sym_w10,one,all,44,7,persistent_chain
G3_Onmem_plus,2,banded_sym_w10,one,all,45,7,persistent_chain
G3_Onmem_plus,2,banded_sym_w10,one,all,46,4,persistent_chain
G3_Onmem_plus,2,banded_sym_w10,one,all,47,5,persistent_chain
G3_Onmem_plus,2,banded_sym_w10,one,all,48,7,persistent_chain
G3_Onmem_plus,2,banded_sym_w10,one,all,49,2,persistent_chain
G3_Onmem_plus,2,banded_sym_w10,one,all,50,1,persistent_chain
G3_Onmem_plus,2,banded_sym_w10,one,all,51,1,persistent_chain
G3_Onmem_plus,2,banded_sym_w10,one,all,52,4,persistent_chain
G3_Onmem_plus,2,banded_sym_w10,one,all,53,3,persistent_chain
G3_Onmem_plus,2,banded_sym_w10,one,all,54,3,persistent_chain
G3_Onmem_plus,2,banded_sym_w10,one,all,55,3,persistent_chain
G3_Onmem_plus,2,banded_sym_w10,one,all,56,11,persistent_chain
G3_Onmem_plus,2,banded_sym_w10,one,all,57,3,persistent_chain
G3_Onmem_plus,2,banded_sym_w10,one,all,58,2,persistent_chain
G3_Onmem_plus,2,banded_sym_w10,one,all,59,2,persistent_chain
G3_Onmem_plus,2,banded_sym_w10,one,all,60,2,persistent_chain
G3_Onmem_plus,2,banded_sym_w10,one,all,61,1,persistent_chain
G3_Onmem_plus,2,banded_sym_w10,one,all,62,2,persistent_chain
G3_Onmem_plus,2,banded_sym_w10,one,all,63,2,persistent_chain
G3_Onmem_plus,2,banded_sym_w10,one,all,64,4,persistent_chain
G3_Onmem_plus,2,banded_sym_w10,one,all,66,5,persistent_chain
G3_Onmem_plus,2,banded_sym_w10,one,all,67,2,persistent_chain
G3_Onmem_plus,2,banded_sym_w10,one,all,69,3,persistent_chain
G3_Onmem_plus,2,banded_sym_w10,one,all,70,2,persistent_chain
G3_Onmem_plus,2,banded_sym_w10,one,all,71,1,persistent_chain
G3_Onmem_plus,2,banded_sym_w10,one,all,72,1,persistent_chain
G3_Onmem_plus,2,banded_sym_w10,one,all,73,2,persistent_chain
G3_Onmem_plus,2,banded_sym_w10,one,all,75,1,persistent_chain
G3_Onmem_plus,2,banded_sym_w10,one,all,76,2,persistent_chain
G3_Onmem_plus,2,banded_sym_w10,one,all,78,1,persistent_chain
G3_Onmem_plus,2,banded_sym_w10,one,all,79,2,persistent_chain
G3_Onmem_plus,2,banded_sym_w10,one,all,80,2,persistent_chain
G3_Onmem_plus,2,banded_sym_w10,one,all,81,1,persistent_chain
G3_Onmem_plus,2,banded_sym_w10,one,all,87,1,persistent_chain
G3_Onmem_plus,2,banded_sym_w10,one,all,92,1,persistent_chain
G3_Onmem_plus,2,banded_sym_w10,one,all,95,1,persistent_chain
G3_Onmem_plus,2,banded_sym_w10,one,all,96,1,persistent_chain
G3_Onmem_plus,2,banded_sym_w10,one,all,101,1,persistent_chain
G3_Onmem_plus,2,banded_sym_w10,one,all,102,1,persistent_chain
G3_Onmem_plus,2,banded_sym_w10,one,all,105,1,persistent_chain
G3_Onmem_plus,2,banded_sym_w10,one,all,115,1,persistent_chain
G3_Onmem_plus,2,banded_sym_w10,one,all,120,1,persistent_chain
G3_Onmem_plus,2,banded_sym_w10,three,all,1,20042,persistent_chain
G3_Onmem_plus,2,banded_sym_w10,three,all,2,7353,persistent_chain
G3_Onmem_plus,2,banded_sym_w10,three,all,3,3616,persistent_chain
G3_Onmem_plus,2,banded_sym_w10,three,all,4,2080,persistent_chain
G3_Onmem_plus,2,banded_sym_w10,three,all,5,1336,persistent_chain
G3_Onmem_plus,2,banded_sym_w10,three,all,6,847,persistent_chain
G3_Onmem_plus,2,banded_sym_w10,three,all,7,644,persistent_chain
G3_Onmem_plus,2,banded_sym_w10,three,all,8,431,persistent_chain
G3_Onmem_plus,2,banded_sym_w10,three,all,9,312,persistent_chain
G3_Onmem_plus,2,banded_sym_w10,three,all,10,231,persistent_chain
G3_Onmem_plus,2,banded_sym_w10,three,all,11,183,persistent_chain
G3_Onmem_plus,2,banded_sym_w10,three,all,12,138,persistent_chain
G3_Onmem_plus,2,banded_sym_w10,three,all,13,124,persistent_chain
G3_Onmem_plus,2,banded_sym_w10,three,all,14,85,persistent_chain
G3_Onmem_plus,2,banded_sym_w10,three,all,15,82,persistent_chain
G3_Onmem_plus,2,banded_sym_w10,three,all,16,60,persistent_chain
G3_Onmem_plus,2,banded_sym_w10,three,all,17,43,persistent_chain
G3_Onmem_plus,2,banded_sym_w10,three,all,18,37,persistent_chain
G3_Onmem_plus,2,banded_sym_w10,three,all,19,31,persistent_chain
G3_Onmem_plus,2,banded_sym_w10,three,all,20,21,persistent_chain
G3_Onmem_plus,2,banded_sym_w10,three,all,21,37,persistent_chain
G3_Onmem_plus,2,banded_sym_w10,three,all,22,13,persistent_chain
G3_Onmem_plus,2,banded_sym_w10,three,all,23,22,persistent_chain
G3_Onmem_plus,2,banded_sym_w10,three,all,24,13,persistent_chain
G3_Onmem_plus,2,banded_sym_w10,three,all,25,12,persistent_chain
G3_Onmem_plus,2,banded_sym_w10,three,all,26,12,persistent_chain
G3_Onmem_plus,2,banded_sym_w10,three,all,27,10,persistent_chain
G3_Onmem_plus,2,banded_sym_w10,three,all,28,2,persistent_chain
G3_Onmem_plus,2,banded_sym_w10,three,all,29,5,persistent_chain
G3_Onmem_plus,2,banded_sym_w10,three,all,30,4,persistent_chain
G3_Onmem_plus,2,banded_sym_w10,three,all,31,4,persistent_chain
G3_Onmem_plus,2,banded_sym_w10,three,all,32,5,persistent_chain
G3_Onmem_plus,2,banded_sym_w10,three,all,33,8,persistent_chain
G3_Onmem_plus,2,banded_sym_w10,three,all,34,2,persistent_chain
G3_Onmem_plus,2,banded_sym_w10,three,all,35,2,persistent_chain
G3_Onmem_plus,2,banded_sym_w10,three,all,36,5,persistent_chain
G3_Onmem_plus,2,banded_sym_w10,three,all,37,2,persistent_chain
G3_Onmem_plus,2,banded_sym_w10,three,all,38,7,persistent_chain
G3_Onmem_plus,2,banded_sym_w10,three,all,39,4,persistent_chain
G3_Onmem_plus,2,banded_sym_w10,three,all,41,2,persistent_chain
G3_Onmem_plus,2,banded_sym_w10,three,all,44,2,persistent_chain
G3_Onmem_plus,2,banded_sym_w10,three,all,45,3,persistent_chain
G3_Onmem_plus,2,banded_sym_w10,three,all,47,2,persistent_chain
G3_Onmem_plus,2,banded_sym_w10,three,all,48,1,persistent_chain
G3_Onmem_plus,2,banded_sym_w10,three,all,49,2,persistent_chain
G3_Onmem_plus,2,banded_sym_w10,three,all,50,1,persistent_chain
G3_Onmem_plus,2,banded_sym_w10,three,all,52,1,persistent_chain
G3_Onmem_plus,2,banded_sym_w10,three,all,53,1,persistent_chain
G3_Onmem_plus,2,banded_sym_w10,three,all,55,1,persistent_chain
G3_Onmem_plus,2,banded_sym_w10,three,all,56,1,persistent_chain
G3_Onmem_plus,2,banded_sym_w10,three,all,57,1,persistent_chain
G3_Onmem_plus,2,banded_sym_w10,three,all,59,1,persistent_chain
G3_Onmem_plus,2,banded_sym_w10,three,all,60,1,persistent_chain
G3_Onmem_plus,2,banded_sym_w10,three,all,72,1,persistent_chain
G3_Onmem_plus,2,banded_sym_w10,three,all,95,1,persistent_chain
G3_Onmem_plus,2,banded_sym_w10,triplet,all,1,15757,persistent_chain
G3_Onmem_plus,2,banded_sym_w10,triplet,all,2,4772,persistent_chain
G3_Onmem_plus,2,banded_sym_w10,triplet,all,3,2094,persistent_chain
G3_Onmem_plus,2,banded_sym_w10,triplet,all,4,1087,persistent_chain
G3_Onmem_plus,2,banded_sym_w10,triplet,all,5,591,persistent_chain
G3_Onmem_plus,2,banded_sym_w10,triplet,all,6,348,persistent_chain
G3_Onmem_plus,2,banded_sym_w10,triplet,all,7,225,persistent_chain
G3_Onmem_plus,2,banded_sym_w10,triplet,all,8,150,persistent_chain
G3_Onmem_plus,2,banded_sym_w10,triplet,all,9,89,persistent_chain
G3_Onmem_plus,2,banded_sym_w10,triplet,all,10,59,persistent_chain
G3_Onmem_plus,2,banded_sym_w10,triplet,all,11,41,persistent_chain
G3_Onmem_plus,2,banded_sym_w10,triplet,all,12,23,persistent_chain
G3_Onmem_plus,2,banded_sym_w10,triplet,all,13,26,persistent_chain
G3_Onmem_plus,2,banded_sym_w10,triplet,all,14,15,persistent_chain
G3_Onmem_plus,2,banded_sym_w10,triplet,all,15,15,persistent_chain
G3_Onmem_plus,2,banded_sym_w10,triplet,all,16,10,persistent_chain
G3_Onmem_plus,2,banded_sym_w10,triplet,all,17,8,persistent_chain
G3_Onmem_plus,2,banded_sym_w10,triplet,all,18,7,persistent_chain
G3_Onmem_plus,2,banded_sym_w10,triplet,all,19,5,persistent_chain
G3_Onmem_plus,2,banded_sym_w10,triplet,all,20,6,persistent_chain
G3_Onmem_plus,2,banded_sym_w10,triplet,all,21,6,persistent_chain
G3_Onmem_plus,2,banded_sym_w10,triplet,all,23,1,persistent_chain
G3_Onmem_plus,2,banded_sym_w10,triplet,all,24,3,persistent_chain
G3_Onmem_plus,2,banded_sym_w10,triplet,all,25,2,persistent_chain
G3_Onmem_plus,2,banded_sym_w10,triplet,all,26,2,persistent_chain
G3_Onmem_plus,2,banded_sym_w10,triplet,all,27,1,persistent_chain
G3_Onmem_plus,2,banded_sym_w10,triplet,all,29,1,persistent_chain
G3_Onmem_plus,2,banded_sym_w10,triplet,all,34,1,persistent_chain
G3_Onmem_plus,2,banded_sym_w10,triplet,all,40,1,persistent_chain
G3_Onmem_plus,2,banded_anti_w4,one,all,1,17824,persistent_chain
G3_Onmem_plus,2,banded_anti_w4,one,all,2,6587,persistent_chain
G3_Onmem_plus,2,banded_anti_w4,one,all,3,3511,persistent_chain
G3_Onmem_plus,2,banded_anti_w4,one,all,4,1975,persistent_chain
G3_Onmem_plus,2,banded_anti_w4,one,all,5,1360,persistent_chain
G3_Onmem_plus,2,banded_anti_w4,one,all,6,870,persistent_chain
G3_Onmem_plus,2,banded_anti_w4,one,all,7,583,persistent_chain
G3_Onmem_plus,2,banded_anti_w4,one,all,8,411,persistent_chain
G3_Onmem_plus,2,banded_anti_w4,one,all,9,308,persistent_chain
G3_Onmem_plus,2,banded_anti_w4,one,all,10,232,persistent_chain
G3_Onmem_plus,2,banded_anti_w4,one,all,11,210,persistent_chain
G3_Onmem_plus,2,banded_anti_w4,one,all,12,141,persistent_chain
G3_Onmem_plus,2,banded_anti_w4,one,all,13,109,persistent_chain
G3_Onmem_plus,2,banded_anti_w4,one,all,14,88,persistent_chain
G3_Onmem_plus,2,banded_anti_w4,one,all,15,88,persistent_chain
G3_Onmem_plus,2,banded_anti_w4,one,all,16,59,persistent_chain
G3_Onmem_plus,2,banded_anti_w4,one,all,17,48,persistent_chain
G3_Onmem_plus,2,banded_anti_w4,one,all,18,50,persistent_chain
G3_Onmem_plus,2,banded_anti_w4,one,all,19,28,persistent_chain
G3_Onmem_plus,2,banded_anti_w4,one,all,20,17,persistent_chain
G3_Onmem_plus,2,banded_anti_w4,one,all,21,20,persistent_chain
G3_Onmem_plus,2,banded_anti_w4,one,all,22,16,persistent_chain
G3_Onmem_plus,2,banded_anti_w4,one,all,23,24,persistent_chain
G3_Onmem_plus,2,banded_anti_w4,one,all,24,15,persistent_chain
G3_Onmem_plus,2,banded_anti_w4,one,all,25,23,persistent_chain
G3_Onmem_plus,2,banded_anti_w4,one,all,26,13,persistent_chain
G3_Onmem_plus,2,banded_anti_w4,one,all,27,8,persistent_chain
G3_Onmem_plus,2,banded_anti_w4,one,all,28,9,persistent_chain
G3_Onmem_plus,2,banded_anti_w4,one,all,29,10,persistent_chain
G3_Onmem_plus,2,banded_anti_w4,one,all,30,1,persistent_chain
G3_Onmem_plus,2,banded_anti_w4,one,all,31,5,persistent_chain
G3_Onmem_plus,2,banded_anti_w4,one,all,32,6,persistent_chain
G3_Onmem_plus,2,banded_anti_w4,one,all,33,3,persistent_chain
G3_Onmem_plus,2,banded_anti_w4,one,all,34,4,persistent_chain
G3_Onmem_plus,2,banded_anti_w4,one,all,35,3,persistent_chain
G3_Onmem_plus,2,banded_anti_w4,one,all,36,4,persistent_chain
G3_Onmem_plus,2,banded_anti_w4,one,all,37,6,persistent_chain
G3_Onmem_plus,2,banded_anti_w4,one,all,38,2,persistent_chain
G3_Onmem_plus,2,banded_anti_w4,one,all,39,2,persistent_chain
G3_Onmem_plus,2,banded_anti_w4,one,all,41,1,persistent_chain
G3_Onmem_plus,2,banded_anti_w4,one,all,42,2,persistent_chain
G3_Onmem_plus,2,banded_anti_w4,one,all,43,1,persistent_chain
G3_Onmem_plus,2,banded_anti_w4,one,all,44,4,persistent_chain
G3_Onmem_plus,2,banded_anti_w4,one,all,48,1,persistent_chain
G3_Onmem_plus,2,banded_anti_w4,one,all,49,2,persistent_chain
G3_Onmem_plus,2,banded_anti_w4,one,all,50,1,persistent_chain
G3_Onmem_plus,2,banded_anti_w4,one,all,51,1,persistent_chain
G3_Onmem_plus,2,banded_anti_w4,one,all,54,1,persistent_chain
G3_Onmem_plus,2,banded_anti_w4,one,all,55,1,persistent_chain
G3_Onmem_plus,2,banded_anti_w4,one,all,72,1,persistent_chain
G3_Onmem_plus,2,banded_anti_w4,one,all,73,1,persistent_chain
G3_Onmem_plus,2,banded_anti_w4,one,all,90,1,persistent_chain
G3_Onmem_plus,2,banded_anti_w4,one,all,91,1,persistent_chain
G3_Onmem_plus,2,banded_anti_w4,three,all,1,12492,persistent_chain
G3_Onmem_plus,2,banded_anti_w4,three,all,2,4161,persistent_chain
G3_Onmem_plus,2,banded_anti_w4,three,all,3,1891,persistent_chain
G3_Onmem_plus,2,banded_anti_w4,three,all,4,998,persistent_chain
G3_Onmem_plus,2,banded_anti_w4,three,all,5,556,persistent_chain
G3_Onmem_plus,2,banded_anti_w4,three,all,6,343,persistent_chain
G3_Onmem_plus,2,banded_anti_w4,three,all,7,226,persistent_chain
G3_Onmem_plus,2,banded_anti_w4,three,all,8,144,persistent_chain
G3_Onmem_plus,2,banded_anti_w4,three,all,9,100,persistent_chain
G3_Onmem_plus,2,banded_anti_w4,three,all,10,83,persistent_chain
G3_Onmem_plus,2,banded_anti_w4,three,all,11,56,persistent_chain
G3_Onmem_plus,2,banded_anti_w4,three,all,12,37,persistent_chain
G3_Onmem_plus,2,banded_anti_w4,three,all,13,27,persistent_chain
G3_Onmem_plus,2,banded_anti_w4,three,all,14,19,persistent_chain
G3_Onmem_plus,2,banded_anti_w4,three,all,15,19,persistent_chain
G3_Onmem_plus,2,banded_anti_w4,three,all,16,16,persistent_chain
G3_Onmem_plus,2,banded_anti_w4,three,all,17,10,persistent_chain
G3_Onmem_plus,2,banded_anti_w4,three,all,18,10,persistent_chain
G3_Onmem_plus,2,banded_anti_w4,three,all,19,10,persistent_chain
G3_Onmem_plus,2,banded_anti_w4,three,all,20,8,persistent_chain
G3_Onmem_plus,2,banded_anti_w4,three,all,21,6,persistent_chain
G3_Onmem_plus,2,banded_anti_w4,three,all,22,8,persistent_chain
G3_Onmem_plus,2,banded_anti_w4,three,all,23,3,persistent_chain
G3_Onmem_plus,2,banded_anti_w4,three,all,24,3,persistent_chain
G3_Onmem_plus,2,banded_anti_w4,three,all,25,1,persistent_chain
G3_Onmem_plus,2,banded_anti_w4,three,all,26,4,persistent_chain
G3_Onmem_plus,2,banded_anti_w4,three,all,29,1,persistent_chain
G3_Onmem_plus,2,banded_anti_w4,three,all,32,2,persistent_chain
G3_Onmem_plus,2,banded_anti_w4,three,all,36,1,persistent_chain
G3_Onmem_plus,2,banded_anti_w4,three,all,38,1,persistent_chain
G3_Onmem_plus,2,banded_anti_w4,three,all,39,1,persistent_chain
G3_Onmem_plus,2,banded_anti_w4,three,all,48,1,persistent_chain
G3_Onmem_plus,2,banded_anti_w4,triplet,all,1,8886,persistent_chain
G3_Onmem_plus,2,banded_anti_w4,triplet,all,2,2426,persistent_chain
G3_Onmem_plus,2,banded_anti_w4,triplet,all,3,971,persistent_chain
G3_Onmem_plus,2,banded_anti_w4,triplet,all,4,469,persistent_chain
G3_Onmem_plus,2,banded_anti_w4,triplet,all,5,242,persistent_chain
G3_Onmem_plus,2,banded_anti_w4,triplet,all,6,145,persistent_chain
G3_Onmem_plus,2,banded_anti_w4,triplet,all,7,96,persistent_chain
G3_Onmem_plus,2,banded_anti_w4,triplet,all,8,49,persistent_chain
G3_Onmem_plus,2,banded_anti_w4,triplet,all,9,31,persistent_chain
G3_Onmem_plus,2,banded_anti_w4,triplet,all,10,20,persistent_chain
G3_Onmem_plus,2,banded_anti_w4,triplet,all,11,18,persistent_chain
G3_Onmem_plus,2,banded_anti_w4,triplet,all,12,8,persistent_chain
G3_Onmem_plus,2,banded_anti_w4,triplet,all,13,7,persistent_chain
G3_Onmem_plus,2,banded_anti_w4,triplet,all,14,6,persistent_chain
G3_Onmem_plus,2,banded_anti_w4,triplet,all,15,6,persistent_chain
G3_Onmem_plus,2,banded_anti_w4,triplet,all,16,3,persistent_chain
G3_Onmem_plus,2,banded_anti_w4,triplet,all,17,3,persistent_chain
G3_Onmem_plus,2,banded_anti_w4,triplet,all,18,2,persistent_chain
G3_Onmem_plus,2,banded_anti_w4,triplet,all,19,3,persistent_chain
G3_Onmem_plus,2,banded_anti_w4,triplet,all,20,2,persistent_chain
G3_Onmem_plus,2,banded_anti_w4,triplet,all,26,1,persistent_chain
G3_Onmem_plus,2,banded_anti_w6,one,all,1,20199,persistent_chain
G3_Onmem_plus,2,banded_anti_w6,one,all,2,7658,persistent_chain
G3_Onmem_plus,2,banded_anti_w6,one,all,3,4273,persistent_chain
G3_Onmem_plus,2,banded_anti_w6,one,all,4,2444,persistent_chain
G3_Onmem_plus,2,banded_anti_w6,one,all,5,1650,persistent_chain
G3_Onmem_plus,2,banded_anti_w6,one,all,6,1143,persistent_chain
G3_Onmem_plus,2,banded_anti_w6,one,all,7,813,persistent_chain
G3_Onmem_plus,2,banded_anti_w6,one,all,8,534,persistent_chain
G3_Onmem_plus,2,banded_anti_w6,one,all,9,468,persistent_chain
G3_Onmem_plus,2,banded_anti_w6,one,all,10,313,persistent_chain
G3_Onmem_plus,2,banded_anti_w6,one,all,11,314,persistent_chain
G3_Onmem_plus,2,banded_anti_w6,one,all,12,223,persistent_chain
G3_Onmem_plus,2,banded_anti_w6,one,all,13,180,persistent_chain
G3_Onmem_plus,2,banded_anti_w6,one,all,14,133,persistent_chain
G3_Onmem_plus,2,banded_anti_w6,one,all,15,127,persistent_chain
G3_Onmem_plus,2,banded_anti_w6,one,all,16,97,persistent_chain
G3_Onmem_plus,2,banded_anti_w6,one,all,17,67,persistent_chain
G3_Onmem_plus,2,banded_anti_w6,one,all,18,78,persistent_chain
G3_Onmem_plus,2,banded_anti_w6,one,all,19,53,persistent_chain
G3_Onmem_plus,2,banded_anti_w6,one,all,20,45,persistent_chain
G3_Onmem_plus,2,banded_anti_w6,one,all,21,45,persistent_chain
G3_Onmem_plus,2,banded_anti_w6,one,all,22,30,persistent_chain
G3_Onmem_plus,2,banded_anti_w6,one,all,23,29,persistent_chain
G3_Onmem_plus,2,banded_anti_w6,one,all,24,31,persistent_chain
G3_Onmem_plus,2,banded_anti_w6,one,all,25,30,persistent_chain
G3_Onmem_plus,2,banded_anti_w6,one,all,26,26,persistent_chain
G3_Onmem_plus,2,banded_anti_w6,one,all,27,22,persistent_chain
G3_Onmem_plus,2,banded_anti_w6,one,all,28,21,persistent_chain
G3_Onmem_plus,2,banded_anti_w6,one,all,29,14,persistent_chain
G3_Onmem_plus,2,banded_anti_w6,one,all,30,8,persistent_chain
G3_Onmem_plus,2,banded_anti_w6,one,all,31,12,persistent_chain
G3_Onmem_plus,2,banded_anti_w6,one,all,32,11,persistent_chain
G3_Onmem_plus,2,banded_anti_w6,one,all,33,6,persistent_chain
G3_Onmem_plus,2,banded_anti_w6,one,all,34,8,persistent_chain
G3_Onmem_plus,2,banded_anti_w6,one,all,35,6,persistent_chain
G3_Onmem_plus,2,banded_anti_w6,one,all,36,9,persistent_chain
G3_Onmem_plus,2,banded_anti_w6,one,all,37,8,persistent_chain
G3_Onmem_plus,2,banded_anti_w6,one,all,38,5,persistent_chain
G3_Onmem_plus,2,banded_anti_w6,one,all,39,4,persistent_chain
G3_Onmem_plus,2,banded_anti_w6,one,all,40,8,persistent_chain
G3_Onmem_plus,2,banded_anti_w6,one,all,41,1,persistent_chain
G3_Onmem_plus,2,banded_anti_w6,one,all,42,6,persistent_chain
G3_Onmem_plus,2,banded_anti_w6,one,all,43,5,persistent_chain
G3_Onmem_plus,2,banded_anti_w6,one,all,44,6,persistent_chain
G3_Onmem_plus,2,banded_anti_w6,one,all,45,4,persistent_chain
G3_Onmem_plus,2,banded_anti_w6,one,all,46,2,persistent_chain
G3_Onmem_plus,2,banded_anti_w6,one,all,47,1,persistent_chain
G3_Onmem_plus,2,banded_anti_w6,one,all,48,1,persistent_chain
G3_Onmem_plus,2,banded_anti_w6,one,all,49,1,persistent_chain
G3_Onmem_plus,2,banded_anti_w6,one,all,50,4,persistent_chain
G3_Onmem_plus,2,banded_anti_w6,one,all,51,1,persistent_chain
G3_Onmem_plus,2,banded_anti_w6,one,all,52,2,persistent_chain
G3_Onmem_plus,2,banded_anti_w6,one,all,53,1,persistent_chain
G3_Onmem_plus,2,banded_anti_w6,one,all,54,2,persistent_chain
G3_Onmem_plus,2,banded_anti_w6,one,all,56,2,persistent_chain
G3_Onmem_plus,2,banded_anti_w6,one,all,57,2,persistent_chain
G3_Onmem_plus,2,banded_anti_w6,one,all,63,1,persistent_chain
G3_Onmem_plus,2,banded_anti_w6,one,all,70,2,persistent_chain
G3_Onmem_plus,2,banded_anti_w6,one,all,72,1,persistent_chain
G3_Onmem_plus,2,banded_anti_w6,one,all,74,1,persistent_chain
G3_Onmem_plus,2,banded_anti_w6,one,all,75,1,persistent_chain
G3_Onmem_plus,2,banded_anti_w6,one,all,79,1,persistent_chain
G3_Onmem_plus,2,banded_anti_w6,one,all,82,1,persistent_chain
G3_Onmem_plus,2,banded_anti_w6,one,all,91,2,persistent_chain
G3_Onmem_plus,2,banded_anti_w6,one,all,110,1,persistent_chain
G3_Onmem_plus,2,banded_anti_w6,three,all,1,15506,persistent_chain
G3_Onmem_plus,2,banded_anti_w6,three,all,2,5384,persistent_chain
G3_Onmem_plus,2,banded_anti_w6,three,all,3,2658,persistent_chain
G3_Onmem_plus,2,banded_anti_w6,three,all,4,1517,persistent_chain
G3_Onmem_plus,2,banded_anti_w6,three,all,5,850,persistent_chain
G3_Onmem_plus,2,banded_anti_w6,three,all,6,585,persistent_chain
G3_Onmem_plus,2,banded_anti_w6,three,all,7,366,persistent_chain
G3_Onmem_plus,2,banded_anti_w6,three,all,8,246,persistent_chain
G3_Onmem_plus,2,banded_anti_w6,three,all,9,181,persistent_chain
G3_Onmem_plus,2,banded_anti_w6,three,all,10,132,persistent_chain
G3_Onmem_plus,2,banded_anti_w6,three,all,11,121,persistent_chain
G3_Onmem_plus,2,banded_anti_w6,three,all,12,74,persistent_chain
G3_Onmem_plus,2,banded_anti_w6,three,all,13,63,persistent_chain
G3_Onmem_plus,2,banded_anti_w6,three,all,14,46,persistent_chain
G3_Onmem_plus,2,banded_anti_w6,three,all,15,29,persistent_chain
G3_Onmem_plus,2,banded_anti_w6,three,all,16,35,persistent_chain
G3_Onmem_plus,2,banded_anti_w6,three,all,17,16,persistent_chain
G3_Onmem_plus,2,banded_anti_w6,three,all,18,22,persistent_chain
G3_Onmem_plus,2,banded_anti_w6,three,all,19,23,persistent_chain
G3_Onmem_plus,2,banded_anti_w6,three,all,20,14,persistent_chain
G3_Onmem_plus,2,banded_anti_w6,three,all,21,13,persistent_chain
G3_Onmem_plus,2,banded_anti_w6,three,all,22,14,persistent_chain
G3_Onmem_plus,2,banded_anti_w6,three,all,23,8,persistent_chain
G3_Onmem_plus,2,banded_anti_w6,three,all,24,4,persistent_chain
G3_Onmem_plus,2,banded_anti_w6,three,all,25,3,persistent_chain
G3_Onmem_plus,2,banded_anti_w6,three,all,26,5,persistent_chain
G3_Onmem_plus,2,banded_anti_w6,three,all,27,3,persistent_chain
G3_Onmem_plus,2,banded_anti_w6,three,all,28,4,persistent_chain
G3_Onmem_plus,2,banded_anti_w6,three,all,29,1,persistent_chain
G3_Onmem_plus,2,banded_anti_w6,three,all,32,5,persistent_chain
G3_Onmem_plus,2,banded_anti_w6,three,all,33,3,persistent_chain
G3_Onmem_plus,2,banded_anti_w6,three,all,34,2,persistent_chain
G3_Onmem_plus,2,banded_anti_w6,three,all,35,2,persistent_chain
G3_Onmem_plus,2,banded_anti_w6,three,all,37,3,persistent_chain
G3_Onmem_plus,2,banded_anti_w6,three,all,38,3,persistent_chain
G3_Onmem_plus,2,banded_anti_w6,three,all,41,1,persistent_chain
G3_Onmem_plus,2,banded_anti_w6,three,all,51,2,persistent_chain
G3_Onmem_plus,2,banded_anti_w6,three,all,62,1,persistent_chain
G3_Onmem_plus,2,banded_anti_w6,triplet,all,1,11761,persistent_chain
G3_Onmem_plus,2,banded_anti_w6,triplet,all,2,3499,persistent_chain
G3_Onmem_plus,2,banded_anti_w6,triplet,all,3,1444,persistent_chain
G3_Onmem_plus,2,banded_anti_w6,triplet,all,4,708,persistent_chain
G3_Onmem_plus,2,banded_anti_w6,triplet,all,5,398,persistent_chain
G3_Onmem_plus,2,banded_anti_w6,triplet,all,6,218,persistent_chain
G3_Onmem_plus,2,banded_anti_w6,triplet,all,7,140,persistent_chain
G3_Onmem_plus,2,banded_anti_w6,triplet,all,8,73,persistent_chain
G3_Onmem_plus,2,banded_anti_w6,triplet,all,9,52,persistent_chain
G3_Onmem_plus,2,banded_anti_w6,triplet,all,10,36,persistent_chain
G3_Onmem_plus,2,banded_anti_w6,triplet,all,11,31,persistent_chain
G3_Onmem_plus,2,banded_anti_w6,triplet,all,12,21,persistent_chain
G3_Onmem_plus,2,banded_anti_w6,triplet,all,13,17,persistent_chain
G3_Onmem_plus,2,banded_anti_w6,triplet,all,14,6,persistent_chain
G3_Onmem_plus,2,banded_anti_w6,triplet,all,15,13,persistent_chain
G3_Onmem_plus,2,banded_anti_w6,triplet,all,16,4,persistent_chain
G3_Onmem_plus,2,banded_anti_w6,triplet,all,17,5,persistent_chain
G3_Onmem_plus,2,banded_anti_w6,triplet,all,18,4,persistent_chain
G3_Onmem_plus,2,banded_anti_w6,triplet,all,19,1,persistent_chain
G3_Onmem_plus,2,banded_anti_w6,triplet,all,20,4,persistent_chain
G3_Onmem_plus,2,banded_anti_w6,triplet,all,21,3,persistent_chain
G3_Onmem_plus,2,banded_anti_w6,triplet,all,22,4,persistent_chain
G3_Onmem_plus,2,banded_anti_w6,triplet,all,24,2,persistent_chain
G3_Onmem_plus,2,banded_anti_w6,triplet,all,26,1,persistent_chain
G3_Onmem_plus,2,banded_anti_w6,triplet,all,29,1,persistent_chain
G3_Onmem_plus,2,banded_anti_w6,triplet,all,52,1,persistent_chain
G3_Onmem_plus,2,banded_anti_w8,one,all,1,22314,persistent_chain
G3_Onmem_plus,2,banded_anti_w8,one,all,2,8710,persistent_chain
G3_Onmem_plus,2,banded_anti_w8,one,all,3,4832,persistent_chain
G3_Onmem_plus,2,banded_anti_w8,one,all,4,2870,persistent_chain
G3_Onmem_plus,2,banded_anti_w8,one,all,5,1917,persistent_chain
G3_Onmem_plus,2,banded_anti_w8,one,all,6,1354,persistent_chain
G3_Onmem_plus,2,banded_anti_w8,one,all,7,1005,persistent_chain
G3_Onmem_plus,2,banded_anti_w8,one,all,8,684,persistent_chain
G3_Onmem_plus,2,banded_anti_w8,one,all,9,603,persistent_chain
G3_Onmem_plus,2,banded_anti_w8,one,all,10,438,persistent_chain
G3_Onmem_plus,2,banded_anti_w8,one,all,11,355,persistent_chain
G3_Onmem_plus,2,banded_anti_w8,one,all,12,275,persistent_chain
G3_Onmem_plus,2,banded_anti_w8,one,all,13,236,persistent_chain
G3_Onmem_plus,2,banded_anti_w8,one,all,14,163,persistent_chain
G3_Onmem_plus,2,banded_anti_w8,one,all,15,150,persistent_chain
G3_Onmem_plus,2,banded_anti_w8,one,all,16,138,persistent_chain
G3_Onmem_plus,2,banded_anti_w8,one,all,17,108,persistent_chain
G3_Onmem_plus,2,banded_anti_w8,one,all,18,85,persistent_chain
G3_Onmem_plus,2,banded_anti_w8,one,all,19,80,persistent_chain
G3_Onmem_plus,2,banded_anti_w8,one,all,20,69,persistent_chain
G3_Onmem_plus,2,banded_anti_w8,one,all,21,61,persistent_chain
G3_Onmem_plus,2,banded_anti_w8,one,all,22,55,persistent_chain
G3_Onmem_plus,2,banded_anti_w8,one,all,23,41,persistent_chain
G3_Onmem_plus,2,banded_anti_w8,one,all,24,48,persistent_chain
G3_Onmem_plus,2,banded_anti_w8,one,all,25,33,persistent_chain
G3_Onmem_plus,2,banded_anti_w8,one,all,26,33,persistent_chain
G3_Onmem_plus,2,banded_anti_w8,one,all,27,31,persistent_chain
G3_Onmem_plus,2,banded_anti_w8,one,all,28,28,persistent_chain
G3_Onmem_plus,2,banded_anti_w8,one,all,29,25,persistent_chain
G3_Onmem_plus,2,banded_anti_w8,one,all,30,19,persistent_chain
G3_Onmem_plus,2,banded_anti_w8,one,all,31,18,persistent_chain
G3_Onmem_plus,2,banded_anti_w8,one,all,32,19,persistent_chain
G3_Onmem_plus,2,banded_anti_w8,one,all,33,9,persistent_chain
G3_Onmem_plus,2,banded_anti_w8,one,all,34,11,persistent_chain
G3_Onmem_plus,2,banded_anti_w8,one,all,35,14,persistent_chain
G3_Onmem_plus,2,banded_anti_w8,one,all,36,13,persistent_chain
G3_Onmem_plus,2,banded_anti_w8,one,all,37,10,persistent_chain
G3_Onmem_plus,2,banded_anti_w8,one,all,38,7,persistent_chain
G3_Onmem_plus,2,banded_anti_w8,one,all,39,7,persistent_chain
G3_Onmem_plus,2,banded_anti_w8,one,all,40,13,persistent_chain
G3_Onmem_plus,2,banded_anti_w8,one,all,41,6,persistent_chain
G3_Onmem_plus,2,banded_anti_w8,one,all,42,3,persistent_chain
G3_Onmem_plus,2,banded_anti_w8,one,all,43,7,persistent_chain
G3_Onmem_plus,2,banded_anti_w8,one,all,44,6,persistent_chain
G3_Onmem_plus,2,banded_anti_w8,one,all,45,5,persistent_chain
G3_Onmem_plus,2,banded_anti_w8,one,all,46,2,persistent_chain
G3_Onmem_plus,2,banded_anti_w8,one,all,47,3,persistent_chain
G3_Onmem_plus,2,banded_anti_w8,one,all,48,4,persistent_chain
G3_Onmem_plus,2,banded_anti_w8,one,all,49,4,persistent_chain
G3_Onmem_plus,2,banded_anti_w8,one,all,50,5,persistent_chain
G3_Onmem_plus,2,banded_anti_w8,one,all,51,7,persistent_chain
G3_Onmem_plus,2,banded_anti_w8,one,all,52,2,persistent_chain
G3_Onmem_plus,2,banded_anti_w8,one,all,53,2,persistent_chain
G3_Onmem_plus,2,banded_anti_w8,one,all,54,2,persistent_chain
G3_Onmem_plus,2,banded_anti_w8,one,all,55,3,persistent_chain
G3_Onmem_plus,2,banded_anti_w8,one,all,56,1,persistent_chain
G3_Onmem_plus,2,banded_anti_w8,one,all,57,2,persistent_chain
G3_Onmem_plus,2,banded_anti_w8,one,all,58,2,persistent_chain
G3_Onmem_plus,2,banded_anti_w8,one,all,60,3,persistent_chain
G3_Onmem_plus,2,banded_anti_w8,one,all,61,1,persistent_chain
G3_Onmem_plus,2,banded_anti_w8,one,all,62,1,persistent_chain
G3_Onmem_plus,2,banded_anti_w8,one,all,63,1,persistent_chain
G3_Onmem_plus,2,banded_anti_w8,one,all,64,1,persistent_chain
G3_Onmem_plus,2,banded_anti_w8,one,all,65,1,persistent_chain
G3_Onmem_plus,2,banded_anti_w8,one,all,66,1,persistent_chain
G3_Onmem_plus,2,banded_anti_w8,one,all,67,2,persistent_chain
G3_Onmem_plus,2,banded_anti_w8,one,all,72,1,persistent_chain
G3_Onmem_plus,2,banded_anti_w8,one,all,73,1,persistent_chain
G3_Onmem_plus,2,banded_anti_w8,one,all,74,1,persistent_chain
G3_Onmem_plus,2,banded_anti_w8,one,all,76,1,persistent_chain
G3_Onmem_plus,2,banded_anti_w8,one,all,77,1,persistent_chain
G3_Onmem_plus,2,banded_anti_w8,one,all,79,1,persistent_chain
G3_Onmem_plus,2,banded_anti_w8,one,all,80,2,persistent_chain
G3_Onmem_plus,2,banded_anti_w8,one,all,85,1,persistent_chain
G3_Onmem_plus,2,banded_anti_w8,one,all,91,1,persistent_chain
G3_Onmem_plus,2,banded_anti_w8,one,all,96,1,persistent_chain
G3_Onmem_plus,2,banded_anti_w8,one,all,99,1,persistent_chain
G3_Onmem_plus,2,banded_anti_w8,one,all,105,1,persistent_chain
G3_Onmem_plus,2,banded_anti_w8,one,all,107,1,persistent_chain
G3_Onmem_plus,2,banded_anti_w8,one,all,110,1,persistent_chain
G3_Onmem_plus,2,banded_anti_w8,one,all,111,2,persistent_chain
G3_Onmem_plus,2,banded_anti_w8,one,all,117,2,persistent_chain
G3_Onmem_plus,2,banded_anti_w8,three,all,1,18197,persistent_chain
G3_Onmem_plus,2,banded_anti_w8,three,all,2,6412,persistent_chain
G3_Onmem_plus,2,banded_anti_w8,three,all,3,3271,persistent_chain
G3_Onmem_plus,2,banded_anti_w8,three,all,4,1918,persistent_chain
G3_Onmem_plus,2,banded_anti_w8,three,all,5,1108,persistent_chain
G3_Onmem_plus,2,banded_anti_w8,three,all,6,752,persistent_chain
G3_Onmem_plus,2,banded_anti_w8,three,all,7,486,persistent_chain
G3_Onmem_plus,2,banded_anti_w8,three,all,8,340,persistent_chain
G3_Onmem_plus,2,banded_anti_w8,three,all,9,260,persistent_chain
G3_Onmem_plus,2,banded_anti_w8,three,all,10,200,persistent_chain
G3_Onmem_plus,2,banded_anti_w8,three,all,11,155,persistent_chain
G3_Onmem_plus,2,banded_anti_w8,three,all,12,133,persistent_chain
G3_Onmem_plus,2,banded_anti_w8,three,all,13,88,persistent_chain
G3_Onmem_plus,2,banded_anti_w8,three,all,14,66,persistent_chain
G3_Onmem_plus,2,banded_anti_w8,three,all,15,52,persistent_chain
G3_Onmem_plus,2,banded_anti_w8,three,all,16,48,persistent_chain
G3_Onmem_plus,2,banded_anti_w8,three,all,17,34,persistent_chain
G3_Onmem_plus,2,banded_anti_w8,three,all,18,29,persistent_chain
G3_Onmem_plus,2,banded_anti_w8,three,all,19,28,persistent_chain
G3_Onmem_plus,2,banded_anti_w8,three,all,20,16,persistent_chain
G3_Onmem_plus,2,banded_anti_w8,three,all,21,28,persistent_chain
G3_Onmem_plus,2,banded_anti_w8,three,all,22,16,persistent_chain
G3_Onmem_plus,2,banded_anti_w8,three,all,23,10,persistent_chain
G3_Onmem_plus,2,banded_anti_w8,three,all,24,12,persistent_chain
G3_Onmem_plus,2,banded_anti_w8,three,all,25,11,persistent_chain
G3_Onmem_plus,2,banded_anti_w8,three,all,26,5,persistent_chain
G3_Onmem_plus,2,banded_anti_w8,three,all,27,6,persistent_chain
G3_Onmem_plus,2,banded_anti_w8,three,all,28,5,persistent_chain
G3_Onmem_plus,2,banded_anti_w8,three,all,29,7,persistent_chain
G3_Onmem_plus,2,banded_anti_w8,three,all,30,5,persistent_chain
G3_Onmem_plus,2,banded_anti_w8,three,all,31,7,persistent_chain
G3_Onmem_plus,2,banded_anti_w8,three,all,32,6,persistent_chain
G3_Onmem_plus,2,banded_anti_w8,three,all,33,1,persistent_chain
G3_Onmem_plus,2,banded_anti_w8,three,all,34,7,persistent_chain
G3_Onmem_plus,2,banded_anti_w8,three,all,35,1,persistent_chain
G3_Onmem_plus,2,banded_anti_w8,three,all,36,3,persistent_chain
G3_Onmem_plus,2,banded_anti_w8,three,all,37,3,persistent_chain
G3_Onmem_plus,2,banded_anti_w8,three,all,38,3,persistent_chain
G3_Onmem_plus,2,banded_anti_w8,three,all,40,4,persistent_chain
G3_Onmem_plus,2,banded_anti_w8,three,all,43,1,persistent_chain
G3_Onmem_plus,2,banded_anti_w8,three,all,44,2,persistent_chain
G3_Onmem_plus,2,banded_anti_w8,three,all,45,1,persistent_chain
G3_Onmem_plus,2,banded_anti_w8,three,all,46,1,persistent_chain
G3_Onmem_plus,2,banded_anti_w8,three,all,49,1,persistent_chain
G3_Onmem_plus,2,banded_anti_w8,three,all,51,2,persistent_chain
G3_Onmem_plus,2,banded_anti_w8,three,all,52,1,persistent_chain
G3_Onmem_plus,2,banded_anti_w8,three,all,53,1,persistent_chain
G3_Onmem_plus,2,banded_anti_w8,three,all,76,1,persistent_chain
G3_Onmem_plus,2,banded_anti_w8,three,all,83,1,persistent_chain
G3_Onmem_plus,2,banded_anti_w8,triplet,all,1,14505,persistent_chain
G3_Onmem_plus,2,banded_anti_w8,triplet,all,2,4359,persistent_chain
G3_Onmem_plus,2,banded_anti_w8,triplet,all,3,1893,persistent_chain
G3_Onmem_plus,2,banded_anti_w8,triplet,all,4,894,persistent_chain
G3_Onmem_plus,2,banded_anti_w8,triplet,all,5,517,persistent_chain
G3_Onmem_plus,2,banded_anti_w8,triplet,all,6,321,persistent_chain
G3_Onmem_plus,2,banded_anti_w8,triplet,all,7,186,persistent_chain
G3_Onmem_plus,2,banded_anti_w8,triplet,all,8,107,persistent_chain
G3_Onmem_plus,2,banded_anti_w8,triplet,all,9,97,persistent_chain
G3_Onmem_plus,2,banded_anti_w8,triplet,all,10,61,persistent_chain
G3_Onmem_plus,2,banded_anti_w8,triplet,all,11,44,persistent_chain
G3_Onmem_plus,2,banded_anti_w8,triplet,all,12,31,persistent_chain
G3_Onmem_plus,2,banded_anti_w8,triplet,all,13,28,persistent_chain
G3_Onmem_plus,2,banded_anti_w8,triplet,all,14,13,persistent_chain
G3_Onmem_plus,2,banded_anti_w8,triplet,all,15,17,persistent_chain
G3_Onmem_plus,2,banded_anti_w8,triplet,all,16,5,persistent_chain
G3_Onmem_plus,2,banded_anti_w8,triplet,all,17,3,persistent_chain
G3_Onmem_plus,2,banded_anti_w8,triplet,all,18,7,persistent_chain
G3_Onmem_plus,2,banded_anti_w8,triplet,all,19,5,persistent_chain
G3_Onmem_plus,2,banded_anti_w8,triplet,all,20,6,persistent_chain
G3_Onmem_plus,2,banded_anti_w8,triplet,all,21,3,persistent_chain
G3_Onmem_plus,2,banded_anti_w8,triplet,all,22,2,persistent_chain
G3_Onmem_plus,2,banded_anti_w8,triplet,all,23,1,persistent_chain
G3_Onmem_plus,2,banded_anti_w8,triplet,all,24,3,persistent_chain
G3_Onmem_plus,2,banded_anti_w8,triplet,all,27,1,persistent_chain
G3_Onmem_plus,2,banded_anti_w8,triplet,all,29,1,persistent_chain
G3_Onmem_plus,2,banded_anti_w8,triplet,all,59,1,persistent_chain
G3_Onmem_plus,2,banded_anti_w10,one,all,1,23940,persistent_chain
G3_Onmem_plus,2,banded_anti_w10,one,all,2,9448,persistent_chain
G3_Onmem_plus,2,banded_anti_w10,one,all,3,5263,persistent_chain
G3_Onmem_plus,2,banded_anti_w10,one,all,4,3191,persistent_chain
G3_Onmem_plus,2,banded_anti_w10,one,all,5,2163,persistent_chain
G3_Onmem_plus,2,banded_anti_w10,one,all,6,1578,persistent_chain
G3_Onmem_plus,2,banded_anti_w10,one,all,7,1145,persistent_chain
G3_Onmem_plus,2,banded_anti_w10,one,all,8,793,persistent_chain
G3_Onmem_plus,2,banded_anti_w10,one,all,9,685,persistent_chain
G3_Onmem_plus,2,banded_anti_w10,one,all,10,521,persistent_chain
G3_Onmem_plus,2,banded_anti_w10,one,all,11,412,persistent_chain
G3_Onmem_plus,2,banded_anti_w10,one,all,12,336,persistent_chain
G3_Onmem_plus,2,banded_anti_w10,one,all,13,299,persistent_chain
G3_Onmem_plus,2,banded_anti_w10,one,all,14,233,persistent_chain
G3_Onmem_plus,2,banded_anti_w10,one,all,15,205,persistent_chain
G3_Onmem_plus,2,banded_anti_w10,one,all,16,138,persistent_chain
G3_Onmem_plus,2,banded_anti_w10,one,all,17,135,persistent_chain
G3_Onmem_plus,2,banded_anti_w10,one,all,18,113,persistent_chain
G3_Onmem_plus,2,banded_anti_w10,one,all,19,109,persistent_chain
G3_Onmem_plus,2,banded_anti_w10,one,all,20,85,persistent_chain
G3_Onmem_plus,2,banded_anti_w10,one,all,21,83,persistent_chain
G3_Onmem_plus,2,banded_anti_w10,one,all,22,64,persistent_chain
G3_Onmem_plus,2,banded_anti_w10,one,all,23,53,persistent_chain
G3_Onmem_plus,2,banded_anti_w10,one,all,24,55,persistent_chain
G3_Onmem_plus,2,banded_anti_w10,one,all,25,48,persistent_chain
G3_Onmem_plus,2,banded_anti_w10,one,all,26,33,persistent_chain
G3_Onmem_plus,2,banded_anti_w10,one,all,27,35,persistent_chain
G3_Onmem_plus,2,banded_anti_w10,one,all,28,35,persistent_chain
G3_Onmem_plus,2,banded_anti_w10,one,all,29,31,persistent_chain
G3_Onmem_plus,2,banded_anti_w10,one,all,30,22,persistent_chain
G3_Onmem_plus,2,banded_anti_w10,one,all,31,29,persistent_chain
G3_Onmem_plus,2,banded_anti_w10,one,all,32,27,persistent_chain
G3_Onmem_plus,2,banded_anti_w10,one,all,33,13,persistent_chain
G3_Onmem_plus,2,banded_anti_w10,one,all,34,19,persistent_chain
G3_Onmem_plus,2,banded_anti_w10,one,all,35,18,persistent_chain
G3_Onmem_plus,2,banded_anti_w10,one,all,36,19,persistent_chain
G3_Onmem_plus,2,banded_anti_w10,one,all,37,13,persistent_chain
G3_Onmem_plus,2,banded_anti_w10,one,all,38,15,persistent_chain
G3_Onmem_plus,2,banded_anti_w10,one,all,39,6,persistent_chain
G3_Onmem_plus,2,banded_anti_w10,one,all,40,21,persistent_chain
G3_Onmem_plus,2,banded_anti_w10,one,all,41,15,persistent_chain
G3_Onmem_plus,2,banded_anti_w10,one,all,42,8,persistent_chain
G3_Onmem_plus,2,banded_anti_w10,one,all,43,18,persistent_chain
G3_Onmem_plus,2,banded_anti_w10,one,all,44,4,persistent_chain
G3_Onmem_plus,2,banded_anti_w10,one,all,45,5,persistent_chain
G3_Onmem_plus,2,banded_anti_w10,one,all,46,8,persistent_chain
G3_Onmem_plus,2,banded_anti_w10,one,all,47,4,persistent_chain
G3_Onmem_plus,2,banded_anti_w10,one,all,48,7,persistent_chain
G3_Onmem_plus,2,banded_anti_w10,one,all,49,2,persistent_chain
G3_Onmem_plus,2,banded_anti_w10,one,all,50,6,persistent_chain
G3_Onmem_plus,2,banded_anti_w10,one,all,51,3,persistent_chain
G3_Onmem_plus,2,banded_anti_w10,one,all,52,4,persistent_chain
G3_Onmem_plus,2,banded_anti_w10,one,all,53,2,persistent_chain
G3_Onmem_plus,2,banded_anti_w10,one,all,54,3,persistent_chain
G3_Onmem_plus,2,banded_anti_w10,one,all,55,2,persistent_chain
G3_Onmem_plus,2,banded_anti_w10,one,all,56,3,persistent_chain
G3_Onmem_plus,2,banded_anti_w10,one,all,57,2,persistent_chain
G3_Onmem_plus,2,banded_anti_w10,one,all,58,1,persistent_chain
G3_Onmem_plus,2,banded_anti_w10,one,all,59,2,persistent_chain
G3_Onmem_plus,2,banded_anti_w10,one,all,60,6,persistent_chain
G3_Onmem_plus,2,banded_anti_w10,one,all,61,2,persistent_chain
G3_Onmem_plus,2,banded_anti_w10,one,all,62,1,persistent_chain
G3_Onmem_plus,2,banded_anti_w10,one,all,63,2,persistent_chain
G3_Onmem_plus,2,banded_anti_w10,one,all,64,1,persistent_chain
G3_Onmem_plus,2,banded_anti_w10,one,all,65,1,persistent_chain
G3_Onmem_plus,2,banded_anti_w10,one,all,67,4,persistent_chain
G3_Onmem_plus,2,banded_anti_w10,one,all,68,3,persistent_chain
G3_Onmem_plus,2,banded_anti_w10,one,all,69,1,persistent_chain
G3_Onmem_plus,2,banded_anti_w10,one,all,70,2,persistent_chain
G3_Onmem_plus,2,banded_anti_w10,one,all,71,1,persistent_chain
G3_Onmem_plus,2,banded_anti_w10,one,all,72,1,persistent_chain
G3_Onmem_plus,2,banded_anti_w10,one,all,73,1,persistent_chain
G3_Onmem_plus,2,banded_anti_w10,one,all,74,2,persistent_chain
G3_Onmem_plus,2,banded_anti_w10,one,all,75,1,persistent_chain
G3_Onmem_plus,2,banded_anti_w10,one,all,76,1,persistent_chain
G3_Onmem_plus,2,banded_anti_w10,one,all,78,2,persistent_chain
G3_Onmem_plus,2,banded_anti_w10,one,all,79,2,persistent_chain
G3_Onmem_plus,2,banded_anti_w10,one,all,80,2,persistent_chain
G3_Onmem_plus,2,banded_anti_w10,one,all,81,1,persistent_chain
G3_Onmem_plus,2,banded_anti_w10,one,all,85,1,persistent_chain
G3_Onmem_plus,2,banded_anti_w10,one,all,88,2,persistent_chain
G3_Onmem_plus,2,banded_anti_w10,one,all,89,2,persistent_chain
G3_Onmem_plus,2,banded_anti_w10,one,all,91,1,persistent_chain
G3_Onmem_plus,2,banded_anti_w10,one,all,96,1,persistent_chain
G3_Onmem_plus,2,banded_anti_w10,one,all,103,1,persistent_chain
G3_Onmem_plus,2,banded_anti_w10,one,all,108,1,persistent_chain
G3_Onmem_plus,2,banded_anti_w10,one,all,111,2,persistent_chain
G3_Onmem_plus,2,banded_anti_w10,one,all,113,1,persistent_chain
G3_Onmem_plus,2,banded_anti_w10,one,all,117,2,persistent_chain
G3_Onmem_plus,2,banded_anti_w10,one,all,120,1,persistent_chain
G3_Onmem_plus,2,banded_anti_w10,one,all,123,1,persistent_chain
G3_Onmem_plus,2,banded_anti_w10,one,all,131,1,persistent_chain
G3_Onmem_plus,2,banded_anti_w10,one,all,198,1,persistent_chain
G3_Onmem_plus,2,banded_anti_w10,one,all,207,1,persistent_chain
G3_Onmem_plus,2,banded_anti_w10,three,all,1,20219,persistent_chain
G3_Onmem_plus,2,banded_anti_w10,three,all,2,7411,persistent_chain
G3_Onmem_plus,2,banded_anti_w10,three,all,3,3822,persistent_chain
G3_Onmem_plus,2,banded_anti_w10,three,all,4,2264,persistent_chain
G3_Onmem_plus,2,banded_anti_w10,three,all,5,1381,persistent_chain
G3_Onmem_plus,2,banded_anti_w10,three,all,6,899,persistent_chain
G3_Onmem_plus,2,banded_anti_w10,three,all,7,608,persistent_chain
G3_Onmem_plus,2,banded_anti_w10,three,all,8,417,persistent_chain
G3_Onmem_plus,2,banded_anti_w10,three,all,9,324,persistent_chain
G3_Onmem_plus,2,banded_anti_w10,three,all,10,274,persistent_chain
G3_Onmem_plus,2,banded_anti_w10,three,all,11,183,persistent_chain
G3_Onmem_plus,2,banded_anti_w10,three,all,12,164,persistent_chain
G3_Onmem_plus,2,banded_anti_w10,three,all,13,120,persistent_chain
G3_Onmem_plus,2,banded_anti_w10,three,all,14,85,persistent_chain
G3_Onmem_plus,2,banded_anti_w10,three,all,15,75,persistent_chain
G3_Onmem_plus,2,banded_anti_w10,three,all,16,71,persistent_chain
G3_Onmem_plus,2,banded_anti_w10,three,all,17,50,persistent_chain
G3_Onmem_plus,2,banded_anti_w10,three,all,18,42,persistent_chain
G3_Onmem_plus,2,banded_anti_w10,three,all,19,38,persistent_chain
G3_Onmem_plus,2,banded_anti_w10,three,all,20,27,persistent_chain
G3_Onmem_plus,2,banded_anti_w10,three,all,21,32,persistent_chain
G3_Onmem_plus,2,banded_anti_w10,three,all,22,28,persistent_chain
G3_Onmem_plus,2,banded_anti_w10,three,all,23,19,persistent_chain
G3_Onmem_plus,2,banded_anti_w10,three,all,24,15,persistent_chain
G3_Onmem_plus,2,banded_anti_w10,three,all,25,14,persistent_chain
G3_Onmem_plus,2,banded_anti_w10,three,all,26,9,persistent_chain
G3_Onmem_plus,2,banded_anti_w10,three,all,27,4,persistent_chain
G3_Onmem_plus,2,banded_anti_w10,three,all,28,7,persistent_chain
G3_Onmem_plus,2,banded_anti_w10,three,all,29,6,persistent_chain
G3_Onmem_plus,2,banded_anti_w10,three,all,30,11,persistent_chain
G3_Onmem_plus,2,banded_anti_w10,three,all,31,8,persistent_chain
G3_Onmem_plus,2,banded_anti_w10,three,all,32,7,persistent_chain
G3_Onmem_plus,2,banded_anti_w10,three,all,33,2,persistent_chain
G3_Onmem_plus,2,banded_anti_w10,three,all,34,8,persistent_chain
G3_Onmem_plus,2,banded_anti_w10,three,all,35,2,persistent_chain
G3_Onmem_plus,2,banded_anti_w10,three,all,36,4,persistent_chain
G3_Onmem_plus,2,banded_anti_w10,three,all,37,5,persistent_chain
G3_Onmem_plus,2,banded_anti_w10,three,all,38,4,persistent_chain
G3_Onmem_plus,2,banded_anti_w10,three,all,39,3,persistent_chain
G3_Onmem_plus,2,banded_anti_w10,three,all,40,1,persistent_chain
G3_Onmem_plus,2,banded_anti_w10,three,all,41,1,persistent_chain
G3_Onmem_plus,2,banded_anti_w10,three,all,42,3,persistent_chain
G3_Onmem_plus,2,banded_anti_w10,three,all,43,3,persistent_chain
G3_Onmem_plus,2,banded_anti_w10,three,all,44,3,persistent_chain
G3_Onmem_plus,2,banded_anti_w10,three,all,45,1,persistent_chain
G3_Onmem_plus,2,banded_anti_w10,three,all,46,1,persistent_chain
G3_Onmem_plus,2,banded_anti_w10,three,all,47,2,persistent_chain
G3_Onmem_plus,2,banded_anti_w10,three,all,48,1,persistent_chain
G3_Onmem_plus,2,banded_anti_w10,three,all,50,2,persistent_chain
G3_Onmem_plus,2,banded_anti_w10,three,all,51,2,persistent_chain
G3_Onmem_plus,2,banded_anti_w10,three,all,53,2,persistent_chain
G3_Onmem_plus,2,banded_anti_w10,three,all,59,3,persistent_chain
G3_Onmem_plus,2,banded_anti_w10,three,all,62,2,persistent_chain
G3_Onmem_plus,2,banded_anti_w10,three,all,66,1,persistent_chain
G3_Onmem_plus,2,banded_anti_w10,three,all,68,1,persistent_chain
G3_Onmem_plus,2,banded_anti_w10,three,all,86,1,persistent_chain
G3_Onmem_plus,2,banded_anti_w10,three,all,96,1,persistent_chain
G3_Onmem_plus,2,banded_anti_w10,three,all,122,1,persistent_chain
G3_Onmem_plus,2,banded_anti_w10,triplet,all,1,16691,persistent_chain
G3_Onmem_plus,2,banded_anti_w10,triplet,all,2,5233,persistent_chain
G3_Onmem_plus,2,banded_anti_w10,triplet,all,3,2324,persistent_chain
G3_Onmem_plus,2,banded_anti_w10,triplet,all,4,1113,persistent_chain
G3_Onmem_plus,2,banded_anti_w10,triplet,all,5,641,persistent_chain
G3_Onmem_plus,2,banded_anti_w10,triplet,all,6,407,persistent_chain
G3_Onmem_plus,2,banded_anti_w10,triplet,all,7,249,persistent_chain
G3_Onmem_plus,2,banded_anti_w10,triplet,all,8,142,persistent_chain
G3_Onmem_plus,2,banded_anti_w10,triplet,all,9,119,persistent_chain
G3_Onmem_plus,2,banded_anti_w10,triplet,all,10,71,persistent_chain
G3_Onmem_plus,2,banded_anti_w10,triplet,all,11,50,persistent_chain
G3_Onmem_plus,2,banded_anti_w10,triplet,all,12,45,persistent_chain
G3_Onmem_plus,2,banded_anti_w10,triplet,all,13,36,persistent_chain
G3_Onmem_plus,2,banded_anti_w10,triplet,all,14,21,persistent_chain
G3_Onmem_plus,2,banded_anti_w10,triplet,all,15,17,persistent_chain
G3_Onmem_plus,2,banded_anti_w10,triplet,all,16,10,persistent_chain
G3_Onmem_plus,2,banded_anti_w10,triplet,all,17,4,persistent_chain
G3_Onmem_plus,2,banded_anti_w10,triplet,all,18,8,persistent_chain
G3_Onmem_plus,2,banded_anti_w10,triplet,all,19,7,persistent_chain
G3_Onmem_plus,2,banded_anti_w10,triplet,all,20,8,persistent_chain
G3_Onmem_plus,2,banded_anti_w10,triplet,all,21,10,persistent_chain
G3_Onmem_plus,2,banded_anti_w10,triplet,all,22,3,persistent_chain
G3_Onmem_plus,2,banded_anti_w10,triplet,all,23,1,persistent_chain
G3_Onmem_plus,2,banded_anti_w10,triplet,all,24,7,persistent_chain
G3_Onmem_plus,2,banded_anti_w10,triplet,all,25,2,persistent_chain
G3_Onmem_plus,2,banded_anti_w10,triplet,all,27,2,persistent_chain
G3_Onmem_plus,2,banded_anti_w10,triplet,all,28,1,persistent_chain
G3_Onmem_plus,2,banded_anti_w10,triplet,all,29,2,persistent_chain
G3_Onmem_plus,2,banded_anti_w10,triplet,all,31,1,persistent_chain
G3_Onmem_plus,2,banded_anti_w10,triplet,all,32,1,persistent_chain
G3_Onmem_plus,2,banded_anti_w10,triplet,all,44,1,persistent_chain
G3_Onmem_plus,2,banded_anti_w10,triplet,all,59,1,persistent_chain
G3_Onmem_plus,3,banded_sym_w4,one,all,1,18171,persistent_chain
G3_Onmem_plus,3,banded_sym_w4,one,all,2,6935,persistent_chain
G3_Onmem_plus,3,banded_sym_w4,one,all,3,3624,persistent_chain
G3_Onmem_plus,3,banded_sym_w4,one,all,4,2063,persistent_chain
G3_Onmem_plus,3,banded_sym_w4,one,all,5,1403,persistent_chain
G3_Onmem_plus,3,banded_sym_w4,one,all,6,920,persistent_chain
G3_Onmem_plus,3,banded_sym_w4,one,all,7,662,persistent_chain
G3_Onmem_plus,3,banded_sym_w4,one,all,8,499,persistent_chain
G3_Onmem_plus,3,banded_sym_w4,one,all,9,315,persistent_chain
G3_Onmem_plus,3,banded_sym_w4,one,all,10,241,persistent_chain
G3_Onmem_plus,3,banded_sym_w4,one,all,11,201,persistent_chain
G3_Onmem_plus,3,banded_sym_w4,one,all,12,168,persistent_chain
G3_Onmem_plus,3,banded_sym_w4,one,all,13,135,persistent_chain
G3_Onmem_plus,3,banded_sym_w4,one,all,14,106,persistent_chain
G3_Onmem_plus,3,banded_sym_w4,one,all,15,95,persistent_chain
G3_Onmem_plus,3,banded_sym_w4,one,all,16,78,persistent_chain
G3_Onmem_plus,3,banded_sym_w4,one,all,17,55,persistent_chain
G3_Onmem_plus,3,banded_sym_w4,one,all,18,42,persistent_chain
G3_Onmem_plus,3,banded_sym_w4,one,all,19,39,persistent_chain
G3_Onmem_plus,3,banded_sym_w4,one,all,20,34,persistent_chain
G3_Onmem_plus,3,banded_sym_w4,one,all,21,35,persistent_chain
G3_Onmem_plus,3,banded_sym_w4,one,all,22,27,persistent_chain
G3_Onmem_plus,3,banded_sym_w4,one,all,23,23,persistent_chain
G3_Onmem_plus,3,banded_sym_w4,one,all,24,16,persistent_chain
G3_Onmem_plus,3,banded_sym_w4,one,all,25,14,persistent_chain
G3_Onmem_plus,3,banded_sym_w4,one,all,26,13,persistent_chain
G3_Onmem_plus,3,banded_sym_w4,one,all,27,9,persistent_chain
G3_Onmem_plus,3,banded_sym_w4,one,all,28,8,persistent_chain
G3_Onmem_plus,3,banded_sym_w4,one,all,29,14,persistent_chain
G3_Onmem_plus,3,banded_sym_w4,one,all,30,10,persistent_chain
G3_Onmem_plus,3,banded_sym_w4,one,all,31,5,persistent_chain
G3_Onmem_plus,3,banded_sym_w4,one,all,32,5,persistent_chain
G3_Onmem_plus,3,banded_sym_w4,one,all,33,3,persistent_chain
G3_Onmem_plus,3,banded_sym_w4,one,all,34,2,persistent_chain
G3_Onmem_plus,3,banded_sym_w4,one,all,35,9,persistent_chain
G3_Onmem_plus,3,banded_sym_w4,one,all,36,5,persistent_chain
G3_Onmem_plus,3,banded_sym_w4,one,all,37,2,persistent_chain
G3_Onmem_plus,3,banded_sym_w4,one,all,38,4,persistent_chain
G3_Onmem_plus,3,banded_sym_w4,one,all,39,4,persistent_chain
G3_Onmem_plus,3,banded_sym_w4,one,all,40,4,persistent_chain
G3_Onmem_plus,3,banded_sym_w4,one,all,41,6,persistent_chain
G3_Onmem_plus,3,banded_sym_w4,one,all,42,2,persistent_chain
G3_Onmem_plus,3,banded_sym_w4,one,all,43,2,persistent_chain
G3_Onmem_plus,3,banded_sym_w4,one,all,44,1,persistent_chain
G3_Onmem_plus,3,banded_sym_w4,one,all,45,2,persistent_chain
G3_Onmem_plus,3,banded_sym_w4,one,all,47,1,persistent_chain
G3_Onmem_plus,3,banded_sym_w4,one,all,49,1,persistent_chain
G3_Onmem_plus,3,banded_sym_w4,one,all,52,1,persistent_chain
G3_Onmem_plus,3,banded_sym_w4,one,all,53,1,persistent_chain
G3_Onmem_plus,3,banded_sym_w4,one,all,54,1,persistent_chain
G3_Onmem_plus,3,banded_sym_w4,one,all,55,1,persistent_chain
G3_Onmem_plus,3,banded_sym_w4,one,all,56,1,persistent_chain
G3_Onmem_plus,3,banded_sym_w4,one,all,71,1,persistent_chain
G3_Onmem_plus,3,banded_sym_w4,one,all,81,1,persistent_chain
G3_Onmem_plus,3,banded_sym_w4,one,all,84,1,persistent_chain
G3_Onmem_plus,3,banded_sym_w4,one,all,88,1,persistent_chain
G3_Onmem_plus,3,banded_sym_w4,one,all,109,1,persistent_chain
G3_Onmem_plus,3,banded_sym_w4,three,all,1,13347,persistent_chain
G3_Onmem_plus,3,banded_sym_w4,three,all,2,4451,persistent_chain
G3_Onmem_plus,3,banded_sym_w4,three,all,3,1993,persistent_chain
G3_Onmem_plus,3,banded_sym_w4,three,all,4,1079,persistent_chain
G3_Onmem_plus,3,banded_sym_w4,three,all,5,615,persistent_chain
G3_Onmem_plus,3,banded_sym_w4,three,all,6,378,persistent_chain
G3_Onmem_plus,3,banded_sym_w4,three,all,7,259,persistent_chain
G3_Onmem_plus,3,banded_sym_w4,three,all,8,165,persistent_chain
G3_Onmem_plus,3,banded_sym_w4,three,all,9,103,persistent_chain
G3_Onmem_plus,3,banded_sym_w4,three,all,10,93,persistent_chain
G3_Onmem_plus,3,banded_sym_w4,three,all,11,52,persistent_chain
G3_Onmem_plus,3,banded_sym_w4,three,all,12,38,persistent_chain
G3_Onmem_plus,3,banded_sym_w4,three,all,13,44,persistent_chain
G3_Onmem_plus,3,banded_sym_w4,three,all,14,29,persistent_chain
G3_Onmem_plus,3,banded_sym_w4,three,all,15,19,persistent_chain
G3_Onmem_plus,3,banded_sym_w4,three,all,16,16,persistent_chain
G3_Onmem_plus,3,banded_sym_w4,three,all,17,15,persistent_chain
G3_Onmem_plus,3,banded_sym_w4,three,all,18,12,persistent_chain
G3_Onmem_plus,3,banded_sym_w4,three,all,19,11,persistent_chain
G3_Onmem_plus,3,banded_sym_w4,three,all,20,12,persistent_chain
G3_Onmem_plus,3,banded_sym_w4,three,all,21,5,persistent_chain
G3_Onmem_plus,3,banded_sym_w4,three,all,22,4,persistent_chain
G3_Onmem_plus,3,banded_sym_w4,three,all,23,5,persistent_chain
G3_Onmem_plus,3,banded_sym_w4,three,all,24,3,persistent_chain
G3_Onmem_plus,3,banded_sym_w4,three,all,25,5,persistent_chain
G3_Onmem_plus,3,banded_sym_w4,three,all,26,2,persistent_chain
G3_Onmem_plus,3,banded_sym_w4,three,all,27,1,persistent_chain
G3_Onmem_plus,3,banded_sym_w4,three,all,28,3,persistent_chain
G3_Onmem_plus,3,banded_sym_w4,three,all,32,2,persistent_chain
G3_Onmem_plus,3,banded_sym_w4,three,all,36,3,persistent_chain
G3_Onmem_plus,3,banded_sym_w4,three,all,46,1,persistent_chain
G3_Onmem_plus,3,banded_sym_w4,three,all,47,1,persistent_chain
G3_Onmem_plus,3,banded_sym_w4,three,all,53,1,persistent_chain
G3_Onmem_plus,3,banded_sym_w4,triplet,all,1,9205,persistent_chain
G3_Onmem_plus,3,banded_sym_w4,triplet,all,2,2632,persistent_chain
G3_Onmem_plus,3,banded_sym_w4,triplet,all,3,1009,persistent_chain
G3_Onmem_plus,3,banded_sym_w4,triplet,all,4,531,persistent_chain
G3_Onmem_plus,3,banded_sym_w4,triplet,all,5,251,persistent_chain
G3_Onmem_plus,3,banded_sym_w4,triplet,all,6,163,persistent_chain
G3_Onmem_plus,3,banded_sym_w4,triplet,all,7,88,persistent_chain
G3_Onmem_plus,3,banded_sym_w4,triplet,all,8,62,persistent_chain
G3_Onmem_plus,3,banded_sym_w4,triplet,all,9,35,persistent_chain
G3_Onmem_plus,3,banded_sym_w4,triplet,all,10,31,persistent_chain
G3_Onmem_plus,3,banded_sym_w4,triplet,all,11,24,persistent_chain
G3_Onmem_plus,3,banded_sym_w4,triplet,all,12,10,persistent_chain
G3_Onmem_plus,3,banded_sym_w4,triplet,all,13,7,persistent_chain
G3_Onmem_plus,3,banded_sym_w4,triplet,all,14,5,persistent_chain
G3_Onmem_plus,3,banded_sym_w4,triplet,all,15,8,persistent_chain
G3_Onmem_plus,3,banded_sym_w4,triplet,all,16,4,persistent_chain
G3_Onmem_plus,3,banded_sym_w4,triplet,all,17,2,persistent_chain
G3_Onmem_plus,3,banded_sym_w4,triplet,all,18,4,persistent_chain
G3_Onmem_plus,3,banded_sym_w4,triplet,all,19,1,persistent_chain
G3_Onmem_plus,3,banded_sym_w4,triplet,all,22,3,persistent_chain
G3_Onmem_plus,3,banded_sym_w4,triplet,all,23,1,persistent_chain
G3_Onmem_plus,3,banded_sym_w4,triplet,all,27,1,persistent_chain
G3_Onmem_plus,3,banded_sym_w6,one,all,1,20588,persistent_chain
G3_Onmem_plus,3,banded_sym_w6,one,all,2,8067,persistent_chain
G3_Onmem_plus,3,banded_sym_w6,one,all,3,4251,persistent_chain
G3_Onmem_plus,3,banded_sym_w6,one,all,4,2473,persistent_chain
G3_Onmem_plus,3,banded_sym_w6,one,all,5,1726,persistent_chain
G3_Onmem_plus,3,banded_sym_w6,one,all,6,1162,persistent_chain
G3_Onmem_plus,3,banded_sym_w6,one,all,7,864,persistent_chain
G3_Onmem_plus,3,banded_sym_w6,one,all,8,640,persistent_chain
G3_Onmem_plus,3,banded_sym_w6,one,all,9,444,persistent_chain
G3_Onmem_plus,3,banded_sym_w6,one,all,10,340,persistent_chain
G3_Onmem_plus,3,banded_sym_w6,one,all,11,246,persistent_chain
G3_Onmem_plus,3,banded_sym_w6,one,all,12,223,persistent_chain
G3_Onmem_plus,3,banded_sym_w6,one,all,13,184,persistent_chain
G3_Onmem_plus,3,banded_sym_w6,one,all,14,135,persistent_chain
G3_Onmem_plus,3,banded_sym_w6,one,all,15,116,persistent_chain
G3_Onmem_plus,3,banded_sym_w6,one,all,16,124,persistent_chain
G3_Onmem_plus,3,banded_sym_w6,one,all,17,85,persistent_chain
G3_Onmem_plus,3,banded_sym_w6,one,all,18,68,persistent_chain
G3_Onmem_plus,3,banded_sym_w6,one,all,19,56,persistent_chain
G3_Onmem_plus,3,banded_sym_w6,one,all,20,72,persistent_chain
G3_Onmem_plus,3,banded_sym_w6,one,all,21,52,persistent_chain
G3_Onmem_plus,3,banded_sym_w6,one,all,22,38,persistent_chain
G3_Onmem_plus,3,banded_sym_w6,one,all,23,32,persistent_chain
G3_Onmem_plus,3,banded_sym_w6,one,all,24,31,persistent_chain
G3_Onmem_plus,3,banded_sym_w6,one,all,25,29,persistent_chain
G3_Onmem_plus,3,banded_sym_w6,one,all,26,25,persistent_chain
G3_Onmem_plus,3,banded_sym_w6,one,all,27,19,persistent_chain
G3_Onmem_plus,3,banded_sym_w6,one,all,28,17,persistent_chain
G3_Onmem_plus,3,banded_sym_w6,one,all,29,22,persistent_chain
G3_Onmem_plus,3,banded_sym_w6,one,all,30,23,persistent_chain
G3_Onmem_plus,3,banded_sym_w6,one,all,31,15,persistent_chain
G3_Onmem_plus,3,banded_sym_w6,one,all,32,9,persistent_chain
G3_Onmem_plus,3,banded_sym_w6,one,all,33,11,persistent_chain
G3_Onmem_plus,3,banded_sym_w6,one,all,34,5,persistent_chain
G3_Onmem_plus,3,banded_sym_w6,one,all,35,7,persistent_chain
G3_Onmem_plus,3,banded_sym_w6,one,all,36,11,persistent_chain
G3_Onmem_plus,3,banded_sym_w6,one,all,37,8,persistent_chain
G3_Onmem_plus,3,banded_sym_w6,one,all,38,5,persistent_chain
G3_Onmem_plus,3,banded_sym_w6,one,all,39,4,persistent_chain
G3_Onmem_plus,3,banded_sym_w6,one,all,40,5,persistent_chain
G3_Onmem_plus,3,banded_sym_w6,one,all,41,7,persistent_chain
G3_Onmem_plus,3,banded_sym_w6,one,all,42,2,persistent_chain
G3_Onmem_plus,3,banded_sym_w6,one,all,43,4,persistent_chain
G3_Onmem_plus,3,banded_sym_w6,one,all,44,5,persistent_chain
G3_Onmem_plus,3,banded_sym_w6,one,all,45,4,persistent_chain
G3_Onmem_plus,3,banded_sym_w6,one,all,46,1,persistent_chain
G3_Onmem_plus,3,banded_sym_w6,one,all,47,6,persistent_chain
G3_Onmem_plus,3,banded_sym_w6,one,all,48,2,persistent_chain
G3_Onmem_plus,3,banded_sym_w6,one,all,49,1,persistent_chain
G3_Onmem_plus,3,banded_sym_w6,one,all,50,1,persistent_chain
G3_Onmem_plus,3,banded_sym_w6,one,all,52,2,persistent_chain
G3_Onmem_plus,3,banded_sym_w6,one,all,53,2,persistent_chain
G3_Onmem_plus,3,banded_sym_w6,one,all,54,2,persistent_chain
G3_Onmem_plus,3,banded_sym_w6,one,all,55,2,persistent_chain
G3_Onmem_plus,3,banded_sym_w6,one,all,56,2,persistent_chain
G3_Onmem_plus,3,banded_sym_w6,one,all,57,2,persistent_chain
G3_Onmem_plus,3,banded_sym_w6,one,all,59,1,persistent_chain
G3_Onmem_plus,3,banded_sym_w6,one,all,61,2,persistent_chain
G3_Onmem_plus,3,banded_sym_w6,one,all,63,2,persistent_chain
G3_Onmem_plus,3,banded_sym_w6,one,all,69,1,persistent_chain
G3_Onmem_plus,3,banded_sym_w6,one,all,71,1,persistent_chain
G3_Onmem_plus,3,banded_sym_w6,one,all,72,3,persistent_chain
G3_Onmem_plus,3,banded_sym_w6,one,all,85,1,persistent_chain
G3_Onmem_plus,3,banded_sym_w6,one,all,97,1,persistent_chain
G3_Onmem_plus,3,banded_sym_w6,one,all,109,1,persistent_chain
G3_Onmem_plus,3,banded_sym_w6,one,all,114,3,persistent_chain
G3_Onmem_plus,3,banded_sym_w6,three,all,1,16063,persistent_chain
G3_Onmem_plus,3,banded_sym_w6,three,all,2,5706,persistent_chain
G3_Onmem_plus,3,banded_sym_w6,three,all,3,2747,persistent_chain
G3_Onmem_plus,3,banded_sym_w6,three,all,4,1455,persistent_chain
G3_Onmem_plus,3,banded_sym_w6,three,all,5,901,persistent_chain
G3_Onmem_plus,3,banded_sym_w6,three,all,6,582,persistent_chain
G3_Onmem_plus,3,banded_sym_w6,three,all,7,377,persistent_chain
G3_Onmem_plus,3,banded_sym_w6,three,all,8,253,persistent_chain
G3_Onmem_plus,3,banded_sym_w6,three,all,9,195,persistent_chain
G3_Onmem_plus,3,banded_sym_w6,three,all,10,156,persistent_chain
G3_Onmem_plus,3,banded_sym_w6,three,all,11,112,persistent_chain
G3_Onmem_plus,3,banded_sym_w6,three,all,12,71,persistent_chain
G3_Onmem_plus,3,banded_sym_w6,three,all,13,61,persistent_chain
G3_Onmem_plus,3,banded_sym_w6,three,all,14,50,persistent_chain
G3_Onmem_plus,3,banded_sym_w6,three,all,15,36,persistent_chain
G3_Onmem_plus,3,banded_sym_w6,three,all,16,25,persistent_chain
G3_Onmem_plus,3,banded_sym_w6,three,all,17,39,persistent_chain
G3_Onmem_plus,3,banded_sym_w6,three,all,18,25,persistent_chain
G3_Onmem_plus,3,banded_sym_w6,three,all,19,22,persistent_chain
G3_Onmem_plus,3,banded_sym_w6,three,all,20,17,persistent_chain
G3_Onmem_plus,3,banded_sym_w6,three,all,21,13,persistent_chain
G3_Onmem_plus,3,banded_sym_w6,three,all,22,5,persistent_chain
G3_Onmem_plus,3,banded_sym_w6,three,all,23,9,persistent_chain
G3_Onmem_plus,3,banded_sym_w6,three,all,24,7,persistent_chain
G3_Onmem_plus,3,banded_sym_w6,three,all,25,6,persistent_chain
G3_Onmem_plus,3,banded_sym_w6,three,all,26,6,persistent_chain
G3_Onmem_plus,3,banded_sym_w6,three,all,27,5,persistent_chain
G3_Onmem_plus,3,banded_sym_w6,three,all,28,2,persistent_chain
G3_Onmem_plus,3,banded_sym_w6,three,all,29,5,persistent_chain
G3_Onmem_plus,3,banded_sym_w6,three,all,30,3,persistent_chain
G3_Onmem_plus,3,banded_sym_w6,three,all,31,1,persistent_chain
G3_Onmem_plus,3,banded_sym_w6,three,all,32,4,persistent_chain
G3_Onmem_plus,3,banded_sym_w6,three,all,33,1,persistent_chain
G3_Onmem_plus,3,banded_sym_w6,three,all,34,1,persistent_chain
G3_Onmem_plus,3,banded_sym_w6,three,all,35,1,persistent_chain
G3_Onmem_plus,3,banded_sym_w6,three,all,36,4,persistent_chain
G3_Onmem_plus,3,banded_sym_w6,three,all,38,1,persistent_chain
G3_Onmem_plus,3,banded_sym_w6,three,all,39,1,persistent_chain
G3_Onmem_plus,3,banded_sym_w6,three,all,42,1,persistent_chain
G3_Onmem_plus,3,banded_sym_w6,three,all,43,2,persistent_chain
G3_Onmem_plus,3,banded_sym_w6,three,all,49,1,persistent_chain
G3_Onmem_plus,3,banded_sym_w6,three,all,51,3,persistent_chain
G3_Onmem_plus,3,banded_sym_w6,three,all,53,1,persistent_chain
G3_Onmem_plus,3,banded_sym_w6,three,all,55,1,persistent_chain
G3_Onmem_plus,3,banded_sym_w6,three,all,56,1,persistent_chain
G3_Onmem_plus,3,banded_sym_w6,triplet,all,1,11901,persistent_chain
G3_Onmem_plus,3,banded_sym_w6,triplet,all,2,3509,persistent_chain
G3_Onmem_plus,3,banded_sym_w6,triplet,all,3,1448,persistent_chain
G3_Onmem_plus,3,banded_sym_w6,triplet,all,4,732,persistent_chain
G3_Onmem_plus,3,banded_sym_w6,triplet,all,5,367,persistent_chain
G3_Onmem_plus,3,banded_sym_w6,triplet,all,6,229,persistent_chain
G3_Onmem_plus,3,banded_sym_w6,triplet,all,7,148,persistent_chain
G3_Onmem_plus,3,banded_sym_w6,triplet,all,8,98,persistent_chain
G3_Onmem_plus,3,banded_sym_w6,triplet,all,9,48,persistent_chain
G3_Onmem_plus,3,banded_sym_w6,triplet,all,10,41,persistent_chain
G3_Onmem_plus,3,banded_sym_w6,triplet,all,11,43,persistent_chain
G3_Onmem_plus,3,banded_sym_w6,triplet,all,12,23,persistent_chain
G3_Onmem_plus,3,banded_sym_w6,triplet,all,13,16,persistent_chain
G3_Onmem_plus,3,banded_sym_w6,triplet,all,14,11,persistent_chain
G3_Onmem_plus,3,banded_sym_w6,triplet,all,15,13,persistent_chain
G3_Onmem_plus,3,banded_sym_w6,triplet,all,16,7,persistent_chain
G3_Onmem_plus,3,banded_sym_w6,triplet,all,17,2,persistent_chain
G3_Onmem_plus,3,banded_sym_w6,triplet,all,18,7,persistent_chain
G3_Onmem_plus,3,banded_sym_w6,triplet,all,19,1,persistent_chain
G3_Onmem_plus,3,banded_sym_w6,triplet,all,20,1,persistent_chain
G3_Onmem_plus,3,banded_sym_w6,triplet,all,22,5,persistent_chain
G3_Onmem_plus,3,banded_sym_w6,triplet,all,23,2,persistent_chain
G3_Onmem_plus,3,banded_sym_w6,triplet,all,25,1,persistent_chain
G3_Onmem_plus,3,banded_sym_w6,triplet,all,27,1,persistent_chain
G3_Onmem_plus,3,banded_sym_w6,triplet,all,29,1,persistent_chain
G3_Onmem_plus,3,banded_sym_w6,triplet,all,31,1,persistent_chain
G3_Onmem_plus,3,banded_sym_w8,one,all,1,22371,persistent_chain
G3_Onmem_plus,3,banded_sym_w8,one,all,2,8998,persistent_chain
G3_Onmem_plus,3,banded_sym_w8,one,all,3,4724,persistent_chain
G3_Onmem_plus,3,banded_sym_w8,one,all,4,2747,persistent_chain
G3_Onmem_plus,3,banded_sym_w8,one,all,5,2027,persistent_chain
G3_Onmem_plus,3,banded_sym_w8,one,all,6,1374,persistent_chain
G3_Onmem_plus,3,banded_sym_w8,one,all,7,1027,persistent_chain
G3_Onmem_plus,3,banded_sym_w8,one,all,8,762,persistent_chain
G3_Onmem_plus,3,banded_sym_w8,one,all,9,586,persistent_chain
G3_Onmem_plus,3,banded_sym_w8,one,all,10,421,persistent_chain
G3_Onmem_plus,3,banded_sym_w8,one,all,11,314,persistent_chain
G3_Onmem_plus,3,banded_sym_w8,one,all,12,287,persistent_chain
G3_Onmem_plus,3,banded_sym_w8,one,all,13,217,persistent_chain
G3_Onmem_plus,3,banded_sym_w8,one,all,14,175,persistent_chain
G3_Onmem_plus,3,banded_sym_w8,one,all,15,141,persistent_chain
G3_Onmem_plus,3,banded_sym_w8,one,all,16,150,persistent_chain
G3_Onmem_plus,3,banded_sym_w8,one,all,17,96,persistent_chain
G3_Onmem_plus,3,banded_sym_w8,one,all,18,99,persistent_chain
G3_Onmem_plus,3,banded_sym_w8,one,all,19,76,persistent_chain
G3_Onmem_plus,3,banded_sym_w8,one,all,20,84,persistent_chain
G3_Onmem_plus,3,banded_sym_w8,one,all,21,63,persistent_chain
G3_Onmem_plus,3,banded_sym_w8,one,all,22,68,persistent_chain
G3_Onmem_plus,3,banded_sym_w8,one,all,23,44,persistent_chain
G3_Onmem_plus,3,banded_sym_w8,one,all,24,39,persistent_chain
G3_Onmem_plus,3,banded_sym_w8,one,all,25,43,persistent_chain
G3_Onmem_plus,3,banded_sym_w8,one,all,26,33,persistent_chain
G3_Onmem_plus,3,banded_sym_w8,one,all,27,25,persistent_chain
G3_Onmem_plus,3,banded_sym_w8,one,all,28,20,persistent_chain
G3_Onmem_plus,3,banded_sym_w8,one,all,29,30,persistent_chain
G3_Onmem_plus,3,banded_sym_w8,one,all,30,20,persistent_chain
G3_Onmem_plus,3,banded_sym_w8,one,all,31,18,persistent_chain
G3_Onmem_plus,3,banded_sym_w8,one,all,32,11,persistent_chain
G3_Onmem_plus,3,banded_sym_w8,one,all,33,17,persistent_chain
G3_Onmem_plus,3,banded_sym_w8,one,all,34,7,persistent_chain
G3_Onmem_plus,3,banded_sym_w8,one,all,35,16,persistent_chain
G3_Onmem_plus,3,banded_sym_w8,one,all,36,6,persistent_chain
G3_Onmem_plus,3,banded_sym_w8,one,all,37,10,persistent_chain
G3_Onmem_plus,3,banded_sym_w8,one,all,38,10,persistent_chain
G3_Onmem_plus,3,banded_sym_w8,one,all,39,5,persistent_chain
G3_Onmem_plus,3,banded_sym_w8,one,all,40,7,persistent_chain
G3_Onmem_plus,3,banded_sym_w8,one,all,41,11,persistent_chain
G3_Onmem_plus,3,banded_sym_w8,one,all,42,6,persistent_chain
G3_Onmem_plus,3,banded_sym_w8,one,all,43,7,persistent_chain
G3_Onmem_plus,3,banded_sym_w8,one,all,44,6,persistent_chain
G3_Onmem_plus,3,banded_sym_w8,one,all,45,5,persistent_chain
G3_Onmem_plus,3,banded_sym_w8,one,all,46,5,persistent_chain
G3_Onmem_plus,3,banded_sym_w8,one,all,47,7,persistent_chain
G3_Onmem_plus,3,banded_sym_w8,one,all,48,3,persistent_chain
G3_Onmem_plus,3,banded_sym_w8,one,all,49,2,persistent_chain
G3_Onmem_plus,3,banded_sym_w8,one,all,50,3,persistent_chain
G3_Onmem_plus,3,banded_sym_w8,one,all,51,2,persistent_chain
G3_Onmem_plus,3,banded_sym_w8,one,all,52,2,persistent_chain
G3_Onmem_plus,3,banded_sym_w8,one,all,53,4,persistent_chain
G3_Onmem_plus,3,banded_sym_w8,one,all,54,2,persistent_chain
G3_Onmem_plus,3,banded_sym_w8,one,all,55,4,persistent_chain
G3_Onmem_plus,3,banded_sym_w8,one,all,56,2,persistent_chain
G3_Onmem_plus,3,banded_sym_w8,one,all,57,1,persistent_chain
G3_Onmem_plus,3,banded_sym_w8,one,all,58,3,persistent_chain
G3_Onmem_plus,3,banded_sym_w8,one,all,59,2,persistent_chain
G3_Onmem_plus,3,banded_sym_w8,one,all,61,2,persistent_chain
G3_Onmem_plus,3,banded_sym_w8,one,all,62,1,persistent_chain
G3_Onmem_plus,3,banded_sym_w8,one,all,64,1,persistent_chain
G3_Onmem_plus,3,banded_sym_w8,one,all,65,1,persistent_chain
G3_Onmem_plus,3,banded_sym_w8,one,all,66,1,persistent_chain
G3_Onmem_plus,3,banded_sym_w8,one,all,68,1,persistent_chain
G3_Onmem_plus,3,banded_sym_w8,one,all,69,1,persistent_chain
G3_Onmem_plus,3,banded_sym_w8,one,all,70,1,persistent_chain
G3_Onmem_plus,3,banded_sym_w8,one,all,71,2,persistent_chain
G3_Onmem_plus,3,banded_sym_w8,one,all,72,1,persistent_chain
G3_Onmem_plus,3,banded_sym_w8,one,all,73,1,persistent_chain
G3_Onmem_plus,3,banded_sym_w8,one,all,74,1,persistent_chain
G3_Onmem_plus,3,banded_sym_w8,one,all,75,1,persistent_chain
G3_Onmem_plus,3,banded_sym_w8,one,all,77,1,persistent_chain
G3_Onmem_plus,3,banded_sym_w8,one,all,79,1,persistent_chain
G3_Onmem_plus,3,banded_sym_w8,one,all,80,2,persistent_chain
G3_Onmem_plus,3,banded_sym_w8,one,all,84,1,persistent_chain
G3_Onmem_plus,3,banded_sym_w8,one,all,85,2,persistent_chain
G3_Onmem_plus,3,banded_sym_w8,one,all,87,1,persistent_chain
G3_Onmem_plus,3,banded_sym_w8,one,all,93,1,persistent_chain
G3_Onmem_plus,3,banded_sym_w8,one,all,95,1,persistent_chain
G3_Onmem_plus,3,banded_sym_w8,one,all,100,2,persistent_chain
G3_Onmem_plus,3,banded_sym_w8,one,all,109,1,persistent_chain
G3_Onmem_plus,3,banded_sym_w8,one,all,114,1,persistent_chain
G3_Onmem_plus,3,banded_sym_w8,one,all,120,2,persistent_chain
G3_Onmem_plus,3,banded_sym_w8,one,all,139,1,persistent_chain
G3_Onmem_plus,3,banded_sym_w8,one,all,144,1,persistent_chain
G3_Onmem_plus,3,banded_sym_w8,three,all,1,18306,persistent_chain
G3_Onmem_plus,3,banded_sym_w8,three,all,2,6566,persistent_chain
G3_Onmem_plus,3,banded_sym_w8,three,all,3,3285,persistent_chain
G3_Onmem_plus,3,banded_sym_w8,three,all,4,1851,persistent_chain
G3_Onmem_plus,3,banded_sym_w8,three,all,5,1124,persistent_chain
G3_Onmem_plus,3,banded_sym_w8,three,all,6,772,persistent_chain
G3_Onmem_plus,3,banded_sym_w8,three,all,7,499,persistent_chain
G3_Onmem_plus,3,banded_sym_w8,three,all,8,341,persistent_chain
G3_Onmem_plus,3,banded_sym_w8,three,all,9,245,persistent_chain
G3_Onmem_plus,3,banded_sym_w8,three,all,10,193,persistent_chain
G3_Onmem_plus,3,banded_sym_w8,three,all,11,152,persistent_chain
G3_Onmem_plus,3,banded_sym_w8,three,all,12,89,persistent_chain
G3_Onmem_plus,3,banded_sym_w8,three,all,13,103,persistent_chain
G3_Onmem_plus,3,banded_sym_w8,three,all,14,82,persistent_chain
G3_Onmem_plus,3,banded_sym_w8,three,all,15,51,persistent_chain
G3_Onmem_plus,3,banded_sym_w8,three,all,16,38,persistent_chain
G3_Onmem_plus,3,banded_sym_w8,three,all,17,44,persistent_chain
G3_Onmem_plus,3,banded_sym_w8,three,all,18,48,persistent_chain
G3_Onmem_plus,3,banded_sym_w8,three,all,19,28,persistent_chain
G3_Onmem_plus,3,banded_sym_w8,three,all,20,20,persistent_chain
G3_Onmem_plus,3,banded_sym_w8,three,all,21,14,persistent_chain
G3_Onmem_plus,3,banded_sym_w8,three,all,22,15,persistent_chain
G3_Onmem_plus,3,banded_sym_w8,three,all,23,11,persistent_chain
G3_Onmem_plus,3,banded_sym_w8,three,all,24,8,persistent_chain
G3_Onmem_plus,3,banded_sym_w8,three,all,25,12,persistent_chain
G3_Onmem_plus,3,banded_sym_w8,three,all,26,6,persistent_chain
G3_Onmem_plus,3,banded_sym_w8,three,all,27,6,persistent_chain
G3_Onmem_plus,3,banded_sym_w8,three,all,28,5,persistent_chain
G3_Onmem_plus,3,banded_sym_w8,three,all,29,4,persistent_chain
G3_Onmem_plus,3,banded_sym_w8,three,all,30,8,persistent_chain
G3_Onmem_plus,3,banded_sym_w8,three,all,31,6,persistent_chain
G3_Onmem_plus,3,banded_sym_w8,three,all,32,5,persistent_chain
G3_Onmem_plus,3,banded_sym_w8,three,all,33,3,persistent_chain
G3_Onmem_plus,3,banded_sym_w8,three,all,34,1,persistent_chain
G3_Onmem_plus,3,banded_sym_w8,three,all,35,4,persistent_chain
G3_Onmem_plus,3,banded_sym_w8,three,all,36,8,persistent_chain
G3_Onmem_plus,3,banded_sym_w8,three,all,37,3,persistent_chain
G3_Onmem_plus,3,banded_sym_w8,three,all,38,3,persistent_chain
G3_Onmem_plus,3,banded_sym_w8,three,all,39,3,persistent_chain
G3_Onmem_plus,3,banded_sym_w8,three,all,41,1,persistent_chain
G3_Onmem_plus,3,banded_sym_w8,three,all,43,1,persistent_chain
G3_Onmem_plus,3,banded_sym_w8,three,all,44,1,persistent_chain
G3_Onmem_plus,3,banded_sym_w8,three,all,45,1,persistent_chain
G3_Onmem_plus,3,banded_sym_w8,three,all,49,2,persistent_chain
G3_Onmem_plus,3,banded_sym_w8,three,all,51,3,persistent_chain
G3_Onmem_plus,3,banded_sym_w8,three,all,53,2,persistent_chain
G3_Onmem_plus,3,banded_sym_w8,three,all,65,1,persistent_chain
G3_Onmem_plus,3,banded_sym_w8,three,all,72,1,persistent_chain
G3_Onmem_plus,3,banded_sym_w8,triplet,all,1,14108,persistent_chain
G3_Onmem_plus,3,banded_sym_w8,triplet,all,2,4240,persistent_chain
G3_Onmem_plus,3,banded_sym_w8,triplet,all,3,1827,persistent_chain
G3_Onmem_plus,3,banded_sym_w8,triplet,all,4,927,persistent_chain
G3_Onmem_plus,3,banded_sym_w8,triplet,all,5,462,persistent_chain
G3_Onmem_plus,3,banded_sym_w8,triplet,all,6,299,persistent_chain
G3_Onmem_plus,3,banded_sym_w8,triplet,all,7,173,persistent_chain
G3_Onmem_plus,3,banded_sym_w8,triplet,all,8,131,persistent_chain
G3_Onmem_plus,3,banded_sym_w8,triplet,all,9,81,persistent_chain
G3_Onmem_plus,3,banded_sym_w8,triplet,all,10,56,persistent_chain
G3_Onmem_plus,3,banded_sym_w8,triplet,all,11,46,persistent_chain
G3_Onmem_plus,3,banded_sym_w8,triplet,all,12,30,persistent_chain
G3_Onmem_plus,3,banded_sym_w8,triplet,all,13,19,persistent_chain
G3_Onmem_plus,3,banded_sym_w8,triplet,all,14,17,persistent_chain
G3_Onmem_plus,3,banded_sym_w8,triplet,all,15,18,persistent_chain
G3_Onmem_plus,3,banded_sym_w8,triplet,all,16,9,persistent_chain
G3_Onmem_plus,3,banded_sym_w8,triplet,all,17,7,persistent_chain
G3_Onmem_plus,3,banded_sym_w8,triplet,all,18,8,persistent_chain
G3_Onmem_plus,3,banded_sym_w8,triplet,all,19,3,persistent_chain
G3_Onmem_plus,3,banded_sym_w8,triplet,all,20,1,persistent_chain
G3_Onmem_plus,3,banded_sym_w8,triplet,all,22,4,persistent_chain
G3_Onmem_plus,3,banded_sym_w8,triplet,all,23,2,persistent_chain
G3_Onmem_plus,3,banded_sym_w8,triplet,all,25,1,persistent_chain
G3_Onmem_plus,3,banded_sym_w8,triplet,all,26,1,persistent_chain
G3_Onmem_plus,3,banded_sym_w8,triplet,all,27,2,persistent_chain
G3_Onmem_plus,3,banded_sym_w8,triplet,all,29,1,persistent_chain
G3_Onmem_plus,3,banded_sym_w8,triplet,all,31,1,persistent_chain
G3_Onmem_plus,3,banded_sym_w8,triplet,all,41,1,persistent_chain
G3_Onmem_plus,3,banded_sym_w10,one,all,1,24158,persistent_chain
G3_Onmem_plus,3,banded_sym_w10,one,all,2,9631,persistent_chain
G3_Onmem_plus,3,banded_sym_w10,one,all,3,5193,persistent_chain
G3_Onmem_plus,3,banded_sym_w10,one,all,4,3067,persistent_chain
G3_Onmem_plus,3,banded_sym_w10,one,all,5,2252,persistent_chain
G3_Onmem_plus,3,banded_sym_w10,one,all,6,1530,persistent_chain
G3_Onmem_plus,3,banded_sym_w10,one,all,7,1131,persistent_chain
G3_Onmem_plus,3,banded_sym_w10,one,all,8,892,persistent_chain
G3_Onmem_plus,3,banded_sym_w10,one,all,9,708,persistent_chain
G3_Onmem_plus,3,banded_sym_w10,one,all,10,489,persistent_chain
G3_Onmem_plus,3,banded_sym_w10,one,all,11,377,persistent_chain
G3_Onmem_plus,3,banded_sym_w10,one,all,12,338,persistent_chain
G3_Onmem_plus,3,banded_sym_w10,one,all,13,243,persistent_chain
G3_Onmem_plus,3,banded_sym_w10,one,all,14,217,persistent_chain
G3_Onmem_plus,3,banded_sym_w10,one,all,15,173,persistent_chain
G3_Onmem_plus,3,banded_sym_w10,one,all,16,171,persistent_chain
G3_Onmem_plus,3,banded_sym_w10,one,all,17,125,persistent_chain
G3_Onmem_plus,3,banded_sym_w10,one,all,18,127,persistent_chain
G3_Onmem_plus,3,banded_sym_w10,one,all,19,96,persistent_chain
G3_Onmem_plus,3,banded_sym_w10,one,all,20,92,persistent_chain
G3_Onmem_plus,3,banded_sym_w10,one,all,21,74,persistent_chain
G3_Onmem_plus,3,banded_sym_w10,one,all,22,63,persistent_chain
G3_Onmem_plus,3,banded_sym_w10,one,all,23,47,persistent_chain
G3_Onmem_plus,3,banded_sym_w10,one,all,24,47,persistent_chain
G3_Onmem_plus,3,banded_sym_w10,one,all,25,49,persistent_chain
G3_Onmem_plus,3,banded_sym_w10,one,all,26,38,persistent_chain
G3_Onmem_plus,3,banded_sym_w10,one,all,27,37,persistent_chain
G3_Onmem_plus,3,banded_sym_w10,one,all,28,26,persistent_chain
G3_Onmem_plus,3,banded_sym_w10,one,all,29,35,persistent_chain
G3_Onmem_plus,3,banded_sym_w10,one,all,30,32,persistent_chain
G3_Onmem_plus,3,banded_sym_w10,one,all,31,28,persistent_chain
G3_Onmem_plus,3,banded_sym_w10,one,all,32,15,persistent_chain
G3_Onmem_plus,3,banded_sym_w10,one,all,33,16,persistent_chain
G3_Onmem_plus,3,banded_sym_w10,one,all,34,9,persistent_chain
G3_Onmem_plus,3,banded_sym_w10,one,all,35,17,persistent_chain
G3_Onmem_plus,3,banded_sym_w10,one,all,36,11,persistent_chain
G3_Onmem_plus,3,banded_sym_w10,one,all,37,9,persistent_chain
G3_Onmem_plus,3,banded_sym_w10,one,all,38,18,persistent_chain
G3_Onmem_plus,3,banded_sym_w10,one,all,39,10,persistent_chain
G3_Onmem_plus,3,banded_sym_w10,one,all,40,7,persistent_chain
G3_Onmem_plus,3,banded_sym_w10,one,all,41,13,persistent_chain
G3_Onmem_plus,3,banded_sym_w10,one,all,42,6,persistent_chain
G3_Onmem_plus,3,banded_sym_w10,one,all,43,7,persistent_chain
G3_Onmem_plus,3,banded_sym_w10,one,all,44,5,persistent_chain
G3_Onmem_plus,3,banded_sym_w10,one,all,45,7,persistent_chain
G3_Onmem_plus,3,banded_sym_w10,one,all,46,6,persistent_chain
G3_Onmem_plus,3,banded_sym_w10,one,all,47,3,persistent_chain
G3_Onmem_plus,3,banded_sym_w10,one,all,48,4,persistent_chain
G3_Onmem_plus,3,banded_sym_w10,one,all,49,5,persistent_chain
G3_Onmem_plus,3,banded_sym_w10,one,all,50,5,persistent_chain
G3_Onmem_plus,3,banded_sym_w10,one,all,51,2,persistent_chain
G3_Onmem_plus,3,banded_sym_w10,one,all,52,3,persistent_chain
G3_Onmem_plus,3,banded_sym_w10,one,all,53,5,persistent_chain
G3_Onmem_plus,3,banded_sym_w10,one,all,54,4,persistent_chain
G3_Onmem_plus,3,banded_sym_w10,one,all,55,6,persistent_chain
G3_Onmem_plus,3,banded_sym_w10,one,all,56,5,persistent_chain
G3_Onmem_plus,3,banded_sym_w10,one,all,57,2,persistent_chain
G3_Onmem_plus,3,banded_sym_w10,one,all,58,2,persistent_chain
G3_Onmem_plus,3,banded_sym_w10,one,all,59,2,persistent_chain
G3_Onmem_plus,3,banded_sym_w10,one,all,60,1,persistent_chain
G3_Onmem_plus,3,banded_sym_w10,one,all,61,2,persistent_chain
G3_Onmem_plus,3,banded_sym_w10,one,all,63,2,persistent_chain
G3_Onmem_plus,3,banded_sym_w10,one,all,65,1,persistent_chain
G3_Onmem_plus,3,banded_sym_w10,one,all,66,1,persistent_chain
G3_Onmem_plus,3,banded_sym_w10,one,all,67,2,persistent_chain
G3_Onmem_plus,3,banded_sym_w10,one,all,68,1,persistent_chain
G3_Onmem_plus,3,banded_sym_w10,one,all,69,2,persistent_chain
G3_Onmem_plus,3,banded_sym_w10,one,all,70,1,persistent_chain
G3_Onmem_plus,3,banded_sym_w10,one,all,71,1,persistent_chain
G3_Onmem_plus,3,banded_sym_w10,one,all,72,1,persistent_chain
G3_Onmem_plus,3,banded_sym_w10,one,all,73,1,persistent_chain
G3_Onmem_plus,3,banded_sym_w10,one,all,74,2,persistent_chain
G3_Onmem_plus,3,banded_sym_w10,one,all,75,2,persistent_chain
G3_Onmem_plus,3,banded_sym_w10,one,all,76,1,persistent_chain
G3_Onmem_plus,3,banded_sym_w10,one,all,77,1,persistent_chain
G3_Onmem_plus,3,banded_sym_w10,one,all,79,3,persistent_chain
G3_Onmem_plus,3,banded_sym_w10,one,all,83,1,persistent_chain
G3_Onmem_plus,3,banded_sym_w10,one,all,84,1,persistent_chain
G3_Onmem_plus,3,banded_sym_w10,one,all,86,1,persistent_chain
G3_Onmem_plus,3,banded_sym_w10,one,all,87,1,persistent_chain
G3_Onmem_plus,3,banded_sym_w10,one,all,89,1,persistent_chain
G3_Onmem_plus,3,banded_sym_w10,one,all,90,1,persistent_chain
G3_Onmem_plus,3,banded_sym_w10,one,all,93,2,persistent_chain
G3_Onmem_plus,3,banded_sym_w10,one,all,95,1,persistent_chain
G3_Onmem_plus,3,banded_sym_w10,one,all,97,1,persistent_chain
G3_Onmem_plus,3,banded_sym_w10,one,all,100,1,persistent_chain
G3_Onmem_plus,3,banded_sym_w10,one,all,103,4,persistent_chain
G3_Onmem_plus,3,banded_sym_w10,one,all,106,1,persistent_chain
G3_Onmem_plus,3,banded_sym_w10,one,all,109,1,persistent_chain
G3_Onmem_plus,3,banded_sym_w10,one,all,112,1,persistent_chain
G3_Onmem_plus,3,banded_sym_w10,one,all,114,1,persistent_chain
G3_Onmem_plus,3,banded_sym_w10,one,all,120,1,persistent_chain
G3_Onmem_plus,3,banded_sym_w10,one,all,122,1,persistent_chain
G3_Onmem_plus,3,banded_sym_w10,one,all,136,1,persistent_chain
G3_Onmem_plus,3,banded_sym_w10,one,all,139,1,persistent_chain
G3_Onmem_plus,3,banded_sym_w10,one,all,144,1,persistent_chain
G3_Onmem_plus,3,banded_sym_w10,one,all,173,1,persistent_chain
G3_Onmem_plus,3,banded_sym_w10,three,all,1,20320,persistent_chain
G3_Onmem_plus,3,banded_sym_w10,three,all,2,7358,persistent_chain
G3_Onmem_plus,3,banded_sym_w10,three,all,3,3824,persistent_chain
G3_Onmem_plus,3,banded_sym_w10,three,all,4,2161,persistent_chain
G3_Onmem_plus,3,banded_sym_w10,three,all,5,1346,persistent_chain
G3_Onmem_plus,3,banded_sym_w10,three,all,6,936,persistent_chain
G3_Onmem_plus,3,banded_sym_w10,three,all,7,615,persistent_chain
G3_Onmem_plus,3,banded_sym_w10,three,all,8,419,persistent_chain
G3_Onmem_plus,3,banded_sym_w10,three,all,9,319,persistent_chain
G3_Onmem_plus,3,banded_sym_w10,three,all,10,240,persistent_chain
G3_Onmem_plus,3,banded_sym_w10,three,all,11,169,persistent_chain
G3_Onmem_plus,3,banded_sym_w10,three,all,12,123,persistent_chain
G3_Onmem_plus,3,banded_sym_w10,three,all,13,121,persistent_chain
G3_Onmem_plus,3,banded_sym_w10,three,all,14,91,persistent_chain
G3_Onmem_plus,3,banded_sym_w10,three,all,15,62,persistent_chain
G3_Onmem_plus,3,banded_sym_w10,three,all,16,54,persistent_chain
G3_Onmem_plus,3,banded_sym_w10,three,all,17,60,persistent_chain
G3_Onmem_plus,3,banded_sym_w10,three,all,18,56,persistent_chain
G3_Onmem_plus,3,banded_sym_w10,three,all,19,31,persistent_chain
G3_Onmem_plus,3,banded_sym_w10,three,all,20,27,persistent_chain
G3_Onmem_plus,3,banded_sym_w10,three,all,21,21,persistent_chain
G3_Onmem_plus,3,banded_sym_w10,three,all,22,26,persistent_chain
G3_Onmem_plus,3,banded_sym_w10,three,all,23,15,persistent_chain
G3_Onmem_plus,3,banded_sym_w10,three,all,24,16,persistent_chain
G3_Onmem_plus,3,banded_sym_w10,three,all,25,16,persistent_chain
G3_Onmem_plus,3,banded_sym_w10,three,all,26,5,persistent_chain
G3_Onmem_plus,3,banded_sym_w10,three,all,27,8,persistent_chain
G3_Onmem_plus,3,banded_sym_w10,three,all,28,7,persistent_chain
G3_Onmem_plus,3,banded_sym_w10,three,all,29,4,persistent_chain
G3_Onmem_plus,3,banded_sym_w10,three,all,30,8,persistent_chain
G3_Onmem_plus,3,banded_sym_w10,three,all,31,10,persistent_chain
G3_Onmem_plus,3,banded_sym_w10,three,all,32,5,persistent_chain
G3_Onmem_plus,3,banded_sym_w10,three,all,33,7,persistent_chain
G3_Onmem_plus,3,banded_sym_w10,three,all,34,2,persistent_chain
G3_Onmem_plus,3,banded_sym_w10,three,all,36,5,persistent_chain
G3_Onmem_plus,3,banded_sym_w10,three,all,37,5,persistent_chain
G3_Onmem_plus,3,banded_sym_w10,three,all,38,3,persistent_chain
G3_Onmem_plus,3,banded_sym_w10,three,all,39,6,persistent_chain
G3_Onmem_plus,3,banded_sym_w10,three,all,40,2,persistent_chain
G3_Onmem_plus,3,banded_sym_w10,three,all,41,1,persistent_chain
G3_Onmem_plus,3,banded_sym_w10,three,all,42,3,persistent_chain
G3_Onmem_plus,3,banded_sym_w10,three,all,43,1,persistent_chain
G3_Onmem_plus,3,banded_sym_w10,three,all,44,3,persistent_chain
G3_Onmem_plus,3,banded_sym_w10,three,all,45,1,persistent_chain
G3_Onmem_plus,3,banded_sym_w10,three,all,46,2,persistent_chain
G3_Onmem_plus,3,banded_sym_w10,three,all,49,2,persistent_chain
G3_Onmem_plus,3,banded_sym_w10,three,all,51,2,persistent_chain
G3_Onmem_plus,3,banded_sym_w10,three,all,53,2,persistent_chain
G3_Onmem_plus,3,banded_sym_w10,three,all,58,1,persistent_chain
G3_Onmem_plus,3,banded_sym_w10,three,all,59,2,persistent_chain
G3_Onmem_plus,3,banded_sym_w10,three,all,62,1,persistent_chain
G3_Onmem_plus,3,banded_sym_w10,three,all,65,1,persistent_chain
G3_Onmem_plus,3,banded_sym_w10,three,all,72,1,persistent_chain
G3_Onmem_plus,3,banded_sym_w10,three,all,73,1,persistent_chain
G3_Onmem_plus,3,banded_sym_w10,triplet,all,1,16169,persistent_chain
G3_Onmem_plus,3,banded_sym_w10,triplet,all,2,4938,persistent_chain
G3_Onmem_plus,3,banded_sym_w10,triplet,all,3,2133,persistent_chain
G3_Onmem_plus,3,banded_sym_w10,triplet,all,4,1126,persistent_chain
G3_Onmem_plus,3,banded_sym_w10,triplet,all,5,586,persistent_chain
G3_Onmem_plus,3,banded_sym_w10,triplet,all,6,363,persistent_chain
G3_Onmem_plus,3,banded_sym_w10,triplet,all,7,216,persistent_chain
G3_Onmem_plus,3,banded_sym_w10,triplet,all,8,164,persistent_chain
G3_Onmem_plus,3,banded_sym_w10,triplet,all,9,95,persistent_chain
G3_Onmem_plus,3,banded_sym_w10,triplet,all,10,68,persistent_chain
G3_Onmem_plus,3,banded_sym_w10,triplet,all,11,54,persistent_chain
G3_Onmem_plus,3,banded_sym_w10,triplet,all,12,33,persistent_chain
G3_Onmem_plus,3,banded_sym_w10,triplet,all,13,24,persistent_chain
G3_Onmem_plus,3,banded_sym_w10,triplet,all,14,22,persistent_chain
G3_Onmem_plus,3,banded_sym_w10,triplet,all,15,22,persistent_chain
G3_Onmem_plus,3,banded_sym_w10,triplet,all,16,10,persistent_chain
G3_Onmem_plus,3,banded_sym_w10,triplet,all,17,7,persistent_chain
G3_Onmem_plus,3,banded_sym_w10,triplet,all,18,11,persistent_chain
G3_Onmem_plus,3,banded_sym_w10,triplet,all,19,4,persistent_chain
G3_Onmem_plus,3,banded_sym_w10,triplet,all,20,2,persistent_chain
G3_Onmem_plus,3,banded_sym_w10,triplet,all,21,1,persistent_chain
G3_Onmem_plus,3,banded_sym_w10,triplet,all,22,3,persistent_chain
G3_Onmem_plus,3,banded_sym_w10,triplet,all,23,2,persistent_chain
G3_Onmem_plus,3,banded_sym_w10,triplet,all,24,1,persistent_chain
G3_Onmem_plus,3,banded_sym_w10,triplet,all,25,1,persistent_chain
G3_Onmem_plus,3,banded_sym_w10,triplet,all,26,2,persistent_chain
G3_Onmem_plus,3,banded_sym_w10,triplet,all,27,2,persistent_chain
G3_Onmem_plus,3,banded_sym_w10,triplet,all,30,1,persistent_chain
G3_Onmem_plus,3,banded_sym_w10,triplet,all,31,1,persistent_chain
G3_Onmem_plus,3,banded_sym_w10,triplet,all,33,1,persistent_chain
G3_Onmem_plus,3,banded_sym_w10,triplet,all,41,1,persistent_chain
G3_Onmem_plus,3,banded_anti_w4,one,all,1,18307,persistent_chain
G3_Onmem_plus,3,banded_anti_w4,one,all,2,6702,persistent_chain
G3_Onmem_plus,3,banded_anti_w4,one,all,3,3236,persistent_chain
G3_Onmem_plus,3,banded_anti_w4,one,all,4,2054,persistent_chain
G3_Onmem_plus,3,banded_anti_w4,one,all,5,1235,persistent_chain
G3_Onmem_plus,3,banded_anti_w4,one,all,6,847,persistent_chain
G3_Onmem_plus,3,banded_anti_w4,one,all,7,581,persistent_chain
G3_Onmem_plus,3,banded_anti_w4,one,all,8,400,persistent_chain
G3_Onmem_plus,3,banded_anti_w4,one,all,9,296,persistent_chain
G3_Onmem_plus,3,banded_anti_w4,one,all,10,238,persistent_chain
G3_Onmem_plus,3,banded_anti_w4,one,all,11,187,persistent_chain
G3_Onmem_plus,3,banded_anti_w4,one,all,12,127,persistent_chain
G3_Onmem_plus,3,banded_anti_w4,one,all,13,106,persistent_chain
G3_Onmem_plus,3,banded_anti_w4,one,all,14,91,persistent_chain
G3_Onmem_plus,3,banded_anti_w4,one,all,15,63,persistent_chain
G3_Onmem_plus,3,banded_anti_w4,one,all,16,52,persistent_chain
G3_Onmem_plus,3,banded_anti_w4,one,all,17,32,persistent_chain
G3_Onmem_plus,3,banded_anti_w4,one,all,18,29,persistent_chain
G3_Onmem_plus,3,banded_anti_w4,one,all,19,26,persistent_chain
G3_Onmem_plus,3,banded_anti_w4,one,all,20,20,persistent_chain
G3_Onmem_plus,3,banded_anti_w4,one,all,21,12,persistent_chain
G3_Onmem_plus,3,banded_anti_w4,one,all,22,15,persistent_chain
G3_Onmem_plus,3,banded_anti_w4,one,all,23,16,persistent_chain
G3_Onmem_plus,3,banded_anti_w4,one,all,24,7,persistent_chain
G3_Onmem_plus,3,banded_anti_w4,one,all,25,7,persistent_chain
G3_Onmem_plus,3,banded_anti_w4,one,all,26,13,persistent_chain
G3_Onmem_plus,3,banded_anti_w4,one,all,27,9,persistent_chain
G3_Onmem_plus,3,banded_anti_w4,one,all,28,10,persistent_chain
G3_Onmem_plus,3,banded_anti_w4,one,all,29,6,persistent_chain
G3_Onmem_plus,3,banded_anti_w4,one,all,30,6,persistent_chain
G3_Onmem_plus,3,banded_anti_w4,one,all,31,4,persistent_chain
G3_Onmem_plus,3,banded_anti_w4,one,all,32,4,persistent_chain
G3_Onmem_plus,3,banded_anti_w4,one,all,33,1,persistent_chain
G3_Onmem_plus,3,banded_anti_w4,one,all,34,4,persistent_chain
G3_Onmem_plus,3,banded_anti_w4,one,all,35,3,persistent_chain
G3_Onmem_plus,3,banded_anti_w4,one,all,36,1,persistent_chain
G3_Onmem_plus,3,banded_anti_w4,one,all,37,2,persistent_chain
G3_Onmem_plus,3,banded_anti_w4,one,all,38,1,persistent_chain
G3_Onmem_plus,3,banded_anti_w4,one,all,39,1,persistent_chain
G3_Onmem_plus,3,banded_anti_w4,one,all,40,4,persistent_chain
G3_Onmem_plus,3,banded_anti_w4,one,all,41,2,persistent_chain
G3_Onmem_plus,3,banded_anti_w4,one,all,43,1,persistent_chain
G3_Onmem_plus,3,banded_anti_w4,one,all,44,1,persistent_chain
G3_Onmem_plus,3,banded_anti_w4,one,all,45,1,persistent_chain
G3_Onmem_plus,3,banded_anti_w4,one,all,47,1,persistent_chain
G3_Onmem_plus,3,banded_anti_w4,one,all,48,1,persistent_chain
G3_Onmem_plus,3,banded_anti_w4,one,all,50,1,persistent_chain
G3_Onmem_plus,3,banded_anti_w4,one,all,52,1,persistent_chain
G3_Onmem_plus,3,banded_anti_w4,one,all,56,1,persistent_chain
G3_Onmem_plus,3,banded_anti_w4,one,all,57,2,persistent_chain
G3_Onmem_plus,3,banded_anti_w4,one,all,58,1,persistent_chain
G3_Onmem_plus,3,banded_anti_w4,one,all,59,1,persistent_chain
G3_Onmem_plus,3,banded_anti_w4,one,all,60,1,persistent_chain
G3_Onmem_plus,3,banded_anti_w4,one,all,61,2,persistent_chain
G3_Onmem_plus,3,banded_anti_w4,one,all,65,1,persistent_chain
G3_Onmem_plus,3,banded_anti_w4,one,all,90,1,persistent_chain
G3_Onmem_plus,3,banded_anti_w4,one,all,96,1,persistent_chain
G3_Onmem_plus,3,banded_anti_w4,one,all,152,1,persistent_chain
G3_Onmem_plus,3,banded_anti_w4,three,all,1,12643,persistent_chain
G3_Onmem_plus,3,banded_anti_w4,three,all,2,3879,persistent_chain
G3_Onmem_plus,3,banded_anti_w4,three,all,3,1667,persistent_chain
G3_Onmem_plus,3,banded_anti_w4,three,all,4,922,persistent_chain
G3_Onmem_plus,3,banded_anti_w4,three,all,5,536,persistent_chain
G3_Onmem_plus,3,banded_anti_w4,three,all,6,343,persistent_chain
G3_Onmem_plus,3,banded_anti_w4,three,all,7,202,persistent_chain
G3_Onmem_plus,3,banded_anti_w4,three,all,8,125,persistent_chain
G3_Onmem_plus,3,banded_anti_w4,three,all,9,88,persistent_chain
G3_Onmem_plus,3,banded_anti_w4,three,all,10,81,persistent_chain
G3_Onmem_plus,3,banded_anti_w4,three,all,11,51,persistent_chain
G3_Onmem_plus,3,banded_anti_w4,three,all,12,37,persistent_chain
G3_Onmem_plus,3,banded_anti_w4,three,all,13,23,persistent_chain
G3_Onmem_plus,3,banded_anti_w4,three,all,14,20,persistent_chain
G3_Onmem_plus,3,banded_anti_w4,three,all,15,13,persistent_chain
G3_Onmem_plus,3,banded_anti_w4,three,all,16,10,persistent_chain
G3_Onmem_plus,3,banded_anti_w4,three,all,17,10,persistent_chain
G3_Onmem_plus,3,banded_anti_w4,three,all,18,5,persistent_chain
G3_Onmem_plus,3,banded_anti_w4,three,all,19,4,persistent_chain
G3_Onmem_plus,3,banded_anti_w4,three,all,20,5,persistent_chain
G3_Onmem_plus,3,banded_anti_w4,three,all,21,2,persistent_chain
G3_Onmem_plus,3,banded_anti_w4,three,all,22,3,persistent_chain
G3_Onmem_plus,3,banded_anti_w4,three,all,23,1,persistent_chain
G3_Onmem_plus,3,banded_anti_w4,three,all,24,3,persistent_chain
G3_Onmem_plus,3,banded_anti_w4,three,all,25,1,persistent_chain
G3_Onmem_plus,3,banded_anti_w4,three,all,26,3,persistent_chain
G3_Onmem_plus,3,banded_anti_w4,three,all,28,1,persistent_chain
G3_Onmem_plus,3,banded_anti_w4,three,all,29,1,persistent_chain
G3_Onmem_plus,3,banded_anti_w4,three,all,30,1,persistent_chain
G3_Onmem_plus,3,banded_anti_w4,three,all,31,2,persistent_chain
G3_Onmem_plus,3,banded_anti_w4,three,all,37,1,persistent_chain
G3_Onmem_plus,3,banded_anti_w4,three,all,41,1,persistent_chain
G3_Onmem_plus,3,banded_anti_w4,three,all,43,1,persistent_chain
G3_Onmem_plus,3,banded_anti_w4,three,all,49,1,persistent_chain
G3_Onmem_plus,3,banded_anti_w4,three,all,87,1,persistent_chain
G3_Onmem_plus,3,banded_anti_w4,three,all,142,1,persistent_chain
G3_Onmem_plus,3,banded_anti_w4,triplet,all,1,8351,persistent_chain
G3_Onmem_plus,3,banded_anti_w4,triplet,all,2,2320,persistent_chain
G3_Onmem_plus,3,banded_anti_w4,triplet,all,3,865,persistent_chain
G3_Onmem_plus,3,banded_anti_w4,triplet,all,4,409,persistent_chain
G3_Onmem_plus,3,banded_anti_w4,triplet,all,5,223,persistent_chain
G3_Onmem_plus,3,banded_anti_w4,triplet,all,6,123,persistent_chain
G3_Onmem_plus,3,banded_anti_w4,triplet,all,7,82,persistent_chain
G3_Onmem_plus,3,banded_anti_w4,triplet,all,8,44,persistent_chain
G3_Onmem_plus,3,banded_anti_w4,triplet,all,9,36,persistent_chain
G3_Onmem_plus,3,banded_anti_w4,triplet,all,10,13,persistent_chain
G3_Onmem_plus,3,banded_anti_w4,triplet,all,11,8,persistent_chain
G3_Onmem_plus,3,banded_anti_w4,triplet,all,12,10,persistent_chain
G3_Onmem_plus,3,banded_anti_w4,triplet,all,13,6,persistent_chain
G3_Onmem_plus,3,banded_anti_w4,triplet,all,14,2,persistent_chain
G3_Onmem_plus,3,banded_anti_w4,triplet,all,16,5,persistent_chain
G3_Onmem_plus,3,banded_anti_w4,triplet,all,17,4,persistent_chain
G3_Onmem_plus,3,banded_anti_w4,triplet,all,19,1,persistent_chain
G3_Onmem_plus,3,banded_anti_w4,triplet,all,20,1,persistent_chain
G3_Onmem_plus,3,banded_anti_w4,triplet,all,21,1,persistent_chain
G3_Onmem_plus,3,banded_anti_w4,triplet,all,22,1,persistent_chain
G3_Onmem_plus,3,banded_anti_w4,triplet,all,23,1,persistent_chain
G3_Onmem_plus,3,banded_anti_w4,triplet,all,24,3,persistent_chain
G3_Onmem_plus,3,banded_anti_w4,triplet,all,25,1,persistent_chain
G3_Onmem_plus,3,banded_anti_w4,triplet,all,26,1,persistent_chain
G3_Onmem_plus,3,banded_anti_w4,triplet,all,128,1,persistent_chain
G3_Onmem_plus,3,banded_anti_w6,one,all,1,20790,persistent_chain
G3_Onmem_plus,3,banded_anti_w6,one,all,2,7806,persistent_chain
G3_Onmem_plus,3,banded_anti_w6,one,all,3,4102,persistent_chain
G3_Onmem_plus,3,banded_anti_w6,one,all,4,2400,persistent_chain
G3_Onmem_plus,3,banded_anti_w6,one,all,5,1686,persistent_chain
G3_Onmem_plus,3,banded_anti_w6,one,all,6,1115,persistent_chain
G3_Onmem_plus,3,banded_anti_w6,one,all,7,770,persistent_chain
G3_Onmem_plus,3,banded_anti_w6,one,all,8,571,persistent_chain
G3_Onmem_plus,3,banded_anti_w6,one,all,9,432,persistent_chain
G3_Onmem_plus,3,banded_anti_w6,one,all,10,304,persistent_chain
G3_Onmem_plus,3,banded_anti_w6,one,all,11,262,persistent_chain
G3_Onmem_plus,3,banded_anti_w6,one,all,12,220,persistent_chain
G3_Onmem_plus,3,banded_anti_w6,one,all,13,137,persistent_chain
G3_Onmem_plus,3,banded_anti_w6,one,all,14,117,persistent_chain
G3_Onmem_plus,3,banded_anti_w6,one,all,15,109,persistent_chain
G3_Onmem_plus,3,banded_anti_w6,one,all,16,111,persistent_chain
G3_Onmem_plus,3,banded_anti_w6,one,all,17,69,persistent_chain
G3_Onmem_plus,3,banded_anti_w6,one,all,18,66,persistent_chain
G3_Onmem_plus,3,banded_anti_w6,one,all,19,53,persistent_chain
G3_Onmem_plus,3,banded_anti_w6,one,all,20,46,persistent_chain
G3_Onmem_plus,3,banded_anti_w6,one,all,21,26,persistent_chain
G3_Onmem_plus,3,banded_anti_w6,one,all,22,30,persistent_chain
G3_Onmem_plus,3,banded_anti_w6,one,all,23,20,persistent_chain
G3_Onmem_plus,3,banded_anti_w6,one,all,24,16,persistent_chain
G3_Onmem_plus,3,banded_anti_w6,one,all,25,24,persistent_chain
G3_Onmem_plus,3,banded_anti_w6,one,all,26,23,persistent_chain
G3_Onmem_plus,3,banded_anti_w6,one,all,27,16,persistent_chain
G3_Onmem_plus,3,banded_anti_w6,one,all,28,16,persistent_chain
G3_Onmem_plus,3,banded_anti_w6,one,all,29,10,persistent_chain
G3_Onmem_plus,3,banded_anti_w6,one,all,30,4,persistent_chain
G3_Onmem_plus,3,banded_anti_w6,one,all,31,8,persistent_chain
G3_Onmem_plus,3,banded_anti_w6,one,all,32,8,persistent_chain
G3_Onmem_plus,3,banded_anti_w6,one,all,33,9,persistent_chain
G3_Onmem_plus,3,banded_anti_w6,one,all,34,10,persistent_chain
G3_Onmem_plus,3,banded_anti_w6,one,all,35,6,persistent_chain
G3_Onmem_plus,3,banded_anti_w6,one,all,36,5,persistent_chain
G3_Onmem_plus,3,banded_anti_w6,one,all,37,5,persistent_chain
G3_Onmem_plus,3,banded_anti_w6,one,all,38,4,persistent_chain
G3_Onmem_plus,3,banded_anti_w6,one,all,39,1,persistent_chain
G3_Onmem_plus,3,banded_anti_w6,one,all,40,3,persistent_chain
G3_Onmem_plus,3,banded_anti_w6,one,all,41,6,persistent_chain
G3_Onmem_plus,3,banded_anti_w6,one,all,42,5,persistent_chain
G3_Onmem_plus,3,banded_anti_w6,one,all,43,3,persistent_chain
G3_Onmem_plus,3,banded_anti_w6,one,all,45,4,persistent_chain
G3_Onmem_plus,3,banded_anti_w6,one,all,46,1,persistent_chain
G3_Onmem_plus,3,banded_anti_w6,one,all,47,2,persistent_chain
G3_Onmem_plus,3,banded_anti_w6,one,all,48,1,persistent_chain
G3_Onmem_plus,3,banded_anti_w6,one,all,49,1,persistent_chain
G3_Onmem_plus,3,banded_anti_w6,one,all,50,1,persistent_chain
G3_Onmem_plus,3,banded_anti_w6,one,all,52,4,persistent_chain
G3_Onmem_plus,3,banded_anti_w6,one,all,54,1,persistent_chain
G3_Onmem_plus,3,banded_anti_w6,one,all,55,1,persistent_chain
G3_Onmem_plus,3,banded_anti_w6,one,all,56,1,persistent_chain
G3_Onmem_plus,3,banded_anti_w6,one,all,58,3,persistent_chain
G3_Onmem_plus,3,banded_anti_w6,one,all,59,1,persistent_chain
G3_Onmem_plus,3,banded_anti_w6,one,all,60,1,persistent_chain
G3_Onmem_plus,3,banded_anti_w6,one,all,61,1,persistent_chain
G3_Onmem_plus,3,banded_anti_w6,one,all,63,1,persistent_chain
G3_Onmem_plus,3,banded_anti_w6,one,all,64,1,persistent_chain
G3_Onmem_plus,3,banded_anti_w6,one,all,65,1,persistent_chain
G3_Onmem_plus,3,banded_anti_w6,one,all,67,1,persistent_chain
G3_Onmem_plus,3,banded_anti_w6,one,all,68,2,persistent_chain
G3_Onmem_plus,3,banded_anti_w6,one,all,73,1,persistent_chain
G3_Onmem_plus,3,banded_anti_w6,one,all,85,1,persistent_chain
G3_Onmem_plus,3,banded_anti_w6,one,all,119,1,persistent_chain
G3_Onmem_plus,3,banded_anti_w6,one,all,122,1,persistent_chain
G3_Onmem_plus,3,banded_anti_w6,one,all,134,1,persistent_chain
G3_Onmem_plus,3,banded_anti_w6,one,all,177,1,persistent_chain
G3_Onmem_plus,3,banded_anti_w6,three,all,1,15628,persistent_chain
G3_Onmem_plus,3,banded_anti_w6,three,all,2,5382,persistent_chain
G3_Onmem_plus,3,banded_anti_w6,three,all,3,2476,persistent_chain
G3_Onmem_plus,3,banded_anti_w6,three,all,4,1362,persistent_chain
G3_Onmem_plus,3,banded_anti_w6,three,all,5,796,persistent_chain
G3_Onmem_plus,3,banded_anti_w6,three,all,6,520,persistent_chain
G3_Onmem_plus,3,banded_anti_w6,three,all,7,322,persistent_chain
G3_Onmem_plus,3,banded_anti_w6,three,all,8,224,persistent_chain
G3_Onmem_plus,3,banded_anti_w6,three,all,9,172,persistent_chain
G3_Onmem_plus,3,banded_anti_w6,three,all,10,120,persistent_chain
G3_Onmem_plus,3,banded_anti_w6,three,all,11,107,persistent_chain
G3_Onmem_plus,3,banded_anti_w6,three,all,12,59,persistent_chain
G3_Onmem_plus,3,banded_anti_w6,three,all,13,45,persistent_chain
G3_Onmem_plus,3,banded_anti_w6,three,all,14,46,persistent_chain
G3_Onmem_plus,3,banded_anti_w6,three,all,15,35,persistent_chain
G3_Onmem_plus,3,banded_anti_w6,three,all,16,27,persistent_chain
G3_Onmem_plus,3,banded_anti_w6,three,all,17,17,persistent_chain
G3_Onmem_plus,3,banded_anti_w6,three,all,18,10,persistent_chain
G3_Onmem_plus,3,banded_anti_w6,three,all,19,9,persistent_chain
G3_Onmem_plus,3,banded_anti_w6,three,all,20,7,persistent_chain
G3_Onmem_plus,3,banded_anti_w6,three,all,21,8,persistent_chain
G3_Onmem_plus,3,banded_anti_w6,three,all,22,9,persistent_chain
G3_Onmem_plus,3,banded_anti_w6,three,all,23,8,persistent_chain
G3_Onmem_plus,3,banded_anti_w6,three,all,24,5,persistent_chain
G3_Onmem_plus,3,banded_anti_w6,three,all,25,6,persistent_chain
G3_Onmem_plus,3,banded_anti_w6,three,all,26,5,persistent_chain
G3_Onmem_plus,3,banded_anti_w6,three,all,27,3,persistent_chain
G3_Onmem_plus,3,banded_anti_w6,three,all,28,3,persistent_chain
G3_Onmem_plus,3,banded_anti_w6,three,all,29,1,persistent_chain
G3_Onmem_plus,3,banded_anti_w6,three,all,30,2,persistent_chain
G3_Onmem_plus,3,banded_anti_w6,three,all,32,1,persistent_chain
G3_Onmem_plus,3,banded_anti_w6,three,all,33,3,persistent_chain
G3_Onmem_plus,3,banded_anti_w6,three,all,34,2,persistent_chain
G3_Onmem_plus,3,banded_anti_w6,three,all,35,1,persistent_chain
G3_Onmem_plus,3,banded_anti_w6,three,all,36,1,persistent_chain
G3_Onmem_plus,3,banded_anti_w6,three,all,41,1,persistent_chain
G3_Onmem_plus,3,banded_anti_w6,three,all,43,3,persistent_chain
G3_Onmem_plus,3,banded_anti_w6,three,all,49,1,persistent_chain
G3_Onmem_plus,3,banded_anti_w6,three,all,95,1,persistent_chain
G3_Onmem_plus,3,banded_anti_w6,three,all,102,1,persistent_chain
G3_Onmem_plus,3,banded_anti_w6,three,all,144,1,persistent_chain
G3_Onmem_plus,3,banded_anti_w6,triplet,all,1,11190,persistent_chain
G3_Onmem_plus,3,banded_anti_w6,triplet,all,2,3271,persistent_chain
G3_Onmem_plus,3,banded_anti_w6,triplet,all,3,1292,persistent_chain
G3_Onmem_plus,3,banded_anti_w6,triplet,all,4,628,persistent_chain
G3_Onmem_plus,3,banded_anti_w6,triplet,all,5,320,persistent_chain
G3_Onmem_plus,3,banded_anti_w6,triplet,all,6,170,persistent_chain
G3_Onmem_plus,3,banded_anti_w6,triplet,all,7,129,persistent_chain
G3_Onmem_plus,3,banded_anti_w6,triplet,all,8,76,persistent_chain
G3_Onmem_plus,3,banded_anti_w6,triplet,all,9,59,persistent_chain
G3_Onmem_plus,3,banded_anti_w6,triplet,all,10,30,persistent_chain
G3_Onmem_plus,3,banded_anti_w6,triplet,all,11,16,persistent_chain
G3_Onmem_plus,3,banded_anti_w6,triplet,all,12,16,persistent_chain
G3_Onmem_plus,3,banded_anti_w6,triplet,all,13,14,persistent_chain
G3_Onmem_plus,3,banded_anti_w6,triplet,all,14,8,persistent_chain
G3_Onmem_plus,3,banded_anti_w6,triplet,all,15,3,persistent_chain
G3_Onmem_plus,3,banded_anti_w6,triplet,all,16,7,persistent_chain
G3_Onmem_plus,3,banded_anti_w6,triplet,all,17,4,persistent_chain
G3_Onmem_plus,3,banded_anti_w6,triplet,all,18,1,persistent_chain
G3_Onmem_plus,3,banded_anti_w6,triplet,all,20,2,persistent_chain
G3_Onmem_plus,3,banded_anti_w6,triplet,all,21,3,persistent_chain
G3_Onmem_plus,3,banded_anti_w6,triplet,all,22,1,persistent_chain
G3_Onmem_plus,3,banded_anti_w6,triplet,all,23,1,persistent_chain
G3_Onmem_plus,3,banded_anti_w6,triplet,all,24,2,persistent_chain
G3_Onmem_plus,3,banded_anti_w6,triplet,all,25,1,persistent_chain
G3_Onmem_plus,3,banded_anti_w6,triplet,all,26,2,persistent_chain
G3_Onmem_plus,3,banded_anti_w6,triplet,all,27,2,persistent_chain
G3_Onmem_plus,3,banded_anti_w6,triplet,all,129,1,persistent_chain
G3_Onmem_plus,3,banded_anti_w8,one,all,1,23253,persistent_chain
G3_Onmem_plus,3,banded_anti_w8,one,all,2,8960,persistent_chain
G3_Onmem_plus,3,banded_anti_w8,one,all,3,4851,persistent_chain
G3_Onmem_plus,3,banded_anti_w8,one,all,4,2824,persistent_chain
G3_Onmem_plus,3,banded_anti_w8,one,all,5,1971,persistent_chain
G3_Onmem_plus,3,banded_anti_w8,one,all,6,1296,persistent_chain
G3_Onmem_plus,3,banded_anti_w8,one,all,7,972,persistent_chain
G3_Onmem_plus,3,banded_anti_w8,one,all,8,739,persistent_chain
G3_Onmem_plus,3,banded_anti_w8,one,all,9,526,persistent_chain
G3_Onmem_plus,3,banded_anti_w8,one,all,10,384,persistent_chain
G3_Onmem_plus,3,banded_anti_w8,one,all,11,326,persistent_chain
G3_Onmem_plus,3,banded_anti_w8,one,all,12,267,persistent_chain
G3_Onmem_plus,3,banded_anti_w8,one,all,13,217,persistent_chain
G3_Onmem_plus,3,banded_anti_w8,one,all,14,160,persistent_chain
G3_Onmem_plus,3,banded_anti_w8,one,all,15,166,persistent_chain
G3_Onmem_plus,3,banded_anti_w8,one,all,16,140,persistent_chain
G3_Onmem_plus,3,banded_anti_w8,one,all,17,90,persistent_chain
G3_Onmem_plus,3,banded_anti_w8,one,all,18,83,persistent_chain
G3_Onmem_plus,3,banded_anti_w8,one,all,19,98,persistent_chain
G3_Onmem_plus,3,banded_anti_w8,one,all,20,68,persistent_chain
G3_Onmem_plus,3,banded_anti_w8,one,all,21,46,persistent_chain
G3_Onmem_plus,3,banded_anti_w8,one,all,22,37,persistent_chain
G3_Onmem_plus,3,banded_anti_w8,one,all,23,32,persistent_chain
G3_Onmem_plus,3,banded_anti_w8,one,all,24,28,persistent_chain
G3_Onmem_plus,3,banded_anti_w8,one,all,25,27,persistent_chain
G3_Onmem_plus,3,banded_anti_w8,one,all,26,25,persistent_chain
G3_Onmem_plus,3,banded_anti_w8,one,all,27,20,persistent_chain
G3_Onmem_plus,3,banded_anti_w8,one,all,28,24,persistent_chain
G3_Onmem_plus,3,banded_anti_w8,one,all,29,13,persistent_chain
G3_Onmem_plus,3,banded_anti_w8,one,all,30,22,persistent_chain
G3_Onmem_plus,3,banded_anti_w8,one,all,31,15,persistent_chain
G3_Onmem_plus,3,banded_anti_w8,one,all,32,7,persistent_chain
G3_Onmem_plus,3,banded_anti_w8,one,all,33,7,persistent_chain
G3_Onmem_plus,3,banded_anti_w8,one,all,34,11,persistent_chain
G3_Onmem_plus,3,banded_anti_w8,one,all,35,12,persistent_chain
G3_Onmem_plus,3,banded_anti_w8,one,all,36,7,persistent_chain
G3_Onmem_plus,3,banded_anti_w8,one,all,37,6,persistent_chain
G3_Onmem_plus,3,banded_anti_w8,one,all,38,8,persistent_chain
G3_Onmem_plus,3,banded_anti_w8,one,all,39,5,persistent_chain
G3_Onmem_plus,3,banded_anti_w8,one,all,40,5,persistent_chain
G3_Onmem_plus,3,banded_anti_w8,one,all,41,9,persistent_chain
G3_Onmem_plus,3,banded_anti_w8,one,all,42,6,persistent_chain
G3_Onmem_plus,3,banded_anti_w8,one,all,43,7,persistent_chain
G3_Onmem_plus,3,banded_anti_w8,one,all,45,3,persistent_chain
G3_Onmem_plus,3,banded_anti_w8,one,all,46,2,persistent_chain
G3_Onmem_plus,3,banded_anti_w8,one,all,47,4,persistent_chain
G3_Onmem_plus,3,banded_anti_w8,one,all,48,3,persistent_chain
G3_Onmem_plus,3,banded_anti_w8,one,all,49,3,persistent_chain
G3_Onmem_plus,3,banded_anti_w8,one,all,50,3,persistent_chain
G3_Onmem_plus,3,banded_anti_w8,one,all,51,2,persistent_chain
G3_Onmem_plus,3,banded_anti_w8,one,all,52,5,persistent_chain
G3_Onmem_plus,3,banded_anti_w8,one,all,53,2,persistent_chain
G3_Onmem_plus,3,banded_anti_w8,one,all,54,1,persistent_chain
G3_Onmem_plus,3,banded_anti_w8,one,all,55,4,persistent_chain
G3_Onmem_plus,3,banded_anti_w8,one,all,56,3,persistent_chain
G3_Onmem_plus,3,banded_anti_w8,one,all,57,1,persistent_chain
G3_Onmem_plus,3,banded_anti_w8,one,all,58,3,persistent_chain
G3_Onmem_plus,3,banded_anti_w8,one,all,60,2,persistent_chain
G3_Onmem_plus,3,banded_anti_w8,one,all,61,2,persistent_chain
G3_Onmem_plus,3,banded_anti_w8,one,all,62,1,persistent_chain
G3_Onmem_plus,3,banded_anti_w8,one,all,63,2,persistent_chain
G3_Onmem_plus,3,banded_anti_w8,one,all,65,2,persistent_chain
G3_Onmem_plus,3,banded_anti_w8,one,all,66,3,persistent_chain
G3_Onmem_plus,3,banded_anti_w8,one,all,68,2,persistent_chain
G3_Onmem_plus,3,banded_anti_w8,one,all,70,1,persistent_chain
G3_Onmem_plus,3,banded_anti_w8,one,all,72,1,persistent_chain
G3_Onmem_plus,3,banded_anti_w8,one,all,78,1,persistent_chain
G3_Onmem_plus,3,banded_anti_w8,one,all,83,1,persistent_chain
G3_Onmem_plus,3,banded_anti_w8,one,all,85,1,persistent_chain
G3_Onmem_plus,3,banded_anti_w8,one,all,95,1,persistent_chain
G3_Onmem_plus,3,banded_anti_w8,one,all,119,1,persistent_chain
G3_Onmem_plus,3,banded_anti_w8,one,all,122,1,persistent_chain
G3_Onmem_plus,3,banded_anti_w8,one,all,138,1,persistent_chain
G3_Onmem_plus,3,banded_anti_w8,one,all,141,1,persistent_chain
G3_Onmem_plus,3,banded_anti_w8,one,all,236,1,persistent_chain
G3_Onmem_plus,3,banded_anti_w8,three,all,1,18281,persistent_chain
G3_Onmem_plus,3,banded_anti_w8,three,all,2,6398,persistent_chain
G3_Onmem_plus,3,banded_anti_w8,three,all,3,3175,persistent_chain
G3_Onmem_plus,3,banded_anti_w8,three,all,4,1818,persistent_chain
G3_Onmem_plus,3,banded_anti_w8,three,all,5,1044,persistent_chain
G3_Onmem_plus,3,banded_anti_w8,three,all,6,708,persistent_chain
G3_Onmem_plus,3,banded_anti_w8,three,all,7,468,persistent_chain
G3_Onmem_plus,3,banded_anti_w8,three,all,8,329,persistent_chain
G3_Onmem_plus,3,banded_anti_w8,three,all,9,252,persistent_chain
G3_Onmem_plus,3,banded_anti_w8,three,all,10,181,persistent_chain
G3_Onmem_plus,3,banded_anti_w8,three,all,11,159,persistent_chain
G3_Onmem_plus,3,banded_anti_w8,three,all,12,88,persistent_chain
G3_Onmem_plus,3,banded_anti_w8,three,all,13,75,persistent_chain
G3_Onmem_plus,3,banded_anti_w8,three,all,14,69,persistent_chain
G3_Onmem_plus,3,banded_anti_w8,three,all,15,46,persistent_chain
G3_Onmem_plus,3,banded_anti_w8,three,all,16,34,persistent_chain
G3_Onmem_plus,3,banded_anti_w8,three,all,17,29,persistent_chain
G3_Onmem_plus,3,banded_anti_w8,three,all,18,18,persistent_chain
G3_Onmem_plus,3,banded_anti_w8,three,all,19,16,persistent_chain
G3_Onmem_plus,3,banded_anti_w8,three,all,20,13,persistent_chain
G3_Onmem_plus,3,banded_anti_w8,three,all,21,14,persistent_chain
G3_Onmem_plus,3,banded_anti_w8,three,all,22,11,persistent_chain
G3_Onmem_plus,3,banded_anti_w8,three,all,23,13,persistent_chain
G3_Onmem_plus,3,banded_anti_w8,three,all,24,9,persistent_chain
G3_Onmem_plus,3,banded_anti_w8,three,all,25,11,persistent_chain
G3_Onmem_plus,3,banded_anti_w8,three,all,26,6,persistent_chain
G3_Onmem_plus,3,banded_anti_w8,three,all,27,2,persistent_chain
G3_Onmem_plus,3,banded_anti_w8,three,all,28,5,persistent_chain
G3_Onmem_plus,3,banded_anti_w8,three,all,29,1,persistent_chain
G3_Onmem_plus,3,banded_anti_w8,three,all,30,4,persistent_chain
G3_Onmem_plus,3,banded_anti_w8,three,all,32,1,persistent_chain
G3_Onmem_plus,3,banded_anti_w8,three,all,34,1,persistent_chain
G3_Onmem_plus,3,banded_anti_w8,three,all,35,2,persistent_chain
G3_Onmem_plus,3,banded_anti_w8,three,all,36,1,persistent_chain
G3_Onmem_plus,3,banded_anti_w8,three,all,37,3,persistent_chain
G3_Onmem_plus,3,banded_anti_w8,three,all,38,2,persistent_chain
G3_Onmem_plus,3,banded_anti_w8,three,all,41,2,persistent_chain
G3_Onmem_plus,3,banded_anti_w8,three,all,42,3,persistent_chain
G3_Onmem_plus,3,banded_anti_w8,three,all,43,1,persistent_chain
G3_Onmem_plus,3,banded_anti_w8,three,all,46,1,persistent_chain
G3_Onmem_plus,3,banded_anti_w8,three,all,47,1,persistent_chain
G3_Onmem_plus,3,banded_anti_w8,three,all,48,1,persistent_chain
G3_Onmem_plus,3,banded_anti_w8,three,all,60,1,persistent_chain
G3_Onmem_plus,3,banded_anti_w8,three,all,66,1,persistent_chain
G3_Onmem_plus,3,banded_anti_w8,three,all,105,1,persistent_chain
G3_Onmem_plus,3,banded_anti_w8,three,all,111,1,persistent_chain
G3_Onmem_plus,3,banded_anti_w8,three,all,112,1,persistent_chain
G3_Onmem_plus,3,banded_anti_w8,three,all,150,1,persistent_chain
G3_Onmem_plus,3,banded_anti_w8,triplet,all,1,13808,persistent_chain
G3_Onmem_plus,3,banded_anti_w8,triplet,all,2,4096,persistent_chain
G3_Onmem_plus,3,banded_anti_w8,triplet,all,3,1737,persistent_chain
G3_Onmem_plus,3,banded_anti_w8,triplet,all,4,847,persistent_chain
G3_Onmem_plus,3,banded_anti_w8,triplet,all,5,442,persistent_chain
G3_Onmem_plus,3,banded_anti_w8,triplet,all,6,232,persistent_chain
G3_Onmem_plus,3,banded_anti_w8,triplet,all,7,170,persistent_chain
G3_Onmem_plus,3,banded_anti_w8,triplet,all,8,98,persistent_chain
G3_Onmem_plus,3,banded_anti_w8,triplet,all,9,77,persistent_chain
G3_Onmem_plus,3,banded_anti_w8,triplet,all,10,40,persistent_chain
G3_Onmem_plus,3,banded_anti_w8,triplet,all,11,25,persistent_chain
G3_Onmem_plus,3,banded_anti_w8,triplet,all,12,29,persistent_chain
G3_Onmem_plus,3,banded_anti_w8,triplet,all,13,18,persistent_chain
G3_Onmem_plus,3,banded_anti_w8,triplet,all,14,6,persistent_chain
G3_Onmem_plus,3,banded_anti_w8,triplet,all,15,10,persistent_chain
G3_Onmem_plus,3,banded_anti_w8,triplet,all,16,12,persistent_chain
G3_Onmem_plus,3,banded_anti_w8,triplet,all,17,4,persistent_chain
G3_Onmem_plus,3,banded_anti_w8,triplet,all,18,3,persistent_chain
G3_Onmem_plus,3,banded_anti_w8,triplet,all,19,3,persistent_chain
G3_Onmem_plus,3,banded_anti_w8,triplet,all,20,2,persistent_chain
G3_Onmem_plus,3,banded_anti_w8,triplet,all,21,3,persistent_chain
G3_Onmem_plus,3,banded_anti_w8,triplet,all,23,3,persistent_chain
G3_Onmem_plus,3,banded_anti_w8,triplet,all,24,2,persistent_chain
G3_Onmem_plus,3,banded_anti_w8,triplet,all,25,1,persistent_chain
G3_Onmem_plus,3,banded_anti_w8,triplet,all,26,1,persistent_chain
G3_Onmem_plus,3,banded_anti_w8,triplet,all,27,1,persistent_chain
G3_Onmem_plus,3,banded_anti_w8,triplet,all,28,1,persistent_chain
G3_Onmem_plus,3,banded_anti_w8,triplet,all,41,1,persistent_chain
G3_Onmem_plus,3,banded_anti_w8,triplet,all,45,1,persistent_chain
G3_Onmem_plus,3,banded_anti_w8,triplet,all,137,1,persistent_chain
G3_Onmem_plus,3,banded_anti_w10,one,all,1,25228,persistent_chain
G3_Onmem_plus,3,banded_anti_w10,one,all,2,9879,persistent_chain
G3_Onmem_plus,3,banded_anti_w10,one,all,3,5387,persistent_chain
G3_Onmem_plus,3,banded_anti_w10,one,all,4,3192,persistent_chain
G3_Onmem_plus,3,banded_anti_w10,one,all,5,2235,persistent_chain
G3_Onmem_plus,3,banded_anti_w10,one,all,6,1542,persistent_chain
G3_Onmem_plus,3,banded_anti_w10,one,all,7,1146,persistent_chain
G3_Onmem_plus,3,banded_anti_w10,one,all,8,867,persistent_chain
G3_Onmem_plus,3,banded_anti_w10,one,all,9,627,persistent_chain
G3_Onmem_plus,3,banded_anti_w10,one,all,10,487,persistent_chain
G3_Onmem_plus,3,banded_anti_w10,one,all,11,377,persistent_chain
G3_Onmem_plus,3,banded_anti_w10,one,all,12,320,persistent_chain
G3_Onmem_plus,3,banded_anti_w10,one,all,13,273,persistent_chain
G3_Onmem_plus,3,banded_anti_w10,one,all,14,221,persistent_chain
G3_Onmem_plus,3,banded_anti_w10,one,all,15,179,persistent_chain
G3_Onmem_plus,3,banded_anti_w10,one,all,16,169,persistent_chain
G3_Onmem_plus,3,banded_anti_w10,one,all,17,127,persistent_chain
G3_Onmem_plus,3,banded_anti_w10,one,all,18,118,persistent_chain
G3_Onmem_plus,3,banded_anti_w10,one,all,19,109,persistent_chain
G3_Onmem_plus,3,banded_anti_w10,one,all,20,96,persistent_chain
G3_Onmem_plus,3,banded_anti_w10,one,all,21,64,persistent_chain
G3_Onmem_plus,3,banded_anti_w10,one,all,22,54,persistent_chain
G3_Onmem_plus,3,banded_anti_w10,one,all,23,47,persistent_chain
G3_Onmem_plus,3,banded_anti_w10,one,all,24,45,persistent_chain
G3_Onmem_plus,3,banded_anti_w10,one,all,25,46,persistent_chain
G3_Onmem_plus,3,banded_anti_w10,one,all,26,29,persistent_chain
G3_Onmem_plus,3,banded_anti_w10,one,all,27,28,persistent_chain
G3_Onmem_plus,3,banded_anti_w10,one,all,28,39,persistent_chain
G3_Onmem_plus,3,banded_anti_w10,one,all,29,18,persistent_chain
G3_Onmem_plus,3,banded_anti_w10,one,all,30,29,persistent_chain
G3_Onmem_plus,3,banded_anti_w10,one,all,31,14,persistent_chain
G3_Onmem_plus,3,banded_anti_w10,one,all,32,19,persistent_chain
G3_Onmem_plus,3,banded_anti_w10,one,all,33,13,persistent_chain
G3_Onmem_plus,3,banded_anti_w10,one,all,34,23,persistent_chain
G3_Onmem_plus,3,banded_anti_w10,one,all,35,17,persistent_chain
G3_Onmem_plus,3,banded_anti_w10,one,all,36,12,persistent_chain
G3_Onmem_plus,3,banded_anti_w10,one,all,37,10,persistent_chain
G3_Onmem_plus,3,banded_anti_w10,one,all,38,9,persistent_chain
G3_Onmem_plus,3,banded_anti_w10,one,all,39,8,persistent_chain
G3_Onmem_plus,3,banded_anti_w10,one,all,40,6,persistent_chain
G3_Onmem_plus,3,banded_anti_w10,one,all,41,10,persistent_chain
G3_Onmem_plus,3,banded_anti_w10,one,all,42,6,persistent_chain
G3_Onmem_plus,3,banded_anti_w10,one,all,43,5,persistent_chain
G3_Onmem_plus,3,banded_anti_w10,one,all,44,8,persistent_chain
G3_Onmem_plus,3,banded_anti_w10,one,all,45,6,persistent_chain
G3_Onmem_plus,3,banded_anti_w10,one,all,46,2,persistent_chain
G3_Onmem_plus,3,banded_anti_w10,one,all,47,3,persistent_chain
G3_Onmem_plus,3,banded_anti_w10,one,all,48,6,persistent_chain
G3_Onmem_plus,3,banded_anti_w10,one,all,49,5,persistent_chain
G3_Onmem_plus,3,banded_anti_w10,one,all,50,2,persistent_chain
G3_Onmem_plus,3,banded_anti_w10,one,all,51,4,persistent_chain
G3_Onmem_plus,3,banded_anti_w10,one,all,52,5,persistent_chain
G3_Onmem_plus,3,banded_anti_w10,one,all,53,4,persistent_chain
G3_Onmem_plus,3,banded_anti_w10,one,all,54,1,persistent_chain
G3_Onmem_plus,3,banded_anti_w10,one,all,55,3,persistent_chain
G3_Onmem_plus,3,banded_anti_w10,one,all,56,6,persistent_chain
G3_Onmem_plus,3,banded_anti_w10,one,all,57,2,persistent_chain
G3_Onmem_plus,3,banded_anti_w10,one,all,58,3,persistent_chain
G3_Onmem_plus,3,banded_anti_w10,one,all,59,1,persistent_chain
G3_Onmem_plus,3,banded_anti_w10,one,all,60,3,persistent_chain
G3_Onmem_plus,3,banded_anti_w10,one,all,61,2,persistent_chain
G3_Onmem_plus,3,banded_anti_w10,one,all,62,2,persistent_chain
G3_Onmem_plus,3,banded_anti_w10,one,all,64,1,persistent_chain
G3_Onmem_plus,3,banded_anti_w10,one,all,65,5,persistent_chain
G3_Onmem_plus,3,banded_anti_w10,one,all,66,2,persistent_chain
G3_Onmem_plus,3,banded_anti_w10,one,all,68,2,persistent_chain
G3_Onmem_plus,3,banded_anti_w10,one,all,70,2,persistent_chain
G3_Onmem_plus,3,banded_anti_w10,one,all,71,1,persistent_chain
G3_Onmem_plus,3,banded_anti_w10,one,all,72,2,persistent_chain
G3_Onmem_plus,3,banded_anti_w10,one,all,73,1,persistent_chain
G3_Onmem_plus,3,banded_anti_w10,one,all,74,1,persistent_chain
G3_Onmem_plus,3,banded_anti_w10,one,all,75,2,persistent_chain
G3_Onmem_plus,3,banded_anti_w10,one,all,78,2,persistent_chain
G3_Onmem_plus,3,banded_anti_w10,one,all,85,1,persistent_chain
G3_Onmem_plus,3,banded_anti_w10,one,all,98,1,persistent_chain
G3_Onmem_plus,3,banded_anti_w10,one,all,108,1,persistent_chain
G3_Onmem_plus,3,banded_anti_w10,one,all,123,1,persistent_chain
G3_Onmem_plus,3,banded_anti_w10,one,all,131,1,persistent_chain
G3_Onmem_plus,3,banded_anti_w10,one,all,137,1,persistent_chain
G3_Onmem_plus,3,banded_anti_w10,one,all,141,1,persistent_chain
G3_Onmem_plus,3,banded_anti_w10,one,all,169,1,persistent_chain
G3_Onmem_plus,3,banded_anti_w10,one,all,236,1,persistent_chain
G3_Onmem_plus,3,banded_anti_w10,three,all,1,20650,persistent_chain
G3_Onmem_plus,3,banded_anti_w10,three,all,2,7424,persistent_chain
G3_Onmem_plus,3,banded_anti_w10,three,all,3,3787,persistent_chain
G3_Onmem_plus,3,banded_anti_w10,three,all,4,2205,persistent_chain
G3_Onmem_plus,3,banded_anti_w10,three,all,5,1279,persistent_chain
G3_Onmem_plus,3,banded_anti_w10,three,all,6,888,persistent_chain
G3_Onmem_plus,3,banded_anti_w10,three,all,7,609,persistent_chain
G3_Onmem_plus,3,banded_anti_w10,three,all,8,428,persistent_chain
G3_Onmem_plus,3,banded_anti_w10,three,all,9,294,persistent_chain
G3_Onmem_plus,3,banded_anti_w10,three,all,10,239,persistent_chain
G3_Onmem_plus,3,banded_anti_w10,three,all,11,183,persistent_chain
G3_Onmem_plus,3,banded_anti_w10,three,all,12,133,persistent_chain
G3_Onmem_plus,3,banded_anti_w10,three,all,13,92,persistent_chain
G3_Onmem_plus,3,banded_anti_w10,three,all,14,81,persistent_chain
G3_Onmem_plus,3,banded_anti_w10,three,all,15,63,persistent_chain
G3_Onmem_plus,3,banded_anti_w10,three,all,16,56,persistent_chain
G3_Onmem_plus,3,banded_anti_w10,three,all,17,43,persistent_chain
G3_Onmem_plus,3,banded_anti_w10,three,all,18,25,persistent_chain
G3_Onmem_plus,3,banded_anti_w10,three,all,19,37,persistent_chain
G3_Onmem_plus,3,banded_anti_w10,three,all,20,20,persistent_chain
G3_Onmem_plus,3,banded_anti_w10,three,all,21,20,persistent_chain
G3_Onmem_plus,3,banded_anti_w10,three,all,22,17,persistent_chain
G3_Onmem_plus,3,banded_anti_w10,three,all,23,10,persistent_chain
G3_Onmem_plus,3,banded_anti_w10,three,all,24,15,persistent_chain
G3_Onmem_plus,3,banded_anti_w10,three,all,25,14,persistent_chain
G3_Onmem_plus,3,banded_anti_w10,three,all,26,10,persistent_chain
G3_Onmem_plus,3,banded_anti_w10,three,all,27,8,persistent_chain
G3_Onmem_plus,3,banded_anti_w10,three,all,28,10,persistent_chain
G3_Onmem_plus,3,banded_anti_w10,three,all,29,3,persistent_chain
G3_Onmem_plus,3,banded_anti_w10,three,all,30,7,persistent_chain
G3_Onmem_plus,3,banded_anti_w10,three,all,31,2,persistent_chain
G3_Onmem_plus,3,banded_anti_w10,three,all,32,2,persistent_chain
G3_Onmem_plus,3,banded_anti_w10,three,all,33,2,persistent_chain
G3_Onmem_plus,3,banded_anti_w10,three,all,34,1,persistent_chain
G3_Onmem_plus,3,banded_anti_w10,three,all,35,3,persistent_chain
G3_Onmem_plus,3,banded_anti_w10,three,all,36,2,persistent_chain
G3_Onmem_plus,3,banded_anti_w10,three,all,37,3,persistent_chain
G3_Onmem_plus,3,banded_anti_w10,three,all,38,1,persistent_chain
G3_Onmem_plus,3,banded_anti_w10,three,all,39,1,persistent_chain
G3_Onmem_plus,3,banded_anti_w10,three,all,40,2,persistent_chain
G3_Onmem_plus,3,banded_anti_w10,three,all,41,2,persistent_chain
G3_Onmem_plus,3,banded_anti_w10,three,all,42,1,persistent_chain
G3_Onmem_plus,3,banded_anti_w10,three,all,43,1,persistent_chain
G3_Onmem_plus,3,banded_anti_w10,three,all,45,2,persistent_chain
G3_Onmem_plus,3,banded_anti_w10,three,all,46,3,persistent_chain
G3_Onmem_plus,3,banded_anti_w10,three,all,48,3,persistent_chain
G3_Onmem_plus,3,banded_anti_w10,three,all,51,2,persistent_chain
G3_Onmem_plus,3,banded_anti_w10,three,all,56,1,persistent_chain
G3_Onmem_plus,3,banded_anti_w10,three,all,57,1,persistent_chain
G3_Onmem_plus,3,banded_anti_w10,three,all,60,1,persistent_chain
G3_Onmem_plus,3,banded_anti_w10,three,all,68,1,persistent_chain
G3_Onmem_plus,3,banded_anti_w10,three,all,74,1,persistent_chain
G3_Onmem_plus,3,banded_anti_w10,three,all,112,1,persistent_chain
G3_Onmem_plus,3,banded_anti_w10,three,all,116,1,persistent_chain
G3_Onmem_plus,3,banded_anti_w10,three,all,117,1,persistent_chain
G3_Onmem_plus,3,banded_anti_w10,three,all,151,1,persistent_chain
G3_Onmem_plus,3,banded_anti_w10,triplet,all,1,16183,persistent_chain
G3_Onmem_plus,3,banded_anti_w10,triplet,all,2,4960,persistent_chain
G3_Onmem_plus,3,banded_anti_w10,triplet,all,3,2194,persistent_chain
G3_Onmem_plus,3,banded_anti_w10,triplet,all,4,1068,persistent_chain
G3_Onmem_plus,3,banded_anti_w10,triplet,all,5,579,persistent_chain
G3_Onmem_plus,3,banded_anti_w10,triplet,all,6,317,persistent_chain
G3_Onmem_plus,3,banded_anti_w10,triplet,all,7,220,persistent_chain
G3_Onmem_plus,3,banded_anti_w10,triplet,all,8,124,persistent_chain
G3_Onmem_plus,3,banded_anti_w10,triplet,all,9,101,persistent_chain
G3_Onmem_plus,3,banded_anti_w10,triplet,all,10,50,persistent_chain
G3_Onmem_plus,3,banded_anti_w10,triplet,all,11,38,persistent_chain
G3_Onmem_plus,3,banded_anti_w10,triplet,all,12,27,persistent_chain
G3_Onmem_plus,3,banded_anti_w10,triplet,all,13,21,persistent_chain
G3_Onmem_plus,3,banded_anti_w10,triplet,all,14,9,persistent_chain
G3_Onmem_plus,3,banded_anti_w10,triplet,all,15,13,persistent_chain
G3_Onmem_plus,3,banded_anti_w10,triplet,all,16,14,persistent_chain
G3_Onmem_plus,3,banded_anti_w10,triplet,all,17,5,persistent_chain
G3_Onmem_plus,3,banded_anti_w10,triplet,all,18,3,persistent_chain
G3_Onmem_plus,3,banded_anti_w10,triplet,all,19,6,persistent_chain
G3_Onmem_plus,3,banded_anti_w10,triplet,all,20,3,persistent_chain
G3_Onmem_plus,3,banded_anti_w10,triplet,all,21,7,persistent_chain
G3_Onmem_plus,3,banded_anti_w10,triplet,all,22,3,persistent_chain
G3_Onmem_plus,3,banded_anti_w10,triplet,all,23,4,persistent_chain
G3_Onmem_plus,3,banded_anti_w10,triplet,all,24,3,persistent_chain
G3_Onmem_plus,3,banded_anti_w10,triplet,all,25,1,persistent_chain
G3_Onmem_plus,3,banded_anti_w10,triplet,all,26,1,persistent_chain
G3_Onmem_plus,3,banded_anti_w10,triplet,all,27,1,persistent_chain
G3_Onmem_plus,3,banded_anti_w10,triplet,all,34,1,persistent_chain
G3_Onmem_plus,3,banded_anti_w10,triplet,all,41,1,persistent_chain
G3_Onmem_plus,3,banded_anti_w10,triplet,all,45,1,persistent_chain
G3_Onmem_plus,3,banded_anti_w10,triplet,all,142,1,persistent_chain
