variant,contact,pair_type,time_ps,survival_mean,survival_std
banded_sym_w4,one,all,0.0,1.0,0.0
banded_sym_w4,one,all,1000.0,0.4952062527547087,0.002394574228030909
banded_sym_w4,one,all,2000.0,0.303603681862935,0.004054910661729303
banded_sym_w4,one,all,3000.0,0.20407071317599837,0.0028418255935909664
banded_sym_w4,one,all,4000.0,0.14513696836815448,0.0036506962952503803
banded_sym_w4,one,all,5000.0,0.10759907854228119,0.003927540255544083
banded_sym_w4,one,all,6000.0,0.08209809212339579,0.0033148908787723787
banded_sym_w4,one,all,7000.0,0.06370230135992337,0.0030486085643985613
banded_sym_w4,one,all,8000.0,0.049859956465695375,0.0029209623215004222
banded_sym_w4,one,all,9000.0,0.04042214573956549,0.0021824729642027025
banded_sym_w4,one,all,10000.0,0.0334987164173515,0.0021088502414526814
banded_sym_w4,one,all,11000.0,0.02777050575126971,0.001589089457171801
banded_sym_w4,one,all,12000.0,0.02276810313217066,0.0015103335535316513
banded_sym_w4,one,all,13000.0,0.01919114650495289,0.0014589190814776806
banded_sym_w4,one,all,14000.0,0.016263746141038676,0.0009195539925538038
banded_sym_w4,one,all,15000.0,0.013711595516980236,0.000970374782230635
banded_sym_w4,one,all,16000.0,0.011685702761255532,0.0006662503026175214
banded_sym_w4,one,all,17000.0,0.01007449772153308,0.0006356198353288491
banded_sym_w4,one,all,18000.0,0.0087446622031351,0.0005680674321958389
banded_sym_w4,one,all,19000.0,0.007538361559006285,0.00031981698342351087
banded_sym_w4,one,all,20000.0,0.006591701953068741,0.0003412146939855853
banded_sym_w4,one,all,21000.0,0.005694044502412223,0.00048326253841297266
banded_sym_w4,one,all,22000.0,0.005011097475741289,0.00041780372752766855
banded_sym_w4,one,all,23000.0,0.004476118475287606,0.000497830025913163
banded_sym_w4,one,all,24000.0,0.003973262320087327,0.00045999390699051623
banded_sym_w4,one,all,25000.0,0.0036080586554172126,0.000346094054971806
banded_sym_w4,one,all,26000.0,0.0032250141203453,0.0002376753206054968
banded_sym_w4,one,all,27000.0,0.0029543084216424533,0.0002466073481787488
banded_sym_w4,one,all,28000.0,0.0026872997016027,0.00016443411294639663
banded_sym_w4,one,all,29000.0,0.0023617922938597795,0.0002006369779946542
banded_sym_w4,one,all,30000.0,0.002075532228195023,0.0001600617761328036
banded_sym_w4,one,all,31000.0,0.0018325602962097351,0.00013483528929372695
banded_sym_w4,one,all,32000.0,0.0016708710176251045,0.00012387493789042727
banded_sym_w4,one,all,33000.0,0.0015369680567134433,0.00010009036988466323
banded_sym_w4,one,all,34000.0,0.0013930145466197906,0.00013948368105160558
banded_sym_w4,one,all,35000.0,0.001265570258137846,0.00012341494144200594
banded_sym_w4,one,all,36000.0,0.001122440225305468,9.591504657132153e-05
banded_sym_w4,one,all,37000.0,0.0010241401787642872,8.49147286935418e-05
banded_sym_w4,one,all,38000.0,0.000961521873026702,6.243219925137327e-05
banded_sym_w4,one,all,39000.0,0.0008525054529084854,8.582950690278278e-05
banded_sym_w4,one,all,40000.0,0.0007613036277143616,0.00011396216893681997
banded_sym_w4,one,all,41000.0,0.000661619381427681,0.00013420831815732495
banded_sym_w4,one,all,42000.0,0.0005896689018585597,0.00012833214794698538
banded_sym_w4,one,all,43000.0,0.0005084387994133121,0.00012932644358117123
banded_sym_w4,one,all,44000.0,0.00046281161133854515,0.00014520290551649134
banded_sym_w4,one,all,45000.0,0.00043502529366557614,0.00016350035547869383
banded_sym_w4,one,all,46000.0,0.00041721069874148324,0.00015919857900764076
banded_sym_w4,one,all,47000.0,0.0003816077843710025,0.00014828500314547534
banded_sym_w4,one,all,48000.0,0.000373072812323036,0.00013636511282119775
banded_sym_w4,one,all,49000.0,0.00035528449287664806,0.00012946140482041643
banded_sym_w4,one,all,50000.0,0.00035528449287664806,0.00012946140482041643
banded_sym_w4,one,all,51000.0,0.0003467495208286815,0.0001174396399647298
banded_sym_w4,one,all,52000.0,0.0003289612013822935,0.00011139246718333013
banded_sym_w4,one,all,53000.0,0.0002762883429158797,7.621622152412751e-05
banded_sym_w4,one,all,54000.0,0.00022991650401295305,0.00011414648754795244
banded_sym_w4,one,all,55000.0,0.00022066315661453166,0.00011772611292752678
banded_sym_w4,one,all,56000.0,0.0001943398651201772,9.859001511448252e-05
banded_sym_w4,one,all,57000.0,0.0001943398651201772,9.859001511448252e-05
banded_sym_w4,one,all,58000.0,0.0001943398651201772,9.859001511448252e-05
banded_sym_w4,one,all,59000.0,0.0001943398651201772,9.859001511448252e-05
banded_sym_w4,one,all,60000.0,0.00018580489307221064,8.660880368738015e-05
banded_sym_w4,one,all,61000.0,0.00017726992102424415,7.465629018028354e-05
banded_sym_w4,one,all,62000.0,0.00016873494897627758,6.274887602375461e-05
banded_sym_w4,one,all,63000.0,0.00016873494897627758,6.274887602375461e-05
banded_sym_w4,one,all,64000.0,0.0001509203540521847,6.059211283536473e-05
banded_sym_w4,one,all,65000.0,0.0001423853820042182,4.959462930363672e-05
banded_sym_w4,one,all,66000.0,0.0001423853820042182,4.959462930363672e-05
banded_sym_w4,one,all,67000.0,0.0001423853820042182,4.959462930363672e-05
banded_sym_w4,one,all,68000.0,0.0001423853820042182,4.959462930363672e-05
banded_sym_w4,one,all,69000.0,0.0001423853820042182,4.959462930363672e-05
banded_sym_w4,one,all,70000.0,0.0001423853820042182,4.959462930363672e-05
banded_sym_w4,one,all,71000.0,0.0001331320346057968,5.193482259452387e-05
banded_sym_w4,one,all,72000.0,0.0001331320346057968,5.193482259452387e-05
banded_sym_w4,one,all,73000.0,0.0001331320346057968,5.193482259452387e-05
banded_sym_w4,one,all,74000.0,0.0001331320346057968,5.193482259452387e-05
banded_sym_w4,one,all,75000.0,0.00012459706255783025,4.0235280345527836e-05
banded_sym_w4,one,all,76000.0,0.00012459706255783025,4.0235280345527836e-05
banded_sym_w4,one,all,77000.0,0.00011606209050986371,2.8842897955650198e-05
banded_sym_w4,one,all,78000.0,0.00010678246763373739,4.0101810572625894e-05
banded_sym_w4,one,all,79000.0,9.824749558577086e-05,3.088965096777664e-05
banded_sym_w4,one,all,80000.0,8.97125235378043e-05,2.4322188512912232e-05
banded_sym_w4,one,all,81000.0,8.045917613938294e-05,1.9186284396859617e-05
banded_sym_w4,one,all,82000.0,6.264458121529008e-05,2.4752488092861236e-05
banded_sym_w4,one,all,83000.0,6.264458121529008e-05,2.4752488092861236e-05
banded_sym_w4,one,all,84000.0,5.3391233816868696e-05,2.0050905286312947e-05
banded_sym_w4,one,all,85000.0,4.4111610940742384e-05,3.238046061024198e-05
banded_sym_w4,one,all,86000.0,4.4111610940742384e-05,3.238046061024198e-05
banded_sym_w4,one,all,87000.0,4.4111610940742384e-05,3.238046061024198e-05
banded_sym_w4,one,all,88000.0,3.4858263542321007e-05,3.175862039273911e-05
banded_sym_w4,one,all,89000.0,3.4858263542321007e-05,3.175862039273911e-05
banded_sym_w4,one,all,90000.0,3.4858263542321007e-05,3.175862039273911e-05
banded_sym_w4,one,all,91000.0,3.4858263542321007e-05,3.175862039273911e-05
banded_sym_w4,one,all,92000.0,3.4858263542321007e-05,3.175862039273911e-05
banded_sym_w4,one,all,93000.0,3.4858263542321007e-05,3.175862039273911e-05
banded_sym_w4,one,all,94000.0,2.6323291494354464e-05,2.093099647522075e-05
banded_sym_w4,one,all,95000.0,2.6323291494354464e-05,2.093099647522075e-05
banded_sym_w4,one,all,96000.0,1.778831944638792e-05,1.2608974941666868e-05
banded_sym_w4,one,all,97000.0,1.778831944638792e-05,1.2608974941666868e-05
banded_sym_w4,one,all,98000.0,1.778831944638792e-05,1.2608974941666868e-05
banded_sym_w4,one,all,99000.0,1.778831944638792e-05,1.2608974941666868e-05
banded_sym_w4,one,all,100000.0,1.778831944638792e-05,1.2608974941666868e-05
banded_sym_w4,one,all,101000.0,1.778831944638792e-05,1.2608974941666868e-05
banded_sym_w4,one,all,102000.0,1.778831944638792e-05,1.2608974941666868e-05
banded_sym_w4,one,all,103000.0,1.778831944638792e-05,1.2608974941666868e-05
banded_sym_w4,one,all,104000.0,1.778831944638792e-05,1.2608974941666868e-05
banded_sym_w4,one,all,105000.0,1.778831944638792e-05,1.2608974941666868e-05
banded_sym_w4,one,all,106000.0,1.778831944638792e-05,1.2608974941666868e-05
banded_sym_w4,one,all,107000.0,1.778831944638792e-05,1.2608974941666868e-05
banded_sym_w4,one,all,108000.0,1.778831944638792e-05,1.2608974941666868e-05
banded_sym_w4,one,all,109000.0,8.534972047966543e-06,1.2070273224709555e-05
banded_sym_w4,one,all,110000.0,8.534972047966543e-06,1.2070273224709555e-05
banded_sym_w4,one,all,111000.0,8.534972047966543e-06,1.2070273224709555e-05
banded_sym_w4,one,all,112000.0,8.534972047966543e-06,1.2070273224709555e-05
banded_sym_w4,one,all,113000.0,8.534972047966543e-06,1.2070273224709555e-05
banded_sym_w4,one,all,114000.0,8.534972047966543e-06,1.2070273224709555e-05
banded_sym_w4,one,all,115000.0,8.534972047966543e-06,1.2070273224709555e-05
banded_sym_w4,one,all,116000.0,8.534972047966543e-06,1.2070273224709555e-05
banded_sym_w4,one,all,117000.0,8.534972047966543e-06,1.2070273224709555e-05
banded_sym_w4,one,all,118000.0,8.534972047966543e-06,1.2070273224709555e-05
banded_sym_w4,one,all,119000.0,8.534972047966543e-06,1.2070273224709555e-05
banded_sym_w4,one,all,120000.0,8.534972047966543e-06,1.2070273224709555e-05
banded_sym_w4,one,all,121000.0,8.534972047966543e-06,1.2070273224709555e-05
banded_sym_w4,one,all,122000.0,8.534972047966543e-06,1.2070273224709555e-05
banded_sym_w4,one,all,123000.0,8.534972047966543e-06,1.2070273224709555e-05
banded_sym_w4,one,all,124000.0,8.534972047966543e-06,1.2070273224709555e-05
banded_sym_w4,one,all,125000.0,8.534972047966543e-06,1.2070273224709555e-05
banded_sym_w4,one,all,126000.0,8.534972047966543e-06,1.2070273224709555e-05
banded_sym_w4,one,all,127000.0,8.534972047966543e-06,1.2070273224709555e-05
banded_sym_w4,one,all,128000.0,8.534972047966543e-06,1.2070273224709555e-05
banded_sym_w4,one,all,129000.0,8.534972047966543e-06,1.2070273224709555e-05
banded_sym_w4,one,all,130000.0,8.534972047966543e-06,1.2070273224709555e-05
banded_sym_w4,one,all,131000.0,8.534972047966543e-06,1.2070273224709555e-05
banded_sym_w4,one,all,132000.0,8.534972047966543e-06,1.2070273224709555e-05
banded_sym_w4,one,all,133000.0,8.534972047966543e-06,1.2070273224709555e-05
banded_sym_w4,one,all,134000.0,8.534972047966543e-06,1.2070273224709555e-05
banded_sym_w4,one,all,135000.0,8.534972047966543e-06,1.2070273224709555e-05
banded_sym_w4,one,all,136000.0,8.534972047966543e-06,1.2070273224709555e-05
banded_sym_w4,one,all,137000.0,8.534972047966543e-06,1.2070273224709555e-05
banded_sym_w4,one,all,138000.0,8.534972047966543e-06,1.2070273224709555e-05
banded_sym_w4,one,all,139000.0,8.534972047966543e-06,1.2070273224709555e-05
banded_sym_w4,one,all,140000.0,8.534972047966543e-06,1.2070273224709555e-05
banded_sym_w4,one,all,141000.0,8.534972047966543e-06,1.2070273224709555e-05
banded_sym_w4,one,all,142000.0,8.534972047966543e-06,1.2070273224709555e-05
banded_sym_w4,one,all,143000.0,8.534972047966543e-06,1.2070273224709555e-05
banded_sym_w4,one,all,144000.0,8.534972047966543e-06,1.2070273224709555e-05
banded_sym_w4,one,all,145000.0,8.534972047966543e-06,1.2070273224709555e-05
banded_sym_w4,one,all,146000.0,8.534972047966543e-06,1.2070273224709555e-05
banded_sym_w4,one,all,147000.0,8.534972047966543e-06,1.2070273224709555e-05
banded_sym_w4,one,all,148000.0,8.534972047966543e-06,1.2070273224709555e-05
banded_sym_w4,one,all,149000.0,8.534972047966543e-06,1.2070273224709555e-05
banded_sym_w4,one,all,150000.0,8.534972047966543e-06,1.2070273224709555e-05
banded_sym_w4,one,all,151000.0,8.534972047966543e-06,1.2070273224709555e-05
banded_sym_w4,one,all,152000.0,8.534972047966543e-06,1.2070273224709555e-05
banded_sym_w4,one,all,153000.0,8.534972047966543e-06,1.2070273224709555e-05
banded_sym_w4,one,all,154000.0,8.534972047966543e-06,1.2070273224709555e-05
banded_sym_w4,one,all,155000.0,8.534972047966543e-06,1.2070273224709555e-05
banded_sym_w4,one,all,156000.0,8.534972047966543e-06,1.2070273224709555e-05
banded_sym_w4,three,all,0.0,1.0,0.0
banded_sym_w4,three,all,1000.0,0.4134862332242204,0.003969635345084033
banded_sym_w4,three,all,2000.0,0.21936552577270696,0.004480097398662006
banded_sym_w4,three,all,3000.0,0.1320956753759821,0.0038825292230222803
banded_sym_w4,three,all,4000.0,0.08581084887607077,0.0027009333986010727
banded_sym_w4,three,all,5000.0,0.05842003860110292,0.0030203176145143476
banded_sym_w4,three,all,6000.0,0.04136153553334721,0.0016706881281933295
banded_sym_w4,three,all,7000.0,0.029879153046917684,0.0018232584922755958
banded_sym_w4,three,all,8000.0,0.022422778626910122,0.0015322833480066868
banded_sym_w4,three,all,9000.0,0.017330656871160127,0.0011544063519721983
banded_sym_w4,three,all,10000.0,0.013321139100796277,0.0010953181437766979
banded_sym_w4,three,all,11000.0,0.010579739611823449,0.000704210999922325
banded_sym_w4,three,all,12000.0,0.008730980797851817,0.0004087144776204106
banded_sym_w4,three,all,13000.0,0.007102488067730788,0.0005537724353020962
banded_sym_w4,three,all,14000.0,0.005615772132047755,0.00038677646261962953
banded_sym_w4,three,all,15000.0,0.004744352058645038,0.0004417553015081333
banded_sym_w4,three,all,16000.0,0.003966615173483524,0.00034628246152124673
banded_sym_w4,three,all,17000.0,0.003258191806210033,0.0002864391058929528
banded_sym_w4,three,all,18000.0,0.002767624689339814,0.0004140341006204222
banded_sym_w4,three,all,19000.0,0.002384547620000702,0.00039401418409484005
banded_sym_w4,three,all,20000.0,0.0019288215534708998,0.00040996064291820843
banded_sym_w4,three,all,21000.0,0.0015755830054254535,0.0003485846226704203
banded_sym_w4,three,all,22000.0,0.0013231635463057782,0.00027689684803153925
banded_sym_w4,three,all,23000.0,0.001114110936238405,0.00019619710644762237
banded_sym_w4,three,all,24000.0,0.0009177538189648781,0.00013863340360708277
banded_sym_w4,three,all,25000.0,0.0007335358213299187,0.00012990044486825672
banded_sym_w4,three,all,26000.0,0.0006346623136794954,0.0001156077938187573
banded_sym_w4,three,all,27000.0,0.000507340872669977,9.674569212875803e-05
banded_sym_w4,three,all,28000.0,0.00043524755872731484,0.00011391587164986395
banded_sym_w4,three,all,29000.0,0.00043524755872731484,0.00011391587164986395
banded_sym_w4,three,all,30000.0,0.00038224285455981997,3.901844927806395e-05
banded_sym_w4,three,all,31000.0,0.00036732393886661257,5.185876141863821e-05
banded_sym_w4,three,all,32000.0,0.00029495278329993654,7.43303596801129e-05
banded_sym_w4,three,all,33000.0,0.0002817016072580628,5.619174516504099e-05
banded_sym_w4,three,all,34000.0,0.0002551992551743154,2.301425496603259e-05
banded_sym_w4,three,all,35000.0,0.00022869690309056798,2.6670176273767888e-05
banded_sym_w4,three,all,36000.0,0.00017152250484111313,3.8591813659741577e-05
banded_sym_w4,three,all,37000.0,0.00015827132879923938,4.6604905667683253e-05
banded_sym_w4,three,all,38000.0,0.00014335241310603196,2.5737466491485246e-05
banded_sym_w4,three,all,39000.0,0.00012843349741282456,6.566072825602777e-06
banded_sym_w4,three,all,40000.0,0.00011351458171961714,1.7723025281989392e-05
banded_sym_w4,three,all,41000.0,9.859566602640972e-05,3.841085939919951e-05
banded_sym_w4,three,all,42000.0,9.859566602640972e-05,3.841085939919951e-05
banded_sym_w4,three,all,43000.0,9.859566602640972e-05,3.841085939919951e-05
banded_sym_w4,three,all,44000.0,9.859566602640972e-05,3.841085939919951e-05
banded_sym_w4,three,all,45000.0,9.859566602640972e-05,3.841085939919951e-05
banded_sym_w4,three,all,46000.0,8.395459195721601e-05,3.054030484097219e-05
banded_sym_w4,three,all,47000.0,6.93135178880223e-05,3.531954868585401e-05
banded_sym_w4,three,all,48000.0,6.93135178880223e-05,3.531954868585401e-05
banded_sym_w4,three,all,49000.0,6.93135178880223e-05,3.531954868585401e-05
banded_sym_w4,three,all,50000.0,6.93135178880223e-05,3.531954868585401e-05
banded_sym_w4,three,all,51000.0,6.93135178880223e-05,3.531954868585401e-05
banded_sym_w4,three,all,52000.0,6.93135178880223e-05,3.531954868585401e-05
banded_sym_w4,three,all,53000.0,5.467244381882857e-05,4.9190192300536716e-05
banded_sym_w4,three,all,54000.0,3.975352812562115e-05,5.621997862743371e-05
banded_sym_w4,three,all,55000.0,3.975352812562115e-05,5.621997862743371e-05
banded_sym_w4,three,all,56000.0,3.975352812562115e-05,5.621997862743371e-05
banded_sym_w4,three,all,57000.0,3.975352812562115e-05,5.621997862743371e-05
banded_sym_w4,three,all,58000.0,3.975352812562115e-05,5.621997862743371e-05
banded_sym_w4,three,all,59000.0,3.975352812562115e-05,5.621997862743371e-05
banded_sym_w4,three,all,60000.0,3.975352812562115e-05,5.621997862743371e-05
banded_sym_w4,three,all,61000.0,3.975352812562115e-05,5.621997862743371e-05
banded_sym_w4,three,all,62000.0,3.975352812562115e-05,5.621997862743371e-05
banded_sym_w4,three,all,63000.0,3.975352812562115e-05,5.621997862743371e-05
banded_sym_w4,three,all,64000.0,3.975352812562115e-05,5.621997862743371e-05
banded_sym_w4,three,all,65000.0,3.975352812562115e-05,5.621997862743371e-05
banded_sym_w4,three,all,66000.0,3.975352812562115e-05,5.621997862743371e-05
banded_sym_w4,three,all,67000.0,3.975352812562115e-05,5.621997862743371e-05
banded_sym_w4,three,all,68000.0,3.975352812562115e-05,5.621997862743371e-05
banded_sym_w4,three,all,69000.0,3.975352812562115e-05,5.621997862743371e-05
banded_sym_w4,three,all,70000.0,3.975352812562115e-05,5.621997862743371e-05
banded_sym_w4,three,all,71000.0,3.975352812562115e-05,5.621997862743371e-05
banded_sym_w4,three,all,72000.0,2.6502352083747433e-05,3.747998575162248e-05
banded_sym_w4,three,all,73000.0,2.6502352083747433e-05,3.747998575162248e-05
banded_sym_w4,three,all,74000.0,2.6502352083747433e-05,3.747998575162248e-05
banded_sym_w4,three,all,75000.0,2.6502352083747433e-05,3.747998575162248e-05
banded_sym_w4,three,all,76000.0,2.6502352083747433e-05,3.747998575162248e-05
banded_sym_w4,three,all,77000.0,2.6502352083747433e-05,3.747998575162248e-05
banded_sym_w4,three,all,78000.0,2.6502352083747433e-05,3.747998575162248e-05
banded_sym_w4,three,all,79000.0,2.6502352083747433e-05,3.747998575162248e-05
banded_sym_w4,three,all,80000.0,1.3251176041873716e-05,1.873999287581124e-05
banded_sym_w4,three,all,81000.0,1.3251176041873716e-05,1.873999287581124e-05
banded_sym_w4,three,all,82000.0,1.3251176041873716e-05,1.873999287581124e-05
banded_sym_w4,three,all,83000.0,1.3251176041873716e-05,1.873999287581124e-05
banded_sym_w4,three,all,84000.0,1.3251176041873716e-05,1.873999287581124e-05
banded_sym_w4,three,all,85000.0,1.3251176041873716e-05,1.873999287581124e-05
banded_sym_w4,three,all,86000.0,1.3251176041873716e-05,1.873999287581124e-05
banded_sym_w4,three,all,87000.0,1.3251176041873716e-05,1.873999287581124e-05
banded_sym_w4,three,all,88000.0,1.3251176041873716e-05,1.873999287581124e-05
banded_sym_w4,triplet,all,0.0,1.0,0.0
banded_sym_w4,triplet,all,1000.0,0.34325237844683554,0.0034081285050599932
banded_sym_w4,triplet,all,2000.0,0.1625090394748627,0.0037297759127479053
banded_sym_w4,triplet,all,3000.0,0.08824910907679627,0.0028870617426683515
banded_sym_w4,triplet,all,4000.0,0.050812493739036325,0.0028651418908718315
banded_sym_w4,triplet,all,5000.0,0.032225626439379845,0.002476490127625651
banded_sym_w4,triplet,all,6000.0,0.020869047149449507,0.0011279555392124272
banded_sym_w4,triplet,all,7000.0,0.014504318541868117,0.0006224648096522448
banded_sym_w4,triplet,all,8000.0,0.00994791757459612,0.0006188361206115105
banded_sym_w4,triplet,all,9000.0,0.007363090637233626,0.0003722818887547702
banded_sym_w4,triplet,all,10000.0,0.005470925794622182,0.0005069967372557769
banded_sym_w4,triplet,all,11000.0,0.003856918074067433,0.0005772165382990509
banded_sym_w4,triplet,all,12000.0,0.0028641725561438756,0.0002536928462776283
banded_sym_w4,triplet,all,13000.0,0.002221170723344466,0.0001844114169030542
banded_sym_w4,triplet,all,14000.0,0.001853555410213304,0.00017412603883357793
banded_sym_w4,triplet,all,15000.0,0.0013904875753400663,0.00024215373686315822
banded_sym_w4,triplet,all,16000.0,0.0011801445881852869,0.00030629235203510793
banded_sym_w4,triplet,all,17000.0,0.0009079817967962001,0.00021560198830653855
banded_sym_w4,triplet,all,18000.0,0.0007252771964815813,0.00024130237100366105
banded_sym_w4,triplet,all,19000.0,0.0006527685916325561,0.0002743491681424277
banded_sym_w4,triplet,all,20000.0,0.0005891958007870378,0.00019240352459495662
banded_sym_w4,triplet,all,21000.0,0.0005191755533831985,0.0001757214893589839
banded_sym_w4,triplet,all,22000.0,0.0003813411710774442,0.0002018161033220425
banded_sym_w4,triplet,all,23000.0,0.00031205629450757963,0.00020502466792111243
banded_sym_w4,triplet,all,24000.0,0.00017523952797906143,0.0001458062321166692
banded_sym_w4,triplet,all,25000.0,0.00010844300885438267,0.00010713031825984328
banded_sym_w4,triplet,all,26000.0,8.725207857254329e-05,7.870006349560617e-05
banded_sym_w4,triplet,all,27000.0,4.238186056367875e-05,5.993700200775991e-05
banded_sym_w4,triplet,all,28000.0,4.238186056367875e-05,5.993700200775991e-05
banded_sym_w4,triplet,all,29000.0,4.238186056367875e-05,5.993700200775991e-05
banded_sym_w4,triplet,all,30000.0,4.238186056367875e-05,5.993700200775991e-05
banded_sym_w4,triplet,all,31000.0,2.1190930281839374e-05,2.9968501003879955e-05
banded_sym_w4,triplet,all,32000.0,2.1190930281839374e-05,2.9968501003879955e-05
banded_sym_w4,triplet,all,33000.0,2.1190930281839374e-05,2.9968501003879955e-05
banded_sym_w4,triplet,all,34000.0,2.1190930281839374e-05,2.9968501003879955e-05
banded_sym_w4,triplet,all,35000.0,2.1190930281839374e-05,2.9968501003879955e-05
banded_sym_w4,triplet,all,36000.0,2.1190930281839374e-05,2.9968501003879955e-05
banded_sym_w6,one,all,0.0,1.0,0.0
banded_sym_w6,one,all,1000.0,0.5157662378184414,0.002683989173458558
banded_sym_w6,one,all,2000.0,0.3272656038316851,0.004530598920706849
banded_sym_w6,one,all,3000.0,0.2266611243883477,0.0040108293854088034
banded_sym_w6,one,all,4000.0,0.16568032114191608,0.003083594165987193
banded_sym_w6,one,all,5000.0,0.1262028160999514,0.003742873469244913
banded_sym_w6,one,all,6000.0,0.09865082730968816,0.004118227740266537
banded_sym_w6,one,all,7000.0,0.07821616446283834,0.003952545170910544
banded_sym_w6,one,all,8000.0,0.06269321019737581,0.00380490526714408
banded_sym_w6,one,all,9000.0,0.05177360974922857,0.0033321501091315444
banded_sym_w6,one,all,10000.0,0.042938554951074535,0.0024611594315391595
banded_sym_w6,one,all,11000.0,0.03618216704993004,0.0018229067613273495
banded_sym_w6,one,all,12000.0,0.030641217377625984,0.0016044778006610004
banded_sym_w6,one,all,13000.0,0.02623834259343652,0.0017760642273393376
banded_sym_w6,one,all,14000.0,0.022751615378700376,0.001389045953710873
banded_sym_w6,one,all,15000.0,0.019796717518149796,0.001041169445276821
banded_sym_w6,one,all,16000.0,0.017077645726531532,0.0009573077159372152
banded_sym_w6,one,all,17000.0,0.014888177492276536,0.0010664493204035426
banded_sym_w6,one,all,18000.0,0.013226085622924709,0.0008555918087669215
banded_sym_w6,one,all,19000.0,0.0116945911227615,0.00048720633165222956
banded_sym_w6,one,all,20000.0,0.01018137159412378,0.00037126436077142754
banded_sym_w6,one,all,21000.0,0.009035876733562556,0.0006454119487645363
banded_sym_w6,one,all,22000.0,0.00810960028768638,0.0006167935301520556
banded_sym_w6,one,all,23000.0,0.0072710235148662795,0.00051928777348656
banded_sym_w6,one,all,24000.0,0.006536109473217397,0.0005425944105045674
banded_sym_w6,one,all,25000.0,0.005916906552071247,0.0005544079063392225
banded_sym_w6,one,all,26000.0,0.005307126375305528,0.000535455201759757
banded_sym_w6,one,all,27000.0,0.004774106488430233,0.0005524068061272877
banded_sym_w6,one,all,28000.0,0.0043291123807065,0.00046632531905584025
banded_sym_w6,one,all,29000.0,0.003895689877725802,0.00045757647125979774
banded_sym_w6,one,all,30000.0,0.003464729966648448,0.0003776674585064653
banded_sym_w6,one,all,31000.0,0.003202947577985183,0.0003456917700454203
banded_sym_w6,one,all,32000.0,0.002955411600371578,0.00035153361678473874
banded_sym_w6,one,all,33000.0,0.002679162801764808,0.00029503899790426336
banded_sym_w6,one,all,34000.0,0.0024717112416071476,0.000264471769044815
banded_sym_w6,one,all,35000.0,0.0022938938748830076,0.0002683899097281201
banded_sym_w6,one,all,36000.0,0.00210843956281304,0.00026141619943564003
banded_sym_w6,one,all,37000.0,0.00195399761059184,0.00025941532205534814
banded_sym_w6,one,all,38000.0,0.001845898854757164,0.00025779041305268394
banded_sym_w6,one,all,39000.0,0.0017058663666333679,0.00028174073903169245
banded_sym_w6,one,all,40000.0,0.0015603334189716025,0.0002445605493512955
banded_sym_w6,one,all,41000.0,0.0014211407767642879,0.0002466138681116107
banded_sym_w6,one,all,42000.0,0.0013428638480886433,0.00027682952694516115
banded_sym_w6,one,all,43000.0,0.0012506096686127207,0.0002621969035098577
banded_sym_w6,one,all,44000.0,0.0011186217584541079,0.00028163802778611744
banded_sym_w6,one,all,45000.0,0.0010411031491710738,0.00028705349759981395
banded_sym_w6,one,all,46000.0,0.0009878243809852312,0.00026548582745478317
banded_sym_w6,one,all,47000.0,0.0008792118853295584,0.0002748068595763716
banded_sym_w6,one,all,48000.0,0.0008180515922262746,0.0002560031405760018
banded_sym_w6,one,all,49000.0,0.0007568097725991193,0.00024262102863827848
banded_sym_w6,one,all,50000.0,0.0007035310044132765,0.0002227033487511105
banded_sym_w6,one,all,51000.0,0.0006814276491239436,0.000194176315023445
banded_sym_w6,one,all,52000.0,0.0006582968141926171,0.00018721707649956777
banded_sym_w6,one,all,53000.0,0.0006045043061857776,0.0001790285872496112
banded_sym_w6,one,all,54000.0,0.000550711798178938,0.00017090642289228013
banded_sym_w6,one,all,55000.0,0.0005190226454614313,0.00019183645713015163
banded_sym_w6,one,all,56000.0,0.0004584576187030154,0.00015542337834987359
banded_sym_w6,one,all,57000.0,0.00042795899867524475,0.0001400993500246626
banded_sym_w6,one,all,58000.0,0.0004205912135788004,0.00013008789737037072
banded_sym_w6,one,all,59000.0,0.00039737885212360273,0.00013086773292419652
banded_sym_w6,one,all,60000.0,0.00039737885212360273,0.00013086773292419652
banded_sym_w6,one,all,61000.0,0.0003668802320958321,0.00011710694548492997
banded_sym_w6,one,all,62000.0,0.0003521446619029435,9.657548074954036e-05
banded_sym_w6,one,all,63000.0,0.00032164604187517285,8.515763424370832e-05
banded_sym_w6,one,all,64000.0,0.00032164604187517285,8.515763424370832e-05
banded_sym_w6,one,all,65000.0,0.0002983521538961039,8.794038038957748e-05
banded_sym_w6,one,all,66000.0,0.00029098436879965964,7.778214962015258e-05
banded_sym_w6,one,all,67000.0,0.00029098436879965964,7.778214962015258e-05
banded_sym_w6,one,all,68000.0,0.000275653532261903,7.617958536788065e-05
banded_sym_w6,one,all,69000.0,0.00025980895590314965,8.672131012450007e-05
banded_sym_w6,one,all,70000.0,0.0002518459044618373,9.550875489174339e-05
banded_sym_w6,one,all,71000.0,0.0002439643795443963,9.74110495390942e-05
banded_sym_w6,one,all,72000.0,0.00022031980479207322,0.00010991235575175322
banded_sym_w6,one,all,73000.0,0.00022031980479207322,0.00010991235575175322
banded_sym_w6,one,all,74000.0,0.00020558423459918464,8.907349452629756e-05
banded_sym_w6,one,all,75000.0,0.00019762118315787234,9.514355836135775e-05
banded_sym_w6,one,all,76000.0,0.00019762118315787234,9.514355836135775e-05
banded_sym_w6,one,all,77000.0,0.0001828856129649837,7.442799262777143e-05
banded_sym_w6,one,all,78000.0,0.0001828856129649837,7.442799262777143e-05
banded_sym_w6,one,all,79000.0,0.0001755178278685394,6.410028334128622e-05
banded_sym_w6,one,all,80000.0,0.00016815004277209508,5.380802534173039e-05
banded_sym_w6,one,all,81000.0,0.00016018699133078278,6.162623792579591e-05
banded_sym_w6,one,all,82000.0,0.00013012058460013757,4.372730172939641e-05
banded_sym_w6,one,all,83000.0,0.00012275279950369324,3.65020833924436e-05
banded_sym_w6,one,all,84000.0,0.00012275279950369324,3.65020833924436e-05
banded_sym_w6,one,all,85000.0,0.00011487127458625222,3.399020148679057e-05
banded_sym_w6,one,all,86000.0,0.0001075034894898079,2.601263611842229e-05
banded_sym_w6,one,all,87000.0,0.0001075034894898079,2.601263611842229e-05
banded_sym_w6,one,all,88000.0,0.0001075034894898079,2.601263611842229e-05
banded_sym_w6,one,all,89000.0,0.0001075034894898079,2.601263611842229e-05
banded_sym_w6,one,all,90000.0,0.0001075034894898079,2.601263611842229e-05
banded_sym_w6,one,all,91000.0,0.0001075034894898079,2.601263611842229e-05
banded_sym_w6,one,all,92000.0,0.0001075034894898079,2.601263611842229e-05
banded_sym_w6,one,all,93000.0,0.0001075034894898079,2.601263611842229e-05
banded_sym_w6,one,all,94000.0,0.0001075034894898079,2.601263611842229e-05
banded_sym_w6,one,all,95000.0,0.0001075034894898079,2.601263611842229e-05
banded_sym_w6,one,all,96000.0,9.95404380484956e-05,3.7070282701559024e-05
banded_sym_w6,one,all,97000.0,8.429112803461027e-05,2.6625780119171864e-05
banded_sym_w6,one,all,98000.0,8.429112803461027e-05,2.6625780119171864e-05
banded_sym_w6,one,all,99000.0,8.429112803461027e-05,2.6625780119171864e-05
banded_sym_w6,one,all,100000.0,7.632807659329795e-05,3.764650663150984e-05
banded_sym_w6,one,all,101000.0,6.896029149685365e-05,3.19693288875166e-05
banded_sym_w6,one,all,102000.0,6.896029149685365e-05,3.19693288875166e-05
banded_sym_w6,one,all,103000.0,6.0997240055541335e-05,4.320492950676964e-05
banded_sym_w6,one,all,104000.0,6.0997240055541335e-05,4.320492950676964e-05
banded_sym_w6,one,all,105000.0,6.0997240055541335e-05,4.320492950676964e-05
banded_sym_w6,one,all,106000.0,6.0997240055541335e-05,4.320492950676964e-05
banded_sym_w6,one,all,107000.0,6.0997240055541335e-05,4.320492950676964e-05
banded_sym_w6,one,all,108000.0,6.0997240055541335e-05,4.320492950676964e-05
banded_sym_w6,one,all,109000.0,5.311571513810031e-05,3.823039233302913e-05
banded_sym_w6,one,all,110000.0,5.311571513810031e-05,3.823039233302913e-05
banded_sym_w6,one,all,111000.0,5.311571513810031e-05,3.823039233302913e-05
banded_sym_w6,one,all,112000.0,5.311571513810031e-05,3.823039233302913e-05
banded_sym_w6,one,all,113000.0,5.311571513810031e-05,3.823039233302913e-05
banded_sym_w6,one,all,114000.0,2.9471140385777228e-05,4.1678486432167607e-05
banded_sym_w6,one,all,115000.0,2.9471140385777228e-05,4.1678486432167607e-05
banded_sym_w6,one,all,116000.0,2.2103355289332922e-05,3.12588648241257e-05
banded_sym_w6,one,all,117000.0,1.4735570192888614e-05,2.0839243216083803e-05
banded_sym_w6,one,all,118000.0,1.4735570192888614e-05,2.0839243216083803e-05
banded_sym_w6,one,all,119000.0,1.4735570192888614e-05,2.0839243216083803e-05
banded_sym_w6,one,all,120000.0,7.367785096444307e-06,1.0419621608041902e-05
banded_sym_w6,one,all,121000.0,7.367785096444307e-06,1.0419621608041902e-05
banded_sym_w6,one,all,122000.0,7.367785096444307e-06,1.0419621608041902e-05
banded_sym_w6,one,all,123000.0,7.367785096444307e-06,1.0419621608041902e-05
banded_sym_w6,one,all,124000.0,7.367785096444307e-06,1.0419621608041902e-05
banded_sym_w6,one,all,125000.0,7.367785096444307e-06,1.0419621608041902e-05
banded_sym_w6,one,all,126000.0,7.367785096444307e-06,1.0419621608041902e-05
banded_sym_w6,one,all,127000.0,7.367785096444307e-06,1.0419621608041902e-05
banded_sym_w6,one,all,128000.0,7.367785096444307e-06,1.0419621608041902e-05
banded_sym_w6,one,all,129000.0,7.367785096444307e-06,1.0419621608041902e-05
banded_sym_w6,one,all,130000.0,7.367785096444307e-06,1.0419621608041902e-05
banded_sym_w6,one,all,131000.0,7.367785096444307e-06,1.0419621608041902e-05
banded_sym_w6,one,all,132000.0,7.367785096444307e-06,1.0419621608041902e-05
banded_sym_w6,one,all,133000.0,7.367785096444307e-06,1.0419621608041902e-05
banded_sym_w6,one,all,134000.0,7.367785096444307e-06,1.0419621608041902e-05
banded_sym_w6,one,all,135000.0,7.367785096444307e-06,1.0419621608041902e-05
banded_sym_w6,one,all,136000.0,7.367785096444307e-06,1.0419621608041902e-05
banded_sym_w6,one,all,137000.0,7.367785096444307e-06,1.0419621608041902e-05
banded_sym_w6,one,all,138000.0,7.367785096444307e-06,1.0419621608041902e-05
banded_sym_w6,one,all,139000.0,7.367785096444307e-06,1.0419621608041902e-05
banded_sym_w6,one,all,140000.0,7.367785096444307e-06,1.0419621608041902e-05
banded_sym_w6,one,all,141000.0,7.367785096444307e-06,1.0419621608041902e-05
banded_sym_w6,one,all,142000.0,7.367785096444307e-06,1.0419621608041902e-05
banded_sym_w6,one,all,143000.0,7.367785096444307e-06,1.0419621608041902e-05
banded_sym_w6,one,all,144000.0,7.367785096444307e-06,1.0419621608041902e-05
banded_sym_w6,one,all,145000.0,7.367785096444307e-06,1.0419621608041902e-05
banded_sym_w6,one,all,146000.0,7.367785096444307e-06,1.0419621608041902e-05
banded_sym_w6,one,all,147000.0,7.367785096444307e-06,1.0419621608041902e-05
banded_sym_w6,one,all,148000.0,7.367785096444307e-06,1.0419621608041902e-05
banded_sym_w6,one,all,149000.0,7.367785096444307e-06,1.0419621608041902e-05
banded_sym_w6,one,all,150000.0,7.367785096444307e-06,1.0419621608041902e-05
banded_sym_w6,one,all,151000.0,7.367785096444307e-06,1.0419621608041902e-05
banded_sym_w6,one,all,152000.0,7.367785096444307e-06,1.0419621608041902e-05
banded_sym_w6,one,all,153000.0,7.367785096444307e-06,1.0419621608041902e-05
banded_sym_w6,one,all,154000.0,7.367785096444307e-06,1.0419621608041902e-05
banded_sym_w6,one,all,155000.0,7.367785096444307e-06,1.0419621608041902e-05
banded_sym_w6,one,all,156000.0,7.367785096444307e-06,1.0419621608041902e-05
banded_sym_w6,one,all,157000.0,7.367785096444307e-06,1.0419621608041902e-05
banded_sym_w6,one,all,158000.0,7.367785096444307e-06,1.0419621608041902e-05
banded_sym_w6,one,all,159000.0,7.367785096444307e-06,1.0419621608041902e-05
banded_sym_w6,one,all,160000.0,7.367785096444307e-06,1.0419621608041902e-05
banded_sym_w6,one,all,161000.0,7.367785096444307e-06,1.0419621608041902e-05
banded_sym_w6,one,all,162000.0,7.367785096444307e-06,1.0419621608041902e-05
banded_sym_w6,one,all,163000.0,7.367785096444307e-06,1.0419621608041902e-05
banded_sym_w6,one,all,164000.0,7.367785096444307e-06,1.0419621608041902e-05
banded_sym_w6,one,all,165000.0,7.367785096444307e-06,1.0419621608041902e-05
banded_sym_w6,one,all,166000.0,7.367785096444307e-06,1.0419621608041902e-05
banded_sym_w6,one,all,167000.0,7.367785096444307e-06,1.0419621608041902e-05
banded_sym_w6,one,all,168000.0,7.367785096444307e-06,1.0419621608041902e-05
banded_sym_w6,one,all,169000.0,7.367785096444307e-06,1.0419621608041902e-05
banded_sym_w6,one,all,170000.0,7.367785096444307e-06,1.0419621608041902e-05
banded_sym_w6,one,all,171000.0,7.367785096444307e-06,1.0419621608041902e-05
banded_sym_w6,one,all,172000.0,7.367785096444307e-06,1.0419621608041902e-05
banded_sym_w6,one,all,173000.0,7.367785096444307e-06,1.0419621608041902e-05
banded_sym_w6,one,all,174000.0,7.367785096444307e-06,1.0419621608041902e-05
banded_sym_w6,one,all,175000.0,7.367785096444307e-06,1.0419621608041902e-05
banded_sym_w6,one,all,176000.0,7.367785096444307e-06,1.0419621608041902e-05
banded_sym_w6,one,all,177000.0,7.367785096444307e-06,1.0419621608041902e-05
banded_sym_w6,one,all,178000.0,7.367785096444307e-06,1.0419621608041902e-05
banded_sym_w6,one,all,179000.0,7.367785096444307e-06,1.0419621608041902e-05
banded_sym_w6,one,all,180000.0,7.367785096444307e-06,1.0419621608041902e-05
banded_sym_w6,one,all,181000.0,7.367785096444307e-06,1.0419621608041902e-05
banded_sym_w6,one,all,182000.0,7.367785096444307e-06,1.0419621608041902e-05
banded_sym_w6,one,all,183000.0,7.367785096444307e-06,1.0419621608041902e-05
banded_sym_w6,one,all,184000.0,7.367785096444307e-06,1.0419621608041902e-05
banded_sym_w6,one,all,185000.0,7.367785096444307e-06,1.0419621608041902e-05
banded_sym_w6,one,all,186000.0,7.367785096444307e-06,1.0419621608041902e-05
banded_sym_w6,one,all,187000.0,7.367785096444307e-06,1.0419621608041902e-05
banded_sym_w6,one,all,188000.0,7.367785096444307e-06,1.0419621608041902e-05
banded_sym_w6,one,all,189000.0,7.367785096444307e-06,1.0419621608041902e-05
banded_sym_w6,one,all,190000.0,7.367785096444307e-06,1.0419621608041902e-05
banded_sym_w6,one,all,191000.0,7.367785096444307e-06,1.0419621608041902e-05
banded_sym_w6,one,all,192000.0,7.367785096444307e-06,1.0419621608041902e-05
banded_sym_w6,one,all,193000.0,7.367785096444307e-06,1.0419621608041902e-05
banded_sym_w6,one,all,194000.0,7.367785096444307e-06,1.0419621608041902e-05
banded_sym_w6,one,all,195000.0,7.367785096444307e-06,1.0419621608041902e-05
banded_sym_w6,one,all,196000.0,7.367785096444307e-06,1.0419621608041902e-05
banded_sym_w6,one,all,197000.0,7.367785096444307e-06,1.0419621608041902e-05
banded_sym_w6,one,all,198000.0,7.367785096444307e-06,1.0419621608041902e-05
banded_sym_w6,one,all,199000.0,7.367785096444307e-06,1.0419621608041902e-05
banded_sym_w6,one,all,200000.0,7.367785096444307e-06,1.0419621608041902e-05
banded_sym_w6,one,all,201000.0,7.367785096444307e-06,1.0419621608041902e-05
banded_sym_w6,one,all,202000.0,7.367785096444307e-06,1.0419621608041902e-05
banded_sym_w6,one,all,203000.0,7.367785096444307e-06,1.0419621608041902e-05
banded_sym_w6,one,all,204000.0,7.367785096444307e-06,1.0419621608041902e-05
banded_sym_w6,one,all,205000.0,7.367785096444307e-06,1.0419621608041902e-05
banded_sym_w6,one,all,206000.0,7.367785096444307e-06,1.0419621608041902e-05
banded_sym_w6,one,all,207000.0,7.367785096444307e-06,1.0419621608041902e-05
banded_sym_w6,one,all,208000.0,7.367785096444307e-06,1.0419621608041902e-05
banded_sym_w6,one,all,209000.0,7.367785096444307e-06,1.0419621608041902e-05
banded_sym_w6,one,all,210000.0,7.367785096444307e-06,1.0419621608041902e-05
banded_sym_w6,one,all,211000.0,7.367785096444307e-06,1.0419621608041902e-05
banded_sym_w6,one,all,212000.0,7.367785096444307e-06,1.0419621608041902e-05
banded_sym_w6,one,all,213000.0,7.367785096444307e-06,1.0419621608041902e-05
banded_sym_w6,one,all,214000.0,7.367785096444307e-06,1.0419621608041902e-05
banded_sym_w6,one,all,215000.0,7.367785096444307e-06,1.0419621608041902e-05
banded_sym_w6,one,all,216000.0,7.367785096444307e-06,1.0419621608041902e-05
banded_sym_w6,one,all,217000.0,7.367785096444307e-06,1.0419621608041902e-05
banded_sym_w6,one,all,218000.0,7.367785096444307e-06,1.0419621608041902e-05
banded_sym_w6,one,all,219000.0,7.367785096444307e-06,1.0419621608041902e-05
banded_sym_w6,one,all,220000.0,7.367785096444307e-06,1.0419621608041902e-05
banded_sym_w6,one,all,221000.0,7.367785096444307e-06,1.0419621608041902e-05
banded_sym_w6,one,all,222000.0,7.367785096444307e-06,1.0419621608041902e-05
banded_sym_w6,one,all,223000.0,7.367785096444307e-06,1.0419621608041902e-05
banded_sym_w6,one,all,224000.0,7.367785096444307e-06,1.0419621608041902e-05
banded_sym_w6,one,all,225000.0,7.367785096444307e-06,1.0419621608041902e-05
banded_sym_w6,one,all,226000.0,7.367785096444307e-06,1.0419621608041902e-05
banded_sym_w6,one,all,227000.0,7.367785096444307e-06,1.0419621608041902e-05
banded_sym_w6,one,all,228000.0,7.367785096444307e-06,1.0419621608041902e-05
banded_sym_w6,one,all,229000.0,7.367785096444307e-06,1.0419621608041902e-05
banded_sym_w6,one,all,230000.0,7.367785096444307e-06,1.0419621608041902e-05
banded_sym_w6,one,all,231000.0,7.367785096444307e-06,1.0419621608041902e-05
banded_sym_w6,one,all,232000.0,7.367785096444307e-06,1.0419621608041902e-05
banded_sym_w6,one,all,233000.0,7.367785096444307e-06,1.0419621608041902e-05
banded_sym_w6,one,all,234000.0,7.367785096444307e-06,1.0419621608041902e-05
banded_sym_w6,one,all,235000.0,7.367785096444307e-06,1.0419621608041902e-05
banded_sym_w6,one,all,236000.0,7.367785096444307e-06,1.0419621608041902e-05
banded_sym_w6,one,all,237000.0,7.367785096444307e-06,1.0419621608041902e-05
banded_sym_w6,one,all,238000.0,7.367785096444307e-06,1.0419621608041902e-05
banded_sym_w6,one,all,239000.0,7.367785096444307e-06,1.0419621608041902e-05
banded_sym_w6,one,all,240000.0,7.367785096444307e-06,1.0419621608041902e-05
banded_sym_w6,one,all,241000.0,7.367785096444307e-06,1.0419621608041902e-05
banded_sym_w6,one,all,242000.0,7.367785096444307e-06,1.0419621608041902e-05
banded_sym_w6,one,all,243000.0,7.367785096444307e-06,1.0419621608041902e-05
banded_sym_w6,one,all,244000.0,7.367785096444307e-06,1.0419621608041902e-05
banded_sym_w6,one,all,245000.0,7.367785096444307e-06,1.0419621608041902e-05
banded_sym_w6,one,all,246000.0,7.367785096444307e-06,1.0419621608041902e-05
banded_sym_w6,one,all,247000.0,7.367785096444307e-06,1.0419621608041902e-05
banded_sym_w6,one,all,248000.0,7.367785096444307e-06,1.0419621608041902e-05
banded_sym_w6,one,all,249000.0,7.367785096444307e-06,1.0419621608041902e-05
banded_sym_w6,one,all,250000.0,7.367785096444307e-06,1.0419621608041902e-05
banded_sym_w6,one,all,251000.0,7.367785096444307e-06,1.0419621608041902e-05
banded_sym_w6,one,all,252000.0,7.367785096444307e-06,1.0419621608041902e-05
banded_sym_w6,three,all,0.0,1.0,0.0
banded_sym_w6,three,all,1000.0,0.4470404219693755,0.0037896082273549876
banded_sym_w6,three,all,2000.0,0.24961454274626657,0.004723714343542069
banded_sym_w6,three,all,3000.0,0.15703656007129607,0.004563116879657568
banded_sym_w6,three,all,4000.0,0.10685875947555919,0.003453654906701441
banded_sym_w6,three,all,5000.0,0.07491249350948918,0.003143894703360445
banded_sym_w6,three,all,6000.0,0.05446131453792871,0.0024312336781675344
banded_sym_w6,three,all,7000.0,0.04087793361197908,0.002167181388986727
banded_sym_w6,three,all,8000.0,0.03147232420186969,0.0014062732173973035
banded_sym_w6,three,all,9000.0,0.024456929823414436,0.0009589240754685132
banded_sym_w6,three,all,10000.0,0.019090957061030887,0.0008567305162338547
banded_sym_w6,three,all,11000.0,0.015206705009107271,0.000660480264503283
banded_sym_w6,three,all,12000.0,0.012482443907902223,0.0005720109031332722
banded_sym_w6,three,all,13000.0,0.010175227932180673,0.0004474720517035931
banded_sym_w6,three,all,14000.0,0.008461467029183852,0.000481521599192193
banded_sym_w6,three,all,15000.0,0.0071788183332475155,0.0006508994425206248
banded_sym_w6,three,all,16000.0,0.006173380261746776,0.0006846454746990717
banded_sym_w6,three,all,17000.0,0.005143443449922026,0.000565283424321997
banded_sym_w6,three,all,18000.0,0.004449255501394769,0.0005388381418865403
banded_sym_w6,three,all,19000.0,0.003883714811254766,0.0006532654108424427
banded_sym_w6,three,all,20000.0,0.0033596694834415867,0.0006198936831008564
banded_sym_w6,three,all,21000.0,0.002770912822792487,0.0005304102693248303
banded_sym_w6,three,all,22000.0,0.0024605719863986493,0.00047849635997276836
banded_sym_w6,three,all,23000.0,0.0021718782060623867,0.000429044088895093
banded_sym_w6,three,all,24000.0,0.0019110904770319112,0.0002702744203483202
banded_sym_w6,three,all,25000.0,0.0017104297246858188,0.00025566953730613045
banded_sym_w6,three,all,26000.0,0.0015239038553085489,0.0001908700357026967
banded_sym_w6,three,all,27000.0,0.001356890732218577,0.00017940840895563817
banded_sym_w6,three,all,28000.0,0.001248981243309251,0.00011321635693954253
banded_sym_w6,three,all,29000.0,0.0011225823506163634,0.0001723530183372159
banded_sym_w6,three,all,30000.0,0.0009668903494820937,0.00014142378800029057
banded_sym_w6,three,all,31000.0,0.0008015998435096685,8.547108528788527e-05
banded_sym_w6,three,all,32000.0,0.0006750190935008521,0.00015893367851790236
banded_sym_w6,three,all,33000.0,0.0006216768606415048,0.0001071018774104295
banded_sym_w6,three,all,34000.0,0.0005997140679729444,9.474194860875053e-05
banded_sym_w6,three,all,35000.0,0.0005672914619074551,6.949986255155197e-05
banded_sym_w6,three,all,36000.0,0.0004991348948364403,9.240481088034818e-05
banded_sym_w6,three,all,37000.0,0.0004339259680736038,4.9571395707487065e-05
banded_sym_w6,three,all,38000.0,0.00037690866564236243,7.769477391089901e-05
banded_sym_w6,three,all,39000.0,0.00033157619979868144,9.396984965468504e-05
banded_sym_w6,three,all,40000.0,0.0002872868998297028,0.00010478368726114039
banded_sym_w6,three,all,41000.0,0.0002756020632421425,0.00012120083802861476
banded_sym_w6,three,all,42000.0,0.0002640990839705111,0.00011556668169094945
banded_sym_w6,three,all,43000.0,0.00023063331203031941,9.828809350363961e-05
banded_sym_w6,three,all,44000.0,0.00023063331203031941,9.828809350363961e-05
banded_sym_w6,three,all,45000.0,0.0002201734986333904,8.650560430039813e-05
banded_sym_w6,three,all,46000.0,0.00019925387183953244,6.664422279953218e-05
banded_sym_w6,three,all,47000.0,0.0001771092218550431,7.618729542970996e-05
banded_sym_w6,three,all,48000.0,0.0001666494084581141,7.164673723142589e-05
banded_sym_w6,three,all,49000.0,0.00015514642918648276,6.0617184471174446e-05
banded_sym_w6,three,all,50000.0,0.00015514642918648276,6.0617184471174446e-05
banded_sym_w6,three,all,51000.0,0.00011017767797465969,3.57418765424799e-05
banded_sym_w6,three,all,52000.0,9.971786457773069e-05,2.278030172454953e-05
banded_sym_w6,three,all,53000.0,8.821488530609935e-05,2.638087737703548e-05
banded_sym_w6,three,all,54000.0,8.821488530609935e-05,2.638087737703548e-05
banded_sym_w6,three,all,55000.0,7.6711906034468e-05,3.744640655920369e-05
banded_sym_w6,three,all,56000.0,5.3524090175276315e-05,5.2880501240764276e-05
banded_sym_w6,three,all,57000.0,5.3524090175276315e-05,5.2880501240764276e-05
banded_sym_w6,three,all,58000.0,5.3524090175276315e-05,5.2880501240764276e-05
banded_sym_w6,three,all,59000.0,4.3064276778347325e-05,3.884690571787405e-05
banded_sym_w6,three,all,60000.0,4.3064276778347325e-05,3.884690571787405e-05
banded_sym_w6,three,all,61000.0,4.3064276778347325e-05,3.884690571787405e-05
banded_sym_w6,three,all,62000.0,4.3064276778347325e-05,3.884690571787405e-05
banded_sym_w6,three,all,63000.0,4.3064276778347325e-05,3.884690571787405e-05
banded_sym_w6,three,all,64000.0,4.3064276778347325e-05,3.884690571787405e-05
banded_sym_w6,three,all,65000.0,4.3064276778347325e-05,3.884690571787405e-05
banded_sym_w6,three,all,66000.0,4.3064276778347325e-05,3.884690571787405e-05
banded_sym_w6,three,all,67000.0,4.3064276778347325e-05,3.884690571787405e-05
banded_sym_w6,three,all,68000.0,4.3064276778347325e-05,3.884690571787405e-05
banded_sym_w6,three,all,69000.0,4.3064276778347325e-05,3.884690571787405e-05
banded_sym_w6,three,all,70000.0,4.3064276778347325e-05,3.884690571787405e-05
banded_sym_w6,three,all,71000.0,4.3064276778347325e-05,3.884690571787405e-05
banded_sym_w6,three,all,72000.0,3.260446338141832e-05,2.5679710695929217e-05
banded_sym_w6,three,all,73000.0,3.260446338141832e-05,2.5679710695929217e-05
banded_sym_w6,three,all,74000.0,3.260446338141832e-05,2.5679710695929217e-05
banded_sym_w6,three,all,75000.0,3.260446338141832e-05,2.5679710695929217e-05
banded_sym_w6,three,all,76000.0,3.260446338141832e-05,2.5679710695929217e-05
banded_sym_w6,three,all,77000.0,3.260446338141832e-05,2.5679710695929217e-05
banded_sym_w6,three,all,78000.0,3.260446338141832e-05,2.5679710695929217e-05
banded_sym_w6,three,all,79000.0,2.0919626793857997e-05,2.958481993165757e-05
banded_sym_w6,three,all,80000.0,1.0459813396928999e-05,1.4792409965828785e-05
banded_sym_w6,three,all,81000.0,1.0459813396928999e-05,1.4792409965828785e-05
banded_sym_w6,three,all,82000.0,1.0459813396928999e-05,1.4792409965828785e-05
banded_sym_w6,three,all,83000.0,1.0459813396928999e-05,1.4792409965828785e-05
banded_sym_w6,three,all,84000.0,1.0459813396928999e-05,1.4792409965828785e-05
banded_sym_w6,three,all,85000.0,1.0459813396928999e-05,1.4792409965828785e-05
banded_sym_w6,three,all,86000.0,1.0459813396928999e-05,1.4792409965828785e-05
banded_sym_w6,three,all,87000.0,1.0459813396928999e-05,1.4792409965828785e-05
banded_sym_w6,three,all,88000.0,1.0459813396928999e-05,1.4792409965828785e-05
banded_sym_w6,three,all,89000.0,1.0459813396928999e-05,1.4792409965828785e-05
banded_sym_w6,three,all,90000.0,1.0459813396928999e-05,1.4792409965828785e-05
banded_sym_w6,three,all,91000.0,1.0459813396928999e-05,1.4792409965828785e-05
banded_sym_w6,three,all,92000.0,1.0459813396928999e-05,1.4792409965828785e-05
banded_sym_w6,three,all,93000.0,1.0459813396928999e-05,1.4792409965828785e-05
banded_sym_w6,three,all,94000.0,1.0459813396928999e-05,1.4792409965828785e-05
banded_sym_w6,three,all,95000.0,1.0459813396928999e-05,1.4792409965828785e-05
banded_sym_w6,three,all,96000.0,1.0459813396928999e-05,1.4792409965828785e-05
banded_sym_w6,three,all,97000.0,1.0459813396928999e-05,1.4792409965828785e-05
banded_sym_w6,three,all,98000.0,1.0459813396928999e-05,1.4792409965828785e-05
banded_sym_w6,three,all,99000.0,1.0459813396928999e-05,1.4792409965828785e-05
banded_sym_w6,three,all,100000.0,1.0459813396928999e-05,1.4792409965828785e-05
banded_sym_w6,three,all,101000.0,1.0459813396928999e-05,1.4792409965828785e-05
banded_sym_w6,three,all,102000.0,1.0459813396928999e-05,1.4792409965828785e-05
banded_sym_w6,three,all,103000.0,1.0459813396928999e-05,1.4792409965828785e-05
banded_sym_w6,three,all,104000.0,1.0459813396928999e-05,1.4792409965828785e-05
banded_sym_w6,three,all,105000.0,1.0459813396928999e-05,1.4792409965828785e-05
banded_sym_w6,three,all,106000.0,1.0459813396928999e-05,1.4792409965828785e-05
banded_sym_w6,three,all,107000.0,1.0459813396928999e-05,1.4792409965828785e-05
banded_sym_w6,three,all,108000.0,1.0459813396928999e-05,1.4792409965828785e-05
banded_sym_w6,three,all,109000.0,1.0459813396928999e-05,1.4792409965828785e-05
banded_sym_w6,three,all,110000.0,1.0459813396928999e-05,1.4792409965828785e-05
banded_sym_w6,three,all,111000.0,1.0459813396928999e-05,1.4792409965828785e-05
banded_sym_w6,three,all,112000.0,1.0459813396928999e-05,1.4792409965828785e-05
banded_sym_w6,three,all,113000.0,1.0459813396928999e-05,1.4792409965828785e-05
banded_sym_w6,three,all,114000.0,1.0459813396928999e-05,1.4792409965828785e-05
banded_sym_w6,three,all,115000.0,1.0459813396928999e-05,1.4792409965828785e-05
banded_sym_w6,three,all,116000.0,1.0459813396928999e-05,1.4792409965828785e-05
banded_sym_w6,three,all,117000.0,1.0459813396928999e-05,1.4792409965828785e-05
banded_sym_w6,three,all,118000.0,1.0459813396928999e-05,1.4792409965828785e-05
banded_sym_w6,three,all,119000.0,1.0459813396928999e-05,1.4792409965828785e-05
banded_sym_w6,three,all,120000.0,1.0459813396928999e-05,1.4792409965828785e-05
banded_sym_w6,three,all,121000.0,1.0459813396928999e-05,1.4792409965828785e-05
banded_sym_w6,three,all,122000.0,1.0459813396928999e-05,1.4792409965828785e-05
banded_sym_w6,three,all,123000.0,1.0459813396928999e-05,1.4792409965828785e-05
banded_sym_w6,three,all,124000.0,1.0459813396928999e-05,1.4792409965828785e-05
banded_sym_w6,three,all,125000.0,1.0459813396928999e-05,1.4792409965828785e-05
banded_sym_w6,three,all,126000.0,1.0459813396928999e-05,1.4792409965828785e-05
banded_sym_w6,three,all,127000.0,1.0459813396928999e-05,1.4792409965828785e-05
banded_sym_w6,three,all,128000.0,1.0459813396928999e-05,1.4792409965828785e-05
banded_sym_w6,three,all,129000.0,1.0459813396928999e-05,1.4792409965828785e-05
banded_sym_w6,three,all,130000.0,1.0459813396928999e-05,1.4792409965828785e-05
banded_sym_w6,three,all,131000.0,1.0459813396928999e-05,1.4792409965828785e-05
banded_sym_w6,three,all,132000.0,1.0459813396928999e-05,1.4792409965828785e-05
banded_sym_w6,three,all,133000.0,1.0459813396928999e-05,1.4792409965828785e-05
banded_sym_w6,three,all,134000.0,1.0459813396928999e-05,1.4792409965828785e-05
banded_sym_w6,three,all,135000.0,1.0459813396928999e-05,1.4792409965828785e-05
banded_sym_w6,three,all,136000.0,1.0459813396928999e-05,1.4792409965828785e-05
banded_sym_w6,three,all,137000.0,1.0459813396928999e-05,1.4792409965828785e-05
banded_sym_w6,three,all,138000.0,1.0459813396928999e-05,1.4792409965828785e-05
banded_sym_w6,three,all,139000.0,1.0459813396928999e-05,1.4792409965828785e-05
banded_sym_w6,three,all,140000.0,1.0459813396928999e-05,1.4792409965828785e-05
banded_sym_w6,three,all,141000.0,1.0459813396928999e-05,1.4792409965828785e-05
banded_sym_w6,three,all,142000.0,1.0459813396928999e-05,1.4792409965828785e-05
banded_sym_w6,three,all,143000.0,1.0459813396928999e-05,1.4792409965828785e-05
banded_sym_w6,three,all,144000.0,1.0459813396928999e-05,1.4792409965828785e-05
banded_sym_w6,three,all,145000.0,1.0459813396928999e-05,1.4792409965828785e-05
banded_sym_w6,three,all,146000.0,1.0459813396928999e-05,1.4792409965828785e-05
banded_sym_w6,three,all,147000.0,1.0459813396928999e-05,1.4792409965828785e-05
banded_sym_w6,three,all,148000.0,1.0459813396928999e-05,1.4792409965828785e-05
banded_sym_w6,three,all,149000.0,1.0459813396928999e-05,1.4792409965828785e-05
banded_sym_w6,three,all,150000.0,1.0459813396928999e-05,1.4792409965828785e-05
banded_sym_w6,three,all,151000.0,1.0459813396928999e-05,1.4792409965828785e-05
banded_sym_w6,triplet,all,0.0,1.0,0.0
banded_sym_w6,triplet,all,1000.0,0.36321758698360695,0.004706360156997214
banded_sym_w6,triplet,all,2000.0,0.17735233738578926,0.004325866266817849
banded_sym_w6,triplet,all,3000.0,0.09844702775467236,0.0033761219824030375
banded_sym_w6,triplet,all,4000.0,0.05887897921528806,0.003402932367247705
banded_sym_w6,triplet,all,5000.0,0.03771618282256842,0.0024801102314252785
banded_sym_w6,triplet,all,6000.0,0.025183056704460884,0.0015191959939888239
banded_sym_w6,triplet,all,7000.0,0.017378771542331885,0.0012928995480893666
banded_sym_w6,triplet,all,8000.0,0.012262016472668136,0.0011523300166561808
banded_sym_w6,triplet,all,9000.0,0.009211554879915103,0.0008581069672547598
banded_sym_w6,triplet,all,10000.0,0.006978664805144176,0.000743106743902305
banded_sym_w6,triplet,all,11000.0,0.005027111174368244,0.0004493700377655795
banded_sym_w6,triplet,all,12000.0,0.003955679429493035,0.0003611578727640384
banded_sym_w6,triplet,all,13000.0,0.0029812627818475873,0.00038411383367707816
banded_sym_w6,triplet,all,14000.0,0.002397245338870676,0.00027735190716487307
banded_sym_w6,triplet,all,15000.0,0.0017774931903477374,0.0002134227677327527
banded_sym_w6,triplet,all,16000.0,0.0015035242769211553,0.00023504836241213214
banded_sym_w6,triplet,all,17000.0,0.0012428096289656494,0.00015176273658640095
banded_sym_w6,triplet,all,18000.0,0.0009776208262103545,0.00024639158687752503
banded_sym_w6,triplet,all,19000.0,0.0008884900404208624,0.00026019151895981973
banded_sym_w6,triplet,all,20000.0,0.0007537426611074659,0.00018265214494327852
banded_sym_w6,triplet,all,21000.0,0.0006640609866646781,0.0002181167947660607
banded_sym_w6,triplet,all,22000.0,0.000542706805324506,0.00023277223229578616
banded_sym_w6,triplet,all,23000.0,0.00043811819945075597,0.00023840128422072715
banded_sym_w6,triplet,all,24000.0,0.0003716738318117877,0.00018043805921901557
banded_sym_w6,triplet,all,25000.0,0.000271353402662253,0.00011638611614789308
banded_sym_w6,triplet,all,26000.0,0.00021850821107208252,0.00011895378982721383
banded_sym_w6,triplet,all,27000.0,0.00015261473208640967,6.189779605702029e-05
banded_sym_w6,triplet,all,28000.0,0.00015261473208640967,6.189779605702029e-05
banded_sym_w6,triplet,all,29000.0,8.190218772322607e-05,8.093910546082388e-05
banded_sym_w6,triplet,all,30000.0,8.190218772322607e-05,8.093910546082388e-05
banded_sym_w6,triplet,all,31000.0,4.8026126212659685e-05,6.791919903818533e-05
banded_sym_w6,triplet,all,32000.0,4.8026126212659685e-05,6.791919903818533e-05
banded_sym_w6,triplet,all,33000.0,3.2017417475106455e-05,4.527946602545689e-05
banded_sym_w6,triplet,all,34000.0,3.2017417475106455e-05,4.527946602545689e-05
banded_sym_w6,triplet,all,35000.0,3.2017417475106455e-05,4.527946602545689e-05
banded_sym_w6,triplet,all,36000.0,3.2017417475106455e-05,4.527946602545689e-05
banded_sym_w6,triplet,all,37000.0,1.6008708737553227e-05,2.2639733012728445e-05
banded_sym_w6,triplet,all,38000.0,1.6008708737553227e-05,2.2639733012728445e-05
banded_sym_w6,triplet,all,39000.0,1.6008708737553227e-05,2.2639733012728445e-05
banded_sym_w6,triplet,all,40000.0,1.6008708737553227e-05,2.2639733012728445e-05
banded_sym_w6,triplet,all,41000.0,1.6008708737553227e-05,2.2639733012728445e-05
banded_sym_w6,triplet,all,42000.0,1.6008708737553227e-05,2.2639733012728445e-05
banded_sym_w6,triplet,all,43000.0,1.6008708737553227e-05,2.2639733012728445e-05
banded_sym_w6,triplet,all,44000.0,1.6008708737553227e-05,2.2639733012728445e-05
banded_sym_w6,triplet,all,45000.0,1.6008708737553227e-05,2.2639733012728445e-05
banded_sym_w6,triplet,all,46000.0,1.6008708737553227e-05,2.2639733012728445e-05
banded_sym_w6,triplet,all,47000.0,1.6008708737553227e-05,2.2639733012728445e-05
banded_sym_w6,triplet,all,48000.0,1.6008708737553227e-05,2.2639733012728445e-05
banded_sym_w6,triplet,all,49000.0,1.6008708737553227e-05,2.2639733012728445e-05
banded_sym_w6,triplet,all,50000.0,1.6008708737553227e-05,2.2639733012728445e-05
banded_sym_w6,triplet,all,51000.0,1.6008708737553227e-05,2.2639733012728445e-05
banded_sym_w6,triplet,all,52000.0,1.6008708737553227e-05,2.2639733012728445e-05
banded_sym_w6,triplet,all,53000.0,1.6008708737553227e-05,2.2639733012728445e-05
banded_sym_w6,triplet,all,54000.0,1.6008708737553227e-05,2.2639733012728445e-05
banded_sym_w8,one,all,0.0,1.0,0.0
banded_sym_w8,one,all,1000.0,0.5277060154250124,0.0007634926525573105
banded_sym_w8,one,all,2000.0,0.3408201962894037,0.003944291033366038
banded_sym_w8,one,all,3000.0,0.24032477262844276,0.003619679825591133
banded_sym_w8,one,all,4000.0,0.17962297863939114,0.0029522697444359894
banded_sym_w8,one,all,5000.0,0.13862160359500364,0.0031007681714201912
banded_sym_w8,one,all,6000.0,0.10908588160745865,0.0033285646963533244
banded_sym_w8,one,all,7000.0,0.08759531406115097,0.00307749894403719
banded_sym_w8,one,all,8000.0,0.07119141335944514,0.002996035456321282
banded_sym_w8,one,all,9000.0,0.05877522316747614,0.0029140788225397803
banded_sym_w8,one,all,10000.0,0.04928289745609846,0.00252540406798249
banded_sym_w8,one,all,11000.0,0.04201460399695719,0.0019795801376321746
banded_sym_w8,one,all,12000.0,0.0359442457211345,0.001766064331347717
banded_sym_w8,one,all,13000.0,0.031127764860587482,0.0018092703462501453
banded_sym_w8,one,all,14000.0,0.02712157673556544,0.001428666208186541
banded_sym_w8,one,all,15000.0,0.023804931406175196,0.0010909587600942817
banded_sym_w8,one,all,16000.0,0.020821987082108903,0.0010503313649572702
banded_sym_w8,one,all,17000.0,0.018519367699464256,0.0011440475149473446
banded_sym_w8,one,all,18000.0,0.01643903453908654,0.0009758472801289976
banded_sym_w8,one,all,19000.0,0.014728007910386318,0.0007307382529438808
banded_sym_w8,one,all,20000.0,0.013115051970853877,0.0006253250078523104
banded_sym_w8,one,all,21000.0,0.011774454253545915,0.0006405386943230255
banded_sym_w8,one,all,22000.0,0.010467652435232422,0.0006835348667389857
banded_sym_w8,one,all,23000.0,0.009395319517989149,0.0005356071920054589
banded_sym_w8,one,all,24000.0,0.008557600545839586,0.0005863814243715288
banded_sym_w8,one,all,25000.0,0.007808950637192255,0.0006682654783745461
banded_sym_w8,one,all,26000.0,0.007063981212052983,0.0006367727114908898
banded_sym_w8,one,all,27000.0,0.0064701931616383225,0.000625334275227656
banded_sym_w8,one,all,28000.0,0.005894167737467073,0.0005097252356255041
banded_sym_w8,one,all,29000.0,0.005390637435181156,0.000496120716597952
banded_sym_w8,one,all,30000.0,0.004924199852898491,0.0004090049986803554
banded_sym_w8,one,all,31000.0,0.00453757578277924,0.0004034632908536496
banded_sym_w8,one,all,32000.0,0.0042468599228768335,0.0004126112518846797
banded_sym_w8,one,all,33000.0,0.0039006985849026165,0.00043439691779091654
banded_sym_w8,one,all,34000.0,0.0036486477921292538,0.00033653623880819546
banded_sym_w8,one,all,35000.0,0.0033374898863403543,0.00034562761379072456
banded_sym_w8,one,all,36000.0,0.0031247898735853705,0.00030858217844215836
banded_sym_w8,one,all,37000.0,0.002931554571025601,0.0003023362150020935
banded_sym_w8,one,all,38000.0,0.002720829416460025,0.00020894782802234867
banded_sym_w8,one,all,39000.0,0.0025808924202186108,0.0002588294226723135
banded_sym_w8,one,all,40000.0,0.0024082526285450455,0.0002603051509285863
banded_sym_w8,one,all,41000.0,0.0022085228063987595,0.00024045269433955508
banded_sym_w8,one,all,42000.0,0.002042377534311711,0.00025493175984368864
banded_sym_w8,one,all,43000.0,0.0019234197114557823,0.00029563371206965054
banded_sym_w8,one,all,44000.0,0.001834006020825454,0.0002819425585260294
banded_sym_w8,one,all,45000.0,0.0017248018414361514,0.0002456385768329044
banded_sym_w8,one,all,46000.0,0.0016007872296841211,0.00023708164964558886
banded_sym_w8,one,all,47000.0,0.0014484171703330016,0.00024870672622561406
banded_sym_w8,one,all,48000.0,0.0013647885582261498,0.00027161710545967857
banded_sym_w8,one,all,49000.0,0.0013041328262585257,0.0002300877317708941
banded_sym_w8,one,all,50000.0,0.0011964431100594947,0.00015420963220172794
banded_sym_w8,one,all,51000.0,0.0011483739062012881,0.00014701276218215655
banded_sym_w8,one,all,52000.0,0.0011008606784064093,0.00012326993388445766
banded_sym_w8,one,all,53000.0,0.0010112935227763688,0.00011757664013096302
banded_sym_w8,one,all,54000.0,0.0009692395949412068,0.0001356474549195359
banded_sym_w8,one,all,55000.0,0.0008999421716336117,0.00013906905913290188
banded_sym_w8,one,all,56000.0,0.0008162368270269036,0.00017419650956297848
banded_sym_w8,one,all,57000.0,0.0007757740948818689,0.00015191922475741974
banded_sym_w8,one,all,58000.0,0.0007349088516732188,0.00012653833164966572
banded_sym_w8,one,all,59000.0,0.0007071093801374575,0.00012732485061197574
banded_sym_w8,one,all,60000.0,0.0007071093801374575,0.00012732485061197574
banded_sym_w8,one,all,61000.0,0.0006519129481295507,0.00012923225805126735
banded_sym_w8,one,all,62000.0,0.0006311639722436336,0.00012990749272224364
banded_sym_w8,one,all,63000.0,0.0005977517357484432,0.0001095560219232934
banded_sym_w8,one,all,64000.0,0.0005627483035631256,0.0001296067809425763
banded_sym_w8,one,all,65000.0,0.0005425553037405363,0.00011401314917243093
banded_sym_w8,one,all,66000.0,0.0005086638236818742,0.00010298908624313003
banded_sym_w8,one,all,67000.0,0.0004944093673824736,0.0001230931260531184
banded_sym_w8,one,all,68000.0,0.0004802316435829291,0.00012902297410439191
banded_sym_w8,one,all,69000.0,0.0004589266916336843,0.0001453468534127923
banded_sym_w8,one,all,70000.0,0.00042503521157502224,0.00013461105546653024
banded_sym_w8,one,all,71000.0,0.0004109342202753339,0.00012723330931954248
banded_sym_w8,one,all,72000.0,0.0003907412204527446,0.00011176511316603801
banded_sym_w8,one,all,73000.0,0.0003765634966532002,0.00011855620070382019
banded_sym_w8,one,all,74000.0,0.00034979924474423836,9.702785773382389e-05
banded_sym_w8,one,all,75000.0,0.0003356215209446938,0.00010353215677945475
banded_sym_w8,one,all,76000.0,0.0003356215209446938,0.00010353215677945475
banded_sym_w8,one,all,77000.0,0.00032857102529484965,0.00010090737242608638
banded_sym_w8,one,all,78000.0,0.0003143165689954491,0.0001202903252251744
banded_sym_w8,one,all,79000.0,0.00030069482125923234,0.00011115600878956646
banded_sym_w8,one,all,80000.0,0.0002800225778731714,0.00010050559765515533
banded_sym_w8,one,all,81000.0,0.00026632409763709857,0.00010272379479825244
banded_sym_w8,one,all,82000.0,0.0002460543653146532,9.96717927654954e-05
banded_sym_w8,one,all,83000.0,0.0002263406090555356,8.48501496444939e-05
banded_sym_w8,one,all,84000.0,0.0002192901134056914,7.946695390699583e-05
banded_sym_w8,one,all,85000.0,0.00020518912210600306,7.171058755362028e-05
banded_sym_w8,one,all,86000.0,0.000192046617933258,6.022283219029688e-05
banded_sym_w8,one,all,87000.0,0.00018499612228341377,5.615540860406869e-05
banded_sym_w8,one,all,88000.0,0.00018499612228341377,5.615540860406869e-05
banded_sym_w8,one,all,89000.0,0.00018499612228341377,5.615540860406869e-05
banded_sym_w8,one,all,90000.0,0.00018499612228341377,5.615540860406869e-05
banded_sym_w8,one,all,91000.0,0.00017842487019704124,5.061667161870145e-05
banded_sym_w8,one,all,92000.0,0.00017842487019704124,5.061667161870145e-05
banded_sym_w8,one,all,93000.0,0.00017137437454719707,4.684938240105839e-05
banded_sym_w8,one,all,94000.0,0.00017137437454719707,4.684938240105839e-05
banded_sym_w8,one,all,95000.0,0.00015719665074765259,5.428204723984986e-05
banded_sym_w8,one,all,96000.0,0.00015006942259795228,6.379460053084804e-05
banded_sym_w8,one,all,97000.0,0.00013637094236187945,6.716518977663001e-05
banded_sym_w8,one,all,98000.0,0.00012979969027550691,6.163521611683443e-05
banded_sym_w8,one,all,99000.0,0.00012322843818913436,5.709082614341531e-05
banded_sym_w8,one,all,100000.0,9.542896665337317e-05,5.255462210242151e-05
banded_sym_w8,one,all,101000.0,9.542896665337317e-05,5.255462210242151e-05
banded_sym_w8,one,all,102000.0,9.542896665337317e-05,5.255462210242151e-05
banded_sym_w8,one,all,103000.0,9.542896665337317e-05,5.255462210242151e-05
banded_sym_w8,one,all,104000.0,9.542896665337317e-05,5.255462210242151e-05
banded_sym_w8,one,all,105000.0,9.542896665337317e-05,5.255462210242151e-05
banded_sym_w8,one,all,106000.0,9.542896665337317e-05,5.255462210242151e-05
banded_sym_w8,one,all,107000.0,8.830173850367287e-05,6.260261028738559e-05
banded_sym_w8,one,all,108000.0,8.830173850367287e-05,6.260261028738559e-05
banded_sym_w8,one,all,109000.0,8.125124285382869e-05,5.8941549337406154e-05
banded_sym_w8,one,all,110000.0,8.125124285382869e-05,5.8941549337406154e-05
banded_sym_w8,one,all,111000.0,8.125124285382869e-05,5.8941549337406154e-05
banded_sym_w8,one,all,112000.0,8.125124285382869e-05,5.8941549337406154e-05
banded_sym_w8,one,all,113000.0,8.125124285382869e-05,5.8941549337406154e-05
banded_sym_w8,one,all,114000.0,7.42007472039845e-05,5.681517066266174e-05
banded_sym_w8,one,all,115000.0,7.42007472039845e-05,5.681517066266174e-05
banded_sym_w8,one,all,116000.0,7.42007472039845e-05,5.681517066266174e-05
banded_sym_w8,one,all,117000.0,6.762949511761195e-05,4.9758346916576026e-05
banded_sym_w8,one,all,118000.0,6.105824303123942e-05,4.3549373982227394e-05
banded_sym_w8,one,all,119000.0,6.105824303123942e-05,4.3549373982227394e-05
banded_sym_w8,one,all,120000.0,4.038599964517852e-05,3.222095421815999e-05
banded_sym_w8,one,all,121000.0,4.038599964517852e-05,3.222095421815999e-05
banded_sym_w8,one,all,122000.0,4.038599964517852e-05,3.222095421815999e-05
banded_sym_w8,one,all,123000.0,4.038599964517852e-05,3.222095421815999e-05
banded_sym_w8,one,all,124000.0,2.724349547243344e-05,1.9299794536134957e-05
banded_sym_w8,one,all,125000.0,2.724349547243344e-05,1.9299794536134957e-05
banded_sym_w8,one,all,126000.0,2.724349547243344e-05,1.9299794536134957e-05
banded_sym_w8,one,all,127000.0,2.724349547243344e-05,1.9299794536134957e-05
banded_sym_w8,one,all,128000.0,2.724349547243344e-05,1.9299794536134957e-05
banded_sym_w8,one,all,129000.0,2.724349547243344e-05,1.9299794536134957e-05
banded_sym_w8,one,all,130000.0,2.724349547243344e-05,1.9299794536134957e-05
banded_sym_w8,one,all,131000.0,2.724349547243344e-05,1.9299794536134957e-05
banded_sym_w8,one,all,132000.0,2.724349547243344e-05,1.9299794536134957e-05
banded_sym_w8,one,all,133000.0,2.724349547243344e-05,1.9299794536134957e-05
banded_sym_w8,one,all,134000.0,2.724349547243344e-05,1.9299794536134957e-05
banded_sym_w8,one,all,135000.0,2.724349547243344e-05,1.9299794536134957e-05
banded_sym_w8,one,all,136000.0,2.724349547243344e-05,1.9299794536134957e-05
banded_sym_w8,one,all,137000.0,2.724349547243344e-05,1.9299794536134957e-05
banded_sym_w8,one,all,138000.0,2.724349547243344e-05,1.9299794536134957e-05
banded_sym_w8,one,all,139000.0,2.019299982258926e-05,1.6110477109079996e-05
banded_sym_w8,one,all,140000.0,2.019299982258926e-05,1.6110477109079996e-05
banded_sym_w8,one,all,141000.0,2.019299982258926e-05,1.6110477109079996e-05
banded_sym_w8,one,all,142000.0,2.019299982258926e-05,1.6110477109079996e-05
banded_sym_w8,one,all,143000.0,2.019299982258926e-05,1.6110477109079996e-05
banded_sym_w8,one,all,144000.0,1.3142504172745074e-05,1.8586307644641076e-05
banded_sym_w8,one,all,145000.0,6.571252086372537e-06,9.293153822320538e-06
banded_sym_w8,one,all,146000.0,6.571252086372537e-06,9.293153822320538e-06
banded_sym_w8,one,all,147000.0,6.571252086372537e-06,9.293153822320538e-06
banded_sym_w8,one,all,148000.0,6.571252086372537e-06,9.293153822320538e-06
banded_sym_w8,one,all,149000.0,6.571252086372537e-06,9.293153822320538e-06
banded_sym_w8,one,all,150000.0,6.571252086372537e-06,9.293153822320538e-06
banded_sym_w8,one,all,151000.0,6.571252086372537e-06,9.293153822320538e-06
banded_sym_w8,one,all,152000.0,6.571252086372537e-06,9.293153822320538e-06
banded_sym_w8,one,all,153000.0,6.571252086372537e-06,9.293153822320538e-06
banded_sym_w8,one,all,154000.0,6.571252086372537e-06,9.293153822320538e-06
banded_sym_w8,one,all,155000.0,6.571252086372537e-06,9.293153822320538e-06
banded_sym_w8,one,all,156000.0,6.571252086372537e-06,9.293153822320538e-06
banded_sym_w8,one,all,157000.0,6.571252086372537e-06,9.293153822320538e-06
banded_sym_w8,one,all,158000.0,6.571252086372537e-06,9.293153822320538e-06
banded_sym_w8,one,all,159000.0,6.571252086372537e-06,9.293153822320538e-06
banded_sym_w8,one,all,160000.0,6.571252086372537e-06,9.293153822320538e-06
banded_sym_w8,one,all,161000.0,6.571252086372537e-06,9.293153822320538e-06
banded_sym_w8,one,all,162000.0,6.571252086372537e-06,9.293153822320538e-06
banded_sym_w8,one,all,163000.0,6.571252086372537e-06,9.293153822320538e-06
banded_sym_w8,one,all,164000.0,6.571252086372537e-06,9.293153822320538e-06
banded_sym_w8,one,all,165000.0,6.571252086372537e-06,9.293153822320538e-06
banded_sym_w8,one,all,166000.0,6.571252086372537e-06,9.293153822320538e-06
banded_sym_w8,one,all,167000.0,6.571252086372537e-06,9.293153822320538e-06
banded_sym_w8,one,all,168000.0,6.571252086372537e-06,9.293153822320538e-06
banded_sym_w8,one,all,169000.0,6.571252086372537e-06,9.293153822320538e-06
banded_sym_w8,one,all,170000.0,6.571252086372537e-06,9.293153822320538e-06
banded_sym_w8,one,all,171000.0,6.571252086372537e-06,9.293153822320538e-06
banded_sym_w8,one,all,172000.0,6.571252086372537e-06,9.293153822320538e-06
banded_sym_w8,one,all,173000.0,6.571252086372537e-06,9.293153822320538e-06
banded_sym_w8,one,all,174000.0,6.571252086372537e-06,9.293153822320538e-06
banded_sym_w8,one,all,175000.0,6.571252086372537e-06,9.293153822320538e-06
banded_sym_w8,one,all,176000.0,6.571252086372537e-06,9.293153822320538e-06
banded_sym_w8,one,all,177000.0,6.571252086372537e-06,9.293153822320538e-06
banded_sym_w8,one,all,178000.0,6.571252086372537e-06,9.293153822320538e-06
banded_sym_w8,one,all,179000.0,6.571252086372537e-06,9.293153822320538e-06
banded_sym_w8,one,all,180000.0,6.571252086372537e-06,9.293153822320538e-06
banded_sym_w8,one,all,181000.0,6.571252086372537e-06,9.293153822320538e-06
banded_sym_w8,one,all,182000.0,6.571252086372537e-06,9.293153822320538e-06
banded_sym_w8,one,all,183000.0,6.571252086372537e-06,9.293153822320538e-06
banded_sym_w8,one,all,184000.0,6.571252086372537e-06,9.293153822320538e-06
banded_sym_w8,one,all,185000.0,6.571252086372537e-06,9.293153822320538e-06
banded_sym_w8,one,all,186000.0,6.571252086372537e-06,9.293153822320538e-06
banded_sym_w8,one,all,187000.0,6.571252086372537e-06,9.293153822320538e-06
banded_sym_w8,one,all,188000.0,6.571252086372537e-06,9.293153822320538e-06
banded_sym_w8,one,all,189000.0,6.571252086372537e-06,9.293153822320538e-06
banded_sym_w8,one,all,190000.0,6.571252086372537e-06,9.293153822320538e-06
banded_sym_w8,one,all,191000.0,6.571252086372537e-06,9.293153822320538e-06
banded_sym_w8,one,all,192000.0,6.571252086372537e-06,9.293153822320538e-06
banded_sym_w8,one,all,193000.0,6.571252086372537e-06,9.293153822320538e-06
banded_sym_w8,one,all,194000.0,6.571252086372537e-06,9.293153822320538e-06
banded_sym_w8,one,all,195000.0,6.571252086372537e-06,9.293153822320538e-06
banded_sym_w8,one,all,196000.0,6.571252086372537e-06,9.293153822320538e-06
banded_sym_w8,one,all,197000.0,6.571252086372537e-06,9.293153822320538e-06
banded_sym_w8,one,all,198000.0,6.571252086372537e-06,9.293153822320538e-06
banded_sym_w8,one,all,199000.0,6.571252086372537e-06,9.293153822320538e-06
banded_sym_w8,one,all,200000.0,6.571252086372537e-06,9.293153822320538e-06
banded_sym_w8,one,all,201000.0,6.571252086372537e-06,9.293153822320538e-06
banded_sym_w8,one,all,202000.0,6.571252086372537e-06,9.293153822320538e-06
banded_sym_w8,one,all,203000.0,6.571252086372537e-06,9.293153822320538e-06
banded_sym_w8,one,all,204000.0,6.571252086372537e-06,9.293153822320538e-06
banded_sym_w8,one,all,205000.0,6.571252086372537e-06,9.293153822320538e-06
banded_sym_w8,one,all,206000.0,6.571252086372537e-06,9.293153822320538e-06
banded_sym_w8,one,all,207000.0,6.571252086372537e-06,9.293153822320538e-06
banded_sym_w8,one,all,208000.0,6.571252086372537e-06,9.293153822320538e-06
banded_sym_w8,one,all,209000.0,6.571252086372537e-06,9.293153822320538e-06
banded_sym_w8,one,all,210000.0,6.571252086372537e-06,9.293153822320538e-06
banded_sym_w8,one,all,211000.0,6.571252086372537e-06,9.293153822320538e-06
banded_sym_w8,one,all,212000.0,6.571252086372537e-06,9.293153822320538e-06
banded_sym_w8,one,all,213000.0,6.571252086372537e-06,9.293153822320538e-06
banded_sym_w8,one,all,214000.0,6.571252086372537e-06,9.293153822320538e-06
banded_sym_w8,one,all,215000.0,6.571252086372537e-06,9.293153822320538e-06
banded_sym_w8,one,all,216000.0,6.571252086372537e-06,9.293153822320538e-06
banded_sym_w8,one,all,217000.0,6.571252086372537e-06,9.293153822320538e-06
banded_sym_w8,one,all,218000.0,6.571252086372537e-06,9.293153822320538e-06
banded_sym_w8,one,all,219000.0,6.571252086372537e-06,9.293153822320538e-06
banded_sym_w8,one,all,220000.0,6.571252086372537e-06,9.293153822320538e-06
banded_sym_w8,one,all,221000.0,6.571252086372537e-06,9.293153822320538e-06
banded_sym_w8,one,all,222000.0,6.571252086372537e-06,9.293153822320538e-06
banded_sym_w8,one,all,223000.0,6.571252086372537e-06,9.293153822320538e-06
banded_sym_w8,one,all,224000.0,6.571252086372537e-06,9.293153822320538e-06
banded_sym_w8,one,all,225000.0,6.571252086372537e-06,9.293153822320538e-06
banded_sym_w8,one,all,226000.0,6.571252086372537e-06,9.293153822320538e-06
banded_sym_w8,one,all,227000.0,6.571252086372537e-06,9.293153822320538e-06
banded_sym_w8,one,all,228000.0,6.571252086372537e-06,9.293153822320538e-06
banded_sym_w8,one,all,229000.0,6.571252086372537e-06,9.293153822320538e-06
banded_sym_w8,one,all,230000.0,6.571252086372537e-06,9.293153822320538e-06
banded_sym_w8,one,all,231000.0,6.571252086372537e-06,9.293153822320538e-06
banded_sym_w8,one,all,232000.0,6.571252086372537e-06,9.293153822320538e-06
banded_sym_w8,one,all,233000.0,6.571252086372537e-06,9.293153822320538e-06
banded_sym_w8,one,all,234000.0,6.571252086372537e-06,9.293153822320538e-06
banded_sym_w8,one,all,235000.0,6.571252086372537e-06,9.293153822320538e-06
banded_sym_w8,one,all,236000.0,6.571252086372537e-06,9.293153822320538e-06
banded_sym_w8,one,all,237000.0,6.571252086372537e-06,9.293153822320538e-06
banded_sym_w8,one,all,238000.0,6.571252086372537e-06,9.293153822320538e-06
banded_sym_w8,one,all,239000.0,6.571252086372537e-06,9.293153822320538e-06
banded_sym_w8,one,all,240000.0,6.571252086372537e-06,9.293153822320538e-06
banded_sym_w8,one,all,241000.0,6.571252086372537e-06,9.293153822320538e-06
banded_sym_w8,one,all,242000.0,6.571252086372537e-06,9.293153822320538e-06
banded_sym_w8,one,all,243000.0,6.571252086372537e-06,9.293153822320538e-06
banded_sym_w8,one,all,244000.0,6.571252086372537e-06,9.293153822320538e-06
banded_sym_w8,one,all,245000.0,6.571252086372537e-06,9.293153822320538e-06
banded_sym_w8,one,all,246000.0,6.571252086372537e-06,9.293153822320538e-06
banded_sym_w8,one,all,247000.0,6.571252086372537e-06,9.293153822320538e-06
banded_sym_w8,one,all,248000.0,6.571252086372537e-06,9.293153822320538e-06
banded_sym_w8,one,all,249000.0,6.571252086372537e-06,9.293153822320538e-06
banded_sym_w8,one,all,250000.0,6.571252086372537e-06,9.293153822320538e-06
banded_sym_w8,one,all,251000.0,6.571252086372537e-06,9.293153822320538e-06
banded_sym_w8,one,all,252000.0,6.571252086372537e-06,9.293153822320538e-06
banded_sym_w8,one,all,253000.0,6.571252086372537e-06,9.293153822320538e-06
banded_sym_w8,one,all,254000.0,6.571252086372537e-06,9.293153822320538e-06
banded_sym_w8,one,all,255000.0,6.571252086372537e-06,9.293153822320538e-06
banded_sym_w8,one,all,256000.0,6.571252086372537e-06,9.293153822320538e-06
banded_sym_w8,one,all,257000.0,6.571252086372537e-06,9.293153822320538e-06
banded_sym_w8,one,all,258000.0,6.571252086372537e-06,9.293153822320538e-06
banded_sym_w8,one,all,259000.0,6.571252086372537e-06,9.293153822320538e-06
banded_sym_w8,three,all,0.0,1.0,0.0
banded_sym_w8,three,all,1000.0,0.4641185272712412,0.0037722349865706457
banded_sym_w8,three,all,2000.0,0.26750041712041434,0.0031430006220860055
banded_sym_w8,three,all,3000.0,0.17263765509765147,0.003015511276355673
banded_sym_w8,three,all,4000.0,0.11910015186178373,0.0028098209987895708
banded_sym_w8,three,all,5000.0,0.08594837858665046,0.003285983325813383
banded_sym_w8,three,all,6000.0,0.06347584939730112,0.0030044313912801052
banded_sym_w8,three,all,7000.0,0.04815213789048381,0.0029179167961634867
banded_sym_w8,three,all,8000.0,0.03751015878207956,0.0021741153499228037
banded_sym_w8,three,all,9000.0,0.029563948318586036,0.001448751986111257
banded_sym_w8,three,all,10000.0,0.023547984760994595,0.0009904914117244597
banded_sym_w8,three,all,11000.0,0.019189947136095724,0.000869653396289079
banded_sym_w8,three,all,12000.0,0.01590394920288201,0.0008766273458897807
banded_sym_w8,three,all,13000.0,0.013135610917825754,0.0008979022542418179
banded_sym_w8,three,all,14000.0,0.010849687566176137,0.0008525777370190956
banded_sym_w8,three,all,15000.0,0.009139425890981554,0.0008328821609635771
banded_sym_w8,three,all,16000.0,0.007853059103021085,0.0009241717727399881
banded_sym_w8,three,all,17000.0,0.006699806207501287,0.0006546471026460661
banded_sym_w8,three,all,18000.0,0.005611507991887523,0.0005960713875429256
banded_sym_w8,three,all,19000.0,0.0049334982747942105,0.0006127921940923489
banded_sym_w8,three,all,20000.0,0.004319043412406079,0.0005125500393441501
banded_sym_w8,three,all,21000.0,0.0037933238246644885,0.0005703686444552142
banded_sym_w8,three,all,22000.0,0.0033309807450731693,0.00047424120782053517
banded_sym_w8,three,all,23000.0,0.002929797092313172,0.0005202749204676787
banded_sym_w8,three,all,24000.0,0.002630261567591025,0.0004185110939440306
banded_sym_w8,three,all,25000.0,0.0023083615760559405,0.00036234648168815154
banded_sym_w8,three,all,26000.0,0.002099860316256027,0.0003489815909718287
banded_sym_w8,three,all,27000.0,0.0019309567439511636,0.0002868103327537157
banded_sym_w8,three,all,28000.0,0.0017817637291590131,0.00021276623429916774
banded_sym_w8,three,all,29000.0,0.0016780878468279795,0.00018213173234921974
banded_sym_w8,three,all,30000.0,0.0015153685781936195,0.00018340627286655598
banded_sym_w8,three,all,31000.0,0.001336565584014994,0.00013567840267911452
banded_sym_w8,three,all,32000.0,0.0011834808785499598,0.00015130280591277214
banded_sym_w8,three,all,33000.0,0.0010618637115730302,0.00010638175352303742
banded_sym_w8,three,all,34000.0,0.0009975206580326095,6.149715171961598e-05
banded_sym_w8,three,all,35000.0,0.0008928718530333548,5.4545479756107624e-05
banded_sym_w8,three,all,36000.0,0.0007579050046838407,9.704032567055683e-05
banded_sym_w8,three,all,37000.0,0.0006630673353235361,8.900618956884151e-05
banded_sym_w8,three,all,38000.0,0.0005395043230101647,7.427944291727025e-05
banded_sym_w8,three,all,39000.0,0.0004912449950140099,9.591764026375758e-05
banded_sym_w8,three,all,40000.0,0.00046251965206094327,9.055687875734761e-05
banded_sym_w8,three,all,41000.0,0.0004329096726744679,0.00011048547014189423
banded_sym_w8,three,all,42000.0,0.0004230102508007054,0.00011797563874850786
banded_sym_w8,three,all,43000.0,0.00040427261595621356,0.00011179767060920968
banded_sym_w8,three,all,44000.0,0.0003756355592379592,0.00011311000443819778
banded_sym_w8,three,all,45000.0,0.0003361261579777213,0.0001429498020693657
banded_sym_w8,three,all,46000.0,0.0003271996587721797,0.00013051047423145589
banded_sym_w8,three,all,47000.0,0.0002796483947398089,0.0001377538503701034
banded_sym_w8,three,all,48000.0,0.0002707218955342673,0.00012649287265331264
banded_sym_w8,three,all,49000.0,0.0002510996242563669,0.0001303800810307345
banded_sym_w8,three,all,50000.0,0.0002421731250508253,0.00011828652604671068
banded_sym_w8,three,all,51000.0,0.0002127397181339747,0.00013361046815012974
banded_sym_w8,three,all,52000.0,0.00019488671972289155,0.00010836267877591979
banded_sym_w8,three,all,53000.0,0.0001653650265712286,0.000129824652011388
banded_sym_w8,three,all,54000.0,0.000156438527365687,0.0001172639771346949
banded_sym_w8,three,all,55000.0,0.000156438527365687,0.0001172639771346949
banded_sym_w8,three,all,56000.0,0.00012868610708084127,9.83650623741267e-05
banded_sym_w8,three,all,57000.0,0.00012868610708084127,9.83650623741267e-05
banded_sym_w8,three,all,58000.0,0.00012868610708084127,9.83650623741267e-05
banded_sym_w8,three,all,59000.0,0.00012868610708084127,9.83650623741267e-05
banded_sym_w8,three,all,60000.0,0.0001187866852070787,0.00010603554162680273
banded_sym_w8,three,all,61000.0,0.0001187866852070787,0.00010603554162680273
banded_sym_w8,three,all,62000.0,0.0001187866852070787,0.00010603554162680273
banded_sym_w8,three,all,63000.0,0.00010986018600153712,9.350217153890187e-05
banded_sym_w8,three,all,64000.0,0.00010986018600153712,9.350217153890187e-05
banded_sym_w8,three,all,65000.0,0.00010004905036258692,9.967837593778404e-05
banded_sym_w8,three,all,66000.0,0.00010004905036258692,9.967837593778404e-05
banded_sym_w8,three,all,67000.0,0.00010004905036258692,9.967837593778404e-05
banded_sym_w8,three,all,68000.0,0.00010004905036258692,9.967837593778404e-05
banded_sym_w8,three,all,69000.0,9.112255115704536e-05,8.705440820135454e-05
banded_sym_w8,three,all,70000.0,8.219605195150378e-05,7.443044334980182e-05
banded_sym_w8,three,all,71000.0,8.219605195150378e-05,7.443044334980182e-05
banded_sym_w8,three,all,72000.0,6.3458417107012e-05,6.980489144581759e-05
banded_sym_w8,three,all,73000.0,6.3458417107012e-05,6.980489144581759e-05
banded_sym_w8,three,all,74000.0,5.453191790147043e-05,5.7414673170554126e-05
banded_sym_w8,three,all,75000.0,5.453191790147043e-05,5.7414673170554126e-05
banded_sym_w8,three,all,76000.0,5.453191790147043e-05,5.7414673170554126e-05
banded_sym_w8,three,all,77000.0,4.560541869592886e-05,4.51541368322644e-05
banded_sym_w8,three,all,78000.0,4.560541869592886e-05,4.51541368322644e-05
banded_sym_w8,three,all,79000.0,3.667891949038728e-05,3.316740874892551e-05
banded_sym_w8,three,all,80000.0,2.7752420284845715e-05,2.1908616693800692e-05
banded_sym_w8,three,all,81000.0,1.7852998411083142e-05,2.5247952481979096e-05
banded_sym_w8,three,all,82000.0,1.7852998411083142e-05,2.5247952481979096e-05
banded_sym_w8,three,all,83000.0,1.7852998411083142e-05,2.5247952481979096e-05
banded_sym_w8,three,all,84000.0,1.7852998411083142e-05,2.5247952481979096e-05
banded_sym_w8,three,all,85000.0,1.7852998411083142e-05,2.5247952481979096e-05
banded_sym_w8,three,all,86000.0,1.7852998411083142e-05,2.5247952481979096e-05
banded_sym_w8,three,all,87000.0,1.7852998411083142e-05,2.5247952481979096e-05
banded_sym_w8,three,all,88000.0,1.7852998411083142e-05,2.5247952481979096e-05
banded_sym_w8,three,all,89000.0,1.7852998411083142e-05,2.5247952481979096e-05
banded_sym_w8,three,all,90000.0,1.7852998411083142e-05,2.5247952481979096e-05
banded_sym_w8,three,all,91000.0,1.7852998411083142e-05,2.5247952481979096e-05
banded_sym_w8,three,all,92000.0,1.7852998411083142e-05,2.5247952481979096e-05
banded_sym_w8,three,all,93000.0,1.7852998411083142e-05,2.5247952481979096e-05
banded_sym_w8,three,all,94000.0,1.7852998411083142e-05,2.5247952481979096e-05
banded_sym_w8,three,all,95000.0,1.7852998411083142e-05,2.5247952481979096e-05
banded_sym_w8,three,all,96000.0,1.7852998411083142e-05,2.5247952481979096e-05
banded_sym_w8,three,all,97000.0,1.7852998411083142e-05,2.5247952481979096e-05
banded_sym_w8,three,all,98000.0,1.7852998411083142e-05,2.5247952481979096e-05
banded_sym_w8,three,all,99000.0,1.7852998411083142e-05,2.5247952481979096e-05
banded_sym_w8,three,all,100000.0,1.7852998411083142e-05,2.5247952481979096e-05
banded_sym_w8,three,all,101000.0,1.7852998411083142e-05,2.5247952481979096e-05
banded_sym_w8,three,all,102000.0,8.926499205541571e-06,1.2623976240989548e-05
banded_sym_w8,three,all,103000.0,8.926499205541571e-06,1.2623976240989548e-05
banded_sym_w8,three,all,104000.0,8.926499205541571e-06,1.2623976240989548e-05
banded_sym_w8,three,all,105000.0,8.926499205541571e-06,1.2623976240989548e-05
banded_sym_w8,three,all,106000.0,8.926499205541571e-06,1.2623976240989548e-05
banded_sym_w8,three,all,107000.0,8.926499205541571e-06,1.2623976240989548e-05
banded_sym_w8,three,all,108000.0,8.926499205541571e-06,1.2623976240989548e-05
banded_sym_w8,three,all,109000.0,8.926499205541571e-06,1.2623976240989548e-05
banded_sym_w8,three,all,110000.0,8.926499205541571e-06,1.2623976240989548e-05
banded_sym_w8,three,all,111000.0,8.926499205541571e-06,1.2623976240989548e-05
banded_sym_w8,three,all,112000.0,8.926499205541571e-06,1.2623976240989548e-05
banded_sym_w8,three,all,113000.0,8.926499205541571e-06,1.2623976240989548e-05
banded_sym_w8,three,all,114000.0,8.926499205541571e-06,1.2623976240989548e-05
banded_sym_w8,three,all,115000.0,8.926499205541571e-06,1.2623976240989548e-05
banded_sym_w8,three,all,116000.0,8.926499205541571e-06,1.2623976240989548e-05
banded_sym_w8,three,all,117000.0,8.926499205541571e-06,1.2623976240989548e-05
banded_sym_w8,three,all,118000.0,8.926499205541571e-06,1.2623976240989548e-05
banded_sym_w8,three,all,119000.0,8.926499205541571e-06,1.2623976240989548e-05
banded_sym_w8,three,all,120000.0,8.926499205541571e-06,1.2623976240989548e-05
banded_sym_w8,three,all,121000.0,8.926499205541571e-06,1.2623976240989548e-05
banded_sym_w8,three,all,122000.0,8.926499205541571e-06,1.2623976240989548e-05
banded_sym_w8,three,all,123000.0,8.926499205541571e-06,1.2623976240989548e-05
banded_sym_w8,three,all,124000.0,8.926499205541571e-06,1.2623976240989548e-05
banded_sym_w8,three,all,125000.0,8.926499205541571e-06,1.2623976240989548e-05
banded_sym_w8,three,all,126000.0,8.926499205541571e-06,1.2623976240989548e-05
banded_sym_w8,three,all,127000.0,8.926499205541571e-06,1.2623976240989548e-05
banded_sym_w8,three,all,128000.0,8.926499205541571e-06,1.2623976240989548e-05
banded_sym_w8,three,all,129000.0,8.926499205541571e-06,1.2623976240989548e-05
banded_sym_w8,three,all,130000.0,8.926499205541571e-06,1.2623976240989548e-05
banded_sym_w8,three,all,131000.0,8.926499205541571e-06,1.2623976240989548e-05
banded_sym_w8,three,all,132000.0,8.926499205541571e-06,1.2623976240989548e-05
banded_sym_w8,three,all,133000.0,8.926499205541571e-06,1.2623976240989548e-05
banded_sym_w8,three,all,134000.0,8.926499205541571e-06,1.2623976240989548e-05
banded_sym_w8,three,all,135000.0,8.926499205541571e-06,1.2623976240989548e-05
banded_sym_w8,three,all,136000.0,8.926499205541571e-06,1.2623976240989548e-05
banded_sym_w8,three,all,137000.0,8.926499205541571e-06,1.2623976240989548e-05
banded_sym_w8,three,all,138000.0,8.926499205541571e-06,1.2623976240989548e-05
banded_sym_w8,three,all,139000.0,8.926499205541571e-06,1.2623976240989548e-05
banded_sym_w8,three,all,140000.0,8.926499205541571e-06,1.2623976240989548e-05
banded_sym_w8,three,all,141000.0,8.926499205541571e-06,1.2623976240989548e-05
banded_sym_w8,three,all,142000.0,8.926499205541571e-06,1.2623976240989548e-05
banded_sym_w8,three,all,143000.0,8.926499205541571e-06,1.2623976240989548e-05
banded_sym_w8,three,all,144000.0,8.926499205541571e-06,1.2623976240989548e-05
banded_sym_w8,three,all,145000.0,8.926499205541571e-06,1.2623976240989548e-05
banded_sym_w8,three,all,146000.0,8.926499205541571e-06,1.2623976240989548e-05
banded_sym_w8,three,all,147000.0,8.926499205541571e-06,1.2623976240989548e-05
banded_sym_w8,three,all,148000.0,8.926499205541571e-06,1.2623976240989548e-05
banded_sym_w8,three,all,149000.0,8.926499205541571e-06,1.2623976240989548e-05
banded_sym_w8,three,all,150000.0,8.926499205541571e-06,1.2623976240989548e-05
banded_sym_w8,three,all,151000.0,8.926499205541571e-06,1.2623976240989548e-05
banded_sym_w8,three,all,152000.0,8.926499205541571e-06,1.2623976240989548e-05
banded_sym_w8,three,all,153000.0,8.926499205541571e-06,1.2623976240989548e-05
banded_sym_w8,three,all,154000.0,8.926499205541571e-06,1.2623976240989548e-05
banded_sym_w8,three,all,155000.0,8.926499205541571e-06,1.2623976240989548e-05
banded_sym_w8,three,all,156000.0,8.926499205541571e-06,1.2623976240989548e-05
banded_sym_w8,three,all,157000.0,8.926499205541571e-06,1.2623976240989548e-05
banded_sym_w8,three,all,158000.0,8.926499205541571e-06,1.2623976240989548e-05
banded_sym_w8,three,all,159000.0,8.926499205541571e-06,1.2623976240989548e-05
banded_sym_w8,three,all,160000.0,8.926499205541571e-06,1.2623976240989548e-05
banded_sym_w8,three,all,161000.0,8.926499205541571e-06,1.2623976240989548e-05
banded_sym_w8,three,all,162000.0,8.926499205541571e-06,1.2623976240989548e-05
banded_sym_w8,three,all,163000.0,8.926499205541571e-06,1.2623976240989548e-05
banded_sym_w8,three,all,164000.0,8.926499205541571e-06,1.2623976240989548e-05
banded_sym_w8,triplet,all,0.0,1.0,0.0
banded_sym_w8,triplet,all,1000.0,0.3733847234578223,0.0027042666129540307
banded_sym_w8,triplet,all,2000.0,0.18553704566770848,0.003905220511355898
banded_sym_w8,triplet,all,3000.0,0.10464388466782519,0.0034847851982714143
banded_sym_w8,triplet,all,4000.0,0.06289670269597704,0.003333337035507685
banded_sym_w8,triplet,all,5000.0,0.041212708657664014,0.00280845705085538
banded_sym_w8,triplet,all,6000.0,0.027585928977048646,0.0019615673149076048
banded_sym_w8,triplet,all,7000.0,0.019245752564559487,0.0013369393746894376
banded_sym_w8,triplet,all,8000.0,0.013719570540717985,0.001293789918509746
banded_sym_w8,triplet,all,9000.0,0.010153895167034686,0.0010078392042022024
banded_sym_w8,triplet,all,10000.0,0.007571702334573272,0.000912179638124664
banded_sym_w8,triplet,all,11000.0,0.005603196303292962,0.0006044455520808999
banded_sym_w8,triplet,all,12000.0,0.0043521214352820374,0.000336461529385756
banded_sym_w8,triplet,all,13000.0,0.0033378539663979196,0.00024943273646601735
banded_sym_w8,triplet,all,14000.0,0.0027214450847994815,0.00018693898145906527
banded_sym_w8,triplet,all,15000.0,0.002084326234955683,0.0002756183745580378
banded_sym_w8,triplet,all,16000.0,0.001781963120309148,0.000313524365272234
banded_sym_w8,triplet,all,17000.0,0.0013821116029258354,0.0002475059510889535
banded_sym_w8,triplet,all,18000.0,0.0010621871617589752,0.00030099092614326565
banded_sym_w8,triplet,all,19000.0,0.0009455297396133744,0.00032595300764155967
banded_sym_w8,triplet,all,20000.0,0.0007789930665212637,0.00021294141770291882
banded_sym_w8,triplet,all,21000.0,0.0007029104103235708,0.000266950634966158
banded_sym_w8,triplet,all,22000.0,0.0006170712878661814,0.00026770166269085447
banded_sym_w8,triplet,all,23000.0,0.0005589351953979481,0.0002826357075782218
banded_sym_w8,triplet,all,24000.0,0.0005019881865830983,0.00026375173972663596
banded_sym_w8,triplet,all,25000.0,0.00037718199106629905,0.00018392900564344997
banded_sym_w8,triplet,all,26000.0,0.000305403688221045,0.00018115524869783737
banded_sym_w8,triplet,all,27000.0,0.00023597018065657778,0.00014249607093161967
banded_sym_w8,triplet,all,28000.0,0.00020945623432080517,0.00010500219895463235
banded_sym_w8,triplet,all,29000.0,0.00016615143588297602,0.00010749562984236258
banded_sym_w8,triplet,all,30000.0,0.00016615143588297602,0.00010749562984236258
banded_sym_w8,triplet,all,31000.0,0.00012480619551679927,8.271965753093914e-05
banded_sym_w8,triplet,all,32000.0,0.00012480619551679927,8.271965753093914e-05
banded_sym_w8,triplet,all,33000.0,9.633269110937433e-05,7.249547060624312e-05
banded_sym_w8,triplet,all,34000.0,6.785918670194938e-05,6.701421365317692e-05
banded_sym_w8,triplet,all,35000.0,6.785918670194938e-05,6.701421365317692e-05
banded_sym_w8,triplet,all,36000.0,6.785918670194938e-05,6.701421365317692e-05
banded_sym_w8,triplet,all,37000.0,5.460221353406308e-05,4.923086673550485e-05
banded_sym_w8,triplet,all,38000.0,5.460221353406308e-05,4.923086673550485e-05
banded_sym_w8,triplet,all,39000.0,4.1345240366176776e-05,3.2549055252044764e-05
banded_sym_w8,triplet,all,40000.0,4.1345240366176776e-05,3.2549055252044764e-05
banded_sym_w8,triplet,all,41000.0,2.6513946335772615e-05,3.749638250008206e-05
banded_sym_w8,triplet,all,42000.0,2.6513946335772615e-05,3.749638250008206e-05
banded_sym_w8,triplet,all,43000.0,2.6513946335772615e-05,3.749638250008206e-05
banded_sym_w8,triplet,all,44000.0,1.3256973167886307e-05,1.874819125004103e-05
banded_sym_w8,triplet,all,45000.0,1.3256973167886307e-05,1.874819125004103e-05
banded_sym_w8,triplet,all,46000.0,1.3256973167886307e-05,1.874819125004103e-05
banded_sym_w8,triplet,all,47000.0,1.3256973167886307e-05,1.874819125004103e-05
banded_sym_w8,triplet,all,48000.0,1.3256973167886307e-05,1.874819125004103e-05
banded_sym_w8,triplet,all,49000.0,1.3256973167886307e-05,1.874819125004103e-05
banded_sym_w8,triplet,all,50000.0,1.3256973167886307e-05,1.874819125004103e-05
banded_sym_w8,triplet,all,51000.0,1.3256973167886307e-05,1.874819125004103e-05
banded_sym_w8,triplet,all,52000.0,1.3256973167886307e-05,1.874819125004103e-05
banded_sym_w8,triplet,all,53000.0,1.3256973167886307e-05,1.874819125004103e-05
banded_sym_w8,triplet,all,54000.0,1.3256973167886307e-05,1.874819125004103e-05
banded_sym_w8,triplet,all,55000.0,1.3256973167886307e-05,1.874819125004103e-05
banded_sym_w10,one,all,0.0,1.0,0.0
banded_sym_w10,one,all,1000.0,0.5338652859385894,0.001645469682226755
banded_sym_w10,one,all,2000.0,0.350376154266772,0.0031576236931305174
banded_sym_w10,one,all,3000.0,0.24971207945012372,0.002806391880969246
banded_sym_w10,one,all,4000.0,0.18826905043942313,0.0023904223481243823
banded_sym_w10,one,all,5000.0,0.14601549183779308,0.002583575311721026
banded_sym_w10,one,all,6000.0,0.11618003568403674,0.0026066460740842485
banded_sym_w10,one,all,7000.0,0.09447917953861107,0.002905372548483428
banded_sym_w10,one,all,8000.0,0.07732428927840948,0.0031725220855474442
banded_sym_w10,one,all,9000.0,0.06398510650196994,0.0030879049559317615
banded_sym_w10,one,all,10000.0,0.0539435208444001,0.002815073497695807
banded_sym_w10,one,all,11000.0,0.04617834710907986,0.00231378247144104
banded_sym_w10,one,all,12000.0,0.03971666438626948,0.0019478305372491412
banded_sym_w10,one,all,13000.0,0.03458098988543296,0.0018361888051753896
banded_sym_w10,one,all,14000.0,0.030389051543276382,0.0015245494234363394
banded_sym_w10,one,all,15000.0,0.026567981276247026,0.0012209188354305454
banded_sym_w10,one,all,16000.0,0.023439296697368762,0.001168815158810076
banded_sym_w10,one,all,17000.0,0.020859211621341783,0.0011139541264804003
banded_sym_w10,one,all,18000.0,0.018580812728166834,0.001117500162830071
banded_sym_w10,one,all,19000.0,0.016602537066611484,0.0008535082698505846
banded_sym_w10,one,all,20000.0,0.014808114000134993,0.0007449192062084464
banded_sym_w10,one,all,21000.0,0.013344860371369867,0.0007097245554927582
banded_sym_w10,one,all,22000.0,0.011998393218856679,0.0007311517611939092
banded_sym_w10,one,all,23000.0,0.01085305423673461,0.00045938183302255043
banded_sym_w10,one,all,24000.0,0.009904676654608762,0.0004984126688337619
banded_sym_w10,one,all,25000.0,0.009119740455180282,0.0005648433671017771
banded_sym_w10,one,all,26000.0,0.008328988081932793,0.0006037759358738711
banded_sym_w10,one,all,27000.0,0.007624483247623363,0.0005399632076185285
banded_sym_w10,one,all,28000.0,0.0069282435195432805,0.00041764388595905843
banded_sym_w10,one,all,29000.0,0.006377226452814647,0.0004676323842355599
banded_sym_w10,one,all,30000.0,0.005861178942431811,0.00044538241958769285
banded_sym_w10,one,all,31000.0,0.005399861027044507,0.00047810563354950907
banded_sym_w10,one,all,32000.0,0.0050207343354241795,0.0004634051016639987
banded_sym_w10,one,all,33000.0,0.004680807625136548,0.0004354791827747551
banded_sym_w10,one,all,34000.0,0.004330416786086335,0.0003381892300981345
banded_sym_w10,one,all,35000.0,0.0040330886670730546,0.00035627171469334397
banded_sym_w10,one,all,36000.0,0.0037509354105933206,0.00030411679654927657
banded_sym_w10,one,all,37000.0,0.0035432285616630067,0.0002889478264625312
banded_sym_w10,one,all,38000.0,0.0032621407640035967,0.00021573088357276568
banded_sym_w10,one,all,39000.0,0.003083471516311067,0.0002638249435114712
banded_sym_w10,one,all,40000.0,0.002882129254876417,0.00024179151994366998
banded_sym_w10,one,all,41000.0,0.0026611729409429853,0.0002438783766527149
banded_sym_w10,one,all,42000.0,0.0024913139682883395,0.00022685473660886664
banded_sym_w10,one,all,43000.0,0.002376573996921033,0.0002568292827247584
banded_sym_w10,one,all,44000.0,0.00225071872305938,0.00024715586855276567
banded_sym_w10,one,all,45000.0,0.002123978631690873,0.0002602479160883924
banded_sym_w10,one,all,46000.0,0.002011241939112359,0.00023566083652141974
banded_sym_w10,one,all,47000.0,0.0019113123027835362,0.0002086516927334728
banded_sym_w10,one,all,48000.0,0.0017918994976759094,0.0002002456467853476
banded_sym_w10,one,all,49000.0,0.001698645973876199,0.00015817442834346277
banded_sym_w10,one,all,50000.0,0.001605912740088278,0.00010198590424037142
banded_sym_w10,one,all,51000.0,0.001562507212565436,8.054108511069125e-05
banded_sym_w10,one,all,52000.0,0.0014810980462502017,6.492523094418387e-05
banded_sym_w10,one,all,53000.0,0.001399324352439903,5.500304485524964e-05
banded_sym_w10,one,all,54000.0,0.0013299931873842305,5.236494363205256e-05
banded_sym_w10,one,all,55000.0,0.0012597772048217055,7.957619742177528e-05
banded_sym_w10,one,all,56000.0,0.0011318407709128974,0.00011909615731341723
banded_sym_w10,one,all,57000.0,0.0010633944233640784,9.47326147528233e-05
banded_sym_w10,one,all,58000.0,0.0010254686658300479,9.606958720211762e-05
banded_sym_w10,one,all,59000.0,0.0009815428482954174,8.954669070316877e-05
banded_sym_w10,one,all,60000.0,0.0009620596795166135,0.00010540939179758094
banded_sym_w10,one,all,61000.0,0.0009246542119943717,9.153881989278992e-05
banded_sym_w10,one,all,62000.0,0.0008936133319677944,8.538082663557416e-05
banded_sym_w10,one,all,63000.0,0.000843687454432564,7.365629578694282e-05
banded_sym_w10,one,all,64000.0,0.0007936058143806092,9.139915854709571e-05
banded_sym_w10,one,all,65000.0,0.0007691631656247828,7.736592909931699e-05
banded_sym_w10,one,all,66000.0,0.000718118826807613,0.00011098148403235496
banded_sym_w10,one,all,67000.0,0.0006921931892747826,0.00011694604096692472
banded_sym_w10,one,all,68000.0,0.0006797506605201558,0.00010815190673228623
banded_sym_w10,one,all,69000.0,0.0006413046129743369,0.00012165161860671736
banded_sym_w10,one,all,70000.0,0.000603821264193733,0.0001242950478052496
banded_sym_w10,one,all,71000.0,0.0005848583854267177,0.00012462654421857417
banded_sym_w10,one,all,72000.0,0.0005658955066597024,0.0001249609423948256
banded_sym_w10,one,all,73000.0,0.0005404122778802986,0.00013442600955255164
banded_sym_w10,one,all,74000.0,0.0005035271003698455,0.00011176559626638208
banded_sym_w10,one,all,75000.0,0.0004781217528488037,0.00010561472397424483
banded_sym_w10,one,all,76000.0,0.0004466384640687999,0.00011253173494625611
banded_sym_w10,one,all,77000.0,0.00043419593531417335,0.00010393103582238582
banded_sym_w10,one,all,78000.0,0.00042767558530178466,0.00011279433626972053
banded_sym_w10,one,all,79000.0,0.0003893074190143277,0.00011013709606102798
banded_sym_w10,one,all,80000.0,0.0003702666589889504,0.0001252556048343971
banded_sym_w10,one,all,81000.0,0.0003637463089765617,0.00013435637328763667
banded_sym_w10,one,all,82000.0,0.0003577462489759617,0.00013154669193554607
banded_sym_w10,one,all,83000.0,0.0003453037202213352,0.00012284486183537633
banded_sym_w10,one,all,84000.0,0.0003388612514673086,0.00011681742001039257
banded_sym_w10,one,all,85000.0,0.0003388612514673086,0.00011681742001039257
banded_sym_w10,one,all,86000.0,0.00032641872271268205,0.00010805902300507287
banded_sym_w10,one,all,87000.0,0.0003134559039462669,0.00011157450883835001
banded_sym_w10,one,all,88000.0,0.0003134559039462669,0.00011157450883835001
banded_sym_w10,one,all,89000.0,0.00030701343519224034,0.00010649441630535166
banded_sym_w10,one,all,90000.0,0.0002945709064376138,9.76835215647885e-05
banded_sym_w10,one,all,91000.0,0.0002885708464370137,9.396207559509162e-05
banded_sym_w10,one,all,92000.0,0.0002760504364240251,9.99445261114194e-05
banded_sym_w10,one,all,93000.0,0.000263165498915972,8.928328366593072e-05
banded_sym_w10,one,all,94000.0,0.000263165498915972,8.928328366593072e-05
banded_sym_w10,one,all,95000.0,0.00024420262014895677,8.969654789913256e-05
banded_sym_w10,one,all,96000.0,0.0002376822701365681,9.891680865247643e-05
banded_sym_w10,one,all,97000.0,0.00023123980138254154,9.458090869034474e-05
banded_sym_w10,one,all,98000.0,0.00023123980138254154,9.458090869034474e-05
banded_sym_w10,one,all,99000.0,0.00022523974138194156,9.011316026671947e-05
banded_sym_w10,one,all,100000.0,0.00021879727262791502,8.584932221276005e-05
banded_sym_w10,one,all,101000.0,0.00021227692261552636,9.504186826350146e-05
banded_sym_w10,one,all,102000.0,0.0002057565726031377,0.00010423947034966872
banded_sym_w10,one,all,103000.0,0.0001799866975870315,9.408967419255421e-05
banded_sym_w10,one,all,104000.0,0.0001559864575846315,6.942666076166742e-05
banded_sym_w10,one,all,105000.0,0.00014946610757224282,7.85747694699741e-05
banded_sym_w10,one,all,106000.0,0.00013702357881761627,6.99199032426923e-05
banded_sym_w10,one,all,107000.0,0.00013702357881761627,6.99199032426923e-05
banded_sym_w10,one,all,108000.0,0.00013102351881701625,6.503111699472437e-05
banded_sym_w10,one,all,109000.0,0.00012458105006298972,6.131064377414714e-05
banded_sym_w10,one,all,110000.0,0.00012458105006298972,6.131064377414714e-05
banded_sym_w10,one,all,111000.0,0.00012458105006298972,6.131064377414714e-05
banded_sym_w10,one,all,112000.0,0.00011813858130896319,5.8778954711747306e-05
banded_sym_w10,one,all,113000.0,0.00010613846130776318,4.752093413175073e-05
banded_sym_w10,one,all,114000.0,9.969599255373664e-05,4.433520583059582e-05
banded_sym_w10,one,all,115000.0,9.317564254134797e-05,5.329696394511083e-05
banded_sym_w10,one,all,116000.0,9.317564254134797e-05,5.329696394511083e-05
banded_sym_w10,one,all,117000.0,8.717558254074796e-05,4.7985957705924014e-05
banded_sym_w10,one,all,118000.0,8.117552254014797e-05,4.3689138103036725e-05
banded_sym_w10,one,all,119000.0,8.117552254014797e-05,4.3689138103036725e-05
banded_sym_w10,one,all,120000.0,6.221264377313274e-05,4.407432618955078e-05
banded_sym_w10,one,all,121000.0,6.221264377313274e-05,4.407432618955078e-05
banded_sym_w10,one,all,122000.0,5.577017501910619e-05,3.9774375597681885e-05
banded_sym_w10,one,all,123000.0,5.577017501910619e-05,3.9774375597681885e-05
banded_sym_w10,one,all,124000.0,5.577017501910619e-05,3.9774375597681885e-05
banded_sym_w10,one,all,125000.0,5.577017501910619e-05,3.9774375597681885e-05
banded_sym_w10,one,all,126000.0,5.577017501910619e-05,3.9774375597681885e-05
banded_sym_w10,one,all,127000.0,5.577017501910619e-05,3.9774375597681885e-05
banded_sym_w10,one,all,128000.0,4.97701150185062e-05,3.525946095164063e-05
banded_sym_w10,one,all,129000.0,4.97701150185062e-05,3.525946095164063e-05
banded_sym_w10,one,all,130000.0,4.97701150185062e-05,3.525946095164063e-05
banded_sym_w10,one,all,131000.0,4.97701150185062e-05,3.525946095164063e-05
banded_sym_w10,one,all,132000.0,4.97701150185062e-05,3.525946095164063e-05
banded_sym_w10,one,all,133000.0,4.97701150185062e-05,3.525946095164063e-05
banded_sym_w10,one,all,134000.0,4.97701150185062e-05,3.525946095164063e-05
banded_sym_w10,one,all,135000.0,4.97701150185062e-05,3.525946095164063e-05
banded_sym_w10,one,all,136000.0,4.3327646264479655e-05,3.116721880689636e-05
banded_sym_w10,one,all,137000.0,4.3327646264479655e-05,3.116721880689636e-05
banded_sym_w10,one,all,138000.0,4.3327646264479655e-05,3.116721880689636e-05
banded_sym_w10,one,all,139000.0,3.688517751045311e-05,2.942079340024791e-05
banded_sym_w10,one,all,140000.0,3.688517751045311e-05,2.942079340024791e-05
banded_sym_w10,one,all,141000.0,3.688517751045311e-05,2.942079340024791e-05
banded_sym_w10,one,all,142000.0,3.688517751045311e-05,2.942079340024791e-05
banded_sym_w10,one,all,143000.0,3.0885117509853105e-05,2.2719898777359656e-05
banded_sym_w10,one,all,144000.0,2.444264875582656e-05,2.2340379876598317e-05
banded_sym_w10,one,all,145000.0,2.444264875582656e-05,2.2340379876598317e-05
banded_sym_w10,one,all,146000.0,2.444264875582656e-05,2.2340379876598317e-05
banded_sym_w10,one,all,147000.0,2.444264875582656e-05,2.2340379876598317e-05
banded_sym_w10,one,all,148000.0,2.444264875582656e-05,2.2340379876598317e-05
banded_sym_w10,one,all,149000.0,2.444264875582656e-05,2.2340379876598317e-05
banded_sym_w10,one,all,150000.0,2.444264875582656e-05,2.2340379876598317e-05
banded_sym_w10,one,all,151000.0,2.444264875582656e-05,2.2340379876598317e-05
banded_sym_w10,one,all,152000.0,2.444264875582656e-05,2.2340379876598317e-05
banded_sym_w10,one,all,153000.0,2.444264875582656e-05,2.2340379876598317e-05
banded_sym_w10,one,all,154000.0,2.444264875582656e-05,2.2340379876598317e-05
banded_sym_w10,one,all,155000.0,2.444264875582656e-05,2.2340379876598317e-05
banded_sym_w10,one,all,156000.0,2.444264875582656e-05,2.2340379876598317e-05
banded_sym_w10,one,all,157000.0,2.444264875582656e-05,2.2340379876598317e-05
banded_sym_w10,one,all,158000.0,1.8442588755226555e-05,1.4710396700123956e-05
banded_sym_w10,one,all,159000.0,1.8442588755226555e-05,1.4710396700123956e-05
banded_sym_w10,one,all,160000.0,1.8442588755226555e-05,1.4710396700123956e-05
banded_sym_w10,one,all,161000.0,1.8442588755226555e-05,1.4710396700123956e-05
banded_sym_w10,one,all,162000.0,1.8442588755226555e-05,1.4710396700123956e-05
banded_sym_w10,one,all,163000.0,1.8442588755226555e-05,1.4710396700123956e-05
banded_sym_w10,one,all,164000.0,1.8442588755226555e-05,1.4710396700123956e-05
banded_sym_w10,one,all,165000.0,1.8442588755226555e-05,1.4710396700123956e-05
banded_sym_w10,one,all,166000.0,1.8442588755226555e-05,1.4710396700123956e-05
banded_sym_w10,one,all,167000.0,1.8442588755226555e-05,1.4710396700123956e-05
banded_sym_w10,one,all,168000.0,1.8442588755226555e-05,1.4710396700123956e-05
banded_sym_w10,one,all,169000.0,1.8442588755226555e-05,1.4710396700123956e-05
banded_sym_w10,one,all,170000.0,1.8442588755226555e-05,1.4710396700123956e-05
banded_sym_w10,one,all,171000.0,1.8442588755226555e-05,1.4710396700123956e-05
banded_sym_w10,one,all,172000.0,1.8442588755226555e-05,1.4710396700123956e-05
banded_sym_w10,one,all,173000.0,1.2000120001200012e-05,1.69707324558017e-05
banded_sym_w10,one,all,174000.0,1.2000120001200012e-05,1.69707324558017e-05
banded_sym_w10,one,all,175000.0,1.2000120001200012e-05,1.69707324558017e-05
banded_sym_w10,one,all,176000.0,1.2000120001200012e-05,1.69707324558017e-05
banded_sym_w10,one,all,177000.0,1.2000120001200012e-05,1.69707324558017e-05
banded_sym_w10,one,all,178000.0,1.2000120001200012e-05,1.69707324558017e-05
banded_sym_w10,one,all,179000.0,1.2000120001200012e-05,1.69707324558017e-05
banded_sym_w10,one,all,180000.0,1.2000120001200012e-05,1.69707324558017e-05
banded_sym_w10,one,all,181000.0,1.2000120001200012e-05,1.69707324558017e-05
banded_sym_w10,one,all,182000.0,1.2000120001200012e-05,1.69707324558017e-05
banded_sym_w10,one,all,183000.0,1.2000120001200012e-05,1.69707324558017e-05
banded_sym_w10,one,all,184000.0,1.2000120001200012e-05,1.69707324558017e-05
banded_sym_w10,one,all,185000.0,1.2000120001200012e-05,1.69707324558017e-05
banded_sym_w10,one,all,186000.0,1.2000120001200012e-05,1.69707324558017e-05
banded_sym_w10,one,all,187000.0,1.2000120001200012e-05,1.69707324558017e-05
banded_sym_w10,one,all,188000.0,1.2000120001200012e-05,1.69707324558017e-05
banded_sym_w10,one,all,189000.0,1.2000120001200012e-05,1.69707324558017e-05
banded_sym_w10,one,all,190000.0,1.2000120001200012e-05,1.69707324558017e-05
banded_sym_w10,one,all,191000.0,1.2000120001200012e-05,1.69707324558017e-05
banded_sym_w10,one,all,192000.0,1.2000120001200012e-05,1.69707324558017e-05
banded_sym_w10,one,all,193000.0,1.2000120001200012e-05,1.69707324558017e-05
banded_sym_w10,one,all,194000.0,1.2000120001200012e-05,1.69707324558017e-05
banded_sym_w10,one,all,195000.0,1.2000120001200012e-05,1.69707324558017e-05
banded_sym_w10,one,all,196000.0,1.2000120001200012e-05,1.69707324558017e-05
banded_sym_w10,one,all,197000.0,1.2000120001200012e-05,1.69707324558017e-05
banded_sym_w10,one,all,198000.0,1.2000120001200012e-05,1.69707324558017e-05
banded_sym_w10,one,all,199000.0,1.2000120001200012e-05,1.69707324558017e-05
banded_sym_w10,one,all,200000.0,1.2000120001200012e-05,1.69707324558017e-05
banded_sym_w10,one,all,201000.0,1.2000120001200012e-05,1.69707324558017e-05
banded_sym_w10,one,all,202000.0,1.2000120001200012e-05,1.69707324558017e-05
banded_sym_w10,one,all,203000.0,1.2000120001200012e-05,1.69707324558017e-05
banded_sym_w10,one,all,204000.0,1.2000120001200012e-05,1.69707324558017e-05
banded_sym_w10,one,all,205000.0,1.2000120001200012e-05,1.69707324558017e-05
banded_sym_w10,one,all,206000.0,1.2000120001200012e-05,1.69707324558017e-05
banded_sym_w10,one,all,207000.0,1.2000120001200012e-05,1.69707324558017e-05
banded_sym_w10,one,all,208000.0,1.2000120001200012e-05,1.69707324558017e-05
banded_sym_w10,one,all,209000.0,1.2000120001200012e-05,1.69707324558017e-05
banded_sym_w10,one,all,210000.0,1.2000120001200012e-05,1.69707324558017e-05
banded_sym_w10,one,all,211000.0,1.2000120001200012e-05,1.69707324558017e-05
banded_sym_w10,one,all,212000.0,1.2000120001200012e-05,1.69707324558017e-05
banded_sym_w10,one,all,213000.0,1.2000120001200012e-05,1.69707324558017e-05
banded_sym_w10,one,all,214000.0,1.2000120001200012e-05,1.69707324558017e-05
banded_sym_w10,one,all,215000.0,1.2000120001200012e-05,1.69707324558017e-05
banded_sym_w10,one,all,216000.0,1.2000120001200012e-05,1.69707324558017e-05
banded_sym_w10,one,all,217000.0,1.2000120001200012e-05,1.69707324558017e-05
banded_sym_w10,one,all,218000.0,1.2000120001200012e-05,1.69707324558017e-05
banded_sym_w10,one,all,219000.0,1.2000120001200012e-05,1.69707324558017e-05
banded_sym_w10,one,all,220000.0,1.2000120001200012e-05,1.69707324558017e-05
banded_sym_w10,one,all,221000.0,1.2000120001200012e-05,1.69707324558017e-05
banded_sym_w10,one,all,222000.0,1.2000120001200012e-05,1.69707324558017e-05
banded_sym_w10,one,all,223000.0,1.2000120001200012e-05,1.69707324558017e-05
banded_sym_w10,one,all,224000.0,1.2000120001200012e-05,1.69707324558017e-05
banded_sym_w10,one,all,225000.0,1.2000120001200012e-05,1.69707324558017e-05
banded_sym_w10,one,all,226000.0,1.2000120001200012e-05,1.69707324558017e-05
banded_sym_w10,one,all,227000.0,1.2000120001200012e-05,1.69707324558017e-05
banded_sym_w10,one,all,228000.0,1.2000120001200012e-05,1.69707324558017e-05
banded_sym_w10,one,all,229000.0,1.2000120001200012e-05,1.69707324558017e-05
banded_sym_w10,one,all,230000.0,1.2000120001200012e-05,1.69707324558017e-05
banded_sym_w10,one,all,231000.0,1.2000120001200012e-05,1.69707324558017e-05
banded_sym_w10,one,all,232000.0,1.2000120001200012e-05,1.69707324558017e-05
banded_sym_w10,one,all,233000.0,1.2000120001200012e-05,1.69707324558017e-05
banded_sym_w10,one,all,234000.0,1.2000120001200012e-05,1.69707324558017e-05
banded_sym_w10,one,all,235000.0,1.2000120001200012e-05,1.69707324558017e-05
banded_sym_w10,one,all,236000.0,1.2000120001200012e-05,1.69707324558017e-05
banded_sym_w10,one,all,237000.0,1.2000120001200012e-05,1.69707324558017e-05
banded_sym_w10,one,all,238000.0,1.2000120001200012e-05,1.69707324558017e-05
banded_sym_w10,one,all,239000.0,1.2000120001200012e-05,1.69707324558017e-05
banded_sym_w10,one,all,240000.0,1.2000120001200012e-05,1.69707324558017e-05
banded_sym_w10,one,all,241000.0,1.2000120001200012e-05,1.69707324558017e-05
banded_sym_w10,one,all,242000.0,1.2000120001200012e-05,1.69707324558017e-05
banded_sym_w10,one,all,243000.0,1.2000120001200012e-05,1.69707324558017e-05
banded_sym_w10,one,all,244000.0,1.2000120001200012e-05,1.69707324558017e-05
banded_sym_w10,one,all,245000.0,1.2000120001200012e-05,1.69707324558017e-05
banded_sym_w10,one,all,246000.0,1.2000120001200012e-05,1.69707324558017e-05
banded_sym_w10,one,all,247000.0,1.2000120001200012e-05,1.69707324558017e-05
banded_sym_w10,one,all,248000.0,1.2000120001200012e-05,1.69707324558017e-05
banded_sym_w10,one,all,249000.0,1.2000120001200012e-05,1.69707324558017e-05
banded_sym_w10,one,all,250000.0,1.2000120001200012e-05,1.69707324558017e-05
banded_sym_w10,one,all,251000.0,1.2000120001200012e-05,1.69707324558017e-05
banded_sym_w10,one,all,252000.0,1.2000120001200012e-05,1.69707324558017e-05
banded_sym_w10,one,all,253000.0,1.2000120001200012e-05,1.69707324558017e-05
banded_sym_w10,one,all,254000.0,1.2000120001200012e-05,1.69707324558017e-05
banded_sym_w10,one,all,255000.0,1.2000120001200012e-05,1.69707324558017e-05
banded_sym_w10,one,all,256000.0,1.2000120001200012e-05,1.69707324558017e-05
banded_sym_w10,one,all,257000.0,1.2000120001200012e-05,1.69707324558017e-05
banded_sym_w10,one,all,258000.0,1.2000120001200012e-05,1.69707324558017e-05
banded_sym_w10,one,all,259000.0,1.2000120001200012e-05,1.69707324558017e-05
banded_sym_w10,one,all,260000.0,6.000060000600006e-06,8.48536622790085e-06
banded_sym_w10,one,all,261000.0,6.000060000600006e-06,8.48536622790085e-06
banded_sym_w10,one,all,262000.0,6.000060000600006e-06,8.48536622790085e-06
banded_sym_w10,one,all,263000.0,6.000060000600006e-06,8.48536622790085e-06
banded_sym_w10,one,all,264000.0,6.000060000600006e-06,8.48536622790085e-06
banded_sym_w10,one,all,265000.0,6.000060000600006e-06,8.48536622790085e-06
banded_sym_w10,one,all,266000.0,6.000060000600006e-06,8.48536622790085e-06
banded_sym_w10,one,all,267000.0,6.000060000600006e-06,8.48536622790085e-06
banded_sym_w10,one,all,268000.0,6.000060000600006e-06,8.48536622790085e-06
banded_sym_w10,one,all,269000.0,6.000060000600006e-06,8.48536622790085e-06
banded_sym_w10,one,all,270000.0,6.000060000600006e-06,8.48536622790085e-06
banded_sym_w10,three,all,0.0,1.0,0.0
banded_sym_w10,three,all,1000.0,0.47465508118333477,0.004099847188188142
banded_sym_w10,three,all,2000.0,0.2809548134696753,0.0030596578747760323
banded_sym_w10,three,all,3000.0,0.18383738461363794,0.0027431605462054517
banded_sym_w10,three,all,4000.0,0.12819143750343526,0.0025117522500344405
banded_sym_w10,three,all,5000.0,0.09336644745875067,0.002896389642835171
banded_sym_w10,three,all,6000.0,0.06995942549670318,0.002892557882860017
banded_sym_w10,three,all,7000.0,0.05342605360714763,0.0027315397730726457
banded_sym_w10,three,all,8000.0,0.041831267549854334,0.002049500701718118
banded_sym_w10,three,all,9000.0,0.033224708652929195,0.0015601222825483145
banded_sym_w10,three,all,10000.0,0.026750133771356488,0.0011345380693595555
banded_sym_w10,three,all,11000.0,0.022024253703224556,0.0009442206319708946
banded_sym_w10,three,all,12000.0,0.01832173106845131,0.0005530441313544925
banded_sym_w10,three,all,13000.0,0.01512364709521385,0.0005791904488225678
banded_sym_w10,three,all,14000.0,0.012718139912084037,0.0004260406056259651
banded_sym_w10,three,all,15000.0,0.010795650657672696,0.0005027253015241279
banded_sym_w10,three,all,16000.0,0.009333740122393928,0.0005863982242145047
banded_sym_w10,three,all,17000.0,0.007985309926808196,0.00047208958055917514
banded_sym_w10,three,all,18000.0,0.006827134731001321,0.00048041170965147694
banded_sym_w10,three,all,19000.0,0.006040905297295832,0.0005164655607044327
banded_sym_w10,three,all,20000.0,0.005329791316614891,0.0003938660484223418
banded_sym_w10,three,all,21000.0,0.004624765975060659,0.0005073812005695411
banded_sym_w10,three,all,22000.0,0.004087635149956261,0.00043565874524495473
banded_sym_w10,three,all,23000.0,0.0035902294618641757,0.00043436147527749
banded_sym_w10,three,all,24000.0,0.003147530253549996,0.0003398878149945906
banded_sym_w10,three,all,25000.0,0.002808575611734671,0.00036833445771019874
banded_sym_w10,three,all,26000.0,0.0025727045277725426,0.00037092435543046887
banded_sym_w10,three,all,27000.0,0.002273088362645435,0.000299909337160365
banded_sym_w10,three,all,28000.0,0.0020762454976508767,0.00017697293844352917
banded_sym_w10,three,all,29000.0,0.0019580862397290976,0.0001836749036955023
banded_sym_w10,three,all,30000.0,0.001766644073166277,0.0001191801201362033
banded_sym_w10,three,all,31000.0,0.0015816346429588322,9.075460985924635e-05
banded_sym_w10,three,all,32000.0,0.001454823443974076,9.656832401075367e-05
banded_sym_w10,three,all,33000.0,0.0012605774666614434,0.00010176186801841667
banded_sym_w10,three,all,34000.0,0.001201940780907097,9.323624314048295e-05
banded_sym_w10,three,all,35000.0,0.001152695771118262,7.368606305248284e-05
banded_sym_w10,three,all,36000.0,0.001049621190614837,0.00010768355786208903
banded_sym_w10,three,all,37000.0,0.0009412920631902272,7.45012629477157e-05
banded_sym_w10,three,all,38000.0,0.0008062763550239221,8.973739047219116e-05
banded_sym_w10,three,all,39000.0,0.0006875235137101622,9.284892740747855e-05
banded_sym_w10,three,all,40000.0,0.0006702196315842072,9.827677964323801e-05
banded_sym_w10,three,all,41000.0,0.0005964982684115072,5.582483081700692e-05
banded_sym_w10,three,all,42000.0,0.000562630239062131,5.5452767595747174e-05
banded_sym_w10,three,all,43000.0,0.0005539782979991536,6.306884207517283e-05
banded_sym_w10,three,all,44000.0,0.0005104262896631611,9.542695162962795e-05
banded_sym_w10,three,all,45000.0,0.00047538007087959334,0.00011706306881160321
banded_sym_w10,three,all,46000.0,0.00043433957027230724,9.86332069994044e-05
banded_sym_w10,three,all,47000.0,0.00039300676664391605,7.460934864343905e-05
banded_sym_w10,three,all,48000.0,0.00038420867407038597,8.123475753671744e-05
banded_sym_w10,three,all,49000.0,0.00033348419447648347,8.355858013117308e-05
banded_sym_w10,three,all,50000.0,0.0003246861019029534,9.14358399812929e-05
banded_sym_w10,three,all,51000.0,0.00029947001361655475,9.037491214677067e-05
banded_sym_w10,three,all,52000.0,0.00027484750872213727,7.476643217610355e-05
banded_sym_w10,three,all,53000.0,0.0002408333278622085,8.14796138467256e-05
banded_sym_w10,three,all,54000.0,0.0002408333278622085,8.14796138467256e-05
banded_sym_w10,three,all,55000.0,0.00023203523528867844,8.820667764949193e-05
banded_sym_w10,three,all,56000.0,0.00020741273039426094,7.43573151640169e-05
banded_sym_w10,three,all,57000.0,0.0001907024316602872,7.346042773684093e-05
banded_sym_w10,three,all,58000.0,0.000174138284436866,6.481292355100956e-05
banded_sym_w10,three,all,59000.0,0.00014803630973738097,8.058044442771089e-05
banded_sym_w10,three,all,60000.0,0.00013923821716385092,8.865426899972398e-05
banded_sym_w10,three,all,61000.0,0.00013923821716385092,8.865426899972398e-05
banded_sym_w10,three,all,62000.0,0.00013058627610087345,9.285530279767347e-05
banded_sym_w10,three,all,63000.0,0.00012267406994042972,8.174329287038682e-05
banded_sym_w10,three,all,64000.0,0.00012267406994042972,8.174329287038682e-05
banded_sym_w10,three,all,65000.0,0.00011402212887745225,8.721815309291071e-05
banded_sym_w10,three,all,66000.0,0.00011402212887745225,8.721815309291071e-05
banded_sym_w10,three,all,67000.0,0.00011402212887745225,8.721815309291071e-05
banded_sym_w10,three,all,68000.0,0.00011402212887745225,8.721815309291071e-05
banded_sym_w10,three,all,69000.0,0.00011402212887745225,8.721815309291071e-05
banded_sym_w10,three,all,70000.0,0.00011402212887745225,8.721815309291071e-05
banded_sym_w10,three,all,71000.0,0.00010610992271700854,7.602871196547721e-05
banded_sym_w10,three,all,72000.0,8.074768292005727e-05,7.717756454294607e-05
banded_sym_w10,three,all,73000.0,7.209574185707979e-05,8.398928812261905e-05
banded_sym_w10,three,all,74000.0,6.418353569663608e-05,7.290634385363384e-05
banded_sym_w10,three,all,75000.0,6.418353569663608e-05,7.290634385363384e-05
banded_sym_w10,three,all,76000.0,6.418353569663608e-05,7.290634385363384e-05
banded_sym_w10,three,all,77000.0,6.418353569663608e-05,7.290634385363384e-05
banded_sym_w10,three,all,78000.0,6.418353569663608e-05,7.290634385363384e-05
banded_sym_w10,three,all,79000.0,6.418353569663608e-05,7.290634385363384e-05
banded_sym_w10,three,all,80000.0,6.418353569663608e-05,7.290634385363384e-05
banded_sym_w10,three,all,81000.0,6.418353569663608e-05,7.290634385363384e-05
banded_sym_w10,three,all,82000.0,6.418353569663608e-05,7.290634385363384e-05
banded_sym_w10,three,all,83000.0,6.418353569663608e-05,7.290634385363384e-05
banded_sym_w10,three,all,84000.0,5.627132953619236e-05,6.18617931696594e-05
banded_sym_w10,three,all,85000.0,4.8359123375748646e-05,5.088064425229497e-05
banded_sym_w10,three,all,86000.0,4.8359123375748646e-05,5.088064425229497e-05
banded_sym_w10,three,all,87000.0,4.8359123375748646e-05,5.088064425229497e-05
banded_sym_w10,three,all,88000.0,4.044691721530493e-05,4.0015128266606025e-05
banded_sym_w10,three,all,89000.0,4.044691721530493e-05,4.0015128266606025e-05
banded_sym_w10,three,all,90000.0,4.044691721530493e-05,4.0015128266606025e-05
banded_sym_w10,three,all,91000.0,4.044691721530493e-05,4.0015128266606025e-05
banded_sym_w10,three,all,92000.0,4.044691721530493e-05,4.0015128266606025e-05
banded_sym_w10,three,all,93000.0,4.044691721530493e-05,4.0015128266606025e-05
banded_sym_w10,three,all,94000.0,4.044691721530493e-05,4.0015128266606025e-05
banded_sym_w10,three,all,95000.0,3.164882464177487e-05,4.475819704156582e-05
banded_sym_w10,three,all,96000.0,3.164882464177487e-05,4.475819704156582e-05
banded_sym_w10,three,all,97000.0,3.164882464177487e-05,4.475819704156582e-05
banded_sym_w10,three,all,98000.0,3.164882464177487e-05,4.475819704156582e-05
banded_sym_w10,three,all,99000.0,3.164882464177487e-05,4.475819704156582e-05
banded_sym_w10,three,all,100000.0,3.164882464177487e-05,4.475819704156582e-05
banded_sym_w10,three,all,101000.0,3.164882464177487e-05,4.475819704156582e-05
banded_sym_w10,three,all,102000.0,2.373661848133115e-05,3.356864778117437e-05
banded_sym_w10,three,all,103000.0,2.373661848133115e-05,3.356864778117437e-05
banded_sym_w10,three,all,104000.0,2.373661848133115e-05,3.356864778117437e-05
banded_sym_w10,three,all,105000.0,2.373661848133115e-05,3.356864778117437e-05
banded_sym_w10,three,all,106000.0,2.373661848133115e-05,3.356864778117437e-05
banded_sym_w10,three,all,107000.0,1.5824412320887434e-05,2.237909852078291e-05
banded_sym_w10,three,all,108000.0,1.5824412320887434e-05,2.237909852078291e-05
banded_sym_w10,three,all,109000.0,1.5824412320887434e-05,2.237909852078291e-05
banded_sym_w10,three,all,110000.0,1.5824412320887434e-05,2.237909852078291e-05
banded_sym_w10,three,all,111000.0,1.5824412320887434e-05,2.237909852078291e-05
banded_sym_w10,three,all,112000.0,1.5824412320887434e-05,2.237909852078291e-05
banded_sym_w10,three,all,113000.0,1.5824412320887434e-05,2.237909852078291e-05
banded_sym_w10,three,all,114000.0,1.5824412320887434e-05,2.237909852078291e-05
banded_sym_w10,three,all,115000.0,1.5824412320887434e-05,2.237909852078291e-05
banded_sym_w10,three,all,116000.0,1.5824412320887434e-05,2.237909852078291e-05
banded_sym_w10,three,all,117000.0,1.5824412320887434e-05,2.237909852078291e-05
banded_sym_w10,three,all,118000.0,1.5824412320887434e-05,2.237909852078291e-05
banded_sym_w10,three,all,119000.0,1.5824412320887434e-05,2.237909852078291e-05
banded_sym_w10,three,all,120000.0,1.5824412320887434e-05,2.237909852078291e-05
banded_sym_w10,three,all,121000.0,1.5824412320887434e-05,2.237909852078291e-05
banded_sym_w10,three,all,122000.0,7.912206160443717e-06,1.1189549260391454e-05
banded_sym_w10,three,all,123000.0,7.912206160443717e-06,1.1189549260391454e-05
banded_sym_w10,three,all,124000.0,7.912206160443717e-06,1.1189549260391454e-05
banded_sym_w10,three,all,125000.0,7.912206160443717e-06,1.1189549260391454e-05
banded_sym_w10,three,all,126000.0,7.912206160443717e-06,1.1189549260391454e-05
banded_sym_w10,three,all,127000.0,7.912206160443717e-06,1.1189549260391454e-05
banded_sym_w10,three,all,128000.0,7.912206160443717e-06,1.1189549260391454e-05
banded_sym_w10,three,all,129000.0,7.912206160443717e-06,1.1189549260391454e-05
banded_sym_w10,three,all,130000.0,7.912206160443717e-06,1.1189549260391454e-05
banded_sym_w10,three,all,131000.0,7.912206160443717e-06,1.1189549260391454e-05
banded_sym_w10,three,all,132000.0,7.912206160443717e-06,1.1189549260391454e-05
banded_sym_w10,three,all,133000.0,7.912206160443717e-06,1.1189549260391454e-05
banded_sym_w10,three,all,134000.0,7.912206160443717e-06,1.1189549260391454e-05
banded_sym_w10,three,all,135000.0,7.912206160443717e-06,1.1189549260391454e-05
banded_sym_w10,three,all,136000.0,7.912206160443717e-06,1.1189549260391454e-05
banded_sym_w10,three,all,137000.0,7.912206160443717e-06,1.1189549260391454e-05
banded_sym_w10,three,all,138000.0,7.912206160443717e-06,1.1189549260391454e-05
banded_sym_w10,three,all,139000.0,7.912206160443717e-06,1.1189549260391454e-05
banded_sym_w10,three,all,140000.0,7.912206160443717e-06,1.1189549260391454e-05
banded_sym_w10,three,all,141000.0,7.912206160443717e-06,1.1189549260391454e-05
banded_sym_w10,three,all,142000.0,7.912206160443717e-06,1.1189549260391454e-05
banded_sym_w10,three,all,143000.0,7.912206160443717e-06,1.1189549260391454e-05
banded_sym_w10,three,all,144000.0,7.912206160443717e-06,1.1189549260391454e-05
banded_sym_w10,three,all,145000.0,7.912206160443717e-06,1.1189549260391454e-05
banded_sym_w10,three,all,146000.0,7.912206160443717e-06,1.1189549260391454e-05
banded_sym_w10,three,all,147000.0,7.912206160443717e-06,1.1189549260391454e-05
banded_sym_w10,three,all,148000.0,7.912206160443717e-06,1.1189549260391454e-05
banded_sym_w10,three,all,149000.0,7.912206160443717e-06,1.1189549260391454e-05
banded_sym_w10,three,all,150000.0,7.912206160443717e-06,1.1189549260391454e-05
banded_sym_w10,three,all,151000.0,7.912206160443717e-06,1.1189549260391454e-05
banded_sym_w10,three,all,152000.0,7.912206160443717e-06,1.1189549260391454e-05
banded_sym_w10,three,all,153000.0,7.912206160443717e-06,1.1189549260391454e-05
banded_sym_w10,three,all,154000.0,7.912206160443717e-06,1.1189549260391454e-05
banded_sym_w10,three,all,155000.0,7.912206160443717e-06,1.1189549260391454e-05
banded_sym_w10,three,all,156000.0,7.912206160443717e-06,1.1189549260391454e-05
banded_sym_w10,three,all,157000.0,7.912206160443717e-06,1.1189549260391454e-05
banded_sym_w10,three,all,158000.0,7.912206160443717e-06,1.1189549260391454e-05
banded_sym_w10,three,all,159000.0,7.912206160443717e-06,1.1189549260391454e-05
banded_sym_w10,three,all,160000.0,7.912206160443717e-06,1.1189549260391454e-05
banded_sym_w10,three,all,161000.0,7.912206160443717e-06,1.1189549260391454e-05
banded_sym_w10,three,all,162000.0,7.912206160443717e-06,1.1189549260391454e-05
banded_sym_w10,three,all,163000.0,7.912206160443717e-06,1.1189549260391454e-05
banded_sym_w10,three,all,164000.0,7.912206160443717e-06,1.1189549260391454e-05
banded_sym_w10,triplet,all,0.0,1.0,0.0
banded_sym_w10,triplet,all,1000.0,0.3807666278899274,0.002593395571997326
banded_sym_w10,triplet,all,2000.0,0.192714208098808,0.0036942298985789134
banded_sym_w10,triplet,all,3000.0,0.1095986284867148,0.002465673774798234
banded_sym_w10,triplet,all,4000.0,0.06662697014167823,0.0025530516661160098
banded_sym_w10,triplet,all,5000.0,0.04372646844976968,0.002606078457420182
banded_sym_w10,triplet,all,6000.0,0.029456707575649065,0.001980876784667669
banded_sym_w10,triplet,all,7000.0,0.02039118215340255,0.0014358576719447104
banded_sym_w10,triplet,all,8000.0,0.014199329194300793,0.0012545909533062845
banded_sym_w10,triplet,all,9000.0,0.010430157114407956,0.0009926671142722228
banded_sym_w10,triplet,all,10000.0,0.0077813592268577885,0.0007163185717889958
banded_sym_w10,triplet,all,11000.0,0.005871201738781701,0.000543781936636945
banded_sym_w10,triplet,all,12000.0,0.004581656307864466,0.00022279406586846924
banded_sym_w10,triplet,all,13000.0,0.003552255960299717,0.0001764645880941969
banded_sym_w10,triplet,all,14000.0,0.0028545308365120967,0.0001593823261595886
banded_sym_w10,triplet,all,15000.0,0.0021913982130704023,0.0002514478957966675
banded_sym_w10,triplet,all,16000.0,0.0018397431264791993,0.0003004916319996192
banded_sym_w10,triplet,all,17000.0,0.0015066359127167475,0.00023947881736657785
banded_sym_w10,triplet,all,18000.0,0.0011931760939831934,0.0003069837779280923
banded_sym_w10,triplet,all,19000.0,0.0010531997404077788,0.00034765585743506185
banded_sym_w10,triplet,all,20000.0,0.0008679969461576595,0.00029391515963124134
banded_sym_w10,triplet,all,21000.0,0.0007647686754222936,0.00034235413797342095
banded_sym_w10,triplet,all,22000.0,0.0006687459397103748,0.00028545307835796234
banded_sym_w10,triplet,all,23000.0,0.0005954230746413394,0.0002646669490405206
banded_sym_w10,triplet,all,24000.0,0.0005201179276892423,0.0002684701400442849
banded_sym_w10,triplet,all,25000.0,0.0004118407660198819,0.0002000612606649155
banded_sym_w10,triplet,all,26000.0,0.000325366581873543,0.0001880976376786866
banded_sym_w10,triplet,all,27000.0,0.0002520437168045076,0.00016485087360669048
banded_sym_w10,triplet,all,28000.0,0.00024051288335586598,0.00014861234446613816
banded_sym_w10,triplet,all,29000.0,0.00020429989738127914,0.00012826929770156403
banded_sym_w10,triplet,all,30000.0,0.000179979541109734,0.00011826803561704458
banded_sym_w10,triplet,all,31000.0,0.00013259751794090553,7.746860608675423e-05
banded_sym_w10,triplet,all,32000.0,0.00013259751794090553,7.746860608675423e-05
banded_sym_w10,triplet,all,33000.0,0.00010827716166936039,7.212455356402774e-05
banded_sym_w10,triplet,all,34000.0,8.359500914341526e-05,6.319391355476945e-05
banded_sym_w10,triplet,all,35000.0,8.359500914341526e-05,6.319391355476945e-05
banded_sym_w10,triplet,all,36000.0,8.359500914341526e-05,6.319391355476945e-05
banded_sym_w10,triplet,all,37000.0,6.053334224613194e-05,3.058144829129201e-05
banded_sym_w10,triplet,all,38000.0,6.053334224613194e-05,3.058144829129201e-05
banded_sym_w10,triplet,all,39000.0,4.900250879749026e-05,1.427805429067613e-05
banded_sym_w10,triplet,all,40000.0,3.585118972018681e-05,2.8300694655849705e-05
banded_sym_w10,triplet,all,41000.0,2.3061666897283333e-05,3.2614122097068746e-05
banded_sym_w10,triplet,all,42000.0,2.3061666897283333e-05,3.2614122097068746e-05
banded_sym_w10,triplet,all,43000.0,2.3061666897283333e-05,3.2614122097068746e-05
banded_sym_w10,triplet,all,44000.0,1.1530833448641666e-05,1.6307061048534373e-05
banded_sym_w10,triplet,all,45000.0,1.1530833448641666e-05,1.6307061048534373e-05
banded_sym_w10,triplet,all,46000.0,1.1530833448641666e-05,1.6307061048534373e-05
banded_sym_w10,triplet,all,47000.0,1.1530833448641666e-05,1.6307061048534373e-05
banded_sym_w10,triplet,all,48000.0,1.1530833448641666e-05,1.6307061048534373e-05
banded_sym_w10,triplet,all,49000.0,1.1530833448641666e-05,1.6307061048534373e-05
banded_sym_w10,triplet,all,50000.0,1.1530833448641666e-05,1.6307061048534373e-05
banded_sym_w10,triplet,all,51000.0,1.1530833448641666e-05,1.6307061048534373e-05
banded_sym_w10,triplet,all,52000.0,1.1530833448641666e-05,1.6307061048534373e-05
banded_sym_w10,triplet,all,53000.0,1.1530833448641666e-05,1.6307061048534373e-05
banded_sym_w10,triplet,all,54000.0,1.1530833448641666e-05,1.6307061048534373e-05
banded_sym_w10,triplet,all,55000.0,1.1530833448641666e-05,1.6307061048534373e-05
banded_sym_w10,triplet,all,56000.0,1.1530833448641666e-05,1.6307061048534373e-05
banded_sym_w10,triplet,all,57000.0,1.1530833448641666e-05,1.6307061048534373e-05
banded_sym_w10,triplet,all,58000.0,1.1530833448641666e-05,1.6307061048534373e-05
banded_sym_w10,triplet,all,59000.0,1.1530833448641666e-05,1.6307061048534373e-05
banded_sym_w10,triplet,all,60000.0,1.1530833448641666e-05,1.6307061048534373e-05
banded_anti_w4,one,all,0.0,1.0,0.0
banded_anti_w4,one,all,1000.0,0.4807587820817369,0.005305139511749498
banded_anti_w4,one,all,2000.0,0.2894115210986414,0.006428851775227837
banded_anti_w4,one,all,3000.0,0.19149327656194495,0.0029982691478389672
banded_anti_w4,one,all,4000.0,0.13346435005309695,0.0038694584017718416
banded_anti_w4,one,all,5000.0,0.09690673023723771,0.002612317385096313
banded_anti_w4,one,all,6000.0,0.07207498942980041,0.0022765479892623438
banded_anti_w4,one,all,7000.0,0.05526081697373525,0.0022065551703987266
banded_anti_w4,one,all,8000.0,0.04354597512146537,0.0020547350416848242
banded_anti_w4,one,all,9000.0,0.03470028687973695,0.001838144889805285
banded_anti_w4,one,all,10000.0,0.028121480018961555,0.0019976479559168613
banded_anti_w4,one,all,11000.0,0.0224568724245178,0.0017890981198062368
banded_anti_w4,one,all,12000.0,0.01851178905057597,0.0015814050072282032
banded_anti_w4,one,all,13000.0,0.015458828753513213,0.0015805873962597995
banded_anti_w4,one,all,14000.0,0.012804914499035439,0.0015515877963375286
banded_anti_w4,one,all,15000.0,0.010660103518168805,0.0013264452134409332
banded_anti_w4,one,all,16000.0,0.009033104515875731,0.0012349877114995345
banded_anti_w4,one,all,17000.0,0.007855064379753824,0.0010668469107604525
banded_anti_w4,one,all,18000.0,0.0067133095306265616,0.0008960149259819547
banded_anti_w4,one,all,19000.0,0.0058651872330512484,0.0008022722306507227
banded_anti_w4,one,all,20000.0,0.005233760956254108,0.0007258682882004773
banded_anti_w4,one,all,21000.0,0.004676937375895806,0.0005666540588717592
banded_anti_w4,one,all,22000.0,0.004165453850736586,0.0005054434310890902
banded_anti_w4,one,all,23000.0,0.0036210113655007815,0.000453577904678884
banded_anti_w4,one,all,24000.0,0.0032047329561273757,0.0002939093712589559
banded_anti_w4,one,all,25000.0,0.002809658324015226,0.00021604850826526664
banded_anti_w4,one,all,26000.0,0.0024888184622796415,0.0002892195633838644
banded_anti_w4,one,all,27000.0,0.002236530001061055,0.00028148327835569056
banded_anti_w4,one,all,28000.0,0.0019383014725154295,0.00025144465888119177
banded_anti_w4,one,all,29000.0,0.0016866362320313675,0.00021014929695843443
banded_anti_w4,one,all,30000.0,0.0015481928093157259,0.00018075516010587983
banded_anti_w4,one,all,31000.0,0.001417232792843519,0.00017305306878667343
banded_anti_w4,one,all,32000.0,0.0012588333801219933,0.00014419351708304918
banded_anti_w4,one,all,33000.0,0.0011758455534263768,0.00010197305624638126
banded_anti_w4,one,all,34000.0,0.001054493900073429,9.380151529493088e-05
banded_anti_w4,one,all,35000.0,0.0009434202477874009,6.299219814206616e-05
banded_anti_w4,one,all,36000.0,0.000868655091102585,4.77185481024733e-05
banded_anti_w4,one,all,37000.0,0.0007829190867966197,0.00010070032219541023
banded_anti_w4,one,all,38000.0,0.0007184551397852917,8.305827314600663e-05
banded_anti_w4,one,all,39000.0,0.0006629067093389937,8.149085964708414e-05
banded_anti_w4,one,all,40000.0,0.0005889040250281115,2.9515253409397305e-05
banded_anti_w4,one,all,41000.0,0.0005333788031883817,1.1281244212949448e-05
banded_anti_w4,one,all,42000.0,0.0005141620769498638,3.773806903687055e-05
banded_anti_w4,one,all,43000.0,0.00048605304275288426,3.814923905001836e-05
banded_anti_w4,one,all,44000.0,0.00042911891919812764,7.928397537889338e-05
banded_anti_w4,one,all,45000.0,0.00040170273155537735,6.126201632060318e-05
banded_anti_w4,one,all,46000.0,0.000374956181860288,6.148187676305444e-05
banded_anti_w4,one,all,47000.0,0.0003653710273475973,4.828850242577043e-05
banded_anti_w4,one,all,48000.0,0.00034617750971564754,4.6685727491929685e-05
banded_anti_w4,one,all,49000.0,0.0003002142337820402,7.3929139908572e-05
banded_anti_w4,one,all,50000.0,0.0002542741664550011,8.474083127092458e-05
banded_anti_w4,one,all,51000.0,0.00024466580333574214,9.151229347753753e-05
banded_anti_w4,one,all,52000.0,0.00023508064882305142,7.798913194134496e-05
banded_anti_w4,one,all,53000.0,0.00023508064882305142,7.798913194134496e-05
banded_anti_w4,one,all,54000.0,0.00021655676913876265,9.111437714510152e-05
banded_anti_w4,one,all,55000.0,0.0002069484060195036,9.938995874279413e-05
banded_anti_w4,one,all,56000.0,0.00019736325150681287,8.610671113419337e-05
banded_anti_w4,one,all,57000.0,0.0001781929424814314,5.9907191168001616e-05
banded_anti_w4,one,all,58000.0,0.00015077675483868107,5.615287907335918e-05
banded_anti_w4,one,all,59000.0,0.00013227608376096056,5.085483977243118e-05
banded_anti_w4,one,all,60000.0,0.00012269092924826984,3.803919885273976e-05
banded_anti_w4,one,all,61000.0,0.00010352062022288832,1.6462525198201138e-05
banded_anti_w4,one,all,62000.0,0.00010352062022288832,1.6462525198201138e-05
banded_anti_w4,one,all,63000.0,0.00010352062022288832,1.6462525198201138e-05
banded_anti_w4,one,all,64000.0,0.00010352062022288832,1.6462525198201138e-05
banded_anti_w4,one,all,65000.0,9.393546571019758e-05,1.5306302668048433e-05
banded_anti_w4,one,all,66000.0,9.393546571019758e-05,1.5306302668048433e-05
banded_anti_w4,one,all,67000.0,9.393546571019758e-05,1.5306302668048433e-05
banded_anti_w4,one,all,68000.0,9.393546571019758e-05,1.5306302668048433e-05
banded_anti_w4,one,all,69000.0,8.501994914516781e-05,2.524809562305417e-05
banded_anti_w4,one,all,70000.0,8.501994914516781e-05,2.524809562305417e-05
banded_anti_w4,one,all,71000.0,8.501994914516781e-05,2.524809562305417e-05
banded_anti_w4,one,all,72000.0,7.54115860259088e-05,1.5498945119991058e-05
banded_anti_w4,one,all,73000.0,6.58032229066498e-05,1.4568830920847712e-05
banded_anti_w4,one,all,74000.0,6.58032229066498e-05,1.4568830920847712e-05
banded_anti_w4,one,all,75000.0,6.58032229066498e-05,1.4568830920847712e-05
banded_anti_w4,one,all,76000.0,6.58032229066498e-05,1.4568830920847712e-05
banded_anti_w4,one,all,77000.0,6.58032229066498e-05,1.4568830920847712e-05
banded_anti_w4,one,all,78000.0,6.58032229066498e-05,1.4568830920847712e-05
banded_anti_w4,one,all,79000.0,5.688770634162002e-05,2.4304853957598902e-05
banded_anti_w4,one,all,80000.0,5.688770634162002e-05,2.4304853957598902e-05
banded_anti_w4,one,all,81000.0,5.688770634162002e-05,2.4304853957598902e-05
banded_anti_w4,one,all,82000.0,5.688770634162002e-05,2.4304853957598902e-05
banded_anti_w4,one,all,83000.0,5.688770634162002e-05,2.4304853957598902e-05
banded_anti_w4,one,all,84000.0,5.688770634162002e-05,2.4304853957598902e-05
banded_anti_w4,one,all,85000.0,5.688770634162002e-05,2.4304853957598902e-05
banded_anti_w4,one,all,86000.0,5.688770634162002e-05,2.4304853957598902e-05
banded_anti_w4,one,all,87000.0,5.688770634162002e-05,2.4304853957598902e-05
banded_anti_w4,one,all,88000.0,5.688770634162002e-05,2.4304853957598902e-05
banded_anti_w4,one,all,89000.0,5.688770634162002e-05,2.4304853957598902e-05
banded_anti_w4,one,all,90000.0,3.769418870967027e-05,1.4038219768339794e-05
banded_anti_w4,one,all,91000.0,2.8085825590411265e-05,2.3497828668939385e-05
banded_anti_w4,one,all,92000.0,2.8085825590411265e-05,2.3497828668939385e-05
banded_anti_w4,one,all,93000.0,2.8085825590411265e-05,2.3497828668939385e-05
banded_anti_w4,one,all,94000.0,2.8085825590411265e-05,2.3497828668939385e-05
banded_anti_w4,one,all,95000.0,2.8085825590411265e-05,2.3497828668939385e-05
banded_anti_w4,one,all,96000.0,1.8500671077720522e-05,1.3107632800564094e-05
banded_anti_w4,one,all,97000.0,1.8500671077720522e-05,1.3107632800564094e-05
banded_anti_w4,one,all,98000.0,1.8500671077720522e-05,1.3107632800564094e-05
banded_anti_w4,one,all,99000.0,1.8500671077720522e-05,1.3107632800564094e-05
banded_anti_w4,one,all,100000.0,1.8500671077720522e-05,1.3107632800564094e-05
banded_anti_w4,one,all,101000.0,1.8500671077720522e-05,1.3107632800564094e-05
banded_anti_w4,one,all,102000.0,1.8500671077720522e-05,1.3107632800564094e-05
banded_anti_w4,one,all,103000.0,1.8500671077720522e-05,1.3107632800564094e-05
banded_anti_w4,one,all,104000.0,1.8500671077720522e-05,1.3107632800564094e-05
banded_anti_w4,one,all,105000.0,9.585154512690744e-06,1.3555455509288927e-05
banded_anti_w4,one,all,106000.0,9.585154512690744e-06,1.3555455509288927e-05
banded_anti_w4,one,all,107000.0,9.585154512690744e-06,1.3555455509288927e-05
banded_anti_w4,one,all,108000.0,9.585154512690744e-06,1.3555455509288927e-05
banded_anti_w4,one,all,109000.0,9.585154512690744e-06,1.3555455509288927e-05
banded_anti_w4,one,all,110000.0,9.585154512690744e-06,1.3555455509288927e-05
banded_anti_w4,one,all,111000.0,9.585154512690744e-06,1.3555455509288927e-05
banded_anti_w4,one,all,112000.0,9.585154512690744e-06,1.3555455509288927e-05
banded_anti_w4,one,all,113000.0,9.585154512690744e-06,1.3555455509288927e-05
banded_anti_w4,one,all,114000.0,9.585154512690744e-06,1.3555455509288927e-05
banded_anti_w4,one,all,115000.0,9.585154512690744e-06,1.3555455509288927e-05
banded_anti_w4,one,all,116000.0,9.585154512690744e-06,1.3555455509288927e-05
banded_anti_w4,one,all,117000.0,9.585154512690744e-06,1.3555455509288927e-05
banded_anti_w4,one,all,118000.0,9.585154512690744e-06,1.3555455509288927e-05
banded_anti_w4,one,all,119000.0,9.585154512690744e-06,1.3555455509288927e-05
banded_anti_w4,one,all,120000.0,9.585154512690744e-06,1.3555455509288927e-05
banded_anti_w4,one,all,121000.0,9.585154512690744e-06,1.3555455509288927e-05
banded_anti_w4,one,all,122000.0,9.585154512690744e-06,1.3555455509288927e-05
banded_anti_w4,one,all,123000.0,9.585154512690744e-06,1.3555455509288927e-05
banded_anti_w4,one,all,124000.0,9.585154512690744e-06,1.3555455509288927e-05
banded_anti_w4,one,all,125000.0,9.585154512690744e-06,1.3555455509288927e-05
banded_anti_w4,one,all,126000.0,9.585154512690744e-06,1.3555455509288927e-05
banded_anti_w4,one,all,127000.0,9.585154512690744e-06,1.3555455509288927e-05
banded_anti_w4,one,all,128000.0,9.585154512690744e-06,1.3555455509288927e-05
banded_anti_w4,one,all,129000.0,9.585154512690744e-06,1.3555455509288927e-05
banded_anti_w4,one,all,130000.0,9.585154512690744e-06,1.3555455509288927e-05
banded_anti_w4,one,all,131000.0,9.585154512690744e-06,1.3555455509288927e-05
banded_anti_w4,one,all,132000.0,9.585154512690744e-06,1.3555455509288927e-05
banded_anti_w4,one,all,133000.0,9.585154512690744e-06,1.3555455509288927e-05
banded_anti_w4,one,all,134000.0,9.585154512690744e-06,1.3555455509288927e-05
banded_anti_w4,one,all,135000.0,9.585154512690744e-06,1.3555455509288927e-05
banded_anti_w4,one,all,136000.0,9.585154512690744e-06,1.3555455509288927e-05
banded_anti_w4,one,all,137000.0,9.585154512690744e-06,1.3555455509288927e-05
banded_anti_w4,one,all,138000.0,9.585154512690744e-06,1.3555455509288927e-05
banded_anti_w4,one,all,139000.0,9.585154512690744e-06,1.3555455509288927e-05
banded_anti_w4,one,all,140000.0,9.585154512690744e-06,1.3555455509288927e-05
banded_anti_w4,one,all,141000.0,9.585154512690744e-06,1.3555455509288927e-05
banded_anti_w4,one,all,142000.0,9.585154512690744e-06,1.3555455509288927e-05
banded_anti_w4,one,all,143000.0,9.585154512690744e-06,1.3555455509288927e-05
banded_anti_w4,one,all,144000.0,9.585154512690744e-06,1.3555455509288927e-05
banded_anti_w4,one,all,145000.0,9.585154512690744e-06,1.3555455509288927e-05
banded_anti_w4,one,all,146000.0,9.585154512690744e-06,1.3555455509288927e-05
banded_anti_w4,one,all,147000.0,9.585154512690744e-06,1.3555455509288927e-05
banded_anti_w4,one,all,148000.0,9.585154512690744e-06,1.3555455509288927e-05
banded_anti_w4,one,all,149000.0,9.585154512690744e-06,1.3555455509288927e-05
banded_anti_w4,one,all,150000.0,9.585154512690744e-06,1.3555455509288927e-05
banded_anti_w4,one,all,151000.0,9.585154512690744e-06,1.3555455509288927e-05
banded_anti_w4,three,all,0.0,1.0,0.0
banded_anti_w4,three,all,1000.0,0.4034252437673327,0.010329807419403324
banded_anti_w4,three,all,2000.0,0.209982809896478,0.0062265903693824514
banded_anti_w4,three,all,3000.0,0.12472679888229281,0.002783327056910019
banded_anti_w4,three,all,4000.0,0.0795843126390496,0.00263639598309146
banded_anti_w4,three,all,5000.0,0.05288923568711639,0.001862160827172942
banded_anti_w4,three,all,6000.0,0.03642393962663908,0.0019082970224136003
banded_anti_w4,three,all,7000.0,0.02608025576759984,0.0015020619956134017
banded_anti_w4,three,all,8000.0,0.01952813465076924,0.0011420968251043449
banded_anti_w4,three,all,9000.0,0.01476244241753196,0.0007695609162121934
banded_anti_w4,three,all,10000.0,0.011008307648638168,0.0008873378663202165
banded_anti_w4,three,all,11000.0,0.00839645902203698,0.0007797989205198298
banded_anti_w4,three,all,12000.0,0.0067051995130464545,0.000859345636059368
banded_anti_w4,three,all,13000.0,0.005322982037354614,0.000655032567512513
banded_anti_w4,three,all,14000.0,0.004408594641577216,0.0006916657899203801
banded_anti_w4,three,all,15000.0,0.0034453315683828285,0.000509291163128894
banded_anti_w4,three,all,16000.0,0.002842029709027674,0.0004012484055722478
banded_anti_w4,three,all,17000.0,0.0023622918533940853,0.0004059006992503013
banded_anti_w4,three,all,18000.0,0.002021902353962938,0.00031702678227433904
banded_anti_w4,three,all,19000.0,0.0016976252546349099,0.00021146761457259023
banded_anti_w4,three,all,20000.0,0.0014180192083398995,0.00018531867848770752
banded_anti_w4,three,all,21000.0,0.001247533815490384,0.00016069490855344132
banded_anti_w4,three,all,22000.0,0.001029545747245035,0.00020929580685993956
banded_anti_w4,three,all,23000.0,0.0008928649895942876,0.00016245284762200215
banded_anti_w4,three,all,24000.0,0.0007533526095807242,0.00016652636753266875
banded_anti_w4,three,all,25000.0,0.0006627587161444027,0.00011297656079903487
banded_anti_w4,three,all,26000.0,0.0005075511984844822,0.00013650883270648764
banded_anti_w4,three,all,27000.0,0.0004634614317193483,9.466191629514262e-05
banded_anti_w4,three,all,28000.0,0.0004326524426945177,7.287355688330925e-05
banded_anti_w4,three,all,29000.0,0.0003861483160233299,7.332068168914018e-05
banded_anti_w4,three,all,30000.0,0.000340642738076788,4.3381996663162804e-05
banded_anti_w4,three,all,31000.0,0.0003084179378705493,3.1474680675740006e-05
banded_anti_w4,three,all,32000.0,0.0002623310736561237,5.28669018108859e-05
banded_anti_w4,three,all,33000.0,0.00024763448473441243,4.319796490069426e-05
banded_anti_w4,three,all,34000.0,0.00021824130689098985,5.0992652526872314e-05
banded_anti_w4,three,all,35000.0,0.00021824130689098985,5.0992652526872314e-05
banded_anti_w4,three,all,36000.0,0.00020254616924463272,6.349396592620521e-05
banded_anti_w4,three,all,37000.0,0.0001717371802198021,4.95971737754946e-05
banded_anti_w4,three,all,38000.0,0.0001560420425734449,6.252487088991967e-05
banded_anti_w4,three,all,39000.0,0.00014034690492708776,7.965041554215541e-05
banded_anti_w4,three,all,40000.0,0.00014034690492708776,7.965041554215541e-05
banded_anti_w4,three,all,41000.0,0.00010953791590225715,6.159209939751664e-05
banded_anti_w4,three,all,42000.0,0.00010953791590225715,6.159209939751664e-05
banded_anti_w4,three,all,43000.0,7.87289268774265e-05,4.688488124102953e-05
banded_anti_w4,three,all,44000.0,7.87289268774265e-05,4.688488124102953e-05
banded_anti_w4,three,all,45000.0,7.87289268774265e-05,4.688488124102953e-05
banded_anti_w4,three,all,46000.0,7.87289268774265e-05,4.688488124102953e-05
banded_anti_w4,three,all,47000.0,7.87289268774265e-05,4.688488124102953e-05
banded_anti_w4,three,all,48000.0,6.303378923106935e-05,6.0697326087855345e-05
banded_anti_w4,three,all,49000.0,4.6921389127949996e-05,3.951791574844004e-05
banded_anti_w4,three,all,50000.0,3.222480020623872e-05,4.5572749496426114e-05
banded_anti_w4,three,all,51000.0,3.222480020623872e-05,4.5572749496426114e-05
banded_anti_w4,three,all,52000.0,3.222480020623872e-05,4.5572749496426114e-05
banded_anti_w4,three,all,53000.0,3.222480020623872e-05,4.5572749496426114e-05
banded_anti_w4,three,all,54000.0,3.222480020623872e-05,4.5572749496426114e-05
banded_anti_w4,three,all,55000.0,3.222480020623872e-05,4.5572749496426114e-05
banded_anti_w4,three,all,56000.0,3.222480020623872e-05,4.5572749496426114e-05
banded_anti_w4,three,all,57000.0,3.222480020623872e-05,4.5572749496426114e-05
banded_anti_w4,three,all,58000.0,3.222480020623872e-05,4.5572749496426114e-05
banded_anti_w4,three,all,59000.0,3.222480020623872e-05,4.5572749496426114e-05
banded_anti_w4,three,all,60000.0,3.222480020623872e-05,4.5572749496426114e-05
banded_anti_w4,three,all,61000.0,3.222480020623872e-05,4.5572749496426114e-05
banded_anti_w4,three,all,62000.0,3.222480020623872e-05,4.5572749496426114e-05
banded_anti_w4,three,all,63000.0,3.222480020623872e-05,4.5572749496426114e-05
banded_anti_w4,three,all,64000.0,3.222480020623872e-05,4.5572749496426114e-05
banded_anti_w4,three,all,65000.0,3.222480020623872e-05,4.5572749496426114e-05
banded_anti_w4,three,all,66000.0,3.222480020623872e-05,4.5572749496426114e-05
banded_anti_w4,three,all,67000.0,3.222480020623872e-05,4.5572749496426114e-05
banded_anti_w4,three,all,68000.0,3.222480020623872e-05,4.5572749496426114e-05
banded_anti_w4,three,all,69000.0,3.222480020623872e-05,4.5572749496426114e-05
banded_anti_w4,three,all,70000.0,3.222480020623872e-05,4.5572749496426114e-05
banded_anti_w4,three,all,71000.0,3.222480020623872e-05,4.5572749496426114e-05
banded_anti_w4,three,all,72000.0,3.222480020623872e-05,4.5572749496426114e-05
banded_anti_w4,three,all,73000.0,3.222480020623872e-05,4.5572749496426114e-05
banded_anti_w4,three,all,74000.0,3.222480020623872e-05,4.5572749496426114e-05
banded_anti_w4,three,all,75000.0,3.222480020623872e-05,4.5572749496426114e-05
banded_anti_w4,three,all,76000.0,3.222480020623872e-05,4.5572749496426114e-05
banded_anti_w4,three,all,77000.0,3.222480020623872e-05,4.5572749496426114e-05
banded_anti_w4,three,all,78000.0,3.222480020623872e-05,4.5572749496426114e-05
banded_anti_w4,three,all,79000.0,3.222480020623872e-05,4.5572749496426114e-05
banded_anti_w4,three,all,80000.0,3.222480020623872e-05,4.5572749496426114e-05
banded_anti_w4,three,all,81000.0,3.222480020623872e-05,4.5572749496426114e-05
banded_anti_w4,three,all,82000.0,3.222480020623872e-05,4.5572749496426114e-05
banded_anti_w4,three,all,83000.0,3.222480020623872e-05,4.5572749496426114e-05
banded_anti_w4,three,all,84000.0,3.222480020623872e-05,4.5572749496426114e-05
banded_anti_w4,three,all,85000.0,3.222480020623872e-05,4.5572749496426114e-05
banded_anti_w4,three,all,86000.0,3.222480020623872e-05,4.5572749496426114e-05
banded_anti_w4,three,all,87000.0,1.611240010311936e-05,2.2786374748213057e-05
banded_anti_w4,three,all,88000.0,1.611240010311936e-05,2.2786374748213057e-05
banded_anti_w4,three,all,89000.0,1.611240010311936e-05,2.2786374748213057e-05
banded_anti_w4,three,all,90000.0,1.611240010311936e-05,2.2786374748213057e-05
banded_anti_w4,three,all,91000.0,1.611240010311936e-05,2.2786374748213057e-05
banded_anti_w4,three,all,92000.0,1.611240010311936e-05,2.2786374748213057e-05
banded_anti_w4,three,all,93000.0,1.611240010311936e-05,2.2786374748213057e-05
banded_anti_w4,three,all,94000.0,1.611240010311936e-05,2.2786374748213057e-05
banded_anti_w4,three,all,95000.0,1.611240010311936e-05,2.2786374748213057e-05
banded_anti_w4,three,all,96000.0,1.611240010311936e-05,2.2786374748213057e-05
banded_anti_w4,three,all,97000.0,1.611240010311936e-05,2.2786374748213057e-05
banded_anti_w4,three,all,98000.0,1.611240010311936e-05,2.2786374748213057e-05
banded_anti_w4,three,all,99000.0,1.611240010311936e-05,2.2786374748213057e-05
banded_anti_w4,three,all,100000.0,1.611240010311936e-05,2.2786374748213057e-05
banded_anti_w4,three,all,101000.0,1.611240010311936e-05,2.2786374748213057e-05
banded_anti_w4,three,all,102000.0,1.611240010311936e-05,2.2786374748213057e-05
banded_anti_w4,three,all,103000.0,1.611240010311936e-05,2.2786374748213057e-05
banded_anti_w4,three,all,104000.0,1.611240010311936e-05,2.2786374748213057e-05
banded_anti_w4,three,all,105000.0,1.611240010311936e-05,2.2786374748213057e-05
banded_anti_w4,three,all,106000.0,1.611240010311936e-05,2.2786374748213057e-05
banded_anti_w4,three,all,107000.0,1.611240010311936e-05,2.2786374748213057e-05
banded_anti_w4,three,all,108000.0,1.611240010311936e-05,2.2786374748213057e-05
banded_anti_w4,three,all,109000.0,1.611240010311936e-05,2.2786374748213057e-05
banded_anti_w4,three,all,110000.0,1.611240010311936e-05,2.2786374748213057e-05
banded_anti_w4,three,all,111000.0,1.611240010311936e-05,2.2786374748213057e-05
banded_anti_w4,three,all,112000.0,1.611240010311936e-05,2.2786374748213057e-05
banded_anti_w4,three,all,113000.0,1.611240010311936e-05,2.2786374748213057e-05
banded_anti_w4,three,all,114000.0,1.611240010311936e-05,2.2786374748213057e-05
banded_anti_w4,three,all,115000.0,1.611240010311936e-05,2.2786374748213057e-05
banded_anti_w4,three,all,116000.0,1.611240010311936e-05,2.2786374748213057e-05
banded_anti_w4,three,all,117000.0,1.611240010311936e-05,2.2786374748213057e-05
banded_anti_w4,three,all,118000.0,1.611240010311936e-05,2.2786374748213057e-05
banded_anti_w4,three,all,119000.0,1.611240010311936e-05,2.2786374748213057e-05
banded_anti_w4,three,all,120000.0,1.611240010311936e-05,2.2786374748213057e-05
banded_anti_w4,three,all,121000.0,1.611240010311936e-05,2.2786374748213057e-05
banded_anti_w4,three,all,122000.0,1.611240010311936e-05,2.2786374748213057e-05
banded_anti_w4,three,all,123000.0,1.611240010311936e-05,2.2786374748213057e-05
banded_anti_w4,three,all,124000.0,1.611240010311936e-05,2.2786374748213057e-05
banded_anti_w4,three,all,125000.0,1.611240010311936e-05,2.2786374748213057e-05
banded_anti_w4,three,all,126000.0,1.611240010311936e-05,2.2786374748213057e-05
banded_anti_w4,three,all,127000.0,1.611240010311936e-05,2.2786374748213057e-05
banded_anti_w4,three,all,128000.0,1.611240010311936e-05,2.2786374748213057e-05
banded_anti_w4,three,all,129000.0,1.611240010311936e-05,2.2786374748213057e-05
banded_anti_w4,three,all,130000.0,1.611240010311936e-05,2.2786374748213057e-05
banded_anti_w4,three,all,131000.0,1.611240010311936e-05,2.2786374748213057e-05
banded_anti_w4,three,all,132000.0,1.611240010311936e-05,2.2786374748213057e-05
banded_anti_w4,three,all,133000.0,1.611240010311936e-05,2.2786374748213057e-05
banded_anti_w4,three,all,134000.0,1.611240010311936e-05,2.2786374748213057e-05
banded_anti_w4,three,all,135000.0,1.611240010311936e-05,2.2786374748213057e-05
banded_anti_w4,three,all,136000.0,1.611240010311936e-05,2.2786374748213057e-05
banded_anti_w4,three,all,137000.0,1.611240010311936e-05,2.2786374748213057e-05
banded_anti_w4,three,all,138000.0,1.611240010311936e-05,2.2786374748213057e-05
banded_anti_w4,three,all,139000.0,1.611240010311936e-05,2.2786374748213057e-05
banded_anti_w4,three,all,140000.0,1.611240010311936e-05,2.2786374748213057e-05
banded_anti_w4,three,all,141000.0,1.611240010311936e-05,2.2786374748213057e-05
banded_anti_w4,triplet,all,0.0,1.0,0.0
banded_anti_w4,triplet,all,1000.0,0.33671341033973334,0.0034512721722932574
banded_anti_w4,triplet,all,2000.0,0.1542478546078552,0.005383469562721556
banded_anti_w4,triplet,all,3000.0,0.08203885407943302,0.0029923514814997622
banded_anti_w4,triplet,all,4000.0,0.0479781362251345,0.002192335554547617
banded_anti_w4,triplet,all,5000.0,0.029664015287197493,0.0016963513291511887
banded_anti_w4,triplet,all,6000.0,0.019342642573576197,0.001510999342985619
banded_anti_w4,triplet,all,7000.0,0.012446723780047506,0.0013880598813746376
banded_anti_w4,triplet,all,8000.0,0.008633297014012598,0.0010638030709772006
banded_anti_w4,triplet,all,9000.0,0.005599441356384095,0.000635910831661292
banded_anti_w4,triplet,all,10000.0,0.004328841689160681,0.0005044640343039856
banded_anti_w4,triplet,all,11000.0,0.003099044282799253,7.1337988439672e-05
banded_anti_w4,triplet,all,12000.0,0.0022780974346872152,0.0001381497489539579
banded_anti_w4,triplet,all,13000.0,0.0017781706842298296,0.00012576562003102737
banded_anti_w4,triplet,all,14000.0,0.00148078342670209,0.00010153910853804931
banded_anti_w4,triplet,all,15000.0,0.0012840705935025457,0.00023208676720853357
banded_anti_w4,triplet,all,16000.0,0.0009577242370272869,0.0001709944742504198
banded_anti_w4,triplet,all,17000.0,0.0007291073346061281,0.00011579368301006164
banded_anti_w4,triplet,all,18000.0,0.0006319415622796117,0.000181624308185746
banded_anti_w4,triplet,all,19000.0,0.0005306401754057445,0.00023638313449927516
banded_anti_w4,triplet,all,20000.0,0.00043052943280513307,0.0002674183344812372
banded_anti_w4,triplet,all,21000.0,0.00038019222064103545,0.00023286510884618767
banded_anti_w4,triplet,all,22000.0,0.00032985500847693773,0.0001987450771651315
banded_anti_w4,triplet,all,23000.0,0.0002795177963128401,0.00016532666437995
banded_anti_w4,triplet,all,24000.0,0.00019959452265555112,9.019736075744424e-05
banded_anti_w4,triplet,all,25000.0,0.0001729534314364548,8.610709492195291e-05
banded_anti_w4,triplet,all,26000.0,9.772945405410025e-05,8.797080780579226e-05
banded_anti_w4,triplet,all,27000.0,9.772945405410025e-05,8.797080780579226e-05
banded_anti_w4,triplet,all,28000.0,9.772945405410025e-05,8.797080780579226e-05
banded_anti_w4,triplet,all,29000.0,5.033721216409764e-05,3.577606377313811e-05
banded_anti_w4,triplet,all,30000.0,5.033721216409764e-05,3.577606377313811e-05
banded_anti_w4,triplet,all,31000.0,5.033721216409764e-05,3.577606377313811e-05
banded_anti_w4,triplet,all,32000.0,5.033721216409764e-05,3.577606377313811e-05
banded_anti_w4,triplet,all,33000.0,5.033721216409764e-05,3.577606377313811e-05
banded_anti_w4,triplet,all,34000.0,5.033721216409764e-05,3.577606377313811e-05
banded_anti_w4,triplet,all,35000.0,2.6641091219096337e-05,3.767619251846481e-05
banded_anti_w4,triplet,all,36000.0,2.6641091219096337e-05,3.767619251846481e-05
banded_anti_w4,triplet,all,37000.0,2.6641091219096337e-05,3.767619251846481e-05
banded_anti_w4,triplet,all,38000.0,2.6641091219096337e-05,3.767619251846481e-05
banded_anti_w4,triplet,all,39000.0,2.6641091219096337e-05,3.767619251846481e-05
banded_anti_w4,triplet,all,40000.0,2.6641091219096337e-05,3.767619251846481e-05
banded_anti_w4,triplet,all,41000.0,2.6641091219096337e-05,3.767619251846481e-05
banded_anti_w4,triplet,all,42000.0,2.6641091219096337e-05,3.767619251846481e-05
banded_anti_w4,triplet,all,43000.0,2.6641091219096337e-05,3.767619251846481e-05
banded_anti_w4,triplet,all,44000.0,2.6641091219096337e-05,3.767619251846481e-05
banded_anti_w4,triplet,all,45000.0,2.6641091219096337e-05,3.767619251846481e-05
banded_anti_w4,triplet,all,46000.0,2.6641091219096337e-05,3.767619251846481e-05
banded_anti_w4,triplet,all,47000.0,2.6641091219096337e-05,3.767619251846481e-05
banded_anti_w4,triplet,all,48000.0,2.6641091219096337e-05,3.767619251846481e-05
banded_anti_w4,triplet,all,49000.0,2.6641091219096337e-05,3.767619251846481e-05
banded_anti_w4,triplet,all,50000.0,2.6641091219096337e-05,3.767619251846481e-05
banded_anti_w4,triplet,all,51000.0,2.6641091219096337e-05,3.767619251846481e-05
banded_anti_w4,triplet,all,52000.0,2.6641091219096337e-05,3.767619251846481e-05
banded_anti_w4,triplet,all,53000.0,2.6641091219096337e-05,3.767619251846481e-05
banded_anti_w4,triplet,all,54000.0,2.6641091219096337e-05,3.767619251846481e-05
banded_anti_w4,triplet,all,55000.0,2.6641091219096337e-05,3.767619251846481e-05
banded_anti_w4,triplet,all,56000.0,2.6641091219096337e-05,3.767619251846481e-05
banded_anti_w4,triplet,all,57000.0,2.6641091219096337e-05,3.767619251846481e-05
banded_anti_w4,triplet,all,58000.0,2.6641091219096337e-05,3.767619251846481e-05
banded_anti_w4,triplet,all,59000.0,2.6641091219096337e-05,3.767619251846481e-05
banded_anti_w4,triplet,all,60000.0,2.6641091219096337e-05,3.767619251846481e-05
banded_anti_w4,triplet,all,61000.0,2.6641091219096337e-05,3.767619251846481e-05
banded_anti_w4,triplet,all,62000.0,2.6641091219096337e-05,3.767619251846481e-05
banded_anti_w4,triplet,all,63000.0,2.6641091219096337e-05,3.767619251846481e-05
banded_anti_w4,triplet,all,64000.0,2.6641091219096337e-05,3.767619251846481e-05
banded_anti_w4,triplet,all,65000.0,2.6641091219096337e-05,3.767619251846481e-05
banded_anti_w4,triplet,all,66000.0,2.6641091219096337e-05,3.767619251846481e-05
banded_anti_w4,triplet,all,67000.0,2.6641091219096337e-05,3.767619251846481e-05
banded_anti_w4,triplet,all,68000.0,2.6641091219096337e-05,3.767619251846481e-05
banded_anti_w4,triplet,all,69000.0,2.6641091219096337e-05,3.767619251846481e-05
banded_anti_w4,triplet,all,70000.0,2.6641091219096337e-05,3.767619251846481e-05
banded_anti_w4,triplet,all,71000.0,2.6641091219096337e-05,3.767619251846481e-05
banded_anti_w4,triplet,all,72000.0,2.6641091219096337e-05,3.767619251846481e-05
banded_anti_w4,triplet,all,73000.0,2.6641091219096337e-05,3.767619251846481e-05
banded_anti_w4,triplet,all,74000.0,2.6641091219096337e-05,3.767619251846481e-05
banded_anti_w4,triplet,all,75000.0,2.6641091219096337e-05,3.767619251846481e-05
banded_anti_w4,triplet,all,76000.0,2.6641091219096337e-05,3.767619251846481e-05
banded_anti_w4,triplet,all,77000.0,2.6641091219096337e-05,3.767619251846481e-05
banded_anti_w4,triplet,all,78000.0,2.6641091219096337e-05,3.767619251846481e-05
banded_anti_w4,triplet,all,79000.0,2.6641091219096337e-05,3.767619251846481e-05
banded_anti_w4,triplet,all,80000.0,2.6641091219096337e-05,3.767619251846481e-05
banded_anti_w4,triplet,all,81000.0,2.6641091219096337e-05,3.767619251846481e-05
banded_anti_w4,triplet,all,82000.0,2.6641091219096337e-05,3.767619251846481e-05
banded_anti_w4,triplet,all,83000.0,2.6641091219096337e-05,3.767619251846481e-05
banded_anti_w4,triplet,all,84000.0,2.6641091219096337e-05,3.767619251846481e-05
banded_anti_w4,triplet,all,85000.0,2.6641091219096337e-05,3.767619251846481e-05
banded_anti_w4,triplet,all,86000.0,2.6641091219096337e-05,3.767619251846481e-05
banded_anti_w4,triplet,all,87000.0,2.6641091219096337e-05,3.767619251846481e-05
banded_anti_w4,triplet,all,88000.0,2.6641091219096337e-05,3.767619251846481e-05
banded_anti_w4,triplet,all,89000.0,2.6641091219096337e-05,3.767619251846481e-05
banded_anti_w4,triplet,all,90000.0,2.6641091219096337e-05,3.767619251846481e-05
banded_anti_w4,triplet,all,91000.0,2.6641091219096337e-05,3.767619251846481e-05
banded_anti_w4,triplet,all,92000.0,2.6641091219096337e-05,3.767619251846481e-05
banded_anti_w4,triplet,all,93000.0,2.6641091219096337e-05,3.767619251846481e-05
banded_anti_w4,triplet,all,94000.0,2.6641091219096337e-05,3.767619251846481e-05
banded_anti_w4,triplet,all,95000.0,2.6641091219096337e-05,3.767619251846481e-05
banded_anti_w4,triplet,all,96000.0,2.6641091219096337e-05,3.767619251846481e-05
banded_anti_w4,triplet,all,97000.0,2.6641091219096337e-05,3.767619251846481e-05
banded_anti_w4,triplet,all,98000.0,2.6641091219096337e-05,3.767619251846481e-05
banded_anti_w4,triplet,all,99000.0,2.6641091219096337e-05,3.767619251846481e-05
banded_anti_w4,triplet,all,100000.0,2.6641091219096337e-05,3.767619251846481e-05
banded_anti_w4,triplet,all,101000.0,2.6641091219096337e-05,3.767619251846481e-05
banded_anti_w4,triplet,all,102000.0,2.6641091219096337e-05,3.767619251846481e-05
banded_anti_w4,triplet,all,103000.0,2.6641091219096337e-05,3.767619251846481e-05
banded_anti_w4,triplet,all,104000.0,2.6641091219096337e-05,3.767619251846481e-05
banded_anti_w4,triplet,all,105000.0,2.6641091219096337e-05,3.767619251846481e-05
banded_anti_w4,triplet,all,106000.0,2.6641091219096337e-05,3.767619251846481e-05
banded_anti_w4,triplet,all,107000.0,2.6641091219096337e-05,3.767619251846481e-05
banded_anti_w4,triplet,all,108000.0,2.6641091219096337e-05,3.767619251846481e-05
banded_anti_w4,triplet,all,109000.0,2.6641091219096337e-05,3.767619251846481e-05
banded_anti_w4,triplet,all,110000.0,2.6641091219096337e-05,3.767619251846481e-05
banded_anti_w4,triplet,all,111000.0,2.6641091219096337e-05,3.767619251846481e-05
banded_anti_w4,triplet,all,112000.0,2.6641091219096337e-05,3.767619251846481e-05
banded_anti_w4,triplet,all,113000.0,2.6641091219096337e-05,3.767619251846481e-05
banded_anti_w4,triplet,all,114000.0,2.6641091219096337e-05,3.767619251846481e-05
banded_anti_w4,triplet,all,115000.0,2.6641091219096337e-05,3.767619251846481e-05
banded_anti_w4,triplet,all,116000.0,2.6641091219096337e-05,3.767619251846481e-05
banded_anti_w4,triplet,all,117000.0,2.6641091219096337e-05,3.767619251846481e-05
banded_anti_w4,triplet,all,118000.0,2.6641091219096337e-05,3.767619251846481e-05
banded_anti_w4,triplet,all,119000.0,2.6641091219096337e-05,3.767619251846481e-05
banded_anti_w4,triplet,all,120000.0,2.6641091219096337e-05,3.767619251846481e-05
banded_anti_w4,triplet,all,121000.0,2.6641091219096337e-05,3.767619251846481e-05
banded_anti_w4,triplet,all,122000.0,2.6641091219096337e-05,3.767619251846481e-05
banded_anti_w4,triplet,all,123000.0,2.6641091219096337e-05,3.767619251846481e-05
banded_anti_w4,triplet,all,124000.0,2.6641091219096337e-05,3.767619251846481e-05
banded_anti_w4,triplet,all,125000.0,2.6641091219096337e-05,3.767619251846481e-05
banded_anti_w4,triplet,all,126000.0,2.6641091219096337e-05,3.767619251846481e-05
banded_anti_w4,triplet,all,127000.0,2.6641091219096337e-05,3.767619251846481e-05
banded_anti_w6,one,all,0.0,1.0,0.0
banded_anti_w6,one,all,1000.0,0.5055026898826646,0.004957215141130459
banded_anti_w6,one,all,2000.0,0.31850698774186864,0.0059115455258195075
banded_anti_w6,one,all,3000.0,0.21677158712279562,0.0038868057375818017
banded_anti_w6,one,all,4000.0,0.15781197798151994,0.0031610436964527463
banded_anti_w6,one,all,5000.0,0.11831360413312035,0.003937605722984178
banded_anti_w6,one,all,6000.0,0.0907669251088109,0.0034700228715904965
banded_anti_w6,one,all,7000.0,0.0712934998195582,0.0028274945638241842
banded_anti_w6,one,all,8000.0,0.05746034639635011,0.0028679632971712185
banded_anti_w6,one,all,9000.0,0.04677697708471921,0.0026093320379449573
banded_anti_w6,one,all,10000.0,0.03896116950440451,0.0023394438230541345
banded_anti_w6,one,all,11000.0,0.032224051069878266,0.0019621142365755617
banded_anti_w6,one,all,12000.0,0.026823099284421132,0.001896549922707091
banded_anti_w6,one,all,13000.0,0.022841907788113073,0.0014167007708997487
banded_anti_w6,one,all,14000.0,0.019641515464667917,0.0011631006947699376
banded_anti_w6,one,all,15000.0,0.016883593767866276,0.0010573880395091076
banded_anti_w6,one,all,16000.0,0.014374800969323242,0.0011766293561597523
banded_anti_w6,one,all,17000.0,0.012633701638901942,0.001132653902663526
banded_anti_w6,one,all,18000.0,0.01093259290633927,0.0010456180841552382
banded_anti_w6,one,all,19000.0,0.009530794234028105,0.0009756695276792657
banded_anti_w6,one,all,20000.0,0.00837735224356599,0.0009609891516987199
banded_anti_w6,one,all,21000.0,0.007497076288108875,0.0007701265520502572
banded_anti_w6,one,all,22000.0,0.006743462973448532,0.0007584011062444858
banded_anti_w6,one,all,23000.0,0.006130778393654226,0.0006640734300826374
banded_anti_w6,one,all,24000.0,0.005564035586133849,0.0005201262836922116
banded_anti_w6,one,all,25000.0,0.004866153675155225,0.0004457442017442939
banded_anti_w6,one,all,26000.0,0.004336023199512711,0.0004424083154532376
banded_anti_w6,one,all,27000.0,0.0038720651219693327,0.00038514174788404547
banded_anti_w6,one,all,28000.0,0.003438671168609271,0.0003511617224085027
banded_anti_w6,one,all,29000.0,0.003140119967426696,0.0003114136770191566
banded_anti_w6,one,all,30000.0,0.002975811287746611,0.00026335128431769
banded_anti_w6,one,all,31000.0,0.002724504584857226,0.00022344793489250907
banded_anti_w6,one,all,32000.0,0.002503762006151158,0.00020997875606953092
banded_anti_w6,one,all,33000.0,0.0023079444026109443,0.00021808003451558855
banded_anti_w6,one,all,34000.0,0.002110377239380383,0.00025082598960315185
banded_anti_w6,one,all,35000.0,0.0019536617977466498,0.00024042254727301525
banded_anti_w6,one,all,36000.0,0.00176573086891997,0.0001928709282676578
banded_anti_w6,one,all,37000.0,0.0016383279577849295,0.00020186639706312425
banded_anti_w6,one,all,38000.0,0.0015132748370152314,0.00017766434972983161
banded_anti_w6,one,all,39000.0,0.0014354150822040886,0.00014013490069265561
banded_anti_w6,one,all,40000.0,0.0013091103677497667,0.0001274028887267513
banded_anti_w6,one,all,41000.0,0.0012303058132618113,0.00015466747691180355
banded_anti_w6,one,all,42000.0,0.0011041033634767597,0.00015815533071258494
banded_anti_w6,one,all,43000.0,0.0010020722611786624,0.00014330431356330617
banded_anti_w6,one,all,44000.0,0.0009160701699808095,0.00011525546656127743
banded_anti_w6,one,all,45000.0,0.0008365631201485893,0.00013966273618421497
banded_anti_w6,one,all,46000.0,0.0007898677201957578,0.0001260647268076469
banded_anti_w6,one,all,47000.0,0.0007357324792004811,9.983172472592227e-05
banded_anti_w6,one,all,48000.0,0.000704619256676805,9.009252076544377e-05
banded_anti_w6,one,all,49000.0,0.000673506034153129,8.036355200615783e-05
banded_anti_w6,one,all,50000.0,0.0006256101728503088,0.00010505429020297782
banded_anti_w6,one,all,51000.0,0.0006100279954211531,0.00010468415948183026
banded_anti_w6,one,all,52000.0,0.0005392123803160025,9.95816443006228e-05
banded_anti_w6,one,all,53000.0,0.0005086482561326857,7.926233877898665e-05
banded_anti_w6,one,all,54000.0,0.0004844257763110959,9.907774460650093e-05
banded_anti_w6,one,all,55000.0,0.000461403757839495,8.074850790642968e-05
banded_anti_w6,one,all,56000.0,0.00043718127801790533,0.0001005603295265557
banded_anti_w6,one,all,57000.0,0.0004209988699137553,0.00012071648313890725
banded_anti_w6,one,all,58000.0,0.0003818967080072749,0.00010299269887364944
banded_anti_w6,one,all,59000.0,0.00035887468953567397,8.499031241577027e-05
banded_anti_w6,one,all,60000.0,0.00034334364444115357,7.740393337571236e-05
banded_anti_w6,one,all,61000.0,0.0003203216259695526,6.023229198470873e-05
banded_anti_w6,one,all,62000.0,0.00031283065259247203,4.978769160930797e-05
banded_anti_w6,one,all,63000.0,0.0002892084034458767,5.059811834407606e-05
banded_anti_w6,one,all,64000.0,0.00028116833172843697,5.543957055896594e-05
banded_anti_w6,one,all,65000.0,0.00027312826001099725,6.201204238251064e-05
banded_anti_w6,one,all,66000.0,0.0002656372866339166,5.160141788939027e-05
banded_anti_w6,one,all,67000.0,0.0002575972149164769,5.9772642834320086e-05
banded_anti_w6,one,all,68000.0,0.00024151707148159745,7.854047922228069e-05
banded_anti_w6,one,all,69000.0,0.00023402609810451683,6.963412061370674e-05
banded_anti_w6,one,all,70000.0,0.00021784369000036686,7.134951372898958e-05
banded_anti_w6,one,all,71000.0,0.00021784369000036686,7.134951372898958e-05
banded_anti_w6,one,all,72000.0,0.0002097524859482919,7.486307357634115e-05
banded_anti_w6,one,all,73000.0,0.00019422144085377155,7.211183640798126e-05
banded_anti_w6,one,all,74000.0,0.0001861302368016966,7.565966063967392e-05
banded_anti_w6,one,all,75000.0,0.00017054805937254095,7.009406069425799e-05
banded_anti_w6,one,all,76000.0,0.00016305708599546033,5.950034907146443e-05
banded_anti_w6,one,all,77000.0,0.00016305708599546033,5.950034907146443e-05
banded_anti_w6,one,all,78000.0,0.00016305708599546033,5.950034907146443e-05
banded_anti_w6,one,all,79000.0,0.00015496588194338534,6.592310312123757e-05
banded_anti_w6,one,all,80000.0,0.00015496588194338534,6.592310312123757e-05
banded_anti_w6,one,all,81000.0,0.00014747490856630474,5.546355975240321e-05
banded_anti_w6,one,all,82000.0,0.00013938370451422975,6.342254165263029e-05
banded_anti_w6,one,all,83000.0,0.00013938370451422975,6.342254165263029e-05
banded_anti_w6,one,all,84000.0,0.00013938370451422975,6.342254165263029e-05
banded_anti_w6,one,all,85000.0,0.00013134363279679003,6.673628443769713e-05
banded_anti_w6,one,all,86000.0,0.00013134363279679003,6.673628443769713e-05
banded_anti_w6,one,all,87000.0,0.00013134363279679003,6.673628443769713e-05
banded_anti_w6,one,all,88000.0,0.0001238526594197094,5.6274891467805205e-05
banded_anti_w6,one,all,89000.0,0.00011636168604262879,4.587432710592949e-05
banded_anti_w6,one,all,90000.0,0.00011636168604262879,4.587432710592949e-05
banded_anti_w6,one,all,91000.0,0.00010017927793847881,6.354042922057253e-05
banded_anti_w6,one,all,92000.0,0.00010017927793847881,6.354042922057253e-05
banded_anti_w6,one,all,93000.0,9.268830456139819e-05,5.437822519370403e-05
banded_anti_w6,one,all,94000.0,7.770635780723696e-05,3.833507558641249e-05
banded_anti_w6,one,all,95000.0,7.770635780723696e-05,3.833507558641249e-05
banded_anti_w6,one,all,96000.0,7.770635780723696e-05,3.833507558641249e-05
banded_anti_w6,one,all,97000.0,7.021538443015633e-05,3.2596923712708344e-05
banded_anti_w6,one,all,98000.0,7.021538443015633e-05,3.2596923712708344e-05
banded_anti_w6,one,all,99000.0,7.021538443015633e-05,3.2596923712708344e-05
banded_anti_w6,one,all,100000.0,7.021538443015633e-05,3.2596923712708344e-05
banded_anti_w6,one,all,101000.0,7.021538443015633e-05,3.2596923712708344e-05
banded_anti_w6,one,all,102000.0,7.021538443015633e-05,3.2596923712708344e-05
banded_anti_w6,one,all,103000.0,7.021538443015633e-05,3.2596923712708344e-05
banded_anti_w6,one,all,104000.0,7.021538443015633e-05,3.2596923712708344e-05
banded_anti_w6,one,all,105000.0,6.272441105307571e-05,2.9664786859049207e-05
banded_anti_w6,one,all,106000.0,6.272441105307571e-05,2.9664786859049207e-05
banded_anti_w6,one,all,107000.0,6.272441105307571e-05,2.9664786859049207e-05
banded_anti_w6,one,all,108000.0,6.272441105307571e-05,2.9664786859049207e-05
banded_anti_w6,one,all,109000.0,6.272441105307571e-05,2.9664786859049207e-05
banded_anti_w6,one,all,110000.0,4.714223362392011e-05,3.9418753775542656e-05
banded_anti_w6,one,all,111000.0,4.714223362392011e-05,3.9418753775542656e-05
banded_anti_w6,one,all,112000.0,4.714223362392011e-05,3.9418753775542656e-05
banded_anti_w6,one,all,113000.0,4.714223362392011e-05,3.9418753775542656e-05
banded_anti_w6,one,all,114000.0,4.714223362392011e-05,3.9418753775542656e-05
banded_anti_w6,one,all,115000.0,4.714223362392011e-05,3.9418753775542656e-05
banded_anti_w6,one,all,116000.0,4.714223362392011e-05,3.9418753775542656e-05
banded_anti_w6,one,all,117000.0,4.714223362392011e-05,3.9418753775542656e-05
banded_anti_w6,one,all,118000.0,4.714223362392011e-05,3.9418753775542656e-05
banded_anti_w6,one,all,119000.0,3.9102161906480396e-05,2.9828701896922382e-05
banded_anti_w6,one,all,120000.0,3.9102161906480396e-05,2.9828701896922382e-05
banded_anti_w6,one,all,121000.0,3.9102161906480396e-05,2.9828701896922382e-05
banded_anti_w6,one,all,122000.0,3.106209018904067e-05,2.200535792438649e-05
banded_anti_w6,one,all,123000.0,3.106209018904067e-05,2.200535792438649e-05
banded_anti_w6,one,all,124000.0,3.106209018904067e-05,2.200535792438649e-05
banded_anti_w6,one,all,125000.0,3.106209018904067e-05,2.200535792438649e-05
banded_anti_w6,one,all,126000.0,3.106209018904067e-05,2.200535792438649e-05
banded_anti_w6,one,all,127000.0,3.106209018904067e-05,2.200535792438649e-05
banded_anti_w6,one,all,128000.0,3.106209018904067e-05,2.200535792438649e-05
banded_anti_w6,one,all,129000.0,3.106209018904067e-05,2.200535792438649e-05
banded_anti_w6,one,all,130000.0,2.3571116811960056e-05,1.9709376887771328e-05
banded_anti_w6,one,all,131000.0,2.3571116811960056e-05,1.9709376887771328e-05
banded_anti_w6,one,all,132000.0,2.3571116811960056e-05,1.9709376887771328e-05
banded_anti_w6,one,all,133000.0,2.3571116811960056e-05,1.9709376887771328e-05
banded_anti_w6,one,all,134000.0,1.5531045094520336e-05,1.1002678962193245e-05
banded_anti_w6,one,all,135000.0,1.5531045094520336e-05,1.1002678962193245e-05
banded_anti_w6,one,all,136000.0,1.5531045094520336e-05,1.1002678962193245e-05
banded_anti_w6,one,all,137000.0,1.5531045094520336e-05,1.1002678962193245e-05
banded_anti_w6,one,all,138000.0,1.5531045094520336e-05,1.1002678962193245e-05
banded_anti_w6,one,all,139000.0,1.5531045094520336e-05,1.1002678962193245e-05
banded_anti_w6,one,all,140000.0,1.5531045094520336e-05,1.1002678962193245e-05
banded_anti_w6,one,all,141000.0,1.5531045094520336e-05,1.1002678962193245e-05
banded_anti_w6,one,all,142000.0,1.5531045094520336e-05,1.1002678962193245e-05
banded_anti_w6,one,all,143000.0,1.5531045094520336e-05,1.1002678962193245e-05
banded_anti_w6,one,all,144000.0,1.5531045094520336e-05,1.1002678962193245e-05
banded_anti_w6,one,all,145000.0,1.5531045094520336e-05,1.1002678962193245e-05
banded_anti_w6,one,all,146000.0,1.5531045094520336e-05,1.1002678962193245e-05
banded_anti_w6,one,all,147000.0,1.5531045094520336e-05,1.1002678962193245e-05
banded_anti_w6,one,all,148000.0,8.040071717439719e-06,1.1370378465255596e-05
banded_anti_w6,one,all,149000.0,8.040071717439719e-06,1.1370378465255596e-05
banded_anti_w6,one,all,150000.0,8.040071717439719e-06,1.1370378465255596e-05
banded_anti_w6,one,all,151000.0,8.040071717439719e-06,1.1370378465255596e-05
banded_anti_w6,one,all,152000.0,8.040071717439719e-06,1.1370378465255596e-05
banded_anti_w6,one,all,153000.0,8.040071717439719e-06,1.1370378465255596e-05
banded_anti_w6,one,all,154000.0,8.040071717439719e-06,1.1370378465255596e-05
banded_anti_w6,one,all,155000.0,8.040071717439719e-06,1.1370378465255596e-05
banded_anti_w6,one,all,156000.0,8.040071717439719e-06,1.1370378465255596e-05
banded_anti_w6,one,all,157000.0,8.040071717439719e-06,1.1370378465255596e-05
banded_anti_w6,one,all,158000.0,8.040071717439719e-06,1.1370378465255596e-05
banded_anti_w6,one,all,159000.0,8.040071717439719e-06,1.1370378465255596e-05
banded_anti_w6,one,all,160000.0,8.040071717439719e-06,1.1370378465255596e-05
banded_anti_w6,one,all,161000.0,8.040071717439719e-06,1.1370378465255596e-05
banded_anti_w6,one,all,162000.0,8.040071717439719e-06,1.1370378465255596e-05
banded_anti_w6,one,all,163000.0,8.040071717439719e-06,1.1370378465255596e-05
banded_anti_w6,one,all,164000.0,8.040071717439719e-06,1.1370378465255596e-05
banded_anti_w6,one,all,165000.0,8.040071717439719e-06,1.1370378465255596e-05
banded_anti_w6,one,all,166000.0,8.040071717439719e-06,1.1370378465255596e-05
banded_anti_w6,one,all,167000.0,8.040071717439719e-06,1.1370378465255596e-05
banded_anti_w6,one,all,168000.0,8.040071717439719e-06,1.1370378465255596e-05
banded_anti_w6,one,all,169000.0,8.040071717439719e-06,1.1370378465255596e-05
banded_anti_w6,one,all,170000.0,8.040071717439719e-06,1.1370378465255596e-05
banded_anti_w6,one,all,171000.0,8.040071717439719e-06,1.1370378465255596e-05
banded_anti_w6,one,all,172000.0,8.040071717439719e-06,1.1370378465255596e-05
banded_anti_w6,one,all,173000.0,8.040071717439719e-06,1.1370378465255596e-05
banded_anti_w6,one,all,174000.0,8.040071717439719e-06,1.1370378465255596e-05
banded_anti_w6,one,all,175000.0,8.040071717439719e-06,1.1370378465255596e-05
banded_anti_w6,one,all,176000.0,8.040071717439719e-06,1.1370378465255596e-05
banded_anti_w6,three,all,0.0,1.0,0.0
banded_anti_w6,three,all,1000.0,0.4387783669551115,0.0062604081479740205
banded_anti_w6,three,all,2000.0,0.2436332855563346,0.007534792699420601
banded_anti_w6,three,all,3000.0,0.15081426490990593,0.005547352994828976
banded_anti_w6,three,all,4000.0,0.099796026386836,0.0040215345512520035
banded_anti_w6,three,all,5000.0,0.06979280266583703,0.0033363926133235062
banded_anti_w6,three,all,6000.0,0.04944451874260258,0.0023810894449217954
banded_anti_w6,three,all,7000.0,0.03692408659321101,0.0018091402550656191
banded_anti_w6,three,all,8000.0,0.02841414801083562,0.0015522490434323475
banded_anti_w6,three,all,9000.0,0.021961483757227937,0.0014360717644706388
banded_anti_w6,three,all,10000.0,0.017320155442476875,0.0012635822646324894
banded_anti_w6,three,all,11000.0,0.0133976961703847,0.0011989721540076772
banded_anti_w6,three,all,12000.0,0.010861549067462917,0.0009309046351216059
banded_anti_w6,three,all,13000.0,0.008814038973129991,0.0006448007796318527
banded_anti_w6,three,all,14000.0,0.007177505256312215,0.0006703323661767956
banded_anti_w6,three,all,15000.0,0.0059655641031122475,0.0007351827709678794
banded_anti_w6,three,all,16000.0,0.0049886027459346135,0.0007191039037002411
banded_anti_w6,three,all,17000.0,0.004348781027981033,0.0007036217220887011
banded_anti_w6,three,all,18000.0,0.0037334726329860068,0.0005265491421188116
banded_anti_w6,three,all,19000.0,0.003151440578597123,0.0003649594630652907
banded_anti_w6,three,all,20000.0,0.00278920624588427,0.0003274541199012561
banded_anti_w6,three,all,21000.0,0.0023936955725652746,0.0002799624526714314
banded_anti_w6,three,all,22000.0,0.001963087099431908,0.00024790029638102883
banded_anti_w6,three,all,23000.0,0.001693322163595282,0.0002750697440166994
banded_anti_w6,three,all,24000.0,0.0015297613568058845,0.0002745286418022239
banded_anti_w6,three,all,25000.0,0.0013439416720886896,0.00025018174355388376
banded_anti_w6,three,all,26000.0,0.0011684526730168323,0.0002575223438435439
banded_anti_w6,three,all,27000.0,0.0010631592735737179,0.000261927240516506
banded_anti_w6,three,all,28000.0,0.0009349202191697991,0.0002559968219307292
banded_anti_w6,three,all,29000.0,0.0008777874939987373,0.00022707896290234504
banded_anti_w6,three,all,30000.0,0.000798395890899878,0.00018034054373025404
banded_anti_w6,three,all,31000.0,0.0007653435028648425,0.0001405449109964904
banded_anti_w6,three,all,32000.0,0.0006604980085639423,0.00011990394101205274
banded_anti_w6,three,all,33000.0,0.0005552046091208281,0.00012431907260523152
banded_anti_w6,three,all,34000.0,0.00048500900949208513,0.0001272625390427481
banded_anti_w6,three,all,35000.0,0.00043798301739525415,0.00013490640312862321
banded_anti_w6,three,all,36000.0,0.0004258308725416875,0.00014548375603652046
banded_anti_w6,three,all,37000.0,0.00034597644498092804,0.0001072556497231961
banded_anti_w6,three,all,38000.0,0.0002881569427768589,0.00011700667748948411
banded_anti_w6,three,all,39000.0,0.00026612201742016854,9.178612321455044e-05
banded_anti_w6,three,all,40000.0,0.0002440870920634782,7.14211032838669e-05
banded_anti_w6,three,all,41000.0,0.00020898929224910678,7.196578531590574e-05
banded_anti_w6,three,all,42000.0,0.00020898929224910678,7.196578531590574e-05
banded_anti_w6,three,all,43000.0,0.0001725328576884068,6.684477331194243e-05
banded_anti_w6,three,all,44000.0,0.0001725328576884068,6.684477331194243e-05
banded_anti_w6,three,all,45000.0,0.00015049793233171645,3.728118050917752e-05
banded_anti_w6,three,all,46000.0,0.00015049793233171645,3.728118050917752e-05
banded_anti_w6,three,all,47000.0,0.00013948046965337127,2.4062931531438654e-05
banded_anti_w6,three,all,48000.0,0.00013948046965337127,2.4062931531438654e-05
banded_anti_w6,three,all,49000.0,0.0001273283247998046,2.6835735072917092e-05
banded_anti_w6,three,all,50000.0,0.00011631086212145944,1.127214537412926e-05
banded_anti_w6,three,all,51000.0,9.245447755654027e-05,4.114225299450628e-05
banded_anti_w6,three,all,52000.0,9.245447755654027e-05,4.114225299450628e-05
banded_anti_w6,three,all,53000.0,9.245447755654027e-05,4.114225299450628e-05
banded_anti_w6,three,all,54000.0,9.245447755654027e-05,4.114225299450628e-05
banded_anti_w6,three,all,55000.0,9.245447755654027e-05,4.114225299450628e-05
banded_anti_w6,three,all,56000.0,8.14370148781951e-05,3.254925265197488e-05
banded_anti_w6,three,all,57000.0,8.14370148781951e-05,3.254925265197488e-05
banded_anti_w6,three,all,58000.0,8.14370148781951e-05,3.254925265197488e-05
banded_anti_w6,three,all,59000.0,5.940208952150473e-05,3.534975796385467e-05
banded_anti_w6,three,all,60000.0,4.8384626843159556e-05,4.553007864330992e-05
banded_anti_w6,three,all,61000.0,4.8384626843159556e-05,4.553007864330992e-05
banded_anti_w6,three,all,62000.0,3.645643456069996e-05,5.155718419150912e-05
banded_anti_w6,three,all,63000.0,3.645643456069996e-05,5.155718419150912e-05
banded_anti_w6,three,all,64000.0,3.645643456069996e-05,5.155718419150912e-05
banded_anti_w6,three,all,65000.0,3.645643456069996e-05,5.155718419150912e-05
banded_anti_w6,three,all,66000.0,3.645643456069996e-05,5.155718419150912e-05
banded_anti_w6,three,all,67000.0,3.645643456069996e-05,5.155718419150912e-05
banded_anti_w6,three,all,68000.0,3.645643456069996e-05,5.155718419150912e-05
banded_anti_w6,three,all,69000.0,3.645643456069996e-05,5.155718419150912e-05
banded_anti_w6,three,all,70000.0,3.645643456069996e-05,5.155718419150912e-05
banded_anti_w6,three,all,71000.0,3.645643456069996e-05,5.155718419150912e-05
banded_anti_w6,three,all,72000.0,3.645643456069996e-05,5.155718419150912e-05
banded_anti_w6,three,all,73000.0,3.645643456069996e-05,5.155718419150912e-05
banded_anti_w6,three,all,74000.0,3.645643456069996e-05,5.155718419150912e-05
banded_anti_w6,three,all,75000.0,3.645643456069996e-05,5.155718419150912e-05
banded_anti_w6,three,all,76000.0,3.645643456069996e-05,5.155718419150912e-05
banded_anti_w6,three,all,77000.0,3.645643456069996e-05,5.155718419150912e-05
banded_anti_w6,three,all,78000.0,3.645643456069996e-05,5.155718419150912e-05
banded_anti_w6,three,all,79000.0,3.645643456069996e-05,5.155718419150912e-05
banded_anti_w6,three,all,80000.0,3.645643456069996e-05,5.155718419150912e-05
banded_anti_w6,three,all,81000.0,3.645643456069996e-05,5.155718419150912e-05
banded_anti_w6,three,all,82000.0,3.645643456069996e-05,5.155718419150912e-05
banded_anti_w6,three,all,83000.0,3.645643456069996e-05,5.155718419150912e-05
banded_anti_w6,three,all,84000.0,3.645643456069996e-05,5.155718419150912e-05
banded_anti_w6,three,all,85000.0,3.645643456069996e-05,5.155718419150912e-05
banded_anti_w6,three,all,86000.0,3.645643456069996e-05,5.155718419150912e-05
banded_anti_w6,three,all,87000.0,3.645643456069996e-05,5.155718419150912e-05
banded_anti_w6,three,all,88000.0,3.645643456069996e-05,5.155718419150912e-05
banded_anti_w6,three,all,89000.0,3.645643456069996e-05,5.155718419150912e-05
banded_anti_w6,three,all,90000.0,3.645643456069996e-05,5.155718419150912e-05
banded_anti_w6,three,all,91000.0,3.645643456069996e-05,5.155718419150912e-05
banded_anti_w6,three,all,92000.0,3.645643456069996e-05,5.155718419150912e-05
banded_anti_w6,three,all,93000.0,3.645643456069996e-05,5.155718419150912e-05
banded_anti_w6,three,all,94000.0,3.645643456069996e-05,5.155718419150912e-05
banded_anti_w6,three,all,95000.0,2.430428970713331e-05,3.437145612767274e-05
banded_anti_w6,three,all,96000.0,2.430428970713331e-05,3.437145612767274e-05
banded_anti_w6,three,all,97000.0,2.430428970713331e-05,3.437145612767274e-05
banded_anti_w6,three,all,98000.0,2.430428970713331e-05,3.437145612767274e-05
banded_anti_w6,three,all,99000.0,2.430428970713331e-05,3.437145612767274e-05
banded_anti_w6,three,all,100000.0,2.430428970713331e-05,3.437145612767274e-05
banded_anti_w6,three,all,101000.0,2.430428970713331e-05,3.437145612767274e-05
banded_anti_w6,three,all,102000.0,1.2152144853566655e-05,1.718572806383637e-05
banded_anti_w6,three,all,103000.0,1.2152144853566655e-05,1.718572806383637e-05
banded_anti_w6,three,all,104000.0,1.2152144853566655e-05,1.718572806383637e-05
banded_anti_w6,three,all,105000.0,1.2152144853566655e-05,1.718572806383637e-05
banded_anti_w6,three,all,106000.0,1.2152144853566655e-05,1.718572806383637e-05
banded_anti_w6,three,all,107000.0,1.2152144853566655e-05,1.718572806383637e-05
banded_anti_w6,three,all,108000.0,1.2152144853566655e-05,1.718572806383637e-05
banded_anti_w6,three,all,109000.0,1.2152144853566655e-05,1.718572806383637e-05
banded_anti_w6,three,all,110000.0,1.2152144853566655e-05,1.718572806383637e-05
banded_anti_w6,three,all,111000.0,1.2152144853566655e-05,1.718572806383637e-05
banded_anti_w6,three,all,112000.0,1.2152144853566655e-05,1.718572806383637e-05
banded_anti_w6,three,all,113000.0,1.2152144853566655e-05,1.718572806383637e-05
banded_anti_w6,three,all,114000.0,1.2152144853566655e-05,1.718572806383637e-05
banded_anti_w6,three,all,115000.0,1.2152144853566655e-05,1.718572806383637e-05
banded_anti_w6,three,all,116000.0,1.2152144853566655e-05,1.718572806383637e-05
banded_anti_w6,three,all,117000.0,1.2152144853566655e-05,1.718572806383637e-05
banded_anti_w6,three,all,118000.0,1.2152144853566655e-05,1.718572806383637e-05
banded_anti_w6,three,all,119000.0,1.2152144853566655e-05,1.718572806383637e-05
banded_anti_w6,three,all,120000.0,1.2152144853566655e-05,1.718572806383637e-05
banded_anti_w6,three,all,121000.0,1.2152144853566655e-05,1.718572806383637e-05
banded_anti_w6,three,all,122000.0,1.2152144853566655e-05,1.718572806383637e-05
banded_anti_w6,three,all,123000.0,1.2152144853566655e-05,1.718572806383637e-05
banded_anti_w6,three,all,124000.0,1.2152144853566655e-05,1.718572806383637e-05
banded_anti_w6,three,all,125000.0,1.2152144853566655e-05,1.718572806383637e-05
banded_anti_w6,three,all,126000.0,1.2152144853566655e-05,1.718572806383637e-05
banded_anti_w6,three,all,127000.0,1.2152144853566655e-05,1.718572806383637e-05
banded_anti_w6,three,all,128000.0,1.2152144853566655e-05,1.718572806383637e-05
banded_anti_w6,three,all,129000.0,1.2152144853566655e-05,1.718572806383637e-05
banded_anti_w6,three,all,130000.0,1.2152144853566655e-05,1.718572806383637e-05
banded_anti_w6,three,all,131000.0,1.2152144853566655e-05,1.718572806383637e-05
banded_anti_w6,three,all,132000.0,1.2152144853566655e-05,1.718572806383637e-05
banded_anti_w6,three,all,133000.0,1.2152144853566655e-05,1.718572806383637e-05
banded_anti_w6,three,all,134000.0,1.2152144853566655e-05,1.718572806383637e-05
banded_anti_w6,three,all,135000.0,1.2152144853566655e-05,1.718572806383637e-05
banded_anti_w6,three,all,136000.0,1.2152144853566655e-05,1.718572806383637e-05
banded_anti_w6,three,all,137000.0,1.2152144853566655e-05,1.718572806383637e-05
banded_anti_w6,three,all,138000.0,1.2152144853566655e-05,1.718572806383637e-05
banded_anti_w6,three,all,139000.0,1.2152144853566655e-05,1.718572806383637e-05
banded_anti_w6,three,all,140000.0,1.2152144853566655e-05,1.718572806383637e-05
banded_anti_w6,three,all,141000.0,1.2152144853566655e-05,1.718572806383637e-05
banded_anti_w6,three,all,142000.0,1.2152144853566655e-05,1.718572806383637e-05
banded_anti_w6,three,all,143000.0,1.2152144853566655e-05,1.718572806383637e-05
banded_anti_w6,triplet,all,0.0,1.0,0.0
banded_anti_w6,triplet,all,1000.0,0.3580931733597243,0.004887317033375041
banded_anti_w6,triplet,all,2000.0,0.17105576429578165,0.007099788695121533
banded_anti_w6,triplet,all,3000.0,0.09293086016726422,0.0045626559084233215
banded_anti_w6,triplet,all,4000.0,0.05511117876379321,0.003574137686496948
banded_anti_w6,triplet,all,5000.0,0.034545659751358156,0.0022722115529878557
banded_anti_w6,triplet,all,6000.0,0.02350378463328741,0.0017139433721915017
banded_anti_w6,triplet,all,7000.0,0.015725022301872983,0.0013657049139760263
banded_anti_w6,triplet,all,8000.0,0.011328095606013604,0.0011316976152208403
banded_anti_w6,triplet,all,9000.0,0.008101358002481037,0.001131202958083652
banded_anti_w6,triplet,all,10000.0,0.00606652788151012,0.0008740498943083163
banded_anti_w6,triplet,all,11000.0,0.004443949565886034,0.0003551806387552878
banded_anti_w6,triplet,all,12000.0,0.0033102038629790657,0.00023075129701677065
banded_anti_w6,triplet,all,13000.0,0.002509928655047671,0.00021709064624866948
banded_anti_w6,triplet,all,14000.0,0.00214420002190796,0.0002866422870685927
banded_anti_w6,triplet,all,15000.0,0.0017486068490635707,0.0002175382470851491
banded_anti_w6,triplet,all,16000.0,0.0014041053834335587,0.00019758653172726224
banded_anti_w6,triplet,all,17000.0,0.0011166271052624876,0.0001462730559539225
banded_anti_w6,triplet,all,18000.0,0.0009565487808626112,8.878220474218084e-05
banded_anti_w6,triplet,all,19000.0,0.0009042418000620033,5.057951066128611e-05
banded_anti_w6,triplet,all,20000.0,0.0007419572815312393,7.037290706787902e-05
banded_anti_w6,triplet,all,21000.0,0.0005784177567367526,7.338498664034673e-05
banded_anti_w6,triplet,all,22000.0,0.00041833943233687615,0.00010695297268541965
banded_anti_w6,triplet,all,23000.0,0.00038189604291702654,8.130829805302978e-05
banded_anti_w6,triplet,all,24000.0,0.00025575109540955447,7.561849930114663e-05
banded_anti_w6,triplet,all,25000.0,0.00023642630363418588,5.390373960399781e-05
banded_anti_w6,triplet,all,26000.0,0.00016258833692732165,4.0404820935888294e-05
banded_anti_w6,triplet,all,27000.0,0.00012393875337658443,6.118791072784834e-05
banded_anti_w6,triplet,all,28000.0,0.00010682015573210345,3.924608573557248e-05
banded_anti_w6,triplet,all,29000.0,7.163177257597652e-05,2.203043254640872e-05
banded_anti_w6,triplet,all,30000.0,7.163177257597652e-05,2.203043254640872e-05
banded_anti_w6,triplet,all,31000.0,7.163177257597652e-05,2.203043254640872e-05
banded_anti_w6,triplet,all,32000.0,5.451317493149556e-05,2.710551903909633e-06
banded_anti_w6,triplet,all,33000.0,5.451317493149556e-05,2.710551903909633e-06
banded_anti_w6,triplet,all,34000.0,5.451317493149556e-05,2.710551903909633e-06
banded_anti_w6,triplet,all,35000.0,5.451317493149556e-05,2.710551903909633e-06
banded_anti_w6,triplet,all,36000.0,5.451317493149556e-05,2.710551903909633e-06
banded_anti_w6,triplet,all,37000.0,5.451317493149556e-05,2.710551903909633e-06
banded_anti_w6,triplet,all,38000.0,5.451317493149556e-05,2.710551903909633e-06
banded_anti_w6,triplet,all,39000.0,5.451317493149556e-05,2.710551903909633e-06
banded_anti_w6,triplet,all,40000.0,3.73945772870146e-05,2.6486595974572278e-05
banded_anti_w6,triplet,all,41000.0,3.73945772870146e-05,2.6486595974572278e-05
banded_anti_w6,triplet,all,42000.0,3.73945772870146e-05,2.6486595974572278e-05
banded_anti_w6,triplet,all,43000.0,3.73945772870146e-05,2.6486595974572278e-05
banded_anti_w6,triplet,all,44000.0,3.73945772870146e-05,2.6486595974572278e-05
banded_anti_w6,triplet,all,45000.0,3.73945772870146e-05,2.6486595974572278e-05
banded_anti_w6,triplet,all,46000.0,3.73945772870146e-05,2.6486595974572278e-05
banded_anti_w6,triplet,all,47000.0,3.73945772870146e-05,2.6486595974572278e-05
banded_anti_w6,triplet,all,48000.0,3.73945772870146e-05,2.6486595974572278e-05
banded_anti_w6,triplet,all,49000.0,3.73945772870146e-05,2.6486595974572278e-05
banded_anti_w6,triplet,all,50000.0,3.73945772870146e-05,2.6486595974572278e-05
banded_anti_w6,triplet,all,51000.0,3.73945772870146e-05,2.6486595974572278e-05
banded_anti_w6,triplet,all,52000.0,1.932479177536862e-05,2.7329382618762342e-05
banded_anti_w6,triplet,all,53000.0,1.932479177536862e-05,2.7329382618762342e-05
banded_anti_w6,triplet,all,54000.0,1.932479177536862e-05,2.7329382618762342e-05
banded_anti_w6,triplet,all,55000.0,1.932479177536862e-05,2.7329382618762342e-05
banded_anti_w6,triplet,all,56000.0,1.932479177536862e-05,2.7329382618762342e-05
banded_anti_w6,triplet,all,57000.0,1.932479177536862e-05,2.7329382618762342e-05
banded_anti_w6,triplet,all,58000.0,1.932479177536862e-05,2.7329382618762342e-05
banded_anti_w6,triplet,all,59000.0,1.932479177536862e-05,2.7329382618762342e-05
banded_anti_w6,triplet,all,60000.0,1.932479177536862e-05,2.7329382618762342e-05
banded_anti_w6,triplet,all,61000.0,1.932479177536862e-05,2.7329382618762342e-05
banded_anti_w6,triplet,all,62000.0,1.932479177536862e-05,2.7329382618762342e-05
banded_anti_w6,triplet,all,63000.0,1.932479177536862e-05,2.7329382618762342e-05
banded_anti_w6,triplet,all,64000.0,1.932479177536862e-05,2.7329382618762342e-05
banded_anti_w6,triplet,all,65000.0,1.932479177536862e-05,2.7329382618762342e-05
banded_anti_w6,triplet,all,66000.0,1.932479177536862e-05,2.7329382618762342e-05
banded_anti_w6,triplet,all,67000.0,1.932479177536862e-05,2.7329382618762342e-05
banded_anti_w6,triplet,all,68000.0,1.932479177536862e-05,2.7329382618762342e-05
banded_anti_w6,triplet,all,69000.0,1.932479177536862e-05,2.7329382618762342e-05
banded_anti_w6,triplet,all,70000.0,1.932479177536862e-05,2.7329382618762342e-05
banded_anti_w6,triplet,all,71000.0,1.932479177536862e-05,2.7329382618762342e-05
banded_anti_w6,triplet,all,72000.0,1.932479177536862e-05,2.7329382618762342e-05
banded_anti_w6,triplet,all,73000.0,1.932479177536862e-05,2.7329382618762342e-05
banded_anti_w6,triplet,all,74000.0,1.932479177536862e-05,2.7329382618762342e-05
banded_anti_w6,triplet,all,75000.0,1.932479177536862e-05,2.7329382618762342e-05
banded_anti_w6,triplet,all,76000.0,1.932479177536862e-05,2.7329382618762342e-05
banded_anti_w6,triplet,all,77000.0,1.932479177536862e-05,2.7329382618762342e-05
banded_anti_w6,triplet,all,78000.0,1.932479177536862e-05,2.7329382618762342e-05
banded_anti_w6,triplet,all,79000.0,1.932479177536862e-05,2.7329382618762342e-05
banded_anti_w6,triplet,all,80000.0,1.932479177536862e-05,2.7329382618762342e-05
banded_anti_w6,triplet,all,81000.0,1.932479177536862e-05,2.7329382618762342e-05
banded_anti_w6,triplet,all,82000.0,1.932479177536862e-05,2.7329382618762342e-05
banded_anti_w6,triplet,all,83000.0,1.932479177536862e-05,2.7329382618762342e-05
banded_anti_w6,triplet,all,84000.0,1.932479177536862e-05,2.7329382618762342e-05
banded_anti_w6,triplet,all,85000.0,1.932479177536862e-05,2.7329382618762342e-05
banded_anti_w6,triplet,all,86000.0,1.932479177536862e-05,2.7329382618762342e-05
banded_anti_w6,triplet,all,87000.0,1.932479177536862e-05,2.7329382618762342e-05
banded_anti_w6,triplet,all,88000.0,1.932479177536862e-05,2.7329382618762342e-05
banded_anti_w6,triplet,all,89000.0,1.932479177536862e-05,2.7329382618762342e-05
banded_anti_w6,triplet,all,90000.0,1.932479177536862e-05,2.7329382618762342e-05
banded_anti_w6,triplet,all,91000.0,1.932479177536862e-05,2.7329382618762342e-05
banded_anti_w6,triplet,all,92000.0,1.932479177536862e-05,2.7329382618762342e-05
banded_anti_w6,triplet,all,93000.0,1.932479177536862e-05,2.7329382618762342e-05
banded_anti_w6,triplet,all,94000.0,1.932479177536862e-05,2.7329382618762342e-05
banded_anti_w6,triplet,all,95000.0,1.932479177536862e-05,2.7329382618762342e-05
banded_anti_w6,triplet,all,96000.0,1.932479177536862e-05,2.7329382618762342e-05
banded_anti_w6,triplet,all,97000.0,1.932479177536862e-05,2.7329382618762342e-05
banded_anti_w6,triplet,all,98000.0,1.932479177536862e-05,2.7329382618762342e-05
banded_anti_w6,triplet,all,99000.0,1.932479177536862e-05,2.7329382618762342e-05
banded_anti_w6,triplet,all,100000.0,1.932479177536862e-05,2.7329382618762342e-05
banded_anti_w6,triplet,all,101000.0,1.932479177536862e-05,2.7329382618762342e-05
banded_anti_w6,triplet,all,102000.0,1.932479177536862e-05,2.7329382618762342e-05
banded_anti_w6,triplet,all,103000.0,1.932479177536862e-05,2.7329382618762342e-05
banded_anti_w6,triplet,all,104000.0,1.932479177536862e-05,2.7329382618762342e-05
banded_anti_w6,triplet,all,105000.0,1.932479177536862e-05,2.7329382618762342e-05
banded_anti_w6,triplet,all,106000.0,1.932479177536862e-05,2.7329382618762342e-05
banded_anti_w6,triplet,all,107000.0,1.932479177536862e-05,2.7329382618762342e-05
banded_anti_w6,triplet,all,108000.0,1.932479177536862e-05,2.7329382618762342e-05
banded_anti_w6,triplet,all,109000.0,1.932479177536862e-05,2.7329382618762342e-05
banded_anti_w6,triplet,all,110000.0,1.932479177536862e-05,2.7329382618762342e-05
banded_anti_w6,triplet,all,111000.0,1.932479177536862e-05,2.7329382618762342e-05
banded_anti_w6,triplet,all,112000.0,1.932479177536862e-05,2.7329382618762342e-05
banded_anti_w6,triplet,all,113000.0,1.932479177536862e-05,2.7329382618762342e-05
banded_anti_w6,triplet,all,114000.0,1.932479177536862e-05,2.7329382618762342e-05
banded_anti_w6,triplet,all,115000.0,1.932479177536862e-05,2.7329382618762342e-05
banded_anti_w6,triplet,all,116000.0,1.932479177536862e-05,2.7329382618762342e-05
banded_anti_w6,triplet,all,117000.0,1.932479177536862e-05,2.7329382618762342e-05
banded_anti_w6,triplet,all,118000.0,1.932479177536862e-05,2.7329382618762342e-05
banded_anti_w6,triplet,all,119000.0,1.932479177536862e-05,2.7329382618762342e-05
banded_anti_w6,triplet,all,120000.0,1.932479177536862e-05,2.7329382618762342e-05
banded_anti_w6,triplet,all,121000.0,1.932479177536862e-05,2.7329382618762342e-05
banded_anti_w6,triplet,all,122000.0,1.932479177536862e-05,2.7329382618762342e-05
banded_anti_w6,triplet,all,123000.0,1.932479177536862e-05,2.7329382618762342e-05
banded_anti_w6,triplet,all,124000.0,1.932479177536862e-05,2.7329382618762342e-05
banded_anti_w6,triplet,all,125000.0,1.932479177536862e-05,2.7329382618762342e-05
banded_anti_w6,triplet,all,126000.0,1.932479177536862e-05,2.7329382618762342e-05
banded_anti_w6,triplet,all,127000.0,1.932479177536862e-05,2.7329382618762342e-05
banded_anti_w6,triplet,all,128000.0,1.932479177536862e-05,2.7329382618762342e-05
banded_anti_w8,one,all,0.0,1.0,0.0
banded_anti_w8,one,all,1000.0,0.5207285219762915,0.004891117905088615
banded_anti_w8,one,all,2000.0,0.3346936978456676,0.005786794162703054
banded_anti_w8,one,all,3000.0,0.2329796611977343,0.005535358922688167
banded_anti_w8,one,all,4000.0,0.172314121134049,0.004386510496333805
banded_anti_w8,one,all,5000.0,0.13164783810596692,0.004765931847191954
banded_anti_w8,one,all,6000.0,0.10324153648752697,0.0038356769697470666
banded_anti_w8,one,all,7000.0,0.0824237507436073,0.0034906417435239187
banded_anti_w8,one,all,8000.0,0.06714399661538478,0.003615676859345463
banded_anti_w8,one,all,9000.0,0.055298078120081896,0.0030072660165060654
banded_anti_w8,one,all,10000.0,0.046332604793830896,0.002340870487666142
banded_anti_w8,one,all,11000.0,0.039152386546761765,0.0020946074745785987
banded_anti_w8,one,all,12000.0,0.033337215586926615,0.0019240608587690262
banded_anti_w8,one,all,13000.0,0.02830432144069753,0.0015661291524241036
banded_anti_w8,one,all,14000.0,0.02478235906075908,0.0014487785664425536
banded_anti_w8,one,all,15000.0,0.021487587392599716,0.0015734260277115916
banded_anti_w8,one,all,16000.0,0.018635904173045656,0.0016190005181903814
banded_anti_w8,one,all,17000.0,0.016430624106868567,0.0013940388216616092
banded_anti_w8,one,all,18000.0,0.01464681554361485,0.001359686974709812
banded_anti_w8,one,all,19000.0,0.012813596981089396,0.0015131283216348907
banded_anti_w8,one,all,20000.0,0.011247847312620587,0.0014318560663898782
banded_anti_w8,one,all,21000.0,0.010088569039021469,0.001288383828218201
banded_anti_w8,one,all,22000.0,0.009080407900844778,0.0011184674697351368
banded_anti_w8,one,all,23000.0,0.008252255089570159,0.00101433194117452
banded_anti_w8,one,all,24000.0,0.007448132971650734,0.0008448155908422483
banded_anti_w8,one,all,25000.0,0.0067836008696361555,0.0007771689977432513
banded_anti_w8,one,all,26000.0,0.006191925273482565,0.0007185857478303004
banded_anti_w8,one,all,27000.0,0.005636190535180919,0.0006185128725275317
banded_anti_w8,one,all,28000.0,0.005113148245620526,0.0006001003368348478
banded_anti_w8,one,all,29000.0,0.004707686758728947,0.0005065012043661771
banded_anti_w8,one,all,30000.0,0.004249349391561398,0.0005065902540891232
banded_anti_w8,one,all,31000.0,0.0038861671151893752,0.00047162270906460276
banded_anti_w8,one,all,32000.0,0.0036043705297567293,0.00037694668233048944
banded_anti_w8,one,all,33000.0,0.0033804374496632546,0.00032189544361161223
banded_anti_w8,one,all,34000.0,0.0031078922497515377,0.0003003186701576654
banded_anti_w8,one,all,35000.0,0.0028725575129162975,0.0003021873913229619
banded_anti_w8,one,all,36000.0,0.002633334953070641,0.00023732432977590116
banded_anti_w8,one,all,37000.0,0.0024616475619283315,0.00020353994315204166
banded_anti_w8,one,all,38000.0,0.0022711236876497235,0.00019444080549065623
banded_anti_w8,one,all,39000.0,0.0021473316592520437,0.00017802359683210682
banded_anti_w8,one,all,40000.0,0.002007152013212331,0.00015811473915469809
banded_anti_w8,one,all,41000.0,0.0018494882758036653,0.00017507644303948975
banded_anti_w8,one,all,42000.0,0.001760203591110705,0.00019870452573180318
banded_anti_w8,one,all,43000.0,0.001642114280686906,0.00022760361862478735
banded_anti_w8,one,all,44000.0,0.0015537140411962436,0.00016806518461991426
banded_anti_w8,one,all,45000.0,0.0014645970446319691,0.00015291798169321744
banded_anti_w8,one,all,46000.0,0.0013971890028673687,0.00012356913958428258
banded_anti_w8,one,all,47000.0,0.0013283880081454839,0.000134106059948334
banded_anti_w8,one,all,48000.0,0.0012594598864848524,0.00013407572370159482
banded_anti_w8,one,all,49000.0,0.0011970783668104601,0.00014309824901893685
banded_anti_w8,one,all,50000.0,0.001121054574218664,0.00014675735728035045
banded_anti_w8,one,all,51000.0,0.001031261381770717,0.0001458577747618946
banded_anti_w8,one,all,52000.0,0.0009560409120013399,0.00014689584992354265
banded_anti_w8,one,all,53000.0,0.0009017260742092175,0.00013014546438926242
banded_anti_w8,one,all,54000.0,0.0008740195863682305,0.00013388450307107484
banded_anti_w8,one,all,55000.0,0.0008183117956188238,0.00016043452485944423
banded_anti_w8,one,all,56000.0,0.0007837638907241651,0.0001746579646464582
banded_anti_w8,one,all,57000.0,0.000749510800896939,0.00016897875051415093
banded_anti_w8,one,all,58000.0,0.0006751342151399203,0.00014179298498140282
banded_anti_w8,one,all,59000.0,0.0006358546032224861,9.133443050434698e-05
banded_anti_w8,one,all,60000.0,0.0005940839004579159,0.00010129198375036274
banded_anti_w8,one,all,61000.0,0.0005468647335969584,8.549019429552204e-05
banded_anti_w8,one,all,62000.0,0.0005262539166871362,8.59815900374058e-05
banded_anti_w8,one,all,63000.0,0.0004921279537986569,8.79196585939232e-05
banded_anti_w8,one,all,64000.0,0.00047848568088125287,7.928576113571618e-05
banded_anti_w8,one,all,65000.0,0.0004574529219652515,9.627141689677525e-05
banded_anti_w8,one,all,66000.0,0.00041635841508435396,0.00010773794178510815
banded_anti_w8,one,all,67000.0,0.0003956204712357851,9.771470721739178e-05
banded_anti_w8,one,all,68000.0,0.0003816833832509486,0.00011570993493914039
banded_anti_w8,one,all,69000.0,0.0003620435772922315,9.536805182160141e-05
banded_anti_w8,one,all,70000.0,0.0003485284313135742,9.926430336673412e-05
banded_anti_w8,one,all,71000.0,0.0003485284313135742,9.926430336673412e-05
banded_anti_w8,one,all,72000.0,0.0003344642163899911,0.00010536846873303588
banded_anti_w8,one,all,73000.0,0.00032736854545882625,0.00010252835884053371
banded_anti_w8,one,all,74000.0,0.0003137262725414223,9.351399415706738e-05
banded_anti_w8,one,all,75000.0,0.0003137262725414223,9.351399415706738e-05
banded_anti_w8,one,all,76000.0,0.0003000839996240183,8.464446751179073e-05
banded_anti_w8,one,all,77000.0,0.0002929883286928534,8.362181809585926e-05
banded_anti_w8,one,all,78000.0,0.0002794731827141962,8.507956726588095e-05
banded_anti_w8,one,all,79000.0,0.00027237751178303124,8.41192693406394e-05
banded_anti_w8,one,all,80000.0,0.00025818616992070146,8.576287916383484e-05
banded_anti_w8,one,all,81000.0,0.00025163956793446243,7.704323397091738e-05
banded_anti_w8,one,all,82000.0,0.0002450929659482234,6.846517617876564e-05
banded_anti_w8,one,all,83000.0,0.00023812442195580516,7.661314986905314e-05
banded_anti_w8,one,all,84000.0,0.00023812442195580516,7.661314986905314e-05
banded_anti_w8,one,all,85000.0,0.00022406020703222206,8.546354008600881e-05
banded_anti_w8,one,all,86000.0,0.00022406020703222206,8.546354008600881e-05
banded_anti_w8,one,all,87000.0,0.00022406020703222206,8.546354008600881e-05
banded_anti_w8,one,all,88000.0,0.00022406020703222206,8.546354008600881e-05
banded_anti_w8,one,all,89000.0,0.00021751360504598298,7.714844729609589e-05
banded_anti_w8,one,all,90000.0,0.00021751360504598298,7.714844729609589e-05
banded_anti_w8,one,all,91000.0,0.00021041793411481804,7.8220695364065e-05
banded_anti_w8,one,all,92000.0,0.00020387133212857906,6.960510285061798e-05
banded_anti_w8,one,all,93000.0,0.00020387133212857906,6.960510285061798e-05
banded_anti_w8,one,all,94000.0,0.00018423152616986192,4.530608969284741e-05
banded_anti_w8,one,all,95000.0,0.0001772629821774437,5.4490661313121196e-05
banded_anti_w8,one,all,96000.0,0.00016362070926003976,4.576770527152788e-05
banded_anti_w8,one,all,97000.0,0.00015707410727380073,3.865346455424172e-05
banded_anti_w8,one,all,98000.0,0.00015707410727380073,3.865346455424172e-05
banded_anti_w8,one,all,99000.0,0.0001434318343563968,2.9750360694276437e-05
banded_anti_w8,one,all,100000.0,0.0001434318343563968,2.9750360694276437e-05
banded_anti_w8,one,all,101000.0,0.00013688523237015773,2.3118182267873793e-05
banded_anti_w8,one,all,102000.0,0.00013688523237015773,2.3118182267873793e-05
banded_anti_w8,one,all,103000.0,0.00013688523237015773,2.3118182267873793e-05
banded_anti_w8,one,all,104000.0,0.00013688523237015773,2.3118182267873793e-05
banded_anti_w8,one,all,105000.0,0.00012978956143899282,2.1519610621590125e-05
banded_anti_w8,one,all,106000.0,0.00012978956143899282,2.1519610621590125e-05
banded_anti_w8,one,all,107000.0,0.00012269389050782793,2.4354283300737654e-05
banded_anti_w8,one,all,108000.0,0.00011614728852158889,1.5103620812306572e-05
banded_anti_w8,one,all,109000.0,0.00011614728852158889,1.5103620812306572e-05
banded_anti_w8,one,all,110000.0,0.00010250501560418496,1.3422411201077272e-05
banded_anti_w8,one,all,111000.0,8.831367374185517e-05,3.2796138827620267e-05
banded_anti_w8,one,all,112000.0,8.831367374185517e-05,3.2796138827620267e-05
banded_anti_w8,one,all,113000.0,8.831367374185517e-05,3.2796138827620267e-05
banded_anti_w8,one,all,114000.0,8.176707175561612e-05,2.783385975048642e-05
banded_anti_w8,one,all,115000.0,8.176707175561612e-05,2.783385975048642e-05
banded_anti_w8,one,all,116000.0,8.176707175561612e-05,2.783385975048642e-05
banded_anti_w8,one,all,117000.0,6.102912790704728e-05,4.4437313523145855e-05
banded_anti_w8,one,all,118000.0,6.102912790704728e-05,4.4437313523145855e-05
banded_anti_w8,one,all,119000.0,5.4060583914629065e-05,3.8282453003343574e-05
banded_anti_w8,one,all,120000.0,5.4060583914629065e-05,3.8282453003343574e-05
banded_anti_w8,one,all,121000.0,5.4060583914629065e-05,3.8282453003343574e-05
banded_anti_w8,one,all,122000.0,4.709203992221084e-05,3.392137975155389e-05
banded_anti_w8,one,all,123000.0,4.709203992221084e-05,3.392137975155389e-05
banded_anti_w8,one,all,124000.0,4.709203992221084e-05,3.392137975155389e-05
banded_anti_w8,one,all,125000.0,4.709203992221084e-05,3.392137975155389e-05
banded_anti_w8,one,all,126000.0,4.709203992221084e-05,3.392137975155389e-05
banded_anti_w8,one,all,127000.0,4.709203992221084e-05,3.392137975155389e-05
banded_anti_w8,one,all,128000.0,4.709203992221084e-05,3.392137975155389e-05
banded_anti_w8,one,all,129000.0,4.709203992221084e-05,3.392137975155389e-05
banded_anti_w8,one,all,130000.0,4.709203992221084e-05,3.392137975155389e-05
banded_anti_w8,one,all,131000.0,4.709203992221084e-05,3.392137975155389e-05
banded_anti_w8,one,all,132000.0,4.709203992221084e-05,3.392137975155389e-05
banded_anti_w8,one,all,133000.0,4.709203992221084e-05,3.392137975155389e-05
banded_anti_w8,one,all,134000.0,4.709203992221084e-05,3.392137975155389e-05
banded_anti_w8,one,all,135000.0,4.709203992221084e-05,3.392137975155389e-05
banded_anti_w8,one,all,136000.0,4.709203992221084e-05,3.392137975155389e-05
banded_anti_w8,one,all,137000.0,4.709203992221084e-05,3.392137975155389e-05
banded_anti_w8,one,all,138000.0,4.0123495929792616e-05,3.2093865800836826e-05
banded_anti_w8,one,all,139000.0,4.0123495929792616e-05,3.2093865800836826e-05
banded_anti_w8,one,all,140000.0,4.0123495929792616e-05,3.2093865800836826e-05
banded_anti_w8,one,all,141000.0,3.3154951937374394e-05,3.322069929023453e-05
banded_anti_w8,one,all,142000.0,3.3154951937374394e-05,3.322069929023453e-05
banded_anti_w8,one,all,143000.0,3.3154951937374394e-05,3.322069929023453e-05
banded_anti_w8,one,all,144000.0,3.3154951937374394e-05,3.322069929023453e-05
banded_anti_w8,one,all,145000.0,3.3154951937374394e-05,3.322069929023453e-05
banded_anti_w8,one,all,146000.0,3.3154951937374394e-05,3.322069929023453e-05
banded_anti_w8,one,all,147000.0,3.3154951937374394e-05,3.322069929023453e-05
banded_anti_w8,one,all,148000.0,2.6608349951135348e-05,2.4389412934486592e-05
banded_anti_w8,one,all,149000.0,2.6608349951135348e-05,2.4389412934486592e-05
banded_anti_w8,one,all,150000.0,2.6608349951135348e-05,2.4389412934486592e-05
banded_anti_w8,one,all,151000.0,2.6608349951135348e-05,2.4389412934486592e-05
banded_anti_w8,one,all,152000.0,2.6608349951135348e-05,2.4389412934486592e-05
banded_anti_w8,one,all,153000.0,2.6608349951135348e-05,2.4389412934486592e-05
banded_anti_w8,one,all,154000.0,2.6608349951135348e-05,2.4389412934486592e-05
banded_anti_w8,one,all,155000.0,2.6608349951135348e-05,2.4389412934486592e-05
banded_anti_w8,one,all,156000.0,2.6608349951135348e-05,2.4389412934486592e-05
banded_anti_w8,one,all,157000.0,2.6608349951135348e-05,2.4389412934486592e-05
banded_anti_w8,one,all,158000.0,2.6608349951135348e-05,2.4389412934486592e-05
banded_anti_w8,one,all,159000.0,2.6608349951135348e-05,2.4389412934486592e-05
banded_anti_w8,one,all,160000.0,2.6608349951135348e-05,2.4389412934486592e-05
banded_anti_w8,one,all,161000.0,2.6608349951135348e-05,2.4389412934486592e-05
banded_anti_w8,one,all,162000.0,2.6608349951135348e-05,2.4389412934486592e-05
banded_anti_w8,one,all,163000.0,2.0061747964896308e-05,1.6046932900418413e-05
banded_anti_w8,one,all,164000.0,2.0061747964896308e-05,1.6046932900418413e-05
banded_anti_w8,one,all,165000.0,2.0061747964896308e-05,1.6046932900418413e-05
banded_anti_w8,one,all,166000.0,2.0061747964896308e-05,1.6046932900418413e-05
banded_anti_w8,one,all,167000.0,2.0061747964896308e-05,1.6046932900418413e-05
banded_anti_w8,one,all,168000.0,1.3515145978657266e-05,9.570613250835894e-06
banded_anti_w8,one,all,169000.0,1.3515145978657266e-05,9.570613250835894e-06
banded_anti_w8,one,all,170000.0,1.3515145978657266e-05,9.570613250835894e-06
banded_anti_w8,one,all,171000.0,1.3515145978657266e-05,9.570613250835894e-06
banded_anti_w8,one,all,172000.0,1.3515145978657266e-05,9.570613250835894e-06
banded_anti_w8,one,all,173000.0,1.3515145978657266e-05,9.570613250835894e-06
banded_anti_w8,one,all,174000.0,1.3515145978657266e-05,9.570613250835894e-06
banded_anti_w8,one,all,175000.0,1.3515145978657266e-05,9.570613250835894e-06
banded_anti_w8,one,all,176000.0,1.3515145978657266e-05,9.570613250835894e-06
banded_anti_w8,one,all,177000.0,6.968543992418224e-06,9.855009424071407e-06
banded_anti_w8,one,all,178000.0,6.968543992418224e-06,9.855009424071407e-06
banded_anti_w8,one,all,179000.0,6.968543992418224e-06,9.855009424071407e-06
banded_anti_w8,one,all,180000.0,6.968543992418224e-06,9.855009424071407e-06
banded_anti_w8,one,all,181000.0,6.968543992418224e-06,9.855009424071407e-06
banded_anti_w8,one,all,182000.0,6.968543992418224e-06,9.855009424071407e-06
banded_anti_w8,one,all,183000.0,6.968543992418224e-06,9.855009424071407e-06
banded_anti_w8,one,all,184000.0,6.968543992418224e-06,9.855009424071407e-06
banded_anti_w8,one,all,185000.0,6.968543992418224e-06,9.855009424071407e-06
banded_anti_w8,one,all,186000.0,6.968543992418224e-06,9.855009424071407e-06
banded_anti_w8,one,all,187000.0,6.968543992418224e-06,9.855009424071407e-06
banded_anti_w8,one,all,188000.0,6.968543992418224e-06,9.855009424071407e-06
banded_anti_w8,one,all,189000.0,6.968543992418224e-06,9.855009424071407e-06
banded_anti_w8,one,all,190000.0,6.968543992418224e-06,9.855009424071407e-06
banded_anti_w8,one,all,191000.0,6.968543992418224e-06,9.855009424071407e-06
banded_anti_w8,one,all,192000.0,6.968543992418224e-06,9.855009424071407e-06
banded_anti_w8,one,all,193000.0,6.968543992418224e-06,9.855009424071407e-06
banded_anti_w8,one,all,194000.0,6.968543992418224e-06,9.855009424071407e-06
banded_anti_w8,one,all,195000.0,6.968543992418224e-06,9.855009424071407e-06
banded_anti_w8,one,all,196000.0,6.968543992418224e-06,9.855009424071407e-06
banded_anti_w8,one,all,197000.0,6.968543992418224e-06,9.855009424071407e-06
banded_anti_w8,one,all,198000.0,6.968543992418224e-06,9.855009424071407e-06
banded_anti_w8,one,all,199000.0,6.968543992418224e-06,9.855009424071407e-06
banded_anti_w8,one,all,200000.0,6.968543992418224e-06,9.855009424071407e-06
banded_anti_w8,one,all,201000.0,6.968543992418224e-06,9.855009424071407e-06
banded_anti_w8,one,all,202000.0,6.968543992418224e-06,9.855009424071407e-06
banded_anti_w8,one,all,203000.0,6.968543992418224e-06,9.855009424071407e-06
banded_anti_w8,one,all,204000.0,6.968543992418224e-06,9.855009424071407e-06
banded_anti_w8,one,all,205000.0,6.968543992418224e-06,9.855009424071407e-06
banded_anti_w8,one,all,206000.0,6.968543992418224e-06,9.855009424071407e-06
banded_anti_w8,one,all,207000.0,6.968543992418224e-06,9.855009424071407e-06
banded_anti_w8,one,all,208000.0,6.968543992418224e-06,9.855009424071407e-06
banded_anti_w8,one,all,209000.0,6.968543992418224e-06,9.855009424071407e-06
banded_anti_w8,one,all,210000.0,6.968543992418224e-06,9.855009424071407e-06
banded_anti_w8,one,all,211000.0,6.968543992418224e-06,9.855009424071407e-06
banded_anti_w8,one,all,212000.0,6.968543992418224e-06,9.855009424071407e-06
banded_anti_w8,one,all,213000.0,6.968543992418224e-06,9.855009424071407e-06
banded_anti_w8,one,all,214000.0,6.968543992418224e-06,9.855009424071407e-06
banded_anti_w8,one,all,215000.0,6.968543992418224e-06,9.855009424071407e-06
banded_anti_w8,one,all,216000.0,6.968543992418224e-06,9.855009424071407e-06
banded_anti_w8,one,all,217000.0,6.968543992418224e-06,9.855009424071407e-06
banded_anti_w8,one,all,218000.0,6.968543992418224e-06,9.855009424071407e-06
banded_anti_w8,one,all,219000.0,6.968543992418224e-06,9.855009424071407e-06
banded_anti_w8,one,all,220000.0,6.968543992418224e-06,9.855009424071407e-06
banded_anti_w8,one,all,221000.0,6.968543992418224e-06,9.855009424071407e-06
banded_anti_w8,one,all,222000.0,6.968543992418224e-06,9.855009424071407e-06
banded_anti_w8,one,all,223000.0,6.968543992418224e-06,9.855009424071407e-06
banded_anti_w8,one,all,224000.0,6.968543992418224e-06,9.855009424071407e-06
banded_anti_w8,one,all,225000.0,6.968543992418224e-06,9.855009424071407e-06
banded_anti_w8,one,all,226000.0,6.968543992418224e-06,9.855009424071407e-06
banded_anti_w8,one,all,227000.0,6.968543992418224e-06,9.855009424071407e-06
banded_anti_w8,one,all,228000.0,6.968543992418224e-06,9.855009424071407e-06
banded_anti_w8,one,all,229000.0,6.968543992418224e-06,9.855009424071407e-06
banded_anti_w8,one,all,230000.0,6.968543992418224e-06,9.855009424071407e-06
banded_anti_w8,one,all,231000.0,6.968543992418224e-06,9.855009424071407e-06
banded_anti_w8,one,all,232000.0,6.968543992418224e-06,9.855009424071407e-06
banded_anti_w8,one,all,233000.0,6.968543992418224e-06,9.855009424071407e-06
banded_anti_w8,one,all,234000.0,6.968543992418224e-06,9.855009424071407e-06
banded_anti_w8,one,all,235000.0,6.968543992418224e-06,9.855009424071407e-06
banded_anti_w8,three,all,0.0,1.0,0.0
banded_anti_w8,three,all,1000.0,0.45792887231299934,0.004887273191972856
banded_anti_w8,three,all,2000.0,0.26462731185356403,0.004827492773156531
banded_anti_w8,three,all,3000.0,0.1690145227647207,0.004191981434686088
banded_anti_w8,three,all,4000.0,0.114302679293408,0.003747833686917603
banded_anti_w8,three,all,5000.0,0.08198889211696948,0.003066015791632014
banded_anti_w8,three,all,6000.0,0.059934135736290035,0.0025066184457219615
banded_anti_w8,three,all,7000.0,0.04551633463791569,0.0022631861797439493
banded_anti_w8,three,all,8000.0,0.035385492299884774,0.002111487062455095
banded_anti_w8,three,all,9000.0,0.027633187327480588,0.0020110002798718325
banded_anti_w8,three,all,10000.0,0.022029055547110418,0.0018502352003624334
banded_anti_w8,three,all,11000.0,0.01753476378583169,0.0020214837510991123
banded_anti_w8,three,all,12000.0,0.013995708609939499,0.0013945920197435035
banded_anti_w8,three,all,13000.0,0.011658091519129582,0.0013215054903847352
banded_anti_w8,three,all,14000.0,0.009715940811620638,0.0014146706356203144
banded_anti_w8,three,all,15000.0,0.008169551012025057,0.0012965804109848224
banded_anti_w8,three,all,16000.0,0.006982637165182915,0.0011848264685368137
banded_anti_w8,three,all,17000.0,0.005993146592497525,0.0010983242407813557
banded_anti_w8,three,all,18000.0,0.005226738511147287,0.0009378289221960629
banded_anti_w8,three,all,19000.0,0.004499311391383422,0.0007624283585213348
banded_anti_w8,three,all,20000.0,0.003993121675807532,0.0006794890623250847
banded_anti_w8,three,all,21000.0,0.003440143707483498,0.0006033097015527951
banded_anti_w8,three,all,22000.0,0.0029903093587141647,0.0005143504151198366
banded_anti_w8,three,all,23000.0,0.002616060781083722,0.0005157033689704676
banded_anti_w8,three,all,24000.0,0.002289346237432453,0.00047614736817971063
banded_anti_w8,three,all,25000.0,0.0019434067454313381,0.0004627607401867573
banded_anti_w8,three,all,26000.0,0.0017794554355972383,0.000473724876232126
banded_anti_w8,three,all,27000.0,0.0016002430681247163,0.00038878621725111224
banded_anti_w8,three,all,28000.0,0.0014190487552964827,0.00037088727879166963
banded_anti_w8,three,all,29000.0,0.0012853884764474227,0.00029578553160355335
banded_anti_w8,three,all,30000.0,0.0011687083961403981,0.00029582922613333905
banded_anti_w8,three,all,31000.0,0.0010813940752535819,0.00023914195958656356
banded_anti_w8,three,all,32000.0,0.0009666959403022689,0.00018644428461267405
banded_anti_w8,three,all,33000.0,0.0009295655218455567,0.00015464241642817618
banded_anti_w8,three,all,34000.0,0.0007868211057170142,8.597301285603446e-05
banded_anti_w8,three,all,35000.0,0.0007024194577332269,5.083073176542444e-05
banded_anti_w8,three,all,36000.0,0.0006627760290341201,5.574410593603888e-05
banded_anti_w8,three,all,37000.0,0.0005486089589694903,2.722476858929242e-05
banded_anti_w8,three,all,38000.0,0.00048078784686710454,2.790296684228822e-05
banded_anti_w8,three,all,39000.0,0.00048078784686710454,2.790296684228822e-05
banded_anti_w8,three,all,40000.0,0.0004321916831145642,5.65754476929926e-05
banded_anti_w8,three,all,41000.0,0.0003940045908669718,3.2936147293585956e-05
banded_anti_w8,three,all,42000.0,0.0003548922270545483,4.4299429998401026e-05
banded_anti_w8,three,all,43000.0,0.00032592067431248757,4.54297740642085e-05
banded_anti_w8,three,all,44000.0,0.0003061646610759587,5.331368355326661e-05
banded_anti_w8,three,all,45000.0,0.00027811837989872917,3.71433404321524e-05
banded_anti_w8,three,all,46000.0,0.00024006268987718596,2.657149017686773e-05
banded_anti_w8,three,all,47000.0,0.00022096914375338973,1.722139280672098e-05
banded_anti_w8,three,all,48000.0,0.0002109597349090761,2.6694320693915283e-05
banded_anti_w8,three,all,49000.0,0.00020108172829081165,3.126194943583786e-05
banded_anti_w8,three,all,50000.0,0.0001919975910113291,1.842544233005978e-05
banded_anti_w8,three,all,51000.0,0.0001722415777748002,4.0998900958816486e-05
banded_anti_w8,three,all,52000.0,0.00014419529659757065,3.9685033880712455e-05
banded_anti_w8,three,all,53000.0,0.0001343172899793062,5.3501643585337565e-05
banded_anti_w8,three,all,54000.0,0.0001343172899793062,5.3501643585337565e-05
banded_anti_w8,three,all,55000.0,0.0001343172899793062,5.3501643585337565e-05
banded_anti_w8,three,all,56000.0,0.00012523315269982364,4.997005668265923e-05
banded_anti_w8,three,all,57000.0,0.00012523315269982364,4.997005668265923e-05
banded_anti_w8,three,all,58000.0,0.00012523315269982364,4.997005668265923e-05
banded_anti_w8,three,all,59000.0,0.00011614901542034107,4.961525434635802e-05
banded_anti_w8,three,all,60000.0,0.00010613960657602742,3.71542514961335e-05
banded_anti_w8,three,all,61000.0,0.00010613960657602742,3.71542514961335e-05
banded_anti_w8,three,all,62000.0,0.00010613960657602742,3.71542514961335e-05
banded_anti_w8,three,all,63000.0,0.00010613960657602742,3.71542514961335e-05
banded_anti_w8,three,all,64000.0,0.00010613960657602742,3.71542514961335e-05
banded_anti_w8,three,all,65000.0,0.00010613960657602742,3.71542514961335e-05
banded_anti_w8,three,all,66000.0,9.613019773171375e-05,2.6456689253808303e-05
banded_anti_w8,three,all,67000.0,9.613019773171375e-05,2.6456689253808303e-05
banded_anti_w8,three,all,68000.0,9.613019773171375e-05,2.6456689253808303e-05
banded_anti_w8,three,all,69000.0,9.613019773171375e-05,2.6456689253808303e-05
banded_anti_w8,three,all,70000.0,9.613019773171375e-05,2.6456689253808303e-05
banded_anti_w8,three,all,71000.0,9.613019773171375e-05,2.6456689253808303e-05
banded_anti_w8,three,all,72000.0,8.704606045223119e-05,2.5119755763050125e-05
banded_anti_w8,three,all,73000.0,8.704606045223119e-05,2.5119755763050125e-05
banded_anti_w8,three,all,74000.0,7.796192317274862e-05,2.9868613181196478e-05
banded_anti_w8,three,all,75000.0,7.796192317274862e-05,2.9868613181196478e-05
banded_anti_w8,three,all,76000.0,6.808391655448418e-05,3.816543844906348e-05
banded_anti_w8,three,all,77000.0,6.808391655448418e-05,3.816543844906348e-05
banded_anti_w8,three,all,78000.0,6.808391655448418e-05,3.816543844906348e-05
banded_anti_w8,three,all,79000.0,6.808391655448418e-05,3.816543844906348e-05
banded_anti_w8,three,all,80000.0,6.808391655448418e-05,3.816543844906348e-05
banded_anti_w8,three,all,81000.0,6.808391655448418e-05,3.816543844906348e-05
banded_anti_w8,three,all,82000.0,6.808391655448418e-05,3.816543844906348e-05
banded_anti_w8,three,all,83000.0,5.820590993621975e-05,4.91056757376626e-05
banded_anti_w8,three,all,84000.0,5.820590993621975e-05,4.91056757376626e-05
banded_anti_w8,three,all,85000.0,5.820590993621975e-05,4.91056757376626e-05
banded_anti_w8,three,all,86000.0,5.820590993621975e-05,4.91056757376626e-05
banded_anti_w8,three,all,87000.0,5.820590993621975e-05,4.91056757376626e-05
banded_anti_w8,three,all,88000.0,5.820590993621975e-05,4.91056757376626e-05
banded_anti_w8,three,all,89000.0,5.820590993621975e-05,4.91056757376626e-05
banded_anti_w8,three,all,90000.0,5.820590993621975e-05,4.91056757376626e-05
banded_anti_w8,three,all,91000.0,5.820590993621975e-05,4.91056757376626e-05
banded_anti_w8,three,all,92000.0,4.912177265673718e-05,5.141646468985643e-05
banded_anti_w8,three,all,93000.0,4.912177265673718e-05,5.141646468985643e-05
banded_anti_w8,three,all,94000.0,4.912177265673718e-05,5.141646468985643e-05
banded_anti_w8,three,all,95000.0,4.912177265673718e-05,5.141646468985643e-05
banded_anti_w8,three,all,96000.0,4.912177265673718e-05,5.141646468985643e-05
banded_anti_w8,three,all,97000.0,4.003763537725462e-05,5.662176695586231e-05
banded_anti_w8,three,all,98000.0,4.003763537725462e-05,5.662176695586231e-05
banded_anti_w8,three,all,99000.0,4.003763537725462e-05,5.662176695586231e-05
banded_anti_w8,three,all,100000.0,4.003763537725462e-05,5.662176695586231e-05
banded_anti_w8,three,all,101000.0,4.003763537725462e-05,5.662176695586231e-05
banded_anti_w8,three,all,102000.0,4.003763537725462e-05,5.662176695586231e-05
banded_anti_w8,three,all,103000.0,4.003763537725462e-05,5.662176695586231e-05
banded_anti_w8,three,all,104000.0,4.003763537725462e-05,5.662176695586231e-05
banded_anti_w8,three,all,105000.0,3.0028226532940966e-05,4.246632521689673e-05
banded_anti_w8,three,all,106000.0,3.0028226532940966e-05,4.246632521689673e-05
banded_anti_w8,three,all,107000.0,3.0028226532940966e-05,4.246632521689673e-05
banded_anti_w8,three,all,108000.0,3.0028226532940966e-05,4.246632521689673e-05
banded_anti_w8,three,all,109000.0,3.0028226532940966e-05,4.246632521689673e-05
banded_anti_w8,three,all,110000.0,3.0028226532940966e-05,4.246632521689673e-05
banded_anti_w8,three,all,111000.0,2.001881768862731e-05,2.8310883477931155e-05
banded_anti_w8,three,all,112000.0,1.0009408844313654e-05,1.4155441738965577e-05
banded_anti_w8,three,all,113000.0,1.0009408844313654e-05,1.4155441738965577e-05
banded_anti_w8,three,all,114000.0,1.0009408844313654e-05,1.4155441738965577e-05
banded_anti_w8,three,all,115000.0,1.0009408844313654e-05,1.4155441738965577e-05
banded_anti_w8,three,all,116000.0,1.0009408844313654e-05,1.4155441738965577e-05
banded_anti_w8,three,all,117000.0,1.0009408844313654e-05,1.4155441738965577e-05
banded_anti_w8,three,all,118000.0,1.0009408844313654e-05,1.4155441738965577e-05
banded_anti_w8,three,all,119000.0,1.0009408844313654e-05,1.4155441738965577e-05
banded_anti_w8,three,all,120000.0,1.0009408844313654e-05,1.4155441738965577e-05
banded_anti_w8,three,all,121000.0,1.0009408844313654e-05,1.4155441738965577e-05
banded_anti_w8,three,all,122000.0,1.0009408844313654e-05,1.4155441738965577e-05
banded_anti_w8,three,all,123000.0,1.0009408844313654e-05,1.4155441738965577e-05
banded_anti_w8,three,all,124000.0,1.0009408844313654e-05,1.4155441738965577e-05
banded_anti_w8,three,all,125000.0,1.0009408844313654e-05,1.4155441738965577e-05
banded_anti_w8,three,all,126000.0,1.0009408844313654e-05,1.4155441738965577e-05
banded_anti_w8,three,all,127000.0,1.0009408844313654e-05,1.4155441738965577e-05
banded_anti_w8,three,all,128000.0,1.0009408844313654e-05,1.4155441738965577e-05
banded_anti_w8,three,all,129000.0,1.0009408844313654e-05,1.4155441738965577e-05
banded_anti_w8,three,all,130000.0,1.0009408844313654e-05,1.4155441738965577e-05
banded_anti_w8,three,all,131000.0,1.0009408844313654e-05,1.4155441738965577e-05
banded_anti_w8,three,all,132000.0,1.0009408844313654e-05,1.4155441738965577e-05
banded_anti_w8,three,all,133000.0,1.0009408844313654e-05,1.4155441738965577e-05
banded_anti_w8,three,all,134000.0,1.0009408844313654e-05,1.4155441738965577e-05
banded_anti_w8,three,all,135000.0,1.0009408844313654e-05,1.4155441738965577e-05
banded_anti_w8,three,all,136000.0,1.0009408844313654e-05,1.4155441738965577e-05
banded_anti_w8,three,all,137000.0,1.0009408844313654e-05,1.4155441738965577e-05
banded_anti_w8,three,all,138000.0,1.0009408844313654e-05,1.4155441738965577e-05
banded_anti_w8,three,all,139000.0,1.0009408844313654e-05,1.4155441738965577e-05
banded_anti_w8,three,all,140000.0,1.0009408844313654e-05,1.4155441738965577e-05
banded_anti_w8,three,all,141000.0,1.0009408844313654e-05,1.4155441738965577e-05
banded_anti_w8,three,all,142000.0,1.0009408844313654e-05,1.4155441738965577e-05
banded_anti_w8,three,all,143000.0,1.0009408844313654e-05,1.4155441738965577e-05
banded_anti_w8,three,all,144000.0,1.0009408844313654e-05,1.4155441738965577e-05
banded_anti_w8,three,all,145000.0,1.0009408844313654e-05,1.4155441738965577e-05
banded_anti_w8,three,all,146000.0,1.0009408844313654e-05,1.4155441738965577e-05
banded_anti_w8,three,all,147000.0,1.0009408844313654e-05,1.4155441738965577e-05
banded_anti_w8,three,all,148000.0,1.0009408844313654e-05,1.4155441738965577e-05
banded_anti_w8,three,all,149000.0,1.0009408844313654e-05,1.4155441738965577e-05
banded_anti_w8,triplet,all,0.0,1.0,0.0
banded_anti_w8,triplet,all,1000.0,0.37041841259393954,0.005497481650274016
banded_anti_w8,triplet,all,2000.0,0.18156951588660056,0.005553585053955998
banded_anti_w8,triplet,all,3000.0,0.1001449971366676,0.0046432886346535595
banded_anti_w8,triplet,all,4000.0,0.060893178402706506,0.004414517950825094
banded_anti_w8,triplet,all,5000.0,0.03869962404828343,0.003092764363146721
banded_anti_w8,triplet,all,6000.0,0.026288363932458588,0.001971409055042231
banded_anti_w8,triplet,all,7000.0,0.018268024569670915,0.0018373745420806151
banded_anti_w8,triplet,all,8000.0,0.013171827914402393,0.001356277438342465
banded_anti_w8,triplet,all,9000.0,0.009369254220462314,0.0011842322960801451
banded_anti_w8,triplet,all,10000.0,0.007088485806498113,0.0009037123601686145
banded_anti_w8,triplet,all,11000.0,0.005242958231972056,0.000379845957634267
banded_anti_w8,triplet,all,12000.0,0.003875660165931992,0.0003594592184492948
banded_anti_w8,triplet,all,13000.0,0.0029375719705592427,0.00032465182511890383
banded_anti_w8,triplet,all,14000.0,0.0025087673503972558,0.0002709330749917599
banded_anti_w8,triplet,all,15000.0,0.0019336566398204657,0.0003062122607158986
banded_anti_w8,triplet,all,16000.0,0.0015821524598464548,0.00035484414283962705
banded_anti_w8,triplet,all,17000.0,0.0013960777853548286,0.0003210173379488028
banded_anti_w8,triplet,all,18000.0,0.0011270461380920654,0.00023951261910917996
banded_anti_w8,triplet,all,19000.0,0.0009952442440434549,0.00030214706456207043
banded_anti_w8,triplet,all,20000.0,0.0008373027486045735,0.00033511465889011886
banded_anti_w8,triplet,all,21000.0,0.0007072512819152405,0.00034001959505291775
banded_anti_w8,triplet,all,22000.0,0.0005971173938720631,0.00025980456060134967
banded_anti_w8,triplet,all,23000.0,0.0004959122197129826,0.00023295848282126765
banded_anti_w8,triplet,all,24000.0,0.0003676922304839926,0.0002148306553639975
banded_anti_w8,triplet,all,25000.0,0.00032521695526718705,0.00018253993822405087
banded_anti_w8,triplet,all,26000.0,0.000296289612635869,0.00016919436000873477
banded_anti_w8,triplet,all,27000.0,0.0002393911911539371,0.00015221305729814187
banded_anti_w8,triplet,all,28000.0,0.00019691591593713157,0.00012127840147101857
banded_anti_w8,triplet,all,29000.0,0.0001553969045010304,9.921403391571178e-05
banded_anti_w8,triplet,all,30000.0,0.00012830103933005548,6.568956836981196e-05
banded_anti_w8,triplet,all,31000.0,0.00010120517415908058,4.1515754802857666e-05
banded_anti_w8,triplet,all,32000.0,8.765724157359311e-05,3.9103145819944927e-05
banded_anti_w8,triplet,all,33000.0,8.765724157359311e-05,3.9103145819944927e-05
banded_anti_w8,triplet,all,34000.0,8.765724157359311e-05,3.9103145819944927e-05
banded_anti_w8,triplet,all,35000.0,7.410930898810566e-05,4.548340399029522e-05
banded_anti_w8,triplet,all,36000.0,7.410930898810566e-05,4.548340399029522e-05
banded_anti_w8,triplet,all,37000.0,7.410930898810566e-05,4.548340399029522e-05
banded_anti_w8,triplet,all,38000.0,7.410930898810566e-05,4.548340399029522e-05
banded_anti_w8,triplet,all,39000.0,7.410930898810566e-05,4.548340399029522e-05
banded_anti_w8,triplet,all,40000.0,6.0561376402618206e-05,5.7815309161471944e-05
banded_anti_w8,triplet,all,41000.0,4.5181966356787566e-05,3.769597327279603e-05
banded_anti_w8,triplet,all,42000.0,4.5181966356787566e-05,3.769597327279603e-05
banded_anti_w8,triplet,all,43000.0,4.5181966356787566e-05,3.769597327279603e-05
banded_anti_w8,triplet,all,44000.0,4.5181966356787566e-05,3.769597327279603e-05
banded_anti_w8,triplet,all,45000.0,2.9802556310956916e-05,2.1106109114692587e-05
banded_anti_w8,triplet,all,46000.0,2.9802556310956916e-05,2.1106109114692587e-05
banded_anti_w8,triplet,all,47000.0,2.9802556310956916e-05,2.1106109114692587e-05
banded_anti_w8,triplet,all,48000.0,2.9802556310956916e-05,2.1106109114692587e-05
banded_anti_w8,triplet,all,49000.0,2.9802556310956916e-05,2.1106109114692587e-05
banded_anti_w8,triplet,all,50000.0,2.9802556310956916e-05,2.1106109114692587e-05
banded_anti_w8,triplet,all,51000.0,2.9802556310956916e-05,2.1106109114692587e-05
banded_anti_w8,triplet,all,52000.0,2.9802556310956916e-05,2.1106109114692587e-05
banded_anti_w8,triplet,all,53000.0,2.9802556310956916e-05,2.1106109114692587e-05
banded_anti_w8,triplet,all,54000.0,2.9802556310956916e-05,2.1106109114692587e-05
banded_anti_w8,triplet,all,55000.0,2.9802556310956916e-05,2.1106109114692587e-05
banded_anti_w8,triplet,all,56000.0,2.9802556310956916e-05,2.1106109114692587e-05
banded_anti_w8,triplet,all,57000.0,2.9802556310956916e-05,2.1106109114692587e-05
banded_anti_w8,triplet,all,58000.0,2.9802556310956916e-05,2.1106109114692587e-05
banded_anti_w8,triplet,all,59000.0,1.5379410045830643e-05,2.1749770268110716e-05
banded_anti_w8,triplet,all,60000.0,1.5379410045830643e-05,2.1749770268110716e-05
banded_anti_w8,triplet,all,61000.0,1.5379410045830643e-05,2.1749770268110716e-05
banded_anti_w8,triplet,all,62000.0,1.5379410045830643e-05,2.1749770268110716e-05
banded_anti_w8,triplet,all,63000.0,1.5379410045830643e-05,2.1749770268110716e-05
banded_anti_w8,triplet,all,64000.0,1.5379410045830643e-05,2.1749770268110716e-05
banded_anti_w8,triplet,all,65000.0,1.5379410045830643e-05,2.1749770268110716e-05
banded_anti_w8,triplet,all,66000.0,1.5379410045830643e-05,2.1749770268110716e-05
banded_anti_w8,triplet,all,67000.0,1.5379410045830643e-05,2.1749770268110716e-05
banded_anti_w8,triplet,all,68000.0,1.5379410045830643e-05,2.1749770268110716e-05
banded_anti_w8,triplet,all,69000.0,1.5379410045830643e-05,2.1749770268110716e-05
banded_anti_w8,triplet,all,70000.0,1.5379410045830643e-05,2.1749770268110716e-05
banded_anti_w8,triplet,all,71000.0,1.5379410045830643e-05,2.1749770268110716e-05
banded_anti_w8,triplet,all,72000.0,1.5379410045830643e-05,2.1749770268110716e-05
banded_anti_w8,triplet,all,73000.0,1.5379410045830643e-05,2.1749770268110716e-05
banded_anti_w8,triplet,all,74000.0,1.5379410045830643e-05,2.1749770268110716e-05
banded_anti_w8,triplet,all,75000.0,1.5379410045830643e-05,2.1749770268110716e-05
banded_anti_w8,triplet,all,76000.0,1.5379410045830643e-05,2.1749770268110716e-05
banded_anti_w8,triplet,all,77000.0,1.5379410045830643e-05,2.1749770268110716e-05
banded_anti_w8,triplet,all,78000.0,1.5379410045830643e-05,2.1749770268110716e-05
banded_anti_w8,triplet,all,79000.0,1.5379410045830643e-05,2.1749770268110716e-05
banded_anti_w8,triplet,all,80000.0,1.5379410045830643e-05,2.1749770268110716e-05
banded_anti_w8,triplet,all,81000.0,1.5379410045830643e-05,2.1749770268110716e-05
banded_anti_w8,triplet,all,82000.0,1.5379410045830643e-05,2.1749770268110716e-05
banded_anti_w8,triplet,all,83000.0,1.5379410045830643e-05,2.1749770268110716e-05
banded_anti_w8,triplet,all,84000.0,1.5379410045830643e-05,2.1749770268110716e-05
banded_anti_w8,triplet,all,85000.0,1.5379410045830643e-05,2.1749770268110716e-05
banded_anti_w8,triplet,all,86000.0,1.5379410045830643e-05,2.1749770268110716e-05
banded_anti_w8,triplet,all,87000.0,1.5379410045830643e-05,2.1749770268110716e-05
banded_anti_w8,triplet,all,88000.0,1.5379410045830643e-05,2.1749770268110716e-05
banded_anti_w8,triplet,all,89000.0,1.5379410045830643e-05,2.1749770268110716e-05
banded_anti_w8,triplet,all,90000.0,1.5379410045830643e-05,2.1749770268110716e-05
banded_anti_w8,triplet,all,91000.0,1.5379410045830643e-05,2.1749770268110716e-05
banded_anti_w8,triplet,all,92000.0,1.5379410045830643e-05,2.1749770268110716e-05
banded_anti_w8,triplet,all,93000.0,1.5379410045830643e-05,2.1749770268110716e-05
banded_anti_w8,triplet,all,94000.0,1.5379410045830643e-05,2.1749770268110716e-05
banded_anti_w8,triplet,all,95000.0,1.5379410045830643e-05,2.1749770268110716e-05
banded_anti_w8,triplet,all,96000.0,1.5379410045830643e-05,2.1749770268110716e-05
banded_anti_w8,triplet,all,97000.0,1.5379410045830643e-05,2.1749770268110716e-05
banded_anti_w8,triplet,all,98000.0,1.5379410045830643e-05,2.1749770268110716e-05
banded_anti_w8,triplet,all,99000.0,1.5379410045830643e-05,2.1749770268110716e-05
banded_anti_w8,triplet,all,100000.0,1.5379410045830643e-05,2.1749770268110716e-05
banded_anti_w8,triplet,all,101000.0,1.5379410045830643e-05,2.1749770268110716e-05
banded_anti_w8,triplet,all,102000.0,1.5379410045830643e-05,2.1749770268110716e-05
banded_anti_w8,triplet,all,103000.0,1.5379410045830643e-05,2.1749770268110716e-05
banded_anti_w8,triplet,all,104000.0,1.5379410045830643e-05,2.1749770268110716e-05
banded_anti_w8,triplet,all,105000.0,1.5379410045830643e-05,2.1749770268110716e-05
banded_anti_w8,triplet,all,106000.0,1.5379410045830643e-05,2.1749770268110716e-05
banded_anti_w8,triplet,all,107000.0,1.5379410045830643e-05,2.1749770268110716e-05
banded_anti_w8,triplet,all,108000.0,1.5379410045830643e-05,2.1749770268110716e-05
banded_anti_w8,triplet,all,109000.0,1.5379410045830643e-05,2.1749770268110716e-05
banded_anti_w8,triplet,all,110000.0,1.5379410045830643e-05,2.1749770268110716e-05
banded_anti_w8,triplet,all,111000.0,1.5379410045830643e-05,2.1749770268110716e-05
banded_anti_w8,triplet,all,112000.0,1.5379410045830643e-05,2.1749770268110716e-05
banded_anti_w8,triplet,all,113000.0,1.5379410045830643e-05,2.1749770268110716e-05
banded_anti_w8,triplet,all,114000.0,1.5379410045830643e-05,2.1749770268110716e-05
banded_anti_w8,triplet,all,115000.0,1.5379410045830643e-05,2.1749770268110716e-05
banded_anti_w8,triplet,all,116000.0,1.5379410045830643e-05,2.1749770268110716e-05
banded_anti_w8,triplet,all,117000.0,1.5379410045830643e-05,2.1749770268110716e-05
banded_anti_w8,triplet,all,118000.0,1.5379410045830643e-05,2.1749770268110716e-05
banded_anti_w8,triplet,all,119000.0,1.5379410045830643e-05,2.1749770268110716e-05
banded_anti_w8,triplet,all,120000.0,1.5379410045830643e-05,2.1749770268110716e-05
banded_anti_w8,triplet,all,121000.0,1.5379410045830643e-05,2.1749770268110716e-05
banded_anti_w8,triplet,all,122000.0,1.5379410045830643e-05,2.1749770268110716e-05
banded_anti_w8,triplet,all,123000.0,1.5379410045830643e-05,2.1749770268110716e-05
banded_anti_w8,triplet,all,124000.0,1.5379410045830643e-05,2.1749770268110716e-05
banded_anti_w8,triplet,all,125000.0,1.5379410045830643e-05,2.1749770268110716e-05
banded_anti_w8,triplet,all,126000.0,1.5379410045830643e-05,2.1749770268110716e-05
banded_anti_w8,triplet,all,127000.0,1.5379410045830643e-05,2.1749770268110716e-05
banded_anti_w8,triplet,all,128000.0,1.5379410045830643e-05,2.1749770268110716e-05
banded_anti_w8,triplet,all,129000.0,1.5379410045830643e-05,2.1749770268110716e-05
banded_anti_w8,triplet,all,130000.0,1.5379410045830643e-05,2.1749770268110716e-05
banded_anti_w8,triplet,all,131000.0,1.5379410045830643e-05,2.1749770268110716e-05
banded_anti_w8,triplet,all,132000.0,1.5379410045830643e-05,2.1749770268110716e-05
banded_anti_w8,triplet,all,133000.0,1.5379410045830643e-05,2.1749770268110716e-05
banded_anti_w8,triplet,all,134000.0,1.5379410045830643e-05,2.1749770268110716e-05
banded_anti_w8,triplet,all,135000.0,1.5379410045830643e-05,2.1749770268110716e-05
banded_anti_w8,triplet,all,136000.0,1.5379410045830643e-05,2.1749770268110716e-05
banded_anti_w10,one,all,0.0,1.0,0.0
banded_anti_w10,one,all,1000.0,0.5331666480230571,0.005083257531213577
banded_anti_w10,one,all,2000.0,0.34857743527934343,0.005754141402200406
banded_anti_w10,one,all,3000.0,0.24653311262324043,0.005181069569040646
banded_anti_w10,one,all,4000.0,0.18545152061147266,0.0043824673838266034
banded_anti_w10,one,all,5000.0,0.14379241166220175,0.0046074332877985786
banded_anti_w10,one,all,6000.0,0.11388348845470136,0.003950442755735971
banded_anti_w10,one,all,7000.0,0.09205355000681624,0.0037545945940395124
banded_anti_w10,one,all,8000.0,0.07592129562648797,0.0038433684411420103
banded_anti_w10,one,all,9000.0,0.06314468984317417,0.0031387121103992038
banded_anti_w10,one,all,10000.0,0.05347119539441125,0.0027653653829673303
banded_anti_w10,one,all,11000.0,0.04580678902705591,0.0023542451064865904
banded_anti_w10,one,all,12000.0,0.03950565277047267,0.002151186786772202
banded_anti_w10,one,all,13000.0,0.0338030742668887,0.0017453907278479014
banded_anti_w10,one,all,14000.0,0.029492201869178555,0.001631756287080744
banded_anti_w10,one,all,15000.0,0.025749641427715204,0.0013645126853702831
banded_anti_w10,one,all,16000.0,0.022757290505843002,0.001497037603159387
banded_anti_w10,one,all,17000.0,0.020213163953149937,0.0013860414582533506
banded_anti_w10,one,all,18000.0,0.018068908762753813,0.0014328745553709242
banded_anti_w10,one,all,19000.0,0.01594764033434259,0.0013830009319669803
banded_anti_w10,one,all,20000.0,0.014128007021469458,0.0013895806216570076
banded_anti_w10,one,all,21000.0,0.012681590558749683,0.0012138943919336026
banded_anti_w10,one,all,22000.0,0.011509402142596525,0.0011058558685627165
banded_anti_w10,one,all,23000.0,0.01042844047709487,0.001004269313771486
banded_anti_w10,one,all,24000.0,0.009512899946210166,0.0009283165423753463
banded_anti_w10,one,all,25000.0,0.008648173229133053,0.0009151575583682088
banded_anti_w10,one,all,26000.0,0.008051975786845498,0.0008765976960054994
banded_anti_w10,one,all,27000.0,0.007395818087913255,0.0007954427272911578
banded_anti_w10,one,all,28000.0,0.0067299956966227654,0.0008322880811797746
banded_anti_w10,one,all,29000.0,0.006239296250310494,0.0007210143922964052
banded_anti_w10,one,all,30000.0,0.005779321017819995,0.000778460389976737
banded_anti_w10,one,all,31000.0,0.005344360854483918,0.0006528763441883781
banded_anti_w10,one,all,32000.0,0.0049147007962887295,0.0005956230938885383
banded_anti_w10,one,all,33000.0,0.004607156632330727,0.0005634590050646438
banded_anti_w10,one,all,34000.0,0.0042337513921840405,0.0005998567310620121
banded_anti_w10,one,all,35000.0,0.003939914877149731,0.0006099572058500158
banded_anti_w10,one,all,36000.0,0.0036472399584697745,0.0005602068785230786
banded_anti_w10,one,all,37000.0,0.0034413927996697837,0.0005470878904135096
banded_anti_w10,one,all,38000.0,0.003169663248466067,0.0004748228039838745
banded_anti_w10,one,all,39000.0,0.0030038063292099192,0.0004680612225918756
banded_anti_w10,one,all,40000.0,0.0027890814384337465,0.0003944911882302863
banded_anti_w10,one,all,41000.0,0.0025762330124023207,0.00038768313352781467
banded_anti_w10,one,all,42000.0,0.0024277438337871183,0.0003608563722453906
banded_anti_w10,one,all,43000.0,0.0022386664156738094,0.000336939551813734
banded_anti_w10,one,all,44000.0,0.002103499306685258,0.00032579231716363215
banded_anti_w10,one,all,45000.0,0.0019447845537605677,0.00027009132036182813
banded_anti_w10,one,all,46000.0,0.0018627997981672459,0.0002562558301742101
banded_anti_w10,one,all,47000.0,0.0017826330731006048,0.00023587784465488307
banded_anti_w10,one,all,48000.0,0.0016642941390168002,0.00023795433623451852
banded_anti_w10,one,all,49000.0,0.001590448216345375,0.00024152092917960975
banded_anti_w10,one,all,50000.0,0.001509542592224448,0.00021911062744238313
banded_anti_w10,one,all,51000.0,0.0014236530647168545,0.00020015568058611406
banded_anti_w10,one,all,52000.0,0.0013309616032959135,0.00019647949061906
banded_anti_w10,one,all,53000.0,0.0012811444560787582,0.00021377110886323583
banded_anti_w10,one,all,54000.0,0.0012318084403797344,0.00019165155240870283
banded_anti_w10,one,all,55000.0,0.001176409389821649,0.00018823147644776077
banded_anti_w10,one,all,56000.0,0.0011076058047549563,0.0002206299624343326
banded_anti_w10,one,all,57000.0,0.0010584691223740207,0.00020937438489473573
banded_anti_w10,one,all,58000.0,0.0010154539090702127,0.00021594955614076652
banded_anti_w10,one,all,59000.0,0.0009548131875893063,0.00018363028119964978
banded_anti_w10,one,all,60000.0,0.0008854116025683503,0.0001773620890802281
banded_anti_w10,one,all,61000.0,0.0008362749201874144,0.00016732022632736605
banded_anti_w10,one,all,62000.0,0.0007935999393017165,0.00016263810578828798
banded_anti_w10,one,all,63000.0,0.0007569879932750803,0.0001375823601706816
banded_anti_w10,one,all,64000.0,0.0007383417878436526,0.00013760984113064475
banded_anti_w10,one,all,65000.0,0.0007005682454626656,0.0001766742585290056
banded_anti_w10,one,all,66000.0,0.0006761992375902856,0.00018708707912667711
banded_anti_w10,one,all,67000.0,0.0006385081600912544,0.0001592852526480356
banded_anti_w10,one,all,68000.0,0.0006006761834922012,0.0001595409492991228
banded_anti_w10,one,all,69000.0,0.0005764480747198431,0.00014192717227837475
banded_anti_w10,one,all,70000.0,0.0005450777996160277,0.00014648470704788772
banded_anti_w10,one,all,71000.0,0.0005323537299436402,0.00015135165060896195
banded_anti_w10,one,all,72000.0,0.0005074451563350627,0.0001603289989746604
banded_anti_w10,one,all,73000.0,0.0004887989509036348,0.00016049449315265992
banded_anti_w10,one,all,74000.0,0.00046961317973600957,0.00016260231389085184
banded_anti_w10,one,all,75000.0,0.0004387824703683918,0.00016613283232040708
banded_anti_w10,one,all,76000.0,0.0004323207688731541,0.00016306473214756887
banded_anti_w10,one,all,77000.0,0.0004323207688731541,0.00016306473214756887
banded_anti_w10,one,all,78000.0,0.00040095049376933875,0.00016928948342761962
banded_anti_w10,one,all,79000.0,0.0003880270907788633,0.00016532154935100496
banded_anti_w10,one,all,80000.0,0.0003751036877883878,0.00016331429067861807
banded_anti_w10,one,all,81000.0,0.00036864198629315013,0.0001630713049164788
banded_anti_w10,one,all,82000.0,0.00036271985053410995,0.00015586829310532764
banded_anti_w10,one,all,83000.0,0.00035679771477506987,0.00014878805688551576
banded_anti_w10,one,all,84000.0,0.0003508755790160297,0.00014184898207516547
banded_anti_w10,one,all,85000.0,0.00033815150934364216,0.00014917652063917906
banded_anti_w10,one,all,86000.0,0.00033815150934364216,0.00014917652063917906
banded_anti_w10,one,all,87000.0,0.00033815150934364216,0.00014917652063917906
banded_anti_w10,one,all,88000.0,0.00032522810635316667,0.00014936205954579727
banded_anti_w10,one,all,89000.0,0.0003004604318446109,0.00013603727752510298
banded_anti_w10,one,all,90000.0,0.0003004604318446109,0.00013603727752510298
banded_anti_w10,one,all,91000.0,0.00028807659459033304,0.00012975379812097564
banded_anti_w10,one,all,92000.0,0.00027623232307225277,0.00011401038804923873
banded_anti_w10,one,all,93000.0,0.00027623232307225277,0.00011401038804923873
banded_anti_w10,one,all,94000.0,0.00027031018731321264,0.00010625421856561065
banded_anti_w10,one,all,95000.0,0.0002584659157951323,9.107140070335855e-05
banded_anti_w10,one,all,96000.0,0.0002520042142998946,9.198362171041168e-05
banded_anti_w10,one,all,97000.0,0.0002520042142998946,9.198362171041168e-05
banded_anti_w10,one,all,98000.0,0.00023981971036370463,9.151514965237367e-05
banded_anti_w10,one,all,99000.0,0.00023981971036370463,9.151514965237367e-05
banded_anti_w10,one,all,100000.0,0.00023389757460466447,8.412522054002718e-05
banded_anti_w10,one,all,101000.0,0.0002279754388456243,7.693743960981598e-05
banded_anti_w10,one,all,102000.0,0.00022205330308658417,7.001409332637218e-05
banded_anti_w10,one,all,103000.0,0.00021559160159134648,6.963409043363061e-05
banded_anti_w10,one,all,104000.0,0.00021559160159134648,6.963409043363061e-05
banded_anti_w10,one,all,105000.0,0.00020374733007326616,5.5514915663667005e-05
banded_anti_w10,one,all,106000.0,0.00020374733007326616,5.5514915663667005e-05
banded_anti_w10,one,all,107000.0,0.00020374733007326616,5.5514915663667005e-05
banded_anti_w10,one,all,108000.0,0.00017917898888279832,4.937385122717426e-05
banded_anti_w10,one,all,109000.0,0.00017325685312375816,4.3526695160325926e-05
banded_anti_w10,one,all,110000.0,0.00017325685312375816,4.3526695160325926e-05
banded_anti_w10,one,all,111000.0,0.0001603334501332827,4.1186257455872215e-05
banded_anti_w10,one,all,112000.0,0.0001603334501332827,4.1186257455872215e-05
banded_anti_w10,one,all,113000.0,0.0001420274771199647,2.6887619102270923e-05
banded_anti_w10,one,all,114000.0,0.0001420274771199647,2.6887619102270923e-05
banded_anti_w10,one,all,115000.0,0.0001420274771199647,2.6887619102270923e-05
banded_anti_w10,one,all,116000.0,0.0001420274771199647,2.6887619102270923e-05
banded_anti_w10,one,all,117000.0,0.00011725980261140897,1.873195322890705e-05
banded_anti_w10,one,all,118000.0,0.00010541553109332869,6.503157761721969e-06
banded_anti_w10,one,all,119000.0,9.949339533428856e-05,9.92087229616419e-06
banded_anti_w10,one,all,120000.0,9.303169383905083e-05,1.466685160260682e-05
banded_anti_w10,one,all,121000.0,9.303169383905083e-05,1.466685160260682e-05
banded_anti_w10,one,all,122000.0,9.303169383905083e-05,1.466685160260682e-05
banded_anti_w10,one,all,123000.0,8.030762416666324e-05,1.580200504914231e-05
banded_anti_w10,one,all,124000.0,8.030762416666324e-05,1.580200504914231e-05
banded_anti_w10,one,all,125000.0,8.030762416666324e-05,1.580200504914231e-05
banded_anti_w10,one,all,126000.0,7.438548840762309e-05,1.4794637360103481e-05
banded_anti_w10,one,all,127000.0,7.438548840762309e-05,1.4794637360103481e-05
banded_anti_w10,one,all,128000.0,7.438548840762309e-05,1.4794637360103481e-05
banded_anti_w10,one,all,129000.0,7.438548840762309e-05,1.4794637360103481e-05
banded_anti_w10,one,all,130000.0,7.438548840762309e-05,1.4794637360103481e-05
banded_anti_w10,one,all,131000.0,6.16614187352355e-05,1.6272121453127818e-05
banded_anti_w10,one,all,132000.0,6.16614187352355e-05,1.6272121453127818e-05
banded_anti_w10,one,all,133000.0,6.16614187352355e-05,1.6272121453127818e-05
banded_anti_w10,one,all,134000.0,6.16614187352355e-05,1.6272121453127818e-05
banded_anti_w10,one,all,135000.0,6.16614187352355e-05,1.6272121453127818e-05
banded_anti_w10,one,all,136000.0,6.16614187352355e-05,1.6272121453127818e-05
banded_anti_w10,one,all,137000.0,5.539905055808563e-05,1.3202095870743364e-05
banded_anti_w10,one,all,138000.0,5.539905055808563e-05,1.3202095870743364e-05
banded_anti_w10,one,all,139000.0,5.539905055808563e-05,1.3202095870743364e-05
banded_anti_w10,one,all,140000.0,5.539905055808563e-05,1.3202095870743364e-05
banded_anti_w10,one,all,141000.0,4.913668238093575e-05,1.551379240933606e-05
banded_anti_w10,one,all,142000.0,4.913668238093575e-05,1.551379240933606e-05
banded_anti_w10,one,all,143000.0,4.913668238093575e-05,1.551379240933606e-05
banded_anti_w10,one,all,144000.0,4.913668238093575e-05,1.551379240933606e-05
banded_anti_w10,one,all,145000.0,4.913668238093575e-05,1.551379240933606e-05
banded_anti_w10,one,all,146000.0,4.913668238093575e-05,1.551379240933606e-05
banded_anti_w10,one,all,147000.0,4.913668238093575e-05,1.551379240933606e-05
banded_anti_w10,one,all,148000.0,4.913668238093575e-05,1.551379240933606e-05
banded_anti_w10,one,all,149000.0,4.321454662189561e-05,7.14763874789465e-06
banded_anti_w10,one,all,150000.0,4.321454662189561e-05,7.14763874789465e-06
banded_anti_w10,one,all,151000.0,4.321454662189561e-05,7.14763874789465e-06
banded_anti_w10,one,all,152000.0,4.321454662189561e-05,7.14763874789465e-06
banded_anti_w10,one,all,153000.0,4.321454662189561e-05,7.14763874789465e-06
banded_anti_w10,one,all,154000.0,4.321454662189561e-05,7.14763874789465e-06
banded_anti_w10,one,all,155000.0,4.321454662189561e-05,7.14763874789465e-06
banded_anti_w10,one,all,156000.0,4.321454662189561e-05,7.14763874789465e-06
banded_anti_w10,one,all,157000.0,4.321454662189561e-05,7.14763874789465e-06
banded_anti_w10,one,all,158000.0,4.321454662189561e-05,7.14763874789465e-06
banded_anti_w10,one,all,159000.0,4.321454662189561e-05,7.14763874789465e-06
banded_anti_w10,one,all,160000.0,4.321454662189561e-05,7.14763874789465e-06
banded_anti_w10,one,all,161000.0,4.321454662189561e-05,7.14763874789465e-06
banded_anti_w10,one,all,162000.0,4.321454662189561e-05,7.14763874789465e-06
banded_anti_w10,one,all,163000.0,3.729241086285547e-05,1.3365972522957704e-06
banded_anti_w10,one,all,164000.0,3.729241086285547e-05,1.3365972522957704e-06
banded_anti_w10,one,all,165000.0,3.729241086285547e-05,1.3365972522957704e-06
banded_anti_w10,one,all,166000.0,3.729241086285547e-05,1.3365972522957704e-06
banded_anti_w10,one,all,167000.0,3.729241086285547e-05,1.3365972522957704e-06
banded_anti_w10,one,all,168000.0,3.729241086285547e-05,1.3365972522957704e-06
banded_anti_w10,one,all,169000.0,2.5107906926665466e-05,9.669689019231075e-06
banded_anti_w10,one,all,170000.0,2.5107906926665466e-05,9.669689019231075e-06
banded_anti_w10,one,all,171000.0,2.5107906926665466e-05,9.669689019231075e-06
banded_anti_w10,one,all,172000.0,2.5107906926665466e-05,9.669689019231075e-06
banded_anti_w10,one,all,173000.0,2.5107906926665466e-05,9.669689019231075e-06
banded_anti_w10,one,all,174000.0,2.5107906926665466e-05,9.669689019231075e-06
banded_anti_w10,one,all,175000.0,2.5107906926665466e-05,9.669689019231075e-06
banded_anti_w10,one,all,176000.0,2.5107906926665466e-05,9.669689019231075e-06
banded_anti_w10,one,all,177000.0,2.5107906926665466e-05,9.669689019231075e-06
banded_anti_w10,one,all,178000.0,2.5107906926665466e-05,9.669689019231075e-06
banded_anti_w10,one,all,179000.0,2.5107906926665466e-05,9.669689019231075e-06
banded_anti_w10,one,all,180000.0,2.5107906926665466e-05,9.669689019231075e-06
banded_anti_w10,one,all,181000.0,2.5107906926665466e-05,9.669689019231075e-06
banded_anti_w10,one,all,182000.0,2.5107906926665466e-05,9.669689019231075e-06
banded_anti_w10,one,all,183000.0,2.5107906926665466e-05,9.669689019231075e-06
banded_anti_w10,one,all,184000.0,2.5107906926665466e-05,9.669689019231075e-06
banded_anti_w10,one,all,185000.0,2.5107906926665466e-05,9.669689019231075e-06
banded_anti_w10,one,all,186000.0,2.5107906926665466e-05,9.669689019231075e-06
banded_anti_w10,one,all,187000.0,2.5107906926665466e-05,9.669689019231075e-06
banded_anti_w10,one,all,188000.0,2.5107906926665466e-05,9.669689019231075e-06
banded_anti_w10,one,all,189000.0,2.5107906926665466e-05,9.669689019231075e-06
banded_anti_w10,one,all,190000.0,2.5107906926665466e-05,9.669689019231075e-06
banded_anti_w10,one,all,191000.0,2.5107906926665466e-05,9.669689019231075e-06
banded_anti_w10,one,all,192000.0,2.5107906926665466e-05,9.669689019231075e-06
banded_anti_w10,one,all,193000.0,2.5107906926665466e-05,9.669689019231075e-06
banded_anti_w10,one,all,194000.0,2.5107906926665466e-05,9.669689019231075e-06
banded_anti_w10,one,all,195000.0,2.5107906926665466e-05,9.669689019231075e-06
banded_anti_w10,one,all,196000.0,2.5107906926665466e-05,9.669689019231075e-06
banded_anti_w10,one,all,197000.0,2.5107906926665466e-05,9.669689019231075e-06
banded_anti_w10,one,all,198000.0,1.8646205431427736e-05,6.682986261478852e-07
banded_anti_w10,one,all,199000.0,1.8646205431427736e-05,6.682986261478852e-07
banded_anti_w10,one,all,200000.0,1.8646205431427736e-05,6.682986261478852e-07
banded_anti_w10,one,all,201000.0,1.8646205431427736e-05,6.682986261478852e-07
banded_anti_w10,one,all,202000.0,1.8646205431427736e-05,6.682986261478852e-07
banded_anti_w10,one,all,203000.0,1.8646205431427736e-05,6.682986261478852e-07
banded_anti_w10,one,all,204000.0,1.8646205431427736e-05,6.682986261478852e-07
banded_anti_w10,one,all,205000.0,1.8646205431427736e-05,6.682986261478852e-07
banded_anti_w10,one,all,206000.0,1.8646205431427736e-05,6.682986261478852e-07
banded_anti_w10,one,all,207000.0,1.218450393619001e-05,8.625816206772211e-06
banded_anti_w10,one,all,208000.0,1.218450393619001e-05,8.625816206772211e-06
banded_anti_w10,one,all,209000.0,1.218450393619001e-05,8.625816206772211e-06
banded_anti_w10,one,all,210000.0,1.218450393619001e-05,8.625816206772211e-06
banded_anti_w10,one,all,211000.0,1.218450393619001e-05,8.625816206772211e-06
banded_anti_w10,one,all,212000.0,1.218450393619001e-05,8.625816206772211e-06
banded_anti_w10,one,all,213000.0,1.218450393619001e-05,8.625816206772211e-06
banded_anti_w10,one,all,214000.0,1.218450393619001e-05,8.625816206772211e-06
banded_anti_w10,one,all,215000.0,1.218450393619001e-05,8.625816206772211e-06
banded_anti_w10,one,all,216000.0,1.218450393619001e-05,8.625816206772211e-06
banded_anti_w10,one,all,217000.0,1.218450393619001e-05,8.625816206772211e-06
banded_anti_w10,one,all,218000.0,1.218450393619001e-05,8.625816206772211e-06
banded_anti_w10,one,all,219000.0,1.218450393619001e-05,8.625816206772211e-06
banded_anti_w10,one,all,220000.0,1.218450393619001e-05,8.625816206772211e-06
banded_anti_w10,one,all,221000.0,1.218450393619001e-05,8.625816206772211e-06
banded_anti_w10,one,all,222000.0,1.218450393619001e-05,8.625816206772211e-06
banded_anti_w10,one,all,223000.0,1.218450393619001e-05,8.625816206772211e-06
banded_anti_w10,one,all,224000.0,1.218450393619001e-05,8.625816206772211e-06
banded_anti_w10,one,all,225000.0,1.218450393619001e-05,8.625816206772211e-06
banded_anti_w10,one,all,226000.0,1.218450393619001e-05,8.625816206772211e-06
banded_anti_w10,one,all,227000.0,1.218450393619001e-05,8.625816206772211e-06
banded_anti_w10,one,all,228000.0,1.218450393619001e-05,8.625816206772211e-06
banded_anti_w10,one,all,229000.0,1.218450393619001e-05,8.625816206772211e-06
banded_anti_w10,one,all,230000.0,6.262368177149871e-06,8.856326008699025e-06
banded_anti_w10,one,all,231000.0,6.262368177149871e-06,8.856326008699025e-06
banded_anti_w10,one,all,232000.0,6.262368177149871e-06,8.856326008699025e-06
banded_anti_w10,one,all,233000.0,6.262368177149871e-06,8.856326008699025e-06
banded_anti_w10,one,all,234000.0,6.262368177149871e-06,8.856326008699025e-06
banded_anti_w10,one,all,235000.0,6.262368177149871e-06,8.856326008699025e-06
banded_anti_w10,three,all,0.0,1.0,0.0
banded_anti_w10,three,all,1000.0,0.47349414606673784,0.005097539280777838
banded_anti_w10,three,all,2000.0,0.28042501840988326,0.004712600382205615
banded_anti_w10,three,all,3000.0,0.18276435145029532,0.004519655045315107
banded_anti_w10,three,all,4000.0,0.12561103188926867,0.004279023910425502
banded_anti_w10,three,all,5000.0,0.09106561346314905,0.003241175619435465
banded_anti_w10,three,all,6000.0,0.06754487956502123,0.0028266273046745802
banded_anti_w10,three,all,7000.0,0.051950363694566716,0.00292520645527336
banded_anti_w10,three,all,8000.0,0.04089915284802876,0.0029405347623162876
banded_anti_w10,three,all,9000.0,0.03241769394035681,0.002401910129904556
banded_anti_w10,three,all,10000.0,0.025880170789044466,0.002085941703963009
banded_anti_w10,three,all,11000.0,0.021136581986733998,0.0020793707500794947
banded_anti_w10,three,all,12000.0,0.017255141494092633,0.0017511474010971945
banded_anti_w10,three,all,13000.0,0.014483915992368155,0.0014606961139800125
banded_anti_w10,three,all,14000.0,0.012368811555659673,0.001440008336707848
banded_anti_w10,three,all,15000.0,0.010534294323608107,0.0012945639471634693
banded_anti_w10,three,all,16000.0,0.009030763141318307,0.0012582057150072204
banded_anti_w10,three,all,17000.0,0.007749267448894048,0.0011328404000367663
banded_anti_w10,three,all,18000.0,0.00676262607207304,0.0008895184208095639
banded_anti_w10,three,all,19000.0,0.00580155148455058,0.0008866147589371022
banded_anti_w10,three,all,20000.0,0.005176182200634525,0.0008107899907145062
banded_anti_w10,three,all,21000.0,0.004531362149843798,0.0007337469687607512
banded_anti_w10,three,all,22000.0,0.004001964179335475,0.0007083566804057119
banded_anti_w10,three,all,23000.0,0.00357103253750699,0.0005880545601137515
banded_anti_w10,three,all,24000.0,0.0031472322246965836,0.0005470041879567033
banded_anti_w10,three,all,25000.0,0.00274853563497408,0.0005069984826500983
banded_anti_w10,three,all,26000.0,0.0024903648486218843,0.0005010725138189418
banded_anti_w10,three,all,27000.0,0.002276748997523282,0.0004789776307727098
banded_anti_w10,three,all,28000.0,0.002043681488967972,0.0004949576488234446
banded_anti_w10,three,all,29000.0,0.0019110302086373257,0.000455899005046567
banded_anti_w10,three,all,30000.0,0.0016850975914282345,0.0004256873918020173
banded_anti_w10,three,all,31000.0,0.0015595803118617722,0.00037912025384847044
banded_anti_w10,three,all,32000.0,0.001411181321324856,0.000309527910371208
banded_anti_w10,three,all,33000.0,0.0013294775641544754,0.0002832385200730958
banded_anti_w10,three,all,34000.0,0.0012204494076517953,0.00023417895111348786
banded_anti_w10,three,all,35000.0,0.0011380046829149201,0.00022409727936292223
banded_anti_w10,three,all,36000.0,0.0010469458034449413,0.00019562247326027033
banded_anti_w10,three,all,37000.0,0.000922909123138416,0.00016074425668665613
banded_anti_w10,three,all,38000.0,0.000832591211234932,0.00011377913111615592
banded_anti_w10,three,all,39000.0,0.0007745101326015,9.128080524246116e-05
banded_anti_w10,three,all,40000.0,0.0007407913641984586,0.00010401459293144325
banded_anti_w10,three,all,41000.0,0.00069132444029813,0.00010535769527304616
banded_anti_w10,three,all,42000.0,0.0006489915171619853,9.445727366952868e-05
banded_anti_w10,three,all,43000.0,0.0006066585940258406,8.935708719812823e-05
banded_anti_w10,three,all,44000.0,0.0005729407162048342,8.202737095138097e-05
banded_anti_w10,three,all,45000.0,0.0005313478700531494,8.165369465121983e-05
banded_anti_w10,three,all,46000.0,0.0004890140563349696,0.00010302977221786107
banded_anti_w10,three,all,47000.0,0.00043241446754350944,5.501986629431226e-05
banded_anti_w10,three,all,48000.0,0.00038220657607668614,7.071865533793154e-05
banded_anti_w10,three,all,49000.0,0.00038220657607668614,7.071865533793154e-05
banded_anti_w10,three,all,50000.0,0.0003571032982798007,5.7620024120737614e-05
banded_anti_w10,three,all,51000.0,0.0003147699298526385,6.906055176297974e-05
banded_anti_w10,three,all,52000.0,0.0003068958521039948,5.938262011589105e-05
banded_anti_w10,three,all,53000.0,0.00028966665205575303,6.331425009663752e-05
banded_anti_w10,three,all,54000.0,0.00028179257430710936,5.2367034548786034e-05
banded_anti_w10,three,all,55000.0,0.00028179257430710936,5.2367034548786034e-05
banded_anti_w10,three,all,56000.0,0.00027317752899197104,6.114106313293946e-05
banded_anti_w10,three,all,57000.0,0.00025668840592818894,6.116619339936848e-05
banded_anti_w10,three,all,58000.0,0.00024881432817954526,5.195750103458273e-05
banded_anti_w10,three,all,59000.0,0.00019934829486125156,2.6073882314788104e-05
banded_anti_w10,three,all,60000.0,0.0001907332495461132,3.385079460131499e-05
banded_anti_w10,three,all,61000.0,0.00018285917179746954,2.352677931162179e-05
banded_anti_w10,three,all,62000.0,0.00016562997174922778,3.484942605183379e-05
banded_anti_w10,three,all,63000.0,0.00016562997174922778,3.484942605183379e-05
banded_anti_w10,three,all,64000.0,0.00015775589400058408,2.447022324975255e-05
banded_anti_w10,three,all,65000.0,0.00015775589400058408,2.447022324975255e-05
banded_anti_w10,three,all,66000.0,0.0001412672162278195,2.7120693444160476e-05
banded_anti_w10,three,all,67000.0,0.0001412672162278195,2.7120693444160476e-05
banded_anti_w10,three,all,68000.0,0.00012403757088856027,3.604128474160556e-05
banded_anti_w10,three,all,69000.0,0.00012403757088856027,3.604128474160556e-05
banded_anti_w10,three,all,70000.0,0.00012403757088856027,3.604128474160556e-05
banded_anti_w10,three,all,71000.0,0.00012403757088856027,3.604128474160556e-05
banded_anti_w10,three,all,72000.0,0.00012403757088856027,3.604128474160556e-05
banded_anti_w10,three,all,73000.0,0.00012403757088856027,3.604128474160556e-05
banded_anti_w10,three,all,74000.0,0.0001075484478247782,2.6375528371093535e-05
banded_anti_w10,three,all,75000.0,0.0001075484478247782,2.6375528371093535e-05
banded_anti_w10,three,all,76000.0,9.967437007613451e-05,1.6772619454740888e-05
banded_anti_w10,three,all,77000.0,9.967437007613451e-05,1.6772619454740888e-05
banded_anti_w10,three,all,78000.0,9.180029232749084e-05,1.0722752979505213e-05
banded_anti_w10,three,all,79000.0,9.180029232749084e-05,1.0722752979505213e-05
banded_anti_w10,three,all,80000.0,9.180029232749084e-05,1.0722752979505213e-05
banded_anti_w10,three,all,81000.0,9.180029232749084e-05,1.0722752979505213e-05
banded_anti_w10,three,all,82000.0,9.180029232749084e-05,1.0722752979505213e-05
banded_anti_w10,three,all,83000.0,9.180029232749084e-05,1.0722752979505213e-05
banded_anti_w10,three,all,84000.0,9.180029232749084e-05,1.0722752979505213e-05
banded_anti_w10,three,all,85000.0,9.180029232749084e-05,1.0722752979505213e-05
banded_anti_w10,three,all,86000.0,8.318569230336996e-05,2.2566384186385843e-05
banded_anti_w10,three,all,87000.0,8.318569230336996e-05,2.2566384186385843e-05
banded_anti_w10,three,all,88000.0,8.318569230336996e-05,2.2566384186385843e-05
banded_anti_w10,three,all,89000.0,8.318569230336996e-05,2.2566384186385843e-05
banded_anti_w10,three,all,90000.0,8.318569230336996e-05,2.2566384186385843e-05
banded_anti_w10,three,all,91000.0,8.318569230336996e-05,2.2566384186385843e-05
banded_anti_w10,three,all,92000.0,8.318569230336996e-05,2.2566384186385843e-05
banded_anti_w10,three,all,93000.0,8.318569230336996e-05,2.2566384186385843e-05
banded_anti_w10,three,all,94000.0,8.318569230336996e-05,2.2566384186385843e-05
banded_anti_w10,three,all,95000.0,8.318569230336996e-05,2.2566384186385843e-05
banded_anti_w10,three,all,96000.0,7.457109227924906e-05,3.464608626292407e-05
banded_anti_w10,three,all,97000.0,7.457109227924906e-05,3.464608626292407e-05
banded_anti_w10,three,all,98000.0,7.457109227924906e-05,3.464608626292407e-05
banded_anti_w10,three,all,99000.0,6.669701453060539e-05,3.179126045845103e-05
banded_anti_w10,three,all,100000.0,6.669701453060539e-05,3.179126045845103e-05
banded_anti_w10,three,all,101000.0,6.669701453060539e-05,3.179126045845103e-05
banded_anti_w10,three,all,102000.0,6.669701453060539e-05,3.179126045845103e-05
banded_anti_w10,three,all,103000.0,6.669701453060539e-05,3.179126045845103e-05
banded_anti_w10,three,all,104000.0,6.669701453060539e-05,3.179126045845103e-05
banded_anti_w10,three,all,105000.0,6.669701453060539e-05,3.179126045845103e-05
banded_anti_w10,three,all,106000.0,6.669701453060539e-05,3.179126045845103e-05
banded_anti_w10,three,all,107000.0,6.669701453060539e-05,3.179126045845103e-05
banded_anti_w10,three,all,108000.0,6.669701453060539e-05,3.179126045845103e-05
banded_anti_w10,three,all,109000.0,6.669701453060539e-05,3.179126045845103e-05
banded_anti_w10,three,all,110000.0,6.669701453060539e-05,3.179126045845103e-05
banded_anti_w10,three,all,111000.0,6.669701453060539e-05,3.179126045845103e-05
banded_anti_w10,three,all,112000.0,5.808196921546703e-05,2.2957824798241747e-05
banded_anti_w10,three,all,113000.0,5.808196921546703e-05,2.2957824798241747e-05
banded_anti_w10,three,all,114000.0,5.808196921546703e-05,2.2957824798241747e-05
banded_anti_w10,three,all,115000.0,5.808196921546703e-05,2.2957824798241747e-05
banded_anti_w10,three,all,116000.0,4.946692390032866e-05,1.8447634550912074e-05
banded_anti_w10,three,all,117000.0,2.510372308790293e-05,1.0475716554771018e-06
banded_anti_w10,three,all,118000.0,2.510372308790293e-05,1.0475716554771018e-06
banded_anti_w10,three,all,119000.0,2.510372308790293e-05,1.0475716554771018e-06
banded_anti_w10,three,all,120000.0,2.510372308790293e-05,1.0475716554771018e-06
banded_anti_w10,three,all,121000.0,2.510372308790293e-05,1.0475716554771018e-06
banded_anti_w10,three,all,122000.0,1.6489123063782046e-05,1.1694833864068786e-05
banded_anti_w10,three,all,123000.0,1.6489123063782046e-05,1.1694833864068786e-05
banded_anti_w10,three,all,124000.0,1.6489123063782046e-05,1.1694833864068786e-05
banded_anti_w10,three,all,125000.0,1.6489123063782046e-05,1.1694833864068786e-05
banded_anti_w10,three,all,126000.0,1.6489123063782046e-05,1.1694833864068786e-05
banded_anti_w10,three,all,127000.0,1.6489123063782046e-05,1.1694833864068786e-05
banded_anti_w10,three,all,128000.0,1.6489123063782046e-05,1.1694833864068786e-05
banded_anti_w10,three,all,129000.0,1.6489123063782046e-05,1.1694833864068786e-05
banded_anti_w10,three,all,130000.0,1.6489123063782046e-05,1.1694833864068786e-05
banded_anti_w10,three,all,131000.0,1.6489123063782046e-05,1.1694833864068786e-05
banded_anti_w10,three,all,132000.0,1.6489123063782046e-05,1.1694833864068786e-05
banded_anti_w10,three,all,133000.0,1.6489123063782046e-05,1.1694833864068786e-05
banded_anti_w10,three,all,134000.0,1.6489123063782046e-05,1.1694833864068786e-05
banded_anti_w10,three,all,135000.0,1.6489123063782046e-05,1.1694833864068786e-05
banded_anti_w10,three,all,136000.0,1.6489123063782046e-05,1.1694833864068786e-05
banded_anti_w10,three,all,137000.0,8.615045315138357e-06,1.2183513925127459e-05
banded_anti_w10,three,all,138000.0,8.615045315138357e-06,1.2183513925127459e-05
banded_anti_w10,three,all,139000.0,8.615045315138357e-06,1.2183513925127459e-05
banded_anti_w10,three,all,140000.0,8.615045315138357e-06,1.2183513925127459e-05
banded_anti_w10,three,all,141000.0,8.615045315138357e-06,1.2183513925127459e-05
banded_anti_w10,three,all,142000.0,8.615045315138357e-06,1.2183513925127459e-05
banded_anti_w10,three,all,143000.0,8.615045315138357e-06,1.2183513925127459e-05
banded_anti_w10,three,all,144000.0,8.615045315138357e-06,1.2183513925127459e-05
banded_anti_w10,three,all,145000.0,8.615045315138357e-06,1.2183513925127459e-05
banded_anti_w10,three,all,146000.0,8.615045315138357e-06,1.2183513925127459e-05
banded_anti_w10,three,all,147000.0,8.615045315138357e-06,1.2183513925127459e-05
banded_anti_w10,three,all,148000.0,8.615045315138357e-06,1.2183513925127459e-05
banded_anti_w10,three,all,149000.0,8.615045315138357e-06,1.2183513925127459e-05
banded_anti_w10,three,all,150000.0,8.615045315138357e-06,1.2183513925127459e-05
banded_anti_w10,triplet,all,0.0,1.0,0.0
banded_anti_w10,triplet,all,1000.0,0.3836053956165812,0.004958870035917976
banded_anti_w10,triplet,all,2000.0,0.19304076387287628,0.005560812942820764
banded_anti_w10,triplet,all,3000.0,0.1076776720966991,0.004888528799603639
banded_anti_w10,triplet,all,4000.0,0.06644585446156935,0.0047510078037186695
banded_anti_w10,triplet,all,5000.0,0.04303532175956299,0.003919821648952864
banded_anti_w10,triplet,all,6000.0,0.02928702844382355,0.0029467690587042517
banded_anti_w10,triplet,all,7000.0,0.020139624383363683,0.002409392102508807
banded_anti_w10,triplet,all,8000.0,0.014785385293209117,0.0019310615986625678
banded_anti_w10,triplet,all,9000.0,0.010474161680031112,0.0016183500102007738
banded_anti_w10,triplet,all,10000.0,0.00799660494058537,0.001218019488427617
banded_anti_w10,triplet,all,11000.0,0.0060780150446292,0.0009070087656569325
banded_anti_w10,triplet,all,12000.0,0.004680200680940686,0.0006473067518330336
banded_anti_w10,triplet,all,13000.0,0.0035832957465373795,0.00043743969975995194
banded_anti_w10,triplet,all,14000.0,0.0029946406905941767,0.00026595796889828207
banded_anti_w10,triplet,all,15000.0,0.002437697034967048,0.0002313430453234316
banded_anti_w10,triplet,all,16000.0,0.0019763455473126826,0.000280747776354669
banded_anti_w10,triplet,all,17000.0,0.001738119961443306,0.0002631180536217363
banded_anti_w10,triplet,all,18000.0,0.0015334487819573261,0.00019211546971623395
banded_anti_w10,triplet,all,19000.0,0.0013252344494548074,0.0002016219896331679
banded_anti_w10,triplet,all,20000.0,0.0011546685187666177,0.00018008623969129303
banded_anti_w10,triplet,all,21000.0,0.0008968865257694469,0.0002421889154025077
banded_anti_w10,triplet,all,22000.0,0.0007534268442512454,0.0002014058015879226
banded_anti_w10,triplet,all,23000.0,0.0006670846652698904,0.000232627593899315
banded_anti_w10,triplet,all,24000.0,0.0004860242016433961,0.00021800942522157466
banded_anti_w10,triplet,all,25000.0,0.00041459359194450995,0.0001934636259430295
banded_anti_w10,triplet,all,26000.0,0.00037901599769866513,0.0001753703556840474
banded_anti_w10,triplet,all,27000.0,0.000307585387999779,0.00015024905891778214
banded_anti_w10,triplet,all,28000.0,0.00026123783960843334,0.00010810977670441502
banded_anti_w10,triplet,all,29000.0,0.00021401640788946204,8.987590660431812e-05
banded_anti_w10,triplet,all,30000.0,0.00017991115909167207,4.16991647835078e-05
banded_anti_w10,triplet,all,31000.0,0.0001563004432321864,3.859106659894628e-05
banded_anti_w10,triplet,all,32000.0,0.00012132131110677078,3.46074652835639e-05
banded_anti_w10,triplet,all,33000.0,0.00010995289484084078,3.33592482204449e-05
banded_anti_w10,triplet,all,34000.0,9.711213312685591e-05,1.758191502550073e-05
banded_anti_w10,triplet,all,35000.0,9.711213312685591e-05,1.758191502550073e-05
banded_anti_w10,triplet,all,36000.0,8.574371686092592e-05,2.119650512121178e-05
banded_anti_w10,triplet,all,37000.0,8.574371686092592e-05,2.119650512121178e-05
banded_anti_w10,triplet,all,38000.0,8.574371686092592e-05,2.119650512121178e-05
banded_anti_w10,triplet,all,39000.0,8.574371686092592e-05,2.119650512121178e-05
banded_anti_w10,triplet,all,40000.0,7.437530059499591e-05,3.326294449270889e-05
banded_anti_w10,triplet,all,41000.0,6.153453888101103e-05,1.9450756249880787e-05
banded_anti_w10,triplet,all,42000.0,5.0166122615081046e-05,3.5503082550297024e-05
banded_anti_w10,triplet,all,43000.0,5.0166122615081046e-05,3.5503082550297024e-05
banded_anti_w10,triplet,all,44000.0,3.79238230215254e-05,3.146469898459567e-05
banded_anti_w10,triplet,all,45000.0,2.5083061307540523e-05,1.7751541275148512e-05
banded_anti_w10,triplet,all,46000.0,2.5083061307540523e-05,1.7751541275148512e-05
banded_anti_w10,triplet,all,47000.0,2.5083061307540523e-05,1.7751541275148512e-05
banded_anti_w10,triplet,all,48000.0,2.5083061307540523e-05,1.7751541275148512e-05
banded_anti_w10,triplet,all,49000.0,2.5083061307540523e-05,1.7751541275148512e-05
banded_anti_w10,triplet,all,50000.0,2.5083061307540523e-05,1.7751541275148512e-05
banded_anti_w10,triplet,all,51000.0,2.5083061307540523e-05,1.7751541275148512e-05
banded_anti_w10,triplet,all,52000.0,2.5083061307540523e-05,1.7751541275148512e-05
banded_anti_w10,triplet,all,53000.0,2.5083061307540523e-05,1.7751541275148512e-05
banded_anti_w10,triplet,all,54000.0,2.5083061307540523e-05,1.7751541275148512e-05
banded_anti_w10,triplet,all,55000.0,2.5083061307540523e-05,1.7751541275148512e-05
banded_anti_w10,triplet,all,56000.0,2.5083061307540523e-05,1.7751541275148512e-05
banded_anti_w10,triplet,all,57000.0,2.5083061307540523e-05,1.7751541275148512e-05
banded_anti_w10,triplet,all,58000.0,2.5083061307540523e-05,1.7751541275148512e-05
banded_anti_w10,triplet,all,59000.0,1.2840761713984873e-05,1.8159579367118598e-05
banded_anti_w10,triplet,all,60000.0,1.2840761713984873e-05,1.8159579367118598e-05
banded_anti_w10,triplet,all,61000.0,1.2840761713984873e-05,1.8159579367118598e-05
banded_anti_w10,triplet,all,62000.0,1.2840761713984873e-05,1.8159579367118598e-05
banded_anti_w10,triplet,all,63000.0,1.2840761713984873e-05,1.8159579367118598e-05
banded_anti_w10,triplet,all,64000.0,1.2840761713984873e-05,1.8159579367118598e-05
banded_anti_w10,triplet,all,65000.0,1.2840761713984873e-05,1.8159579367118598e-05
banded_anti_w10,triplet,all,66000.0,1.2840761713984873e-05,1.8159579367118598e-05
banded_anti_w10,triplet,all,67000.0,1.2840761713984873e-05,1.8159579367118598e-05
banded_anti_w10,triplet,all,68000.0,1.2840761713984873e-05,1.8159579367118598e-05
banded_anti_w10,triplet,all,69000.0,1.2840761713984873e-05,1.8159579367118598e-05
banded_anti_w10,triplet,all,70000.0,1.2840761713984873e-05,1.8159579367118598e-05
banded_anti_w10,triplet,all,71000.0,1.2840761713984873e-05,1.8159579367118598e-05
banded_anti_w10,triplet,all,72000.0,1.2840761713984873e-05,1.8159579367118598e-05
banded_anti_w10,triplet,all,73000.0,1.2840761713984873e-05,1.8159579367118598e-05
banded_anti_w10,triplet,all,74000.0,1.2840761713984873e-05,1.8159579367118598e-05
banded_anti_w10,triplet,all,75000.0,1.2840761713984873e-05,1.8159579367118598e-05
banded_anti_w10,triplet,all,76000.0,1.2840761713984873e-05,1.8159579367118598e-05
banded_anti_w10,triplet,all,77000.0,1.2840761713984873e-05,1.8159579367118598e-05
banded_anti_w10,triplet,all,78000.0,1.2840761713984873e-05,1.8159579367118598e-05
banded_anti_w10,triplet,all,79000.0,1.2840761713984873e-05,1.8159579367118598e-05
banded_anti_w10,triplet,all,80000.0,1.2840761713984873e-05,1.8159579367118598e-05
banded_anti_w10,triplet,all,81000.0,1.2840761713984873e-05,1.8159579367118598e-05
banded_anti_w10,triplet,all,82000.0,1.2840761713984873e-05,1.8159579367118598e-05
banded_anti_w10,triplet,all,83000.0,1.2840761713984873e-05,1.8159579367118598e-05
banded_anti_w10,triplet,all,84000.0,1.2840761713984873e-05,1.8159579367118598e-05
banded_anti_w10,triplet,all,85000.0,1.2840761713984873e-05,1.8159579367118598e-05
banded_anti_w10,triplet,all,86000.0,1.2840761713984873e-05,1.8159579367118598e-05
banded_anti_w10,triplet,all,87000.0,1.2840761713984873e-05,1.8159579367118598e-05
banded_anti_w10,triplet,all,88000.0,1.2840761713984873e-05,1.8159579367118598e-05
banded_anti_w10,triplet,all,89000.0,1.2840761713984873e-05,1.8159579367118598e-05
banded_anti_w10,triplet,all,90000.0,1.2840761713984873e-05,1.8159579367118598e-05
banded_anti_w10,triplet,all,91000.0,1.2840761713984873e-05,1.8159579367118598e-05
banded_anti_w10,triplet,all,92000.0,1.2840761713984873e-05,1.8159579367118598e-05
banded_anti_w10,triplet,all,93000.0,1.2840761713984873e-05,1.8159579367118598e-05
banded_anti_w10,triplet,all,94000.0,1.2840761713984873e-05,1.8159579367118598e-05
banded_anti_w10,triplet,all,95000.0,1.2840761713984873e-05,1.8159579367118598e-05
banded_anti_w10,triplet,all,96000.0,1.2840761713984873e-05,1.8159579367118598e-05
banded_anti_w10,triplet,all,97000.0,1.2840761713984873e-05,1.8159579367118598e-05
banded_anti_w10,triplet,all,98000.0,1.2840761713984873e-05,1.8159579367118598e-05
banded_anti_w10,triplet,all,99000.0,1.2840761713984873e-05,1.8159579367118598e-05
banded_anti_w10,triplet,all,100000.0,1.2840761713984873e-05,1.8159579367118598e-05
banded_anti_w10,triplet,all,101000.0,1.2840761713984873e-05,1.8159579367118598e-05
banded_anti_w10,triplet,all,102000.0,1.2840761713984873e-05,1.8159579367118598e-05
banded_anti_w10,triplet,all,103000.0,1.2840761713984873e-05,1.8159579367118598e-05
banded_anti_w10,triplet,all,104000.0,1.2840761713984873e-05,1.8159579367118598e-05
banded_anti_w10,triplet,all,105000.0,1.2840761713984873e-05,1.8159579367118598e-05
banded_anti_w10,triplet,all,106000.0,1.2840761713984873e-05,1.8159579367118598e-05
banded_anti_w10,triplet,all,107000.0,1.2840761713984873e-05,1.8159579367118598e-05
banded_anti_w10,triplet,all,108000.0,1.2840761713984873e-05,1.8159579367118598e-05
banded_anti_w10,triplet,all,109000.0,1.2840761713984873e-05,1.8159579367118598e-05
banded_anti_w10,triplet,all,110000.0,1.2840761713984873e-05,1.8159579367118598e-05
banded_anti_w10,triplet,all,111000.0,1.2840761713984873e-05,1.8159579367118598e-05
banded_anti_w10,triplet,all,112000.0,1.2840761713984873e-05,1.8159579367118598e-05
banded_anti_w10,triplet,all,113000.0,1.2840761713984873e-05,1.8159579367118598e-05
banded_anti_w10,triplet,all,114000.0,1.2840761713984873e-05,1.8159579367118598e-05
banded_anti_w10,triplet,all,115000.0,1.2840761713984873e-05,1.8159579367118598e-05
banded_anti_w10,triplet,all,116000.0,1.2840761713984873e-05,1.8159579367118598e-05
banded_anti_w10,triplet,all,117000.0,1.2840761713984873e-05,1.8159579367118598e-05
banded_anti_w10,triplet,all,118000.0,1.2840761713984873e-05,1.8159579367118598e-05
banded_anti_w10,triplet,all,119000.0,1.2840761713984873e-05,1.8159579367118598e-05
banded_anti_w10,triplet,all,120000.0,1.2840761713984873e-05,1.8159579367118598e-05
banded_anti_w10,triplet,all,121000.0,1.2840761713984873e-05,1.8159579367118598e-05
banded_anti_w10,triplet,all,122000.0,1.2840761713984873e-05,1.8159579367118598e-05
banded_anti_w10,triplet,all,123000.0,1.2840761713984873e-05,1.8159579367118598e-05
banded_anti_w10,triplet,all,124000.0,1.2840761713984873e-05,1.8159579367118598e-05
banded_anti_w10,triplet,all,125000.0,1.2840761713984873e-05,1.8159579367118598e-05
banded_anti_w10,triplet,all,126000.0,1.2840761713984873e-05,1.8159579367118598e-05
banded_anti_w10,triplet,all,127000.0,1.2840761713984873e-05,1.8159579367118598e-05
banded_anti_w10,triplet,all,128000.0,1.2840761713984873e-05,1.8159579367118598e-05
banded_anti_w10,triplet,all,129000.0,1.2840761713984873e-05,1.8159579367118598e-05
banded_anti_w10,triplet,all,130000.0,1.2840761713984873e-05,1.8159579367118598e-05
banded_anti_w10,triplet,all,131000.0,1.2840761713984873e-05,1.8159579367118598e-05
banded_anti_w10,triplet,all,132000.0,1.2840761713984873e-05,1.8159579367118598e-05
banded_anti_w10,triplet,all,133000.0,1.2840761713984873e-05,1.8159579367118598e-05
banded_anti_w10,triplet,all,134000.0,1.2840761713984873e-05,1.8159579367118598e-05
banded_anti_w10,triplet,all,135000.0,1.2840761713984873e-05,1.8159579367118598e-05
banded_anti_w10,triplet,all,136000.0,1.2840761713984873e-05,1.8159579367118598e-05
banded_anti_w10,triplet,all,137000.0,1.2840761713984873e-05,1.8159579367118598e-05
banded_anti_w10,triplet,all,138000.0,1.2840761713984873e-05,1.8159579367118598e-05
banded_anti_w10,triplet,all,139000.0,1.2840761713984873e-05,1.8159579367118598e-05
banded_anti_w10,triplet,all,140000.0,1.2840761713984873e-05,1.8159579367118598e-05
banded_anti_w10,triplet,all,141000.0,1.2840761713984873e-05,1.8159579367118598e-05
