group,group_label,observable,contact_mode,contact_label,event_unit,chain_selection,chain_filter_method,time_ps,survival_mean,survival_std,t_1e_ps,t_01_ps,mean_lifetime_ps,contact_cutoff_nm,cluster_dist_cutoff_A,radius_limit_A,nac_start,nac_end,triplet_size
G1_Wcluster_alhx0,$\mathrm{IDP}_{50}$,Cter_corresponding_BB_contact_survival,corresponding_nac_bb,Any 1 corresponding C-ter BB,chain_pair,all,largest_cluster,0.0,1.0,0.0,1152.3961982648805,3808.639733532597,2142.396155319071,0.8,8.0,100.0,96,140,3
G1_Wcluster_alhx0,$\mathrm{IDP}_{50}$,Cter_corresponding_BB_contact_survival,corresponding_nac_bb,Any 1 corresponding C-ter BB,chain_pair,all,largest_cluster,1000.0,0.39503085866552085,0.006270056392863991,1152.3961982648805,3808.639733532597,2142.396155319071,0.8,8.0,100.0,96,140,3
G1_Wcluster_alhx0,$\mathrm{IDP}_{50}$,Cter_corresponding_BB_contact_survival,corresponding_nac_bb,Any 1 corresponding C-ter BB,chain_pair,all,largest_cluster,2000.0,0.21686750680232994,0.007552202918828668,1152.3961982648805,3808.639733532597,2142.396155319071,0.8,8.0,100.0,96,140,3
G1_Wcluster_alhx0,$\mathrm{IDP}_{50}$,Cter_corresponding_BB_contact_survival,corresponding_nac_bb,Any 1 corresponding C-ter BB,chain_pair,all,largest_cluster,3000.0,0.1355805345756739,0.006425673549849949,1152.3961982648805,3808.639733532597,2142.396155319071,0.8,8.0,100.0,96,140,3
G1_Wcluster_alhx0,$\mathrm{IDP}_{50}$,Cter_corresponding_BB_contact_survival,corresponding_nac_bb,Any 1 corresponding C-ter BB,chain_pair,all,largest_cluster,4000.0,0.09158005685954938,0.005042729119495242,1152.3961982648805,3808.639733532597,2142.396155319071,0.8,8.0,100.0,96,140,3
G1_Wcluster_alhx0,$\mathrm{IDP}_{50}$,Cter_corresponding_BB_contact_survival,corresponding_nac_bb,Any 1 corresponding C-ter BB,chain_pair,all,largest_cluster,5000.0,0.06571953370764623,0.004817392101453867,1152.3961982648805,3808.639733532597,2142.396155319071,0.8,8.0,100.0,96,140,3
G1_Wcluster_alhx0,$\mathrm{IDP}_{50}$,Cter_corresponding_BB_contact_survival,corresponding_nac_bb,Any 1 corresponding C-ter BB,chain_pair,all,largest_cluster,6000.0,0.04862805683849313,0.00346529671967534,1152.3961982648805,3808.639733532597,2142.396155319071,0.8,8.0,100.0,96,140,3
G1_Wcluster_alhx0,$\mathrm{IDP}_{50}$,Cter_corresponding_BB_contact_survival,corresponding_nac_bb,Any 1 corresponding C-ter BB,chain_pair,all,largest_cluster,7000.0,0.03705141847106506,0.0021797628167594825,1152.3961982648805,3808.639733532597,2142.396155319071,0.8,8.0,100.0,96,140,3
G1_Wcluster_alhx0,$\mathrm{IDP}_{50}$,Cter_corresponding_BB_contact_survival,corresponding_nac_bb,Any 1 corresponding C-ter BB,chain_pair,all,largest_cluster,8000.0,0.02832823095267038,0.0020343001329110122,1152.3961982648805,3808.639733532597,2142.396155319071,0.8,8.0,100.0,96,140,3
G1_Wcluster_alhx0,$\mathrm{IDP}_{50}$,Cter_corresponding_BB_contact_survival,corresponding_nac_bb,Any 1 corresponding C-ter BB,chain_pair,all,largest_cluster,9000.0,0.02214844117393987,0.0013541634272865363,1152.3961982648805,3808.639733532597,2142.396155319071,0.8,8.0,100.0,96,140,3
G1_Wcluster_alhx0,$\mathrm{IDP}_{50}$,Cter_corresponding_BB_contact_survival,corresponding_nac_bb,Any 1 corresponding C-ter BB,chain_pair,all,largest_cluster,10000.0,0.01710814382531774,0.0011898020580188538,1152.3961982648805,3808.639733532597,2142.396155319071,0.8,8.0,100.0,96,140,3
G1_Wcluster_alhx0,$\mathrm{IDP}_{50}$,Cter_corresponding_BB_contact_survival,corresponding_nac_bb,Any 1 corresponding C-ter BB,chain_pair,all,largest_cluster,11000.0,0.013448484618409315,0.0012701509020181872,1152.3961982648805,3808.639733532597,2142.396155319071,0.8,8.0,100.0,96,140,3
G1_Wcluster_alhx0,$\mathrm{IDP}_{50}$,Cter_corresponding_BB_contact_survival,corresponding_nac_bb,Any 1 corresponding C-ter BB,chain_pair,all,largest_cluster,12000.0,0.010931109895777356,0.0008676167087914749,1152.3961982648805,3808.639733532597,2142.396155319071,0.8,8.0,100.0,96,140,3
G1_Wcluster_alhx0,$\mathrm{IDP}_{50}$,Cter_corresponding_BB_contact_survival,corresponding_nac_bb,Any 1 corresponding C-ter BB,chain_pair,all,largest_cluster,13000.0,0.008843770798615832,0.0010058221239828975,1152.3961982648805,3808.639733532597,2142.396155319071,0.8,8.0,100.0,96,140,3
G1_Wcluster_alhx0,$\mathrm{IDP}_{50}$,Cter_corresponding_BB_contact_survival,corresponding_nac_bb,Any 1 corresponding C-ter BB,chain_pair,all,largest_cluster,14000.0,0.007274108787948024,0.0009095425447559687,1152.3961982648805,3808.639733532597,2142.396155319071,0.8,8.0,100.0,96,140,3
G1_Wcluster_alhx0,$\mathrm{IDP}_{50}$,Cter_corresponding_BB_contact_survival,corresponding_nac_bb,Any 1 corresponding C-ter BB,chain_pair,all,largest_cluster,15000.0,0.006028781145231074,0.0007518776871758142,1152.3961982648805,3808.639733532597,2142.396155319071,0.8,8.0,100.0,96,140,3
G1_Wcluster_alhx0,$\mathrm{IDP}_{50}$,Cter_corresponding_BB_contact_survival,corresponding_nac_bb,Any 1 corresponding C-ter BB,chain_pair,all,largest_cluster,16000.0,0.005192735027431196,0.0007757914073496097,1152.3961982648805,3808.639733532597,2142.396155319071,0.8,8.0,100.0,96,140,3
G1_Wcluster_alhx0,$\mathrm{IDP}_{50}$,Cter_corresponding_BB_contact_survival,corresponding_nac_bb,Any 1 corresponding C-ter BB,chain_pair,all,largest_cluster,17000.0,0.00433194990611838,0.0008231975477680313,1152.3961982648805,3808.639733532597,2142.396155319071,0.8,8.0,100.0,96,140,3
G1_Wcluster_alhx0,$\mathrm{IDP}_{50}$,Cter_corresponding_BB_contact_survival,corresponding_nac_bb,Any 1 corresponding C-ter BB,chain_pair,all,largest_cluster,18000.0,0.003640668098293882,0.0005573648971277823,1152.3961982648805,3808.639733532597,2142.396155319071,0.8,8.0,100.0,96,140,3
G1_Wcluster_alhx0,$\mathrm{IDP}_{50}$,Cter_corresponding_BB_contact_survival,corresponding_nac_bb,Any 1 corresponding C-ter BB,chain_pair,all,largest_cluster,19000.0,0.0032022594970715474,0.00047566870168474785,1152.3961982648805,3808.639733532597,2142.396155319071,0.8,8.0,100.0,96,140,3
G1_Wcluster_alhx0,$\mathrm{IDP}_{50}$,Cter_corresponding_BB_contact_survival,corresponding_nac_bb,Any 1 corresponding C-ter BB,chain_pair,all,largest_cluster,20000.0,0.0027576208357788976,0.00033563071662696145,1152.3961982648805,3808.639733532597,2142.396155319071,0.8,8.0,100.0,96,140,3
G1_Wcluster_alhx0,$\mathrm{IDP}_{50}$,Cter_corresponding_BB_contact_survival,corresponding_nac_bb,Any 1 corresponding C-ter BB,chain_pair,all,largest_cluster,21000.0,0.0023227841955477846,0.0003170467508886203,1152.3961982648805,3808.639733532597,2142.396155319071,0.8,8.0,100.0,96,140,3
G1_Wcluster_alhx0,$\mathrm{IDP}_{50}$,Cter_corresponding_BB_contact_survival,corresponding_nac_bb,Any 1 corresponding C-ter BB,chain_pair,all,largest_cluster,22000.0,0.0020859430700774758,0.00032593752232802897,1152.3961982648805,3808.639733532597,2142.396155319071,0.8,8.0,100.0,96,140,3
G1_Wcluster_alhx0,$\mathrm{IDP}_{50}$,Cter_corresponding_BB_contact_survival,corresponding_nac_bb,Any 1 corresponding C-ter BB,chain_pair,all,largest_cluster,23000.0,0.0018270210401733211,0.00037603146548117274,1152.3961982648805,3808.639733532597,2142.396155319071,0.8,8.0,100.0,96,140,3
G1_Wcluster_alhx0,$\mathrm{IDP}_{50}$,Cter_corresponding_BB_contact_survival,corresponding_nac_bb,Any 1 corresponding C-ter BB,chain_pair,all,largest_cluster,24000.0,0.001584780229887531,0.00032542796055991523,1152.3961982648805,3808.639733532597,2142.396155319071,0.8,8.0,100.0,96,140,3
G1_Wcluster_alhx0,$\mathrm{IDP}_{50}$,Cter_corresponding_BB_contact_survival,corresponding_nac_bb,Any 1 corresponding C-ter BB,chain_pair,all,largest_cluster,25000.0,0.0013965867361882649,0.0003883273499270939,1152.3961982648805,3808.639733532597,2142.396155319071,0.8,8.0,100.0,96,140,3
G1_Wcluster_alhx0,$\mathrm{IDP}_{50}$,Cter_corresponding_BB_contact_survival,corresponding_nac_bb,Any 1 corresponding C-ter BB,chain_pair,all,largest_cluster,26000.0,0.0012259883240194928,0.0003555818185936461,1152.3961982648805,3808.639733532597,2142.396155319071,0.8,8.0,100.0,96,140,3
G1_Wcluster_alhx0,$\mathrm{IDP}_{50}$,Cter_corresponding_BB_contact_survival,corresponding_nac_bb,Any 1 corresponding C-ter BB,chain_pair,all,largest_cluster,27000.0,0.0011004655826305414,0.00027501943912415375,1152.3961982648805,3808.639733532597,2142.396155319071,0.8,8.0,100.0,96,140,3
G1_Wcluster_alhx0,$\mathrm{IDP}_{50}$,Cter_corresponding_BB_contact_survival,corresponding_nac_bb,Any 1 corresponding C-ter BB,chain_pair,all,largest_cluster,28000.0,0.0010270789473465598,0.00025846889172157677,1152.3961982648805,3808.639733532597,2142.396155319071,0.8,8.0,100.0,96,140,3
G1_Wcluster_alhx0,$\mathrm{IDP}_{50}$,Cter_corresponding_BB_contact_survival,corresponding_nac_bb,Any 1 corresponding C-ter BB,chain_pair,all,largest_cluster,29000.0,0.0008768172024446698,0.00016970052356187387,1152.3961982648805,3808.639733532597,2142.396155319071,0.8,8.0,100.0,96,140,3
G1_Wcluster_alhx0,$\mathrm{IDP}_{50}$,Cter_corresponding_BB_contact_survival,corresponding_nac_bb,Any 1 corresponding C-ter BB,chain_pair,all,largest_cluster,30000.0,0.0008255114715945338,0.00011609755277912279,1152.3961982648805,3808.639733532597,2142.396155319071,0.8,8.0,100.0,96,140,3
G1_Wcluster_alhx0,$\mathrm{IDP}_{50}$,Cter_corresponding_BB_contact_survival,corresponding_nac_bb,Any 1 corresponding C-ter BB,chain_pair,all,largest_cluster,31000.0,0.0006188090344526447,0.0002710812328808084,1152.3961982648805,3808.639733532597,2142.396155319071,0.8,8.0,100.0,96,140,3
G1_Wcluster_alhx0,$\mathrm{IDP}_{50}$,Cter_corresponding_BB_contact_survival,corresponding_nac_bb,Any 1 corresponding C-ter BB,chain_pair,all,largest_cluster,32000.0,0.0005940700309397061,0.0002688447902493512,1152.3961982648805,3808.639733532597,2142.396155319071,0.8,8.0,100.0,96,140,3
G1_Wcluster_alhx0,$\mathrm{IDP}_{50}$,Cter_corresponding_BB_contact_survival,corresponding_nac_bb,Any 1 corresponding C-ter BB,chain_pair,all,largest_cluster,33000.0,0.0004959443921427861,0.00023364715232868474,1152.3961982648805,3808.639733532597,2142.396155319071,0.8,8.0,100.0,96,140,3
G1_Wcluster_alhx0,$\mathrm{IDP}_{50}$,Cter_corresponding_BB_contact_survival,corresponding_nac_bb,Any 1 corresponding C-ter BB,chain_pair,all,largest_cluster,34000.0,0.0003987326152579955,0.0002295111311580618,1152.3961982648805,3808.639733532597,2142.396155319071,0.8,8.0,100.0,96,140,3
G1_Wcluster_alhx0,$\mathrm{IDP}_{50}$,Cter_corresponding_BB_contact_survival,corresponding_nac_bb,Any 1 corresponding C-ter BB,chain_pair,all,largest_cluster,35000.0,0.00034925460823211855,0.00024557564674358555,1152.3961982648805,3808.639733532597,2142.396155319071,0.8,8.0,100.0,96,140,3
G1_Wcluster_alhx0,$\mathrm{IDP}_{50}$,Cter_corresponding_BB_contact_survival,corresponding_nac_bb,Any 1 corresponding C-ter BB,chain_pair,all,largest_cluster,36000.0,0.0002732098738690441,0.0001878499337491658,1152.3961982648805,3808.639733532597,2142.396155319071,0.8,8.0,100.0,96,140,3
G1_Wcluster_alhx0,$\mathrm{IDP}_{50}$,Cter_corresponding_BB_contact_survival,corresponding_nac_bb,Any 1 corresponding C-ter BB,chain_pair,all,largest_cluster,37000.0,0.0002511289694351985,0.0002061004037695475,1152.3961982648805,3808.639733532597,2142.396155319071,0.8,8.0,100.0,96,140,3
G1_Wcluster_alhx0,$\mathrm{IDP}_{50}$,Cter_corresponding_BB_contact_survival,corresponding_nac_bb,Any 1 corresponding C-ter BB,chain_pair,all,largest_cluster,38000.0,0.0002511289694351985,0.0002061004037695475,1152.3961982648805,3808.639733532597,2142.396155319071,0.8,8.0,100.0,96,140,3
G1_Wcluster_alhx0,$\mathrm{IDP}_{50}$,Cter_corresponding_BB_contact_survival,corresponding_nac_bb,Any 1 corresponding C-ter BB,chain_pair,all,largest_cluster,39000.0,0.00022638996592225997,0.0002208677305537291,1152.3961982648805,3808.639733532597,2142.396155319071,0.8,8.0,100.0,96,140,3
G1_Wcluster_alhx0,$\mathrm{IDP}_{50}$,Cter_corresponding_BB_contact_survival,corresponding_nac_bb,Any 1 corresponding C-ter BB,chain_pair,all,largest_cluster,40000.0,0.00020430906148841436,0.0002383906026715612,1152.3961982648805,3808.639733532597,2142.396155319071,0.8,8.0,100.0,96,140,3
G1_Wcluster_alhx0,$\mathrm{IDP}_{50}$,Cter_corresponding_BB_contact_survival,corresponding_nac_bb,Any 1 corresponding C-ter BB,chain_pair,all,largest_cluster,41000.0,0.00020430906148841436,0.0002383906026715612,1152.3961982648805,3808.639733532597,2142.396155319071,0.8,8.0,100.0,96,140,3
G1_Wcluster_alhx0,$\mathrm{IDP}_{50}$,Cter_corresponding_BB_contact_survival,corresponding_nac_bb,Any 1 corresponding C-ter BB,chain_pair,all,largest_cluster,42000.0,0.0001273504652132104,0.00013116878482023666,1152.3961982648805,3808.639733532597,2142.396155319071,0.8,8.0,100.0,96,140,3
G1_Wcluster_alhx0,$\mathrm{IDP}_{50}$,Cter_corresponding_BB_contact_survival,corresponding_nac_bb,Any 1 corresponding C-ter BB,chain_pair,all,largest_cluster,43000.0,0.00010169759978814244,9.623684171729591e-05,1152.3961982648805,3808.639733532597,2142.396155319071,0.8,8.0,100.0,96,140,3
G1_Wcluster_alhx0,$\mathrm{IDP}_{50}$,Cter_corresponding_BB_contact_survival,corresponding_nac_bb,Any 1 corresponding C-ter BB,chain_pair,all,largest_cluster,44000.0,7.604473436307445e-05,6.284972008122846e-05,1152.3961982648805,3808.639733532597,2142.396155319071,0.8,8.0,100.0,96,140,3
G1_Wcluster_alhx0,$\mathrm{IDP}_{50}$,Cter_corresponding_BB_contact_survival,corresponding_nac_bb,Any 1 corresponding C-ter BB,chain_pair,all,largest_cluster,45000.0,2.565286542506798e-05,3.627863019786299e-05,1152.3961982648805,3808.639733532597,2142.396155319071,0.8,8.0,100.0,96,140,3
G1_Wcluster_alhx0,$\mathrm{IDP}_{50}$,Cter_corresponding_BB_contact_survival,corresponding_nac_bb,Any 1 corresponding C-ter BB,chain_pair,all,largest_cluster,46000.0,2.565286542506798e-05,3.627863019786299e-05,1152.3961982648805,3808.639733532597,2142.396155319071,0.8,8.0,100.0,96,140,3
G1_Wcluster_alhx0,$\mathrm{IDP}_{50}$,Cter_corresponding_BB_contact_survival,corresponding_nac_bb,Any 1 corresponding C-ter BB,chain_pair,all,largest_cluster,47000.0,2.565286542506798e-05,3.627863019786299e-05,1152.3961982648805,3808.639733532597,2142.396155319071,0.8,8.0,100.0,96,140,3
G1_Wcluster_alhx0,$\mathrm{IDP}_{50}$,Cter_corresponding_BB_contact_survival,corresponding_nac_bb,Any 1 corresponding C-ter BB,chain_pair,all,largest_cluster,48000.0,2.565286542506798e-05,3.627863019786299e-05,1152.3961982648805,3808.639733532597,2142.396155319071,0.8,8.0,100.0,96,140,3
G1_Wcluster_alhx0,$\mathrm{IDP}_{50}$,Cter_corresponding_BB_contact_survival,corresponding_nac_bb,Any 1 corresponding C-ter BB,chain_pair,all,largest_cluster,49000.0,2.565286542506798e-05,3.627863019786299e-05,1152.3961982648805,3808.639733532597,2142.396155319071,0.8,8.0,100.0,96,140,3
G1_Wcluster_alhx0,$\mathrm{IDP}_{50}$,Cter_corresponding_BB_contact_survival,corresponding_nac_bb,Any 1 corresponding C-ter BB,chain_pair,all,largest_cluster,50000.0,2.565286542506798e-05,3.627863019786299e-05,1152.3961982648805,3808.639733532597,2142.396155319071,0.8,8.0,100.0,96,140,3
G1_Wcluster_alhx0,$\mathrm{IDP}_{50}$,Cter_corresponding_BB_contact_survival,corresponding_nac_bb,Any 1 corresponding C-ter BB,chain_pair,all,largest_cluster,51000.0,2.565286542506798e-05,3.627863019786299e-05,1152.3961982648805,3808.639733532597,2142.396155319071,0.8,8.0,100.0,96,140,3
G1_Wcluster_alhx0,$\mathrm{IDP}_{50}$,Cter_corresponding_BB_contact_survival,corresponding_nac_bb,Any 1 corresponding C-ter BB,chain_pair,all,largest_cluster,52000.0,2.565286542506798e-05,3.627863019786299e-05,1152.3961982648805,3808.639733532597,2142.396155319071,0.8,8.0,100.0,96,140,3
G1_Wcluster_alhx0,$\mathrm{IDP}_{50}$,Cter_corresponding_BB_contact_survival,corresponding_nac_bb,Any 1 corresponding C-ter BB,chain_pair,all,largest_cluster,53000.0,2.565286542506798e-05,3.627863019786299e-05,1152.3961982648805,3808.639733532597,2142.396155319071,0.8,8.0,100.0,96,140,3
G1_Wcluster_alhx0,$\mathrm{IDP}_{50}$,Cter_corresponding_BB_contact_survival,corresponding_nac_bb,Any 1 corresponding C-ter BB,chain_pair,all,largest_cluster,54000.0,2.565286542506798e-05,3.627863019786299e-05,1152.3961982648805,3808.639733532597,2142.396155319071,0.8,8.0,100.0,96,140,3
G2_Wcluster_alhx700,$\mathrm{Hel}_{50}$,Cter_corresponding_BB_contact_survival,corresponding_nac_bb,Any 1 corresponding C-ter BB,chain_pair,all,largest_cluster,0.0,1.0,0.0,1295.2627963700575,4737.314802884355,2685.852724747148,0.8,8.0,100.0,96,140,3
G2_Wcluster_alhx700,$\mathrm{Hel}_{50}$,Cter_corresponding_BB_contact_survival,corresponding_nac_bb,Any 1 corresponding C-ter BB,chain_pair,all,largest_cluster,1000.0,0.4181295585165598,0.0029038805027837835,1295.2627963700575,4737.314802884355,2685.852724747148,0.8,8.0,100.0,96,140,3
G2_Wcluster_alhx700,$\mathrm{Hel}_{50}$,Cter_corresponding_BB_contact_survival,corresponding_nac_bb,Any 1 corresponding C-ter BB,chain_pair,all,largest_cluster,2000.0,0.2479417869351439,0.0035170795640128718,1295.2627963700575,4737.314802884355,2685.852724747148,0.8,8.0,100.0,96,140,3
G2_Wcluster_alhx700,$\mathrm{Hel}_{50}$,Cter_corresponding_BB_contact_survival,corresponding_nac_bb,Any 1 corresponding C-ter BB,chain_pair,all,largest_cluster,3000.0,0.16525065666433933,0.0020584444839118012,1295.2627963700575,4737.314802884355,2685.852724747148,0.8,8.0,100.0,96,140,3
G2_Wcluster_alhx700,$\mathrm{Hel}_{50}$,Cter_corresponding_BB_contact_survival,corresponding_nac_bb,Any 1 corresponding C-ter BB,chain_pair,all,largest_cluster,4000.0,0.12194119880663973,0.0014129006467321964,1295.2627963700575,4737.314802884355,2685.852724747148,0.8,8.0,100.0,96,140,3
G2_Wcluster_alhx700,$\mathrm{Hel}_{50}$,Cter_corresponding_BB_contact_survival,corresponding_nac_bb,Any 1 corresponding C-ter BB,chain_pair,all,largest_cluster,5000.0,0.09218294802853742,0.0002857043632445137,1295.2627963700575,4737.314802884355,2685.852724747148,0.8,8.0,100.0,96,140,3
G2_Wcluster_alhx700,$\mathrm{Hel}_{50}$,Cter_corresponding_BB_contact_survival,corresponding_nac_bb,Any 1 corresponding C-ter BB,chain_pair,all,largest_cluster,6000.0,0.07359055666726218,0.0014572815910138567,1295.2627963700575,4737.314802884355,2685.852724747148,0.8,8.0,100.0,96,140,3
G2_Wcluster_alhx700,$\mathrm{Hel}_{50}$,Cter_corresponding_BB_contact_survival,corresponding_nac_bb,Any 1 corresponding C-ter BB,chain_pair,all,largest_cluster,7000.0,0.059343026138451875,0.001539270346191547,1295.2627963700575,4737.314802884355,2685.852724747148,0.8,8.0,100.0,96,140,3
G2_Wcluster_alhx700,$\mathrm{Hel}_{50}$,Cter_corresponding_BB_contact_survival,corresponding_nac_bb,Any 1 corresponding C-ter BB,chain_pair,all,largest_cluster,8000.0,0.04887029174475397,0.001174943905644929,1295.2627963700575,4737.314802884355,2685.852724747148,0.8,8.0,100.0,96,140,3
G2_Wcluster_alhx700,$\mathrm{Hel}_{50}$,Cter_corresponding_BB_contact_survival,corresponding_nac_bb,Any 1 corresponding C-ter BB,chain_pair,all,largest_cluster,9000.0,0.04162019833595834,0.0011281407018153289,1295.2627963700575,4737.314802884355,2685.852724747148,0.8,8.0,100.0,96,140,3
G2_Wcluster_alhx700,$\mathrm{Hel}_{50}$,Cter_corresponding_BB_contact_survival,corresponding_nac_bb,Any 1 corresponding C-ter BB,chain_pair,all,largest_cluster,10000.0,0.0360514266533668,0.002328342638722801,1295.2627963700575,4737.314802884355,2685.852724747148,0.8,8.0,100.0,96,140,3
G2_Wcluster_alhx700,$\mathrm{Hel}_{50}$,Cter_corresponding_BB_contact_survival,corresponding_nac_bb,Any 1 corresponding C-ter BB,chain_pair,all,largest_cluster,11000.0,0.0307920872093539,0.0021728666297618675,1295.2627963700575,4737.314802884355,2685.852724747148,0.8,8.0,100.0,96,140,3
G2_Wcluster_alhx700,$\mathrm{Hel}_{50}$,Cter_corresponding_BB_contact_survival,corresponding_nac_bb,Any 1 corresponding C-ter BB,chain_pair,all,largest_cluster,12000.0,0.02666104974637655,0.0017469709721508807,1295.2627963700575,4737.314802884355,2685.852724747148,0.8,8.0,100.0,96,140,3
G2_Wcluster_alhx700,$\mathrm{Hel}_{50}$,Cter_corresponding_BB_contact_survival,corresponding_nac_bb,Any 1 corresponding C-ter BB,chain_pair,all,largest_cluster,13000.0,0.023065345456956227,0.0017195979843591493,1295.2627963700575,4737.314802884355,2685.852724747148,0.8,8.0,100.0,96,140,3
G2_Wcluster_alhx700,$\mathrm{Hel}_{50}$,Cter_corresponding_BB_contact_survival,corresponding_nac_bb,Any 1 corresponding C-ter BB,chain_pair,all,largest_cluster,14000.0,0.02103927283240593,0.0019048050075724124,1295.2627963700575,4737.314802884355,2685.852724747148,0.8,8.0,100.0,96,140,3
G2_Wcluster_alhx700,$\mathrm{Hel}_{50}$,Cter_corresponding_BB_contact_survival,corresponding_nac_bb,Any 1 corresponding C-ter BB,chain_pair,all,largest_cluster,15000.0,0.018740543401683983,0.0016069842421881837,1295.2627963700575,4737.314802884355,2685.852724747148,0.8,8.0,100.0,96,140,3
G2_Wcluster_alhx700,$\mathrm{Hel}_{50}$,Cter_corresponding_BB_contact_survival,corresponding_nac_bb,Any 1 corresponding C-ter BB,chain_pair,all,largest_cluster,16000.0,0.01641071813713095,0.0012868389738118857,1295.2627963700575,4737.314802884355,2685.852724747148,0.8,8.0,100.0,96,140,3
G2_Wcluster_alhx700,$\mathrm{Hel}_{50}$,Cter_corresponding_BB_contact_survival,corresponding_nac_bb,Any 1 corresponding C-ter BB,chain_pair,all,largest_cluster,17000.0,0.015158255796301886,0.0013491078975866825,1295.2627963700575,4737.314802884355,2685.852724747148,0.8,8.0,100.0,96,140,3
G2_Wcluster_alhx700,$\mathrm{Hel}_{50}$,Cter_corresponding_BB_contact_survival,corresponding_nac_bb,Any 1 corresponding C-ter BB,chain_pair,all,largest_cluster,18000.0,0.013790627509068634,0.0015395443913992718,1295.2627963700575,4737.314802884355,2685.852724747148,0.8,8.0,100.0,96,140,3
G2_Wcluster_alhx700,$\mathrm{Hel}_{50}$,Cter_corresponding_BB_contact_survival,corresponding_nac_bb,Any 1 corresponding C-ter BB,chain_pair,all,largest_cluster,19000.0,0.012299594490089315,0.0012683915533704161,1295.2627963700575,4737.314802884355,2685.852724747148,0.8,8.0,100.0,96,140,3
G2_Wcluster_alhx700,$\mathrm{Hel}_{50}$,Cter_corresponding_BB_contact_survival,corresponding_nac_bb,Any 1 corresponding C-ter BB,chain_pair,all,largest_cluster,20000.0,0.01120136267766976,0.0014151675597385135,1295.2627963700575,4737.314802884355,2685.852724747148,0.8,8.0,100.0,96,140,3
G2_Wcluster_alhx700,$\mathrm{Hel}_{50}$,Cter_corresponding_BB_contact_survival,corresponding_nac_bb,Any 1 corresponding C-ter BB,chain_pair,all,largest_cluster,21000.0,0.010354601683921811,0.001193532742312936,1295.2627963700575,4737.314802884355,2685.852724747148,0.8,8.0,100.0,96,140,3
G2_Wcluster_alhx700,$\mathrm{Hel}_{50}$,Cter_corresponding_BB_contact_survival,corresponding_nac_bb,Any 1 corresponding C-ter BB,chain_pair,all,largest_cluster,22000.0,0.00966829831331322,0.0012525843713879774,1295.2627963700575,4737.314802884355,2685.852724747148,0.8,8.0,100.0,96,140,3
G2_Wcluster_alhx700,$\mathrm{Hel}_{50}$,Cter_corresponding_BB_contact_survival,corresponding_nac_bb,Any 1 corresponding C-ter BB,chain_pair,all,largest_cluster,23000.0,0.008883975493576675,0.001125235858703368,1295.2627963700575,4737.314802884355,2685.852724747148,0.8,8.0,100.0,96,140,3
G2_Wcluster_alhx700,$\mathrm{Hel}_{50}$,Cter_corresponding_BB_contact_survival,corresponding_nac_bb,Any 1 corresponding C-ter BB,chain_pair,all,largest_cluster,24000.0,0.00784641667090573,0.0008567895437287651,1295.2627963700575,4737.314802884355,2685.852724747148,0.8,8.0,100.0,96,140,3
G2_Wcluster_alhx700,$\mathrm{Hel}_{50}$,Cter_corresponding_BB_contact_survival,corresponding_nac_bb,Any 1 corresponding C-ter BB,chain_pair,all,largest_cluster,25000.0,0.007257130615028408,0.0010022052479219331,1295.2627963700575,4737.314802884355,2685.852724747148,0.8,8.0,100.0,96,140,3
G2_Wcluster_alhx700,$\mathrm{Hel}_{50}$,Cter_corresponding_BB_contact_survival,corresponding_nac_bb,Any 1 corresponding C-ter BB,chain_pair,all,largest_cluster,26000.0,0.00660167657190167,0.0010659290755728975,1295.2627963700575,4737.314802884355,2685.852724747148,0.8,8.0,100.0,96,140,3
G2_Wcluster_alhx700,$\mathrm{Hel}_{50}$,Cter_corresponding_BB_contact_survival,corresponding_nac_bb,Any 1 corresponding C-ter BB,chain_pair,all,largest_cluster,27000.0,0.00636362243726829,0.001093116479001178,1295.2627963700575,4737.314802884355,2685.852724747148,0.8,8.0,100.0,96,140,3
G2_Wcluster_alhx700,$\mathrm{Hel}_{50}$,Cter_corresponding_BB_contact_survival,corresponding_nac_bb,Any 1 corresponding C-ter BB,chain_pair,all,largest_cluster,28000.0,0.006026809334459257,0.0010327912408940067,1295.2627963700575,4737.314802884355,2685.852724747148,0.8,8.0,100.0,96,140,3
G2_Wcluster_alhx700,$\mathrm{Hel}_{50}$,Cter_corresponding_BB_contact_survival,corresponding_nac_bb,Any 1 corresponding C-ter BB,chain_pair,all,largest_cluster,29000.0,0.005434039971693159,0.00117461682945699,1295.2627963700575,4737.314802884355,2685.852724747148,0.8,8.0,100.0,96,140,3
G2_Wcluster_alhx700,$\mathrm{Hel}_{50}$,Cter_corresponding_BB_contact_survival,corresponding_nac_bb,Any 1 corresponding C-ter BB,chain_pair,all,largest_cluster,30000.0,0.005002197713946479,0.000996228428400261,1295.2627963700575,4737.314802884355,2685.852724747148,0.8,8.0,100.0,96,140,3
G2_Wcluster_alhx700,$\mathrm{Hel}_{50}$,Cter_corresponding_BB_contact_survival,corresponding_nac_bb,Any 1 corresponding C-ter BB,chain_pair,all,largest_cluster,31000.0,0.0049086637061039875,0.0009202495456806377,1295.2627963700575,4737.314802884355,2685.852724747148,0.8,8.0,100.0,96,140,3
G2_Wcluster_alhx700,$\mathrm{Hel}_{50}$,Cter_corresponding_BB_contact_survival,corresponding_nac_bb,Any 1 corresponding C-ter BB,chain_pair,all,largest_cluster,32000.0,0.004544238076352643,0.0008280484019838525,1295.2627963700575,4737.314802884355,2685.852724747148,0.8,8.0,100.0,96,140,3
G2_Wcluster_alhx700,$\mathrm{Hel}_{50}$,Cter_corresponding_BB_contact_survival,corresponding_nac_bb,Any 1 corresponding C-ter BB,chain_pair,all,largest_cluster,33000.0,0.004243992274057092,0.0007661314906257134,1295.2627963700575,4737.314802884355,2685.852724747148,0.8,8.0,100.0,96,140,3
G2_Wcluster_alhx700,$\mathrm{Hel}_{50}$,Cter_corresponding_BB_contact_survival,corresponding_nac_bb,Any 1 corresponding C-ter BB,chain_pair,all,largest_cluster,34000.0,0.00410295545415498,0.0008815018622523144,1295.2627963700575,4737.314802884355,2685.852724747148,0.8,8.0,100.0,96,140,3
G2_Wcluster_alhx700,$\mathrm{Hel}_{50}$,Cter_corresponding_BB_contact_survival,corresponding_nac_bb,Any 1 corresponding C-ter BB,chain_pair,all,largest_cluster,35000.0,0.0039059305305021385,0.0006125649641179808,1295.2627963700575,4737.314802884355,2685.852724747148,0.8,8.0,100.0,96,140,3
G2_Wcluster_alhx700,$\mathrm{Hel}_{50}$,Cter_corresponding_BB_contact_survival,corresponding_nac_bb,Any 1 corresponding C-ter BB,chain_pair,all,largest_cluster,36000.0,0.0036989722296998464,0.0006683950636066605,1295.2627963700575,4737.314802884355,2685.852724747148,0.8,8.0,100.0,96,140,3
G2_Wcluster_alhx700,$\mathrm{Hel}_{50}$,Cter_corresponding_BB_contact_survival,corresponding_nac_bb,Any 1 corresponding C-ter BB,chain_pair,all,largest_cluster,37000.0,0.003372362541207905,0.000703019397540859,1295.2627963700575,4737.314802884355,2685.852724747148,0.8,8.0,100.0,96,140,3
G2_Wcluster_alhx700,$\mathrm{Hel}_{50}$,Cter_corresponding_BB_contact_survival,corresponding_nac_bb,Any 1 corresponding C-ter BB,chain_pair,all,largest_cluster,38000.0,0.0032163903593540066,0.0006074020107843736,1295.2627963700575,4737.314802884355,2685.852724747148,0.8,8.0,100.0,96,140,3
G2_Wcluster_alhx700,$\mathrm{Hel}_{50}$,Cter_corresponding_BB_contact_survival,corresponding_nac_bb,Any 1 corresponding C-ter BB,chain_pair,all,largest_cluster,39000.0,0.0030061952580121725,0.0006060753212517657,1295.2627963700575,4737.314802884355,2685.852724747148,0.8,8.0,100.0,96,140,3
G2_Wcluster_alhx700,$\mathrm{Hel}_{50}$,Cter_corresponding_BB_contact_survival,corresponding_nac_bb,Any 1 corresponding C-ter BB,chain_pair,all,largest_cluster,40000.0,0.002851964729602662,0.0005312280800366505,1295.2627963700575,4737.314802884355,2685.852724747148,0.8,8.0,100.0,96,140,3
G2_Wcluster_alhx700,$\mathrm{Hel}_{50}$,Cter_corresponding_BB_contact_survival,corresponding_nac_bb,Any 1 corresponding C-ter BB,chain_pair,all,largest_cluster,41000.0,0.002705702949367388,0.0006015297113535297,1295.2627963700575,4737.314802884355,2685.852724747148,0.8,8.0,100.0,96,140,3
G2_Wcluster_alhx700,$\mathrm{Hel}_{50}$,Cter_corresponding_BB_contact_survival,corresponding_nac_bb,Any 1 corresponding C-ter BB,chain_pair,all,largest_cluster,42000.0,0.0026169008891595916,0.0006575105165832531,1295.2627963700575,4737.314802884355,2685.852724747148,0.8,8.0,100.0,96,140,3
G2_Wcluster_alhx700,$\mathrm{Hel}_{50}$,Cter_corresponding_BB_contact_survival,corresponding_nac_bb,Any 1 corresponding C-ter BB,chain_pair,all,largest_cluster,43000.0,0.0025840634018841177,0.0006110880923518052,1295.2627963700575,4737.314802884355,2685.852724747148,0.8,8.0,100.0,96,140,3
G2_Wcluster_alhx700,$\mathrm{Hel}_{50}$,Cter_corresponding_BB_contact_survival,corresponding_nac_bb,Any 1 corresponding C-ter BB,chain_pair,all,largest_cluster,44000.0,0.0024887877405972386,0.0005415320661272224,1295.2627963700575,4737.314802884355,2685.852724747148,0.8,8.0,100.0,96,140,3
G2_Wcluster_alhx700,$\mathrm{Hel}_{50}$,Cter_corresponding_BB_contact_survival,corresponding_nac_bb,Any 1 corresponding C-ter BB,chain_pair,all,largest_cluster,45000.0,0.002337794012727269,0.0005068020541699806,1295.2627963700575,4737.314802884355,2685.852724747148,0.8,8.0,100.0,96,140,3
G2_Wcluster_alhx700,$\mathrm{Hel}_{50}$,Cter_corresponding_BB_contact_survival,corresponding_nac_bb,Any 1 corresponding C-ter BB,chain_pair,all,largest_cluster,46000.0,0.002158941251565755,0.0004955328721252761,1295.2627963700575,4737.314802884355,2685.852724747148,0.8,8.0,100.0,96,140,3
G2_Wcluster_alhx700,$\mathrm{Hel}_{50}$,Cter_corresponding_BB_contact_survival,corresponding_nac_bb,Any 1 corresponding C-ter BB,chain_pair,all,largest_cluster,47000.0,0.002039043357526872,0.0005086662175236115,1295.2627963700575,4737.314802884355,2685.852724747148,0.8,8.0,100.0,96,140,3
G2_Wcluster_alhx700,$\mathrm{Hel}_{50}$,Cter_corresponding_BB_contact_survival,corresponding_nac_bb,Any 1 corresponding C-ter BB,chain_pair,all,largest_cluster,48000.0,0.0019733683829759245,0.0004157967952396305,1295.2627963700575,4737.314802884355,2685.852724747148,0.8,8.0,100.0,96,140,3
G2_Wcluster_alhx700,$\mathrm{Hel}_{50}$,Cter_corresponding_BB_contact_survival,corresponding_nac_bb,Any 1 corresponding C-ter BB,chain_pair,all,largest_cluster,49000.0,0.001878092721689045,0.00034509279143097563,1295.2627963700575,4737.314802884355,2685.852724747148,0.8,8.0,100.0,96,140,3
G2_Wcluster_alhx700,$\mathrm{Hel}_{50}$,Cter_corresponding_BB_contact_survival,corresponding_nac_bb,Any 1 corresponding C-ter BB,chain_pair,all,largest_cluster,50000.0,0.001756699680555008,0.0002928479349872107,1295.2627963700575,4737.314802884355,2685.852724747148,0.8,8.0,100.0,96,140,3
G2_Wcluster_alhx700,$\mathrm{Hel}_{50}$,Cter_corresponding_BB_contact_survival,corresponding_nac_bb,Any 1 corresponding C-ter BB,chain_pair,all,largest_cluster,51000.0,0.0016646608198076698,0.000287771312701168,1295.2627963700575,4737.314802884355,2685.852724747148,0.8,8.0,100.0,96,140,3
G2_Wcluster_alhx700,$\mathrm{Hel}_{50}$,Cter_corresponding_BB_contact_survival,corresponding_nac_bb,Any 1 corresponding C-ter BB,chain_pair,all,largest_cluster,52000.0,0.0015086886379537716,0.00019053399603709633,1295.2627963700575,4737.314802884355,2685.852724747148,0.8,8.0,100.0,96,140,3
G2_Wcluster_alhx700,$\mathrm{Hel}_{50}$,Cter_corresponding_BB_contact_survival,corresponding_nac_bb,Any 1 corresponding C-ter BB,chain_pair,all,largest_cluster,53000.0,0.0014494872644819072,0.000253435534133063,1295.2627963700575,4737.314802884355,2685.852724747148,0.8,8.0,100.0,96,140,3
G2_Wcluster_alhx700,$\mathrm{Hel}_{50}$,Cter_corresponding_BB_contact_survival,corresponding_nac_bb,Any 1 corresponding C-ter BB,chain_pair,all,largest_cluster,54000.0,0.0014216282311903623,0.00025957585458034064,1295.2627963700575,4737.314802884355,2685.852724747148,0.8,8.0,100.0,96,140,3
G2_Wcluster_alhx700,$\mathrm{Hel}_{50}$,Cter_corresponding_BB_contact_survival,corresponding_nac_bb,Any 1 corresponding C-ter BB,chain_pair,all,largest_cluster,55000.0,0.0013887907439148887,0.00021551139576680978,1295.2627963700575,4737.314802884355,2685.852724747148,0.8,8.0,100.0,96,140,3
G2_Wcluster_alhx700,$\mathrm{Hel}_{50}$,Cter_corresponding_BB_contact_survival,corresponding_nac_bb,Any 1 corresponding C-ter BB,chain_pair,all,largest_cluster,56000.0,0.0012967518831675507,0.0002463631359394716,1295.2627963700575,4737.314802884355,2685.852724747148,0.8,8.0,100.0,96,140,3
G2_Wcluster_alhx700,$\mathrm{Hel}_{50}$,Cter_corresponding_BB_contact_survival,corresponding_nac_bb,Any 1 corresponding C-ter BB,chain_pair,all,largest_cluster,57000.0,0.0012360553626005319,0.00020485540102692132,1295.2627963700575,4737.314802884355,2685.852724747148,0.8,8.0,100.0,96,140,3
G2_Wcluster_alhx700,$\mathrm{Hel}_{50}$,Cter_corresponding_BB_contact_survival,corresponding_nac_bb,Any 1 corresponding C-ter BB,chain_pair,all,largest_cluster,58000.0,0.0011524782627258976,0.0002302040287537468,1295.2627963700575,4737.314802884355,2685.852724747148,0.8,8.0,100.0,96,140,3
G2_Wcluster_alhx700,$\mathrm{Hel}_{50}$,Cter_corresponding_BB_contact_survival,corresponding_nac_bb,Any 1 corresponding C-ter BB,chain_pair,all,largest_cluster,59000.0,0.0010950185426984206,0.0002708894885316214,1295.2627963700575,4737.314802884355,2685.852724747148,0.8,8.0,100.0,96,140,3
G2_Wcluster_alhx700,$\mathrm{Hel}_{50}$,Cter_corresponding_BB_contact_survival,corresponding_nac_bb,Any 1 corresponding C-ter BB,chain_pair,all,largest_cluster,60000.0,0.0010375588226709436,0.00031157511876783115,1295.2627963700575,4737.314802884355,2685.852724747148,0.8,8.0,100.0,96,140,3
G2_Wcluster_alhx700,$\mathrm{Hel}_{50}$,Cter_corresponding_BB_contact_survival,corresponding_nac_bb,Any 1 corresponding C-ter BB,chain_pair,all,largest_cluster,61000.0,0.0010079581359350113,0.0003360677430559816,1295.2627963700575,4737.314802884355,2685.852724747148,0.8,8.0,100.0,96,140,3
G2_Wcluster_alhx700,$\mathrm{Hel}_{50}$,Cter_corresponding_BB_contact_survival,corresponding_nac_bb,Any 1 corresponding C-ter BB,chain_pair,all,largest_cluster,62000.0,0.0009751206486595375,0.0002902562706278827,1295.2627963700575,4737.314802884355,2685.852724747148,0.8,8.0,100.0,96,140,3
G2_Wcluster_alhx700,$\mathrm{Hel}_{50}$,Cter_corresponding_BB_contact_survival,corresponding_nac_bb,Any 1 corresponding C-ter BB,chain_pair,all,largest_cluster,63000.0,0.0009422831613840639,0.0002446815882675679,1295.2627963700575,4737.314802884355,2685.852724747148,0.8,8.0,100.0,96,140,3
G2_Wcluster_alhx700,$\mathrm{Hel}_{50}$,Cter_corresponding_BB_contact_survival,corresponding_nac_bb,Any 1 corresponding C-ter BB,chain_pair,all,largest_cluster,64000.0,0.0009094456741085902,0.00019950603729646915,1295.2627963700575,4737.314802884355,2685.852724747148,0.8,8.0,100.0,96,140,3
G2_Wcluster_alhx700,$\mathrm{Hel}_{50}$,Cter_corresponding_BB_contact_survival,corresponding_nac_bb,Any 1 corresponding C-ter BB,chain_pair,all,largest_cluster,65000.0,0.0008766081868331164,0.00015507882021929456,1295.2627963700575,4737.314802884355,2685.852724747148,0.8,8.0,100.0,96,140,3
G2_Wcluster_alhx700,$\mathrm{Hel}_{50}$,Cter_corresponding_BB_contact_survival,corresponding_nac_bb,Any 1 corresponding C-ter BB,chain_pair,all,largest_cluster,66000.0,0.0008470075000971841,0.00018878723208105193,1295.2627963700575,4737.314802884355,2685.852724747148,0.8,8.0,100.0,96,140,3
G2_Wcluster_alhx700,$\mathrm{Hel}_{50}$,Cter_corresponding_BB_contact_survival,corresponding_nac_bb,Any 1 corresponding C-ter BB,chain_pair,all,largest_cluster,67000.0,0.0008470075000971841,0.00018878723208105193,1295.2627963700575,4737.314802884355,2685.852724747148,0.8,8.0,100.0,96,140,3
G2_Wcluster_alhx700,$\mathrm{Hel}_{50}$,Cter_corresponding_BB_contact_survival,corresponding_nac_bb,Any 1 corresponding C-ter BB,chain_pair,all,largest_cluster,68000.0,0.0007863109795301658,0.00015035047320762732,1295.2627963700575,4737.314802884355,2685.852724747148,0.8,8.0,100.0,96,140,3
G2_Wcluster_alhx700,$\mathrm{Hel}_{50}$,Cter_corresponding_BB_contact_survival,corresponding_nac_bb,Any 1 corresponding C-ter BB,chain_pair,all,largest_cluster,69000.0,0.0007534734922546921,0.00010818865592404609,1295.2627963700575,4737.314802884355,2685.852724747148,0.8,8.0,100.0,96,140,3
G2_Wcluster_alhx700,$\mathrm{Hel}_{50}$,Cter_corresponding_BB_contact_survival,corresponding_nac_bb,Any 1 corresponding C-ter BB,chain_pair,all,largest_cluster,70000.0,0.0007534734922546921,0.00010818865592404609,1295.2627963700575,4737.314802884355,2685.852724747148,0.8,8.0,100.0,96,140,3
G2_Wcluster_alhx700,$\mathrm{Hel}_{50}$,Cter_corresponding_BB_contact_survival,corresponding_nac_bb,Any 1 corresponding C-ter BB,chain_pair,all,largest_cluster,71000.0,0.0007238728055187598,0.0001458198363639866,1295.2627963700575,4737.314802884355,2685.852724747148,0.8,8.0,100.0,96,140,3
G2_Wcluster_alhx700,$\mathrm{Hel}_{50}$,Cter_corresponding_BB_contact_survival,corresponding_nac_bb,Any 1 corresponding C-ter BB,chain_pair,all,largest_cluster,72000.0,0.0007238728055187598,0.0001458198363639866,1295.2627963700575,4737.314802884355,2685.852724747148,0.8,8.0,100.0,96,140,3
G2_Wcluster_alhx700,$\mathrm{Hel}_{50}$,Cter_corresponding_BB_contact_survival,corresponding_nac_bb,Any 1 corresponding C-ter BB,chain_pair,all,largest_cluster,73000.0,0.0006942721187828276,0.00018527511086150565,1295.2627963700575,4737.314802884355,2685.852724747148,0.8,8.0,100.0,96,140,3
G2_Wcluster_alhx700,$\mathrm{Hel}_{50}$,Cter_corresponding_BB_contact_survival,corresponding_nac_bb,Any 1 corresponding C-ter BB,chain_pair,all,largest_cluster,74000.0,0.0006942721187828276,0.00018527511086150565,1295.2627963700575,4737.314802884355,2685.852724747148,0.8,8.0,100.0,96,140,3
G2_Wcluster_alhx700,$\mathrm{Hel}_{50}$,Cter_corresponding_BB_contact_survival,corresponding_nac_bb,Any 1 corresponding C-ter BB,chain_pair,all,largest_cluster,75000.0,0.0006942721187828276,0.00018527511086150565,1295.2627963700575,4737.314802884355,2685.852724747148,0.8,8.0,100.0,96,140,3
G2_Wcluster_alhx700,$\mathrm{Hel}_{50}$,Cter_corresponding_BB_contact_survival,corresponding_nac_bb,Any 1 corresponding C-ter BB,chain_pair,all,largest_cluster,76000.0,0.0006942721187828276,0.00018527511086150565,1295.2627963700575,4737.314802884355,2685.852724747148,0.8,8.0,100.0,96,140,3
G2_Wcluster_alhx700,$\mathrm{Hel}_{50}$,Cter_corresponding_BB_contact_survival,corresponding_nac_bb,Any 1 corresponding C-ter BB,chain_pair,all,largest_cluster,77000.0,0.0006614346315073539,0.00015443944045404696,1295.2627963700575,4737.314802884355,2685.852724747148,0.8,8.0,100.0,96,140,3
G2_Wcluster_alhx700,$\mathrm{Hel}_{50}$,Cter_corresponding_BB_contact_survival,corresponding_nac_bb,Any 1 corresponding C-ter BB,chain_pair,all,largest_cluster,78000.0,0.0006335755982158092,0.00014264242474663118,1295.2627963700575,4737.314802884355,2685.852724747148,0.8,8.0,100.0,96,140,3
G2_Wcluster_alhx700,$\mathrm{Hel}_{50}$,Cter_corresponding_BB_contact_survival,corresponding_nac_bb,Any 1 corresponding C-ter BB,chain_pair,all,largest_cluster,79000.0,0.0006057165649242642,0.00014123273293112744,1295.2627963700575,4737.314802884355,2685.852724747148,0.8,8.0,100.0,96,140,3
G2_Wcluster_alhx700,$\mathrm{Hel}_{50}$,Cter_corresponding_BB_contact_survival,corresponding_nac_bb,Any 1 corresponding C-ter BB,chain_pair,all,largest_cluster,80000.0,0.0006057165649242642,0.00014123273293112744,1295.2627963700575,4737.314802884355,2685.852724747148,0.8,8.0,100.0,96,140,3
G2_Wcluster_alhx700,$\mathrm{Hel}_{50}$,Cter_corresponding_BB_contact_survival,corresponding_nac_bb,Any 1 corresponding C-ter BB,chain_pair,all,largest_cluster,81000.0,0.0006057165649242642,0.00014123273293112744,1295.2627963700575,4737.314802884355,2685.852724747148,0.8,8.0,100.0,96,140,3
G2_Wcluster_alhx700,$\mathrm{Hel}_{50}$,Cter_corresponding_BB_contact_survival,corresponding_nac_bb,Any 1 corresponding C-ter BB,chain_pair,all,largest_cluster,82000.0,0.0005761158781883319,0.00017683981192787195,1295.2627963700575,4737.314802884355,2685.852724747148,0.8,8.0,100.0,96,140,3
G2_Wcluster_alhx700,$\mathrm{Hel}_{50}$,Cter_corresponding_BB_contact_survival,corresponding_nac_bb,Any 1 corresponding C-ter BB,chain_pair,all,largest_cluster,83000.0,0.0005761158781883319,0.00017683981192787195,1295.2627963700575,4737.314802884355,2685.852724747148,0.8,8.0,100.0,96,140,3
G2_Wcluster_alhx700,$\mathrm{Hel}_{50}$,Cter_corresponding_BB_contact_survival,corresponding_nac_bb,Any 1 corresponding C-ter BB,chain_pair,all,largest_cluster,84000.0,0.0005761158781883319,0.00017683981192787195,1295.2627963700575,4737.314802884355,2685.852724747148,0.8,8.0,100.0,96,140,3
G2_Wcluster_alhx700,$\mathrm{Hel}_{50}$,Cter_corresponding_BB_contact_survival,corresponding_nac_bb,Any 1 corresponding C-ter BB,chain_pair,all,largest_cluster,85000.0,0.0005761158781883319,0.00017683981192787195,1295.2627963700575,4737.314802884355,2685.852724747148,0.8,8.0,100.0,96,140,3
G2_Wcluster_alhx700,$\mathrm{Hel}_{50}$,Cter_corresponding_BB_contact_survival,corresponding_nac_bb,Any 1 corresponding C-ter BB,chain_pair,all,largest_cluster,86000.0,0.0005761158781883319,0.00017683981192787195,1295.2627963700575,4737.314802884355,2685.852724747148,0.8,8.0,100.0,96,140,3
G2_Wcluster_alhx700,$\mathrm{Hel}_{50}$,Cter_corresponding_BB_contact_survival,corresponding_nac_bb,Any 1 corresponding C-ter BB,chain_pair,all,largest_cluster,87000.0,0.0005482568448967872,0.0001797980881588614,1295.2627963700575,4737.314802884355,2685.852724747148,0.8,8.0,100.0,96,140,3
G2_Wcluster_alhx700,$\mathrm{Hel}_{50}$,Cter_corresponding_BB_contact_survival,corresponding_nac_bb,Any 1 corresponding C-ter BB,chain_pair,all,largest_cluster,88000.0,0.0005482568448967872,0.0001797980881588614,1295.2627963700575,4737.314802884355,2685.852724747148,0.8,8.0,100.0,96,140,3
G2_Wcluster_alhx700,$\mathrm{Hel}_{50}$,Cter_corresponding_BB_contact_survival,corresponding_nac_bb,Any 1 corresponding C-ter BB,chain_pair,all,largest_cluster,89000.0,0.0005482568448967872,0.0001797980881588614,1295.2627963700575,4737.314802884355,2685.852724747148,0.8,8.0,100.0,96,140,3
G2_Wcluster_alhx700,$\mathrm{Hel}_{50}$,Cter_corresponding_BB_contact_survival,corresponding_nac_bb,Any 1 corresponding C-ter BB,chain_pair,all,largest_cluster,90000.0,0.0005482568448967872,0.0001797980881588614,1295.2627963700575,4737.314802884355,2685.852724747148,0.8,8.0,100.0,96,140,3
G2_Wcluster_alhx700,$\mathrm{Hel}_{50}$,Cter_corresponding_BB_contact_survival,corresponding_nac_bb,Any 1 corresponding C-ter BB,chain_pair,all,largest_cluster,91000.0,0.0005186561581608549,0.00021332720483700383,1295.2627963700575,4737.314802884355,2685.852724747148,0.8,8.0,100.0,96,140,3
G2_Wcluster_alhx700,$\mathrm{Hel}_{50}$,Cter_corresponding_BB_contact_survival,corresponding_nac_bb,Any 1 corresponding C-ter BB,chain_pair,all,largest_cluster,92000.0,0.0005186561581608549,0.00021332720483700383,1295.2627963700575,4737.314802884355,2685.852724747148,0.8,8.0,100.0,96,140,3
G2_Wcluster_alhx700,$\mathrm{Hel}_{50}$,Cter_corresponding_BB_contact_survival,corresponding_nac_bb,Any 1 corresponding C-ter BB,chain_pair,all,largest_cluster,93000.0,0.0005186561581608549,0.00021332720483700383,1295.2627963700575,4737.314802884355,2685.852724747148,0.8,8.0,100.0,96,140,3
G2_Wcluster_alhx700,$\mathrm{Hel}_{50}$,Cter_corresponding_BB_contact_survival,corresponding_nac_bb,Any 1 corresponding C-ter BB,chain_pair,all,largest_cluster,94000.0,0.0004858186708853813,0.00017311672381777003,1295.2627963700575,4737.314802884355,2685.852724747148,0.8,8.0,100.0,96,140,3
G2_Wcluster_alhx700,$\mathrm{Hel}_{50}$,Cter_corresponding_BB_contact_survival,corresponding_nac_bb,Any 1 corresponding C-ter BB,chain_pair,all,largest_cluster,95000.0,0.0004562179841494491,0.0002114505194041093,1295.2627963700575,4737.314802884355,2685.852724747148,0.8,8.0,100.0,96,140,3
G2_Wcluster_alhx700,$\mathrm{Hel}_{50}$,Cter_corresponding_BB_contact_survival,corresponding_nac_bb,Any 1 corresponding C-ter BB,chain_pair,all,largest_cluster,96000.0,0.00039054300959850166,0.00015061436780925872,1295.2627963700575,4737.314802884355,2685.852724747148,0.8,8.0,100.0,96,140,3
G2_Wcluster_alhx700,$\mathrm{Hel}_{50}$,Cter_corresponding_BB_contact_survival,corresponding_nac_bb,Any 1 corresponding C-ter BB,chain_pair,all,largest_cluster,97000.0,0.00039054300959850166,0.00015061436780925872,1295.2627963700575,4737.314802884355,2685.852724747148,0.8,8.0,100.0,96,140,3
G2_Wcluster_alhx700,$\mathrm{Hel}_{50}$,Cter_corresponding_BB_contact_survival,corresponding_nac_bb,Any 1 corresponding C-ter BB,chain_pair,all,largest_cluster,98000.0,0.00039054300959850166,0.00015061436780925872,1295.2627963700575,4737.314802884355,2685.852724747148,0.8,8.0,100.0,96,140,3
G2_Wcluster_alhx700,$\mathrm{Hel}_{50}$,Cter_corresponding_BB_contact_survival,corresponding_nac_bb,Any 1 corresponding C-ter BB,chain_pair,all,largest_cluster,99000.0,0.00039054300959850166,0.00015061436780925872,1295.2627963700575,4737.314802884355,2685.852724747148,0.8,8.0,100.0,96,140,3
G2_Wcluster_alhx700,$\mathrm{Hel}_{50}$,Cter_corresponding_BB_contact_survival,corresponding_nac_bb,Any 1 corresponding C-ter BB,chain_pair,all,largest_cluster,100000.0,0.0003298464890314832,0.00010809051354830012,1295.2627963700575,4737.314802884355,2685.852724747148,0.8,8.0,100.0,96,140,3
G2_Wcluster_alhx700,$\mathrm{Hel}_{50}$,Cter_corresponding_BB_contact_survival,corresponding_nac_bb,Any 1 corresponding C-ter BB,chain_pair,all,largest_cluster,101000.0,0.0003298464890314832,0.00010809051354830012,1295.2627963700575,4737.314802884355,2685.852724747148,0.8,8.0,100.0,96,140,3
G2_Wcluster_alhx700,$\mathrm{Hel}_{50}$,Cter_corresponding_BB_contact_survival,corresponding_nac_bb,Any 1 corresponding C-ter BB,chain_pair,all,largest_cluster,102000.0,0.0003298464890314832,0.00010809051354830012,1295.2627963700575,4737.314802884355,2685.852724747148,0.8,8.0,100.0,96,140,3
G2_Wcluster_alhx700,$\mathrm{Hel}_{50}$,Cter_corresponding_BB_contact_survival,corresponding_nac_bb,Any 1 corresponding C-ter BB,chain_pair,all,largest_cluster,103000.0,0.0003298464890314832,0.00010809051354830012,1295.2627963700575,4737.314802884355,2685.852724747148,0.8,8.0,100.0,96,140,3
G2_Wcluster_alhx700,$\mathrm{Hel}_{50}$,Cter_corresponding_BB_contact_survival,corresponding_nac_bb,Any 1 corresponding C-ter BB,chain_pair,all,largest_cluster,104000.0,0.00030024580229555094,0.00014982962908678438,1295.2627963700575,4737.314802884355,2685.852724747148,0.8,8.0,100.0,96,140,3
G2_Wcluster_alhx700,$\mathrm{Hel}_{50}$,Cter_corresponding_BB_contact_survival,corresponding_nac_bb,Any 1 corresponding C-ter BB,chain_pair,all,largest_cluster,105000.0,0.00030024580229555094,0.00014982962908678438,1295.2627963700575,4737.314802884355,2685.852724747148,0.8,8.0,100.0,96,140,3
G2_Wcluster_alhx700,$\mathrm{Hel}_{50}$,Cter_corresponding_BB_contact_survival,corresponding_nac_bb,Any 1 corresponding C-ter BB,chain_pair,all,largest_cluster,106000.0,0.00030024580229555094,0.00014982962908678438,1295.2627963700575,4737.314802884355,2685.852724747148,0.8,8.0,100.0,96,140,3
G2_Wcluster_alhx700,$\mathrm{Hel}_{50}$,Cter_corresponding_BB_contact_survival,corresponding_nac_bb,Any 1 corresponding C-ter BB,chain_pair,all,largest_cluster,107000.0,0.00030024580229555094,0.00014982962908678438,1295.2627963700575,4737.314802884355,2685.852724747148,0.8,8.0,100.0,96,140,3
G2_Wcluster_alhx700,$\mathrm{Hel}_{50}$,Cter_corresponding_BB_contact_survival,corresponding_nac_bb,Any 1 corresponding C-ter BB,chain_pair,all,largest_cluster,108000.0,0.00027238676900400615,0.0001320852480391994,1295.2627963700575,4737.314802884355,2685.852724747148,0.8,8.0,100.0,96,140,3
G2_Wcluster_alhx700,$\mathrm{Hel}_{50}$,Cter_corresponding_BB_contact_survival,corresponding_nac_bb,Any 1 corresponding C-ter BB,chain_pair,all,largest_cluster,109000.0,0.00027238676900400615,0.0001320852480391994,1295.2627963700575,4737.314802884355,2685.852724747148,0.8,8.0,100.0,96,140,3
G2_Wcluster_alhx700,$\mathrm{Hel}_{50}$,Cter_corresponding_BB_contact_survival,corresponding_nac_bb,Any 1 corresponding C-ter BB,chain_pair,all,largest_cluster,110000.0,0.00027238676900400615,0.0001320852480391994,1295.2627963700575,4737.314802884355,2685.852724747148,0.8,8.0,100.0,96,140,3
G2_Wcluster_alhx700,$\mathrm{Hel}_{50}$,Cter_corresponding_BB_contact_survival,corresponding_nac_bb,Any 1 corresponding C-ter BB,chain_pair,all,largest_cluster,111000.0,0.00027238676900400615,0.0001320852480391994,1295.2627963700575,4737.314802884355,2685.852724747148,0.8,8.0,100.0,96,140,3
G2_Wcluster_alhx700,$\mathrm{Hel}_{50}$,Cter_corresponding_BB_contact_survival,corresponding_nac_bb,Any 1 corresponding C-ter BB,chain_pair,all,largest_cluster,112000.0,0.00024452773571246136,0.00012469406838590144,1295.2627963700575,4737.314802884355,2685.852724747148,0.8,8.0,100.0,96,140,3
G2_Wcluster_alhx700,$\mathrm{Hel}_{50}$,Cter_corresponding_BB_contact_survival,corresponding_nac_bb,Any 1 corresponding C-ter BB,chain_pair,all,largest_cluster,113000.0,0.00024452773571246136,0.00012469406838590144,1295.2627963700575,4737.314802884355,2685.852724747148,0.8,8.0,100.0,96,140,3
G2_Wcluster_alhx700,$\mathrm{Hel}_{50}$,Cter_corresponding_BB_contact_survival,corresponding_nac_bb,Any 1 corresponding C-ter BB,chain_pair,all,largest_cluster,114000.0,0.00024452773571246136,0.00012469406838590144,1295.2627963700575,4737.314802884355,2685.852724747148,0.8,8.0,100.0,96,140,3
G2_Wcluster_alhx700,$\mathrm{Hel}_{50}$,Cter_corresponding_BB_contact_survival,corresponding_nac_bb,Any 1 corresponding C-ter BB,chain_pair,all,largest_cluster,115000.0,0.00024452773571246136,0.00012469406838590144,1295.2627963700575,4737.314802884355,2685.852724747148,0.8,8.0,100.0,96,140,3
G2_Wcluster_alhx700,$\mathrm{Hel}_{50}$,Cter_corresponding_BB_contact_survival,corresponding_nac_bb,Any 1 corresponding C-ter BB,chain_pair,all,largest_cluster,116000.0,0.00024452773571246136,0.00012469406838590144,1295.2627963700575,4737.314802884355,2685.852724747148,0.8,8.0,100.0,96,140,3
G2_Wcluster_alhx700,$\mathrm{Hel}_{50}$,Cter_corresponding_BB_contact_survival,corresponding_nac_bb,Any 1 corresponding C-ter BB,chain_pair,all,largest_cluster,117000.0,0.00024452773571246136,0.00012469406838590144,1295.2627963700575,4737.314802884355,2685.852724747148,0.8,8.0,100.0,96,140,3
G2_Wcluster_alhx700,$\mathrm{Hel}_{50}$,Cter_corresponding_BB_contact_survival,corresponding_nac_bb,Any 1 corresponding C-ter BB,chain_pair,all,largest_cluster,118000.0,0.00024452773571246136,0.00012469406838590144,1295.2627963700575,4737.314802884355,2685.852724747148,0.8,8.0,100.0,96,140,3
G2_Wcluster_alhx700,$\mathrm{Hel}_{50}$,Cter_corresponding_BB_contact_survival,corresponding_nac_bb,Any 1 corresponding C-ter BB,chain_pair,all,largest_cluster,119000.0,0.00024452773571246136,0.00012469406838590144,1295.2627963700575,4737.314802884355,2685.852724747148,0.8,8.0,100.0,96,140,3
G2_Wcluster_alhx700,$\mathrm{Hel}_{50}$,Cter_corresponding_BB_contact_survival,corresponding_nac_bb,Any 1 corresponding C-ter BB,chain_pair,all,largest_cluster,120000.0,0.00024452773571246136,0.00012469406838590144,1295.2627963700575,4737.314802884355,2685.852724747148,0.8,8.0,100.0,96,140,3
G2_Wcluster_alhx700,$\mathrm{Hel}_{50}$,Cter_corresponding_BB_contact_survival,corresponding_nac_bb,Any 1 corresponding C-ter BB,chain_pair,all,largest_cluster,121000.0,0.00024452773571246136,0.00012469406838590144,1295.2627963700575,4737.314802884355,2685.852724747148,0.8,8.0,100.0,96,140,3
G2_Wcluster_alhx700,$\mathrm{Hel}_{50}$,Cter_corresponding_BB_contact_survival,corresponding_nac_bb,Any 1 corresponding C-ter BB,chain_pair,all,largest_cluster,122000.0,0.00024452773571246136,0.00012469406838590144,1295.2627963700575,4737.314802884355,2685.852724747148,0.8,8.0,100.0,96,140,3
G2_Wcluster_alhx700,$\mathrm{Hel}_{50}$,Cter_corresponding_BB_contact_survival,corresponding_nac_bb,Any 1 corresponding C-ter BB,chain_pair,all,largest_cluster,123000.0,0.00024452773571246136,0.00012469406838590144,1295.2627963700575,4737.314802884355,2685.852724747148,0.8,8.0,100.0,96,140,3
G2_Wcluster_alhx700,$\mathrm{Hel}_{50}$,Cter_corresponding_BB_contact_survival,corresponding_nac_bb,Any 1 corresponding C-ter BB,chain_pair,all,largest_cluster,124000.0,0.0002116902484369877,8.879949863638216e-05,1295.2627963700575,4737.314802884355,2685.852724747148,0.8,8.0,100.0,96,140,3
G2_Wcluster_alhx700,$\mathrm{Hel}_{50}$,Cter_corresponding_BB_contact_survival,corresponding_nac_bb,Any 1 corresponding C-ter BB,chain_pair,all,largest_cluster,125000.0,0.0002116902484369877,8.879949863638216e-05,1295.2627963700575,4737.314802884355,2685.852724747148,0.8,8.0,100.0,96,140,3
G2_Wcluster_alhx700,$\mathrm{Hel}_{50}$,Cter_corresponding_BB_contact_survival,corresponding_nac_bb,Any 1 corresponding C-ter BB,chain_pair,all,largest_cluster,126000.0,0.0002116902484369877,8.879949863638216e-05,1295.2627963700575,4737.314802884355,2685.852724747148,0.8,8.0,100.0,96,140,3
G2_Wcluster_alhx700,$\mathrm{Hel}_{50}$,Cter_corresponding_BB_contact_survival,corresponding_nac_bb,Any 1 corresponding C-ter BB,chain_pair,all,largest_cluster,127000.0,0.0002116902484369877,8.879949863638216e-05,1295.2627963700575,4737.314802884355,2685.852724747148,0.8,8.0,100.0,96,140,3
G2_Wcluster_alhx700,$\mathrm{Hel}_{50}$,Cter_corresponding_BB_contact_survival,corresponding_nac_bb,Any 1 corresponding C-ter BB,chain_pair,all,largest_cluster,128000.0,0.0002116902484369877,8.879949863638216e-05,1295.2627963700575,4737.314802884355,2685.852724747148,0.8,8.0,100.0,96,140,3
G2_Wcluster_alhx700,$\mathrm{Hel}_{50}$,Cter_corresponding_BB_contact_survival,corresponding_nac_bb,Any 1 corresponding C-ter BB,chain_pair,all,largest_cluster,129000.0,0.0002116902484369877,8.879949863638216e-05,1295.2627963700575,4737.314802884355,2685.852724747148,0.8,8.0,100.0,96,140,3
G2_Wcluster_alhx700,$\mathrm{Hel}_{50}$,Cter_corresponding_BB_contact_survival,corresponding_nac_bb,Any 1 corresponding C-ter BB,chain_pair,all,largest_cluster,130000.0,0.00018383121514544288,8.521919115108567e-05,1295.2627963700575,4737.314802884355,2685.852724747148,0.8,8.0,100.0,96,140,3
G2_Wcluster_alhx700,$\mathrm{Hel}_{50}$,Cter_corresponding_BB_contact_survival,corresponding_nac_bb,Any 1 corresponding C-ter BB,chain_pair,all,largest_cluster,131000.0,0.00018383121514544288,8.521919115108567e-05,1295.2627963700575,4737.314802884355,2685.852724747148,0.8,8.0,100.0,96,140,3
G2_Wcluster_alhx700,$\mathrm{Hel}_{50}$,Cter_corresponding_BB_contact_survival,corresponding_nac_bb,Any 1 corresponding C-ter BB,chain_pair,all,largest_cluster,132000.0,0.00018383121514544288,8.521919115108567e-05,1295.2627963700575,4737.314802884355,2685.852724747148,0.8,8.0,100.0,96,140,3
G2_Wcluster_alhx700,$\mathrm{Hel}_{50}$,Cter_corresponding_BB_contact_survival,corresponding_nac_bb,Any 1 corresponding C-ter BB,chain_pair,all,largest_cluster,133000.0,0.00018383121514544288,8.521919115108567e-05,1295.2627963700575,4737.314802884355,2685.852724747148,0.8,8.0,100.0,96,140,3
G2_Wcluster_alhx700,$\mathrm{Hel}_{50}$,Cter_corresponding_BB_contact_survival,corresponding_nac_bb,Any 1 corresponding C-ter BB,chain_pair,all,largest_cluster,134000.0,0.0001542305284095106,0.00012099821628066315,1295.2627963700575,4737.314802884355,2685.852724747148,0.8,8.0,100.0,96,140,3
G2_Wcluster_alhx700,$\mathrm{Hel}_{50}$,Cter_corresponding_BB_contact_survival,corresponding_nac_bb,Any 1 corresponding C-ter BB,chain_pair,all,largest_cluster,135000.0,0.0001542305284095106,0.00012099821628066315,1295.2627963700575,4737.314802884355,2685.852724747148,0.8,8.0,100.0,96,140,3
G2_Wcluster_alhx700,$\mathrm{Hel}_{50}$,Cter_corresponding_BB_contact_survival,corresponding_nac_bb,Any 1 corresponding C-ter BB,chain_pair,all,largest_cluster,136000.0,0.0001542305284095106,0.00012099821628066315,1295.2627963700575,4737.314802884355,2685.852724747148,0.8,8.0,100.0,96,140,3
G2_Wcluster_alhx700,$\mathrm{Hel}_{50}$,Cter_corresponding_BB_contact_survival,corresponding_nac_bb,Any 1 corresponding C-ter BB,chain_pair,all,largest_cluster,137000.0,0.0001542305284095106,0.00012099821628066315,1295.2627963700575,4737.314802884355,2685.852724747148,0.8,8.0,100.0,96,140,3
G2_Wcluster_alhx700,$\mathrm{Hel}_{50}$,Cter_corresponding_BB_contact_survival,corresponding_nac_bb,Any 1 corresponding C-ter BB,chain_pair,all,largest_cluster,138000.0,0.0001542305284095106,0.00012099821628066315,1295.2627963700575,4737.314802884355,2685.852724747148,0.8,8.0,100.0,96,140,3
G2_Wcluster_alhx700,$\mathrm{Hel}_{50}$,Cter_corresponding_BB_contact_survival,corresponding_nac_bb,Any 1 corresponding C-ter BB,chain_pair,all,largest_cluster,139000.0,0.0001542305284095106,0.00012099821628066315,1295.2627963700575,4737.314802884355,2685.852724747148,0.8,8.0,100.0,96,140,3
G2_Wcluster_alhx700,$\mathrm{Hel}_{50}$,Cter_corresponding_BB_contact_survival,corresponding_nac_bb,Any 1 corresponding C-ter BB,chain_pair,all,largest_cluster,140000.0,0.0001542305284095106,0.00012099821628066315,1295.2627963700575,4737.314802884355,2685.852724747148,0.8,8.0,100.0,96,140,3
G2_Wcluster_alhx700,$\mathrm{Hel}_{50}$,Cter_corresponding_BB_contact_survival,corresponding_nac_bb,Any 1 corresponding C-ter BB,chain_pair,all,largest_cluster,141000.0,0.0001542305284095106,0.00012099821628066315,1295.2627963700575,4737.314802884355,2685.852724747148,0.8,8.0,100.0,96,140,3
G2_Wcluster_alhx700,$\mathrm{Hel}_{50}$,Cter_corresponding_BB_contact_survival,corresponding_nac_bb,Any 1 corresponding C-ter BB,chain_pair,all,largest_cluster,142000.0,0.0001542305284095106,0.00012099821628066315,1295.2627963700575,4737.314802884355,2685.852724747148,0.8,8.0,100.0,96,140,3
G2_Wcluster_alhx700,$\mathrm{Hel}_{50}$,Cter_corresponding_BB_contact_survival,corresponding_nac_bb,Any 1 corresponding C-ter BB,chain_pair,all,largest_cluster,143000.0,0.0001542305284095106,0.00012099821628066315,1295.2627963700575,4737.314802884355,2685.852724747148,0.8,8.0,100.0,96,140,3
G2_Wcluster_alhx700,$\mathrm{Hel}_{50}$,Cter_corresponding_BB_contact_survival,corresponding_nac_bb,Any 1 corresponding C-ter BB,chain_pair,all,largest_cluster,144000.0,0.0001542305284095106,0.00012099821628066315,1295.2627963700575,4737.314802884355,2685.852724747148,0.8,8.0,100.0,96,140,3
G2_Wcluster_alhx700,$\mathrm{Hel}_{50}$,Cter_corresponding_BB_contact_survival,corresponding_nac_bb,Any 1 corresponding C-ter BB,chain_pair,all,largest_cluster,145000.0,0.0001542305284095106,0.00012099821628066315,1295.2627963700575,4737.314802884355,2685.852724747148,0.8,8.0,100.0,96,140,3
G2_Wcluster_alhx700,$\mathrm{Hel}_{50}$,Cter_corresponding_BB_contact_survival,corresponding_nac_bb,Any 1 corresponding C-ter BB,chain_pair,all,largest_cluster,146000.0,0.0001542305284095106,0.00012099821628066315,1295.2627963700575,4737.314802884355,2685.852724747148,0.8,8.0,100.0,96,140,3
G2_Wcluster_alhx700,$\mathrm{Hel}_{50}$,Cter_corresponding_BB_contact_survival,corresponding_nac_bb,Any 1 corresponding C-ter BB,chain_pair,all,largest_cluster,147000.0,0.0001542305284095106,0.00012099821628066315,1295.2627963700575,4737.314802884355,2685.852724747148,0.8,8.0,100.0,96,140,3
G2_Wcluster_alhx700,$\mathrm{Hel}_{50}$,Cter_corresponding_BB_contact_survival,corresponding_nac_bb,Any 1 corresponding C-ter BB,chain_pair,all,largest_cluster,148000.0,0.0001542305284095106,0.00012099821628066315,1295.2627963700575,4737.314802884355,2685.852724747148,0.8,8.0,100.0,96,140,3
G2_Wcluster_alhx700,$\mathrm{Hel}_{50}$,Cter_corresponding_BB_contact_survival,corresponding_nac_bb,Any 1 corresponding C-ter BB,chain_pair,all,largest_cluster,149000.0,0.0001542305284095106,0.00012099821628066315,1295.2627963700575,4737.314802884355,2685.852724747148,0.8,8.0,100.0,96,140,3
G2_Wcluster_alhx700,$\mathrm{Hel}_{50}$,Cter_corresponding_BB_contact_survival,corresponding_nac_bb,Any 1 corresponding C-ter BB,chain_pair,all,largest_cluster,150000.0,0.0001542305284095106,0.00012099821628066315,1295.2627963700575,4737.314802884355,2685.852724747148,0.8,8.0,100.0,96,140,3
G2_Wcluster_alhx700,$\mathrm{Hel}_{50}$,Cter_corresponding_BB_contact_survival,corresponding_nac_bb,Any 1 corresponding C-ter BB,chain_pair,all,largest_cluster,151000.0,0.0001542305284095106,0.00012099821628066315,1295.2627963700575,4737.314802884355,2685.852724747148,0.8,8.0,100.0,96,140,3
G2_Wcluster_alhx700,$\mathrm{Hel}_{50}$,Cter_corresponding_BB_contact_survival,corresponding_nac_bb,Any 1 corresponding C-ter BB,chain_pair,all,largest_cluster,152000.0,0.0001542305284095106,0.00012099821628066315,1295.2627963700575,4737.314802884355,2685.852724747148,0.8,8.0,100.0,96,140,3
G2_Wcluster_alhx700,$\mathrm{Hel}_{50}$,Cter_corresponding_BB_contact_survival,corresponding_nac_bb,Any 1 corresponding C-ter BB,chain_pair,all,largest_cluster,153000.0,0.00012139304113403691,8.669974188142416e-05,1295.2627963700575,4737.314802884355,2685.852724747148,0.8,8.0,100.0,96,140,3
G2_Wcluster_alhx700,$\mathrm{Hel}_{50}$,Cter_corresponding_BB_contact_survival,corresponding_nac_bb,Any 1 corresponding C-ter BB,chain_pair,all,largest_cluster,154000.0,0.00012139304113403691,8.669974188142416e-05,1295.2627963700575,4737.314802884355,2685.852724747148,0.8,8.0,100.0,96,140,3
G2_Wcluster_alhx700,$\mathrm{Hel}_{50}$,Cter_corresponding_BB_contact_survival,corresponding_nac_bb,Any 1 corresponding C-ter BB,chain_pair,all,largest_cluster,155000.0,0.00012139304113403691,8.669974188142416e-05,1295.2627963700575,4737.314802884355,2685.852724747148,0.8,8.0,100.0,96,140,3
G2_Wcluster_alhx700,$\mathrm{Hel}_{50}$,Cter_corresponding_BB_contact_survival,corresponding_nac_bb,Any 1 corresponding C-ter BB,chain_pair,all,largest_cluster,156000.0,0.00012139304113403691,8.669974188142416e-05,1295.2627963700575,4737.314802884355,2685.852724747148,0.8,8.0,100.0,96,140,3
G2_Wcluster_alhx700,$\mathrm{Hel}_{50}$,Cter_corresponding_BB_contact_survival,corresponding_nac_bb,Any 1 corresponding C-ter BB,chain_pair,all,largest_cluster,157000.0,0.00012139304113403691,8.669974188142416e-05,1295.2627963700575,4737.314802884355,2685.852724747148,0.8,8.0,100.0,96,140,3
G2_Wcluster_alhx700,$\mathrm{Hel}_{50}$,Cter_corresponding_BB_contact_survival,corresponding_nac_bb,Any 1 corresponding C-ter BB,chain_pair,all,largest_cluster,158000.0,0.00012139304113403691,8.669974188142416e-05,1295.2627963700575,4737.314802884355,2685.852724747148,0.8,8.0,100.0,96,140,3
G2_Wcluster_alhx700,$\mathrm{Hel}_{50}$,Cter_corresponding_BB_contact_survival,corresponding_nac_bb,Any 1 corresponding C-ter BB,chain_pair,all,largest_cluster,159000.0,0.00012139304113403691,8.669974188142416e-05,1295.2627963700575,4737.314802884355,2685.852724747148,0.8,8.0,100.0,96,140,3
G2_Wcluster_alhx700,$\mathrm{Hel}_{50}$,Cter_corresponding_BB_contact_survival,corresponding_nac_bb,Any 1 corresponding C-ter BB,chain_pair,all,largest_cluster,160000.0,0.00012139304113403691,8.669974188142416e-05,1295.2627963700575,4737.314802884355,2685.852724747148,0.8,8.0,100.0,96,140,3
G2_Wcluster_alhx700,$\mathrm{Hel}_{50}$,Cter_corresponding_BB_contact_survival,corresponding_nac_bb,Any 1 corresponding C-ter BB,chain_pair,all,largest_cluster,161000.0,0.00012139304113403691,8.669974188142416e-05,1295.2627963700575,4737.314802884355,2685.852724747148,0.8,8.0,100.0,96,140,3
G2_Wcluster_alhx700,$\mathrm{Hel}_{50}$,Cter_corresponding_BB_contact_survival,corresponding_nac_bb,Any 1 corresponding C-ter BB,chain_pair,all,largest_cluster,162000.0,0.00012139304113403691,8.669974188142416e-05,1295.2627963700575,4737.314802884355,2685.852724747148,0.8,8.0,100.0,96,140,3
G2_Wcluster_alhx700,$\mathrm{Hel}_{50}$,Cter_corresponding_BB_contact_survival,corresponding_nac_bb,Any 1 corresponding C-ter BB,chain_pair,all,largest_cluster,163000.0,0.00012139304113403691,8.669974188142416e-05,1295.2627963700575,4737.314802884355,2685.852724747148,0.8,8.0,100.0,96,140,3
G2_Wcluster_alhx700,$\mathrm{Hel}_{50}$,Cter_corresponding_BB_contact_survival,corresponding_nac_bb,Any 1 corresponding C-ter BB,chain_pair,all,largest_cluster,164000.0,0.00012139304113403691,8.669974188142416e-05,1295.2627963700575,4737.314802884355,2685.852724747148,0.8,8.0,100.0,96,140,3
G2_Wcluster_alhx700,$\mathrm{Hel}_{50}$,Cter_corresponding_BB_contact_survival,corresponding_nac_bb,Any 1 corresponding C-ter BB,chain_pair,all,largest_cluster,165000.0,0.00012139304113403691,8.669974188142416e-05,1295.2627963700575,4737.314802884355,2685.852724747148,0.8,8.0,100.0,96,140,3
G2_Wcluster_alhx700,$\mathrm{Hel}_{50}$,Cter_corresponding_BB_contact_survival,corresponding_nac_bb,Any 1 corresponding C-ter BB,chain_pair,all,largest_cluster,166000.0,0.00012139304113403691,8.669974188142416e-05,1295.2627963700575,4737.314802884355,2685.852724747148,0.8,8.0,100.0,96,140,3
G2_Wcluster_alhx700,$\mathrm{Hel}_{50}$,Cter_corresponding_BB_contact_survival,corresponding_nac_bb,Any 1 corresponding C-ter BB,chain_pair,all,largest_cluster,167000.0,0.00012139304113403691,8.669974188142416e-05,1295.2627963700575,4737.314802884355,2685.852724747148,0.8,8.0,100.0,96,140,3
G2_Wcluster_alhx700,$\mathrm{Hel}_{50}$,Cter_corresponding_BB_contact_survival,corresponding_nac_bb,Any 1 corresponding C-ter BB,chain_pair,all,largest_cluster,168000.0,0.00012139304113403691,8.669974188142416e-05,1295.2627963700575,4737.314802884355,2685.852724747148,0.8,8.0,100.0,96,140,3
G2_Wcluster_alhx700,$\mathrm{Hel}_{50}$,Cter_corresponding_BB_contact_survival,corresponding_nac_bb,Any 1 corresponding C-ter BB,chain_pair,all,largest_cluster,169000.0,0.00012139304113403691,8.669974188142416e-05,1295.2627963700575,4737.314802884355,2685.852724747148,0.8,8.0,100.0,96,140,3
G2_Wcluster_alhx700,$\mathrm{Hel}_{50}$,Cter_corresponding_BB_contact_survival,corresponding_nac_bb,Any 1 corresponding C-ter BB,chain_pair,all,largest_cluster,170000.0,0.00012139304113403691,8.669974188142416e-05,1295.2627963700575,4737.314802884355,2685.852724747148,0.8,8.0,100.0,96,140,3
G2_Wcluster_alhx700,$\mathrm{Hel}_{50}$,Cter_corresponding_BB_contact_survival,corresponding_nac_bb,Any 1 corresponding C-ter BB,chain_pair,all,largest_cluster,171000.0,0.00012139304113403691,8.669974188142416e-05,1295.2627963700575,4737.314802884355,2685.852724747148,0.8,8.0,100.0,96,140,3
G2_Wcluster_alhx700,$\mathrm{Hel}_{50}$,Cter_corresponding_BB_contact_survival,corresponding_nac_bb,Any 1 corresponding C-ter BB,chain_pair,all,largest_cluster,172000.0,0.00012139304113403691,8.669974188142416e-05,1295.2627963700575,4737.314802884355,2685.852724747148,0.8,8.0,100.0,96,140,3
G2_Wcluster_alhx700,$\mathrm{Hel}_{50}$,Cter_corresponding_BB_contact_survival,corresponding_nac_bb,Any 1 corresponding C-ter BB,chain_pair,all,largest_cluster,173000.0,0.00012139304113403691,8.669974188142416e-05,1295.2627963700575,4737.314802884355,2685.852724747148,0.8,8.0,100.0,96,140,3
G2_Wcluster_alhx700,$\mathrm{Hel}_{50}$,Cter_corresponding_BB_contact_survival,corresponding_nac_bb,Any 1 corresponding C-ter BB,chain_pair,all,largest_cluster,174000.0,0.00012139304113403691,8.669974188142416e-05,1295.2627963700575,4737.314802884355,2685.852724747148,0.8,8.0,100.0,96,140,3
G2_Wcluster_alhx700,$\mathrm{Hel}_{50}$,Cter_corresponding_BB_contact_survival,corresponding_nac_bb,Any 1 corresponding C-ter BB,chain_pair,all,largest_cluster,175000.0,0.00012139304113403691,8.669974188142416e-05,1295.2627963700575,4737.314802884355,2685.852724747148,0.8,8.0,100.0,96,140,3
G2_Wcluster_alhx700,$\mathrm{Hel}_{50}$,Cter_corresponding_BB_contact_survival,corresponding_nac_bb,Any 1 corresponding C-ter BB,chain_pair,all,largest_cluster,176000.0,0.00012139304113403691,8.669974188142416e-05,1295.2627963700575,4737.314802884355,2685.852724747148,0.8,8.0,100.0,96,140,3
G2_Wcluster_alhx700,$\mathrm{Hel}_{50}$,Cter_corresponding_BB_contact_survival,corresponding_nac_bb,Any 1 corresponding C-ter BB,chain_pair,all,largest_cluster,177000.0,0.00012139304113403691,8.669974188142416e-05,1295.2627963700575,4737.314802884355,2685.852724747148,0.8,8.0,100.0,96,140,3
G2_Wcluster_alhx700,$\mathrm{Hel}_{50}$,Cter_corresponding_BB_contact_survival,corresponding_nac_bb,Any 1 corresponding C-ter BB,chain_pair,all,largest_cluster,178000.0,0.00012139304113403691,8.669974188142416e-05,1295.2627963700575,4737.314802884355,2685.852724747148,0.8,8.0,100.0,96,140,3
G2_Wcluster_alhx700,$\mathrm{Hel}_{50}$,Cter_corresponding_BB_contact_survival,corresponding_nac_bb,Any 1 corresponding C-ter BB,chain_pair,all,largest_cluster,179000.0,0.00012139304113403691,8.669974188142416e-05,1295.2627963700575,4737.314802884355,2685.852724747148,0.8,8.0,100.0,96,140,3
G2_Wcluster_alhx700,$\mathrm{Hel}_{50}$,Cter_corresponding_BB_contact_survival,corresponding_nac_bb,Any 1 corresponding C-ter BB,chain_pair,all,largest_cluster,180000.0,0.00012139304113403691,8.669974188142416e-05,1295.2627963700575,4737.314802884355,2685.852724747148,0.8,8.0,100.0,96,140,3
G2_Wcluster_alhx700,$\mathrm{Hel}_{50}$,Cter_corresponding_BB_contact_survival,corresponding_nac_bb,Any 1 corresponding C-ter BB,chain_pair,all,largest_cluster,181000.0,0.00012139304113403691,8.669974188142416e-05,1295.2627963700575,4737.314802884355,2685.852724747148,0.8,8.0,100.0,96,140,3
G2_Wcluster_alhx700,$\mathrm{Hel}_{50}$,Cter_corresponding_BB_contact_survival,corresponding_nac_bb,Any 1 corresponding C-ter BB,chain_pair,all,largest_cluster,182000.0,0.00012139304113403691,8.669974188142416e-05,1295.2627963700575,4737.314802884355,2685.852724747148,0.8,8.0,100.0,96,140,3
G2_Wcluster_alhx700,$\mathrm{Hel}_{50}$,Cter_corresponding_BB_contact_survival,corresponding_nac_bb,Any 1 corresponding C-ter BB,chain_pair,all,largest_cluster,183000.0,0.00012139304113403691,8.669974188142416e-05,1295.2627963700575,4737.314802884355,2685.852724747148,0.8,8.0,100.0,96,140,3
G2_Wcluster_alhx700,$\mathrm{Hel}_{50}$,Cter_corresponding_BB_contact_survival,corresponding_nac_bb,Any 1 corresponding C-ter BB,chain_pair,all,largest_cluster,184000.0,8.855555385856326e-05,6.860265609855494e-05,1295.2627963700575,4737.314802884355,2685.852724747148,0.8,8.0,100.0,96,140,3
G2_Wcluster_alhx700,$\mathrm{Hel}_{50}$,Cter_corresponding_BB_contact_survival,corresponding_nac_bb,Any 1 corresponding C-ter BB,chain_pair,all,largest_cluster,185000.0,8.855555385856326e-05,6.860265609855494e-05,1295.2627963700575,4737.314802884355,2685.852724747148,0.8,8.0,100.0,96,140,3
G2_Wcluster_alhx700,$\mathrm{Hel}_{50}$,Cter_corresponding_BB_contact_survival,corresponding_nac_bb,Any 1 corresponding C-ter BB,chain_pair,all,largest_cluster,186000.0,8.855555385856326e-05,6.860265609855494e-05,1295.2627963700575,4737.314802884355,2685.852724747148,0.8,8.0,100.0,96,140,3
G2_Wcluster_alhx700,$\mathrm{Hel}_{50}$,Cter_corresponding_BB_contact_survival,corresponding_nac_bb,Any 1 corresponding C-ter BB,chain_pair,all,largest_cluster,187000.0,8.855555385856326e-05,6.860265609855494e-05,1295.2627963700575,4737.314802884355,2685.852724747148,0.8,8.0,100.0,96,140,3
G2_Wcluster_alhx700,$\mathrm{Hel}_{50}$,Cter_corresponding_BB_contact_survival,corresponding_nac_bb,Any 1 corresponding C-ter BB,chain_pair,all,largest_cluster,188000.0,8.855555385856326e-05,6.860265609855494e-05,1295.2627963700575,4737.314802884355,2685.852724747148,0.8,8.0,100.0,96,140,3
G2_Wcluster_alhx700,$\mathrm{Hel}_{50}$,Cter_corresponding_BB_contact_survival,corresponding_nac_bb,Any 1 corresponding C-ter BB,chain_pair,all,largest_cluster,189000.0,8.855555385856326e-05,6.860265609855494e-05,1295.2627963700575,4737.314802884355,2685.852724747148,0.8,8.0,100.0,96,140,3
G2_Wcluster_alhx700,$\mathrm{Hel}_{50}$,Cter_corresponding_BB_contact_survival,corresponding_nac_bb,Any 1 corresponding C-ter BB,chain_pair,all,largest_cluster,190000.0,8.855555385856326e-05,6.860265609855494e-05,1295.2627963700575,4737.314802884355,2685.852724747148,0.8,8.0,100.0,96,140,3
G2_Wcluster_alhx700,$\mathrm{Hel}_{50}$,Cter_corresponding_BB_contact_survival,corresponding_nac_bb,Any 1 corresponding C-ter BB,chain_pair,all,largest_cluster,191000.0,8.855555385856326e-05,6.860265609855494e-05,1295.2627963700575,4737.314802884355,2685.852724747148,0.8,8.0,100.0,96,140,3
G2_Wcluster_alhx700,$\mathrm{Hel}_{50}$,Cter_corresponding_BB_contact_survival,corresponding_nac_bb,Any 1 corresponding C-ter BB,chain_pair,all,largest_cluster,192000.0,8.855555385856326e-05,6.860265609855494e-05,1295.2627963700575,4737.314802884355,2685.852724747148,0.8,8.0,100.0,96,140,3
G2_Wcluster_alhx700,$\mathrm{Hel}_{50}$,Cter_corresponding_BB_contact_survival,corresponding_nac_bb,Any 1 corresponding C-ter BB,chain_pair,all,largest_cluster,193000.0,8.855555385856326e-05,6.860265609855494e-05,1295.2627963700575,4737.314802884355,2685.852724747148,0.8,8.0,100.0,96,140,3
G2_Wcluster_alhx700,$\mathrm{Hel}_{50}$,Cter_corresponding_BB_contact_survival,corresponding_nac_bb,Any 1 corresponding C-ter BB,chain_pair,all,largest_cluster,194000.0,8.855555385856326e-05,6.860265609855494e-05,1295.2627963700575,4737.314802884355,2685.852724747148,0.8,8.0,100.0,96,140,3
G2_Wcluster_alhx700,$\mathrm{Hel}_{50}$,Cter_corresponding_BB_contact_survival,corresponding_nac_bb,Any 1 corresponding C-ter BB,chain_pair,all,largest_cluster,195000.0,8.855555385856326e-05,6.860265609855494e-05,1295.2627963700575,4737.314802884355,2685.852724747148,0.8,8.0,100.0,96,140,3
G2_Wcluster_alhx700,$\mathrm{Hel}_{50}$,Cter_corresponding_BB_contact_survival,corresponding_nac_bb,Any 1 corresponding C-ter BB,chain_pair,all,largest_cluster,196000.0,8.855555385856326e-05,6.860265609855494e-05,1295.2627963700575,4737.314802884355,2685.852724747148,0.8,8.0,100.0,96,140,3
G2_Wcluster_alhx700,$\mathrm{Hel}_{50}$,Cter_corresponding_BB_contact_survival,corresponding_nac_bb,Any 1 corresponding C-ter BB,chain_pair,all,largest_cluster,197000.0,8.855555385856326e-05,6.860265609855494e-05,1295.2627963700575,4737.314802884355,2685.852724747148,0.8,8.0,100.0,96,140,3
G2_Wcluster_alhx700,$\mathrm{Hel}_{50}$,Cter_corresponding_BB_contact_survival,corresponding_nac_bb,Any 1 corresponding C-ter BB,chain_pair,all,largest_cluster,198000.0,8.855555385856326e-05,6.860265609855494e-05,1295.2627963700575,4737.314802884355,2685.852724747148,0.8,8.0,100.0,96,140,3
G2_Wcluster_alhx700,$\mathrm{Hel}_{50}$,Cter_corresponding_BB_contact_survival,corresponding_nac_bb,Any 1 corresponding C-ter BB,chain_pair,all,largest_cluster,199000.0,8.855555385856326e-05,6.860265609855494e-05,1295.2627963700575,4737.314802884355,2685.852724747148,0.8,8.0,100.0,96,140,3
G2_Wcluster_alhx700,$\mathrm{Hel}_{50}$,Cter_corresponding_BB_contact_survival,corresponding_nac_bb,Any 1 corresponding C-ter BB,chain_pair,all,largest_cluster,200000.0,8.855555385856326e-05,6.860265609855494e-05,1295.2627963700575,4737.314802884355,2685.852724747148,0.8,8.0,100.0,96,140,3
G2_Wcluster_alhx700,$\mathrm{Hel}_{50}$,Cter_corresponding_BB_contact_survival,corresponding_nac_bb,Any 1 corresponding C-ter BB,chain_pair,all,largest_cluster,201000.0,8.855555385856326e-05,6.860265609855494e-05,1295.2627963700575,4737.314802884355,2685.852724747148,0.8,8.0,100.0,96,140,3
G2_Wcluster_alhx700,$\mathrm{Hel}_{50}$,Cter_corresponding_BB_contact_survival,corresponding_nac_bb,Any 1 corresponding C-ter BB,chain_pair,all,largest_cluster,202000.0,8.855555385856326e-05,6.860265609855494e-05,1295.2627963700575,4737.314802884355,2685.852724747148,0.8,8.0,100.0,96,140,3
G2_Wcluster_alhx700,$\mathrm{Hel}_{50}$,Cter_corresponding_BB_contact_survival,corresponding_nac_bb,Any 1 corresponding C-ter BB,chain_pair,all,largest_cluster,203000.0,8.855555385856326e-05,6.860265609855494e-05,1295.2627963700575,4737.314802884355,2685.852724747148,0.8,8.0,100.0,96,140,3
G2_Wcluster_alhx700,$\mathrm{Hel}_{50}$,Cter_corresponding_BB_contact_survival,corresponding_nac_bb,Any 1 corresponding C-ter BB,chain_pair,all,largest_cluster,204000.0,8.855555385856326e-05,6.860265609855494e-05,1295.2627963700575,4737.314802884355,2685.852724747148,0.8,8.0,100.0,96,140,3
G2_Wcluster_alhx700,$\mathrm{Hel}_{50}$,Cter_corresponding_BB_contact_survival,corresponding_nac_bb,Any 1 corresponding C-ter BB,chain_pair,all,largest_cluster,205000.0,8.855555385856326e-05,6.860265609855494e-05,1295.2627963700575,4737.314802884355,2685.852724747148,0.8,8.0,100.0,96,140,3
G2_Wcluster_alhx700,$\mathrm{Hel}_{50}$,Cter_corresponding_BB_contact_survival,corresponding_nac_bb,Any 1 corresponding C-ter BB,chain_pair,all,largest_cluster,206000.0,8.855555385856326e-05,6.860265609855494e-05,1295.2627963700575,4737.314802884355,2685.852724747148,0.8,8.0,100.0,96,140,3
G2_Wcluster_alhx700,$\mathrm{Hel}_{50}$,Cter_corresponding_BB_contact_survival,corresponding_nac_bb,Any 1 corresponding C-ter BB,chain_pair,all,largest_cluster,207000.0,8.855555385856326e-05,6.860265609855494e-05,1295.2627963700575,4737.314802884355,2685.852724747148,0.8,8.0,100.0,96,140,3
G2_Wcluster_alhx700,$\mathrm{Hel}_{50}$,Cter_corresponding_BB_contact_survival,corresponding_nac_bb,Any 1 corresponding C-ter BB,chain_pair,all,largest_cluster,208000.0,8.855555385856326e-05,6.860265609855494e-05,1295.2627963700575,4737.314802884355,2685.852724747148,0.8,8.0,100.0,96,140,3
G2_Wcluster_alhx700,$\mathrm{Hel}_{50}$,Cter_corresponding_BB_contact_survival,corresponding_nac_bb,Any 1 corresponding C-ter BB,chain_pair,all,largest_cluster,209000.0,8.855555385856326e-05,6.860265609855494e-05,1295.2627963700575,4737.314802884355,2685.852724747148,0.8,8.0,100.0,96,140,3
G2_Wcluster_alhx700,$\mathrm{Hel}_{50}$,Cter_corresponding_BB_contact_survival,corresponding_nac_bb,Any 1 corresponding C-ter BB,chain_pair,all,largest_cluster,210000.0,8.855555385856326e-05,6.860265609855494e-05,1295.2627963700575,4737.314802884355,2685.852724747148,0.8,8.0,100.0,96,140,3
G2_Wcluster_alhx700,$\mathrm{Hel}_{50}$,Cter_corresponding_BB_contact_survival,corresponding_nac_bb,Any 1 corresponding C-ter BB,chain_pair,all,largest_cluster,211000.0,8.855555385856326e-05,6.860265609855494e-05,1295.2627963700575,4737.314802884355,2685.852724747148,0.8,8.0,100.0,96,140,3
G2_Wcluster_alhx700,$\mathrm{Hel}_{50}$,Cter_corresponding_BB_contact_survival,corresponding_nac_bb,Any 1 corresponding C-ter BB,chain_pair,all,largest_cluster,212000.0,8.855555385856326e-05,6.860265609855494e-05,1295.2627963700575,4737.314802884355,2685.852724747148,0.8,8.0,100.0,96,140,3
G2_Wcluster_alhx700,$\mathrm{Hel}_{50}$,Cter_corresponding_BB_contact_survival,corresponding_nac_bb,Any 1 corresponding C-ter BB,chain_pair,all,largest_cluster,213000.0,8.855555385856326e-05,6.860265609855494e-05,1295.2627963700575,4737.314802884355,2685.852724747148,0.8,8.0,100.0,96,140,3
G2_Wcluster_alhx700,$\mathrm{Hel}_{50}$,Cter_corresponding_BB_contact_survival,corresponding_nac_bb,Any 1 corresponding C-ter BB,chain_pair,all,largest_cluster,214000.0,8.855555385856326e-05,6.860265609855494e-05,1295.2627963700575,4737.314802884355,2685.852724747148,0.8,8.0,100.0,96,140,3
G2_Wcluster_alhx700,$\mathrm{Hel}_{50}$,Cter_corresponding_BB_contact_survival,corresponding_nac_bb,Any 1 corresponding C-ter BB,chain_pair,all,largest_cluster,215000.0,8.855555385856326e-05,6.860265609855494e-05,1295.2627963700575,4737.314802884355,2685.852724747148,0.8,8.0,100.0,96,140,3
G2_Wcluster_alhx700,$\mathrm{Hel}_{50}$,Cter_corresponding_BB_contact_survival,corresponding_nac_bb,Any 1 corresponding C-ter BB,chain_pair,all,largest_cluster,216000.0,8.855555385856326e-05,6.860265609855494e-05,1295.2627963700575,4737.314802884355,2685.852724747148,0.8,8.0,100.0,96,140,3
G2_Wcluster_alhx700,$\mathrm{Hel}_{50}$,Cter_corresponding_BB_contact_survival,corresponding_nac_bb,Any 1 corresponding C-ter BB,chain_pair,all,largest_cluster,217000.0,6.0696520567018456e-05,4.334987094071208e-05,1295.2627963700575,4737.314802884355,2685.852724747148,0.8,8.0,100.0,96,140,3
G2_Wcluster_alhx700,$\mathrm{Hel}_{50}$,Cter_corresponding_BB_contact_survival,corresponding_nac_bb,Any 1 corresponding C-ter BB,chain_pair,all,largest_cluster,218000.0,6.0696520567018456e-05,4.334987094071208e-05,1295.2627963700575,4737.314802884355,2685.852724747148,0.8,8.0,100.0,96,140,3
G2_Wcluster_alhx700,$\mathrm{Hel}_{50}$,Cter_corresponding_BB_contact_survival,corresponding_nac_bb,Any 1 corresponding C-ter BB,chain_pair,all,largest_cluster,219000.0,6.0696520567018456e-05,4.334987094071208e-05,1295.2627963700575,4737.314802884355,2685.852724747148,0.8,8.0,100.0,96,140,3
G2_Wcluster_alhx700,$\mathrm{Hel}_{50}$,Cter_corresponding_BB_contact_survival,corresponding_nac_bb,Any 1 corresponding C-ter BB,chain_pair,all,largest_cluster,220000.0,6.0696520567018456e-05,4.334987094071208e-05,1295.2627963700575,4737.314802884355,2685.852724747148,0.8,8.0,100.0,96,140,3
G2_Wcluster_alhx700,$\mathrm{Hel}_{50}$,Cter_corresponding_BB_contact_survival,corresponding_nac_bb,Any 1 corresponding C-ter BB,chain_pair,all,largest_cluster,221000.0,6.0696520567018456e-05,4.334987094071208e-05,1295.2627963700575,4737.314802884355,2685.852724747148,0.8,8.0,100.0,96,140,3
G2_Wcluster_alhx700,$\mathrm{Hel}_{50}$,Cter_corresponding_BB_contact_survival,corresponding_nac_bb,Any 1 corresponding C-ter BB,chain_pair,all,largest_cluster,222000.0,6.0696520567018456e-05,4.334987094071208e-05,1295.2627963700575,4737.314802884355,2685.852724747148,0.8,8.0,100.0,96,140,3
G2_Wcluster_alhx700,$\mathrm{Hel}_{50}$,Cter_corresponding_BB_contact_survival,corresponding_nac_bb,Any 1 corresponding C-ter BB,chain_pair,all,largest_cluster,223000.0,6.0696520567018456e-05,4.334987094071208e-05,1295.2627963700575,4737.314802884355,2685.852724747148,0.8,8.0,100.0,96,140,3
G2_Wcluster_alhx700,$\mathrm{Hel}_{50}$,Cter_corresponding_BB_contact_survival,corresponding_nac_bb,Any 1 corresponding C-ter BB,chain_pair,all,largest_cluster,224000.0,6.0696520567018456e-05,4.334987094071208e-05,1295.2627963700575,4737.314802884355,2685.852724747148,0.8,8.0,100.0,96,140,3
G2_Wcluster_alhx700,$\mathrm{Hel}_{50}$,Cter_corresponding_BB_contact_survival,corresponding_nac_bb,Any 1 corresponding C-ter BB,chain_pair,all,largest_cluster,225000.0,6.0696520567018456e-05,4.334987094071208e-05,1295.2627963700575,4737.314802884355,2685.852724747148,0.8,8.0,100.0,96,140,3
G2_Wcluster_alhx700,$\mathrm{Hel}_{50}$,Cter_corresponding_BB_contact_survival,corresponding_nac_bb,Any 1 corresponding C-ter BB,chain_pair,all,largest_cluster,226000.0,6.0696520567018456e-05,4.334987094071208e-05,1295.2627963700575,4737.314802884355,2685.852724747148,0.8,8.0,100.0,96,140,3
G2_Wcluster_alhx700,$\mathrm{Hel}_{50}$,Cter_corresponding_BB_contact_survival,corresponding_nac_bb,Any 1 corresponding C-ter BB,chain_pair,all,largest_cluster,227000.0,6.0696520567018456e-05,4.334987094071208e-05,1295.2627963700575,4737.314802884355,2685.852724747148,0.8,8.0,100.0,96,140,3
G2_Wcluster_alhx700,$\mathrm{Hel}_{50}$,Cter_corresponding_BB_contact_survival,corresponding_nac_bb,Any 1 corresponding C-ter BB,chain_pair,all,largest_cluster,228000.0,6.0696520567018456e-05,4.334987094071208e-05,1295.2627963700575,4737.314802884355,2685.852724747148,0.8,8.0,100.0,96,140,3
G2_Wcluster_alhx700,$\mathrm{Hel}_{50}$,Cter_corresponding_BB_contact_survival,corresponding_nac_bb,Any 1 corresponding C-ter BB,chain_pair,all,largest_cluster,229000.0,6.0696520567018456e-05,4.334987094071208e-05,1295.2627963700575,4737.314802884355,2685.852724747148,0.8,8.0,100.0,96,140,3
G2_Wcluster_alhx700,$\mathrm{Hel}_{50}$,Cter_corresponding_BB_contact_survival,corresponding_nac_bb,Any 1 corresponding C-ter BB,chain_pair,all,largest_cluster,230000.0,6.0696520567018456e-05,4.334987094071208e-05,1295.2627963700575,4737.314802884355,2685.852724747148,0.8,8.0,100.0,96,140,3
G2_Wcluster_alhx700,$\mathrm{Hel}_{50}$,Cter_corresponding_BB_contact_survival,corresponding_nac_bb,Any 1 corresponding C-ter BB,chain_pair,all,largest_cluster,231000.0,6.0696520567018456e-05,4.334987094071208e-05,1295.2627963700575,4737.314802884355,2685.852724747148,0.8,8.0,100.0,96,140,3
G2_Wcluster_alhx700,$\mathrm{Hel}_{50}$,Cter_corresponding_BB_contact_survival,corresponding_nac_bb,Any 1 corresponding C-ter BB,chain_pair,all,largest_cluster,232000.0,2.7859033291544782e-05,3.93986227155062e-05,1295.2627963700575,4737.314802884355,2685.852724747148,0.8,8.0,100.0,96,140,3
G2_Wcluster_alhx700,$\mathrm{Hel}_{50}$,Cter_corresponding_BB_contact_survival,corresponding_nac_bb,Any 1 corresponding C-ter BB,chain_pair,all,largest_cluster,233000.0,2.7859033291544782e-05,3.93986227155062e-05,1295.2627963700575,4737.314802884355,2685.852724747148,0.8,8.0,100.0,96,140,3
G2_Wcluster_alhx700,$\mathrm{Hel}_{50}$,Cter_corresponding_BB_contact_survival,corresponding_nac_bb,Any 1 corresponding C-ter BB,chain_pair,all,largest_cluster,234000.0,2.7859033291544782e-05,3.93986227155062e-05,1295.2627963700575,4737.314802884355,2685.852724747148,0.8,8.0,100.0,96,140,3
G2_Wcluster_alhx700,$\mathrm{Hel}_{50}$,Cter_corresponding_BB_contact_survival,corresponding_nac_bb,Any 1 corresponding C-ter BB,chain_pair,all,largest_cluster,235000.0,2.7859033291544782e-05,3.93986227155062e-05,1295.2627963700575,4737.314802884355,2685.852724747148,0.8,8.0,100.0,96,140,3
G2_Wcluster_alhx700,$\mathrm{Hel}_{50}$,Cter_corresponding_BB_contact_survival,corresponding_nac_bb,Any 1 corresponding C-ter BB,chain_pair,all,largest_cluster,236000.0,2.7859033291544782e-05,3.93986227155062e-05,1295.2627963700575,4737.314802884355,2685.852724747148,0.8,8.0,100.0,96,140,3
G2_Wcluster_alhx700,$\mathrm{Hel}_{50}$,Cter_corresponding_BB_contact_survival,corresponding_nac_bb,Any 1 corresponding C-ter BB,chain_pair,all,largest_cluster,237000.0,2.7859033291544782e-05,3.93986227155062e-05,1295.2627963700575,4737.314802884355,2685.852724747148,0.8,8.0,100.0,96,140,3
G2_Wcluster_alhx700,$\mathrm{Hel}_{50}$,Cter_corresponding_BB_contact_survival,corresponding_nac_bb,Any 1 corresponding C-ter BB,chain_pair,all,largest_cluster,238000.0,2.7859033291544782e-05,3.93986227155062e-05,1295.2627963700575,4737.314802884355,2685.852724747148,0.8,8.0,100.0,96,140,3
G2_Wcluster_alhx700,$\mathrm{Hel}_{50}$,Cter_corresponding_BB_contact_survival,corresponding_nac_bb,Any 1 corresponding C-ter BB,chain_pair,all,largest_cluster,239000.0,2.7859033291544782e-05,3.93986227155062e-05,1295.2627963700575,4737.314802884355,2685.852724747148,0.8,8.0,100.0,96,140,3
G2_Wcluster_alhx700,$\mathrm{Hel}_{50}$,Cter_corresponding_BB_contact_survival,corresponding_nac_bb,Any 1 corresponding C-ter BB,chain_pair,all,largest_cluster,240000.0,2.7859033291544782e-05,3.93986227155062e-05,1295.2627963700575,4737.314802884355,2685.852724747148,0.8,8.0,100.0,96,140,3
G2_Wcluster_alhx700,$\mathrm{Hel}_{50}$,Cter_corresponding_BB_contact_survival,corresponding_nac_bb,Any 1 corresponding C-ter BB,chain_pair,all,largest_cluster,241000.0,2.7859033291544782e-05,3.93986227155062e-05,1295.2627963700575,4737.314802884355,2685.852724747148,0.8,8.0,100.0,96,140,3
G2_Wcluster_alhx700,$\mathrm{Hel}_{50}$,Cter_corresponding_BB_contact_survival,corresponding_nac_bb,Any 1 corresponding C-ter BB,chain_pair,all,largest_cluster,242000.0,2.7859033291544782e-05,3.93986227155062e-05,1295.2627963700575,4737.314802884355,2685.852724747148,0.8,8.0,100.0,96,140,3
G2_Wcluster_alhx700,$\mathrm{Hel}_{50}$,Cter_corresponding_BB_contact_survival,corresponding_nac_bb,Any 1 corresponding C-ter BB,chain_pair,all,largest_cluster,243000.0,2.7859033291544782e-05,3.93986227155062e-05,1295.2627963700575,4737.314802884355,2685.852724747148,0.8,8.0,100.0,96,140,3
G2_Wcluster_alhx700,$\mathrm{Hel}_{50}$,Cter_corresponding_BB_contact_survival,corresponding_nac_bb,Any 1 corresponding C-ter BB,chain_pair,all,largest_cluster,244000.0,2.7859033291544782e-05,3.93986227155062e-05,1295.2627963700575,4737.314802884355,2685.852724747148,0.8,8.0,100.0,96,140,3
G2_Wcluster_alhx700,$\mathrm{Hel}_{50}$,Cter_corresponding_BB_contact_survival,corresponding_nac_bb,Any 1 corresponding C-ter BB,chain_pair,all,largest_cluster,245000.0,2.7859033291544782e-05,3.93986227155062e-05,1295.2627963700575,4737.314802884355,2685.852724747148,0.8,8.0,100.0,96,140,3
G2_Wcluster_alhx700,$\mathrm{Hel}_{50}$,Cter_corresponding_BB_contact_survival,corresponding_nac_bb,Any 1 corresponding C-ter BB,chain_pair,all,largest_cluster,246000.0,2.7859033291544782e-05,3.93986227155062e-05,1295.2627963700575,4737.314802884355,2685.852724747148,0.8,8.0,100.0,96,140,3
G2_Wcluster_alhx700,$\mathrm{Hel}_{50}$,Cter_corresponding_BB_contact_survival,corresponding_nac_bb,Any 1 corresponding C-ter BB,chain_pair,all,largest_cluster,247000.0,2.7859033291544782e-05,3.93986227155062e-05,1295.2627963700575,4737.314802884355,2685.852724747148,0.8,8.0,100.0,96,140,3
G3_Onmem_plus,$\mathrm{IDP}_{50}$-Mem,Cter_corresponding_BB_contact_survival,corresponding_nac_bb,Any 1 corresponding C-ter BB,chain_pair,last_40,largest_cluster,0.0,1.0,0.0,1181.2042056351756,3884.128680231862,2184.5561399484072,0.8,8.0,100.0,96,140,3
G3_Onmem_plus,$\mathrm{IDP}_{50}$-Mem,Cter_corresponding_BB_contact_survival,corresponding_nac_bb,Any 1 corresponding C-ter BB,chain_pair,last_40,largest_cluster,1000.0,0.4007622308698538,0.008980417695355595,1181.2042056351756,3884.128680231862,2184.5561399484072,0.8,8.0,100.0,96,140,3
G3_Onmem_plus,$\mathrm{IDP}_{50}$-Mem,Cter_corresponding_BB_contact_survival,corresponding_nac_bb,Any 1 corresponding C-ter BB,chain_pair,last_40,largest_cluster,2000.0,0.2192940933994936,0.005976809973857408,1181.2042056351756,3884.128680231862,2184.5561399484072,0.8,8.0,100.0,96,140,3
G3_Onmem_plus,$\mathrm{IDP}_{50}$-Mem,Cter_corresponding_BB_contact_survival,corresponding_nac_bb,Any 1 corresponding C-ter BB,chain_pair,last_40,largest_cluster,3000.0,0.1383877533561082,0.005794940990592071,1181.2042056351756,3884.128680231862,2184.5561399484072,0.8,8.0,100.0,96,140,3
G3_Onmem_plus,$\mathrm{IDP}_{50}$-Mem,Cter_corresponding_BB_contact_survival,corresponding_nac_bb,Any 1 corresponding C-ter BB,chain_pair,last_40,largest_cluster,4000.0,0.09496901328532908,0.006035257676633984,1181.2042056351756,3884.128680231862,2184.5561399484072,0.8,8.0,100.0,96,140,3
G3_Onmem_plus,$\mathrm{IDP}_{50}$-Mem,Cter_corresponding_BB_contact_survival,corresponding_nac_bb,Any 1 corresponding C-ter BB,chain_pair,last_40,largest_cluster,5000.0,0.06755149843758468,0.005280273181170746,1181.2042056351756,3884.128680231862,2184.5561399484072,0.8,8.0,100.0,96,140,3
G3_Onmem_plus,$\mathrm{IDP}_{50}$-Mem,Cter_corresponding_BB_contact_survival,corresponding_nac_bb,Any 1 corresponding C-ter BB,chain_pair,last_40,largest_cluster,6000.0,0.05011618235944395,0.004796107778059733,1181.2042056351756,3884.128680231862,2184.5561399484072,0.8,8.0,100.0,96,140,3
G3_Onmem_plus,$\mathrm{IDP}_{50}$-Mem,Cter_corresponding_BB_contact_survival,corresponding_nac_bb,Any 1 corresponding C-ter BB,chain_pair,last_40,largest_cluster,7000.0,0.038457084657165116,0.0034059091344892383,1181.2042056351756,3884.128680231862,2184.5561399484072,0.8,8.0,100.0,96,140,3
G3_Onmem_plus,$\mathrm{IDP}_{50}$-Mem,Cter_corresponding_BB_contact_survival,corresponding_nac_bb,Any 1 corresponding C-ter BB,chain_pair,last_40,largest_cluster,8000.0,0.029258253627999133,0.003086995318007608,1181.2042056351756,3884.128680231862,2184.5561399484072,0.8,8.0,100.0,96,140,3
G3_Onmem_plus,$\mathrm{IDP}_{50}$-Mem,Cter_corresponding_BB_contact_survival,corresponding_nac_bb,Any 1 corresponding C-ter BB,chain_pair,last_40,largest_cluster,9000.0,0.022959653628817495,0.0032012949323582678,1181.2042056351756,3884.128680231862,2184.5561399484072,0.8,8.0,100.0,96,140,3
G3_Onmem_plus,$\mathrm{IDP}_{50}$-Mem,Cter_corresponding_BB_contact_survival,corresponding_nac_bb,Any 1 corresponding C-ter BB,chain_pair,last_40,largest_cluster,10000.0,0.018131041719675115,0.003137297960807042,1181.2042056351756,3884.128680231862,2184.5561399484072,0.8,8.0,100.0,96,140,3
G3_Onmem_plus,$\mathrm{IDP}_{50}$-Mem,Cter_corresponding_BB_contact_survival,corresponding_nac_bb,Any 1 corresponding C-ter BB,chain_pair,last_40,largest_cluster,11000.0,0.014680683630152805,0.002942377620349746,1181.2042056351756,3884.128680231862,2184.5561399484072,0.8,8.0,100.0,96,140,3
G3_Onmem_plus,$\mathrm{IDP}_{50}$-Mem,Cter_corresponding_BB_contact_survival,corresponding_nac_bb,Any 1 corresponding C-ter BB,chain_pair,last_40,largest_cluster,12000.0,0.01199276930558006,0.0029556324403725047,1181.2042056351756,3884.128680231862,2184.5561399484072,0.8,8.0,100.0,96,140,3
G3_Onmem_plus,$\mathrm{IDP}_{50}$-Mem,Cter_corresponding_BB_contact_survival,corresponding_nac_bb,Any 1 corresponding C-ter BB,chain_pair,last_40,largest_cluster,13000.0,0.010345662269447732,0.002527020433099762,1181.2042056351756,3884.128680231862,2184.5561399484072,0.8,8.0,100.0,96,140,3
G3_Onmem_plus,$\mathrm{IDP}_{50}$-Mem,Cter_corresponding_BB_contact_survival,corresponding_nac_bb,Any 1 corresponding C-ter BB,chain_pair,last_40,largest_cluster,14000.0,0.008550034059097126,0.0023741224818470148,1181.2042056351756,3884.128680231862,2184.5561399484072,0.8,8.0,100.0,96,140,3
G3_Onmem_plus,$\mathrm{IDP}_{50}$-Mem,Cter_corresponding_BB_contact_survival,corresponding_nac_bb,Any 1 corresponding C-ter BB,chain_pair,last_40,largest_cluster,15000.0,0.007483732621324399,0.0020415886665745915,1181.2042056351756,3884.128680231862,2184.5561399484072,0.8,8.0,100.0,96,140,3
G3_Onmem_plus,$\mathrm{IDP}_{50}$-Mem,Cter_corresponding_BB_contact_survival,corresponding_nac_bb,Any 1 corresponding C-ter BB,chain_pair,last_40,largest_cluster,16000.0,0.006354437034667614,0.0016986260414776151,1181.2042056351756,3884.128680231862,2184.5561399484072,0.8,8.0,100.0,96,140,3
G3_Onmem_plus,$\mathrm{IDP}_{50}$-Mem,Cter_corresponding_BB_contact_survival,corresponding_nac_bb,Any 1 corresponding C-ter BB,chain_pair,last_40,largest_cluster,17000.0,0.005432609416601075,0.0013869838890528759,1181.2042056351756,3884.128680231862,2184.5561399484072,0.8,8.0,100.0,96,140,3
G3_Onmem_plus,$\mathrm{IDP}_{50}$-Mem,Cter_corresponding_BB_contact_survival,corresponding_nac_bb,Any 1 corresponding C-ter BB,chain_pair,last_40,largest_cluster,18000.0,0.004588685980829379,0.0012060926985106564,1181.2042056351756,3884.128680231862,2184.5561399484072,0.8,8.0,100.0,96,140,3
G3_Onmem_plus,$\mathrm{IDP}_{50}$-Mem,Cter_corresponding_BB_contact_survival,corresponding_nac_bb,Any 1 corresponding C-ter BB,chain_pair,last_40,largest_cluster,19000.0,0.00408578456476462,0.00123935995315695,1181.2042056351756,3884.128680231862,2184.5561399484072,0.8,8.0,100.0,96,140,3
G3_Onmem_plus,$\mathrm{IDP}_{50}$-Mem,Cter_corresponding_BB_contact_survival,corresponding_nac_bb,Any 1 corresponding C-ter BB,chain_pair,last_40,largest_cluster,20000.0,0.003778351403414173,0.0012165168722917995,1181.2042056351756,3884.128680231862,2184.5561399484072,0.8,8.0,100.0,96,140,3
G3_Onmem_plus,$\mathrm{IDP}_{50}$-Mem,Cter_corresponding_BB_contact_survival,corresponding_nac_bb,Any 1 corresponding C-ter BB,chain_pair,last_40,largest_cluster,21000.0,0.0033466750585744855,0.001355590588080626,1181.2042056351756,3884.128680231862,2184.5561399484072,0.8,8.0,100.0,96,140,3
G3_Onmem_plus,$\mathrm{IDP}_{50}$-Mem,Cter_corresponding_BB_contact_survival,corresponding_nac_bb,Any 1 corresponding C-ter BB,chain_pair,last_40,largest_cluster,22000.0,0.0027756521938271396,0.0013385318997277405,1181.2042056351756,3884.128680231862,2184.5561399484072,0.8,8.0,100.0,96,140,3
G3_Onmem_plus,$\mathrm{IDP}_{50}$-Mem,Cter_corresponding_BB_contact_survival,corresponding_nac_bb,Any 1 corresponding C-ter BB,chain_pair,last_40,largest_cluster,23000.0,0.002441309285189973,0.00111587269613937,1181.2042056351756,3884.128680231862,2184.5561399484072,0.8,8.0,100.0,96,140,3
G3_Onmem_plus,$\mathrm{IDP}_{50}$-Mem,Cter_corresponding_BB_contact_survival,corresponding_nac_bb,Any 1 corresponding C-ter BB,chain_pair,last_40,largest_cluster,24000.0,0.0020642028638856967,0.0010248482931473242,1181.2042056351756,3884.128680231862,2184.5561399484072,0.8,8.0,100.0,96,140,3
G3_Onmem_plus,$\mathrm{IDP}_{50}$-Mem,Cter_corresponding_BB_contact_survival,corresponding_nac_bb,Any 1 corresponding C-ter BB,chain_pair,last_40,largest_cluster,25000.0,0.0017639206795898239,0.0008210434107061305,1181.2042056351756,3884.128680231862,2184.5561399484072,0.8,8.0,100.0,96,140,3
G3_Onmem_plus,$\mathrm{IDP}_{50}$-Mem,Cter_corresponding_BB_contact_survival,corresponding_nac_bb,Any 1 corresponding C-ter BB,chain_pair,last_40,largest_cluster,26000.0,0.0015023546534489705,0.0007238692995773533,1181.2042056351756,3884.128680231862,2184.5561399484072,0.8,8.0,100.0,96,140,3
G3_Onmem_plus,$\mathrm{IDP}_{50}$-Mem,Cter_corresponding_BB_contact_survival,corresponding_nac_bb,Any 1 corresponding C-ter BB,chain_pair,last_40,largest_cluster,27000.0,0.001315589187060476,0.0006357878354368268,1181.2042056351756,3884.128680231862,2184.5561399484072,0.8,8.0,100.0,96,140,3
G3_Onmem_plus,$\mathrm{IDP}_{50}$-Mem,Cter_corresponding_BB_contact_survival,corresponding_nac_bb,Any 1 corresponding C-ter BB,chain_pair,last_40,largest_cluster,28000.0,0.0011323992091992687,0.0004584573041665976,1181.2042056351756,3884.128680231862,2184.5561399484072,0.8,8.0,100.0,96,140,3
G3_Onmem_plus,$\mathrm{IDP}_{50}$-Mem,Cter_corresponding_BB_contact_survival,corresponding_nac_bb,Any 1 corresponding C-ter BB,chain_pair,last_40,largest_cluster,29000.0,0.0009812462784233097,0.00041865373293044095,1181.2042056351756,3884.128680231862,2184.5561399484072,0.8,8.0,100.0,96,140,3
G3_Onmem_plus,$\mathrm{IDP}_{50}$-Mem,Cter_corresponding_BB_contact_survival,corresponding_nac_bb,Any 1 corresponding C-ter BB,chain_pair,last_40,largest_cluster,30000.0,0.0009812462784233097,0.00041865373293044095,1181.2042056351756,3884.128680231862,2184.5561399484072,0.8,8.0,100.0,96,140,3
G3_Onmem_plus,$\mathrm{IDP}_{50}$-Mem,Cter_corresponding_BB_contact_survival,corresponding_nac_bb,Any 1 corresponding C-ter BB,chain_pair,last_40,largest_cluster,31000.0,0.0008336688361746379,0.00028821274124907616,1181.2042056351756,3884.128680231862,2184.5561399484072,0.8,8.0,100.0,96,140,3
G3_Onmem_plus,$\mathrm{IDP}_{50}$-Mem,Cter_corresponding_BB_contact_survival,corresponding_nac_bb,Any 1 corresponding C-ter BB,chain_pair,last_40,largest_cluster,32000.0,0.0007161047637551692,0.0004428969680805966,1181.2042056351756,3884.128680231862,2184.5561399484072,0.8,8.0,100.0,96,140,3
G3_Onmem_plus,$\mathrm{IDP}_{50}$-Mem,Cter_corresponding_BB_contact_survival,corresponding_nac_bb,Any 1 corresponding C-ter BB,chain_pair,last_40,largest_cluster,33000.0,0.0006753649283441042,0.00043372380288276646,1181.2042056351756,3884.128680231862,2184.5561399484072,0.8,8.0,100.0,96,140,3
G3_Onmem_plus,$\mathrm{IDP}_{50}$-Mem,Cter_corresponding_BB_contact_survival,corresponding_nac_bb,Any 1 corresponding C-ter BB,chain_pair,last_40,largest_cluster,34000.0,0.0006753649283441042,0.00043372380288276646,1181.2042056351756,3884.128680231862,2184.5561399484072,0.8,8.0,100.0,96,140,3
G3_Onmem_plus,$\mathrm{IDP}_{50}$-Mem,Cter_corresponding_BB_contact_survival,corresponding_nac_bb,Any 1 corresponding C-ter BB,chain_pair,last_40,largest_cluster,35000.0,0.000604139857119033,0.0003564531295051655,1181.2042056351756,3884.128680231862,2184.5561399484072,0.8,8.0,100.0,96,140,3
G3_Onmem_plus,$\mathrm{IDP}_{50}$-Mem,Cter_corresponding_BB_contact_survival,corresponding_nac_bb,Any 1 corresponding C-ter BB,chain_pair,last_40,largest_cluster,36000.0,0.000604139857119033,0.0003564531295051655,1181.2042056351756,3884.128680231862,2184.5561399484072,0.8,8.0,100.0,96,140,3
G3_Onmem_plus,$\mathrm{IDP}_{50}$-Mem,Cter_corresponding_BB_contact_survival,corresponding_nac_bb,Any 1 corresponding C-ter BB,chain_pair,last_40,largest_cluster,37000.0,0.0005634000217079681,0.00034619790263043363,1181.2042056351756,3884.128680231862,2184.5561399484072,0.8,8.0,100.0,96,140,3
G3_Onmem_plus,$\mathrm{IDP}_{50}$-Mem,Cter_corresponding_BB_contact_survival,corresponding_nac_bb,Any 1 corresponding C-ter BB,chain_pair,last_40,largest_cluster,38000.0,0.0004870476506843675,0.0003009376144103135,1181.2042056351756,3884.128680231862,2184.5561399484072,0.8,8.0,100.0,96,140,3
G3_Onmem_plus,$\mathrm{IDP}_{50}$-Mem,Cter_corresponding_BB_contact_survival,corresponding_nac_bb,Any 1 corresponding C-ter BB,chain_pair,last_40,largest_cluster,39000.0,0.00041582257945929624,0.00021985726739092256,1181.2042056351756,3884.128680231862,2184.5561399484072,0.8,8.0,100.0,96,140,3
G3_Onmem_plus,$\mathrm{IDP}_{50}$-Mem,Cter_corresponding_BB_contact_survival,corresponding_nac_bb,Any 1 corresponding C-ter BB,chain_pair,last_40,largest_cluster,40000.0,0.00030385767282316013,0.0001340394372500081,1181.2042056351756,3884.128680231862,2184.5561399484072,0.8,8.0,100.0,96,140,3
G3_Onmem_plus,$\mathrm{IDP}_{50}$-Mem,Cter_corresponding_BB_contact_survival,corresponding_nac_bb,Any 1 corresponding C-ter BB,chain_pair,last_40,largest_cluster,41000.0,0.00030385767282316013,0.0001340394372500081,1181.2042056351756,3884.128680231862,2184.5561399484072,0.8,8.0,100.0,96,140,3
G3_Onmem_plus,$\mathrm{IDP}_{50}$-Mem,Cter_corresponding_BB_contact_survival,corresponding_nac_bb,Any 1 corresponding C-ter BB,chain_pair,last_40,largest_cluster,42000.0,0.00030385767282316013,0.0001340394372500081,1181.2042056351756,3884.128680231862,2184.5561399484072,0.8,8.0,100.0,96,140,3
G3_Onmem_plus,$\mathrm{IDP}_{50}$-Mem,Cter_corresponding_BB_contact_survival,corresponding_nac_bb,Any 1 corresponding C-ter BB,chain_pair,last_40,largest_cluster,43000.0,0.00030385767282316013,0.0001340394372500081,1181.2042056351756,3884.128680231862,2184.5561399484072,0.8,8.0,100.0,96,140,3
G3_Onmem_plus,$\mathrm{IDP}_{50}$-Mem,Cter_corresponding_BB_contact_survival,corresponding_nac_bb,Any 1 corresponding C-ter BB,chain_pair,last_40,largest_cluster,44000.0,0.00026311783741209523,0.00012715756708736532,1181.2042056351756,3884.128680231862,2184.5561399484072,0.8,8.0,100.0,96,140,3
G3_Onmem_plus,$\mathrm{IDP}_{50}$-Mem,Cter_corresponding_BB_contact_survival,corresponding_nac_bb,Any 1 corresponding C-ter BB,chain_pair,last_40,largest_cluster,45000.0,0.00026311783741209523,0.00012715756708736532,1181.2042056351756,3884.128680231862,2184.5561399484072,0.8,8.0,100.0,96,140,3
G3_Onmem_plus,$\mathrm{IDP}_{50}$-Mem,Cter_corresponding_BB_contact_survival,corresponding_nac_bb,Any 1 corresponding C-ter BB,chain_pair,last_40,largest_cluster,46000.0,0.00022392981327227232,0.00017506678226291474,1181.2042056351756,3884.128680231862,2184.5561399484072,0.8,8.0,100.0,96,140,3
G3_Onmem_plus,$\mathrm{IDP}_{50}$-Mem,Cter_corresponding_BB_contact_survival,corresponding_nac_bb,Any 1 corresponding C-ter BB,chain_pair,last_40,largest_cluster,47000.0,0.00014245014245014244,0.00020145492341497082,1181.2042056351756,3884.128680231862,2184.5561399484072,0.8,8.0,100.0,96,140,3
G3_Onmem_plus,$\mathrm{IDP}_{50}$-Mem,Cter_corresponding_BB_contact_survival,corresponding_nac_bb,Any 1 corresponding C-ter BB,chain_pair,last_40,largest_cluster,48000.0,0.00014245014245014244,0.00020145492341497082,1181.2042056351756,3884.128680231862,2184.5561399484072,0.8,8.0,100.0,96,140,3
G3_Onmem_plus,$\mathrm{IDP}_{50}$-Mem,Cter_corresponding_BB_contact_survival,corresponding_nac_bb,Any 1 corresponding C-ter BB,chain_pair,last_40,largest_cluster,49000.0,0.00014245014245014244,0.00020145492341497082,1181.2042056351756,3884.128680231862,2184.5561399484072,0.8,8.0,100.0,96,140,3
G3_Onmem_plus,$\mathrm{IDP}_{50}$-Mem,Cter_corresponding_BB_contact_survival,corresponding_nac_bb,Any 1 corresponding C-ter BB,chain_pair,last_40,largest_cluster,50000.0,0.00014245014245014244,0.00020145492341497082,1181.2042056351756,3884.128680231862,2184.5561399484072,0.8,8.0,100.0,96,140,3
G3_Onmem_plus,$\mathrm{IDP}_{50}$-Mem,Cter_corresponding_BB_contact_survival,corresponding_nac_bb,Any 1 corresponding C-ter BB,chain_pair,last_40,largest_cluster,51000.0,0.00014245014245014244,0.00020145492341497082,1181.2042056351756,3884.128680231862,2184.5561399484072,0.8,8.0,100.0,96,140,3
G3_Onmem_plus,$\mathrm{IDP}_{50}$-Mem,Cter_corresponding_BB_contact_survival,corresponding_nac_bb,Any 1 corresponding C-ter BB,chain_pair,last_40,largest_cluster,52000.0,0.00014245014245014244,0.00020145492341497082,1181.2042056351756,3884.128680231862,2184.5561399484072,0.8,8.0,100.0,96,140,3
G3_Onmem_plus,$\mathrm{IDP}_{50}$-Mem,Cter_corresponding_BB_contact_survival,corresponding_nac_bb,Any 1 corresponding C-ter BB,chain_pair,last_40,largest_cluster,53000.0,0.00010683760683760684,0.00015109119256122812,1181.2042056351756,3884.128680231862,2184.5561399484072,0.8,8.0,100.0,96,140,3
G3_Onmem_plus,$\mathrm{IDP}_{50}$-Mem,Cter_corresponding_BB_contact_survival,corresponding_nac_bb,Any 1 corresponding C-ter BB,chain_pair,last_40,largest_cluster,54000.0,7.122507122507122e-05,0.00010072746170748541,1181.2042056351756,3884.128680231862,2184.5561399484072,0.8,8.0,100.0,96,140,3
G3_Onmem_plus,$\mathrm{IDP}_{50}$-Mem,Cter_corresponding_BB_contact_survival,corresponding_nac_bb,Any 1 corresponding C-ter BB,chain_pair,last_40,largest_cluster,55000.0,3.561253561253561e-05,5.0363730853742704e-05,1181.2042056351756,3884.128680231862,2184.5561399484072,0.8,8.0,100.0,96,140,3
G3_Onmem_plus,$\mathrm{IDP}_{50}$-Mem,Cter_corresponding_BB_contact_survival,corresponding_nac_bb,Any 1 corresponding C-ter BB,chain_pair,last_40,largest_cluster,56000.0,3.561253561253561e-05,5.0363730853742704e-05,1181.2042056351756,3884.128680231862,2184.5561399484072,0.8,8.0,100.0,96,140,3
G3_Onmem_plus,$\mathrm{IDP}_{50}$-Mem,Cter_corresponding_BB_contact_survival,corresponding_nac_bb,Any 1 corresponding C-ter BB,chain_pair,last_40,largest_cluster,57000.0,3.561253561253561e-05,5.0363730853742704e-05,1181.2042056351756,3884.128680231862,2184.5561399484072,0.8,8.0,100.0,96,140,3
G3_Onmem_plus,$\mathrm{IDP}_{50}$-Mem,Cter_corresponding_BB_contact_survival,corresponding_nac_bb,Any 1 corresponding C-ter BB,chain_pair,last_40,largest_cluster,58000.0,3.561253561253561e-05,5.0363730853742704e-05,1181.2042056351756,3884.128680231862,2184.5561399484072,0.8,8.0,100.0,96,140,3
G3_Onmem_plus,$\mathrm{IDP}_{50}$-Mem,Cter_corresponding_BB_contact_survival,corresponding_nac_bb,Any 1 corresponding C-ter BB,chain_pair,last_40,largest_cluster,59000.0,3.561253561253561e-05,5.0363730853742704e-05,1181.2042056351756,3884.128680231862,2184.5561399484072,0.8,8.0,100.0,96,140,3
G3_Onmem_plus,$\mathrm{IDP}_{50}$-Mem,Cter_corresponding_BB_contact_survival,corresponding_nac_bb,Any 1 corresponding C-ter BB,chain_pair,last_40,largest_cluster,60000.0,3.561253561253561e-05,5.0363730853742704e-05,1181.2042056351756,3884.128680231862,2184.5561399484072,0.8,8.0,100.0,96,140,3
G3_Onmem_plus,$\mathrm{IDP}_{50}$-Mem,Cter_corresponding_BB_contact_survival,corresponding_nac_bb,Any 1 corresponding C-ter BB,chain_pair,last_40,largest_cluster,61000.0,3.561253561253561e-05,5.0363730853742704e-05,1181.2042056351756,3884.128680231862,2184.5561399484072,0.8,8.0,100.0,96,140,3
G3_Onmem_plus,$\mathrm{IDP}_{50}$-Mem,Cter_corresponding_BB_contact_survival,corresponding_nac_bb,Any 1 corresponding C-ter BB,chain_pair,last_40,largest_cluster,62000.0,3.561253561253561e-05,5.0363730853742704e-05,1181.2042056351756,3884.128680231862,2184.5561399484072,0.8,8.0,100.0,96,140,3
G3_Onmem_plus,$\mathrm{IDP}_{50}$-Mem,Cter_corresponding_BB_contact_survival,corresponding_nac_bb,Any 1 corresponding C-ter BB,chain_pair,last_40,largest_cluster,63000.0,3.561253561253561e-05,5.0363730853742704e-05,1181.2042056351756,3884.128680231862,2184.5561399484072,0.8,8.0,100.0,96,140,3
G3_Onmem_plus,$\mathrm{IDP}_{50}$-Mem,Cter_corresponding_BB_contact_survival,corresponding_nac_bb,Any 1 corresponding C-ter BB,chain_pair,last_40,largest_cluster,64000.0,3.561253561253561e-05,5.0363730853742704e-05,1181.2042056351756,3884.128680231862,2184.5561399484072,0.8,8.0,100.0,96,140,3
G3_Onmem_plus,$\mathrm{IDP}_{50}$-Mem,Cter_corresponding_BB_contact_survival,corresponding_nac_bb,Any 1 corresponding C-ter BB,chain_pair,last_40,largest_cluster,65000.0,3.561253561253561e-05,5.0363730853742704e-05,1181.2042056351756,3884.128680231862,2184.5561399484072,0.8,8.0,100.0,96,140,3
G3_Onmem_plus,$\mathrm{IDP}_{50}$-Mem,Cter_corresponding_BB_contact_survival,corresponding_nac_bb,Any 1 corresponding C-ter BB,chain_pair,last_40,largest_cluster,66000.0,3.561253561253561e-05,5.0363730853742704e-05,1181.2042056351756,3884.128680231862,2184.5561399484072,0.8,8.0,100.0,96,140,3
G3_Onmem_plus,$\mathrm{IDP}_{50}$-Mem,Cter_corresponding_BB_contact_survival,corresponding_nac_bb,Any 1 corresponding C-ter BB,chain_pair,last_40,largest_cluster,67000.0,3.561253561253561e-05,5.0363730853742704e-05,1181.2042056351756,3884.128680231862,2184.5561399484072,0.8,8.0,100.0,96,140,3
G3_Onmem_plus,$\mathrm{IDP}_{50}$-Mem,Cter_corresponding_BB_contact_survival,corresponding_nac_bb,Any 1 corresponding C-ter BB,chain_pair,last_40,largest_cluster,68000.0,3.561253561253561e-05,5.0363730853742704e-05,1181.2042056351756,3884.128680231862,2184.5561399484072,0.8,8.0,100.0,96,140,3
G4_Onmem_wall,$\mathrm{Hel}_{10}\mathrm{IDP}_{40}$-Mem,Cter_corresponding_BB_contact_survival,corresponding_nac_bb,Any 1 corresponding C-ter BB,chain_pair,all,largest_cluster,0.0,1.0,0.0,1182.3747028009043,3963.971567065484,2207.319385353525,0.8,8.0,100.0,96,140,3
G4_Onmem_wall,$\mathrm{Hel}_{10}\mathrm{IDP}_{40}$-Mem,Cter_corresponding_BB_contact_survival,corresponding_nac_bb,Any 1 corresponding C-ter BB,chain_pair,all,largest_cluster,1000.0,0.4005283821757865,0.0019926759642674065,1182.3747028009043,3963.971567065484,2207.319385353525,0.8,8.0,100.0,96,140,3
G4_Onmem_wall,$\mathrm{Hel}_{10}\mathrm{IDP}_{40}$-Mem,Cter_corresponding_BB_contact_survival,corresponding_nac_bb,Any 1 corresponding C-ter BB,chain_pair,all,largest_cluster,2000.0,0.22150716649771887,0.00048420023753252913,1182.3747028009043,3963.971567065484,2207.319385353525,0.8,8.0,100.0,96,140,3
G4_Onmem_wall,$\mathrm{Hel}_{10}\mathrm{IDP}_{40}$-Mem,Cter_corresponding_BB_contact_survival,corresponding_nac_bb,Any 1 corresponding C-ter BB,chain_pair,all,largest_cluster,3000.0,0.14354988162501103,0.0005132783535408453,1182.3747028009043,3963.971567065484,2207.319385353525,0.8,8.0,100.0,96,140,3
G4_Onmem_wall,$\mathrm{Hel}_{10}\mathrm{IDP}_{40}$-Mem,Cter_corresponding_BB_contact_survival,corresponding_nac_bb,Any 1 corresponding C-ter BB,chain_pair,all,largest_cluster,4000.0,0.09837232337234879,0.0019330072331899045,1182.3747028009043,3963.971567065484,2207.319385353525,0.8,8.0,100.0,96,140,3
G4_Onmem_wall,$\mathrm{Hel}_{10}\mathrm{IDP}_{40}$-Mem,Cter_corresponding_BB_contact_survival,corresponding_nac_bb,Any 1 corresponding C-ter BB,chain_pair,all,largest_cluster,5000.0,0.07081828509651918,0.001411448749799268,1182.3747028009043,3963.971567065484,2207.319385353525,0.8,8.0,100.0,96,140,3
G4_Onmem_wall,$\mathrm{Hel}_{10}\mathrm{IDP}_{40}$-Mem,Cter_corresponding_BB_contact_survival,corresponding_nac_bb,Any 1 corresponding C-ter BB,chain_pair,all,largest_cluster,6000.0,0.05231012362792916,0.001523185079605995,1182.3747028009043,3963.971567065484,2207.319385353525,0.8,8.0,100.0,96,140,3
G4_Onmem_wall,$\mathrm{Hel}_{10}\mathrm{IDP}_{40}$-Mem,Cter_corresponding_BB_contact_survival,corresponding_nac_bb,Any 1 corresponding C-ter BB,chain_pair,all,largest_cluster,7000.0,0.04007795481446222,0.0019469783550216287,1182.3747028009043,3963.971567065484,2207.319385353525,0.8,8.0,100.0,96,140,3
G4_Onmem_wall,$\mathrm{Hel}_{10}\mathrm{IDP}_{40}$-Mem,Cter_corresponding_BB_contact_survival,corresponding_nac_bb,Any 1 corresponding C-ter BB,chain_pair,all,largest_cluster,8000.0,0.031090367321082234,0.0018327779521238288,1182.3747028009043,3963.971567065484,2207.319385353525,0.8,8.0,100.0,96,140,3
G4_Onmem_wall,$\mathrm{Hel}_{10}\mathrm{IDP}_{40}$-Mem,Cter_corresponding_BB_contact_survival,corresponding_nac_bb,Any 1 corresponding C-ter BB,chain_pair,all,largest_cluster,9000.0,0.0241089505604459,0.0012001926507772846,1182.3747028009043,3963.971567065484,2207.319385353525,0.8,8.0,100.0,96,140,3
G4_Onmem_wall,$\mathrm{Hel}_{10}\mathrm{IDP}_{40}$-Mem,Cter_corresponding_BB_contact_survival,corresponding_nac_bb,Any 1 corresponding C-ter BB,chain_pair,all,largest_cluster,10000.0,0.019382533970860136,0.0013670486938937058,1182.3747028009043,3963.971567065484,2207.319385353525,0.8,8.0,100.0,96,140,3
G4_Onmem_wall,$\mathrm{Hel}_{10}\mathrm{IDP}_{40}$-Mem,Cter_corresponding_BB_contact_survival,corresponding_nac_bb,Any 1 corresponding C-ter BB,chain_pair,all,largest_cluster,11000.0,0.015326723509927198,0.0005674226455344277,1182.3747028009043,3963.971567065484,2207.319385353525,0.8,8.0,100.0,96,140,3
G4_Onmem_wall,$\mathrm{Hel}_{10}\mathrm{IDP}_{40}$-Mem,Cter_corresponding_BB_contact_survival,corresponding_nac_bb,Any 1 corresponding C-ter BB,chain_pair,all,largest_cluster,12000.0,0.01251607616941242,0.00039057188213111743,1182.3747028009043,3963.971567065484,2207.319385353525,0.8,8.0,100.0,96,140,3
G4_Onmem_wall,$\mathrm{Hel}_{10}\mathrm{IDP}_{40}$-Mem,Cter_corresponding_BB_contact_survival,corresponding_nac_bb,Any 1 corresponding C-ter BB,chain_pair,all,largest_cluster,13000.0,0.010707439226196628,0.0005190199494085386,1182.3747028009043,3963.971567065484,2207.319385353525,0.8,8.0,100.0,96,140,3
G4_Onmem_wall,$\mathrm{Hel}_{10}\mathrm{IDP}_{40}$-Mem,Cter_corresponding_BB_contact_survival,corresponding_nac_bb,Any 1 corresponding C-ter BB,chain_pair,all,largest_cluster,14000.0,0.009043990272558316,0.0006135859886896919,1182.3747028009043,3963.971567065484,2207.319385353525,0.8,8.0,100.0,96,140,3
G4_Onmem_wall,$\mathrm{Hel}_{10}\mathrm{IDP}_{40}$-Mem,Cter_corresponding_BB_contact_survival,corresponding_nac_bb,Any 1 corresponding C-ter BB,chain_pair,all,largest_cluster,15000.0,0.007598861212229789,0.0006704960234247952,1182.3747028009043,3963.971567065484,2207.319385353525,0.8,8.0,100.0,96,140,3
G4_Onmem_wall,$\mathrm{Hel}_{10}\mathrm{IDP}_{40}$-Mem,Cter_corresponding_BB_contact_survival,corresponding_nac_bb,Any 1 corresponding C-ter BB,chain_pair,all,largest_cluster,16000.0,0.006484315450552762,0.0009465356629674916,1182.3747028009043,3963.971567065484,2207.319385353525,0.8,8.0,100.0,96,140,3
G4_Onmem_wall,$\mathrm{Hel}_{10}\mathrm{IDP}_{40}$-Mem,Cter_corresponding_BB_contact_survival,corresponding_nac_bb,Any 1 corresponding C-ter BB,chain_pair,all,largest_cluster,17000.0,0.005487973212869583,0.0007370898188082526,1182.3747028009043,3963.971567065484,2207.319385353525,0.8,8.0,100.0,96,140,3
G4_Onmem_wall,$\mathrm{Hel}_{10}\mathrm{IDP}_{40}$-Mem,Cter_corresponding_BB_contact_survival,corresponding_nac_bb,Any 1 corresponding C-ter BB,chain_pair,all,largest_cluster,18000.0,0.004803058159216249,0.00034781519366621844,1182.3747028009043,3963.971567065484,2207.319385353525,0.8,8.0,100.0,96,140,3
G4_Onmem_wall,$\mathrm{Hel}_{10}\mathrm{IDP}_{40}$-Mem,Cter_corresponding_BB_contact_survival,corresponding_nac_bb,Any 1 corresponding C-ter BB,chain_pair,all,largest_cluster,19000.0,0.004013973152276133,0.0002992712704005616,1182.3747028009043,3963.971567065484,2207.319385353525,0.8,8.0,100.0,96,140,3
G4_Onmem_wall,$\mathrm{Hel}_{10}\mathrm{IDP}_{40}$-Mem,Cter_corresponding_BB_contact_survival,corresponding_nac_bb,Any 1 corresponding C-ter BB,chain_pair,all,largest_cluster,20000.0,0.0033134030943273926,0.00045681990191587073,1182.3747028009043,3963.971567065484,2207.319385353525,0.8,8.0,100.0,96,140,3
G4_Onmem_wall,$\mathrm{Hel}_{10}\mathrm{IDP}_{40}$-Mem,Cter_corresponding_BB_contact_survival,corresponding_nac_bb,Any 1 corresponding C-ter BB,chain_pair,all,largest_cluster,21000.0,0.002911574426624882,0.0002905960196500483,1182.3747028009043,3963.971567065484,2207.319385353525,0.8,8.0,100.0,96,140,3
G4_Onmem_wall,$\mathrm{Hel}_{10}\mathrm{IDP}_{40}$-Mem,Cter_corresponding_BB_contact_survival,corresponding_nac_bb,Any 1 corresponding C-ter BB,chain_pair,all,largest_cluster,22000.0,0.002421230809930996,0.0001256676953627825,1182.3747028009043,3963.971567065484,2207.319385353525,0.8,8.0,100.0,96,140,3
G4_Onmem_wall,$\mathrm{Hel}_{10}\mathrm{IDP}_{40}$-Mem,Cter_corresponding_BB_contact_survival,corresponding_nac_bb,Any 1 corresponding C-ter BB,chain_pair,all,largest_cluster,23000.0,0.0021497458443047322,4.2943002149106406e-05,1182.3747028009043,3963.971567065484,2207.319385353525,0.8,8.0,100.0,96,140,3
G4_Onmem_wall,$\mathrm{Hel}_{10}\mathrm{IDP}_{40}$-Mem,Cter_corresponding_BB_contact_survival,corresponding_nac_bb,Any 1 corresponding C-ter BB,chain_pair,all,largest_cluster,24000.0,0.001910374746120069,6.207804558740764e-05,1182.3747028009043,3963.971567065484,2207.319385353525,0.8,8.0,100.0,96,140,3
G4_Onmem_wall,$\mathrm{Hel}_{10}\mathrm{IDP}_{40}$-Mem,Cter_corresponding_BB_contact_survival,corresponding_nac_bb,Any 1 corresponding C-ter BB,chain_pair,all,largest_cluster,25000.0,0.0016313350861967106,6.413328670900653e-05,1182.3747028009043,3963.971567065484,2207.319385353525,0.8,8.0,100.0,96,140,3
G4_Onmem_wall,$\mathrm{Hel}_{10}\mathrm{IDP}_{40}$-Mem,Cter_corresponding_BB_contact_survival,corresponding_nac_bb,Any 1 corresponding C-ter BB,chain_pair,all,largest_cluster,26000.0,0.0013606608373646159,0.00010071914900392847,1182.3747028009043,3963.971567065484,2207.319385353525,0.8,8.0,100.0,96,140,3
G4_Onmem_wall,$\mathrm{Hel}_{10}\mathrm{IDP}_{40}$-Mem,Cter_corresponding_BB_contact_survival,corresponding_nac_bb,Any 1 corresponding C-ter BB,chain_pair,all,largest_cluster,27000.0,0.0011326260584115608,0.00028121784590069227,1182.3747028009043,3963.971567065484,2207.319385353525,0.8,8.0,100.0,96,140,3
G4_Onmem_wall,$\mathrm{Hel}_{10}\mathrm{IDP}_{40}$-Mem,Cter_corresponding_BB_contact_survival,corresponding_nac_bb,Any 1 corresponding C-ter BB,chain_pair,all,largest_cluster,28000.0,0.0010481578354476506,0.0002204259148004585,1182.3747028009043,3963.971567065484,2207.319385353525,0.8,8.0,100.0,96,140,3
G4_Onmem_wall,$\mathrm{Hel}_{10}\mathrm{IDP}_{40}$-Mem,Cter_corresponding_BB_contact_survival,corresponding_nac_bb,Any 1 corresponding C-ter BB,chain_pair,all,largest_cluster,29000.0,0.0009170034165772353,0.00029375959271592657,1182.3747028009043,3963.971567065484,2207.319385353525,0.8,8.0,100.0,96,140,3
G4_Onmem_wall,$\mathrm{Hel}_{10}\mathrm{IDP}_{40}$-Mem,Cter_corresponding_BB_contact_survival,corresponding_nac_bb,Any 1 corresponding C-ter BB,chain_pair,all,largest_cluster,30000.0,0.0008695065038765607,0.0002638756370319412,1182.3747028009043,3963.971567065484,2207.319385353525,0.8,8.0,100.0,96,140,3
G4_Onmem_wall,$\mathrm{Hel}_{10}\mathrm{IDP}_{40}$-Mem,Cter_corresponding_BB_contact_survival,corresponding_nac_bb,Any 1 corresponding C-ter BB,chain_pair,all,largest_cluster,31000.0,0.00074320952782778,0.0002658470011802183,1182.3747028009043,3963.971567065484,2207.319385353525,0.8,8.0,100.0,96,140,3
G4_Onmem_wall,$\mathrm{Hel}_{10}\mathrm{IDP}_{40}$-Mem,Cter_corresponding_BB_contact_survival,corresponding_nac_bb,Any 1 corresponding C-ter BB,chain_pair,all,largest_cluster,32000.0,0.0006587413048638697,0.00021198486977612154,1182.3747028009043,3963.971567065484,2207.319385353525,0.8,8.0,100.0,96,140,3
G4_Onmem_wall,$\mathrm{Hel}_{10}\mathrm{IDP}_{40}$-Mem,Cter_corresponding_BB_contact_survival,corresponding_nac_bb,Any 1 corresponding C-ter BB,chain_pair,all,largest_cluster,33000.0,0.0005373017716367238,0.00012023282776536406,1182.3747028009043,3963.971567065484,2207.319385353525,0.8,8.0,100.0,96,140,3
G4_Onmem_wall,$\mathrm{Hel}_{10}\mathrm{IDP}_{40}$-Mem,Cter_corresponding_BB_contact_survival,corresponding_nac_bb,Any 1 corresponding C-ter BB,chain_pair,all,largest_cluster,34000.0,0.00041586223840957786,2.863507200203153e-05,1182.3747028009043,3963.971567065484,2207.319385353525,0.8,8.0,100.0,96,140,3
G4_Onmem_wall,$\mathrm{Hel}_{10}\mathrm{IDP}_{40}$-Mem,Cter_corresponding_BB_contact_survival,corresponding_nac_bb,Any 1 corresponding C-ter BB,chain_pair,all,largest_cluster,35000.0,0.0003788909281463421,3.8711752967287366e-05,1182.3747028009043,3963.971567065484,2207.319385353525,0.8,8.0,100.0,96,140,3
G4_Onmem_wall,$\mathrm{Hel}_{10}\mathrm{IDP}_{40}$-Mem,Cter_corresponding_BB_contact_survival,corresponding_nac_bb,Any 1 corresponding C-ter BB,chain_pair,all,largest_cluster,36000.0,0.0003788909281463421,3.8711752967287366e-05,1182.3747028009043,3963.971567065484,2207.319385353525,0.8,8.0,100.0,96,140,3
G4_Onmem_wall,$\mathrm{Hel}_{10}\mathrm{IDP}_{40}$-Mem,Cter_corresponding_BB_contact_survival,corresponding_nac_bb,Any 1 corresponding C-ter BB,chain_pair,all,largest_cluster,37000.0,0.0003788909281463421,3.8711752967287366e-05,1182.3747028009043,3963.971567065484,2207.319385353525,0.8,8.0,100.0,96,140,3
G4_Onmem_wall,$\mathrm{Hel}_{10}\mathrm{IDP}_{40}$-Mem,Cter_corresponding_BB_contact_survival,corresponding_nac_bb,Any 1 corresponding C-ter BB,chain_pair,all,largest_cluster,38000.0,0.0003370621750614716,7.212043138182659e-05,1182.3747028009043,3963.971567065484,2207.319385353525,0.8,8.0,100.0,96,140,3
G4_Onmem_wall,$\mathrm{Hel}_{10}\mathrm{IDP}_{40}$-Mem,Cter_corresponding_BB_contact_survival,corresponding_nac_bb,Any 1 corresponding C-ter BB,chain_pair,all,largest_cluster,39000.0,0.0003370621750614716,7.212043138182659e-05,1182.3747028009043,3963.971567065484,2207.319385353525,0.8,8.0,100.0,96,140,3
G4_Onmem_wall,$\mathrm{Hel}_{10}\mathrm{IDP}_{40}$-Mem,Cter_corresponding_BB_contact_survival,corresponding_nac_bb,Any 1 corresponding C-ter BB,chain_pair,all,largest_cluster,40000.0,0.0003133137187111344,4.5112495380806164e-05,1182.3747028009043,3963.971567065484,2207.319385353525,0.8,8.0,100.0,96,140,3
G4_Onmem_wall,$\mathrm{Hel}_{10}\mathrm{IDP}_{40}$-Mem,Cter_corresponding_BB_contact_survival,corresponding_nac_bb,Any 1 corresponding C-ter BB,chain_pair,all,largest_cluster,41000.0,0.0002895652623607972,3.3539149845534986e-05,1182.3747028009043,3963.971567065484,2207.319385353525,0.8,8.0,100.0,96,140,3
G4_Onmem_wall,$\mathrm{Hel}_{10}\mathrm{IDP}_{40}$-Mem,Cter_corresponding_BB_contact_survival,corresponding_nac_bb,Any 1 corresponding C-ter BB,chain_pair,all,largest_cluster,42000.0,0.0002895652623607972,3.3539149845534986e-05,1182.3747028009043,3963.971567065484,2207.319385353525,0.8,8.0,100.0,96,140,3
G4_Onmem_wall,$\mathrm{Hel}_{10}\mathrm{IDP}_{40}$-Mem,Cter_corresponding_BB_contact_survival,corresponding_nac_bb,Any 1 corresponding C-ter BB,chain_pair,all,largest_cluster,43000.0,0.0002895652623607972,3.3539149845534986e-05,1182.3747028009043,3963.971567065484,2207.319385353525,0.8,8.0,100.0,96,140,3
G4_Onmem_wall,$\mathrm{Hel}_{10}\mathrm{IDP}_{40}$-Mem,Cter_corresponding_BB_contact_survival,corresponding_nac_bb,Any 1 corresponding C-ter BB,chain_pair,all,largest_cluster,44000.0,0.0002525939520975615,2.580783531152491e-05,1182.3747028009043,3963.971567065484,2207.319385353525,0.8,8.0,100.0,96,140,3
G4_Onmem_wall,$\mathrm{Hel}_{10}\mathrm{IDP}_{40}$-Mem,Cter_corresponding_BB_contact_survival,corresponding_nac_bb,Any 1 corresponding C-ter BB,chain_pair,all,largest_cluster,45000.0,0.0002525939520975615,2.580783531152491e-05,1182.3747028009043,3963.971567065484,2207.319385353525,0.8,8.0,100.0,96,140,3
G4_Onmem_wall,$\mathrm{Hel}_{10}\mathrm{IDP}_{40}$-Mem,Cter_corresponding_BB_contact_survival,corresponding_nac_bb,Any 1 corresponding C-ter BB,chain_pair,all,largest_cluster,46000.0,0.0002525939520975615,2.580783531152491e-05,1182.3747028009043,3963.971567065484,2207.319385353525,0.8,8.0,100.0,96,140,3
G4_Onmem_wall,$\mathrm{Hel}_{10}\mathrm{IDP}_{40}$-Mem,Cter_corresponding_BB_contact_survival,corresponding_nac_bb,Any 1 corresponding C-ter BB,chain_pair,all,largest_cluster,47000.0,0.0002525939520975615,2.580783531152491e-05,1182.3747028009043,3963.971567065484,2207.319385353525,0.8,8.0,100.0,96,140,3
G4_Onmem_wall,$\mathrm{Hel}_{10}\mathrm{IDP}_{40}$-Mem,Cter_corresponding_BB_contact_survival,corresponding_nac_bb,Any 1 corresponding C-ter BB,chain_pair,all,largest_cluster,48000.0,0.0002525939520975615,2.580783531152491e-05,1182.3747028009043,3963.971567065484,2207.319385353525,0.8,8.0,100.0,96,140,3
G4_Onmem_wall,$\mathrm{Hel}_{10}\mathrm{IDP}_{40}$-Mem,Cter_corresponding_BB_contact_survival,corresponding_nac_bb,Any 1 corresponding C-ter BB,chain_pair,all,largest_cluster,49000.0,0.0002525939520975615,2.580783531152491e-05,1182.3747028009043,3963.971567065484,2207.319385353525,0.8,8.0,100.0,96,140,3
G4_Onmem_wall,$\mathrm{Hel}_{10}\mathrm{IDP}_{40}$-Mem,Cter_corresponding_BB_contact_survival,corresponding_nac_bb,Any 1 corresponding C-ter BB,chain_pair,all,largest_cluster,50000.0,0.00021076519901269092,6.55818467501271e-05,1182.3747028009043,3963.971567065484,2207.319385353525,0.8,8.0,100.0,96,140,3
G4_Onmem_wall,$\mathrm{Hel}_{10}\mathrm{IDP}_{40}$-Mem,Cter_corresponding_BB_contact_survival,corresponding_nac_bb,Any 1 corresponding C-ter BB,chain_pair,all,largest_cluster,51000.0,0.0001870167426623537,4.363385087839503e-05,1182.3747028009043,3963.971567065484,2207.319385353525,0.8,8.0,100.0,96,140,3
G4_Onmem_wall,$\mathrm{Hel}_{10}\mathrm{IDP}_{40}$-Mem,Cter_corresponding_BB_contact_survival,corresponding_nac_bb,Any 1 corresponding C-ter BB,chain_pair,all,largest_cluster,52000.0,0.0001870167426623537,4.363385087839503e-05,1182.3747028009043,3963.971567065484,2207.319385353525,0.8,8.0,100.0,96,140,3
G4_Onmem_wall,$\mathrm{Hel}_{10}\mathrm{IDP}_{40}$-Mem,Cter_corresponding_BB_contact_survival,corresponding_nac_bb,Any 1 corresponding C-ter BB,chain_pair,all,largest_cluster,53000.0,0.00015004543239911797,4.542733925130112e-05,1182.3747028009043,3963.971567065484,2207.319385353525,0.8,8.0,100.0,96,140,3
G4_Onmem_wall,$\mathrm{Hel}_{10}\mathrm{IDP}_{40}$-Mem,Cter_corresponding_BB_contact_survival,corresponding_nac_bb,Any 1 corresponding C-ter BB,chain_pair,all,largest_cluster,54000.0,0.00015004543239911797,4.542733925130112e-05,1182.3747028009043,3963.971567065484,2207.319385353525,0.8,8.0,100.0,96,140,3
G4_Onmem_wall,$\mathrm{Hel}_{10}\mathrm{IDP}_{40}$-Mem,Cter_corresponding_BB_contact_survival,corresponding_nac_bb,Any 1 corresponding C-ter BB,chain_pair,all,largest_cluster,55000.0,0.00015004543239911797,4.542733925130112e-05,1182.3747028009043,3963.971567065484,2207.319385353525,0.8,8.0,100.0,96,140,3
G4_Onmem_wall,$\mathrm{Hel}_{10}\mathrm{IDP}_{40}$-Mem,Cter_corresponding_BB_contact_survival,corresponding_nac_bb,Any 1 corresponding C-ter BB,chain_pair,all,largest_cluster,56000.0,0.00015004543239911797,4.542733925130112e-05,1182.3747028009043,3963.971567065484,2207.319385353525,0.8,8.0,100.0,96,140,3
G4_Onmem_wall,$\mathrm{Hel}_{10}\mathrm{IDP}_{40}$-Mem,Cter_corresponding_BB_contact_survival,corresponding_nac_bb,Any 1 corresponding C-ter BB,chain_pair,all,largest_cluster,57000.0,0.00012629697604878075,1.2903917655762455e-05,1182.3747028009043,3963.971567065484,2207.319385353525,0.8,8.0,100.0,96,140,3
G4_Onmem_wall,$\mathrm{Hel}_{10}\mathrm{IDP}_{40}$-Mem,Cter_corresponding_BB_contact_survival,corresponding_nac_bb,Any 1 corresponding C-ter BB,chain_pair,all,largest_cluster,58000.0,0.00010254851969844351,2.2920203890368924e-05,1182.3747028009043,3963.971567065484,2207.319385353525,0.8,8.0,100.0,96,140,3
G4_Onmem_wall,$\mathrm{Hel}_{10}\mathrm{IDP}_{40}$-Mem,Cter_corresponding_BB_contact_survival,corresponding_nac_bb,Any 1 corresponding C-ter BB,chain_pair,all,largest_cluster,59000.0,0.00010254851969844351,2.2920203890368924e-05,1182.3747028009043,3963.971567065484,2207.319385353525,0.8,8.0,100.0,96,140,3
G4_Onmem_wall,$\mathrm{Hel}_{10}\mathrm{IDP}_{40}$-Mem,Cter_corresponding_BB_contact_survival,corresponding_nac_bb,Any 1 corresponding C-ter BB,chain_pair,all,largest_cluster,60000.0,0.00010254851969844351,2.2920203890368924e-05,1182.3747028009043,3963.971567065484,2207.319385353525,0.8,8.0,100.0,96,140,3
G4_Onmem_wall,$\mathrm{Hel}_{10}\mathrm{IDP}_{40}$-Mem,Cter_corresponding_BB_contact_survival,corresponding_nac_bb,Any 1 corresponding C-ter BB,chain_pair,all,largest_cluster,61000.0,0.00010254851969844351,2.2920203890368924e-05,1182.3747028009043,3963.971567065484,2207.319385353525,0.8,8.0,100.0,96,140,3
G4_Onmem_wall,$\mathrm{Hel}_{10}\mathrm{IDP}_{40}$-Mem,Cter_corresponding_BB_contact_survival,corresponding_nac_bb,Any 1 corresponding C-ter BB,chain_pair,all,largest_cluster,62000.0,0.00010254851969844351,2.2920203890368924e-05,1182.3747028009043,3963.971567065484,2207.319385353525,0.8,8.0,100.0,96,140,3
G4_Onmem_wall,$\mathrm{Hel}_{10}\mathrm{IDP}_{40}$-Mem,Cter_corresponding_BB_contact_survival,corresponding_nac_bb,Any 1 corresponding C-ter BB,chain_pair,all,largest_cluster,63000.0,0.00010254851969844351,2.2920203890368924e-05,1182.3747028009043,3963.971567065484,2207.319385353525,0.8,8.0,100.0,96,140,3
G4_Onmem_wall,$\mathrm{Hel}_{10}\mathrm{IDP}_{40}$-Mem,Cter_corresponding_BB_contact_survival,corresponding_nac_bb,Any 1 corresponding C-ter BB,chain_pair,all,largest_cluster,64000.0,6.557720943520777e-05,5.13860963069556e-05,1182.3747028009043,3963.971567065484,2207.319385353525,0.8,8.0,100.0,96,140,3
G4_Onmem_wall,$\mathrm{Hel}_{10}\mathrm{IDP}_{40}$-Mem,Cter_corresponding_BB_contact_survival,corresponding_nac_bb,Any 1 corresponding C-ter BB,chain_pair,all,largest_cluster,65000.0,6.557720943520777e-05,5.13860963069556e-05,1182.3747028009043,3963.971567065484,2207.319385353525,0.8,8.0,100.0,96,140,3
G4_Onmem_wall,$\mathrm{Hel}_{10}\mathrm{IDP}_{40}$-Mem,Cter_corresponding_BB_contact_survival,corresponding_nac_bb,Any 1 corresponding C-ter BB,chain_pair,all,largest_cluster,66000.0,6.557720943520777e-05,5.13860963069556e-05,1182.3747028009043,3963.971567065484,2207.319385353525,0.8,8.0,100.0,96,140,3
G4_Onmem_wall,$\mathrm{Hel}_{10}\mathrm{IDP}_{40}$-Mem,Cter_corresponding_BB_contact_survival,corresponding_nac_bb,Any 1 corresponding C-ter BB,chain_pair,all,largest_cluster,67000.0,6.557720943520777e-05,5.13860963069556e-05,1182.3747028009043,3963.971567065484,2207.319385353525,0.8,8.0,100.0,96,140,3
G4_Onmem_wall,$\mathrm{Hel}_{10}\mathrm{IDP}_{40}$-Mem,Cter_corresponding_BB_contact_survival,corresponding_nac_bb,Any 1 corresponding C-ter BB,chain_pair,all,largest_cluster,68000.0,6.557720943520777e-05,5.13860963069556e-05,1182.3747028009043,3963.971567065484,2207.319385353525,0.8,8.0,100.0,96,140,3
G4_Onmem_wall,$\mathrm{Hel}_{10}\mathrm{IDP}_{40}$-Mem,Cter_corresponding_BB_contact_survival,corresponding_nac_bb,Any 1 corresponding C-ter BB,chain_pair,all,largest_cluster,69000.0,2.374845635033723e-05,3.358538905607236e-05,1182.3747028009043,3963.971567065484,2207.319385353525,0.8,8.0,100.0,96,140,3
G4_Onmem_wall,$\mathrm{Hel}_{10}\mathrm{IDP}_{40}$-Mem,Cter_corresponding_BB_contact_survival,corresponding_nac_bb,Any 1 corresponding C-ter BB,chain_pair,all,largest_cluster,70000.0,2.374845635033723e-05,3.358538905607236e-05,1182.3747028009043,3963.971567065484,2207.319385353525,0.8,8.0,100.0,96,140,3
G4_Onmem_wall,$\mathrm{Hel}_{10}\mathrm{IDP}_{40}$-Mem,Cter_corresponding_BB_contact_survival,corresponding_nac_bb,Any 1 corresponding C-ter BB,chain_pair,all,largest_cluster,71000.0,2.374845635033723e-05,3.358538905607236e-05,1182.3747028009043,3963.971567065484,2207.319385353525,0.8,8.0,100.0,96,140,3
G4_Onmem_wall,$\mathrm{Hel}_{10}\mathrm{IDP}_{40}$-Mem,Cter_corresponding_BB_contact_survival,corresponding_nac_bb,Any 1 corresponding C-ter BB,chain_pair,all,largest_cluster,72000.0,2.374845635033723e-05,3.358538905607236e-05,1182.3747028009043,3963.971567065484,2207.319385353525,0.8,8.0,100.0,96,140,3
G4_Onmem_wall,$\mathrm{Hel}_{10}\mathrm{IDP}_{40}$-Mem,Cter_corresponding_BB_contact_survival,corresponding_nac_bb,Any 1 corresponding C-ter BB,chain_pair,all,largest_cluster,73000.0,2.374845635033723e-05,3.358538905607236e-05,1182.3747028009043,3963.971567065484,2207.319385353525,0.8,8.0,100.0,96,140,3
G4_Onmem_wall,$\mathrm{Hel}_{10}\mathrm{IDP}_{40}$-Mem,Cter_corresponding_BB_contact_survival,corresponding_nac_bb,Any 1 corresponding C-ter BB,chain_pair,all,largest_cluster,74000.0,2.374845635033723e-05,3.358538905607236e-05,1182.3747028009043,3963.971567065484,2207.319385353525,0.8,8.0,100.0,96,140,3
G4_Onmem_wall,$\mathrm{Hel}_{10}\mathrm{IDP}_{40}$-Mem,Cter_corresponding_BB_contact_survival,corresponding_nac_bb,Any 1 corresponding C-ter BB,chain_pair,all,largest_cluster,75000.0,2.374845635033723e-05,3.358538905607236e-05,1182.3747028009043,3963.971567065484,2207.319385353525,0.8,8.0,100.0,96,140,3
G4_Onmem_wall,$\mathrm{Hel}_{10}\mathrm{IDP}_{40}$-Mem,Cter_corresponding_BB_contact_survival,corresponding_nac_bb,Any 1 corresponding C-ter BB,chain_pair,all,largest_cluster,76000.0,2.374845635033723e-05,3.358538905607236e-05,1182.3747028009043,3963.971567065484,2207.319385353525,0.8,8.0,100.0,96,140,3
G4_Onmem_wall,$\mathrm{Hel}_{10}\mathrm{IDP}_{40}$-Mem,Cter_corresponding_BB_contact_survival,corresponding_nac_bb,Any 1 corresponding C-ter BB,chain_pair,all,largest_cluster,77000.0,2.374845635033723e-05,3.358538905607236e-05,1182.3747028009043,3963.971567065484,2207.319385353525,0.8,8.0,100.0,96,140,3
G4_Onmem_wall,$\mathrm{Hel}_{10}\mathrm{IDP}_{40}$-Mem,Cter_corresponding_BB_contact_survival,corresponding_nac_bb,Any 1 corresponding C-ter BB,chain_pair,all,largest_cluster,78000.0,2.374845635033723e-05,3.358538905607236e-05,1182.3747028009043,3963.971567065484,2207.319385353525,0.8,8.0,100.0,96,140,3
G4_Onmem_wall,$\mathrm{Hel}_{10}\mathrm{IDP}_{40}$-Mem,Cter_corresponding_BB_contact_survival,corresponding_nac_bb,Any 1 corresponding C-ter BB,chain_pair,all,largest_cluster,79000.0,2.374845635033723e-05,3.358538905607236e-05,1182.3747028009043,3963.971567065484,2207.319385353525,0.8,8.0,100.0,96,140,3
G4_Onmem_wall,$\mathrm{Hel}_{10}\mathrm{IDP}_{40}$-Mem,Cter_corresponding_BB_contact_survival,corresponding_nac_bb,Any 1 corresponding C-ter BB,chain_pair,all,largest_cluster,80000.0,2.374845635033723e-05,3.358538905607236e-05,1182.3747028009043,3963.971567065484,2207.319385353525,0.8,8.0,100.0,96,140,3
G4_Onmem_wall,$\mathrm{Hel}_{10}\mathrm{IDP}_{40}$-Mem,Cter_corresponding_BB_contact_survival,corresponding_nac_bb,Any 1 corresponding C-ter BB,chain_pair,all,largest_cluster,81000.0,2.374845635033723e-05,3.358538905607236e-05,1182.3747028009043,3963.971567065484,2207.319385353525,0.8,8.0,100.0,96,140,3
G4_Onmem_wall,$\mathrm{Hel}_{10}\mathrm{IDP}_{40}$-Mem,Cter_corresponding_BB_contact_survival,corresponding_nac_bb,Any 1 corresponding C-ter BB,chain_pair,all,largest_cluster,82000.0,2.374845635033723e-05,3.358538905607236e-05,1182.3747028009043,3963.971567065484,2207.319385353525,0.8,8.0,100.0,96,140,3
G4_Onmem_wall,$\mathrm{Hel}_{10}\mathrm{IDP}_{40}$-Mem,Cter_corresponding_BB_contact_survival,corresponding_nac_bb,Any 1 corresponding C-ter BB,chain_pair,all,largest_cluster,83000.0,2.374845635033723e-05,3.358538905607236e-05,1182.3747028009043,3963.971567065484,2207.319385353525,0.8,8.0,100.0,96,140,3
G4_Onmem_wall,$\mathrm{Hel}_{10}\mathrm{IDP}_{40}$-Mem,Cter_corresponding_BB_contact_survival,corresponding_nac_bb,Any 1 corresponding C-ter BB,chain_pair,all,largest_cluster,84000.0,2.374845635033723e-05,3.358538905607236e-05,1182.3747028009043,3963.971567065484,2207.319385353525,0.8,8.0,100.0,96,140,3
G4_Onmem_wall,$\mathrm{Hel}_{10}\mathrm{IDP}_{40}$-Mem,Cter_corresponding_BB_contact_survival,corresponding_nac_bb,Any 1 corresponding C-ter BB,chain_pair,all,largest_cluster,85000.0,2.374845635033723e-05,3.358538905607236e-05,1182.3747028009043,3963.971567065484,2207.319385353525,0.8,8.0,100.0,96,140,3
G4_Onmem_wall,$\mathrm{Hel}_{10}\mathrm{IDP}_{40}$-Mem,Cter_corresponding_BB_contact_survival,corresponding_nac_bb,Any 1 corresponding C-ter BB,chain_pair,all,largest_cluster,86000.0,2.374845635033723e-05,3.358538905607236e-05,1182.3747028009043,3963.971567065484,2207.319385353525,0.8,8.0,100.0,96,140,3
G4_Onmem_wall,$\mathrm{Hel}_{10}\mathrm{IDP}_{40}$-Mem,Cter_corresponding_BB_contact_survival,corresponding_nac_bb,Any 1 corresponding C-ter BB,chain_pair,all,largest_cluster,87000.0,2.374845635033723e-05,3.358538905607236e-05,1182.3747028009043,3963.971567065484,2207.319385353525,0.8,8.0,100.0,96,140,3
G4_Onmem_wall,$\mathrm{Hel}_{10}\mathrm{IDP}_{40}$-Mem,Cter_corresponding_BB_contact_survival,corresponding_nac_bb,Any 1 corresponding C-ter BB,chain_pair,all,largest_cluster,88000.0,2.374845635033723e-05,3.358538905607236e-05,1182.3747028009043,3963.971567065484,2207.319385353525,0.8,8.0,100.0,96,140,3
G4_Onmem_wall,$\mathrm{Hel}_{10}\mathrm{IDP}_{40}$-Mem,Cter_corresponding_BB_contact_survival,corresponding_nac_bb,Any 1 corresponding C-ter BB,chain_pair,all,largest_cluster,89000.0,2.374845635033723e-05,3.358538905607236e-05,1182.3747028009043,3963.971567065484,2207.319385353525,0.8,8.0,100.0,96,140,3
G4_Onmem_wall,$\mathrm{Hel}_{10}\mathrm{IDP}_{40}$-Mem,Cter_corresponding_BB_contact_survival,corresponding_nac_bb,Any 1 corresponding C-ter BB,chain_pair,all,largest_cluster,90000.0,2.374845635033723e-05,3.358538905607236e-05,1182.3747028009043,3963.971567065484,2207.319385353525,0.8,8.0,100.0,96,140,3
G4_Onmem_wall,$\mathrm{Hel}_{10}\mathrm{IDP}_{40}$-Mem,Cter_corresponding_BB_contact_survival,corresponding_nac_bb,Any 1 corresponding C-ter BB,chain_pair,all,largest_cluster,91000.0,2.374845635033723e-05,3.358538905607236e-05,1182.3747028009043,3963.971567065484,2207.319385353525,0.8,8.0,100.0,96,140,3
G4_Onmem_wall,$\mathrm{Hel}_{10}\mathrm{IDP}_{40}$-Mem,Cter_corresponding_BB_contact_survival,corresponding_nac_bb,Any 1 corresponding C-ter BB,chain_pair,all,largest_cluster,92000.0,2.374845635033723e-05,3.358538905607236e-05,1182.3747028009043,3963.971567065484,2207.319385353525,0.8,8.0,100.0,96,140,3
G4_Onmem_wall,$\mathrm{Hel}_{10}\mathrm{IDP}_{40}$-Mem,Cter_corresponding_BB_contact_survival,corresponding_nac_bb,Any 1 corresponding C-ter BB,chain_pair,all,largest_cluster,93000.0,2.374845635033723e-05,3.358538905607236e-05,1182.3747028009043,3963.971567065484,2207.319385353525,0.8,8.0,100.0,96,140,3
G4_Onmem_wall,$\mathrm{Hel}_{10}\mathrm{IDP}_{40}$-Mem,Cter_corresponding_BB_contact_survival,corresponding_nac_bb,Any 1 corresponding C-ter BB,chain_pair,all,largest_cluster,94000.0,2.374845635033723e-05,3.358538905607236e-05,1182.3747028009043,3963.971567065484,2207.319385353525,0.8,8.0,100.0,96,140,3
G4_Onmem_wall,$\mathrm{Hel}_{10}\mathrm{IDP}_{40}$-Mem,Cter_corresponding_BB_contact_survival,corresponding_nac_bb,Any 1 corresponding C-ter BB,chain_pair,all,largest_cluster,95000.0,2.374845635033723e-05,3.358538905607236e-05,1182.3747028009043,3963.971567065484,2207.319385353525,0.8,8.0,100.0,96,140,3
G4_Onmem_wall,$\mathrm{Hel}_{10}\mathrm{IDP}_{40}$-Mem,Cter_corresponding_BB_contact_survival,corresponding_nac_bb,Any 1 corresponding C-ter BB,chain_pair,all,largest_cluster,96000.0,2.374845635033723e-05,3.358538905607236e-05,1182.3747028009043,3963.971567065484,2207.319385353525,0.8,8.0,100.0,96,140,3
G4_Onmem_wall,$\mathrm{Hel}_{10}\mathrm{IDP}_{40}$-Mem,Cter_corresponding_BB_contact_survival,corresponding_nac_bb,Any 1 corresponding C-ter BB,chain_pair,all,largest_cluster,97000.0,2.374845635033723e-05,3.358538905607236e-05,1182.3747028009043,3963.971567065484,2207.319385353525,0.8,8.0,100.0,96,140,3
G4_Onmem_wall,$\mathrm{Hel}_{10}\mathrm{IDP}_{40}$-Mem,Cter_corresponding_BB_contact_survival,corresponding_nac_bb,Any 1 corresponding C-ter BB,chain_pair,all,largest_cluster,98000.0,2.374845635033723e-05,3.358538905607236e-05,1182.3747028009043,3963.971567065484,2207.319385353525,0.8,8.0,100.0,96,140,3
G4_Onmem_wall,$\mathrm{Hel}_{10}\mathrm{IDP}_{40}$-Mem,Cter_corresponding_BB_contact_survival,corresponding_nac_bb,Any 1 corresponding C-ter BB,chain_pair,all,largest_cluster,99000.0,2.374845635033723e-05,3.358538905607236e-05,1182.3747028009043,3963.971567065484,2207.319385353525,0.8,8.0,100.0,96,140,3
G4_Onmem_wall,$\mathrm{Hel}_{10}\mathrm{IDP}_{40}$-Mem,Cter_corresponding_BB_contact_survival,corresponding_nac_bb,Any 1 corresponding C-ter BB,chain_pair,all,largest_cluster,100000.0,2.374845635033723e-05,3.358538905607236e-05,1182.3747028009043,3963.971567065484,2207.319385353525,0.8,8.0,100.0,96,140,3
G4_Onmem_wall,$\mathrm{Hel}_{10}\mathrm{IDP}_{40}$-Mem,Cter_corresponding_BB_contact_survival,corresponding_nac_bb,Any 1 corresponding C-ter BB,chain_pair,all,largest_cluster,101000.0,2.374845635033723e-05,3.358538905607236e-05,1182.3747028009043,3963.971567065484,2207.319385353525,0.8,8.0,100.0,96,140,3
G4_Onmem_wall,$\mathrm{Hel}_{10}\mathrm{IDP}_{40}$-Mem,Cter_corresponding_BB_contact_survival,corresponding_nac_bb,Any 1 corresponding C-ter BB,chain_pair,all,largest_cluster,102000.0,2.374845635033723e-05,3.358538905607236e-05,1182.3747028009043,3963.971567065484,2207.319385353525,0.8,8.0,100.0,96,140,3
