group,group_label,observable,contact_mode,contact_label,event_unit,chain_selection,chain_filter_method,time_ps,survival_mean,survival_std,t_1e_ps,t_01_ps,mean_lifetime_ps,contact_cutoff_nm,symmetric_window,cluster_dist_cutoff_A,radius_limit_A,nac_start,nac_end,triplet_size,banded_triplet_definition
G1_Wcluster_alhx0,$\mathrm{IDP}_{50}$,Cter_symmetric_BB_contact_survival,symmetric_nac_bb,Any 1 banded symmetric C-ter BB,chain_pair,all,largest_cluster,0.0,1.0,0.0,1693.1306376189086,6068.634342139505,3030.839108841888,0.8,8.0,8.0,100.0,96,140,3,partner_consecutive_v2
G1_Wcluster_alhx0,$\mathrm{IDP}_{50}$,Cter_symmetric_BB_contact_survival,symmetric_nac_bb,Any 1 banded symmetric C-ter BB,chain_pair,all,largest_cluster,1000.0,0.4933881132823173,0.002287632863231142,1693.1306376189086,6068.634342139505,3030.839108841888,0.8,8.0,8.0,100.0,96,140,3,partner_consecutive_v2
G1_Wcluster_alhx0,$\mathrm{IDP}_{50}$,Cter_symmetric_BB_contact_survival,symmetric_nac_bb,Any 1 banded symmetric C-ter BB,chain_pair,all,largest_cluster,2000.0,0.3123130528261366,0.001707311916400965,1693.1306376189086,6068.634342139505,3030.839108841888,0.8,8.0,8.0,100.0,96,140,3,partner_consecutive_v2
G1_Wcluster_alhx0,$\mathrm{IDP}_{50}$,Cter_symmetric_BB_contact_survival,symmetric_nac_bb,Any 1 banded symmetric C-ter BB,chain_pair,all,largest_cluster,3000.0,0.2206166106241737,0.0010156121723810805,1693.1306376189086,6068.634342139505,3030.839108841888,0.8,8.0,8.0,100.0,96,140,3,partner_consecutive_v2
G1_Wcluster_alhx0,$\mathrm{IDP}_{50}$,Cter_symmetric_BB_contact_survival,symmetric_nac_bb,Any 1 banded symmetric C-ter BB,chain_pair,all,largest_cluster,4000.0,0.16480423458508967,0.0013153924256868862,1693.1306376189086,6068.634342139505,3030.839108841888,0.8,8.0,8.0,100.0,96,140,3,partner_consecutive_v2
G1_Wcluster_alhx0,$\mathrm{IDP}_{50}$,Cter_symmetric_BB_contact_survival,symmetric_nac_bb,Any 1 banded symmetric C-ter BB,chain_pair,all,largest_cluster,5000.0,0.12788928999779053,0.0010193694487342394,1693.1306376189086,6068.634342139505,3030.839108841888,0.8,8.0,8.0,100.0,96,140,3,partner_consecutive_v2
G1_Wcluster_alhx0,$\mathrm{IDP}_{50}$,Cter_symmetric_BB_contact_survival,symmetric_nac_bb,Any 1 banded symmetric C-ter BB,chain_pair,all,largest_cluster,6000.0,0.10131669731562913,0.001968461406761717,1693.1306376189086,6068.634342139505,3030.839108841888,0.8,8.0,8.0,100.0,96,140,3,partner_consecutive_v2
G1_Wcluster_alhx0,$\mathrm{IDP}_{50}$,Cter_symmetric_BB_contact_survival,symmetric_nac_bb,Any 1 banded symmetric C-ter BB,chain_pair,all,largest_cluster,7000.0,0.08213246279710142,0.0015413168093815243,1693.1306376189086,6068.634342139505,3030.839108841888,0.8,8.0,8.0,100.0,96,140,3,partner_consecutive_v2
G1_Wcluster_alhx0,$\mathrm{IDP}_{50}$,Cter_symmetric_BB_contact_survival,symmetric_nac_bb,Any 1 banded symmetric C-ter BB,chain_pair,all,largest_cluster,8000.0,0.06816024180592305,0.0016292057954024274,1693.1306376189086,6068.634342139505,3030.839108841888,0.8,8.0,8.0,100.0,96,140,3,partner_consecutive_v2
G1_Wcluster_alhx0,$\mathrm{IDP}_{50}$,Cter_symmetric_BB_contact_survival,symmetric_nac_bb,Any 1 banded symmetric C-ter BB,chain_pair,all,largest_cluster,9000.0,0.056950923416691085,0.002005801918889632,1693.1306376189086,6068.634342139505,3030.839108841888,0.8,8.0,8.0,100.0,96,140,3,partner_consecutive_v2
G1_Wcluster_alhx0,$\mathrm{IDP}_{50}$,Cter_symmetric_BB_contact_survival,symmetric_nac_bb,Any 1 banded symmetric C-ter BB,chain_pair,all,largest_cluster,10000.0,0.048056624593272534,0.0019514104823268627,1693.1306376189086,6068.634342139505,3030.839108841888,0.8,8.0,8.0,100.0,96,140,3,partner_consecutive_v2
G1_Wcluster_alhx0,$\mathrm{IDP}_{50}$,Cter_symmetric_BB_contact_survival,symmetric_nac_bb,Any 1 banded symmetric C-ter BB,chain_pair,all,largest_cluster,11000.0,0.040662475906457995,0.0016980108373268257,1693.1306376189086,6068.634342139505,3030.839108841888,0.8,8.0,8.0,100.0,96,140,3,partner_consecutive_v2
G1_Wcluster_alhx0,$\mathrm{IDP}_{50}$,Cter_symmetric_BB_contact_survival,symmetric_nac_bb,Any 1 banded symmetric C-ter BB,chain_pair,all,largest_cluster,12000.0,0.0348278393573472,0.0012655074040002063,1693.1306376189086,6068.634342139505,3030.839108841888,0.8,8.0,8.0,100.0,96,140,3,partner_consecutive_v2
G1_Wcluster_alhx0,$\mathrm{IDP}_{50}$,Cter_symmetric_BB_contact_survival,symmetric_nac_bb,Any 1 banded symmetric C-ter BB,chain_pair,all,largest_cluster,13000.0,0.02999421608363412,0.001435155119578023,1693.1306376189086,6068.634342139505,3030.839108841888,0.8,8.0,8.0,100.0,96,140,3,partner_consecutive_v2
G1_Wcluster_alhx0,$\mathrm{IDP}_{50}$,Cter_symmetric_BB_contact_survival,symmetric_nac_bb,Any 1 banded symmetric C-ter BB,chain_pair,all,largest_cluster,14000.0,0.026081956861585858,0.0013358398427514141,1693.1306376189086,6068.634342139505,3030.839108841888,0.8,8.0,8.0,100.0,96,140,3,partner_consecutive_v2
G1_Wcluster_alhx0,$\mathrm{IDP}_{50}$,Cter_symmetric_BB_contact_survival,symmetric_nac_bb,Any 1 banded symmetric C-ter BB,chain_pair,all,largest_cluster,15000.0,0.02279363290956933,0.0009986266095034077,1693.1306376189086,6068.634342139505,3030.839108841888,0.8,8.0,8.0,100.0,96,140,3,partner_consecutive_v2
G1_Wcluster_alhx0,$\mathrm{IDP}_{50}$,Cter_symmetric_BB_contact_survival,symmetric_nac_bb,Any 1 banded symmetric C-ter BB,chain_pair,all,largest_cluster,16000.0,0.019965143050041302,0.0008236885393433769,1693.1306376189086,6068.634342139505,3030.839108841888,0.8,8.0,8.0,100.0,96,140,3,partner_consecutive_v2
G1_Wcluster_alhx0,$\mathrm{IDP}_{50}$,Cter_symmetric_BB_contact_survival,symmetric_nac_bb,Any 1 banded symmetric C-ter BB,chain_pair,all,largest_cluster,17000.0,0.017527484710926522,0.000939748614900696,1693.1306376189086,6068.634342139505,3030.839108841888,0.8,8.0,8.0,100.0,96,140,3,partner_consecutive_v2
G1_Wcluster_alhx0,$\mathrm{IDP}_{50}$,Cter_symmetric_BB_contact_survival,symmetric_nac_bb,Any 1 banded symmetric C-ter BB,chain_pair,all,largest_cluster,18000.0,0.015481167997634306,0.0008414847557244277,1693.1306376189086,6068.634342139505,3030.839108841888,0.8,8.0,8.0,100.0,96,140,3,partner_consecutive_v2
G1_Wcluster_alhx0,$\mathrm{IDP}_{50}$,Cter_symmetric_BB_contact_survival,symmetric_nac_bb,Any 1 banded symmetric C-ter BB,chain_pair,all,largest_cluster,19000.0,0.013855795057270798,0.0007951979911686994,1693.1306376189086,6068.634342139505,3030.839108841888,0.8,8.0,8.0,100.0,96,140,3,partner_consecutive_v2
G1_Wcluster_alhx0,$\mathrm{IDP}_{50}$,Cter_symmetric_BB_contact_survival,symmetric_nac_bb,Any 1 banded symmetric C-ter BB,chain_pair,all,largest_cluster,20000.0,0.012238052499600326,0.0008273638535238125,1693.1306376189086,6068.634342139505,3030.839108841888,0.8,8.0,8.0,100.0,96,140,3,partner_consecutive_v2
G1_Wcluster_alhx0,$\mathrm{IDP}_{50}$,Cter_symmetric_BB_contact_survival,symmetric_nac_bb,Any 1 banded symmetric C-ter BB,chain_pair,all,largest_cluster,21000.0,0.010890519734355753,0.0008249864624178047,1693.1306376189086,6068.634342139505,3030.839108841888,0.8,8.0,8.0,100.0,96,140,3,partner_consecutive_v2
G1_Wcluster_alhx0,$\mathrm{IDP}_{50}$,Cter_symmetric_BB_contact_survival,symmetric_nac_bb,Any 1 banded symmetric C-ter BB,chain_pair,all,largest_cluster,22000.0,0.009713228003095119,0.000758064581717869,1693.1306376189086,6068.634342139505,3030.839108841888,0.8,8.0,8.0,100.0,96,140,3,partner_consecutive_v2
G1_Wcluster_alhx0,$\mathrm{IDP}_{50}$,Cter_symmetric_BB_contact_survival,symmetric_nac_bb,Any 1 banded symmetric C-ter BB,chain_pair,all,largest_cluster,23000.0,0.00869311217416252,0.000553107645923255,1693.1306376189086,6068.634342139505,3030.839108841888,0.8,8.0,8.0,100.0,96,140,3,partner_consecutive_v2
G1_Wcluster_alhx0,$\mathrm{IDP}_{50}$,Cter_symmetric_BB_contact_survival,symmetric_nac_bb,Any 1 banded symmetric C-ter BB,chain_pair,all,largest_cluster,24000.0,0.007743286802711315,0.0006429789941673653,1693.1306376189086,6068.634342139505,3030.839108841888,0.8,8.0,8.0,100.0,96,140,3,partner_consecutive_v2
G1_Wcluster_alhx0,$\mathrm{IDP}_{50}$,Cter_symmetric_BB_contact_survival,symmetric_nac_bb,Any 1 banded symmetric C-ter BB,chain_pair,all,largest_cluster,25000.0,0.006901444501246734,0.0006309584593016962,1693.1306376189086,6068.634342139505,3030.839108841888,0.8,8.0,8.0,100.0,96,140,3,partner_consecutive_v2
G1_Wcluster_alhx0,$\mathrm{IDP}_{50}$,Cter_symmetric_BB_contact_survival,symmetric_nac_bb,Any 1 banded symmetric C-ter BB,chain_pair,all,largest_cluster,26000.0,0.006194508429754788,0.0005738792196313197,1693.1306376189086,6068.634342139505,3030.839108841888,0.8,8.0,8.0,100.0,96,140,3,partner_consecutive_v2
G1_Wcluster_alhx0,$\mathrm{IDP}_{50}$,Cter_symmetric_BB_contact_survival,symmetric_nac_bb,Any 1 banded symmetric C-ter BB,chain_pair,all,largest_cluster,27000.0,0.005469639462788184,0.0005003077244019658,1693.1306376189086,6068.634342139505,3030.839108841888,0.8,8.0,8.0,100.0,96,140,3,partner_consecutive_v2
G1_Wcluster_alhx0,$\mathrm{IDP}_{50}$,Cter_symmetric_BB_contact_survival,symmetric_nac_bb,Any 1 banded symmetric C-ter BB,chain_pair,all,largest_cluster,28000.0,0.005009412505695392,0.0004932891857652109,1693.1306376189086,6068.634342139505,3030.839108841888,0.8,8.0,8.0,100.0,96,140,3,partner_consecutive_v2
G1_Wcluster_alhx0,$\mathrm{IDP}_{50}$,Cter_symmetric_BB_contact_survival,symmetric_nac_bb,Any 1 banded symmetric C-ter BB,chain_pair,all,largest_cluster,29000.0,0.004503893773300005,0.00046302976134078924,1693.1306376189086,6068.634342139505,3030.839108841888,0.8,8.0,8.0,100.0,96,140,3,partner_consecutive_v2
G1_Wcluster_alhx0,$\mathrm{IDP}_{50}$,Cter_symmetric_BB_contact_survival,symmetric_nac_bb,Any 1 banded symmetric C-ter BB,chain_pair,all,largest_cluster,30000.0,0.004158232319508001,0.0005566948420984453,1693.1306376189086,6068.634342139505,3030.839108841888,0.8,8.0,8.0,100.0,96,140,3,partner_consecutive_v2
G1_Wcluster_alhx0,$\mathrm{IDP}_{50}$,Cter_symmetric_BB_contact_survival,symmetric_nac_bb,Any 1 banded symmetric C-ter BB,chain_pair,all,largest_cluster,31000.0,0.003842337576741125,0.0005171565406850257,1693.1306376189086,6068.634342139505,3030.839108841888,0.8,8.0,8.0,100.0,96,140,3,partner_consecutive_v2
G1_Wcluster_alhx0,$\mathrm{IDP}_{50}$,Cter_symmetric_BB_contact_survival,symmetric_nac_bb,Any 1 banded symmetric C-ter BB,chain_pair,all,largest_cluster,32000.0,0.0035684886370126005,0.00047550872970338954,1693.1306376189086,6068.634342139505,3030.839108841888,0.8,8.0,8.0,100.0,96,140,3,partner_consecutive_v2
G1_Wcluster_alhx0,$\mathrm{IDP}_{50}$,Cter_symmetric_BB_contact_survival,symmetric_nac_bb,Any 1 banded symmetric C-ter BB,chain_pair,all,largest_cluster,33000.0,0.00320914535415142,0.0004300064549080997,1693.1306376189086,6068.634342139505,3030.839108841888,0.8,8.0,8.0,100.0,96,140,3,partner_consecutive_v2
G1_Wcluster_alhx0,$\mathrm{IDP}_{50}$,Cter_symmetric_BB_contact_survival,symmetric_nac_bb,Any 1 banded symmetric C-ter BB,chain_pair,all,largest_cluster,34000.0,0.0029338055777364774,0.000374452207176553,1693.1306376189086,6068.634342139505,3030.839108841888,0.8,8.0,8.0,100.0,96,140,3,partner_consecutive_v2
G1_Wcluster_alhx0,$\mathrm{IDP}_{50}$,Cter_symmetric_BB_contact_survival,symmetric_nac_bb,Any 1 banded symmetric C-ter BB,chain_pair,all,largest_cluster,35000.0,0.0027142791439043242,0.0002890623579627571,1693.1306376189086,6068.634342139505,3030.839108841888,0.8,8.0,8.0,100.0,96,140,3,partner_consecutive_v2
G1_Wcluster_alhx0,$\mathrm{IDP}_{50}$,Cter_symmetric_BB_contact_survival,symmetric_nac_bb,Any 1 banded symmetric C-ter BB,chain_pair,all,largest_cluster,36000.0,0.002482740306105558,0.0002565301083988897,1693.1306376189086,6068.634342139505,3030.839108841888,0.8,8.0,8.0,100.0,96,140,3,partner_consecutive_v2
G1_Wcluster_alhx0,$\mathrm{IDP}_{50}$,Cter_symmetric_BB_contact_survival,symmetric_nac_bb,Any 1 banded symmetric C-ter BB,chain_pair,all,largest_cluster,37000.0,0.002303814083018178,0.00024183901442010258,1693.1306376189086,6068.634342139505,3030.839108841888,0.8,8.0,8.0,100.0,96,140,3,partner_consecutive_v2
G1_Wcluster_alhx0,$\mathrm{IDP}_{50}$,Cter_symmetric_BB_contact_survival,symmetric_nac_bb,Any 1 banded symmetric C-ter BB,chain_pair,all,largest_cluster,38000.0,0.002112918311201814,0.0002050839757385298,1693.1306376189086,6068.634342139505,3030.839108841888,0.8,8.0,8.0,100.0,96,140,3,partner_consecutive_v2
G1_Wcluster_alhx0,$\mathrm{IDP}_{50}$,Cter_symmetric_BB_contact_survival,symmetric_nac_bb,Any 1 banded symmetric C-ter BB,chain_pair,all,largest_cluster,39000.0,0.0019462259357348217,0.0002441806511873277,1693.1306376189086,6068.634342139505,3030.839108841888,0.8,8.0,8.0,100.0,96,140,3,partner_consecutive_v2
G1_Wcluster_alhx0,$\mathrm{IDP}_{50}$,Cter_symmetric_BB_contact_survival,symmetric_nac_bb,Any 1 banded symmetric C-ter BB,chain_pair,all,largest_cluster,40000.0,0.0017822937899868918,0.00021500284486720265,1693.1306376189086,6068.634342139505,3030.839108841888,0.8,8.0,8.0,100.0,96,140,3,partner_consecutive_v2
G1_Wcluster_alhx0,$\mathrm{IDP}_{50}$,Cter_symmetric_BB_contact_survival,symmetric_nac_bb,Any 1 banded symmetric C-ter BB,chain_pair,all,largest_cluster,41000.0,0.0016378282316376702,0.0001890538127248941,1693.1306376189086,6068.634342139505,3030.839108841888,0.8,8.0,8.0,100.0,96,140,3,partner_consecutive_v2
G1_Wcluster_alhx0,$\mathrm{IDP}_{50}$,Cter_symmetric_BB_contact_survival,symmetric_nac_bb,Any 1 banded symmetric C-ter BB,chain_pair,all,largest_cluster,42000.0,0.0014827958616154165,0.0001455073937241169,1693.1306376189086,6068.634342139505,3030.839108841888,0.8,8.0,8.0,100.0,96,140,3,partner_consecutive_v2
G1_Wcluster_alhx0,$\mathrm{IDP}_{50}$,Cter_symmetric_BB_contact_survival,symmetric_nac_bb,Any 1 banded symmetric C-ter BB,chain_pair,all,largest_cluster,43000.0,0.0013399092395830826,0.00014523955500835958,1693.1306376189086,6068.634342139505,3030.839108841888,0.8,8.0,8.0,100.0,96,140,3,partner_consecutive_v2
G1_Wcluster_alhx0,$\mathrm{IDP}_{50}$,Cter_symmetric_BB_contact_survival,symmetric_nac_bb,Any 1 banded symmetric C-ter BB,chain_pair,all,largest_cluster,44000.0,0.0012482324952061826,0.00015901452717873176,1693.1306376189086,6068.634342139505,3030.839108841888,0.8,8.0,8.0,100.0,96,140,3,partner_consecutive_v2
G1_Wcluster_alhx0,$\mathrm{IDP}_{50}$,Cter_symmetric_BB_contact_survival,symmetric_nac_bb,Any 1 banded symmetric C-ter BB,chain_pair,all,largest_cluster,45000.0,0.00116396468986854,0.00015746142707365976,1693.1306376189086,6068.634342139505,3030.839108841888,0.8,8.0,8.0,100.0,96,140,3,partner_consecutive_v2
G1_Wcluster_alhx0,$\mathrm{IDP}_{50}$,Cter_symmetric_BB_contact_survival,symmetric_nac_bb,Any 1 banded symmetric C-ter BB,chain_pair,all,largest_cluster,46000.0,0.001052557059201527,0.00014008242548688393,1693.1306376189086,6068.634342139505,3030.839108841888,0.8,8.0,8.0,100.0,96,140,3,partner_consecutive_v2
G1_Wcluster_alhx0,$\mathrm{IDP}_{50}$,Cter_symmetric_BB_contact_survival,symmetric_nac_bb,Any 1 banded symmetric C-ter BB,chain_pair,all,largest_cluster,47000.0,0.0009998563448596735,0.00011990100056329589,1693.1306376189086,6068.634342139505,3030.839108841888,0.8,8.0,8.0,100.0,96,140,3,partner_consecutive_v2
G1_Wcluster_alhx0,$\mathrm{IDP}_{50}$,Cter_symmetric_BB_contact_survival,symmetric_nac_bb,Any 1 banded symmetric C-ter BB,chain_pair,all,largest_cluster,48000.0,0.0009381677551616755,9.264595978919765e-05,1693.1306376189086,6068.634342139505,3030.839108841888,0.8,8.0,8.0,100.0,96,140,3,partner_consecutive_v2
G1_Wcluster_alhx0,$\mathrm{IDP}_{50}$,Cter_symmetric_BB_contact_survival,symmetric_nac_bb,Any 1 banded symmetric C-ter BB,chain_pair,all,largest_cluster,49000.0,0.0008599061518073393,7.353048489588367e-05,1693.1306376189086,6068.634342139505,3030.839108841888,0.8,8.0,8.0,100.0,96,140,3,partner_consecutive_v2
G1_Wcluster_alhx0,$\mathrm{IDP}_{50}$,Cter_symmetric_BB_contact_survival,symmetric_nac_bb,Any 1 banded symmetric C-ter BB,chain_pair,all,largest_cluster,50000.0,0.0008179484483994546,6.95467968663252e-05,1693.1306376189086,6068.634342139505,3030.839108841888,0.8,8.0,8.0,100.0,96,140,3,partner_consecutive_v2
G1_Wcluster_alhx0,$\mathrm{IDP}_{50}$,Cter_symmetric_BB_contact_survival,symmetric_nac_bb,Any 1 banded symmetric C-ter BB,chain_pair,all,largest_cluster,51000.0,0.0007742356094137458,5.763724943475325e-05,1693.1306376189086,6068.634342139505,3030.839108841888,0.8,8.0,8.0,100.0,96,140,3,partner_consecutive_v2
G1_Wcluster_alhx0,$\mathrm{IDP}_{50}$,Cter_symmetric_BB_contact_survival,symmetric_nac_bb,Any 1 banded symmetric C-ter BB,chain_pair,all,largest_cluster,52000.0,0.0007395106457841815,6.947243378712664e-05,1693.1306376189086,6068.634342139505,3030.839108841888,0.8,8.0,8.0,100.0,96,140,3,partner_consecutive_v2
G1_Wcluster_alhx0,$\mathrm{IDP}_{50}$,Cter_symmetric_BB_contact_survival,symmetric_nac_bb,Any 1 banded symmetric C-ter BB,chain_pair,all,largest_cluster,53000.0,0.0006900559037065715,6.161660707253433e-05,1693.1306376189086,6068.634342139505,3030.839108841888,0.8,8.0,8.0,100.0,96,140,3,partner_consecutive_v2
G1_Wcluster_alhx0,$\mathrm{IDP}_{50}$,Cter_symmetric_BB_contact_survival,symmetric_nac_bb,Any 1 banded symmetric C-ter BB,chain_pair,all,largest_cluster,54000.0,0.0006420038986849121,9.027327936971698e-05,1693.1306376189086,6068.634342139505,3030.839108841888,0.8,8.0,8.0,100.0,96,140,3,partner_consecutive_v2
G1_Wcluster_alhx0,$\mathrm{IDP}_{50}$,Cter_symmetric_BB_contact_survival,symmetric_nac_bb,Any 1 banded symmetric C-ter BB,chain_pair,all,largest_cluster,55000.0,0.0006330160233287675,8.224756811253542e-05,1693.1306376189086,6068.634342139505,3030.839108841888,0.8,8.0,8.0,100.0,96,140,3,partner_consecutive_v2
G1_Wcluster_alhx0,$\mathrm{IDP}_{50}$,Cter_symmetric_BB_contact_survival,symmetric_nac_bb,Any 1 banded symmetric C-ter BB,chain_pair,all,largest_cluster,56000.0,0.0005907940210294778,9.356378750288109e-05,1693.1306376189086,6068.634342139505,3030.839108841888,0.8,8.0,8.0,100.0,96,140,3,partner_consecutive_v2
G1_Wcluster_alhx0,$\mathrm{IDP}_{50}$,Cter_symmetric_BB_contact_survival,symmetric_nac_bb,Any 1 banded symmetric C-ter BB,chain_pair,all,largest_cluster,57000.0,0.0005652331320169949,9.167435250171039e-05,1693.1306376189086,6068.634342139505,3030.839108841888,0.8,8.0,8.0,100.0,96,140,3,partner_consecutive_v2
G1_Wcluster_alhx0,$\mathrm{IDP}_{50}$,Cter_symmetric_BB_contact_survival,symmetric_nac_bb,Any 1 banded symmetric C-ter BB,chain_pair,all,largest_cluster,58000.0,0.000514111353992029,8.793484195035805e-05,1693.1306376189086,6068.634342139505,3030.839108841888,0.8,8.0,8.0,100.0,96,140,3,partner_consecutive_v2
G1_Wcluster_alhx0,$\mathrm{IDP}_{50}$,Cter_symmetric_BB_contact_survival,symmetric_nac_bb,Any 1 banded symmetric C-ter BB,chain_pair,all,largest_cluster,59000.0,0.0004900413016659652,0.00010626930195615716,1693.1306376189086,6068.634342139505,3030.839108841888,0.8,8.0,8.0,100.0,96,140,3,partner_consecutive_v2
G1_Wcluster_alhx0,$\mathrm{IDP}_{50}$,Cter_symmetric_BB_contact_survival,symmetric_nac_bb,Any 1 banded symmetric C-ter BB,chain_pair,all,largest_cluster,60000.0,0.00047197745132320765,9.547864448266055e-05,1693.1306376189086,6068.634342139505,3030.839108841888,0.8,8.0,8.0,100.0,96,140,3,partner_consecutive_v2
G1_Wcluster_alhx0,$\mathrm{IDP}_{50}$,Cter_symmetric_BB_contact_survival,symmetric_nac_bb,Any 1 banded symmetric C-ter BB,chain_pair,all,largest_cluster,61000.0,0.0004448376259938371,8.810124433418166e-05,1693.1306376189086,6068.634342139505,3030.839108841888,0.8,8.0,8.0,100.0,96,140,3,partner_consecutive_v2
G1_Wcluster_alhx0,$\mathrm{IDP}_{50}$,Cter_symmetric_BB_contact_survival,symmetric_nac_bb,Any 1 banded symmetric C-ter BB,chain_pair,all,largest_cluster,62000.0,0.00040870992530832214,7.329505302834076e-05,1693.1306376189086,6068.634342139505,3030.839108841888,0.8,8.0,8.0,100.0,96,140,3,partner_consecutive_v2
G1_Wcluster_alhx0,$\mathrm{IDP}_{50}$,Cter_symmetric_BB_contact_survival,symmetric_nac_bb,Any 1 banded symmetric C-ter BB,chain_pair,all,largest_cluster,63000.0,0.00036517328558355013,4.704275562597617e-05,1693.1306376189086,6068.634342139505,3030.839108841888,0.8,8.0,8.0,100.0,96,140,3,partner_consecutive_v2
G1_Wcluster_alhx0,$\mathrm{IDP}_{50}$,Cter_symmetric_BB_contact_survival,symmetric_nac_bb,Any 1 banded symmetric C-ter BB,chain_pair,all,largest_cluster,64000.0,0.0003142277068195209,1.549965026782134e-05,1693.1306376189086,6068.634342139505,3030.839108841888,0.8,8.0,8.0,100.0,96,140,3,partner_consecutive_v2
G1_Wcluster_alhx0,$\mathrm{IDP}_{50}$,Cter_symmetric_BB_contact_survival,symmetric_nac_bb,Any 1 banded symmetric C-ter BB,chain_pair,all,largest_cluster,65000.0,0.00028717598112061886,1.2738771239468826e-05,1693.1306376189086,6068.634342139505,3030.839108841888,0.8,8.0,8.0,100.0,96,140,3,partner_consecutive_v2
G1_Wcluster_alhx0,$\mathrm{IDP}_{50}$,Cter_symmetric_BB_contact_survival,symmetric_nac_bb,Any 1 banded symmetric C-ter BB,chain_pair,all,largest_cluster,66000.0,0.00027218190378116793,2.134776077083769e-05,1693.1306376189086,6068.634342139505,3030.839108841888,0.8,8.0,8.0,100.0,96,140,3,partner_consecutive_v2
G1_Wcluster_alhx0,$\mathrm{IDP}_{50}$,Cter_symmetric_BB_contact_survival,symmetric_nac_bb,Any 1 banded symmetric C-ter BB,chain_pair,all,largest_cluster,67000.0,0.0002646848651114425,3.0654293686851925e-05,1693.1306376189086,6068.634342139505,3030.839108841888,0.8,8.0,8.0,100.0,96,140,3,partner_consecutive_v2
G1_Wcluster_alhx0,$\mathrm{IDP}_{50}$,Cter_symmetric_BB_contact_survival,symmetric_nac_bb,Any 1 banded symmetric C-ter BB,chain_pair,all,largest_cluster,68000.0,0.00025718782644171707,4.060131658224961e-05,1693.1306376189086,6068.634342139505,3030.839108841888,0.8,8.0,8.0,100.0,96,140,3,partner_consecutive_v2
G1_Wcluster_alhx0,$\mathrm{IDP}_{50}$,Cter_symmetric_BB_contact_survival,symmetric_nac_bb,Any 1 banded symmetric C-ter BB,chain_pair,all,largest_cluster,69000.0,0.0002331177741156532,5.352469112274611e-05,1693.1306376189086,6068.634342139505,3030.839108841888,0.8,8.0,8.0,100.0,96,140,3,partner_consecutive_v2
G1_Wcluster_alhx0,$\mathrm{IDP}_{50}$,Cter_symmetric_BB_contact_survival,symmetric_nac_bb,Any 1 banded symmetric C-ter BB,chain_pair,all,largest_cluster,70000.0,0.00022404179912904028,4.815373360249761e-05,1693.1306376189086,6068.634342139505,3030.839108841888,0.8,8.0,8.0,100.0,96,140,3,partner_consecutive_v2
G1_Wcluster_alhx0,$\mathrm{IDP}_{50}$,Cter_symmetric_BB_contact_survival,symmetric_nac_bb,Any 1 banded symmetric C-ter BB,chain_pair,all,largest_cluster,71000.0,0.00022404179912904028,4.815373360249761e-05,1693.1306376189086,6068.634342139505,3030.839108841888,0.8,8.0,8.0,100.0,96,140,3,partner_consecutive_v2
G1_Wcluster_alhx0,$\mathrm{IDP}_{50}$,Cter_symmetric_BB_contact_survival,symmetric_nac_bb,Any 1 banded symmetric C-ter BB,chain_pair,all,largest_cluster,72000.0,0.00022404179912904028,4.815373360249761e-05,1693.1306376189086,6068.634342139505,3030.839108841888,0.8,8.0,8.0,100.0,96,140,3,partner_consecutive_v2
G1_Wcluster_alhx0,$\mathrm{IDP}_{50}$,Cter_symmetric_BB_contact_survival,symmetric_nac_bb,Any 1 banded symmetric C-ter BB,chain_pair,all,largest_cluster,73000.0,0.000183398733146638,7.352701745884561e-05,1693.1306376189086,6068.634342139505,3030.839108841888,0.8,8.0,8.0,100.0,96,140,3,partner_consecutive_v2
G1_Wcluster_alhx0,$\mathrm{IDP}_{50}$,Cter_symmetric_BB_contact_survival,symmetric_nac_bb,Any 1 banded symmetric C-ter BB,chain_pair,all,largest_cluster,74000.0,0.00017432275816002505,7.375862015601441e-05,1693.1306376189086,6068.634342139505,3030.839108841888,0.8,8.0,8.0,100.0,96,140,3,partner_consecutive_v2
G1_Wcluster_alhx0,$\mathrm{IDP}_{50}$,Cter_symmetric_BB_contact_survival,symmetric_nac_bb,Any 1 banded symmetric C-ter BB,chain_pair,all,largest_cluster,75000.0,0.00015634700744773594,5.157446803289013e-05,1693.1306376189086,6068.634342139505,3030.839108841888,0.8,8.0,8.0,100.0,96,140,3,partner_consecutive_v2
G1_Wcluster_alhx0,$\mathrm{IDP}_{50}$,Cter_symmetric_BB_contact_survival,symmetric_nac_bb,Any 1 banded symmetric C-ter BB,chain_pair,all,largest_cluster,76000.0,0.00015634700744773594,5.157446803289013e-05,1693.1306376189086,6068.634342139505,3030.839108841888,0.8,8.0,8.0,100.0,96,140,3,partner_consecutive_v2
G1_Wcluster_alhx0,$\mathrm{IDP}_{50}$,Cter_symmetric_BB_contact_survival,symmetric_nac_bb,Any 1 banded symmetric C-ter BB,chain_pair,all,largest_cluster,77000.0,0.00012929528174883387,2.9716041064523795e-05,1693.1306376189086,6068.634342139505,3030.839108841888,0.8,8.0,8.0,100.0,96,140,3,partner_consecutive_v2
G1_Wcluster_alhx0,$\mathrm{IDP}_{50}$,Cter_symmetric_BB_contact_survival,symmetric_nac_bb,Any 1 banded symmetric C-ter BB,chain_pair,all,largest_cluster,78000.0,0.00012929528174883387,2.9716041064523795e-05,1693.1306376189086,6068.634342139505,3030.839108841888,0.8,8.0,8.0,100.0,96,140,3,partner_consecutive_v2
G1_Wcluster_alhx0,$\mathrm{IDP}_{50}$,Cter_symmetric_BB_contact_survival,symmetric_nac_bb,Any 1 banded symmetric C-ter BB,chain_pair,all,largest_cluster,79000.0,0.00012929528174883387,2.9716041064523795e-05,1693.1306376189086,6068.634342139505,3030.839108841888,0.8,8.0,8.0,100.0,96,140,3,partner_consecutive_v2
G1_Wcluster_alhx0,$\mathrm{IDP}_{50}$,Cter_symmetric_BB_contact_survival,symmetric_nac_bb,Any 1 banded symmetric C-ter BB,chain_pair,all,largest_cluster,80000.0,0.00012929528174883387,2.9716041064523795e-05,1693.1306376189086,6068.634342139505,3030.839108841888,0.8,8.0,8.0,100.0,96,140,3,partner_consecutive_v2
G1_Wcluster_alhx0,$\mathrm{IDP}_{50}$,Cter_symmetric_BB_contact_survival,symmetric_nac_bb,Any 1 banded symmetric C-ter BB,chain_pair,all,largest_cluster,81000.0,0.00012929528174883387,2.9716041064523795e-05,1693.1306376189086,6068.634342139505,3030.839108841888,0.8,8.0,8.0,100.0,96,140,3,partner_consecutive_v2
G1_Wcluster_alhx0,$\mathrm{IDP}_{50}$,Cter_symmetric_BB_contact_survival,symmetric_nac_bb,Any 1 banded symmetric C-ter BB,chain_pair,all,largest_cluster,82000.0,0.00012030740639268932,2.1462481993996024e-05,1693.1306376189086,6068.634342139505,3030.839108841888,0.8,8.0,8.0,100.0,96,140,3,partner_consecutive_v2
G1_Wcluster_alhx0,$\mathrm{IDP}_{50}$,Cter_symmetric_BB_contact_survival,symmetric_nac_bb,Any 1 banded symmetric C-ter BB,chain_pair,all,largest_cluster,83000.0,0.00012030740639268932,2.1462481993996024e-05,1693.1306376189086,6068.634342139505,3030.839108841888,0.8,8.0,8.0,100.0,96,140,3,partner_consecutive_v2
G1_Wcluster_alhx0,$\mathrm{IDP}_{50}$,Cter_symmetric_BB_contact_survival,symmetric_nac_bb,Any 1 banded symmetric C-ter BB,chain_pair,all,largest_cluster,84000.0,0.00011123143140607638,1.8384752943071904e-05,1693.1306376189086,6068.634342139505,3030.839108841888,0.8,8.0,8.0,100.0,96,140,3,partner_consecutive_v2
G1_Wcluster_alhx0,$\mathrm{IDP}_{50}$,Cter_symmetric_BB_contact_survival,symmetric_nac_bb,Any 1 banded symmetric C-ter BB,chain_pair,all,largest_cluster,85000.0,0.00011123143140607638,1.8384752943071904e-05,1693.1306376189086,6068.634342139505,3030.839108841888,0.8,8.0,8.0,100.0,96,140,3,partner_consecutive_v2
G1_Wcluster_alhx0,$\mathrm{IDP}_{50}$,Cter_symmetric_BB_contact_survival,symmetric_nac_bb,Any 1 banded symmetric C-ter BB,chain_pair,all,largest_cluster,86000.0,0.00011123143140607638,1.8384752943071904e-05,1693.1306376189086,6068.634342139505,3030.839108841888,0.8,8.0,8.0,100.0,96,140,3,partner_consecutive_v2
G1_Wcluster_alhx0,$\mathrm{IDP}_{50}$,Cter_symmetric_BB_contact_survival,symmetric_nac_bb,Any 1 banded symmetric C-ter BB,chain_pair,all,largest_cluster,87000.0,9.474651738020638e-05,1.9289871962955963e-05,1693.1306376189086,6068.634342139505,3030.839108841888,0.8,8.0,8.0,100.0,96,140,3,partner_consecutive_v2
G1_Wcluster_alhx0,$\mathrm{IDP}_{50}$,Cter_symmetric_BB_contact_survival,symmetric_nac_bb,Any 1 banded symmetric C-ter BB,chain_pair,all,largest_cluster,88000.0,7.826160335433636e-05,2.6165231748137127e-05,1693.1306376189086,6068.634342139505,3030.839108841888,0.8,8.0,8.0,100.0,96,140,3,partner_consecutive_v2
G1_Wcluster_alhx0,$\mathrm{IDP}_{50}$,Cter_symmetric_BB_contact_survival,symmetric_nac_bb,Any 1 banded symmetric C-ter BB,chain_pair,all,largest_cluster,89000.0,7.826160335433636e-05,2.6165231748137127e-05,1693.1306376189086,6068.634342139505,3030.839108841888,0.8,8.0,8.0,100.0,96,140,3,partner_consecutive_v2
G1_Wcluster_alhx0,$\mathrm{IDP}_{50}$,Cter_symmetric_BB_contact_survival,symmetric_nac_bb,Any 1 banded symmetric C-ter BB,chain_pair,all,largest_cluster,90000.0,7.826160335433636e-05,2.6165231748137127e-05,1693.1306376189086,6068.634342139505,3030.839108841888,0.8,8.0,8.0,100.0,96,140,3,partner_consecutive_v2
G1_Wcluster_alhx0,$\mathrm{IDP}_{50}$,Cter_symmetric_BB_contact_survival,symmetric_nac_bb,Any 1 banded symmetric C-ter BB,chain_pair,all,largest_cluster,91000.0,6.918562836772341e-05,1.711744660509743e-05,1693.1306376189086,6068.634342139505,3030.839108841888,0.8,8.0,8.0,100.0,96,140,3,partner_consecutive_v2
G1_Wcluster_alhx0,$\mathrm{IDP}_{50}$,Cter_symmetric_BB_contact_survival,symmetric_nac_bb,Any 1 banded symmetric C-ter BB,chain_pair,all,largest_cluster,92000.0,6.918562836772341e-05,1.711744660509743e-05,1693.1306376189086,6068.634342139505,3030.839108841888,0.8,8.0,8.0,100.0,96,140,3,partner_consecutive_v2
G1_Wcluster_alhx0,$\mathrm{IDP}_{50}$,Cter_symmetric_BB_contact_survival,symmetric_nac_bb,Any 1 banded symmetric C-ter BB,chain_pair,all,largest_cluster,93000.0,6.918562836772341e-05,1.711744660509743e-05,1693.1306376189086,6068.634342139505,3030.839108841888,0.8,8.0,8.0,100.0,96,140,3,partner_consecutive_v2
G1_Wcluster_alhx0,$\mathrm{IDP}_{50}$,Cter_symmetric_BB_contact_survival,symmetric_nac_bb,Any 1 banded symmetric C-ter BB,chain_pair,all,largest_cluster,94000.0,6.918562836772341e-05,1.711744660509743e-05,1693.1306376189086,6068.634342139505,3030.839108841888,0.8,8.0,8.0,100.0,96,140,3,partner_consecutive_v2
G1_Wcluster_alhx0,$\mathrm{IDP}_{50}$,Cter_symmetric_BB_contact_survival,symmetric_nac_bb,Any 1 banded symmetric C-ter BB,chain_pair,all,largest_cluster,95000.0,6.918562836772341e-05,1.711744660509743e-05,1693.1306376189086,6068.634342139505,3030.839108841888,0.8,8.0,8.0,100.0,96,140,3,partner_consecutive_v2
G1_Wcluster_alhx0,$\mathrm{IDP}_{50}$,Cter_symmetric_BB_contact_survival,symmetric_nac_bb,Any 1 banded symmetric C-ter BB,chain_pair,all,largest_cluster,96000.0,6.918562836772341e-05,1.711744660509743e-05,1693.1306376189086,6068.634342139505,3030.839108841888,0.8,8.0,8.0,100.0,96,140,3,partner_consecutive_v2
G1_Wcluster_alhx0,$\mathrm{IDP}_{50}$,Cter_symmetric_BB_contact_survival,symmetric_nac_bb,Any 1 banded symmetric C-ter BB,chain_pair,all,largest_cluster,97000.0,6.918562836772341e-05,1.711744660509743e-05,1693.1306376189086,6068.634342139505,3030.839108841888,0.8,8.0,8.0,100.0,96,140,3,partner_consecutive_v2
G1_Wcluster_alhx0,$\mathrm{IDP}_{50}$,Cter_symmetric_BB_contact_survival,symmetric_nac_bb,Any 1 banded symmetric C-ter BB,chain_pair,all,largest_cluster,98000.0,6.918562836772341e-05,1.711744660509743e-05,1693.1306376189086,6068.634342139505,3030.839108841888,0.8,8.0,8.0,100.0,96,140,3,partner_consecutive_v2
G1_Wcluster_alhx0,$\mathrm{IDP}_{50}$,Cter_symmetric_BB_contact_survival,symmetric_nac_bb,Any 1 banded symmetric C-ter BB,chain_pair,all,largest_cluster,99000.0,5.270071434185339e-05,2.4180860368716693e-05,1693.1306376189086,6068.634342139505,3030.839108841888,0.8,8.0,8.0,100.0,96,140,3,partner_consecutive_v2
G1_Wcluster_alhx0,$\mathrm{IDP}_{50}$,Cter_symmetric_BB_contact_survival,symmetric_nac_bb,Any 1 banded symmetric C-ter BB,chain_pair,all,largest_cluster,100000.0,5.270071434185339e-05,2.4180860368716693e-05,1693.1306376189086,6068.634342139505,3030.839108841888,0.8,8.0,8.0,100.0,96,140,3,partner_consecutive_v2
G1_Wcluster_alhx0,$\mathrm{IDP}_{50}$,Cter_symmetric_BB_contact_survival,symmetric_nac_bb,Any 1 banded symmetric C-ter BB,chain_pair,all,largest_cluster,101000.0,3.463686399909589e-05,1.4132586192854724e-05,1693.1306376189086,6068.634342139505,3030.839108841888,0.8,8.0,8.0,100.0,96,140,3,partner_consecutive_v2
G1_Wcluster_alhx0,$\mathrm{IDP}_{50}$,Cter_symmetric_BB_contact_survival,symmetric_nac_bb,Any 1 banded symmetric C-ter BB,chain_pair,all,largest_cluster,102000.0,3.463686399909589e-05,1.4132586192854724e-05,1693.1306376189086,6068.634342139505,3030.839108841888,0.8,8.0,8.0,100.0,96,140,3,partner_consecutive_v2
G1_Wcluster_alhx0,$\mathrm{IDP}_{50}$,Cter_symmetric_BB_contact_survival,symmetric_nac_bb,Any 1 banded symmetric C-ter BB,chain_pair,all,largest_cluster,103000.0,3.463686399909589e-05,1.4132586192854724e-05,1693.1306376189086,6068.634342139505,3030.839108841888,0.8,8.0,8.0,100.0,96,140,3,partner_consecutive_v2
G1_Wcluster_alhx0,$\mathrm{IDP}_{50}$,Cter_symmetric_BB_contact_survival,symmetric_nac_bb,Any 1 banded symmetric C-ter BB,chain_pair,all,largest_cluster,104000.0,3.463686399909589e-05,1.4132586192854724e-05,1693.1306376189086,6068.634342139505,3030.839108841888,0.8,8.0,8.0,100.0,96,140,3,partner_consecutive_v2
G1_Wcluster_alhx0,$\mathrm{IDP}_{50}$,Cter_symmetric_BB_contact_survival,symmetric_nac_bb,Any 1 banded symmetric C-ter BB,chain_pair,all,largest_cluster,105000.0,3.463686399909589e-05,1.4132586192854724e-05,1693.1306376189086,6068.634342139505,3030.839108841888,0.8,8.0,8.0,100.0,96,140,3,partner_consecutive_v2
G1_Wcluster_alhx0,$\mathrm{IDP}_{50}$,Cter_symmetric_BB_contact_survival,symmetric_nac_bb,Any 1 banded symmetric C-ter BB,chain_pair,all,largest_cluster,106000.0,3.463686399909589e-05,1.4132586192854724e-05,1693.1306376189086,6068.634342139505,3030.839108841888,0.8,8.0,8.0,100.0,96,140,3,partner_consecutive_v2
G1_Wcluster_alhx0,$\mathrm{IDP}_{50}$,Cter_symmetric_BB_contact_survival,symmetric_nac_bb,Any 1 banded symmetric C-ter BB,chain_pair,all,largest_cluster,107000.0,3.463686399909589e-05,1.4132586192854724e-05,1693.1306376189086,6068.634342139505,3030.839108841888,0.8,8.0,8.0,100.0,96,140,3,partner_consecutive_v2
G1_Wcluster_alhx0,$\mathrm{IDP}_{50}$,Cter_symmetric_BB_contact_survival,symmetric_nac_bb,Any 1 banded symmetric C-ter BB,chain_pair,all,largest_cluster,108000.0,3.463686399909589e-05,1.4132586192854724e-05,1693.1306376189086,6068.634342139505,3030.839108841888,0.8,8.0,8.0,100.0,96,140,3,partner_consecutive_v2
G1_Wcluster_alhx0,$\mathrm{IDP}_{50}$,Cter_symmetric_BB_contact_survival,symmetric_nac_bb,Any 1 banded symmetric C-ter BB,chain_pair,all,largest_cluster,109000.0,3.463686399909589e-05,1.4132586192854724e-05,1693.1306376189086,6068.634342139505,3030.839108841888,0.8,8.0,8.0,100.0,96,140,3,partner_consecutive_v2
G1_Wcluster_alhx0,$\mathrm{IDP}_{50}$,Cter_symmetric_BB_contact_survival,symmetric_nac_bb,Any 1 banded symmetric C-ter BB,chain_pair,all,largest_cluster,110000.0,3.463686399909589e-05,1.4132586192854724e-05,1693.1306376189086,6068.634342139505,3030.839108841888,0.8,8.0,8.0,100.0,96,140,3,partner_consecutive_v2
G1_Wcluster_alhx0,$\mathrm{IDP}_{50}$,Cter_symmetric_BB_contact_survival,symmetric_nac_bb,Any 1 banded symmetric C-ter BB,chain_pair,all,largest_cluster,111000.0,3.463686399909589e-05,1.4132586192854724e-05,1693.1306376189086,6068.634342139505,3030.839108841888,0.8,8.0,8.0,100.0,96,140,3,partner_consecutive_v2
G1_Wcluster_alhx0,$\mathrm{IDP}_{50}$,Cter_symmetric_BB_contact_survival,symmetric_nac_bb,Any 1 banded symmetric C-ter BB,chain_pair,all,largest_cluster,112000.0,3.463686399909589e-05,1.4132586192854724e-05,1693.1306376189086,6068.634342139505,3030.839108841888,0.8,8.0,8.0,100.0,96,140,3,partner_consecutive_v2
G1_Wcluster_alhx0,$\mathrm{IDP}_{50}$,Cter_symmetric_BB_contact_survival,symmetric_nac_bb,Any 1 banded symmetric C-ter BB,chain_pair,all,largest_cluster,113000.0,3.463686399909589e-05,1.4132586192854724e-05,1693.1306376189086,6068.634342139505,3030.839108841888,0.8,8.0,8.0,100.0,96,140,3,partner_consecutive_v2
G1_Wcluster_alhx0,$\mathrm{IDP}_{50}$,Cter_symmetric_BB_contact_survival,symmetric_nac_bb,Any 1 banded symmetric C-ter BB,chain_pair,all,largest_cluster,114000.0,3.463686399909589e-05,1.4132586192854724e-05,1693.1306376189086,6068.634342139505,3030.839108841888,0.8,8.0,8.0,100.0,96,140,3,partner_consecutive_v2
G1_Wcluster_alhx0,$\mathrm{IDP}_{50}$,Cter_symmetric_BB_contact_survival,symmetric_nac_bb,Any 1 banded symmetric C-ter BB,chain_pair,all,largest_cluster,115000.0,3.463686399909589e-05,1.4132586192854724e-05,1693.1306376189086,6068.634342139505,3030.839108841888,0.8,8.0,8.0,100.0,96,140,3,partner_consecutive_v2
G1_Wcluster_alhx0,$\mathrm{IDP}_{50}$,Cter_symmetric_BB_contact_survival,symmetric_nac_bb,Any 1 banded symmetric C-ter BB,chain_pair,all,largest_cluster,116000.0,3.463686399909589e-05,1.4132586192854724e-05,1693.1306376189086,6068.634342139505,3030.839108841888,0.8,8.0,8.0,100.0,96,140,3,partner_consecutive_v2
G1_Wcluster_alhx0,$\mathrm{IDP}_{50}$,Cter_symmetric_BB_contact_survival,symmetric_nac_bb,Any 1 banded symmetric C-ter BB,chain_pair,all,largest_cluster,117000.0,3.463686399909589e-05,1.4132586192854724e-05,1693.1306376189086,6068.634342139505,3030.839108841888,0.8,8.0,8.0,100.0,96,140,3,partner_consecutive_v2
G1_Wcluster_alhx0,$\mathrm{IDP}_{50}$,Cter_symmetric_BB_contact_survival,symmetric_nac_bb,Any 1 banded symmetric C-ter BB,chain_pair,all,largest_cluster,118000.0,3.463686399909589e-05,1.4132586192854724e-05,1693.1306376189086,6068.634342139505,3030.839108841888,0.8,8.0,8.0,100.0,96,140,3,partner_consecutive_v2
G1_Wcluster_alhx0,$\mathrm{IDP}_{50}$,Cter_symmetric_BB_contact_survival,symmetric_nac_bb,Any 1 banded symmetric C-ter BB,chain_pair,all,largest_cluster,119000.0,3.463686399909589e-05,1.4132586192854724e-05,1693.1306376189086,6068.634342139505,3030.839108841888,0.8,8.0,8.0,100.0,96,140,3,partner_consecutive_v2
G1_Wcluster_alhx0,$\mathrm{IDP}_{50}$,Cter_symmetric_BB_contact_survival,symmetric_nac_bb,Any 1 banded symmetric C-ter BB,chain_pair,all,largest_cluster,120000.0,3.463686399909589e-05,1.4132586192854724e-05,1693.1306376189086,6068.634342139505,3030.839108841888,0.8,8.0,8.0,100.0,96,140,3,partner_consecutive_v2
G1_Wcluster_alhx0,$\mathrm{IDP}_{50}$,Cter_symmetric_BB_contact_survival,symmetric_nac_bb,Any 1 banded symmetric C-ter BB,chain_pair,all,largest_cluster,121000.0,3.463686399909589e-05,1.4132586192854724e-05,1693.1306376189086,6068.634342139505,3030.839108841888,0.8,8.0,8.0,100.0,96,140,3,partner_consecutive_v2
G1_Wcluster_alhx0,$\mathrm{IDP}_{50}$,Cter_symmetric_BB_contact_survival,symmetric_nac_bb,Any 1 banded symmetric C-ter BB,chain_pair,all,largest_cluster,122000.0,3.463686399909589e-05,1.4132586192854724e-05,1693.1306376189086,6068.634342139505,3030.839108841888,0.8,8.0,8.0,100.0,96,140,3,partner_consecutive_v2
G1_Wcluster_alhx0,$\mathrm{IDP}_{50}$,Cter_symmetric_BB_contact_survival,symmetric_nac_bb,Any 1 banded symmetric C-ter BB,chain_pair,all,largest_cluster,123000.0,3.463686399909589e-05,1.4132586192854724e-05,1693.1306376189086,6068.634342139505,3030.839108841888,0.8,8.0,8.0,100.0,96,140,3,partner_consecutive_v2
G1_Wcluster_alhx0,$\mathrm{IDP}_{50}$,Cter_symmetric_BB_contact_survival,symmetric_nac_bb,Any 1 banded symmetric C-ter BB,chain_pair,all,largest_cluster,124000.0,3.463686399909589e-05,1.4132586192854724e-05,1693.1306376189086,6068.634342139505,3030.839108841888,0.8,8.0,8.0,100.0,96,140,3,partner_consecutive_v2
G1_Wcluster_alhx0,$\mathrm{IDP}_{50}$,Cter_symmetric_BB_contact_survival,symmetric_nac_bb,Any 1 banded symmetric C-ter BB,chain_pair,all,largest_cluster,125000.0,3.463686399909589e-05,1.4132586192854724e-05,1693.1306376189086,6068.634342139505,3030.839108841888,0.8,8.0,8.0,100.0,96,140,3,partner_consecutive_v2
G1_Wcluster_alhx0,$\mathrm{IDP}_{50}$,Cter_symmetric_BB_contact_survival,symmetric_nac_bb,Any 1 banded symmetric C-ter BB,chain_pair,all,largest_cluster,126000.0,3.463686399909589e-05,1.4132586192854724e-05,1693.1306376189086,6068.634342139505,3030.839108841888,0.8,8.0,8.0,100.0,96,140,3,partner_consecutive_v2
G1_Wcluster_alhx0,$\mathrm{IDP}_{50}$,Cter_symmetric_BB_contact_survival,symmetric_nac_bb,Any 1 banded symmetric C-ter BB,chain_pair,all,largest_cluster,127000.0,3.463686399909589e-05,1.4132586192854724e-05,1693.1306376189086,6068.634342139505,3030.839108841888,0.8,8.0,8.0,100.0,96,140,3,partner_consecutive_v2
G1_Wcluster_alhx0,$\mathrm{IDP}_{50}$,Cter_symmetric_BB_contact_survival,symmetric_nac_bb,Any 1 banded symmetric C-ter BB,chain_pair,all,largest_cluster,128000.0,3.463686399909589e-05,1.4132586192854724e-05,1693.1306376189086,6068.634342139505,3030.839108841888,0.8,8.0,8.0,100.0,96,140,3,partner_consecutive_v2
G1_Wcluster_alhx0,$\mathrm{IDP}_{50}$,Cter_symmetric_BB_contact_survival,symmetric_nac_bb,Any 1 banded symmetric C-ter BB,chain_pair,all,largest_cluster,129000.0,3.463686399909589e-05,1.4132586192854724e-05,1693.1306376189086,6068.634342139505,3030.839108841888,0.8,8.0,8.0,100.0,96,140,3,partner_consecutive_v2
G1_Wcluster_alhx0,$\mathrm{IDP}_{50}$,Cter_symmetric_BB_contact_survival,symmetric_nac_bb,Any 1 banded symmetric C-ter BB,chain_pair,all,largest_cluster,130000.0,3.463686399909589e-05,1.4132586192854724e-05,1693.1306376189086,6068.634342139505,3030.839108841888,0.8,8.0,8.0,100.0,96,140,3,partner_consecutive_v2
G1_Wcluster_alhx0,$\mathrm{IDP}_{50}$,Cter_symmetric_BB_contact_survival,symmetric_nac_bb,Any 1 banded symmetric C-ter BB,chain_pair,all,largest_cluster,131000.0,3.463686399909589e-05,1.4132586192854724e-05,1693.1306376189086,6068.634342139505,3030.839108841888,0.8,8.0,8.0,100.0,96,140,3,partner_consecutive_v2
G1_Wcluster_alhx0,$\mathrm{IDP}_{50}$,Cter_symmetric_BB_contact_survival,symmetric_nac_bb,Any 1 banded symmetric C-ter BB,chain_pair,all,largest_cluster,132000.0,3.463686399909589e-05,1.4132586192854724e-05,1693.1306376189086,6068.634342139505,3030.839108841888,0.8,8.0,8.0,100.0,96,140,3,partner_consecutive_v2
G1_Wcluster_alhx0,$\mathrm{IDP}_{50}$,Cter_symmetric_BB_contact_survival,symmetric_nac_bb,Any 1 banded symmetric C-ter BB,chain_pair,all,largest_cluster,133000.0,3.463686399909589e-05,1.4132586192854724e-05,1693.1306376189086,6068.634342139505,3030.839108841888,0.8,8.0,8.0,100.0,96,140,3,partner_consecutive_v2
G1_Wcluster_alhx0,$\mathrm{IDP}_{50}$,Cter_symmetric_BB_contact_survival,symmetric_nac_bb,Any 1 banded symmetric C-ter BB,chain_pair,all,largest_cluster,134000.0,3.463686399909589e-05,1.4132586192854724e-05,1693.1306376189086,6068.634342139505,3030.839108841888,0.8,8.0,8.0,100.0,96,140,3,partner_consecutive_v2
G1_Wcluster_alhx0,$\mathrm{IDP}_{50}$,Cter_symmetric_BB_contact_survival,symmetric_nac_bb,Any 1 banded symmetric C-ter BB,chain_pair,all,largest_cluster,135000.0,2.7139825329370434e-05,2.2231856756364714e-05,1693.1306376189086,6068.634342139505,3030.839108841888,0.8,8.0,8.0,100.0,96,140,3,partner_consecutive_v2
G1_Wcluster_alhx0,$\mathrm{IDP}_{50}$,Cter_symmetric_BB_contact_survival,symmetric_nac_bb,Any 1 banded symmetric C-ter BB,chain_pair,all,largest_cluster,136000.0,2.7139825329370434e-05,2.2231856756364714e-05,1693.1306376189086,6068.634342139505,3030.839108841888,0.8,8.0,8.0,100.0,96,140,3,partner_consecutive_v2
G1_Wcluster_alhx0,$\mathrm{IDP}_{50}$,Cter_symmetric_BB_contact_survival,symmetric_nac_bb,Any 1 banded symmetric C-ter BB,chain_pair,all,largest_cluster,137000.0,2.7139825329370434e-05,2.2231856756364714e-05,1693.1306376189086,6068.634342139505,3030.839108841888,0.8,8.0,8.0,100.0,96,140,3,partner_consecutive_v2
G1_Wcluster_alhx0,$\mathrm{IDP}_{50}$,Cter_symmetric_BB_contact_survival,symmetric_nac_bb,Any 1 banded symmetric C-ter BB,chain_pair,all,largest_cluster,138000.0,1.8151949973225873e-05,2.567073383565397e-05,1693.1306376189086,6068.634342139505,3030.839108841888,0.8,8.0,8.0,100.0,96,140,3,partner_consecutive_v2
G1_Wcluster_alhx0,$\mathrm{IDP}_{50}$,Cter_symmetric_BB_contact_survival,symmetric_nac_bb,Any 1 banded symmetric C-ter BB,chain_pair,all,largest_cluster,139000.0,1.8151949973225873e-05,2.567073383565397e-05,1693.1306376189086,6068.634342139505,3030.839108841888,0.8,8.0,8.0,100.0,96,140,3,partner_consecutive_v2
G1_Wcluster_alhx0,$\mathrm{IDP}_{50}$,Cter_symmetric_BB_contact_survival,symmetric_nac_bb,Any 1 banded symmetric C-ter BB,chain_pair,all,largest_cluster,140000.0,1.8151949973225873e-05,2.567073383565397e-05,1693.1306376189086,6068.634342139505,3030.839108841888,0.8,8.0,8.0,100.0,96,140,3,partner_consecutive_v2
G1_Wcluster_alhx0,$\mathrm{IDP}_{50}$,Cter_symmetric_BB_contact_survival,symmetric_nac_bb,Any 1 banded symmetric C-ter BB,chain_pair,all,largest_cluster,141000.0,1.8151949973225873e-05,2.567073383565397e-05,1693.1306376189086,6068.634342139505,3030.839108841888,0.8,8.0,8.0,100.0,96,140,3,partner_consecutive_v2
G1_Wcluster_alhx0,$\mathrm{IDP}_{50}$,Cter_symmetric_BB_contact_survival,symmetric_nac_bb,Any 1 banded symmetric C-ter BB,chain_pair,all,largest_cluster,142000.0,1.8151949973225873e-05,2.567073383565397e-05,1693.1306376189086,6068.634342139505,3030.839108841888,0.8,8.0,8.0,100.0,96,140,3,partner_consecutive_v2
G1_Wcluster_alhx0,$\mathrm{IDP}_{50}$,Cter_symmetric_BB_contact_survival,symmetric_nac_bb,Any 1 banded symmetric C-ter BB,chain_pair,all,largest_cluster,143000.0,1.8151949973225873e-05,2.567073383565397e-05,1693.1306376189086,6068.634342139505,3030.839108841888,0.8,8.0,8.0,100.0,96,140,3,partner_consecutive_v2
G1_Wcluster_alhx0,$\mathrm{IDP}_{50}$,Cter_symmetric_BB_contact_survival,symmetric_nac_bb,Any 1 banded symmetric C-ter BB,chain_pair,all,largest_cluster,144000.0,1.8151949973225873e-05,2.567073383565397e-05,1693.1306376189086,6068.634342139505,3030.839108841888,0.8,8.0,8.0,100.0,96,140,3,partner_consecutive_v2
G1_Wcluster_alhx0,$\mathrm{IDP}_{50}$,Cter_symmetric_BB_contact_survival,symmetric_nac_bb,Any 1 banded symmetric C-ter BB,chain_pair,all,largest_cluster,145000.0,1.8151949973225873e-05,2.567073383565397e-05,1693.1306376189086,6068.634342139505,3030.839108841888,0.8,8.0,8.0,100.0,96,140,3,partner_consecutive_v2
G1_Wcluster_alhx0,$\mathrm{IDP}_{50}$,Cter_symmetric_BB_contact_survival,symmetric_nac_bb,Any 1 banded symmetric C-ter BB,chain_pair,all,largest_cluster,146000.0,1.8151949973225873e-05,2.567073383565397e-05,1693.1306376189086,6068.634342139505,3030.839108841888,0.8,8.0,8.0,100.0,96,140,3,partner_consecutive_v2
G1_Wcluster_alhx0,$\mathrm{IDP}_{50}$,Cter_symmetric_BB_contact_survival,symmetric_nac_bb,Any 1 banded symmetric C-ter BB,chain_pair,all,largest_cluster,147000.0,1.8151949973225873e-05,2.567073383565397e-05,1693.1306376189086,6068.634342139505,3030.839108841888,0.8,8.0,8.0,100.0,96,140,3,partner_consecutive_v2
G1_Wcluster_alhx0,$\mathrm{IDP}_{50}$,Cter_symmetric_BB_contact_survival,symmetric_nac_bb,Any 1 banded symmetric C-ter BB,chain_pair,all,largest_cluster,148000.0,1.8151949973225873e-05,2.567073383565397e-05,1693.1306376189086,6068.634342139505,3030.839108841888,0.8,8.0,8.0,100.0,96,140,3,partner_consecutive_v2
G1_Wcluster_alhx0,$\mathrm{IDP}_{50}$,Cter_symmetric_BB_contact_survival,symmetric_nac_bb,Any 1 banded symmetric C-ter BB,chain_pair,all,largest_cluster,149000.0,1.8151949973225873e-05,2.567073383565397e-05,1693.1306376189086,6068.634342139505,3030.839108841888,0.8,8.0,8.0,100.0,96,140,3,partner_consecutive_v2
G1_Wcluster_alhx0,$\mathrm{IDP}_{50}$,Cter_symmetric_BB_contact_survival,symmetric_nac_bb,Any 1 banded symmetric C-ter BB,chain_pair,all,largest_cluster,150000.0,1.8151949973225873e-05,2.567073383565397e-05,1693.1306376189086,6068.634342139505,3030.839108841888,0.8,8.0,8.0,100.0,96,140,3,partner_consecutive_v2
G1_Wcluster_alhx0,$\mathrm{IDP}_{50}$,Cter_symmetric_BB_contact_survival,symmetric_nac_bb,Any 1 banded symmetric C-ter BB,chain_pair,all,largest_cluster,151000.0,1.8151949973225873e-05,2.567073383565397e-05,1693.1306376189086,6068.634342139505,3030.839108841888,0.8,8.0,8.0,100.0,96,140,3,partner_consecutive_v2
G1_Wcluster_alhx0,$\mathrm{IDP}_{50}$,Cter_symmetric_BB_contact_survival,symmetric_nac_bb,Any 1 banded symmetric C-ter BB,chain_pair,all,largest_cluster,152000.0,9.075974986612936e-06,1.2835366917826985e-05,1693.1306376189086,6068.634342139505,3030.839108841888,0.8,8.0,8.0,100.0,96,140,3,partner_consecutive_v2
G1_Wcluster_alhx0,$\mathrm{IDP}_{50}$,Cter_symmetric_BB_contact_survival,symmetric_nac_bb,Any 1 banded symmetric C-ter BB,chain_pair,all,largest_cluster,153000.0,9.075974986612936e-06,1.2835366917826985e-05,1693.1306376189086,6068.634342139505,3030.839108841888,0.8,8.0,8.0,100.0,96,140,3,partner_consecutive_v2
G1_Wcluster_alhx0,$\mathrm{IDP}_{50}$,Cter_symmetric_BB_contact_survival,symmetric_nac_bb,Any 1 banded symmetric C-ter BB,chain_pair,all,largest_cluster,154000.0,9.075974986612936e-06,1.2835366917826985e-05,1693.1306376189086,6068.634342139505,3030.839108841888,0.8,8.0,8.0,100.0,96,140,3,partner_consecutive_v2
G1_Wcluster_alhx0,$\mathrm{IDP}_{50}$,Cter_symmetric_BB_contact_survival,symmetric_nac_bb,Any 1 banded symmetric C-ter BB,chain_pair,all,largest_cluster,155000.0,9.075974986612936e-06,1.2835366917826985e-05,1693.1306376189086,6068.634342139505,3030.839108841888,0.8,8.0,8.0,100.0,96,140,3,partner_consecutive_v2
G1_Wcluster_alhx0,$\mathrm{IDP}_{50}$,Cter_symmetric_BB_contact_survival,symmetric_nac_bb,Any 1 banded symmetric C-ter BB,chain_pair,all,largest_cluster,156000.0,9.075974986612936e-06,1.2835366917826985e-05,1693.1306376189086,6068.634342139505,3030.839108841888,0.8,8.0,8.0,100.0,96,140,3,partner_consecutive_v2
G2_Wcluster_alhx700,$\mathrm{Hel}_{50}$,Cter_symmetric_BB_contact_survival,symmetric_nac_bb,Any 1 banded symmetric C-ter BB,chain_pair,all,largest_cluster,0.0,1.0,0.0,1778.6775827723613,7150.970071685522,3783.6208029308486,0.8,8.0,8.0,100.0,96,140,3,partner_consecutive_v2
G2_Wcluster_alhx700,$\mathrm{Hel}_{50}$,Cter_symmetric_BB_contact_survival,symmetric_nac_bb,Any 1 banded symmetric C-ter BB,chain_pair,all,largest_cluster,1000.0,0.5055474824502099,0.003975410672963106,1778.6775827723613,7150.970071685522,3783.6208029308486,0.8,8.0,8.0,100.0,96,140,3,partner_consecutive_v2
G2_Wcluster_alhx700,$\mathrm{Hel}_{50}$,Cter_symmetric_BB_contact_survival,symmetric_nac_bb,Any 1 banded symmetric C-ter BB,chain_pair,all,largest_cluster,2000.0,0.3287502504191789,0.00253456716490494,1778.6775827723613,7150.970071685522,3783.6208029308486,0.8,8.0,8.0,100.0,96,140,3,partner_consecutive_v2
G2_Wcluster_alhx700,$\mathrm{Hel}_{50}$,Cter_symmetric_BB_contact_survival,symmetric_nac_bb,Any 1 banded symmetric C-ter BB,chain_pair,all,largest_cluster,3000.0,0.2400123419313487,0.0025579162731504575,1778.6775827723613,7150.970071685522,3783.6208029308486,0.8,8.0,8.0,100.0,96,140,3,partner_consecutive_v2
G2_Wcluster_alhx700,$\mathrm{Hel}_{50}$,Cter_symmetric_BB_contact_survival,symmetric_nac_bb,Any 1 banded symmetric C-ter BB,chain_pair,all,largest_cluster,4000.0,0.18487777167351005,0.002566931709960643,1778.6775827723613,7150.970071685522,3783.6208029308486,0.8,8.0,8.0,100.0,96,140,3,partner_consecutive_v2
G2_Wcluster_alhx700,$\mathrm{Hel}_{50}$,Cter_symmetric_BB_contact_survival,symmetric_nac_bb,Any 1 banded symmetric C-ter BB,chain_pair,all,largest_cluster,5000.0,0.14733796870422583,0.0024979411088015585,1778.6775827723613,7150.970071685522,3783.6208029308486,0.8,8.0,8.0,100.0,96,140,3,partner_consecutive_v2
G2_Wcluster_alhx700,$\mathrm{Hel}_{50}$,Cter_symmetric_BB_contact_survival,symmetric_nac_bb,Any 1 banded symmetric C-ter BB,chain_pair,all,largest_cluster,6000.0,0.12163462340367354,0.0031396091824373936,1778.6775827723613,7150.970071685522,3783.6208029308486,0.8,8.0,8.0,100.0,96,140,3,partner_consecutive_v2
G2_Wcluster_alhx700,$\mathrm{Hel}_{50}$,Cter_symmetric_BB_contact_survival,symmetric_nac_bb,Any 1 banded symmetric C-ter BB,chain_pair,all,largest_cluster,7000.0,0.10213623510525986,0.0028846814649044115,1778.6775827723613,7150.970071685522,3783.6208029308486,0.8,8.0,8.0,100.0,96,140,3,partner_consecutive_v2
G2_Wcluster_alhx700,$\mathrm{Hel}_{50}$,Cter_symmetric_BB_contact_survival,symmetric_nac_bb,Any 1 banded symmetric C-ter BB,chain_pair,all,largest_cluster,8000.0,0.08798617820053946,0.0027510609649853677,1778.6775827723613,7150.970071685522,3783.6208029308486,0.8,8.0,8.0,100.0,96,140,3,partner_consecutive_v2
G2_Wcluster_alhx700,$\mathrm{Hel}_{50}$,Cter_symmetric_BB_contact_survival,symmetric_nac_bb,Any 1 banded symmetric C-ter BB,chain_pair,all,largest_cluster,9000.0,0.07649867344774247,0.002559722168663047,1778.6775827723613,7150.970071685522,3783.6208029308486,0.8,8.0,8.0,100.0,96,140,3,partner_consecutive_v2
G2_Wcluster_alhx700,$\mathrm{Hel}_{50}$,Cter_symmetric_BB_contact_survival,symmetric_nac_bb,Any 1 banded symmetric C-ter BB,chain_pair,all,largest_cluster,10000.0,0.06679798195460497,0.0020959155038471895,1778.6775827723613,7150.970071685522,3783.6208029308486,0.8,8.0,8.0,100.0,96,140,3,partner_consecutive_v2
G2_Wcluster_alhx700,$\mathrm{Hel}_{50}$,Cter_symmetric_BB_contact_survival,symmetric_nac_bb,Any 1 banded symmetric C-ter BB,chain_pair,all,largest_cluster,11000.0,0.05863043154672027,0.0016273359719424841,1778.6775827723613,7150.970071685522,3783.6208029308486,0.8,8.0,8.0,100.0,96,140,3,partner_consecutive_v2
G2_Wcluster_alhx700,$\mathrm{Hel}_{50}$,Cter_symmetric_BB_contact_survival,symmetric_nac_bb,Any 1 banded symmetric C-ter BB,chain_pair,all,largest_cluster,12000.0,0.05221180346872664,0.0018172040999815686,1778.6775827723613,7150.970071685522,3783.6208029308486,0.8,8.0,8.0,100.0,96,140,3,partner_consecutive_v2
G2_Wcluster_alhx700,$\mathrm{Hel}_{50}$,Cter_symmetric_BB_contact_survival,symmetric_nac_bb,Any 1 banded symmetric C-ter BB,chain_pair,all,largest_cluster,13000.0,0.04680411766388465,0.001954536238687692,1778.6775827723613,7150.970071685522,3783.6208029308486,0.8,8.0,8.0,100.0,96,140,3,partner_consecutive_v2
G2_Wcluster_alhx700,$\mathrm{Hel}_{50}$,Cter_symmetric_BB_contact_survival,symmetric_nac_bb,Any 1 banded symmetric C-ter BB,chain_pair,all,largest_cluster,14000.0,0.04209148290486633,0.0020916320365497705,1778.6775827723613,7150.970071685522,3783.6208029308486,0.8,8.0,8.0,100.0,96,140,3,partner_consecutive_v2
G2_Wcluster_alhx700,$\mathrm{Hel}_{50}$,Cter_symmetric_BB_contact_survival,symmetric_nac_bb,Any 1 banded symmetric C-ter BB,chain_pair,all,largest_cluster,15000.0,0.03823079238738119,0.001983403891665164,1778.6775827723613,7150.970071685522,3783.6208029308486,0.8,8.0,8.0,100.0,96,140,3,partner_consecutive_v2
G2_Wcluster_alhx700,$\mathrm{Hel}_{50}$,Cter_symmetric_BB_contact_survival,symmetric_nac_bb,Any 1 banded symmetric C-ter BB,chain_pair,all,largest_cluster,16000.0,0.03467685093742523,0.0018364627219773512,1778.6775827723613,7150.970071685522,3783.6208029308486,0.8,8.0,8.0,100.0,96,140,3,partner_consecutive_v2
G2_Wcluster_alhx700,$\mathrm{Hel}_{50}$,Cter_symmetric_BB_contact_survival,symmetric_nac_bb,Any 1 banded symmetric C-ter BB,chain_pair,all,largest_cluster,17000.0,0.031667291184044745,0.0016733519460284424,1778.6775827723613,7150.970071685522,3783.6208029308486,0.8,8.0,8.0,100.0,96,140,3,partner_consecutive_v2
G2_Wcluster_alhx700,$\mathrm{Hel}_{50}$,Cter_symmetric_BB_contact_survival,symmetric_nac_bb,Any 1 banded symmetric C-ter BB,chain_pair,all,largest_cluster,18000.0,0.029048594751361328,0.0014275050632543025,1778.6775827723613,7150.970071685522,3783.6208029308486,0.8,8.0,8.0,100.0,96,140,3,partner_consecutive_v2
G2_Wcluster_alhx700,$\mathrm{Hel}_{50}$,Cter_symmetric_BB_contact_survival,symmetric_nac_bb,Any 1 banded symmetric C-ter BB,chain_pair,all,largest_cluster,19000.0,0.02658126599465362,0.0014817961961779212,1778.6775827723613,7150.970071685522,3783.6208029308486,0.8,8.0,8.0,100.0,96,140,3,partner_consecutive_v2
G2_Wcluster_alhx700,$\mathrm{Hel}_{50}$,Cter_symmetric_BB_contact_survival,symmetric_nac_bb,Any 1 banded symmetric C-ter BB,chain_pair,all,largest_cluster,20000.0,0.024596339782028742,0.0016607394326501699,1778.6775827723613,7150.970071685522,3783.6208029308486,0.8,8.0,8.0,100.0,96,140,3,partner_consecutive_v2
G2_Wcluster_alhx700,$\mathrm{Hel}_{50}$,Cter_symmetric_BB_contact_survival,symmetric_nac_bb,Any 1 banded symmetric C-ter BB,chain_pair,all,largest_cluster,21000.0,0.02289494732261821,0.0014938378201989515,1778.6775827723613,7150.970071685522,3783.6208029308486,0.8,8.0,8.0,100.0,96,140,3,partner_consecutive_v2
G2_Wcluster_alhx700,$\mathrm{Hel}_{50}$,Cter_symmetric_BB_contact_survival,symmetric_nac_bb,Any 1 banded symmetric C-ter BB,chain_pair,all,largest_cluster,22000.0,0.021182198604564773,0.001356161253590032,1778.6775827723613,7150.970071685522,3783.6208029308486,0.8,8.0,8.0,100.0,96,140,3,partner_consecutive_v2
G2_Wcluster_alhx700,$\mathrm{Hel}_{50}$,Cter_symmetric_BB_contact_survival,symmetric_nac_bb,Any 1 banded symmetric C-ter BB,chain_pair,all,largest_cluster,23000.0,0.019819653758157113,0.0013578973528322348,1778.6775827723613,7150.970071685522,3783.6208029308486,0.8,8.0,8.0,100.0,96,140,3,partner_consecutive_v2
G2_Wcluster_alhx700,$\mathrm{Hel}_{50}$,Cter_symmetric_BB_contact_survival,symmetric_nac_bb,Any 1 banded symmetric C-ter BB,chain_pair,all,largest_cluster,24000.0,0.018554271697164018,0.0014060085584961626,1778.6775827723613,7150.970071685522,3783.6208029308486,0.8,8.0,8.0,100.0,96,140,3,partner_consecutive_v2
G2_Wcluster_alhx700,$\mathrm{Hel}_{50}$,Cter_symmetric_BB_contact_survival,symmetric_nac_bb,Any 1 banded symmetric C-ter BB,chain_pair,all,largest_cluster,25000.0,0.017384770790481553,0.0014416949548357086,1778.6775827723613,7150.970071685522,3783.6208029308486,0.8,8.0,8.0,100.0,96,140,3,partner_consecutive_v2
G2_Wcluster_alhx700,$\mathrm{Hel}_{50}$,Cter_symmetric_BB_contact_survival,symmetric_nac_bb,Any 1 banded symmetric C-ter BB,chain_pair,all,largest_cluster,26000.0,0.016417573053829407,0.0013092980975809335,1778.6775827723613,7150.970071685522,3783.6208029308486,0.8,8.0,8.0,100.0,96,140,3,partner_consecutive_v2
G2_Wcluster_alhx700,$\mathrm{Hel}_{50}$,Cter_symmetric_BB_contact_survival,symmetric_nac_bb,Any 1 banded symmetric C-ter BB,chain_pair,all,largest_cluster,27000.0,0.01558572055619859,0.0011599510837974844,1778.6775827723613,7150.970071685522,3783.6208029308486,0.8,8.0,8.0,100.0,96,140,3,partner_consecutive_v2
G2_Wcluster_alhx700,$\mathrm{Hel}_{50}$,Cter_symmetric_BB_contact_survival,symmetric_nac_bb,Any 1 banded symmetric C-ter BB,chain_pair,all,largest_cluster,28000.0,0.014683999621792463,0.001255500333255219,1778.6775827723613,7150.970071685522,3783.6208029308486,0.8,8.0,8.0,100.0,96,140,3,partner_consecutive_v2
G2_Wcluster_alhx700,$\mathrm{Hel}_{50}$,Cter_symmetric_BB_contact_survival,symmetric_nac_bb,Any 1 banded symmetric C-ter BB,chain_pair,all,largest_cluster,29000.0,0.013535991080427945,0.001120458106145446,1778.6775827723613,7150.970071685522,3783.6208029308486,0.8,8.0,8.0,100.0,96,140,3,partner_consecutive_v2
G2_Wcluster_alhx700,$\mathrm{Hel}_{50}$,Cter_symmetric_BB_contact_survival,symmetric_nac_bb,Any 1 banded symmetric C-ter BB,chain_pair,all,largest_cluster,30000.0,0.012690130747027814,0.001112513591680871,1778.6775827723613,7150.970071685522,3783.6208029308486,0.8,8.0,8.0,100.0,96,140,3,partner_consecutive_v2
G2_Wcluster_alhx700,$\mathrm{Hel}_{50}$,Cter_symmetric_BB_contact_survival,symmetric_nac_bb,Any 1 banded symmetric C-ter BB,chain_pair,all,largest_cluster,31000.0,0.011952559284633027,0.0011513684493483403,1778.6775827723613,7150.970071685522,3783.6208029308486,0.8,8.0,8.0,100.0,96,140,3,partner_consecutive_v2
G2_Wcluster_alhx700,$\mathrm{Hel}_{50}$,Cter_symmetric_BB_contact_survival,symmetric_nac_bb,Any 1 banded symmetric C-ter BB,chain_pair,all,largest_cluster,32000.0,0.011270848423244237,0.0010753699071911734,1778.6775827723613,7150.970071685522,3783.6208029308486,0.8,8.0,8.0,100.0,96,140,3,partner_consecutive_v2
G2_Wcluster_alhx700,$\mathrm{Hel}_{50}$,Cter_symmetric_BB_contact_survival,symmetric_nac_bb,Any 1 banded symmetric C-ter BB,chain_pair,all,largest_cluster,33000.0,0.010640485618215201,0.000949077773303383,1778.6775827723613,7150.970071685522,3783.6208029308486,0.8,8.0,8.0,100.0,96,140,3,partner_consecutive_v2
G2_Wcluster_alhx700,$\mathrm{Hel}_{50}$,Cter_symmetric_BB_contact_survival,symmetric_nac_bb,Any 1 banded symmetric C-ter BB,chain_pair,all,largest_cluster,34000.0,0.010114743292366899,0.0010084373890467113,1778.6775827723613,7150.970071685522,3783.6208029308486,0.8,8.0,8.0,100.0,96,140,3,partner_consecutive_v2
G2_Wcluster_alhx700,$\mathrm{Hel}_{50}$,Cter_symmetric_BB_contact_survival,symmetric_nac_bb,Any 1 banded symmetric C-ter BB,chain_pair,all,largest_cluster,35000.0,0.009510594622337535,0.0009575024777404486,1778.6775827723613,7150.970071685522,3783.6208029308486,0.8,8.0,8.0,100.0,96,140,3,partner_consecutive_v2
G2_Wcluster_alhx700,$\mathrm{Hel}_{50}$,Cter_symmetric_BB_contact_survival,symmetric_nac_bb,Any 1 banded symmetric C-ter BB,chain_pair,all,largest_cluster,36000.0,0.009065004585838999,0.0009226023663801927,1778.6775827723613,7150.970071685522,3783.6208029308486,0.8,8.0,8.0,100.0,96,140,3,partner_consecutive_v2
G2_Wcluster_alhx700,$\mathrm{Hel}_{50}$,Cter_symmetric_BB_contact_survival,symmetric_nac_bb,Any 1 banded symmetric C-ter BB,chain_pair,all,largest_cluster,37000.0,0.008622470881200885,0.0007702949855333681,1778.6775827723613,7150.970071685522,3783.6208029308486,0.8,8.0,8.0,100.0,96,140,3,partner_consecutive_v2
G2_Wcluster_alhx700,$\mathrm{Hel}_{50}$,Cter_symmetric_BB_contact_survival,symmetric_nac_bb,Any 1 banded symmetric C-ter BB,chain_pair,all,largest_cluster,38000.0,0.00828199439353563,0.000716984076151497,1778.6775827723613,7150.970071685522,3783.6208029308486,0.8,8.0,8.0,100.0,96,140,3,partner_consecutive_v2
G2_Wcluster_alhx700,$\mathrm{Hel}_{50}$,Cter_symmetric_BB_contact_survival,symmetric_nac_bb,Any 1 banded symmetric C-ter BB,chain_pair,all,largest_cluster,39000.0,0.00792433474792901,0.0007415471412158863,1778.6775827723613,7150.970071685522,3783.6208029308486,0.8,8.0,8.0,100.0,96,140,3,partner_consecutive_v2
G2_Wcluster_alhx700,$\mathrm{Hel}_{50}$,Cter_symmetric_BB_contact_survival,symmetric_nac_bb,Any 1 banded symmetric C-ter BB,chain_pair,all,largest_cluster,40000.0,0.0075733729902249525,0.0007051895750158283,1778.6775827723613,7150.970071685522,3783.6208029308486,0.8,8.0,8.0,100.0,96,140,3,partner_consecutive_v2
G2_Wcluster_alhx700,$\mathrm{Hel}_{50}$,Cter_symmetric_BB_contact_survival,symmetric_nac_bb,Any 1 banded symmetric C-ter BB,chain_pair,all,largest_cluster,41000.0,0.007246731676452445,0.0007251509626786785,1778.6775827723613,7150.970071685522,3783.6208029308486,0.8,8.0,8.0,100.0,96,140,3,partner_consecutive_v2
G2_Wcluster_alhx700,$\mathrm{Hel}_{50}$,Cter_symmetric_BB_contact_survival,symmetric_nac_bb,Any 1 banded symmetric C-ter BB,chain_pair,all,largest_cluster,42000.0,0.006935379829553185,0.0006511091656235842,1778.6775827723613,7150.970071685522,3783.6208029308486,0.8,8.0,8.0,100.0,96,140,3,partner_consecutive_v2
G2_Wcluster_alhx700,$\mathrm{Hel}_{50}$,Cter_symmetric_BB_contact_survival,symmetric_nac_bb,Any 1 banded symmetric C-ter BB,chain_pair,all,largest_cluster,43000.0,0.00668778375570839,0.0005600981802443622,1778.6775827723613,7150.970071685522,3783.6208029308486,0.8,8.0,8.0,100.0,96,140,3,partner_consecutive_v2
G2_Wcluster_alhx700,$\mathrm{Hel}_{50}$,Cter_symmetric_BB_contact_survival,symmetric_nac_bb,Any 1 banded symmetric C-ter BB,chain_pair,all,largest_cluster,44000.0,0.006440362263545479,0.0005092860947517781,1778.6775827723613,7150.970071685522,3783.6208029308486,0.8,8.0,8.0,100.0,96,140,3,partner_consecutive_v2
G2_Wcluster_alhx700,$\mathrm{Hel}_{50}$,Cter_symmetric_BB_contact_survival,symmetric_nac_bb,Any 1 banded symmetric C-ter BB,chain_pair,all,largest_cluster,45000.0,0.006218514090830271,0.0004945337815390797,1778.6775827723613,7150.970071685522,3783.6208029308486,0.8,8.0,8.0,100.0,96,140,3,partner_consecutive_v2
G2_Wcluster_alhx700,$\mathrm{Hel}_{50}$,Cter_symmetric_BB_contact_survival,symmetric_nac_bb,Any 1 banded symmetric C-ter BB,chain_pair,all,largest_cluster,46000.0,0.006015130707160366,0.0004598622332769244,1778.6775827723613,7150.970071685522,3783.6208029308486,0.8,8.0,8.0,100.0,96,140,3,partner_consecutive_v2
G2_Wcluster_alhx700,$\mathrm{Hel}_{50}$,Cter_symmetric_BB_contact_survival,symmetric_nac_bb,Any 1 banded symmetric C-ter BB,chain_pair,all,largest_cluster,47000.0,0.005742400711955488,0.0005151930854780266,1778.6775827723613,7150.970071685522,3783.6208029308486,0.8,8.0,8.0,100.0,96,140,3,partner_consecutive_v2
G2_Wcluster_alhx700,$\mathrm{Hel}_{50}$,Cter_symmetric_BB_contact_survival,symmetric_nac_bb,Any 1 banded symmetric C-ter BB,chain_pair,all,largest_cluster,48000.0,0.00554123142712969,0.000502669599698009,1778.6775827723613,7150.970071685522,3783.6208029308486,0.8,8.0,8.0,100.0,96,140,3,partner_consecutive_v2
G2_Wcluster_alhx700,$\mathrm{Hel}_{50}$,Cter_symmetric_BB_contact_survival,symmetric_nac_bb,Any 1 banded symmetric C-ter BB,chain_pair,all,largest_cluster,49000.0,0.005403205855394171,0.0005189679919615389,1778.6775827723613,7150.970071685522,3783.6208029308486,0.8,8.0,8.0,100.0,96,140,3,partner_consecutive_v2
G2_Wcluster_alhx700,$\mathrm{Hel}_{50}$,Cter_symmetric_BB_contact_survival,symmetric_nac_bb,Any 1 banded symmetric C-ter BB,chain_pair,all,largest_cluster,50000.0,0.0051554639554552755,0.0004795177899425885,1778.6775827723613,7150.970071685522,3783.6208029308486,0.8,8.0,8.0,100.0,96,140,3,partner_consecutive_v2
G2_Wcluster_alhx700,$\mathrm{Hel}_{50}$,Cter_symmetric_BB_contact_survival,symmetric_nac_bb,Any 1 banded symmetric C-ter BB,chain_pair,all,largest_cluster,51000.0,0.005027457419888478,0.0004947056736052775,1778.6775827723613,7150.970071685522,3783.6208029308486,0.8,8.0,8.0,100.0,96,140,3,partner_consecutive_v2
G2_Wcluster_alhx700,$\mathrm{Hel}_{50}$,Cter_symmetric_BB_contact_survival,symmetric_nac_bb,Any 1 banded symmetric C-ter BB,chain_pair,all,largest_cluster,52000.0,0.0048073571121472905,0.0005090420106491758,1778.6775827723613,7150.970071685522,3783.6208029308486,0.8,8.0,8.0,100.0,96,140,3,partner_consecutive_v2
G2_Wcluster_alhx700,$\mathrm{Hel}_{50}$,Cter_symmetric_BB_contact_survival,symmetric_nac_bb,Any 1 banded symmetric C-ter BB,chain_pair,all,largest_cluster,53000.0,0.004647691429194411,0.00046089424545130684,1778.6775827723613,7150.970071685522,3783.6208029308486,0.8,8.0,8.0,100.0,96,140,3,partner_consecutive_v2
G2_Wcluster_alhx700,$\mathrm{Hel}_{50}$,Cter_symmetric_BB_contact_survival,symmetric_nac_bb,Any 1 banded symmetric C-ter BB,chain_pair,all,largest_cluster,54000.0,0.00448691869681948,0.0004105385899604938,1778.6775827723613,7150.970071685522,3783.6208029308486,0.8,8.0,8.0,100.0,96,140,3,partner_consecutive_v2
G2_Wcluster_alhx700,$\mathrm{Hel}_{50}$,Cter_symmetric_BB_contact_survival,symmetric_nac_bb,Any 1 banded symmetric C-ter BB,chain_pair,all,largest_cluster,55000.0,0.0043546297896585725,0.00036398451910987366,1778.6775827723613,7150.970071685522,3783.6208029308486,0.8,8.0,8.0,100.0,96,140,3,partner_consecutive_v2
G2_Wcluster_alhx700,$\mathrm{Hel}_{50}$,Cter_symmetric_BB_contact_survival,symmetric_nac_bb,Any 1 banded symmetric C-ter BB,chain_pair,all,largest_cluster,56000.0,0.004142800653112085,0.00031680878632714784,1778.6775827723613,7150.970071685522,3783.6208029308486,0.8,8.0,8.0,100.0,96,140,3,partner_consecutive_v2
G2_Wcluster_alhx700,$\mathrm{Hel}_{50}$,Cter_symmetric_BB_contact_survival,symmetric_nac_bb,Any 1 banded symmetric C-ter BB,chain_pair,all,largest_cluster,57000.0,0.004006668772444687,0.00032538952796697183,1778.6775827723613,7150.970071685522,3783.6208029308486,0.8,8.0,8.0,100.0,96,140,3,partner_consecutive_v2
G2_Wcluster_alhx700,$\mathrm{Hel}_{50}$,Cter_symmetric_BB_contact_survival,symmetric_nac_bb,Any 1 banded symmetric C-ter BB,chain_pair,all,largest_cluster,58000.0,0.0039098263948061035,0.00030061256384690234,1778.6775827723613,7150.970071685522,3783.6208029308486,0.8,8.0,8.0,100.0,96,140,3,partner_consecutive_v2
G2_Wcluster_alhx700,$\mathrm{Hel}_{50}$,Cter_symmetric_BB_contact_survival,symmetric_nac_bb,Any 1 banded symmetric C-ter BB,chain_pair,all,largest_cluster,59000.0,0.003769732550320581,0.0002711466200004949,1778.6775827723613,7150.970071685522,3783.6208029308486,0.8,8.0,8.0,100.0,96,140,3,partner_consecutive_v2
G2_Wcluster_alhx700,$\mathrm{Hel}_{50}$,Cter_symmetric_BB_contact_survival,symmetric_nac_bb,Any 1 banded symmetric C-ter BB,chain_pair,all,largest_cluster,60000.0,0.003600047831198981,0.00023307568426793608,1778.6775827723613,7150.970071685522,3783.6208029308486,0.8,8.0,8.0,100.0,96,140,3,partner_consecutive_v2
G2_Wcluster_alhx700,$\mathrm{Hel}_{50}$,Cter_symmetric_BB_contact_survival,symmetric_nac_bb,Any 1 banded symmetric C-ter BB,chain_pair,all,largest_cluster,61000.0,0.0035179730951933118,0.0002159035877216788,1778.6775827723613,7150.970071685522,3783.6208029308486,0.8,8.0,8.0,100.0,96,140,3,partner_consecutive_v2
G2_Wcluster_alhx700,$\mathrm{Hel}_{50}$,Cter_symmetric_BB_contact_survival,symmetric_nac_bb,Any 1 banded symmetric C-ter BB,chain_pair,all,largest_cluster,62000.0,0.0034211307175547284,0.0001880287228639083,1778.6775827723613,7150.970071685522,3783.6208029308486,0.8,8.0,8.0,100.0,96,140,3,partner_consecutive_v2
G2_Wcluster_alhx700,$\mathrm{Hel}_{50}$,Cter_symmetric_BB_contact_survival,symmetric_nac_bb,Any 1 banded symmetric C-ter BB,chain_pair,all,largest_cluster,63000.0,0.0033346277838608492,0.0001696107401841031,1778.6775827723613,7150.970071685522,3783.6208029308486,0.8,8.0,8.0,100.0,96,140,3,partner_consecutive_v2
G2_Wcluster_alhx700,$\mathrm{Hel}_{50}$,Cter_symmetric_BB_contact_survival,symmetric_nac_bb,Any 1 banded symmetric C-ter BB,chain_pair,all,largest_cluster,64000.0,0.0032155332350407195,0.00019100816800951138,1778.6775827723613,7150.970071685522,3783.6208029308486,0.8,8.0,8.0,100.0,96,140,3,partner_consecutive_v2
G2_Wcluster_alhx700,$\mathrm{Hel}_{50}$,Cter_symmetric_BB_contact_survival,symmetric_nac_bb,Any 1 banded symmetric C-ter BB,chain_pair,all,largest_cluster,65000.0,0.0030784401310453703,0.00011867967450605387,1778.6775827723613,7150.970071685522,3783.6208029308486,0.8,8.0,8.0,100.0,96,140,3,partner_consecutive_v2
G2_Wcluster_alhx700,$\mathrm{Hel}_{50}$,Cter_symmetric_BB_contact_survival,symmetric_nac_bb,Any 1 banded symmetric C-ter BB,chain_pair,all,largest_cluster,66000.0,0.0030159372335070577,0.00011359245311632788,1778.6775827723613,7150.970071685522,3783.6208029308486,0.8,8.0,8.0,100.0,96,140,3,partner_consecutive_v2
G2_Wcluster_alhx700,$\mathrm{Hel}_{50}$,Cter_symmetric_BB_contact_survival,symmetric_nac_bb,Any 1 banded symmetric C-ter BB,chain_pair,all,largest_cluster,67000.0,0.002912717375741895,0.00013324460536274352,1778.6775827723613,7150.970071685522,3783.6208029308486,0.8,8.0,8.0,100.0,96,140,3,partner_consecutive_v2
G2_Wcluster_alhx700,$\mathrm{Hel}_{50}$,Cter_symmetric_BB_contact_survival,symmetric_nac_bb,Any 1 banded symmetric C-ter BB,chain_pair,all,largest_cluster,68000.0,0.002841302491456915,0.00016838320902344653,1778.6775827723613,7150.970071685522,3783.6208029308486,0.8,8.0,8.0,100.0,96,140,3,partner_consecutive_v2
G2_Wcluster_alhx700,$\mathrm{Hel}_{50}$,Cter_symmetric_BB_contact_survival,symmetric_nac_bb,Any 1 banded symmetric C-ter BB,chain_pair,all,largest_cluster,69000.0,0.0027387234492437205,0.00022756361448741946,1778.6775827723613,7150.970071685522,3783.6208029308486,0.8,8.0,8.0,100.0,96,140,3,partner_consecutive_v2
G2_Wcluster_alhx700,$\mathrm{Hel}_{50}$,Cter_symmetric_BB_contact_survival,symmetric_nac_bb,Any 1 banded symmetric C-ter BB,chain_pair,all,largest_cluster,70000.0,0.002695792390172765,0.00022524900923395755,1778.6775827723613,7150.970071685522,3783.6208029308486,0.8,8.0,8.0,100.0,96,140,3,partner_consecutive_v2
G2_Wcluster_alhx700,$\mathrm{Hel}_{50}$,Cter_symmetric_BB_contact_survival,symmetric_nac_bb,Any 1 banded symmetric C-ter BB,chain_pair,all,largest_cluster,71000.0,0.002645376801553178,0.00027563972733318754,1778.6775827723613,7150.970071685522,3783.6208029308486,0.8,8.0,8.0,100.0,96,140,3,partner_consecutive_v2
G2_Wcluster_alhx700,$\mathrm{Hel}_{50}$,Cter_symmetric_BB_contact_survival,symmetric_nac_bb,Any 1 banded symmetric C-ter BB,chain_pair,all,largest_cluster,72000.0,0.0026110373214529065,0.00023915477300055218,1778.6775827723613,7150.970071685522,3783.6208029308486,0.8,8.0,8.0,100.0,96,140,3,partner_consecutive_v2
G2_Wcluster_alhx700,$\mathrm{Hel}_{50}$,Cter_symmetric_BB_contact_survival,symmetric_nac_bb,Any 1 banded symmetric C-ter BB,chain_pair,all,largest_cluster,73000.0,0.0025363012889017696,0.00024409593253465464,1778.6775827723613,7150.970071685522,3783.6208029308486,0.8,8.0,8.0,100.0,96,140,3,partner_consecutive_v2
G2_Wcluster_alhx700,$\mathrm{Hel}_{50}$,Cter_symmetric_BB_contact_survival,symmetric_nac_bb,Any 1 banded symmetric C-ter BB,chain_pair,all,largest_cluster,74000.0,0.002450905404629943,0.0002258428010643463,1778.6775827723613,7150.970071685522,3783.6208029308486,0.8,8.0,8.0,100.0,96,140,3,partner_consecutive_v2
G2_Wcluster_alhx700,$\mathrm{Hel}_{50}$,Cter_symmetric_BB_contact_survival,symmetric_nac_bb,Any 1 banded symmetric C-ter BB,chain_pair,all,largest_cluster,75000.0,0.00237838347092291,0.00024226037509262775,1778.6775827723613,7150.970071685522,3783.6208029308486,0.8,8.0,8.0,100.0,96,140,3,partner_consecutive_v2
G2_Wcluster_alhx700,$\mathrm{Hel}_{50}$,Cter_symmetric_BB_contact_survival,symmetric_nac_bb,Any 1 banded symmetric C-ter BB,chain_pair,all,largest_cluster,76000.0,0.0022912397216770628,0.00018110394533038957,1778.6775827723613,7150.970071685522,3783.6208029308486,0.8,8.0,8.0,100.0,96,140,3,partner_consecutive_v2
G2_Wcluster_alhx700,$\mathrm{Hel}_{50}$,Cter_symmetric_BB_contact_survival,symmetric_nac_bb,Any 1 banded symmetric C-ter BB,chain_pair,all,largest_cluster,77000.0,0.0022161832813499417,0.00016710025660743958,1778.6775827723613,7150.970071685522,3783.6208029308486,0.8,8.0,8.0,100.0,96,140,3,partner_consecutive_v2
G2_Wcluster_alhx700,$\mathrm{Hel}_{50}$,Cter_symmetric_BB_contact_survival,symmetric_nac_bb,Any 1 banded symmetric C-ter BB,chain_pair,all,largest_cluster,78000.0,0.0021443021631948767,0.0002216715132934676,1778.6775827723613,7150.970071685522,3783.6208029308486,0.8,8.0,8.0,100.0,96,140,3,partner_consecutive_v2
G2_Wcluster_alhx700,$\mathrm{Hel}_{50}$,Cter_symmetric_BB_contact_survival,symmetric_nac_bb,Any 1 banded symmetric C-ter BB,chain_pair,all,largest_cluster,79000.0,0.002113604239136747,0.00022592846152241132,1778.6775827723613,7150.970071685522,3783.6208029308486,0.8,8.0,8.0,100.0,96,140,3,partner_consecutive_v2
G2_Wcluster_alhx700,$\mathrm{Hel}_{50}$,Cter_symmetric_BB_contact_survival,symmetric_nac_bb,Any 1 banded symmetric C-ter BB,chain_pair,all,largest_cluster,80000.0,0.002016441453722179,0.00017866726856583545,1778.6775827723613,7150.970071685522,3783.6208029308486,0.8,8.0,8.0,100.0,96,140,3,partner_consecutive_v2
G2_Wcluster_alhx700,$\mathrm{Hel}_{50}$,Cter_symmetric_BB_contact_survival,symmetric_nac_bb,Any 1 banded symmetric C-ter BB,chain_pair,all,largest_cluster,81000.0,0.0019307251616743689,0.00014441029650577765,1778.6775827723613,7150.970071685522,3783.6208029308486,0.8,8.0,8.0,100.0,96,140,3,partner_consecutive_v2
G2_Wcluster_alhx700,$\mathrm{Hel}_{50}$,Cter_symmetric_BB_contact_survival,symmetric_nac_bb,Any 1 banded symmetric C-ter BB,chain_pair,all,largest_cluster,82000.0,0.0018771342508827249,0.00012812833623462638,1778.6775827723613,7150.970071685522,3783.6208029308486,0.8,8.0,8.0,100.0,96,140,3,partner_consecutive_v2
G2_Wcluster_alhx700,$\mathrm{Hel}_{50}$,Cter_symmetric_BB_contact_survival,symmetric_nac_bb,Any 1 banded symmetric C-ter BB,chain_pair,all,largest_cluster,83000.0,0.001810669389526287,7.291701868188982e-05,1778.6775827723613,7150.970071685522,3783.6208029308486,0.8,8.0,8.0,100.0,96,140,3,partner_consecutive_v2
G2_Wcluster_alhx700,$\mathrm{Hel}_{50}$,Cter_symmetric_BB_contact_survival,symmetric_nac_bb,Any 1 banded symmetric C-ter BB,chain_pair,all,largest_cluster,84000.0,0.0017899905016368779,7.327536745094376e-05,1778.6775827723613,7150.970071685522,3783.6208029308486,0.8,8.0,8.0,100.0,96,140,3,partner_consecutive_v2
G2_Wcluster_alhx700,$\mathrm{Hel}_{50}$,Cter_symmetric_BB_contact_survival,symmetric_nac_bb,Any 1 banded symmetric C-ter BB,chain_pair,all,largest_cluster,85000.0,0.0017796510576921732,7.769747751628002e-05,1778.6775827723613,7150.970071685522,3783.6208029308486,0.8,8.0,8.0,100.0,96,140,3,partner_consecutive_v2
G2_Wcluster_alhx700,$\mathrm{Hel}_{50}$,Cter_symmetric_BB_contact_survival,symmetric_nac_bb,Any 1 banded symmetric C-ter BB,chain_pair,all,largest_cluster,86000.0,0.0017392545052413069,0.00011094494503655903,1778.6775827723613,7150.970071685522,3783.6208029308486,0.8,8.0,8.0,100.0,96,140,3,partner_consecutive_v2
G2_Wcluster_alhx700,$\mathrm{Hel}_{50}$,Cter_symmetric_BB_contact_survival,symmetric_nac_bb,Any 1 banded symmetric C-ter BB,chain_pair,all,largest_cluster,87000.0,0.0016988579527904407,0.00014621526590314488,1778.6775827723613,7150.970071685522,3783.6208029308486,0.8,8.0,8.0,100.0,96,140,3,partner_consecutive_v2
G2_Wcluster_alhx700,$\mathrm{Hel}_{50}$,Cter_symmetric_BB_contact_survival,symmetric_nac_bb,Any 1 banded symmetric C-ter BB,chain_pair,all,largest_cluster,88000.0,0.0016684804365082948,0.00017066169116986774,1778.6775827723613,7150.970071685522,3783.6208029308486,0.8,8.0,8.0,100.0,96,140,3,partner_consecutive_v2
G2_Wcluster_alhx700,$\mathrm{Hel}_{50}$,Cter_symmetric_BB_contact_survival,symmetric_nac_bb,Any 1 banded symmetric C-ter BB,chain_pair,all,largest_cluster,89000.0,0.001624121920239303,0.00014069500161053775,1778.6775827723613,7150.970071685522,3783.6208029308486,0.8,8.0,8.0,100.0,96,140,3,partner_consecutive_v2
G2_Wcluster_alhx700,$\mathrm{Hel}_{50}$,Cter_symmetric_BB_contact_survival,symmetric_nac_bb,Any 1 banded symmetric C-ter BB,chain_pair,all,largest_cluster,90000.0,0.0016026563907038252,0.00014129796943080663,1778.6775827723613,7150.970071685522,3783.6208029308486,0.8,8.0,8.0,100.0,96,140,3,partner_consecutive_v2
G2_Wcluster_alhx700,$\mathrm{Hel}_{50}$,Cter_symmetric_BB_contact_survival,symmetric_nac_bb,Any 1 banded symmetric C-ter BB,chain_pair,all,largest_cluster,91000.0,0.0015476380227141446,9.919790793624518e-05,1778.6775827723613,7150.970071685522,3783.6208029308486,0.8,8.0,8.0,100.0,96,140,3,partner_consecutive_v2
G2_Wcluster_alhx700,$\mathrm{Hel}_{50}$,Cter_symmetric_BB_contact_survival,symmetric_nac_bb,Any 1 banded symmetric C-ter BB,chain_pair,all,largest_cluster,92000.0,0.0015361915293473874,8.830588592032571e-05,1778.6775827723613,7150.970071685522,3783.6208029308486,0.8,8.0,8.0,100.0,96,140,3,partner_consecutive_v2
G2_Wcluster_alhx700,$\mathrm{Hel}_{50}$,Cter_symmetric_BB_contact_survival,symmetric_nac_bb,Any 1 banded symmetric C-ter BB,chain_pair,all,largest_cluster,93000.0,0.001492940062500448,7.80370964131054e-05,1778.6775827723613,7150.970071685522,3783.6208029308486,0.8,8.0,8.0,100.0,96,140,3,partner_consecutive_v2
G2_Wcluster_alhx700,$\mathrm{Hel}_{50}$,Cter_symmetric_BB_contact_survival,symmetric_nac_bb,Any 1 banded symmetric C-ter BB,chain_pair,all,largest_cluster,94000.0,0.0014725815823870229,8.549121251758175e-05,1778.6775827723613,7150.970071685522,3783.6208029308486,0.8,8.0,8.0,100.0,96,140,3,partner_consecutive_v2
G2_Wcluster_alhx700,$\mathrm{Hel}_{50}$,Cter_symmetric_BB_contact_survival,symmetric_nac_bb,Any 1 banded symmetric C-ter BB,chain_pair,all,largest_cluster,95000.0,0.0014507956450755613,7.003739602186213e-05,1778.6775827723613,7150.970071685522,3783.6208029308486,0.8,8.0,8.0,100.0,96,140,3,partner_consecutive_v2
G2_Wcluster_alhx700,$\mathrm{Hel}_{50}$,Cter_symmetric_BB_contact_survival,symmetric_nac_bb,Any 1 banded symmetric C-ter BB,chain_pair,all,largest_cluster,96000.0,0.0013972047342839169,5.318879237960688e-05,1778.6775827723613,7150.970071685522,3783.6208029308486,0.8,8.0,8.0,100.0,96,140,3,partner_consecutive_v2
G2_Wcluster_alhx700,$\mathrm{Hel}_{50}$,Cter_symmetric_BB_contact_survival,symmetric_nac_bb,Any 1 banded symmetric C-ter BB,chain_pair,all,largest_cluster,97000.0,0.0013653997608037347,5.181502650496627e-05,1778.6775827723613,7150.970071685522,3783.6208029308486,0.8,8.0,8.0,100.0,96,140,3,partner_consecutive_v2
G2_Wcluster_alhx700,$\mathrm{Hel}_{50}$,Cter_symmetric_BB_contact_survival,symmetric_nac_bb,Any 1 banded symmetric C-ter BB,chain_pair,all,largest_cluster,98000.0,0.001313236307210127,5.946322798476048e-05,1778.6775827723613,7150.970071685522,3783.6208029308486,0.8,8.0,8.0,100.0,96,140,3,partner_consecutive_v2
G2_Wcluster_alhx700,$\mathrm{Hel}_{50}$,Cter_symmetric_BB_contact_survival,symmetric_nac_bb,Any 1 banded symmetric C-ter BB,chain_pair,all,largest_cluster,99000.0,0.0012599658041944671,6.20466350092793e-05,1778.6775827723613,7150.970071685522,3783.6208029308486,0.8,8.0,8.0,100.0,96,140,3,partner_consecutive_v2
G2_Wcluster_alhx700,$\mathrm{Hel}_{50}$,Cter_symmetric_BB_contact_survival,symmetric_nac_bb,Any 1 banded symmetric C-ter BB,chain_pair,all,largest_cluster,100000.0,0.001239607324081042,7.021497533579823e-05,1778.6775827723613,7150.970071685522,3783.6208029308486,0.8,8.0,8.0,100.0,96,140,3,partner_consecutive_v2
G2_Wcluster_alhx700,$\mathrm{Hel}_{50}$,Cter_symmetric_BB_contact_survival,symmetric_nac_bb,Any 1 banded symmetric C-ter BB,chain_pair,all,largest_cluster,101000.0,0.0011977833144321392,8.273268017490843e-05,1778.6775827723613,7150.970071685522,3783.6208029308486,0.8,8.0,8.0,100.0,96,140,3,partner_consecutive_v2
G2_Wcluster_alhx700,$\mathrm{Hel}_{50}$,Cter_symmetric_BB_contact_survival,symmetric_nac_bb,Any 1 banded symmetric C-ter BB,chain_pair,all,largest_cluster,102000.0,0.0011759973771206774,6.73022857887553e-05,1778.6775827723613,7150.970071685522,3783.6208029308486,0.8,8.0,8.0,100.0,96,140,3,partner_consecutive_v2
G2_Wcluster_alhx700,$\mathrm{Hel}_{50}$,Cter_symmetric_BB_contact_survival,symmetric_nac_bb,Any 1 banded symmetric C-ter BB,chain_pair,all,largest_cluster,103000.0,0.001144192403640495,6.587429459764696e-05,1778.6775827723613,7150.970071685522,3783.6208029308486,0.8,8.0,8.0,100.0,96,140,3,partner_consecutive_v2
G2_Wcluster_alhx700,$\mathrm{Hel}_{50}$,Cter_symmetric_BB_contact_survival,symmetric_nac_bb,Any 1 banded symmetric C-ter BB,chain_pair,all,largest_cluster,104000.0,0.00107883459170611,1.9728550226770123e-05,1778.6775827723613,7150.970071685522,3783.6208029308486,0.8,8.0,8.0,100.0,96,140,3,partner_consecutive_v2
G2_Wcluster_alhx700,$\mathrm{Hel}_{50}$,Cter_symmetric_BB_contact_survival,symmetric_nac_bb,Any 1 banded symmetric C-ter BB,chain_pair,all,largest_cluster,105000.0,0.0010581557038167007,3.103103596338092e-05,1778.6775827723613,7150.970071685522,3783.6208029308486,0.8,8.0,8.0,100.0,96,140,3,partner_consecutive_v2
G2_Wcluster_alhx700,$\mathrm{Hel}_{50}$,Cter_symmetric_BB_contact_survival,symmetric_nac_bb,Any 1 banded symmetric C-ter BB,chain_pair,all,largest_cluster,106000.0,0.0010263507303365181,2.9533283322229687e-05,1778.6775827723613,7150.970071685522,3783.6208029308486,0.8,8.0,8.0,100.0,96,140,3,partner_consecutive_v2
G2_Wcluster_alhx700,$\mathrm{Hel}_{50}$,Cter_symmetric_BB_contact_survival,symmetric_nac_bb,Any 1 banded symmetric C-ter BB,chain_pair,all,largest_cluster,107000.0,0.0010045647930250563,3.05887805102023e-05,1778.6775827723613,7150.970071685522,3783.6208029308486,0.8,8.0,8.0,100.0,96,140,3,partner_consecutive_v2
G2_Wcluster_alhx700,$\mathrm{Hel}_{50}$,Cter_symmetric_BB_contact_survival,symmetric_nac_bb,Any 1 banded symmetric C-ter BB,chain_pair,all,largest_cluster,108000.0,0.000983885905135647,5.974233141697672e-05,1778.6775827723613,7150.970071685522,3783.6208029308486,0.8,8.0,8.0,100.0,96,140,3,partner_consecutive_v2
G2_Wcluster_alhx700,$\mathrm{Hel}_{50}$,Cter_symmetric_BB_contact_survival,symmetric_nac_bb,Any 1 banded symmetric C-ter BB,chain_pair,all,largest_cluster,109000.0,0.0009632070172462377,8.895551950577023e-05,1778.6775827723613,7150.970071685522,3783.6208029308486,0.8,8.0,8.0,100.0,96,140,3,partner_consecutive_v2
G2_Wcluster_alhx700,$\mathrm{Hel}_{50}$,Cter_symmetric_BB_contact_survival,symmetric_nac_bb,Any 1 banded symmetric C-ter BB,chain_pair,all,largest_cluster,110000.0,0.0009317224515420396,6.80608155874045e-05,1778.6775827723613,7150.970071685522,3783.6208029308486,0.8,8.0,8.0,100.0,96,140,3,partner_consecutive_v2
G2_Wcluster_alhx700,$\mathrm{Hel}_{50}$,Cter_symmetric_BB_contact_survival,symmetric_nac_bb,Any 1 banded symmetric C-ter BB,chain_pair,all,largest_cluster,111000.0,0.000921383007597335,8.24293792539757e-05,1778.6775827723613,7150.970071685522,3783.6208029308486,0.8,8.0,8.0,100.0,96,140,3,partner_consecutive_v2
G2_Wcluster_alhx700,$\mathrm{Hel}_{50}$,Cter_symmetric_BB_contact_survival,symmetric_nac_bb,Any 1 banded symmetric C-ter BB,chain_pair,all,largest_cluster,112000.0,0.0009110435636526304,9.68738711640636e-05,1778.6775827723613,7150.970071685522,3783.6208029308486,0.8,8.0,8.0,100.0,96,140,3,partner_consecutive_v2
G2_Wcluster_alhx700,$\mathrm{Hel}_{50}$,Cter_symmetric_BB_contact_survival,symmetric_nac_bb,Any 1 banded symmetric C-ter BB,chain_pair,all,largest_cluster,113000.0,0.0008995970702858732,8.777946766008504e-05,1778.6775827723613,7150.970071685522,3783.6208029308486,0.8,8.0,8.0,100.0,96,140,3,partner_consecutive_v2
G2_Wcluster_alhx700,$\mathrm{Hel}_{50}$,Cter_symmetric_BB_contact_survival,symmetric_nac_bb,Any 1 banded symmetric C-ter BB,chain_pair,all,largest_cluster,114000.0,0.000879558997948432,7.75521053132381e-05,1778.6775827723613,7150.970071685522,3783.6208029308486,0.8,8.0,8.0,100.0,96,140,3,partner_consecutive_v2
G2_Wcluster_alhx700,$\mathrm{Hel}_{50}$,Cter_symmetric_BB_contact_survival,symmetric_nac_bb,Any 1 banded symmetric C-ter BB,chain_pair,all,largest_cluster,115000.0,0.000879558997948432,7.75521053132381e-05,1778.6775827723613,7150.970071685522,3783.6208029308486,0.8,8.0,8.0,100.0,96,140,3,partner_consecutive_v2
G2_Wcluster_alhx700,$\mathrm{Hel}_{50}$,Cter_symmetric_BB_contact_survival,symmetric_nac_bb,Any 1 banded symmetric C-ter BB,chain_pair,all,largest_cluster,116000.0,0.0008695399617797114,7.596816833997113e-05,1778.6775827723613,7150.970071685522,3783.6208029308486,0.8,8.0,8.0,100.0,96,140,3,partner_consecutive_v2
G2_Wcluster_alhx700,$\mathrm{Hel}_{50}$,Cter_symmetric_BB_contact_survival,symmetric_nac_bb,Any 1 banded symmetric C-ter BB,chain_pair,all,largest_cluster,117000.0,0.0008491814816662862,8.8778659625916e-05,1778.6775827723613,7150.970071685522,3783.6208029308486,0.8,8.0,8.0,100.0,96,140,3,partner_consecutive_v2
G2_Wcluster_alhx700,$\mathrm{Hel}_{50}$,Cter_symmetric_BB_contact_survival,symmetric_nac_bb,Any 1 banded symmetric C-ter BB,chain_pair,all,largest_cluster,118000.0,0.0008188039653841405,0.00010466114582310928,1778.6775827723613,7150.970071685522,3783.6208029308486,0.8,8.0,8.0,100.0,96,140,3,partner_consecutive_v2
G2_Wcluster_alhx700,$\mathrm{Hel}_{50}$,Cter_symmetric_BB_contact_survival,symmetric_nac_bb,Any 1 banded symmetric C-ter BB,chain_pair,all,largest_cluster,119000.0,0.0007981250774947312,0.00012715174855740735,1778.6775827723613,7150.970071685522,3783.6208029308486,0.8,8.0,8.0,100.0,96,140,3,partner_consecutive_v2
G2_Wcluster_alhx700,$\mathrm{Hel}_{50}$,Cter_symmetric_BB_contact_survival,symmetric_nac_bb,Any 1 banded symmetric C-ter BB,chain_pair,all,largest_cluster,120000.0,0.0007766595479592535,0.000113992026984015,1778.6775827723613,7150.970071685522,3783.6208029308486,0.8,8.0,8.0,100.0,96,140,3,partner_consecutive_v2
G2_Wcluster_alhx700,$\mathrm{Hel}_{50}$,Cter_symmetric_BB_contact_survival,symmetric_nac_bb,Any 1 banded symmetric C-ter BB,chain_pair,all,largest_cluster,121000.0,0.0007448545744790712,0.00011246396328669046,1778.6775827723613,7150.970071685522,3783.6208029308486,0.8,8.0,8.0,100.0,96,140,3,partner_consecutive_v2
G2_Wcluster_alhx700,$\mathrm{Hel}_{50}$,Cter_symmetric_BB_contact_survival,symmetric_nac_bb,Any 1 banded symmetric C-ter BB,chain_pair,all,largest_cluster,122000.0,0.0007448545744790712,0.00011246396328669046,1778.6775827723613,7150.970071685522,3783.6208029308486,0.8,8.0,8.0,100.0,96,140,3,partner_consecutive_v2
G2_Wcluster_alhx700,$\mathrm{Hel}_{50}$,Cter_symmetric_BB_contact_survival,symmetric_nac_bb,Any 1 banded symmetric C-ter BB,chain_pair,all,largest_cluster,123000.0,0.0007448545744790712,0.00011246396328669046,1778.6775827723613,7150.970071685522,3783.6208029308486,0.8,8.0,8.0,100.0,96,140,3,partner_consecutive_v2
G2_Wcluster_alhx700,$\mathrm{Hel}_{50}$,Cter_symmetric_BB_contact_survival,symmetric_nac_bb,Any 1 banded symmetric C-ter BB,chain_pair,all,largest_cluster,124000.0,0.00067981717032067,9.484952385304955e-05,1778.6775827723613,7150.970071685522,3783.6208029308486,0.8,8.0,8.0,100.0,96,140,3,partner_consecutive_v2
G2_Wcluster_alhx700,$\mathrm{Hel}_{50}$,Cter_symmetric_BB_contact_survival,symmetric_nac_bb,Any 1 banded symmetric C-ter BB,chain_pair,all,largest_cluster,125000.0,0.00067981717032067,9.484952385304955e-05,1778.6775827723613,7150.970071685522,3783.6208029308486,0.8,8.0,8.0,100.0,96,140,3,partner_consecutive_v2
G2_Wcluster_alhx700,$\mathrm{Hel}_{50}$,Cter_symmetric_BB_contact_survival,symmetric_nac_bb,Any 1 banded symmetric C-ter BB,chain_pair,all,largest_cluster,126000.0,0.0006683706769539128,8.210028637445391e-05,1778.6775827723613,7150.970071685522,3783.6208029308486,0.8,8.0,8.0,100.0,96,140,3,partner_consecutive_v2
G2_Wcluster_alhx700,$\mathrm{Hel}_{50}$,Cter_symmetric_BB_contact_survival,symmetric_nac_bb,Any 1 banded symmetric C-ter BB,chain_pair,all,largest_cluster,127000.0,0.0006683706769539128,8.210028637445391e-05,1778.6775827723613,7150.970071685522,3783.6208029308486,0.8,8.0,8.0,100.0,96,140,3,partner_consecutive_v2
G2_Wcluster_alhx700,$\mathrm{Hel}_{50}$,Cter_symmetric_BB_contact_survival,symmetric_nac_bb,Any 1 banded symmetric C-ter BB,chain_pair,all,largest_cluster,128000.0,0.0006569241835871557,7.07712562553847e-05,1778.6775827723613,7150.970071685522,3783.6208029308486,0.8,8.0,8.0,100.0,96,140,3,partner_consecutive_v2
G2_Wcluster_alhx700,$\mathrm{Hel}_{50}$,Cter_symmetric_BB_contact_survival,symmetric_nac_bb,Any 1 banded symmetric C-ter BB,chain_pair,all,largest_cluster,129000.0,0.0006469051474184352,6.723271049780318e-05,1778.6775827723613,7150.970071685522,3783.6208029308486,0.8,8.0,8.0,100.0,96,140,3,partner_consecutive_v2
G2_Wcluster_alhx700,$\mathrm{Hel}_{50}$,Cter_symmetric_BB_contact_survival,symmetric_nac_bb,Any 1 banded symmetric C-ter BB,chain_pair,all,largest_cluster,130000.0,0.0006365657034737306,8.102889400914915e-05,1778.6775827723613,7150.970071685522,3783.6208029308486,0.8,8.0,8.0,100.0,96,140,3,partner_consecutive_v2
G2_Wcluster_alhx700,$\mathrm{Hel}_{50}$,Cter_symmetric_BB_contact_survival,symmetric_nac_bb,Any 1 banded symmetric C-ter BB,chain_pair,all,largest_cluster,131000.0,0.0006365657034737306,8.102889400914915e-05,1778.6775827723613,7150.970071685522,3783.6208029308486,0.8,8.0,8.0,100.0,96,140,3,partner_consecutive_v2
G2_Wcluster_alhx700,$\mathrm{Hel}_{50}$,Cter_symmetric_BB_contact_survival,symmetric_nac_bb,Any 1 banded symmetric C-ter BB,chain_pair,all,largest_cluster,132000.0,0.0006265466673050099,7.919400312251947e-05,1778.6775827723613,7150.970071685522,3783.6208029308486,0.8,8.0,8.0,100.0,96,140,3,partner_consecutive_v2
G2_Wcluster_alhx700,$\mathrm{Hel}_{50}$,Cter_symmetric_BB_contact_survival,symmetric_nac_bb,Any 1 banded symmetric C-ter BB,chain_pair,all,largest_cluster,133000.0,0.0006265466673050099,7.919400312251947e-05,1778.6775827723613,7150.970071685522,3783.6208029308486,0.8,8.0,8.0,100.0,96,140,3,partner_consecutive_v2
G2_Wcluster_alhx700,$\mathrm{Hel}_{50}$,Cter_symmetric_BB_contact_survival,symmetric_nac_bb,Any 1 banded symmetric C-ter BB,chain_pair,all,largest_cluster,134000.0,0.000615100173938253,6.609433095284486e-05,1778.6775827723613,7150.970071685522,3783.6208029308486,0.8,8.0,8.0,100.0,96,140,3,partner_consecutive_v2
G2_Wcluster_alhx700,$\mathrm{Hel}_{50}$,Cter_symmetric_BB_contact_survival,symmetric_nac_bb,Any 1 banded symmetric C-ter BB,chain_pair,all,largest_cluster,135000.0,0.0005933142366267911,6.91505354658798e-05,1778.6775827723613,7150.970071685522,3783.6208029308486,0.8,8.0,8.0,100.0,96,140,3,partner_consecutive_v2
G2_Wcluster_alhx700,$\mathrm{Hel}_{50}$,Cter_symmetric_BB_contact_survival,symmetric_nac_bb,Any 1 banded symmetric C-ter BB,chain_pair,all,largest_cluster,136000.0,0.0005832952004580706,6.498781050753265e-05,1778.6775827723613,7150.970071685522,3783.6208029308486,0.8,8.0,8.0,100.0,96,140,3,partner_consecutive_v2
G2_Wcluster_alhx700,$\mathrm{Hel}_{50}$,Cter_symmetric_BB_contact_survival,symmetric_nac_bb,Any 1 banded symmetric C-ter BB,chain_pair,all,largest_cluster,137000.0,0.0005718487070913136,5.3872973150811875e-05,1778.6775827723613,7150.970071685522,3783.6208029308486,0.8,8.0,8.0,100.0,96,140,3,partner_consecutive_v2
G2_Wcluster_alhx700,$\mathrm{Hel}_{50}$,Cter_symmetric_BB_contact_survival,symmetric_nac_bb,Any 1 banded symmetric C-ter BB,chain_pair,all,largest_cluster,138000.0,0.0005618296709225929,5.016049118938706e-05,1778.6775827723613,7150.970071685522,3783.6208029308486,0.8,8.0,8.0,100.0,96,140,3,partner_consecutive_v2
G2_Wcluster_alhx700,$\mathrm{Hel}_{50}$,Cter_symmetric_BB_contact_survival,symmetric_nac_bb,Any 1 banded symmetric C-ter BB,chain_pair,all,largest_cluster,139000.0,0.0005518106347538724,5.031279021892522e-05,1778.6775827723613,7150.970071685522,3783.6208029308486,0.8,8.0,8.0,100.0,96,140,3,partner_consecutive_v2
G2_Wcluster_alhx700,$\mathrm{Hel}_{50}$,Cter_symmetric_BB_contact_survival,symmetric_nac_bb,Any 1 banded symmetric C-ter BB,chain_pair,all,largest_cluster,140000.0,0.0005518106347538724,5.031279021892522e-05,1778.6775827723613,7150.970071685522,3783.6208029308486,0.8,8.0,8.0,100.0,96,140,3,partner_consecutive_v2
G2_Wcluster_alhx700,$\mathrm{Hel}_{50}$,Cter_symmetric_BB_contact_survival,symmetric_nac_bb,Any 1 banded symmetric C-ter BB,chain_pair,all,largest_cluster,141000.0,0.0005518106347538724,5.031279021892522e-05,1778.6775827723613,7150.970071685522,3783.6208029308486,0.8,8.0,8.0,100.0,96,140,3,partner_consecutive_v2
G2_Wcluster_alhx700,$\mathrm{Hel}_{50}$,Cter_symmetric_BB_contact_survival,symmetric_nac_bb,Any 1 banded symmetric C-ter BB,chain_pair,all,largest_cluster,142000.0,0.0004982197239622284,4.7876685581549614e-05,1778.6775827723613,7150.970071685522,3783.6208029308486,0.8,8.0,8.0,100.0,96,140,3,partner_consecutive_v2
G2_Wcluster_alhx700,$\mathrm{Hel}_{50}$,Cter_symmetric_BB_contact_survival,symmetric_nac_bb,Any 1 banded symmetric C-ter BB,chain_pair,all,largest_cluster,143000.0,0.0004982197239622284,4.7876685581549614e-05,1778.6775827723613,7150.970071685522,3783.6208029308486,0.8,8.0,8.0,100.0,96,140,3,partner_consecutive_v2
G2_Wcluster_alhx700,$\mathrm{Hel}_{50}$,Cter_symmetric_BB_contact_survival,symmetric_nac_bb,Any 1 banded symmetric C-ter BB,chain_pair,all,largest_cluster,144000.0,0.0004982197239622284,4.7876685581549614e-05,1778.6775827723613,7150.970071685522,3783.6208029308486,0.8,8.0,8.0,100.0,96,140,3,partner_consecutive_v2
G2_Wcluster_alhx700,$\mathrm{Hel}_{50}$,Cter_symmetric_BB_contact_survival,symmetric_nac_bb,Any 1 banded symmetric C-ter BB,chain_pair,all,largest_cluster,145000.0,0.0004982197239622284,4.7876685581549614e-05,1778.6775827723613,7150.970071685522,3783.6208029308486,0.8,8.0,8.0,100.0,96,140,3,partner_consecutive_v2
G2_Wcluster_alhx700,$\mathrm{Hel}_{50}$,Cter_symmetric_BB_contact_survival,symmetric_nac_bb,Any 1 banded symmetric C-ter BB,chain_pair,all,largest_cluster,146000.0,0.0004982197239622284,4.7876685581549614e-05,1778.6775827723613,7150.970071685522,3783.6208029308486,0.8,8.0,8.0,100.0,96,140,3,partner_consecutive_v2
G2_Wcluster_alhx700,$\mathrm{Hel}_{50}$,Cter_symmetric_BB_contact_survival,symmetric_nac_bb,Any 1 banded symmetric C-ter BB,chain_pair,all,largest_cluster,147000.0,0.0004778612438488031,5.972220958190058e-05,1778.6775827723613,7150.970071685522,3783.6208029308486,0.8,8.0,8.0,100.0,96,140,3,partner_consecutive_v2
G2_Wcluster_alhx700,$\mathrm{Hel}_{50}$,Cter_symmetric_BB_contact_survival,symmetric_nac_bb,Any 1 banded symmetric C-ter BB,chain_pair,all,largest_cluster,148000.0,0.0004778612438488031,5.972220958190058e-05,1778.6775827723613,7150.970071685522,3783.6208029308486,0.8,8.0,8.0,100.0,96,140,3,partner_consecutive_v2
G2_Wcluster_alhx700,$\mathrm{Hel}_{50}$,Cter_symmetric_BB_contact_survival,symmetric_nac_bb,Any 1 banded symmetric C-ter BB,chain_pair,all,largest_cluster,149000.0,0.0004778612438488031,5.972220958190058e-05,1778.6775827723613,7150.970071685522,3783.6208029308486,0.8,8.0,8.0,100.0,96,140,3,partner_consecutive_v2
G2_Wcluster_alhx700,$\mathrm{Hel}_{50}$,Cter_symmetric_BB_contact_survival,symmetric_nac_bb,Any 1 banded symmetric C-ter BB,chain_pair,all,largest_cluster,150000.0,0.0004778612438488031,5.972220958190058e-05,1778.6775827723613,7150.970071685522,3783.6208029308486,0.8,8.0,8.0,100.0,96,140,3,partner_consecutive_v2
G2_Wcluster_alhx700,$\mathrm{Hel}_{50}$,Cter_symmetric_BB_contact_survival,symmetric_nac_bb,Any 1 banded symmetric C-ter BB,chain_pair,all,largest_cluster,151000.0,0.0004778612438488031,5.972220958190058e-05,1778.6775827723613,7150.970071685522,3783.6208029308486,0.8,8.0,8.0,100.0,96,140,3,partner_consecutive_v2
G2_Wcluster_alhx700,$\mathrm{Hel}_{50}$,Cter_symmetric_BB_contact_survival,symmetric_nac_bb,Any 1 banded symmetric C-ter BB,chain_pair,all,largest_cluster,152000.0,0.00046784220768008255,6.087970456838688e-05,1778.6775827723613,7150.970071685522,3783.6208029308486,0.8,8.0,8.0,100.0,96,140,3,partner_consecutive_v2
G2_Wcluster_alhx700,$\mathrm{Hel}_{50}$,Cter_symmetric_BB_contact_survival,symmetric_nac_bb,Any 1 banded symmetric C-ter BB,chain_pair,all,largest_cluster,153000.0,0.00046784220768008255,6.087970456838688e-05,1778.6775827723613,7150.970071685522,3783.6208029308486,0.8,8.0,8.0,100.0,96,140,3,partner_consecutive_v2
G2_Wcluster_alhx700,$\mathrm{Hel}_{50}$,Cter_symmetric_BB_contact_survival,symmetric_nac_bb,Any 1 banded symmetric C-ter BB,chain_pair,all,largest_cluster,154000.0,0.00045782317151136197,6.517253165501703e-05,1778.6775827723613,7150.970071685522,3783.6208029308486,0.8,8.0,8.0,100.0,96,140,3,partner_consecutive_v2
G2_Wcluster_alhx700,$\mathrm{Hel}_{50}$,Cter_symmetric_BB_contact_survival,symmetric_nac_bb,Any 1 banded symmetric C-ter BB,chain_pair,all,largest_cluster,155000.0,0.00045782317151136197,6.517253165501703e-05,1778.6775827723613,7150.970071685522,3783.6208029308486,0.8,8.0,8.0,100.0,96,140,3,partner_consecutive_v2
G2_Wcluster_alhx700,$\mathrm{Hel}_{50}$,Cter_symmetric_BB_contact_survival,symmetric_nac_bb,Any 1 banded symmetric C-ter BB,chain_pair,all,largest_cluster,156000.0,0.0004277660630052003,9.099432016503961e-05,1778.6775827723613,7150.970071685522,3783.6208029308486,0.8,8.0,8.0,100.0,96,140,3,partner_consecutive_v2
G2_Wcluster_alhx700,$\mathrm{Hel}_{50}$,Cter_symmetric_BB_contact_survival,symmetric_nac_bb,Any 1 banded symmetric C-ter BB,chain_pair,all,largest_cluster,157000.0,0.0004277660630052003,9.099432016503961e-05,1778.6775827723613,7150.970071685522,3783.6208029308486,0.8,8.0,8.0,100.0,96,140,3,partner_consecutive_v2
G2_Wcluster_alhx700,$\mathrm{Hel}_{50}$,Cter_symmetric_BB_contact_survival,symmetric_nac_bb,Any 1 banded symmetric C-ter BB,chain_pair,all,largest_cluster,158000.0,0.0004163195696384432,7.587306063797116e-05,1778.6775827723613,7150.970071685522,3783.6208029308486,0.8,8.0,8.0,100.0,96,140,3,partner_consecutive_v2
G2_Wcluster_alhx700,$\mathrm{Hel}_{50}$,Cter_symmetric_BB_contact_survival,symmetric_nac_bb,Any 1 banded symmetric C-ter BB,chain_pair,all,largest_cluster,159000.0,0.0004063005334697226,8.760464311023908e-05,1778.6775827723613,7150.970071685522,3783.6208029308486,0.8,8.0,8.0,100.0,96,140,3,partner_consecutive_v2
G2_Wcluster_alhx700,$\mathrm{Hel}_{50}$,Cter_symmetric_BB_contact_survival,symmetric_nac_bb,Any 1 banded symmetric C-ter BB,chain_pair,all,largest_cluster,160000.0,0.0004063005334697226,8.760464311023908e-05,1778.6775827723613,7150.970071685522,3783.6208029308486,0.8,8.0,8.0,100.0,96,140,3,partner_consecutive_v2
G2_Wcluster_alhx700,$\mathrm{Hel}_{50}$,Cter_symmetric_BB_contact_survival,symmetric_nac_bb,Any 1 banded symmetric C-ter BB,chain_pair,all,largest_cluster,161000.0,0.000395961089525018,8.917233311396269e-05,1778.6775827723613,7150.970071685522,3783.6208029308486,0.8,8.0,8.0,100.0,96,140,3,partner_consecutive_v2
G2_Wcluster_alhx700,$\mathrm{Hel}_{50}$,Cter_symmetric_BB_contact_survival,symmetric_nac_bb,Any 1 banded symmetric C-ter BB,chain_pair,all,largest_cluster,162000.0,0.0003741751522135562,7.716559853647627e-05,1778.6775827723613,7150.970071685522,3783.6208029308486,0.8,8.0,8.0,100.0,96,140,3,partner_consecutive_v2
G2_Wcluster_alhx700,$\mathrm{Hel}_{50}$,Cter_symmetric_BB_contact_survival,symmetric_nac_bb,Any 1 banded symmetric C-ter BB,chain_pair,all,largest_cluster,163000.0,0.0003627286588467991,6.145482194849043e-05,1778.6775827723613,7150.970071685522,3783.6208029308486,0.8,8.0,8.0,100.0,96,140,3,partner_consecutive_v2
G2_Wcluster_alhx700,$\mathrm{Hel}_{50}$,Cter_symmetric_BB_contact_survival,symmetric_nac_bb,Any 1 banded symmetric C-ter BB,chain_pair,all,largest_cluster,164000.0,0.00035238921490209443,6.660073529477939e-05,1778.6775827723613,7150.970071685522,3783.6208029308486,0.8,8.0,8.0,100.0,96,140,3,partner_consecutive_v2
G2_Wcluster_alhx700,$\mathrm{Hel}_{50}$,Cter_symmetric_BB_contact_survival,symmetric_nac_bb,Any 1 banded symmetric C-ter BB,chain_pair,all,largest_cluster,165000.0,0.00035238921490209443,6.660073529477939e-05,1778.6775827723613,7150.970071685522,3783.6208029308486,0.8,8.0,8.0,100.0,96,140,3,partner_consecutive_v2
G2_Wcluster_alhx700,$\mathrm{Hel}_{50}$,Cter_symmetric_BB_contact_survival,symmetric_nac_bb,Any 1 banded symmetric C-ter BB,chain_pair,all,largest_cluster,166000.0,0.00035238921490209443,6.660073529477939e-05,1778.6775827723613,7150.970071685522,3783.6208029308486,0.8,8.0,8.0,100.0,96,140,3,partner_consecutive_v2
G2_Wcluster_alhx700,$\mathrm{Hel}_{50}$,Cter_symmetric_BB_contact_survival,symmetric_nac_bb,Any 1 banded symmetric C-ter BB,chain_pair,all,largest_cluster,167000.0,0.00035238921490209443,6.660073529477939e-05,1778.6775827723613,7150.970071685522,3783.6208029308486,0.8,8.0,8.0,100.0,96,140,3,partner_consecutive_v2
G2_Wcluster_alhx700,$\mathrm{Hel}_{50}$,Cter_symmetric_BB_contact_survival,symmetric_nac_bb,Any 1 banded symmetric C-ter BB,chain_pair,all,largest_cluster,168000.0,0.0003205842414219121,6.478919233772014e-05,1778.6775827723613,7150.970071685522,3783.6208029308486,0.8,8.0,8.0,100.0,96,140,3,partner_consecutive_v2
G2_Wcluster_alhx700,$\mathrm{Hel}_{50}$,Cter_symmetric_BB_contact_survival,symmetric_nac_bb,Any 1 banded symmetric C-ter BB,chain_pair,all,largest_cluster,169000.0,0.00028845886016574577,6.678364367283126e-05,1778.6775827723613,7150.970071685522,3783.6208029308486,0.8,8.0,8.0,100.0,96,140,3,partner_consecutive_v2
G2_Wcluster_alhx700,$\mathrm{Hel}_{50}$,Cter_symmetric_BB_contact_survival,symmetric_nac_bb,Any 1 banded symmetric C-ter BB,chain_pair,all,largest_cluster,170000.0,0.0002770123667989886,5.1752472944440353e-05,1778.6775827723613,7150.970071685522,3783.6208029308486,0.8,8.0,8.0,100.0,96,140,3,partner_consecutive_v2
G2_Wcluster_alhx700,$\mathrm{Hel}_{50}$,Cter_symmetric_BB_contact_survival,symmetric_nac_bb,Any 1 banded symmetric C-ter BB,chain_pair,all,largest_cluster,171000.0,0.0002770123667989886,5.1752472944440353e-05,1778.6775827723613,7150.970071685522,3783.6208029308486,0.8,8.0,8.0,100.0,96,140,3,partner_consecutive_v2
G2_Wcluster_alhx700,$\mathrm{Hel}_{50}$,Cter_symmetric_BB_contact_survival,symmetric_nac_bb,Any 1 banded symmetric C-ter BB,chain_pair,all,largest_cluster,172000.0,0.0002770123667989886,5.1752472944440353e-05,1778.6775827723613,7150.970071685522,3783.6208029308486,0.8,8.0,8.0,100.0,96,140,3,partner_consecutive_v2
G2_Wcluster_alhx700,$\mathrm{Hel}_{50}$,Cter_symmetric_BB_contact_survival,symmetric_nac_bb,Any 1 banded symmetric C-ter BB,chain_pair,all,largest_cluster,173000.0,0.0002770123667989886,5.1752472944440353e-05,1778.6775827723613,7150.970071685522,3783.6208029308486,0.8,8.0,8.0,100.0,96,140,3,partner_consecutive_v2
G2_Wcluster_alhx700,$\mathrm{Hel}_{50}$,Cter_symmetric_BB_contact_survival,symmetric_nac_bb,Any 1 banded symmetric C-ter BB,chain_pair,all,largest_cluster,174000.0,0.0002770123667989886,5.1752472944440353e-05,1778.6775827723613,7150.970071685522,3783.6208029308486,0.8,8.0,8.0,100.0,96,140,3,partner_consecutive_v2
G2_Wcluster_alhx700,$\mathrm{Hel}_{50}$,Cter_symmetric_BB_contact_survival,symmetric_nac_bb,Any 1 banded symmetric C-ter BB,chain_pair,all,largest_cluster,175000.0,0.000266672922854284,6.426867113496012e-05,1778.6775827723613,7150.970071685522,3783.6208029308486,0.8,8.0,8.0,100.0,96,140,3,partner_consecutive_v2
G2_Wcluster_alhx700,$\mathrm{Hel}_{50}$,Cter_symmetric_BB_contact_survival,symmetric_nac_bb,Any 1 banded symmetric C-ter BB,chain_pair,all,largest_cluster,176000.0,0.000266672922854284,6.426867113496012e-05,1778.6775827723613,7150.970071685522,3783.6208029308486,0.8,8.0,8.0,100.0,96,140,3,partner_consecutive_v2
G2_Wcluster_alhx700,$\mathrm{Hel}_{50}$,Cter_symmetric_BB_contact_survival,symmetric_nac_bb,Any 1 banded symmetric C-ter BB,chain_pair,all,largest_cluster,177000.0,0.000266672922854284,6.426867113496012e-05,1778.6775827723613,7150.970071685522,3783.6208029308486,0.8,8.0,8.0,100.0,96,140,3,partner_consecutive_v2
G2_Wcluster_alhx700,$\mathrm{Hel}_{50}$,Cter_symmetric_BB_contact_survival,symmetric_nac_bb,Any 1 banded symmetric C-ter BB,chain_pair,all,largest_cluster,178000.0,0.000266672922854284,6.426867113496012e-05,1778.6775827723613,7150.970071685522,3783.6208029308486,0.8,8.0,8.0,100.0,96,140,3,partner_consecutive_v2
G2_Wcluster_alhx700,$\mathrm{Hel}_{50}$,Cter_symmetric_BB_contact_survival,symmetric_nac_bb,Any 1 banded symmetric C-ter BB,chain_pair,all,largest_cluster,179000.0,0.000266672922854284,6.426867113496012e-05,1778.6775827723613,7150.970071685522,3783.6208029308486,0.8,8.0,8.0,100.0,96,140,3,partner_consecutive_v2
G2_Wcluster_alhx700,$\mathrm{Hel}_{50}$,Cter_symmetric_BB_contact_survival,symmetric_nac_bb,Any 1 banded symmetric C-ter BB,chain_pair,all,largest_cluster,180000.0,0.000266672922854284,6.426867113496012e-05,1778.6775827723613,7150.970071685522,3783.6208029308486,0.8,8.0,8.0,100.0,96,140,3,partner_consecutive_v2
G2_Wcluster_alhx700,$\mathrm{Hel}_{50}$,Cter_symmetric_BB_contact_survival,symmetric_nac_bb,Any 1 banded symmetric C-ter BB,chain_pair,all,largest_cluster,181000.0,0.00025633347890957934,7.752562239276149e-05,1778.6775827723613,7150.970071685522,3783.6208029308486,0.8,8.0,8.0,100.0,96,140,3,partner_consecutive_v2
G2_Wcluster_alhx700,$\mathrm{Hel}_{50}$,Cter_symmetric_BB_contact_survival,symmetric_nac_bb,Any 1 banded symmetric C-ter BB,chain_pair,all,largest_cluster,182000.0,0.00025633347890957934,7.752562239276149e-05,1778.6775827723613,7150.970071685522,3783.6208029308486,0.8,8.0,8.0,100.0,96,140,3,partner_consecutive_v2
G2_Wcluster_alhx700,$\mathrm{Hel}_{50}$,Cter_symmetric_BB_contact_survival,symmetric_nac_bb,Any 1 banded symmetric C-ter BB,chain_pair,all,largest_cluster,183000.0,0.00025633347890957934,7.752562239276149e-05,1778.6775827723613,7150.970071685522,3783.6208029308486,0.8,8.0,8.0,100.0,96,140,3,partner_consecutive_v2
G2_Wcluster_alhx700,$\mathrm{Hel}_{50}$,Cter_symmetric_BB_contact_survival,symmetric_nac_bb,Any 1 banded symmetric C-ter BB,chain_pair,all,largest_cluster,184000.0,0.00024488698554282225,6.541538700103487e-05,1778.6775827723613,7150.970071685522,3783.6208029308486,0.8,8.0,8.0,100.0,96,140,3,partner_consecutive_v2
G2_Wcluster_alhx700,$\mathrm{Hel}_{50}$,Cter_symmetric_BB_contact_survival,symmetric_nac_bb,Any 1 banded symmetric C-ter BB,chain_pair,all,largest_cluster,185000.0,0.00024488698554282225,6.541538700103487e-05,1778.6775827723613,7150.970071685522,3783.6208029308486,0.8,8.0,8.0,100.0,96,140,3,partner_consecutive_v2
G2_Wcluster_alhx700,$\mathrm{Hel}_{50}$,Cter_symmetric_BB_contact_survival,symmetric_nac_bb,Any 1 banded symmetric C-ter BB,chain_pair,all,largest_cluster,186000.0,0.00024488698554282225,6.541538700103487e-05,1778.6775827723613,7150.970071685522,3783.6208029308486,0.8,8.0,8.0,100.0,96,140,3,partner_consecutive_v2
G2_Wcluster_alhx700,$\mathrm{Hel}_{50}$,Cter_symmetric_BB_contact_survival,symmetric_nac_bb,Any 1 banded symmetric C-ter BB,chain_pair,all,largest_cluster,187000.0,0.00024488698554282225,6.541538700103487e-05,1778.6775827723613,7150.970071685522,3783.6208029308486,0.8,8.0,8.0,100.0,96,140,3,partner_consecutive_v2
G2_Wcluster_alhx700,$\mathrm{Hel}_{50}$,Cter_symmetric_BB_contact_survival,symmetric_nac_bb,Any 1 banded symmetric C-ter BB,chain_pair,all,largest_cluster,188000.0,0.00024488698554282225,6.541538700103487e-05,1778.6775827723613,7150.970071685522,3783.6208029308486,0.8,8.0,8.0,100.0,96,140,3,partner_consecutive_v2
G2_Wcluster_alhx700,$\mathrm{Hel}_{50}$,Cter_symmetric_BB_contact_survival,symmetric_nac_bb,Any 1 banded symmetric C-ter BB,chain_pair,all,largest_cluster,189000.0,0.00024488698554282225,6.541538700103487e-05,1778.6775827723613,7150.970071685522,3783.6208029308486,0.8,8.0,8.0,100.0,96,140,3,partner_consecutive_v2
G2_Wcluster_alhx700,$\mathrm{Hel}_{50}$,Cter_symmetric_BB_contact_survival,symmetric_nac_bb,Any 1 banded symmetric C-ter BB,chain_pair,all,largest_cluster,190000.0,0.00023344049217606514,5.542754213553164e-05,1778.6775827723613,7150.970071685522,3783.6208029308486,0.8,8.0,8.0,100.0,96,140,3,partner_consecutive_v2
G2_Wcluster_alhx700,$\mathrm{Hel}_{50}$,Cter_symmetric_BB_contact_survival,symmetric_nac_bb,Any 1 banded symmetric C-ter BB,chain_pair,all,largest_cluster,191000.0,0.00022199399880930805,4.888088419267768e-05,1778.6775827723613,7150.970071685522,3783.6208029308486,0.8,8.0,8.0,100.0,96,140,3,partner_consecutive_v2
G2_Wcluster_alhx700,$\mathrm{Hel}_{50}$,Cter_symmetric_BB_contact_survival,symmetric_nac_bb,Any 1 banded symmetric C-ter BB,chain_pair,all,largest_cluster,192000.0,0.00022199399880930805,4.888088419267768e-05,1778.6775827723613,7150.970071685522,3783.6208029308486,0.8,8.0,8.0,100.0,96,140,3,partner_consecutive_v2
G2_Wcluster_alhx700,$\mathrm{Hel}_{50}$,Cter_symmetric_BB_contact_survival,symmetric_nac_bb,Any 1 banded symmetric C-ter BB,chain_pair,all,largest_cluster,193000.0,0.00022199399880930805,4.888088419267768e-05,1778.6775827723613,7150.970071685522,3783.6208029308486,0.8,8.0,8.0,100.0,96,140,3,partner_consecutive_v2
G2_Wcluster_alhx700,$\mathrm{Hel}_{50}$,Cter_symmetric_BB_contact_survival,symmetric_nac_bb,Any 1 banded symmetric C-ter BB,chain_pair,all,largest_cluster,194000.0,0.00022199399880930805,4.888088419267768e-05,1778.6775827723613,7150.970071685522,3783.6208029308486,0.8,8.0,8.0,100.0,96,140,3,partner_consecutive_v2
G2_Wcluster_alhx700,$\mathrm{Hel}_{50}$,Cter_symmetric_BB_contact_survival,symmetric_nac_bb,Any 1 banded symmetric C-ter BB,chain_pair,all,largest_cluster,195000.0,0.00022199399880930805,4.888088419267768e-05,1778.6775827723613,7150.970071685522,3783.6208029308486,0.8,8.0,8.0,100.0,96,140,3,partner_consecutive_v2
G2_Wcluster_alhx700,$\mathrm{Hel}_{50}$,Cter_symmetric_BB_contact_survival,symmetric_nac_bb,Any 1 banded symmetric C-ter BB,chain_pair,all,largest_cluster,196000.0,0.00022199399880930805,4.888088419267768e-05,1778.6775827723613,7150.970071685522,3783.6208029308486,0.8,8.0,8.0,100.0,96,140,3,partner_consecutive_v2
G2_Wcluster_alhx700,$\mathrm{Hel}_{50}$,Cter_symmetric_BB_contact_survival,symmetric_nac_bb,Any 1 banded symmetric C-ter BB,chain_pair,all,largest_cluster,197000.0,0.00019910101207579385,5.094962402946854e-05,1778.6775827723613,7150.970071685522,3783.6208029308486,0.8,8.0,8.0,100.0,96,140,3,partner_consecutive_v2
G2_Wcluster_alhx700,$\mathrm{Hel}_{50}$,Cter_symmetric_BB_contact_survival,symmetric_nac_bb,Any 1 banded symmetric C-ter BB,chain_pair,all,largest_cluster,198000.0,0.00019910101207579385,5.094962402946854e-05,1778.6775827723613,7150.970071685522,3783.6208029308486,0.8,8.0,8.0,100.0,96,140,3,partner_consecutive_v2
G2_Wcluster_alhx700,$\mathrm{Hel}_{50}$,Cter_symmetric_BB_contact_survival,symmetric_nac_bb,Any 1 banded symmetric C-ter BB,chain_pair,all,largest_cluster,199000.0,0.00019910101207579385,5.094962402946854e-05,1778.6775827723613,7150.970071685522,3783.6208029308486,0.8,8.0,8.0,100.0,96,140,3,partner_consecutive_v2
G2_Wcluster_alhx700,$\mathrm{Hel}_{50}$,Cter_symmetric_BB_contact_survival,symmetric_nac_bb,Any 1 banded symmetric C-ter BB,chain_pair,all,largest_cluster,200000.0,0.0001887615681310892,6.0989645561588203e-05,1778.6775827723613,7150.970071685522,3783.6208029308486,0.8,8.0,8.0,100.0,96,140,3,partner_consecutive_v2
G2_Wcluster_alhx700,$\mathrm{Hel}_{50}$,Cter_symmetric_BB_contact_survival,symmetric_nac_bb,Any 1 banded symmetric C-ter BB,chain_pair,all,largest_cluster,201000.0,0.0001887615681310892,6.0989645561588203e-05,1778.6775827723613,7150.970071685522,3783.6208029308486,0.8,8.0,8.0,100.0,96,140,3,partner_consecutive_v2
G2_Wcluster_alhx700,$\mathrm{Hel}_{50}$,Cter_symmetric_BB_contact_survival,symmetric_nac_bb,Any 1 banded symmetric C-ter BB,chain_pair,all,largest_cluster,202000.0,0.0001887615681310892,6.0989645561588203e-05,1778.6775827723613,7150.970071685522,3783.6208029308486,0.8,8.0,8.0,100.0,96,140,3,partner_consecutive_v2
G2_Wcluster_alhx700,$\mathrm{Hel}_{50}$,Cter_symmetric_BB_contact_survival,symmetric_nac_bb,Any 1 banded symmetric C-ter BB,chain_pair,all,largest_cluster,203000.0,0.0001887615681310892,6.0989645561588203e-05,1778.6775827723613,7150.970071685522,3783.6208029308486,0.8,8.0,8.0,100.0,96,140,3,partner_consecutive_v2
G2_Wcluster_alhx700,$\mathrm{Hel}_{50}$,Cter_symmetric_BB_contact_survival,symmetric_nac_bb,Any 1 banded symmetric C-ter BB,chain_pair,all,largest_cluster,204000.0,0.00017731507476433211,6.612436048601543e-05,1778.6775827723613,7150.970071685522,3783.6208029308486,0.8,8.0,8.0,100.0,96,140,3,partner_consecutive_v2
G2_Wcluster_alhx700,$\mathrm{Hel}_{50}$,Cter_symmetric_BB_contact_survival,symmetric_nac_bb,Any 1 banded symmetric C-ter BB,chain_pair,all,largest_cluster,205000.0,0.00017731507476433211,6.612436048601543e-05,1778.6775827723613,7150.970071685522,3783.6208029308486,0.8,8.0,8.0,100.0,96,140,3,partner_consecutive_v2
G2_Wcluster_alhx700,$\mathrm{Hel}_{50}$,Cter_symmetric_BB_contact_survival,symmetric_nac_bb,Any 1 banded symmetric C-ter BB,chain_pair,all,largest_cluster,206000.0,0.00017731507476433211,6.612436048601543e-05,1778.6775827723613,7150.970071685522,3783.6208029308486,0.8,8.0,8.0,100.0,96,140,3,partner_consecutive_v2
G2_Wcluster_alhx700,$\mathrm{Hel}_{50}$,Cter_symmetric_BB_contact_survival,symmetric_nac_bb,Any 1 banded symmetric C-ter BB,chain_pair,all,largest_cluster,207000.0,0.00017731507476433211,6.612436048601543e-05,1778.6775827723613,7150.970071685522,3783.6208029308486,0.8,8.0,8.0,100.0,96,140,3,partner_consecutive_v2
G2_Wcluster_alhx700,$\mathrm{Hel}_{50}$,Cter_symmetric_BB_contact_survival,symmetric_nac_bb,Any 1 banded symmetric C-ter BB,chain_pair,all,largest_cluster,208000.0,0.00017731507476433211,6.612436048601543e-05,1778.6775827723613,7150.970071685522,3783.6208029308486,0.8,8.0,8.0,100.0,96,140,3,partner_consecutive_v2
G2_Wcluster_alhx700,$\mathrm{Hel}_{50}$,Cter_symmetric_BB_contact_survival,symmetric_nac_bb,Any 1 banded symmetric C-ter BB,chain_pair,all,largest_cluster,209000.0,0.00017731507476433211,6.612436048601543e-05,1778.6775827723613,7150.970071685522,3783.6208029308486,0.8,8.0,8.0,100.0,96,140,3,partner_consecutive_v2
G2_Wcluster_alhx700,$\mathrm{Hel}_{50}$,Cter_symmetric_BB_contact_survival,symmetric_nac_bb,Any 1 banded symmetric C-ter BB,chain_pair,all,largest_cluster,210000.0,0.00017731507476433211,6.612436048601543e-05,1778.6775827723613,7150.970071685522,3783.6208029308486,0.8,8.0,8.0,100.0,96,140,3,partner_consecutive_v2
G2_Wcluster_alhx700,$\mathrm{Hel}_{50}$,Cter_symmetric_BB_contact_survival,symmetric_nac_bb,Any 1 banded symmetric C-ter BB,chain_pair,all,largest_cluster,211000.0,0.00017731507476433211,6.612436048601543e-05,1778.6775827723613,7150.970071685522,3783.6208029308486,0.8,8.0,8.0,100.0,96,140,3,partner_consecutive_v2
G2_Wcluster_alhx700,$\mathrm{Hel}_{50}$,Cter_symmetric_BB_contact_survival,symmetric_nac_bb,Any 1 banded symmetric C-ter BB,chain_pair,all,largest_cluster,212000.0,0.00017731507476433211,6.612436048601543e-05,1778.6775827723613,7150.970071685522,3783.6208029308486,0.8,8.0,8.0,100.0,96,140,3,partner_consecutive_v2
G2_Wcluster_alhx700,$\mathrm{Hel}_{50}$,Cter_symmetric_BB_contact_survival,symmetric_nac_bb,Any 1 banded symmetric C-ter BB,chain_pair,all,largest_cluster,213000.0,0.00017731507476433211,6.612436048601543e-05,1778.6775827723613,7150.970071685522,3783.6208029308486,0.8,8.0,8.0,100.0,96,140,3,partner_consecutive_v2
G2_Wcluster_alhx700,$\mathrm{Hel}_{50}$,Cter_symmetric_BB_contact_survival,symmetric_nac_bb,Any 1 banded symmetric C-ter BB,chain_pair,all,largest_cluster,214000.0,0.00017731507476433211,6.612436048601543e-05,1778.6775827723613,7150.970071685522,3783.6208029308486,0.8,8.0,8.0,100.0,96,140,3,partner_consecutive_v2
G2_Wcluster_alhx700,$\mathrm{Hel}_{50}$,Cter_symmetric_BB_contact_survival,symmetric_nac_bb,Any 1 banded symmetric C-ter BB,chain_pair,all,largest_cluster,215000.0,0.00017731507476433211,6.612436048601543e-05,1778.6775827723613,7150.970071685522,3783.6208029308486,0.8,8.0,8.0,100.0,96,140,3,partner_consecutive_v2
G2_Wcluster_alhx700,$\mathrm{Hel}_{50}$,Cter_symmetric_BB_contact_survival,symmetric_nac_bb,Any 1 banded symmetric C-ter BB,chain_pair,all,largest_cluster,216000.0,0.00017731507476433211,6.612436048601543e-05,1778.6775827723613,7150.970071685522,3783.6208029308486,0.8,8.0,8.0,100.0,96,140,3,partner_consecutive_v2
G2_Wcluster_alhx700,$\mathrm{Hel}_{50}$,Cter_symmetric_BB_contact_survival,symmetric_nac_bb,Any 1 banded symmetric C-ter BB,chain_pair,all,largest_cluster,217000.0,0.00017731507476433211,6.612436048601543e-05,1778.6775827723613,7150.970071685522,3783.6208029308486,0.8,8.0,8.0,100.0,96,140,3,partner_consecutive_v2
G2_Wcluster_alhx700,$\mathrm{Hel}_{50}$,Cter_symmetric_BB_contact_survival,symmetric_nac_bb,Any 1 banded symmetric C-ter BB,chain_pair,all,largest_cluster,218000.0,0.00017731507476433211,6.612436048601543e-05,1778.6775827723613,7150.970071685522,3783.6208029308486,0.8,8.0,8.0,100.0,96,140,3,partner_consecutive_v2
G2_Wcluster_alhx700,$\mathrm{Hel}_{50}$,Cter_symmetric_BB_contact_survival,symmetric_nac_bb,Any 1 banded symmetric C-ter BB,chain_pair,all,largest_cluster,219000.0,0.00017731507476433211,6.612436048601543e-05,1778.6775827723613,7150.970071685522,3783.6208029308486,0.8,8.0,8.0,100.0,96,140,3,partner_consecutive_v2
G2_Wcluster_alhx700,$\mathrm{Hel}_{50}$,Cter_symmetric_BB_contact_survival,symmetric_nac_bb,Any 1 banded symmetric C-ter BB,chain_pair,all,largest_cluster,220000.0,0.00017731507476433211,6.612436048601543e-05,1778.6775827723613,7150.970071685522,3783.6208029308486,0.8,8.0,8.0,100.0,96,140,3,partner_consecutive_v2
G2_Wcluster_alhx700,$\mathrm{Hel}_{50}$,Cter_symmetric_BB_contact_survival,symmetric_nac_bb,Any 1 banded symmetric C-ter BB,chain_pair,all,largest_cluster,221000.0,0.00016729603859561156,5.201602527418046e-05,1778.6775827723613,7150.970071685522,3783.6208029308486,0.8,8.0,8.0,100.0,96,140,3,partner_consecutive_v2
G2_Wcluster_alhx700,$\mathrm{Hel}_{50}$,Cter_symmetric_BB_contact_survival,symmetric_nac_bb,Any 1 banded symmetric C-ter BB,chain_pair,all,largest_cluster,222000.0,0.00015727700242689098,3.795295856668311e-05,1778.6775827723613,7150.970071685522,3783.6208029308486,0.8,8.0,8.0,100.0,96,140,3,partner_consecutive_v2
G2_Wcluster_alhx700,$\mathrm{Hel}_{50}$,Cter_symmetric_BB_contact_survival,symmetric_nac_bb,Any 1 banded symmetric C-ter BB,chain_pair,all,largest_cluster,223000.0,0.00015727700242689098,3.795295856668311e-05,1778.6775827723613,7150.970071685522,3783.6208029308486,0.8,8.0,8.0,100.0,96,140,3,partner_consecutive_v2
G2_Wcluster_alhx700,$\mathrm{Hel}_{50}$,Cter_symmetric_BB_contact_survival,symmetric_nac_bb,Any 1 banded symmetric C-ter BB,chain_pair,all,largest_cluster,224000.0,0.00015727700242689098,3.795295856668311e-05,1778.6775827723613,7150.970071685522,3783.6208029308486,0.8,8.0,8.0,100.0,96,140,3,partner_consecutive_v2
G2_Wcluster_alhx700,$\mathrm{Hel}_{50}$,Cter_symmetric_BB_contact_survival,symmetric_nac_bb,Any 1 banded symmetric C-ter BB,chain_pair,all,largest_cluster,225000.0,0.00015727700242689098,3.795295856668311e-05,1778.6775827723613,7150.970071685522,3783.6208029308486,0.8,8.0,8.0,100.0,96,140,3,partner_consecutive_v2
G2_Wcluster_alhx700,$\mathrm{Hel}_{50}$,Cter_symmetric_BB_contact_survival,symmetric_nac_bb,Any 1 banded symmetric C-ter BB,chain_pair,all,largest_cluster,226000.0,0.00015727700242689098,3.795295856668311e-05,1778.6775827723613,7150.970071685522,3783.6208029308486,0.8,8.0,8.0,100.0,96,140,3,partner_consecutive_v2
G2_Wcluster_alhx700,$\mathrm{Hel}_{50}$,Cter_symmetric_BB_contact_survival,symmetric_nac_bb,Any 1 banded symmetric C-ter BB,chain_pair,all,largest_cluster,227000.0,0.00015727700242689098,3.795295856668311e-05,1778.6775827723613,7150.970071685522,3783.6208029308486,0.8,8.0,8.0,100.0,96,140,3,partner_consecutive_v2
G2_Wcluster_alhx700,$\mathrm{Hel}_{50}$,Cter_symmetric_BB_contact_survival,symmetric_nac_bb,Any 1 banded symmetric C-ter BB,chain_pair,all,largest_cluster,228000.0,0.00015727700242689098,3.795295856668311e-05,1778.6775827723613,7150.970071685522,3783.6208029308486,0.8,8.0,8.0,100.0,96,140,3,partner_consecutive_v2
G2_Wcluster_alhx700,$\mathrm{Hel}_{50}$,Cter_symmetric_BB_contact_survival,symmetric_nac_bb,Any 1 banded symmetric C-ter BB,chain_pair,all,largest_cluster,229000.0,0.00015727700242689098,3.795295856668311e-05,1778.6775827723613,7150.970071685522,3783.6208029308486,0.8,8.0,8.0,100.0,96,140,3,partner_consecutive_v2
G2_Wcluster_alhx700,$\mathrm{Hel}_{50}$,Cter_symmetric_BB_contact_survival,symmetric_nac_bb,Any 1 banded symmetric C-ter BB,chain_pair,all,largest_cluster,230000.0,0.00015727700242689098,3.795295856668311e-05,1778.6775827723613,7150.970071685522,3783.6208029308486,0.8,8.0,8.0,100.0,96,140,3,partner_consecutive_v2
G2_Wcluster_alhx700,$\mathrm{Hel}_{50}$,Cter_symmetric_BB_contact_survival,symmetric_nac_bb,Any 1 banded symmetric C-ter BB,chain_pair,all,largest_cluster,231000.0,0.00015727700242689098,3.795295856668311e-05,1778.6775827723613,7150.970071685522,3783.6208029308486,0.8,8.0,8.0,100.0,96,140,3,partner_consecutive_v2
G2_Wcluster_alhx700,$\mathrm{Hel}_{50}$,Cter_symmetric_BB_contact_survival,symmetric_nac_bb,Any 1 banded symmetric C-ter BB,chain_pair,all,largest_cluster,232000.0,0.00014583050906013387,4.645943139251004e-05,1778.6775827723613,7150.970071685522,3783.6208029308486,0.8,8.0,8.0,100.0,96,140,3,partner_consecutive_v2
G2_Wcluster_alhx700,$\mathrm{Hel}_{50}$,Cter_symmetric_BB_contact_survival,symmetric_nac_bb,Any 1 banded symmetric C-ter BB,chain_pair,all,largest_cluster,233000.0,0.00013438401569337678,5.8314829231055686e-05,1778.6775827723613,7150.970071685522,3783.6208029308486,0.8,8.0,8.0,100.0,96,140,3,partner_consecutive_v2
G2_Wcluster_alhx700,$\mathrm{Hel}_{50}$,Cter_symmetric_BB_contact_survival,symmetric_nac_bb,Any 1 banded symmetric C-ter BB,chain_pair,all,largest_cluster,234000.0,0.00013438401569337678,5.8314829231055686e-05,1778.6775827723613,7150.970071685522,3783.6208029308486,0.8,8.0,8.0,100.0,96,140,3,partner_consecutive_v2
G2_Wcluster_alhx700,$\mathrm{Hel}_{50}$,Cter_symmetric_BB_contact_survival,symmetric_nac_bb,Any 1 banded symmetric C-ter BB,chain_pair,all,largest_cluster,235000.0,0.00013438401569337678,5.8314829231055686e-05,1778.6775827723613,7150.970071685522,3783.6208029308486,0.8,8.0,8.0,100.0,96,140,3,partner_consecutive_v2
G2_Wcluster_alhx700,$\mathrm{Hel}_{50}$,Cter_symmetric_BB_contact_survival,symmetric_nac_bb,Any 1 banded symmetric C-ter BB,chain_pair,all,largest_cluster,236000.0,0.00013438401569337678,5.8314829231055686e-05,1778.6775827723613,7150.970071685522,3783.6208029308486,0.8,8.0,8.0,100.0,96,140,3,partner_consecutive_v2
G2_Wcluster_alhx700,$\mathrm{Hel}_{50}$,Cter_symmetric_BB_contact_survival,symmetric_nac_bb,Any 1 banded symmetric C-ter BB,chain_pair,all,largest_cluster,237000.0,0.0001243649795246562,4.558697736965742e-05,1778.6775827723613,7150.970071685522,3783.6208029308486,0.8,8.0,8.0,100.0,96,140,3,partner_consecutive_v2
G2_Wcluster_alhx700,$\mathrm{Hel}_{50}$,Cter_symmetric_BB_contact_survival,symmetric_nac_bb,Any 1 banded symmetric C-ter BB,chain_pair,all,largest_cluster,238000.0,0.0001243649795246562,4.558697736965742e-05,1778.6775827723613,7150.970071685522,3783.6208029308486,0.8,8.0,8.0,100.0,96,140,3,partner_consecutive_v2
G2_Wcluster_alhx700,$\mathrm{Hel}_{50}$,Cter_symmetric_BB_contact_survival,symmetric_nac_bb,Any 1 banded symmetric C-ter BB,chain_pair,all,largest_cluster,239000.0,0.0001129184861578991,6.01251713354834e-05,1778.6775827723613,7150.970071685522,3783.6208029308486,0.8,8.0,8.0,100.0,96,140,3,partner_consecutive_v2
G2_Wcluster_alhx700,$\mathrm{Hel}_{50}$,Cter_symmetric_BB_contact_survival,symmetric_nac_bb,Any 1 banded symmetric C-ter BB,chain_pair,all,largest_cluster,240000.0,0.0001129184861578991,6.01251713354834e-05,1778.6775827723613,7150.970071685522,3783.6208029308486,0.8,8.0,8.0,100.0,96,140,3,partner_consecutive_v2
G2_Wcluster_alhx700,$\mathrm{Hel}_{50}$,Cter_symmetric_BB_contact_survival,symmetric_nac_bb,Any 1 banded symmetric C-ter BB,chain_pair,all,largest_cluster,241000.0,0.0001129184861578991,6.01251713354834e-05,1778.6775827723613,7150.970071685522,3783.6208029308486,0.8,8.0,8.0,100.0,96,140,3,partner_consecutive_v2
G2_Wcluster_alhx700,$\mathrm{Hel}_{50}$,Cter_symmetric_BB_contact_survival,symmetric_nac_bb,Any 1 banded symmetric C-ter BB,chain_pair,all,largest_cluster,242000.0,0.0001129184861578991,6.01251713354834e-05,1778.6775827723613,7150.970071685522,3783.6208029308486,0.8,8.0,8.0,100.0,96,140,3,partner_consecutive_v2
G2_Wcluster_alhx700,$\mathrm{Hel}_{50}$,Cter_symmetric_BB_contact_survival,symmetric_nac_bb,Any 1 banded symmetric C-ter BB,chain_pair,all,largest_cluster,243000.0,0.0001129184861578991,6.01251713354834e-05,1778.6775827723613,7150.970071685522,3783.6208029308486,0.8,8.0,8.0,100.0,96,140,3,partner_consecutive_v2
G2_Wcluster_alhx700,$\mathrm{Hel}_{50}$,Cter_symmetric_BB_contact_survival,symmetric_nac_bb,Any 1 banded symmetric C-ter BB,chain_pair,all,largest_cluster,244000.0,0.0001129184861578991,6.01251713354834e-05,1778.6775827723613,7150.970071685522,3783.6208029308486,0.8,8.0,8.0,100.0,96,140,3,partner_consecutive_v2
G2_Wcluster_alhx700,$\mathrm{Hel}_{50}$,Cter_symmetric_BB_contact_survival,symmetric_nac_bb,Any 1 banded symmetric C-ter BB,chain_pair,all,largest_cluster,245000.0,0.0001129184861578991,6.01251713354834e-05,1778.6775827723613,7150.970071685522,3783.6208029308486,0.8,8.0,8.0,100.0,96,140,3,partner_consecutive_v2
G2_Wcluster_alhx700,$\mathrm{Hel}_{50}$,Cter_symmetric_BB_contact_survival,symmetric_nac_bb,Any 1 banded symmetric C-ter BB,chain_pair,all,largest_cluster,246000.0,0.0001129184861578991,6.01251713354834e-05,1778.6775827723613,7150.970071685522,3783.6208029308486,0.8,8.0,8.0,100.0,96,140,3,partner_consecutive_v2
G2_Wcluster_alhx700,$\mathrm{Hel}_{50}$,Cter_symmetric_BB_contact_survival,symmetric_nac_bb,Any 1 banded symmetric C-ter BB,chain_pair,all,largest_cluster,247000.0,0.0001129184861578991,6.01251713354834e-05,1778.6775827723613,7150.970071685522,3783.6208029308486,0.8,8.0,8.0,100.0,96,140,3,partner_consecutive_v2
G2_Wcluster_alhx700,$\mathrm{Hel}_{50}$,Cter_symmetric_BB_contact_survival,symmetric_nac_bb,Any 1 banded symmetric C-ter BB,chain_pair,all,largest_cluster,248000.0,0.0001129184861578991,6.01251713354834e-05,1778.6775827723613,7150.970071685522,3783.6208029308486,0.8,8.0,8.0,100.0,96,140,3,partner_consecutive_v2
G2_Wcluster_alhx700,$\mathrm{Hel}_{50}$,Cter_symmetric_BB_contact_survival,symmetric_nac_bb,Any 1 banded symmetric C-ter BB,chain_pair,all,largest_cluster,249000.0,0.0001129184861578991,6.01251713354834e-05,1778.6775827723613,7150.970071685522,3783.6208029308486,0.8,8.0,8.0,100.0,96,140,3,partner_consecutive_v2
G2_Wcluster_alhx700,$\mathrm{Hel}_{50}$,Cter_symmetric_BB_contact_survival,symmetric_nac_bb,Any 1 banded symmetric C-ter BB,chain_pair,all,largest_cluster,250000.0,0.00010289944998917855,4.964622952937223e-05,1778.6775827723613,7150.970071685522,3783.6208029308486,0.8,8.0,8.0,100.0,96,140,3,partner_consecutive_v2
G2_Wcluster_alhx700,$\mathrm{Hel}_{50}$,Cter_symmetric_BB_contact_survival,symmetric_nac_bb,Any 1 banded symmetric C-ter BB,chain_pair,all,largest_cluster,251000.0,0.00010289944998917855,4.964622952937223e-05,1778.6775827723613,7150.970071685522,3783.6208029308486,0.8,8.0,8.0,100.0,96,140,3,partner_consecutive_v2
G2_Wcluster_alhx700,$\mathrm{Hel}_{50}$,Cter_symmetric_BB_contact_survival,symmetric_nac_bb,Any 1 banded symmetric C-ter BB,chain_pair,all,largest_cluster,252000.0,0.00010289944998917855,4.964622952937223e-05,1778.6775827723613,7150.970071685522,3783.6208029308486,0.8,8.0,8.0,100.0,96,140,3,partner_consecutive_v2
G2_Wcluster_alhx700,$\mathrm{Hel}_{50}$,Cter_symmetric_BB_contact_survival,symmetric_nac_bb,Any 1 banded symmetric C-ter BB,chain_pair,all,largest_cluster,253000.0,9.288041382045798e-05,4.142444118929683e-05,1778.6775827723613,7150.970071685522,3783.6208029308486,0.8,8.0,8.0,100.0,96,140,3,partner_consecutive_v2
G2_Wcluster_alhx700,$\mathrm{Hel}_{50}$,Cter_symmetric_BB_contact_survival,symmetric_nac_bb,Any 1 banded symmetric C-ter BB,chain_pair,all,largest_cluster,254000.0,9.288041382045798e-05,4.142444118929683e-05,1778.6775827723613,7150.970071685522,3783.6208029308486,0.8,8.0,8.0,100.0,96,140,3,partner_consecutive_v2
G2_Wcluster_alhx700,$\mathrm{Hel}_{50}$,Cter_symmetric_BB_contact_survival,symmetric_nac_bb,Any 1 banded symmetric C-ter BB,chain_pair,all,largest_cluster,255000.0,9.288041382045798e-05,4.142444118929683e-05,1778.6775827723613,7150.970071685522,3783.6208029308486,0.8,8.0,8.0,100.0,96,140,3,partner_consecutive_v2
G2_Wcluster_alhx700,$\mathrm{Hel}_{50}$,Cter_symmetric_BB_contact_survival,symmetric_nac_bb,Any 1 banded symmetric C-ter BB,chain_pair,all,largest_cluster,256000.0,9.288041382045798e-05,4.142444118929683e-05,1778.6775827723613,7150.970071685522,3783.6208029308486,0.8,8.0,8.0,100.0,96,140,3,partner_consecutive_v2
G2_Wcluster_alhx700,$\mathrm{Hel}_{50}$,Cter_symmetric_BB_contact_survival,symmetric_nac_bb,Any 1 banded symmetric C-ter BB,chain_pair,all,largest_cluster,257000.0,8.254096987575332e-05,3.584351780274268e-05,1778.6775827723613,7150.970071685522,3783.6208029308486,0.8,8.0,8.0,100.0,96,140,3,partner_consecutive_v2
G2_Wcluster_alhx700,$\mathrm{Hel}_{50}$,Cter_symmetric_BB_contact_survival,symmetric_nac_bb,Any 1 banded symmetric C-ter BB,chain_pair,all,largest_cluster,258000.0,8.254096987575332e-05,3.584351780274268e-05,1778.6775827723613,7150.970071685522,3783.6208029308486,0.8,8.0,8.0,100.0,96,140,3,partner_consecutive_v2
G2_Wcluster_alhx700,$\mathrm{Hel}_{50}$,Cter_symmetric_BB_contact_survival,symmetric_nac_bb,Any 1 banded symmetric C-ter BB,chain_pair,all,largest_cluster,259000.0,8.254096987575332e-05,3.584351780274268e-05,1778.6775827723613,7150.970071685522,3783.6208029308486,0.8,8.0,8.0,100.0,96,140,3,partner_consecutive_v2
G2_Wcluster_alhx700,$\mathrm{Hel}_{50}$,Cter_symmetric_BB_contact_survival,symmetric_nac_bb,Any 1 banded symmetric C-ter BB,chain_pair,all,largest_cluster,260000.0,8.254096987575332e-05,3.584351780274268e-05,1778.6775827723613,7150.970071685522,3783.6208029308486,0.8,8.0,8.0,100.0,96,140,3,partner_consecutive_v2
G2_Wcluster_alhx700,$\mathrm{Hel}_{50}$,Cter_symmetric_BB_contact_survival,symmetric_nac_bb,Any 1 banded symmetric C-ter BB,chain_pair,all,largest_cluster,261000.0,7.252193370703277e-05,2.7024725847740725e-05,1778.6775827723613,7150.970071685522,3783.6208029308486,0.8,8.0,8.0,100.0,96,140,3,partner_consecutive_v2
G2_Wcluster_alhx700,$\mathrm{Hel}_{50}$,Cter_symmetric_BB_contact_survival,symmetric_nac_bb,Any 1 banded symmetric C-ter BB,chain_pair,all,largest_cluster,262000.0,7.252193370703277e-05,2.7024725847740725e-05,1778.6775827723613,7150.970071685522,3783.6208029308486,0.8,8.0,8.0,100.0,96,140,3,partner_consecutive_v2
G2_Wcluster_alhx700,$\mathrm{Hel}_{50}$,Cter_symmetric_BB_contact_survival,symmetric_nac_bb,Any 1 banded symmetric C-ter BB,chain_pair,all,largest_cluster,263000.0,7.252193370703277e-05,2.7024725847740725e-05,1778.6775827723613,7150.970071685522,3783.6208029308486,0.8,8.0,8.0,100.0,96,140,3,partner_consecutive_v2
G2_Wcluster_alhx700,$\mathrm{Hel}_{50}$,Cter_symmetric_BB_contact_survival,symmetric_nac_bb,Any 1 banded symmetric C-ter BB,chain_pair,all,largest_cluster,264000.0,7.252193370703277e-05,2.7024725847740725e-05,1778.6775827723613,7150.970071685522,3783.6208029308486,0.8,8.0,8.0,100.0,96,140,3,partner_consecutive_v2
G2_Wcluster_alhx700,$\mathrm{Hel}_{50}$,Cter_symmetric_BB_contact_survival,symmetric_nac_bb,Any 1 banded symmetric C-ter BB,chain_pair,all,largest_cluster,265000.0,7.252193370703277e-05,2.7024725847740725e-05,1778.6775827723613,7150.970071685522,3783.6208029308486,0.8,8.0,8.0,100.0,96,140,3,partner_consecutive_v2
G2_Wcluster_alhx700,$\mathrm{Hel}_{50}$,Cter_symmetric_BB_contact_survival,symmetric_nac_bb,Any 1 banded symmetric C-ter BB,chain_pair,all,largest_cluster,266000.0,7.252193370703277e-05,2.7024725847740725e-05,1778.6775827723613,7150.970071685522,3783.6208029308486,0.8,8.0,8.0,100.0,96,140,3,partner_consecutive_v2
G2_Wcluster_alhx700,$\mathrm{Hel}_{50}$,Cter_symmetric_BB_contact_survival,symmetric_nac_bb,Any 1 banded symmetric C-ter BB,chain_pair,all,largest_cluster,267000.0,7.252193370703277e-05,2.7024725847740725e-05,1778.6775827723613,7150.970071685522,3783.6208029308486,0.8,8.0,8.0,100.0,96,140,3,partner_consecutive_v2
G2_Wcluster_alhx700,$\mathrm{Hel}_{50}$,Cter_symmetric_BB_contact_survival,symmetric_nac_bb,Any 1 banded symmetric C-ter BB,chain_pair,all,largest_cluster,268000.0,7.252193370703277e-05,2.7024725847740725e-05,1778.6775827723613,7150.970071685522,3783.6208029308486,0.8,8.0,8.0,100.0,96,140,3,partner_consecutive_v2
G2_Wcluster_alhx700,$\mathrm{Hel}_{50}$,Cter_symmetric_BB_contact_survival,symmetric_nac_bb,Any 1 banded symmetric C-ter BB,chain_pair,all,largest_cluster,269000.0,7.252193370703277e-05,2.7024725847740725e-05,1778.6775827723613,7150.970071685522,3783.6208029308486,0.8,8.0,8.0,100.0,96,140,3,partner_consecutive_v2
G2_Wcluster_alhx700,$\mathrm{Hel}_{50}$,Cter_symmetric_BB_contact_survival,symmetric_nac_bb,Any 1 banded symmetric C-ter BB,chain_pair,all,largest_cluster,270000.0,7.252193370703277e-05,2.7024725847740725e-05,1778.6775827723613,7150.970071685522,3783.6208029308486,0.8,8.0,8.0,100.0,96,140,3,partner_consecutive_v2
G2_Wcluster_alhx700,$\mathrm{Hel}_{50}$,Cter_symmetric_BB_contact_survival,symmetric_nac_bb,Any 1 banded symmetric C-ter BB,chain_pair,all,largest_cluster,271000.0,7.252193370703277e-05,2.7024725847740725e-05,1778.6775827723613,7150.970071685522,3783.6208029308486,0.8,8.0,8.0,100.0,96,140,3,partner_consecutive_v2
G2_Wcluster_alhx700,$\mathrm{Hel}_{50}$,Cter_symmetric_BB_contact_survival,symmetric_nac_bb,Any 1 banded symmetric C-ter BB,chain_pair,all,largest_cluster,272000.0,7.252193370703277e-05,2.7024725847740725e-05,1778.6775827723613,7150.970071685522,3783.6208029308486,0.8,8.0,8.0,100.0,96,140,3,partner_consecutive_v2
G2_Wcluster_alhx700,$\mathrm{Hel}_{50}$,Cter_symmetric_BB_contact_survival,symmetric_nac_bb,Any 1 banded symmetric C-ter BB,chain_pair,all,largest_cluster,273000.0,6.250289753831219e-05,2.4029943587451138e-05,1778.6775827723613,7150.970071685522,3783.6208029308486,0.8,8.0,8.0,100.0,96,140,3,partner_consecutive_v2
G2_Wcluster_alhx700,$\mathrm{Hel}_{50}$,Cter_symmetric_BB_contact_survival,symmetric_nac_bb,Any 1 banded symmetric C-ter BB,chain_pair,all,largest_cluster,274000.0,6.250289753831219e-05,2.4029943587451138e-05,1778.6775827723613,7150.970071685522,3783.6208029308486,0.8,8.0,8.0,100.0,96,140,3,partner_consecutive_v2
G2_Wcluster_alhx700,$\mathrm{Hel}_{50}$,Cter_symmetric_BB_contact_survival,symmetric_nac_bb,Any 1 banded symmetric C-ter BB,chain_pair,all,largest_cluster,275000.0,6.250289753831219e-05,2.4029943587451138e-05,1778.6775827723613,7150.970071685522,3783.6208029308486,0.8,8.0,8.0,100.0,96,140,3,partner_consecutive_v2
G2_Wcluster_alhx700,$\mathrm{Hel}_{50}$,Cter_symmetric_BB_contact_survival,symmetric_nac_bb,Any 1 banded symmetric C-ter BB,chain_pair,all,largest_cluster,276000.0,6.250289753831219e-05,2.4029943587451138e-05,1778.6775827723613,7150.970071685522,3783.6208029308486,0.8,8.0,8.0,100.0,96,140,3,partner_consecutive_v2
G2_Wcluster_alhx700,$\mathrm{Hel}_{50}$,Cter_symmetric_BB_contact_survival,symmetric_nac_bb,Any 1 banded symmetric C-ter BB,chain_pair,all,largest_cluster,277000.0,6.250289753831219e-05,2.4029943587451138e-05,1778.6775827723613,7150.970071685522,3783.6208029308486,0.8,8.0,8.0,100.0,96,140,3,partner_consecutive_v2
G2_Wcluster_alhx700,$\mathrm{Hel}_{50}$,Cter_symmetric_BB_contact_survival,symmetric_nac_bb,Any 1 banded symmetric C-ter BB,chain_pair,all,largest_cluster,278000.0,6.250289753831219e-05,2.4029943587451138e-05,1778.6775827723613,7150.970071685522,3783.6208029308486,0.8,8.0,8.0,100.0,96,140,3,partner_consecutive_v2
G2_Wcluster_alhx700,$\mathrm{Hel}_{50}$,Cter_symmetric_BB_contact_survival,symmetric_nac_bb,Any 1 banded symmetric C-ter BB,chain_pair,all,largest_cluster,279000.0,6.250289753831219e-05,2.4029943587451138e-05,1778.6775827723613,7150.970071685522,3783.6208029308486,0.8,8.0,8.0,100.0,96,140,3,partner_consecutive_v2
G2_Wcluster_alhx700,$\mathrm{Hel}_{50}$,Cter_symmetric_BB_contact_survival,symmetric_nac_bb,Any 1 banded symmetric C-ter BB,chain_pair,all,largest_cluster,280000.0,6.250289753831219e-05,2.4029943587451138e-05,1778.6775827723613,7150.970071685522,3783.6208029308486,0.8,8.0,8.0,100.0,96,140,3,partner_consecutive_v2
G2_Wcluster_alhx700,$\mathrm{Hel}_{50}$,Cter_symmetric_BB_contact_survival,symmetric_nac_bb,Any 1 banded symmetric C-ter BB,chain_pair,all,largest_cluster,281000.0,6.250289753831219e-05,2.4029943587451138e-05,1778.6775827723613,7150.970071685522,3783.6208029308486,0.8,8.0,8.0,100.0,96,140,3,partner_consecutive_v2
G2_Wcluster_alhx700,$\mathrm{Hel}_{50}$,Cter_symmetric_BB_contact_survival,symmetric_nac_bb,Any 1 banded symmetric C-ter BB,chain_pair,all,largest_cluster,282000.0,6.250289753831219e-05,2.4029943587451138e-05,1778.6775827723613,7150.970071685522,3783.6208029308486,0.8,8.0,8.0,100.0,96,140,3,partner_consecutive_v2
G2_Wcluster_alhx700,$\mathrm{Hel}_{50}$,Cter_symmetric_BB_contact_survival,symmetric_nac_bb,Any 1 banded symmetric C-ter BB,chain_pair,all,largest_cluster,283000.0,6.250289753831219e-05,2.4029943587451138e-05,1778.6775827723613,7150.970071685522,3783.6208029308486,0.8,8.0,8.0,100.0,96,140,3,partner_consecutive_v2
G2_Wcluster_alhx700,$\mathrm{Hel}_{50}$,Cter_symmetric_BB_contact_survival,symmetric_nac_bb,Any 1 banded symmetric C-ter BB,chain_pair,all,largest_cluster,284000.0,6.250289753831219e-05,2.4029943587451138e-05,1778.6775827723613,7150.970071685522,3783.6208029308486,0.8,8.0,8.0,100.0,96,140,3,partner_consecutive_v2
G2_Wcluster_alhx700,$\mathrm{Hel}_{50}$,Cter_symmetric_BB_contact_survival,symmetric_nac_bb,Any 1 banded symmetric C-ter BB,chain_pair,all,largest_cluster,285000.0,6.250289753831219e-05,2.4029943587451138e-05,1778.6775827723613,7150.970071685522,3783.6208029308486,0.8,8.0,8.0,100.0,96,140,3,partner_consecutive_v2
G2_Wcluster_alhx700,$\mathrm{Hel}_{50}$,Cter_symmetric_BB_contact_survival,symmetric_nac_bb,Any 1 banded symmetric C-ter BB,chain_pair,all,largest_cluster,286000.0,6.250289753831219e-05,2.4029943587451138e-05,1778.6775827723613,7150.970071685522,3783.6208029308486,0.8,8.0,8.0,100.0,96,140,3,partner_consecutive_v2
G2_Wcluster_alhx700,$\mathrm{Hel}_{50}$,Cter_symmetric_BB_contact_survival,symmetric_nac_bb,Any 1 banded symmetric C-ter BB,chain_pair,all,largest_cluster,287000.0,6.250289753831219e-05,2.4029943587451138e-05,1778.6775827723613,7150.970071685522,3783.6208029308486,0.8,8.0,8.0,100.0,96,140,3,partner_consecutive_v2
G2_Wcluster_alhx700,$\mathrm{Hel}_{50}$,Cter_symmetric_BB_contact_survival,symmetric_nac_bb,Any 1 banded symmetric C-ter BB,chain_pair,all,largest_cluster,288000.0,6.250289753831219e-05,2.4029943587451138e-05,1778.6775827723613,7150.970071685522,3783.6208029308486,0.8,8.0,8.0,100.0,96,140,3,partner_consecutive_v2
G2_Wcluster_alhx700,$\mathrm{Hel}_{50}$,Cter_symmetric_BB_contact_survival,symmetric_nac_bb,Any 1 banded symmetric C-ter BB,chain_pair,all,largest_cluster,289000.0,6.250289753831219e-05,2.4029943587451138e-05,1778.6775827723613,7150.970071685522,3783.6208029308486,0.8,8.0,8.0,100.0,96,140,3,partner_consecutive_v2
G2_Wcluster_alhx700,$\mathrm{Hel}_{50}$,Cter_symmetric_BB_contact_survival,symmetric_nac_bb,Any 1 banded symmetric C-ter BB,chain_pair,all,largest_cluster,290000.0,6.250289753831219e-05,2.4029943587451138e-05,1778.6775827723613,7150.970071685522,3783.6208029308486,0.8,8.0,8.0,100.0,96,140,3,partner_consecutive_v2
G2_Wcluster_alhx700,$\mathrm{Hel}_{50}$,Cter_symmetric_BB_contact_survival,symmetric_nac_bb,Any 1 banded symmetric C-ter BB,chain_pair,all,largest_cluster,291000.0,6.250289753831219e-05,2.4029943587451138e-05,1778.6775827723613,7150.970071685522,3783.6208029308486,0.8,8.0,8.0,100.0,96,140,3,partner_consecutive_v2
G2_Wcluster_alhx700,$\mathrm{Hel}_{50}$,Cter_symmetric_BB_contact_survival,symmetric_nac_bb,Any 1 banded symmetric C-ter BB,chain_pair,all,largest_cluster,292000.0,6.250289753831219e-05,2.4029943587451138e-05,1778.6775827723613,7150.970071685522,3783.6208029308486,0.8,8.0,8.0,100.0,96,140,3,partner_consecutive_v2
G2_Wcluster_alhx700,$\mathrm{Hel}_{50}$,Cter_symmetric_BB_contact_survival,symmetric_nac_bb,Any 1 banded symmetric C-ter BB,chain_pair,all,largest_cluster,293000.0,6.250289753831219e-05,2.4029943587451138e-05,1778.6775827723613,7150.970071685522,3783.6208029308486,0.8,8.0,8.0,100.0,96,140,3,partner_consecutive_v2
G2_Wcluster_alhx700,$\mathrm{Hel}_{50}$,Cter_symmetric_BB_contact_survival,symmetric_nac_bb,Any 1 banded symmetric C-ter BB,chain_pair,all,largest_cluster,294000.0,6.250289753831219e-05,2.4029943587451138e-05,1778.6775827723613,7150.970071685522,3783.6208029308486,0.8,8.0,8.0,100.0,96,140,3,partner_consecutive_v2
G2_Wcluster_alhx700,$\mathrm{Hel}_{50}$,Cter_symmetric_BB_contact_survival,symmetric_nac_bb,Any 1 banded symmetric C-ter BB,chain_pair,all,largest_cluster,295000.0,6.250289753831219e-05,2.4029943587451138e-05,1778.6775827723613,7150.970071685522,3783.6208029308486,0.8,8.0,8.0,100.0,96,140,3,partner_consecutive_v2
G2_Wcluster_alhx700,$\mathrm{Hel}_{50}$,Cter_symmetric_BB_contact_survival,symmetric_nac_bb,Any 1 banded symmetric C-ter BB,chain_pair,all,largest_cluster,296000.0,6.250289753831219e-05,2.4029943587451138e-05,1778.6775827723613,7150.970071685522,3783.6208029308486,0.8,8.0,8.0,100.0,96,140,3,partner_consecutive_v2
G2_Wcluster_alhx700,$\mathrm{Hel}_{50}$,Cter_symmetric_BB_contact_survival,symmetric_nac_bb,Any 1 banded symmetric C-ter BB,chain_pair,all,largest_cluster,297000.0,6.250289753831219e-05,2.4029943587451138e-05,1778.6775827723613,7150.970071685522,3783.6208029308486,0.8,8.0,8.0,100.0,96,140,3,partner_consecutive_v2
G2_Wcluster_alhx700,$\mathrm{Hel}_{50}$,Cter_symmetric_BB_contact_survival,symmetric_nac_bb,Any 1 banded symmetric C-ter BB,chain_pair,all,largest_cluster,298000.0,6.250289753831219e-05,2.4029943587451138e-05,1778.6775827723613,7150.970071685522,3783.6208029308486,0.8,8.0,8.0,100.0,96,140,3,partner_consecutive_v2
G2_Wcluster_alhx700,$\mathrm{Hel}_{50}$,Cter_symmetric_BB_contact_survival,symmetric_nac_bb,Any 1 banded symmetric C-ter BB,chain_pair,all,largest_cluster,299000.0,6.250289753831219e-05,2.4029943587451138e-05,1778.6775827723613,7150.970071685522,3783.6208029308486,0.8,8.0,8.0,100.0,96,140,3,partner_consecutive_v2
G2_Wcluster_alhx700,$\mathrm{Hel}_{50}$,Cter_symmetric_BB_contact_survival,symmetric_nac_bb,Any 1 banded symmetric C-ter BB,chain_pair,all,largest_cluster,300000.0,5.216345359360754e-05,1.2627865314574871e-05,1778.6775827723613,7150.970071685522,3783.6208029308486,0.8,8.0,8.0,100.0,96,140,3,partner_consecutive_v2
G2_Wcluster_alhx700,$\mathrm{Hel}_{50}$,Cter_symmetric_BB_contact_survival,symmetric_nac_bb,Any 1 banded symmetric C-ter BB,chain_pair,all,largest_cluster,301000.0,5.216345359360754e-05,1.2627865314574871e-05,1778.6775827723613,7150.970071685522,3783.6208029308486,0.8,8.0,8.0,100.0,96,140,3,partner_consecutive_v2
G2_Wcluster_alhx700,$\mathrm{Hel}_{50}$,Cter_symmetric_BB_contact_survival,symmetric_nac_bb,Any 1 banded symmetric C-ter BB,chain_pair,all,largest_cluster,302000.0,5.216345359360754e-05,1.2627865314574871e-05,1778.6775827723613,7150.970071685522,3783.6208029308486,0.8,8.0,8.0,100.0,96,140,3,partner_consecutive_v2
G2_Wcluster_alhx700,$\mathrm{Hel}_{50}$,Cter_symmetric_BB_contact_survival,symmetric_nac_bb,Any 1 banded symmetric C-ter BB,chain_pair,all,largest_cluster,303000.0,5.216345359360754e-05,1.2627865314574871e-05,1778.6775827723613,7150.970071685522,3783.6208029308486,0.8,8.0,8.0,100.0,96,140,3,partner_consecutive_v2
G2_Wcluster_alhx700,$\mathrm{Hel}_{50}$,Cter_symmetric_BB_contact_survival,symmetric_nac_bb,Any 1 banded symmetric C-ter BB,chain_pair,all,largest_cluster,304000.0,5.216345359360754e-05,1.2627865314574871e-05,1778.6775827723613,7150.970071685522,3783.6208029308486,0.8,8.0,8.0,100.0,96,140,3,partner_consecutive_v2
G2_Wcluster_alhx700,$\mathrm{Hel}_{50}$,Cter_symmetric_BB_contact_survival,symmetric_nac_bb,Any 1 banded symmetric C-ter BB,chain_pair,all,largest_cluster,305000.0,5.216345359360754e-05,1.2627865314574871e-05,1778.6775827723613,7150.970071685522,3783.6208029308486,0.8,8.0,8.0,100.0,96,140,3,partner_consecutive_v2
G2_Wcluster_alhx700,$\mathrm{Hel}_{50}$,Cter_symmetric_BB_contact_survival,symmetric_nac_bb,Any 1 banded symmetric C-ter BB,chain_pair,all,largest_cluster,306000.0,5.216345359360754e-05,1.2627865314574871e-05,1778.6775827723613,7150.970071685522,3783.6208029308486,0.8,8.0,8.0,100.0,96,140,3,partner_consecutive_v2
G2_Wcluster_alhx700,$\mathrm{Hel}_{50}$,Cter_symmetric_BB_contact_survival,symmetric_nac_bb,Any 1 banded symmetric C-ter BB,chain_pair,all,largest_cluster,307000.0,5.216345359360754e-05,1.2627865314574871e-05,1778.6775827723613,7150.970071685522,3783.6208029308486,0.8,8.0,8.0,100.0,96,140,3,partner_consecutive_v2
G2_Wcluster_alhx700,$\mathrm{Hel}_{50}$,Cter_symmetric_BB_contact_survival,symmetric_nac_bb,Any 1 banded symmetric C-ter BB,chain_pair,all,largest_cluster,308000.0,5.216345359360754e-05,1.2627865314574871e-05,1778.6775827723613,7150.970071685522,3783.6208029308486,0.8,8.0,8.0,100.0,96,140,3,partner_consecutive_v2
G2_Wcluster_alhx700,$\mathrm{Hel}_{50}$,Cter_symmetric_BB_contact_survival,symmetric_nac_bb,Any 1 banded symmetric C-ter BB,chain_pair,all,largest_cluster,309000.0,5.216345359360754e-05,1.2627865314574871e-05,1778.6775827723613,7150.970071685522,3783.6208029308486,0.8,8.0,8.0,100.0,96,140,3,partner_consecutive_v2
G2_Wcluster_alhx700,$\mathrm{Hel}_{50}$,Cter_symmetric_BB_contact_survival,symmetric_nac_bb,Any 1 banded symmetric C-ter BB,chain_pair,all,largest_cluster,310000.0,5.216345359360754e-05,1.2627865314574871e-05,1778.6775827723613,7150.970071685522,3783.6208029308486,0.8,8.0,8.0,100.0,96,140,3,partner_consecutive_v2
G2_Wcluster_alhx700,$\mathrm{Hel}_{50}$,Cter_symmetric_BB_contact_survival,symmetric_nac_bb,Any 1 banded symmetric C-ter BB,chain_pair,all,largest_cluster,311000.0,5.216345359360754e-05,1.2627865314574871e-05,1778.6775827723613,7150.970071685522,3783.6208029308486,0.8,8.0,8.0,100.0,96,140,3,partner_consecutive_v2
G2_Wcluster_alhx700,$\mathrm{Hel}_{50}$,Cter_symmetric_BB_contact_survival,symmetric_nac_bb,Any 1 banded symmetric C-ter BB,chain_pair,all,largest_cluster,312000.0,5.216345359360754e-05,1.2627865314574871e-05,1778.6775827723613,7150.970071685522,3783.6208029308486,0.8,8.0,8.0,100.0,96,140,3,partner_consecutive_v2
G2_Wcluster_alhx700,$\mathrm{Hel}_{50}$,Cter_symmetric_BB_contact_survival,symmetric_nac_bb,Any 1 banded symmetric C-ter BB,chain_pair,all,largest_cluster,313000.0,5.216345359360754e-05,1.2627865314574871e-05,1778.6775827723613,7150.970071685522,3783.6208029308486,0.8,8.0,8.0,100.0,96,140,3,partner_consecutive_v2
G2_Wcluster_alhx700,$\mathrm{Hel}_{50}$,Cter_symmetric_BB_contact_survival,symmetric_nac_bb,Any 1 banded symmetric C-ter BB,chain_pair,all,largest_cluster,314000.0,5.216345359360754e-05,1.2627865314574871e-05,1778.6775827723613,7150.970071685522,3783.6208029308486,0.8,8.0,8.0,100.0,96,140,3,partner_consecutive_v2
G2_Wcluster_alhx700,$\mathrm{Hel}_{50}$,Cter_symmetric_BB_contact_survival,symmetric_nac_bb,Any 1 banded symmetric C-ter BB,chain_pair,all,largest_cluster,315000.0,5.216345359360754e-05,1.2627865314574871e-05,1778.6775827723613,7150.970071685522,3783.6208029308486,0.8,8.0,8.0,100.0,96,140,3,partner_consecutive_v2
G2_Wcluster_alhx700,$\mathrm{Hel}_{50}$,Cter_symmetric_BB_contact_survival,symmetric_nac_bb,Any 1 banded symmetric C-ter BB,chain_pair,all,largest_cluster,316000.0,5.216345359360754e-05,1.2627865314574871e-05,1778.6775827723613,7150.970071685522,3783.6208029308486,0.8,8.0,8.0,100.0,96,140,3,partner_consecutive_v2
G2_Wcluster_alhx700,$\mathrm{Hel}_{50}$,Cter_symmetric_BB_contact_survival,symmetric_nac_bb,Any 1 banded symmetric C-ter BB,chain_pair,all,largest_cluster,317000.0,5.216345359360754e-05,1.2627865314574871e-05,1778.6775827723613,7150.970071685522,3783.6208029308486,0.8,8.0,8.0,100.0,96,140,3,partner_consecutive_v2
G2_Wcluster_alhx700,$\mathrm{Hel}_{50}$,Cter_symmetric_BB_contact_survival,symmetric_nac_bb,Any 1 banded symmetric C-ter BB,chain_pair,all,largest_cluster,318000.0,5.216345359360754e-05,1.2627865314574871e-05,1778.6775827723613,7150.970071685522,3783.6208029308486,0.8,8.0,8.0,100.0,96,140,3,partner_consecutive_v2
G2_Wcluster_alhx700,$\mathrm{Hel}_{50}$,Cter_symmetric_BB_contact_survival,symmetric_nac_bb,Any 1 banded symmetric C-ter BB,chain_pair,all,largest_cluster,319000.0,5.216345359360754e-05,1.2627865314574871e-05,1778.6775827723613,7150.970071685522,3783.6208029308486,0.8,8.0,8.0,100.0,96,140,3,partner_consecutive_v2
G2_Wcluster_alhx700,$\mathrm{Hel}_{50}$,Cter_symmetric_BB_contact_survival,symmetric_nac_bb,Any 1 banded symmetric C-ter BB,chain_pair,all,largest_cluster,320000.0,5.216345359360754e-05,1.2627865314574871e-05,1778.6775827723613,7150.970071685522,3783.6208029308486,0.8,8.0,8.0,100.0,96,140,3,partner_consecutive_v2
G2_Wcluster_alhx700,$\mathrm{Hel}_{50}$,Cter_symmetric_BB_contact_survival,symmetric_nac_bb,Any 1 banded symmetric C-ter BB,chain_pair,all,largest_cluster,321000.0,5.216345359360754e-05,1.2627865314574871e-05,1778.6775827723613,7150.970071685522,3783.6208029308486,0.8,8.0,8.0,100.0,96,140,3,partner_consecutive_v2
G2_Wcluster_alhx700,$\mathrm{Hel}_{50}$,Cter_symmetric_BB_contact_survival,symmetric_nac_bb,Any 1 banded symmetric C-ter BB,chain_pair,all,largest_cluster,322000.0,5.216345359360754e-05,1.2627865314574871e-05,1778.6775827723613,7150.970071685522,3783.6208029308486,0.8,8.0,8.0,100.0,96,140,3,partner_consecutive_v2
G2_Wcluster_alhx700,$\mathrm{Hel}_{50}$,Cter_symmetric_BB_contact_survival,symmetric_nac_bb,Any 1 banded symmetric C-ter BB,chain_pair,all,largest_cluster,323000.0,5.216345359360754e-05,1.2627865314574871e-05,1778.6775827723613,7150.970071685522,3783.6208029308486,0.8,8.0,8.0,100.0,96,140,3,partner_consecutive_v2
G2_Wcluster_alhx700,$\mathrm{Hel}_{50}$,Cter_symmetric_BB_contact_survival,symmetric_nac_bb,Any 1 banded symmetric C-ter BB,chain_pair,all,largest_cluster,324000.0,5.216345359360754e-05,1.2627865314574871e-05,1778.6775827723613,7150.970071685522,3783.6208029308486,0.8,8.0,8.0,100.0,96,140,3,partner_consecutive_v2
G2_Wcluster_alhx700,$\mathrm{Hel}_{50}$,Cter_symmetric_BB_contact_survival,symmetric_nac_bb,Any 1 banded symmetric C-ter BB,chain_pair,all,largest_cluster,325000.0,5.216345359360754e-05,1.2627865314574871e-05,1778.6775827723613,7150.970071685522,3783.6208029308486,0.8,8.0,8.0,100.0,96,140,3,partner_consecutive_v2
G2_Wcluster_alhx700,$\mathrm{Hel}_{50}$,Cter_symmetric_BB_contact_survival,symmetric_nac_bb,Any 1 banded symmetric C-ter BB,chain_pair,all,largest_cluster,326000.0,5.216345359360754e-05,1.2627865314574871e-05,1778.6775827723613,7150.970071685522,3783.6208029308486,0.8,8.0,8.0,100.0,96,140,3,partner_consecutive_v2
G2_Wcluster_alhx700,$\mathrm{Hel}_{50}$,Cter_symmetric_BB_contact_survival,symmetric_nac_bb,Any 1 banded symmetric C-ter BB,chain_pair,all,largest_cluster,327000.0,5.216345359360754e-05,1.2627865314574871e-05,1778.6775827723613,7150.970071685522,3783.6208029308486,0.8,8.0,8.0,100.0,96,140,3,partner_consecutive_v2
G2_Wcluster_alhx700,$\mathrm{Hel}_{50}$,Cter_symmetric_BB_contact_survival,symmetric_nac_bb,Any 1 banded symmetric C-ter BB,chain_pair,all,largest_cluster,328000.0,5.216345359360754e-05,1.2627865314574871e-05,1778.6775827723613,7150.970071685522,3783.6208029308486,0.8,8.0,8.0,100.0,96,140,3,partner_consecutive_v2
G2_Wcluster_alhx700,$\mathrm{Hel}_{50}$,Cter_symmetric_BB_contact_survival,symmetric_nac_bb,Any 1 banded symmetric C-ter BB,chain_pair,all,largest_cluster,329000.0,5.216345359360754e-05,1.2627865314574871e-05,1778.6775827723613,7150.970071685522,3783.6208029308486,0.8,8.0,8.0,100.0,96,140,3,partner_consecutive_v2
G2_Wcluster_alhx700,$\mathrm{Hel}_{50}$,Cter_symmetric_BB_contact_survival,symmetric_nac_bb,Any 1 banded symmetric C-ter BB,chain_pair,all,largest_cluster,330000.0,5.216345359360754e-05,1.2627865314574871e-05,1778.6775827723613,7150.970071685522,3783.6208029308486,0.8,8.0,8.0,100.0,96,140,3,partner_consecutive_v2
G2_Wcluster_alhx700,$\mathrm{Hel}_{50}$,Cter_symmetric_BB_contact_survival,symmetric_nac_bb,Any 1 banded symmetric C-ter BB,chain_pair,all,largest_cluster,331000.0,4.2144417424886975e-05,1.4174173040470314e-05,1778.6775827723613,7150.970071685522,3783.6208029308486,0.8,8.0,8.0,100.0,96,140,3,partner_consecutive_v2
G2_Wcluster_alhx700,$\mathrm{Hel}_{50}$,Cter_symmetric_BB_contact_survival,symmetric_nac_bb,Any 1 banded symmetric C-ter BB,chain_pair,all,largest_cluster,332000.0,4.2144417424886975e-05,1.4174173040470314e-05,1778.6775827723613,7150.970071685522,3783.6208029308486,0.8,8.0,8.0,100.0,96,140,3,partner_consecutive_v2
G2_Wcluster_alhx700,$\mathrm{Hel}_{50}$,Cter_symmetric_BB_contact_survival,symmetric_nac_bb,Any 1 banded symmetric C-ter BB,chain_pair,all,largest_cluster,333000.0,4.2144417424886975e-05,1.4174173040470314e-05,1778.6775827723613,7150.970071685522,3783.6208029308486,0.8,8.0,8.0,100.0,96,140,3,partner_consecutive_v2
G2_Wcluster_alhx700,$\mathrm{Hel}_{50}$,Cter_symmetric_BB_contact_survival,symmetric_nac_bb,Any 1 banded symmetric C-ter BB,chain_pair,all,largest_cluster,334000.0,4.2144417424886975e-05,1.4174173040470314e-05,1778.6775827723613,7150.970071685522,3783.6208029308486,0.8,8.0,8.0,100.0,96,140,3,partner_consecutive_v2
G2_Wcluster_alhx700,$\mathrm{Hel}_{50}$,Cter_symmetric_BB_contact_survival,symmetric_nac_bb,Any 1 banded symmetric C-ter BB,chain_pair,all,largest_cluster,335000.0,3.0697924058129874e-05,2.5330415093321318e-05,1778.6775827723613,7150.970071685522,3783.6208029308486,0.8,8.0,8.0,100.0,96,140,3,partner_consecutive_v2
G2_Wcluster_alhx700,$\mathrm{Hel}_{50}$,Cter_symmetric_BB_contact_survival,symmetric_nac_bb,Any 1 banded symmetric C-ter BB,chain_pair,all,largest_cluster,336000.0,3.0697924058129874e-05,2.5330415093321318e-05,1778.6775827723613,7150.970071685522,3783.6208029308486,0.8,8.0,8.0,100.0,96,140,3,partner_consecutive_v2
G2_Wcluster_alhx700,$\mathrm{Hel}_{50}$,Cter_symmetric_BB_contact_survival,symmetric_nac_bb,Any 1 banded symmetric C-ter BB,chain_pair,all,largest_cluster,337000.0,3.0697924058129874e-05,2.5330415093321318e-05,1778.6775827723613,7150.970071685522,3783.6208029308486,0.8,8.0,8.0,100.0,96,140,3,partner_consecutive_v2
G2_Wcluster_alhx700,$\mathrm{Hel}_{50}$,Cter_symmetric_BB_contact_survival,symmetric_nac_bb,Any 1 banded symmetric C-ter BB,chain_pair,all,largest_cluster,338000.0,3.0697924058129874e-05,2.5330415093321318e-05,1778.6775827723613,7150.970071685522,3783.6208029308486,0.8,8.0,8.0,100.0,96,140,3,partner_consecutive_v2
G2_Wcluster_alhx700,$\mathrm{Hel}_{50}$,Cter_symmetric_BB_contact_survival,symmetric_nac_bb,Any 1 banded symmetric C-ter BB,chain_pair,all,largest_cluster,339000.0,3.0697924058129874e-05,2.5330415093321318e-05,1778.6775827723613,7150.970071685522,3783.6208029308486,0.8,8.0,8.0,100.0,96,140,3,partner_consecutive_v2
G2_Wcluster_alhx700,$\mathrm{Hel}_{50}$,Cter_symmetric_BB_contact_survival,symmetric_nac_bb,Any 1 banded symmetric C-ter BB,chain_pair,all,largest_cluster,340000.0,3.0697924058129874e-05,2.5330415093321318e-05,1778.6775827723613,7150.970071685522,3783.6208029308486,0.8,8.0,8.0,100.0,96,140,3,partner_consecutive_v2
G2_Wcluster_alhx700,$\mathrm{Hel}_{50}$,Cter_symmetric_BB_contact_survival,symmetric_nac_bb,Any 1 banded symmetric C-ter BB,chain_pair,all,largest_cluster,341000.0,3.0697924058129874e-05,2.5330415093321318e-05,1778.6775827723613,7150.970071685522,3783.6208029308486,0.8,8.0,8.0,100.0,96,140,3,partner_consecutive_v2
G2_Wcluster_alhx700,$\mathrm{Hel}_{50}$,Cter_symmetric_BB_contact_survival,symmetric_nac_bb,Any 1 banded symmetric C-ter BB,chain_pair,all,largest_cluster,342000.0,3.0697924058129874e-05,2.5330415093321318e-05,1778.6775827723613,7150.970071685522,3783.6208029308486,0.8,8.0,8.0,100.0,96,140,3,partner_consecutive_v2
G2_Wcluster_alhx700,$\mathrm{Hel}_{50}$,Cter_symmetric_BB_contact_survival,symmetric_nac_bb,Any 1 banded symmetric C-ter BB,chain_pair,all,largest_cluster,343000.0,3.0697924058129874e-05,2.5330415093321318e-05,1778.6775827723613,7150.970071685522,3783.6208029308486,0.8,8.0,8.0,100.0,96,140,3,partner_consecutive_v2
G2_Wcluster_alhx700,$\mathrm{Hel}_{50}$,Cter_symmetric_BB_contact_survival,symmetric_nac_bb,Any 1 banded symmetric C-ter BB,chain_pair,all,largest_cluster,344000.0,3.0697924058129874e-05,2.5330415093321318e-05,1778.6775827723613,7150.970071685522,3783.6208029308486,0.8,8.0,8.0,100.0,96,140,3,partner_consecutive_v2
G2_Wcluster_alhx700,$\mathrm{Hel}_{50}$,Cter_symmetric_BB_contact_survival,symmetric_nac_bb,Any 1 banded symmetric C-ter BB,chain_pair,all,largest_cluster,345000.0,3.0697924058129874e-05,2.5330415093321318e-05,1778.6775827723613,7150.970071685522,3783.6208029308486,0.8,8.0,8.0,100.0,96,140,3,partner_consecutive_v2
G2_Wcluster_alhx700,$\mathrm{Hel}_{50}$,Cter_symmetric_BB_contact_survival,symmetric_nac_bb,Any 1 banded symmetric C-ter BB,chain_pair,all,largest_cluster,346000.0,3.0697924058129874e-05,2.5330415093321318e-05,1778.6775827723613,7150.970071685522,3783.6208029308486,0.8,8.0,8.0,100.0,96,140,3,partner_consecutive_v2
G2_Wcluster_alhx700,$\mathrm{Hel}_{50}$,Cter_symmetric_BB_contact_survival,symmetric_nac_bb,Any 1 banded symmetric C-ter BB,chain_pair,all,largest_cluster,347000.0,3.0697924058129874e-05,2.5330415093321318e-05,1778.6775827723613,7150.970071685522,3783.6208029308486,0.8,8.0,8.0,100.0,96,140,3,partner_consecutive_v2
G2_Wcluster_alhx700,$\mathrm{Hel}_{50}$,Cter_symmetric_BB_contact_survival,symmetric_nac_bb,Any 1 banded symmetric C-ter BB,chain_pair,all,largest_cluster,348000.0,3.0697924058129874e-05,2.5330415093321318e-05,1778.6775827723613,7150.970071685522,3783.6208029308486,0.8,8.0,8.0,100.0,96,140,3,partner_consecutive_v2
G2_Wcluster_alhx700,$\mathrm{Hel}_{50}$,Cter_symmetric_BB_contact_survival,symmetric_nac_bb,Any 1 banded symmetric C-ter BB,chain_pair,all,largest_cluster,349000.0,3.0697924058129874e-05,2.5330415093321318e-05,1778.6775827723613,7150.970071685522,3783.6208029308486,0.8,8.0,8.0,100.0,96,140,3,partner_consecutive_v2
G2_Wcluster_alhx700,$\mathrm{Hel}_{50}$,Cter_symmetric_BB_contact_survival,symmetric_nac_bb,Any 1 banded symmetric C-ter BB,chain_pair,all,largest_cluster,350000.0,3.0697924058129874e-05,2.5330415093321318e-05,1778.6775827723613,7150.970071685522,3783.6208029308486,0.8,8.0,8.0,100.0,96,140,3,partner_consecutive_v2
G2_Wcluster_alhx700,$\mathrm{Hel}_{50}$,Cter_symmetric_BB_contact_survival,symmetric_nac_bb,Any 1 banded symmetric C-ter BB,chain_pair,all,largest_cluster,351000.0,3.0697924058129874e-05,2.5330415093321318e-05,1778.6775827723613,7150.970071685522,3783.6208029308486,0.8,8.0,8.0,100.0,96,140,3,partner_consecutive_v2
G2_Wcluster_alhx700,$\mathrm{Hel}_{50}$,Cter_symmetric_BB_contact_survival,symmetric_nac_bb,Any 1 banded symmetric C-ter BB,chain_pair,all,largest_cluster,352000.0,3.0697924058129874e-05,2.5330415093321318e-05,1778.6775827723613,7150.970071685522,3783.6208029308486,0.8,8.0,8.0,100.0,96,140,3,partner_consecutive_v2
G2_Wcluster_alhx700,$\mathrm{Hel}_{50}$,Cter_symmetric_BB_contact_survival,symmetric_nac_bb,Any 1 banded symmetric C-ter BB,chain_pair,all,largest_cluster,353000.0,3.0697924058129874e-05,2.5330415093321318e-05,1778.6775827723613,7150.970071685522,3783.6208029308486,0.8,8.0,8.0,100.0,96,140,3,partner_consecutive_v2
G2_Wcluster_alhx700,$\mathrm{Hel}_{50}$,Cter_symmetric_BB_contact_survival,symmetric_nac_bb,Any 1 banded symmetric C-ter BB,chain_pair,all,largest_cluster,354000.0,3.0697924058129874e-05,2.5330415093321318e-05,1778.6775827723613,7150.970071685522,3783.6208029308486,0.8,8.0,8.0,100.0,96,140,3,partner_consecutive_v2
G2_Wcluster_alhx700,$\mathrm{Hel}_{50}$,Cter_symmetric_BB_contact_survival,symmetric_nac_bb,Any 1 banded symmetric C-ter BB,chain_pair,all,largest_cluster,355000.0,3.0697924058129874e-05,2.5330415093321318e-05,1778.6775827723613,7150.970071685522,3783.6208029308486,0.8,8.0,8.0,100.0,96,140,3,partner_consecutive_v2
G2_Wcluster_alhx700,$\mathrm{Hel}_{50}$,Cter_symmetric_BB_contact_survival,symmetric_nac_bb,Any 1 banded symmetric C-ter BB,chain_pair,all,largest_cluster,356000.0,3.0697924058129874e-05,2.5330415093321318e-05,1778.6775827723613,7150.970071685522,3783.6208029308486,0.8,8.0,8.0,100.0,96,140,3,partner_consecutive_v2
G2_Wcluster_alhx700,$\mathrm{Hel}_{50}$,Cter_symmetric_BB_contact_survival,symmetric_nac_bb,Any 1 banded symmetric C-ter BB,chain_pair,all,largest_cluster,357000.0,3.0697924058129874e-05,2.5330415093321318e-05,1778.6775827723613,7150.970071685522,3783.6208029308486,0.8,8.0,8.0,100.0,96,140,3,partner_consecutive_v2
G2_Wcluster_alhx700,$\mathrm{Hel}_{50}$,Cter_symmetric_BB_contact_survival,symmetric_nac_bb,Any 1 banded symmetric C-ter BB,chain_pair,all,largest_cluster,358000.0,3.0697924058129874e-05,2.5330415093321318e-05,1778.6775827723613,7150.970071685522,3783.6208029308486,0.8,8.0,8.0,100.0,96,140,3,partner_consecutive_v2
G2_Wcluster_alhx700,$\mathrm{Hel}_{50}$,Cter_symmetric_BB_contact_survival,symmetric_nac_bb,Any 1 banded symmetric C-ter BB,chain_pair,all,largest_cluster,359000.0,3.0697924058129874e-05,2.5330415093321318e-05,1778.6775827723613,7150.970071685522,3783.6208029308486,0.8,8.0,8.0,100.0,96,140,3,partner_consecutive_v2
G2_Wcluster_alhx700,$\mathrm{Hel}_{50}$,Cter_symmetric_BB_contact_survival,symmetric_nac_bb,Any 1 banded symmetric C-ter BB,chain_pair,all,largest_cluster,360000.0,3.0697924058129874e-05,2.5330415093321318e-05,1778.6775827723613,7150.970071685522,3783.6208029308486,0.8,8.0,8.0,100.0,96,140,3,partner_consecutive_v2
G2_Wcluster_alhx700,$\mathrm{Hel}_{50}$,Cter_symmetric_BB_contact_survival,symmetric_nac_bb,Any 1 banded symmetric C-ter BB,chain_pair,all,largest_cluster,361000.0,3.0697924058129874e-05,2.5330415093321318e-05,1778.6775827723613,7150.970071685522,3783.6208029308486,0.8,8.0,8.0,100.0,96,140,3,partner_consecutive_v2
G2_Wcluster_alhx700,$\mathrm{Hel}_{50}$,Cter_symmetric_BB_contact_survival,symmetric_nac_bb,Any 1 banded symmetric C-ter BB,chain_pair,all,largest_cluster,362000.0,3.0697924058129874e-05,2.5330415093321318e-05,1778.6775827723613,7150.970071685522,3783.6208029308486,0.8,8.0,8.0,100.0,96,140,3,partner_consecutive_v2
G2_Wcluster_alhx700,$\mathrm{Hel}_{50}$,Cter_symmetric_BB_contact_survival,symmetric_nac_bb,Any 1 banded symmetric C-ter BB,chain_pair,all,largest_cluster,363000.0,3.0697924058129874e-05,2.5330415093321318e-05,1778.6775827723613,7150.970071685522,3783.6208029308486,0.8,8.0,8.0,100.0,96,140,3,partner_consecutive_v2
G2_Wcluster_alhx700,$\mathrm{Hel}_{50}$,Cter_symmetric_BB_contact_survival,symmetric_nac_bb,Any 1 banded symmetric C-ter BB,chain_pair,all,largest_cluster,364000.0,3.0697924058129874e-05,2.5330415093321318e-05,1778.6775827723613,7150.970071685522,3783.6208029308486,0.8,8.0,8.0,100.0,96,140,3,partner_consecutive_v2
G2_Wcluster_alhx700,$\mathrm{Hel}_{50}$,Cter_symmetric_BB_contact_survival,symmetric_nac_bb,Any 1 banded symmetric C-ter BB,chain_pair,all,largest_cluster,365000.0,3.0697924058129874e-05,2.5330415093321318e-05,1778.6775827723613,7150.970071685522,3783.6208029308486,0.8,8.0,8.0,100.0,96,140,3,partner_consecutive_v2
G2_Wcluster_alhx700,$\mathrm{Hel}_{50}$,Cter_symmetric_BB_contact_survival,symmetric_nac_bb,Any 1 banded symmetric C-ter BB,chain_pair,all,largest_cluster,366000.0,3.0697924058129874e-05,2.5330415093321318e-05,1778.6775827723613,7150.970071685522,3783.6208029308486,0.8,8.0,8.0,100.0,96,140,3,partner_consecutive_v2
G2_Wcluster_alhx700,$\mathrm{Hel}_{50}$,Cter_symmetric_BB_contact_survival,symmetric_nac_bb,Any 1 banded symmetric C-ter BB,chain_pair,all,largest_cluster,367000.0,3.0697924058129874e-05,2.5330415093321318e-05,1778.6775827723613,7150.970071685522,3783.6208029308486,0.8,8.0,8.0,100.0,96,140,3,partner_consecutive_v2
G2_Wcluster_alhx700,$\mathrm{Hel}_{50}$,Cter_symmetric_BB_contact_survival,symmetric_nac_bb,Any 1 banded symmetric C-ter BB,chain_pair,all,largest_cluster,368000.0,3.0697924058129874e-05,2.5330415093321318e-05,1778.6775827723613,7150.970071685522,3783.6208029308486,0.8,8.0,8.0,100.0,96,140,3,partner_consecutive_v2
G2_Wcluster_alhx700,$\mathrm{Hel}_{50}$,Cter_symmetric_BB_contact_survival,symmetric_nac_bb,Any 1 banded symmetric C-ter BB,chain_pair,all,largest_cluster,369000.0,3.0697924058129874e-05,2.5330415093321318e-05,1778.6775827723613,7150.970071685522,3783.6208029308486,0.8,8.0,8.0,100.0,96,140,3,partner_consecutive_v2
G2_Wcluster_alhx700,$\mathrm{Hel}_{50}$,Cter_symmetric_BB_contact_survival,symmetric_nac_bb,Any 1 banded symmetric C-ter BB,chain_pair,all,largest_cluster,370000.0,3.0697924058129874e-05,2.5330415093321318e-05,1778.6775827723613,7150.970071685522,3783.6208029308486,0.8,8.0,8.0,100.0,96,140,3,partner_consecutive_v2
G2_Wcluster_alhx700,$\mathrm{Hel}_{50}$,Cter_symmetric_BB_contact_survival,symmetric_nac_bb,Any 1 banded symmetric C-ter BB,chain_pair,all,largest_cluster,371000.0,3.0697924058129874e-05,2.5330415093321318e-05,1778.6775827723613,7150.970071685522,3783.6208029308486,0.8,8.0,8.0,100.0,96,140,3,partner_consecutive_v2
G2_Wcluster_alhx700,$\mathrm{Hel}_{50}$,Cter_symmetric_BB_contact_survival,symmetric_nac_bb,Any 1 banded symmetric C-ter BB,chain_pair,all,largest_cluster,372000.0,3.0697924058129874e-05,2.5330415093321318e-05,1778.6775827723613,7150.970071685522,3783.6208029308486,0.8,8.0,8.0,100.0,96,140,3,partner_consecutive_v2
G2_Wcluster_alhx700,$\mathrm{Hel}_{50}$,Cter_symmetric_BB_contact_survival,symmetric_nac_bb,Any 1 banded symmetric C-ter BB,chain_pair,all,largest_cluster,373000.0,3.0697924058129874e-05,2.5330415093321318e-05,1778.6775827723613,7150.970071685522,3783.6208029308486,0.8,8.0,8.0,100.0,96,140,3,partner_consecutive_v2
G2_Wcluster_alhx700,$\mathrm{Hel}_{50}$,Cter_symmetric_BB_contact_survival,symmetric_nac_bb,Any 1 banded symmetric C-ter BB,chain_pair,all,largest_cluster,374000.0,3.0697924058129874e-05,2.5330415093321318e-05,1778.6775827723613,7150.970071685522,3783.6208029308486,0.8,8.0,8.0,100.0,96,140,3,partner_consecutive_v2
G2_Wcluster_alhx700,$\mathrm{Hel}_{50}$,Cter_symmetric_BB_contact_survival,symmetric_nac_bb,Any 1 banded symmetric C-ter BB,chain_pair,all,largest_cluster,375000.0,3.0697924058129874e-05,2.5330415093321318e-05,1778.6775827723613,7150.970071685522,3783.6208029308486,0.8,8.0,8.0,100.0,96,140,3,partner_consecutive_v2
G2_Wcluster_alhx700,$\mathrm{Hel}_{50}$,Cter_symmetric_BB_contact_survival,symmetric_nac_bb,Any 1 banded symmetric C-ter BB,chain_pair,all,largest_cluster,376000.0,3.0697924058129874e-05,2.5330415093321318e-05,1778.6775827723613,7150.970071685522,3783.6208029308486,0.8,8.0,8.0,100.0,96,140,3,partner_consecutive_v2
G2_Wcluster_alhx700,$\mathrm{Hel}_{50}$,Cter_symmetric_BB_contact_survival,symmetric_nac_bb,Any 1 banded symmetric C-ter BB,chain_pair,all,largest_cluster,377000.0,3.0697924058129874e-05,2.5330415093321318e-05,1778.6775827723613,7150.970071685522,3783.6208029308486,0.8,8.0,8.0,100.0,96,140,3,partner_consecutive_v2
G2_Wcluster_alhx700,$\mathrm{Hel}_{50}$,Cter_symmetric_BB_contact_survival,symmetric_nac_bb,Any 1 banded symmetric C-ter BB,chain_pair,all,largest_cluster,378000.0,3.0697924058129874e-05,2.5330415093321318e-05,1778.6775827723613,7150.970071685522,3783.6208029308486,0.8,8.0,8.0,100.0,96,140,3,partner_consecutive_v2
G2_Wcluster_alhx700,$\mathrm{Hel}_{50}$,Cter_symmetric_BB_contact_survival,symmetric_nac_bb,Any 1 banded symmetric C-ter BB,chain_pair,all,largest_cluster,379000.0,3.0697924058129874e-05,2.5330415093321318e-05,1778.6775827723613,7150.970071685522,3783.6208029308486,0.8,8.0,8.0,100.0,96,140,3,partner_consecutive_v2
G2_Wcluster_alhx700,$\mathrm{Hel}_{50}$,Cter_symmetric_BB_contact_survival,symmetric_nac_bb,Any 1 banded symmetric C-ter BB,chain_pair,all,largest_cluster,380000.0,3.0697924058129874e-05,2.5330415093321318e-05,1778.6775827723613,7150.970071685522,3783.6208029308486,0.8,8.0,8.0,100.0,96,140,3,partner_consecutive_v2
G2_Wcluster_alhx700,$\mathrm{Hel}_{50}$,Cter_symmetric_BB_contact_survival,symmetric_nac_bb,Any 1 banded symmetric C-ter BB,chain_pair,all,largest_cluster,381000.0,3.0697924058129874e-05,2.5330415093321318e-05,1778.6775827723613,7150.970071685522,3783.6208029308486,0.8,8.0,8.0,100.0,96,140,3,partner_consecutive_v2
G2_Wcluster_alhx700,$\mathrm{Hel}_{50}$,Cter_symmetric_BB_contact_survival,symmetric_nac_bb,Any 1 banded symmetric C-ter BB,chain_pair,all,largest_cluster,382000.0,3.0697924058129874e-05,2.5330415093321318e-05,1778.6775827723613,7150.970071685522,3783.6208029308486,0.8,8.0,8.0,100.0,96,140,3,partner_consecutive_v2
G2_Wcluster_alhx700,$\mathrm{Hel}_{50}$,Cter_symmetric_BB_contact_survival,symmetric_nac_bb,Any 1 banded symmetric C-ter BB,chain_pair,all,largest_cluster,383000.0,3.0697924058129874e-05,2.5330415093321318e-05,1778.6775827723613,7150.970071685522,3783.6208029308486,0.8,8.0,8.0,100.0,96,140,3,partner_consecutive_v2
G2_Wcluster_alhx700,$\mathrm{Hel}_{50}$,Cter_symmetric_BB_contact_survival,symmetric_nac_bb,Any 1 banded symmetric C-ter BB,chain_pair,all,largest_cluster,384000.0,3.0697924058129874e-05,2.5330415093321318e-05,1778.6775827723613,7150.970071685522,3783.6208029308486,0.8,8.0,8.0,100.0,96,140,3,partner_consecutive_v2
G2_Wcluster_alhx700,$\mathrm{Hel}_{50}$,Cter_symmetric_BB_contact_survival,symmetric_nac_bb,Any 1 banded symmetric C-ter BB,chain_pair,all,largest_cluster,385000.0,3.0697924058129874e-05,2.5330415093321318e-05,1778.6775827723613,7150.970071685522,3783.6208029308486,0.8,8.0,8.0,100.0,96,140,3,partner_consecutive_v2
G2_Wcluster_alhx700,$\mathrm{Hel}_{50}$,Cter_symmetric_BB_contact_survival,symmetric_nac_bb,Any 1 banded symmetric C-ter BB,chain_pair,all,largest_cluster,386000.0,3.0697924058129874e-05,2.5330415093321318e-05,1778.6775827723613,7150.970071685522,3783.6208029308486,0.8,8.0,8.0,100.0,96,140,3,partner_consecutive_v2
G2_Wcluster_alhx700,$\mathrm{Hel}_{50}$,Cter_symmetric_BB_contact_survival,symmetric_nac_bb,Any 1 banded symmetric C-ter BB,chain_pair,all,largest_cluster,387000.0,3.0697924058129874e-05,2.5330415093321318e-05,1778.6775827723613,7150.970071685522,3783.6208029308486,0.8,8.0,8.0,100.0,96,140,3,partner_consecutive_v2
G2_Wcluster_alhx700,$\mathrm{Hel}_{50}$,Cter_symmetric_BB_contact_survival,symmetric_nac_bb,Any 1 banded symmetric C-ter BB,chain_pair,all,largest_cluster,388000.0,3.0697924058129874e-05,2.5330415093321318e-05,1778.6775827723613,7150.970071685522,3783.6208029308486,0.8,8.0,8.0,100.0,96,140,3,partner_consecutive_v2
G2_Wcluster_alhx700,$\mathrm{Hel}_{50}$,Cter_symmetric_BB_contact_survival,symmetric_nac_bb,Any 1 banded symmetric C-ter BB,chain_pair,all,largest_cluster,389000.0,3.0697924058129874e-05,2.5330415093321318e-05,1778.6775827723613,7150.970071685522,3783.6208029308486,0.8,8.0,8.0,100.0,96,140,3,partner_consecutive_v2
G2_Wcluster_alhx700,$\mathrm{Hel}_{50}$,Cter_symmetric_BB_contact_survival,symmetric_nac_bb,Any 1 banded symmetric C-ter BB,chain_pair,all,largest_cluster,390000.0,3.0697924058129874e-05,2.5330415093321318e-05,1778.6775827723613,7150.970071685522,3783.6208029308486,0.8,8.0,8.0,100.0,96,140,3,partner_consecutive_v2
G2_Wcluster_alhx700,$\mathrm{Hel}_{50}$,Cter_symmetric_BB_contact_survival,symmetric_nac_bb,Any 1 banded symmetric C-ter BB,chain_pair,all,largest_cluster,391000.0,3.0697924058129874e-05,2.5330415093321318e-05,1778.6775827723613,7150.970071685522,3783.6208029308486,0.8,8.0,8.0,100.0,96,140,3,partner_consecutive_v2
G2_Wcluster_alhx700,$\mathrm{Hel}_{50}$,Cter_symmetric_BB_contact_survival,symmetric_nac_bb,Any 1 banded symmetric C-ter BB,chain_pair,all,largest_cluster,392000.0,3.0697924058129874e-05,2.5330415093321318e-05,1778.6775827723613,7150.970071685522,3783.6208029308486,0.8,8.0,8.0,100.0,96,140,3,partner_consecutive_v2
G2_Wcluster_alhx700,$\mathrm{Hel}_{50}$,Cter_symmetric_BB_contact_survival,symmetric_nac_bb,Any 1 banded symmetric C-ter BB,chain_pair,all,largest_cluster,393000.0,3.0697924058129874e-05,2.5330415093321318e-05,1778.6775827723613,7150.970071685522,3783.6208029308486,0.8,8.0,8.0,100.0,96,140,3,partner_consecutive_v2
G2_Wcluster_alhx700,$\mathrm{Hel}_{50}$,Cter_symmetric_BB_contact_survival,symmetric_nac_bb,Any 1 banded symmetric C-ter BB,chain_pair,all,largest_cluster,394000.0,3.0697924058129874e-05,2.5330415093321318e-05,1778.6775827723613,7150.970071685522,3783.6208029308486,0.8,8.0,8.0,100.0,96,140,3,partner_consecutive_v2
G2_Wcluster_alhx700,$\mathrm{Hel}_{50}$,Cter_symmetric_BB_contact_survival,symmetric_nac_bb,Any 1 banded symmetric C-ter BB,chain_pair,all,largest_cluster,395000.0,3.0697924058129874e-05,2.5330415093321318e-05,1778.6775827723613,7150.970071685522,3783.6208029308486,0.8,8.0,8.0,100.0,96,140,3,partner_consecutive_v2
G2_Wcluster_alhx700,$\mathrm{Hel}_{50}$,Cter_symmetric_BB_contact_survival,symmetric_nac_bb,Any 1 banded symmetric C-ter BB,chain_pair,all,largest_cluster,396000.0,2.0678887889409305e-05,2.924436370799539e-05,1778.6775827723613,7150.970071685522,3783.6208029308486,0.8,8.0,8.0,100.0,96,140,3,partner_consecutive_v2
G2_Wcluster_alhx700,$\mathrm{Hel}_{50}$,Cter_symmetric_BB_contact_survival,symmetric_nac_bb,Any 1 banded symmetric C-ter BB,chain_pair,all,largest_cluster,397000.0,2.0678887889409305e-05,2.924436370799539e-05,1778.6775827723613,7150.970071685522,3783.6208029308486,0.8,8.0,8.0,100.0,96,140,3,partner_consecutive_v2
G2_Wcluster_alhx700,$\mathrm{Hel}_{50}$,Cter_symmetric_BB_contact_survival,symmetric_nac_bb,Any 1 banded symmetric C-ter BB,chain_pair,all,largest_cluster,398000.0,2.0678887889409305e-05,2.924436370799539e-05,1778.6775827723613,7150.970071685522,3783.6208029308486,0.8,8.0,8.0,100.0,96,140,3,partner_consecutive_v2
G2_Wcluster_alhx700,$\mathrm{Hel}_{50}$,Cter_symmetric_BB_contact_survival,symmetric_nac_bb,Any 1 banded symmetric C-ter BB,chain_pair,all,largest_cluster,399000.0,2.0678887889409305e-05,2.924436370799539e-05,1778.6775827723613,7150.970071685522,3783.6208029308486,0.8,8.0,8.0,100.0,96,140,3,partner_consecutive_v2
G2_Wcluster_alhx700,$\mathrm{Hel}_{50}$,Cter_symmetric_BB_contact_survival,symmetric_nac_bb,Any 1 banded symmetric C-ter BB,chain_pair,all,largest_cluster,400000.0,2.0678887889409305e-05,2.924436370799539e-05,1778.6775827723613,7150.970071685522,3783.6208029308486,0.8,8.0,8.0,100.0,96,140,3,partner_consecutive_v2
G2_Wcluster_alhx700,$\mathrm{Hel}_{50}$,Cter_symmetric_BB_contact_survival,symmetric_nac_bb,Any 1 banded symmetric C-ter BB,chain_pair,all,largest_cluster,401000.0,2.0678887889409305e-05,2.924436370799539e-05,1778.6775827723613,7150.970071685522,3783.6208029308486,0.8,8.0,8.0,100.0,96,140,3,partner_consecutive_v2
G2_Wcluster_alhx700,$\mathrm{Hel}_{50}$,Cter_symmetric_BB_contact_survival,symmetric_nac_bb,Any 1 banded symmetric C-ter BB,chain_pair,all,largest_cluster,402000.0,2.0678887889409305e-05,2.924436370799539e-05,1778.6775827723613,7150.970071685522,3783.6208029308486,0.8,8.0,8.0,100.0,96,140,3,partner_consecutive_v2
G2_Wcluster_alhx700,$\mathrm{Hel}_{50}$,Cter_symmetric_BB_contact_survival,symmetric_nac_bb,Any 1 banded symmetric C-ter BB,chain_pair,all,largest_cluster,403000.0,2.0678887889409305e-05,2.924436370799539e-05,1778.6775827723613,7150.970071685522,3783.6208029308486,0.8,8.0,8.0,100.0,96,140,3,partner_consecutive_v2
G2_Wcluster_alhx700,$\mathrm{Hel}_{50}$,Cter_symmetric_BB_contact_survival,symmetric_nac_bb,Any 1 banded symmetric C-ter BB,chain_pair,all,largest_cluster,404000.0,2.0678887889409305e-05,2.924436370799539e-05,1778.6775827723613,7150.970071685522,3783.6208029308486,0.8,8.0,8.0,100.0,96,140,3,partner_consecutive_v2
G2_Wcluster_alhx700,$\mathrm{Hel}_{50}$,Cter_symmetric_BB_contact_survival,symmetric_nac_bb,Any 1 banded symmetric C-ter BB,chain_pair,all,largest_cluster,405000.0,2.0678887889409305e-05,2.924436370799539e-05,1778.6775827723613,7150.970071685522,3783.6208029308486,0.8,8.0,8.0,100.0,96,140,3,partner_consecutive_v2
G2_Wcluster_alhx700,$\mathrm{Hel}_{50}$,Cter_symmetric_BB_contact_survival,symmetric_nac_bb,Any 1 banded symmetric C-ter BB,chain_pair,all,largest_cluster,406000.0,2.0678887889409305e-05,2.924436370799539e-05,1778.6775827723613,7150.970071685522,3783.6208029308486,0.8,8.0,8.0,100.0,96,140,3,partner_consecutive_v2
G2_Wcluster_alhx700,$\mathrm{Hel}_{50}$,Cter_symmetric_BB_contact_survival,symmetric_nac_bb,Any 1 banded symmetric C-ter BB,chain_pair,all,largest_cluster,407000.0,2.0678887889409305e-05,2.924436370799539e-05,1778.6775827723613,7150.970071685522,3783.6208029308486,0.8,8.0,8.0,100.0,96,140,3,partner_consecutive_v2
G2_Wcluster_alhx700,$\mathrm{Hel}_{50}$,Cter_symmetric_BB_contact_survival,symmetric_nac_bb,Any 1 banded symmetric C-ter BB,chain_pair,all,largest_cluster,408000.0,2.0678887889409305e-05,2.924436370799539e-05,1778.6775827723613,7150.970071685522,3783.6208029308486,0.8,8.0,8.0,100.0,96,140,3,partner_consecutive_v2
G2_Wcluster_alhx700,$\mathrm{Hel}_{50}$,Cter_symmetric_BB_contact_survival,symmetric_nac_bb,Any 1 banded symmetric C-ter BB,chain_pair,all,largest_cluster,409000.0,2.0678887889409305e-05,2.924436370799539e-05,1778.6775827723613,7150.970071685522,3783.6208029308486,0.8,8.0,8.0,100.0,96,140,3,partner_consecutive_v2
G2_Wcluster_alhx700,$\mathrm{Hel}_{50}$,Cter_symmetric_BB_contact_survival,symmetric_nac_bb,Any 1 banded symmetric C-ter BB,chain_pair,all,largest_cluster,410000.0,2.0678887889409305e-05,2.924436370799539e-05,1778.6775827723613,7150.970071685522,3783.6208029308486,0.8,8.0,8.0,100.0,96,140,3,partner_consecutive_v2
G2_Wcluster_alhx700,$\mathrm{Hel}_{50}$,Cter_symmetric_BB_contact_survival,symmetric_nac_bb,Any 1 banded symmetric C-ter BB,chain_pair,all,largest_cluster,411000.0,2.0678887889409305e-05,2.924436370799539e-05,1778.6775827723613,7150.970071685522,3783.6208029308486,0.8,8.0,8.0,100.0,96,140,3,partner_consecutive_v2
G2_Wcluster_alhx700,$\mathrm{Hel}_{50}$,Cter_symmetric_BB_contact_survival,symmetric_nac_bb,Any 1 banded symmetric C-ter BB,chain_pair,all,largest_cluster,412000.0,2.0678887889409305e-05,2.924436370799539e-05,1778.6775827723613,7150.970071685522,3783.6208029308486,0.8,8.0,8.0,100.0,96,140,3,partner_consecutive_v2
G2_Wcluster_alhx700,$\mathrm{Hel}_{50}$,Cter_symmetric_BB_contact_survival,symmetric_nac_bb,Any 1 banded symmetric C-ter BB,chain_pair,all,largest_cluster,413000.0,2.0678887889409305e-05,2.924436370799539e-05,1778.6775827723613,7150.970071685522,3783.6208029308486,0.8,8.0,8.0,100.0,96,140,3,partner_consecutive_v2
G2_Wcluster_alhx700,$\mathrm{Hel}_{50}$,Cter_symmetric_BB_contact_survival,symmetric_nac_bb,Any 1 banded symmetric C-ter BB,chain_pair,all,largest_cluster,414000.0,2.0678887889409305e-05,2.924436370799539e-05,1778.6775827723613,7150.970071685522,3783.6208029308486,0.8,8.0,8.0,100.0,96,140,3,partner_consecutive_v2
G2_Wcluster_alhx700,$\mathrm{Hel}_{50}$,Cter_symmetric_BB_contact_survival,symmetric_nac_bb,Any 1 banded symmetric C-ter BB,chain_pair,all,largest_cluster,415000.0,2.0678887889409305e-05,2.924436370799539e-05,1778.6775827723613,7150.970071685522,3783.6208029308486,0.8,8.0,8.0,100.0,96,140,3,partner_consecutive_v2
G2_Wcluster_alhx700,$\mathrm{Hel}_{50}$,Cter_symmetric_BB_contact_survival,symmetric_nac_bb,Any 1 banded symmetric C-ter BB,chain_pair,all,largest_cluster,416000.0,2.0678887889409305e-05,2.924436370799539e-05,1778.6775827723613,7150.970071685522,3783.6208029308486,0.8,8.0,8.0,100.0,96,140,3,partner_consecutive_v2
G2_Wcluster_alhx700,$\mathrm{Hel}_{50}$,Cter_symmetric_BB_contact_survival,symmetric_nac_bb,Any 1 banded symmetric C-ter BB,chain_pair,all,largest_cluster,417000.0,2.0678887889409305e-05,2.924436370799539e-05,1778.6775827723613,7150.970071685522,3783.6208029308486,0.8,8.0,8.0,100.0,96,140,3,partner_consecutive_v2
G2_Wcluster_alhx700,$\mathrm{Hel}_{50}$,Cter_symmetric_BB_contact_survival,symmetric_nac_bb,Any 1 banded symmetric C-ter BB,chain_pair,all,largest_cluster,418000.0,2.0678887889409305e-05,2.924436370799539e-05,1778.6775827723613,7150.970071685522,3783.6208029308486,0.8,8.0,8.0,100.0,96,140,3,partner_consecutive_v2
G2_Wcluster_alhx700,$\mathrm{Hel}_{50}$,Cter_symmetric_BB_contact_survival,symmetric_nac_bb,Any 1 banded symmetric C-ter BB,chain_pair,all,largest_cluster,419000.0,2.0678887889409305e-05,2.924436370799539e-05,1778.6775827723613,7150.970071685522,3783.6208029308486,0.8,8.0,8.0,100.0,96,140,3,partner_consecutive_v2
G2_Wcluster_alhx700,$\mathrm{Hel}_{50}$,Cter_symmetric_BB_contact_survival,symmetric_nac_bb,Any 1 banded symmetric C-ter BB,chain_pair,all,largest_cluster,420000.0,2.0678887889409305e-05,2.924436370799539e-05,1778.6775827723613,7150.970071685522,3783.6208029308486,0.8,8.0,8.0,100.0,96,140,3,partner_consecutive_v2
G2_Wcluster_alhx700,$\mathrm{Hel}_{50}$,Cter_symmetric_BB_contact_survival,symmetric_nac_bb,Any 1 banded symmetric C-ter BB,chain_pair,all,largest_cluster,421000.0,2.0678887889409305e-05,2.924436370799539e-05,1778.6775827723613,7150.970071685522,3783.6208029308486,0.8,8.0,8.0,100.0,96,140,3,partner_consecutive_v2
G2_Wcluster_alhx700,$\mathrm{Hel}_{50}$,Cter_symmetric_BB_contact_survival,symmetric_nac_bb,Any 1 banded symmetric C-ter BB,chain_pair,all,largest_cluster,422000.0,2.0678887889409305e-05,2.924436370799539e-05,1778.6775827723613,7150.970071685522,3783.6208029308486,0.8,8.0,8.0,100.0,96,140,3,partner_consecutive_v2
G2_Wcluster_alhx700,$\mathrm{Hel}_{50}$,Cter_symmetric_BB_contact_survival,symmetric_nac_bb,Any 1 banded symmetric C-ter BB,chain_pair,all,largest_cluster,423000.0,2.0678887889409305e-05,2.924436370799539e-05,1778.6775827723613,7150.970071685522,3783.6208029308486,0.8,8.0,8.0,100.0,96,140,3,partner_consecutive_v2
G2_Wcluster_alhx700,$\mathrm{Hel}_{50}$,Cter_symmetric_BB_contact_survival,symmetric_nac_bb,Any 1 banded symmetric C-ter BB,chain_pair,all,largest_cluster,424000.0,2.0678887889409305e-05,2.924436370799539e-05,1778.6775827723613,7150.970071685522,3783.6208029308486,0.8,8.0,8.0,100.0,96,140,3,partner_consecutive_v2
G2_Wcluster_alhx700,$\mathrm{Hel}_{50}$,Cter_symmetric_BB_contact_survival,symmetric_nac_bb,Any 1 banded symmetric C-ter BB,chain_pair,all,largest_cluster,425000.0,2.0678887889409305e-05,2.924436370799539e-05,1778.6775827723613,7150.970071685522,3783.6208029308486,0.8,8.0,8.0,100.0,96,140,3,partner_consecutive_v2
G2_Wcluster_alhx700,$\mathrm{Hel}_{50}$,Cter_symmetric_BB_contact_survival,symmetric_nac_bb,Any 1 banded symmetric C-ter BB,chain_pair,all,largest_cluster,426000.0,2.0678887889409305e-05,2.924436370799539e-05,1778.6775827723613,7150.970071685522,3783.6208029308486,0.8,8.0,8.0,100.0,96,140,3,partner_consecutive_v2
G2_Wcluster_alhx700,$\mathrm{Hel}_{50}$,Cter_symmetric_BB_contact_survival,symmetric_nac_bb,Any 1 banded symmetric C-ter BB,chain_pair,all,largest_cluster,427000.0,2.0678887889409305e-05,2.924436370799539e-05,1778.6775827723613,7150.970071685522,3783.6208029308486,0.8,8.0,8.0,100.0,96,140,3,partner_consecutive_v2
G2_Wcluster_alhx700,$\mathrm{Hel}_{50}$,Cter_symmetric_BB_contact_survival,symmetric_nac_bb,Any 1 banded symmetric C-ter BB,chain_pair,all,largest_cluster,428000.0,2.0678887889409305e-05,2.924436370799539e-05,1778.6775827723613,7150.970071685522,3783.6208029308486,0.8,8.0,8.0,100.0,96,140,3,partner_consecutive_v2
G2_Wcluster_alhx700,$\mathrm{Hel}_{50}$,Cter_symmetric_BB_contact_survival,symmetric_nac_bb,Any 1 banded symmetric C-ter BB,chain_pair,all,largest_cluster,429000.0,2.0678887889409305e-05,2.924436370799539e-05,1778.6775827723613,7150.970071685522,3783.6208029308486,0.8,8.0,8.0,100.0,96,140,3,partner_consecutive_v2
G2_Wcluster_alhx700,$\mathrm{Hel}_{50}$,Cter_symmetric_BB_contact_survival,symmetric_nac_bb,Any 1 banded symmetric C-ter BB,chain_pair,all,largest_cluster,430000.0,2.0678887889409305e-05,2.924436370799539e-05,1778.6775827723613,7150.970071685522,3783.6208029308486,0.8,8.0,8.0,100.0,96,140,3,partner_consecutive_v2
G2_Wcluster_alhx700,$\mathrm{Hel}_{50}$,Cter_symmetric_BB_contact_survival,symmetric_nac_bb,Any 1 banded symmetric C-ter BB,chain_pair,all,largest_cluster,431000.0,2.0678887889409305e-05,2.924436370799539e-05,1778.6775827723613,7150.970071685522,3783.6208029308486,0.8,8.0,8.0,100.0,96,140,3,partner_consecutive_v2
G2_Wcluster_alhx700,$\mathrm{Hel}_{50}$,Cter_symmetric_BB_contact_survival,symmetric_nac_bb,Any 1 banded symmetric C-ter BB,chain_pair,all,largest_cluster,432000.0,2.0678887889409305e-05,2.924436370799539e-05,1778.6775827723613,7150.970071685522,3783.6208029308486,0.8,8.0,8.0,100.0,96,140,3,partner_consecutive_v2
G2_Wcluster_alhx700,$\mathrm{Hel}_{50}$,Cter_symmetric_BB_contact_survival,symmetric_nac_bb,Any 1 banded symmetric C-ter BB,chain_pair,all,largest_cluster,433000.0,2.0678887889409305e-05,2.924436370799539e-05,1778.6775827723613,7150.970071685522,3783.6208029308486,0.8,8.0,8.0,100.0,96,140,3,partner_consecutive_v2
G2_Wcluster_alhx700,$\mathrm{Hel}_{50}$,Cter_symmetric_BB_contact_survival,symmetric_nac_bb,Any 1 banded symmetric C-ter BB,chain_pair,all,largest_cluster,434000.0,2.0678887889409305e-05,2.924436370799539e-05,1778.6775827723613,7150.970071685522,3783.6208029308486,0.8,8.0,8.0,100.0,96,140,3,partner_consecutive_v2
G2_Wcluster_alhx700,$\mathrm{Hel}_{50}$,Cter_symmetric_BB_contact_survival,symmetric_nac_bb,Any 1 banded symmetric C-ter BB,chain_pair,all,largest_cluster,435000.0,2.0678887889409305e-05,2.924436370799539e-05,1778.6775827723613,7150.970071685522,3783.6208029308486,0.8,8.0,8.0,100.0,96,140,3,partner_consecutive_v2
G2_Wcluster_alhx700,$\mathrm{Hel}_{50}$,Cter_symmetric_BB_contact_survival,symmetric_nac_bb,Any 1 banded symmetric C-ter BB,chain_pair,all,largest_cluster,436000.0,2.0678887889409305e-05,2.924436370799539e-05,1778.6775827723613,7150.970071685522,3783.6208029308486,0.8,8.0,8.0,100.0,96,140,3,partner_consecutive_v2
G2_Wcluster_alhx700,$\mathrm{Hel}_{50}$,Cter_symmetric_BB_contact_survival,symmetric_nac_bb,Any 1 banded symmetric C-ter BB,chain_pair,all,largest_cluster,437000.0,2.0678887889409305e-05,2.924436370799539e-05,1778.6775827723613,7150.970071685522,3783.6208029308486,0.8,8.0,8.0,100.0,96,140,3,partner_consecutive_v2
G2_Wcluster_alhx700,$\mathrm{Hel}_{50}$,Cter_symmetric_BB_contact_survival,symmetric_nac_bb,Any 1 banded symmetric C-ter BB,chain_pair,all,largest_cluster,438000.0,2.0678887889409305e-05,2.924436370799539e-05,1778.6775827723613,7150.970071685522,3783.6208029308486,0.8,8.0,8.0,100.0,96,140,3,partner_consecutive_v2
G2_Wcluster_alhx700,$\mathrm{Hel}_{50}$,Cter_symmetric_BB_contact_survival,symmetric_nac_bb,Any 1 banded symmetric C-ter BB,chain_pair,all,largest_cluster,439000.0,2.0678887889409305e-05,2.924436370799539e-05,1778.6775827723613,7150.970071685522,3783.6208029308486,0.8,8.0,8.0,100.0,96,140,3,partner_consecutive_v2
G2_Wcluster_alhx700,$\mathrm{Hel}_{50}$,Cter_symmetric_BB_contact_survival,symmetric_nac_bb,Any 1 banded symmetric C-ter BB,chain_pair,all,largest_cluster,440000.0,2.0678887889409305e-05,2.924436370799539e-05,1778.6775827723613,7150.970071685522,3783.6208029308486,0.8,8.0,8.0,100.0,96,140,3,partner_consecutive_v2
G2_Wcluster_alhx700,$\mathrm{Hel}_{50}$,Cter_symmetric_BB_contact_survival,symmetric_nac_bb,Any 1 banded symmetric C-ter BB,chain_pair,all,largest_cluster,441000.0,2.0678887889409305e-05,2.924436370799539e-05,1778.6775827723613,7150.970071685522,3783.6208029308486,0.8,8.0,8.0,100.0,96,140,3,partner_consecutive_v2
G2_Wcluster_alhx700,$\mathrm{Hel}_{50}$,Cter_symmetric_BB_contact_survival,symmetric_nac_bb,Any 1 banded symmetric C-ter BB,chain_pair,all,largest_cluster,442000.0,2.0678887889409305e-05,2.924436370799539e-05,1778.6775827723613,7150.970071685522,3783.6208029308486,0.8,8.0,8.0,100.0,96,140,3,partner_consecutive_v2
G2_Wcluster_alhx700,$\mathrm{Hel}_{50}$,Cter_symmetric_BB_contact_survival,symmetric_nac_bb,Any 1 banded symmetric C-ter BB,chain_pair,all,largest_cluster,443000.0,2.0678887889409305e-05,2.924436370799539e-05,1778.6775827723613,7150.970071685522,3783.6208029308486,0.8,8.0,8.0,100.0,96,140,3,partner_consecutive_v2
G2_Wcluster_alhx700,$\mathrm{Hel}_{50}$,Cter_symmetric_BB_contact_survival,symmetric_nac_bb,Any 1 banded symmetric C-ter BB,chain_pair,all,largest_cluster,444000.0,2.0678887889409305e-05,2.924436370799539e-05,1778.6775827723613,7150.970071685522,3783.6208029308486,0.8,8.0,8.0,100.0,96,140,3,partner_consecutive_v2
G2_Wcluster_alhx700,$\mathrm{Hel}_{50}$,Cter_symmetric_BB_contact_survival,symmetric_nac_bb,Any 1 banded symmetric C-ter BB,chain_pair,all,largest_cluster,445000.0,2.0678887889409305e-05,2.924436370799539e-05,1778.6775827723613,7150.970071685522,3783.6208029308486,0.8,8.0,8.0,100.0,96,140,3,partner_consecutive_v2
G2_Wcluster_alhx700,$\mathrm{Hel}_{50}$,Cter_symmetric_BB_contact_survival,symmetric_nac_bb,Any 1 banded symmetric C-ter BB,chain_pair,all,largest_cluster,446000.0,2.0678887889409305e-05,2.924436370799539e-05,1778.6775827723613,7150.970071685522,3783.6208029308486,0.8,8.0,8.0,100.0,96,140,3,partner_consecutive_v2
G2_Wcluster_alhx700,$\mathrm{Hel}_{50}$,Cter_symmetric_BB_contact_survival,symmetric_nac_bb,Any 1 banded symmetric C-ter BB,chain_pair,all,largest_cluster,447000.0,2.0678887889409305e-05,2.924436370799539e-05,1778.6775827723613,7150.970071685522,3783.6208029308486,0.8,8.0,8.0,100.0,96,140,3,partner_consecutive_v2
G2_Wcluster_alhx700,$\mathrm{Hel}_{50}$,Cter_symmetric_BB_contact_survival,symmetric_nac_bb,Any 1 banded symmetric C-ter BB,chain_pair,all,largest_cluster,448000.0,2.0678887889409305e-05,2.924436370799539e-05,1778.6775827723613,7150.970071685522,3783.6208029308486,0.8,8.0,8.0,100.0,96,140,3,partner_consecutive_v2
G2_Wcluster_alhx700,$\mathrm{Hel}_{50}$,Cter_symmetric_BB_contact_survival,symmetric_nac_bb,Any 1 banded symmetric C-ter BB,chain_pair,all,largest_cluster,449000.0,2.0678887889409305e-05,2.924436370799539e-05,1778.6775827723613,7150.970071685522,3783.6208029308486,0.8,8.0,8.0,100.0,96,140,3,partner_consecutive_v2
G2_Wcluster_alhx700,$\mathrm{Hel}_{50}$,Cter_symmetric_BB_contact_survival,symmetric_nac_bb,Any 1 banded symmetric C-ter BB,chain_pair,all,largest_cluster,450000.0,2.0678887889409305e-05,2.924436370799539e-05,1778.6775827723613,7150.970071685522,3783.6208029308486,0.8,8.0,8.0,100.0,96,140,3,partner_consecutive_v2
G2_Wcluster_alhx700,$\mathrm{Hel}_{50}$,Cter_symmetric_BB_contact_survival,symmetric_nac_bb,Any 1 banded symmetric C-ter BB,chain_pair,all,largest_cluster,451000.0,2.0678887889409305e-05,2.924436370799539e-05,1778.6775827723613,7150.970071685522,3783.6208029308486,0.8,8.0,8.0,100.0,96,140,3,partner_consecutive_v2
G2_Wcluster_alhx700,$\mathrm{Hel}_{50}$,Cter_symmetric_BB_contact_survival,symmetric_nac_bb,Any 1 banded symmetric C-ter BB,chain_pair,all,largest_cluster,452000.0,2.0678887889409305e-05,2.924436370799539e-05,1778.6775827723613,7150.970071685522,3783.6208029308486,0.8,8.0,8.0,100.0,96,140,3,partner_consecutive_v2
G2_Wcluster_alhx700,$\mathrm{Hel}_{50}$,Cter_symmetric_BB_contact_survival,symmetric_nac_bb,Any 1 banded symmetric C-ter BB,chain_pair,all,largest_cluster,453000.0,2.0678887889409305e-05,2.924436370799539e-05,1778.6775827723613,7150.970071685522,3783.6208029308486,0.8,8.0,8.0,100.0,96,140,3,partner_consecutive_v2
G2_Wcluster_alhx700,$\mathrm{Hel}_{50}$,Cter_symmetric_BB_contact_survival,symmetric_nac_bb,Any 1 banded symmetric C-ter BB,chain_pair,all,largest_cluster,454000.0,2.0678887889409305e-05,2.924436370799539e-05,1778.6775827723613,7150.970071685522,3783.6208029308486,0.8,8.0,8.0,100.0,96,140,3,partner_consecutive_v2
G2_Wcluster_alhx700,$\mathrm{Hel}_{50}$,Cter_symmetric_BB_contact_survival,symmetric_nac_bb,Any 1 banded symmetric C-ter BB,chain_pair,all,largest_cluster,455000.0,2.0678887889409305e-05,2.924436370799539e-05,1778.6775827723613,7150.970071685522,3783.6208029308486,0.8,8.0,8.0,100.0,96,140,3,partner_consecutive_v2
G2_Wcluster_alhx700,$\mathrm{Hel}_{50}$,Cter_symmetric_BB_contact_survival,symmetric_nac_bb,Any 1 banded symmetric C-ter BB,chain_pair,all,largest_cluster,456000.0,2.0678887889409305e-05,2.924436370799539e-05,1778.6775827723613,7150.970071685522,3783.6208029308486,0.8,8.0,8.0,100.0,96,140,3,partner_consecutive_v2
G2_Wcluster_alhx700,$\mathrm{Hel}_{50}$,Cter_symmetric_BB_contact_survival,symmetric_nac_bb,Any 1 banded symmetric C-ter BB,chain_pair,all,largest_cluster,457000.0,2.0678887889409305e-05,2.924436370799539e-05,1778.6775827723613,7150.970071685522,3783.6208029308486,0.8,8.0,8.0,100.0,96,140,3,partner_consecutive_v2
G2_Wcluster_alhx700,$\mathrm{Hel}_{50}$,Cter_symmetric_BB_contact_survival,symmetric_nac_bb,Any 1 banded symmetric C-ter BB,chain_pair,all,largest_cluster,458000.0,1.0339443944704652e-05,1.4622181853997694e-05,1778.6775827723613,7150.970071685522,3783.6208029308486,0.8,8.0,8.0,100.0,96,140,3,partner_consecutive_v2
G2_Wcluster_alhx700,$\mathrm{Hel}_{50}$,Cter_symmetric_BB_contact_survival,symmetric_nac_bb,Any 1 banded symmetric C-ter BB,chain_pair,all,largest_cluster,459000.0,1.0339443944704652e-05,1.4622181853997694e-05,1778.6775827723613,7150.970071685522,3783.6208029308486,0.8,8.0,8.0,100.0,96,140,3,partner_consecutive_v2
G2_Wcluster_alhx700,$\mathrm{Hel}_{50}$,Cter_symmetric_BB_contact_survival,symmetric_nac_bb,Any 1 banded symmetric C-ter BB,chain_pair,all,largest_cluster,460000.0,1.0339443944704652e-05,1.4622181853997694e-05,1778.6775827723613,7150.970071685522,3783.6208029308486,0.8,8.0,8.0,100.0,96,140,3,partner_consecutive_v2
G2_Wcluster_alhx700,$\mathrm{Hel}_{50}$,Cter_symmetric_BB_contact_survival,symmetric_nac_bb,Any 1 banded symmetric C-ter BB,chain_pair,all,largest_cluster,461000.0,1.0339443944704652e-05,1.4622181853997694e-05,1778.6775827723613,7150.970071685522,3783.6208029308486,0.8,8.0,8.0,100.0,96,140,3,partner_consecutive_v2
G2_Wcluster_alhx700,$\mathrm{Hel}_{50}$,Cter_symmetric_BB_contact_survival,symmetric_nac_bb,Any 1 banded symmetric C-ter BB,chain_pair,all,largest_cluster,462000.0,1.0339443944704652e-05,1.4622181853997694e-05,1778.6775827723613,7150.970071685522,3783.6208029308486,0.8,8.0,8.0,100.0,96,140,3,partner_consecutive_v2
G2_Wcluster_alhx700,$\mathrm{Hel}_{50}$,Cter_symmetric_BB_contact_survival,symmetric_nac_bb,Any 1 banded symmetric C-ter BB,chain_pair,all,largest_cluster,463000.0,1.0339443944704652e-05,1.4622181853997694e-05,1778.6775827723613,7150.970071685522,3783.6208029308486,0.8,8.0,8.0,100.0,96,140,3,partner_consecutive_v2
G2_Wcluster_alhx700,$\mathrm{Hel}_{50}$,Cter_symmetric_BB_contact_survival,symmetric_nac_bb,Any 1 banded symmetric C-ter BB,chain_pair,all,largest_cluster,464000.0,1.0339443944704652e-05,1.4622181853997694e-05,1778.6775827723613,7150.970071685522,3783.6208029308486,0.8,8.0,8.0,100.0,96,140,3,partner_consecutive_v2
G2_Wcluster_alhx700,$\mathrm{Hel}_{50}$,Cter_symmetric_BB_contact_survival,symmetric_nac_bb,Any 1 banded symmetric C-ter BB,chain_pair,all,largest_cluster,465000.0,1.0339443944704652e-05,1.4622181853997694e-05,1778.6775827723613,7150.970071685522,3783.6208029308486,0.8,8.0,8.0,100.0,96,140,3,partner_consecutive_v2
G2_Wcluster_alhx700,$\mathrm{Hel}_{50}$,Cter_symmetric_BB_contact_survival,symmetric_nac_bb,Any 1 banded symmetric C-ter BB,chain_pair,all,largest_cluster,466000.0,1.0339443944704652e-05,1.4622181853997694e-05,1778.6775827723613,7150.970071685522,3783.6208029308486,0.8,8.0,8.0,100.0,96,140,3,partner_consecutive_v2
G2_Wcluster_alhx700,$\mathrm{Hel}_{50}$,Cter_symmetric_BB_contact_survival,symmetric_nac_bb,Any 1 banded symmetric C-ter BB,chain_pair,all,largest_cluster,467000.0,1.0339443944704652e-05,1.4622181853997694e-05,1778.6775827723613,7150.970071685522,3783.6208029308486,0.8,8.0,8.0,100.0,96,140,3,partner_consecutive_v2
G2_Wcluster_alhx700,$\mathrm{Hel}_{50}$,Cter_symmetric_BB_contact_survival,symmetric_nac_bb,Any 1 banded symmetric C-ter BB,chain_pair,all,largest_cluster,468000.0,1.0339443944704652e-05,1.4622181853997694e-05,1778.6775827723613,7150.970071685522,3783.6208029308486,0.8,8.0,8.0,100.0,96,140,3,partner_consecutive_v2
G2_Wcluster_alhx700,$\mathrm{Hel}_{50}$,Cter_symmetric_BB_contact_survival,symmetric_nac_bb,Any 1 banded symmetric C-ter BB,chain_pair,all,largest_cluster,469000.0,1.0339443944704652e-05,1.4622181853997694e-05,1778.6775827723613,7150.970071685522,3783.6208029308486,0.8,8.0,8.0,100.0,96,140,3,partner_consecutive_v2
G2_Wcluster_alhx700,$\mathrm{Hel}_{50}$,Cter_symmetric_BB_contact_survival,symmetric_nac_bb,Any 1 banded symmetric C-ter BB,chain_pair,all,largest_cluster,470000.0,1.0339443944704652e-05,1.4622181853997694e-05,1778.6775827723613,7150.970071685522,3783.6208029308486,0.8,8.0,8.0,100.0,96,140,3,partner_consecutive_v2
G2_Wcluster_alhx700,$\mathrm{Hel}_{50}$,Cter_symmetric_BB_contact_survival,symmetric_nac_bb,Any 1 banded symmetric C-ter BB,chain_pair,all,largest_cluster,471000.0,1.0339443944704652e-05,1.4622181853997694e-05,1778.6775827723613,7150.970071685522,3783.6208029308486,0.8,8.0,8.0,100.0,96,140,3,partner_consecutive_v2
G2_Wcluster_alhx700,$\mathrm{Hel}_{50}$,Cter_symmetric_BB_contact_survival,symmetric_nac_bb,Any 1 banded symmetric C-ter BB,chain_pair,all,largest_cluster,472000.0,1.0339443944704652e-05,1.4622181853997694e-05,1778.6775827723613,7150.970071685522,3783.6208029308486,0.8,8.0,8.0,100.0,96,140,3,partner_consecutive_v2
G2_Wcluster_alhx700,$\mathrm{Hel}_{50}$,Cter_symmetric_BB_contact_survival,symmetric_nac_bb,Any 1 banded symmetric C-ter BB,chain_pair,all,largest_cluster,473000.0,1.0339443944704652e-05,1.4622181853997694e-05,1778.6775827723613,7150.970071685522,3783.6208029308486,0.8,8.0,8.0,100.0,96,140,3,partner_consecutive_v2
G2_Wcluster_alhx700,$\mathrm{Hel}_{50}$,Cter_symmetric_BB_contact_survival,symmetric_nac_bb,Any 1 banded symmetric C-ter BB,chain_pair,all,largest_cluster,474000.0,1.0339443944704652e-05,1.4622181853997694e-05,1778.6775827723613,7150.970071685522,3783.6208029308486,0.8,8.0,8.0,100.0,96,140,3,partner_consecutive_v2
G2_Wcluster_alhx700,$\mathrm{Hel}_{50}$,Cter_symmetric_BB_contact_survival,symmetric_nac_bb,Any 1 banded symmetric C-ter BB,chain_pair,all,largest_cluster,475000.0,1.0339443944704652e-05,1.4622181853997694e-05,1778.6775827723613,7150.970071685522,3783.6208029308486,0.8,8.0,8.0,100.0,96,140,3,partner_consecutive_v2
G2_Wcluster_alhx700,$\mathrm{Hel}_{50}$,Cter_symmetric_BB_contact_survival,symmetric_nac_bb,Any 1 banded symmetric C-ter BB,chain_pair,all,largest_cluster,476000.0,1.0339443944704652e-05,1.4622181853997694e-05,1778.6775827723613,7150.970071685522,3783.6208029308486,0.8,8.0,8.0,100.0,96,140,3,partner_consecutive_v2
G2_Wcluster_alhx700,$\mathrm{Hel}_{50}$,Cter_symmetric_BB_contact_survival,symmetric_nac_bb,Any 1 banded symmetric C-ter BB,chain_pair,all,largest_cluster,477000.0,1.0339443944704652e-05,1.4622181853997694e-05,1778.6775827723613,7150.970071685522,3783.6208029308486,0.8,8.0,8.0,100.0,96,140,3,partner_consecutive_v2
G2_Wcluster_alhx700,$\mathrm{Hel}_{50}$,Cter_symmetric_BB_contact_survival,symmetric_nac_bb,Any 1 banded symmetric C-ter BB,chain_pair,all,largest_cluster,478000.0,1.0339443944704652e-05,1.4622181853997694e-05,1778.6775827723613,7150.970071685522,3783.6208029308486,0.8,8.0,8.0,100.0,96,140,3,partner_consecutive_v2
G2_Wcluster_alhx700,$\mathrm{Hel}_{50}$,Cter_symmetric_BB_contact_survival,symmetric_nac_bb,Any 1 banded symmetric C-ter BB,chain_pair,all,largest_cluster,479000.0,1.0339443944704652e-05,1.4622181853997694e-05,1778.6775827723613,7150.970071685522,3783.6208029308486,0.8,8.0,8.0,100.0,96,140,3,partner_consecutive_v2
G2_Wcluster_alhx700,$\mathrm{Hel}_{50}$,Cter_symmetric_BB_contact_survival,symmetric_nac_bb,Any 1 banded symmetric C-ter BB,chain_pair,all,largest_cluster,480000.0,1.0339443944704652e-05,1.4622181853997694e-05,1778.6775827723613,7150.970071685522,3783.6208029308486,0.8,8.0,8.0,100.0,96,140,3,partner_consecutive_v2
G2_Wcluster_alhx700,$\mathrm{Hel}_{50}$,Cter_symmetric_BB_contact_survival,symmetric_nac_bb,Any 1 banded symmetric C-ter BB,chain_pair,all,largest_cluster,481000.0,1.0339443944704652e-05,1.4622181853997694e-05,1778.6775827723613,7150.970071685522,3783.6208029308486,0.8,8.0,8.0,100.0,96,140,3,partner_consecutive_v2
G2_Wcluster_alhx700,$\mathrm{Hel}_{50}$,Cter_symmetric_BB_contact_survival,symmetric_nac_bb,Any 1 banded symmetric C-ter BB,chain_pair,all,largest_cluster,482000.0,1.0339443944704652e-05,1.4622181853997694e-05,1778.6775827723613,7150.970071685522,3783.6208029308486,0.8,8.0,8.0,100.0,96,140,3,partner_consecutive_v2
G2_Wcluster_alhx700,$\mathrm{Hel}_{50}$,Cter_symmetric_BB_contact_survival,symmetric_nac_bb,Any 1 banded symmetric C-ter BB,chain_pair,all,largest_cluster,483000.0,1.0339443944704652e-05,1.4622181853997694e-05,1778.6775827723613,7150.970071685522,3783.6208029308486,0.8,8.0,8.0,100.0,96,140,3,partner_consecutive_v2
G2_Wcluster_alhx700,$\mathrm{Hel}_{50}$,Cter_symmetric_BB_contact_survival,symmetric_nac_bb,Any 1 banded symmetric C-ter BB,chain_pair,all,largest_cluster,484000.0,1.0339443944704652e-05,1.4622181853997694e-05,1778.6775827723613,7150.970071685522,3783.6208029308486,0.8,8.0,8.0,100.0,96,140,3,partner_consecutive_v2
G2_Wcluster_alhx700,$\mathrm{Hel}_{50}$,Cter_symmetric_BB_contact_survival,symmetric_nac_bb,Any 1 banded symmetric C-ter BB,chain_pair,all,largest_cluster,485000.0,1.0339443944704652e-05,1.4622181853997694e-05,1778.6775827723613,7150.970071685522,3783.6208029308486,0.8,8.0,8.0,100.0,96,140,3,partner_consecutive_v2
G2_Wcluster_alhx700,$\mathrm{Hel}_{50}$,Cter_symmetric_BB_contact_survival,symmetric_nac_bb,Any 1 banded symmetric C-ter BB,chain_pair,all,largest_cluster,486000.0,1.0339443944704652e-05,1.4622181853997694e-05,1778.6775827723613,7150.970071685522,3783.6208029308486,0.8,8.0,8.0,100.0,96,140,3,partner_consecutive_v2
G2_Wcluster_alhx700,$\mathrm{Hel}_{50}$,Cter_symmetric_BB_contact_survival,symmetric_nac_bb,Any 1 banded symmetric C-ter BB,chain_pair,all,largest_cluster,487000.0,1.0339443944704652e-05,1.4622181853997694e-05,1778.6775827723613,7150.970071685522,3783.6208029308486,0.8,8.0,8.0,100.0,96,140,3,partner_consecutive_v2
G2_Wcluster_alhx700,$\mathrm{Hel}_{50}$,Cter_symmetric_BB_contact_survival,symmetric_nac_bb,Any 1 banded symmetric C-ter BB,chain_pair,all,largest_cluster,488000.0,1.0339443944704652e-05,1.4622181853997694e-05,1778.6775827723613,7150.970071685522,3783.6208029308486,0.8,8.0,8.0,100.0,96,140,3,partner_consecutive_v2
G2_Wcluster_alhx700,$\mathrm{Hel}_{50}$,Cter_symmetric_BB_contact_survival,symmetric_nac_bb,Any 1 banded symmetric C-ter BB,chain_pair,all,largest_cluster,489000.0,1.0339443944704652e-05,1.4622181853997694e-05,1778.6775827723613,7150.970071685522,3783.6208029308486,0.8,8.0,8.0,100.0,96,140,3,partner_consecutive_v2
G2_Wcluster_alhx700,$\mathrm{Hel}_{50}$,Cter_symmetric_BB_contact_survival,symmetric_nac_bb,Any 1 banded symmetric C-ter BB,chain_pair,all,largest_cluster,490000.0,1.0339443944704652e-05,1.4622181853997694e-05,1778.6775827723613,7150.970071685522,3783.6208029308486,0.8,8.0,8.0,100.0,96,140,3,partner_consecutive_v2
G2_Wcluster_alhx700,$\mathrm{Hel}_{50}$,Cter_symmetric_BB_contact_survival,symmetric_nac_bb,Any 1 banded symmetric C-ter BB,chain_pair,all,largest_cluster,491000.0,1.0339443944704652e-05,1.4622181853997694e-05,1778.6775827723613,7150.970071685522,3783.6208029308486,0.8,8.0,8.0,100.0,96,140,3,partner_consecutive_v2
G2_Wcluster_alhx700,$\mathrm{Hel}_{50}$,Cter_symmetric_BB_contact_survival,symmetric_nac_bb,Any 1 banded symmetric C-ter BB,chain_pair,all,largest_cluster,492000.0,1.0339443944704652e-05,1.4622181853997694e-05,1778.6775827723613,7150.970071685522,3783.6208029308486,0.8,8.0,8.0,100.0,96,140,3,partner_consecutive_v2
G2_Wcluster_alhx700,$\mathrm{Hel}_{50}$,Cter_symmetric_BB_contact_survival,symmetric_nac_bb,Any 1 banded symmetric C-ter BB,chain_pair,all,largest_cluster,493000.0,1.0339443944704652e-05,1.4622181853997694e-05,1778.6775827723613,7150.970071685522,3783.6208029308486,0.8,8.0,8.0,100.0,96,140,3,partner_consecutive_v2
G2_Wcluster_alhx700,$\mathrm{Hel}_{50}$,Cter_symmetric_BB_contact_survival,symmetric_nac_bb,Any 1 banded symmetric C-ter BB,chain_pair,all,largest_cluster,494000.0,1.0339443944704652e-05,1.4622181853997694e-05,1778.6775827723613,7150.970071685522,3783.6208029308486,0.8,8.0,8.0,100.0,96,140,3,partner_consecutive_v2
G2_Wcluster_alhx700,$\mathrm{Hel}_{50}$,Cter_symmetric_BB_contact_survival,symmetric_nac_bb,Any 1 banded symmetric C-ter BB,chain_pair,all,largest_cluster,495000.0,1.0339443944704652e-05,1.4622181853997694e-05,1778.6775827723613,7150.970071685522,3783.6208029308486,0.8,8.0,8.0,100.0,96,140,3,partner_consecutive_v2
G2_Wcluster_alhx700,$\mathrm{Hel}_{50}$,Cter_symmetric_BB_contact_survival,symmetric_nac_bb,Any 1 banded symmetric C-ter BB,chain_pair,all,largest_cluster,496000.0,1.0339443944704652e-05,1.4622181853997694e-05,1778.6775827723613,7150.970071685522,3783.6208029308486,0.8,8.0,8.0,100.0,96,140,3,partner_consecutive_v2
G2_Wcluster_alhx700,$\mathrm{Hel}_{50}$,Cter_symmetric_BB_contact_survival,symmetric_nac_bb,Any 1 banded symmetric C-ter BB,chain_pair,all,largest_cluster,497000.0,1.0339443944704652e-05,1.4622181853997694e-05,1778.6775827723613,7150.970071685522,3783.6208029308486,0.8,8.0,8.0,100.0,96,140,3,partner_consecutive_v2
G2_Wcluster_alhx700,$\mathrm{Hel}_{50}$,Cter_symmetric_BB_contact_survival,symmetric_nac_bb,Any 1 banded symmetric C-ter BB,chain_pair,all,largest_cluster,498000.0,1.0339443944704652e-05,1.4622181853997694e-05,1778.6775827723613,7150.970071685522,3783.6208029308486,0.8,8.0,8.0,100.0,96,140,3,partner_consecutive_v2
G2_Wcluster_alhx700,$\mathrm{Hel}_{50}$,Cter_symmetric_BB_contact_survival,symmetric_nac_bb,Any 1 banded symmetric C-ter BB,chain_pair,all,largest_cluster,499000.0,1.0339443944704652e-05,1.4622181853997694e-05,1778.6775827723613,7150.970071685522,3783.6208029308486,0.8,8.0,8.0,100.0,96,140,3,partner_consecutive_v2
G2_Wcluster_alhx700,$\mathrm{Hel}_{50}$,Cter_symmetric_BB_contact_survival,symmetric_nac_bb,Any 1 banded symmetric C-ter BB,chain_pair,all,largest_cluster,500000.0,1.0339443944704652e-05,1.4622181853997694e-05,1778.6775827723613,7150.970071685522,3783.6208029308486,0.8,8.0,8.0,100.0,96,140,3,partner_consecutive_v2
G2_Wcluster_alhx700,$\mathrm{Hel}_{50}$,Cter_symmetric_BB_contact_survival,symmetric_nac_bb,Any 1 banded symmetric C-ter BB,chain_pair,all,largest_cluster,501000.0,1.0339443944704652e-05,1.4622181853997694e-05,1778.6775827723613,7150.970071685522,3783.6208029308486,0.8,8.0,8.0,100.0,96,140,3,partner_consecutive_v2
G2_Wcluster_alhx700,$\mathrm{Hel}_{50}$,Cter_symmetric_BB_contact_survival,symmetric_nac_bb,Any 1 banded symmetric C-ter BB,chain_pair,all,largest_cluster,502000.0,1.0339443944704652e-05,1.4622181853997694e-05,1778.6775827723613,7150.970071685522,3783.6208029308486,0.8,8.0,8.0,100.0,96,140,3,partner_consecutive_v2
G2_Wcluster_alhx700,$\mathrm{Hel}_{50}$,Cter_symmetric_BB_contact_survival,symmetric_nac_bb,Any 1 banded symmetric C-ter BB,chain_pair,all,largest_cluster,503000.0,1.0339443944704652e-05,1.4622181853997694e-05,1778.6775827723613,7150.970071685522,3783.6208029308486,0.8,8.0,8.0,100.0,96,140,3,partner_consecutive_v2
G2_Wcluster_alhx700,$\mathrm{Hel}_{50}$,Cter_symmetric_BB_contact_survival,symmetric_nac_bb,Any 1 banded symmetric C-ter BB,chain_pair,all,largest_cluster,504000.0,1.0339443944704652e-05,1.4622181853997694e-05,1778.6775827723613,7150.970071685522,3783.6208029308486,0.8,8.0,8.0,100.0,96,140,3,partner_consecutive_v2
G2_Wcluster_alhx700,$\mathrm{Hel}_{50}$,Cter_symmetric_BB_contact_survival,symmetric_nac_bb,Any 1 banded symmetric C-ter BB,chain_pair,all,largest_cluster,505000.0,1.0339443944704652e-05,1.4622181853997694e-05,1778.6775827723613,7150.970071685522,3783.6208029308486,0.8,8.0,8.0,100.0,96,140,3,partner_consecutive_v2
G2_Wcluster_alhx700,$\mathrm{Hel}_{50}$,Cter_symmetric_BB_contact_survival,symmetric_nac_bb,Any 1 banded symmetric C-ter BB,chain_pair,all,largest_cluster,506000.0,1.0339443944704652e-05,1.4622181853997694e-05,1778.6775827723613,7150.970071685522,3783.6208029308486,0.8,8.0,8.0,100.0,96,140,3,partner_consecutive_v2
G2_Wcluster_alhx700,$\mathrm{Hel}_{50}$,Cter_symmetric_BB_contact_survival,symmetric_nac_bb,Any 1 banded symmetric C-ter BB,chain_pair,all,largest_cluster,507000.0,1.0339443944704652e-05,1.4622181853997694e-05,1778.6775827723613,7150.970071685522,3783.6208029308486,0.8,8.0,8.0,100.0,96,140,3,partner_consecutive_v2
G2_Wcluster_alhx700,$\mathrm{Hel}_{50}$,Cter_symmetric_BB_contact_survival,symmetric_nac_bb,Any 1 banded symmetric C-ter BB,chain_pair,all,largest_cluster,508000.0,1.0339443944704652e-05,1.4622181853997694e-05,1778.6775827723613,7150.970071685522,3783.6208029308486,0.8,8.0,8.0,100.0,96,140,3,partner_consecutive_v2
G2_Wcluster_alhx700,$\mathrm{Hel}_{50}$,Cter_symmetric_BB_contact_survival,symmetric_nac_bb,Any 1 banded symmetric C-ter BB,chain_pair,all,largest_cluster,509000.0,1.0339443944704652e-05,1.4622181853997694e-05,1778.6775827723613,7150.970071685522,3783.6208029308486,0.8,8.0,8.0,100.0,96,140,3,partner_consecutive_v2
G2_Wcluster_alhx700,$\mathrm{Hel}_{50}$,Cter_symmetric_BB_contact_survival,symmetric_nac_bb,Any 1 banded symmetric C-ter BB,chain_pair,all,largest_cluster,510000.0,1.0339443944704652e-05,1.4622181853997694e-05,1778.6775827723613,7150.970071685522,3783.6208029308486,0.8,8.0,8.0,100.0,96,140,3,partner_consecutive_v2
G2_Wcluster_alhx700,$\mathrm{Hel}_{50}$,Cter_symmetric_BB_contact_survival,symmetric_nac_bb,Any 1 banded symmetric C-ter BB,chain_pair,all,largest_cluster,511000.0,1.0339443944704652e-05,1.4622181853997694e-05,1778.6775827723613,7150.970071685522,3783.6208029308486,0.8,8.0,8.0,100.0,96,140,3,partner_consecutive_v2
G2_Wcluster_alhx700,$\mathrm{Hel}_{50}$,Cter_symmetric_BB_contact_survival,symmetric_nac_bb,Any 1 banded symmetric C-ter BB,chain_pair,all,largest_cluster,512000.0,1.0339443944704652e-05,1.4622181853997694e-05,1778.6775827723613,7150.970071685522,3783.6208029308486,0.8,8.0,8.0,100.0,96,140,3,partner_consecutive_v2
G2_Wcluster_alhx700,$\mathrm{Hel}_{50}$,Cter_symmetric_BB_contact_survival,symmetric_nac_bb,Any 1 banded symmetric C-ter BB,chain_pair,all,largest_cluster,513000.0,1.0339443944704652e-05,1.4622181853997694e-05,1778.6775827723613,7150.970071685522,3783.6208029308486,0.8,8.0,8.0,100.0,96,140,3,partner_consecutive_v2
G2_Wcluster_alhx700,$\mathrm{Hel}_{50}$,Cter_symmetric_BB_contact_survival,symmetric_nac_bb,Any 1 banded symmetric C-ter BB,chain_pair,all,largest_cluster,514000.0,1.0339443944704652e-05,1.4622181853997694e-05,1778.6775827723613,7150.970071685522,3783.6208029308486,0.8,8.0,8.0,100.0,96,140,3,partner_consecutive_v2
G2_Wcluster_alhx700,$\mathrm{Hel}_{50}$,Cter_symmetric_BB_contact_survival,symmetric_nac_bb,Any 1 banded symmetric C-ter BB,chain_pair,all,largest_cluster,515000.0,1.0339443944704652e-05,1.4622181853997694e-05,1778.6775827723613,7150.970071685522,3783.6208029308486,0.8,8.0,8.0,100.0,96,140,3,partner_consecutive_v2
G2_Wcluster_alhx700,$\mathrm{Hel}_{50}$,Cter_symmetric_BB_contact_survival,symmetric_nac_bb,Any 1 banded symmetric C-ter BB,chain_pair,all,largest_cluster,516000.0,1.0339443944704652e-05,1.4622181853997694e-05,1778.6775827723613,7150.970071685522,3783.6208029308486,0.8,8.0,8.0,100.0,96,140,3,partner_consecutive_v2
G2_Wcluster_alhx700,$\mathrm{Hel}_{50}$,Cter_symmetric_BB_contact_survival,symmetric_nac_bb,Any 1 banded symmetric C-ter BB,chain_pair,all,largest_cluster,517000.0,1.0339443944704652e-05,1.4622181853997694e-05,1778.6775827723613,7150.970071685522,3783.6208029308486,0.8,8.0,8.0,100.0,96,140,3,partner_consecutive_v2
G2_Wcluster_alhx700,$\mathrm{Hel}_{50}$,Cter_symmetric_BB_contact_survival,symmetric_nac_bb,Any 1 banded symmetric C-ter BB,chain_pair,all,largest_cluster,518000.0,1.0339443944704652e-05,1.4622181853997694e-05,1778.6775827723613,7150.970071685522,3783.6208029308486,0.8,8.0,8.0,100.0,96,140,3,partner_consecutive_v2
G2_Wcluster_alhx700,$\mathrm{Hel}_{50}$,Cter_symmetric_BB_contact_survival,symmetric_nac_bb,Any 1 banded symmetric C-ter BB,chain_pair,all,largest_cluster,519000.0,1.0339443944704652e-05,1.4622181853997694e-05,1778.6775827723613,7150.970071685522,3783.6208029308486,0.8,8.0,8.0,100.0,96,140,3,partner_consecutive_v2
G2_Wcluster_alhx700,$\mathrm{Hel}_{50}$,Cter_symmetric_BB_contact_survival,symmetric_nac_bb,Any 1 banded symmetric C-ter BB,chain_pair,all,largest_cluster,520000.0,1.0339443944704652e-05,1.4622181853997694e-05,1778.6775827723613,7150.970071685522,3783.6208029308486,0.8,8.0,8.0,100.0,96,140,3,partner_consecutive_v2
G2_Wcluster_alhx700,$\mathrm{Hel}_{50}$,Cter_symmetric_BB_contact_survival,symmetric_nac_bb,Any 1 banded symmetric C-ter BB,chain_pair,all,largest_cluster,521000.0,1.0339443944704652e-05,1.4622181853997694e-05,1778.6775827723613,7150.970071685522,3783.6208029308486,0.8,8.0,8.0,100.0,96,140,3,partner_consecutive_v2
G2_Wcluster_alhx700,$\mathrm{Hel}_{50}$,Cter_symmetric_BB_contact_survival,symmetric_nac_bb,Any 1 banded symmetric C-ter BB,chain_pair,all,largest_cluster,522000.0,1.0339443944704652e-05,1.4622181853997694e-05,1778.6775827723613,7150.970071685522,3783.6208029308486,0.8,8.0,8.0,100.0,96,140,3,partner_consecutive_v2
G2_Wcluster_alhx700,$\mathrm{Hel}_{50}$,Cter_symmetric_BB_contact_survival,symmetric_nac_bb,Any 1 banded symmetric C-ter BB,chain_pair,all,largest_cluster,523000.0,1.0339443944704652e-05,1.4622181853997694e-05,1778.6775827723613,7150.970071685522,3783.6208029308486,0.8,8.0,8.0,100.0,96,140,3,partner_consecutive_v2
G2_Wcluster_alhx700,$\mathrm{Hel}_{50}$,Cter_symmetric_BB_contact_survival,symmetric_nac_bb,Any 1 banded symmetric C-ter BB,chain_pair,all,largest_cluster,524000.0,1.0339443944704652e-05,1.4622181853997694e-05,1778.6775827723613,7150.970071685522,3783.6208029308486,0.8,8.0,8.0,100.0,96,140,3,partner_consecutive_v2
G2_Wcluster_alhx700,$\mathrm{Hel}_{50}$,Cter_symmetric_BB_contact_survival,symmetric_nac_bb,Any 1 banded symmetric C-ter BB,chain_pair,all,largest_cluster,525000.0,1.0339443944704652e-05,1.4622181853997694e-05,1778.6775827723613,7150.970071685522,3783.6208029308486,0.8,8.0,8.0,100.0,96,140,3,partner_consecutive_v2
G2_Wcluster_alhx700,$\mathrm{Hel}_{50}$,Cter_symmetric_BB_contact_survival,symmetric_nac_bb,Any 1 banded symmetric C-ter BB,chain_pair,all,largest_cluster,526000.0,1.0339443944704652e-05,1.4622181853997694e-05,1778.6775827723613,7150.970071685522,3783.6208029308486,0.8,8.0,8.0,100.0,96,140,3,partner_consecutive_v2
G2_Wcluster_alhx700,$\mathrm{Hel}_{50}$,Cter_symmetric_BB_contact_survival,symmetric_nac_bb,Any 1 banded symmetric C-ter BB,chain_pair,all,largest_cluster,527000.0,1.0339443944704652e-05,1.4622181853997694e-05,1778.6775827723613,7150.970071685522,3783.6208029308486,0.8,8.0,8.0,100.0,96,140,3,partner_consecutive_v2
G2_Wcluster_alhx700,$\mathrm{Hel}_{50}$,Cter_symmetric_BB_contact_survival,symmetric_nac_bb,Any 1 banded symmetric C-ter BB,chain_pair,all,largest_cluster,528000.0,1.0339443944704652e-05,1.4622181853997694e-05,1778.6775827723613,7150.970071685522,3783.6208029308486,0.8,8.0,8.0,100.0,96,140,3,partner_consecutive_v2
G2_Wcluster_alhx700,$\mathrm{Hel}_{50}$,Cter_symmetric_BB_contact_survival,symmetric_nac_bb,Any 1 banded symmetric C-ter BB,chain_pair,all,largest_cluster,529000.0,1.0339443944704652e-05,1.4622181853997694e-05,1778.6775827723613,7150.970071685522,3783.6208029308486,0.8,8.0,8.0,100.0,96,140,3,partner_consecutive_v2
G2_Wcluster_alhx700,$\mathrm{Hel}_{50}$,Cter_symmetric_BB_contact_survival,symmetric_nac_bb,Any 1 banded symmetric C-ter BB,chain_pair,all,largest_cluster,530000.0,1.0339443944704652e-05,1.4622181853997694e-05,1778.6775827723613,7150.970071685522,3783.6208029308486,0.8,8.0,8.0,100.0,96,140,3,partner_consecutive_v2
G2_Wcluster_alhx700,$\mathrm{Hel}_{50}$,Cter_symmetric_BB_contact_survival,symmetric_nac_bb,Any 1 banded symmetric C-ter BB,chain_pair,all,largest_cluster,531000.0,1.0339443944704652e-05,1.4622181853997694e-05,1778.6775827723613,7150.970071685522,3783.6208029308486,0.8,8.0,8.0,100.0,96,140,3,partner_consecutive_v2
G2_Wcluster_alhx700,$\mathrm{Hel}_{50}$,Cter_symmetric_BB_contact_survival,symmetric_nac_bb,Any 1 banded symmetric C-ter BB,chain_pair,all,largest_cluster,532000.0,1.0339443944704652e-05,1.4622181853997694e-05,1778.6775827723613,7150.970071685522,3783.6208029308486,0.8,8.0,8.0,100.0,96,140,3,partner_consecutive_v2
G2_Wcluster_alhx700,$\mathrm{Hel}_{50}$,Cter_symmetric_BB_contact_survival,symmetric_nac_bb,Any 1 banded symmetric C-ter BB,chain_pair,all,largest_cluster,533000.0,1.0339443944704652e-05,1.4622181853997694e-05,1778.6775827723613,7150.970071685522,3783.6208029308486,0.8,8.0,8.0,100.0,96,140,3,partner_consecutive_v2
G2_Wcluster_alhx700,$\mathrm{Hel}_{50}$,Cter_symmetric_BB_contact_survival,symmetric_nac_bb,Any 1 banded symmetric C-ter BB,chain_pair,all,largest_cluster,534000.0,1.0339443944704652e-05,1.4622181853997694e-05,1778.6775827723613,7150.970071685522,3783.6208029308486,0.8,8.0,8.0,100.0,96,140,3,partner_consecutive_v2
G2_Wcluster_alhx700,$\mathrm{Hel}_{50}$,Cter_symmetric_BB_contact_survival,symmetric_nac_bb,Any 1 banded symmetric C-ter BB,chain_pair,all,largest_cluster,535000.0,1.0339443944704652e-05,1.4622181853997694e-05,1778.6775827723613,7150.970071685522,3783.6208029308486,0.8,8.0,8.0,100.0,96,140,3,partner_consecutive_v2
G2_Wcluster_alhx700,$\mathrm{Hel}_{50}$,Cter_symmetric_BB_contact_survival,symmetric_nac_bb,Any 1 banded symmetric C-ter BB,chain_pair,all,largest_cluster,536000.0,1.0339443944704652e-05,1.4622181853997694e-05,1778.6775827723613,7150.970071685522,3783.6208029308486,0.8,8.0,8.0,100.0,96,140,3,partner_consecutive_v2
G2_Wcluster_alhx700,$\mathrm{Hel}_{50}$,Cter_symmetric_BB_contact_survival,symmetric_nac_bb,Any 1 banded symmetric C-ter BB,chain_pair,all,largest_cluster,537000.0,1.0339443944704652e-05,1.4622181853997694e-05,1778.6775827723613,7150.970071685522,3783.6208029308486,0.8,8.0,8.0,100.0,96,140,3,partner_consecutive_v2
G2_Wcluster_alhx700,$\mathrm{Hel}_{50}$,Cter_symmetric_BB_contact_survival,symmetric_nac_bb,Any 1 banded symmetric C-ter BB,chain_pair,all,largest_cluster,538000.0,1.0339443944704652e-05,1.4622181853997694e-05,1778.6775827723613,7150.970071685522,3783.6208029308486,0.8,8.0,8.0,100.0,96,140,3,partner_consecutive_v2
G2_Wcluster_alhx700,$\mathrm{Hel}_{50}$,Cter_symmetric_BB_contact_survival,symmetric_nac_bb,Any 1 banded symmetric C-ter BB,chain_pair,all,largest_cluster,539000.0,1.0339443944704652e-05,1.4622181853997694e-05,1778.6775827723613,7150.970071685522,3783.6208029308486,0.8,8.0,8.0,100.0,96,140,3,partner_consecutive_v2
G2_Wcluster_alhx700,$\mathrm{Hel}_{50}$,Cter_symmetric_BB_contact_survival,symmetric_nac_bb,Any 1 banded symmetric C-ter BB,chain_pair,all,largest_cluster,540000.0,1.0339443944704652e-05,1.4622181853997694e-05,1778.6775827723613,7150.970071685522,3783.6208029308486,0.8,8.0,8.0,100.0,96,140,3,partner_consecutive_v2
G2_Wcluster_alhx700,$\mathrm{Hel}_{50}$,Cter_symmetric_BB_contact_survival,symmetric_nac_bb,Any 1 banded symmetric C-ter BB,chain_pair,all,largest_cluster,541000.0,1.0339443944704652e-05,1.4622181853997694e-05,1778.6775827723613,7150.970071685522,3783.6208029308486,0.8,8.0,8.0,100.0,96,140,3,partner_consecutive_v2
G2_Wcluster_alhx700,$\mathrm{Hel}_{50}$,Cter_symmetric_BB_contact_survival,symmetric_nac_bb,Any 1 banded symmetric C-ter BB,chain_pair,all,largest_cluster,542000.0,1.0339443944704652e-05,1.4622181853997694e-05,1778.6775827723613,7150.970071685522,3783.6208029308486,0.8,8.0,8.0,100.0,96,140,3,partner_consecutive_v2
G2_Wcluster_alhx700,$\mathrm{Hel}_{50}$,Cter_symmetric_BB_contact_survival,symmetric_nac_bb,Any 1 banded symmetric C-ter BB,chain_pair,all,largest_cluster,543000.0,1.0339443944704652e-05,1.4622181853997694e-05,1778.6775827723613,7150.970071685522,3783.6208029308486,0.8,8.0,8.0,100.0,96,140,3,partner_consecutive_v2
G2_Wcluster_alhx700,$\mathrm{Hel}_{50}$,Cter_symmetric_BB_contact_survival,symmetric_nac_bb,Any 1 banded symmetric C-ter BB,chain_pair,all,largest_cluster,544000.0,1.0339443944704652e-05,1.4622181853997694e-05,1778.6775827723613,7150.970071685522,3783.6208029308486,0.8,8.0,8.0,100.0,96,140,3,partner_consecutive_v2
G2_Wcluster_alhx700,$\mathrm{Hel}_{50}$,Cter_symmetric_BB_contact_survival,symmetric_nac_bb,Any 1 banded symmetric C-ter BB,chain_pair,all,largest_cluster,545000.0,1.0339443944704652e-05,1.4622181853997694e-05,1778.6775827723613,7150.970071685522,3783.6208029308486,0.8,8.0,8.0,100.0,96,140,3,partner_consecutive_v2
G2_Wcluster_alhx700,$\mathrm{Hel}_{50}$,Cter_symmetric_BB_contact_survival,symmetric_nac_bb,Any 1 banded symmetric C-ter BB,chain_pair,all,largest_cluster,546000.0,1.0339443944704652e-05,1.4622181853997694e-05,1778.6775827723613,7150.970071685522,3783.6208029308486,0.8,8.0,8.0,100.0,96,140,3,partner_consecutive_v2
G2_Wcluster_alhx700,$\mathrm{Hel}_{50}$,Cter_symmetric_BB_contact_survival,symmetric_nac_bb,Any 1 banded symmetric C-ter BB,chain_pair,all,largest_cluster,547000.0,1.0339443944704652e-05,1.4622181853997694e-05,1778.6775827723613,7150.970071685522,3783.6208029308486,0.8,8.0,8.0,100.0,96,140,3,partner_consecutive_v2
G2_Wcluster_alhx700,$\mathrm{Hel}_{50}$,Cter_symmetric_BB_contact_survival,symmetric_nac_bb,Any 1 banded symmetric C-ter BB,chain_pair,all,largest_cluster,548000.0,1.0339443944704652e-05,1.4622181853997694e-05,1778.6775827723613,7150.970071685522,3783.6208029308486,0.8,8.0,8.0,100.0,96,140,3,partner_consecutive_v2
G2_Wcluster_alhx700,$\mathrm{Hel}_{50}$,Cter_symmetric_BB_contact_survival,symmetric_nac_bb,Any 1 banded symmetric C-ter BB,chain_pair,all,largest_cluster,549000.0,1.0339443944704652e-05,1.4622181853997694e-05,1778.6775827723613,7150.970071685522,3783.6208029308486,0.8,8.0,8.0,100.0,96,140,3,partner_consecutive_v2
G2_Wcluster_alhx700,$\mathrm{Hel}_{50}$,Cter_symmetric_BB_contact_survival,symmetric_nac_bb,Any 1 banded symmetric C-ter BB,chain_pair,all,largest_cluster,550000.0,1.0339443944704652e-05,1.4622181853997694e-05,1778.6775827723613,7150.970071685522,3783.6208029308486,0.8,8.0,8.0,100.0,96,140,3,partner_consecutive_v2
G2_Wcluster_alhx700,$\mathrm{Hel}_{50}$,Cter_symmetric_BB_contact_survival,symmetric_nac_bb,Any 1 banded symmetric C-ter BB,chain_pair,all,largest_cluster,551000.0,1.0339443944704652e-05,1.4622181853997694e-05,1778.6775827723613,7150.970071685522,3783.6208029308486,0.8,8.0,8.0,100.0,96,140,3,partner_consecutive_v2
G2_Wcluster_alhx700,$\mathrm{Hel}_{50}$,Cter_symmetric_BB_contact_survival,symmetric_nac_bb,Any 1 banded symmetric C-ter BB,chain_pair,all,largest_cluster,552000.0,1.0339443944704652e-05,1.4622181853997694e-05,1778.6775827723613,7150.970071685522,3783.6208029308486,0.8,8.0,8.0,100.0,96,140,3,partner_consecutive_v2
G2_Wcluster_alhx700,$\mathrm{Hel}_{50}$,Cter_symmetric_BB_contact_survival,symmetric_nac_bb,Any 1 banded symmetric C-ter BB,chain_pair,all,largest_cluster,553000.0,1.0339443944704652e-05,1.4622181853997694e-05,1778.6775827723613,7150.970071685522,3783.6208029308486,0.8,8.0,8.0,100.0,96,140,3,partner_consecutive_v2
G2_Wcluster_alhx700,$\mathrm{Hel}_{50}$,Cter_symmetric_BB_contact_survival,symmetric_nac_bb,Any 1 banded symmetric C-ter BB,chain_pair,all,largest_cluster,554000.0,1.0339443944704652e-05,1.4622181853997694e-05,1778.6775827723613,7150.970071685522,3783.6208029308486,0.8,8.0,8.0,100.0,96,140,3,partner_consecutive_v2
G2_Wcluster_alhx700,$\mathrm{Hel}_{50}$,Cter_symmetric_BB_contact_survival,symmetric_nac_bb,Any 1 banded symmetric C-ter BB,chain_pair,all,largest_cluster,555000.0,1.0339443944704652e-05,1.4622181853997694e-05,1778.6775827723613,7150.970071685522,3783.6208029308486,0.8,8.0,8.0,100.0,96,140,3,partner_consecutive_v2
G2_Wcluster_alhx700,$\mathrm{Hel}_{50}$,Cter_symmetric_BB_contact_survival,symmetric_nac_bb,Any 1 banded symmetric C-ter BB,chain_pair,all,largest_cluster,556000.0,1.0339443944704652e-05,1.4622181853997694e-05,1778.6775827723613,7150.970071685522,3783.6208029308486,0.8,8.0,8.0,100.0,96,140,3,partner_consecutive_v2
G2_Wcluster_alhx700,$\mathrm{Hel}_{50}$,Cter_symmetric_BB_contact_survival,symmetric_nac_bb,Any 1 banded symmetric C-ter BB,chain_pair,all,largest_cluster,557000.0,1.0339443944704652e-05,1.4622181853997694e-05,1778.6775827723613,7150.970071685522,3783.6208029308486,0.8,8.0,8.0,100.0,96,140,3,partner_consecutive_v2
G2_Wcluster_alhx700,$\mathrm{Hel}_{50}$,Cter_symmetric_BB_contact_survival,symmetric_nac_bb,Any 1 banded symmetric C-ter BB,chain_pair,all,largest_cluster,558000.0,1.0339443944704652e-05,1.4622181853997694e-05,1778.6775827723613,7150.970071685522,3783.6208029308486,0.8,8.0,8.0,100.0,96,140,3,partner_consecutive_v2
G2_Wcluster_alhx700,$\mathrm{Hel}_{50}$,Cter_symmetric_BB_contact_survival,symmetric_nac_bb,Any 1 banded symmetric C-ter BB,chain_pair,all,largest_cluster,559000.0,1.0339443944704652e-05,1.4622181853997694e-05,1778.6775827723613,7150.970071685522,3783.6208029308486,0.8,8.0,8.0,100.0,96,140,3,partner_consecutive_v2
G2_Wcluster_alhx700,$\mathrm{Hel}_{50}$,Cter_symmetric_BB_contact_survival,symmetric_nac_bb,Any 1 banded symmetric C-ter BB,chain_pair,all,largest_cluster,560000.0,1.0339443944704652e-05,1.4622181853997694e-05,1778.6775827723613,7150.970071685522,3783.6208029308486,0.8,8.0,8.0,100.0,96,140,3,partner_consecutive_v2
G2_Wcluster_alhx700,$\mathrm{Hel}_{50}$,Cter_symmetric_BB_contact_survival,symmetric_nac_bb,Any 1 banded symmetric C-ter BB,chain_pair,all,largest_cluster,561000.0,1.0339443944704652e-05,1.4622181853997694e-05,1778.6775827723613,7150.970071685522,3783.6208029308486,0.8,8.0,8.0,100.0,96,140,3,partner_consecutive_v2
G2_Wcluster_alhx700,$\mathrm{Hel}_{50}$,Cter_symmetric_BB_contact_survival,symmetric_nac_bb,Any 1 banded symmetric C-ter BB,chain_pair,all,largest_cluster,562000.0,1.0339443944704652e-05,1.4622181853997694e-05,1778.6775827723613,7150.970071685522,3783.6208029308486,0.8,8.0,8.0,100.0,96,140,3,partner_consecutive_v2
G2_Wcluster_alhx700,$\mathrm{Hel}_{50}$,Cter_symmetric_BB_contact_survival,symmetric_nac_bb,Any 1 banded symmetric C-ter BB,chain_pair,all,largest_cluster,563000.0,1.0339443944704652e-05,1.4622181853997694e-05,1778.6775827723613,7150.970071685522,3783.6208029308486,0.8,8.0,8.0,100.0,96,140,3,partner_consecutive_v2
G2_Wcluster_alhx700,$\mathrm{Hel}_{50}$,Cter_symmetric_BB_contact_survival,symmetric_nac_bb,Any 1 banded symmetric C-ter BB,chain_pair,all,largest_cluster,564000.0,1.0339443944704652e-05,1.4622181853997694e-05,1778.6775827723613,7150.970071685522,3783.6208029308486,0.8,8.0,8.0,100.0,96,140,3,partner_consecutive_v2
G2_Wcluster_alhx700,$\mathrm{Hel}_{50}$,Cter_symmetric_BB_contact_survival,symmetric_nac_bb,Any 1 banded symmetric C-ter BB,chain_pair,all,largest_cluster,565000.0,1.0339443944704652e-05,1.4622181853997694e-05,1778.6775827723613,7150.970071685522,3783.6208029308486,0.8,8.0,8.0,100.0,96,140,3,partner_consecutive_v2
G2_Wcluster_alhx700,$\mathrm{Hel}_{50}$,Cter_symmetric_BB_contact_survival,symmetric_nac_bb,Any 1 banded symmetric C-ter BB,chain_pair,all,largest_cluster,566000.0,1.0339443944704652e-05,1.4622181853997694e-05,1778.6775827723613,7150.970071685522,3783.6208029308486,0.8,8.0,8.0,100.0,96,140,3,partner_consecutive_v2
G2_Wcluster_alhx700,$\mathrm{Hel}_{50}$,Cter_symmetric_BB_contact_survival,symmetric_nac_bb,Any 1 banded symmetric C-ter BB,chain_pair,all,largest_cluster,567000.0,1.0339443944704652e-05,1.4622181853997694e-05,1778.6775827723613,7150.970071685522,3783.6208029308486,0.8,8.0,8.0,100.0,96,140,3,partner_consecutive_v2
G2_Wcluster_alhx700,$\mathrm{Hel}_{50}$,Cter_symmetric_BB_contact_survival,symmetric_nac_bb,Any 1 banded symmetric C-ter BB,chain_pair,all,largest_cluster,568000.0,1.0339443944704652e-05,1.4622181853997694e-05,1778.6775827723613,7150.970071685522,3783.6208029308486,0.8,8.0,8.0,100.0,96,140,3,partner_consecutive_v2
G2_Wcluster_alhx700,$\mathrm{Hel}_{50}$,Cter_symmetric_BB_contact_survival,symmetric_nac_bb,Any 1 banded symmetric C-ter BB,chain_pair,all,largest_cluster,569000.0,1.0339443944704652e-05,1.4622181853997694e-05,1778.6775827723613,7150.970071685522,3783.6208029308486,0.8,8.0,8.0,100.0,96,140,3,partner_consecutive_v2
G2_Wcluster_alhx700,$\mathrm{Hel}_{50}$,Cter_symmetric_BB_contact_survival,symmetric_nac_bb,Any 1 banded symmetric C-ter BB,chain_pair,all,largest_cluster,570000.0,1.0339443944704652e-05,1.4622181853997694e-05,1778.6775827723613,7150.970071685522,3783.6208029308486,0.8,8.0,8.0,100.0,96,140,3,partner_consecutive_v2
G2_Wcluster_alhx700,$\mathrm{Hel}_{50}$,Cter_symmetric_BB_contact_survival,symmetric_nac_bb,Any 1 banded symmetric C-ter BB,chain_pair,all,largest_cluster,571000.0,1.0339443944704652e-05,1.4622181853997694e-05,1778.6775827723613,7150.970071685522,3783.6208029308486,0.8,8.0,8.0,100.0,96,140,3,partner_consecutive_v2
G2_Wcluster_alhx700,$\mathrm{Hel}_{50}$,Cter_symmetric_BB_contact_survival,symmetric_nac_bb,Any 1 banded symmetric C-ter BB,chain_pair,all,largest_cluster,572000.0,1.0339443944704652e-05,1.4622181853997694e-05,1778.6775827723613,7150.970071685522,3783.6208029308486,0.8,8.0,8.0,100.0,96,140,3,partner_consecutive_v2
G2_Wcluster_alhx700,$\mathrm{Hel}_{50}$,Cter_symmetric_BB_contact_survival,symmetric_nac_bb,Any 1 banded symmetric C-ter BB,chain_pair,all,largest_cluster,573000.0,1.0339443944704652e-05,1.4622181853997694e-05,1778.6775827723613,7150.970071685522,3783.6208029308486,0.8,8.0,8.0,100.0,96,140,3,partner_consecutive_v2
G2_Wcluster_alhx700,$\mathrm{Hel}_{50}$,Cter_symmetric_BB_contact_survival,symmetric_nac_bb,Any 1 banded symmetric C-ter BB,chain_pair,all,largest_cluster,574000.0,1.0339443944704652e-05,1.4622181853997694e-05,1778.6775827723613,7150.970071685522,3783.6208029308486,0.8,8.0,8.0,100.0,96,140,3,partner_consecutive_v2
G2_Wcluster_alhx700,$\mathrm{Hel}_{50}$,Cter_symmetric_BB_contact_survival,symmetric_nac_bb,Any 1 banded symmetric C-ter BB,chain_pair,all,largest_cluster,575000.0,1.0339443944704652e-05,1.4622181853997694e-05,1778.6775827723613,7150.970071685522,3783.6208029308486,0.8,8.0,8.0,100.0,96,140,3,partner_consecutive_v2
G2_Wcluster_alhx700,$\mathrm{Hel}_{50}$,Cter_symmetric_BB_contact_survival,symmetric_nac_bb,Any 1 banded symmetric C-ter BB,chain_pair,all,largest_cluster,576000.0,1.0339443944704652e-05,1.4622181853997694e-05,1778.6775827723613,7150.970071685522,3783.6208029308486,0.8,8.0,8.0,100.0,96,140,3,partner_consecutive_v2
G2_Wcluster_alhx700,$\mathrm{Hel}_{50}$,Cter_symmetric_BB_contact_survival,symmetric_nac_bb,Any 1 banded symmetric C-ter BB,chain_pair,all,largest_cluster,577000.0,1.0339443944704652e-05,1.4622181853997694e-05,1778.6775827723613,7150.970071685522,3783.6208029308486,0.8,8.0,8.0,100.0,96,140,3,partner_consecutive_v2
G2_Wcluster_alhx700,$\mathrm{Hel}_{50}$,Cter_symmetric_BB_contact_survival,symmetric_nac_bb,Any 1 banded symmetric C-ter BB,chain_pair,all,largest_cluster,578000.0,1.0339443944704652e-05,1.4622181853997694e-05,1778.6775827723613,7150.970071685522,3783.6208029308486,0.8,8.0,8.0,100.0,96,140,3,partner_consecutive_v2
G2_Wcluster_alhx700,$\mathrm{Hel}_{50}$,Cter_symmetric_BB_contact_survival,symmetric_nac_bb,Any 1 banded symmetric C-ter BB,chain_pair,all,largest_cluster,579000.0,1.0339443944704652e-05,1.4622181853997694e-05,1778.6775827723613,7150.970071685522,3783.6208029308486,0.8,8.0,8.0,100.0,96,140,3,partner_consecutive_v2
G2_Wcluster_alhx700,$\mathrm{Hel}_{50}$,Cter_symmetric_BB_contact_survival,symmetric_nac_bb,Any 1 banded symmetric C-ter BB,chain_pair,all,largest_cluster,580000.0,1.0339443944704652e-05,1.4622181853997694e-05,1778.6775827723613,7150.970071685522,3783.6208029308486,0.8,8.0,8.0,100.0,96,140,3,partner_consecutive_v2
G2_Wcluster_alhx700,$\mathrm{Hel}_{50}$,Cter_symmetric_BB_contact_survival,symmetric_nac_bb,Any 1 banded symmetric C-ter BB,chain_pair,all,largest_cluster,581000.0,1.0339443944704652e-05,1.4622181853997694e-05,1778.6775827723613,7150.970071685522,3783.6208029308486,0.8,8.0,8.0,100.0,96,140,3,partner_consecutive_v2
G2_Wcluster_alhx700,$\mathrm{Hel}_{50}$,Cter_symmetric_BB_contact_survival,symmetric_nac_bb,Any 1 banded symmetric C-ter BB,chain_pair,all,largest_cluster,582000.0,1.0339443944704652e-05,1.4622181853997694e-05,1778.6775827723613,7150.970071685522,3783.6208029308486,0.8,8.0,8.0,100.0,96,140,3,partner_consecutive_v2
G2_Wcluster_alhx700,$\mathrm{Hel}_{50}$,Cter_symmetric_BB_contact_survival,symmetric_nac_bb,Any 1 banded symmetric C-ter BB,chain_pair,all,largest_cluster,583000.0,1.0339443944704652e-05,1.4622181853997694e-05,1778.6775827723613,7150.970071685522,3783.6208029308486,0.8,8.0,8.0,100.0,96,140,3,partner_consecutive_v2
G2_Wcluster_alhx700,$\mathrm{Hel}_{50}$,Cter_symmetric_BB_contact_survival,symmetric_nac_bb,Any 1 banded symmetric C-ter BB,chain_pair,all,largest_cluster,584000.0,1.0339443944704652e-05,1.4622181853997694e-05,1778.6775827723613,7150.970071685522,3783.6208029308486,0.8,8.0,8.0,100.0,96,140,3,partner_consecutive_v2
G2_Wcluster_alhx700,$\mathrm{Hel}_{50}$,Cter_symmetric_BB_contact_survival,symmetric_nac_bb,Any 1 banded symmetric C-ter BB,chain_pair,all,largest_cluster,585000.0,1.0339443944704652e-05,1.4622181853997694e-05,1778.6775827723613,7150.970071685522,3783.6208029308486,0.8,8.0,8.0,100.0,96,140,3,partner_consecutive_v2
G2_Wcluster_alhx700,$\mathrm{Hel}_{50}$,Cter_symmetric_BB_contact_survival,symmetric_nac_bb,Any 1 banded symmetric C-ter BB,chain_pair,all,largest_cluster,586000.0,1.0339443944704652e-05,1.4622181853997694e-05,1778.6775827723613,7150.970071685522,3783.6208029308486,0.8,8.0,8.0,100.0,96,140,3,partner_consecutive_v2
G2_Wcluster_alhx700,$\mathrm{Hel}_{50}$,Cter_symmetric_BB_contact_survival,symmetric_nac_bb,Any 1 banded symmetric C-ter BB,chain_pair,all,largest_cluster,587000.0,1.0339443944704652e-05,1.4622181853997694e-05,1778.6775827723613,7150.970071685522,3783.6208029308486,0.8,8.0,8.0,100.0,96,140,3,partner_consecutive_v2
G2_Wcluster_alhx700,$\mathrm{Hel}_{50}$,Cter_symmetric_BB_contact_survival,symmetric_nac_bb,Any 1 banded symmetric C-ter BB,chain_pair,all,largest_cluster,588000.0,1.0339443944704652e-05,1.4622181853997694e-05,1778.6775827723613,7150.970071685522,3783.6208029308486,0.8,8.0,8.0,100.0,96,140,3,partner_consecutive_v2
G2_Wcluster_alhx700,$\mathrm{Hel}_{50}$,Cter_symmetric_BB_contact_survival,symmetric_nac_bb,Any 1 banded symmetric C-ter BB,chain_pair,all,largest_cluster,589000.0,1.0339443944704652e-05,1.4622181853997694e-05,1778.6775827723613,7150.970071685522,3783.6208029308486,0.8,8.0,8.0,100.0,96,140,3,partner_consecutive_v2
G2_Wcluster_alhx700,$\mathrm{Hel}_{50}$,Cter_symmetric_BB_contact_survival,symmetric_nac_bb,Any 1 banded symmetric C-ter BB,chain_pair,all,largest_cluster,590000.0,1.0339443944704652e-05,1.4622181853997694e-05,1778.6775827723613,7150.970071685522,3783.6208029308486,0.8,8.0,8.0,100.0,96,140,3,partner_consecutive_v2
G2_Wcluster_alhx700,$\mathrm{Hel}_{50}$,Cter_symmetric_BB_contact_survival,symmetric_nac_bb,Any 1 banded symmetric C-ter BB,chain_pair,all,largest_cluster,591000.0,1.0339443944704652e-05,1.4622181853997694e-05,1778.6775827723613,7150.970071685522,3783.6208029308486,0.8,8.0,8.0,100.0,96,140,3,partner_consecutive_v2
G2_Wcluster_alhx700,$\mathrm{Hel}_{50}$,Cter_symmetric_BB_contact_survival,symmetric_nac_bb,Any 1 banded symmetric C-ter BB,chain_pair,all,largest_cluster,592000.0,1.0339443944704652e-05,1.4622181853997694e-05,1778.6775827723613,7150.970071685522,3783.6208029308486,0.8,8.0,8.0,100.0,96,140,3,partner_consecutive_v2
G2_Wcluster_alhx700,$\mathrm{Hel}_{50}$,Cter_symmetric_BB_contact_survival,symmetric_nac_bb,Any 1 banded symmetric C-ter BB,chain_pair,all,largest_cluster,593000.0,1.0339443944704652e-05,1.4622181853997694e-05,1778.6775827723613,7150.970071685522,3783.6208029308486,0.8,8.0,8.0,100.0,96,140,3,partner_consecutive_v2
G2_Wcluster_alhx700,$\mathrm{Hel}_{50}$,Cter_symmetric_BB_contact_survival,symmetric_nac_bb,Any 1 banded symmetric C-ter BB,chain_pair,all,largest_cluster,594000.0,1.0339443944704652e-05,1.4622181853997694e-05,1778.6775827723613,7150.970071685522,3783.6208029308486,0.8,8.0,8.0,100.0,96,140,3,partner_consecutive_v2
G2_Wcluster_alhx700,$\mathrm{Hel}_{50}$,Cter_symmetric_BB_contact_survival,symmetric_nac_bb,Any 1 banded symmetric C-ter BB,chain_pair,all,largest_cluster,595000.0,1.0339443944704652e-05,1.4622181853997694e-05,1778.6775827723613,7150.970071685522,3783.6208029308486,0.8,8.0,8.0,100.0,96,140,3,partner_consecutive_v2
G2_Wcluster_alhx700,$\mathrm{Hel}_{50}$,Cter_symmetric_BB_contact_survival,symmetric_nac_bb,Any 1 banded symmetric C-ter BB,chain_pair,all,largest_cluster,596000.0,1.0339443944704652e-05,1.4622181853997694e-05,1778.6775827723613,7150.970071685522,3783.6208029308486,0.8,8.0,8.0,100.0,96,140,3,partner_consecutive_v2
G2_Wcluster_alhx700,$\mathrm{Hel}_{50}$,Cter_symmetric_BB_contact_survival,symmetric_nac_bb,Any 1 banded symmetric C-ter BB,chain_pair,all,largest_cluster,597000.0,1.0339443944704652e-05,1.4622181853997694e-05,1778.6775827723613,7150.970071685522,3783.6208029308486,0.8,8.0,8.0,100.0,96,140,3,partner_consecutive_v2
G2_Wcluster_alhx700,$\mathrm{Hel}_{50}$,Cter_symmetric_BB_contact_survival,symmetric_nac_bb,Any 1 banded symmetric C-ter BB,chain_pair,all,largest_cluster,598000.0,1.0339443944704652e-05,1.4622181853997694e-05,1778.6775827723613,7150.970071685522,3783.6208029308486,0.8,8.0,8.0,100.0,96,140,3,partner_consecutive_v2
G2_Wcluster_alhx700,$\mathrm{Hel}_{50}$,Cter_symmetric_BB_contact_survival,symmetric_nac_bb,Any 1 banded symmetric C-ter BB,chain_pair,all,largest_cluster,599000.0,1.0339443944704652e-05,1.4622181853997694e-05,1778.6775827723613,7150.970071685522,3783.6208029308486,0.8,8.0,8.0,100.0,96,140,3,partner_consecutive_v2
G2_Wcluster_alhx700,$\mathrm{Hel}_{50}$,Cter_symmetric_BB_contact_survival,symmetric_nac_bb,Any 1 banded symmetric C-ter BB,chain_pair,all,largest_cluster,600000.0,1.0339443944704652e-05,1.4622181853997694e-05,1778.6775827723613,7150.970071685522,3783.6208029308486,0.8,8.0,8.0,100.0,96,140,3,partner_consecutive_v2
G2_Wcluster_alhx700,$\mathrm{Hel}_{50}$,Cter_symmetric_BB_contact_survival,symmetric_nac_bb,Any 1 banded symmetric C-ter BB,chain_pair,all,largest_cluster,601000.0,1.0339443944704652e-05,1.4622181853997694e-05,1778.6775827723613,7150.970071685522,3783.6208029308486,0.8,8.0,8.0,100.0,96,140,3,partner_consecutive_v2
G2_Wcluster_alhx700,$\mathrm{Hel}_{50}$,Cter_symmetric_BB_contact_survival,symmetric_nac_bb,Any 1 banded symmetric C-ter BB,chain_pair,all,largest_cluster,602000.0,1.0339443944704652e-05,1.4622181853997694e-05,1778.6775827723613,7150.970071685522,3783.6208029308486,0.8,8.0,8.0,100.0,96,140,3,partner_consecutive_v2
G2_Wcluster_alhx700,$\mathrm{Hel}_{50}$,Cter_symmetric_BB_contact_survival,symmetric_nac_bb,Any 1 banded symmetric C-ter BB,chain_pair,all,largest_cluster,603000.0,1.0339443944704652e-05,1.4622181853997694e-05,1778.6775827723613,7150.970071685522,3783.6208029308486,0.8,8.0,8.0,100.0,96,140,3,partner_consecutive_v2
G2_Wcluster_alhx700,$\mathrm{Hel}_{50}$,Cter_symmetric_BB_contact_survival,symmetric_nac_bb,Any 1 banded symmetric C-ter BB,chain_pair,all,largest_cluster,604000.0,1.0339443944704652e-05,1.4622181853997694e-05,1778.6775827723613,7150.970071685522,3783.6208029308486,0.8,8.0,8.0,100.0,96,140,3,partner_consecutive_v2
G2_Wcluster_alhx700,$\mathrm{Hel}_{50}$,Cter_symmetric_BB_contact_survival,symmetric_nac_bb,Any 1 banded symmetric C-ter BB,chain_pair,all,largest_cluster,605000.0,1.0339443944704652e-05,1.4622181853997694e-05,1778.6775827723613,7150.970071685522,3783.6208029308486,0.8,8.0,8.0,100.0,96,140,3,partner_consecutive_v2
G2_Wcluster_alhx700,$\mathrm{Hel}_{50}$,Cter_symmetric_BB_contact_survival,symmetric_nac_bb,Any 1 banded symmetric C-ter BB,chain_pair,all,largest_cluster,606000.0,1.0339443944704652e-05,1.4622181853997694e-05,1778.6775827723613,7150.970071685522,3783.6208029308486,0.8,8.0,8.0,100.0,96,140,3,partner_consecutive_v2
G2_Wcluster_alhx700,$\mathrm{Hel}_{50}$,Cter_symmetric_BB_contact_survival,symmetric_nac_bb,Any 1 banded symmetric C-ter BB,chain_pair,all,largest_cluster,607000.0,1.0339443944704652e-05,1.4622181853997694e-05,1778.6775827723613,7150.970071685522,3783.6208029308486,0.8,8.0,8.0,100.0,96,140,3,partner_consecutive_v2
G2_Wcluster_alhx700,$\mathrm{Hel}_{50}$,Cter_symmetric_BB_contact_survival,symmetric_nac_bb,Any 1 banded symmetric C-ter BB,chain_pair,all,largest_cluster,608000.0,1.0339443944704652e-05,1.4622181853997694e-05,1778.6775827723613,7150.970071685522,3783.6208029308486,0.8,8.0,8.0,100.0,96,140,3,partner_consecutive_v2
G2_Wcluster_alhx700,$\mathrm{Hel}_{50}$,Cter_symmetric_BB_contact_survival,symmetric_nac_bb,Any 1 banded symmetric C-ter BB,chain_pair,all,largest_cluster,609000.0,1.0339443944704652e-05,1.4622181853997694e-05,1778.6775827723613,7150.970071685522,3783.6208029308486,0.8,8.0,8.0,100.0,96,140,3,partner_consecutive_v2
G2_Wcluster_alhx700,$\mathrm{Hel}_{50}$,Cter_symmetric_BB_contact_survival,symmetric_nac_bb,Any 1 banded symmetric C-ter BB,chain_pair,all,largest_cluster,610000.0,1.0339443944704652e-05,1.4622181853997694e-05,1778.6775827723613,7150.970071685522,3783.6208029308486,0.8,8.0,8.0,100.0,96,140,3,partner_consecutive_v2
G2_Wcluster_alhx700,$\mathrm{Hel}_{50}$,Cter_symmetric_BB_contact_survival,symmetric_nac_bb,Any 1 banded symmetric C-ter BB,chain_pair,all,largest_cluster,611000.0,1.0339443944704652e-05,1.4622181853997694e-05,1778.6775827723613,7150.970071685522,3783.6208029308486,0.8,8.0,8.0,100.0,96,140,3,partner_consecutive_v2
G2_Wcluster_alhx700,$\mathrm{Hel}_{50}$,Cter_symmetric_BB_contact_survival,symmetric_nac_bb,Any 1 banded symmetric C-ter BB,chain_pair,all,largest_cluster,612000.0,1.0339443944704652e-05,1.4622181853997694e-05,1778.6775827723613,7150.970071685522,3783.6208029308486,0.8,8.0,8.0,100.0,96,140,3,partner_consecutive_v2
G2_Wcluster_alhx700,$\mathrm{Hel}_{50}$,Cter_symmetric_BB_contact_survival,symmetric_nac_bb,Any 1 banded symmetric C-ter BB,chain_pair,all,largest_cluster,613000.0,1.0339443944704652e-05,1.4622181853997694e-05,1778.6775827723613,7150.970071685522,3783.6208029308486,0.8,8.0,8.0,100.0,96,140,3,partner_consecutive_v2
G2_Wcluster_alhx700,$\mathrm{Hel}_{50}$,Cter_symmetric_BB_contact_survival,symmetric_nac_bb,Any 1 banded symmetric C-ter BB,chain_pair,all,largest_cluster,614000.0,1.0339443944704652e-05,1.4622181853997694e-05,1778.6775827723613,7150.970071685522,3783.6208029308486,0.8,8.0,8.0,100.0,96,140,3,partner_consecutive_v2
G2_Wcluster_alhx700,$\mathrm{Hel}_{50}$,Cter_symmetric_BB_contact_survival,symmetric_nac_bb,Any 1 banded symmetric C-ter BB,chain_pair,all,largest_cluster,615000.0,1.0339443944704652e-05,1.4622181853997694e-05,1778.6775827723613,7150.970071685522,3783.6208029308486,0.8,8.0,8.0,100.0,96,140,3,partner_consecutive_v2
G2_Wcluster_alhx700,$\mathrm{Hel}_{50}$,Cter_symmetric_BB_contact_survival,symmetric_nac_bb,Any 1 banded symmetric C-ter BB,chain_pair,all,largest_cluster,616000.0,1.0339443944704652e-05,1.4622181853997694e-05,1778.6775827723613,7150.970071685522,3783.6208029308486,0.8,8.0,8.0,100.0,96,140,3,partner_consecutive_v2
G2_Wcluster_alhx700,$\mathrm{Hel}_{50}$,Cter_symmetric_BB_contact_survival,symmetric_nac_bb,Any 1 banded symmetric C-ter BB,chain_pair,all,largest_cluster,617000.0,1.0339443944704652e-05,1.4622181853997694e-05,1778.6775827723613,7150.970071685522,3783.6208029308486,0.8,8.0,8.0,100.0,96,140,3,partner_consecutive_v2
G2_Wcluster_alhx700,$\mathrm{Hel}_{50}$,Cter_symmetric_BB_contact_survival,symmetric_nac_bb,Any 1 banded symmetric C-ter BB,chain_pair,all,largest_cluster,618000.0,1.0339443944704652e-05,1.4622181853997694e-05,1778.6775827723613,7150.970071685522,3783.6208029308486,0.8,8.0,8.0,100.0,96,140,3,partner_consecutive_v2
G2_Wcluster_alhx700,$\mathrm{Hel}_{50}$,Cter_symmetric_BB_contact_survival,symmetric_nac_bb,Any 1 banded symmetric C-ter BB,chain_pair,all,largest_cluster,619000.0,1.0339443944704652e-05,1.4622181853997694e-05,1778.6775827723613,7150.970071685522,3783.6208029308486,0.8,8.0,8.0,100.0,96,140,3,partner_consecutive_v2
G2_Wcluster_alhx700,$\mathrm{Hel}_{50}$,Cter_symmetric_BB_contact_survival,symmetric_nac_bb,Any 1 banded symmetric C-ter BB,chain_pair,all,largest_cluster,620000.0,1.0339443944704652e-05,1.4622181853997694e-05,1778.6775827723613,7150.970071685522,3783.6208029308486,0.8,8.0,8.0,100.0,96,140,3,partner_consecutive_v2
G2_Wcluster_alhx700,$\mathrm{Hel}_{50}$,Cter_symmetric_BB_contact_survival,symmetric_nac_bb,Any 1 banded symmetric C-ter BB,chain_pair,all,largest_cluster,621000.0,1.0339443944704652e-05,1.4622181853997694e-05,1778.6775827723613,7150.970071685522,3783.6208029308486,0.8,8.0,8.0,100.0,96,140,3,partner_consecutive_v2
G2_Wcluster_alhx700,$\mathrm{Hel}_{50}$,Cter_symmetric_BB_contact_survival,symmetric_nac_bb,Any 1 banded symmetric C-ter BB,chain_pair,all,largest_cluster,622000.0,1.0339443944704652e-05,1.4622181853997694e-05,1778.6775827723613,7150.970071685522,3783.6208029308486,0.8,8.0,8.0,100.0,96,140,3,partner_consecutive_v2
G2_Wcluster_alhx700,$\mathrm{Hel}_{50}$,Cter_symmetric_BB_contact_survival,symmetric_nac_bb,Any 1 banded symmetric C-ter BB,chain_pair,all,largest_cluster,623000.0,1.0339443944704652e-05,1.4622181853997694e-05,1778.6775827723613,7150.970071685522,3783.6208029308486,0.8,8.0,8.0,100.0,96,140,3,partner_consecutive_v2
G2_Wcluster_alhx700,$\mathrm{Hel}_{50}$,Cter_symmetric_BB_contact_survival,symmetric_nac_bb,Any 1 banded symmetric C-ter BB,chain_pair,all,largest_cluster,624000.0,1.0339443944704652e-05,1.4622181853997694e-05,1778.6775827723613,7150.970071685522,3783.6208029308486,0.8,8.0,8.0,100.0,96,140,3,partner_consecutive_v2
G2_Wcluster_alhx700,$\mathrm{Hel}_{50}$,Cter_symmetric_BB_contact_survival,symmetric_nac_bb,Any 1 banded symmetric C-ter BB,chain_pair,all,largest_cluster,625000.0,1.0339443944704652e-05,1.4622181853997694e-05,1778.6775827723613,7150.970071685522,3783.6208029308486,0.8,8.0,8.0,100.0,96,140,3,partner_consecutive_v2
G2_Wcluster_alhx700,$\mathrm{Hel}_{50}$,Cter_symmetric_BB_contact_survival,symmetric_nac_bb,Any 1 banded symmetric C-ter BB,chain_pair,all,largest_cluster,626000.0,1.0339443944704652e-05,1.4622181853997694e-05,1778.6775827723613,7150.970071685522,3783.6208029308486,0.8,8.0,8.0,100.0,96,140,3,partner_consecutive_v2
G2_Wcluster_alhx700,$\mathrm{Hel}_{50}$,Cter_symmetric_BB_contact_survival,symmetric_nac_bb,Any 1 banded symmetric C-ter BB,chain_pair,all,largest_cluster,627000.0,1.0339443944704652e-05,1.4622181853997694e-05,1778.6775827723613,7150.970071685522,3783.6208029308486,0.8,8.0,8.0,100.0,96,140,3,partner_consecutive_v2
G2_Wcluster_alhx700,$\mathrm{Hel}_{50}$,Cter_symmetric_BB_contact_survival,symmetric_nac_bb,Any 1 banded symmetric C-ter BB,chain_pair,all,largest_cluster,628000.0,1.0339443944704652e-05,1.4622181853997694e-05,1778.6775827723613,7150.970071685522,3783.6208029308486,0.8,8.0,8.0,100.0,96,140,3,partner_consecutive_v2
G2_Wcluster_alhx700,$\mathrm{Hel}_{50}$,Cter_symmetric_BB_contact_survival,symmetric_nac_bb,Any 1 banded symmetric C-ter BB,chain_pair,all,largest_cluster,629000.0,1.0339443944704652e-05,1.4622181853997694e-05,1778.6775827723613,7150.970071685522,3783.6208029308486,0.8,8.0,8.0,100.0,96,140,3,partner_consecutive_v2
G2_Wcluster_alhx700,$\mathrm{Hel}_{50}$,Cter_symmetric_BB_contact_survival,symmetric_nac_bb,Any 1 banded symmetric C-ter BB,chain_pair,all,largest_cluster,630000.0,1.0339443944704652e-05,1.4622181853997694e-05,1778.6775827723613,7150.970071685522,3783.6208029308486,0.8,8.0,8.0,100.0,96,140,3,partner_consecutive_v2
G2_Wcluster_alhx700,$\mathrm{Hel}_{50}$,Cter_symmetric_BB_contact_survival,symmetric_nac_bb,Any 1 banded symmetric C-ter BB,chain_pair,all,largest_cluster,631000.0,1.0339443944704652e-05,1.4622181853997694e-05,1778.6775827723613,7150.970071685522,3783.6208029308486,0.8,8.0,8.0,100.0,96,140,3,partner_consecutive_v2
G2_Wcluster_alhx700,$\mathrm{Hel}_{50}$,Cter_symmetric_BB_contact_survival,symmetric_nac_bb,Any 1 banded symmetric C-ter BB,chain_pair,all,largest_cluster,632000.0,1.0339443944704652e-05,1.4622181853997694e-05,1778.6775827723613,7150.970071685522,3783.6208029308486,0.8,8.0,8.0,100.0,96,140,3,partner_consecutive_v2
G2_Wcluster_alhx700,$\mathrm{Hel}_{50}$,Cter_symmetric_BB_contact_survival,symmetric_nac_bb,Any 1 banded symmetric C-ter BB,chain_pair,all,largest_cluster,633000.0,1.0339443944704652e-05,1.4622181853997694e-05,1778.6775827723613,7150.970071685522,3783.6208029308486,0.8,8.0,8.0,100.0,96,140,3,partner_consecutive_v2
G2_Wcluster_alhx700,$\mathrm{Hel}_{50}$,Cter_symmetric_BB_contact_survival,symmetric_nac_bb,Any 1 banded symmetric C-ter BB,chain_pair,all,largest_cluster,634000.0,1.0339443944704652e-05,1.4622181853997694e-05,1778.6775827723613,7150.970071685522,3783.6208029308486,0.8,8.0,8.0,100.0,96,140,3,partner_consecutive_v2
G2_Wcluster_alhx700,$\mathrm{Hel}_{50}$,Cter_symmetric_BB_contact_survival,symmetric_nac_bb,Any 1 banded symmetric C-ter BB,chain_pair,all,largest_cluster,635000.0,1.0339443944704652e-05,1.4622181853997694e-05,1778.6775827723613,7150.970071685522,3783.6208029308486,0.8,8.0,8.0,100.0,96,140,3,partner_consecutive_v2
G2_Wcluster_alhx700,$\mathrm{Hel}_{50}$,Cter_symmetric_BB_contact_survival,symmetric_nac_bb,Any 1 banded symmetric C-ter BB,chain_pair,all,largest_cluster,636000.0,1.0339443944704652e-05,1.4622181853997694e-05,1778.6775827723613,7150.970071685522,3783.6208029308486,0.8,8.0,8.0,100.0,96,140,3,partner_consecutive_v2
G2_Wcluster_alhx700,$\mathrm{Hel}_{50}$,Cter_symmetric_BB_contact_survival,symmetric_nac_bb,Any 1 banded symmetric C-ter BB,chain_pair,all,largest_cluster,637000.0,1.0339443944704652e-05,1.4622181853997694e-05,1778.6775827723613,7150.970071685522,3783.6208029308486,0.8,8.0,8.0,100.0,96,140,3,partner_consecutive_v2
G2_Wcluster_alhx700,$\mathrm{Hel}_{50}$,Cter_symmetric_BB_contact_survival,symmetric_nac_bb,Any 1 banded symmetric C-ter BB,chain_pair,all,largest_cluster,638000.0,1.0339443944704652e-05,1.4622181853997694e-05,1778.6775827723613,7150.970071685522,3783.6208029308486,0.8,8.0,8.0,100.0,96,140,3,partner_consecutive_v2
G2_Wcluster_alhx700,$\mathrm{Hel}_{50}$,Cter_symmetric_BB_contact_survival,symmetric_nac_bb,Any 1 banded symmetric C-ter BB,chain_pair,all,largest_cluster,639000.0,1.0339443944704652e-05,1.4622181853997694e-05,1778.6775827723613,7150.970071685522,3783.6208029308486,0.8,8.0,8.0,100.0,96,140,3,partner_consecutive_v2
G2_Wcluster_alhx700,$\mathrm{Hel}_{50}$,Cter_symmetric_BB_contact_survival,symmetric_nac_bb,Any 1 banded symmetric C-ter BB,chain_pair,all,largest_cluster,640000.0,1.0339443944704652e-05,1.4622181853997694e-05,1778.6775827723613,7150.970071685522,3783.6208029308486,0.8,8.0,8.0,100.0,96,140,3,partner_consecutive_v2
G2_Wcluster_alhx700,$\mathrm{Hel}_{50}$,Cter_symmetric_BB_contact_survival,symmetric_nac_bb,Any 1 banded symmetric C-ter BB,chain_pair,all,largest_cluster,641000.0,1.0339443944704652e-05,1.4622181853997694e-05,1778.6775827723613,7150.970071685522,3783.6208029308486,0.8,8.0,8.0,100.0,96,140,3,partner_consecutive_v2
G2_Wcluster_alhx700,$\mathrm{Hel}_{50}$,Cter_symmetric_BB_contact_survival,symmetric_nac_bb,Any 1 banded symmetric C-ter BB,chain_pair,all,largest_cluster,642000.0,1.0339443944704652e-05,1.4622181853997694e-05,1778.6775827723613,7150.970071685522,3783.6208029308486,0.8,8.0,8.0,100.0,96,140,3,partner_consecutive_v2
G2_Wcluster_alhx700,$\mathrm{Hel}_{50}$,Cter_symmetric_BB_contact_survival,symmetric_nac_bb,Any 1 banded symmetric C-ter BB,chain_pair,all,largest_cluster,643000.0,1.0339443944704652e-05,1.4622181853997694e-05,1778.6775827723613,7150.970071685522,3783.6208029308486,0.8,8.0,8.0,100.0,96,140,3,partner_consecutive_v2
G2_Wcluster_alhx700,$\mathrm{Hel}_{50}$,Cter_symmetric_BB_contact_survival,symmetric_nac_bb,Any 1 banded symmetric C-ter BB,chain_pair,all,largest_cluster,644000.0,1.0339443944704652e-05,1.4622181853997694e-05,1778.6775827723613,7150.970071685522,3783.6208029308486,0.8,8.0,8.0,100.0,96,140,3,partner_consecutive_v2
G2_Wcluster_alhx700,$\mathrm{Hel}_{50}$,Cter_symmetric_BB_contact_survival,symmetric_nac_bb,Any 1 banded symmetric C-ter BB,chain_pair,all,largest_cluster,645000.0,1.0339443944704652e-05,1.4622181853997694e-05,1778.6775827723613,7150.970071685522,3783.6208029308486,0.8,8.0,8.0,100.0,96,140,3,partner_consecutive_v2
G2_Wcluster_alhx700,$\mathrm{Hel}_{50}$,Cter_symmetric_BB_contact_survival,symmetric_nac_bb,Any 1 banded symmetric C-ter BB,chain_pair,all,largest_cluster,646000.0,1.0339443944704652e-05,1.4622181853997694e-05,1778.6775827723613,7150.970071685522,3783.6208029308486,0.8,8.0,8.0,100.0,96,140,3,partner_consecutive_v2
G2_Wcluster_alhx700,$\mathrm{Hel}_{50}$,Cter_symmetric_BB_contact_survival,symmetric_nac_bb,Any 1 banded symmetric C-ter BB,chain_pair,all,largest_cluster,647000.0,1.0339443944704652e-05,1.4622181853997694e-05,1778.6775827723613,7150.970071685522,3783.6208029308486,0.8,8.0,8.0,100.0,96,140,3,partner_consecutive_v2
G2_Wcluster_alhx700,$\mathrm{Hel}_{50}$,Cter_symmetric_BB_contact_survival,symmetric_nac_bb,Any 1 banded symmetric C-ter BB,chain_pair,all,largest_cluster,648000.0,1.0339443944704652e-05,1.4622181853997694e-05,1778.6775827723613,7150.970071685522,3783.6208029308486,0.8,8.0,8.0,100.0,96,140,3,partner_consecutive_v2
G2_Wcluster_alhx700,$\mathrm{Hel}_{50}$,Cter_symmetric_BB_contact_survival,symmetric_nac_bb,Any 1 banded symmetric C-ter BB,chain_pair,all,largest_cluster,649000.0,1.0339443944704652e-05,1.4622181853997694e-05,1778.6775827723613,7150.970071685522,3783.6208029308486,0.8,8.0,8.0,100.0,96,140,3,partner_consecutive_v2
G2_Wcluster_alhx700,$\mathrm{Hel}_{50}$,Cter_symmetric_BB_contact_survival,symmetric_nac_bb,Any 1 banded symmetric C-ter BB,chain_pair,all,largest_cluster,650000.0,1.0339443944704652e-05,1.4622181853997694e-05,1778.6775827723613,7150.970071685522,3783.6208029308486,0.8,8.0,8.0,100.0,96,140,3,partner_consecutive_v2
G2_Wcluster_alhx700,$\mathrm{Hel}_{50}$,Cter_symmetric_BB_contact_survival,symmetric_nac_bb,Any 1 banded symmetric C-ter BB,chain_pair,all,largest_cluster,651000.0,1.0339443944704652e-05,1.4622181853997694e-05,1778.6775827723613,7150.970071685522,3783.6208029308486,0.8,8.0,8.0,100.0,96,140,3,partner_consecutive_v2
G2_Wcluster_alhx700,$\mathrm{Hel}_{50}$,Cter_symmetric_BB_contact_survival,symmetric_nac_bb,Any 1 banded symmetric C-ter BB,chain_pair,all,largest_cluster,652000.0,1.0339443944704652e-05,1.4622181853997694e-05,1778.6775827723613,7150.970071685522,3783.6208029308486,0.8,8.0,8.0,100.0,96,140,3,partner_consecutive_v2
G2_Wcluster_alhx700,$\mathrm{Hel}_{50}$,Cter_symmetric_BB_contact_survival,symmetric_nac_bb,Any 1 banded symmetric C-ter BB,chain_pair,all,largest_cluster,653000.0,1.0339443944704652e-05,1.4622181853997694e-05,1778.6775827723613,7150.970071685522,3783.6208029308486,0.8,8.0,8.0,100.0,96,140,3,partner_consecutive_v2
G2_Wcluster_alhx700,$\mathrm{Hel}_{50}$,Cter_symmetric_BB_contact_survival,symmetric_nac_bb,Any 1 banded symmetric C-ter BB,chain_pair,all,largest_cluster,654000.0,1.0339443944704652e-05,1.4622181853997694e-05,1778.6775827723613,7150.970071685522,3783.6208029308486,0.8,8.0,8.0,100.0,96,140,3,partner_consecutive_v2
G2_Wcluster_alhx700,$\mathrm{Hel}_{50}$,Cter_symmetric_BB_contact_survival,symmetric_nac_bb,Any 1 banded symmetric C-ter BB,chain_pair,all,largest_cluster,655000.0,1.0339443944704652e-05,1.4622181853997694e-05,1778.6775827723613,7150.970071685522,3783.6208029308486,0.8,8.0,8.0,100.0,96,140,3,partner_consecutive_v2
G2_Wcluster_alhx700,$\mathrm{Hel}_{50}$,Cter_symmetric_BB_contact_survival,symmetric_nac_bb,Any 1 banded symmetric C-ter BB,chain_pair,all,largest_cluster,656000.0,1.0339443944704652e-05,1.4622181853997694e-05,1778.6775827723613,7150.970071685522,3783.6208029308486,0.8,8.0,8.0,100.0,96,140,3,partner_consecutive_v2
G2_Wcluster_alhx700,$\mathrm{Hel}_{50}$,Cter_symmetric_BB_contact_survival,symmetric_nac_bb,Any 1 banded symmetric C-ter BB,chain_pair,all,largest_cluster,657000.0,1.0339443944704652e-05,1.4622181853997694e-05,1778.6775827723613,7150.970071685522,3783.6208029308486,0.8,8.0,8.0,100.0,96,140,3,partner_consecutive_v2
G2_Wcluster_alhx700,$\mathrm{Hel}_{50}$,Cter_symmetric_BB_contact_survival,symmetric_nac_bb,Any 1 banded symmetric C-ter BB,chain_pair,all,largest_cluster,658000.0,1.0339443944704652e-05,1.4622181853997694e-05,1778.6775827723613,7150.970071685522,3783.6208029308486,0.8,8.0,8.0,100.0,96,140,3,partner_consecutive_v2
G2_Wcluster_alhx700,$\mathrm{Hel}_{50}$,Cter_symmetric_BB_contact_survival,symmetric_nac_bb,Any 1 banded symmetric C-ter BB,chain_pair,all,largest_cluster,659000.0,1.0339443944704652e-05,1.4622181853997694e-05,1778.6775827723613,7150.970071685522,3783.6208029308486,0.8,8.0,8.0,100.0,96,140,3,partner_consecutive_v2
G2_Wcluster_alhx700,$\mathrm{Hel}_{50}$,Cter_symmetric_BB_contact_survival,symmetric_nac_bb,Any 1 banded symmetric C-ter BB,chain_pair,all,largest_cluster,660000.0,1.0339443944704652e-05,1.4622181853997694e-05,1778.6775827723613,7150.970071685522,3783.6208029308486,0.8,8.0,8.0,100.0,96,140,3,partner_consecutive_v2
G2_Wcluster_alhx700,$\mathrm{Hel}_{50}$,Cter_symmetric_BB_contact_survival,symmetric_nac_bb,Any 1 banded symmetric C-ter BB,chain_pair,all,largest_cluster,661000.0,1.0339443944704652e-05,1.4622181853997694e-05,1778.6775827723613,7150.970071685522,3783.6208029308486,0.8,8.0,8.0,100.0,96,140,3,partner_consecutive_v2
G2_Wcluster_alhx700,$\mathrm{Hel}_{50}$,Cter_symmetric_BB_contact_survival,symmetric_nac_bb,Any 1 banded symmetric C-ter BB,chain_pair,all,largest_cluster,662000.0,1.0339443944704652e-05,1.4622181853997694e-05,1778.6775827723613,7150.970071685522,3783.6208029308486,0.8,8.0,8.0,100.0,96,140,3,partner_consecutive_v2
G2_Wcluster_alhx700,$\mathrm{Hel}_{50}$,Cter_symmetric_BB_contact_survival,symmetric_nac_bb,Any 1 banded symmetric C-ter BB,chain_pair,all,largest_cluster,663000.0,1.0339443944704652e-05,1.4622181853997694e-05,1778.6775827723613,7150.970071685522,3783.6208029308486,0.8,8.0,8.0,100.0,96,140,3,partner_consecutive_v2
G2_Wcluster_alhx700,$\mathrm{Hel}_{50}$,Cter_symmetric_BB_contact_survival,symmetric_nac_bb,Any 1 banded symmetric C-ter BB,chain_pair,all,largest_cluster,664000.0,1.0339443944704652e-05,1.4622181853997694e-05,1778.6775827723613,7150.970071685522,3783.6208029308486,0.8,8.0,8.0,100.0,96,140,3,partner_consecutive_v2
G2_Wcluster_alhx700,$\mathrm{Hel}_{50}$,Cter_symmetric_BB_contact_survival,symmetric_nac_bb,Any 1 banded symmetric C-ter BB,chain_pair,all,largest_cluster,665000.0,1.0339443944704652e-05,1.4622181853997694e-05,1778.6775827723613,7150.970071685522,3783.6208029308486,0.8,8.0,8.0,100.0,96,140,3,partner_consecutive_v2
G2_Wcluster_alhx700,$\mathrm{Hel}_{50}$,Cter_symmetric_BB_contact_survival,symmetric_nac_bb,Any 1 banded symmetric C-ter BB,chain_pair,all,largest_cluster,666000.0,1.0339443944704652e-05,1.4622181853997694e-05,1778.6775827723613,7150.970071685522,3783.6208029308486,0.8,8.0,8.0,100.0,96,140,3,partner_consecutive_v2
G2_Wcluster_alhx700,$\mathrm{Hel}_{50}$,Cter_symmetric_BB_contact_survival,symmetric_nac_bb,Any 1 banded symmetric C-ter BB,chain_pair,all,largest_cluster,667000.0,1.0339443944704652e-05,1.4622181853997694e-05,1778.6775827723613,7150.970071685522,3783.6208029308486,0.8,8.0,8.0,100.0,96,140,3,partner_consecutive_v2
G2_Wcluster_alhx700,$\mathrm{Hel}_{50}$,Cter_symmetric_BB_contact_survival,symmetric_nac_bb,Any 1 banded symmetric C-ter BB,chain_pair,all,largest_cluster,668000.0,1.0339443944704652e-05,1.4622181853997694e-05,1778.6775827723613,7150.970071685522,3783.6208029308486,0.8,8.0,8.0,100.0,96,140,3,partner_consecutive_v2
G2_Wcluster_alhx700,$\mathrm{Hel}_{50}$,Cter_symmetric_BB_contact_survival,symmetric_nac_bb,Any 1 banded symmetric C-ter BB,chain_pair,all,largest_cluster,669000.0,1.0339443944704652e-05,1.4622181853997694e-05,1778.6775827723613,7150.970071685522,3783.6208029308486,0.8,8.0,8.0,100.0,96,140,3,partner_consecutive_v2
G2_Wcluster_alhx700,$\mathrm{Hel}_{50}$,Cter_symmetric_BB_contact_survival,symmetric_nac_bb,Any 1 banded symmetric C-ter BB,chain_pair,all,largest_cluster,670000.0,1.0339443944704652e-05,1.4622181853997694e-05,1778.6775827723613,7150.970071685522,3783.6208029308486,0.8,8.0,8.0,100.0,96,140,3,partner_consecutive_v2
G2_Wcluster_alhx700,$\mathrm{Hel}_{50}$,Cter_symmetric_BB_contact_survival,symmetric_nac_bb,Any 1 banded symmetric C-ter BB,chain_pair,all,largest_cluster,671000.0,1.0339443944704652e-05,1.4622181853997694e-05,1778.6775827723613,7150.970071685522,3783.6208029308486,0.8,8.0,8.0,100.0,96,140,3,partner_consecutive_v2
G2_Wcluster_alhx700,$\mathrm{Hel}_{50}$,Cter_symmetric_BB_contact_survival,symmetric_nac_bb,Any 1 banded symmetric C-ter BB,chain_pair,all,largest_cluster,672000.0,1.0339443944704652e-05,1.4622181853997694e-05,1778.6775827723613,7150.970071685522,3783.6208029308486,0.8,8.0,8.0,100.0,96,140,3,partner_consecutive_v2
G2_Wcluster_alhx700,$\mathrm{Hel}_{50}$,Cter_symmetric_BB_contact_survival,symmetric_nac_bb,Any 1 banded symmetric C-ter BB,chain_pair,all,largest_cluster,673000.0,1.0339443944704652e-05,1.4622181853997694e-05,1778.6775827723613,7150.970071685522,3783.6208029308486,0.8,8.0,8.0,100.0,96,140,3,partner_consecutive_v2
G2_Wcluster_alhx700,$\mathrm{Hel}_{50}$,Cter_symmetric_BB_contact_survival,symmetric_nac_bb,Any 1 banded symmetric C-ter BB,chain_pair,all,largest_cluster,674000.0,1.0339443944704652e-05,1.4622181853997694e-05,1778.6775827723613,7150.970071685522,3783.6208029308486,0.8,8.0,8.0,100.0,96,140,3,partner_consecutive_v2
G2_Wcluster_alhx700,$\mathrm{Hel}_{50}$,Cter_symmetric_BB_contact_survival,symmetric_nac_bb,Any 1 banded symmetric C-ter BB,chain_pair,all,largest_cluster,675000.0,1.0339443944704652e-05,1.4622181853997694e-05,1778.6775827723613,7150.970071685522,3783.6208029308486,0.8,8.0,8.0,100.0,96,140,3,partner_consecutive_v2
G2_Wcluster_alhx700,$\mathrm{Hel}_{50}$,Cter_symmetric_BB_contact_survival,symmetric_nac_bb,Any 1 banded symmetric C-ter BB,chain_pair,all,largest_cluster,676000.0,1.0339443944704652e-05,1.4622181853997694e-05,1778.6775827723613,7150.970071685522,3783.6208029308486,0.8,8.0,8.0,100.0,96,140,3,partner_consecutive_v2
G2_Wcluster_alhx700,$\mathrm{Hel}_{50}$,Cter_symmetric_BB_contact_survival,symmetric_nac_bb,Any 1 banded symmetric C-ter BB,chain_pair,all,largest_cluster,677000.0,1.0339443944704652e-05,1.4622181853997694e-05,1778.6775827723613,7150.970071685522,3783.6208029308486,0.8,8.0,8.0,100.0,96,140,3,partner_consecutive_v2
G2_Wcluster_alhx700,$\mathrm{Hel}_{50}$,Cter_symmetric_BB_contact_survival,symmetric_nac_bb,Any 1 banded symmetric C-ter BB,chain_pair,all,largest_cluster,678000.0,1.0339443944704652e-05,1.4622181853997694e-05,1778.6775827723613,7150.970071685522,3783.6208029308486,0.8,8.0,8.0,100.0,96,140,3,partner_consecutive_v2
G2_Wcluster_alhx700,$\mathrm{Hel}_{50}$,Cter_symmetric_BB_contact_survival,symmetric_nac_bb,Any 1 banded symmetric C-ter BB,chain_pair,all,largest_cluster,679000.0,1.0339443944704652e-05,1.4622181853997694e-05,1778.6775827723613,7150.970071685522,3783.6208029308486,0.8,8.0,8.0,100.0,96,140,3,partner_consecutive_v2
G2_Wcluster_alhx700,$\mathrm{Hel}_{50}$,Cter_symmetric_BB_contact_survival,symmetric_nac_bb,Any 1 banded symmetric C-ter BB,chain_pair,all,largest_cluster,680000.0,1.0339443944704652e-05,1.4622181853997694e-05,1778.6775827723613,7150.970071685522,3783.6208029308486,0.8,8.0,8.0,100.0,96,140,3,partner_consecutive_v2
G2_Wcluster_alhx700,$\mathrm{Hel}_{50}$,Cter_symmetric_BB_contact_survival,symmetric_nac_bb,Any 1 banded symmetric C-ter BB,chain_pair,all,largest_cluster,681000.0,1.0339443944704652e-05,1.4622181853997694e-05,1778.6775827723613,7150.970071685522,3783.6208029308486,0.8,8.0,8.0,100.0,96,140,3,partner_consecutive_v2
G2_Wcluster_alhx700,$\mathrm{Hel}_{50}$,Cter_symmetric_BB_contact_survival,symmetric_nac_bb,Any 1 banded symmetric C-ter BB,chain_pair,all,largest_cluster,682000.0,1.0339443944704652e-05,1.4622181853997694e-05,1778.6775827723613,7150.970071685522,3783.6208029308486,0.8,8.0,8.0,100.0,96,140,3,partner_consecutive_v2
G2_Wcluster_alhx700,$\mathrm{Hel}_{50}$,Cter_symmetric_BB_contact_survival,symmetric_nac_bb,Any 1 banded symmetric C-ter BB,chain_pair,all,largest_cluster,683000.0,1.0339443944704652e-05,1.4622181853997694e-05,1778.6775827723613,7150.970071685522,3783.6208029308486,0.8,8.0,8.0,100.0,96,140,3,partner_consecutive_v2
G2_Wcluster_alhx700,$\mathrm{Hel}_{50}$,Cter_symmetric_BB_contact_survival,symmetric_nac_bb,Any 1 banded symmetric C-ter BB,chain_pair,all,largest_cluster,684000.0,1.0339443944704652e-05,1.4622181853997694e-05,1778.6775827723613,7150.970071685522,3783.6208029308486,0.8,8.0,8.0,100.0,96,140,3,partner_consecutive_v2
G2_Wcluster_alhx700,$\mathrm{Hel}_{50}$,Cter_symmetric_BB_contact_survival,symmetric_nac_bb,Any 1 banded symmetric C-ter BB,chain_pair,all,largest_cluster,685000.0,1.0339443944704652e-05,1.4622181853997694e-05,1778.6775827723613,7150.970071685522,3783.6208029308486,0.8,8.0,8.0,100.0,96,140,3,partner_consecutive_v2
G2_Wcluster_alhx700,$\mathrm{Hel}_{50}$,Cter_symmetric_BB_contact_survival,symmetric_nac_bb,Any 1 banded symmetric C-ter BB,chain_pair,all,largest_cluster,686000.0,1.0339443944704652e-05,1.4622181853997694e-05,1778.6775827723613,7150.970071685522,3783.6208029308486,0.8,8.0,8.0,100.0,96,140,3,partner_consecutive_v2
G2_Wcluster_alhx700,$\mathrm{Hel}_{50}$,Cter_symmetric_BB_contact_survival,symmetric_nac_bb,Any 1 banded symmetric C-ter BB,chain_pair,all,largest_cluster,687000.0,1.0339443944704652e-05,1.4622181853997694e-05,1778.6775827723613,7150.970071685522,3783.6208029308486,0.8,8.0,8.0,100.0,96,140,3,partner_consecutive_v2
G2_Wcluster_alhx700,$\mathrm{Hel}_{50}$,Cter_symmetric_BB_contact_survival,symmetric_nac_bb,Any 1 banded symmetric C-ter BB,chain_pair,all,largest_cluster,688000.0,1.0339443944704652e-05,1.4622181853997694e-05,1778.6775827723613,7150.970071685522,3783.6208029308486,0.8,8.0,8.0,100.0,96,140,3,partner_consecutive_v2
G2_Wcluster_alhx700,$\mathrm{Hel}_{50}$,Cter_symmetric_BB_contact_survival,symmetric_nac_bb,Any 1 banded symmetric C-ter BB,chain_pair,all,largest_cluster,689000.0,1.0339443944704652e-05,1.4622181853997694e-05,1778.6775827723613,7150.970071685522,3783.6208029308486,0.8,8.0,8.0,100.0,96,140,3,partner_consecutive_v2
G2_Wcluster_alhx700,$\mathrm{Hel}_{50}$,Cter_symmetric_BB_contact_survival,symmetric_nac_bb,Any 1 banded symmetric C-ter BB,chain_pair,all,largest_cluster,690000.0,1.0339443944704652e-05,1.4622181853997694e-05,1778.6775827723613,7150.970071685522,3783.6208029308486,0.8,8.0,8.0,100.0,96,140,3,partner_consecutive_v2
G2_Wcluster_alhx700,$\mathrm{Hel}_{50}$,Cter_symmetric_BB_contact_survival,symmetric_nac_bb,Any 1 banded symmetric C-ter BB,chain_pair,all,largest_cluster,691000.0,1.0339443944704652e-05,1.4622181853997694e-05,1778.6775827723613,7150.970071685522,3783.6208029308486,0.8,8.0,8.0,100.0,96,140,3,partner_consecutive_v2
G2_Wcluster_alhx700,$\mathrm{Hel}_{50}$,Cter_symmetric_BB_contact_survival,symmetric_nac_bb,Any 1 banded symmetric C-ter BB,chain_pair,all,largest_cluster,692000.0,1.0339443944704652e-05,1.4622181853997694e-05,1778.6775827723613,7150.970071685522,3783.6208029308486,0.8,8.0,8.0,100.0,96,140,3,partner_consecutive_v2
G2_Wcluster_alhx700,$\mathrm{Hel}_{50}$,Cter_symmetric_BB_contact_survival,symmetric_nac_bb,Any 1 banded symmetric C-ter BB,chain_pair,all,largest_cluster,693000.0,1.0339443944704652e-05,1.4622181853997694e-05,1778.6775827723613,7150.970071685522,3783.6208029308486,0.8,8.0,8.0,100.0,96,140,3,partner_consecutive_v2
G2_Wcluster_alhx700,$\mathrm{Hel}_{50}$,Cter_symmetric_BB_contact_survival,symmetric_nac_bb,Any 1 banded symmetric C-ter BB,chain_pair,all,largest_cluster,694000.0,1.0339443944704652e-05,1.4622181853997694e-05,1778.6775827723613,7150.970071685522,3783.6208029308486,0.8,8.0,8.0,100.0,96,140,3,partner_consecutive_v2
G2_Wcluster_alhx700,$\mathrm{Hel}_{50}$,Cter_symmetric_BB_contact_survival,symmetric_nac_bb,Any 1 banded symmetric C-ter BB,chain_pair,all,largest_cluster,695000.0,1.0339443944704652e-05,1.4622181853997694e-05,1778.6775827723613,7150.970071685522,3783.6208029308486,0.8,8.0,8.0,100.0,96,140,3,partner_consecutive_v2
G2_Wcluster_alhx700,$\mathrm{Hel}_{50}$,Cter_symmetric_BB_contact_survival,symmetric_nac_bb,Any 1 banded symmetric C-ter BB,chain_pair,all,largest_cluster,696000.0,1.0339443944704652e-05,1.4622181853997694e-05,1778.6775827723613,7150.970071685522,3783.6208029308486,0.8,8.0,8.0,100.0,96,140,3,partner_consecutive_v2
G2_Wcluster_alhx700,$\mathrm{Hel}_{50}$,Cter_symmetric_BB_contact_survival,symmetric_nac_bb,Any 1 banded symmetric C-ter BB,chain_pair,all,largest_cluster,697000.0,1.0339443944704652e-05,1.4622181853997694e-05,1778.6775827723613,7150.970071685522,3783.6208029308486,0.8,8.0,8.0,100.0,96,140,3,partner_consecutive_v2
G2_Wcluster_alhx700,$\mathrm{Hel}_{50}$,Cter_symmetric_BB_contact_survival,symmetric_nac_bb,Any 1 banded symmetric C-ter BB,chain_pair,all,largest_cluster,698000.0,1.0339443944704652e-05,1.4622181853997694e-05,1778.6775827723613,7150.970071685522,3783.6208029308486,0.8,8.0,8.0,100.0,96,140,3,partner_consecutive_v2
G2_Wcluster_alhx700,$\mathrm{Hel}_{50}$,Cter_symmetric_BB_contact_survival,symmetric_nac_bb,Any 1 banded symmetric C-ter BB,chain_pair,all,largest_cluster,699000.0,1.0339443944704652e-05,1.4622181853997694e-05,1778.6775827723613,7150.970071685522,3783.6208029308486,0.8,8.0,8.0,100.0,96,140,3,partner_consecutive_v2
G2_Wcluster_alhx700,$\mathrm{Hel}_{50}$,Cter_symmetric_BB_contact_survival,symmetric_nac_bb,Any 1 banded symmetric C-ter BB,chain_pair,all,largest_cluster,700000.0,1.0339443944704652e-05,1.4622181853997694e-05,1778.6775827723613,7150.970071685522,3783.6208029308486,0.8,8.0,8.0,100.0,96,140,3,partner_consecutive_v2
G2_Wcluster_alhx700,$\mathrm{Hel}_{50}$,Cter_symmetric_BB_contact_survival,symmetric_nac_bb,Any 1 banded symmetric C-ter BB,chain_pair,all,largest_cluster,701000.0,1.0339443944704652e-05,1.4622181853997694e-05,1778.6775827723613,7150.970071685522,3783.6208029308486,0.8,8.0,8.0,100.0,96,140,3,partner_consecutive_v2
G2_Wcluster_alhx700,$\mathrm{Hel}_{50}$,Cter_symmetric_BB_contact_survival,symmetric_nac_bb,Any 1 banded symmetric C-ter BB,chain_pair,all,largest_cluster,702000.0,1.0339443944704652e-05,1.4622181853997694e-05,1778.6775827723613,7150.970071685522,3783.6208029308486,0.8,8.0,8.0,100.0,96,140,3,partner_consecutive_v2
G2_Wcluster_alhx700,$\mathrm{Hel}_{50}$,Cter_symmetric_BB_contact_survival,symmetric_nac_bb,Any 1 banded symmetric C-ter BB,chain_pair,all,largest_cluster,703000.0,1.0339443944704652e-05,1.4622181853997694e-05,1778.6775827723613,7150.970071685522,3783.6208029308486,0.8,8.0,8.0,100.0,96,140,3,partner_consecutive_v2
G2_Wcluster_alhx700,$\mathrm{Hel}_{50}$,Cter_symmetric_BB_contact_survival,symmetric_nac_bb,Any 1 banded symmetric C-ter BB,chain_pair,all,largest_cluster,704000.0,1.0339443944704652e-05,1.4622181853997694e-05,1778.6775827723613,7150.970071685522,3783.6208029308486,0.8,8.0,8.0,100.0,96,140,3,partner_consecutive_v2
G2_Wcluster_alhx700,$\mathrm{Hel}_{50}$,Cter_symmetric_BB_contact_survival,symmetric_nac_bb,Any 1 banded symmetric C-ter BB,chain_pair,all,largest_cluster,705000.0,1.0339443944704652e-05,1.4622181853997694e-05,1778.6775827723613,7150.970071685522,3783.6208029308486,0.8,8.0,8.0,100.0,96,140,3,partner_consecutive_v2
G2_Wcluster_alhx700,$\mathrm{Hel}_{50}$,Cter_symmetric_BB_contact_survival,symmetric_nac_bb,Any 1 banded symmetric C-ter BB,chain_pair,all,largest_cluster,706000.0,1.0339443944704652e-05,1.4622181853997694e-05,1778.6775827723613,7150.970071685522,3783.6208029308486,0.8,8.0,8.0,100.0,96,140,3,partner_consecutive_v2
G2_Wcluster_alhx700,$\mathrm{Hel}_{50}$,Cter_symmetric_BB_contact_survival,symmetric_nac_bb,Any 1 banded symmetric C-ter BB,chain_pair,all,largest_cluster,707000.0,1.0339443944704652e-05,1.4622181853997694e-05,1778.6775827723613,7150.970071685522,3783.6208029308486,0.8,8.0,8.0,100.0,96,140,3,partner_consecutive_v2
G2_Wcluster_alhx700,$\mathrm{Hel}_{50}$,Cter_symmetric_BB_contact_survival,symmetric_nac_bb,Any 1 banded symmetric C-ter BB,chain_pair,all,largest_cluster,708000.0,1.0339443944704652e-05,1.4622181853997694e-05,1778.6775827723613,7150.970071685522,3783.6208029308486,0.8,8.0,8.0,100.0,96,140,3,partner_consecutive_v2
G2_Wcluster_alhx700,$\mathrm{Hel}_{50}$,Cter_symmetric_BB_contact_survival,symmetric_nac_bb,Any 1 banded symmetric C-ter BB,chain_pair,all,largest_cluster,709000.0,1.0339443944704652e-05,1.4622181853997694e-05,1778.6775827723613,7150.970071685522,3783.6208029308486,0.8,8.0,8.0,100.0,96,140,3,partner_consecutive_v2
G2_Wcluster_alhx700,$\mathrm{Hel}_{50}$,Cter_symmetric_BB_contact_survival,symmetric_nac_bb,Any 1 banded symmetric C-ter BB,chain_pair,all,largest_cluster,710000.0,1.0339443944704652e-05,1.4622181853997694e-05,1778.6775827723613,7150.970071685522,3783.6208029308486,0.8,8.0,8.0,100.0,96,140,3,partner_consecutive_v2
G2_Wcluster_alhx700,$\mathrm{Hel}_{50}$,Cter_symmetric_BB_contact_survival,symmetric_nac_bb,Any 1 banded symmetric C-ter BB,chain_pair,all,largest_cluster,711000.0,1.0339443944704652e-05,1.4622181853997694e-05,1778.6775827723613,7150.970071685522,3783.6208029308486,0.8,8.0,8.0,100.0,96,140,3,partner_consecutive_v2
G2_Wcluster_alhx700,$\mathrm{Hel}_{50}$,Cter_symmetric_BB_contact_survival,symmetric_nac_bb,Any 1 banded symmetric C-ter BB,chain_pair,all,largest_cluster,712000.0,1.0339443944704652e-05,1.4622181853997694e-05,1778.6775827723613,7150.970071685522,3783.6208029308486,0.8,8.0,8.0,100.0,96,140,3,partner_consecutive_v2
G2_Wcluster_alhx700,$\mathrm{Hel}_{50}$,Cter_symmetric_BB_contact_survival,symmetric_nac_bb,Any 1 banded symmetric C-ter BB,chain_pair,all,largest_cluster,713000.0,1.0339443944704652e-05,1.4622181853997694e-05,1778.6775827723613,7150.970071685522,3783.6208029308486,0.8,8.0,8.0,100.0,96,140,3,partner_consecutive_v2
G2_Wcluster_alhx700,$\mathrm{Hel}_{50}$,Cter_symmetric_BB_contact_survival,symmetric_nac_bb,Any 1 banded symmetric C-ter BB,chain_pair,all,largest_cluster,714000.0,1.0339443944704652e-05,1.4622181853997694e-05,1778.6775827723613,7150.970071685522,3783.6208029308486,0.8,8.0,8.0,100.0,96,140,3,partner_consecutive_v2
G2_Wcluster_alhx700,$\mathrm{Hel}_{50}$,Cter_symmetric_BB_contact_survival,symmetric_nac_bb,Any 1 banded symmetric C-ter BB,chain_pair,all,largest_cluster,715000.0,1.0339443944704652e-05,1.4622181853997694e-05,1778.6775827723613,7150.970071685522,3783.6208029308486,0.8,8.0,8.0,100.0,96,140,3,partner_consecutive_v2
G2_Wcluster_alhx700,$\mathrm{Hel}_{50}$,Cter_symmetric_BB_contact_survival,symmetric_nac_bb,Any 1 banded symmetric C-ter BB,chain_pair,all,largest_cluster,716000.0,1.0339443944704652e-05,1.4622181853997694e-05,1778.6775827723613,7150.970071685522,3783.6208029308486,0.8,8.0,8.0,100.0,96,140,3,partner_consecutive_v2
G2_Wcluster_alhx700,$\mathrm{Hel}_{50}$,Cter_symmetric_BB_contact_survival,symmetric_nac_bb,Any 1 banded symmetric C-ter BB,chain_pair,all,largest_cluster,717000.0,1.0339443944704652e-05,1.4622181853997694e-05,1778.6775827723613,7150.970071685522,3783.6208029308486,0.8,8.0,8.0,100.0,96,140,3,partner_consecutive_v2
G2_Wcluster_alhx700,$\mathrm{Hel}_{50}$,Cter_symmetric_BB_contact_survival,symmetric_nac_bb,Any 1 banded symmetric C-ter BB,chain_pair,all,largest_cluster,718000.0,1.0339443944704652e-05,1.4622181853997694e-05,1778.6775827723613,7150.970071685522,3783.6208029308486,0.8,8.0,8.0,100.0,96,140,3,partner_consecutive_v2
G2_Wcluster_alhx700,$\mathrm{Hel}_{50}$,Cter_symmetric_BB_contact_survival,symmetric_nac_bb,Any 1 banded symmetric C-ter BB,chain_pair,all,largest_cluster,719000.0,1.0339443944704652e-05,1.4622181853997694e-05,1778.6775827723613,7150.970071685522,3783.6208029308486,0.8,8.0,8.0,100.0,96,140,3,partner_consecutive_v2
G2_Wcluster_alhx700,$\mathrm{Hel}_{50}$,Cter_symmetric_BB_contact_survival,symmetric_nac_bb,Any 1 banded symmetric C-ter BB,chain_pair,all,largest_cluster,720000.0,1.0339443944704652e-05,1.4622181853997694e-05,1778.6775827723613,7150.970071685522,3783.6208029308486,0.8,8.0,8.0,100.0,96,140,3,partner_consecutive_v2
G2_Wcluster_alhx700,$\mathrm{Hel}_{50}$,Cter_symmetric_BB_contact_survival,symmetric_nac_bb,Any 1 banded symmetric C-ter BB,chain_pair,all,largest_cluster,721000.0,1.0339443944704652e-05,1.4622181853997694e-05,1778.6775827723613,7150.970071685522,3783.6208029308486,0.8,8.0,8.0,100.0,96,140,3,partner_consecutive_v2
G2_Wcluster_alhx700,$\mathrm{Hel}_{50}$,Cter_symmetric_BB_contact_survival,symmetric_nac_bb,Any 1 banded symmetric C-ter BB,chain_pair,all,largest_cluster,722000.0,1.0339443944704652e-05,1.4622181853997694e-05,1778.6775827723613,7150.970071685522,3783.6208029308486,0.8,8.0,8.0,100.0,96,140,3,partner_consecutive_v2
G2_Wcluster_alhx700,$\mathrm{Hel}_{50}$,Cter_symmetric_BB_contact_survival,symmetric_nac_bb,Any 1 banded symmetric C-ter BB,chain_pair,all,largest_cluster,723000.0,1.0339443944704652e-05,1.4622181853997694e-05,1778.6775827723613,7150.970071685522,3783.6208029308486,0.8,8.0,8.0,100.0,96,140,3,partner_consecutive_v2
G2_Wcluster_alhx700,$\mathrm{Hel}_{50}$,Cter_symmetric_BB_contact_survival,symmetric_nac_bb,Any 1 banded symmetric C-ter BB,chain_pair,all,largest_cluster,724000.0,1.0339443944704652e-05,1.4622181853997694e-05,1778.6775827723613,7150.970071685522,3783.6208029308486,0.8,8.0,8.0,100.0,96,140,3,partner_consecutive_v2
G2_Wcluster_alhx700,$\mathrm{Hel}_{50}$,Cter_symmetric_BB_contact_survival,symmetric_nac_bb,Any 1 banded symmetric C-ter BB,chain_pair,all,largest_cluster,725000.0,1.0339443944704652e-05,1.4622181853997694e-05,1778.6775827723613,7150.970071685522,3783.6208029308486,0.8,8.0,8.0,100.0,96,140,3,partner_consecutive_v2
G2_Wcluster_alhx700,$\mathrm{Hel}_{50}$,Cter_symmetric_BB_contact_survival,symmetric_nac_bb,Any 1 banded symmetric C-ter BB,chain_pair,all,largest_cluster,726000.0,1.0339443944704652e-05,1.4622181853997694e-05,1778.6775827723613,7150.970071685522,3783.6208029308486,0.8,8.0,8.0,100.0,96,140,3,partner_consecutive_v2
G2_Wcluster_alhx700,$\mathrm{Hel}_{50}$,Cter_symmetric_BB_contact_survival,symmetric_nac_bb,Any 1 banded symmetric C-ter BB,chain_pair,all,largest_cluster,727000.0,1.0339443944704652e-05,1.4622181853997694e-05,1778.6775827723613,7150.970071685522,3783.6208029308486,0.8,8.0,8.0,100.0,96,140,3,partner_consecutive_v2
G2_Wcluster_alhx700,$\mathrm{Hel}_{50}$,Cter_symmetric_BB_contact_survival,symmetric_nac_bb,Any 1 banded symmetric C-ter BB,chain_pair,all,largest_cluster,728000.0,1.0339443944704652e-05,1.4622181853997694e-05,1778.6775827723613,7150.970071685522,3783.6208029308486,0.8,8.0,8.0,100.0,96,140,3,partner_consecutive_v2
G2_Wcluster_alhx700,$\mathrm{Hel}_{50}$,Cter_symmetric_BB_contact_survival,symmetric_nac_bb,Any 1 banded symmetric C-ter BB,chain_pair,all,largest_cluster,729000.0,1.0339443944704652e-05,1.4622181853997694e-05,1778.6775827723613,7150.970071685522,3783.6208029308486,0.8,8.0,8.0,100.0,96,140,3,partner_consecutive_v2
G2_Wcluster_alhx700,$\mathrm{Hel}_{50}$,Cter_symmetric_BB_contact_survival,symmetric_nac_bb,Any 1 banded symmetric C-ter BB,chain_pair,all,largest_cluster,730000.0,1.0339443944704652e-05,1.4622181853997694e-05,1778.6775827723613,7150.970071685522,3783.6208029308486,0.8,8.0,8.0,100.0,96,140,3,partner_consecutive_v2
G2_Wcluster_alhx700,$\mathrm{Hel}_{50}$,Cter_symmetric_BB_contact_survival,symmetric_nac_bb,Any 1 banded symmetric C-ter BB,chain_pair,all,largest_cluster,731000.0,1.0339443944704652e-05,1.4622181853997694e-05,1778.6775827723613,7150.970071685522,3783.6208029308486,0.8,8.0,8.0,100.0,96,140,3,partner_consecutive_v2
G2_Wcluster_alhx700,$\mathrm{Hel}_{50}$,Cter_symmetric_BB_contact_survival,symmetric_nac_bb,Any 1 banded symmetric C-ter BB,chain_pair,all,largest_cluster,732000.0,1.0339443944704652e-05,1.4622181853997694e-05,1778.6775827723613,7150.970071685522,3783.6208029308486,0.8,8.0,8.0,100.0,96,140,3,partner_consecutive_v2
G2_Wcluster_alhx700,$\mathrm{Hel}_{50}$,Cter_symmetric_BB_contact_survival,symmetric_nac_bb,Any 1 banded symmetric C-ter BB,chain_pair,all,largest_cluster,733000.0,1.0339443944704652e-05,1.4622181853997694e-05,1778.6775827723613,7150.970071685522,3783.6208029308486,0.8,8.0,8.0,100.0,96,140,3,partner_consecutive_v2
G2_Wcluster_alhx700,$\mathrm{Hel}_{50}$,Cter_symmetric_BB_contact_survival,symmetric_nac_bb,Any 1 banded symmetric C-ter BB,chain_pair,all,largest_cluster,734000.0,1.0339443944704652e-05,1.4622181853997694e-05,1778.6775827723613,7150.970071685522,3783.6208029308486,0.8,8.0,8.0,100.0,96,140,3,partner_consecutive_v2
G2_Wcluster_alhx700,$\mathrm{Hel}_{50}$,Cter_symmetric_BB_contact_survival,symmetric_nac_bb,Any 1 banded symmetric C-ter BB,chain_pair,all,largest_cluster,735000.0,1.0339443944704652e-05,1.4622181853997694e-05,1778.6775827723613,7150.970071685522,3783.6208029308486,0.8,8.0,8.0,100.0,96,140,3,partner_consecutive_v2
G2_Wcluster_alhx700,$\mathrm{Hel}_{50}$,Cter_symmetric_BB_contact_survival,symmetric_nac_bb,Any 1 banded symmetric C-ter BB,chain_pair,all,largest_cluster,736000.0,1.0339443944704652e-05,1.4622181853997694e-05,1778.6775827723613,7150.970071685522,3783.6208029308486,0.8,8.0,8.0,100.0,96,140,3,partner_consecutive_v2
G2_Wcluster_alhx700,$\mathrm{Hel}_{50}$,Cter_symmetric_BB_contact_survival,symmetric_nac_bb,Any 1 banded symmetric C-ter BB,chain_pair,all,largest_cluster,737000.0,1.0339443944704652e-05,1.4622181853997694e-05,1778.6775827723613,7150.970071685522,3783.6208029308486,0.8,8.0,8.0,100.0,96,140,3,partner_consecutive_v2
G2_Wcluster_alhx700,$\mathrm{Hel}_{50}$,Cter_symmetric_BB_contact_survival,symmetric_nac_bb,Any 1 banded symmetric C-ter BB,chain_pair,all,largest_cluster,738000.0,1.0339443944704652e-05,1.4622181853997694e-05,1778.6775827723613,7150.970071685522,3783.6208029308486,0.8,8.0,8.0,100.0,96,140,3,partner_consecutive_v2
G2_Wcluster_alhx700,$\mathrm{Hel}_{50}$,Cter_symmetric_BB_contact_survival,symmetric_nac_bb,Any 1 banded symmetric C-ter BB,chain_pair,all,largest_cluster,739000.0,1.0339443944704652e-05,1.4622181853997694e-05,1778.6775827723613,7150.970071685522,3783.6208029308486,0.8,8.0,8.0,100.0,96,140,3,partner_consecutive_v2
G2_Wcluster_alhx700,$\mathrm{Hel}_{50}$,Cter_symmetric_BB_contact_survival,symmetric_nac_bb,Any 1 banded symmetric C-ter BB,chain_pair,all,largest_cluster,740000.0,1.0339443944704652e-05,1.4622181853997694e-05,1778.6775827723613,7150.970071685522,3783.6208029308486,0.8,8.0,8.0,100.0,96,140,3,partner_consecutive_v2
G2_Wcluster_alhx700,$\mathrm{Hel}_{50}$,Cter_symmetric_BB_contact_survival,symmetric_nac_bb,Any 1 banded symmetric C-ter BB,chain_pair,all,largest_cluster,741000.0,1.0339443944704652e-05,1.4622181853997694e-05,1778.6775827723613,7150.970071685522,3783.6208029308486,0.8,8.0,8.0,100.0,96,140,3,partner_consecutive_v2
G2_Wcluster_alhx700,$\mathrm{Hel}_{50}$,Cter_symmetric_BB_contact_survival,symmetric_nac_bb,Any 1 banded symmetric C-ter BB,chain_pair,all,largest_cluster,742000.0,1.0339443944704652e-05,1.4622181853997694e-05,1778.6775827723613,7150.970071685522,3783.6208029308486,0.8,8.0,8.0,100.0,96,140,3,partner_consecutive_v2
G2_Wcluster_alhx700,$\mathrm{Hel}_{50}$,Cter_symmetric_BB_contact_survival,symmetric_nac_bb,Any 1 banded symmetric C-ter BB,chain_pair,all,largest_cluster,743000.0,1.0339443944704652e-05,1.4622181853997694e-05,1778.6775827723613,7150.970071685522,3783.6208029308486,0.8,8.0,8.0,100.0,96,140,3,partner_consecutive_v2
G2_Wcluster_alhx700,$\mathrm{Hel}_{50}$,Cter_symmetric_BB_contact_survival,symmetric_nac_bb,Any 1 banded symmetric C-ter BB,chain_pair,all,largest_cluster,744000.0,1.0339443944704652e-05,1.4622181853997694e-05,1778.6775827723613,7150.970071685522,3783.6208029308486,0.8,8.0,8.0,100.0,96,140,3,partner_consecutive_v2
G2_Wcluster_alhx700,$\mathrm{Hel}_{50}$,Cter_symmetric_BB_contact_survival,symmetric_nac_bb,Any 1 banded symmetric C-ter BB,chain_pair,all,largest_cluster,745000.0,1.0339443944704652e-05,1.4622181853997694e-05,1778.6775827723613,7150.970071685522,3783.6208029308486,0.8,8.0,8.0,100.0,96,140,3,partner_consecutive_v2
G2_Wcluster_alhx700,$\mathrm{Hel}_{50}$,Cter_symmetric_BB_contact_survival,symmetric_nac_bb,Any 1 banded symmetric C-ter BB,chain_pair,all,largest_cluster,746000.0,1.0339443944704652e-05,1.4622181853997694e-05,1778.6775827723613,7150.970071685522,3783.6208029308486,0.8,8.0,8.0,100.0,96,140,3,partner_consecutive_v2
G2_Wcluster_alhx700,$\mathrm{Hel}_{50}$,Cter_symmetric_BB_contact_survival,symmetric_nac_bb,Any 1 banded symmetric C-ter BB,chain_pair,all,largest_cluster,747000.0,1.0339443944704652e-05,1.4622181853997694e-05,1778.6775827723613,7150.970071685522,3783.6208029308486,0.8,8.0,8.0,100.0,96,140,3,partner_consecutive_v2
G2_Wcluster_alhx700,$\mathrm{Hel}_{50}$,Cter_symmetric_BB_contact_survival,symmetric_nac_bb,Any 1 banded symmetric C-ter BB,chain_pair,all,largest_cluster,748000.0,1.0339443944704652e-05,1.4622181853997694e-05,1778.6775827723613,7150.970071685522,3783.6208029308486,0.8,8.0,8.0,100.0,96,140,3,partner_consecutive_v2
G2_Wcluster_alhx700,$\mathrm{Hel}_{50}$,Cter_symmetric_BB_contact_survival,symmetric_nac_bb,Any 1 banded symmetric C-ter BB,chain_pair,all,largest_cluster,749000.0,1.0339443944704652e-05,1.4622181853997694e-05,1778.6775827723613,7150.970071685522,3783.6208029308486,0.8,8.0,8.0,100.0,96,140,3,partner_consecutive_v2
G2_Wcluster_alhx700,$\mathrm{Hel}_{50}$,Cter_symmetric_BB_contact_survival,symmetric_nac_bb,Any 1 banded symmetric C-ter BB,chain_pair,all,largest_cluster,750000.0,1.0339443944704652e-05,1.4622181853997694e-05,1778.6775827723613,7150.970071685522,3783.6208029308486,0.8,8.0,8.0,100.0,96,140,3,partner_consecutive_v2
G2_Wcluster_alhx700,$\mathrm{Hel}_{50}$,Cter_symmetric_BB_contact_survival,symmetric_nac_bb,Any 1 banded symmetric C-ter BB,chain_pair,all,largest_cluster,751000.0,1.0339443944704652e-05,1.4622181853997694e-05,1778.6775827723613,7150.970071685522,3783.6208029308486,0.8,8.0,8.0,100.0,96,140,3,partner_consecutive_v2
G2_Wcluster_alhx700,$\mathrm{Hel}_{50}$,Cter_symmetric_BB_contact_survival,symmetric_nac_bb,Any 1 banded symmetric C-ter BB,chain_pair,all,largest_cluster,752000.0,1.0339443944704652e-05,1.4622181853997694e-05,1778.6775827723613,7150.970071685522,3783.6208029308486,0.8,8.0,8.0,100.0,96,140,3,partner_consecutive_v2
G2_Wcluster_alhx700,$\mathrm{Hel}_{50}$,Cter_symmetric_BB_contact_survival,symmetric_nac_bb,Any 1 banded symmetric C-ter BB,chain_pair,all,largest_cluster,753000.0,1.0339443944704652e-05,1.4622181853997694e-05,1778.6775827723613,7150.970071685522,3783.6208029308486,0.8,8.0,8.0,100.0,96,140,3,partner_consecutive_v2
G2_Wcluster_alhx700,$\mathrm{Hel}_{50}$,Cter_symmetric_BB_contact_survival,symmetric_nac_bb,Any 1 banded symmetric C-ter BB,chain_pair,all,largest_cluster,754000.0,1.0339443944704652e-05,1.4622181853997694e-05,1778.6775827723613,7150.970071685522,3783.6208029308486,0.8,8.0,8.0,100.0,96,140,3,partner_consecutive_v2
G2_Wcluster_alhx700,$\mathrm{Hel}_{50}$,Cter_symmetric_BB_contact_survival,symmetric_nac_bb,Any 1 banded symmetric C-ter BB,chain_pair,all,largest_cluster,755000.0,1.0339443944704652e-05,1.4622181853997694e-05,1778.6775827723613,7150.970071685522,3783.6208029308486,0.8,8.0,8.0,100.0,96,140,3,partner_consecutive_v2
G2_Wcluster_alhx700,$\mathrm{Hel}_{50}$,Cter_symmetric_BB_contact_survival,symmetric_nac_bb,Any 1 banded symmetric C-ter BB,chain_pair,all,largest_cluster,756000.0,1.0339443944704652e-05,1.4622181853997694e-05,1778.6775827723613,7150.970071685522,3783.6208029308486,0.8,8.0,8.0,100.0,96,140,3,partner_consecutive_v2
G2_Wcluster_alhx700,$\mathrm{Hel}_{50}$,Cter_symmetric_BB_contact_survival,symmetric_nac_bb,Any 1 banded symmetric C-ter BB,chain_pair,all,largest_cluster,757000.0,1.0339443944704652e-05,1.4622181853997694e-05,1778.6775827723613,7150.970071685522,3783.6208029308486,0.8,8.0,8.0,100.0,96,140,3,partner_consecutive_v2
G2_Wcluster_alhx700,$\mathrm{Hel}_{50}$,Cter_symmetric_BB_contact_survival,symmetric_nac_bb,Any 1 banded symmetric C-ter BB,chain_pair,all,largest_cluster,758000.0,1.0339443944704652e-05,1.4622181853997694e-05,1778.6775827723613,7150.970071685522,3783.6208029308486,0.8,8.0,8.0,100.0,96,140,3,partner_consecutive_v2
G2_Wcluster_alhx700,$\mathrm{Hel}_{50}$,Cter_symmetric_BB_contact_survival,symmetric_nac_bb,Any 1 banded symmetric C-ter BB,chain_pair,all,largest_cluster,759000.0,1.0339443944704652e-05,1.4622181853997694e-05,1778.6775827723613,7150.970071685522,3783.6208029308486,0.8,8.0,8.0,100.0,96,140,3,partner_consecutive_v2
G2_Wcluster_alhx700,$\mathrm{Hel}_{50}$,Cter_symmetric_BB_contact_survival,symmetric_nac_bb,Any 1 banded symmetric C-ter BB,chain_pair,all,largest_cluster,760000.0,1.0339443944704652e-05,1.4622181853997694e-05,1778.6775827723613,7150.970071685522,3783.6208029308486,0.8,8.0,8.0,100.0,96,140,3,partner_consecutive_v2
G2_Wcluster_alhx700,$\mathrm{Hel}_{50}$,Cter_symmetric_BB_contact_survival,symmetric_nac_bb,Any 1 banded symmetric C-ter BB,chain_pair,all,largest_cluster,761000.0,1.0339443944704652e-05,1.4622181853997694e-05,1778.6775827723613,7150.970071685522,3783.6208029308486,0.8,8.0,8.0,100.0,96,140,3,partner_consecutive_v2
G2_Wcluster_alhx700,$\mathrm{Hel}_{50}$,Cter_symmetric_BB_contact_survival,symmetric_nac_bb,Any 1 banded symmetric C-ter BB,chain_pair,all,largest_cluster,762000.0,1.0339443944704652e-05,1.4622181853997694e-05,1778.6775827723613,7150.970071685522,3783.6208029308486,0.8,8.0,8.0,100.0,96,140,3,partner_consecutive_v2
G2_Wcluster_alhx700,$\mathrm{Hel}_{50}$,Cter_symmetric_BB_contact_survival,symmetric_nac_bb,Any 1 banded symmetric C-ter BB,chain_pair,all,largest_cluster,763000.0,1.0339443944704652e-05,1.4622181853997694e-05,1778.6775827723613,7150.970071685522,3783.6208029308486,0.8,8.0,8.0,100.0,96,140,3,partner_consecutive_v2
G2_Wcluster_alhx700,$\mathrm{Hel}_{50}$,Cter_symmetric_BB_contact_survival,symmetric_nac_bb,Any 1 banded symmetric C-ter BB,chain_pair,all,largest_cluster,764000.0,1.0339443944704652e-05,1.4622181853997694e-05,1778.6775827723613,7150.970071685522,3783.6208029308486,0.8,8.0,8.0,100.0,96,140,3,partner_consecutive_v2
G2_Wcluster_alhx700,$\mathrm{Hel}_{50}$,Cter_symmetric_BB_contact_survival,symmetric_nac_bb,Any 1 banded symmetric C-ter BB,chain_pair,all,largest_cluster,765000.0,1.0339443944704652e-05,1.4622181853997694e-05,1778.6775827723613,7150.970071685522,3783.6208029308486,0.8,8.0,8.0,100.0,96,140,3,partner_consecutive_v2
G2_Wcluster_alhx700,$\mathrm{Hel}_{50}$,Cter_symmetric_BB_contact_survival,symmetric_nac_bb,Any 1 banded symmetric C-ter BB,chain_pair,all,largest_cluster,766000.0,1.0339443944704652e-05,1.4622181853997694e-05,1778.6775827723613,7150.970071685522,3783.6208029308486,0.8,8.0,8.0,100.0,96,140,3,partner_consecutive_v2
G2_Wcluster_alhx700,$\mathrm{Hel}_{50}$,Cter_symmetric_BB_contact_survival,symmetric_nac_bb,Any 1 banded symmetric C-ter BB,chain_pair,all,largest_cluster,767000.0,1.0339443944704652e-05,1.4622181853997694e-05,1778.6775827723613,7150.970071685522,3783.6208029308486,0.8,8.0,8.0,100.0,96,140,3,partner_consecutive_v2
G2_Wcluster_alhx700,$\mathrm{Hel}_{50}$,Cter_symmetric_BB_contact_survival,symmetric_nac_bb,Any 1 banded symmetric C-ter BB,chain_pair,all,largest_cluster,768000.0,1.0339443944704652e-05,1.4622181853997694e-05,1778.6775827723613,7150.970071685522,3783.6208029308486,0.8,8.0,8.0,100.0,96,140,3,partner_consecutive_v2
G2_Wcluster_alhx700,$\mathrm{Hel}_{50}$,Cter_symmetric_BB_contact_survival,symmetric_nac_bb,Any 1 banded symmetric C-ter BB,chain_pair,all,largest_cluster,769000.0,1.0339443944704652e-05,1.4622181853997694e-05,1778.6775827723613,7150.970071685522,3783.6208029308486,0.8,8.0,8.0,100.0,96,140,3,partner_consecutive_v2
G2_Wcluster_alhx700,$\mathrm{Hel}_{50}$,Cter_symmetric_BB_contact_survival,symmetric_nac_bb,Any 1 banded symmetric C-ter BB,chain_pair,all,largest_cluster,770000.0,1.0339443944704652e-05,1.4622181853997694e-05,1778.6775827723613,7150.970071685522,3783.6208029308486,0.8,8.0,8.0,100.0,96,140,3,partner_consecutive_v2
G2_Wcluster_alhx700,$\mathrm{Hel}_{50}$,Cter_symmetric_BB_contact_survival,symmetric_nac_bb,Any 1 banded symmetric C-ter BB,chain_pair,all,largest_cluster,771000.0,1.0339443944704652e-05,1.4622181853997694e-05,1778.6775827723613,7150.970071685522,3783.6208029308486,0.8,8.0,8.0,100.0,96,140,3,partner_consecutive_v2
G2_Wcluster_alhx700,$\mathrm{Hel}_{50}$,Cter_symmetric_BB_contact_survival,symmetric_nac_bb,Any 1 banded symmetric C-ter BB,chain_pair,all,largest_cluster,772000.0,1.0339443944704652e-05,1.4622181853997694e-05,1778.6775827723613,7150.970071685522,3783.6208029308486,0.8,8.0,8.0,100.0,96,140,3,partner_consecutive_v2
G2_Wcluster_alhx700,$\mathrm{Hel}_{50}$,Cter_symmetric_BB_contact_survival,symmetric_nac_bb,Any 1 banded symmetric C-ter BB,chain_pair,all,largest_cluster,773000.0,1.0339443944704652e-05,1.4622181853997694e-05,1778.6775827723613,7150.970071685522,3783.6208029308486,0.8,8.0,8.0,100.0,96,140,3,partner_consecutive_v2
G2_Wcluster_alhx700,$\mathrm{Hel}_{50}$,Cter_symmetric_BB_contact_survival,symmetric_nac_bb,Any 1 banded symmetric C-ter BB,chain_pair,all,largest_cluster,774000.0,1.0339443944704652e-05,1.4622181853997694e-05,1778.6775827723613,7150.970071685522,3783.6208029308486,0.8,8.0,8.0,100.0,96,140,3,partner_consecutive_v2
G2_Wcluster_alhx700,$\mathrm{Hel}_{50}$,Cter_symmetric_BB_contact_survival,symmetric_nac_bb,Any 1 banded symmetric C-ter BB,chain_pair,all,largest_cluster,775000.0,1.0339443944704652e-05,1.4622181853997694e-05,1778.6775827723613,7150.970071685522,3783.6208029308486,0.8,8.0,8.0,100.0,96,140,3,partner_consecutive_v2
G2_Wcluster_alhx700,$\mathrm{Hel}_{50}$,Cter_symmetric_BB_contact_survival,symmetric_nac_bb,Any 1 banded symmetric C-ter BB,chain_pair,all,largest_cluster,776000.0,1.0339443944704652e-05,1.4622181853997694e-05,1778.6775827723613,7150.970071685522,3783.6208029308486,0.8,8.0,8.0,100.0,96,140,3,partner_consecutive_v2
G2_Wcluster_alhx700,$\mathrm{Hel}_{50}$,Cter_symmetric_BB_contact_survival,symmetric_nac_bb,Any 1 banded symmetric C-ter BB,chain_pair,all,largest_cluster,777000.0,1.0339443944704652e-05,1.4622181853997694e-05,1778.6775827723613,7150.970071685522,3783.6208029308486,0.8,8.0,8.0,100.0,96,140,3,partner_consecutive_v2
G2_Wcluster_alhx700,$\mathrm{Hel}_{50}$,Cter_symmetric_BB_contact_survival,symmetric_nac_bb,Any 1 banded symmetric C-ter BB,chain_pair,all,largest_cluster,778000.0,1.0339443944704652e-05,1.4622181853997694e-05,1778.6775827723613,7150.970071685522,3783.6208029308486,0.8,8.0,8.0,100.0,96,140,3,partner_consecutive_v2
G2_Wcluster_alhx700,$\mathrm{Hel}_{50}$,Cter_symmetric_BB_contact_survival,symmetric_nac_bb,Any 1 banded symmetric C-ter BB,chain_pair,all,largest_cluster,779000.0,1.0339443944704652e-05,1.4622181853997694e-05,1778.6775827723613,7150.970071685522,3783.6208029308486,0.8,8.0,8.0,100.0,96,140,3,partner_consecutive_v2
G2_Wcluster_alhx700,$\mathrm{Hel}_{50}$,Cter_symmetric_BB_contact_survival,symmetric_nac_bb,Any 1 banded symmetric C-ter BB,chain_pair,all,largest_cluster,780000.0,1.0339443944704652e-05,1.4622181853997694e-05,1778.6775827723613,7150.970071685522,3783.6208029308486,0.8,8.0,8.0,100.0,96,140,3,partner_consecutive_v2
G2_Wcluster_alhx700,$\mathrm{Hel}_{50}$,Cter_symmetric_BB_contact_survival,symmetric_nac_bb,Any 1 banded symmetric C-ter BB,chain_pair,all,largest_cluster,781000.0,1.0339443944704652e-05,1.4622181853997694e-05,1778.6775827723613,7150.970071685522,3783.6208029308486,0.8,8.0,8.0,100.0,96,140,3,partner_consecutive_v2
G2_Wcluster_alhx700,$\mathrm{Hel}_{50}$,Cter_symmetric_BB_contact_survival,symmetric_nac_bb,Any 1 banded symmetric C-ter BB,chain_pair,all,largest_cluster,782000.0,1.0339443944704652e-05,1.4622181853997694e-05,1778.6775827723613,7150.970071685522,3783.6208029308486,0.8,8.0,8.0,100.0,96,140,3,partner_consecutive_v2
G2_Wcluster_alhx700,$\mathrm{Hel}_{50}$,Cter_symmetric_BB_contact_survival,symmetric_nac_bb,Any 1 banded symmetric C-ter BB,chain_pair,all,largest_cluster,783000.0,1.0339443944704652e-05,1.4622181853997694e-05,1778.6775827723613,7150.970071685522,3783.6208029308486,0.8,8.0,8.0,100.0,96,140,3,partner_consecutive_v2
G2_Wcluster_alhx700,$\mathrm{Hel}_{50}$,Cter_symmetric_BB_contact_survival,symmetric_nac_bb,Any 1 banded symmetric C-ter BB,chain_pair,all,largest_cluster,784000.0,1.0339443944704652e-05,1.4622181853997694e-05,1778.6775827723613,7150.970071685522,3783.6208029308486,0.8,8.0,8.0,100.0,96,140,3,partner_consecutive_v2
G2_Wcluster_alhx700,$\mathrm{Hel}_{50}$,Cter_symmetric_BB_contact_survival,symmetric_nac_bb,Any 1 banded symmetric C-ter BB,chain_pair,all,largest_cluster,785000.0,1.0339443944704652e-05,1.4622181853997694e-05,1778.6775827723613,7150.970071685522,3783.6208029308486,0.8,8.0,8.0,100.0,96,140,3,partner_consecutive_v2
G2_Wcluster_alhx700,$\mathrm{Hel}_{50}$,Cter_symmetric_BB_contact_survival,symmetric_nac_bb,Any 1 banded symmetric C-ter BB,chain_pair,all,largest_cluster,786000.0,1.0339443944704652e-05,1.4622181853997694e-05,1778.6775827723613,7150.970071685522,3783.6208029308486,0.8,8.0,8.0,100.0,96,140,3,partner_consecutive_v2
G2_Wcluster_alhx700,$\mathrm{Hel}_{50}$,Cter_symmetric_BB_contact_survival,symmetric_nac_bb,Any 1 banded symmetric C-ter BB,chain_pair,all,largest_cluster,787000.0,1.0339443944704652e-05,1.4622181853997694e-05,1778.6775827723613,7150.970071685522,3783.6208029308486,0.8,8.0,8.0,100.0,96,140,3,partner_consecutive_v2
G2_Wcluster_alhx700,$\mathrm{Hel}_{50}$,Cter_symmetric_BB_contact_survival,symmetric_nac_bb,Any 1 banded symmetric C-ter BB,chain_pair,all,largest_cluster,788000.0,1.0339443944704652e-05,1.4622181853997694e-05,1778.6775827723613,7150.970071685522,3783.6208029308486,0.8,8.0,8.0,100.0,96,140,3,partner_consecutive_v2
G2_Wcluster_alhx700,$\mathrm{Hel}_{50}$,Cter_symmetric_BB_contact_survival,symmetric_nac_bb,Any 1 banded symmetric C-ter BB,chain_pair,all,largest_cluster,789000.0,1.0339443944704652e-05,1.4622181853997694e-05,1778.6775827723613,7150.970071685522,3783.6208029308486,0.8,8.0,8.0,100.0,96,140,3,partner_consecutive_v2
G2_Wcluster_alhx700,$\mathrm{Hel}_{50}$,Cter_symmetric_BB_contact_survival,symmetric_nac_bb,Any 1 banded symmetric C-ter BB,chain_pair,all,largest_cluster,790000.0,1.0339443944704652e-05,1.4622181853997694e-05,1778.6775827723613,7150.970071685522,3783.6208029308486,0.8,8.0,8.0,100.0,96,140,3,partner_consecutive_v2
G2_Wcluster_alhx700,$\mathrm{Hel}_{50}$,Cter_symmetric_BB_contact_survival,symmetric_nac_bb,Any 1 banded symmetric C-ter BB,chain_pair,all,largest_cluster,791000.0,1.0339443944704652e-05,1.4622181853997694e-05,1778.6775827723613,7150.970071685522,3783.6208029308486,0.8,8.0,8.0,100.0,96,140,3,partner_consecutive_v2
G2_Wcluster_alhx700,$\mathrm{Hel}_{50}$,Cter_symmetric_BB_contact_survival,symmetric_nac_bb,Any 1 banded symmetric C-ter BB,chain_pair,all,largest_cluster,792000.0,1.0339443944704652e-05,1.4622181853997694e-05,1778.6775827723613,7150.970071685522,3783.6208029308486,0.8,8.0,8.0,100.0,96,140,3,partner_consecutive_v2
G2_Wcluster_alhx700,$\mathrm{Hel}_{50}$,Cter_symmetric_BB_contact_survival,symmetric_nac_bb,Any 1 banded symmetric C-ter BB,chain_pair,all,largest_cluster,793000.0,1.0339443944704652e-05,1.4622181853997694e-05,1778.6775827723613,7150.970071685522,3783.6208029308486,0.8,8.0,8.0,100.0,96,140,3,partner_consecutive_v2
G2_Wcluster_alhx700,$\mathrm{Hel}_{50}$,Cter_symmetric_BB_contact_survival,symmetric_nac_bb,Any 1 banded symmetric C-ter BB,chain_pair,all,largest_cluster,794000.0,1.0339443944704652e-05,1.4622181853997694e-05,1778.6775827723613,7150.970071685522,3783.6208029308486,0.8,8.0,8.0,100.0,96,140,3,partner_consecutive_v2
G2_Wcluster_alhx700,$\mathrm{Hel}_{50}$,Cter_symmetric_BB_contact_survival,symmetric_nac_bb,Any 1 banded symmetric C-ter BB,chain_pair,all,largest_cluster,795000.0,1.0339443944704652e-05,1.4622181853997694e-05,1778.6775827723613,7150.970071685522,3783.6208029308486,0.8,8.0,8.0,100.0,96,140,3,partner_consecutive_v2
G2_Wcluster_alhx700,$\mathrm{Hel}_{50}$,Cter_symmetric_BB_contact_survival,symmetric_nac_bb,Any 1 banded symmetric C-ter BB,chain_pair,all,largest_cluster,796000.0,1.0339443944704652e-05,1.4622181853997694e-05,1778.6775827723613,7150.970071685522,3783.6208029308486,0.8,8.0,8.0,100.0,96,140,3,partner_consecutive_v2
G2_Wcluster_alhx700,$\mathrm{Hel}_{50}$,Cter_symmetric_BB_contact_survival,symmetric_nac_bb,Any 1 banded symmetric C-ter BB,chain_pair,all,largest_cluster,797000.0,1.0339443944704652e-05,1.4622181853997694e-05,1778.6775827723613,7150.970071685522,3783.6208029308486,0.8,8.0,8.0,100.0,96,140,3,partner_consecutive_v2
G2_Wcluster_alhx700,$\mathrm{Hel}_{50}$,Cter_symmetric_BB_contact_survival,symmetric_nac_bb,Any 1 banded symmetric C-ter BB,chain_pair,all,largest_cluster,798000.0,1.0339443944704652e-05,1.4622181853997694e-05,1778.6775827723613,7150.970071685522,3783.6208029308486,0.8,8.0,8.0,100.0,96,140,3,partner_consecutive_v2
G2_Wcluster_alhx700,$\mathrm{Hel}_{50}$,Cter_symmetric_BB_contact_survival,symmetric_nac_bb,Any 1 banded symmetric C-ter BB,chain_pair,all,largest_cluster,799000.0,1.0339443944704652e-05,1.4622181853997694e-05,1778.6775827723613,7150.970071685522,3783.6208029308486,0.8,8.0,8.0,100.0,96,140,3,partner_consecutive_v2
G2_Wcluster_alhx700,$\mathrm{Hel}_{50}$,Cter_symmetric_BB_contact_survival,symmetric_nac_bb,Any 1 banded symmetric C-ter BB,chain_pair,all,largest_cluster,800000.0,1.0339443944704652e-05,1.4622181853997694e-05,1778.6775827723613,7150.970071685522,3783.6208029308486,0.8,8.0,8.0,100.0,96,140,3,partner_consecutive_v2
G2_Wcluster_alhx700,$\mathrm{Hel}_{50}$,Cter_symmetric_BB_contact_survival,symmetric_nac_bb,Any 1 banded symmetric C-ter BB,chain_pair,all,largest_cluster,801000.0,1.0339443944704652e-05,1.4622181853997694e-05,1778.6775827723613,7150.970071685522,3783.6208029308486,0.8,8.0,8.0,100.0,96,140,3,partner_consecutive_v2
G2_Wcluster_alhx700,$\mathrm{Hel}_{50}$,Cter_symmetric_BB_contact_survival,symmetric_nac_bb,Any 1 banded symmetric C-ter BB,chain_pair,all,largest_cluster,802000.0,1.0339443944704652e-05,1.4622181853997694e-05,1778.6775827723613,7150.970071685522,3783.6208029308486,0.8,8.0,8.0,100.0,96,140,3,partner_consecutive_v2
G2_Wcluster_alhx700,$\mathrm{Hel}_{50}$,Cter_symmetric_BB_contact_survival,symmetric_nac_bb,Any 1 banded symmetric C-ter BB,chain_pair,all,largest_cluster,803000.0,1.0339443944704652e-05,1.4622181853997694e-05,1778.6775827723613,7150.970071685522,3783.6208029308486,0.8,8.0,8.0,100.0,96,140,3,partner_consecutive_v2
G2_Wcluster_alhx700,$\mathrm{Hel}_{50}$,Cter_symmetric_BB_contact_survival,symmetric_nac_bb,Any 1 banded symmetric C-ter BB,chain_pair,all,largest_cluster,804000.0,1.0339443944704652e-05,1.4622181853997694e-05,1778.6775827723613,7150.970071685522,3783.6208029308486,0.8,8.0,8.0,100.0,96,140,3,partner_consecutive_v2
G2_Wcluster_alhx700,$\mathrm{Hel}_{50}$,Cter_symmetric_BB_contact_survival,symmetric_nac_bb,Any 1 banded symmetric C-ter BB,chain_pair,all,largest_cluster,805000.0,1.0339443944704652e-05,1.4622181853997694e-05,1778.6775827723613,7150.970071685522,3783.6208029308486,0.8,8.0,8.0,100.0,96,140,3,partner_consecutive_v2
G2_Wcluster_alhx700,$\mathrm{Hel}_{50}$,Cter_symmetric_BB_contact_survival,symmetric_nac_bb,Any 1 banded symmetric C-ter BB,chain_pair,all,largest_cluster,806000.0,1.0339443944704652e-05,1.4622181853997694e-05,1778.6775827723613,7150.970071685522,3783.6208029308486,0.8,8.0,8.0,100.0,96,140,3,partner_consecutive_v2
G2_Wcluster_alhx700,$\mathrm{Hel}_{50}$,Cter_symmetric_BB_contact_survival,symmetric_nac_bb,Any 1 banded symmetric C-ter BB,chain_pair,all,largest_cluster,807000.0,1.0339443944704652e-05,1.4622181853997694e-05,1778.6775827723613,7150.970071685522,3783.6208029308486,0.8,8.0,8.0,100.0,96,140,3,partner_consecutive_v2
G2_Wcluster_alhx700,$\mathrm{Hel}_{50}$,Cter_symmetric_BB_contact_survival,symmetric_nac_bb,Any 1 banded symmetric C-ter BB,chain_pair,all,largest_cluster,808000.0,1.0339443944704652e-05,1.4622181853997694e-05,1778.6775827723613,7150.970071685522,3783.6208029308486,0.8,8.0,8.0,100.0,96,140,3,partner_consecutive_v2
G2_Wcluster_alhx700,$\mathrm{Hel}_{50}$,Cter_symmetric_BB_contact_survival,symmetric_nac_bb,Any 1 banded symmetric C-ter BB,chain_pair,all,largest_cluster,809000.0,1.0339443944704652e-05,1.4622181853997694e-05,1778.6775827723613,7150.970071685522,3783.6208029308486,0.8,8.0,8.0,100.0,96,140,3,partner_consecutive_v2
G2_Wcluster_alhx700,$\mathrm{Hel}_{50}$,Cter_symmetric_BB_contact_survival,symmetric_nac_bb,Any 1 banded symmetric C-ter BB,chain_pair,all,largest_cluster,810000.0,1.0339443944704652e-05,1.4622181853997694e-05,1778.6775827723613,7150.970071685522,3783.6208029308486,0.8,8.0,8.0,100.0,96,140,3,partner_consecutive_v2
G2_Wcluster_alhx700,$\mathrm{Hel}_{50}$,Cter_symmetric_BB_contact_survival,symmetric_nac_bb,Any 1 banded symmetric C-ter BB,chain_pair,all,largest_cluster,811000.0,1.0339443944704652e-05,1.4622181853997694e-05,1778.6775827723613,7150.970071685522,3783.6208029308486,0.8,8.0,8.0,100.0,96,140,3,partner_consecutive_v2
G2_Wcluster_alhx700,$\mathrm{Hel}_{50}$,Cter_symmetric_BB_contact_survival,symmetric_nac_bb,Any 1 banded symmetric C-ter BB,chain_pair,all,largest_cluster,812000.0,1.0339443944704652e-05,1.4622181853997694e-05,1778.6775827723613,7150.970071685522,3783.6208029308486,0.8,8.0,8.0,100.0,96,140,3,partner_consecutive_v2
G2_Wcluster_alhx700,$\mathrm{Hel}_{50}$,Cter_symmetric_BB_contact_survival,symmetric_nac_bb,Any 1 banded symmetric C-ter BB,chain_pair,all,largest_cluster,813000.0,1.0339443944704652e-05,1.4622181853997694e-05,1778.6775827723613,7150.970071685522,3783.6208029308486,0.8,8.0,8.0,100.0,96,140,3,partner_consecutive_v2
G2_Wcluster_alhx700,$\mathrm{Hel}_{50}$,Cter_symmetric_BB_contact_survival,symmetric_nac_bb,Any 1 banded symmetric C-ter BB,chain_pair,all,largest_cluster,814000.0,1.0339443944704652e-05,1.4622181853997694e-05,1778.6775827723613,7150.970071685522,3783.6208029308486,0.8,8.0,8.0,100.0,96,140,3,partner_consecutive_v2
G2_Wcluster_alhx700,$\mathrm{Hel}_{50}$,Cter_symmetric_BB_contact_survival,symmetric_nac_bb,Any 1 banded symmetric C-ter BB,chain_pair,all,largest_cluster,815000.0,1.0339443944704652e-05,1.4622181853997694e-05,1778.6775827723613,7150.970071685522,3783.6208029308486,0.8,8.0,8.0,100.0,96,140,3,partner_consecutive_v2
G2_Wcluster_alhx700,$\mathrm{Hel}_{50}$,Cter_symmetric_BB_contact_survival,symmetric_nac_bb,Any 1 banded symmetric C-ter BB,chain_pair,all,largest_cluster,816000.0,1.0339443944704652e-05,1.4622181853997694e-05,1778.6775827723613,7150.970071685522,3783.6208029308486,0.8,8.0,8.0,100.0,96,140,3,partner_consecutive_v2
G2_Wcluster_alhx700,$\mathrm{Hel}_{50}$,Cter_symmetric_BB_contact_survival,symmetric_nac_bb,Any 1 banded symmetric C-ter BB,chain_pair,all,largest_cluster,817000.0,1.0339443944704652e-05,1.4622181853997694e-05,1778.6775827723613,7150.970071685522,3783.6208029308486,0.8,8.0,8.0,100.0,96,140,3,partner_consecutive_v2
G2_Wcluster_alhx700,$\mathrm{Hel}_{50}$,Cter_symmetric_BB_contact_survival,symmetric_nac_bb,Any 1 banded symmetric C-ter BB,chain_pair,all,largest_cluster,818000.0,1.0339443944704652e-05,1.4622181853997694e-05,1778.6775827723613,7150.970071685522,3783.6208029308486,0.8,8.0,8.0,100.0,96,140,3,partner_consecutive_v2
G2_Wcluster_alhx700,$\mathrm{Hel}_{50}$,Cter_symmetric_BB_contact_survival,symmetric_nac_bb,Any 1 banded symmetric C-ter BB,chain_pair,all,largest_cluster,819000.0,1.0339443944704652e-05,1.4622181853997694e-05,1778.6775827723613,7150.970071685522,3783.6208029308486,0.8,8.0,8.0,100.0,96,140,3,partner_consecutive_v2
G2_Wcluster_alhx700,$\mathrm{Hel}_{50}$,Cter_symmetric_BB_contact_survival,symmetric_nac_bb,Any 1 banded symmetric C-ter BB,chain_pair,all,largest_cluster,820000.0,1.0339443944704652e-05,1.4622181853997694e-05,1778.6775827723613,7150.970071685522,3783.6208029308486,0.8,8.0,8.0,100.0,96,140,3,partner_consecutive_v2
G2_Wcluster_alhx700,$\mathrm{Hel}_{50}$,Cter_symmetric_BB_contact_survival,symmetric_nac_bb,Any 1 banded symmetric C-ter BB,chain_pair,all,largest_cluster,821000.0,1.0339443944704652e-05,1.4622181853997694e-05,1778.6775827723613,7150.970071685522,3783.6208029308486,0.8,8.0,8.0,100.0,96,140,3,partner_consecutive_v2
G2_Wcluster_alhx700,$\mathrm{Hel}_{50}$,Cter_symmetric_BB_contact_survival,symmetric_nac_bb,Any 1 banded symmetric C-ter BB,chain_pair,all,largest_cluster,822000.0,1.0339443944704652e-05,1.4622181853997694e-05,1778.6775827723613,7150.970071685522,3783.6208029308486,0.8,8.0,8.0,100.0,96,140,3,partner_consecutive_v2
G2_Wcluster_alhx700,$\mathrm{Hel}_{50}$,Cter_symmetric_BB_contact_survival,symmetric_nac_bb,Any 1 banded symmetric C-ter BB,chain_pair,all,largest_cluster,823000.0,1.0339443944704652e-05,1.4622181853997694e-05,1778.6775827723613,7150.970071685522,3783.6208029308486,0.8,8.0,8.0,100.0,96,140,3,partner_consecutive_v2
G2_Wcluster_alhx700,$\mathrm{Hel}_{50}$,Cter_symmetric_BB_contact_survival,symmetric_nac_bb,Any 1 banded symmetric C-ter BB,chain_pair,all,largest_cluster,824000.0,1.0339443944704652e-05,1.4622181853997694e-05,1778.6775827723613,7150.970071685522,3783.6208029308486,0.8,8.0,8.0,100.0,96,140,3,partner_consecutive_v2
G2_Wcluster_alhx700,$\mathrm{Hel}_{50}$,Cter_symmetric_BB_contact_survival,symmetric_nac_bb,Any 1 banded symmetric C-ter BB,chain_pair,all,largest_cluster,825000.0,1.0339443944704652e-05,1.4622181853997694e-05,1778.6775827723613,7150.970071685522,3783.6208029308486,0.8,8.0,8.0,100.0,96,140,3,partner_consecutive_v2
G2_Wcluster_alhx700,$\mathrm{Hel}_{50}$,Cter_symmetric_BB_contact_survival,symmetric_nac_bb,Any 1 banded symmetric C-ter BB,chain_pair,all,largest_cluster,826000.0,1.0339443944704652e-05,1.4622181853997694e-05,1778.6775827723613,7150.970071685522,3783.6208029308486,0.8,8.0,8.0,100.0,96,140,3,partner_consecutive_v2
G2_Wcluster_alhx700,$\mathrm{Hel}_{50}$,Cter_symmetric_BB_contact_survival,symmetric_nac_bb,Any 1 banded symmetric C-ter BB,chain_pair,all,largest_cluster,827000.0,1.0339443944704652e-05,1.4622181853997694e-05,1778.6775827723613,7150.970071685522,3783.6208029308486,0.8,8.0,8.0,100.0,96,140,3,partner_consecutive_v2
G2_Wcluster_alhx700,$\mathrm{Hel}_{50}$,Cter_symmetric_BB_contact_survival,symmetric_nac_bb,Any 1 banded symmetric C-ter BB,chain_pair,all,largest_cluster,828000.0,1.0339443944704652e-05,1.4622181853997694e-05,1778.6775827723613,7150.970071685522,3783.6208029308486,0.8,8.0,8.0,100.0,96,140,3,partner_consecutive_v2
G2_Wcluster_alhx700,$\mathrm{Hel}_{50}$,Cter_symmetric_BB_contact_survival,symmetric_nac_bb,Any 1 banded symmetric C-ter BB,chain_pair,all,largest_cluster,829000.0,1.0339443944704652e-05,1.4622181853997694e-05,1778.6775827723613,7150.970071685522,3783.6208029308486,0.8,8.0,8.0,100.0,96,140,3,partner_consecutive_v2
G2_Wcluster_alhx700,$\mathrm{Hel}_{50}$,Cter_symmetric_BB_contact_survival,symmetric_nac_bb,Any 1 banded symmetric C-ter BB,chain_pair,all,largest_cluster,830000.0,1.0339443944704652e-05,1.4622181853997694e-05,1778.6775827723613,7150.970071685522,3783.6208029308486,0.8,8.0,8.0,100.0,96,140,3,partner_consecutive_v2
G2_Wcluster_alhx700,$\mathrm{Hel}_{50}$,Cter_symmetric_BB_contact_survival,symmetric_nac_bb,Any 1 banded symmetric C-ter BB,chain_pair,all,largest_cluster,831000.0,1.0339443944704652e-05,1.4622181853997694e-05,1778.6775827723613,7150.970071685522,3783.6208029308486,0.8,8.0,8.0,100.0,96,140,3,partner_consecutive_v2
G2_Wcluster_alhx700,$\mathrm{Hel}_{50}$,Cter_symmetric_BB_contact_survival,symmetric_nac_bb,Any 1 banded symmetric C-ter BB,chain_pair,all,largest_cluster,832000.0,1.0339443944704652e-05,1.4622181853997694e-05,1778.6775827723613,7150.970071685522,3783.6208029308486,0.8,8.0,8.0,100.0,96,140,3,partner_consecutive_v2
G2_Wcluster_alhx700,$\mathrm{Hel}_{50}$,Cter_symmetric_BB_contact_survival,symmetric_nac_bb,Any 1 banded symmetric C-ter BB,chain_pair,all,largest_cluster,833000.0,1.0339443944704652e-05,1.4622181853997694e-05,1778.6775827723613,7150.970071685522,3783.6208029308486,0.8,8.0,8.0,100.0,96,140,3,partner_consecutive_v2
G2_Wcluster_alhx700,$\mathrm{Hel}_{50}$,Cter_symmetric_BB_contact_survival,symmetric_nac_bb,Any 1 banded symmetric C-ter BB,chain_pair,all,largest_cluster,834000.0,1.0339443944704652e-05,1.4622181853997694e-05,1778.6775827723613,7150.970071685522,3783.6208029308486,0.8,8.0,8.0,100.0,96,140,3,partner_consecutive_v2
G2_Wcluster_alhx700,$\mathrm{Hel}_{50}$,Cter_symmetric_BB_contact_survival,symmetric_nac_bb,Any 1 banded symmetric C-ter BB,chain_pair,all,largest_cluster,835000.0,1.0339443944704652e-05,1.4622181853997694e-05,1778.6775827723613,7150.970071685522,3783.6208029308486,0.8,8.0,8.0,100.0,96,140,3,partner_consecutive_v2
G2_Wcluster_alhx700,$\mathrm{Hel}_{50}$,Cter_symmetric_BB_contact_survival,symmetric_nac_bb,Any 1 banded symmetric C-ter BB,chain_pair,all,largest_cluster,836000.0,1.0339443944704652e-05,1.4622181853997694e-05,1778.6775827723613,7150.970071685522,3783.6208029308486,0.8,8.0,8.0,100.0,96,140,3,partner_consecutive_v2
G2_Wcluster_alhx700,$\mathrm{Hel}_{50}$,Cter_symmetric_BB_contact_survival,symmetric_nac_bb,Any 1 banded symmetric C-ter BB,chain_pair,all,largest_cluster,837000.0,1.0339443944704652e-05,1.4622181853997694e-05,1778.6775827723613,7150.970071685522,3783.6208029308486,0.8,8.0,8.0,100.0,96,140,3,partner_consecutive_v2
G2_Wcluster_alhx700,$\mathrm{Hel}_{50}$,Cter_symmetric_BB_contact_survival,symmetric_nac_bb,Any 1 banded symmetric C-ter BB,chain_pair,all,largest_cluster,838000.0,1.0339443944704652e-05,1.4622181853997694e-05,1778.6775827723613,7150.970071685522,3783.6208029308486,0.8,8.0,8.0,100.0,96,140,3,partner_consecutive_v2
G2_Wcluster_alhx700,$\mathrm{Hel}_{50}$,Cter_symmetric_BB_contact_survival,symmetric_nac_bb,Any 1 banded symmetric C-ter BB,chain_pair,all,largest_cluster,839000.0,1.0339443944704652e-05,1.4622181853997694e-05,1778.6775827723613,7150.970071685522,3783.6208029308486,0.8,8.0,8.0,100.0,96,140,3,partner_consecutive_v2
G2_Wcluster_alhx700,$\mathrm{Hel}_{50}$,Cter_symmetric_BB_contact_survival,symmetric_nac_bb,Any 1 banded symmetric C-ter BB,chain_pair,all,largest_cluster,840000.0,1.0339443944704652e-05,1.4622181853997694e-05,1778.6775827723613,7150.970071685522,3783.6208029308486,0.8,8.0,8.0,100.0,96,140,3,partner_consecutive_v2
G2_Wcluster_alhx700,$\mathrm{Hel}_{50}$,Cter_symmetric_BB_contact_survival,symmetric_nac_bb,Any 1 banded symmetric C-ter BB,chain_pair,all,largest_cluster,841000.0,1.0339443944704652e-05,1.4622181853997694e-05,1778.6775827723613,7150.970071685522,3783.6208029308486,0.8,8.0,8.0,100.0,96,140,3,partner_consecutive_v2
G2_Wcluster_alhx700,$\mathrm{Hel}_{50}$,Cter_symmetric_BB_contact_survival,symmetric_nac_bb,Any 1 banded symmetric C-ter BB,chain_pair,all,largest_cluster,842000.0,1.0339443944704652e-05,1.4622181853997694e-05,1778.6775827723613,7150.970071685522,3783.6208029308486,0.8,8.0,8.0,100.0,96,140,3,partner_consecutive_v2
G2_Wcluster_alhx700,$\mathrm{Hel}_{50}$,Cter_symmetric_BB_contact_survival,symmetric_nac_bb,Any 1 banded symmetric C-ter BB,chain_pair,all,largest_cluster,843000.0,1.0339443944704652e-05,1.4622181853997694e-05,1778.6775827723613,7150.970071685522,3783.6208029308486,0.8,8.0,8.0,100.0,96,140,3,partner_consecutive_v2
G2_Wcluster_alhx700,$\mathrm{Hel}_{50}$,Cter_symmetric_BB_contact_survival,symmetric_nac_bb,Any 1 banded symmetric C-ter BB,chain_pair,all,largest_cluster,844000.0,1.0339443944704652e-05,1.4622181853997694e-05,1778.6775827723613,7150.970071685522,3783.6208029308486,0.8,8.0,8.0,100.0,96,140,3,partner_consecutive_v2
G2_Wcluster_alhx700,$\mathrm{Hel}_{50}$,Cter_symmetric_BB_contact_survival,symmetric_nac_bb,Any 1 banded symmetric C-ter BB,chain_pair,all,largest_cluster,845000.0,1.0339443944704652e-05,1.4622181853997694e-05,1778.6775827723613,7150.970071685522,3783.6208029308486,0.8,8.0,8.0,100.0,96,140,3,partner_consecutive_v2
G2_Wcluster_alhx700,$\mathrm{Hel}_{50}$,Cter_symmetric_BB_contact_survival,symmetric_nac_bb,Any 1 banded symmetric C-ter BB,chain_pair,all,largest_cluster,846000.0,1.0339443944704652e-05,1.4622181853997694e-05,1778.6775827723613,7150.970071685522,3783.6208029308486,0.8,8.0,8.0,100.0,96,140,3,partner_consecutive_v2
G2_Wcluster_alhx700,$\mathrm{Hel}_{50}$,Cter_symmetric_BB_contact_survival,symmetric_nac_bb,Any 1 banded symmetric C-ter BB,chain_pair,all,largest_cluster,847000.0,1.0339443944704652e-05,1.4622181853997694e-05,1778.6775827723613,7150.970071685522,3783.6208029308486,0.8,8.0,8.0,100.0,96,140,3,partner_consecutive_v2
G2_Wcluster_alhx700,$\mathrm{Hel}_{50}$,Cter_symmetric_BB_contact_survival,symmetric_nac_bb,Any 1 banded symmetric C-ter BB,chain_pair,all,largest_cluster,848000.0,1.0339443944704652e-05,1.4622181853997694e-05,1778.6775827723613,7150.970071685522,3783.6208029308486,0.8,8.0,8.0,100.0,96,140,3,partner_consecutive_v2
G2_Wcluster_alhx700,$\mathrm{Hel}_{50}$,Cter_symmetric_BB_contact_survival,symmetric_nac_bb,Any 1 banded symmetric C-ter BB,chain_pair,all,largest_cluster,849000.0,1.0339443944704652e-05,1.4622181853997694e-05,1778.6775827723613,7150.970071685522,3783.6208029308486,0.8,8.0,8.0,100.0,96,140,3,partner_consecutive_v2
G2_Wcluster_alhx700,$\mathrm{Hel}_{50}$,Cter_symmetric_BB_contact_survival,symmetric_nac_bb,Any 1 banded symmetric C-ter BB,chain_pair,all,largest_cluster,850000.0,1.0339443944704652e-05,1.4622181853997694e-05,1778.6775827723613,7150.970071685522,3783.6208029308486,0.8,8.0,8.0,100.0,96,140,3,partner_consecutive_v2
G2_Wcluster_alhx700,$\mathrm{Hel}_{50}$,Cter_symmetric_BB_contact_survival,symmetric_nac_bb,Any 1 banded symmetric C-ter BB,chain_pair,all,largest_cluster,851000.0,1.0339443944704652e-05,1.4622181853997694e-05,1778.6775827723613,7150.970071685522,3783.6208029308486,0.8,8.0,8.0,100.0,96,140,3,partner_consecutive_v2
G2_Wcluster_alhx700,$\mathrm{Hel}_{50}$,Cter_symmetric_BB_contact_survival,symmetric_nac_bb,Any 1 banded symmetric C-ter BB,chain_pair,all,largest_cluster,852000.0,1.0339443944704652e-05,1.4622181853997694e-05,1778.6775827723613,7150.970071685522,3783.6208029308486,0.8,8.0,8.0,100.0,96,140,3,partner_consecutive_v2
G2_Wcluster_alhx700,$\mathrm{Hel}_{50}$,Cter_symmetric_BB_contact_survival,symmetric_nac_bb,Any 1 banded symmetric C-ter BB,chain_pair,all,largest_cluster,853000.0,1.0339443944704652e-05,1.4622181853997694e-05,1778.6775827723613,7150.970071685522,3783.6208029308486,0.8,8.0,8.0,100.0,96,140,3,partner_consecutive_v2
G2_Wcluster_alhx700,$\mathrm{Hel}_{50}$,Cter_symmetric_BB_contact_survival,symmetric_nac_bb,Any 1 banded symmetric C-ter BB,chain_pair,all,largest_cluster,854000.0,1.0339443944704652e-05,1.4622181853997694e-05,1778.6775827723613,7150.970071685522,3783.6208029308486,0.8,8.0,8.0,100.0,96,140,3,partner_consecutive_v2
G2_Wcluster_alhx700,$\mathrm{Hel}_{50}$,Cter_symmetric_BB_contact_survival,symmetric_nac_bb,Any 1 banded symmetric C-ter BB,chain_pair,all,largest_cluster,855000.0,1.0339443944704652e-05,1.4622181853997694e-05,1778.6775827723613,7150.970071685522,3783.6208029308486,0.8,8.0,8.0,100.0,96,140,3,partner_consecutive_v2
G2_Wcluster_alhx700,$\mathrm{Hel}_{50}$,Cter_symmetric_BB_contact_survival,symmetric_nac_bb,Any 1 banded symmetric C-ter BB,chain_pair,all,largest_cluster,856000.0,1.0339443944704652e-05,1.4622181853997694e-05,1778.6775827723613,7150.970071685522,3783.6208029308486,0.8,8.0,8.0,100.0,96,140,3,partner_consecutive_v2
G2_Wcluster_alhx700,$\mathrm{Hel}_{50}$,Cter_symmetric_BB_contact_survival,symmetric_nac_bb,Any 1 banded symmetric C-ter BB,chain_pair,all,largest_cluster,857000.0,1.0339443944704652e-05,1.4622181853997694e-05,1778.6775827723613,7150.970071685522,3783.6208029308486,0.8,8.0,8.0,100.0,96,140,3,partner_consecutive_v2
G2_Wcluster_alhx700,$\mathrm{Hel}_{50}$,Cter_symmetric_BB_contact_survival,symmetric_nac_bb,Any 1 banded symmetric C-ter BB,chain_pair,all,largest_cluster,858000.0,1.0339443944704652e-05,1.4622181853997694e-05,1778.6775827723613,7150.970071685522,3783.6208029308486,0.8,8.0,8.0,100.0,96,140,3,partner_consecutive_v2
G2_Wcluster_alhx700,$\mathrm{Hel}_{50}$,Cter_symmetric_BB_contact_survival,symmetric_nac_bb,Any 1 banded symmetric C-ter BB,chain_pair,all,largest_cluster,859000.0,1.0339443944704652e-05,1.4622181853997694e-05,1778.6775827723613,7150.970071685522,3783.6208029308486,0.8,8.0,8.0,100.0,96,140,3,partner_consecutive_v2
G2_Wcluster_alhx700,$\mathrm{Hel}_{50}$,Cter_symmetric_BB_contact_survival,symmetric_nac_bb,Any 1 banded symmetric C-ter BB,chain_pair,all,largest_cluster,860000.0,1.0339443944704652e-05,1.4622181853997694e-05,1778.6775827723613,7150.970071685522,3783.6208029308486,0.8,8.0,8.0,100.0,96,140,3,partner_consecutive_v2
G2_Wcluster_alhx700,$\mathrm{Hel}_{50}$,Cter_symmetric_BB_contact_survival,symmetric_nac_bb,Any 1 banded symmetric C-ter BB,chain_pair,all,largest_cluster,861000.0,1.0339443944704652e-05,1.4622181853997694e-05,1778.6775827723613,7150.970071685522,3783.6208029308486,0.8,8.0,8.0,100.0,96,140,3,partner_consecutive_v2
G2_Wcluster_alhx700,$\mathrm{Hel}_{50}$,Cter_symmetric_BB_contact_survival,symmetric_nac_bb,Any 1 banded symmetric C-ter BB,chain_pair,all,largest_cluster,862000.0,1.0339443944704652e-05,1.4622181853997694e-05,1778.6775827723613,7150.970071685522,3783.6208029308486,0.8,8.0,8.0,100.0,96,140,3,partner_consecutive_v2
G2_Wcluster_alhx700,$\mathrm{Hel}_{50}$,Cter_symmetric_BB_contact_survival,symmetric_nac_bb,Any 1 banded symmetric C-ter BB,chain_pair,all,largest_cluster,863000.0,1.0339443944704652e-05,1.4622181853997694e-05,1778.6775827723613,7150.970071685522,3783.6208029308486,0.8,8.0,8.0,100.0,96,140,3,partner_consecutive_v2
G2_Wcluster_alhx700,$\mathrm{Hel}_{50}$,Cter_symmetric_BB_contact_survival,symmetric_nac_bb,Any 1 banded symmetric C-ter BB,chain_pair,all,largest_cluster,864000.0,1.0339443944704652e-05,1.4622181853997694e-05,1778.6775827723613,7150.970071685522,3783.6208029308486,0.8,8.0,8.0,100.0,96,140,3,partner_consecutive_v2
G2_Wcluster_alhx700,$\mathrm{Hel}_{50}$,Cter_symmetric_BB_contact_survival,symmetric_nac_bb,Any 1 banded symmetric C-ter BB,chain_pair,all,largest_cluster,865000.0,1.0339443944704652e-05,1.4622181853997694e-05,1778.6775827723613,7150.970071685522,3783.6208029308486,0.8,8.0,8.0,100.0,96,140,3,partner_consecutive_v2
G2_Wcluster_alhx700,$\mathrm{Hel}_{50}$,Cter_symmetric_BB_contact_survival,symmetric_nac_bb,Any 1 banded symmetric C-ter BB,chain_pair,all,largest_cluster,866000.0,1.0339443944704652e-05,1.4622181853997694e-05,1778.6775827723613,7150.970071685522,3783.6208029308486,0.8,8.0,8.0,100.0,96,140,3,partner_consecutive_v2
G2_Wcluster_alhx700,$\mathrm{Hel}_{50}$,Cter_symmetric_BB_contact_survival,symmetric_nac_bb,Any 1 banded symmetric C-ter BB,chain_pair,all,largest_cluster,867000.0,1.0339443944704652e-05,1.4622181853997694e-05,1778.6775827723613,7150.970071685522,3783.6208029308486,0.8,8.0,8.0,100.0,96,140,3,partner_consecutive_v2
G2_Wcluster_alhx700,$\mathrm{Hel}_{50}$,Cter_symmetric_BB_contact_survival,symmetric_nac_bb,Any 1 banded symmetric C-ter BB,chain_pair,all,largest_cluster,868000.0,1.0339443944704652e-05,1.4622181853997694e-05,1778.6775827723613,7150.970071685522,3783.6208029308486,0.8,8.0,8.0,100.0,96,140,3,partner_consecutive_v2
G2_Wcluster_alhx700,$\mathrm{Hel}_{50}$,Cter_symmetric_BB_contact_survival,symmetric_nac_bb,Any 1 banded symmetric C-ter BB,chain_pair,all,largest_cluster,869000.0,1.0339443944704652e-05,1.4622181853997694e-05,1778.6775827723613,7150.970071685522,3783.6208029308486,0.8,8.0,8.0,100.0,96,140,3,partner_consecutive_v2
G2_Wcluster_alhx700,$\mathrm{Hel}_{50}$,Cter_symmetric_BB_contact_survival,symmetric_nac_bb,Any 1 banded symmetric C-ter BB,chain_pair,all,largest_cluster,870000.0,1.0339443944704652e-05,1.4622181853997694e-05,1778.6775827723613,7150.970071685522,3783.6208029308486,0.8,8.0,8.0,100.0,96,140,3,partner_consecutive_v2
G2_Wcluster_alhx700,$\mathrm{Hel}_{50}$,Cter_symmetric_BB_contact_survival,symmetric_nac_bb,Any 1 banded symmetric C-ter BB,chain_pair,all,largest_cluster,871000.0,1.0339443944704652e-05,1.4622181853997694e-05,1778.6775827723613,7150.970071685522,3783.6208029308486,0.8,8.0,8.0,100.0,96,140,3,partner_consecutive_v2
G2_Wcluster_alhx700,$\mathrm{Hel}_{50}$,Cter_symmetric_BB_contact_survival,symmetric_nac_bb,Any 1 banded symmetric C-ter BB,chain_pair,all,largest_cluster,872000.0,1.0339443944704652e-05,1.4622181853997694e-05,1778.6775827723613,7150.970071685522,3783.6208029308486,0.8,8.0,8.0,100.0,96,140,3,partner_consecutive_v2
G2_Wcluster_alhx700,$\mathrm{Hel}_{50}$,Cter_symmetric_BB_contact_survival,symmetric_nac_bb,Any 1 banded symmetric C-ter BB,chain_pair,all,largest_cluster,873000.0,1.0339443944704652e-05,1.4622181853997694e-05,1778.6775827723613,7150.970071685522,3783.6208029308486,0.8,8.0,8.0,100.0,96,140,3,partner_consecutive_v2
G2_Wcluster_alhx700,$\mathrm{Hel}_{50}$,Cter_symmetric_BB_contact_survival,symmetric_nac_bb,Any 1 banded symmetric C-ter BB,chain_pair,all,largest_cluster,874000.0,1.0339443944704652e-05,1.4622181853997694e-05,1778.6775827723613,7150.970071685522,3783.6208029308486,0.8,8.0,8.0,100.0,96,140,3,partner_consecutive_v2
G2_Wcluster_alhx700,$\mathrm{Hel}_{50}$,Cter_symmetric_BB_contact_survival,symmetric_nac_bb,Any 1 banded symmetric C-ter BB,chain_pair,all,largest_cluster,875000.0,1.0339443944704652e-05,1.4622181853997694e-05,1778.6775827723613,7150.970071685522,3783.6208029308486,0.8,8.0,8.0,100.0,96,140,3,partner_consecutive_v2
G2_Wcluster_alhx700,$\mathrm{Hel}_{50}$,Cter_symmetric_BB_contact_survival,symmetric_nac_bb,Any 1 banded symmetric C-ter BB,chain_pair,all,largest_cluster,876000.0,1.0339443944704652e-05,1.4622181853997694e-05,1778.6775827723613,7150.970071685522,3783.6208029308486,0.8,8.0,8.0,100.0,96,140,3,partner_consecutive_v2
G2_Wcluster_alhx700,$\mathrm{Hel}_{50}$,Cter_symmetric_BB_contact_survival,symmetric_nac_bb,Any 1 banded symmetric C-ter BB,chain_pair,all,largest_cluster,877000.0,1.0339443944704652e-05,1.4622181853997694e-05,1778.6775827723613,7150.970071685522,3783.6208029308486,0.8,8.0,8.0,100.0,96,140,3,partner_consecutive_v2
G2_Wcluster_alhx700,$\mathrm{Hel}_{50}$,Cter_symmetric_BB_contact_survival,symmetric_nac_bb,Any 1 banded symmetric C-ter BB,chain_pair,all,largest_cluster,878000.0,1.0339443944704652e-05,1.4622181853997694e-05,1778.6775827723613,7150.970071685522,3783.6208029308486,0.8,8.0,8.0,100.0,96,140,3,partner_consecutive_v2
G2_Wcluster_alhx700,$\mathrm{Hel}_{50}$,Cter_symmetric_BB_contact_survival,symmetric_nac_bb,Any 1 banded symmetric C-ter BB,chain_pair,all,largest_cluster,879000.0,1.0339443944704652e-05,1.4622181853997694e-05,1778.6775827723613,7150.970071685522,3783.6208029308486,0.8,8.0,8.0,100.0,96,140,3,partner_consecutive_v2
G2_Wcluster_alhx700,$\mathrm{Hel}_{50}$,Cter_symmetric_BB_contact_survival,symmetric_nac_bb,Any 1 banded symmetric C-ter BB,chain_pair,all,largest_cluster,880000.0,1.0339443944704652e-05,1.4622181853997694e-05,1778.6775827723613,7150.970071685522,3783.6208029308486,0.8,8.0,8.0,100.0,96,140,3,partner_consecutive_v2
G2_Wcluster_alhx700,$\mathrm{Hel}_{50}$,Cter_symmetric_BB_contact_survival,symmetric_nac_bb,Any 1 banded symmetric C-ter BB,chain_pair,all,largest_cluster,881000.0,1.0339443944704652e-05,1.4622181853997694e-05,1778.6775827723613,7150.970071685522,3783.6208029308486,0.8,8.0,8.0,100.0,96,140,3,partner_consecutive_v2
G2_Wcluster_alhx700,$\mathrm{Hel}_{50}$,Cter_symmetric_BB_contact_survival,symmetric_nac_bb,Any 1 banded symmetric C-ter BB,chain_pair,all,largest_cluster,882000.0,1.0339443944704652e-05,1.4622181853997694e-05,1778.6775827723613,7150.970071685522,3783.6208029308486,0.8,8.0,8.0,100.0,96,140,3,partner_consecutive_v2
G2_Wcluster_alhx700,$\mathrm{Hel}_{50}$,Cter_symmetric_BB_contact_survival,symmetric_nac_bb,Any 1 banded symmetric C-ter BB,chain_pair,all,largest_cluster,883000.0,1.0339443944704652e-05,1.4622181853997694e-05,1778.6775827723613,7150.970071685522,3783.6208029308486,0.8,8.0,8.0,100.0,96,140,3,partner_consecutive_v2
G2_Wcluster_alhx700,$\mathrm{Hel}_{50}$,Cter_symmetric_BB_contact_survival,symmetric_nac_bb,Any 1 banded symmetric C-ter BB,chain_pair,all,largest_cluster,884000.0,1.0339443944704652e-05,1.4622181853997694e-05,1778.6775827723613,7150.970071685522,3783.6208029308486,0.8,8.0,8.0,100.0,96,140,3,partner_consecutive_v2
G2_Wcluster_alhx700,$\mathrm{Hel}_{50}$,Cter_symmetric_BB_contact_survival,symmetric_nac_bb,Any 1 banded symmetric C-ter BB,chain_pair,all,largest_cluster,885000.0,1.0339443944704652e-05,1.4622181853997694e-05,1778.6775827723613,7150.970071685522,3783.6208029308486,0.8,8.0,8.0,100.0,96,140,3,partner_consecutive_v2
G2_Wcluster_alhx700,$\mathrm{Hel}_{50}$,Cter_symmetric_BB_contact_survival,symmetric_nac_bb,Any 1 banded symmetric C-ter BB,chain_pair,all,largest_cluster,886000.0,1.0339443944704652e-05,1.4622181853997694e-05,1778.6775827723613,7150.970071685522,3783.6208029308486,0.8,8.0,8.0,100.0,96,140,3,partner_consecutive_v2
G2_Wcluster_alhx700,$\mathrm{Hel}_{50}$,Cter_symmetric_BB_contact_survival,symmetric_nac_bb,Any 1 banded symmetric C-ter BB,chain_pair,all,largest_cluster,887000.0,1.0339443944704652e-05,1.4622181853997694e-05,1778.6775827723613,7150.970071685522,3783.6208029308486,0.8,8.0,8.0,100.0,96,140,3,partner_consecutive_v2
G2_Wcluster_alhx700,$\mathrm{Hel}_{50}$,Cter_symmetric_BB_contact_survival,symmetric_nac_bb,Any 1 banded symmetric C-ter BB,chain_pair,all,largest_cluster,888000.0,1.0339443944704652e-05,1.4622181853997694e-05,1778.6775827723613,7150.970071685522,3783.6208029308486,0.8,8.0,8.0,100.0,96,140,3,partner_consecutive_v2
G2_Wcluster_alhx700,$\mathrm{Hel}_{50}$,Cter_symmetric_BB_contact_survival,symmetric_nac_bb,Any 1 banded symmetric C-ter BB,chain_pair,all,largest_cluster,889000.0,1.0339443944704652e-05,1.4622181853997694e-05,1778.6775827723613,7150.970071685522,3783.6208029308486,0.8,8.0,8.0,100.0,96,140,3,partner_consecutive_v2
G2_Wcluster_alhx700,$\mathrm{Hel}_{50}$,Cter_symmetric_BB_contact_survival,symmetric_nac_bb,Any 1 banded symmetric C-ter BB,chain_pair,all,largest_cluster,890000.0,1.0339443944704652e-05,1.4622181853997694e-05,1778.6775827723613,7150.970071685522,3783.6208029308486,0.8,8.0,8.0,100.0,96,140,3,partner_consecutive_v2
G2_Wcluster_alhx700,$\mathrm{Hel}_{50}$,Cter_symmetric_BB_contact_survival,symmetric_nac_bb,Any 1 banded symmetric C-ter BB,chain_pair,all,largest_cluster,891000.0,1.0339443944704652e-05,1.4622181853997694e-05,1778.6775827723613,7150.970071685522,3783.6208029308486,0.8,8.0,8.0,100.0,96,140,3,partner_consecutive_v2
G2_Wcluster_alhx700,$\mathrm{Hel}_{50}$,Cter_symmetric_BB_contact_survival,symmetric_nac_bb,Any 1 banded symmetric C-ter BB,chain_pair,all,largest_cluster,892000.0,1.0339443944704652e-05,1.4622181853997694e-05,1778.6775827723613,7150.970071685522,3783.6208029308486,0.8,8.0,8.0,100.0,96,140,3,partner_consecutive_v2
G2_Wcluster_alhx700,$\mathrm{Hel}_{50}$,Cter_symmetric_BB_contact_survival,symmetric_nac_bb,Any 1 banded symmetric C-ter BB,chain_pair,all,largest_cluster,893000.0,1.0339443944704652e-05,1.4622181853997694e-05,1778.6775827723613,7150.970071685522,3783.6208029308486,0.8,8.0,8.0,100.0,96,140,3,partner_consecutive_v2
G2_Wcluster_alhx700,$\mathrm{Hel}_{50}$,Cter_symmetric_BB_contact_survival,symmetric_nac_bb,Any 1 banded symmetric C-ter BB,chain_pair,all,largest_cluster,894000.0,1.0339443944704652e-05,1.4622181853997694e-05,1778.6775827723613,7150.970071685522,3783.6208029308486,0.8,8.0,8.0,100.0,96,140,3,partner_consecutive_v2
G2_Wcluster_alhx700,$\mathrm{Hel}_{50}$,Cter_symmetric_BB_contact_survival,symmetric_nac_bb,Any 1 banded symmetric C-ter BB,chain_pair,all,largest_cluster,895000.0,1.0339443944704652e-05,1.4622181853997694e-05,1778.6775827723613,7150.970071685522,3783.6208029308486,0.8,8.0,8.0,100.0,96,140,3,partner_consecutive_v2
G2_Wcluster_alhx700,$\mathrm{Hel}_{50}$,Cter_symmetric_BB_contact_survival,symmetric_nac_bb,Any 1 banded symmetric C-ter BB,chain_pair,all,largest_cluster,896000.0,1.0339443944704652e-05,1.4622181853997694e-05,1778.6775827723613,7150.970071685522,3783.6208029308486,0.8,8.0,8.0,100.0,96,140,3,partner_consecutive_v2
G2_Wcluster_alhx700,$\mathrm{Hel}_{50}$,Cter_symmetric_BB_contact_survival,symmetric_nac_bb,Any 1 banded symmetric C-ter BB,chain_pair,all,largest_cluster,897000.0,1.0339443944704652e-05,1.4622181853997694e-05,1778.6775827723613,7150.970071685522,3783.6208029308486,0.8,8.0,8.0,100.0,96,140,3,partner_consecutive_v2
G2_Wcluster_alhx700,$\mathrm{Hel}_{50}$,Cter_symmetric_BB_contact_survival,symmetric_nac_bb,Any 1 banded symmetric C-ter BB,chain_pair,all,largest_cluster,898000.0,1.0339443944704652e-05,1.4622181853997694e-05,1778.6775827723613,7150.970071685522,3783.6208029308486,0.8,8.0,8.0,100.0,96,140,3,partner_consecutive_v2
G2_Wcluster_alhx700,$\mathrm{Hel}_{50}$,Cter_symmetric_BB_contact_survival,symmetric_nac_bb,Any 1 banded symmetric C-ter BB,chain_pair,all,largest_cluster,899000.0,1.0339443944704652e-05,1.4622181853997694e-05,1778.6775827723613,7150.970071685522,3783.6208029308486,0.8,8.0,8.0,100.0,96,140,3,partner_consecutive_v2
G2_Wcluster_alhx700,$\mathrm{Hel}_{50}$,Cter_symmetric_BB_contact_survival,symmetric_nac_bb,Any 1 banded symmetric C-ter BB,chain_pair,all,largest_cluster,900000.0,1.0339443944704652e-05,1.4622181853997694e-05,1778.6775827723613,7150.970071685522,3783.6208029308486,0.8,8.0,8.0,100.0,96,140,3,partner_consecutive_v2
G2_Wcluster_alhx700,$\mathrm{Hel}_{50}$,Cter_symmetric_BB_contact_survival,symmetric_nac_bb,Any 1 banded symmetric C-ter BB,chain_pair,all,largest_cluster,901000.0,1.0339443944704652e-05,1.4622181853997694e-05,1778.6775827723613,7150.970071685522,3783.6208029308486,0.8,8.0,8.0,100.0,96,140,3,partner_consecutive_v2
G2_Wcluster_alhx700,$\mathrm{Hel}_{50}$,Cter_symmetric_BB_contact_survival,symmetric_nac_bb,Any 1 banded symmetric C-ter BB,chain_pair,all,largest_cluster,902000.0,1.0339443944704652e-05,1.4622181853997694e-05,1778.6775827723613,7150.970071685522,3783.6208029308486,0.8,8.0,8.0,100.0,96,140,3,partner_consecutive_v2
G2_Wcluster_alhx700,$\mathrm{Hel}_{50}$,Cter_symmetric_BB_contact_survival,symmetric_nac_bb,Any 1 banded symmetric C-ter BB,chain_pair,all,largest_cluster,903000.0,1.0339443944704652e-05,1.4622181853997694e-05,1778.6775827723613,7150.970071685522,3783.6208029308486,0.8,8.0,8.0,100.0,96,140,3,partner_consecutive_v2
G2_Wcluster_alhx700,$\mathrm{Hel}_{50}$,Cter_symmetric_BB_contact_survival,symmetric_nac_bb,Any 1 banded symmetric C-ter BB,chain_pair,all,largest_cluster,904000.0,1.0339443944704652e-05,1.4622181853997694e-05,1778.6775827723613,7150.970071685522,3783.6208029308486,0.8,8.0,8.0,100.0,96,140,3,partner_consecutive_v2
G2_Wcluster_alhx700,$\mathrm{Hel}_{50}$,Cter_symmetric_BB_contact_survival,symmetric_nac_bb,Any 1 banded symmetric C-ter BB,chain_pair,all,largest_cluster,905000.0,1.0339443944704652e-05,1.4622181853997694e-05,1778.6775827723613,7150.970071685522,3783.6208029308486,0.8,8.0,8.0,100.0,96,140,3,partner_consecutive_v2
G2_Wcluster_alhx700,$\mathrm{Hel}_{50}$,Cter_symmetric_BB_contact_survival,symmetric_nac_bb,Any 1 banded symmetric C-ter BB,chain_pair,all,largest_cluster,906000.0,1.0339443944704652e-05,1.4622181853997694e-05,1778.6775827723613,7150.970071685522,3783.6208029308486,0.8,8.0,8.0,100.0,96,140,3,partner_consecutive_v2
G2_Wcluster_alhx700,$\mathrm{Hel}_{50}$,Cter_symmetric_BB_contact_survival,symmetric_nac_bb,Any 1 banded symmetric C-ter BB,chain_pair,all,largest_cluster,907000.0,1.0339443944704652e-05,1.4622181853997694e-05,1778.6775827723613,7150.970071685522,3783.6208029308486,0.8,8.0,8.0,100.0,96,140,3,partner_consecutive_v2
G2_Wcluster_alhx700,$\mathrm{Hel}_{50}$,Cter_symmetric_BB_contact_survival,symmetric_nac_bb,Any 1 banded symmetric C-ter BB,chain_pair,all,largest_cluster,908000.0,1.0339443944704652e-05,1.4622181853997694e-05,1778.6775827723613,7150.970071685522,3783.6208029308486,0.8,8.0,8.0,100.0,96,140,3,partner_consecutive_v2
G2_Wcluster_alhx700,$\mathrm{Hel}_{50}$,Cter_symmetric_BB_contact_survival,symmetric_nac_bb,Any 1 banded symmetric C-ter BB,chain_pair,all,largest_cluster,909000.0,1.0339443944704652e-05,1.4622181853997694e-05,1778.6775827723613,7150.970071685522,3783.6208029308486,0.8,8.0,8.0,100.0,96,140,3,partner_consecutive_v2
G2_Wcluster_alhx700,$\mathrm{Hel}_{50}$,Cter_symmetric_BB_contact_survival,symmetric_nac_bb,Any 1 banded symmetric C-ter BB,chain_pair,all,largest_cluster,910000.0,1.0339443944704652e-05,1.4622181853997694e-05,1778.6775827723613,7150.970071685522,3783.6208029308486,0.8,8.0,8.0,100.0,96,140,3,partner_consecutive_v2
G2_Wcluster_alhx700,$\mathrm{Hel}_{50}$,Cter_symmetric_BB_contact_survival,symmetric_nac_bb,Any 1 banded symmetric C-ter BB,chain_pair,all,largest_cluster,911000.0,1.0339443944704652e-05,1.4622181853997694e-05,1778.6775827723613,7150.970071685522,3783.6208029308486,0.8,8.0,8.0,100.0,96,140,3,partner_consecutive_v2
G2_Wcluster_alhx700,$\mathrm{Hel}_{50}$,Cter_symmetric_BB_contact_survival,symmetric_nac_bb,Any 1 banded symmetric C-ter BB,chain_pair,all,largest_cluster,912000.0,1.0339443944704652e-05,1.4622181853997694e-05,1778.6775827723613,7150.970071685522,3783.6208029308486,0.8,8.0,8.0,100.0,96,140,3,partner_consecutive_v2
G2_Wcluster_alhx700,$\mathrm{Hel}_{50}$,Cter_symmetric_BB_contact_survival,symmetric_nac_bb,Any 1 banded symmetric C-ter BB,chain_pair,all,largest_cluster,913000.0,1.0339443944704652e-05,1.4622181853997694e-05,1778.6775827723613,7150.970071685522,3783.6208029308486,0.8,8.0,8.0,100.0,96,140,3,partner_consecutive_v2
G2_Wcluster_alhx700,$\mathrm{Hel}_{50}$,Cter_symmetric_BB_contact_survival,symmetric_nac_bb,Any 1 banded symmetric C-ter BB,chain_pair,all,largest_cluster,914000.0,1.0339443944704652e-05,1.4622181853997694e-05,1778.6775827723613,7150.970071685522,3783.6208029308486,0.8,8.0,8.0,100.0,96,140,3,partner_consecutive_v2
G2_Wcluster_alhx700,$\mathrm{Hel}_{50}$,Cter_symmetric_BB_contact_survival,symmetric_nac_bb,Any 1 banded symmetric C-ter BB,chain_pair,all,largest_cluster,915000.0,1.0339443944704652e-05,1.4622181853997694e-05,1778.6775827723613,7150.970071685522,3783.6208029308486,0.8,8.0,8.0,100.0,96,140,3,partner_consecutive_v2
G2_Wcluster_alhx700,$\mathrm{Hel}_{50}$,Cter_symmetric_BB_contact_survival,symmetric_nac_bb,Any 1 banded symmetric C-ter BB,chain_pair,all,largest_cluster,916000.0,1.0339443944704652e-05,1.4622181853997694e-05,1778.6775827723613,7150.970071685522,3783.6208029308486,0.8,8.0,8.0,100.0,96,140,3,partner_consecutive_v2
G2_Wcluster_alhx700,$\mathrm{Hel}_{50}$,Cter_symmetric_BB_contact_survival,symmetric_nac_bb,Any 1 banded symmetric C-ter BB,chain_pair,all,largest_cluster,917000.0,1.0339443944704652e-05,1.4622181853997694e-05,1778.6775827723613,7150.970071685522,3783.6208029308486,0.8,8.0,8.0,100.0,96,140,3,partner_consecutive_v2
G2_Wcluster_alhx700,$\mathrm{Hel}_{50}$,Cter_symmetric_BB_contact_survival,symmetric_nac_bb,Any 1 banded symmetric C-ter BB,chain_pair,all,largest_cluster,918000.0,1.0339443944704652e-05,1.4622181853997694e-05,1778.6775827723613,7150.970071685522,3783.6208029308486,0.8,8.0,8.0,100.0,96,140,3,partner_consecutive_v2
G2_Wcluster_alhx700,$\mathrm{Hel}_{50}$,Cter_symmetric_BB_contact_survival,symmetric_nac_bb,Any 1 banded symmetric C-ter BB,chain_pair,all,largest_cluster,919000.0,1.0339443944704652e-05,1.4622181853997694e-05,1778.6775827723613,7150.970071685522,3783.6208029308486,0.8,8.0,8.0,100.0,96,140,3,partner_consecutive_v2
G2_Wcluster_alhx700,$\mathrm{Hel}_{50}$,Cter_symmetric_BB_contact_survival,symmetric_nac_bb,Any 1 banded symmetric C-ter BB,chain_pair,all,largest_cluster,920000.0,1.0339443944704652e-05,1.4622181853997694e-05,1778.6775827723613,7150.970071685522,3783.6208029308486,0.8,8.0,8.0,100.0,96,140,3,partner_consecutive_v2
G2_Wcluster_alhx700,$\mathrm{Hel}_{50}$,Cter_symmetric_BB_contact_survival,symmetric_nac_bb,Any 1 banded symmetric C-ter BB,chain_pair,all,largest_cluster,921000.0,1.0339443944704652e-05,1.4622181853997694e-05,1778.6775827723613,7150.970071685522,3783.6208029308486,0.8,8.0,8.0,100.0,96,140,3,partner_consecutive_v2
G2_Wcluster_alhx700,$\mathrm{Hel}_{50}$,Cter_symmetric_BB_contact_survival,symmetric_nac_bb,Any 1 banded symmetric C-ter BB,chain_pair,all,largest_cluster,922000.0,1.0339443944704652e-05,1.4622181853997694e-05,1778.6775827723613,7150.970071685522,3783.6208029308486,0.8,8.0,8.0,100.0,96,140,3,partner_consecutive_v2
G2_Wcluster_alhx700,$\mathrm{Hel}_{50}$,Cter_symmetric_BB_contact_survival,symmetric_nac_bb,Any 1 banded symmetric C-ter BB,chain_pair,all,largest_cluster,923000.0,1.0339443944704652e-05,1.4622181853997694e-05,1778.6775827723613,7150.970071685522,3783.6208029308486,0.8,8.0,8.0,100.0,96,140,3,partner_consecutive_v2
G2_Wcluster_alhx700,$\mathrm{Hel}_{50}$,Cter_symmetric_BB_contact_survival,symmetric_nac_bb,Any 1 banded symmetric C-ter BB,chain_pair,all,largest_cluster,924000.0,1.0339443944704652e-05,1.4622181853997694e-05,1778.6775827723613,7150.970071685522,3783.6208029308486,0.8,8.0,8.0,100.0,96,140,3,partner_consecutive_v2
G2_Wcluster_alhx700,$\mathrm{Hel}_{50}$,Cter_symmetric_BB_contact_survival,symmetric_nac_bb,Any 1 banded symmetric C-ter BB,chain_pair,all,largest_cluster,925000.0,1.0339443944704652e-05,1.4622181853997694e-05,1778.6775827723613,7150.970071685522,3783.6208029308486,0.8,8.0,8.0,100.0,96,140,3,partner_consecutive_v2
G2_Wcluster_alhx700,$\mathrm{Hel}_{50}$,Cter_symmetric_BB_contact_survival,symmetric_nac_bb,Any 1 banded symmetric C-ter BB,chain_pair,all,largest_cluster,926000.0,1.0339443944704652e-05,1.4622181853997694e-05,1778.6775827723613,7150.970071685522,3783.6208029308486,0.8,8.0,8.0,100.0,96,140,3,partner_consecutive_v2
G2_Wcluster_alhx700,$\mathrm{Hel}_{50}$,Cter_symmetric_BB_contact_survival,symmetric_nac_bb,Any 1 banded symmetric C-ter BB,chain_pair,all,largest_cluster,927000.0,1.0339443944704652e-05,1.4622181853997694e-05,1778.6775827723613,7150.970071685522,3783.6208029308486,0.8,8.0,8.0,100.0,96,140,3,partner_consecutive_v2
G2_Wcluster_alhx700,$\mathrm{Hel}_{50}$,Cter_symmetric_BB_contact_survival,symmetric_nac_bb,Any 1 banded symmetric C-ter BB,chain_pair,all,largest_cluster,928000.0,1.0339443944704652e-05,1.4622181853997694e-05,1778.6775827723613,7150.970071685522,3783.6208029308486,0.8,8.0,8.0,100.0,96,140,3,partner_consecutive_v2
G2_Wcluster_alhx700,$\mathrm{Hel}_{50}$,Cter_symmetric_BB_contact_survival,symmetric_nac_bb,Any 1 banded symmetric C-ter BB,chain_pair,all,largest_cluster,929000.0,1.0339443944704652e-05,1.4622181853997694e-05,1778.6775827723613,7150.970071685522,3783.6208029308486,0.8,8.0,8.0,100.0,96,140,3,partner_consecutive_v2
G2_Wcluster_alhx700,$\mathrm{Hel}_{50}$,Cter_symmetric_BB_contact_survival,symmetric_nac_bb,Any 1 banded symmetric C-ter BB,chain_pair,all,largest_cluster,930000.0,1.0339443944704652e-05,1.4622181853997694e-05,1778.6775827723613,7150.970071685522,3783.6208029308486,0.8,8.0,8.0,100.0,96,140,3,partner_consecutive_v2
G2_Wcluster_alhx700,$\mathrm{Hel}_{50}$,Cter_symmetric_BB_contact_survival,symmetric_nac_bb,Any 1 banded symmetric C-ter BB,chain_pair,all,largest_cluster,931000.0,1.0339443944704652e-05,1.4622181853997694e-05,1778.6775827723613,7150.970071685522,3783.6208029308486,0.8,8.0,8.0,100.0,96,140,3,partner_consecutive_v2
G2_Wcluster_alhx700,$\mathrm{Hel}_{50}$,Cter_symmetric_BB_contact_survival,symmetric_nac_bb,Any 1 banded symmetric C-ter BB,chain_pair,all,largest_cluster,932000.0,1.0339443944704652e-05,1.4622181853997694e-05,1778.6775827723613,7150.970071685522,3783.6208029308486,0.8,8.0,8.0,100.0,96,140,3,partner_consecutive_v2
G2_Wcluster_alhx700,$\mathrm{Hel}_{50}$,Cter_symmetric_BB_contact_survival,symmetric_nac_bb,Any 1 banded symmetric C-ter BB,chain_pair,all,largest_cluster,933000.0,1.0339443944704652e-05,1.4622181853997694e-05,1778.6775827723613,7150.970071685522,3783.6208029308486,0.8,8.0,8.0,100.0,96,140,3,partner_consecutive_v2
G2_Wcluster_alhx700,$\mathrm{Hel}_{50}$,Cter_symmetric_BB_contact_survival,symmetric_nac_bb,Any 1 banded symmetric C-ter BB,chain_pair,all,largest_cluster,934000.0,1.0339443944704652e-05,1.4622181853997694e-05,1778.6775827723613,7150.970071685522,3783.6208029308486,0.8,8.0,8.0,100.0,96,140,3,partner_consecutive_v2
G2_Wcluster_alhx700,$\mathrm{Hel}_{50}$,Cter_symmetric_BB_contact_survival,symmetric_nac_bb,Any 1 banded symmetric C-ter BB,chain_pair,all,largest_cluster,935000.0,1.0339443944704652e-05,1.4622181853997694e-05,1778.6775827723613,7150.970071685522,3783.6208029308486,0.8,8.0,8.0,100.0,96,140,3,partner_consecutive_v2
G2_Wcluster_alhx700,$\mathrm{Hel}_{50}$,Cter_symmetric_BB_contact_survival,symmetric_nac_bb,Any 1 banded symmetric C-ter BB,chain_pair,all,largest_cluster,936000.0,1.0339443944704652e-05,1.4622181853997694e-05,1778.6775827723613,7150.970071685522,3783.6208029308486,0.8,8.0,8.0,100.0,96,140,3,partner_consecutive_v2
G2_Wcluster_alhx700,$\mathrm{Hel}_{50}$,Cter_symmetric_BB_contact_survival,symmetric_nac_bb,Any 1 banded symmetric C-ter BB,chain_pair,all,largest_cluster,937000.0,1.0339443944704652e-05,1.4622181853997694e-05,1778.6775827723613,7150.970071685522,3783.6208029308486,0.8,8.0,8.0,100.0,96,140,3,partner_consecutive_v2
G2_Wcluster_alhx700,$\mathrm{Hel}_{50}$,Cter_symmetric_BB_contact_survival,symmetric_nac_bb,Any 1 banded symmetric C-ter BB,chain_pair,all,largest_cluster,938000.0,1.0339443944704652e-05,1.4622181853997694e-05,1778.6775827723613,7150.970071685522,3783.6208029308486,0.8,8.0,8.0,100.0,96,140,3,partner_consecutive_v2
G2_Wcluster_alhx700,$\mathrm{Hel}_{50}$,Cter_symmetric_BB_contact_survival,symmetric_nac_bb,Any 1 banded symmetric C-ter BB,chain_pair,all,largest_cluster,939000.0,1.0339443944704652e-05,1.4622181853997694e-05,1778.6775827723613,7150.970071685522,3783.6208029308486,0.8,8.0,8.0,100.0,96,140,3,partner_consecutive_v2
G2_Wcluster_alhx700,$\mathrm{Hel}_{50}$,Cter_symmetric_BB_contact_survival,symmetric_nac_bb,Any 1 banded symmetric C-ter BB,chain_pair,all,largest_cluster,940000.0,1.0339443944704652e-05,1.4622181853997694e-05,1778.6775827723613,7150.970071685522,3783.6208029308486,0.8,8.0,8.0,100.0,96,140,3,partner_consecutive_v2
G2_Wcluster_alhx700,$\mathrm{Hel}_{50}$,Cter_symmetric_BB_contact_survival,symmetric_nac_bb,Any 1 banded symmetric C-ter BB,chain_pair,all,largest_cluster,941000.0,1.0339443944704652e-05,1.4622181853997694e-05,1778.6775827723613,7150.970071685522,3783.6208029308486,0.8,8.0,8.0,100.0,96,140,3,partner_consecutive_v2
G2_Wcluster_alhx700,$\mathrm{Hel}_{50}$,Cter_symmetric_BB_contact_survival,symmetric_nac_bb,Any 1 banded symmetric C-ter BB,chain_pair,all,largest_cluster,942000.0,1.0339443944704652e-05,1.4622181853997694e-05,1778.6775827723613,7150.970071685522,3783.6208029308486,0.8,8.0,8.0,100.0,96,140,3,partner_consecutive_v2
G2_Wcluster_alhx700,$\mathrm{Hel}_{50}$,Cter_symmetric_BB_contact_survival,symmetric_nac_bb,Any 1 banded symmetric C-ter BB,chain_pair,all,largest_cluster,943000.0,1.0339443944704652e-05,1.4622181853997694e-05,1778.6775827723613,7150.970071685522,3783.6208029308486,0.8,8.0,8.0,100.0,96,140,3,partner_consecutive_v2
G2_Wcluster_alhx700,$\mathrm{Hel}_{50}$,Cter_symmetric_BB_contact_survival,symmetric_nac_bb,Any 1 banded symmetric C-ter BB,chain_pair,all,largest_cluster,944000.0,1.0339443944704652e-05,1.4622181853997694e-05,1778.6775827723613,7150.970071685522,3783.6208029308486,0.8,8.0,8.0,100.0,96,140,3,partner_consecutive_v2
G2_Wcluster_alhx700,$\mathrm{Hel}_{50}$,Cter_symmetric_BB_contact_survival,symmetric_nac_bb,Any 1 banded symmetric C-ter BB,chain_pair,all,largest_cluster,945000.0,1.0339443944704652e-05,1.4622181853997694e-05,1778.6775827723613,7150.970071685522,3783.6208029308486,0.8,8.0,8.0,100.0,96,140,3,partner_consecutive_v2
G2_Wcluster_alhx700,$\mathrm{Hel}_{50}$,Cter_symmetric_BB_contact_survival,symmetric_nac_bb,Any 1 banded symmetric C-ter BB,chain_pair,all,largest_cluster,946000.0,1.0339443944704652e-05,1.4622181853997694e-05,1778.6775827723613,7150.970071685522,3783.6208029308486,0.8,8.0,8.0,100.0,96,140,3,partner_consecutive_v2
G2_Wcluster_alhx700,$\mathrm{Hel}_{50}$,Cter_symmetric_BB_contact_survival,symmetric_nac_bb,Any 1 banded symmetric C-ter BB,chain_pair,all,largest_cluster,947000.0,1.0339443944704652e-05,1.4622181853997694e-05,1778.6775827723613,7150.970071685522,3783.6208029308486,0.8,8.0,8.0,100.0,96,140,3,partner_consecutive_v2
G2_Wcluster_alhx700,$\mathrm{Hel}_{50}$,Cter_symmetric_BB_contact_survival,symmetric_nac_bb,Any 1 banded symmetric C-ter BB,chain_pair,all,largest_cluster,948000.0,1.0339443944704652e-05,1.4622181853997694e-05,1778.6775827723613,7150.970071685522,3783.6208029308486,0.8,8.0,8.0,100.0,96,140,3,partner_consecutive_v2
G2_Wcluster_alhx700,$\mathrm{Hel}_{50}$,Cter_symmetric_BB_contact_survival,symmetric_nac_bb,Any 1 banded symmetric C-ter BB,chain_pair,all,largest_cluster,949000.0,1.0339443944704652e-05,1.4622181853997694e-05,1778.6775827723613,7150.970071685522,3783.6208029308486,0.8,8.0,8.0,100.0,96,140,3,partner_consecutive_v2
G2_Wcluster_alhx700,$\mathrm{Hel}_{50}$,Cter_symmetric_BB_contact_survival,symmetric_nac_bb,Any 1 banded symmetric C-ter BB,chain_pair,all,largest_cluster,950000.0,1.0339443944704652e-05,1.4622181853997694e-05,1778.6775827723613,7150.970071685522,3783.6208029308486,0.8,8.0,8.0,100.0,96,140,3,partner_consecutive_v2
G2_Wcluster_alhx700,$\mathrm{Hel}_{50}$,Cter_symmetric_BB_contact_survival,symmetric_nac_bb,Any 1 banded symmetric C-ter BB,chain_pair,all,largest_cluster,951000.0,1.0339443944704652e-05,1.4622181853997694e-05,1778.6775827723613,7150.970071685522,3783.6208029308486,0.8,8.0,8.0,100.0,96,140,3,partner_consecutive_v2
G2_Wcluster_alhx700,$\mathrm{Hel}_{50}$,Cter_symmetric_BB_contact_survival,symmetric_nac_bb,Any 1 banded symmetric C-ter BB,chain_pair,all,largest_cluster,952000.0,1.0339443944704652e-05,1.4622181853997694e-05,1778.6775827723613,7150.970071685522,3783.6208029308486,0.8,8.0,8.0,100.0,96,140,3,partner_consecutive_v2
G2_Wcluster_alhx700,$\mathrm{Hel}_{50}$,Cter_symmetric_BB_contact_survival,symmetric_nac_bb,Any 1 banded symmetric C-ter BB,chain_pair,all,largest_cluster,953000.0,1.0339443944704652e-05,1.4622181853997694e-05,1778.6775827723613,7150.970071685522,3783.6208029308486,0.8,8.0,8.0,100.0,96,140,3,partner_consecutive_v2
G2_Wcluster_alhx700,$\mathrm{Hel}_{50}$,Cter_symmetric_BB_contact_survival,symmetric_nac_bb,Any 1 banded symmetric C-ter BB,chain_pair,all,largest_cluster,954000.0,1.0339443944704652e-05,1.4622181853997694e-05,1778.6775827723613,7150.970071685522,3783.6208029308486,0.8,8.0,8.0,100.0,96,140,3,partner_consecutive_v2
G2_Wcluster_alhx700,$\mathrm{Hel}_{50}$,Cter_symmetric_BB_contact_survival,symmetric_nac_bb,Any 1 banded symmetric C-ter BB,chain_pair,all,largest_cluster,955000.0,1.0339443944704652e-05,1.4622181853997694e-05,1778.6775827723613,7150.970071685522,3783.6208029308486,0.8,8.0,8.0,100.0,96,140,3,partner_consecutive_v2
G2_Wcluster_alhx700,$\mathrm{Hel}_{50}$,Cter_symmetric_BB_contact_survival,symmetric_nac_bb,Any 1 banded symmetric C-ter BB,chain_pair,all,largest_cluster,956000.0,1.0339443944704652e-05,1.4622181853997694e-05,1778.6775827723613,7150.970071685522,3783.6208029308486,0.8,8.0,8.0,100.0,96,140,3,partner_consecutive_v2
G2_Wcluster_alhx700,$\mathrm{Hel}_{50}$,Cter_symmetric_BB_contact_survival,symmetric_nac_bb,Any 1 banded symmetric C-ter BB,chain_pair,all,largest_cluster,957000.0,1.0339443944704652e-05,1.4622181853997694e-05,1778.6775827723613,7150.970071685522,3783.6208029308486,0.8,8.0,8.0,100.0,96,140,3,partner_consecutive_v2
G2_Wcluster_alhx700,$\mathrm{Hel}_{50}$,Cter_symmetric_BB_contact_survival,symmetric_nac_bb,Any 1 banded symmetric C-ter BB,chain_pair,all,largest_cluster,958000.0,1.0339443944704652e-05,1.4622181853997694e-05,1778.6775827723613,7150.970071685522,3783.6208029308486,0.8,8.0,8.0,100.0,96,140,3,partner_consecutive_v2
G2_Wcluster_alhx700,$\mathrm{Hel}_{50}$,Cter_symmetric_BB_contact_survival,symmetric_nac_bb,Any 1 banded symmetric C-ter BB,chain_pair,all,largest_cluster,959000.0,1.0339443944704652e-05,1.4622181853997694e-05,1778.6775827723613,7150.970071685522,3783.6208029308486,0.8,8.0,8.0,100.0,96,140,3,partner_consecutive_v2
G2_Wcluster_alhx700,$\mathrm{Hel}_{50}$,Cter_symmetric_BB_contact_survival,symmetric_nac_bb,Any 1 banded symmetric C-ter BB,chain_pair,all,largest_cluster,960000.0,1.0339443944704652e-05,1.4622181853997694e-05,1778.6775827723613,7150.970071685522,3783.6208029308486,0.8,8.0,8.0,100.0,96,140,3,partner_consecutive_v2
G2_Wcluster_alhx700,$\mathrm{Hel}_{50}$,Cter_symmetric_BB_contact_survival,symmetric_nac_bb,Any 1 banded symmetric C-ter BB,chain_pair,all,largest_cluster,961000.0,1.0339443944704652e-05,1.4622181853997694e-05,1778.6775827723613,7150.970071685522,3783.6208029308486,0.8,8.0,8.0,100.0,96,140,3,partner_consecutive_v2
G2_Wcluster_alhx700,$\mathrm{Hel}_{50}$,Cter_symmetric_BB_contact_survival,symmetric_nac_bb,Any 1 banded symmetric C-ter BB,chain_pair,all,largest_cluster,962000.0,1.0339443944704652e-05,1.4622181853997694e-05,1778.6775827723613,7150.970071685522,3783.6208029308486,0.8,8.0,8.0,100.0,96,140,3,partner_consecutive_v2
G2_Wcluster_alhx700,$\mathrm{Hel}_{50}$,Cter_symmetric_BB_contact_survival,symmetric_nac_bb,Any 1 banded symmetric C-ter BB,chain_pair,all,largest_cluster,963000.0,1.0339443944704652e-05,1.4622181853997694e-05,1778.6775827723613,7150.970071685522,3783.6208029308486,0.8,8.0,8.0,100.0,96,140,3,partner_consecutive_v2
G2_Wcluster_alhx700,$\mathrm{Hel}_{50}$,Cter_symmetric_BB_contact_survival,symmetric_nac_bb,Any 1 banded symmetric C-ter BB,chain_pair,all,largest_cluster,964000.0,1.0339443944704652e-05,1.4622181853997694e-05,1778.6775827723613,7150.970071685522,3783.6208029308486,0.8,8.0,8.0,100.0,96,140,3,partner_consecutive_v2
G2_Wcluster_alhx700,$\mathrm{Hel}_{50}$,Cter_symmetric_BB_contact_survival,symmetric_nac_bb,Any 1 banded symmetric C-ter BB,chain_pair,all,largest_cluster,965000.0,1.0339443944704652e-05,1.4622181853997694e-05,1778.6775827723613,7150.970071685522,3783.6208029308486,0.8,8.0,8.0,100.0,96,140,3,partner_consecutive_v2
G2_Wcluster_alhx700,$\mathrm{Hel}_{50}$,Cter_symmetric_BB_contact_survival,symmetric_nac_bb,Any 1 banded symmetric C-ter BB,chain_pair,all,largest_cluster,966000.0,1.0339443944704652e-05,1.4622181853997694e-05,1778.6775827723613,7150.970071685522,3783.6208029308486,0.8,8.0,8.0,100.0,96,140,3,partner_consecutive_v2
G2_Wcluster_alhx700,$\mathrm{Hel}_{50}$,Cter_symmetric_BB_contact_survival,symmetric_nac_bb,Any 1 banded symmetric C-ter BB,chain_pair,all,largest_cluster,967000.0,1.0339443944704652e-05,1.4622181853997694e-05,1778.6775827723613,7150.970071685522,3783.6208029308486,0.8,8.0,8.0,100.0,96,140,3,partner_consecutive_v2
G2_Wcluster_alhx700,$\mathrm{Hel}_{50}$,Cter_symmetric_BB_contact_survival,symmetric_nac_bb,Any 1 banded symmetric C-ter BB,chain_pair,all,largest_cluster,968000.0,1.0339443944704652e-05,1.4622181853997694e-05,1778.6775827723613,7150.970071685522,3783.6208029308486,0.8,8.0,8.0,100.0,96,140,3,partner_consecutive_v2
G2_Wcluster_alhx700,$\mathrm{Hel}_{50}$,Cter_symmetric_BB_contact_survival,symmetric_nac_bb,Any 1 banded symmetric C-ter BB,chain_pair,all,largest_cluster,969000.0,1.0339443944704652e-05,1.4622181853997694e-05,1778.6775827723613,7150.970071685522,3783.6208029308486,0.8,8.0,8.0,100.0,96,140,3,partner_consecutive_v2
G2_Wcluster_alhx700,$\mathrm{Hel}_{50}$,Cter_symmetric_BB_contact_survival,symmetric_nac_bb,Any 1 banded symmetric C-ter BB,chain_pair,all,largest_cluster,970000.0,1.0339443944704652e-05,1.4622181853997694e-05,1778.6775827723613,7150.970071685522,3783.6208029308486,0.8,8.0,8.0,100.0,96,140,3,partner_consecutive_v2
G2_Wcluster_alhx700,$\mathrm{Hel}_{50}$,Cter_symmetric_BB_contact_survival,symmetric_nac_bb,Any 1 banded symmetric C-ter BB,chain_pair,all,largest_cluster,971000.0,1.0339443944704652e-05,1.4622181853997694e-05,1778.6775827723613,7150.970071685522,3783.6208029308486,0.8,8.0,8.0,100.0,96,140,3,partner_consecutive_v2
G2_Wcluster_alhx700,$\mathrm{Hel}_{50}$,Cter_symmetric_BB_contact_survival,symmetric_nac_bb,Any 1 banded symmetric C-ter BB,chain_pair,all,largest_cluster,972000.0,1.0339443944704652e-05,1.4622181853997694e-05,1778.6775827723613,7150.970071685522,3783.6208029308486,0.8,8.0,8.0,100.0,96,140,3,partner_consecutive_v2
G2_Wcluster_alhx700,$\mathrm{Hel}_{50}$,Cter_symmetric_BB_contact_survival,symmetric_nac_bb,Any 1 banded symmetric C-ter BB,chain_pair,all,largest_cluster,973000.0,1.0339443944704652e-05,1.4622181853997694e-05,1778.6775827723613,7150.970071685522,3783.6208029308486,0.8,8.0,8.0,100.0,96,140,3,partner_consecutive_v2
G2_Wcluster_alhx700,$\mathrm{Hel}_{50}$,Cter_symmetric_BB_contact_survival,symmetric_nac_bb,Any 1 banded symmetric C-ter BB,chain_pair,all,largest_cluster,974000.0,1.0339443944704652e-05,1.4622181853997694e-05,1778.6775827723613,7150.970071685522,3783.6208029308486,0.8,8.0,8.0,100.0,96,140,3,partner_consecutive_v2
G2_Wcluster_alhx700,$\mathrm{Hel}_{50}$,Cter_symmetric_BB_contact_survival,symmetric_nac_bb,Any 1 banded symmetric C-ter BB,chain_pair,all,largest_cluster,975000.0,1.0339443944704652e-05,1.4622181853997694e-05,1778.6775827723613,7150.970071685522,3783.6208029308486,0.8,8.0,8.0,100.0,96,140,3,partner_consecutive_v2
G2_Wcluster_alhx700,$\mathrm{Hel}_{50}$,Cter_symmetric_BB_contact_survival,symmetric_nac_bb,Any 1 banded symmetric C-ter BB,chain_pair,all,largest_cluster,976000.0,1.0339443944704652e-05,1.4622181853997694e-05,1778.6775827723613,7150.970071685522,3783.6208029308486,0.8,8.0,8.0,100.0,96,140,3,partner_consecutive_v2
G2_Wcluster_alhx700,$\mathrm{Hel}_{50}$,Cter_symmetric_BB_contact_survival,symmetric_nac_bb,Any 1 banded symmetric C-ter BB,chain_pair,all,largest_cluster,977000.0,1.0339443944704652e-05,1.4622181853997694e-05,1778.6775827723613,7150.970071685522,3783.6208029308486,0.8,8.0,8.0,100.0,96,140,3,partner_consecutive_v2
G2_Wcluster_alhx700,$\mathrm{Hel}_{50}$,Cter_symmetric_BB_contact_survival,symmetric_nac_bb,Any 1 banded symmetric C-ter BB,chain_pair,all,largest_cluster,978000.0,1.0339443944704652e-05,1.4622181853997694e-05,1778.6775827723613,7150.970071685522,3783.6208029308486,0.8,8.0,8.0,100.0,96,140,3,partner_consecutive_v2
G2_Wcluster_alhx700,$\mathrm{Hel}_{50}$,Cter_symmetric_BB_contact_survival,symmetric_nac_bb,Any 1 banded symmetric C-ter BB,chain_pair,all,largest_cluster,979000.0,1.0339443944704652e-05,1.4622181853997694e-05,1778.6775827723613,7150.970071685522,3783.6208029308486,0.8,8.0,8.0,100.0,96,140,3,partner_consecutive_v2
G2_Wcluster_alhx700,$\mathrm{Hel}_{50}$,Cter_symmetric_BB_contact_survival,symmetric_nac_bb,Any 1 banded symmetric C-ter BB,chain_pair,all,largest_cluster,980000.0,1.0339443944704652e-05,1.4622181853997694e-05,1778.6775827723613,7150.970071685522,3783.6208029308486,0.8,8.0,8.0,100.0,96,140,3,partner_consecutive_v2
G2_Wcluster_alhx700,$\mathrm{Hel}_{50}$,Cter_symmetric_BB_contact_survival,symmetric_nac_bb,Any 1 banded symmetric C-ter BB,chain_pair,all,largest_cluster,981000.0,1.0339443944704652e-05,1.4622181853997694e-05,1778.6775827723613,7150.970071685522,3783.6208029308486,0.8,8.0,8.0,100.0,96,140,3,partner_consecutive_v2
G2_Wcluster_alhx700,$\mathrm{Hel}_{50}$,Cter_symmetric_BB_contact_survival,symmetric_nac_bb,Any 1 banded symmetric C-ter BB,chain_pair,all,largest_cluster,982000.0,1.0339443944704652e-05,1.4622181853997694e-05,1778.6775827723613,7150.970071685522,3783.6208029308486,0.8,8.0,8.0,100.0,96,140,3,partner_consecutive_v2
G2_Wcluster_alhx700,$\mathrm{Hel}_{50}$,Cter_symmetric_BB_contact_survival,symmetric_nac_bb,Any 1 banded symmetric C-ter BB,chain_pair,all,largest_cluster,983000.0,1.0339443944704652e-05,1.4622181853997694e-05,1778.6775827723613,7150.970071685522,3783.6208029308486,0.8,8.0,8.0,100.0,96,140,3,partner_consecutive_v2
G2_Wcluster_alhx700,$\mathrm{Hel}_{50}$,Cter_symmetric_BB_contact_survival,symmetric_nac_bb,Any 1 banded symmetric C-ter BB,chain_pair,all,largest_cluster,984000.0,1.0339443944704652e-05,1.4622181853997694e-05,1778.6775827723613,7150.970071685522,3783.6208029308486,0.8,8.0,8.0,100.0,96,140,3,partner_consecutive_v2
G2_Wcluster_alhx700,$\mathrm{Hel}_{50}$,Cter_symmetric_BB_contact_survival,symmetric_nac_bb,Any 1 banded symmetric C-ter BB,chain_pair,all,largest_cluster,985000.0,1.0339443944704652e-05,1.4622181853997694e-05,1778.6775827723613,7150.970071685522,3783.6208029308486,0.8,8.0,8.0,100.0,96,140,3,partner_consecutive_v2
G2_Wcluster_alhx700,$\mathrm{Hel}_{50}$,Cter_symmetric_BB_contact_survival,symmetric_nac_bb,Any 1 banded symmetric C-ter BB,chain_pair,all,largest_cluster,986000.0,1.0339443944704652e-05,1.4622181853997694e-05,1778.6775827723613,7150.970071685522,3783.6208029308486,0.8,8.0,8.0,100.0,96,140,3,partner_consecutive_v2
G2_Wcluster_alhx700,$\mathrm{Hel}_{50}$,Cter_symmetric_BB_contact_survival,symmetric_nac_bb,Any 1 banded symmetric C-ter BB,chain_pair,all,largest_cluster,987000.0,1.0339443944704652e-05,1.4622181853997694e-05,1778.6775827723613,7150.970071685522,3783.6208029308486,0.8,8.0,8.0,100.0,96,140,3,partner_consecutive_v2
G2_Wcluster_alhx700,$\mathrm{Hel}_{50}$,Cter_symmetric_BB_contact_survival,symmetric_nac_bb,Any 1 banded symmetric C-ter BB,chain_pair,all,largest_cluster,988000.0,1.0339443944704652e-05,1.4622181853997694e-05,1778.6775827723613,7150.970071685522,3783.6208029308486,0.8,8.0,8.0,100.0,96,140,3,partner_consecutive_v2
G2_Wcluster_alhx700,$\mathrm{Hel}_{50}$,Cter_symmetric_BB_contact_survival,symmetric_nac_bb,Any 1 banded symmetric C-ter BB,chain_pair,all,largest_cluster,989000.0,1.0339443944704652e-05,1.4622181853997694e-05,1778.6775827723613,7150.970071685522,3783.6208029308486,0.8,8.0,8.0,100.0,96,140,3,partner_consecutive_v2
G2_Wcluster_alhx700,$\mathrm{Hel}_{50}$,Cter_symmetric_BB_contact_survival,symmetric_nac_bb,Any 1 banded symmetric C-ter BB,chain_pair,all,largest_cluster,990000.0,1.0339443944704652e-05,1.4622181853997694e-05,1778.6775827723613,7150.970071685522,3783.6208029308486,0.8,8.0,8.0,100.0,96,140,3,partner_consecutive_v2
G2_Wcluster_alhx700,$\mathrm{Hel}_{50}$,Cter_symmetric_BB_contact_survival,symmetric_nac_bb,Any 1 banded symmetric C-ter BB,chain_pair,all,largest_cluster,991000.0,1.0339443944704652e-05,1.4622181853997694e-05,1778.6775827723613,7150.970071685522,3783.6208029308486,0.8,8.0,8.0,100.0,96,140,3,partner_consecutive_v2
G2_Wcluster_alhx700,$\mathrm{Hel}_{50}$,Cter_symmetric_BB_contact_survival,symmetric_nac_bb,Any 1 banded symmetric C-ter BB,chain_pair,all,largest_cluster,992000.0,1.0339443944704652e-05,1.4622181853997694e-05,1778.6775827723613,7150.970071685522,3783.6208029308486,0.8,8.0,8.0,100.0,96,140,3,partner_consecutive_v2
G2_Wcluster_alhx700,$\mathrm{Hel}_{50}$,Cter_symmetric_BB_contact_survival,symmetric_nac_bb,Any 1 banded symmetric C-ter BB,chain_pair,all,largest_cluster,993000.0,1.0339443944704652e-05,1.4622181853997694e-05,1778.6775827723613,7150.970071685522,3783.6208029308486,0.8,8.0,8.0,100.0,96,140,3,partner_consecutive_v2
G2_Wcluster_alhx700,$\mathrm{Hel}_{50}$,Cter_symmetric_BB_contact_survival,symmetric_nac_bb,Any 1 banded symmetric C-ter BB,chain_pair,all,largest_cluster,994000.0,1.0339443944704652e-05,1.4622181853997694e-05,1778.6775827723613,7150.970071685522,3783.6208029308486,0.8,8.0,8.0,100.0,96,140,3,partner_consecutive_v2
G2_Wcluster_alhx700,$\mathrm{Hel}_{50}$,Cter_symmetric_BB_contact_survival,symmetric_nac_bb,Any 1 banded symmetric C-ter BB,chain_pair,all,largest_cluster,995000.0,1.0339443944704652e-05,1.4622181853997694e-05,1778.6775827723613,7150.970071685522,3783.6208029308486,0.8,8.0,8.0,100.0,96,140,3,partner_consecutive_v2
G2_Wcluster_alhx700,$\mathrm{Hel}_{50}$,Cter_symmetric_BB_contact_survival,symmetric_nac_bb,Any 1 banded symmetric C-ter BB,chain_pair,all,largest_cluster,996000.0,1.0339443944704652e-05,1.4622181853997694e-05,1778.6775827723613,7150.970071685522,3783.6208029308486,0.8,8.0,8.0,100.0,96,140,3,partner_consecutive_v2
G2_Wcluster_alhx700,$\mathrm{Hel}_{50}$,Cter_symmetric_BB_contact_survival,symmetric_nac_bb,Any 1 banded symmetric C-ter BB,chain_pair,all,largest_cluster,997000.0,1.0339443944704652e-05,1.4622181853997694e-05,1778.6775827723613,7150.970071685522,3783.6208029308486,0.8,8.0,8.0,100.0,96,140,3,partner_consecutive_v2
G2_Wcluster_alhx700,$\mathrm{Hel}_{50}$,Cter_symmetric_BB_contact_survival,symmetric_nac_bb,Any 1 banded symmetric C-ter BB,chain_pair,all,largest_cluster,998000.0,1.0339443944704652e-05,1.4622181853997694e-05,1778.6775827723613,7150.970071685522,3783.6208029308486,0.8,8.0,8.0,100.0,96,140,3,partner_consecutive_v2
G2_Wcluster_alhx700,$\mathrm{Hel}_{50}$,Cter_symmetric_BB_contact_survival,symmetric_nac_bb,Any 1 banded symmetric C-ter BB,chain_pair,all,largest_cluster,999000.0,1.0339443944704652e-05,1.4622181853997694e-05,1778.6775827723613,7150.970071685522,3783.6208029308486,0.8,8.0,8.0,100.0,96,140,3,partner_consecutive_v2
G2_Wcluster_alhx700,$\mathrm{Hel}_{50}$,Cter_symmetric_BB_contact_survival,symmetric_nac_bb,Any 1 banded symmetric C-ter BB,chain_pair,all,largest_cluster,1000000.0,1.0339443944704652e-05,1.4622181853997694e-05,1778.6775827723613,7150.970071685522,3783.6208029308486,0.8,8.0,8.0,100.0,96,140,3,partner_consecutive_v2
G2_Wcluster_alhx700,$\mathrm{Hel}_{50}$,Cter_symmetric_BB_contact_survival,symmetric_nac_bb,Any 1 banded symmetric C-ter BB,chain_pair,all,largest_cluster,1001000.0,1.0339443944704652e-05,1.4622181853997694e-05,1778.6775827723613,7150.970071685522,3783.6208029308486,0.8,8.0,8.0,100.0,96,140,3,partner_consecutive_v2
G2_Wcluster_alhx700,$\mathrm{Hel}_{50}$,Cter_symmetric_BB_contact_survival,symmetric_nac_bb,Any 1 banded symmetric C-ter BB,chain_pair,all,largest_cluster,1002000.0,1.0339443944704652e-05,1.4622181853997694e-05,1778.6775827723613,7150.970071685522,3783.6208029308486,0.8,8.0,8.0,100.0,96,140,3,partner_consecutive_v2
G2_Wcluster_alhx700,$\mathrm{Hel}_{50}$,Cter_symmetric_BB_contact_survival,symmetric_nac_bb,Any 1 banded symmetric C-ter BB,chain_pair,all,largest_cluster,1003000.0,1.0339443944704652e-05,1.4622181853997694e-05,1778.6775827723613,7150.970071685522,3783.6208029308486,0.8,8.0,8.0,100.0,96,140,3,partner_consecutive_v2
G2_Wcluster_alhx700,$\mathrm{Hel}_{50}$,Cter_symmetric_BB_contact_survival,symmetric_nac_bb,Any 1 banded symmetric C-ter BB,chain_pair,all,largest_cluster,1004000.0,1.0339443944704652e-05,1.4622181853997694e-05,1778.6775827723613,7150.970071685522,3783.6208029308486,0.8,8.0,8.0,100.0,96,140,3,partner_consecutive_v2
G2_Wcluster_alhx700,$\mathrm{Hel}_{50}$,Cter_symmetric_BB_contact_survival,symmetric_nac_bb,Any 1 banded symmetric C-ter BB,chain_pair,all,largest_cluster,1005000.0,1.0339443944704652e-05,1.4622181853997694e-05,1778.6775827723613,7150.970071685522,3783.6208029308486,0.8,8.0,8.0,100.0,96,140,3,partner_consecutive_v2
G2_Wcluster_alhx700,$\mathrm{Hel}_{50}$,Cter_symmetric_BB_contact_survival,symmetric_nac_bb,Any 1 banded symmetric C-ter BB,chain_pair,all,largest_cluster,1006000.0,1.0339443944704652e-05,1.4622181853997694e-05,1778.6775827723613,7150.970071685522,3783.6208029308486,0.8,8.0,8.0,100.0,96,140,3,partner_consecutive_v2
G2_Wcluster_alhx700,$\mathrm{Hel}_{50}$,Cter_symmetric_BB_contact_survival,symmetric_nac_bb,Any 1 banded symmetric C-ter BB,chain_pair,all,largest_cluster,1007000.0,1.0339443944704652e-05,1.4622181853997694e-05,1778.6775827723613,7150.970071685522,3783.6208029308486,0.8,8.0,8.0,100.0,96,140,3,partner_consecutive_v2
G2_Wcluster_alhx700,$\mathrm{Hel}_{50}$,Cter_symmetric_BB_contact_survival,symmetric_nac_bb,Any 1 banded symmetric C-ter BB,chain_pair,all,largest_cluster,1008000.0,1.0339443944704652e-05,1.4622181853997694e-05,1778.6775827723613,7150.970071685522,3783.6208029308486,0.8,8.0,8.0,100.0,96,140,3,partner_consecutive_v2
G2_Wcluster_alhx700,$\mathrm{Hel}_{50}$,Cter_symmetric_BB_contact_survival,symmetric_nac_bb,Any 1 banded symmetric C-ter BB,chain_pair,all,largest_cluster,1009000.0,1.0339443944704652e-05,1.4622181853997694e-05,1778.6775827723613,7150.970071685522,3783.6208029308486,0.8,8.0,8.0,100.0,96,140,3,partner_consecutive_v2
G2_Wcluster_alhx700,$\mathrm{Hel}_{50}$,Cter_symmetric_BB_contact_survival,symmetric_nac_bb,Any 1 banded symmetric C-ter BB,chain_pair,all,largest_cluster,1010000.0,1.0339443944704652e-05,1.4622181853997694e-05,1778.6775827723613,7150.970071685522,3783.6208029308486,0.8,8.0,8.0,100.0,96,140,3,partner_consecutive_v2
G2_Wcluster_alhx700,$\mathrm{Hel}_{50}$,Cter_symmetric_BB_contact_survival,symmetric_nac_bb,Any 1 banded symmetric C-ter BB,chain_pair,all,largest_cluster,1011000.0,1.0339443944704652e-05,1.4622181853997694e-05,1778.6775827723613,7150.970071685522,3783.6208029308486,0.8,8.0,8.0,100.0,96,140,3,partner_consecutive_v2
G2_Wcluster_alhx700,$\mathrm{Hel}_{50}$,Cter_symmetric_BB_contact_survival,symmetric_nac_bb,Any 1 banded symmetric C-ter BB,chain_pair,all,largest_cluster,1012000.0,1.0339443944704652e-05,1.4622181853997694e-05,1778.6775827723613,7150.970071685522,3783.6208029308486,0.8,8.0,8.0,100.0,96,140,3,partner_consecutive_v2
G2_Wcluster_alhx700,$\mathrm{Hel}_{50}$,Cter_symmetric_BB_contact_survival,symmetric_nac_bb,Any 1 banded symmetric C-ter BB,chain_pair,all,largest_cluster,1013000.0,1.0339443944704652e-05,1.4622181853997694e-05,1778.6775827723613,7150.970071685522,3783.6208029308486,0.8,8.0,8.0,100.0,96,140,3,partner_consecutive_v2
G2_Wcluster_alhx700,$\mathrm{Hel}_{50}$,Cter_symmetric_BB_contact_survival,symmetric_nac_bb,Any 1 banded symmetric C-ter BB,chain_pair,all,largest_cluster,1014000.0,1.0339443944704652e-05,1.4622181853997694e-05,1778.6775827723613,7150.970071685522,3783.6208029308486,0.8,8.0,8.0,100.0,96,140,3,partner_consecutive_v2
G2_Wcluster_alhx700,$\mathrm{Hel}_{50}$,Cter_symmetric_BB_contact_survival,symmetric_nac_bb,Any 1 banded symmetric C-ter BB,chain_pair,all,largest_cluster,1015000.0,1.0339443944704652e-05,1.4622181853997694e-05,1778.6775827723613,7150.970071685522,3783.6208029308486,0.8,8.0,8.0,100.0,96,140,3,partner_consecutive_v2
G2_Wcluster_alhx700,$\mathrm{Hel}_{50}$,Cter_symmetric_BB_contact_survival,symmetric_nac_bb,Any 1 banded symmetric C-ter BB,chain_pair,all,largest_cluster,1016000.0,1.0339443944704652e-05,1.4622181853997694e-05,1778.6775827723613,7150.970071685522,3783.6208029308486,0.8,8.0,8.0,100.0,96,140,3,partner_consecutive_v2
G2_Wcluster_alhx700,$\mathrm{Hel}_{50}$,Cter_symmetric_BB_contact_survival,symmetric_nac_bb,Any 1 banded symmetric C-ter BB,chain_pair,all,largest_cluster,1017000.0,1.0339443944704652e-05,1.4622181853997694e-05,1778.6775827723613,7150.970071685522,3783.6208029308486,0.8,8.0,8.0,100.0,96,140,3,partner_consecutive_v2
G2_Wcluster_alhx700,$\mathrm{Hel}_{50}$,Cter_symmetric_BB_contact_survival,symmetric_nac_bb,Any 1 banded symmetric C-ter BB,chain_pair,all,largest_cluster,1018000.0,1.0339443944704652e-05,1.4622181853997694e-05,1778.6775827723613,7150.970071685522,3783.6208029308486,0.8,8.0,8.0,100.0,96,140,3,partner_consecutive_v2
G2_Wcluster_alhx700,$\mathrm{Hel}_{50}$,Cter_symmetric_BB_contact_survival,symmetric_nac_bb,Any 1 banded symmetric C-ter BB,chain_pair,all,largest_cluster,1019000.0,1.0339443944704652e-05,1.4622181853997694e-05,1778.6775827723613,7150.970071685522,3783.6208029308486,0.8,8.0,8.0,100.0,96,140,3,partner_consecutive_v2
G2_Wcluster_alhx700,$\mathrm{Hel}_{50}$,Cter_symmetric_BB_contact_survival,symmetric_nac_bb,Any 1 banded symmetric C-ter BB,chain_pair,all,largest_cluster,1020000.0,1.0339443944704652e-05,1.4622181853997694e-05,1778.6775827723613,7150.970071685522,3783.6208029308486,0.8,8.0,8.0,100.0,96,140,3,partner_consecutive_v2
G2_Wcluster_alhx700,$\mathrm{Hel}_{50}$,Cter_symmetric_BB_contact_survival,symmetric_nac_bb,Any 1 banded symmetric C-ter BB,chain_pair,all,largest_cluster,1021000.0,1.0339443944704652e-05,1.4622181853997694e-05,1778.6775827723613,7150.970071685522,3783.6208029308486,0.8,8.0,8.0,100.0,96,140,3,partner_consecutive_v2
G2_Wcluster_alhx700,$\mathrm{Hel}_{50}$,Cter_symmetric_BB_contact_survival,symmetric_nac_bb,Any 1 banded symmetric C-ter BB,chain_pair,all,largest_cluster,1022000.0,1.0339443944704652e-05,1.4622181853997694e-05,1778.6775827723613,7150.970071685522,3783.6208029308486,0.8,8.0,8.0,100.0,96,140,3,partner_consecutive_v2
G2_Wcluster_alhx700,$\mathrm{Hel}_{50}$,Cter_symmetric_BB_contact_survival,symmetric_nac_bb,Any 1 banded symmetric C-ter BB,chain_pair,all,largest_cluster,1023000.0,1.0339443944704652e-05,1.4622181853997694e-05,1778.6775827723613,7150.970071685522,3783.6208029308486,0.8,8.0,8.0,100.0,96,140,3,partner_consecutive_v2
G2_Wcluster_alhx700,$\mathrm{Hel}_{50}$,Cter_symmetric_BB_contact_survival,symmetric_nac_bb,Any 1 banded symmetric C-ter BB,chain_pair,all,largest_cluster,1024000.0,1.0339443944704652e-05,1.4622181853997694e-05,1778.6775827723613,7150.970071685522,3783.6208029308486,0.8,8.0,8.0,100.0,96,140,3,partner_consecutive_v2
G2_Wcluster_alhx700,$\mathrm{Hel}_{50}$,Cter_symmetric_BB_contact_survival,symmetric_nac_bb,Any 1 banded symmetric C-ter BB,chain_pair,all,largest_cluster,1025000.0,1.0339443944704652e-05,1.4622181853997694e-05,1778.6775827723613,7150.970071685522,3783.6208029308486,0.8,8.0,8.0,100.0,96,140,3,partner_consecutive_v2
G2_Wcluster_alhx700,$\mathrm{Hel}_{50}$,Cter_symmetric_BB_contact_survival,symmetric_nac_bb,Any 1 banded symmetric C-ter BB,chain_pair,all,largest_cluster,1026000.0,1.0339443944704652e-05,1.4622181853997694e-05,1778.6775827723613,7150.970071685522,3783.6208029308486,0.8,8.0,8.0,100.0,96,140,3,partner_consecutive_v2
G2_Wcluster_alhx700,$\mathrm{Hel}_{50}$,Cter_symmetric_BB_contact_survival,symmetric_nac_bb,Any 1 banded symmetric C-ter BB,chain_pair,all,largest_cluster,1027000.0,1.0339443944704652e-05,1.4622181853997694e-05,1778.6775827723613,7150.970071685522,3783.6208029308486,0.8,8.0,8.0,100.0,96,140,3,partner_consecutive_v2
G2_Wcluster_alhx700,$\mathrm{Hel}_{50}$,Cter_symmetric_BB_contact_survival,symmetric_nac_bb,Any 1 banded symmetric C-ter BB,chain_pair,all,largest_cluster,1028000.0,1.0339443944704652e-05,1.4622181853997694e-05,1778.6775827723613,7150.970071685522,3783.6208029308486,0.8,8.0,8.0,100.0,96,140,3,partner_consecutive_v2
G2_Wcluster_alhx700,$\mathrm{Hel}_{50}$,Cter_symmetric_BB_contact_survival,symmetric_nac_bb,Any 1 banded symmetric C-ter BB,chain_pair,all,largest_cluster,1029000.0,1.0339443944704652e-05,1.4622181853997694e-05,1778.6775827723613,7150.970071685522,3783.6208029308486,0.8,8.0,8.0,100.0,96,140,3,partner_consecutive_v2
G2_Wcluster_alhx700,$\mathrm{Hel}_{50}$,Cter_symmetric_BB_contact_survival,symmetric_nac_bb,Any 1 banded symmetric C-ter BB,chain_pair,all,largest_cluster,1030000.0,1.0339443944704652e-05,1.4622181853997694e-05,1778.6775827723613,7150.970071685522,3783.6208029308486,0.8,8.0,8.0,100.0,96,140,3,partner_consecutive_v2
G2_Wcluster_alhx700,$\mathrm{Hel}_{50}$,Cter_symmetric_BB_contact_survival,symmetric_nac_bb,Any 1 banded symmetric C-ter BB,chain_pair,all,largest_cluster,1031000.0,1.0339443944704652e-05,1.4622181853997694e-05,1778.6775827723613,7150.970071685522,3783.6208029308486,0.8,8.0,8.0,100.0,96,140,3,partner_consecutive_v2
G2_Wcluster_alhx700,$\mathrm{Hel}_{50}$,Cter_symmetric_BB_contact_survival,symmetric_nac_bb,Any 1 banded symmetric C-ter BB,chain_pair,all,largest_cluster,1032000.0,1.0339443944704652e-05,1.4622181853997694e-05,1778.6775827723613,7150.970071685522,3783.6208029308486,0.8,8.0,8.0,100.0,96,140,3,partner_consecutive_v2
G2_Wcluster_alhx700,$\mathrm{Hel}_{50}$,Cter_symmetric_BB_contact_survival,symmetric_nac_bb,Any 1 banded symmetric C-ter BB,chain_pair,all,largest_cluster,1033000.0,1.0339443944704652e-05,1.4622181853997694e-05,1778.6775827723613,7150.970071685522,3783.6208029308486,0.8,8.0,8.0,100.0,96,140,3,partner_consecutive_v2
G2_Wcluster_alhx700,$\mathrm{Hel}_{50}$,Cter_symmetric_BB_contact_survival,symmetric_nac_bb,Any 1 banded symmetric C-ter BB,chain_pair,all,largest_cluster,1034000.0,1.0339443944704652e-05,1.4622181853997694e-05,1778.6775827723613,7150.970071685522,3783.6208029308486,0.8,8.0,8.0,100.0,96,140,3,partner_consecutive_v2
G2_Wcluster_alhx700,$\mathrm{Hel}_{50}$,Cter_symmetric_BB_contact_survival,symmetric_nac_bb,Any 1 banded symmetric C-ter BB,chain_pair,all,largest_cluster,1035000.0,1.0339443944704652e-05,1.4622181853997694e-05,1778.6775827723613,7150.970071685522,3783.6208029308486,0.8,8.0,8.0,100.0,96,140,3,partner_consecutive_v2
G2_Wcluster_alhx700,$\mathrm{Hel}_{50}$,Cter_symmetric_BB_contact_survival,symmetric_nac_bb,Any 1 banded symmetric C-ter BB,chain_pair,all,largest_cluster,1036000.0,1.0339443944704652e-05,1.4622181853997694e-05,1778.6775827723613,7150.970071685522,3783.6208029308486,0.8,8.0,8.0,100.0,96,140,3,partner_consecutive_v2
G2_Wcluster_alhx700,$\mathrm{Hel}_{50}$,Cter_symmetric_BB_contact_survival,symmetric_nac_bb,Any 1 banded symmetric C-ter BB,chain_pair,all,largest_cluster,1037000.0,1.0339443944704652e-05,1.4622181853997694e-05,1778.6775827723613,7150.970071685522,3783.6208029308486,0.8,8.0,8.0,100.0,96,140,3,partner_consecutive_v2
G2_Wcluster_alhx700,$\mathrm{Hel}_{50}$,Cter_symmetric_BB_contact_survival,symmetric_nac_bb,Any 1 banded symmetric C-ter BB,chain_pair,all,largest_cluster,1038000.0,1.0339443944704652e-05,1.4622181853997694e-05,1778.6775827723613,7150.970071685522,3783.6208029308486,0.8,8.0,8.0,100.0,96,140,3,partner_consecutive_v2
G2_Wcluster_alhx700,$\mathrm{Hel}_{50}$,Cter_symmetric_BB_contact_survival,symmetric_nac_bb,Any 1 banded symmetric C-ter BB,chain_pair,all,largest_cluster,1039000.0,1.0339443944704652e-05,1.4622181853997694e-05,1778.6775827723613,7150.970071685522,3783.6208029308486,0.8,8.0,8.0,100.0,96,140,3,partner_consecutive_v2
G2_Wcluster_alhx700,$\mathrm{Hel}_{50}$,Cter_symmetric_BB_contact_survival,symmetric_nac_bb,Any 1 banded symmetric C-ter BB,chain_pair,all,largest_cluster,1040000.0,1.0339443944704652e-05,1.4622181853997694e-05,1778.6775827723613,7150.970071685522,3783.6208029308486,0.8,8.0,8.0,100.0,96,140,3,partner_consecutive_v2
G2_Wcluster_alhx700,$\mathrm{Hel}_{50}$,Cter_symmetric_BB_contact_survival,symmetric_nac_bb,Any 1 banded symmetric C-ter BB,chain_pair,all,largest_cluster,1041000.0,1.0339443944704652e-05,1.4622181853997694e-05,1778.6775827723613,7150.970071685522,3783.6208029308486,0.8,8.0,8.0,100.0,96,140,3,partner_consecutive_v2
G2_Wcluster_alhx700,$\mathrm{Hel}_{50}$,Cter_symmetric_BB_contact_survival,symmetric_nac_bb,Any 1 banded symmetric C-ter BB,chain_pair,all,largest_cluster,1042000.0,1.0339443944704652e-05,1.4622181853997694e-05,1778.6775827723613,7150.970071685522,3783.6208029308486,0.8,8.0,8.0,100.0,96,140,3,partner_consecutive_v2
G2_Wcluster_alhx700,$\mathrm{Hel}_{50}$,Cter_symmetric_BB_contact_survival,symmetric_nac_bb,Any 1 banded symmetric C-ter BB,chain_pair,all,largest_cluster,1043000.0,1.0339443944704652e-05,1.4622181853997694e-05,1778.6775827723613,7150.970071685522,3783.6208029308486,0.8,8.0,8.0,100.0,96,140,3,partner_consecutive_v2
G2_Wcluster_alhx700,$\mathrm{Hel}_{50}$,Cter_symmetric_BB_contact_survival,symmetric_nac_bb,Any 1 banded symmetric C-ter BB,chain_pair,all,largest_cluster,1044000.0,1.0339443944704652e-05,1.4622181853997694e-05,1778.6775827723613,7150.970071685522,3783.6208029308486,0.8,8.0,8.0,100.0,96,140,3,partner_consecutive_v2
G2_Wcluster_alhx700,$\mathrm{Hel}_{50}$,Cter_symmetric_BB_contact_survival,symmetric_nac_bb,Any 1 banded symmetric C-ter BB,chain_pair,all,largest_cluster,1045000.0,1.0339443944704652e-05,1.4622181853997694e-05,1778.6775827723613,7150.970071685522,3783.6208029308486,0.8,8.0,8.0,100.0,96,140,3,partner_consecutive_v2
G2_Wcluster_alhx700,$\mathrm{Hel}_{50}$,Cter_symmetric_BB_contact_survival,symmetric_nac_bb,Any 1 banded symmetric C-ter BB,chain_pair,all,largest_cluster,1046000.0,1.0339443944704652e-05,1.4622181853997694e-05,1778.6775827723613,7150.970071685522,3783.6208029308486,0.8,8.0,8.0,100.0,96,140,3,partner_consecutive_v2
G2_Wcluster_alhx700,$\mathrm{Hel}_{50}$,Cter_symmetric_BB_contact_survival,symmetric_nac_bb,Any 1 banded symmetric C-ter BB,chain_pair,all,largest_cluster,1047000.0,1.0339443944704652e-05,1.4622181853997694e-05,1778.6775827723613,7150.970071685522,3783.6208029308486,0.8,8.0,8.0,100.0,96,140,3,partner_consecutive_v2
G2_Wcluster_alhx700,$\mathrm{Hel}_{50}$,Cter_symmetric_BB_contact_survival,symmetric_nac_bb,Any 1 banded symmetric C-ter BB,chain_pair,all,largest_cluster,1048000.0,1.0339443944704652e-05,1.4622181853997694e-05,1778.6775827723613,7150.970071685522,3783.6208029308486,0.8,8.0,8.0,100.0,96,140,3,partner_consecutive_v2
G2_Wcluster_alhx700,$\mathrm{Hel}_{50}$,Cter_symmetric_BB_contact_survival,symmetric_nac_bb,Any 1 banded symmetric C-ter BB,chain_pair,all,largest_cluster,1049000.0,1.0339443944704652e-05,1.4622181853997694e-05,1778.6775827723613,7150.970071685522,3783.6208029308486,0.8,8.0,8.0,100.0,96,140,3,partner_consecutive_v2
G2_Wcluster_alhx700,$\mathrm{Hel}_{50}$,Cter_symmetric_BB_contact_survival,symmetric_nac_bb,Any 1 banded symmetric C-ter BB,chain_pair,all,largest_cluster,1050000.0,1.0339443944704652e-05,1.4622181853997694e-05,1778.6775827723613,7150.970071685522,3783.6208029308486,0.8,8.0,8.0,100.0,96,140,3,partner_consecutive_v2
G2_Wcluster_alhx700,$\mathrm{Hel}_{50}$,Cter_symmetric_BB_contact_survival,symmetric_nac_bb,Any 1 banded symmetric C-ter BB,chain_pair,all,largest_cluster,1051000.0,1.0339443944704652e-05,1.4622181853997694e-05,1778.6775827723613,7150.970071685522,3783.6208029308486,0.8,8.0,8.0,100.0,96,140,3,partner_consecutive_v2
G2_Wcluster_alhx700,$\mathrm{Hel}_{50}$,Cter_symmetric_BB_contact_survival,symmetric_nac_bb,Any 1 banded symmetric C-ter BB,chain_pair,all,largest_cluster,1052000.0,1.0339443944704652e-05,1.4622181853997694e-05,1778.6775827723613,7150.970071685522,3783.6208029308486,0.8,8.0,8.0,100.0,96,140,3,partner_consecutive_v2
G2_Wcluster_alhx700,$\mathrm{Hel}_{50}$,Cter_symmetric_BB_contact_survival,symmetric_nac_bb,Any 1 banded symmetric C-ter BB,chain_pair,all,largest_cluster,1053000.0,1.0339443944704652e-05,1.4622181853997694e-05,1778.6775827723613,7150.970071685522,3783.6208029308486,0.8,8.0,8.0,100.0,96,140,3,partner_consecutive_v2
G2_Wcluster_alhx700,$\mathrm{Hel}_{50}$,Cter_symmetric_BB_contact_survival,symmetric_nac_bb,Any 1 banded symmetric C-ter BB,chain_pair,all,largest_cluster,1054000.0,1.0339443944704652e-05,1.4622181853997694e-05,1778.6775827723613,7150.970071685522,3783.6208029308486,0.8,8.0,8.0,100.0,96,140,3,partner_consecutive_v2
G2_Wcluster_alhx700,$\mathrm{Hel}_{50}$,Cter_symmetric_BB_contact_survival,symmetric_nac_bb,Any 1 banded symmetric C-ter BB,chain_pair,all,largest_cluster,1055000.0,1.0339443944704652e-05,1.4622181853997694e-05,1778.6775827723613,7150.970071685522,3783.6208029308486,0.8,8.0,8.0,100.0,96,140,3,partner_consecutive_v2
G2_Wcluster_alhx700,$\mathrm{Hel}_{50}$,Cter_symmetric_BB_contact_survival,symmetric_nac_bb,Any 1 banded symmetric C-ter BB,chain_pair,all,largest_cluster,1056000.0,1.0339443944704652e-05,1.4622181853997694e-05,1778.6775827723613,7150.970071685522,3783.6208029308486,0.8,8.0,8.0,100.0,96,140,3,partner_consecutive_v2
G2_Wcluster_alhx700,$\mathrm{Hel}_{50}$,Cter_symmetric_BB_contact_survival,symmetric_nac_bb,Any 1 banded symmetric C-ter BB,chain_pair,all,largest_cluster,1057000.0,1.0339443944704652e-05,1.4622181853997694e-05,1778.6775827723613,7150.970071685522,3783.6208029308486,0.8,8.0,8.0,100.0,96,140,3,partner_consecutive_v2
G2_Wcluster_alhx700,$\mathrm{Hel}_{50}$,Cter_symmetric_BB_contact_survival,symmetric_nac_bb,Any 1 banded symmetric C-ter BB,chain_pair,all,largest_cluster,1058000.0,1.0339443944704652e-05,1.4622181853997694e-05,1778.6775827723613,7150.970071685522,3783.6208029308486,0.8,8.0,8.0,100.0,96,140,3,partner_consecutive_v2
G2_Wcluster_alhx700,$\mathrm{Hel}_{50}$,Cter_symmetric_BB_contact_survival,symmetric_nac_bb,Any 1 banded symmetric C-ter BB,chain_pair,all,largest_cluster,1059000.0,1.0339443944704652e-05,1.4622181853997694e-05,1778.6775827723613,7150.970071685522,3783.6208029308486,0.8,8.0,8.0,100.0,96,140,3,partner_consecutive_v2
G2_Wcluster_alhx700,$\mathrm{Hel}_{50}$,Cter_symmetric_BB_contact_survival,symmetric_nac_bb,Any 1 banded symmetric C-ter BB,chain_pair,all,largest_cluster,1060000.0,1.0339443944704652e-05,1.4622181853997694e-05,1778.6775827723613,7150.970071685522,3783.6208029308486,0.8,8.0,8.0,100.0,96,140,3,partner_consecutive_v2
G2_Wcluster_alhx700,$\mathrm{Hel}_{50}$,Cter_symmetric_BB_contact_survival,symmetric_nac_bb,Any 1 banded symmetric C-ter BB,chain_pair,all,largest_cluster,1061000.0,1.0339443944704652e-05,1.4622181853997694e-05,1778.6775827723613,7150.970071685522,3783.6208029308486,0.8,8.0,8.0,100.0,96,140,3,partner_consecutive_v2
G2_Wcluster_alhx700,$\mathrm{Hel}_{50}$,Cter_symmetric_BB_contact_survival,symmetric_nac_bb,Any 1 banded symmetric C-ter BB,chain_pair,all,largest_cluster,1062000.0,1.0339443944704652e-05,1.4622181853997694e-05,1778.6775827723613,7150.970071685522,3783.6208029308486,0.8,8.0,8.0,100.0,96,140,3,partner_consecutive_v2
G2_Wcluster_alhx700,$\mathrm{Hel}_{50}$,Cter_symmetric_BB_contact_survival,symmetric_nac_bb,Any 1 banded symmetric C-ter BB,chain_pair,all,largest_cluster,1063000.0,1.0339443944704652e-05,1.4622181853997694e-05,1778.6775827723613,7150.970071685522,3783.6208029308486,0.8,8.0,8.0,100.0,96,140,3,partner_consecutive_v2
G2_Wcluster_alhx700,$\mathrm{Hel}_{50}$,Cter_symmetric_BB_contact_survival,symmetric_nac_bb,Any 1 banded symmetric C-ter BB,chain_pair,all,largest_cluster,1064000.0,1.0339443944704652e-05,1.4622181853997694e-05,1778.6775827723613,7150.970071685522,3783.6208029308486,0.8,8.0,8.0,100.0,96,140,3,partner_consecutive_v2
G2_Wcluster_alhx700,$\mathrm{Hel}_{50}$,Cter_symmetric_BB_contact_survival,symmetric_nac_bb,Any 1 banded symmetric C-ter BB,chain_pair,all,largest_cluster,1065000.0,1.0339443944704652e-05,1.4622181853997694e-05,1778.6775827723613,7150.970071685522,3783.6208029308486,0.8,8.0,8.0,100.0,96,140,3,partner_consecutive_v2
G2_Wcluster_alhx700,$\mathrm{Hel}_{50}$,Cter_symmetric_BB_contact_survival,symmetric_nac_bb,Any 1 banded symmetric C-ter BB,chain_pair,all,largest_cluster,1066000.0,1.0339443944704652e-05,1.4622181853997694e-05,1778.6775827723613,7150.970071685522,3783.6208029308486,0.8,8.0,8.0,100.0,96,140,3,partner_consecutive_v2
G2_Wcluster_alhx700,$\mathrm{Hel}_{50}$,Cter_symmetric_BB_contact_survival,symmetric_nac_bb,Any 1 banded symmetric C-ter BB,chain_pair,all,largest_cluster,1067000.0,1.0339443944704652e-05,1.4622181853997694e-05,1778.6775827723613,7150.970071685522,3783.6208029308486,0.8,8.0,8.0,100.0,96,140,3,partner_consecutive_v2
G2_Wcluster_alhx700,$\mathrm{Hel}_{50}$,Cter_symmetric_BB_contact_survival,symmetric_nac_bb,Any 1 banded symmetric C-ter BB,chain_pair,all,largest_cluster,1068000.0,1.0339443944704652e-05,1.4622181853997694e-05,1778.6775827723613,7150.970071685522,3783.6208029308486,0.8,8.0,8.0,100.0,96,140,3,partner_consecutive_v2
G2_Wcluster_alhx700,$\mathrm{Hel}_{50}$,Cter_symmetric_BB_contact_survival,symmetric_nac_bb,Any 1 banded symmetric C-ter BB,chain_pair,all,largest_cluster,1069000.0,1.0339443944704652e-05,1.4622181853997694e-05,1778.6775827723613,7150.970071685522,3783.6208029308486,0.8,8.0,8.0,100.0,96,140,3,partner_consecutive_v2
G2_Wcluster_alhx700,$\mathrm{Hel}_{50}$,Cter_symmetric_BB_contact_survival,symmetric_nac_bb,Any 1 banded symmetric C-ter BB,chain_pair,all,largest_cluster,1070000.0,1.0339443944704652e-05,1.4622181853997694e-05,1778.6775827723613,7150.970071685522,3783.6208029308486,0.8,8.0,8.0,100.0,96,140,3,partner_consecutive_v2
G2_Wcluster_alhx700,$\mathrm{Hel}_{50}$,Cter_symmetric_BB_contact_survival,symmetric_nac_bb,Any 1 banded symmetric C-ter BB,chain_pair,all,largest_cluster,1071000.0,1.0339443944704652e-05,1.4622181853997694e-05,1778.6775827723613,7150.970071685522,3783.6208029308486,0.8,8.0,8.0,100.0,96,140,3,partner_consecutive_v2
G2_Wcluster_alhx700,$\mathrm{Hel}_{50}$,Cter_symmetric_BB_contact_survival,symmetric_nac_bb,Any 1 banded symmetric C-ter BB,chain_pair,all,largest_cluster,1072000.0,1.0339443944704652e-05,1.4622181853997694e-05,1778.6775827723613,7150.970071685522,3783.6208029308486,0.8,8.0,8.0,100.0,96,140,3,partner_consecutive_v2
G2_Wcluster_alhx700,$\mathrm{Hel}_{50}$,Cter_symmetric_BB_contact_survival,symmetric_nac_bb,Any 1 banded symmetric C-ter BB,chain_pair,all,largest_cluster,1073000.0,1.0339443944704652e-05,1.4622181853997694e-05,1778.6775827723613,7150.970071685522,3783.6208029308486,0.8,8.0,8.0,100.0,96,140,3,partner_consecutive_v2
G2_Wcluster_alhx700,$\mathrm{Hel}_{50}$,Cter_symmetric_BB_contact_survival,symmetric_nac_bb,Any 1 banded symmetric C-ter BB,chain_pair,all,largest_cluster,1074000.0,1.0339443944704652e-05,1.4622181853997694e-05,1778.6775827723613,7150.970071685522,3783.6208029308486,0.8,8.0,8.0,100.0,96,140,3,partner_consecutive_v2
G2_Wcluster_alhx700,$\mathrm{Hel}_{50}$,Cter_symmetric_BB_contact_survival,symmetric_nac_bb,Any 1 banded symmetric C-ter BB,chain_pair,all,largest_cluster,1075000.0,1.0339443944704652e-05,1.4622181853997694e-05,1778.6775827723613,7150.970071685522,3783.6208029308486,0.8,8.0,8.0,100.0,96,140,3,partner_consecutive_v2
G2_Wcluster_alhx700,$\mathrm{Hel}_{50}$,Cter_symmetric_BB_contact_survival,symmetric_nac_bb,Any 1 banded symmetric C-ter BB,chain_pair,all,largest_cluster,1076000.0,1.0339443944704652e-05,1.4622181853997694e-05,1778.6775827723613,7150.970071685522,3783.6208029308486,0.8,8.0,8.0,100.0,96,140,3,partner_consecutive_v2
G2_Wcluster_alhx700,$\mathrm{Hel}_{50}$,Cter_symmetric_BB_contact_survival,symmetric_nac_bb,Any 1 banded symmetric C-ter BB,chain_pair,all,largest_cluster,1077000.0,1.0339443944704652e-05,1.4622181853997694e-05,1778.6775827723613,7150.970071685522,3783.6208029308486,0.8,8.0,8.0,100.0,96,140,3,partner_consecutive_v2
G2_Wcluster_alhx700,$\mathrm{Hel}_{50}$,Cter_symmetric_BB_contact_survival,symmetric_nac_bb,Any 1 banded symmetric C-ter BB,chain_pair,all,largest_cluster,1078000.0,1.0339443944704652e-05,1.4622181853997694e-05,1778.6775827723613,7150.970071685522,3783.6208029308486,0.8,8.0,8.0,100.0,96,140,3,partner_consecutive_v2
G2_Wcluster_alhx700,$\mathrm{Hel}_{50}$,Cter_symmetric_BB_contact_survival,symmetric_nac_bb,Any 1 banded symmetric C-ter BB,chain_pair,all,largest_cluster,1079000.0,1.0339443944704652e-05,1.4622181853997694e-05,1778.6775827723613,7150.970071685522,3783.6208029308486,0.8,8.0,8.0,100.0,96,140,3,partner_consecutive_v2
G2_Wcluster_alhx700,$\mathrm{Hel}_{50}$,Cter_symmetric_BB_contact_survival,symmetric_nac_bb,Any 1 banded symmetric C-ter BB,chain_pair,all,largest_cluster,1080000.0,1.0339443944704652e-05,1.4622181853997694e-05,1778.6775827723613,7150.970071685522,3783.6208029308486,0.8,8.0,8.0,100.0,96,140,3,partner_consecutive_v2
G2_Wcluster_alhx700,$\mathrm{Hel}_{50}$,Cter_symmetric_BB_contact_survival,symmetric_nac_bb,Any 1 banded symmetric C-ter BB,chain_pair,all,largest_cluster,1081000.0,1.0339443944704652e-05,1.4622181853997694e-05,1778.6775827723613,7150.970071685522,3783.6208029308486,0.8,8.0,8.0,100.0,96,140,3,partner_consecutive_v2
G2_Wcluster_alhx700,$\mathrm{Hel}_{50}$,Cter_symmetric_BB_contact_survival,symmetric_nac_bb,Any 1 banded symmetric C-ter BB,chain_pair,all,largest_cluster,1082000.0,1.0339443944704652e-05,1.4622181853997694e-05,1778.6775827723613,7150.970071685522,3783.6208029308486,0.8,8.0,8.0,100.0,96,140,3,partner_consecutive_v2
G2_Wcluster_alhx700,$\mathrm{Hel}_{50}$,Cter_symmetric_BB_contact_survival,symmetric_nac_bb,Any 1 banded symmetric C-ter BB,chain_pair,all,largest_cluster,1083000.0,1.0339443944704652e-05,1.4622181853997694e-05,1778.6775827723613,7150.970071685522,3783.6208029308486,0.8,8.0,8.0,100.0,96,140,3,partner_consecutive_v2
G2_Wcluster_alhx700,$\mathrm{Hel}_{50}$,Cter_symmetric_BB_contact_survival,symmetric_nac_bb,Any 1 banded symmetric C-ter BB,chain_pair,all,largest_cluster,1084000.0,1.0339443944704652e-05,1.4622181853997694e-05,1778.6775827723613,7150.970071685522,3783.6208029308486,0.8,8.0,8.0,100.0,96,140,3,partner_consecutive_v2
G2_Wcluster_alhx700,$\mathrm{Hel}_{50}$,Cter_symmetric_BB_contact_survival,symmetric_nac_bb,Any 1 banded symmetric C-ter BB,chain_pair,all,largest_cluster,1085000.0,1.0339443944704652e-05,1.4622181853997694e-05,1778.6775827723613,7150.970071685522,3783.6208029308486,0.8,8.0,8.0,100.0,96,140,3,partner_consecutive_v2
G2_Wcluster_alhx700,$\mathrm{Hel}_{50}$,Cter_symmetric_BB_contact_survival,symmetric_nac_bb,Any 1 banded symmetric C-ter BB,chain_pair,all,largest_cluster,1086000.0,1.0339443944704652e-05,1.4622181853997694e-05,1778.6775827723613,7150.970071685522,3783.6208029308486,0.8,8.0,8.0,100.0,96,140,3,partner_consecutive_v2
G2_Wcluster_alhx700,$\mathrm{Hel}_{50}$,Cter_symmetric_BB_contact_survival,symmetric_nac_bb,Any 1 banded symmetric C-ter BB,chain_pair,all,largest_cluster,1087000.0,1.0339443944704652e-05,1.4622181853997694e-05,1778.6775827723613,7150.970071685522,3783.6208029308486,0.8,8.0,8.0,100.0,96,140,3,partner_consecutive_v2
G2_Wcluster_alhx700,$\mathrm{Hel}_{50}$,Cter_symmetric_BB_contact_survival,symmetric_nac_bb,Any 1 banded symmetric C-ter BB,chain_pair,all,largest_cluster,1088000.0,1.0339443944704652e-05,1.4622181853997694e-05,1778.6775827723613,7150.970071685522,3783.6208029308486,0.8,8.0,8.0,100.0,96,140,3,partner_consecutive_v2
G2_Wcluster_alhx700,$\mathrm{Hel}_{50}$,Cter_symmetric_BB_contact_survival,symmetric_nac_bb,Any 1 banded symmetric C-ter BB,chain_pair,all,largest_cluster,1089000.0,1.0339443944704652e-05,1.4622181853997694e-05,1778.6775827723613,7150.970071685522,3783.6208029308486,0.8,8.0,8.0,100.0,96,140,3,partner_consecutive_v2
G2_Wcluster_alhx700,$\mathrm{Hel}_{50}$,Cter_symmetric_BB_contact_survival,symmetric_nac_bb,Any 1 banded symmetric C-ter BB,chain_pair,all,largest_cluster,1090000.0,1.0339443944704652e-05,1.4622181853997694e-05,1778.6775827723613,7150.970071685522,3783.6208029308486,0.8,8.0,8.0,100.0,96,140,3,partner_consecutive_v2
G2_Wcluster_alhx700,$\mathrm{Hel}_{50}$,Cter_symmetric_BB_contact_survival,symmetric_nac_bb,Any 1 banded symmetric C-ter BB,chain_pair,all,largest_cluster,1091000.0,1.0339443944704652e-05,1.4622181853997694e-05,1778.6775827723613,7150.970071685522,3783.6208029308486,0.8,8.0,8.0,100.0,96,140,3,partner_consecutive_v2
G2_Wcluster_alhx700,$\mathrm{Hel}_{50}$,Cter_symmetric_BB_contact_survival,symmetric_nac_bb,Any 1 banded symmetric C-ter BB,chain_pair,all,largest_cluster,1092000.0,1.0339443944704652e-05,1.4622181853997694e-05,1778.6775827723613,7150.970071685522,3783.6208029308486,0.8,8.0,8.0,100.0,96,140,3,partner_consecutive_v2
G2_Wcluster_alhx700,$\mathrm{Hel}_{50}$,Cter_symmetric_BB_contact_survival,symmetric_nac_bb,Any 1 banded symmetric C-ter BB,chain_pair,all,largest_cluster,1093000.0,1.0339443944704652e-05,1.4622181853997694e-05,1778.6775827723613,7150.970071685522,3783.6208029308486,0.8,8.0,8.0,100.0,96,140,3,partner_consecutive_v2
G2_Wcluster_alhx700,$\mathrm{Hel}_{50}$,Cter_symmetric_BB_contact_survival,symmetric_nac_bb,Any 1 banded symmetric C-ter BB,chain_pair,all,largest_cluster,1094000.0,1.0339443944704652e-05,1.4622181853997694e-05,1778.6775827723613,7150.970071685522,3783.6208029308486,0.8,8.0,8.0,100.0,96,140,3,partner_consecutive_v2
G2_Wcluster_alhx700,$\mathrm{Hel}_{50}$,Cter_symmetric_BB_contact_survival,symmetric_nac_bb,Any 1 banded symmetric C-ter BB,chain_pair,all,largest_cluster,1095000.0,1.0339443944704652e-05,1.4622181853997694e-05,1778.6775827723613,7150.970071685522,3783.6208029308486,0.8,8.0,8.0,100.0,96,140,3,partner_consecutive_v2
G2_Wcluster_alhx700,$\mathrm{Hel}_{50}$,Cter_symmetric_BB_contact_survival,symmetric_nac_bb,Any 1 banded symmetric C-ter BB,chain_pair,all,largest_cluster,1096000.0,1.0339443944704652e-05,1.4622181853997694e-05,1778.6775827723613,7150.970071685522,3783.6208029308486,0.8,8.0,8.0,100.0,96,140,3,partner_consecutive_v2
G2_Wcluster_alhx700,$\mathrm{Hel}_{50}$,Cter_symmetric_BB_contact_survival,symmetric_nac_bb,Any 1 banded symmetric C-ter BB,chain_pair,all,largest_cluster,1097000.0,1.0339443944704652e-05,1.4622181853997694e-05,1778.6775827723613,7150.970071685522,3783.6208029308486,0.8,8.0,8.0,100.0,96,140,3,partner_consecutive_v2
G2_Wcluster_alhx700,$\mathrm{Hel}_{50}$,Cter_symmetric_BB_contact_survival,symmetric_nac_bb,Any 1 banded symmetric C-ter BB,chain_pair,all,largest_cluster,1098000.0,1.0339443944704652e-05,1.4622181853997694e-05,1778.6775827723613,7150.970071685522,3783.6208029308486,0.8,8.0,8.0,100.0,96,140,3,partner_consecutive_v2
G2_Wcluster_alhx700,$\mathrm{Hel}_{50}$,Cter_symmetric_BB_contact_survival,symmetric_nac_bb,Any 1 banded symmetric C-ter BB,chain_pair,all,largest_cluster,1099000.0,1.0339443944704652e-05,1.4622181853997694e-05,1778.6775827723613,7150.970071685522,3783.6208029308486,0.8,8.0,8.0,100.0,96,140,3,partner_consecutive_v2
G2_Wcluster_alhx700,$\mathrm{Hel}_{50}$,Cter_symmetric_BB_contact_survival,symmetric_nac_bb,Any 1 banded symmetric C-ter BB,chain_pair,all,largest_cluster,1100000.0,1.0339443944704652e-05,1.4622181853997694e-05,1778.6775827723613,7150.970071685522,3783.6208029308486,0.8,8.0,8.0,100.0,96,140,3,partner_consecutive_v2
G2_Wcluster_alhx700,$\mathrm{Hel}_{50}$,Cter_symmetric_BB_contact_survival,symmetric_nac_bb,Any 1 banded symmetric C-ter BB,chain_pair,all,largest_cluster,1101000.0,1.0339443944704652e-05,1.4622181853997694e-05,1778.6775827723613,7150.970071685522,3783.6208029308486,0.8,8.0,8.0,100.0,96,140,3,partner_consecutive_v2
G2_Wcluster_alhx700,$\mathrm{Hel}_{50}$,Cter_symmetric_BB_contact_survival,symmetric_nac_bb,Any 1 banded symmetric C-ter BB,chain_pair,all,largest_cluster,1102000.0,1.0339443944704652e-05,1.4622181853997694e-05,1778.6775827723613,7150.970071685522,3783.6208029308486,0.8,8.0,8.0,100.0,96,140,3,partner_consecutive_v2
G2_Wcluster_alhx700,$\mathrm{Hel}_{50}$,Cter_symmetric_BB_contact_survival,symmetric_nac_bb,Any 1 banded symmetric C-ter BB,chain_pair,all,largest_cluster,1103000.0,1.0339443944704652e-05,1.4622181853997694e-05,1778.6775827723613,7150.970071685522,3783.6208029308486,0.8,8.0,8.0,100.0,96,140,3,partner_consecutive_v2
G2_Wcluster_alhx700,$\mathrm{Hel}_{50}$,Cter_symmetric_BB_contact_survival,symmetric_nac_bb,Any 1 banded symmetric C-ter BB,chain_pair,all,largest_cluster,1104000.0,1.0339443944704652e-05,1.4622181853997694e-05,1778.6775827723613,7150.970071685522,3783.6208029308486,0.8,8.0,8.0,100.0,96,140,3,partner_consecutive_v2
G2_Wcluster_alhx700,$\mathrm{Hel}_{50}$,Cter_symmetric_BB_contact_survival,symmetric_nac_bb,Any 1 banded symmetric C-ter BB,chain_pair,all,largest_cluster,1105000.0,1.0339443944704652e-05,1.4622181853997694e-05,1778.6775827723613,7150.970071685522,3783.6208029308486,0.8,8.0,8.0,100.0,96,140,3,partner_consecutive_v2
G2_Wcluster_alhx700,$\mathrm{Hel}_{50}$,Cter_symmetric_BB_contact_survival,symmetric_nac_bb,Any 1 banded symmetric C-ter BB,chain_pair,all,largest_cluster,1106000.0,1.0339443944704652e-05,1.4622181853997694e-05,1778.6775827723613,7150.970071685522,3783.6208029308486,0.8,8.0,8.0,100.0,96,140,3,partner_consecutive_v2
G2_Wcluster_alhx700,$\mathrm{Hel}_{50}$,Cter_symmetric_BB_contact_survival,symmetric_nac_bb,Any 1 banded symmetric C-ter BB,chain_pair,all,largest_cluster,1107000.0,1.0339443944704652e-05,1.4622181853997694e-05,1778.6775827723613,7150.970071685522,3783.6208029308486,0.8,8.0,8.0,100.0,96,140,3,partner_consecutive_v2
G2_Wcluster_alhx700,$\mathrm{Hel}_{50}$,Cter_symmetric_BB_contact_survival,symmetric_nac_bb,Any 1 banded symmetric C-ter BB,chain_pair,all,largest_cluster,1108000.0,1.0339443944704652e-05,1.4622181853997694e-05,1778.6775827723613,7150.970071685522,3783.6208029308486,0.8,8.0,8.0,100.0,96,140,3,partner_consecutive_v2
G2_Wcluster_alhx700,$\mathrm{Hel}_{50}$,Cter_symmetric_BB_contact_survival,symmetric_nac_bb,Any 1 banded symmetric C-ter BB,chain_pair,all,largest_cluster,1109000.0,1.0339443944704652e-05,1.4622181853997694e-05,1778.6775827723613,7150.970071685522,3783.6208029308486,0.8,8.0,8.0,100.0,96,140,3,partner_consecutive_v2
G2_Wcluster_alhx700,$\mathrm{Hel}_{50}$,Cter_symmetric_BB_contact_survival,symmetric_nac_bb,Any 1 banded symmetric C-ter BB,chain_pair,all,largest_cluster,1110000.0,1.0339443944704652e-05,1.4622181853997694e-05,1778.6775827723613,7150.970071685522,3783.6208029308486,0.8,8.0,8.0,100.0,96,140,3,partner_consecutive_v2
G2_Wcluster_alhx700,$\mathrm{Hel}_{50}$,Cter_symmetric_BB_contact_survival,symmetric_nac_bb,Any 1 banded symmetric C-ter BB,chain_pair,all,largest_cluster,1111000.0,1.0339443944704652e-05,1.4622181853997694e-05,1778.6775827723613,7150.970071685522,3783.6208029308486,0.8,8.0,8.0,100.0,96,140,3,partner_consecutive_v2
G2_Wcluster_alhx700,$\mathrm{Hel}_{50}$,Cter_symmetric_BB_contact_survival,symmetric_nac_bb,Any 1 banded symmetric C-ter BB,chain_pair,all,largest_cluster,1112000.0,1.0339443944704652e-05,1.4622181853997694e-05,1778.6775827723613,7150.970071685522,3783.6208029308486,0.8,8.0,8.0,100.0,96,140,3,partner_consecutive_v2
G2_Wcluster_alhx700,$\mathrm{Hel}_{50}$,Cter_symmetric_BB_contact_survival,symmetric_nac_bb,Any 1 banded symmetric C-ter BB,chain_pair,all,largest_cluster,1113000.0,1.0339443944704652e-05,1.4622181853997694e-05,1778.6775827723613,7150.970071685522,3783.6208029308486,0.8,8.0,8.0,100.0,96,140,3,partner_consecutive_v2
G2_Wcluster_alhx700,$\mathrm{Hel}_{50}$,Cter_symmetric_BB_contact_survival,symmetric_nac_bb,Any 1 banded symmetric C-ter BB,chain_pair,all,largest_cluster,1114000.0,1.0339443944704652e-05,1.4622181853997694e-05,1778.6775827723613,7150.970071685522,3783.6208029308486,0.8,8.0,8.0,100.0,96,140,3,partner_consecutive_v2
G2_Wcluster_alhx700,$\mathrm{Hel}_{50}$,Cter_symmetric_BB_contact_survival,symmetric_nac_bb,Any 1 banded symmetric C-ter BB,chain_pair,all,largest_cluster,1115000.0,1.0339443944704652e-05,1.4622181853997694e-05,1778.6775827723613,7150.970071685522,3783.6208029308486,0.8,8.0,8.0,100.0,96,140,3,partner_consecutive_v2
G2_Wcluster_alhx700,$\mathrm{Hel}_{50}$,Cter_symmetric_BB_contact_survival,symmetric_nac_bb,Any 1 banded symmetric C-ter BB,chain_pair,all,largest_cluster,1116000.0,1.0339443944704652e-05,1.4622181853997694e-05,1778.6775827723613,7150.970071685522,3783.6208029308486,0.8,8.0,8.0,100.0,96,140,3,partner_consecutive_v2
G2_Wcluster_alhx700,$\mathrm{Hel}_{50}$,Cter_symmetric_BB_contact_survival,symmetric_nac_bb,Any 1 banded symmetric C-ter BB,chain_pair,all,largest_cluster,1117000.0,1.0339443944704652e-05,1.4622181853997694e-05,1778.6775827723613,7150.970071685522,3783.6208029308486,0.8,8.0,8.0,100.0,96,140,3,partner_consecutive_v2
G2_Wcluster_alhx700,$\mathrm{Hel}_{50}$,Cter_symmetric_BB_contact_survival,symmetric_nac_bb,Any 1 banded symmetric C-ter BB,chain_pair,all,largest_cluster,1118000.0,1.0339443944704652e-05,1.4622181853997694e-05,1778.6775827723613,7150.970071685522,3783.6208029308486,0.8,8.0,8.0,100.0,96,140,3,partner_consecutive_v2
G2_Wcluster_alhx700,$\mathrm{Hel}_{50}$,Cter_symmetric_BB_contact_survival,symmetric_nac_bb,Any 1 banded symmetric C-ter BB,chain_pair,all,largest_cluster,1119000.0,1.0339443944704652e-05,1.4622181853997694e-05,1778.6775827723613,7150.970071685522,3783.6208029308486,0.8,8.0,8.0,100.0,96,140,3,partner_consecutive_v2
G2_Wcluster_alhx700,$\mathrm{Hel}_{50}$,Cter_symmetric_BB_contact_survival,symmetric_nac_bb,Any 1 banded symmetric C-ter BB,chain_pair,all,largest_cluster,1120000.0,1.0339443944704652e-05,1.4622181853997694e-05,1778.6775827723613,7150.970071685522,3783.6208029308486,0.8,8.0,8.0,100.0,96,140,3,partner_consecutive_v2
G2_Wcluster_alhx700,$\mathrm{Hel}_{50}$,Cter_symmetric_BB_contact_survival,symmetric_nac_bb,Any 1 banded symmetric C-ter BB,chain_pair,all,largest_cluster,1121000.0,1.0339443944704652e-05,1.4622181853997694e-05,1778.6775827723613,7150.970071685522,3783.6208029308486,0.8,8.0,8.0,100.0,96,140,3,partner_consecutive_v2
G2_Wcluster_alhx700,$\mathrm{Hel}_{50}$,Cter_symmetric_BB_contact_survival,symmetric_nac_bb,Any 1 banded symmetric C-ter BB,chain_pair,all,largest_cluster,1122000.0,1.0339443944704652e-05,1.4622181853997694e-05,1778.6775827723613,7150.970071685522,3783.6208029308486,0.8,8.0,8.0,100.0,96,140,3,partner_consecutive_v2
G2_Wcluster_alhx700,$\mathrm{Hel}_{50}$,Cter_symmetric_BB_contact_survival,symmetric_nac_bb,Any 1 banded symmetric C-ter BB,chain_pair,all,largest_cluster,1123000.0,1.0339443944704652e-05,1.4622181853997694e-05,1778.6775827723613,7150.970071685522,3783.6208029308486,0.8,8.0,8.0,100.0,96,140,3,partner_consecutive_v2
G2_Wcluster_alhx700,$\mathrm{Hel}_{50}$,Cter_symmetric_BB_contact_survival,symmetric_nac_bb,Any 1 banded symmetric C-ter BB,chain_pair,all,largest_cluster,1124000.0,1.0339443944704652e-05,1.4622181853997694e-05,1778.6775827723613,7150.970071685522,3783.6208029308486,0.8,8.0,8.0,100.0,96,140,3,partner_consecutive_v2
G2_Wcluster_alhx700,$\mathrm{Hel}_{50}$,Cter_symmetric_BB_contact_survival,symmetric_nac_bb,Any 1 banded symmetric C-ter BB,chain_pair,all,largest_cluster,1125000.0,1.0339443944704652e-05,1.4622181853997694e-05,1778.6775827723613,7150.970071685522,3783.6208029308486,0.8,8.0,8.0,100.0,96,140,3,partner_consecutive_v2
G2_Wcluster_alhx700,$\mathrm{Hel}_{50}$,Cter_symmetric_BB_contact_survival,symmetric_nac_bb,Any 1 banded symmetric C-ter BB,chain_pair,all,largest_cluster,1126000.0,1.0339443944704652e-05,1.4622181853997694e-05,1778.6775827723613,7150.970071685522,3783.6208029308486,0.8,8.0,8.0,100.0,96,140,3,partner_consecutive_v2
G2_Wcluster_alhx700,$\mathrm{Hel}_{50}$,Cter_symmetric_BB_contact_survival,symmetric_nac_bb,Any 1 banded symmetric C-ter BB,chain_pair,all,largest_cluster,1127000.0,1.0339443944704652e-05,1.4622181853997694e-05,1778.6775827723613,7150.970071685522,3783.6208029308486,0.8,8.0,8.0,100.0,96,140,3,partner_consecutive_v2
G2_Wcluster_alhx700,$\mathrm{Hel}_{50}$,Cter_symmetric_BB_contact_survival,symmetric_nac_bb,Any 1 banded symmetric C-ter BB,chain_pair,all,largest_cluster,1128000.0,1.0339443944704652e-05,1.4622181853997694e-05,1778.6775827723613,7150.970071685522,3783.6208029308486,0.8,8.0,8.0,100.0,96,140,3,partner_consecutive_v2
G2_Wcluster_alhx700,$\mathrm{Hel}_{50}$,Cter_symmetric_BB_contact_survival,symmetric_nac_bb,Any 1 banded symmetric C-ter BB,chain_pair,all,largest_cluster,1129000.0,1.0339443944704652e-05,1.4622181853997694e-05,1778.6775827723613,7150.970071685522,3783.6208029308486,0.8,8.0,8.0,100.0,96,140,3,partner_consecutive_v2
G2_Wcluster_alhx700,$\mathrm{Hel}_{50}$,Cter_symmetric_BB_contact_survival,symmetric_nac_bb,Any 1 banded symmetric C-ter BB,chain_pair,all,largest_cluster,1130000.0,1.0339443944704652e-05,1.4622181853997694e-05,1778.6775827723613,7150.970071685522,3783.6208029308486,0.8,8.0,8.0,100.0,96,140,3,partner_consecutive_v2
G2_Wcluster_alhx700,$\mathrm{Hel}_{50}$,Cter_symmetric_BB_contact_survival,symmetric_nac_bb,Any 1 banded symmetric C-ter BB,chain_pair,all,largest_cluster,1131000.0,1.0339443944704652e-05,1.4622181853997694e-05,1778.6775827723613,7150.970071685522,3783.6208029308486,0.8,8.0,8.0,100.0,96,140,3,partner_consecutive_v2
G2_Wcluster_alhx700,$\mathrm{Hel}_{50}$,Cter_symmetric_BB_contact_survival,symmetric_nac_bb,Any 1 banded symmetric C-ter BB,chain_pair,all,largest_cluster,1132000.0,1.0339443944704652e-05,1.4622181853997694e-05,1778.6775827723613,7150.970071685522,3783.6208029308486,0.8,8.0,8.0,100.0,96,140,3,partner_consecutive_v2
G2_Wcluster_alhx700,$\mathrm{Hel}_{50}$,Cter_symmetric_BB_contact_survival,symmetric_nac_bb,Any 1 banded symmetric C-ter BB,chain_pair,all,largest_cluster,1133000.0,1.0339443944704652e-05,1.4622181853997694e-05,1778.6775827723613,7150.970071685522,3783.6208029308486,0.8,8.0,8.0,100.0,96,140,3,partner_consecutive_v2
G2_Wcluster_alhx700,$\mathrm{Hel}_{50}$,Cter_symmetric_BB_contact_survival,symmetric_nac_bb,Any 1 banded symmetric C-ter BB,chain_pair,all,largest_cluster,1134000.0,1.0339443944704652e-05,1.4622181853997694e-05,1778.6775827723613,7150.970071685522,3783.6208029308486,0.8,8.0,8.0,100.0,96,140,3,partner_consecutive_v2
G2_Wcluster_alhx700,$\mathrm{Hel}_{50}$,Cter_symmetric_BB_contact_survival,symmetric_nac_bb,Any 1 banded symmetric C-ter BB,chain_pair,all,largest_cluster,1135000.0,1.0339443944704652e-05,1.4622181853997694e-05,1778.6775827723613,7150.970071685522,3783.6208029308486,0.8,8.0,8.0,100.0,96,140,3,partner_consecutive_v2
G2_Wcluster_alhx700,$\mathrm{Hel}_{50}$,Cter_symmetric_BB_contact_survival,symmetric_nac_bb,Any 1 banded symmetric C-ter BB,chain_pair,all,largest_cluster,1136000.0,1.0339443944704652e-05,1.4622181853997694e-05,1778.6775827723613,7150.970071685522,3783.6208029308486,0.8,8.0,8.0,100.0,96,140,3,partner_consecutive_v2
G2_Wcluster_alhx700,$\mathrm{Hel}_{50}$,Cter_symmetric_BB_contact_survival,symmetric_nac_bb,Any 1 banded symmetric C-ter BB,chain_pair,all,largest_cluster,1137000.0,1.0339443944704652e-05,1.4622181853997694e-05,1778.6775827723613,7150.970071685522,3783.6208029308486,0.8,8.0,8.0,100.0,96,140,3,partner_consecutive_v2
G2_Wcluster_alhx700,$\mathrm{Hel}_{50}$,Cter_symmetric_BB_contact_survival,symmetric_nac_bb,Any 1 banded symmetric C-ter BB,chain_pair,all,largest_cluster,1138000.0,1.0339443944704652e-05,1.4622181853997694e-05,1778.6775827723613,7150.970071685522,3783.6208029308486,0.8,8.0,8.0,100.0,96,140,3,partner_consecutive_v2
G2_Wcluster_alhx700,$\mathrm{Hel}_{50}$,Cter_symmetric_BB_contact_survival,symmetric_nac_bb,Any 1 banded symmetric C-ter BB,chain_pair,all,largest_cluster,1139000.0,1.0339443944704652e-05,1.4622181853997694e-05,1778.6775827723613,7150.970071685522,3783.6208029308486,0.8,8.0,8.0,100.0,96,140,3,partner_consecutive_v2
G2_Wcluster_alhx700,$\mathrm{Hel}_{50}$,Cter_symmetric_BB_contact_survival,symmetric_nac_bb,Any 1 banded symmetric C-ter BB,chain_pair,all,largest_cluster,1140000.0,1.0339443944704652e-05,1.4622181853997694e-05,1778.6775827723613,7150.970071685522,3783.6208029308486,0.8,8.0,8.0,100.0,96,140,3,partner_consecutive_v2
G2_Wcluster_alhx700,$\mathrm{Hel}_{50}$,Cter_symmetric_BB_contact_survival,symmetric_nac_bb,Any 1 banded symmetric C-ter BB,chain_pair,all,largest_cluster,1141000.0,1.0339443944704652e-05,1.4622181853997694e-05,1778.6775827723613,7150.970071685522,3783.6208029308486,0.8,8.0,8.0,100.0,96,140,3,partner_consecutive_v2
G2_Wcluster_alhx700,$\mathrm{Hel}_{50}$,Cter_symmetric_BB_contact_survival,symmetric_nac_bb,Any 1 banded symmetric C-ter BB,chain_pair,all,largest_cluster,1142000.0,1.0339443944704652e-05,1.4622181853997694e-05,1778.6775827723613,7150.970071685522,3783.6208029308486,0.8,8.0,8.0,100.0,96,140,3,partner_consecutive_v2
G2_Wcluster_alhx700,$\mathrm{Hel}_{50}$,Cter_symmetric_BB_contact_survival,symmetric_nac_bb,Any 1 banded symmetric C-ter BB,chain_pair,all,largest_cluster,1143000.0,1.0339443944704652e-05,1.4622181853997694e-05,1778.6775827723613,7150.970071685522,3783.6208029308486,0.8,8.0,8.0,100.0,96,140,3,partner_consecutive_v2
G2_Wcluster_alhx700,$\mathrm{Hel}_{50}$,Cter_symmetric_BB_contact_survival,symmetric_nac_bb,Any 1 banded symmetric C-ter BB,chain_pair,all,largest_cluster,1144000.0,1.0339443944704652e-05,1.4622181853997694e-05,1778.6775827723613,7150.970071685522,3783.6208029308486,0.8,8.0,8.0,100.0,96,140,3,partner_consecutive_v2
G2_Wcluster_alhx700,$\mathrm{Hel}_{50}$,Cter_symmetric_BB_contact_survival,symmetric_nac_bb,Any 1 banded symmetric C-ter BB,chain_pair,all,largest_cluster,1145000.0,1.0339443944704652e-05,1.4622181853997694e-05,1778.6775827723613,7150.970071685522,3783.6208029308486,0.8,8.0,8.0,100.0,96,140,3,partner_consecutive_v2
G2_Wcluster_alhx700,$\mathrm{Hel}_{50}$,Cter_symmetric_BB_contact_survival,symmetric_nac_bb,Any 1 banded symmetric C-ter BB,chain_pair,all,largest_cluster,1146000.0,1.0339443944704652e-05,1.4622181853997694e-05,1778.6775827723613,7150.970071685522,3783.6208029308486,0.8,8.0,8.0,100.0,96,140,3,partner_consecutive_v2
G2_Wcluster_alhx700,$\mathrm{Hel}_{50}$,Cter_symmetric_BB_contact_survival,symmetric_nac_bb,Any 1 banded symmetric C-ter BB,chain_pair,all,largest_cluster,1147000.0,1.0339443944704652e-05,1.4622181853997694e-05,1778.6775827723613,7150.970071685522,3783.6208029308486,0.8,8.0,8.0,100.0,96,140,3,partner_consecutive_v2
G2_Wcluster_alhx700,$\mathrm{Hel}_{50}$,Cter_symmetric_BB_contact_survival,symmetric_nac_bb,Any 1 banded symmetric C-ter BB,chain_pair,all,largest_cluster,1148000.0,1.0339443944704652e-05,1.4622181853997694e-05,1778.6775827723613,7150.970071685522,3783.6208029308486,0.8,8.0,8.0,100.0,96,140,3,partner_consecutive_v2
G2_Wcluster_alhx700,$\mathrm{Hel}_{50}$,Cter_symmetric_BB_contact_survival,symmetric_nac_bb,Any 1 banded symmetric C-ter BB,chain_pair,all,largest_cluster,1149000.0,1.0339443944704652e-05,1.4622181853997694e-05,1778.6775827723613,7150.970071685522,3783.6208029308486,0.8,8.0,8.0,100.0,96,140,3,partner_consecutive_v2
G2_Wcluster_alhx700,$\mathrm{Hel}_{50}$,Cter_symmetric_BB_contact_survival,symmetric_nac_bb,Any 1 banded symmetric C-ter BB,chain_pair,all,largest_cluster,1150000.0,1.0339443944704652e-05,1.4622181853997694e-05,1778.6775827723613,7150.970071685522,3783.6208029308486,0.8,8.0,8.0,100.0,96,140,3,partner_consecutive_v2
G2_Wcluster_alhx700,$\mathrm{Hel}_{50}$,Cter_symmetric_BB_contact_survival,symmetric_nac_bb,Any 1 banded symmetric C-ter BB,chain_pair,all,largest_cluster,1151000.0,1.0339443944704652e-05,1.4622181853997694e-05,1778.6775827723613,7150.970071685522,3783.6208029308486,0.8,8.0,8.0,100.0,96,140,3,partner_consecutive_v2
G2_Wcluster_alhx700,$\mathrm{Hel}_{50}$,Cter_symmetric_BB_contact_survival,symmetric_nac_bb,Any 1 banded symmetric C-ter BB,chain_pair,all,largest_cluster,1152000.0,1.0339443944704652e-05,1.4622181853997694e-05,1778.6775827723613,7150.970071685522,3783.6208029308486,0.8,8.0,8.0,100.0,96,140,3,partner_consecutive_v2
G2_Wcluster_alhx700,$\mathrm{Hel}_{50}$,Cter_symmetric_BB_contact_survival,symmetric_nac_bb,Any 1 banded symmetric C-ter BB,chain_pair,all,largest_cluster,1153000.0,1.0339443944704652e-05,1.4622181853997694e-05,1778.6775827723613,7150.970071685522,3783.6208029308486,0.8,8.0,8.0,100.0,96,140,3,partner_consecutive_v2
G2_Wcluster_alhx700,$\mathrm{Hel}_{50}$,Cter_symmetric_BB_contact_survival,symmetric_nac_bb,Any 1 banded symmetric C-ter BB,chain_pair,all,largest_cluster,1154000.0,1.0339443944704652e-05,1.4622181853997694e-05,1778.6775827723613,7150.970071685522,3783.6208029308486,0.8,8.0,8.0,100.0,96,140,3,partner_consecutive_v2
G2_Wcluster_alhx700,$\mathrm{Hel}_{50}$,Cter_symmetric_BB_contact_survival,symmetric_nac_bb,Any 1 banded symmetric C-ter BB,chain_pair,all,largest_cluster,1155000.0,1.0339443944704652e-05,1.4622181853997694e-05,1778.6775827723613,7150.970071685522,3783.6208029308486,0.8,8.0,8.0,100.0,96,140,3,partner_consecutive_v2
G2_Wcluster_alhx700,$\mathrm{Hel}_{50}$,Cter_symmetric_BB_contact_survival,symmetric_nac_bb,Any 1 banded symmetric C-ter BB,chain_pair,all,largest_cluster,1156000.0,1.0339443944704652e-05,1.4622181853997694e-05,1778.6775827723613,7150.970071685522,3783.6208029308486,0.8,8.0,8.0,100.0,96,140,3,partner_consecutive_v2
G2_Wcluster_alhx700,$\mathrm{Hel}_{50}$,Cter_symmetric_BB_contact_survival,symmetric_nac_bb,Any 1 banded symmetric C-ter BB,chain_pair,all,largest_cluster,1157000.0,1.0339443944704652e-05,1.4622181853997694e-05,1778.6775827723613,7150.970071685522,3783.6208029308486,0.8,8.0,8.0,100.0,96,140,3,partner_consecutive_v2
G2_Wcluster_alhx700,$\mathrm{Hel}_{50}$,Cter_symmetric_BB_contact_survival,symmetric_nac_bb,Any 1 banded symmetric C-ter BB,chain_pair,all,largest_cluster,1158000.0,1.0339443944704652e-05,1.4622181853997694e-05,1778.6775827723613,7150.970071685522,3783.6208029308486,0.8,8.0,8.0,100.0,96,140,3,partner_consecutive_v2
G2_Wcluster_alhx700,$\mathrm{Hel}_{50}$,Cter_symmetric_BB_contact_survival,symmetric_nac_bb,Any 1 banded symmetric C-ter BB,chain_pair,all,largest_cluster,1159000.0,1.0339443944704652e-05,1.4622181853997694e-05,1778.6775827723613,7150.970071685522,3783.6208029308486,0.8,8.0,8.0,100.0,96,140,3,partner_consecutive_v2
G2_Wcluster_alhx700,$\mathrm{Hel}_{50}$,Cter_symmetric_BB_contact_survival,symmetric_nac_bb,Any 1 banded symmetric C-ter BB,chain_pair,all,largest_cluster,1160000.0,1.0339443944704652e-05,1.4622181853997694e-05,1778.6775827723613,7150.970071685522,3783.6208029308486,0.8,8.0,8.0,100.0,96,140,3,partner_consecutive_v2
G2_Wcluster_alhx700,$\mathrm{Hel}_{50}$,Cter_symmetric_BB_contact_survival,symmetric_nac_bb,Any 1 banded symmetric C-ter BB,chain_pair,all,largest_cluster,1161000.0,1.0339443944704652e-05,1.4622181853997694e-05,1778.6775827723613,7150.970071685522,3783.6208029308486,0.8,8.0,8.0,100.0,96,140,3,partner_consecutive_v2
G2_Wcluster_alhx700,$\mathrm{Hel}_{50}$,Cter_symmetric_BB_contact_survival,symmetric_nac_bb,Any 1 banded symmetric C-ter BB,chain_pair,all,largest_cluster,1162000.0,1.0339443944704652e-05,1.4622181853997694e-05,1778.6775827723613,7150.970071685522,3783.6208029308486,0.8,8.0,8.0,100.0,96,140,3,partner_consecutive_v2
G2_Wcluster_alhx700,$\mathrm{Hel}_{50}$,Cter_symmetric_BB_contact_survival,symmetric_nac_bb,Any 1 banded symmetric C-ter BB,chain_pair,all,largest_cluster,1163000.0,1.0339443944704652e-05,1.4622181853997694e-05,1778.6775827723613,7150.970071685522,3783.6208029308486,0.8,8.0,8.0,100.0,96,140,3,partner_consecutive_v2
G2_Wcluster_alhx700,$\mathrm{Hel}_{50}$,Cter_symmetric_BB_contact_survival,symmetric_nac_bb,Any 1 banded symmetric C-ter BB,chain_pair,all,largest_cluster,1164000.0,1.0339443944704652e-05,1.4622181853997694e-05,1778.6775827723613,7150.970071685522,3783.6208029308486,0.8,8.0,8.0,100.0,96,140,3,partner_consecutive_v2
G2_Wcluster_alhx700,$\mathrm{Hel}_{50}$,Cter_symmetric_BB_contact_survival,symmetric_nac_bb,Any 1 banded symmetric C-ter BB,chain_pair,all,largest_cluster,1165000.0,1.0339443944704652e-05,1.4622181853997694e-05,1778.6775827723613,7150.970071685522,3783.6208029308486,0.8,8.0,8.0,100.0,96,140,3,partner_consecutive_v2
G2_Wcluster_alhx700,$\mathrm{Hel}_{50}$,Cter_symmetric_BB_contact_survival,symmetric_nac_bb,Any 1 banded symmetric C-ter BB,chain_pair,all,largest_cluster,1166000.0,1.0339443944704652e-05,1.4622181853997694e-05,1778.6775827723613,7150.970071685522,3783.6208029308486,0.8,8.0,8.0,100.0,96,140,3,partner_consecutive_v2
G2_Wcluster_alhx700,$\mathrm{Hel}_{50}$,Cter_symmetric_BB_contact_survival,symmetric_nac_bb,Any 1 banded symmetric C-ter BB,chain_pair,all,largest_cluster,1167000.0,1.0339443944704652e-05,1.4622181853997694e-05,1778.6775827723613,7150.970071685522,3783.6208029308486,0.8,8.0,8.0,100.0,96,140,3,partner_consecutive_v2
G2_Wcluster_alhx700,$\mathrm{Hel}_{50}$,Cter_symmetric_BB_contact_survival,symmetric_nac_bb,Any 1 banded symmetric C-ter BB,chain_pair,all,largest_cluster,1168000.0,1.0339443944704652e-05,1.4622181853997694e-05,1778.6775827723613,7150.970071685522,3783.6208029308486,0.8,8.0,8.0,100.0,96,140,3,partner_consecutive_v2
G2_Wcluster_alhx700,$\mathrm{Hel}_{50}$,Cter_symmetric_BB_contact_survival,symmetric_nac_bb,Any 1 banded symmetric C-ter BB,chain_pair,all,largest_cluster,1169000.0,1.0339443944704652e-05,1.4622181853997694e-05,1778.6775827723613,7150.970071685522,3783.6208029308486,0.8,8.0,8.0,100.0,96,140,3,partner_consecutive_v2
G2_Wcluster_alhx700,$\mathrm{Hel}_{50}$,Cter_symmetric_BB_contact_survival,symmetric_nac_bb,Any 1 banded symmetric C-ter BB,chain_pair,all,largest_cluster,1170000.0,1.0339443944704652e-05,1.4622181853997694e-05,1778.6775827723613,7150.970071685522,3783.6208029308486,0.8,8.0,8.0,100.0,96,140,3,partner_consecutive_v2
G2_Wcluster_alhx700,$\mathrm{Hel}_{50}$,Cter_symmetric_BB_contact_survival,symmetric_nac_bb,Any 1 banded symmetric C-ter BB,chain_pair,all,largest_cluster,1171000.0,1.0339443944704652e-05,1.4622181853997694e-05,1778.6775827723613,7150.970071685522,3783.6208029308486,0.8,8.0,8.0,100.0,96,140,3,partner_consecutive_v2
G2_Wcluster_alhx700,$\mathrm{Hel}_{50}$,Cter_symmetric_BB_contact_survival,symmetric_nac_bb,Any 1 banded symmetric C-ter BB,chain_pair,all,largest_cluster,1172000.0,1.0339443944704652e-05,1.4622181853997694e-05,1778.6775827723613,7150.970071685522,3783.6208029308486,0.8,8.0,8.0,100.0,96,140,3,partner_consecutive_v2
G2_Wcluster_alhx700,$\mathrm{Hel}_{50}$,Cter_symmetric_BB_contact_survival,symmetric_nac_bb,Any 1 banded symmetric C-ter BB,chain_pair,all,largest_cluster,1173000.0,1.0339443944704652e-05,1.4622181853997694e-05,1778.6775827723613,7150.970071685522,3783.6208029308486,0.8,8.0,8.0,100.0,96,140,3,partner_consecutive_v2
G2_Wcluster_alhx700,$\mathrm{Hel}_{50}$,Cter_symmetric_BB_contact_survival,symmetric_nac_bb,Any 1 banded symmetric C-ter BB,chain_pair,all,largest_cluster,1174000.0,1.0339443944704652e-05,1.4622181853997694e-05,1778.6775827723613,7150.970071685522,3783.6208029308486,0.8,8.0,8.0,100.0,96,140,3,partner_consecutive_v2
G2_Wcluster_alhx700,$\mathrm{Hel}_{50}$,Cter_symmetric_BB_contact_survival,symmetric_nac_bb,Any 1 banded symmetric C-ter BB,chain_pair,all,largest_cluster,1175000.0,1.0339443944704652e-05,1.4622181853997694e-05,1778.6775827723613,7150.970071685522,3783.6208029308486,0.8,8.0,8.0,100.0,96,140,3,partner_consecutive_v2
G2_Wcluster_alhx700,$\mathrm{Hel}_{50}$,Cter_symmetric_BB_contact_survival,symmetric_nac_bb,Any 1 banded symmetric C-ter BB,chain_pair,all,largest_cluster,1176000.0,1.0339443944704652e-05,1.4622181853997694e-05,1778.6775827723613,7150.970071685522,3783.6208029308486,0.8,8.0,8.0,100.0,96,140,3,partner_consecutive_v2
G2_Wcluster_alhx700,$\mathrm{Hel}_{50}$,Cter_symmetric_BB_contact_survival,symmetric_nac_bb,Any 1 banded symmetric C-ter BB,chain_pair,all,largest_cluster,1177000.0,1.0339443944704652e-05,1.4622181853997694e-05,1778.6775827723613,7150.970071685522,3783.6208029308486,0.8,8.0,8.0,100.0,96,140,3,partner_consecutive_v2
G2_Wcluster_alhx700,$\mathrm{Hel}_{50}$,Cter_symmetric_BB_contact_survival,symmetric_nac_bb,Any 1 banded symmetric C-ter BB,chain_pair,all,largest_cluster,1178000.0,1.0339443944704652e-05,1.4622181853997694e-05,1778.6775827723613,7150.970071685522,3783.6208029308486,0.8,8.0,8.0,100.0,96,140,3,partner_consecutive_v2
G2_Wcluster_alhx700,$\mathrm{Hel}_{50}$,Cter_symmetric_BB_contact_survival,symmetric_nac_bb,Any 1 banded symmetric C-ter BB,chain_pair,all,largest_cluster,1179000.0,1.0339443944704652e-05,1.4622181853997694e-05,1778.6775827723613,7150.970071685522,3783.6208029308486,0.8,8.0,8.0,100.0,96,140,3,partner_consecutive_v2
G2_Wcluster_alhx700,$\mathrm{Hel}_{50}$,Cter_symmetric_BB_contact_survival,symmetric_nac_bb,Any 1 banded symmetric C-ter BB,chain_pair,all,largest_cluster,1180000.0,1.0339443944704652e-05,1.4622181853997694e-05,1778.6775827723613,7150.970071685522,3783.6208029308486,0.8,8.0,8.0,100.0,96,140,3,partner_consecutive_v2
G2_Wcluster_alhx700,$\mathrm{Hel}_{50}$,Cter_symmetric_BB_contact_survival,symmetric_nac_bb,Any 1 banded symmetric C-ter BB,chain_pair,all,largest_cluster,1181000.0,1.0339443944704652e-05,1.4622181853997694e-05,1778.6775827723613,7150.970071685522,3783.6208029308486,0.8,8.0,8.0,100.0,96,140,3,partner_consecutive_v2
G2_Wcluster_alhx700,$\mathrm{Hel}_{50}$,Cter_symmetric_BB_contact_survival,symmetric_nac_bb,Any 1 banded symmetric C-ter BB,chain_pair,all,largest_cluster,1182000.0,1.0339443944704652e-05,1.4622181853997694e-05,1778.6775827723613,7150.970071685522,3783.6208029308486,0.8,8.0,8.0,100.0,96,140,3,partner_consecutive_v2
G2_Wcluster_alhx700,$\mathrm{Hel}_{50}$,Cter_symmetric_BB_contact_survival,symmetric_nac_bb,Any 1 banded symmetric C-ter BB,chain_pair,all,largest_cluster,1183000.0,1.0339443944704652e-05,1.4622181853997694e-05,1778.6775827723613,7150.970071685522,3783.6208029308486,0.8,8.0,8.0,100.0,96,140,3,partner_consecutive_v2
G2_Wcluster_alhx700,$\mathrm{Hel}_{50}$,Cter_symmetric_BB_contact_survival,symmetric_nac_bb,Any 1 banded symmetric C-ter BB,chain_pair,all,largest_cluster,1184000.0,1.0339443944704652e-05,1.4622181853997694e-05,1778.6775827723613,7150.970071685522,3783.6208029308486,0.8,8.0,8.0,100.0,96,140,3,partner_consecutive_v2
G2_Wcluster_alhx700,$\mathrm{Hel}_{50}$,Cter_symmetric_BB_contact_survival,symmetric_nac_bb,Any 1 banded symmetric C-ter BB,chain_pair,all,largest_cluster,1185000.0,1.0339443944704652e-05,1.4622181853997694e-05,1778.6775827723613,7150.970071685522,3783.6208029308486,0.8,8.0,8.0,100.0,96,140,3,partner_consecutive_v2
G2_Wcluster_alhx700,$\mathrm{Hel}_{50}$,Cter_symmetric_BB_contact_survival,symmetric_nac_bb,Any 1 banded symmetric C-ter BB,chain_pair,all,largest_cluster,1186000.0,1.0339443944704652e-05,1.4622181853997694e-05,1778.6775827723613,7150.970071685522,3783.6208029308486,0.8,8.0,8.0,100.0,96,140,3,partner_consecutive_v2
G2_Wcluster_alhx700,$\mathrm{Hel}_{50}$,Cter_symmetric_BB_contact_survival,symmetric_nac_bb,Any 1 banded symmetric C-ter BB,chain_pair,all,largest_cluster,1187000.0,1.0339443944704652e-05,1.4622181853997694e-05,1778.6775827723613,7150.970071685522,3783.6208029308486,0.8,8.0,8.0,100.0,96,140,3,partner_consecutive_v2
G2_Wcluster_alhx700,$\mathrm{Hel}_{50}$,Cter_symmetric_BB_contact_survival,symmetric_nac_bb,Any 1 banded symmetric C-ter BB,chain_pair,all,largest_cluster,1188000.0,1.0339443944704652e-05,1.4622181853997694e-05,1778.6775827723613,7150.970071685522,3783.6208029308486,0.8,8.0,8.0,100.0,96,140,3,partner_consecutive_v2
G2_Wcluster_alhx700,$\mathrm{Hel}_{50}$,Cter_symmetric_BB_contact_survival,symmetric_nac_bb,Any 1 banded symmetric C-ter BB,chain_pair,all,largest_cluster,1189000.0,1.0339443944704652e-05,1.4622181853997694e-05,1778.6775827723613,7150.970071685522,3783.6208029308486,0.8,8.0,8.0,100.0,96,140,3,partner_consecutive_v2
G2_Wcluster_alhx700,$\mathrm{Hel}_{50}$,Cter_symmetric_BB_contact_survival,symmetric_nac_bb,Any 1 banded symmetric C-ter BB,chain_pair,all,largest_cluster,1190000.0,1.0339443944704652e-05,1.4622181853997694e-05,1778.6775827723613,7150.970071685522,3783.6208029308486,0.8,8.0,8.0,100.0,96,140,3,partner_consecutive_v2
G2_Wcluster_alhx700,$\mathrm{Hel}_{50}$,Cter_symmetric_BB_contact_survival,symmetric_nac_bb,Any 1 banded symmetric C-ter BB,chain_pair,all,largest_cluster,1191000.0,1.0339443944704652e-05,1.4622181853997694e-05,1778.6775827723613,7150.970071685522,3783.6208029308486,0.8,8.0,8.0,100.0,96,140,3,partner_consecutive_v2
G2_Wcluster_alhx700,$\mathrm{Hel}_{50}$,Cter_symmetric_BB_contact_survival,symmetric_nac_bb,Any 1 banded symmetric C-ter BB,chain_pair,all,largest_cluster,1192000.0,1.0339443944704652e-05,1.4622181853997694e-05,1778.6775827723613,7150.970071685522,3783.6208029308486,0.8,8.0,8.0,100.0,96,140,3,partner_consecutive_v2
G2_Wcluster_alhx700,$\mathrm{Hel}_{50}$,Cter_symmetric_BB_contact_survival,symmetric_nac_bb,Any 1 banded symmetric C-ter BB,chain_pair,all,largest_cluster,1193000.0,1.0339443944704652e-05,1.4622181853997694e-05,1778.6775827723613,7150.970071685522,3783.6208029308486,0.8,8.0,8.0,100.0,96,140,3,partner_consecutive_v2
G2_Wcluster_alhx700,$\mathrm{Hel}_{50}$,Cter_symmetric_BB_contact_survival,symmetric_nac_bb,Any 1 banded symmetric C-ter BB,chain_pair,all,largest_cluster,1194000.0,1.0339443944704652e-05,1.4622181853997694e-05,1778.6775827723613,7150.970071685522,3783.6208029308486,0.8,8.0,8.0,100.0,96,140,3,partner_consecutive_v2
G2_Wcluster_alhx700,$\mathrm{Hel}_{50}$,Cter_symmetric_BB_contact_survival,symmetric_nac_bb,Any 1 banded symmetric C-ter BB,chain_pair,all,largest_cluster,1195000.0,1.0339443944704652e-05,1.4622181853997694e-05,1778.6775827723613,7150.970071685522,3783.6208029308486,0.8,8.0,8.0,100.0,96,140,3,partner_consecutive_v2
G2_Wcluster_alhx700,$\mathrm{Hel}_{50}$,Cter_symmetric_BB_contact_survival,symmetric_nac_bb,Any 1 banded symmetric C-ter BB,chain_pair,all,largest_cluster,1196000.0,1.0339443944704652e-05,1.4622181853997694e-05,1778.6775827723613,7150.970071685522,3783.6208029308486,0.8,8.0,8.0,100.0,96,140,3,partner_consecutive_v2
G2_Wcluster_alhx700,$\mathrm{Hel}_{50}$,Cter_symmetric_BB_contact_survival,symmetric_nac_bb,Any 1 banded symmetric C-ter BB,chain_pair,all,largest_cluster,1197000.0,1.0339443944704652e-05,1.4622181853997694e-05,1778.6775827723613,7150.970071685522,3783.6208029308486,0.8,8.0,8.0,100.0,96,140,3,partner_consecutive_v2
G2_Wcluster_alhx700,$\mathrm{Hel}_{50}$,Cter_symmetric_BB_contact_survival,symmetric_nac_bb,Any 1 banded symmetric C-ter BB,chain_pair,all,largest_cluster,1198000.0,1.0339443944704652e-05,1.4622181853997694e-05,1778.6775827723613,7150.970071685522,3783.6208029308486,0.8,8.0,8.0,100.0,96,140,3,partner_consecutive_v2
G2_Wcluster_alhx700,$\mathrm{Hel}_{50}$,Cter_symmetric_BB_contact_survival,symmetric_nac_bb,Any 1 banded symmetric C-ter BB,chain_pair,all,largest_cluster,1199000.0,1.0339443944704652e-05,1.4622181853997694e-05,1778.6775827723613,7150.970071685522,3783.6208029308486,0.8,8.0,8.0,100.0,96,140,3,partner_consecutive_v2
G2_Wcluster_alhx700,$\mathrm{Hel}_{50}$,Cter_symmetric_BB_contact_survival,symmetric_nac_bb,Any 1 banded symmetric C-ter BB,chain_pair,all,largest_cluster,1200000.0,1.0339443944704652e-05,1.4622181853997694e-05,1778.6775827723613,7150.970071685522,3783.6208029308486,0.8,8.0,8.0,100.0,96,140,3,partner_consecutive_v2
G2_Wcluster_alhx700,$\mathrm{Hel}_{50}$,Cter_symmetric_BB_contact_survival,symmetric_nac_bb,Any 1 banded symmetric C-ter BB,chain_pair,all,largest_cluster,1201000.0,1.0339443944704652e-05,1.4622181853997694e-05,1778.6775827723613,7150.970071685522,3783.6208029308486,0.8,8.0,8.0,100.0,96,140,3,partner_consecutive_v2
G2_Wcluster_alhx700,$\mathrm{Hel}_{50}$,Cter_symmetric_BB_contact_survival,symmetric_nac_bb,Any 1 banded symmetric C-ter BB,chain_pair,all,largest_cluster,1202000.0,1.0339443944704652e-05,1.4622181853997694e-05,1778.6775827723613,7150.970071685522,3783.6208029308486,0.8,8.0,8.0,100.0,96,140,3,partner_consecutive_v2
G2_Wcluster_alhx700,$\mathrm{Hel}_{50}$,Cter_symmetric_BB_contact_survival,symmetric_nac_bb,Any 1 banded symmetric C-ter BB,chain_pair,all,largest_cluster,1203000.0,1.0339443944704652e-05,1.4622181853997694e-05,1778.6775827723613,7150.970071685522,3783.6208029308486,0.8,8.0,8.0,100.0,96,140,3,partner_consecutive_v2
G2_Wcluster_alhx700,$\mathrm{Hel}_{50}$,Cter_symmetric_BB_contact_survival,symmetric_nac_bb,Any 1 banded symmetric C-ter BB,chain_pair,all,largest_cluster,1204000.0,1.0339443944704652e-05,1.4622181853997694e-05,1778.6775827723613,7150.970071685522,3783.6208029308486,0.8,8.0,8.0,100.0,96,140,3,partner_consecutive_v2
G2_Wcluster_alhx700,$\mathrm{Hel}_{50}$,Cter_symmetric_BB_contact_survival,symmetric_nac_bb,Any 1 banded symmetric C-ter BB,chain_pair,all,largest_cluster,1205000.0,1.0339443944704652e-05,1.4622181853997694e-05,1778.6775827723613,7150.970071685522,3783.6208029308486,0.8,8.0,8.0,100.0,96,140,3,partner_consecutive_v2
G2_Wcluster_alhx700,$\mathrm{Hel}_{50}$,Cter_symmetric_BB_contact_survival,symmetric_nac_bb,Any 1 banded symmetric C-ter BB,chain_pair,all,largest_cluster,1206000.0,1.0339443944704652e-05,1.4622181853997694e-05,1778.6775827723613,7150.970071685522,3783.6208029308486,0.8,8.0,8.0,100.0,96,140,3,partner_consecutive_v2
G2_Wcluster_alhx700,$\mathrm{Hel}_{50}$,Cter_symmetric_BB_contact_survival,symmetric_nac_bb,Any 1 banded symmetric C-ter BB,chain_pair,all,largest_cluster,1207000.0,1.0339443944704652e-05,1.4622181853997694e-05,1778.6775827723613,7150.970071685522,3783.6208029308486,0.8,8.0,8.0,100.0,96,140,3,partner_consecutive_v2
G2_Wcluster_alhx700,$\mathrm{Hel}_{50}$,Cter_symmetric_BB_contact_survival,symmetric_nac_bb,Any 1 banded symmetric C-ter BB,chain_pair,all,largest_cluster,1208000.0,1.0339443944704652e-05,1.4622181853997694e-05,1778.6775827723613,7150.970071685522,3783.6208029308486,0.8,8.0,8.0,100.0,96,140,3,partner_consecutive_v2
G2_Wcluster_alhx700,$\mathrm{Hel}_{50}$,Cter_symmetric_BB_contact_survival,symmetric_nac_bb,Any 1 banded symmetric C-ter BB,chain_pair,all,largest_cluster,1209000.0,1.0339443944704652e-05,1.4622181853997694e-05,1778.6775827723613,7150.970071685522,3783.6208029308486,0.8,8.0,8.0,100.0,96,140,3,partner_consecutive_v2
G2_Wcluster_alhx700,$\mathrm{Hel}_{50}$,Cter_symmetric_BB_contact_survival,symmetric_nac_bb,Any 1 banded symmetric C-ter BB,chain_pair,all,largest_cluster,1210000.0,1.0339443944704652e-05,1.4622181853997694e-05,1778.6775827723613,7150.970071685522,3783.6208029308486,0.8,8.0,8.0,100.0,96,140,3,partner_consecutive_v2
G2_Wcluster_alhx700,$\mathrm{Hel}_{50}$,Cter_symmetric_BB_contact_survival,symmetric_nac_bb,Any 1 banded symmetric C-ter BB,chain_pair,all,largest_cluster,1211000.0,1.0339443944704652e-05,1.4622181853997694e-05,1778.6775827723613,7150.970071685522,3783.6208029308486,0.8,8.0,8.0,100.0,96,140,3,partner_consecutive_v2
G2_Wcluster_alhx700,$\mathrm{Hel}_{50}$,Cter_symmetric_BB_contact_survival,symmetric_nac_bb,Any 1 banded symmetric C-ter BB,chain_pair,all,largest_cluster,1212000.0,1.0339443944704652e-05,1.4622181853997694e-05,1778.6775827723613,7150.970071685522,3783.6208029308486,0.8,8.0,8.0,100.0,96,140,3,partner_consecutive_v2
G2_Wcluster_alhx700,$\mathrm{Hel}_{50}$,Cter_symmetric_BB_contact_survival,symmetric_nac_bb,Any 1 banded symmetric C-ter BB,chain_pair,all,largest_cluster,1213000.0,1.0339443944704652e-05,1.4622181853997694e-05,1778.6775827723613,7150.970071685522,3783.6208029308486,0.8,8.0,8.0,100.0,96,140,3,partner_consecutive_v2
G2_Wcluster_alhx700,$\mathrm{Hel}_{50}$,Cter_symmetric_BB_contact_survival,symmetric_nac_bb,Any 1 banded symmetric C-ter BB,chain_pair,all,largest_cluster,1214000.0,1.0339443944704652e-05,1.4622181853997694e-05,1778.6775827723613,7150.970071685522,3783.6208029308486,0.8,8.0,8.0,100.0,96,140,3,partner_consecutive_v2
G2_Wcluster_alhx700,$\mathrm{Hel}_{50}$,Cter_symmetric_BB_contact_survival,symmetric_nac_bb,Any 1 banded symmetric C-ter BB,chain_pair,all,largest_cluster,1215000.0,1.0339443944704652e-05,1.4622181853997694e-05,1778.6775827723613,7150.970071685522,3783.6208029308486,0.8,8.0,8.0,100.0,96,140,3,partner_consecutive_v2
G2_Wcluster_alhx700,$\mathrm{Hel}_{50}$,Cter_symmetric_BB_contact_survival,symmetric_nac_bb,Any 1 banded symmetric C-ter BB,chain_pair,all,largest_cluster,1216000.0,1.0339443944704652e-05,1.4622181853997694e-05,1778.6775827723613,7150.970071685522,3783.6208029308486,0.8,8.0,8.0,100.0,96,140,3,partner_consecutive_v2
G2_Wcluster_alhx700,$\mathrm{Hel}_{50}$,Cter_symmetric_BB_contact_survival,symmetric_nac_bb,Any 1 banded symmetric C-ter BB,chain_pair,all,largest_cluster,1217000.0,1.0339443944704652e-05,1.4622181853997694e-05,1778.6775827723613,7150.970071685522,3783.6208029308486,0.8,8.0,8.0,100.0,96,140,3,partner_consecutive_v2
G2_Wcluster_alhx700,$\mathrm{Hel}_{50}$,Cter_symmetric_BB_contact_survival,symmetric_nac_bb,Any 1 banded symmetric C-ter BB,chain_pair,all,largest_cluster,1218000.0,1.0339443944704652e-05,1.4622181853997694e-05,1778.6775827723613,7150.970071685522,3783.6208029308486,0.8,8.0,8.0,100.0,96,140,3,partner_consecutive_v2
G2_Wcluster_alhx700,$\mathrm{Hel}_{50}$,Cter_symmetric_BB_contact_survival,symmetric_nac_bb,Any 1 banded symmetric C-ter BB,chain_pair,all,largest_cluster,1219000.0,1.0339443944704652e-05,1.4622181853997694e-05,1778.6775827723613,7150.970071685522,3783.6208029308486,0.8,8.0,8.0,100.0,96,140,3,partner_consecutive_v2
G2_Wcluster_alhx700,$\mathrm{Hel}_{50}$,Cter_symmetric_BB_contact_survival,symmetric_nac_bb,Any 1 banded symmetric C-ter BB,chain_pair,all,largest_cluster,1220000.0,1.0339443944704652e-05,1.4622181853997694e-05,1778.6775827723613,7150.970071685522,3783.6208029308486,0.8,8.0,8.0,100.0,96,140,3,partner_consecutive_v2
G2_Wcluster_alhx700,$\mathrm{Hel}_{50}$,Cter_symmetric_BB_contact_survival,symmetric_nac_bb,Any 1 banded symmetric C-ter BB,chain_pair,all,largest_cluster,1221000.0,1.0339443944704652e-05,1.4622181853997694e-05,1778.6775827723613,7150.970071685522,3783.6208029308486,0.8,8.0,8.0,100.0,96,140,3,partner_consecutive_v2
G2_Wcluster_alhx700,$\mathrm{Hel}_{50}$,Cter_symmetric_BB_contact_survival,symmetric_nac_bb,Any 1 banded symmetric C-ter BB,chain_pair,all,largest_cluster,1222000.0,1.0339443944704652e-05,1.4622181853997694e-05,1778.6775827723613,7150.970071685522,3783.6208029308486,0.8,8.0,8.0,100.0,96,140,3,partner_consecutive_v2
G2_Wcluster_alhx700,$\mathrm{Hel}_{50}$,Cter_symmetric_BB_contact_survival,symmetric_nac_bb,Any 1 banded symmetric C-ter BB,chain_pair,all,largest_cluster,1223000.0,1.0339443944704652e-05,1.4622181853997694e-05,1778.6775827723613,7150.970071685522,3783.6208029308486,0.8,8.0,8.0,100.0,96,140,3,partner_consecutive_v2
G2_Wcluster_alhx700,$\mathrm{Hel}_{50}$,Cter_symmetric_BB_contact_survival,symmetric_nac_bb,Any 1 banded symmetric C-ter BB,chain_pair,all,largest_cluster,1224000.0,1.0339443944704652e-05,1.4622181853997694e-05,1778.6775827723613,7150.970071685522,3783.6208029308486,0.8,8.0,8.0,100.0,96,140,3,partner_consecutive_v2
G2_Wcluster_alhx700,$\mathrm{Hel}_{50}$,Cter_symmetric_BB_contact_survival,symmetric_nac_bb,Any 1 banded symmetric C-ter BB,chain_pair,all,largest_cluster,1225000.0,1.0339443944704652e-05,1.4622181853997694e-05,1778.6775827723613,7150.970071685522,3783.6208029308486,0.8,8.0,8.0,100.0,96,140,3,partner_consecutive_v2
G2_Wcluster_alhx700,$\mathrm{Hel}_{50}$,Cter_symmetric_BB_contact_survival,symmetric_nac_bb,Any 1 banded symmetric C-ter BB,chain_pair,all,largest_cluster,1226000.0,1.0339443944704652e-05,1.4622181853997694e-05,1778.6775827723613,7150.970071685522,3783.6208029308486,0.8,8.0,8.0,100.0,96,140,3,partner_consecutive_v2
G2_Wcluster_alhx700,$\mathrm{Hel}_{50}$,Cter_symmetric_BB_contact_survival,symmetric_nac_bb,Any 1 banded symmetric C-ter BB,chain_pair,all,largest_cluster,1227000.0,1.0339443944704652e-05,1.4622181853997694e-05,1778.6775827723613,7150.970071685522,3783.6208029308486,0.8,8.0,8.0,100.0,96,140,3,partner_consecutive_v2
G2_Wcluster_alhx700,$\mathrm{Hel}_{50}$,Cter_symmetric_BB_contact_survival,symmetric_nac_bb,Any 1 banded symmetric C-ter BB,chain_pair,all,largest_cluster,1228000.0,1.0339443944704652e-05,1.4622181853997694e-05,1778.6775827723613,7150.970071685522,3783.6208029308486,0.8,8.0,8.0,100.0,96,140,3,partner_consecutive_v2
G2_Wcluster_alhx700,$\mathrm{Hel}_{50}$,Cter_symmetric_BB_contact_survival,symmetric_nac_bb,Any 1 banded symmetric C-ter BB,chain_pair,all,largest_cluster,1229000.0,1.0339443944704652e-05,1.4622181853997694e-05,1778.6775827723613,7150.970071685522,3783.6208029308486,0.8,8.0,8.0,100.0,96,140,3,partner_consecutive_v2
G2_Wcluster_alhx700,$\mathrm{Hel}_{50}$,Cter_symmetric_BB_contact_survival,symmetric_nac_bb,Any 1 banded symmetric C-ter BB,chain_pair,all,largest_cluster,1230000.0,1.0339443944704652e-05,1.4622181853997694e-05,1778.6775827723613,7150.970071685522,3783.6208029308486,0.8,8.0,8.0,100.0,96,140,3,partner_consecutive_v2
G2_Wcluster_alhx700,$\mathrm{Hel}_{50}$,Cter_symmetric_BB_contact_survival,symmetric_nac_bb,Any 1 banded symmetric C-ter BB,chain_pair,all,largest_cluster,1231000.0,1.0339443944704652e-05,1.4622181853997694e-05,1778.6775827723613,7150.970071685522,3783.6208029308486,0.8,8.0,8.0,100.0,96,140,3,partner_consecutive_v2
G2_Wcluster_alhx700,$\mathrm{Hel}_{50}$,Cter_symmetric_BB_contact_survival,symmetric_nac_bb,Any 1 banded symmetric C-ter BB,chain_pair,all,largest_cluster,1232000.0,1.0339443944704652e-05,1.4622181853997694e-05,1778.6775827723613,7150.970071685522,3783.6208029308486,0.8,8.0,8.0,100.0,96,140,3,partner_consecutive_v2
G2_Wcluster_alhx700,$\mathrm{Hel}_{50}$,Cter_symmetric_BB_contact_survival,symmetric_nac_bb,Any 1 banded symmetric C-ter BB,chain_pair,all,largest_cluster,1233000.0,1.0339443944704652e-05,1.4622181853997694e-05,1778.6775827723613,7150.970071685522,3783.6208029308486,0.8,8.0,8.0,100.0,96,140,3,partner_consecutive_v2
G2_Wcluster_alhx700,$\mathrm{Hel}_{50}$,Cter_symmetric_BB_contact_survival,symmetric_nac_bb,Any 1 banded symmetric C-ter BB,chain_pair,all,largest_cluster,1234000.0,1.0339443944704652e-05,1.4622181853997694e-05,1778.6775827723613,7150.970071685522,3783.6208029308486,0.8,8.0,8.0,100.0,96,140,3,partner_consecutive_v2
G2_Wcluster_alhx700,$\mathrm{Hel}_{50}$,Cter_symmetric_BB_contact_survival,symmetric_nac_bb,Any 1 banded symmetric C-ter BB,chain_pair,all,largest_cluster,1235000.0,1.0339443944704652e-05,1.4622181853997694e-05,1778.6775827723613,7150.970071685522,3783.6208029308486,0.8,8.0,8.0,100.0,96,140,3,partner_consecutive_v2
G2_Wcluster_alhx700,$\mathrm{Hel}_{50}$,Cter_symmetric_BB_contact_survival,symmetric_nac_bb,Any 1 banded symmetric C-ter BB,chain_pair,all,largest_cluster,1236000.0,1.0339443944704652e-05,1.4622181853997694e-05,1778.6775827723613,7150.970071685522,3783.6208029308486,0.8,8.0,8.0,100.0,96,140,3,partner_consecutive_v2
G2_Wcluster_alhx700,$\mathrm{Hel}_{50}$,Cter_symmetric_BB_contact_survival,symmetric_nac_bb,Any 1 banded symmetric C-ter BB,chain_pair,all,largest_cluster,1237000.0,1.0339443944704652e-05,1.4622181853997694e-05,1778.6775827723613,7150.970071685522,3783.6208029308486,0.8,8.0,8.0,100.0,96,140,3,partner_consecutive_v2
G2_Wcluster_alhx700,$\mathrm{Hel}_{50}$,Cter_symmetric_BB_contact_survival,symmetric_nac_bb,Any 1 banded symmetric C-ter BB,chain_pair,all,largest_cluster,1238000.0,1.0339443944704652e-05,1.4622181853997694e-05,1778.6775827723613,7150.970071685522,3783.6208029308486,0.8,8.0,8.0,100.0,96,140,3,partner_consecutive_v2
G2_Wcluster_alhx700,$\mathrm{Hel}_{50}$,Cter_symmetric_BB_contact_survival,symmetric_nac_bb,Any 1 banded symmetric C-ter BB,chain_pair,all,largest_cluster,1239000.0,1.0339443944704652e-05,1.4622181853997694e-05,1778.6775827723613,7150.970071685522,3783.6208029308486,0.8,8.0,8.0,100.0,96,140,3,partner_consecutive_v2
G2_Wcluster_alhx700,$\mathrm{Hel}_{50}$,Cter_symmetric_BB_contact_survival,symmetric_nac_bb,Any 1 banded symmetric C-ter BB,chain_pair,all,largest_cluster,1240000.0,1.0339443944704652e-05,1.4622181853997694e-05,1778.6775827723613,7150.970071685522,3783.6208029308486,0.8,8.0,8.0,100.0,96,140,3,partner_consecutive_v2
G2_Wcluster_alhx700,$\mathrm{Hel}_{50}$,Cter_symmetric_BB_contact_survival,symmetric_nac_bb,Any 1 banded symmetric C-ter BB,chain_pair,all,largest_cluster,1241000.0,1.0339443944704652e-05,1.4622181853997694e-05,1778.6775827723613,7150.970071685522,3783.6208029308486,0.8,8.0,8.0,100.0,96,140,3,partner_consecutive_v2
G2_Wcluster_alhx700,$\mathrm{Hel}_{50}$,Cter_symmetric_BB_contact_survival,symmetric_nac_bb,Any 1 banded symmetric C-ter BB,chain_pair,all,largest_cluster,1242000.0,1.0339443944704652e-05,1.4622181853997694e-05,1778.6775827723613,7150.970071685522,3783.6208029308486,0.8,8.0,8.0,100.0,96,140,3,partner_consecutive_v2
G2_Wcluster_alhx700,$\mathrm{Hel}_{50}$,Cter_symmetric_BB_contact_survival,symmetric_nac_bb,Any 1 banded symmetric C-ter BB,chain_pair,all,largest_cluster,1243000.0,1.0339443944704652e-05,1.4622181853997694e-05,1778.6775827723613,7150.970071685522,3783.6208029308486,0.8,8.0,8.0,100.0,96,140,3,partner_consecutive_v2
G2_Wcluster_alhx700,$\mathrm{Hel}_{50}$,Cter_symmetric_BB_contact_survival,symmetric_nac_bb,Any 1 banded symmetric C-ter BB,chain_pair,all,largest_cluster,1244000.0,1.0339443944704652e-05,1.4622181853997694e-05,1778.6775827723613,7150.970071685522,3783.6208029308486,0.8,8.0,8.0,100.0,96,140,3,partner_consecutive_v2
G2_Wcluster_alhx700,$\mathrm{Hel}_{50}$,Cter_symmetric_BB_contact_survival,symmetric_nac_bb,Any 1 banded symmetric C-ter BB,chain_pair,all,largest_cluster,1245000.0,1.0339443944704652e-05,1.4622181853997694e-05,1778.6775827723613,7150.970071685522,3783.6208029308486,0.8,8.0,8.0,100.0,96,140,3,partner_consecutive_v2
G2_Wcluster_alhx700,$\mathrm{Hel}_{50}$,Cter_symmetric_BB_contact_survival,symmetric_nac_bb,Any 1 banded symmetric C-ter BB,chain_pair,all,largest_cluster,1246000.0,1.0339443944704652e-05,1.4622181853997694e-05,1778.6775827723613,7150.970071685522,3783.6208029308486,0.8,8.0,8.0,100.0,96,140,3,partner_consecutive_v2
G2_Wcluster_alhx700,$\mathrm{Hel}_{50}$,Cter_symmetric_BB_contact_survival,symmetric_nac_bb,Any 1 banded symmetric C-ter BB,chain_pair,all,largest_cluster,1247000.0,1.0339443944704652e-05,1.4622181853997694e-05,1778.6775827723613,7150.970071685522,3783.6208029308486,0.8,8.0,8.0,100.0,96,140,3,partner_consecutive_v2
G2_Wcluster_alhx700,$\mathrm{Hel}_{50}$,Cter_symmetric_BB_contact_survival,symmetric_nac_bb,Any 1 banded symmetric C-ter BB,chain_pair,all,largest_cluster,1248000.0,1.0339443944704652e-05,1.4622181853997694e-05,1778.6775827723613,7150.970071685522,3783.6208029308486,0.8,8.0,8.0,100.0,96,140,3,partner_consecutive_v2
G2_Wcluster_alhx700,$\mathrm{Hel}_{50}$,Cter_symmetric_BB_contact_survival,symmetric_nac_bb,Any 1 banded symmetric C-ter BB,chain_pair,all,largest_cluster,1249000.0,1.0339443944704652e-05,1.4622181853997694e-05,1778.6775827723613,7150.970071685522,3783.6208029308486,0.8,8.0,8.0,100.0,96,140,3,partner_consecutive_v2
G2_Wcluster_alhx700,$\mathrm{Hel}_{50}$,Cter_symmetric_BB_contact_survival,symmetric_nac_bb,Any 1 banded symmetric C-ter BB,chain_pair,all,largest_cluster,1250000.0,1.0339443944704652e-05,1.4622181853997694e-05,1778.6775827723613,7150.970071685522,3783.6208029308486,0.8,8.0,8.0,100.0,96,140,3,partner_consecutive_v2
G2_Wcluster_alhx700,$\mathrm{Hel}_{50}$,Cter_symmetric_BB_contact_survival,symmetric_nac_bb,Any 1 banded symmetric C-ter BB,chain_pair,all,largest_cluster,1251000.0,1.0339443944704652e-05,1.4622181853997694e-05,1778.6775827723613,7150.970071685522,3783.6208029308486,0.8,8.0,8.0,100.0,96,140,3,partner_consecutive_v2
G2_Wcluster_alhx700,$\mathrm{Hel}_{50}$,Cter_symmetric_BB_contact_survival,symmetric_nac_bb,Any 1 banded symmetric C-ter BB,chain_pair,all,largest_cluster,1252000.0,1.0339443944704652e-05,1.4622181853997694e-05,1778.6775827723613,7150.970071685522,3783.6208029308486,0.8,8.0,8.0,100.0,96,140,3,partner_consecutive_v2
G2_Wcluster_alhx700,$\mathrm{Hel}_{50}$,Cter_symmetric_BB_contact_survival,symmetric_nac_bb,Any 1 banded symmetric C-ter BB,chain_pair,all,largest_cluster,1253000.0,1.0339443944704652e-05,1.4622181853997694e-05,1778.6775827723613,7150.970071685522,3783.6208029308486,0.8,8.0,8.0,100.0,96,140,3,partner_consecutive_v2
G2_Wcluster_alhx700,$\mathrm{Hel}_{50}$,Cter_symmetric_BB_contact_survival,symmetric_nac_bb,Any 1 banded symmetric C-ter BB,chain_pair,all,largest_cluster,1254000.0,1.0339443944704652e-05,1.4622181853997694e-05,1778.6775827723613,7150.970071685522,3783.6208029308486,0.8,8.0,8.0,100.0,96,140,3,partner_consecutive_v2
G2_Wcluster_alhx700,$\mathrm{Hel}_{50}$,Cter_symmetric_BB_contact_survival,symmetric_nac_bb,Any 1 banded symmetric C-ter BB,chain_pair,all,largest_cluster,1255000.0,1.0339443944704652e-05,1.4622181853997694e-05,1778.6775827723613,7150.970071685522,3783.6208029308486,0.8,8.0,8.0,100.0,96,140,3,partner_consecutive_v2
G2_Wcluster_alhx700,$\mathrm{Hel}_{50}$,Cter_symmetric_BB_contact_survival,symmetric_nac_bb,Any 1 banded symmetric C-ter BB,chain_pair,all,largest_cluster,1256000.0,1.0339443944704652e-05,1.4622181853997694e-05,1778.6775827723613,7150.970071685522,3783.6208029308486,0.8,8.0,8.0,100.0,96,140,3,partner_consecutive_v2
G2_Wcluster_alhx700,$\mathrm{Hel}_{50}$,Cter_symmetric_BB_contact_survival,symmetric_nac_bb,Any 1 banded symmetric C-ter BB,chain_pair,all,largest_cluster,1257000.0,1.0339443944704652e-05,1.4622181853997694e-05,1778.6775827723613,7150.970071685522,3783.6208029308486,0.8,8.0,8.0,100.0,96,140,3,partner_consecutive_v2
G2_Wcluster_alhx700,$\mathrm{Hel}_{50}$,Cter_symmetric_BB_contact_survival,symmetric_nac_bb,Any 1 banded symmetric C-ter BB,chain_pair,all,largest_cluster,1258000.0,1.0339443944704652e-05,1.4622181853997694e-05,1778.6775827723613,7150.970071685522,3783.6208029308486,0.8,8.0,8.0,100.0,96,140,3,partner_consecutive_v2
G2_Wcluster_alhx700,$\mathrm{Hel}_{50}$,Cter_symmetric_BB_contact_survival,symmetric_nac_bb,Any 1 banded symmetric C-ter BB,chain_pair,all,largest_cluster,1259000.0,1.0339443944704652e-05,1.4622181853997694e-05,1778.6775827723613,7150.970071685522,3783.6208029308486,0.8,8.0,8.0,100.0,96,140,3,partner_consecutive_v2
G2_Wcluster_alhx700,$\mathrm{Hel}_{50}$,Cter_symmetric_BB_contact_survival,symmetric_nac_bb,Any 1 banded symmetric C-ter BB,chain_pair,all,largest_cluster,1260000.0,1.0339443944704652e-05,1.4622181853997694e-05,1778.6775827723613,7150.970071685522,3783.6208029308486,0.8,8.0,8.0,100.0,96,140,3,partner_consecutive_v2
G2_Wcluster_alhx700,$\mathrm{Hel}_{50}$,Cter_symmetric_BB_contact_survival,symmetric_nac_bb,Any 1 banded symmetric C-ter BB,chain_pair,all,largest_cluster,1261000.0,1.0339443944704652e-05,1.4622181853997694e-05,1778.6775827723613,7150.970071685522,3783.6208029308486,0.8,8.0,8.0,100.0,96,140,3,partner_consecutive_v2
G2_Wcluster_alhx700,$\mathrm{Hel}_{50}$,Cter_symmetric_BB_contact_survival,symmetric_nac_bb,Any 1 banded symmetric C-ter BB,chain_pair,all,largest_cluster,1262000.0,1.0339443944704652e-05,1.4622181853997694e-05,1778.6775827723613,7150.970071685522,3783.6208029308486,0.8,8.0,8.0,100.0,96,140,3,partner_consecutive_v2
G2_Wcluster_alhx700,$\mathrm{Hel}_{50}$,Cter_symmetric_BB_contact_survival,symmetric_nac_bb,Any 1 banded symmetric C-ter BB,chain_pair,all,largest_cluster,1263000.0,1.0339443944704652e-05,1.4622181853997694e-05,1778.6775827723613,7150.970071685522,3783.6208029308486,0.8,8.0,8.0,100.0,96,140,3,partner_consecutive_v2
G2_Wcluster_alhx700,$\mathrm{Hel}_{50}$,Cter_symmetric_BB_contact_survival,symmetric_nac_bb,Any 1 banded symmetric C-ter BB,chain_pair,all,largest_cluster,1264000.0,1.0339443944704652e-05,1.4622181853997694e-05,1778.6775827723613,7150.970071685522,3783.6208029308486,0.8,8.0,8.0,100.0,96,140,3,partner_consecutive_v2
G2_Wcluster_alhx700,$\mathrm{Hel}_{50}$,Cter_symmetric_BB_contact_survival,symmetric_nac_bb,Any 1 banded symmetric C-ter BB,chain_pair,all,largest_cluster,1265000.0,1.0339443944704652e-05,1.4622181853997694e-05,1778.6775827723613,7150.970071685522,3783.6208029308486,0.8,8.0,8.0,100.0,96,140,3,partner_consecutive_v2
G2_Wcluster_alhx700,$\mathrm{Hel}_{50}$,Cter_symmetric_BB_contact_survival,symmetric_nac_bb,Any 1 banded symmetric C-ter BB,chain_pair,all,largest_cluster,1266000.0,1.0339443944704652e-05,1.4622181853997694e-05,1778.6775827723613,7150.970071685522,3783.6208029308486,0.8,8.0,8.0,100.0,96,140,3,partner_consecutive_v2
G2_Wcluster_alhx700,$\mathrm{Hel}_{50}$,Cter_symmetric_BB_contact_survival,symmetric_nac_bb,Any 1 banded symmetric C-ter BB,chain_pair,all,largest_cluster,1267000.0,1.0339443944704652e-05,1.4622181853997694e-05,1778.6775827723613,7150.970071685522,3783.6208029308486,0.8,8.0,8.0,100.0,96,140,3,partner_consecutive_v2
G2_Wcluster_alhx700,$\mathrm{Hel}_{50}$,Cter_symmetric_BB_contact_survival,symmetric_nac_bb,Any 1 banded symmetric C-ter BB,chain_pair,all,largest_cluster,1268000.0,1.0339443944704652e-05,1.4622181853997694e-05,1778.6775827723613,7150.970071685522,3783.6208029308486,0.8,8.0,8.0,100.0,96,140,3,partner_consecutive_v2
G2_Wcluster_alhx700,$\mathrm{Hel}_{50}$,Cter_symmetric_BB_contact_survival,symmetric_nac_bb,Any 1 banded symmetric C-ter BB,chain_pair,all,largest_cluster,1269000.0,1.0339443944704652e-05,1.4622181853997694e-05,1778.6775827723613,7150.970071685522,3783.6208029308486,0.8,8.0,8.0,100.0,96,140,3,partner_consecutive_v2
G2_Wcluster_alhx700,$\mathrm{Hel}_{50}$,Cter_symmetric_BB_contact_survival,symmetric_nac_bb,Any 1 banded symmetric C-ter BB,chain_pair,all,largest_cluster,1270000.0,1.0339443944704652e-05,1.4622181853997694e-05,1778.6775827723613,7150.970071685522,3783.6208029308486,0.8,8.0,8.0,100.0,96,140,3,partner_consecutive_v2
G2_Wcluster_alhx700,$\mathrm{Hel}_{50}$,Cter_symmetric_BB_contact_survival,symmetric_nac_bb,Any 1 banded symmetric C-ter BB,chain_pair,all,largest_cluster,1271000.0,1.0339443944704652e-05,1.4622181853997694e-05,1778.6775827723613,7150.970071685522,3783.6208029308486,0.8,8.0,8.0,100.0,96,140,3,partner_consecutive_v2
G2_Wcluster_alhx700,$\mathrm{Hel}_{50}$,Cter_symmetric_BB_contact_survival,symmetric_nac_bb,Any 1 banded symmetric C-ter BB,chain_pair,all,largest_cluster,1272000.0,1.0339443944704652e-05,1.4622181853997694e-05,1778.6775827723613,7150.970071685522,3783.6208029308486,0.8,8.0,8.0,100.0,96,140,3,partner_consecutive_v2
G2_Wcluster_alhx700,$\mathrm{Hel}_{50}$,Cter_symmetric_BB_contact_survival,symmetric_nac_bb,Any 1 banded symmetric C-ter BB,chain_pair,all,largest_cluster,1273000.0,1.0339443944704652e-05,1.4622181853997694e-05,1778.6775827723613,7150.970071685522,3783.6208029308486,0.8,8.0,8.0,100.0,96,140,3,partner_consecutive_v2
G2_Wcluster_alhx700,$\mathrm{Hel}_{50}$,Cter_symmetric_BB_contact_survival,symmetric_nac_bb,Any 1 banded symmetric C-ter BB,chain_pair,all,largest_cluster,1274000.0,1.0339443944704652e-05,1.4622181853997694e-05,1778.6775827723613,7150.970071685522,3783.6208029308486,0.8,8.0,8.0,100.0,96,140,3,partner_consecutive_v2
G2_Wcluster_alhx700,$\mathrm{Hel}_{50}$,Cter_symmetric_BB_contact_survival,symmetric_nac_bb,Any 1 banded symmetric C-ter BB,chain_pair,all,largest_cluster,1275000.0,1.0339443944704652e-05,1.4622181853997694e-05,1778.6775827723613,7150.970071685522,3783.6208029308486,0.8,8.0,8.0,100.0,96,140,3,partner_consecutive_v2
G2_Wcluster_alhx700,$\mathrm{Hel}_{50}$,Cter_symmetric_BB_contact_survival,symmetric_nac_bb,Any 1 banded symmetric C-ter BB,chain_pair,all,largest_cluster,1276000.0,1.0339443944704652e-05,1.4622181853997694e-05,1778.6775827723613,7150.970071685522,3783.6208029308486,0.8,8.0,8.0,100.0,96,140,3,partner_consecutive_v2
G2_Wcluster_alhx700,$\mathrm{Hel}_{50}$,Cter_symmetric_BB_contact_survival,symmetric_nac_bb,Any 1 banded symmetric C-ter BB,chain_pair,all,largest_cluster,1277000.0,1.0339443944704652e-05,1.4622181853997694e-05,1778.6775827723613,7150.970071685522,3783.6208029308486,0.8,8.0,8.0,100.0,96,140,3,partner_consecutive_v2
G2_Wcluster_alhx700,$\mathrm{Hel}_{50}$,Cter_symmetric_BB_contact_survival,symmetric_nac_bb,Any 1 banded symmetric C-ter BB,chain_pair,all,largest_cluster,1278000.0,1.0339443944704652e-05,1.4622181853997694e-05,1778.6775827723613,7150.970071685522,3783.6208029308486,0.8,8.0,8.0,100.0,96,140,3,partner_consecutive_v2
G2_Wcluster_alhx700,$\mathrm{Hel}_{50}$,Cter_symmetric_BB_contact_survival,symmetric_nac_bb,Any 1 banded symmetric C-ter BB,chain_pair,all,largest_cluster,1279000.0,1.0339443944704652e-05,1.4622181853997694e-05,1778.6775827723613,7150.970071685522,3783.6208029308486,0.8,8.0,8.0,100.0,96,140,3,partner_consecutive_v2
G2_Wcluster_alhx700,$\mathrm{Hel}_{50}$,Cter_symmetric_BB_contact_survival,symmetric_nac_bb,Any 1 banded symmetric C-ter BB,chain_pair,all,largest_cluster,1280000.0,1.0339443944704652e-05,1.4622181853997694e-05,1778.6775827723613,7150.970071685522,3783.6208029308486,0.8,8.0,8.0,100.0,96,140,3,partner_consecutive_v2
G2_Wcluster_alhx700,$\mathrm{Hel}_{50}$,Cter_symmetric_BB_contact_survival,symmetric_nac_bb,Any 1 banded symmetric C-ter BB,chain_pair,all,largest_cluster,1281000.0,1.0339443944704652e-05,1.4622181853997694e-05,1778.6775827723613,7150.970071685522,3783.6208029308486,0.8,8.0,8.0,100.0,96,140,3,partner_consecutive_v2
G2_Wcluster_alhx700,$\mathrm{Hel}_{50}$,Cter_symmetric_BB_contact_survival,symmetric_nac_bb,Any 1 banded symmetric C-ter BB,chain_pair,all,largest_cluster,1282000.0,1.0339443944704652e-05,1.4622181853997694e-05,1778.6775827723613,7150.970071685522,3783.6208029308486,0.8,8.0,8.0,100.0,96,140,3,partner_consecutive_v2
G2_Wcluster_alhx700,$\mathrm{Hel}_{50}$,Cter_symmetric_BB_contact_survival,symmetric_nac_bb,Any 1 banded symmetric C-ter BB,chain_pair,all,largest_cluster,1283000.0,1.0339443944704652e-05,1.4622181853997694e-05,1778.6775827723613,7150.970071685522,3783.6208029308486,0.8,8.0,8.0,100.0,96,140,3,partner_consecutive_v2
G2_Wcluster_alhx700,$\mathrm{Hel}_{50}$,Cter_symmetric_BB_contact_survival,symmetric_nac_bb,Any 1 banded symmetric C-ter BB,chain_pair,all,largest_cluster,1284000.0,1.0339443944704652e-05,1.4622181853997694e-05,1778.6775827723613,7150.970071685522,3783.6208029308486,0.8,8.0,8.0,100.0,96,140,3,partner_consecutive_v2
G2_Wcluster_alhx700,$\mathrm{Hel}_{50}$,Cter_symmetric_BB_contact_survival,symmetric_nac_bb,Any 1 banded symmetric C-ter BB,chain_pair,all,largest_cluster,1285000.0,1.0339443944704652e-05,1.4622181853997694e-05,1778.6775827723613,7150.970071685522,3783.6208029308486,0.8,8.0,8.0,100.0,96,140,3,partner_consecutive_v2
G2_Wcluster_alhx700,$\mathrm{Hel}_{50}$,Cter_symmetric_BB_contact_survival,symmetric_nac_bb,Any 1 banded symmetric C-ter BB,chain_pair,all,largest_cluster,1286000.0,1.0339443944704652e-05,1.4622181853997694e-05,1778.6775827723613,7150.970071685522,3783.6208029308486,0.8,8.0,8.0,100.0,96,140,3,partner_consecutive_v2
G2_Wcluster_alhx700,$\mathrm{Hel}_{50}$,Cter_symmetric_BB_contact_survival,symmetric_nac_bb,Any 1 banded symmetric C-ter BB,chain_pair,all,largest_cluster,1287000.0,1.0339443944704652e-05,1.4622181853997694e-05,1778.6775827723613,7150.970071685522,3783.6208029308486,0.8,8.0,8.0,100.0,96,140,3,partner_consecutive_v2
G2_Wcluster_alhx700,$\mathrm{Hel}_{50}$,Cter_symmetric_BB_contact_survival,symmetric_nac_bb,Any 1 banded symmetric C-ter BB,chain_pair,all,largest_cluster,1288000.0,1.0339443944704652e-05,1.4622181853997694e-05,1778.6775827723613,7150.970071685522,3783.6208029308486,0.8,8.0,8.0,100.0,96,140,3,partner_consecutive_v2
G2_Wcluster_alhx700,$\mathrm{Hel}_{50}$,Cter_symmetric_BB_contact_survival,symmetric_nac_bb,Any 1 banded symmetric C-ter BB,chain_pair,all,largest_cluster,1289000.0,1.0339443944704652e-05,1.4622181853997694e-05,1778.6775827723613,7150.970071685522,3783.6208029308486,0.8,8.0,8.0,100.0,96,140,3,partner_consecutive_v2
G2_Wcluster_alhx700,$\mathrm{Hel}_{50}$,Cter_symmetric_BB_contact_survival,symmetric_nac_bb,Any 1 banded symmetric C-ter BB,chain_pair,all,largest_cluster,1290000.0,1.0339443944704652e-05,1.4622181853997694e-05,1778.6775827723613,7150.970071685522,3783.6208029308486,0.8,8.0,8.0,100.0,96,140,3,partner_consecutive_v2
G2_Wcluster_alhx700,$\mathrm{Hel}_{50}$,Cter_symmetric_BB_contact_survival,symmetric_nac_bb,Any 1 banded symmetric C-ter BB,chain_pair,all,largest_cluster,1291000.0,1.0339443944704652e-05,1.4622181853997694e-05,1778.6775827723613,7150.970071685522,3783.6208029308486,0.8,8.0,8.0,100.0,96,140,3,partner_consecutive_v2
G2_Wcluster_alhx700,$\mathrm{Hel}_{50}$,Cter_symmetric_BB_contact_survival,symmetric_nac_bb,Any 1 banded symmetric C-ter BB,chain_pair,all,largest_cluster,1292000.0,1.0339443944704652e-05,1.4622181853997694e-05,1778.6775827723613,7150.970071685522,3783.6208029308486,0.8,8.0,8.0,100.0,96,140,3,partner_consecutive_v2
G2_Wcluster_alhx700,$\mathrm{Hel}_{50}$,Cter_symmetric_BB_contact_survival,symmetric_nac_bb,Any 1 banded symmetric C-ter BB,chain_pair,all,largest_cluster,1293000.0,1.0339443944704652e-05,1.4622181853997694e-05,1778.6775827723613,7150.970071685522,3783.6208029308486,0.8,8.0,8.0,100.0,96,140,3,partner_consecutive_v2
G2_Wcluster_alhx700,$\mathrm{Hel}_{50}$,Cter_symmetric_BB_contact_survival,symmetric_nac_bb,Any 1 banded symmetric C-ter BB,chain_pair,all,largest_cluster,1294000.0,1.0339443944704652e-05,1.4622181853997694e-05,1778.6775827723613,7150.970071685522,3783.6208029308486,0.8,8.0,8.0,100.0,96,140,3,partner_consecutive_v2
G2_Wcluster_alhx700,$\mathrm{Hel}_{50}$,Cter_symmetric_BB_contact_survival,symmetric_nac_bb,Any 1 banded symmetric C-ter BB,chain_pair,all,largest_cluster,1295000.0,1.0339443944704652e-05,1.4622181853997694e-05,1778.6775827723613,7150.970071685522,3783.6208029308486,0.8,8.0,8.0,100.0,96,140,3,partner_consecutive_v2
G2_Wcluster_alhx700,$\mathrm{Hel}_{50}$,Cter_symmetric_BB_contact_survival,symmetric_nac_bb,Any 1 banded symmetric C-ter BB,chain_pair,all,largest_cluster,1296000.0,1.0339443944704652e-05,1.4622181853997694e-05,1778.6775827723613,7150.970071685522,3783.6208029308486,0.8,8.0,8.0,100.0,96,140,3,partner_consecutive_v2
G2_Wcluster_alhx700,$\mathrm{Hel}_{50}$,Cter_symmetric_BB_contact_survival,symmetric_nac_bb,Any 1 banded symmetric C-ter BB,chain_pair,all,largest_cluster,1297000.0,1.0339443944704652e-05,1.4622181853997694e-05,1778.6775827723613,7150.970071685522,3783.6208029308486,0.8,8.0,8.0,100.0,96,140,3,partner_consecutive_v2
G2_Wcluster_alhx700,$\mathrm{Hel}_{50}$,Cter_symmetric_BB_contact_survival,symmetric_nac_bb,Any 1 banded symmetric C-ter BB,chain_pair,all,largest_cluster,1298000.0,1.0339443944704652e-05,1.4622181853997694e-05,1778.6775827723613,7150.970071685522,3783.6208029308486,0.8,8.0,8.0,100.0,96,140,3,partner_consecutive_v2
G2_Wcluster_alhx700,$\mathrm{Hel}_{50}$,Cter_symmetric_BB_contact_survival,symmetric_nac_bb,Any 1 banded symmetric C-ter BB,chain_pair,all,largest_cluster,1299000.0,1.0339443944704652e-05,1.4622181853997694e-05,1778.6775827723613,7150.970071685522,3783.6208029308486,0.8,8.0,8.0,100.0,96,140,3,partner_consecutive_v2
G2_Wcluster_alhx700,$\mathrm{Hel}_{50}$,Cter_symmetric_BB_contact_survival,symmetric_nac_bb,Any 1 banded symmetric C-ter BB,chain_pair,all,largest_cluster,1300000.0,1.0339443944704652e-05,1.4622181853997694e-05,1778.6775827723613,7150.970071685522,3783.6208029308486,0.8,8.0,8.0,100.0,96,140,3,partner_consecutive_v2
G2_Wcluster_alhx700,$\mathrm{Hel}_{50}$,Cter_symmetric_BB_contact_survival,symmetric_nac_bb,Any 1 banded symmetric C-ter BB,chain_pair,all,largest_cluster,1301000.0,1.0339443944704652e-05,1.4622181853997694e-05,1778.6775827723613,7150.970071685522,3783.6208029308486,0.8,8.0,8.0,100.0,96,140,3,partner_consecutive_v2
G2_Wcluster_alhx700,$\mathrm{Hel}_{50}$,Cter_symmetric_BB_contact_survival,symmetric_nac_bb,Any 1 banded symmetric C-ter BB,chain_pair,all,largest_cluster,1302000.0,1.0339443944704652e-05,1.4622181853997694e-05,1778.6775827723613,7150.970071685522,3783.6208029308486,0.8,8.0,8.0,100.0,96,140,3,partner_consecutive_v2
G2_Wcluster_alhx700,$\mathrm{Hel}_{50}$,Cter_symmetric_BB_contact_survival,symmetric_nac_bb,Any 1 banded symmetric C-ter BB,chain_pair,all,largest_cluster,1303000.0,1.0339443944704652e-05,1.4622181853997694e-05,1778.6775827723613,7150.970071685522,3783.6208029308486,0.8,8.0,8.0,100.0,96,140,3,partner_consecutive_v2
G2_Wcluster_alhx700,$\mathrm{Hel}_{50}$,Cter_symmetric_BB_contact_survival,symmetric_nac_bb,Any 1 banded symmetric C-ter BB,chain_pair,all,largest_cluster,1304000.0,1.0339443944704652e-05,1.4622181853997694e-05,1778.6775827723613,7150.970071685522,3783.6208029308486,0.8,8.0,8.0,100.0,96,140,3,partner_consecutive_v2
G2_Wcluster_alhx700,$\mathrm{Hel}_{50}$,Cter_symmetric_BB_contact_survival,symmetric_nac_bb,Any 1 banded symmetric C-ter BB,chain_pair,all,largest_cluster,1305000.0,1.0339443944704652e-05,1.4622181853997694e-05,1778.6775827723613,7150.970071685522,3783.6208029308486,0.8,8.0,8.0,100.0,96,140,3,partner_consecutive_v2
G2_Wcluster_alhx700,$\mathrm{Hel}_{50}$,Cter_symmetric_BB_contact_survival,symmetric_nac_bb,Any 1 banded symmetric C-ter BB,chain_pair,all,largest_cluster,1306000.0,1.0339443944704652e-05,1.4622181853997694e-05,1778.6775827723613,7150.970071685522,3783.6208029308486,0.8,8.0,8.0,100.0,96,140,3,partner_consecutive_v2
G2_Wcluster_alhx700,$\mathrm{Hel}_{50}$,Cter_symmetric_BB_contact_survival,symmetric_nac_bb,Any 1 banded symmetric C-ter BB,chain_pair,all,largest_cluster,1307000.0,1.0339443944704652e-05,1.4622181853997694e-05,1778.6775827723613,7150.970071685522,3783.6208029308486,0.8,8.0,8.0,100.0,96,140,3,partner_consecutive_v2
G2_Wcluster_alhx700,$\mathrm{Hel}_{50}$,Cter_symmetric_BB_contact_survival,symmetric_nac_bb,Any 1 banded symmetric C-ter BB,chain_pair,all,largest_cluster,1308000.0,1.0339443944704652e-05,1.4622181853997694e-05,1778.6775827723613,7150.970071685522,3783.6208029308486,0.8,8.0,8.0,100.0,96,140,3,partner_consecutive_v2
G2_Wcluster_alhx700,$\mathrm{Hel}_{50}$,Cter_symmetric_BB_contact_survival,symmetric_nac_bb,Any 1 banded symmetric C-ter BB,chain_pair,all,largest_cluster,1309000.0,1.0339443944704652e-05,1.4622181853997694e-05,1778.6775827723613,7150.970071685522,3783.6208029308486,0.8,8.0,8.0,100.0,96,140,3,partner_consecutive_v2
G2_Wcluster_alhx700,$\mathrm{Hel}_{50}$,Cter_symmetric_BB_contact_survival,symmetric_nac_bb,Any 1 banded symmetric C-ter BB,chain_pair,all,largest_cluster,1310000.0,1.0339443944704652e-05,1.4622181853997694e-05,1778.6775827723613,7150.970071685522,3783.6208029308486,0.8,8.0,8.0,100.0,96,140,3,partner_consecutive_v2
G2_Wcluster_alhx700,$\mathrm{Hel}_{50}$,Cter_symmetric_BB_contact_survival,symmetric_nac_bb,Any 1 banded symmetric C-ter BB,chain_pair,all,largest_cluster,1311000.0,1.0339443944704652e-05,1.4622181853997694e-05,1778.6775827723613,7150.970071685522,3783.6208029308486,0.8,8.0,8.0,100.0,96,140,3,partner_consecutive_v2
G2_Wcluster_alhx700,$\mathrm{Hel}_{50}$,Cter_symmetric_BB_contact_survival,symmetric_nac_bb,Any 1 banded symmetric C-ter BB,chain_pair,all,largest_cluster,1312000.0,1.0339443944704652e-05,1.4622181853997694e-05,1778.6775827723613,7150.970071685522,3783.6208029308486,0.8,8.0,8.0,100.0,96,140,3,partner_consecutive_v2
G2_Wcluster_alhx700,$\mathrm{Hel}_{50}$,Cter_symmetric_BB_contact_survival,symmetric_nac_bb,Any 1 banded symmetric C-ter BB,chain_pair,all,largest_cluster,1313000.0,1.0339443944704652e-05,1.4622181853997694e-05,1778.6775827723613,7150.970071685522,3783.6208029308486,0.8,8.0,8.0,100.0,96,140,3,partner_consecutive_v2
G2_Wcluster_alhx700,$\mathrm{Hel}_{50}$,Cter_symmetric_BB_contact_survival,symmetric_nac_bb,Any 1 banded symmetric C-ter BB,chain_pair,all,largest_cluster,1314000.0,1.0339443944704652e-05,1.4622181853997694e-05,1778.6775827723613,7150.970071685522,3783.6208029308486,0.8,8.0,8.0,100.0,96,140,3,partner_consecutive_v2
G2_Wcluster_alhx700,$\mathrm{Hel}_{50}$,Cter_symmetric_BB_contact_survival,symmetric_nac_bb,Any 1 banded symmetric C-ter BB,chain_pair,all,largest_cluster,1315000.0,1.0339443944704652e-05,1.4622181853997694e-05,1778.6775827723613,7150.970071685522,3783.6208029308486,0.8,8.0,8.0,100.0,96,140,3,partner_consecutive_v2
G2_Wcluster_alhx700,$\mathrm{Hel}_{50}$,Cter_symmetric_BB_contact_survival,symmetric_nac_bb,Any 1 banded symmetric C-ter BB,chain_pair,all,largest_cluster,1316000.0,1.0339443944704652e-05,1.4622181853997694e-05,1778.6775827723613,7150.970071685522,3783.6208029308486,0.8,8.0,8.0,100.0,96,140,3,partner_consecutive_v2
G2_Wcluster_alhx700,$\mathrm{Hel}_{50}$,Cter_symmetric_BB_contact_survival,symmetric_nac_bb,Any 1 banded symmetric C-ter BB,chain_pair,all,largest_cluster,1317000.0,1.0339443944704652e-05,1.4622181853997694e-05,1778.6775827723613,7150.970071685522,3783.6208029308486,0.8,8.0,8.0,100.0,96,140,3,partner_consecutive_v2
G2_Wcluster_alhx700,$\mathrm{Hel}_{50}$,Cter_symmetric_BB_contact_survival,symmetric_nac_bb,Any 1 banded symmetric C-ter BB,chain_pair,all,largest_cluster,1318000.0,1.0339443944704652e-05,1.4622181853997694e-05,1778.6775827723613,7150.970071685522,3783.6208029308486,0.8,8.0,8.0,100.0,96,140,3,partner_consecutive_v2
G2_Wcluster_alhx700,$\mathrm{Hel}_{50}$,Cter_symmetric_BB_contact_survival,symmetric_nac_bb,Any 1 banded symmetric C-ter BB,chain_pair,all,largest_cluster,1319000.0,1.0339443944704652e-05,1.4622181853997694e-05,1778.6775827723613,7150.970071685522,3783.6208029308486,0.8,8.0,8.0,100.0,96,140,3,partner_consecutive_v2
G2_Wcluster_alhx700,$\mathrm{Hel}_{50}$,Cter_symmetric_BB_contact_survival,symmetric_nac_bb,Any 1 banded symmetric C-ter BB,chain_pair,all,largest_cluster,1320000.0,1.0339443944704652e-05,1.4622181853997694e-05,1778.6775827723613,7150.970071685522,3783.6208029308486,0.8,8.0,8.0,100.0,96,140,3,partner_consecutive_v2
G2_Wcluster_alhx700,$\mathrm{Hel}_{50}$,Cter_symmetric_BB_contact_survival,symmetric_nac_bb,Any 1 banded symmetric C-ter BB,chain_pair,all,largest_cluster,1321000.0,1.0339443944704652e-05,1.4622181853997694e-05,1778.6775827723613,7150.970071685522,3783.6208029308486,0.8,8.0,8.0,100.0,96,140,3,partner_consecutive_v2
G2_Wcluster_alhx700,$\mathrm{Hel}_{50}$,Cter_symmetric_BB_contact_survival,symmetric_nac_bb,Any 1 banded symmetric C-ter BB,chain_pair,all,largest_cluster,1322000.0,1.0339443944704652e-05,1.4622181853997694e-05,1778.6775827723613,7150.970071685522,3783.6208029308486,0.8,8.0,8.0,100.0,96,140,3,partner_consecutive_v2
G2_Wcluster_alhx700,$\mathrm{Hel}_{50}$,Cter_symmetric_BB_contact_survival,symmetric_nac_bb,Any 1 banded symmetric C-ter BB,chain_pair,all,largest_cluster,1323000.0,1.0339443944704652e-05,1.4622181853997694e-05,1778.6775827723613,7150.970071685522,3783.6208029308486,0.8,8.0,8.0,100.0,96,140,3,partner_consecutive_v2
G2_Wcluster_alhx700,$\mathrm{Hel}_{50}$,Cter_symmetric_BB_contact_survival,symmetric_nac_bb,Any 1 banded symmetric C-ter BB,chain_pair,all,largest_cluster,1324000.0,1.0339443944704652e-05,1.4622181853997694e-05,1778.6775827723613,7150.970071685522,3783.6208029308486,0.8,8.0,8.0,100.0,96,140,3,partner_consecutive_v2
G2_Wcluster_alhx700,$\mathrm{Hel}_{50}$,Cter_symmetric_BB_contact_survival,symmetric_nac_bb,Any 1 banded symmetric C-ter BB,chain_pair,all,largest_cluster,1325000.0,1.0339443944704652e-05,1.4622181853997694e-05,1778.6775827723613,7150.970071685522,3783.6208029308486,0.8,8.0,8.0,100.0,96,140,3,partner_consecutive_v2
G2_Wcluster_alhx700,$\mathrm{Hel}_{50}$,Cter_symmetric_BB_contact_survival,symmetric_nac_bb,Any 1 banded symmetric C-ter BB,chain_pair,all,largest_cluster,1326000.0,1.0339443944704652e-05,1.4622181853997694e-05,1778.6775827723613,7150.970071685522,3783.6208029308486,0.8,8.0,8.0,100.0,96,140,3,partner_consecutive_v2
G2_Wcluster_alhx700,$\mathrm{Hel}_{50}$,Cter_symmetric_BB_contact_survival,symmetric_nac_bb,Any 1 banded symmetric C-ter BB,chain_pair,all,largest_cluster,1327000.0,1.0339443944704652e-05,1.4622181853997694e-05,1778.6775827723613,7150.970071685522,3783.6208029308486,0.8,8.0,8.0,100.0,96,140,3,partner_consecutive_v2
G2_Wcluster_alhx700,$\mathrm{Hel}_{50}$,Cter_symmetric_BB_contact_survival,symmetric_nac_bb,Any 1 banded symmetric C-ter BB,chain_pair,all,largest_cluster,1328000.0,1.0339443944704652e-05,1.4622181853997694e-05,1778.6775827723613,7150.970071685522,3783.6208029308486,0.8,8.0,8.0,100.0,96,140,3,partner_consecutive_v2
G2_Wcluster_alhx700,$\mathrm{Hel}_{50}$,Cter_symmetric_BB_contact_survival,symmetric_nac_bb,Any 1 banded symmetric C-ter BB,chain_pair,all,largest_cluster,1329000.0,1.0339443944704652e-05,1.4622181853997694e-05,1778.6775827723613,7150.970071685522,3783.6208029308486,0.8,8.0,8.0,100.0,96,140,3,partner_consecutive_v2
G2_Wcluster_alhx700,$\mathrm{Hel}_{50}$,Cter_symmetric_BB_contact_survival,symmetric_nac_bb,Any 1 banded symmetric C-ter BB,chain_pair,all,largest_cluster,1330000.0,1.0339443944704652e-05,1.4622181853997694e-05,1778.6775827723613,7150.970071685522,3783.6208029308486,0.8,8.0,8.0,100.0,96,140,3,partner_consecutive_v2
G2_Wcluster_alhx700,$\mathrm{Hel}_{50}$,Cter_symmetric_BB_contact_survival,symmetric_nac_bb,Any 1 banded symmetric C-ter BB,chain_pair,all,largest_cluster,1331000.0,1.0339443944704652e-05,1.4622181853997694e-05,1778.6775827723613,7150.970071685522,3783.6208029308486,0.8,8.0,8.0,100.0,96,140,3,partner_consecutive_v2
G2_Wcluster_alhx700,$\mathrm{Hel}_{50}$,Cter_symmetric_BB_contact_survival,symmetric_nac_bb,Any 1 banded symmetric C-ter BB,chain_pair,all,largest_cluster,1332000.0,1.0339443944704652e-05,1.4622181853997694e-05,1778.6775827723613,7150.970071685522,3783.6208029308486,0.8,8.0,8.0,100.0,96,140,3,partner_consecutive_v2
G2_Wcluster_alhx700,$\mathrm{Hel}_{50}$,Cter_symmetric_BB_contact_survival,symmetric_nac_bb,Any 1 banded symmetric C-ter BB,chain_pair,all,largest_cluster,1333000.0,1.0339443944704652e-05,1.4622181853997694e-05,1778.6775827723613,7150.970071685522,3783.6208029308486,0.8,8.0,8.0,100.0,96,140,3,partner_consecutive_v2
G2_Wcluster_alhx700,$\mathrm{Hel}_{50}$,Cter_symmetric_BB_contact_survival,symmetric_nac_bb,Any 1 banded symmetric C-ter BB,chain_pair,all,largest_cluster,1334000.0,1.0339443944704652e-05,1.4622181853997694e-05,1778.6775827723613,7150.970071685522,3783.6208029308486,0.8,8.0,8.0,100.0,96,140,3,partner_consecutive_v2
G2_Wcluster_alhx700,$\mathrm{Hel}_{50}$,Cter_symmetric_BB_contact_survival,symmetric_nac_bb,Any 1 banded symmetric C-ter BB,chain_pair,all,largest_cluster,1335000.0,1.0339443944704652e-05,1.4622181853997694e-05,1778.6775827723613,7150.970071685522,3783.6208029308486,0.8,8.0,8.0,100.0,96,140,3,partner_consecutive_v2
G2_Wcluster_alhx700,$\mathrm{Hel}_{50}$,Cter_symmetric_BB_contact_survival,symmetric_nac_bb,Any 1 banded symmetric C-ter BB,chain_pair,all,largest_cluster,1336000.0,1.0339443944704652e-05,1.4622181853997694e-05,1778.6775827723613,7150.970071685522,3783.6208029308486,0.8,8.0,8.0,100.0,96,140,3,partner_consecutive_v2
G2_Wcluster_alhx700,$\mathrm{Hel}_{50}$,Cter_symmetric_BB_contact_survival,symmetric_nac_bb,Any 1 banded symmetric C-ter BB,chain_pair,all,largest_cluster,1337000.0,1.0339443944704652e-05,1.4622181853997694e-05,1778.6775827723613,7150.970071685522,3783.6208029308486,0.8,8.0,8.0,100.0,96,140,3,partner_consecutive_v2
G2_Wcluster_alhx700,$\mathrm{Hel}_{50}$,Cter_symmetric_BB_contact_survival,symmetric_nac_bb,Any 1 banded symmetric C-ter BB,chain_pair,all,largest_cluster,1338000.0,1.0339443944704652e-05,1.4622181853997694e-05,1778.6775827723613,7150.970071685522,3783.6208029308486,0.8,8.0,8.0,100.0,96,140,3,partner_consecutive_v2
G2_Wcluster_alhx700,$\mathrm{Hel}_{50}$,Cter_symmetric_BB_contact_survival,symmetric_nac_bb,Any 1 banded symmetric C-ter BB,chain_pair,all,largest_cluster,1339000.0,1.0339443944704652e-05,1.4622181853997694e-05,1778.6775827723613,7150.970071685522,3783.6208029308486,0.8,8.0,8.0,100.0,96,140,3,partner_consecutive_v2
G2_Wcluster_alhx700,$\mathrm{Hel}_{50}$,Cter_symmetric_BB_contact_survival,symmetric_nac_bb,Any 1 banded symmetric C-ter BB,chain_pair,all,largest_cluster,1340000.0,1.0339443944704652e-05,1.4622181853997694e-05,1778.6775827723613,7150.970071685522,3783.6208029308486,0.8,8.0,8.0,100.0,96,140,3,partner_consecutive_v2
G2_Wcluster_alhx700,$\mathrm{Hel}_{50}$,Cter_symmetric_BB_contact_survival,symmetric_nac_bb,Any 1 banded symmetric C-ter BB,chain_pair,all,largest_cluster,1341000.0,1.0339443944704652e-05,1.4622181853997694e-05,1778.6775827723613,7150.970071685522,3783.6208029308486,0.8,8.0,8.0,100.0,96,140,3,partner_consecutive_v2
G2_Wcluster_alhx700,$\mathrm{Hel}_{50}$,Cter_symmetric_BB_contact_survival,symmetric_nac_bb,Any 1 banded symmetric C-ter BB,chain_pair,all,largest_cluster,1342000.0,1.0339443944704652e-05,1.4622181853997694e-05,1778.6775827723613,7150.970071685522,3783.6208029308486,0.8,8.0,8.0,100.0,96,140,3,partner_consecutive_v2
G2_Wcluster_alhx700,$\mathrm{Hel}_{50}$,Cter_symmetric_BB_contact_survival,symmetric_nac_bb,Any 1 banded symmetric C-ter BB,chain_pair,all,largest_cluster,1343000.0,1.0339443944704652e-05,1.4622181853997694e-05,1778.6775827723613,7150.970071685522,3783.6208029308486,0.8,8.0,8.0,100.0,96,140,3,partner_consecutive_v2
G2_Wcluster_alhx700,$\mathrm{Hel}_{50}$,Cter_symmetric_BB_contact_survival,symmetric_nac_bb,Any 1 banded symmetric C-ter BB,chain_pair,all,largest_cluster,1344000.0,1.0339443944704652e-05,1.4622181853997694e-05,1778.6775827723613,7150.970071685522,3783.6208029308486,0.8,8.0,8.0,100.0,96,140,3,partner_consecutive_v2
G2_Wcluster_alhx700,$\mathrm{Hel}_{50}$,Cter_symmetric_BB_contact_survival,symmetric_nac_bb,Any 1 banded symmetric C-ter BB,chain_pair,all,largest_cluster,1345000.0,1.0339443944704652e-05,1.4622181853997694e-05,1778.6775827723613,7150.970071685522,3783.6208029308486,0.8,8.0,8.0,100.0,96,140,3,partner_consecutive_v2
G2_Wcluster_alhx700,$\mathrm{Hel}_{50}$,Cter_symmetric_BB_contact_survival,symmetric_nac_bb,Any 1 banded symmetric C-ter BB,chain_pair,all,largest_cluster,1346000.0,1.0339443944704652e-05,1.4622181853997694e-05,1778.6775827723613,7150.970071685522,3783.6208029308486,0.8,8.0,8.0,100.0,96,140,3,partner_consecutive_v2
G2_Wcluster_alhx700,$\mathrm{Hel}_{50}$,Cter_symmetric_BB_contact_survival,symmetric_nac_bb,Any 1 banded symmetric C-ter BB,chain_pair,all,largest_cluster,1347000.0,1.0339443944704652e-05,1.4622181853997694e-05,1778.6775827723613,7150.970071685522,3783.6208029308486,0.8,8.0,8.0,100.0,96,140,3,partner_consecutive_v2
G2_Wcluster_alhx700,$\mathrm{Hel}_{50}$,Cter_symmetric_BB_contact_survival,symmetric_nac_bb,Any 1 banded symmetric C-ter BB,chain_pair,all,largest_cluster,1348000.0,1.0339443944704652e-05,1.4622181853997694e-05,1778.6775827723613,7150.970071685522,3783.6208029308486,0.8,8.0,8.0,100.0,96,140,3,partner_consecutive_v2
G2_Wcluster_alhx700,$\mathrm{Hel}_{50}$,Cter_symmetric_BB_contact_survival,symmetric_nac_bb,Any 1 banded symmetric C-ter BB,chain_pair,all,largest_cluster,1349000.0,1.0339443944704652e-05,1.4622181853997694e-05,1778.6775827723613,7150.970071685522,3783.6208029308486,0.8,8.0,8.0,100.0,96,140,3,partner_consecutive_v2
G2_Wcluster_alhx700,$\mathrm{Hel}_{50}$,Cter_symmetric_BB_contact_survival,symmetric_nac_bb,Any 1 banded symmetric C-ter BB,chain_pair,all,largest_cluster,1350000.0,1.0339443944704652e-05,1.4622181853997694e-05,1778.6775827723613,7150.970071685522,3783.6208029308486,0.8,8.0,8.0,100.0,96,140,3,partner_consecutive_v2
G2_Wcluster_alhx700,$\mathrm{Hel}_{50}$,Cter_symmetric_BB_contact_survival,symmetric_nac_bb,Any 1 banded symmetric C-ter BB,chain_pair,all,largest_cluster,1351000.0,1.0339443944704652e-05,1.4622181853997694e-05,1778.6775827723613,7150.970071685522,3783.6208029308486,0.8,8.0,8.0,100.0,96,140,3,partner_consecutive_v2
G2_Wcluster_alhx700,$\mathrm{Hel}_{50}$,Cter_symmetric_BB_contact_survival,symmetric_nac_bb,Any 1 banded symmetric C-ter BB,chain_pair,all,largest_cluster,1352000.0,1.0339443944704652e-05,1.4622181853997694e-05,1778.6775827723613,7150.970071685522,3783.6208029308486,0.8,8.0,8.0,100.0,96,140,3,partner_consecutive_v2
G2_Wcluster_alhx700,$\mathrm{Hel}_{50}$,Cter_symmetric_BB_contact_survival,symmetric_nac_bb,Any 1 banded symmetric C-ter BB,chain_pair,all,largest_cluster,1353000.0,1.0339443944704652e-05,1.4622181853997694e-05,1778.6775827723613,7150.970071685522,3783.6208029308486,0.8,8.0,8.0,100.0,96,140,3,partner_consecutive_v2
G2_Wcluster_alhx700,$\mathrm{Hel}_{50}$,Cter_symmetric_BB_contact_survival,symmetric_nac_bb,Any 1 banded symmetric C-ter BB,chain_pair,all,largest_cluster,1354000.0,1.0339443944704652e-05,1.4622181853997694e-05,1778.6775827723613,7150.970071685522,3783.6208029308486,0.8,8.0,8.0,100.0,96,140,3,partner_consecutive_v2
G2_Wcluster_alhx700,$\mathrm{Hel}_{50}$,Cter_symmetric_BB_contact_survival,symmetric_nac_bb,Any 1 banded symmetric C-ter BB,chain_pair,all,largest_cluster,1355000.0,1.0339443944704652e-05,1.4622181853997694e-05,1778.6775827723613,7150.970071685522,3783.6208029308486,0.8,8.0,8.0,100.0,96,140,3,partner_consecutive_v2
G2_Wcluster_alhx700,$\mathrm{Hel}_{50}$,Cter_symmetric_BB_contact_survival,symmetric_nac_bb,Any 1 banded symmetric C-ter BB,chain_pair,all,largest_cluster,1356000.0,1.0339443944704652e-05,1.4622181853997694e-05,1778.6775827723613,7150.970071685522,3783.6208029308486,0.8,8.0,8.0,100.0,96,140,3,partner_consecutive_v2
G2_Wcluster_alhx700,$\mathrm{Hel}_{50}$,Cter_symmetric_BB_contact_survival,symmetric_nac_bb,Any 1 banded symmetric C-ter BB,chain_pair,all,largest_cluster,1357000.0,1.0339443944704652e-05,1.4622181853997694e-05,1778.6775827723613,7150.970071685522,3783.6208029308486,0.8,8.0,8.0,100.0,96,140,3,partner_consecutive_v2
G2_Wcluster_alhx700,$\mathrm{Hel}_{50}$,Cter_symmetric_BB_contact_survival,symmetric_nac_bb,Any 1 banded symmetric C-ter BB,chain_pair,all,largest_cluster,1358000.0,1.0339443944704652e-05,1.4622181853997694e-05,1778.6775827723613,7150.970071685522,3783.6208029308486,0.8,8.0,8.0,100.0,96,140,3,partner_consecutive_v2
G2_Wcluster_alhx700,$\mathrm{Hel}_{50}$,Cter_symmetric_BB_contact_survival,symmetric_nac_bb,Any 1 banded symmetric C-ter BB,chain_pair,all,largest_cluster,1359000.0,1.0339443944704652e-05,1.4622181853997694e-05,1778.6775827723613,7150.970071685522,3783.6208029308486,0.8,8.0,8.0,100.0,96,140,3,partner_consecutive_v2
G2_Wcluster_alhx700,$\mathrm{Hel}_{50}$,Cter_symmetric_BB_contact_survival,symmetric_nac_bb,Any 1 banded symmetric C-ter BB,chain_pair,all,largest_cluster,1360000.0,1.0339443944704652e-05,1.4622181853997694e-05,1778.6775827723613,7150.970071685522,3783.6208029308486,0.8,8.0,8.0,100.0,96,140,3,partner_consecutive_v2
G2_Wcluster_alhx700,$\mathrm{Hel}_{50}$,Cter_symmetric_BB_contact_survival,symmetric_nac_bb,Any 1 banded symmetric C-ter BB,chain_pair,all,largest_cluster,1361000.0,1.0339443944704652e-05,1.4622181853997694e-05,1778.6775827723613,7150.970071685522,3783.6208029308486,0.8,8.0,8.0,100.0,96,140,3,partner_consecutive_v2
G2_Wcluster_alhx700,$\mathrm{Hel}_{50}$,Cter_symmetric_BB_contact_survival,symmetric_nac_bb,Any 1 banded symmetric C-ter BB,chain_pair,all,largest_cluster,1362000.0,1.0339443944704652e-05,1.4622181853997694e-05,1778.6775827723613,7150.970071685522,3783.6208029308486,0.8,8.0,8.0,100.0,96,140,3,partner_consecutive_v2
G2_Wcluster_alhx700,$\mathrm{Hel}_{50}$,Cter_symmetric_BB_contact_survival,symmetric_nac_bb,Any 1 banded symmetric C-ter BB,chain_pair,all,largest_cluster,1363000.0,1.0339443944704652e-05,1.4622181853997694e-05,1778.6775827723613,7150.970071685522,3783.6208029308486,0.8,8.0,8.0,100.0,96,140,3,partner_consecutive_v2
G2_Wcluster_alhx700,$\mathrm{Hel}_{50}$,Cter_symmetric_BB_contact_survival,symmetric_nac_bb,Any 1 banded symmetric C-ter BB,chain_pair,all,largest_cluster,1364000.0,1.0339443944704652e-05,1.4622181853997694e-05,1778.6775827723613,7150.970071685522,3783.6208029308486,0.8,8.0,8.0,100.0,96,140,3,partner_consecutive_v2
G2_Wcluster_alhx700,$\mathrm{Hel}_{50}$,Cter_symmetric_BB_contact_survival,symmetric_nac_bb,Any 1 banded symmetric C-ter BB,chain_pair,all,largest_cluster,1365000.0,1.0339443944704652e-05,1.4622181853997694e-05,1778.6775827723613,7150.970071685522,3783.6208029308486,0.8,8.0,8.0,100.0,96,140,3,partner_consecutive_v2
G2_Wcluster_alhx700,$\mathrm{Hel}_{50}$,Cter_symmetric_BB_contact_survival,symmetric_nac_bb,Any 1 banded symmetric C-ter BB,chain_pair,all,largest_cluster,1366000.0,1.0339443944704652e-05,1.4622181853997694e-05,1778.6775827723613,7150.970071685522,3783.6208029308486,0.8,8.0,8.0,100.0,96,140,3,partner_consecutive_v2
G2_Wcluster_alhx700,$\mathrm{Hel}_{50}$,Cter_symmetric_BB_contact_survival,symmetric_nac_bb,Any 1 banded symmetric C-ter BB,chain_pair,all,largest_cluster,1367000.0,1.0339443944704652e-05,1.4622181853997694e-05,1778.6775827723613,7150.970071685522,3783.6208029308486,0.8,8.0,8.0,100.0,96,140,3,partner_consecutive_v2
G2_Wcluster_alhx700,$\mathrm{Hel}_{50}$,Cter_symmetric_BB_contact_survival,symmetric_nac_bb,Any 1 banded symmetric C-ter BB,chain_pair,all,largest_cluster,1368000.0,1.0339443944704652e-05,1.4622181853997694e-05,1778.6775827723613,7150.970071685522,3783.6208029308486,0.8,8.0,8.0,100.0,96,140,3,partner_consecutive_v2
G2_Wcluster_alhx700,$\mathrm{Hel}_{50}$,Cter_symmetric_BB_contact_survival,symmetric_nac_bb,Any 1 banded symmetric C-ter BB,chain_pair,all,largest_cluster,1369000.0,1.0339443944704652e-05,1.4622181853997694e-05,1778.6775827723613,7150.970071685522,3783.6208029308486,0.8,8.0,8.0,100.0,96,140,3,partner_consecutive_v2
G2_Wcluster_alhx700,$\mathrm{Hel}_{50}$,Cter_symmetric_BB_contact_survival,symmetric_nac_bb,Any 1 banded symmetric C-ter BB,chain_pair,all,largest_cluster,1370000.0,1.0339443944704652e-05,1.4622181853997694e-05,1778.6775827723613,7150.970071685522,3783.6208029308486,0.8,8.0,8.0,100.0,96,140,3,partner_consecutive_v2
G2_Wcluster_alhx700,$\mathrm{Hel}_{50}$,Cter_symmetric_BB_contact_survival,symmetric_nac_bb,Any 1 banded symmetric C-ter BB,chain_pair,all,largest_cluster,1371000.0,1.0339443944704652e-05,1.4622181853997694e-05,1778.6775827723613,7150.970071685522,3783.6208029308486,0.8,8.0,8.0,100.0,96,140,3,partner_consecutive_v2
G2_Wcluster_alhx700,$\mathrm{Hel}_{50}$,Cter_symmetric_BB_contact_survival,symmetric_nac_bb,Any 1 banded symmetric C-ter BB,chain_pair,all,largest_cluster,1372000.0,1.0339443944704652e-05,1.4622181853997694e-05,1778.6775827723613,7150.970071685522,3783.6208029308486,0.8,8.0,8.0,100.0,96,140,3,partner_consecutive_v2
G2_Wcluster_alhx700,$\mathrm{Hel}_{50}$,Cter_symmetric_BB_contact_survival,symmetric_nac_bb,Any 1 banded symmetric C-ter BB,chain_pair,all,largest_cluster,1373000.0,1.0339443944704652e-05,1.4622181853997694e-05,1778.6775827723613,7150.970071685522,3783.6208029308486,0.8,8.0,8.0,100.0,96,140,3,partner_consecutive_v2
G2_Wcluster_alhx700,$\mathrm{Hel}_{50}$,Cter_symmetric_BB_contact_survival,symmetric_nac_bb,Any 1 banded symmetric C-ter BB,chain_pair,all,largest_cluster,1374000.0,1.0339443944704652e-05,1.4622181853997694e-05,1778.6775827723613,7150.970071685522,3783.6208029308486,0.8,8.0,8.0,100.0,96,140,3,partner_consecutive_v2
G2_Wcluster_alhx700,$\mathrm{Hel}_{50}$,Cter_symmetric_BB_contact_survival,symmetric_nac_bb,Any 1 banded symmetric C-ter BB,chain_pair,all,largest_cluster,1375000.0,1.0339443944704652e-05,1.4622181853997694e-05,1778.6775827723613,7150.970071685522,3783.6208029308486,0.8,8.0,8.0,100.0,96,140,3,partner_consecutive_v2
G2_Wcluster_alhx700,$\mathrm{Hel}_{50}$,Cter_symmetric_BB_contact_survival,symmetric_nac_bb,Any 1 banded symmetric C-ter BB,chain_pair,all,largest_cluster,1376000.0,1.0339443944704652e-05,1.4622181853997694e-05,1778.6775827723613,7150.970071685522,3783.6208029308486,0.8,8.0,8.0,100.0,96,140,3,partner_consecutive_v2
G2_Wcluster_alhx700,$\mathrm{Hel}_{50}$,Cter_symmetric_BB_contact_survival,symmetric_nac_bb,Any 1 banded symmetric C-ter BB,chain_pair,all,largest_cluster,1377000.0,1.0339443944704652e-05,1.4622181853997694e-05,1778.6775827723613,7150.970071685522,3783.6208029308486,0.8,8.0,8.0,100.0,96,140,3,partner_consecutive_v2
G2_Wcluster_alhx700,$\mathrm{Hel}_{50}$,Cter_symmetric_BB_contact_survival,symmetric_nac_bb,Any 1 banded symmetric C-ter BB,chain_pair,all,largest_cluster,1378000.0,1.0339443944704652e-05,1.4622181853997694e-05,1778.6775827723613,7150.970071685522,3783.6208029308486,0.8,8.0,8.0,100.0,96,140,3,partner_consecutive_v2
G2_Wcluster_alhx700,$\mathrm{Hel}_{50}$,Cter_symmetric_BB_contact_survival,symmetric_nac_bb,Any 1 banded symmetric C-ter BB,chain_pair,all,largest_cluster,1379000.0,1.0339443944704652e-05,1.4622181853997694e-05,1778.6775827723613,7150.970071685522,3783.6208029308486,0.8,8.0,8.0,100.0,96,140,3,partner_consecutive_v2
G2_Wcluster_alhx700,$\mathrm{Hel}_{50}$,Cter_symmetric_BB_contact_survival,symmetric_nac_bb,Any 1 banded symmetric C-ter BB,chain_pair,all,largest_cluster,1380000.0,1.0339443944704652e-05,1.4622181853997694e-05,1778.6775827723613,7150.970071685522,3783.6208029308486,0.8,8.0,8.0,100.0,96,140,3,partner_consecutive_v2
G2_Wcluster_alhx700,$\mathrm{Hel}_{50}$,Cter_symmetric_BB_contact_survival,symmetric_nac_bb,Any 1 banded symmetric C-ter BB,chain_pair,all,largest_cluster,1381000.0,1.0339443944704652e-05,1.4622181853997694e-05,1778.6775827723613,7150.970071685522,3783.6208029308486,0.8,8.0,8.0,100.0,96,140,3,partner_consecutive_v2
G2_Wcluster_alhx700,$\mathrm{Hel}_{50}$,Cter_symmetric_BB_contact_survival,symmetric_nac_bb,Any 1 banded symmetric C-ter BB,chain_pair,all,largest_cluster,1382000.0,1.0339443944704652e-05,1.4622181853997694e-05,1778.6775827723613,7150.970071685522,3783.6208029308486,0.8,8.0,8.0,100.0,96,140,3,partner_consecutive_v2
G2_Wcluster_alhx700,$\mathrm{Hel}_{50}$,Cter_symmetric_BB_contact_survival,symmetric_nac_bb,Any 1 banded symmetric C-ter BB,chain_pair,all,largest_cluster,1383000.0,1.0339443944704652e-05,1.4622181853997694e-05,1778.6775827723613,7150.970071685522,3783.6208029308486,0.8,8.0,8.0,100.0,96,140,3,partner_consecutive_v2
G2_Wcluster_alhx700,$\mathrm{Hel}_{50}$,Cter_symmetric_BB_contact_survival,symmetric_nac_bb,Any 1 banded symmetric C-ter BB,chain_pair,all,largest_cluster,1384000.0,1.0339443944704652e-05,1.4622181853997694e-05,1778.6775827723613,7150.970071685522,3783.6208029308486,0.8,8.0,8.0,100.0,96,140,3,partner_consecutive_v2
G2_Wcluster_alhx700,$\mathrm{Hel}_{50}$,Cter_symmetric_BB_contact_survival,symmetric_nac_bb,Any 1 banded symmetric C-ter BB,chain_pair,all,largest_cluster,1385000.0,1.0339443944704652e-05,1.4622181853997694e-05,1778.6775827723613,7150.970071685522,3783.6208029308486,0.8,8.0,8.0,100.0,96,140,3,partner_consecutive_v2
G2_Wcluster_alhx700,$\mathrm{Hel}_{50}$,Cter_symmetric_BB_contact_survival,symmetric_nac_bb,Any 1 banded symmetric C-ter BB,chain_pair,all,largest_cluster,1386000.0,1.0339443944704652e-05,1.4622181853997694e-05,1778.6775827723613,7150.970071685522,3783.6208029308486,0.8,8.0,8.0,100.0,96,140,3,partner_consecutive_v2
G2_Wcluster_alhx700,$\mathrm{Hel}_{50}$,Cter_symmetric_BB_contact_survival,symmetric_nac_bb,Any 1 banded symmetric C-ter BB,chain_pair,all,largest_cluster,1387000.0,1.0339443944704652e-05,1.4622181853997694e-05,1778.6775827723613,7150.970071685522,3783.6208029308486,0.8,8.0,8.0,100.0,96,140,3,partner_consecutive_v2
G2_Wcluster_alhx700,$\mathrm{Hel}_{50}$,Cter_symmetric_BB_contact_survival,symmetric_nac_bb,Any 1 banded symmetric C-ter BB,chain_pair,all,largest_cluster,1388000.0,1.0339443944704652e-05,1.4622181853997694e-05,1778.6775827723613,7150.970071685522,3783.6208029308486,0.8,8.0,8.0,100.0,96,140,3,partner_consecutive_v2
G2_Wcluster_alhx700,$\mathrm{Hel}_{50}$,Cter_symmetric_BB_contact_survival,symmetric_nac_bb,Any 1 banded symmetric C-ter BB,chain_pair,all,largest_cluster,1389000.0,1.0339443944704652e-05,1.4622181853997694e-05,1778.6775827723613,7150.970071685522,3783.6208029308486,0.8,8.0,8.0,100.0,96,140,3,partner_consecutive_v2
G2_Wcluster_alhx700,$\mathrm{Hel}_{50}$,Cter_symmetric_BB_contact_survival,symmetric_nac_bb,Any 1 banded symmetric C-ter BB,chain_pair,all,largest_cluster,1390000.0,1.0339443944704652e-05,1.4622181853997694e-05,1778.6775827723613,7150.970071685522,3783.6208029308486,0.8,8.0,8.0,100.0,96,140,3,partner_consecutive_v2
G2_Wcluster_alhx700,$\mathrm{Hel}_{50}$,Cter_symmetric_BB_contact_survival,symmetric_nac_bb,Any 1 banded symmetric C-ter BB,chain_pair,all,largest_cluster,1391000.0,1.0339443944704652e-05,1.4622181853997694e-05,1778.6775827723613,7150.970071685522,3783.6208029308486,0.8,8.0,8.0,100.0,96,140,3,partner_consecutive_v2
G2_Wcluster_alhx700,$\mathrm{Hel}_{50}$,Cter_symmetric_BB_contact_survival,symmetric_nac_bb,Any 1 banded symmetric C-ter BB,chain_pair,all,largest_cluster,1392000.0,1.0339443944704652e-05,1.4622181853997694e-05,1778.6775827723613,7150.970071685522,3783.6208029308486,0.8,8.0,8.0,100.0,96,140,3,partner_consecutive_v2
G2_Wcluster_alhx700,$\mathrm{Hel}_{50}$,Cter_symmetric_BB_contact_survival,symmetric_nac_bb,Any 1 banded symmetric C-ter BB,chain_pair,all,largest_cluster,1393000.0,1.0339443944704652e-05,1.4622181853997694e-05,1778.6775827723613,7150.970071685522,3783.6208029308486,0.8,8.0,8.0,100.0,96,140,3,partner_consecutive_v2
G2_Wcluster_alhx700,$\mathrm{Hel}_{50}$,Cter_symmetric_BB_contact_survival,symmetric_nac_bb,Any 1 banded symmetric C-ter BB,chain_pair,all,largest_cluster,1394000.0,1.0339443944704652e-05,1.4622181853997694e-05,1778.6775827723613,7150.970071685522,3783.6208029308486,0.8,8.0,8.0,100.0,96,140,3,partner_consecutive_v2
G2_Wcluster_alhx700,$\mathrm{Hel}_{50}$,Cter_symmetric_BB_contact_survival,symmetric_nac_bb,Any 1 banded symmetric C-ter BB,chain_pair,all,largest_cluster,1395000.0,1.0339443944704652e-05,1.4622181853997694e-05,1778.6775827723613,7150.970071685522,3783.6208029308486,0.8,8.0,8.0,100.0,96,140,3,partner_consecutive_v2
G2_Wcluster_alhx700,$\mathrm{Hel}_{50}$,Cter_symmetric_BB_contact_survival,symmetric_nac_bb,Any 1 banded symmetric C-ter BB,chain_pair,all,largest_cluster,1396000.0,1.0339443944704652e-05,1.4622181853997694e-05,1778.6775827723613,7150.970071685522,3783.6208029308486,0.8,8.0,8.0,100.0,96,140,3,partner_consecutive_v2
G2_Wcluster_alhx700,$\mathrm{Hel}_{50}$,Cter_symmetric_BB_contact_survival,symmetric_nac_bb,Any 1 banded symmetric C-ter BB,chain_pair,all,largest_cluster,1397000.0,1.0339443944704652e-05,1.4622181853997694e-05,1778.6775827723613,7150.970071685522,3783.6208029308486,0.8,8.0,8.0,100.0,96,140,3,partner_consecutive_v2
G2_Wcluster_alhx700,$\mathrm{Hel}_{50}$,Cter_symmetric_BB_contact_survival,symmetric_nac_bb,Any 1 banded symmetric C-ter BB,chain_pair,all,largest_cluster,1398000.0,1.0339443944704652e-05,1.4622181853997694e-05,1778.6775827723613,7150.970071685522,3783.6208029308486,0.8,8.0,8.0,100.0,96,140,3,partner_consecutive_v2
G2_Wcluster_alhx700,$\mathrm{Hel}_{50}$,Cter_symmetric_BB_contact_survival,symmetric_nac_bb,Any 1 banded symmetric C-ter BB,chain_pair,all,largest_cluster,1399000.0,1.0339443944704652e-05,1.4622181853997694e-05,1778.6775827723613,7150.970071685522,3783.6208029308486,0.8,8.0,8.0,100.0,96,140,3,partner_consecutive_v2
G2_Wcluster_alhx700,$\mathrm{Hel}_{50}$,Cter_symmetric_BB_contact_survival,symmetric_nac_bb,Any 1 banded symmetric C-ter BB,chain_pair,all,largest_cluster,1400000.0,1.0339443944704652e-05,1.4622181853997694e-05,1778.6775827723613,7150.970071685522,3783.6208029308486,0.8,8.0,8.0,100.0,96,140,3,partner_consecutive_v2
G2_Wcluster_alhx700,$\mathrm{Hel}_{50}$,Cter_symmetric_BB_contact_survival,symmetric_nac_bb,Any 1 banded symmetric C-ter BB,chain_pair,all,largest_cluster,1401000.0,1.0339443944704652e-05,1.4622181853997694e-05,1778.6775827723613,7150.970071685522,3783.6208029308486,0.8,8.0,8.0,100.0,96,140,3,partner_consecutive_v2
G2_Wcluster_alhx700,$\mathrm{Hel}_{50}$,Cter_symmetric_BB_contact_survival,symmetric_nac_bb,Any 1 banded symmetric C-ter BB,chain_pair,all,largest_cluster,1402000.0,1.0339443944704652e-05,1.4622181853997694e-05,1778.6775827723613,7150.970071685522,3783.6208029308486,0.8,8.0,8.0,100.0,96,140,3,partner_consecutive_v2
G2_Wcluster_alhx700,$\mathrm{Hel}_{50}$,Cter_symmetric_BB_contact_survival,symmetric_nac_bb,Any 1 banded symmetric C-ter BB,chain_pair,all,largest_cluster,1403000.0,1.0339443944704652e-05,1.4622181853997694e-05,1778.6775827723613,7150.970071685522,3783.6208029308486,0.8,8.0,8.0,100.0,96,140,3,partner_consecutive_v2
G2_Wcluster_alhx700,$\mathrm{Hel}_{50}$,Cter_symmetric_BB_contact_survival,symmetric_nac_bb,Any 1 banded symmetric C-ter BB,chain_pair,all,largest_cluster,1404000.0,1.0339443944704652e-05,1.4622181853997694e-05,1778.6775827723613,7150.970071685522,3783.6208029308486,0.8,8.0,8.0,100.0,96,140,3,partner_consecutive_v2
G2_Wcluster_alhx700,$\mathrm{Hel}_{50}$,Cter_symmetric_BB_contact_survival,symmetric_nac_bb,Any 1 banded symmetric C-ter BB,chain_pair,all,largest_cluster,1405000.0,1.0339443944704652e-05,1.4622181853997694e-05,1778.6775827723613,7150.970071685522,3783.6208029308486,0.8,8.0,8.0,100.0,96,140,3,partner_consecutive_v2
G2_Wcluster_alhx700,$\mathrm{Hel}_{50}$,Cter_symmetric_BB_contact_survival,symmetric_nac_bb,Any 1 banded symmetric C-ter BB,chain_pair,all,largest_cluster,1406000.0,1.0339443944704652e-05,1.4622181853997694e-05,1778.6775827723613,7150.970071685522,3783.6208029308486,0.8,8.0,8.0,100.0,96,140,3,partner_consecutive_v2
G2_Wcluster_alhx700,$\mathrm{Hel}_{50}$,Cter_symmetric_BB_contact_survival,symmetric_nac_bb,Any 1 banded symmetric C-ter BB,chain_pair,all,largest_cluster,1407000.0,1.0339443944704652e-05,1.4622181853997694e-05,1778.6775827723613,7150.970071685522,3783.6208029308486,0.8,8.0,8.0,100.0,96,140,3,partner_consecutive_v2
G2_Wcluster_alhx700,$\mathrm{Hel}_{50}$,Cter_symmetric_BB_contact_survival,symmetric_nac_bb,Any 1 banded symmetric C-ter BB,chain_pair,all,largest_cluster,1408000.0,1.0339443944704652e-05,1.4622181853997694e-05,1778.6775827723613,7150.970071685522,3783.6208029308486,0.8,8.0,8.0,100.0,96,140,3,partner_consecutive_v2
G2_Wcluster_alhx700,$\mathrm{Hel}_{50}$,Cter_symmetric_BB_contact_survival,symmetric_nac_bb,Any 1 banded symmetric C-ter BB,chain_pair,all,largest_cluster,1409000.0,1.0339443944704652e-05,1.4622181853997694e-05,1778.6775827723613,7150.970071685522,3783.6208029308486,0.8,8.0,8.0,100.0,96,140,3,partner_consecutive_v2
G2_Wcluster_alhx700,$\mathrm{Hel}_{50}$,Cter_symmetric_BB_contact_survival,symmetric_nac_bb,Any 1 banded symmetric C-ter BB,chain_pair,all,largest_cluster,1410000.0,1.0339443944704652e-05,1.4622181853997694e-05,1778.6775827723613,7150.970071685522,3783.6208029308486,0.8,8.0,8.0,100.0,96,140,3,partner_consecutive_v2
G2_Wcluster_alhx700,$\mathrm{Hel}_{50}$,Cter_symmetric_BB_contact_survival,symmetric_nac_bb,Any 1 banded symmetric C-ter BB,chain_pair,all,largest_cluster,1411000.0,1.0339443944704652e-05,1.4622181853997694e-05,1778.6775827723613,7150.970071685522,3783.6208029308486,0.8,8.0,8.0,100.0,96,140,3,partner_consecutive_v2
G2_Wcluster_alhx700,$\mathrm{Hel}_{50}$,Cter_symmetric_BB_contact_survival,symmetric_nac_bb,Any 1 banded symmetric C-ter BB,chain_pair,all,largest_cluster,1412000.0,1.0339443944704652e-05,1.4622181853997694e-05,1778.6775827723613,7150.970071685522,3783.6208029308486,0.8,8.0,8.0,100.0,96,140,3,partner_consecutive_v2
G2_Wcluster_alhx700,$\mathrm{Hel}_{50}$,Cter_symmetric_BB_contact_survival,symmetric_nac_bb,Any 1 banded symmetric C-ter BB,chain_pair,all,largest_cluster,1413000.0,1.0339443944704652e-05,1.4622181853997694e-05,1778.6775827723613,7150.970071685522,3783.6208029308486,0.8,8.0,8.0,100.0,96,140,3,partner_consecutive_v2
G2_Wcluster_alhx700,$\mathrm{Hel}_{50}$,Cter_symmetric_BB_contact_survival,symmetric_nac_bb,Any 1 banded symmetric C-ter BB,chain_pair,all,largest_cluster,1414000.0,1.0339443944704652e-05,1.4622181853997694e-05,1778.6775827723613,7150.970071685522,3783.6208029308486,0.8,8.0,8.0,100.0,96,140,3,partner_consecutive_v2
G2_Wcluster_alhx700,$\mathrm{Hel}_{50}$,Cter_symmetric_BB_contact_survival,symmetric_nac_bb,Any 1 banded symmetric C-ter BB,chain_pair,all,largest_cluster,1415000.0,1.0339443944704652e-05,1.4622181853997694e-05,1778.6775827723613,7150.970071685522,3783.6208029308486,0.8,8.0,8.0,100.0,96,140,3,partner_consecutive_v2
G2_Wcluster_alhx700,$\mathrm{Hel}_{50}$,Cter_symmetric_BB_contact_survival,symmetric_nac_bb,Any 1 banded symmetric C-ter BB,chain_pair,all,largest_cluster,1416000.0,1.0339443944704652e-05,1.4622181853997694e-05,1778.6775827723613,7150.970071685522,3783.6208029308486,0.8,8.0,8.0,100.0,96,140,3,partner_consecutive_v2
G2_Wcluster_alhx700,$\mathrm{Hel}_{50}$,Cter_symmetric_BB_contact_survival,symmetric_nac_bb,Any 1 banded symmetric C-ter BB,chain_pair,all,largest_cluster,1417000.0,1.0339443944704652e-05,1.4622181853997694e-05,1778.6775827723613,7150.970071685522,3783.6208029308486,0.8,8.0,8.0,100.0,96,140,3,partner_consecutive_v2
G2_Wcluster_alhx700,$\mathrm{Hel}_{50}$,Cter_symmetric_BB_contact_survival,symmetric_nac_bb,Any 1 banded symmetric C-ter BB,chain_pair,all,largest_cluster,1418000.0,1.0339443944704652e-05,1.4622181853997694e-05,1778.6775827723613,7150.970071685522,3783.6208029308486,0.8,8.0,8.0,100.0,96,140,3,partner_consecutive_v2
G2_Wcluster_alhx700,$\mathrm{Hel}_{50}$,Cter_symmetric_BB_contact_survival,symmetric_nac_bb,Any 1 banded symmetric C-ter BB,chain_pair,all,largest_cluster,1419000.0,1.0339443944704652e-05,1.4622181853997694e-05,1778.6775827723613,7150.970071685522,3783.6208029308486,0.8,8.0,8.0,100.0,96,140,3,partner_consecutive_v2
G2_Wcluster_alhx700,$\mathrm{Hel}_{50}$,Cter_symmetric_BB_contact_survival,symmetric_nac_bb,Any 1 banded symmetric C-ter BB,chain_pair,all,largest_cluster,1420000.0,1.0339443944704652e-05,1.4622181853997694e-05,1778.6775827723613,7150.970071685522,3783.6208029308486,0.8,8.0,8.0,100.0,96,140,3,partner_consecutive_v2
G2_Wcluster_alhx700,$\mathrm{Hel}_{50}$,Cter_symmetric_BB_contact_survival,symmetric_nac_bb,Any 1 banded symmetric C-ter BB,chain_pair,all,largest_cluster,1421000.0,1.0339443944704652e-05,1.4622181853997694e-05,1778.6775827723613,7150.970071685522,3783.6208029308486,0.8,8.0,8.0,100.0,96,140,3,partner_consecutive_v2
G2_Wcluster_alhx700,$\mathrm{Hel}_{50}$,Cter_symmetric_BB_contact_survival,symmetric_nac_bb,Any 1 banded symmetric C-ter BB,chain_pair,all,largest_cluster,1422000.0,1.0339443944704652e-05,1.4622181853997694e-05,1778.6775827723613,7150.970071685522,3783.6208029308486,0.8,8.0,8.0,100.0,96,140,3,partner_consecutive_v2
G2_Wcluster_alhx700,$\mathrm{Hel}_{50}$,Cter_symmetric_BB_contact_survival,symmetric_nac_bb,Any 1 banded symmetric C-ter BB,chain_pair,all,largest_cluster,1423000.0,1.0339443944704652e-05,1.4622181853997694e-05,1778.6775827723613,7150.970071685522,3783.6208029308486,0.8,8.0,8.0,100.0,96,140,3,partner_consecutive_v2
G2_Wcluster_alhx700,$\mathrm{Hel}_{50}$,Cter_symmetric_BB_contact_survival,symmetric_nac_bb,Any 1 banded symmetric C-ter BB,chain_pair,all,largest_cluster,1424000.0,1.0339443944704652e-05,1.4622181853997694e-05,1778.6775827723613,7150.970071685522,3783.6208029308486,0.8,8.0,8.0,100.0,96,140,3,partner_consecutive_v2
G2_Wcluster_alhx700,$\mathrm{Hel}_{50}$,Cter_symmetric_BB_contact_survival,symmetric_nac_bb,Any 1 banded symmetric C-ter BB,chain_pair,all,largest_cluster,1425000.0,1.0339443944704652e-05,1.4622181853997694e-05,1778.6775827723613,7150.970071685522,3783.6208029308486,0.8,8.0,8.0,100.0,96,140,3,partner_consecutive_v2
G2_Wcluster_alhx700,$\mathrm{Hel}_{50}$,Cter_symmetric_BB_contact_survival,symmetric_nac_bb,Any 1 banded symmetric C-ter BB,chain_pair,all,largest_cluster,1426000.0,1.0339443944704652e-05,1.4622181853997694e-05,1778.6775827723613,7150.970071685522,3783.6208029308486,0.8,8.0,8.0,100.0,96,140,3,partner_consecutive_v2
G2_Wcluster_alhx700,$\mathrm{Hel}_{50}$,Cter_symmetric_BB_contact_survival,symmetric_nac_bb,Any 1 banded symmetric C-ter BB,chain_pair,all,largest_cluster,1427000.0,1.0339443944704652e-05,1.4622181853997694e-05,1778.6775827723613,7150.970071685522,3783.6208029308486,0.8,8.0,8.0,100.0,96,140,3,partner_consecutive_v2
G2_Wcluster_alhx700,$\mathrm{Hel}_{50}$,Cter_symmetric_BB_contact_survival,symmetric_nac_bb,Any 1 banded symmetric C-ter BB,chain_pair,all,largest_cluster,1428000.0,1.0339443944704652e-05,1.4622181853997694e-05,1778.6775827723613,7150.970071685522,3783.6208029308486,0.8,8.0,8.0,100.0,96,140,3,partner_consecutive_v2
G2_Wcluster_alhx700,$\mathrm{Hel}_{50}$,Cter_symmetric_BB_contact_survival,symmetric_nac_bb,Any 1 banded symmetric C-ter BB,chain_pair,all,largest_cluster,1429000.0,1.0339443944704652e-05,1.4622181853997694e-05,1778.6775827723613,7150.970071685522,3783.6208029308486,0.8,8.0,8.0,100.0,96,140,3,partner_consecutive_v2
G2_Wcluster_alhx700,$\mathrm{Hel}_{50}$,Cter_symmetric_BB_contact_survival,symmetric_nac_bb,Any 1 banded symmetric C-ter BB,chain_pair,all,largest_cluster,1430000.0,1.0339443944704652e-05,1.4622181853997694e-05,1778.6775827723613,7150.970071685522,3783.6208029308486,0.8,8.0,8.0,100.0,96,140,3,partner_consecutive_v2
G2_Wcluster_alhx700,$\mathrm{Hel}_{50}$,Cter_symmetric_BB_contact_survival,symmetric_nac_bb,Any 1 banded symmetric C-ter BB,chain_pair,all,largest_cluster,1431000.0,1.0339443944704652e-05,1.4622181853997694e-05,1778.6775827723613,7150.970071685522,3783.6208029308486,0.8,8.0,8.0,100.0,96,140,3,partner_consecutive_v2
G2_Wcluster_alhx700,$\mathrm{Hel}_{50}$,Cter_symmetric_BB_contact_survival,symmetric_nac_bb,Any 1 banded symmetric C-ter BB,chain_pair,all,largest_cluster,1432000.0,1.0339443944704652e-05,1.4622181853997694e-05,1778.6775827723613,7150.970071685522,3783.6208029308486,0.8,8.0,8.0,100.0,96,140,3,partner_consecutive_v2
G2_Wcluster_alhx700,$\mathrm{Hel}_{50}$,Cter_symmetric_BB_contact_survival,symmetric_nac_bb,Any 1 banded symmetric C-ter BB,chain_pair,all,largest_cluster,1433000.0,1.0339443944704652e-05,1.4622181853997694e-05,1778.6775827723613,7150.970071685522,3783.6208029308486,0.8,8.0,8.0,100.0,96,140,3,partner_consecutive_v2
G2_Wcluster_alhx700,$\mathrm{Hel}_{50}$,Cter_symmetric_BB_contact_survival,symmetric_nac_bb,Any 1 banded symmetric C-ter BB,chain_pair,all,largest_cluster,1434000.0,1.0339443944704652e-05,1.4622181853997694e-05,1778.6775827723613,7150.970071685522,3783.6208029308486,0.8,8.0,8.0,100.0,96,140,3,partner_consecutive_v2
G2_Wcluster_alhx700,$\mathrm{Hel}_{50}$,Cter_symmetric_BB_contact_survival,symmetric_nac_bb,Any 1 banded symmetric C-ter BB,chain_pair,all,largest_cluster,1435000.0,1.0339443944704652e-05,1.4622181853997694e-05,1778.6775827723613,7150.970071685522,3783.6208029308486,0.8,8.0,8.0,100.0,96,140,3,partner_consecutive_v2
G2_Wcluster_alhx700,$\mathrm{Hel}_{50}$,Cter_symmetric_BB_contact_survival,symmetric_nac_bb,Any 1 banded symmetric C-ter BB,chain_pair,all,largest_cluster,1436000.0,1.0339443944704652e-05,1.4622181853997694e-05,1778.6775827723613,7150.970071685522,3783.6208029308486,0.8,8.0,8.0,100.0,96,140,3,partner_consecutive_v2
G2_Wcluster_alhx700,$\mathrm{Hel}_{50}$,Cter_symmetric_BB_contact_survival,symmetric_nac_bb,Any 1 banded symmetric C-ter BB,chain_pair,all,largest_cluster,1437000.0,1.0339443944704652e-05,1.4622181853997694e-05,1778.6775827723613,7150.970071685522,3783.6208029308486,0.8,8.0,8.0,100.0,96,140,3,partner_consecutive_v2
G2_Wcluster_alhx700,$\mathrm{Hel}_{50}$,Cter_symmetric_BB_contact_survival,symmetric_nac_bb,Any 1 banded symmetric C-ter BB,chain_pair,all,largest_cluster,1438000.0,1.0339443944704652e-05,1.4622181853997694e-05,1778.6775827723613,7150.970071685522,3783.6208029308486,0.8,8.0,8.0,100.0,96,140,3,partner_consecutive_v2
G2_Wcluster_alhx700,$\mathrm{Hel}_{50}$,Cter_symmetric_BB_contact_survival,symmetric_nac_bb,Any 1 banded symmetric C-ter BB,chain_pair,all,largest_cluster,1439000.0,1.0339443944704652e-05,1.4622181853997694e-05,1778.6775827723613,7150.970071685522,3783.6208029308486,0.8,8.0,8.0,100.0,96,140,3,partner_consecutive_v2
G2_Wcluster_alhx700,$\mathrm{Hel}_{50}$,Cter_symmetric_BB_contact_survival,symmetric_nac_bb,Any 1 banded symmetric C-ter BB,chain_pair,all,largest_cluster,1440000.0,1.0339443944704652e-05,1.4622181853997694e-05,1778.6775827723613,7150.970071685522,3783.6208029308486,0.8,8.0,8.0,100.0,96,140,3,partner_consecutive_v2
G2_Wcluster_alhx700,$\mathrm{Hel}_{50}$,Cter_symmetric_BB_contact_survival,symmetric_nac_bb,Any 1 banded symmetric C-ter BB,chain_pair,all,largest_cluster,1441000.0,1.0339443944704652e-05,1.4622181853997694e-05,1778.6775827723613,7150.970071685522,3783.6208029308486,0.8,8.0,8.0,100.0,96,140,3,partner_consecutive_v2
G2_Wcluster_alhx700,$\mathrm{Hel}_{50}$,Cter_symmetric_BB_contact_survival,symmetric_nac_bb,Any 1 banded symmetric C-ter BB,chain_pair,all,largest_cluster,1442000.0,1.0339443944704652e-05,1.4622181853997694e-05,1778.6775827723613,7150.970071685522,3783.6208029308486,0.8,8.0,8.0,100.0,96,140,3,partner_consecutive_v2
G2_Wcluster_alhx700,$\mathrm{Hel}_{50}$,Cter_symmetric_BB_contact_survival,symmetric_nac_bb,Any 1 banded symmetric C-ter BB,chain_pair,all,largest_cluster,1443000.0,1.0339443944704652e-05,1.4622181853997694e-05,1778.6775827723613,7150.970071685522,3783.6208029308486,0.8,8.0,8.0,100.0,96,140,3,partner_consecutive_v2
G2_Wcluster_alhx700,$\mathrm{Hel}_{50}$,Cter_symmetric_BB_contact_survival,symmetric_nac_bb,Any 1 banded symmetric C-ter BB,chain_pair,all,largest_cluster,1444000.0,1.0339443944704652e-05,1.4622181853997694e-05,1778.6775827723613,7150.970071685522,3783.6208029308486,0.8,8.0,8.0,100.0,96,140,3,partner_consecutive_v2
G2_Wcluster_alhx700,$\mathrm{Hel}_{50}$,Cter_symmetric_BB_contact_survival,symmetric_nac_bb,Any 1 banded symmetric C-ter BB,chain_pair,all,largest_cluster,1445000.0,1.0339443944704652e-05,1.4622181853997694e-05,1778.6775827723613,7150.970071685522,3783.6208029308486,0.8,8.0,8.0,100.0,96,140,3,partner_consecutive_v2
G2_Wcluster_alhx700,$\mathrm{Hel}_{50}$,Cter_symmetric_BB_contact_survival,symmetric_nac_bb,Any 1 banded symmetric C-ter BB,chain_pair,all,largest_cluster,1446000.0,1.0339443944704652e-05,1.4622181853997694e-05,1778.6775827723613,7150.970071685522,3783.6208029308486,0.8,8.0,8.0,100.0,96,140,3,partner_consecutive_v2
G2_Wcluster_alhx700,$\mathrm{Hel}_{50}$,Cter_symmetric_BB_contact_survival,symmetric_nac_bb,Any 1 banded symmetric C-ter BB,chain_pair,all,largest_cluster,1447000.0,1.0339443944704652e-05,1.4622181853997694e-05,1778.6775827723613,7150.970071685522,3783.6208029308486,0.8,8.0,8.0,100.0,96,140,3,partner_consecutive_v2
G2_Wcluster_alhx700,$\mathrm{Hel}_{50}$,Cter_symmetric_BB_contact_survival,symmetric_nac_bb,Any 1 banded symmetric C-ter BB,chain_pair,all,largest_cluster,1448000.0,1.0339443944704652e-05,1.4622181853997694e-05,1778.6775827723613,7150.970071685522,3783.6208029308486,0.8,8.0,8.0,100.0,96,140,3,partner_consecutive_v2
G2_Wcluster_alhx700,$\mathrm{Hel}_{50}$,Cter_symmetric_BB_contact_survival,symmetric_nac_bb,Any 1 banded symmetric C-ter BB,chain_pair,all,largest_cluster,1449000.0,1.0339443944704652e-05,1.4622181853997694e-05,1778.6775827723613,7150.970071685522,3783.6208029308486,0.8,8.0,8.0,100.0,96,140,3,partner_consecutive_v2
G2_Wcluster_alhx700,$\mathrm{Hel}_{50}$,Cter_symmetric_BB_contact_survival,symmetric_nac_bb,Any 1 banded symmetric C-ter BB,chain_pair,all,largest_cluster,1450000.0,1.0339443944704652e-05,1.4622181853997694e-05,1778.6775827723613,7150.970071685522,3783.6208029308486,0.8,8.0,8.0,100.0,96,140,3,partner_consecutive_v2
G2_Wcluster_alhx700,$\mathrm{Hel}_{50}$,Cter_symmetric_BB_contact_survival,symmetric_nac_bb,Any 1 banded symmetric C-ter BB,chain_pair,all,largest_cluster,1451000.0,1.0339443944704652e-05,1.4622181853997694e-05,1778.6775827723613,7150.970071685522,3783.6208029308486,0.8,8.0,8.0,100.0,96,140,3,partner_consecutive_v2
G2_Wcluster_alhx700,$\mathrm{Hel}_{50}$,Cter_symmetric_BB_contact_survival,symmetric_nac_bb,Any 1 banded symmetric C-ter BB,chain_pair,all,largest_cluster,1452000.0,1.0339443944704652e-05,1.4622181853997694e-05,1778.6775827723613,7150.970071685522,3783.6208029308486,0.8,8.0,8.0,100.0,96,140,3,partner_consecutive_v2
G2_Wcluster_alhx700,$\mathrm{Hel}_{50}$,Cter_symmetric_BB_contact_survival,symmetric_nac_bb,Any 1 banded symmetric C-ter BB,chain_pair,all,largest_cluster,1453000.0,1.0339443944704652e-05,1.4622181853997694e-05,1778.6775827723613,7150.970071685522,3783.6208029308486,0.8,8.0,8.0,100.0,96,140,3,partner_consecutive_v2
G2_Wcluster_alhx700,$\mathrm{Hel}_{50}$,Cter_symmetric_BB_contact_survival,symmetric_nac_bb,Any 1 banded symmetric C-ter BB,chain_pair,all,largest_cluster,1454000.0,1.0339443944704652e-05,1.4622181853997694e-05,1778.6775827723613,7150.970071685522,3783.6208029308486,0.8,8.0,8.0,100.0,96,140,3,partner_consecutive_v2
G2_Wcluster_alhx700,$\mathrm{Hel}_{50}$,Cter_symmetric_BB_contact_survival,symmetric_nac_bb,Any 1 banded symmetric C-ter BB,chain_pair,all,largest_cluster,1455000.0,1.0339443944704652e-05,1.4622181853997694e-05,1778.6775827723613,7150.970071685522,3783.6208029308486,0.8,8.0,8.0,100.0,96,140,3,partner_consecutive_v2
G2_Wcluster_alhx700,$\mathrm{Hel}_{50}$,Cter_symmetric_BB_contact_survival,symmetric_nac_bb,Any 1 banded symmetric C-ter BB,chain_pair,all,largest_cluster,1456000.0,1.0339443944704652e-05,1.4622181853997694e-05,1778.6775827723613,7150.970071685522,3783.6208029308486,0.8,8.0,8.0,100.0,96,140,3,partner_consecutive_v2
G2_Wcluster_alhx700,$\mathrm{Hel}_{50}$,Cter_symmetric_BB_contact_survival,symmetric_nac_bb,Any 1 banded symmetric C-ter BB,chain_pair,all,largest_cluster,1457000.0,1.0339443944704652e-05,1.4622181853997694e-05,1778.6775827723613,7150.970071685522,3783.6208029308486,0.8,8.0,8.0,100.0,96,140,3,partner_consecutive_v2
G2_Wcluster_alhx700,$\mathrm{Hel}_{50}$,Cter_symmetric_BB_contact_survival,symmetric_nac_bb,Any 1 banded symmetric C-ter BB,chain_pair,all,largest_cluster,1458000.0,1.0339443944704652e-05,1.4622181853997694e-05,1778.6775827723613,7150.970071685522,3783.6208029308486,0.8,8.0,8.0,100.0,96,140,3,partner_consecutive_v2
G2_Wcluster_alhx700,$\mathrm{Hel}_{50}$,Cter_symmetric_BB_contact_survival,symmetric_nac_bb,Any 1 banded symmetric C-ter BB,chain_pair,all,largest_cluster,1459000.0,1.0339443944704652e-05,1.4622181853997694e-05,1778.6775827723613,7150.970071685522,3783.6208029308486,0.8,8.0,8.0,100.0,96,140,3,partner_consecutive_v2
G2_Wcluster_alhx700,$\mathrm{Hel}_{50}$,Cter_symmetric_BB_contact_survival,symmetric_nac_bb,Any 1 banded symmetric C-ter BB,chain_pair,all,largest_cluster,1460000.0,1.0339443944704652e-05,1.4622181853997694e-05,1778.6775827723613,7150.970071685522,3783.6208029308486,0.8,8.0,8.0,100.0,96,140,3,partner_consecutive_v2
G2_Wcluster_alhx700,$\mathrm{Hel}_{50}$,Cter_symmetric_BB_contact_survival,symmetric_nac_bb,Any 1 banded symmetric C-ter BB,chain_pair,all,largest_cluster,1461000.0,1.0339443944704652e-05,1.4622181853997694e-05,1778.6775827723613,7150.970071685522,3783.6208029308486,0.8,8.0,8.0,100.0,96,140,3,partner_consecutive_v2
G2_Wcluster_alhx700,$\mathrm{Hel}_{50}$,Cter_symmetric_BB_contact_survival,symmetric_nac_bb,Any 1 banded symmetric C-ter BB,chain_pair,all,largest_cluster,1462000.0,1.0339443944704652e-05,1.4622181853997694e-05,1778.6775827723613,7150.970071685522,3783.6208029308486,0.8,8.0,8.0,100.0,96,140,3,partner_consecutive_v2
G2_Wcluster_alhx700,$\mathrm{Hel}_{50}$,Cter_symmetric_BB_contact_survival,symmetric_nac_bb,Any 1 banded symmetric C-ter BB,chain_pair,all,largest_cluster,1463000.0,1.0339443944704652e-05,1.4622181853997694e-05,1778.6775827723613,7150.970071685522,3783.6208029308486,0.8,8.0,8.0,100.0,96,140,3,partner_consecutive_v2
G2_Wcluster_alhx700,$\mathrm{Hel}_{50}$,Cter_symmetric_BB_contact_survival,symmetric_nac_bb,Any 1 banded symmetric C-ter BB,chain_pair,all,largest_cluster,1464000.0,1.0339443944704652e-05,1.4622181853997694e-05,1778.6775827723613,7150.970071685522,3783.6208029308486,0.8,8.0,8.0,100.0,96,140,3,partner_consecutive_v2
G2_Wcluster_alhx700,$\mathrm{Hel}_{50}$,Cter_symmetric_BB_contact_survival,symmetric_nac_bb,Any 1 banded symmetric C-ter BB,chain_pair,all,largest_cluster,1465000.0,1.0339443944704652e-05,1.4622181853997694e-05,1778.6775827723613,7150.970071685522,3783.6208029308486,0.8,8.0,8.0,100.0,96,140,3,partner_consecutive_v2
G2_Wcluster_alhx700,$\mathrm{Hel}_{50}$,Cter_symmetric_BB_contact_survival,symmetric_nac_bb,Any 1 banded symmetric C-ter BB,chain_pair,all,largest_cluster,1466000.0,1.0339443944704652e-05,1.4622181853997694e-05,1778.6775827723613,7150.970071685522,3783.6208029308486,0.8,8.0,8.0,100.0,96,140,3,partner_consecutive_v2
G2_Wcluster_alhx700,$\mathrm{Hel}_{50}$,Cter_symmetric_BB_contact_survival,symmetric_nac_bb,Any 1 banded symmetric C-ter BB,chain_pair,all,largest_cluster,1467000.0,1.0339443944704652e-05,1.4622181853997694e-05,1778.6775827723613,7150.970071685522,3783.6208029308486,0.8,8.0,8.0,100.0,96,140,3,partner_consecutive_v2
G2_Wcluster_alhx700,$\mathrm{Hel}_{50}$,Cter_symmetric_BB_contact_survival,symmetric_nac_bb,Any 1 banded symmetric C-ter BB,chain_pair,all,largest_cluster,1468000.0,1.0339443944704652e-05,1.4622181853997694e-05,1778.6775827723613,7150.970071685522,3783.6208029308486,0.8,8.0,8.0,100.0,96,140,3,partner_consecutive_v2
G2_Wcluster_alhx700,$\mathrm{Hel}_{50}$,Cter_symmetric_BB_contact_survival,symmetric_nac_bb,Any 1 banded symmetric C-ter BB,chain_pair,all,largest_cluster,1469000.0,1.0339443944704652e-05,1.4622181853997694e-05,1778.6775827723613,7150.970071685522,3783.6208029308486,0.8,8.0,8.0,100.0,96,140,3,partner_consecutive_v2
G2_Wcluster_alhx700,$\mathrm{Hel}_{50}$,Cter_symmetric_BB_contact_survival,symmetric_nac_bb,Any 1 banded symmetric C-ter BB,chain_pair,all,largest_cluster,1470000.0,1.0339443944704652e-05,1.4622181853997694e-05,1778.6775827723613,7150.970071685522,3783.6208029308486,0.8,8.0,8.0,100.0,96,140,3,partner_consecutive_v2
G2_Wcluster_alhx700,$\mathrm{Hel}_{50}$,Cter_symmetric_BB_contact_survival,symmetric_nac_bb,Any 1 banded symmetric C-ter BB,chain_pair,all,largest_cluster,1471000.0,1.0339443944704652e-05,1.4622181853997694e-05,1778.6775827723613,7150.970071685522,3783.6208029308486,0.8,8.0,8.0,100.0,96,140,3,partner_consecutive_v2
G2_Wcluster_alhx700,$\mathrm{Hel}_{50}$,Cter_symmetric_BB_contact_survival,symmetric_nac_bb,Any 1 banded symmetric C-ter BB,chain_pair,all,largest_cluster,1472000.0,1.0339443944704652e-05,1.4622181853997694e-05,1778.6775827723613,7150.970071685522,3783.6208029308486,0.8,8.0,8.0,100.0,96,140,3,partner_consecutive_v2
G2_Wcluster_alhx700,$\mathrm{Hel}_{50}$,Cter_symmetric_BB_contact_survival,symmetric_nac_bb,Any 1 banded symmetric C-ter BB,chain_pair,all,largest_cluster,1473000.0,1.0339443944704652e-05,1.4622181853997694e-05,1778.6775827723613,7150.970071685522,3783.6208029308486,0.8,8.0,8.0,100.0,96,140,3,partner_consecutive_v2
G2_Wcluster_alhx700,$\mathrm{Hel}_{50}$,Cter_symmetric_BB_contact_survival,symmetric_nac_bb,Any 1 banded symmetric C-ter BB,chain_pair,all,largest_cluster,1474000.0,1.0339443944704652e-05,1.4622181853997694e-05,1778.6775827723613,7150.970071685522,3783.6208029308486,0.8,8.0,8.0,100.0,96,140,3,partner_consecutive_v2
G2_Wcluster_alhx700,$\mathrm{Hel}_{50}$,Cter_symmetric_BB_contact_survival,symmetric_nac_bb,Any 1 banded symmetric C-ter BB,chain_pair,all,largest_cluster,1475000.0,1.0339443944704652e-05,1.4622181853997694e-05,1778.6775827723613,7150.970071685522,3783.6208029308486,0.8,8.0,8.0,100.0,96,140,3,partner_consecutive_v2
G2_Wcluster_alhx700,$\mathrm{Hel}_{50}$,Cter_symmetric_BB_contact_survival,symmetric_nac_bb,Any 1 banded symmetric C-ter BB,chain_pair,all,largest_cluster,1476000.0,1.0339443944704652e-05,1.4622181853997694e-05,1778.6775827723613,7150.970071685522,3783.6208029308486,0.8,8.0,8.0,100.0,96,140,3,partner_consecutive_v2
G2_Wcluster_alhx700,$\mathrm{Hel}_{50}$,Cter_symmetric_BB_contact_survival,symmetric_nac_bb,Any 1 banded symmetric C-ter BB,chain_pair,all,largest_cluster,1477000.0,1.0339443944704652e-05,1.4622181853997694e-05,1778.6775827723613,7150.970071685522,3783.6208029308486,0.8,8.0,8.0,100.0,96,140,3,partner_consecutive_v2
G2_Wcluster_alhx700,$\mathrm{Hel}_{50}$,Cter_symmetric_BB_contact_survival,symmetric_nac_bb,Any 1 banded symmetric C-ter BB,chain_pair,all,largest_cluster,1478000.0,1.0339443944704652e-05,1.4622181853997694e-05,1778.6775827723613,7150.970071685522,3783.6208029308486,0.8,8.0,8.0,100.0,96,140,3,partner_consecutive_v2
G2_Wcluster_alhx700,$\mathrm{Hel}_{50}$,Cter_symmetric_BB_contact_survival,symmetric_nac_bb,Any 1 banded symmetric C-ter BB,chain_pair,all,largest_cluster,1479000.0,1.0339443944704652e-05,1.4622181853997694e-05,1778.6775827723613,7150.970071685522,3783.6208029308486,0.8,8.0,8.0,100.0,96,140,3,partner_consecutive_v2
G2_Wcluster_alhx700,$\mathrm{Hel}_{50}$,Cter_symmetric_BB_contact_survival,symmetric_nac_bb,Any 1 banded symmetric C-ter BB,chain_pair,all,largest_cluster,1480000.0,1.0339443944704652e-05,1.4622181853997694e-05,1778.6775827723613,7150.970071685522,3783.6208029308486,0.8,8.0,8.0,100.0,96,140,3,partner_consecutive_v2
G2_Wcluster_alhx700,$\mathrm{Hel}_{50}$,Cter_symmetric_BB_contact_survival,symmetric_nac_bb,Any 1 banded symmetric C-ter BB,chain_pair,all,largest_cluster,1481000.0,1.0339443944704652e-05,1.4622181853997694e-05,1778.6775827723613,7150.970071685522,3783.6208029308486,0.8,8.0,8.0,100.0,96,140,3,partner_consecutive_v2
G2_Wcluster_alhx700,$\mathrm{Hel}_{50}$,Cter_symmetric_BB_contact_survival,symmetric_nac_bb,Any 1 banded symmetric C-ter BB,chain_pair,all,largest_cluster,1482000.0,1.0339443944704652e-05,1.4622181853997694e-05,1778.6775827723613,7150.970071685522,3783.6208029308486,0.8,8.0,8.0,100.0,96,140,3,partner_consecutive_v2
G2_Wcluster_alhx700,$\mathrm{Hel}_{50}$,Cter_symmetric_BB_contact_survival,symmetric_nac_bb,Any 1 banded symmetric C-ter BB,chain_pair,all,largest_cluster,1483000.0,1.0339443944704652e-05,1.4622181853997694e-05,1778.6775827723613,7150.970071685522,3783.6208029308486,0.8,8.0,8.0,100.0,96,140,3,partner_consecutive_v2
G2_Wcluster_alhx700,$\mathrm{Hel}_{50}$,Cter_symmetric_BB_contact_survival,symmetric_nac_bb,Any 1 banded symmetric C-ter BB,chain_pair,all,largest_cluster,1484000.0,1.0339443944704652e-05,1.4622181853997694e-05,1778.6775827723613,7150.970071685522,3783.6208029308486,0.8,8.0,8.0,100.0,96,140,3,partner_consecutive_v2
G2_Wcluster_alhx700,$\mathrm{Hel}_{50}$,Cter_symmetric_BB_contact_survival,symmetric_nac_bb,Any 1 banded symmetric C-ter BB,chain_pair,all,largest_cluster,1485000.0,1.0339443944704652e-05,1.4622181853997694e-05,1778.6775827723613,7150.970071685522,3783.6208029308486,0.8,8.0,8.0,100.0,96,140,3,partner_consecutive_v2
G2_Wcluster_alhx700,$\mathrm{Hel}_{50}$,Cter_symmetric_BB_contact_survival,symmetric_nac_bb,Any 1 banded symmetric C-ter BB,chain_pair,all,largest_cluster,1486000.0,1.0339443944704652e-05,1.4622181853997694e-05,1778.6775827723613,7150.970071685522,3783.6208029308486,0.8,8.0,8.0,100.0,96,140,3,partner_consecutive_v2
G2_Wcluster_alhx700,$\mathrm{Hel}_{50}$,Cter_symmetric_BB_contact_survival,symmetric_nac_bb,Any 1 banded symmetric C-ter BB,chain_pair,all,largest_cluster,1487000.0,1.0339443944704652e-05,1.4622181853997694e-05,1778.6775827723613,7150.970071685522,3783.6208029308486,0.8,8.0,8.0,100.0,96,140,3,partner_consecutive_v2
G2_Wcluster_alhx700,$\mathrm{Hel}_{50}$,Cter_symmetric_BB_contact_survival,symmetric_nac_bb,Any 1 banded symmetric C-ter BB,chain_pair,all,largest_cluster,1488000.0,1.0339443944704652e-05,1.4622181853997694e-05,1778.6775827723613,7150.970071685522,3783.6208029308486,0.8,8.0,8.0,100.0,96,140,3,partner_consecutive_v2
G2_Wcluster_alhx700,$\mathrm{Hel}_{50}$,Cter_symmetric_BB_contact_survival,symmetric_nac_bb,Any 1 banded symmetric C-ter BB,chain_pair,all,largest_cluster,1489000.0,1.0339443944704652e-05,1.4622181853997694e-05,1778.6775827723613,7150.970071685522,3783.6208029308486,0.8,8.0,8.0,100.0,96,140,3,partner_consecutive_v2
G2_Wcluster_alhx700,$\mathrm{Hel}_{50}$,Cter_symmetric_BB_contact_survival,symmetric_nac_bb,Any 1 banded symmetric C-ter BB,chain_pair,all,largest_cluster,1490000.0,1.0339443944704652e-05,1.4622181853997694e-05,1778.6775827723613,7150.970071685522,3783.6208029308486,0.8,8.0,8.0,100.0,96,140,3,partner_consecutive_v2
G2_Wcluster_alhx700,$\mathrm{Hel}_{50}$,Cter_symmetric_BB_contact_survival,symmetric_nac_bb,Any 1 banded symmetric C-ter BB,chain_pair,all,largest_cluster,1491000.0,1.0339443944704652e-05,1.4622181853997694e-05,1778.6775827723613,7150.970071685522,3783.6208029308486,0.8,8.0,8.0,100.0,96,140,3,partner_consecutive_v2
G2_Wcluster_alhx700,$\mathrm{Hel}_{50}$,Cter_symmetric_BB_contact_survival,symmetric_nac_bb,Any 1 banded symmetric C-ter BB,chain_pair,all,largest_cluster,1492000.0,1.0339443944704652e-05,1.4622181853997694e-05,1778.6775827723613,7150.970071685522,3783.6208029308486,0.8,8.0,8.0,100.0,96,140,3,partner_consecutive_v2
G2_Wcluster_alhx700,$\mathrm{Hel}_{50}$,Cter_symmetric_BB_contact_survival,symmetric_nac_bb,Any 1 banded symmetric C-ter BB,chain_pair,all,largest_cluster,1493000.0,1.0339443944704652e-05,1.4622181853997694e-05,1778.6775827723613,7150.970071685522,3783.6208029308486,0.8,8.0,8.0,100.0,96,140,3,partner_consecutive_v2
G2_Wcluster_alhx700,$\mathrm{Hel}_{50}$,Cter_symmetric_BB_contact_survival,symmetric_nac_bb,Any 1 banded symmetric C-ter BB,chain_pair,all,largest_cluster,1494000.0,1.0339443944704652e-05,1.4622181853997694e-05,1778.6775827723613,7150.970071685522,3783.6208029308486,0.8,8.0,8.0,100.0,96,140,3,partner_consecutive_v2
G2_Wcluster_alhx700,$\mathrm{Hel}_{50}$,Cter_symmetric_BB_contact_survival,symmetric_nac_bb,Any 1 banded symmetric C-ter BB,chain_pair,all,largest_cluster,1495000.0,1.0339443944704652e-05,1.4622181853997694e-05,1778.6775827723613,7150.970071685522,3783.6208029308486,0.8,8.0,8.0,100.0,96,140,3,partner_consecutive_v2
G2_Wcluster_alhx700,$\mathrm{Hel}_{50}$,Cter_symmetric_BB_contact_survival,symmetric_nac_bb,Any 1 banded symmetric C-ter BB,chain_pair,all,largest_cluster,1496000.0,1.0339443944704652e-05,1.4622181853997694e-05,1778.6775827723613,7150.970071685522,3783.6208029308486,0.8,8.0,8.0,100.0,96,140,3,partner_consecutive_v2
G2_Wcluster_alhx700,$\mathrm{Hel}_{50}$,Cter_symmetric_BB_contact_survival,symmetric_nac_bb,Any 1 banded symmetric C-ter BB,chain_pair,all,largest_cluster,1497000.0,1.0339443944704652e-05,1.4622181853997694e-05,1778.6775827723613,7150.970071685522,3783.6208029308486,0.8,8.0,8.0,100.0,96,140,3,partner_consecutive_v2
G2_Wcluster_alhx700,$\mathrm{Hel}_{50}$,Cter_symmetric_BB_contact_survival,symmetric_nac_bb,Any 1 banded symmetric C-ter BB,chain_pair,all,largest_cluster,1498000.0,1.0339443944704652e-05,1.4622181853997694e-05,1778.6775827723613,7150.970071685522,3783.6208029308486,0.8,8.0,8.0,100.0,96,140,3,partner_consecutive_v2
G2_Wcluster_alhx700,$\mathrm{Hel}_{50}$,Cter_symmetric_BB_contact_survival,symmetric_nac_bb,Any 1 banded symmetric C-ter BB,chain_pair,all,largest_cluster,1499000.0,1.0339443944704652e-05,1.4622181853997694e-05,1778.6775827723613,7150.970071685522,3783.6208029308486,0.8,8.0,8.0,100.0,96,140,3,partner_consecutive_v2
G2_Wcluster_alhx700,$\mathrm{Hel}_{50}$,Cter_symmetric_BB_contact_survival,symmetric_nac_bb,Any 1 banded symmetric C-ter BB,chain_pair,all,largest_cluster,1500000.0,1.0339443944704652e-05,1.4622181853997694e-05,1778.6775827723613,7150.970071685522,3783.6208029308486,0.8,8.0,8.0,100.0,96,140,3,partner_consecutive_v2
G2_Wcluster_alhx700,$\mathrm{Hel}_{50}$,Cter_symmetric_BB_contact_survival,symmetric_nac_bb,Any 1 banded symmetric C-ter BB,chain_pair,all,largest_cluster,1501000.0,1.0339443944704652e-05,1.4622181853997694e-05,1778.6775827723613,7150.970071685522,3783.6208029308486,0.8,8.0,8.0,100.0,96,140,3,partner_consecutive_v2
G2_Wcluster_alhx700,$\mathrm{Hel}_{50}$,Cter_symmetric_BB_contact_survival,symmetric_nac_bb,Any 1 banded symmetric C-ter BB,chain_pair,all,largest_cluster,1502000.0,1.0339443944704652e-05,1.4622181853997694e-05,1778.6775827723613,7150.970071685522,3783.6208029308486,0.8,8.0,8.0,100.0,96,140,3,partner_consecutive_v2
G2_Wcluster_alhx700,$\mathrm{Hel}_{50}$,Cter_symmetric_BB_contact_survival,symmetric_nac_bb,Any 1 banded symmetric C-ter BB,chain_pair,all,largest_cluster,1503000.0,1.0339443944704652e-05,1.4622181853997694e-05,1778.6775827723613,7150.970071685522,3783.6208029308486,0.8,8.0,8.0,100.0,96,140,3,partner_consecutive_v2
G2_Wcluster_alhx700,$\mathrm{Hel}_{50}$,Cter_symmetric_BB_contact_survival,symmetric_nac_bb,Any 1 banded symmetric C-ter BB,chain_pair,all,largest_cluster,1504000.0,1.0339443944704652e-05,1.4622181853997694e-05,1778.6775827723613,7150.970071685522,3783.6208029308486,0.8,8.0,8.0,100.0,96,140,3,partner_consecutive_v2
G2_Wcluster_alhx700,$\mathrm{Hel}_{50}$,Cter_symmetric_BB_contact_survival,symmetric_nac_bb,Any 1 banded symmetric C-ter BB,chain_pair,all,largest_cluster,1505000.0,1.0339443944704652e-05,1.4622181853997694e-05,1778.6775827723613,7150.970071685522,3783.6208029308486,0.8,8.0,8.0,100.0,96,140,3,partner_consecutive_v2
G2_Wcluster_alhx700,$\mathrm{Hel}_{50}$,Cter_symmetric_BB_contact_survival,symmetric_nac_bb,Any 1 banded symmetric C-ter BB,chain_pair,all,largest_cluster,1506000.0,1.0339443944704652e-05,1.4622181853997694e-05,1778.6775827723613,7150.970071685522,3783.6208029308486,0.8,8.0,8.0,100.0,96,140,3,partner_consecutive_v2
G2_Wcluster_alhx700,$\mathrm{Hel}_{50}$,Cter_symmetric_BB_contact_survival,symmetric_nac_bb,Any 1 banded symmetric C-ter BB,chain_pair,all,largest_cluster,1507000.0,1.0339443944704652e-05,1.4622181853997694e-05,1778.6775827723613,7150.970071685522,3783.6208029308486,0.8,8.0,8.0,100.0,96,140,3,partner_consecutive_v2
G2_Wcluster_alhx700,$\mathrm{Hel}_{50}$,Cter_symmetric_BB_contact_survival,symmetric_nac_bb,Any 1 banded symmetric C-ter BB,chain_pair,all,largest_cluster,1508000.0,1.0339443944704652e-05,1.4622181853997694e-05,1778.6775827723613,7150.970071685522,3783.6208029308486,0.8,8.0,8.0,100.0,96,140,3,partner_consecutive_v2
G2_Wcluster_alhx700,$\mathrm{Hel}_{50}$,Cter_symmetric_BB_contact_survival,symmetric_nac_bb,Any 1 banded symmetric C-ter BB,chain_pair,all,largest_cluster,1509000.0,1.0339443944704652e-05,1.4622181853997694e-05,1778.6775827723613,7150.970071685522,3783.6208029308486,0.8,8.0,8.0,100.0,96,140,3,partner_consecutive_v2
G2_Wcluster_alhx700,$\mathrm{Hel}_{50}$,Cter_symmetric_BB_contact_survival,symmetric_nac_bb,Any 1 banded symmetric C-ter BB,chain_pair,all,largest_cluster,1510000.0,1.0339443944704652e-05,1.4622181853997694e-05,1778.6775827723613,7150.970071685522,3783.6208029308486,0.8,8.0,8.0,100.0,96,140,3,partner_consecutive_v2
G2_Wcluster_alhx700,$\mathrm{Hel}_{50}$,Cter_symmetric_BB_contact_survival,symmetric_nac_bb,Any 1 banded symmetric C-ter BB,chain_pair,all,largest_cluster,1511000.0,1.0339443944704652e-05,1.4622181853997694e-05,1778.6775827723613,7150.970071685522,3783.6208029308486,0.8,8.0,8.0,100.0,96,140,3,partner_consecutive_v2
G2_Wcluster_alhx700,$\mathrm{Hel}_{50}$,Cter_symmetric_BB_contact_survival,symmetric_nac_bb,Any 1 banded symmetric C-ter BB,chain_pair,all,largest_cluster,1512000.0,1.0339443944704652e-05,1.4622181853997694e-05,1778.6775827723613,7150.970071685522,3783.6208029308486,0.8,8.0,8.0,100.0,96,140,3,partner_consecutive_v2
G2_Wcluster_alhx700,$\mathrm{Hel}_{50}$,Cter_symmetric_BB_contact_survival,symmetric_nac_bb,Any 1 banded symmetric C-ter BB,chain_pair,all,largest_cluster,1513000.0,1.0339443944704652e-05,1.4622181853997694e-05,1778.6775827723613,7150.970071685522,3783.6208029308486,0.8,8.0,8.0,100.0,96,140,3,partner_consecutive_v2
G2_Wcluster_alhx700,$\mathrm{Hel}_{50}$,Cter_symmetric_BB_contact_survival,symmetric_nac_bb,Any 1 banded symmetric C-ter BB,chain_pair,all,largest_cluster,1514000.0,1.0339443944704652e-05,1.4622181853997694e-05,1778.6775827723613,7150.970071685522,3783.6208029308486,0.8,8.0,8.0,100.0,96,140,3,partner_consecutive_v2
G2_Wcluster_alhx700,$\mathrm{Hel}_{50}$,Cter_symmetric_BB_contact_survival,symmetric_nac_bb,Any 1 banded symmetric C-ter BB,chain_pair,all,largest_cluster,1515000.0,1.0339443944704652e-05,1.4622181853997694e-05,1778.6775827723613,7150.970071685522,3783.6208029308486,0.8,8.0,8.0,100.0,96,140,3,partner_consecutive_v2
G2_Wcluster_alhx700,$\mathrm{Hel}_{50}$,Cter_symmetric_BB_contact_survival,symmetric_nac_bb,Any 1 banded symmetric C-ter BB,chain_pair,all,largest_cluster,1516000.0,1.0339443944704652e-05,1.4622181853997694e-05,1778.6775827723613,7150.970071685522,3783.6208029308486,0.8,8.0,8.0,100.0,96,140,3,partner_consecutive_v2
G2_Wcluster_alhx700,$\mathrm{Hel}_{50}$,Cter_symmetric_BB_contact_survival,symmetric_nac_bb,Any 1 banded symmetric C-ter BB,chain_pair,all,largest_cluster,1517000.0,1.0339443944704652e-05,1.4622181853997694e-05,1778.6775827723613,7150.970071685522,3783.6208029308486,0.8,8.0,8.0,100.0,96,140,3,partner_consecutive_v2
G2_Wcluster_alhx700,$\mathrm{Hel}_{50}$,Cter_symmetric_BB_contact_survival,symmetric_nac_bb,Any 1 banded symmetric C-ter BB,chain_pair,all,largest_cluster,1518000.0,1.0339443944704652e-05,1.4622181853997694e-05,1778.6775827723613,7150.970071685522,3783.6208029308486,0.8,8.0,8.0,100.0,96,140,3,partner_consecutive_v2
G2_Wcluster_alhx700,$\mathrm{Hel}_{50}$,Cter_symmetric_BB_contact_survival,symmetric_nac_bb,Any 1 banded symmetric C-ter BB,chain_pair,all,largest_cluster,1519000.0,1.0339443944704652e-05,1.4622181853997694e-05,1778.6775827723613,7150.970071685522,3783.6208029308486,0.8,8.0,8.0,100.0,96,140,3,partner_consecutive_v2
G2_Wcluster_alhx700,$\mathrm{Hel}_{50}$,Cter_symmetric_BB_contact_survival,symmetric_nac_bb,Any 1 banded symmetric C-ter BB,chain_pair,all,largest_cluster,1520000.0,1.0339443944704652e-05,1.4622181853997694e-05,1778.6775827723613,7150.970071685522,3783.6208029308486,0.8,8.0,8.0,100.0,96,140,3,partner_consecutive_v2
G2_Wcluster_alhx700,$\mathrm{Hel}_{50}$,Cter_symmetric_BB_contact_survival,symmetric_nac_bb,Any 1 banded symmetric C-ter BB,chain_pair,all,largest_cluster,1521000.0,1.0339443944704652e-05,1.4622181853997694e-05,1778.6775827723613,7150.970071685522,3783.6208029308486,0.8,8.0,8.0,100.0,96,140,3,partner_consecutive_v2
G2_Wcluster_alhx700,$\mathrm{Hel}_{50}$,Cter_symmetric_BB_contact_survival,symmetric_nac_bb,Any 1 banded symmetric C-ter BB,chain_pair,all,largest_cluster,1522000.0,1.0339443944704652e-05,1.4622181853997694e-05,1778.6775827723613,7150.970071685522,3783.6208029308486,0.8,8.0,8.0,100.0,96,140,3,partner_consecutive_v2
G2_Wcluster_alhx700,$\mathrm{Hel}_{50}$,Cter_symmetric_BB_contact_survival,symmetric_nac_bb,Any 1 banded symmetric C-ter BB,chain_pair,all,largest_cluster,1523000.0,1.0339443944704652e-05,1.4622181853997694e-05,1778.6775827723613,7150.970071685522,3783.6208029308486,0.8,8.0,8.0,100.0,96,140,3,partner_consecutive_v2
G2_Wcluster_alhx700,$\mathrm{Hel}_{50}$,Cter_symmetric_BB_contact_survival,symmetric_nac_bb,Any 1 banded symmetric C-ter BB,chain_pair,all,largest_cluster,1524000.0,1.0339443944704652e-05,1.4622181853997694e-05,1778.6775827723613,7150.970071685522,3783.6208029308486,0.8,8.0,8.0,100.0,96,140,3,partner_consecutive_v2
G2_Wcluster_alhx700,$\mathrm{Hel}_{50}$,Cter_symmetric_BB_contact_survival,symmetric_nac_bb,Any 1 banded symmetric C-ter BB,chain_pair,all,largest_cluster,1525000.0,1.0339443944704652e-05,1.4622181853997694e-05,1778.6775827723613,7150.970071685522,3783.6208029308486,0.8,8.0,8.0,100.0,96,140,3,partner_consecutive_v2
G2_Wcluster_alhx700,$\mathrm{Hel}_{50}$,Cter_symmetric_BB_contact_survival,symmetric_nac_bb,Any 1 banded symmetric C-ter BB,chain_pair,all,largest_cluster,1526000.0,1.0339443944704652e-05,1.4622181853997694e-05,1778.6775827723613,7150.970071685522,3783.6208029308486,0.8,8.0,8.0,100.0,96,140,3,partner_consecutive_v2
G2_Wcluster_alhx700,$\mathrm{Hel}_{50}$,Cter_symmetric_BB_contact_survival,symmetric_nac_bb,Any 1 banded symmetric C-ter BB,chain_pair,all,largest_cluster,1527000.0,1.0339443944704652e-05,1.4622181853997694e-05,1778.6775827723613,7150.970071685522,3783.6208029308486,0.8,8.0,8.0,100.0,96,140,3,partner_consecutive_v2
G2_Wcluster_alhx700,$\mathrm{Hel}_{50}$,Cter_symmetric_BB_contact_survival,symmetric_nac_bb,Any 1 banded symmetric C-ter BB,chain_pair,all,largest_cluster,1528000.0,1.0339443944704652e-05,1.4622181853997694e-05,1778.6775827723613,7150.970071685522,3783.6208029308486,0.8,8.0,8.0,100.0,96,140,3,partner_consecutive_v2
G2_Wcluster_alhx700,$\mathrm{Hel}_{50}$,Cter_symmetric_BB_contact_survival,symmetric_nac_bb,Any 1 banded symmetric C-ter BB,chain_pair,all,largest_cluster,1529000.0,1.0339443944704652e-05,1.4622181853997694e-05,1778.6775827723613,7150.970071685522,3783.6208029308486,0.8,8.0,8.0,100.0,96,140,3,partner_consecutive_v2
G2_Wcluster_alhx700,$\mathrm{Hel}_{50}$,Cter_symmetric_BB_contact_survival,symmetric_nac_bb,Any 1 banded symmetric C-ter BB,chain_pair,all,largest_cluster,1530000.0,1.0339443944704652e-05,1.4622181853997694e-05,1778.6775827723613,7150.970071685522,3783.6208029308486,0.8,8.0,8.0,100.0,96,140,3,partner_consecutive_v2
G2_Wcluster_alhx700,$\mathrm{Hel}_{50}$,Cter_symmetric_BB_contact_survival,symmetric_nac_bb,Any 1 banded symmetric C-ter BB,chain_pair,all,largest_cluster,1531000.0,1.0339443944704652e-05,1.4622181853997694e-05,1778.6775827723613,7150.970071685522,3783.6208029308486,0.8,8.0,8.0,100.0,96,140,3,partner_consecutive_v2
G2_Wcluster_alhx700,$\mathrm{Hel}_{50}$,Cter_symmetric_BB_contact_survival,symmetric_nac_bb,Any 1 banded symmetric C-ter BB,chain_pair,all,largest_cluster,1532000.0,1.0339443944704652e-05,1.4622181853997694e-05,1778.6775827723613,7150.970071685522,3783.6208029308486,0.8,8.0,8.0,100.0,96,140,3,partner_consecutive_v2
G2_Wcluster_alhx700,$\mathrm{Hel}_{50}$,Cter_symmetric_BB_contact_survival,symmetric_nac_bb,Any 1 banded symmetric C-ter BB,chain_pair,all,largest_cluster,1533000.0,1.0339443944704652e-05,1.4622181853997694e-05,1778.6775827723613,7150.970071685522,3783.6208029308486,0.8,8.0,8.0,100.0,96,140,3,partner_consecutive_v2
G2_Wcluster_alhx700,$\mathrm{Hel}_{50}$,Cter_symmetric_BB_contact_survival,symmetric_nac_bb,Any 1 banded symmetric C-ter BB,chain_pair,all,largest_cluster,1534000.0,1.0339443944704652e-05,1.4622181853997694e-05,1778.6775827723613,7150.970071685522,3783.6208029308486,0.8,8.0,8.0,100.0,96,140,3,partner_consecutive_v2
G2_Wcluster_alhx700,$\mathrm{Hel}_{50}$,Cter_symmetric_BB_contact_survival,symmetric_nac_bb,Any 1 banded symmetric C-ter BB,chain_pair,all,largest_cluster,1535000.0,1.0339443944704652e-05,1.4622181853997694e-05,1778.6775827723613,7150.970071685522,3783.6208029308486,0.8,8.0,8.0,100.0,96,140,3,partner_consecutive_v2
G2_Wcluster_alhx700,$\mathrm{Hel}_{50}$,Cter_symmetric_BB_contact_survival,symmetric_nac_bb,Any 1 banded symmetric C-ter BB,chain_pair,all,largest_cluster,1536000.0,1.0339443944704652e-05,1.4622181853997694e-05,1778.6775827723613,7150.970071685522,3783.6208029308486,0.8,8.0,8.0,100.0,96,140,3,partner_consecutive_v2
G2_Wcluster_alhx700,$\mathrm{Hel}_{50}$,Cter_symmetric_BB_contact_survival,symmetric_nac_bb,Any 1 banded symmetric C-ter BB,chain_pair,all,largest_cluster,1537000.0,1.0339443944704652e-05,1.4622181853997694e-05,1778.6775827723613,7150.970071685522,3783.6208029308486,0.8,8.0,8.0,100.0,96,140,3,partner_consecutive_v2
G2_Wcluster_alhx700,$\mathrm{Hel}_{50}$,Cter_symmetric_BB_contact_survival,symmetric_nac_bb,Any 1 banded symmetric C-ter BB,chain_pair,all,largest_cluster,1538000.0,1.0339443944704652e-05,1.4622181853997694e-05,1778.6775827723613,7150.970071685522,3783.6208029308486,0.8,8.0,8.0,100.0,96,140,3,partner_consecutive_v2
G2_Wcluster_alhx700,$\mathrm{Hel}_{50}$,Cter_symmetric_BB_contact_survival,symmetric_nac_bb,Any 1 banded symmetric C-ter BB,chain_pair,all,largest_cluster,1539000.0,1.0339443944704652e-05,1.4622181853997694e-05,1778.6775827723613,7150.970071685522,3783.6208029308486,0.8,8.0,8.0,100.0,96,140,3,partner_consecutive_v2
G2_Wcluster_alhx700,$\mathrm{Hel}_{50}$,Cter_symmetric_BB_contact_survival,symmetric_nac_bb,Any 1 banded symmetric C-ter BB,chain_pair,all,largest_cluster,1540000.0,1.0339443944704652e-05,1.4622181853997694e-05,1778.6775827723613,7150.970071685522,3783.6208029308486,0.8,8.0,8.0,100.0,96,140,3,partner_consecutive_v2
G2_Wcluster_alhx700,$\mathrm{Hel}_{50}$,Cter_symmetric_BB_contact_survival,symmetric_nac_bb,Any 1 banded symmetric C-ter BB,chain_pair,all,largest_cluster,1541000.0,1.0339443944704652e-05,1.4622181853997694e-05,1778.6775827723613,7150.970071685522,3783.6208029308486,0.8,8.0,8.0,100.0,96,140,3,partner_consecutive_v2
G2_Wcluster_alhx700,$\mathrm{Hel}_{50}$,Cter_symmetric_BB_contact_survival,symmetric_nac_bb,Any 1 banded symmetric C-ter BB,chain_pair,all,largest_cluster,1542000.0,1.0339443944704652e-05,1.4622181853997694e-05,1778.6775827723613,7150.970071685522,3783.6208029308486,0.8,8.0,8.0,100.0,96,140,3,partner_consecutive_v2
G2_Wcluster_alhx700,$\mathrm{Hel}_{50}$,Cter_symmetric_BB_contact_survival,symmetric_nac_bb,Any 1 banded symmetric C-ter BB,chain_pair,all,largest_cluster,1543000.0,1.0339443944704652e-05,1.4622181853997694e-05,1778.6775827723613,7150.970071685522,3783.6208029308486,0.8,8.0,8.0,100.0,96,140,3,partner_consecutive_v2
G2_Wcluster_alhx700,$\mathrm{Hel}_{50}$,Cter_symmetric_BB_contact_survival,symmetric_nac_bb,Any 1 banded symmetric C-ter BB,chain_pair,all,largest_cluster,1544000.0,1.0339443944704652e-05,1.4622181853997694e-05,1778.6775827723613,7150.970071685522,3783.6208029308486,0.8,8.0,8.0,100.0,96,140,3,partner_consecutive_v2
G2_Wcluster_alhx700,$\mathrm{Hel}_{50}$,Cter_symmetric_BB_contact_survival,symmetric_nac_bb,Any 1 banded symmetric C-ter BB,chain_pair,all,largest_cluster,1545000.0,1.0339443944704652e-05,1.4622181853997694e-05,1778.6775827723613,7150.970071685522,3783.6208029308486,0.8,8.0,8.0,100.0,96,140,3,partner_consecutive_v2
G2_Wcluster_alhx700,$\mathrm{Hel}_{50}$,Cter_symmetric_BB_contact_survival,symmetric_nac_bb,Any 1 banded symmetric C-ter BB,chain_pair,all,largest_cluster,1546000.0,1.0339443944704652e-05,1.4622181853997694e-05,1778.6775827723613,7150.970071685522,3783.6208029308486,0.8,8.0,8.0,100.0,96,140,3,partner_consecutive_v2
G2_Wcluster_alhx700,$\mathrm{Hel}_{50}$,Cter_symmetric_BB_contact_survival,symmetric_nac_bb,Any 1 banded symmetric C-ter BB,chain_pair,all,largest_cluster,1547000.0,1.0339443944704652e-05,1.4622181853997694e-05,1778.6775827723613,7150.970071685522,3783.6208029308486,0.8,8.0,8.0,100.0,96,140,3,partner_consecutive_v2
G2_Wcluster_alhx700,$\mathrm{Hel}_{50}$,Cter_symmetric_BB_contact_survival,symmetric_nac_bb,Any 1 banded symmetric C-ter BB,chain_pair,all,largest_cluster,1548000.0,1.0339443944704652e-05,1.4622181853997694e-05,1778.6775827723613,7150.970071685522,3783.6208029308486,0.8,8.0,8.0,100.0,96,140,3,partner_consecutive_v2
G2_Wcluster_alhx700,$\mathrm{Hel}_{50}$,Cter_symmetric_BB_contact_survival,symmetric_nac_bb,Any 1 banded symmetric C-ter BB,chain_pair,all,largest_cluster,1549000.0,1.0339443944704652e-05,1.4622181853997694e-05,1778.6775827723613,7150.970071685522,3783.6208029308486,0.8,8.0,8.0,100.0,96,140,3,partner_consecutive_v2
G2_Wcluster_alhx700,$\mathrm{Hel}_{50}$,Cter_symmetric_BB_contact_survival,symmetric_nac_bb,Any 1 banded symmetric C-ter BB,chain_pair,all,largest_cluster,1550000.0,1.0339443944704652e-05,1.4622181853997694e-05,1778.6775827723613,7150.970071685522,3783.6208029308486,0.8,8.0,8.0,100.0,96,140,3,partner_consecutive_v2
G2_Wcluster_alhx700,$\mathrm{Hel}_{50}$,Cter_symmetric_BB_contact_survival,symmetric_nac_bb,Any 1 banded symmetric C-ter BB,chain_pair,all,largest_cluster,1551000.0,1.0339443944704652e-05,1.4622181853997694e-05,1778.6775827723613,7150.970071685522,3783.6208029308486,0.8,8.0,8.0,100.0,96,140,3,partner_consecutive_v2
G2_Wcluster_alhx700,$\mathrm{Hel}_{50}$,Cter_symmetric_BB_contact_survival,symmetric_nac_bb,Any 1 banded symmetric C-ter BB,chain_pair,all,largest_cluster,1552000.0,1.0339443944704652e-05,1.4622181853997694e-05,1778.6775827723613,7150.970071685522,3783.6208029308486,0.8,8.0,8.0,100.0,96,140,3,partner_consecutive_v2
G2_Wcluster_alhx700,$\mathrm{Hel}_{50}$,Cter_symmetric_BB_contact_survival,symmetric_nac_bb,Any 1 banded symmetric C-ter BB,chain_pair,all,largest_cluster,1553000.0,1.0339443944704652e-05,1.4622181853997694e-05,1778.6775827723613,7150.970071685522,3783.6208029308486,0.8,8.0,8.0,100.0,96,140,3,partner_consecutive_v2
G2_Wcluster_alhx700,$\mathrm{Hel}_{50}$,Cter_symmetric_BB_contact_survival,symmetric_nac_bb,Any 1 banded symmetric C-ter BB,chain_pair,all,largest_cluster,1554000.0,1.0339443944704652e-05,1.4622181853997694e-05,1778.6775827723613,7150.970071685522,3783.6208029308486,0.8,8.0,8.0,100.0,96,140,3,partner_consecutive_v2
G2_Wcluster_alhx700,$\mathrm{Hel}_{50}$,Cter_symmetric_BB_contact_survival,symmetric_nac_bb,Any 1 banded symmetric C-ter BB,chain_pair,all,largest_cluster,1555000.0,1.0339443944704652e-05,1.4622181853997694e-05,1778.6775827723613,7150.970071685522,3783.6208029308486,0.8,8.0,8.0,100.0,96,140,3,partner_consecutive_v2
G2_Wcluster_alhx700,$\mathrm{Hel}_{50}$,Cter_symmetric_BB_contact_survival,symmetric_nac_bb,Any 1 banded symmetric C-ter BB,chain_pair,all,largest_cluster,1556000.0,1.0339443944704652e-05,1.4622181853997694e-05,1778.6775827723613,7150.970071685522,3783.6208029308486,0.8,8.0,8.0,100.0,96,140,3,partner_consecutive_v2
G2_Wcluster_alhx700,$\mathrm{Hel}_{50}$,Cter_symmetric_BB_contact_survival,symmetric_nac_bb,Any 1 banded symmetric C-ter BB,chain_pair,all,largest_cluster,1557000.0,1.0339443944704652e-05,1.4622181853997694e-05,1778.6775827723613,7150.970071685522,3783.6208029308486,0.8,8.0,8.0,100.0,96,140,3,partner_consecutive_v2
G2_Wcluster_alhx700,$\mathrm{Hel}_{50}$,Cter_symmetric_BB_contact_survival,symmetric_nac_bb,Any 1 banded symmetric C-ter BB,chain_pair,all,largest_cluster,1558000.0,1.0339443944704652e-05,1.4622181853997694e-05,1778.6775827723613,7150.970071685522,3783.6208029308486,0.8,8.0,8.0,100.0,96,140,3,partner_consecutive_v2
G2_Wcluster_alhx700,$\mathrm{Hel}_{50}$,Cter_symmetric_BB_contact_survival,symmetric_nac_bb,Any 1 banded symmetric C-ter BB,chain_pair,all,largest_cluster,1559000.0,1.0339443944704652e-05,1.4622181853997694e-05,1778.6775827723613,7150.970071685522,3783.6208029308486,0.8,8.0,8.0,100.0,96,140,3,partner_consecutive_v2
G2_Wcluster_alhx700,$\mathrm{Hel}_{50}$,Cter_symmetric_BB_contact_survival,symmetric_nac_bb,Any 1 banded symmetric C-ter BB,chain_pair,all,largest_cluster,1560000.0,1.0339443944704652e-05,1.4622181853997694e-05,1778.6775827723613,7150.970071685522,3783.6208029308486,0.8,8.0,8.0,100.0,96,140,3,partner_consecutive_v2
G2_Wcluster_alhx700,$\mathrm{Hel}_{50}$,Cter_symmetric_BB_contact_survival,symmetric_nac_bb,Any 1 banded symmetric C-ter BB,chain_pair,all,largest_cluster,1561000.0,1.0339443944704652e-05,1.4622181853997694e-05,1778.6775827723613,7150.970071685522,3783.6208029308486,0.8,8.0,8.0,100.0,96,140,3,partner_consecutive_v2
G2_Wcluster_alhx700,$\mathrm{Hel}_{50}$,Cter_symmetric_BB_contact_survival,symmetric_nac_bb,Any 1 banded symmetric C-ter BB,chain_pair,all,largest_cluster,1562000.0,1.0339443944704652e-05,1.4622181853997694e-05,1778.6775827723613,7150.970071685522,3783.6208029308486,0.8,8.0,8.0,100.0,96,140,3,partner_consecutive_v2
G2_Wcluster_alhx700,$\mathrm{Hel}_{50}$,Cter_symmetric_BB_contact_survival,symmetric_nac_bb,Any 1 banded symmetric C-ter BB,chain_pair,all,largest_cluster,1563000.0,1.0339443944704652e-05,1.4622181853997694e-05,1778.6775827723613,7150.970071685522,3783.6208029308486,0.8,8.0,8.0,100.0,96,140,3,partner_consecutive_v2
G2_Wcluster_alhx700,$\mathrm{Hel}_{50}$,Cter_symmetric_BB_contact_survival,symmetric_nac_bb,Any 1 banded symmetric C-ter BB,chain_pair,all,largest_cluster,1564000.0,1.0339443944704652e-05,1.4622181853997694e-05,1778.6775827723613,7150.970071685522,3783.6208029308486,0.8,8.0,8.0,100.0,96,140,3,partner_consecutive_v2
G2_Wcluster_alhx700,$\mathrm{Hel}_{50}$,Cter_symmetric_BB_contact_survival,symmetric_nac_bb,Any 1 banded symmetric C-ter BB,chain_pair,all,largest_cluster,1565000.0,1.0339443944704652e-05,1.4622181853997694e-05,1778.6775827723613,7150.970071685522,3783.6208029308486,0.8,8.0,8.0,100.0,96,140,3,partner_consecutive_v2
G2_Wcluster_alhx700,$\mathrm{Hel}_{50}$,Cter_symmetric_BB_contact_survival,symmetric_nac_bb,Any 1 banded symmetric C-ter BB,chain_pair,all,largest_cluster,1566000.0,1.0339443944704652e-05,1.4622181853997694e-05,1778.6775827723613,7150.970071685522,3783.6208029308486,0.8,8.0,8.0,100.0,96,140,3,partner_consecutive_v2
G2_Wcluster_alhx700,$\mathrm{Hel}_{50}$,Cter_symmetric_BB_contact_survival,symmetric_nac_bb,Any 1 banded symmetric C-ter BB,chain_pair,all,largest_cluster,1567000.0,1.0339443944704652e-05,1.4622181853997694e-05,1778.6775827723613,7150.970071685522,3783.6208029308486,0.8,8.0,8.0,100.0,96,140,3,partner_consecutive_v2
G2_Wcluster_alhx700,$\mathrm{Hel}_{50}$,Cter_symmetric_BB_contact_survival,symmetric_nac_bb,Any 1 banded symmetric C-ter BB,chain_pair,all,largest_cluster,1568000.0,1.0339443944704652e-05,1.4622181853997694e-05,1778.6775827723613,7150.970071685522,3783.6208029308486,0.8,8.0,8.0,100.0,96,140,3,partner_consecutive_v2
G2_Wcluster_alhx700,$\mathrm{Hel}_{50}$,Cter_symmetric_BB_contact_survival,symmetric_nac_bb,Any 1 banded symmetric C-ter BB,chain_pair,all,largest_cluster,1569000.0,1.0339443944704652e-05,1.4622181853997694e-05,1778.6775827723613,7150.970071685522,3783.6208029308486,0.8,8.0,8.0,100.0,96,140,3,partner_consecutive_v2
G2_Wcluster_alhx700,$\mathrm{Hel}_{50}$,Cter_symmetric_BB_contact_survival,symmetric_nac_bb,Any 1 banded symmetric C-ter BB,chain_pair,all,largest_cluster,1570000.0,1.0339443944704652e-05,1.4622181853997694e-05,1778.6775827723613,7150.970071685522,3783.6208029308486,0.8,8.0,8.0,100.0,96,140,3,partner_consecutive_v2
G2_Wcluster_alhx700,$\mathrm{Hel}_{50}$,Cter_symmetric_BB_contact_survival,symmetric_nac_bb,Any 1 banded symmetric C-ter BB,chain_pair,all,largest_cluster,1571000.0,1.0339443944704652e-05,1.4622181853997694e-05,1778.6775827723613,7150.970071685522,3783.6208029308486,0.8,8.0,8.0,100.0,96,140,3,partner_consecutive_v2
G2_Wcluster_alhx700,$\mathrm{Hel}_{50}$,Cter_symmetric_BB_contact_survival,symmetric_nac_bb,Any 1 banded symmetric C-ter BB,chain_pair,all,largest_cluster,1572000.0,1.0339443944704652e-05,1.4622181853997694e-05,1778.6775827723613,7150.970071685522,3783.6208029308486,0.8,8.0,8.0,100.0,96,140,3,partner_consecutive_v2
G2_Wcluster_alhx700,$\mathrm{Hel}_{50}$,Cter_symmetric_BB_contact_survival,symmetric_nac_bb,Any 1 banded symmetric C-ter BB,chain_pair,all,largest_cluster,1573000.0,1.0339443944704652e-05,1.4622181853997694e-05,1778.6775827723613,7150.970071685522,3783.6208029308486,0.8,8.0,8.0,100.0,96,140,3,partner_consecutive_v2
G2_Wcluster_alhx700,$\mathrm{Hel}_{50}$,Cter_symmetric_BB_contact_survival,symmetric_nac_bb,Any 1 banded symmetric C-ter BB,chain_pair,all,largest_cluster,1574000.0,1.0339443944704652e-05,1.4622181853997694e-05,1778.6775827723613,7150.970071685522,3783.6208029308486,0.8,8.0,8.0,100.0,96,140,3,partner_consecutive_v2
G2_Wcluster_alhx700,$\mathrm{Hel}_{50}$,Cter_symmetric_BB_contact_survival,symmetric_nac_bb,Any 1 banded symmetric C-ter BB,chain_pair,all,largest_cluster,1575000.0,1.0339443944704652e-05,1.4622181853997694e-05,1778.6775827723613,7150.970071685522,3783.6208029308486,0.8,8.0,8.0,100.0,96,140,3,partner_consecutive_v2
G2_Wcluster_alhx700,$\mathrm{Hel}_{50}$,Cter_symmetric_BB_contact_survival,symmetric_nac_bb,Any 1 banded symmetric C-ter BB,chain_pair,all,largest_cluster,1576000.0,1.0339443944704652e-05,1.4622181853997694e-05,1778.6775827723613,7150.970071685522,3783.6208029308486,0.8,8.0,8.0,100.0,96,140,3,partner_consecutive_v2
G2_Wcluster_alhx700,$\mathrm{Hel}_{50}$,Cter_symmetric_BB_contact_survival,symmetric_nac_bb,Any 1 banded symmetric C-ter BB,chain_pair,all,largest_cluster,1577000.0,1.0339443944704652e-05,1.4622181853997694e-05,1778.6775827723613,7150.970071685522,3783.6208029308486,0.8,8.0,8.0,100.0,96,140,3,partner_consecutive_v2
G2_Wcluster_alhx700,$\mathrm{Hel}_{50}$,Cter_symmetric_BB_contact_survival,symmetric_nac_bb,Any 1 banded symmetric C-ter BB,chain_pair,all,largest_cluster,1578000.0,1.0339443944704652e-05,1.4622181853997694e-05,1778.6775827723613,7150.970071685522,3783.6208029308486,0.8,8.0,8.0,100.0,96,140,3,partner_consecutive_v2
G2_Wcluster_alhx700,$\mathrm{Hel}_{50}$,Cter_symmetric_BB_contact_survival,symmetric_nac_bb,Any 1 banded symmetric C-ter BB,chain_pair,all,largest_cluster,1579000.0,1.0339443944704652e-05,1.4622181853997694e-05,1778.6775827723613,7150.970071685522,3783.6208029308486,0.8,8.0,8.0,100.0,96,140,3,partner_consecutive_v2
G2_Wcluster_alhx700,$\mathrm{Hel}_{50}$,Cter_symmetric_BB_contact_survival,symmetric_nac_bb,Any 1 banded symmetric C-ter BB,chain_pair,all,largest_cluster,1580000.0,1.0339443944704652e-05,1.4622181853997694e-05,1778.6775827723613,7150.970071685522,3783.6208029308486,0.8,8.0,8.0,100.0,96,140,3,partner_consecutive_v2
G2_Wcluster_alhx700,$\mathrm{Hel}_{50}$,Cter_symmetric_BB_contact_survival,symmetric_nac_bb,Any 1 banded symmetric C-ter BB,chain_pair,all,largest_cluster,1581000.0,1.0339443944704652e-05,1.4622181853997694e-05,1778.6775827723613,7150.970071685522,3783.6208029308486,0.8,8.0,8.0,100.0,96,140,3,partner_consecutive_v2
G2_Wcluster_alhx700,$\mathrm{Hel}_{50}$,Cter_symmetric_BB_contact_survival,symmetric_nac_bb,Any 1 banded symmetric C-ter BB,chain_pair,all,largest_cluster,1582000.0,1.0339443944704652e-05,1.4622181853997694e-05,1778.6775827723613,7150.970071685522,3783.6208029308486,0.8,8.0,8.0,100.0,96,140,3,partner_consecutive_v2
G2_Wcluster_alhx700,$\mathrm{Hel}_{50}$,Cter_symmetric_BB_contact_survival,symmetric_nac_bb,Any 1 banded symmetric C-ter BB,chain_pair,all,largest_cluster,1583000.0,1.0339443944704652e-05,1.4622181853997694e-05,1778.6775827723613,7150.970071685522,3783.6208029308486,0.8,8.0,8.0,100.0,96,140,3,partner_consecutive_v2
G2_Wcluster_alhx700,$\mathrm{Hel}_{50}$,Cter_symmetric_BB_contact_survival,symmetric_nac_bb,Any 1 banded symmetric C-ter BB,chain_pair,all,largest_cluster,1584000.0,1.0339443944704652e-05,1.4622181853997694e-05,1778.6775827723613,7150.970071685522,3783.6208029308486,0.8,8.0,8.0,100.0,96,140,3,partner_consecutive_v2
G2_Wcluster_alhx700,$\mathrm{Hel}_{50}$,Cter_symmetric_BB_contact_survival,symmetric_nac_bb,Any 1 banded symmetric C-ter BB,chain_pair,all,largest_cluster,1585000.0,1.0339443944704652e-05,1.4622181853997694e-05,1778.6775827723613,7150.970071685522,3783.6208029308486,0.8,8.0,8.0,100.0,96,140,3,partner_consecutive_v2
G2_Wcluster_alhx700,$\mathrm{Hel}_{50}$,Cter_symmetric_BB_contact_survival,symmetric_nac_bb,Any 1 banded symmetric C-ter BB,chain_pair,all,largest_cluster,1586000.0,1.0339443944704652e-05,1.4622181853997694e-05,1778.6775827723613,7150.970071685522,3783.6208029308486,0.8,8.0,8.0,100.0,96,140,3,partner_consecutive_v2
G2_Wcluster_alhx700,$\mathrm{Hel}_{50}$,Cter_symmetric_BB_contact_survival,symmetric_nac_bb,Any 1 banded symmetric C-ter BB,chain_pair,all,largest_cluster,1587000.0,1.0339443944704652e-05,1.4622181853997694e-05,1778.6775827723613,7150.970071685522,3783.6208029308486,0.8,8.0,8.0,100.0,96,140,3,partner_consecutive_v2
G2_Wcluster_alhx700,$\mathrm{Hel}_{50}$,Cter_symmetric_BB_contact_survival,symmetric_nac_bb,Any 1 banded symmetric C-ter BB,chain_pair,all,largest_cluster,1588000.0,1.0339443944704652e-05,1.4622181853997694e-05,1778.6775827723613,7150.970071685522,3783.6208029308486,0.8,8.0,8.0,100.0,96,140,3,partner_consecutive_v2
G2_Wcluster_alhx700,$\mathrm{Hel}_{50}$,Cter_symmetric_BB_contact_survival,symmetric_nac_bb,Any 1 banded symmetric C-ter BB,chain_pair,all,largest_cluster,1589000.0,1.0339443944704652e-05,1.4622181853997694e-05,1778.6775827723613,7150.970071685522,3783.6208029308486,0.8,8.0,8.0,100.0,96,140,3,partner_consecutive_v2
G2_Wcluster_alhx700,$\mathrm{Hel}_{50}$,Cter_symmetric_BB_contact_survival,symmetric_nac_bb,Any 1 banded symmetric C-ter BB,chain_pair,all,largest_cluster,1590000.0,1.0339443944704652e-05,1.4622181853997694e-05,1778.6775827723613,7150.970071685522,3783.6208029308486,0.8,8.0,8.0,100.0,96,140,3,partner_consecutive_v2
G2_Wcluster_alhx700,$\mathrm{Hel}_{50}$,Cter_symmetric_BB_contact_survival,symmetric_nac_bb,Any 1 banded symmetric C-ter BB,chain_pair,all,largest_cluster,1591000.0,1.0339443944704652e-05,1.4622181853997694e-05,1778.6775827723613,7150.970071685522,3783.6208029308486,0.8,8.0,8.0,100.0,96,140,3,partner_consecutive_v2
G2_Wcluster_alhx700,$\mathrm{Hel}_{50}$,Cter_symmetric_BB_contact_survival,symmetric_nac_bb,Any 1 banded symmetric C-ter BB,chain_pair,all,largest_cluster,1592000.0,1.0339443944704652e-05,1.4622181853997694e-05,1778.6775827723613,7150.970071685522,3783.6208029308486,0.8,8.0,8.0,100.0,96,140,3,partner_consecutive_v2
G2_Wcluster_alhx700,$\mathrm{Hel}_{50}$,Cter_symmetric_BB_contact_survival,symmetric_nac_bb,Any 1 banded symmetric C-ter BB,chain_pair,all,largest_cluster,1593000.0,1.0339443944704652e-05,1.4622181853997694e-05,1778.6775827723613,7150.970071685522,3783.6208029308486,0.8,8.0,8.0,100.0,96,140,3,partner_consecutive_v2
G2_Wcluster_alhx700,$\mathrm{Hel}_{50}$,Cter_symmetric_BB_contact_survival,symmetric_nac_bb,Any 1 banded symmetric C-ter BB,chain_pair,all,largest_cluster,1594000.0,1.0339443944704652e-05,1.4622181853997694e-05,1778.6775827723613,7150.970071685522,3783.6208029308486,0.8,8.0,8.0,100.0,96,140,3,partner_consecutive_v2
G2_Wcluster_alhx700,$\mathrm{Hel}_{50}$,Cter_symmetric_BB_contact_survival,symmetric_nac_bb,Any 1 banded symmetric C-ter BB,chain_pair,all,largest_cluster,1595000.0,1.0339443944704652e-05,1.4622181853997694e-05,1778.6775827723613,7150.970071685522,3783.6208029308486,0.8,8.0,8.0,100.0,96,140,3,partner_consecutive_v2
G2_Wcluster_alhx700,$\mathrm{Hel}_{50}$,Cter_symmetric_BB_contact_survival,symmetric_nac_bb,Any 1 banded symmetric C-ter BB,chain_pair,all,largest_cluster,1596000.0,1.0339443944704652e-05,1.4622181853997694e-05,1778.6775827723613,7150.970071685522,3783.6208029308486,0.8,8.0,8.0,100.0,96,140,3,partner_consecutive_v2
G2_Wcluster_alhx700,$\mathrm{Hel}_{50}$,Cter_symmetric_BB_contact_survival,symmetric_nac_bb,Any 1 banded symmetric C-ter BB,chain_pair,all,largest_cluster,1597000.0,1.0339443944704652e-05,1.4622181853997694e-05,1778.6775827723613,7150.970071685522,3783.6208029308486,0.8,8.0,8.0,100.0,96,140,3,partner_consecutive_v2
G2_Wcluster_alhx700,$\mathrm{Hel}_{50}$,Cter_symmetric_BB_contact_survival,symmetric_nac_bb,Any 1 banded symmetric C-ter BB,chain_pair,all,largest_cluster,1598000.0,1.0339443944704652e-05,1.4622181853997694e-05,1778.6775827723613,7150.970071685522,3783.6208029308486,0.8,8.0,8.0,100.0,96,140,3,partner_consecutive_v2
G2_Wcluster_alhx700,$\mathrm{Hel}_{50}$,Cter_symmetric_BB_contact_survival,symmetric_nac_bb,Any 1 banded symmetric C-ter BB,chain_pair,all,largest_cluster,1599000.0,1.0339443944704652e-05,1.4622181853997694e-05,1778.6775827723613,7150.970071685522,3783.6208029308486,0.8,8.0,8.0,100.0,96,140,3,partner_consecutive_v2
G2_Wcluster_alhx700,$\mathrm{Hel}_{50}$,Cter_symmetric_BB_contact_survival,symmetric_nac_bb,Any 1 banded symmetric C-ter BB,chain_pair,all,largest_cluster,1600000.0,1.0339443944704652e-05,1.4622181853997694e-05,1778.6775827723613,7150.970071685522,3783.6208029308486,0.8,8.0,8.0,100.0,96,140,3,partner_consecutive_v2
G2_Wcluster_alhx700,$\mathrm{Hel}_{50}$,Cter_symmetric_BB_contact_survival,symmetric_nac_bb,Any 1 banded symmetric C-ter BB,chain_pair,all,largest_cluster,1601000.0,1.0339443944704652e-05,1.4622181853997694e-05,1778.6775827723613,7150.970071685522,3783.6208029308486,0.8,8.0,8.0,100.0,96,140,3,partner_consecutive_v2
G3_Onmem_plus,$\mathrm{IDP}_{50}$-Mem,Cter_symmetric_BB_contact_survival,symmetric_nac_bb,Any 1 banded symmetric C-ter BB,chain_pair,last_40,largest_cluster,0.0,1.0,0.0,1719.8988125832366,6231.80348071466,3110.5314505882147,0.8,8.0,8.0,100.0,96,140,3,partner_consecutive_v2
G3_Onmem_plus,$\mathrm{IDP}_{50}$-Mem,Cter_symmetric_BB_contact_survival,symmetric_nac_bb,Any 1 banded symmetric C-ter BB,chain_pair,last_40,largest_cluster,1000.0,0.4973333634257815,0.006709589822310143,1719.8988125832366,6231.80348071466,3110.5314505882147,0.8,8.0,8.0,100.0,96,140,3,partner_consecutive_v2
G3_Onmem_plus,$\mathrm{IDP}_{50}$-Mem,Cter_symmetric_BB_contact_survival,symmetric_nac_bb,Any 1 banded symmetric C-ter BB,chain_pair,last_40,largest_cluster,2000.0,0.31751097729096434,0.006350427303649527,1719.8988125832366,6231.80348071466,3110.5314505882147,0.8,8.0,8.0,100.0,96,140,3,partner_consecutive_v2
G3_Onmem_plus,$\mathrm{IDP}_{50}$-Mem,Cter_symmetric_BB_contact_survival,symmetric_nac_bb,Any 1 banded symmetric C-ter BB,chain_pair,last_40,largest_cluster,3000.0,0.2239964825195974,0.0064107296599092475,1719.8988125832366,6231.80348071466,3110.5314505882147,0.8,8.0,8.0,100.0,96,140,3,partner_consecutive_v2
G3_Onmem_plus,$\mathrm{IDP}_{50}$-Mem,Cter_symmetric_BB_contact_survival,symmetric_nac_bb,Any 1 banded symmetric C-ter BB,chain_pair,last_40,largest_cluster,4000.0,0.1669329821501101,0.0067365736534271605,1719.8988125832366,6231.80348071466,3110.5314505882147,0.8,8.0,8.0,100.0,96,140,3,partner_consecutive_v2
G3_Onmem_plus,$\mathrm{IDP}_{50}$-Mem,Cter_symmetric_BB_contact_survival,symmetric_nac_bb,Any 1 banded symmetric C-ter BB,chain_pair,last_40,largest_cluster,5000.0,0.129418427039581,0.005603988240162258,1719.8988125832366,6231.80348071466,3110.5314505882147,0.8,8.0,8.0,100.0,96,140,3,partner_consecutive_v2
G3_Onmem_plus,$\mathrm{IDP}_{50}$-Mem,Cter_symmetric_BB_contact_survival,symmetric_nac_bb,Any 1 banded symmetric C-ter BB,chain_pair,last_40,largest_cluster,6000.0,0.1045416841430245,0.00456486775965976,1719.8988125832366,6231.80348071466,3110.5314505882147,0.8,8.0,8.0,100.0,96,140,3,partner_consecutive_v2
G3_Onmem_plus,$\mathrm{IDP}_{50}$-Mem,Cter_symmetric_BB_contact_survival,symmetric_nac_bb,Any 1 banded symmetric C-ter BB,chain_pair,last_40,largest_cluster,7000.0,0.08494886297820725,0.00416189317549635,1719.8988125832366,6231.80348071466,3110.5314505882147,0.8,8.0,8.0,100.0,96,140,3,partner_consecutive_v2
G3_Onmem_plus,$\mathrm{IDP}_{50}$-Mem,Cter_symmetric_BB_contact_survival,symmetric_nac_bb,Any 1 banded symmetric C-ter BB,chain_pair,last_40,largest_cluster,8000.0,0.07098160675395203,0.003169741381908591,1719.8988125832366,6231.80348071466,3110.5314505882147,0.8,8.0,8.0,100.0,96,140,3,partner_consecutive_v2
G3_Onmem_plus,$\mathrm{IDP}_{50}$-Mem,Cter_symmetric_BB_contact_survival,symmetric_nac_bb,Any 1 banded symmetric C-ter BB,chain_pair,last_40,largest_cluster,9000.0,0.05897550650326244,0.0023901703164252823,1719.8988125832366,6231.80348071466,3110.5314505882147,0.8,8.0,8.0,100.0,96,140,3,partner_consecutive_v2
G3_Onmem_plus,$\mathrm{IDP}_{50}$-Mem,Cter_symmetric_BB_contact_survival,symmetric_nac_bb,Any 1 banded symmetric C-ter BB,chain_pair,last_40,largest_cluster,10000.0,0.05038621870647877,0.002757850666271621,1719.8988125832366,6231.80348071466,3110.5314505882147,0.8,8.0,8.0,100.0,96,140,3,partner_consecutive_v2
G3_Onmem_plus,$\mathrm{IDP}_{50}$-Mem,Cter_symmetric_BB_contact_survival,symmetric_nac_bb,Any 1 banded symmetric C-ter BB,chain_pair,last_40,largest_cluster,11000.0,0.04307733377140011,0.002715034674084945,1719.8988125832366,6231.80348071466,3110.5314505882147,0.8,8.0,8.0,100.0,96,140,3,partner_consecutive_v2
G3_Onmem_plus,$\mathrm{IDP}_{50}$-Mem,Cter_symmetric_BB_contact_survival,symmetric_nac_bb,Any 1 banded symmetric C-ter BB,chain_pair,last_40,largest_cluster,12000.0,0.037084473750664114,0.002723002982552428,1719.8988125832366,6231.80348071466,3110.5314505882147,0.8,8.0,8.0,100.0,96,140,3,partner_consecutive_v2
G3_Onmem_plus,$\mathrm{IDP}_{50}$-Mem,Cter_symmetric_BB_contact_survival,symmetric_nac_bb,Any 1 banded symmetric C-ter BB,chain_pair,last_40,largest_cluster,13000.0,0.032207717630454824,0.002482127611662838,1719.8988125832366,6231.80348071466,3110.5314505882147,0.8,8.0,8.0,100.0,96,140,3,partner_consecutive_v2
G3_Onmem_plus,$\mathrm{IDP}_{50}$-Mem,Cter_symmetric_BB_contact_survival,symmetric_nac_bb,Any 1 banded symmetric C-ter BB,chain_pair,last_40,largest_cluster,14000.0,0.028120759923317782,0.002433614561232789,1719.8988125832366,6231.80348071466,3110.5314505882147,0.8,8.0,8.0,100.0,96,140,3,partner_consecutive_v2
G3_Onmem_plus,$\mathrm{IDP}_{50}$-Mem,Cter_symmetric_BB_contact_survival,symmetric_nac_bb,Any 1 banded symmetric C-ter BB,chain_pair,last_40,largest_cluster,15000.0,0.024572728880089243,0.0019470487178976596,1719.8988125832366,6231.80348071466,3110.5314505882147,0.8,8.0,8.0,100.0,96,140,3,partner_consecutive_v2
G3_Onmem_plus,$\mathrm{IDP}_{50}$-Mem,Cter_symmetric_BB_contact_survival,symmetric_nac_bb,Any 1 banded symmetric C-ter BB,chain_pair,last_40,largest_cluster,16000.0,0.02163554324877018,0.0017881455193735631,1719.8988125832366,6231.80348071466,3110.5314505882147,0.8,8.0,8.0,100.0,96,140,3,partner_consecutive_v2
G3_Onmem_plus,$\mathrm{IDP}_{50}$-Mem,Cter_symmetric_BB_contact_survival,symmetric_nac_bb,Any 1 banded symmetric C-ter BB,chain_pair,last_40,largest_cluster,17000.0,0.019081467231020843,0.0019152383506797926,1719.8988125832366,6231.80348071466,3110.5314505882147,0.8,8.0,8.0,100.0,96,140,3,partner_consecutive_v2
G3_Onmem_plus,$\mathrm{IDP}_{50}$-Mem,Cter_symmetric_BB_contact_survival,symmetric_nac_bb,Any 1 banded symmetric C-ter BB,chain_pair,last_40,largest_cluster,18000.0,0.016960258050192273,0.0017372373890251099,1719.8988125832366,6231.80348071466,3110.5314505882147,0.8,8.0,8.0,100.0,96,140,3,partner_consecutive_v2
G3_Onmem_plus,$\mathrm{IDP}_{50}$-Mem,Cter_symmetric_BB_contact_survival,symmetric_nac_bb,Any 1 banded symmetric C-ter BB,chain_pair,last_40,largest_cluster,19000.0,0.015125483825462185,0.001458494279635542,1719.8988125832366,6231.80348071466,3110.5314505882147,0.8,8.0,8.0,100.0,96,140,3,partner_consecutive_v2
G3_Onmem_plus,$\mathrm{IDP}_{50}$-Mem,Cter_symmetric_BB_contact_survival,symmetric_nac_bb,Any 1 banded symmetric C-ter BB,chain_pair,last_40,largest_cluster,20000.0,0.013522292141591835,0.0014533025135534303,1719.8988125832366,6231.80348071466,3110.5314505882147,0.8,8.0,8.0,100.0,96,140,3,partner_consecutive_v2
G3_Onmem_plus,$\mathrm{IDP}_{50}$-Mem,Cter_symmetric_BB_contact_survival,symmetric_nac_bb,Any 1 banded symmetric C-ter BB,chain_pair,last_40,largest_cluster,21000.0,0.012206640411527171,0.0013965802096590379,1719.8988125832366,6231.80348071466,3110.5314505882147,0.8,8.0,8.0,100.0,96,140,3,partner_consecutive_v2
G3_Onmem_plus,$\mathrm{IDP}_{50}$-Mem,Cter_symmetric_BB_contact_survival,symmetric_nac_bb,Any 1 banded symmetric C-ter BB,chain_pair,last_40,largest_cluster,22000.0,0.011051385404416763,0.001429318108857618,1719.8988125832366,6231.80348071466,3110.5314505882147,0.8,8.0,8.0,100.0,96,140,3,partner_consecutive_v2
G3_Onmem_plus,$\mathrm{IDP}_{50}$-Mem,Cter_symmetric_BB_contact_survival,symmetric_nac_bb,Any 1 banded symmetric C-ter BB,chain_pair,last_40,largest_cluster,23000.0,0.009973228384819476,0.0012518972180783111,1719.8988125832366,6231.80348071466,3110.5314505882147,0.8,8.0,8.0,100.0,96,140,3,partner_consecutive_v2
G3_Onmem_plus,$\mathrm{IDP}_{50}$-Mem,Cter_symmetric_BB_contact_survival,symmetric_nac_bb,Any 1 banded symmetric C-ter BB,chain_pair,last_40,largest_cluster,24000.0,0.008921234847513669,0.0011129327064212037,1719.8988125832366,6231.80348071466,3110.5314505882147,0.8,8.0,8.0,100.0,96,140,3,partner_consecutive_v2
G3_Onmem_plus,$\mathrm{IDP}_{50}$-Mem,Cter_symmetric_BB_contact_survival,symmetric_nac_bb,Any 1 banded symmetric C-ter BB,chain_pair,last_40,largest_cluster,25000.0,0.008083601186517518,0.0010428805787027855,1719.8988125832366,6231.80348071466,3110.5314505882147,0.8,8.0,8.0,100.0,96,140,3,partner_consecutive_v2
G3_Onmem_plus,$\mathrm{IDP}_{50}$-Mem,Cter_symmetric_BB_contact_survival,symmetric_nac_bb,Any 1 banded symmetric C-ter BB,chain_pair,last_40,largest_cluster,26000.0,0.007475927874402291,0.0009627131211046947,1719.8988125832366,6231.80348071466,3110.5314505882147,0.8,8.0,8.0,100.0,96,140,3,partner_consecutive_v2
G3_Onmem_plus,$\mathrm{IDP}_{50}$-Mem,Cter_symmetric_BB_contact_survival,symmetric_nac_bb,Any 1 banded symmetric C-ter BB,chain_pair,last_40,largest_cluster,27000.0,0.006838460073299478,0.0009969616762286332,1719.8988125832366,6231.80348071466,3110.5314505882147,0.8,8.0,8.0,100.0,96,140,3,partner_consecutive_v2
G3_Onmem_plus,$\mathrm{IDP}_{50}$-Mem,Cter_symmetric_BB_contact_survival,symmetric_nac_bb,Any 1 banded symmetric C-ter BB,chain_pair,last_40,largest_cluster,28000.0,0.006178230063983797,0.000895228529130841,1719.8988125832366,6231.80348071466,3110.5314505882147,0.8,8.0,8.0,100.0,96,140,3,partner_consecutive_v2
G3_Onmem_plus,$\mathrm{IDP}_{50}$-Mem,Cter_symmetric_BB_contact_survival,symmetric_nac_bb,Any 1 banded symmetric C-ter BB,chain_pair,last_40,largest_cluster,29000.0,0.005566193931743246,0.0009206094065610541,1719.8988125832366,6231.80348071466,3110.5314505882147,0.8,8.0,8.0,100.0,96,140,3,partner_consecutive_v2
G3_Onmem_plus,$\mathrm{IDP}_{50}$-Mem,Cter_symmetric_BB_contact_survival,symmetric_nac_bb,Any 1 banded symmetric C-ter BB,chain_pair,last_40,largest_cluster,30000.0,0.004910915104321618,0.000747661014468781,1719.8988125832366,6231.80348071466,3110.5314505882147,0.8,8.0,8.0,100.0,96,140,3,partner_consecutive_v2
G3_Onmem_plus,$\mathrm{IDP}_{50}$-Mem,Cter_symmetric_BB_contact_survival,symmetric_nac_bb,Any 1 banded symmetric C-ter BB,chain_pair,last_40,largest_cluster,31000.0,0.0046012013040717965,0.0006995275946336089,1719.8988125832366,6231.80348071466,3110.5314505882147,0.8,8.0,8.0,100.0,96,140,3,partner_consecutive_v2
G3_Onmem_plus,$\mathrm{IDP}_{50}$-Mem,Cter_symmetric_BB_contact_survival,symmetric_nac_bb,Any 1 banded symmetric C-ter BB,chain_pair,last_40,largest_cluster,32000.0,0.004146978156759971,0.0005929727023956076,1719.8988125832366,6231.80348071466,3110.5314505882147,0.8,8.0,8.0,100.0,96,140,3,partner_consecutive_v2
G3_Onmem_plus,$\mathrm{IDP}_{50}$-Mem,Cter_symmetric_BB_contact_survival,symmetric_nac_bb,Any 1 banded symmetric C-ter BB,chain_pair,last_40,largest_cluster,33000.0,0.003797423493740825,0.0005205892220014406,1719.8988125832366,6231.80348071466,3110.5314505882147,0.8,8.0,8.0,100.0,96,140,3,partner_consecutive_v2
G3_Onmem_plus,$\mathrm{IDP}_{50}$-Mem,Cter_symmetric_BB_contact_survival,symmetric_nac_bb,Any 1 banded symmetric C-ter BB,chain_pair,last_40,largest_cluster,34000.0,0.0035393765704749927,0.0005609366485551355,1719.8988125832366,6231.80348071466,3110.5314505882147,0.8,8.0,8.0,100.0,96,140,3,partner_consecutive_v2
G3_Onmem_plus,$\mathrm{IDP}_{50}$-Mem,Cter_symmetric_BB_contact_survival,symmetric_nac_bb,Any 1 banded symmetric C-ter BB,chain_pair,last_40,largest_cluster,35000.0,0.0032134739358851776,0.0005877751586627982,1719.8988125832366,6231.80348071466,3110.5314505882147,0.8,8.0,8.0,100.0,96,140,3,partner_consecutive_v2
G3_Onmem_plus,$\mathrm{IDP}_{50}$-Mem,Cter_symmetric_BB_contact_survival,symmetric_nac_bb,Any 1 banded symmetric C-ter BB,chain_pair,last_40,largest_cluster,36000.0,0.003067414681007737,0.0004959606409287482,1719.8988125832366,6231.80348071466,3110.5314505882147,0.8,8.0,8.0,100.0,96,140,3,partner_consecutive_v2
G3_Onmem_plus,$\mathrm{IDP}_{50}$-Mem,Cter_symmetric_BB_contact_survival,symmetric_nac_bb,Any 1 banded symmetric C-ter BB,chain_pair,last_40,largest_cluster,37000.0,0.0028639192728660313,0.0005208834674395156,1719.8988125832366,6231.80348071466,3110.5314505882147,0.8,8.0,8.0,100.0,96,140,3,partner_consecutive_v2
G3_Onmem_plus,$\mathrm{IDP}_{50}$-Mem,Cter_symmetric_BB_contact_survival,symmetric_nac_bb,Any 1 banded symmetric C-ter BB,chain_pair,last_40,largest_cluster,38000.0,0.0026879220773405065,0.0005104457709096595,1719.8988125832366,6231.80348071466,3110.5314505882147,0.8,8.0,8.0,100.0,96,140,3,partner_consecutive_v2
G3_Onmem_plus,$\mathrm{IDP}_{50}$-Mem,Cter_symmetric_BB_contact_survival,symmetric_nac_bb,Any 1 banded symmetric C-ter BB,chain_pair,last_40,largest_cluster,39000.0,0.00255420547261621,0.0004887473780208813,1719.8988125832366,6231.80348071466,3110.5314505882147,0.8,8.0,8.0,100.0,96,140,3,partner_consecutive_v2
G3_Onmem_plus,$\mathrm{IDP}_{50}$-Mem,Cter_symmetric_BB_contact_survival,symmetric_nac_bb,Any 1 banded symmetric C-ter BB,chain_pair,last_40,largest_cluster,40000.0,0.0024607746407694707,0.0004453036147473189,1719.8988125832366,6231.80348071466,3110.5314505882147,0.8,8.0,8.0,100.0,96,140,3,partner_consecutive_v2
G3_Onmem_plus,$\mathrm{IDP}_{50}$-Mem,Cter_symmetric_BB_contact_survival,symmetric_nac_bb,Any 1 banded symmetric C-ter BB,chain_pair,last_40,largest_cluster,41000.0,0.0023107974758749344,0.0004080846708056222,1719.8988125832366,6231.80348071466,3110.5314505882147,0.8,8.0,8.0,100.0,96,140,3,partner_consecutive_v2
G3_Onmem_plus,$\mathrm{IDP}_{50}$-Mem,Cter_symmetric_BB_contact_survival,symmetric_nac_bb,Any 1 banded symmetric C-ter BB,chain_pair,last_40,largest_cluster,42000.0,0.002160375400872165,0.0004264071669648593,1719.8988125832366,6231.80348071466,3110.5314505882147,0.8,8.0,8.0,100.0,96,140,3,partner_consecutive_v2
G3_Onmem_plus,$\mathrm{IDP}_{50}$-Mem,Cter_symmetric_BB_contact_survival,symmetric_nac_bb,Any 1 banded symmetric C-ter BB,chain_pair,last_40,largest_cluster,43000.0,0.0019036632079310327,0.0003169758665966159,1719.8988125832366,6231.80348071466,3110.5314505882147,0.8,8.0,8.0,100.0,96,140,3,partner_consecutive_v2
G3_Onmem_plus,$\mathrm{IDP}_{50}$-Mem,Cter_symmetric_BB_contact_survival,symmetric_nac_bb,Any 1 banded symmetric C-ter BB,chain_pair,last_40,largest_cluster,44000.0,0.001811710558069485,0.0002559715875566014,1719.8988125832366,6231.80348071466,3110.5314505882147,0.8,8.0,8.0,100.0,96,140,3,partner_consecutive_v2
G3_Onmem_plus,$\mathrm{IDP}_{50}$-Mem,Cter_symmetric_BB_contact_survival,symmetric_nac_bb,Any 1 banded symmetric C-ter BB,chain_pair,last_40,largest_cluster,45000.0,0.0017310672864841237,0.00022564669394459358,1719.8988125832366,6231.80348071466,3110.5314505882147,0.8,8.0,8.0,100.0,96,140,3,partner_consecutive_v2
G3_Onmem_plus,$\mathrm{IDP}_{50}$-Mem,Cter_symmetric_BB_contact_survival,symmetric_nac_bb,Any 1 banded symmetric C-ter BB,chain_pair,last_40,largest_cluster,46000.0,0.0016371198186989056,0.00016256210016074314,1719.8988125832366,6231.80348071466,3110.5314505882147,0.8,8.0,8.0,100.0,96,140,3,partner_consecutive_v2
G3_Onmem_plus,$\mathrm{IDP}_{50}$-Mem,Cter_symmetric_BB_contact_survival,symmetric_nac_bb,Any 1 banded symmetric C-ter BB,chain_pair,last_40,largest_cluster,47000.0,0.0014724320014495671,0.000187633681807007,1719.8988125832366,6231.80348071466,3110.5314505882147,0.8,8.0,8.0,100.0,96,140,3,partner_consecutive_v2
G3_Onmem_plus,$\mathrm{IDP}_{50}$-Mem,Cter_symmetric_BB_contact_survival,symmetric_nac_bb,Any 1 banded symmetric C-ter BB,chain_pair,last_40,largest_cluster,48000.0,0.0014026531980321588,0.0002393718600728011,1719.8988125832366,6231.80348071466,3110.5314505882147,0.8,8.0,8.0,100.0,96,140,3,partner_consecutive_v2
G3_Onmem_plus,$\mathrm{IDP}_{50}$-Mem,Cter_symmetric_BB_contact_survival,symmetric_nac_bb,Any 1 banded symmetric C-ter BB,chain_pair,last_40,largest_cluster,49000.0,0.0012939950778921385,0.00023013319794717126,1719.8988125832366,6231.80348071466,3110.5314505882147,0.8,8.0,8.0,100.0,96,140,3,partner_consecutive_v2
G3_Onmem_plus,$\mathrm{IDP}_{50}$-Mem,Cter_symmetric_BB_contact_survival,symmetric_nac_bb,Any 1 banded symmetric C-ter BB,chain_pair,last_40,largest_cluster,50000.0,0.0012015975179223576,0.00020784946760790443,1719.8988125832366,6231.80348071466,3110.5314505882147,0.8,8.0,8.0,100.0,96,140,3,partner_consecutive_v2
G3_Onmem_plus,$\mathrm{IDP}_{50}$-Mem,Cter_symmetric_BB_contact_survival,symmetric_nac_bb,Any 1 banded symmetric C-ter BB,chain_pair,last_40,largest_cluster,51000.0,0.0011057269580437151,0.00021171042999083918,1719.8988125832366,6231.80348071466,3110.5314505882147,0.8,8.0,8.0,100.0,96,140,3,partner_consecutive_v2
G3_Onmem_plus,$\mathrm{IDP}_{50}$-Mem,Cter_symmetric_BB_contact_survival,symmetric_nac_bb,Any 1 banded symmetric C-ter BB,chain_pair,last_40,largest_cluster,52000.0,0.0010369097006730193,0.00023121673263571486,1719.8988125832366,6231.80348071466,3110.5314505882147,0.8,8.0,8.0,100.0,96,140,3,partner_consecutive_v2
G3_Onmem_plus,$\mathrm{IDP}_{50}$-Mem,Cter_symmetric_BB_contact_survival,symmetric_nac_bb,Any 1 banded symmetric C-ter BB,chain_pair,last_40,largest_cluster,53000.0,0.0009263284884395744,0.00028429396637846187,1719.8988125832366,6231.80348071466,3110.5314505882147,0.8,8.0,8.0,100.0,96,140,3,partner_consecutive_v2
G3_Onmem_plus,$\mathrm{IDP}_{50}$-Mem,Cter_symmetric_BB_contact_survival,symmetric_nac_bb,Any 1 banded symmetric C-ter BB,chain_pair,last_40,largest_cluster,54000.0,0.0008870042616087289,0.00026632700971684046,1719.8988125832366,6231.80348071466,3110.5314505882147,0.8,8.0,8.0,100.0,96,140,3,partner_consecutive_v2
G3_Onmem_plus,$\mathrm{IDP}_{50}$-Mem,Cter_symmetric_BB_contact_survival,symmetric_nac_bb,Any 1 banded symmetric C-ter BB,chain_pair,last_40,largest_cluster,55000.0,0.0008343758385780265,0.00021895056589189927,1719.8988125832366,6231.80348071466,3110.5314505882147,0.8,8.0,8.0,100.0,96,140,3,partner_consecutive_v2
G3_Onmem_plus,$\mathrm{IDP}_{50}$-Mem,Cter_symmetric_BB_contact_survival,symmetric_nac_bb,Any 1 banded symmetric C-ter BB,chain_pair,last_40,largest_cluster,56000.0,0.0007679983092392344,0.0001882973967160307,1719.8988125832366,6231.80348071466,3110.5314505882147,0.8,8.0,8.0,100.0,96,140,3,partner_consecutive_v2
G3_Onmem_plus,$\mathrm{IDP}_{50}$-Mem,Cter_symmetric_BB_contact_survival,symmetric_nac_bb,Any 1 banded symmetric C-ter BB,chain_pair,last_40,largest_cluster,57000.0,0.0007144083401618198,0.0001740545470993534,1719.8988125832366,6231.80348071466,3110.5314505882147,0.8,8.0,8.0,100.0,96,140,3,partner_consecutive_v2
G3_Onmem_plus,$\mathrm{IDP}_{50}$-Mem,Cter_symmetric_BB_contact_survival,symmetric_nac_bb,Any 1 banded symmetric C-ter BB,chain_pair,last_40,largest_cluster,58000.0,0.0006180211443446979,0.00016517995359456163,1719.8988125832366,6231.80348071466,3110.5314505882147,0.8,8.0,8.0,100.0,96,140,3,partner_consecutive_v2
G3_Onmem_plus,$\mathrm{IDP}_{50}$-Mem,Cter_symmetric_BB_contact_survival,symmetric_nac_bb,Any 1 banded symmetric C-ter BB,chain_pair,last_40,largest_cluster,59000.0,0.0005900062957900389,0.00018426713892403507,1719.8988125832366,6231.80348071466,3110.5314505882147,0.8,8.0,8.0,100.0,96,140,3,partner_consecutive_v2
G3_Onmem_plus,$\mathrm{IDP}_{50}$-Mem,Cter_symmetric_BB_contact_survival,symmetric_nac_bb,Any 1 banded symmetric C-ter BB,chain_pair,last_40,largest_cluster,60000.0,0.0005501654330207144,0.00015533849936976747,1719.8988125832366,6231.80348071466,3110.5314505882147,0.8,8.0,8.0,100.0,96,140,3,partner_consecutive_v2
G3_Onmem_plus,$\mathrm{IDP}_{50}$-Mem,Cter_symmetric_BB_contact_survival,symmetric_nac_bb,Any 1 banded symmetric C-ter BB,chain_pair,last_40,largest_cluster,61000.0,0.0005118027522365812,0.0001020650313937439,1719.8988125832366,6231.80348071466,3110.5314505882147,0.8,8.0,8.0,100.0,96,140,3,partner_consecutive_v2
G3_Onmem_plus,$\mathrm{IDP}_{50}$-Mem,Cter_symmetric_BB_contact_survival,symmetric_nac_bb,Any 1 banded symmetric C-ter BB,chain_pair,last_40,largest_cluster,62000.0,0.0004837879036819221,0.00012129390785060469,1719.8988125832366,6231.80348071466,3110.5314505882147,0.8,8.0,8.0,100.0,96,140,3,partner_consecutive_v2
G3_Onmem_plus,$\mathrm{IDP}_{50}$-Mem,Cter_symmetric_BB_contact_survival,symmetric_nac_bb,Any 1 banded symmetric C-ter BB,chain_pair,last_40,largest_cluster,63000.0,0.0004710003434205444,0.00010360007858081315,1719.8988125832366,6231.80348071466,3110.5314505882147,0.8,8.0,8.0,100.0,96,140,3,partner_consecutive_v2
G3_Onmem_plus,$\mathrm{IDP}_{50}$-Mem,Cter_symmetric_BB_contact_survival,symmetric_nac_bb,Any 1 banded symmetric C-ter BB,chain_pair,last_40,largest_cluster,64000.0,0.0004582127831591666,8.606873574059164e-05,1719.8988125832366,6231.80348071466,3110.5314505882147,0.8,8.0,8.0,100.0,96,140,3,partner_consecutive_v2
G3_Onmem_plus,$\mathrm{IDP}_{50}$-Mem,Cter_symmetric_BB_contact_survival,symmetric_nac_bb,Any 1 banded symmetric C-ter BB,chain_pair,last_40,largest_cluster,65000.0,0.00044394704091259757,9.31539418500665e-05,1719.8988125832366,6231.80348071466,3110.5314505882147,0.8,8.0,8.0,100.0,96,140,3,partner_consecutive_v2
G3_Onmem_plus,$\mathrm{IDP}_{50}$-Mem,Cter_symmetric_BB_contact_survival,symmetric_nac_bb,Any 1 banded symmetric C-ter BB,chain_pair,last_40,largest_cluster,66000.0,0.00042968129866602844,0.00010373780458352459,1719.8988125832366,6231.80348071466,3110.5314505882147,0.8,8.0,8.0,100.0,96,140,3,partner_consecutive_v2
G3_Onmem_plus,$\mathrm{IDP}_{50}$-Mem,Cter_symmetric_BB_contact_survival,symmetric_nac_bb,Any 1 banded symmetric C-ter BB,chain_pair,last_40,largest_cluster,67000.0,0.0004154155564194593,0.00011687366223745912,1719.8988125832366,6231.80348071466,3110.5314505882147,0.8,8.0,8.0,100.0,96,140,3,partner_consecutive_v2
G3_Onmem_plus,$\mathrm{IDP}_{50}$-Mem,Cter_symmetric_BB_contact_survival,symmetric_nac_bb,Any 1 banded symmetric C-ter BB,chain_pair,last_40,largest_cluster,68000.0,0.00038740070786480034,0.0001362804100967227,1719.8988125832366,6231.80348071466,3110.5314505882147,0.8,8.0,8.0,100.0,96,140,3,partner_consecutive_v2
G3_Onmem_plus,$\mathrm{IDP}_{50}$-Mem,Cter_symmetric_BB_contact_survival,symmetric_nac_bb,Any 1 banded symmetric C-ter BB,chain_pair,last_40,largest_cluster,69000.0,0.00038740070786480034,0.0001362804100967227,1719.8988125832366,6231.80348071466,3110.5314505882147,0.8,8.0,8.0,100.0,96,140,3,partner_consecutive_v2
G3_Onmem_plus,$\mathrm{IDP}_{50}$-Mem,Cter_symmetric_BB_contact_survival,symmetric_nac_bb,Any 1 banded symmetric C-ter BB,chain_pair,last_40,largest_cluster,70000.0,0.00036086404129533257,0.00012528251298940193,1719.8988125832366,6231.80348071466,3110.5314505882147,0.8,8.0,8.0,100.0,96,140,3,partner_consecutive_v2
G3_Onmem_plus,$\mathrm{IDP}_{50}$-Mem,Cter_symmetric_BB_contact_survival,symmetric_nac_bb,Any 1 banded symmetric C-ter BB,chain_pair,last_40,largest_cluster,71000.0,0.00034711493498724267,0.00013437748034237834,1719.8988125832366,6231.80348071466,3110.5314505882147,0.8,8.0,8.0,100.0,96,140,3,partner_consecutive_v2
G3_Onmem_plus,$\mathrm{IDP}_{50}$-Mem,Cter_symmetric_BB_contact_survival,symmetric_nac_bb,Any 1 banded symmetric C-ter BB,chain_pair,last_40,largest_cluster,72000.0,0.0003333658286791526,0.00014551652168217028,1719.8988125832366,6231.80348071466,3110.5314505882147,0.8,8.0,8.0,100.0,96,140,3,partner_consecutive_v2
G3_Onmem_plus,$\mathrm{IDP}_{50}$-Mem,Cter_symmetric_BB_contact_survival,symmetric_nac_bb,Any 1 banded symmetric C-ter BB,chain_pair,last_40,largest_cluster,73000.0,0.00031961672237106265,0.0001582686344127396,1719.8988125832366,6231.80348071466,3110.5314505882147,0.8,8.0,8.0,100.0,96,140,3,partner_consecutive_v2
G3_Onmem_plus,$\mathrm{IDP}_{50}$-Mem,Cter_symmetric_BB_contact_survival,symmetric_nac_bb,Any 1 banded symmetric C-ter BB,chain_pair,last_40,largest_cluster,74000.0,0.00029256341986311587,0.00014713708391388567,1719.8988125832366,6231.80348071466,3110.5314505882147,0.8,8.0,8.0,100.0,96,140,3,partner_consecutive_v2
G3_Onmem_plus,$\mathrm{IDP}_{50}$-Mem,Cter_symmetric_BB_contact_survival,symmetric_nac_bb,Any 1 banded symmetric C-ter BB,chain_pair,last_40,largest_cluster,75000.0,0.00029256341986311587,0.00014713708391388567,1719.8988125832366,6231.80348071466,3110.5314505882147,0.8,8.0,8.0,100.0,96,140,3,partner_consecutive_v2
G3_Onmem_plus,$\mathrm{IDP}_{50}$-Mem,Cter_symmetric_BB_contact_survival,symmetric_nac_bb,Any 1 banded symmetric C-ter BB,chain_pair,last_40,largest_cluster,76000.0,0.00026602675329364815,0.00014226214858194797,1719.8988125832366,6231.80348071466,3110.5314505882147,0.8,8.0,8.0,100.0,96,140,3,partner_consecutive_v2
G3_Onmem_plus,$\mathrm{IDP}_{50}$-Mem,Cter_symmetric_BB_contact_survival,symmetric_nac_bb,Any 1 banded symmetric C-ter BB,chain_pair,last_40,largest_cluster,77000.0,0.0002522776469855582,0.00015661791836975254,1719.8988125832366,6231.80348071466,3110.5314505882147,0.8,8.0,8.0,100.0,96,140,3,partner_consecutive_v2
G3_Onmem_plus,$\mathrm{IDP}_{50}$-Mem,Cter_symmetric_BB_contact_survival,symmetric_nac_bb,Any 1 banded symmetric C-ter BB,chain_pair,last_40,largest_cluster,78000.0,0.0002522776469855582,0.00015661791836975254,1719.8988125832366,6231.80348071466,3110.5314505882147,0.8,8.0,8.0,100.0,96,140,3,partner_consecutive_v2
G3_Onmem_plus,$\mathrm{IDP}_{50}$-Mem,Cter_symmetric_BB_contact_survival,symmetric_nac_bb,Any 1 banded symmetric C-ter BB,chain_pair,last_40,largest_cluster,79000.0,0.0002522776469855582,0.00015661791836975254,1719.8988125832366,6231.80348071466,3110.5314505882147,0.8,8.0,8.0,100.0,96,140,3,partner_consecutive_v2
G3_Onmem_plus,$\mathrm{IDP}_{50}$-Mem,Cter_symmetric_BB_contact_survival,symmetric_nac_bb,Any 1 banded symmetric C-ter BB,chain_pair,last_40,largest_cluster,80000.0,0.00023949008672418043,0.00013976653662676767,1719.8988125832366,6231.80348071466,3110.5314505882147,0.8,8.0,8.0,100.0,96,140,3,partner_consecutive_v2
G3_Onmem_plus,$\mathrm{IDP}_{50}$-Mem,Cter_symmetric_BB_contact_survival,symmetric_nac_bb,Any 1 banded symmetric C-ter BB,chain_pair,last_40,largest_cluster,81000.0,0.00023949008672418043,0.00013976653662676767,1719.8988125832366,6231.80348071466,3110.5314505882147,0.8,8.0,8.0,100.0,96,140,3,partner_consecutive_v2
G3_Onmem_plus,$\mathrm{IDP}_{50}$-Mem,Cter_symmetric_BB_contact_survival,symmetric_nac_bb,Any 1 banded symmetric C-ter BB,chain_pair,last_40,largest_cluster,82000.0,0.0002267025264628027,0.00012326509626233286,1719.8988125832366,6231.80348071466,3110.5314505882147,0.8,8.0,8.0,100.0,96,140,3,partner_consecutive_v2
G3_Onmem_plus,$\mathrm{IDP}_{50}$-Mem,Cter_symmetric_BB_contact_survival,symmetric_nac_bb,Any 1 banded symmetric C-ter BB,chain_pair,last_40,largest_cluster,83000.0,0.0002267025264628027,0.00012326509626233286,1719.8988125832366,6231.80348071466,3110.5314505882147,0.8,8.0,8.0,100.0,96,140,3,partner_consecutive_v2
G3_Onmem_plus,$\mathrm{IDP}_{50}$-Mem,Cter_symmetric_BB_contact_survival,symmetric_nac_bb,Any 1 banded symmetric C-ter BB,chain_pair,last_40,largest_cluster,84000.0,0.0002267025264628027,0.00012326509626233286,1719.8988125832366,6231.80348071466,3110.5314505882147,0.8,8.0,8.0,100.0,96,140,3,partner_consecutive_v2
G3_Onmem_plus,$\mathrm{IDP}_{50}$-Mem,Cter_symmetric_BB_contact_survival,symmetric_nac_bb,Any 1 banded symmetric C-ter BB,chain_pair,last_40,largest_cluster,85000.0,0.0002267025264628027,0.00012326509626233286,1719.8988125832366,6231.80348071466,3110.5314505882147,0.8,8.0,8.0,100.0,96,140,3,partner_consecutive_v2
G3_Onmem_plus,$\mathrm{IDP}_{50}$-Mem,Cter_symmetric_BB_contact_survival,symmetric_nac_bb,Any 1 banded symmetric C-ter BB,chain_pair,last_40,largest_cluster,86000.0,0.0002267025264628027,0.00012326509626233286,1719.8988125832366,6231.80348071466,3110.5314505882147,0.8,8.0,8.0,100.0,96,140,3,partner_consecutive_v2
G3_Onmem_plus,$\mathrm{IDP}_{50}$-Mem,Cter_symmetric_BB_contact_survival,symmetric_nac_bb,Any 1 banded symmetric C-ter BB,chain_pair,last_40,largest_cluster,87000.0,0.0002267025264628027,0.00012326509626233286,1719.8988125832366,6231.80348071466,3110.5314505882147,0.8,8.0,8.0,100.0,96,140,3,partner_consecutive_v2
G3_Onmem_plus,$\mathrm{IDP}_{50}$-Mem,Cter_symmetric_BB_contact_survival,symmetric_nac_bb,Any 1 banded symmetric C-ter BB,chain_pair,last_40,largest_cluster,88000.0,0.0002267025264628027,0.00012326509626233286,1719.8988125832366,6231.80348071466,3110.5314505882147,0.8,8.0,8.0,100.0,96,140,3,partner_consecutive_v2
G3_Onmem_plus,$\mathrm{IDP}_{50}$-Mem,Cter_symmetric_BB_contact_survival,symmetric_nac_bb,Any 1 banded symmetric C-ter BB,chain_pair,last_40,largest_cluster,89000.0,0.0002267025264628027,0.00012326509626233286,1719.8988125832366,6231.80348071466,3110.5314505882147,0.8,8.0,8.0,100.0,96,140,3,partner_consecutive_v2
G3_Onmem_plus,$\mathrm{IDP}_{50}$-Mem,Cter_symmetric_BB_contact_survival,symmetric_nac_bb,Any 1 banded symmetric C-ter BB,chain_pair,last_40,largest_cluster,90000.0,0.000213914966201425,0.00010727520655881415,1719.8988125832366,6231.80348071466,3110.5314505882147,0.8,8.0,8.0,100.0,96,140,3,partner_consecutive_v2
G3_Onmem_plus,$\mathrm{IDP}_{50}$-Mem,Cter_symmetric_BB_contact_survival,symmetric_nac_bb,Any 1 banded symmetric C-ter BB,chain_pair,last_40,largest_cluster,91000.0,0.00019964922395485592,0.00010914651726732781,1719.8988125832366,6231.80348071466,3110.5314505882147,0.8,8.0,8.0,100.0,96,140,3,partner_consecutive_v2
G3_Onmem_plus,$\mathrm{IDP}_{50}$-Mem,Cter_symmetric_BB_contact_survival,symmetric_nac_bb,Any 1 banded symmetric C-ter BB,chain_pair,last_40,largest_cluster,92000.0,0.00019964922395485592,0.00010914651726732781,1719.8988125832366,6231.80348071466,3110.5314505882147,0.8,8.0,8.0,100.0,96,140,3,partner_consecutive_v2
G3_Onmem_plus,$\mathrm{IDP}_{50}$-Mem,Cter_symmetric_BB_contact_survival,symmetric_nac_bb,Any 1 banded symmetric C-ter BB,chain_pair,last_40,largest_cluster,93000.0,0.00018686166369347819,9.228156332503284e-05,1719.8988125832366,6231.80348071466,3110.5314505882147,0.8,8.0,8.0,100.0,96,140,3,partner_consecutive_v2
G3_Onmem_plus,$\mathrm{IDP}_{50}$-Mem,Cter_symmetric_BB_contact_survival,symmetric_nac_bb,Any 1 banded symmetric C-ter BB,chain_pair,last_40,largest_cluster,94000.0,0.00018686166369347819,9.228156332503284e-05,1719.8988125832366,6231.80348071466,3110.5314505882147,0.8,8.0,8.0,100.0,96,140,3,partner_consecutive_v2
G3_Onmem_plus,$\mathrm{IDP}_{50}$-Mem,Cter_symmetric_BB_contact_survival,symmetric_nac_bb,Any 1 banded symmetric C-ter BB,chain_pair,last_40,largest_cluster,95000.0,0.00018686166369347819,9.228156332503284e-05,1719.8988125832366,6231.80348071466,3110.5314505882147,0.8,8.0,8.0,100.0,96,140,3,partner_consecutive_v2
G3_Onmem_plus,$\mathrm{IDP}_{50}$-Mem,Cter_symmetric_BB_contact_survival,symmetric_nac_bb,Any 1 banded symmetric C-ter BB,chain_pair,last_40,largest_cluster,96000.0,0.0001731125573853882,0.00010846137305537315,1719.8988125832366,6231.80348071466,3110.5314505882147,0.8,8.0,8.0,100.0,96,140,3,partner_consecutive_v2
G3_Onmem_plus,$\mathrm{IDP}_{50}$-Mem,Cter_symmetric_BB_contact_survival,symmetric_nac_bb,Any 1 banded symmetric C-ter BB,chain_pair,last_40,largest_cluster,97000.0,0.0001731125573853882,0.00010846137305537315,1719.8988125832366,6231.80348071466,3110.5314505882147,0.8,8.0,8.0,100.0,96,140,3,partner_consecutive_v2
G3_Onmem_plus,$\mathrm{IDP}_{50}$-Mem,Cter_symmetric_BB_contact_survival,symmetric_nac_bb,Any 1 banded symmetric C-ter BB,chain_pair,last_40,largest_cluster,98000.0,0.0001731125573853882,0.00010846137305537315,1719.8988125832366,6231.80348071466,3110.5314505882147,0.8,8.0,8.0,100.0,96,140,3,partner_consecutive_v2
G3_Onmem_plus,$\mathrm{IDP}_{50}$-Mem,Cter_symmetric_BB_contact_survival,symmetric_nac_bb,Any 1 banded symmetric C-ter BB,chain_pair,last_40,largest_cluster,99000.0,0.00014605925487744137,9.362854912220835e-05,1719.8988125832366,6231.80348071466,3110.5314505882147,0.8,8.0,8.0,100.0,96,140,3,partner_consecutive_v2
G3_Onmem_plus,$\mathrm{IDP}_{50}$-Mem,Cter_symmetric_BB_contact_survival,symmetric_nac_bb,Any 1 banded symmetric C-ter BB,chain_pair,last_40,largest_cluster,100000.0,0.00014605925487744137,9.362854912220835e-05,1719.8988125832366,6231.80348071466,3110.5314505882147,0.8,8.0,8.0,100.0,96,140,3,partner_consecutive_v2
G3_Onmem_plus,$\mathrm{IDP}_{50}$-Mem,Cter_symmetric_BB_contact_survival,symmetric_nac_bb,Any 1 banded symmetric C-ter BB,chain_pair,last_40,largest_cluster,101000.0,0.00013327169461606363,7.720699683415699e-05,1719.8988125832366,6231.80348071466,3110.5314505882147,0.8,8.0,8.0,100.0,96,140,3,partner_consecutive_v2
G3_Onmem_plus,$\mathrm{IDP}_{50}$-Mem,Cter_symmetric_BB_contact_survival,symmetric_nac_bb,Any 1 banded symmetric C-ter BB,chain_pair,last_40,largest_cluster,102000.0,0.00012048413435468589,6.172213783824034e-05,1719.8988125832366,6231.80348071466,3110.5314505882147,0.8,8.0,8.0,100.0,96,140,3,partner_consecutive_v2
G3_Onmem_plus,$\mathrm{IDP}_{50}$-Mem,Cter_symmetric_BB_contact_survival,symmetric_nac_bb,Any 1 banded symmetric C-ter BB,chain_pair,last_40,largest_cluster,103000.0,0.00012048413435468589,6.172213783824034e-05,1719.8988125832366,6231.80348071466,3110.5314505882147,0.8,8.0,8.0,100.0,96,140,3,partner_consecutive_v2
G3_Onmem_plus,$\mathrm{IDP}_{50}$-Mem,Cter_symmetric_BB_contact_survival,symmetric_nac_bb,Any 1 banded symmetric C-ter BB,chain_pair,last_40,largest_cluster,104000.0,0.00012048413435468589,6.172213783824034e-05,1719.8988125832366,6231.80348071466,3110.5314505882147,0.8,8.0,8.0,100.0,96,140,3,partner_consecutive_v2
G3_Onmem_plus,$\mathrm{IDP}_{50}$-Mem,Cter_symmetric_BB_contact_survival,symmetric_nac_bb,Any 1 banded symmetric C-ter BB,chain_pair,last_40,largest_cluster,105000.0,0.00012048413435468589,6.172213783824034e-05,1719.8988125832366,6231.80348071466,3110.5314505882147,0.8,8.0,8.0,100.0,96,140,3,partner_consecutive_v2
G3_Onmem_plus,$\mathrm{IDP}_{50}$-Mem,Cter_symmetric_BB_contact_survival,symmetric_nac_bb,Any 1 banded symmetric C-ter BB,chain_pair,last_40,largest_cluster,106000.0,0.00010621839210811681,6.317460788009609e-05,1719.8988125832366,6231.80348071466,3110.5314505882147,0.8,8.0,8.0,100.0,96,140,3,partner_consecutive_v2
G3_Onmem_plus,$\mathrm{IDP}_{50}$-Mem,Cter_symmetric_BB_contact_survival,symmetric_nac_bb,Any 1 banded symmetric C-ter BB,chain_pair,last_40,largest_cluster,107000.0,9.195264986154772e-05,7.061505129692426e-05,1719.8988125832366,6231.80348071466,3110.5314505882147,0.8,8.0,8.0,100.0,96,140,3,partner_consecutive_v2
G3_Onmem_plus,$\mathrm{IDP}_{50}$-Mem,Cter_symmetric_BB_contact_survival,symmetric_nac_bb,Any 1 banded symmetric C-ter BB,chain_pair,last_40,largest_cluster,108000.0,9.195264986154772e-05,7.061505129692426e-05,1719.8988125832366,6231.80348071466,3110.5314505882147,0.8,8.0,8.0,100.0,96,140,3,partner_consecutive_v2
G3_Onmem_plus,$\mathrm{IDP}_{50}$-Mem,Cter_symmetric_BB_contact_survival,symmetric_nac_bb,Any 1 banded symmetric C-ter BB,chain_pair,last_40,largest_cluster,109000.0,9.195264986154772e-05,7.061505129692426e-05,1719.8988125832366,6231.80348071466,3110.5314505882147,0.8,8.0,8.0,100.0,96,140,3,partner_consecutive_v2
G3_Onmem_plus,$\mathrm{IDP}_{50}$-Mem,Cter_symmetric_BB_contact_survival,symmetric_nac_bb,Any 1 banded symmetric C-ter BB,chain_pair,last_40,largest_cluster,110000.0,7.916508960017e-05,5.253168609504921e-05,1719.8988125832366,6231.80348071466,3110.5314505882147,0.8,8.0,8.0,100.0,96,140,3,partner_consecutive_v2
G3_Onmem_plus,$\mathrm{IDP}_{50}$-Mem,Cter_symmetric_BB_contact_survival,symmetric_nac_bb,Any 1 banded symmetric C-ter BB,chain_pair,last_40,largest_cluster,111000.0,7.916508960017e-05,5.253168609504921e-05,1719.8988125832366,6231.80348071466,3110.5314505882147,0.8,8.0,8.0,100.0,96,140,3,partner_consecutive_v2
G3_Onmem_plus,$\mathrm{IDP}_{50}$-Mem,Cter_symmetric_BB_contact_survival,symmetric_nac_bb,Any 1 banded symmetric C-ter BB,chain_pair,last_40,largest_cluster,112000.0,7.916508960017e-05,5.253168609504921e-05,1719.8988125832366,6231.80348071466,3110.5314505882147,0.8,8.0,8.0,100.0,96,140,3,partner_consecutive_v2
G3_Onmem_plus,$\mathrm{IDP}_{50}$-Mem,Cter_symmetric_BB_contact_survival,symmetric_nac_bb,Any 1 banded symmetric C-ter BB,chain_pair,last_40,largest_cluster,113000.0,6.541598329208003e-05,6.465543142311061e-05,1719.8988125832366,6231.80348071466,3110.5314505882147,0.8,8.0,8.0,100.0,96,140,3,partner_consecutive_v2
G3_Onmem_plus,$\mathrm{IDP}_{50}$-Mem,Cter_symmetric_BB_contact_survival,symmetric_nac_bb,Any 1 banded symmetric C-ter BB,chain_pair,last_40,largest_cluster,114000.0,6.541598329208003e-05,6.465543142311061e-05,1719.8988125832366,6231.80348071466,3110.5314505882147,0.8,8.0,8.0,100.0,96,140,3,partner_consecutive_v2
G3_Onmem_plus,$\mathrm{IDP}_{50}$-Mem,Cter_symmetric_BB_contact_survival,symmetric_nac_bb,Any 1 banded symmetric C-ter BB,chain_pair,last_40,largest_cluster,115000.0,6.541598329208003e-05,6.465543142311061e-05,1719.8988125832366,6231.80348071466,3110.5314505882147,0.8,8.0,8.0,100.0,96,140,3,partner_consecutive_v2
G3_Onmem_plus,$\mathrm{IDP}_{50}$-Mem,Cter_symmetric_BB_contact_survival,symmetric_nac_bb,Any 1 banded symmetric C-ter BB,chain_pair,last_40,largest_cluster,116000.0,6.541598329208003e-05,6.465543142311061e-05,1719.8988125832366,6231.80348071466,3110.5314505882147,0.8,8.0,8.0,100.0,96,140,3,partner_consecutive_v2
G3_Onmem_plus,$\mathrm{IDP}_{50}$-Mem,Cter_symmetric_BB_contact_survival,symmetric_nac_bb,Any 1 banded symmetric C-ter BB,chain_pair,last_40,largest_cluster,117000.0,6.541598329208003e-05,6.465543142311061e-05,1719.8988125832366,6231.80348071466,3110.5314505882147,0.8,8.0,8.0,100.0,96,140,3,partner_consecutive_v2
G3_Onmem_plus,$\mathrm{IDP}_{50}$-Mem,Cter_symmetric_BB_contact_survival,symmetric_nac_bb,Any 1 banded symmetric C-ter BB,chain_pair,last_40,largest_cluster,118000.0,6.541598329208003e-05,6.465543142311061e-05,1719.8988125832366,6231.80348071466,3110.5314505882147,0.8,8.0,8.0,100.0,96,140,3,partner_consecutive_v2
G3_Onmem_plus,$\mathrm{IDP}_{50}$-Mem,Cter_symmetric_BB_contact_survival,symmetric_nac_bb,Any 1 banded symmetric C-ter BB,chain_pair,last_40,largest_cluster,119000.0,6.541598329208003e-05,6.465543142311061e-05,1719.8988125832366,6231.80348071466,3110.5314505882147,0.8,8.0,8.0,100.0,96,140,3,partner_consecutive_v2
G3_Onmem_plus,$\mathrm{IDP}_{50}$-Mem,Cter_symmetric_BB_contact_survival,symmetric_nac_bb,Any 1 banded symmetric C-ter BB,chain_pair,last_40,largest_cluster,120000.0,5.262842303070228e-05,4.749599062735707e-05,1719.8988125832366,6231.80348071466,3110.5314505882147,0.8,8.0,8.0,100.0,96,140,3,partner_consecutive_v2
G3_Onmem_plus,$\mathrm{IDP}_{50}$-Mem,Cter_symmetric_BB_contact_survival,symmetric_nac_bb,Any 1 banded symmetric C-ter BB,chain_pair,last_40,largest_cluster,121000.0,5.262842303070228e-05,4.749599062735707e-05,1719.8988125832366,6231.80348071466,3110.5314505882147,0.8,8.0,8.0,100.0,96,140,3,partner_consecutive_v2
G3_Onmem_plus,$\mathrm{IDP}_{50}$-Mem,Cter_symmetric_BB_contact_survival,symmetric_nac_bb,Any 1 banded symmetric C-ter BB,chain_pair,last_40,largest_cluster,122000.0,5.262842303070228e-05,4.749599062735707e-05,1719.8988125832366,6231.80348071466,3110.5314505882147,0.8,8.0,8.0,100.0,96,140,3,partner_consecutive_v2
G3_Onmem_plus,$\mathrm{IDP}_{50}$-Mem,Cter_symmetric_BB_contact_survival,symmetric_nac_bb,Any 1 banded symmetric C-ter BB,chain_pair,last_40,largest_cluster,123000.0,5.262842303070228e-05,4.749599062735707e-05,1719.8988125832366,6231.80348071466,3110.5314505882147,0.8,8.0,8.0,100.0,96,140,3,partner_consecutive_v2
G3_Onmem_plus,$\mathrm{IDP}_{50}$-Mem,Cter_symmetric_BB_contact_survival,symmetric_nac_bb,Any 1 banded symmetric C-ter BB,chain_pair,last_40,largest_cluster,124000.0,5.262842303070228e-05,4.749599062735707e-05,1719.8988125832366,6231.80348071466,3110.5314505882147,0.8,8.0,8.0,100.0,96,140,3,partner_consecutive_v2
G3_Onmem_plus,$\mathrm{IDP}_{50}$-Mem,Cter_symmetric_BB_contact_survival,symmetric_nac_bb,Any 1 banded symmetric C-ter BB,chain_pair,last_40,largest_cluster,125000.0,5.262842303070228e-05,4.749599062735707e-05,1719.8988125832366,6231.80348071466,3110.5314505882147,0.8,8.0,8.0,100.0,96,140,3,partner_consecutive_v2
G3_Onmem_plus,$\mathrm{IDP}_{50}$-Mem,Cter_symmetric_BB_contact_survival,symmetric_nac_bb,Any 1 banded symmetric C-ter BB,chain_pair,last_40,largest_cluster,126000.0,5.262842303070228e-05,4.749599062735707e-05,1719.8988125832366,6231.80348071466,3110.5314505882147,0.8,8.0,8.0,100.0,96,140,3,partner_consecutive_v2
G3_Onmem_plus,$\mathrm{IDP}_{50}$-Mem,Cter_symmetric_BB_contact_survival,symmetric_nac_bb,Any 1 banded symmetric C-ter BB,chain_pair,last_40,largest_cluster,127000.0,3.9840862769324555e-05,3.139267794554791e-05,1719.8988125832366,6231.80348071466,3110.5314505882147,0.8,8.0,8.0,100.0,96,140,3,partner_consecutive_v2
G3_Onmem_plus,$\mathrm{IDP}_{50}$-Mem,Cter_symmetric_BB_contact_survival,symmetric_nac_bb,Any 1 banded symmetric C-ter BB,chain_pair,last_40,largest_cluster,128000.0,3.9840862769324555e-05,3.139267794554791e-05,1719.8988125832366,6231.80348071466,3110.5314505882147,0.8,8.0,8.0,100.0,96,140,3,partner_consecutive_v2
G3_Onmem_plus,$\mathrm{IDP}_{50}$-Mem,Cter_symmetric_BB_contact_survival,symmetric_nac_bb,Any 1 banded symmetric C-ter BB,chain_pair,last_40,largest_cluster,129000.0,3.9840862769324555e-05,3.139267794554791e-05,1719.8988125832366,6231.80348071466,3110.5314505882147,0.8,8.0,8.0,100.0,96,140,3,partner_consecutive_v2
G3_Onmem_plus,$\mathrm{IDP}_{50}$-Mem,Cter_symmetric_BB_contact_survival,symmetric_nac_bb,Any 1 banded symmetric C-ter BB,chain_pair,last_40,largest_cluster,130000.0,3.9840862769324555e-05,3.139267794554791e-05,1719.8988125832366,6231.80348071466,3110.5314505882147,0.8,8.0,8.0,100.0,96,140,3,partner_consecutive_v2
G3_Onmem_plus,$\mathrm{IDP}_{50}$-Mem,Cter_symmetric_BB_contact_survival,symmetric_nac_bb,Any 1 banded symmetric C-ter BB,chain_pair,last_40,largest_cluster,131000.0,3.9840862769324555e-05,3.139267794554791e-05,1719.8988125832366,6231.80348071466,3110.5314505882147,0.8,8.0,8.0,100.0,96,140,3,partner_consecutive_v2
G3_Onmem_plus,$\mathrm{IDP}_{50}$-Mem,Cter_symmetric_BB_contact_survival,symmetric_nac_bb,Any 1 banded symmetric C-ter BB,chain_pair,last_40,largest_cluster,132000.0,3.9840862769324555e-05,3.139267794554791e-05,1719.8988125832366,6231.80348071466,3110.5314505882147,0.8,8.0,8.0,100.0,96,140,3,partner_consecutive_v2
G3_Onmem_plus,$\mathrm{IDP}_{50}$-Mem,Cter_symmetric_BB_contact_survival,symmetric_nac_bb,Any 1 banded symmetric C-ter BB,chain_pair,last_40,largest_cluster,133000.0,3.9840862769324555e-05,3.139267794554791e-05,1719.8988125832366,6231.80348071466,3110.5314505882147,0.8,8.0,8.0,100.0,96,140,3,partner_consecutive_v2
G3_Onmem_plus,$\mathrm{IDP}_{50}$-Mem,Cter_symmetric_BB_contact_survival,symmetric_nac_bb,Any 1 banded symmetric C-ter BB,chain_pair,last_40,largest_cluster,134000.0,3.9840862769324555e-05,3.139267794554791e-05,1719.8988125832366,6231.80348071466,3110.5314505882147,0.8,8.0,8.0,100.0,96,140,3,partner_consecutive_v2
G3_Onmem_plus,$\mathrm{IDP}_{50}$-Mem,Cter_symmetric_BB_contact_survival,symmetric_nac_bb,Any 1 banded symmetric C-ter BB,chain_pair,last_40,largest_cluster,135000.0,3.9840862769324555e-05,3.139267794554791e-05,1719.8988125832366,6231.80348071466,3110.5314505882147,0.8,8.0,8.0,100.0,96,140,3,partner_consecutive_v2
G3_Onmem_plus,$\mathrm{IDP}_{50}$-Mem,Cter_symmetric_BB_contact_survival,symmetric_nac_bb,Any 1 banded symmetric C-ter BB,chain_pair,last_40,largest_cluster,136000.0,3.9840862769324555e-05,3.139267794554791e-05,1719.8988125832366,6231.80348071466,3110.5314505882147,0.8,8.0,8.0,100.0,96,140,3,partner_consecutive_v2
G3_Onmem_plus,$\mathrm{IDP}_{50}$-Mem,Cter_symmetric_BB_contact_survival,symmetric_nac_bb,Any 1 banded symmetric C-ter BB,chain_pair,last_40,largest_cluster,137000.0,3.9840862769324555e-05,3.139267794554791e-05,1719.8988125832366,6231.80348071466,3110.5314505882147,0.8,8.0,8.0,100.0,96,140,3,partner_consecutive_v2
G3_Onmem_plus,$\mathrm{IDP}_{50}$-Mem,Cter_symmetric_BB_contact_survival,symmetric_nac_bb,Any 1 banded symmetric C-ter BB,chain_pair,last_40,largest_cluster,138000.0,3.9840862769324555e-05,3.139267794554791e-05,1719.8988125832366,6231.80348071466,3110.5314505882147,0.8,8.0,8.0,100.0,96,140,3,partner_consecutive_v2
G3_Onmem_plus,$\mathrm{IDP}_{50}$-Mem,Cter_symmetric_BB_contact_survival,symmetric_nac_bb,Any 1 banded symmetric C-ter BB,chain_pair,last_40,largest_cluster,139000.0,3.9840862769324555e-05,3.139267794554791e-05,1719.8988125832366,6231.80348071466,3110.5314505882147,0.8,8.0,8.0,100.0,96,140,3,partner_consecutive_v2
G3_Onmem_plus,$\mathrm{IDP}_{50}$-Mem,Cter_symmetric_BB_contact_survival,symmetric_nac_bb,Any 1 banded symmetric C-ter BB,chain_pair,last_40,largest_cluster,140000.0,3.9840862769324555e-05,3.139267794554791e-05,1719.8988125832366,6231.80348071466,3110.5314505882147,0.8,8.0,8.0,100.0,96,140,3,partner_consecutive_v2
G3_Onmem_plus,$\mathrm{IDP}_{50}$-Mem,Cter_symmetric_BB_contact_survival,symmetric_nac_bb,Any 1 banded symmetric C-ter BB,chain_pair,last_40,largest_cluster,141000.0,3.9840862769324555e-05,3.139267794554791e-05,1719.8988125832366,6231.80348071466,3110.5314505882147,0.8,8.0,8.0,100.0,96,140,3,partner_consecutive_v2
G3_Onmem_plus,$\mathrm{IDP}_{50}$-Mem,Cter_symmetric_BB_contact_survival,symmetric_nac_bb,Any 1 banded symmetric C-ter BB,chain_pair,last_40,largest_cluster,142000.0,3.9840862769324555e-05,3.139267794554791e-05,1719.8988125832366,6231.80348071466,3110.5314505882147,0.8,8.0,8.0,100.0,96,140,3,partner_consecutive_v2
G3_Onmem_plus,$\mathrm{IDP}_{50}$-Mem,Cter_symmetric_BB_contact_survival,symmetric_nac_bb,Any 1 banded symmetric C-ter BB,chain_pair,last_40,largest_cluster,143000.0,3.9840862769324555e-05,3.139267794554791e-05,1719.8988125832366,6231.80348071466,3110.5314505882147,0.8,8.0,8.0,100.0,96,140,3,partner_consecutive_v2
G3_Onmem_plus,$\mathrm{IDP}_{50}$-Mem,Cter_symmetric_BB_contact_survival,symmetric_nac_bb,Any 1 banded symmetric C-ter BB,chain_pair,last_40,largest_cluster,144000.0,2.5575120522755467e-05,3.616868230260726e-05,1719.8988125832366,6231.80348071466,3110.5314505882147,0.8,8.0,8.0,100.0,96,140,3,partner_consecutive_v2
G3_Onmem_plus,$\mathrm{IDP}_{50}$-Mem,Cter_symmetric_BB_contact_survival,symmetric_nac_bb,Any 1 banded symmetric C-ter BB,chain_pair,last_40,largest_cluster,145000.0,2.5575120522755467e-05,3.616868230260726e-05,1719.8988125832366,6231.80348071466,3110.5314505882147,0.8,8.0,8.0,100.0,96,140,3,partner_consecutive_v2
G3_Onmem_plus,$\mathrm{IDP}_{50}$-Mem,Cter_symmetric_BB_contact_survival,symmetric_nac_bb,Any 1 banded symmetric C-ter BB,chain_pair,last_40,largest_cluster,146000.0,2.5575120522755467e-05,3.616868230260726e-05,1719.8988125832366,6231.80348071466,3110.5314505882147,0.8,8.0,8.0,100.0,96,140,3,partner_consecutive_v2
G3_Onmem_plus,$\mathrm{IDP}_{50}$-Mem,Cter_symmetric_BB_contact_survival,symmetric_nac_bb,Any 1 banded symmetric C-ter BB,chain_pair,last_40,largest_cluster,147000.0,2.5575120522755467e-05,3.616868230260726e-05,1719.8988125832366,6231.80348071466,3110.5314505882147,0.8,8.0,8.0,100.0,96,140,3,partner_consecutive_v2
G3_Onmem_plus,$\mathrm{IDP}_{50}$-Mem,Cter_symmetric_BB_contact_survival,symmetric_nac_bb,Any 1 banded symmetric C-ter BB,chain_pair,last_40,largest_cluster,148000.0,2.5575120522755467e-05,3.616868230260726e-05,1719.8988125832366,6231.80348071466,3110.5314505882147,0.8,8.0,8.0,100.0,96,140,3,partner_consecutive_v2
G3_Onmem_plus,$\mathrm{IDP}_{50}$-Mem,Cter_symmetric_BB_contact_survival,symmetric_nac_bb,Any 1 banded symmetric C-ter BB,chain_pair,last_40,largest_cluster,149000.0,2.5575120522755467e-05,3.616868230260726e-05,1719.8988125832366,6231.80348071466,3110.5314505882147,0.8,8.0,8.0,100.0,96,140,3,partner_consecutive_v2
G3_Onmem_plus,$\mathrm{IDP}_{50}$-Mem,Cter_symmetric_BB_contact_survival,symmetric_nac_bb,Any 1 banded symmetric C-ter BB,chain_pair,last_40,largest_cluster,150000.0,2.5575120522755467e-05,3.616868230260726e-05,1719.8988125832366,6231.80348071466,3110.5314505882147,0.8,8.0,8.0,100.0,96,140,3,partner_consecutive_v2
G3_Onmem_plus,$\mathrm{IDP}_{50}$-Mem,Cter_symmetric_BB_contact_survival,symmetric_nac_bb,Any 1 banded symmetric C-ter BB,chain_pair,last_40,largest_cluster,151000.0,2.5575120522755467e-05,3.616868230260726e-05,1719.8988125832366,6231.80348071466,3110.5314505882147,0.8,8.0,8.0,100.0,96,140,3,partner_consecutive_v2
G3_Onmem_plus,$\mathrm{IDP}_{50}$-Mem,Cter_symmetric_BB_contact_survival,symmetric_nac_bb,Any 1 banded symmetric C-ter BB,chain_pair,last_40,largest_cluster,152000.0,1.2787560261377733e-05,1.808434115130363e-05,1719.8988125832366,6231.80348071466,3110.5314505882147,0.8,8.0,8.0,100.0,96,140,3,partner_consecutive_v2
G3_Onmem_plus,$\mathrm{IDP}_{50}$-Mem,Cter_symmetric_BB_contact_survival,symmetric_nac_bb,Any 1 banded symmetric C-ter BB,chain_pair,last_40,largest_cluster,153000.0,1.2787560261377733e-05,1.808434115130363e-05,1719.8988125832366,6231.80348071466,3110.5314505882147,0.8,8.0,8.0,100.0,96,140,3,partner_consecutive_v2
G3_Onmem_plus,$\mathrm{IDP}_{50}$-Mem,Cter_symmetric_BB_contact_survival,symmetric_nac_bb,Any 1 banded symmetric C-ter BB,chain_pair,last_40,largest_cluster,154000.0,1.2787560261377733e-05,1.808434115130363e-05,1719.8988125832366,6231.80348071466,3110.5314505882147,0.8,8.0,8.0,100.0,96,140,3,partner_consecutive_v2
G3_Onmem_plus,$\mathrm{IDP}_{50}$-Mem,Cter_symmetric_BB_contact_survival,symmetric_nac_bb,Any 1 banded symmetric C-ter BB,chain_pair,last_40,largest_cluster,155000.0,1.2787560261377733e-05,1.808434115130363e-05,1719.8988125832366,6231.80348071466,3110.5314505882147,0.8,8.0,8.0,100.0,96,140,3,partner_consecutive_v2
G3_Onmem_plus,$\mathrm{IDP}_{50}$-Mem,Cter_symmetric_BB_contact_survival,symmetric_nac_bb,Any 1 banded symmetric C-ter BB,chain_pair,last_40,largest_cluster,156000.0,1.2787560261377733e-05,1.808434115130363e-05,1719.8988125832366,6231.80348071466,3110.5314505882147,0.8,8.0,8.0,100.0,96,140,3,partner_consecutive_v2
G3_Onmem_plus,$\mathrm{IDP}_{50}$-Mem,Cter_symmetric_BB_contact_survival,symmetric_nac_bb,Any 1 banded symmetric C-ter BB,chain_pair,last_40,largest_cluster,157000.0,1.2787560261377733e-05,1.808434115130363e-05,1719.8988125832366,6231.80348071466,3110.5314505882147,0.8,8.0,8.0,100.0,96,140,3,partner_consecutive_v2
G3_Onmem_plus,$\mathrm{IDP}_{50}$-Mem,Cter_symmetric_BB_contact_survival,symmetric_nac_bb,Any 1 banded symmetric C-ter BB,chain_pair,last_40,largest_cluster,158000.0,1.2787560261377733e-05,1.808434115130363e-05,1719.8988125832366,6231.80348071466,3110.5314505882147,0.8,8.0,8.0,100.0,96,140,3,partner_consecutive_v2
G3_Onmem_plus,$\mathrm{IDP}_{50}$-Mem,Cter_symmetric_BB_contact_survival,symmetric_nac_bb,Any 1 banded symmetric C-ter BB,chain_pair,last_40,largest_cluster,159000.0,1.2787560261377733e-05,1.808434115130363e-05,1719.8988125832366,6231.80348071466,3110.5314505882147,0.8,8.0,8.0,100.0,96,140,3,partner_consecutive_v2
G3_Onmem_plus,$\mathrm{IDP}_{50}$-Mem,Cter_symmetric_BB_contact_survival,symmetric_nac_bb,Any 1 banded symmetric C-ter BB,chain_pair,last_40,largest_cluster,160000.0,1.2787560261377733e-05,1.808434115130363e-05,1719.8988125832366,6231.80348071466,3110.5314505882147,0.8,8.0,8.0,100.0,96,140,3,partner_consecutive_v2
G3_Onmem_plus,$\mathrm{IDP}_{50}$-Mem,Cter_symmetric_BB_contact_survival,symmetric_nac_bb,Any 1 banded symmetric C-ter BB,chain_pair,last_40,largest_cluster,161000.0,1.2787560261377733e-05,1.808434115130363e-05,1719.8988125832366,6231.80348071466,3110.5314505882147,0.8,8.0,8.0,100.0,96,140,3,partner_consecutive_v2
G3_Onmem_plus,$\mathrm{IDP}_{50}$-Mem,Cter_symmetric_BB_contact_survival,symmetric_nac_bb,Any 1 banded symmetric C-ter BB,chain_pair,last_40,largest_cluster,162000.0,1.2787560261377733e-05,1.808434115130363e-05,1719.8988125832366,6231.80348071466,3110.5314505882147,0.8,8.0,8.0,100.0,96,140,3,partner_consecutive_v2
G3_Onmem_plus,$\mathrm{IDP}_{50}$-Mem,Cter_symmetric_BB_contact_survival,symmetric_nac_bb,Any 1 banded symmetric C-ter BB,chain_pair,last_40,largest_cluster,163000.0,1.2787560261377733e-05,1.808434115130363e-05,1719.8988125832366,6231.80348071466,3110.5314505882147,0.8,8.0,8.0,100.0,96,140,3,partner_consecutive_v2
G3_Onmem_plus,$\mathrm{IDP}_{50}$-Mem,Cter_symmetric_BB_contact_survival,symmetric_nac_bb,Any 1 banded symmetric C-ter BB,chain_pair,last_40,largest_cluster,164000.0,1.2787560261377733e-05,1.808434115130363e-05,1719.8988125832366,6231.80348071466,3110.5314505882147,0.8,8.0,8.0,100.0,96,140,3,partner_consecutive_v2
G3_Onmem_plus,$\mathrm{IDP}_{50}$-Mem,Cter_symmetric_BB_contact_survival,symmetric_nac_bb,Any 1 banded symmetric C-ter BB,chain_pair,last_40,largest_cluster,165000.0,1.2787560261377733e-05,1.808434115130363e-05,1719.8988125832366,6231.80348071466,3110.5314505882147,0.8,8.0,8.0,100.0,96,140,3,partner_consecutive_v2
G3_Onmem_plus,$\mathrm{IDP}_{50}$-Mem,Cter_symmetric_BB_contact_survival,symmetric_nac_bb,Any 1 banded symmetric C-ter BB,chain_pair,last_40,largest_cluster,166000.0,1.2787560261377733e-05,1.808434115130363e-05,1719.8988125832366,6231.80348071466,3110.5314505882147,0.8,8.0,8.0,100.0,96,140,3,partner_consecutive_v2
G3_Onmem_plus,$\mathrm{IDP}_{50}$-Mem,Cter_symmetric_BB_contact_survival,symmetric_nac_bb,Any 1 banded symmetric C-ter BB,chain_pair,last_40,largest_cluster,167000.0,1.2787560261377733e-05,1.808434115130363e-05,1719.8988125832366,6231.80348071466,3110.5314505882147,0.8,8.0,8.0,100.0,96,140,3,partner_consecutive_v2
G3_Onmem_plus,$\mathrm{IDP}_{50}$-Mem,Cter_symmetric_BB_contact_survival,symmetric_nac_bb,Any 1 banded symmetric C-ter BB,chain_pair,last_40,largest_cluster,168000.0,1.2787560261377733e-05,1.808434115130363e-05,1719.8988125832366,6231.80348071466,3110.5314505882147,0.8,8.0,8.0,100.0,96,140,3,partner_consecutive_v2
G3_Onmem_plus,$\mathrm{IDP}_{50}$-Mem,Cter_symmetric_BB_contact_survival,symmetric_nac_bb,Any 1 banded symmetric C-ter BB,chain_pair,last_40,largest_cluster,169000.0,1.2787560261377733e-05,1.808434115130363e-05,1719.8988125832366,6231.80348071466,3110.5314505882147,0.8,8.0,8.0,100.0,96,140,3,partner_consecutive_v2
G3_Onmem_plus,$\mathrm{IDP}_{50}$-Mem,Cter_symmetric_BB_contact_survival,symmetric_nac_bb,Any 1 banded symmetric C-ter BB,chain_pair,last_40,largest_cluster,170000.0,1.2787560261377733e-05,1.808434115130363e-05,1719.8988125832366,6231.80348071466,3110.5314505882147,0.8,8.0,8.0,100.0,96,140,3,partner_consecutive_v2
G3_Onmem_plus,$\mathrm{IDP}_{50}$-Mem,Cter_symmetric_BB_contact_survival,symmetric_nac_bb,Any 1 banded symmetric C-ter BB,chain_pair,last_40,largest_cluster,171000.0,1.2787560261377733e-05,1.808434115130363e-05,1719.8988125832366,6231.80348071466,3110.5314505882147,0.8,8.0,8.0,100.0,96,140,3,partner_consecutive_v2
G3_Onmem_plus,$\mathrm{IDP}_{50}$-Mem,Cter_symmetric_BB_contact_survival,symmetric_nac_bb,Any 1 banded symmetric C-ter BB,chain_pair,last_40,largest_cluster,172000.0,1.2787560261377733e-05,1.808434115130363e-05,1719.8988125832366,6231.80348071466,3110.5314505882147,0.8,8.0,8.0,100.0,96,140,3,partner_consecutive_v2
G3_Onmem_plus,$\mathrm{IDP}_{50}$-Mem,Cter_symmetric_BB_contact_survival,symmetric_nac_bb,Any 1 banded symmetric C-ter BB,chain_pair,last_40,largest_cluster,173000.0,1.2787560261377733e-05,1.808434115130363e-05,1719.8988125832366,6231.80348071466,3110.5314505882147,0.8,8.0,8.0,100.0,96,140,3,partner_consecutive_v2
G3_Onmem_plus,$\mathrm{IDP}_{50}$-Mem,Cter_symmetric_BB_contact_survival,symmetric_nac_bb,Any 1 banded symmetric C-ter BB,chain_pair,last_40,largest_cluster,174000.0,1.2787560261377733e-05,1.808434115130363e-05,1719.8988125832366,6231.80348071466,3110.5314505882147,0.8,8.0,8.0,100.0,96,140,3,partner_consecutive_v2
G3_Onmem_plus,$\mathrm{IDP}_{50}$-Mem,Cter_symmetric_BB_contact_survival,symmetric_nac_bb,Any 1 banded symmetric C-ter BB,chain_pair,last_40,largest_cluster,175000.0,1.2787560261377733e-05,1.808434115130363e-05,1719.8988125832366,6231.80348071466,3110.5314505882147,0.8,8.0,8.0,100.0,96,140,3,partner_consecutive_v2
G3_Onmem_plus,$\mathrm{IDP}_{50}$-Mem,Cter_symmetric_BB_contact_survival,symmetric_nac_bb,Any 1 banded symmetric C-ter BB,chain_pair,last_40,largest_cluster,176000.0,1.2787560261377733e-05,1.808434115130363e-05,1719.8988125832366,6231.80348071466,3110.5314505882147,0.8,8.0,8.0,100.0,96,140,3,partner_consecutive_v2
G3_Onmem_plus,$\mathrm{IDP}_{50}$-Mem,Cter_symmetric_BB_contact_survival,symmetric_nac_bb,Any 1 banded symmetric C-ter BB,chain_pair,last_40,largest_cluster,177000.0,1.2787560261377733e-05,1.808434115130363e-05,1719.8988125832366,6231.80348071466,3110.5314505882147,0.8,8.0,8.0,100.0,96,140,3,partner_consecutive_v2
G3_Onmem_plus,$\mathrm{IDP}_{50}$-Mem,Cter_symmetric_BB_contact_survival,symmetric_nac_bb,Any 1 banded symmetric C-ter BB,chain_pair,last_40,largest_cluster,178000.0,1.2787560261377733e-05,1.808434115130363e-05,1719.8988125832366,6231.80348071466,3110.5314505882147,0.8,8.0,8.0,100.0,96,140,3,partner_consecutive_v2
G3_Onmem_plus,$\mathrm{IDP}_{50}$-Mem,Cter_symmetric_BB_contact_survival,symmetric_nac_bb,Any 1 banded symmetric C-ter BB,chain_pair,last_40,largest_cluster,179000.0,1.2787560261377733e-05,1.808434115130363e-05,1719.8988125832366,6231.80348071466,3110.5314505882147,0.8,8.0,8.0,100.0,96,140,3,partner_consecutive_v2
G3_Onmem_plus,$\mathrm{IDP}_{50}$-Mem,Cter_symmetric_BB_contact_survival,symmetric_nac_bb,Any 1 banded symmetric C-ter BB,chain_pair,last_40,largest_cluster,180000.0,1.2787560261377733e-05,1.808434115130363e-05,1719.8988125832366,6231.80348071466,3110.5314505882147,0.8,8.0,8.0,100.0,96,140,3,partner_consecutive_v2
G3_Onmem_plus,$\mathrm{IDP}_{50}$-Mem,Cter_symmetric_BB_contact_survival,symmetric_nac_bb,Any 1 banded symmetric C-ter BB,chain_pair,last_40,largest_cluster,181000.0,1.2787560261377733e-05,1.808434115130363e-05,1719.8988125832366,6231.80348071466,3110.5314505882147,0.8,8.0,8.0,100.0,96,140,3,partner_consecutive_v2
G3_Onmem_plus,$\mathrm{IDP}_{50}$-Mem,Cter_symmetric_BB_contact_survival,symmetric_nac_bb,Any 1 banded symmetric C-ter BB,chain_pair,last_40,largest_cluster,182000.0,1.2787560261377733e-05,1.808434115130363e-05,1719.8988125832366,6231.80348071466,3110.5314505882147,0.8,8.0,8.0,100.0,96,140,3,partner_consecutive_v2
G3_Onmem_plus,$\mathrm{IDP}_{50}$-Mem,Cter_symmetric_BB_contact_survival,symmetric_nac_bb,Any 1 banded symmetric C-ter BB,chain_pair,last_40,largest_cluster,183000.0,1.2787560261377733e-05,1.808434115130363e-05,1719.8988125832366,6231.80348071466,3110.5314505882147,0.8,8.0,8.0,100.0,96,140,3,partner_consecutive_v2
G3_Onmem_plus,$\mathrm{IDP}_{50}$-Mem,Cter_symmetric_BB_contact_survival,symmetric_nac_bb,Any 1 banded symmetric C-ter BB,chain_pair,last_40,largest_cluster,184000.0,1.2787560261377733e-05,1.808434115130363e-05,1719.8988125832366,6231.80348071466,3110.5314505882147,0.8,8.0,8.0,100.0,96,140,3,partner_consecutive_v2
G3_Onmem_plus,$\mathrm{IDP}_{50}$-Mem,Cter_symmetric_BB_contact_survival,symmetric_nac_bb,Any 1 banded symmetric C-ter BB,chain_pair,last_40,largest_cluster,185000.0,1.2787560261377733e-05,1.808434115130363e-05,1719.8988125832366,6231.80348071466,3110.5314505882147,0.8,8.0,8.0,100.0,96,140,3,partner_consecutive_v2
G3_Onmem_plus,$\mathrm{IDP}_{50}$-Mem,Cter_symmetric_BB_contact_survival,symmetric_nac_bb,Any 1 banded symmetric C-ter BB,chain_pair,last_40,largest_cluster,186000.0,1.2787560261377733e-05,1.808434115130363e-05,1719.8988125832366,6231.80348071466,3110.5314505882147,0.8,8.0,8.0,100.0,96,140,3,partner_consecutive_v2
G3_Onmem_plus,$\mathrm{IDP}_{50}$-Mem,Cter_symmetric_BB_contact_survival,symmetric_nac_bb,Any 1 banded symmetric C-ter BB,chain_pair,last_40,largest_cluster,187000.0,1.2787560261377733e-05,1.808434115130363e-05,1719.8988125832366,6231.80348071466,3110.5314505882147,0.8,8.0,8.0,100.0,96,140,3,partner_consecutive_v2
G3_Onmem_plus,$\mathrm{IDP}_{50}$-Mem,Cter_symmetric_BB_contact_survival,symmetric_nac_bb,Any 1 banded symmetric C-ter BB,chain_pair,last_40,largest_cluster,188000.0,1.2787560261377733e-05,1.808434115130363e-05,1719.8988125832366,6231.80348071466,3110.5314505882147,0.8,8.0,8.0,100.0,96,140,3,partner_consecutive_v2
G3_Onmem_plus,$\mathrm{IDP}_{50}$-Mem,Cter_symmetric_BB_contact_survival,symmetric_nac_bb,Any 1 banded symmetric C-ter BB,chain_pair,last_40,largest_cluster,189000.0,1.2787560261377733e-05,1.808434115130363e-05,1719.8988125832366,6231.80348071466,3110.5314505882147,0.8,8.0,8.0,100.0,96,140,3,partner_consecutive_v2
G3_Onmem_plus,$\mathrm{IDP}_{50}$-Mem,Cter_symmetric_BB_contact_survival,symmetric_nac_bb,Any 1 banded symmetric C-ter BB,chain_pair,last_40,largest_cluster,190000.0,1.2787560261377733e-05,1.808434115130363e-05,1719.8988125832366,6231.80348071466,3110.5314505882147,0.8,8.0,8.0,100.0,96,140,3,partner_consecutive_v2
G3_Onmem_plus,$\mathrm{IDP}_{50}$-Mem,Cter_symmetric_BB_contact_survival,symmetric_nac_bb,Any 1 banded symmetric C-ter BB,chain_pair,last_40,largest_cluster,191000.0,1.2787560261377733e-05,1.808434115130363e-05,1719.8988125832366,6231.80348071466,3110.5314505882147,0.8,8.0,8.0,100.0,96,140,3,partner_consecutive_v2
G3_Onmem_plus,$\mathrm{IDP}_{50}$-Mem,Cter_symmetric_BB_contact_survival,symmetric_nac_bb,Any 1 banded symmetric C-ter BB,chain_pair,last_40,largest_cluster,192000.0,1.2787560261377733e-05,1.808434115130363e-05,1719.8988125832366,6231.80348071466,3110.5314505882147,0.8,8.0,8.0,100.0,96,140,3,partner_consecutive_v2
G3_Onmem_plus,$\mathrm{IDP}_{50}$-Mem,Cter_symmetric_BB_contact_survival,symmetric_nac_bb,Any 1 banded symmetric C-ter BB,chain_pair,last_40,largest_cluster,193000.0,1.2787560261377733e-05,1.808434115130363e-05,1719.8988125832366,6231.80348071466,3110.5314505882147,0.8,8.0,8.0,100.0,96,140,3,partner_consecutive_v2
G3_Onmem_plus,$\mathrm{IDP}_{50}$-Mem,Cter_symmetric_BB_contact_survival,symmetric_nac_bb,Any 1 banded symmetric C-ter BB,chain_pair,last_40,largest_cluster,194000.0,1.2787560261377733e-05,1.808434115130363e-05,1719.8988125832366,6231.80348071466,3110.5314505882147,0.8,8.0,8.0,100.0,96,140,3,partner_consecutive_v2
G3_Onmem_plus,$\mathrm{IDP}_{50}$-Mem,Cter_symmetric_BB_contact_survival,symmetric_nac_bb,Any 1 banded symmetric C-ter BB,chain_pair,last_40,largest_cluster,195000.0,1.2787560261377733e-05,1.808434115130363e-05,1719.8988125832366,6231.80348071466,3110.5314505882147,0.8,8.0,8.0,100.0,96,140,3,partner_consecutive_v2
G3_Onmem_plus,$\mathrm{IDP}_{50}$-Mem,Cter_symmetric_BB_contact_survival,symmetric_nac_bb,Any 1 banded symmetric C-ter BB,chain_pair,last_40,largest_cluster,196000.0,1.2787560261377733e-05,1.808434115130363e-05,1719.8988125832366,6231.80348071466,3110.5314505882147,0.8,8.0,8.0,100.0,96,140,3,partner_consecutive_v2
G3_Onmem_plus,$\mathrm{IDP}_{50}$-Mem,Cter_symmetric_BB_contact_survival,symmetric_nac_bb,Any 1 banded symmetric C-ter BB,chain_pair,last_40,largest_cluster,197000.0,1.2787560261377733e-05,1.808434115130363e-05,1719.8988125832366,6231.80348071466,3110.5314505882147,0.8,8.0,8.0,100.0,96,140,3,partner_consecutive_v2
G3_Onmem_plus,$\mathrm{IDP}_{50}$-Mem,Cter_symmetric_BB_contact_survival,symmetric_nac_bb,Any 1 banded symmetric C-ter BB,chain_pair,last_40,largest_cluster,198000.0,1.2787560261377733e-05,1.808434115130363e-05,1719.8988125832366,6231.80348071466,3110.5314505882147,0.8,8.0,8.0,100.0,96,140,3,partner_consecutive_v2
G3_Onmem_plus,$\mathrm{IDP}_{50}$-Mem,Cter_symmetric_BB_contact_survival,symmetric_nac_bb,Any 1 banded symmetric C-ter BB,chain_pair,last_40,largest_cluster,199000.0,1.2787560261377733e-05,1.808434115130363e-05,1719.8988125832366,6231.80348071466,3110.5314505882147,0.8,8.0,8.0,100.0,96,140,3,partner_consecutive_v2
G3_Onmem_plus,$\mathrm{IDP}_{50}$-Mem,Cter_symmetric_BB_contact_survival,symmetric_nac_bb,Any 1 banded symmetric C-ter BB,chain_pair,last_40,largest_cluster,200000.0,1.2787560261377733e-05,1.808434115130363e-05,1719.8988125832366,6231.80348071466,3110.5314505882147,0.8,8.0,8.0,100.0,96,140,3,partner_consecutive_v2
G3_Onmem_plus,$\mathrm{IDP}_{50}$-Mem,Cter_symmetric_BB_contact_survival,symmetric_nac_bb,Any 1 banded symmetric C-ter BB,chain_pair,last_40,largest_cluster,201000.0,1.2787560261377733e-05,1.808434115130363e-05,1719.8988125832366,6231.80348071466,3110.5314505882147,0.8,8.0,8.0,100.0,96,140,3,partner_consecutive_v2
G3_Onmem_plus,$\mathrm{IDP}_{50}$-Mem,Cter_symmetric_BB_contact_survival,symmetric_nac_bb,Any 1 banded symmetric C-ter BB,chain_pair,last_40,largest_cluster,202000.0,1.2787560261377733e-05,1.808434115130363e-05,1719.8988125832366,6231.80348071466,3110.5314505882147,0.8,8.0,8.0,100.0,96,140,3,partner_consecutive_v2
G3_Onmem_plus,$\mathrm{IDP}_{50}$-Mem,Cter_symmetric_BB_contact_survival,symmetric_nac_bb,Any 1 banded symmetric C-ter BB,chain_pair,last_40,largest_cluster,203000.0,1.2787560261377733e-05,1.808434115130363e-05,1719.8988125832366,6231.80348071466,3110.5314505882147,0.8,8.0,8.0,100.0,96,140,3,partner_consecutive_v2
G3_Onmem_plus,$\mathrm{IDP}_{50}$-Mem,Cter_symmetric_BB_contact_survival,symmetric_nac_bb,Any 1 banded symmetric C-ter BB,chain_pair,last_40,largest_cluster,204000.0,1.2787560261377733e-05,1.808434115130363e-05,1719.8988125832366,6231.80348071466,3110.5314505882147,0.8,8.0,8.0,100.0,96,140,3,partner_consecutive_v2
G3_Onmem_plus,$\mathrm{IDP}_{50}$-Mem,Cter_symmetric_BB_contact_survival,symmetric_nac_bb,Any 1 banded symmetric C-ter BB,chain_pair,last_40,largest_cluster,205000.0,1.2787560261377733e-05,1.808434115130363e-05,1719.8988125832366,6231.80348071466,3110.5314505882147,0.8,8.0,8.0,100.0,96,140,3,partner_consecutive_v2
G3_Onmem_plus,$\mathrm{IDP}_{50}$-Mem,Cter_symmetric_BB_contact_survival,symmetric_nac_bb,Any 1 banded symmetric C-ter BB,chain_pair,last_40,largest_cluster,206000.0,1.2787560261377733e-05,1.808434115130363e-05,1719.8988125832366,6231.80348071466,3110.5314505882147,0.8,8.0,8.0,100.0,96,140,3,partner_consecutive_v2
G3_Onmem_plus,$\mathrm{IDP}_{50}$-Mem,Cter_symmetric_BB_contact_survival,symmetric_nac_bb,Any 1 banded symmetric C-ter BB,chain_pair,last_40,largest_cluster,207000.0,1.2787560261377733e-05,1.808434115130363e-05,1719.8988125832366,6231.80348071466,3110.5314505882147,0.8,8.0,8.0,100.0,96,140,3,partner_consecutive_v2
G3_Onmem_plus,$\mathrm{IDP}_{50}$-Mem,Cter_symmetric_BB_contact_survival,symmetric_nac_bb,Any 1 banded symmetric C-ter BB,chain_pair,last_40,largest_cluster,208000.0,1.2787560261377733e-05,1.808434115130363e-05,1719.8988125832366,6231.80348071466,3110.5314505882147,0.8,8.0,8.0,100.0,96,140,3,partner_consecutive_v2
G3_Onmem_plus,$\mathrm{IDP}_{50}$-Mem,Cter_symmetric_BB_contact_survival,symmetric_nac_bb,Any 1 banded symmetric C-ter BB,chain_pair,last_40,largest_cluster,209000.0,1.2787560261377733e-05,1.808434115130363e-05,1719.8988125832366,6231.80348071466,3110.5314505882147,0.8,8.0,8.0,100.0,96,140,3,partner_consecutive_v2
G3_Onmem_plus,$\mathrm{IDP}_{50}$-Mem,Cter_symmetric_BB_contact_survival,symmetric_nac_bb,Any 1 banded symmetric C-ter BB,chain_pair,last_40,largest_cluster,210000.0,1.2787560261377733e-05,1.808434115130363e-05,1719.8988125832366,6231.80348071466,3110.5314505882147,0.8,8.0,8.0,100.0,96,140,3,partner_consecutive_v2
G3_Onmem_plus,$\mathrm{IDP}_{50}$-Mem,Cter_symmetric_BB_contact_survival,symmetric_nac_bb,Any 1 banded symmetric C-ter BB,chain_pair,last_40,largest_cluster,211000.0,1.2787560261377733e-05,1.808434115130363e-05,1719.8988125832366,6231.80348071466,3110.5314505882147,0.8,8.0,8.0,100.0,96,140,3,partner_consecutive_v2
G3_Onmem_plus,$\mathrm{IDP}_{50}$-Mem,Cter_symmetric_BB_contact_survival,symmetric_nac_bb,Any 1 banded symmetric C-ter BB,chain_pair,last_40,largest_cluster,212000.0,1.2787560261377733e-05,1.808434115130363e-05,1719.8988125832366,6231.80348071466,3110.5314505882147,0.8,8.0,8.0,100.0,96,140,3,partner_consecutive_v2
G3_Onmem_plus,$\mathrm{IDP}_{50}$-Mem,Cter_symmetric_BB_contact_survival,symmetric_nac_bb,Any 1 banded symmetric C-ter BB,chain_pair,last_40,largest_cluster,213000.0,1.2787560261377733e-05,1.808434115130363e-05,1719.8988125832366,6231.80348071466,3110.5314505882147,0.8,8.0,8.0,100.0,96,140,3,partner_consecutive_v2
G3_Onmem_plus,$\mathrm{IDP}_{50}$-Mem,Cter_symmetric_BB_contact_survival,symmetric_nac_bb,Any 1 banded symmetric C-ter BB,chain_pair,last_40,largest_cluster,214000.0,1.2787560261377733e-05,1.808434115130363e-05,1719.8988125832366,6231.80348071466,3110.5314505882147,0.8,8.0,8.0,100.0,96,140,3,partner_consecutive_v2
G3_Onmem_plus,$\mathrm{IDP}_{50}$-Mem,Cter_symmetric_BB_contact_survival,symmetric_nac_bb,Any 1 banded symmetric C-ter BB,chain_pair,last_40,largest_cluster,215000.0,1.2787560261377733e-05,1.808434115130363e-05,1719.8988125832366,6231.80348071466,3110.5314505882147,0.8,8.0,8.0,100.0,96,140,3,partner_consecutive_v2
G3_Onmem_plus,$\mathrm{IDP}_{50}$-Mem,Cter_symmetric_BB_contact_survival,symmetric_nac_bb,Any 1 banded symmetric C-ter BB,chain_pair,last_40,largest_cluster,216000.0,1.2787560261377733e-05,1.808434115130363e-05,1719.8988125832366,6231.80348071466,3110.5314505882147,0.8,8.0,8.0,100.0,96,140,3,partner_consecutive_v2
G3_Onmem_plus,$\mathrm{IDP}_{50}$-Mem,Cter_symmetric_BB_contact_survival,symmetric_nac_bb,Any 1 banded symmetric C-ter BB,chain_pair,last_40,largest_cluster,217000.0,1.2787560261377733e-05,1.808434115130363e-05,1719.8988125832366,6231.80348071466,3110.5314505882147,0.8,8.0,8.0,100.0,96,140,3,partner_consecutive_v2
G4_Onmem_wall,$\mathrm{Hel}_{10}\mathrm{IDP}_{40}$-Mem,Cter_symmetric_BB_contact_survival,symmetric_nac_bb,Any 1 banded symmetric C-ter BB,chain_pair,all,largest_cluster,0.0,1.0,0.0,1722.9663747669988,6187.2591141388075,3085.7041132533486,0.8,8.0,8.0,100.0,96,140,3,partner_consecutive_v2
G4_Onmem_wall,$\mathrm{Hel}_{10}\mathrm{IDP}_{40}$-Mem,Cter_symmetric_BB_contact_survival,symmetric_nac_bb,Any 1 banded symmetric C-ter BB,chain_pair,all,largest_cluster,1000.0,0.49857089024361123,0.0009168073275933011,1722.9663747669988,6187.2591141388075,3085.7041132533486,0.8,8.0,8.0,100.0,96,140,3,partner_consecutive_v2
G4_Onmem_wall,$\mathrm{Hel}_{10}\mathrm{IDP}_{40}$-Mem,Cter_symmetric_BB_contact_survival,symmetric_nac_bb,Any 1 banded symmetric C-ter BB,chain_pair,all,largest_cluster,2000.0,0.31779975947796696,0.0027777082035658324,1722.9663747669988,6187.2591141388075,3085.7041132533486,0.8,8.0,8.0,100.0,96,140,3,partner_consecutive_v2
G4_Onmem_wall,$\mathrm{Hel}_{10}\mathrm{IDP}_{40}$-Mem,Cter_symmetric_BB_contact_survival,symmetric_nac_bb,Any 1 banded symmetric C-ter BB,chain_pair,all,largest_cluster,3000.0,0.22366000480213202,0.0030757944353204964,1722.9663747669988,6187.2591141388075,3085.7041132533486,0.8,8.0,8.0,100.0,96,140,3,partner_consecutive_v2
G4_Onmem_wall,$\mathrm{Hel}_{10}\mathrm{IDP}_{40}$-Mem,Cter_symmetric_BB_contact_survival,symmetric_nac_bb,Any 1 banded symmetric C-ter BB,chain_pair,all,largest_cluster,4000.0,0.1674003680888749,0.0027097138240410666,1722.9663747669988,6187.2591141388075,3085.7041132533486,0.8,8.0,8.0,100.0,96,140,3,partner_consecutive_v2
G4_Onmem_wall,$\mathrm{Hel}_{10}\mathrm{IDP}_{40}$-Mem,Cter_symmetric_BB_contact_survival,symmetric_nac_bb,Any 1 banded symmetric C-ter BB,chain_pair,all,largest_cluster,5000.0,0.12990320734704627,0.002867859692585041,1722.9663747669988,6187.2591141388075,3085.7041132533486,0.8,8.0,8.0,100.0,96,140,3,partner_consecutive_v2
G4_Onmem_wall,$\mathrm{Hel}_{10}\mathrm{IDP}_{40}$-Mem,Cter_symmetric_BB_contact_survival,symmetric_nac_bb,Any 1 banded symmetric C-ter BB,chain_pair,all,largest_cluster,6000.0,0.10360773373092076,0.0024564931535391936,1722.9663747669988,6187.2591141388075,3085.7041132533486,0.8,8.0,8.0,100.0,96,140,3,partner_consecutive_v2
G4_Onmem_wall,$\mathrm{Hel}_{10}\mathrm{IDP}_{40}$-Mem,Cter_symmetric_BB_contact_survival,symmetric_nac_bb,Any 1 banded symmetric C-ter BB,chain_pair,all,largest_cluster,7000.0,0.08434173566448488,0.0021159487943742616,1722.9663747669988,6187.2591141388075,3085.7041132533486,0.8,8.0,8.0,100.0,96,140,3,partner_consecutive_v2
G4_Onmem_wall,$\mathrm{Hel}_{10}\mathrm{IDP}_{40}$-Mem,Cter_symmetric_BB_contact_survival,symmetric_nac_bb,Any 1 banded symmetric C-ter BB,chain_pair,all,largest_cluster,8000.0,0.06984820875139149,0.001421077728724822,1722.9663747669988,6187.2591141388075,3085.7041132533486,0.8,8.0,8.0,100.0,96,140,3,partner_consecutive_v2
G4_Onmem_wall,$\mathrm{Hel}_{10}\mathrm{IDP}_{40}$-Mem,Cter_symmetric_BB_contact_survival,symmetric_nac_bb,Any 1 banded symmetric C-ter BB,chain_pair,all,largest_cluster,9000.0,0.05831748845277666,0.0012426858165233135,1722.9663747669988,6187.2591141388075,3085.7041132533486,0.8,8.0,8.0,100.0,96,140,3,partner_consecutive_v2
G4_Onmem_wall,$\mathrm{Hel}_{10}\mathrm{IDP}_{40}$-Mem,Cter_symmetric_BB_contact_survival,symmetric_nac_bb,Any 1 banded symmetric C-ter BB,chain_pair,all,largest_cluster,10000.0,0.0491810256504974,0.0009025944763373273,1722.9663747669988,6187.2591141388075,3085.7041132533486,0.8,8.0,8.0,100.0,96,140,3,partner_consecutive_v2
G4_Onmem_wall,$\mathrm{Hel}_{10}\mathrm{IDP}_{40}$-Mem,Cter_symmetric_BB_contact_survival,symmetric_nac_bb,Any 1 banded symmetric C-ter BB,chain_pair,all,largest_cluster,11000.0,0.041648363763967446,0.0008286880149213151,1722.9663747669988,6187.2591141388075,3085.7041132533486,0.8,8.0,8.0,100.0,96,140,3,partner_consecutive_v2
G4_Onmem_wall,$\mathrm{Hel}_{10}\mathrm{IDP}_{40}$-Mem,Cter_symmetric_BB_contact_survival,symmetric_nac_bb,Any 1 banded symmetric C-ter BB,chain_pair,all,largest_cluster,12000.0,0.035784172982357525,0.0006170973728811118,1722.9663747669988,6187.2591141388075,3085.7041132533486,0.8,8.0,8.0,100.0,96,140,3,partner_consecutive_v2
G4_Onmem_wall,$\mathrm{Hel}_{10}\mathrm{IDP}_{40}$-Mem,Cter_symmetric_BB_contact_survival,symmetric_nac_bb,Any 1 banded symmetric C-ter BB,chain_pair,all,largest_cluster,13000.0,0.031023227139884466,0.0006237246906879558,1722.9663747669988,6187.2591141388075,3085.7041132533486,0.8,8.0,8.0,100.0,96,140,3,partner_consecutive_v2
G4_Onmem_wall,$\mathrm{Hel}_{10}\mathrm{IDP}_{40}$-Mem,Cter_symmetric_BB_contact_survival,symmetric_nac_bb,Any 1 banded symmetric C-ter BB,chain_pair,all,largest_cluster,14000.0,0.027041133437992648,0.00035409361407270944,1722.9663747669988,6187.2591141388075,3085.7041132533486,0.8,8.0,8.0,100.0,96,140,3,partner_consecutive_v2
G4_Onmem_wall,$\mathrm{Hel}_{10}\mathrm{IDP}_{40}$-Mem,Cter_symmetric_BB_contact_survival,symmetric_nac_bb,Any 1 banded symmetric C-ter BB,chain_pair,all,largest_cluster,15000.0,0.023889856640586644,0.00035706151341848767,1722.9663747669988,6187.2591141388075,3085.7041132533486,0.8,8.0,8.0,100.0,96,140,3,partner_consecutive_v2
G4_Onmem_wall,$\mathrm{Hel}_{10}\mathrm{IDP}_{40}$-Mem,Cter_symmetric_BB_contact_survival,symmetric_nac_bb,Any 1 banded symmetric C-ter BB,chain_pair,all,largest_cluster,16000.0,0.021172474167827127,0.00011212445912540001,1722.9663747669988,6187.2591141388075,3085.7041132533486,0.8,8.0,8.0,100.0,96,140,3,partner_consecutive_v2
G4_Onmem_wall,$\mathrm{Hel}_{10}\mathrm{IDP}_{40}$-Mem,Cter_symmetric_BB_contact_survival,symmetric_nac_bb,Any 1 banded symmetric C-ter BB,chain_pair,all,largest_cluster,17000.0,0.01873185091067473,0.00021143810737844743,1722.9663747669988,6187.2591141388075,3085.7041132533486,0.8,8.0,8.0,100.0,96,140,3,partner_consecutive_v2
G4_Onmem_wall,$\mathrm{Hel}_{10}\mathrm{IDP}_{40}$-Mem,Cter_symmetric_BB_contact_survival,symmetric_nac_bb,Any 1 banded symmetric C-ter BB,chain_pair,all,largest_cluster,18000.0,0.0168422795968752,0.0004071721689914859,1722.9663747669988,6187.2591141388075,3085.7041132533486,0.8,8.0,8.0,100.0,96,140,3,partner_consecutive_v2
G4_Onmem_wall,$\mathrm{Hel}_{10}\mathrm{IDP}_{40}$-Mem,Cter_symmetric_BB_contact_survival,symmetric_nac_bb,Any 1 banded symmetric C-ter BB,chain_pair,all,largest_cluster,19000.0,0.014725055931345793,0.00044722665110059965,1722.9663747669988,6187.2591141388075,3085.7041132533486,0.8,8.0,8.0,100.0,96,140,3,partner_consecutive_v2
G4_Onmem_wall,$\mathrm{Hel}_{10}\mathrm{IDP}_{40}$-Mem,Cter_symmetric_BB_contact_survival,symmetric_nac_bb,Any 1 banded symmetric C-ter BB,chain_pair,all,largest_cluster,20000.0,0.013059526904518651,0.0004883723635232135,1722.9663747669988,6187.2591141388075,3085.7041132533486,0.8,8.0,8.0,100.0,96,140,3,partner_consecutive_v2
G4_Onmem_wall,$\mathrm{Hel}_{10}\mathrm{IDP}_{40}$-Mem,Cter_symmetric_BB_contact_survival,symmetric_nac_bb,Any 1 banded symmetric C-ter BB,chain_pair,all,largest_cluster,21000.0,0.011735654822268808,0.0005087448354941067,1722.9663747669988,6187.2591141388075,3085.7041132533486,0.8,8.0,8.0,100.0,96,140,3,partner_consecutive_v2
G4_Onmem_wall,$\mathrm{Hel}_{10}\mathrm{IDP}_{40}$-Mem,Cter_symmetric_BB_contact_survival,symmetric_nac_bb,Any 1 banded symmetric C-ter BB,chain_pair,all,largest_cluster,22000.0,0.01057667667107239,0.0005835580328509845,1722.9663747669988,6187.2591141388075,3085.7041132533486,0.8,8.0,8.0,100.0,96,140,3,partner_consecutive_v2
G4_Onmem_wall,$\mathrm{Hel}_{10}\mathrm{IDP}_{40}$-Mem,Cter_symmetric_BB_contact_survival,symmetric_nac_bb,Any 1 banded symmetric C-ter BB,chain_pair,all,largest_cluster,23000.0,0.009599761880986544,0.0006353744012481048,1722.9663747669988,6187.2591141388075,3085.7041132533486,0.8,8.0,8.0,100.0,96,140,3,partner_consecutive_v2
G4_Onmem_wall,$\mathrm{Hel}_{10}\mathrm{IDP}_{40}$-Mem,Cter_symmetric_BB_contact_survival,symmetric_nac_bb,Any 1 banded symmetric C-ter BB,chain_pair,all,largest_cluster,24000.0,0.008539053111543566,0.0005673110629040167,1722.9663747669988,6187.2591141388075,3085.7041132533486,0.8,8.0,8.0,100.0,96,140,3,partner_consecutive_v2
G4_Onmem_wall,$\mathrm{Hel}_{10}\mathrm{IDP}_{40}$-Mem,Cter_symmetric_BB_contact_survival,symmetric_nac_bb,Any 1 banded symmetric C-ter BB,chain_pair,all,largest_cluster,25000.0,0.007733648062794467,0.0005484869182265411,1722.9663747669988,6187.2591141388075,3085.7041132533486,0.8,8.0,8.0,100.0,96,140,3,partner_consecutive_v2
G4_Onmem_wall,$\mathrm{Hel}_{10}\mathrm{IDP}_{40}$-Mem,Cter_symmetric_BB_contact_survival,symmetric_nac_bb,Any 1 banded symmetric C-ter BB,chain_pair,all,largest_cluster,26000.0,0.006903972210739785,0.0006101008094496225,1722.9663747669988,6187.2591141388075,3085.7041132533486,0.8,8.0,8.0,100.0,96,140,3,partner_consecutive_v2
G4_Onmem_wall,$\mathrm{Hel}_{10}\mathrm{IDP}_{40}$-Mem,Cter_symmetric_BB_contact_survival,symmetric_nac_bb,Any 1 banded symmetric C-ter BB,chain_pair,all,largest_cluster,27000.0,0.006240204572469131,0.0005595828351937452,1722.9663747669988,6187.2591141388075,3085.7041132533486,0.8,8.0,8.0,100.0,96,140,3,partner_consecutive_v2
G4_Onmem_wall,$\mathrm{Hel}_{10}\mathrm{IDP}_{40}$-Mem,Cter_symmetric_BB_contact_survival,symmetric_nac_bb,Any 1 banded symmetric C-ter BB,chain_pair,all,largest_cluster,28000.0,0.00572830021971773,0.0004137188378581382,1722.9663747669988,6187.2591141388075,3085.7041132533486,0.8,8.0,8.0,100.0,96,140,3,partner_consecutive_v2
G4_Onmem_wall,$\mathrm{Hel}_{10}\mathrm{IDP}_{40}$-Mem,Cter_symmetric_BB_contact_survival,symmetric_nac_bb,Any 1 banded symmetric C-ter BB,chain_pair,all,largest_cluster,29000.0,0.005270034886832117,0.00032588518600154944,1722.9663747669988,6187.2591141388075,3085.7041132533486,0.8,8.0,8.0,100.0,96,140,3,partner_consecutive_v2
G4_Onmem_wall,$\mathrm{Hel}_{10}\mathrm{IDP}_{40}$-Mem,Cter_symmetric_BB_contact_survival,symmetric_nac_bb,Any 1 banded symmetric C-ter BB,chain_pair,all,largest_cluster,30000.0,0.0048633985596840705,0.00028917728233033354,1722.9663747669988,6187.2591141388075,3085.7041132533486,0.8,8.0,8.0,100.0,96,140,3,partner_consecutive_v2
G4_Onmem_wall,$\mathrm{Hel}_{10}\mathrm{IDP}_{40}$-Mem,Cter_symmetric_BB_contact_survival,symmetric_nac_bb,Any 1 banded symmetric C-ter BB,chain_pair,all,largest_cluster,31000.0,0.004454240090675701,0.0002799182088726363,1722.9663747669988,6187.2591141388075,3085.7041132533486,0.8,8.0,8.0,100.0,96,140,3,partner_consecutive_v2
G4_Onmem_wall,$\mathrm{Hel}_{10}\mathrm{IDP}_{40}$-Mem,Cter_symmetric_BB_contact_survival,symmetric_nac_bb,Any 1 banded symmetric C-ter BB,chain_pair,all,largest_cluster,32000.0,0.004148677915774459,0.0002640766129527226,1722.9663747669988,6187.2591141388075,3085.7041132533486,0.8,8.0,8.0,100.0,96,140,3,partner_consecutive_v2
G4_Onmem_wall,$\mathrm{Hel}_{10}\mathrm{IDP}_{40}$-Mem,Cter_symmetric_BB_contact_survival,symmetric_nac_bb,Any 1 banded symmetric C-ter BB,chain_pair,all,largest_cluster,33000.0,0.00382920812020796,0.00021688057056198746,1722.9663747669988,6187.2591141388075,3085.7041132533486,0.8,8.0,8.0,100.0,96,140,3,partner_consecutive_v2
G4_Onmem_wall,$\mathrm{Hel}_{10}\mathrm{IDP}_{40}$-Mem,Cter_symmetric_BB_contact_survival,symmetric_nac_bb,Any 1 banded symmetric C-ter BB,chain_pair,all,largest_cluster,34000.0,0.003528552921427846,0.00022859593121692156,1722.9663747669988,6187.2591141388075,3085.7041132533486,0.8,8.0,8.0,100.0,96,140,3,partner_consecutive_v2
G4_Onmem_wall,$\mathrm{Hel}_{10}\mathrm{IDP}_{40}$-Mem,Cter_symmetric_BB_contact_survival,symmetric_nac_bb,Any 1 banded symmetric C-ter BB,chain_pair,all,largest_cluster,35000.0,0.0032777176892895524,0.00026388808672837903,1722.9663747669988,6187.2591141388075,3085.7041132533486,0.8,8.0,8.0,100.0,96,140,3,partner_consecutive_v2
G4_Onmem_wall,$\mathrm{Hel}_{10}\mathrm{IDP}_{40}$-Mem,Cter_symmetric_BB_contact_survival,symmetric_nac_bb,Any 1 banded symmetric C-ter BB,chain_pair,all,largest_cluster,36000.0,0.002994324112066127,0.00027551940395001537,1722.9663747669988,6187.2591141388075,3085.7041132533486,0.8,8.0,8.0,100.0,96,140,3,partner_consecutive_v2
G4_Onmem_wall,$\mathrm{Hel}_{10}\mathrm{IDP}_{40}$-Mem,Cter_symmetric_BB_contact_survival,symmetric_nac_bb,Any 1 banded symmetric C-ter BB,chain_pair,all,largest_cluster,37000.0,0.002802584106312818,0.00027725931677562767,1722.9663747669988,6187.2591141388075,3085.7041132533486,0.8,8.0,8.0,100.0,96,140,3,partner_consecutive_v2
G4_Onmem_wall,$\mathrm{Hel}_{10}\mathrm{IDP}_{40}$-Mem,Cter_symmetric_BB_contact_survival,symmetric_nac_bb,Any 1 banded symmetric C-ter BB,chain_pair,all,largest_cluster,38000.0,0.0026001797379531593,0.00030096805997613586,1722.9663747669988,6187.2591141388075,3085.7041132533486,0.8,8.0,8.0,100.0,96,140,3,partner_consecutive_v2
G4_Onmem_wall,$\mathrm{Hel}_{10}\mathrm{IDP}_{40}$-Mem,Cter_symmetric_BB_contact_survival,symmetric_nac_bb,Any 1 banded symmetric C-ter BB,chain_pair,all,largest_cluster,39000.0,0.0024462062333721352,0.0002566548903100789,1722.9663747669988,6187.2591141388075,3085.7041132533486,0.8,8.0,8.0,100.0,96,140,3,partner_consecutive_v2
G4_Onmem_wall,$\mathrm{Hel}_{10}\mathrm{IDP}_{40}$-Mem,Cter_symmetric_BB_contact_survival,symmetric_nac_bb,Any 1 banded symmetric C-ter BB,chain_pair,all,largest_cluster,40000.0,0.0022498418801307402,0.00023500496997584867,1722.9663747669988,6187.2591141388075,3085.7041132533486,0.8,8.0,8.0,100.0,96,140,3,partner_consecutive_v2
G4_Onmem_wall,$\mathrm{Hel}_{10}\mathrm{IDP}_{40}$-Mem,Cter_symmetric_BB_contact_survival,symmetric_nac_bb,Any 1 banded symmetric C-ter BB,chain_pair,all,largest_cluster,41000.0,0.0020958683755497166,0.00019078031240292987,1722.9663747669988,6187.2591141388075,3085.7041132533486,0.8,8.0,8.0,100.0,96,140,3,partner_consecutive_v2
G4_Onmem_wall,$\mathrm{Hel}_{10}\mathrm{IDP}_{40}$-Mem,Cter_symmetric_BB_contact_survival,symmetric_nac_bb,Any 1 banded symmetric C-ter BB,chain_pair,all,largest_cluster,42000.0,0.0019658910590752386,0.00021498009598021025,1722.9663747669988,6187.2591141388075,3085.7041132533486,0.8,8.0,8.0,100.0,96,140,3,partner_consecutive_v2
G4_Onmem_wall,$\mathrm{Hel}_{10}\mathrm{IDP}_{40}$-Mem,Cter_symmetric_BB_contact_survival,symmetric_nac_bb,Any 1 banded symmetric C-ter BB,chain_pair,all,largest_cluster,43000.0,0.0017247510229126673,0.00019385209791626253,1722.9663747669988,6187.2591141388075,3085.7041132533486,0.8,8.0,8.0,100.0,96,140,3,partner_consecutive_v2
G4_Onmem_wall,$\mathrm{Hel}_{10}\mathrm{IDP}_{40}$-Mem,Cter_symmetric_BB_contact_survival,symmetric_nac_bb,Any 1 banded symmetric C-ter BB,chain_pair,all,largest_cluster,44000.0,0.0015921142569783498,0.00013522100371425076,1722.9663747669988,6187.2591141388075,3085.7041132533486,0.8,8.0,8.0,100.0,96,140,3,partner_consecutive_v2
G4_Onmem_wall,$\mathrm{Hel}_{10}\mathrm{IDP}_{40}$-Mem,Cter_symmetric_BB_contact_survival,symmetric_nac_bb,Any 1 banded symmetric C-ter BB,chain_pair,all,largest_cluster,45000.0,0.0014676197117900593,5.8633277373550654e-05,1722.9663747669988,6187.2591141388075,3085.7041132533486,0.8,8.0,8.0,100.0,96,140,3,partner_consecutive_v2
G4_Onmem_wall,$\mathrm{Hel}_{10}\mathrm{IDP}_{40}$-Mem,Cter_symmetric_BB_contact_survival,symmetric_nac_bb,Any 1 banded symmetric C-ter BB,chain_pair,all,largest_cluster,46000.0,0.0013902856837837505,2.2085435775947113e-05,1722.9663747669988,6187.2591141388075,3085.7041132533486,0.8,8.0,8.0,100.0,96,140,3,partner_consecutive_v2
G4_Onmem_wall,$\mathrm{Hel}_{10}\mathrm{IDP}_{40}$-Mem,Cter_symmetric_BB_contact_survival,symmetric_nac_bb,Any 1 banded symmetric C-ter BB,chain_pair,all,largest_cluster,47000.0,0.0012939997513915405,5.735306025644661e-05,1722.9663747669988,6187.2591141388075,3085.7041132533486,0.8,8.0,8.0,100.0,96,140,3,partner_consecutive_v2
G4_Onmem_wall,$\mathrm{Hel}_{10}\mathrm{IDP}_{40}$-Mem,Cter_symmetric_BB_contact_survival,symmetric_nac_bb,Any 1 banded symmetric C-ter BB,chain_pair,all,largest_cluster,48000.0,0.001157707804599765,2.8836048734715756e-05,1722.9663747669988,6187.2591141388075,3085.7041132533486,0.8,8.0,8.0,100.0,96,140,3,partner_consecutive_v2
G4_Onmem_wall,$\mathrm{Hel}_{10}\mathrm{IDP}_{40}$-Mem,Cter_symmetric_BB_contact_survival,symmetric_nac_bb,Any 1 banded symmetric C-ter BB,chain_pair,all,largest_cluster,49000.0,0.0010743337614751928,5.380461169758111e-05,1722.9663747669988,6187.2591141388075,3085.7041132533486,0.8,8.0,8.0,100.0,96,140,3,partner_consecutive_v2
G4_Onmem_wall,$\mathrm{Hel}_{10}\mathrm{IDP}_{40}$-Mem,Cter_symmetric_BB_contact_survival,symmetric_nac_bb,Any 1 banded symmetric C-ter BB,chain_pair,all,largest_cluster,50000.0,0.001019031023547184,3.8371784769835944e-05,1722.9663747669988,6187.2591141388075,3085.7041132533486,0.8,8.0,8.0,100.0,96,140,3,partner_consecutive_v2
G4_Onmem_wall,$\mathrm{Hel}_{10}\mathrm{IDP}_{40}$-Mem,Cter_symmetric_BB_contact_survival,symmetric_nac_bb,Any 1 banded symmetric C-ter BB,chain_pair,all,largest_cluster,51000.0,0.0009270948234440258,6.399334920678317e-05,1722.9663747669988,6187.2591141388075,3085.7041132533486,0.8,8.0,8.0,100.0,96,140,3,partner_consecutive_v2
G4_Onmem_wall,$\mathrm{Hel}_{10}\mathrm{IDP}_{40}$-Mem,Cter_symmetric_BB_contact_survival,symmetric_nac_bb,Any 1 banded symmetric C-ter BB,chain_pair,all,largest_cluster,52000.0,0.000897058620219216,8.572072191638657e-05,1722.9663747669988,6187.2591141388075,3085.7041132533486,0.8,8.0,8.0,100.0,96,140,3,partner_consecutive_v2
G4_Onmem_wall,$\mathrm{Hel}_{10}\mathrm{IDP}_{40}$-Mem,Cter_symmetric_BB_contact_survival,symmetric_nac_bb,Any 1 banded symmetric C-ter BB,chain_pair,all,largest_cluster,53000.0,0.000832636481480545,0.0001304326932957348,1722.9663747669988,6187.2591141388075,3085.7041132533486,0.8,8.0,8.0,100.0,96,140,3,partner_consecutive_v2
G4_Onmem_wall,$\mathrm{Hel}_{10}\mathrm{IDP}_{40}$-Mem,Cter_symmetric_BB_contact_survival,symmetric_nac_bb,Any 1 banded symmetric C-ter BB,chain_pair,all,largest_cluster,54000.0,0.0007098136677884835,3.862872400668338e-05,1722.9663747669988,6187.2591141388075,3085.7041132533486,0.8,8.0,8.0,100.0,96,140,3,partner_consecutive_v2
G4_Onmem_wall,$\mathrm{Hel}_{10}\mathrm{IDP}_{40}$-Mem,Cter_symmetric_BB_contact_survival,symmetric_nac_bb,Any 1 banded symmetric C-ter BB,chain_pair,all,largest_cluster,55000.0,0.000673600141845893,3.848749057005647e-05,1722.9663747669988,6187.2591141388075,3085.7041132533486,0.8,8.0,8.0,100.0,96,140,3,partner_consecutive_v2
G4_Onmem_wall,$\mathrm{Hel}_{10}\mathrm{IDP}_{40}$-Mem,Cter_symmetric_BB_contact_survival,symmetric_nac_bb,Any 1 banded symmetric C-ter BB,chain_pair,all,largest_cluster,56000.0,0.0006030006803894412,7.083900244813866e-05,1722.9663747669988,6187.2591141388075,3085.7041132533486,0.8,8.0,8.0,100.0,96,140,3,partner_consecutive_v2
G4_Onmem_wall,$\mathrm{Hel}_{10}\mathrm{IDP}_{40}$-Mem,Cter_symmetric_BB_contact_survival,symmetric_nac_bb,Any 1 banded symmetric C-ter BB,chain_pair,all,largest_cluster,57000.0,0.0005496628404896786,6.39036650704145e-05,1722.9663747669988,6187.2591141388075,3085.7041132533486,0.8,8.0,8.0,100.0,96,140,3,partner_consecutive_v2
G4_Onmem_wall,$\mathrm{Hel}_{10}\mathrm{IDP}_{40}$-Mem,Cter_symmetric_BB_contact_survival,symmetric_nac_bb,Any 1 banded symmetric C-ter BB,chain_pair,all,largest_cluster,58000.0,0.000526361203814726,4.585093128596817e-05,1722.9663747669988,6187.2591141388075,3085.7041132533486,0.8,8.0,8.0,100.0,96,140,3,partner_consecutive_v2
G4_Onmem_wall,$\mathrm{Hel}_{10}\mathrm{IDP}_{40}$-Mem,Cter_symmetric_BB_contact_survival,symmetric_nac_bb,Any 1 banded symmetric C-ter BB,chain_pair,all,largest_cluster,59000.0,0.00047540819817576884,3.661261697161223e-05,1722.9663747669988,6187.2591141388075,3085.7041132533486,0.8,8.0,8.0,100.0,96,140,3,partner_consecutive_v2
G4_Onmem_wall,$\mathrm{Hel}_{10}\mathrm{IDP}_{40}$-Mem,Cter_symmetric_BB_contact_survival,symmetric_nac_bb,Any 1 banded symmetric C-ter BB,chain_pair,all,largest_cluster,60000.0,0.0004582838842185968,2.4789488801513482e-05,1722.9663747669988,6187.2591141388075,3085.7041132533486,0.8,8.0,8.0,100.0,96,140,3,partner_consecutive_v2
G4_Onmem_wall,$\mathrm{Hel}_{10}\mathrm{IDP}_{40}$-Mem,Cter_symmetric_BB_contact_survival,symmetric_nac_bb,Any 1 banded symmetric C-ter BB,chain_pair,all,largest_cluster,61000.0,0.000434982247543644,6.677068956109044e-06,1722.9663747669988,6187.2591141388075,3085.7041132533486,0.8,8.0,8.0,100.0,96,140,3,partner_consecutive_v2
G4_Onmem_wall,$\mathrm{Hel}_{10}\mathrm{IDP}_{40}$-Mem,Cter_symmetric_BB_contact_survival,symmetric_nac_bb,Any 1 banded symmetric C-ter BB,chain_pair,all,largest_cluster,62000.0,0.0004005963120297827,3.889684949278369e-05,1722.9663747669988,6187.2591141388075,3085.7041132533486,0.8,8.0,8.0,100.0,96,140,3,partner_consecutive_v2
G4_Onmem_wall,$\mathrm{Hel}_{10}\mathrm{IDP}_{40}$-Mem,Cter_symmetric_BB_contact_survival,symmetric_nac_bb,Any 1 banded symmetric C-ter BB,chain_pair,all,largest_cluster,63000.0,0.00037056010880497293,5.456298181602976e-05,1722.9663747669988,6187.2591141388075,3085.7041132533486,0.8,8.0,8.0,100.0,96,140,3,partner_consecutive_v2
G4_Onmem_wall,$\mathrm{Hel}_{10}\mathrm{IDP}_{40}$-Mem,Cter_symmetric_BB_contact_survival,symmetric_nac_bb,Any 1 banded symmetric C-ter BB,chain_pair,all,largest_cluster,64000.0,0.00036199795182638694,5.754340095535476e-05,1722.9663747669988,6187.2591141388075,3085.7041132533486,0.8,8.0,8.0,100.0,96,140,3,partner_consecutive_v2
G4_Onmem_wall,$\mathrm{Hel}_{10}\mathrm{IDP}_{40}$-Mem,Cter_symmetric_BB_contact_survival,symmetric_nac_bb,Any 1 banded symmetric C-ter BB,chain_pair,all,largest_cluster,65000.0,0.00034725847213002017,3.7174382791302244e-05,1722.9663747669988,6187.2591141388075,3085.7041132533486,0.8,8.0,8.0,100.0,96,140,3,partner_consecutive_v2
G4_Onmem_wall,$\mathrm{Hel}_{10}\mathrm{IDP}_{40}$-Mem,Cter_symmetric_BB_contact_survival,symmetric_nac_bb,Any 1 banded symmetric C-ter BB,chain_pair,all,largest_cluster,66000.0,0.00034725847213002017,3.7174382791302244e-05,1722.9663747669988,6187.2591141388075,3085.7041132533486,0.8,8.0,8.0,100.0,96,140,3,partner_consecutive_v2
G4_Onmem_wall,$\mathrm{Hel}_{10}\mathrm{IDP}_{40}$-Mem,Cter_symmetric_BB_contact_survival,symmetric_nac_bb,Any 1 banded symmetric C-ter BB,chain_pair,all,largest_cluster,67000.0,0.00034725847213002017,3.7174382791302244e-05,1722.9663747669988,6187.2591141388075,3085.7041132533486,0.8,8.0,8.0,100.0,96,140,3,partner_consecutive_v2
G4_Onmem_wall,$\mathrm{Hel}_{10}\mathrm{IDP}_{40}$-Mem,Cter_symmetric_BB_contact_survival,symmetric_nac_bb,Any 1 banded symmetric C-ter BB,chain_pair,all,largest_cluster,68000.0,0.00034725847213002017,3.7174382791302244e-05,1722.9663747669988,6187.2591141388075,3085.7041132533486,0.8,8.0,8.0,100.0,96,140,3,partner_consecutive_v2
G4_Onmem_wall,$\mathrm{Hel}_{10}\mathrm{IDP}_{40}$-Mem,Cter_symmetric_BB_contact_survival,symmetric_nac_bb,Any 1 banded symmetric C-ter BB,chain_pair,all,largest_cluster,69000.0,0.00029813305691979214,5.004685826189543e-05,1722.9663747669988,6187.2591141388075,3085.7041132533486,0.8,8.0,8.0,100.0,96,140,3,partner_consecutive_v2
G4_Onmem_wall,$\mathrm{Hel}_{10}\mathrm{IDP}_{40}$-Mem,Cter_symmetric_BB_contact_survival,symmetric_nac_bb,Any 1 banded symmetric C-ter BB,chain_pair,all,largest_cluster,70000.0,0.0002833935772234254,3.60518551721597e-05,1722.9663747669988,6187.2591141388075,3085.7041132533486,0.8,8.0,8.0,100.0,96,140,3,partner_consecutive_v2
G4_Onmem_wall,$\mathrm{Hel}_{10}\mathrm{IDP}_{40}$-Mem,Cter_symmetric_BB_contact_survival,symmetric_nac_bb,Any 1 banded symmetric C-ter BB,chain_pair,all,largest_cluster,71000.0,0.000253914617830692,3.8689273460817496e-05,1722.9663747669988,6187.2591141388075,3085.7041132533486,0.8,8.0,8.0,100.0,96,140,3,partner_consecutive_v2
G4_Onmem_wall,$\mathrm{Hel}_{10}\mathrm{IDP}_{40}$-Mem,Cter_symmetric_BB_contact_survival,symmetric_nac_bb,Any 1 banded symmetric C-ter BB,chain_pair,all,largest_cluster,72000.0,0.00023917513813432527,5.384176131061582e-05,1722.9663747669988,6187.2591141388075,3085.7041132533486,0.8,8.0,8.0,100.0,96,140,3,partner_consecutive_v2
G4_Onmem_wall,$\mathrm{Hel}_{10}\mathrm{IDP}_{40}$-Mem,Cter_symmetric_BB_contact_survival,symmetric_nac_bb,Any 1 banded symmetric C-ter BB,chain_pair,all,largest_cluster,73000.0,0.00021770109188810156,4.636628785518019e-05,1722.9663747669988,6187.2591141388075,3085.7041132533486,0.8,8.0,8.0,100.0,96,140,3,partner_consecutive_v2
G4_Onmem_wall,$\mathrm{Hel}_{10}\mathrm{IDP}_{40}$-Mem,Cter_symmetric_BB_contact_survival,symmetric_nac_bb,Any 1 banded symmetric C-ter BB,chain_pair,all,largest_cluster,74000.0,0.00020913893490951554,3.4437485966888905e-05,1722.9663747669988,6187.2591141388075,3085.7041132533486,0.8,8.0,8.0,100.0,96,140,3,partner_consecutive_v2
G4_Onmem_wall,$\mathrm{Hel}_{10}\mathrm{IDP}_{40}$-Mem,Cter_symmetric_BB_contact_survival,symmetric_nac_bb,Any 1 banded symmetric C-ter BB,chain_pair,all,largest_cluster,75000.0,0.0002005767779309295,2.2700007895895315e-05,1722.9663747669988,6187.2591141388075,3085.7041132533486,0.8,8.0,8.0,100.0,96,140,3,partner_consecutive_v2
G4_Onmem_wall,$\mathrm{Hel}_{10}\mathrm{IDP}_{40}$-Mem,Cter_symmetric_BB_contact_survival,symmetric_nac_bb,Any 1 banded symmetric C-ter BB,chain_pair,all,largest_cluster,76000.0,0.00019201462095234345,1.1742333913304759e-05,1722.9663747669988,6187.2591141388075,3085.7041132533486,0.8,8.0,8.0,100.0,96,140,3,partner_consecutive_v2
G4_Onmem_wall,$\mathrm{Hel}_{10}\mathrm{IDP}_{40}$-Mem,Cter_symmetric_BB_contact_survival,symmetric_nac_bb,Any 1 banded symmetric C-ter BB,chain_pair,all,largest_cluster,77000.0,0.0001791027316847058,2.069668301605555e-05,1722.9663747669988,6187.2591141388075,3085.7041132533486,0.8,8.0,8.0,100.0,96,140,3,partner_consecutive_v2
G4_Onmem_wall,$\mathrm{Hel}_{10}\mathrm{IDP}_{40}$-Mem,Cter_symmetric_BB_contact_survival,symmetric_nac_bb,Any 1 banded symmetric C-ter BB,chain_pair,all,largest_cluster,78000.0,0.00015580109500975303,1.9258466625700774e-05,1722.9663747669988,6187.2591141388075,3085.7041132533486,0.8,8.0,8.0,100.0,96,140,3,partner_consecutive_v2
G4_Onmem_wall,$\mathrm{Hel}_{10}\mathrm{IDP}_{40}$-Mem,Cter_symmetric_BB_contact_survival,symmetric_nac_bb,Any 1 banded symmetric C-ter BB,chain_pair,all,largest_cluster,79000.0,0.00015580109500975303,1.9258466625700774e-05,1722.9663747669988,6187.2591141388075,3085.7041132533486,0.8,8.0,8.0,100.0,96,140,3,partner_consecutive_v2
G4_Onmem_wall,$\mathrm{Hel}_{10}\mathrm{IDP}_{40}$-Mem,Cter_symmetric_BB_contact_survival,symmetric_nac_bb,Any 1 banded symmetric C-ter BB,chain_pair,all,largest_cluster,80000.0,0.00014723893803116699,1.0317660468994435e-05,1722.9663747669988,6187.2591141388075,3085.7041132533486,0.8,8.0,8.0,100.0,96,140,3,partner_consecutive_v2
G4_Onmem_wall,$\mathrm{Hel}_{10}\mathrm{IDP}_{40}$-Mem,Cter_symmetric_BB_contact_survival,symmetric_nac_bb,Any 1 banded symmetric C-ter BB,chain_pair,all,largest_cluster,81000.0,0.00014723893803116699,1.0317660468994435e-05,1722.9663747669988,6187.2591141388075,3085.7041132533486,0.8,8.0,8.0,100.0,96,140,3,partner_consecutive_v2
G4_Onmem_wall,$\mathrm{Hel}_{10}\mathrm{IDP}_{40}$-Mem,Cter_symmetric_BB_contact_survival,symmetric_nac_bb,Any 1 banded symmetric C-ter BB,chain_pair,all,largest_cluster,82000.0,0.00013432704876352932,1.552251226204166e-05,1722.9663747669988,6187.2591141388075,3085.7041132533486,0.8,8.0,8.0,100.0,96,140,3,partner_consecutive_v2
G4_Onmem_wall,$\mathrm{Hel}_{10}\mathrm{IDP}_{40}$-Mem,Cter_symmetric_BB_contact_survival,symmetric_nac_bb,Any 1 banded symmetric C-ter BB,chain_pair,all,largest_cluster,83000.0,0.00013432704876352932,1.552251226204166e-05,1722.9663747669988,6187.2591141388075,3085.7041132533486,0.8,8.0,8.0,100.0,96,140,3,partner_consecutive_v2
G4_Onmem_wall,$\mathrm{Hel}_{10}\mathrm{IDP}_{40}$-Mem,Cter_symmetric_BB_contact_survival,symmetric_nac_bb,Any 1 banded symmetric C-ter BB,chain_pair,all,largest_cluster,84000.0,0.0001214151594958917,3.2284829163803255e-05,1722.9663747669988,6187.2591141388075,3085.7041132533486,0.8,8.0,8.0,100.0,96,140,3,partner_consecutive_v2
G4_Onmem_wall,$\mathrm{Hel}_{10}\mathrm{IDP}_{40}$-Mem,Cter_symmetric_BB_contact_survival,symmetric_nac_bb,Any 1 banded symmetric C-ter BB,chain_pair,all,largest_cluster,85000.0,0.00010667567979952499,3.384474202980278e-05,1722.9663747669988,6187.2591141388075,3085.7041132533486,0.8,8.0,8.0,100.0,96,140,3,partner_consecutive_v2
G4_Onmem_wall,$\mathrm{Hel}_{10}\mathrm{IDP}_{40}$-Mem,Cter_symmetric_BB_contact_survival,symmetric_nac_bb,Any 1 banded symmetric C-ter BB,chain_pair,all,largest_cluster,86000.0,9.811352282093894e-05,2.1901057126619142e-05,1722.9663747669988,6187.2591141388075,3085.7041132533486,0.8,8.0,8.0,100.0,96,140,3,partner_consecutive_v2
G4_Onmem_wall,$\mathrm{Hel}_{10}\mathrm{IDP}_{40}$-Mem,Cter_symmetric_BB_contact_survival,symmetric_nac_bb,Any 1 banded symmetric C-ter BB,chain_pair,all,largest_cluster,87000.0,9.811352282093894e-05,2.1901057126619142e-05,1722.9663747669988,6187.2591141388075,3085.7041132533486,0.8,8.0,8.0,100.0,96,140,3,partner_consecutive_v2
G4_Onmem_wall,$\mathrm{Hel}_{10}\mathrm{IDP}_{40}$-Mem,Cter_symmetric_BB_contact_survival,symmetric_nac_bb,Any 1 banded symmetric C-ter BB,chain_pair,all,largest_cluster,88000.0,8.95513658423529e-05,1.0348341508027776e-05,1722.9663747669988,6187.2591141388075,3085.7041132533486,0.8,8.0,8.0,100.0,96,140,3,partner_consecutive_v2
G4_Onmem_wall,$\mathrm{Hel}_{10}\mathrm{IDP}_{40}$-Mem,Cter_symmetric_BB_contact_survival,symmetric_nac_bb,Any 1 banded symmetric C-ter BB,chain_pair,all,largest_cluster,89000.0,8.95513658423529e-05,1.0348341508027776e-05,1722.9663747669988,6187.2591141388075,3085.7041132533486,0.8,8.0,8.0,100.0,96,140,3,partner_consecutive_v2
G4_Onmem_wall,$\mathrm{Hel}_{10}\mathrm{IDP}_{40}$-Mem,Cter_symmetric_BB_contact_survival,symmetric_nac_bb,Any 1 banded symmetric C-ter BB,chain_pair,all,largest_cluster,90000.0,8.95513658423529e-05,1.0348341508027776e-05,1722.9663747669988,6187.2591141388075,3085.7041132533486,0.8,8.0,8.0,100.0,96,140,3,partner_consecutive_v2
G4_Onmem_wall,$\mathrm{Hel}_{10}\mathrm{IDP}_{40}$-Mem,Cter_symmetric_BB_contact_survival,symmetric_nac_bb,Any 1 banded symmetric C-ter BB,chain_pair,all,largest_cluster,91000.0,8.098920886376685e-05,5.268981796695129e-06,1722.9663747669988,6187.2591141388075,3085.7041132533486,0.8,8.0,8.0,100.0,96,140,3,partner_consecutive_v2
G4_Onmem_wall,$\mathrm{Hel}_{10}\mathrm{IDP}_{40}$-Mem,Cter_symmetric_BB_contact_survival,symmetric_nac_bb,Any 1 banded symmetric C-ter BB,chain_pair,all,largest_cluster,92000.0,8.098920886376685e-05,5.268981796695129e-06,1722.9663747669988,6187.2591141388075,3085.7041132533486,0.8,8.0,8.0,100.0,96,140,3,partner_consecutive_v2
G4_Onmem_wall,$\mathrm{Hel}_{10}\mathrm{IDP}_{40}$-Mem,Cter_symmetric_BB_contact_survival,symmetric_nac_bb,Any 1 banded symmetric C-ter BB,chain_pair,all,largest_cluster,93000.0,8.098920886376685e-05,5.268981796695129e-06,1722.9663747669988,6187.2591141388075,3085.7041132533486,0.8,8.0,8.0,100.0,96,140,3,partner_consecutive_v2
G4_Onmem_wall,$\mathrm{Hel}_{10}\mathrm{IDP}_{40}$-Mem,Cter_symmetric_BB_contact_survival,symmetric_nac_bb,Any 1 banded symmetric C-ter BB,chain_pair,all,largest_cluster,94000.0,8.098920886376685e-05,5.268981796695129e-06,1722.9663747669988,6187.2591141388075,3085.7041132533486,0.8,8.0,8.0,100.0,96,140,3,partner_consecutive_v2
G4_Onmem_wall,$\mathrm{Hel}_{10}\mathrm{IDP}_{40}$-Mem,Cter_symmetric_BB_contact_survival,symmetric_nac_bb,Any 1 banded symmetric C-ter BB,chain_pair,all,largest_cluster,95000.0,8.098920886376685e-05,5.268981796695129e-06,1722.9663747669988,6187.2591141388075,3085.7041132533486,0.8,8.0,8.0,100.0,96,140,3,partner_consecutive_v2
G4_Onmem_wall,$\mathrm{Hel}_{10}\mathrm{IDP}_{40}$-Mem,Cter_symmetric_BB_contact_survival,symmetric_nac_bb,Any 1 banded symmetric C-ter BB,chain_pair,all,largest_cluster,96000.0,5.7687572188814096e-05,1.4290899172109952e-05,1722.9663747669988,6187.2591141388075,3085.7041132533486,0.8,8.0,8.0,100.0,96,140,3,partner_consecutive_v2
G4_Onmem_wall,$\mathrm{Hel}_{10}\mathrm{IDP}_{40}$-Mem,Cter_symmetric_BB_contact_survival,symmetric_nac_bb,Any 1 banded symmetric C-ter BB,chain_pair,all,largest_cluster,97000.0,5.7687572188814096e-05,1.4290899172109952e-05,1722.9663747669988,6187.2591141388075,3085.7041132533486,0.8,8.0,8.0,100.0,96,140,3,partner_consecutive_v2
G4_Onmem_wall,$\mathrm{Hel}_{10}\mathrm{IDP}_{40}$-Mem,Cter_symmetric_BB_contact_survival,symmetric_nac_bb,Any 1 banded symmetric C-ter BB,chain_pair,all,largest_cluster,98000.0,5.7687572188814096e-05,1.4290899172109952e-05,1722.9663747669988,6187.2591141388075,3085.7041132533486,0.8,8.0,8.0,100.0,96,140,3,partner_consecutive_v2
G4_Onmem_wall,$\mathrm{Hel}_{10}\mathrm{IDP}_{40}$-Mem,Cter_symmetric_BB_contact_survival,symmetric_nac_bb,Any 1 banded symmetric C-ter BB,chain_pair,all,largest_cluster,99000.0,5.7687572188814096e-05,1.4290899172109952e-05,1722.9663747669988,6187.2591141388075,3085.7041132533486,0.8,8.0,8.0,100.0,96,140,3,partner_consecutive_v2
G4_Onmem_wall,$\mathrm{Hel}_{10}\mathrm{IDP}_{40}$-Mem,Cter_symmetric_BB_contact_survival,symmetric_nac_bb,Any 1 banded symmetric C-ter BB,chain_pair,all,largest_cluster,100000.0,5.7687572188814096e-05,1.4290899172109952e-05,1722.9663747669988,6187.2591141388075,3085.7041132533486,0.8,8.0,8.0,100.0,96,140,3,partner_consecutive_v2
G4_Onmem_wall,$\mathrm{Hel}_{10}\mathrm{IDP}_{40}$-Mem,Cter_symmetric_BB_contact_survival,symmetric_nac_bb,Any 1 banded symmetric C-ter BB,chain_pair,all,largest_cluster,101000.0,5.7687572188814096e-05,1.4290899172109952e-05,1722.9663747669988,6187.2591141388075,3085.7041132533486,0.8,8.0,8.0,100.0,96,140,3,partner_consecutive_v2
G4_Onmem_wall,$\mathrm{Hel}_{10}\mathrm{IDP}_{40}$-Mem,Cter_symmetric_BB_contact_survival,symmetric_nac_bb,Any 1 banded symmetric C-ter BB,chain_pair,all,largest_cluster,102000.0,4.912541521022805e-05,2.1423925305046168e-05,1722.9663747669988,6187.2591141388075,3085.7041132533486,0.8,8.0,8.0,100.0,96,140,3,partner_consecutive_v2
G4_Onmem_wall,$\mathrm{Hel}_{10}\mathrm{IDP}_{40}$-Mem,Cter_symmetric_BB_contact_survival,symmetric_nac_bb,Any 1 banded symmetric C-ter BB,chain_pair,all,largest_cluster,103000.0,4.912541521022805e-05,2.1423925305046168e-05,1722.9663747669988,6187.2591141388075,3085.7041132533486,0.8,8.0,8.0,100.0,96,140,3,partner_consecutive_v2
G4_Onmem_wall,$\mathrm{Hel}_{10}\mathrm{IDP}_{40}$-Mem,Cter_symmetric_BB_contact_survival,symmetric_nac_bb,Any 1 banded symmetric C-ter BB,chain_pair,all,largest_cluster,104000.0,4.912541521022805e-05,2.1423925305046168e-05,1722.9663747669988,6187.2591141388075,3085.7041132533486,0.8,8.0,8.0,100.0,96,140,3,partner_consecutive_v2
G4_Onmem_wall,$\mathrm{Hel}_{10}\mathrm{IDP}_{40}$-Mem,Cter_symmetric_BB_contact_survival,symmetric_nac_bb,Any 1 banded symmetric C-ter BB,chain_pair,all,largest_cluster,105000.0,4.912541521022805e-05,2.1423925305046168e-05,1722.9663747669988,6187.2591141388075,3085.7041132533486,0.8,8.0,8.0,100.0,96,140,3,partner_consecutive_v2
G4_Onmem_wall,$\mathrm{Hel}_{10}\mathrm{IDP}_{40}$-Mem,Cter_symmetric_BB_contact_survival,symmetric_nac_bb,Any 1 banded symmetric C-ter BB,chain_pair,all,largest_cluster,106000.0,4.912541521022805e-05,2.1423925305046168e-05,1722.9663747669988,6187.2591141388075,3085.7041132533486,0.8,8.0,8.0,100.0,96,140,3,partner_consecutive_v2
G4_Onmem_wall,$\mathrm{Hel}_{10}\mathrm{IDP}_{40}$-Mem,Cter_symmetric_BB_contact_survival,symmetric_nac_bb,Any 1 banded symmetric C-ter BB,chain_pair,all,largest_cluster,107000.0,3.62135259425904e-05,7.773002876701473e-06,1722.9663747669988,6187.2591141388075,3085.7041132533486,0.8,8.0,8.0,100.0,96,140,3,partner_consecutive_v2
G4_Onmem_wall,$\mathrm{Hel}_{10}\mathrm{IDP}_{40}$-Mem,Cter_symmetric_BB_contact_survival,symmetric_nac_bb,Any 1 banded symmetric C-ter BB,chain_pair,all,largest_cluster,108000.0,3.62135259425904e-05,7.773002876701473e-06,1722.9663747669988,6187.2591141388075,3085.7041132533486,0.8,8.0,8.0,100.0,96,140,3,partner_consecutive_v2
G4_Onmem_wall,$\mathrm{Hel}_{10}\mathrm{IDP}_{40}$-Mem,Cter_symmetric_BB_contact_survival,symmetric_nac_bb,Any 1 banded symmetric C-ter BB,chain_pair,all,largest_cluster,109000.0,3.62135259425904e-05,7.773002876701473e-06,1722.9663747669988,6187.2591141388075,3085.7041132533486,0.8,8.0,8.0,100.0,96,140,3,partner_consecutive_v2
G4_Onmem_wall,$\mathrm{Hel}_{10}\mathrm{IDP}_{40}$-Mem,Cter_symmetric_BB_contact_survival,symmetric_nac_bb,Any 1 banded symmetric C-ter BB,chain_pair,all,largest_cluster,110000.0,3.62135259425904e-05,7.773002876701473e-06,1722.9663747669988,6187.2591141388075,3085.7041132533486,0.8,8.0,8.0,100.0,96,140,3,partner_consecutive_v2
G4_Onmem_wall,$\mathrm{Hel}_{10}\mathrm{IDP}_{40}$-Mem,Cter_symmetric_BB_contact_survival,symmetric_nac_bb,Any 1 banded symmetric C-ter BB,chain_pair,all,largest_cluster,111000.0,3.62135259425904e-05,7.773002876701473e-06,1722.9663747669988,6187.2591141388075,3085.7041132533486,0.8,8.0,8.0,100.0,96,140,3,partner_consecutive_v2
G4_Onmem_wall,$\mathrm{Hel}_{10}\mathrm{IDP}_{40}$-Mem,Cter_symmetric_BB_contact_survival,symmetric_nac_bb,Any 1 banded symmetric C-ter BB,chain_pair,all,largest_cluster,112000.0,3.62135259425904e-05,7.773002876701473e-06,1722.9663747669988,6187.2591141388075,3085.7041132533486,0.8,8.0,8.0,100.0,96,140,3,partner_consecutive_v2
G4_Onmem_wall,$\mathrm{Hel}_{10}\mathrm{IDP}_{40}$-Mem,Cter_symmetric_BB_contact_survival,symmetric_nac_bb,Any 1 banded symmetric C-ter BB,chain_pair,all,largest_cluster,113000.0,3.62135259425904e-05,7.773002876701473e-06,1722.9663747669988,6187.2591141388075,3085.7041132533486,0.8,8.0,8.0,100.0,96,140,3,partner_consecutive_v2
G4_Onmem_wall,$\mathrm{Hel}_{10}\mathrm{IDP}_{40}$-Mem,Cter_symmetric_BB_contact_survival,symmetric_nac_bb,Any 1 banded symmetric C-ter BB,chain_pair,all,largest_cluster,114000.0,3.62135259425904e-05,7.773002876701473e-06,1722.9663747669988,6187.2591141388075,3085.7041132533486,0.8,8.0,8.0,100.0,96,140,3,partner_consecutive_v2
G4_Onmem_wall,$\mathrm{Hel}_{10}\mathrm{IDP}_{40}$-Mem,Cter_symmetric_BB_contact_survival,symmetric_nac_bb,Any 1 banded symmetric C-ter BB,chain_pair,all,largest_cluster,115000.0,3.62135259425904e-05,7.773002876701473e-06,1722.9663747669988,6187.2591141388075,3085.7041132533486,0.8,8.0,8.0,100.0,96,140,3,partner_consecutive_v2
G4_Onmem_wall,$\mathrm{Hel}_{10}\mathrm{IDP}_{40}$-Mem,Cter_symmetric_BB_contact_survival,symmetric_nac_bb,Any 1 banded symmetric C-ter BB,chain_pair,all,largest_cluster,116000.0,2.7651368964004362e-05,1.9680173600721236e-05,1722.9663747669988,6187.2591141388075,3085.7041132533486,0.8,8.0,8.0,100.0,96,140,3,partner_consecutive_v2
G4_Onmem_wall,$\mathrm{Hel}_{10}\mathrm{IDP}_{40}$-Mem,Cter_symmetric_BB_contact_survival,symmetric_nac_bb,Any 1 banded symmetric C-ter BB,chain_pair,all,largest_cluster,117000.0,2.7651368964004362e-05,1.9680173600721236e-05,1722.9663747669988,6187.2591141388075,3085.7041132533486,0.8,8.0,8.0,100.0,96,140,3,partner_consecutive_v2
G4_Onmem_wall,$\mathrm{Hel}_{10}\mathrm{IDP}_{40}$-Mem,Cter_symmetric_BB_contact_survival,symmetric_nac_bb,Any 1 banded symmetric C-ter BB,chain_pair,all,largest_cluster,118000.0,2.7651368964004362e-05,1.9680173600721236e-05,1722.9663747669988,6187.2591141388075,3085.7041132533486,0.8,8.0,8.0,100.0,96,140,3,partner_consecutive_v2
G4_Onmem_wall,$\mathrm{Hel}_{10}\mathrm{IDP}_{40}$-Mem,Cter_symmetric_BB_contact_survival,symmetric_nac_bb,Any 1 banded symmetric C-ter BB,chain_pair,all,largest_cluster,119000.0,2.7651368964004362e-05,1.9680173600721236e-05,1722.9663747669988,6187.2591141388075,3085.7041132533486,0.8,8.0,8.0,100.0,96,140,3,partner_consecutive_v2
G4_Onmem_wall,$\mathrm{Hel}_{10}\mathrm{IDP}_{40}$-Mem,Cter_symmetric_BB_contact_survival,symmetric_nac_bb,Any 1 banded symmetric C-ter BB,chain_pair,all,largest_cluster,120000.0,2.7651368964004362e-05,1.9680173600721236e-05,1722.9663747669988,6187.2591141388075,3085.7041132533486,0.8,8.0,8.0,100.0,96,140,3,partner_consecutive_v2
G4_Onmem_wall,$\mathrm{Hel}_{10}\mathrm{IDP}_{40}$-Mem,Cter_symmetric_BB_contact_survival,symmetric_nac_bb,Any 1 banded symmetric C-ter BB,chain_pair,all,largest_cluster,121000.0,2.7651368964004362e-05,1.9680173600721236e-05,1722.9663747669988,6187.2591141388075,3085.7041132533486,0.8,8.0,8.0,100.0,96,140,3,partner_consecutive_v2
G4_Onmem_wall,$\mathrm{Hel}_{10}\mathrm{IDP}_{40}$-Mem,Cter_symmetric_BB_contact_survival,symmetric_nac_bb,Any 1 banded symmetric C-ter BB,chain_pair,all,largest_cluster,122000.0,2.7651368964004362e-05,1.9680173600721236e-05,1722.9663747669988,6187.2591141388075,3085.7041132533486,0.8,8.0,8.0,100.0,96,140,3,partner_consecutive_v2
G4_Onmem_wall,$\mathrm{Hel}_{10}\mathrm{IDP}_{40}$-Mem,Cter_symmetric_BB_contact_survival,symmetric_nac_bb,Any 1 banded symmetric C-ter BB,chain_pair,all,largest_cluster,123000.0,2.7651368964004362e-05,1.9680173600721236e-05,1722.9663747669988,6187.2591141388075,3085.7041132533486,0.8,8.0,8.0,100.0,96,140,3,partner_consecutive_v2
G4_Onmem_wall,$\mathrm{Hel}_{10}\mathrm{IDP}_{40}$-Mem,Cter_symmetric_BB_contact_survival,symmetric_nac_bb,Any 1 banded symmetric C-ter BB,chain_pair,all,largest_cluster,124000.0,2.7651368964004362e-05,1.9680173600721236e-05,1722.9663747669988,6187.2591141388075,3085.7041132533486,0.8,8.0,8.0,100.0,96,140,3,partner_consecutive_v2
G4_Onmem_wall,$\mathrm{Hel}_{10}\mathrm{IDP}_{40}$-Mem,Cter_symmetric_BB_contact_survival,symmetric_nac_bb,Any 1 banded symmetric C-ter BB,chain_pair,all,largest_cluster,125000.0,1.4739479696366719e-05,2.0844772088924684e-05,1722.9663747669988,6187.2591141388075,3085.7041132533486,0.8,8.0,8.0,100.0,96,140,3,partner_consecutive_v2
G4_Onmem_wall,$\mathrm{Hel}_{10}\mathrm{IDP}_{40}$-Mem,Cter_symmetric_BB_contact_survival,symmetric_nac_bb,Any 1 banded symmetric C-ter BB,chain_pair,all,largest_cluster,126000.0,1.4739479696366719e-05,2.0844772088924684e-05,1722.9663747669988,6187.2591141388075,3085.7041132533486,0.8,8.0,8.0,100.0,96,140,3,partner_consecutive_v2
