system,replicate,time_us,cutoff_A,Nmax
0,1,10.0,6,50
0,1,10.02,6,50
0,1,10.04,6,50
0,1,10.06,6,50
0,1,10.08,6,50
0,1,10.1,6,50
0,1,10.12,6,50
0,1,10.14,6,50
0,1,10.16,6,50
0,1,10.18,6,50
0,1,10.2,6,50
0,1,10.22,6,50
0,1,10.24,6,50
0,1,10.26,6,50
0,1,10.28,6,50
0,1,10.3,6,50
0,1,10.32,6,50
0,1,10.34,6,50
0,1,10.36,6,50
0,1,10.38,6,50
0,1,10.4,6,50
0,1,10.42,6,50
0,1,10.44,6,50
0,1,10.46,6,50
0,1,10.48,6,50
0,1,10.5,6,50
0,1,10.52,6,50
0,1,10.54,6,50
0,1,10.56,6,50
0,1,10.58,6,50
0,1,10.6,6,50
0,1,10.62,6,50
0,1,10.64,6,50
0,1,10.66,6,50
0,1,10.68,6,50
0,1,10.7,6,50
0,1,10.72,6,50
0,1,10.74,6,50
0,1,10.76,6,50
0,1,10.78,6,50
0,1,10.8,6,50
0,1,10.82,6,50
0,1,10.84,6,50
0,1,10.86,6,50
0,1,10.88,6,50
0,1,10.9,6,50
0,1,10.92,6,49
0,1,10.94,6,50
0,1,10.96,6,50
0,1,10.98,6,50
0,1,11.0,6,50
0,1,11.02,6,50
0,1,11.04,6,50
0,1,11.06,6,50
0,1,11.08,6,50
0,1,11.1,6,50
0,1,11.12,6,50
0,1,11.14,6,50
0,1,11.16,6,50
0,1,11.18,6,50
0,1,11.2,6,50
0,1,11.22,6,50
0,1,11.24,6,50
0,1,11.26,6,50
0,1,11.28,6,48
0,1,11.3,6,50
0,1,11.32,6,50
0,1,11.34,6,50
0,1,11.36,6,50
0,1,11.38,6,50
0,1,11.4,6,50
0,1,11.42,6,50
0,1,11.44,6,50
0,1,11.46,6,50
0,1,11.48,6,50
0,1,11.5,6,50
0,1,11.52,6,50
0,1,11.54,6,50
0,1,11.56,6,50
0,1,11.58,6,50
0,1,11.6,6,50
0,1,11.62,6,50
0,1,11.64,6,50
0,1,11.66,6,50
0,1,11.68,6,50
0,1,11.7,6,50
0,1,11.72,6,50
0,1,11.74,6,50
0,1,11.76,6,50
0,1,11.78,6,50
0,1,11.8,6,50
0,1,11.82,6,50
0,1,11.84,6,50
0,1,11.86,6,50
0,1,11.88,6,50
0,1,11.9,6,50
0,1,11.92,6,50
0,1,11.94,6,50
0,1,11.96,6,50
0,1,11.98,6,50
0,1,12.0,6,50
0,1,12.02,6,50
0,1,12.04,6,50
0,1,12.06,6,50
0,1,12.08,6,50
0,1,12.1,6,50
0,1,12.12,6,50
0,1,12.14,6,50
0,1,12.16,6,50
0,1,12.18,6,50
0,1,12.2,6,50
0,1,12.22,6,50
0,1,12.24,6,50
0,1,12.26,6,50
0,1,12.28,6,50
0,1,12.3,6,50
0,1,12.32,6,50
0,1,12.34,6,50
0,1,12.36,6,50
0,1,12.38,6,50
0,1,12.4,6,50
0,1,12.42,6,50
0,1,12.44,6,50
0,1,12.46,6,50
0,1,12.48,6,50
0,1,12.5,6,50
0,1,12.52,6,50
0,1,12.54,6,50
0,1,12.56,6,50
0,1,12.58,6,50
0,1,12.6,6,50
0,1,12.62,6,50
0,1,12.64,6,50
0,1,12.66,6,50
0,1,12.68,6,50
0,1,12.7,6,50
0,1,12.72,6,50
0,1,12.74,6,50
0,1,12.76,6,50
0,1,12.78,6,50
0,1,12.8,6,50
0,1,12.82,6,50
0,1,12.84,6,50
0,1,12.86,6,50
0,1,12.88,6,50
0,1,12.9,6,50
0,1,12.92,6,50
0,1,12.94,6,50
0,1,12.96,6,50
0,1,12.98,6,50
0,1,13.0,6,50
0,1,13.02,6,50
0,1,13.04,6,50
0,1,13.06,6,50
0,1,13.08,6,50
0,1,13.1,6,50
0,1,13.12,6,50
0,1,13.14,6,50
0,1,13.16,6,50
0,1,13.18,6,50
0,1,13.2,6,50
0,1,13.22,6,50
0,1,13.24,6,50
0,1,13.26,6,50
0,1,13.28,6,50
0,1,13.3,6,50
0,1,13.32,6,50
0,1,13.34,6,50
0,1,13.36,6,50
0,1,13.38,6,50
0,1,13.4,6,50
0,1,13.42,6,50
0,1,13.44,6,50
0,1,13.46,6,50
0,1,13.48,6,50
0,1,13.5,6,50
0,1,13.52,6,50
0,1,13.54,6,50
0,1,13.56,6,50
0,1,13.58,6,50
0,1,13.6,6,50
0,1,13.62,6,50
0,1,13.64,6,50
0,1,13.66,6,50
0,1,13.68,6,50
0,1,13.7,6,50
0,1,13.72,6,50
0,1,13.74,6,50
0,1,13.76,6,50
0,1,13.78,6,50
0,1,13.8,6,50
0,1,13.82,6,50
0,1,13.84,6,50
0,1,13.86,6,50
0,1,13.88,6,50
0,1,13.9,6,50
0,1,13.92,6,50
0,1,13.94,6,50
0,1,13.96,6,50
0,1,13.98,6,50
0,1,14.0,6,50
0,1,14.02,6,50
0,1,14.04,6,50
0,1,14.06,6,50
0,1,14.08,6,50
0,1,14.1,6,50
0,1,14.12,6,50
0,1,14.14,6,49
0,1,14.16,6,50
0,1,14.18,6,50
0,1,14.2,6,50
0,1,14.22,6,50
0,1,14.24,6,50
0,1,14.26,6,50
0,1,14.28,6,50
0,1,14.3,6,50
0,1,14.32,6,50
0,1,14.34,6,50
0,1,14.36,6,50
0,1,14.38,6,50
0,1,14.4,6,50
0,1,14.42,6,50
0,1,14.44,6,50
0,1,14.46,6,50
0,1,14.48,6,50
0,1,14.5,6,50
0,1,14.52,6,50
0,1,14.54,6,50
0,1,14.56,6,50
0,1,14.58,6,50
0,1,14.6,6,50
0,1,14.62,6,50
0,1,14.64,6,50
0,1,14.66,6,50
0,1,14.68,6,50
0,1,14.7,6,50
0,1,14.72,6,50
0,1,14.74,6,50
0,1,14.76,6,50
0,1,14.78,6,50
0,1,14.8,6,50
0,1,14.82,6,50
0,1,14.84,6,50
0,1,14.86,6,50
0,1,14.88,6,49
0,1,14.9,6,50
0,1,14.92,6,50
0,1,14.94,6,50
0,1,14.96,6,50
0,1,14.98,6,50
0,1,15.0,6,50
0,1,15.02,6,50
0,1,15.04,6,50
0,1,15.06,6,50
0,1,15.08,6,50
0,1,15.1,6,50
0,1,15.12,6,50
0,1,15.14,6,50
0,1,15.16,6,50
0,1,15.18,6,50
0,1,15.2,6,50
0,1,15.22,6,50
0,1,15.24,6,50
0,1,15.26,6,50
0,1,15.28,6,50
0,1,15.3,6,50
0,1,15.32,6,50
0,1,15.34,6,50
0,1,15.36,6,50
0,1,15.38,6,50
0,1,15.4,6,50
0,1,15.42,6,50
0,1,15.44,6,50
0,1,15.46,6,50
0,1,15.48,6,50
0,1,15.5,6,50
0,1,15.52,6,50
0,1,15.54,6,50
0,1,15.56,6,50
0,1,15.58,6,50
0,1,15.6,6,50
0,1,15.62,6,50
0,1,15.64,6,50
0,1,15.66,6,50
0,1,15.68,6,50
0,1,15.7,6,50
0,1,15.72,6,50
0,1,15.74,6,50
0,1,15.76,6,50
0,1,15.78,6,50
0,1,15.8,6,50
0,1,15.82,6,50
0,1,15.84,6,50
0,1,15.86,6,50
0,1,15.88,6,50
0,1,15.9,6,50
0,1,15.92,6,50
0,1,15.94,6,50
0,1,15.96,6,50
0,1,15.98,6,50
0,1,16.0,6,50
0,1,16.02,6,50
0,1,16.04,6,50
0,1,16.06,6,50
0,1,16.08,6,50
0,1,16.1,6,50
0,1,16.12,6,49
0,1,16.14,6,50
0,1,16.16,6,50
0,1,16.18,6,50
0,1,16.2,6,50
0,1,16.22,6,50
0,1,16.24,6,50
0,1,16.26,6,50
0,1,16.28,6,50
0,1,16.3,6,50
0,1,16.32,6,50
0,1,16.34,6,50
0,1,16.36,6,50
0,1,16.38,6,50
0,1,16.4,6,50
0,1,16.42,6,50
0,1,16.44,6,50
0,1,16.46,6,50
0,1,16.48,6,50
0,1,16.5,6,50
0,1,16.52,6,50
0,1,16.54,6,50
0,1,16.56,6,50
0,1,16.58,6,50
0,1,16.6,6,50
0,1,16.62,6,50
0,1,16.64,6,50
0,1,16.66,6,50
0,1,16.68,6,50
0,1,16.7,6,50
0,1,16.72,6,50
0,1,16.74,6,50
0,1,16.76,6,50
0,1,16.78,6,50
0,1,16.8,6,50
0,1,16.82,6,50
0,1,16.84,6,50
0,1,16.86,6,50
0,1,16.88,6,50
0,1,16.9,6,50
0,1,16.92,6,50
0,1,16.94,6,50
0,1,16.96,6,50
0,1,16.98,6,50
0,1,17.0,6,50
0,1,17.02,6,50
0,1,17.04,6,49
0,1,17.06,6,50
0,1,17.08,6,50
0,1,17.1,6,50
0,1,17.12,6,50
0,1,17.14,6,50
0,1,17.16,6,50
0,1,17.18,6,50
0,1,17.2,6,50
0,1,17.22,6,50
0,1,17.24,6,50
0,1,17.26,6,50
0,1,17.28,6,50
0,1,17.3,6,50
0,1,17.32,6,50
0,1,17.34,6,50
0,1,17.36,6,50
0,1,17.38,6,50
0,1,17.4,6,50
0,1,17.42,6,50
0,1,17.44,6,50
0,1,17.46,6,50
0,1,17.48,6,50
0,1,17.5,6,50
0,1,17.52,6,50
0,1,17.54,6,50
0,1,17.56,6,50
0,1,17.58,6,50
0,1,17.6,6,50
0,1,17.62,6,50
0,1,17.64,6,50
0,1,17.66,6,50
0,1,17.68,6,50
0,1,17.7,6,50
0,1,17.72,6,50
0,1,17.74,6,50
0,1,17.76,6,50
0,1,17.78,6,50
0,1,17.8,6,50
0,1,17.82,6,50
0,1,17.84,6,50
0,1,17.86,6,50
0,1,17.88,6,50
0,1,17.9,6,50
0,1,17.92,6,50
0,1,17.94,6,50
0,1,17.96,6,50
0,1,17.98,6,50
0,1,18.0,6,50
0,1,18.02,6,50
0,1,18.04,6,50
0,1,18.06,6,50
0,1,18.08,6,50
0,1,18.1,6,50
0,1,18.12,6,50
0,1,18.14,6,50
0,1,18.16,6,50
0,1,18.18,6,50
0,1,18.2,6,50
0,1,18.22,6,50
0,1,18.24,6,50
0,1,18.26,6,50
0,1,18.28,6,50
0,1,18.3,6,50
0,1,18.32,6,50
0,1,18.34,6,50
0,1,18.36,6,50
0,1,18.38,6,50
0,1,18.4,6,50
0,1,18.42,6,50
0,1,18.44,6,50
0,1,18.46,6,50
0,1,18.48,6,50
0,1,18.5,6,50
0,1,18.52,6,50
0,1,18.54,6,50
0,1,18.56,6,50
0,1,18.58,6,50
0,1,18.6,6,50
0,1,18.62,6,50
0,1,18.64,6,50
0,1,18.66,6,50
0,1,18.68,6,50
0,1,18.7,6,50
0,1,18.72,6,50
0,1,18.74,6,50
0,1,18.76,6,50
0,1,18.78,6,50
0,1,18.8,6,50
0,1,18.82,6,50
0,1,18.84,6,50
0,1,18.86,6,50
0,1,18.88,6,50
0,1,18.9,6,50
0,1,18.92,6,50
0,1,18.94,6,50
0,1,18.96,6,50
0,1,18.98,6,50
0,1,19.0,6,50
0,1,19.02,6,50
0,1,19.04,6,50
0,1,19.06,6,50
0,1,19.08,6,50
0,1,19.1,6,50
0,1,19.12,6,50
0,1,19.14,6,50
0,1,19.16,6,50
0,1,19.18,6,50
0,1,19.2,6,50
0,1,19.22,6,50
0,1,19.24,6,50
0,1,19.26,6,50
0,1,19.28,6,50
0,1,19.3,6,50
0,1,19.32,6,50
0,1,19.34,6,50
0,1,19.36,6,50
0,1,19.38,6,50
0,1,19.4,6,50
0,1,19.42,6,50
0,1,19.44,6,50
0,1,19.46,6,50
0,1,19.48,6,50
0,1,19.5,6,50
0,1,19.52,6,50
0,1,19.54,6,50
0,1,19.56,6,50
0,1,19.58,6,50
0,1,19.6,6,50
0,1,19.62,6,50
0,1,19.64,6,50
0,1,19.66,6,50
0,1,19.68,6,50
0,1,19.7,6,50
0,1,19.72,6,50
0,1,19.74,6,50
0,1,19.76,6,50
0,1,19.78,6,50
0,1,19.8,6,50
0,1,19.82,6,50
0,1,19.84,6,50
0,1,19.86,6,50
0,1,19.88,6,50
0,1,19.9,6,50
0,1,19.92,6,50
0,1,19.94,6,50
0,1,19.96,6,50
0,1,19.98,6,50
0,1,20.0,6,50
0,1,10.0,7,50
0,1,10.02,7,50
0,1,10.04,7,50
0,1,10.06,7,50
0,1,10.08,7,50
0,1,10.1,7,50
0,1,10.12,7,50
0,1,10.14,7,50
0,1,10.16,7,50
0,1,10.18,7,50
0,1,10.2,7,50
0,1,10.22,7,50
0,1,10.24,7,50
0,1,10.26,7,50
0,1,10.28,7,50
0,1,10.3,7,50
0,1,10.32,7,50
0,1,10.34,7,50
0,1,10.36,7,50
0,1,10.38,7,50
0,1,10.4,7,50
0,1,10.42,7,50
0,1,10.44,7,50
0,1,10.46,7,50
0,1,10.48,7,50
0,1,10.5,7,50
0,1,10.52,7,50
0,1,10.54,7,50
0,1,10.56,7,50
0,1,10.58,7,50
0,1,10.6,7,50
0,1,10.62,7,50
0,1,10.64,7,50
0,1,10.66,7,50
0,1,10.68,7,50
0,1,10.7,7,50
0,1,10.72,7,50
0,1,10.74,7,50
0,1,10.76,7,50
0,1,10.78,7,50
0,1,10.8,7,50
0,1,10.82,7,50
0,1,10.84,7,50
0,1,10.86,7,50
0,1,10.88,7,50
0,1,10.9,7,50
0,1,10.92,7,50
0,1,10.94,7,50
0,1,10.96,7,50
0,1,10.98,7,50
0,1,11.0,7,50
0,1,11.02,7,50
0,1,11.04,7,50
0,1,11.06,7,50
0,1,11.08,7,50
0,1,11.1,7,50
0,1,11.12,7,50
0,1,11.14,7,50
0,1,11.16,7,50
0,1,11.18,7,50
0,1,11.2,7,50
0,1,11.22,7,50
0,1,11.24,7,50
0,1,11.26,7,50
0,1,11.28,7,50
0,1,11.3,7,50
0,1,11.32,7,50
0,1,11.34,7,50
0,1,11.36,7,50
0,1,11.38,7,50
0,1,11.4,7,50
0,1,11.42,7,50
0,1,11.44,7,50
0,1,11.46,7,50
0,1,11.48,7,50
0,1,11.5,7,50
0,1,11.52,7,50
0,1,11.54,7,50
0,1,11.56,7,50
0,1,11.58,7,50
0,1,11.6,7,50
0,1,11.62,7,50
0,1,11.64,7,50
0,1,11.66,7,50
0,1,11.68,7,50
0,1,11.7,7,50
0,1,11.72,7,50
0,1,11.74,7,50
0,1,11.76,7,50
0,1,11.78,7,50
0,1,11.8,7,50
0,1,11.82,7,50
0,1,11.84,7,50
0,1,11.86,7,50
0,1,11.88,7,50
0,1,11.9,7,50
0,1,11.92,7,50
0,1,11.94,7,50
0,1,11.96,7,50
0,1,11.98,7,50
0,1,12.0,7,50
0,1,12.02,7,50
0,1,12.04,7,50
0,1,12.06,7,50
0,1,12.08,7,50
0,1,12.1,7,50
0,1,12.12,7,50
0,1,12.14,7,50
0,1,12.16,7,50
0,1,12.18,7,50
0,1,12.2,7,50
0,1,12.22,7,50
0,1,12.24,7,50
0,1,12.26,7,50
0,1,12.28,7,50
0,1,12.3,7,50
0,1,12.32,7,50
0,1,12.34,7,50
0,1,12.36,7,50
0,1,12.38,7,50
0,1,12.4,7,50
0,1,12.42,7,50
0,1,12.44,7,50
0,1,12.46,7,50
0,1,12.48,7,50
0,1,12.5,7,50
0,1,12.52,7,50
0,1,12.54,7,50
0,1,12.56,7,50
0,1,12.58,7,50
0,1,12.6,7,50
0,1,12.62,7,50
0,1,12.64,7,50
0,1,12.66,7,50
0,1,12.68,7,50
0,1,12.7,7,50
0,1,12.72,7,50
0,1,12.74,7,50
0,1,12.76,7,50
0,1,12.78,7,50
0,1,12.8,7,50
0,1,12.82,7,50
0,1,12.84,7,50
0,1,12.86,7,50
0,1,12.88,7,50
0,1,12.9,7,50
0,1,12.92,7,50
0,1,12.94,7,50
0,1,12.96,7,50
0,1,12.98,7,50
0,1,13.0,7,50
0,1,13.02,7,50
0,1,13.04,7,50
0,1,13.06,7,50
0,1,13.08,7,50
0,1,13.1,7,50
0,1,13.12,7,50
0,1,13.14,7,50
0,1,13.16,7,50
0,1,13.18,7,50
0,1,13.2,7,50
0,1,13.22,7,50
0,1,13.24,7,50
0,1,13.26,7,50
0,1,13.28,7,50
0,1,13.3,7,50
0,1,13.32,7,50
0,1,13.34,7,50
0,1,13.36,7,50
0,1,13.38,7,50
0,1,13.4,7,50
0,1,13.42,7,50
0,1,13.44,7,50
0,1,13.46,7,50
0,1,13.48,7,50
0,1,13.5,7,50
0,1,13.52,7,50
0,1,13.54,7,50
0,1,13.56,7,50
0,1,13.58,7,50
0,1,13.6,7,50
0,1,13.62,7,50
0,1,13.64,7,50
0,1,13.66,7,50
0,1,13.68,7,50
0,1,13.7,7,50
0,1,13.72,7,50
0,1,13.74,7,50
0,1,13.76,7,50
0,1,13.78,7,50
0,1,13.8,7,50
0,1,13.82,7,50
0,1,13.84,7,50
0,1,13.86,7,50
0,1,13.88,7,50
0,1,13.9,7,50
0,1,13.92,7,50
0,1,13.94,7,50
0,1,13.96,7,50
0,1,13.98,7,50
0,1,14.0,7,50
0,1,14.02,7,50
0,1,14.04,7,50
0,1,14.06,7,50
0,1,14.08,7,50
0,1,14.1,7,50
0,1,14.12,7,50
0,1,14.14,7,49
0,1,14.16,7,50
0,1,14.18,7,50
0,1,14.2,7,50
0,1,14.22,7,50
0,1,14.24,7,50
0,1,14.26,7,50
0,1,14.28,7,50
0,1,14.3,7,50
0,1,14.32,7,50
0,1,14.34,7,50
0,1,14.36,7,50
0,1,14.38,7,50
0,1,14.4,7,50
0,1,14.42,7,50
0,1,14.44,7,50
0,1,14.46,7,50
0,1,14.48,7,50
0,1,14.5,7,50
0,1,14.52,7,50
0,1,14.54,7,50
0,1,14.56,7,50
0,1,14.58,7,50
0,1,14.6,7,50
0,1,14.62,7,50
0,1,14.64,7,50
0,1,14.66,7,50
0,1,14.68,7,50
0,1,14.7,7,50
0,1,14.72,7,50
0,1,14.74,7,50
0,1,14.76,7,50
0,1,14.78,7,50
0,1,14.8,7,50
0,1,14.82,7,50
0,1,14.84,7,50
0,1,14.86,7,50
0,1,14.88,7,50
0,1,14.9,7,50
0,1,14.92,7,50
0,1,14.94,7,50
0,1,14.96,7,50
0,1,14.98,7,50
0,1,15.0,7,50
0,1,15.02,7,50
0,1,15.04,7,50
0,1,15.06,7,50
0,1,15.08,7,50
0,1,15.1,7,50
0,1,15.12,7,50
0,1,15.14,7,50
0,1,15.16,7,50
0,1,15.18,7,50
0,1,15.2,7,50
0,1,15.22,7,50
0,1,15.24,7,50
0,1,15.26,7,50
0,1,15.28,7,50
0,1,15.3,7,50
0,1,15.32,7,50
0,1,15.34,7,50
0,1,15.36,7,50
0,1,15.38,7,50
0,1,15.4,7,50
0,1,15.42,7,50
0,1,15.44,7,50
0,1,15.46,7,50
0,1,15.48,7,50
0,1,15.5,7,50
0,1,15.52,7,50
0,1,15.54,7,50
0,1,15.56,7,50
0,1,15.58,7,50
0,1,15.6,7,50
0,1,15.62,7,50
0,1,15.64,7,50
0,1,15.66,7,50
0,1,15.68,7,50
0,1,15.7,7,50
0,1,15.72,7,50
0,1,15.74,7,50
0,1,15.76,7,50
0,1,15.78,7,50
0,1,15.8,7,50
0,1,15.82,7,50
0,1,15.84,7,50
0,1,15.86,7,50
0,1,15.88,7,50
0,1,15.9,7,50
0,1,15.92,7,50
0,1,15.94,7,50
0,1,15.96,7,50
0,1,15.98,7,50
0,1,16.0,7,50
0,1,16.02,7,50
0,1,16.04,7,50
0,1,16.06,7,50
0,1,16.08,7,50
0,1,16.1,7,50
0,1,16.12,7,50
0,1,16.14,7,50
0,1,16.16,7,50
0,1,16.18,7,50
0,1,16.2,7,50
0,1,16.22,7,50
0,1,16.24,7,50
0,1,16.26,7,50
0,1,16.28,7,50
0,1,16.3,7,50
0,1,16.32,7,50
0,1,16.34,7,50
0,1,16.36,7,50
0,1,16.38,7,50
0,1,16.4,7,50
0,1,16.42,7,50
0,1,16.44,7,50
0,1,16.46,7,50
0,1,16.48,7,50
0,1,16.5,7,50
0,1,16.52,7,50
0,1,16.54,7,50
0,1,16.56,7,50
0,1,16.58,7,50
0,1,16.6,7,50
0,1,16.62,7,50
0,1,16.64,7,50
0,1,16.66,7,50
0,1,16.68,7,50
0,1,16.7,7,50
0,1,16.72,7,50
0,1,16.74,7,50
0,1,16.76,7,50
0,1,16.78,7,50
0,1,16.8,7,50
0,1,16.82,7,50
0,1,16.84,7,50
0,1,16.86,7,50
0,1,16.88,7,50
0,1,16.9,7,50
0,1,16.92,7,50
0,1,16.94,7,50
0,1,16.96,7,50
0,1,16.98,7,50
0,1,17.0,7,50
0,1,17.02,7,50
0,1,17.04,7,50
0,1,17.06,7,50
0,1,17.08,7,50
0,1,17.1,7,50
0,1,17.12,7,50
0,1,17.14,7,50
0,1,17.16,7,50
0,1,17.18,7,50
0,1,17.2,7,50
0,1,17.22,7,50
0,1,17.24,7,50
0,1,17.26,7,50
0,1,17.28,7,50
0,1,17.3,7,50
0,1,17.32,7,50
0,1,17.34,7,50
0,1,17.36,7,50
0,1,17.38,7,50
0,1,17.4,7,50
0,1,17.42,7,50
0,1,17.44,7,50
0,1,17.46,7,50
0,1,17.48,7,50
0,1,17.5,7,50
0,1,17.52,7,50
0,1,17.54,7,50
0,1,17.56,7,50
0,1,17.58,7,50
0,1,17.6,7,50
0,1,17.62,7,50
0,1,17.64,7,50
0,1,17.66,7,50
0,1,17.68,7,50
0,1,17.7,7,50
0,1,17.72,7,50
0,1,17.74,7,50
0,1,17.76,7,50
0,1,17.78,7,50
0,1,17.8,7,50
0,1,17.82,7,50
0,1,17.84,7,50
0,1,17.86,7,50
0,1,17.88,7,50
0,1,17.9,7,50
0,1,17.92,7,50
0,1,17.94,7,50
0,1,17.96,7,50
0,1,17.98,7,50
0,1,18.0,7,50
0,1,18.02,7,50
0,1,18.04,7,50
0,1,18.06,7,50
0,1,18.08,7,50
0,1,18.1,7,50
0,1,18.12,7,50
0,1,18.14,7,50
0,1,18.16,7,50
0,1,18.18,7,50
0,1,18.2,7,50
0,1,18.22,7,50
0,1,18.24,7,50
0,1,18.26,7,50
0,1,18.28,7,50
0,1,18.3,7,50
0,1,18.32,7,50
0,1,18.34,7,50
0,1,18.36,7,50
0,1,18.38,7,50
0,1,18.4,7,50
0,1,18.42,7,50
0,1,18.44,7,50
0,1,18.46,7,50
0,1,18.48,7,50
0,1,18.5,7,50
0,1,18.52,7,50
0,1,18.54,7,50
0,1,18.56,7,50
0,1,18.58,7,50
0,1,18.6,7,50
0,1,18.62,7,50
0,1,18.64,7,50
0,1,18.66,7,50
0,1,18.68,7,50
0,1,18.7,7,50
0,1,18.72,7,50
0,1,18.74,7,50
0,1,18.76,7,50
0,1,18.78,7,50
0,1,18.8,7,50
0,1,18.82,7,50
0,1,18.84,7,50
0,1,18.86,7,50
0,1,18.88,7,50
0,1,18.9,7,50
0,1,18.92,7,50
0,1,18.94,7,50
0,1,18.96,7,50
0,1,18.98,7,50
0,1,19.0,7,50
0,1,19.02,7,50
0,1,19.04,7,50
0,1,19.06,7,50
0,1,19.08,7,50
0,1,19.1,7,50
0,1,19.12,7,50
0,1,19.14,7,50
0,1,19.16,7,50
0,1,19.18,7,50
0,1,19.2,7,50
0,1,19.22,7,50
0,1,19.24,7,50
0,1,19.26,7,50
0,1,19.28,7,50
0,1,19.3,7,50
0,1,19.32,7,50
0,1,19.34,7,50
0,1,19.36,7,50
0,1,19.38,7,50
0,1,19.4,7,50
0,1,19.42,7,50
0,1,19.44,7,50
0,1,19.46,7,50
0,1,19.48,7,50
0,1,19.5,7,50
0,1,19.52,7,50
0,1,19.54,7,50
0,1,19.56,7,50
0,1,19.58,7,50
0,1,19.6,7,50
0,1,19.62,7,50
0,1,19.64,7,50
0,1,19.66,7,50
0,1,19.68,7,50
0,1,19.7,7,50
0,1,19.72,7,50
0,1,19.74,7,50
0,1,19.76,7,50
0,1,19.78,7,50
0,1,19.8,7,50
0,1,19.82,7,50
0,1,19.84,7,50
0,1,19.86,7,50
0,1,19.88,7,50
0,1,19.9,7,50
0,1,19.92,7,50
0,1,19.94,7,50
0,1,19.96,7,50
0,1,19.98,7,50
0,1,20.0,7,50
0,1,10.0,8,50
0,1,10.02,8,50
0,1,10.04,8,50
0,1,10.06,8,50
0,1,10.08,8,50
0,1,10.1,8,50
0,1,10.12,8,50
0,1,10.14,8,50
0,1,10.16,8,50
0,1,10.18,8,50
0,1,10.2,8,50
0,1,10.22,8,50
0,1,10.24,8,50
0,1,10.26,8,50
0,1,10.28,8,50
0,1,10.3,8,50
0,1,10.32,8,50
0,1,10.34,8,50
0,1,10.36,8,50
0,1,10.38,8,50
0,1,10.4,8,50
0,1,10.42,8,50
0,1,10.44,8,50
0,1,10.46,8,50
0,1,10.48,8,50
0,1,10.5,8,50
0,1,10.52,8,50
0,1,10.54,8,50
0,1,10.56,8,50
0,1,10.58,8,50
0,1,10.6,8,50
0,1,10.62,8,50
0,1,10.64,8,50
0,1,10.66,8,50
0,1,10.68,8,50
0,1,10.7,8,50
0,1,10.72,8,50
0,1,10.74,8,50
0,1,10.76,8,50
0,1,10.78,8,50
0,1,10.8,8,50
0,1,10.82,8,50
0,1,10.84,8,50
0,1,10.86,8,50
0,1,10.88,8,50
0,1,10.9,8,50
0,1,10.92,8,50
0,1,10.94,8,50
0,1,10.96,8,50
0,1,10.98,8,50
0,1,11.0,8,50
0,1,11.02,8,50
0,1,11.04,8,50
0,1,11.06,8,50
0,1,11.08,8,50
0,1,11.1,8,50
0,1,11.12,8,50
0,1,11.14,8,50
0,1,11.16,8,50
0,1,11.18,8,50
0,1,11.2,8,50
0,1,11.22,8,50
0,1,11.24,8,50
0,1,11.26,8,50
0,1,11.28,8,50
0,1,11.3,8,50
0,1,11.32,8,50
0,1,11.34,8,50
0,1,11.36,8,50
0,1,11.38,8,50
0,1,11.4,8,50
0,1,11.42,8,50
0,1,11.44,8,50
0,1,11.46,8,50
0,1,11.48,8,50
0,1,11.5,8,50
0,1,11.52,8,50
0,1,11.54,8,50
0,1,11.56,8,50
0,1,11.58,8,50
0,1,11.6,8,50
0,1,11.62,8,50
0,1,11.64,8,50
0,1,11.66,8,50
0,1,11.68,8,50
0,1,11.7,8,50
0,1,11.72,8,50
0,1,11.74,8,50
0,1,11.76,8,50
0,1,11.78,8,50
0,1,11.8,8,50
0,1,11.82,8,50
0,1,11.84,8,50
0,1,11.86,8,50
0,1,11.88,8,50
0,1,11.9,8,50
0,1,11.92,8,50
0,1,11.94,8,50
0,1,11.96,8,50
0,1,11.98,8,50
0,1,12.0,8,50
0,1,12.02,8,50
0,1,12.04,8,50
0,1,12.06,8,50
0,1,12.08,8,50
0,1,12.1,8,50
0,1,12.12,8,50
0,1,12.14,8,50
0,1,12.16,8,50
0,1,12.18,8,50
0,1,12.2,8,50
0,1,12.22,8,50
0,1,12.24,8,50
0,1,12.26,8,50
0,1,12.28,8,50
0,1,12.3,8,50
0,1,12.32,8,50
0,1,12.34,8,50
0,1,12.36,8,50
0,1,12.38,8,50
0,1,12.4,8,50
0,1,12.42,8,50
0,1,12.44,8,50
0,1,12.46,8,50
0,1,12.48,8,50
0,1,12.5,8,50
0,1,12.52,8,50
0,1,12.54,8,50
0,1,12.56,8,50
0,1,12.58,8,50
0,1,12.6,8,50
0,1,12.62,8,50
0,1,12.64,8,50
0,1,12.66,8,50
0,1,12.68,8,50
0,1,12.7,8,50
0,1,12.72,8,50
0,1,12.74,8,50
0,1,12.76,8,50
0,1,12.78,8,50
0,1,12.8,8,50
0,1,12.82,8,50
0,1,12.84,8,50
0,1,12.86,8,50
0,1,12.88,8,50
0,1,12.9,8,50
0,1,12.92,8,50
0,1,12.94,8,50
0,1,12.96,8,50
0,1,12.98,8,50
0,1,13.0,8,50
0,1,13.02,8,50
0,1,13.04,8,50
0,1,13.06,8,50
0,1,13.08,8,50
0,1,13.1,8,50
0,1,13.12,8,50
0,1,13.14,8,50
0,1,13.16,8,50
0,1,13.18,8,50
0,1,13.2,8,50
0,1,13.22,8,50
0,1,13.24,8,50
0,1,13.26,8,50
0,1,13.28,8,50
0,1,13.3,8,50
0,1,13.32,8,50
0,1,13.34,8,50
0,1,13.36,8,50
0,1,13.38,8,50
0,1,13.4,8,50
0,1,13.42,8,50
0,1,13.44,8,50
0,1,13.46,8,50
0,1,13.48,8,50
0,1,13.5,8,50
0,1,13.52,8,50
0,1,13.54,8,50
0,1,13.56,8,50
0,1,13.58,8,50
0,1,13.6,8,50
0,1,13.62,8,50
0,1,13.64,8,50
0,1,13.66,8,50
0,1,13.68,8,50
0,1,13.7,8,50
0,1,13.72,8,50
0,1,13.74,8,50
0,1,13.76,8,50
0,1,13.78,8,50
0,1,13.8,8,50
0,1,13.82,8,50
0,1,13.84,8,50
0,1,13.86,8,50
0,1,13.88,8,50
0,1,13.9,8,50
0,1,13.92,8,50
0,1,13.94,8,50
0,1,13.96,8,50
0,1,13.98,8,50
0,1,14.0,8,50
0,1,14.02,8,50
0,1,14.04,8,50
0,1,14.06,8,50
0,1,14.08,8,50
0,1,14.1,8,50
0,1,14.12,8,50
0,1,14.14,8,50
0,1,14.16,8,50
0,1,14.18,8,50
0,1,14.2,8,50
0,1,14.22,8,50
0,1,14.24,8,50
0,1,14.26,8,50
0,1,14.28,8,50
0,1,14.3,8,50
0,1,14.32,8,50
0,1,14.34,8,50
0,1,14.36,8,50
0,1,14.38,8,50
0,1,14.4,8,50
0,1,14.42,8,50
0,1,14.44,8,50
0,1,14.46,8,50
0,1,14.48,8,50
0,1,14.5,8,50
0,1,14.52,8,50
0,1,14.54,8,50
0,1,14.56,8,50
0,1,14.58,8,50
0,1,14.6,8,50
0,1,14.62,8,50
0,1,14.64,8,50
0,1,14.66,8,50
0,1,14.68,8,50
0,1,14.7,8,50
0,1,14.72,8,50
0,1,14.74,8,50
0,1,14.76,8,50
0,1,14.78,8,50
0,1,14.8,8,50
0,1,14.82,8,50
0,1,14.84,8,50
0,1,14.86,8,50
0,1,14.88,8,50
0,1,14.9,8,50
0,1,14.92,8,50
0,1,14.94,8,50
0,1,14.96,8,50
0,1,14.98,8,50
0,1,15.0,8,50
0,1,15.02,8,50
0,1,15.04,8,50
0,1,15.06,8,50
0,1,15.08,8,50
0,1,15.1,8,50
0,1,15.12,8,50
0,1,15.14,8,50
0,1,15.16,8,50
0,1,15.18,8,50
0,1,15.2,8,50
0,1,15.22,8,50
0,1,15.24,8,50
0,1,15.26,8,50
0,1,15.28,8,50
0,1,15.3,8,50
0,1,15.32,8,50
0,1,15.34,8,50
0,1,15.36,8,50
0,1,15.38,8,50
0,1,15.4,8,50
0,1,15.42,8,50
0,1,15.44,8,50
0,1,15.46,8,50
0,1,15.48,8,50
0,1,15.5,8,50
0,1,15.52,8,50
0,1,15.54,8,50
0,1,15.56,8,50
0,1,15.58,8,50
0,1,15.6,8,50
0,1,15.62,8,50
0,1,15.64,8,50
0,1,15.66,8,50
0,1,15.68,8,50
0,1,15.7,8,50
0,1,15.72,8,50
0,1,15.74,8,50
0,1,15.76,8,50
0,1,15.78,8,50
0,1,15.8,8,50
0,1,15.82,8,50
0,1,15.84,8,50
0,1,15.86,8,50
0,1,15.88,8,50
0,1,15.9,8,50
0,1,15.92,8,50
0,1,15.94,8,50
0,1,15.96,8,50
0,1,15.98,8,50
0,1,16.0,8,50
0,1,16.02,8,50
0,1,16.04,8,50
0,1,16.06,8,50
0,1,16.08,8,50
0,1,16.1,8,50
0,1,16.12,8,50
0,1,16.14,8,50
0,1,16.16,8,50
0,1,16.18,8,50
0,1,16.2,8,50
0,1,16.22,8,50
0,1,16.24,8,50
0,1,16.26,8,50
0,1,16.28,8,50
0,1,16.3,8,50
0,1,16.32,8,50
0,1,16.34,8,50
0,1,16.36,8,50
0,1,16.38,8,50
0,1,16.4,8,50
0,1,16.42,8,50
0,1,16.44,8,50
0,1,16.46,8,50
0,1,16.48,8,50
0,1,16.5,8,50
0,1,16.52,8,50
0,1,16.54,8,50
0,1,16.56,8,50
0,1,16.58,8,50
0,1,16.6,8,50
0,1,16.62,8,50
0,1,16.64,8,50
0,1,16.66,8,50
0,1,16.68,8,50
0,1,16.7,8,50
0,1,16.72,8,50
0,1,16.74,8,50
0,1,16.76,8,50
0,1,16.78,8,50
0,1,16.8,8,50
0,1,16.82,8,50
0,1,16.84,8,50
0,1,16.86,8,50
0,1,16.88,8,50
0,1,16.9,8,50
0,1,16.92,8,50
0,1,16.94,8,50
0,1,16.96,8,50
0,1,16.98,8,50
0,1,17.0,8,50
0,1,17.02,8,50
0,1,17.04,8,50
0,1,17.06,8,50
0,1,17.08,8,50
0,1,17.1,8,50
0,1,17.12,8,50
0,1,17.14,8,50
0,1,17.16,8,50
0,1,17.18,8,50
0,1,17.2,8,50
0,1,17.22,8,50
0,1,17.24,8,50
0,1,17.26,8,50
0,1,17.28,8,50
0,1,17.3,8,50
0,1,17.32,8,50
0,1,17.34,8,50
0,1,17.36,8,50
0,1,17.38,8,50
0,1,17.4,8,50
0,1,17.42,8,50
0,1,17.44,8,50
0,1,17.46,8,50
0,1,17.48,8,50
0,1,17.5,8,50
0,1,17.52,8,50
0,1,17.54,8,50
0,1,17.56,8,50
0,1,17.58,8,50
0,1,17.6,8,50
0,1,17.62,8,50
0,1,17.64,8,50
0,1,17.66,8,50
0,1,17.68,8,50
0,1,17.7,8,50
0,1,17.72,8,50
0,1,17.74,8,50
0,1,17.76,8,50
0,1,17.78,8,50
0,1,17.8,8,50
0,1,17.82,8,50
0,1,17.84,8,50
0,1,17.86,8,50
0,1,17.88,8,50
0,1,17.9,8,50
0,1,17.92,8,50
0,1,17.94,8,50
0,1,17.96,8,50
0,1,17.98,8,50
0,1,18.0,8,50
0,1,18.02,8,50
0,1,18.04,8,50
0,1,18.06,8,50
0,1,18.08,8,50
0,1,18.1,8,50
0,1,18.12,8,50
0,1,18.14,8,50
0,1,18.16,8,50
0,1,18.18,8,50
0,1,18.2,8,50
0,1,18.22,8,50
0,1,18.24,8,50
0,1,18.26,8,50
0,1,18.28,8,50
0,1,18.3,8,50
0,1,18.32,8,50
0,1,18.34,8,50
0,1,18.36,8,50
0,1,18.38,8,50
0,1,18.4,8,50
0,1,18.42,8,50
0,1,18.44,8,50
0,1,18.46,8,50
0,1,18.48,8,50
0,1,18.5,8,50
0,1,18.52,8,50
0,1,18.54,8,50
0,1,18.56,8,50
0,1,18.58,8,50
0,1,18.6,8,50
0,1,18.62,8,50
0,1,18.64,8,50
0,1,18.66,8,50
0,1,18.68,8,50
0,1,18.7,8,50
0,1,18.72,8,50
0,1,18.74,8,50
0,1,18.76,8,50
0,1,18.78,8,50
0,1,18.8,8,50
0,1,18.82,8,50
0,1,18.84,8,50
0,1,18.86,8,50
0,1,18.88,8,50
0,1,18.9,8,50
0,1,18.92,8,50
0,1,18.94,8,50
0,1,18.96,8,50
0,1,18.98,8,50
0,1,19.0,8,50
0,1,19.02,8,50
0,1,19.04,8,50
0,1,19.06,8,50
0,1,19.08,8,50
0,1,19.1,8,50
0,1,19.12,8,50
0,1,19.14,8,50
0,1,19.16,8,50
0,1,19.18,8,50
0,1,19.2,8,50
0,1,19.22,8,50
0,1,19.24,8,50
0,1,19.26,8,50
0,1,19.28,8,50
0,1,19.3,8,50
0,1,19.32,8,50
0,1,19.34,8,50
0,1,19.36,8,50
0,1,19.38,8,50
0,1,19.4,8,50
0,1,19.42,8,50
0,1,19.44,8,50
0,1,19.46,8,50
0,1,19.48,8,50
0,1,19.5,8,50
0,1,19.52,8,50
0,1,19.54,8,50
0,1,19.56,8,50
0,1,19.58,8,50
0,1,19.6,8,50
0,1,19.62,8,50
0,1,19.64,8,50
0,1,19.66,8,50
0,1,19.68,8,50
0,1,19.7,8,50
0,1,19.72,8,50
0,1,19.74,8,50
0,1,19.76,8,50
0,1,19.78,8,50
0,1,19.8,8,50
0,1,19.82,8,50
0,1,19.84,8,50
0,1,19.86,8,50
0,1,19.88,8,50
0,1,19.9,8,50
0,1,19.92,8,50
0,1,19.94,8,50
0,1,19.96,8,50
0,1,19.98,8,50
0,1,20.0,8,50
0,1,10.0,9,50
0,1,10.02,9,50
0,1,10.04,9,50
0,1,10.06,9,50
0,1,10.08,9,50
0,1,10.1,9,50
0,1,10.12,9,50
0,1,10.14,9,50
0,1,10.16,9,50
0,1,10.18,9,50
0,1,10.2,9,50
0,1,10.22,9,50
0,1,10.24,9,50
0,1,10.26,9,50
0,1,10.28,9,50
0,1,10.3,9,50
0,1,10.32,9,50
0,1,10.34,9,50
0,1,10.36,9,50
0,1,10.38,9,50
0,1,10.4,9,50
0,1,10.42,9,50
0,1,10.44,9,50
0,1,10.46,9,50
0,1,10.48,9,50
0,1,10.5,9,50
0,1,10.52,9,50
0,1,10.54,9,50
0,1,10.56,9,50
0,1,10.58,9,50
0,1,10.6,9,50
0,1,10.62,9,50
0,1,10.64,9,50
0,1,10.66,9,50
0,1,10.68,9,50
0,1,10.7,9,50
0,1,10.72,9,50
0,1,10.74,9,50
0,1,10.76,9,50
0,1,10.78,9,50
0,1,10.8,9,50
0,1,10.82,9,50
0,1,10.84,9,50
0,1,10.86,9,50
0,1,10.88,9,50
0,1,10.9,9,50
0,1,10.92,9,50
0,1,10.94,9,50
0,1,10.96,9,50
0,1,10.98,9,50
0,1,11.0,9,50
0,1,11.02,9,50
0,1,11.04,9,50
0,1,11.06,9,50
0,1,11.08,9,50
0,1,11.1,9,50
0,1,11.12,9,50
0,1,11.14,9,50
0,1,11.16,9,50
0,1,11.18,9,50
0,1,11.2,9,50
0,1,11.22,9,50
0,1,11.24,9,50
0,1,11.26,9,50
0,1,11.28,9,50
0,1,11.3,9,50
0,1,11.32,9,50
0,1,11.34,9,50
0,1,11.36,9,50
0,1,11.38,9,50
0,1,11.4,9,50
0,1,11.42,9,50
0,1,11.44,9,50
0,1,11.46,9,50
0,1,11.48,9,50
0,1,11.5,9,50
0,1,11.52,9,50
0,1,11.54,9,50
0,1,11.56,9,50
0,1,11.58,9,50
0,1,11.6,9,50
0,1,11.62,9,50
0,1,11.64,9,50
0,1,11.66,9,50
0,1,11.68,9,50
0,1,11.7,9,50
0,1,11.72,9,50
0,1,11.74,9,50
0,1,11.76,9,50
0,1,11.78,9,50
0,1,11.8,9,50
0,1,11.82,9,50
0,1,11.84,9,50
0,1,11.86,9,50
0,1,11.88,9,50
0,1,11.9,9,50
0,1,11.92,9,50
0,1,11.94,9,50
0,1,11.96,9,50
0,1,11.98,9,50
0,1,12.0,9,50
0,1,12.02,9,50
0,1,12.04,9,50
0,1,12.06,9,50
0,1,12.08,9,50
0,1,12.1,9,50
0,1,12.12,9,50
0,1,12.14,9,50
0,1,12.16,9,50
0,1,12.18,9,50
0,1,12.2,9,50
0,1,12.22,9,50
0,1,12.24,9,50
0,1,12.26,9,50
0,1,12.28,9,50
0,1,12.3,9,50
0,1,12.32,9,50
0,1,12.34,9,50
0,1,12.36,9,50
0,1,12.38,9,50
0,1,12.4,9,50
0,1,12.42,9,50
0,1,12.44,9,50
0,1,12.46,9,50
0,1,12.48,9,50
0,1,12.5,9,50
0,1,12.52,9,50
0,1,12.54,9,50
0,1,12.56,9,50
0,1,12.58,9,50
0,1,12.6,9,50
0,1,12.62,9,50
0,1,12.64,9,50
0,1,12.66,9,50
0,1,12.68,9,50
0,1,12.7,9,50
0,1,12.72,9,50
0,1,12.74,9,50
0,1,12.76,9,50
0,1,12.78,9,50
0,1,12.8,9,50
0,1,12.82,9,50
0,1,12.84,9,50
0,1,12.86,9,50
0,1,12.88,9,50
0,1,12.9,9,50
0,1,12.92,9,50
0,1,12.94,9,50
0,1,12.96,9,50
0,1,12.98,9,50
0,1,13.0,9,50
0,1,13.02,9,50
0,1,13.04,9,50
0,1,13.06,9,50
0,1,13.08,9,50
0,1,13.1,9,50
0,1,13.12,9,50
0,1,13.14,9,50
0,1,13.16,9,50
0,1,13.18,9,50
0,1,13.2,9,50
0,1,13.22,9,50
0,1,13.24,9,50
0,1,13.26,9,50
0,1,13.28,9,50
0,1,13.3,9,50
0,1,13.32,9,50
0,1,13.34,9,50
0,1,13.36,9,50
0,1,13.38,9,50
0,1,13.4,9,50
0,1,13.42,9,50
0,1,13.44,9,50
0,1,13.46,9,50
0,1,13.48,9,50
0,1,13.5,9,50
0,1,13.52,9,50
0,1,13.54,9,50
0,1,13.56,9,50
0,1,13.58,9,50
0,1,13.6,9,50
0,1,13.62,9,50
0,1,13.64,9,50
0,1,13.66,9,50
0,1,13.68,9,50
0,1,13.7,9,50
0,1,13.72,9,50
0,1,13.74,9,50
0,1,13.76,9,50
0,1,13.78,9,50
0,1,13.8,9,50
0,1,13.82,9,50
0,1,13.84,9,50
0,1,13.86,9,50
0,1,13.88,9,50
0,1,13.9,9,50
0,1,13.92,9,50
0,1,13.94,9,50
0,1,13.96,9,50
0,1,13.98,9,50
0,1,14.0,9,50
0,1,14.02,9,50
0,1,14.04,9,50
0,1,14.06,9,50
0,1,14.08,9,50
0,1,14.1,9,50
0,1,14.12,9,50
0,1,14.14,9,50
0,1,14.16,9,50
0,1,14.18,9,50
0,1,14.2,9,50
0,1,14.22,9,50
0,1,14.24,9,50
0,1,14.26,9,50
0,1,14.28,9,50
0,1,14.3,9,50
0,1,14.32,9,50
0,1,14.34,9,50
0,1,14.36,9,50
0,1,14.38,9,50
0,1,14.4,9,50
0,1,14.42,9,50
0,1,14.44,9,50
0,1,14.46,9,50
0,1,14.48,9,50
0,1,14.5,9,50
0,1,14.52,9,50
0,1,14.54,9,50
0,1,14.56,9,50
0,1,14.58,9,50
0,1,14.6,9,50
0,1,14.62,9,50
0,1,14.64,9,50
0,1,14.66,9,50
0,1,14.68,9,50
0,1,14.7,9,50
0,1,14.72,9,50
0,1,14.74,9,50
0,1,14.76,9,50
0,1,14.78,9,50
0,1,14.8,9,50
0,1,14.82,9,50
0,1,14.84,9,50
0,1,14.86,9,50
0,1,14.88,9,50
0,1,14.9,9,50
0,1,14.92,9,50
0,1,14.94,9,50
0,1,14.96,9,50
0,1,14.98,9,50
0,1,15.0,9,50
0,1,15.02,9,50
0,1,15.04,9,50
0,1,15.06,9,50
0,1,15.08,9,50
0,1,15.1,9,50
0,1,15.12,9,50
0,1,15.14,9,50
0,1,15.16,9,50
0,1,15.18,9,50
0,1,15.2,9,50
0,1,15.22,9,50
0,1,15.24,9,50
0,1,15.26,9,50
0,1,15.28,9,50
0,1,15.3,9,50
0,1,15.32,9,50
0,1,15.34,9,50
0,1,15.36,9,50
0,1,15.38,9,50
0,1,15.4,9,50
0,1,15.42,9,50
0,1,15.44,9,50
0,1,15.46,9,50
0,1,15.48,9,50
0,1,15.5,9,50
0,1,15.52,9,50
0,1,15.54,9,50
0,1,15.56,9,50
0,1,15.58,9,50
0,1,15.6,9,50
0,1,15.62,9,50
0,1,15.64,9,50
0,1,15.66,9,50
0,1,15.68,9,50
0,1,15.7,9,50
0,1,15.72,9,50
0,1,15.74,9,50
0,1,15.76,9,50
0,1,15.78,9,50
0,1,15.8,9,50
0,1,15.82,9,50
0,1,15.84,9,50
0,1,15.86,9,50
0,1,15.88,9,50
0,1,15.9,9,50
0,1,15.92,9,50
0,1,15.94,9,50
0,1,15.96,9,50
0,1,15.98,9,50
0,1,16.0,9,50
0,1,16.02,9,50
0,1,16.04,9,50
0,1,16.06,9,50
0,1,16.08,9,50
0,1,16.1,9,50
0,1,16.12,9,50
0,1,16.14,9,50
0,1,16.16,9,50
0,1,16.18,9,50
0,1,16.2,9,50
0,1,16.22,9,50
0,1,16.24,9,50
0,1,16.26,9,50
0,1,16.28,9,50
0,1,16.3,9,50
0,1,16.32,9,50
0,1,16.34,9,50
0,1,16.36,9,50
0,1,16.38,9,50
0,1,16.4,9,50
0,1,16.42,9,50
0,1,16.44,9,50
0,1,16.46,9,50
0,1,16.48,9,50
0,1,16.5,9,50
0,1,16.52,9,50
0,1,16.54,9,50
0,1,16.56,9,50
0,1,16.58,9,50
0,1,16.6,9,50
0,1,16.62,9,50
0,1,16.64,9,50
0,1,16.66,9,50
0,1,16.68,9,50
0,1,16.7,9,50
0,1,16.72,9,50
0,1,16.74,9,50
0,1,16.76,9,50
0,1,16.78,9,50
0,1,16.8,9,50
0,1,16.82,9,50
0,1,16.84,9,50
0,1,16.86,9,50
0,1,16.88,9,50
0,1,16.9,9,50
0,1,16.92,9,50
0,1,16.94,9,50
0,1,16.96,9,50
0,1,16.98,9,50
0,1,17.0,9,50
0,1,17.02,9,50
0,1,17.04,9,50
0,1,17.06,9,50
0,1,17.08,9,50
0,1,17.1,9,50
0,1,17.12,9,50
0,1,17.14,9,50
0,1,17.16,9,50
0,1,17.18,9,50
0,1,17.2,9,50
0,1,17.22,9,50
0,1,17.24,9,50
0,1,17.26,9,50
0,1,17.28,9,50
0,1,17.3,9,50
0,1,17.32,9,50
0,1,17.34,9,50
0,1,17.36,9,50
0,1,17.38,9,50
0,1,17.4,9,50
0,1,17.42,9,50
0,1,17.44,9,50
0,1,17.46,9,50
0,1,17.48,9,50
0,1,17.5,9,50
0,1,17.52,9,50
0,1,17.54,9,50
0,1,17.56,9,50
0,1,17.58,9,50
0,1,17.6,9,50
0,1,17.62,9,50
0,1,17.64,9,50
0,1,17.66,9,50
0,1,17.68,9,50
0,1,17.7,9,50
0,1,17.72,9,50
0,1,17.74,9,50
0,1,17.76,9,50
0,1,17.78,9,50
0,1,17.8,9,50
0,1,17.82,9,50
0,1,17.84,9,50
0,1,17.86,9,50
0,1,17.88,9,50
0,1,17.9,9,50
0,1,17.92,9,50
0,1,17.94,9,50
0,1,17.96,9,50
0,1,17.98,9,50
0,1,18.0,9,50
0,1,18.02,9,50
0,1,18.04,9,50
0,1,18.06,9,50
0,1,18.08,9,50
0,1,18.1,9,50
0,1,18.12,9,50
0,1,18.14,9,50
0,1,18.16,9,50
0,1,18.18,9,50
0,1,18.2,9,50
0,1,18.22,9,50
0,1,18.24,9,50
0,1,18.26,9,50
0,1,18.28,9,50
0,1,18.3,9,50
0,1,18.32,9,50
0,1,18.34,9,50
0,1,18.36,9,50
0,1,18.38,9,50
0,1,18.4,9,50
0,1,18.42,9,50
0,1,18.44,9,50
0,1,18.46,9,50
0,1,18.48,9,50
0,1,18.5,9,50
0,1,18.52,9,50
0,1,18.54,9,50
0,1,18.56,9,50
0,1,18.58,9,50
0,1,18.6,9,50
0,1,18.62,9,50
0,1,18.64,9,50
0,1,18.66,9,50
0,1,18.68,9,50
0,1,18.7,9,50
0,1,18.72,9,50
0,1,18.74,9,50
0,1,18.76,9,50
0,1,18.78,9,50
0,1,18.8,9,50
0,1,18.82,9,50
0,1,18.84,9,50
0,1,18.86,9,50
0,1,18.88,9,50
0,1,18.9,9,50
0,1,18.92,9,50
0,1,18.94,9,50
0,1,18.96,9,50
0,1,18.98,9,50
0,1,19.0,9,50
0,1,19.02,9,50
0,1,19.04,9,50
0,1,19.06,9,50
0,1,19.08,9,50
0,1,19.1,9,50
0,1,19.12,9,50
0,1,19.14,9,50
0,1,19.16,9,50
0,1,19.18,9,50
0,1,19.2,9,50
0,1,19.22,9,50
0,1,19.24,9,50
0,1,19.26,9,50
0,1,19.28,9,50
0,1,19.3,9,50
0,1,19.32,9,50
0,1,19.34,9,50
0,1,19.36,9,50
0,1,19.38,9,50
0,1,19.4,9,50
0,1,19.42,9,50
0,1,19.44,9,50
0,1,19.46,9,50
0,1,19.48,9,50
0,1,19.5,9,50
0,1,19.52,9,50
0,1,19.54,9,50
0,1,19.56,9,50
0,1,19.58,9,50
0,1,19.6,9,50
0,1,19.62,9,50
0,1,19.64,9,50
0,1,19.66,9,50
0,1,19.68,9,50
0,1,19.7,9,50
0,1,19.72,9,50
0,1,19.74,9,50
0,1,19.76,9,50
0,1,19.78,9,50
0,1,19.8,9,50
0,1,19.82,9,50
0,1,19.84,9,50
0,1,19.86,9,50
0,1,19.88,9,50
0,1,19.9,9,50
0,1,19.92,9,50
0,1,19.94,9,50
0,1,19.96,9,50
0,1,19.98,9,50
0,1,20.0,9,50
0,1,10.0,10,50
0,1,10.02,10,50
0,1,10.04,10,50
0,1,10.06,10,50
0,1,10.08,10,50
0,1,10.1,10,50
0,1,10.12,10,50
0,1,10.14,10,50
0,1,10.16,10,50
0,1,10.18,10,50
0,1,10.2,10,50
0,1,10.22,10,50
0,1,10.24,10,50
0,1,10.26,10,50
0,1,10.28,10,50
0,1,10.3,10,50
0,1,10.32,10,50
0,1,10.34,10,50
0,1,10.36,10,50
0,1,10.38,10,50
0,1,10.4,10,50
0,1,10.42,10,50
0,1,10.44,10,50
0,1,10.46,10,50
0,1,10.48,10,50
0,1,10.5,10,50
0,1,10.52,10,50
0,1,10.54,10,50
0,1,10.56,10,50
0,1,10.58,10,50
0,1,10.6,10,50
0,1,10.62,10,50
0,1,10.64,10,50
0,1,10.66,10,50
0,1,10.68,10,50
0,1,10.7,10,50
0,1,10.72,10,50
0,1,10.74,10,50
0,1,10.76,10,50
0,1,10.78,10,50
0,1,10.8,10,50
0,1,10.82,10,50
0,1,10.84,10,50
0,1,10.86,10,50
0,1,10.88,10,50
0,1,10.9,10,50
0,1,10.92,10,50
0,1,10.94,10,50
0,1,10.96,10,50
0,1,10.98,10,50
0,1,11.0,10,50
0,1,11.02,10,50
0,1,11.04,10,50
0,1,11.06,10,50
0,1,11.08,10,50
0,1,11.1,10,50
0,1,11.12,10,50
0,1,11.14,10,50
0,1,11.16,10,50
0,1,11.18,10,50
0,1,11.2,10,50
0,1,11.22,10,50
0,1,11.24,10,50
0,1,11.26,10,50
0,1,11.28,10,50
0,1,11.3,10,50
0,1,11.32,10,50
0,1,11.34,10,50
0,1,11.36,10,50
0,1,11.38,10,50
0,1,11.4,10,50
0,1,11.42,10,50
0,1,11.44,10,50
0,1,11.46,10,50
0,1,11.48,10,50
0,1,11.5,10,50
0,1,11.52,10,50
0,1,11.54,10,50
0,1,11.56,10,50
0,1,11.58,10,50
0,1,11.6,10,50
0,1,11.62,10,50
0,1,11.64,10,50
0,1,11.66,10,50
0,1,11.68,10,50
0,1,11.7,10,50
0,1,11.72,10,50
0,1,11.74,10,50
0,1,11.76,10,50
0,1,11.78,10,50
0,1,11.8,10,50
0,1,11.82,10,50
0,1,11.84,10,50
0,1,11.86,10,50
0,1,11.88,10,50
0,1,11.9,10,50
0,1,11.92,10,50
0,1,11.94,10,50
0,1,11.96,10,50
0,1,11.98,10,50
0,1,12.0,10,50
0,1,12.02,10,50
0,1,12.04,10,50
0,1,12.06,10,50
0,1,12.08,10,50
0,1,12.1,10,50
0,1,12.12,10,50
0,1,12.14,10,50
0,1,12.16,10,50
0,1,12.18,10,50
0,1,12.2,10,50
0,1,12.22,10,50
0,1,12.24,10,50
0,1,12.26,10,50
0,1,12.28,10,50
0,1,12.3,10,50
0,1,12.32,10,50
0,1,12.34,10,50
0,1,12.36,10,50
0,1,12.38,10,50
0,1,12.4,10,50
0,1,12.42,10,50
0,1,12.44,10,50
0,1,12.46,10,50
0,1,12.48,10,50
0,1,12.5,10,50
0,1,12.52,10,50
0,1,12.54,10,50
0,1,12.56,10,50
0,1,12.58,10,50
0,1,12.6,10,50
0,1,12.62,10,50
0,1,12.64,10,50
0,1,12.66,10,50
0,1,12.68,10,50
0,1,12.7,10,50
0,1,12.72,10,50
0,1,12.74,10,50
0,1,12.76,10,50
0,1,12.78,10,50
0,1,12.8,10,50
0,1,12.82,10,50
0,1,12.84,10,50
0,1,12.86,10,50
0,1,12.88,10,50
0,1,12.9,10,50
0,1,12.92,10,50
0,1,12.94,10,50
0,1,12.96,10,50
0,1,12.98,10,50
0,1,13.0,10,50
0,1,13.02,10,50
0,1,13.04,10,50
0,1,13.06,10,50
0,1,13.08,10,50
0,1,13.1,10,50
0,1,13.12,10,50
0,1,13.14,10,50
0,1,13.16,10,50
0,1,13.18,10,50
0,1,13.2,10,50
0,1,13.22,10,50
0,1,13.24,10,50
0,1,13.26,10,50
0,1,13.28,10,50
0,1,13.3,10,50
0,1,13.32,10,50
0,1,13.34,10,50
0,1,13.36,10,50
0,1,13.38,10,50
0,1,13.4,10,50
0,1,13.42,10,50
0,1,13.44,10,50
0,1,13.46,10,50
0,1,13.48,10,50
0,1,13.5,10,50
0,1,13.52,10,50
0,1,13.54,10,50
0,1,13.56,10,50
0,1,13.58,10,50
0,1,13.6,10,50
0,1,13.62,10,50
0,1,13.64,10,50
0,1,13.66,10,50
0,1,13.68,10,50
0,1,13.7,10,50
0,1,13.72,10,50
0,1,13.74,10,50
0,1,13.76,10,50
0,1,13.78,10,50
0,1,13.8,10,50
0,1,13.82,10,50
0,1,13.84,10,50
0,1,13.86,10,50
0,1,13.88,10,50
0,1,13.9,10,50
0,1,13.92,10,50
0,1,13.94,10,50
0,1,13.96,10,50
0,1,13.98,10,50
0,1,14.0,10,50
0,1,14.02,10,50
0,1,14.04,10,50
0,1,14.06,10,50
0,1,14.08,10,50
0,1,14.1,10,50
0,1,14.12,10,50
0,1,14.14,10,50
0,1,14.16,10,50
0,1,14.18,10,50
0,1,14.2,10,50
0,1,14.22,10,50
0,1,14.24,10,50
0,1,14.26,10,50
0,1,14.28,10,50
0,1,14.3,10,50
0,1,14.32,10,50
0,1,14.34,10,50
0,1,14.36,10,50
0,1,14.38,10,50
0,1,14.4,10,50
0,1,14.42,10,50
0,1,14.44,10,50
0,1,14.46,10,50
0,1,14.48,10,50
0,1,14.5,10,50
0,1,14.52,10,50
0,1,14.54,10,50
0,1,14.56,10,50
0,1,14.58,10,50
0,1,14.6,10,50
0,1,14.62,10,50
0,1,14.64,10,50
0,1,14.66,10,50
0,1,14.68,10,50
0,1,14.7,10,50
0,1,14.72,10,50
0,1,14.74,10,50
0,1,14.76,10,50
0,1,14.78,10,50
0,1,14.8,10,50
0,1,14.82,10,50
0,1,14.84,10,50
0,1,14.86,10,50
0,1,14.88,10,50
0,1,14.9,10,50
0,1,14.92,10,50
0,1,14.94,10,50
0,1,14.96,10,50
0,1,14.98,10,50
0,1,15.0,10,50
0,1,15.02,10,50
0,1,15.04,10,50
0,1,15.06,10,50
0,1,15.08,10,50
0,1,15.1,10,50
0,1,15.12,10,50
0,1,15.14,10,50
0,1,15.16,10,50
0,1,15.18,10,50
0,1,15.2,10,50
0,1,15.22,10,50
0,1,15.24,10,50
0,1,15.26,10,50
0,1,15.28,10,50
0,1,15.3,10,50
0,1,15.32,10,50
0,1,15.34,10,50
0,1,15.36,10,50
0,1,15.38,10,50
0,1,15.4,10,50
0,1,15.42,10,50
0,1,15.44,10,50
0,1,15.46,10,50
0,1,15.48,10,50
0,1,15.5,10,50
0,1,15.52,10,50
0,1,15.54,10,50
0,1,15.56,10,50
0,1,15.58,10,50
0,1,15.6,10,50
0,1,15.62,10,50
0,1,15.64,10,50
0,1,15.66,10,50
0,1,15.68,10,50
0,1,15.7,10,50
0,1,15.72,10,50
0,1,15.74,10,50
0,1,15.76,10,50
0,1,15.78,10,50
0,1,15.8,10,50
0,1,15.82,10,50
0,1,15.84,10,50
0,1,15.86,10,50
0,1,15.88,10,50
0,1,15.9,10,50
0,1,15.92,10,50
0,1,15.94,10,50
0,1,15.96,10,50
0,1,15.98,10,50
0,1,16.0,10,50
0,1,16.02,10,50
0,1,16.04,10,50
0,1,16.06,10,50
0,1,16.08,10,50
0,1,16.1,10,50
0,1,16.12,10,50
0,1,16.14,10,50
0,1,16.16,10,50
0,1,16.18,10,50
0,1,16.2,10,50
0,1,16.22,10,50
0,1,16.24,10,50
0,1,16.26,10,50
0,1,16.28,10,50
0,1,16.3,10,50
0,1,16.32,10,50
0,1,16.34,10,50
0,1,16.36,10,50
0,1,16.38,10,50
0,1,16.4,10,50
0,1,16.42,10,50
0,1,16.44,10,50
0,1,16.46,10,50
0,1,16.48,10,50
0,1,16.5,10,50
0,1,16.52,10,50
0,1,16.54,10,50
0,1,16.56,10,50
0,1,16.58,10,50
0,1,16.6,10,50
0,1,16.62,10,50
0,1,16.64,10,50
0,1,16.66,10,50
0,1,16.68,10,50
0,1,16.7,10,50
0,1,16.72,10,50
0,1,16.74,10,50
0,1,16.76,10,50
0,1,16.78,10,50
0,1,16.8,10,50
0,1,16.82,10,50
0,1,16.84,10,50
0,1,16.86,10,50
0,1,16.88,10,50
0,1,16.9,10,50
0,1,16.92,10,50
0,1,16.94,10,50
0,1,16.96,10,50
0,1,16.98,10,50
0,1,17.0,10,50
0,1,17.02,10,50
0,1,17.04,10,50
0,1,17.06,10,50
0,1,17.08,10,50
0,1,17.1,10,50
0,1,17.12,10,50
0,1,17.14,10,50
0,1,17.16,10,50
0,1,17.18,10,50
0,1,17.2,10,50
0,1,17.22,10,50
0,1,17.24,10,50
0,1,17.26,10,50
0,1,17.28,10,50
0,1,17.3,10,50
0,1,17.32,10,50
0,1,17.34,10,50
0,1,17.36,10,50
0,1,17.38,10,50
0,1,17.4,10,50
0,1,17.42,10,50
0,1,17.44,10,50
0,1,17.46,10,50
0,1,17.48,10,50
0,1,17.5,10,50
0,1,17.52,10,50
0,1,17.54,10,50
0,1,17.56,10,50
0,1,17.58,10,50
0,1,17.6,10,50
0,1,17.62,10,50
0,1,17.64,10,50
0,1,17.66,10,50
0,1,17.68,10,50
0,1,17.7,10,50
0,1,17.72,10,50
0,1,17.74,10,50
0,1,17.76,10,50
0,1,17.78,10,50
0,1,17.8,10,50
0,1,17.82,10,50
0,1,17.84,10,50
0,1,17.86,10,50
0,1,17.88,10,50
0,1,17.9,10,50
0,1,17.92,10,50
0,1,17.94,10,50
0,1,17.96,10,50
0,1,17.98,10,50
0,1,18.0,10,50
0,1,18.02,10,50
0,1,18.04,10,50
0,1,18.06,10,50
0,1,18.08,10,50
0,1,18.1,10,50
0,1,18.12,10,50
0,1,18.14,10,50
0,1,18.16,10,50
0,1,18.18,10,50
0,1,18.2,10,50
0,1,18.22,10,50
0,1,18.24,10,50
0,1,18.26,10,50
0,1,18.28,10,50
0,1,18.3,10,50
0,1,18.32,10,50
0,1,18.34,10,50
0,1,18.36,10,50
0,1,18.38,10,50
0,1,18.4,10,50
0,1,18.42,10,50
0,1,18.44,10,50
0,1,18.46,10,50
0,1,18.48,10,50
0,1,18.5,10,50
0,1,18.52,10,50
0,1,18.54,10,50
0,1,18.56,10,50
0,1,18.58,10,50
0,1,18.6,10,50
0,1,18.62,10,50
0,1,18.64,10,50
0,1,18.66,10,50
0,1,18.68,10,50
0,1,18.7,10,50
0,1,18.72,10,50
0,1,18.74,10,50
0,1,18.76,10,50
0,1,18.78,10,50
0,1,18.8,10,50
0,1,18.82,10,50
0,1,18.84,10,50
0,1,18.86,10,50
0,1,18.88,10,50
0,1,18.9,10,50
0,1,18.92,10,50
0,1,18.94,10,50
0,1,18.96,10,50
0,1,18.98,10,50
0,1,19.0,10,50
0,1,19.02,10,50
0,1,19.04,10,50
0,1,19.06,10,50
0,1,19.08,10,50
0,1,19.1,10,50
0,1,19.12,10,50
0,1,19.14,10,50
0,1,19.16,10,50
0,1,19.18,10,50
0,1,19.2,10,50
0,1,19.22,10,50
0,1,19.24,10,50
0,1,19.26,10,50
0,1,19.28,10,50
0,1,19.3,10,50
0,1,19.32,10,50
0,1,19.34,10,50
0,1,19.36,10,50
0,1,19.38,10,50
0,1,19.4,10,50
0,1,19.42,10,50
0,1,19.44,10,50
0,1,19.46,10,50
0,1,19.48,10,50
0,1,19.5,10,50
0,1,19.52,10,50
0,1,19.54,10,50
0,1,19.56,10,50
0,1,19.58,10,50
0,1,19.6,10,50
0,1,19.62,10,50
0,1,19.64,10,50
0,1,19.66,10,50
0,1,19.68,10,50
0,1,19.7,10,50
0,1,19.72,10,50
0,1,19.74,10,50
0,1,19.76,10,50
0,1,19.78,10,50
0,1,19.8,10,50
0,1,19.82,10,50
0,1,19.84,10,50
0,1,19.86,10,50
0,1,19.88,10,50
0,1,19.9,10,50
0,1,19.92,10,50
0,1,19.94,10,50
0,1,19.96,10,50
0,1,19.98,10,50
0,1,20.0,10,50
0,2,10.0,6,49
0,2,10.02,6,49
0,2,10.04,6,49
0,2,10.06,6,49
0,2,10.08,6,49
0,2,10.1,6,49
0,2,10.12,6,49
0,2,10.14,6,49
0,2,10.16,6,48
0,2,10.18,6,48
0,2,10.2,6,49
0,2,10.22,6,49
0,2,10.24,6,49
0,2,10.26,6,49
0,2,10.28,6,49
0,2,10.3,6,49
0,2,10.32,6,49
0,2,10.34,6,49
0,2,10.36,6,49
0,2,10.38,6,49
0,2,10.4,6,49
0,2,10.42,6,49
0,2,10.44,6,49
0,2,10.46,6,49
0,2,10.48,6,49
0,2,10.5,6,49
0,2,10.52,6,49
0,2,10.54,6,49
0,2,10.56,6,49
0,2,10.58,6,49
0,2,10.6,6,49
0,2,10.62,6,49
0,2,10.64,6,49
0,2,10.66,6,49
0,2,10.68,6,49
0,2,10.7,6,49
0,2,10.72,6,49
0,2,10.74,6,49
0,2,10.76,6,49
0,2,10.78,6,49
0,2,10.8,6,49
0,2,10.82,6,49
0,2,10.84,6,49
0,2,10.86,6,49
0,2,10.88,6,49
0,2,10.9,6,49
0,2,10.92,6,49
0,2,10.94,6,49
0,2,10.96,6,49
0,2,10.98,6,49
0,2,11.0,6,49
0,2,11.02,6,49
0,2,11.04,6,49
0,2,11.06,6,49
0,2,11.08,6,49
0,2,11.1,6,49
0,2,11.12,6,49
0,2,11.14,6,49
0,2,11.16,6,49
0,2,11.18,6,49
0,2,11.2,6,49
0,2,11.22,6,49
0,2,11.24,6,49
0,2,11.26,6,49
0,2,11.28,6,49
0,2,11.3,6,49
0,2,11.32,6,49
0,2,11.34,6,49
0,2,11.36,6,49
0,2,11.38,6,49
0,2,11.4,6,49
0,2,11.42,6,49
0,2,11.44,6,49
0,2,11.46,6,49
0,2,11.48,6,49
0,2,11.5,6,49
0,2,11.52,6,49
0,2,11.54,6,49
0,2,11.56,6,49
0,2,11.58,6,49
0,2,11.6,6,49
0,2,11.62,6,49
0,2,11.64,6,49
0,2,11.66,6,49
0,2,11.68,6,49
0,2,11.7,6,49
0,2,11.72,6,49
0,2,11.74,6,49
0,2,11.76,6,49
0,2,11.78,6,49
0,2,11.8,6,49
0,2,11.82,6,49
0,2,11.84,6,49
0,2,11.86,6,49
0,2,11.88,6,49
0,2,11.9,6,49
0,2,11.92,6,49
0,2,11.94,6,49
0,2,11.96,6,49
0,2,11.98,6,49
0,2,12.0,6,50
0,2,12.02,6,50
0,2,12.04,6,49
0,2,12.06,6,49
0,2,12.08,6,49
0,2,12.1,6,49
0,2,12.12,6,49
0,2,12.14,6,49
0,2,12.16,6,49
0,2,12.18,6,49
0,2,12.2,6,49
0,2,12.22,6,49
0,2,12.24,6,49
0,2,12.26,6,49
0,2,12.28,6,50
0,2,12.3,6,50
0,2,12.32,6,50
0,2,12.34,6,50
0,2,12.36,6,50
0,2,12.38,6,50
0,2,12.4,6,50
0,2,12.42,6,50
0,2,12.44,6,50
0,2,12.46,6,50
0,2,12.48,6,50
0,2,12.5,6,50
0,2,12.52,6,50
0,2,12.54,6,50
0,2,12.56,6,50
0,2,12.58,6,50
0,2,12.6,6,50
0,2,12.62,6,50
0,2,12.64,6,50
0,2,12.66,6,50
0,2,12.68,6,50
0,2,12.7,6,50
0,2,12.72,6,50
0,2,12.74,6,50
0,2,12.76,6,50
0,2,12.78,6,50
0,2,12.8,6,50
0,2,12.82,6,50
0,2,12.84,6,50
0,2,12.86,6,50
0,2,12.88,6,50
0,2,12.9,6,50
0,2,12.92,6,50
0,2,12.94,6,50
0,2,12.96,6,50
0,2,12.98,6,50
0,2,13.0,6,50
0,2,13.02,6,50
0,2,13.04,6,50
0,2,13.06,6,49
0,2,13.08,6,48
0,2,13.1,6,50
0,2,13.12,6,50
0,2,13.14,6,49
0,2,13.16,6,50
0,2,13.18,6,49
0,2,13.2,6,50
0,2,13.22,6,50
0,2,13.24,6,50
0,2,13.26,6,50
0,2,13.28,6,50
0,2,13.3,6,50
0,2,13.32,6,50
0,2,13.34,6,50
0,2,13.36,6,50
0,2,13.38,6,50
0,2,13.4,6,50
0,2,13.42,6,50
0,2,13.44,6,50
0,2,13.46,6,50
0,2,13.48,6,50
0,2,13.5,6,50
0,2,13.52,6,50
0,2,13.54,6,50
0,2,13.56,6,50
0,2,13.58,6,50
0,2,13.6,6,50
0,2,13.62,6,50
0,2,13.64,6,50
0,2,13.66,6,50
0,2,13.68,6,50
0,2,13.7,6,50
0,2,13.72,6,50
0,2,13.74,6,50
0,2,13.76,6,50
0,2,13.78,6,50
0,2,13.8,6,50
0,2,13.82,6,50
0,2,13.84,6,50
0,2,13.86,6,50
0,2,13.88,6,50
0,2,13.9,6,50
0,2,13.92,6,50
0,2,13.94,6,50
0,2,13.96,6,50
0,2,13.98,6,50
0,2,14.0,6,50
0,2,14.02,6,50
0,2,14.04,6,50
0,2,14.06,6,50
0,2,14.08,6,50
0,2,14.1,6,50
0,2,14.12,6,50
0,2,14.14,6,50
0,2,14.16,6,50
0,2,14.18,6,50
0,2,14.2,6,50
0,2,14.22,6,50
0,2,14.24,6,50
0,2,14.26,6,50
0,2,14.28,6,50
0,2,14.3,6,50
0,2,14.32,6,50
0,2,14.34,6,50
0,2,14.36,6,50
0,2,14.38,6,50
0,2,14.4,6,50
0,2,14.42,6,50
0,2,14.44,6,50
0,2,14.46,6,50
0,2,14.48,6,50
0,2,14.5,6,50
0,2,14.52,6,50
0,2,14.54,6,50
0,2,14.56,6,50
0,2,14.58,6,50
0,2,14.6,6,50
0,2,14.62,6,50
0,2,14.64,6,50
0,2,14.66,6,50
0,2,14.68,6,50
0,2,14.7,6,49
0,2,14.72,6,50
0,2,14.74,6,50
0,2,14.76,6,50
0,2,14.78,6,50
0,2,14.8,6,50
0,2,14.82,6,50
0,2,14.84,6,50
0,2,14.86,6,50
0,2,14.88,6,50
0,2,14.9,6,50
0,2,14.92,6,50
0,2,14.94,6,50
0,2,14.96,6,50
0,2,14.98,6,50
0,2,15.0,6,50
0,2,15.02,6,50
0,2,15.04,6,50
0,2,15.06,6,50
0,2,15.08,6,50
0,2,15.1,6,50
0,2,15.12,6,50
0,2,15.14,6,50
0,2,15.16,6,50
0,2,15.18,6,50
0,2,15.2,6,50
0,2,15.22,6,50
0,2,15.24,6,50
0,2,15.26,6,50
0,2,15.28,6,50
0,2,15.3,6,50
0,2,15.32,6,50
0,2,15.34,6,50
0,2,15.36,6,50
0,2,15.38,6,50
0,2,15.4,6,50
0,2,15.42,6,50
0,2,15.44,6,50
0,2,15.46,6,50
0,2,15.48,6,50
0,2,15.5,6,50
0,2,15.52,6,50
0,2,15.54,6,50
0,2,15.56,6,50
0,2,15.58,6,50
0,2,15.6,6,50
0,2,15.62,6,50
0,2,15.64,6,50
0,2,15.66,6,50
0,2,15.68,6,50
0,2,15.7,6,50
0,2,15.72,6,50
0,2,15.74,6,50
0,2,15.76,6,50
0,2,15.78,6,50
0,2,15.8,6,50
0,2,15.82,6,50
0,2,15.84,6,50
0,2,15.86,6,50
0,2,15.88,6,50
0,2,15.9,6,50
0,2,15.92,6,50
0,2,15.94,6,50
0,2,15.96,6,50
0,2,15.98,6,50
0,2,16.0,6,50
0,2,16.02,6,49
0,2,16.04,6,50
0,2,16.06,6,50
0,2,16.08,6,50
0,2,16.1,6,50
0,2,16.12,6,50
0,2,16.14,6,50
0,2,16.16,6,50
0,2,16.18,6,50
0,2,16.2,6,50
0,2,16.22,6,49
0,2,16.24,6,50
0,2,16.26,6,50
0,2,16.28,6,50
0,2,16.3,6,50
0,2,16.32,6,50
0,2,16.34,6,50
0,2,16.36,6,50
0,2,16.38,6,50
0,2,16.4,6,50
0,2,16.42,6,50
0,2,16.44,6,50
0,2,16.46,6,50
0,2,16.48,6,50
0,2,16.5,6,50
0,2,16.52,6,50
0,2,16.54,6,50
0,2,16.56,6,50
0,2,16.58,6,50
0,2,16.6,6,50
0,2,16.62,6,50
0,2,16.64,6,50
0,2,16.66,6,50
0,2,16.68,6,50
0,2,16.7,6,50
0,2,16.72,6,50
0,2,16.74,6,50
0,2,16.76,6,50
0,2,16.78,6,50
0,2,16.8,6,50
0,2,16.82,6,50
0,2,16.84,6,50
0,2,16.86,6,50
0,2,16.88,6,50
0,2,16.9,6,50
0,2,16.92,6,50
0,2,16.94,6,50
0,2,16.96,6,50
0,2,16.98,6,50
0,2,17.0,6,50
0,2,17.02,6,50
0,2,17.04,6,50
0,2,17.06,6,50
0,2,17.08,6,50
0,2,17.1,6,50
0,2,17.12,6,50
0,2,17.14,6,50
0,2,17.16,6,50
0,2,17.18,6,50
0,2,17.2,6,50
0,2,17.22,6,50
0,2,17.24,6,50
0,2,17.26,6,50
0,2,17.28,6,50
0,2,17.3,6,50
0,2,17.32,6,50
0,2,17.34,6,50
0,2,17.36,6,50
0,2,17.38,6,50
0,2,17.4,6,50
0,2,17.42,6,50
0,2,17.44,6,50
0,2,17.46,6,50
0,2,17.48,6,50
0,2,17.5,6,50
0,2,17.52,6,50
0,2,17.54,6,50
0,2,17.56,6,50
0,2,17.58,6,50
0,2,17.6,6,50
0,2,17.62,6,50
0,2,17.64,6,50
0,2,17.66,6,50
0,2,17.68,6,50
0,2,17.7,6,50
0,2,17.72,6,50
0,2,17.74,6,50
0,2,17.76,6,50
0,2,17.78,6,50
0,2,17.8,6,50
0,2,17.82,6,50
0,2,17.84,6,50
0,2,17.86,6,50
0,2,17.88,6,50
0,2,17.9,6,50
0,2,17.92,6,50
0,2,17.94,6,50
0,2,17.96,6,50
0,2,17.98,6,50
0,2,18.0,6,50
0,2,18.02,6,50
0,2,18.04,6,50
0,2,18.06,6,49
0,2,18.08,6,50
0,2,18.1,6,50
0,2,18.12,6,50
0,2,18.14,6,50
0,2,18.16,6,50
0,2,18.18,6,50
0,2,18.2,6,50
0,2,18.22,6,50
0,2,18.24,6,50
0,2,18.26,6,50
0,2,18.28,6,50
0,2,18.3,6,50
0,2,18.32,6,50
0,2,18.34,6,50
0,2,18.36,6,50
0,2,18.38,6,50
0,2,18.4,6,50
0,2,18.42,6,50
0,2,18.44,6,50
0,2,18.46,6,50
0,2,18.48,6,50
0,2,18.5,6,50
0,2,18.52,6,50
0,2,18.54,6,50
0,2,18.56,6,50
0,2,18.58,6,50
0,2,18.6,6,50
0,2,18.62,6,50
0,2,18.64,6,50
0,2,18.66,6,50
0,2,18.68,6,50
0,2,18.7,6,50
0,2,18.72,6,50
0,2,18.74,6,50
0,2,18.76,6,50
0,2,18.78,6,50
0,2,18.8,6,50
0,2,18.82,6,50
0,2,18.84,6,50
0,2,18.86,6,50
0,2,18.88,6,50
0,2,18.9,6,50
0,2,18.92,6,50
0,2,18.94,6,50
0,2,18.96,6,50
0,2,18.98,6,50
0,2,19.0,6,50
0,2,19.02,6,50
0,2,19.04,6,50
0,2,19.06,6,50
0,2,19.08,6,50
0,2,19.1,6,50
0,2,19.12,6,50
0,2,19.14,6,50
0,2,19.16,6,50
0,2,19.18,6,50
0,2,19.2,6,50
0,2,19.22,6,50
0,2,19.24,6,50
0,2,19.26,6,50
0,2,19.28,6,50
0,2,19.3,6,50
0,2,19.32,6,50
0,2,19.34,6,50
0,2,19.36,6,50
0,2,19.38,6,50
0,2,19.4,6,50
0,2,19.42,6,50
0,2,19.44,6,50
0,2,19.46,6,50
0,2,19.48,6,50
0,2,19.5,6,50
0,2,19.52,6,50
0,2,19.54,6,50
0,2,19.56,6,50
0,2,19.58,6,50
0,2,19.6,6,50
0,2,19.62,6,50
0,2,19.64,6,50
0,2,19.66,6,50
0,2,19.68,6,50
0,2,19.7,6,50
0,2,19.72,6,49
0,2,19.74,6,50
0,2,19.76,6,50
0,2,19.78,6,49
0,2,19.8,6,50
0,2,19.82,6,50
0,2,19.84,6,50
0,2,19.86,6,50
0,2,19.88,6,50
0,2,19.9,6,50
0,2,19.92,6,50
0,2,19.94,6,49
0,2,19.96,6,50
0,2,19.98,6,50
0,2,20.0,6,50
0,2,10.0,7,49
0,2,10.02,7,49
0,2,10.04,7,49
0,2,10.06,7,49
0,2,10.08,7,49
0,2,10.1,7,49
0,2,10.12,7,49
0,2,10.14,7,49
0,2,10.16,7,48
0,2,10.18,7,48
0,2,10.2,7,49
0,2,10.22,7,49
0,2,10.24,7,49
0,2,10.26,7,49
0,2,10.28,7,49
0,2,10.3,7,49
0,2,10.32,7,49
0,2,10.34,7,49
0,2,10.36,7,49
0,2,10.38,7,49
0,2,10.4,7,49
0,2,10.42,7,49
0,2,10.44,7,49
0,2,10.46,7,49
0,2,10.48,7,49
0,2,10.5,7,49
0,2,10.52,7,49
0,2,10.54,7,49
0,2,10.56,7,49
0,2,10.58,7,49
0,2,10.6,7,49
0,2,10.62,7,49
0,2,10.64,7,49
0,2,10.66,7,49
0,2,10.68,7,49
0,2,10.7,7,49
0,2,10.72,7,49
0,2,10.74,7,49
0,2,10.76,7,49
0,2,10.78,7,49
0,2,10.8,7,49
0,2,10.82,7,49
0,2,10.84,7,49
0,2,10.86,7,49
0,2,10.88,7,49
0,2,10.9,7,49
0,2,10.92,7,49
0,2,10.94,7,49
0,2,10.96,7,49
0,2,10.98,7,49
0,2,11.0,7,49
0,2,11.02,7,49
0,2,11.04,7,49
0,2,11.06,7,49
0,2,11.08,7,49
0,2,11.1,7,49
0,2,11.12,7,49
0,2,11.14,7,49
0,2,11.16,7,49
0,2,11.18,7,49
0,2,11.2,7,49
0,2,11.22,7,49
0,2,11.24,7,49
0,2,11.26,7,49
0,2,11.28,7,49
0,2,11.3,7,49
0,2,11.32,7,49
0,2,11.34,7,49
0,2,11.36,7,49
0,2,11.38,7,49
0,2,11.4,7,49
0,2,11.42,7,49
0,2,11.44,7,49
0,2,11.46,7,49
0,2,11.48,7,49
0,2,11.5,7,49
0,2,11.52,7,49
0,2,11.54,7,49
0,2,11.56,7,49
0,2,11.58,7,49
0,2,11.6,7,49
0,2,11.62,7,49
0,2,11.64,7,49
0,2,11.66,7,49
0,2,11.68,7,49
0,2,11.7,7,49
0,2,11.72,7,49
0,2,11.74,7,49
0,2,11.76,7,49
0,2,11.78,7,49
0,2,11.8,7,49
0,2,11.82,7,49
0,2,11.84,7,49
0,2,11.86,7,49
0,2,11.88,7,49
0,2,11.9,7,49
0,2,11.92,7,49
0,2,11.94,7,49
0,2,11.96,7,49
0,2,11.98,7,49
0,2,12.0,7,50
0,2,12.02,7,50
0,2,12.04,7,49
0,2,12.06,7,49
0,2,12.08,7,49
0,2,12.1,7,49
0,2,12.12,7,49
0,2,12.14,7,49
0,2,12.16,7,49
0,2,12.18,7,49
0,2,12.2,7,49
0,2,12.22,7,49
0,2,12.24,7,49
0,2,12.26,7,49
0,2,12.28,7,50
0,2,12.3,7,50
0,2,12.32,7,50
0,2,12.34,7,50
0,2,12.36,7,50
0,2,12.38,7,50
0,2,12.4,7,50
0,2,12.42,7,50
0,2,12.44,7,50
0,2,12.46,7,50
0,2,12.48,7,50
0,2,12.5,7,50
0,2,12.52,7,50
0,2,12.54,7,50
0,2,12.56,7,50
0,2,12.58,7,50
0,2,12.6,7,50
0,2,12.62,7,50
0,2,12.64,7,50
0,2,12.66,7,50
0,2,12.68,7,50
0,2,12.7,7,50
0,2,12.72,7,50
0,2,12.74,7,50
0,2,12.76,7,50
0,2,12.78,7,50
0,2,12.8,7,50
0,2,12.82,7,50
0,2,12.84,7,50
0,2,12.86,7,50
0,2,12.88,7,50
0,2,12.9,7,50
0,2,12.92,7,50
0,2,12.94,7,50
0,2,12.96,7,50
0,2,12.98,7,50
0,2,13.0,7,50
0,2,13.02,7,50
0,2,13.04,7,50
0,2,13.06,7,49
0,2,13.08,7,50
0,2,13.1,7,50
0,2,13.12,7,50
0,2,13.14,7,49
0,2,13.16,7,50
0,2,13.18,7,50
0,2,13.2,7,50
0,2,13.22,7,50
0,2,13.24,7,50
0,2,13.26,7,50
0,2,13.28,7,50
0,2,13.3,7,50
0,2,13.32,7,50
0,2,13.34,7,50
0,2,13.36,7,50
0,2,13.38,7,50
0,2,13.4,7,50
0,2,13.42,7,50
0,2,13.44,7,50
0,2,13.46,7,50
0,2,13.48,7,50
0,2,13.5,7,50
0,2,13.52,7,50
0,2,13.54,7,50
0,2,13.56,7,50
0,2,13.58,7,50
0,2,13.6,7,50
0,2,13.62,7,50
0,2,13.64,7,50
0,2,13.66,7,50
0,2,13.68,7,50
0,2,13.7,7,50
0,2,13.72,7,50
0,2,13.74,7,50
0,2,13.76,7,50
0,2,13.78,7,50
0,2,13.8,7,50
0,2,13.82,7,50
0,2,13.84,7,50
0,2,13.86,7,50
0,2,13.88,7,50
0,2,13.9,7,50
0,2,13.92,7,50
0,2,13.94,7,50
0,2,13.96,7,50
0,2,13.98,7,50
0,2,14.0,7,50
0,2,14.02,7,50
0,2,14.04,7,50
0,2,14.06,7,50
0,2,14.08,7,50
0,2,14.1,7,50
0,2,14.12,7,50
0,2,14.14,7,50
0,2,14.16,7,50
0,2,14.18,7,50
0,2,14.2,7,50
0,2,14.22,7,50
0,2,14.24,7,50
0,2,14.26,7,50
0,2,14.28,7,50
0,2,14.3,7,50
0,2,14.32,7,50
0,2,14.34,7,50
0,2,14.36,7,50
0,2,14.38,7,50
0,2,14.4,7,50
0,2,14.42,7,50
0,2,14.44,7,50
0,2,14.46,7,50
0,2,14.48,7,50
0,2,14.5,7,50
0,2,14.52,7,50
0,2,14.54,7,50
0,2,14.56,7,50
0,2,14.58,7,50
0,2,14.6,7,50
0,2,14.62,7,50
0,2,14.64,7,50
0,2,14.66,7,50
0,2,14.68,7,50
0,2,14.7,7,50
0,2,14.72,7,50
0,2,14.74,7,50
0,2,14.76,7,50
0,2,14.78,7,50
0,2,14.8,7,50
0,2,14.82,7,50
0,2,14.84,7,50
0,2,14.86,7,50
0,2,14.88,7,50
0,2,14.9,7,50
0,2,14.92,7,50
0,2,14.94,7,50
0,2,14.96,7,50
0,2,14.98,7,50
0,2,15.0,7,50
0,2,15.02,7,50
0,2,15.04,7,50
0,2,15.06,7,50
0,2,15.08,7,50
0,2,15.1,7,50
0,2,15.12,7,50
0,2,15.14,7,50
0,2,15.16,7,50
0,2,15.18,7,50
0,2,15.2,7,50
0,2,15.22,7,50
0,2,15.24,7,50
0,2,15.26,7,50
0,2,15.28,7,50
0,2,15.3,7,50
0,2,15.32,7,50
0,2,15.34,7,50
0,2,15.36,7,50
0,2,15.38,7,50
0,2,15.4,7,50
0,2,15.42,7,50
0,2,15.44,7,50
0,2,15.46,7,50
0,2,15.48,7,50
0,2,15.5,7,50
0,2,15.52,7,50
0,2,15.54,7,50
0,2,15.56,7,50
0,2,15.58,7,50
0,2,15.6,7,50
0,2,15.62,7,50
0,2,15.64,7,50
0,2,15.66,7,50
0,2,15.68,7,50
0,2,15.7,7,50
0,2,15.72,7,50
0,2,15.74,7,50
0,2,15.76,7,50
0,2,15.78,7,50
0,2,15.8,7,50
0,2,15.82,7,50
0,2,15.84,7,50
0,2,15.86,7,50
0,2,15.88,7,50
0,2,15.9,7,50
0,2,15.92,7,50
0,2,15.94,7,50
0,2,15.96,7,50
0,2,15.98,7,50
0,2,16.0,7,50
0,2,16.02,7,50
0,2,16.04,7,50
0,2,16.06,7,50
0,2,16.08,7,50
0,2,16.1,7,50
0,2,16.12,7,50
0,2,16.14,7,50
0,2,16.16,7,50
0,2,16.18,7,50
0,2,16.2,7,50
0,2,16.22,7,49
0,2,16.24,7,50
0,2,16.26,7,50
0,2,16.28,7,50
0,2,16.3,7,50
0,2,16.32,7,50
0,2,16.34,7,50
0,2,16.36,7,50
0,2,16.38,7,50
0,2,16.4,7,50
0,2,16.42,7,50
0,2,16.44,7,50
0,2,16.46,7,50
0,2,16.48,7,50
0,2,16.5,7,50
0,2,16.52,7,50
0,2,16.54,7,50
0,2,16.56,7,50
0,2,16.58,7,50
0,2,16.6,7,50
0,2,16.62,7,50
0,2,16.64,7,50
0,2,16.66,7,50
0,2,16.68,7,50
0,2,16.7,7,50
0,2,16.72,7,50
0,2,16.74,7,50
0,2,16.76,7,50
0,2,16.78,7,50
0,2,16.8,7,50
0,2,16.82,7,50
0,2,16.84,7,50
0,2,16.86,7,50
0,2,16.88,7,50
0,2,16.9,7,50
0,2,16.92,7,50
0,2,16.94,7,50
0,2,16.96,7,50
0,2,16.98,7,50
0,2,17.0,7,50
0,2,17.02,7,50
0,2,17.04,7,50
0,2,17.06,7,50
0,2,17.08,7,50
0,2,17.1,7,50
0,2,17.12,7,50
0,2,17.14,7,50
0,2,17.16,7,50
0,2,17.18,7,50
0,2,17.2,7,50
0,2,17.22,7,50
0,2,17.24,7,50
0,2,17.26,7,50
0,2,17.28,7,50
0,2,17.3,7,50
0,2,17.32,7,50
0,2,17.34,7,50
0,2,17.36,7,50
0,2,17.38,7,50
0,2,17.4,7,50
0,2,17.42,7,50
0,2,17.44,7,50
0,2,17.46,7,50
0,2,17.48,7,50
0,2,17.5,7,50
0,2,17.52,7,50
0,2,17.54,7,50
0,2,17.56,7,50
0,2,17.58,7,50
0,2,17.6,7,50
0,2,17.62,7,50
0,2,17.64,7,50
0,2,17.66,7,50
0,2,17.68,7,50
0,2,17.7,7,50
0,2,17.72,7,50
0,2,17.74,7,50
0,2,17.76,7,50
0,2,17.78,7,50
0,2,17.8,7,50
0,2,17.82,7,50
0,2,17.84,7,50
0,2,17.86,7,50
0,2,17.88,7,50
0,2,17.9,7,50
0,2,17.92,7,50
0,2,17.94,7,50
0,2,17.96,7,50
0,2,17.98,7,50
0,2,18.0,7,50
0,2,18.02,7,50
0,2,18.04,7,50
0,2,18.06,7,50
0,2,18.08,7,50
0,2,18.1,7,50
0,2,18.12,7,50
0,2,18.14,7,50
0,2,18.16,7,50
0,2,18.18,7,50
0,2,18.2,7,50
0,2,18.22,7,50
0,2,18.24,7,50
0,2,18.26,7,50
0,2,18.28,7,50
0,2,18.3,7,50
0,2,18.32,7,50
0,2,18.34,7,50
0,2,18.36,7,50
0,2,18.38,7,50
0,2,18.4,7,50
0,2,18.42,7,50
0,2,18.44,7,50
0,2,18.46,7,50
0,2,18.48,7,50
0,2,18.5,7,50
0,2,18.52,7,50
0,2,18.54,7,50
0,2,18.56,7,50
0,2,18.58,7,50
0,2,18.6,7,50
0,2,18.62,7,50
0,2,18.64,7,50
0,2,18.66,7,50
0,2,18.68,7,50
0,2,18.7,7,50
0,2,18.72,7,50
0,2,18.74,7,50
0,2,18.76,7,50
0,2,18.78,7,50
0,2,18.8,7,50
0,2,18.82,7,50
0,2,18.84,7,50
0,2,18.86,7,50
0,2,18.88,7,50
0,2,18.9,7,50
0,2,18.92,7,50
0,2,18.94,7,50
0,2,18.96,7,50
0,2,18.98,7,50
0,2,19.0,7,50
0,2,19.02,7,50
0,2,19.04,7,50
0,2,19.06,7,50
0,2,19.08,7,50
0,2,19.1,7,50
0,2,19.12,7,50
0,2,19.14,7,50
0,2,19.16,7,50
0,2,19.18,7,50
0,2,19.2,7,50
0,2,19.22,7,50
0,2,19.24,7,50
0,2,19.26,7,50
0,2,19.28,7,50
0,2,19.3,7,50
0,2,19.32,7,50
0,2,19.34,7,50
0,2,19.36,7,50
0,2,19.38,7,50
0,2,19.4,7,50
0,2,19.42,7,50
0,2,19.44,7,50
0,2,19.46,7,50
0,2,19.48,7,50
0,2,19.5,7,50
0,2,19.52,7,50
0,2,19.54,7,50
0,2,19.56,7,50
0,2,19.58,7,50
0,2,19.6,7,50
0,2,19.62,7,50
0,2,19.64,7,50
0,2,19.66,7,50
0,2,19.68,7,50
0,2,19.7,7,50
0,2,19.72,7,50
0,2,19.74,7,50
0,2,19.76,7,50
0,2,19.78,7,50
0,2,19.8,7,50
0,2,19.82,7,50
0,2,19.84,7,50
0,2,19.86,7,50
0,2,19.88,7,50
0,2,19.9,7,50
0,2,19.92,7,50
0,2,19.94,7,50
0,2,19.96,7,50
0,2,19.98,7,50
0,2,20.0,7,50
0,2,10.0,8,49
0,2,10.02,8,49
0,2,10.04,8,49
0,2,10.06,8,49
0,2,10.08,8,49
0,2,10.1,8,49
0,2,10.12,8,49
0,2,10.14,8,49
0,2,10.16,8,48
0,2,10.18,8,48
0,2,10.2,8,49
0,2,10.22,8,49
0,2,10.24,8,49
0,2,10.26,8,49
0,2,10.28,8,49
0,2,10.3,8,49
0,2,10.32,8,49
0,2,10.34,8,49
0,2,10.36,8,49
0,2,10.38,8,49
0,2,10.4,8,49
0,2,10.42,8,49
0,2,10.44,8,49
0,2,10.46,8,49
0,2,10.48,8,49
0,2,10.5,8,49
0,2,10.52,8,49
0,2,10.54,8,49
0,2,10.56,8,49
0,2,10.58,8,49
0,2,10.6,8,49
0,2,10.62,8,49
0,2,10.64,8,49
0,2,10.66,8,49
0,2,10.68,8,49
0,2,10.7,8,49
0,2,10.72,8,49
0,2,10.74,8,49
0,2,10.76,8,49
0,2,10.78,8,49
0,2,10.8,8,49
0,2,10.82,8,49
0,2,10.84,8,49
0,2,10.86,8,49
0,2,10.88,8,49
0,2,10.9,8,49
0,2,10.92,8,49
0,2,10.94,8,49
0,2,10.96,8,49
0,2,10.98,8,49
0,2,11.0,8,49
0,2,11.02,8,49
0,2,11.04,8,49
0,2,11.06,8,49
0,2,11.08,8,49
0,2,11.1,8,49
0,2,11.12,8,49
0,2,11.14,8,49
0,2,11.16,8,49
0,2,11.18,8,49
0,2,11.2,8,49
0,2,11.22,8,49
0,2,11.24,8,49
0,2,11.26,8,49
0,2,11.28,8,49
0,2,11.3,8,49
0,2,11.32,8,49
0,2,11.34,8,49
0,2,11.36,8,49
0,2,11.38,8,49
0,2,11.4,8,49
0,2,11.42,8,49
0,2,11.44,8,49
0,2,11.46,8,49
0,2,11.48,8,49
0,2,11.5,8,49
0,2,11.52,8,49
0,2,11.54,8,49
0,2,11.56,8,49
0,2,11.58,8,49
0,2,11.6,8,49
0,2,11.62,8,49
0,2,11.64,8,49
0,2,11.66,8,49
0,2,11.68,8,49
0,2,11.7,8,49
0,2,11.72,8,49
0,2,11.74,8,49
0,2,11.76,8,49
0,2,11.78,8,49
0,2,11.8,8,49
0,2,11.82,8,49
0,2,11.84,8,49
0,2,11.86,8,49
0,2,11.88,8,49
0,2,11.9,8,49
0,2,11.92,8,49
0,2,11.94,8,49
0,2,11.96,8,49
0,2,11.98,8,50
0,2,12.0,8,50
0,2,12.02,8,50
0,2,12.04,8,49
0,2,12.06,8,49
0,2,12.08,8,49
0,2,12.1,8,49
0,2,12.12,8,49
0,2,12.14,8,49
0,2,12.16,8,49
0,2,12.18,8,49
0,2,12.2,8,49
0,2,12.22,8,49
0,2,12.24,8,49
0,2,12.26,8,49
0,2,12.28,8,50
0,2,12.3,8,50
0,2,12.32,8,50
0,2,12.34,8,50
0,2,12.36,8,50
0,2,12.38,8,50
0,2,12.4,8,50
0,2,12.42,8,50
0,2,12.44,8,50
0,2,12.46,8,50
0,2,12.48,8,50
0,2,12.5,8,50
0,2,12.52,8,50
0,2,12.54,8,50
0,2,12.56,8,50
0,2,12.58,8,50
0,2,12.6,8,50
0,2,12.62,8,50
0,2,12.64,8,50
0,2,12.66,8,50
0,2,12.68,8,50
0,2,12.7,8,50
0,2,12.72,8,50
0,2,12.74,8,50
0,2,12.76,8,50
0,2,12.78,8,50
0,2,12.8,8,50
0,2,12.82,8,50
0,2,12.84,8,50
0,2,12.86,8,50
0,2,12.88,8,50
0,2,12.9,8,50
0,2,12.92,8,50
0,2,12.94,8,50
0,2,12.96,8,50
0,2,12.98,8,50
0,2,13.0,8,50
0,2,13.02,8,50
0,2,13.04,8,50
0,2,13.06,8,50
0,2,13.08,8,50
0,2,13.1,8,50
0,2,13.12,8,50
0,2,13.14,8,49
0,2,13.16,8,50
0,2,13.18,8,50
0,2,13.2,8,50
0,2,13.22,8,50
0,2,13.24,8,50
0,2,13.26,8,50
0,2,13.28,8,50
0,2,13.3,8,50
0,2,13.32,8,50
0,2,13.34,8,50
0,2,13.36,8,50
0,2,13.38,8,50
0,2,13.4,8,50
0,2,13.42,8,50
0,2,13.44,8,50
0,2,13.46,8,50
0,2,13.48,8,50
0,2,13.5,8,50
0,2,13.52,8,50
0,2,13.54,8,50
0,2,13.56,8,50
0,2,13.58,8,50
0,2,13.6,8,50
0,2,13.62,8,50
0,2,13.64,8,50
0,2,13.66,8,50
0,2,13.68,8,50
0,2,13.7,8,50
0,2,13.72,8,50
0,2,13.74,8,50
0,2,13.76,8,50
0,2,13.78,8,50
0,2,13.8,8,50
0,2,13.82,8,50
0,2,13.84,8,50
0,2,13.86,8,50
0,2,13.88,8,50
0,2,13.9,8,50
0,2,13.92,8,50
0,2,13.94,8,50
0,2,13.96,8,50
0,2,13.98,8,50
0,2,14.0,8,50
0,2,14.02,8,50
0,2,14.04,8,50
0,2,14.06,8,50
0,2,14.08,8,50
0,2,14.1,8,50
0,2,14.12,8,50
0,2,14.14,8,50
0,2,14.16,8,50
0,2,14.18,8,50
0,2,14.2,8,50
0,2,14.22,8,50
0,2,14.24,8,50
0,2,14.26,8,50
0,2,14.28,8,50
0,2,14.3,8,50
0,2,14.32,8,50
0,2,14.34,8,50
0,2,14.36,8,50
0,2,14.38,8,50
0,2,14.4,8,50
0,2,14.42,8,50
0,2,14.44,8,50
0,2,14.46,8,50
0,2,14.48,8,50
0,2,14.5,8,50
0,2,14.52,8,50
0,2,14.54,8,50
0,2,14.56,8,50
0,2,14.58,8,50
0,2,14.6,8,50
0,2,14.62,8,50
0,2,14.64,8,50
0,2,14.66,8,50
0,2,14.68,8,50
0,2,14.7,8,50
0,2,14.72,8,50
0,2,14.74,8,50
0,2,14.76,8,50
0,2,14.78,8,50
0,2,14.8,8,50
0,2,14.82,8,50
0,2,14.84,8,50
0,2,14.86,8,50
0,2,14.88,8,50
0,2,14.9,8,50
0,2,14.92,8,50
0,2,14.94,8,50
0,2,14.96,8,50
0,2,14.98,8,50
0,2,15.0,8,50
0,2,15.02,8,50
0,2,15.04,8,50
0,2,15.06,8,50
0,2,15.08,8,50
0,2,15.1,8,50
0,2,15.12,8,50
0,2,15.14,8,50
0,2,15.16,8,50
0,2,15.18,8,50
0,2,15.2,8,50
0,2,15.22,8,50
0,2,15.24,8,50
0,2,15.26,8,50
0,2,15.28,8,50
0,2,15.3,8,50
0,2,15.32,8,50
0,2,15.34,8,50
0,2,15.36,8,50
0,2,15.38,8,50
0,2,15.4,8,50
0,2,15.42,8,50
0,2,15.44,8,50
0,2,15.46,8,50
0,2,15.48,8,50
0,2,15.5,8,50
0,2,15.52,8,50
0,2,15.54,8,50
0,2,15.56,8,50
0,2,15.58,8,50
0,2,15.6,8,50
0,2,15.62,8,50
0,2,15.64,8,50
0,2,15.66,8,50
0,2,15.68,8,50
0,2,15.7,8,50
0,2,15.72,8,50
0,2,15.74,8,50
0,2,15.76,8,50
0,2,15.78,8,50
0,2,15.8,8,50
0,2,15.82,8,50
0,2,15.84,8,50
0,2,15.86,8,50
0,2,15.88,8,50
0,2,15.9,8,50
0,2,15.92,8,50
0,2,15.94,8,50
0,2,15.96,8,50
0,2,15.98,8,50
0,2,16.0,8,50
0,2,16.02,8,50
0,2,16.04,8,50
0,2,16.06,8,50
0,2,16.08,8,50
0,2,16.1,8,50
0,2,16.12,8,50
0,2,16.14,8,50
0,2,16.16,8,50
0,2,16.18,8,50
0,2,16.2,8,50
0,2,16.22,8,50
0,2,16.24,8,50
0,2,16.26,8,50
0,2,16.28,8,50
0,2,16.3,8,50
0,2,16.32,8,50
0,2,16.34,8,50
0,2,16.36,8,50
0,2,16.38,8,50
0,2,16.4,8,50
0,2,16.42,8,50
0,2,16.44,8,50
0,2,16.46,8,50
0,2,16.48,8,50
0,2,16.5,8,50
0,2,16.52,8,50
0,2,16.54,8,50
0,2,16.56,8,50
0,2,16.58,8,50
0,2,16.6,8,50
0,2,16.62,8,50
0,2,16.64,8,50
0,2,16.66,8,50
0,2,16.68,8,50
0,2,16.7,8,50
0,2,16.72,8,50
0,2,16.74,8,50
0,2,16.76,8,50
0,2,16.78,8,50
0,2,16.8,8,50
0,2,16.82,8,50
0,2,16.84,8,50
0,2,16.86,8,50
0,2,16.88,8,50
0,2,16.9,8,50
0,2,16.92,8,50
0,2,16.94,8,50
0,2,16.96,8,50
0,2,16.98,8,50
0,2,17.0,8,50
0,2,17.02,8,50
0,2,17.04,8,50
0,2,17.06,8,50
0,2,17.08,8,50
0,2,17.1,8,50
0,2,17.12,8,50
0,2,17.14,8,50
0,2,17.16,8,50
0,2,17.18,8,50
0,2,17.2,8,50
0,2,17.22,8,50
0,2,17.24,8,50
0,2,17.26,8,50
0,2,17.28,8,50
0,2,17.3,8,50
0,2,17.32,8,50
0,2,17.34,8,50
0,2,17.36,8,50
0,2,17.38,8,50
0,2,17.4,8,50
0,2,17.42,8,50
0,2,17.44,8,50
0,2,17.46,8,50
0,2,17.48,8,50
0,2,17.5,8,50
0,2,17.52,8,50
0,2,17.54,8,50
0,2,17.56,8,50
0,2,17.58,8,50
0,2,17.6,8,50
0,2,17.62,8,50
0,2,17.64,8,50
0,2,17.66,8,50
0,2,17.68,8,50
0,2,17.7,8,50
0,2,17.72,8,50
0,2,17.74,8,50
0,2,17.76,8,50
0,2,17.78,8,50
0,2,17.8,8,50
0,2,17.82,8,50
0,2,17.84,8,50
0,2,17.86,8,50
0,2,17.88,8,50
0,2,17.9,8,50
0,2,17.92,8,50
0,2,17.94,8,50
0,2,17.96,8,50
0,2,17.98,8,50
0,2,18.0,8,50
0,2,18.02,8,50
0,2,18.04,8,50
0,2,18.06,8,50
0,2,18.08,8,50
0,2,18.1,8,50
0,2,18.12,8,50
0,2,18.14,8,50
0,2,18.16,8,50
0,2,18.18,8,50
0,2,18.2,8,50
0,2,18.22,8,50
0,2,18.24,8,50
0,2,18.26,8,50
0,2,18.28,8,50
0,2,18.3,8,50
0,2,18.32,8,50
0,2,18.34,8,50
0,2,18.36,8,50
0,2,18.38,8,50
0,2,18.4,8,50
0,2,18.42,8,50
0,2,18.44,8,50
0,2,18.46,8,50
0,2,18.48,8,50
0,2,18.5,8,50
0,2,18.52,8,50
0,2,18.54,8,50
0,2,18.56,8,50
0,2,18.58,8,50
0,2,18.6,8,50
0,2,18.62,8,50
0,2,18.64,8,50
0,2,18.66,8,50
0,2,18.68,8,50
0,2,18.7,8,50
0,2,18.72,8,50
0,2,18.74,8,50
0,2,18.76,8,50
0,2,18.78,8,50
0,2,18.8,8,50
0,2,18.82,8,50
0,2,18.84,8,50
0,2,18.86,8,50
0,2,18.88,8,50
0,2,18.9,8,50
0,2,18.92,8,50
0,2,18.94,8,50
0,2,18.96,8,50
0,2,18.98,8,50
0,2,19.0,8,50
0,2,19.02,8,50
0,2,19.04,8,50
0,2,19.06,8,50
0,2,19.08,8,50
0,2,19.1,8,50
0,2,19.12,8,50
0,2,19.14,8,50
0,2,19.16,8,50
0,2,19.18,8,50
0,2,19.2,8,50
0,2,19.22,8,50
0,2,19.24,8,50
0,2,19.26,8,50
0,2,19.28,8,50
0,2,19.3,8,50
0,2,19.32,8,50
0,2,19.34,8,50
0,2,19.36,8,50
0,2,19.38,8,50
0,2,19.4,8,50
0,2,19.42,8,50
0,2,19.44,8,50
0,2,19.46,8,50
0,2,19.48,8,50
0,2,19.5,8,50
0,2,19.52,8,50
0,2,19.54,8,50
0,2,19.56,8,50
0,2,19.58,8,50
0,2,19.6,8,50
0,2,19.62,8,50
0,2,19.64,8,50
0,2,19.66,8,50
0,2,19.68,8,50
0,2,19.7,8,50
0,2,19.72,8,50
0,2,19.74,8,50
0,2,19.76,8,50
0,2,19.78,8,50
0,2,19.8,8,50
0,2,19.82,8,50
0,2,19.84,8,50
0,2,19.86,8,50
0,2,19.88,8,50
0,2,19.9,8,50
0,2,19.92,8,50
0,2,19.94,8,50
0,2,19.96,8,50
0,2,19.98,8,50
0,2,20.0,8,50
0,2,10.0,9,49
0,2,10.02,9,49
0,2,10.04,9,49
0,2,10.06,9,49
0,2,10.08,9,49
0,2,10.1,9,49
0,2,10.12,9,49
0,2,10.14,9,49
0,2,10.16,9,48
0,2,10.18,9,48
0,2,10.2,9,49
0,2,10.22,9,49
0,2,10.24,9,49
0,2,10.26,9,49
0,2,10.28,9,49
0,2,10.3,9,49
0,2,10.32,9,49
0,2,10.34,9,49
0,2,10.36,9,49
0,2,10.38,9,49
0,2,10.4,9,49
0,2,10.42,9,49
0,2,10.44,9,49
0,2,10.46,9,49
0,2,10.48,9,49
0,2,10.5,9,49
0,2,10.52,9,49
0,2,10.54,9,49
0,2,10.56,9,49
0,2,10.58,9,49
0,2,10.6,9,49
0,2,10.62,9,49
0,2,10.64,9,49
0,2,10.66,9,49
0,2,10.68,9,49
0,2,10.7,9,49
0,2,10.72,9,49
0,2,10.74,9,49
0,2,10.76,9,49
0,2,10.78,9,49
0,2,10.8,9,49
0,2,10.82,9,49
0,2,10.84,9,49
0,2,10.86,9,49
0,2,10.88,9,49
0,2,10.9,9,49
0,2,10.92,9,49
0,2,10.94,9,49
0,2,10.96,9,49
0,2,10.98,9,49
0,2,11.0,9,49
0,2,11.02,9,49
0,2,11.04,9,49
0,2,11.06,9,49
0,2,11.08,9,49
0,2,11.1,9,49
0,2,11.12,9,49
0,2,11.14,9,49
0,2,11.16,9,49
0,2,11.18,9,49
0,2,11.2,9,49
0,2,11.22,9,49
0,2,11.24,9,49
0,2,11.26,9,49
0,2,11.28,9,49
0,2,11.3,9,49
0,2,11.32,9,49
0,2,11.34,9,49
0,2,11.36,9,49
0,2,11.38,9,49
0,2,11.4,9,49
0,2,11.42,9,49
0,2,11.44,9,49
0,2,11.46,9,49
0,2,11.48,9,49
0,2,11.5,9,49
0,2,11.52,9,49
0,2,11.54,9,49
0,2,11.56,9,49
0,2,11.58,9,49
0,2,11.6,9,49
0,2,11.62,9,49
0,2,11.64,9,49
0,2,11.66,9,49
0,2,11.68,9,49
0,2,11.7,9,49
0,2,11.72,9,49
0,2,11.74,9,49
0,2,11.76,9,49
0,2,11.78,9,49
0,2,11.8,9,49
0,2,11.82,9,49
0,2,11.84,9,49
0,2,11.86,9,49
0,2,11.88,9,49
0,2,11.9,9,49
0,2,11.92,9,49
0,2,11.94,9,49
0,2,11.96,9,50
0,2,11.98,9,50
0,2,12.0,9,50
0,2,12.02,9,50
0,2,12.04,9,49
0,2,12.06,9,49
0,2,12.08,9,49
0,2,12.1,9,49
0,2,12.12,9,49
0,2,12.14,9,49
0,2,12.16,9,49
0,2,12.18,9,49
0,2,12.2,9,49
0,2,12.22,9,49
0,2,12.24,9,49
0,2,12.26,9,49
0,2,12.28,9,50
0,2,12.3,9,50
0,2,12.32,9,50
0,2,12.34,9,50
0,2,12.36,9,50
0,2,12.38,9,50
0,2,12.4,9,50
0,2,12.42,9,50
0,2,12.44,9,50
0,2,12.46,9,50
0,2,12.48,9,50
0,2,12.5,9,50
0,2,12.52,9,50
0,2,12.54,9,50
0,2,12.56,9,50
0,2,12.58,9,50
0,2,12.6,9,50
0,2,12.62,9,50
0,2,12.64,9,50
0,2,12.66,9,50
0,2,12.68,9,50
0,2,12.7,9,50
0,2,12.72,9,50
0,2,12.74,9,50
0,2,12.76,9,50
0,2,12.78,9,50
0,2,12.8,9,50
0,2,12.82,9,50
0,2,12.84,9,50
0,2,12.86,9,50
0,2,12.88,9,50
0,2,12.9,9,50
0,2,12.92,9,50
0,2,12.94,9,50
0,2,12.96,9,50
0,2,12.98,9,50
0,2,13.0,9,50
0,2,13.02,9,50
0,2,13.04,9,50
0,2,13.06,9,50
0,2,13.08,9,50
0,2,13.1,9,50
0,2,13.12,9,50
0,2,13.14,9,50
0,2,13.16,9,50
0,2,13.18,9,50
0,2,13.2,9,50
0,2,13.22,9,50
0,2,13.24,9,50
0,2,13.26,9,50
0,2,13.28,9,50
0,2,13.3,9,50
0,2,13.32,9,50
0,2,13.34,9,50
0,2,13.36,9,50
0,2,13.38,9,50
0,2,13.4,9,50
0,2,13.42,9,50
0,2,13.44,9,50
0,2,13.46,9,50
0,2,13.48,9,50
0,2,13.5,9,50
0,2,13.52,9,50
0,2,13.54,9,50
0,2,13.56,9,50
0,2,13.58,9,50
0,2,13.6,9,50
0,2,13.62,9,50
0,2,13.64,9,50
0,2,13.66,9,50
0,2,13.68,9,50
0,2,13.7,9,50
0,2,13.72,9,50
0,2,13.74,9,50
0,2,13.76,9,50
0,2,13.78,9,50
0,2,13.8,9,50
0,2,13.82,9,50
0,2,13.84,9,50
0,2,13.86,9,50
0,2,13.88,9,50
0,2,13.9,9,50
0,2,13.92,9,50
0,2,13.94,9,50
0,2,13.96,9,50
0,2,13.98,9,50
0,2,14.0,9,50
0,2,14.02,9,50
0,2,14.04,9,50
0,2,14.06,9,50
0,2,14.08,9,50
0,2,14.1,9,50
0,2,14.12,9,50
0,2,14.14,9,50
0,2,14.16,9,50
0,2,14.18,9,50
0,2,14.2,9,50
0,2,14.22,9,50
0,2,14.24,9,50
0,2,14.26,9,50
0,2,14.28,9,50
0,2,14.3,9,50
0,2,14.32,9,50
0,2,14.34,9,50
0,2,14.36,9,50
0,2,14.38,9,50
0,2,14.4,9,50
0,2,14.42,9,50
0,2,14.44,9,50
0,2,14.46,9,50
0,2,14.48,9,50
0,2,14.5,9,50
0,2,14.52,9,50
0,2,14.54,9,50
0,2,14.56,9,50
0,2,14.58,9,50
0,2,14.6,9,50
0,2,14.62,9,50
0,2,14.64,9,50
0,2,14.66,9,50
0,2,14.68,9,50
0,2,14.7,9,50
0,2,14.72,9,50
0,2,14.74,9,50
0,2,14.76,9,50
0,2,14.78,9,50
0,2,14.8,9,50
0,2,14.82,9,50
0,2,14.84,9,50
0,2,14.86,9,50
0,2,14.88,9,50
0,2,14.9,9,50
0,2,14.92,9,50
0,2,14.94,9,50
0,2,14.96,9,50
0,2,14.98,9,50
0,2,15.0,9,50
0,2,15.02,9,50
0,2,15.04,9,50
0,2,15.06,9,50
0,2,15.08,9,50
0,2,15.1,9,50
0,2,15.12,9,50
0,2,15.14,9,50
0,2,15.16,9,50
0,2,15.18,9,50
0,2,15.2,9,50
0,2,15.22,9,50
0,2,15.24,9,50
0,2,15.26,9,50
0,2,15.28,9,50
0,2,15.3,9,50
0,2,15.32,9,50
0,2,15.34,9,50
0,2,15.36,9,50
0,2,15.38,9,50
0,2,15.4,9,50
0,2,15.42,9,50
0,2,15.44,9,50
0,2,15.46,9,50
0,2,15.48,9,50
0,2,15.5,9,50
0,2,15.52,9,50
0,2,15.54,9,50
0,2,15.56,9,50
0,2,15.58,9,50
0,2,15.6,9,50
0,2,15.62,9,50
0,2,15.64,9,50
0,2,15.66,9,50
0,2,15.68,9,50
0,2,15.7,9,50
0,2,15.72,9,50
0,2,15.74,9,50
0,2,15.76,9,50
0,2,15.78,9,50
0,2,15.8,9,50
0,2,15.82,9,50
0,2,15.84,9,50
0,2,15.86,9,50
0,2,15.88,9,50
0,2,15.9,9,50
0,2,15.92,9,50
0,2,15.94,9,50
0,2,15.96,9,50
0,2,15.98,9,50
0,2,16.0,9,50
0,2,16.02,9,50
0,2,16.04,9,50
0,2,16.06,9,50
0,2,16.08,9,50
0,2,16.1,9,50
0,2,16.12,9,50
0,2,16.14,9,50
0,2,16.16,9,50
0,2,16.18,9,50
0,2,16.2,9,50
0,2,16.22,9,50
0,2,16.24,9,50
0,2,16.26,9,50
0,2,16.28,9,50
0,2,16.3,9,50
0,2,16.32,9,50
0,2,16.34,9,50
0,2,16.36,9,50
0,2,16.38,9,50
0,2,16.4,9,50
0,2,16.42,9,50
0,2,16.44,9,50
0,2,16.46,9,50
0,2,16.48,9,50
0,2,16.5,9,50
0,2,16.52,9,50
0,2,16.54,9,50
0,2,16.56,9,50
0,2,16.58,9,50
0,2,16.6,9,50
0,2,16.62,9,50
0,2,16.64,9,50
0,2,16.66,9,50
0,2,16.68,9,50
0,2,16.7,9,50
0,2,16.72,9,50
0,2,16.74,9,50
0,2,16.76,9,50
0,2,16.78,9,50
0,2,16.8,9,50
0,2,16.82,9,50
0,2,16.84,9,50
0,2,16.86,9,50
0,2,16.88,9,50
0,2,16.9,9,50
0,2,16.92,9,50
0,2,16.94,9,50
0,2,16.96,9,50
0,2,16.98,9,50
0,2,17.0,9,50
0,2,17.02,9,50
0,2,17.04,9,50
0,2,17.06,9,50
0,2,17.08,9,50
0,2,17.1,9,50
0,2,17.12,9,50
0,2,17.14,9,50
0,2,17.16,9,50
0,2,17.18,9,50
0,2,17.2,9,50
0,2,17.22,9,50
0,2,17.24,9,50
0,2,17.26,9,50
0,2,17.28,9,50
0,2,17.3,9,50
0,2,17.32,9,50
0,2,17.34,9,50
0,2,17.36,9,50
0,2,17.38,9,50
0,2,17.4,9,50
0,2,17.42,9,50
0,2,17.44,9,50
0,2,17.46,9,50
0,2,17.48,9,50
0,2,17.5,9,50
0,2,17.52,9,50
0,2,17.54,9,50
0,2,17.56,9,50
0,2,17.58,9,50
0,2,17.6,9,50
0,2,17.62,9,50
0,2,17.64,9,50
0,2,17.66,9,50
0,2,17.68,9,50
0,2,17.7,9,50
0,2,17.72,9,50
0,2,17.74,9,50
0,2,17.76,9,50
0,2,17.78,9,50
0,2,17.8,9,50
0,2,17.82,9,50
0,2,17.84,9,50
0,2,17.86,9,50
0,2,17.88,9,50
0,2,17.9,9,50
0,2,17.92,9,50
0,2,17.94,9,50
0,2,17.96,9,50
0,2,17.98,9,50
0,2,18.0,9,50
0,2,18.02,9,50
0,2,18.04,9,50
0,2,18.06,9,50
0,2,18.08,9,50
0,2,18.1,9,50
0,2,18.12,9,50
0,2,18.14,9,50
0,2,18.16,9,50
0,2,18.18,9,50
0,2,18.2,9,50
0,2,18.22,9,50
0,2,18.24,9,50
0,2,18.26,9,50
0,2,18.28,9,50
0,2,18.3,9,50
0,2,18.32,9,50
0,2,18.34,9,50
0,2,18.36,9,50
0,2,18.38,9,50
0,2,18.4,9,50
0,2,18.42,9,50
0,2,18.44,9,50
0,2,18.46,9,50
0,2,18.48,9,50
0,2,18.5,9,50
0,2,18.52,9,50
0,2,18.54,9,50
0,2,18.56,9,50
0,2,18.58,9,50
0,2,18.6,9,50
0,2,18.62,9,50
0,2,18.64,9,50
0,2,18.66,9,50
0,2,18.68,9,50
0,2,18.7,9,50
0,2,18.72,9,50
0,2,18.74,9,50
0,2,18.76,9,50
0,2,18.78,9,50
0,2,18.8,9,50
0,2,18.82,9,50
0,2,18.84,9,50
0,2,18.86,9,50
0,2,18.88,9,50
0,2,18.9,9,50
0,2,18.92,9,50
0,2,18.94,9,50
0,2,18.96,9,50
0,2,18.98,9,50
0,2,19.0,9,50
0,2,19.02,9,50
0,2,19.04,9,50
0,2,19.06,9,50
0,2,19.08,9,50
0,2,19.1,9,50
0,2,19.12,9,50
0,2,19.14,9,50
0,2,19.16,9,50
0,2,19.18,9,50
0,2,19.2,9,50
0,2,19.22,9,50
0,2,19.24,9,50
0,2,19.26,9,50
0,2,19.28,9,50
0,2,19.3,9,50
0,2,19.32,9,50
0,2,19.34,9,50
0,2,19.36,9,50
0,2,19.38,9,50
0,2,19.4,9,50
0,2,19.42,9,50
0,2,19.44,9,50
0,2,19.46,9,50
0,2,19.48,9,50
0,2,19.5,9,50
0,2,19.52,9,50
0,2,19.54,9,50
0,2,19.56,9,50
0,2,19.58,9,50
0,2,19.6,9,50
0,2,19.62,9,50
0,2,19.64,9,50
0,2,19.66,9,50
0,2,19.68,9,50
0,2,19.7,9,50
0,2,19.72,9,50
0,2,19.74,9,50
0,2,19.76,9,50
0,2,19.78,9,50
0,2,19.8,9,50
0,2,19.82,9,50
0,2,19.84,9,50
0,2,19.86,9,50
0,2,19.88,9,50
0,2,19.9,9,50
0,2,19.92,9,50
0,2,19.94,9,50
0,2,19.96,9,50
0,2,19.98,9,50
0,2,20.0,9,50
0,2,10.0,10,49
0,2,10.02,10,49
0,2,10.04,10,49
0,2,10.06,10,49
0,2,10.08,10,49
0,2,10.1,10,49
0,2,10.12,10,49
0,2,10.14,10,49
0,2,10.16,10,48
0,2,10.18,10,48
0,2,10.2,10,49
0,2,10.22,10,49
0,2,10.24,10,49
0,2,10.26,10,49
0,2,10.28,10,49
0,2,10.3,10,49
0,2,10.32,10,49
0,2,10.34,10,49
0,2,10.36,10,49
0,2,10.38,10,49
0,2,10.4,10,49
0,2,10.42,10,49
0,2,10.44,10,49
0,2,10.46,10,49
0,2,10.48,10,49
0,2,10.5,10,49
0,2,10.52,10,49
0,2,10.54,10,49
0,2,10.56,10,49
0,2,10.58,10,49
0,2,10.6,10,49
0,2,10.62,10,49
0,2,10.64,10,49
0,2,10.66,10,49
0,2,10.68,10,49
0,2,10.7,10,49
0,2,10.72,10,49
0,2,10.74,10,49
0,2,10.76,10,49
0,2,10.78,10,49
0,2,10.8,10,49
0,2,10.82,10,49
0,2,10.84,10,49
0,2,10.86,10,49
0,2,10.88,10,49
0,2,10.9,10,49
0,2,10.92,10,49
0,2,10.94,10,49
0,2,10.96,10,49
0,2,10.98,10,49
0,2,11.0,10,49
0,2,11.02,10,49
0,2,11.04,10,49
0,2,11.06,10,49
0,2,11.08,10,49
0,2,11.1,10,49
0,2,11.12,10,49
0,2,11.14,10,49
0,2,11.16,10,49
0,2,11.18,10,49
0,2,11.2,10,49
0,2,11.22,10,49
0,2,11.24,10,49
0,2,11.26,10,49
0,2,11.28,10,49
0,2,11.3,10,49
0,2,11.32,10,49
0,2,11.34,10,49
0,2,11.36,10,49
0,2,11.38,10,49
0,2,11.4,10,49
0,2,11.42,10,49
0,2,11.44,10,49
0,2,11.46,10,49
0,2,11.48,10,49
0,2,11.5,10,49
0,2,11.52,10,49
0,2,11.54,10,49
0,2,11.56,10,49
0,2,11.58,10,49
0,2,11.6,10,49
0,2,11.62,10,49
0,2,11.64,10,49
0,2,11.66,10,49
0,2,11.68,10,49
0,2,11.7,10,49
0,2,11.72,10,49
0,2,11.74,10,49
0,2,11.76,10,49
0,2,11.78,10,49
0,2,11.8,10,49
0,2,11.82,10,49
0,2,11.84,10,49
0,2,11.86,10,49
0,2,11.88,10,49
0,2,11.9,10,49
0,2,11.92,10,49
0,2,11.94,10,49
0,2,11.96,10,50
0,2,11.98,10,50
0,2,12.0,10,50
0,2,12.02,10,50
0,2,12.04,10,50
0,2,12.06,10,49
0,2,12.08,10,49
0,2,12.1,10,49
0,2,12.12,10,49
0,2,12.14,10,49
0,2,12.16,10,49
0,2,12.18,10,49
0,2,12.2,10,49
0,2,12.22,10,49
0,2,12.24,10,49
0,2,12.26,10,49
0,2,12.28,10,50
0,2,12.3,10,50
0,2,12.32,10,50
0,2,12.34,10,50
0,2,12.36,10,50
0,2,12.38,10,50
0,2,12.4,10,50
0,2,12.42,10,50
0,2,12.44,10,50
0,2,12.46,10,50
0,2,12.48,10,50
0,2,12.5,10,50
0,2,12.52,10,50
0,2,12.54,10,50
0,2,12.56,10,50
0,2,12.58,10,50
0,2,12.6,10,50
0,2,12.62,10,50
0,2,12.64,10,50
0,2,12.66,10,50
0,2,12.68,10,50
0,2,12.7,10,50
0,2,12.72,10,50
0,2,12.74,10,50
0,2,12.76,10,50
0,2,12.78,10,50
0,2,12.8,10,50
0,2,12.82,10,50
0,2,12.84,10,50
0,2,12.86,10,50
0,2,12.88,10,50
0,2,12.9,10,50
0,2,12.92,10,50
0,2,12.94,10,50
0,2,12.96,10,50
0,2,12.98,10,50
0,2,13.0,10,50
0,2,13.02,10,50
0,2,13.04,10,50
0,2,13.06,10,50
0,2,13.08,10,50
0,2,13.1,10,50
0,2,13.12,10,50
0,2,13.14,10,50
0,2,13.16,10,50
0,2,13.18,10,50
0,2,13.2,10,50
0,2,13.22,10,50
0,2,13.24,10,50
0,2,13.26,10,50
0,2,13.28,10,50
0,2,13.3,10,50
0,2,13.32,10,50
0,2,13.34,10,50
0,2,13.36,10,50
0,2,13.38,10,50
0,2,13.4,10,50
0,2,13.42,10,50
0,2,13.44,10,50
0,2,13.46,10,50
0,2,13.48,10,50
0,2,13.5,10,50
0,2,13.52,10,50
0,2,13.54,10,50
0,2,13.56,10,50
0,2,13.58,10,50
0,2,13.6,10,50
0,2,13.62,10,50
0,2,13.64,10,50
0,2,13.66,10,50
0,2,13.68,10,50
0,2,13.7,10,50
0,2,13.72,10,50
0,2,13.74,10,50
0,2,13.76,10,50
0,2,13.78,10,50
0,2,13.8,10,50
0,2,13.82,10,50
0,2,13.84,10,50
0,2,13.86,10,50
0,2,13.88,10,50
0,2,13.9,10,50
0,2,13.92,10,50
0,2,13.94,10,50
0,2,13.96,10,50
0,2,13.98,10,50
0,2,14.0,10,50
0,2,14.02,10,50
0,2,14.04,10,50
0,2,14.06,10,50
0,2,14.08,10,50
0,2,14.1,10,50
0,2,14.12,10,50
0,2,14.14,10,50
0,2,14.16,10,50
0,2,14.18,10,50
0,2,14.2,10,50
0,2,14.22,10,50
0,2,14.24,10,50
0,2,14.26,10,50
0,2,14.28,10,50
0,2,14.3,10,50
0,2,14.32,10,50
0,2,14.34,10,50
0,2,14.36,10,50
0,2,14.38,10,50
0,2,14.4,10,50
0,2,14.42,10,50
0,2,14.44,10,50
0,2,14.46,10,50
0,2,14.48,10,50
0,2,14.5,10,50
0,2,14.52,10,50
0,2,14.54,10,50
0,2,14.56,10,50
0,2,14.58,10,50
0,2,14.6,10,50
0,2,14.62,10,50
0,2,14.64,10,50
0,2,14.66,10,50
0,2,14.68,10,50
0,2,14.7,10,50
0,2,14.72,10,50
0,2,14.74,10,50
0,2,14.76,10,50
0,2,14.78,10,50
0,2,14.8,10,50
0,2,14.82,10,50
0,2,14.84,10,50
0,2,14.86,10,50
0,2,14.88,10,50
0,2,14.9,10,50
0,2,14.92,10,50
0,2,14.94,10,50
0,2,14.96,10,50
0,2,14.98,10,50
0,2,15.0,10,50
0,2,15.02,10,50
0,2,15.04,10,50
0,2,15.06,10,50
0,2,15.08,10,50
0,2,15.1,10,50
0,2,15.12,10,50
0,2,15.14,10,50
0,2,15.16,10,50
0,2,15.18,10,50
0,2,15.2,10,50
0,2,15.22,10,50
0,2,15.24,10,50
0,2,15.26,10,50
0,2,15.28,10,50
0,2,15.3,10,50
0,2,15.32,10,50
0,2,15.34,10,50
0,2,15.36,10,50
0,2,15.38,10,50
0,2,15.4,10,50
0,2,15.42,10,50
0,2,15.44,10,50
0,2,15.46,10,50
0,2,15.48,10,50
0,2,15.5,10,50
0,2,15.52,10,50
0,2,15.54,10,50
0,2,15.56,10,50
0,2,15.58,10,50
0,2,15.6,10,50
0,2,15.62,10,50
0,2,15.64,10,50
0,2,15.66,10,50
0,2,15.68,10,50
0,2,15.7,10,50
0,2,15.72,10,50
0,2,15.74,10,50
0,2,15.76,10,50
0,2,15.78,10,50
0,2,15.8,10,50
0,2,15.82,10,50
0,2,15.84,10,50
0,2,15.86,10,50
0,2,15.88,10,50
0,2,15.9,10,50
0,2,15.92,10,50
0,2,15.94,10,50
0,2,15.96,10,50
0,2,15.98,10,50
0,2,16.0,10,50
0,2,16.02,10,50
0,2,16.04,10,50
0,2,16.06,10,50
0,2,16.08,10,50
0,2,16.1,10,50
0,2,16.12,10,50
0,2,16.14,10,50
0,2,16.16,10,50
0,2,16.18,10,50
0,2,16.2,10,50
0,2,16.22,10,50
0,2,16.24,10,50
0,2,16.26,10,50
0,2,16.28,10,50
0,2,16.3,10,50
0,2,16.32,10,50
0,2,16.34,10,50
0,2,16.36,10,50
0,2,16.38,10,50
0,2,16.4,10,50
0,2,16.42,10,50
0,2,16.44,10,50
0,2,16.46,10,50
0,2,16.48,10,50
0,2,16.5,10,50
0,2,16.52,10,50
0,2,16.54,10,50
0,2,16.56,10,50
0,2,16.58,10,50
0,2,16.6,10,50
0,2,16.62,10,50
0,2,16.64,10,50
0,2,16.66,10,50
0,2,16.68,10,50
0,2,16.7,10,50
0,2,16.72,10,50
0,2,16.74,10,50
0,2,16.76,10,50
0,2,16.78,10,50
0,2,16.8,10,50
0,2,16.82,10,50
0,2,16.84,10,50
0,2,16.86,10,50
0,2,16.88,10,50
0,2,16.9,10,50
0,2,16.92,10,50
0,2,16.94,10,50
0,2,16.96,10,50
0,2,16.98,10,50
0,2,17.0,10,50
0,2,17.02,10,50
0,2,17.04,10,50
0,2,17.06,10,50
0,2,17.08,10,50
0,2,17.1,10,50
0,2,17.12,10,50
0,2,17.14,10,50
0,2,17.16,10,50
0,2,17.18,10,50
0,2,17.2,10,50
0,2,17.22,10,50
0,2,17.24,10,50
0,2,17.26,10,50
0,2,17.28,10,50
0,2,17.3,10,50
0,2,17.32,10,50
0,2,17.34,10,50
0,2,17.36,10,50
0,2,17.38,10,50
0,2,17.4,10,50
0,2,17.42,10,50
0,2,17.44,10,50
0,2,17.46,10,50
0,2,17.48,10,50
0,2,17.5,10,50
0,2,17.52,10,50
0,2,17.54,10,50
0,2,17.56,10,50
0,2,17.58,10,50
0,2,17.6,10,50
0,2,17.62,10,50
0,2,17.64,10,50
0,2,17.66,10,50
0,2,17.68,10,50
0,2,17.7,10,50
0,2,17.72,10,50
0,2,17.74,10,50
0,2,17.76,10,50
0,2,17.78,10,50
0,2,17.8,10,50
0,2,17.82,10,50
0,2,17.84,10,50
0,2,17.86,10,50
0,2,17.88,10,50
0,2,17.9,10,50
0,2,17.92,10,50
0,2,17.94,10,50
0,2,17.96,10,50
0,2,17.98,10,50
0,2,18.0,10,50
0,2,18.02,10,50
0,2,18.04,10,50
0,2,18.06,10,50
0,2,18.08,10,50
0,2,18.1,10,50
0,2,18.12,10,50
0,2,18.14,10,50
0,2,18.16,10,50
0,2,18.18,10,50
0,2,18.2,10,50
0,2,18.22,10,50
0,2,18.24,10,50
0,2,18.26,10,50
0,2,18.28,10,50
0,2,18.3,10,50
0,2,18.32,10,50
0,2,18.34,10,50
0,2,18.36,10,50
0,2,18.38,10,50
0,2,18.4,10,50
0,2,18.42,10,50
0,2,18.44,10,50
0,2,18.46,10,50
0,2,18.48,10,50
0,2,18.5,10,50
0,2,18.52,10,50
0,2,18.54,10,50
0,2,18.56,10,50
0,2,18.58,10,50
0,2,18.6,10,50
0,2,18.62,10,50
0,2,18.64,10,50
0,2,18.66,10,50
0,2,18.68,10,50
0,2,18.7,10,50
0,2,18.72,10,50
0,2,18.74,10,50
0,2,18.76,10,50
0,2,18.78,10,50
0,2,18.8,10,50
0,2,18.82,10,50
0,2,18.84,10,50
0,2,18.86,10,50
0,2,18.88,10,50
0,2,18.9,10,50
0,2,18.92,10,50
0,2,18.94,10,50
0,2,18.96,10,50
0,2,18.98,10,50
0,2,19.0,10,50
0,2,19.02,10,50
0,2,19.04,10,50
0,2,19.06,10,50
0,2,19.08,10,50
0,2,19.1,10,50
0,2,19.12,10,50
0,2,19.14,10,50
0,2,19.16,10,50
0,2,19.18,10,50
0,2,19.2,10,50
0,2,19.22,10,50
0,2,19.24,10,50
0,2,19.26,10,50
0,2,19.28,10,50
0,2,19.3,10,50
0,2,19.32,10,50
0,2,19.34,10,50
0,2,19.36,10,50
0,2,19.38,10,50
0,2,19.4,10,50
0,2,19.42,10,50
0,2,19.44,10,50
0,2,19.46,10,50
0,2,19.48,10,50
0,2,19.5,10,50
0,2,19.52,10,50
0,2,19.54,10,50
0,2,19.56,10,50
0,2,19.58,10,50
0,2,19.6,10,50
0,2,19.62,10,50
0,2,19.64,10,50
0,2,19.66,10,50
0,2,19.68,10,50
0,2,19.7,10,50
0,2,19.72,10,50
0,2,19.74,10,50
0,2,19.76,10,50
0,2,19.78,10,50
0,2,19.8,10,50
0,2,19.82,10,50
0,2,19.84,10,50
0,2,19.86,10,50
0,2,19.88,10,50
0,2,19.9,10,50
0,2,19.92,10,50
0,2,19.94,10,50
0,2,19.96,10,50
0,2,19.98,10,50
0,2,20.0,10,50
0,3,10.0,6,49
0,3,10.02,6,49
0,3,10.04,6,49
0,3,10.06,6,49
0,3,10.08,6,49
0,3,10.1,6,49
0,3,10.12,6,49
0,3,10.14,6,49
0,3,10.16,6,49
0,3,10.18,6,49
0,3,10.2,6,49
0,3,10.22,6,49
0,3,10.24,6,49
0,3,10.26,6,49
0,3,10.28,6,49
0,3,10.3,6,49
0,3,10.32,6,49
0,3,10.34,6,49
0,3,10.36,6,49
0,3,10.38,6,49
0,3,10.4,6,49
0,3,10.42,6,49
0,3,10.44,6,49
0,3,10.46,6,49
0,3,10.48,6,49
0,3,10.5,6,49
0,3,10.52,6,49
0,3,10.54,6,49
0,3,10.56,6,49
0,3,10.58,6,49
0,3,10.6,6,49
0,3,10.62,6,49
0,3,10.64,6,49
0,3,10.66,6,49
0,3,10.68,6,49
0,3,10.7,6,49
0,3,10.72,6,49
0,3,10.74,6,49
0,3,10.76,6,49
0,3,10.78,6,49
0,3,10.8,6,49
0,3,10.82,6,49
0,3,10.84,6,49
0,3,10.86,6,50
0,3,10.88,6,49
0,3,10.9,6,49
0,3,10.92,6,49
0,3,10.94,6,49
0,3,10.96,6,49
0,3,10.98,6,49
0,3,11.0,6,49
0,3,11.02,6,49
0,3,11.04,6,49
0,3,11.06,6,49
0,3,11.08,6,49
0,3,11.1,6,48
0,3,11.12,6,48
0,3,11.14,6,49
0,3,11.16,6,49
0,3,11.18,6,49
0,3,11.2,6,49
0,3,11.22,6,49
0,3,11.24,6,49
0,3,11.26,6,49
0,3,11.28,6,49
0,3,11.3,6,49
0,3,11.32,6,49
0,3,11.34,6,49
0,3,11.36,6,49
0,3,11.38,6,49
0,3,11.4,6,49
0,3,11.42,6,49
0,3,11.44,6,49
0,3,11.46,6,49
0,3,11.48,6,49
0,3,11.5,6,49
0,3,11.52,6,49
0,3,11.54,6,49
0,3,11.56,6,49
0,3,11.58,6,49
0,3,11.6,6,48
0,3,11.62,6,49
0,3,11.64,6,49
0,3,11.66,6,49
0,3,11.68,6,49
0,3,11.7,6,49
0,3,11.72,6,49
0,3,11.74,6,49
0,3,11.76,6,48
0,3,11.78,6,49
0,3,11.8,6,49
0,3,11.82,6,49
0,3,11.84,6,49
0,3,11.86,6,49
0,3,11.88,6,49
0,3,11.9,6,49
0,3,11.92,6,49
0,3,11.94,6,49
0,3,11.96,6,49
0,3,11.98,6,49
0,3,12.0,6,49
0,3,12.02,6,49
0,3,12.04,6,49
0,3,12.06,6,49
0,3,12.08,6,49
0,3,12.1,6,49
0,3,12.12,6,49
0,3,12.14,6,49
0,3,12.16,6,49
0,3,12.18,6,49
0,3,12.2,6,49
0,3,12.22,6,49
0,3,12.24,6,49
0,3,12.26,6,49
0,3,12.28,6,49
0,3,12.3,6,49
0,3,12.32,6,49
0,3,12.34,6,49
0,3,12.36,6,49
0,3,12.38,6,49
0,3,12.4,6,50
0,3,12.42,6,50
0,3,12.44,6,50
0,3,12.46,6,50
0,3,12.48,6,50
0,3,12.5,6,50
0,3,12.52,6,50
0,3,12.54,6,50
0,3,12.56,6,50
0,3,12.58,6,50
0,3,12.6,6,50
0,3,12.62,6,50
0,3,12.64,6,50
0,3,12.66,6,50
0,3,12.68,6,50
0,3,12.7,6,50
0,3,12.72,6,50
0,3,12.74,6,50
0,3,12.76,6,50
0,3,12.78,6,50
0,3,12.8,6,50
0,3,12.82,6,50
0,3,12.84,6,50
0,3,12.86,6,50
0,3,12.88,6,50
0,3,12.9,6,50
0,3,12.92,6,50
0,3,12.94,6,50
0,3,12.96,6,50
0,3,12.98,6,50
0,3,13.0,6,50
0,3,13.02,6,50
0,3,13.04,6,50
0,3,13.06,6,50
0,3,13.08,6,50
0,3,13.1,6,50
0,3,13.12,6,50
0,3,13.14,6,50
0,3,13.16,6,50
0,3,13.18,6,50
0,3,13.2,6,50
0,3,13.22,6,50
0,3,13.24,6,50
0,3,13.26,6,50
0,3,13.28,6,50
0,3,13.3,6,50
0,3,13.32,6,50
0,3,13.34,6,50
0,3,13.36,6,50
0,3,13.38,6,50
0,3,13.4,6,50
0,3,13.42,6,50
0,3,13.44,6,50
0,3,13.46,6,50
0,3,13.48,6,50
0,3,13.5,6,50
0,3,13.52,6,50
0,3,13.54,6,50
0,3,13.56,6,50
0,3,13.58,6,50
0,3,13.6,6,50
0,3,13.62,6,50
0,3,13.64,6,50
0,3,13.66,6,50
0,3,13.68,6,50
0,3,13.7,6,50
0,3,13.72,6,50
0,3,13.74,6,50
0,3,13.76,6,50
0,3,13.78,6,50
0,3,13.8,6,50
0,3,13.82,6,50
0,3,13.84,6,50
0,3,13.86,6,50
0,3,13.88,6,50
0,3,13.9,6,50
0,3,13.92,6,50
0,3,13.94,6,50
0,3,13.96,6,50
0,3,13.98,6,50
0,3,14.0,6,50
0,3,14.02,6,50
0,3,14.04,6,50
0,3,14.06,6,50
0,3,14.08,6,50
0,3,14.1,6,50
0,3,14.12,6,50
0,3,14.14,6,50
0,3,14.16,6,50
0,3,14.18,6,50
0,3,14.2,6,50
0,3,14.22,6,50
0,3,14.24,6,50
0,3,14.26,6,50
0,3,14.28,6,50
0,3,14.3,6,50
0,3,14.32,6,50
0,3,14.34,6,50
0,3,14.36,6,50
0,3,14.38,6,50
0,3,14.4,6,50
0,3,14.42,6,50
0,3,14.44,6,50
0,3,14.46,6,50
0,3,14.48,6,50
0,3,14.5,6,50
0,3,14.52,6,50
0,3,14.54,6,50
0,3,14.56,6,50
0,3,14.58,6,50
0,3,14.6,6,50
0,3,14.62,6,50
0,3,14.64,6,50
0,3,14.66,6,50
0,3,14.68,6,50
0,3,14.7,6,50
0,3,14.72,6,50
0,3,14.74,6,50
0,3,14.76,6,50
0,3,14.78,6,50
0,3,14.8,6,50
0,3,14.82,6,50
0,3,14.84,6,50
0,3,14.86,6,50
0,3,14.88,6,50
0,3,14.9,6,50
0,3,14.92,6,50
0,3,14.94,6,50
0,3,14.96,6,50
0,3,14.98,6,50
0,3,15.0,6,50
0,3,15.02,6,50
0,3,15.04,6,50
0,3,15.06,6,50
0,3,15.08,6,50
0,3,15.1,6,50
0,3,15.12,6,50
0,3,15.14,6,50
0,3,15.16,6,50
0,3,15.18,6,50
0,3,15.2,6,50
0,3,15.22,6,50
0,3,15.24,6,50
0,3,15.26,6,50
0,3,15.28,6,50
0,3,15.3,6,50
0,3,15.32,6,50
0,3,15.34,6,50
0,3,15.36,6,50
0,3,15.38,6,50
0,3,15.4,6,50
0,3,15.42,6,50
0,3,15.44,6,50
0,3,15.46,6,50
0,3,15.48,6,50
0,3,15.5,6,50
0,3,15.52,6,50
0,3,15.54,6,50
0,3,15.56,6,50
0,3,15.58,6,50
0,3,15.6,6,50
0,3,15.62,6,50
0,3,15.64,6,49
0,3,15.66,6,50
0,3,15.68,6,50
0,3,15.7,6,50
0,3,15.72,6,50
0,3,15.74,6,50
0,3,15.76,6,50
0,3,15.78,6,50
0,3,15.8,6,50
0,3,15.82,6,50
0,3,15.84,6,50
0,3,15.86,6,50
0,3,15.88,6,50
0,3,15.9,6,50
0,3,15.92,6,50
0,3,15.94,6,50
0,3,15.96,6,50
0,3,15.98,6,50
0,3,16.0,6,50
0,3,16.02,6,50
0,3,16.04,6,50
0,3,16.06,6,50
0,3,16.08,6,50
0,3,16.1,6,50
0,3,16.12,6,50
0,3,16.14,6,50
0,3,16.16,6,50
0,3,16.18,6,50
0,3,16.2,6,50
0,3,16.22,6,50
0,3,16.24,6,50
0,3,16.26,6,50
0,3,16.28,6,50
0,3,16.3,6,50
0,3,16.32,6,50
0,3,16.34,6,50
0,3,16.36,6,50
0,3,16.38,6,50
0,3,16.4,6,50
0,3,16.42,6,50
0,3,16.44,6,50
0,3,16.46,6,50
0,3,16.48,6,50
0,3,16.5,6,50
0,3,16.52,6,50
0,3,16.54,6,50
0,3,16.56,6,50
0,3,16.58,6,50
0,3,16.6,6,50
0,3,16.62,6,50
0,3,16.64,6,50
0,3,16.66,6,50
0,3,16.68,6,50
0,3,16.7,6,50
0,3,16.72,6,50
0,3,16.74,6,50
0,3,16.76,6,50
0,3,16.78,6,50
0,3,16.8,6,50
0,3,16.82,6,50
0,3,16.84,6,50
0,3,16.86,6,50
0,3,16.88,6,50
0,3,16.9,6,50
0,3,16.92,6,50
0,3,16.94,6,50
0,3,16.96,6,50
0,3,16.98,6,50
0,3,17.0,6,50
0,3,17.02,6,50
0,3,17.04,6,50
0,3,17.06,6,50
0,3,17.08,6,50
0,3,17.1,6,50
0,3,17.12,6,50
0,3,17.14,6,50
0,3,17.16,6,50
0,3,17.18,6,50
0,3,17.2,6,50
0,3,17.22,6,50
0,3,17.24,6,50
0,3,17.26,6,50
0,3,17.28,6,50
0,3,17.3,6,50
0,3,17.32,6,50
0,3,17.34,6,50
0,3,17.36,6,50
0,3,17.38,6,50
0,3,17.4,6,50
0,3,17.42,6,50
0,3,17.44,6,50
0,3,17.46,6,50
0,3,17.48,6,50
0,3,17.5,6,50
0,3,17.52,6,50
0,3,17.54,6,50
0,3,17.56,6,50
0,3,17.58,6,50
0,3,17.6,6,50
0,3,17.62,6,50
0,3,17.64,6,50
0,3,17.66,6,50
0,3,17.68,6,50
0,3,17.7,6,50
0,3,17.72,6,50
0,3,17.74,6,50
0,3,17.76,6,50
0,3,17.78,6,50
0,3,17.8,6,50
0,3,17.82,6,50
0,3,17.84,6,50
0,3,17.86,6,50
0,3,17.88,6,50
0,3,17.9,6,50
0,3,17.92,6,50
0,3,17.94,6,50
0,3,17.96,6,50
0,3,17.98,6,50
0,3,18.0,6,50
0,3,18.02,6,50
0,3,18.04,6,50
0,3,18.06,6,50
0,3,18.08,6,50
0,3,18.1,6,50
0,3,18.12,6,50
0,3,18.14,6,50
0,3,18.16,6,50
0,3,18.18,6,50
0,3,18.2,6,50
0,3,18.22,6,50
0,3,18.24,6,50
0,3,18.26,6,50
0,3,18.28,6,50
0,3,18.3,6,50
0,3,18.32,6,50
0,3,18.34,6,50
0,3,18.36,6,50
0,3,18.38,6,50
0,3,18.4,6,50
0,3,18.42,6,50
0,3,18.44,6,49
0,3,18.46,6,49
0,3,18.48,6,49
0,3,18.5,6,49
0,3,18.52,6,50
0,3,18.54,6,49
0,3,18.56,6,49
0,3,18.58,6,49
0,3,18.6,6,49
0,3,18.62,6,49
0,3,18.64,6,49
0,3,18.66,6,49
0,3,18.68,6,49
0,3,18.7,6,49
0,3,18.72,6,49
0,3,18.74,6,49
0,3,18.76,6,49
0,3,18.78,6,49
0,3,18.8,6,49
0,3,18.82,6,49
0,3,18.84,6,49
0,3,18.86,6,49
0,3,18.88,6,49
0,3,18.9,6,49
0,3,18.92,6,49
0,3,18.94,6,49
0,3,18.96,6,49
0,3,18.98,6,49
0,3,19.0,6,49
0,3,19.02,6,49
0,3,19.04,6,49
0,3,19.06,6,49
0,3,19.08,6,49
0,3,19.1,6,49
0,3,19.12,6,49
0,3,19.14,6,49
0,3,19.16,6,49
0,3,19.18,6,49
0,3,19.2,6,49
0,3,19.22,6,49
0,3,19.24,6,49
0,3,19.26,6,49
0,3,19.28,6,49
0,3,19.3,6,49
0,3,19.32,6,49
0,3,19.34,6,49
0,3,19.36,6,50
0,3,19.38,6,49
0,3,19.4,6,49
0,3,19.42,6,49
0,3,19.44,6,49
0,3,19.46,6,49
0,3,19.48,6,49
0,3,19.5,6,49
0,3,19.52,6,49
0,3,19.54,6,49
0,3,19.56,6,49
0,3,19.58,6,49
0,3,19.6,6,49
0,3,19.62,6,49
0,3,19.64,6,49
0,3,19.66,6,49
0,3,19.68,6,49
0,3,19.7,6,49
0,3,19.72,6,49
0,3,19.74,6,49
0,3,19.76,6,49
0,3,19.78,6,49
0,3,19.8,6,49
0,3,19.82,6,49
0,3,19.84,6,49
0,3,19.86,6,49
0,3,19.88,6,49
0,3,19.9,6,49
0,3,19.92,6,49
0,3,19.94,6,49
0,3,19.96,6,49
0,3,19.98,6,49
0,3,20.0,6,49
0,3,10.0,7,49
0,3,10.02,7,49
0,3,10.04,7,49
0,3,10.06,7,49
0,3,10.08,7,49
0,3,10.1,7,49
0,3,10.12,7,49
0,3,10.14,7,49
0,3,10.16,7,49
0,3,10.18,7,49
0,3,10.2,7,49
0,3,10.22,7,49
0,3,10.24,7,49
0,3,10.26,7,49
0,3,10.28,7,49
0,3,10.3,7,49
0,3,10.32,7,49
0,3,10.34,7,49
0,3,10.36,7,49
0,3,10.38,7,49
0,3,10.4,7,49
0,3,10.42,7,49
0,3,10.44,7,49
0,3,10.46,7,49
0,3,10.48,7,49
0,3,10.5,7,49
0,3,10.52,7,49
0,3,10.54,7,49
0,3,10.56,7,49
0,3,10.58,7,49
0,3,10.6,7,49
0,3,10.62,7,49
0,3,10.64,7,49
0,3,10.66,7,49
0,3,10.68,7,49
0,3,10.7,7,49
0,3,10.72,7,49
0,3,10.74,7,49
0,3,10.76,7,49
0,3,10.78,7,49
0,3,10.8,7,49
0,3,10.82,7,49
0,3,10.84,7,49
0,3,10.86,7,50
0,3,10.88,7,49
0,3,10.9,7,49
0,3,10.92,7,49
0,3,10.94,7,49
0,3,10.96,7,49
0,3,10.98,7,49
0,3,11.0,7,49
0,3,11.02,7,49
0,3,11.04,7,49
0,3,11.06,7,49
0,3,11.08,7,49
0,3,11.1,7,48
0,3,11.12,7,49
0,3,11.14,7,49
0,3,11.16,7,49
0,3,11.18,7,49
0,3,11.2,7,49
0,3,11.22,7,49
0,3,11.24,7,49
0,3,11.26,7,49
0,3,11.28,7,49
0,3,11.3,7,49
0,3,11.32,7,49
0,3,11.34,7,49
0,3,11.36,7,49
0,3,11.38,7,49
0,3,11.4,7,49
0,3,11.42,7,49
0,3,11.44,7,49
0,3,11.46,7,49
0,3,11.48,7,49
0,3,11.5,7,49
0,3,11.52,7,49
0,3,11.54,7,49
0,3,11.56,7,49
0,3,11.58,7,49
0,3,11.6,7,48
0,3,11.62,7,49
0,3,11.64,7,49
0,3,11.66,7,49
0,3,11.68,7,49
0,3,11.7,7,49
0,3,11.72,7,49
0,3,11.74,7,49
0,3,11.76,7,49
0,3,11.78,7,49
0,3,11.8,7,49
0,3,11.82,7,49
0,3,11.84,7,49
0,3,11.86,7,49
0,3,11.88,7,49
0,3,11.9,7,49
0,3,11.92,7,49
0,3,11.94,7,49
0,3,11.96,7,49
0,3,11.98,7,49
0,3,12.0,7,49
0,3,12.02,7,49
0,3,12.04,7,49
0,3,12.06,7,49
0,3,12.08,7,49
0,3,12.1,7,49
0,3,12.12,7,49
0,3,12.14,7,49
0,3,12.16,7,49
0,3,12.18,7,49
0,3,12.2,7,49
0,3,12.22,7,49
0,3,12.24,7,49
0,3,12.26,7,49
0,3,12.28,7,49
0,3,12.3,7,49
0,3,12.32,7,49
0,3,12.34,7,49
0,3,12.36,7,49
0,3,12.38,7,49
0,3,12.4,7,50
0,3,12.42,7,50
0,3,12.44,7,50
0,3,12.46,7,50
0,3,12.48,7,50
0,3,12.5,7,50
0,3,12.52,7,50
0,3,12.54,7,50
0,3,12.56,7,50
0,3,12.58,7,50
0,3,12.6,7,50
0,3,12.62,7,50
0,3,12.64,7,50
0,3,12.66,7,50
0,3,12.68,7,50
0,3,12.7,7,50
0,3,12.72,7,50
0,3,12.74,7,50
0,3,12.76,7,50
0,3,12.78,7,50
0,3,12.8,7,50
0,3,12.82,7,50
0,3,12.84,7,50
0,3,12.86,7,50
0,3,12.88,7,50
0,3,12.9,7,50
0,3,12.92,7,50
0,3,12.94,7,50
0,3,12.96,7,50
0,3,12.98,7,50
0,3,13.0,7,50
0,3,13.02,7,50
0,3,13.04,7,50
0,3,13.06,7,50
0,3,13.08,7,50
0,3,13.1,7,50
0,3,13.12,7,50
0,3,13.14,7,50
0,3,13.16,7,50
0,3,13.18,7,50
0,3,13.2,7,50
0,3,13.22,7,50
0,3,13.24,7,50
0,3,13.26,7,50
0,3,13.28,7,50
0,3,13.3,7,50
0,3,13.32,7,50
0,3,13.34,7,50
0,3,13.36,7,50
0,3,13.38,7,50
0,3,13.4,7,50
0,3,13.42,7,50
0,3,13.44,7,50
0,3,13.46,7,50
0,3,13.48,7,50
0,3,13.5,7,50
0,3,13.52,7,50
0,3,13.54,7,50
0,3,13.56,7,50
0,3,13.58,7,50
0,3,13.6,7,50
0,3,13.62,7,50
0,3,13.64,7,50
0,3,13.66,7,50
0,3,13.68,7,50
0,3,13.7,7,50
0,3,13.72,7,50
0,3,13.74,7,50
0,3,13.76,7,50
0,3,13.78,7,50
0,3,13.8,7,50
0,3,13.82,7,50
0,3,13.84,7,50
0,3,13.86,7,50
0,3,13.88,7,50
0,3,13.9,7,50
0,3,13.92,7,50
0,3,13.94,7,50
0,3,13.96,7,50
0,3,13.98,7,50
0,3,14.0,7,50
0,3,14.02,7,50
0,3,14.04,7,50
0,3,14.06,7,50
0,3,14.08,7,50
0,3,14.1,7,50
0,3,14.12,7,50
0,3,14.14,7,50
0,3,14.16,7,50
0,3,14.18,7,50
0,3,14.2,7,50
0,3,14.22,7,50
0,3,14.24,7,50
0,3,14.26,7,50
0,3,14.28,7,50
0,3,14.3,7,50
0,3,14.32,7,50
0,3,14.34,7,50
0,3,14.36,7,50
0,3,14.38,7,50
0,3,14.4,7,50
0,3,14.42,7,50
0,3,14.44,7,50
0,3,14.46,7,50
0,3,14.48,7,50
0,3,14.5,7,50
0,3,14.52,7,50
0,3,14.54,7,50
0,3,14.56,7,50
0,3,14.58,7,50
0,3,14.6,7,50
0,3,14.62,7,50
0,3,14.64,7,50
0,3,14.66,7,50
0,3,14.68,7,50
0,3,14.7,7,50
0,3,14.72,7,50
0,3,14.74,7,50
0,3,14.76,7,50
0,3,14.78,7,50
0,3,14.8,7,50
0,3,14.82,7,50
0,3,14.84,7,50
0,3,14.86,7,50
0,3,14.88,7,50
0,3,14.9,7,50
0,3,14.92,7,50
0,3,14.94,7,50
0,3,14.96,7,50
0,3,14.98,7,50
0,3,15.0,7,50
0,3,15.02,7,50
0,3,15.04,7,50
0,3,15.06,7,50
0,3,15.08,7,50
0,3,15.1,7,50
0,3,15.12,7,50
0,3,15.14,7,50
0,3,15.16,7,50
0,3,15.18,7,50
0,3,15.2,7,50
0,3,15.22,7,50
0,3,15.24,7,50
0,3,15.26,7,50
0,3,15.28,7,50
0,3,15.3,7,50
0,3,15.32,7,50
0,3,15.34,7,50
0,3,15.36,7,50
0,3,15.38,7,50
0,3,15.4,7,50
0,3,15.42,7,50
0,3,15.44,7,50
0,3,15.46,7,50
0,3,15.48,7,50
0,3,15.5,7,50
0,3,15.52,7,50
0,3,15.54,7,50
0,3,15.56,7,50
0,3,15.58,7,50
0,3,15.6,7,50
0,3,15.62,7,50
0,3,15.64,7,50
0,3,15.66,7,50
0,3,15.68,7,50
0,3,15.7,7,50
0,3,15.72,7,50
0,3,15.74,7,50
0,3,15.76,7,50
0,3,15.78,7,50
0,3,15.8,7,50
0,3,15.82,7,50
0,3,15.84,7,50
0,3,15.86,7,50
0,3,15.88,7,50
0,3,15.9,7,50
0,3,15.92,7,50
0,3,15.94,7,50
0,3,15.96,7,50
0,3,15.98,7,50
0,3,16.0,7,50
0,3,16.02,7,50
0,3,16.04,7,50
0,3,16.06,7,50
0,3,16.08,7,50
0,3,16.1,7,50
0,3,16.12,7,50
0,3,16.14,7,50
0,3,16.16,7,50
0,3,16.18,7,50
0,3,16.2,7,50
0,3,16.22,7,50
0,3,16.24,7,50
0,3,16.26,7,50
0,3,16.28,7,50
0,3,16.3,7,50
0,3,16.32,7,50
0,3,16.34,7,50
0,3,16.36,7,50
0,3,16.38,7,50
0,3,16.4,7,50
0,3,16.42,7,50
0,3,16.44,7,50
0,3,16.46,7,50
0,3,16.48,7,50
0,3,16.5,7,50
0,3,16.52,7,50
0,3,16.54,7,50
0,3,16.56,7,50
0,3,16.58,7,50
0,3,16.6,7,50
0,3,16.62,7,50
0,3,16.64,7,50
0,3,16.66,7,50
0,3,16.68,7,50
0,3,16.7,7,50
0,3,16.72,7,50
0,3,16.74,7,50
0,3,16.76,7,50
0,3,16.78,7,50
0,3,16.8,7,50
0,3,16.82,7,50
0,3,16.84,7,50
0,3,16.86,7,50
0,3,16.88,7,50
0,3,16.9,7,50
0,3,16.92,7,50
0,3,16.94,7,50
0,3,16.96,7,50
0,3,16.98,7,50
0,3,17.0,7,50
0,3,17.02,7,50
0,3,17.04,7,50
0,3,17.06,7,50
0,3,17.08,7,50
0,3,17.1,7,50
0,3,17.12,7,50
0,3,17.14,7,50
0,3,17.16,7,50
0,3,17.18,7,50
0,3,17.2,7,50
0,3,17.22,7,50
0,3,17.24,7,50
0,3,17.26,7,50
0,3,17.28,7,50
0,3,17.3,7,50
0,3,17.32,7,50
0,3,17.34,7,50
0,3,17.36,7,50
0,3,17.38,7,50
0,3,17.4,7,50
0,3,17.42,7,50
0,3,17.44,7,50
0,3,17.46,7,50
0,3,17.48,7,50
0,3,17.5,7,50
0,3,17.52,7,50
0,3,17.54,7,50
0,3,17.56,7,50
0,3,17.58,7,50
0,3,17.6,7,50
0,3,17.62,7,50
0,3,17.64,7,50
0,3,17.66,7,50
0,3,17.68,7,50
0,3,17.7,7,50
0,3,17.72,7,50
0,3,17.74,7,50
0,3,17.76,7,50
0,3,17.78,7,50
0,3,17.8,7,50
0,3,17.82,7,50
0,3,17.84,7,50
0,3,17.86,7,50
0,3,17.88,7,50
0,3,17.9,7,50
0,3,17.92,7,50
0,3,17.94,7,50
0,3,17.96,7,50
0,3,17.98,7,50
0,3,18.0,7,50
0,3,18.02,7,50
0,3,18.04,7,50
0,3,18.06,7,50
0,3,18.08,7,50
0,3,18.1,7,50
0,3,18.12,7,50
0,3,18.14,7,50
0,3,18.16,7,50
0,3,18.18,7,50
0,3,18.2,7,50
0,3,18.22,7,50
0,3,18.24,7,50
0,3,18.26,7,50
0,3,18.28,7,50
0,3,18.3,7,50
0,3,18.32,7,50
0,3,18.34,7,50
0,3,18.36,7,50
0,3,18.38,7,50
0,3,18.4,7,50
0,3,18.42,7,50
0,3,18.44,7,49
0,3,18.46,7,49
0,3,18.48,7,49
0,3,18.5,7,49
0,3,18.52,7,50
0,3,18.54,7,50
0,3,18.56,7,49
0,3,18.58,7,49
0,3,18.6,7,49
0,3,18.62,7,49
0,3,18.64,7,49
0,3,18.66,7,49
0,3,18.68,7,49
0,3,18.7,7,49
0,3,18.72,7,49
0,3,18.74,7,49
0,3,18.76,7,49
0,3,18.78,7,49
0,3,18.8,7,49
0,3,18.82,7,49
0,3,18.84,7,49
0,3,18.86,7,49
0,3,18.88,7,49
0,3,18.9,7,49
0,3,18.92,7,49
0,3,18.94,7,49
0,3,18.96,7,49
0,3,18.98,7,49
0,3,19.0,7,49
0,3,19.02,7,49
0,3,19.04,7,49
0,3,19.06,7,49
0,3,19.08,7,49
0,3,19.1,7,49
0,3,19.12,7,49
0,3,19.14,7,49
0,3,19.16,7,49
0,3,19.18,7,49
0,3,19.2,7,49
0,3,19.22,7,49
0,3,19.24,7,49
0,3,19.26,7,49
0,3,19.28,7,49
0,3,19.3,7,49
0,3,19.32,7,49
0,3,19.34,7,49
0,3,19.36,7,50
0,3,19.38,7,49
0,3,19.4,7,49
0,3,19.42,7,49
0,3,19.44,7,49
0,3,19.46,7,49
0,3,19.48,7,49
0,3,19.5,7,49
0,3,19.52,7,49
0,3,19.54,7,49
0,3,19.56,7,49
0,3,19.58,7,49
0,3,19.6,7,49
0,3,19.62,7,49
0,3,19.64,7,49
0,3,19.66,7,49
0,3,19.68,7,49
0,3,19.7,7,49
0,3,19.72,7,49
0,3,19.74,7,49
0,3,19.76,7,49
0,3,19.78,7,49
0,3,19.8,7,49
0,3,19.82,7,49
0,3,19.84,7,49
0,3,19.86,7,49
0,3,19.88,7,49
0,3,19.9,7,49
0,3,19.92,7,49
0,3,19.94,7,49
0,3,19.96,7,49
0,3,19.98,7,49
0,3,20.0,7,49
0,3,10.0,8,49
0,3,10.02,8,49
0,3,10.04,8,49
0,3,10.06,8,49
0,3,10.08,8,49
0,3,10.1,8,49
0,3,10.12,8,49
0,3,10.14,8,49
0,3,10.16,8,49
0,3,10.18,8,49
0,3,10.2,8,49
0,3,10.22,8,49
0,3,10.24,8,49
0,3,10.26,8,49
0,3,10.28,8,49
0,3,10.3,8,49
0,3,10.32,8,49
0,3,10.34,8,49
0,3,10.36,8,49
0,3,10.38,8,49
0,3,10.4,8,49
0,3,10.42,8,49
0,3,10.44,8,49
0,3,10.46,8,49
0,3,10.48,8,49
0,3,10.5,8,49
0,3,10.52,8,49
0,3,10.54,8,49
0,3,10.56,8,49
0,3,10.58,8,49
0,3,10.6,8,49
0,3,10.62,8,49
0,3,10.64,8,49
0,3,10.66,8,49
0,3,10.68,8,49
0,3,10.7,8,49
0,3,10.72,8,49
0,3,10.74,8,49
0,3,10.76,8,49
0,3,10.78,8,49
0,3,10.8,8,49
0,3,10.82,8,49
0,3,10.84,8,49
0,3,10.86,8,50
0,3,10.88,8,49
0,3,10.9,8,49
0,3,10.92,8,49
0,3,10.94,8,49
0,3,10.96,8,49
0,3,10.98,8,49
0,3,11.0,8,49
0,3,11.02,8,49
0,3,11.04,8,49
0,3,11.06,8,49
0,3,11.08,8,49
0,3,11.1,8,49
0,3,11.12,8,49
0,3,11.14,8,49
0,3,11.16,8,49
0,3,11.18,8,49
0,3,11.2,8,49
0,3,11.22,8,49
0,3,11.24,8,49
0,3,11.26,8,49
0,3,11.28,8,49
0,3,11.3,8,49
0,3,11.32,8,49
0,3,11.34,8,49
0,3,11.36,8,49
0,3,11.38,8,49
0,3,11.4,8,49
0,3,11.42,8,49
0,3,11.44,8,49
0,3,11.46,8,49
0,3,11.48,8,49
0,3,11.5,8,49
0,3,11.52,8,49
0,3,11.54,8,49
0,3,11.56,8,49
0,3,11.58,8,49
0,3,11.6,8,49
0,3,11.62,8,49
0,3,11.64,8,49
0,3,11.66,8,49
0,3,11.68,8,49
0,3,11.7,8,49
0,3,11.72,8,49
0,3,11.74,8,49
0,3,11.76,8,49
0,3,11.78,8,49
0,3,11.8,8,49
0,3,11.82,8,49
0,3,11.84,8,49
0,3,11.86,8,49
0,3,11.88,8,49
0,3,11.9,8,49
0,3,11.92,8,49
0,3,11.94,8,49
0,3,11.96,8,49
0,3,11.98,8,49
0,3,12.0,8,49
0,3,12.02,8,49
0,3,12.04,8,49
0,3,12.06,8,49
0,3,12.08,8,49
0,3,12.1,8,49
0,3,12.12,8,49
0,3,12.14,8,49
0,3,12.16,8,49
0,3,12.18,8,49
0,3,12.2,8,49
0,3,12.22,8,49
0,3,12.24,8,49
0,3,12.26,8,49
0,3,12.28,8,49
0,3,12.3,8,50
0,3,12.32,8,49
0,3,12.34,8,49
0,3,12.36,8,49
0,3,12.38,8,49
0,3,12.4,8,50
0,3,12.42,8,50
0,3,12.44,8,50
0,3,12.46,8,50
0,3,12.48,8,50
0,3,12.5,8,50
0,3,12.52,8,50
0,3,12.54,8,50
0,3,12.56,8,50
0,3,12.58,8,50
0,3,12.6,8,50
0,3,12.62,8,50
0,3,12.64,8,50
0,3,12.66,8,50
0,3,12.68,8,50
0,3,12.7,8,50
0,3,12.72,8,50
0,3,12.74,8,50
0,3,12.76,8,50
0,3,12.78,8,50
0,3,12.8,8,50
0,3,12.82,8,50
0,3,12.84,8,50
0,3,12.86,8,50
0,3,12.88,8,50
0,3,12.9,8,50
0,3,12.92,8,50
0,3,12.94,8,50
0,3,12.96,8,50
0,3,12.98,8,50
0,3,13.0,8,50
0,3,13.02,8,50
0,3,13.04,8,50
0,3,13.06,8,50
0,3,13.08,8,50
0,3,13.1,8,50
0,3,13.12,8,50
0,3,13.14,8,50
0,3,13.16,8,50
0,3,13.18,8,50
0,3,13.2,8,50
0,3,13.22,8,50
0,3,13.24,8,50
0,3,13.26,8,50
0,3,13.28,8,50
0,3,13.3,8,50
0,3,13.32,8,50
0,3,13.34,8,50
0,3,13.36,8,50
0,3,13.38,8,50
0,3,13.4,8,50
0,3,13.42,8,50
0,3,13.44,8,50
0,3,13.46,8,50
0,3,13.48,8,50
0,3,13.5,8,50
0,3,13.52,8,50
0,3,13.54,8,50
0,3,13.56,8,50
0,3,13.58,8,50
0,3,13.6,8,50
0,3,13.62,8,50
0,3,13.64,8,50
0,3,13.66,8,50
0,3,13.68,8,50
0,3,13.7,8,50
0,3,13.72,8,50
0,3,13.74,8,50
0,3,13.76,8,50
0,3,13.78,8,50
0,3,13.8,8,50
0,3,13.82,8,50
0,3,13.84,8,50
0,3,13.86,8,50
0,3,13.88,8,50
0,3,13.9,8,50
0,3,13.92,8,50
0,3,13.94,8,50
0,3,13.96,8,50
0,3,13.98,8,50
0,3,14.0,8,50
0,3,14.02,8,50
0,3,14.04,8,50
0,3,14.06,8,50
0,3,14.08,8,50
0,3,14.1,8,50
0,3,14.12,8,50
0,3,14.14,8,50
0,3,14.16,8,50
0,3,14.18,8,50
0,3,14.2,8,50
0,3,14.22,8,50
0,3,14.24,8,50
0,3,14.26,8,50
0,3,14.28,8,50
0,3,14.3,8,50
0,3,14.32,8,50
0,3,14.34,8,50
0,3,14.36,8,50
0,3,14.38,8,50
0,3,14.4,8,50
0,3,14.42,8,50
0,3,14.44,8,50
0,3,14.46,8,50
0,3,14.48,8,50
0,3,14.5,8,50
0,3,14.52,8,50
0,3,14.54,8,50
0,3,14.56,8,50
0,3,14.58,8,50
0,3,14.6,8,50
0,3,14.62,8,50
0,3,14.64,8,50
0,3,14.66,8,50
0,3,14.68,8,50
0,3,14.7,8,50
0,3,14.72,8,50
0,3,14.74,8,50
0,3,14.76,8,50
0,3,14.78,8,50
0,3,14.8,8,50
0,3,14.82,8,50
0,3,14.84,8,50
0,3,14.86,8,50
0,3,14.88,8,50
0,3,14.9,8,50
0,3,14.92,8,50
0,3,14.94,8,50
0,3,14.96,8,50
0,3,14.98,8,50
0,3,15.0,8,50
0,3,15.02,8,50
0,3,15.04,8,50
0,3,15.06,8,50
0,3,15.08,8,50
0,3,15.1,8,50
0,3,15.12,8,50
0,3,15.14,8,50
0,3,15.16,8,50
0,3,15.18,8,50
0,3,15.2,8,50
0,3,15.22,8,50
0,3,15.24,8,50
0,3,15.26,8,50
0,3,15.28,8,50
0,3,15.3,8,50
0,3,15.32,8,50
0,3,15.34,8,50
0,3,15.36,8,50
0,3,15.38,8,50
0,3,15.4,8,50
0,3,15.42,8,50
0,3,15.44,8,50
0,3,15.46,8,50
0,3,15.48,8,50
0,3,15.5,8,50
0,3,15.52,8,50
0,3,15.54,8,50
0,3,15.56,8,50
0,3,15.58,8,50
0,3,15.6,8,50
0,3,15.62,8,50
0,3,15.64,8,50
0,3,15.66,8,50
0,3,15.68,8,50
0,3,15.7,8,50
0,3,15.72,8,50
0,3,15.74,8,50
0,3,15.76,8,50
0,3,15.78,8,50
0,3,15.8,8,50
0,3,15.82,8,50
0,3,15.84,8,50
0,3,15.86,8,50
0,3,15.88,8,50
0,3,15.9,8,50
0,3,15.92,8,50
0,3,15.94,8,50
0,3,15.96,8,50
0,3,15.98,8,50
0,3,16.0,8,50
0,3,16.02,8,50
0,3,16.04,8,50
0,3,16.06,8,50
0,3,16.08,8,50
0,3,16.1,8,50
0,3,16.12,8,50
0,3,16.14,8,50
0,3,16.16,8,50
0,3,16.18,8,50
0,3,16.2,8,50
0,3,16.22,8,50
0,3,16.24,8,50
0,3,16.26,8,50
0,3,16.28,8,50
0,3,16.3,8,50
0,3,16.32,8,50
0,3,16.34,8,50
0,3,16.36,8,50
0,3,16.38,8,50
0,3,16.4,8,50
0,3,16.42,8,50
0,3,16.44,8,50
0,3,16.46,8,50
0,3,16.48,8,50
0,3,16.5,8,50
0,3,16.52,8,50
0,3,16.54,8,50
0,3,16.56,8,50
0,3,16.58,8,50
0,3,16.6,8,50
0,3,16.62,8,50
0,3,16.64,8,50
0,3,16.66,8,50
0,3,16.68,8,50
0,3,16.7,8,50
0,3,16.72,8,50
0,3,16.74,8,50
0,3,16.76,8,50
0,3,16.78,8,50
0,3,16.8,8,50
0,3,16.82,8,50
0,3,16.84,8,50
0,3,16.86,8,50
0,3,16.88,8,50
0,3,16.9,8,50
0,3,16.92,8,50
0,3,16.94,8,50
0,3,16.96,8,50
0,3,16.98,8,50
0,3,17.0,8,50
0,3,17.02,8,50
0,3,17.04,8,50
0,3,17.06,8,50
0,3,17.08,8,50
0,3,17.1,8,50
0,3,17.12,8,50
0,3,17.14,8,50
0,3,17.16,8,50
0,3,17.18,8,50
0,3,17.2,8,50
0,3,17.22,8,50
0,3,17.24,8,50
0,3,17.26,8,50
0,3,17.28,8,50
0,3,17.3,8,50
0,3,17.32,8,50
0,3,17.34,8,50
0,3,17.36,8,50
0,3,17.38,8,50
0,3,17.4,8,50
0,3,17.42,8,50
0,3,17.44,8,50
0,3,17.46,8,50
0,3,17.48,8,50
0,3,17.5,8,50
0,3,17.52,8,50
0,3,17.54,8,50
0,3,17.56,8,50
0,3,17.58,8,50
0,3,17.6,8,50
0,3,17.62,8,50
0,3,17.64,8,50
0,3,17.66,8,50
0,3,17.68,8,50
0,3,17.7,8,50
0,3,17.72,8,50
0,3,17.74,8,50
0,3,17.76,8,50
0,3,17.78,8,50
0,3,17.8,8,50
0,3,17.82,8,50
0,3,17.84,8,50
0,3,17.86,8,50
0,3,17.88,8,50
0,3,17.9,8,50
0,3,17.92,8,50
0,3,17.94,8,50
0,3,17.96,8,50
0,3,17.98,8,50
0,3,18.0,8,50
0,3,18.02,8,50
0,3,18.04,8,50
0,3,18.06,8,50
0,3,18.08,8,50
0,3,18.1,8,50
0,3,18.12,8,50
0,3,18.14,8,50
0,3,18.16,8,50
0,3,18.18,8,50
0,3,18.2,8,50
0,3,18.22,8,50
0,3,18.24,8,50
0,3,18.26,8,50
0,3,18.28,8,50
0,3,18.3,8,50
0,3,18.32,8,50
0,3,18.34,8,50
0,3,18.36,8,50
0,3,18.38,8,50
0,3,18.4,8,50
0,3,18.42,8,50
0,3,18.44,8,49
0,3,18.46,8,49
0,3,18.48,8,49
0,3,18.5,8,49
0,3,18.52,8,50
0,3,18.54,8,50
0,3,18.56,8,49
0,3,18.58,8,49
0,3,18.6,8,49
0,3,18.62,8,49
0,3,18.64,8,49
0,3,18.66,8,49
0,3,18.68,8,49
0,3,18.7,8,49
0,3,18.72,8,49
0,3,18.74,8,49
0,3,18.76,8,49
0,3,18.78,8,49
0,3,18.8,8,49
0,3,18.82,8,49
0,3,18.84,8,49
0,3,18.86,8,49
0,3,18.88,8,49
0,3,18.9,8,49
0,3,18.92,8,49
0,3,18.94,8,49
0,3,18.96,8,49
0,3,18.98,8,49
0,3,19.0,8,49
0,3,19.02,8,49
0,3,19.04,8,49
0,3,19.06,8,49
0,3,19.08,8,49
0,3,19.1,8,49
0,3,19.12,8,49
0,3,19.14,8,49
0,3,19.16,8,49
0,3,19.18,8,49
0,3,19.2,8,49
0,3,19.22,8,49
0,3,19.24,8,49
0,3,19.26,8,49
0,3,19.28,8,49
0,3,19.3,8,49
0,3,19.32,8,49
0,3,19.34,8,49
0,3,19.36,8,50
0,3,19.38,8,49
0,3,19.4,8,49
0,3,19.42,8,49
0,3,19.44,8,49
0,3,19.46,8,49
0,3,19.48,8,49
0,3,19.5,8,49
0,3,19.52,8,49
0,3,19.54,8,49
0,3,19.56,8,49
0,3,19.58,8,49
0,3,19.6,8,49
0,3,19.62,8,49
0,3,19.64,8,49
0,3,19.66,8,49
0,3,19.68,8,49
0,3,19.7,8,49
0,3,19.72,8,49
0,3,19.74,8,49
0,3,19.76,8,49
0,3,19.78,8,49
0,3,19.8,8,49
0,3,19.82,8,49
0,3,19.84,8,49
0,3,19.86,8,49
0,3,19.88,8,49
0,3,19.9,8,49
0,3,19.92,8,49
0,3,19.94,8,49
0,3,19.96,8,49
0,3,19.98,8,49
0,3,20.0,8,49
0,3,10.0,9,49
0,3,10.02,9,49
0,3,10.04,9,49
0,3,10.06,9,49
0,3,10.08,9,49
0,3,10.1,9,49
0,3,10.12,9,49
0,3,10.14,9,49
0,3,10.16,9,49
0,3,10.18,9,49
0,3,10.2,9,49
0,3,10.22,9,49
0,3,10.24,9,49
0,3,10.26,9,49
0,3,10.28,9,49
0,3,10.3,9,49
0,3,10.32,9,49
0,3,10.34,9,49
0,3,10.36,9,49
0,3,10.38,9,49
0,3,10.4,9,49
0,3,10.42,9,49
0,3,10.44,9,49
0,3,10.46,9,49
0,3,10.48,9,49
0,3,10.5,9,49
0,3,10.52,9,49
0,3,10.54,9,49
0,3,10.56,9,49
0,3,10.58,9,49
0,3,10.6,9,49
0,3,10.62,9,49
0,3,10.64,9,49
0,3,10.66,9,49
0,3,10.68,9,49
0,3,10.7,9,49
0,3,10.72,9,49
0,3,10.74,9,49
0,3,10.76,9,49
0,3,10.78,9,49
0,3,10.8,9,49
0,3,10.82,9,49
0,3,10.84,9,49
0,3,10.86,9,50
0,3,10.88,9,49
0,3,10.9,9,49
0,3,10.92,9,49
0,3,10.94,9,49
0,3,10.96,9,49
0,3,10.98,9,49
0,3,11.0,9,49
0,3,11.02,9,49
0,3,11.04,9,49
0,3,11.06,9,49
0,3,11.08,9,49
0,3,11.1,9,49
0,3,11.12,9,49
0,3,11.14,9,49
0,3,11.16,9,49
0,3,11.18,9,49
0,3,11.2,9,49
0,3,11.22,9,49
0,3,11.24,9,49
0,3,11.26,9,49
0,3,11.28,9,49
0,3,11.3,9,49
0,3,11.32,9,49
0,3,11.34,9,49
0,3,11.36,9,49
0,3,11.38,9,49
0,3,11.4,9,49
0,3,11.42,9,49
0,3,11.44,9,49
0,3,11.46,9,49
0,3,11.48,9,49
0,3,11.5,9,49
0,3,11.52,9,49
0,3,11.54,9,49
0,3,11.56,9,49
0,3,11.58,9,49
0,3,11.6,9,49
0,3,11.62,9,49
0,3,11.64,9,49
0,3,11.66,9,49
0,3,11.68,9,49
0,3,11.7,9,49
0,3,11.72,9,49
0,3,11.74,9,49
0,3,11.76,9,49
0,3,11.78,9,49
0,3,11.8,9,49
0,3,11.82,9,49
0,3,11.84,9,49
0,3,11.86,9,49
0,3,11.88,9,49
0,3,11.9,9,49
0,3,11.92,9,49
0,3,11.94,9,49
0,3,11.96,9,49
0,3,11.98,9,49
0,3,12.0,9,49
0,3,12.02,9,49
0,3,12.04,9,49
0,3,12.06,9,49
0,3,12.08,9,49
0,3,12.1,9,49
0,3,12.12,9,49
0,3,12.14,9,49
0,3,12.16,9,49
0,3,12.18,9,49
0,3,12.2,9,49
0,3,12.22,9,49
0,3,12.24,9,49
0,3,12.26,9,49
0,3,12.28,9,49
0,3,12.3,9,50
0,3,12.32,9,49
0,3,12.34,9,49
0,3,12.36,9,49
0,3,12.38,9,49
0,3,12.4,9,50
0,3,12.42,9,50
0,3,12.44,9,50
0,3,12.46,9,50
0,3,12.48,9,50
0,3,12.5,9,50
0,3,12.52,9,50
0,3,12.54,9,50
0,3,12.56,9,50
0,3,12.58,9,50
0,3,12.6,9,50
0,3,12.62,9,50
0,3,12.64,9,50
0,3,12.66,9,50
0,3,12.68,9,50
0,3,12.7,9,50
0,3,12.72,9,50
0,3,12.74,9,50
0,3,12.76,9,50
0,3,12.78,9,50
0,3,12.8,9,50
0,3,12.82,9,50
0,3,12.84,9,50
0,3,12.86,9,50
0,3,12.88,9,50
0,3,12.9,9,50
0,3,12.92,9,50
0,3,12.94,9,50
0,3,12.96,9,50
0,3,12.98,9,50
0,3,13.0,9,50
0,3,13.02,9,50
0,3,13.04,9,50
0,3,13.06,9,50
0,3,13.08,9,50
0,3,13.1,9,50
0,3,13.12,9,50
0,3,13.14,9,50
0,3,13.16,9,50
0,3,13.18,9,50
0,3,13.2,9,50
0,3,13.22,9,50
0,3,13.24,9,50
0,3,13.26,9,50
0,3,13.28,9,50
0,3,13.3,9,50
0,3,13.32,9,50
0,3,13.34,9,50
0,3,13.36,9,50
0,3,13.38,9,50
0,3,13.4,9,50
0,3,13.42,9,50
0,3,13.44,9,50
0,3,13.46,9,50
0,3,13.48,9,50
0,3,13.5,9,50
0,3,13.52,9,50
0,3,13.54,9,50
0,3,13.56,9,50
0,3,13.58,9,50
0,3,13.6,9,50
0,3,13.62,9,50
0,3,13.64,9,50
0,3,13.66,9,50
0,3,13.68,9,50
0,3,13.7,9,50
0,3,13.72,9,50
0,3,13.74,9,50
0,3,13.76,9,50
0,3,13.78,9,50
0,3,13.8,9,50
0,3,13.82,9,50
0,3,13.84,9,50
0,3,13.86,9,50
0,3,13.88,9,50
0,3,13.9,9,50
0,3,13.92,9,50
0,3,13.94,9,50
0,3,13.96,9,50
0,3,13.98,9,50
0,3,14.0,9,50
0,3,14.02,9,50
0,3,14.04,9,50
0,3,14.06,9,50
0,3,14.08,9,50
0,3,14.1,9,50
0,3,14.12,9,50
0,3,14.14,9,50
0,3,14.16,9,50
0,3,14.18,9,50
0,3,14.2,9,50
0,3,14.22,9,50
0,3,14.24,9,50
0,3,14.26,9,50
0,3,14.28,9,50
0,3,14.3,9,50
0,3,14.32,9,50
0,3,14.34,9,50
0,3,14.36,9,50
0,3,14.38,9,50
0,3,14.4,9,50
0,3,14.42,9,50
0,3,14.44,9,50
0,3,14.46,9,50
0,3,14.48,9,50
0,3,14.5,9,50
0,3,14.52,9,50
0,3,14.54,9,50
0,3,14.56,9,50
0,3,14.58,9,50
0,3,14.6,9,50
0,3,14.62,9,50
0,3,14.64,9,50
0,3,14.66,9,50
0,3,14.68,9,50
0,3,14.7,9,50
0,3,14.72,9,50
0,3,14.74,9,50
0,3,14.76,9,50
0,3,14.78,9,50
0,3,14.8,9,50
0,3,14.82,9,50
0,3,14.84,9,50
0,3,14.86,9,50
0,3,14.88,9,50
0,3,14.9,9,50
0,3,14.92,9,50
0,3,14.94,9,50
0,3,14.96,9,50
0,3,14.98,9,50
0,3,15.0,9,50
0,3,15.02,9,50
0,3,15.04,9,50
0,3,15.06,9,50
0,3,15.08,9,50
0,3,15.1,9,50
0,3,15.12,9,50
0,3,15.14,9,50
0,3,15.16,9,50
0,3,15.18,9,50
0,3,15.2,9,50
0,3,15.22,9,50
0,3,15.24,9,50
0,3,15.26,9,50
0,3,15.28,9,50
0,3,15.3,9,50
0,3,15.32,9,50
0,3,15.34,9,50
0,3,15.36,9,50
0,3,15.38,9,50
0,3,15.4,9,50
0,3,15.42,9,50
0,3,15.44,9,50
0,3,15.46,9,50
0,3,15.48,9,50
0,3,15.5,9,50
0,3,15.52,9,50
0,3,15.54,9,50
0,3,15.56,9,50
0,3,15.58,9,50
0,3,15.6,9,50
0,3,15.62,9,50
0,3,15.64,9,50
0,3,15.66,9,50
0,3,15.68,9,50
0,3,15.7,9,50
0,3,15.72,9,50
0,3,15.74,9,50
0,3,15.76,9,50
0,3,15.78,9,50
0,3,15.8,9,50
0,3,15.82,9,50
0,3,15.84,9,50
0,3,15.86,9,50
0,3,15.88,9,50
0,3,15.9,9,50
0,3,15.92,9,50
0,3,15.94,9,50
0,3,15.96,9,50
0,3,15.98,9,50
0,3,16.0,9,50
0,3,16.02,9,50
0,3,16.04,9,50
0,3,16.06,9,50
0,3,16.08,9,50
0,3,16.1,9,50
0,3,16.12,9,50
0,3,16.14,9,50
0,3,16.16,9,50
0,3,16.18,9,50
0,3,16.2,9,50
0,3,16.22,9,50
0,3,16.24,9,50
0,3,16.26,9,50
0,3,16.28,9,50
0,3,16.3,9,50
0,3,16.32,9,50
0,3,16.34,9,50
0,3,16.36,9,50
0,3,16.38,9,50
0,3,16.4,9,50
0,3,16.42,9,50
0,3,16.44,9,50
0,3,16.46,9,50
0,3,16.48,9,50
0,3,16.5,9,50
0,3,16.52,9,50
0,3,16.54,9,50
0,3,16.56,9,50
0,3,16.58,9,50
0,3,16.6,9,50
0,3,16.62,9,50
0,3,16.64,9,50
0,3,16.66,9,50
0,3,16.68,9,50
0,3,16.7,9,50
0,3,16.72,9,50
0,3,16.74,9,50
0,3,16.76,9,50
0,3,16.78,9,50
0,3,16.8,9,50
0,3,16.82,9,50
0,3,16.84,9,50
0,3,16.86,9,50
0,3,16.88,9,50
0,3,16.9,9,50
0,3,16.92,9,50
0,3,16.94,9,50
0,3,16.96,9,50
0,3,16.98,9,50
0,3,17.0,9,50
0,3,17.02,9,50
0,3,17.04,9,50
0,3,17.06,9,50
0,3,17.08,9,50
0,3,17.1,9,50
0,3,17.12,9,50
0,3,17.14,9,50
0,3,17.16,9,50
0,3,17.18,9,50
0,3,17.2,9,50
0,3,17.22,9,50
0,3,17.24,9,50
0,3,17.26,9,50
0,3,17.28,9,50
0,3,17.3,9,50
0,3,17.32,9,50
0,3,17.34,9,50
0,3,17.36,9,50
0,3,17.38,9,50
0,3,17.4,9,50
0,3,17.42,9,50
0,3,17.44,9,50
0,3,17.46,9,50
0,3,17.48,9,50
0,3,17.5,9,50
0,3,17.52,9,50
0,3,17.54,9,50
0,3,17.56,9,50
0,3,17.58,9,50
0,3,17.6,9,50
0,3,17.62,9,50
0,3,17.64,9,50
0,3,17.66,9,50
0,3,17.68,9,50
0,3,17.7,9,50
0,3,17.72,9,50
0,3,17.74,9,50
0,3,17.76,9,50
0,3,17.78,9,50
0,3,17.8,9,50
0,3,17.82,9,50
0,3,17.84,9,50
0,3,17.86,9,50
0,3,17.88,9,50
0,3,17.9,9,50
0,3,17.92,9,50
0,3,17.94,9,50
0,3,17.96,9,50
0,3,17.98,9,50
0,3,18.0,9,50
0,3,18.02,9,50
0,3,18.04,9,50
0,3,18.06,9,50
0,3,18.08,9,50
0,3,18.1,9,50
0,3,18.12,9,50
0,3,18.14,9,50
0,3,18.16,9,50
0,3,18.18,9,50
0,3,18.2,9,50
0,3,18.22,9,50
0,3,18.24,9,50
0,3,18.26,9,50
0,3,18.28,9,50
0,3,18.3,9,50
0,3,18.32,9,50
0,3,18.34,9,50
0,3,18.36,9,50
0,3,18.38,9,50
0,3,18.4,9,50
0,3,18.42,9,50
0,3,18.44,9,49
0,3,18.46,9,49
0,3,18.48,9,49
0,3,18.5,9,49
0,3,18.52,9,50
0,3,18.54,9,50
0,3,18.56,9,49
0,3,18.58,9,49
0,3,18.6,9,49
0,3,18.62,9,49
0,3,18.64,9,49
0,3,18.66,9,49
0,3,18.68,9,49
0,3,18.7,9,49
0,3,18.72,9,49
0,3,18.74,9,49
0,3,18.76,9,49
0,3,18.78,9,49
0,3,18.8,9,49
0,3,18.82,9,49
0,3,18.84,9,49
0,3,18.86,9,49
0,3,18.88,9,49
0,3,18.9,9,49
0,3,18.92,9,49
0,3,18.94,9,49
0,3,18.96,9,49
0,3,18.98,9,49
0,3,19.0,9,49
0,3,19.02,9,49
0,3,19.04,9,49
0,3,19.06,9,49
0,3,19.08,9,49
0,3,19.1,9,49
0,3,19.12,9,49
0,3,19.14,9,49
0,3,19.16,9,49
0,3,19.18,9,49
0,3,19.2,9,49
0,3,19.22,9,49
0,3,19.24,9,49
0,3,19.26,9,49
0,3,19.28,9,49
0,3,19.3,9,49
0,3,19.32,9,49
0,3,19.34,9,49
0,3,19.36,9,50
0,3,19.38,9,49
0,3,19.4,9,49
0,3,19.42,9,49
0,3,19.44,9,49
0,3,19.46,9,49
0,3,19.48,9,49
0,3,19.5,9,49
0,3,19.52,9,49
0,3,19.54,9,49
0,3,19.56,9,49
0,3,19.58,9,49
0,3,19.6,9,49
0,3,19.62,9,49
0,3,19.64,9,49
0,3,19.66,9,49
0,3,19.68,9,49
0,3,19.7,9,49
0,3,19.72,9,49
0,3,19.74,9,49
0,3,19.76,9,49
0,3,19.78,9,49
0,3,19.8,9,49
0,3,19.82,9,49
0,3,19.84,9,49
0,3,19.86,9,49
0,3,19.88,9,49
0,3,19.9,9,49
0,3,19.92,9,49
0,3,19.94,9,49
0,3,19.96,9,49
0,3,19.98,9,49
0,3,20.0,9,49
0,3,10.0,10,49
0,3,10.02,10,49
0,3,10.04,10,49
0,3,10.06,10,49
0,3,10.08,10,49
0,3,10.1,10,49
0,3,10.12,10,49
0,3,10.14,10,49
0,3,10.16,10,49
0,3,10.18,10,49
0,3,10.2,10,49
0,3,10.22,10,49
0,3,10.24,10,49
0,3,10.26,10,49
0,3,10.28,10,49
0,3,10.3,10,49
0,3,10.32,10,49
0,3,10.34,10,49
0,3,10.36,10,49
0,3,10.38,10,49
0,3,10.4,10,49
0,3,10.42,10,49
0,3,10.44,10,49
0,3,10.46,10,49
0,3,10.48,10,49
0,3,10.5,10,49
0,3,10.52,10,49
0,3,10.54,10,49
0,3,10.56,10,49
0,3,10.58,10,49
0,3,10.6,10,49
0,3,10.62,10,49
0,3,10.64,10,49
0,3,10.66,10,49
0,3,10.68,10,49
0,3,10.7,10,49
0,3,10.72,10,49
0,3,10.74,10,49
0,3,10.76,10,49
0,3,10.78,10,49
0,3,10.8,10,49
0,3,10.82,10,49
0,3,10.84,10,49
0,3,10.86,10,50
0,3,10.88,10,49
0,3,10.9,10,49
0,3,10.92,10,49
0,3,10.94,10,49
0,3,10.96,10,49
0,3,10.98,10,49
0,3,11.0,10,49
0,3,11.02,10,49
0,3,11.04,10,49
0,3,11.06,10,49
0,3,11.08,10,49
0,3,11.1,10,49
0,3,11.12,10,49
0,3,11.14,10,49
0,3,11.16,10,49
0,3,11.18,10,49
0,3,11.2,10,49
0,3,11.22,10,49
0,3,11.24,10,49
0,3,11.26,10,49
0,3,11.28,10,49
0,3,11.3,10,49
0,3,11.32,10,49
0,3,11.34,10,49
0,3,11.36,10,49
0,3,11.38,10,49
0,3,11.4,10,49
0,3,11.42,10,49
0,3,11.44,10,49
0,3,11.46,10,49
0,3,11.48,10,49
0,3,11.5,10,49
0,3,11.52,10,49
0,3,11.54,10,49
0,3,11.56,10,49
0,3,11.58,10,49
0,3,11.6,10,49
0,3,11.62,10,49
0,3,11.64,10,49
0,3,11.66,10,49
0,3,11.68,10,49
0,3,11.7,10,49
0,3,11.72,10,49
0,3,11.74,10,49
0,3,11.76,10,49
0,3,11.78,10,49
0,3,11.8,10,49
0,3,11.82,10,49
0,3,11.84,10,49
0,3,11.86,10,49
0,3,11.88,10,49
0,3,11.9,10,49
0,3,11.92,10,49
0,3,11.94,10,49
0,3,11.96,10,49
0,3,11.98,10,49
0,3,12.0,10,49
0,3,12.02,10,49
0,3,12.04,10,49
0,3,12.06,10,49
0,3,12.08,10,49
0,3,12.1,10,49
0,3,12.12,10,49
0,3,12.14,10,49
0,3,12.16,10,49
0,3,12.18,10,49
0,3,12.2,10,49
0,3,12.22,10,49
0,3,12.24,10,49
0,3,12.26,10,49
0,3,12.28,10,49
0,3,12.3,10,50
0,3,12.32,10,49
0,3,12.34,10,49
0,3,12.36,10,49
0,3,12.38,10,49
0,3,12.4,10,50
0,3,12.42,10,50
0,3,12.44,10,50
0,3,12.46,10,50
0,3,12.48,10,50
0,3,12.5,10,50
0,3,12.52,10,50
0,3,12.54,10,50
0,3,12.56,10,50
0,3,12.58,10,50
0,3,12.6,10,50
0,3,12.62,10,50
0,3,12.64,10,50
0,3,12.66,10,50
0,3,12.68,10,50
0,3,12.7,10,50
0,3,12.72,10,50
0,3,12.74,10,50
0,3,12.76,10,50
0,3,12.78,10,50
0,3,12.8,10,50
0,3,12.82,10,50
0,3,12.84,10,50
0,3,12.86,10,50
0,3,12.88,10,50
0,3,12.9,10,50
0,3,12.92,10,50
0,3,12.94,10,50
0,3,12.96,10,50
0,3,12.98,10,50
0,3,13.0,10,50
0,3,13.02,10,50
0,3,13.04,10,50
0,3,13.06,10,50
0,3,13.08,10,50
0,3,13.1,10,50
0,3,13.12,10,50
0,3,13.14,10,50
0,3,13.16,10,50
0,3,13.18,10,50
0,3,13.2,10,50
0,3,13.22,10,50
0,3,13.24,10,50
0,3,13.26,10,50
0,3,13.28,10,50
0,3,13.3,10,50
0,3,13.32,10,50
0,3,13.34,10,50
0,3,13.36,10,50
0,3,13.38,10,50
0,3,13.4,10,50
0,3,13.42,10,50
0,3,13.44,10,50
0,3,13.46,10,50
0,3,13.48,10,50
0,3,13.5,10,50
0,3,13.52,10,50
0,3,13.54,10,50
0,3,13.56,10,50
0,3,13.58,10,50
0,3,13.6,10,50
0,3,13.62,10,50
0,3,13.64,10,50
0,3,13.66,10,50
0,3,13.68,10,50
0,3,13.7,10,50
0,3,13.72,10,50
0,3,13.74,10,50
0,3,13.76,10,50
0,3,13.78,10,50
0,3,13.8,10,50
0,3,13.82,10,50
0,3,13.84,10,50
0,3,13.86,10,50
0,3,13.88,10,50
0,3,13.9,10,50
0,3,13.92,10,50
0,3,13.94,10,50
0,3,13.96,10,50
0,3,13.98,10,50
0,3,14.0,10,50
0,3,14.02,10,50
0,3,14.04,10,50
0,3,14.06,10,50
0,3,14.08,10,50
0,3,14.1,10,50
0,3,14.12,10,50
0,3,14.14,10,50
0,3,14.16,10,50
0,3,14.18,10,50
0,3,14.2,10,50
0,3,14.22,10,50
0,3,14.24,10,50
0,3,14.26,10,50
0,3,14.28,10,50
0,3,14.3,10,50
0,3,14.32,10,50
0,3,14.34,10,50
0,3,14.36,10,50
0,3,14.38,10,50
0,3,14.4,10,50
0,3,14.42,10,50
0,3,14.44,10,50
0,3,14.46,10,50
0,3,14.48,10,50
0,3,14.5,10,50
0,3,14.52,10,50
0,3,14.54,10,50
0,3,14.56,10,50
0,3,14.58,10,50
0,3,14.6,10,50
0,3,14.62,10,50
0,3,14.64,10,50
0,3,14.66,10,50
0,3,14.68,10,50
0,3,14.7,10,50
0,3,14.72,10,50
0,3,14.74,10,50
0,3,14.76,10,50
0,3,14.78,10,50
0,3,14.8,10,50
0,3,14.82,10,50
0,3,14.84,10,50
0,3,14.86,10,50
0,3,14.88,10,50
0,3,14.9,10,50
0,3,14.92,10,50
0,3,14.94,10,50
0,3,14.96,10,50
0,3,14.98,10,50
0,3,15.0,10,50
0,3,15.02,10,50
0,3,15.04,10,50
0,3,15.06,10,50
0,3,15.08,10,50
0,3,15.1,10,50
0,3,15.12,10,50
0,3,15.14,10,50
0,3,15.16,10,50
0,3,15.18,10,50
0,3,15.2,10,50
0,3,15.22,10,50
0,3,15.24,10,50
0,3,15.26,10,50
0,3,15.28,10,50
0,3,15.3,10,50
0,3,15.32,10,50
0,3,15.34,10,50
0,3,15.36,10,50
0,3,15.38,10,50
0,3,15.4,10,50
0,3,15.42,10,50
0,3,15.44,10,50
0,3,15.46,10,50
0,3,15.48,10,50
0,3,15.5,10,50
0,3,15.52,10,50
0,3,15.54,10,50
0,3,15.56,10,50
0,3,15.58,10,50
0,3,15.6,10,50
0,3,15.62,10,50
0,3,15.64,10,50
0,3,15.66,10,50
0,3,15.68,10,50
0,3,15.7,10,50
0,3,15.72,10,50
0,3,15.74,10,50
0,3,15.76,10,50
0,3,15.78,10,50
0,3,15.8,10,50
0,3,15.82,10,50
0,3,15.84,10,50
0,3,15.86,10,50
0,3,15.88,10,50
0,3,15.9,10,50
0,3,15.92,10,50
0,3,15.94,10,50
0,3,15.96,10,50
0,3,15.98,10,50
0,3,16.0,10,50
0,3,16.02,10,50
0,3,16.04,10,50
0,3,16.06,10,50
0,3,16.08,10,50
0,3,16.1,10,50
0,3,16.12,10,50
0,3,16.14,10,50
0,3,16.16,10,50
0,3,16.18,10,50
0,3,16.2,10,50
0,3,16.22,10,50
0,3,16.24,10,50
0,3,16.26,10,50
0,3,16.28,10,50
0,3,16.3,10,50
0,3,16.32,10,50
0,3,16.34,10,50
0,3,16.36,10,50
0,3,16.38,10,50
0,3,16.4,10,50
0,3,16.42,10,50
0,3,16.44,10,50
0,3,16.46,10,50
0,3,16.48,10,50
0,3,16.5,10,50
0,3,16.52,10,50
0,3,16.54,10,50
0,3,16.56,10,50
0,3,16.58,10,50
0,3,16.6,10,50
0,3,16.62,10,50
0,3,16.64,10,50
0,3,16.66,10,50
0,3,16.68,10,50
0,3,16.7,10,50
0,3,16.72,10,50
0,3,16.74,10,50
0,3,16.76,10,50
0,3,16.78,10,50
0,3,16.8,10,50
0,3,16.82,10,50
0,3,16.84,10,50
0,3,16.86,10,50
0,3,16.88,10,50
0,3,16.9,10,50
0,3,16.92,10,50
0,3,16.94,10,50
0,3,16.96,10,50
0,3,16.98,10,50
0,3,17.0,10,50
0,3,17.02,10,50
0,3,17.04,10,50
0,3,17.06,10,50
0,3,17.08,10,50
0,3,17.1,10,50
0,3,17.12,10,50
0,3,17.14,10,50
0,3,17.16,10,50
0,3,17.18,10,50
0,3,17.2,10,50
0,3,17.22,10,50
0,3,17.24,10,50
0,3,17.26,10,50
0,3,17.28,10,50
0,3,17.3,10,50
0,3,17.32,10,50
0,3,17.34,10,50
0,3,17.36,10,50
0,3,17.38,10,50
0,3,17.4,10,50
0,3,17.42,10,50
0,3,17.44,10,50
0,3,17.46,10,50
0,3,17.48,10,50
0,3,17.5,10,50
0,3,17.52,10,50
0,3,17.54,10,50
0,3,17.56,10,50
0,3,17.58,10,50
0,3,17.6,10,50
0,3,17.62,10,50
0,3,17.64,10,50
0,3,17.66,10,50
0,3,17.68,10,50
0,3,17.7,10,50
0,3,17.72,10,50
0,3,17.74,10,50
0,3,17.76,10,50
0,3,17.78,10,50
0,3,17.8,10,50
0,3,17.82,10,50
0,3,17.84,10,50
0,3,17.86,10,50
0,3,17.88,10,50
0,3,17.9,10,50
0,3,17.92,10,50
0,3,17.94,10,50
0,3,17.96,10,50
0,3,17.98,10,50
0,3,18.0,10,50
0,3,18.02,10,50
0,3,18.04,10,50
0,3,18.06,10,50
0,3,18.08,10,50
0,3,18.1,10,50
0,3,18.12,10,50
0,3,18.14,10,50
0,3,18.16,10,50
0,3,18.18,10,50
0,3,18.2,10,50
0,3,18.22,10,50
0,3,18.24,10,50
0,3,18.26,10,50
0,3,18.28,10,50
0,3,18.3,10,50
0,3,18.32,10,50
0,3,18.34,10,50
0,3,18.36,10,50
0,3,18.38,10,50
0,3,18.4,10,50
0,3,18.42,10,50
0,3,18.44,10,49
0,3,18.46,10,49
0,3,18.48,10,49
0,3,18.5,10,49
0,3,18.52,10,50
0,3,18.54,10,50
0,3,18.56,10,49
0,3,18.58,10,49
0,3,18.6,10,49
0,3,18.62,10,49
0,3,18.64,10,49
0,3,18.66,10,49
0,3,18.68,10,49
0,3,18.7,10,49
0,3,18.72,10,49
0,3,18.74,10,49
0,3,18.76,10,49
0,3,18.78,10,49
0,3,18.8,10,49
0,3,18.82,10,49
0,3,18.84,10,49
0,3,18.86,10,49
0,3,18.88,10,49
0,3,18.9,10,49
0,3,18.92,10,49
0,3,18.94,10,49
0,3,18.96,10,49
0,3,18.98,10,49
0,3,19.0,10,49
0,3,19.02,10,49
0,3,19.04,10,49
0,3,19.06,10,49
0,3,19.08,10,49
0,3,19.1,10,49
0,3,19.12,10,49
0,3,19.14,10,49
0,3,19.16,10,49
0,3,19.18,10,49
0,3,19.2,10,49
0,3,19.22,10,49
0,3,19.24,10,49
0,3,19.26,10,49
0,3,19.28,10,49
0,3,19.3,10,49
0,3,19.32,10,49
0,3,19.34,10,49
0,3,19.36,10,50
0,3,19.38,10,49
0,3,19.4,10,50
0,3,19.42,10,49
0,3,19.44,10,49
0,3,19.46,10,49
0,3,19.48,10,49
0,3,19.5,10,49
0,3,19.52,10,49
0,3,19.54,10,49
0,3,19.56,10,49
0,3,19.58,10,49
0,3,19.6,10,49
0,3,19.62,10,49
0,3,19.64,10,49
0,3,19.66,10,49
0,3,19.68,10,49
0,3,19.7,10,49
0,3,19.72,10,49
0,3,19.74,10,49
0,3,19.76,10,49
0,3,19.78,10,49
0,3,19.8,10,49
0,3,19.82,10,49
0,3,19.84,10,49
0,3,19.86,10,49
0,3,19.88,10,49
0,3,19.9,10,49
0,3,19.92,10,49
0,3,19.94,10,49
0,3,19.96,10,49
0,3,19.98,10,49
0,3,20.0,10,49
700,1,10.0,6,49
700,1,10.02,6,49
700,1,10.04,6,49
700,1,10.06,6,49
700,1,10.08,6,49
700,1,10.1,6,49
700,1,10.12,6,49
700,1,10.14,6,49
700,1,10.16,6,49
700,1,10.18,6,49
700,1,10.2,6,49
700,1,10.22,6,49
700,1,10.24,6,49
700,1,10.26,6,49
700,1,10.28,6,49
700,1,10.3,6,49
700,1,10.32,6,49
700,1,10.34,6,49
700,1,10.36,6,49
700,1,10.38,6,49
700,1,10.4,6,49
700,1,10.42,6,49
700,1,10.44,6,49
700,1,10.46,6,49
700,1,10.48,6,49
700,1,10.5,6,49
700,1,10.52,6,49
700,1,10.54,6,49
700,1,10.56,6,49
700,1,10.58,6,49
700,1,10.6,6,49
700,1,10.62,6,49
700,1,10.64,6,49
700,1,10.66,6,49
700,1,10.68,6,49
700,1,10.7,6,49
700,1,10.72,6,49
700,1,10.74,6,49
700,1,10.76,6,49
700,1,10.78,6,49
700,1,10.8,6,49
700,1,10.82,6,48
700,1,10.84,6,49
700,1,10.86,6,49
700,1,10.88,6,49
700,1,10.9,6,49
700,1,10.92,6,49
700,1,10.94,6,49
700,1,10.96,6,49
700,1,10.98,6,49
700,1,11.0,6,49
700,1,11.02,6,49
700,1,11.04,6,49
700,1,11.06,6,49
700,1,11.08,6,49
700,1,11.1,6,49
700,1,11.12,6,49
700,1,11.14,6,49
700,1,11.16,6,49
700,1,11.18,6,49
700,1,11.2,6,49
700,1,11.22,6,49
700,1,11.24,6,49
700,1,11.26,6,49
700,1,11.28,6,49
700,1,11.3,6,49
700,1,11.32,6,49
700,1,11.34,6,49
700,1,11.36,6,49
700,1,11.38,6,49
700,1,11.4,6,49
700,1,11.42,6,49
700,1,11.44,6,48
700,1,11.46,6,49
700,1,11.48,6,49
700,1,11.5,6,49
700,1,11.52,6,49
700,1,11.54,6,49
700,1,11.56,6,49
700,1,11.58,6,49
700,1,11.6,6,49
700,1,11.62,6,49
700,1,11.64,6,49
700,1,11.66,6,49
700,1,11.68,6,49
700,1,11.7,6,49
700,1,11.72,6,49
700,1,11.74,6,49
700,1,11.76,6,49
700,1,11.78,6,49
700,1,11.8,6,49
700,1,11.82,6,49
700,1,11.84,6,49
700,1,11.86,6,49
700,1,11.88,6,49
700,1,11.9,6,48
700,1,11.92,6,49
700,1,11.94,6,49
700,1,11.96,6,49
700,1,11.98,6,49
700,1,12.0,6,49
700,1,12.02,6,49
700,1,12.04,6,49
700,1,12.06,6,49
700,1,12.08,6,49
700,1,12.1,6,49
700,1,12.12,6,49
700,1,12.14,6,49
700,1,12.16,6,49
700,1,12.18,6,49
700,1,12.2,6,49
700,1,12.22,6,49
700,1,12.24,6,49
700,1,12.26,6,49
700,1,12.28,6,49
700,1,12.3,6,49
700,1,12.32,6,49
700,1,12.34,6,49
700,1,12.36,6,49
700,1,12.38,6,49
700,1,12.4,6,49
700,1,12.42,6,49
700,1,12.44,6,49
700,1,12.46,6,49
700,1,12.48,6,49
700,1,12.5,6,49
700,1,12.52,6,49
700,1,12.54,6,49
700,1,12.56,6,49
700,1,12.58,6,49
700,1,12.6,6,49
700,1,12.62,6,49
700,1,12.64,6,49
700,1,12.66,6,49
700,1,12.68,6,49
700,1,12.7,6,49
700,1,12.72,6,49
700,1,12.74,6,49
700,1,12.76,6,49
700,1,12.78,6,49
700,1,12.8,6,49
700,1,12.82,6,49
700,1,12.84,6,49
700,1,12.86,6,49
700,1,12.88,6,49
700,1,12.9,6,49
700,1,12.92,6,49
700,1,12.94,6,49
700,1,12.96,6,49
700,1,12.98,6,49
700,1,13.0,6,49
700,1,13.02,6,49
700,1,13.04,6,49
700,1,13.06,6,49
700,1,13.08,6,49
700,1,13.1,6,49
700,1,13.12,6,49
700,1,13.14,6,49
700,1,13.16,6,49
700,1,13.18,6,49
700,1,13.2,6,49
700,1,13.22,6,49
700,1,13.24,6,49
700,1,13.26,6,49
700,1,13.28,6,49
700,1,13.3,6,49
700,1,13.32,6,48
700,1,13.34,6,49
700,1,13.36,6,49
700,1,13.38,6,49
700,1,13.4,6,49
700,1,13.42,6,49
700,1,13.44,6,49
700,1,13.46,6,48
700,1,13.48,6,49
700,1,13.5,6,49
700,1,13.52,6,49
700,1,13.54,6,49
700,1,13.56,6,49
700,1,13.58,6,49
700,1,13.6,6,49
700,1,13.62,6,49
700,1,13.64,6,49
700,1,13.66,6,49
700,1,13.68,6,49
700,1,13.7,6,49
700,1,13.72,6,49
700,1,13.74,6,48
700,1,13.76,6,49
700,1,13.78,6,49
700,1,13.8,6,48
700,1,13.82,6,49
700,1,13.84,6,49
700,1,13.86,6,49
700,1,13.88,6,49
700,1,13.9,6,49
700,1,13.92,6,49
700,1,13.94,6,48
700,1,13.96,6,49
700,1,13.98,6,48
700,1,14.0,6,49
700,1,14.02,6,49
700,1,14.04,6,48
700,1,14.06,6,49
700,1,14.08,6,49
700,1,14.1,6,49
700,1,14.12,6,48
700,1,14.14,6,49
700,1,14.16,6,49
700,1,14.18,6,49
700,1,14.2,6,49
700,1,14.22,6,49
700,1,14.24,6,49
700,1,14.26,6,49
700,1,14.28,6,48
700,1,14.3,6,49
700,1,14.32,6,49
700,1,14.34,6,49
700,1,14.36,6,49
700,1,14.38,6,48
700,1,14.4,6,48
700,1,14.42,6,49
700,1,14.44,6,49
700,1,14.46,6,48
700,1,14.48,6,48
700,1,14.5,6,48
700,1,14.52,6,49
700,1,14.54,6,49
700,1,14.56,6,49
700,1,14.58,6,49
700,1,14.6,6,49
700,1,14.62,6,49
700,1,14.64,6,49
700,1,14.66,6,49
700,1,14.68,6,49
700,1,14.7,6,49
700,1,14.72,6,49
700,1,14.74,6,48
700,1,14.76,6,49
700,1,14.78,6,49
700,1,14.8,6,49
700,1,14.82,6,48
700,1,14.84,6,48
700,1,14.86,6,48
700,1,14.88,6,48
700,1,14.9,6,49
700,1,14.92,6,49
700,1,14.94,6,49
700,1,14.96,6,48
700,1,14.98,6,49
700,1,15.0,6,49
700,1,15.02,6,48
700,1,15.04,6,48
700,1,15.06,6,49
700,1,15.08,6,49
700,1,15.1,6,49
700,1,15.12,6,49
700,1,15.14,6,49
700,1,15.16,6,49
700,1,15.18,6,49
700,1,15.2,6,48
700,1,15.22,6,49
700,1,15.24,6,48
700,1,15.26,6,49
700,1,15.28,6,49
700,1,15.3,6,50
700,1,15.32,6,49
700,1,15.34,6,50
700,1,15.36,6,50
700,1,15.38,6,50
700,1,15.4,6,50
700,1,15.42,6,50
700,1,15.44,6,49
700,1,15.46,6,49
700,1,15.48,6,50
700,1,15.5,6,50
700,1,15.52,6,50
700,1,15.54,6,49
700,1,15.56,6,50
700,1,15.58,6,50
700,1,15.6,6,50
700,1,15.62,6,50
700,1,15.64,6,50
700,1,15.66,6,49
700,1,15.68,6,50
700,1,15.7,6,50
700,1,15.72,6,50
700,1,15.74,6,49
700,1,15.76,6,49
700,1,15.78,6,50
700,1,15.8,6,50
700,1,15.82,6,50
700,1,15.84,6,50
700,1,15.86,6,50
700,1,15.88,6,50
700,1,15.9,6,50
700,1,15.92,6,50
700,1,15.94,6,50
700,1,15.96,6,50
700,1,15.98,6,50
700,1,16.0,6,50
700,1,16.02,6,50
700,1,16.04,6,50
700,1,16.06,6,50
700,1,16.08,6,50
700,1,16.1,6,50
700,1,16.12,6,50
700,1,16.14,6,50
700,1,16.16,6,50
700,1,16.18,6,49
700,1,16.2,6,50
700,1,16.22,6,50
700,1,16.24,6,50
700,1,16.26,6,50
700,1,16.28,6,50
700,1,16.3,6,50
700,1,16.32,6,50
700,1,16.34,6,50
700,1,16.36,6,50
700,1,16.38,6,50
700,1,16.4,6,50
700,1,16.42,6,50
700,1,16.44,6,50
700,1,16.46,6,50
700,1,16.48,6,50
700,1,16.5,6,50
700,1,16.52,6,50
700,1,16.54,6,50
700,1,16.56,6,48
700,1,16.58,6,50
700,1,16.6,6,50
700,1,16.62,6,50
700,1,16.64,6,50
700,1,16.66,6,50
700,1,16.68,6,50
700,1,16.7,6,50
700,1,16.72,6,50
700,1,16.74,6,50
700,1,16.76,6,50
700,1,16.78,6,50
700,1,16.8,6,50
700,1,16.82,6,50
700,1,16.84,6,50
700,1,16.86,6,50
700,1,16.88,6,50
700,1,16.9,6,50
700,1,16.92,6,50
700,1,16.94,6,50
700,1,16.96,6,50
700,1,16.98,6,50
700,1,17.0,6,50
700,1,17.02,6,50
700,1,17.04,6,50
700,1,17.06,6,50
700,1,17.08,6,50
700,1,17.1,6,50
700,1,17.12,6,50
700,1,17.14,6,50
700,1,17.16,6,49
700,1,17.18,6,50
700,1,17.2,6,50
700,1,17.22,6,50
700,1,17.24,6,50
700,1,17.26,6,50
700,1,17.28,6,50
700,1,17.3,6,50
700,1,17.32,6,50
700,1,17.34,6,50
700,1,17.36,6,50
700,1,17.38,6,50
700,1,17.4,6,50
700,1,17.42,6,50
700,1,17.44,6,50
700,1,17.46,6,50
700,1,17.48,6,50
700,1,17.5,6,50
700,1,17.52,6,50
700,1,17.54,6,50
700,1,17.56,6,50
700,1,17.58,6,50
700,1,17.6,6,50
700,1,17.62,6,50
700,1,17.64,6,50
700,1,17.66,6,50
700,1,17.68,6,50
700,1,17.7,6,50
700,1,17.72,6,49
700,1,17.74,6,50
700,1,17.76,6,50
700,1,17.78,6,50
700,1,17.8,6,50
700,1,17.82,6,50
700,1,17.84,6,50
700,1,17.86,6,50
700,1,17.88,6,50
700,1,17.9,6,50
700,1,17.92,6,50
700,1,17.94,6,50
700,1,17.96,6,50
700,1,17.98,6,50
700,1,18.0,6,50
700,1,18.02,6,50
700,1,18.04,6,50
700,1,18.06,6,50
700,1,18.08,6,50
700,1,18.1,6,50
700,1,18.12,6,50
700,1,18.14,6,50
700,1,18.16,6,50
700,1,18.18,6,49
700,1,18.2,6,50
700,1,18.22,6,50
700,1,18.24,6,50
700,1,18.26,6,50
700,1,18.28,6,50
700,1,18.3,6,49
700,1,18.32,6,50
700,1,18.34,6,50
700,1,18.36,6,50
700,1,18.38,6,50
700,1,18.4,6,50
700,1,18.42,6,50
700,1,18.44,6,50
700,1,18.46,6,50
700,1,18.48,6,50
700,1,18.5,6,50
700,1,18.52,6,50
700,1,18.54,6,49
700,1,18.56,6,50
700,1,18.58,6,50
700,1,18.6,6,50
700,1,18.62,6,50
700,1,18.64,6,50
700,1,18.66,6,49
700,1,18.68,6,49
700,1,18.7,6,50
700,1,18.72,6,50
700,1,18.74,6,49
700,1,18.76,6,50
700,1,18.78,6,49
700,1,18.8,6,49
700,1,18.82,6,49
700,1,18.84,6,50
700,1,18.86,6,49
700,1,18.88,6,49
700,1,18.9,6,50
700,1,18.92,6,50
700,1,18.94,6,50
700,1,18.96,6,49
700,1,18.98,6,49
700,1,19.0,6,50
700,1,19.02,6,50
700,1,19.04,6,50
700,1,19.06,6,49
700,1,19.08,6,50
700,1,19.1,6,50
700,1,19.12,6,50
700,1,19.14,6,50
700,1,19.16,6,50
700,1,19.18,6,50
700,1,19.2,6,49
700,1,19.22,6,49
700,1,19.24,6,50
700,1,19.26,6,50
700,1,19.28,6,49
700,1,19.3,6,49
700,1,19.32,6,49
700,1,19.34,6,50
700,1,19.36,6,50
700,1,19.38,6,50
700,1,19.4,6,50
700,1,19.42,6,50
700,1,19.44,6,50
700,1,19.46,6,49
700,1,19.48,6,50
700,1,19.5,6,50
700,1,19.52,6,50
700,1,19.54,6,50
700,1,19.56,6,49
700,1,19.58,6,50
700,1,19.6,6,50
700,1,19.62,6,50
700,1,19.64,6,49
700,1,19.66,6,50
700,1,19.68,6,50
700,1,19.7,6,50
700,1,19.72,6,50
700,1,19.74,6,50
700,1,19.76,6,50
700,1,19.78,6,50
700,1,19.8,6,50
700,1,19.82,6,50
700,1,19.84,6,50
700,1,19.86,6,50
700,1,19.88,6,50
700,1,19.9,6,50
700,1,19.92,6,50
700,1,19.94,6,50
700,1,19.96,6,49
700,1,19.98,6,50
700,1,20.0,6,50
700,1,10.0,7,49
700,1,10.02,7,49
700,1,10.04,7,49
700,1,10.06,7,49
700,1,10.08,7,49
700,1,10.1,7,49
700,1,10.12,7,49
700,1,10.14,7,49
700,1,10.16,7,49
700,1,10.18,7,49
700,1,10.2,7,49
700,1,10.22,7,49
700,1,10.24,7,49
700,1,10.26,7,49
700,1,10.28,7,49
700,1,10.3,7,49
700,1,10.32,7,49
700,1,10.34,7,49
700,1,10.36,7,49
700,1,10.38,7,49
700,1,10.4,7,49
700,1,10.42,7,49
700,1,10.44,7,49
700,1,10.46,7,49
700,1,10.48,7,49
700,1,10.5,7,49
700,1,10.52,7,49
700,1,10.54,7,49
700,1,10.56,7,49
700,1,10.58,7,49
700,1,10.6,7,49
700,1,10.62,7,49
700,1,10.64,7,49
700,1,10.66,7,49
700,1,10.68,7,49
700,1,10.7,7,49
700,1,10.72,7,49
700,1,10.74,7,49
700,1,10.76,7,49
700,1,10.78,7,49
700,1,10.8,7,49
700,1,10.82,7,49
700,1,10.84,7,49
700,1,10.86,7,49
700,1,10.88,7,49
700,1,10.9,7,49
700,1,10.92,7,49
700,1,10.94,7,49
700,1,10.96,7,49
700,1,10.98,7,49
700,1,11.0,7,49
700,1,11.02,7,49
700,1,11.04,7,49
700,1,11.06,7,49
700,1,11.08,7,49
700,1,11.1,7,49
700,1,11.12,7,49
700,1,11.14,7,49
700,1,11.16,7,49
700,1,11.18,7,49
700,1,11.2,7,49
700,1,11.22,7,49
700,1,11.24,7,49
700,1,11.26,7,49
700,1,11.28,7,49
700,1,11.3,7,49
700,1,11.32,7,49
700,1,11.34,7,49
700,1,11.36,7,49
700,1,11.38,7,49
700,1,11.4,7,49
700,1,11.42,7,49
700,1,11.44,7,48
700,1,11.46,7,49
700,1,11.48,7,49
700,1,11.5,7,49
700,1,11.52,7,49
700,1,11.54,7,49
700,1,11.56,7,49
700,1,11.58,7,49
700,1,11.6,7,49
700,1,11.62,7,49
700,1,11.64,7,49
700,1,11.66,7,49
700,1,11.68,7,49
700,1,11.7,7,49
700,1,11.72,7,49
700,1,11.74,7,49
700,1,11.76,7,49
700,1,11.78,7,49
700,1,11.8,7,49
700,1,11.82,7,49
700,1,11.84,7,49
700,1,11.86,7,49
700,1,11.88,7,49
700,1,11.9,7,49
700,1,11.92,7,49
700,1,11.94,7,49
700,1,11.96,7,49
700,1,11.98,7,49
700,1,12.0,7,49
700,1,12.02,7,49
700,1,12.04,7,49
700,1,12.06,7,49
700,1,12.08,7,49
700,1,12.1,7,49
700,1,12.12,7,49
700,1,12.14,7,49
700,1,12.16,7,49
700,1,12.18,7,49
700,1,12.2,7,49
700,1,12.22,7,49
700,1,12.24,7,49
700,1,12.26,7,49
700,1,12.28,7,49
700,1,12.3,7,49
700,1,12.32,7,49
700,1,12.34,7,49
700,1,12.36,7,49
700,1,12.38,7,49
700,1,12.4,7,49
700,1,12.42,7,49
700,1,12.44,7,49
700,1,12.46,7,49
700,1,12.48,7,49
700,1,12.5,7,49
700,1,12.52,7,49
700,1,12.54,7,49
700,1,12.56,7,49
700,1,12.58,7,49
700,1,12.6,7,49
700,1,12.62,7,49
700,1,12.64,7,49
700,1,12.66,7,49
700,1,12.68,7,49
700,1,12.7,7,49
700,1,12.72,7,49
700,1,12.74,7,49
700,1,12.76,7,49
700,1,12.78,7,49
700,1,12.8,7,49
700,1,12.82,7,49
700,1,12.84,7,49
700,1,12.86,7,49
700,1,12.88,7,49
700,1,12.9,7,49
700,1,12.92,7,49
700,1,12.94,7,49
700,1,12.96,7,49
700,1,12.98,7,49
700,1,13.0,7,49
700,1,13.02,7,49
700,1,13.04,7,49
700,1,13.06,7,49
700,1,13.08,7,49
700,1,13.1,7,49
700,1,13.12,7,49
700,1,13.14,7,49
700,1,13.16,7,49
700,1,13.18,7,49
700,1,13.2,7,49
700,1,13.22,7,49
700,1,13.24,7,49
700,1,13.26,7,49
700,1,13.28,7,49
700,1,13.3,7,49
700,1,13.32,7,48
700,1,13.34,7,49
700,1,13.36,7,49
700,1,13.38,7,49
700,1,13.4,7,49
700,1,13.42,7,49
700,1,13.44,7,49
700,1,13.46,7,49
700,1,13.48,7,49
700,1,13.5,7,49
700,1,13.52,7,49
700,1,13.54,7,49
700,1,13.56,7,49
700,1,13.58,7,49
700,1,13.6,7,49
700,1,13.62,7,49
700,1,13.64,7,49
700,1,13.66,7,49
700,1,13.68,7,49
700,1,13.7,7,49
700,1,13.72,7,49
700,1,13.74,7,49
700,1,13.76,7,49
700,1,13.78,7,49
700,1,13.8,7,49
700,1,13.82,7,49
700,1,13.84,7,49
700,1,13.86,7,49
700,1,13.88,7,49
700,1,13.9,7,49
700,1,13.92,7,49
700,1,13.94,7,48
700,1,13.96,7,49
700,1,13.98,7,49
700,1,14.0,7,49
700,1,14.02,7,49
700,1,14.04,7,49
700,1,14.06,7,49
700,1,14.08,7,49
700,1,14.1,7,49
700,1,14.12,7,48
700,1,14.14,7,49
700,1,14.16,7,49
700,1,14.18,7,49
700,1,14.2,7,49
700,1,14.22,7,49
700,1,14.24,7,49
700,1,14.26,7,49
700,1,14.28,7,48
700,1,14.3,7,49
700,1,14.32,7,49
700,1,14.34,7,49
700,1,14.36,7,49
700,1,14.38,7,48
700,1,14.4,7,49
700,1,14.42,7,49
700,1,14.44,7,49
700,1,14.46,7,49
700,1,14.48,7,49
700,1,14.5,7,49
700,1,14.52,7,49
700,1,14.54,7,49
700,1,14.56,7,49
700,1,14.58,7,49
700,1,14.6,7,49
700,1,14.62,7,49
700,1,14.64,7,49
700,1,14.66,7,49
700,1,14.68,7,49
700,1,14.7,7,49
700,1,14.72,7,49
700,1,14.74,7,49
700,1,14.76,7,49
700,1,14.78,7,49
700,1,14.8,7,49
700,1,14.82,7,48
700,1,14.84,7,49
700,1,14.86,7,48
700,1,14.88,7,48
700,1,14.9,7,49
700,1,14.92,7,49
700,1,14.94,7,49
700,1,14.96,7,49
700,1,14.98,7,49
700,1,15.0,7,49
700,1,15.02,7,49
700,1,15.04,7,48
700,1,15.06,7,49
700,1,15.08,7,49
700,1,15.1,7,49
700,1,15.12,7,49
700,1,15.14,7,49
700,1,15.16,7,49
700,1,15.18,7,49
700,1,15.2,7,49
700,1,15.22,7,49
700,1,15.24,7,49
700,1,15.26,7,49
700,1,15.28,7,49
700,1,15.3,7,50
700,1,15.32,7,49
700,1,15.34,7,50
700,1,15.36,7,50
700,1,15.38,7,50
700,1,15.4,7,50
700,1,15.42,7,50
700,1,15.44,7,50
700,1,15.46,7,50
700,1,15.48,7,50
700,1,15.5,7,50
700,1,15.52,7,50
700,1,15.54,7,49
700,1,15.56,7,50
700,1,15.58,7,50
700,1,15.6,7,50
700,1,15.62,7,50
700,1,15.64,7,50
700,1,15.66,7,50
700,1,15.68,7,50
700,1,15.7,7,50
700,1,15.72,7,50
700,1,15.74,7,50
700,1,15.76,7,50
700,1,15.78,7,50
700,1,15.8,7,50
700,1,15.82,7,50
700,1,15.84,7,50
700,1,15.86,7,50
700,1,15.88,7,50
700,1,15.9,7,50
700,1,15.92,7,50
700,1,15.94,7,50
700,1,15.96,7,50
700,1,15.98,7,50
700,1,16.0,7,50
700,1,16.02,7,50
700,1,16.04,7,50
700,1,16.06,7,50
700,1,16.08,7,50
700,1,16.1,7,50
700,1,16.12,7,50
700,1,16.14,7,50
700,1,16.16,7,50
700,1,16.18,7,50
700,1,16.2,7,50
700,1,16.22,7,50
700,1,16.24,7,50
700,1,16.26,7,50
700,1,16.28,7,50
700,1,16.3,7,50
700,1,16.32,7,50
700,1,16.34,7,50
700,1,16.36,7,50
700,1,16.38,7,50
700,1,16.4,7,50
700,1,16.42,7,50
700,1,16.44,7,50
700,1,16.46,7,50
700,1,16.48,7,50
700,1,16.5,7,50
700,1,16.52,7,50
700,1,16.54,7,50
700,1,16.56,7,50
700,1,16.58,7,50
700,1,16.6,7,50
700,1,16.62,7,50
700,1,16.64,7,50
700,1,16.66,7,50
700,1,16.68,7,50
700,1,16.7,7,50
700,1,16.72,7,50
700,1,16.74,7,50
700,1,16.76,7,50
700,1,16.78,7,50
700,1,16.8,7,50
700,1,16.82,7,50
700,1,16.84,7,50
700,1,16.86,7,50
700,1,16.88,7,50
700,1,16.9,7,50
700,1,16.92,7,50
700,1,16.94,7,50
700,1,16.96,7,50
700,1,16.98,7,50
700,1,17.0,7,50
700,1,17.02,7,50
700,1,17.04,7,50
700,1,17.06,7,50
700,1,17.08,7,50
700,1,17.1,7,50
700,1,17.12,7,50
700,1,17.14,7,50
700,1,17.16,7,50
700,1,17.18,7,50
700,1,17.2,7,50
700,1,17.22,7,50
700,1,17.24,7,50
700,1,17.26,7,50
700,1,17.28,7,50
700,1,17.3,7,50
700,1,17.32,7,50
700,1,17.34,7,50
700,1,17.36,7,50
700,1,17.38,7,50
700,1,17.4,7,50
700,1,17.42,7,50
700,1,17.44,7,50
700,1,17.46,7,50
700,1,17.48,7,50
700,1,17.5,7,50
700,1,17.52,7,50
700,1,17.54,7,50
700,1,17.56,7,50
700,1,17.58,7,50
700,1,17.6,7,50
700,1,17.62,7,50
700,1,17.64,7,50
700,1,17.66,7,50
700,1,17.68,7,50
700,1,17.7,7,50
700,1,17.72,7,50
700,1,17.74,7,50
700,1,17.76,7,50
700,1,17.78,7,50
700,1,17.8,7,50
700,1,17.82,7,50
700,1,17.84,7,50
700,1,17.86,7,50
700,1,17.88,7,50
700,1,17.9,7,50
700,1,17.92,7,50
700,1,17.94,7,50
700,1,17.96,7,50
700,1,17.98,7,50
700,1,18.0,7,50
700,1,18.02,7,50
700,1,18.04,7,50
700,1,18.06,7,50
700,1,18.08,7,50
700,1,18.1,7,50
700,1,18.12,7,50
700,1,18.14,7,50
700,1,18.16,7,50
700,1,18.18,7,50
700,1,18.2,7,50
700,1,18.22,7,50
700,1,18.24,7,50
700,1,18.26,7,50
700,1,18.28,7,50
700,1,18.3,7,49
700,1,18.32,7,50
700,1,18.34,7,50
700,1,18.36,7,50
700,1,18.38,7,50
700,1,18.4,7,50
700,1,18.42,7,50
700,1,18.44,7,50
700,1,18.46,7,50
700,1,18.48,7,50
700,1,18.5,7,50
700,1,18.52,7,50
700,1,18.54,7,50
700,1,18.56,7,50
700,1,18.58,7,50
700,1,18.6,7,50
700,1,18.62,7,50
700,1,18.64,7,50
700,1,18.66,7,50
700,1,18.68,7,49
700,1,18.7,7,50
700,1,18.72,7,50
700,1,18.74,7,49
700,1,18.76,7,50
700,1,18.78,7,50
700,1,18.8,7,50
700,1,18.82,7,49
700,1,18.84,7,50
700,1,18.86,7,50
700,1,18.88,7,50
700,1,18.9,7,50
700,1,18.92,7,50
700,1,18.94,7,50
700,1,18.96,7,50
700,1,18.98,7,49
700,1,19.0,7,50
700,1,19.02,7,50
700,1,19.04,7,50
700,1,19.06,7,49
700,1,19.08,7,50
700,1,19.1,7,50
700,1,19.12,7,50
700,1,19.14,7,50
700,1,19.16,7,50
700,1,19.18,7,50
700,1,19.2,7,50
700,1,19.22,7,50
700,1,19.24,7,50
700,1,19.26,7,50
700,1,19.28,7,49
700,1,19.3,7,49
700,1,19.32,7,49
700,1,19.34,7,50
700,1,19.36,7,50
700,1,19.38,7,50
700,1,19.4,7,50
700,1,19.42,7,50
700,1,19.44,7,50
700,1,19.46,7,50
700,1,19.48,7,50
700,1,19.5,7,50
700,1,19.52,7,50
700,1,19.54,7,50
700,1,19.56,7,50
700,1,19.58,7,50
700,1,19.6,7,50
700,1,19.62,7,50
700,1,19.64,7,50
700,1,19.66,7,50
700,1,19.68,7,50
700,1,19.7,7,50
700,1,19.72,7,50
700,1,19.74,7,50
700,1,19.76,7,50
700,1,19.78,7,50
700,1,19.8,7,50
700,1,19.82,7,50
700,1,19.84,7,50
700,1,19.86,7,50
700,1,19.88,7,50
700,1,19.9,7,50
700,1,19.92,7,50
700,1,19.94,7,50
700,1,19.96,7,50
700,1,19.98,7,50
700,1,20.0,7,50
700,1,10.0,8,49
700,1,10.02,8,49
700,1,10.04,8,49
700,1,10.06,8,49
700,1,10.08,8,49
700,1,10.1,8,49
700,1,10.12,8,49
700,1,10.14,8,49
700,1,10.16,8,49
700,1,10.18,8,49
700,1,10.2,8,49
700,1,10.22,8,49
700,1,10.24,8,49
700,1,10.26,8,49
700,1,10.28,8,49
700,1,10.3,8,49
700,1,10.32,8,49
700,1,10.34,8,49
700,1,10.36,8,49
700,1,10.38,8,49
700,1,10.4,8,49
700,1,10.42,8,49
700,1,10.44,8,49
700,1,10.46,8,49
700,1,10.48,8,49
700,1,10.5,8,49
700,1,10.52,8,49
700,1,10.54,8,49
700,1,10.56,8,49
700,1,10.58,8,49
700,1,10.6,8,49
700,1,10.62,8,49
700,1,10.64,8,49
700,1,10.66,8,49
700,1,10.68,8,49
700,1,10.7,8,49
700,1,10.72,8,49
700,1,10.74,8,49
700,1,10.76,8,49
700,1,10.78,8,49
700,1,10.8,8,49
700,1,10.82,8,49
700,1,10.84,8,49
700,1,10.86,8,49
700,1,10.88,8,49
700,1,10.9,8,49
700,1,10.92,8,49
700,1,10.94,8,49
700,1,10.96,8,49
700,1,10.98,8,49
700,1,11.0,8,49
700,1,11.02,8,49
700,1,11.04,8,49
700,1,11.06,8,49
700,1,11.08,8,49
700,1,11.1,8,49
700,1,11.12,8,49
700,1,11.14,8,49
700,1,11.16,8,49
700,1,11.18,8,49
700,1,11.2,8,49
700,1,11.22,8,49
700,1,11.24,8,49
700,1,11.26,8,49
700,1,11.28,8,49
700,1,11.3,8,49
700,1,11.32,8,49
700,1,11.34,8,49
700,1,11.36,8,49
700,1,11.38,8,49
700,1,11.4,8,49
700,1,11.42,8,49
700,1,11.44,8,49
700,1,11.46,8,49
700,1,11.48,8,49
700,1,11.5,8,49
700,1,11.52,8,49
700,1,11.54,8,49
700,1,11.56,8,49
700,1,11.58,8,49
700,1,11.6,8,49
700,1,11.62,8,49
700,1,11.64,8,49
700,1,11.66,8,49
700,1,11.68,8,49
700,1,11.7,8,49
700,1,11.72,8,49
700,1,11.74,8,49
700,1,11.76,8,49
700,1,11.78,8,49
700,1,11.8,8,49
700,1,11.82,8,49
700,1,11.84,8,49
700,1,11.86,8,49
700,1,11.88,8,49
700,1,11.9,8,49
700,1,11.92,8,49
700,1,11.94,8,49
700,1,11.96,8,49
700,1,11.98,8,49
700,1,12.0,8,49
700,1,12.02,8,49
700,1,12.04,8,49
700,1,12.06,8,49
700,1,12.08,8,49
700,1,12.1,8,49
700,1,12.12,8,49
700,1,12.14,8,49
700,1,12.16,8,49
700,1,12.18,8,49
700,1,12.2,8,49
700,1,12.22,8,49
700,1,12.24,8,49
700,1,12.26,8,49
700,1,12.28,8,49
700,1,12.3,8,49
700,1,12.32,8,49
700,1,12.34,8,49
700,1,12.36,8,49
700,1,12.38,8,49
700,1,12.4,8,49
700,1,12.42,8,49
700,1,12.44,8,49
700,1,12.46,8,49
700,1,12.48,8,49
700,1,12.5,8,49
700,1,12.52,8,49
700,1,12.54,8,49
700,1,12.56,8,49
700,1,12.58,8,49
700,1,12.6,8,49
700,1,12.62,8,49
700,1,12.64,8,49
700,1,12.66,8,49
700,1,12.68,8,49
700,1,12.7,8,49
700,1,12.72,8,49
700,1,12.74,8,49
700,1,12.76,8,49
700,1,12.78,8,49
700,1,12.8,8,49
700,1,12.82,8,49
700,1,12.84,8,49
700,1,12.86,8,49
700,1,12.88,8,49
700,1,12.9,8,49
700,1,12.92,8,49
700,1,12.94,8,49
700,1,12.96,8,49
700,1,12.98,8,49
700,1,13.0,8,49
700,1,13.02,8,49
700,1,13.04,8,49
700,1,13.06,8,49
700,1,13.08,8,49
700,1,13.1,8,49
700,1,13.12,8,49
700,1,13.14,8,49
700,1,13.16,8,49
700,1,13.18,8,49
700,1,13.2,8,49
700,1,13.22,8,49
700,1,13.24,8,49
700,1,13.26,8,49
700,1,13.28,8,49
700,1,13.3,8,49
700,1,13.32,8,49
700,1,13.34,8,49
700,1,13.36,8,49
700,1,13.38,8,49
700,1,13.4,8,49
700,1,13.42,8,49
700,1,13.44,8,49
700,1,13.46,8,49
700,1,13.48,8,49
700,1,13.5,8,49
700,1,13.52,8,49
700,1,13.54,8,49
700,1,13.56,8,49
700,1,13.58,8,49
700,1,13.6,8,49
700,1,13.62,8,49
700,1,13.64,8,49
700,1,13.66,8,49
700,1,13.68,8,49
700,1,13.7,8,49
700,1,13.72,8,49
700,1,13.74,8,49
700,1,13.76,8,49
700,1,13.78,8,49
700,1,13.8,8,49
700,1,13.82,8,49
700,1,13.84,8,49
700,1,13.86,8,49
700,1,13.88,8,49
700,1,13.9,8,49
700,1,13.92,8,49
700,1,13.94,8,49
700,1,13.96,8,49
700,1,13.98,8,49
700,1,14.0,8,49
700,1,14.02,8,49
700,1,14.04,8,49
700,1,14.06,8,49
700,1,14.08,8,49
700,1,14.1,8,49
700,1,14.12,8,49
700,1,14.14,8,49
700,1,14.16,8,49
700,1,14.18,8,49
700,1,14.2,8,49
700,1,14.22,8,49
700,1,14.24,8,49
700,1,14.26,8,49
700,1,14.28,8,49
700,1,14.3,8,49
700,1,14.32,8,49
700,1,14.34,8,49
700,1,14.36,8,49
700,1,14.38,8,48
700,1,14.4,8,49
700,1,14.42,8,49
700,1,14.44,8,49
700,1,14.46,8,49
700,1,14.48,8,49
700,1,14.5,8,49
700,1,14.52,8,49
700,1,14.54,8,49
700,1,14.56,8,49
700,1,14.58,8,49
700,1,14.6,8,49
700,1,14.62,8,49
700,1,14.64,8,49
700,1,14.66,8,49
700,1,14.68,8,49
700,1,14.7,8,49
700,1,14.72,8,49
700,1,14.74,8,49
700,1,14.76,8,49
700,1,14.78,8,49
700,1,14.8,8,49
700,1,14.82,8,49
700,1,14.84,8,49
700,1,14.86,8,48
700,1,14.88,8,48
700,1,14.9,8,49
700,1,14.92,8,49
700,1,14.94,8,49
700,1,14.96,8,49
700,1,14.98,8,49
700,1,15.0,8,49
700,1,15.02,8,49
700,1,15.04,8,49
700,1,15.06,8,49
700,1,15.08,8,49
700,1,15.1,8,49
700,1,15.12,8,49
700,1,15.14,8,49
700,1,15.16,8,49
700,1,15.18,8,49
700,1,15.2,8,49
700,1,15.22,8,49
700,1,15.24,8,49
700,1,15.26,8,49
700,1,15.28,8,49
700,1,15.3,8,50
700,1,15.32,8,50
700,1,15.34,8,50
700,1,15.36,8,50
700,1,15.38,8,50
700,1,15.4,8,50
700,1,15.42,8,50
700,1,15.44,8,50
700,1,15.46,8,50
700,1,15.48,8,50
700,1,15.5,8,50
700,1,15.52,8,50
700,1,15.54,8,50
700,1,15.56,8,50
700,1,15.58,8,50
700,1,15.6,8,50
700,1,15.62,8,50
700,1,15.64,8,50
700,1,15.66,8,50
700,1,15.68,8,50
700,1,15.7,8,50
700,1,15.72,8,50
700,1,15.74,8,50
700,1,15.76,8,50
700,1,15.78,8,50
700,1,15.8,8,50
700,1,15.82,8,50
700,1,15.84,8,50
700,1,15.86,8,50
700,1,15.88,8,50
700,1,15.9,8,50
700,1,15.92,8,50
700,1,15.94,8,50
700,1,15.96,8,50
700,1,15.98,8,50
700,1,16.0,8,50
700,1,16.02,8,50
700,1,16.04,8,50
700,1,16.06,8,50
700,1,16.08,8,50
700,1,16.1,8,50
700,1,16.12,8,50
700,1,16.14,8,50
700,1,16.16,8,50
700,1,16.18,8,50
700,1,16.2,8,50
700,1,16.22,8,50
700,1,16.24,8,50
700,1,16.26,8,50
700,1,16.28,8,50
700,1,16.3,8,50
700,1,16.32,8,50
700,1,16.34,8,50
700,1,16.36,8,50
700,1,16.38,8,50
700,1,16.4,8,50
700,1,16.42,8,50
700,1,16.44,8,50
700,1,16.46,8,50
700,1,16.48,8,50
700,1,16.5,8,50
700,1,16.52,8,50
700,1,16.54,8,50
700,1,16.56,8,50
700,1,16.58,8,50
700,1,16.6,8,50
700,1,16.62,8,50
700,1,16.64,8,50
700,1,16.66,8,50
700,1,16.68,8,50
700,1,16.7,8,50
700,1,16.72,8,50
700,1,16.74,8,50
700,1,16.76,8,50
700,1,16.78,8,50
700,1,16.8,8,50
700,1,16.82,8,50
700,1,16.84,8,50
700,1,16.86,8,50
700,1,16.88,8,50
700,1,16.9,8,50
700,1,16.92,8,50
700,1,16.94,8,50
700,1,16.96,8,50
700,1,16.98,8,50
700,1,17.0,8,50
700,1,17.02,8,50
700,1,17.04,8,50
700,1,17.06,8,50
700,1,17.08,8,50
700,1,17.1,8,50
700,1,17.12,8,50
700,1,17.14,8,50
700,1,17.16,8,50
700,1,17.18,8,50
700,1,17.2,8,50
700,1,17.22,8,50
700,1,17.24,8,50
700,1,17.26,8,50
700,1,17.28,8,50
700,1,17.3,8,50
700,1,17.32,8,50
700,1,17.34,8,50
700,1,17.36,8,50
700,1,17.38,8,50
700,1,17.4,8,50
700,1,17.42,8,50
700,1,17.44,8,50
700,1,17.46,8,50
700,1,17.48,8,50
700,1,17.5,8,50
700,1,17.52,8,50
700,1,17.54,8,50
700,1,17.56,8,50
700,1,17.58,8,50
700,1,17.6,8,50
700,1,17.62,8,50
700,1,17.64,8,50
700,1,17.66,8,50
700,1,17.68,8,50
700,1,17.7,8,50
700,1,17.72,8,50
700,1,17.74,8,50
700,1,17.76,8,50
700,1,17.78,8,50
700,1,17.8,8,50
700,1,17.82,8,50
700,1,17.84,8,50
700,1,17.86,8,50
700,1,17.88,8,50
700,1,17.9,8,50
700,1,17.92,8,50
700,1,17.94,8,50
700,1,17.96,8,50
700,1,17.98,8,50
700,1,18.0,8,50
700,1,18.02,8,50
700,1,18.04,8,50
700,1,18.06,8,50
700,1,18.08,8,50
700,1,18.1,8,50
700,1,18.12,8,50
700,1,18.14,8,50
700,1,18.16,8,50
700,1,18.18,8,50
700,1,18.2,8,50
700,1,18.22,8,50
700,1,18.24,8,50
700,1,18.26,8,50
700,1,18.28,8,50
700,1,18.3,8,50
700,1,18.32,8,50
700,1,18.34,8,50
700,1,18.36,8,50
700,1,18.38,8,50
700,1,18.4,8,50
700,1,18.42,8,50
700,1,18.44,8,50
700,1,18.46,8,50
700,1,18.48,8,50
700,1,18.5,8,50
700,1,18.52,8,50
700,1,18.54,8,50
700,1,18.56,8,50
700,1,18.58,8,50
700,1,18.6,8,50
700,1,18.62,8,50
700,1,18.64,8,50
700,1,18.66,8,50
700,1,18.68,8,49
700,1,18.7,8,50
700,1,18.72,8,50
700,1,18.74,8,50
700,1,18.76,8,50
700,1,18.78,8,50
700,1,18.8,8,50
700,1,18.82,8,50
700,1,18.84,8,50
700,1,18.86,8,50
700,1,18.88,8,50
700,1,18.9,8,50
700,1,18.92,8,50
700,1,18.94,8,50
700,1,18.96,8,50
700,1,18.98,8,50
700,1,19.0,8,50
700,1,19.02,8,50
700,1,19.04,8,50
700,1,19.06,8,50
700,1,19.08,8,50
700,1,19.1,8,50
700,1,19.12,8,50
700,1,19.14,8,50
700,1,19.16,8,50
700,1,19.18,8,50
700,1,19.2,8,50
700,1,19.22,8,50
700,1,19.24,8,50
700,1,19.26,8,50
700,1,19.28,8,49
700,1,19.3,8,49
700,1,19.32,8,49
700,1,19.34,8,50
700,1,19.36,8,50
700,1,19.38,8,50
700,1,19.4,8,50
700,1,19.42,8,50
700,1,19.44,8,50
700,1,19.46,8,50
700,1,19.48,8,50
700,1,19.5,8,50
700,1,19.52,8,50
700,1,19.54,8,50
700,1,19.56,8,50
700,1,19.58,8,50
700,1,19.6,8,50
700,1,19.62,8,50
700,1,19.64,8,50
700,1,19.66,8,50
700,1,19.68,8,50
700,1,19.7,8,50
700,1,19.72,8,50
700,1,19.74,8,50
700,1,19.76,8,50
700,1,19.78,8,50
700,1,19.8,8,50
700,1,19.82,8,50
700,1,19.84,8,50
700,1,19.86,8,50
700,1,19.88,8,50
700,1,19.9,8,50
700,1,19.92,8,50
700,1,19.94,8,50
700,1,19.96,8,50
700,1,19.98,8,50
700,1,20.0,8,50
700,1,10.0,9,49
700,1,10.02,9,49
700,1,10.04,9,49
700,1,10.06,9,49
700,1,10.08,9,49
700,1,10.1,9,49
700,1,10.12,9,49
700,1,10.14,9,49
700,1,10.16,9,49
700,1,10.18,9,49
700,1,10.2,9,49
700,1,10.22,9,49
700,1,10.24,9,49
700,1,10.26,9,49
700,1,10.28,9,49
700,1,10.3,9,49
700,1,10.32,9,49
700,1,10.34,9,49
700,1,10.36,9,49
700,1,10.38,9,49
700,1,10.4,9,49
700,1,10.42,9,49
700,1,10.44,9,49
700,1,10.46,9,49
700,1,10.48,9,49
700,1,10.5,9,49
700,1,10.52,9,49
700,1,10.54,9,49
700,1,10.56,9,49
700,1,10.58,9,49
700,1,10.6,9,49
700,1,10.62,9,49
700,1,10.64,9,49
700,1,10.66,9,49
700,1,10.68,9,49
700,1,10.7,9,49
700,1,10.72,9,49
700,1,10.74,9,49
700,1,10.76,9,49
700,1,10.78,9,49
700,1,10.8,9,49
700,1,10.82,9,49
700,1,10.84,9,49
700,1,10.86,9,49
700,1,10.88,9,49
700,1,10.9,9,49
700,1,10.92,9,49
700,1,10.94,9,49
700,1,10.96,9,49
700,1,10.98,9,49
700,1,11.0,9,49
700,1,11.02,9,49
700,1,11.04,9,49
700,1,11.06,9,49
700,1,11.08,9,49
700,1,11.1,9,49
700,1,11.12,9,49
700,1,11.14,9,49
700,1,11.16,9,49
700,1,11.18,9,49
700,1,11.2,9,49
700,1,11.22,9,49
700,1,11.24,9,49
700,1,11.26,9,49
700,1,11.28,9,49
700,1,11.3,9,49
700,1,11.32,9,49
700,1,11.34,9,49
700,1,11.36,9,49
700,1,11.38,9,49
700,1,11.4,9,49
700,1,11.42,9,49
700,1,11.44,9,49
700,1,11.46,9,49
700,1,11.48,9,49
700,1,11.5,9,49
700,1,11.52,9,49
700,1,11.54,9,49
700,1,11.56,9,49
700,1,11.58,9,49
700,1,11.6,9,49
700,1,11.62,9,49
700,1,11.64,9,49
700,1,11.66,9,49
700,1,11.68,9,49
700,1,11.7,9,49
700,1,11.72,9,49
700,1,11.74,9,49
700,1,11.76,9,49
700,1,11.78,9,49
700,1,11.8,9,49
700,1,11.82,9,49
700,1,11.84,9,49
700,1,11.86,9,49
700,1,11.88,9,49
700,1,11.9,9,49
700,1,11.92,9,49
700,1,11.94,9,49
700,1,11.96,9,49
700,1,11.98,9,49
700,1,12.0,9,49
700,1,12.02,9,49
700,1,12.04,9,49
700,1,12.06,9,49
700,1,12.08,9,49
700,1,12.1,9,49
700,1,12.12,9,49
700,1,12.14,9,49
700,1,12.16,9,49
700,1,12.18,9,49
700,1,12.2,9,49
700,1,12.22,9,49
700,1,12.24,9,49
700,1,12.26,9,49
700,1,12.28,9,49
700,1,12.3,9,49
700,1,12.32,9,49
700,1,12.34,9,49
700,1,12.36,9,49
700,1,12.38,9,49
700,1,12.4,9,49
700,1,12.42,9,49
700,1,12.44,9,49
700,1,12.46,9,49
700,1,12.48,9,49
700,1,12.5,9,49
700,1,12.52,9,49
700,1,12.54,9,49
700,1,12.56,9,49
700,1,12.58,9,49
700,1,12.6,9,49
700,1,12.62,9,49
700,1,12.64,9,49
700,1,12.66,9,49
700,1,12.68,9,49
700,1,12.7,9,49
700,1,12.72,9,49
700,1,12.74,9,49
700,1,12.76,9,49
700,1,12.78,9,49
700,1,12.8,9,49
700,1,12.82,9,49
700,1,12.84,9,49
700,1,12.86,9,49
700,1,12.88,9,49
700,1,12.9,9,49
700,1,12.92,9,49
700,1,12.94,9,49
700,1,12.96,9,49
700,1,12.98,9,49
700,1,13.0,9,49
700,1,13.02,9,49
700,1,13.04,9,49
700,1,13.06,9,49
700,1,13.08,9,49
700,1,13.1,9,49
700,1,13.12,9,49
700,1,13.14,9,49
700,1,13.16,9,49
700,1,13.18,9,49
700,1,13.2,9,49
700,1,13.22,9,49
700,1,13.24,9,49
700,1,13.26,9,49
700,1,13.28,9,49
700,1,13.3,9,49
700,1,13.32,9,49
700,1,13.34,9,49
700,1,13.36,9,49
700,1,13.38,9,49
700,1,13.4,9,49
700,1,13.42,9,49
700,1,13.44,9,49
700,1,13.46,9,49
700,1,13.48,9,49
700,1,13.5,9,49
700,1,13.52,9,49
700,1,13.54,9,49
700,1,13.56,9,49
700,1,13.58,9,49
700,1,13.6,9,49
700,1,13.62,9,49
700,1,13.64,9,49
700,1,13.66,9,49
700,1,13.68,9,49
700,1,13.7,9,49
700,1,13.72,9,49
700,1,13.74,9,49
700,1,13.76,9,49
700,1,13.78,9,49
700,1,13.8,9,49
700,1,13.82,9,49
700,1,13.84,9,49
700,1,13.86,9,49
700,1,13.88,9,49
700,1,13.9,9,49
700,1,13.92,9,49
700,1,13.94,9,49
700,1,13.96,9,49
700,1,13.98,9,49
700,1,14.0,9,49
700,1,14.02,9,49
700,1,14.04,9,49
700,1,14.06,9,49
700,1,14.08,9,49
700,1,14.1,9,49
700,1,14.12,9,49
700,1,14.14,9,49
700,1,14.16,9,49
700,1,14.18,9,49
700,1,14.2,9,49
700,1,14.22,9,49
700,1,14.24,9,49
700,1,14.26,9,49
700,1,14.28,9,49
700,1,14.3,9,49
700,1,14.32,9,49
700,1,14.34,9,49
700,1,14.36,9,49
700,1,14.38,9,49
700,1,14.4,9,49
700,1,14.42,9,49
700,1,14.44,9,49
700,1,14.46,9,49
700,1,14.48,9,49
700,1,14.5,9,49
700,1,14.52,9,49
700,1,14.54,9,49
700,1,14.56,9,49
700,1,14.58,9,49
700,1,14.6,9,49
700,1,14.62,9,49
700,1,14.64,9,49
700,1,14.66,9,49
700,1,14.68,9,49
700,1,14.7,9,49
700,1,14.72,9,49
700,1,14.74,9,49
700,1,14.76,9,49
700,1,14.78,9,49
700,1,14.8,9,49
700,1,14.82,9,49
700,1,14.84,9,49
700,1,14.86,9,48
700,1,14.88,9,49
700,1,14.9,9,49
700,1,14.92,9,49
700,1,14.94,9,49
700,1,14.96,9,49
700,1,14.98,9,49
700,1,15.0,9,49
700,1,15.02,9,49
700,1,15.04,9,49
700,1,15.06,9,49
700,1,15.08,9,49
700,1,15.1,9,49
700,1,15.12,9,49
700,1,15.14,9,49
700,1,15.16,9,49
700,1,15.18,9,49
700,1,15.2,9,49
700,1,15.22,9,49
700,1,15.24,9,49
700,1,15.26,9,49
700,1,15.28,9,49
700,1,15.3,9,50
700,1,15.32,9,50
700,1,15.34,9,50
700,1,15.36,9,50
700,1,15.38,9,50
700,1,15.4,9,50
700,1,15.42,9,50
700,1,15.44,9,50
700,1,15.46,9,50
700,1,15.48,9,50
700,1,15.5,9,50
700,1,15.52,9,50
700,1,15.54,9,50
700,1,15.56,9,50
700,1,15.58,9,50
700,1,15.6,9,50
700,1,15.62,9,50
700,1,15.64,9,50
700,1,15.66,9,50
700,1,15.68,9,50
700,1,15.7,9,50
700,1,15.72,9,50
700,1,15.74,9,50
700,1,15.76,9,50
700,1,15.78,9,50
700,1,15.8,9,50
700,1,15.82,9,50
700,1,15.84,9,50
700,1,15.86,9,50
700,1,15.88,9,50
700,1,15.9,9,50
700,1,15.92,9,50
700,1,15.94,9,50
700,1,15.96,9,50
700,1,15.98,9,50
700,1,16.0,9,50
700,1,16.02,9,50
700,1,16.04,9,50
700,1,16.06,9,50
700,1,16.08,9,50
700,1,16.1,9,50
700,1,16.12,9,50
700,1,16.14,9,50
700,1,16.16,9,50
700,1,16.18,9,50
700,1,16.2,9,50
700,1,16.22,9,50
700,1,16.24,9,50
700,1,16.26,9,50
700,1,16.28,9,50
700,1,16.3,9,50
700,1,16.32,9,50
700,1,16.34,9,50
700,1,16.36,9,50
700,1,16.38,9,50
700,1,16.4,9,50
700,1,16.42,9,50
700,1,16.44,9,50
700,1,16.46,9,50
700,1,16.48,9,50
700,1,16.5,9,50
700,1,16.52,9,50
700,1,16.54,9,50
700,1,16.56,9,50
700,1,16.58,9,50
700,1,16.6,9,50
700,1,16.62,9,50
700,1,16.64,9,50
700,1,16.66,9,50
700,1,16.68,9,50
700,1,16.7,9,50
700,1,16.72,9,50
700,1,16.74,9,50
700,1,16.76,9,50
700,1,16.78,9,50
700,1,16.8,9,50
700,1,16.82,9,50
700,1,16.84,9,50
700,1,16.86,9,50
700,1,16.88,9,50
700,1,16.9,9,50
700,1,16.92,9,50
700,1,16.94,9,50
700,1,16.96,9,50
700,1,16.98,9,50
700,1,17.0,9,50
700,1,17.02,9,50
700,1,17.04,9,50
700,1,17.06,9,50
700,1,17.08,9,50
700,1,17.1,9,50
700,1,17.12,9,50
700,1,17.14,9,50
700,1,17.16,9,50
700,1,17.18,9,50
700,1,17.2,9,50
700,1,17.22,9,50
700,1,17.24,9,50
700,1,17.26,9,50
700,1,17.28,9,50
700,1,17.3,9,50
700,1,17.32,9,50
700,1,17.34,9,50
700,1,17.36,9,50
700,1,17.38,9,50
700,1,17.4,9,50
700,1,17.42,9,50
700,1,17.44,9,50
700,1,17.46,9,50
700,1,17.48,9,50
700,1,17.5,9,50
700,1,17.52,9,50
700,1,17.54,9,50
700,1,17.56,9,50
700,1,17.58,9,50
700,1,17.6,9,50
700,1,17.62,9,50
700,1,17.64,9,50
700,1,17.66,9,50
700,1,17.68,9,50
700,1,17.7,9,50
700,1,17.72,9,50
700,1,17.74,9,50
700,1,17.76,9,50
700,1,17.78,9,50
700,1,17.8,9,50
700,1,17.82,9,50
700,1,17.84,9,50
700,1,17.86,9,50
700,1,17.88,9,50
700,1,17.9,9,50
700,1,17.92,9,50
700,1,17.94,9,50
700,1,17.96,9,50
700,1,17.98,9,50
700,1,18.0,9,50
700,1,18.02,9,50
700,1,18.04,9,50
700,1,18.06,9,50
700,1,18.08,9,50
700,1,18.1,9,50
700,1,18.12,9,50
700,1,18.14,9,50
700,1,18.16,9,50
700,1,18.18,9,50
700,1,18.2,9,50
700,1,18.22,9,50
700,1,18.24,9,50
700,1,18.26,9,50
700,1,18.28,9,50
700,1,18.3,9,50
700,1,18.32,9,50
700,1,18.34,9,50
700,1,18.36,9,50
700,1,18.38,9,50
700,1,18.4,9,50
700,1,18.42,9,50
700,1,18.44,9,50
700,1,18.46,9,50
700,1,18.48,9,50
700,1,18.5,9,50
700,1,18.52,9,50
700,1,18.54,9,50
700,1,18.56,9,50
700,1,18.58,9,50
700,1,18.6,9,50
700,1,18.62,9,50
700,1,18.64,9,50
700,1,18.66,9,50
700,1,18.68,9,50
700,1,18.7,9,50
700,1,18.72,9,50
700,1,18.74,9,50
700,1,18.76,9,50
700,1,18.78,9,50
700,1,18.8,9,50
700,1,18.82,9,50
700,1,18.84,9,50
700,1,18.86,9,50
700,1,18.88,9,50
700,1,18.9,9,50
700,1,18.92,9,50
700,1,18.94,9,50
700,1,18.96,9,50
700,1,18.98,9,50
700,1,19.0,9,50
700,1,19.02,9,50
700,1,19.04,9,50
700,1,19.06,9,50
700,1,19.08,9,50
700,1,19.1,9,50
700,1,19.12,9,50
700,1,19.14,9,50
700,1,19.16,9,50
700,1,19.18,9,50
700,1,19.2,9,50
700,1,19.22,9,50
700,1,19.24,9,50
700,1,19.26,9,50
700,1,19.28,9,49
700,1,19.3,9,50
700,1,19.32,9,50
700,1,19.34,9,50
700,1,19.36,9,50
700,1,19.38,9,50
700,1,19.4,9,50
700,1,19.42,9,50
700,1,19.44,9,50
700,1,19.46,9,50
700,1,19.48,9,50
700,1,19.5,9,50
700,1,19.52,9,50
700,1,19.54,9,50
700,1,19.56,9,50
700,1,19.58,9,50
700,1,19.6,9,50
700,1,19.62,9,50
700,1,19.64,9,50
700,1,19.66,9,50
700,1,19.68,9,50
700,1,19.7,9,50
700,1,19.72,9,50
700,1,19.74,9,50
700,1,19.76,9,50
700,1,19.78,9,50
700,1,19.8,9,50
700,1,19.82,9,50
700,1,19.84,9,50
700,1,19.86,9,50
700,1,19.88,9,50
700,1,19.9,9,50
700,1,19.92,9,50
700,1,19.94,9,50
700,1,19.96,9,50
700,1,19.98,9,50
700,1,20.0,9,50
700,1,10.0,10,49
700,1,10.02,10,49
700,1,10.04,10,49
700,1,10.06,10,49
700,1,10.08,10,49
700,1,10.1,10,49
700,1,10.12,10,49
700,1,10.14,10,49
700,1,10.16,10,49
700,1,10.18,10,49
700,1,10.2,10,49
700,1,10.22,10,49
700,1,10.24,10,49
700,1,10.26,10,49
700,1,10.28,10,49
700,1,10.3,10,49
700,1,10.32,10,49
700,1,10.34,10,49
700,1,10.36,10,49
700,1,10.38,10,49
700,1,10.4,10,49
700,1,10.42,10,49
700,1,10.44,10,49
700,1,10.46,10,49
700,1,10.48,10,49
700,1,10.5,10,49
700,1,10.52,10,49
700,1,10.54,10,49
700,1,10.56,10,49
700,1,10.58,10,49
700,1,10.6,10,49
700,1,10.62,10,49
700,1,10.64,10,49
700,1,10.66,10,49
700,1,10.68,10,49
700,1,10.7,10,49
700,1,10.72,10,49
700,1,10.74,10,49
700,1,10.76,10,49
700,1,10.78,10,49
700,1,10.8,10,49
700,1,10.82,10,49
700,1,10.84,10,49
700,1,10.86,10,49
700,1,10.88,10,49
700,1,10.9,10,49
700,1,10.92,10,49
700,1,10.94,10,49
700,1,10.96,10,49
700,1,10.98,10,49
700,1,11.0,10,49
700,1,11.02,10,49
700,1,11.04,10,49
700,1,11.06,10,49
700,1,11.08,10,49
700,1,11.1,10,49
700,1,11.12,10,49
700,1,11.14,10,49
700,1,11.16,10,49
700,1,11.18,10,49
700,1,11.2,10,49
700,1,11.22,10,49
700,1,11.24,10,49
700,1,11.26,10,49
700,1,11.28,10,49
700,1,11.3,10,49
700,1,11.32,10,49
700,1,11.34,10,49
700,1,11.36,10,49
700,1,11.38,10,49
700,1,11.4,10,49
700,1,11.42,10,49
700,1,11.44,10,49
700,1,11.46,10,49
700,1,11.48,10,49
700,1,11.5,10,49
700,1,11.52,10,49
700,1,11.54,10,49
700,1,11.56,10,49
700,1,11.58,10,49
700,1,11.6,10,49
700,1,11.62,10,49
700,1,11.64,10,49
700,1,11.66,10,49
700,1,11.68,10,49
700,1,11.7,10,49
700,1,11.72,10,49
700,1,11.74,10,49
700,1,11.76,10,49
700,1,11.78,10,49
700,1,11.8,10,49
700,1,11.82,10,49
700,1,11.84,10,49
700,1,11.86,10,49
700,1,11.88,10,49
700,1,11.9,10,49
700,1,11.92,10,49
700,1,11.94,10,49
700,1,11.96,10,49
700,1,11.98,10,49
700,1,12.0,10,49
700,1,12.02,10,49
700,1,12.04,10,49
700,1,12.06,10,49
700,1,12.08,10,49
700,1,12.1,10,49
700,1,12.12,10,49
700,1,12.14,10,49
700,1,12.16,10,49
700,1,12.18,10,49
700,1,12.2,10,49
700,1,12.22,10,49
700,1,12.24,10,49
700,1,12.26,10,49
700,1,12.28,10,49
700,1,12.3,10,49
700,1,12.32,10,49
700,1,12.34,10,49
700,1,12.36,10,49
700,1,12.38,10,49
700,1,12.4,10,49
700,1,12.42,10,49
700,1,12.44,10,49
700,1,12.46,10,49
700,1,12.48,10,49
700,1,12.5,10,49
700,1,12.52,10,49
700,1,12.54,10,49
700,1,12.56,10,49
700,1,12.58,10,49
700,1,12.6,10,49
700,1,12.62,10,49
700,1,12.64,10,49
700,1,12.66,10,49
700,1,12.68,10,49
700,1,12.7,10,49
700,1,12.72,10,49
700,1,12.74,10,49
700,1,12.76,10,49
700,1,12.78,10,49
700,1,12.8,10,49
700,1,12.82,10,49
700,1,12.84,10,49
700,1,12.86,10,49
700,1,12.88,10,49
700,1,12.9,10,49
700,1,12.92,10,49
700,1,12.94,10,49
700,1,12.96,10,49
700,1,12.98,10,49
700,1,13.0,10,49
700,1,13.02,10,49
700,1,13.04,10,49
700,1,13.06,10,49
700,1,13.08,10,49
700,1,13.1,10,49
700,1,13.12,10,49
700,1,13.14,10,49
700,1,13.16,10,49
700,1,13.18,10,49
700,1,13.2,10,49
700,1,13.22,10,49
700,1,13.24,10,49
700,1,13.26,10,49
700,1,13.28,10,49
700,1,13.3,10,49
700,1,13.32,10,49
700,1,13.34,10,49
700,1,13.36,10,49
700,1,13.38,10,49
700,1,13.4,10,49
700,1,13.42,10,49
700,1,13.44,10,49
700,1,13.46,10,49
700,1,13.48,10,49
700,1,13.5,10,49
700,1,13.52,10,49
700,1,13.54,10,49
700,1,13.56,10,49
700,1,13.58,10,49
700,1,13.6,10,49
700,1,13.62,10,49
700,1,13.64,10,49
700,1,13.66,10,49
700,1,13.68,10,49
700,1,13.7,10,49
700,1,13.72,10,49
700,1,13.74,10,49
700,1,13.76,10,49
700,1,13.78,10,49
700,1,13.8,10,49
700,1,13.82,10,49
700,1,13.84,10,49
700,1,13.86,10,49
700,1,13.88,10,49
700,1,13.9,10,49
700,1,13.92,10,49
700,1,13.94,10,49
700,1,13.96,10,49
700,1,13.98,10,49
700,1,14.0,10,49
700,1,14.02,10,49
700,1,14.04,10,49
700,1,14.06,10,49
700,1,14.08,10,49
700,1,14.1,10,49
700,1,14.12,10,49
700,1,14.14,10,49
700,1,14.16,10,49
700,1,14.18,10,49
700,1,14.2,10,49
700,1,14.22,10,49
700,1,14.24,10,49
700,1,14.26,10,49
700,1,14.28,10,49
700,1,14.3,10,49
700,1,14.32,10,49
700,1,14.34,10,49
700,1,14.36,10,49
700,1,14.38,10,49
700,1,14.4,10,49
700,1,14.42,10,49
700,1,14.44,10,49
700,1,14.46,10,49
700,1,14.48,10,49
700,1,14.5,10,49
700,1,14.52,10,49
700,1,14.54,10,49
700,1,14.56,10,49
700,1,14.58,10,49
700,1,14.6,10,49
700,1,14.62,10,49
700,1,14.64,10,49
700,1,14.66,10,49
700,1,14.68,10,49
700,1,14.7,10,49
700,1,14.72,10,49
700,1,14.74,10,49
700,1,14.76,10,49
700,1,14.78,10,49
700,1,14.8,10,49
700,1,14.82,10,49
700,1,14.84,10,49
700,1,14.86,10,48
700,1,14.88,10,49
700,1,14.9,10,49
700,1,14.92,10,49
700,1,14.94,10,50
700,1,14.96,10,49
700,1,14.98,10,49
700,1,15.0,10,49
700,1,15.02,10,49
700,1,15.04,10,49
700,1,15.06,10,49
700,1,15.08,10,49
700,1,15.1,10,49
700,1,15.12,10,49
700,1,15.14,10,49
700,1,15.16,10,49
700,1,15.18,10,49
700,1,15.2,10,49
700,1,15.22,10,49
700,1,15.24,10,49
700,1,15.26,10,49
700,1,15.28,10,49
700,1,15.3,10,50
700,1,15.32,10,50
700,1,15.34,10,50
700,1,15.36,10,50
700,1,15.38,10,50
700,1,15.4,10,50
700,1,15.42,10,50
700,1,15.44,10,50
700,1,15.46,10,50
700,1,15.48,10,50
700,1,15.5,10,50
700,1,15.52,10,50
700,1,15.54,10,50
700,1,15.56,10,50
700,1,15.58,10,50
700,1,15.6,10,50
700,1,15.62,10,50
700,1,15.64,10,50
700,1,15.66,10,50
700,1,15.68,10,50
700,1,15.7,10,50
700,1,15.72,10,50
700,1,15.74,10,50
700,1,15.76,10,50
700,1,15.78,10,50
700,1,15.8,10,50
700,1,15.82,10,50
700,1,15.84,10,50
700,1,15.86,10,50
700,1,15.88,10,50
700,1,15.9,10,50
700,1,15.92,10,50
700,1,15.94,10,50
700,1,15.96,10,50
700,1,15.98,10,50
700,1,16.0,10,50
700,1,16.02,10,50
700,1,16.04,10,50
700,1,16.06,10,50
700,1,16.08,10,50
700,1,16.1,10,50
700,1,16.12,10,50
700,1,16.14,10,50
700,1,16.16,10,50
700,1,16.18,10,50
700,1,16.2,10,50
700,1,16.22,10,50
700,1,16.24,10,50
700,1,16.26,10,50
700,1,16.28,10,50
700,1,16.3,10,50
700,1,16.32,10,50
700,1,16.34,10,50
700,1,16.36,10,50
700,1,16.38,10,50
700,1,16.4,10,50
700,1,16.42,10,50
700,1,16.44,10,50
700,1,16.46,10,50
700,1,16.48,10,50
700,1,16.5,10,50
700,1,16.52,10,50
700,1,16.54,10,50
700,1,16.56,10,50
700,1,16.58,10,50
700,1,16.6,10,50
700,1,16.62,10,50
700,1,16.64,10,50
700,1,16.66,10,50
700,1,16.68,10,50
700,1,16.7,10,50
700,1,16.72,10,50
700,1,16.74,10,50
700,1,16.76,10,50
700,1,16.78,10,50
700,1,16.8,10,50
700,1,16.82,10,50
700,1,16.84,10,50
700,1,16.86,10,50
700,1,16.88,10,50
700,1,16.9,10,50
700,1,16.92,10,50
700,1,16.94,10,50
700,1,16.96,10,50
700,1,16.98,10,50
700,1,17.0,10,50
700,1,17.02,10,50
700,1,17.04,10,50
700,1,17.06,10,50
700,1,17.08,10,50
700,1,17.1,10,50
700,1,17.12,10,50
700,1,17.14,10,50
700,1,17.16,10,50
700,1,17.18,10,50
700,1,17.2,10,50
700,1,17.22,10,50
700,1,17.24,10,50
700,1,17.26,10,50
700,1,17.28,10,50
700,1,17.3,10,50
700,1,17.32,10,50
700,1,17.34,10,50
700,1,17.36,10,50
700,1,17.38,10,50
700,1,17.4,10,50
700,1,17.42,10,50
700,1,17.44,10,50
700,1,17.46,10,50
700,1,17.48,10,50
700,1,17.5,10,50
700,1,17.52,10,50
700,1,17.54,10,50
700,1,17.56,10,50
700,1,17.58,10,50
700,1,17.6,10,50
700,1,17.62,10,50
700,1,17.64,10,50
700,1,17.66,10,50
700,1,17.68,10,50
700,1,17.7,10,50
700,1,17.72,10,50
700,1,17.74,10,50
700,1,17.76,10,50
700,1,17.78,10,50
700,1,17.8,10,50
700,1,17.82,10,50
700,1,17.84,10,50
700,1,17.86,10,50
700,1,17.88,10,50
700,1,17.9,10,50
700,1,17.92,10,50
700,1,17.94,10,50
700,1,17.96,10,50
700,1,17.98,10,50
700,1,18.0,10,50
700,1,18.02,10,50
700,1,18.04,10,50
700,1,18.06,10,50
700,1,18.08,10,50
700,1,18.1,10,50
700,1,18.12,10,50
700,1,18.14,10,50
700,1,18.16,10,50
700,1,18.18,10,50
700,1,18.2,10,50
700,1,18.22,10,50
700,1,18.24,10,50
700,1,18.26,10,50
700,1,18.28,10,50
700,1,18.3,10,50
700,1,18.32,10,50
700,1,18.34,10,50
700,1,18.36,10,50
700,1,18.38,10,50
700,1,18.4,10,50
700,1,18.42,10,50
700,1,18.44,10,50
700,1,18.46,10,50
700,1,18.48,10,50
700,1,18.5,10,50
700,1,18.52,10,50
700,1,18.54,10,50
700,1,18.56,10,50
700,1,18.58,10,50
700,1,18.6,10,50
700,1,18.62,10,50
700,1,18.64,10,50
700,1,18.66,10,50
700,1,18.68,10,50
700,1,18.7,10,50
700,1,18.72,10,50
700,1,18.74,10,50
700,1,18.76,10,50
700,1,18.78,10,50
700,1,18.8,10,50
700,1,18.82,10,50
700,1,18.84,10,50
700,1,18.86,10,50
700,1,18.88,10,50
700,1,18.9,10,50
700,1,18.92,10,50
700,1,18.94,10,50
700,1,18.96,10,50
700,1,18.98,10,50
700,1,19.0,10,50
700,1,19.02,10,50
700,1,19.04,10,50
700,1,19.06,10,50
700,1,19.08,10,50
700,1,19.1,10,50
700,1,19.12,10,50
700,1,19.14,10,50
700,1,19.16,10,50
700,1,19.18,10,50
700,1,19.2,10,50
700,1,19.22,10,50
700,1,19.24,10,50
700,1,19.26,10,50
700,1,19.28,10,50
700,1,19.3,10,50
700,1,19.32,10,50
700,1,19.34,10,50
700,1,19.36,10,50
700,1,19.38,10,50
700,1,19.4,10,50
700,1,19.42,10,50
700,1,19.44,10,50
700,1,19.46,10,50
700,1,19.48,10,50
700,1,19.5,10,50
700,1,19.52,10,50
700,1,19.54,10,50
700,1,19.56,10,50
700,1,19.58,10,50
700,1,19.6,10,50
700,1,19.62,10,50
700,1,19.64,10,50
700,1,19.66,10,50
700,1,19.68,10,50
700,1,19.7,10,50
700,1,19.72,10,50
700,1,19.74,10,50
700,1,19.76,10,50
700,1,19.78,10,50
700,1,19.8,10,50
700,1,19.82,10,50
700,1,19.84,10,50
700,1,19.86,10,50
700,1,19.88,10,50
700,1,19.9,10,50
700,1,19.92,10,50
700,1,19.94,10,50
700,1,19.96,10,50
700,1,19.98,10,50
700,1,20.0,10,50
700,2,10.0,6,48
700,2,10.02,6,48
700,2,10.04,6,48
700,2,10.06,6,48
700,2,10.08,6,48
700,2,10.1,6,48
700,2,10.12,6,48
700,2,10.14,6,48
700,2,10.16,6,48
700,2,10.18,6,47
700,2,10.2,6,48
700,2,10.22,6,48
700,2,10.24,6,48
700,2,10.26,6,48
700,2,10.28,6,48
700,2,10.3,6,48
700,2,10.32,6,48
700,2,10.34,6,48
700,2,10.36,6,48
700,2,10.38,6,48
700,2,10.4,6,48
700,2,10.42,6,48
700,2,10.44,6,48
700,2,10.46,6,49
700,2,10.48,6,49
700,2,10.5,6,48
700,2,10.52,6,49
700,2,10.54,6,48
700,2,10.56,6,49
700,2,10.58,6,49
700,2,10.6,6,49
700,2,10.62,6,49
700,2,10.64,6,49
700,2,10.66,6,49
700,2,10.68,6,49
700,2,10.7,6,49
700,2,10.72,6,49
700,2,10.74,6,49
700,2,10.76,6,49
700,2,10.78,6,49
700,2,10.8,6,48
700,2,10.82,6,49
700,2,10.84,6,49
700,2,10.86,6,49
700,2,10.88,6,49
700,2,10.9,6,49
700,2,10.92,6,49
700,2,10.94,6,49
700,2,10.96,6,49
700,2,10.98,6,49
700,2,11.0,6,49
700,2,11.02,6,49
700,2,11.04,6,49
700,2,11.06,6,49
700,2,11.08,6,48
700,2,11.1,6,49
700,2,11.12,6,49
700,2,11.14,6,49
700,2,11.16,6,49
700,2,11.18,6,49
700,2,11.2,6,49
700,2,11.22,6,49
700,2,11.24,6,49
700,2,11.26,6,49
700,2,11.28,6,49
700,2,11.3,6,49
700,2,11.32,6,49
700,2,11.34,6,49
700,2,11.36,6,50
700,2,11.38,6,49
700,2,11.4,6,49
700,2,11.42,6,50
700,2,11.44,6,49
700,2,11.46,6,49
700,2,11.48,6,50
700,2,11.5,6,49
700,2,11.52,6,49
700,2,11.54,6,50
700,2,11.56,6,50
700,2,11.58,6,50
700,2,11.6,6,49
700,2,11.62,6,49
700,2,11.64,6,49
700,2,11.66,6,49
700,2,11.68,6,49
700,2,11.7,6,49
700,2,11.72,6,49
700,2,11.74,6,49
700,2,11.76,6,49
700,2,11.78,6,49
700,2,11.8,6,49
700,2,11.82,6,49
700,2,11.84,6,49
700,2,11.86,6,49
700,2,11.88,6,49
700,2,11.9,6,49
700,2,11.92,6,49
700,2,11.94,6,49
700,2,11.96,6,49
700,2,11.98,6,49
700,2,12.0,6,49
700,2,12.02,6,49
700,2,12.04,6,49
700,2,12.06,6,49
700,2,12.08,6,49
700,2,12.1,6,49
700,2,12.12,6,49
700,2,12.14,6,49
700,2,12.16,6,49
700,2,12.18,6,49
700,2,12.2,6,49
700,2,12.22,6,49
700,2,12.24,6,49
700,2,12.26,6,49
700,2,12.28,6,49
700,2,12.3,6,49
700,2,12.32,6,49
700,2,12.34,6,49
700,2,12.36,6,49
700,2,12.38,6,48
700,2,12.4,6,49
700,2,12.42,6,49
700,2,12.44,6,49
700,2,12.46,6,49
700,2,12.48,6,49
700,2,12.5,6,49
700,2,12.52,6,49
700,2,12.54,6,49
700,2,12.56,6,49
700,2,12.58,6,49
700,2,12.6,6,48
700,2,12.62,6,49
700,2,12.64,6,49
700,2,12.66,6,49
700,2,12.68,6,49
700,2,12.7,6,49
700,2,12.72,6,49
700,2,12.74,6,49
700,2,12.76,6,49
700,2,12.78,6,49
700,2,12.8,6,49
700,2,12.82,6,49
700,2,12.84,6,49
700,2,12.86,6,49
700,2,12.88,6,49
700,2,12.9,6,49
700,2,12.92,6,49
700,2,12.94,6,49
700,2,12.96,6,49
700,2,12.98,6,49
700,2,13.0,6,49
700,2,13.02,6,49
700,2,13.04,6,49
700,2,13.06,6,49
700,2,13.08,6,49
700,2,13.1,6,49
700,2,13.12,6,49
700,2,13.14,6,49
700,2,13.16,6,49
700,2,13.18,6,49
700,2,13.2,6,49
700,2,13.22,6,49
700,2,13.24,6,49
700,2,13.26,6,49
700,2,13.28,6,49
700,2,13.3,6,49
700,2,13.32,6,49
700,2,13.34,6,49
700,2,13.36,6,49
700,2,13.38,6,49
700,2,13.4,6,49
700,2,13.42,6,49
700,2,13.44,6,49
700,2,13.46,6,49
700,2,13.48,6,49
700,2,13.5,6,49
700,2,13.52,6,49
700,2,13.54,6,49
700,2,13.56,6,49
700,2,13.58,6,49
700,2,13.6,6,49
700,2,13.62,6,49
700,2,13.64,6,49
700,2,13.66,6,49
700,2,13.68,6,49
700,2,13.7,6,48
700,2,13.72,6,49
700,2,13.74,6,49
700,2,13.76,6,49
700,2,13.78,6,49
700,2,13.8,6,49
700,2,13.82,6,49
700,2,13.84,6,49
700,2,13.86,6,49
700,2,13.88,6,49
700,2,13.9,6,49
700,2,13.92,6,49
700,2,13.94,6,49
700,2,13.96,6,49
700,2,13.98,6,49
700,2,14.0,6,49
700,2,14.02,6,49
700,2,14.04,6,49
700,2,14.06,6,49
700,2,14.08,6,49
700,2,14.1,6,49
700,2,14.12,6,49
700,2,14.14,6,49
700,2,14.16,6,49
700,2,14.18,6,49
700,2,14.2,6,50
700,2,14.22,6,50
700,2,14.24,6,50
700,2,14.26,6,50
700,2,14.28,6,50
700,2,14.3,6,50
700,2,14.32,6,50
700,2,14.34,6,50
700,2,14.36,6,49
700,2,14.38,6,50
700,2,14.4,6,50
700,2,14.42,6,50
700,2,14.44,6,49
700,2,14.46,6,49
700,2,14.48,6,50
700,2,14.5,6,49
700,2,14.52,6,50
700,2,14.54,6,50
700,2,14.56,6,50
700,2,14.58,6,50
700,2,14.6,6,49
700,2,14.62,6,49
700,2,14.64,6,50
700,2,14.66,6,49
700,2,14.68,6,49
700,2,14.7,6,50
700,2,14.72,6,50
700,2,14.74,6,50
700,2,14.76,6,50
700,2,14.78,6,50
700,2,14.8,6,50
700,2,14.82,6,49
700,2,14.84,6,50
700,2,14.86,6,50
700,2,14.88,6,50
700,2,14.9,6,50
700,2,14.92,6,50
700,2,14.94,6,50
700,2,14.96,6,50
700,2,14.98,6,50
700,2,15.0,6,50
700,2,15.02,6,50
700,2,15.04,6,50
700,2,15.06,6,50
700,2,15.08,6,50
700,2,15.1,6,50
700,2,15.12,6,50
700,2,15.14,6,50
700,2,15.16,6,50
700,2,15.18,6,49
700,2,15.2,6,49
700,2,15.22,6,49
700,2,15.24,6,50
700,2,15.26,6,50
700,2,15.28,6,50
700,2,15.3,6,50
700,2,15.32,6,50
700,2,15.34,6,50
700,2,15.36,6,50
700,2,15.38,6,50
700,2,15.4,6,49
700,2,15.42,6,48
700,2,15.44,6,49
700,2,15.46,6,49
700,2,15.48,6,49
700,2,15.5,6,50
700,2,15.52,6,50
700,2,15.54,6,49
700,2,15.56,6,50
700,2,15.58,6,50
700,2,15.6,6,50
700,2,15.62,6,50
700,2,15.64,6,50
700,2,15.66,6,49
700,2,15.68,6,48
700,2,15.7,6,49
700,2,15.72,6,47
700,2,15.74,6,49
700,2,15.76,6,50
700,2,15.78,6,50
700,2,15.8,6,50
700,2,15.82,6,50
700,2,15.84,6,48
700,2,15.86,6,50
700,2,15.88,6,49
700,2,15.9,6,49
700,2,15.92,6,50
700,2,15.94,6,50
700,2,15.96,6,50
700,2,15.98,6,50
700,2,16.0,6,50
700,2,16.02,6,49
700,2,16.04,6,50
700,2,16.06,6,50
700,2,16.08,6,50
700,2,16.1,6,50
700,2,16.12,6,50
700,2,16.14,6,50
700,2,16.16,6,50
700,2,16.18,6,50
700,2,16.2,6,50
700,2,16.22,6,50
700,2,16.24,6,50
700,2,16.26,6,50
700,2,16.28,6,50
700,2,16.3,6,50
700,2,16.32,6,50
700,2,16.34,6,50
700,2,16.36,6,50
700,2,16.38,6,50
700,2,16.4,6,50
700,2,16.42,6,50
700,2,16.44,6,50
700,2,16.46,6,50
700,2,16.48,6,50
700,2,16.5,6,50
700,2,16.52,6,50
700,2,16.54,6,50
700,2,16.56,6,50
700,2,16.58,6,50
700,2,16.6,6,50
700,2,16.62,6,49
700,2,16.64,6,50
700,2,16.66,6,50
700,2,16.68,6,50
700,2,16.7,6,50
700,2,16.72,6,50
700,2,16.74,6,50
700,2,16.76,6,50
700,2,16.78,6,50
700,2,16.8,6,50
700,2,16.82,6,50
700,2,16.84,6,50
700,2,16.86,6,50
700,2,16.88,6,50
700,2,16.9,6,50
700,2,16.92,6,50
700,2,16.94,6,50
700,2,16.96,6,50
700,2,16.98,6,50
700,2,17.0,6,50
700,2,17.02,6,50
700,2,17.04,6,50
700,2,17.06,6,50
700,2,17.08,6,50
700,2,17.1,6,50
700,2,17.12,6,50
700,2,17.14,6,50
700,2,17.16,6,50
700,2,17.18,6,50
700,2,17.2,6,50
700,2,17.22,6,50
700,2,17.24,6,50
700,2,17.26,6,50
700,2,17.28,6,50
700,2,17.3,6,50
700,2,17.32,6,50
700,2,17.34,6,50
700,2,17.36,6,50
700,2,17.38,6,50
700,2,17.4,6,50
700,2,17.42,6,50
700,2,17.44,6,50
700,2,17.46,6,50
700,2,17.48,6,50
700,2,17.5,6,50
700,2,17.52,6,50
700,2,17.54,6,50
700,2,17.56,6,50
700,2,17.58,6,50
700,2,17.6,6,50
700,2,17.62,6,50
700,2,17.64,6,50
700,2,17.66,6,50
700,2,17.68,6,50
700,2,17.7,6,50
700,2,17.72,6,50
700,2,17.74,6,50
700,2,17.76,6,50
700,2,17.78,6,50
700,2,17.8,6,50
700,2,17.82,6,50
700,2,17.84,6,50
700,2,17.86,6,50
700,2,17.88,6,50
700,2,17.9,6,50
700,2,17.92,6,50
700,2,17.94,6,50
700,2,17.96,6,50
700,2,17.98,6,50
700,2,18.0,6,50
700,2,18.02,6,50
700,2,18.04,6,50
700,2,18.06,6,50
700,2,18.08,6,50
700,2,18.1,6,50
700,2,18.12,6,50
700,2,18.14,6,50
700,2,18.16,6,50
700,2,18.18,6,50
700,2,18.2,6,50
700,2,18.22,6,50
700,2,18.24,6,50
700,2,18.26,6,50
700,2,18.28,6,50
700,2,18.3,6,50
700,2,18.32,6,50
700,2,18.34,6,50
700,2,18.36,6,50
700,2,18.38,6,50
700,2,18.4,6,50
700,2,18.42,6,50
700,2,18.44,6,50
700,2,18.46,6,50
700,2,18.48,6,50
700,2,18.5,6,50
700,2,18.52,6,50
700,2,18.54,6,50
700,2,18.56,6,50
700,2,18.58,6,50
700,2,18.6,6,50
700,2,18.62,6,50
700,2,18.64,6,50
700,2,18.66,6,50
700,2,18.68,6,50
700,2,18.7,6,50
700,2,18.72,6,50
700,2,18.74,6,50
700,2,18.76,6,50
700,2,18.78,6,50
700,2,18.8,6,50
700,2,18.82,6,50
700,2,18.84,6,50
700,2,18.86,6,50
700,2,18.88,6,50
700,2,18.9,6,50
700,2,18.92,6,50
700,2,18.94,6,50
700,2,18.96,6,50
700,2,18.98,6,50
700,2,19.0,6,50
700,2,19.02,6,50
700,2,19.04,6,50
700,2,19.06,6,50
700,2,19.08,6,50
700,2,19.1,6,50
700,2,19.12,6,50
700,2,19.14,6,50
700,2,19.16,6,50
700,2,19.18,6,50
700,2,19.2,6,50
700,2,19.22,6,50
700,2,19.24,6,50
700,2,19.26,6,50
700,2,19.28,6,50
700,2,19.3,6,50
700,2,19.32,6,50
700,2,19.34,6,50
700,2,19.36,6,50
700,2,19.38,6,50
700,2,19.4,6,50
700,2,19.42,6,50
700,2,19.44,6,50
700,2,19.46,6,50
700,2,19.48,6,50
700,2,19.5,6,50
700,2,19.52,6,50
700,2,19.54,6,50
700,2,19.56,6,50
700,2,19.58,6,50
700,2,19.6,6,50
700,2,19.62,6,50
700,2,19.64,6,50
700,2,19.66,6,50
700,2,19.68,6,50
700,2,19.7,6,50
700,2,19.72,6,50
700,2,19.74,6,50
700,2,19.76,6,50
700,2,19.78,6,50
700,2,19.8,6,50
700,2,19.82,6,50
700,2,19.84,6,50
700,2,19.86,6,50
700,2,19.88,6,50
700,2,19.9,6,50
700,2,19.92,6,50
700,2,19.94,6,49
700,2,19.96,6,50
700,2,19.98,6,50
700,2,20.0,6,50
700,2,10.0,7,48
700,2,10.02,7,48
700,2,10.04,7,48
700,2,10.06,7,48
700,2,10.08,7,48
700,2,10.1,7,48
700,2,10.12,7,48
700,2,10.14,7,48
700,2,10.16,7,48
700,2,10.18,7,48
700,2,10.2,7,48
700,2,10.22,7,48
700,2,10.24,7,48
700,2,10.26,7,48
700,2,10.28,7,48
700,2,10.3,7,48
700,2,10.32,7,48
700,2,10.34,7,48
700,2,10.36,7,48
700,2,10.38,7,48
700,2,10.4,7,48
700,2,10.42,7,48
700,2,10.44,7,48
700,2,10.46,7,49
700,2,10.48,7,49
700,2,10.5,7,49
700,2,10.52,7,49
700,2,10.54,7,48
700,2,10.56,7,49
700,2,10.58,7,49
700,2,10.6,7,49
700,2,10.62,7,49
700,2,10.64,7,49
700,2,10.66,7,49
700,2,10.68,7,49
700,2,10.7,7,49
700,2,10.72,7,49
700,2,10.74,7,49
700,2,10.76,7,49
700,2,10.78,7,49
700,2,10.8,7,49
700,2,10.82,7,49
700,2,10.84,7,49
700,2,10.86,7,49
700,2,10.88,7,49
700,2,10.9,7,49
700,2,10.92,7,49
700,2,10.94,7,49
700,2,10.96,7,49
700,2,10.98,7,49
700,2,11.0,7,49
700,2,11.02,7,49
700,2,11.04,7,49
700,2,11.06,7,49
700,2,11.08,7,49
700,2,11.1,7,49
700,2,11.12,7,49
700,2,11.14,7,49
700,2,11.16,7,49
700,2,11.18,7,49
700,2,11.2,7,49
700,2,11.22,7,49
700,2,11.24,7,49
700,2,11.26,7,49
700,2,11.28,7,49
700,2,11.3,7,49
700,2,11.32,7,49
700,2,11.34,7,49
700,2,11.36,7,50
700,2,11.38,7,49
700,2,11.4,7,49
700,2,11.42,7,50
700,2,11.44,7,50
700,2,11.46,7,50
700,2,11.48,7,50
700,2,11.5,7,50
700,2,11.52,7,50
700,2,11.54,7,50
700,2,11.56,7,50
700,2,11.58,7,50
700,2,11.6,7,49
700,2,11.62,7,49
700,2,11.64,7,49
700,2,11.66,7,49
700,2,11.68,7,49
700,2,11.7,7,49
700,2,11.72,7,49
700,2,11.74,7,49
700,2,11.76,7,49
700,2,11.78,7,49
700,2,11.8,7,49
700,2,11.82,7,49
700,2,11.84,7,49
700,2,11.86,7,49
700,2,11.88,7,49
700,2,11.9,7,49
700,2,11.92,7,49
700,2,11.94,7,49
700,2,11.96,7,49
700,2,11.98,7,49
700,2,12.0,7,49
700,2,12.02,7,49
700,2,12.04,7,49
700,2,12.06,7,49
700,2,12.08,7,49
700,2,12.1,7,49
700,2,12.12,7,49
700,2,12.14,7,49
700,2,12.16,7,49
700,2,12.18,7,49
700,2,12.2,7,49
700,2,12.22,7,49
700,2,12.24,7,49
700,2,12.26,7,49
700,2,12.28,7,49
700,2,12.3,7,49
700,2,12.32,7,49
700,2,12.34,7,49
700,2,12.36,7,49
700,2,12.38,7,49
700,2,12.4,7,49
700,2,12.42,7,49
700,2,12.44,7,49
700,2,12.46,7,49
700,2,12.48,7,49
700,2,12.5,7,49
700,2,12.52,7,49
700,2,12.54,7,49
700,2,12.56,7,49
700,2,12.58,7,49
700,2,12.6,7,49
700,2,12.62,7,49
700,2,12.64,7,49
700,2,12.66,7,49
700,2,12.68,7,49
700,2,12.7,7,49
700,2,12.72,7,49
700,2,12.74,7,49
700,2,12.76,7,49
700,2,12.78,7,49
700,2,12.8,7,49
700,2,12.82,7,49
700,2,12.84,7,49
700,2,12.86,7,49
700,2,12.88,7,49
700,2,12.9,7,49
700,2,12.92,7,49
700,2,12.94,7,49
700,2,12.96,7,49
700,2,12.98,7,49
700,2,13.0,7,49
700,2,13.02,7,49
700,2,13.04,7,49
700,2,13.06,7,49
700,2,13.08,7,49
700,2,13.1,7,49
700,2,13.12,7,49
700,2,13.14,7,49
700,2,13.16,7,49
700,2,13.18,7,49
700,2,13.2,7,49
700,2,13.22,7,49
700,2,13.24,7,49
700,2,13.26,7,49
700,2,13.28,7,49
700,2,13.3,7,49
700,2,13.32,7,49
700,2,13.34,7,49
700,2,13.36,7,49
700,2,13.38,7,49
700,2,13.4,7,49
700,2,13.42,7,49
700,2,13.44,7,49
700,2,13.46,7,49
700,2,13.48,7,49
700,2,13.5,7,49
700,2,13.52,7,49
700,2,13.54,7,49
700,2,13.56,7,49
700,2,13.58,7,49
700,2,13.6,7,49
700,2,13.62,7,49
700,2,13.64,7,49
700,2,13.66,7,49
700,2,13.68,7,49
700,2,13.7,7,49
700,2,13.72,7,49
700,2,13.74,7,49
700,2,13.76,7,49
700,2,13.78,7,49
700,2,13.8,7,49
700,2,13.82,7,49
700,2,13.84,7,49
700,2,13.86,7,49
700,2,13.88,7,49
700,2,13.9,7,49
700,2,13.92,7,49
700,2,13.94,7,49
700,2,13.96,7,49
700,2,13.98,7,49
700,2,14.0,7,49
700,2,14.02,7,49
700,2,14.04,7,49
700,2,14.06,7,49
700,2,14.08,7,49
700,2,14.1,7,49
700,2,14.12,7,49
700,2,14.14,7,49
700,2,14.16,7,49
700,2,14.18,7,49
700,2,14.2,7,50
700,2,14.22,7,50
700,2,14.24,7,50
700,2,14.26,7,50
700,2,14.28,7,50
700,2,14.3,7,50
700,2,14.32,7,50
700,2,14.34,7,50
700,2,14.36,7,49
700,2,14.38,7,50
700,2,14.4,7,50
700,2,14.42,7,50
700,2,14.44,7,50
700,2,14.46,7,49
700,2,14.48,7,50
700,2,14.5,7,50
700,2,14.52,7,50
700,2,14.54,7,50
700,2,14.56,7,50
700,2,14.58,7,50
700,2,14.6,7,50
700,2,14.62,7,50
700,2,14.64,7,50
700,2,14.66,7,50
700,2,14.68,7,50
700,2,14.7,7,50
700,2,14.72,7,50
700,2,14.74,7,50
700,2,14.76,7,50
700,2,14.78,7,50
700,2,14.8,7,50
700,2,14.82,7,50
700,2,14.84,7,50
700,2,14.86,7,50
700,2,14.88,7,50
700,2,14.9,7,50
700,2,14.92,7,50
700,2,14.94,7,50
700,2,14.96,7,50
700,2,14.98,7,50
700,2,15.0,7,50
700,2,15.02,7,50
700,2,15.04,7,50
700,2,15.06,7,50
700,2,15.08,7,50
700,2,15.1,7,50
700,2,15.12,7,50
700,2,15.14,7,50
700,2,15.16,7,50
700,2,15.18,7,50
700,2,15.2,7,50
700,2,15.22,7,50
700,2,15.24,7,50
700,2,15.26,7,50
700,2,15.28,7,50
700,2,15.3,7,50
700,2,15.32,7,50
700,2,15.34,7,50
700,2,15.36,7,50
700,2,15.38,7,50
700,2,15.4,7,49
700,2,15.42,7,49
700,2,15.44,7,49
700,2,15.46,7,49
700,2,15.48,7,50
700,2,15.5,7,50
700,2,15.52,7,50
700,2,15.54,7,49
700,2,15.56,7,50
700,2,15.58,7,50
700,2,15.6,7,50
700,2,15.62,7,50
700,2,15.64,7,50
700,2,15.66,7,49
700,2,15.68,7,49
700,2,15.7,7,49
700,2,15.72,7,49
700,2,15.74,7,50
700,2,15.76,7,50
700,2,15.78,7,50
700,2,15.8,7,50
700,2,15.82,7,50
700,2,15.84,7,49
700,2,15.86,7,50
700,2,15.88,7,49
700,2,15.9,7,49
700,2,15.92,7,50
700,2,15.94,7,50
700,2,15.96,7,50
700,2,15.98,7,50
700,2,16.0,7,50
700,2,16.02,7,50
700,2,16.04,7,50
700,2,16.06,7,50
700,2,16.08,7,50
700,2,16.1,7,50
700,2,16.12,7,50
700,2,16.14,7,50
700,2,16.16,7,50
700,2,16.18,7,50
700,2,16.2,7,50
700,2,16.22,7,50
700,2,16.24,7,50
700,2,16.26,7,50
700,2,16.28,7,50
700,2,16.3,7,50
700,2,16.32,7,50
700,2,16.34,7,50
700,2,16.36,7,50
700,2,16.38,7,50
700,2,16.4,7,50
700,2,16.42,7,50
700,2,16.44,7,50
700,2,16.46,7,50
700,2,16.48,7,50
700,2,16.5,7,50
700,2,16.52,7,50
700,2,16.54,7,50
700,2,16.56,7,50
700,2,16.58,7,50
700,2,16.6,7,50
700,2,16.62,7,50
700,2,16.64,7,50
700,2,16.66,7,50
700,2,16.68,7,50
700,2,16.7,7,50
700,2,16.72,7,50
700,2,16.74,7,50
700,2,16.76,7,50
700,2,16.78,7,50
700,2,16.8,7,50
700,2,16.82,7,50
700,2,16.84,7,50
700,2,16.86,7,50
700,2,16.88,7,50
700,2,16.9,7,50
700,2,16.92,7,50
700,2,16.94,7,50
700,2,16.96,7,50
700,2,16.98,7,50
700,2,17.0,7,50
700,2,17.02,7,50
700,2,17.04,7,50
700,2,17.06,7,50
700,2,17.08,7,50
700,2,17.1,7,50
700,2,17.12,7,50
700,2,17.14,7,50
700,2,17.16,7,50
700,2,17.18,7,50
700,2,17.2,7,50
700,2,17.22,7,50
700,2,17.24,7,50
700,2,17.26,7,50
700,2,17.28,7,50
700,2,17.3,7,50
700,2,17.32,7,50
700,2,17.34,7,50
700,2,17.36,7,50
700,2,17.38,7,50
700,2,17.4,7,50
700,2,17.42,7,50
700,2,17.44,7,50
700,2,17.46,7,50
700,2,17.48,7,50
700,2,17.5,7,50
700,2,17.52,7,50
700,2,17.54,7,50
700,2,17.56,7,50
700,2,17.58,7,50
700,2,17.6,7,50
700,2,17.62,7,50
700,2,17.64,7,50
700,2,17.66,7,50
700,2,17.68,7,50
700,2,17.7,7,50
700,2,17.72,7,50
700,2,17.74,7,50
700,2,17.76,7,50
700,2,17.78,7,50
700,2,17.8,7,50
700,2,17.82,7,50
700,2,17.84,7,50
700,2,17.86,7,50
700,2,17.88,7,50
700,2,17.9,7,50
700,2,17.92,7,50
700,2,17.94,7,50
700,2,17.96,7,50
700,2,17.98,7,50
700,2,18.0,7,50
700,2,18.02,7,50
700,2,18.04,7,50
700,2,18.06,7,50
700,2,18.08,7,50
700,2,18.1,7,50
700,2,18.12,7,50
700,2,18.14,7,50
700,2,18.16,7,50
700,2,18.18,7,50
700,2,18.2,7,50
700,2,18.22,7,50
700,2,18.24,7,50
700,2,18.26,7,50
700,2,18.28,7,50
700,2,18.3,7,50
700,2,18.32,7,50
700,2,18.34,7,50
700,2,18.36,7,50
700,2,18.38,7,50
700,2,18.4,7,50
700,2,18.42,7,50
700,2,18.44,7,50
700,2,18.46,7,50
700,2,18.48,7,50
700,2,18.5,7,50
700,2,18.52,7,50
700,2,18.54,7,50
700,2,18.56,7,50
700,2,18.58,7,50
700,2,18.6,7,50
700,2,18.62,7,50
700,2,18.64,7,50
700,2,18.66,7,50
700,2,18.68,7,50
700,2,18.7,7,50
700,2,18.72,7,50
700,2,18.74,7,50
700,2,18.76,7,50
700,2,18.78,7,50
700,2,18.8,7,50
700,2,18.82,7,50
700,2,18.84,7,50
700,2,18.86,7,50
700,2,18.88,7,50
700,2,18.9,7,50
700,2,18.92,7,50
700,2,18.94,7,50
700,2,18.96,7,50
700,2,18.98,7,50
700,2,19.0,7,50
700,2,19.02,7,50
700,2,19.04,7,50
700,2,19.06,7,50
700,2,19.08,7,50
700,2,19.1,7,50
700,2,19.12,7,50
700,2,19.14,7,50
700,2,19.16,7,50
700,2,19.18,7,50
700,2,19.2,7,50
700,2,19.22,7,50
700,2,19.24,7,50
700,2,19.26,7,50
700,2,19.28,7,50
700,2,19.3,7,50
700,2,19.32,7,50
700,2,19.34,7,50
700,2,19.36,7,50
700,2,19.38,7,50
700,2,19.4,7,50
700,2,19.42,7,50
700,2,19.44,7,50
700,2,19.46,7,50
700,2,19.48,7,50
700,2,19.5,7,50
700,2,19.52,7,50
700,2,19.54,7,50
700,2,19.56,7,50
700,2,19.58,7,50
700,2,19.6,7,50
700,2,19.62,7,50
700,2,19.64,7,50
700,2,19.66,7,50
700,2,19.68,7,50
700,2,19.7,7,50
700,2,19.72,7,50
700,2,19.74,7,50
700,2,19.76,7,50
700,2,19.78,7,50
700,2,19.8,7,50
700,2,19.82,7,50
700,2,19.84,7,50
700,2,19.86,7,50
700,2,19.88,7,50
700,2,19.9,7,50
700,2,19.92,7,50
700,2,19.94,7,49
700,2,19.96,7,50
700,2,19.98,7,50
700,2,20.0,7,50
700,2,10.0,8,48
700,2,10.02,8,48
700,2,10.04,8,48
700,2,10.06,8,48
700,2,10.08,8,48
700,2,10.1,8,48
700,2,10.12,8,48
700,2,10.14,8,48
700,2,10.16,8,48
700,2,10.18,8,48
700,2,10.2,8,48
700,2,10.22,8,48
700,2,10.24,8,48
700,2,10.26,8,48
700,2,10.28,8,48
700,2,10.3,8,48
700,2,10.32,8,48
700,2,10.34,8,48
700,2,10.36,8,48
700,2,10.38,8,49
700,2,10.4,8,48
700,2,10.42,8,48
700,2,10.44,8,49
700,2,10.46,8,49
700,2,10.48,8,49
700,2,10.5,8,49
700,2,10.52,8,49
700,2,10.54,8,49
700,2,10.56,8,49
700,2,10.58,8,49
700,2,10.6,8,49
700,2,10.62,8,49
700,2,10.64,8,49
700,2,10.66,8,49
700,2,10.68,8,49
700,2,10.7,8,49
700,2,10.72,8,49
700,2,10.74,8,49
700,2,10.76,8,49
700,2,10.78,8,49
700,2,10.8,8,49
700,2,10.82,8,49
700,2,10.84,8,49
700,2,10.86,8,49
700,2,10.88,8,49
700,2,10.9,8,49
700,2,10.92,8,49
700,2,10.94,8,49
700,2,10.96,8,49
700,2,10.98,8,49
700,2,11.0,8,49
700,2,11.02,8,49
700,2,11.04,8,49
700,2,11.06,8,49
700,2,11.08,8,49
700,2,11.1,8,49
700,2,11.12,8,49
700,2,11.14,8,49
700,2,11.16,8,49
700,2,11.18,8,49
700,2,11.2,8,49
700,2,11.22,8,49
700,2,11.24,8,49
700,2,11.26,8,49
700,2,11.28,8,49
700,2,11.3,8,49
700,2,11.32,8,49
700,2,11.34,8,49
700,2,11.36,8,50
700,2,11.38,8,49
700,2,11.4,8,50
700,2,11.42,8,50
700,2,11.44,8,50
700,2,11.46,8,50
700,2,11.48,8,50
700,2,11.5,8,50
700,2,11.52,8,50
700,2,11.54,8,50
700,2,11.56,8,50
700,2,11.58,8,50
700,2,11.6,8,49
700,2,11.62,8,49
700,2,11.64,8,49
700,2,11.66,8,49
700,2,11.68,8,49
700,2,11.7,8,49
700,2,11.72,8,49
700,2,11.74,8,49
700,2,11.76,8,49
700,2,11.78,8,49
700,2,11.8,8,49
700,2,11.82,8,49
700,2,11.84,8,49
700,2,11.86,8,49
700,2,11.88,8,49
700,2,11.9,8,49
700,2,11.92,8,49
700,2,11.94,8,49
700,2,11.96,8,49
700,2,11.98,8,49
700,2,12.0,8,49
700,2,12.02,8,49
700,2,12.04,8,49
700,2,12.06,8,49
700,2,12.08,8,49
700,2,12.1,8,49
700,2,12.12,8,49
700,2,12.14,8,49
700,2,12.16,8,49
700,2,12.18,8,49
700,2,12.2,8,49
700,2,12.22,8,49
700,2,12.24,8,49
700,2,12.26,8,49
700,2,12.28,8,49
700,2,12.3,8,49
700,2,12.32,8,49
700,2,12.34,8,49
700,2,12.36,8,49
700,2,12.38,8,49
700,2,12.4,8,49
700,2,12.42,8,49
700,2,12.44,8,49
700,2,12.46,8,49
700,2,12.48,8,49
700,2,12.5,8,49
700,2,12.52,8,49
700,2,12.54,8,49
700,2,12.56,8,49
700,2,12.58,8,49
700,2,12.6,8,49
700,2,12.62,8,49
700,2,12.64,8,49
700,2,12.66,8,49
700,2,12.68,8,49
700,2,12.7,8,49
700,2,12.72,8,49
700,2,12.74,8,49
700,2,12.76,8,49
700,2,12.78,8,49
700,2,12.8,8,49
700,2,12.82,8,49
700,2,12.84,8,49
700,2,12.86,8,49
700,2,12.88,8,49
700,2,12.9,8,49
700,2,12.92,8,49
700,2,12.94,8,49
700,2,12.96,8,49
700,2,12.98,8,49
700,2,13.0,8,49
700,2,13.02,8,49
700,2,13.04,8,49
700,2,13.06,8,49
700,2,13.08,8,49
700,2,13.1,8,49
700,2,13.12,8,49
700,2,13.14,8,49
700,2,13.16,8,49
700,2,13.18,8,49
700,2,13.2,8,49
700,2,13.22,8,49
700,2,13.24,8,49
700,2,13.26,8,49
700,2,13.28,8,49
700,2,13.3,8,49
700,2,13.32,8,49
700,2,13.34,8,49
700,2,13.36,8,49
700,2,13.38,8,49
700,2,13.4,8,49
700,2,13.42,8,49
700,2,13.44,8,49
700,2,13.46,8,49
700,2,13.48,8,49
700,2,13.5,8,49
700,2,13.52,8,49
700,2,13.54,8,49
700,2,13.56,8,49
700,2,13.58,8,49
700,2,13.6,8,49
700,2,13.62,8,49
700,2,13.64,8,49
700,2,13.66,8,49
700,2,13.68,8,49
700,2,13.7,8,49
700,2,13.72,8,49
700,2,13.74,8,49
700,2,13.76,8,49
700,2,13.78,8,49
700,2,13.8,8,49
700,2,13.82,8,49
700,2,13.84,8,49
700,2,13.86,8,49
700,2,13.88,8,49
700,2,13.9,8,49
700,2,13.92,8,49
700,2,13.94,8,49
700,2,13.96,8,49
700,2,13.98,8,49
700,2,14.0,8,49
700,2,14.02,8,49
700,2,14.04,8,49
700,2,14.06,8,49
700,2,14.08,8,49
700,2,14.1,8,49
700,2,14.12,8,49
700,2,14.14,8,49
700,2,14.16,8,49
700,2,14.18,8,49
700,2,14.2,8,50
700,2,14.22,8,50
700,2,14.24,8,50
700,2,14.26,8,50
700,2,14.28,8,50
700,2,14.3,8,50
700,2,14.32,8,50
700,2,14.34,8,50
700,2,14.36,8,50
700,2,14.38,8,50
700,2,14.4,8,50
700,2,14.42,8,50
700,2,14.44,8,50
700,2,14.46,8,50
700,2,14.48,8,50
700,2,14.5,8,50
700,2,14.52,8,50
700,2,14.54,8,50
700,2,14.56,8,50
700,2,14.58,8,50
700,2,14.6,8,50
700,2,14.62,8,50
700,2,14.64,8,50
700,2,14.66,8,50
700,2,14.68,8,50
700,2,14.7,8,50
700,2,14.72,8,50
700,2,14.74,8,50
700,2,14.76,8,50
700,2,14.78,8,50
700,2,14.8,8,50
700,2,14.82,8,50
700,2,14.84,8,50
700,2,14.86,8,50
700,2,14.88,8,50
700,2,14.9,8,50
700,2,14.92,8,50
700,2,14.94,8,50
700,2,14.96,8,50
700,2,14.98,8,50
700,2,15.0,8,50
700,2,15.02,8,50
700,2,15.04,8,50
700,2,15.06,8,50
700,2,15.08,8,50
700,2,15.1,8,50
700,2,15.12,8,50
700,2,15.14,8,50
700,2,15.16,8,50
700,2,15.18,8,50
700,2,15.2,8,50
700,2,15.22,8,50
700,2,15.24,8,50
700,2,15.26,8,50
700,2,15.28,8,50
700,2,15.3,8,50
700,2,15.32,8,50
700,2,15.34,8,50
700,2,15.36,8,50
700,2,15.38,8,50
700,2,15.4,8,49
700,2,15.42,8,49
700,2,15.44,8,50
700,2,15.46,8,49
700,2,15.48,8,50
700,2,15.5,8,50
700,2,15.52,8,50
700,2,15.54,8,50
700,2,15.56,8,50
700,2,15.58,8,50
700,2,15.6,8,50
700,2,15.62,8,50
700,2,15.64,8,50
700,2,15.66,8,50
700,2,15.68,8,50
700,2,15.7,8,49
700,2,15.72,8,50
700,2,15.74,8,50
700,2,15.76,8,50
700,2,15.78,8,50
700,2,15.8,8,50
700,2,15.82,8,50
700,2,15.84,8,50
700,2,15.86,8,50
700,2,15.88,8,50
700,2,15.9,8,50
700,2,15.92,8,50
700,2,15.94,8,50
700,2,15.96,8,50
700,2,15.98,8,50
700,2,16.0,8,50
700,2,16.02,8,50
700,2,16.04,8,50
700,2,16.06,8,50
700,2,16.08,8,50
700,2,16.1,8,50
700,2,16.12,8,50
700,2,16.14,8,50
700,2,16.16,8,50
700,2,16.18,8,50
700,2,16.2,8,50
700,2,16.22,8,50
700,2,16.24,8,50
700,2,16.26,8,50
700,2,16.28,8,50
700,2,16.3,8,50
700,2,16.32,8,50
700,2,16.34,8,50
700,2,16.36,8,50
700,2,16.38,8,50
700,2,16.4,8,50
700,2,16.42,8,50
700,2,16.44,8,50
700,2,16.46,8,50
700,2,16.48,8,50
700,2,16.5,8,50
700,2,16.52,8,50
700,2,16.54,8,50
700,2,16.56,8,50
700,2,16.58,8,50
700,2,16.6,8,50
700,2,16.62,8,50
700,2,16.64,8,50
700,2,16.66,8,50
700,2,16.68,8,50
700,2,16.7,8,50
700,2,16.72,8,50
700,2,16.74,8,50
700,2,16.76,8,50
700,2,16.78,8,50
700,2,16.8,8,50
700,2,16.82,8,50
700,2,16.84,8,50
700,2,16.86,8,50
700,2,16.88,8,50
700,2,16.9,8,50
700,2,16.92,8,50
700,2,16.94,8,50
700,2,16.96,8,50
700,2,16.98,8,50
700,2,17.0,8,50
700,2,17.02,8,50
700,2,17.04,8,50
700,2,17.06,8,50
700,2,17.08,8,50
700,2,17.1,8,50
700,2,17.12,8,50
700,2,17.14,8,50
700,2,17.16,8,50
700,2,17.18,8,50
700,2,17.2,8,50
700,2,17.22,8,50
700,2,17.24,8,50
700,2,17.26,8,50
700,2,17.28,8,50
700,2,17.3,8,50
700,2,17.32,8,50
700,2,17.34,8,50
700,2,17.36,8,50
700,2,17.38,8,50
700,2,17.4,8,50
700,2,17.42,8,50
700,2,17.44,8,50
700,2,17.46,8,50
700,2,17.48,8,50
700,2,17.5,8,50
700,2,17.52,8,50
700,2,17.54,8,50
700,2,17.56,8,50
700,2,17.58,8,50
700,2,17.6,8,50
700,2,17.62,8,50
700,2,17.64,8,50
700,2,17.66,8,50
700,2,17.68,8,50
700,2,17.7,8,50
700,2,17.72,8,50
700,2,17.74,8,50
700,2,17.76,8,50
700,2,17.78,8,50
700,2,17.8,8,50
700,2,17.82,8,50
700,2,17.84,8,50
700,2,17.86,8,50
700,2,17.88,8,50
700,2,17.9,8,50
700,2,17.92,8,50
700,2,17.94,8,50
700,2,17.96,8,50
700,2,17.98,8,50
700,2,18.0,8,50
700,2,18.02,8,50
700,2,18.04,8,50
700,2,18.06,8,50
700,2,18.08,8,50
700,2,18.1,8,50
700,2,18.12,8,50
700,2,18.14,8,50
700,2,18.16,8,50
700,2,18.18,8,50
700,2,18.2,8,50
700,2,18.22,8,50
700,2,18.24,8,50
700,2,18.26,8,50
700,2,18.28,8,50
700,2,18.3,8,50
700,2,18.32,8,50
700,2,18.34,8,50
700,2,18.36,8,50
700,2,18.38,8,50
700,2,18.4,8,50
700,2,18.42,8,50
700,2,18.44,8,50
700,2,18.46,8,50
700,2,18.48,8,50
700,2,18.5,8,50
700,2,18.52,8,50
700,2,18.54,8,50
700,2,18.56,8,50
700,2,18.58,8,50
700,2,18.6,8,50
700,2,18.62,8,50
700,2,18.64,8,50
700,2,18.66,8,50
700,2,18.68,8,50
700,2,18.7,8,50
700,2,18.72,8,50
700,2,18.74,8,50
700,2,18.76,8,50
700,2,18.78,8,50
700,2,18.8,8,50
700,2,18.82,8,50
700,2,18.84,8,50
700,2,18.86,8,50
700,2,18.88,8,50
700,2,18.9,8,50
700,2,18.92,8,50
700,2,18.94,8,50
700,2,18.96,8,50
700,2,18.98,8,50
700,2,19.0,8,50
700,2,19.02,8,50
700,2,19.04,8,50
700,2,19.06,8,50
700,2,19.08,8,50
700,2,19.1,8,50
700,2,19.12,8,50
700,2,19.14,8,50
700,2,19.16,8,50
700,2,19.18,8,50
700,2,19.2,8,50
700,2,19.22,8,50
700,2,19.24,8,50
700,2,19.26,8,50
700,2,19.28,8,50
700,2,19.3,8,50
700,2,19.32,8,50
700,2,19.34,8,50
700,2,19.36,8,50
700,2,19.38,8,50
700,2,19.4,8,50
700,2,19.42,8,50
700,2,19.44,8,50
700,2,19.46,8,50
700,2,19.48,8,50
700,2,19.5,8,50
700,2,19.52,8,50
700,2,19.54,8,50
700,2,19.56,8,50
700,2,19.58,8,50
700,2,19.6,8,50
700,2,19.62,8,50
700,2,19.64,8,50
700,2,19.66,8,50
700,2,19.68,8,50
700,2,19.7,8,50
700,2,19.72,8,50
700,2,19.74,8,50
700,2,19.76,8,50
700,2,19.78,8,50
700,2,19.8,8,50
700,2,19.82,8,50
700,2,19.84,8,50
700,2,19.86,8,50
700,2,19.88,8,50
700,2,19.9,8,50
700,2,19.92,8,50
700,2,19.94,8,50
700,2,19.96,8,50
700,2,19.98,8,50
700,2,20.0,8,50
700,2,10.0,9,48
700,2,10.02,9,48
700,2,10.04,9,48
700,2,10.06,9,48
700,2,10.08,9,48
700,2,10.1,9,48
700,2,10.12,9,48
700,2,10.14,9,48
700,2,10.16,9,48
700,2,10.18,9,48
700,2,10.2,9,48
700,2,10.22,9,48
700,2,10.24,9,48
700,2,10.26,9,48
700,2,10.28,9,48
700,2,10.3,9,48
700,2,10.32,9,48
700,2,10.34,9,48
700,2,10.36,9,48
700,2,10.38,9,49
700,2,10.4,9,48
700,2,10.42,9,48
700,2,10.44,9,49
700,2,10.46,9,49
700,2,10.48,9,49
700,2,10.5,9,49
700,2,10.52,9,49
700,2,10.54,9,49
700,2,10.56,9,49
700,2,10.58,9,49
700,2,10.6,9,49
700,2,10.62,9,49
700,2,10.64,9,49
700,2,10.66,9,49
700,2,10.68,9,49
700,2,10.7,9,49
700,2,10.72,9,49
700,2,10.74,9,49
700,2,10.76,9,49
700,2,10.78,9,49
700,2,10.8,9,49
700,2,10.82,9,49
700,2,10.84,9,49
700,2,10.86,9,49
700,2,10.88,9,49
700,2,10.9,9,49
700,2,10.92,9,49
700,2,10.94,9,49
700,2,10.96,9,49
700,2,10.98,9,49
700,2,11.0,9,49
700,2,11.02,9,49
700,2,11.04,9,49
700,2,11.06,9,49
700,2,11.08,9,49
700,2,11.1,9,49
700,2,11.12,9,49
700,2,11.14,9,49
700,2,11.16,9,49
700,2,11.18,9,49
700,2,11.2,9,49
700,2,11.22,9,49
700,2,11.24,9,49
700,2,11.26,9,49
700,2,11.28,9,49
700,2,11.3,9,49
700,2,11.32,9,49
700,2,11.34,9,49
700,2,11.36,9,50
700,2,11.38,9,49
700,2,11.4,9,50
700,2,11.42,9,50
700,2,11.44,9,50
700,2,11.46,9,50
700,2,11.48,9,50
700,2,11.5,9,50
700,2,11.52,9,50
700,2,11.54,9,50
700,2,11.56,9,50
700,2,11.58,9,50
700,2,11.6,9,49
700,2,11.62,9,49
700,2,11.64,9,49
700,2,11.66,9,49
700,2,11.68,9,49
700,2,11.7,9,49
700,2,11.72,9,49
700,2,11.74,9,49
700,2,11.76,9,49
700,2,11.78,9,49
700,2,11.8,9,49
700,2,11.82,9,49
700,2,11.84,9,49
700,2,11.86,9,49
700,2,11.88,9,49
700,2,11.9,9,49
700,2,11.92,9,49
700,2,11.94,9,49
700,2,11.96,9,49
700,2,11.98,9,49
700,2,12.0,9,49
700,2,12.02,9,49
700,2,12.04,9,49
700,2,12.06,9,49
700,2,12.08,9,49
700,2,12.1,9,49
700,2,12.12,9,49
700,2,12.14,9,49
700,2,12.16,9,49
700,2,12.18,9,49
700,2,12.2,9,49
700,2,12.22,9,49
700,2,12.24,9,49
700,2,12.26,9,49
700,2,12.28,9,49
700,2,12.3,9,49
700,2,12.32,9,49
700,2,12.34,9,49
700,2,12.36,9,49
700,2,12.38,9,49
700,2,12.4,9,49
700,2,12.42,9,49
700,2,12.44,9,49
700,2,12.46,9,49
700,2,12.48,9,49
700,2,12.5,9,49
700,2,12.52,9,49
700,2,12.54,9,49
700,2,12.56,9,49
700,2,12.58,9,49
700,2,12.6,9,49
700,2,12.62,9,49
700,2,12.64,9,49
700,2,12.66,9,49
700,2,12.68,9,49
700,2,12.7,9,49
700,2,12.72,9,49
700,2,12.74,9,49
700,2,12.76,9,49
700,2,12.78,9,49
700,2,12.8,9,49
700,2,12.82,9,49
700,2,12.84,9,49
700,2,12.86,9,49
700,2,12.88,9,49
700,2,12.9,9,49
700,2,12.92,9,49
700,2,12.94,9,49
700,2,12.96,9,49
700,2,12.98,9,49
700,2,13.0,9,49
700,2,13.02,9,49
700,2,13.04,9,49
700,2,13.06,9,49
700,2,13.08,9,49
700,2,13.1,9,49
700,2,13.12,9,49
700,2,13.14,9,49
700,2,13.16,9,49
700,2,13.18,9,49
700,2,13.2,9,49
700,2,13.22,9,49
700,2,13.24,9,49
700,2,13.26,9,49
700,2,13.28,9,49
700,2,13.3,9,49
700,2,13.32,9,49
700,2,13.34,9,49
700,2,13.36,9,49
700,2,13.38,9,49
700,2,13.4,9,49
700,2,13.42,9,49
700,2,13.44,9,49
700,2,13.46,9,49
700,2,13.48,9,49
700,2,13.5,9,49
700,2,13.52,9,49
700,2,13.54,9,49
700,2,13.56,9,49
700,2,13.58,9,49
700,2,13.6,9,49
700,2,13.62,9,49
700,2,13.64,9,49
700,2,13.66,9,49
700,2,13.68,9,49
700,2,13.7,9,49
700,2,13.72,9,49
700,2,13.74,9,49
700,2,13.76,9,49
700,2,13.78,9,49
700,2,13.8,9,49
700,2,13.82,9,49
700,2,13.84,9,49
700,2,13.86,9,49
700,2,13.88,9,49
700,2,13.9,9,49
700,2,13.92,9,49
700,2,13.94,9,49
700,2,13.96,9,49
700,2,13.98,9,49
700,2,14.0,9,49
700,2,14.02,9,49
700,2,14.04,9,49
700,2,14.06,9,49
700,2,14.08,9,49
700,2,14.1,9,49
700,2,14.12,9,49
700,2,14.14,9,49
700,2,14.16,9,49
700,2,14.18,9,49
700,2,14.2,9,50
700,2,14.22,9,50
700,2,14.24,9,50
700,2,14.26,9,50
700,2,14.28,9,50
700,2,14.3,9,50
700,2,14.32,9,50
700,2,14.34,9,50
700,2,14.36,9,50
700,2,14.38,9,50
700,2,14.4,9,50
700,2,14.42,9,50
700,2,14.44,9,50
700,2,14.46,9,50
700,2,14.48,9,50
700,2,14.5,9,50
700,2,14.52,9,50
700,2,14.54,9,50
700,2,14.56,9,50
700,2,14.58,9,50
700,2,14.6,9,50
700,2,14.62,9,50
700,2,14.64,9,50
700,2,14.66,9,50
700,2,14.68,9,50
700,2,14.7,9,50
700,2,14.72,9,50
700,2,14.74,9,50
700,2,14.76,9,50
700,2,14.78,9,50
700,2,14.8,9,50
700,2,14.82,9,50
700,2,14.84,9,50
700,2,14.86,9,50
700,2,14.88,9,50
700,2,14.9,9,50
700,2,14.92,9,50
700,2,14.94,9,50
700,2,14.96,9,50
700,2,14.98,9,50
700,2,15.0,9,50
700,2,15.02,9,50
700,2,15.04,9,50
700,2,15.06,9,50
700,2,15.08,9,50
700,2,15.1,9,50
700,2,15.12,9,50
700,2,15.14,9,50
700,2,15.16,9,50
700,2,15.18,9,50
700,2,15.2,9,50
700,2,15.22,9,50
700,2,15.24,9,50
700,2,15.26,9,50
700,2,15.28,9,50
700,2,15.3,9,50
700,2,15.32,9,50
700,2,15.34,9,50
700,2,15.36,9,50
700,2,15.38,9,50
700,2,15.4,9,49
700,2,15.42,9,49
700,2,15.44,9,50
700,2,15.46,9,49
700,2,15.48,9,50
700,2,15.5,9,50
700,2,15.52,9,50
700,2,15.54,9,50
700,2,15.56,9,50
700,2,15.58,9,50
700,2,15.6,9,50
700,2,15.62,9,50
700,2,15.64,9,50
700,2,15.66,9,50
700,2,15.68,9,50
700,2,15.7,9,49
700,2,15.72,9,50
700,2,15.74,9,50
700,2,15.76,9,50
700,2,15.78,9,50
700,2,15.8,9,50
700,2,15.82,9,50
700,2,15.84,9,50
700,2,15.86,9,50
700,2,15.88,9,50
700,2,15.9,9,50
700,2,15.92,9,50
700,2,15.94,9,50
700,2,15.96,9,50
700,2,15.98,9,50
700,2,16.0,9,50
700,2,16.02,9,50
700,2,16.04,9,50
700,2,16.06,9,50
700,2,16.08,9,50
700,2,16.1,9,50
700,2,16.12,9,50
700,2,16.14,9,50
700,2,16.16,9,50
700,2,16.18,9,50
700,2,16.2,9,50
700,2,16.22,9,50
700,2,16.24,9,50
700,2,16.26,9,50
700,2,16.28,9,50
700,2,16.3,9,50
700,2,16.32,9,50
700,2,16.34,9,50
700,2,16.36,9,50
700,2,16.38,9,50
700,2,16.4,9,50
700,2,16.42,9,50
700,2,16.44,9,50
700,2,16.46,9,50
700,2,16.48,9,50
700,2,16.5,9,50
700,2,16.52,9,50
700,2,16.54,9,50
700,2,16.56,9,50
700,2,16.58,9,50
700,2,16.6,9,50
700,2,16.62,9,50
700,2,16.64,9,50
700,2,16.66,9,50
700,2,16.68,9,50
700,2,16.7,9,50
700,2,16.72,9,50
700,2,16.74,9,50
700,2,16.76,9,50
700,2,16.78,9,50
700,2,16.8,9,50
700,2,16.82,9,50
700,2,16.84,9,50
700,2,16.86,9,50
700,2,16.88,9,50
700,2,16.9,9,50
700,2,16.92,9,50
700,2,16.94,9,50
700,2,16.96,9,50
700,2,16.98,9,50
700,2,17.0,9,50
700,2,17.02,9,50
700,2,17.04,9,50
700,2,17.06,9,50
700,2,17.08,9,50
700,2,17.1,9,50
700,2,17.12,9,50
700,2,17.14,9,50
700,2,17.16,9,50
700,2,17.18,9,50
700,2,17.2,9,50
700,2,17.22,9,50
700,2,17.24,9,50
700,2,17.26,9,50
700,2,17.28,9,50
700,2,17.3,9,50
700,2,17.32,9,50
700,2,17.34,9,50
700,2,17.36,9,50
700,2,17.38,9,50
700,2,17.4,9,50
700,2,17.42,9,50
700,2,17.44,9,50
700,2,17.46,9,50
700,2,17.48,9,50
700,2,17.5,9,50
700,2,17.52,9,50
700,2,17.54,9,50
700,2,17.56,9,50
700,2,17.58,9,50
700,2,17.6,9,50
700,2,17.62,9,50
700,2,17.64,9,50
700,2,17.66,9,50
700,2,17.68,9,50
700,2,17.7,9,50
700,2,17.72,9,50
700,2,17.74,9,50
700,2,17.76,9,50
700,2,17.78,9,50
700,2,17.8,9,50
700,2,17.82,9,50
700,2,17.84,9,50
700,2,17.86,9,50
700,2,17.88,9,50
700,2,17.9,9,50
700,2,17.92,9,50
700,2,17.94,9,50
700,2,17.96,9,50
700,2,17.98,9,50
700,2,18.0,9,50
700,2,18.02,9,50
700,2,18.04,9,50
700,2,18.06,9,50
700,2,18.08,9,50
700,2,18.1,9,50
700,2,18.12,9,50
700,2,18.14,9,50
700,2,18.16,9,50
700,2,18.18,9,50
700,2,18.2,9,50
700,2,18.22,9,50
700,2,18.24,9,50
700,2,18.26,9,50
700,2,18.28,9,50
700,2,18.3,9,50
700,2,18.32,9,50
700,2,18.34,9,50
700,2,18.36,9,50
700,2,18.38,9,50
700,2,18.4,9,50
700,2,18.42,9,50
700,2,18.44,9,50
700,2,18.46,9,50
700,2,18.48,9,50
700,2,18.5,9,50
700,2,18.52,9,50
700,2,18.54,9,50
700,2,18.56,9,50
700,2,18.58,9,50
700,2,18.6,9,50
700,2,18.62,9,50
700,2,18.64,9,50
700,2,18.66,9,50
700,2,18.68,9,50
700,2,18.7,9,50
700,2,18.72,9,50
700,2,18.74,9,50
700,2,18.76,9,50
700,2,18.78,9,50
700,2,18.8,9,50
700,2,18.82,9,50
700,2,18.84,9,50
700,2,18.86,9,50
700,2,18.88,9,50
700,2,18.9,9,50
700,2,18.92,9,50
700,2,18.94,9,50
700,2,18.96,9,50
700,2,18.98,9,50
700,2,19.0,9,50
700,2,19.02,9,50
700,2,19.04,9,50
700,2,19.06,9,50
700,2,19.08,9,50
700,2,19.1,9,50
700,2,19.12,9,50
700,2,19.14,9,50
700,2,19.16,9,50
700,2,19.18,9,50
700,2,19.2,9,50
700,2,19.22,9,50
700,2,19.24,9,50
700,2,19.26,9,50
700,2,19.28,9,50
700,2,19.3,9,50
700,2,19.32,9,50
700,2,19.34,9,50
700,2,19.36,9,50
700,2,19.38,9,50
700,2,19.4,9,50
700,2,19.42,9,50
700,2,19.44,9,50
700,2,19.46,9,50
700,2,19.48,9,50
700,2,19.5,9,50
700,2,19.52,9,50
700,2,19.54,9,50
700,2,19.56,9,50
700,2,19.58,9,50
700,2,19.6,9,50
700,2,19.62,9,50
700,2,19.64,9,50
700,2,19.66,9,50
700,2,19.68,9,50
700,2,19.7,9,50
700,2,19.72,9,50
700,2,19.74,9,50
700,2,19.76,9,50
700,2,19.78,9,50
700,2,19.8,9,50
700,2,19.82,9,50
700,2,19.84,9,50
700,2,19.86,9,50
700,2,19.88,9,50
700,2,19.9,9,50
700,2,19.92,9,50
700,2,19.94,9,50
700,2,19.96,9,50
700,2,19.98,9,50
700,2,20.0,9,50
700,2,10.0,10,48
700,2,10.02,10,48
700,2,10.04,10,48
700,2,10.06,10,48
700,2,10.08,10,48
700,2,10.1,10,48
700,2,10.12,10,48
700,2,10.14,10,48
700,2,10.16,10,48
700,2,10.18,10,48
700,2,10.2,10,48
700,2,10.22,10,48
700,2,10.24,10,48
700,2,10.26,10,48
700,2,10.28,10,48
700,2,10.3,10,48
700,2,10.32,10,48
700,2,10.34,10,48
700,2,10.36,10,48
700,2,10.38,10,49
700,2,10.4,10,48
700,2,10.42,10,48
700,2,10.44,10,49
700,2,10.46,10,49
700,2,10.48,10,49
700,2,10.5,10,49
700,2,10.52,10,49
700,2,10.54,10,49
700,2,10.56,10,49
700,2,10.58,10,49
700,2,10.6,10,49
700,2,10.62,10,49
700,2,10.64,10,49
700,2,10.66,10,49
700,2,10.68,10,49
700,2,10.7,10,49
700,2,10.72,10,49
700,2,10.74,10,49
700,2,10.76,10,49
700,2,10.78,10,49
700,2,10.8,10,49
700,2,10.82,10,49
700,2,10.84,10,49
700,2,10.86,10,49
700,2,10.88,10,49
700,2,10.9,10,49
700,2,10.92,10,49
700,2,10.94,10,49
700,2,10.96,10,49
700,2,10.98,10,49
700,2,11.0,10,49
700,2,11.02,10,49
700,2,11.04,10,49
700,2,11.06,10,50
700,2,11.08,10,49
700,2,11.1,10,49
700,2,11.12,10,49
700,2,11.14,10,49
700,2,11.16,10,49
700,2,11.18,10,49
700,2,11.2,10,49
700,2,11.22,10,49
700,2,11.24,10,49
700,2,11.26,10,49
700,2,11.28,10,49
700,2,11.3,10,49
700,2,11.32,10,49
700,2,11.34,10,49
700,2,11.36,10,50
700,2,11.38,10,49
700,2,11.4,10,50
700,2,11.42,10,50
700,2,11.44,10,50
700,2,11.46,10,50
700,2,11.48,10,50
700,2,11.5,10,50
700,2,11.52,10,50
700,2,11.54,10,50
700,2,11.56,10,50
700,2,11.58,10,50
700,2,11.6,10,49
700,2,11.62,10,49
700,2,11.64,10,49
700,2,11.66,10,49
700,2,11.68,10,49
700,2,11.7,10,49
700,2,11.72,10,49
700,2,11.74,10,49
700,2,11.76,10,49
700,2,11.78,10,49
700,2,11.8,10,49
700,2,11.82,10,49
700,2,11.84,10,49
700,2,11.86,10,49
700,2,11.88,10,49
700,2,11.9,10,49
700,2,11.92,10,49
700,2,11.94,10,49
700,2,11.96,10,49
700,2,11.98,10,49
700,2,12.0,10,49
700,2,12.02,10,49
700,2,12.04,10,49
700,2,12.06,10,49
700,2,12.08,10,49
700,2,12.1,10,49
700,2,12.12,10,49
700,2,12.14,10,49
700,2,12.16,10,49
700,2,12.18,10,49
700,2,12.2,10,49
700,2,12.22,10,49
700,2,12.24,10,49
700,2,12.26,10,49
700,2,12.28,10,49
700,2,12.3,10,49
700,2,12.32,10,49
700,2,12.34,10,49
700,2,12.36,10,49
700,2,12.38,10,49
700,2,12.4,10,49
700,2,12.42,10,49
700,2,12.44,10,49
700,2,12.46,10,49
700,2,12.48,10,49
700,2,12.5,10,49
700,2,12.52,10,49
700,2,12.54,10,49
700,2,12.56,10,49
700,2,12.58,10,49
700,2,12.6,10,49
700,2,12.62,10,49
700,2,12.64,10,49
700,2,12.66,10,49
700,2,12.68,10,49
700,2,12.7,10,49
700,2,12.72,10,49
700,2,12.74,10,49
700,2,12.76,10,49
700,2,12.78,10,49
700,2,12.8,10,49
700,2,12.82,10,49
700,2,12.84,10,49
700,2,12.86,10,49
700,2,12.88,10,49
700,2,12.9,10,49
700,2,12.92,10,49
700,2,12.94,10,49
700,2,12.96,10,49
700,2,12.98,10,49
700,2,13.0,10,49
700,2,13.02,10,49
700,2,13.04,10,49
700,2,13.06,10,49
700,2,13.08,10,49
700,2,13.1,10,49
700,2,13.12,10,49
700,2,13.14,10,49
700,2,13.16,10,49
700,2,13.18,10,49
700,2,13.2,10,49
700,2,13.22,10,49
700,2,13.24,10,49
700,2,13.26,10,49
700,2,13.28,10,49
700,2,13.3,10,49
700,2,13.32,10,49
700,2,13.34,10,49
700,2,13.36,10,49
700,2,13.38,10,49
700,2,13.4,10,49
700,2,13.42,10,49
700,2,13.44,10,49
700,2,13.46,10,49
700,2,13.48,10,49
700,2,13.5,10,49
700,2,13.52,10,49
700,2,13.54,10,49
700,2,13.56,10,49
700,2,13.58,10,49
700,2,13.6,10,49
700,2,13.62,10,49
700,2,13.64,10,49
700,2,13.66,10,49
700,2,13.68,10,49
700,2,13.7,10,49
700,2,13.72,10,49
700,2,13.74,10,49
700,2,13.76,10,49
700,2,13.78,10,49
700,2,13.8,10,49
700,2,13.82,10,49
700,2,13.84,10,49
700,2,13.86,10,49
700,2,13.88,10,49
700,2,13.9,10,49
700,2,13.92,10,49
700,2,13.94,10,49
700,2,13.96,10,49
700,2,13.98,10,49
700,2,14.0,10,49
700,2,14.02,10,49
700,2,14.04,10,49
700,2,14.06,10,49
700,2,14.08,10,49
700,2,14.1,10,49
700,2,14.12,10,49
700,2,14.14,10,49
700,2,14.16,10,49
700,2,14.18,10,49
700,2,14.2,10,50
700,2,14.22,10,50
700,2,14.24,10,50
700,2,14.26,10,50
700,2,14.28,10,50
700,2,14.3,10,50
700,2,14.32,10,50
700,2,14.34,10,50
700,2,14.36,10,50
700,2,14.38,10,50
700,2,14.4,10,50
700,2,14.42,10,50
700,2,14.44,10,50
700,2,14.46,10,50
700,2,14.48,10,50
700,2,14.5,10,50
700,2,14.52,10,50
700,2,14.54,10,50
700,2,14.56,10,50
700,2,14.58,10,50
700,2,14.6,10,50
700,2,14.62,10,50
700,2,14.64,10,50
700,2,14.66,10,50
700,2,14.68,10,50
700,2,14.7,10,50
700,2,14.72,10,50
700,2,14.74,10,50
700,2,14.76,10,50
700,2,14.78,10,50
700,2,14.8,10,50
700,2,14.82,10,50
700,2,14.84,10,50
700,2,14.86,10,50
700,2,14.88,10,50
700,2,14.9,10,50
700,2,14.92,10,50
700,2,14.94,10,50
700,2,14.96,10,50
700,2,14.98,10,50
700,2,15.0,10,50
700,2,15.02,10,50
700,2,15.04,10,50
700,2,15.06,10,50
700,2,15.08,10,50
700,2,15.1,10,50
700,2,15.12,10,50
700,2,15.14,10,50
700,2,15.16,10,50
700,2,15.18,10,50
700,2,15.2,10,50
700,2,15.22,10,50
700,2,15.24,10,50
700,2,15.26,10,50
700,2,15.28,10,50
700,2,15.3,10,50
700,2,15.32,10,50
700,2,15.34,10,50
700,2,15.36,10,50
700,2,15.38,10,50
700,2,15.4,10,49
700,2,15.42,10,49
700,2,15.44,10,50
700,2,15.46,10,49
700,2,15.48,10,50
700,2,15.5,10,50
700,2,15.52,10,50
700,2,15.54,10,50
700,2,15.56,10,50
700,2,15.58,10,50
700,2,15.6,10,50
700,2,15.62,10,50
700,2,15.64,10,50
700,2,15.66,10,50
700,2,15.68,10,50
700,2,15.7,10,49
700,2,15.72,10,50
700,2,15.74,10,50
700,2,15.76,10,50
700,2,15.78,10,50
700,2,15.8,10,50
700,2,15.82,10,50
700,2,15.84,10,50
700,2,15.86,10,50
700,2,15.88,10,50
700,2,15.9,10,50
700,2,15.92,10,50
700,2,15.94,10,50
700,2,15.96,10,50
700,2,15.98,10,50
700,2,16.0,10,50
700,2,16.02,10,50
700,2,16.04,10,50
700,2,16.06,10,50
700,2,16.08,10,50
700,2,16.1,10,50
700,2,16.12,10,50
700,2,16.14,10,50
700,2,16.16,10,50
700,2,16.18,10,50
700,2,16.2,10,50
700,2,16.22,10,50
700,2,16.24,10,50
700,2,16.26,10,50
700,2,16.28,10,50
700,2,16.3,10,50
700,2,16.32,10,50
700,2,16.34,10,50
700,2,16.36,10,50
700,2,16.38,10,50
700,2,16.4,10,50
700,2,16.42,10,50
700,2,16.44,10,50
700,2,16.46,10,50
700,2,16.48,10,50
700,2,16.5,10,50
700,2,16.52,10,50
700,2,16.54,10,50
700,2,16.56,10,50
700,2,16.58,10,50
700,2,16.6,10,50
700,2,16.62,10,50
700,2,16.64,10,50
700,2,16.66,10,50
700,2,16.68,10,50
700,2,16.7,10,50
700,2,16.72,10,50
700,2,16.74,10,50
700,2,16.76,10,50
700,2,16.78,10,50
700,2,16.8,10,50
700,2,16.82,10,50
700,2,16.84,10,50
700,2,16.86,10,50
700,2,16.88,10,50
700,2,16.9,10,50
700,2,16.92,10,50
700,2,16.94,10,50
700,2,16.96,10,50
700,2,16.98,10,50
700,2,17.0,10,50
700,2,17.02,10,50
700,2,17.04,10,50
700,2,17.06,10,50
700,2,17.08,10,50
700,2,17.1,10,50
700,2,17.12,10,50
700,2,17.14,10,50
700,2,17.16,10,50
700,2,17.18,10,50
700,2,17.2,10,50
700,2,17.22,10,50
700,2,17.24,10,50
700,2,17.26,10,50
700,2,17.28,10,50
700,2,17.3,10,50
700,2,17.32,10,50
700,2,17.34,10,50
700,2,17.36,10,50
700,2,17.38,10,50
700,2,17.4,10,50
700,2,17.42,10,50
700,2,17.44,10,50
700,2,17.46,10,50
700,2,17.48,10,50
700,2,17.5,10,50
700,2,17.52,10,50
700,2,17.54,10,50
700,2,17.56,10,50
700,2,17.58,10,50
700,2,17.6,10,50
700,2,17.62,10,50
700,2,17.64,10,50
700,2,17.66,10,50
700,2,17.68,10,50
700,2,17.7,10,50
700,2,17.72,10,50
700,2,17.74,10,50
700,2,17.76,10,50
700,2,17.78,10,50
700,2,17.8,10,50
700,2,17.82,10,50
700,2,17.84,10,50
700,2,17.86,10,50
700,2,17.88,10,50
700,2,17.9,10,50
700,2,17.92,10,50
700,2,17.94,10,50
700,2,17.96,10,50
700,2,17.98,10,50
700,2,18.0,10,50
700,2,18.02,10,50
700,2,18.04,10,50
700,2,18.06,10,50
700,2,18.08,10,50
700,2,18.1,10,50
700,2,18.12,10,50
700,2,18.14,10,50
700,2,18.16,10,50
700,2,18.18,10,50
700,2,18.2,10,50
700,2,18.22,10,50
700,2,18.24,10,50
700,2,18.26,10,50
700,2,18.28,10,50
700,2,18.3,10,50
700,2,18.32,10,50
700,2,18.34,10,50
700,2,18.36,10,50
700,2,18.38,10,50
700,2,18.4,10,50
700,2,18.42,10,50
700,2,18.44,10,50
700,2,18.46,10,50
700,2,18.48,10,50
700,2,18.5,10,50
700,2,18.52,10,50
700,2,18.54,10,50
700,2,18.56,10,50
700,2,18.58,10,50
700,2,18.6,10,50
700,2,18.62,10,50
700,2,18.64,10,50
700,2,18.66,10,50
700,2,18.68,10,50
700,2,18.7,10,50
700,2,18.72,10,50
700,2,18.74,10,50
700,2,18.76,10,50
700,2,18.78,10,50
700,2,18.8,10,50
700,2,18.82,10,50
700,2,18.84,10,50
700,2,18.86,10,50
700,2,18.88,10,50
700,2,18.9,10,50
700,2,18.92,10,50
700,2,18.94,10,50
700,2,18.96,10,50
700,2,18.98,10,50
700,2,19.0,10,50
700,2,19.02,10,50
700,2,19.04,10,50
700,2,19.06,10,50
700,2,19.08,10,50
700,2,19.1,10,50
700,2,19.12,10,50
700,2,19.14,10,50
700,2,19.16,10,50
700,2,19.18,10,50
700,2,19.2,10,50
700,2,19.22,10,50
700,2,19.24,10,50
700,2,19.26,10,50
700,2,19.28,10,50
700,2,19.3,10,50
700,2,19.32,10,50
700,2,19.34,10,50
700,2,19.36,10,50
700,2,19.38,10,50
700,2,19.4,10,50
700,2,19.42,10,50
700,2,19.44,10,50
700,2,19.46,10,50
700,2,19.48,10,50
700,2,19.5,10,50
700,2,19.52,10,50
700,2,19.54,10,50
700,2,19.56,10,50
700,2,19.58,10,50
700,2,19.6,10,50
700,2,19.62,10,50
700,2,19.64,10,50
700,2,19.66,10,50
700,2,19.68,10,50
700,2,19.7,10,50
700,2,19.72,10,50
700,2,19.74,10,50
700,2,19.76,10,50
700,2,19.78,10,50
700,2,19.8,10,50
700,2,19.82,10,50
700,2,19.84,10,50
700,2,19.86,10,50
700,2,19.88,10,50
700,2,19.9,10,50
700,2,19.92,10,50
700,2,19.94,10,50
700,2,19.96,10,50
700,2,19.98,10,50
700,2,20.0,10,50
700,3,10.0,6,47
700,3,10.02,6,47
700,3,10.04,6,46
700,3,10.06,6,47
700,3,10.08,6,47
700,3,10.1,6,47
700,3,10.12,6,47
700,3,10.14,6,47
700,3,10.16,6,46
700,3,10.18,6,48
700,3,10.2,6,48
700,3,10.22,6,47
700,3,10.24,6,47
700,3,10.26,6,48
700,3,10.28,6,48
700,3,10.3,6,48
700,3,10.32,6,48
700,3,10.34,6,48
700,3,10.36,6,48
700,3,10.38,6,48
700,3,10.4,6,48
700,3,10.42,6,48
700,3,10.44,6,48
700,3,10.46,6,48
700,3,10.48,6,48
700,3,10.5,6,48
700,3,10.52,6,48
700,3,10.54,6,48
700,3,10.56,6,47
700,3,10.58,6,47
700,3,10.6,6,48
700,3,10.62,6,48
700,3,10.64,6,48
700,3,10.66,6,48
700,3,10.68,6,47
700,3,10.7,6,48
700,3,10.72,6,48
700,3,10.74,6,48
700,3,10.76,6,48
700,3,10.78,6,48
700,3,10.8,6,48
700,3,10.82,6,48
700,3,10.84,6,48
700,3,10.86,6,48
700,3,10.88,6,47
700,3,10.9,6,48
700,3,10.92,6,47
700,3,10.94,6,48
700,3,10.96,6,47
700,3,10.98,6,48
700,3,11.0,6,48
700,3,11.02,6,48
700,3,11.04,6,48
700,3,11.06,6,48
700,3,11.08,6,48
700,3,11.1,6,48
700,3,11.12,6,48
700,3,11.14,6,48
700,3,11.16,6,48
700,3,11.18,6,48
700,3,11.2,6,48
700,3,11.22,6,47
700,3,11.24,6,48
700,3,11.26,6,48
700,3,11.28,6,48
700,3,11.3,6,47
700,3,11.32,6,48
700,3,11.34,6,48
700,3,11.36,6,47
700,3,11.38,6,47
700,3,11.4,6,47
700,3,11.42,6,47
700,3,11.44,6,47
700,3,11.46,6,47
700,3,11.48,6,47
700,3,11.5,6,48
700,3,11.52,6,48
700,3,11.54,6,48
700,3,11.56,6,47
700,3,11.58,6,47
700,3,11.6,6,47
700,3,11.62,6,48
700,3,11.64,6,47
700,3,11.66,6,48
700,3,11.68,6,48
700,3,11.7,6,47
700,3,11.72,6,48
700,3,11.74,6,48
700,3,11.76,6,48
700,3,11.78,6,48
700,3,11.8,6,48
700,3,11.82,6,48
700,3,11.84,6,47
700,3,11.86,6,48
700,3,11.88,6,47
700,3,11.9,6,48
700,3,11.92,6,47
700,3,11.94,6,48
700,3,11.96,6,47
700,3,11.98,6,48
700,3,12.0,6,48
700,3,12.02,6,48
700,3,12.04,6,48
700,3,12.06,6,48
700,3,12.08,6,48
700,3,12.1,6,48
700,3,12.12,6,48
700,3,12.14,6,48
700,3,12.16,6,48
700,3,12.18,6,48
700,3,12.2,6,48
700,3,12.22,6,49
700,3,12.24,6,49
700,3,12.26,6,49
700,3,12.28,6,48
700,3,12.3,6,47
700,3,12.32,6,48
700,3,12.34,6,47
700,3,12.36,6,48
700,3,12.38,6,48
700,3,12.4,6,48
700,3,12.42,6,48
700,3,12.44,6,48
700,3,12.46,6,48
700,3,12.48,6,47
700,3,12.5,6,48
700,3,12.52,6,47
700,3,12.54,6,48
700,3,12.56,6,48
700,3,12.58,6,48
700,3,12.6,6,48
700,3,12.62,6,48
700,3,12.64,6,48
700,3,12.66,6,48
700,3,12.68,6,48
700,3,12.7,6,48
700,3,12.72,6,48
700,3,12.74,6,48
700,3,12.76,6,48
700,3,12.78,6,48
700,3,12.8,6,48
700,3,12.82,6,48
700,3,12.84,6,48
700,3,12.86,6,48
700,3,12.88,6,47
700,3,12.9,6,48
700,3,12.92,6,48
700,3,12.94,6,48
700,3,12.96,6,48
700,3,12.98,6,48
700,3,13.0,6,48
700,3,13.02,6,48
700,3,13.04,6,48
700,3,13.06,6,48
700,3,13.08,6,48
700,3,13.1,6,48
700,3,13.12,6,48
700,3,13.14,6,48
700,3,13.16,6,48
700,3,13.18,6,48
700,3,13.2,6,48
700,3,13.22,6,48
700,3,13.24,6,48
700,3,13.26,6,48
700,3,13.28,6,48
700,3,13.3,6,48
700,3,13.32,6,48
700,3,13.34,6,48
700,3,13.36,6,48
700,3,13.38,6,48
700,3,13.4,6,48
700,3,13.42,6,48
700,3,13.44,6,48
700,3,13.46,6,48
700,3,13.48,6,47
700,3,13.5,6,48
700,3,13.52,6,48
700,3,13.54,6,48
700,3,13.56,6,48
700,3,13.58,6,48
700,3,13.6,6,48
700,3,13.62,6,48
700,3,13.64,6,48
700,3,13.66,6,48
700,3,13.68,6,48
700,3,13.7,6,48
700,3,13.72,6,48
700,3,13.74,6,48
700,3,13.76,6,48
700,3,13.78,6,48
700,3,13.8,6,47
700,3,13.82,6,48
700,3,13.84,6,48
700,3,13.86,6,48
700,3,13.88,6,48
700,3,13.9,6,48
700,3,13.92,6,48
700,3,13.94,6,48
700,3,13.96,6,48
700,3,13.98,6,48
700,3,14.0,6,47
700,3,14.02,6,48
700,3,14.04,6,48
700,3,14.06,6,48
700,3,14.08,6,48
700,3,14.1,6,48
700,3,14.12,6,47
700,3,14.14,6,48
700,3,14.16,6,48
700,3,14.18,6,48
700,3,14.2,6,48
700,3,14.22,6,48
700,3,14.24,6,48
700,3,14.26,6,48
700,3,14.28,6,48
700,3,14.3,6,48
700,3,14.32,6,48
700,3,14.34,6,48
700,3,14.36,6,48
700,3,14.38,6,48
700,3,14.4,6,48
700,3,14.42,6,48
700,3,14.44,6,48
700,3,14.46,6,48
700,3,14.48,6,48
700,3,14.5,6,48
700,3,14.52,6,48
700,3,14.54,6,48
700,3,14.56,6,48
700,3,14.58,6,48
700,3,14.6,6,48
700,3,14.62,6,48
700,3,14.64,6,48
700,3,14.66,6,48
700,3,14.68,6,48
700,3,14.7,6,47
700,3,14.72,6,47
700,3,14.74,6,48
700,3,14.76,6,48
700,3,14.78,6,48
700,3,14.8,6,48
700,3,14.82,6,48
700,3,14.84,6,48
700,3,14.86,6,48
700,3,14.88,6,48
700,3,14.9,6,48
700,3,14.92,6,48
700,3,14.94,6,47
700,3,14.96,6,48
700,3,14.98,6,49
700,3,15.0,6,49
700,3,15.02,6,49
700,3,15.04,6,49
700,3,15.06,6,48
700,3,15.08,6,48
700,3,15.1,6,48
700,3,15.12,6,48
700,3,15.14,6,48
700,3,15.16,6,48
700,3,15.18,6,48
700,3,15.2,6,48
700,3,15.22,6,49
700,3,15.24,6,49
700,3,15.26,6,48
700,3,15.28,6,49
700,3,15.3,6,49
700,3,15.32,6,46
700,3,15.34,6,49
700,3,15.36,6,48
700,3,15.38,6,49
700,3,15.4,6,49
700,3,15.42,6,48
700,3,15.44,6,48
700,3,15.46,6,48
700,3,15.48,6,49
700,3,15.5,6,49
700,3,15.52,6,49
700,3,15.54,6,49
700,3,15.56,6,48
700,3,15.58,6,49
700,3,15.6,6,48
700,3,15.62,6,49
700,3,15.64,6,49
700,3,15.66,6,49
700,3,15.68,6,49
700,3,15.7,6,49
700,3,15.72,6,49
700,3,15.74,6,49
700,3,15.76,6,50
700,3,15.78,6,49
700,3,15.8,6,49
700,3,15.82,6,49
700,3,15.84,6,49
700,3,15.86,6,49
700,3,15.88,6,49
700,3,15.9,6,49
700,3,15.92,6,49
700,3,15.94,6,49
700,3,15.96,6,49
700,3,15.98,6,49
700,3,16.0,6,49
700,3,16.02,6,49
700,3,16.04,6,49
700,3,16.06,6,49
700,3,16.08,6,49
700,3,16.1,6,49
700,3,16.12,6,49
700,3,16.14,6,49
700,3,16.16,6,48
700,3,16.18,6,49
700,3,16.2,6,49
700,3,16.22,6,49
700,3,16.24,6,49
700,3,16.26,6,49
700,3,16.28,6,49
700,3,16.3,6,49
700,3,16.32,6,49
700,3,16.34,6,49
700,3,16.36,6,49
700,3,16.38,6,49
700,3,16.4,6,49
700,3,16.42,6,49
700,3,16.44,6,49
700,3,16.46,6,49
700,3,16.48,6,49
700,3,16.5,6,49
700,3,16.52,6,49
700,3,16.54,6,49
700,3,16.56,6,49
700,3,16.58,6,49
700,3,16.6,6,49
700,3,16.62,6,49
700,3,16.64,6,49
700,3,16.66,6,49
700,3,16.68,6,49
700,3,16.7,6,49
700,3,16.72,6,49
700,3,16.74,6,49
700,3,16.76,6,49
700,3,16.78,6,49
700,3,16.8,6,49
700,3,16.82,6,48
700,3,16.84,6,49
700,3,16.86,6,49
700,3,16.88,6,49
700,3,16.9,6,49
700,3,16.92,6,49
700,3,16.94,6,49
700,3,16.96,6,49
700,3,16.98,6,49
700,3,17.0,6,49
700,3,17.02,6,49
700,3,17.04,6,49
700,3,17.06,6,48
700,3,17.08,6,49
700,3,17.1,6,49
700,3,17.12,6,49
700,3,17.14,6,49
700,3,17.16,6,49
700,3,17.18,6,48
700,3,17.2,6,48
700,3,17.22,6,48
700,3,17.24,6,49
700,3,17.26,6,49
700,3,17.28,6,47
700,3,17.3,6,49
700,3,17.32,6,49
700,3,17.34,6,49
700,3,17.36,6,49
700,3,17.38,6,49
700,3,17.4,6,49
700,3,17.42,6,49
700,3,17.44,6,50
700,3,17.46,6,49
700,3,17.48,6,49
700,3,17.5,6,49
700,3,17.52,6,49
700,3,17.54,6,49
700,3,17.56,6,49
700,3,17.58,6,49
700,3,17.6,6,48
700,3,17.62,6,49
700,3,17.64,6,49
700,3,17.66,6,49
700,3,17.68,6,48
700,3,17.7,6,49
700,3,17.72,6,49
700,3,17.74,6,49
700,3,17.76,6,48
700,3,17.78,6,49
700,3,17.8,6,49
700,3,17.82,6,49
700,3,17.84,6,49
700,3,17.86,6,49
700,3,17.88,6,49
700,3,17.9,6,49
700,3,17.92,6,48
700,3,17.94,6,49
700,3,17.96,6,48
700,3,17.98,6,50
700,3,18.0,6,50
700,3,18.02,6,50
700,3,18.04,6,48
700,3,18.06,6,50
700,3,18.08,6,50
700,3,18.1,6,50
700,3,18.12,6,50
700,3,18.14,6,50
700,3,18.16,6,50
700,3,18.18,6,50
700,3,18.2,6,50
700,3,18.22,6,50
700,3,18.24,6,49
700,3,18.26,6,50
700,3,18.28,6,50
700,3,18.3,6,50
700,3,18.32,6,50
700,3,18.34,6,49
700,3,18.36,6,50
700,3,18.38,6,50
700,3,18.4,6,50
700,3,18.42,6,50
700,3,18.44,6,49
700,3,18.46,6,50
700,3,18.48,6,50
700,3,18.5,6,50
700,3,18.52,6,50
700,3,18.54,6,50
700,3,18.56,6,47
700,3,18.58,6,50
700,3,18.6,6,50
700,3,18.62,6,50
700,3,18.64,6,49
700,3,18.66,6,50
700,3,18.68,6,50
700,3,18.7,6,50
700,3,18.72,6,49
700,3,18.74,6,50
700,3,18.76,6,49
700,3,18.78,6,49
700,3,18.8,6,50
700,3,18.82,6,50
700,3,18.84,6,50
700,3,18.86,6,50
700,3,18.88,6,50
700,3,18.9,6,50
700,3,18.92,6,50
700,3,18.94,6,49
700,3,18.96,6,50
700,3,18.98,6,50
700,3,19.0,6,50
700,3,19.02,6,50
700,3,19.04,6,50
700,3,19.06,6,50
700,3,19.08,6,50
700,3,19.1,6,50
700,3,19.12,6,50
700,3,19.14,6,50
700,3,19.16,6,50
700,3,19.18,6,50
700,3,19.2,6,50
700,3,19.22,6,50
700,3,19.24,6,50
700,3,19.26,6,50
700,3,19.28,6,50
700,3,19.3,6,50
700,3,19.32,6,50
700,3,19.34,6,50
700,3,19.36,6,50
700,3,19.38,6,50
700,3,19.4,6,50
700,3,19.42,6,50
700,3,19.44,6,50
700,3,19.46,6,49
700,3,19.48,6,50
700,3,19.5,6,48
700,3,19.52,6,50
700,3,19.54,6,50
700,3,19.56,6,50
700,3,19.58,6,49
700,3,19.6,6,50
700,3,19.62,6,50
700,3,19.64,6,50
700,3,19.66,6,50
700,3,19.68,6,50
700,3,19.7,6,49
700,3,19.72,6,50
700,3,19.74,6,49
700,3,19.76,6,49
700,3,19.78,6,49
700,3,19.8,6,49
700,3,19.82,6,49
700,3,19.84,6,49
700,3,19.86,6,49
700,3,19.88,6,49
700,3,19.9,6,49
700,3,19.92,6,49
700,3,19.94,6,49
700,3,19.96,6,49
700,3,19.98,6,49
700,3,20.0,6,49
700,3,10.0,7,47
700,3,10.02,7,47
700,3,10.04,7,47
700,3,10.06,7,47
700,3,10.08,7,47
700,3,10.1,7,47
700,3,10.12,7,47
700,3,10.14,7,47
700,3,10.16,7,46
700,3,10.18,7,48
700,3,10.2,7,48
700,3,10.22,7,48
700,3,10.24,7,48
700,3,10.26,7,48
700,3,10.28,7,48
700,3,10.3,7,48
700,3,10.32,7,48
700,3,10.34,7,48
700,3,10.36,7,48
700,3,10.38,7,48
700,3,10.4,7,48
700,3,10.42,7,48
700,3,10.44,7,48
700,3,10.46,7,48
700,3,10.48,7,48
700,3,10.5,7,48
700,3,10.52,7,48
700,3,10.54,7,48
700,3,10.56,7,48
700,3,10.58,7,48
700,3,10.6,7,48
700,3,10.62,7,48
700,3,10.64,7,48
700,3,10.66,7,48
700,3,10.68,7,48
700,3,10.7,7,48
700,3,10.72,7,48
700,3,10.74,7,48
700,3,10.76,7,48
700,3,10.78,7,48
700,3,10.8,7,48
700,3,10.82,7,48
700,3,10.84,7,48
700,3,10.86,7,48
700,3,10.88,7,48
700,3,10.9,7,48
700,3,10.92,7,48
700,3,10.94,7,48
700,3,10.96,7,48
700,3,10.98,7,48
700,3,11.0,7,48
700,3,11.02,7,48
700,3,11.04,7,48
700,3,11.06,7,48
700,3,11.08,7,48
700,3,11.1,7,48
700,3,11.12,7,48
700,3,11.14,7,48
700,3,11.16,7,48
700,3,11.18,7,48
700,3,11.2,7,48
700,3,11.22,7,48
700,3,11.24,7,48
700,3,11.26,7,48
700,3,11.28,7,48
700,3,11.3,7,48
700,3,11.32,7,48
700,3,11.34,7,48
700,3,11.36,7,47
700,3,11.38,7,47
700,3,11.4,7,47
700,3,11.42,7,47
700,3,11.44,7,47
700,3,11.46,7,47
700,3,11.48,7,47
700,3,11.5,7,48
700,3,11.52,7,48
700,3,11.54,7,48
700,3,11.56,7,47
700,3,11.58,7,47
700,3,11.6,7,47
700,3,11.62,7,48
700,3,11.64,7,48
700,3,11.66,7,48
700,3,11.68,7,48
700,3,11.7,7,48
700,3,11.72,7,48
700,3,11.74,7,48
700,3,11.76,7,48
700,3,11.78,7,48
700,3,11.8,7,48
700,3,11.82,7,48
700,3,11.84,7,48
700,3,11.86,7,48
700,3,11.88,7,48
700,3,11.9,7,48
700,3,11.92,7,48
700,3,11.94,7,48
700,3,11.96,7,48
700,3,11.98,7,48
700,3,12.0,7,48
700,3,12.02,7,48
700,3,12.04,7,48
700,3,12.06,7,48
700,3,12.08,7,48
700,3,12.1,7,48
700,3,12.12,7,48
700,3,12.14,7,48
700,3,12.16,7,48
700,3,12.18,7,49
700,3,12.2,7,48
700,3,12.22,7,49
700,3,12.24,7,49
700,3,12.26,7,49
700,3,12.28,7,48
700,3,12.3,7,48
700,3,12.32,7,48
700,3,12.34,7,48
700,3,12.36,7,48
700,3,12.38,7,48
700,3,12.4,7,48
700,3,12.42,7,48
700,3,12.44,7,48
700,3,12.46,7,48
700,3,12.48,7,48
700,3,12.5,7,48
700,3,12.52,7,48
700,3,12.54,7,48
700,3,12.56,7,48
700,3,12.58,7,48
700,3,12.6,7,48
700,3,12.62,7,48
700,3,12.64,7,48
700,3,12.66,7,48
700,3,12.68,7,48
700,3,12.7,7,48
700,3,12.72,7,48
700,3,12.74,7,48
700,3,12.76,7,48
700,3,12.78,7,48
700,3,12.8,7,48
700,3,12.82,7,48
700,3,12.84,7,48
700,3,12.86,7,48
700,3,12.88,7,48
700,3,12.9,7,48
700,3,12.92,7,48
700,3,12.94,7,48
700,3,12.96,7,48
700,3,12.98,7,48
700,3,13.0,7,48
700,3,13.02,7,48
700,3,13.04,7,48
700,3,13.06,7,48
700,3,13.08,7,48
700,3,13.1,7,48
700,3,13.12,7,48
700,3,13.14,7,48
700,3,13.16,7,48
700,3,13.18,7,48
700,3,13.2,7,48
700,3,13.22,7,48
700,3,13.24,7,48
700,3,13.26,7,48
700,3,13.28,7,48
700,3,13.3,7,48
700,3,13.32,7,48
700,3,13.34,7,48
700,3,13.36,7,48
700,3,13.38,7,48
700,3,13.4,7,48
700,3,13.42,7,48
700,3,13.44,7,48
700,3,13.46,7,48
700,3,13.48,7,48
700,3,13.5,7,48
700,3,13.52,7,48
700,3,13.54,7,48
700,3,13.56,7,48
700,3,13.58,7,48
700,3,13.6,7,48
700,3,13.62,7,48
700,3,13.64,7,48
700,3,13.66,7,48
700,3,13.68,7,48
700,3,13.7,7,48
700,3,13.72,7,48
700,3,13.74,7,48
700,3,13.76,7,48
700,3,13.78,7,48
700,3,13.8,7,48
700,3,13.82,7,48
700,3,13.84,7,48
700,3,13.86,7,48
700,3,13.88,7,48
700,3,13.9,7,48
700,3,13.92,7,48
700,3,13.94,7,48
700,3,13.96,7,48
700,3,13.98,7,48
700,3,14.0,7,48
700,3,14.02,7,48
700,3,14.04,7,48
700,3,14.06,7,48
700,3,14.08,7,48
700,3,14.1,7,48
700,3,14.12,7,48
700,3,14.14,7,48
700,3,14.16,7,48
700,3,14.18,7,48
700,3,14.2,7,48
700,3,14.22,7,48
700,3,14.24,7,48
700,3,14.26,7,48
700,3,14.28,7,48
700,3,14.3,7,48
700,3,14.32,7,48
700,3,14.34,7,48
700,3,14.36,7,48
700,3,14.38,7,48
700,3,14.4,7,48
700,3,14.42,7,48
700,3,14.44,7,48
700,3,14.46,7,48
700,3,14.48,7,48
700,3,14.5,7,48
700,3,14.52,7,48
700,3,14.54,7,48
700,3,14.56,7,48
700,3,14.58,7,48
700,3,14.6,7,48
700,3,14.62,7,48
700,3,14.64,7,48
700,3,14.66,7,48
700,3,14.68,7,48
700,3,14.7,7,48
700,3,14.72,7,48
700,3,14.74,7,48
700,3,14.76,7,48
700,3,14.78,7,48
700,3,14.8,7,48
700,3,14.82,7,48
700,3,14.84,7,48
700,3,14.86,7,48
700,3,14.88,7,48
700,3,14.9,7,48
700,3,14.92,7,48
700,3,14.94,7,48
700,3,14.96,7,48
700,3,14.98,7,49
700,3,15.0,7,49
700,3,15.02,7,49
700,3,15.04,7,49
700,3,15.06,7,48
700,3,15.08,7,49
700,3,15.1,7,48
700,3,15.12,7,48
700,3,15.14,7,48
700,3,15.16,7,48
700,3,15.18,7,48
700,3,15.2,7,48
700,3,15.22,7,49
700,3,15.24,7,49
700,3,15.26,7,49
700,3,15.28,7,49
700,3,15.3,7,49
700,3,15.32,7,49
700,3,15.34,7,49
700,3,15.36,7,49
700,3,15.38,7,49
700,3,15.4,7,49
700,3,15.42,7,49
700,3,15.44,7,48
700,3,15.46,7,49
700,3,15.48,7,49
700,3,15.5,7,49
700,3,15.52,7,49
700,3,15.54,7,49
700,3,15.56,7,49
700,3,15.58,7,49
700,3,15.6,7,48
700,3,15.62,7,49
700,3,15.64,7,49
700,3,15.66,7,49
700,3,15.68,7,49
700,3,15.7,7,49
700,3,15.72,7,49
700,3,15.74,7,49
700,3,15.76,7,50
700,3,15.78,7,49
700,3,15.8,7,49
700,3,15.82,7,49
700,3,15.84,7,49
700,3,15.86,7,49
700,3,15.88,7,49
700,3,15.9,7,49
700,3,15.92,7,49
700,3,15.94,7,49
700,3,15.96,7,49
700,3,15.98,7,49
700,3,16.0,7,49
700,3,16.02,7,49
700,3,16.04,7,49
700,3,16.06,7,49
700,3,16.08,7,49
700,3,16.1,7,49
700,3,16.12,7,49
700,3,16.14,7,49
700,3,16.16,7,49
700,3,16.18,7,49
700,3,16.2,7,49
700,3,16.22,7,49
700,3,16.24,7,49
700,3,16.26,7,49
700,3,16.28,7,49
700,3,16.3,7,49
700,3,16.32,7,49
700,3,16.34,7,49
700,3,16.36,7,49
700,3,16.38,7,49
700,3,16.4,7,49
700,3,16.42,7,49
700,3,16.44,7,49
700,3,16.46,7,49
700,3,16.48,7,49
700,3,16.5,7,49
700,3,16.52,7,49
700,3,16.54,7,49
700,3,16.56,7,49
700,3,16.58,7,49
700,3,16.6,7,49
700,3,16.62,7,49
700,3,16.64,7,49
700,3,16.66,7,49
700,3,16.68,7,49
700,3,16.7,7,49
700,3,16.72,7,49
700,3,16.74,7,49
700,3,16.76,7,49
700,3,16.78,7,49
700,3,16.8,7,49
700,3,16.82,7,49
700,3,16.84,7,49
700,3,16.86,7,49
700,3,16.88,7,49
700,3,16.9,7,49
700,3,16.92,7,49
700,3,16.94,7,49
700,3,16.96,7,49
700,3,16.98,7,49
700,3,17.0,7,49
700,3,17.02,7,49
700,3,17.04,7,49
700,3,17.06,7,49
700,3,17.08,7,49
700,3,17.1,7,49
700,3,17.12,7,49
700,3,17.14,7,49
700,3,17.16,7,49
700,3,17.18,7,49
700,3,17.2,7,49
700,3,17.22,7,49
700,3,17.24,7,49
700,3,17.26,7,49
700,3,17.28,7,49
700,3,17.3,7,49
700,3,17.32,7,49
700,3,17.34,7,50
700,3,17.36,7,49
700,3,17.38,7,49
700,3,17.4,7,49
700,3,17.42,7,49
700,3,17.44,7,50
700,3,17.46,7,49
700,3,17.48,7,49
700,3,17.5,7,49
700,3,17.52,7,49
700,3,17.54,7,49
700,3,17.56,7,49
700,3,17.58,7,49
700,3,17.6,7,49
700,3,17.62,7,49
700,3,17.64,7,49
700,3,17.66,7,49
700,3,17.68,7,49
700,3,17.7,7,49
700,3,17.72,7,49
700,3,17.74,7,49
700,3,17.76,7,49
700,3,17.78,7,49
700,3,17.8,7,49
700,3,17.82,7,49
700,3,17.84,7,49
700,3,17.86,7,49
700,3,17.88,7,49
700,3,17.9,7,49
700,3,17.92,7,49
700,3,17.94,7,49
700,3,17.96,7,48
700,3,17.98,7,50
700,3,18.0,7,50
700,3,18.02,7,50
700,3,18.04,7,48
700,3,18.06,7,50
700,3,18.08,7,50
700,3,18.1,7,50
700,3,18.12,7,50
700,3,18.14,7,50
700,3,18.16,7,50
700,3,18.18,7,50
700,3,18.2,7,50
700,3,18.22,7,50
700,3,18.24,7,49
700,3,18.26,7,50
700,3,18.28,7,50
700,3,18.3,7,50
700,3,18.32,7,50
700,3,18.34,7,50
700,3,18.36,7,50
700,3,18.38,7,50
700,3,18.4,7,50
700,3,18.42,7,50
700,3,18.44,7,50
700,3,18.46,7,50
700,3,18.48,7,50
700,3,18.5,7,50
700,3,18.52,7,50
700,3,18.54,7,50
700,3,18.56,7,50
700,3,18.58,7,50
700,3,18.6,7,50
700,3,18.62,7,50
700,3,18.64,7,49
700,3,18.66,7,50
700,3,18.68,7,50
700,3,18.7,7,50
700,3,18.72,7,49
700,3,18.74,7,50
700,3,18.76,7,50
700,3,18.78,7,49
700,3,18.8,7,50
700,3,18.82,7,50
700,3,18.84,7,50
700,3,18.86,7,50
700,3,18.88,7,50
700,3,18.9,7,50
700,3,18.92,7,50
700,3,18.94,7,50
700,3,18.96,7,50
700,3,18.98,7,50
700,3,19.0,7,50
700,3,19.02,7,50
700,3,19.04,7,50
700,3,19.06,7,50
700,3,19.08,7,50
700,3,19.1,7,50
700,3,19.12,7,50
700,3,19.14,7,50
700,3,19.16,7,50
700,3,19.18,7,50
700,3,19.2,7,50
700,3,19.22,7,50
700,3,19.24,7,50
700,3,19.26,7,50
700,3,19.28,7,50
700,3,19.3,7,50
700,3,19.32,7,50
700,3,19.34,7,50
700,3,19.36,7,50
700,3,19.38,7,50
700,3,19.4,7,50
700,3,19.42,7,50
700,3,19.44,7,50
700,3,19.46,7,49
700,3,19.48,7,50
700,3,19.5,7,50
700,3,19.52,7,50
700,3,19.54,7,50
700,3,19.56,7,50
700,3,19.58,7,50
700,3,19.6,7,50
700,3,19.62,7,50
700,3,19.64,7,50
700,3,19.66,7,50
700,3,19.68,7,50
700,3,19.7,7,49
700,3,19.72,7,50
700,3,19.74,7,49
700,3,19.76,7,49
700,3,19.78,7,49
700,3,19.8,7,49
700,3,19.82,7,49
700,3,19.84,7,49
700,3,19.86,7,49
700,3,19.88,7,49
700,3,19.9,7,49
700,3,19.92,7,49
700,3,19.94,7,49
700,3,19.96,7,49
700,3,19.98,7,49
700,3,20.0,7,49
700,3,10.0,8,47
700,3,10.02,8,47
700,3,10.04,8,47
700,3,10.06,8,47
700,3,10.08,8,47
700,3,10.1,8,47
700,3,10.12,8,47
700,3,10.14,8,47
700,3,10.16,8,47
700,3,10.18,8,48
700,3,10.2,8,48
700,3,10.22,8,48
700,3,10.24,8,48
700,3,10.26,8,48
700,3,10.28,8,48
700,3,10.3,8,48
700,3,10.32,8,48
700,3,10.34,8,48
700,3,10.36,8,48
700,3,10.38,8,48
700,3,10.4,8,48
700,3,10.42,8,48
700,3,10.44,8,48
700,3,10.46,8,48
700,3,10.48,8,48
700,3,10.5,8,48
700,3,10.52,8,48
700,3,10.54,8,48
700,3,10.56,8,48
700,3,10.58,8,48
700,3,10.6,8,48
700,3,10.62,8,48
700,3,10.64,8,48
700,3,10.66,8,48
700,3,10.68,8,48
700,3,10.7,8,48
700,3,10.72,8,48
700,3,10.74,8,48
700,3,10.76,8,48
700,3,10.78,8,48
700,3,10.8,8,48
700,3,10.82,8,48
700,3,10.84,8,48
700,3,10.86,8,48
700,3,10.88,8,48
700,3,10.9,8,48
700,3,10.92,8,48
700,3,10.94,8,48
700,3,10.96,8,48
700,3,10.98,8,48
700,3,11.0,8,48
700,3,11.02,8,48
700,3,11.04,8,48
700,3,11.06,8,48
700,3,11.08,8,48
700,3,11.1,8,48
700,3,11.12,8,48
700,3,11.14,8,48
700,3,11.16,8,48
700,3,11.18,8,48
700,3,11.2,8,48
700,3,11.22,8,48
700,3,11.24,8,48
700,3,11.26,8,48
700,3,11.28,8,48
700,3,11.3,8,48
700,3,11.32,8,48
700,3,11.34,8,48
700,3,11.36,8,47
700,3,11.38,8,48
700,3,11.4,8,48
700,3,11.42,8,48
700,3,11.44,8,47
700,3,11.46,8,47
700,3,11.48,8,47
700,3,11.5,8,48
700,3,11.52,8,48
700,3,11.54,8,48
700,3,11.56,8,47
700,3,11.58,8,47
700,3,11.6,8,47
700,3,11.62,8,48
700,3,11.64,8,48
700,3,11.66,8,48
700,3,11.68,8,48
700,3,11.7,8,48
700,3,11.72,8,48
700,3,11.74,8,48
700,3,11.76,8,48
700,3,11.78,8,48
700,3,11.8,8,48
700,3,11.82,8,48
700,3,11.84,8,48
700,3,11.86,8,48
700,3,11.88,8,48
700,3,11.9,8,48
700,3,11.92,8,48
700,3,11.94,8,48
700,3,11.96,8,48
700,3,11.98,8,48
700,3,12.0,8,48
700,3,12.02,8,48
700,3,12.04,8,48
700,3,12.06,8,48
700,3,12.08,8,48
700,3,12.1,8,48
700,3,12.12,8,48
700,3,12.14,8,48
700,3,12.16,8,48
700,3,12.18,8,49
700,3,12.2,8,49
700,3,12.22,8,49
700,3,12.24,8,49
700,3,12.26,8,49
700,3,12.28,8,48
700,3,12.3,8,48
700,3,12.32,8,48
700,3,12.34,8,48
700,3,12.36,8,48
700,3,12.38,8,48
700,3,12.4,8,48
700,3,12.42,8,48
700,3,12.44,8,48
700,3,12.46,8,48
700,3,12.48,8,48
700,3,12.5,8,48
700,3,12.52,8,48
700,3,12.54,8,48
700,3,12.56,8,48
700,3,12.58,8,48
700,3,12.6,8,48
700,3,12.62,8,48
700,3,12.64,8,48
700,3,12.66,8,48
700,3,12.68,8,48
700,3,12.7,8,48
700,3,12.72,8,48
700,3,12.74,8,48
700,3,12.76,8,48
700,3,12.78,8,48
700,3,12.8,8,48
700,3,12.82,8,48
700,3,12.84,8,48
700,3,12.86,8,48
700,3,12.88,8,48
700,3,12.9,8,48
700,3,12.92,8,48
700,3,12.94,8,48
700,3,12.96,8,48
700,3,12.98,8,48
700,3,13.0,8,48
700,3,13.02,8,48
700,3,13.04,8,48
700,3,13.06,8,48
700,3,13.08,8,48
700,3,13.1,8,48
700,3,13.12,8,48
700,3,13.14,8,48
700,3,13.16,8,48
700,3,13.18,8,48
700,3,13.2,8,48
700,3,13.22,8,48
700,3,13.24,8,48
700,3,13.26,8,48
700,3,13.28,8,48
700,3,13.3,8,48
700,3,13.32,8,48
700,3,13.34,8,48
700,3,13.36,8,48
700,3,13.38,8,48
700,3,13.4,8,48
700,3,13.42,8,48
700,3,13.44,8,48
700,3,13.46,8,48
700,3,13.48,8,48
700,3,13.5,8,48
700,3,13.52,8,48
700,3,13.54,8,48
700,3,13.56,8,48
700,3,13.58,8,48
700,3,13.6,8,48
700,3,13.62,8,48
700,3,13.64,8,48
700,3,13.66,8,48
700,3,13.68,8,48
700,3,13.7,8,48
700,3,13.72,8,48
700,3,13.74,8,48
700,3,13.76,8,48
700,3,13.78,8,48
700,3,13.8,8,48
700,3,13.82,8,48
700,3,13.84,8,48
700,3,13.86,8,48
700,3,13.88,8,48
700,3,13.9,8,48
700,3,13.92,8,48
700,3,13.94,8,48
700,3,13.96,8,48
700,3,13.98,8,48
700,3,14.0,8,48
700,3,14.02,8,48
700,3,14.04,8,48
700,3,14.06,8,48
700,3,14.08,8,48
700,3,14.1,8,48
700,3,14.12,8,48
700,3,14.14,8,48
700,3,14.16,8,48
700,3,14.18,8,48
700,3,14.2,8,48
700,3,14.22,8,48
700,3,14.24,8,48
700,3,14.26,8,48
700,3,14.28,8,48
700,3,14.3,8,48
700,3,14.32,8,48
700,3,14.34,8,48
700,3,14.36,8,48
700,3,14.38,8,48
700,3,14.4,8,48
700,3,14.42,8,48
700,3,14.44,8,48
700,3,14.46,8,48
700,3,14.48,8,48
700,3,14.5,8,48
700,3,14.52,8,48
700,3,14.54,8,48
700,3,14.56,8,48
700,3,14.58,8,48
700,3,14.6,8,48
700,3,14.62,8,48
700,3,14.64,8,48
700,3,14.66,8,48
700,3,14.68,8,48
700,3,14.7,8,48
700,3,14.72,8,48
700,3,14.74,8,48
700,3,14.76,8,48
700,3,14.78,8,48
700,3,14.8,8,48
700,3,14.82,8,48
700,3,14.84,8,48
700,3,14.86,8,48
700,3,14.88,8,48
700,3,14.9,8,48
700,3,14.92,8,48
700,3,14.94,8,48
700,3,14.96,8,48
700,3,14.98,8,49
700,3,15.0,8,49
700,3,15.02,8,49
700,3,15.04,8,49
700,3,15.06,8,48
700,3,15.08,8,49
700,3,15.1,8,48
700,3,15.12,8,48
700,3,15.14,8,48
700,3,15.16,8,48
700,3,15.18,8,49
700,3,15.2,8,49
700,3,15.22,8,49
700,3,15.24,8,49
700,3,15.26,8,49
700,3,15.28,8,49
700,3,15.3,8,49
700,3,15.32,8,49
700,3,15.34,8,49
700,3,15.36,8,49
700,3,15.38,8,49
700,3,15.4,8,49
700,3,15.42,8,49
700,3,15.44,8,49
700,3,15.46,8,49
700,3,15.48,8,49
700,3,15.5,8,49
700,3,15.52,8,49
700,3,15.54,8,49
700,3,15.56,8,49
700,3,15.58,8,49
700,3,15.6,8,48
700,3,15.62,8,49
700,3,15.64,8,49
700,3,15.66,8,49
700,3,15.68,8,49
700,3,15.7,8,49
700,3,15.72,8,49
700,3,15.74,8,49
700,3,15.76,8,50
700,3,15.78,8,49
700,3,15.8,8,49
700,3,15.82,8,49
700,3,15.84,8,49
700,3,15.86,8,50
700,3,15.88,8,49
700,3,15.9,8,49
700,3,15.92,8,49
700,3,15.94,8,49
700,3,15.96,8,49
700,3,15.98,8,49
700,3,16.0,8,49
700,3,16.02,8,49
700,3,16.04,8,49
700,3,16.06,8,49
700,3,16.08,8,49
700,3,16.1,8,49
700,3,16.12,8,49
700,3,16.14,8,49
700,3,16.16,8,49
700,3,16.18,8,49
700,3,16.2,8,49
700,3,16.22,8,49
700,3,16.24,8,49
700,3,16.26,8,49
700,3,16.28,8,49
700,3,16.3,8,49
700,3,16.32,8,49
700,3,16.34,8,49
700,3,16.36,8,49
700,3,16.38,8,49
700,3,16.4,8,49
700,3,16.42,8,49
700,3,16.44,8,49
700,3,16.46,8,49
700,3,16.48,8,49
700,3,16.5,8,49
700,3,16.52,8,49
700,3,16.54,8,49
700,3,16.56,8,49
700,3,16.58,8,49
700,3,16.6,8,49
700,3,16.62,8,49
700,3,16.64,8,49
700,3,16.66,8,49
700,3,16.68,8,49
700,3,16.7,8,49
700,3,16.72,8,49
700,3,16.74,8,49
700,3,16.76,8,49
700,3,16.78,8,49
700,3,16.8,8,49
700,3,16.82,8,49
700,3,16.84,8,49
700,3,16.86,8,49
700,3,16.88,8,49
700,3,16.9,8,49
700,3,16.92,8,49
700,3,16.94,8,49
700,3,16.96,8,49
700,3,16.98,8,49
700,3,17.0,8,49
700,3,17.02,8,49
700,3,17.04,8,49
700,3,17.06,8,49
700,3,17.08,8,49
700,3,17.1,8,49
700,3,17.12,8,49
700,3,17.14,8,49
700,3,17.16,8,49
700,3,17.18,8,49
700,3,17.2,8,49
700,3,17.22,8,49
700,3,17.24,8,49
700,3,17.26,8,49
700,3,17.28,8,49
700,3,17.3,8,49
700,3,17.32,8,49
700,3,17.34,8,50
700,3,17.36,8,49
700,3,17.38,8,49
700,3,17.4,8,49
700,3,17.42,8,49
700,3,17.44,8,50
700,3,17.46,8,49
700,3,17.48,8,49
700,3,17.5,8,49
700,3,17.52,8,50
700,3,17.54,8,49
700,3,17.56,8,49
700,3,17.58,8,49
700,3,17.6,8,49
700,3,17.62,8,49
700,3,17.64,8,49
700,3,17.66,8,49
700,3,17.68,8,49
700,3,17.7,8,49
700,3,17.72,8,49
700,3,17.74,8,49
700,3,17.76,8,49
700,3,17.78,8,49
700,3,17.8,8,49
700,3,17.82,8,49
700,3,17.84,8,49
700,3,17.86,8,49
700,3,17.88,8,49
700,3,17.9,8,49
700,3,17.92,8,49
700,3,17.94,8,50
700,3,17.96,8,50
700,3,17.98,8,50
700,3,18.0,8,50
700,3,18.02,8,50
700,3,18.04,8,49
700,3,18.06,8,50
700,3,18.08,8,50
700,3,18.1,8,50
700,3,18.12,8,50
700,3,18.14,8,50
700,3,18.16,8,50
700,3,18.18,8,50
700,3,18.2,8,50
700,3,18.22,8,50
700,3,18.24,8,50
700,3,18.26,8,50
700,3,18.28,8,50
700,3,18.3,8,50
700,3,18.32,8,50
700,3,18.34,8,50
700,3,18.36,8,50
700,3,18.38,8,50
700,3,18.4,8,50
700,3,18.42,8,50
700,3,18.44,8,50
700,3,18.46,8,50
700,3,18.48,8,50
700,3,18.5,8,50
700,3,18.52,8,50
700,3,18.54,8,50
700,3,18.56,8,50
700,3,18.58,8,50
700,3,18.6,8,50
700,3,18.62,8,50
700,3,18.64,8,50
700,3,18.66,8,50
700,3,18.68,8,50
700,3,18.7,8,50
700,3,18.72,8,50
700,3,18.74,8,50
700,3,18.76,8,50
700,3,18.78,8,50
700,3,18.8,8,50
700,3,18.82,8,50
700,3,18.84,8,50
700,3,18.86,8,50
700,3,18.88,8,50
700,3,18.9,8,50
700,3,18.92,8,50
700,3,18.94,8,50
700,3,18.96,8,50
700,3,18.98,8,50
700,3,19.0,8,50
700,3,19.02,8,50
700,3,19.04,8,50
700,3,19.06,8,50
700,3,19.08,8,50
700,3,19.1,8,50
700,3,19.12,8,50
700,3,19.14,8,50
700,3,19.16,8,50
700,3,19.18,8,50
700,3,19.2,8,50
700,3,19.22,8,50
700,3,19.24,8,50
700,3,19.26,8,50
700,3,19.28,8,50
700,3,19.3,8,50
700,3,19.32,8,50
700,3,19.34,8,50
700,3,19.36,8,50
700,3,19.38,8,50
700,3,19.4,8,50
700,3,19.42,8,50
700,3,19.44,8,50
700,3,19.46,8,50
700,3,19.48,8,50
700,3,19.5,8,50
700,3,19.52,8,50
700,3,19.54,8,50
700,3,19.56,8,50
700,3,19.58,8,50
700,3,19.6,8,50
700,3,19.62,8,50
700,3,19.64,8,50
700,3,19.66,8,50
700,3,19.68,8,50
700,3,19.7,8,49
700,3,19.72,8,50
700,3,19.74,8,49
700,3,19.76,8,49
700,3,19.78,8,49
700,3,19.8,8,49
700,3,19.82,8,49
700,3,19.84,8,50
700,3,19.86,8,49
700,3,19.88,8,49
700,3,19.9,8,49
700,3,19.92,8,49
700,3,19.94,8,49
700,3,19.96,8,49
700,3,19.98,8,49
700,3,20.0,8,49
700,3,10.0,9,47
700,3,10.02,9,47
700,3,10.04,9,47
700,3,10.06,9,47
700,3,10.08,9,48
700,3,10.1,9,47
700,3,10.12,9,47
700,3,10.14,9,47
700,3,10.16,9,47
700,3,10.18,9,48
700,3,10.2,9,48
700,3,10.22,9,48
700,3,10.24,9,48
700,3,10.26,9,48
700,3,10.28,9,48
700,3,10.3,9,48
700,3,10.32,9,48
700,3,10.34,9,48
700,3,10.36,9,48
700,3,10.38,9,48
700,3,10.4,9,48
700,3,10.42,9,48
700,3,10.44,9,48
700,3,10.46,9,48
700,3,10.48,9,48
700,3,10.5,9,48
700,3,10.52,9,48
700,3,10.54,9,48
700,3,10.56,9,48
700,3,10.58,9,48
700,3,10.6,9,48
700,3,10.62,9,48
700,3,10.64,9,48
700,3,10.66,9,48
700,3,10.68,9,48
700,3,10.7,9,48
700,3,10.72,9,48
700,3,10.74,9,48
700,3,10.76,9,48
700,3,10.78,9,48
700,3,10.8,9,48
700,3,10.82,9,48
700,3,10.84,9,48
700,3,10.86,9,48
700,3,10.88,9,48
700,3,10.9,9,48
700,3,10.92,9,48
700,3,10.94,9,48
700,3,10.96,9,48
700,3,10.98,9,48
700,3,11.0,9,48
700,3,11.02,9,48
700,3,11.04,9,48
700,3,11.06,9,48
700,3,11.08,9,48
700,3,11.1,9,48
700,3,11.12,9,48
700,3,11.14,9,48
700,3,11.16,9,48
700,3,11.18,9,48
700,3,11.2,9,48
700,3,11.22,9,48
700,3,11.24,9,48
700,3,11.26,9,48
700,3,11.28,9,48
700,3,11.3,9,48
700,3,11.32,9,48
700,3,11.34,9,48
700,3,11.36,9,47
700,3,11.38,9,48
700,3,11.4,9,48
700,3,11.42,9,48
700,3,11.44,9,47
700,3,11.46,9,47
700,3,11.48,9,47
700,3,11.5,9,48
700,3,11.52,9,48
700,3,11.54,9,48
700,3,11.56,9,47
700,3,11.58,9,47
700,3,11.6,9,47
700,3,11.62,9,48
700,3,11.64,9,48
700,3,11.66,9,48
700,3,11.68,9,48
700,3,11.7,9,48
700,3,11.72,9,48
700,3,11.74,9,48
700,3,11.76,9,48
700,3,11.78,9,48
700,3,11.8,9,48
700,3,11.82,9,48
700,3,11.84,9,48
700,3,11.86,9,48
700,3,11.88,9,48
700,3,11.9,9,48
700,3,11.92,9,48
700,3,11.94,9,48
700,3,11.96,9,48
700,3,11.98,9,48
700,3,12.0,9,48
700,3,12.02,9,48
700,3,12.04,9,48
700,3,12.06,9,48
700,3,12.08,9,48
700,3,12.1,9,48
700,3,12.12,9,48
700,3,12.14,9,48
700,3,12.16,9,48
700,3,12.18,9,49
700,3,12.2,9,49
700,3,12.22,9,49
700,3,12.24,9,49
700,3,12.26,9,49
700,3,12.28,9,48
700,3,12.3,9,48
700,3,12.32,9,48
700,3,12.34,9,48
700,3,12.36,9,48
700,3,12.38,9,48
700,3,12.4,9,48
700,3,12.42,9,48
700,3,12.44,9,48
700,3,12.46,9,48
700,3,12.48,9,48
700,3,12.5,9,48
700,3,12.52,9,48
700,3,12.54,9,48
700,3,12.56,9,48
700,3,12.58,9,48
700,3,12.6,9,48
700,3,12.62,9,48
700,3,12.64,9,48
700,3,12.66,9,48
700,3,12.68,9,48
700,3,12.7,9,48
700,3,12.72,9,48
700,3,12.74,9,48
700,3,12.76,9,48
700,3,12.78,9,48
700,3,12.8,9,48
700,3,12.82,9,48
700,3,12.84,9,48
700,3,12.86,9,48
700,3,12.88,9,48
700,3,12.9,9,48
700,3,12.92,9,48
700,3,12.94,9,48
700,3,12.96,9,48
700,3,12.98,9,48
700,3,13.0,9,48
700,3,13.02,9,48
700,3,13.04,9,48
700,3,13.06,9,48
700,3,13.08,9,48
700,3,13.1,9,48
700,3,13.12,9,48
700,3,13.14,9,48
700,3,13.16,9,48
700,3,13.18,9,48
700,3,13.2,9,48
700,3,13.22,9,48
700,3,13.24,9,48
700,3,13.26,9,48
700,3,13.28,9,48
700,3,13.3,9,48
700,3,13.32,9,48
700,3,13.34,9,48
700,3,13.36,9,48
700,3,13.38,9,48
700,3,13.4,9,48
700,3,13.42,9,48
700,3,13.44,9,48
700,3,13.46,9,48
700,3,13.48,9,48
700,3,13.5,9,48
700,3,13.52,9,48
700,3,13.54,9,48
700,3,13.56,9,48
700,3,13.58,9,48
700,3,13.6,9,48
700,3,13.62,9,48
700,3,13.64,9,48
700,3,13.66,9,48
700,3,13.68,9,48
700,3,13.7,9,48
700,3,13.72,9,48
700,3,13.74,9,48
700,3,13.76,9,48
700,3,13.78,9,48
700,3,13.8,9,48
700,3,13.82,9,48
700,3,13.84,9,48
700,3,13.86,9,48
700,3,13.88,9,48
700,3,13.9,9,48
700,3,13.92,9,48
700,3,13.94,9,48
700,3,13.96,9,48
700,3,13.98,9,48
700,3,14.0,9,48
700,3,14.02,9,48
700,3,14.04,9,48
700,3,14.06,9,48
700,3,14.08,9,48
700,3,14.1,9,48
700,3,14.12,9,48
700,3,14.14,9,48
700,3,14.16,9,48
700,3,14.18,9,48
700,3,14.2,9,48
700,3,14.22,9,48
700,3,14.24,9,48
700,3,14.26,9,48
700,3,14.28,9,48
700,3,14.3,9,48
700,3,14.32,9,48
700,3,14.34,9,48
700,3,14.36,9,48
700,3,14.38,9,48
700,3,14.4,9,48
700,3,14.42,9,48
700,3,14.44,9,48
700,3,14.46,9,48
700,3,14.48,9,48
700,3,14.5,9,48
700,3,14.52,9,48
700,3,14.54,9,48
700,3,14.56,9,48
700,3,14.58,9,48
700,3,14.6,9,48
700,3,14.62,9,48
700,3,14.64,9,48
700,3,14.66,9,48
700,3,14.68,9,48
700,3,14.7,9,48
700,3,14.72,9,48
700,3,14.74,9,48
700,3,14.76,9,48
700,3,14.78,9,48
700,3,14.8,9,48
700,3,14.82,9,48
700,3,14.84,9,48
700,3,14.86,9,48
700,3,14.88,9,48
700,3,14.9,9,48
700,3,14.92,9,48
700,3,14.94,9,48
700,3,14.96,9,48
700,3,14.98,9,49
700,3,15.0,9,49
700,3,15.02,9,49
700,3,15.04,9,49
700,3,15.06,9,49
700,3,15.08,9,49
700,3,15.1,9,49
700,3,15.12,9,49
700,3,15.14,9,49
700,3,15.16,9,49
700,3,15.18,9,49
700,3,15.2,9,49
700,3,15.22,9,49
700,3,15.24,9,49
700,3,15.26,9,49
700,3,15.28,9,49
700,3,15.3,9,49
700,3,15.32,9,49
700,3,15.34,9,49
700,3,15.36,9,49
700,3,15.38,9,49
700,3,15.4,9,49
700,3,15.42,9,49
700,3,15.44,9,49
700,3,15.46,9,49
700,3,15.48,9,49
700,3,15.5,9,49
700,3,15.52,9,49
700,3,15.54,9,49
700,3,15.56,9,49
700,3,15.58,9,49
700,3,15.6,9,48
700,3,15.62,9,49
700,3,15.64,9,49
700,3,15.66,9,49
700,3,15.68,9,49
700,3,15.7,9,49
700,3,15.72,9,49
700,3,15.74,9,49
700,3,15.76,9,50
700,3,15.78,9,49
700,3,15.8,9,49
700,3,15.82,9,49
700,3,15.84,9,49
700,3,15.86,9,50
700,3,15.88,9,50
700,3,15.9,9,49
700,3,15.92,9,49
700,3,15.94,9,49
700,3,15.96,9,49
700,3,15.98,9,49
700,3,16.0,9,49
700,3,16.02,9,49
700,3,16.04,9,49
700,3,16.06,9,49
700,3,16.08,9,49
700,3,16.1,9,49
700,3,16.12,9,49
700,3,16.14,9,49
700,3,16.16,9,49
700,3,16.18,9,49
700,3,16.2,9,49
700,3,16.22,9,49
700,3,16.24,9,49
700,3,16.26,9,49
700,3,16.28,9,49
700,3,16.3,9,49
700,3,16.32,9,49
700,3,16.34,9,49
700,3,16.36,9,49
700,3,16.38,9,49
700,3,16.4,9,49
700,3,16.42,9,49
700,3,16.44,9,49
700,3,16.46,9,49
700,3,16.48,9,49
700,3,16.5,9,49
700,3,16.52,9,49
700,3,16.54,9,49
700,3,16.56,9,49
700,3,16.58,9,49
700,3,16.6,9,49
700,3,16.62,9,49
700,3,16.64,9,49
700,3,16.66,9,49
700,3,16.68,9,49
700,3,16.7,9,49
700,3,16.72,9,49
700,3,16.74,9,49
700,3,16.76,9,49
700,3,16.78,9,49
700,3,16.8,9,49
700,3,16.82,9,49
700,3,16.84,9,49
700,3,16.86,9,49
700,3,16.88,9,49
700,3,16.9,9,49
700,3,16.92,9,49
700,3,16.94,9,49
700,3,16.96,9,49
700,3,16.98,9,49
700,3,17.0,9,49
700,3,17.02,9,49
700,3,17.04,9,49
700,3,17.06,9,49
700,3,17.08,9,49
700,3,17.1,9,49
700,3,17.12,9,49
700,3,17.14,9,49
700,3,17.16,9,49
700,3,17.18,9,49
700,3,17.2,9,49
700,3,17.22,9,49
700,3,17.24,9,49
700,3,17.26,9,49
700,3,17.28,9,49
700,3,17.3,9,49
700,3,17.32,9,49
700,3,17.34,9,50
700,3,17.36,9,49
700,3,17.38,9,49
700,3,17.4,9,50
700,3,17.42,9,49
700,3,17.44,9,50
700,3,17.46,9,49
700,3,17.48,9,49
700,3,17.5,9,49
700,3,17.52,9,50
700,3,17.54,9,49
700,3,17.56,9,49
700,3,17.58,9,49
700,3,17.6,9,49
700,3,17.62,9,49
700,3,17.64,9,49
700,3,17.66,9,49
700,3,17.68,9,49
700,3,17.7,9,49
700,3,17.72,9,49
700,3,17.74,9,49
700,3,17.76,9,49
700,3,17.78,9,49
700,3,17.8,9,49
700,3,17.82,9,49
700,3,17.84,9,49
700,3,17.86,9,49
700,3,17.88,9,49
700,3,17.9,9,49
700,3,17.92,9,49
700,3,17.94,9,50
700,3,17.96,9,50
700,3,17.98,9,50
700,3,18.0,9,50
700,3,18.02,9,50
700,3,18.04,9,50
700,3,18.06,9,50
700,3,18.08,9,50
700,3,18.1,9,50
700,3,18.12,9,50
700,3,18.14,9,50
700,3,18.16,9,50
700,3,18.18,9,50
700,3,18.2,9,50
700,3,18.22,9,50
700,3,18.24,9,50
700,3,18.26,9,50
700,3,18.28,9,50
700,3,18.3,9,50
700,3,18.32,9,50
700,3,18.34,9,50
700,3,18.36,9,50
700,3,18.38,9,50
700,3,18.4,9,50
700,3,18.42,9,50
700,3,18.44,9,50
700,3,18.46,9,50
700,3,18.48,9,50
700,3,18.5,9,50
700,3,18.52,9,50
700,3,18.54,9,50
700,3,18.56,9,50
700,3,18.58,9,50
700,3,18.6,9,50
700,3,18.62,9,50
700,3,18.64,9,50
700,3,18.66,9,50
700,3,18.68,9,50
700,3,18.7,9,50
700,3,18.72,9,50
700,3,18.74,9,50
700,3,18.76,9,50
700,3,18.78,9,50
700,3,18.8,9,50
700,3,18.82,9,50
700,3,18.84,9,50
700,3,18.86,9,50
700,3,18.88,9,50
700,3,18.9,9,50
700,3,18.92,9,50
700,3,18.94,9,50
700,3,18.96,9,50
700,3,18.98,9,50
700,3,19.0,9,50
700,3,19.02,9,50
700,3,19.04,9,50
700,3,19.06,9,50
700,3,19.08,9,50
700,3,19.1,9,50
700,3,19.12,9,50
700,3,19.14,9,50
700,3,19.16,9,50
700,3,19.18,9,50
700,3,19.2,9,50
700,3,19.22,9,50
700,3,19.24,9,50
700,3,19.26,9,50
700,3,19.28,9,50
700,3,19.3,9,50
700,3,19.32,9,50
700,3,19.34,9,50
700,3,19.36,9,50
700,3,19.38,9,50
700,3,19.4,9,50
700,3,19.42,9,50
700,3,19.44,9,50
700,3,19.46,9,50
700,3,19.48,9,50
700,3,19.5,9,50
700,3,19.52,9,50
700,3,19.54,9,50
700,3,19.56,9,50
700,3,19.58,9,50
700,3,19.6,9,50
700,3,19.62,9,50
700,3,19.64,9,50
700,3,19.66,9,50
700,3,19.68,9,50
700,3,19.7,9,49
700,3,19.72,9,50
700,3,19.74,9,49
700,3,19.76,9,49
700,3,19.78,9,49
700,3,19.8,9,49
700,3,19.82,9,49
700,3,19.84,9,50
700,3,19.86,9,49
700,3,19.88,9,50
700,3,19.9,9,49
700,3,19.92,9,49
700,3,19.94,9,49
700,3,19.96,9,49
700,3,19.98,9,49
700,3,20.0,9,49
700,3,10.0,10,47
700,3,10.02,10,47
700,3,10.04,10,47
700,3,10.06,10,47
700,3,10.08,10,48
700,3,10.1,10,48
700,3,10.12,10,47
700,3,10.14,10,47
700,3,10.16,10,47
700,3,10.18,10,48
700,3,10.2,10,48
700,3,10.22,10,48
700,3,10.24,10,48
700,3,10.26,10,48
700,3,10.28,10,48
700,3,10.3,10,48
700,3,10.32,10,48
700,3,10.34,10,48
700,3,10.36,10,48
700,3,10.38,10,48
700,3,10.4,10,48
700,3,10.42,10,48
700,3,10.44,10,48
700,3,10.46,10,48
700,3,10.48,10,48
700,3,10.5,10,48
700,3,10.52,10,48
700,3,10.54,10,48
700,3,10.56,10,48
700,3,10.58,10,48
700,3,10.6,10,48
700,3,10.62,10,48
700,3,10.64,10,48
700,3,10.66,10,48
700,3,10.68,10,48
700,3,10.7,10,48
700,3,10.72,10,48
700,3,10.74,10,48
700,3,10.76,10,48
700,3,10.78,10,48
700,3,10.8,10,48
700,3,10.82,10,48
700,3,10.84,10,48
700,3,10.86,10,48
700,3,10.88,10,48
700,3,10.9,10,48
700,3,10.92,10,48
700,3,10.94,10,48
700,3,10.96,10,48
700,3,10.98,10,48
700,3,11.0,10,48
700,3,11.02,10,48
700,3,11.04,10,48
700,3,11.06,10,48
700,3,11.08,10,48
700,3,11.1,10,48
700,3,11.12,10,48
700,3,11.14,10,48
700,3,11.16,10,48
700,3,11.18,10,48
700,3,11.2,10,48
700,3,11.22,10,48
700,3,11.24,10,48
700,3,11.26,10,48
700,3,11.28,10,48
700,3,11.3,10,48
700,3,11.32,10,48
700,3,11.34,10,48
700,3,11.36,10,47
700,3,11.38,10,48
700,3,11.4,10,48
700,3,11.42,10,48
700,3,11.44,10,47
700,3,11.46,10,47
700,3,11.48,10,48
700,3,11.5,10,48
700,3,11.52,10,48
700,3,11.54,10,48
700,3,11.56,10,47
700,3,11.58,10,47
700,3,11.6,10,47
700,3,11.62,10,48
700,3,11.64,10,48
700,3,11.66,10,48
700,3,11.68,10,48
700,3,11.7,10,48
700,3,11.72,10,48
700,3,11.74,10,48
700,3,11.76,10,48
700,3,11.78,10,48
700,3,11.8,10,48
700,3,11.82,10,48
700,3,11.84,10,48
700,3,11.86,10,48
700,3,11.88,10,48
700,3,11.9,10,48
700,3,11.92,10,48
700,3,11.94,10,48
700,3,11.96,10,48
700,3,11.98,10,48
700,3,12.0,10,48
700,3,12.02,10,48
700,3,12.04,10,48
700,3,12.06,10,48
700,3,12.08,10,48
700,3,12.1,10,48
700,3,12.12,10,48
700,3,12.14,10,48
700,3,12.16,10,48
700,3,12.18,10,49
700,3,12.2,10,49
700,3,12.22,10,49
700,3,12.24,10,49
700,3,12.26,10,49
700,3,12.28,10,48
700,3,12.3,10,48
700,3,12.32,10,48
700,3,12.34,10,48
700,3,12.36,10,48
700,3,12.38,10,48
700,3,12.4,10,48
700,3,12.42,10,48
700,3,12.44,10,48
700,3,12.46,10,48
700,3,12.48,10,48
700,3,12.5,10,48
700,3,12.52,10,48
700,3,12.54,10,48
700,3,12.56,10,48
700,3,12.58,10,48
700,3,12.6,10,48
700,3,12.62,10,48
700,3,12.64,10,48
700,3,12.66,10,48
700,3,12.68,10,48
700,3,12.7,10,48
700,3,12.72,10,48
700,3,12.74,10,48
700,3,12.76,10,48
700,3,12.78,10,48
700,3,12.8,10,48
700,3,12.82,10,48
700,3,12.84,10,48
700,3,12.86,10,48
700,3,12.88,10,48
700,3,12.9,10,48
700,3,12.92,10,48
700,3,12.94,10,48
700,3,12.96,10,48
700,3,12.98,10,48
700,3,13.0,10,48
700,3,13.02,10,48
700,3,13.04,10,48
700,3,13.06,10,48
700,3,13.08,10,48
700,3,13.1,10,48
700,3,13.12,10,48
700,3,13.14,10,48
700,3,13.16,10,48
700,3,13.18,10,48
700,3,13.2,10,48
700,3,13.22,10,48
700,3,13.24,10,48
700,3,13.26,10,48
700,3,13.28,10,48
700,3,13.3,10,48
700,3,13.32,10,48
700,3,13.34,10,48
700,3,13.36,10,48
700,3,13.38,10,48
700,3,13.4,10,48
700,3,13.42,10,48
700,3,13.44,10,48
700,3,13.46,10,48
700,3,13.48,10,48
700,3,13.5,10,48
700,3,13.52,10,48
700,3,13.54,10,48
700,3,13.56,10,48
700,3,13.58,10,48
700,3,13.6,10,48
700,3,13.62,10,48
700,3,13.64,10,48
700,3,13.66,10,48
700,3,13.68,10,48
700,3,13.7,10,48
700,3,13.72,10,48
700,3,13.74,10,48
700,3,13.76,10,48
700,3,13.78,10,48
700,3,13.8,10,48
700,3,13.82,10,48
700,3,13.84,10,48
700,3,13.86,10,48
700,3,13.88,10,48
700,3,13.9,10,48
700,3,13.92,10,48
700,3,13.94,10,48
700,3,13.96,10,48
700,3,13.98,10,48
700,3,14.0,10,48
700,3,14.02,10,48
700,3,14.04,10,48
700,3,14.06,10,48
700,3,14.08,10,48
700,3,14.1,10,48
700,3,14.12,10,48
700,3,14.14,10,48
700,3,14.16,10,48
700,3,14.18,10,48
700,3,14.2,10,48
700,3,14.22,10,48
700,3,14.24,10,48
700,3,14.26,10,48
700,3,14.28,10,48
700,3,14.3,10,48
700,3,14.32,10,48
700,3,14.34,10,48
700,3,14.36,10,48
700,3,14.38,10,48
700,3,14.4,10,48
700,3,14.42,10,48
700,3,14.44,10,48
700,3,14.46,10,48
700,3,14.48,10,48
700,3,14.5,10,48
700,3,14.52,10,48
700,3,14.54,10,48
700,3,14.56,10,48
700,3,14.58,10,48
700,3,14.6,10,48
700,3,14.62,10,48
700,3,14.64,10,48
700,3,14.66,10,48
700,3,14.68,10,48
700,3,14.7,10,48
700,3,14.72,10,48
700,3,14.74,10,48
700,3,14.76,10,48
700,3,14.78,10,48
700,3,14.8,10,48
700,3,14.82,10,48
700,3,14.84,10,48
700,3,14.86,10,48
700,3,14.88,10,48
700,3,14.9,10,48
700,3,14.92,10,48
700,3,14.94,10,48
700,3,14.96,10,48
700,3,14.98,10,49
700,3,15.0,10,49
700,3,15.02,10,49
700,3,15.04,10,49
700,3,15.06,10,49
700,3,15.08,10,49
700,3,15.1,10,49
700,3,15.12,10,49
700,3,15.14,10,49
700,3,15.16,10,49
700,3,15.18,10,49
700,3,15.2,10,49
700,3,15.22,10,49
700,3,15.24,10,49
700,3,15.26,10,49
700,3,15.28,10,49
700,3,15.3,10,49
700,3,15.32,10,49
700,3,15.34,10,49
700,3,15.36,10,49
700,3,15.38,10,49
700,3,15.4,10,49
700,3,15.42,10,49
700,3,15.44,10,49
700,3,15.46,10,49
700,3,15.48,10,49
700,3,15.5,10,49
700,3,15.52,10,49
700,3,15.54,10,49
700,3,15.56,10,49
700,3,15.58,10,49
700,3,15.6,10,49
700,3,15.62,10,49
700,3,15.64,10,49
700,3,15.66,10,49
700,3,15.68,10,49
700,3,15.7,10,49
700,3,15.72,10,49
700,3,15.74,10,49
700,3,15.76,10,50
700,3,15.78,10,49
700,3,15.8,10,49
700,3,15.82,10,49
700,3,15.84,10,49
700,3,15.86,10,50
700,3,15.88,10,50
700,3,15.9,10,49
700,3,15.92,10,49
700,3,15.94,10,49
700,3,15.96,10,49
700,3,15.98,10,49
700,3,16.0,10,49
700,3,16.02,10,49
700,3,16.04,10,49
700,3,16.06,10,49
700,3,16.08,10,49
700,3,16.1,10,49
700,3,16.12,10,49
700,3,16.14,10,49
700,3,16.16,10,49
700,3,16.18,10,49
700,3,16.2,10,49
700,3,16.22,10,49
700,3,16.24,10,49
700,3,16.26,10,49
700,3,16.28,10,49
700,3,16.3,10,49
700,3,16.32,10,49
700,3,16.34,10,49
700,3,16.36,10,49
700,3,16.38,10,49
700,3,16.4,10,49
700,3,16.42,10,49
700,3,16.44,10,49
700,3,16.46,10,49
700,3,16.48,10,49
700,3,16.5,10,49
700,3,16.52,10,49
700,3,16.54,10,49
700,3,16.56,10,49
700,3,16.58,10,49
700,3,16.6,10,49
700,3,16.62,10,49
700,3,16.64,10,49
700,3,16.66,10,49
700,3,16.68,10,49
700,3,16.7,10,49
700,3,16.72,10,49
700,3,16.74,10,49
700,3,16.76,10,49
700,3,16.78,10,49
700,3,16.8,10,49
700,3,16.82,10,49
700,3,16.84,10,49
700,3,16.86,10,49
700,3,16.88,10,49
700,3,16.9,10,49
700,3,16.92,10,49
700,3,16.94,10,49
700,3,16.96,10,49
700,3,16.98,10,49
700,3,17.0,10,49
700,3,17.02,10,49
700,3,17.04,10,49
700,3,17.06,10,49
700,3,17.08,10,49
700,3,17.1,10,49
700,3,17.12,10,49
700,3,17.14,10,49
700,3,17.16,10,49
700,3,17.18,10,49
700,3,17.2,10,49
700,3,17.22,10,49
700,3,17.24,10,49
700,3,17.26,10,49
700,3,17.28,10,49
700,3,17.3,10,49
700,3,17.32,10,49
700,3,17.34,10,50
700,3,17.36,10,49
700,3,17.38,10,49
700,3,17.4,10,50
700,3,17.42,10,50
700,3,17.44,10,50
700,3,17.46,10,49
700,3,17.48,10,49
700,3,17.5,10,49
700,3,17.52,10,50
700,3,17.54,10,49
700,3,17.56,10,50
700,3,17.58,10,49
700,3,17.6,10,49
700,3,17.62,10,49
700,3,17.64,10,49
700,3,17.66,10,49
700,3,17.68,10,49
700,3,17.7,10,49
700,3,17.72,10,49
700,3,17.74,10,49
700,3,17.76,10,49
700,3,17.78,10,49
700,3,17.8,10,49
700,3,17.82,10,49
700,3,17.84,10,49
700,3,17.86,10,49
700,3,17.88,10,49
700,3,17.9,10,49
700,3,17.92,10,49
700,3,17.94,10,50
700,3,17.96,10,50
700,3,17.98,10,50
700,3,18.0,10,50
700,3,18.02,10,50
700,3,18.04,10,50
700,3,18.06,10,50
700,3,18.08,10,50
700,3,18.1,10,50
700,3,18.12,10,50
700,3,18.14,10,50
700,3,18.16,10,50
700,3,18.18,10,50
700,3,18.2,10,50
700,3,18.22,10,50
700,3,18.24,10,50
700,3,18.26,10,50
700,3,18.28,10,50
700,3,18.3,10,50
700,3,18.32,10,50
700,3,18.34,10,50
700,3,18.36,10,50
700,3,18.38,10,50
700,3,18.4,10,50
700,3,18.42,10,50
700,3,18.44,10,50
700,3,18.46,10,50
700,3,18.48,10,50
700,3,18.5,10,50
700,3,18.52,10,50
700,3,18.54,10,50
700,3,18.56,10,50
700,3,18.58,10,50
700,3,18.6,10,50
700,3,18.62,10,50
700,3,18.64,10,50
700,3,18.66,10,50
700,3,18.68,10,50
700,3,18.7,10,50
700,3,18.72,10,50
700,3,18.74,10,50
700,3,18.76,10,50
700,3,18.78,10,50
700,3,18.8,10,50
700,3,18.82,10,50
700,3,18.84,10,50
700,3,18.86,10,50
700,3,18.88,10,50
700,3,18.9,10,50
700,3,18.92,10,50
700,3,18.94,10,50
700,3,18.96,10,50
700,3,18.98,10,50
700,3,19.0,10,50
700,3,19.02,10,50
700,3,19.04,10,50
700,3,19.06,10,50
700,3,19.08,10,50
700,3,19.1,10,50
700,3,19.12,10,50
700,3,19.14,10,50
700,3,19.16,10,50
700,3,19.18,10,50
700,3,19.2,10,50
700,3,19.22,10,50
700,3,19.24,10,50
700,3,19.26,10,50
700,3,19.28,10,50
700,3,19.3,10,50
700,3,19.32,10,50
700,3,19.34,10,50
700,3,19.36,10,50
700,3,19.38,10,50
700,3,19.4,10,50
700,3,19.42,10,50
700,3,19.44,10,50
700,3,19.46,10,50
700,3,19.48,10,50
700,3,19.5,10,50
700,3,19.52,10,50
700,3,19.54,10,50
700,3,19.56,10,50
700,3,19.58,10,50
700,3,19.6,10,50
700,3,19.62,10,50
700,3,19.64,10,50
700,3,19.66,10,50
700,3,19.68,10,50
700,3,19.7,10,50
700,3,19.72,10,50
700,3,19.74,10,49
700,3,19.76,10,49
700,3,19.78,10,49
700,3,19.8,10,49
700,3,19.82,10,49
700,3,19.84,10,50
700,3,19.86,10,49
700,3,19.88,10,50
700,3,19.9,10,49
700,3,19.92,10,49
700,3,19.94,10,49
700,3,19.96,10,49
700,3,19.98,10,49
700,3,20.0,10,49
