group,replicate,variant,contact,pair_type,lifetime_frames,count,event_status
G2_Wcluster_alhx700,2,banded_sym_w4,one,all,1,6417,persistent_chain
G2_Wcluster_alhx700,2,banded_sym_w4,one,all,2,2096,persistent_chain
G2_Wcluster_alhx700,2,banded_sym_w4,one,all,3,1030,persistent_chain
G2_Wcluster_alhx700,2,banded_sym_w4,one,all,4,639,persistent_chain
G2_Wcluster_alhx700,2,banded_sym_w4,one,all,5,431,persistent_chain
G2_Wcluster_alhx700,2,banded_sym_w4,one,all,6,295,persistent_chain
G2_Wcluster_alhx700,2,banded_sym_w4,one,all,7,212,persistent_chain
G2_Wcluster_alhx700,2,banded_sym_w4,one,all,8,176,persistent_chain
G2_Wcluster_alhx700,2,banded_sym_w4,one,all,9,150,persistent_chain
G2_Wcluster_alhx700,2,banded_sym_w4,one,all,10,135,persistent_chain
G2_Wcluster_alhx700,2,banded_sym_w4,one,all,11,97,persistent_chain
G2_Wcluster_alhx700,2,banded_sym_w4,one,all,12,86,persistent_chain
G2_Wcluster_alhx700,2,banded_sym_w4,one,all,13,71,persistent_chain
G2_Wcluster_alhx700,2,banded_sym_w4,one,all,14,62,persistent_chain
G2_Wcluster_alhx700,2,banded_sym_w4,one,all,15,53,persistent_chain
G2_Wcluster_alhx700,2,banded_sym_w4,one,all,16,54,persistent_chain
G2_Wcluster_alhx700,2,banded_sym_w4,one,all,17,48,persistent_chain
G2_Wcluster_alhx700,2,banded_sym_w4,one,all,18,47,persistent_chain
G2_Wcluster_alhx700,2,banded_sym_w4,one,all,19,42,persistent_chain
G2_Wcluster_alhx700,2,banded_sym_w4,one,all,20,31,persistent_chain
G2_Wcluster_alhx700,2,banded_sym_w4,one,all,21,37,persistent_chain
G2_Wcluster_alhx700,2,banded_sym_w4,one,all,22,17,persistent_chain
G2_Wcluster_alhx700,2,banded_sym_w4,one,all,23,28,persistent_chain
G2_Wcluster_alhx700,2,banded_sym_w4,one,all,24,20,persistent_chain
G2_Wcluster_alhx700,2,banded_sym_w4,one,all,25,20,persistent_chain
G2_Wcluster_alhx700,2,banded_sym_w4,one,all,26,32,persistent_chain
G2_Wcluster_alhx700,2,banded_sym_w4,one,all,27,17,persistent_chain
G2_Wcluster_alhx700,2,banded_sym_w4,one,all,28,17,persistent_chain
G2_Wcluster_alhx700,2,banded_sym_w4,one,all,29,18,persistent_chain
G2_Wcluster_alhx700,2,banded_sym_w4,one,all,30,10,persistent_chain
G2_Wcluster_alhx700,2,banded_sym_w4,one,all,31,10,persistent_chain
G2_Wcluster_alhx700,2,banded_sym_w4,one,all,32,12,persistent_chain
G2_Wcluster_alhx700,2,banded_sym_w4,one,all,33,15,persistent_chain
G2_Wcluster_alhx700,2,banded_sym_w4,one,all,34,12,persistent_chain
G2_Wcluster_alhx700,2,banded_sym_w4,one,all,35,13,persistent_chain
G2_Wcluster_alhx700,2,banded_sym_w4,one,all,36,4,persistent_chain
G2_Wcluster_alhx700,2,banded_sym_w4,one,all,37,12,persistent_chain
G2_Wcluster_alhx700,2,banded_sym_w4,one,all,38,10,persistent_chain
G2_Wcluster_alhx700,2,banded_sym_w4,one,all,39,13,persistent_chain
G2_Wcluster_alhx700,2,banded_sym_w4,one,all,40,11,persistent_chain
G2_Wcluster_alhx700,2,banded_sym_w4,one,all,41,7,persistent_chain
G2_Wcluster_alhx700,2,banded_sym_w4,one,all,42,6,persistent_chain
G2_Wcluster_alhx700,2,banded_sym_w4,one,all,43,9,persistent_chain
G2_Wcluster_alhx700,2,banded_sym_w4,one,all,44,7,persistent_chain
G2_Wcluster_alhx700,2,banded_sym_w4,one,all,45,9,persistent_chain
G2_Wcluster_alhx700,2,banded_sym_w4,one,all,46,9,persistent_chain
G2_Wcluster_alhx700,2,banded_sym_w4,one,all,47,7,persistent_chain
G2_Wcluster_alhx700,2,banded_sym_w4,one,all,48,5,persistent_chain
G2_Wcluster_alhx700,2,banded_sym_w4,one,all,49,14,persistent_chain
G2_Wcluster_alhx700,2,banded_sym_w4,one,all,50,13,persistent_chain
G2_Wcluster_alhx700,2,banded_sym_w4,one,all,51,8,persistent_chain
G2_Wcluster_alhx700,2,banded_sym_w4,one,all,52,4,persistent_chain
G2_Wcluster_alhx700,2,banded_sym_w4,one,all,53,6,persistent_chain
G2_Wcluster_alhx700,2,banded_sym_w4,one,all,54,6,persistent_chain
G2_Wcluster_alhx700,2,banded_sym_w4,one,all,55,5,persistent_chain
G2_Wcluster_alhx700,2,banded_sym_w4,one,all,56,3,persistent_chain
G2_Wcluster_alhx700,2,banded_sym_w4,one,all,57,8,persistent_chain
G2_Wcluster_alhx700,2,banded_sym_w4,one,all,58,4,persistent_chain
G2_Wcluster_alhx700,2,banded_sym_w4,one,all,59,3,persistent_chain
G2_Wcluster_alhx700,2,banded_sym_w4,one,all,60,8,persistent_chain
G2_Wcluster_alhx700,2,banded_sym_w4,one,all,61,9,persistent_chain
G2_Wcluster_alhx700,2,banded_sym_w4,one,all,62,6,persistent_chain
G2_Wcluster_alhx700,2,banded_sym_w4,one,all,63,1,persistent_chain
G2_Wcluster_alhx700,2,banded_sym_w4,one,all,64,3,persistent_chain
G2_Wcluster_alhx700,2,banded_sym_w4,one,all,65,6,persistent_chain
G2_Wcluster_alhx700,2,banded_sym_w4,one,all,66,7,persistent_chain
G2_Wcluster_alhx700,2,banded_sym_w4,one,all,67,2,persistent_chain
G2_Wcluster_alhx700,2,banded_sym_w4,one,all,68,6,persistent_chain
G2_Wcluster_alhx700,2,banded_sym_w4,one,all,69,2,persistent_chain
G2_Wcluster_alhx700,2,banded_sym_w4,one,all,70,3,persistent_chain
G2_Wcluster_alhx700,2,banded_sym_w4,one,all,71,3,persistent_chain
G2_Wcluster_alhx700,2,banded_sym_w4,one,all,73,3,persistent_chain
G2_Wcluster_alhx700,2,banded_sym_w4,one,all,74,3,persistent_chain
G2_Wcluster_alhx700,2,banded_sym_w4,one,all,75,2,persistent_chain
G2_Wcluster_alhx700,2,banded_sym_w4,one,all,76,2,persistent_chain
G2_Wcluster_alhx700,2,banded_sym_w4,one,all,77,5,persistent_chain
G2_Wcluster_alhx700,2,banded_sym_w4,one,all,78,6,persistent_chain
G2_Wcluster_alhx700,2,banded_sym_w4,one,all,79,3,persistent_chain
G2_Wcluster_alhx700,2,banded_sym_w4,one,all,80,1,persistent_chain
G2_Wcluster_alhx700,2,banded_sym_w4,one,all,81,2,persistent_chain
G2_Wcluster_alhx700,2,banded_sym_w4,one,all,82,5,persistent_chain
G2_Wcluster_alhx700,2,banded_sym_w4,one,all,83,1,persistent_chain
G2_Wcluster_alhx700,2,banded_sym_w4,one,all,84,2,persistent_chain
G2_Wcluster_alhx700,2,banded_sym_w4,one,all,85,1,persistent_chain
G2_Wcluster_alhx700,2,banded_sym_w4,one,all,86,1,persistent_chain
G2_Wcluster_alhx700,2,banded_sym_w4,one,all,87,3,persistent_chain
G2_Wcluster_alhx700,2,banded_sym_w4,one,all,88,4,persistent_chain
G2_Wcluster_alhx700,2,banded_sym_w4,one,all,89,5,persistent_chain
G2_Wcluster_alhx700,2,banded_sym_w4,one,all,90,3,persistent_chain
G2_Wcluster_alhx700,2,banded_sym_w4,one,all,91,3,persistent_chain
G2_Wcluster_alhx700,2,banded_sym_w4,one,all,92,1,persistent_chain
G2_Wcluster_alhx700,2,banded_sym_w4,one,all,93,1,persistent_chain
G2_Wcluster_alhx700,2,banded_sym_w4,one,all,94,2,persistent_chain
G2_Wcluster_alhx700,2,banded_sym_w4,one,all,95,2,persistent_chain
G2_Wcluster_alhx700,2,banded_sym_w4,one,all,98,1,persistent_chain
G2_Wcluster_alhx700,2,banded_sym_w4,one,all,99,1,persistent_chain
G2_Wcluster_alhx700,2,banded_sym_w4,one,all,102,1,persistent_chain
G2_Wcluster_alhx700,2,banded_sym_w4,one,all,104,1,persistent_chain
G2_Wcluster_alhx700,2,banded_sym_w4,one,all,105,3,persistent_chain
G2_Wcluster_alhx700,2,banded_sym_w4,one,all,107,1,persistent_chain
G2_Wcluster_alhx700,2,banded_sym_w4,one,all,108,2,persistent_chain
G2_Wcluster_alhx700,2,banded_sym_w4,one,all,109,1,persistent_chain
G2_Wcluster_alhx700,2,banded_sym_w4,one,all,111,1,persistent_chain
G2_Wcluster_alhx700,2,banded_sym_w4,one,all,112,2,persistent_chain
G2_Wcluster_alhx700,2,banded_sym_w4,one,all,114,3,persistent_chain
G2_Wcluster_alhx700,2,banded_sym_w4,one,all,115,1,persistent_chain
G2_Wcluster_alhx700,2,banded_sym_w4,one,all,117,1,persistent_chain
G2_Wcluster_alhx700,2,banded_sym_w4,one,all,119,1,persistent_chain
G2_Wcluster_alhx700,2,banded_sym_w4,one,all,121,1,persistent_chain
G2_Wcluster_alhx700,2,banded_sym_w4,one,all,122,1,persistent_chain
G2_Wcluster_alhx700,2,banded_sym_w4,one,all,123,1,persistent_chain
G2_Wcluster_alhx700,2,banded_sym_w4,one,all,124,2,persistent_chain
G2_Wcluster_alhx700,2,banded_sym_w4,one,all,126,2,persistent_chain
G2_Wcluster_alhx700,2,banded_sym_w4,one,all,127,1,persistent_chain
G2_Wcluster_alhx700,2,banded_sym_w4,one,all,130,3,persistent_chain
G2_Wcluster_alhx700,2,banded_sym_w4,one,all,131,1,persistent_chain
G2_Wcluster_alhx700,2,banded_sym_w4,one,all,134,1,persistent_chain
G2_Wcluster_alhx700,2,banded_sym_w4,one,all,135,1,persistent_chain
G2_Wcluster_alhx700,2,banded_sym_w4,one,all,136,1,persistent_chain
G2_Wcluster_alhx700,2,banded_sym_w4,one,all,138,2,persistent_chain
G2_Wcluster_alhx700,2,banded_sym_w4,one,all,139,1,persistent_chain
G2_Wcluster_alhx700,2,banded_sym_w4,one,all,142,2,persistent_chain
G2_Wcluster_alhx700,2,banded_sym_w4,one,all,145,3,persistent_chain
G2_Wcluster_alhx700,2,banded_sym_w4,one,all,146,1,persistent_chain
G2_Wcluster_alhx700,2,banded_sym_w4,one,all,147,2,persistent_chain
G2_Wcluster_alhx700,2,banded_sym_w4,one,all,148,1,persistent_chain
G2_Wcluster_alhx700,2,banded_sym_w4,one,all,151,2,persistent_chain
G2_Wcluster_alhx700,2,banded_sym_w4,one,all,153,1,persistent_chain
G2_Wcluster_alhx700,2,banded_sym_w4,one,all,156,1,persistent_chain
G2_Wcluster_alhx700,2,banded_sym_w4,one,all,157,1,persistent_chain
G2_Wcluster_alhx700,2,banded_sym_w4,one,all,158,1,persistent_chain
G2_Wcluster_alhx700,2,banded_sym_w4,one,all,160,1,persistent_chain
G2_Wcluster_alhx700,2,banded_sym_w4,one,all,161,1,persistent_chain
G2_Wcluster_alhx700,2,banded_sym_w4,one,all,166,1,persistent_chain
G2_Wcluster_alhx700,2,banded_sym_w4,one,all,168,1,persistent_chain
G2_Wcluster_alhx700,2,banded_sym_w4,one,all,169,1,persistent_chain
G2_Wcluster_alhx700,2,banded_sym_w4,one,all,174,2,persistent_chain
G2_Wcluster_alhx700,2,banded_sym_w4,one,all,183,1,persistent_chain
G2_Wcluster_alhx700,2,banded_sym_w4,one,all,191,1,persistent_chain
G2_Wcluster_alhx700,2,banded_sym_w4,one,all,192,1,persistent_chain
G2_Wcluster_alhx700,2,banded_sym_w4,one,all,195,1,persistent_chain
G2_Wcluster_alhx700,2,banded_sym_w4,one,all,197,1,persistent_chain
G2_Wcluster_alhx700,2,banded_sym_w4,one,all,198,1,persistent_chain
G2_Wcluster_alhx700,2,banded_sym_w4,one,all,201,1,persistent_chain
G2_Wcluster_alhx700,2,banded_sym_w4,one,all,203,1,persistent_chain
G2_Wcluster_alhx700,2,banded_sym_w4,one,all,204,1,persistent_chain
G2_Wcluster_alhx700,2,banded_sym_w4,one,all,207,1,persistent_chain
G2_Wcluster_alhx700,2,banded_sym_w4,one,all,220,1,persistent_chain
G2_Wcluster_alhx700,2,banded_sym_w4,one,all,222,1,persistent_chain
G2_Wcluster_alhx700,2,banded_sym_w4,one,all,224,1,persistent_chain
G2_Wcluster_alhx700,2,banded_sym_w4,one,all,226,1,persistent_chain
G2_Wcluster_alhx700,2,banded_sym_w4,one,all,232,1,persistent_chain
G2_Wcluster_alhx700,2,banded_sym_w4,one,all,237,1,persistent_chain
G2_Wcluster_alhx700,2,banded_sym_w4,one,all,238,1,persistent_chain
G2_Wcluster_alhx700,2,banded_sym_w4,one,all,242,1,persistent_chain
G2_Wcluster_alhx700,2,banded_sym_w4,one,all,243,1,persistent_chain
G2_Wcluster_alhx700,2,banded_sym_w4,one,all,250,1,persistent_chain
G2_Wcluster_alhx700,2,banded_sym_w4,one,all,256,1,persistent_chain
G2_Wcluster_alhx700,2,banded_sym_w4,one,all,269,1,persistent_chain
G2_Wcluster_alhx700,2,banded_sym_w4,one,all,280,2,persistent_chain
G2_Wcluster_alhx700,2,banded_sym_w4,one,all,288,1,persistent_chain
G2_Wcluster_alhx700,2,banded_sym_w4,one,all,289,1,persistent_chain
G2_Wcluster_alhx700,2,banded_sym_w4,one,all,296,1,persistent_chain
G2_Wcluster_alhx700,2,banded_sym_w4,one,all,306,2,persistent_chain
G2_Wcluster_alhx700,2,banded_sym_w4,one,all,318,1,persistent_chain
G2_Wcluster_alhx700,2,banded_sym_w4,one,all,322,1,persistent_chain
G2_Wcluster_alhx700,2,banded_sym_w4,one,all,337,1,persistent_chain
G2_Wcluster_alhx700,2,banded_sym_w4,one,all,341,1,persistent_chain
G2_Wcluster_alhx700,2,banded_sym_w4,one,all,357,1,persistent_chain
G2_Wcluster_alhx700,2,banded_sym_w4,one,all,385,1,persistent_chain
G2_Wcluster_alhx700,2,banded_sym_w4,one,all,388,1,persistent_chain
G2_Wcluster_alhx700,2,banded_sym_w4,one,all,407,1,persistent_chain
G2_Wcluster_alhx700,2,banded_sym_w4,one,all,445,2,persistent_chain
G2_Wcluster_alhx700,2,banded_sym_w4,one,all,446,1,persistent_chain
G2_Wcluster_alhx700,2,banded_sym_w4,one,all,453,1,persistent_chain
G2_Wcluster_alhx700,2,banded_sym_w4,one,all,461,1,persistent_chain
G2_Wcluster_alhx700,2,banded_sym_w4,one,all,462,1,persistent_chain
G2_Wcluster_alhx700,2,banded_sym_w4,one,all,465,1,persistent_chain
G2_Wcluster_alhx700,2,banded_sym_w4,one,all,471,1,persistent_chain
G2_Wcluster_alhx700,2,banded_sym_w4,one,all,484,1,persistent_chain
G2_Wcluster_alhx700,2,banded_sym_w4,one,all,488,1,persistent_chain
G2_Wcluster_alhx700,2,banded_sym_w4,one,all,520,1,persistent_chain
G2_Wcluster_alhx700,2,banded_sym_w4,one,all,523,1,persistent_chain
G2_Wcluster_alhx700,2,banded_sym_w4,one,all,527,1,persistent_chain
G2_Wcluster_alhx700,2,banded_sym_w4,one,all,638,1,persistent_chain
G2_Wcluster_alhx700,2,banded_sym_w4,one,all,670,1,persistent_chain
G2_Wcluster_alhx700,2,banded_sym_w4,one,all,683,1,persistent_chain
G2_Wcluster_alhx700,2,banded_sym_w4,one,all,734,1,persistent_chain
G2_Wcluster_alhx700,2,banded_sym_w4,one,all,743,1,persistent_chain
G2_Wcluster_alhx700,2,banded_sym_w4,one,all,855,1,persistent_chain
G2_Wcluster_alhx700,2,banded_sym_w4,one,all,896,1,persistent_chain
G2_Wcluster_alhx700,2,banded_sym_w4,one,all,940,1,persistent_chain
G2_Wcluster_alhx700,2,banded_sym_w4,one,all,1071,1,persistent_chain
G2_Wcluster_alhx700,2,banded_sym_w4,one,all,1088,1,persistent_chain
G2_Wcluster_alhx700,2,banded_sym_w4,one,all,1130,1,persistent_chain
G2_Wcluster_alhx700,2,banded_sym_w4,one,all,1370,1,persistent_chain
G2_Wcluster_alhx700,2,banded_sym_w4,one,all,1438,1,persistent_chain
G2_Wcluster_alhx700,2,banded_sym_w4,one,all,1538,1,persistent_chain
G2_Wcluster_alhx700,2,banded_sym_w4,one,all,1579,1,persistent_chain
G2_Wcluster_alhx700,2,banded_sym_w4,one,all,1783,1,persistent_chain
G2_Wcluster_alhx700,2,banded_sym_w4,one,all,3006,1,persistent_chain
G2_Wcluster_alhx700,2,banded_sym_w4,one,all,4053,1,persistent_chain
G2_Wcluster_alhx700,2,banded_sym_w4,three,all,1,4301,persistent_chain
G2_Wcluster_alhx700,2,banded_sym_w4,three,all,2,1500,persistent_chain
G2_Wcluster_alhx700,2,banded_sym_w4,three,all,3,793,persistent_chain
G2_Wcluster_alhx700,2,banded_sym_w4,three,all,4,439,persistent_chain
G2_Wcluster_alhx700,2,banded_sym_w4,three,all,5,327,persistent_chain
G2_Wcluster_alhx700,2,banded_sym_w4,three,all,6,203,persistent_chain
G2_Wcluster_alhx700,2,banded_sym_w4,three,all,7,158,persistent_chain
G2_Wcluster_alhx700,2,banded_sym_w4,three,all,8,125,persistent_chain
G2_Wcluster_alhx700,2,banded_sym_w4,three,all,9,103,persistent_chain
G2_Wcluster_alhx700,2,banded_sym_w4,three,all,10,76,persistent_chain
G2_Wcluster_alhx700,2,banded_sym_w4,three,all,11,53,persistent_chain
G2_Wcluster_alhx700,2,banded_sym_w4,three,all,12,47,persistent_chain
G2_Wcluster_alhx700,2,banded_sym_w4,three,all,13,54,persistent_chain
G2_Wcluster_alhx700,2,banded_sym_w4,three,all,14,44,persistent_chain
G2_Wcluster_alhx700,2,banded_sym_w4,three,all,15,27,persistent_chain
G2_Wcluster_alhx700,2,banded_sym_w4,three,all,16,29,persistent_chain
G2_Wcluster_alhx700,2,banded_sym_w4,three,all,17,29,persistent_chain
G2_Wcluster_alhx700,2,banded_sym_w4,three,all,18,25,persistent_chain
G2_Wcluster_alhx700,2,banded_sym_w4,three,all,19,23,persistent_chain
G2_Wcluster_alhx700,2,banded_sym_w4,three,all,20,14,persistent_chain
G2_Wcluster_alhx700,2,banded_sym_w4,three,all,21,20,persistent_chain
G2_Wcluster_alhx700,2,banded_sym_w4,three,all,22,13,persistent_chain
G2_Wcluster_alhx700,2,banded_sym_w4,three,all,23,13,persistent_chain
G2_Wcluster_alhx700,2,banded_sym_w4,three,all,24,10,persistent_chain
G2_Wcluster_alhx700,2,banded_sym_w4,three,all,25,10,persistent_chain
G2_Wcluster_alhx700,2,banded_sym_w4,three,all,26,12,persistent_chain
G2_Wcluster_alhx700,2,banded_sym_w4,three,all,27,5,persistent_chain
G2_Wcluster_alhx700,2,banded_sym_w4,three,all,28,5,persistent_chain
G2_Wcluster_alhx700,2,banded_sym_w4,three,all,29,9,persistent_chain
G2_Wcluster_alhx700,2,banded_sym_w4,three,all,30,7,persistent_chain
G2_Wcluster_alhx700,2,banded_sym_w4,three,all,31,6,persistent_chain
G2_Wcluster_alhx700,2,banded_sym_w4,three,all,32,12,persistent_chain
G2_Wcluster_alhx700,2,banded_sym_w4,three,all,33,14,persistent_chain
G2_Wcluster_alhx700,2,banded_sym_w4,three,all,34,6,persistent_chain
G2_Wcluster_alhx700,2,banded_sym_w4,three,all,35,7,persistent_chain
G2_Wcluster_alhx700,2,banded_sym_w4,three,all,36,6,persistent_chain
G2_Wcluster_alhx700,2,banded_sym_w4,three,all,37,3,persistent_chain
G2_Wcluster_alhx700,2,banded_sym_w4,three,all,38,7,persistent_chain
G2_Wcluster_alhx700,2,banded_sym_w4,three,all,39,5,persistent_chain
G2_Wcluster_alhx700,2,banded_sym_w4,three,all,40,3,persistent_chain
G2_Wcluster_alhx700,2,banded_sym_w4,three,all,41,3,persistent_chain
G2_Wcluster_alhx700,2,banded_sym_w4,three,all,42,2,persistent_chain
G2_Wcluster_alhx700,2,banded_sym_w4,three,all,43,1,persistent_chain
G2_Wcluster_alhx700,2,banded_sym_w4,three,all,44,3,persistent_chain
G2_Wcluster_alhx700,2,banded_sym_w4,three,all,45,4,persistent_chain
G2_Wcluster_alhx700,2,banded_sym_w4,three,all,46,3,persistent_chain
G2_Wcluster_alhx700,2,banded_sym_w4,three,all,47,2,persistent_chain
G2_Wcluster_alhx700,2,banded_sym_w4,three,all,48,1,persistent_chain
G2_Wcluster_alhx700,2,banded_sym_w4,three,all,49,1,persistent_chain
G2_Wcluster_alhx700,2,banded_sym_w4,three,all,50,1,persistent_chain
G2_Wcluster_alhx700,2,banded_sym_w4,three,all,51,2,persistent_chain
G2_Wcluster_alhx700,2,banded_sym_w4,three,all,52,3,persistent_chain
G2_Wcluster_alhx700,2,banded_sym_w4,three,all,53,1,persistent_chain
G2_Wcluster_alhx700,2,banded_sym_w4,three,all,54,3,persistent_chain
G2_Wcluster_alhx700,2,banded_sym_w4,three,all,55,4,persistent_chain
G2_Wcluster_alhx700,2,banded_sym_w4,three,all,56,3,persistent_chain
G2_Wcluster_alhx700,2,banded_sym_w4,three,all,58,2,persistent_chain
G2_Wcluster_alhx700,2,banded_sym_w4,three,all,59,1,persistent_chain
G2_Wcluster_alhx700,2,banded_sym_w4,three,all,61,3,persistent_chain
G2_Wcluster_alhx700,2,banded_sym_w4,three,all,62,3,persistent_chain
G2_Wcluster_alhx700,2,banded_sym_w4,three,all,63,3,persistent_chain
G2_Wcluster_alhx700,2,banded_sym_w4,three,all,64,3,persistent_chain
G2_Wcluster_alhx700,2,banded_sym_w4,three,all,65,3,persistent_chain
G2_Wcluster_alhx700,2,banded_sym_w4,three,all,67,1,persistent_chain
G2_Wcluster_alhx700,2,banded_sym_w4,three,all,68,3,persistent_chain
G2_Wcluster_alhx700,2,banded_sym_w4,three,all,69,3,persistent_chain
G2_Wcluster_alhx700,2,banded_sym_w4,three,all,70,1,persistent_chain
G2_Wcluster_alhx700,2,banded_sym_w4,three,all,71,1,persistent_chain
G2_Wcluster_alhx700,2,banded_sym_w4,three,all,72,1,persistent_chain
G2_Wcluster_alhx700,2,banded_sym_w4,three,all,73,1,persistent_chain
G2_Wcluster_alhx700,2,banded_sym_w4,three,all,74,3,persistent_chain
G2_Wcluster_alhx700,2,banded_sym_w4,three,all,75,2,persistent_chain
G2_Wcluster_alhx700,2,banded_sym_w4,three,all,76,3,persistent_chain
G2_Wcluster_alhx700,2,banded_sym_w4,three,all,77,1,persistent_chain
G2_Wcluster_alhx700,2,banded_sym_w4,three,all,78,3,persistent_chain
G2_Wcluster_alhx700,2,banded_sym_w4,three,all,79,2,persistent_chain
G2_Wcluster_alhx700,2,banded_sym_w4,three,all,82,1,persistent_chain
G2_Wcluster_alhx700,2,banded_sym_w4,three,all,84,1,persistent_chain
G2_Wcluster_alhx700,2,banded_sym_w4,three,all,85,3,persistent_chain
G2_Wcluster_alhx700,2,banded_sym_w4,three,all,86,2,persistent_chain
G2_Wcluster_alhx700,2,banded_sym_w4,three,all,87,1,persistent_chain
G2_Wcluster_alhx700,2,banded_sym_w4,three,all,92,2,persistent_chain
G2_Wcluster_alhx700,2,banded_sym_w4,three,all,93,1,persistent_chain
G2_Wcluster_alhx700,2,banded_sym_w4,three,all,94,3,persistent_chain
G2_Wcluster_alhx700,2,banded_sym_w4,three,all,95,1,persistent_chain
G2_Wcluster_alhx700,2,banded_sym_w4,three,all,96,1,persistent_chain
G2_Wcluster_alhx700,2,banded_sym_w4,three,all,97,1,persistent_chain
G2_Wcluster_alhx700,2,banded_sym_w4,three,all,100,2,persistent_chain
G2_Wcluster_alhx700,2,banded_sym_w4,three,all,102,1,persistent_chain
G2_Wcluster_alhx700,2,banded_sym_w4,three,all,104,2,persistent_chain
G2_Wcluster_alhx700,2,banded_sym_w4,three,all,105,1,persistent_chain
G2_Wcluster_alhx700,2,banded_sym_w4,three,all,106,1,persistent_chain
G2_Wcluster_alhx700,2,banded_sym_w4,three,all,107,1,persistent_chain
G2_Wcluster_alhx700,2,banded_sym_w4,three,all,109,1,persistent_chain
G2_Wcluster_alhx700,2,banded_sym_w4,three,all,110,1,persistent_chain
G2_Wcluster_alhx700,2,banded_sym_w4,three,all,112,1,persistent_chain
G2_Wcluster_alhx700,2,banded_sym_w4,three,all,114,1,persistent_chain
G2_Wcluster_alhx700,2,banded_sym_w4,three,all,115,1,persistent_chain
G2_Wcluster_alhx700,2,banded_sym_w4,three,all,117,1,persistent_chain
G2_Wcluster_alhx700,2,banded_sym_w4,three,all,124,1,persistent_chain
G2_Wcluster_alhx700,2,banded_sym_w4,three,all,126,1,persistent_chain
G2_Wcluster_alhx700,2,banded_sym_w4,three,all,130,1,persistent_chain
G2_Wcluster_alhx700,2,banded_sym_w4,three,all,131,1,persistent_chain
G2_Wcluster_alhx700,2,banded_sym_w4,three,all,137,1,persistent_chain
G2_Wcluster_alhx700,2,banded_sym_w4,three,all,142,2,persistent_chain
G2_Wcluster_alhx700,2,banded_sym_w4,three,all,145,2,persistent_chain
G2_Wcluster_alhx700,2,banded_sym_w4,three,all,153,1,persistent_chain
G2_Wcluster_alhx700,2,banded_sym_w4,three,all,154,1,persistent_chain
G2_Wcluster_alhx700,2,banded_sym_w4,three,all,155,2,persistent_chain
G2_Wcluster_alhx700,2,banded_sym_w4,three,all,164,1,persistent_chain
G2_Wcluster_alhx700,2,banded_sym_w4,three,all,167,2,persistent_chain
G2_Wcluster_alhx700,2,banded_sym_w4,three,all,169,1,persistent_chain
G2_Wcluster_alhx700,2,banded_sym_w4,three,all,170,1,persistent_chain
G2_Wcluster_alhx700,2,banded_sym_w4,three,all,171,1,persistent_chain
G2_Wcluster_alhx700,2,banded_sym_w4,three,all,172,1,persistent_chain
G2_Wcluster_alhx700,2,banded_sym_w4,three,all,179,1,persistent_chain
G2_Wcluster_alhx700,2,banded_sym_w4,three,all,187,1,persistent_chain
G2_Wcluster_alhx700,2,banded_sym_w4,three,all,196,1,persistent_chain
G2_Wcluster_alhx700,2,banded_sym_w4,three,all,199,1,persistent_chain
G2_Wcluster_alhx700,2,banded_sym_w4,three,all,206,1,persistent_chain
G2_Wcluster_alhx700,2,banded_sym_w4,three,all,211,1,persistent_chain
G2_Wcluster_alhx700,2,banded_sym_w4,three,all,223,1,persistent_chain
G2_Wcluster_alhx700,2,banded_sym_w4,three,all,230,1,persistent_chain
G2_Wcluster_alhx700,2,banded_sym_w4,three,all,261,1,persistent_chain
G2_Wcluster_alhx700,2,banded_sym_w4,three,all,266,1,persistent_chain
G2_Wcluster_alhx700,2,banded_sym_w4,three,all,271,1,persistent_chain
G2_Wcluster_alhx700,2,banded_sym_w4,three,all,279,1,persistent_chain
G2_Wcluster_alhx700,2,banded_sym_w4,three,all,300,1,persistent_chain
G2_Wcluster_alhx700,2,banded_sym_w4,three,all,306,1,persistent_chain
G2_Wcluster_alhx700,2,banded_sym_w4,three,all,328,1,persistent_chain
G2_Wcluster_alhx700,2,banded_sym_w4,three,all,330,1,persistent_chain
G2_Wcluster_alhx700,2,banded_sym_w4,three,all,335,1,persistent_chain
G2_Wcluster_alhx700,2,banded_sym_w4,three,all,352,1,persistent_chain
G2_Wcluster_alhx700,2,banded_sym_w4,three,all,403,1,persistent_chain
G2_Wcluster_alhx700,2,banded_sym_w4,three,all,440,1,persistent_chain
G2_Wcluster_alhx700,2,banded_sym_w4,three,all,479,1,persistent_chain
G2_Wcluster_alhx700,2,banded_sym_w4,three,all,489,1,persistent_chain
G2_Wcluster_alhx700,2,banded_sym_w4,three,all,491,1,persistent_chain
G2_Wcluster_alhx700,2,banded_sym_w4,three,all,506,1,persistent_chain
G2_Wcluster_alhx700,2,banded_sym_w4,three,all,580,1,persistent_chain
G2_Wcluster_alhx700,2,banded_sym_w4,three,all,599,1,persistent_chain
G2_Wcluster_alhx700,2,banded_sym_w4,three,all,757,1,persistent_chain
G2_Wcluster_alhx700,2,banded_sym_w4,three,all,1258,1,persistent_chain
G2_Wcluster_alhx700,2,banded_sym_w4,three,all,3921,1,persistent_chain
G2_Wcluster_alhx700,2,banded_sym_w4,triplet,all,1,1648,persistent_chain
G2_Wcluster_alhx700,2,banded_sym_w4,triplet,all,2,554,persistent_chain
G2_Wcluster_alhx700,2,banded_sym_w4,triplet,all,3,263,persistent_chain
G2_Wcluster_alhx700,2,banded_sym_w4,triplet,all,4,175,persistent_chain
G2_Wcluster_alhx700,2,banded_sym_w4,triplet,all,5,126,persistent_chain
G2_Wcluster_alhx700,2,banded_sym_w4,triplet,all,6,88,persistent_chain
G2_Wcluster_alhx700,2,banded_sym_w4,triplet,all,7,60,persistent_chain
G2_Wcluster_alhx700,2,banded_sym_w4,triplet,all,8,54,persistent_chain
G2_Wcluster_alhx700,2,banded_sym_w4,triplet,all,9,40,persistent_chain
G2_Wcluster_alhx700,2,banded_sym_w4,triplet,all,10,38,persistent_chain
G2_Wcluster_alhx700,2,banded_sym_w4,triplet,all,11,21,persistent_chain
G2_Wcluster_alhx700,2,banded_sym_w4,triplet,all,12,27,persistent_chain
G2_Wcluster_alhx700,2,banded_sym_w4,triplet,all,13,24,persistent_chain
G2_Wcluster_alhx700,2,banded_sym_w4,triplet,all,14,15,persistent_chain
G2_Wcluster_alhx700,2,banded_sym_w4,triplet,all,15,14,persistent_chain
G2_Wcluster_alhx700,2,banded_sym_w4,triplet,all,16,8,persistent_chain
G2_Wcluster_alhx700,2,banded_sym_w4,triplet,all,17,13,persistent_chain
G2_Wcluster_alhx700,2,banded_sym_w4,triplet,all,18,12,persistent_chain
G2_Wcluster_alhx700,2,banded_sym_w4,triplet,all,19,11,persistent_chain
G2_Wcluster_alhx700,2,banded_sym_w4,triplet,all,20,11,persistent_chain
G2_Wcluster_alhx700,2,banded_sym_w4,triplet,all,21,9,persistent_chain
G2_Wcluster_alhx700,2,banded_sym_w4,triplet,all,22,9,persistent_chain
G2_Wcluster_alhx700,2,banded_sym_w4,triplet,all,23,4,persistent_chain
G2_Wcluster_alhx700,2,banded_sym_w4,triplet,all,24,8,persistent_chain
G2_Wcluster_alhx700,2,banded_sym_w4,triplet,all,25,4,persistent_chain
G2_Wcluster_alhx700,2,banded_sym_w4,triplet,all,26,6,persistent_chain
G2_Wcluster_alhx700,2,banded_sym_w4,triplet,all,27,6,persistent_chain
G2_Wcluster_alhx700,2,banded_sym_w4,triplet,all,28,4,persistent_chain
G2_Wcluster_alhx700,2,banded_sym_w4,triplet,all,30,6,persistent_chain
G2_Wcluster_alhx700,2,banded_sym_w4,triplet,all,31,3,persistent_chain
G2_Wcluster_alhx700,2,banded_sym_w4,triplet,all,32,2,persistent_chain
G2_Wcluster_alhx700,2,banded_sym_w4,triplet,all,33,2,persistent_chain
G2_Wcluster_alhx700,2,banded_sym_w4,triplet,all,35,1,persistent_chain
G2_Wcluster_alhx700,2,banded_sym_w4,triplet,all,36,1,persistent_chain
G2_Wcluster_alhx700,2,banded_sym_w4,triplet,all,37,3,persistent_chain
G2_Wcluster_alhx700,2,banded_sym_w4,triplet,all,39,4,persistent_chain
G2_Wcluster_alhx700,2,banded_sym_w4,triplet,all,40,4,persistent_chain
G2_Wcluster_alhx700,2,banded_sym_w4,triplet,all,41,2,persistent_chain
G2_Wcluster_alhx700,2,banded_sym_w4,triplet,all,42,1,persistent_chain
G2_Wcluster_alhx700,2,banded_sym_w4,triplet,all,43,2,persistent_chain
G2_Wcluster_alhx700,2,banded_sym_w4,triplet,all,45,4,persistent_chain
G2_Wcluster_alhx700,2,banded_sym_w4,triplet,all,50,1,persistent_chain
G2_Wcluster_alhx700,2,banded_sym_w4,triplet,all,56,1,persistent_chain
G2_Wcluster_alhx700,2,banded_sym_w4,triplet,all,58,1,persistent_chain
G2_Wcluster_alhx700,2,banded_sym_w4,triplet,all,59,1,persistent_chain
G2_Wcluster_alhx700,2,banded_sym_w4,triplet,all,60,1,persistent_chain
G2_Wcluster_alhx700,2,banded_sym_w4,triplet,all,62,1,persistent_chain
G2_Wcluster_alhx700,2,banded_sym_w4,triplet,all,64,1,persistent_chain
G2_Wcluster_alhx700,2,banded_sym_w4,triplet,all,70,1,persistent_chain
G2_Wcluster_alhx700,2,banded_sym_w4,triplet,all,72,1,persistent_chain
G2_Wcluster_alhx700,2,banded_sym_w4,triplet,all,77,1,persistent_chain
G2_Wcluster_alhx700,2,banded_sym_w4,triplet,all,78,1,persistent_chain
G2_Wcluster_alhx700,2,banded_sym_w4,triplet,all,85,1,persistent_chain
G2_Wcluster_alhx700,2,banded_sym_w4,triplet,all,86,1,persistent_chain
G2_Wcluster_alhx700,2,banded_sym_w4,triplet,all,104,1,persistent_chain
G2_Wcluster_alhx700,2,banded_sym_w4,triplet,all,108,1,persistent_chain
G2_Wcluster_alhx700,2,banded_sym_w4,triplet,all,183,1,persistent_chain
G2_Wcluster_alhx700,2,banded_sym_w4,triplet,all,364,1,persistent_chain
G2_Wcluster_alhx700,2,banded_sym_w6,one,all,1,6861,persistent_chain
G2_Wcluster_alhx700,2,banded_sym_w6,one,all,2,2245,persistent_chain
G2_Wcluster_alhx700,2,banded_sym_w6,one,all,3,1125,persistent_chain
G2_Wcluster_alhx700,2,banded_sym_w6,one,all,4,723,persistent_chain
G2_Wcluster_alhx700,2,banded_sym_w6,one,all,5,457,persistent_chain
G2_Wcluster_alhx700,2,banded_sym_w6,one,all,6,326,persistent_chain
G2_Wcluster_alhx700,2,banded_sym_w6,one,all,7,262,persistent_chain
G2_Wcluster_alhx700,2,banded_sym_w6,one,all,8,180,persistent_chain
G2_Wcluster_alhx700,2,banded_sym_w6,one,all,9,166,persistent_chain
G2_Wcluster_alhx700,2,banded_sym_w6,one,all,10,160,persistent_chain
G2_Wcluster_alhx700,2,banded_sym_w6,one,all,11,125,persistent_chain
G2_Wcluster_alhx700,2,banded_sym_w6,one,all,12,83,persistent_chain
G2_Wcluster_alhx700,2,banded_sym_w6,one,all,13,79,persistent_chain
G2_Wcluster_alhx700,2,banded_sym_w6,one,all,14,72,persistent_chain
G2_Wcluster_alhx700,2,banded_sym_w6,one,all,15,66,persistent_chain
G2_Wcluster_alhx700,2,banded_sym_w6,one,all,16,59,persistent_chain
G2_Wcluster_alhx700,2,banded_sym_w6,one,all,17,56,persistent_chain
G2_Wcluster_alhx700,2,banded_sym_w6,one,all,18,55,persistent_chain
G2_Wcluster_alhx700,2,banded_sym_w6,one,all,19,56,persistent_chain
G2_Wcluster_alhx700,2,banded_sym_w6,one,all,20,41,persistent_chain
G2_Wcluster_alhx700,2,banded_sym_w6,one,all,21,35,persistent_chain
G2_Wcluster_alhx700,2,banded_sym_w6,one,all,22,25,persistent_chain
G2_Wcluster_alhx700,2,banded_sym_w6,one,all,23,32,persistent_chain
G2_Wcluster_alhx700,2,banded_sym_w6,one,all,24,26,persistent_chain
G2_Wcluster_alhx700,2,banded_sym_w6,one,all,25,29,persistent_chain
G2_Wcluster_alhx700,2,banded_sym_w6,one,all,26,32,persistent_chain
G2_Wcluster_alhx700,2,banded_sym_w6,one,all,27,15,persistent_chain
G2_Wcluster_alhx700,2,banded_sym_w6,one,all,28,23,persistent_chain
G2_Wcluster_alhx700,2,banded_sym_w6,one,all,29,19,persistent_chain
G2_Wcluster_alhx700,2,banded_sym_w6,one,all,30,19,persistent_chain
G2_Wcluster_alhx700,2,banded_sym_w6,one,all,31,10,persistent_chain
G2_Wcluster_alhx700,2,banded_sym_w6,one,all,32,13,persistent_chain
G2_Wcluster_alhx700,2,banded_sym_w6,one,all,33,13,persistent_chain
G2_Wcluster_alhx700,2,banded_sym_w6,one,all,34,13,persistent_chain
G2_Wcluster_alhx700,2,banded_sym_w6,one,all,35,13,persistent_chain
G2_Wcluster_alhx700,2,banded_sym_w6,one,all,36,8,persistent_chain
G2_Wcluster_alhx700,2,banded_sym_w6,one,all,37,15,persistent_chain
G2_Wcluster_alhx700,2,banded_sym_w6,one,all,38,10,persistent_chain
G2_Wcluster_alhx700,2,banded_sym_w6,one,all,39,15,persistent_chain
G2_Wcluster_alhx700,2,banded_sym_w6,one,all,40,9,persistent_chain
G2_Wcluster_alhx700,2,banded_sym_w6,one,all,41,12,persistent_chain
G2_Wcluster_alhx700,2,banded_sym_w6,one,all,42,2,persistent_chain
G2_Wcluster_alhx700,2,banded_sym_w6,one,all,43,10,persistent_chain
G2_Wcluster_alhx700,2,banded_sym_w6,one,all,44,6,persistent_chain
G2_Wcluster_alhx700,2,banded_sym_w6,one,all,45,8,persistent_chain
G2_Wcluster_alhx700,2,banded_sym_w6,one,all,46,11,persistent_chain
G2_Wcluster_alhx700,2,banded_sym_w6,one,all,47,10,persistent_chain
G2_Wcluster_alhx700,2,banded_sym_w6,one,all,48,6,persistent_chain
G2_Wcluster_alhx700,2,banded_sym_w6,one,all,49,12,persistent_chain
G2_Wcluster_alhx700,2,banded_sym_w6,one,all,50,9,persistent_chain
G2_Wcluster_alhx700,2,banded_sym_w6,one,all,51,7,persistent_chain
G2_Wcluster_alhx700,2,banded_sym_w6,one,all,52,5,persistent_chain
G2_Wcluster_alhx700,2,banded_sym_w6,one,all,53,11,persistent_chain
G2_Wcluster_alhx700,2,banded_sym_w6,one,all,54,9,persistent_chain
G2_Wcluster_alhx700,2,banded_sym_w6,one,all,55,4,persistent_chain
G2_Wcluster_alhx700,2,banded_sym_w6,one,all,56,6,persistent_chain
G2_Wcluster_alhx700,2,banded_sym_w6,one,all,57,4,persistent_chain
G2_Wcluster_alhx700,2,banded_sym_w6,one,all,58,3,persistent_chain
G2_Wcluster_alhx700,2,banded_sym_w6,one,all,59,3,persistent_chain
G2_Wcluster_alhx700,2,banded_sym_w6,one,all,60,10,persistent_chain
G2_Wcluster_alhx700,2,banded_sym_w6,one,all,61,10,persistent_chain
G2_Wcluster_alhx700,2,banded_sym_w6,one,all,62,7,persistent_chain
G2_Wcluster_alhx700,2,banded_sym_w6,one,all,63,1,persistent_chain
G2_Wcluster_alhx700,2,banded_sym_w6,one,all,64,4,persistent_chain
G2_Wcluster_alhx700,2,banded_sym_w6,one,all,65,6,persistent_chain
G2_Wcluster_alhx700,2,banded_sym_w6,one,all,66,5,persistent_chain
G2_Wcluster_alhx700,2,banded_sym_w6,one,all,67,2,persistent_chain
G2_Wcluster_alhx700,2,banded_sym_w6,one,all,68,6,persistent_chain
G2_Wcluster_alhx700,2,banded_sym_w6,one,all,69,1,persistent_chain
G2_Wcluster_alhx700,2,banded_sym_w6,one,all,70,5,persistent_chain
G2_Wcluster_alhx700,2,banded_sym_w6,one,all,71,2,persistent_chain
G2_Wcluster_alhx700,2,banded_sym_w6,one,all,72,1,persistent_chain
G2_Wcluster_alhx700,2,banded_sym_w6,one,all,73,3,persistent_chain
G2_Wcluster_alhx700,2,banded_sym_w6,one,all,74,2,persistent_chain
G2_Wcluster_alhx700,2,banded_sym_w6,one,all,75,4,persistent_chain
G2_Wcluster_alhx700,2,banded_sym_w6,one,all,76,2,persistent_chain
G2_Wcluster_alhx700,2,banded_sym_w6,one,all,77,4,persistent_chain
G2_Wcluster_alhx700,2,banded_sym_w6,one,all,78,3,persistent_chain
G2_Wcluster_alhx700,2,banded_sym_w6,one,all,79,3,persistent_chain
G2_Wcluster_alhx700,2,banded_sym_w6,one,all,80,4,persistent_chain
G2_Wcluster_alhx700,2,banded_sym_w6,one,all,81,4,persistent_chain
G2_Wcluster_alhx700,2,banded_sym_w6,one,all,82,5,persistent_chain
G2_Wcluster_alhx700,2,banded_sym_w6,one,all,83,3,persistent_chain
G2_Wcluster_alhx700,2,banded_sym_w6,one,all,84,2,persistent_chain
G2_Wcluster_alhx700,2,banded_sym_w6,one,all,85,1,persistent_chain
G2_Wcluster_alhx700,2,banded_sym_w6,one,all,86,1,persistent_chain
G2_Wcluster_alhx700,2,banded_sym_w6,one,all,87,2,persistent_chain
G2_Wcluster_alhx700,2,banded_sym_w6,one,all,88,5,persistent_chain
G2_Wcluster_alhx700,2,banded_sym_w6,one,all,89,4,persistent_chain
G2_Wcluster_alhx700,2,banded_sym_w6,one,all,90,6,persistent_chain
G2_Wcluster_alhx700,2,banded_sym_w6,one,all,91,3,persistent_chain
G2_Wcluster_alhx700,2,banded_sym_w6,one,all,92,3,persistent_chain
G2_Wcluster_alhx700,2,banded_sym_w6,one,all,93,1,persistent_chain
G2_Wcluster_alhx700,2,banded_sym_w6,one,all,94,2,persistent_chain
G2_Wcluster_alhx700,2,banded_sym_w6,one,all,95,1,persistent_chain
G2_Wcluster_alhx700,2,banded_sym_w6,one,all,99,3,persistent_chain
G2_Wcluster_alhx700,2,banded_sym_w6,one,all,100,1,persistent_chain
G2_Wcluster_alhx700,2,banded_sym_w6,one,all,101,3,persistent_chain
G2_Wcluster_alhx700,2,banded_sym_w6,one,all,102,1,persistent_chain
G2_Wcluster_alhx700,2,banded_sym_w6,one,all,104,2,persistent_chain
G2_Wcluster_alhx700,2,banded_sym_w6,one,all,105,1,persistent_chain
G2_Wcluster_alhx700,2,banded_sym_w6,one,all,106,2,persistent_chain
G2_Wcluster_alhx700,2,banded_sym_w6,one,all,107,2,persistent_chain
G2_Wcluster_alhx700,2,banded_sym_w6,one,all,108,1,persistent_chain
G2_Wcluster_alhx700,2,banded_sym_w6,one,all,109,2,persistent_chain
G2_Wcluster_alhx700,2,banded_sym_w6,one,all,110,1,persistent_chain
G2_Wcluster_alhx700,2,banded_sym_w6,one,all,111,3,persistent_chain
G2_Wcluster_alhx700,2,banded_sym_w6,one,all,112,1,persistent_chain
G2_Wcluster_alhx700,2,banded_sym_w6,one,all,113,1,persistent_chain
G2_Wcluster_alhx700,2,banded_sym_w6,one,all,114,3,persistent_chain
G2_Wcluster_alhx700,2,banded_sym_w6,one,all,116,1,persistent_chain
G2_Wcluster_alhx700,2,banded_sym_w6,one,all,117,2,persistent_chain
G2_Wcluster_alhx700,2,banded_sym_w6,one,all,118,1,persistent_chain
G2_Wcluster_alhx700,2,banded_sym_w6,one,all,119,2,persistent_chain
G2_Wcluster_alhx700,2,banded_sym_w6,one,all,121,1,persistent_chain
G2_Wcluster_alhx700,2,banded_sym_w6,one,all,122,2,persistent_chain
G2_Wcluster_alhx700,2,banded_sym_w6,one,all,123,1,persistent_chain
G2_Wcluster_alhx700,2,banded_sym_w6,one,all,124,1,persistent_chain
G2_Wcluster_alhx700,2,banded_sym_w6,one,all,126,1,persistent_chain
G2_Wcluster_alhx700,2,banded_sym_w6,one,all,127,1,persistent_chain
G2_Wcluster_alhx700,2,banded_sym_w6,one,all,128,1,persistent_chain
G2_Wcluster_alhx700,2,banded_sym_w6,one,all,129,2,persistent_chain
G2_Wcluster_alhx700,2,banded_sym_w6,one,all,130,1,persistent_chain
G2_Wcluster_alhx700,2,banded_sym_w6,one,all,131,1,persistent_chain
G2_Wcluster_alhx700,2,banded_sym_w6,one,all,132,1,persistent_chain
G2_Wcluster_alhx700,2,banded_sym_w6,one,all,134,3,persistent_chain
G2_Wcluster_alhx700,2,banded_sym_w6,one,all,135,3,persistent_chain
G2_Wcluster_alhx700,2,banded_sym_w6,one,all,136,1,persistent_chain
G2_Wcluster_alhx700,2,banded_sym_w6,one,all,137,1,persistent_chain
G2_Wcluster_alhx700,2,banded_sym_w6,one,all,138,2,persistent_chain
G2_Wcluster_alhx700,2,banded_sym_w6,one,all,139,1,persistent_chain
G2_Wcluster_alhx700,2,banded_sym_w6,one,all,141,1,persistent_chain
G2_Wcluster_alhx700,2,banded_sym_w6,one,all,142,1,persistent_chain
G2_Wcluster_alhx700,2,banded_sym_w6,one,all,143,1,persistent_chain
G2_Wcluster_alhx700,2,banded_sym_w6,one,all,144,2,persistent_chain
G2_Wcluster_alhx700,2,banded_sym_w6,one,all,145,2,persistent_chain
G2_Wcluster_alhx700,2,banded_sym_w6,one,all,146,1,persistent_chain
G2_Wcluster_alhx700,2,banded_sym_w6,one,all,147,3,persistent_chain
G2_Wcluster_alhx700,2,banded_sym_w6,one,all,150,1,persistent_chain
G2_Wcluster_alhx700,2,banded_sym_w6,one,all,151,1,persistent_chain
G2_Wcluster_alhx700,2,banded_sym_w6,one,all,152,2,persistent_chain
G2_Wcluster_alhx700,2,banded_sym_w6,one,all,153,2,persistent_chain
G2_Wcluster_alhx700,2,banded_sym_w6,one,all,154,1,persistent_chain
G2_Wcluster_alhx700,2,banded_sym_w6,one,all,155,1,persistent_chain
G2_Wcluster_alhx700,2,banded_sym_w6,one,all,156,1,persistent_chain
G2_Wcluster_alhx700,2,banded_sym_w6,one,all,157,3,persistent_chain
G2_Wcluster_alhx700,2,banded_sym_w6,one,all,158,1,persistent_chain
G2_Wcluster_alhx700,2,banded_sym_w6,one,all,160,1,persistent_chain
G2_Wcluster_alhx700,2,banded_sym_w6,one,all,162,2,persistent_chain
G2_Wcluster_alhx700,2,banded_sym_w6,one,all,166,2,persistent_chain
G2_Wcluster_alhx700,2,banded_sym_w6,one,all,169,1,persistent_chain
G2_Wcluster_alhx700,2,banded_sym_w6,one,all,170,1,persistent_chain
G2_Wcluster_alhx700,2,banded_sym_w6,one,all,171,1,persistent_chain
G2_Wcluster_alhx700,2,banded_sym_w6,one,all,174,2,persistent_chain
G2_Wcluster_alhx700,2,banded_sym_w6,one,all,177,1,persistent_chain
G2_Wcluster_alhx700,2,banded_sym_w6,one,all,178,1,persistent_chain
G2_Wcluster_alhx700,2,banded_sym_w6,one,all,179,2,persistent_chain
G2_Wcluster_alhx700,2,banded_sym_w6,one,all,183,1,persistent_chain
G2_Wcluster_alhx700,2,banded_sym_w6,one,all,191,2,persistent_chain
G2_Wcluster_alhx700,2,banded_sym_w6,one,all,192,1,persistent_chain
G2_Wcluster_alhx700,2,banded_sym_w6,one,all,193,1,persistent_chain
G2_Wcluster_alhx700,2,banded_sym_w6,one,all,194,1,persistent_chain
G2_Wcluster_alhx700,2,banded_sym_w6,one,all,195,3,persistent_chain
G2_Wcluster_alhx700,2,banded_sym_w6,one,all,198,1,persistent_chain
G2_Wcluster_alhx700,2,banded_sym_w6,one,all,199,1,persistent_chain
G2_Wcluster_alhx700,2,banded_sym_w6,one,all,201,1,persistent_chain
G2_Wcluster_alhx700,2,banded_sym_w6,one,all,203,1,persistent_chain
G2_Wcluster_alhx700,2,banded_sym_w6,one,all,204,1,persistent_chain
G2_Wcluster_alhx700,2,banded_sym_w6,one,all,207,1,persistent_chain
G2_Wcluster_alhx700,2,banded_sym_w6,one,all,213,2,persistent_chain
G2_Wcluster_alhx700,2,banded_sym_w6,one,all,221,1,persistent_chain
G2_Wcluster_alhx700,2,banded_sym_w6,one,all,224,2,persistent_chain
G2_Wcluster_alhx700,2,banded_sym_w6,one,all,229,1,persistent_chain
G2_Wcluster_alhx700,2,banded_sym_w6,one,all,234,1,persistent_chain
G2_Wcluster_alhx700,2,banded_sym_w6,one,all,236,1,persistent_chain
G2_Wcluster_alhx700,2,banded_sym_w6,one,all,237,1,persistent_chain
G2_Wcluster_alhx700,2,banded_sym_w6,one,all,238,1,persistent_chain
G2_Wcluster_alhx700,2,banded_sym_w6,one,all,250,1,persistent_chain
G2_Wcluster_alhx700,2,banded_sym_w6,one,all,261,1,persistent_chain
G2_Wcluster_alhx700,2,banded_sym_w6,one,all,266,1,persistent_chain
G2_Wcluster_alhx700,2,banded_sym_w6,one,all,280,1,persistent_chain
G2_Wcluster_alhx700,2,banded_sym_w6,one,all,283,1,persistent_chain
G2_Wcluster_alhx700,2,banded_sym_w6,one,all,287,1,persistent_chain
G2_Wcluster_alhx700,2,banded_sym_w6,one,all,289,1,persistent_chain
G2_Wcluster_alhx700,2,banded_sym_w6,one,all,292,1,persistent_chain
G2_Wcluster_alhx700,2,banded_sym_w6,one,all,296,1,persistent_chain
G2_Wcluster_alhx700,2,banded_sym_w6,one,all,297,2,persistent_chain
G2_Wcluster_alhx700,2,banded_sym_w6,one,all,306,3,persistent_chain
G2_Wcluster_alhx700,2,banded_sym_w6,one,all,310,1,persistent_chain
G2_Wcluster_alhx700,2,banded_sym_w6,one,all,317,1,persistent_chain
G2_Wcluster_alhx700,2,banded_sym_w6,one,all,318,1,persistent_chain
G2_Wcluster_alhx700,2,banded_sym_w6,one,all,322,1,persistent_chain
G2_Wcluster_alhx700,2,banded_sym_w6,one,all,335,1,persistent_chain
G2_Wcluster_alhx700,2,banded_sym_w6,one,all,339,1,persistent_chain
G2_Wcluster_alhx700,2,banded_sym_w6,one,all,346,1,persistent_chain
G2_Wcluster_alhx700,2,banded_sym_w6,one,all,357,1,persistent_chain
G2_Wcluster_alhx700,2,banded_sym_w6,one,all,370,1,persistent_chain
G2_Wcluster_alhx700,2,banded_sym_w6,one,all,377,1,persistent_chain
G2_Wcluster_alhx700,2,banded_sym_w6,one,all,385,1,persistent_chain
G2_Wcluster_alhx700,2,banded_sym_w6,one,all,388,1,persistent_chain
G2_Wcluster_alhx700,2,banded_sym_w6,one,all,406,1,persistent_chain
G2_Wcluster_alhx700,2,banded_sym_w6,one,all,410,1,persistent_chain
G2_Wcluster_alhx700,2,banded_sym_w6,one,all,421,1,persistent_chain
G2_Wcluster_alhx700,2,banded_sym_w6,one,all,429,1,persistent_chain
G2_Wcluster_alhx700,2,banded_sym_w6,one,all,445,2,persistent_chain
G2_Wcluster_alhx700,2,banded_sym_w6,one,all,461,1,persistent_chain
G2_Wcluster_alhx700,2,banded_sym_w6,one,all,462,1,persistent_chain
G2_Wcluster_alhx700,2,banded_sym_w6,one,all,465,1,persistent_chain
G2_Wcluster_alhx700,2,banded_sym_w6,one,all,471,1,persistent_chain
G2_Wcluster_alhx700,2,banded_sym_w6,one,all,484,1,persistent_chain
G2_Wcluster_alhx700,2,banded_sym_w6,one,all,485,1,persistent_chain
G2_Wcluster_alhx700,2,banded_sym_w6,one,all,504,1,persistent_chain
G2_Wcluster_alhx700,2,banded_sym_w6,one,all,512,1,persistent_chain
G2_Wcluster_alhx700,2,banded_sym_w6,one,all,520,1,persistent_chain
G2_Wcluster_alhx700,2,banded_sym_w6,one,all,523,1,persistent_chain
G2_Wcluster_alhx700,2,banded_sym_w6,one,all,527,1,persistent_chain
G2_Wcluster_alhx700,2,banded_sym_w6,one,all,617,1,persistent_chain
G2_Wcluster_alhx700,2,banded_sym_w6,one,all,638,1,persistent_chain
G2_Wcluster_alhx700,2,banded_sym_w6,one,all,672,1,persistent_chain
G2_Wcluster_alhx700,2,banded_sym_w6,one,all,693,1,persistent_chain
G2_Wcluster_alhx700,2,banded_sym_w6,one,all,703,1,persistent_chain
G2_Wcluster_alhx700,2,banded_sym_w6,one,all,727,1,persistent_chain
G2_Wcluster_alhx700,2,banded_sym_w6,one,all,743,1,persistent_chain
G2_Wcluster_alhx700,2,banded_sym_w6,one,all,841,1,persistent_chain
G2_Wcluster_alhx700,2,banded_sym_w6,one,all,855,1,persistent_chain
G2_Wcluster_alhx700,2,banded_sym_w6,one,all,896,1,persistent_chain
G2_Wcluster_alhx700,2,banded_sym_w6,one,all,940,1,persistent_chain
G2_Wcluster_alhx700,2,banded_sym_w6,one,all,1078,1,persistent_chain
G2_Wcluster_alhx700,2,banded_sym_w6,one,all,1091,1,persistent_chain
G2_Wcluster_alhx700,2,banded_sym_w6,one,all,1142,1,persistent_chain
G2_Wcluster_alhx700,2,banded_sym_w6,one,all,1182,1,persistent_chain
G2_Wcluster_alhx700,2,banded_sym_w6,one,all,1370,1,persistent_chain
G2_Wcluster_alhx700,2,banded_sym_w6,one,all,1439,1,persistent_chain
G2_Wcluster_alhx700,2,banded_sym_w6,one,all,1579,1,persistent_chain
G2_Wcluster_alhx700,2,banded_sym_w6,one,all,1590,1,persistent_chain
G2_Wcluster_alhx700,2,banded_sym_w6,one,all,2040,1,persistent_chain
G2_Wcluster_alhx700,2,banded_sym_w6,one,all,3006,1,persistent_chain
G2_Wcluster_alhx700,2,banded_sym_w6,one,all,4072,1,persistent_chain
G2_Wcluster_alhx700,2,banded_sym_w6,three,all,1,4785,persistent_chain
G2_Wcluster_alhx700,2,banded_sym_w6,three,all,2,1529,persistent_chain
G2_Wcluster_alhx700,2,banded_sym_w6,three,all,3,814,persistent_chain
G2_Wcluster_alhx700,2,banded_sym_w6,three,all,4,504,persistent_chain
G2_Wcluster_alhx700,2,banded_sym_w6,three,all,5,340,persistent_chain
G2_Wcluster_alhx700,2,banded_sym_w6,three,all,6,234,persistent_chain
G2_Wcluster_alhx700,2,banded_sym_w6,three,all,7,191,persistent_chain
G2_Wcluster_alhx700,2,banded_sym_w6,three,all,8,152,persistent_chain
G2_Wcluster_alhx700,2,banded_sym_w6,three,all,9,86,persistent_chain
G2_Wcluster_alhx700,2,banded_sym_w6,three,all,10,120,persistent_chain
G2_Wcluster_alhx700,2,banded_sym_w6,three,all,11,85,persistent_chain
G2_Wcluster_alhx700,2,banded_sym_w6,three,all,12,59,persistent_chain
G2_Wcluster_alhx700,2,banded_sym_w6,three,all,13,57,persistent_chain
G2_Wcluster_alhx700,2,banded_sym_w6,three,all,14,58,persistent_chain
G2_Wcluster_alhx700,2,banded_sym_w6,three,all,15,45,persistent_chain
G2_Wcluster_alhx700,2,banded_sym_w6,three,all,16,37,persistent_chain
G2_Wcluster_alhx700,2,banded_sym_w6,three,all,17,43,persistent_chain
G2_Wcluster_alhx700,2,banded_sym_w6,three,all,18,39,persistent_chain
G2_Wcluster_alhx700,2,banded_sym_w6,three,all,19,23,persistent_chain
G2_Wcluster_alhx700,2,banded_sym_w6,three,all,20,23,persistent_chain
G2_Wcluster_alhx700,2,banded_sym_w6,three,all,21,19,persistent_chain
G2_Wcluster_alhx700,2,banded_sym_w6,three,all,22,19,persistent_chain
G2_Wcluster_alhx700,2,banded_sym_w6,three,all,23,12,persistent_chain
G2_Wcluster_alhx700,2,banded_sym_w6,three,all,24,11,persistent_chain
G2_Wcluster_alhx700,2,banded_sym_w6,three,all,25,20,persistent_chain
G2_Wcluster_alhx700,2,banded_sym_w6,three,all,26,14,persistent_chain
G2_Wcluster_alhx700,2,banded_sym_w6,three,all,27,17,persistent_chain
G2_Wcluster_alhx700,2,banded_sym_w6,three,all,28,14,persistent_chain
G2_Wcluster_alhx700,2,banded_sym_w6,three,all,29,13,persistent_chain
G2_Wcluster_alhx700,2,banded_sym_w6,three,all,30,6,persistent_chain
G2_Wcluster_alhx700,2,banded_sym_w6,three,all,31,9,persistent_chain
G2_Wcluster_alhx700,2,banded_sym_w6,three,all,32,14,persistent_chain
G2_Wcluster_alhx700,2,banded_sym_w6,three,all,33,19,persistent_chain
G2_Wcluster_alhx700,2,banded_sym_w6,three,all,34,8,persistent_chain
G2_Wcluster_alhx700,2,banded_sym_w6,three,all,35,10,persistent_chain
G2_Wcluster_alhx700,2,banded_sym_w6,three,all,36,8,persistent_chain
G2_Wcluster_alhx700,2,banded_sym_w6,three,all,37,10,persistent_chain
G2_Wcluster_alhx700,2,banded_sym_w6,three,all,38,10,persistent_chain
G2_Wcluster_alhx700,2,banded_sym_w6,three,all,39,6,persistent_chain
G2_Wcluster_alhx700,2,banded_sym_w6,three,all,40,6,persistent_chain
G2_Wcluster_alhx700,2,banded_sym_w6,three,all,41,5,persistent_chain
G2_Wcluster_alhx700,2,banded_sym_w6,three,all,42,4,persistent_chain
G2_Wcluster_alhx700,2,banded_sym_w6,three,all,43,3,persistent_chain
G2_Wcluster_alhx700,2,banded_sym_w6,three,all,44,8,persistent_chain
G2_Wcluster_alhx700,2,banded_sym_w6,three,all,45,2,persistent_chain
G2_Wcluster_alhx700,2,banded_sym_w6,three,all,46,5,persistent_chain
G2_Wcluster_alhx700,2,banded_sym_w6,three,all,47,3,persistent_chain
G2_Wcluster_alhx700,2,banded_sym_w6,three,all,48,6,persistent_chain
G2_Wcluster_alhx700,2,banded_sym_w6,three,all,49,6,persistent_chain
G2_Wcluster_alhx700,2,banded_sym_w6,three,all,50,5,persistent_chain
G2_Wcluster_alhx700,2,banded_sym_w6,three,all,51,2,persistent_chain
G2_Wcluster_alhx700,2,banded_sym_w6,three,all,52,4,persistent_chain
G2_Wcluster_alhx700,2,banded_sym_w6,three,all,53,3,persistent_chain
G2_Wcluster_alhx700,2,banded_sym_w6,three,all,54,4,persistent_chain
G2_Wcluster_alhx700,2,banded_sym_w6,three,all,55,1,persistent_chain
G2_Wcluster_alhx700,2,banded_sym_w6,three,all,56,5,persistent_chain
G2_Wcluster_alhx700,2,banded_sym_w6,three,all,57,5,persistent_chain
G2_Wcluster_alhx700,2,banded_sym_w6,three,all,58,5,persistent_chain
G2_Wcluster_alhx700,2,banded_sym_w6,three,all,59,2,persistent_chain
G2_Wcluster_alhx700,2,banded_sym_w6,three,all,60,2,persistent_chain
G2_Wcluster_alhx700,2,banded_sym_w6,three,all,61,5,persistent_chain
G2_Wcluster_alhx700,2,banded_sym_w6,three,all,62,3,persistent_chain
G2_Wcluster_alhx700,2,banded_sym_w6,three,all,63,1,persistent_chain
G2_Wcluster_alhx700,2,banded_sym_w6,three,all,64,2,persistent_chain
G2_Wcluster_alhx700,2,banded_sym_w6,three,all,65,1,persistent_chain
G2_Wcluster_alhx700,2,banded_sym_w6,three,all,66,1,persistent_chain
G2_Wcluster_alhx700,2,banded_sym_w6,three,all,67,3,persistent_chain
G2_Wcluster_alhx700,2,banded_sym_w6,three,all,68,1,persistent_chain
G2_Wcluster_alhx700,2,banded_sym_w6,three,all,69,1,persistent_chain
G2_Wcluster_alhx700,2,banded_sym_w6,three,all,70,1,persistent_chain
G2_Wcluster_alhx700,2,banded_sym_w6,three,all,71,4,persistent_chain
G2_Wcluster_alhx700,2,banded_sym_w6,three,all,72,4,persistent_chain
G2_Wcluster_alhx700,2,banded_sym_w6,three,all,73,2,persistent_chain
G2_Wcluster_alhx700,2,banded_sym_w6,three,all,74,3,persistent_chain
G2_Wcluster_alhx700,2,banded_sym_w6,three,all,75,4,persistent_chain
G2_Wcluster_alhx700,2,banded_sym_w6,three,all,76,2,persistent_chain
G2_Wcluster_alhx700,2,banded_sym_w6,three,all,78,4,persistent_chain
G2_Wcluster_alhx700,2,banded_sym_w6,three,all,79,3,persistent_chain
G2_Wcluster_alhx700,2,banded_sym_w6,three,all,81,2,persistent_chain
G2_Wcluster_alhx700,2,banded_sym_w6,three,all,82,1,persistent_chain
G2_Wcluster_alhx700,2,banded_sym_w6,three,all,83,1,persistent_chain
G2_Wcluster_alhx700,2,banded_sym_w6,three,all,84,1,persistent_chain
G2_Wcluster_alhx700,2,banded_sym_w6,three,all,86,1,persistent_chain
G2_Wcluster_alhx700,2,banded_sym_w6,three,all,87,4,persistent_chain
G2_Wcluster_alhx700,2,banded_sym_w6,three,all,88,3,persistent_chain
G2_Wcluster_alhx700,2,banded_sym_w6,three,all,90,1,persistent_chain
G2_Wcluster_alhx700,2,banded_sym_w6,three,all,91,1,persistent_chain
G2_Wcluster_alhx700,2,banded_sym_w6,three,all,92,2,persistent_chain
G2_Wcluster_alhx700,2,banded_sym_w6,three,all,93,1,persistent_chain
G2_Wcluster_alhx700,2,banded_sym_w6,three,all,94,2,persistent_chain
G2_Wcluster_alhx700,2,banded_sym_w6,three,all,95,1,persistent_chain
G2_Wcluster_alhx700,2,banded_sym_w6,three,all,96,1,persistent_chain
G2_Wcluster_alhx700,2,banded_sym_w6,three,all,98,1,persistent_chain
G2_Wcluster_alhx700,2,banded_sym_w6,three,all,100,1,persistent_chain
G2_Wcluster_alhx700,2,banded_sym_w6,three,all,101,1,persistent_chain
G2_Wcluster_alhx700,2,banded_sym_w6,three,all,104,1,persistent_chain
G2_Wcluster_alhx700,2,banded_sym_w6,three,all,105,2,persistent_chain
G2_Wcluster_alhx700,2,banded_sym_w6,three,all,106,1,persistent_chain
G2_Wcluster_alhx700,2,banded_sym_w6,three,all,107,1,persistent_chain
G2_Wcluster_alhx700,2,banded_sym_w6,three,all,110,1,persistent_chain
G2_Wcluster_alhx700,2,banded_sym_w6,three,all,111,1,persistent_chain
G2_Wcluster_alhx700,2,banded_sym_w6,three,all,112,1,persistent_chain
G2_Wcluster_alhx700,2,banded_sym_w6,three,all,113,1,persistent_chain
G2_Wcluster_alhx700,2,banded_sym_w6,three,all,114,1,persistent_chain
G2_Wcluster_alhx700,2,banded_sym_w6,three,all,115,1,persistent_chain
G2_Wcluster_alhx700,2,banded_sym_w6,three,all,118,1,persistent_chain
G2_Wcluster_alhx700,2,banded_sym_w6,three,all,120,1,persistent_chain
G2_Wcluster_alhx700,2,banded_sym_w6,three,all,121,1,persistent_chain
G2_Wcluster_alhx700,2,banded_sym_w6,three,all,122,1,persistent_chain
G2_Wcluster_alhx700,2,banded_sym_w6,three,all,124,1,persistent_chain
G2_Wcluster_alhx700,2,banded_sym_w6,three,all,129,1,persistent_chain
G2_Wcluster_alhx700,2,banded_sym_w6,three,all,130,1,persistent_chain
G2_Wcluster_alhx700,2,banded_sym_w6,three,all,131,1,persistent_chain
G2_Wcluster_alhx700,2,banded_sym_w6,three,all,132,1,persistent_chain
G2_Wcluster_alhx700,2,banded_sym_w6,three,all,134,1,persistent_chain
G2_Wcluster_alhx700,2,banded_sym_w6,three,all,137,1,persistent_chain
G2_Wcluster_alhx700,2,banded_sym_w6,three,all,138,1,persistent_chain
G2_Wcluster_alhx700,2,banded_sym_w6,three,all,140,1,persistent_chain
G2_Wcluster_alhx700,2,banded_sym_w6,three,all,142,1,persistent_chain
G2_Wcluster_alhx700,2,banded_sym_w6,three,all,143,2,persistent_chain
G2_Wcluster_alhx700,2,banded_sym_w6,three,all,149,2,persistent_chain
G2_Wcluster_alhx700,2,banded_sym_w6,three,all,150,1,persistent_chain
G2_Wcluster_alhx700,2,banded_sym_w6,three,all,153,1,persistent_chain
G2_Wcluster_alhx700,2,banded_sym_w6,three,all,154,2,persistent_chain
G2_Wcluster_alhx700,2,banded_sym_w6,three,all,155,1,persistent_chain
G2_Wcluster_alhx700,2,banded_sym_w6,three,all,158,1,persistent_chain
G2_Wcluster_alhx700,2,banded_sym_w6,three,all,164,1,persistent_chain
G2_Wcluster_alhx700,2,banded_sym_w6,three,all,165,1,persistent_chain
G2_Wcluster_alhx700,2,banded_sym_w6,three,all,167,1,persistent_chain
G2_Wcluster_alhx700,2,banded_sym_w6,three,all,168,1,persistent_chain
G2_Wcluster_alhx700,2,banded_sym_w6,three,all,170,1,persistent_chain
G2_Wcluster_alhx700,2,banded_sym_w6,three,all,172,1,persistent_chain
G2_Wcluster_alhx700,2,banded_sym_w6,three,all,179,1,persistent_chain
G2_Wcluster_alhx700,2,banded_sym_w6,three,all,181,1,persistent_chain
G2_Wcluster_alhx700,2,banded_sym_w6,three,all,182,1,persistent_chain
G2_Wcluster_alhx700,2,banded_sym_w6,three,all,183,1,persistent_chain
G2_Wcluster_alhx700,2,banded_sym_w6,three,all,184,1,persistent_chain
G2_Wcluster_alhx700,2,banded_sym_w6,three,all,196,2,persistent_chain
G2_Wcluster_alhx700,2,banded_sym_w6,three,all,202,1,persistent_chain
G2_Wcluster_alhx700,2,banded_sym_w6,three,all,203,1,persistent_chain
G2_Wcluster_alhx700,2,banded_sym_w6,three,all,204,1,persistent_chain
G2_Wcluster_alhx700,2,banded_sym_w6,three,all,206,1,persistent_chain
G2_Wcluster_alhx700,2,banded_sym_w6,three,all,207,1,persistent_chain
G2_Wcluster_alhx700,2,banded_sym_w6,three,all,211,1,persistent_chain
G2_Wcluster_alhx700,2,banded_sym_w6,three,all,219,1,persistent_chain
G2_Wcluster_alhx700,2,banded_sym_w6,three,all,222,1,persistent_chain
G2_Wcluster_alhx700,2,banded_sym_w6,three,all,227,1,persistent_chain
G2_Wcluster_alhx700,2,banded_sym_w6,three,all,228,1,persistent_chain
G2_Wcluster_alhx700,2,banded_sym_w6,three,all,230,1,persistent_chain
G2_Wcluster_alhx700,2,banded_sym_w6,three,all,233,1,persistent_chain
G2_Wcluster_alhx700,2,banded_sym_w6,three,all,242,1,persistent_chain
G2_Wcluster_alhx700,2,banded_sym_w6,three,all,243,1,persistent_chain
G2_Wcluster_alhx700,2,banded_sym_w6,three,all,246,1,persistent_chain
G2_Wcluster_alhx700,2,banded_sym_w6,three,all,248,1,persistent_chain
G2_Wcluster_alhx700,2,banded_sym_w6,three,all,250,1,persistent_chain
G2_Wcluster_alhx700,2,banded_sym_w6,three,all,261,2,persistent_chain
G2_Wcluster_alhx700,2,banded_sym_w6,three,all,267,1,persistent_chain
G2_Wcluster_alhx700,2,banded_sym_w6,three,all,277,1,persistent_chain
G2_Wcluster_alhx700,2,banded_sym_w6,three,all,279,1,persistent_chain
G2_Wcluster_alhx700,2,banded_sym_w6,three,all,300,1,persistent_chain
G2_Wcluster_alhx700,2,banded_sym_w6,three,all,306,2,persistent_chain
G2_Wcluster_alhx700,2,banded_sym_w6,three,all,330,1,persistent_chain
G2_Wcluster_alhx700,2,banded_sym_w6,three,all,335,1,persistent_chain
G2_Wcluster_alhx700,2,banded_sym_w6,three,all,382,1,persistent_chain
G2_Wcluster_alhx700,2,banded_sym_w6,three,all,398,1,persistent_chain
G2_Wcluster_alhx700,2,banded_sym_w6,three,all,409,1,persistent_chain
G2_Wcluster_alhx700,2,banded_sym_w6,three,all,413,1,persistent_chain
G2_Wcluster_alhx700,2,banded_sym_w6,three,all,433,1,persistent_chain
G2_Wcluster_alhx700,2,banded_sym_w6,three,all,451,1,persistent_chain
G2_Wcluster_alhx700,2,banded_sym_w6,three,all,461,1,persistent_chain
G2_Wcluster_alhx700,2,banded_sym_w6,three,all,469,1,persistent_chain
G2_Wcluster_alhx700,2,banded_sym_w6,three,all,479,1,persistent_chain
G2_Wcluster_alhx700,2,banded_sym_w6,three,all,489,1,persistent_chain
G2_Wcluster_alhx700,2,banded_sym_w6,three,all,491,1,persistent_chain
G2_Wcluster_alhx700,2,banded_sym_w6,three,all,561,1,persistent_chain
G2_Wcluster_alhx700,2,banded_sym_w6,three,all,599,1,persistent_chain
G2_Wcluster_alhx700,2,banded_sym_w6,three,all,610,1,persistent_chain
G2_Wcluster_alhx700,2,banded_sym_w6,three,all,611,1,persistent_chain
G2_Wcluster_alhx700,2,banded_sym_w6,three,all,757,1,persistent_chain
G2_Wcluster_alhx700,2,banded_sym_w6,three,all,1258,1,persistent_chain
G2_Wcluster_alhx700,2,banded_sym_w6,three,all,3924,1,persistent_chain
G2_Wcluster_alhx700,2,banded_sym_w6,triplet,all,1,1853,persistent_chain
G2_Wcluster_alhx700,2,banded_sym_w6,triplet,all,2,580,persistent_chain
G2_Wcluster_alhx700,2,banded_sym_w6,triplet,all,3,284,persistent_chain
G2_Wcluster_alhx700,2,banded_sym_w6,triplet,all,4,177,persistent_chain
G2_Wcluster_alhx700,2,banded_sym_w6,triplet,all,5,118,persistent_chain
G2_Wcluster_alhx700,2,banded_sym_w6,triplet,all,6,85,persistent_chain
G2_Wcluster_alhx700,2,banded_sym_w6,triplet,all,7,63,persistent_chain
G2_Wcluster_alhx700,2,banded_sym_w6,triplet,all,8,53,persistent_chain
G2_Wcluster_alhx700,2,banded_sym_w6,triplet,all,9,45,persistent_chain
G2_Wcluster_alhx700,2,banded_sym_w6,triplet,all,10,40,persistent_chain
G2_Wcluster_alhx700,2,banded_sym_w6,triplet,all,11,28,persistent_chain
G2_Wcluster_alhx700,2,banded_sym_w6,triplet,all,12,25,persistent_chain
G2_Wcluster_alhx700,2,banded_sym_w6,triplet,all,13,19,persistent_chain
G2_Wcluster_alhx700,2,banded_sym_w6,triplet,all,14,19,persistent_chain
G2_Wcluster_alhx700,2,banded_sym_w6,triplet,all,15,16,persistent_chain
G2_Wcluster_alhx700,2,banded_sym_w6,triplet,all,16,8,persistent_chain
G2_Wcluster_alhx700,2,banded_sym_w6,triplet,all,17,14,persistent_chain
G2_Wcluster_alhx700,2,banded_sym_w6,triplet,all,18,15,persistent_chain
G2_Wcluster_alhx700,2,banded_sym_w6,triplet,all,19,15,persistent_chain
G2_Wcluster_alhx700,2,banded_sym_w6,triplet,all,20,8,persistent_chain
G2_Wcluster_alhx700,2,banded_sym_w6,triplet,all,21,8,persistent_chain
G2_Wcluster_alhx700,2,banded_sym_w6,triplet,all,22,9,persistent_chain
G2_Wcluster_alhx700,2,banded_sym_w6,triplet,all,23,6,persistent_chain
G2_Wcluster_alhx700,2,banded_sym_w6,triplet,all,24,7,persistent_chain
G2_Wcluster_alhx700,2,banded_sym_w6,triplet,all,25,7,persistent_chain
G2_Wcluster_alhx700,2,banded_sym_w6,triplet,all,26,7,persistent_chain
G2_Wcluster_alhx700,2,banded_sym_w6,triplet,all,27,7,persistent_chain
G2_Wcluster_alhx700,2,banded_sym_w6,triplet,all,28,4,persistent_chain
G2_Wcluster_alhx700,2,banded_sym_w6,triplet,all,30,9,persistent_chain
G2_Wcluster_alhx700,2,banded_sym_w6,triplet,all,31,4,persistent_chain
G2_Wcluster_alhx700,2,banded_sym_w6,triplet,all,32,3,persistent_chain
G2_Wcluster_alhx700,2,banded_sym_w6,triplet,all,33,2,persistent_chain
G2_Wcluster_alhx700,2,banded_sym_w6,triplet,all,36,1,persistent_chain
G2_Wcluster_alhx700,2,banded_sym_w6,triplet,all,37,3,persistent_chain
G2_Wcluster_alhx700,2,banded_sym_w6,triplet,all,38,1,persistent_chain
G2_Wcluster_alhx700,2,banded_sym_w6,triplet,all,39,4,persistent_chain
G2_Wcluster_alhx700,2,banded_sym_w6,triplet,all,40,4,persistent_chain
G2_Wcluster_alhx700,2,banded_sym_w6,triplet,all,41,2,persistent_chain
G2_Wcluster_alhx700,2,banded_sym_w6,triplet,all,43,1,persistent_chain
G2_Wcluster_alhx700,2,banded_sym_w6,triplet,all,45,3,persistent_chain
G2_Wcluster_alhx700,2,banded_sym_w6,triplet,all,50,2,persistent_chain
G2_Wcluster_alhx700,2,banded_sym_w6,triplet,all,51,2,persistent_chain
G2_Wcluster_alhx700,2,banded_sym_w6,triplet,all,56,2,persistent_chain
G2_Wcluster_alhx700,2,banded_sym_w6,triplet,all,58,1,persistent_chain
G2_Wcluster_alhx700,2,banded_sym_w6,triplet,all,59,1,persistent_chain
G2_Wcluster_alhx700,2,banded_sym_w6,triplet,all,62,1,persistent_chain
G2_Wcluster_alhx700,2,banded_sym_w6,triplet,all,63,2,persistent_chain
G2_Wcluster_alhx700,2,banded_sym_w6,triplet,all,64,2,persistent_chain
G2_Wcluster_alhx700,2,banded_sym_w6,triplet,all,70,2,persistent_chain
G2_Wcluster_alhx700,2,banded_sym_w6,triplet,all,72,1,persistent_chain
G2_Wcluster_alhx700,2,banded_sym_w6,triplet,all,78,1,persistent_chain
G2_Wcluster_alhx700,2,banded_sym_w6,triplet,all,85,1,persistent_chain
G2_Wcluster_alhx700,2,banded_sym_w6,triplet,all,86,1,persistent_chain
G2_Wcluster_alhx700,2,banded_sym_w6,triplet,all,104,2,persistent_chain
G2_Wcluster_alhx700,2,banded_sym_w6,triplet,all,108,1,persistent_chain
G2_Wcluster_alhx700,2,banded_sym_w6,triplet,all,126,1,persistent_chain
G2_Wcluster_alhx700,2,banded_sym_w6,triplet,all,183,1,persistent_chain
G2_Wcluster_alhx700,2,banded_sym_w6,triplet,all,364,1,persistent_chain
G2_Wcluster_alhx700,2,banded_sym_w8,one,all,1,7230,persistent_chain
G2_Wcluster_alhx700,2,banded_sym_w8,one,all,2,2489,persistent_chain
G2_Wcluster_alhx700,2,banded_sym_w8,one,all,3,1229,persistent_chain
G2_Wcluster_alhx700,2,banded_sym_w8,one,all,4,803,persistent_chain
G2_Wcluster_alhx700,2,banded_sym_w8,one,all,5,553,persistent_chain
G2_Wcluster_alhx700,2,banded_sym_w8,one,all,6,400,persistent_chain
G2_Wcluster_alhx700,2,banded_sym_w8,one,all,7,288,persistent_chain
G2_Wcluster_alhx700,2,banded_sym_w8,one,all,8,215,persistent_chain
G2_Wcluster_alhx700,2,banded_sym_w8,one,all,9,201,persistent_chain
G2_Wcluster_alhx700,2,banded_sym_w8,one,all,10,190,persistent_chain
G2_Wcluster_alhx700,2,banded_sym_w8,one,all,11,146,persistent_chain
G2_Wcluster_alhx700,2,banded_sym_w8,one,all,12,118,persistent_chain
G2_Wcluster_alhx700,2,banded_sym_w8,one,all,13,104,persistent_chain
G2_Wcluster_alhx700,2,banded_sym_w8,one,all,14,91,persistent_chain
G2_Wcluster_alhx700,2,banded_sym_w8,one,all,15,80,persistent_chain
G2_Wcluster_alhx700,2,banded_sym_w8,one,all,16,74,persistent_chain
G2_Wcluster_alhx700,2,banded_sym_w8,one,all,17,66,persistent_chain
G2_Wcluster_alhx700,2,banded_sym_w8,one,all,18,58,persistent_chain
G2_Wcluster_alhx700,2,banded_sym_w8,one,all,19,54,persistent_chain
G2_Wcluster_alhx700,2,banded_sym_w8,one,all,20,44,persistent_chain
G2_Wcluster_alhx700,2,banded_sym_w8,one,all,21,39,persistent_chain
G2_Wcluster_alhx700,2,banded_sym_w8,one,all,22,37,persistent_chain
G2_Wcluster_alhx700,2,banded_sym_w8,one,all,23,38,persistent_chain
G2_Wcluster_alhx700,2,banded_sym_w8,one,all,24,35,persistent_chain
G2_Wcluster_alhx700,2,banded_sym_w8,one,all,25,30,persistent_chain
G2_Wcluster_alhx700,2,banded_sym_w8,one,all,26,40,persistent_chain
G2_Wcluster_alhx700,2,banded_sym_w8,one,all,27,20,persistent_chain
G2_Wcluster_alhx700,2,banded_sym_w8,one,all,28,27,persistent_chain
G2_Wcluster_alhx700,2,banded_sym_w8,one,all,29,26,persistent_chain
G2_Wcluster_alhx700,2,banded_sym_w8,one,all,30,28,persistent_chain
G2_Wcluster_alhx700,2,banded_sym_w8,one,all,31,19,persistent_chain
G2_Wcluster_alhx700,2,banded_sym_w8,one,all,32,12,persistent_chain
G2_Wcluster_alhx700,2,banded_sym_w8,one,all,33,15,persistent_chain
G2_Wcluster_alhx700,2,banded_sym_w8,one,all,34,18,persistent_chain
G2_Wcluster_alhx700,2,banded_sym_w8,one,all,35,15,persistent_chain
G2_Wcluster_alhx700,2,banded_sym_w8,one,all,36,7,persistent_chain
G2_Wcluster_alhx700,2,banded_sym_w8,one,all,37,16,persistent_chain
G2_Wcluster_alhx700,2,banded_sym_w8,one,all,38,18,persistent_chain
G2_Wcluster_alhx700,2,banded_sym_w8,one,all,39,13,persistent_chain
G2_Wcluster_alhx700,2,banded_sym_w8,one,all,40,8,persistent_chain
G2_Wcluster_alhx700,2,banded_sym_w8,one,all,41,11,persistent_chain
G2_Wcluster_alhx700,2,banded_sym_w8,one,all,42,5,persistent_chain
G2_Wcluster_alhx700,2,banded_sym_w8,one,all,43,15,persistent_chain
G2_Wcluster_alhx700,2,banded_sym_w8,one,all,44,8,persistent_chain
G2_Wcluster_alhx700,2,banded_sym_w8,one,all,45,11,persistent_chain
G2_Wcluster_alhx700,2,banded_sym_w8,one,all,46,8,persistent_chain
G2_Wcluster_alhx700,2,banded_sym_w8,one,all,47,16,persistent_chain
G2_Wcluster_alhx700,2,banded_sym_w8,one,all,48,4,persistent_chain
G2_Wcluster_alhx700,2,banded_sym_w8,one,all,49,13,persistent_chain
G2_Wcluster_alhx700,2,banded_sym_w8,one,all,50,14,persistent_chain
G2_Wcluster_alhx700,2,banded_sym_w8,one,all,51,7,persistent_chain
G2_Wcluster_alhx700,2,banded_sym_w8,one,all,52,10,persistent_chain
G2_Wcluster_alhx700,2,banded_sym_w8,one,all,53,12,persistent_chain
G2_Wcluster_alhx700,2,banded_sym_w8,one,all,54,7,persistent_chain
G2_Wcluster_alhx700,2,banded_sym_w8,one,all,55,3,persistent_chain
G2_Wcluster_alhx700,2,banded_sym_w8,one,all,56,7,persistent_chain
G2_Wcluster_alhx700,2,banded_sym_w8,one,all,57,2,persistent_chain
G2_Wcluster_alhx700,2,banded_sym_w8,one,all,58,2,persistent_chain
G2_Wcluster_alhx700,2,banded_sym_w8,one,all,59,6,persistent_chain
G2_Wcluster_alhx700,2,banded_sym_w8,one,all,60,8,persistent_chain
G2_Wcluster_alhx700,2,banded_sym_w8,one,all,61,11,persistent_chain
G2_Wcluster_alhx700,2,banded_sym_w8,one,all,62,11,persistent_chain
G2_Wcluster_alhx700,2,banded_sym_w8,one,all,63,1,persistent_chain
G2_Wcluster_alhx700,2,banded_sym_w8,one,all,64,6,persistent_chain
G2_Wcluster_alhx700,2,banded_sym_w8,one,all,65,7,persistent_chain
G2_Wcluster_alhx700,2,banded_sym_w8,one,all,66,6,persistent_chain
G2_Wcluster_alhx700,2,banded_sym_w8,one,all,67,4,persistent_chain
G2_Wcluster_alhx700,2,banded_sym_w8,one,all,68,5,persistent_chain
G2_Wcluster_alhx700,2,banded_sym_w8,one,all,69,5,persistent_chain
G2_Wcluster_alhx700,2,banded_sym_w8,one,all,70,8,persistent_chain
G2_Wcluster_alhx700,2,banded_sym_w8,one,all,71,2,persistent_chain
G2_Wcluster_alhx700,2,banded_sym_w8,one,all,72,2,persistent_chain
G2_Wcluster_alhx700,2,banded_sym_w8,one,all,73,2,persistent_chain
G2_Wcluster_alhx700,2,banded_sym_w8,one,all,74,3,persistent_chain
G2_Wcluster_alhx700,2,banded_sym_w8,one,all,75,6,persistent_chain
G2_Wcluster_alhx700,2,banded_sym_w8,one,all,76,2,persistent_chain
G2_Wcluster_alhx700,2,banded_sym_w8,one,all,77,4,persistent_chain
G2_Wcluster_alhx700,2,banded_sym_w8,one,all,78,3,persistent_chain
G2_Wcluster_alhx700,2,banded_sym_w8,one,all,79,3,persistent_chain
G2_Wcluster_alhx700,2,banded_sym_w8,one,all,80,7,persistent_chain
G2_Wcluster_alhx700,2,banded_sym_w8,one,all,81,4,persistent_chain
G2_Wcluster_alhx700,2,banded_sym_w8,one,all,82,4,persistent_chain
G2_Wcluster_alhx700,2,banded_sym_w8,one,all,83,5,persistent_chain
G2_Wcluster_alhx700,2,banded_sym_w8,one,all,84,2,persistent_chain
G2_Wcluster_alhx700,2,banded_sym_w8,one,all,86,1,persistent_chain
G2_Wcluster_alhx700,2,banded_sym_w8,one,all,87,1,persistent_chain
G2_Wcluster_alhx700,2,banded_sym_w8,one,all,88,5,persistent_chain
G2_Wcluster_alhx700,2,banded_sym_w8,one,all,89,3,persistent_chain
G2_Wcluster_alhx700,2,banded_sym_w8,one,all,90,4,persistent_chain
G2_Wcluster_alhx700,2,banded_sym_w8,one,all,91,3,persistent_chain
G2_Wcluster_alhx700,2,banded_sym_w8,one,all,92,5,persistent_chain
G2_Wcluster_alhx700,2,banded_sym_w8,one,all,93,1,persistent_chain
G2_Wcluster_alhx700,2,banded_sym_w8,one,all,94,3,persistent_chain
G2_Wcluster_alhx700,2,banded_sym_w8,one,all,95,1,persistent_chain
G2_Wcluster_alhx700,2,banded_sym_w8,one,all,97,2,persistent_chain
G2_Wcluster_alhx700,2,banded_sym_w8,one,all,98,1,persistent_chain
G2_Wcluster_alhx700,2,banded_sym_w8,one,all,99,1,persistent_chain
G2_Wcluster_alhx700,2,banded_sym_w8,one,all,101,3,persistent_chain
G2_Wcluster_alhx700,2,banded_sym_w8,one,all,102,3,persistent_chain
G2_Wcluster_alhx700,2,banded_sym_w8,one,all,104,3,persistent_chain
G2_Wcluster_alhx700,2,banded_sym_w8,one,all,105,2,persistent_chain
G2_Wcluster_alhx700,2,banded_sym_w8,one,all,106,2,persistent_chain
G2_Wcluster_alhx700,2,banded_sym_w8,one,all,107,1,persistent_chain
G2_Wcluster_alhx700,2,banded_sym_w8,one,all,108,6,persistent_chain
G2_Wcluster_alhx700,2,banded_sym_w8,one,all,109,1,persistent_chain
G2_Wcluster_alhx700,2,banded_sym_w8,one,all,110,3,persistent_chain
G2_Wcluster_alhx700,2,banded_sym_w8,one,all,111,1,persistent_chain
G2_Wcluster_alhx700,2,banded_sym_w8,one,all,113,2,persistent_chain
G2_Wcluster_alhx700,2,banded_sym_w8,one,all,114,3,persistent_chain
G2_Wcluster_alhx700,2,banded_sym_w8,one,all,115,2,persistent_chain
G2_Wcluster_alhx700,2,banded_sym_w8,one,all,116,1,persistent_chain
G2_Wcluster_alhx700,2,banded_sym_w8,one,all,117,1,persistent_chain
G2_Wcluster_alhx700,2,banded_sym_w8,one,all,118,1,persistent_chain
G2_Wcluster_alhx700,2,banded_sym_w8,one,all,119,3,persistent_chain
G2_Wcluster_alhx700,2,banded_sym_w8,one,all,121,1,persistent_chain
G2_Wcluster_alhx700,2,banded_sym_w8,one,all,122,2,persistent_chain
G2_Wcluster_alhx700,2,banded_sym_w8,one,all,123,3,persistent_chain
G2_Wcluster_alhx700,2,banded_sym_w8,one,all,124,1,persistent_chain
G2_Wcluster_alhx700,2,banded_sym_w8,one,all,127,1,persistent_chain
G2_Wcluster_alhx700,2,banded_sym_w8,one,all,128,1,persistent_chain
G2_Wcluster_alhx700,2,banded_sym_w8,one,all,129,1,persistent_chain
G2_Wcluster_alhx700,2,banded_sym_w8,one,all,130,3,persistent_chain
G2_Wcluster_alhx700,2,banded_sym_w8,one,all,131,1,persistent_chain
G2_Wcluster_alhx700,2,banded_sym_w8,one,all,132,1,persistent_chain
G2_Wcluster_alhx700,2,banded_sym_w8,one,all,134,2,persistent_chain
G2_Wcluster_alhx700,2,banded_sym_w8,one,all,135,2,persistent_chain
G2_Wcluster_alhx700,2,banded_sym_w8,one,all,136,1,persistent_chain
G2_Wcluster_alhx700,2,banded_sym_w8,one,all,137,1,persistent_chain
G2_Wcluster_alhx700,2,banded_sym_w8,one,all,139,4,persistent_chain
G2_Wcluster_alhx700,2,banded_sym_w8,one,all,140,1,persistent_chain
G2_Wcluster_alhx700,2,banded_sym_w8,one,all,141,1,persistent_chain
G2_Wcluster_alhx700,2,banded_sym_w8,one,all,142,2,persistent_chain
G2_Wcluster_alhx700,2,banded_sym_w8,one,all,143,1,persistent_chain
G2_Wcluster_alhx700,2,banded_sym_w8,one,all,144,2,persistent_chain
G2_Wcluster_alhx700,2,banded_sym_w8,one,all,145,3,persistent_chain
G2_Wcluster_alhx700,2,banded_sym_w8,one,all,146,1,persistent_chain
G2_Wcluster_alhx700,2,banded_sym_w8,one,all,147,3,persistent_chain
G2_Wcluster_alhx700,2,banded_sym_w8,one,all,148,1,persistent_chain
G2_Wcluster_alhx700,2,banded_sym_w8,one,all,150,2,persistent_chain
G2_Wcluster_alhx700,2,banded_sym_w8,one,all,151,1,persistent_chain
G2_Wcluster_alhx700,2,banded_sym_w8,one,all,152,2,persistent_chain
G2_Wcluster_alhx700,2,banded_sym_w8,one,all,153,1,persistent_chain
G2_Wcluster_alhx700,2,banded_sym_w8,one,all,155,2,persistent_chain
G2_Wcluster_alhx700,2,banded_sym_w8,one,all,156,1,persistent_chain
G2_Wcluster_alhx700,2,banded_sym_w8,one,all,157,2,persistent_chain
G2_Wcluster_alhx700,2,banded_sym_w8,one,all,158,2,persistent_chain
G2_Wcluster_alhx700,2,banded_sym_w8,one,all,160,1,persistent_chain
G2_Wcluster_alhx700,2,banded_sym_w8,one,all,161,2,persistent_chain
G2_Wcluster_alhx700,2,banded_sym_w8,one,all,163,1,persistent_chain
G2_Wcluster_alhx700,2,banded_sym_w8,one,all,164,1,persistent_chain
G2_Wcluster_alhx700,2,banded_sym_w8,one,all,165,1,persistent_chain
G2_Wcluster_alhx700,2,banded_sym_w8,one,all,166,1,persistent_chain
G2_Wcluster_alhx700,2,banded_sym_w8,one,all,169,1,persistent_chain
G2_Wcluster_alhx700,2,banded_sym_w8,one,all,170,1,persistent_chain
G2_Wcluster_alhx700,2,banded_sym_w8,one,all,173,1,persistent_chain
G2_Wcluster_alhx700,2,banded_sym_w8,one,all,174,2,persistent_chain
G2_Wcluster_alhx700,2,banded_sym_w8,one,all,177,1,persistent_chain
G2_Wcluster_alhx700,2,banded_sym_w8,one,all,179,2,persistent_chain
G2_Wcluster_alhx700,2,banded_sym_w8,one,all,180,1,persistent_chain
G2_Wcluster_alhx700,2,banded_sym_w8,one,all,183,1,persistent_chain
G2_Wcluster_alhx700,2,banded_sym_w8,one,all,186,2,persistent_chain
G2_Wcluster_alhx700,2,banded_sym_w8,one,all,189,1,persistent_chain
G2_Wcluster_alhx700,2,banded_sym_w8,one,all,191,1,persistent_chain
G2_Wcluster_alhx700,2,banded_sym_w8,one,all,192,3,persistent_chain
G2_Wcluster_alhx700,2,banded_sym_w8,one,all,193,1,persistent_chain
G2_Wcluster_alhx700,2,banded_sym_w8,one,all,195,2,persistent_chain
G2_Wcluster_alhx700,2,banded_sym_w8,one,all,198,1,persistent_chain
G2_Wcluster_alhx700,2,banded_sym_w8,one,all,201,1,persistent_chain
G2_Wcluster_alhx700,2,banded_sym_w8,one,all,202,2,persistent_chain
G2_Wcluster_alhx700,2,banded_sym_w8,one,all,203,1,persistent_chain
G2_Wcluster_alhx700,2,banded_sym_w8,one,all,206,2,persistent_chain
G2_Wcluster_alhx700,2,banded_sym_w8,one,all,209,1,persistent_chain
G2_Wcluster_alhx700,2,banded_sym_w8,one,all,213,1,persistent_chain
G2_Wcluster_alhx700,2,banded_sym_w8,one,all,215,1,persistent_chain
G2_Wcluster_alhx700,2,banded_sym_w8,one,all,217,1,persistent_chain
G2_Wcluster_alhx700,2,banded_sym_w8,one,all,221,1,persistent_chain
G2_Wcluster_alhx700,2,banded_sym_w8,one,all,224,1,persistent_chain
G2_Wcluster_alhx700,2,banded_sym_w8,one,all,226,1,persistent_chain
G2_Wcluster_alhx700,2,banded_sym_w8,one,all,229,1,persistent_chain
G2_Wcluster_alhx700,2,banded_sym_w8,one,all,234,1,persistent_chain
G2_Wcluster_alhx700,2,banded_sym_w8,one,all,235,1,persistent_chain
G2_Wcluster_alhx700,2,banded_sym_w8,one,all,236,1,persistent_chain
G2_Wcluster_alhx700,2,banded_sym_w8,one,all,238,1,persistent_chain
G2_Wcluster_alhx700,2,banded_sym_w8,one,all,250,2,persistent_chain
G2_Wcluster_alhx700,2,banded_sym_w8,one,all,254,1,persistent_chain
G2_Wcluster_alhx700,2,banded_sym_w8,one,all,261,1,persistent_chain
G2_Wcluster_alhx700,2,banded_sym_w8,one,all,266,1,persistent_chain
G2_Wcluster_alhx700,2,banded_sym_w8,one,all,267,1,persistent_chain
G2_Wcluster_alhx700,2,banded_sym_w8,one,all,283,1,persistent_chain
G2_Wcluster_alhx700,2,banded_sym_w8,one,all,286,1,persistent_chain
G2_Wcluster_alhx700,2,banded_sym_w8,one,all,287,1,persistent_chain
G2_Wcluster_alhx700,2,banded_sym_w8,one,all,289,1,persistent_chain
G2_Wcluster_alhx700,2,banded_sym_w8,one,all,292,2,persistent_chain
G2_Wcluster_alhx700,2,banded_sym_w8,one,all,296,2,persistent_chain
G2_Wcluster_alhx700,2,banded_sym_w8,one,all,297,1,persistent_chain
G2_Wcluster_alhx700,2,banded_sym_w8,one,all,300,1,persistent_chain
G2_Wcluster_alhx700,2,banded_sym_w8,one,all,306,2,persistent_chain
G2_Wcluster_alhx700,2,banded_sym_w8,one,all,310,1,persistent_chain
G2_Wcluster_alhx700,2,banded_sym_w8,one,all,312,1,persistent_chain
G2_Wcluster_alhx700,2,banded_sym_w8,one,all,321,1,persistent_chain
G2_Wcluster_alhx700,2,banded_sym_w8,one,all,323,1,persistent_chain
G2_Wcluster_alhx700,2,banded_sym_w8,one,all,327,2,persistent_chain
G2_Wcluster_alhx700,2,banded_sym_w8,one,all,330,1,persistent_chain
G2_Wcluster_alhx700,2,banded_sym_w8,one,all,339,2,persistent_chain
G2_Wcluster_alhx700,2,banded_sym_w8,one,all,346,2,persistent_chain
G2_Wcluster_alhx700,2,banded_sym_w8,one,all,357,1,persistent_chain
G2_Wcluster_alhx700,2,banded_sym_w8,one,all,370,1,persistent_chain
G2_Wcluster_alhx700,2,banded_sym_w8,one,all,376,1,persistent_chain
G2_Wcluster_alhx700,2,banded_sym_w8,one,all,377,1,persistent_chain
G2_Wcluster_alhx700,2,banded_sym_w8,one,all,385,1,persistent_chain
G2_Wcluster_alhx700,2,banded_sym_w8,one,all,388,1,persistent_chain
G2_Wcluster_alhx700,2,banded_sym_w8,one,all,396,1,persistent_chain
G2_Wcluster_alhx700,2,banded_sym_w8,one,all,409,1,persistent_chain
G2_Wcluster_alhx700,2,banded_sym_w8,one,all,410,1,persistent_chain
G2_Wcluster_alhx700,2,banded_sym_w8,one,all,421,1,persistent_chain
G2_Wcluster_alhx700,2,banded_sym_w8,one,all,430,1,persistent_chain
G2_Wcluster_alhx700,2,banded_sym_w8,one,all,431,1,persistent_chain
G2_Wcluster_alhx700,2,banded_sym_w8,one,all,443,1,persistent_chain
G2_Wcluster_alhx700,2,banded_sym_w8,one,all,445,2,persistent_chain
G2_Wcluster_alhx700,2,banded_sym_w8,one,all,465,1,persistent_chain
G2_Wcluster_alhx700,2,banded_sym_w8,one,all,466,1,persistent_chain
G2_Wcluster_alhx700,2,banded_sym_w8,one,all,468,1,persistent_chain
G2_Wcluster_alhx700,2,banded_sym_w8,one,all,471,1,persistent_chain
G2_Wcluster_alhx700,2,banded_sym_w8,one,all,484,1,persistent_chain
G2_Wcluster_alhx700,2,banded_sym_w8,one,all,485,1,persistent_chain
G2_Wcluster_alhx700,2,banded_sym_w8,one,all,496,1,persistent_chain
G2_Wcluster_alhx700,2,banded_sym_w8,one,all,504,1,persistent_chain
G2_Wcluster_alhx700,2,banded_sym_w8,one,all,514,1,persistent_chain
G2_Wcluster_alhx700,2,banded_sym_w8,one,all,520,1,persistent_chain
G2_Wcluster_alhx700,2,banded_sym_w8,one,all,523,1,persistent_chain
G2_Wcluster_alhx700,2,banded_sym_w8,one,all,527,1,persistent_chain
G2_Wcluster_alhx700,2,banded_sym_w8,one,all,535,1,persistent_chain
G2_Wcluster_alhx700,2,banded_sym_w8,one,all,617,1,persistent_chain
G2_Wcluster_alhx700,2,banded_sym_w8,one,all,638,1,persistent_chain
G2_Wcluster_alhx700,2,banded_sym_w8,one,all,703,1,persistent_chain
G2_Wcluster_alhx700,2,banded_sym_w8,one,all,727,1,persistent_chain
G2_Wcluster_alhx700,2,banded_sym_w8,one,all,743,1,persistent_chain
G2_Wcluster_alhx700,2,banded_sym_w8,one,all,821,1,persistent_chain
G2_Wcluster_alhx700,2,banded_sym_w8,one,all,841,1,persistent_chain
G2_Wcluster_alhx700,2,banded_sym_w8,one,all,855,1,persistent_chain
G2_Wcluster_alhx700,2,banded_sym_w8,one,all,871,1,persistent_chain
G2_Wcluster_alhx700,2,banded_sym_w8,one,all,877,1,persistent_chain
G2_Wcluster_alhx700,2,banded_sym_w8,one,all,896,1,persistent_chain
G2_Wcluster_alhx700,2,banded_sym_w8,one,all,940,1,persistent_chain
G2_Wcluster_alhx700,2,banded_sym_w8,one,all,1078,1,persistent_chain
G2_Wcluster_alhx700,2,banded_sym_w8,one,all,1091,1,persistent_chain
G2_Wcluster_alhx700,2,banded_sym_w8,one,all,1142,1,persistent_chain
G2_Wcluster_alhx700,2,banded_sym_w8,one,all,1182,1,persistent_chain
G2_Wcluster_alhx700,2,banded_sym_w8,one,all,1439,1,persistent_chain
G2_Wcluster_alhx700,2,banded_sym_w8,one,all,1558,1,persistent_chain
G2_Wcluster_alhx700,2,banded_sym_w8,one,all,1579,1,persistent_chain
G2_Wcluster_alhx700,2,banded_sym_w8,one,all,1590,1,persistent_chain
G2_Wcluster_alhx700,2,banded_sym_w8,one,all,1692,1,persistent_chain
G2_Wcluster_alhx700,2,banded_sym_w8,one,all,2040,1,persistent_chain
G2_Wcluster_alhx700,2,banded_sym_w8,one,all,3006,1,persistent_chain
G2_Wcluster_alhx700,2,banded_sym_w8,one,all,4072,1,persistent_chain
G2_Wcluster_alhx700,2,banded_sym_w8,one,all,5602,1,persistent_chain
G2_Wcluster_alhx700,2,banded_sym_w8,three,all,1,5367,persistent_chain
G2_Wcluster_alhx700,2,banded_sym_w8,three,all,2,1855,persistent_chain
G2_Wcluster_alhx700,2,banded_sym_w8,three,all,3,892,persistent_chain
G2_Wcluster_alhx700,2,banded_sym_w8,three,all,4,560,persistent_chain
G2_Wcluster_alhx700,2,banded_sym_w8,three,all,5,371,persistent_chain
G2_Wcluster_alhx700,2,banded_sym_w8,three,all,6,259,persistent_chain
G2_Wcluster_alhx700,2,banded_sym_w8,three,all,7,217,persistent_chain
G2_Wcluster_alhx700,2,banded_sym_w8,three,all,8,173,persistent_chain
G2_Wcluster_alhx700,2,banded_sym_w8,three,all,9,111,persistent_chain
G2_Wcluster_alhx700,2,banded_sym_w8,three,all,10,114,persistent_chain
G2_Wcluster_alhx700,2,banded_sym_w8,three,all,11,85,persistent_chain
G2_Wcluster_alhx700,2,banded_sym_w8,three,all,12,56,persistent_chain
G2_Wcluster_alhx700,2,banded_sym_w8,three,all,13,66,persistent_chain
G2_Wcluster_alhx700,2,banded_sym_w8,three,all,14,75,persistent_chain
G2_Wcluster_alhx700,2,banded_sym_w8,three,all,15,49,persistent_chain
G2_Wcluster_alhx700,2,banded_sym_w8,three,all,16,51,persistent_chain
G2_Wcluster_alhx700,2,banded_sym_w8,three,all,17,42,persistent_chain
G2_Wcluster_alhx700,2,banded_sym_w8,three,all,18,42,persistent_chain
G2_Wcluster_alhx700,2,banded_sym_w8,three,all,19,26,persistent_chain
G2_Wcluster_alhx700,2,banded_sym_w8,three,all,20,29,persistent_chain
G2_Wcluster_alhx700,2,banded_sym_w8,three,all,21,26,persistent_chain
G2_Wcluster_alhx700,2,banded_sym_w8,three,all,22,22,persistent_chain
G2_Wcluster_alhx700,2,banded_sym_w8,three,all,23,18,persistent_chain
G2_Wcluster_alhx700,2,banded_sym_w8,three,all,24,10,persistent_chain
G2_Wcluster_alhx700,2,banded_sym_w8,three,all,25,16,persistent_chain
G2_Wcluster_alhx700,2,banded_sym_w8,three,all,26,17,persistent_chain
G2_Wcluster_alhx700,2,banded_sym_w8,three,all,27,23,persistent_chain
G2_Wcluster_alhx700,2,banded_sym_w8,three,all,28,14,persistent_chain
G2_Wcluster_alhx700,2,banded_sym_w8,three,all,29,20,persistent_chain
G2_Wcluster_alhx700,2,banded_sym_w8,three,all,30,8,persistent_chain
G2_Wcluster_alhx700,2,banded_sym_w8,three,all,31,11,persistent_chain
G2_Wcluster_alhx700,2,banded_sym_w8,three,all,32,10,persistent_chain
G2_Wcluster_alhx700,2,banded_sym_w8,three,all,33,17,persistent_chain
G2_Wcluster_alhx700,2,banded_sym_w8,three,all,34,8,persistent_chain
G2_Wcluster_alhx700,2,banded_sym_w8,three,all,35,6,persistent_chain
G2_Wcluster_alhx700,2,banded_sym_w8,three,all,36,9,persistent_chain
G2_Wcluster_alhx700,2,banded_sym_w8,three,all,37,8,persistent_chain
G2_Wcluster_alhx700,2,banded_sym_w8,three,all,38,12,persistent_chain
G2_Wcluster_alhx700,2,banded_sym_w8,three,all,39,9,persistent_chain
G2_Wcluster_alhx700,2,banded_sym_w8,three,all,40,3,persistent_chain
G2_Wcluster_alhx700,2,banded_sym_w8,three,all,41,7,persistent_chain
G2_Wcluster_alhx700,2,banded_sym_w8,three,all,42,6,persistent_chain
G2_Wcluster_alhx700,2,banded_sym_w8,three,all,43,5,persistent_chain
G2_Wcluster_alhx700,2,banded_sym_w8,three,all,44,6,persistent_chain
G2_Wcluster_alhx700,2,banded_sym_w8,three,all,45,4,persistent_chain
G2_Wcluster_alhx700,2,banded_sym_w8,three,all,46,9,persistent_chain
G2_Wcluster_alhx700,2,banded_sym_w8,three,all,47,4,persistent_chain
G2_Wcluster_alhx700,2,banded_sym_w8,three,all,48,7,persistent_chain
G2_Wcluster_alhx700,2,banded_sym_w8,three,all,49,3,persistent_chain
G2_Wcluster_alhx700,2,banded_sym_w8,three,all,50,8,persistent_chain
G2_Wcluster_alhx700,2,banded_sym_w8,three,all,51,7,persistent_chain
G2_Wcluster_alhx700,2,banded_sym_w8,three,all,52,4,persistent_chain
G2_Wcluster_alhx700,2,banded_sym_w8,three,all,53,8,persistent_chain
G2_Wcluster_alhx700,2,banded_sym_w8,three,all,54,7,persistent_chain
G2_Wcluster_alhx700,2,banded_sym_w8,three,all,55,2,persistent_chain
G2_Wcluster_alhx700,2,banded_sym_w8,three,all,56,1,persistent_chain
G2_Wcluster_alhx700,2,banded_sym_w8,three,all,57,7,persistent_chain
G2_Wcluster_alhx700,2,banded_sym_w8,three,all,58,7,persistent_chain
G2_Wcluster_alhx700,2,banded_sym_w8,three,all,59,4,persistent_chain
G2_Wcluster_alhx700,2,banded_sym_w8,three,all,60,2,persistent_chain
G2_Wcluster_alhx700,2,banded_sym_w8,three,all,61,8,persistent_chain
G2_Wcluster_alhx700,2,banded_sym_w8,three,all,62,5,persistent_chain
G2_Wcluster_alhx700,2,banded_sym_w8,three,all,63,1,persistent_chain
G2_Wcluster_alhx700,2,banded_sym_w8,three,all,64,2,persistent_chain
G2_Wcluster_alhx700,2,banded_sym_w8,three,all,65,2,persistent_chain
G2_Wcluster_alhx700,2,banded_sym_w8,three,all,67,3,persistent_chain
G2_Wcluster_alhx700,2,banded_sym_w8,three,all,68,2,persistent_chain
G2_Wcluster_alhx700,2,banded_sym_w8,three,all,69,3,persistent_chain
G2_Wcluster_alhx700,2,banded_sym_w8,three,all,70,2,persistent_chain
G2_Wcluster_alhx700,2,banded_sym_w8,three,all,71,2,persistent_chain
G2_Wcluster_alhx700,2,banded_sym_w8,three,all,72,4,persistent_chain
G2_Wcluster_alhx700,2,banded_sym_w8,three,all,73,1,persistent_chain
G2_Wcluster_alhx700,2,banded_sym_w8,three,all,74,2,persistent_chain
G2_Wcluster_alhx700,2,banded_sym_w8,three,all,75,2,persistent_chain
G2_Wcluster_alhx700,2,banded_sym_w8,three,all,76,5,persistent_chain
G2_Wcluster_alhx700,2,banded_sym_w8,three,all,77,1,persistent_chain
G2_Wcluster_alhx700,2,banded_sym_w8,three,all,78,4,persistent_chain
G2_Wcluster_alhx700,2,banded_sym_w8,three,all,80,2,persistent_chain
G2_Wcluster_alhx700,2,banded_sym_w8,three,all,81,2,persistent_chain
G2_Wcluster_alhx700,2,banded_sym_w8,three,all,82,2,persistent_chain
G2_Wcluster_alhx700,2,banded_sym_w8,three,all,83,2,persistent_chain
G2_Wcluster_alhx700,2,banded_sym_w8,three,all,84,3,persistent_chain
G2_Wcluster_alhx700,2,banded_sym_w8,three,all,86,3,persistent_chain
G2_Wcluster_alhx700,2,banded_sym_w8,three,all,87,3,persistent_chain
G2_Wcluster_alhx700,2,banded_sym_w8,three,all,88,4,persistent_chain
G2_Wcluster_alhx700,2,banded_sym_w8,three,all,89,2,persistent_chain
G2_Wcluster_alhx700,2,banded_sym_w8,three,all,90,3,persistent_chain
G2_Wcluster_alhx700,2,banded_sym_w8,three,all,91,2,persistent_chain
G2_Wcluster_alhx700,2,banded_sym_w8,three,all,92,1,persistent_chain
G2_Wcluster_alhx700,2,banded_sym_w8,three,all,93,1,persistent_chain
G2_Wcluster_alhx700,2,banded_sym_w8,three,all,94,2,persistent_chain
G2_Wcluster_alhx700,2,banded_sym_w8,three,all,96,1,persistent_chain
G2_Wcluster_alhx700,2,banded_sym_w8,three,all,97,3,persistent_chain
G2_Wcluster_alhx700,2,banded_sym_w8,three,all,98,1,persistent_chain
G2_Wcluster_alhx700,2,banded_sym_w8,three,all,99,2,persistent_chain
G2_Wcluster_alhx700,2,banded_sym_w8,three,all,100,1,persistent_chain
G2_Wcluster_alhx700,2,banded_sym_w8,three,all,101,1,persistent_chain
G2_Wcluster_alhx700,2,banded_sym_w8,three,all,102,1,persistent_chain
G2_Wcluster_alhx700,2,banded_sym_w8,three,all,104,2,persistent_chain
G2_Wcluster_alhx700,2,banded_sym_w8,three,all,105,3,persistent_chain
G2_Wcluster_alhx700,2,banded_sym_w8,three,all,106,3,persistent_chain
G2_Wcluster_alhx700,2,banded_sym_w8,three,all,107,3,persistent_chain
G2_Wcluster_alhx700,2,banded_sym_w8,three,all,109,1,persistent_chain
G2_Wcluster_alhx700,2,banded_sym_w8,three,all,110,1,persistent_chain
G2_Wcluster_alhx700,2,banded_sym_w8,three,all,111,2,persistent_chain
G2_Wcluster_alhx700,2,banded_sym_w8,three,all,113,1,persistent_chain
G2_Wcluster_alhx700,2,banded_sym_w8,three,all,114,2,persistent_chain
G2_Wcluster_alhx700,2,banded_sym_w8,three,all,115,2,persistent_chain
G2_Wcluster_alhx700,2,banded_sym_w8,three,all,117,1,persistent_chain
G2_Wcluster_alhx700,2,banded_sym_w8,three,all,118,1,persistent_chain
G2_Wcluster_alhx700,2,banded_sym_w8,three,all,121,2,persistent_chain
G2_Wcluster_alhx700,2,banded_sym_w8,three,all,124,2,persistent_chain
G2_Wcluster_alhx700,2,banded_sym_w8,three,all,126,2,persistent_chain
G2_Wcluster_alhx700,2,banded_sym_w8,three,all,130,1,persistent_chain
G2_Wcluster_alhx700,2,banded_sym_w8,three,all,131,1,persistent_chain
G2_Wcluster_alhx700,2,banded_sym_w8,three,all,133,1,persistent_chain
G2_Wcluster_alhx700,2,banded_sym_w8,three,all,136,1,persistent_chain
G2_Wcluster_alhx700,2,banded_sym_w8,three,all,137,1,persistent_chain
G2_Wcluster_alhx700,2,banded_sym_w8,three,all,138,2,persistent_chain
G2_Wcluster_alhx700,2,banded_sym_w8,three,all,140,3,persistent_chain
G2_Wcluster_alhx700,2,banded_sym_w8,three,all,142,1,persistent_chain
G2_Wcluster_alhx700,2,banded_sym_w8,three,all,143,1,persistent_chain
G2_Wcluster_alhx700,2,banded_sym_w8,three,all,144,1,persistent_chain
G2_Wcluster_alhx700,2,banded_sym_w8,three,all,146,1,persistent_chain
G2_Wcluster_alhx700,2,banded_sym_w8,three,all,148,1,persistent_chain
G2_Wcluster_alhx700,2,banded_sym_w8,three,all,149,1,persistent_chain
G2_Wcluster_alhx700,2,banded_sym_w8,three,all,153,2,persistent_chain
G2_Wcluster_alhx700,2,banded_sym_w8,three,all,154,1,persistent_chain
G2_Wcluster_alhx700,2,banded_sym_w8,three,all,155,2,persistent_chain
G2_Wcluster_alhx700,2,banded_sym_w8,three,all,157,2,persistent_chain
G2_Wcluster_alhx700,2,banded_sym_w8,three,all,165,1,persistent_chain
G2_Wcluster_alhx700,2,banded_sym_w8,three,all,172,2,persistent_chain
G2_Wcluster_alhx700,2,banded_sym_w8,three,all,174,1,persistent_chain
G2_Wcluster_alhx700,2,banded_sym_w8,three,all,176,2,persistent_chain
G2_Wcluster_alhx700,2,banded_sym_w8,three,all,179,1,persistent_chain
G2_Wcluster_alhx700,2,banded_sym_w8,three,all,183,1,persistent_chain
G2_Wcluster_alhx700,2,banded_sym_w8,three,all,184,1,persistent_chain
G2_Wcluster_alhx700,2,banded_sym_w8,three,all,186,1,persistent_chain
G2_Wcluster_alhx700,2,banded_sym_w8,three,all,187,1,persistent_chain
G2_Wcluster_alhx700,2,banded_sym_w8,three,all,189,1,persistent_chain
G2_Wcluster_alhx700,2,banded_sym_w8,three,all,196,1,persistent_chain
G2_Wcluster_alhx700,2,banded_sym_w8,three,all,197,1,persistent_chain
G2_Wcluster_alhx700,2,banded_sym_w8,three,all,202,1,persistent_chain
G2_Wcluster_alhx700,2,banded_sym_w8,three,all,204,1,persistent_chain
G2_Wcluster_alhx700,2,banded_sym_w8,three,all,207,1,persistent_chain
G2_Wcluster_alhx700,2,banded_sym_w8,three,all,210,1,persistent_chain
G2_Wcluster_alhx700,2,banded_sym_w8,three,all,216,1,persistent_chain
G2_Wcluster_alhx700,2,banded_sym_w8,three,all,223,1,persistent_chain
G2_Wcluster_alhx700,2,banded_sym_w8,three,all,227,2,persistent_chain
G2_Wcluster_alhx700,2,banded_sym_w8,three,all,228,1,persistent_chain
G2_Wcluster_alhx700,2,banded_sym_w8,three,all,230,1,persistent_chain
G2_Wcluster_alhx700,2,banded_sym_w8,three,all,236,1,persistent_chain
G2_Wcluster_alhx700,2,banded_sym_w8,three,all,238,1,persistent_chain
G2_Wcluster_alhx700,2,banded_sym_w8,three,all,240,1,persistent_chain
G2_Wcluster_alhx700,2,banded_sym_w8,three,all,242,1,persistent_chain
G2_Wcluster_alhx700,2,banded_sym_w8,three,all,247,1,persistent_chain
G2_Wcluster_alhx700,2,banded_sym_w8,three,all,248,1,persistent_chain
G2_Wcluster_alhx700,2,banded_sym_w8,three,all,259,1,persistent_chain
G2_Wcluster_alhx700,2,banded_sym_w8,three,all,261,1,persistent_chain
G2_Wcluster_alhx700,2,banded_sym_w8,three,all,267,1,persistent_chain
G2_Wcluster_alhx700,2,banded_sym_w8,three,all,277,1,persistent_chain
G2_Wcluster_alhx700,2,banded_sym_w8,three,all,286,1,persistent_chain
G2_Wcluster_alhx700,2,banded_sym_w8,three,all,288,1,persistent_chain
G2_Wcluster_alhx700,2,banded_sym_w8,three,all,289,1,persistent_chain
G2_Wcluster_alhx700,2,banded_sym_w8,three,all,297,1,persistent_chain
G2_Wcluster_alhx700,2,banded_sym_w8,three,all,306,2,persistent_chain
G2_Wcluster_alhx700,2,banded_sym_w8,three,all,313,1,persistent_chain
G2_Wcluster_alhx700,2,banded_sym_w8,three,all,315,1,persistent_chain
G2_Wcluster_alhx700,2,banded_sym_w8,three,all,321,1,persistent_chain
G2_Wcluster_alhx700,2,banded_sym_w8,three,all,328,1,persistent_chain
G2_Wcluster_alhx700,2,banded_sym_w8,three,all,330,1,persistent_chain
G2_Wcluster_alhx700,2,banded_sym_w8,three,all,335,1,persistent_chain
G2_Wcluster_alhx700,2,banded_sym_w8,three,all,354,1,persistent_chain
G2_Wcluster_alhx700,2,banded_sym_w8,three,all,368,1,persistent_chain
G2_Wcluster_alhx700,2,banded_sym_w8,three,all,377,1,persistent_chain
G2_Wcluster_alhx700,2,banded_sym_w8,three,all,385,1,persistent_chain
G2_Wcluster_alhx700,2,banded_sym_w8,three,all,413,1,persistent_chain
G2_Wcluster_alhx700,2,banded_sym_w8,three,all,419,1,persistent_chain
G2_Wcluster_alhx700,2,banded_sym_w8,three,all,420,1,persistent_chain
G2_Wcluster_alhx700,2,banded_sym_w8,three,all,435,1,persistent_chain
G2_Wcluster_alhx700,2,banded_sym_w8,three,all,440,1,persistent_chain
G2_Wcluster_alhx700,2,banded_sym_w8,three,all,446,1,persistent_chain
G2_Wcluster_alhx700,2,banded_sym_w8,three,all,451,1,persistent_chain
G2_Wcluster_alhx700,2,banded_sym_w8,three,all,452,1,persistent_chain
G2_Wcluster_alhx700,2,banded_sym_w8,three,all,461,1,persistent_chain
G2_Wcluster_alhx700,2,banded_sym_w8,three,all,469,1,persistent_chain
G2_Wcluster_alhx700,2,banded_sym_w8,three,all,479,1,persistent_chain
G2_Wcluster_alhx700,2,banded_sym_w8,three,all,489,1,persistent_chain
G2_Wcluster_alhx700,2,banded_sym_w8,three,all,491,1,persistent_chain
G2_Wcluster_alhx700,2,banded_sym_w8,three,all,526,1,persistent_chain
G2_Wcluster_alhx700,2,banded_sym_w8,three,all,537,1,persistent_chain
G2_Wcluster_alhx700,2,banded_sym_w8,three,all,561,1,persistent_chain
G2_Wcluster_alhx700,2,banded_sym_w8,three,all,599,1,persistent_chain
G2_Wcluster_alhx700,2,banded_sym_w8,three,all,611,1,persistent_chain
G2_Wcluster_alhx700,2,banded_sym_w8,three,all,614,1,persistent_chain
G2_Wcluster_alhx700,2,banded_sym_w8,three,all,757,1,persistent_chain
G2_Wcluster_alhx700,2,banded_sym_w8,three,all,794,1,persistent_chain
G2_Wcluster_alhx700,2,banded_sym_w8,three,all,994,1,persistent_chain
G2_Wcluster_alhx700,2,banded_sym_w8,three,all,1324,1,persistent_chain
G2_Wcluster_alhx700,2,banded_sym_w8,three,all,1538,1,persistent_chain
G2_Wcluster_alhx700,2,banded_sym_w8,three,all,1579,1,persistent_chain
G2_Wcluster_alhx700,2,banded_sym_w8,three,all,1765,1,persistent_chain
G2_Wcluster_alhx700,2,banded_sym_w8,three,all,3924,1,persistent_chain
G2_Wcluster_alhx700,2,banded_sym_w8,triplet,all,1,2176,persistent_chain
G2_Wcluster_alhx700,2,banded_sym_w8,triplet,all,2,672,persistent_chain
G2_Wcluster_alhx700,2,banded_sym_w8,triplet,all,3,324,persistent_chain
G2_Wcluster_alhx700,2,banded_sym_w8,triplet,all,4,186,persistent_chain
G2_Wcluster_alhx700,2,banded_sym_w8,triplet,all,5,132,persistent_chain
G2_Wcluster_alhx700,2,banded_sym_w8,triplet,all,6,91,persistent_chain
G2_Wcluster_alhx700,2,banded_sym_w8,triplet,all,7,58,persistent_chain
G2_Wcluster_alhx700,2,banded_sym_w8,triplet,all,8,59,persistent_chain
G2_Wcluster_alhx700,2,banded_sym_w8,triplet,all,9,43,persistent_chain
G2_Wcluster_alhx700,2,banded_sym_w8,triplet,all,10,37,persistent_chain
G2_Wcluster_alhx700,2,banded_sym_w8,triplet,all,11,29,persistent_chain
G2_Wcluster_alhx700,2,banded_sym_w8,triplet,all,12,26,persistent_chain
G2_Wcluster_alhx700,2,banded_sym_w8,triplet,all,13,21,persistent_chain
G2_Wcluster_alhx700,2,banded_sym_w8,triplet,all,14,23,persistent_chain
G2_Wcluster_alhx700,2,banded_sym_w8,triplet,all,15,17,persistent_chain
G2_Wcluster_alhx700,2,banded_sym_w8,triplet,all,16,7,persistent_chain
G2_Wcluster_alhx700,2,banded_sym_w8,triplet,all,17,13,persistent_chain
G2_Wcluster_alhx700,2,banded_sym_w8,triplet,all,18,15,persistent_chain
G2_Wcluster_alhx700,2,banded_sym_w8,triplet,all,19,17,persistent_chain
G2_Wcluster_alhx700,2,banded_sym_w8,triplet,all,20,7,persistent_chain
G2_Wcluster_alhx700,2,banded_sym_w8,triplet,all,21,10,persistent_chain
G2_Wcluster_alhx700,2,banded_sym_w8,triplet,all,22,8,persistent_chain
G2_Wcluster_alhx700,2,banded_sym_w8,triplet,all,23,6,persistent_chain
G2_Wcluster_alhx700,2,banded_sym_w8,triplet,all,24,8,persistent_chain
G2_Wcluster_alhx700,2,banded_sym_w8,triplet,all,25,8,persistent_chain
G2_Wcluster_alhx700,2,banded_sym_w8,triplet,all,26,8,persistent_chain
G2_Wcluster_alhx700,2,banded_sym_w8,triplet,all,27,7,persistent_chain
G2_Wcluster_alhx700,2,banded_sym_w8,triplet,all,28,6,persistent_chain
G2_Wcluster_alhx700,2,banded_sym_w8,triplet,all,30,9,persistent_chain
G2_Wcluster_alhx700,2,banded_sym_w8,triplet,all,31,5,persistent_chain
G2_Wcluster_alhx700,2,banded_sym_w8,triplet,all,32,3,persistent_chain
G2_Wcluster_alhx700,2,banded_sym_w8,triplet,all,33,2,persistent_chain
G2_Wcluster_alhx700,2,banded_sym_w8,triplet,all,35,1,persistent_chain
G2_Wcluster_alhx700,2,banded_sym_w8,triplet,all,37,4,persistent_chain
G2_Wcluster_alhx700,2,banded_sym_w8,triplet,all,38,1,persistent_chain
G2_Wcluster_alhx700,2,banded_sym_w8,triplet,all,39,4,persistent_chain
G2_Wcluster_alhx700,2,banded_sym_w8,triplet,all,40,4,persistent_chain
G2_Wcluster_alhx700,2,banded_sym_w8,triplet,all,41,2,persistent_chain
G2_Wcluster_alhx700,2,banded_sym_w8,triplet,all,43,3,persistent_chain
G2_Wcluster_alhx700,2,banded_sym_w8,triplet,all,45,3,persistent_chain
G2_Wcluster_alhx700,2,banded_sym_w8,triplet,all,46,1,persistent_chain
G2_Wcluster_alhx700,2,banded_sym_w8,triplet,all,47,1,persistent_chain
G2_Wcluster_alhx700,2,banded_sym_w8,triplet,all,49,1,persistent_chain
G2_Wcluster_alhx700,2,banded_sym_w8,triplet,all,50,2,persistent_chain
G2_Wcluster_alhx700,2,banded_sym_w8,triplet,all,51,3,persistent_chain
G2_Wcluster_alhx700,2,banded_sym_w8,triplet,all,56,2,persistent_chain
G2_Wcluster_alhx700,2,banded_sym_w8,triplet,all,58,1,persistent_chain
G2_Wcluster_alhx700,2,banded_sym_w8,triplet,all,59,1,persistent_chain
G2_Wcluster_alhx700,2,banded_sym_w8,triplet,all,62,1,persistent_chain
G2_Wcluster_alhx700,2,banded_sym_w8,triplet,all,63,2,persistent_chain
G2_Wcluster_alhx700,2,banded_sym_w8,triplet,all,64,2,persistent_chain
G2_Wcluster_alhx700,2,banded_sym_w8,triplet,all,68,1,persistent_chain
G2_Wcluster_alhx700,2,banded_sym_w8,triplet,all,70,2,persistent_chain
G2_Wcluster_alhx700,2,banded_sym_w8,triplet,all,72,1,persistent_chain
G2_Wcluster_alhx700,2,banded_sym_w8,triplet,all,78,1,persistent_chain
G2_Wcluster_alhx700,2,banded_sym_w8,triplet,all,79,1,persistent_chain
G2_Wcluster_alhx700,2,banded_sym_w8,triplet,all,85,1,persistent_chain
G2_Wcluster_alhx700,2,banded_sym_w8,triplet,all,86,1,persistent_chain
G2_Wcluster_alhx700,2,banded_sym_w8,triplet,all,104,2,persistent_chain
G2_Wcluster_alhx700,2,banded_sym_w8,triplet,all,108,1,persistent_chain
G2_Wcluster_alhx700,2,banded_sym_w8,triplet,all,126,1,persistent_chain
G2_Wcluster_alhx700,2,banded_sym_w8,triplet,all,183,1,persistent_chain
G2_Wcluster_alhx700,2,banded_sym_w8,triplet,all,364,1,persistent_chain
G2_Wcluster_alhx700,2,banded_sym_w10,one,all,1,7652,persistent_chain
G2_Wcluster_alhx700,2,banded_sym_w10,one,all,2,2624,persistent_chain
G2_Wcluster_alhx700,2,banded_sym_w10,one,all,3,1324,persistent_chain
G2_Wcluster_alhx700,2,banded_sym_w10,one,all,4,802,persistent_chain
G2_Wcluster_alhx700,2,banded_sym_w10,one,all,5,550,persistent_chain
G2_Wcluster_alhx700,2,banded_sym_w10,one,all,6,408,persistent_chain
G2_Wcluster_alhx700,2,banded_sym_w10,one,all,7,298,persistent_chain
G2_Wcluster_alhx700,2,banded_sym_w10,one,all,8,223,persistent_chain
G2_Wcluster_alhx700,2,banded_sym_w10,one,all,9,196,persistent_chain
G2_Wcluster_alhx700,2,banded_sym_w10,one,all,10,202,persistent_chain
G2_Wcluster_alhx700,2,banded_sym_w10,one,all,11,158,persistent_chain
G2_Wcluster_alhx700,2,banded_sym_w10,one,all,12,122,persistent_chain
G2_Wcluster_alhx700,2,banded_sym_w10,one,all,13,99,persistent_chain
G2_Wcluster_alhx700,2,banded_sym_w10,one,all,14,97,persistent_chain
G2_Wcluster_alhx700,2,banded_sym_w10,one,all,15,80,persistent_chain
G2_Wcluster_alhx700,2,banded_sym_w10,one,all,16,80,persistent_chain
G2_Wcluster_alhx700,2,banded_sym_w10,one,all,17,67,persistent_chain
G2_Wcluster_alhx700,2,banded_sym_w10,one,all,18,52,persistent_chain
G2_Wcluster_alhx700,2,banded_sym_w10,one,all,19,55,persistent_chain
G2_Wcluster_alhx700,2,banded_sym_w10,one,all,20,48,persistent_chain
G2_Wcluster_alhx700,2,banded_sym_w10,one,all,21,43,persistent_chain
G2_Wcluster_alhx700,2,banded_sym_w10,one,all,22,29,persistent_chain
G2_Wcluster_alhx700,2,banded_sym_w10,one,all,23,41,persistent_chain
G2_Wcluster_alhx700,2,banded_sym_w10,one,all,24,36,persistent_chain
G2_Wcluster_alhx700,2,banded_sym_w10,one,all,25,26,persistent_chain
G2_Wcluster_alhx700,2,banded_sym_w10,one,all,26,38,persistent_chain
G2_Wcluster_alhx700,2,banded_sym_w10,one,all,27,22,persistent_chain
G2_Wcluster_alhx700,2,banded_sym_w10,one,all,28,25,persistent_chain
G2_Wcluster_alhx700,2,banded_sym_w10,one,all,29,30,persistent_chain
G2_Wcluster_alhx700,2,banded_sym_w10,one,all,30,35,persistent_chain
G2_Wcluster_alhx700,2,banded_sym_w10,one,all,31,15,persistent_chain
G2_Wcluster_alhx700,2,banded_sym_w10,one,all,32,19,persistent_chain
G2_Wcluster_alhx700,2,banded_sym_w10,one,all,33,17,persistent_chain
G2_Wcluster_alhx700,2,banded_sym_w10,one,all,34,19,persistent_chain
G2_Wcluster_alhx700,2,banded_sym_w10,one,all,35,20,persistent_chain
G2_Wcluster_alhx700,2,banded_sym_w10,one,all,36,7,persistent_chain
G2_Wcluster_alhx700,2,banded_sym_w10,one,all,37,16,persistent_chain
G2_Wcluster_alhx700,2,banded_sym_w10,one,all,38,16,persistent_chain
G2_Wcluster_alhx700,2,banded_sym_w10,one,all,39,15,persistent_chain
G2_Wcluster_alhx700,2,banded_sym_w10,one,all,40,8,persistent_chain
G2_Wcluster_alhx700,2,banded_sym_w10,one,all,41,16,persistent_chain
G2_Wcluster_alhx700,2,banded_sym_w10,one,all,42,3,persistent_chain
G2_Wcluster_alhx700,2,banded_sym_w10,one,all,43,12,persistent_chain
G2_Wcluster_alhx700,2,banded_sym_w10,one,all,44,13,persistent_chain
G2_Wcluster_alhx700,2,banded_sym_w10,one,all,45,14,persistent_chain
G2_Wcluster_alhx700,2,banded_sym_w10,one,all,46,8,persistent_chain
G2_Wcluster_alhx700,2,banded_sym_w10,one,all,47,13,persistent_chain
G2_Wcluster_alhx700,2,banded_sym_w10,one,all,48,3,persistent_chain
G2_Wcluster_alhx700,2,banded_sym_w10,one,all,49,11,persistent_chain
G2_Wcluster_alhx700,2,banded_sym_w10,one,all,50,15,persistent_chain
G2_Wcluster_alhx700,2,banded_sym_w10,one,all,51,12,persistent_chain
G2_Wcluster_alhx700,2,banded_sym_w10,one,all,52,11,persistent_chain
G2_Wcluster_alhx700,2,banded_sym_w10,one,all,53,15,persistent_chain
G2_Wcluster_alhx700,2,banded_sym_w10,one,all,54,9,persistent_chain
G2_Wcluster_alhx700,2,banded_sym_w10,one,all,55,5,persistent_chain
G2_Wcluster_alhx700,2,banded_sym_w10,one,all,56,7,persistent_chain
G2_Wcluster_alhx700,2,banded_sym_w10,one,all,57,4,persistent_chain
G2_Wcluster_alhx700,2,banded_sym_w10,one,all,58,6,persistent_chain
G2_Wcluster_alhx700,2,banded_sym_w10,one,all,59,4,persistent_chain
G2_Wcluster_alhx700,2,banded_sym_w10,one,all,60,11,persistent_chain
G2_Wcluster_alhx700,2,banded_sym_w10,one,all,61,14,persistent_chain
G2_Wcluster_alhx700,2,banded_sym_w10,one,all,62,10,persistent_chain
G2_Wcluster_alhx700,2,banded_sym_w10,one,all,63,5,persistent_chain
G2_Wcluster_alhx700,2,banded_sym_w10,one,all,64,5,persistent_chain
G2_Wcluster_alhx700,2,banded_sym_w10,one,all,65,10,persistent_chain
G2_Wcluster_alhx700,2,banded_sym_w10,one,all,66,6,persistent_chain
G2_Wcluster_alhx700,2,banded_sym_w10,one,all,67,2,persistent_chain
G2_Wcluster_alhx700,2,banded_sym_w10,one,all,68,5,persistent_chain
G2_Wcluster_alhx700,2,banded_sym_w10,one,all,69,2,persistent_chain
G2_Wcluster_alhx700,2,banded_sym_w10,one,all,70,7,persistent_chain
G2_Wcluster_alhx700,2,banded_sym_w10,one,all,71,6,persistent_chain
G2_Wcluster_alhx700,2,banded_sym_w10,one,all,72,1,persistent_chain
G2_Wcluster_alhx700,2,banded_sym_w10,one,all,73,2,persistent_chain
G2_Wcluster_alhx700,2,banded_sym_w10,one,all,74,5,persistent_chain
G2_Wcluster_alhx700,2,banded_sym_w10,one,all,75,5,persistent_chain
G2_Wcluster_alhx700,2,banded_sym_w10,one,all,76,3,persistent_chain
G2_Wcluster_alhx700,2,banded_sym_w10,one,all,77,5,persistent_chain
G2_Wcluster_alhx700,2,banded_sym_w10,one,all,78,3,persistent_chain
G2_Wcluster_alhx700,2,banded_sym_w10,one,all,79,5,persistent_chain
G2_Wcluster_alhx700,2,banded_sym_w10,one,all,80,5,persistent_chain
G2_Wcluster_alhx700,2,banded_sym_w10,one,all,81,3,persistent_chain
G2_Wcluster_alhx700,2,banded_sym_w10,one,all,82,5,persistent_chain
G2_Wcluster_alhx700,2,banded_sym_w10,one,all,83,4,persistent_chain
G2_Wcluster_alhx700,2,banded_sym_w10,one,all,84,3,persistent_chain
G2_Wcluster_alhx700,2,banded_sym_w10,one,all,85,2,persistent_chain
G2_Wcluster_alhx700,2,banded_sym_w10,one,all,88,5,persistent_chain
G2_Wcluster_alhx700,2,banded_sym_w10,one,all,89,5,persistent_chain
G2_Wcluster_alhx700,2,banded_sym_w10,one,all,90,5,persistent_chain
G2_Wcluster_alhx700,2,banded_sym_w10,one,all,91,4,persistent_chain
G2_Wcluster_alhx700,2,banded_sym_w10,one,all,92,3,persistent_chain
G2_Wcluster_alhx700,2,banded_sym_w10,one,all,93,1,persistent_chain
G2_Wcluster_alhx700,2,banded_sym_w10,one,all,94,1,persistent_chain
G2_Wcluster_alhx700,2,banded_sym_w10,one,all,95,3,persistent_chain
G2_Wcluster_alhx700,2,banded_sym_w10,one,all,97,1,persistent_chain
G2_Wcluster_alhx700,2,banded_sym_w10,one,all,99,2,persistent_chain
G2_Wcluster_alhx700,2,banded_sym_w10,one,all,101,3,persistent_chain
G2_Wcluster_alhx700,2,banded_sym_w10,one,all,102,1,persistent_chain
G2_Wcluster_alhx700,2,banded_sym_w10,one,all,103,1,persistent_chain
G2_Wcluster_alhx700,2,banded_sym_w10,one,all,104,3,persistent_chain
G2_Wcluster_alhx700,2,banded_sym_w10,one,all,105,1,persistent_chain
G2_Wcluster_alhx700,2,banded_sym_w10,one,all,106,2,persistent_chain
G2_Wcluster_alhx700,2,banded_sym_w10,one,all,107,1,persistent_chain
G2_Wcluster_alhx700,2,banded_sym_w10,one,all,108,6,persistent_chain
G2_Wcluster_alhx700,2,banded_sym_w10,one,all,109,3,persistent_chain
G2_Wcluster_alhx700,2,banded_sym_w10,one,all,110,2,persistent_chain
G2_Wcluster_alhx700,2,banded_sym_w10,one,all,114,5,persistent_chain
G2_Wcluster_alhx700,2,banded_sym_w10,one,all,116,3,persistent_chain
G2_Wcluster_alhx700,2,banded_sym_w10,one,all,117,2,persistent_chain
G2_Wcluster_alhx700,2,banded_sym_w10,one,all,118,2,persistent_chain
G2_Wcluster_alhx700,2,banded_sym_w10,one,all,119,1,persistent_chain
G2_Wcluster_alhx700,2,banded_sym_w10,one,all,121,1,persistent_chain
G2_Wcluster_alhx700,2,banded_sym_w10,one,all,122,1,persistent_chain
G2_Wcluster_alhx700,2,banded_sym_w10,one,all,123,3,persistent_chain
G2_Wcluster_alhx700,2,banded_sym_w10,one,all,124,2,persistent_chain
G2_Wcluster_alhx700,2,banded_sym_w10,one,all,125,2,persistent_chain
G2_Wcluster_alhx700,2,banded_sym_w10,one,all,126,1,persistent_chain
G2_Wcluster_alhx700,2,banded_sym_w10,one,all,127,1,persistent_chain
G2_Wcluster_alhx700,2,banded_sym_w10,one,all,128,2,persistent_chain
G2_Wcluster_alhx700,2,banded_sym_w10,one,all,129,1,persistent_chain
G2_Wcluster_alhx700,2,banded_sym_w10,one,all,130,2,persistent_chain
G2_Wcluster_alhx700,2,banded_sym_w10,one,all,131,2,persistent_chain
G2_Wcluster_alhx700,2,banded_sym_w10,one,all,132,1,persistent_chain
G2_Wcluster_alhx700,2,banded_sym_w10,one,all,134,2,persistent_chain
G2_Wcluster_alhx700,2,banded_sym_w10,one,all,135,2,persistent_chain
G2_Wcluster_alhx700,2,banded_sym_w10,one,all,136,1,persistent_chain
G2_Wcluster_alhx700,2,banded_sym_w10,one,all,137,1,persistent_chain
G2_Wcluster_alhx700,2,banded_sym_w10,one,all,139,3,persistent_chain
G2_Wcluster_alhx700,2,banded_sym_w10,one,all,141,2,persistent_chain
G2_Wcluster_alhx700,2,banded_sym_w10,one,all,142,1,persistent_chain
G2_Wcluster_alhx700,2,banded_sym_w10,one,all,144,2,persistent_chain
G2_Wcluster_alhx700,2,banded_sym_w10,one,all,145,3,persistent_chain
G2_Wcluster_alhx700,2,banded_sym_w10,one,all,146,4,persistent_chain
G2_Wcluster_alhx700,2,banded_sym_w10,one,all,147,3,persistent_chain
G2_Wcluster_alhx700,2,banded_sym_w10,one,all,148,1,persistent_chain
G2_Wcluster_alhx700,2,banded_sym_w10,one,all,150,2,persistent_chain
G2_Wcluster_alhx700,2,banded_sym_w10,one,all,151,1,persistent_chain
G2_Wcluster_alhx700,2,banded_sym_w10,one,all,152,2,persistent_chain
G2_Wcluster_alhx700,2,banded_sym_w10,one,all,153,1,persistent_chain
G2_Wcluster_alhx700,2,banded_sym_w10,one,all,156,1,persistent_chain
G2_Wcluster_alhx700,2,banded_sym_w10,one,all,157,2,persistent_chain
G2_Wcluster_alhx700,2,banded_sym_w10,one,all,158,2,persistent_chain
G2_Wcluster_alhx700,2,banded_sym_w10,one,all,160,1,persistent_chain
G2_Wcluster_alhx700,2,banded_sym_w10,one,all,161,2,persistent_chain
G2_Wcluster_alhx700,2,banded_sym_w10,one,all,163,2,persistent_chain
G2_Wcluster_alhx700,2,banded_sym_w10,one,all,166,1,persistent_chain
G2_Wcluster_alhx700,2,banded_sym_w10,one,all,167,1,persistent_chain
G2_Wcluster_alhx700,2,banded_sym_w10,one,all,168,2,persistent_chain
G2_Wcluster_alhx700,2,banded_sym_w10,one,all,169,1,persistent_chain
G2_Wcluster_alhx700,2,banded_sym_w10,one,all,170,1,persistent_chain
G2_Wcluster_alhx700,2,banded_sym_w10,one,all,172,1,persistent_chain
G2_Wcluster_alhx700,2,banded_sym_w10,one,all,173,1,persistent_chain
G2_Wcluster_alhx700,2,banded_sym_w10,one,all,174,2,persistent_chain
G2_Wcluster_alhx700,2,banded_sym_w10,one,all,175,1,persistent_chain
G2_Wcluster_alhx700,2,banded_sym_w10,one,all,177,1,persistent_chain
G2_Wcluster_alhx700,2,banded_sym_w10,one,all,179,1,persistent_chain
G2_Wcluster_alhx700,2,banded_sym_w10,one,all,183,2,persistent_chain
G2_Wcluster_alhx700,2,banded_sym_w10,one,all,186,2,persistent_chain
G2_Wcluster_alhx700,2,banded_sym_w10,one,all,187,1,persistent_chain
G2_Wcluster_alhx700,2,banded_sym_w10,one,all,189,1,persistent_chain
G2_Wcluster_alhx700,2,banded_sym_w10,one,all,191,1,persistent_chain
G2_Wcluster_alhx700,2,banded_sym_w10,one,all,192,2,persistent_chain
G2_Wcluster_alhx700,2,banded_sym_w10,one,all,193,1,persistent_chain
G2_Wcluster_alhx700,2,banded_sym_w10,one,all,195,2,persistent_chain
G2_Wcluster_alhx700,2,banded_sym_w10,one,all,197,1,persistent_chain
G2_Wcluster_alhx700,2,banded_sym_w10,one,all,198,1,persistent_chain
G2_Wcluster_alhx700,2,banded_sym_w10,one,all,201,1,persistent_chain
G2_Wcluster_alhx700,2,banded_sym_w10,one,all,202,2,persistent_chain
G2_Wcluster_alhx700,2,banded_sym_w10,one,all,203,1,persistent_chain
G2_Wcluster_alhx700,2,banded_sym_w10,one,all,206,1,persistent_chain
G2_Wcluster_alhx700,2,banded_sym_w10,one,all,208,1,persistent_chain
G2_Wcluster_alhx700,2,banded_sym_w10,one,all,209,1,persistent_chain
G2_Wcluster_alhx700,2,banded_sym_w10,one,all,213,1,persistent_chain
G2_Wcluster_alhx700,2,banded_sym_w10,one,all,215,1,persistent_chain
G2_Wcluster_alhx700,2,banded_sym_w10,one,all,217,1,persistent_chain
G2_Wcluster_alhx700,2,banded_sym_w10,one,all,224,2,persistent_chain
G2_Wcluster_alhx700,2,banded_sym_w10,one,all,227,1,persistent_chain
G2_Wcluster_alhx700,2,banded_sym_w10,one,all,229,1,persistent_chain
G2_Wcluster_alhx700,2,banded_sym_w10,one,all,234,1,persistent_chain
G2_Wcluster_alhx700,2,banded_sym_w10,one,all,237,1,persistent_chain
G2_Wcluster_alhx700,2,banded_sym_w10,one,all,238,1,persistent_chain
G2_Wcluster_alhx700,2,banded_sym_w10,one,all,249,1,persistent_chain
G2_Wcluster_alhx700,2,banded_sym_w10,one,all,250,3,persistent_chain
G2_Wcluster_alhx700,2,banded_sym_w10,one,all,251,1,persistent_chain
G2_Wcluster_alhx700,2,banded_sym_w10,one,all,256,1,persistent_chain
G2_Wcluster_alhx700,2,banded_sym_w10,one,all,261,1,persistent_chain
G2_Wcluster_alhx700,2,banded_sym_w10,one,all,262,1,persistent_chain
G2_Wcluster_alhx700,2,banded_sym_w10,one,all,266,1,persistent_chain
G2_Wcluster_alhx700,2,banded_sym_w10,one,all,283,1,persistent_chain
G2_Wcluster_alhx700,2,banded_sym_w10,one,all,286,1,persistent_chain
G2_Wcluster_alhx700,2,banded_sym_w10,one,all,287,1,persistent_chain
G2_Wcluster_alhx700,2,banded_sym_w10,one,all,289,1,persistent_chain
G2_Wcluster_alhx700,2,banded_sym_w10,one,all,290,1,persistent_chain
G2_Wcluster_alhx700,2,banded_sym_w10,one,all,292,1,persistent_chain
G2_Wcluster_alhx700,2,banded_sym_w10,one,all,296,1,persistent_chain
G2_Wcluster_alhx700,2,banded_sym_w10,one,all,297,1,persistent_chain
G2_Wcluster_alhx700,2,banded_sym_w10,one,all,306,2,persistent_chain
G2_Wcluster_alhx700,2,banded_sym_w10,one,all,310,1,persistent_chain
G2_Wcluster_alhx700,2,banded_sym_w10,one,all,312,1,persistent_chain
G2_Wcluster_alhx700,2,banded_sym_w10,one,all,315,1,persistent_chain
G2_Wcluster_alhx700,2,banded_sym_w10,one,all,321,1,persistent_chain
G2_Wcluster_alhx700,2,banded_sym_w10,one,all,323,1,persistent_chain
G2_Wcluster_alhx700,2,banded_sym_w10,one,all,327,1,persistent_chain
G2_Wcluster_alhx700,2,banded_sym_w10,one,all,330,1,persistent_chain
G2_Wcluster_alhx700,2,banded_sym_w10,one,all,338,2,persistent_chain
G2_Wcluster_alhx700,2,banded_sym_w10,one,all,339,1,persistent_chain
G2_Wcluster_alhx700,2,banded_sym_w10,one,all,346,2,persistent_chain
G2_Wcluster_alhx700,2,banded_sym_w10,one,all,357,1,persistent_chain
G2_Wcluster_alhx700,2,banded_sym_w10,one,all,370,1,persistent_chain
G2_Wcluster_alhx700,2,banded_sym_w10,one,all,385,1,persistent_chain
G2_Wcluster_alhx700,2,banded_sym_w10,one,all,386,1,persistent_chain
G2_Wcluster_alhx700,2,banded_sym_w10,one,all,388,1,persistent_chain
G2_Wcluster_alhx700,2,banded_sym_w10,one,all,398,1,persistent_chain
G2_Wcluster_alhx700,2,banded_sym_w10,one,all,409,1,persistent_chain
G2_Wcluster_alhx700,2,banded_sym_w10,one,all,421,2,persistent_chain
G2_Wcluster_alhx700,2,banded_sym_w10,one,all,430,1,persistent_chain
G2_Wcluster_alhx700,2,banded_sym_w10,one,all,432,1,persistent_chain
G2_Wcluster_alhx700,2,banded_sym_w10,one,all,437,1,persistent_chain
G2_Wcluster_alhx700,2,banded_sym_w10,one,all,443,1,persistent_chain
G2_Wcluster_alhx700,2,banded_sym_w10,one,all,445,1,persistent_chain
G2_Wcluster_alhx700,2,banded_sym_w10,one,all,448,1,persistent_chain
G2_Wcluster_alhx700,2,banded_sym_w10,one,all,460,1,persistent_chain
G2_Wcluster_alhx700,2,banded_sym_w10,one,all,465,1,persistent_chain
G2_Wcluster_alhx700,2,banded_sym_w10,one,all,466,1,persistent_chain
G2_Wcluster_alhx700,2,banded_sym_w10,one,all,468,1,persistent_chain
G2_Wcluster_alhx700,2,banded_sym_w10,one,all,471,1,persistent_chain
G2_Wcluster_alhx700,2,banded_sym_w10,one,all,484,1,persistent_chain
G2_Wcluster_alhx700,2,banded_sym_w10,one,all,485,1,persistent_chain
G2_Wcluster_alhx700,2,banded_sym_w10,one,all,487,1,persistent_chain
G2_Wcluster_alhx700,2,banded_sym_w10,one,all,517,1,persistent_chain
G2_Wcluster_alhx700,2,banded_sym_w10,one,all,520,1,persistent_chain
G2_Wcluster_alhx700,2,banded_sym_w10,one,all,522,1,persistent_chain
G2_Wcluster_alhx700,2,banded_sym_w10,one,all,523,2,persistent_chain
G2_Wcluster_alhx700,2,banded_sym_w10,one,all,527,2,persistent_chain
G2_Wcluster_alhx700,2,banded_sym_w10,one,all,564,1,persistent_chain
G2_Wcluster_alhx700,2,banded_sym_w10,one,all,570,1,persistent_chain
G2_Wcluster_alhx700,2,banded_sym_w10,one,all,617,1,persistent_chain
G2_Wcluster_alhx700,2,banded_sym_w10,one,all,618,1,persistent_chain
G2_Wcluster_alhx700,2,banded_sym_w10,one,all,638,1,persistent_chain
G2_Wcluster_alhx700,2,banded_sym_w10,one,all,707,1,persistent_chain
G2_Wcluster_alhx700,2,banded_sym_w10,one,all,708,1,persistent_chain
G2_Wcluster_alhx700,2,banded_sym_w10,one,all,715,1,persistent_chain
G2_Wcluster_alhx700,2,banded_sym_w10,one,all,727,1,persistent_chain
G2_Wcluster_alhx700,2,banded_sym_w10,one,all,743,1,persistent_chain
G2_Wcluster_alhx700,2,banded_sym_w10,one,all,749,1,persistent_chain
G2_Wcluster_alhx700,2,banded_sym_w10,one,all,821,1,persistent_chain
G2_Wcluster_alhx700,2,banded_sym_w10,one,all,841,1,persistent_chain
G2_Wcluster_alhx700,2,banded_sym_w10,one,all,855,1,persistent_chain
G2_Wcluster_alhx700,2,banded_sym_w10,one,all,871,1,persistent_chain
G2_Wcluster_alhx700,2,banded_sym_w10,one,all,896,1,persistent_chain
G2_Wcluster_alhx700,2,banded_sym_w10,one,all,940,1,persistent_chain
G2_Wcluster_alhx700,2,banded_sym_w10,one,all,1078,1,persistent_chain
G2_Wcluster_alhx700,2,banded_sym_w10,one,all,1091,1,persistent_chain
G2_Wcluster_alhx700,2,banded_sym_w10,one,all,1142,1,persistent_chain
G2_Wcluster_alhx700,2,banded_sym_w10,one,all,1182,1,persistent_chain
G2_Wcluster_alhx700,2,banded_sym_w10,one,all,1439,1,persistent_chain
G2_Wcluster_alhx700,2,banded_sym_w10,one,all,1581,1,persistent_chain
G2_Wcluster_alhx700,2,banded_sym_w10,one,all,1590,1,persistent_chain
G2_Wcluster_alhx700,2,banded_sym_w10,one,all,1617,1,persistent_chain
G2_Wcluster_alhx700,2,banded_sym_w10,one,all,1692,1,persistent_chain
G2_Wcluster_alhx700,2,banded_sym_w10,one,all,2040,1,persistent_chain
G2_Wcluster_alhx700,2,banded_sym_w10,one,all,2220,1,persistent_chain
G2_Wcluster_alhx700,2,banded_sym_w10,one,all,3006,1,persistent_chain
G2_Wcluster_alhx700,2,banded_sym_w10,one,all,3108,1,persistent_chain
G2_Wcluster_alhx700,2,banded_sym_w10,one,all,4072,1,persistent_chain
G2_Wcluster_alhx700,2,banded_sym_w10,one,all,5602,1,persistent_chain
G2_Wcluster_alhx700,2,banded_sym_w10,three,all,1,5265,persistent_chain
G2_Wcluster_alhx700,2,banded_sym_w10,three,all,2,1849,persistent_chain
G2_Wcluster_alhx700,2,banded_sym_w10,three,all,3,932,persistent_chain
G2_Wcluster_alhx700,2,banded_sym_w10,three,all,4,579,persistent_chain
G2_Wcluster_alhx700,2,banded_sym_w10,three,all,5,371,persistent_chain
G2_Wcluster_alhx700,2,banded_sym_w10,three,all,6,263,persistent_chain
G2_Wcluster_alhx700,2,banded_sym_w10,three,all,7,225,persistent_chain
G2_Wcluster_alhx700,2,banded_sym_w10,three,all,8,179,persistent_chain
G2_Wcluster_alhx700,2,banded_sym_w10,three,all,9,124,persistent_chain
G2_Wcluster_alhx700,2,banded_sym_w10,three,all,10,123,persistent_chain
G2_Wcluster_alhx700,2,banded_sym_w10,three,all,11,87,persistent_chain
G2_Wcluster_alhx700,2,banded_sym_w10,three,all,12,71,persistent_chain
G2_Wcluster_alhx700,2,banded_sym_w10,three,all,13,75,persistent_chain
G2_Wcluster_alhx700,2,banded_sym_w10,three,all,14,64,persistent_chain
G2_Wcluster_alhx700,2,banded_sym_w10,three,all,15,58,persistent_chain
G2_Wcluster_alhx700,2,banded_sym_w10,three,all,16,38,persistent_chain
G2_Wcluster_alhx700,2,banded_sym_w10,three,all,17,49,persistent_chain
G2_Wcluster_alhx700,2,banded_sym_w10,three,all,18,49,persistent_chain
G2_Wcluster_alhx700,2,banded_sym_w10,three,all,19,35,persistent_chain
G2_Wcluster_alhx700,2,banded_sym_w10,three,all,20,34,persistent_chain
G2_Wcluster_alhx700,2,banded_sym_w10,three,all,21,35,persistent_chain
G2_Wcluster_alhx700,2,banded_sym_w10,three,all,22,23,persistent_chain
G2_Wcluster_alhx700,2,banded_sym_w10,three,all,23,26,persistent_chain
G2_Wcluster_alhx700,2,banded_sym_w10,three,all,24,16,persistent_chain
G2_Wcluster_alhx700,2,banded_sym_w10,three,all,25,25,persistent_chain
G2_Wcluster_alhx700,2,banded_sym_w10,three,all,26,17,persistent_chain
G2_Wcluster_alhx700,2,banded_sym_w10,three,all,27,23,persistent_chain
G2_Wcluster_alhx700,2,banded_sym_w10,three,all,28,21,persistent_chain
G2_Wcluster_alhx700,2,banded_sym_w10,three,all,29,21,persistent_chain
G2_Wcluster_alhx700,2,banded_sym_w10,three,all,30,14,persistent_chain
G2_Wcluster_alhx700,2,banded_sym_w10,three,all,31,9,persistent_chain
G2_Wcluster_alhx700,2,banded_sym_w10,three,all,32,12,persistent_chain
G2_Wcluster_alhx700,2,banded_sym_w10,three,all,33,18,persistent_chain
G2_Wcluster_alhx700,2,banded_sym_w10,three,all,34,12,persistent_chain
G2_Wcluster_alhx700,2,banded_sym_w10,three,all,35,10,persistent_chain
G2_Wcluster_alhx700,2,banded_sym_w10,three,all,36,8,persistent_chain
G2_Wcluster_alhx700,2,banded_sym_w10,three,all,37,9,persistent_chain
G2_Wcluster_alhx700,2,banded_sym_w10,three,all,38,11,persistent_chain
G2_Wcluster_alhx700,2,banded_sym_w10,three,all,39,11,persistent_chain
G2_Wcluster_alhx700,2,banded_sym_w10,three,all,40,6,persistent_chain
G2_Wcluster_alhx700,2,banded_sym_w10,three,all,41,7,persistent_chain
G2_Wcluster_alhx700,2,banded_sym_w10,three,all,42,7,persistent_chain
G2_Wcluster_alhx700,2,banded_sym_w10,three,all,43,9,persistent_chain
G2_Wcluster_alhx700,2,banded_sym_w10,three,all,44,8,persistent_chain
G2_Wcluster_alhx700,2,banded_sym_w10,three,all,45,7,persistent_chain
G2_Wcluster_alhx700,2,banded_sym_w10,three,all,46,10,persistent_chain
G2_Wcluster_alhx700,2,banded_sym_w10,three,all,47,4,persistent_chain
G2_Wcluster_alhx700,2,banded_sym_w10,three,all,48,11,persistent_chain
G2_Wcluster_alhx700,2,banded_sym_w10,three,all,49,5,persistent_chain
G2_Wcluster_alhx700,2,banded_sym_w10,three,all,50,11,persistent_chain
G2_Wcluster_alhx700,2,banded_sym_w10,three,all,51,10,persistent_chain
G2_Wcluster_alhx700,2,banded_sym_w10,three,all,52,8,persistent_chain
G2_Wcluster_alhx700,2,banded_sym_w10,three,all,53,9,persistent_chain
G2_Wcluster_alhx700,2,banded_sym_w10,three,all,54,6,persistent_chain
G2_Wcluster_alhx700,2,banded_sym_w10,three,all,55,5,persistent_chain
G2_Wcluster_alhx700,2,banded_sym_w10,three,all,56,3,persistent_chain
G2_Wcluster_alhx700,2,banded_sym_w10,three,all,57,8,persistent_chain
G2_Wcluster_alhx700,2,banded_sym_w10,three,all,58,8,persistent_chain
G2_Wcluster_alhx700,2,banded_sym_w10,three,all,59,5,persistent_chain
G2_Wcluster_alhx700,2,banded_sym_w10,three,all,60,5,persistent_chain
G2_Wcluster_alhx700,2,banded_sym_w10,three,all,61,9,persistent_chain
G2_Wcluster_alhx700,2,banded_sym_w10,three,all,62,9,persistent_chain
G2_Wcluster_alhx700,2,banded_sym_w10,three,all,63,4,persistent_chain
G2_Wcluster_alhx700,2,banded_sym_w10,three,all,64,5,persistent_chain
G2_Wcluster_alhx700,2,banded_sym_w10,three,all,65,2,persistent_chain
G2_Wcluster_alhx700,2,banded_sym_w10,three,all,66,2,persistent_chain
G2_Wcluster_alhx700,2,banded_sym_w10,three,all,67,5,persistent_chain
G2_Wcluster_alhx700,2,banded_sym_w10,three,all,68,3,persistent_chain
G2_Wcluster_alhx700,2,banded_sym_w10,three,all,69,9,persistent_chain
G2_Wcluster_alhx700,2,banded_sym_w10,three,all,70,4,persistent_chain
G2_Wcluster_alhx700,2,banded_sym_w10,three,all,71,4,persistent_chain
G2_Wcluster_alhx700,2,banded_sym_w10,three,all,72,5,persistent_chain
G2_Wcluster_alhx700,2,banded_sym_w10,three,all,73,1,persistent_chain
G2_Wcluster_alhx700,2,banded_sym_w10,three,all,74,4,persistent_chain
G2_Wcluster_alhx700,2,banded_sym_w10,three,all,75,3,persistent_chain
G2_Wcluster_alhx700,2,banded_sym_w10,three,all,76,5,persistent_chain
G2_Wcluster_alhx700,2,banded_sym_w10,three,all,77,2,persistent_chain
G2_Wcluster_alhx700,2,banded_sym_w10,three,all,78,6,persistent_chain
G2_Wcluster_alhx700,2,banded_sym_w10,three,all,79,1,persistent_chain
G2_Wcluster_alhx700,2,banded_sym_w10,three,all,80,3,persistent_chain
G2_Wcluster_alhx700,2,banded_sym_w10,three,all,81,1,persistent_chain
G2_Wcluster_alhx700,2,banded_sym_w10,three,all,82,3,persistent_chain
G2_Wcluster_alhx700,2,banded_sym_w10,three,all,83,2,persistent_chain
G2_Wcluster_alhx700,2,banded_sym_w10,three,all,84,3,persistent_chain
G2_Wcluster_alhx700,2,banded_sym_w10,three,all,85,2,persistent_chain
G2_Wcluster_alhx700,2,banded_sym_w10,three,all,86,2,persistent_chain
G2_Wcluster_alhx700,2,banded_sym_w10,three,all,87,2,persistent_chain
G2_Wcluster_alhx700,2,banded_sym_w10,three,all,88,5,persistent_chain
G2_Wcluster_alhx700,2,banded_sym_w10,three,all,89,1,persistent_chain
G2_Wcluster_alhx700,2,banded_sym_w10,three,all,90,2,persistent_chain
G2_Wcluster_alhx700,2,banded_sym_w10,three,all,91,2,persistent_chain
G2_Wcluster_alhx700,2,banded_sym_w10,three,all,92,1,persistent_chain
G2_Wcluster_alhx700,2,banded_sym_w10,three,all,93,1,persistent_chain
G2_Wcluster_alhx700,2,banded_sym_w10,three,all,94,4,persistent_chain
G2_Wcluster_alhx700,2,banded_sym_w10,three,all,96,2,persistent_chain
G2_Wcluster_alhx700,2,banded_sym_w10,three,all,97,1,persistent_chain
G2_Wcluster_alhx700,2,banded_sym_w10,three,all,98,3,persistent_chain
G2_Wcluster_alhx700,2,banded_sym_w10,three,all,99,2,persistent_chain
G2_Wcluster_alhx700,2,banded_sym_w10,three,all,100,1,persistent_chain
G2_Wcluster_alhx700,2,banded_sym_w10,three,all,101,1,persistent_chain
G2_Wcluster_alhx700,2,banded_sym_w10,three,all,102,2,persistent_chain
G2_Wcluster_alhx700,2,banded_sym_w10,three,all,104,1,persistent_chain
G2_Wcluster_alhx700,2,banded_sym_w10,three,all,105,3,persistent_chain
G2_Wcluster_alhx700,2,banded_sym_w10,three,all,106,2,persistent_chain
G2_Wcluster_alhx700,2,banded_sym_w10,three,all,107,2,persistent_chain
G2_Wcluster_alhx700,2,banded_sym_w10,three,all,108,2,persistent_chain
G2_Wcluster_alhx700,2,banded_sym_w10,three,all,109,1,persistent_chain
G2_Wcluster_alhx700,2,banded_sym_w10,three,all,110,1,persistent_chain
G2_Wcluster_alhx700,2,banded_sym_w10,three,all,111,4,persistent_chain
G2_Wcluster_alhx700,2,banded_sym_w10,three,all,113,1,persistent_chain
G2_Wcluster_alhx700,2,banded_sym_w10,three,all,114,2,persistent_chain
G2_Wcluster_alhx700,2,banded_sym_w10,three,all,115,2,persistent_chain
G2_Wcluster_alhx700,2,banded_sym_w10,three,all,116,1,persistent_chain
G2_Wcluster_alhx700,2,banded_sym_w10,three,all,117,1,persistent_chain
G2_Wcluster_alhx700,2,banded_sym_w10,three,all,118,1,persistent_chain
G2_Wcluster_alhx700,2,banded_sym_w10,three,all,119,1,persistent_chain
G2_Wcluster_alhx700,2,banded_sym_w10,three,all,120,2,persistent_chain
G2_Wcluster_alhx700,2,banded_sym_w10,three,all,121,2,persistent_chain
G2_Wcluster_alhx700,2,banded_sym_w10,three,all,124,2,persistent_chain
G2_Wcluster_alhx700,2,banded_sym_w10,three,all,125,1,persistent_chain
G2_Wcluster_alhx700,2,banded_sym_w10,three,all,126,1,persistent_chain
G2_Wcluster_alhx700,2,banded_sym_w10,three,all,127,1,persistent_chain
G2_Wcluster_alhx700,2,banded_sym_w10,three,all,130,2,persistent_chain
G2_Wcluster_alhx700,2,banded_sym_w10,three,all,131,2,persistent_chain
G2_Wcluster_alhx700,2,banded_sym_w10,three,all,133,1,persistent_chain
G2_Wcluster_alhx700,2,banded_sym_w10,three,all,136,1,persistent_chain
G2_Wcluster_alhx700,2,banded_sym_w10,three,all,137,1,persistent_chain
G2_Wcluster_alhx700,2,banded_sym_w10,three,all,138,2,persistent_chain
G2_Wcluster_alhx700,2,banded_sym_w10,three,all,139,2,persistent_chain
G2_Wcluster_alhx700,2,banded_sym_w10,three,all,140,2,persistent_chain
G2_Wcluster_alhx700,2,banded_sym_w10,three,all,142,1,persistent_chain
G2_Wcluster_alhx700,2,banded_sym_w10,three,all,143,1,persistent_chain
G2_Wcluster_alhx700,2,banded_sym_w10,three,all,144,1,persistent_chain
G2_Wcluster_alhx700,2,banded_sym_w10,three,all,146,1,persistent_chain
G2_Wcluster_alhx700,2,banded_sym_w10,three,all,153,2,persistent_chain
G2_Wcluster_alhx700,2,banded_sym_w10,three,all,154,2,persistent_chain
G2_Wcluster_alhx700,2,banded_sym_w10,three,all,155,3,persistent_chain
G2_Wcluster_alhx700,2,banded_sym_w10,three,all,157,2,persistent_chain
G2_Wcluster_alhx700,2,banded_sym_w10,three,all,158,1,persistent_chain
G2_Wcluster_alhx700,2,banded_sym_w10,three,all,164,1,persistent_chain
G2_Wcluster_alhx700,2,banded_sym_w10,three,all,166,1,persistent_chain
G2_Wcluster_alhx700,2,banded_sym_w10,three,all,170,1,persistent_chain
G2_Wcluster_alhx700,2,banded_sym_w10,three,all,171,2,persistent_chain
G2_Wcluster_alhx700,2,banded_sym_w10,three,all,172,2,persistent_chain
G2_Wcluster_alhx700,2,banded_sym_w10,three,all,179,2,persistent_chain
G2_Wcluster_alhx700,2,banded_sym_w10,three,all,183,1,persistent_chain
G2_Wcluster_alhx700,2,banded_sym_w10,three,all,184,1,persistent_chain
G2_Wcluster_alhx700,2,banded_sym_w10,three,all,186,3,persistent_chain
G2_Wcluster_alhx700,2,banded_sym_w10,three,all,187,1,persistent_chain
G2_Wcluster_alhx700,2,banded_sym_w10,three,all,189,2,persistent_chain
G2_Wcluster_alhx700,2,banded_sym_w10,three,all,195,2,persistent_chain
G2_Wcluster_alhx700,2,banded_sym_w10,three,all,196,2,persistent_chain
G2_Wcluster_alhx700,2,banded_sym_w10,three,all,197,1,persistent_chain
G2_Wcluster_alhx700,2,banded_sym_w10,three,all,200,1,persistent_chain
G2_Wcluster_alhx700,2,banded_sym_w10,three,all,202,1,persistent_chain
G2_Wcluster_alhx700,2,banded_sym_w10,three,all,204,1,persistent_chain
G2_Wcluster_alhx700,2,banded_sym_w10,three,all,207,1,persistent_chain
G2_Wcluster_alhx700,2,banded_sym_w10,three,all,211,1,persistent_chain
G2_Wcluster_alhx700,2,banded_sym_w10,three,all,212,1,persistent_chain
G2_Wcluster_alhx700,2,banded_sym_w10,three,all,216,2,persistent_chain
G2_Wcluster_alhx700,2,banded_sym_w10,three,all,217,1,persistent_chain
G2_Wcluster_alhx700,2,banded_sym_w10,three,all,218,1,persistent_chain
G2_Wcluster_alhx700,2,banded_sym_w10,three,all,223,1,persistent_chain
G2_Wcluster_alhx700,2,banded_sym_w10,three,all,227,2,persistent_chain
G2_Wcluster_alhx700,2,banded_sym_w10,three,all,228,1,persistent_chain
G2_Wcluster_alhx700,2,banded_sym_w10,three,all,230,2,persistent_chain
G2_Wcluster_alhx700,2,banded_sym_w10,three,all,236,1,persistent_chain
G2_Wcluster_alhx700,2,banded_sym_w10,three,all,242,1,persistent_chain
G2_Wcluster_alhx700,2,banded_sym_w10,three,all,243,1,persistent_chain
G2_Wcluster_alhx700,2,banded_sym_w10,three,all,247,1,persistent_chain
G2_Wcluster_alhx700,2,banded_sym_w10,three,all,248,1,persistent_chain
G2_Wcluster_alhx700,2,banded_sym_w10,three,all,251,1,persistent_chain
G2_Wcluster_alhx700,2,banded_sym_w10,three,all,255,1,persistent_chain
G2_Wcluster_alhx700,2,banded_sym_w10,three,all,259,1,persistent_chain
G2_Wcluster_alhx700,2,banded_sym_w10,three,all,261,1,persistent_chain
G2_Wcluster_alhx700,2,banded_sym_w10,three,all,267,1,persistent_chain
G2_Wcluster_alhx700,2,banded_sym_w10,three,all,277,1,persistent_chain
G2_Wcluster_alhx700,2,banded_sym_w10,three,all,286,1,persistent_chain
G2_Wcluster_alhx700,2,banded_sym_w10,three,all,288,1,persistent_chain
G2_Wcluster_alhx700,2,banded_sym_w10,three,all,300,1,persistent_chain
G2_Wcluster_alhx700,2,banded_sym_w10,three,all,306,2,persistent_chain
G2_Wcluster_alhx700,2,banded_sym_w10,three,all,311,1,persistent_chain
G2_Wcluster_alhx700,2,banded_sym_w10,three,all,313,1,persistent_chain
G2_Wcluster_alhx700,2,banded_sym_w10,three,all,315,1,persistent_chain
G2_Wcluster_alhx700,2,banded_sym_w10,three,all,321,1,persistent_chain
G2_Wcluster_alhx700,2,banded_sym_w10,three,all,322,1,persistent_chain
G2_Wcluster_alhx700,2,banded_sym_w10,three,all,330,1,persistent_chain
G2_Wcluster_alhx700,2,banded_sym_w10,three,all,335,1,persistent_chain
G2_Wcluster_alhx700,2,banded_sym_w10,three,all,343,1,persistent_chain
G2_Wcluster_alhx700,2,banded_sym_w10,three,all,347,1,persistent_chain
G2_Wcluster_alhx700,2,banded_sym_w10,three,all,354,1,persistent_chain
G2_Wcluster_alhx700,2,banded_sym_w10,three,all,368,1,persistent_chain
G2_Wcluster_alhx700,2,banded_sym_w10,three,all,374,1,persistent_chain
G2_Wcluster_alhx700,2,banded_sym_w10,three,all,385,1,persistent_chain
G2_Wcluster_alhx700,2,banded_sym_w10,three,all,407,1,persistent_chain
G2_Wcluster_alhx700,2,banded_sym_w10,three,all,413,1,persistent_chain
G2_Wcluster_alhx700,2,banded_sym_w10,three,all,421,1,persistent_chain
G2_Wcluster_alhx700,2,banded_sym_w10,three,all,429,1,persistent_chain
G2_Wcluster_alhx700,2,banded_sym_w10,three,all,435,1,persistent_chain
G2_Wcluster_alhx700,2,banded_sym_w10,three,all,440,1,persistent_chain
G2_Wcluster_alhx700,2,banded_sym_w10,three,all,446,1,persistent_chain
G2_Wcluster_alhx700,2,banded_sym_w10,three,all,451,1,persistent_chain
G2_Wcluster_alhx700,2,banded_sym_w10,three,all,452,1,persistent_chain
G2_Wcluster_alhx700,2,banded_sym_w10,three,all,461,1,persistent_chain
G2_Wcluster_alhx700,2,banded_sym_w10,three,all,469,1,persistent_chain
G2_Wcluster_alhx700,2,banded_sym_w10,three,all,475,1,persistent_chain
G2_Wcluster_alhx700,2,banded_sym_w10,three,all,479,1,persistent_chain
G2_Wcluster_alhx700,2,banded_sym_w10,three,all,489,1,persistent_chain
G2_Wcluster_alhx700,2,banded_sym_w10,three,all,491,1,persistent_chain
G2_Wcluster_alhx700,2,banded_sym_w10,three,all,497,1,persistent_chain
G2_Wcluster_alhx700,2,banded_sym_w10,three,all,526,1,persistent_chain
G2_Wcluster_alhx700,2,banded_sym_w10,three,all,537,1,persistent_chain
G2_Wcluster_alhx700,2,banded_sym_w10,three,all,561,1,persistent_chain
G2_Wcluster_alhx700,2,banded_sym_w10,three,all,599,1,persistent_chain
G2_Wcluster_alhx700,2,banded_sym_w10,three,all,611,1,persistent_chain
G2_Wcluster_alhx700,2,banded_sym_w10,three,all,712,1,persistent_chain
G2_Wcluster_alhx700,2,banded_sym_w10,three,all,757,1,persistent_chain
G2_Wcluster_alhx700,2,banded_sym_w10,three,all,785,1,persistent_chain
G2_Wcluster_alhx700,2,banded_sym_w10,three,all,794,1,persistent_chain
G2_Wcluster_alhx700,2,banded_sym_w10,three,all,994,1,persistent_chain
G2_Wcluster_alhx700,2,banded_sym_w10,three,all,1334,1,persistent_chain
G2_Wcluster_alhx700,2,banded_sym_w10,three,all,1538,1,persistent_chain
G2_Wcluster_alhx700,2,banded_sym_w10,three,all,1579,1,persistent_chain
G2_Wcluster_alhx700,2,banded_sym_w10,three,all,1765,1,persistent_chain
G2_Wcluster_alhx700,2,banded_sym_w10,three,all,3924,1,persistent_chain
G2_Wcluster_alhx700,2,banded_sym_w10,triplet,all,1,2426,persistent_chain
G2_Wcluster_alhx700,2,banded_sym_w10,triplet,all,2,784,persistent_chain
G2_Wcluster_alhx700,2,banded_sym_w10,triplet,all,3,381,persistent_chain
G2_Wcluster_alhx700,2,banded_sym_w10,triplet,all,4,222,persistent_chain
G2_Wcluster_alhx700,2,banded_sym_w10,triplet,all,5,150,persistent_chain
G2_Wcluster_alhx700,2,banded_sym_w10,triplet,all,6,103,persistent_chain
G2_Wcluster_alhx700,2,banded_sym_w10,triplet,all,7,74,persistent_chain
G2_Wcluster_alhx700,2,banded_sym_w10,triplet,all,8,67,persistent_chain
G2_Wcluster_alhx700,2,banded_sym_w10,triplet,all,9,51,persistent_chain
G2_Wcluster_alhx700,2,banded_sym_w10,triplet,all,10,41,persistent_chain
G2_Wcluster_alhx700,2,banded_sym_w10,triplet,all,11,33,persistent_chain
G2_Wcluster_alhx700,2,banded_sym_w10,triplet,all,12,30,persistent_chain
G2_Wcluster_alhx700,2,banded_sym_w10,triplet,all,13,25,persistent_chain
G2_Wcluster_alhx700,2,banded_sym_w10,triplet,all,14,23,persistent_chain
G2_Wcluster_alhx700,2,banded_sym_w10,triplet,all,15,22,persistent_chain
G2_Wcluster_alhx700,2,banded_sym_w10,triplet,all,16,8,persistent_chain
G2_Wcluster_alhx700,2,banded_sym_w10,triplet,all,17,17,persistent_chain
G2_Wcluster_alhx700,2,banded_sym_w10,triplet,all,18,19,persistent_chain
G2_Wcluster_alhx700,2,banded_sym_w10,triplet,all,19,18,persistent_chain
G2_Wcluster_alhx700,2,banded_sym_w10,triplet,all,20,9,persistent_chain
G2_Wcluster_alhx700,2,banded_sym_w10,triplet,all,21,10,persistent_chain
G2_Wcluster_alhx700,2,banded_sym_w10,triplet,all,22,10,persistent_chain
G2_Wcluster_alhx700,2,banded_sym_w10,triplet,all,23,6,persistent_chain
G2_Wcluster_alhx700,2,banded_sym_w10,triplet,all,24,8,persistent_chain
G2_Wcluster_alhx700,2,banded_sym_w10,triplet,all,25,8,persistent_chain
G2_Wcluster_alhx700,2,banded_sym_w10,triplet,all,26,8,persistent_chain
G2_Wcluster_alhx700,2,banded_sym_w10,triplet,all,27,7,persistent_chain
G2_Wcluster_alhx700,2,banded_sym_w10,triplet,all,28,6,persistent_chain
G2_Wcluster_alhx700,2,banded_sym_w10,triplet,all,29,1,persistent_chain
G2_Wcluster_alhx700,2,banded_sym_w10,triplet,all,30,9,persistent_chain
G2_Wcluster_alhx700,2,banded_sym_w10,triplet,all,31,5,persistent_chain
G2_Wcluster_alhx700,2,banded_sym_w10,triplet,all,32,3,persistent_chain
G2_Wcluster_alhx700,2,banded_sym_w10,triplet,all,33,4,persistent_chain
G2_Wcluster_alhx700,2,banded_sym_w10,triplet,all,34,1,persistent_chain
G2_Wcluster_alhx700,2,banded_sym_w10,triplet,all,36,1,persistent_chain
G2_Wcluster_alhx700,2,banded_sym_w10,triplet,all,37,4,persistent_chain
G2_Wcluster_alhx700,2,banded_sym_w10,triplet,all,38,1,persistent_chain
G2_Wcluster_alhx700,2,banded_sym_w10,triplet,all,39,4,persistent_chain
G2_Wcluster_alhx700,2,banded_sym_w10,triplet,all,40,4,persistent_chain
G2_Wcluster_alhx700,2,banded_sym_w10,triplet,all,41,2,persistent_chain
G2_Wcluster_alhx700,2,banded_sym_w10,triplet,all,43,2,persistent_chain
G2_Wcluster_alhx700,2,banded_sym_w10,triplet,all,45,3,persistent_chain
G2_Wcluster_alhx700,2,banded_sym_w10,triplet,all,46,2,persistent_chain
G2_Wcluster_alhx700,2,banded_sym_w10,triplet,all,47,2,persistent_chain
G2_Wcluster_alhx700,2,banded_sym_w10,triplet,all,49,1,persistent_chain
G2_Wcluster_alhx700,2,banded_sym_w10,triplet,all,50,2,persistent_chain
G2_Wcluster_alhx700,2,banded_sym_w10,triplet,all,51,3,persistent_chain
G2_Wcluster_alhx700,2,banded_sym_w10,triplet,all,56,3,persistent_chain
G2_Wcluster_alhx700,2,banded_sym_w10,triplet,all,58,1,persistent_chain
G2_Wcluster_alhx700,2,banded_sym_w10,triplet,all,59,1,persistent_chain
G2_Wcluster_alhx700,2,banded_sym_w10,triplet,all,62,1,persistent_chain
G2_Wcluster_alhx700,2,banded_sym_w10,triplet,all,63,3,persistent_chain
G2_Wcluster_alhx700,2,banded_sym_w10,triplet,all,64,2,persistent_chain
G2_Wcluster_alhx700,2,banded_sym_w10,triplet,all,67,1,persistent_chain
G2_Wcluster_alhx700,2,banded_sym_w10,triplet,all,68,1,persistent_chain
G2_Wcluster_alhx700,2,banded_sym_w10,triplet,all,70,2,persistent_chain
G2_Wcluster_alhx700,2,banded_sym_w10,triplet,all,72,1,persistent_chain
G2_Wcluster_alhx700,2,banded_sym_w10,triplet,all,78,1,persistent_chain
G2_Wcluster_alhx700,2,banded_sym_w10,triplet,all,85,1,persistent_chain
G2_Wcluster_alhx700,2,banded_sym_w10,triplet,all,86,1,persistent_chain
G2_Wcluster_alhx700,2,banded_sym_w10,triplet,all,104,2,persistent_chain
G2_Wcluster_alhx700,2,banded_sym_w10,triplet,all,108,1,persistent_chain
G2_Wcluster_alhx700,2,banded_sym_w10,triplet,all,126,1,persistent_chain
G2_Wcluster_alhx700,2,banded_sym_w10,triplet,all,131,1,persistent_chain
G2_Wcluster_alhx700,2,banded_sym_w10,triplet,all,183,1,persistent_chain
G2_Wcluster_alhx700,2,banded_sym_w10,triplet,all,364,1,persistent_chain
G2_Wcluster_alhx700,2,banded_anti_w4,one,all,1,5212,persistent_chain
G2_Wcluster_alhx700,2,banded_anti_w4,one,all,2,1930,persistent_chain
G2_Wcluster_alhx700,2,banded_anti_w4,one,all,3,1059,persistent_chain
G2_Wcluster_alhx700,2,banded_anti_w4,one,all,4,626,persistent_chain
G2_Wcluster_alhx700,2,banded_anti_w4,one,all,5,401,persistent_chain
G2_Wcluster_alhx700,2,banded_anti_w4,one,all,6,304,persistent_chain
G2_Wcluster_alhx700,2,banded_anti_w4,one,all,7,224,persistent_chain
G2_Wcluster_alhx700,2,banded_anti_w4,one,all,8,181,persistent_chain
G2_Wcluster_alhx700,2,banded_anti_w4,one,all,9,124,persistent_chain
G2_Wcluster_alhx700,2,banded_anti_w4,one,all,10,134,persistent_chain
G2_Wcluster_alhx700,2,banded_anti_w4,one,all,11,107,persistent_chain
G2_Wcluster_alhx700,2,banded_anti_w4,one,all,12,76,persistent_chain
G2_Wcluster_alhx700,2,banded_anti_w4,one,all,13,73,persistent_chain
G2_Wcluster_alhx700,2,banded_anti_w4,one,all,14,51,persistent_chain
G2_Wcluster_alhx700,2,banded_anti_w4,one,all,15,45,persistent_chain
G2_Wcluster_alhx700,2,banded_anti_w4,one,all,16,45,persistent_chain
G2_Wcluster_alhx700,2,banded_anti_w4,one,all,17,45,persistent_chain
G2_Wcluster_alhx700,2,banded_anti_w4,one,all,18,30,persistent_chain
G2_Wcluster_alhx700,2,banded_anti_w4,one,all,19,24,persistent_chain
G2_Wcluster_alhx700,2,banded_anti_w4,one,all,20,31,persistent_chain
G2_Wcluster_alhx700,2,banded_anti_w4,one,all,21,20,persistent_chain
G2_Wcluster_alhx700,2,banded_anti_w4,one,all,22,26,persistent_chain
G2_Wcluster_alhx700,2,banded_anti_w4,one,all,23,16,persistent_chain
G2_Wcluster_alhx700,2,banded_anti_w4,one,all,24,17,persistent_chain
G2_Wcluster_alhx700,2,banded_anti_w4,one,all,25,24,persistent_chain
G2_Wcluster_alhx700,2,banded_anti_w4,one,all,26,20,persistent_chain
G2_Wcluster_alhx700,2,banded_anti_w4,one,all,27,16,persistent_chain
G2_Wcluster_alhx700,2,banded_anti_w4,one,all,28,17,persistent_chain
G2_Wcluster_alhx700,2,banded_anti_w4,one,all,29,15,persistent_chain
G2_Wcluster_alhx700,2,banded_anti_w4,one,all,30,13,persistent_chain
G2_Wcluster_alhx700,2,banded_anti_w4,one,all,31,13,persistent_chain
G2_Wcluster_alhx700,2,banded_anti_w4,one,all,32,6,persistent_chain
G2_Wcluster_alhx700,2,banded_anti_w4,one,all,33,8,persistent_chain
G2_Wcluster_alhx700,2,banded_anti_w4,one,all,34,19,persistent_chain
G2_Wcluster_alhx700,2,banded_anti_w4,one,all,35,8,persistent_chain
G2_Wcluster_alhx700,2,banded_anti_w4,one,all,36,12,persistent_chain
G2_Wcluster_alhx700,2,banded_anti_w4,one,all,37,12,persistent_chain
G2_Wcluster_alhx700,2,banded_anti_w4,one,all,38,7,persistent_chain
G2_Wcluster_alhx700,2,banded_anti_w4,one,all,39,9,persistent_chain
G2_Wcluster_alhx700,2,banded_anti_w4,one,all,40,8,persistent_chain
G2_Wcluster_alhx700,2,banded_anti_w4,one,all,41,8,persistent_chain
G2_Wcluster_alhx700,2,banded_anti_w4,one,all,42,4,persistent_chain
G2_Wcluster_alhx700,2,banded_anti_w4,one,all,43,4,persistent_chain
G2_Wcluster_alhx700,2,banded_anti_w4,one,all,44,5,persistent_chain
G2_Wcluster_alhx700,2,banded_anti_w4,one,all,45,4,persistent_chain
G2_Wcluster_alhx700,2,banded_anti_w4,one,all,46,8,persistent_chain
G2_Wcluster_alhx700,2,banded_anti_w4,one,all,47,8,persistent_chain
G2_Wcluster_alhx700,2,banded_anti_w4,one,all,48,4,persistent_chain
G2_Wcluster_alhx700,2,banded_anti_w4,one,all,49,2,persistent_chain
G2_Wcluster_alhx700,2,banded_anti_w4,one,all,50,3,persistent_chain
G2_Wcluster_alhx700,2,banded_anti_w4,one,all,51,3,persistent_chain
G2_Wcluster_alhx700,2,banded_anti_w4,one,all,52,8,persistent_chain
G2_Wcluster_alhx700,2,banded_anti_w4,one,all,53,2,persistent_chain
G2_Wcluster_alhx700,2,banded_anti_w4,one,all,54,6,persistent_chain
G2_Wcluster_alhx700,2,banded_anti_w4,one,all,55,1,persistent_chain
G2_Wcluster_alhx700,2,banded_anti_w4,one,all,56,3,persistent_chain
G2_Wcluster_alhx700,2,banded_anti_w4,one,all,57,4,persistent_chain
G2_Wcluster_alhx700,2,banded_anti_w4,one,all,58,5,persistent_chain
G2_Wcluster_alhx700,2,banded_anti_w4,one,all,59,6,persistent_chain
G2_Wcluster_alhx700,2,banded_anti_w4,one,all,60,4,persistent_chain
G2_Wcluster_alhx700,2,banded_anti_w4,one,all,61,6,persistent_chain
G2_Wcluster_alhx700,2,banded_anti_w4,one,all,62,3,persistent_chain
G2_Wcluster_alhx700,2,banded_anti_w4,one,all,63,4,persistent_chain
G2_Wcluster_alhx700,2,banded_anti_w4,one,all,64,6,persistent_chain
G2_Wcluster_alhx700,2,banded_anti_w4,one,all,65,3,persistent_chain
G2_Wcluster_alhx700,2,banded_anti_w4,one,all,66,5,persistent_chain
G2_Wcluster_alhx700,2,banded_anti_w4,one,all,67,3,persistent_chain
G2_Wcluster_alhx700,2,banded_anti_w4,one,all,68,1,persistent_chain
G2_Wcluster_alhx700,2,banded_anti_w4,one,all,69,2,persistent_chain
G2_Wcluster_alhx700,2,banded_anti_w4,one,all,70,4,persistent_chain
G2_Wcluster_alhx700,2,banded_anti_w4,one,all,71,3,persistent_chain
G2_Wcluster_alhx700,2,banded_anti_w4,one,all,72,1,persistent_chain
G2_Wcluster_alhx700,2,banded_anti_w4,one,all,73,5,persistent_chain
G2_Wcluster_alhx700,2,banded_anti_w4,one,all,74,4,persistent_chain
G2_Wcluster_alhx700,2,banded_anti_w4,one,all,75,4,persistent_chain
G2_Wcluster_alhx700,2,banded_anti_w4,one,all,76,1,persistent_chain
G2_Wcluster_alhx700,2,banded_anti_w4,one,all,77,4,persistent_chain
G2_Wcluster_alhx700,2,banded_anti_w4,one,all,78,4,persistent_chain
G2_Wcluster_alhx700,2,banded_anti_w4,one,all,79,3,persistent_chain
G2_Wcluster_alhx700,2,banded_anti_w4,one,all,80,2,persistent_chain
G2_Wcluster_alhx700,2,banded_anti_w4,one,all,81,2,persistent_chain
G2_Wcluster_alhx700,2,banded_anti_w4,one,all,82,2,persistent_chain
G2_Wcluster_alhx700,2,banded_anti_w4,one,all,83,4,persistent_chain
G2_Wcluster_alhx700,2,banded_anti_w4,one,all,85,3,persistent_chain
G2_Wcluster_alhx700,2,banded_anti_w4,one,all,87,1,persistent_chain
G2_Wcluster_alhx700,2,banded_anti_w4,one,all,88,1,persistent_chain
G2_Wcluster_alhx700,2,banded_anti_w4,one,all,89,5,persistent_chain
G2_Wcluster_alhx700,2,banded_anti_w4,one,all,90,1,persistent_chain
G2_Wcluster_alhx700,2,banded_anti_w4,one,all,91,3,persistent_chain
G2_Wcluster_alhx700,2,banded_anti_w4,one,all,92,3,persistent_chain
G2_Wcluster_alhx700,2,banded_anti_w4,one,all,93,1,persistent_chain
G2_Wcluster_alhx700,2,banded_anti_w4,one,all,94,2,persistent_chain
G2_Wcluster_alhx700,2,banded_anti_w4,one,all,95,2,persistent_chain
G2_Wcluster_alhx700,2,banded_anti_w4,one,all,99,2,persistent_chain
G2_Wcluster_alhx700,2,banded_anti_w4,one,all,100,2,persistent_chain
G2_Wcluster_alhx700,2,banded_anti_w4,one,all,102,1,persistent_chain
G2_Wcluster_alhx700,2,banded_anti_w4,one,all,107,2,persistent_chain
G2_Wcluster_alhx700,2,banded_anti_w4,one,all,108,5,persistent_chain
G2_Wcluster_alhx700,2,banded_anti_w4,one,all,109,1,persistent_chain
G2_Wcluster_alhx700,2,banded_anti_w4,one,all,110,3,persistent_chain
G2_Wcluster_alhx700,2,banded_anti_w4,one,all,111,1,persistent_chain
G2_Wcluster_alhx700,2,banded_anti_w4,one,all,112,1,persistent_chain
G2_Wcluster_alhx700,2,banded_anti_w4,one,all,114,3,persistent_chain
G2_Wcluster_alhx700,2,banded_anti_w4,one,all,115,2,persistent_chain
G2_Wcluster_alhx700,2,banded_anti_w4,one,all,116,1,persistent_chain
G2_Wcluster_alhx700,2,banded_anti_w4,one,all,117,1,persistent_chain
G2_Wcluster_alhx700,2,banded_anti_w4,one,all,118,1,persistent_chain
G2_Wcluster_alhx700,2,banded_anti_w4,one,all,119,2,persistent_chain
G2_Wcluster_alhx700,2,banded_anti_w4,one,all,120,1,persistent_chain
G2_Wcluster_alhx700,2,banded_anti_w4,one,all,122,2,persistent_chain
G2_Wcluster_alhx700,2,banded_anti_w4,one,all,123,1,persistent_chain
G2_Wcluster_alhx700,2,banded_anti_w4,one,all,124,1,persistent_chain
G2_Wcluster_alhx700,2,banded_anti_w4,one,all,127,1,persistent_chain
G2_Wcluster_alhx700,2,banded_anti_w4,one,all,128,1,persistent_chain
G2_Wcluster_alhx700,2,banded_anti_w4,one,all,129,1,persistent_chain
G2_Wcluster_alhx700,2,banded_anti_w4,one,all,130,1,persistent_chain
G2_Wcluster_alhx700,2,banded_anti_w4,one,all,131,4,persistent_chain
G2_Wcluster_alhx700,2,banded_anti_w4,one,all,134,2,persistent_chain
G2_Wcluster_alhx700,2,banded_anti_w4,one,all,136,1,persistent_chain
G2_Wcluster_alhx700,2,banded_anti_w4,one,all,138,2,persistent_chain
G2_Wcluster_alhx700,2,banded_anti_w4,one,all,139,2,persistent_chain
G2_Wcluster_alhx700,2,banded_anti_w4,one,all,141,1,persistent_chain
G2_Wcluster_alhx700,2,banded_anti_w4,one,all,143,2,persistent_chain
G2_Wcluster_alhx700,2,banded_anti_w4,one,all,144,1,persistent_chain
G2_Wcluster_alhx700,2,banded_anti_w4,one,all,145,2,persistent_chain
G2_Wcluster_alhx700,2,banded_anti_w4,one,all,146,2,persistent_chain
G2_Wcluster_alhx700,2,banded_anti_w4,one,all,147,1,persistent_chain
G2_Wcluster_alhx700,2,banded_anti_w4,one,all,151,1,persistent_chain
G2_Wcluster_alhx700,2,banded_anti_w4,one,all,153,2,persistent_chain
G2_Wcluster_alhx700,2,banded_anti_w4,one,all,154,1,persistent_chain
G2_Wcluster_alhx700,2,banded_anti_w4,one,all,155,2,persistent_chain
G2_Wcluster_alhx700,2,banded_anti_w4,one,all,156,2,persistent_chain
G2_Wcluster_alhx700,2,banded_anti_w4,one,all,157,1,persistent_chain
G2_Wcluster_alhx700,2,banded_anti_w4,one,all,158,1,persistent_chain
G2_Wcluster_alhx700,2,banded_anti_w4,one,all,159,1,persistent_chain
G2_Wcluster_alhx700,2,banded_anti_w4,one,all,161,1,persistent_chain
G2_Wcluster_alhx700,2,banded_anti_w4,one,all,162,1,persistent_chain
G2_Wcluster_alhx700,2,banded_anti_w4,one,all,164,3,persistent_chain
G2_Wcluster_alhx700,2,banded_anti_w4,one,all,166,1,persistent_chain
G2_Wcluster_alhx700,2,banded_anti_w4,one,all,168,1,persistent_chain
G2_Wcluster_alhx700,2,banded_anti_w4,one,all,169,2,persistent_chain
G2_Wcluster_alhx700,2,banded_anti_w4,one,all,170,4,persistent_chain
G2_Wcluster_alhx700,2,banded_anti_w4,one,all,171,1,persistent_chain
G2_Wcluster_alhx700,2,banded_anti_w4,one,all,174,1,persistent_chain
G2_Wcluster_alhx700,2,banded_anti_w4,one,all,176,1,persistent_chain
G2_Wcluster_alhx700,2,banded_anti_w4,one,all,177,1,persistent_chain
G2_Wcluster_alhx700,2,banded_anti_w4,one,all,178,1,persistent_chain
G2_Wcluster_alhx700,2,banded_anti_w4,one,all,179,2,persistent_chain
G2_Wcluster_alhx700,2,banded_anti_w4,one,all,180,1,persistent_chain
G2_Wcluster_alhx700,2,banded_anti_w4,one,all,182,1,persistent_chain
G2_Wcluster_alhx700,2,banded_anti_w4,one,all,183,1,persistent_chain
G2_Wcluster_alhx700,2,banded_anti_w4,one,all,184,3,persistent_chain
G2_Wcluster_alhx700,2,banded_anti_w4,one,all,186,1,persistent_chain
G2_Wcluster_alhx700,2,banded_anti_w4,one,all,190,1,persistent_chain
G2_Wcluster_alhx700,2,banded_anti_w4,one,all,192,4,persistent_chain
G2_Wcluster_alhx700,2,banded_anti_w4,one,all,196,2,persistent_chain
G2_Wcluster_alhx700,2,banded_anti_w4,one,all,205,1,persistent_chain
G2_Wcluster_alhx700,2,banded_anti_w4,one,all,206,2,persistent_chain
G2_Wcluster_alhx700,2,banded_anti_w4,one,all,207,1,persistent_chain
G2_Wcluster_alhx700,2,banded_anti_w4,one,all,209,1,persistent_chain
G2_Wcluster_alhx700,2,banded_anti_w4,one,all,213,1,persistent_chain
G2_Wcluster_alhx700,2,banded_anti_w4,one,all,217,1,persistent_chain
G2_Wcluster_alhx700,2,banded_anti_w4,one,all,218,1,persistent_chain
G2_Wcluster_alhx700,2,banded_anti_w4,one,all,220,1,persistent_chain
G2_Wcluster_alhx700,2,banded_anti_w4,one,all,222,1,persistent_chain
G2_Wcluster_alhx700,2,banded_anti_w4,one,all,223,1,persistent_chain
G2_Wcluster_alhx700,2,banded_anti_w4,one,all,224,1,persistent_chain
G2_Wcluster_alhx700,2,banded_anti_w4,one,all,227,1,persistent_chain
G2_Wcluster_alhx700,2,banded_anti_w4,one,all,228,3,persistent_chain
G2_Wcluster_alhx700,2,banded_anti_w4,one,all,231,1,persistent_chain
G2_Wcluster_alhx700,2,banded_anti_w4,one,all,234,1,persistent_chain
G2_Wcluster_alhx700,2,banded_anti_w4,one,all,236,1,persistent_chain
G2_Wcluster_alhx700,2,banded_anti_w4,one,all,242,1,persistent_chain
G2_Wcluster_alhx700,2,banded_anti_w4,one,all,243,1,persistent_chain
G2_Wcluster_alhx700,2,banded_anti_w4,one,all,245,1,persistent_chain
G2_Wcluster_alhx700,2,banded_anti_w4,one,all,247,1,persistent_chain
G2_Wcluster_alhx700,2,banded_anti_w4,one,all,249,1,persistent_chain
G2_Wcluster_alhx700,2,banded_anti_w4,one,all,257,1,persistent_chain
G2_Wcluster_alhx700,2,banded_anti_w4,one,all,261,1,persistent_chain
G2_Wcluster_alhx700,2,banded_anti_w4,one,all,268,1,persistent_chain
G2_Wcluster_alhx700,2,banded_anti_w4,one,all,269,1,persistent_chain
G2_Wcluster_alhx700,2,banded_anti_w4,one,all,270,1,persistent_chain
G2_Wcluster_alhx700,2,banded_anti_w4,one,all,272,1,persistent_chain
G2_Wcluster_alhx700,2,banded_anti_w4,one,all,274,1,persistent_chain
G2_Wcluster_alhx700,2,banded_anti_w4,one,all,286,1,persistent_chain
G2_Wcluster_alhx700,2,banded_anti_w4,one,all,287,1,persistent_chain
G2_Wcluster_alhx700,2,banded_anti_w4,one,all,288,1,persistent_chain
G2_Wcluster_alhx700,2,banded_anti_w4,one,all,302,1,persistent_chain
G2_Wcluster_alhx700,2,banded_anti_w4,one,all,304,1,persistent_chain
G2_Wcluster_alhx700,2,banded_anti_w4,one,all,308,1,persistent_chain
G2_Wcluster_alhx700,2,banded_anti_w4,one,all,312,1,persistent_chain
G2_Wcluster_alhx700,2,banded_anti_w4,one,all,315,1,persistent_chain
G2_Wcluster_alhx700,2,banded_anti_w4,one,all,320,1,persistent_chain
G2_Wcluster_alhx700,2,banded_anti_w4,one,all,321,1,persistent_chain
G2_Wcluster_alhx700,2,banded_anti_w4,one,all,322,1,persistent_chain
G2_Wcluster_alhx700,2,banded_anti_w4,one,all,356,1,persistent_chain
G2_Wcluster_alhx700,2,banded_anti_w4,one,all,357,1,persistent_chain
G2_Wcluster_alhx700,2,banded_anti_w4,one,all,382,1,persistent_chain
G2_Wcluster_alhx700,2,banded_anti_w4,one,all,394,1,persistent_chain
G2_Wcluster_alhx700,2,banded_anti_w4,one,all,402,1,persistent_chain
G2_Wcluster_alhx700,2,banded_anti_w4,one,all,403,1,persistent_chain
G2_Wcluster_alhx700,2,banded_anti_w4,one,all,408,1,persistent_chain
G2_Wcluster_alhx700,2,banded_anti_w4,one,all,411,1,persistent_chain
G2_Wcluster_alhx700,2,banded_anti_w4,one,all,412,1,persistent_chain
G2_Wcluster_alhx700,2,banded_anti_w4,one,all,461,1,persistent_chain
G2_Wcluster_alhx700,2,banded_anti_w4,one,all,473,2,persistent_chain
G2_Wcluster_alhx700,2,banded_anti_w4,one,all,479,1,persistent_chain
G2_Wcluster_alhx700,2,banded_anti_w4,one,all,489,1,persistent_chain
G2_Wcluster_alhx700,2,banded_anti_w4,one,all,529,1,persistent_chain
G2_Wcluster_alhx700,2,banded_anti_w4,one,all,537,1,persistent_chain
G2_Wcluster_alhx700,2,banded_anti_w4,one,all,541,1,persistent_chain
G2_Wcluster_alhx700,2,banded_anti_w4,one,all,551,2,persistent_chain
G2_Wcluster_alhx700,2,banded_anti_w4,one,all,570,1,persistent_chain
G2_Wcluster_alhx700,2,banded_anti_w4,one,all,573,1,persistent_chain
G2_Wcluster_alhx700,2,banded_anti_w4,one,all,590,1,persistent_chain
G2_Wcluster_alhx700,2,banded_anti_w4,one,all,617,1,persistent_chain
G2_Wcluster_alhx700,2,banded_anti_w4,one,all,641,1,persistent_chain
G2_Wcluster_alhx700,2,banded_anti_w4,one,all,672,1,persistent_chain
G2_Wcluster_alhx700,2,banded_anti_w4,one,all,676,1,persistent_chain
G2_Wcluster_alhx700,2,banded_anti_w4,one,all,680,1,persistent_chain
G2_Wcluster_alhx700,2,banded_anti_w4,one,all,682,1,persistent_chain
G2_Wcluster_alhx700,2,banded_anti_w4,one,all,699,1,persistent_chain
G2_Wcluster_alhx700,2,banded_anti_w4,one,all,707,1,persistent_chain
G2_Wcluster_alhx700,2,banded_anti_w4,one,all,728,1,persistent_chain
G2_Wcluster_alhx700,2,banded_anti_w4,one,all,780,1,persistent_chain
G2_Wcluster_alhx700,2,banded_anti_w4,one,all,810,1,persistent_chain
G2_Wcluster_alhx700,2,banded_anti_w4,one,all,814,1,persistent_chain
G2_Wcluster_alhx700,2,banded_anti_w4,one,all,825,1,persistent_chain
G2_Wcluster_alhx700,2,banded_anti_w4,one,all,826,1,persistent_chain
G2_Wcluster_alhx700,2,banded_anti_w4,one,all,857,1,persistent_chain
G2_Wcluster_alhx700,2,banded_anti_w4,one,all,969,1,persistent_chain
G2_Wcluster_alhx700,2,banded_anti_w4,one,all,1206,1,persistent_chain
G2_Wcluster_alhx700,2,banded_anti_w4,one,all,1608,1,persistent_chain
G2_Wcluster_alhx700,2,banded_anti_w4,one,all,2541,1,persistent_chain
G2_Wcluster_alhx700,2,banded_anti_w4,three,all,1,4656,persistent_chain
G2_Wcluster_alhx700,2,banded_anti_w4,three,all,2,1421,persistent_chain
G2_Wcluster_alhx700,2,banded_anti_w4,three,all,3,617,persistent_chain
G2_Wcluster_alhx700,2,banded_anti_w4,three,all,4,374,persistent_chain
G2_Wcluster_alhx700,2,banded_anti_w4,three,all,5,221,persistent_chain
G2_Wcluster_alhx700,2,banded_anti_w4,three,all,6,163,persistent_chain
G2_Wcluster_alhx700,2,banded_anti_w4,three,all,7,133,persistent_chain
G2_Wcluster_alhx700,2,banded_anti_w4,three,all,8,89,persistent_chain
G2_Wcluster_alhx700,2,banded_anti_w4,three,all,9,76,persistent_chain
G2_Wcluster_alhx700,2,banded_anti_w4,three,all,10,57,persistent_chain
G2_Wcluster_alhx700,2,banded_anti_w4,three,all,11,54,persistent_chain
G2_Wcluster_alhx700,2,banded_anti_w4,three,all,12,38,persistent_chain
G2_Wcluster_alhx700,2,banded_anti_w4,three,all,13,33,persistent_chain
G2_Wcluster_alhx700,2,banded_anti_w4,three,all,14,32,persistent_chain
G2_Wcluster_alhx700,2,banded_anti_w4,three,all,15,26,persistent_chain
G2_Wcluster_alhx700,2,banded_anti_w4,three,all,16,30,persistent_chain
G2_Wcluster_alhx700,2,banded_anti_w4,three,all,17,24,persistent_chain
G2_Wcluster_alhx700,2,banded_anti_w4,three,all,18,18,persistent_chain
G2_Wcluster_alhx700,2,banded_anti_w4,three,all,19,15,persistent_chain
G2_Wcluster_alhx700,2,banded_anti_w4,three,all,20,17,persistent_chain
G2_Wcluster_alhx700,2,banded_anti_w4,three,all,21,14,persistent_chain
G2_Wcluster_alhx700,2,banded_anti_w4,three,all,22,10,persistent_chain
G2_Wcluster_alhx700,2,banded_anti_w4,three,all,23,11,persistent_chain
G2_Wcluster_alhx700,2,banded_anti_w4,three,all,24,14,persistent_chain
G2_Wcluster_alhx700,2,banded_anti_w4,three,all,25,9,persistent_chain
G2_Wcluster_alhx700,2,banded_anti_w4,three,all,26,13,persistent_chain
G2_Wcluster_alhx700,2,banded_anti_w4,three,all,27,6,persistent_chain
G2_Wcluster_alhx700,2,banded_anti_w4,three,all,28,9,persistent_chain
G2_Wcluster_alhx700,2,banded_anti_w4,three,all,29,13,persistent_chain
G2_Wcluster_alhx700,2,banded_anti_w4,three,all,30,7,persistent_chain
G2_Wcluster_alhx700,2,banded_anti_w4,three,all,31,7,persistent_chain
G2_Wcluster_alhx700,2,banded_anti_w4,three,all,32,7,persistent_chain
G2_Wcluster_alhx700,2,banded_anti_w4,three,all,33,4,persistent_chain
G2_Wcluster_alhx700,2,banded_anti_w4,three,all,34,6,persistent_chain
G2_Wcluster_alhx700,2,banded_anti_w4,three,all,35,4,persistent_chain
G2_Wcluster_alhx700,2,banded_anti_w4,three,all,36,4,persistent_chain
G2_Wcluster_alhx700,2,banded_anti_w4,three,all,37,9,persistent_chain
G2_Wcluster_alhx700,2,banded_anti_w4,three,all,38,4,persistent_chain
G2_Wcluster_alhx700,2,banded_anti_w4,three,all,39,4,persistent_chain
G2_Wcluster_alhx700,2,banded_anti_w4,three,all,40,5,persistent_chain
G2_Wcluster_alhx700,2,banded_anti_w4,three,all,41,4,persistent_chain
G2_Wcluster_alhx700,2,banded_anti_w4,three,all,42,4,persistent_chain
G2_Wcluster_alhx700,2,banded_anti_w4,three,all,43,6,persistent_chain
G2_Wcluster_alhx700,2,banded_anti_w4,three,all,44,4,persistent_chain
G2_Wcluster_alhx700,2,banded_anti_w4,three,all,45,4,persistent_chain
G2_Wcluster_alhx700,2,banded_anti_w4,three,all,46,2,persistent_chain
G2_Wcluster_alhx700,2,banded_anti_w4,three,all,47,3,persistent_chain
G2_Wcluster_alhx700,2,banded_anti_w4,three,all,48,2,persistent_chain
G2_Wcluster_alhx700,2,banded_anti_w4,three,all,49,1,persistent_chain
G2_Wcluster_alhx700,2,banded_anti_w4,three,all,50,2,persistent_chain
G2_Wcluster_alhx700,2,banded_anti_w4,three,all,51,1,persistent_chain
G2_Wcluster_alhx700,2,banded_anti_w4,three,all,52,4,persistent_chain
G2_Wcluster_alhx700,2,banded_anti_w4,three,all,53,4,persistent_chain
G2_Wcluster_alhx700,2,banded_anti_w4,three,all,54,2,persistent_chain
G2_Wcluster_alhx700,2,banded_anti_w4,three,all,55,1,persistent_chain
G2_Wcluster_alhx700,2,banded_anti_w4,three,all,56,1,persistent_chain
G2_Wcluster_alhx700,2,banded_anti_w4,three,all,57,1,persistent_chain
G2_Wcluster_alhx700,2,banded_anti_w4,three,all,58,3,persistent_chain
G2_Wcluster_alhx700,2,banded_anti_w4,three,all,59,2,persistent_chain
G2_Wcluster_alhx700,2,banded_anti_w4,three,all,60,2,persistent_chain
G2_Wcluster_alhx700,2,banded_anti_w4,three,all,62,1,persistent_chain
G2_Wcluster_alhx700,2,banded_anti_w4,three,all,63,4,persistent_chain
G2_Wcluster_alhx700,2,banded_anti_w4,three,all,64,1,persistent_chain
G2_Wcluster_alhx700,2,banded_anti_w4,three,all,65,4,persistent_chain
G2_Wcluster_alhx700,2,banded_anti_w4,three,all,66,1,persistent_chain
G2_Wcluster_alhx700,2,banded_anti_w4,three,all,67,2,persistent_chain
G2_Wcluster_alhx700,2,banded_anti_w4,three,all,68,2,persistent_chain
G2_Wcluster_alhx700,2,banded_anti_w4,three,all,71,1,persistent_chain
G2_Wcluster_alhx700,2,banded_anti_w4,three,all,72,3,persistent_chain
G2_Wcluster_alhx700,2,banded_anti_w4,three,all,73,3,persistent_chain
G2_Wcluster_alhx700,2,banded_anti_w4,three,all,74,1,persistent_chain
G2_Wcluster_alhx700,2,banded_anti_w4,three,all,75,1,persistent_chain
G2_Wcluster_alhx700,2,banded_anti_w4,three,all,76,3,persistent_chain
G2_Wcluster_alhx700,2,banded_anti_w4,three,all,78,2,persistent_chain
G2_Wcluster_alhx700,2,banded_anti_w4,three,all,79,2,persistent_chain
G2_Wcluster_alhx700,2,banded_anti_w4,three,all,82,3,persistent_chain
G2_Wcluster_alhx700,2,banded_anti_w4,three,all,83,2,persistent_chain
G2_Wcluster_alhx700,2,banded_anti_w4,three,all,84,1,persistent_chain
G2_Wcluster_alhx700,2,banded_anti_w4,three,all,85,2,persistent_chain
G2_Wcluster_alhx700,2,banded_anti_w4,three,all,90,3,persistent_chain
G2_Wcluster_alhx700,2,banded_anti_w4,three,all,95,1,persistent_chain
G2_Wcluster_alhx700,2,banded_anti_w4,three,all,99,1,persistent_chain
G2_Wcluster_alhx700,2,banded_anti_w4,three,all,100,1,persistent_chain
G2_Wcluster_alhx700,2,banded_anti_w4,three,all,103,1,persistent_chain
G2_Wcluster_alhx700,2,banded_anti_w4,three,all,106,1,persistent_chain
G2_Wcluster_alhx700,2,banded_anti_w4,three,all,110,2,persistent_chain
G2_Wcluster_alhx700,2,banded_anti_w4,three,all,112,1,persistent_chain
G2_Wcluster_alhx700,2,banded_anti_w4,three,all,115,2,persistent_chain
G2_Wcluster_alhx700,2,banded_anti_w4,three,all,117,1,persistent_chain
G2_Wcluster_alhx700,2,banded_anti_w4,three,all,118,1,persistent_chain
G2_Wcluster_alhx700,2,banded_anti_w4,three,all,132,1,persistent_chain
G2_Wcluster_alhx700,2,banded_anti_w4,three,all,137,2,persistent_chain
G2_Wcluster_alhx700,2,banded_anti_w4,three,all,138,1,persistent_chain
G2_Wcluster_alhx700,2,banded_anti_w4,three,all,141,2,persistent_chain
G2_Wcluster_alhx700,2,banded_anti_w4,three,all,146,1,persistent_chain
G2_Wcluster_alhx700,2,banded_anti_w4,three,all,156,1,persistent_chain
G2_Wcluster_alhx700,2,banded_anti_w4,three,all,157,1,persistent_chain
G2_Wcluster_alhx700,2,banded_anti_w4,three,all,162,1,persistent_chain
G2_Wcluster_alhx700,2,banded_anti_w4,three,all,173,1,persistent_chain
G2_Wcluster_alhx700,2,banded_anti_w4,three,all,206,1,persistent_chain
G2_Wcluster_alhx700,2,banded_anti_w4,three,all,217,1,persistent_chain
G2_Wcluster_alhx700,2,banded_anti_w4,three,all,221,1,persistent_chain
G2_Wcluster_alhx700,2,banded_anti_w4,three,all,252,1,persistent_chain
G2_Wcluster_alhx700,2,banded_anti_w4,three,all,272,1,persistent_chain
G2_Wcluster_alhx700,2,banded_anti_w4,three,all,338,1,persistent_chain
G2_Wcluster_alhx700,2,banded_anti_w4,three,all,403,1,persistent_chain
G2_Wcluster_alhx700,2,banded_anti_w4,three,all,471,1,persistent_chain
G2_Wcluster_alhx700,2,banded_anti_w4,three,all,488,1,persistent_chain
G2_Wcluster_alhx700,2,banded_anti_w4,three,all,2437,1,persistent_chain
G2_Wcluster_alhx700,2,banded_anti_w4,triplet,all,1,947,persistent_chain
G2_Wcluster_alhx700,2,banded_anti_w4,triplet,all,2,354,persistent_chain
G2_Wcluster_alhx700,2,banded_anti_w4,triplet,all,3,140,persistent_chain
G2_Wcluster_alhx700,2,banded_anti_w4,triplet,all,4,95,persistent_chain
G2_Wcluster_alhx700,2,banded_anti_w4,triplet,all,5,58,persistent_chain
G2_Wcluster_alhx700,2,banded_anti_w4,triplet,all,6,36,persistent_chain
G2_Wcluster_alhx700,2,banded_anti_w4,triplet,all,7,22,persistent_chain
G2_Wcluster_alhx700,2,banded_anti_w4,triplet,all,8,13,persistent_chain
G2_Wcluster_alhx700,2,banded_anti_w4,triplet,all,9,7,persistent_chain
G2_Wcluster_alhx700,2,banded_anti_w4,triplet,all,10,10,persistent_chain
G2_Wcluster_alhx700,2,banded_anti_w4,triplet,all,11,9,persistent_chain
G2_Wcluster_alhx700,2,banded_anti_w4,triplet,all,12,5,persistent_chain
G2_Wcluster_alhx700,2,banded_anti_w4,triplet,all,13,4,persistent_chain
G2_Wcluster_alhx700,2,banded_anti_w4,triplet,all,14,6,persistent_chain
G2_Wcluster_alhx700,2,banded_anti_w4,triplet,all,15,3,persistent_chain
G2_Wcluster_alhx700,2,banded_anti_w4,triplet,all,16,1,persistent_chain
G2_Wcluster_alhx700,2,banded_anti_w4,triplet,all,19,1,persistent_chain
G2_Wcluster_alhx700,2,banded_anti_w4,triplet,all,22,2,persistent_chain
G2_Wcluster_alhx700,2,banded_anti_w4,triplet,all,24,2,persistent_chain
G2_Wcluster_alhx700,2,banded_anti_w4,triplet,all,27,1,persistent_chain
G2_Wcluster_alhx700,2,banded_anti_w4,triplet,all,31,1,persistent_chain
G2_Wcluster_alhx700,2,banded_anti_w4,triplet,all,46,1,persistent_chain
G2_Wcluster_alhx700,2,banded_anti_w4,triplet,all,52,1,persistent_chain
G2_Wcluster_alhx700,2,banded_anti_w6,one,all,1,5379,persistent_chain
G2_Wcluster_alhx700,2,banded_anti_w6,one,all,2,2054,persistent_chain
G2_Wcluster_alhx700,2,banded_anti_w6,one,all,3,1065,persistent_chain
G2_Wcluster_alhx700,2,banded_anti_w6,one,all,4,673,persistent_chain
G2_Wcluster_alhx700,2,banded_anti_w6,one,all,5,464,persistent_chain
G2_Wcluster_alhx700,2,banded_anti_w6,one,all,6,370,persistent_chain
G2_Wcluster_alhx700,2,banded_anti_w6,one,all,7,254,persistent_chain
G2_Wcluster_alhx700,2,banded_anti_w6,one,all,8,204,persistent_chain
G2_Wcluster_alhx700,2,banded_anti_w6,one,all,9,159,persistent_chain
G2_Wcluster_alhx700,2,banded_anti_w6,one,all,10,160,persistent_chain
G2_Wcluster_alhx700,2,banded_anti_w6,one,all,11,116,persistent_chain
G2_Wcluster_alhx700,2,banded_anti_w6,one,all,12,87,persistent_chain
G2_Wcluster_alhx700,2,banded_anti_w6,one,all,13,101,persistent_chain
G2_Wcluster_alhx700,2,banded_anti_w6,one,all,14,69,persistent_chain
G2_Wcluster_alhx700,2,banded_anti_w6,one,all,15,75,persistent_chain
G2_Wcluster_alhx700,2,banded_anti_w6,one,all,16,48,persistent_chain
G2_Wcluster_alhx700,2,banded_anti_w6,one,all,17,55,persistent_chain
G2_Wcluster_alhx700,2,banded_anti_w6,one,all,18,42,persistent_chain
G2_Wcluster_alhx700,2,banded_anti_w6,one,all,19,28,persistent_chain
G2_Wcluster_alhx700,2,banded_anti_w6,one,all,20,34,persistent_chain
G2_Wcluster_alhx700,2,banded_anti_w6,one,all,21,29,persistent_chain
G2_Wcluster_alhx700,2,banded_anti_w6,one,all,22,37,persistent_chain
G2_Wcluster_alhx700,2,banded_anti_w6,one,all,23,22,persistent_chain
G2_Wcluster_alhx700,2,banded_anti_w6,one,all,24,21,persistent_chain
G2_Wcluster_alhx700,2,banded_anti_w6,one,all,25,31,persistent_chain
G2_Wcluster_alhx700,2,banded_anti_w6,one,all,26,30,persistent_chain
G2_Wcluster_alhx700,2,banded_anti_w6,one,all,27,20,persistent_chain
G2_Wcluster_alhx700,2,banded_anti_w6,one,all,28,24,persistent_chain
G2_Wcluster_alhx700,2,banded_anti_w6,one,all,29,23,persistent_chain
G2_Wcluster_alhx700,2,banded_anti_w6,one,all,30,26,persistent_chain
G2_Wcluster_alhx700,2,banded_anti_w6,one,all,31,20,persistent_chain
G2_Wcluster_alhx700,2,banded_anti_w6,one,all,32,6,persistent_chain
G2_Wcluster_alhx700,2,banded_anti_w6,one,all,33,11,persistent_chain
G2_Wcluster_alhx700,2,banded_anti_w6,one,all,34,22,persistent_chain
G2_Wcluster_alhx700,2,banded_anti_w6,one,all,35,11,persistent_chain
G2_Wcluster_alhx700,2,banded_anti_w6,one,all,36,9,persistent_chain
G2_Wcluster_alhx700,2,banded_anti_w6,one,all,37,15,persistent_chain
G2_Wcluster_alhx700,2,banded_anti_w6,one,all,38,12,persistent_chain
G2_Wcluster_alhx700,2,banded_anti_w6,one,all,39,7,persistent_chain
G2_Wcluster_alhx700,2,banded_anti_w6,one,all,40,11,persistent_chain
G2_Wcluster_alhx700,2,banded_anti_w6,one,all,41,6,persistent_chain
G2_Wcluster_alhx700,2,banded_anti_w6,one,all,42,5,persistent_chain
G2_Wcluster_alhx700,2,banded_anti_w6,one,all,43,5,persistent_chain
G2_Wcluster_alhx700,2,banded_anti_w6,one,all,44,5,persistent_chain
G2_Wcluster_alhx700,2,banded_anti_w6,one,all,45,8,persistent_chain
G2_Wcluster_alhx700,2,banded_anti_w6,one,all,46,8,persistent_chain
G2_Wcluster_alhx700,2,banded_anti_w6,one,all,47,5,persistent_chain
G2_Wcluster_alhx700,2,banded_anti_w6,one,all,48,5,persistent_chain
G2_Wcluster_alhx700,2,banded_anti_w6,one,all,49,2,persistent_chain
G2_Wcluster_alhx700,2,banded_anti_w6,one,all,50,8,persistent_chain
G2_Wcluster_alhx700,2,banded_anti_w6,one,all,51,5,persistent_chain
G2_Wcluster_alhx700,2,banded_anti_w6,one,all,52,6,persistent_chain
G2_Wcluster_alhx700,2,banded_anti_w6,one,all,53,5,persistent_chain
G2_Wcluster_alhx700,2,banded_anti_w6,one,all,54,7,persistent_chain
G2_Wcluster_alhx700,2,banded_anti_w6,one,all,55,5,persistent_chain
G2_Wcluster_alhx700,2,banded_anti_w6,one,all,56,3,persistent_chain
G2_Wcluster_alhx700,2,banded_anti_w6,one,all,57,3,persistent_chain
G2_Wcluster_alhx700,2,banded_anti_w6,one,all,58,4,persistent_chain
G2_Wcluster_alhx700,2,banded_anti_w6,one,all,59,5,persistent_chain
G2_Wcluster_alhx700,2,banded_anti_w6,one,all,60,5,persistent_chain
G2_Wcluster_alhx700,2,banded_anti_w6,one,all,61,8,persistent_chain
G2_Wcluster_alhx700,2,banded_anti_w6,one,all,62,3,persistent_chain
G2_Wcluster_alhx700,2,banded_anti_w6,one,all,63,5,persistent_chain
G2_Wcluster_alhx700,2,banded_anti_w6,one,all,64,4,persistent_chain
G2_Wcluster_alhx700,2,banded_anti_w6,one,all,65,4,persistent_chain
G2_Wcluster_alhx700,2,banded_anti_w6,one,all,66,7,persistent_chain
G2_Wcluster_alhx700,2,banded_anti_w6,one,all,67,5,persistent_chain
G2_Wcluster_alhx700,2,banded_anti_w6,one,all,68,5,persistent_chain
G2_Wcluster_alhx700,2,banded_anti_w6,one,all,69,3,persistent_chain
G2_Wcluster_alhx700,2,banded_anti_w6,one,all,70,4,persistent_chain
G2_Wcluster_alhx700,2,banded_anti_w6,one,all,71,7,persistent_chain
G2_Wcluster_alhx700,2,banded_anti_w6,one,all,72,3,persistent_chain
G2_Wcluster_alhx700,2,banded_anti_w6,one,all,73,5,persistent_chain
G2_Wcluster_alhx700,2,banded_anti_w6,one,all,74,5,persistent_chain
G2_Wcluster_alhx700,2,banded_anti_w6,one,all,75,3,persistent_chain
G2_Wcluster_alhx700,2,banded_anti_w6,one,all,76,1,persistent_chain
G2_Wcluster_alhx700,2,banded_anti_w6,one,all,77,4,persistent_chain
G2_Wcluster_alhx700,2,banded_anti_w6,one,all,78,6,persistent_chain
G2_Wcluster_alhx700,2,banded_anti_w6,one,all,79,4,persistent_chain
G2_Wcluster_alhx700,2,banded_anti_w6,one,all,80,3,persistent_chain
G2_Wcluster_alhx700,2,banded_anti_w6,one,all,81,3,persistent_chain
G2_Wcluster_alhx700,2,banded_anti_w6,one,all,82,2,persistent_chain
G2_Wcluster_alhx700,2,banded_anti_w6,one,all,83,4,persistent_chain
G2_Wcluster_alhx700,2,banded_anti_w6,one,all,84,4,persistent_chain
G2_Wcluster_alhx700,2,banded_anti_w6,one,all,85,5,persistent_chain
G2_Wcluster_alhx700,2,banded_anti_w6,one,all,86,1,persistent_chain
G2_Wcluster_alhx700,2,banded_anti_w6,one,all,87,4,persistent_chain
G2_Wcluster_alhx700,2,banded_anti_w6,one,all,88,3,persistent_chain
G2_Wcluster_alhx700,2,banded_anti_w6,one,all,89,3,persistent_chain
G2_Wcluster_alhx700,2,banded_anti_w6,one,all,91,1,persistent_chain
G2_Wcluster_alhx700,2,banded_anti_w6,one,all,92,7,persistent_chain
G2_Wcluster_alhx700,2,banded_anti_w6,one,all,93,3,persistent_chain
G2_Wcluster_alhx700,2,banded_anti_w6,one,all,94,3,persistent_chain
G2_Wcluster_alhx700,2,banded_anti_w6,one,all,95,2,persistent_chain
G2_Wcluster_alhx700,2,banded_anti_w6,one,all,97,3,persistent_chain
G2_Wcluster_alhx700,2,banded_anti_w6,one,all,99,1,persistent_chain
G2_Wcluster_alhx700,2,banded_anti_w6,one,all,101,3,persistent_chain
G2_Wcluster_alhx700,2,banded_anti_w6,one,all,102,5,persistent_chain
G2_Wcluster_alhx700,2,banded_anti_w6,one,all,104,2,persistent_chain
G2_Wcluster_alhx700,2,banded_anti_w6,one,all,106,1,persistent_chain
G2_Wcluster_alhx700,2,banded_anti_w6,one,all,107,2,persistent_chain
G2_Wcluster_alhx700,2,banded_anti_w6,one,all,108,5,persistent_chain
G2_Wcluster_alhx700,2,banded_anti_w6,one,all,109,3,persistent_chain
G2_Wcluster_alhx700,2,banded_anti_w6,one,all,110,3,persistent_chain
G2_Wcluster_alhx700,2,banded_anti_w6,one,all,112,2,persistent_chain
G2_Wcluster_alhx700,2,banded_anti_w6,one,all,115,4,persistent_chain
G2_Wcluster_alhx700,2,banded_anti_w6,one,all,116,1,persistent_chain
G2_Wcluster_alhx700,2,banded_anti_w6,one,all,117,1,persistent_chain
G2_Wcluster_alhx700,2,banded_anti_w6,one,all,118,1,persistent_chain
G2_Wcluster_alhx700,2,banded_anti_w6,one,all,119,2,persistent_chain
G2_Wcluster_alhx700,2,banded_anti_w6,one,all,120,2,persistent_chain
G2_Wcluster_alhx700,2,banded_anti_w6,one,all,122,2,persistent_chain
G2_Wcluster_alhx700,2,banded_anti_w6,one,all,125,1,persistent_chain
G2_Wcluster_alhx700,2,banded_anti_w6,one,all,126,1,persistent_chain
G2_Wcluster_alhx700,2,banded_anti_w6,one,all,127,3,persistent_chain
G2_Wcluster_alhx700,2,banded_anti_w6,one,all,128,2,persistent_chain
G2_Wcluster_alhx700,2,banded_anti_w6,one,all,129,1,persistent_chain
G2_Wcluster_alhx700,2,banded_anti_w6,one,all,131,4,persistent_chain
G2_Wcluster_alhx700,2,banded_anti_w6,one,all,132,4,persistent_chain
G2_Wcluster_alhx700,2,banded_anti_w6,one,all,134,2,persistent_chain
G2_Wcluster_alhx700,2,banded_anti_w6,one,all,135,1,persistent_chain
G2_Wcluster_alhx700,2,banded_anti_w6,one,all,138,2,persistent_chain
G2_Wcluster_alhx700,2,banded_anti_w6,one,all,139,3,persistent_chain
G2_Wcluster_alhx700,2,banded_anti_w6,one,all,143,1,persistent_chain
G2_Wcluster_alhx700,2,banded_anti_w6,one,all,144,2,persistent_chain
G2_Wcluster_alhx700,2,banded_anti_w6,one,all,145,2,persistent_chain
G2_Wcluster_alhx700,2,banded_anti_w6,one,all,146,3,persistent_chain
G2_Wcluster_alhx700,2,banded_anti_w6,one,all,147,1,persistent_chain
G2_Wcluster_alhx700,2,banded_anti_w6,one,all,148,1,persistent_chain
G2_Wcluster_alhx700,2,banded_anti_w6,one,all,150,1,persistent_chain
G2_Wcluster_alhx700,2,banded_anti_w6,one,all,152,1,persistent_chain
G2_Wcluster_alhx700,2,banded_anti_w6,one,all,153,1,persistent_chain
G2_Wcluster_alhx700,2,banded_anti_w6,one,all,154,2,persistent_chain
G2_Wcluster_alhx700,2,banded_anti_w6,one,all,155,2,persistent_chain
G2_Wcluster_alhx700,2,banded_anti_w6,one,all,156,1,persistent_chain
G2_Wcluster_alhx700,2,banded_anti_w6,one,all,157,2,persistent_chain
G2_Wcluster_alhx700,2,banded_anti_w6,one,all,158,1,persistent_chain
G2_Wcluster_alhx700,2,banded_anti_w6,one,all,159,1,persistent_chain
G2_Wcluster_alhx700,2,banded_anti_w6,one,all,160,1,persistent_chain
G2_Wcluster_alhx700,2,banded_anti_w6,one,all,162,1,persistent_chain
G2_Wcluster_alhx700,2,banded_anti_w6,one,all,164,2,persistent_chain
G2_Wcluster_alhx700,2,banded_anti_w6,one,all,165,2,persistent_chain
G2_Wcluster_alhx700,2,banded_anti_w6,one,all,166,1,persistent_chain
G2_Wcluster_alhx700,2,banded_anti_w6,one,all,167,2,persistent_chain
G2_Wcluster_alhx700,2,banded_anti_w6,one,all,168,1,persistent_chain
G2_Wcluster_alhx700,2,banded_anti_w6,one,all,170,6,persistent_chain
G2_Wcluster_alhx700,2,banded_anti_w6,one,all,171,2,persistent_chain
G2_Wcluster_alhx700,2,banded_anti_w6,one,all,174,1,persistent_chain
G2_Wcluster_alhx700,2,banded_anti_w6,one,all,175,1,persistent_chain
G2_Wcluster_alhx700,2,banded_anti_w6,one,all,176,1,persistent_chain
G2_Wcluster_alhx700,2,banded_anti_w6,one,all,177,1,persistent_chain
G2_Wcluster_alhx700,2,banded_anti_w6,one,all,178,1,persistent_chain
G2_Wcluster_alhx700,2,banded_anti_w6,one,all,179,3,persistent_chain
G2_Wcluster_alhx700,2,banded_anti_w6,one,all,180,1,persistent_chain
G2_Wcluster_alhx700,2,banded_anti_w6,one,all,182,1,persistent_chain
G2_Wcluster_alhx700,2,banded_anti_w6,one,all,183,1,persistent_chain
G2_Wcluster_alhx700,2,banded_anti_w6,one,all,184,3,persistent_chain
G2_Wcluster_alhx700,2,banded_anti_w6,one,all,186,1,persistent_chain
G2_Wcluster_alhx700,2,banded_anti_w6,one,all,192,4,persistent_chain
G2_Wcluster_alhx700,2,banded_anti_w6,one,all,196,2,persistent_chain
G2_Wcluster_alhx700,2,banded_anti_w6,one,all,200,1,persistent_chain
G2_Wcluster_alhx700,2,banded_anti_w6,one,all,203,1,persistent_chain
G2_Wcluster_alhx700,2,banded_anti_w6,one,all,204,2,persistent_chain
G2_Wcluster_alhx700,2,banded_anti_w6,one,all,205,1,persistent_chain
G2_Wcluster_alhx700,2,banded_anti_w6,one,all,206,1,persistent_chain
G2_Wcluster_alhx700,2,banded_anti_w6,one,all,209,2,persistent_chain
G2_Wcluster_alhx700,2,banded_anti_w6,one,all,211,1,persistent_chain
G2_Wcluster_alhx700,2,banded_anti_w6,one,all,213,1,persistent_chain
G2_Wcluster_alhx700,2,banded_anti_w6,one,all,217,1,persistent_chain
G2_Wcluster_alhx700,2,banded_anti_w6,one,all,218,1,persistent_chain
G2_Wcluster_alhx700,2,banded_anti_w6,one,all,220,1,persistent_chain
G2_Wcluster_alhx700,2,banded_anti_w6,one,all,224,1,persistent_chain
G2_Wcluster_alhx700,2,banded_anti_w6,one,all,226,1,persistent_chain
G2_Wcluster_alhx700,2,banded_anti_w6,one,all,227,1,persistent_chain
G2_Wcluster_alhx700,2,banded_anti_w6,one,all,228,1,persistent_chain
G2_Wcluster_alhx700,2,banded_anti_w6,one,all,231,1,persistent_chain
G2_Wcluster_alhx700,2,banded_anti_w6,one,all,234,1,persistent_chain
G2_Wcluster_alhx700,2,banded_anti_w6,one,all,239,1,persistent_chain
G2_Wcluster_alhx700,2,banded_anti_w6,one,all,242,1,persistent_chain
G2_Wcluster_alhx700,2,banded_anti_w6,one,all,243,1,persistent_chain
G2_Wcluster_alhx700,2,banded_anti_w6,one,all,245,1,persistent_chain
G2_Wcluster_alhx700,2,banded_anti_w6,one,all,247,1,persistent_chain
G2_Wcluster_alhx700,2,banded_anti_w6,one,all,249,1,persistent_chain
G2_Wcluster_alhx700,2,banded_anti_w6,one,all,250,1,persistent_chain
G2_Wcluster_alhx700,2,banded_anti_w6,one,all,256,1,persistent_chain
G2_Wcluster_alhx700,2,banded_anti_w6,one,all,257,1,persistent_chain
G2_Wcluster_alhx700,2,banded_anti_w6,one,all,261,1,persistent_chain
G2_Wcluster_alhx700,2,banded_anti_w6,one,all,266,1,persistent_chain
G2_Wcluster_alhx700,2,banded_anti_w6,one,all,268,1,persistent_chain
G2_Wcluster_alhx700,2,banded_anti_w6,one,all,270,2,persistent_chain
G2_Wcluster_alhx700,2,banded_anti_w6,one,all,272,1,persistent_chain
G2_Wcluster_alhx700,2,banded_anti_w6,one,all,274,1,persistent_chain
G2_Wcluster_alhx700,2,banded_anti_w6,one,all,276,1,persistent_chain
G2_Wcluster_alhx700,2,banded_anti_w6,one,all,286,1,persistent_chain
G2_Wcluster_alhx700,2,banded_anti_w6,one,all,288,2,persistent_chain
G2_Wcluster_alhx700,2,banded_anti_w6,one,all,293,1,persistent_chain
G2_Wcluster_alhx700,2,banded_anti_w6,one,all,301,1,persistent_chain
G2_Wcluster_alhx700,2,banded_anti_w6,one,all,302,1,persistent_chain
G2_Wcluster_alhx700,2,banded_anti_w6,one,all,304,1,persistent_chain
G2_Wcluster_alhx700,2,banded_anti_w6,one,all,307,1,persistent_chain
G2_Wcluster_alhx700,2,banded_anti_w6,one,all,310,1,persistent_chain
G2_Wcluster_alhx700,2,banded_anti_w6,one,all,312,1,persistent_chain
G2_Wcluster_alhx700,2,banded_anti_w6,one,all,313,1,persistent_chain
G2_Wcluster_alhx700,2,banded_anti_w6,one,all,315,1,persistent_chain
G2_Wcluster_alhx700,2,banded_anti_w6,one,all,320,1,persistent_chain
G2_Wcluster_alhx700,2,banded_anti_w6,one,all,325,1,persistent_chain
G2_Wcluster_alhx700,2,banded_anti_w6,one,all,326,1,persistent_chain
G2_Wcluster_alhx700,2,banded_anti_w6,one,all,357,1,persistent_chain
G2_Wcluster_alhx700,2,banded_anti_w6,one,all,360,1,persistent_chain
G2_Wcluster_alhx700,2,banded_anti_w6,one,all,363,1,persistent_chain
G2_Wcluster_alhx700,2,banded_anti_w6,one,all,368,1,persistent_chain
G2_Wcluster_alhx700,2,banded_anti_w6,one,all,370,1,persistent_chain
G2_Wcluster_alhx700,2,banded_anti_w6,one,all,381,1,persistent_chain
G2_Wcluster_alhx700,2,banded_anti_w6,one,all,382,1,persistent_chain
G2_Wcluster_alhx700,2,banded_anti_w6,one,all,386,1,persistent_chain
G2_Wcluster_alhx700,2,banded_anti_w6,one,all,392,1,persistent_chain
G2_Wcluster_alhx700,2,banded_anti_w6,one,all,394,1,persistent_chain
G2_Wcluster_alhx700,2,banded_anti_w6,one,all,402,1,persistent_chain
G2_Wcluster_alhx700,2,banded_anti_w6,one,all,403,1,persistent_chain
G2_Wcluster_alhx700,2,banded_anti_w6,one,all,408,1,persistent_chain
G2_Wcluster_alhx700,2,banded_anti_w6,one,all,415,1,persistent_chain
G2_Wcluster_alhx700,2,banded_anti_w6,one,all,430,1,persistent_chain
G2_Wcluster_alhx700,2,banded_anti_w6,one,all,473,2,persistent_chain
G2_Wcluster_alhx700,2,banded_anti_w6,one,all,486,1,persistent_chain
G2_Wcluster_alhx700,2,banded_anti_w6,one,all,489,1,persistent_chain
G2_Wcluster_alhx700,2,banded_anti_w6,one,all,492,1,persistent_chain
G2_Wcluster_alhx700,2,banded_anti_w6,one,all,541,1,persistent_chain
G2_Wcluster_alhx700,2,banded_anti_w6,one,all,550,1,persistent_chain
G2_Wcluster_alhx700,2,banded_anti_w6,one,all,553,1,persistent_chain
G2_Wcluster_alhx700,2,banded_anti_w6,one,all,562,1,persistent_chain
G2_Wcluster_alhx700,2,banded_anti_w6,one,all,569,1,persistent_chain
G2_Wcluster_alhx700,2,banded_anti_w6,one,all,573,1,persistent_chain
G2_Wcluster_alhx700,2,banded_anti_w6,one,all,599,2,persistent_chain
G2_Wcluster_alhx700,2,banded_anti_w6,one,all,600,1,persistent_chain
G2_Wcluster_alhx700,2,banded_anti_w6,one,all,617,1,persistent_chain
G2_Wcluster_alhx700,2,banded_anti_w6,one,all,623,1,persistent_chain
G2_Wcluster_alhx700,2,banded_anti_w6,one,all,634,1,persistent_chain
G2_Wcluster_alhx700,2,banded_anti_w6,one,all,638,1,persistent_chain
G2_Wcluster_alhx700,2,banded_anti_w6,one,all,644,1,persistent_chain
G2_Wcluster_alhx700,2,banded_anti_w6,one,all,680,1,persistent_chain
G2_Wcluster_alhx700,2,banded_anti_w6,one,all,685,1,persistent_chain
G2_Wcluster_alhx700,2,banded_anti_w6,one,all,703,1,persistent_chain
G2_Wcluster_alhx700,2,banded_anti_w6,one,all,710,1,persistent_chain
G2_Wcluster_alhx700,2,banded_anti_w6,one,all,728,1,persistent_chain
G2_Wcluster_alhx700,2,banded_anti_w6,one,all,772,1,persistent_chain
G2_Wcluster_alhx700,2,banded_anti_w6,one,all,780,1,persistent_chain
G2_Wcluster_alhx700,2,banded_anti_w6,one,all,814,1,persistent_chain
G2_Wcluster_alhx700,2,banded_anti_w6,one,all,855,1,persistent_chain
G2_Wcluster_alhx700,2,banded_anti_w6,one,all,857,1,persistent_chain
G2_Wcluster_alhx700,2,banded_anti_w6,one,all,859,1,persistent_chain
G2_Wcluster_alhx700,2,banded_anti_w6,one,all,860,1,persistent_chain
G2_Wcluster_alhx700,2,banded_anti_w6,one,all,892,1,persistent_chain
G2_Wcluster_alhx700,2,banded_anti_w6,one,all,969,1,persistent_chain
G2_Wcluster_alhx700,2,banded_anti_w6,one,all,984,1,persistent_chain
G2_Wcluster_alhx700,2,banded_anti_w6,one,all,1082,1,persistent_chain
G2_Wcluster_alhx700,2,banded_anti_w6,one,all,1198,1,persistent_chain
G2_Wcluster_alhx700,2,banded_anti_w6,one,all,1206,1,persistent_chain
G2_Wcluster_alhx700,2,banded_anti_w6,one,all,1211,1,persistent_chain
G2_Wcluster_alhx700,2,banded_anti_w6,one,all,1384,1,persistent_chain
G2_Wcluster_alhx700,2,banded_anti_w6,one,all,1608,1,persistent_chain
G2_Wcluster_alhx700,2,banded_anti_w6,one,all,2541,1,persistent_chain
G2_Wcluster_alhx700,2,banded_anti_w6,three,all,1,5792,persistent_chain
G2_Wcluster_alhx700,2,banded_anti_w6,three,all,2,1949,persistent_chain
G2_Wcluster_alhx700,2,banded_anti_w6,three,all,3,946,persistent_chain
G2_Wcluster_alhx700,2,banded_anti_w6,three,all,4,588,persistent_chain
G2_Wcluster_alhx700,2,banded_anti_w6,three,all,5,377,persistent_chain
G2_Wcluster_alhx700,2,banded_anti_w6,three,all,6,278,persistent_chain
G2_Wcluster_alhx700,2,banded_anti_w6,three,all,7,220,persistent_chain
G2_Wcluster_alhx700,2,banded_anti_w6,three,all,8,157,persistent_chain
G2_Wcluster_alhx700,2,banded_anti_w6,three,all,9,138,persistent_chain
G2_Wcluster_alhx700,2,banded_anti_w6,three,all,10,103,persistent_chain
G2_Wcluster_alhx700,2,banded_anti_w6,three,all,11,91,persistent_chain
G2_Wcluster_alhx700,2,banded_anti_w6,three,all,12,64,persistent_chain
G2_Wcluster_alhx700,2,banded_anti_w6,three,all,13,76,persistent_chain
G2_Wcluster_alhx700,2,banded_anti_w6,three,all,14,54,persistent_chain
G2_Wcluster_alhx700,2,banded_anti_w6,three,all,15,43,persistent_chain
G2_Wcluster_alhx700,2,banded_anti_w6,three,all,16,60,persistent_chain
G2_Wcluster_alhx700,2,banded_anti_w6,three,all,17,36,persistent_chain
G2_Wcluster_alhx700,2,banded_anti_w6,three,all,18,42,persistent_chain
G2_Wcluster_alhx700,2,banded_anti_w6,three,all,19,24,persistent_chain
G2_Wcluster_alhx700,2,banded_anti_w6,three,all,20,26,persistent_chain
G2_Wcluster_alhx700,2,banded_anti_w6,three,all,21,36,persistent_chain
G2_Wcluster_alhx700,2,banded_anti_w6,three,all,22,27,persistent_chain
G2_Wcluster_alhx700,2,banded_anti_w6,three,all,23,23,persistent_chain
G2_Wcluster_alhx700,2,banded_anti_w6,three,all,24,21,persistent_chain
G2_Wcluster_alhx700,2,banded_anti_w6,three,all,25,23,persistent_chain
G2_Wcluster_alhx700,2,banded_anti_w6,three,all,26,17,persistent_chain
G2_Wcluster_alhx700,2,banded_anti_w6,three,all,27,9,persistent_chain
G2_Wcluster_alhx700,2,banded_anti_w6,three,all,28,18,persistent_chain
G2_Wcluster_alhx700,2,banded_anti_w6,three,all,29,9,persistent_chain
G2_Wcluster_alhx700,2,banded_anti_w6,three,all,30,8,persistent_chain
G2_Wcluster_alhx700,2,banded_anti_w6,three,all,31,14,persistent_chain
G2_Wcluster_alhx700,2,banded_anti_w6,three,all,32,9,persistent_chain
G2_Wcluster_alhx700,2,banded_anti_w6,three,all,33,11,persistent_chain
G2_Wcluster_alhx700,2,banded_anti_w6,three,all,34,12,persistent_chain
G2_Wcluster_alhx700,2,banded_anti_w6,three,all,35,8,persistent_chain
G2_Wcluster_alhx700,2,banded_anti_w6,three,all,36,8,persistent_chain
G2_Wcluster_alhx700,2,banded_anti_w6,three,all,37,10,persistent_chain
G2_Wcluster_alhx700,2,banded_anti_w6,three,all,38,14,persistent_chain
G2_Wcluster_alhx700,2,banded_anti_w6,three,all,39,9,persistent_chain
G2_Wcluster_alhx700,2,banded_anti_w6,three,all,40,13,persistent_chain
G2_Wcluster_alhx700,2,banded_anti_w6,three,all,41,7,persistent_chain
G2_Wcluster_alhx700,2,banded_anti_w6,three,all,42,10,persistent_chain
G2_Wcluster_alhx700,2,banded_anti_w6,three,all,43,4,persistent_chain
G2_Wcluster_alhx700,2,banded_anti_w6,three,all,44,4,persistent_chain
G2_Wcluster_alhx700,2,banded_anti_w6,three,all,45,6,persistent_chain
G2_Wcluster_alhx700,2,banded_anti_w6,three,all,46,4,persistent_chain
G2_Wcluster_alhx700,2,banded_anti_w6,three,all,47,2,persistent_chain
G2_Wcluster_alhx700,2,banded_anti_w6,three,all,48,5,persistent_chain
G2_Wcluster_alhx700,2,banded_anti_w6,three,all,49,6,persistent_chain
G2_Wcluster_alhx700,2,banded_anti_w6,three,all,50,4,persistent_chain
G2_Wcluster_alhx700,2,banded_anti_w6,three,all,51,6,persistent_chain
G2_Wcluster_alhx700,2,banded_anti_w6,three,all,52,6,persistent_chain
G2_Wcluster_alhx700,2,banded_anti_w6,three,all,53,4,persistent_chain
G2_Wcluster_alhx700,2,banded_anti_w6,three,all,54,3,persistent_chain
G2_Wcluster_alhx700,2,banded_anti_w6,three,all,55,3,persistent_chain
G2_Wcluster_alhx700,2,banded_anti_w6,three,all,56,3,persistent_chain
G2_Wcluster_alhx700,2,banded_anti_w6,three,all,57,4,persistent_chain
G2_Wcluster_alhx700,2,banded_anti_w6,three,all,58,3,persistent_chain
G2_Wcluster_alhx700,2,banded_anti_w6,three,all,59,3,persistent_chain
G2_Wcluster_alhx700,2,banded_anti_w6,three,all,60,3,persistent_chain
G2_Wcluster_alhx700,2,banded_anti_w6,three,all,61,6,persistent_chain
G2_Wcluster_alhx700,2,banded_anti_w6,three,all,62,2,persistent_chain
G2_Wcluster_alhx700,2,banded_anti_w6,three,all,63,3,persistent_chain
G2_Wcluster_alhx700,2,banded_anti_w6,three,all,64,3,persistent_chain
G2_Wcluster_alhx700,2,banded_anti_w6,three,all,65,2,persistent_chain
G2_Wcluster_alhx700,2,banded_anti_w6,three,all,66,4,persistent_chain
G2_Wcluster_alhx700,2,banded_anti_w6,three,all,67,2,persistent_chain
G2_Wcluster_alhx700,2,banded_anti_w6,three,all,68,3,persistent_chain
G2_Wcluster_alhx700,2,banded_anti_w6,three,all,70,4,persistent_chain
G2_Wcluster_alhx700,2,banded_anti_w6,three,all,71,5,persistent_chain
G2_Wcluster_alhx700,2,banded_anti_w6,three,all,72,2,persistent_chain
G2_Wcluster_alhx700,2,banded_anti_w6,three,all,73,5,persistent_chain
G2_Wcluster_alhx700,2,banded_anti_w6,three,all,74,3,persistent_chain
G2_Wcluster_alhx700,2,banded_anti_w6,three,all,75,1,persistent_chain
G2_Wcluster_alhx700,2,banded_anti_w6,three,all,76,3,persistent_chain
G2_Wcluster_alhx700,2,banded_anti_w6,three,all,77,3,persistent_chain
G2_Wcluster_alhx700,2,banded_anti_w6,three,all,78,1,persistent_chain
G2_Wcluster_alhx700,2,banded_anti_w6,three,all,79,2,persistent_chain
G2_Wcluster_alhx700,2,banded_anti_w6,three,all,80,2,persistent_chain
G2_Wcluster_alhx700,2,banded_anti_w6,three,all,81,5,persistent_chain
G2_Wcluster_alhx700,2,banded_anti_w6,three,all,82,1,persistent_chain
G2_Wcluster_alhx700,2,banded_anti_w6,three,all,83,3,persistent_chain
G2_Wcluster_alhx700,2,banded_anti_w6,three,all,84,1,persistent_chain
G2_Wcluster_alhx700,2,banded_anti_w6,three,all,85,2,persistent_chain
G2_Wcluster_alhx700,2,banded_anti_w6,three,all,86,1,persistent_chain
G2_Wcluster_alhx700,2,banded_anti_w6,three,all,87,2,persistent_chain
G2_Wcluster_alhx700,2,banded_anti_w6,three,all,89,2,persistent_chain
G2_Wcluster_alhx700,2,banded_anti_w6,three,all,90,2,persistent_chain
G2_Wcluster_alhx700,2,banded_anti_w6,three,all,92,1,persistent_chain
G2_Wcluster_alhx700,2,banded_anti_w6,three,all,94,2,persistent_chain
G2_Wcluster_alhx700,2,banded_anti_w6,three,all,95,1,persistent_chain
G2_Wcluster_alhx700,2,banded_anti_w6,three,all,96,2,persistent_chain
G2_Wcluster_alhx700,2,banded_anti_w6,three,all,97,1,persistent_chain
G2_Wcluster_alhx700,2,banded_anti_w6,three,all,98,1,persistent_chain
G2_Wcluster_alhx700,2,banded_anti_w6,three,all,99,1,persistent_chain
G2_Wcluster_alhx700,2,banded_anti_w6,three,all,100,1,persistent_chain
G2_Wcluster_alhx700,2,banded_anti_w6,three,all,103,1,persistent_chain
G2_Wcluster_alhx700,2,banded_anti_w6,three,all,104,2,persistent_chain
G2_Wcluster_alhx700,2,banded_anti_w6,three,all,105,1,persistent_chain
G2_Wcluster_alhx700,2,banded_anti_w6,three,all,108,2,persistent_chain
G2_Wcluster_alhx700,2,banded_anti_w6,three,all,109,2,persistent_chain
G2_Wcluster_alhx700,2,banded_anti_w6,three,all,110,2,persistent_chain
G2_Wcluster_alhx700,2,banded_anti_w6,three,all,111,1,persistent_chain
G2_Wcluster_alhx700,2,banded_anti_w6,three,all,112,1,persistent_chain
G2_Wcluster_alhx700,2,banded_anti_w6,three,all,114,1,persistent_chain
G2_Wcluster_alhx700,2,banded_anti_w6,three,all,115,2,persistent_chain
G2_Wcluster_alhx700,2,banded_anti_w6,three,all,116,1,persistent_chain
G2_Wcluster_alhx700,2,banded_anti_w6,three,all,117,2,persistent_chain
G2_Wcluster_alhx700,2,banded_anti_w6,three,all,118,2,persistent_chain
G2_Wcluster_alhx700,2,banded_anti_w6,three,all,119,1,persistent_chain
G2_Wcluster_alhx700,2,banded_anti_w6,three,all,120,1,persistent_chain
G2_Wcluster_alhx700,2,banded_anti_w6,three,all,123,1,persistent_chain
G2_Wcluster_alhx700,2,banded_anti_w6,three,all,126,1,persistent_chain
G2_Wcluster_alhx700,2,banded_anti_w6,three,all,127,1,persistent_chain
G2_Wcluster_alhx700,2,banded_anti_w6,three,all,129,1,persistent_chain
G2_Wcluster_alhx700,2,banded_anti_w6,three,all,130,2,persistent_chain
G2_Wcluster_alhx700,2,banded_anti_w6,three,all,134,2,persistent_chain
G2_Wcluster_alhx700,2,banded_anti_w6,three,all,135,3,persistent_chain
G2_Wcluster_alhx700,2,banded_anti_w6,three,all,136,1,persistent_chain
G2_Wcluster_alhx700,2,banded_anti_w6,three,all,137,2,persistent_chain
G2_Wcluster_alhx700,2,banded_anti_w6,three,all,138,1,persistent_chain
G2_Wcluster_alhx700,2,banded_anti_w6,three,all,141,2,persistent_chain
G2_Wcluster_alhx700,2,banded_anti_w6,three,all,149,1,persistent_chain
G2_Wcluster_alhx700,2,banded_anti_w6,three,all,152,2,persistent_chain
G2_Wcluster_alhx700,2,banded_anti_w6,three,all,153,1,persistent_chain
G2_Wcluster_alhx700,2,banded_anti_w6,three,all,154,1,persistent_chain
G2_Wcluster_alhx700,2,banded_anti_w6,three,all,155,2,persistent_chain
G2_Wcluster_alhx700,2,banded_anti_w6,three,all,157,1,persistent_chain
G2_Wcluster_alhx700,2,banded_anti_w6,three,all,160,1,persistent_chain
G2_Wcluster_alhx700,2,banded_anti_w6,three,all,168,1,persistent_chain
G2_Wcluster_alhx700,2,banded_anti_w6,three,all,175,1,persistent_chain
G2_Wcluster_alhx700,2,banded_anti_w6,three,all,183,1,persistent_chain
G2_Wcluster_alhx700,2,banded_anti_w6,three,all,184,1,persistent_chain
G2_Wcluster_alhx700,2,banded_anti_w6,three,all,185,1,persistent_chain
G2_Wcluster_alhx700,2,banded_anti_w6,three,all,202,1,persistent_chain
G2_Wcluster_alhx700,2,banded_anti_w6,three,all,205,1,persistent_chain
G2_Wcluster_alhx700,2,banded_anti_w6,three,all,206,1,persistent_chain
G2_Wcluster_alhx700,2,banded_anti_w6,three,all,215,1,persistent_chain
G2_Wcluster_alhx700,2,banded_anti_w6,three,all,217,1,persistent_chain
G2_Wcluster_alhx700,2,banded_anti_w6,three,all,222,1,persistent_chain
G2_Wcluster_alhx700,2,banded_anti_w6,three,all,228,1,persistent_chain
G2_Wcluster_alhx700,2,banded_anti_w6,three,all,230,1,persistent_chain
G2_Wcluster_alhx700,2,banded_anti_w6,three,all,233,1,persistent_chain
G2_Wcluster_alhx700,2,banded_anti_w6,three,all,255,1,persistent_chain
G2_Wcluster_alhx700,2,banded_anti_w6,three,all,272,1,persistent_chain
G2_Wcluster_alhx700,2,banded_anti_w6,three,all,282,1,persistent_chain
G2_Wcluster_alhx700,2,banded_anti_w6,three,all,284,1,persistent_chain
G2_Wcluster_alhx700,2,banded_anti_w6,three,all,313,2,persistent_chain
G2_Wcluster_alhx700,2,banded_anti_w6,three,all,317,1,persistent_chain
G2_Wcluster_alhx700,2,banded_anti_w6,three,all,320,1,persistent_chain
G2_Wcluster_alhx700,2,banded_anti_w6,three,all,322,1,persistent_chain
G2_Wcluster_alhx700,2,banded_anti_w6,three,all,324,1,persistent_chain
G2_Wcluster_alhx700,2,banded_anti_w6,three,all,326,1,persistent_chain
G2_Wcluster_alhx700,2,banded_anti_w6,three,all,334,1,persistent_chain
G2_Wcluster_alhx700,2,banded_anti_w6,three,all,338,1,persistent_chain
G2_Wcluster_alhx700,2,banded_anti_w6,three,all,342,1,persistent_chain
G2_Wcluster_alhx700,2,banded_anti_w6,three,all,349,1,persistent_chain
G2_Wcluster_alhx700,2,banded_anti_w6,three,all,382,1,persistent_chain
G2_Wcluster_alhx700,2,banded_anti_w6,three,all,386,1,persistent_chain
G2_Wcluster_alhx700,2,banded_anti_w6,three,all,403,1,persistent_chain
G2_Wcluster_alhx700,2,banded_anti_w6,three,all,440,1,persistent_chain
G2_Wcluster_alhx700,2,banded_anti_w6,three,all,472,1,persistent_chain
G2_Wcluster_alhx700,2,banded_anti_w6,three,all,489,1,persistent_chain
G2_Wcluster_alhx700,2,banded_anti_w6,three,all,495,1,persistent_chain
G2_Wcluster_alhx700,2,banded_anti_w6,three,all,2437,1,persistent_chain
G2_Wcluster_alhx700,2,banded_anti_w6,triplet,all,1,1136,persistent_chain
G2_Wcluster_alhx700,2,banded_anti_w6,triplet,all,2,399,persistent_chain
G2_Wcluster_alhx700,2,banded_anti_w6,triplet,all,3,166,persistent_chain
G2_Wcluster_alhx700,2,banded_anti_w6,triplet,all,4,111,persistent_chain
G2_Wcluster_alhx700,2,banded_anti_w6,triplet,all,5,69,persistent_chain
G2_Wcluster_alhx700,2,banded_anti_w6,triplet,all,6,43,persistent_chain
G2_Wcluster_alhx700,2,banded_anti_w6,triplet,all,7,35,persistent_chain
G2_Wcluster_alhx700,2,banded_anti_w6,triplet,all,8,14,persistent_chain
G2_Wcluster_alhx700,2,banded_anti_w6,triplet,all,9,9,persistent_chain
G2_Wcluster_alhx700,2,banded_anti_w6,triplet,all,10,12,persistent_chain
G2_Wcluster_alhx700,2,banded_anti_w6,triplet,all,11,8,persistent_chain
G2_Wcluster_alhx700,2,banded_anti_w6,triplet,all,12,8,persistent_chain
G2_Wcluster_alhx700,2,banded_anti_w6,triplet,all,13,7,persistent_chain
G2_Wcluster_alhx700,2,banded_anti_w6,triplet,all,14,6,persistent_chain
G2_Wcluster_alhx700,2,banded_anti_w6,triplet,all,15,3,persistent_chain
G2_Wcluster_alhx700,2,banded_anti_w6,triplet,all,16,1,persistent_chain
G2_Wcluster_alhx700,2,banded_anti_w6,triplet,all,17,2,persistent_chain
G2_Wcluster_alhx700,2,banded_anti_w6,triplet,all,18,2,persistent_chain
G2_Wcluster_alhx700,2,banded_anti_w6,triplet,all,19,3,persistent_chain
G2_Wcluster_alhx700,2,banded_anti_w6,triplet,all,20,2,persistent_chain
G2_Wcluster_alhx700,2,banded_anti_w6,triplet,all,22,1,persistent_chain
G2_Wcluster_alhx700,2,banded_anti_w6,triplet,all,24,2,persistent_chain
G2_Wcluster_alhx700,2,banded_anti_w6,triplet,all,26,1,persistent_chain
G2_Wcluster_alhx700,2,banded_anti_w6,triplet,all,31,1,persistent_chain
G2_Wcluster_alhx700,2,banded_anti_w6,triplet,all,34,1,persistent_chain
G2_Wcluster_alhx700,2,banded_anti_w6,triplet,all,36,1,persistent_chain
G2_Wcluster_alhx700,2,banded_anti_w6,triplet,all,41,1,persistent_chain
G2_Wcluster_alhx700,2,banded_anti_w6,triplet,all,45,1,persistent_chain
G2_Wcluster_alhx700,2,banded_anti_w6,triplet,all,46,1,persistent_chain
G2_Wcluster_alhx700,2,banded_anti_w6,triplet,all,59,1,persistent_chain
G2_Wcluster_alhx700,2,banded_anti_w6,triplet,all,81,1,persistent_chain
G2_Wcluster_alhx700,2,banded_anti_w8,one,all,1,5208,persistent_chain
G2_Wcluster_alhx700,2,banded_anti_w8,one,all,2,1936,persistent_chain
G2_Wcluster_alhx700,2,banded_anti_w8,one,all,3,974,persistent_chain
G2_Wcluster_alhx700,2,banded_anti_w8,one,all,4,641,persistent_chain
G2_Wcluster_alhx700,2,banded_anti_w8,one,all,5,436,persistent_chain
G2_Wcluster_alhx700,2,banded_anti_w8,one,all,6,339,persistent_chain
G2_Wcluster_alhx700,2,banded_anti_w8,one,all,7,254,persistent_chain
G2_Wcluster_alhx700,2,banded_anti_w8,one,all,8,204,persistent_chain
G2_Wcluster_alhx700,2,banded_anti_w8,one,all,9,169,persistent_chain
G2_Wcluster_alhx700,2,banded_anti_w8,one,all,10,152,persistent_chain
G2_Wcluster_alhx700,2,banded_anti_w8,one,all,11,105,persistent_chain
G2_Wcluster_alhx700,2,banded_anti_w8,one,all,12,88,persistent_chain
G2_Wcluster_alhx700,2,banded_anti_w8,one,all,13,102,persistent_chain
G2_Wcluster_alhx700,2,banded_anti_w8,one,all,14,68,persistent_chain
G2_Wcluster_alhx700,2,banded_anti_w8,one,all,15,69,persistent_chain
G2_Wcluster_alhx700,2,banded_anti_w8,one,all,16,53,persistent_chain
G2_Wcluster_alhx700,2,banded_anti_w8,one,all,17,57,persistent_chain
G2_Wcluster_alhx700,2,banded_anti_w8,one,all,18,48,persistent_chain
G2_Wcluster_alhx700,2,banded_anti_w8,one,all,19,39,persistent_chain
G2_Wcluster_alhx700,2,banded_anti_w8,one,all,20,30,persistent_chain
G2_Wcluster_alhx700,2,banded_anti_w8,one,all,21,36,persistent_chain
G2_Wcluster_alhx700,2,banded_anti_w8,one,all,22,40,persistent_chain
G2_Wcluster_alhx700,2,banded_anti_w8,one,all,23,24,persistent_chain
G2_Wcluster_alhx700,2,banded_anti_w8,one,all,24,26,persistent_chain
G2_Wcluster_alhx700,2,banded_anti_w8,one,all,25,33,persistent_chain
G2_Wcluster_alhx700,2,banded_anti_w8,one,all,26,36,persistent_chain
G2_Wcluster_alhx700,2,banded_anti_w8,one,all,27,23,persistent_chain
G2_Wcluster_alhx700,2,banded_anti_w8,one,all,28,32,persistent_chain
G2_Wcluster_alhx700,2,banded_anti_w8,one,all,29,27,persistent_chain
G2_Wcluster_alhx700,2,banded_anti_w8,one,all,30,24,persistent_chain
G2_Wcluster_alhx700,2,banded_anti_w8,one,all,31,20,persistent_chain
G2_Wcluster_alhx700,2,banded_anti_w8,one,all,32,11,persistent_chain
G2_Wcluster_alhx700,2,banded_anti_w8,one,all,33,12,persistent_chain
G2_Wcluster_alhx700,2,banded_anti_w8,one,all,34,23,persistent_chain
G2_Wcluster_alhx700,2,banded_anti_w8,one,all,35,11,persistent_chain
G2_Wcluster_alhx700,2,banded_anti_w8,one,all,36,8,persistent_chain
G2_Wcluster_alhx700,2,banded_anti_w8,one,all,37,18,persistent_chain
G2_Wcluster_alhx700,2,banded_anti_w8,one,all,38,17,persistent_chain
G2_Wcluster_alhx700,2,banded_anti_w8,one,all,39,13,persistent_chain
G2_Wcluster_alhx700,2,banded_anti_w8,one,all,40,9,persistent_chain
G2_Wcluster_alhx700,2,banded_anti_w8,one,all,41,7,persistent_chain
G2_Wcluster_alhx700,2,banded_anti_w8,one,all,42,5,persistent_chain
G2_Wcluster_alhx700,2,banded_anti_w8,one,all,43,14,persistent_chain
G2_Wcluster_alhx700,2,banded_anti_w8,one,all,44,10,persistent_chain
G2_Wcluster_alhx700,2,banded_anti_w8,one,all,45,8,persistent_chain
G2_Wcluster_alhx700,2,banded_anti_w8,one,all,46,11,persistent_chain
G2_Wcluster_alhx700,2,banded_anti_w8,one,all,47,9,persistent_chain
G2_Wcluster_alhx700,2,banded_anti_w8,one,all,48,8,persistent_chain
G2_Wcluster_alhx700,2,banded_anti_w8,one,all,49,2,persistent_chain
G2_Wcluster_alhx700,2,banded_anti_w8,one,all,50,12,persistent_chain
G2_Wcluster_alhx700,2,banded_anti_w8,one,all,51,13,persistent_chain
G2_Wcluster_alhx700,2,banded_anti_w8,one,all,52,6,persistent_chain
G2_Wcluster_alhx700,2,banded_anti_w8,one,all,53,3,persistent_chain
G2_Wcluster_alhx700,2,banded_anti_w8,one,all,54,12,persistent_chain
G2_Wcluster_alhx700,2,banded_anti_w8,one,all,55,7,persistent_chain
G2_Wcluster_alhx700,2,banded_anti_w8,one,all,56,6,persistent_chain
G2_Wcluster_alhx700,2,banded_anti_w8,one,all,57,4,persistent_chain
G2_Wcluster_alhx700,2,banded_anti_w8,one,all,58,4,persistent_chain
G2_Wcluster_alhx700,2,banded_anti_w8,one,all,59,9,persistent_chain
G2_Wcluster_alhx700,2,banded_anti_w8,one,all,60,4,persistent_chain
G2_Wcluster_alhx700,2,banded_anti_w8,one,all,61,5,persistent_chain
G2_Wcluster_alhx700,2,banded_anti_w8,one,all,62,5,persistent_chain
G2_Wcluster_alhx700,2,banded_anti_w8,one,all,63,4,persistent_chain
G2_Wcluster_alhx700,2,banded_anti_w8,one,all,64,5,persistent_chain
G2_Wcluster_alhx700,2,banded_anti_w8,one,all,65,3,persistent_chain
G2_Wcluster_alhx700,2,banded_anti_w8,one,all,66,7,persistent_chain
G2_Wcluster_alhx700,2,banded_anti_w8,one,all,67,2,persistent_chain
G2_Wcluster_alhx700,2,banded_anti_w8,one,all,68,4,persistent_chain
G2_Wcluster_alhx700,2,banded_anti_w8,one,all,69,4,persistent_chain
G2_Wcluster_alhx700,2,banded_anti_w8,one,all,70,3,persistent_chain
G2_Wcluster_alhx700,2,banded_anti_w8,one,all,71,9,persistent_chain
G2_Wcluster_alhx700,2,banded_anti_w8,one,all,72,4,persistent_chain
G2_Wcluster_alhx700,2,banded_anti_w8,one,all,73,7,persistent_chain
G2_Wcluster_alhx700,2,banded_anti_w8,one,all,74,3,persistent_chain
G2_Wcluster_alhx700,2,banded_anti_w8,one,all,75,4,persistent_chain
G2_Wcluster_alhx700,2,banded_anti_w8,one,all,76,2,persistent_chain
G2_Wcluster_alhx700,2,banded_anti_w8,one,all,77,4,persistent_chain
G2_Wcluster_alhx700,2,banded_anti_w8,one,all,78,5,persistent_chain
G2_Wcluster_alhx700,2,banded_anti_w8,one,all,79,3,persistent_chain
G2_Wcluster_alhx700,2,banded_anti_w8,one,all,80,3,persistent_chain
G2_Wcluster_alhx700,2,banded_anti_w8,one,all,81,4,persistent_chain
G2_Wcluster_alhx700,2,banded_anti_w8,one,all,82,2,persistent_chain
G2_Wcluster_alhx700,2,banded_anti_w8,one,all,83,3,persistent_chain
G2_Wcluster_alhx700,2,banded_anti_w8,one,all,84,8,persistent_chain
G2_Wcluster_alhx700,2,banded_anti_w8,one,all,85,3,persistent_chain
G2_Wcluster_alhx700,2,banded_anti_w8,one,all,86,5,persistent_chain
G2_Wcluster_alhx700,2,banded_anti_w8,one,all,87,3,persistent_chain
G2_Wcluster_alhx700,2,banded_anti_w8,one,all,88,4,persistent_chain
G2_Wcluster_alhx700,2,banded_anti_w8,one,all,89,6,persistent_chain
G2_Wcluster_alhx700,2,banded_anti_w8,one,all,90,1,persistent_chain
G2_Wcluster_alhx700,2,banded_anti_w8,one,all,91,2,persistent_chain
G2_Wcluster_alhx700,2,banded_anti_w8,one,all,92,7,persistent_chain
G2_Wcluster_alhx700,2,banded_anti_w8,one,all,93,1,persistent_chain
G2_Wcluster_alhx700,2,banded_anti_w8,one,all,94,4,persistent_chain
G2_Wcluster_alhx700,2,banded_anti_w8,one,all,95,4,persistent_chain
G2_Wcluster_alhx700,2,banded_anti_w8,one,all,96,2,persistent_chain
G2_Wcluster_alhx700,2,banded_anti_w8,one,all,97,3,persistent_chain
G2_Wcluster_alhx700,2,banded_anti_w8,one,all,99,1,persistent_chain
G2_Wcluster_alhx700,2,banded_anti_w8,one,all,100,2,persistent_chain
G2_Wcluster_alhx700,2,banded_anti_w8,one,all,101,1,persistent_chain
G2_Wcluster_alhx700,2,banded_anti_w8,one,all,102,5,persistent_chain
G2_Wcluster_alhx700,2,banded_anti_w8,one,all,103,1,persistent_chain
G2_Wcluster_alhx700,2,banded_anti_w8,one,all,104,1,persistent_chain
G2_Wcluster_alhx700,2,banded_anti_w8,one,all,105,3,persistent_chain
G2_Wcluster_alhx700,2,banded_anti_w8,one,all,106,2,persistent_chain
G2_Wcluster_alhx700,2,banded_anti_w8,one,all,107,2,persistent_chain
G2_Wcluster_alhx700,2,banded_anti_w8,one,all,108,5,persistent_chain
G2_Wcluster_alhx700,2,banded_anti_w8,one,all,109,3,persistent_chain
G2_Wcluster_alhx700,2,banded_anti_w8,one,all,110,3,persistent_chain
G2_Wcluster_alhx700,2,banded_anti_w8,one,all,111,2,persistent_chain
G2_Wcluster_alhx700,2,banded_anti_w8,one,all,112,3,persistent_chain
G2_Wcluster_alhx700,2,banded_anti_w8,one,all,114,1,persistent_chain
G2_Wcluster_alhx700,2,banded_anti_w8,one,all,115,2,persistent_chain
G2_Wcluster_alhx700,2,banded_anti_w8,one,all,116,1,persistent_chain
G2_Wcluster_alhx700,2,banded_anti_w8,one,all,117,1,persistent_chain
G2_Wcluster_alhx700,2,banded_anti_w8,one,all,118,2,persistent_chain
G2_Wcluster_alhx700,2,banded_anti_w8,one,all,119,2,persistent_chain
G2_Wcluster_alhx700,2,banded_anti_w8,one,all,120,1,persistent_chain
G2_Wcluster_alhx700,2,banded_anti_w8,one,all,121,1,persistent_chain
G2_Wcluster_alhx700,2,banded_anti_w8,one,all,122,3,persistent_chain
G2_Wcluster_alhx700,2,banded_anti_w8,one,all,126,1,persistent_chain
G2_Wcluster_alhx700,2,banded_anti_w8,one,all,127,1,persistent_chain
G2_Wcluster_alhx700,2,banded_anti_w8,one,all,128,1,persistent_chain
G2_Wcluster_alhx700,2,banded_anti_w8,one,all,129,1,persistent_chain
G2_Wcluster_alhx700,2,banded_anti_w8,one,all,131,3,persistent_chain
G2_Wcluster_alhx700,2,banded_anti_w8,one,all,132,3,persistent_chain
G2_Wcluster_alhx700,2,banded_anti_w8,one,all,133,1,persistent_chain
G2_Wcluster_alhx700,2,banded_anti_w8,one,all,134,3,persistent_chain
G2_Wcluster_alhx700,2,banded_anti_w8,one,all,136,1,persistent_chain
G2_Wcluster_alhx700,2,banded_anti_w8,one,all,137,2,persistent_chain
G2_Wcluster_alhx700,2,banded_anti_w8,one,all,138,1,persistent_chain
G2_Wcluster_alhx700,2,banded_anti_w8,one,all,139,3,persistent_chain
G2_Wcluster_alhx700,2,banded_anti_w8,one,all,140,3,persistent_chain
G2_Wcluster_alhx700,2,banded_anti_w8,one,all,143,1,persistent_chain
G2_Wcluster_alhx700,2,banded_anti_w8,one,all,144,3,persistent_chain
G2_Wcluster_alhx700,2,banded_anti_w8,one,all,145,3,persistent_chain
G2_Wcluster_alhx700,2,banded_anti_w8,one,all,146,2,persistent_chain
G2_Wcluster_alhx700,2,banded_anti_w8,one,all,147,1,persistent_chain
G2_Wcluster_alhx700,2,banded_anti_w8,one,all,148,1,persistent_chain
G2_Wcluster_alhx700,2,banded_anti_w8,one,all,149,1,persistent_chain
G2_Wcluster_alhx700,2,banded_anti_w8,one,all,150,2,persistent_chain
G2_Wcluster_alhx700,2,banded_anti_w8,one,all,151,2,persistent_chain
G2_Wcluster_alhx700,2,banded_anti_w8,one,all,152,1,persistent_chain
G2_Wcluster_alhx700,2,banded_anti_w8,one,all,153,2,persistent_chain
G2_Wcluster_alhx700,2,banded_anti_w8,one,all,155,2,persistent_chain
G2_Wcluster_alhx700,2,banded_anti_w8,one,all,156,2,persistent_chain
G2_Wcluster_alhx700,2,banded_anti_w8,one,all,157,4,persistent_chain
G2_Wcluster_alhx700,2,banded_anti_w8,one,all,158,1,persistent_chain
G2_Wcluster_alhx700,2,banded_anti_w8,one,all,161,1,persistent_chain
G2_Wcluster_alhx700,2,banded_anti_w8,one,all,162,1,persistent_chain
G2_Wcluster_alhx700,2,banded_anti_w8,one,all,163,1,persistent_chain
G2_Wcluster_alhx700,2,banded_anti_w8,one,all,164,2,persistent_chain
G2_Wcluster_alhx700,2,banded_anti_w8,one,all,165,2,persistent_chain
G2_Wcluster_alhx700,2,banded_anti_w8,one,all,166,2,persistent_chain
G2_Wcluster_alhx700,2,banded_anti_w8,one,all,167,1,persistent_chain
G2_Wcluster_alhx700,2,banded_anti_w8,one,all,170,5,persistent_chain
G2_Wcluster_alhx700,2,banded_anti_w8,one,all,172,2,persistent_chain
G2_Wcluster_alhx700,2,banded_anti_w8,one,all,173,1,persistent_chain
G2_Wcluster_alhx700,2,banded_anti_w8,one,all,174,2,persistent_chain
G2_Wcluster_alhx700,2,banded_anti_w8,one,all,176,1,persistent_chain
G2_Wcluster_alhx700,2,banded_anti_w8,one,all,177,1,persistent_chain
G2_Wcluster_alhx700,2,banded_anti_w8,one,all,178,4,persistent_chain
G2_Wcluster_alhx700,2,banded_anti_w8,one,all,179,2,persistent_chain
G2_Wcluster_alhx700,2,banded_anti_w8,one,all,180,1,persistent_chain
G2_Wcluster_alhx700,2,banded_anti_w8,one,all,183,2,persistent_chain
G2_Wcluster_alhx700,2,banded_anti_w8,one,all,184,3,persistent_chain
G2_Wcluster_alhx700,2,banded_anti_w8,one,all,192,3,persistent_chain
G2_Wcluster_alhx700,2,banded_anti_w8,one,all,196,3,persistent_chain
G2_Wcluster_alhx700,2,banded_anti_w8,one,all,197,1,persistent_chain
G2_Wcluster_alhx700,2,banded_anti_w8,one,all,200,1,persistent_chain
G2_Wcluster_alhx700,2,banded_anti_w8,one,all,204,1,persistent_chain
G2_Wcluster_alhx700,2,banded_anti_w8,one,all,206,2,persistent_chain
G2_Wcluster_alhx700,2,banded_anti_w8,one,all,209,2,persistent_chain
G2_Wcluster_alhx700,2,banded_anti_w8,one,all,213,1,persistent_chain
G2_Wcluster_alhx700,2,banded_anti_w8,one,all,217,1,persistent_chain
G2_Wcluster_alhx700,2,banded_anti_w8,one,all,218,1,persistent_chain
G2_Wcluster_alhx700,2,banded_anti_w8,one,all,220,2,persistent_chain
G2_Wcluster_alhx700,2,banded_anti_w8,one,all,221,1,persistent_chain
G2_Wcluster_alhx700,2,banded_anti_w8,one,all,227,1,persistent_chain
G2_Wcluster_alhx700,2,banded_anti_w8,one,all,228,1,persistent_chain
G2_Wcluster_alhx700,2,banded_anti_w8,one,all,231,1,persistent_chain
G2_Wcluster_alhx700,2,banded_anti_w8,one,all,234,1,persistent_chain
G2_Wcluster_alhx700,2,banded_anti_w8,one,all,236,1,persistent_chain
G2_Wcluster_alhx700,2,banded_anti_w8,one,all,238,1,persistent_chain
G2_Wcluster_alhx700,2,banded_anti_w8,one,all,242,1,persistent_chain
G2_Wcluster_alhx700,2,banded_anti_w8,one,all,243,1,persistent_chain
G2_Wcluster_alhx700,2,banded_anti_w8,one,all,245,1,persistent_chain
G2_Wcluster_alhx700,2,banded_anti_w8,one,all,247,1,persistent_chain
G2_Wcluster_alhx700,2,banded_anti_w8,one,all,249,2,persistent_chain
G2_Wcluster_alhx700,2,banded_anti_w8,one,all,250,2,persistent_chain
G2_Wcluster_alhx700,2,banded_anti_w8,one,all,256,1,persistent_chain
G2_Wcluster_alhx700,2,banded_anti_w8,one,all,257,1,persistent_chain
G2_Wcluster_alhx700,2,banded_anti_w8,one,all,262,2,persistent_chain
G2_Wcluster_alhx700,2,banded_anti_w8,one,all,266,1,persistent_chain
G2_Wcluster_alhx700,2,banded_anti_w8,one,all,268,1,persistent_chain
G2_Wcluster_alhx700,2,banded_anti_w8,one,all,270,1,persistent_chain
G2_Wcluster_alhx700,2,banded_anti_w8,one,all,271,1,persistent_chain
G2_Wcluster_alhx700,2,banded_anti_w8,one,all,272,1,persistent_chain
G2_Wcluster_alhx700,2,banded_anti_w8,one,all,274,1,persistent_chain
G2_Wcluster_alhx700,2,banded_anti_w8,one,all,275,1,persistent_chain
G2_Wcluster_alhx700,2,banded_anti_w8,one,all,276,1,persistent_chain
G2_Wcluster_alhx700,2,banded_anti_w8,one,all,283,1,persistent_chain
G2_Wcluster_alhx700,2,banded_anti_w8,one,all,286,1,persistent_chain
G2_Wcluster_alhx700,2,banded_anti_w8,one,all,288,2,persistent_chain
G2_Wcluster_alhx700,2,banded_anti_w8,one,all,293,1,persistent_chain
G2_Wcluster_alhx700,2,banded_anti_w8,one,all,298,1,persistent_chain
G2_Wcluster_alhx700,2,banded_anti_w8,one,all,302,1,persistent_chain
G2_Wcluster_alhx700,2,banded_anti_w8,one,all,304,1,persistent_chain
G2_Wcluster_alhx700,2,banded_anti_w8,one,all,306,1,persistent_chain
G2_Wcluster_alhx700,2,banded_anti_w8,one,all,307,1,persistent_chain
G2_Wcluster_alhx700,2,banded_anti_w8,one,all,312,1,persistent_chain
G2_Wcluster_alhx700,2,banded_anti_w8,one,all,313,1,persistent_chain
G2_Wcluster_alhx700,2,banded_anti_w8,one,all,315,1,persistent_chain
G2_Wcluster_alhx700,2,banded_anti_w8,one,all,317,1,persistent_chain
G2_Wcluster_alhx700,2,banded_anti_w8,one,all,319,1,persistent_chain
G2_Wcluster_alhx700,2,banded_anti_w8,one,all,326,1,persistent_chain
G2_Wcluster_alhx700,2,banded_anti_w8,one,all,330,1,persistent_chain
G2_Wcluster_alhx700,2,banded_anti_w8,one,all,340,1,persistent_chain
G2_Wcluster_alhx700,2,banded_anti_w8,one,all,357,1,persistent_chain
G2_Wcluster_alhx700,2,banded_anti_w8,one,all,369,1,persistent_chain
G2_Wcluster_alhx700,2,banded_anti_w8,one,all,381,1,persistent_chain
G2_Wcluster_alhx700,2,banded_anti_w8,one,all,382,1,persistent_chain
G2_Wcluster_alhx700,2,banded_anti_w8,one,all,384,1,persistent_chain
G2_Wcluster_alhx700,2,banded_anti_w8,one,all,386,1,persistent_chain
G2_Wcluster_alhx700,2,banded_anti_w8,one,all,402,1,persistent_chain
G2_Wcluster_alhx700,2,banded_anti_w8,one,all,422,1,persistent_chain
G2_Wcluster_alhx700,2,banded_anti_w8,one,all,447,1,persistent_chain
G2_Wcluster_alhx700,2,banded_anti_w8,one,all,473,2,persistent_chain
G2_Wcluster_alhx700,2,banded_anti_w8,one,all,480,1,persistent_chain
G2_Wcluster_alhx700,2,banded_anti_w8,one,all,486,1,persistent_chain
G2_Wcluster_alhx700,2,banded_anti_w8,one,all,489,1,persistent_chain
G2_Wcluster_alhx700,2,banded_anti_w8,one,all,500,1,persistent_chain
G2_Wcluster_alhx700,2,banded_anti_w8,one,all,541,1,persistent_chain
G2_Wcluster_alhx700,2,banded_anti_w8,one,all,550,1,persistent_chain
G2_Wcluster_alhx700,2,banded_anti_w8,one,all,570,1,persistent_chain
G2_Wcluster_alhx700,2,banded_anti_w8,one,all,573,1,persistent_chain
G2_Wcluster_alhx700,2,banded_anti_w8,one,all,599,1,persistent_chain
G2_Wcluster_alhx700,2,banded_anti_w8,one,all,600,1,persistent_chain
G2_Wcluster_alhx700,2,banded_anti_w8,one,all,617,1,persistent_chain
G2_Wcluster_alhx700,2,banded_anti_w8,one,all,634,1,persistent_chain
G2_Wcluster_alhx700,2,banded_anti_w8,one,all,638,1,persistent_chain
G2_Wcluster_alhx700,2,banded_anti_w8,one,all,648,1,persistent_chain
G2_Wcluster_alhx700,2,banded_anti_w8,one,all,680,1,persistent_chain
G2_Wcluster_alhx700,2,banded_anti_w8,one,all,685,1,persistent_chain
G2_Wcluster_alhx700,2,banded_anti_w8,one,all,703,1,persistent_chain
G2_Wcluster_alhx700,2,banded_anti_w8,one,all,710,1,persistent_chain
G2_Wcluster_alhx700,2,banded_anti_w8,one,all,722,1,persistent_chain
G2_Wcluster_alhx700,2,banded_anti_w8,one,all,728,1,persistent_chain
G2_Wcluster_alhx700,2,banded_anti_w8,one,all,772,1,persistent_chain
G2_Wcluster_alhx700,2,banded_anti_w8,one,all,780,1,persistent_chain
G2_Wcluster_alhx700,2,banded_anti_w8,one,all,792,1,persistent_chain
G2_Wcluster_alhx700,2,banded_anti_w8,one,all,814,1,persistent_chain
G2_Wcluster_alhx700,2,banded_anti_w8,one,all,855,1,persistent_chain
G2_Wcluster_alhx700,2,banded_anti_w8,one,all,870,1,persistent_chain
G2_Wcluster_alhx700,2,banded_anti_w8,one,all,892,1,persistent_chain
G2_Wcluster_alhx700,2,banded_anti_w8,one,all,969,1,persistent_chain
G2_Wcluster_alhx700,2,banded_anti_w8,one,all,988,1,persistent_chain
G2_Wcluster_alhx700,2,banded_anti_w8,one,all,1038,1,persistent_chain
G2_Wcluster_alhx700,2,banded_anti_w8,one,all,1059,1,persistent_chain
G2_Wcluster_alhx700,2,banded_anti_w8,one,all,1082,1,persistent_chain
G2_Wcluster_alhx700,2,banded_anti_w8,one,all,1209,1,persistent_chain
G2_Wcluster_alhx700,2,banded_anti_w8,one,all,1285,1,persistent_chain
G2_Wcluster_alhx700,2,banded_anti_w8,one,all,1599,1,persistent_chain
G2_Wcluster_alhx700,2,banded_anti_w8,one,all,1608,1,persistent_chain
G2_Wcluster_alhx700,2,banded_anti_w8,one,all,2108,1,persistent_chain
G2_Wcluster_alhx700,2,banded_anti_w8,one,all,2292,1,persistent_chain
G2_Wcluster_alhx700,2,banded_anti_w8,one,all,2523,1,persistent_chain
G2_Wcluster_alhx700,2,banded_anti_w8,one,all,2541,1,persistent_chain
G2_Wcluster_alhx700,2,banded_anti_w8,one,all,5602,1,persistent_chain
G2_Wcluster_alhx700,2,banded_anti_w8,three,all,1,5890,persistent_chain
G2_Wcluster_alhx700,2,banded_anti_w8,three,all,2,2285,persistent_chain
G2_Wcluster_alhx700,2,banded_anti_w8,three,all,3,1166,persistent_chain
G2_Wcluster_alhx700,2,banded_anti_w8,three,all,4,704,persistent_chain
G2_Wcluster_alhx700,2,banded_anti_w8,three,all,5,499,persistent_chain
G2_Wcluster_alhx700,2,banded_anti_w8,three,all,6,349,persistent_chain
G2_Wcluster_alhx700,2,banded_anti_w8,three,all,7,263,persistent_chain
G2_Wcluster_alhx700,2,banded_anti_w8,three,all,8,206,persistent_chain
G2_Wcluster_alhx700,2,banded_anti_w8,three,all,9,180,persistent_chain
G2_Wcluster_alhx700,2,banded_anti_w8,three,all,10,127,persistent_chain
G2_Wcluster_alhx700,2,banded_anti_w8,three,all,11,93,persistent_chain
G2_Wcluster_alhx700,2,banded_anti_w8,three,all,12,88,persistent_chain
G2_Wcluster_alhx700,2,banded_anti_w8,three,all,13,84,persistent_chain
G2_Wcluster_alhx700,2,banded_anti_w8,three,all,14,70,persistent_chain
G2_Wcluster_alhx700,2,banded_anti_w8,three,all,15,65,persistent_chain
G2_Wcluster_alhx700,2,banded_anti_w8,three,all,16,65,persistent_chain
G2_Wcluster_alhx700,2,banded_anti_w8,three,all,17,56,persistent_chain
G2_Wcluster_alhx700,2,banded_anti_w8,three,all,18,42,persistent_chain
G2_Wcluster_alhx700,2,banded_anti_w8,three,all,19,35,persistent_chain
G2_Wcluster_alhx700,2,banded_anti_w8,three,all,20,42,persistent_chain
G2_Wcluster_alhx700,2,banded_anti_w8,three,all,21,41,persistent_chain
G2_Wcluster_alhx700,2,banded_anti_w8,three,all,22,47,persistent_chain
G2_Wcluster_alhx700,2,banded_anti_w8,three,all,23,30,persistent_chain
G2_Wcluster_alhx700,2,banded_anti_w8,three,all,24,27,persistent_chain
G2_Wcluster_alhx700,2,banded_anti_w8,three,all,25,24,persistent_chain
G2_Wcluster_alhx700,2,banded_anti_w8,three,all,26,23,persistent_chain
G2_Wcluster_alhx700,2,banded_anti_w8,three,all,27,16,persistent_chain
G2_Wcluster_alhx700,2,banded_anti_w8,three,all,28,17,persistent_chain
G2_Wcluster_alhx700,2,banded_anti_w8,three,all,29,19,persistent_chain
G2_Wcluster_alhx700,2,banded_anti_w8,three,all,30,14,persistent_chain
G2_Wcluster_alhx700,2,banded_anti_w8,three,all,31,13,persistent_chain
G2_Wcluster_alhx700,2,banded_anti_w8,three,all,32,11,persistent_chain
G2_Wcluster_alhx700,2,banded_anti_w8,three,all,33,15,persistent_chain
G2_Wcluster_alhx700,2,banded_anti_w8,three,all,34,16,persistent_chain
G2_Wcluster_alhx700,2,banded_anti_w8,three,all,35,12,persistent_chain
G2_Wcluster_alhx700,2,banded_anti_w8,three,all,36,11,persistent_chain
G2_Wcluster_alhx700,2,banded_anti_w8,three,all,37,11,persistent_chain
G2_Wcluster_alhx700,2,banded_anti_w8,three,all,38,12,persistent_chain
G2_Wcluster_alhx700,2,banded_anti_w8,three,all,39,4,persistent_chain
G2_Wcluster_alhx700,2,banded_anti_w8,three,all,40,15,persistent_chain
G2_Wcluster_alhx700,2,banded_anti_w8,three,all,41,13,persistent_chain
G2_Wcluster_alhx700,2,banded_anti_w8,three,all,42,8,persistent_chain
G2_Wcluster_alhx700,2,banded_anti_w8,three,all,43,2,persistent_chain
G2_Wcluster_alhx700,2,banded_anti_w8,three,all,44,4,persistent_chain
G2_Wcluster_alhx700,2,banded_anti_w8,three,all,45,4,persistent_chain
G2_Wcluster_alhx700,2,banded_anti_w8,three,all,46,9,persistent_chain
G2_Wcluster_alhx700,2,banded_anti_w8,three,all,47,6,persistent_chain
G2_Wcluster_alhx700,2,banded_anti_w8,three,all,48,4,persistent_chain
G2_Wcluster_alhx700,2,banded_anti_w8,three,all,49,4,persistent_chain
G2_Wcluster_alhx700,2,banded_anti_w8,three,all,50,6,persistent_chain
G2_Wcluster_alhx700,2,banded_anti_w8,three,all,51,4,persistent_chain
G2_Wcluster_alhx700,2,banded_anti_w8,three,all,52,7,persistent_chain
G2_Wcluster_alhx700,2,banded_anti_w8,three,all,53,8,persistent_chain
G2_Wcluster_alhx700,2,banded_anti_w8,three,all,54,6,persistent_chain
G2_Wcluster_alhx700,2,banded_anti_w8,three,all,55,2,persistent_chain
G2_Wcluster_alhx700,2,banded_anti_w8,three,all,56,1,persistent_chain
G2_Wcluster_alhx700,2,banded_anti_w8,three,all,57,7,persistent_chain
G2_Wcluster_alhx700,2,banded_anti_w8,three,all,58,5,persistent_chain
G2_Wcluster_alhx700,2,banded_anti_w8,three,all,59,5,persistent_chain
G2_Wcluster_alhx700,2,banded_anti_w8,three,all,60,5,persistent_chain
G2_Wcluster_alhx700,2,banded_anti_w8,three,all,61,6,persistent_chain
G2_Wcluster_alhx700,2,banded_anti_w8,three,all,62,4,persistent_chain
G2_Wcluster_alhx700,2,banded_anti_w8,three,all,63,4,persistent_chain
G2_Wcluster_alhx700,2,banded_anti_w8,three,all,64,8,persistent_chain
G2_Wcluster_alhx700,2,banded_anti_w8,three,all,65,4,persistent_chain
G2_Wcluster_alhx700,2,banded_anti_w8,three,all,66,3,persistent_chain
G2_Wcluster_alhx700,2,banded_anti_w8,three,all,67,3,persistent_chain
G2_Wcluster_alhx700,2,banded_anti_w8,three,all,68,6,persistent_chain
G2_Wcluster_alhx700,2,banded_anti_w8,three,all,69,3,persistent_chain
G2_Wcluster_alhx700,2,banded_anti_w8,three,all,70,3,persistent_chain
G2_Wcluster_alhx700,2,banded_anti_w8,three,all,71,2,persistent_chain
G2_Wcluster_alhx700,2,banded_anti_w8,three,all,72,3,persistent_chain
G2_Wcluster_alhx700,2,banded_anti_w8,three,all,73,4,persistent_chain
G2_Wcluster_alhx700,2,banded_anti_w8,three,all,74,2,persistent_chain
G2_Wcluster_alhx700,2,banded_anti_w8,three,all,75,1,persistent_chain
G2_Wcluster_alhx700,2,banded_anti_w8,three,all,76,4,persistent_chain
G2_Wcluster_alhx700,2,banded_anti_w8,three,all,77,3,persistent_chain
G2_Wcluster_alhx700,2,banded_anti_w8,three,all,78,4,persistent_chain
G2_Wcluster_alhx700,2,banded_anti_w8,three,all,79,1,persistent_chain
G2_Wcluster_alhx700,2,banded_anti_w8,three,all,80,1,persistent_chain
G2_Wcluster_alhx700,2,banded_anti_w8,three,all,81,4,persistent_chain
G2_Wcluster_alhx700,2,banded_anti_w8,three,all,83,2,persistent_chain
G2_Wcluster_alhx700,2,banded_anti_w8,three,all,84,2,persistent_chain
G2_Wcluster_alhx700,2,banded_anti_w8,three,all,85,1,persistent_chain
G2_Wcluster_alhx700,2,banded_anti_w8,three,all,86,1,persistent_chain
G2_Wcluster_alhx700,2,banded_anti_w8,three,all,87,1,persistent_chain
G2_Wcluster_alhx700,2,banded_anti_w8,three,all,88,1,persistent_chain
G2_Wcluster_alhx700,2,banded_anti_w8,three,all,90,2,persistent_chain
G2_Wcluster_alhx700,2,banded_anti_w8,three,all,91,2,persistent_chain
G2_Wcluster_alhx700,2,banded_anti_w8,three,all,92,2,persistent_chain
G2_Wcluster_alhx700,2,banded_anti_w8,three,all,93,2,persistent_chain
G2_Wcluster_alhx700,2,banded_anti_w8,three,all,94,2,persistent_chain
G2_Wcluster_alhx700,2,banded_anti_w8,three,all,95,1,persistent_chain
G2_Wcluster_alhx700,2,banded_anti_w8,three,all,96,1,persistent_chain
G2_Wcluster_alhx700,2,banded_anti_w8,three,all,98,1,persistent_chain
G2_Wcluster_alhx700,2,banded_anti_w8,three,all,99,2,persistent_chain
G2_Wcluster_alhx700,2,banded_anti_w8,three,all,100,4,persistent_chain
G2_Wcluster_alhx700,2,banded_anti_w8,three,all,103,3,persistent_chain
G2_Wcluster_alhx700,2,banded_anti_w8,three,all,104,1,persistent_chain
G2_Wcluster_alhx700,2,banded_anti_w8,three,all,105,2,persistent_chain
G2_Wcluster_alhx700,2,banded_anti_w8,three,all,106,1,persistent_chain
G2_Wcluster_alhx700,2,banded_anti_w8,three,all,107,2,persistent_chain
G2_Wcluster_alhx700,2,banded_anti_w8,three,all,109,4,persistent_chain
G2_Wcluster_alhx700,2,banded_anti_w8,three,all,110,2,persistent_chain
G2_Wcluster_alhx700,2,banded_anti_w8,three,all,111,1,persistent_chain
G2_Wcluster_alhx700,2,banded_anti_w8,three,all,112,1,persistent_chain
G2_Wcluster_alhx700,2,banded_anti_w8,three,all,113,1,persistent_chain
G2_Wcluster_alhx700,2,banded_anti_w8,three,all,114,4,persistent_chain
G2_Wcluster_alhx700,2,banded_anti_w8,three,all,115,3,persistent_chain
G2_Wcluster_alhx700,2,banded_anti_w8,three,all,117,3,persistent_chain
G2_Wcluster_alhx700,2,banded_anti_w8,three,all,118,3,persistent_chain
G2_Wcluster_alhx700,2,banded_anti_w8,three,all,119,1,persistent_chain
G2_Wcluster_alhx700,2,banded_anti_w8,three,all,120,1,persistent_chain
G2_Wcluster_alhx700,2,banded_anti_w8,three,all,123,2,persistent_chain
G2_Wcluster_alhx700,2,banded_anti_w8,three,all,125,1,persistent_chain
G2_Wcluster_alhx700,2,banded_anti_w8,three,all,128,1,persistent_chain
G2_Wcluster_alhx700,2,banded_anti_w8,three,all,129,1,persistent_chain
G2_Wcluster_alhx700,2,banded_anti_w8,three,all,130,1,persistent_chain
G2_Wcluster_alhx700,2,banded_anti_w8,three,all,131,1,persistent_chain
G2_Wcluster_alhx700,2,banded_anti_w8,three,all,132,1,persistent_chain
G2_Wcluster_alhx700,2,banded_anti_w8,three,all,134,2,persistent_chain
G2_Wcluster_alhx700,2,banded_anti_w8,three,all,135,2,persistent_chain
G2_Wcluster_alhx700,2,banded_anti_w8,three,all,136,1,persistent_chain
G2_Wcluster_alhx700,2,banded_anti_w8,three,all,137,3,persistent_chain
G2_Wcluster_alhx700,2,banded_anti_w8,three,all,138,1,persistent_chain
G2_Wcluster_alhx700,2,banded_anti_w8,three,all,140,4,persistent_chain
G2_Wcluster_alhx700,2,banded_anti_w8,three,all,141,2,persistent_chain
G2_Wcluster_alhx700,2,banded_anti_w8,three,all,153,3,persistent_chain
G2_Wcluster_alhx700,2,banded_anti_w8,three,all,154,1,persistent_chain
G2_Wcluster_alhx700,2,banded_anti_w8,three,all,155,1,persistent_chain
G2_Wcluster_alhx700,2,banded_anti_w8,three,all,157,1,persistent_chain
G2_Wcluster_alhx700,2,banded_anti_w8,three,all,166,1,persistent_chain
G2_Wcluster_alhx700,2,banded_anti_w8,three,all,169,1,persistent_chain
G2_Wcluster_alhx700,2,banded_anti_w8,three,all,176,1,persistent_chain
G2_Wcluster_alhx700,2,banded_anti_w8,three,all,183,1,persistent_chain
G2_Wcluster_alhx700,2,banded_anti_w8,three,all,184,1,persistent_chain
G2_Wcluster_alhx700,2,banded_anti_w8,three,all,191,1,persistent_chain
G2_Wcluster_alhx700,2,banded_anti_w8,three,all,192,3,persistent_chain
G2_Wcluster_alhx700,2,banded_anti_w8,three,all,202,1,persistent_chain
G2_Wcluster_alhx700,2,banded_anti_w8,three,all,205,1,persistent_chain
G2_Wcluster_alhx700,2,banded_anti_w8,three,all,211,1,persistent_chain
G2_Wcluster_alhx700,2,banded_anti_w8,three,all,212,1,persistent_chain
G2_Wcluster_alhx700,2,banded_anti_w8,three,all,217,1,persistent_chain
G2_Wcluster_alhx700,2,banded_anti_w8,three,all,224,2,persistent_chain
G2_Wcluster_alhx700,2,banded_anti_w8,three,all,228,1,persistent_chain
G2_Wcluster_alhx700,2,banded_anti_w8,three,all,230,1,persistent_chain
G2_Wcluster_alhx700,2,banded_anti_w8,three,all,236,1,persistent_chain
G2_Wcluster_alhx700,2,banded_anti_w8,three,all,243,2,persistent_chain
G2_Wcluster_alhx700,2,banded_anti_w8,three,all,248,1,persistent_chain
G2_Wcluster_alhx700,2,banded_anti_w8,three,all,253,1,persistent_chain
G2_Wcluster_alhx700,2,banded_anti_w8,three,all,255,1,persistent_chain
G2_Wcluster_alhx700,2,banded_anti_w8,three,all,259,1,persistent_chain
G2_Wcluster_alhx700,2,banded_anti_w8,three,all,262,1,persistent_chain
G2_Wcluster_alhx700,2,banded_anti_w8,three,all,272,1,persistent_chain
G2_Wcluster_alhx700,2,banded_anti_w8,three,all,273,1,persistent_chain
G2_Wcluster_alhx700,2,banded_anti_w8,three,all,282,1,persistent_chain
G2_Wcluster_alhx700,2,banded_anti_w8,three,all,284,1,persistent_chain
G2_Wcluster_alhx700,2,banded_anti_w8,three,all,289,1,persistent_chain
G2_Wcluster_alhx700,2,banded_anti_w8,three,all,320,1,persistent_chain
G2_Wcluster_alhx700,2,banded_anti_w8,three,all,322,1,persistent_chain
G2_Wcluster_alhx700,2,banded_anti_w8,three,all,324,3,persistent_chain
G2_Wcluster_alhx700,2,banded_anti_w8,three,all,326,1,persistent_chain
G2_Wcluster_alhx700,2,banded_anti_w8,three,all,335,1,persistent_chain
G2_Wcluster_alhx700,2,banded_anti_w8,three,all,338,1,persistent_chain
G2_Wcluster_alhx700,2,banded_anti_w8,three,all,342,1,persistent_chain
G2_Wcluster_alhx700,2,banded_anti_w8,three,all,349,1,persistent_chain
G2_Wcluster_alhx700,2,banded_anti_w8,three,all,357,1,persistent_chain
G2_Wcluster_alhx700,2,banded_anti_w8,three,all,365,1,persistent_chain
G2_Wcluster_alhx700,2,banded_anti_w8,three,all,388,1,persistent_chain
G2_Wcluster_alhx700,2,banded_anti_w8,three,all,403,1,persistent_chain
G2_Wcluster_alhx700,2,banded_anti_w8,three,all,421,1,persistent_chain
G2_Wcluster_alhx700,2,banded_anti_w8,three,all,471,1,persistent_chain
G2_Wcluster_alhx700,2,banded_anti_w8,three,all,472,1,persistent_chain
G2_Wcluster_alhx700,2,banded_anti_w8,three,all,475,1,persistent_chain
G2_Wcluster_alhx700,2,banded_anti_w8,three,all,489,1,persistent_chain
G2_Wcluster_alhx700,2,banded_anti_w8,three,all,555,1,persistent_chain
G2_Wcluster_alhx700,2,banded_anti_w8,three,all,595,1,persistent_chain
G2_Wcluster_alhx700,2,banded_anti_w8,three,all,652,1,persistent_chain
G2_Wcluster_alhx700,2,banded_anti_w8,three,all,676,1,persistent_chain
G2_Wcluster_alhx700,2,banded_anti_w8,three,all,783,1,persistent_chain
G2_Wcluster_alhx700,2,banded_anti_w8,three,all,1582,1,persistent_chain
G2_Wcluster_alhx700,2,banded_anti_w8,three,all,1608,1,persistent_chain
G2_Wcluster_alhx700,2,banded_anti_w8,three,all,2437,1,persistent_chain
G2_Wcluster_alhx700,2,banded_anti_w8,triplet,all,1,2195,persistent_chain
G2_Wcluster_alhx700,2,banded_anti_w8,triplet,all,2,755,persistent_chain
G2_Wcluster_alhx700,2,banded_anti_w8,triplet,all,3,351,persistent_chain
G2_Wcluster_alhx700,2,banded_anti_w8,triplet,all,4,203,persistent_chain
G2_Wcluster_alhx700,2,banded_anti_w8,triplet,all,5,116,persistent_chain
G2_Wcluster_alhx700,2,banded_anti_w8,triplet,all,6,76,persistent_chain
G2_Wcluster_alhx700,2,banded_anti_w8,triplet,all,7,63,persistent_chain
G2_Wcluster_alhx700,2,banded_anti_w8,triplet,all,8,40,persistent_chain
G2_Wcluster_alhx700,2,banded_anti_w8,triplet,all,9,25,persistent_chain
G2_Wcluster_alhx700,2,banded_anti_w8,triplet,all,10,16,persistent_chain
G2_Wcluster_alhx700,2,banded_anti_w8,triplet,all,11,15,persistent_chain
G2_Wcluster_alhx700,2,banded_anti_w8,triplet,all,12,15,persistent_chain
G2_Wcluster_alhx700,2,banded_anti_w8,triplet,all,13,12,persistent_chain
G2_Wcluster_alhx700,2,banded_anti_w8,triplet,all,14,8,persistent_chain
G2_Wcluster_alhx700,2,banded_anti_w8,triplet,all,15,10,persistent_chain
G2_Wcluster_alhx700,2,banded_anti_w8,triplet,all,16,2,persistent_chain
G2_Wcluster_alhx700,2,banded_anti_w8,triplet,all,17,4,persistent_chain
G2_Wcluster_alhx700,2,banded_anti_w8,triplet,all,18,4,persistent_chain
G2_Wcluster_alhx700,2,banded_anti_w8,triplet,all,19,3,persistent_chain
G2_Wcluster_alhx700,2,banded_anti_w8,triplet,all,20,4,persistent_chain
G2_Wcluster_alhx700,2,banded_anti_w8,triplet,all,21,2,persistent_chain
G2_Wcluster_alhx700,2,banded_anti_w8,triplet,all,22,1,persistent_chain
G2_Wcluster_alhx700,2,banded_anti_w8,triplet,all,23,2,persistent_chain
G2_Wcluster_alhx700,2,banded_anti_w8,triplet,all,24,3,persistent_chain
G2_Wcluster_alhx700,2,banded_anti_w8,triplet,all,26,1,persistent_chain
G2_Wcluster_alhx700,2,banded_anti_w8,triplet,all,28,3,persistent_chain
G2_Wcluster_alhx700,2,banded_anti_w8,triplet,all,29,2,persistent_chain
G2_Wcluster_alhx700,2,banded_anti_w8,triplet,all,31,2,persistent_chain
G2_Wcluster_alhx700,2,banded_anti_w8,triplet,all,34,2,persistent_chain
G2_Wcluster_alhx700,2,banded_anti_w8,triplet,all,36,1,persistent_chain
G2_Wcluster_alhx700,2,banded_anti_w8,triplet,all,38,1,persistent_chain
G2_Wcluster_alhx700,2,banded_anti_w8,triplet,all,41,1,persistent_chain
G2_Wcluster_alhx700,2,banded_anti_w8,triplet,all,42,1,persistent_chain
G2_Wcluster_alhx700,2,banded_anti_w8,triplet,all,45,1,persistent_chain
G2_Wcluster_alhx700,2,banded_anti_w8,triplet,all,46,1,persistent_chain
G2_Wcluster_alhx700,2,banded_anti_w8,triplet,all,57,1,persistent_chain
G2_Wcluster_alhx700,2,banded_anti_w8,triplet,all,59,1,persistent_chain
G2_Wcluster_alhx700,2,banded_anti_w8,triplet,all,81,1,persistent_chain
G2_Wcluster_alhx700,2,banded_anti_w10,one,all,1,5595,persistent_chain
G2_Wcluster_alhx700,2,banded_anti_w10,one,all,2,1950,persistent_chain
G2_Wcluster_alhx700,2,banded_anti_w10,one,all,3,1032,persistent_chain
G2_Wcluster_alhx700,2,banded_anti_w10,one,all,4,658,persistent_chain
G2_Wcluster_alhx700,2,banded_anti_w10,one,all,5,466,persistent_chain
G2_Wcluster_alhx700,2,banded_anti_w10,one,all,6,356,persistent_chain
G2_Wcluster_alhx700,2,banded_anti_w10,one,all,7,261,persistent_chain
G2_Wcluster_alhx700,2,banded_anti_w10,one,all,8,227,persistent_chain
G2_Wcluster_alhx700,2,banded_anti_w10,one,all,9,165,persistent_chain
G2_Wcluster_alhx700,2,banded_anti_w10,one,all,10,160,persistent_chain
G2_Wcluster_alhx700,2,banded_anti_w10,one,all,11,116,persistent_chain
G2_Wcluster_alhx700,2,banded_anti_w10,one,all,12,108,persistent_chain
G2_Wcluster_alhx700,2,banded_anti_w10,one,all,13,109,persistent_chain
G2_Wcluster_alhx700,2,banded_anti_w10,one,all,14,71,persistent_chain
G2_Wcluster_alhx700,2,banded_anti_w10,one,all,15,71,persistent_chain
G2_Wcluster_alhx700,2,banded_anti_w10,one,all,16,57,persistent_chain
G2_Wcluster_alhx700,2,banded_anti_w10,one,all,17,66,persistent_chain
G2_Wcluster_alhx700,2,banded_anti_w10,one,all,18,56,persistent_chain
G2_Wcluster_alhx700,2,banded_anti_w10,one,all,19,43,persistent_chain
G2_Wcluster_alhx700,2,banded_anti_w10,one,all,20,39,persistent_chain
G2_Wcluster_alhx700,2,banded_anti_w10,one,all,21,34,persistent_chain
G2_Wcluster_alhx700,2,banded_anti_w10,one,all,22,40,persistent_chain
G2_Wcluster_alhx700,2,banded_anti_w10,one,all,23,29,persistent_chain
G2_Wcluster_alhx700,2,banded_anti_w10,one,all,24,35,persistent_chain
G2_Wcluster_alhx700,2,banded_anti_w10,one,all,25,35,persistent_chain
G2_Wcluster_alhx700,2,banded_anti_w10,one,all,26,37,persistent_chain
G2_Wcluster_alhx700,2,banded_anti_w10,one,all,27,23,persistent_chain
G2_Wcluster_alhx700,2,banded_anti_w10,one,all,28,32,persistent_chain
G2_Wcluster_alhx700,2,banded_anti_w10,one,all,29,32,persistent_chain
G2_Wcluster_alhx700,2,banded_anti_w10,one,all,30,29,persistent_chain
G2_Wcluster_alhx700,2,banded_anti_w10,one,all,31,17,persistent_chain
G2_Wcluster_alhx700,2,banded_anti_w10,one,all,32,19,persistent_chain
G2_Wcluster_alhx700,2,banded_anti_w10,one,all,33,9,persistent_chain
G2_Wcluster_alhx700,2,banded_anti_w10,one,all,34,18,persistent_chain
G2_Wcluster_alhx700,2,banded_anti_w10,one,all,35,19,persistent_chain
G2_Wcluster_alhx700,2,banded_anti_w10,one,all,36,11,persistent_chain
G2_Wcluster_alhx700,2,banded_anti_w10,one,all,37,20,persistent_chain
G2_Wcluster_alhx700,2,banded_anti_w10,one,all,38,20,persistent_chain
G2_Wcluster_alhx700,2,banded_anti_w10,one,all,39,16,persistent_chain
G2_Wcluster_alhx700,2,banded_anti_w10,one,all,40,13,persistent_chain
G2_Wcluster_alhx700,2,banded_anti_w10,one,all,41,6,persistent_chain
G2_Wcluster_alhx700,2,banded_anti_w10,one,all,42,9,persistent_chain
G2_Wcluster_alhx700,2,banded_anti_w10,one,all,43,16,persistent_chain
G2_Wcluster_alhx700,2,banded_anti_w10,one,all,44,13,persistent_chain
G2_Wcluster_alhx700,2,banded_anti_w10,one,all,45,6,persistent_chain
G2_Wcluster_alhx700,2,banded_anti_w10,one,all,46,10,persistent_chain
G2_Wcluster_alhx700,2,banded_anti_w10,one,all,47,11,persistent_chain
G2_Wcluster_alhx700,2,banded_anti_w10,one,all,48,9,persistent_chain
G2_Wcluster_alhx700,2,banded_anti_w10,one,all,49,6,persistent_chain
G2_Wcluster_alhx700,2,banded_anti_w10,one,all,50,9,persistent_chain
G2_Wcluster_alhx700,2,banded_anti_w10,one,all,51,12,persistent_chain
G2_Wcluster_alhx700,2,banded_anti_w10,one,all,52,7,persistent_chain
G2_Wcluster_alhx700,2,banded_anti_w10,one,all,53,5,persistent_chain
G2_Wcluster_alhx700,2,banded_anti_w10,one,all,54,9,persistent_chain
G2_Wcluster_alhx700,2,banded_anti_w10,one,all,55,8,persistent_chain
G2_Wcluster_alhx700,2,banded_anti_w10,one,all,56,7,persistent_chain
G2_Wcluster_alhx700,2,banded_anti_w10,one,all,57,4,persistent_chain
G2_Wcluster_alhx700,2,banded_anti_w10,one,all,58,4,persistent_chain
G2_Wcluster_alhx700,2,banded_anti_w10,one,all,59,6,persistent_chain
G2_Wcluster_alhx700,2,banded_anti_w10,one,all,60,4,persistent_chain
G2_Wcluster_alhx700,2,banded_anti_w10,one,all,61,9,persistent_chain
G2_Wcluster_alhx700,2,banded_anti_w10,one,all,62,3,persistent_chain
G2_Wcluster_alhx700,2,banded_anti_w10,one,all,63,5,persistent_chain
G2_Wcluster_alhx700,2,banded_anti_w10,one,all,64,6,persistent_chain
G2_Wcluster_alhx700,2,banded_anti_w10,one,all,65,3,persistent_chain
G2_Wcluster_alhx700,2,banded_anti_w10,one,all,66,5,persistent_chain
G2_Wcluster_alhx700,2,banded_anti_w10,one,all,67,2,persistent_chain
G2_Wcluster_alhx700,2,banded_anti_w10,one,all,68,5,persistent_chain
G2_Wcluster_alhx700,2,banded_anti_w10,one,all,69,6,persistent_chain
G2_Wcluster_alhx700,2,banded_anti_w10,one,all,70,4,persistent_chain
G2_Wcluster_alhx700,2,banded_anti_w10,one,all,71,9,persistent_chain
G2_Wcluster_alhx700,2,banded_anti_w10,one,all,72,2,persistent_chain
G2_Wcluster_alhx700,2,banded_anti_w10,one,all,73,10,persistent_chain
G2_Wcluster_alhx700,2,banded_anti_w10,one,all,74,3,persistent_chain
G2_Wcluster_alhx700,2,banded_anti_w10,one,all,75,7,persistent_chain
G2_Wcluster_alhx700,2,banded_anti_w10,one,all,76,3,persistent_chain
G2_Wcluster_alhx700,2,banded_anti_w10,one,all,77,4,persistent_chain
G2_Wcluster_alhx700,2,banded_anti_w10,one,all,78,5,persistent_chain
G2_Wcluster_alhx700,2,banded_anti_w10,one,all,79,2,persistent_chain
G2_Wcluster_alhx700,2,banded_anti_w10,one,all,80,6,persistent_chain
G2_Wcluster_alhx700,2,banded_anti_w10,one,all,81,4,persistent_chain
G2_Wcluster_alhx700,2,banded_anti_w10,one,all,82,3,persistent_chain
G2_Wcluster_alhx700,2,banded_anti_w10,one,all,83,4,persistent_chain
G2_Wcluster_alhx700,2,banded_anti_w10,one,all,84,5,persistent_chain
G2_Wcluster_alhx700,2,banded_anti_w10,one,all,85,4,persistent_chain
G2_Wcluster_alhx700,2,banded_anti_w10,one,all,86,3,persistent_chain
G2_Wcluster_alhx700,2,banded_anti_w10,one,all,87,2,persistent_chain
G2_Wcluster_alhx700,2,banded_anti_w10,one,all,88,3,persistent_chain
G2_Wcluster_alhx700,2,banded_anti_w10,one,all,89,5,persistent_chain
G2_Wcluster_alhx700,2,banded_anti_w10,one,all,90,1,persistent_chain
G2_Wcluster_alhx700,2,banded_anti_w10,one,all,91,3,persistent_chain
G2_Wcluster_alhx700,2,banded_anti_w10,one,all,92,7,persistent_chain
G2_Wcluster_alhx700,2,banded_anti_w10,one,all,93,2,persistent_chain
G2_Wcluster_alhx700,2,banded_anti_w10,one,all,94,5,persistent_chain
G2_Wcluster_alhx700,2,banded_anti_w10,one,all,95,4,persistent_chain
G2_Wcluster_alhx700,2,banded_anti_w10,one,all,96,2,persistent_chain
G2_Wcluster_alhx700,2,banded_anti_w10,one,all,97,4,persistent_chain
G2_Wcluster_alhx700,2,banded_anti_w10,one,all,99,2,persistent_chain
G2_Wcluster_alhx700,2,banded_anti_w10,one,all,100,1,persistent_chain
G2_Wcluster_alhx700,2,banded_anti_w10,one,all,101,1,persistent_chain
G2_Wcluster_alhx700,2,banded_anti_w10,one,all,102,6,persistent_chain
G2_Wcluster_alhx700,2,banded_anti_w10,one,all,103,1,persistent_chain
G2_Wcluster_alhx700,2,banded_anti_w10,one,all,104,1,persistent_chain
G2_Wcluster_alhx700,2,banded_anti_w10,one,all,105,3,persistent_chain
G2_Wcluster_alhx700,2,banded_anti_w10,one,all,106,3,persistent_chain
G2_Wcluster_alhx700,2,banded_anti_w10,one,all,107,2,persistent_chain
G2_Wcluster_alhx700,2,banded_anti_w10,one,all,108,6,persistent_chain
G2_Wcluster_alhx700,2,banded_anti_w10,one,all,109,3,persistent_chain
G2_Wcluster_alhx700,2,banded_anti_w10,one,all,110,4,persistent_chain
G2_Wcluster_alhx700,2,banded_anti_w10,one,all,111,2,persistent_chain
G2_Wcluster_alhx700,2,banded_anti_w10,one,all,112,2,persistent_chain
G2_Wcluster_alhx700,2,banded_anti_w10,one,all,113,1,persistent_chain
G2_Wcluster_alhx700,2,banded_anti_w10,one,all,115,1,persistent_chain
G2_Wcluster_alhx700,2,banded_anti_w10,one,all,116,2,persistent_chain
G2_Wcluster_alhx700,2,banded_anti_w10,one,all,118,3,persistent_chain
G2_Wcluster_alhx700,2,banded_anti_w10,one,all,119,3,persistent_chain
G2_Wcluster_alhx700,2,banded_anti_w10,one,all,120,1,persistent_chain
G2_Wcluster_alhx700,2,banded_anti_w10,one,all,121,1,persistent_chain
G2_Wcluster_alhx700,2,banded_anti_w10,one,all,122,3,persistent_chain
G2_Wcluster_alhx700,2,banded_anti_w10,one,all,125,1,persistent_chain
G2_Wcluster_alhx700,2,banded_anti_w10,one,all,126,2,persistent_chain
G2_Wcluster_alhx700,2,banded_anti_w10,one,all,127,3,persistent_chain
G2_Wcluster_alhx700,2,banded_anti_w10,one,all,128,1,persistent_chain
G2_Wcluster_alhx700,2,banded_anti_w10,one,all,129,2,persistent_chain
G2_Wcluster_alhx700,2,banded_anti_w10,one,all,131,3,persistent_chain
G2_Wcluster_alhx700,2,banded_anti_w10,one,all,132,3,persistent_chain
G2_Wcluster_alhx700,2,banded_anti_w10,one,all,133,1,persistent_chain
G2_Wcluster_alhx700,2,banded_anti_w10,one,all,134,1,persistent_chain
G2_Wcluster_alhx700,2,banded_anti_w10,one,all,135,1,persistent_chain
G2_Wcluster_alhx700,2,banded_anti_w10,one,all,136,1,persistent_chain
G2_Wcluster_alhx700,2,banded_anti_w10,one,all,137,3,persistent_chain
G2_Wcluster_alhx700,2,banded_anti_w10,one,all,138,2,persistent_chain
G2_Wcluster_alhx700,2,banded_anti_w10,one,all,139,3,persistent_chain
G2_Wcluster_alhx700,2,banded_anti_w10,one,all,140,3,persistent_chain
G2_Wcluster_alhx700,2,banded_anti_w10,one,all,141,1,persistent_chain
G2_Wcluster_alhx700,2,banded_anti_w10,one,all,143,1,persistent_chain
G2_Wcluster_alhx700,2,banded_anti_w10,one,all,144,3,persistent_chain
G2_Wcluster_alhx700,2,banded_anti_w10,one,all,145,3,persistent_chain
G2_Wcluster_alhx700,2,banded_anti_w10,one,all,146,2,persistent_chain
G2_Wcluster_alhx700,2,banded_anti_w10,one,all,147,2,persistent_chain
G2_Wcluster_alhx700,2,banded_anti_w10,one,all,148,1,persistent_chain
G2_Wcluster_alhx700,2,banded_anti_w10,one,all,149,1,persistent_chain
G2_Wcluster_alhx700,2,banded_anti_w10,one,all,151,3,persistent_chain
G2_Wcluster_alhx700,2,banded_anti_w10,one,all,153,2,persistent_chain
G2_Wcluster_alhx700,2,banded_anti_w10,one,all,154,1,persistent_chain
G2_Wcluster_alhx700,2,banded_anti_w10,one,all,155,2,persistent_chain
G2_Wcluster_alhx700,2,banded_anti_w10,one,all,156,1,persistent_chain
G2_Wcluster_alhx700,2,banded_anti_w10,one,all,157,3,persistent_chain
G2_Wcluster_alhx700,2,banded_anti_w10,one,all,158,2,persistent_chain
G2_Wcluster_alhx700,2,banded_anti_w10,one,all,161,1,persistent_chain
G2_Wcluster_alhx700,2,banded_anti_w10,one,all,162,2,persistent_chain
G2_Wcluster_alhx700,2,banded_anti_w10,one,all,163,1,persistent_chain
G2_Wcluster_alhx700,2,banded_anti_w10,one,all,164,3,persistent_chain
G2_Wcluster_alhx700,2,banded_anti_w10,one,all,165,1,persistent_chain
G2_Wcluster_alhx700,2,banded_anti_w10,one,all,166,1,persistent_chain
G2_Wcluster_alhx700,2,banded_anti_w10,one,all,167,2,persistent_chain
G2_Wcluster_alhx700,2,banded_anti_w10,one,all,168,2,persistent_chain
G2_Wcluster_alhx700,2,banded_anti_w10,one,all,170,4,persistent_chain
G2_Wcluster_alhx700,2,banded_anti_w10,one,all,172,1,persistent_chain
G2_Wcluster_alhx700,2,banded_anti_w10,one,all,173,1,persistent_chain
G2_Wcluster_alhx700,2,banded_anti_w10,one,all,174,2,persistent_chain
G2_Wcluster_alhx700,2,banded_anti_w10,one,all,176,1,persistent_chain
G2_Wcluster_alhx700,2,banded_anti_w10,one,all,177,1,persistent_chain
G2_Wcluster_alhx700,2,banded_anti_w10,one,all,178,1,persistent_chain
G2_Wcluster_alhx700,2,banded_anti_w10,one,all,179,2,persistent_chain
G2_Wcluster_alhx700,2,banded_anti_w10,one,all,180,1,persistent_chain
G2_Wcluster_alhx700,2,banded_anti_w10,one,all,181,1,persistent_chain
G2_Wcluster_alhx700,2,banded_anti_w10,one,all,183,2,persistent_chain
G2_Wcluster_alhx700,2,banded_anti_w10,one,all,184,1,persistent_chain
G2_Wcluster_alhx700,2,banded_anti_w10,one,all,187,1,persistent_chain
G2_Wcluster_alhx700,2,banded_anti_w10,one,all,192,2,persistent_chain
G2_Wcluster_alhx700,2,banded_anti_w10,one,all,196,1,persistent_chain
G2_Wcluster_alhx700,2,banded_anti_w10,one,all,197,1,persistent_chain
G2_Wcluster_alhx700,2,banded_anti_w10,one,all,200,1,persistent_chain
G2_Wcluster_alhx700,2,banded_anti_w10,one,all,202,1,persistent_chain
G2_Wcluster_alhx700,2,banded_anti_w10,one,all,206,2,persistent_chain
G2_Wcluster_alhx700,2,banded_anti_w10,one,all,207,1,persistent_chain
G2_Wcluster_alhx700,2,banded_anti_w10,one,all,208,1,persistent_chain
G2_Wcluster_alhx700,2,banded_anti_w10,one,all,209,1,persistent_chain
G2_Wcluster_alhx700,2,banded_anti_w10,one,all,213,1,persistent_chain
G2_Wcluster_alhx700,2,banded_anti_w10,one,all,217,1,persistent_chain
G2_Wcluster_alhx700,2,banded_anti_w10,one,all,218,1,persistent_chain
G2_Wcluster_alhx700,2,banded_anti_w10,one,all,220,1,persistent_chain
G2_Wcluster_alhx700,2,banded_anti_w10,one,all,227,1,persistent_chain
G2_Wcluster_alhx700,2,banded_anti_w10,one,all,229,3,persistent_chain
G2_Wcluster_alhx700,2,banded_anti_w10,one,all,233,1,persistent_chain
G2_Wcluster_alhx700,2,banded_anti_w10,one,all,234,1,persistent_chain
G2_Wcluster_alhx700,2,banded_anti_w10,one,all,236,1,persistent_chain
G2_Wcluster_alhx700,2,banded_anti_w10,one,all,238,1,persistent_chain
G2_Wcluster_alhx700,2,banded_anti_w10,one,all,242,1,persistent_chain
G2_Wcluster_alhx700,2,banded_anti_w10,one,all,248,1,persistent_chain
G2_Wcluster_alhx700,2,banded_anti_w10,one,all,249,1,persistent_chain
G2_Wcluster_alhx700,2,banded_anti_w10,one,all,250,1,persistent_chain
G2_Wcluster_alhx700,2,banded_anti_w10,one,all,255,1,persistent_chain
G2_Wcluster_alhx700,2,banded_anti_w10,one,all,257,1,persistent_chain
G2_Wcluster_alhx700,2,banded_anti_w10,one,all,262,1,persistent_chain
G2_Wcluster_alhx700,2,banded_anti_w10,one,all,263,1,persistent_chain
G2_Wcluster_alhx700,2,banded_anti_w10,one,all,268,1,persistent_chain
G2_Wcluster_alhx700,2,banded_anti_w10,one,all,270,1,persistent_chain
G2_Wcluster_alhx700,2,banded_anti_w10,one,all,271,1,persistent_chain
G2_Wcluster_alhx700,2,banded_anti_w10,one,all,272,1,persistent_chain
G2_Wcluster_alhx700,2,banded_anti_w10,one,all,274,1,persistent_chain
G2_Wcluster_alhx700,2,banded_anti_w10,one,all,275,1,persistent_chain
G2_Wcluster_alhx700,2,banded_anti_w10,one,all,276,1,persistent_chain
G2_Wcluster_alhx700,2,banded_anti_w10,one,all,281,1,persistent_chain
G2_Wcluster_alhx700,2,banded_anti_w10,one,all,286,1,persistent_chain
G2_Wcluster_alhx700,2,banded_anti_w10,one,all,288,1,persistent_chain
G2_Wcluster_alhx700,2,banded_anti_w10,one,all,289,1,persistent_chain
G2_Wcluster_alhx700,2,banded_anti_w10,one,all,297,1,persistent_chain
G2_Wcluster_alhx700,2,banded_anti_w10,one,all,298,2,persistent_chain
G2_Wcluster_alhx700,2,banded_anti_w10,one,all,312,1,persistent_chain
G2_Wcluster_alhx700,2,banded_anti_w10,one,all,313,1,persistent_chain
G2_Wcluster_alhx700,2,banded_anti_w10,one,all,317,1,persistent_chain
G2_Wcluster_alhx700,2,banded_anti_w10,one,all,319,1,persistent_chain
G2_Wcluster_alhx700,2,banded_anti_w10,one,all,326,1,persistent_chain
G2_Wcluster_alhx700,2,banded_anti_w10,one,all,330,1,persistent_chain
G2_Wcluster_alhx700,2,banded_anti_w10,one,all,340,1,persistent_chain
G2_Wcluster_alhx700,2,banded_anti_w10,one,all,343,1,persistent_chain
G2_Wcluster_alhx700,2,banded_anti_w10,one,all,348,1,persistent_chain
G2_Wcluster_alhx700,2,banded_anti_w10,one,all,357,1,persistent_chain
G2_Wcluster_alhx700,2,banded_anti_w10,one,all,359,1,persistent_chain
G2_Wcluster_alhx700,2,banded_anti_w10,one,all,367,1,persistent_chain
G2_Wcluster_alhx700,2,banded_anti_w10,one,all,376,1,persistent_chain
G2_Wcluster_alhx700,2,banded_anti_w10,one,all,381,1,persistent_chain
G2_Wcluster_alhx700,2,banded_anti_w10,one,all,382,1,persistent_chain
G2_Wcluster_alhx700,2,banded_anti_w10,one,all,384,1,persistent_chain
G2_Wcluster_alhx700,2,banded_anti_w10,one,all,386,1,persistent_chain
G2_Wcluster_alhx700,2,banded_anti_w10,one,all,400,1,persistent_chain
G2_Wcluster_alhx700,2,banded_anti_w10,one,all,402,1,persistent_chain
G2_Wcluster_alhx700,2,banded_anti_w10,one,all,446,1,persistent_chain
G2_Wcluster_alhx700,2,banded_anti_w10,one,all,447,1,persistent_chain
G2_Wcluster_alhx700,2,banded_anti_w10,one,all,473,1,persistent_chain
G2_Wcluster_alhx700,2,banded_anti_w10,one,all,480,1,persistent_chain
G2_Wcluster_alhx700,2,banded_anti_w10,one,all,483,1,persistent_chain
G2_Wcluster_alhx700,2,banded_anti_w10,one,all,486,1,persistent_chain
G2_Wcluster_alhx700,2,banded_anti_w10,one,all,489,1,persistent_chain
G2_Wcluster_alhx700,2,banded_anti_w10,one,all,502,1,persistent_chain
G2_Wcluster_alhx700,2,banded_anti_w10,one,all,509,1,persistent_chain
G2_Wcluster_alhx700,2,banded_anti_w10,one,all,518,1,persistent_chain
G2_Wcluster_alhx700,2,banded_anti_w10,one,all,520,1,persistent_chain
G2_Wcluster_alhx700,2,banded_anti_w10,one,all,555,1,persistent_chain
G2_Wcluster_alhx700,2,banded_anti_w10,one,all,596,1,persistent_chain
G2_Wcluster_alhx700,2,banded_anti_w10,one,all,600,1,persistent_chain
G2_Wcluster_alhx700,2,banded_anti_w10,one,all,617,1,persistent_chain
G2_Wcluster_alhx700,2,banded_anti_w10,one,all,634,1,persistent_chain
G2_Wcluster_alhx700,2,banded_anti_w10,one,all,642,1,persistent_chain
G2_Wcluster_alhx700,2,banded_anti_w10,one,all,648,1,persistent_chain
G2_Wcluster_alhx700,2,banded_anti_w10,one,all,680,1,persistent_chain
G2_Wcluster_alhx700,2,banded_anti_w10,one,all,685,1,persistent_chain
G2_Wcluster_alhx700,2,banded_anti_w10,one,all,703,1,persistent_chain
G2_Wcluster_alhx700,2,banded_anti_w10,one,all,772,1,persistent_chain
G2_Wcluster_alhx700,2,banded_anti_w10,one,all,780,1,persistent_chain
G2_Wcluster_alhx700,2,banded_anti_w10,one,all,792,1,persistent_chain
G2_Wcluster_alhx700,2,banded_anti_w10,one,all,814,1,persistent_chain
G2_Wcluster_alhx700,2,banded_anti_w10,one,all,835,1,persistent_chain
G2_Wcluster_alhx700,2,banded_anti_w10,one,all,838,1,persistent_chain
G2_Wcluster_alhx700,2,banded_anti_w10,one,all,846,1,persistent_chain
G2_Wcluster_alhx700,2,banded_anti_w10,one,all,855,1,persistent_chain
G2_Wcluster_alhx700,2,banded_anti_w10,one,all,915,1,persistent_chain
G2_Wcluster_alhx700,2,banded_anti_w10,one,all,940,1,persistent_chain
G2_Wcluster_alhx700,2,banded_anti_w10,one,all,969,1,persistent_chain
G2_Wcluster_alhx700,2,banded_anti_w10,one,all,988,1,persistent_chain
G2_Wcluster_alhx700,2,banded_anti_w10,one,all,1059,1,persistent_chain
G2_Wcluster_alhx700,2,banded_anti_w10,one,all,1209,1,persistent_chain
G2_Wcluster_alhx700,2,banded_anti_w10,one,all,1227,1,persistent_chain
G2_Wcluster_alhx700,2,banded_anti_w10,one,all,1238,1,persistent_chain
G2_Wcluster_alhx700,2,banded_anti_w10,one,all,1260,1,persistent_chain
G2_Wcluster_alhx700,2,banded_anti_w10,one,all,1542,1,persistent_chain
G2_Wcluster_alhx700,2,banded_anti_w10,one,all,1600,1,persistent_chain
G2_Wcluster_alhx700,2,banded_anti_w10,one,all,1689,1,persistent_chain
G2_Wcluster_alhx700,2,banded_anti_w10,one,all,2122,1,persistent_chain
G2_Wcluster_alhx700,2,banded_anti_w10,one,all,2142,1,persistent_chain
G2_Wcluster_alhx700,2,banded_anti_w10,one,all,2272,1,persistent_chain
G2_Wcluster_alhx700,2,banded_anti_w10,one,all,2315,1,persistent_chain
G2_Wcluster_alhx700,2,banded_anti_w10,one,all,2508,1,persistent_chain
G2_Wcluster_alhx700,2,banded_anti_w10,one,all,2523,1,persistent_chain
G2_Wcluster_alhx700,2,banded_anti_w10,one,all,2541,1,persistent_chain
G2_Wcluster_alhx700,2,banded_anti_w10,one,all,5602,1,persistent_chain
G2_Wcluster_alhx700,2,banded_anti_w10,three,all,1,6266,persistent_chain
G2_Wcluster_alhx700,2,banded_anti_w10,three,all,2,2375,persistent_chain
G2_Wcluster_alhx700,2,banded_anti_w10,three,all,3,1223,persistent_chain
G2_Wcluster_alhx700,2,banded_anti_w10,three,all,4,718,persistent_chain
G2_Wcluster_alhx700,2,banded_anti_w10,three,all,5,479,persistent_chain
G2_Wcluster_alhx700,2,banded_anti_w10,three,all,6,352,persistent_chain
G2_Wcluster_alhx700,2,banded_anti_w10,three,all,7,262,persistent_chain
G2_Wcluster_alhx700,2,banded_anti_w10,three,all,8,212,persistent_chain
G2_Wcluster_alhx700,2,banded_anti_w10,three,all,9,183,persistent_chain
G2_Wcluster_alhx700,2,banded_anti_w10,three,all,10,132,persistent_chain
G2_Wcluster_alhx700,2,banded_anti_w10,three,all,11,103,persistent_chain
G2_Wcluster_alhx700,2,banded_anti_w10,three,all,12,82,persistent_chain
G2_Wcluster_alhx700,2,banded_anti_w10,three,all,13,74,persistent_chain
G2_Wcluster_alhx700,2,banded_anti_w10,three,all,14,64,persistent_chain
G2_Wcluster_alhx700,2,banded_anti_w10,three,all,15,50,persistent_chain
G2_Wcluster_alhx700,2,banded_anti_w10,three,all,16,53,persistent_chain
G2_Wcluster_alhx700,2,banded_anti_w10,three,all,17,45,persistent_chain
G2_Wcluster_alhx700,2,banded_anti_w10,three,all,18,41,persistent_chain
G2_Wcluster_alhx700,2,banded_anti_w10,three,all,19,43,persistent_chain
G2_Wcluster_alhx700,2,banded_anti_w10,three,all,20,43,persistent_chain
G2_Wcluster_alhx700,2,banded_anti_w10,three,all,21,23,persistent_chain
G2_Wcluster_alhx700,2,banded_anti_w10,three,all,22,30,persistent_chain
G2_Wcluster_alhx700,2,banded_anti_w10,three,all,23,34,persistent_chain
G2_Wcluster_alhx700,2,banded_anti_w10,three,all,24,27,persistent_chain
G2_Wcluster_alhx700,2,banded_anti_w10,three,all,25,26,persistent_chain
G2_Wcluster_alhx700,2,banded_anti_w10,three,all,26,32,persistent_chain
G2_Wcluster_alhx700,2,banded_anti_w10,three,all,27,11,persistent_chain
G2_Wcluster_alhx700,2,banded_anti_w10,three,all,28,23,persistent_chain
G2_Wcluster_alhx700,2,banded_anti_w10,three,all,29,18,persistent_chain
G2_Wcluster_alhx700,2,banded_anti_w10,three,all,30,10,persistent_chain
G2_Wcluster_alhx700,2,banded_anti_w10,three,all,31,14,persistent_chain
G2_Wcluster_alhx700,2,banded_anti_w10,three,all,32,13,persistent_chain
G2_Wcluster_alhx700,2,banded_anti_w10,three,all,33,15,persistent_chain
G2_Wcluster_alhx700,2,banded_anti_w10,three,all,34,15,persistent_chain
G2_Wcluster_alhx700,2,banded_anti_w10,three,all,35,10,persistent_chain
G2_Wcluster_alhx700,2,banded_anti_w10,three,all,36,10,persistent_chain
G2_Wcluster_alhx700,2,banded_anti_w10,three,all,37,16,persistent_chain
G2_Wcluster_alhx700,2,banded_anti_w10,three,all,38,11,persistent_chain
G2_Wcluster_alhx700,2,banded_anti_w10,three,all,39,6,persistent_chain
G2_Wcluster_alhx700,2,banded_anti_w10,three,all,40,12,persistent_chain
G2_Wcluster_alhx700,2,banded_anti_w10,three,all,41,13,persistent_chain
G2_Wcluster_alhx700,2,banded_anti_w10,three,all,42,9,persistent_chain
G2_Wcluster_alhx700,2,banded_anti_w10,three,all,43,8,persistent_chain
G2_Wcluster_alhx700,2,banded_anti_w10,three,all,44,6,persistent_chain
G2_Wcluster_alhx700,2,banded_anti_w10,three,all,45,8,persistent_chain
G2_Wcluster_alhx700,2,banded_anti_w10,three,all,46,10,persistent_chain
G2_Wcluster_alhx700,2,banded_anti_w10,three,all,47,4,persistent_chain
G2_Wcluster_alhx700,2,banded_anti_w10,three,all,48,5,persistent_chain
G2_Wcluster_alhx700,2,banded_anti_w10,three,all,49,4,persistent_chain
G2_Wcluster_alhx700,2,banded_anti_w10,three,all,50,5,persistent_chain
G2_Wcluster_alhx700,2,banded_anti_w10,three,all,51,2,persistent_chain
G2_Wcluster_alhx700,2,banded_anti_w10,three,all,52,4,persistent_chain
G2_Wcluster_alhx700,2,banded_anti_w10,three,all,53,6,persistent_chain
G2_Wcluster_alhx700,2,banded_anti_w10,three,all,54,3,persistent_chain
G2_Wcluster_alhx700,2,banded_anti_w10,three,all,55,4,persistent_chain
G2_Wcluster_alhx700,2,banded_anti_w10,three,all,56,5,persistent_chain
G2_Wcluster_alhx700,2,banded_anti_w10,three,all,57,7,persistent_chain
G2_Wcluster_alhx700,2,banded_anti_w10,three,all,58,7,persistent_chain
G2_Wcluster_alhx700,2,banded_anti_w10,three,all,59,6,persistent_chain
G2_Wcluster_alhx700,2,banded_anti_w10,three,all,60,6,persistent_chain
G2_Wcluster_alhx700,2,banded_anti_w10,three,all,61,7,persistent_chain
G2_Wcluster_alhx700,2,banded_anti_w10,three,all,62,4,persistent_chain
G2_Wcluster_alhx700,2,banded_anti_w10,three,all,63,5,persistent_chain
G2_Wcluster_alhx700,2,banded_anti_w10,three,all,64,3,persistent_chain
G2_Wcluster_alhx700,2,banded_anti_w10,three,all,65,7,persistent_chain
G2_Wcluster_alhx700,2,banded_anti_w10,three,all,66,5,persistent_chain
G2_Wcluster_alhx700,2,banded_anti_w10,three,all,67,3,persistent_chain
G2_Wcluster_alhx700,2,banded_anti_w10,three,all,68,3,persistent_chain
G2_Wcluster_alhx700,2,banded_anti_w10,three,all,69,1,persistent_chain
G2_Wcluster_alhx700,2,banded_anti_w10,three,all,70,1,persistent_chain
G2_Wcluster_alhx700,2,banded_anti_w10,three,all,71,3,persistent_chain
G2_Wcluster_alhx700,2,banded_anti_w10,three,all,72,5,persistent_chain
G2_Wcluster_alhx700,2,banded_anti_w10,three,all,73,3,persistent_chain
G2_Wcluster_alhx700,2,banded_anti_w10,three,all,74,4,persistent_chain
G2_Wcluster_alhx700,2,banded_anti_w10,three,all,75,1,persistent_chain
G2_Wcluster_alhx700,2,banded_anti_w10,three,all,76,3,persistent_chain
G2_Wcluster_alhx700,2,banded_anti_w10,three,all,77,2,persistent_chain
G2_Wcluster_alhx700,2,banded_anti_w10,three,all,78,4,persistent_chain
G2_Wcluster_alhx700,2,banded_anti_w10,three,all,79,1,persistent_chain
G2_Wcluster_alhx700,2,banded_anti_w10,three,all,80,1,persistent_chain
G2_Wcluster_alhx700,2,banded_anti_w10,three,all,81,5,persistent_chain
G2_Wcluster_alhx700,2,banded_anti_w10,three,all,82,2,persistent_chain
G2_Wcluster_alhx700,2,banded_anti_w10,three,all,83,3,persistent_chain
G2_Wcluster_alhx700,2,banded_anti_w10,three,all,84,3,persistent_chain
G2_Wcluster_alhx700,2,banded_anti_w10,three,all,86,2,persistent_chain
G2_Wcluster_alhx700,2,banded_anti_w10,three,all,87,4,persistent_chain
G2_Wcluster_alhx700,2,banded_anti_w10,three,all,88,2,persistent_chain
G2_Wcluster_alhx700,2,banded_anti_w10,three,all,90,3,persistent_chain
G2_Wcluster_alhx700,2,banded_anti_w10,three,all,91,1,persistent_chain
G2_Wcluster_alhx700,2,banded_anti_w10,three,all,92,1,persistent_chain
G2_Wcluster_alhx700,2,banded_anti_w10,three,all,93,1,persistent_chain
G2_Wcluster_alhx700,2,banded_anti_w10,three,all,94,3,persistent_chain
G2_Wcluster_alhx700,2,banded_anti_w10,three,all,95,1,persistent_chain
G2_Wcluster_alhx700,2,banded_anti_w10,three,all,98,1,persistent_chain
G2_Wcluster_alhx700,2,banded_anti_w10,three,all,99,1,persistent_chain
G2_Wcluster_alhx700,2,banded_anti_w10,three,all,100,1,persistent_chain
G2_Wcluster_alhx700,2,banded_anti_w10,three,all,101,2,persistent_chain
G2_Wcluster_alhx700,2,banded_anti_w10,three,all,103,3,persistent_chain
G2_Wcluster_alhx700,2,banded_anti_w10,three,all,104,2,persistent_chain
G2_Wcluster_alhx700,2,banded_anti_w10,three,all,105,1,persistent_chain
G2_Wcluster_alhx700,2,banded_anti_w10,three,all,106,1,persistent_chain
G2_Wcluster_alhx700,2,banded_anti_w10,three,all,107,2,persistent_chain
G2_Wcluster_alhx700,2,banded_anti_w10,three,all,108,1,persistent_chain
G2_Wcluster_alhx700,2,banded_anti_w10,three,all,109,2,persistent_chain
G2_Wcluster_alhx700,2,banded_anti_w10,three,all,110,1,persistent_chain
G2_Wcluster_alhx700,2,banded_anti_w10,three,all,111,1,persistent_chain
G2_Wcluster_alhx700,2,banded_anti_w10,three,all,112,2,persistent_chain
G2_Wcluster_alhx700,2,banded_anti_w10,three,all,113,1,persistent_chain
G2_Wcluster_alhx700,2,banded_anti_w10,three,all,114,3,persistent_chain
G2_Wcluster_alhx700,2,banded_anti_w10,three,all,115,3,persistent_chain
G2_Wcluster_alhx700,2,banded_anti_w10,three,all,117,2,persistent_chain
G2_Wcluster_alhx700,2,banded_anti_w10,three,all,118,2,persistent_chain
G2_Wcluster_alhx700,2,banded_anti_w10,three,all,120,1,persistent_chain
G2_Wcluster_alhx700,2,banded_anti_w10,three,all,123,2,persistent_chain
G2_Wcluster_alhx700,2,banded_anti_w10,three,all,124,1,persistent_chain
G2_Wcluster_alhx700,2,banded_anti_w10,three,all,125,1,persistent_chain
G2_Wcluster_alhx700,2,banded_anti_w10,three,all,128,2,persistent_chain
G2_Wcluster_alhx700,2,banded_anti_w10,three,all,129,1,persistent_chain
G2_Wcluster_alhx700,2,banded_anti_w10,three,all,130,1,persistent_chain
G2_Wcluster_alhx700,2,banded_anti_w10,three,all,131,2,persistent_chain
G2_Wcluster_alhx700,2,banded_anti_w10,three,all,132,1,persistent_chain
G2_Wcluster_alhx700,2,banded_anti_w10,three,all,133,1,persistent_chain
G2_Wcluster_alhx700,2,banded_anti_w10,three,all,134,2,persistent_chain
G2_Wcluster_alhx700,2,banded_anti_w10,three,all,136,2,persistent_chain
G2_Wcluster_alhx700,2,banded_anti_w10,three,all,137,3,persistent_chain
G2_Wcluster_alhx700,2,banded_anti_w10,three,all,138,1,persistent_chain
G2_Wcluster_alhx700,2,banded_anti_w10,three,all,140,3,persistent_chain
G2_Wcluster_alhx700,2,banded_anti_w10,three,all,141,3,persistent_chain
G2_Wcluster_alhx700,2,banded_anti_w10,three,all,142,1,persistent_chain
G2_Wcluster_alhx700,2,banded_anti_w10,three,all,143,1,persistent_chain
G2_Wcluster_alhx700,2,banded_anti_w10,three,all,144,1,persistent_chain
G2_Wcluster_alhx700,2,banded_anti_w10,three,all,145,1,persistent_chain
G2_Wcluster_alhx700,2,banded_anti_w10,three,all,146,3,persistent_chain
G2_Wcluster_alhx700,2,banded_anti_w10,three,all,147,1,persistent_chain
G2_Wcluster_alhx700,2,banded_anti_w10,three,all,151,1,persistent_chain
G2_Wcluster_alhx700,2,banded_anti_w10,three,all,153,1,persistent_chain
G2_Wcluster_alhx700,2,banded_anti_w10,three,all,154,1,persistent_chain
G2_Wcluster_alhx700,2,banded_anti_w10,three,all,155,1,persistent_chain
G2_Wcluster_alhx700,2,banded_anti_w10,three,all,157,2,persistent_chain
G2_Wcluster_alhx700,2,banded_anti_w10,three,all,159,1,persistent_chain
G2_Wcluster_alhx700,2,banded_anti_w10,three,all,161,1,persistent_chain
G2_Wcluster_alhx700,2,banded_anti_w10,three,all,163,1,persistent_chain
G2_Wcluster_alhx700,2,banded_anti_w10,three,all,164,1,persistent_chain
G2_Wcluster_alhx700,2,banded_anti_w10,three,all,165,2,persistent_chain
G2_Wcluster_alhx700,2,banded_anti_w10,three,all,166,1,persistent_chain
G2_Wcluster_alhx700,2,banded_anti_w10,three,all,167,1,persistent_chain
G2_Wcluster_alhx700,2,banded_anti_w10,three,all,169,1,persistent_chain
G2_Wcluster_alhx700,2,banded_anti_w10,three,all,175,1,persistent_chain
G2_Wcluster_alhx700,2,banded_anti_w10,three,all,177,2,persistent_chain
G2_Wcluster_alhx700,2,banded_anti_w10,three,all,192,1,persistent_chain
G2_Wcluster_alhx700,2,banded_anti_w10,three,all,196,1,persistent_chain
G2_Wcluster_alhx700,2,banded_anti_w10,three,all,202,1,persistent_chain
G2_Wcluster_alhx700,2,banded_anti_w10,three,all,205,1,persistent_chain
G2_Wcluster_alhx700,2,banded_anti_w10,three,all,211,1,persistent_chain
G2_Wcluster_alhx700,2,banded_anti_w10,three,all,217,1,persistent_chain
G2_Wcluster_alhx700,2,banded_anti_w10,three,all,220,1,persistent_chain
G2_Wcluster_alhx700,2,banded_anti_w10,three,all,222,1,persistent_chain
G2_Wcluster_alhx700,2,banded_anti_w10,three,all,228,2,persistent_chain
G2_Wcluster_alhx700,2,banded_anti_w10,three,all,230,2,persistent_chain
G2_Wcluster_alhx700,2,banded_anti_w10,three,all,231,1,persistent_chain
G2_Wcluster_alhx700,2,banded_anti_w10,three,all,234,1,persistent_chain
G2_Wcluster_alhx700,2,banded_anti_w10,three,all,236,1,persistent_chain
G2_Wcluster_alhx700,2,banded_anti_w10,three,all,238,1,persistent_chain
G2_Wcluster_alhx700,2,banded_anti_w10,three,all,247,1,persistent_chain
G2_Wcluster_alhx700,2,banded_anti_w10,three,all,248,1,persistent_chain
G2_Wcluster_alhx700,2,banded_anti_w10,three,all,255,1,persistent_chain
G2_Wcluster_alhx700,2,banded_anti_w10,three,all,256,1,persistent_chain
G2_Wcluster_alhx700,2,banded_anti_w10,three,all,261,2,persistent_chain
G2_Wcluster_alhx700,2,banded_anti_w10,three,all,268,1,persistent_chain
G2_Wcluster_alhx700,2,banded_anti_w10,three,all,272,1,persistent_chain
G2_Wcluster_alhx700,2,banded_anti_w10,three,all,273,1,persistent_chain
G2_Wcluster_alhx700,2,banded_anti_w10,three,all,279,1,persistent_chain
G2_Wcluster_alhx700,2,banded_anti_w10,three,all,282,1,persistent_chain
G2_Wcluster_alhx700,2,banded_anti_w10,three,all,284,1,persistent_chain
G2_Wcluster_alhx700,2,banded_anti_w10,three,all,290,1,persistent_chain
G2_Wcluster_alhx700,2,banded_anti_w10,three,all,306,1,persistent_chain
G2_Wcluster_alhx700,2,banded_anti_w10,three,all,320,1,persistent_chain
G2_Wcluster_alhx700,2,banded_anti_w10,three,all,324,1,persistent_chain
G2_Wcluster_alhx700,2,banded_anti_w10,three,all,326,2,persistent_chain
G2_Wcluster_alhx700,2,banded_anti_w10,three,all,335,1,persistent_chain
G2_Wcluster_alhx700,2,banded_anti_w10,three,all,338,1,persistent_chain
G2_Wcluster_alhx700,2,banded_anti_w10,three,all,342,1,persistent_chain
G2_Wcluster_alhx700,2,banded_anti_w10,three,all,357,1,persistent_chain
G2_Wcluster_alhx700,2,banded_anti_w10,three,all,358,1,persistent_chain
G2_Wcluster_alhx700,2,banded_anti_w10,three,all,384,1,persistent_chain
G2_Wcluster_alhx700,2,banded_anti_w10,three,all,388,1,persistent_chain
G2_Wcluster_alhx700,2,banded_anti_w10,three,all,403,1,persistent_chain
G2_Wcluster_alhx700,2,banded_anti_w10,three,all,420,1,persistent_chain
G2_Wcluster_alhx700,2,banded_anti_w10,three,all,448,1,persistent_chain
G2_Wcluster_alhx700,2,banded_anti_w10,three,all,449,1,persistent_chain
G2_Wcluster_alhx700,2,banded_anti_w10,three,all,461,1,persistent_chain
G2_Wcluster_alhx700,2,banded_anti_w10,three,all,472,1,persistent_chain
G2_Wcluster_alhx700,2,banded_anti_w10,three,all,476,1,persistent_chain
G2_Wcluster_alhx700,2,banded_anti_w10,three,all,480,1,persistent_chain
G2_Wcluster_alhx700,2,banded_anti_w10,three,all,487,1,persistent_chain
G2_Wcluster_alhx700,2,banded_anti_w10,three,all,489,1,persistent_chain
G2_Wcluster_alhx700,2,banded_anti_w10,three,all,523,1,persistent_chain
G2_Wcluster_alhx700,2,banded_anti_w10,three,all,537,1,persistent_chain
G2_Wcluster_alhx700,2,banded_anti_w10,three,all,540,1,persistent_chain
G2_Wcluster_alhx700,2,banded_anti_w10,three,all,567,1,persistent_chain
G2_Wcluster_alhx700,2,banded_anti_w10,three,all,570,1,persistent_chain
G2_Wcluster_alhx700,2,banded_anti_w10,three,all,576,1,persistent_chain
G2_Wcluster_alhx700,2,banded_anti_w10,three,all,597,1,persistent_chain
G2_Wcluster_alhx700,2,banded_anti_w10,three,all,630,1,persistent_chain
G2_Wcluster_alhx700,2,banded_anti_w10,three,all,714,1,persistent_chain
G2_Wcluster_alhx700,2,banded_anti_w10,three,all,783,1,persistent_chain
G2_Wcluster_alhx700,2,banded_anti_w10,three,all,825,1,persistent_chain
G2_Wcluster_alhx700,2,banded_anti_w10,three,all,848,1,persistent_chain
G2_Wcluster_alhx700,2,banded_anti_w10,three,all,892,1,persistent_chain
G2_Wcluster_alhx700,2,banded_anti_w10,three,all,1582,1,persistent_chain
G2_Wcluster_alhx700,2,banded_anti_w10,three,all,1608,1,persistent_chain
G2_Wcluster_alhx700,2,banded_anti_w10,three,all,2413,1,persistent_chain
G2_Wcluster_alhx700,2,banded_anti_w10,three,all,2437,1,persistent_chain
G2_Wcluster_alhx700,2,banded_anti_w10,triplet,all,1,2506,persistent_chain
G2_Wcluster_alhx700,2,banded_anti_w10,triplet,all,2,901,persistent_chain
G2_Wcluster_alhx700,2,banded_anti_w10,triplet,all,3,428,persistent_chain
G2_Wcluster_alhx700,2,banded_anti_w10,triplet,all,4,255,persistent_chain
G2_Wcluster_alhx700,2,banded_anti_w10,triplet,all,5,168,persistent_chain
G2_Wcluster_alhx700,2,banded_anti_w10,triplet,all,6,114,persistent_chain
G2_Wcluster_alhx700,2,banded_anti_w10,triplet,all,7,86,persistent_chain
G2_Wcluster_alhx700,2,banded_anti_w10,triplet,all,8,50,persistent_chain
G2_Wcluster_alhx700,2,banded_anti_w10,triplet,all,9,34,persistent_chain
G2_Wcluster_alhx700,2,banded_anti_w10,triplet,all,10,23,persistent_chain
G2_Wcluster_alhx700,2,banded_anti_w10,triplet,all,11,24,persistent_chain
G2_Wcluster_alhx700,2,banded_anti_w10,triplet,all,12,21,persistent_chain
G2_Wcluster_alhx700,2,banded_anti_w10,triplet,all,13,18,persistent_chain
G2_Wcluster_alhx700,2,banded_anti_w10,triplet,all,14,16,persistent_chain
G2_Wcluster_alhx700,2,banded_anti_w10,triplet,all,15,18,persistent_chain
G2_Wcluster_alhx700,2,banded_anti_w10,triplet,all,16,6,persistent_chain
G2_Wcluster_alhx700,2,banded_anti_w10,triplet,all,17,8,persistent_chain
G2_Wcluster_alhx700,2,banded_anti_w10,triplet,all,18,9,persistent_chain
G2_Wcluster_alhx700,2,banded_anti_w10,triplet,all,19,5,persistent_chain
G2_Wcluster_alhx700,2,banded_anti_w10,triplet,all,20,5,persistent_chain
G2_Wcluster_alhx700,2,banded_anti_w10,triplet,all,21,5,persistent_chain
G2_Wcluster_alhx700,2,banded_anti_w10,triplet,all,22,4,persistent_chain
G2_Wcluster_alhx700,2,banded_anti_w10,triplet,all,23,2,persistent_chain
G2_Wcluster_alhx700,2,banded_anti_w10,triplet,all,24,6,persistent_chain
G2_Wcluster_alhx700,2,banded_anti_w10,triplet,all,26,3,persistent_chain
G2_Wcluster_alhx700,2,banded_anti_w10,triplet,all,28,4,persistent_chain
G2_Wcluster_alhx700,2,banded_anti_w10,triplet,all,29,2,persistent_chain
G2_Wcluster_alhx700,2,banded_anti_w10,triplet,all,31,1,persistent_chain
G2_Wcluster_alhx700,2,banded_anti_w10,triplet,all,34,2,persistent_chain
G2_Wcluster_alhx700,2,banded_anti_w10,triplet,all,36,1,persistent_chain
G2_Wcluster_alhx700,2,banded_anti_w10,triplet,all,38,1,persistent_chain
G2_Wcluster_alhx700,2,banded_anti_w10,triplet,all,41,1,persistent_chain
G2_Wcluster_alhx700,2,banded_anti_w10,triplet,all,44,1,persistent_chain
G2_Wcluster_alhx700,2,banded_anti_w10,triplet,all,45,1,persistent_chain
G2_Wcluster_alhx700,2,banded_anti_w10,triplet,all,46,1,persistent_chain
G2_Wcluster_alhx700,2,banded_anti_w10,triplet,all,49,1,persistent_chain
G2_Wcluster_alhx700,2,banded_anti_w10,triplet,all,57,1,persistent_chain
G2_Wcluster_alhx700,2,banded_anti_w10,triplet,all,59,1,persistent_chain
G2_Wcluster_alhx700,2,banded_anti_w10,triplet,all,69,1,persistent_chain
G2_Wcluster_alhx700,2,banded_anti_w10,triplet,all,81,1,persistent_chain
G2_Wcluster_alhx700,2,banded_anti_w10,triplet,all,103,1,persistent_chain
