# Time(ns) Kappa2 Rg(A) Size L_minor(A) L_mid(A) L_major(A)
# Generated from /data/jychen/MD_projects/curvature_phase/Alpha-Synuclein/martini3001/Martini_alhx/mdrun/M3IDP/W_cluster/alhx_0_re2/TR_Mdvwhole/clus_centered.xtc
# AvgKappa2=0.0382+-0.0236
10000.0000 0.0791 79.2986 49.0000 35.4608 42.3955 56.8632
10001.0000 0.0790 79.3954 49.0000 35.1146 42.9142 56.8241
10002.0000 0.0838 79.2060 49.0000 34.4317 42.9893 56.9208
10003.0000 0.0842 79.3441 49.0000 34.7760 42.6917 57.1273
10004.0000 0.0799 78.8733 49.0000 34.7981 42.6386 56.4981
10005.0000 0.0824 79.5712 49.0000 34.7111 43.1964 57.1033
10006.0000 0.0768 79.1391 49.0000 34.8576 43.1989 56.4074
10007.0000 0.0795 79.0354 49.0000 34.8219 42.8177 56.5745
10008.0000 0.0845 79.2041 49.0000 34.5375 42.7850 57.0079
10009.0000 0.0860 79.4386 49.0000 34.2396 43.2195 57.1858
10010.0000 0.0865 79.0979 49.0000 34.6234 42.3607 57.1250
10011.0000 0.0916 80.0155 49.0000 34.8030 42.5821 58.1205
10012.0000 0.0746 79.4938 49.0000 35.5024 43.0556 56.6133
10013.0000 0.0713 79.3660 49.0000 35.7057 43.0642 56.2986
10014.0000 0.0770 79.6112 49.0000 35.3263 43.1202 56.8387
10015.0000 0.0693 78.8440 49.0000 35.7958 42.6170 55.8465
10016.0000 0.0636 78.6615 49.0000 36.1346 42.6973 55.3070
10017.0000 0.0670 78.8942 49.0000 36.1734 42.4958 55.7664
10018.0000 0.0658 79.1252 49.0000 36.0814 42.9962 55.7698
10019.0000 0.0700 79.0254 49.0000 36.1070 42.3705 56.0895
10020.0000 0.0732 79.1008 49.0000 35.9685 42.2480 56.3765
10021.0000 0.0621 78.6475 49.0000 36.4422 42.4964 55.2400
10022.0000 0.0573 78.0319 49.0000 36.9933 41.7553 54.5615
10023.0000 0.0577 78.2363 49.0000 37.3594 41.5151 54.7878
10024.0000 0.0609 78.5682 49.0000 36.7976 42.1323 55.1703
10025.0000 0.0560 78.4856 49.0000 37.3947 41.9401 54.7965
10026.0000 0.0456 78.3917 49.0000 38.0776 42.3630 53.8585
10027.0000 0.0542 78.5183 49.0000 37.2345 42.3876 54.6078
10028.0000 0.0502 78.1205 49.0000 36.9972 42.7541 53.9083
10029.0000 0.0464 78.1223 49.0000 37.5270 42.6131 53.6558
10030.0000 0.0453 77.5979 49.0000 36.9886 42.8386 53.0861
10031.0000 0.0542 77.6997 49.0000 36.5065 42.3576 53.9477
10032.0000 0.0550 77.3333 49.0000 36.3058 42.0807 53.7730
10033.0000 0.0584 77.5248 49.0000 36.1892 42.0100 54.1811
10034.0000 0.0651 77.8710 49.0000 35.9030 41.9377 54.9191
10035.0000 0.0708 78.1483 49.0000 36.1012 41.3643 55.6133
10036.0000 0.0739 78.1685 49.0000 35.5654 41.6563 55.7689
10037.0000 0.0759 78.2868 49.0000 36.0634 41.0061 56.0960
10038.0000 0.0672 77.6563 49.0000 36.1850 41.1374 55.0350
10039.0000 0.0746 77.9960 49.0000 36.2333 40.6545 55.8367
10040.0000 0.0792 78.4188 49.0000 35.9174 40.9624 56.4050
10041.0000 0.0862 78.6833 49.0000 35.4746 41.0155 57.0117
10042.0000 0.0910 78.7780 49.0000 35.3120 40.8118 57.3884
10043.0000 0.0815 78.5979 49.0000 35.6556 41.1987 56.6478
10044.0000 0.0715 78.2787 49.0000 36.0691 41.4575 55.7481
10045.0000 0.0647 77.8619 49.0000 36.0973 41.7424 54.9274
10046.0000 0.0563 77.3851 49.0000 36.4619 41.7970 53.9628
10047.0000 0.0592 77.4665 49.0000 36.2280 41.8097 54.2269
10048.0000 0.0618 77.8354 49.0000 35.8334 42.3647 54.5853
10049.0000 0.0591 78.0948 49.0000 36.5553 42.1161 54.6695
10050.0000 0.0538 78.1106 49.0000 37.3775 41.8271 54.3570
10051.0000 0.0555 78.1069 49.0000 36.7980 42.2856 54.3922
10052.0000 0.0561 78.0566 49.0000 36.2765 42.7881 54.2773
10053.0000 0.0468 78.1189 49.0000 36.6470 43.6724 53.4067
10054.0000 0.0452 77.6166 49.0000 36.1911 43.9498 52.7537
10055.0000 0.0467 77.7051 49.0000 36.3329 43.6305 53.0507
10056.0000 0.0497 78.5139 49.0000 36.8144 43.5048 54.0043
10057.0000 0.0504 78.1097 49.0000 36.7613 43.0066 53.8531
10058.0000 0.0455 77.9859 49.0000 36.7908 43.5192 53.2383
10059.0000 0.0498 78.4230 49.0000 36.4005 43.9241 53.8130
10060.0000 0.0476 78.4641 49.0000 36.6428 43.9758 53.6660
10061.0000 0.0537 79.0044 49.0000 36.5205 43.8869 54.6068
10062.0000 0.0453 78.7786 49.0000 36.9060 44.3552 53.6342
10063.0000 0.0343 78.6406 49.0000 37.7536 44.8744 52.3956
10064.0000 0.0348 78.2040 49.0000 37.3431 44.8278 52.0751
10065.0000 0.0327 78.2656 49.0000 37.5990 44.9407 51.8860
10066.0000 0.0329 78.5064 49.0000 37.8418 44.8357 52.1633
10067.0000 0.0365 78.8026 49.0000 37.2271 45.4727 52.4998
10068.0000 0.0337 78.6409 49.0000 37.3179 45.6993 51.9937
10069.0000 0.0329 78.3711 49.0000 37.3629 45.4286 51.7908
10070.0000 0.0327 78.6733 49.0000 37.7114 45.3040 52.1045
10071.0000 0.0316 78.8030 49.0000 38.1839 44.9570 52.2569
10072.0000 0.0332 78.3958 49.0000 37.4403 45.2683 51.9125
10073.0000 0.0324 78.1265 49.0000 37.6399 44.7573 51.8050
10074.0000 0.0358 78.3169 49.0000 37.2328 44.9527 52.2160
10075.0000 0.0321 78.0459 49.0000 37.5443 44.8593 51.6646
10076.0000 0.0355 78.4182 49.0000 37.6421 44.5236 52.4417
10077.0000 0.0365 78.6742 49.0000 38.2480 43.8292 52.9690
10078.0000 0.0316 78.9602 49.0000 38.3109 44.9793 52.3818
10079.0000 0.0335 78.9751 49.0000 38.0271 45.0484 52.5514
10080.0000 0.0298 79.1227 49.0000 38.3793 45.4751 52.1482
10081.0000 0.0271 79.1656 49.0000 38.7599 45.5045 51.9057
10082.0000 0.0296 79.4695 49.0000 38.8907 45.1838 52.5484
10083.0000 0.0311 79.8615 49.0000 39.0415 45.1502 53.0574
10084.0000 0.0236 79.8431 49.0000 39.4005 46.2551 51.7975
10085.0000 0.0228 79.9559 49.0000 39.4674 46.5298 51.6743
10086.0000 0.0248 79.5819 49.0000 39.0088 46.2570 51.6903
10087.0000 0.0224 79.4169 49.0000 38.9193 46.9177 50.9026
10088.0000 0.0296 79.6879 49.0000 38.2747 46.4815 52.1985
10089.0000 0.0321 79.6667 49.0000 37.8875 46.5357 52.3999
10090.0000 0.0290 79.2455 49.0000 38.0572 46.4088 51.7467
10091.0000 0.0278 79.7569 49.0000 38.7965 46.0989 52.2578
10092.0000 0.0329 80.1657 49.0000 38.2207 46.4781 52.9670
10093.0000 0.0332 80.0194 49.0000 38.0803 46.4283 52.8906
10094.0000 0.0342 80.3801 49.0000 38.0181 46.8141 53.1416
10095.0000 0.0279 80.4103 49.0000 39.2010 46.3161 52.7628
10096.0000 0.0312 80.7981 49.0000 39.0235 46.3974 53.4114
10097.0000 0.0299 80.5000 49.0000 38.7750 46.6799 52.8936
10098.0000 0.0338 80.7531 49.0000 38.2923 46.9592 53.3817
10099.0000 0.0290 80.5222 49.0000 38.4532 47.5736 52.3634
10100.0000 0.0349 80.5249 49.0000 37.7166 47.4094 53.0477
10101.0000 0.0358 80.1317 49.0000 36.9012 48.3521 52.1676
10102.0000 0.0323 80.5129 49.0000 37.6513 48.3471 52.2233
10103.0000 0.0366 80.3888 49.0000 37.0629 48.1062 52.6734
10104.0000 0.0379 79.9980 49.0000 36.6372 48.0561 52.4215
10105.0000 0.0341 79.7879 49.0000 36.8084 48.6469 51.4270
10106.0000 0.0393 79.7612 49.0000 36.2450 48.1557 52.2415
10107.0000 0.0411 79.9427 49.0000 35.9479 48.6616 52.2554
10108.0000 0.0443 80.0849 49.0000 35.4627 49.1381 52.3588
10109.0000 0.0364 79.6115 49.0000 36.3893 48.6191 51.4781
10110.0000 0.0383 79.6480 49.0000 36.3294 48.0953 52.0656
10111.0000 0.0366 80.0101 49.0000 36.8302 48.0275 52.3308
10112.0000 0.0409 80.0379 49.0000 36.3454 47.8823 52.8428
10113.0000 0.0420 80.1284 49.0000 36.7546 46.9414 53.5366
10114.0000 0.0427 79.9191 49.0000 36.8198 46.3901 53.6594
10115.0000 0.0418 80.4074 49.0000 37.1137 46.7489 53.8744
10116.0000 0.0396 80.4187 49.0000 37.1733 47.1402 53.5080
10117.0000 0.0368 79.7606 49.0000 37.8986 45.6280 53.3248
10118.0000 0.0404 79.7803 49.0000 37.0846 46.2281 53.4096
10119.0000 0.0407 79.3849 49.0000 36.7155 46.2594 53.0471
10120.0000 0.0416 79.6896 49.0000 36.4264 47.0053 53.0476
10121.0000 0.0391 79.4971 49.0000 36.2741 47.6821 52.2533
10122.0000 0.0352 79.4566 49.0000 36.6890 47.8722 51.7255
10123.0000 0.0343 79.0019 49.0000 36.6855 47.3991 51.4665
10124.0000 0.0325 78.7085 49.0000 36.8483 47.0821 51.1908
10125.0000 0.0392 79.2401 49.0000 36.0415 47.7886 51.9255
10126.0000 0.0406 79.1688 49.0000 35.5919 48.4071 51.5526
10127.0000 0.0442 79.6060 49.0000 35.3634 48.5520 52.2422
10128.0000 0.0416 79.4067 49.0000 35.7135 48.1403 52.0814
10129.0000 0.0415 79.5229 49.0000 35.8165 48.1124 52.2137
10130.0000 0.0455 79.4535 49.0000 35.1385 48.4366 52.2689
10131.0000 0.0501 79.6836 49.0000 34.6455 48.6265 52.7695
10132.0000 0.0490 79.7237 49.0000 34.5850 49.3083 52.2344
10133.0000 0.0441 78.9546 49.0000 34.7803 49.3264 50.9026
10134.0000 0.0456 78.9159 49.0000 34.6162 49.0238 51.2455
10135.0000 0.0471 78.7607 49.0000 34.3836 48.8244 51.3536
10136.0000 0.0507 79.1222 49.0000 34.2317 48.5677 52.2465
10137.0000 0.0592 79.4303 49.0000 33.4768 48.4433 53.3078
10138.0000 0.0499 79.0066 49.0000 34.1993 48.7546 51.9177
10139.0000 0.0541 79.1471 49.0000 34.3412 47.3858 53.2873
10140.0000 0.0518 79.0669 49.0000 34.5590 47.3620 53.0480
10141.0000 0.0568 79.0074 49.0000 34.1153 47.0193 53.5490
10142.0000 0.0536 78.8608 49.0000 34.0384 47.7223 52.7542
10143.0000 0.0593 79.2994 49.0000 33.6655 47.7899 53.5831
10144.0000 0.0584 78.7401 49.0000 33.5644 47.3813 53.1832
10145.0000 0.0630 79.1052 49.0000 33.6041 46.8595 54.1533
10146.0000 0.0565 78.5627 49.0000 33.9882 46.6980 53.2561
10147.0000 0.0518 78.3874 49.0000 34.3839 46.7119 52.7289
10148.0000 0.0508 78.5234 49.0000 34.1638 47.6685 52.2157
10149.0000 0.0540 79.4167 49.0000 34.2303 48.0504 53.1645
10150.0000 0.0497 79.0861 49.0000 34.3072 48.6354 52.0790
10151.0000 0.0502 78.7430 49.0000 34.2419 48.0070 52.1852
10152.0000 0.0499 78.8248 49.0000 34.2722 48.1772 52.1318
10153.0000 0.0492 78.7954 49.0000 34.2979 48.2960 51.9602
10154.0000 0.0515 78.9964 49.0000 33.9118 49.0579 51.8048
10155.0000 0.0506 78.9568 49.0000 33.9719 49.1407 51.6264
10156.0000 0.0573 79.4841 49.0000 33.2198 50.1236 51.9788
10157.0000 0.0548 79.4319 49.0000 33.6528 49.4564 52.2587
10158.0000 0.0562 79.6656 49.0000 33.6628 49.3164 52.7381
10159.0000 0.0614 79.9551 49.0000 33.1097 49.6531 53.2084
10160.0000 0.0620 79.9468 49.0000 33.1780 49.2350 53.5408
10161.0000 0.0583 79.1071 49.0000 33.2580 48.7335 52.6961
10162.0000 0.0587 79.1436 49.0000 33.6341 47.7618 53.3973
10163.0000 0.0569 79.2404 49.0000 33.6428 48.3600 52.9953
10164.0000 0.0549 79.1865 49.0000 33.6663 48.8707 52.4284
10165.0000 0.0589 79.3921 49.0000 33.1603 49.3560 52.6070
10166.0000 0.0608 79.7341 49.0000 32.9850 49.8811 52.7388
10167.0000 0.0596 78.9798 49.0000 32.7486 49.6691 51.9454
10168.0000 0.0555 78.6451 49.0000 33.2651 48.8254 51.9092
10169.0000 0.0589 78.3468 49.0000 32.8610 48.2831 52.2217
10170.0000 0.0559 78.8001 49.0000 33.2109 49.1980 51.8272
10171.0000 0.0617 78.6038 49.0000 32.6741 48.3441 52.6669
10172.0000 0.0624 78.5154 49.0000 32.3727 48.8430 52.2593
10173.0000 0.0658 78.4649 49.0000 31.9274 48.9207 52.3846
10174.0000 0.0592 78.2444 49.0000 32.6022 48.7644 51.7814
10175.0000 0.0621 78.6636 49.0000 32.6204 48.4958 52.6501
10176.0000 0.0615 78.5729 49.0000 32.5705 48.6465 52.4059
10177.0000 0.0543 77.9519 49.0000 33.0380 48.7196 51.1017
10178.0000 0.0561 78.0895 49.0000 32.8717 48.8478 51.2963
10179.0000 0.0565 77.9506 49.0000 32.9156 48.1973 51.6709
10180.0000 0.0577 78.1955 49.0000 32.7994 48.6184 51.7203
10181.0000 0.0577 77.7984 49.0000 32.7781 47.9082 51.7976
10182.0000 0.0567 77.5955 49.0000 33.0204 47.2276 51.9641
10183.0000 0.0610 77.8116 49.0000 32.7093 47.1716 52.5318
10184.0000 0.0595 77.7092 49.0000 32.7920 47.2095 52.2940
10185.0000 0.0633 77.6485 49.0000 32.4980 46.8545 52.7052
10186.0000 0.0667 77.6056 49.0000 32.4229 46.2362 53.2316
10187.0000 0.0700 77.5875 49.0000 32.4886 45.5267 53.7739
10188.0000 0.0608 77.1458 49.0000 32.9969 45.7095 52.6624
10189.0000 0.0555 76.8988 49.0000 33.6971 45.1389 52.3489
10190.0000 0.0570 76.5300 49.0000 33.8662 44.1462 52.5456
10191.0000 0.0633 76.6981 49.0000 33.3026 44.2229 53.0836
10192.0000 0.0653 76.6107 49.0000 33.1833 43.9881 53.2271
10193.0000 0.0574 76.7776 49.0000 33.9302 44.2949 52.7399
10194.0000 0.0571 77.3959 49.0000 33.8327 45.2864 52.8642
10195.0000 0.0649 77.4552 49.0000 33.0348 45.3188 53.4250
10196.0000 0.0649 77.6008 49.0000 32.9946 45.5768 53.4415
10197.0000 0.0589 77.6093 49.0000 33.3538 46.0592 52.8136
10198.0000 0.0570 77.1869 49.0000 33.7755 45.1295 52.7292
10199.0000 0.0530 77.0146 49.0000 34.8128 43.9585 52.7916
10200.0000 0.0502 77.0699 49.0000 35.1479 43.9839 52.6290
10201.0000 0.0485 77.1465 49.0000 35.3019 44.1278 52.5176
10202.0000 0.0443 76.9940 49.0000 35.5081 44.3379 51.9750
10203.0000 0.0518 77.4226 49.0000 34.8521 44.6021 52.8227
10204.0000 0.0450 77.0750 49.0000 35.3969 44.4830 52.0469
10205.0000 0.0442 77.0413 49.0000 35.6004 44.2696 52.0401
10206.0000 0.0459 76.9511 49.0000 35.1689 44.5265 51.9809
10207.0000 0.0528 76.8935 49.0000 35.0619 43.4832 52.8439
10208.0000 0.0538 77.3657 49.0000 35.3106 43.5561 53.3055
10209.0000 0.0560 77.0717 49.0000 35.5404 42.6140 53.4881
10210.0000 0.0588 77.1192 49.0000 35.6304 42.1904 53.8313
10211.0000 0.0549 76.6025 49.0000 35.1421 42.7393 52.9748
10212.0000 0.0503 76.8820 49.0000 35.8023 42.8258 52.8676
10213.0000 0.0469 76.5764 49.0000 35.8811 42.8558 52.3438
10214.0000 0.0426 76.1788 49.0000 35.8749 43.0477 51.6052
10215.0000 0.0442 76.4792 49.0000 36.1114 42.8317 52.0623
10216.0000 0.0426 76.6293 49.0000 36.5868 42.6175 52.1268
10217.0000 0.0395 76.9034 49.0000 37.1294 42.7144 52.0675
10218.0000 0.0405 77.0986 49.0000 37.1678 42.7408 52.3065
10219.0000 0.0432 77.5105 49.0000 37.0803 42.9280 52.8215
10220.0000 0.0433 77.4728 49.0000 37.0730 42.8799 52.8103
10221.0000 0.0437 77.7074 49.0000 37.1102 43.0445 52.9948
10222.0000 0.0451 77.5955 49.0000 36.6150 43.3505 52.9257
10223.0000 0.0422 77.7007 49.0000 36.6971 43.8336 52.6245
10224.0000 0.0363 77.7121 49.0000 37.3094 43.9689 52.0953
10225.0000 0.0356 77.8846 49.0000 37.2552 44.3998 52.0261
10226.0000 0.0413 77.8060 49.0000 35.8781 45.3988 52.0144
10227.0000 0.0399 77.6574 49.0000 35.9987 45.2714 51.8196
10228.0000 0.0395 77.6580 49.0000 36.4110 44.6785 52.0465
10229.0000 0.0436 77.6410 49.0000 35.6172 45.1546 52.1595
10230.0000 0.0414 77.3762 49.0000 35.7853 44.9457 51.8302
10231.0000 0.0403 77.5452 49.0000 35.8940 45.2058 51.7813
10232.0000 0.0428 77.2824 49.0000 35.9678 44.2722 52.1426
10233.0000 0.0417 76.9120 49.0000 36.3258 43.4694 52.0221
10234.0000 0.0440 77.4348 49.0000 36.3103 43.7591 52.5628
10235.0000 0.0418 77.0287 49.0000 36.3255 43.5873 52.0964
10236.0000 0.0375 76.6857 49.0000 36.6001 43.4987 51.4683
10237.0000 0.0363 77.1102 49.0000 36.7470 44.0346 51.5421
10238.0000 0.0267 76.7607 49.0000 37.7441 43.9695 50.3415
10239.0000 0.0252 76.3624 49.0000 37.9361 43.4536 50.0385
10240.0000 0.0243 76.5526 49.0000 37.7435 44.2240 49.7993
10241.0000 0.0212 76.0881 49.0000 37.9672 43.9656 49.1419
10242.0000 0.0221 76.4542 49.0000 38.1630 43.9204 49.5967
10243.0000 0.0222 76.5748 49.0000 38.0757 44.2318 49.5731
10244.0000 0.0228 76.9871 49.0000 38.4734 43.9960 50.1116
10245.0000 0.0207 77.3898 49.0000 38.8217 44.4887 50.0281
10246.0000 0.0263 77.5021 49.0000 38.6580 43.6435 51.0625
10247.0000 0.0284 77.0794 49.0000 38.3356 43.1718 51.0667
10248.0000 0.0280 76.9235 49.0000 38.5513 42.7614 51.0146
10249.0000 0.0265 76.7052 49.0000 38.1689 43.2919 50.5237
10250.0000 0.0195 77.0917 49.0000 39.2087 43.7845 49.8872
10251.0000 0.0190 76.9727 49.0000 39.1413 43.8427 49.7049
10252.0000 0.0200 76.7613 49.0000 38.7759 43.8798 49.6316
10253.0000 0.0131 76.7333 49.0000 39.7156 44.2341 48.5181
10254.0000 0.0155 77.1001 49.0000 39.4949 44.3924 49.1314
10255.0000 0.0166 76.8617 49.0000 39.1537 44.3021 49.1125
10256.0000 0.0164 77.6397 49.0000 39.1439 45.5956 49.1601
10257.0000 0.0190 77.8550 49.0000 38.6713 46.0694 49.4323
10258.0000 0.0191 77.7130 49.0000 38.7410 45.6179 49.5728
10259.0000 0.0219 77.7005 49.0000 38.4850 45.2313 50.1039
10260.0000 0.0214 77.6825 49.0000 38.7061 44.9254 50.1809
10261.0000 0.0219 78.2151 49.0000 39.1977 44.7292 50.7980
10262.0000 0.0184 77.5251 49.0000 39.3220 44.4728 49.8607
10263.0000 0.0230 77.9408 49.0000 38.9114 44.5419 50.7611
10264.0000 0.0223 77.2400 49.0000 38.9997 43.6568 50.3897
10265.0000 0.0226 77.3238 49.0000 38.7598 44.0427 50.3675
10266.0000 0.0216 77.0848 49.0000 38.9083 43.7391 50.1509
10267.0000 0.0213 76.9770 49.0000 38.9403 43.6246 50.0600
10268.0000 0.0244 77.1391 49.0000 38.7024 43.5106 50.5905
10269.0000 0.0217 77.0660 49.0000 39.3547 43.0704 50.3520
10270.0000 0.0222 77.2428 49.0000 39.2890 43.2709 50.5020
10271.0000 0.0217 77.0605 49.0000 39.2584 43.1838 50.3215
10272.0000 0.0187 76.8222 49.0000 39.0952 43.7788 49.5645
10273.0000 0.0228 76.8496 49.0000 38.7793 43.3656 50.2141
10274.0000 0.0251 76.3991 49.0000 38.7301 42.4234 50.3692
10275.0000 0.0239 76.3785 49.0000 38.8306 42.4923 50.2023
10276.0000 0.0250 76.1025 49.0000 38.9936 41.7579 50.2729
10277.0000 0.0208 75.9606 49.0000 39.2107 42.0836 49.6136
10278.0000 0.0242 76.2342 49.0000 39.8088 41.1025 50.3735
10279.0000 0.0248 76.2982 49.0000 39.6264 41.2845 50.4654
10280.0000 0.0278 75.8860 49.0000 38.8662 41.1987 50.5052
10281.0000 0.0316 75.9391 49.0000 38.1768 41.4860 50.8743
10282.0000 0.0280 75.8278 49.0000 38.1642 41.9497 50.3347
10283.0000 0.0326 75.6502 49.0000 38.0946 41.1022 50.8170
10284.0000 0.0306 75.9213 49.0000 37.7365 42.1657 50.6168
10285.0000 0.0285 76.0781 49.0000 37.9422 42.4424 50.4669
10286.0000 0.0299 76.2274 49.0000 38.1394 42.1287 50.8053
10287.0000 0.0282 76.2357 49.0000 38.6468 41.7911 50.7130
10288.0000 0.0269 76.1581 49.0000 38.7035 41.8595 50.4962
10289.0000 0.0281 75.9535 49.0000 38.3662 41.8249 50.4743
10290.0000 0.0250 75.5374 49.0000 38.7621 41.3736 49.9162
10291.0000 0.0288 76.0419 49.0000 38.8461 41.2525 50.7107
10292.0000 0.0236 75.6126 49.0000 38.7892 41.6759 49.7573
10293.0000 0.0318 75.6266 49.0000 38.5710 40.6420 50.7927
10294.0000 0.0336 74.9817 49.0000 37.3932 41.0216 50.4107
10295.0000 0.0331 74.9924 49.0000 36.9940 41.6182 50.2317
10296.0000 0.0352 75.1688 49.0000 37.2132 41.2168 50.6626
10297.0000 0.0320 75.1745 49.0000 37.2092 41.7222 50.2588
10298.0000 0.0345 75.2430 49.0000 37.1829 41.4485 50.6060
10299.0000 0.0384 75.1563 49.0000 37.0429 40.9514 50.9830
10300.0000 0.0359 74.8077 49.0000 37.5277 40.3309 50.6091
10301.0000 0.0366 74.9385 49.0000 37.1840 40.7865 50.6912
10302.0000 0.0431 74.9642 49.0000 36.9870 40.1751 51.3571
10303.0000 0.0404 75.4473 49.0000 36.9832 41.0716 51.3581
10304.0000 0.0457 75.3733 49.0000 36.3964 40.9867 51.7351
10305.0000 0.0381 74.7732 49.0000 36.4832 41.2365 50.5920
10306.0000 0.0420 75.3295 49.0000 36.0307 41.9020 51.1913
10307.0000 0.0530 75.4110 49.0000 35.5832 41.0634 52.2920
10308.0000 0.0512 75.6131 49.0000 35.6805 41.4075 52.2461
10309.0000 0.0467 75.6919 49.0000 36.0700 41.6048 51.9351
10310.0000 0.0446 75.9261 49.0000 36.5518 41.5586 51.9772
10311.0000 0.0404 75.6640 49.0000 37.6054 40.5922 51.6057
10312.0000 0.0422 75.8447 49.0000 37.9593 40.1585 51.9501
10313.0000 0.0357 75.7676 49.0000 38.5756 40.2436 51.3139
10314.0000 0.0312 75.4254 49.0000 38.7079 40.3512 50.6210
10315.0000 0.0342 75.4037 49.0000 38.5197 40.1159 50.9182
10316.0000 0.0269 75.3859 49.0000 38.6522 41.0165 50.0668
10317.0000 0.0237 75.5339 49.0000 38.5553 41.8470 49.6758
10318.0000 0.0285 75.1988 49.0000 38.1348 41.1684 50.0576
10319.0000 0.0256 75.2506 49.0000 38.6982 41.0221 49.8225
10320.0000 0.0296 74.9133 49.0000 37.9900 40.8359 50.0119
10321.0000 0.0319 75.0348 49.0000 38.2747 40.3047 50.4065
10322.0000 0.0200 74.3416 49.0000 38.6311 41.0160 48.4974
10323.0000 0.0207 74.0584 49.0000 38.8062 40.3666 48.4691
10324.0000 0.0195 74.0413 49.0000 38.9618 40.3859 48.3020
10325.0000 0.0183 74.1644 49.0000 38.8876 40.8282 48.1785
10326.0000 0.0158 73.9252 49.0000 38.9887 40.9099 47.6571
10327.0000 0.0231 74.6100 49.0000 39.2032 40.1498 49.1706
10328.0000 0.0204 74.6059 49.0000 39.8055 39.9508 48.8416
10329.0000 0.0178 74.8075 49.0000 39.5296 40.9285 48.5638
10330.0000 0.0190 74.9844 49.0000 39.4571 40.9840 48.8478
10331.0000 0.0185 75.5315 49.0000 39.6918 41.4348 49.1195
10332.0000 0.0162 75.2747 49.0000 40.3061 40.8952 48.6752
10333.0000 0.0172 75.0098 49.0000 39.8210 40.9418 48.6264
10334.0000 0.0160 74.9972 49.0000 39.7428 41.2484 48.4114
10335.0000 0.0173 74.9068 49.0000 39.7306 40.9067 48.5711
10336.0000 0.0199 75.0809 49.0000 39.1613 41.2809 48.9839
10337.0000 0.0207 74.3915 49.0000 38.5751 41.0274 48.6087
10338.0000 0.0239 74.6147 49.0000 38.7629 40.5017 49.2382
10339.0000 0.0260 74.5946 49.0000 38.1450 40.8506 49.4019
10340.0000 0.0237 74.6226 49.0000 37.7551 41.7813 48.9634
10341.0000 0.0250 74.6521 49.0000 38.4182 40.7599 49.3520
10342.0000 0.0229 74.5130 49.0000 38.2885 41.1231 48.9393
10343.0000 0.0246 74.5780 49.0000 38.6357 40.4917 49.2909
10344.0000 0.0274 74.7579 49.0000 38.4351 40.4829 49.7254
10345.0000 0.0249 74.9712 49.0000 38.5988 40.9327 49.5512
10346.0000 0.0353 75.5613 49.0000 38.2174 40.4748 51.0954
10347.0000 0.0329 75.3892 49.0000 38.1472 40.6960 50.7164
10348.0000 0.0309 75.3818 49.0000 37.7801 41.4242 50.3896
10349.0000 0.0289 74.9665 49.0000 37.6490 41.4234 49.8661
10350.0000 0.0332 74.6321 49.0000 37.4397 40.6309 50.1733
10351.0000 0.0260 74.3467 49.0000 37.9300 40.8348 49.2064
10352.0000 0.0326 74.8381 49.0000 37.7779 40.5486 50.2929
10353.0000 0.0330 74.9018 49.0000 38.0148 40.2859 50.4203
10354.0000 0.0413 75.3256 49.0000 37.4558 40.2702 51.4715
10355.0000 0.0404 76.0218 49.0000 37.6808 40.8939 51.8378
10356.0000 0.0412 76.0180 49.0000 37.6268 40.8453 51.9097
10357.0000 0.0410 75.9657 49.0000 37.1881 41.3293 51.7660
10358.0000 0.0444 76.0598 49.0000 37.2146 40.9537 52.1820
10359.0000 0.0427 76.6297 49.0000 37.7168 41.2178 52.4467
10360.0000 0.0396 76.8566 49.0000 38.5860 40.8985 52.3963
10361.0000 0.0423 77.0690 49.0000 38.4946 40.8792 52.7892
10362.0000 0.0470 77.0343 49.0000 38.3241 40.4389 53.2000
10363.0000 0.0461 77.5922 49.0000 38.6005 40.8475 53.4981
10364.0000 0.0435 77.4310 49.0000 38.6327 40.9599 53.1541
10365.0000 0.0423 76.8686 49.0000 39.1705 39.9373 52.7206
10366.0000 0.0342 76.2868 49.0000 39.1652 40.3800 51.5288
10367.0000 0.0434 76.7587 49.0000 38.7460 40.1394 52.7207
10368.0000 0.0421 76.7479 49.0000 38.9743 40.0407 52.6117
10369.0000 0.0377 76.6763 49.0000 39.2621 40.2324 52.1450
10370.0000 0.0356 76.7548 49.0000 39.3337 40.5198 51.9837
10371.0000 0.0323 76.7765 49.0000 39.0338 41.3296 51.6028
10372.0000 0.0345 77.0847 49.0000 39.2469 41.1173 52.0682
10373.0000 0.0347 76.8602 49.0000 39.0674 41.0447 51.9283
10374.0000 0.0391 77.2936 49.0000 39.2057 40.7556 52.6897
10375.0000 0.0484 77.7229 49.0000 38.7301 40.5605 53.8115
10376.0000 0.0498 77.5776 49.0000 38.1947 40.8176 53.7901
10377.0000 0.0453 77.9265 49.0000 38.3867 41.5365 53.6072
10378.0000 0.0430 77.7509 49.0000 38.9057 41.0704 53.3364
10379.0000 0.0469 77.6961 49.0000 38.4976 40.9618 53.6353
10380.0000 0.0466 77.4981 49.0000 38.4877 40.7983 53.4803
10381.0000 0.0483 77.6326 49.0000 38.2005 41.0571 53.6829
10382.0000 0.0443 77.2759 49.0000 38.4242 40.9250 53.1064
10383.0000 0.0435 77.5826 49.0000 39.1531 40.5580 53.3023
10384.0000 0.0424 77.7390 49.0000 39.0688 40.9629 53.2825
10385.0000 0.0447 77.5898 49.0000 38.7682 40.8319 53.3851
10386.0000 0.0428 77.6264 49.0000 38.8260 41.0495 53.2290
10387.0000 0.0396 76.5906 49.0000 38.3770 40.8343 52.2101
10388.0000 0.0316 76.2504 49.0000 38.6824 41.2356 51.1608
10389.0000 0.0297 75.8900 49.0000 39.0169 40.7472 50.7606
10390.0000 0.0288 75.9798 49.0000 39.5470 40.4012 50.7612
10391.0000 0.0300 75.9501 49.0000 39.4666 40.2868 50.8703
10392.0000 0.0314 76.4668 49.0000 39.5062 40.6007 51.3616
10393.0000 0.0296 76.1333 49.0000 39.3618 40.6475 50.9383
10394.0000 0.0334 75.9881 49.0000 38.6732 40.7066 51.2010
10395.0000 0.0315 75.6493 49.0000 38.7288 40.5321 50.7942
10396.0000 0.0299 76.1196 49.0000 39.1915 40.7777 50.9450
10397.0000 0.0279 75.9825 49.0000 39.4696 40.6306 50.6423
10398.0000 0.0346 76.1728 49.0000 38.6090 40.8015 51.4479
10399.0000 0.0302 76.4654 49.0000 38.4824 41.9385 51.0610
10400.0000 0.0287 76.5546 49.0000 38.0295 42.8860 50.7460
10401.0000 0.0208 76.4759 49.0000 38.8638 43.1750 49.7402
10402.0000 0.0227 76.6653 49.0000 38.9680 42.8898 50.1949
10403.0000 0.0275 76.6796 49.0000 38.1576 43.0762 50.6774
10404.0000 0.0307 76.8142 49.0000 37.8626 43.0653 51.1100
10405.0000 0.0288 76.5741 49.0000 38.1534 42.7185 50.8235
10406.0000 0.0260 76.5937 49.0000 38.1514 43.2655 50.3902
10407.0000 0.0333 76.3523 49.0000 37.3569 42.7409 51.0622
10408.0000 0.0395 76.1953 49.0000 37.1943 41.7938 51.7262
10409.0000 0.0350 76.2204 49.0000 37.3892 42.2665 51.2360
10410.0000 0.0388 76.2158 49.0000 36.4590 42.8983 51.3744
10411.0000 0.0348 76.0747 49.0000 36.8647 42.8255 50.9346
10412.0000 0.0316 76.1080 49.0000 37.3654 42.7311 50.6982
10413.0000 0.0363 76.3814 49.0000 36.8574 42.9628 51.2821
10414.0000 0.0344 76.5410 49.0000 37.4914 42.6153 51.3504
10415.0000 0.0366 76.5317 49.0000 37.0989 42.7582 51.5026
10416.0000 0.0381 76.8978 49.0000 37.3119 42.6781 51.9585
10417.0000 0.0434 76.9854 49.0000 36.5768 42.9350 52.3973
10418.0000 0.0477 77.0488 49.0000 36.3726 42.6513 52.8622
10419.0000 0.0624 77.5531 49.0000 35.6542 42.2028 54.4261
10420.0000 0.0576 77.0285 49.0000 35.7579 42.0855 53.6990
10421.0000 0.0498 77.0283 49.0000 37.2400 41.3028 53.2974
10422.0000 0.0565 77.0136 49.0000 36.7519 41.0264 53.8259
10423.0000 0.0617 76.5752 49.0000 36.1665 40.6232 53.9026
10424.0000 0.0560 76.5320 49.0000 36.0315 41.4019 53.3362
10425.0000 0.0505 76.5341 49.0000 36.5051 41.5291 52.9168
10426.0000 0.0484 76.7631 49.0000 36.9700 41.4916 52.9550
10427.0000 0.0462 76.5546 49.0000 37.1046 41.3984 52.6311
10428.0000 0.0447 76.7934 49.0000 37.9847 40.8326 52.7929
10429.0000 0.0419 76.4391 49.0000 37.7766 41.0476 52.2586
10430.0000 0.0440 76.4565 49.0000 37.5401 41.0633 52.4417
10431.0000 0.0452 76.4163 49.0000 37.0840 41.3916 52.4497
10432.0000 0.0406 76.0527 49.0000 37.0946 41.5971 51.7463
10433.0000 0.0406 76.0373 49.0000 37.0547 41.6312 51.7249
10434.0000 0.0384 75.8599 49.0000 36.7705 42.1058 51.2812
10435.0000 0.0418 76.2917 49.0000 36.3770 42.6276 51.7690
10436.0000 0.0432 76.3649 49.0000 36.2402 42.6753 51.9333
10437.0000 0.0417 76.3772 49.0000 36.4019 42.7124 51.8077
10438.0000 0.0424 76.4976 49.0000 36.3998 42.7433 51.9611
10439.0000 0.0498 76.7519 49.0000 35.7844 42.7688 52.7368
10440.0000 0.0440 76.4154 49.0000 36.4583 42.3352 52.1330
10441.0000 0.0438 76.1567 49.0000 36.4816 42.0235 51.9901
10442.0000 0.0477 75.8023 49.0000 36.6048 40.9504 52.2412
10443.0000 0.0519 76.2029 49.0000 36.4280 41.0786 52.8435
10444.0000 0.0457 76.3004 49.0000 36.7192 41.6295 52.3492
10445.0000 0.0455 76.4862 49.0000 36.5706 42.0646 52.3765
10446.0000 0.0501 76.7906 49.0000 36.4185 41.9770 52.9944
10447.0000 0.0533 77.3236 49.0000 36.7475 41.7567 53.7116
10448.0000 0.0463 77.4325 49.0000 37.4271 41.9724 53.2289
10449.0000 0.0511 77.5696 49.0000 37.3770 41.5698 53.7768
10450.0000 0.0423 77.6134 49.0000 38.3464 41.6312 53.1059
10451.0000 0.0481 78.0491 49.0000 37.5104 42.3250 53.7888
10452.0000 0.0480 78.0500 49.0000 37.4290 42.4336 53.7611
10453.0000 0.0473 77.6355 49.0000 37.3577 42.1484 53.4339
10454.0000 0.0539 78.2610 49.0000 37.0794 42.3232 54.3934
10455.0000 0.0457 77.8315 49.0000 37.1541 42.8451 53.3068
10456.0000 0.0466 77.9400 49.0000 37.0558 42.9625 53.4390
10457.0000 0.0415 77.6219 49.0000 37.3072 43.0188 52.7515
10458.0000 0.0375 77.5273 49.0000 37.3360 43.5067 52.1889
10459.0000 0.0407 77.1797 49.0000 37.1180 42.8614 52.3628
10460.0000 0.0411 77.1143 49.0000 36.9690 42.9268 52.3182
10461.0000 0.0377 77.0167 49.0000 37.0323 43.2617 51.8517
10462.0000 0.0356 77.6225 49.0000 37.7394 43.3921 52.1355
10463.0000 0.0381 77.7514 49.0000 37.9951 42.8027 52.6268
10464.0000 0.0348 77.4029 49.0000 38.3272 42.4996 52.1153
10465.0000 0.0407 77.7752 49.0000 37.4835 43.0881 52.7957
10466.0000 0.0447 77.8818 49.0000 37.3799 42.7567 53.2934
10467.0000 0.0389 77.6829 49.0000 37.5717 43.1547 52.5420
10468.0000 0.0383 77.4950 49.0000 37.8744 42.6351 52.4714
10469.0000 0.0382 77.1426 49.0000 37.3663 42.8871 52.1098
10470.0000 0.0405 77.3361 49.0000 36.8062 43.5070 52.2811
10471.0000 0.0385 77.4522 49.0000 37.3373 43.2469 52.2922
10472.0000 0.0384 78.0161 49.0000 37.6830 43.4838 52.6845
10473.0000 0.0374 77.6582 49.0000 37.1692 43.9071 52.1672
10474.0000 0.0368 78.0434 49.0000 37.8166 43.5972 52.5354
10475.0000 0.0344 77.6523 49.0000 37.6311 43.7781 51.9352
10476.0000 0.0275 77.0745 49.0000 38.1640 43.5786 50.8417
10477.0000 0.0256 76.7705 49.0000 38.6240 42.9186 50.5953
10478.0000 0.0281 76.6661 49.0000 38.3177 42.7473 50.8144
10479.0000 0.0270 76.5982 49.0000 38.7204 42.3369 50.7504
10480.0000 0.0283 76.9969 49.0000 39.1674 42.0448 51.2510
10481.0000 0.0313 76.7758 49.0000 38.2192 42.4482 51.3027
10482.0000 0.0354 76.7100 49.0000 37.9381 42.0835 51.7117
10483.0000 0.0374 76.8963 49.0000 37.8326 42.1240 52.0317
10484.0000 0.0341 76.7619 49.0000 38.1080 42.1315 51.6246
10485.0000 0.0394 76.6248 49.0000 37.3303 42.1395 51.9814
10486.0000 0.0342 76.1568 49.0000 37.7190 41.8968 51.2033
10487.0000 0.0319 75.8106 49.0000 37.7682 41.7885 50.7398
10488.0000 0.0315 75.6752 49.0000 38.0887 41.2945 50.7026
10489.0000 0.0267 75.6876 49.0000 38.7863 41.2516 50.2249
10490.0000 0.0237 75.5385 49.0000 39.1308 41.1633 49.8039
10491.0000 0.0230 75.5560 49.0000 39.3656 41.0478 49.7408
10492.0000 0.0271 75.7755 49.0000 38.7971 41.2633 50.3393
10493.0000 0.0258 75.7521 49.0000 38.5730 41.7162 50.1025
10494.0000 0.0279 76.0750 49.0000 38.3827 41.9885 50.5088
10495.0000 0.0254 76.0762 49.0000 39.6493 40.9154 50.4128
10496.0000 0.0233 76.4621 49.0000 40.1951 41.0924 50.4205
10497.0000 0.0263 76.3630 49.0000 40.1119 40.6082 50.7280
10498.0000 0.0277 76.3568 49.0000 39.1067 41.4710 50.8053
10499.0000 0.0225 76.2574 49.0000 39.5112 41.7601 50.1014
10500.0000 0.0237 76.2424 49.0000 39.5726 41.4703 50.2705
10501.0000 0.0260 76.3705 49.0000 39.2344 41.6202 50.6051
10502.0000 0.0186 76.3196 49.0000 39.9135 42.0789 49.6081
10503.0000 0.0223 76.2524 49.0000 39.4039 41.9191 50.0454
10504.0000 0.0233 76.3170 49.0000 39.1928 42.0632 50.1887
10505.0000 0.0192 76.0653 49.0000 38.7333 43.1874 49.1986
10506.0000 0.0259 76.5337 49.0000 38.4852 42.7487 50.4861
10507.0000 0.0214 76.5852 49.0000 38.7759 43.3247 49.8466
10508.0000 0.0229 77.0084 49.0000 38.4169 44.0878 50.1068
10509.0000 0.0242 77.1546 49.0000 38.3984 44.0135 50.4105
10510.0000 0.0261 77.2681 49.0000 38.4125 43.7443 50.8061
10511.0000 0.0230 76.9432 49.0000 38.7190 43.5297 50.2618
10512.0000 0.0247 76.6111 49.0000 37.9749 43.8466 50.0464
10513.0000 0.0255 76.5870 49.0000 38.1908 43.3023 50.3184
10514.0000 0.0256 76.2819 49.0000 38.4420 42.5700 50.2886
10515.0000 0.0251 75.9831 49.0000 38.5500 42.1431 50.1127
10516.0000 0.0194 75.7422 49.0000 38.8047 42.6359 49.1249
10517.0000 0.0187 75.6294 49.0000 39.0555 42.3019 49.0409
10518.0000 0.0215 75.7462 49.0000 39.0862 41.8575 49.5753
10519.0000 0.0158 75.1893 49.0000 39.6915 41.5601 48.4848
10520.0000 0.0184 74.8800 49.0000 39.2322 41.2419 48.6513
10521.0000 0.0194 75.0039 49.0000 39.9456 40.4019 48.9655
10522.0000 0.0177 74.9838 49.0000 39.9421 40.6830 48.7040
10523.0000 0.0208 75.1878 49.0000 39.8000 40.5227 49.2654
10524.0000 0.0210 75.2707 49.0000 39.5330 40.8642 49.3248
10525.0000 0.0204 75.1893 49.0000 39.1425 41.3275 49.1257
10526.0000 0.0202 75.0479 49.0000 38.9239 41.4705 48.9625
10527.0000 0.0204 74.8106 49.0000 39.1010 40.9421 48.9029
10528.0000 0.0189 74.7110 49.0000 39.3116 40.8633 48.6470
10529.0000 0.0216 74.5960 49.0000 39.2773 40.2894 48.9757
10530.0000 0.0261 74.8434 49.0000 39.0954 40.0584 49.6831
10531.0000 0.0235 74.4694 49.0000 39.0564 40.0899 49.1232
10532.0000 0.0225 74.7331 49.0000 39.5971 39.9702 49.1883
10533.0000 0.0185 74.6167 49.0000 39.7150 40.3841 48.5745
10534.0000 0.0229 75.0148 49.0000 39.6522 40.1553 49.4215
10535.0000 0.0197 74.6475 49.0000 39.6248 40.2955 48.7689
10536.0000 0.0182 74.9954 49.0000 39.9912 40.5539 48.7893
10537.0000 0.0180 74.8407 49.0000 39.6465 40.7896 48.6364
10538.0000 0.0212 74.8849 49.0000 39.7011 40.2275 49.1255
10539.0000 0.0229 74.7646 49.0000 39.4701 40.0689 49.2579
10540.0000 0.0211 74.5336 49.0000 39.5161 40.0495 48.8854
10541.0000 0.0222 74.4347 49.0000 38.9882 40.3275 48.9299
10542.0000 0.0253 74.5913 49.0000 39.0556 39.9445 49.4262
10543.0000 0.0251 74.8256 49.0000 38.9199 40.3730 49.5392
10544.0000 0.0251 75.0966 49.0000 39.1388 40.4372 49.7241
10545.0000 0.0240 75.3364 49.0000 39.6213 40.3594 49.7681
10546.0000 0.0221 75.2295 49.0000 39.4341 40.7428 49.4414
10547.0000 0.0232 75.1384 49.0000 38.6725 41.3400 49.4088
10548.0000 0.0208 74.9922 49.0000 39.2692 40.8825 49.0956
10549.0000 0.0203 75.2528 49.0000 39.5498 40.9555 49.2082
10550.0000 0.0179 75.3044 49.0000 39.4772 41.5404 48.8538
10551.0000 0.0139 75.0462 49.0000 39.5157 42.0414 47.9891
10552.0000 0.0134 75.2117 49.0000 39.3055 42.6497 47.8841
10553.0000 0.0109 75.3276 49.0000 39.4052 43.4262 47.2824
10554.0000 0.0123 75.5178 49.0000 39.5451 43.0171 47.8400
10555.0000 0.0164 75.4362 49.0000 38.8289 42.8916 48.4070
10556.0000 0.0184 75.4455 49.0000 38.3628 43.1144 48.5949
10557.0000 0.0170 75.5237 49.0000 38.3309 43.6746 48.2401
10558.0000 0.0162 75.7769 49.0000 38.5005 43.9695 48.2342
10559.0000 0.0135 76.0120 49.0000 39.0011 44.3169 47.8827
10560.0000 0.0110 75.4516 49.0000 39.4850 43.4359 47.4048
10561.0000 0.0119 75.1695 49.0000 39.4648 42.7667 47.5814
10562.0000 0.0149 75.0894 49.0000 38.7674 42.9146 47.8941
10563.0000 0.0142 75.3205 49.0000 38.8416 43.3176 47.8340
10564.0000 0.0158 75.4184 49.0000 39.2390 42.4286 48.4566
10565.0000 0.0141 75.3133 49.0000 39.3962 42.4919 48.1090
10566.0000 0.0142 75.0232 49.0000 39.1482 42.4388 47.9045
10567.0000 0.0181 75.1484 49.0000 38.7408 42.2472 48.5964
10568.0000 0.0160 75.0014 49.0000 39.1251 42.0134 48.2628
10569.0000 0.0145 75.2196 49.0000 39.4403 42.2073 48.1766
10570.0000 0.0157 75.4174 49.0000 39.5433 42.0407 48.5457
10571.0000 0.0149 75.4840 49.0000 39.9952 41.7369 48.5413
10572.0000 0.0154 75.5791 49.0000 39.7259 42.0746 48.6188
10573.0000 0.0146 75.4316 49.0000 39.7451 42.0601 48.3859
10574.0000 0.0133 75.7757 49.0000 39.7473 42.8048 48.2686
10575.0000 0.0145 75.9071 49.0000 39.7330 42.6737 48.6018
10576.0000 0.0167 75.9634 49.0000 38.9799 43.3033 48.7424
10577.0000 0.0159 75.8187 49.0000 39.0898 43.1367 48.5766
10578.0000 0.0145 75.3030 49.0000 38.6199 43.5671 47.7593
10579.0000 0.0140 75.4947 49.0000 38.8901 43.5360 47.8709
10580.0000 0.0119 75.6803 49.0000 40.1965 42.4238 48.0830
10581.0000 0.0125 75.9593 49.0000 39.7928 43.1813 48.1842
10582.0000 0.0118 76.3000 49.0000 40.1094 43.3602 48.2993
10583.0000 0.0126 75.6952 49.0000 39.5236 43.2073 47.9665
10584.0000 0.0162 75.7563 49.0000 39.1883 42.8262 48.6746
10585.0000 0.0152 76.1073 49.0000 39.2140 43.5279 48.5787
10586.0000 0.0151 75.8885 49.0000 39.2587 43.1727 48.5174
10587.0000 0.0125 76.0414 49.0000 39.4445 43.8529 47.9932
10588.0000 0.0104 76.0912 49.0000 39.8196 44.0218 47.6062
10589.0000 0.0159 75.9042 49.0000 38.8697 43.6146 48.4599
10590.0000 0.0176 75.8847 49.0000 38.2747 44.1201 48.4453
10591.0000 0.0146 75.9389 49.0000 38.8601 44.0719 48.1069
10592.0000 0.0152 76.0851 49.0000 38.7200 44.3616 48.1846
10593.0000 0.0119 76.1533 49.0000 39.3120 44.5344 47.6506
10594.0000 0.0130 76.0757 49.0000 39.3959 43.8487 48.0912
10595.0000 0.0134 75.9093 49.0000 39.9327 42.6772 48.4383
10596.0000 0.0129 76.0351 49.0000 40.2276 42.5896 48.4686
10597.0000 0.0142 76.0040 49.0000 39.9526 42.5940 48.6431
10598.0000 0.0183 76.0205 49.0000 39.9184 41.7837 49.3940
10599.0000 0.0227 76.3289 49.0000 39.4909 41.8215 50.1750
10600.0000 0.0245 76.5098 49.0000 39.2188 42.0453 50.4760
10601.0000 0.0185 76.6933 49.0000 39.9787 42.4590 49.8075
10602.0000 0.0184 77.0190 49.0000 39.9897 42.8650 49.9534
10603.0000 0.0196 77.1281 49.0000 39.8557 42.9128 50.1873
10604.0000 0.0219 77.2584 49.0000 40.1934 42.2304 50.6947
10605.0000 0.0186 76.8510 49.0000 40.3451 42.1893 49.9842
10606.0000 0.0224 76.8814 49.0000 40.5289 41.3509 50.5793
10607.0000 0.0211 76.9774 49.0000 40.2539 41.9730 50.4322
10608.0000 0.0222 77.1520 49.0000 40.5317 41.6767 50.7214
10609.0000 0.0200 76.9830 49.0000 40.7807 41.5965 50.3293
10610.0000 0.0222 77.1832 49.0000 40.4023 41.8485 50.7306
10611.0000 0.0209 77.2479 49.0000 40.3967 42.1495 50.5842
10612.0000 0.0212 77.3856 49.0000 40.1853 42.5007 50.6691
10613.0000 0.0229 77.5223 49.0000 39.7985 42.8159 50.9174
10614.0000 0.0239 77.2266 49.0000 39.6524 42.4653 50.8757
10615.0000 0.0317 77.5938 49.0000 38.8147 42.6071 51.9505
10616.0000 0.0389 77.3176 49.0000 38.1728 41.9726 52.5276
10617.0000 0.0340 77.5036 49.0000 38.8512 42.1084 52.1945
10618.0000 0.0339 77.6965 49.0000 39.4236 41.6767 52.3983
10619.0000 0.0376 77.7970 49.0000 39.3631 41.3281 52.8668
10620.0000 0.0320 77.8458 49.0000 39.6425 41.8783 52.2938
10621.0000 0.0291 77.2705 49.0000 39.6641 41.6426 51.6080
10622.0000 0.0267 77.4410 49.0000 39.9608 41.8808 51.4416
10623.0000 0.0189 76.8918 49.0000 40.7029 41.7867 50.0948
10624.0000 0.0193 76.7259 49.0000 40.2293 42.0391 50.0117
10625.0000 0.0204 76.8600 49.0000 40.3117 41.8966 50.2703
10626.0000 0.0193 76.9640 49.0000 39.8993 42.7190 50.0658
10627.0000 0.0201 77.1367 49.0000 39.8669 42.8187 50.2719
10628.0000 0.0178 76.4757 49.0000 39.7133 42.6666 49.5069
10629.0000 0.0207 76.7952 49.0000 39.6702 42.5274 50.1517
10630.0000 0.0177 76.4886 49.0000 39.9609 42.3962 49.5599
10631.0000 0.0178 76.5743 49.0000 39.8948 42.5682 49.5982
10632.0000 0.0134 76.0170 49.0000 40.2746 42.3778 48.5866
10633.0000 0.0151 76.0419 49.0000 39.6363 42.8328 48.7513
10634.0000 0.0147 75.9663 49.0000 39.6174 42.8686 48.6171
10635.0000 0.0122 75.9099 49.0000 40.2293 42.5875 48.2725
10636.0000 0.0145 76.0947 49.0000 40.1261 42.4111 48.8017
10637.0000 0.0128 76.0646 49.0000 40.3568 42.4801 48.5037
10638.0000 0.0138 76.1056 49.0000 39.9388 42.8177 48.6170
10639.0000 0.0158 76.5810 49.0000 39.9581 42.9299 49.2445
10640.0000 0.0127 76.6423 49.0000 40.1745 43.4882 48.6706
10641.0000 0.0161 76.3020 49.0000 39.6896 42.8721 49.0787
10642.0000 0.0205 76.5749 49.0000 38.9267 43.2930 49.7408
10643.0000 0.0237 76.7424 49.0000 38.6414 43.2398 50.2650
10644.0000 0.0225 76.6976 49.0000 38.7276 43.3004 50.0776
10645.0000 0.0254 76.8724 49.0000 38.5034 43.2579 50.5530
10646.0000 0.0263 76.5747 49.0000 38.4227 42.8142 50.5403
10647.0000 0.0241 76.5002 49.0000 38.2926 43.3350 50.0803
10648.0000 0.0228 76.2229 49.0000 38.2611 43.2997 49.7107
10649.0000 0.0263 76.4585 49.0000 38.0827 43.1365 50.3474
10650.0000 0.0243 76.1756 49.0000 37.8382 43.5421 49.7501
10651.0000 0.0245 76.1485 49.0000 38.1945 42.9368 49.9620
10652.0000 0.0224 75.9484 49.0000 38.3040 42.9616 49.5506
10653.0000 0.0202 75.9057 49.0000 38.4747 43.1456 49.1918
10654.0000 0.0256 76.3291 49.0000 38.1788 42.9685 50.2217
10655.0000 0.0259 76.3077 49.0000 38.0372 43.0890 50.1934
10656.0000 0.0249 76.2112 49.0000 37.6182 43.8082 49.7379
10657.0000 0.0217 75.8758 49.0000 37.8883 43.6676 49.1401
10658.0000 0.0240 76.1046 49.0000 38.4039 42.6990 49.9384
10659.0000 0.0212 76.2583 49.0000 38.5306 43.2897 49.5653
10660.0000 0.0199 76.0334 49.0000 38.4790 43.3738 49.1850
10661.0000 0.0187 76.0602 49.0000 38.7672 43.2685 49.0927
10662.0000 0.0227 75.9898 49.0000 38.5647 42.5830 49.7384
10663.0000 0.0264 76.0397 49.0000 38.1794 42.4622 50.2130
10664.0000 0.0324 76.5265 49.0000 37.6504 42.7069 51.1358
10665.0000 0.0347 76.6029 49.0000 37.2623 42.9467 51.3333
10666.0000 0.0392 76.4532 49.0000 37.2296 42.0897 51.8411
10667.0000 0.0399 77.1713 49.0000 37.3890 42.6340 52.3432
10668.0000 0.0382 76.9197 49.0000 37.2496 42.7781 51.9532
10669.0000 0.0420 77.0582 49.0000 36.7176 43.0569 52.3057
10670.0000 0.0399 77.1761 49.0000 36.8719 43.3126 52.1596
10671.0000 0.0399 77.1900 49.0000 36.7278 43.5402 52.0924
10672.0000 0.0403 77.0932 49.0000 36.9871 42.9944 52.2187
10673.0000 0.0413 77.0587 49.0000 37.1331 42.6096 52.3794
10674.0000 0.0440 77.0772 49.0000 36.9760 42.4359 52.6580
10675.0000 0.0381 77.2453 49.0000 37.6247 42.6834 52.2431
10676.0000 0.0341 77.2636 49.0000 37.8882 43.0008 51.8177
10677.0000 0.0365 77.3054 49.0000 37.5248 43.1348 52.0327
10678.0000 0.0387 77.3859 49.0000 37.5036 42.9196 52.3447
10679.0000 0.0328 77.2582 49.0000 37.5104 43.7495 51.4565
10680.0000 0.0334 77.3000 49.0000 37.9195 43.1177 51.7519
10681.0000 0.0319 77.2541 49.0000 38.1523 43.0136 51.5987
10682.0000 0.0317 77.2863 49.0000 37.7939 43.5779 51.4369
10683.0000 0.0288 77.1233 49.0000 37.8599 43.8340 50.9237
10684.0000 0.0329 76.9097 49.0000 37.4737 43.3442 51.3041
10685.0000 0.0342 76.8033 49.0000 37.7529 42.6071 51.5567
10686.0000 0.0350 76.4985 49.0000 37.4548 42.5103 51.4006
10687.0000 0.0270 76.4261 49.0000 37.7597 43.4331 50.2864
10688.0000 0.0333 76.8241 49.0000 37.4151 43.2485 51.2993
10689.0000 0.0308 76.8237 49.0000 37.6263 43.3950 51.0198
10690.0000 0.0379 77.4159 49.0000 37.4770 43.1076 52.2536
10691.0000 0.0453 77.6278 49.0000 37.0831 42.7542 53.1319
10692.0000 0.0429 77.6308 49.0000 36.8685 43.3987 52.7617
10693.0000 0.0432 77.2620 49.0000 36.6293 43.2248 52.5293
10694.0000 0.0397 77.1330 49.0000 37.0524 43.0530 52.1829
10695.0000 0.0395 76.9768 49.0000 36.8307 43.1941 51.9924
10696.0000 0.0416 77.2141 49.0000 36.9614 42.9776 52.4290
10697.0000 0.0427 77.2215 49.0000 37.0768 42.6668 52.6120
10698.0000 0.0419 77.6753 49.0000 37.6428 42.5983 52.9326
10699.0000 0.0544 77.5388 49.0000 37.0712 41.4845 54.0096
10700.0000 0.0515 77.2320 49.0000 36.4107 42.3004 53.3828
10701.0000 0.0519 77.1779 49.0000 36.1432 42.5105 53.3194
10702.0000 0.0577 77.2989 49.0000 36.2759 41.7450 54.0049
10703.0000 0.0487 76.9206 49.0000 36.4587 42.2565 52.9333
10704.0000 0.0414 76.8688 49.0000 36.8575 42.7284 52.1979
10705.0000 0.0471 77.0102 49.0000 36.6843 42.2999 52.8730
10706.0000 0.0448 76.9873 49.0000 36.6925 42.5785 52.6098
10707.0000 0.0487 77.1560 49.0000 36.2299 42.8170 52.9825
10708.0000 0.0410 77.0634 49.0000 36.9749 42.8772 52.2798
10709.0000 0.0384 76.9731 49.0000 37.3358 42.6987 52.0356
10710.0000 0.0356 76.9973 49.0000 37.3564 43.1515 51.6820
10711.0000 0.0325 76.9780 49.0000 37.6920 43.1945 51.3727
10712.0000 0.0335 76.6971 49.0000 37.4245 43.0372 51.2801
10713.0000 0.0408 76.8390 49.0000 36.8117 42.8495 52.0870
10714.0000 0.0353 76.5361 49.0000 37.2845 42.7373 51.3923
10715.0000 0.0330 76.4251 49.0000 37.7081 42.4213 51.1794
10716.0000 0.0306 76.5943 49.0000 38.2984 42.2587 51.1285
10717.0000 0.0356 76.9879 49.0000 38.1125 42.1525 51.9399
10718.0000 0.0328 76.5435 49.0000 38.0738 42.1275 51.3280
10719.0000 0.0317 76.7346 49.0000 38.0013 42.6118 51.2673
10720.0000 0.0318 77.1424 49.0000 38.0087 43.0924 51.4717
10721.0000 0.0312 76.9598 49.0000 38.0078 42.9603 51.3091
10722.0000 0.0279 77.1842 49.0000 38.2027 43.5721 50.9845
10723.0000 0.0287 76.6663 49.0000 37.5933 43.6513 50.5868
10724.0000 0.0270 76.8775 49.0000 37.8465 43.8938 50.5087
10725.0000 0.0271 76.8261 49.0000 38.1021 43.4341 50.6355
10726.0000 0.0250 76.9040 49.0000 38.6800 43.1245 50.5803
10727.0000 0.0282 77.0301 49.0000 38.3983 43.0616 51.0383
10728.0000 0.0296 77.1069 49.0000 38.2033 43.1600 51.2172
10729.0000 0.0287 77.1085 49.0000 38.4491 43.0023 51.1682
10730.0000 0.0287 77.1886 49.0000 38.1857 43.4531 51.1054
10731.0000 0.0221 77.1472 49.0000 39.3214 43.1222 50.4579
10732.0000 0.0222 76.9476 49.0000 39.1305 43.1231 50.3004
10733.0000 0.0271 76.8649 49.0000 38.0880 43.4911 50.6561
10734.0000 0.0302 76.8252 49.0000 38.4408 42.4170 51.2368
10735.0000 0.0226 76.7806 49.0000 39.7718 42.0470 50.4530
10736.0000 0.0193 76.7245 49.0000 39.9761 42.3378 49.9607
10737.0000 0.0187 76.8857 49.0000 40.1485 42.4390 49.9844
10738.0000 0.0222 76.9001 49.0000 39.6044 42.4602 50.4207
10739.0000 0.0282 76.6755 49.0000 38.5947 42.3801 50.9265
10740.0000 0.0333 76.7033 49.0000 38.0180 42.2928 51.4718
10741.0000 0.0326 76.5854 49.0000 37.9618 42.3446 51.2948
10742.0000 0.0234 76.0801 49.0000 38.9428 42.0763 50.0122
10743.0000 0.0250 76.2893 49.0000 38.7386 42.2863 50.3114
10744.0000 0.0223 76.2088 49.0000 39.0311 42.3297 49.9254
10745.0000 0.0176 76.1781 49.0000 39.7842 42.2568 49.3426
10746.0000 0.0146 75.8822 49.0000 39.8364 42.4897 48.6395
10747.0000 0.0132 76.0846 49.0000 40.5832 42.1245 48.6559
10748.0000 0.0123 76.2537 49.0000 40.7280 42.3714 48.5852
10749.0000 0.0147 76.5871 49.0000 40.9110 42.0263 49.2511
10750.0000 0.0176 76.7414 49.0000 40.5592 42.0186 49.7859
10751.0000 0.0130 76.6629 49.0000 40.6947 42.7454 48.9283
10752.0000 0.0159 76.5413 49.0000 40.1688 42.5816 49.3138
10753.0000 0.0119 76.7643 49.0000 40.7423 43.0754 48.7579
10754.0000 0.0116 76.2240 49.0000 40.5342 42.7552 48.3640
10755.0000 0.0101 76.4352 49.0000 40.0928 44.1472 47.8115
10756.0000 0.0108 76.2258 49.0000 39.9259 43.8926 47.8511
10757.0000 0.0145 76.7647 49.0000 39.3967 44.3747 48.6991
10758.0000 0.0160 76.8915 49.0000 39.8575 43.4065 49.3919
10759.0000 0.0170 76.7275 49.0000 39.8305 43.0011 49.5131
10760.0000 0.0142 76.4290 49.0000 40.2538 42.7150 48.9536
10761.0000 0.0164 76.4007 49.0000 39.8501 42.7121 49.2413
10762.0000 0.0173 76.5058 49.0000 39.2376 43.4797 49.2246
10763.0000 0.0189 76.2872 49.0000 39.5219 42.4642 49.5434
10764.0000 0.0173 75.9945 49.0000 39.6867 42.2328 49.1581
10765.0000 0.0232 75.9058 49.0000 38.5141 42.4613 49.7533
10766.0000 0.0250 75.8805 49.0000 38.1428 42.5831 49.8965
10767.0000 0.0308 76.3505 49.0000 38.0283 42.2733 50.9530
10768.0000 0.0330 76.3451 49.0000 37.2703 42.9072 50.9751
10769.0000 0.0319 75.9291 49.0000 37.4651 42.3221 50.6994
10770.0000 0.0331 75.8569 49.0000 36.7789 42.9721 50.5468
10771.0000 0.0329 75.8979 49.0000 36.7911 43.0338 50.5469
10772.0000 0.0380 76.4373 49.0000 36.0839 43.8725 51.1449
10773.0000 0.0362 76.1036 49.0000 36.1851 43.6128 50.7969
10774.0000 0.0366 75.9940 49.0000 36.0123 43.6585 50.7163
10775.0000 0.0358 76.0937 49.0000 36.3881 43.3599 50.8535
10776.0000 0.0346 76.1646 49.0000 36.6536 43.2725 50.8434
10777.0000 0.0335 76.1880 49.0000 37.0073 42.9931 50.8594
10778.0000 0.0411 76.4032 49.0000 36.5639 42.6096 51.8165
10779.0000 0.0379 76.1935 49.0000 37.1093 42.1396 51.5035
10780.0000 0.0350 75.9660 49.0000 37.5321 41.7758 51.1562
10781.0000 0.0431 75.9516 49.0000 37.1887 41.0273 51.9846
10782.0000 0.0537 76.4519 49.0000 36.5829 40.9477 53.1965
10783.0000 0.0532 76.0473 49.0000 36.3250 40.8611 52.8589
10784.0000 0.0542 76.2419 49.0000 36.4013 40.8638 53.0841
10785.0000 0.0561 76.1859 49.0000 36.2084 40.8080 53.1784
10786.0000 0.0628 76.9769 49.0000 36.7964 40.2241 54.3460
10787.0000 0.0738 77.0826 49.0000 36.5628 39.4466 55.2164
10788.0000 0.0713 76.6387 49.0000 35.8097 40.0564 54.6502
10789.0000 0.0706 76.7553 49.0000 36.0458 39.9931 54.7049
10790.0000 0.0698 76.7553 49.0000 36.3420 39.7481 54.6875
10791.0000 0.0621 76.1926 49.0000 36.6593 39.6290 53.7676
10792.0000 0.0576 76.1641 49.0000 36.4214 40.3655 53.3393
10793.0000 0.0542 76.3729 49.0000 36.1934 41.2614 53.1071
10794.0000 0.0626 76.2392 49.0000 36.1017 40.2462 53.7524
10795.0000 0.0630 76.3802 49.0000 35.6914 40.8149 53.7978
10796.0000 0.0590 75.9891 49.0000 35.6889 40.8495 53.2163
10797.0000 0.0509 75.5060 49.0000 36.4685 40.3876 52.3455
10798.0000 0.0449 75.3630 49.0000 36.5856 40.8527 51.6926
10799.0000 0.0471 75.3498 49.0000 36.7870 40.3225 51.9462
10800.0000 0.0472 75.5972 49.0000 36.7446 40.6282 52.0973
10801.0000 0.0424 75.1422 49.0000 37.2441 40.1651 51.4393
10802.0000 0.0389 75.4480 49.0000 37.9342 40.1818 51.3695
10803.0000 0.0384 75.4193 49.0000 37.2606 40.9853 51.1852
10804.0000 0.0442 75.5185 49.0000 37.3496 40.2289 51.8622
10805.0000 0.0468 75.8511 49.0000 37.3239 40.2885 52.3178
10806.0000 0.0498 75.9665 49.0000 36.6694 40.7960 52.5544
10807.0000 0.0460 76.0510 49.0000 36.8110 41.2077 52.2554
10808.0000 0.0446 76.1093 49.0000 36.4728 41.8690 52.0514
10809.0000 0.0430 76.0681 49.0000 36.2435 42.3520 51.7597
10810.0000 0.0438 76.0693 49.0000 36.4404 41.9812 51.9252
10811.0000 0.0485 76.4626 49.0000 36.2266 42.0575 52.5865
10812.0000 0.0448 76.3844 49.0000 36.1957 42.5244 52.1164
10813.0000 0.0462 76.1626 49.0000 36.1815 42.0776 52.1644
10814.0000 0.0508 75.9853 49.0000 35.6531 41.9207 52.3954
10815.0000 0.0527 75.9574 49.0000 35.8263 41.4219 52.6330
10816.0000 0.0524 75.8318 49.0000 36.2103 40.8662 52.6235
10817.0000 0.0425 75.3833 49.0000 36.6186 41.1461 51.4657
10818.0000 0.0459 75.4234 49.0000 36.5423 40.8346 51.8254
10819.0000 0.0411 75.0852 49.0000 37.3777 40.1173 51.2962
10820.0000 0.0427 75.1857 49.0000 37.3348 40.0655 51.5146
10821.0000 0.0407 74.5666 49.0000 36.9213 40.1114 50.8731
10822.0000 0.0358 74.4853 49.0000 37.7539 39.7355 50.4361
10823.0000 0.0351 74.2347 49.0000 38.0764 39.2183 50.2285
10824.0000 0.0340 74.2028 49.0000 38.3538 39.0335 50.1142
10825.0000 0.0385 74.7510 49.0000 38.2799 39.1175 50.9135
10826.0000 0.0431 74.8607 49.0000 37.9517 39.0110 51.3996
10827.0000 0.0436 75.2269 49.0000 38.0597 39.2159 51.6977
10828.0000 0.0421 74.9510 49.0000 37.9363 39.2443 51.3651
10829.0000 0.0431 75.0596 49.0000 37.7805 39.4015 51.5180
10830.0000 0.0560 75.4405 49.0000 37.2485 38.8805 52.8405
10831.0000 0.0557 75.5085 49.0000 36.9521 39.2996 52.8357
10832.0000 0.0530 75.0687 49.0000 36.3006 39.8545 52.2417
10833.0000 0.0538 75.1070 49.0000 36.1653 39.9518 52.3162
10834.0000 0.0556 75.4737 49.0000 36.5110 39.7522 52.7542
10835.0000 0.0570 75.3804 49.0000 36.3462 39.6855 52.7847
10836.0000 0.0522 75.1121 49.0000 36.8840 39.3460 52.2809
10837.0000 0.0585 75.4249 49.0000 36.2829 39.6314 52.9322
10838.0000 0.0629 75.5074 49.0000 36.1407 39.3961 53.3214
10839.0000 0.0630 75.5186 49.0000 35.7907 39.7854 53.2842
10840.0000 0.0678 75.6907 49.0000 35.9919 39.2333 53.7998
10841.0000 0.0663 75.6126 49.0000 35.9507 39.3538 53.6292
10842.0000 0.0606 75.5880 49.0000 36.0600 39.8168 53.1774
10843.0000 0.0599 75.3423 49.0000 35.3128 40.4876 52.8225
10844.0000 0.1065 80.1642 50.0000 35.6968 40.3291 59.3767
10845.0000 0.0513 75.2484 49.0000 35.5773 41.1126 52.0224
10846.0000 0.0531 74.9999 49.0000 35.8120 40.3324 52.1131
10847.0000 0.0510 75.0775 49.0000 36.1309 40.3003 52.0296
10848.0000 0.0523 75.4484 49.0000 36.3753 40.2579 52.4271
10849.0000 0.0559 75.4005 49.0000 36.4524 39.7090 52.7224
10850.0000 0.0999 80.2624 50.0000 37.1762 39.4816 59.1708
10851.0000 0.0932 80.1301 50.0000 37.9051 39.2209 58.7007
10852.0000 0.0505 75.6860 49.0000 37.5800 39.3966 52.5740
10853.0000 0.0569 75.5862 49.0000 37.1978 38.9924 53.0018
10854.0000 0.0606 75.6447 49.0000 36.7407 39.1400 53.2945
10855.0000 0.1012 79.6725 50.0000 37.0944 38.8847 58.8192
10856.0000 0.0883 79.1412 50.0000 37.4036 39.2178 57.6738
10857.0000 0.0522 75.2688 49.0000 37.0586 39.3206 52.4018
10858.0000 0.0983 79.8452 50.0000 37.2661 39.1360 58.7781
10859.0000 0.0547 75.7265 49.0000 37.3798 39.1791 52.9363
10860.0000 0.1023 80.3218 50.0000 37.8496 38.6394 59.3801
10861.0000 0.1092 80.2550 50.0000 37.2677 38.5667 59.7042
10862.0000 0.1129 80.1497 50.0000 36.9561 38.4638 59.8227
10863.0000 0.0552 75.4633 49.0000 37.1904 39.0482 52.7903
10864.0000 0.0524 75.7222 49.0000 36.9266 39.9290 52.6873
10865.0000 0.0502 76.1635 49.0000 37.2255 40.3306 52.8070
10866.0000 0.0417 76.1529 49.0000 38.4256 40.0385 52.1503
10867.0000 0.0406 76.1757 49.0000 38.5509 40.0785 52.0604
10868.0000 0.0870 80.5255 50.0000 38.0811 40.0083 58.5962
10869.0000 0.0434 75.8745 49.0000 38.0929 39.8930 52.1001
10870.0000 0.0481 76.0467 49.0000 37.9903 39.6147 52.6358
10871.0000 0.0502 75.6394 49.0000 37.9832 38.9621 52.5409
10872.0000 0.0490 75.3888 49.0000 37.4149 39.4310 52.2378
10873.0000 0.0501 75.7745 49.0000 37.8135 39.2953 52.6098
10874.0000 0.0462 75.6277 49.0000 37.7920 39.6172 52.1708
10875.0000 0.0526 75.5828 49.0000 37.2317 39.4240 52.6527
10876.0000 0.0416 75.3317 49.0000 36.9976 40.7670 51.4208
10877.0000 0.0437 75.7745 49.0000 37.0447 40.9170 51.9159
10878.0000 0.0430 75.8631 49.0000 36.9805 41.1965 51.8700
10879.0000 0.0378 75.6399 49.0000 37.2010 41.4011 51.2194
10880.0000 0.0444 75.7853 49.0000 37.1987 40.6673 52.0178
10881.0000 0.0396 75.8023 49.0000 37.0713 41.4757 51.4924
10882.0000 0.0392 75.5300 49.0000 36.9836 41.3278 51.2738
10883.0000 0.0393 75.4744 49.0000 36.8098 41.4646 51.2065
10884.0000 0.0429 75.5553 49.0000 37.0535 40.7722 51.7037
10885.0000 0.0394 75.2451 49.0000 37.3220 40.5873 51.2012
10886.0000 0.0429 75.4548 49.0000 36.8768 40.8658 51.6092
10887.0000 0.0462 75.7158 49.0000 37.4216 40.1078 52.1906
10888.0000 0.0412 75.7861 49.0000 37.8748 40.3157 51.8043
10889.0000 0.0431 75.7971 49.0000 38.1025 39.8433 52.0185
10890.0000 0.0407 75.4848 49.0000 38.0726 39.8411 51.5860
10891.0000 0.0395 75.5110 49.0000 38.2822 39.7907 51.5082
10892.0000 0.0328 75.5174 49.0000 38.5137 40.4468 50.8295
10893.0000 0.0369 75.5833 49.0000 38.1795 40.3157 51.2817
10894.0000 0.0416 75.9906 49.0000 38.2652 40.0623 52.0131
10895.0000 0.0424 76.0230 49.0000 37.7113 40.5986 52.0491
10896.0000 0.0343 75.9098 49.0000 38.3252 40.8718 51.2150
10897.0000 0.0338 75.6787 49.0000 38.1477 40.8985 50.9836
10898.0000 0.0321 75.5894 49.0000 38.1951 40.9930 50.7393
10899.0000 0.0391 75.8442 49.0000 38.3354 40.1380 51.6882
10900.0000 0.0370 75.6324 49.0000 38.2017 40.3399 51.3184
10901.0000 0.0401 75.7487 49.0000 38.8181 39.4038 51.7529
10902.0000 0.0424 75.5528 49.0000 38.8095 38.9372 51.8260
10903.0000 0.0359 75.4688 49.0000 38.5841 39.8891 51.1436
10904.0000 0.0318 75.4388 49.0000 38.5338 40.4727 50.6767
10905.0000 0.0292 75.2020 49.0000 38.1310 41.0684 50.1473
10906.0000 0.0282 74.7613 49.0000 38.2396 40.5886 49.7951
10907.0000 0.0321 75.1032 49.0000 38.4370 40.1700 50.4921
10908.0000 0.0383 75.1922 49.0000 38.4297 39.4424 51.1988
10909.0000 0.0370 74.8055 49.0000 37.7916 39.8888 50.7596
10910.0000 0.0422 75.3400 49.0000 37.4585 40.1622 51.5751
10911.0000 0.0390 75.2808 49.0000 37.3021 40.7025 51.1768
10912.0000 0.0428 75.7866 49.0000 38.0425 39.9290 51.9812
10913.0000 0.0412 75.8609 49.0000 37.9373 40.3191 51.8653
10914.0000 0.0400 76.0643 49.0000 37.4640 41.2521 51.7735
10915.0000 0.0443 75.9673 49.0000 37.0045 41.1012 52.0806
10916.0000 0.0367 75.9584 49.0000 37.6241 41.4048 51.3784
10917.0000 0.0416 76.1860 49.0000 37.5914 41.0151 52.0477
10918.0000 0.0388 76.0879 49.0000 38.0314 40.7848 51.7647
10919.0000 0.0436 76.3228 49.0000 37.6464 40.8438 52.3421
10920.0000 0.0379 76.0993 49.0000 38.5469 40.3518 51.7395
10921.0000 0.0372 75.8873 49.0000 38.2905 40.4888 51.5110
10922.0000 0.0503 76.4570 49.0000 37.7959 40.0007 53.0762
10923.0000 0.0448 75.9807 49.0000 37.5320 40.4500 52.2322
10924.0000 0.0439 75.8969 49.0000 37.5316 40.4670 52.0974
10925.0000 0.0453 75.9479 49.0000 37.2757 40.6408 52.2200
10926.0000 0.0513 75.8689 49.0000 36.4005 40.8186 52.5826
10927.0000 0.0518 75.7663 49.0000 37.1355 39.8090 52.6947
10928.0000 0.0462 75.9527 49.0000 37.5955 40.1777 52.3560
10929.0000 0.0389 75.3943 49.0000 37.5664 40.5359 51.2826
10930.0000 0.0481 75.5962 49.0000 37.2149 39.9786 52.2643
10931.0000 0.0439 75.3680 49.0000 37.3149 40.1404 51.7366
10932.0000 0.0406 75.5232 49.0000 37.6911 40.3061 51.5612
10933.0000 0.0475 76.3285 49.0000 37.9439 40.0339 52.7597
10934.0000 0.0470 76.2963 49.0000 38.5068 39.4670 52.7325
10935.0000 0.0518 76.2952 49.0000 38.4374 38.9914 53.1338
10936.0000 0.0493 76.3746 49.0000 38.3570 39.4412 52.9736
10937.0000 0.0421 75.9725 49.0000 38.4671 39.7559 52.0729
10938.0000 0.0375 75.4501 49.0000 38.0381 40.2504 51.2418
10939.0000 0.0334 75.4977 49.0000 38.1563 40.7389 50.8363
10940.0000 0.0332 75.6834 49.0000 38.1794 40.9462 50.9285
10941.0000 0.0357 75.6932 49.0000 37.8598 40.9741 51.1587
10942.0000 0.0388 75.7013 49.0000 37.6627 40.7800 51.4704
10943.0000 0.0462 76.0291 49.0000 37.8520 39.9698 52.4410
10944.0000 0.0448 76.1244 49.0000 38.3142 39.7493 52.4114
10945.0000 0.0501 76.4271 49.0000 37.6707 40.1272 53.0267
10946.0000 0.0442 75.7613 49.0000 37.7938 40.0025 52.0691
10947.0000 0.0430 76.2613 49.0000 37.8843 40.5893 52.2789
10948.0000 0.0470 76.6130 49.0000 37.5337 40.8522 52.8381
10949.0000 0.0501 76.9619 49.0000 38.1687 40.1634 53.4152
10950.0000 0.0501 76.6174 49.0000 38.3405 39.6124 53.2080
10951.0000 0.0534 77.1053 49.0000 38.8539 39.2224 53.8256
10952.0000 0.0558 77.3027 49.0000 38.6310 39.3809 54.1525
10953.0000 0.0583 77.1263 49.0000 37.9690 39.6153 54.1982
10954.0000 0.0615 77.9043 49.0000 37.9446 40.0943 54.9703
10955.0000 0.0578 77.5789 49.0000 37.4678 40.6755 54.4073
10956.0000 0.0567 77.9402 49.0000 37.5146 41.1350 54.5458
10957.0000 0.0636 78.1942 49.0000 37.1978 40.9744 55.2428
10958.0000 0.0562 77.9585 49.0000 37.9242 40.7646 54.5667
10959.0000 0.0581 78.9613 49.0000 37.9419 41.5802 55.3750
10960.0000 0.0669 79.2890 49.0000 38.0510 40.8222 56.3242
10961.0000 0.0632 79.3419 49.0000 38.4228 40.8857 56.0998
10962.0000 0.0657 79.2779 49.0000 38.6087 40.3498 56.2694
10963.0000 0.0666 79.3122 49.0000 37.9484 40.9851 56.3078
10964.0000 0.0624 79.3873 49.0000 39.0347 40.3738 56.1123
10965.0000 0.0591 79.3310 49.0000 38.8116 40.9165 55.7934
10966.0000 0.0542 78.9757 49.0000 39.6249 40.2558 55.1950
10967.0000 0.0457 78.7534 49.0000 39.5137 41.1381 54.2994
10968.0000 0.0518 79.0302 49.0000 39.5014 40.7116 55.0270
10969.0000 0.0631 79.1321 49.0000 39.1293 39.9420 55.9948
10970.0000 0.0709 79.2863 49.0000 38.4032 40.0286 56.6501
10971.0000 0.0629 79.3750 49.0000 38.7831 40.5652 56.1313
10972.0000 0.0660 79.1784 49.0000 38.4805 40.3565 56.2123
10973.0000 0.0559 78.2647 49.0000 38.2353 40.7840 54.7732
10974.0000 0.0549 78.0171 49.0000 38.4423 40.4216 54.5430
10975.0000 0.0615 77.6369 49.0000 37.9363 39.8303 54.7893
10976.0000 0.0654 77.1981 49.0000 37.2039 39.7389 54.7379
10977.0000 0.0701 77.1949 49.0000 37.0819 39.3806 55.0741
10978.0000 0.0741 77.5769 49.0000 37.2880 39.1494 55.6336
10979.0000 0.0722 77.0221 49.0000 37.3075 38.7632 55.1176
10980.0000 0.0800 77.1259 49.0000 37.2192 38.2043 55.7097
10981.0000 0.0777 77.0710 49.0000 37.5130 38.0670 55.5304
10982.0000 0.0783 76.7793 49.0000 37.0418 38.2008 55.3503
10983.0000 0.0682 76.9787 49.0000 37.9301 38.4716 54.8358
10984.0000 0.0674 77.1055 49.0000 37.8506 38.7684 54.8599
10985.0000 0.0620 76.8794 49.0000 37.9620 38.9753 54.3162
10986.0000 0.0614 76.6330 49.0000 38.1829 38.5686 54.1031
10987.0000 0.0646 76.6317 49.0000 37.5337 38.8994 54.3183
10988.0000 0.0629 76.4950 49.0000 36.9115 39.5920 54.0509
10989.0000 0.0581 76.1874 49.0000 37.1537 39.5322 53.4914
10990.0000 0.0581 76.3959 49.0000 37.4694 39.4115 53.6572
10991.0000 0.0555 76.7363 49.0000 37.9039 39.5842 53.7107
10992.0000 0.0533 76.8980 49.0000 37.8691 40.0416 53.6274
10993.0000 0.0536 77.0079 49.0000 38.3081 39.6523 53.7625
10994.0000 0.0538 76.7884 49.0000 38.7851 38.9241 53.6385
10995.0000 0.0544 76.5763 49.0000 38.4607 38.9693 53.5359
10996.0000 0.0547 76.4347 49.0000 37.8350 39.4410 53.4340
10997.0000 0.0605 76.6128 49.0000 37.7154 39.1118 54.0124
10998.0000 0.0546 76.7405 49.0000 38.1100 39.4726 53.6530
10999.0000 0.0468 76.2638 49.0000 38.1283 39.8591 52.6654
11000.0000 0.0585 76.8067 49.0000 37.8985 39.3373 53.9958
11001.0000 0.0582 76.4777 49.0000 37.4027 39.5514 53.7173
11002.0000 0.0590 76.3014 49.0000 36.9765 39.7433 53.6201
11003.0000 0.0535 76.0401 49.0000 36.9802 40.0802 52.9918
11004.0000 0.0530 75.9918 49.0000 37.2462 39.7940 52.9520
11005.0000 0.0450 75.7531 49.0000 37.3438 40.3875 52.0847
11006.0000 0.0481 75.7816 49.0000 37.0356 40.3789 52.3523
11007.0000 0.0544 75.8988 49.0000 36.7192 40.1109 52.9476
11008.0000 0.0619 76.3098 49.0000 36.7541 39.6695 53.8390
11009.0000 0.0526 76.2481 49.0000 37.0422 40.3402 53.0501
11010.0000 0.0473 76.0252 49.0000 37.8514 39.8378 52.5362
11011.0000 0.0448 75.8734 49.0000 37.4542 40.4213 52.1544
11012.0000 0.0487 76.1240 49.0000 36.8119 40.9380 52.5721
11013.0000 0.0454 76.0692 49.0000 36.6601 41.4859 52.1678
11014.0000 0.0500 76.1830 49.0000 36.3699 41.3636 52.6321
11015.0000 0.0517 76.6186 49.0000 36.3019 41.7108 53.0357
11016.0000 0.0502 76.4793 49.0000 36.8669 41.0810 52.9364
11017.0000 0.0530 76.6733 49.0000 36.6799 41.1666 53.2793
11018.0000 0.0498 76.9423 49.0000 37.4758 40.9305 53.2952
11019.0000 0.0582 77.1163 49.0000 36.9533 40.7138 54.0719
11020.0000 0.0554 77.1336 49.0000 37.4466 40.5036 53.9148
11021.0000 0.0489 76.8104 49.0000 37.6166 40.7404 53.1512
11022.0000 0.0483 76.2565 49.0000 37.4918 40.3558 52.7335
11023.0000 0.0494 76.4761 49.0000 37.4855 40.4743 52.9648
11024.0000 0.0565 77.0729 49.0000 36.7203 41.1311 53.8525
11025.0000 0.0564 77.2409 49.0000 36.3813 41.7134 53.8753
11026.0000 0.0547 77.6658 49.0000 36.1335 42.7120 53.8704
11027.0000 0.0453 77.4391 49.0000 37.4068 42.1429 53.1180
11028.0000 0.0465 77.3461 49.0000 37.5076 41.7638 53.2108
11029.0000 0.0427 77.4392 49.0000 38.2772 41.4684 53.0289
11030.0000 0.0425 77.2896 49.0000 38.2810 41.3255 52.9193
11031.0000 0.0403 77.2488 49.0000 38.1456 41.7422 52.6296
11032.0000 0.0366 77.5348 49.0000 38.1108 42.6476 52.3487
11033.0000 0.0364 77.6863 49.0000 38.4072 42.4819 52.4914
11034.0000 0.0395 77.6801 49.0000 37.9590 42.5589 52.7452
11035.0000 0.0510 78.2232 49.0000 37.5082 42.1484 54.1804
11036.0000 0.0522 77.9497 49.0000 37.6555 41.5307 54.1610
11037.0000 0.0597 77.7515 49.0000 37.6352 40.4593 54.6986
11038.0000 0.0580 77.2135 49.0000 36.7792 41.0319 54.0888
11039.0000 0.0585 77.8983 49.0000 36.6089 41.9086 54.5124
11040.0000 0.0543 77.6056 49.0000 37.0001 41.6422 54.0328
11041.0000 0.0536 77.5950 49.0000 37.3505 41.3176 54.0258
11042.0000 0.0551 77.6095 49.0000 37.6180 40.8528 54.2141
11043.0000 0.0572 78.1929 49.0000 38.4675 40.3171 54.8537
11044.0000 0.0483 77.7281 49.0000 38.8015 40.5016 53.8119
11045.0000 0.0517 77.6238 49.0000 38.2530 40.5812 53.9937
11046.0000 0.0552 78.1288 49.0000 38.1528 40.8085 54.6181
11047.0000 0.0496 77.7608 49.0000 38.0712 41.1766 53.8684
11048.0000 0.0478 77.5710 49.0000 37.9384 41.3379 53.5641
11049.0000 0.0480 77.3043 49.0000 37.9739 40.9819 53.4267
11050.0000 0.0441 77.3738 49.0000 38.7508 40.6980 53.1860
11051.0000 0.0439 77.3308 49.0000 38.7318 40.6998 53.1359
11052.0000 0.0450 77.7406 49.0000 38.5488 41.1979 53.4820
11053.0000 0.0432 77.8539 49.0000 38.8285 41.2400 53.4120
11054.0000 0.0357 77.7139 49.0000 39.5120 41.3489 52.6167
11055.0000 0.0373 77.3521 49.0000 39.4635 40.7909 52.5556
11056.0000 0.0350 77.0062 49.0000 39.6944 40.4812 52.1111
11057.0000 0.0389 77.0611 49.0000 38.9167 40.8447 52.4939
11058.0000 0.0393 77.3363 49.0000 39.0828 40.9067 52.7264
11059.0000 0.0426 77.7234 49.0000 38.4104 41.6457 53.2090
11060.0000 0.0418 77.8831 49.0000 38.5002 41.8282 53.2344
11061.0000 0.0481 78.3290 49.0000 37.8945 42.1843 54.0363
11062.0000 0.0479 78.4138 49.0000 37.8111 42.4011 54.0481
11063.0000 0.0408 77.8297 49.0000 38.3413 42.0895 53.0649
11064.0000 0.0389 77.6724 49.0000 38.6120 41.8648 52.8153
11065.0000 0.0372 77.3151 49.0000 38.5855 41.7259 52.4188
11066.0000 0.0402 77.6781 49.0000 38.3934 41.9363 52.9262
11067.0000 0.0448 78.0048 49.0000 38.1791 41.9272 53.5650
11068.0000 0.0395 78.0078 49.0000 38.6668 42.0855 53.0934
11069.0000 0.0402 78.0780 49.0000 38.3651 42.4236 53.1463
11070.0000 0.0355 77.4276 49.0000 38.3754 42.3538 52.2353
11071.0000 0.0297 77.2286 49.0000 39.1348 42.1095 51.5704
11072.0000 0.0317 77.3576 49.0000 38.8896 42.2444 51.8383
11073.0000 0.0241 77.3554 49.0000 39.6942 42.5409 50.9755
11074.0000 0.0250 77.1248 49.0000 39.2075 42.7085 50.8625
11075.0000 0.0281 77.2172 49.0000 39.3303 42.1348 51.3837
11076.0000 0.0312 77.5247 49.0000 39.6467 41.6332 52.0087
11077.0000 0.0290 77.8119 49.0000 40.0893 41.7977 51.9663
11078.0000 0.0407 77.5671 49.0000 39.1472 40.9135 53.0116
11079.0000 0.0401 77.4968 49.0000 38.5136 41.6115 52.8293
11080.0000 0.0424 77.7528 49.0000 38.9171 41.1395 53.2776
11081.0000 0.0407 77.6694 49.0000 39.1443 41.0246 53.0778
11082.0000 0.0360 77.3948 49.0000 39.3579 41.1238 52.4380
11083.0000 0.0398 77.5583 49.0000 39.6607 40.4762 52.9527
11084.0000 0.0389 77.3081 49.0000 39.0287 40.9898 52.6607
11085.0000 0.0446 77.9965 49.0000 38.5959 41.4699 53.6103
11086.0000 0.0400 77.9066 49.0000 38.9287 41.6120 53.1266
11087.0000 0.0377 78.0424 49.0000 39.6539 41.2657 53.0597
11088.0000 0.0337 77.7597 49.0000 39.5427 41.6423 52.4296
11089.0000 0.0354 77.5132 49.0000 38.6359 42.1580 52.3285
11090.0000 0.0389 77.7467 49.0000 38.5823 41.9737 52.8599
11091.0000 0.0401 77.8700 49.0000 38.6227 41.8973 53.0721
11092.0000 0.0374 77.8269 49.0000 37.9232 43.0956 52.5512
11093.0000 0.0470 78.1107 49.0000 37.7937 42.2058 53.7735
11094.0000 0.0440 78.0859 49.0000 38.0424 42.2820 53.5016
11095.0000 0.0390 77.8945 49.0000 38.1467 42.6488 52.8533
11096.0000 0.0426 78.0340 49.0000 37.8466 42.6542 53.2687
11097.0000 0.0394 78.1222 49.0000 38.0308 42.9953 52.9920
11098.0000 0.0379 78.5397 49.0000 38.4818 43.1399 53.1656
11099.0000 0.0378 78.2358 49.0000 38.3670 42.9504 52.9536
11100.0000 0.0355 77.9957 49.0000 38.0259 43.4725 52.4167
11101.0000 0.0395 77.9215 49.0000 37.4103 43.5450 52.6884
11102.0000 0.0318 77.5452 49.0000 38.4601 42.9856 51.8297
11103.0000 0.0316 77.4514 49.0000 38.5156 42.8305 51.7765
11104.0000 0.0389 77.9965 49.0000 37.5890 43.4929 52.7152
11105.0000 0.0368 78.0261 49.0000 38.5060 42.6842 52.7580
11106.0000 0.0353 78.0550 49.0000 38.9069 42.4723 52.6776
11107.0000 0.0365 78.0651 49.0000 38.4098 42.9062 52.7058
11108.0000 0.0394 78.2308 49.0000 37.8315 43.3827 52.9791
11109.0000 0.0373 77.9570 49.0000 37.9917 43.1755 52.6289
11110.0000 0.0337 77.9207 49.0000 38.0326 43.6682 52.1369
11111.0000 0.0392 78.0867 49.0000 37.5831 43.5654 52.7931
11112.0000 0.0394 78.3005 49.0000 37.2678 44.2299 52.7806
11113.0000 0.0385 78.2886 49.0000 37.7538 43.7010 52.8581
11114.0000 0.0409 78.2116 49.0000 37.7606 43.2202 53.1338
11115.0000 0.0440 78.3270 49.0000 37.5999 43.0993 53.5147
11116.0000 0.0475 78.1818 49.0000 37.7236 42.2965 53.8548
11117.0000 0.0364 77.3573 49.0000 37.9756 42.6407 52.1899
11118.0000 0.0335 76.9241 49.0000 37.1673 43.6814 51.2625
11119.0000 0.0280 76.9098 49.0000 37.4570 44.3481 50.4514
11120.0000 0.0324 77.1452 49.0000 37.6777 43.4442 51.4235
11121.0000 0.0282 77.2574 49.0000 37.9907 43.9299 50.9468
11122.0000 0.0324 77.6983 49.0000 37.6867 44.1151 51.6778
11123.0000 0.0297 77.5620 49.0000 37.6428 44.5669 51.1143
11124.0000 0.0241 77.3167 49.0000 38.3470 44.3401 50.4117
11125.0000 0.0276 77.6402 49.0000 38.0121 44.5327 50.9894
11126.0000 0.0270 77.6365 49.0000 38.3033 44.1959 51.0588
11127.0000 0.0279 77.5921 49.0000 37.9241 44.5350 50.9797
11128.0000 0.0263 77.9143 49.0000 38.0679 45.1199 50.8495
11129.0000 0.0258 77.7008 49.0000 38.7196 43.9151 51.0850
11130.0000 0.0245 77.8399 49.0000 38.5862 44.5775 50.8233
11131.0000 0.0257 78.0654 49.0000 38.3332 45.0327 50.9591
11132.0000 0.0268 78.3370 49.0000 38.6171 44.6911 51.4599
11133.0000 0.0236 77.9503 49.0000 38.7223 44.7313 50.7537
11134.0000 0.0213 78.1077 49.0000 39.2705 44.6289 50.6645
11135.0000 0.0208 77.7204 49.0000 39.0041 44.6348 50.2680
11136.0000 0.0221 77.5516 49.0000 38.6806 44.6110 50.2784
11137.0000 0.0203 77.6003 49.0000 38.9383 44.7102 50.0660
11138.0000 0.0203 77.4096 49.0000 39.3983 43.7446 50.2637
11139.0000 0.0213 77.3423 49.0000 39.2805 43.5931 50.3836
11140.0000 0.0230 77.2732 49.0000 39.2323 43.2287 50.6286
11141.0000 0.0214 77.4378 49.0000 39.6987 43.1338 50.5974
11142.0000 0.0182 77.5840 49.0000 40.3023 43.1919 50.2938
11143.0000 0.0213 78.0007 49.0000 40.2997 43.0814 51.0299
11144.0000 0.0180 77.6935 49.0000 40.2106 43.4959 50.2742
11145.0000 0.0192 78.2116 49.0000 39.7659 44.5185 50.5354
11146.0000 0.0182 78.1626 49.0000 40.0085 44.3305 50.4333
11147.0000 0.0126 78.2340 49.0000 40.5700 45.1262 49.3787
11148.0000 0.0130 78.5431 49.0000 40.7181 45.1856 49.6922
11149.0000 0.0128 78.7545 49.0000 40.8343 45.3471 49.7843
11150.0000 0.0096 78.9682 49.0000 41.6647 45.3775 49.4056
11151.0000 0.0133 78.6693 49.0000 41.2446 44.4572 50.1128
11152.0000 0.0147 79.6237 49.0000 41.3180 45.2281 50.8643
11153.0000 0.0119 79.3916 49.0000 41.5199 45.4303 50.1519
11154.0000 0.0100 78.9142 49.0000 41.5084 45.4067 49.4240
11155.0000 0.0120 79.0874 49.0000 41.2920 45.3315 49.9485
11156.0000 0.0110 78.5735 49.0000 40.9588 45.4977 49.2558
11157.0000 0.0121 78.4772 49.0000 40.4508 45.9462 49.1055
11158.0000 0.0133 78.4352 49.0000 40.3066 45.6896 49.3955
11159.0000 0.0142 78.4424 49.0000 40.7305 44.6628 49.9946
11160.0000 0.0118 78.1033 49.0000 40.9003 44.6432 49.3384
11161.0000 0.0075 77.4998 49.0000 41.3502 44.5539 48.0763
11162.0000 0.0055 77.5084 49.0000 41.8639 44.5821 47.6173
11163.0000 0.0062 77.5835 49.0000 41.7741 44.5153 47.8801
11164.0000 0.0061 77.7617 49.0000 41.5131 45.3692 47.5939
11165.0000 0.0063 77.5748 49.0000 41.5576 44.8809 47.7128
11166.0000 0.0072 77.4224 49.0000 41.2325 44.7907 47.8320
11167.0000 0.0061 77.2642 49.0000 41.1997 45.2583 47.1597
11168.0000 0.0076 77.2060 49.0000 41.0956 44.5518 47.8231
11169.0000 0.0107 77.1382 49.0000 40.4997 44.2580 48.4903
11170.0000 0.0101 76.8772 49.0000 40.4460 44.1842 48.1868
11171.0000 0.0074 76.6416 49.0000 41.2673 43.5316 47.7068
11172.0000 0.0056 76.7061 49.0000 42.1522 43.0887 47.4382
11173.0000 0.0076 76.5959 49.0000 41.4439 43.1746 47.8047
11174.0000 0.0091 76.3512 49.0000 41.2248 42.6990 48.0294
11175.0000 0.0048 76.5060 49.0000 41.7458 43.6558 46.9535
11176.0000 0.0044 75.9400 49.0000 41.4065 43.5481 46.4320
11177.0000 0.0079 75.7357 49.0000 40.2106 43.7331 46.9726
11178.0000 0.0057 76.0775 49.0000 41.1961 43.4931 46.8936
11179.0000 0.0045 76.3745 49.0000 41.9185 43.3777 46.8430
11180.0000 0.0046 76.5409 49.0000 41.8232 43.6780 46.9208
11181.0000 0.0042 76.8341 49.0000 42.0240 43.9768 46.9414
11182.0000 0.0042 76.7159 49.0000 42.0811 43.7065 46.9494
11183.0000 0.0044 76.8352 49.0000 42.2933 43.4970 47.1480
11184.0000 0.0056 76.9196 49.0000 41.7191 43.9418 47.3842
11185.0000 0.0063 76.8071 49.0000 41.2705 44.2095 47.3455
11186.0000 0.0046 76.5534 49.0000 41.3664 44.4987 46.5738
11187.0000 0.0034 76.1886 49.0000 41.6241 44.1386 46.0861
11188.0000 0.0052 76.0341 49.0000 41.1156 43.7939 46.6132
11189.0000 0.0045 76.1522 49.0000 41.4117 43.8198 46.5194
11190.0000 0.0051 76.0693 49.0000 41.4149 43.4130 46.7617
11191.0000 0.0040 76.0842 49.0000 41.6251 43.6262 46.3996
11192.0000 0.0048 76.0261 49.0000 40.8562 44.6667 45.9959
11193.0000 0.0036 75.9579 49.0000 41.3867 44.1099 45.9462
11194.0000 0.0061 76.1632 49.0000 40.9159 43.9161 46.8839
11195.0000 0.0052 76.2414 49.0000 41.4993 43.4672 46.9165
11196.0000 0.0126 76.4224 49.0000 40.3267 43.0158 48.6188
11197.0000 0.0082 75.7851 49.0000 40.6684 42.9879 47.3445
11198.0000 0.0084 75.7451 49.0000 40.5034 43.1064 47.3142
11199.0000 0.0098 76.1915 49.0000 40.5254 43.2076 47.9159
11200.0000 0.0109 76.3612 49.0000 40.4287 43.2404 48.2372
11201.0000 0.0112 76.1124 49.0000 40.0433 43.4037 48.0182
11202.0000 0.0148 76.1090 49.0000 39.5172 43.1766 48.6493
11203.0000 0.0154 76.1112 49.0000 38.7667 44.2475 48.2931
11204.0000 0.0138 76.0919 49.0000 38.9158 44.5223 47.8885
11205.0000 0.0164 76.1849 49.0000 38.3734 44.8519 48.1657
11206.0000 0.0181 76.2340 49.0000 38.2319 44.6091 48.5795
11207.0000 0.0225 76.7743 49.0000 38.3634 43.9531 49.9066
11208.0000 0.0236 76.5931 49.0000 38.1394 43.7941 49.9397
11209.0000 0.0292 76.7801 49.0000 37.7308 43.4971 50.7895
11210.0000 0.0273 77.0184 49.0000 37.8875 43.9511 50.6426
11211.0000 0.0217 76.8466 49.0000 38.4646 44.0746 49.8327
11212.0000 0.0245 77.3386 49.0000 38.4821 44.0771 50.5726
11213.0000 0.0272 77.4221 49.0000 37.7348 44.7784 50.6474
11214.0000 0.0376 77.5795 49.0000 37.4466 43.4022 52.2740
11215.0000 0.0401 77.6388 49.0000 36.6444 44.1874 52.2728
11216.0000 0.0434 77.7571 49.0000 36.9364 43.3789 52.9164
11217.0000 0.0368 77.5837 49.0000 37.6353 43.2803 52.2459
11218.0000 0.0273 77.2146 49.0000 38.1306 43.8402 50.8547
11219.0000 0.0284 77.1690 49.0000 37.8981 43.9050 50.9032
11220.0000 0.0256 77.0053 49.0000 38.0726 44.0152 50.4278
11221.0000 0.0250 76.8551 49.0000 38.4447 43.3804 50.4664
11222.0000 0.0219 76.9462 49.0000 38.7484 43.7189 50.0793
11223.0000 0.0228 77.2299 49.0000 38.4571 44.3508 50.1849
11224.0000 0.0199 77.3541 49.0000 39.2587 43.9652 50.0946
11225.0000 0.0199 77.6691 49.0000 39.4401 44.1036 50.3173
11226.0000 0.0139 77.2381 49.0000 39.8812 44.4113 49.0188
11227.0000 0.0205 77.5534 49.0000 39.5516 43.6504 50.4464
11228.0000 0.0197 77.4574 49.0000 39.2104 44.2225 50.0656
11229.0000 0.0217 77.8663 49.0000 38.6357 45.2547 50.2242
11230.0000 0.0227 78.1889 49.0000 38.8466 45.0744 50.7223
11231.0000 0.0272 78.0330 49.0000 38.8652 43.8562 51.5294
11232.0000 0.0269 77.6540 49.0000 38.4240 44.0710 51.1027
11233.0000 0.0294 77.4885 49.0000 38.5080 43.2672 51.4737
11234.0000 0.0288 77.7357 49.0000 38.6989 43.4183 51.5760
11235.0000 0.0307 77.8500 49.0000 38.7031 43.2095 51.9194
11236.0000 0.0298 77.7266 49.0000 38.6025 43.3561 51.6867
11237.0000 0.0315 77.5851 49.0000 38.3982 43.1523 51.7967
11238.0000 0.0401 77.7525 49.0000 37.3315 43.3654 52.6427
11239.0000 0.0363 77.2669 49.0000 37.1508 43.6382 51.8238
11240.0000 0.0391 77.3151 49.0000 36.6049 44.0091 51.9702
11241.0000 0.0380 77.2491 49.0000 36.4849 44.3019 51.7070
11242.0000 0.0348 77.1294 49.0000 37.1994 43.6694 51.5571
11243.0000 0.0357 76.6937 49.0000 36.6750 43.7245 51.2351
11244.0000 0.0387 76.7534 49.0000 36.1294 44.0804 51.4069
11245.0000 0.0440 76.8421 49.0000 35.7782 43.7804 52.0376
11246.0000 0.0399 76.2638 49.0000 36.0009 43.4221 51.3285
11247.0000 0.0383 76.0121 49.0000 35.7393 43.7953 50.8185
11248.0000 0.0298 75.9996 49.0000 36.4242 44.4354 49.7465
11249.0000 0.0346 76.4627 49.0000 36.6928 43.6016 50.9812
11250.0000 0.0360 76.7432 49.0000 36.5688 43.8881 51.2452
11251.0000 0.0310 76.4805 49.0000 36.9707 43.9014 50.5480
11252.0000 0.0291 77.0906 49.0000 37.4716 44.3182 50.7418
11253.0000 0.0287 76.5010 49.0000 37.5006 43.5821 50.4650
11254.0000 0.0292 76.2733 49.0000 37.4251 43.2857 50.4314
11255.0000 0.0349 76.1570 49.0000 36.9093 42.8363 51.0161
11256.0000 0.0335 76.0670 49.0000 36.8376 43.0730 50.7336
11257.0000 0.0322 75.9040 49.0000 37.1458 42.6647 50.6095
11258.0000 0.0383 76.1025 49.0000 37.1258 41.9573 51.5058
11259.0000 0.0297 75.9702 49.0000 37.4822 42.7319 50.4039
11260.0000 0.0247 75.6271 49.0000 38.1984 42.2564 49.7467
11261.0000 0.0211 75.5744 49.0000 38.2492 42.8269 49.1360
11262.0000 0.0225 75.5641 49.0000 38.2178 42.5734 49.3644
11263.0000 0.0213 75.3988 49.0000 37.9982 42.9274 48.9731
11264.0000 0.0196 75.2942 49.0000 38.1571 42.9510 48.6668
11265.0000 0.0207 75.5049 49.0000 38.1646 42.9587 48.9796
11266.0000 0.0202 75.2213 49.0000 37.8265 43.2334 48.5620
11267.0000 0.0229 75.8421 49.0000 37.6833 43.6577 49.2544
11268.0000 0.0203 75.7786 49.0000 37.6236 44.4094 48.5249
11269.0000 0.0177 75.6236 49.0000 37.9745 44.2718 48.1339
11270.0000 0.0152 75.5893 49.0000 38.6699 43.6964 48.0520
11271.0000 0.0164 75.5788 49.0000 38.2620 44.0807 48.0111
11272.0000 0.0171 75.5746 49.0000 37.7499 44.9994 47.5554
11273.0000 0.0186 75.6028 49.0000 37.5324 44.9457 47.8225
11274.0000 0.0214 75.8566 49.0000 37.6335 44.1816 48.8460
11275.0000 0.0232 75.8668 49.0000 37.2872 44.3519 48.9729
11276.0000 0.0226 76.0827 49.0000 37.4312 44.5800 48.9908
11277.0000 0.0214 75.7831 49.0000 37.4188 44.4780 48.6273
11278.0000 0.0196 75.5045 49.0000 37.8574 43.7528 48.5122
11279.0000 0.0165 75.3008 49.0000 38.3542 43.4333 48.0907
11280.0000 0.0159 75.3258 49.0000 38.3089 43.7352 47.8920
11281.0000 0.0142 75.2108 49.0000 38.9516 42.9848 47.8722
11282.0000 0.0168 75.0489 49.0000 38.9757 42.0837 48.3961
11283.0000 0.0197 75.3152 49.0000 38.6961 42.1778 48.9492
11284.0000 0.0219 75.4228 49.0000 38.5735 42.0354 49.3325
11285.0000 0.0198 75.3115 49.0000 39.1183 41.6137 49.0905
11286.0000 0.0224 75.7144 49.0000 38.8112 41.9962 49.6253
11287.0000 0.0266 75.6510 49.0000 38.2194 41.9115 50.0578
11288.0000 0.0234 75.8062 49.0000 38.7299 42.0103 49.8167
11289.0000 0.0278 75.7185 49.0000 38.1096 41.9221 50.2343
11290.0000 0.0231 75.0628 49.0000 38.4673 41.5110 49.3105
11291.0000 0.0187 75.1221 49.0000 38.7298 42.0891 48.7015
11292.0000 0.0157 74.6864 49.0000 38.7191 42.2371 47.9053
11293.0000 0.0133 74.4541 49.0000 38.6232 42.6817 47.2222
11294.0000 0.0189 74.2592 49.0000 37.6393 42.5218 47.8499
11295.0000 0.0168 74.1760 49.0000 37.7688 42.7152 47.4448
11296.0000 0.0152 74.1409 49.0000 37.8393 43.0210 47.0558
11297.0000 0.0153 74.0318 49.0000 37.4307 43.7092 46.5742
11298.0000 0.0152 73.8759 49.0000 37.5023 43.2762 46.6732
11299.0000 0.0175 73.9954 49.0000 37.2040 43.2874 47.0892
11300.0000 0.0173 74.2465 49.0000 37.3288 43.5106 47.1799
11301.0000 0.0206 74.3804 49.0000 36.9902 43.3703 47.7827
11302.0000 0.0166 74.4436 49.0000 37.6968 43.3343 47.3596
11303.0000 0.0154 74.1614 49.0000 37.9682 42.7589 47.2230
11304.0000 0.0151 73.9221 49.0000 37.5465 43.3224 46.6680
11305.0000 0.0152 73.7891 49.0000 37.6701 42.8191 46.8222
11306.0000 0.0096 73.4241 49.0000 38.4427 42.7457 45.6734
11307.0000 0.0104 73.2487 49.0000 38.2818 42.4473 45.8049
11308.0000 0.0079 73.1952 49.0000 38.8829 42.2462 45.3972
11309.0000 0.0088 73.1320 49.0000 38.9738 41.6682 45.7503
11310.0000 0.0085 72.9569 49.0000 39.0309 41.4374 45.6316
11311.0000 0.0122 72.8552 49.0000 38.0292 41.7072 46.0669
11312.0000 0.0105 72.8473 49.0000 38.2101 41.9464 45.6861
11313.0000 0.0136 72.9270 49.0000 37.5730 42.1790 46.1255
11314.0000 0.0110 72.5558 49.0000 37.6008 42.4891 45.2239
11315.0000 0.0126 73.0716 49.0000 37.4422 43.1050 45.6015
11316.0000 0.0122 73.0962 49.0000 37.6251 42.8742 45.7079
11317.0000 0.0099 72.9675 49.0000 38.0756 42.6211 45.3646
11318.0000 0.0089 72.7693 49.0000 38.2478 42.3773 45.1291
11319.0000 0.0067 72.7299 49.0000 38.9990 41.8033 44.9577
11320.0000 0.0054 72.8928 49.0000 40.1669 40.8881 45.0349
11321.0000 0.0050 72.6937 49.0000 39.8633 41.1409 44.7518
11322.0000 0.0048 72.8071 49.0000 39.9163 41.2867 44.7546
11323.0000 0.0047 72.7796 49.0000 39.9720 41.2116 44.7293
11324.0000 0.0042 73.2698 49.0000 40.7905 41.0342 44.9532
11325.0000 0.0057 73.2245 49.0000 39.9096 41.4979 45.2435
11326.0000 0.0064 73.1292 49.0000 39.7410 41.3523 45.3710
11327.0000 0.0082 73.1414 49.0000 39.2295 41.4982 45.7013
11328.0000 0.0070 73.1102 49.0000 39.5480 41.4022 45.4634
11329.0000 0.0089 73.1478 49.0000 39.1115 41.4543 45.8523
11330.0000 0.0087 73.0942 49.0000 39.1402 41.4112 45.7812
11331.0000 0.0069 72.6346 49.0000 39.3151 41.1427 45.1375
11332.0000 0.0094 72.8342 49.0000 39.2607 40.7190 45.8844
11333.0000 0.0075 72.6399 49.0000 39.4094 40.8275 45.3495
11334.0000 0.0071 72.8924 49.0000 39.3613 41.3524 45.3208
11335.0000 0.0096 73.0525 49.0000 39.3639 40.8221 46.0512
11336.0000 0.0131 73.0653 49.0000 38.4756 41.1048 46.5678
11337.0000 0.0118 73.1604 49.0000 38.7922 41.1252 46.4363
11338.0000 0.0093 73.3587 49.0000 39.2886 41.3801 46.1041
11339.0000 0.0108 73.1318 49.0000 38.9063 41.1826 46.2445
11340.0000 0.0070 73.0919 49.0000 39.4204 41.5718 45.3899
11341.0000 0.0101 73.4726 49.0000 39.2171 41.3835 46.3426
11342.0000 0.0129 73.4524 49.0000 38.2796 41.9457 46.5885
11343.0000 0.0109 73.6758 49.0000 38.9287 41.8282 46.5090
11344.0000 0.0111 73.3727 49.0000 38.6549 41.7925 46.2898
11345.0000 0.0086 72.8479 49.0000 38.7442 41.7093 45.4536
11346.0000 0.0080 72.4803 49.0000 38.5139 41.7747 44.9994
11347.0000 0.0074 72.6944 49.0000 38.6383 42.1409 44.8966
11348.0000 0.0073 72.7024 49.0000 38.8886 41.7321 45.0749
11349.0000 0.0063 72.6140 49.0000 39.0648 41.7008 44.8081
11350.0000 0.0076 72.7028 49.0000 38.5446 42.2302 44.9068
11351.0000 0.0100 72.8973 49.0000 37.8288 43.0562 45.0462
11352.0000 0.0110 72.9606 49.0000 37.5575 43.4207 45.0258
11353.0000 0.0104 73.0984 49.0000 37.6530 44.1256 44.4809
11354.0000 0.0099 73.3894 49.0000 37.9487 44.1324 44.7016
11355.0000 0.0084 72.8230 49.0000 38.0918 43.2146 44.5500
11356.0000 0.0106 73.1355 49.0000 37.6321 44.1857 44.4999
11357.0000 0.0102 73.1646 49.0000 37.8152 43.6390 44.9301
11358.0000 0.0127 73.4502 49.0000 37.3423 44.3380 45.1068
11359.0000 0.0131 73.4224 49.0000 37.2632 44.2720 45.1918
11360.0000 0.0137 73.4522 49.0000 37.1756 44.1587 45.4227
11361.0000 0.0085 73.5069 49.0000 38.3671 43.9454 44.7217
11362.0000 0.0105 73.6770 49.0000 37.9442 44.3025 45.0092
11363.0000 0.0115 73.7314 49.0000 37.7547 44.4269 45.1348
11364.0000 0.0095 73.7691 49.0000 38.2230 44.3565 44.8707
11365.0000 0.0081 74.1947 49.0000 38.7979 44.4760 44.9608
11366.0000 0.0073 74.1659 49.0000 38.9940 44.4063 44.8123
11367.0000 0.0096 74.3188 49.0000 38.5777 44.1467 45.6740
11368.0000 0.0075 74.4398 49.0000 39.1189 44.3684 45.1934
11369.0000 0.0086 74.5218 49.0000 38.8265 44.7843 45.1704
11370.0000 0.0073 74.0996 49.0000 39.0160 44.0584 45.0262
11371.0000 0.0091 74.2281 49.0000 38.6754 44.0371 45.5494
11372.0000 0.0111 74.3431 49.0000 38.3699 43.8966 46.1273
11373.0000 0.0105 73.9177 49.0000 38.0456 44.6933 44.9319
11374.0000 0.0112 73.9186 49.0000 37.9723 44.2089 45.4713
11375.0000 0.0128 73.6719 49.0000 37.7386 43.3810 46.0591
11376.0000 0.0139 73.8481 49.0000 37.9189 42.8571 46.6795
11377.0000 0.0160 73.8745 49.0000 37.3543 43.3114 46.7571
11378.0000 0.0120 73.9463 49.0000 38.0094 43.6143 46.0557
11379.0000 0.0120 73.8167 49.0000 38.2639 42.7876 46.4113
11380.0000 0.0140 73.7308 49.0000 38.1355 42.2519 46.8689
11381.0000 0.0148 73.6984 49.0000 37.7753 42.6126 46.7830
11382.0000 0.0161 73.9508 49.0000 37.7742 42.5785 47.2114
11383.0000 0.0179 73.9731 49.0000 37.8594 42.0227 47.6737
11384.0000 0.0239 73.7691 49.0000 37.0235 41.6982 48.2950
11385.0000 0.0234 73.9760 49.0000 36.9949 42.0960 48.2883
11386.0000 0.0248 74.0333 49.0000 36.7703 42.2320 48.4286
11387.0000 0.0250 74.2035 49.0000 37.4760 41.4012 48.8635
11388.0000 0.0257 73.9376 49.0000 37.2686 41.2258 48.7674
11389.0000 0.0225 73.7116 49.0000 37.9565 40.6450 48.3807
11390.0000 0.0226 73.7609 49.0000 37.7125 40.9987 48.3482
11391.0000 0.0249 73.9583 49.0000 37.3121 41.3336 48.6741
11392.0000 0.0236 73.6629 49.0000 37.3851 41.1119 48.3569
11393.0000 0.0276 73.9622 49.0000 37.2480 40.9540 49.0485
11394.0000 0.0277 74.0376 49.0000 37.4465 40.7857 49.1513
11395.0000 0.0274 74.0228 49.0000 37.4141 40.8520 49.0986
11396.0000 0.0256 73.9981 49.0000 37.7525 40.7022 48.9264
11397.0000 0.0232 73.6960 49.0000 37.9045 40.5630 48.4663
11398.0000 0.0245 74.0041 49.0000 38.0373 40.5509 48.8406
11399.0000 0.0256 73.7534 49.0000 37.7628 40.4051 48.7952
11400.0000 0.0302 74.0447 49.0000 37.6572 40.1433 49.5284
11401.0000 0.0296 74.1384 49.0000 37.8423 40.1329 49.5360
11402.0000 0.0242 73.6792 49.0000 38.0194 40.2450 48.6158
11403.0000 0.0238 73.8755 49.0000 37.8124 40.7831 48.6267
11404.0000 0.0250 74.0031 49.0000 38.0647 40.4353 48.9135
11405.0000 0.0218 73.9969 49.0000 38.2941 40.7030 48.5013
11406.0000 0.0241 74.0813 49.0000 38.1267 40.6067 48.8415
11407.0000 0.0230 73.7911 49.0000 37.9656 40.6369 48.5013
11408.0000 0.0296 73.8388 49.0000 37.1490 40.6100 49.2234
11409.0000 0.0219 73.9240 49.0000 37.6037 41.4723 48.2780
11410.0000 0.0291 73.9327 49.0000 37.3843 40.5060 49.2719
11411.0000 0.0299 73.6518 49.0000 37.5424 39.8842 49.2383
11412.0000 0.0355 73.6853 49.0000 37.2610 39.4513 49.8471
11413.0000 0.0308 73.5174 49.0000 37.6430 39.4914 49.2772
11414.0000 0.0290 73.0944 49.0000 37.6964 39.2145 48.8263
11415.0000 0.0297 73.2662 49.0000 37.3475 39.6980 48.9608
11416.0000 0.0252 72.9387 49.0000 37.3541 40.0116 48.2058
11417.0000 0.0237 72.7012 49.0000 37.8692 39.3844 47.9610
11418.0000 0.0213 72.7477 49.0000 38.1034 39.5753 47.6881
11419.0000 0.0210 72.7914 49.0000 37.4191 40.4875 47.5306
11420.0000 0.0243 73.1121 49.0000 37.9879 39.6255 48.2919
11421.0000 0.0209 72.8151 49.0000 38.0430 39.7724 47.6752
11422.0000 0.0263 72.8916 49.0000 37.6671 39.4261 48.3731
11423.0000 0.0294 72.9892 49.0000 37.5778 39.1723 48.7941
11424.0000 0.0287 73.2433 49.0000 37.4968 39.6498 48.8514
11425.0000 0.0245 73.1085 49.0000 37.8472 39.7364 48.3058
11426.0000 0.0170 72.7125 49.0000 38.4259 39.9254 47.0800
11427.0000 0.0137 72.5645 49.0000 38.6109 40.1820 46.4780
11428.0000 0.0134 72.4916 49.0000 38.8713 39.8651 46.4201
11429.0000 0.0144 72.5751 49.0000 38.7506 39.8867 46.6324
11430.0000 0.0098 72.1827 49.0000 39.0061 40.1596 45.5639
11431.0000 0.0067 72.0849 49.0000 39.3529 40.4617 44.8378
11432.0000 0.0038 72.2031 49.0000 39.7135 41.1824 44.0470
11433.0000 0.0050 72.4981 49.0000 39.8191 40.9398 44.6582
11434.0000 0.0053 72.6858 49.0000 39.8718 41.0234 44.8392
11435.0000 0.0084 72.8596 49.0000 39.2391 41.0663 45.6330
11436.0000 0.0126 73.1101 49.0000 38.2690 41.5826 46.3838
11437.0000 0.0091 73.2233 49.0000 38.8281 41.9376 45.7741
11438.0000 0.0110 73.1431 49.0000 38.6706 41.4822 46.1922
11439.0000 0.0130 72.8829 49.0000 38.2933 41.1443 46.3971
11440.0000 0.0162 72.7530 49.0000 37.3651 41.5302 46.6056
11441.0000 0.0174 72.8193 49.0000 37.1972 41.5917 46.7883
11442.0000 0.0231 73.2344 49.0000 37.0655 41.1036 47.9576
11443.0000 0.0188 73.4771 49.0000 37.7614 41.3177 47.6005
11444.0000 0.0222 73.8388 49.0000 37.2668 41.7812 48.1422
11445.0000 0.0239 73.8138 49.0000 37.3801 41.2594 48.4651
11446.0000 0.0289 73.7764 49.0000 36.6837 41.2388 48.9553
11447.0000 0.0285 73.7905 49.0000 36.9564 40.9702 48.9969
11448.0000 0.0303 74.1433 49.0000 37.5251 40.3990 49.5683
11449.0000 0.0264 74.1788 49.0000 38.0955 40.3708 49.2079
11450.0000 0.0261 73.9738 49.0000 38.1997 40.0693 49.0649
11451.0000 0.0246 73.9968 49.0000 37.6716 40.9781 48.7563
11452.0000 0.0247 74.1792 49.0000 37.6048 41.2651 48.8429
11453.0000 0.0230 74.0772 49.0000 37.7277 41.2916 48.5702
11454.0000 0.0240 73.9178 49.0000 37.6252 41.0399 48.6201
11455.0000 0.0233 74.2820 49.0000 37.3997 41.9217 48.5969
11456.0000 0.0284 74.4006 49.0000 37.0219 41.6485 49.2972
11457.0000 0.0245 74.4186 49.0000 37.5597 41.6427 48.9212
11458.0000 0.0231 74.5087 49.0000 37.6536 41.9015 48.7649
11459.0000 0.0212 74.8435 49.0000 37.9671 42.2779 48.7096
11460.0000 0.0195 74.4253 49.0000 37.7175 42.4796 48.0833
11461.0000 0.0150 74.1400 49.0000 38.1423 42.5489 47.2388
11462.0000 0.0144 74.3890 49.0000 38.6197 42.2972 47.4678
11463.0000 0.0153 74.2355 49.0000 38.2312 42.4703 47.3874
11464.0000 0.0145 74.3486 49.0000 38.7883 41.9922 47.5378
11465.0000 0.0121 74.4090 49.0000 38.9142 42.5259 47.0525
11466.0000 0.0118 74.5644 49.0000 39.0706 42.5726 47.1265
11467.0000 0.0193 74.3994 49.0000 37.4694 42.8848 47.8771
11468.0000 0.0210 74.4858 49.0000 37.6711 42.2901 48.3793
11469.0000 0.0188 74.3865 49.0000 38.1158 41.9967 48.1332
11470.0000 0.0181 74.0498 49.0000 38.2202 41.5715 47.8999
11471.0000 0.0247 74.3206 49.0000 37.5032 41.5732 48.8746
11472.0000 0.0280 74.6562 49.0000 37.1637 41.8474 49.4085
11473.0000 0.0262 74.7795 49.0000 37.2741 42.1745 49.2334
11474.0000 0.0185 74.7801 49.0000 38.2932 42.3205 48.3184
11475.0000 0.0179 75.0113 49.0000 38.2048 42.8885 48.2459
11476.0000 0.0201 75.2601 49.0000 38.1264 42.8270 48.7474
11477.0000 0.0255 75.4546 49.0000 38.0242 42.1259 49.7289
11478.0000 0.0232 75.4381 49.0000 37.9680 42.6253 49.3196
11479.0000 0.0233 75.5265 49.0000 38.0174 42.6530 49.3928
11480.0000 0.0229 75.6792 49.0000 37.9967 42.9479 49.3869
11481.0000 0.0248 75.7695 49.0000 38.0537 42.5931 49.7871
11482.0000 0.0233 75.8599 49.0000 38.1625 42.8609 49.6113
11483.0000 0.0260 75.6876 49.0000 37.7520 42.6854 49.8132
11484.0000 0.0187 75.6327 49.0000 38.7024 42.7793 48.9118
11485.0000 0.0233 75.6924 49.0000 38.7467 41.8699 49.7489
11486.0000 0.0194 75.6488 49.0000 39.0614 42.1784 49.1724
11487.0000 0.0198 75.7543 49.0000 38.4256 43.1112 49.0266
11488.0000 0.0230 75.9862 49.0000 38.5963 42.4902 49.7877
11489.0000 0.0225 75.8875 49.0000 38.3546 42.7879 49.5684
11490.0000 0.0240 75.8817 49.0000 37.7612 43.3439 49.5322
11491.0000 0.0213 75.6865 49.0000 38.2055 42.9973 49.1938
11492.0000 0.0205 75.8161 49.0000 38.4370 43.0079 49.2036
11493.0000 0.0197 75.5305 49.0000 38.3622 42.9344 48.8859
11494.0000 0.0219 75.4255 49.0000 38.0722 42.7167 49.1405
11495.0000 0.0198 75.7943 49.0000 38.4614 43.1073 49.0637
11496.0000 0.0244 75.9555 49.0000 38.2508 42.6456 49.8745
11497.0000 0.0274 76.1105 49.0000 38.0653 42.5323 50.3473
11498.0000 0.0219 75.9267 49.0000 38.1476 43.2659 49.3730
11499.0000 0.0216 76.2874 49.0000 38.3554 43.5031 49.5592
11500.0000 0.0183 76.2532 49.0000 38.9462 43.3388 49.1884
11501.0000 0.0194 76.4059 49.0000 39.1835 42.9506 49.5758
11502.0000 0.0206 76.2726 49.0000 38.4581 43.5743 49.3940
11503.0000 0.0243 76.1439 49.0000 38.0470 43.1862 49.8526
11504.0000 0.0225 76.1593 49.0000 37.9977 43.6877 49.4754
11505.0000 0.0318 76.3981 49.0000 37.5216 42.8298 50.9353
11506.0000 0.0339 76.6756 49.0000 37.5383 42.7941 51.3681
11507.0000 0.0308 76.5797 49.0000 37.5621 43.1713 50.8899
11508.0000 0.0294 76.5674 49.0000 37.6056 43.3665 50.6729
11509.0000 0.0276 76.7132 49.0000 37.4789 44.1171 50.3382
11510.0000 0.0319 76.7345 49.0000 36.9840 44.0293 50.8113
11511.0000 0.0311 76.9908 49.0000 36.9428 44.6290 50.7057
11512.0000 0.0317 76.7385 49.0000 36.9673 44.0981 50.7698
11513.0000 0.0276 77.0655 49.0000 37.9657 43.8373 50.7542
11514.0000 0.0280 76.7293 49.0000 37.7674 43.6165 50.5827
11515.0000 0.0329 77.1013 49.0000 37.7348 43.2120 51.5113
11516.0000 0.0395 77.6308 49.0000 37.4742 43.1271 52.5573
11517.0000 0.0433 77.2434 49.0000 36.8552 42.8939 52.6151
11518.0000 0.0428 77.3691 49.0000 37.3062 42.5427 52.7668
11519.0000 0.0339 77.6389 49.0000 38.5359 42.6475 52.1916
11520.0000 0.0397 78.1598 49.0000 38.6751 42.2203 53.2038
11521.0000 0.0311 78.0582 49.0000 39.5689 42.3391 52.2951
11522.0000 0.0303 78.0293 49.0000 39.1283 42.9471 52.0873
11523.0000 0.0223 78.0806 49.0000 40.0293 43.3178 51.1645
11524.0000 0.0202 78.1194 49.0000 40.2458 43.5104 50.8897
11525.0000 0.0280 78.0088 49.0000 39.4926 42.8707 51.8440
11526.0000 0.0293 77.9589 49.0000 38.8838 43.3497 51.8308
11527.0000 0.0339 77.9379 49.0000 38.3264 43.2724 52.2771
11528.0000 0.0317 78.2465 49.0000 38.3509 43.9883 52.1225
11529.0000 0.0271 78.0608 49.0000 38.4531 44.5096 51.3200
11530.0000 0.0292 77.6618 49.0000 38.2119 43.9173 51.4050
11531.0000 0.0306 77.7889 49.0000 38.2293 43.7945 51.6884
11532.0000 0.0277 77.2683 49.0000 38.2776 43.6152 51.0189
11533.0000 0.0325 77.1575 49.0000 37.6324 43.4943 51.4329
11534.0000 0.0373 77.5805 49.0000 37.9601 42.7779 52.4196
11535.0000 0.0365 77.7094 49.0000 38.2083 42.7371 52.4635
11536.0000 0.0397 77.5040 49.0000 38.3269 41.8949 52.7516
11537.0000 0.0397 78.0775 49.0000 38.4526 42.3932 53.1066
11538.0000 0.0369 77.7617 49.0000 38.6289 42.2302 52.6431
11539.0000 0.0347 77.2577 49.0000 38.6217 41.9875 52.0977
11540.0000 0.0331 77.5751 49.0000 38.9866 42.1636 52.1552
11541.0000 0.0313 77.3136 49.0000 38.7267 42.4545 51.7228
11542.0000 0.0400 77.9644 49.0000 37.9150 42.8746 52.9401
11543.0000 0.0361 77.8170 49.0000 38.4921 42.5782 52.5447
11544.0000 0.0317 77.6514 49.0000 38.8901 42.5726 52.0084
11545.0000 0.0353 77.7461 49.0000 38.3922 42.7353 52.3849
11546.0000 0.0382 77.9888 49.0000 38.4390 42.5281 52.8777
11547.0000 0.0400 77.9466 49.0000 37.8177 42.9724 52.9044
11548.0000 0.0377 77.4299 49.0000 37.9578 42.5359 52.3955
11549.0000 0.0338 77.1184 49.0000 38.1777 42.5138 51.7908
11550.0000 0.0363 77.3366 49.0000 38.4097 42.0944 52.2848
11551.0000 0.0338 77.2792 49.0000 38.4694 42.3391 51.9576
11552.0000 0.0389 77.5508 49.0000 37.8173 42.6843 52.5550
11553.0000 0.0348 77.2614 49.0000 37.7250 43.0945 51.8557
11554.0000 0.0337 76.9914 49.0000 37.3068 43.5439 51.3791
11555.0000 0.0396 76.7421 49.0000 36.3612 43.5463 51.6810
11556.0000 0.0458 76.5644 49.0000 36.2277 42.5470 52.3395
11557.0000 0.0421 76.4189 49.0000 36.2350 42.9240 51.8113
11558.0000 0.0382 76.2326 49.0000 36.6360 42.7619 51.3871
11559.0000 0.0359 76.2827 49.0000 36.6450 43.2058 51.0829
11560.0000 0.0382 76.6683 49.0000 36.7613 43.1267 51.6403
11561.0000 0.0327 76.0735 49.0000 36.8457 43.2279 50.6055
11562.0000 0.0254 75.8654 49.0000 37.4890 43.4466 49.6240
11563.0000 0.0254 75.6084 49.0000 38.2247 42.0646 49.8605
11564.0000 0.0278 75.6888 49.0000 38.1922 41.7827 50.2430
11565.0000 0.0319 76.2487 49.0000 37.9816 42.0340 51.0334
11566.0000 0.0334 76.0070 49.0000 37.4303 42.2019 50.9416
11567.0000 0.0340 75.9936 49.0000 37.7819 41.6617 51.1064
11568.0000 0.0240 75.6767 49.0000 38.6403 41.8690 49.8084
11569.0000 0.0278 75.5313 49.0000 38.6575 41.0335 50.2675
11570.0000 0.0295 75.8950 49.0000 38.7386 41.0903 50.7046
11571.0000 0.0313 75.9611 49.0000 38.2476 41.4680 50.8687
11572.0000 0.0341 75.7637 49.0000 38.2045 40.8865 51.0768
11573.0000 0.0235 75.2440 49.0000 38.9998 41.0125 49.5849
11574.0000 0.0203 75.2673 49.0000 39.1138 41.4689 49.1488
11575.0000 0.0184 74.8467 49.0000 39.4654 40.9284 48.6763
11576.0000 0.0182 74.9599 49.0000 39.5176 41.0406 48.7137
11577.0000 0.0177 75.0453 49.0000 39.2568 41.5388 48.6336
11578.0000 0.0177 75.2540 49.0000 39.7905 41.1488 48.8535
11579.0000 0.0167 75.0472 49.0000 39.3038 41.6924 48.4668
11580.0000 0.0144 74.9170 49.0000 39.4326 41.8713 48.0044
11581.0000 0.0144 74.6491 49.0000 39.2270 41.8015 47.8159
11582.0000 0.0165 74.8136 49.0000 38.8331 42.0535 48.1722
11583.0000 0.0175 75.1315 49.0000 38.1646 43.2392 48.1516
11584.0000 0.0187 75.2289 49.0000 38.1254 43.1236 48.4376
11585.0000 0.0153 75.3323 49.0000 38.5300 43.5427 47.9002
11586.0000 0.0144 75.2005 49.0000 39.0697 42.7358 47.9825
11587.0000 0.0155 75.1917 49.0000 39.0030 42.5275 48.2076
11588.0000 0.0192 75.2274 49.0000 38.2713 42.7653 48.6373
11589.0000 0.0192 75.0987 49.0000 38.3275 42.5123 48.6160
11590.0000 0.0207 75.3947 49.0000 38.0563 42.9852 48.8706
11591.0000 0.0115 74.4573 48.0000 38.6758 43.1934 46.7162
11592.0000 0.0183 75.3741 49.0000 38.2814 43.1702 48.4988
11593.0000 0.0209 75.5489 49.0000 37.3214 44.4672 48.3468
11594.0000 0.0185 75.6670 49.0000 38.0215 44.0075 48.4066
11595.0000 0.0190 75.9709 49.0000 38.3194 43.7795 48.8524
11596.0000 0.0226 76.2574 49.0000 37.9575 43.8640 49.5012
11597.0000 0.0189 74.9993 48.0000 37.7321 43.4113 48.1315
11598.0000 0.0190 75.4687 48.0000 37.8031 43.9566 48.3143
11599.0000 0.0195 75.1850 48.0000 37.8498 43.3245 48.4062
11600.0000 0.0243 76.2217 49.0000 38.4725 42.6906 50.0713
11601.0000 0.0224 76.0579 49.0000 38.7793 42.4446 49.7938
11602.0000 0.0275 76.2876 49.0000 38.2942 42.4185 50.5374
11603.0000 0.0275 76.4478 49.0000 38.2520 42.6749 50.5954
11604.0000 0.0223 75.2701 48.0000 38.1183 42.3724 49.1647
11605.0000 0.0304 76.8850 49.0000 38.4593 42.4254 51.3057
11606.0000 0.0262 76.5211 49.0000 38.3574 42.8519 50.4767
11607.0000 0.0313 76.6340 49.0000 37.9775 42.5947 51.1485
11608.0000 0.0323 76.4395 49.0000 37.7035 42.5552 51.0930
11609.0000 0.0337 76.3385 49.0000 38.0185 41.8054 51.3270
11610.0000 0.0281 76.2398 49.0000 38.3816 42.1402 50.6316
11611.0000 0.0254 76.1375 49.0000 38.3625 42.5354 50.1594
11612.0000 0.0240 76.1046 49.0000 38.2594 42.8909 49.8849
11613.0000 0.0250 76.1255 49.0000 38.3159 42.6512 50.0785
11614.0000 0.0280 75.9111 49.0000 37.8637 42.4483 50.2690
11615.0000 0.0296 75.8661 49.0000 37.5333 42.5483 50.3642
11616.0000 0.0303 76.0243 49.0000 37.3192 42.9189 50.4473
11617.0000 0.0380 76.0274 49.0000 37.1519 41.8811 51.4381
11618.0000 0.0310 75.8189 49.0000 37.0726 42.8726 50.3593
11619.0000 0.0323 75.7229 49.0000 37.3950 42.0977 50.6296
11620.0000 0.0299 75.7478 49.0000 37.7211 42.1010 50.4217
11621.0000 0.0271 75.2001 49.0000 37.5615 42.1375 49.6851
11622.0000 0.0220 75.1119 49.0000 37.9814 42.4363 48.9732
11623.0000 0.0237 75.3432 49.0000 38.0076 42.3483 49.3825
11624.0000 0.0215 75.0409 49.0000 38.1931 42.1402 48.9554
11625.0000 0.0208 75.2596 49.0000 37.7175 43.3032 48.6438
11626.0000 0.0190 75.0732 49.0000 37.8244 43.3340 48.2439
11627.0000 0.0168 75.1025 49.0000 38.2270 43.2800 48.0201
11628.0000 0.0185 74.4774 49.0000 37.7684 42.6963 47.9318
11629.0000 0.0166 73.9292 49.0000 37.9392 42.1538 47.4257
11630.0000 0.0212 73.9367 49.0000 37.5038 41.7665 48.1213
11631.0000 0.0198 74.0435 49.0000 37.4466 42.3139 47.8511
11632.0000 0.0228 74.3654 49.0000 37.5800 41.8819 48.6197
11633.0000 0.0242 74.0221 49.0000 37.8138 40.8917 48.7571
11634.0000 0.0252 74.2918 49.0000 37.1935 41.8575 48.8248
11635.0000 0.0312 74.2018 49.0000 36.6645 41.4022 49.4721
11636.0000 0.0351 74.7246 49.0000 36.7531 41.2871 50.2826
11637.0000 0.0402 74.7305 49.0000 36.3489 41.0608 50.7683
11638.0000 0.0354 74.3371 49.0000 36.8204 40.7036 50.1347
11639.0000 0.0357 74.3515 49.0000 36.7677 40.7513 50.1560
11640.0000 0.0347 74.1679 49.0000 36.6002 40.8890 49.8939
11641.0000 0.0314 73.8142 49.0000 36.6143 40.9639 49.2938
11642.0000 0.0319 73.7250 49.0000 36.8863 40.4468 49.3845
11643.0000 0.0303 73.2719 49.0000 37.1336 39.8602 49.0004
11644.0000 0.0255 73.2518 49.0000 37.9598 39.6266 48.5244
11645.0000 0.0325 73.7956 49.0000 37.6745 39.5177 49.6465
11646.0000 0.0333 74.0761 49.0000 37.4673 39.9578 49.8683
11647.0000 0.0304 73.8250 49.0000 37.6270 39.9118 49.4103
11648.0000 0.0294 74.0414 49.0000 37.8329 40.0596 49.4574
11649.0000 0.0339 74.0465 49.0000 37.0415 40.3235 49.8481
11650.0000 0.0299 74.2549 49.0000 37.5785 40.5183 49.5975
11651.0000 0.0271 74.0960 49.0000 37.6082 40.7440 49.1505
11652.0000 0.0335 74.4467 49.0000 36.3069 41.8018 49.7668
11653.0000 0.0340 74.4683 49.0000 36.0964 42.0405 49.7510
11654.0000 0.0368 74.4888 49.0000 36.6409 40.9070 50.3253
11655.0000 0.0409 74.8415 49.0000 36.1154 41.3813 50.8381
11656.0000 0.0440 74.8336 49.0000 35.6123 41.5688 51.0281
11657.0000 0.0457 74.9819 49.0000 35.2885 41.9269 51.1776
11658.0000 0.0437 75.1032 49.0000 35.2399 42.4575 50.9510
11659.0000 0.0446 75.0751 49.0000 35.0459 42.5450 50.9704
11660.0000 0.0416 74.7179 49.0000 35.2956 42.2364 50.5279
11661.0000 0.0438 75.0045 49.0000 35.3663 42.1351 50.9856
11662.0000 0.0408 74.7718 49.0000 35.4263 42.2317 50.5201
11663.0000 0.0327 74.3073 49.0000 36.2240 41.8757 49.5563
11664.0000 0.0358 74.4329 49.0000 35.9106 41.9571 49.9027
11665.0000 0.0422 74.5340 49.0000 35.5597 41.5474 50.6423
11666.0000 0.0432 74.6865 49.0000 35.2412 42.0121 50.7062
11667.0000 0.0372 74.0136 49.0000 35.2668 42.1111 49.6076
11668.0000 0.0372 73.8093 49.0000 35.1628 42.0109 49.4618
11669.0000 0.0398 73.7641 49.0000 34.9654 41.8021 49.7106
11670.0000 0.0435 74.4070 49.0000 34.8531 42.1735 50.4288
11671.0000 0.0427 74.1533 49.0000 34.5945 42.3580 50.0772
11672.0000 0.0445 74.6827 49.0000 34.4817 42.9030 50.4763
11673.0000 0.0432 74.5387 49.0000 34.8047 42.4513 50.4236
11674.0000 0.0398 74.4911 49.0000 35.1342 42.4830 50.0970
11675.0000 0.0329 74.2605 49.0000 35.8634 42.3162 49.3739
11676.0000 0.0295 74.0118 49.0000 35.9550 42.4939 48.7776
11677.0000 0.0323 74.2397 49.0000 35.5785 42.8577 49.0808
11678.0000 0.0304 74.3090 49.0000 35.6960 43.1630 48.8322
11679.0000 0.0282 74.4534 49.0000 35.6736 43.9643 48.3513
11680.0000 0.0271 74.0515 49.0000 35.5868 43.8370 47.9115
11681.0000 0.0244 73.8081 49.0000 35.8652 43.6501 47.4972
11682.0000 0.0293 73.9998 49.0000 35.0219 44.3685 47.7585
11683.0000 0.0330 73.9978 49.0000 34.8139 43.7424 48.4795
11684.0000 0.0312 73.8141 49.0000 35.0725 43.3964 48.3239
11685.0000 0.0345 73.9154 49.0000 34.4665 43.9582 48.4069
11686.0000 0.0382 74.1507 49.0000 34.4979 43.3495 49.2854
11687.0000 0.0402 74.6601 49.0000 34.2717 44.0846 49.5594
11688.0000 0.0388 74.6075 49.0000 34.5402 43.8112 49.5363
11689.0000 0.0383 74.6800 49.0000 34.4373 44.2277 49.3466
11690.0000 0.0403 74.6995 49.0000 33.9245 44.8586 49.1615
11691.0000 0.0366 74.5776 49.0000 34.5050 44.3684 49.0170
11692.0000 0.0389 74.6083 49.0000 34.3254 44.1994 49.3414
11693.0000 0.0401 74.4790 49.0000 34.0064 44.3679 49.2157
11694.0000 0.0434 74.3223 49.0000 33.5000 44.3786 49.3161
11695.0000 0.0450 74.3484 49.0000 33.3850 44.2697 49.5310
11696.0000 0.0435 73.9594 49.0000 33.6566 43.4945 49.4516
11697.0000 0.0386 73.8195 49.0000 34.0002 43.7221 48.8025
11698.0000 0.0373 73.8272 49.0000 34.0556 43.9474 48.5726
11699.0000 0.0363 73.8379 49.0000 34.2081 43.9133 48.5125
11700.0000 0.0405 73.8603 49.0000 33.8373 43.6673 49.0260
11701.0000 0.0393 73.7561 49.0000 33.7431 44.0001 48.6350
11702.0000 0.0430 74.0747 49.0000 33.2912 44.5463 48.9324
11703.0000 0.0401 74.0326 49.0000 33.7309 44.2531 48.8336
11704.0000 0.0381 74.3086 49.0000 34.1363 44.3244 48.9063
11705.0000 0.0355 73.9735 49.0000 34.2696 44.2189 48.3979
11706.0000 0.0344 74.0441 49.0000 34.6585 43.7731 48.6337
11707.0000 0.0354 74.4959 49.0000 34.6561 44.2330 48.9084
11708.0000 0.0379 74.6289 49.0000 34.5294 44.0530 49.3612
11709.0000 0.0379 74.8176 49.0000 34.3173 44.8091 49.1136
11710.0000 0.0362 74.3884 49.0000 34.8035 43.5679 49.2360
11711.0000 0.0353 74.4371 49.0000 34.7972 43.8826 49.0341
11712.0000 0.0374 74.3355 49.0000 34.6068 43.5903 49.2750
11713.0000 0.0351 74.2764 49.0000 35.4773 42.5235 49.4986
11714.0000 0.0406 74.6498 49.0000 35.1232 42.5527 50.2815
11715.0000 0.0329 74.5290 49.0000 35.9387 42.5539 49.5192
11716.0000 0.0403 74.4255 49.0000 35.0538 42.4270 50.1032
11717.0000 0.0418 74.5612 49.0000 34.6929 42.9031 50.1508
11718.0000 0.0391 74.4046 49.0000 34.8156 42.9844 49.7621
11719.0000 0.0441 74.6285 49.0000 34.4904 42.8985 50.3938
11720.0000 0.0461 74.4937 49.0000 34.2833 42.6967 50.5070
11721.0000 0.0418 74.7703 49.0000 34.4367 43.5982 50.0391
11722.0000 0.0390 74.5152 49.0000 35.0055 42.8446 49.9146
11723.0000 0.0377 74.4422 49.0000 35.0901 42.8625 49.7305
11724.0000 0.0408 74.8478 49.0000 34.9570 43.0412 50.2759
11725.0000 0.0498 75.0360 49.0000 34.6874 42.2139 51.4313
11726.0000 0.0482 75.0751 49.0000 34.9979 42.0678 51.3976
11727.0000 0.0477 74.9616 49.0000 34.7958 42.2851 51.1904
11728.0000 0.0494 75.2770 49.0000 34.6442 42.6284 51.4707
11729.0000 0.0477 75.3359 49.0000 35.0830 42.3470 51.4919
11730.0000 0.0542 75.6697 49.0000 34.2551 42.9478 52.0382
11731.0000 0.0524 75.8598 49.0000 35.0737 42.3043 52.2962
11732.0000 0.0572 76.2640 49.0000 34.9036 42.3507 52.9562
11733.0000 0.0555 75.9834 49.0000 35.0190 42.1034 52.6732
11734.0000 0.0533 75.7587 49.0000 35.6943 41.2901 52.5397
11735.0000 0.0559 76.2430 49.0000 35.7256 41.4611 53.0816
11736.0000 0.0536 76.3693 49.0000 35.9310 41.6426 52.9824
11737.0000 0.0560 76.5798 49.0000 35.7685 41.7771 53.2894
11738.0000 0.0564 76.5990 49.0000 35.5906 41.9658 53.2877
11739.0000 0.0535 76.3624 49.0000 35.3778 42.3416 52.7903
11740.0000 0.0511 76.2624 49.0000 35.4181 42.5025 52.4884
11741.0000 0.0521 76.0319 49.0000 35.3812 42.1393 52.4719
11742.0000 0.0551 76.1693 49.0000 34.9039 42.5240 52.6800
11743.0000 0.0564 76.0998 49.0000 35.3297 41.7202 52.9378
11744.0000 0.0631 76.5891 49.0000 34.5587 42.3979 53.6098
11745.0000 0.0699 76.9151 49.0000 34.3701 42.1707 54.3715
11746.0000 0.0716 76.8258 49.0000 34.9117 41.2329 54.6189
11747.0000 0.0609 76.2453 49.0000 35.1102 41.5993 53.3865
11748.0000 0.0627 76.1878 49.0000 34.8234 41.6700 53.4371
11749.0000 0.0604 76.1875 49.0000 34.7170 42.0871 53.1783
11750.0000 0.0688 76.4088 49.0000 34.2689 41.8740 53.9492
11751.0000 0.0731 76.9557 49.0000 33.9958 42.3002 54.5633
11752.0000 0.0769 77.0748 49.0000 33.5720 42.5148 54.8264
11753.0000 0.0770 76.6930 49.0000 33.4091 42.2914 54.5627
11754.0000 0.0701 76.2088 49.0000 33.6115 42.3180 53.7330
11755.0000 0.0630 76.1812 49.0000 33.7545 43.0064 53.0534
11756.0000 0.0684 76.2302 49.0000 33.7425 42.3768 53.6348
11757.0000 0.0688 76.5236 49.0000 33.6576 42.7752 53.7894
11758.0000 0.0672 76.3759 49.0000 33.5076 43.0058 53.4884
11759.0000 0.0699 76.5816 49.0000 33.3518 43.1058 53.7986
11760.0000 0.0662 76.3667 49.0000 33.7306 42.8230 53.4819
11761.0000 0.0661 76.3125 49.0000 33.3425 43.3028 53.2611
11762.0000 0.0614 76.1879 49.0000 33.5973 43.4589 52.7933
11763.0000 0.0704 76.1937 49.0000 33.6376 42.2266 53.7672
11764.0000 0.0716 75.9006 49.0000 33.8571 41.4908 53.7877
11765.0000 0.0655 75.9056 49.0000 34.4961 41.4229 53.4399
11766.0000 0.0626 76.2169 49.0000 34.5823 42.0112 53.3680
11767.0000 0.0651 76.3599 49.0000 34.5006 41.9654 53.6605
11768.0000 0.0687 76.3469 49.0000 34.1258 41.9853 53.8657
11769.0000 0.0778 76.2535 49.0000 34.5462 40.3933 54.6767
11770.0000 0.0825 76.5538 49.0000 34.4257 40.3696 55.1874
11771.0000 0.0822 76.5692 49.0000 34.1326 40.7442 55.1155
11772.0000 0.0811 76.8459 49.0000 34.5026 40.7256 55.2837
11773.0000 0.0763 76.6594 49.0000 34.5997 40.9132 54.8237
11774.0000 0.0717 76.2728 49.0000 35.1448 40.3753 54.3343
11775.0000 0.0747 76.2617 49.0000 35.3468 39.8220 54.5954
11776.0000 0.0761 76.5708 49.0000 35.6716 39.6525 54.9390
11777.0000 0.0676 76.4878 49.0000 36.0876 39.9795 54.3112
11778.0000 0.0716 76.5121 49.0000 35.7953 39.9106 54.5887
11779.0000 0.0636 76.0485 49.0000 35.6307 40.4665 53.6310
11780.0000 0.0652 76.0954 49.0000 35.5225 40.4586 53.7752
11781.0000 0.0692 76.2799 49.0000 34.7766 41.0745 54.0565
11782.0000 0.0770 76.6131 49.0000 34.4608 40.9565 54.8140
11783.0000 0.0807 76.9167 49.0000 34.6766 40.6360 55.3392
11784.0000 0.0884 76.7743 49.0000 34.4937 39.9412 55.7600
11785.0000 0.0877 76.8517 49.0000 33.9162 40.7310 55.6494
11786.0000 0.0801 76.6975 49.0000 34.7692 40.3757 55.1672
11787.0000 0.0885 76.6246 49.0000 34.1523 40.1565 55.6094
11788.0000 0.0985 77.1108 49.0000 34.4714 39.3593 56.6450
11789.0000 0.1036 77.3156 49.0000 34.1203 39.4786 57.0522
11790.0000 0.1004 77.3139 49.0000 34.3272 39.5470 56.8780
11791.0000 0.0962 77.0463 49.0000 34.6978 39.2609 56.4869
11792.0000 0.1037 77.0489 49.0000 34.9015 38.3896 56.9619
11793.0000 0.1022 77.0212 49.0000 34.8633 38.5290 56.8536
11794.0000 0.1023 76.6743 49.0000 34.8522 38.1974 56.6147
11795.0000 0.0939 76.6001 49.0000 35.3741 38.3223 56.1039
11796.0000 0.0974 76.6107 49.0000 35.2415 38.1531 56.3168
11797.0000 0.0887 76.6132 49.0000 35.0977 39.0935 55.7623
11798.0000 0.0966 76.9636 49.0000 35.2320 38.5820 56.5114
11799.0000 0.0975 76.9714 49.0000 35.3503 38.3892 56.5793
11800.0000 0.0929 76.5356 49.0000 35.0355 38.7007 55.9684
11801.0000 0.0859 75.9682 49.0000 35.3907 38.4005 55.1730
11802.0000 0.0862 75.9744 49.0000 35.1412 38.6392 55.1744
11803.0000 0.0835 75.8988 49.0000 36.0769 37.8362 55.0229
11804.0000 0.0902 76.0306 49.0000 35.5258 37.9273 55.4986
11805.0000 0.0818 75.6076 49.0000 35.6290 38.1678 54.6836
11806.0000 0.0740 75.1523 49.0000 35.4852 38.6050 53.8361
11807.0000 0.0765 75.5899 49.0000 34.9542 39.3883 54.2273
11808.0000 0.0739 75.6469 49.0000 35.0876 39.5532 54.1004
11809.0000 0.0675 75.5105 49.0000 35.4220 39.7053 53.5780
11810.0000 0.0651 75.5877 49.0000 35.7914 39.6296 53.4974
11811.0000 0.0612 74.7917 49.0000 35.9687 39.0132 52.7070
11812.0000 0.0693 75.0683 49.0000 35.5471 38.9207 53.4493
11813.0000 0.0698 75.2421 49.0000 35.9701 38.5974 53.6448
11814.0000 0.0702 75.0708 49.0000 36.0679 38.2766 53.5690
11815.0000 0.0706 75.1390 49.0000 35.9520 38.4323 53.6309
11816.0000 0.0659 74.9458 49.0000 35.8384 38.8291 53.1487
11817.0000 0.0697 75.1379 49.0000 35.1902 39.3440 53.4734
11818.0000 0.0692 74.6359 49.0000 34.7010 39.4156 53.0355
11819.0000 0.0699 74.4667 49.0000 34.7625 39.1008 52.9905
11820.0000 0.0678 74.4279 49.0000 34.9576 39.0586 52.8385
11821.0000 0.0638 74.3519 49.0000 34.9172 39.4429 52.4715
11822.0000 0.0663 74.7127 49.0000 35.0062 39.4567 52.9124
11823.0000 0.0671 74.9418 49.0000 34.6637 40.0076 53.0480
11824.0000 0.0593 74.8349 49.0000 35.0022 40.3639 52.4010
11825.0000 0.0604 74.4966 49.0000 34.7551 40.1648 52.2361
11826.0000 0.0644 74.6884 49.0000 35.0019 39.6459 52.7392
11827.0000 0.0652 74.7114 49.0000 34.7870 39.8262 52.7782
11828.0000 0.0626 75.1872 49.0000 34.9115 40.4859 52.8696
11829.0000 0.0639 75.2699 49.0000 35.0171 40.2952 53.0627
11830.0000 0.0606 75.0751 49.0000 34.8205 40.6994 52.6057
11831.0000 0.0471 75.0235 49.0000 35.6759 41.2807 51.4942
11832.0000 0.0539 74.7564 49.0000 34.8904 41.0677 51.8134
11833.0000 0.0550 74.8974 49.0000 35.3777 40.4994 52.1328
11834.0000 0.0508 74.8533 49.0000 35.3800 40.9671 51.7007
11835.0000 0.0513 74.4754 49.0000 35.2761 40.6026 51.5133
11836.0000 0.0583 75.0775 49.0000 34.8943 40.8780 52.4215
11837.0000 0.0564 75.3408 49.0000 34.8994 41.4059 52.3815
11838.0000 0.0628 75.4238 49.0000 34.6250 41.0561 52.9552
11839.0000 0.0505 74.8628 49.0000 35.3553 41.0503 51.6654
11840.0000 0.0489 74.9363 49.0000 35.6638 40.9551 51.6355
11841.0000 0.0531 74.9533 49.0000 35.5816 40.5490 52.0359
11842.0000 0.0551 75.1325 49.0000 35.2488 40.9073 52.2400
11843.0000 0.0623 75.1309 49.0000 34.5655 40.8693 52.7217
11844.0000 0.0554 74.9959 49.0000 35.3940 40.5379 52.2334
11845.0000 0.0578 74.8484 49.0000 35.1355 40.4052 52.2991
11846.0000 0.0533 74.3015 49.0000 34.8090 40.7369 51.4737
11847.0000 0.0535 74.8300 49.0000 35.3770 40.6130 51.9479
11848.0000 0.0484 74.4718 49.0000 35.5776 40.5998 51.3024
11849.0000 0.0457 74.8625 49.0000 35.6385 41.3425 51.2357
11850.0000 0.0484 75.1125 49.0000 35.9860 40.8260 51.7700
11851.0000 0.0514 75.0842 49.0000 36.0133 40.3899 52.0512
11852.0000 0.0558 75.5581 49.0000 36.0864 40.2964 52.7541
11853.0000 0.0549 75.1719 49.0000 36.3709 39.6704 52.4807
11854.0000 0.0484 74.8955 49.0000 36.1766 40.3587 51.6891
11855.0000 0.0548 75.4489 49.0000 35.9522 40.4527 52.5696
11856.0000 0.0521 75.4081 49.0000 36.2993 40.3367 52.3612
11857.0000 0.0441 75.1663 49.0000 37.2143 40.0034 51.6216
11858.0000 0.0441 75.2278 49.0000 37.5021 39.7612 51.6900
11859.0000 0.0436 75.0204 49.0000 37.7012 39.3753 51.5389
11860.0000 0.0436 74.7418 49.0000 37.2543 39.5647 51.3136
11861.0000 0.0403 74.4924 49.0000 37.0785 39.9093 50.8091
11862.0000 0.0421 74.4951 49.0000 36.7633 40.0428 50.9367
11863.0000 0.0369 74.4808 49.0000 36.6862 40.8176 50.3531
11864.0000 0.0344 74.5342 49.0000 37.2004 40.6230 50.2120
11865.0000 0.0357 74.8647 49.0000 37.4206 40.5452 50.6014
11866.0000 0.0398 75.3100 49.0000 37.4115 40.4952 51.3042
11867.0000 0.0357 75.0620 49.0000 37.7410 40.3989 50.7725
11868.0000 0.0428 74.9210 49.0000 37.5744 39.5110 51.3830
11869.0000 0.0507 75.4954 49.0000 37.1631 39.6204 52.4279
11870.0000 0.0462 74.9171 49.0000 37.6639 39.0024 51.6993
11871.0000 0.0451 74.7774 49.0000 37.1898 39.4893 51.4700
11872.0000 0.0448 74.8377 49.0000 36.8068 40.0239 51.4201
11873.0000 0.0401 74.8392 49.0000 37.0820 40.3164 50.9943
11874.0000 0.0429 75.0150 49.0000 36.9367 40.3044 51.3662
11875.0000 0.0523 75.0243 49.0000 36.5470 39.6182 52.1858
11876.0000 0.0510 74.7681 49.0000 36.0740 40.0242 51.8362
11877.0000 0.0418 74.4514 49.0000 36.5396 40.2862 50.8419
11878.0000 0.0349 73.8066 49.0000 36.8142 40.1846 49.7728
11879.0000 0.0356 74.2145 49.0000 37.0399 40.2842 50.1301
11880.0000 0.0380 74.4538 49.0000 37.2143 40.0086 50.5745
11881.0000 0.0380 74.3177 49.0000 37.6258 39.4094 50.5402
11882.0000 0.0352 74.2276 49.0000 37.7628 39.5321 50.2088
11883.0000 0.0338 74.1712 49.0000 38.1315 39.2527 50.0657
11884.0000 0.0262 73.9611 49.0000 38.3757 39.8453 49.0906
11885.0000 0.0286 74.2164 49.0000 38.3565 39.7929 49.5316
11886.0000 0.0342 74.2515 49.0000 38.2889 39.1202 50.1682
11887.0000 0.0312 73.8708 49.0000 38.0268 39.4050 49.5793
11888.0000 0.0293 74.0134 49.0000 38.2318 39.5970 49.4812
11889.0000 0.0286 74.1114 49.0000 38.4960 39.5271 49.4790
11890.0000 0.0268 74.3800 49.0000 38.5286 40.0493 49.4366
11891.0000 0.0334 74.7153 49.0000 38.8455 39.1472 50.4072
11892.0000 0.0390 75.2717 49.0000 37.9349 39.9753 51.2713
11893.0000 0.0402 75.4241 49.0000 37.7515 40.1813 51.4692
11894.0000 0.0462 75.9161 49.0000 36.8461 40.9923 52.2039
11895.0000 0.0507 76.2242 49.0000 36.7470 40.8751 52.8110
11896.0000 0.0482 76.4678 49.0000 37.2358 40.8874 52.8113
11897.0000 0.0404 76.5713 49.0000 37.5618 41.6570 52.1245
11898.0000 0.0385 76.6552 49.0000 37.8788 41.6346 52.0363
11899.0000 0.0398 77.2385 49.0000 37.5912 42.4637 52.4359
11900.0000 0.0418 77.1689 49.0000 37.5978 42.0851 52.6336
11901.0000 0.0451 77.3431 49.0000 38.1381 41.2165 53.1850
11902.0000 0.0464 77.2641 49.0000 37.9940 41.1237 53.2450
11903.0000 0.0497 77.2252 49.0000 38.3489 40.2902 53.5704
11904.0000 0.0474 77.1917 49.0000 38.6290 40.2235 53.3706
11905.0000 0.0405 77.0146 49.0000 38.8298 40.6828 52.6156
11906.0000 0.0416 77.1053 49.0000 39.2549 40.1936 52.8086
11907.0000 0.0480 77.3300 49.0000 39.0946 39.8121 53.5400
11908.0000 0.0429 77.3222 49.0000 38.6991 40.8425 53.0377
11909.0000 0.0433 77.2096 49.0000 38.7997 40.5636 53.0142
11910.0000 0.0388 77.1643 49.0000 38.7379 41.1737 52.5208
11911.0000 0.0405 76.9129 49.0000 38.9418 40.4609 52.5552
11912.0000 0.0425 76.6674 49.0000 38.3763 40.5483 52.5452
11913.0000 0.0431 76.5789 49.0000 38.9960 39.7204 52.5921
11914.0000 0.0465 76.7303 49.0000 38.5635 39.9198 52.9793
11915.0000 0.0527 76.7827 49.0000 37.5729 40.3108 53.4687
11916.0000 0.0452 76.8086 49.0000 38.2307 40.5189 52.8791
11917.0000 0.0414 76.4832 49.0000 38.4821 40.3771 52.3306
11918.0000 0.0378 76.5020 49.0000 38.6764 40.6550 51.9987
11919.0000 0.0375 76.8454 49.0000 38.8716 40.8492 52.2069
11920.0000 0.0391 76.7912 49.0000 38.8741 40.5790 52.3358
11921.0000 0.0460 77.4026 49.0000 38.5633 40.6869 53.3724
11922.0000 0.0439 77.0410 49.0000 38.0327 41.1586 52.8658
11923.0000 0.0371 76.7240 49.0000 37.7999 42.0117 51.8918
11924.0000 0.0320 76.5145 49.0000 38.0217 42.2757 51.2015
11925.0000 0.0302 76.8758 49.0000 38.1310 42.8792 51.1595
11926.0000 0.0300 76.8344 49.0000 38.4574 42.4440 51.2159
11927.0000 0.0301 77.1769 49.0000 38.9076 42.2604 51.5415
11928.0000 0.0275 77.4323 49.0000 39.3824 42.4190 51.4337
11929.0000 0.0265 77.1955 49.0000 39.0324 42.7400 51.0775
11930.0000 0.0242 77.5312 49.0000 38.7322 44.0074 50.7372
11931.0000 0.0249 77.6577 49.0000 38.8012 43.9291 50.9453
11932.0000 0.0235 77.7171 49.0000 38.8858 44.1901 50.7452
11933.0000 0.0240 78.2304 49.0000 39.5758 43.7493 51.3784
11934.0000 0.0256 77.8656 49.0000 39.5841 42.9972 51.4528
11935.0000 0.0222 77.8932 49.0000 40.6304 42.3981 51.1753
11936.0000 0.0213 78.1367 49.0000 40.6611 42.7994 51.1882
11937.0000 0.0226 78.0244 49.0000 40.6130 42.4972 51.3067
11938.0000 0.0249 77.9481 49.0000 40.8961 41.7186 51.6040
11939.0000 0.0220 78.1571 49.0000 40.7253 42.6168 51.3205
11940.0000 0.0235 78.2312 49.0000 40.8662 42.2889 51.5918
11941.0000 0.0196 77.7080 49.0000 40.2227 43.1442 50.5889
11942.0000 0.0231 77.9259 49.0000 39.8239 43.2346 51.1593
11943.0000 0.0246 78.0957 49.0000 39.5417 43.5164 51.3977
11944.0000 0.0304 77.9646 49.0000 39.0203 42.9896 52.0364
11945.0000 0.0256 77.4336 49.0000 39.2362 42.9246 51.1269
11946.0000 0.0232 77.0869 49.0000 38.7981 43.5565 50.3977
11947.0000 0.0261 77.3299 49.0000 38.3594 43.8933 50.8119
11948.0000 0.0223 77.2412 49.0000 38.7965 43.9493 50.2940
11949.0000 0.0212 77.0859 49.0000 38.9315 43.7843 50.0950
11950.0000 0.0181 76.9315 49.0000 38.9756 44.2848 49.3783
11951.0000 0.0166 76.9902 49.0000 39.5259 43.8721 49.4008
11952.0000 0.0222 77.2569 49.0000 39.2095 43.4022 50.4727
11953.0000 0.0241 77.0907 49.0000 38.7201 43.4877 50.5227
11954.0000 0.0275 77.5219 49.0000 38.6333 43.4833 51.2475
11955.0000 0.0221 76.9377 49.0000 39.1762 43.0724 50.2931
11956.0000 0.0221 77.0913 49.0000 39.0415 43.4367 50.3198
11957.0000 0.0229 77.0807 49.0000 39.6599 42.4614 50.6513
11958.0000 0.0244 77.3168 49.0000 39.6990 42.4308 51.0051
11959.0000 0.0175 77.1192 49.0000 40.3056 42.7626 49.9418
11960.0000 0.0176 76.9732 49.0000 40.2374 42.6555 49.8631
11961.0000 0.0158 76.6458 49.0000 40.3367 42.5230 49.3895
11962.0000 0.0113 76.3782 49.0000 41.0145 42.4172 48.4997
11963.0000 0.0117 76.3941 49.0000 40.6494 42.7762 48.5168
11964.0000 0.0132 76.1668 49.0000 40.3298 42.5493 48.6255
11965.0000 0.0133 76.4737 49.0000 40.4458 42.7363 48.8464
11966.0000 0.0161 76.6347 49.0000 39.8382 43.0907 49.2848
11967.0000 0.0133 76.5442 49.0000 40.4183 42.8600 48.8712
11968.0000 0.0110 76.5461 49.0000 40.5728 43.2592 48.3922
11969.0000 0.0137 76.1504 49.0000 40.2268 42.5353 48.6974
11970.0000 0.0113 76.4044 49.0000 40.6780 42.8651 48.4305
11971.0000 0.0062 76.0635 49.0000 41.6024 42.7440 47.2001
11972.0000 0.0055 76.3441 49.0000 42.0091 42.8459 47.2006
11973.0000 0.0050 76.6399 49.0000 41.9213 43.5093 47.1511
11974.0000 0.0038 76.4452 49.0000 42.1795 43.4265 46.6787
11975.0000 0.0055 76.6532 49.0000 41.5133 43.9332 47.1404
11976.0000 0.0053 76.5214 49.0000 41.2911 44.1898 46.8810
11977.0000 0.0066 76.3612 49.0000 40.6491 44.5604 46.8300
11978.0000 0.0032 76.1139 49.0000 41.4359 44.7511 45.5381
11979.0000 0.0042 76.0546 49.0000 40.9772 45.0045 45.6044
11980.0000 0.0046 76.1550 49.0000 40.9028 45.1588 45.6862
11981.0000 0.0040 76.1923 49.0000 41.1493 44.9126 45.7697
11982.0000 0.0034 76.1756 49.0000 41.5118 44.3567 45.9562
11983.0000 0.0045 76.3270 49.0000 41.2097 44.5454 46.2956
11984.0000 0.0035 76.2446 49.0000 41.5422 44.3969 46.0043
11985.0000 0.0046 75.9156 49.0000 41.1450 43.8739 46.3179
11986.0000 0.0028 75.8422 49.0000 41.9495 43.3952 45.9252
11987.0000 0.0036 76.3053 49.0000 42.1309 43.3617 46.5537
11988.0000 0.0039 76.6238 49.0000 41.5438 44.7611 46.2792
11989.0000 0.0027 76.7229 49.0000 42.2004 44.4460 46.1529
11990.0000 0.0029 76.6913 49.0000 42.3377 43.9631 46.4362
11991.0000 0.0031 76.5630 49.0000 41.9860 44.2899 46.2328
11992.0000 0.0024 76.3225 49.0000 42.0026 44.4184 45.6936
11993.0000 0.0036 76.5224 49.0000 41.6575 44.5247 46.2372
11994.0000 0.0045 76.2381 49.0000 41.1135 44.6595 46.1245
11995.0000 0.0023 76.0582 49.0000 41.8454 44.3866 45.4273
11996.0000 0.0022 75.7885 49.0000 42.0264 43.6205 45.5514
11997.0000 0.0009 75.8096 49.0000 42.4045 44.3647 44.5054
11998.0000 0.0021 76.1791 49.0000 41.9772 44.5959 45.3033
11999.0000 0.0034 76.3385 49.0000 41.7881 44.0620 46.2586
12000.0000 0.0030 76.3571 49.0000 41.7847 44.4261 45.9431
12001.0000 0.0026 76.1302 49.0000 41.8215 44.2885 45.6651
12002.0000 0.0024 75.8725 49.0000 41.7273 44.1974 45.4099
12003.0000 0.0036 75.4016 49.0000 40.9484 44.1399 45.3905
12004.0000 0.0035 75.2258 49.0000 40.8734 44.0524 45.2513
12005.0000 0.0036 74.8985 49.0000 40.7028 43.7759 45.1302
12006.0000 0.0033 75.6894 49.0000 41.2684 44.1724 45.5477
12007.0000 0.0036 75.7368 49.0000 41.1482 44.2826 45.6284
12008.0000 0.0042 75.6093 49.0000 41.1648 43.5760 46.0799
12009.0000 0.0039 76.0199 49.0000 42.2049 42.8010 46.5387
12010.0000 0.0016 76.2939 49.0000 42.6698 43.7333 45.6886
12011.0000 0.0028 76.3529 49.0000 42.2072 43.7472 46.2007
12012.0000 0.0045 76.2841 49.0000 41.3181 44.1890 46.4695
12013.0000 0.0036 76.1403 49.0000 41.3612 44.5956 45.8021
12014.0000 0.0045 75.9568 49.0000 41.1255 44.0361 46.2487
12015.0000 0.0037 76.3372 49.0000 41.4917 44.4810 46.1221
12016.0000 0.0031 76.5212 49.0000 41.9317 44.2757 46.2265
12017.0000 0.0038 76.5620 49.0000 41.9113 43.9470 46.6245
12018.0000 0.0046 76.2872 49.0000 42.0282 43.0816 46.8758
12019.0000 0.0042 76.1742 49.0000 41.7555 43.4393 46.6048
12020.0000 0.0033 75.7290 49.0000 41.4724 43.7587 45.8267
12021.0000 0.0047 75.8927 49.0000 41.3858 43.3883 46.5228
12022.0000 0.0038 75.8433 49.0000 41.6033 43.4359 46.2027
12023.0000 0.0032 75.5484 49.0000 41.2660 43.9907 45.4918
12024.0000 0.0034 75.6140 49.0000 41.0733 44.5450 45.2349
12025.0000 0.0032 75.5015 49.0000 41.2053 44.0362 45.4248
12026.0000 0.0047 75.8064 49.0000 40.7230 44.6359 45.7807
12027.0000 0.0040 76.2535 49.0000 41.4326 44.2354 46.2728
12028.0000 0.0036 76.0063 49.0000 41.2608 44.6211 45.6449
12029.0000 0.0032 76.3506 49.0000 41.5277 45.0337 45.5722
12030.0000 0.0040 76.0012 49.0000 41.2210 44.2442 46.0376
12031.0000 0.0049 76.2221 49.0000 41.4334 43.6807 46.7447
12032.0000 0.0050 75.6586 49.0000 41.0663 43.4037 46.4102
12033.0000 0.0052 75.8786 49.0000 41.6663 42.7832 46.8090
12034.0000 0.0051 75.9351 49.0000 41.3396 43.3624 46.6570
12035.0000 0.0041 75.7623 49.0000 41.7583 42.9598 46.3750
12036.0000 0.0056 76.3911 49.0000 41.3802 43.7122 47.0375
12037.0000 0.0052 75.9409 49.0000 41.5863 42.9651 46.8145
12038.0000 0.0090 75.4435 49.0000 40.5753 42.4238 47.3876
12039.0000 0.0070 75.2431 49.0000 40.6351 42.7185 46.7487
12040.0000 0.0073 75.2449 49.0000 40.3997 42.9471 46.7462
12041.0000 0.0081 74.8943 49.0000 39.9509 42.8682 46.6413
12042.0000 0.0079 74.6368 49.0000 39.7703 42.8454 46.4030
12043.0000 0.0088 74.2723 49.0000 40.0212 41.7083 46.6379
12044.0000 0.0092 74.3366 49.0000 39.8344 41.9173 46.7129
12045.0000 0.0104 74.4542 49.0000 39.8985 41.6634 47.0712
12046.0000 0.0095 74.4193 49.0000 40.0252 41.7080 46.8685
12047.0000 0.0109 74.6776 49.0000 40.1887 41.4596 47.3573
12048.0000 0.0081 74.8342 49.0000 41.0143 41.4127 46.9358
12049.0000 0.0093 74.8664 49.0000 40.3907 41.8583 47.1322
12050.0000 0.0100 74.2935 49.0000 40.0017 41.4352 46.9309
12051.0000 0.0131 74.3801 49.0000 39.4971 41.4115 47.5129
12052.0000 0.0130 74.3749 49.0000 38.8664 42.2945 47.2462
12053.0000 0.0095 74.0321 49.0000 39.5020 41.9015 46.5254
12054.0000 0.0129 74.4883 49.0000 39.4960 41.5984 47.5200
12055.0000 0.0099 74.4171 49.0000 39.7812 41.9057 46.8963
12056.0000 0.0132 74.5515 49.0000 38.7889 42.6032 47.3108
12057.0000 0.0114 74.5328 49.0000 39.0671 42.6647 46.9960
12058.0000 0.0121 74.8227 49.0000 39.3766 42.3926 47.4425
12059.0000 0.0099 74.8573 49.0000 40.4638 41.6030 47.2809
12060.0000 0.0106 75.1583 49.0000 40.7352 41.4747 47.6368
12061.0000 0.0103 75.4113 49.0000 40.7916 41.7832 47.7188
12062.0000 0.0081 75.1284 49.0000 40.5130 42.3759 46.9815
12063.0000 0.0092 74.7584 49.0000 40.1888 41.9908 47.0154
12064.0000 0.0086 74.6902 49.0000 40.1377 42.1557 46.8026
12065.0000 0.0074 74.5073 49.0000 40.2582 42.1375 46.4225
12066.0000 0.0069 74.5769 49.0000 40.3299 42.2765 46.3455
12067.0000 0.0082 74.7595 49.0000 39.9546 42.6130 46.6555
12068.0000 0.0092 74.7112 49.0000 39.7238 42.5682 46.8159
12069.0000 0.0136 75.1372 49.0000 39.2440 42.5852 47.8749
12070.0000 0.0099 74.6497 49.0000 39.6815 42.3574 46.9447
12071.0000 0.0057 74.3133 49.0000 40.1674 42.6284 45.7370
12072.0000 0.0061 74.0594 49.0000 40.1550 42.1051 45.8205
12073.0000 0.0101 74.4746 49.0000 39.4218 42.4297 46.8199
12074.0000 0.0116 74.3125 49.0000 39.3222 41.9240 47.1009
12075.0000 0.0061 74.4120 49.0000 40.4146 42.2338 46.0447
12076.0000 0.0067 74.0540 49.0000 40.6194 41.3357 46.1021
12077.0000 0.0088 74.1005 49.0000 40.2529 41.2183 46.6008
12078.0000 0.0097 74.2336 49.0000 40.2926 41.1243 46.8606
12079.0000 0.0087 74.3141 49.0000 40.1672 41.6071 46.6694
12080.0000 0.0090 74.2369 49.0000 40.2470 41.3592 46.6980
12081.0000 0.0085 74.3337 49.0000 40.7051 41.0789 46.7024
12082.0000 0.0067 74.4960 49.0000 40.6193 41.8528 46.3473
12083.0000 0.0089 74.4688 49.0000 40.1970 41.7164 46.7927
12084.0000 0.0064 74.7109 49.0000 40.7163 42.0986 46.3854
12085.0000 0.0081 74.7238 49.0000 40.4810 41.8909 46.7984
12086.0000 0.0084 74.8556 49.0000 40.3452 42.1458 46.8973
12087.0000 0.0086 74.7984 49.0000 40.5117 41.8220 46.9523
12088.0000 0.0090 74.5803 49.0000 40.7046 41.2393 46.9540
12089.0000 0.0104 74.5254 49.0000 40.1970 41.4049 47.1580
12090.0000 0.0113 74.4668 49.0000 39.7631 41.6235 47.2406
12091.0000 0.0140 74.7977 49.0000 39.6833 41.5068 47.9283
12092.0000 0.0110 74.2359 49.0000 39.6303 41.5871 47.0204
12093.0000 0.0147 74.2048 49.0000 38.6334 41.9728 47.4563
12094.0000 0.0127 74.0322 49.0000 39.5347 41.0477 47.2531
12095.0000 0.0101 73.9890 49.0000 39.7438 41.3749 46.7216
12096.0000 0.0129 74.1755 49.0000 39.6408 41.0412 47.3945
12097.0000 0.0082 73.8178 49.0000 40.2525 41.0491 46.3009
12098.0000 0.0078 73.8905 49.0000 40.2853 41.2044 46.2504
12099.0000 0.0097 73.8367 49.0000 40.2303 40.7376 46.6243
12100.0000 0.0094 73.9719 49.0000 39.7446 41.5205 46.5645
12101.0000 0.0100 73.6655 49.0000 39.5087 41.2956 46.4795
12102.0000 0.0121 73.5153 49.0000 39.0929 41.1064 46.7602
12103.0000 0.0131 73.8473 49.0000 38.5526 42.0105 46.9280
12104.0000 0.0151 73.9611 49.0000 38.4328 41.8249 47.3693
12105.0000 0.0127 74.0228 49.0000 38.7481 42.0812 46.9801
12106.0000 0.0126 74.0095 49.0000 38.8331 41.9548 47.0021
12107.0000 0.0148 74.1817 49.0000 38.5120 42.0870 47.4176
12108.0000 0.0158 74.2097 49.0000 38.4205 42.0193 47.5954
12109.0000 0.0184 74.2297 49.0000 37.7423 42.4339 47.8009
12110.0000 0.0164 74.6331 49.0000 37.9267 43.2395 47.5607
12111.0000 0.0219 75.1180 49.0000 37.4881 43.2296 48.6679
12112.0000 0.0195 74.9338 49.0000 38.0484 42.6508 48.4593
12113.0000 0.0175 74.6777 49.0000 38.9381 41.5312 48.3296
12114.0000 0.0173 74.5999 49.0000 38.8768 41.5630 48.2312
12115.0000 0.0169 74.8357 49.0000 38.8488 41.9757 48.2618
12116.0000 0.0132 74.6650 49.0000 39.3372 41.9626 47.6088
12117.0000 0.0121 75.1768 49.0000 39.8022 42.2654 47.7596
12118.0000 0.0179 75.4602 49.0000 39.5242 41.6680 48.9475
12119.0000 0.0129 75.3656 49.0000 39.3281 42.9758 47.8158
12120.0000 0.0121 75.2618 49.0000 39.3309 43.0673 47.5671
12121.0000 0.0131 75.1040 49.0000 38.7065 43.5950 47.3485
12122.0000 0.0121 74.9088 49.0000 38.4753 44.1586 46.7011
12123.0000 0.0109 75.0097 49.0000 38.5983 44.8316 46.1168
12124.0000 0.0119 75.0567 49.0000 38.3458 45.2352 46.0097
12125.0000 0.0138 74.9245 49.0000 37.9095 45.0524 46.3339
12126.0000 0.0148 74.7342 49.0000 37.7143 44.5859 46.6361
12127.0000 0.0175 75.0672 49.0000 37.4818 44.5609 47.3764
12128.0000 0.0153 75.2034 49.0000 38.1417 44.1157 47.4823
12129.0000 0.0144 75.2044 49.0000 38.5052 43.6872 47.5867
12130.0000 0.0111 74.9913 49.0000 38.9182 43.7288 46.8707
12131.0000 0.0093 74.8450 49.0000 39.1966 43.7163 46.4143
12132.0000 0.0118 75.0035 49.0000 39.2669 42.8737 47.3865
12133.0000 0.0129 74.8607 49.0000 39.2772 42.3715 47.6033
12134.0000 0.0103 74.9622 49.0000 39.6102 42.7419 47.1539
12135.0000 0.0080 74.6435 49.0000 39.9915 42.4883 46.5519
12136.0000 0.0095 74.4822 49.0000 39.7105 42.2029 46.7931
12137.0000 0.0071 74.3406 49.0000 40.3094 41.9363 46.2928
12138.0000 0.0080 74.5804 49.0000 39.7211 42.8211 46.3770
12139.0000 0.0096 74.5456 49.0000 39.3463 42.8031 46.6563
12140.0000 0.0117 74.9209 49.0000 38.7036 43.8375 46.8343
12141.0000 0.0108 75.1979 49.0000 39.1090 43.8198 46.9578
12142.0000 0.0085 75.1659 49.0000 39.9190 43.1512 46.8441
12143.0000 0.0104 75.1262 49.0000 39.4703 43.1778 47.1352
12144.0000 0.0089 75.2151 49.0000 39.4253 44.0269 46.5251
12145.0000 0.0100 75.2456 49.0000 39.4164 43.6012 46.9807
12146.0000 0.0118 75.1990 49.0000 38.9862 43.6680 47.2024
12147.0000 0.0098 74.9860 49.0000 39.1738 43.7660 46.6139
12148.0000 0.0108 75.0033 49.0000 39.1131 43.5052 46.9356
12149.0000 0.0100 75.4353 49.0000 39.4511 43.8516 47.0226
12150.0000 0.0082 75.2691 49.0000 40.1685 43.0173 46.9196
12151.0000 0.0128 75.3710 49.0000 39.0605 43.4585 47.6070
12152.0000 0.0138 75.5586 49.0000 38.9169 43.6628 47.8345
12153.0000 0.0109 75.2188 49.0000 39.4387 43.1883 47.2993
12154.0000 0.0103 75.1099 49.0000 39.6999 42.8030 47.2579
12155.0000 0.0131 74.5886 49.0000 39.3015 41.9357 47.5420
12156.0000 0.0117 74.4534 49.0000 39.3087 42.1101 47.1686
12157.0000 0.0131 74.4687 49.0000 38.6589 42.7115 47.1889
12158.0000 0.0132 74.6480 49.0000 38.8392 42.6590 47.3714
12159.0000 0.0116 74.3498 49.0000 39.0617 42.3580 46.9881
12160.0000 0.0073 74.2101 49.0000 39.6867 42.6191 45.9969
12161.0000 0.0080 73.8168 49.0000 39.4963 42.0793 46.0249
12162.0000 0.0103 74.4227 49.0000 39.4843 42.2060 46.8870
12163.0000 0.0133 74.2121 49.0000 39.0066 41.7880 47.3254
12164.0000 0.0149 74.1979 49.0000 38.8784 41.5835 47.5880
12165.0000 0.0174 74.8268 49.0000 38.6971 42.0469 48.3078
12166.0000 0.0169 74.8631 49.0000 38.9301 41.8859 48.3167
12167.0000 0.0213 74.3667 49.0000 38.4497 41.0407 48.6588
12168.0000 0.0203 74.1786 49.0000 38.9564 40.4097 48.4965
12169.0000 0.0159 74.6008 49.0000 39.2258 41.4120 48.0798
12170.0000 0.0144 74.5996 49.0000 38.9483 42.1129 47.6931
12171.0000 0.0161 74.9001 49.0000 38.6186 42.5639 48.0305
12172.0000 0.0195 75.2143 49.0000 38.4260 42.4740 48.7503
12173.0000 0.0191 75.0449 49.0000 38.4468 42.2995 48.6245
12174.0000 0.0171 74.7400 49.0000 38.6655 42.0592 48.1879
12175.0000 0.0168 74.4305 49.0000 38.1784 42.4305 47.7698
12176.0000 0.0160 74.4534 49.0000 38.6708 41.9252 47.8556
12177.0000 0.0179 74.6728 49.0000 38.6366 41.8394 48.2981
12178.0000 0.0149 74.6370 49.0000 39.3514 41.5100 47.9486
12179.0000 0.0169 74.7266 49.0000 38.3699 42.5088 48.0084
12180.0000 0.0170 74.7336 49.0000 38.2733 42.6282 47.9907
12181.0000 0.0163 74.7333 49.0000 38.2292 42.9037 47.7793
12182.0000 0.0138 74.2456 49.0000 38.4203 42.5718 47.1586
12183.0000 0.0089 73.7648 49.0000 38.9504 42.5771 45.9489
12184.0000 0.0085 74.2618 49.0000 39.4715 42.5769 46.3035
12185.0000 0.0073 74.0710 49.0000 39.5960 42.5424 45.9219
12186.0000 0.0071 74.2450 49.0000 40.0277 42.2084 46.1362
12187.0000 0.0086 74.3070 49.0000 39.6297 42.3588 46.4408
12188.0000 0.0112 74.1391 49.0000 39.6085 41.4453 47.0113
12189.0000 0.0105 73.8950 49.0000 39.3039 41.7114 46.6457
12190.0000 0.0087 73.7824 49.0000 39.6818 41.5763 46.2667
12191.0000 0.0110 73.3883 49.0000 38.8147 41.5841 46.3684
12192.0000 0.0163 73.6744 49.0000 38.3588 41.3054 47.4382
12193.0000 0.0144 73.6543 49.0000 39.0549 40.8004 47.2758
12194.0000 0.0191 73.5496 49.0000 38.0903 40.9095 47.8025
12195.0000 0.0197 73.6267 49.0000 37.9394 41.0824 47.8930
12196.0000 0.0197 73.8385 49.0000 38.1022 41.1349 48.0445
12197.0000 0.0142 73.5443 49.0000 38.1721 41.8950 46.8664
12198.0000 0.0174 74.0036 49.0000 37.7477 42.3720 47.5001
12199.0000 0.0192 74.1474 49.0000 38.0295 41.7165 48.0764
12200.0000 0.0173 74.7713 49.0000 38.4531 42.3350 48.1648
12201.0000 0.0145 75.0140 49.0000 39.0122 42.5289 47.9211
12202.0000 0.0159 75.5116 49.0000 39.3349 42.3941 48.5541
12203.0000 0.0141 75.5501 49.0000 39.8223 42.2086 48.3781
12204.0000 0.0158 75.5694 49.0000 39.4603 42.3135 48.6126
12205.0000 0.0156 75.6708 49.0000 39.3088 42.6998 48.5553
12206.0000 0.0156 75.9331 49.0000 39.0416 43.4588 48.5069
12207.0000 0.0165 75.7203 49.0000 38.4893 43.8098 48.2994
12208.0000 0.0116 75.4125 49.0000 39.0724 43.9019 47.2549
12209.0000 0.0184 75.4447 49.0000 37.9241 43.8925 48.2402
12210.0000 0.0229 75.5314 49.0000 37.2031 44.0836 48.7603
12211.0000 0.0266 75.7334 49.0000 36.9234 43.9232 49.4263
12212.0000 0.0276 75.3016 49.0000 36.6286 43.5779 49.2914
12213.0000 0.0244 75.4369 49.0000 36.9123 44.0807 48.8374
12214.0000 0.0228 75.2384 49.0000 36.9241 44.1977 48.4147
12215.0000 0.0201 74.8792 49.0000 37.1244 44.0708 47.8167
12216.0000 0.0199 74.9965 49.0000 37.5328 43.4945 48.2079
12217.0000 0.0181 75.4678 49.0000 38.6704 42.7652 48.6942
12218.0000 0.0185 75.3829 49.0000 38.3509 43.0375 48.5753
12219.0000 0.0249 75.2594 49.0000 37.5808 42.5988 49.3660
12220.0000 0.0228 75.5803 49.0000 37.8463 43.0648 49.2490
12221.0000 0.0254 75.4949 49.0000 37.5072 42.9086 49.5130
12222.0000 0.0269 76.3918 49.0000 37.4345 43.9191 50.0546
12223.0000 0.0259 75.9987 49.0000 37.9976 42.7642 50.0321
12224.0000 0.0270 75.8717 49.0000 37.7662 42.7043 50.0657
12225.0000 0.0297 76.2347 49.0000 37.9593 42.4088 50.7179
12226.0000 0.0233 75.5409 49.0000 37.7499 43.0606 49.2662
12227.0000 0.0277 75.9237 49.0000 37.4673 43.0604 50.0642
12228.0000 0.0243 75.4981 49.0000 37.2788 43.5381 49.1396
12229.0000 0.0228 75.2733 49.0000 37.5995 43.0535 48.9769
12230.0000 0.0195 75.1366 49.0000 37.4996 43.8994 48.0846
12231.0000 0.0245 75.7742 49.0000 37.2434 43.9390 49.2342
12232.0000 0.0268 75.7111 49.0000 37.1880 43.3998 49.6556
12233.0000 0.0257 75.7508 49.0000 37.2952 43.5166 49.5334
12234.0000 0.0244 75.9438 49.0000 37.0984 44.4956 49.1052
12235.0000 0.0243 75.4339 49.0000 37.3006 43.3953 49.1505
12236.0000 0.0251 74.8371 49.0000 36.4872 43.7837 48.5003
12237.0000 0.0217 74.9542 49.0000 36.8913 44.1603 48.0316
12238.0000 0.0220 74.8175 49.0000 36.8549 43.9177 48.0688
12239.0000 0.0254 74.5874 49.0000 36.2541 43.7706 48.3017
12240.0000 0.0278 74.7932 49.0000 36.0651 43.8295 48.7064
12241.0000 0.0251 74.9634 49.0000 36.6983 43.5827 48.7164
12242.0000 0.0272 74.6581 49.0000 36.5478 42.9189 48.9496
12243.0000 0.0246 74.3900 49.0000 36.7688 42.7541 48.5183
12244.0000 0.0231 74.4273 49.0000 37.3660 42.2099 48.5956
12245.0000 0.0250 75.0649 49.0000 37.5926 42.3269 49.2947
12246.0000 0.0244 75.1694 49.0000 37.9920 42.0142 49.4151
12247.0000 0.0218 75.2190 49.0000 37.9564 42.6509 48.9704
12248.0000 0.0210 75.0212 49.0000 37.6365 43.0600 48.5542
12249.0000 0.0262 74.7854 49.0000 37.1516 42.3522 49.1824
12250.0000 0.0279 74.9933 49.0000 36.5147 43.2651 49.1814
12251.0000 0.0278 74.9228 49.0000 36.4305 43.3330 49.0764
12252.0000 0.0264 74.9919 49.0000 36.7384 43.2426 49.0323
12253.0000 0.0354 74.9760 49.0000 35.6863 43.0535 49.9428
12254.0000 0.0390 75.5275 49.0000 35.9922 42.6664 50.8778
12255.0000 0.0397 75.4666 49.0000 36.1314 42.2798 51.0112
12256.0000 0.0383 75.1023 49.0000 36.7023 41.3144 50.8569
12257.0000 0.0428 74.7463 49.0000 36.3091 40.7607 51.0610
12258.0000 0.0351 74.4617 49.0000 37.0882 40.5747 50.2265
12259.0000 0.0351 74.5173 49.0000 36.7863 41.0091 50.1782
12260.0000 0.0371 75.0508 49.0000 36.8309 41.2764 50.7185
12261.0000 0.0407 75.4598 49.0000 36.7388 41.3408 51.3359
12262.0000 0.0372 75.0426 49.0000 36.5437 41.6216 50.6319
12263.0000 0.0429 75.8287 49.0000 36.4259 41.8500 51.6887
12264.0000 0.0370 75.1306 49.0000 36.3661 41.9792 50.5950
12265.0000 0.0356 75.3342 49.0000 36.8593 41.7986 50.6903
12266.0000 0.0349 74.8024 49.0000 36.9412 41.1762 50.3514
12267.0000 0.0343 74.6595 49.0000 37.0959 40.9052 50.2463
12268.0000 0.0323 74.7181 49.0000 36.8793 41.5671 49.9489
12269.0000 0.0341 74.7295 49.0000 36.4367 41.8722 50.0359
12270.0000 0.0335 74.9085 49.0000 36.5050 42.0930 50.0685
12271.0000 0.0344 75.1087 49.0000 36.9801 41.5655 50.4589
12272.0000 0.0277 75.1377 49.0000 37.5410 41.9840 49.7361
12273.0000 0.0272 74.8711 49.0000 37.6123 41.6520 49.5592
12274.0000 0.0316 75.0504 49.0000 37.4024 41.3960 50.1994
12275.0000 0.0342 74.7614 49.0000 36.9402 41.2335 50.2442
12276.0000 0.0340 74.7537 49.0000 36.8854 41.3239 50.1989
12277.0000 0.0317 74.9342 49.0000 36.9165 41.8749 49.9879
12278.0000 0.0309 74.8274 49.0000 36.9578 41.8230 49.8407
12279.0000 0.0333 74.8858 49.0000 36.7851 41.7233 50.1389
12280.0000 0.0327 75.1032 49.0000 36.5740 42.3854 50.0631
12281.0000 0.0299 74.8620 49.0000 36.8581 42.1739 49.6705
12282.0000 0.0289 74.8614 49.0000 37.2432 41.8325 49.6711
12283.0000 0.0270 74.5668 49.0000 37.1194 41.9713 49.2012
12284.0000 0.0261 74.5771 49.0000 37.2546 41.9666 49.1186
12285.0000 0.0331 74.6889 49.0000 36.7084 41.6219 49.9854
12286.0000 0.0365 74.3921 49.0000 36.3138 41.2492 50.1398
12287.0000 0.0361 74.6223 49.0000 36.1083 41.8640 50.1207
12288.0000 0.0336 74.5476 49.0000 36.1317 42.1666 49.7376
12289.0000 0.0303 74.3538 49.0000 36.1827 42.4367 49.1775
12290.0000 0.0320 74.2904 49.0000 36.4438 41.6810 49.5339
12291.0000 0.0354 74.6515 49.0000 36.0759 42.0553 50.0273
12292.0000 0.0355 74.3843 49.0000 36.1038 41.6727 49.9292
12293.0000 0.0397 74.2991 49.0000 35.6621 41.5087 50.2554
12294.0000 0.0347 74.1951 49.0000 36.3159 41.2860 49.8149
12295.0000 0.0300 73.6816 49.0000 36.2389 41.5534 48.8777
12296.0000 0.0325 73.5197 49.0000 36.1413 41.0554 49.1264
12297.0000 0.0394 73.6387 49.0000 35.8653 40.5040 49.9576
12298.0000 0.0383 73.6685 49.0000 35.8565 40.7131 49.8377
12299.0000 0.0378 73.0653 49.0000 35.3598 40.7121 49.3025
12300.0000 0.0380 75.6805 50.0000 35.8142 43.2870 50.7062
12301.0000 0.0320 73.2615 49.0000 36.1968 40.7501 48.9538
12302.0000 0.0381 73.8680 49.0000 36.2661 40.4679 50.0360
12303.0000 0.0398 74.1714 49.0000 35.5562 41.4789 50.1663
12304.0000 0.0391 73.7578 49.0000 36.0547 40.4586 50.0338
12305.0000 0.0335 73.8226 49.0000 36.2038 41.1795 49.4298
12306.0000 0.0337 73.8208 49.0000 35.9643 41.4698 49.3592
12307.0000 0.0378 73.8897 49.0000 35.7264 41.2275 49.8359
12308.0000 0.0411 74.3193 49.0000 36.4482 40.3456 50.6668
12309.0000 0.0347 73.9616 49.0000 37.2597 39.8652 49.9279
12310.0000 0.0276 73.6135 49.0000 37.2838 40.4953 48.8773
12311.0000 0.0295 73.3479 49.0000 36.7102 40.5983 48.8267
12312.0000 0.0229 73.3220 49.0000 36.9938 41.3650 47.9219
12313.0000 0.0262 73.4123 49.0000 37.4529 40.2837 48.6197
12314.0000 0.0278 73.2395 49.0000 37.5306 39.7380 48.7480
12315.0000 0.0334 73.5839 49.0000 36.5547 40.4658 49.4051
12316.0000 0.0325 73.8026 49.0000 36.8152 40.5332 49.4826
12317.0000 0.0278 73.4880 49.0000 37.2955 40.2967 48.8437
12318.0000 0.0280 73.3154 49.0000 37.1473 40.2527 48.7334
12319.0000 0.0299 73.6867 49.0000 36.7801 40.8464 49.0768
12320.0000 0.0251 73.6386 49.0000 37.7980 40.3139 48.6697
12321.0000 0.0246 73.5893 49.0000 37.5422 40.6486 48.5145
12322.0000 0.0277 73.3994 49.0000 36.9877 40.5899 48.7015
12323.0000 0.0283 73.2063 49.0000 36.3890 41.0460 48.4791
12324.0000 0.0301 73.5306 49.0000 36.9687 40.3837 49.0838
12325.0000 0.0247 73.4836 49.0000 37.0673 41.1138 48.3271
12326.0000 0.0262 73.4793 49.0000 36.6472 41.4166 48.3824
12327.0000 0.0237 74.0017 49.0000 37.3300 41.5886 48.5088
12328.0000 0.0189 73.6847 49.0000 37.7556 41.5800 47.6976
12329.0000 0.0203 73.6890 49.0000 37.9038 41.0880 48.0120
12330.0000 0.0169 73.7882 49.0000 38.1661 41.5679 47.5412
12331.0000 0.0151 73.7994 49.0000 38.7871 41.1615 47.4094
12332.0000 0.0172 74.0323 49.0000 38.3083 41.6096 47.7692
12333.0000 0.0185 73.6976 49.0000 38.2811 40.9766 47.8206
12334.0000 0.0161 73.2922 49.0000 38.3998 40.8161 47.2361
12335.0000 0.0171 73.6745 49.0000 38.7308 40.6712 47.6835
12336.0000 0.0159 73.6710 49.0000 39.1876 40.3732 47.5579
12337.0000 0.0184 73.9784 49.0000 39.3934 40.0346 48.1477
12338.0000 0.0186 74.0313 49.0000 38.8316 40.6798 48.1445
12339.0000 0.0143 73.8675 49.0000 39.7005 40.3467 47.4598
12340.0000 0.0158 74.2297 49.0000 39.3181 40.8890 47.8772
12341.0000 0.0159 73.9876 49.0000 39.2014 40.7102 47.7504
12342.0000 0.0173 74.5096 49.0000 39.6583 40.5390 48.3269
12343.0000 0.0128 74.3009 49.0000 40.2646 40.5388 47.4973
12344.0000 0.0063 74.1420 49.0000 40.8810 41.2552 46.0845
12345.0000 0.0091 74.2461 49.0000 40.5901 40.9665 46.7619
12346.0000 0.0054 73.9646 49.0000 40.8987 41.3186 45.7256
12347.0000 0.0038 73.9380 49.0000 41.0699 41.6509 45.2248
12348.0000 0.0035 73.8360 49.0000 41.0754 41.6560 45.0482
12349.0000 0.0041 74.1130 49.0000 40.8608 42.0166 45.3623
12350.0000 0.0031 73.6736 49.0000 40.7087 42.0612 44.7377
12351.0000 0.0037 73.8122 49.0000 40.6875 42.0262 45.0174
12352.0000 0.0041 74.0314 49.0000 40.6969 42.1112 45.2886
12353.0000 0.0045 74.0851 49.0000 40.3424 42.5385 45.2942
12354.0000 0.0039 73.8263 49.0000 40.1454 42.8220 44.7767
12355.0000 0.0060 73.7854 49.0000 39.5297 42.8147 45.2614
12356.0000 0.0086 73.9579 49.0000 39.6244 41.9005 46.3036
12357.0000 0.0078 73.7438 49.0000 39.3833 42.2475 45.8503
12358.0000 0.0079 73.9900 49.0000 39.5370 42.2986 46.0672
12359.0000 0.0088 73.9124 49.0000 39.1408 42.5047 46.0912
12360.0000 0.0120 74.1788 49.0000 38.7824 42.4256 46.8879
12361.0000 0.0120 74.1255 49.0000 38.5749 42.6947 46.7304
12362.0000 0.0152 74.2453 49.0000 38.2183 42.5131 47.3748
12363.0000 0.0156 74.0720 49.0000 38.4429 41.8562 47.5065
12364.0000 0.0143 74.1380 49.0000 38.9092 41.6068 47.4487
12365.0000 0.0127 73.8525 49.0000 38.6673 41.9742 46.8742
12366.0000 0.0141 73.9276 49.0000 38.6591 41.7196 47.2255
12367.0000 0.0126 74.2895 49.0000 39.0698 41.9767 47.2275
12368.0000 0.0114 74.4230 49.0000 39.3299 42.1242 47.0902
12369.0000 0.0115 73.7459 49.0000 39.0233 41.6296 46.7184
12370.0000 0.0127 73.7870 49.0000 39.1056 41.2865 47.0180
12371.0000 0.0113 74.0249 49.0000 39.4210 41.5134 46.9288
12372.0000 0.0097 73.6961 49.0000 39.9277 40.8989 46.5206
12373.0000 0.0119 73.8354 49.0000 39.6083 40.9196 46.9940
12374.0000 0.0123 74.0843 49.0000 39.2222 41.5967 47.1149
12375.0000 0.0152 74.1218 49.0000 38.5288 41.8910 47.4839
12376.0000 0.0147 74.0692 49.0000 38.5912 41.8579 47.3802
12377.0000 0.0151 74.3755 49.0000 38.2941 42.6071 47.4333
12378.0000 0.0084 74.2135 49.0000 39.3931 42.6866 46.1918
12379.0000 0.0075 74.1699 49.0000 39.2676 43.2343 45.7167
12380.0000 0.0062 74.0020 49.0000 39.5036 43.1487 45.3205
12381.0000 0.0170 76.2728 50.0000 39.7383 42.5584 49.2665
12382.0000 0.0188 76.0861 50.0000 40.1163 41.5314 49.5471
12383.0000 0.0092 73.8766 49.0000 40.1920 40.9384 46.5447
12384.0000 0.0062 73.6442 49.0000 40.5960 41.0249 45.7426
12385.0000 0.0067 73.5754 49.0000 40.0151 41.4911 45.7233
12386.0000 0.0067 73.5670 49.0000 39.7637 41.8127 45.6360
12387.0000 0.0073 73.5622 49.0000 39.4113 42.1276 45.6445
12388.0000 0.0065 73.5472 49.0000 39.5939 42.1017 45.4858
12389.0000 0.0094 73.1239 49.0000 39.0055 41.4182 45.9370
12390.0000 0.0095 73.3345 49.0000 38.4868 42.5585 45.6671
12391.0000 0.0085 73.3277 49.0000 38.7718 42.4107 45.5526
12392.0000 0.0073 73.3002 49.0000 38.8082 42.8273 45.0850
12393.0000 0.0089 73.4848 49.0000 38.6078 42.8420 45.5413
12394.0000 0.0158 75.1531 50.0000 38.7162 42.8225 48.1173
12395.0000 0.0205 75.1884 50.0000 39.0782 41.3852 49.1270
12396.0000 0.0095 73.3147 49.0000 38.4866 42.5445 45.6485
12397.0000 0.0083 73.7786 49.0000 38.9118 42.9618 45.6447
12398.0000 0.0158 75.4094 50.0000 38.8442 42.9960 48.2602
12399.0000 0.0180 75.5112 50.0000 38.8388 42.5854 48.7849
12400.0000 0.0139 75.5039 50.0000 39.1150 43.2071 48.0001
12401.0000 0.0159 75.1142 50.0000 38.9788 42.3765 48.2393
12402.0000 0.0087 74.6834 50.0000 39.9755 42.3340 46.7697
12403.0000 0.0088 74.7766 50.0000 39.7911 42.6933 46.7492
12404.0000 0.0084 75.0313 50.0000 40.1801 42.5932 46.9155
12405.0000 0.0083 75.0726 50.0000 40.1023 42.8137 46.8476
12406.0000 0.0083 75.2362 50.0000 39.9673 43.2691 46.8068
12407.0000 0.0114 75.3882 50.0000 39.8434 42.6634 47.7045
12408.0000 0.0120 75.1988 50.0000 39.1839 43.2338 47.4376
12409.0000 0.0122 75.5666 50.0000 39.7724 42.7614 47.9576
12410.0000 0.0129 75.8702 50.0000 39.7059 43.0857 48.2011
12411.0000 0.0111 75.9027 50.0000 40.0191 43.1764 47.9112
12412.0000 0.0119 75.9311 50.0000 39.6615 43.5261 47.9373
12413.0000 0.0095 76.1289 50.0000 40.3564 43.4807 47.7115
12414.0000 0.0086 76.2522 50.0000 40.6362 43.5236 47.6318
12415.0000 0.0055 75.7741 50.0000 40.9740 43.5077 46.5825
12416.0000 0.0038 75.9699 50.0000 41.4784 43.8207 46.1597
12417.0000 0.0045 75.7235 50.0000 41.0395 43.8602 46.1095
12418.0000 0.0033 75.4770 50.0000 41.3994 43.5013 45.7220
12419.0000 0.0026 75.5101 50.0000 41.7647 43.3695 45.5694
12420.0000 0.0038 75.6574 50.0000 41.3059 43.6200 45.9909
12421.0000 0.0038 75.6887 50.0000 41.3503 43.5936 46.0276
12422.0000 0.0056 75.8071 50.0000 41.0094 43.4632 46.6464
12423.0000 0.0074 75.9864 50.0000 40.6847 43.4888 47.1954
12424.0000 0.0057 75.9619 50.0000 41.0507 43.5663 46.7657
12425.0000 0.0087 75.9225 50.0000 40.2093 43.6974 47.3071
12426.0000 0.0111 75.9611 50.0000 39.8339 43.5571 47.8135
12427.0000 0.0120 75.5917 50.0000 39.6374 43.0638 47.8381
12428.0000 0.0148 75.6947 50.0000 38.6987 43.9481 47.9652
12429.0000 0.0134 75.3473 50.0000 38.8053 43.6585 47.5951
12430.0000 0.0134 75.7090 50.0000 38.8488 44.1590 47.6719
12431.0000 0.0130 75.4653 50.0000 39.1104 43.4222 47.7484
12432.0000 0.0114 75.4381 50.0000 39.5319 43.1949 47.5641
12433.0000 0.0128 74.9740 50.0000 39.3667 42.4197 47.6649
12434.0000 0.0141 75.4467 50.0000 39.2889 42.8027 48.1302
12435.0000 0.0117 75.8675 50.0000 39.5486 43.7006 47.7708
12436.0000 0.0124 76.3778 50.0000 39.6800 43.9838 48.2130
12437.0000 0.0082 76.3698 50.0000 40.7914 43.5902 47.6267
12438.0000 0.0083 76.5593 50.0000 40.8476 43.7259 47.7581
12439.0000 0.0108 77.0380 50.0000 40.7125 43.7822 48.5846
12440.0000 0.0103 76.9193 50.0000 40.6172 43.8975 48.3718
12441.0000 0.0094 76.8386 50.0000 40.9389 43.6016 48.2398
12442.0000 0.0069 76.0802 50.0000 40.9093 43.4806 47.1600
12443.0000 0.0061 75.5594 50.0000 40.3911 43.9957 46.2834
12444.0000 0.0099 75.9012 50.0000 39.7331 44.0772 47.3231
12445.0000 0.0106 75.8030 50.0000 39.4809 44.1283 47.3291
12446.0000 0.0124 75.9763 50.0000 39.1215 44.4262 47.6258
12447.0000 0.0111 75.6929 50.0000 39.1444 44.4595 47.1220
12448.0000 0.0145 75.5679 50.0000 38.3845 44.5143 47.4933
12449.0000 0.0140 75.6387 50.0000 38.3462 45.0282 47.1514
12450.0000 0.0158 75.6290 50.0000 38.2342 44.4187 47.8004
12451.0000 0.0144 76.0797 50.0000 38.9210 44.2600 48.1075
12452.0000 0.0134 76.4854 50.0000 39.1171 44.9052 47.9937
12453.0000 0.0194 76.5222 50.0000 38.2538 44.5987 49.0229
12454.0000 0.0152 76.4097 50.0000 38.9183 44.4970 48.4131
12455.0000 0.0145 76.2278 50.0000 39.0980 44.1083 48.3371
12456.0000 0.0178 76.1972 50.0000 38.4886 44.1520 48.7365
12457.0000 0.0174 76.0994 50.0000 38.5147 44.0661 48.6406
12458.0000 0.0132 75.5897 50.0000 39.0555 43.6475 47.7846
12459.0000 0.0186 75.3982 50.0000 38.3309 43.0649 48.5906
12460.0000 0.0206 75.5505 50.0000 38.3081 42.8384 49.0432
12461.0000 0.0183 75.5612 50.0000 38.4098 43.2338 48.6315
12462.0000 0.0185 75.2175 50.0000 37.9919 43.3991 48.2784
12463.0000 0.0189 75.1763 50.0000 38.0322 43.1570 48.3994
12464.0000 0.0158 75.4009 50.0000 38.6663 43.2546 48.1587
12465.0000 0.0189 75.6904 50.0000 38.7872 42.6954 49.0071
12466.0000 0.0221 75.6320 50.0000 37.9944 43.0775 49.2033
12467.0000 0.0210 75.4650 50.0000 38.4504 42.4274 49.1573
12468.0000 0.0191 75.1526 50.0000 38.2083 42.7817 48.5567
12469.0000 0.0202 75.0959 50.0000 37.5937 43.4544 48.3510
12470.0000 0.0249 75.2641 50.0000 37.0288 43.4756 49.0248
12471.0000 0.0185 74.7797 50.0000 38.0190 42.7184 48.1840
12472.0000 0.0186 74.7421 50.0000 37.9383 42.7861 48.1292
12473.0000 0.0195 75.3750 50.0000 38.8795 42.0556 49.0010
12474.0000 0.0187 75.2304 50.0000 38.0685 43.2288 48.3909
12475.0000 0.0149 75.0889 50.0000 38.7010 43.0027 47.8680
12476.0000 0.0148 74.9959 50.0000 38.5013 43.2245 47.6831
12477.0000 0.0113 75.3056 50.0000 39.1110 43.7788 47.1665
12478.0000 0.0095 75.2330 50.0000 39.5414 43.5315 46.9199
12479.0000 0.0110 75.4273 50.0000 39.5951 43.1901 47.4986
12480.0000 0.0129 75.5954 50.0000 39.7327 42.6905 48.0989
12481.0000 0.0102 75.7585 50.0000 39.9581 43.3374 47.5875
12482.0000 0.0115 75.4657 50.0000 39.3064 43.5776 47.4454
12483.0000 0.0144 75.3943 50.0000 38.8132 43.3989 47.8997
12484.0000 0.0101 74.9669 50.0000 39.2647 43.4239 46.8261
12485.0000 0.0093 74.9088 50.0000 39.3177 43.5290 46.5905
12486.0000 0.0134 75.6064 50.0000 38.8676 43.9512 47.6857
12487.0000 0.0140 75.9823 50.0000 39.0820 43.9395 48.1167
12488.0000 0.0134 75.8512 50.0000 39.1652 43.7860 47.9822
12489.0000 0.0126 75.9169 50.0000 38.9525 44.6078 47.4997
12490.0000 0.0101 76.0467 50.0000 39.9461 43.8194 47.6159
12491.0000 0.0110 76.1079 50.0000 39.6637 44.0990 47.6916
12492.0000 0.0111 76.1337 50.0000 39.2435 45.0719 47.1679
12493.0000 0.0106 76.1394 50.0000 39.4097 44.8909 47.2112
12494.0000 0.0092 76.3278 50.0000 39.9911 44.5971 47.3047
12495.0000 0.0085 76.3838 50.0000 40.1075 44.7749 47.1284
12496.0000 0.0092 76.3231 50.0000 40.0365 44.4620 47.3858
12497.0000 0.0105 76.6508 50.0000 39.8910 44.7339 47.7801
12498.0000 0.0098 76.5971 50.0000 40.0779 44.5559 47.7038
12499.0000 0.0114 76.7958 50.0000 39.9392 44.4883 48.2001
12500.0000 0.0095 76.6501 50.0000 40.3272 44.2818 47.8338
12501.0000 0.0103 76.7026 50.0000 40.1463 44.3739 47.9846
12502.0000 0.0121 77.0781 50.0000 40.4216 43.8859 48.7971
12503.0000 0.0138 77.4592 50.0000 39.9059 44.7443 49.0448
12504.0000 0.0184 77.4273 50.0000 39.8886 43.5064 50.1107
12505.0000 0.0190 77.8034 50.0000 40.2644 43.3345 50.5398
12506.0000 0.0190 77.4306 50.0000 39.8061 43.4877 50.1975
12507.0000 0.0165 77.6693 50.0000 40.1293 43.9046 49.9454
12508.0000 0.0121 77.4398 50.0000 40.9276 43.6283 49.1775
12509.0000 0.0115 77.3795 50.0000 41.1471 43.4214 49.0824
12510.0000 0.0107 77.5994 50.0000 41.2282 43.8199 49.0073
12511.0000 0.0143 77.7090 50.0000 40.5666 43.9030 49.6544
12512.0000 0.0143 77.3818 50.0000 40.3636 43.7535 49.4405
12513.0000 0.0122 77.2430 50.0000 40.6914 43.6735 49.0237
12514.0000 0.0138 77.4394 50.0000 40.6579 43.5611 49.4594
12515.0000 0.0191 77.9391 50.0000 40.8197 42.8015 50.7572
12516.0000 0.0147 77.8710 50.0000 40.7818 43.7186 49.8941
12517.0000 0.0163 77.5607 50.0000 40.8964 42.8322 50.0854
12518.0000 0.0147 77.5873 50.0000 40.8293 43.3011 49.7772
12519.0000 0.0146 78.0254 50.0000 40.9378 43.7116 50.0136
12520.0000 0.0176 78.4432 50.0000 40.5886 44.0186 50.6780
12521.0000 0.0164 77.9224 50.0000 40.8117 43.3511 50.2691
12522.0000 0.0141 77.5390 50.0000 41.5535 42.5088 49.7856
12523.0000 0.0174 77.5572 50.0000 40.7538 42.7660 50.2526
12524.0000 0.0189 77.5034 50.0000 40.8020 42.3680 50.4671
12525.0000 0.0212 77.4241 50.0000 40.4706 42.2238 50.7323
12526.0000 0.0235 77.2492 50.0000 40.3590 41.7561 50.9413
12527.0000 0.0194 77.1391 50.0000 40.1387 42.6103 50.2363
12528.0000 0.0248 77.4871 50.0000 39.5891 42.6986 51.1251
12529.0000 0.0226 77.6036 50.0000 40.0397 42.6818 50.9647
12530.0000 0.0301 77.5187 50.0000 39.5350 41.9166 51.8569
12531.0000 0.0198 77.1799 50.0000 40.7124 41.9329 50.4070
12532.0000 0.0184 77.3920 50.0000 40.5057 42.6705 50.2796
12533.0000 0.0195 77.0936 50.0000 40.2296 42.4290 50.2472
12534.0000 0.0159 76.9844 50.0000 40.4248 42.7909 49.6123
12535.0000 0.0170 77.5448 50.0000 40.3125 43.3798 50.0628
12536.0000 0.0179 77.6249 50.0000 40.2400 43.3763 50.2481
12537.0000 0.0206 77.6357 50.0000 39.8705 43.3116 50.6136
12538.0000 0.0235 77.6178 50.0000 39.3722 43.3656 50.9292
12539.0000 0.0151 77.0929 50.0000 40.1836 43.4309 49.4203
12540.0000 0.0223 77.4596 50.0000 39.7343 42.9312 50.7749
12541.0000 0.0186 77.0099 50.0000 39.2796 43.7753 49.7128
12542.0000 0.0192 76.8320 50.0000 39.0011 43.8086 49.6275
12543.0000 0.0189 77.1566 50.0000 39.1282 44.1452 49.7325
12544.0000 0.0164 77.0499 50.0000 39.3023 44.3774 49.2206
12545.0000 0.0174 76.9434 50.0000 39.6319 43.4729 49.5954
12546.0000 0.0217 77.3129 50.0000 38.7609 44.2512 50.1668
12547.0000 0.0201 77.3227 50.0000 38.9356 44.3767 49.9351
12548.0000 0.0188 77.2251 50.0000 38.8625 44.7095 49.5427
12549.0000 0.0192 76.7869 50.0000 38.5494 44.5104 49.2849
12550.0000 0.0189 76.2749 50.0000 38.3511 44.1853 48.9358
12551.0000 0.0182 76.1154 50.0000 38.4348 44.0064 48.7827
12552.0000 0.0187 76.5348 50.0000 39.4878 42.8519 49.6186
12553.0000 0.0177 76.3535 50.0000 39.3298 43.0482 49.2938
12554.0000 0.0206 76.4339 50.0000 38.8931 43.1317 49.6903
12555.0000 0.0152 76.2675 50.0000 39.4723 43.3491 48.7804
12556.0000 0.0153 76.3538 50.0000 39.0205 44.1820 48.5308
12557.0000 0.0132 76.4216 50.0000 39.5234 44.0601 48.3412
12558.0000 0.0140 76.8511 50.0000 39.6244 44.2470 48.7668
12559.0000 0.0118 76.4260 50.0000 39.0758 45.9553 46.9267
12560.0000 0.0116 76.5591 50.0000 39.2097 45.9482 47.0388
12561.0000 0.0087 76.4431 50.0000 39.8024 45.9638 46.3319
12562.0000 0.0128 76.5669 50.0000 39.0988 45.4331 47.6404
12563.0000 0.0118 76.5093 50.0000 39.1277 45.9674 47.0075
12564.0000 0.0121 76.4603 50.0000 39.0552 45.8042 47.1470
12565.0000 0.0096 76.8999 50.0000 39.8551 46.0515 46.9513
12566.0000 0.0119 76.7739 50.0000 39.3001 45.8423 47.4154
12567.0000 0.0100 77.0057 50.0000 39.8419 45.9156 47.2679
12568.0000 0.0099 76.9652 50.0000 39.8465 45.9205 47.1933
12569.0000 0.0092 76.8103 50.0000 40.0987 45.2006 47.4218
12570.0000 0.0107 76.5313 50.0000 39.7462 44.7852 47.6609
12571.0000 0.0120 76.6113 50.0000 39.4580 44.9704 47.8542
12572.0000 0.0134 76.6294 50.0000 39.1447 45.0874 48.0300
12573.0000 0.0157 76.6755 50.0000 39.4671 43.7759 49.0424
12574.0000 0.0119 76.4460 50.0000 39.7860 44.0588 48.1652
12575.0000 0.0124 76.4199 50.0000 39.4037 44.5876 47.9510
12576.0000 0.0108 76.3658 50.0000 39.8445 44.2418 47.8208
12577.0000 0.0102 75.9752 50.0000 39.6125 44.3146 47.3212
12578.0000 0.0098 75.6098 50.0000 39.5449 44.0136 47.0729
12579.0000 0.0112 75.7932 50.0000 39.2643 44.3381 47.2975
12580.0000 0.0112 75.9840 50.0000 39.4198 44.2905 47.5184
12581.0000 0.0134 76.1893 50.0000 38.9452 44.7559 47.8015
12582.0000 0.0137 76.0367 50.0000 38.9742 44.3130 47.9473
12583.0000 0.0174 76.3064 50.0000 38.1749 45.1221 48.2633
12584.0000 0.0124 76.0051 50.0000 38.8457 45.2203 47.1478
12585.0000 0.0128 76.2185 50.0000 38.7110 46.2968 46.5546
12586.0000 0.0140 76.3727 50.0000 38.5780 46.0329 47.1751
12587.0000 0.0118 76.1924 50.0000 38.9412 45.9429 46.6704
12588.0000 0.0118 76.2435 50.0000 38.9928 45.8405 46.8111
12589.0000 0.0121 76.2357 50.0000 38.9945 45.4524 47.1740
12590.0000 0.0150 76.1935 50.0000 38.6142 44.8843 47.9562
12591.0000 0.0156 75.9841 50.0000 38.3474 44.8985 47.8245
12592.0000 0.0160 75.8521 50.0000 38.3209 44.5439 47.9676
12593.0000 0.0124 75.6652 50.0000 39.0136 44.1404 47.4846
12594.0000 0.0155 75.7162 50.0000 38.7531 43.6545 48.2226
12595.0000 0.0104 75.5741 50.0000 39.5543 43.7044 47.2950
12596.0000 0.0127 75.6684 50.0000 39.3520 43.4114 47.8809
12597.0000 0.0107 75.4763 50.0000 39.5254 43.5042 47.3476
12598.0000 0.0088 75.2851 50.0000 39.7949 43.4489 46.8658
12599.0000 0.0119 75.2797 50.0000 39.2734 43.2278 47.4973
12600.0000 0.0127 75.0386 50.0000 38.4338 44.2600 46.8476
12601.0000 0.0117 75.1723 50.0000 38.5388 44.7907 46.4697
12602.0000 0.0098 75.2597 50.0000 39.0208 44.7903 46.2084
12603.0000 0.0109 75.0732 50.0000 38.7697 44.3862 46.5054
12604.0000 0.0157 75.3422 50.0000 38.0945 44.2887 47.5790
12605.0000 0.0192 75.3085 50.0000 37.8086 43.6385 48.3483
12606.0000 0.0190 75.4643 50.0000 37.6840 44.2019 48.1764
12607.0000 0.0208 75.5806 50.0000 37.9001 43.4708 48.8498
12608.0000 0.0196 75.7572 50.0000 37.6017 44.6629 48.2752
12609.0000 0.0193 75.7644 50.0000 37.3103 45.6788 47.5567
12610.0000 0.0205 75.8242 50.0000 37.2098 45.4263 47.9708
12611.0000 0.0167 75.7024 50.0000 37.6883 45.8933 46.9495
12612.0000 0.0184 75.7396 50.0000 37.4740 45.5180 47.5426
12613.0000 0.0192 75.9063 50.0000 37.5525 45.2262 48.0225
12614.0000 0.0183 75.7780 50.0000 37.7753 44.7961 48.0483
12615.0000 0.0183 75.5072 50.0000 37.8848 44.0774 48.2002
12616.0000 0.0139 75.2159 50.0000 38.5366 43.8102 47.4661
12617.0000 0.0104 74.5266 50.0000 38.7844 43.5398 46.4141
12618.0000 0.0080 74.3382 50.0000 39.2144 43.4394 45.8412
12619.0000 0.0081 74.3928 50.0000 39.4970 42.9003 46.1936
12620.0000 0.0089 74.0825 50.0000 39.0237 42.9402 46.0597
12621.0000 0.0146 74.3704 50.0000 38.5858 42.2786 47.4828
12622.0000 0.0119 74.3068 50.0000 39.4408 41.6931 47.1976
12623.0000 0.0134 74.2526 50.0000 39.0431 41.7707 47.3739
12624.0000 0.0093 74.1628 50.0000 39.3397 42.3851 46.4328
12625.0000 0.0078 73.7809 50.0000 39.1585 42.6681 45.7129
12626.0000 0.0092 73.6194 50.0000 38.9841 42.1984 46.0364
12627.0000 0.0091 73.5122 50.0000 39.1682 41.7930 46.0786
12628.0000 0.0102 73.3338 50.0000 38.1932 42.8574 45.6330
12629.0000 0.0109 73.0559 50.0000 37.7435 43.1414 45.2925
12630.0000 0.0095 73.2279 50.0000 38.3153 42.7561 45.4552
12631.0000 0.0084 73.5021 50.0000 38.6659 42.9885 45.3816
12632.0000 0.0063 73.7866 50.0000 39.4819 42.7439 45.3718
12633.0000 0.0054 73.7585 50.0000 39.9338 42.3037 45.3432
12634.0000 0.0052 73.7261 50.0000 40.3473 41.7569 45.4312
12635.0000 0.0045 73.8350 50.0000 40.7199 41.6570 45.3673
12636.0000 0.0050 74.2191 50.0000 41.0515 41.5808 45.7633
12637.0000 0.0051 74.3256 50.0000 40.6792 42.1196 45.7759
12638.0000 0.0050 74.1622 50.0000 40.5911 42.0563 45.6471
12639.0000 0.0039 74.0540 50.0000 40.3578 42.7733 45.0077
12640.0000 0.0050 73.9618 50.0000 39.8964 42.9134 45.1339
12641.0000 0.0062 73.8190 50.0000 39.5779 42.6790 45.4019
12642.0000 0.0058 74.1238 50.0000 39.7489 43.0341 45.4139
12643.0000 0.0037 73.9275 50.0000 40.2567 42.9365 44.7340
12644.0000 0.0052 74.1737 50.0000 40.1267 42.6938 45.4843
12645.0000 0.0042 74.2446 50.0000 40.4192 42.8184 45.2231
12646.0000 0.0038 74.3497 50.0000 40.5235 43.0212 45.1098
12647.0000 0.0051 74.2602 50.0000 40.1574 42.8497 45.4518
12648.0000 0.0073 74.3543 50.0000 40.5779 41.5522 46.4265
12649.0000 0.0093 74.1231 50.0000 40.1768 41.2270 46.6947
12650.0000 0.0110 74.1252 50.0000 39.6806 41.3958 46.9721
12651.0000 0.0105 74.1469 50.0000 39.6185 41.6176 46.8627
12652.0000 0.0077 74.0599 50.0000 40.0240 41.7774 46.2341
12653.0000 0.0100 74.4524 50.0000 40.1852 41.4222 47.0373
12654.0000 0.0074 74.4933 50.0000 40.0509 42.3835 46.3553
12655.0000 0.0075 74.3019 50.0000 39.9171 42.2897 46.2491
12656.0000 0.0078 74.6274 50.0000 39.8859 42.6760 46.4449
12657.0000 0.0069 74.6877 50.0000 40.3884 42.3575 46.3990
12658.0000 0.0074 74.2325 50.0000 39.6411 42.6614 46.0332
12659.0000 0.0057 74.1324 50.0000 40.0435 42.5604 45.6151
12660.0000 0.0083 74.1954 50.0000 39.8586 41.9666 46.4226
12661.0000 0.0094 73.8090 50.0000 38.9076 42.5350 46.0949
12662.0000 0.0108 74.2044 50.0000 38.8937 42.6667 46.6168
12663.0000 0.0135 74.7475 50.0000 38.7332 42.8679 47.4265
12664.0000 0.0143 74.9756 50.0000 38.8532 42.7745 47.7715
12665.0000 0.0135 74.6940 50.0000 38.7484 42.7839 47.4056
12666.0000 0.0134 74.5948 50.0000 38.3842 43.3004 47.0756
12667.0000 0.0160 74.6430 50.0000 37.8786 43.4858 47.3895
12668.0000 0.0146 74.4852 50.0000 38.3274 42.8572 47.3531
12669.0000 0.0161 74.7709 50.0000 37.7281 43.9676 47.2666
12670.0000 0.0184 74.6815 50.0000 37.3622 43.8002 47.5703
12671.0000 0.0228 74.8218 50.0000 36.8767 43.6403 48.3108
12672.0000 0.0195 75.0351 50.0000 37.4656 43.7861 48.0560
12673.0000 0.0225 75.5207 50.0000 36.9773 44.6706 48.3796
12674.0000 0.0172 75.3117 50.0000 37.6964 44.5978 47.5592
12675.0000 0.0169 75.2923 50.0000 37.6199 44.9256 47.2796
12676.0000 0.0195 75.4271 50.0000 37.1296 45.3755 47.4522
12677.0000 0.0142 75.5604 50.0000 38.4341 44.5209 47.4350
12678.0000 0.0129 76.2305 50.0000 39.0872 44.7482 47.7585
12679.0000 0.0167 75.8733 50.0000 38.1793 44.6325 48.0316
12680.0000 0.0181 76.2331 50.0000 38.3654 44.3490 48.7109
12681.0000 0.0158 75.7771 50.0000 38.1778 44.8348 47.6913
12682.0000 0.0149 75.4375 50.0000 38.1860 44.5703 47.3934
12683.0000 0.0180 75.4964 50.0000 37.7362 44.4986 47.9119
12684.0000 0.0225 75.7990 50.0000 37.5071 44.0205 48.9990
12685.0000 0.0196 75.7270 50.0000 38.0326 43.7497 48.7244
12686.0000 0.0162 75.8242 50.0000 38.6496 43.7731 48.3676
12687.0000 0.0205 76.2503 50.0000 38.1684 44.0395 49.1712
12688.0000 0.0180 76.4504 50.0000 38.4895 44.4590 48.8531
12689.0000 0.0216 76.5170 50.0000 38.2304 44.0285 49.5457
12690.0000 0.0265 76.4507 50.0000 37.8476 43.4306 50.2599
12691.0000 0.0262 76.5336 50.0000 37.9208 43.4972 50.2732
12692.0000 0.0293 76.5379 50.0000 38.1112 42.6441 50.8631
12693.0000 0.0311 76.5708 50.0000 38.0946 42.4088 51.1212
12694.0000 0.0338 76.8846 50.0000 37.5901 42.9860 51.4823
12695.0000 0.0348 76.8005 50.0000 38.2114 41.9454 51.7571
12696.0000 0.0272 76.6577 50.0000 38.1273 43.1489 50.6052
12697.0000 0.0273 76.7655 50.0000 38.4282 42.8579 50.7880
12698.0000 0.0300 76.3725 50.0000 38.1997 42.2129 50.9079
12699.0000 0.0300 76.3030 50.0000 38.2713 42.0358 50.8964
12700.0000 0.0291 76.1732 50.0000 38.6790 41.5440 50.7975
12701.0000 0.0314 76.0645 50.0000 38.3698 41.4255 50.9656
12702.0000 0.0286 76.2814 50.0000 38.6330 41.8009 50.7842
12703.0000 0.0309 76.7805 50.0000 38.6912 41.9425 51.3718
12704.0000 0.0335 76.9123 50.0000 38.7884 41.5792 51.7893
12705.0000 0.0313 76.7682 50.0000 38.7955 41.7460 51.4348
12706.0000 0.0282 76.3353 50.0000 38.2981 42.3477 50.6657
12707.0000 0.0328 76.2745 50.0000 38.4145 41.3984 51.2670
12708.0000 0.0297 76.1405 50.0000 38.3080 41.8528 50.7762
12709.0000 0.0293 75.9430 50.0000 38.4737 41.4905 50.6524
12710.0000 0.0255 75.9349 50.0000 38.6895 41.8466 50.1806
12711.0000 0.0195 76.0224 50.0000 39.8885 41.5923 49.5823
12712.0000 0.0190 76.0743 50.0000 39.9740 41.6407 49.5522
12713.0000 0.0186 76.2238 50.0000 40.1741 41.6649 49.5999
12714.0000 0.0210 76.4067 50.0000 40.3326 41.2701 50.0804
12715.0000 0.0218 76.6558 50.0000 40.4884 41.2489 50.3521
12716.0000 0.0227 76.5950 50.0000 40.3680 41.1467 50.4397
12717.0000 0.0241 76.5678 50.0000 40.1776 41.0963 50.5913
12718.0000 0.0224 76.4135 50.0000 40.2727 41.1013 50.2774
12719.0000 0.0211 75.8931 50.0000 40.2766 40.7471 49.7718
12720.0000 0.0210 76.0990 50.0000 40.1996 41.0715 49.8817
12721.0000 0.0185 75.7894 50.0000 40.2178 41.1452 49.3318
12722.0000 0.0191 76.0303 50.0000 40.0951 41.4331 49.5610
12723.0000 0.0196 76.3509 50.0000 40.0540 41.7563 49.8152
12724.0000 0.0211 76.9138 50.0000 40.7446 41.3745 50.4358
12725.0000 0.0204 76.8598 50.0000 40.3210 41.8871 50.2705
12726.0000 0.0207 76.8742 50.0000 39.8862 42.3618 50.2416
12727.0000 0.0238 77.3155 50.0000 40.2323 41.9235 51.0046
12728.0000 0.0214 77.5123 50.0000 40.4084 42.3538 50.8081
12729.0000 0.0170 77.5690 50.0000 40.8834 42.7212 50.2036
12730.0000 0.0140 77.7935 50.0000 41.3777 43.0304 49.8809
12731.0000 0.0155 77.6958 50.0000 41.7137 42.2351 50.1277
12732.0000 0.0176 78.0511 50.0000 41.6867 42.2547 50.6826
12733.0000 0.0174 77.6134 50.0000 41.2550 42.2749 50.3458
12734.0000 0.0160 77.3951 50.0000 41.4581 42.0687 50.0145
12735.0000 0.0160 76.8309 50.0000 41.1380 41.7908 49.6404
12736.0000 0.0140 76.9257 50.0000 41.3630 42.0522 49.3790
12737.0000 0.0150 77.1125 50.0000 41.0747 42.3715 49.6373
12738.0000 0.0192 77.2739 50.0000 40.7494 42.0930 50.3877
12739.0000 0.0168 77.2643 50.0000 41.1004 42.1542 50.0355
12740.0000 0.0226 77.3720 50.0000 40.4700 41.9173 50.9072
12741.0000 0.0280 77.6232 50.0000 39.9045 41.9503 51.7026
12742.0000 0.0270 77.6987 50.0000 39.5425 42.6204 51.5458
12743.0000 0.0217 77.7863 50.0000 39.7445 43.4418 50.8320
12744.0000 0.0283 78.1152 50.0000 39.5167 42.9145 51.9497
12745.0000 0.0265 77.6330 50.0000 38.9220 43.4199 51.2511
12746.0000 0.0269 78.0370 50.0000 39.2560 43.3829 51.6397
12747.0000 0.0238 78.1071 50.0000 39.1057 44.3086 51.0706
12748.0000 0.0212 78.2565 50.0000 38.9396 45.4074 50.4575
12749.0000 0.0245 78.3461 50.0000 38.6452 45.1772 51.0262
12750.0000 0.0223 78.1091 50.0000 39.0229 44.7733 50.7306
12751.0000 0.0281 78.3078 50.0000 38.9950 43.8446 51.8571
12752.0000 0.0287 78.8010 50.0000 38.8483 44.5634 52.1009
12753.0000 0.0295 78.5859 50.0000 38.6825 44.3713 52.0634
12754.0000 0.0370 79.3999 50.0000 38.5706 44.1869 53.5179
12755.0000 0.0346 78.9377 50.0000 38.7588 43.7875 53.0243
12756.0000 0.0292 78.5786 50.0000 39.3121 43.5595 52.2660
12757.0000 0.0370 78.6240 50.0000 39.0611 42.6777 53.2407
12758.0000 0.0410 78.8185 50.0000 38.5337 42.9438 53.6967
12759.0000 0.0363 78.5198 50.0000 38.2458 43.6764 52.8676
12760.0000 0.0384 78.7883 50.0000 37.6671 44.4362 53.0491
12761.0000 0.0359 78.3586 50.0000 37.7409 44.2353 52.5255
12762.0000 0.0339 78.0048 50.0000 37.9984 43.7937 52.1822
12763.0000 0.0311 77.7562 50.0000 37.8867 44.1503 51.5885
12764.0000 0.0343 77.3796 50.0000 37.5271 43.6010 51.7520
12765.0000 0.0251 76.6537 50.0000 38.4576 43.1050 50.3862
12766.0000 0.0255 76.8360 50.0000 38.2886 43.4957 50.4567
12767.0000 0.0277 76.9998 50.0000 37.9939 43.6775 50.7711
12768.0000 0.0261 76.9914 50.0000 37.8710 44.2054 50.3918
12769.0000 0.0253 77.1373 50.0000 38.7091 43.3182 50.7474
12770.0000 0.0286 77.4722 50.0000 38.1746 43.8490 51.2046
12771.0000 0.0234 77.3390 50.0000 38.9199 43.6658 50.5951
12772.0000 0.0232 76.9905 50.0000 38.8329 43.3760 50.3792
12773.0000 0.0214 76.8769 50.0000 39.2273 43.0682 50.1639
12774.0000 0.0298 77.2477 50.0000 38.6557 42.7096 51.4668
12775.0000 0.0354 77.4922 50.0000 38.3533 42.4724 52.2509
12776.0000 0.0390 77.5999 50.0000 37.5795 43.0216 52.5231
12777.0000 0.0376 77.7151 50.0000 37.3912 43.6391 52.3180
12778.0000 0.0289 77.0688 50.0000 38.1926 43.2526 51.0895
12779.0000 0.0305 77.2100 50.0000 37.5811 44.0274 51.0944
12780.0000 0.0309 77.6671 50.0000 37.7588 44.2638 51.4506
12781.0000 0.0272 77.5651 50.0000 38.1035 44.3728 50.9462
12782.0000 0.0229 77.1280 50.0000 38.6611 43.8806 50.2846
12783.0000 0.0249 77.5539 50.0000 38.5809 44.1104 50.7976
12784.0000 0.0224 77.3818 50.0000 38.7771 44.1549 50.3450
12785.0000 0.0173 76.8707 50.0000 39.3232 43.8491 49.3968
12786.0000 0.0225 76.9459 50.0000 38.4283 44.0777 50.0110
12787.0000 0.0221 76.9718 50.0000 38.4642 44.1474 49.9616
12788.0000 0.0233 76.8183 50.0000 38.4850 43.6376 50.1570
12789.0000 0.0252 77.2050 50.0000 38.4650 43.7779 50.6413
12790.0000 0.0220 76.7238 50.0000 38.3658 43.9899 49.7945
12791.0000 0.0267 76.5252 50.0000 37.9424 43.3424 50.3776
12792.0000 0.0274 76.4126 50.0000 37.5914 43.5879 50.2580
12793.0000 0.0285 76.5761 50.0000 37.8053 43.2599 50.6285
12794.0000 0.0340 77.2085 50.0000 37.8191 43.0425 51.7514
12795.0000 0.0341 77.4474 50.0000 37.8219 43.3181 51.8762
12796.0000 0.0402 77.8047 50.0000 37.5029 43.1845 52.7466
12797.0000 0.0412 77.8107 50.0000 36.9772 43.7344 52.6734
12798.0000 0.0500 77.9661 50.0000 36.8869 42.7408 53.7707
12799.0000 0.0548 78.6780 50.0000 36.6340 43.2141 54.5961
12800.0000 0.0441 78.2571 50.0000 37.3573 43.3135 53.4093
12801.0000 0.0492 78.6722 50.0000 36.8478 43.7054 54.0499
12802.0000 0.0454 78.5113 50.0000 37.0303 43.8448 53.5761
12803.0000 0.0466 78.5772 50.0000 36.6085 44.3088 53.5810
12804.0000 0.0487 78.8410 50.0000 36.5006 44.4554 53.9196
12805.0000 0.0550 79.0277 50.0000 36.0157 44.3897 54.5693
12806.0000 0.0465 78.6459 50.0000 36.4349 44.6569 53.5111
12807.0000 0.0485 78.6753 50.0000 36.2422 44.6461 53.6938
12808.0000 0.0522 78.7457 50.0000 35.4176 45.3528 53.7550
12809.0000 0.0465 78.0438 50.0000 35.7046 44.9951 52.8343
12810.0000 0.0462 78.6018 50.0000 35.9230 45.4294 53.1410
12811.0000 0.0451 78.3063 50.0000 35.6528 45.6946 52.6571
12812.0000 0.0452 78.6267 50.0000 35.8675 45.7462 52.9430
12813.0000 0.0435 78.5771 50.0000 35.8237 46.1029 52.5884
12814.0000 0.0492 78.6768 50.0000 35.7553 45.2475 53.5187
12815.0000 0.0444 78.7014 50.0000 36.0162 45.7477 52.9518
12816.0000 0.0460 78.7091 50.0000 36.1061 45.3178 53.2708
12817.0000 0.0442 78.8557 50.0000 36.7501 44.8502 53.4426
12818.0000 0.0391 78.1458 50.0000 37.1796 44.2061 52.6333
12819.0000 0.0369 78.2738 50.0000 37.5050 44.2983 52.5151
12820.0000 0.0324 78.0548 50.0000 37.6662 44.6250 51.7920
12821.0000 0.0249 77.6786 50.0000 38.2560 44.8162 50.6157
12822.0000 0.0290 77.6392 50.0000 37.4051 45.2218 50.8301
12823.0000 0.0276 77.3028 50.0000 37.3345 45.2394 50.3513
12824.0000 0.0247 77.0693 50.0000 37.5977 45.1667 49.8604
12825.0000 0.0238 76.5885 50.0000 37.4215 45.0157 49.3864
12826.0000 0.0260 76.3401 50.0000 37.2984 44.2787 49.7598
12827.0000 0.0337 76.6438 50.0000 36.3294 44.6153 50.6352
12828.0000 0.0324 77.2161 50.0000 36.7923 44.9023 50.9159
12829.0000 0.0271 77.0335 50.0000 37.1131 45.3959 49.9598
12830.0000 0.0311 77.3282 50.0000 36.5816 45.8227 50.4154
12831.0000 0.0324 77.2903 50.0000 36.1297 46.4003 50.1542
12832.0000 0.0402 77.4938 50.0000 35.3103 46.2986 51.1362
12833.0000 0.0440 77.4176 50.0000 34.8089 46.2599 51.3988
12834.0000 0.0471 77.7343 50.0000 34.8064 46.0002 52.1068
12835.0000 0.0464 77.6917 50.0000 35.0966 45.5568 52.2380
12836.0000 0.0485 77.5426 50.0000 34.9150 45.2580 52.3976
12837.0000 0.0419 77.0768 50.0000 35.4702 44.9741 51.5755
12838.0000 0.0440 77.1473 50.0000 35.6179 44.4242 52.0534
12839.0000 0.0423 77.3667 50.0000 35.3025 45.6068 51.5689
12840.0000 0.0470 77.5441 50.0000 34.7256 45.9054 51.9607
12841.0000 0.0500 77.3307 50.0000 34.3460 45.6705 52.1018
12842.0000 0.0419 77.0173 50.0000 35.1047 45.5593 51.2219
12843.0000 0.0407 77.0028 50.0000 35.0610 45.9155 50.9110
12844.0000 0.0422 77.3662 50.0000 35.0726 46.0811 51.3028
12845.0000 0.0385 77.5582 50.0000 35.3415 46.8415 50.7162
12846.0000 0.0366 77.1125 50.0000 35.6115 46.0279 50.5924
12847.0000 0.0354 77.1675 50.0000 35.5938 46.5372 50.2215
12848.0000 0.0297 77.0465 50.0000 36.3090 46.4760 49.5763
12849.0000 0.0327 77.0692 50.0000 35.9007 46.5042 49.8814
12850.0000 0.0367 77.1105 50.0000 35.6096 45.9914 50.6238
12851.0000 0.0317 76.9401 50.0000 35.8383 46.8737 49.3787
12852.0000 0.0257 77.0075 50.0000 36.8040 46.7297 48.9076
12853.0000 0.0297 76.8299 50.0000 36.1075 46.6891 49.1855
12854.0000 0.0325 76.7656 50.0000 35.6080 46.8899 49.2582
12855.0000 0.0308 76.8943 50.0000 35.8797 47.1490 49.0138
12856.0000 0.0322 77.2865 50.0000 35.9298 47.1120 49.6257
12857.0000 0.0299 77.4204 50.0000 36.2799 47.3762 49.3273
12858.0000 0.0340 77.6254 50.0000 35.8469 47.2445 50.0865
12859.0000 0.0302 77.5581 50.0000 36.3001 47.4453 49.4622
12860.0000 0.0268 77.5206 50.0000 36.9216 46.8808 49.4817
12861.0000 0.0224 77.3536 50.0000 37.7559 46.0710 49.3511
12862.0000 0.0214 77.3192 50.0000 37.8163 46.2981 49.0376
12863.0000 0.0227 77.5894 50.0000 37.8267 46.2020 49.5444
12864.0000 0.0227 77.3912 50.0000 37.6890 46.1954 49.3450
12865.0000 0.0191 77.0926 50.0000 38.1198 46.0556 48.6727
12866.0000 0.0183 76.8197 50.0000 38.2221 45.5700 48.6181
12867.0000 0.0187 77.0848 50.0000 38.4867 45.2579 49.1178
12868.0000 0.0211 77.0220 50.0000 38.3619 44.6655 49.6563
12869.0000 0.0262 77.5245 50.0000 38.3920 44.0789 50.9230
12870.0000 0.0202 77.0403 50.0000 39.2276 43.5205 50.0237
12871.0000 0.0159 77.0161 50.0000 39.7363 43.7874 49.3474
12872.0000 0.0135 76.9292 50.0000 40.1562 43.6812 48.9646
12873.0000 0.0114 77.3990 50.0000 40.3571 44.6471 48.6677
12874.0000 0.0088 76.9840 50.0000 40.7776 44.2783 47.9912
12875.0000 0.0109 77.0265 50.0000 40.1740 44.5941 48.2753
12876.0000 0.0107 77.1666 50.0000 40.2379 44.7975 48.2574
12877.0000 0.0107 77.1811 50.0000 40.4827 44.3524 48.4864
12878.0000 0.0146 77.0741 50.0000 39.9845 43.8214 49.2072
12879.0000 0.0160 76.9806 50.0000 39.7283 43.7270 49.3520
12880.0000 0.0223 77.1202 50.0000 39.0980 43.3654 50.3816
12881.0000 0.0241 76.9864 50.0000 38.9745 43.0070 50.5796
12882.0000 0.0230 76.9872 50.0000 39.0198 43.1579 50.4170
12883.0000 0.0218 77.0467 50.0000 38.8303 43.7579 50.1363
12884.0000 0.0209 77.0607 50.0000 39.3936 43.1781 50.2210
12885.0000 0.0228 77.0732 50.0000 38.8050 43.6148 50.3211
12886.0000 0.0185 76.8509 50.0000 39.3670 43.4749 49.6612
12887.0000 0.0172 76.4987 50.0000 39.2259 43.5255 49.1823
12888.0000 0.0145 76.5197 50.0000 39.7148 43.5095 48.8357
12889.0000 0.0166 76.4519 50.0000 39.2836 43.5200 49.0684
12890.0000 0.0170 76.1774 50.0000 39.0841 43.3589 48.9432
12891.0000 0.0222 76.5630 50.0000 39.1198 42.6538 50.1218
12892.0000 0.0199 76.6815 50.0000 39.2344 43.1328 49.8024
12893.0000 0.0211 76.4114 50.0000 38.7094 43.2479 49.6981
12894.0000 0.0310 76.4580 50.0000 38.1899 42.1637 51.0840
12895.0000 0.0294 76.3763 50.0000 38.1918 42.3303 50.8221
12896.0000 0.0334 76.5704 50.0000 37.9292 42.2382 51.3842
12897.0000 0.0280 76.5870 50.0000 37.7264 43.4876 50.5085
12898.0000 0.0291 76.6897 50.0000 38.0852 42.9064 50.8907
12899.0000 0.0270 76.1674 50.0000 37.6982 43.1848 50.1537
12900.0000 0.0262 76.3085 50.0000 37.8328 43.3267 50.1444
12901.0000 0.0334 76.3227 50.0000 36.9654 43.2360 50.8858
12902.0000 0.0248 76.0305 50.0000 37.6200 43.5841 49.6568
12903.0000 0.0296 76.2029 50.0000 37.3485 43.2289 50.4305
12904.0000 0.0368 76.3175 50.0000 36.4674 43.3541 51.1362
12905.0000 0.0430 76.4095 50.0000 35.7379 43.4652 51.6914
12906.0000 0.0376 76.2275 50.0000 36.4473 43.1278 51.2076
12907.0000 0.0322 76.0470 50.0000 37.1525 42.8364 50.6743
12908.0000 0.0331 75.8967 50.0000 36.8473 42.9243 50.5974
12909.0000 0.0423 76.3064 50.0000 36.2826 42.6839 51.8105
12910.0000 0.0417 76.1629 50.0000 36.2003 42.7213 51.6258
12911.0000 0.0390 76.4174 50.0000 35.9528 43.8515 51.2255
12912.0000 0.0332 76.1052 50.0000 36.3631 43.9149 50.4104
12913.0000 0.0357 76.5266 50.0000 36.4071 43.9214 51.0074
12914.0000 0.0340 76.1658 50.0000 36.1667 44.1541 50.4343
12915.0000 0.0301 75.8319 50.0000 36.8141 43.4682 50.0571
12916.0000 0.0270 75.6810 50.0000 36.7073 44.1365 49.3168
12917.0000 0.0300 75.4994 50.0000 36.4242 43.6670 49.6651
12918.0000 0.0216 75.2446 50.0000 37.7881 42.9833 48.8493
12919.0000 0.0226 75.0434 50.0000 37.4280 43.0540 48.7546
12920.0000 0.0279 75.4774 50.0000 37.2527 42.7733 49.7948
12921.0000 0.0288 74.9547 50.0000 36.8865 42.4651 49.5410
12922.0000 0.0311 74.9031 50.0000 36.1596 43.0462 49.4973
12923.0000 0.0332 75.1529 50.0000 36.3532 42.6781 50.0498
12924.0000 0.0235 74.6916 50.0000 37.1322 42.8238 48.6432
12925.0000 0.0295 74.5737 50.0000 36.4627 42.4504 49.2917
12926.0000 0.0274 74.7198 50.0000 36.8195 42.5226 49.1853
12927.0000 0.0318 74.9801 50.0000 36.3089 42.7806 49.7344
12928.0000 0.0329 75.2260 50.0000 36.5434 42.5497 50.1304
12929.0000 0.0307 75.0924 50.0000 37.0628 42.0406 49.9780
12930.0000 0.0304 74.8313 50.0000 36.5409 42.4993 49.5812
12931.0000 0.0287 75.0007 50.0000 36.9079 42.4975 49.5669
12932.0000 0.0332 75.6571 50.0000 36.5099 43.0903 50.3414
12933.0000 0.0356 75.7930 50.0000 36.5103 42.8305 50.7655
12934.0000 0.0323 75.7620 50.0000 36.8105 42.9569 50.3941
12935.0000 0.0370 75.9785 50.0000 36.3712 43.0260 50.9768
12936.0000 0.0349 76.1692 50.0000 36.7894 43.0370 50.9520
12937.0000 0.0416 76.3859 50.0000 36.2784 42.8968 51.7547
12938.0000 0.0393 76.6604 50.0000 36.8475 42.8221 51.8203
12939.0000 0.0436 76.5890 50.0000 35.9820 43.2409 51.9749
12940.0000 0.0477 76.3006 50.0000 35.6390 42.7438 52.1978
12941.0000 0.0391 75.9681 50.0000 36.2385 42.8515 51.2023
12942.0000 0.0343 76.0654 50.0000 36.6431 43.2218 50.7455
12943.0000 0.0313 76.0800 50.0000 36.8471 43.4997 50.3809
12944.0000 0.0327 76.1140 50.0000 36.8547 43.2615 50.6311
12945.0000 0.0339 75.9503 50.0000 36.8154 42.8936 50.7269
12946.0000 0.0326 76.1251 50.0000 37.1354 42.8854 50.7625
12947.0000 0.0405 76.6614 50.0000 36.0735 43.7181 51.6178
12948.0000 0.0450 76.7414 50.0000 36.3092 42.7715 52.3592
12949.0000 0.0486 76.9488 50.0000 36.2642 42.5510 52.8720
12950.0000 0.0503 77.0433 50.0000 36.5062 42.1287 53.1803
12951.0000 0.0419 76.6085 50.0000 36.2211 43.2096 51.8634
12952.0000 0.0402 76.6035 50.0000 36.5026 43.0856 51.7618
12953.0000 0.0315 76.5393 50.0000 36.9693 43.8775 50.6586
12954.0000 0.0322 76.6346 50.0000 37.3812 43.2591 51.0311
12955.0000 0.0331 76.5346 50.0000 37.2914 43.0986 51.0824
12956.0000 0.0277 76.4697 50.0000 37.0899 44.4178 49.9901
12957.0000 0.0262 76.4433 50.0000 37.2658 44.4481 49.7916
12958.0000 0.0304 76.5919 50.0000 37.1462 43.8987 50.5904
12959.0000 0.0273 76.2723 50.0000 37.3720 43.7665 50.0530
12960.0000 0.0245 76.0956 50.0000 37.5634 43.8469 49.5680
12961.0000 0.0214 75.8063 50.0000 37.8985 43.6253 49.0625
12962.0000 0.0232 76.0596 50.0000 37.9430 43.4744 49.5516
12963.0000 0.0256 76.1078 50.0000 37.9366 43.0398 50.0078
12964.0000 0.0271 76.0430 50.0000 37.2787 43.6388 49.8848
12965.0000 0.0224 76.1413 50.0000 37.9469 43.7615 49.4212
12966.0000 0.0146 75.8141 50.0000 38.8472 43.8991 48.0785
12967.0000 0.0199 75.6180 50.0000 38.4974 42.7858 49.0450
12968.0000 0.0225 75.9160 50.0000 38.8348 42.1796 49.7592
12969.0000 0.0171 75.5932 50.0000 38.6021 43.2841 48.4840
12970.0000 0.0194 75.1747 50.0000 38.3416 42.5500 48.6894
12971.0000 0.0194 75.3242 50.0000 37.8534 43.5266 48.4386
12972.0000 0.0195 75.2844 50.0000 37.5840 43.9451 48.2080
12973.0000 0.0249 75.6775 50.0000 36.9590 44.2136 49.0538
12974.0000 0.0225 75.5422 50.0000 37.3684 43.8974 48.8185
12975.0000 0.0234 75.3433 50.0000 36.8504 44.3571 48.4883
12976.0000 0.0186 75.2523 50.0000 37.6573 44.0386 48.0150
12977.0000 0.0139 75.2569 50.0000 38.2334 44.6091 47.0303
12978.0000 0.0102 75.2889 50.0000 38.9458 44.8016 46.3084
12979.0000 0.0104 75.6399 50.0000 39.1336 44.8293 46.6936
12980.0000 0.0098 75.5752 50.0000 39.1989 44.8783 46.4865
12981.0000 0.0111 75.7723 50.0000 39.6124 43.6605 47.6031
12982.0000 0.0103 75.6264 50.0000 39.5532 43.8342 47.2595
12983.0000 0.0106 75.7378 50.0000 39.6779 43.6376 47.5146
12984.0000 0.0120 75.4367 50.0000 39.2465 43.4879 47.5312
12985.0000 0.0104 75.7548 50.0000 39.4766 44.1440 47.2408
12986.0000 0.0083 75.4637 50.0000 39.6266 44.3562 46.4439
12987.0000 0.0089 75.7451 50.0000 39.7403 44.2728 46.8823
12988.0000 0.0111 75.9037 50.0000 39.2651 44.5660 47.2598
12989.0000 0.0111 76.0393 50.0000 39.3068 44.7240 47.2939
12990.0000 0.0095 76.1913 50.0000 39.7533 44.7160 47.1728
12991.0000 0.0117 76.4935 50.0000 39.5074 44.7598 47.8224
12992.0000 0.0122 76.6510 50.0000 39.6040 44.6252 48.1195
12993.0000 0.0110 76.8964 50.0000 40.0627 44.5973 48.1572
12994.0000 0.0082 76.7114 50.0000 40.6264 44.3858 47.5818
12995.0000 0.0080 76.3172 50.0000 40.2904 44.4857 47.1384
12996.0000 0.0089 76.3638 50.0000 40.3464 44.0707 47.5539
12997.0000 0.0097 76.0984 50.0000 40.3071 43.4514 47.7314
12998.0000 0.0120 76.2798 50.0000 40.0176 43.4189 48.2908
12999.0000 0.0103 76.4579 50.0000 40.5234 43.4326 48.1381
13000.0000 0.0082 76.3001 50.0000 41.5583 42.5035 47.8336
13001.0000 0.0105 76.4145 50.0000 40.9241 42.7809 48.3135
13002.0000 0.0076 76.4424 50.0000 41.1667 43.3358 47.6524
13003.0000 0.0098 76.6766 50.0000 40.7544 43.5233 48.2089
13004.0000 0.0107 76.7588 50.0000 40.5298 43.7057 48.3639
13005.0000 0.0092 76.2128 50.0000 40.2449 43.8891 47.5657
13006.0000 0.0070 76.3016 50.0000 40.6163 44.2723 47.0341
13007.0000 0.0053 76.4241 50.0000 41.2841 44.0710 46.8402
13008.0000 0.0034 76.4808 50.0000 41.9217 44.0677 46.3673
13009.0000 0.0037 76.6022 50.0000 41.7568 44.4027 46.3969
13010.0000 0.0021 76.6037 50.0000 42.5208 44.0968 45.9955
13011.0000 0.0009 76.7578 50.0000 43.0473 44.4674 45.4019
13012.0000 0.0012 76.6253 50.0000 42.7653 44.5991 45.3154
13013.0000 0.0009 76.8899 50.0000 43.0844 44.7477 45.3148
13014.0000 0.0023 76.7807 50.0000 42.3553 44.5595 45.9973
13015.0000 0.0021 76.8626 50.0000 42.4022 44.7657 45.8906
13016.0000 0.0041 77.0296 50.0000 41.6313 45.2096 46.4380
13017.0000 0.0053 76.9454 50.0000 41.3241 44.8558 46.9135
13018.0000 0.0062 77.3658 50.0000 41.0508 45.8317 46.9016
13019.0000 0.0071 77.2444 50.0000 40.8069 45.5656 47.1728
13020.0000 0.0055 77.0416 50.0000 41.1793 45.3052 46.7666
13021.0000 0.0051 77.2008 50.0000 41.3724 45.4716 46.6971
13022.0000 0.0060 77.3007 50.0000 41.0735 45.8850 46.7219
13023.0000 0.0069 76.9855 50.0000 40.6803 45.5080 46.9138
13024.0000 0.0070 77.0751 50.0000 40.7938 45.3137 47.1498
13025.0000 0.0065 76.8114 50.0000 40.6723 45.5496 46.5939
13026.0000 0.0073 77.1134 50.0000 40.5608 46.0824 46.6660
13027.0000 0.0062 76.9588 50.0000 40.8249 45.6929 46.5634
13028.0000 0.0063 77.1259 50.0000 40.8614 45.9129 46.5915
13029.0000 0.0051 77.3348 50.0000 41.3813 45.7765 46.6131
13030.0000 0.0060 77.0481 50.0000 41.0188 45.4132 46.8136
13031.0000 0.0058 77.3078 50.0000 41.2289 45.4854 46.9866
13032.0000 0.0062 77.3551 50.0000 41.2190 45.2910 47.2604
13033.0000 0.0062 77.8245 50.0000 41.7446 44.9438 47.8968
13034.0000 0.0047 77.5521 50.0000 42.0356 44.7814 47.3495
13035.0000 0.0068 77.4423 50.0000 41.4645 44.6086 47.8337
13036.0000 0.0084 77.5179 50.0000 41.1591 44.5430 48.2791
13037.0000 0.0084 77.4318 50.0000 41.3379 44.1606 48.3395
13038.0000 0.0071 77.4057 50.0000 41.9456 43.7174 48.1768
13039.0000 0.0065 77.3532 50.0000 41.3697 44.7706 47.6199
13040.0000 0.0059 77.2910 50.0000 41.2977 45.1361 47.2348
13041.0000 0.0057 77.1057 50.0000 41.2224 45.1700 46.9646
13042.0000 0.0079 77.3287 50.0000 40.5845 45.8825 47.1956
13043.0000 0.0086 77.1239 50.0000 40.3315 45.6103 47.3410
13044.0000 0.0077 77.2716 50.0000 40.6459 45.6922 47.2337
13045.0000 0.0123 77.5488 50.0000 39.5838 46.4771 47.8207
13046.0000 0.0121 77.2125 50.0000 39.4560 46.2223 47.6287
13047.0000 0.0110 77.4389 50.0000 39.8633 46.1109 47.7648
13048.0000 0.0117 76.7958 50.0000 39.4870 45.4186 47.7025
13049.0000 0.0097 76.4929 50.0000 39.7327 45.2758 47.1442
13050.0000 0.0109 76.4062 50.0000 39.2931 45.8251 46.8405
13051.0000 0.0153 76.5692 50.0000 38.8025 44.9708 48.3202
13052.0000 0.0172 76.6379 50.0000 38.5772 44.8744 48.6975
13053.0000 0.0212 76.7302 50.0000 37.9250 45.0235 49.2149
13054.0000 0.0175 76.6833 50.0000 38.3060 45.4408 48.4573
13055.0000 0.0178 76.3048 50.0000 37.8253 46.0522 47.6536
13056.0000 0.0159 76.1039 50.0000 38.1165 45.6844 47.4539
13057.0000 0.0157 75.9933 50.0000 38.0507 45.8063 47.2113
13058.0000 0.0117 75.9202 50.0000 38.9723 45.0638 47.0563
13059.0000 0.0089 75.9967 50.0000 39.6414 45.1048 46.5791
13060.0000 0.0079 75.9539 50.0000 39.9109 44.8436 46.5312
13061.0000 0.0082 76.0722 50.0000 39.9749 44.6906 46.8160
13062.0000 0.0098 75.6801 50.0000 39.4064 44.4839 46.8593
13063.0000 0.0101 75.6032 50.0000 39.3565 44.3060 46.9455
13064.0000 0.0114 75.8203 50.0000 39.3521 44.1129 47.4782
13065.0000 0.0123 75.6586 50.0000 39.2425 43.7239 47.6705
13066.0000 0.0117 75.4999 50.0000 39.0056 44.1620 47.2073
13067.0000 0.0113 75.6338 50.0000 39.2623 44.0182 47.3429
13068.0000 0.0164 76.2194 50.0000 38.3651 44.9192 48.1641
13069.0000 0.0152 76.0322 50.0000 38.7656 44.1854 48.2262
13070.0000 0.0140 76.1019 50.0000 39.0392 44.1854 48.1155
13071.0000 0.0160 75.7309 50.0000 38.7046 43.5926 48.3404
13072.0000 0.0209 75.4863 50.0000 37.9210 43.2570 48.8775
13073.0000 0.0222 75.3925 50.0000 37.6942 43.1934 48.9643
13074.0000 0.0195 75.6223 50.0000 38.1827 43.3909 48.7651
13075.0000 0.0197 75.9646 50.0000 38.6957 43.0102 49.2278
13076.0000 0.0204 76.6256 50.0000 39.2113 42.9796 49.8669
13077.0000 0.0214 76.8053 50.0000 39.0147 43.2554 50.0587
13078.0000 0.0219 76.8233 50.0000 38.7693 43.5267 50.0418
13079.0000 0.0225 76.5789 50.0000 38.2991 43.7856 49.8029
13080.0000 0.0206 76.6322 50.0000 38.9429 43.3153 49.7969
13081.0000 0.0217 76.8710 50.0000 38.8601 43.5101 50.0591
13082.0000 0.0199 76.7950 50.0000 38.5892 44.2522 49.4983
13083.0000 0.0186 76.7275 50.0000 39.1130 43.6441 49.5225
13084.0000 0.0196 77.2923 50.0000 39.2523 43.9663 50.0032
13085.0000 0.0171 76.7780 50.0000 39.3241 43.7633 49.3279
13086.0000 0.0163 76.8547 50.0000 39.4750 43.8436 49.2555
13087.0000 0.0159 76.6754 50.0000 39.3341 43.9332 49.0083
13088.0000 0.0176 76.6136 50.0000 38.8043 44.2478 49.0510
13089.0000 0.0181 76.6953 50.0000 38.4463 44.9189 48.8503
13090.0000 0.0237 76.8115 50.0000 37.9906 44.3126 49.9311
13091.0000 0.0210 76.7592 50.0000 38.1864 44.6079 49.4360
13092.0000 0.0221 76.7925 50.0000 37.9945 44.7187 49.5353
13093.0000 0.0187 76.7944 50.0000 38.6780 44.4342 49.2645
13094.0000 0.0178 76.7630 50.0000 39.1559 43.8450 49.3659
13095.0000 0.0232 77.1705 50.0000 38.6363 43.9078 50.3451
13096.0000 0.0170 76.5576 50.0000 38.9711 44.0616 48.9989
13097.0000 0.0219 76.6804 50.0000 38.0374 44.5279 49.5007
13098.0000 0.0225 76.5045 50.0000 37.9401 44.2801 49.5253
13099.0000 0.0210 76.4021 50.0000 38.4911 43.5927 49.5520
13100.0000 0.0188 76.5516 50.0000 38.8916 43.6984 49.3765
13101.0000 0.0168 76.4838 50.0000 39.3750 43.3828 49.1662
13102.0000 0.0205 76.8005 50.0000 39.0731 43.3764 49.9008
13103.0000 0.0164 76.4395 50.0000 39.1826 43.7198 48.9521
13104.0000 0.0156 76.6143 50.0000 39.1429 44.2514 48.7792
13105.0000 0.0173 76.6516 50.0000 38.4552 45.1001 48.6071
13106.0000 0.0202 76.5109 50.0000 38.2124 44.4333 49.1875
13107.0000 0.0213 76.9016 50.0000 37.9292 45.2604 49.2618
13108.0000 0.0208 76.4043 50.0000 37.7513 44.9912 48.8696
13109.0000 0.0214 76.5792 50.0000 37.6346 45.3663 48.8868
13110.0000 0.0206 76.6718 50.0000 37.7014 45.6625 48.7042
13111.0000 0.0229 76.8912 50.0000 37.4378 45.8436 49.0819
13112.0000 0.0265 76.7290 50.0000 37.2025 44.8943 49.8780
13113.0000 0.0268 76.8752 50.0000 37.0996 45.2551 49.8537
13114.0000 0.0277 76.7588 50.0000 37.3341 44.4044 50.2626
13115.0000 0.0220 76.9104 50.0000 37.8305 45.2674 49.3450
13116.0000 0.0223 76.9111 50.0000 37.5264 45.8833 49.0083
13117.0000 0.0276 77.0084 50.0000 36.6028 46.4173 49.3554
13118.0000 0.0233 76.8066 50.0000 36.9851 47.1486 48.0455
13119.0000 0.0206 76.6391 50.0000 37.4593 46.4682 48.0736
13120.0000 0.0230 76.8223 50.0000 37.1506 46.5447 48.5293
13121.0000 0.0226 77.0235 50.0000 37.2643 46.9121 48.4071
13122.0000 0.0243 77.0438 50.0000 37.0468 46.7099 48.8003
13123.0000 0.0289 77.5624 50.0000 36.5764 47.0879 49.6067
13124.0000 0.0321 78.0022 50.0000 36.3722 47.2188 50.3169
13125.0000 0.0275 78.0516 50.0000 37.1075 47.0847 49.9811
13126.0000 0.0239 77.4008 50.0000 37.3055 46.8098 49.0716
13127.0000 0.0255 77.6698 50.0000 37.5067 46.0969 50.0092
13128.0000 0.0270 77.3647 50.0000 36.8072 46.8066 49.3930
13129.0000 0.0235 76.8396 50.0000 37.1733 46.2567 48.8138
13130.0000 0.0210 76.9211 50.0000 37.5737 46.3962 48.5022
13131.0000 0.0239 76.8253 50.0000 37.0654 46.3684 48.7674
13132.0000 0.0240 77.0446 50.0000 37.2314 46.2314 49.1157
13133.0000 0.0237 77.2461 50.0000 37.2169 46.9015 48.8069
13134.0000 0.0245 77.0835 50.0000 36.9541 47.0899 48.5676
13135.0000 0.0284 76.8507 50.0000 36.3715 46.4679 49.2329
13136.0000 0.0233 76.6058 50.0000 37.4918 45.0659 49.3141
13137.0000 0.0279 76.5928 50.0000 36.8535 44.9917 49.8399
13138.0000 0.0254 76.2992 50.0000 36.8119 45.3773 49.0648
13139.0000 0.0191 75.9490 50.0000 37.5339 45.4228 47.9189
13140.0000 0.0171 76.2110 50.0000 38.3536 44.6623 48.3983
13141.0000 0.0123 75.9204 50.0000 38.8889 44.9930 47.1931
13142.0000 0.0171 76.0536 50.0000 37.9079 45.5729 47.6472
13143.0000 0.0178 76.0377 50.0000 37.8491 45.3340 47.8958
13144.0000 0.0150 76.2302 50.0000 38.6320 44.8876 47.9970
13145.0000 0.0159 76.4744 50.0000 38.4748 45.3323 48.0937
13146.0000 0.0135 76.3351 50.0000 38.7961 45.4200 47.5282
13147.0000 0.0145 76.5425 50.0000 38.5616 46.2111 47.2894
13148.0000 0.0148 76.6117 50.0000 38.4764 46.6048 47.0841
13149.0000 0.0158 76.7582 50.0000 38.4542 46.1179 47.8146
13150.0000 0.0139 77.0776 50.0000 39.0392 46.0737 47.8969
13151.0000 0.0137 76.6208 50.0000 38.8532 45.7885 47.5877
13152.0000 0.0150 76.6895 50.0000 38.6079 45.9293 47.7620
13153.0000 0.0150 76.3882 50.0000 38.7675 44.8614 48.1632
13154.0000 0.0162 76.1412 50.0000 38.3538 44.9126 48.0554
13155.0000 0.0188 76.2408 50.0000 37.8372 45.2548 48.3013
13156.0000 0.0138 76.0801 50.0000 38.5259 45.6254 47.1409
13157.0000 0.0120 76.3807 50.0000 39.1325 45.3747 47.3688
13158.0000 0.0139 76.7401 50.0000 38.8453 45.9630 47.6182
13159.0000 0.0147 76.3311 50.0000 38.4745 45.7252 47.4906
13160.0000 0.0138 76.2165 50.0000 38.5133 46.0645 46.9440
13161.0000 0.0148 76.5757 50.0000 38.4630 46.5539 47.0868
13162.0000 0.0198 76.3398 50.0000 37.4055 46.5526 47.5546
13163.0000 0.0264 76.9467 50.0000 36.8003 46.2363 49.2822
13164.0000 0.0295 77.2380 50.0000 36.3542 46.8423 49.4962
13165.0000 0.0284 77.4258 50.0000 36.7848 46.4042 49.8828
13166.0000 0.0277 77.6058 50.0000 37.0661 46.2548 50.0924
13167.0000 0.0284 77.6109 50.0000 37.0014 46.1886 50.2092
13168.0000 0.0314 77.4632 50.0000 36.5491 46.0117 50.4742
13169.0000 0.0313 77.5548 50.0000 36.5875 46.1231 50.4852
13170.0000 0.0335 77.5392 50.0000 36.0127 46.7886 50.2617
13171.0000 0.0357 77.6655 50.0000 35.9065 46.5255 50.7744
13172.0000 0.0346 77.8306 50.0000 35.7730 47.7167 50.0101
13173.0000 0.0294 77.5151 50.0000 36.4204 47.3014 49.4441
13174.0000 0.0316 77.1998 50.0000 36.1302 46.5535 49.8716
13175.0000 0.0325 77.6104 50.0000 36.1772 46.8511 50.1952
13176.0000 0.0294 77.0936 50.0000 36.3880 46.4905 49.5780
13177.0000 0.0246 76.7257 50.0000 36.9040 46.3337 48.7659
13178.0000 0.0245 76.8768 50.0000 36.9487 46.5796 48.7358
13179.0000 0.0264 76.6688 50.0000 36.8723 45.5326 49.4501
13180.0000 0.0230 76.4028 50.0000 37.3784 45.0792 49.0725
13181.0000 0.0232 76.6530 50.0000 37.3601 45.4667 49.1190
13182.0000 0.0251 76.7313 50.0000 36.9564 45.9244 49.1210
13183.0000 0.0235 76.7763 50.0000 37.3518 45.6026 49.1919
13184.0000 0.0234 76.7380 50.0000 37.6207 44.9774 49.5019
13185.0000 0.0266 76.6980 50.0000 37.0310 45.1738 49.7052
13186.0000 0.0239 76.4248 50.0000 37.7388 44.1612 49.6621
13187.0000 0.0197 76.5836 50.0000 38.4010 44.3341 49.2432
13188.0000 0.0258 76.7858 50.0000 37.7514 44.1935 50.1779
13189.0000 0.0241 76.6780 50.0000 37.9975 44.0248 49.9752
13190.0000 0.0210 76.3773 50.0000 38.0923 44.2300 49.2561
13191.0000 0.0213 76.4111 50.0000 37.9186 44.5177 49.1834
13192.0000 0.0229 76.5964 50.0000 37.4675 45.2467 49.1521
13193.0000 0.0291 76.8978 50.0000 36.6280 45.6243 49.9008
13194.0000 0.0299 77.2767 50.0000 36.7158 45.8127 50.2477
13195.0000 0.0254 77.0538 50.0000 37.6844 44.7910 50.1093
13196.0000 0.0228 77.2676 50.0000 38.2130 44.8395 49.9947
13197.0000 0.0208 77.1267 50.0000 37.9909 45.6979 49.1622
13198.0000 0.0212 76.9217 50.0000 37.8697 45.4723 49.1438
13199.0000 0.0170 76.9071 50.0000 38.8962 44.7251 49.0046
13200.0000 0.0115 76.8176 50.0000 39.9433 44.4896 48.2302
13201.0000 0.0156 76.7121 50.0000 38.7009 45.3598 48.2648
13202.0000 0.0137 76.9595 50.0000 39.3989 44.9830 48.4460
13203.0000 0.0126 76.8736 50.0000 39.4665 45.1255 48.1210
13204.0000 0.0148 77.3278 50.0000 39.2739 45.4468 48.7004
13205.0000 0.0165 77.5468 50.0000 38.9672 45.8124 48.9518
13206.0000 0.0163 77.2696 50.0000 38.7116 46.1174 48.4272
13207.0000 0.0167 77.5441 50.0000 39.0773 45.4836 49.1660
13208.0000 0.0154 77.3710 50.0000 39.2454 45.3252 48.9049
13209.0000 0.0199 77.9746 50.0000 38.9189 45.3999 50.0420
13210.0000 0.0201 77.7052 50.0000 38.6915 45.3812 49.8158
13211.0000 0.0223 77.7291 50.0000 38.8184 44.5704 50.4819
13212.0000 0.0209 78.3043 50.0000 39.3361 44.8831 50.6927
13213.0000 0.0207 78.4222 50.0000 39.7000 44.5227 50.9086
13214.0000 0.0211 78.1725 50.0000 39.9005 43.8344 50.9651
13215.0000 0.0236 78.4825 50.0000 39.1157 44.8252 51.1875
13216.0000 0.0220 78.7309 50.0000 39.4198 45.0658 51.1244
13217.0000 0.0199 79.0935 50.0000 39.5630 45.8924 50.8375
13218.0000 0.0160 78.3921 50.0000 39.9327 45.3688 49.9237
13219.0000 0.0125 78.0892 50.0000 40.3389 45.3702 49.1146
13220.0000 0.0111 78.0796 50.0000 40.5763 45.4455 48.8333
13221.0000 0.0145 78.3837 50.0000 40.0156 45.7131 49.5285
13222.0000 0.0143 77.8614 50.0000 39.7476 45.5044 49.1109
13223.0000 0.0146 77.5521 50.0000 39.4974 45.4136 48.9069
13224.0000 0.0148 77.4756 50.0000 39.5453 45.0911 49.0452
13225.0000 0.0147 77.7961 50.0000 39.7060 45.3295 49.2026
13226.0000 0.0132 78.0784 50.0000 40.0359 45.6691 49.0683
13227.0000 0.0129 78.2401 50.0000 40.3012 45.5354 49.2327
13228.0000 0.0175 78.6140 50.0000 39.4400 46.1764 49.9238
13229.0000 0.0156 78.5812 50.0000 39.6433 46.4678 49.4384
13230.0000 0.0124 78.6196 50.0000 40.2188 46.6676 48.8429
13231.0000 0.0138 78.5836 50.0000 39.9089 46.6995 49.0084
13232.0000 0.0172 78.2919 50.0000 38.9817 46.9816 49.0181
13233.0000 0.0248 78.8663 50.0000 37.7269 48.4671 49.4723
13234.0000 0.0226 79.0229 50.0000 38.2646 47.9867 49.7766
13235.0000 0.0244 78.8027 50.0000 37.8992 47.6968 49.9854
13236.0000 0.0262 79.2055 50.0000 37.8093 47.9108 50.4829
13237.0000 0.0307 79.4527 50.0000 37.1311 48.5356 50.7771
13238.0000 0.0295 79.5140 50.0000 37.4192 48.2605 50.9236
13239.0000 0.0330 79.7519 50.0000 36.9094 48.7735 51.1782
13240.0000 0.0377 79.9413 50.0000 36.4346 48.5490 52.0204
13241.0000 0.0366 79.9439 50.0000 36.6120 48.4850 51.9596
13242.0000 0.0297 79.5701 50.0000 37.3675 48.4295 50.8887
13243.0000 0.0316 79.9514 50.0000 37.1752 49.0296 51.0521
13244.0000 0.0313 79.9011 50.0000 37.2447 48.8080 51.1350
13245.0000 0.0307 80.0009 50.0000 37.4522 48.5987 51.3386
13246.0000 0.0338 79.9879 50.0000 37.0112 48.5678 51.6662
13247.0000 0.0305 79.6338 50.0000 37.5081 47.7972 51.4793
13248.0000 0.0269 78.9156 50.0000 37.6839 47.3982 50.6064
13249.0000 0.0278 78.9544 50.0000 37.7789 46.8743 51.0817
13250.0000 0.0288 79.3233 50.0000 37.4747 48.0044 50.8273
13251.0000 0.0282 79.0322 50.0000 37.6347 47.2163 50.9934
13252.0000 0.0318 79.0580 50.0000 37.1735 47.1341 51.4459
13253.0000 0.0302 78.8593 50.0000 37.0888 47.5831 50.7844
13254.0000 0.0294 78.7029 50.0000 37.0716 47.6636 50.4780
13255.0000 0.0328 78.5990 50.0000 36.4932 47.7597 50.6465
13256.0000 0.0304 77.9936 50.0000 36.4957 47.6013 49.8515
13257.0000 0.0286 78.3518 50.0000 37.0792 47.2913 50.2760
13258.0000 0.0289 78.5127 50.0000 37.0922 47.4287 50.3879
13259.0000 0.0288 78.7021 50.0000 37.2230 47.4976 50.5218
13260.0000 0.0281 79.0164 50.0000 37.5016 47.5741 50.7338
13261.0000 0.0297 79.0448 50.0000 37.1726 47.9493 50.6669
13262.0000 0.0311 78.5288 50.0000 36.6171 48.0681 50.1539
13263.0000 0.0308 78.5437 50.0000 36.7586 47.7252 50.4006
13264.0000 0.0260 78.6356 50.0000 37.4522 48.0485 49.7215
13265.0000 0.0223 78.4049 50.0000 38.1693 47.0416 49.7748
13266.0000 0.0264 78.4251 50.0000 37.7211 46.5773 50.5784
13267.0000 0.0214 78.9203 50.0000 38.5358 47.4250 49.9427
13268.0000 0.0191 78.9714 50.0000 39.0946 47.0329 49.9600
13269.0000 0.0163 78.7040 50.0000 39.4285 46.9504 49.3496
13270.0000 0.0155 78.3327 50.0000 39.4273 46.6328 49.0600
13271.0000 0.0150 78.1647 50.0000 39.4036 46.6223 48.8205
13272.0000 0.0162 77.9625 50.0000 39.2400 46.0424 49.1781
13273.0000 0.0153 77.8594 50.0000 39.3235 46.0487 48.9415
13274.0000 0.0153 77.7328 50.0000 39.6988 45.0190 49.3932
13275.0000 0.0169 77.4967 50.0000 39.5333 44.4819 49.6410
13276.0000 0.0143 77.0425 50.0000 39.7205 44.2870 48.9541
13277.0000 0.0166 77.0129 50.0000 38.7175 45.4359 48.6571
13278.0000 0.0191 77.1094 50.0000 39.1456 44.0012 49.7732
13279.0000 0.0131 76.8499 50.0000 39.8953 44.0951 48.6815
13280.0000 0.0132 76.6210 50.0000 39.5479 44.3217 48.3976
13281.0000 0.0110 76.4278 50.0000 39.5398 44.9300 47.5301
13282.0000 0.0129 76.4270 50.0000 39.0398 45.2596 47.6292
13283.0000 0.0125 76.5395 50.0000 39.6120 44.3129 48.2240
13284.0000 0.0124 76.4594 50.0000 39.2813 44.9225 47.8014
13285.0000 0.0161 76.6956 50.0000 38.4210 45.8651 47.9836
13286.0000 0.0168 76.6208 50.0000 38.1973 46.0819 47.8348
13287.0000 0.0129 76.3326 50.0000 38.7818 45.9926 46.9820
13288.0000 0.0129 76.0879 50.0000 38.6502 45.9566 46.7282
13289.0000 0.0128 76.0257 50.0000 38.7533 45.3602 47.1226
13290.0000 0.0118 75.8661 50.0000 39.0458 44.7158 47.2397
13291.0000 0.0086 75.9236 50.0000 39.6376 45.1772 46.3926
13292.0000 0.0109 76.0595 50.0000 39.1261 45.5439 46.6899
13293.0000 0.0134 76.3414 50.0000 38.8063 45.4587 47.4930
13294.0000 0.0106 76.0978 50.0000 39.2291 45.4045 46.8015
13295.0000 0.0101 76.2285 50.0000 39.3400 46.1218 46.2161
13296.0000 0.0106 76.0423 50.0000 39.1184 45.9782 46.2406
13297.0000 0.0124 75.5002 50.0000 38.4382 45.7460 46.1528
13298.0000 0.0150 75.7657 50.0000 38.0895 45.6047 47.0090
13299.0000 0.0164 76.0182 50.0000 38.0737 45.3421 47.6786
13300.0000 0.0145 76.1753 50.0000 38.3684 46.0167 47.0425
13301.0000 0.0155 76.0956 50.0000 38.2522 45.4194 47.5855
13302.0000 0.0193 76.1695 50.0000 37.6400 45.4454 48.1637
13303.0000 0.0228 75.8932 50.0000 36.9800 45.2199 48.4501
13304.0000 0.0194 75.9059 50.0000 37.3427 45.7963 47.6438
13305.0000 0.0188 76.1488 50.0000 37.5439 46.0707 47.6086
13306.0000 0.0155 76.2374 50.0000 38.1970 46.1125 47.1886
13307.0000 0.0131 76.3018 50.0000 38.7862 45.6770 47.2357
13308.0000 0.0173 76.7287 50.0000 38.3489 45.5235 48.4176
13309.0000 0.0188 76.8166 50.0000 38.1036 45.6564 48.6251
13310.0000 0.0226 77.1367 50.0000 37.7296 45.6745 49.4002
13311.0000 0.0233 77.1425 50.0000 37.4479 46.1327 49.1975
13312.0000 0.0252 77.4051 50.0000 37.4429 45.8833 49.8427
13313.0000 0.0259 77.1346 50.0000 37.5715 44.9784 50.1505
13314.0000 0.0234 77.1356 50.0000 38.2617 44.3934 50.1515
13315.0000 0.0223 77.5767 50.0000 38.6544 44.6421 50.3096
13316.0000 0.0214 77.1602 50.0000 38.5074 44.5206 49.8878
13317.0000 0.0194 76.8426 50.0000 38.2065 45.2116 48.9996
13318.0000 0.0225 76.9633 50.0000 38.4800 44.0286 50.0412
13319.0000 0.0222 77.1068 50.0000 38.2984 44.6081 49.8880
13320.0000 0.0206 77.2261 50.0000 38.5078 44.8462 49.6974
13321.0000 0.0208 77.2500 50.0000 38.9718 44.0379 50.0941
13322.0000 0.0203 77.3832 50.0000 39.5053 43.5503 50.3077
13323.0000 0.0202 77.1270 50.0000 39.4788 43.2761 50.1715
13324.0000 0.0208 76.6785 50.0000 39.6049 42.4481 50.0919
13325.0000 0.0198 76.9196 50.0000 39.8079 42.6874 50.0973
13326.0000 0.0147 76.4333 50.0000 40.0045 42.9392 48.9684
13327.0000 0.0139 76.1862 50.0000 39.7760 43.1394 48.5922
13328.0000 0.0146 76.5595 50.0000 39.9049 43.2543 48.9696
13329.0000 0.0207 77.2845 50.0000 39.1891 43.7833 50.2008
13330.0000 0.0204 77.1215 50.0000 39.0010 43.9305 49.9676
13331.0000 0.0199 77.2655 50.0000 39.1622 43.9955 50.0068
13332.0000 0.0233 77.7777 50.0000 38.8230 44.3917 50.7101
13333.0000 0.0235 77.7313 50.0000 38.5732 44.6806 50.5758
13334.0000 0.0201 77.4343 50.0000 38.6811 44.9736 49.7718
13335.0000 0.0226 77.3761 50.0000 38.6628 44.2605 50.3314
13336.0000 0.0206 77.3981 50.0000 38.8945 44.4120 50.0525
13337.0000 0.0196 77.5067 50.0000 39.0706 44.5331 49.9759
13338.0000 0.0198 77.5138 50.0000 38.8080 44.9398 49.8270
13339.0000 0.0160 77.5142 50.0000 39.2037 45.4120 49.0843
13340.0000 0.0173 77.4789 50.0000 39.1438 45.0470 49.4116
13341.0000 0.0187 77.4506 50.0000 38.8937 45.0300 49.5799
13342.0000 0.0173 77.1431 50.0000 39.0556 44.7004 49.2706
13343.0000 0.0144 76.9564 50.0000 39.6039 44.3357 48.8689
13344.0000 0.0180 77.1035 50.0000 38.9550 44.5962 49.3826
13345.0000 0.0204 76.7964 50.0000 38.4367 44.3900 49.4958
13346.0000 0.0223 76.9320 50.0000 38.1330 44.6128 49.7403
13347.0000 0.0237 77.1182 50.0000 37.9032 44.9365 49.9127
13348.0000 0.0186 76.8930 50.0000 38.8083 44.3641 49.3788
13349.0000 0.0218 76.5382 50.0000 38.5075 43.5686 49.7699
13350.0000 0.0203 76.8918 50.0000 38.8788 43.8271 49.7994
13351.0000 0.0212 77.3252 50.0000 38.7908 44.3335 50.0899
13352.0000 0.0188 76.9563 50.0000 38.7356 44.5524 49.3650
13353.0000 0.0201 77.0947 50.0000 38.2985 45.1999 49.3334
13354.0000 0.0185 76.8681 50.0000 38.8523 44.2816 49.3796
13355.0000 0.0193 77.1049 50.0000 38.7279 44.6369 49.5263
13356.0000 0.0194 77.0765 50.0000 38.6715 44.6743 49.4925
13357.0000 0.0188 77.2738 50.0000 38.9220 44.6660 49.6112
13358.0000 0.0198 77.4058 50.0000 39.1676 44.1871 50.0506
13359.0000 0.0207 77.3806 50.0000 38.9856 44.2225 50.1224
13360.0000 0.0179 76.6953 50.0000 39.1868 43.6609 49.3993
13361.0000 0.0161 77.0305 50.0000 39.3508 44.3517 49.1746
13362.0000 0.0151 77.1845 50.0000 39.6423 44.3660 49.1691
13363.0000 0.0106 76.9662 50.0000 40.3400 44.3121 48.3003
13364.0000 0.0126 77.2117 50.0000 40.5086 43.7864 49.0250
13365.0000 0.0127 76.9772 50.0000 40.3192 43.7123 48.8783
13366.0000 0.0121 76.4943 50.0000 40.0832 43.5940 48.4178
13367.0000 0.0113 76.7136 50.0000 40.3268 43.7513 48.4206
13368.0000 0.0104 76.7274 50.0000 40.1703 44.3274 48.0471
13369.0000 0.0126 76.7433 50.0000 39.5187 44.7761 48.1966
13370.0000 0.0164 76.7580 50.0000 38.7276 45.0302 48.6234
13371.0000 0.0168 76.8967 50.0000 38.6534 45.2793 48.6703
13372.0000 0.0210 76.9789 50.0000 38.0167 45.3249 49.2558
13373.0000 0.0178 76.9232 50.0000 38.5872 45.0853 48.9441
13374.0000 0.0164 77.0796 50.0000 38.6793 45.7281 48.5192
13375.0000 0.0192 77.3816 50.0000 38.4541 45.6529 49.2443
13376.0000 0.0171 77.3418 50.0000 38.7983 45.6162 48.9448
13377.0000 0.0171 77.7530 50.0000 39.3528 45.1276 49.6023
13378.0000 0.0190 77.8838 50.0000 39.4362 44.6326 50.1856
13379.0000 0.0191 77.8217 50.0000 38.9780 45.3143 49.8353
13380.0000 0.0180 77.6948 50.0000 39.3326 44.8076 49.8167
13381.0000 0.0201 78.1313 50.0000 39.3161 44.8696 50.4526
13382.0000 0.0213 78.1920 50.0000 39.0212 45.1403 50.5340
13383.0000 0.0157 77.8516 50.0000 39.6140 45.2284 49.4570
13384.0000 0.0150 77.3117 50.0000 39.4475 44.9420 49.0022
13385.0000 0.0138 77.4531 50.0000 39.8564 44.7994 49.0252
13386.0000 0.0163 77.0772 50.0000 39.7899 43.6697 49.5037
13387.0000 0.0199 76.6838 50.0000 38.7708 43.7945 49.5910
13388.0000 0.0240 77.0677 50.0000 38.5296 43.7595 50.3985
13389.0000 0.0249 77.2835 50.0000 38.2485 44.2625 50.5036
13390.0000 0.0218 77.2253 50.0000 38.8400 43.9864 50.2035
13391.0000 0.0225 76.9826 50.0000 38.3475 44.2727 49.9572
13392.0000 0.0243 76.8384 50.0000 38.4014 43.5669 50.3130
13393.0000 0.0214 76.8054 50.0000 38.5764 43.9046 49.8329
13394.0000 0.0199 76.2412 50.0000 38.8674 43.0844 49.4548
13395.0000 0.0183 76.1236 50.0000 38.6058 43.7005 48.9352
13396.0000 0.0194 76.3978 50.0000 39.0889 43.0672 49.5367
13397.0000 0.0183 76.5537 50.0000 39.5577 42.8647 49.5810
13398.0000 0.0173 76.4679 50.0000 39.6963 42.8044 49.3895
13399.0000 0.0209 76.5531 50.0000 39.4592 42.4641 50.0014
13400.0000 0.0223 76.8802 50.0000 39.4136 42.6450 50.3840
13401.0000 0.0206 76.4318 50.0000 39.2934 42.5905 49.8386
13402.0000 0.0254 76.7847 50.0000 38.9838 42.5145 50.6821
13403.0000 0.0204 76.6450 50.0000 39.4683 42.6605 49.9678
13404.0000 0.0186 76.5160 50.0000 40.0207 42.1880 49.7314
13405.0000 0.0187 76.3325 50.0000 39.5629 42.4973 49.5520
13406.0000 0.0285 76.7906 50.0000 38.4160 42.6919 50.9746
13407.0000 0.0228 76.5161 50.0000 38.8864 42.7921 50.1138
13408.0000 0.0236 76.2715 50.0000 38.9419 42.2777 50.1344
13409.0000 0.0277 76.2847 50.0000 38.1597 42.5642 50.5122
13410.0000 0.0244 76.5789 50.0000 38.7022 42.8011 50.3442
13411.0000 0.0266 76.6986 50.0000 38.1380 43.3102 50.5213
13412.0000 0.0357 76.7210 50.0000 37.4058 42.7230 51.5913
13413.0000 0.0318 76.4622 50.0000 37.7693 42.5788 51.0587
13414.0000 0.0311 76.4018 50.0000 37.8706 42.4838 50.9724
13415.0000 0.0318 76.6225 50.0000 37.4552 43.2016 51.0071
13416.0000 0.0334 76.6918 50.0000 37.0145 43.6276 51.0705
13417.0000 0.0318 76.2089 50.0000 37.0516 43.2579 50.6332
13418.0000 0.0324 76.2763 50.0000 36.9684 43.3613 50.7071
13419.0000 0.0364 76.1582 50.0000 36.3731 43.3615 50.9593
13420.0000 0.0373 76.2170 50.0000 36.3411 43.3260 51.1001
13421.0000 0.0394 76.1790 50.0000 36.2363 43.0668 51.3363
13422.0000 0.0417 76.1857 50.0000 35.9337 43.1139 51.5191
13423.0000 0.0379 75.9263 50.0000 36.1769 43.0775 50.9937
13424.0000 0.0401 75.8374 50.0000 35.8208 43.1129 51.0829
13425.0000 0.0451 75.8677 50.0000 34.9855 43.5497 51.3356
13426.0000 0.0421 76.1112 50.0000 35.4006 43.7465 51.2441
13427.0000 0.0377 76.3675 50.0000 36.0151 43.9435 51.0282
13428.0000 0.0406 76.0096 50.0000 35.6668 43.4826 51.1332
13429.0000 0.0308 75.8215 50.0000 36.8635 43.2409 50.2016
13430.0000 0.0337 75.4840 50.0000 36.5775 42.6803 50.3817
13431.0000 0.0325 75.4997 50.0000 36.8413 42.5382 50.3331
13432.0000 0.0255 75.4301 50.0000 37.4521 42.9035 49.4604
13433.0000 0.0267 75.6928 50.0000 37.0045 43.7007 49.5007
13434.0000 0.0249 75.5523 50.0000 37.3197 43.3864 49.3256
13435.0000 0.0214 75.5218 50.0000 37.7794 43.4186 48.8988
13436.0000 0.0233 75.2951 50.0000 37.6126 42.9311 49.1078
13437.0000 0.0237 75.2200 50.0000 37.8247 42.4371 49.2588
13438.0000 0.0221 75.1066 50.0000 38.1828 42.1257 49.0764
13439.0000 0.0212 75.3333 50.0000 38.4279 42.2593 49.1178
13440.0000 0.0229 75.2744 50.0000 37.8817 42.6067 49.1517
13441.0000 0.0254 75.1858 50.0000 36.9646 43.3657 49.0504
13442.0000 0.0237 75.3156 50.0000 37.3068 43.3608 48.9947
13443.0000 0.0231 75.3061 50.0000 37.2156 43.6645 48.7793
13444.0000 0.0270 75.6593 50.0000 37.0622 43.4866 49.5947
13445.0000 0.0313 76.1743 50.0000 37.0420 43.3156 50.5388
13446.0000 0.0255 76.3120 50.0000 37.4667 44.0640 49.7808
13447.0000 0.0272 76.2924 50.0000 37.4477 43.6786 50.1036
13448.0000 0.0255 75.7493 50.0000 37.5330 43.2034 49.6256
13449.0000 0.0237 75.4950 50.0000 37.7405 42.9189 49.3267
13450.0000 0.0272 75.3989 50.0000 37.2161 42.8508 49.6364
13451.0000 0.0284 75.6270 50.0000 37.6051 42.3646 50.1053
13452.0000 0.0287 75.5828 50.0000 37.2975 42.6774 50.0030
13453.0000 0.0255 75.4650 50.0000 38.0795 42.0619 49.7566
13454.0000 0.0252 75.4526 50.0000 38.2847 41.8352 49.7715
13455.0000 0.0267 75.5906 50.0000 38.4765 41.5019 50.1107
13456.0000 0.0201 75.4643 50.0000 38.7156 42.2623 49.0903
13457.0000 0.0221 75.3325 50.0000 38.8528 41.5312 49.4025
13458.0000 0.0234 74.9137 50.0000 38.4702 41.2768 49.2780
13459.0000 0.0270 75.0299 50.0000 39.1049 40.1148 49.9109
13460.0000 0.0249 75.0710 50.0000 38.7733 40.8539 49.6311
13461.0000 0.0190 75.3125 50.0000 38.7173 42.2891 48.8320
13462.0000 0.0181 75.3763 50.0000 38.8095 42.4420 48.7246
13463.0000 0.0176 75.3451 50.0000 39.2586 41.9066 48.7801
13464.0000 0.0181 75.3778 50.0000 39.0693 42.0957 48.8197
13465.0000 0.0181 75.4787 50.0000 39.0098 42.2969 48.8492
13466.0000 0.0170 75.9392 50.0000 39.3412 42.6650 48.9768
13467.0000 0.0142 75.6132 50.0000 39.7762 42.3375 48.4019
13468.0000 0.0145 75.9366 50.0000 39.2773 43.3809 48.3917
13469.0000 0.0179 76.0990 50.0000 39.0883 43.0282 49.1095
13470.0000 0.0195 76.0725 50.0000 39.1773 42.5308 49.4297
13471.0000 0.0193 76.0528 50.0000 39.4624 42.1653 49.4857
13472.0000 0.0210 76.1538 50.0000 38.7724 42.8498 49.5983
13473.0000 0.0197 75.8737 50.0000 39.3922 41.9724 49.4306
13474.0000 0.0232 76.0973 50.0000 38.6081 42.5661 49.8833
13475.0000 0.0215 76.0034 50.0000 38.5841 42.8288 49.5326
13476.0000 0.0176 75.9849 50.0000 39.4398 42.4739 49.1343
13477.0000 0.0150 75.9212 50.0000 39.5444 42.8506 48.6220
13478.0000 0.0114 75.8388 50.0000 39.9641 43.0873 47.9362
13479.0000 0.0121 76.0748 50.0000 39.4782 43.9899 47.8929
13480.0000 0.0125 75.9438 50.0000 38.9569 44.7193 47.4342
13481.0000 0.0164 76.0268 50.0000 38.8798 43.6251 48.6342
13482.0000 0.0176 76.3702 50.0000 38.2664 44.9328 48.4678
13483.0000 0.0124 75.7886 50.0000 38.8681 44.6810 47.2948
13484.0000 0.0164 75.6215 50.0000 37.9812 44.7672 47.6648
13485.0000 0.0146 75.6015 50.0000 38.7377 43.7953 47.9266
13486.0000 0.0145 75.5603 50.0000 39.0053 43.3046 48.0901
13487.0000 0.0142 75.4818 50.0000 38.7787 43.6561 47.8316
13488.0000 0.0151 75.2848 50.0000 38.9466 42.8412 48.1207
13489.0000 0.0154 75.4187 50.0000 38.8118 43.1471 48.1659
13490.0000 0.0141 74.9518 50.0000 38.6940 43.0685 47.5989
13491.0000 0.0173 74.7960 50.0000 38.3210 42.5698 48.1014
13492.0000 0.0126 74.6730 50.0000 38.9215 42.7153 47.2925
13493.0000 0.0131 74.9137 50.0000 39.2630 42.4089 47.6652
13494.0000 0.0122 74.5980 50.0000 39.4873 41.9141 47.4218
13495.0000 0.0144 74.6087 50.0000 39.2248 41.7567 47.7939
13496.0000 0.0110 74.6758 50.0000 39.6091 42.1753 47.2106
13497.0000 0.0096 74.5898 50.0000 40.0989 41.7916 47.0019
13498.0000 0.0118 75.1048 50.0000 39.7053 42.3727 47.6316
13499.0000 0.0171 75.3086 50.0000 39.1377 42.1267 48.6309
13500.0000 0.0171 75.2714 50.0000 38.9045 42.4036 48.5197
13501.0000 0.0190 75.2974 50.0000 38.4887 42.5827 48.7343
13502.0000 0.0242 75.6267 50.0000 37.8414 42.8349 49.5238
13503.0000 0.0228 75.4271 50.0000 37.9596 42.6986 49.2459
13504.0000 0.0184 74.8937 50.0000 38.1912 42.6256 48.3069
13505.0000 0.0163 74.7823 50.0000 38.2780 42.8747 47.8430
13506.0000 0.0168 74.7848 50.0000 38.3699 42.6124 48.0073
13507.0000 0.0182 74.6220 50.0000 37.8162 42.9215 47.9179
13508.0000 0.0182 74.4434 50.0000 37.6658 42.9103 47.7683
13509.0000 0.0166 74.3656 50.0000 38.2161 42.3375 47.7211
13510.0000 0.0170 74.5439 50.0000 38.6666 41.8294 48.0832
13511.0000 0.0140 74.5539 50.0000 39.2247 41.7655 47.7005
13512.0000 0.0146 74.4149 50.0000 39.1595 41.5538 47.7221
13513.0000 0.0184 74.5220 50.0000 38.7310 41.4229 48.3484
13514.0000 0.0168 74.3710 50.0000 39.0892 41.1104 48.0938
13515.0000 0.0185 73.9393 50.0000 38.5372 40.9415 48.0177
13516.0000 0.0213 73.8523 50.0000 38.0461 40.9233 48.2902
13517.0000 0.0240 73.7038 50.0000 37.8617 40.4947 48.5687
13518.0000 0.0190 73.6230 50.0000 38.2810 40.7874 47.8674
13519.0000 0.0203 73.7742 50.0000 37.6523 41.5385 47.9531
13520.0000 0.0173 73.6131 50.0000 37.9012 41.6342 47.4234
13521.0000 0.0189 73.8031 50.0000 37.9600 41.4322 47.8467
13522.0000 0.0210 73.6871 50.0000 37.5155 41.4630 47.9916
13523.0000 0.0239 73.4035 50.0000 36.8659 41.4533 48.0687
13524.0000 0.0292 73.5189 50.0000 36.1502 41.6064 48.6529
13525.0000 0.0247 73.1980 50.0000 36.6694 41.3086 48.0302
13526.0000 0.0237 73.0434 50.0000 36.6212 41.3688 47.7792
13527.0000 0.0248 73.3143 50.0000 36.6551 41.4657 48.0830
13528.0000 0.0261 73.2558 50.0000 36.4741 41.3978 48.1901
13529.0000 0.0343 73.5411 50.0000 36.2830 40.6147 49.4194
13530.0000 0.0331 73.5445 50.0000 36.6552 40.3343 49.3794
13531.0000 0.0330 73.1901 50.0000 36.1143 40.6203 49.0157
13532.0000 0.0304 72.9921 50.0000 36.7970 39.9325 48.7772
13533.0000 0.0292 73.1756 50.0000 36.6710 40.4941 48.6840
13534.0000 0.0269 72.9318 50.0000 36.7026 40.5341 48.2592
13535.0000 0.0228 72.9150 50.0000 36.8795 41.0261 47.6798
13536.0000 0.0221 72.9679 50.0000 36.9264 41.1489 47.6185
13537.0000 0.0253 72.9744 50.0000 36.4931 41.1537 47.9572
13538.0000 0.0192 72.6939 50.0000 37.0095 41.2930 47.0063
13539.0000 0.0171 72.6985 50.0000 37.3203 41.3083 46.7535
13540.0000 0.0137 72.7886 50.0000 37.6995 41.7259 46.2156
13541.0000 0.0109 72.5163 50.0000 38.0560 41.5741 45.6283
13542.0000 0.0147 72.4591 50.0000 37.1447 41.8905 45.9976
13543.0000 0.0173 72.7384 50.0000 37.2435 41.4277 46.7712
13544.0000 0.0181 72.5067 50.0000 37.5318 40.5646 46.9372
13545.0000 0.0208 72.4489 50.0000 36.9849 40.6793 47.1822
13546.0000 0.0187 72.4424 50.0000 36.8427 41.3327 46.7132
13547.0000 0.0139 72.4043 50.0000 37.4412 41.5403 45.9885
13548.0000 0.0186 72.7538 50.0000 36.7772 41.8827 46.7588
13549.0000 0.0153 72.7786 50.0000 37.0027 42.4904 46.0661
13550.0000 0.0159 72.8427 50.0000 36.7729 42.8699 45.9999
13551.0000 0.0155 72.5973 50.0000 36.7179 42.7152 45.7993
13552.0000 0.0191 72.6039 50.0000 36.3987 42.2023 46.5341
13553.0000 0.0175 72.7367 50.0000 36.4293 42.8732 46.1023
13554.0000 0.0161 72.8497 50.0000 36.7012 42.9849 45.9609
13555.0000 0.0183 72.7414 50.0000 36.0993 43.4320 45.8455
13556.0000 0.0205 72.9298 50.0000 35.7827 43.7476 46.0924
13557.0000 0.0199 73.4012 50.0000 36.2435 43.6172 46.6013
13558.0000 0.0194 73.8071 50.0000 36.5838 43.7005 46.8975
13559.0000 0.0207 73.7283 50.0000 36.3066 43.7290 46.9624
13560.0000 0.0207 73.8197 50.0000 36.2036 44.2246 46.7208
13561.0000 0.0229 74.0456 50.0000 35.9825 44.3165 47.1599
13562.0000 0.0265 74.3681 50.0000 35.8616 43.9174 48.1230
13563.0000 0.0241 74.4969 50.0000 36.2139 44.1222 47.8704
13564.0000 0.0261 74.3822 50.0000 36.0719 43.6330 48.2461
13565.0000 0.0284 74.3218 50.0000 35.6003 43.8525 48.3043
13566.0000 0.0289 74.2518 50.0000 35.5392 43.7489 48.3356
13567.0000 0.0274 74.1229 50.0000 35.7454 43.5346 48.1789
13568.0000 0.0254 74.1655 50.0000 36.0145 43.5960 47.9882
13569.0000 0.0258 74.1481 50.0000 36.0535 43.3925 48.1162
13570.0000 0.0303 74.4101 50.0000 35.7527 43.2220 48.8924
13571.0000 0.0267 74.5091 50.0000 35.7009 44.4686 47.9540
13572.0000 0.0248 74.2958 50.0000 35.8603 44.3716 47.5927
13573.0000 0.0203 74.1917 50.0000 36.8465 43.4419 47.5347
13574.0000 0.0244 74.4713 50.0000 35.8097 45.0761 47.2417
13575.0000 0.0198 74.2354 50.0000 36.5130 44.5992 46.7826
13576.0000 0.0250 74.3670 50.0000 35.7128 44.8962 47.3221
13577.0000 0.0271 74.4839 50.0000 35.3981 45.1974 47.4554
13578.0000 0.0235 73.9445 50.0000 35.6115 45.1371 46.5000
13579.0000 0.0225 74.1213 50.0000 35.9927 44.6647 46.9421
13580.0000 0.0223 73.9341 50.0000 36.0314 44.2337 47.0252
13581.0000 0.0274 74.5275 50.0000 36.0514 43.5425 48.5665
13582.0000 0.0213 73.9576 50.0000 36.5385 43.4075 47.4390
13583.0000 0.0218 73.9864 50.0000 36.4782 43.4133 47.5249
13584.0000 0.0185 73.7539 50.0000 36.8292 43.3475 46.9493
13585.0000 0.0193 73.1389 50.0000 36.5690 42.6546 46.8251
13586.0000 0.0174 73.2476 50.0000 36.6058 43.4208 46.2587
13587.0000 0.0216 73.4153 50.0000 36.2061 43.1350 47.0988
13588.0000 0.0264 73.4385 50.0000 35.9002 42.4621 47.9724
13589.0000 0.0277 73.3161 50.0000 35.3033 43.0781 47.6781
13590.0000 0.0254 73.4138 50.0000 35.6594 43.1287 47.5175
13591.0000 0.0224 73.1976 50.0000 36.1390 42.6834 47.2227
13592.0000 0.0263 73.4554 50.0000 35.8988 42.5112 47.9558
13593.0000 0.0297 73.4224 50.0000 35.4244 42.5256 48.2445
13594.0000 0.0242 72.8013 50.0000 36.1021 41.7465 47.4752
13595.0000 0.0257 72.9731 50.0000 35.6815 42.3511 47.5214
13596.0000 0.0260 72.6990 50.0000 36.0352 41.3364 47.7274
13597.0000 0.0194 72.8768 50.0000 36.6517 42.0647 46.8855
13598.0000 0.0187 72.7604 50.0000 36.8326 41.7677 46.8283
13599.0000 0.0189 72.9647 50.0000 36.8587 41.9724 46.9425
13600.0000 0.0178 72.7029 50.0000 37.2148 41.3077 46.8449
13601.0000 0.0240 73.0900 50.0000 36.8016 41.1106 47.9345
13602.0000 0.0237 72.9387 50.0000 37.0389 40.6732 47.8944
13603.0000 0.0253 73.0930 50.0000 36.8194 40.8594 48.1397
13604.0000 0.0220 73.1109 50.0000 37.3177 40.8299 47.8071
13605.0000 0.0225 73.0615 50.0000 36.9511 41.1629 47.7306
13606.0000 0.0261 73.1095 50.0000 36.2411 41.5438 48.0177
13607.0000 0.0301 73.7699 50.0000 36.3227 41.5276 48.9705
13608.0000 0.0287 73.7621 50.0000 36.7032 41.2287 48.9277
13609.0000 0.0290 73.8897 50.0000 36.4447 41.7009 48.9132
13610.0000 0.0296 73.8745 50.0000 36.5840 41.3824 49.0565
13611.0000 0.0250 73.5646 50.0000 36.5183 41.9385 48.1594
13612.0000 0.0291 73.6800 50.0000 35.8134 42.3706 48.4858
13613.0000 0.0266 73.6969 50.0000 36.8826 41.2816 48.6492
13614.0000 0.0283 73.6995 50.0000 36.9961 40.8466 48.9332
13615.0000 0.0299 73.9199 50.0000 36.8393 41.0466 49.2158
13616.0000 0.0293 74.2088 50.0000 36.9274 41.3806 49.3048
13617.0000 0.0257 74.1403 50.0000 37.3938 41.3165 48.9023
13618.0000 0.0208 73.9767 50.0000 37.5376 41.8523 48.0819
13619.0000 0.0255 74.1643 50.0000 37.2426 41.5781 48.8324
13620.0000 0.0168 73.9359 50.0000 37.8519 42.2471 47.4230
13621.0000 0.0191 74.2873 50.0000 38.0413 41.8982 48.1250
13622.0000 0.0172 73.9295 50.0000 38.2970 41.5131 47.7030
13623.0000 0.0240 74.2690 50.0000 37.5331 41.5911 48.7579
13624.0000 0.0191 74.3155 50.0000 38.1042 41.8409 48.1685
13625.0000 0.0200 74.6117 50.0000 38.5485 41.4548 48.6047
13626.0000 0.0201 74.6623 50.0000 38.3045 41.8041 48.5762
13627.0000 0.0200 74.7289 50.0000 38.0741 42.2384 48.4839
13628.0000 0.0179 74.5768 50.0000 38.4679 41.9337 48.2024
13629.0000 0.0183 74.8369 50.0000 38.4745 42.1685 48.3953
13630.0000 0.0203 75.0277 50.0000 38.3447 42.1683 48.7921
13631.0000 0.0208 75.1255 50.0000 38.7440 41.6635 49.0602
13632.0000 0.0198 75.3316 50.0000 38.9244 41.8834 49.0462
13633.0000 0.0225 75.1872 50.0000 38.9481 41.1888 49.3928
13634.0000 0.0195 74.8522 50.0000 38.6214 41.7467 48.6668
13635.0000 0.0224 74.5537 50.0000 38.0811 41.5127 48.8342
13636.0000 0.0151 74.5320 50.0000 39.2519 41.4700 47.9014
13637.0000 0.0161 74.8940 50.0000 39.0844 41.9146 48.2150
13638.0000 0.0160 74.7158 50.0000 39.0262 41.7887 48.0948
13639.0000 0.0145 74.4092 50.0000 39.2099 41.4974 47.7208
13640.0000 0.0123 74.4669 50.0000 39.3612 41.9017 47.3314
13641.0000 0.0141 74.9052 50.0000 38.9810 42.5423 47.7642
13642.0000 0.0146 74.7469 50.0000 39.3793 41.6826 47.9472
13643.0000 0.0167 75.1469 50.0000 39.5396 41.5155 48.5812
13644.0000 0.0134 74.9747 50.0000 39.5189 42.0454 47.8712
13645.0000 0.0131 75.2681 50.0000 39.6022 42.3885 47.9600
13646.0000 0.0163 75.4094 50.0000 39.2306 42.3106 48.5525
13647.0000 0.0176 75.2396 50.0000 39.2074 41.8578 48.7001
13648.0000 0.0193 75.4567 50.0000 39.2585 41.7137 49.1167
13649.0000 0.0205 75.4656 50.0000 39.0165 41.7844 49.2629
13650.0000 0.0220 75.5928 50.0000 39.1387 41.5115 49.5906
13651.0000 0.0246 75.7498 50.0000 38.6094 41.8813 49.9329
13652.0000 0.0211 75.7628 50.0000 39.4152 41.5554 49.5943
13653.0000 0.0182 75.3664 50.0000 39.8799 41.0905 49.0025
13654.0000 0.0187 75.4567 50.0000 39.5257 41.4979 49.0852
13655.0000 0.0192 75.7925 50.0000 39.4845 41.8541 49.3327
13656.0000 0.0186 75.6249 50.0000 39.2459 42.0703 49.0813
13657.0000 0.0188 75.7762 50.0000 39.3308 42.0983 49.2225
13658.0000 0.0174 75.7724 50.0000 39.0828 42.7207 48.8768
13659.0000 0.0188 75.5916 50.0000 38.7583 42.6350 48.9299
13660.0000 0.0180 75.4684 50.0000 39.1749 42.0873 48.8822
13661.0000 0.0190 75.7474 50.0000 39.2123 42.1686 49.2124
13662.0000 0.0179 75.4252 50.0000 38.8213 42.5285 48.7155
13663.0000 0.0161 75.4915 50.0000 38.7310 43.1946 48.3022
13664.0000 0.0150 75.1831 50.0000 38.8281 42.9129 47.9934
13665.0000 0.0132 75.0790 50.0000 39.0899 42.8467 47.6759
13666.0000 0.0116 75.1097 50.0000 39.1683 43.2510 47.2934
13667.0000 0.0101 74.9078 50.0000 39.4420 42.9993 46.9742
13668.0000 0.0091 74.9376 50.0000 39.8994 42.6581 46.9464
13669.0000 0.0108 75.0750 50.0000 39.8146 42.4657 47.4100
13670.0000 0.0141 74.9682 50.0000 39.1696 42.3430 47.8857
13671.0000 0.0122 75.1036 50.0000 39.5198 42.5193 47.6534
13672.0000 0.0112 74.6373 50.0000 39.4897 42.2371 47.1944
13673.0000 0.0130 74.6560 50.0000 39.0409 42.4208 47.4322
13674.0000 0.0124 74.5750 50.0000 39.0210 42.5030 47.2471
13675.0000 0.0125 74.3423 50.0000 38.5603 42.8915 46.9064
13676.0000 0.0139 74.5784 50.0000 38.5600 42.7904 47.3714
13677.0000 0.0150 74.9937 50.0000 39.1284 42.2139 48.0730
13678.0000 0.0174 74.8191 50.0000 38.6945 42.0361 48.3074
13679.0000 0.0176 75.1248 50.0000 38.6582 42.4474 48.4510
13680.0000 0.0172 75.1506 50.0000 39.3490 41.6501 48.6265
13681.0000 0.0194 74.9167 50.0000 39.0075 41.3639 48.7848
13682.0000 0.0182 74.6911 50.0000 38.5735 41.8735 48.3472
13683.0000 0.0161 74.7042 50.0000 38.8601 41.9625 48.0600
13684.0000 0.0172 74.4417 50.0000 38.8063 41.4800 48.1150
13685.0000 0.0108 73.6362 50.0000 39.0311 41.6713 46.5012
13686.0000 0.0087 73.6555 50.0000 39.6307 41.4767 46.1977
13687.0000 0.0099 73.1753 50.0000 39.5548 40.6773 46.2104
13688.0000 0.0073 72.6852 50.0000 39.5387 40.7880 45.3450
13689.0000 0.0074 73.0330 50.0000 39.4562 41.2899 45.5210
13690.0000 0.0088 72.8992 50.0000 39.6880 40.4748 45.8361
13691.0000 0.0096 73.2875 50.0000 39.7391 40.6634 46.2422
13692.0000 0.0051 73.1276 50.0000 39.9215 41.5807 44.9997
13693.0000 0.0090 73.1937 50.0000 39.1106 41.4972 45.8875
13694.0000 0.0086 73.2107 50.0000 38.9242 41.9293 45.6799
13695.0000 0.0106 73.2307 50.0000 39.1408 41.0508 46.3203
13696.0000 0.0088 73.1098 50.0000 39.5331 40.9045 45.9239
13697.0000 0.0154 73.5788 50.0000 39.4131 40.1087 47.4525
13698.0000 0.0102 73.3541 50.0000 39.4146 40.9716 46.3535
13699.0000 0.0106 73.5217 50.0000 39.0943 41.4798 46.4382
13700.0000 0.0093 73.6237 50.0000 38.9765 42.1961 46.0519
13701.0000 0.0091 73.8125 50.0000 39.3844 41.8893 46.2865
13702.0000 0.0080 73.7988 50.0000 39.8922 41.5332 46.1505
13703.0000 0.0090 73.7316 50.0000 39.7023 41.3794 46.3446
13704.0000 0.0125 73.8637 50.0000 39.0743 41.4694 47.0035
13705.0000 0.0180 74.3178 50.0000 38.5578 41.4716 48.1305
13706.0000 0.0143 74.0579 50.0000 38.7591 41.6949 47.3692
13707.0000 0.0167 74.2350 50.0000 38.3607 41.9269 47.7643
13708.0000 0.0165 73.9455 50.0000 38.1644 41.8641 47.5270
13709.0000 0.0147 73.9501 50.0000 38.3855 42.0012 47.2341
13710.0000 0.0124 73.7932 50.0000 38.4339 42.3374 46.6456
13711.0000 0.0103 73.2307 50.0000 38.4427 42.1604 45.9063
13712.0000 0.0095 73.2806 50.0000 38.4423 42.5472 45.6286
13713.0000 0.0076 73.0180 50.0000 38.5643 42.7547 44.9049
13714.0000 0.0040 72.6968 50.0000 39.2962 42.7113 43.7764
13715.0000 0.0052 72.7023 50.0000 38.9644 42.7080 44.0843
13716.0000 0.0065 72.4636 50.0000 38.6945 42.0364 44.5718
13717.0000 0.0097 72.6957 50.0000 38.1549 42.0828 45.3641
13718.0000 0.0082 72.9566 50.0000 38.4210 42.6352 45.0414
13719.0000 0.0110 73.1008 50.0000 38.0958 42.3591 45.8056
13720.0000 0.0117 73.1692 50.0000 38.0905 42.2196 46.0473
13721.0000 0.0101 73.1755 50.0000 38.4838 42.0870 45.8513
13722.0000 0.0088 73.2693 50.0000 38.6210 42.4675 45.5337
13723.0000 0.0093 73.4457 50.0000 38.8632 42.1383 45.9160
13724.0000 0.0096 73.4371 50.0000 38.4948 42.6529 45.7372
13725.0000 0.0074 73.1667 50.0000 38.9200 42.3145 45.2557
13726.0000 0.0070 73.2860 50.0000 38.9005 42.7557 45.0504
13727.0000 0.0073 73.4475 50.0000 39.2347 42.2267 45.5201
13728.0000 0.0071 73.4529 50.0000 39.4638 41.9578 45.5794
13729.0000 0.0078 73.5008 50.0000 39.4999 41.7201 45.8428
13730.0000 0.0068 73.6137 50.0000 39.4774 42.2860 45.5236
13731.0000 0.0066 73.9897 50.0000 39.7731 42.4320 45.7395
13732.0000 0.0053 74.0650 50.0000 40.4251 42.0427 45.6491
13733.0000 0.0043 74.1849 50.0000 40.6928 42.2381 45.4252
13734.0000 0.0048 74.1523 50.0000 40.5954 42.1255 45.5634
13735.0000 0.0039 73.9918 50.0000 40.6957 42.1504 45.1883
13736.0000 0.0041 74.1534 50.0000 40.3817 42.8026 45.1219
13737.0000 0.0047 74.2187 50.0000 40.5470 42.3315 45.5236
13738.0000 0.0029 74.3502 50.0000 41.3908 42.1428 45.1523
13739.0000 0.0024 74.6044 50.0000 41.4949 42.6102 45.0373
13740.0000 0.0059 74.4799 50.0000 40.7542 41.9439 46.1201
13741.0000 0.0047 74.4784 50.0000 40.6966 42.4553 45.6987
13742.0000 0.0064 74.7113 50.0000 40.6443 42.2186 46.3402
13743.0000 0.0072 74.6480 50.0000 39.9513 42.8242 46.2850
13744.0000 0.0094 74.6699 50.0000 39.7024 42.4917 46.8377
13745.0000 0.0094 74.4886 50.0000 39.6180 42.3762 46.7250
13746.0000 0.0083 74.5291 50.0000 39.7307 42.6177 46.4736
13747.0000 0.0064 74.2072 50.0000 39.9389 42.5231 45.8626
13748.0000 0.0073 74.1751 50.0000 39.7241 42.4862 46.0311
13749.0000 0.0079 74.4214 50.0000 39.5109 43.0055 46.1298
13750.0000 0.0094 74.7543 50.0000 39.7247 42.5695 46.8828
13751.0000 0.0110 74.7148 50.0000 39.4218 42.4777 47.1579
13752.0000 0.0112 74.3662 50.0000 39.0875 42.4450 46.9139
13753.0000 0.0102 74.3264 50.0000 38.8711 43.1166 46.4155
13754.0000 0.0091 74.2948 50.0000 39.0864 43.0718 46.2254
13755.0000 0.0059 74.0319 50.0000 39.5620 43.2672 45.2053
13756.0000 0.0076 73.9905 50.0000 39.2047 43.0383 45.6650
13757.0000 0.0080 74.2269 50.0000 39.5048 42.6431 46.1581
13758.0000 0.0065 73.7133 50.0000 39.8478 41.9583 45.6651
13759.0000 0.0081 73.9003 50.0000 39.2173 42.6328 45.8880
13760.0000 0.0087 74.2319 50.0000 39.8137 41.9604 46.5249
13761.0000 0.0085 74.2057 50.0000 40.0350 41.6981 46.5291
13762.0000 0.0069 74.3895 50.0000 40.4457 41.8748 46.3081
13763.0000 0.0077 74.4439 50.0000 39.9890 42.3032 46.4027
13764.0000 0.0060 74.2709 50.0000 40.2071 42.3607 45.8817
13765.0000 0.0068 74.2605 50.0000 40.4245 41.7987 46.1882
13766.0000 0.0062 74.2303 50.0000 40.4604 41.8999 46.0161
13767.0000 0.0077 74.7238 50.0000 40.3420 42.1928 46.6469
13768.0000 0.0106 75.0228 50.0000 39.8282 42.4267 47.3509
13769.0000 0.0088 74.5363 50.0000 40.0355 42.0337 46.7545
13770.0000 0.0095 74.6069 50.0000 39.5909 42.5450 46.7832
13771.0000 0.0108 74.8321 50.0000 39.3999 42.7258 47.1380
13772.0000 0.0122 74.9391 50.0000 39.2812 42.6633 47.4626
13773.0000 0.0130 75.0257 50.0000 39.0045 42.9639 47.5563
13774.0000 0.0123 74.9385 50.0000 39.2337 42.7075 47.4612
13775.0000 0.0120 74.8622 50.0000 39.0392 42.9915 47.2442
13776.0000 0.0155 74.9568 50.0000 38.2169 43.4861 47.6125
13777.0000 0.0151 74.7659 50.0000 38.2015 43.3556 47.4435
13778.0000 0.0120 74.7185 50.0000 38.5805 43.6153 46.8200
13779.0000 0.0132 74.5423 50.0000 38.1741 43.7089 46.7849
13780.0000 0.0095 74.2760 50.0000 38.9394 43.2070 46.1931
13781.0000 0.0089 74.3796 50.0000 38.9598 43.6368 45.9379
13782.0000 0.0051 73.8142 50.0000 39.6764 43.0658 44.9407
13783.0000 0.0049 73.7492 50.0000 39.6805 43.1147 44.7832
13784.0000 0.0064 74.1306 50.0000 39.3582 43.6896 45.1387
13785.0000 0.0042 74.0740 50.0000 39.9447 43.7733 44.4441
13786.0000 0.0044 73.9517 50.0000 39.9195 43.2410 44.7829
13787.0000 0.0062 74.2490 50.0000 39.5573 43.4820 45.3592
13788.0000 0.0046 73.9200 50.0000 40.2231 42.4549 45.2090
13789.0000 0.0054 74.0801 50.0000 39.8156 43.0712 45.2488
13790.0000 0.0053 74.3532 50.0000 39.8547 43.5564 45.1979
13791.0000 0.0089 74.4728 50.0000 38.9527 43.8327 45.9085
13792.0000 0.0109 74.4437 50.0000 38.3053 44.4823 45.7810
13793.0000 0.0089 74.2911 50.0000 38.6857 44.3470 45.3424
13794.0000 0.0081 74.4330 50.0000 38.9619 44.3257 45.3594
13795.0000 0.0072 74.0168 50.0000 39.1261 43.5077 45.3290
13796.0000 0.0090 74.0172 50.0000 38.7144 43.5131 45.6766
13797.0000 0.0096 73.7814 50.0000 38.6120 42.9870 45.8794
13798.0000 0.0099 73.8481 50.0000 38.8887 42.4618 46.2408
13799.0000 0.0111 73.7024 50.0000 38.7223 42.1480 46.4346
13800.0000 0.0121 73.7191 50.0000 38.8464 41.6927 46.7673
13801.0000 0.0104 73.7560 50.0000 38.7876 42.3365 46.2935
13802.0000 0.0110 73.8851 50.0000 38.5109 42.7985 46.3055
13803.0000 0.0094 73.5730 50.0000 38.7914 42.3999 45.9397
13804.0000 0.0095 73.4837 50.0000 38.8602 42.1222 45.9941
13805.0000 0.0083 73.1101 50.0000 38.8502 42.0202 45.4977
13806.0000 0.0081 72.9394 50.0000 38.5457 42.3831 45.1449
13807.0000 0.0078 72.8433 50.0000 38.7872 41.9221 45.2133
13808.0000 0.0075 72.6327 50.0000 38.5221 42.2233 44.8191
13809.0000 0.0082 72.9184 50.0000 38.9856 41.5443 45.5114
13810.0000 0.0104 72.7651 50.0000 38.2420 41.7951 45.6671
13811.0000 0.0061 72.7394 50.0000 39.1142 41.9006 44.7821
13812.0000 0.0067 72.5534 50.0000 38.7215 42.0564 44.6755
13813.0000 0.0070 72.7303 50.0000 38.8248 41.9973 44.9284
13814.0000 0.0100 72.7048 50.0000 38.1939 41.9460 45.4725
13815.0000 0.0107 72.4982 50.0000 38.0397 41.6374 45.5555
13816.0000 0.0158 72.6094 50.0000 37.3288 41.4945 46.4424
13817.0000 0.0180 72.9196 50.0000 36.9477 41.9872 46.7889
13818.0000 0.0168 72.7355 50.0000 37.0732 41.8386 46.5355
13819.0000 0.0186 72.9781 50.0000 37.0339 41.7868 46.9910
13820.0000 0.0230 73.1939 50.0000 36.4861 41.9182 47.6338
13821.0000 0.0248 73.2153 50.0000 36.4919 41.5696 47.9665
13822.0000 0.0266 73.4559 50.0000 36.4140 41.6418 48.3295
13823.0000 0.0291 73.7802 50.0000 35.9970 42.1954 48.6547
13824.0000 0.0325 73.6198 50.0000 35.6558 41.8593 48.9525
13825.0000 0.0286 73.3128 50.0000 35.7296 42.1052 48.2216
13826.0000 0.0313 73.0126 50.0000 35.0488 42.2534 48.1359
13827.0000 0.0307 73.1418 50.0000 35.6459 41.5904 48.4700
13828.0000 0.0271 72.7155 50.0000 35.9744 41.2263 47.8934
13829.0000 0.0317 72.9700 50.0000 35.6496 41.1859 48.5536
13830.0000 0.0323 72.9816 50.0000 35.6685 41.0693 48.6558
13831.0000 0.0280 72.7580 50.0000 35.5088 41.8217 47.7892
13832.0000 0.0312 72.8351 50.0000 35.2729 41.6563 48.2237
13833.0000 0.0262 72.6645 50.0000 36.1422 41.0890 47.8075
13834.0000 0.0225 72.3761 50.0000 36.0022 41.7097 46.9301
13835.0000 0.0239 72.5879 50.0000 36.0456 41.6004 47.3194
13836.0000 0.0238 72.7048 50.0000 36.0164 41.8330 47.3160
13837.0000 0.0189 72.6887 50.0000 36.7379 41.7741 46.7856
13838.0000 0.0189 72.6813 50.0000 36.7133 41.8221 46.7506
13839.0000 0.0219 73.0435 50.0000 36.6745 41.6787 47.4681
13840.0000 0.0194 73.1707 50.0000 36.6840 42.4502 46.9704
13841.0000 0.0192 73.2978 50.0000 36.5961 42.8793 46.8473
13842.0000 0.0184 73.1755 50.0000 37.0515 42.0820 47.0207
13843.0000 0.0204 73.1042 50.0000 36.7627 41.9684 47.2375
13844.0000 0.0210 73.0197 50.0000 36.5627 42.0342 47.2035
13845.0000 0.0252 73.2733 50.0000 35.6975 42.8871 47.4906
13846.0000 0.0278 73.3192 50.0000 35.7685 42.2240 48.0983
13847.0000 0.0255 73.4137 50.0000 35.8831 42.6777 47.7554
13848.0000 0.0265 73.0335 50.0000 35.4311 42.7072 47.4829
13849.0000 0.0217 73.0750 50.0000 36.2167 42.5519 47.0919
13850.0000 0.0280 73.6898 50.0000 36.1029 42.1341 48.4921
13851.0000 0.0305 73.8034 50.0000 35.7284 42.3869 48.7214
13852.0000 0.0290 74.2474 50.0000 36.0142 42.8350 48.7936
13853.0000 0.0263 74.1302 50.0000 36.4676 42.5203 48.5534
13854.0000 0.0220 74.5041 50.0000 37.0501 43.0659 48.2025
13855.0000 0.0230 74.8997 50.0000 37.0707 43.3609 48.5341
13856.0000 0.0231 74.9742 50.0000 36.8811 43.7936 48.4049
13857.0000 0.0215 75.1803 50.0000 37.0040 44.3606 48.1136
13858.0000 0.0256 75.0733 50.0000 36.2623 44.4950 48.3864
13859.0000 0.0248 74.8095 50.0000 36.6571 43.4913 48.5923
13860.0000 0.0215 74.9036 50.0000 37.1681 43.5863 48.2629
13861.0000 0.0243 74.9174 50.0000 37.0337 43.1272 48.7972
13862.0000 0.0222 75.0807 50.0000 37.2783 43.4404 48.5837
13863.0000 0.0219 75.2572 50.0000 37.4162 43.5430 48.6589
13864.0000 0.0248 75.4726 50.0000 37.1012 43.6661 49.1212
13865.0000 0.0233 74.9760 50.0000 36.8183 43.8547 48.4002
13866.0000 0.0224 75.2604 50.0000 36.9024 44.4056 48.2751
13867.0000 0.0279 75.3390 50.0000 36.2892 44.1748 49.0677
13868.0000 0.0293 75.3020 50.0000 36.2049 43.9231 49.2986
13869.0000 0.0308 75.4019 50.0000 36.1435 43.8383 49.5711
13870.0000 0.0274 75.6202 50.0000 36.6868 43.9951 49.3653
13871.0000 0.0337 75.3217 50.0000 35.9554 43.4146 49.9574
13872.0000 0.0342 75.3109 50.0000 35.8341 43.5109 49.9445
13873.0000 0.0319 75.3407 50.0000 36.2588 43.3160 49.8523
13874.0000 0.0260 74.9771 50.0000 36.8467 43.1254 49.0315
13875.0000 0.0318 75.2384 50.0000 36.5579 42.7417 49.9749
13876.0000 0.0274 74.8039 50.0000 36.0926 43.8880 48.6497
13877.0000 0.0245 74.5018 50.0000 36.3238 43.7598 48.1267
13878.0000 0.0226 74.6956 50.0000 36.7571 43.7264 48.1284
13879.0000 0.0217 74.6215 50.0000 36.9853 43.4457 48.0929
13880.0000 0.0284 74.8584 50.0000 36.0836 43.7324 48.8797
13881.0000 0.0261 74.6192 50.0000 36.3227 43.5083 48.5356
13882.0000 0.0261 75.1393 50.0000 36.2454 44.4815 48.5137
13883.0000 0.0233 74.8205 50.0000 36.7773 43.7061 48.3250
13884.0000 0.0250 75.0602 50.0000 36.3878 44.3672 48.3892
13885.0000 0.0241 74.8781 50.0000 36.3236 44.5205 48.0130
13886.0000 0.0280 74.9488 50.0000 35.5747 45.1559 48.0906
13887.0000 0.0264 74.6774 50.0000 35.8497 44.5325 48.0456
13888.0000 0.0219 74.4633 50.0000 36.3300 44.6258 47.2594
13889.0000 0.0249 74.5512 50.0000 36.1497 44.1058 48.0183
13890.0000 0.0261 74.6328 50.0000 35.8234 44.6009 47.9322
13891.0000 0.0226 74.3606 50.0000 36.2712 44.2688 47.4781
13892.0000 0.0232 74.1780 50.0000 36.1209 44.0797 47.4830
13893.0000 0.0215 73.9773 50.0000 36.3960 43.6686 47.3396
13894.0000 0.0218 74.0815 50.0000 36.2563 44.1009 47.2087
13895.0000 0.0247 74.0245 50.0000 35.8713 43.9031 47.5962
13896.0000 0.0180 73.7618 50.0000 36.6413 44.0921 46.4124
13897.0000 0.0211 74.0209 50.0000 36.5768 43.4931 47.4297
13898.0000 0.0195 74.0202 50.0000 36.9891 43.1461 47.4259
13899.0000 0.0236 73.7444 50.0000 36.4420 42.6336 47.8810
13900.0000 0.0208 73.5264 50.0000 36.6685 42.6282 47.3750
13901.0000 0.0201 73.4522 50.0000 36.2939 43.5181 46.7350
13902.0000 0.0162 73.3609 50.0000 36.8391 43.5612 46.1208
13903.0000 0.0192 73.7001 50.0000 36.4106 44.0510 46.5349
13904.0000 0.0238 73.7448 50.0000 35.7956 43.8992 47.2210
13905.0000 0.0231 73.4370 50.0000 35.4865 44.5747 46.3336
13906.0000 0.0223 73.4421 50.0000 35.6273 44.5211 46.2851
13907.0000 0.0219 73.4589 50.0000 35.6851 44.6052 46.1861
13908.0000 0.0241 73.6549 50.0000 35.4623 44.5843 46.6874
13909.0000 0.0255 73.8151 50.0000 35.2020 45.3634 46.3860
13910.0000 0.0249 73.8719 50.0000 35.4071 44.9197 46.7505
13911.0000 0.0297 74.4800 50.0000 35.0001 45.2607 47.6836
13912.0000 0.0249 74.3629 50.0000 35.7238 44.8901 47.3130
13913.0000 0.0232 73.8830 50.0000 35.6209 45.1765 46.3566
13914.0000 0.0256 74.1027 50.0000 35.3496 45.3488 46.7450
13915.0000 0.0243 74.1475 50.0000 35.5362 45.6895 46.3411
13916.0000 0.0238 74.1511 50.0000 35.6107 45.6488 46.3300
13917.0000 0.0226 74.2355 50.0000 35.9133 45.2524 46.6194
13918.0000 0.0211 74.2009 50.0000 36.1976 44.9092 46.6762
13919.0000 0.0217 74.1926 50.0000 36.0609 45.1140 46.5712
13920.0000 0.0178 74.0248 50.0000 36.6689 44.7777 46.1522
13921.0000 0.0162 73.8473 50.0000 36.9294 44.3388 46.0838
13922.0000 0.0204 73.8166 50.0000 36.3460 43.9424 46.8713
13923.0000 0.0208 73.6941 50.0000 36.2484 43.7957 46.8914
13924.0000 0.0205 73.6924 50.0000 36.5211 43.2519 47.1810
13925.0000 0.0214 73.9156 50.0000 36.3743 43.6548 47.2724
13926.0000 0.0195 73.7832 50.0000 36.7828 43.1732 47.1918
13927.0000 0.0166 73.4985 50.0000 37.4134 42.4109 46.9423
13928.0000 0.0138 73.6108 50.0000 37.8305 42.6942 46.5254
13929.0000 0.0206 74.2908 50.0000 37.0731 43.0710 47.8497
13930.0000 0.0203 73.9249 50.0000 36.7482 43.2407 47.3782
13931.0000 0.0194 73.9025 50.0000 36.4458 44.2875 46.6037
13932.0000 0.0171 73.4390 50.0000 36.7974 43.4212 46.4096
13933.0000 0.0160 73.6331 50.0000 37.1620 43.3413 46.5011
13934.0000 0.0166 73.7109 50.0000 36.8235 44.1586 46.1231
13935.0000 0.0198 73.5934 50.0000 36.1470 44.3848 46.2533
13936.0000 0.0200 73.6115 50.0000 36.1754 44.2056 46.4311
13937.0000 0.0204 73.8527 50.0000 36.1195 44.8206 46.2679
13938.0000 0.0236 73.9326 50.0000 35.5521 45.3982 46.2719
13939.0000 0.0243 74.2095 50.0000 35.5523 45.7622 46.3562
13940.0000 0.0244 73.9542 50.0000 35.4085 45.7036 46.1155
13941.0000 0.0253 73.5495 50.0000 35.1064 45.1174 46.2763
13942.0000 0.0211 73.4340 50.0000 35.7199 45.3227 45.4146
13943.0000 0.0222 73.4521 50.0000 35.5512 45.1487 45.7485
13944.0000 0.0185 73.2755 50.0000 36.0979 44.8844 45.2950
13945.0000 0.0198 73.3465 50.0000 35.9880 44.3698 45.9988
13946.0000 0.0205 73.0774 50.0000 35.7492 44.2259 45.8953
13947.0000 0.0189 72.8319 50.0000 35.8795 44.0890 45.5337
13948.0000 0.0197 73.1714 50.0000 35.9476 44.1616 45.9519
13949.0000 0.0203 73.2091 50.0000 35.7958 44.5310 45.7736
13950.0000 0.0239 73.7097 50.0000 35.5203 44.6261 46.6898
13951.0000 0.0235 73.1372 50.0000 35.3157 44.2346 46.3158
13952.0000 0.0226 73.2099 50.0000 35.4356 44.5176 46.0673
13953.0000 0.0265 73.7430 50.0000 35.1054 44.8237 46.8667
13954.0000 0.0261 73.7333 50.0000 35.1113 45.0578 46.6217
13955.0000 0.0235 73.1085 50.0000 35.2094 44.6657 45.9360
13956.0000 0.0247 72.8560 50.0000 34.9962 44.0858 46.2569
13957.0000 0.0279 73.2954 50.0000 34.9348 43.7948 47.2630
13958.0000 0.0292 73.4035 50.0000 34.9015 43.6474 47.5907
13959.0000 0.0254 73.0262 50.0000 35.3667 43.1338 47.1328
13960.0000 0.0262 73.0497 50.0000 35.1386 43.4551 47.0446
13961.0000 0.0226 72.9208 50.0000 35.4864 43.6596 46.3896
13962.0000 0.0257 72.8367 50.0000 35.1224 43.2780 46.8895
13963.0000 0.0251 73.1048 50.0000 35.5421 42.9592 47.2819
13964.0000 0.0270 73.1612 50.0000 35.2630 43.1095 47.4410
13965.0000 0.0277 73.5881 50.0000 35.2698 43.5774 47.6683
13966.0000 0.0258 73.6549 50.0000 35.3776 44.0873 47.2205
13967.0000 0.0315 74.0094 50.0000 34.7157 44.4482 47.9226
13968.0000 0.0280 74.1574 50.0000 35.1108 44.9870 47.3574
13969.0000 0.0339 74.3811 50.0000 34.4358 45.0289 48.1574
13970.0000 0.0371 74.3963 50.0000 34.1132 44.8463 48.5789
13971.0000 0.0352 74.5163 50.0000 34.2157 45.4754 48.1036
13972.0000 0.0428 74.9632 50.0000 33.4545 45.7824 49.0331
13973.0000 0.0402 74.4708 50.0000 33.4480 45.8506 48.2168
13974.0000 0.0406 74.4427 50.0000 33.4371 45.6170 48.4022
13975.0000 0.0413 74.6272 50.0000 33.3469 46.0897 48.3005
13976.0000 0.0438 74.6450 50.0000 32.9338 46.5703 48.1503
13977.0000 0.0435 74.8673 50.0000 33.2205 46.0408 48.8032
13978.0000 0.0449 74.8176 50.0000 33.2908 45.2711 49.3956
13979.0000 0.0438 74.8580 50.0000 33.2396 45.8561 48.9498
13980.0000 0.0439 75.1392 50.0000 33.5137 45.5493 49.4771
13981.0000 0.0389 75.3055 50.0000 34.1826 45.7016 49.1308
13982.0000 0.0394 75.0361 50.0000 33.8844 45.8857 48.7521
13983.0000 0.0361 74.6901 50.0000 34.1997 45.5234 48.3385
13984.0000 0.0306 74.7301 50.0000 34.9079 45.7232 47.7014
13985.0000 0.0335 74.8334 50.0000 34.7900 45.0594 48.5730
13986.0000 0.0323 74.9550 50.0000 34.8438 45.6244 48.1931
13987.0000 0.0341 75.1207 50.0000 34.6028 45.9837 48.2833
13988.0000 0.0375 74.8759 50.0000 33.9864 46.0781 48.2507
13989.0000 0.0383 75.0895 50.0000 34.0724 45.8491 48.7377
13990.0000 0.0370 75.2314 50.0000 34.2783 46.0208 48.6503
13991.0000 0.0352 75.2280 50.0000 34.6079 45.6915 48.7219
13992.0000 0.0375 75.4479 50.0000 34.1879 46.6927 48.4082
13993.0000 0.0400 75.6911 50.0000 33.9511 46.9122 48.7413
13994.0000 0.0336 75.3349 50.0000 34.7376 46.2420 48.2735
13995.0000 0.0397 75.5584 50.0000 34.0683 46.2672 49.0689
13996.0000 0.0416 75.6411 50.0000 33.9710 45.9872 49.5250
13997.0000 0.0404 75.3187 50.0000 33.9422 45.9023 49.1306
13998.0000 0.0395 75.3547 50.0000 34.0140 46.0762 48.9731
13999.0000 0.0392 75.5875 50.0000 34.1036 46.4171 48.9476
14000.0000 0.0384 75.7266 50.0000 34.6874 45.3375 49.7576
14001.0000 0.0366 75.8273 50.0000 34.7322 45.9929 49.2759
14002.0000 0.0337 75.2984 50.0000 34.9368 45.4491 48.8225
14003.0000 0.0387 75.6821 50.0000 34.2024 46.5442 48.9042
14004.0000 0.0368 75.8546 50.0000 34.5851 46.4407 49.0006
14005.0000 0.0370 75.6440 50.0000 34.5706 45.9495 49.1480
14006.0000 0.0408 75.6356 50.0000 34.0344 46.0798 49.3868
14007.0000 0.0361 75.2121 50.0000 34.2938 46.3860 48.2611
14008.0000 0.0390 75.5495 50.0000 34.0231 46.8230 48.5568
14009.0000 0.0427 75.8740 50.0000 33.9632 46.0665 49.8122
14010.0000 0.0446 75.7525 50.0000 33.9089 45.4307 50.2463
14011.0000 0.0396 75.7264 50.0000 34.3017 45.9127 49.4965
14012.0000 0.0401 75.7801 50.0000 34.2947 45.8678 49.6250
14013.0000 0.0391 75.7681 50.0000 34.3836 45.9302 49.4871
14014.0000 0.0342 75.7357 50.0000 34.7835 46.7616 48.3670
14015.0000 0.0368 75.8894 50.0000 34.5964 46.4464 49.0410
14016.0000 0.0333 75.7023 50.0000 34.9971 46.2924 48.6113
14017.0000 0.0364 76.1223 50.0000 35.0679 45.7027 49.7605
14018.0000 0.0362 75.9020 50.0000 34.9091 45.7515 49.4901
14019.0000 0.0416 75.8653 50.0000 34.1724 45.8473 49.8580
14020.0000 0.0407 76.2514 50.0000 34.5190 45.9414 50.1209
14021.0000 0.0369 75.9778 50.0000 34.9464 45.5760 49.7413
14022.0000 0.0332 76.0318 50.0000 35.5313 45.4027 49.5677
14023.0000 0.0360 75.5890 50.0000 35.0910 44.8802 49.6799
14024.0000 0.0361 75.3926 50.0000 35.3933 43.9692 49.9807
14025.0000 0.0331 75.2284 50.0000 35.6102 44.0255 49.5276
14026.0000 0.0379 75.0713 50.0000 35.1053 43.6484 49.9814
14027.0000 0.0328 74.7303 50.0000 35.2584 44.0158 49.0314
14028.0000 0.0432 74.9589 50.0000 34.4516 43.5509 50.3512
14029.0000 0.0425 74.8000 50.0000 34.4509 43.4741 50.1814
14030.0000 0.0410 74.7633 50.0000 34.8933 42.9908 50.2375
14031.0000 0.0365 74.1726 50.0000 35.1595 42.6225 49.4845
14032.0000 0.0381 74.2436 50.0000 35.2697 42.2560 49.8256
14033.0000 0.0339 74.4203 50.0000 35.7571 42.4926 49.5398
14034.0000 0.0291 74.3000 50.0000 36.0151 42.8749 48.8380
14035.0000 0.0293 74.4473 50.0000 36.4126 42.4038 49.1776
14036.0000 0.0256 74.3170 50.0000 36.7366 42.4931 48.6598
14037.0000 0.0225 74.1816 50.0000 36.8799 42.7652 48.1032
14038.0000 0.0278 74.5245 50.0000 35.9102 43.7037 48.5215
14039.0000 0.0254 74.7576 50.0000 36.2763 44.0148 48.3263
14040.0000 0.0283 74.9521 50.0000 36.0089 44.0465 48.7963
14041.0000 0.0328 75.0209 50.0000 35.4239 44.1343 49.2490
14042.0000 0.0336 75.0671 50.0000 35.5621 43.7652 49.5481
14043.0000 0.0320 74.8214 50.0000 35.7723 43.3970 49.3486
14044.0000 0.0315 74.6775 50.0000 35.4201 43.9617 48.8827
14045.0000 0.0318 74.9753 50.0000 35.7277 43.7251 49.3248
14046.0000 0.0299 74.5942 50.0000 35.9998 43.1440 49.0602
14047.0000 0.0288 74.7582 50.0000 35.7169 44.1977 48.5762
14048.0000 0.0320 74.9075 50.0000 35.4521 44.1136 49.0741
14049.0000 0.0295 74.7153 50.0000 35.3465 44.7770 48.2496
14050.0000 0.0277 74.6190 50.0000 35.8464 44.0012 48.4451
14051.0000 0.0307 74.6338 50.0000 35.3416 44.2546 48.6076
14052.0000 0.0359 75.1375 50.0000 35.1091 44.1749 49.6143
14053.0000 0.0335 75.0181 50.0000 35.5326 43.7577 49.5017
14054.0000 0.0298 75.1214 50.0000 35.9498 44.0222 49.1211
14055.0000 0.0252 74.7022 50.0000 36.4420 43.6343 48.4608
14056.0000 0.0274 74.9476 50.0000 36.3213 43.6631 48.9023
14057.0000 0.0246 74.9287 50.0000 36.2199 44.6973 48.0060
14058.0000 0.0242 74.9336 50.0000 36.4231 44.3528 48.1792
14059.0000 0.0246 74.8733 50.0000 36.4115 44.1568 48.2741
14060.0000 0.0251 74.7827 50.0000 36.3189 44.0396 48.3104
14061.0000 0.0295 75.2788 50.0000 36.2934 43.6889 49.4061
14062.0000 0.0307 75.5952 50.0000 36.1844 44.0589 49.6402
14063.0000 0.0263 75.4302 50.0000 36.9602 43.5030 49.3067
14064.0000 0.0258 75.2369 50.0000 36.6916 43.8127 48.9364
14065.0000 0.0267 75.5544 50.0000 37.1390 43.2896 49.5497
14066.0000 0.0239 75.7476 50.0000 37.1757 44.1754 49.0325
14067.0000 0.0242 75.8449 50.0000 37.0978 44.3928 49.0456
14068.0000 0.0250 76.1842 50.0000 37.1387 44.6065 49.3459
14069.0000 0.0248 75.9715 50.0000 36.9987 44.6036 49.1251
14070.0000 0.0225 75.8315 50.0000 37.6796 43.7660 49.1446
14071.0000 0.0278 76.1875 50.0000 37.4971 43.3543 50.1888
14072.0000 0.0275 76.2067 50.0000 37.0841 44.0948 49.8786
14073.0000 0.0283 76.5345 50.0000 36.9496 44.6202 50.0129
14074.0000 0.0306 77.0785 50.0000 37.1382 44.5187 50.7931
14075.0000 0.0323 77.0494 50.0000 37.3909 43.7388 51.2391
14076.0000 0.0330 77.3717 50.0000 37.6433 43.6606 51.6054
14077.0000 0.0265 77.0241 50.0000 37.8496 44.1924 50.4694
14078.0000 0.0311 77.0808 50.0000 36.8952 44.8392 50.6916
14079.0000 0.0278 76.7846 50.0000 37.1058 44.8302 50.0927
14080.0000 0.0345 77.2275 50.0000 36.9952 44.1461 51.4447
14081.0000 0.0363 77.2100 50.0000 36.7816 44.1151 51.5981
14082.0000 0.0341 77.0524 50.0000 37.0021 43.9924 51.3088
14083.0000 0.0355 77.4054 50.0000 36.9109 44.3129 51.6289
14084.0000 0.0362 77.2910 50.0000 36.9652 43.9648 51.7161
14085.0000 0.0325 76.7759 50.0000 37.1228 43.7466 51.0163
14086.0000 0.0363 77.3381 50.0000 37.4181 43.3625 51.9689
14087.0000 0.0367 77.0669 50.0000 37.4878 42.8649 51.9285
14088.0000 0.0394 76.9130 50.0000 36.6534 43.3833 51.8654
14089.0000 0.0410 77.0802 50.0000 36.3806 43.7092 52.0318
14090.0000 0.0395 76.7840 50.0000 36.3468 43.6349 51.6787
14091.0000 0.0387 76.6496 50.0000 36.4558 43.4478 51.5598
14092.0000 0.0448 76.5631 50.0000 35.7681 43.3257 52.0137
14093.0000 0.0540 76.5982 50.0000 35.3805 42.5394 52.9707
14094.0000 0.0588 76.7629 50.0000 35.3145 42.1842 53.5343
14095.0000 0.0541 76.5628 50.0000 35.1129 42.8407 52.8547
14096.0000 0.0506 77.0341 50.0000 35.3587 43.5662 52.7825
14097.0000 0.0533 77.1402 50.0000 35.0708 43.6940 53.0234
14098.0000 0.0508 77.7917 50.0000 35.4932 44.2797 53.2080
14099.0000 0.0448 77.3073 50.0000 36.1942 43.6384 52.5556
14100.0000 0.0421 77.2192 50.0000 35.5470 44.9943 51.7178
14101.0000 0.0462 77.3898 50.0000 35.1869 45.0183 52.1960
14102.0000 0.0444 77.4709 50.0000 35.5081 44.9439 52.1628
14103.0000 0.0439 77.5960 50.0000 35.5972 45.0545 52.1925
14104.0000 0.0378 77.3699 50.0000 36.0728 45.1856 51.4113
14105.0000 0.0419 77.4530 50.0000 35.5501 45.3519 51.7529
14106.0000 0.0427 77.2094 50.0000 35.3109 45.2636 51.6298
14107.0000 0.0493 77.2807 50.0000 34.7007 45.1034 52.2863
14108.0000 0.0516 77.2914 50.0000 34.3263 45.3245 52.3579
14109.0000 0.0481 77.3644 50.0000 34.9223 45.0733 52.2884
14110.0000 0.0465 76.6611 50.0000 34.6854 44.8326 51.6129
14111.0000 0.0492 76.6661 50.0000 34.3517 44.8993 51.7852
14112.0000 0.0458 76.6298 50.0000 34.6080 45.0620 51.4182
14113.0000 0.0519 76.9541 50.0000 34.1025 45.1879 52.1248
14114.0000 0.0527 76.9000 50.0000 34.0965 44.9905 52.2197
14115.0000 0.0492 76.7230 50.0000 34.3801 44.9216 51.8313
14116.0000 0.0548 77.0623 50.0000 33.9574 45.0417 52.5047
14117.0000 0.0580 77.1300 50.0000 33.8828 44.7101 52.9339
14118.0000 0.0527 76.7110 50.0000 34.2377 44.4961 52.2728
14119.0000 0.0545 77.1415 50.0000 34.3289 44.6101 52.7473
14120.0000 0.0562 77.1301 50.0000 34.3495 44.2785 52.9960
14121.0000 0.0649 77.0224 50.0000 34.2762 43.0250 53.9115
14122.0000 0.0613 77.0572 50.0000 34.4539 43.3064 53.6218
14123.0000 0.0602 77.0352 50.0000 34.7460 43.0488 53.6091
14124.0000 0.0599 77.1067 50.0000 34.5787 43.3904 53.5447
14125.0000 0.0602 76.8776 50.0000 34.9929 42.5485 53.6217
14126.0000 0.0600 77.1714 50.0000 35.0881 42.7858 53.7924
14127.0000 0.0539 76.8058 50.0000 35.8484 42.1957 53.2311
14128.0000 0.0572 76.9335 50.0000 35.9448 41.8050 53.6571
14129.0000 0.0587 76.8643 50.0000 35.9160 41.5781 53.7534
14130.0000 0.0614 76.9896 50.0000 35.7239 41.6213 54.0266
14131.0000 0.0588 77.1769 50.0000 35.8067 42.0480 53.9085
14132.0000 0.0588 77.1667 50.0000 36.1681 41.6011 53.9993
14133.0000 0.0576 77.1594 50.0000 36.3765 41.4905 53.9340
14134.0000 0.0583 76.8589 50.0000 36.0140 41.4982 53.7418
14135.0000 0.0577 77.1165 50.0000 36.1523 41.6909 53.8686
14136.0000 0.0536 77.2577 50.0000 36.7931 41.5973 53.7092
14137.0000 0.0560 76.9260 50.0000 36.6761 41.0751 53.7151
14138.0000 0.0561 76.7468 50.0000 36.4261 41.1573 53.5656
14139.0000 0.0584 76.9666 50.0000 36.0081 41.6181 53.8072
14140.0000 0.0506 76.9987 50.0000 36.4911 42.0520 53.1867
14141.0000 0.0524 76.9733 50.0000 36.5348 41.7357 53.3688
14142.0000 0.0506 76.9526 50.0000 36.5677 41.9070 53.1818
14143.0000 0.0538 77.3006 50.0000 36.5020 41.9679 53.6813
14144.0000 0.0536 77.3858 50.0000 36.2232 42.4288 53.6306
14145.0000 0.0505 77.2553 50.0000 35.5729 43.5595 52.9671
14146.0000 0.0499 76.7914 50.0000 35.3379 43.4201 52.5628
14147.0000 0.0491 76.6137 50.0000 36.0763 42.3351 52.6868
14148.0000 0.0518 77.0612 50.0000 36.0722 42.4809 53.2221
14149.0000 0.0499 77.1701 50.0000 36.5749 42.2394 53.2291
14150.0000 0.0594 77.6753 50.0000 35.8347 42.4925 54.2561
14151.0000 0.0578 77.8181 50.0000 35.9132 42.7517 54.2051
14152.0000 0.0521 77.5945 50.0000 35.8881 43.2979 53.4626
14153.0000 0.0581 77.8907 50.0000 35.2659 43.6296 54.0346
14154.0000 0.0652 78.2522 50.0000 35.4392 42.8923 55.0247
14155.0000 0.0620 78.3551 50.0000 35.3532 43.5243 54.7294
14156.0000 0.0570 78.2354 50.0000 35.2922 44.1529 54.0903
14157.0000 0.0545 78.1976 50.0000 35.8462 43.7223 54.0210
14158.0000 0.0552 78.3741 50.0000 35.7084 44.0167 54.1289
14159.0000 0.0553 78.5328 50.0000 35.4039 44.6096 54.0736
14160.0000 0.0596 78.8887 50.0000 35.2271 44.6351 54.6826
14161.0000 0.0533 78.4345 50.0000 35.6280 44.4730 53.8960
14162.0000 0.0458 78.0294 50.0000 35.9991 44.6526 52.9037
14163.0000 0.0448 78.1692 50.0000 35.7252 45.4387 52.6256
14164.0000 0.0428 77.9105 50.0000 35.7482 45.4497 52.2153
14165.0000 0.0370 77.9428 50.0000 36.5741 45.2809 51.8368
14166.0000 0.0343 77.9894 50.0000 36.7779 45.6034 51.4788
14167.0000 0.0425 78.0029 50.0000 36.0696 45.1025 52.4328
14168.0000 0.0497 77.9661 50.0000 35.2948 44.9793 53.0079
14169.0000 0.0543 77.8208 50.0000 34.6755 44.9605 53.2187
14170.0000 0.0488 77.7896 50.0000 35.0337 45.3177 52.6325
14171.0000 0.0460 78.0033 50.0000 35.6100 45.1883 52.6732
14172.0000 0.0387 77.5980 50.0000 36.1265 45.2151 51.6906
14173.0000 0.0384 77.0931 50.0000 35.8470 45.0671 51.2572
14174.0000 0.0399 77.0562 50.0000 35.4958 45.3268 51.2171
14175.0000 0.0462 77.6317 50.0000 34.9805 45.7296 52.0753
14176.0000 0.0443 77.3469 50.0000 35.2513 45.2401 51.8963
14177.0000 0.0502 77.8845 50.0000 34.7775 45.6225 52.6793
14178.0000 0.0464 77.6597 50.0000 34.9087 45.8557 52.0544
14179.0000 0.0478 77.7800 50.0000 35.1651 45.2832 52.5602
14180.0000 0.0443 77.6052 50.0000 35.7219 44.7880 52.3503
14181.0000 0.0491 77.8538 50.0000 35.3369 44.8584 52.9174
14182.0000 0.0557 77.9728 50.0000 35.4445 43.8208 53.8811
14183.0000 0.0525 77.9411 50.0000 35.5881 44.0639 53.5413
14184.0000 0.0480 77.5758 50.0000 35.6351 44.2584 52.8141
14185.0000 0.0556 78.1290 50.0000 35.2933 44.2286 53.8735
14186.0000 0.0562 77.8475 50.0000 34.9006 44.3562 53.6163
14187.0000 0.0491 77.9286 50.0000 35.5553 44.6230 53.0798
14188.0000 0.0480 77.9983 50.0000 36.8350 43.1211 53.5489
14189.0000 0.0404 77.3386 50.0000 37.4262 42.6948 52.5138
14190.0000 0.0412 77.2981 50.0000 37.3858 42.5812 52.5750
14191.0000 0.0395 77.2945 50.0000 37.5551 42.6143 52.4221
14192.0000 0.0343 76.9624 50.0000 37.7338 42.8156 51.6351
14193.0000 0.0316 76.9540 50.0000 37.6425 43.3988 51.2006
14194.0000 0.0341 77.4596 50.0000 37.2746 44.1081 51.6243
14195.0000 0.0377 77.7552 50.0000 36.3572 45.2529 51.7321
14196.0000 0.0320 77.0456 50.0000 37.7182 43.3327 51.3385
14197.0000 0.0295 76.8771 50.0000 37.6496 43.6774 50.8418
14198.0000 0.0281 76.6408 50.0000 37.5200 43.8612 50.4207
14199.0000 0.0310 77.0530 50.0000 37.2837 44.1674 50.9541
14200.0000 0.0280 77.3116 50.0000 38.2041 43.7289 51.0422
14201.0000 0.0281 77.2644 50.0000 38.4335 43.3156 51.1509
14202.0000 0.0287 77.2034 50.0000 38.2121 43.4359 51.1226
14203.0000 0.0325 77.4410 50.0000 38.0447 43.2846 51.7316
14204.0000 0.0340 77.8061 50.0000 38.8881 42.4030 52.3783
14205.0000 0.0348 77.7962 50.0000 38.9851 42.1607 52.4871
14206.0000 0.0363 77.5820 50.0000 38.2068 42.6290 52.3639
14207.0000 0.0293 76.9629 50.0000 38.1332 43.1404 51.0691
14208.0000 0.0293 76.8160 50.0000 37.8124 43.3990 50.8669
14209.0000 0.0297 77.0253 50.0000 37.7313 43.7072 50.9796
14210.0000 0.0318 77.1946 50.0000 37.1411 44.4319 51.0426
14211.0000 0.0291 77.2347 50.0000 37.3074 44.8052 50.6543
14212.0000 0.0271 77.2149 50.0000 37.6648 44.6363 50.5085
14213.0000 0.0258 76.6866 50.0000 37.4541 44.5559 49.9279
14214.0000 0.0255 77.0401 50.0000 37.8124 44.5188 50.2341
14215.0000 0.0258 77.1087 50.0000 37.9820 44.2484 50.4500
14216.0000 0.0220 77.0449 50.0000 38.2502 44.6409 49.7999
14217.0000 0.0231 76.7088 50.0000 37.6505 44.9759 49.4353
14218.0000 0.0268 76.9016 50.0000 37.8443 43.9792 50.4727
14219.0000 0.0245 76.5489 50.0000 38.2674 43.3475 50.1630
14220.0000 0.0243 75.9859 50.0000 37.7787 43.3869 49.6407
14221.0000 0.0283 76.1986 50.0000 37.2875 43.5803 50.1660
14222.0000 0.0330 76.3184 50.0000 36.9059 43.3966 50.7857
14223.0000 0.0284 76.2413 50.0000 37.2907 43.6153 50.1980
14224.0000 0.0317 76.3865 50.0000 37.0530 43.5026 50.6903
14225.0000 0.0312 76.7188 50.0000 36.7972 44.4680 50.5405
14226.0000 0.0307 76.4413 50.0000 36.8867 44.0524 50.4186
14227.0000 0.0269 76.1945 50.0000 37.0047 44.3637 49.6802
14228.0000 0.0319 76.2397 50.0000 36.3333 44.4391 50.1752
14229.0000 0.0296 75.8160 50.0000 36.1525 44.7297 49.3996
14230.0000 0.0276 75.8870 50.0000 36.5858 44.5310 49.3691
14231.0000 0.0222 75.6105 50.0000 37.0396 44.7608 48.3890
14232.0000 0.0262 75.6668 50.0000 37.3326 43.2453 49.6143
14233.0000 0.0196 75.1672 50.0000 37.7935 43.3582 48.3924
14234.0000 0.0232 75.2547 50.0000 37.7975 42.6299 49.1662
14235.0000 0.0252 75.4130 50.0000 36.9634 43.7341 49.0731
14236.0000 0.0241 75.0224 50.0000 37.2761 42.9201 48.9563
14237.0000 0.0241 74.9187 50.0000 37.0028 43.2252 48.7359
14238.0000 0.0220 74.6659 50.0000 37.2514 42.9533 48.3978
14239.0000 0.0241 74.9424 50.0000 37.4156 42.5895 49.0160
14240.0000 0.0276 75.0072 50.0000 37.5078 41.8816 49.6506
14241.0000 0.0266 75.3469 50.0000 37.3772 42.6794 49.5839
14242.0000 0.0270 74.9878 50.0000 37.3243 42.2089 49.4821
14243.0000 0.0286 75.2311 50.0000 37.6109 41.8493 49.9377
14244.0000 0.0313 75.5188 50.0000 37.3844 42.0316 50.3869
14245.0000 0.0391 75.7214 50.0000 36.6595 41.9849 51.2550
14246.0000 0.0400 75.7448 50.0000 36.8928 41.5756 51.4555
14247.0000 0.0398 75.4822 50.0000 36.4208 41.9053 51.1373
14248.0000 0.0438 75.4389 50.0000 36.7761 40.8534 51.6676
14249.0000 0.0470 75.5258 50.0000 37.0308 40.2406 52.0918
14250.0000 0.0478 75.6226 50.0000 37.6755 39.5404 52.3057
14251.0000 0.0522 75.7678 50.0000 36.9476 39.9779 52.7011
14252.0000 0.0488 75.4806 50.0000 37.4384 39.5297 52.2789
14253.0000 0.0495 75.2063 50.0000 36.8678 39.7813 52.0979
14254.0000 0.0478 75.4207 50.0000 36.9326 40.1476 52.0810
14255.0000 0.0561 75.9557 50.0000 36.3914 40.3504 53.0733
14256.0000 0.0573 75.5949 50.0000 36.1258 40.1279 52.9081
14257.0000 0.0647 75.9407 50.0000 36.5754 39.1842 53.7944
14258.0000 0.0625 75.9395 50.0000 36.2067 39.8214 53.5738
14259.0000 0.0585 75.5114 50.0000 36.1610 39.8586 52.9684
14260.0000 0.0585 75.6322 50.0000 36.2649 39.8670 53.0633
14261.0000 0.0638 76.1121 50.0000 35.8545 40.2503 53.7347
14262.0000 0.0734 76.3228 50.0000 35.0805 40.3212 54.4860
14263.0000 0.0719 76.4249 50.0000 35.6682 39.9325 54.5339
14264.0000 0.0701 76.3466 50.0000 35.5125 40.2020 54.3275
14265.0000 0.0776 76.2477 50.0000 35.5704 39.2799 54.8228
14266.0000 0.0777 76.1296 50.0000 35.2277 39.5251 54.7037
14267.0000 0.0767 76.3135 50.0000 34.5114 40.6084 54.6230
14268.0000 0.0783 76.8236 50.0000 35.0915 40.3247 55.1758
14269.0000 0.0801 76.7588 50.0000 35.2739 39.8789 55.2931
14270.0000 0.0685 76.1674 50.0000 36.0933 39.5427 54.1768
14271.0000 0.0879 76.9240 50.0000 35.0061 39.5796 55.9047
14272.0000 0.0901 76.6013 50.0000 35.0167 39.0388 55.8351
14273.0000 0.0888 76.5765 50.0000 35.1868 38.9513 55.7553
14274.0000 0.0843 76.4324 50.0000 35.4664 38.9362 55.3897
14275.0000 0.0730 75.9213 50.0000 35.5432 39.4349 54.2735
14276.0000 0.0576 75.5360 50.0000 36.1573 39.9884 52.9081
14277.0000 0.0626 76.0442 50.0000 36.2201 39.9031 53.6522
14278.0000 0.0705 76.7297 50.0000 36.4319 39.5517 54.7341
14279.0000 0.0766 76.9584 50.0000 36.0811 39.5552 55.2823
14280.0000 0.0888 77.1240 50.0000 35.7235 38.9315 56.1808
14281.0000 0.0862 77.3635 50.0000 36.0347 39.0881 56.2025
14282.0000 0.0839 77.1374 50.0000 35.7020 39.4243 55.8683
14283.0000 0.0794 77.2680 50.0000 35.9289 39.7526 55.6705
14284.0000 0.0817 77.2558 50.0000 35.6476 39.8180 55.7874
14285.0000 0.0828 77.2671 50.0000 35.5478 39.8350 55.8545
14286.0000 0.0812 77.3971 50.0000 35.3414 40.3403 55.8028
14287.0000 0.0711 77.2790 50.0000 35.9557 40.5814 55.0671
14288.0000 0.0832 77.4722 50.0000 35.3683 40.1898 55.9982
14289.0000 0.0917 77.6420 50.0000 35.0907 39.8520 56.6458
14290.0000 0.1011 78.1025 50.0000 34.5216 40.0513 57.4817
14291.0000 0.1045 78.1764 50.0000 34.4740 39.8703 57.7361
14292.0000 0.1019 78.0516 50.0000 34.3240 40.1374 57.4709
14293.0000 0.1037 78.3926 50.0000 34.3956 40.2298 57.8265
14294.0000 0.1082 78.5067 50.0000 33.9229 40.4444 58.1102
14295.0000 0.0904 77.6230 50.0000 34.8573 40.2112 56.5098
14296.0000 0.0860 77.5774 50.0000 34.0734 41.4662 56.0162
14297.0000 0.0959 78.2468 50.0000 33.6569 41.6330 57.0654
14298.0000 0.1016 78.4349 50.0000 33.1697 41.8136 57.4754
14299.0000 0.1042 78.3892 50.0000 33.3701 41.3032 57.6658
14300.0000 0.1007 77.8692 50.0000 32.9857 41.5432 57.0064
14301.0000 0.1005 78.1183 50.0000 33.0068 41.7864 57.1569
14302.0000 0.1091 78.5523 50.0000 32.7953 41.6348 57.9782
14303.0000 0.1157 78.8814 50.0000 32.6419 41.5214 58.5897
14304.0000 0.1071 78.6599 50.0000 34.0886 40.5151 58.1712
14305.0000 0.1169 78.6294 50.0000 33.1968 40.5666 58.6081
14306.0000 0.1054 78.1104 50.0000 33.7158 40.5372 57.6300
14307.0000 0.1092 78.1693 50.0000 33.5024 40.4762 57.8766
14308.0000 0.1107 78.5289 50.0000 33.5716 40.6200 58.2215
14309.0000 0.1144 78.8474 50.0000 33.0561 41.1543 58.5706
14310.0000 0.1051 78.4456 50.0000 32.9790 41.7079 57.6763
14311.0000 0.1203 79.3294 50.0000 33.0720 41.0777 59.2623
14312.0000 0.1135 78.9667 50.0000 33.1813 41.2136 58.6189
14313.0000 0.1124 79.1246 50.0000 33.4328 41.1999 58.6985
14314.0000 0.1111 79.0931 50.0000 33.6684 41.0325 58.6386
14315.0000 0.1054 78.6932 50.0000 33.7887 41.0311 58.0292
14316.0000 0.0997 78.5209 50.0000 33.6765 41.5208 57.5105
14317.0000 0.1017 78.4615 50.0000 33.0172 42.0032 57.4613
14318.0000 0.1101 78.8155 50.0000 32.8550 41.7350 58.2290
14319.0000 0.1044 78.7234 50.0000 33.4000 41.5752 57.9078
14320.0000 0.1055 78.5063 50.0000 32.8973 41.8131 57.7292
14321.0000 0.1102 78.6770 50.0000 32.6448 41.8266 58.0942
14322.0000 0.1107 78.4425 50.0000 32.8908 41.2767 58.0315
14323.0000 0.1175 78.8156 50.0000 32.2877 41.6736 58.5894
14324.0000 0.1178 78.2317 50.0000 32.0613 41.3260 58.1758
14325.0000 0.1054 78.1030 50.0000 32.5925 41.7663 57.3881
14326.0000 0.1080 78.0402 50.0000 32.2677 41.8212 57.4460
14327.0000 0.1166 77.7184 50.0000 31.7914 41.2282 57.7035
14328.0000 0.1129 77.8253 50.0000 31.9738 41.4707 57.5728
14329.0000 0.1139 77.7160 50.0000 31.2118 42.1198 57.3718
14330.0000 0.0990 76.9207 50.0000 31.9771 41.8964 56.0263
14331.0000 0.0993 76.6061 50.0000 31.8346 41.7079 55.8167
14332.0000 0.0932 76.7532 50.0000 31.9287 42.3756 55.4610
14333.0000 0.0869 76.6069 50.0000 32.1762 42.6031 54.9389
14334.0000 0.0838 76.3394 50.0000 32.4578 42.3171 54.6211
14335.0000 0.0744 76.5210 50.0000 33.5436 42.2327 54.2835
14336.0000 0.0654 76.1183 50.0000 33.7029 42.6808 53.2584
14337.0000 0.0573 75.8589 50.0000 33.8655 43.2729 52.2987
14338.0000 0.0595 75.8898 50.0000 33.5272 43.4720 52.3962
14339.0000 0.0668 76.5258 50.0000 33.4733 43.2728 53.5089
14340.0000 0.0624 76.2240 50.0000 34.1416 42.6101 53.1866
14341.0000 0.0631 76.1399 50.0000 34.2692 42.2606 53.2630
14342.0000 0.0557 75.8398 50.0000 35.2429 41.6230 52.6986
14343.0000 0.0613 76.2183 50.0000 35.5772 40.9664 53.5281
14344.0000 0.0646 76.4292 50.0000 35.5151 40.8916 53.9257
14345.0000 0.0691 76.6968 50.0000 35.5176 40.6761 54.4642
14346.0000 0.0773 77.0757 50.0000 35.3679 40.3743 55.3145
14347.0000 0.0756 76.7848 50.0000 35.1819 40.4607 54.9642
14348.0000 0.0797 76.4516 50.0000 34.4611 40.4995 54.9279
14349.0000 0.0828 76.7258 50.0000 34.2307 40.7317 55.2815
14350.0000 0.0731 76.4710 50.0000 34.6961 40.9497 54.4713
14351.0000 0.0717 76.6221 50.0000 34.5983 41.3793 54.4212
14352.0000 0.0656 76.1254 50.0000 34.4930 41.6559 53.5733
14353.0000 0.0671 76.3427 50.0000 34.1953 42.0949 53.7299
14354.0000 0.0672 76.6865 50.0000 34.5885 41.9713 54.0635
14355.0000 0.0714 77.3977 50.0000 33.8770 43.1478 54.5988
14356.0000 0.0741 76.8336 50.0000 33.7949 42.3031 54.5138
14357.0000 0.0744 76.8205 50.0000 33.2552 42.9298 54.3370
14358.0000 0.0762 76.7163 50.0000 33.3394 42.5013 54.4749
14359.0000 0.0742 76.5872 50.0000 33.3723 42.5476 54.2365
14360.0000 0.0675 76.3860 50.0000 33.6940 42.7298 53.6068
14361.0000 0.0598 75.8597 50.0000 33.8892 42.8809 52.6064
14362.0000 0.0553 75.7906 50.0000 34.6819 42.3469 52.4225
14363.0000 0.0491 75.3229 50.0000 35.0670 42.1471 51.6475
14364.0000 0.0487 75.1790 50.0000 34.6679 42.5754 51.3553
14365.0000 0.0436 75.0072 50.0000 34.4927 43.4713 50.4637
14366.0000 0.0375 74.8401 50.0000 35.1618 43.3047 49.8938
14367.0000 0.0370 74.4412 50.0000 35.0562 43.0439 49.5961
14368.0000 0.0410 74.4398 50.0000 34.2928 43.5397 49.6949
14369.0000 0.0452 74.5579 50.0000 33.9884 43.4228 50.1810
14370.0000 0.0392 74.2860 50.0000 34.5630 43.2344 49.5439
14371.0000 0.0402 74.7995 50.0000 34.6095 43.6515 49.9170
14372.0000 0.0454 74.7076 50.0000 34.2658 43.1335 50.4637
14373.0000 0.0495 74.7719 50.0000 33.9810 42.9575 50.8998
14374.0000 0.0438 74.5732 50.0000 34.0584 43.5798 50.0198
14375.0000 0.0446 74.5148 50.0000 34.1669 43.1665 50.2169
14376.0000 0.0419 74.1100 50.0000 34.0872 43.2660 49.5823
14377.0000 0.0345 74.0139 50.0000 35.0434 42.9751 49.0220
14378.0000 0.0340 74.0105 50.0000 35.1588 42.8801 49.0175
14379.0000 0.0345 74.0757 50.0000 35.0522 43.0583 49.0361
14380.0000 0.0313 73.8612 50.0000 35.2406 43.1142 48.5256
14381.0000 0.0320 73.6274 50.0000 34.9204 43.2227 48.3048
14382.0000 0.0298 73.7592 50.0000 35.4366 42.9527 48.3708
14383.0000 0.0303 73.7185 50.0000 35.1821 43.2604 48.2201
14384.0000 0.0311 73.9635 50.0000 35.3236 43.1702 48.5714
14385.0000 0.0296 74.0984 50.0000 35.5349 43.3235 48.4864
14386.0000 0.0273 73.9394 50.0000 35.8847 42.9954 48.2774
14387.0000 0.0264 73.9166 50.0000 36.0078 42.9692 48.1741
14388.0000 0.0254 73.9265 50.0000 35.8183 43.6435 47.7222
14389.0000 0.0270 74.4877 50.0000 36.5195 42.7649 48.8458
14390.0000 0.0284 74.5644 50.0000 36.2241 43.0450 48.9366
14391.0000 0.0291 74.4128 50.0000 36.2678 42.6181 49.0471
14392.0000 0.0316 74.2757 50.0000 35.8158 42.6639 49.1315
14393.0000 0.0267 74.4781 50.0000 36.3858 43.0377 48.6910
14394.0000 0.0259 74.2794 50.0000 36.5532 42.6730 48.5829
14395.0000 0.0273 74.4685 50.0000 36.5083 42.6939 48.8870
14396.0000 0.0258 74.7557 50.0000 36.7356 43.0467 48.8456
14397.0000 0.0211 74.6880 50.0000 37.0974 43.5085 48.0531
14398.0000 0.0173 74.4283 50.0000 37.4611 43.5293 47.3438
14399.0000 0.0159 74.5780 50.0000 37.8918 43.3697 47.3832
14400.0000 0.0132 74.4852 50.0000 38.4176 43.1468 47.0158
14401.0000 0.0157 74.7509 50.0000 38.4204 42.7577 47.7844
14402.0000 0.0143 74.7068 50.0000 38.4191 43.1234 47.3861
14403.0000 0.0148 74.9033 50.0000 38.3107 43.4501 47.4856
14404.0000 0.0159 74.8527 50.0000 37.7503 44.1434 47.2144
14405.0000 0.0173 74.8875 50.0000 37.3993 44.5187 47.1966
14406.0000 0.0210 75.0112 50.0000 36.9749 44.2902 47.9366
14407.0000 0.0181 74.7325 50.0000 37.2738 44.1935 47.3556
14408.0000 0.0169 74.3450 50.0000 37.4116 43.6561 47.1348
14409.0000 0.0178 74.2114 50.0000 37.8452 42.3831 47.7361
14410.0000 0.0190 73.9573 50.0000 37.5307 42.2443 47.7132
14411.0000 0.0183 73.9735 50.0000 38.1099 41.5831 47.8598
14412.0000 0.0150 73.8049 50.0000 38.3024 41.8456 47.2126
14413.0000 0.0172 73.7349 50.0000 38.1765 41.4253 47.5745
14414.0000 0.0194 73.8968 50.0000 37.9725 41.4310 47.9823
14415.0000 0.0233 73.7099 50.0000 37.1720 41.5167 48.2468
14416.0000 0.0254 73.5607 50.0000 36.9669 41.2094 48.4396
14417.0000 0.0195 73.0685 50.0000 37.1672 41.4817 47.2956
14418.0000 0.0198 73.2696 50.0000 37.2372 41.5904 47.4559
14419.0000 0.0182 73.3293 50.0000 37.3573 41.8525 47.2227
14420.0000 0.0145 73.4676 50.0000 37.6040 42.6697 46.5050
14421.0000 0.0157 73.6432 50.0000 37.7611 42.2726 47.0154
14422.0000 0.0177 73.9171 50.0000 37.5663 42.4647 47.4264
14423.0000 0.0207 74.2975 50.0000 37.3584 42.5684 48.0875
14424.0000 0.0201 74.4776 50.0000 37.3643 42.9766 47.9982
14425.0000 0.0162 74.4084 50.0000 38.0005 42.8329 47.5176
14426.0000 0.0163 74.1140 50.0000 37.5696 43.1497 47.1116
14427.0000 0.0167 74.1368 50.0000 37.1107 44.0905 46.6377
14428.0000 0.0197 73.9192 50.0000 36.8492 43.2090 47.3198
14429.0000 0.0167 74.0831 50.0000 37.1710 43.8475 46.7335
14430.0000 0.0147 74.0898 50.0000 37.5503 43.7652 46.5176
14431.0000 0.0158 74.1308 50.0000 37.3041 43.9852 46.5734
14432.0000 0.0180 74.2252 50.0000 36.8727 44.3480 46.7230
14433.0000 0.0150 73.8383 50.0000 37.3298 43.7085 46.3481
14434.0000 0.0176 74.0779 50.0000 36.9680 43.9840 46.7580
14435.0000 0.0186 73.8151 50.0000 36.5820 44.0571 46.5768
14436.0000 0.0185 73.8339 50.0000 36.6844 43.8554 46.7162
14437.0000 0.0178 73.5850 50.0000 36.5937 43.9582 46.2962
14438.0000 0.0181 73.5831 50.0000 36.3860 44.5415 45.8976
14439.0000 0.0178 73.6215 50.0000 36.5118 44.3129 46.0801
14440.0000 0.0205 73.6412 50.0000 36.1137 44.1978 46.5337
14441.0000 0.0205 73.3746 50.0000 35.9181 44.3158 46.1501
14442.0000 0.0207 73.2831 50.0000 35.9334 43.9024 46.3873
14443.0000 0.0208 73.2110 50.0000 36.0146 43.4847 46.6035
14444.0000 0.0213 73.6468 50.0000 36.1637 43.7277 46.9461
14445.0000 0.0188 73.7524 50.0000 36.5094 44.0534 46.5379
14446.0000 0.0230 73.5498 50.0000 35.9961 43.3759 47.2480
14447.0000 0.0231 73.5111 50.0000 35.9625 43.3420 47.2445
14448.0000 0.0261 73.5705 50.0000 35.5823 43.3356 47.6293
14449.0000 0.0301 73.7433 50.0000 34.8646 44.0589 47.7635
14450.0000 0.0348 73.8971 50.0000 34.4537 43.8540 48.4824
14451.0000 0.0353 73.7872 50.0000 34.2811 43.9233 48.3747
14452.0000 0.0381 74.0071 50.0000 34.6742 42.8763 49.3596
14453.0000 0.0392 74.3162 50.0000 34.7431 42.9587 49.7027
14454.0000 0.0331 74.5213 50.0000 35.2312 43.6766 49.0361
14455.0000 0.0324 74.4789 50.0000 35.2122 43.8202 48.8570
14456.0000 0.0306 74.3480 50.0000 35.6037 43.3228 48.8174
14457.0000 0.0367 74.2460 50.0000 34.9298 43.0441 49.3921
14458.0000 0.0434 74.4024 50.0000 34.2787 43.0556 50.0690
14459.0000 0.0367 74.5373 50.0000 34.7601 43.7641 49.3179
14460.0000 0.0290 74.0245 50.0000 35.1397 44.2147 47.8528
14461.0000 0.0368 74.2651 50.0000 34.6095 43.6318 49.1299
14462.0000 0.0371 74.1168 50.0000 34.5888 43.3872 49.1372
14463.0000 0.0388 74.5218 50.0000 34.7797 43.2700 49.7151
14464.0000 0.0357 74.0868 50.0000 34.9012 43.0847 49.1372
14465.0000 0.0303 74.0052 50.0000 35.6389 42.8527 48.6855
14466.0000 0.0228 73.8589 50.0000 36.1755 43.5344 47.4471
14467.0000 0.0218 74.1899 50.0000 36.3832 43.9766 47.3969
14468.0000 0.0209 74.2698 50.0000 36.4991 44.1665 47.2561
14469.0000 0.0204 74.1773 50.0000 36.4929 44.2381 47.0481
14470.0000 0.0199 74.4292 50.0000 36.8516 43.9938 47.3942
14471.0000 0.0239 74.4573 50.0000 36.1847 44.1660 47.7904
14472.0000 0.0250 74.2512 50.0000 35.9561 43.9913 47.8035
14473.0000 0.0285 74.1946 50.0000 35.2914 44.3291 47.8987
14474.0000 0.0344 74.5537 50.0000 34.6440 44.6204 48.6525
14475.0000 0.0347 74.8572 50.0000 34.5085 45.4679 48.4297
14476.0000 0.0346 75.0132 50.0000 34.7407 45.1410 48.8094
14477.0000 0.0377 75.1412 50.0000 34.2370 45.6675 48.8724
14478.0000 0.0421 75.3342 50.0000 33.8850 45.5115 49.5556
14479.0000 0.0386 75.5943 50.0000 34.5362 45.3945 49.6094
14480.0000 0.0374 75.6262 50.0000 34.7936 45.2025 49.6535
14481.0000 0.0340 75.4162 50.0000 35.2274 44.8612 49.3367
14482.0000 0.0319 75.1660 50.0000 35.3776 44.7052 48.9877
14483.0000 0.0303 74.9260 50.0000 35.1776 45.3543 48.1604
14484.0000 0.0366 75.4123 50.0000 34.4416 46.0588 48.7790
14485.0000 0.0372 75.4725 50.0000 34.2433 46.6432 48.4553
14486.0000 0.0358 75.5535 50.0000 34.7129 45.7942 49.0534
14487.0000 0.0317 75.2665 50.0000 35.0303 45.9517 48.2324
14488.0000 0.0371 75.5696 50.0000 34.6463 45.5429 49.3583
14489.0000 0.0378 75.6156 50.0000 34.7800 45.0996 49.7403
14490.0000 0.0366 75.5268 50.0000 34.7860 45.2792 49.4371
14491.0000 0.0362 75.6375 50.0000 34.9153 45.2861 49.5088
14492.0000 0.0337 75.6354 50.0000 35.2276 45.3100 49.2619
14493.0000 0.0355 75.3705 50.0000 34.6351 45.7786 48.8410
14494.0000 0.0365 75.3734 50.0000 34.6865 45.2862 49.2662
14495.0000 0.0365 75.2888 50.0000 34.8566 44.7544 49.5022
14496.0000 0.0426 75.3046 50.0000 33.9266 45.2023 49.7646
14497.0000 0.0389 75.4477 50.0000 34.4240 45.3258 49.5270
14498.0000 0.0373 74.9461 50.0000 34.3576 45.1141 49.0020
14499.0000 0.0406 75.2309 50.0000 34.2448 44.9198 49.6910
14500.0000 0.0458 75.5742 50.0000 33.6417 45.4257 50.1618
14501.0000 0.0523 75.8088 50.0000 33.2778 45.0148 51.1197
14502.0000 0.0459 75.5981 50.0000 33.7991 45.1049 50.3810
14503.0000 0.0457 75.5115 50.0000 33.4509 45.8133 49.8414
14504.0000 0.0423 75.4242 50.0000 33.7769 45.8778 49.4282
14505.0000 0.0415 75.7465 50.0000 34.0628 45.9607 49.6475
14506.0000 0.0350 75.3551 50.0000 34.9725 45.0432 49.2587
14507.0000 0.0386 75.5068 50.0000 34.8617 44.5715 49.9932
14508.0000 0.0402 75.6010 50.0000 34.6515 44.7269 50.1427
14509.0000 0.0417 75.5154 50.0000 34.5531 44.4577 50.3207
14510.0000 0.0403 75.6269 50.0000 35.0847 43.9575 50.5592
14511.0000 0.0364 75.6213 50.0000 35.6595 43.7619 50.3177
14512.0000 0.0409 75.4730 50.0000 35.0264 43.7237 50.5724
14513.0000 0.0408 75.0737 50.0000 34.8420 43.5107 50.2883
14514.0000 0.0490 75.4261 50.0000 34.2503 43.4569 51.2592
14515.0000 0.0435 75.3230 50.0000 34.8152 43.3946 50.7775
14516.0000 0.0464 75.5800 50.0000 34.8795 43.1280 51.3393
14517.0000 0.0443 75.5464 50.0000 35.1305 43.0600 51.1755
14518.0000 0.0528 75.6041 50.0000 34.6801 42.4703 52.0532
14519.0000 0.0497 75.1000 50.0000 34.6418 42.3751 51.4227
14520.0000 0.0494 75.7980 50.0000 34.7815 43.0752 51.7698
14521.0000 0.0545 75.8554 50.0000 34.9612 42.1575 52.4833
14522.0000 0.0610 76.4198 50.0000 34.3577 42.7382 53.2257
14523.0000 0.0606 76.7365 50.0000 34.4616 43.0140 53.3918
14524.0000 0.0663 76.9573 50.0000 34.4834 42.5071 54.0969
14525.0000 0.0704 77.2184 50.0000 33.8892 43.0591 54.4070
14526.0000 0.0683 77.7636 50.0000 34.1120 43.6420 54.5795
14527.0000 0.0700 77.6854 50.0000 34.1207 43.3325 54.7092
14528.0000 0.0673 78.0838 50.0000 34.1994 44.0264 54.6731
14529.0000 0.0633 77.7983 50.0000 34.2538 44.1718 54.1120
14530.0000 0.0538 77.5859 50.0000 34.3958 45.1940 52.8583
14531.0000 0.0500 77.4423 50.0000 34.6292 45.3208 52.3847
14532.0000 0.0584 77.6759 50.0000 34.0444 45.0852 53.3089
14533.0000 0.0596 77.9318 50.0000 33.8038 45.5888 53.4071
14534.0000 0.0625 78.6063 50.0000 33.6446 46.2264 53.9454
14535.0000 0.0659 78.2513 50.0000 33.1969 45.9047 53.9814
14536.0000 0.0691 78.6387 50.0000 33.4317 45.5195 54.7205
14537.0000 0.0742 79.1219 50.0000 33.4117 45.3808 55.5384
14538.0000 0.0619 78.2796 50.0000 33.8688 45.5449 53.9097
14539.0000 0.0626 78.3145 50.0000 33.9685 45.3172 54.0894
14540.0000 0.0554 78.0772 50.0000 34.4777 45.4184 53.3338
14541.0000 0.0611 78.4758 50.0000 34.1635 45.4544 54.0852
14542.0000 0.0623 78.3380 50.0000 34.1829 45.0748 54.1907
14543.0000 0.0698 78.4315 50.0000 33.7895 44.6515 54.9183
14544.0000 0.0662 77.8809 50.0000 33.7030 44.6391 54.1932
14545.0000 0.0648 77.6844 50.0000 34.0813 44.0627 54.1463
14546.0000 0.0570 77.4670 50.0000 34.2785 44.6875 53.1897
14547.0000 0.0622 77.5406 50.0000 34.0793 44.2772 53.7649
14548.0000 0.0661 77.2286 50.0000 34.0282 43.4301 54.0385
14549.0000 0.0651 77.2370 50.0000 33.7624 43.9423 53.8028
14550.0000 0.0649 76.7633 50.0000 33.6006 43.6378 53.4728
14551.0000 0.0608 76.5747 50.0000 33.7891 43.7277 53.0082
14552.0000 0.0577 76.7524 50.0000 34.0696 44.0091 52.8526
14553.0000 0.0599 76.9129 50.0000 34.2409 43.6281 53.2893
14554.0000 0.0568 76.9163 50.0000 34.2583 44.0695 52.9185
14555.0000 0.0652 77.0716 50.0000 33.7828 43.7020 53.7484
14556.0000 0.0616 77.4674 50.0000 34.0769 44.2781 53.6601
14557.0000 0.0623 77.7097 50.0000 34.6716 43.6369 54.1525
14558.0000 0.0550 77.2660 50.0000 34.5418 44.3571 53.0033
14559.0000 0.0571 77.8442 50.0000 34.5513 44.7229 53.5331
14560.0000 0.0518 77.6791 50.0000 35.0072 44.6948 53.0181
14561.0000 0.0542 77.6525 50.0000 35.1915 44.0115 53.4271
14562.0000 0.0506 78.0397 50.0000 35.6066 44.4402 53.3613
14563.0000 0.0560 77.6959 50.0000 35.0151 44.0359 53.5858
14564.0000 0.0563 77.7964 50.0000 34.6252 44.6829 53.4493
14565.0000 0.0508 77.7037 50.0000 34.9732 44.9492 52.8612
14566.0000 0.0546 77.3669 50.0000 34.8067 44.1508 53.1491
14567.0000 0.0536 77.9293 50.0000 34.7684 45.0704 53.2240
14568.0000 0.0511 77.8391 50.0000 34.7130 45.5032 52.7579
14569.0000 0.0559 77.9367 50.0000 34.6672 44.8523 53.4844
14570.0000 0.0590 77.9007 50.0000 34.0923 45.1831 53.5230
14571.0000 0.0593 77.7669 50.0000 33.6007 45.7738 53.1360
14572.0000 0.0618 78.1145 50.0000 33.7887 45.4711 53.7826
14573.0000 0.0591 77.7958 50.0000 34.1230 44.9938 53.5105
14574.0000 0.0549 77.5118 50.0000 34.4356 44.8391 53.0258
14575.0000 0.0525 77.6687 50.0000 34.7178 45.0090 52.9273
14576.0000 0.0450 77.1255 50.0000 35.1319 45.0013 51.8554
14577.0000 0.0493 77.0260 50.0000 34.7932 44.6259 52.2586
14578.0000 0.0501 77.1064 50.0000 34.4956 45.0741 52.1898
14579.0000 0.0505 77.3998 50.0000 34.8761 44.7538 52.6450
14580.0000 0.0505 77.6028 50.0000 34.5812 45.5092 52.4904
14581.0000 0.0479 77.9528 50.0000 35.2763 45.3100 52.7184
14582.0000 0.0547 78.1253 50.0000 34.6349 45.3441 53.3657
14583.0000 0.0507 77.7323 50.0000 35.1447 44.7386 52.9680
14584.0000 0.0453 77.6096 50.0000 35.7287 44.6096 52.5043
14585.0000 0.0510 77.1611 50.0000 35.3686 43.6496 52.8924
14586.0000 0.0514 77.4157 50.0000 35.1552 44.2030 52.9472
14587.0000 0.0467 77.6004 50.0000 35.8277 44.2173 52.7544
14588.0000 0.0478 78.0604 50.0000 36.5600 43.5845 53.4526
14589.0000 0.0541 78.1940 50.0000 36.2616 43.2271 54.1370
14590.0000 0.0561 78.3035 50.0000 35.7486 43.7414 54.2232
14591.0000 0.0533 77.9917 50.0000 35.6345 43.9303 53.6938
14592.0000 0.0438 77.4985 50.0000 36.1054 44.1536 52.4679
14593.0000 0.0436 77.5651 50.0000 36.8231 43.2731 52.7999
14594.0000 0.0428 77.7343 50.0000 37.4013 42.8428 52.9930
14595.0000 0.0406 77.9033 50.0000 37.4527 43.3082 52.8264
14596.0000 0.0400 77.7271 50.0000 37.4125 43.2342 52.6556
14597.0000 0.0321 77.6537 50.0000 37.9864 43.6909 51.7517
14598.0000 0.0280 77.7464 50.0000 38.7636 43.4866 51.4859
14599.0000 0.0311 78.2799 50.0000 38.6409 43.7388 52.1685
14600.0000 0.0263 77.9826 50.0000 38.6055 44.3382 51.2350
14601.0000 0.0320 78.3502 50.0000 37.8572 44.7877 51.9580
14602.0000 0.0335 78.0274 50.0000 37.4995 44.6150 51.8803
14603.0000 0.0351 78.3080 50.0000 37.6008 44.5164 52.3126
14604.0000 0.0359 77.8732 50.0000 36.8796 44.9190 51.8307
14605.0000 0.0325 77.7986 50.0000 37.4302 44.6354 51.5682
14606.0000 0.0356 77.5688 50.0000 36.7860 44.7112 51.6199
14607.0000 0.0317 77.2855 50.0000 37.0497 44.7207 50.9944
14608.0000 0.0411 77.6942 50.0000 36.4930 44.2953 52.3696
14609.0000 0.0367 77.5743 50.0000 36.9100 44.3169 51.8791
14610.0000 0.0353 76.8777 50.0000 36.5202 44.2779 51.1461
14611.0000 0.0331 76.8298 50.0000 36.8937 44.0614 50.9928
14612.0000 0.0338 76.6712 50.0000 36.5876 44.2045 50.8506
14613.0000 0.0387 76.9898 50.0000 35.7683 45.0056 51.2108
14614.0000 0.0397 77.5274 50.0000 36.0172 45.1026 51.7592
14615.0000 0.0399 77.5100 50.0000 36.1650 44.7870 51.9039
14616.0000 0.0467 77.7694 50.0000 35.5226 44.8956 52.6366
14617.0000 0.0517 77.8560 50.0000 35.1203 44.7595 53.1480
14618.0000 0.0499 77.7510 50.0000 35.0526 45.0473 52.7946
14619.0000 0.0539 77.7072 50.0000 34.9245 44.5106 53.2681
14620.0000 0.0604 77.8013 50.0000 34.3721 44.4370 53.8234
14621.0000 0.0588 77.7105 50.0000 35.2288 43.3764 54.0032
14622.0000 0.0480 77.3560 50.0000 35.7957 43.7559 52.8019
14623.0000 0.0465 77.3819 50.0000 36.2741 43.3497 52.8484
14624.0000 0.0413 76.9666 50.0000 36.7035 43.0688 52.1707
14625.0000 0.0433 76.9539 50.0000 36.3028 43.2946 52.2455
14626.0000 0.0482 77.4721 50.0000 36.4681 42.9487 53.1735
14627.0000 0.0529 77.9393 50.0000 36.5532 42.7280 53.9696
14628.0000 0.0502 77.6999 50.0000 36.6273 42.7364 53.5660
14629.0000 0.0497 77.4561 50.0000 36.0224 43.3029 53.1667
14630.0000 0.0533 77.4921 50.0000 35.6979 43.2570 53.4745
14631.0000 0.0486 77.5436 50.0000 36.2129 43.3179 53.1526
14632.0000 0.0502 77.3367 50.0000 35.8755 43.2829 53.1084
14633.0000 0.0464 77.2208 50.0000 36.1122 43.3893 52.6909
14634.0000 0.0511 77.4990 50.0000 36.4009 42.6642 53.4867
14635.0000 0.0507 77.7898 50.0000 36.5060 42.9156 53.6360
14636.0000 0.0494 77.5727 50.0000 36.5693 42.7623 53.4004
14637.0000 0.0552 77.8741 50.0000 36.4431 42.5010 54.1289
14638.0000 0.0621 78.4838 50.0000 36.6831 42.0299 55.2045
14639.0000 0.0570 78.0202 50.0000 36.3362 42.5632 54.3618
14640.0000 0.0570 78.1762 50.0000 36.9374 42.0107 54.6099
14641.0000 0.0537 78.3039 50.0000 36.5435 43.0572 54.2416
14642.0000 0.0537 78.3095 50.0000 36.0716 43.6603 54.0832
14643.0000 0.0496 77.8186 50.0000 35.7219 44.1629 53.1912
14644.0000 0.0466 77.6331 50.0000 35.9528 44.0869 52.8266
14645.0000 0.0387 76.9376 50.0000 36.5484 43.6859 51.7218
14646.0000 0.0426 77.4108 50.0000 36.3866 43.8380 52.4087
14647.0000 0.0425 76.6868 50.0000 36.1395 43.3193 51.9445
14648.0000 0.0461 76.8860 50.0000 35.5598 43.8172 52.2207
14649.0000 0.0568 77.4120 50.0000 34.9692 43.6462 53.5237
14650.0000 0.0485 77.1084 50.0000 35.8791 43.2520 52.7983
14651.0000 0.0463 76.9483 50.0000 36.4286 42.6608 52.6693
14652.0000 0.0479 77.0665 50.0000 36.2626 42.7889 52.8524
14653.0000 0.0506 77.0342 50.0000 36.3114 42.3107 53.1559
14654.0000 0.0535 77.0588 50.0000 35.8063 42.5977 53.3048
14655.0000 0.0532 76.9688 50.0000 35.7778 42.5629 53.2217
14656.0000 0.0512 77.0104 50.0000 36.0268 42.5635 53.1132
14657.0000 0.0503 76.8853 50.0000 36.2812 42.2163 53.0359
14658.0000 0.0437 76.9512 50.0000 37.1304 42.1521 52.5929
14659.0000 0.0448 76.6785 50.0000 37.1438 41.6683 52.5708
14660.0000 0.0459 77.1398 50.0000 37.4604 41.6605 53.0252
14661.0000 0.0435 77.6777 50.0000 37.4389 42.6313 53.0540
14662.0000 0.0511 77.9141 50.0000 37.2976 42.0389 53.9651
14663.0000 0.0557 77.9062 50.0000 36.9993 41.8004 54.3430
14664.0000 0.0501 77.6398 50.0000 36.7264 42.5563 53.5544
14665.0000 0.0490 77.7450 50.0000 36.5775 43.0102 53.4461
14666.0000 0.0496 77.4000 50.0000 36.7030 42.3736 53.3679
14667.0000 0.0514 77.7552 50.0000 36.2078 43.1641 53.5885
14668.0000 0.0491 77.8442 50.0000 36.5867 43.1050 53.5078
14669.0000 0.0455 77.9945 50.0000 36.8581 43.4512 53.2599
14670.0000 0.0476 78.2147 50.0000 36.7200 43.5832 53.5695
14671.0000 0.0450 78.2888 50.0000 36.7419 44.0306 53.2962
14672.0000 0.0430 77.8728 50.0000 37.1637 43.2753 53.0121
14673.0000 0.0510 77.8928 50.0000 36.3722 43.1650 53.6761
14674.0000 0.0631 78.3473 50.0000 35.3925 43.3263 54.8498
14675.0000 0.0545 78.0924 50.0000 36.1286 43.2297 54.0772
14676.0000 0.0616 78.2401 50.0000 36.0296 42.6049 54.8470
14677.0000 0.0650 78.5024 50.0000 36.0310 42.4777 55.3177
14678.0000 0.0648 78.6596 50.0000 35.9151 42.8070 55.3625
14679.0000 0.0591 78.4883 50.0000 35.8317 43.4452 54.6719
14680.0000 0.0544 78.7238 50.0000 35.8201 44.3868 54.2602
14681.0000 0.0547 78.5064 50.0000 35.5414 44.4654 54.0637
14682.0000 0.0517 78.1239 50.0000 35.7287 44.1968 53.6045
14683.0000 0.0485 77.9538 50.0000 36.0184 44.0897 53.2501
14684.0000 0.0489 77.9711 50.0000 35.6964 44.5026 53.1487
14685.0000 0.0395 77.6785 50.0000 36.0777 45.2518 51.8133
14686.0000 0.0428 78.2155 50.0000 36.3406 44.8883 52.7453
14687.0000 0.0458 78.0904 50.0000 36.2765 44.3114 53.0906
14688.0000 0.0409 77.6823 50.0000 36.7283 43.9785 52.4545
14689.0000 0.0385 77.1354 50.0000 37.1299 43.1364 52.0624
14690.0000 0.0378 77.4495 50.0000 37.0303 43.7851 52.0582
14691.0000 0.0385 77.9897 50.0000 37.5357 43.6330 52.6272
14692.0000 0.0379 77.7534 50.0000 37.0238 44.1565 52.2018
14693.0000 0.0430 77.9700 50.0000 36.7505 43.9527 52.8855
14694.0000 0.0452 77.7652 50.0000 36.4820 43.7245 52.9590
14695.0000 0.0482 78.2296 50.0000 36.2711 44.1117 53.4643
14696.0000 0.0470 78.1970 50.0000 36.6172 43.7767 53.4561
14697.0000 0.0397 77.8866 50.0000 37.2938 43.6368 52.6434
14698.0000 0.0390 77.7537 50.0000 37.4321 43.3962 52.5475
14699.0000 0.0441 77.5238 50.0000 37.2840 42.5550 52.9993
14700.0000 0.0477 77.8714 50.0000 37.3133 42.4237 53.5901
14701.0000 0.0519 78.2238 50.0000 37.0645 42.5591 54.1655
14702.0000 0.0454 77.9747 50.0000 37.3299 42.8322 53.4035
14703.0000 0.0425 77.5791 50.0000 37.2449 42.9039 52.8261
14704.0000 0.0427 77.7080 50.0000 37.3810 42.8537 52.9600
14705.0000 0.0447 77.5641 50.0000 37.2430 42.5694 53.0753
14706.0000 0.0437 77.9220 50.0000 37.5223 42.7779 53.2351
14707.0000 0.0483 78.1762 50.0000 37.2109 42.8028 53.8032
14708.0000 0.0408 78.2585 50.0000 38.3575 42.5440 53.3207
14709.0000 0.0449 78.6441 50.0000 38.0997 42.7190 53.9295
14710.0000 0.0392 77.8792 50.0000 38.4619 42.2229 52.9442
14711.0000 0.0401 78.2333 50.0000 39.1265 41.7267 53.3710
14712.0000 0.0403 77.9236 50.0000 38.7879 41.7387 53.1552
14713.0000 0.0352 77.8466 50.0000 38.9522 42.1932 52.5600
14714.0000 0.0367 78.0406 50.0000 38.8697 42.2822 52.8366
14715.0000 0.0393 78.0070 50.0000 38.4827 42.3245 53.0359
14716.0000 0.0366 78.1586 50.0000 38.9558 42.3343 52.9057
14717.0000 0.0322 78.3483 50.0000 39.4957 42.5795 52.5883
14718.0000 0.0346 78.4858 50.0000 39.2885 42.6076 52.9247
14719.0000 0.0373 78.2725 50.0000 38.9673 42.3517 53.0515
14720.0000 0.0350 78.3648 50.0000 39.1849 42.5341 52.8813
14721.0000 0.0348 78.0585 50.0000 39.0827 42.3441 52.6560
14722.0000 0.0344 77.7975 50.0000 38.9977 42.1973 52.4502
14723.0000 0.0302 77.7931 50.0000 39.3786 42.3898 52.0019
14724.0000 0.0260 77.5619 50.0000 39.4234 42.7794 51.2988
14725.0000 0.0282 77.6099 50.0000 38.7934 43.2439 51.4619
14726.0000 0.0287 77.4148 50.0000 38.6793 43.0634 51.4054
14727.0000 0.0276 77.4484 50.0000 39.2852 42.5411 51.4314
14728.0000 0.0277 77.7364 50.0000 39.7195 42.3339 51.7025
14729.0000 0.0246 77.7384 50.0000 40.0673 42.4532 51.3380
14730.0000 0.0235 78.2980 50.0000 40.5404 42.7333 51.5842
14731.0000 0.0267 78.7019 50.0000 40.2707 42.9618 52.2163
14732.0000 0.0286 78.4503 50.0000 39.9578 42.7236 52.2735
14733.0000 0.0241 78.8514 50.0000 40.8705 42.8776 52.0446
14734.0000 0.0266 78.8631 50.0000 40.6431 42.7283 52.3623
14735.0000 0.0308 79.0175 50.0000 41.0553 41.8048 53.0150
14736.0000 0.0305 78.6234 50.0000 40.6456 41.8523 52.7063
14737.0000 0.0244 78.3315 50.0000 40.7454 42.3903 51.7562
14738.0000 0.0223 78.2080 50.0000 41.1596 42.1453 51.4408
14739.0000 0.0190 77.9862 50.0000 41.6885 41.9335 50.8478
14740.0000 0.0171 77.9465 50.0000 41.8439 42.0695 50.5461
14741.0000 0.0155 78.0041 50.0000 41.6628 42.6376 50.3079
14742.0000 0.0107 77.6938 50.0000 41.3413 43.7650 49.1105
14743.0000 0.0108 77.6466 50.0000 41.3838 43.6245 49.1251
14744.0000 0.0178 77.9479 50.0000 40.4910 43.4702 50.4648
14745.0000 0.0182 78.0106 50.0000 40.6284 43.2964 50.6005
14746.0000 0.0181 78.0072 50.0000 40.2234 43.8501 50.4417
14747.0000 0.0188 77.7857 50.0000 39.9026 43.8488 50.3555
14748.0000 0.0199 77.8456 50.0000 40.1570 43.3347 50.6898
14749.0000 0.0194 77.7990 50.0000 40.3843 43.0960 50.6411
14750.0000 0.0199 77.7986 50.0000 39.8246 43.7151 50.5529
14751.0000 0.0190 77.6387 50.0000 39.7688 43.8066 50.2711
14752.0000 0.0218 77.7240 50.0000 39.7350 43.3592 50.8148
14753.0000 0.0204 78.0312 50.0000 39.9852 43.6956 50.8010
14754.0000 0.0179 77.7426 50.0000 40.4047 43.3211 50.3454
14755.0000 0.0196 77.5707 50.0000 40.0654 43.1922 50.4620
14756.0000 0.0184 77.1142 50.0000 39.9887 42.9753 50.0063
14757.0000 0.0170 77.6934 50.0000 40.5894 43.2149 50.2120
14758.0000 0.0118 77.5093 50.0000 41.3185 43.2957 49.2539
14759.0000 0.0115 77.2505 50.0000 40.9541 43.5106 48.9616
14760.0000 0.0175 77.5415 50.0000 40.6656 42.8268 50.2480
14761.0000 0.0203 77.5112 50.0000 40.4066 42.5549 50.6397
14762.0000 0.0231 77.3859 50.0000 40.0001 42.3842 50.9132
14763.0000 0.0219 77.1585 50.0000 40.3086 41.9848 50.6550
14764.0000 0.0198 77.3023 50.0000 40.4217 42.4033 50.4351
14765.0000 0.0203 76.9052 50.0000 40.0523 42.2694 50.2346
14766.0000 0.0205 76.9126 50.0000 39.8783 42.4609 50.2229
14767.0000 0.0225 76.9907 50.0000 39.8707 42.1884 50.5770
14768.0000 0.0224 77.3021 50.0000 39.7920 42.6559 50.7217
14769.0000 0.0263 77.3498 50.0000 39.7828 42.0456 51.3078
14770.0000 0.0312 77.9379 50.0000 39.7418 41.9862 52.2691
14771.0000 0.0311 78.0203 50.0000 39.9276 41.8909 52.3269
14772.0000 0.0273 78.2420 50.0000 39.7474 42.9464 51.9380
14773.0000 0.0253 78.5030 50.0000 39.5998 43.8033 51.7287
14774.0000 0.0308 78.5557 50.0000 38.9283 43.7467 52.3624
14775.0000 0.0278 78.2653 50.0000 39.1470 43.6562 51.8373
14776.0000 0.0314 78.3021 50.0000 38.4230 44.0250 52.1218
14777.0000 0.0336 78.2027 50.0000 37.8936 44.2408 52.1774
14778.0000 0.0336 78.1618 50.0000 37.7318 44.4270 52.0751
14779.0000 0.0370 78.1877 50.0000 38.3773 43.0080 52.8282
14780.0000 0.0374 78.1380 50.0000 38.6429 42.5642 52.9203
14781.0000 0.0307 77.9351 50.0000 38.9092 43.0551 52.0212
14782.0000 0.0252 78.0204 50.0000 39.3061 43.6263 51.3708
14783.0000 0.0292 77.7760 50.0000 38.6242 43.4950 51.6281
14784.0000 0.0294 78.2234 50.0000 38.7636 43.8107 51.9317
14785.0000 0.0356 78.3534 50.0000 38.3523 43.4602 52.7216
14786.0000 0.0337 78.2253 50.0000 38.4063 43.5479 52.4188
14787.0000 0.0270 78.1769 50.0000 39.0445 43.8213 51.6416
14788.0000 0.0257 78.1523 50.0000 39.5372 43.3864 51.5966
14789.0000 0.0208 78.2106 50.0000 40.0258 43.7702 50.9804
14790.0000 0.0209 78.4918 50.0000 40.3889 43.6206 51.2536
14791.0000 0.0264 78.9207 50.0000 39.8526 43.7700 52.1961
14792.0000 0.0254 79.2883 50.0000 40.5727 43.4958 52.4271
14793.0000 0.0323 79.7013 50.0000 40.4030 43.0302 53.5564
14794.0000 0.0258 79.2157 50.0000 40.1031 43.9243 52.3214
14795.0000 0.0262 79.3791 50.0000 39.9831 44.2010 52.4278
14796.0000 0.0287 79.7869 50.0000 39.7319 44.5677 52.9249
14797.0000 0.0307 79.7281 50.0000 39.8204 44.0197 53.2275
14798.0000 0.0300 80.0638 50.0000 39.7238 44.6798 53.2536
14799.0000 0.0292 79.9555 50.0000 39.1548 45.4990 52.8169
14800.0000 0.0277 79.8935 50.0000 39.3802 45.3980 52.6421
14801.0000 0.0276 80.1957 50.0000 39.2236 46.0653 52.6388
14802.0000 0.0241 79.8656 50.0000 39.6040 45.8177 52.0651
14803.0000 0.0231 79.6417 50.0000 39.4868 45.9576 51.6865
14804.0000 0.0221 79.3244 50.0000 39.6270 45.5315 51.4679
14805.0000 0.0203 79.0182 50.0000 39.6450 45.5415 50.9718
14806.0000 0.0176 78.5805 50.0000 40.1694 44.8015 50.5385
14807.0000 0.0157 78.2594 50.0000 40.2956 44.6722 50.0520
14808.0000 0.0174 78.6523 50.0000 40.0905 45.0800 50.4652
14809.0000 0.0157 78.2593 50.0000 40.1589 44.8788 49.9767
14810.0000 0.0132 78.0539 50.0000 40.3683 45.0044 49.3702
14811.0000 0.0142 77.9125 50.0000 40.5424 44.2299 49.7030
14812.0000 0.0191 78.0031 50.0000 39.7595 44.2553 50.4493
14813.0000 0.0233 78.5554 50.0000 40.0591 43.6525 51.5818
14814.0000 0.0202 78.4263 50.0000 40.1647 43.9790 51.0228
14815.0000 0.0172 78.1451 50.0000 40.4444 43.9225 50.4156
14816.0000 0.0242 78.2706 50.0000 40.2095 42.9638 51.6100
14817.0000 0.0220 78.4895 50.0000 40.2611 43.5790 51.3859
14818.0000 0.0207 78.3841 50.0000 40.6429 43.2222 51.2255
14819.0000 0.0124 77.8321 50.0000 41.0557 43.8704 49.4737
14820.0000 0.0154 77.8207 50.0000 40.2907 44.1477 49.8367
14821.0000 0.0171 77.5276 50.0000 40.2039 43.4818 50.0351
14822.0000 0.0158 77.3764 50.0000 40.1776 43.6351 49.6874
14823.0000 0.0194 77.4201 50.0000 39.9876 43.1520 50.3265
14824.0000 0.0216 77.5968 50.0000 39.4523 43.6104 50.6251
14825.0000 0.0215 77.7708 50.0000 39.9495 43.1911 50.8612
14826.0000 0.0213 77.5158 50.0000 40.0467 42.8001 50.7258
14827.0000 0.0267 77.5489 50.0000 39.5722 42.4517 51.4367
14828.0000 0.0281 77.7918 50.0000 39.0853 43.1056 51.6315
14829.0000 0.0262 77.7037 50.0000 39.4336 42.8977 51.4066
14830.0000 0.0247 77.3684 50.0000 39.1676 43.0968 50.9356
14831.0000 0.0260 77.3613 50.0000 39.5178 42.4238 51.2185
14832.0000 0.0286 77.5797 50.0000 38.8055 43.1183 51.5126
14833.0000 0.0341 77.8640 50.0000 38.4581 42.9814 52.3104
14834.0000 0.0372 77.8595 50.0000 38.1922 42.8269 52.6243
14835.0000 0.0311 77.6749 50.0000 38.6483 43.0010 51.8712
14836.0000 0.0332 77.7215 50.0000 38.3031 43.1566 52.0674
14837.0000 0.0269 77.8521 50.0000 39.2970 43.1238 51.5463
14838.0000 0.0265 78.3186 50.0000 39.4269 43.5848 51.7657
14839.0000 0.0289 78.6646 50.0000 39.0208 44.1020 52.1586
14840.0000 0.0335 78.7272 50.0000 38.5076 44.0499 52.6757
14841.0000 0.0280 78.4596 50.0000 38.7736 44.3612 51.8131
14842.0000 0.0294 78.6008 50.0000 39.1443 43.7669 52.2520
14843.0000 0.0313 78.6317 50.0000 38.8328 43.8844 52.4320
14844.0000 0.0232 78.3114 50.0000 39.4775 44.1547 51.2306
14845.0000 0.0282 78.1731 50.0000 38.9242 43.7539 51.7837
14846.0000 0.0286 77.8617 50.0000 38.6157 43.7161 51.5770
14847.0000 0.0353 78.2019 50.0000 37.5308 44.4529 52.2582
14848.0000 0.0387 78.4440 50.0000 36.9811 44.9666 52.5726
14849.0000 0.0318 77.9597 50.0000 37.4952 44.8760 51.5555
14850.0000 0.0365 78.3052 50.0000 37.4305 44.5110 52.4351
14851.0000 0.0386 78.3557 50.0000 36.8969 44.9855 52.4837
14852.0000 0.0404 78.8476 50.0000 37.3812 44.5764 53.2215
14853.0000 0.0414 78.7618 50.0000 37.2776 44.4472 53.2752
14854.0000 0.0456 79.0865 50.0000 36.9286 44.6370 53.8376
14855.0000 0.0445 78.9204 50.0000 36.7871 44.8242 53.5344
14856.0000 0.0395 78.6823 50.0000 36.8243 45.3687 52.6931
14857.0000 0.0373 78.7898 50.0000 37.1139 45.4796 52.5547
14858.0000 0.0328 78.9240 50.0000 37.5808 45.8569 52.0943
14859.0000 0.0331 78.6157 50.0000 38.1031 44.5498 52.3823
14860.0000 0.0317 78.7688 50.0000 38.1088 45.0176 52.2078
14861.0000 0.0306 79.0740 50.0000 37.8080 46.1926 51.8603
14862.0000 0.0317 79.4773 50.0000 38.2273 45.7810 52.5301
14863.0000 0.0349 79.6412 50.0000 37.6361 46.2941 52.7550
14864.0000 0.0324 79.6545 50.0000 38.0677 46.1390 52.6013
14865.0000 0.0307 79.5526 50.0000 38.5494 45.5727 52.5899
14866.0000 0.0313 79.5164 50.0000 38.2108 45.9405 52.4620
14867.0000 0.0313 79.6337 50.0000 38.4128 45.7740 52.6376
14868.0000 0.0276 79.3801 50.0000 38.7518 45.6967 52.0701
14869.0000 0.0293 79.6287 50.0000 38.5834 45.9262 52.3720
14870.0000 0.0227 79.3801 50.0000 39.5215 45.6295 51.5481
14871.0000 0.0279 79.5946 50.0000 38.8638 45.7447 52.2717
14872.0000 0.0264 79.3322 50.0000 39.3148 45.0296 52.1562
14873.0000 0.0322 79.5413 50.0000 39.2065 44.3361 53.1411
14874.0000 0.0311 79.5598 50.0000 39.0256 44.8082 52.9055
14875.0000 0.0395 79.3347 50.0000 38.2502 44.1275 53.6999
14876.0000 0.0389 79.3280 50.0000 38.6584 43.6819 53.7619
14877.0000 0.0326 78.9721 50.0000 39.1856 43.6056 52.9116
14878.0000 0.0310 78.9543 50.0000 39.9920 42.8626 52.8888
14879.0000 0.0364 79.1026 50.0000 39.5187 42.7639 53.5420
14880.0000 0.0335 78.8480 50.0000 39.7469 42.6430 53.0921
14881.0000 0.0419 78.9836 50.0000 38.8670 42.6045 53.9687
14882.0000 0.0444 79.2562 50.0000 38.7023 42.7521 54.3685
14883.0000 0.0355 79.3264 50.0000 39.4110 43.2886 53.5308
14884.0000 0.0289 79.0659 50.0000 39.1861 44.3682 52.4149
14885.0000 0.0320 78.8766 50.0000 39.4042 43.3304 52.8328
14886.0000 0.0281 78.9086 50.0000 39.1579 44.3636 52.2025
14887.0000 0.0247 78.4887 50.0000 38.9546 44.8376 51.3089
14888.0000 0.0293 78.5558 50.0000 38.7401 44.2764 52.0559
14889.0000 0.0251 78.6358 50.0000 39.2032 44.5592 51.5865
14890.0000 0.0242 78.4417 50.0000 39.6295 43.9022 51.5285
14891.0000 0.0221 78.3105 50.0000 39.0298 45.0850 50.7598
14892.0000 0.0221 78.6000 50.0000 39.3980 44.8993 51.0864
14893.0000 0.0283 78.8611 50.0000 39.0175 44.4695 52.1457
14894.0000 0.0244 78.7953 50.0000 39.1070 45.0721 51.4572
14895.0000 0.0257 78.7463 50.0000 39.1125 44.7134 51.6904
14896.0000 0.0285 78.5795 50.0000 39.3379 43.6565 52.1669
14897.0000 0.0280 78.6601 50.0000 39.3876 43.7742 52.1521
14898.0000 0.0307 78.2427 50.0000 39.4419 42.7475 52.3347
14899.0000 0.0324 78.2825 50.0000 39.1374 42.9047 52.4938
14900.0000 0.0304 78.3080 50.0000 39.2472 43.1135 52.2783
14901.0000 0.0313 78.3703 50.0000 38.9291 43.4456 52.3346
14902.0000 0.0384 78.3407 50.0000 38.8545 42.3896 53.2044
14903.0000 0.0414 78.7950 50.0000 38.7872 42.5664 53.7802
14904.0000 0.0412 78.8942 50.0000 38.5096 43.0315 53.7549
14905.0000 0.0459 79.1247 50.0000 38.2606 42.9307 54.3489
14906.0000 0.0444 78.9402 50.0000 39.3581 41.6793 54.2709
14907.0000 0.0349 78.6570 50.0000 39.5868 42.4141 53.1116
14908.0000 0.0339 78.7892 50.0000 39.4501 42.8652 53.0472
14909.0000 0.0386 78.8021 50.0000 38.7038 43.0731 53.4462
14910.0000 0.0373 78.8670 50.0000 38.3752 43.7581 53.2220
14911.0000 0.0413 79.3364 50.0000 37.6586 44.6340 53.7019
14912.0000 0.0351 79.4822 50.0000 38.8661 44.2069 53.4097
14913.0000 0.0336 79.3211 50.0000 38.6791 44.5207 53.0441
14914.0000 0.0399 79.3786 50.0000 38.5856 43.6851 53.8863
14915.0000 0.0397 79.6745 50.0000 37.8127 45.1122 53.6946
14916.0000 0.0361 80.0679 50.0000 37.9484 46.0956 53.3477
14917.0000 0.0367 80.0666 50.0000 37.9139 46.0241 53.4320
14918.0000 0.0293 79.8220 50.0000 38.7595 45.9092 52.5510
14919.0000 0.0279 79.7047 50.0000 38.8813 45.8639 52.3220
14920.0000 0.0311 80.0892 50.0000 38.2110 46.8154 52.5596
14921.0000 0.0251 79.7101 50.0000 38.7679 46.8233 51.5591
14922.0000 0.0293 79.4251 50.0000 38.0456 46.5977 51.8608
14923.0000 0.0241 79.2869 50.0000 38.6098 46.7901 51.0529
14924.0000 0.0226 78.9431 50.0000 38.6301 46.6814 50.6022
14925.0000 0.0266 79.6769 50.0000 38.4236 47.0419 51.5664
14926.0000 0.0281 79.9051 50.0000 38.4521 46.8720 52.0507
14927.0000 0.0227 79.7861 50.0000 39.4120 46.3993 51.5716
14928.0000 0.0240 79.8606 50.0000 39.4670 46.0497 51.9567
14929.0000 0.0246 79.4144 50.0000 38.9410 46.1925 51.5412
14930.0000 0.0204 79.2410 50.0000 39.0712 47.0017 50.4322
14931.0000 0.0248 78.8201 50.0000 38.0510 47.0750 50.4845
14932.0000 0.0319 78.9880 50.0000 37.5692 46.1940 51.9016
14933.0000 0.0373 79.0805 50.0000 36.7725 46.4741 52.3609
14934.0000 0.0398 79.0554 50.0000 36.8071 45.8450 52.8511
14935.0000 0.0389 78.8747 50.0000 37.2781 45.0299 52.9516
14936.0000 0.0371 79.1184 50.0000 37.4879 45.3525 52.8916
14937.0000 0.0335 78.6513 50.0000 37.3103 45.7879 51.9368
14938.0000 0.0310 78.3938 50.0000 38.0855 44.7023 51.9306
14939.0000 0.0283 78.3189 50.0000 38.2764 44.8733 51.5282
14940.0000 0.0249 77.8645 50.0000 38.2616 45.0631 50.6779
14941.0000 0.0209 77.7301 50.0000 38.9105 44.7789 50.2274
14942.0000 0.0218 77.5357 50.0000 38.7324 44.5768 50.2443
14943.0000 0.0249 77.0619 50.0000 38.5611 43.5087 50.5822
14944.0000 0.0267 77.6111 50.0000 38.2796 44.2624 50.9804
14945.0000 0.0252 77.1923 50.0000 37.9827 44.4995 50.3564
14946.0000 0.0270 77.3250 50.0000 37.5874 44.9423 50.4631
14947.0000 0.0239 77.1223 50.0000 38.2387 44.2947 50.2358
14948.0000 0.0262 77.4746 50.0000 38.0819 44.4925 50.7198
14949.0000 0.0275 77.7170 50.0000 37.6387 45.2964 50.7099
14950.0000 0.0322 78.0699 50.0000 37.1034 45.6361 51.3381
14951.0000 0.0323 77.7104 50.0000 36.8515 45.5481 51.0513
14952.0000 0.0390 77.7824 50.0000 36.2603 45.1804 51.9039
14953.0000 0.0381 77.4479 50.0000 36.0269 45.3098 51.4515
14954.0000 0.0389 77.7654 50.0000 36.3112 45.1010 51.9121
14955.0000 0.0383 77.2589 50.0000 35.8545 45.3126 51.2852
14956.0000 0.0366 77.5722 50.0000 35.8008 46.3423 50.8738
14957.0000 0.0385 77.4708 50.0000 35.4266 46.4732 50.8618
14958.0000 0.0447 77.8315 50.0000 34.7786 46.7829 51.5708
14959.0000 0.0524 77.7473 50.0000 34.0542 46.2841 52.3710
14960.0000 0.0504 77.6288 50.0000 34.1199 46.4380 52.0152
14961.0000 0.0505 77.3812 50.0000 34.0074 46.2799 51.8605
14962.0000 0.0569 77.3939 50.0000 33.3330 46.2036 52.3827
14963.0000 0.0582 77.6863 50.0000 33.4921 46.0486 52.8486
14964.0000 0.0605 78.3106 50.0000 33.7616 45.9985 53.6361
14965.0000 0.0580 78.1914 50.0000 33.8357 46.1672 53.2695
14966.0000 0.0544 78.1800 50.0000 34.0300 46.5228 52.8176
14967.0000 0.0468 77.7863 50.0000 34.9562 45.8605 52.2071
14968.0000 0.0446 77.4569 50.0000 35.4142 45.0428 52.1205
14969.0000 0.0464 77.7247 50.0000 35.4039 45.0758 52.4964
14970.0000 0.0487 77.8766 50.0000 35.3046 45.0084 52.8450
14971.0000 0.0563 78.3419 50.0000 35.3746 44.2713 54.0937
14972.0000 0.0542 78.1086 50.0000 34.7909 45.1605 53.3955
14973.0000 0.0550 78.0827 50.0000 35.2825 44.2759 53.7746
14974.0000 0.0556 78.2389 50.0000 34.6815 45.2683 53.5658
14975.0000 0.0530 78.1042 50.0000 35.0888 44.9038 53.4106
14976.0000 0.0577 78.3975 50.0000 35.0759 44.5418 54.1468
14977.0000 0.0549 77.8917 50.0000 34.9688 44.5106 53.5080
14978.0000 0.0565 77.8925 50.0000 34.7051 44.6488 53.5657
14979.0000 0.0547 77.9829 50.0000 35.0408 44.5556 53.5563
14980.0000 0.0433 77.6179 50.0000 36.0194 44.5371 52.3793
14981.0000 0.0456 77.8819 50.0000 36.1482 44.2773 52.9001
14982.0000 0.0460 77.6778 50.0000 35.9890 44.1851 52.7855
14983.0000 0.0407 77.2983 50.0000 36.0682 44.5136 51.8907
14984.0000 0.0426 77.3779 50.0000 35.7572 44.7556 52.0164
14985.0000 0.0391 76.9365 50.0000 35.8456 44.7048 51.3401
14986.0000 0.0401 77.0829 50.0000 35.7076 44.9468 51.4444
14987.0000 0.0465 77.3121 50.0000 35.0241 45.1393 52.0856
14988.0000 0.0406 77.3847 50.0000 35.4496 45.7396 51.3771
14989.0000 0.0415 77.6953 50.0000 35.7436 45.4384 51.9067
14990.0000 0.0411 77.6450 50.0000 35.3422 46.2242 51.4100
14991.0000 0.0470 77.8098 50.0000 34.4927 46.7704 51.7411
14992.0000 0.0448 78.0015 50.0000 35.1086 46.3377 52.0042
14993.0000 0.0389 77.6016 50.0000 35.4366 46.5530 50.9811
14994.0000 0.0399 77.6736 50.0000 35.4052 46.4569 51.1997
14995.0000 0.0395 77.4823 50.0000 35.5328 45.9886 51.2443
14996.0000 0.0411 77.2342 50.0000 35.1971 45.9003 51.1806
14997.0000 0.0372 76.8346 50.0000 35.3436 45.9908 50.3908
14998.0000 0.0438 76.6626 50.0000 34.5334 45.7224 50.9320
14999.0000 0.0497 76.8976 50.0000 34.1486 45.4824 51.7539
15000.0000 0.0490 76.2723 50.0000 34.1078 44.8213 51.4312
15001.0000 0.0421 75.8781 50.0000 34.7955 44.4435 50.7104
15002.0000 0.0531 76.8650 50.0000 34.0449 44.9517 52.2353
15003.0000 0.0564 76.7321 50.0000 33.4801 45.1271 52.2536
15004.0000 0.0594 77.0537 50.0000 33.4602 45.0441 52.8083
15005.0000 0.0558 76.7629 50.0000 33.8311 44.6869 52.4507
15006.0000 0.0594 76.9244 50.0000 33.6413 44.5978 52.8834
15007.0000 0.0540 76.6420 50.0000 33.7774 44.9452 52.0865
15008.0000 0.0448 76.5283 50.0000 34.4158 45.5121 50.9979
15009.0000 0.0452 76.6823 50.0000 34.4322 45.6246 51.1175
15010.0000 0.0468 76.7456 50.0000 34.1328 45.9384 51.1322
15011.0000 0.0486 77.0501 50.0000 34.5031 45.2698 51.9316
15012.0000 0.0464 76.8243 50.0000 34.2717 45.8611 51.2267
15013.0000 0.0524 76.9663 50.0000 34.0942 45.1357 52.1936
15014.0000 0.0549 77.3095 50.0000 34.1758 44.9978 52.7634
15015.0000 0.0539 77.2451 50.0000 34.5478 44.5008 52.8482
15016.0000 0.0560 77.4112 50.0000 34.6997 44.1496 53.2845
15017.0000 0.0560 77.4695 50.0000 34.8963 43.9417 53.4124
15018.0000 0.0483 77.3189 50.0000 35.1040 44.6767 52.4396
15019.0000 0.0495 76.8822 50.0000 35.0832 43.9502 52.4254
15020.0000 0.0498 77.1762 50.0000 35.0304 44.3525 52.5538
15021.0000 0.0489 77.4568 50.0000 34.6943 45.4270 52.2709
15022.0000 0.0520 77.6470 50.0000 34.2907 45.7856 52.5061
15023.0000 0.0460 77.6323 50.0000 34.8994 45.9101 51.9718
15024.0000 0.0481 78.1013 50.0000 35.0290 45.9033 52.5897
15025.0000 0.0471 78.0628 50.0000 34.7278 46.6459 52.0763
15026.0000 0.0486 77.6506 50.0000 34.7231 45.7146 52.2885
15027.0000 0.0536 77.8886 50.0000 34.3065 45.7814 52.8561
15028.0000 0.0563 78.0766 50.0000 34.0934 45.8837 53.1815
15029.0000 0.0594 78.2245 50.0000 33.8197 45.9736 53.4951
15030.0000 0.0654 78.3340 50.0000 33.7022 45.3041 54.2948
15031.0000 0.0587 78.2621 50.0000 34.1288 45.6523 53.6288
15032.0000 0.0640 78.5592 50.0000 34.0818 45.2361 54.4396
15033.0000 0.0607 78.6029 50.0000 34.4096 45.3125 54.2326
15034.0000 0.0645 78.6689 50.0000 34.1522 45.1875 54.5942
15035.0000 0.0695 78.4162 50.0000 33.8205 44.6407 54.8862
15036.0000 0.0680 77.8326 50.0000 34.2454 43.5957 54.6314
15037.0000 0.0715 78.5218 50.0000 34.1168 44.0856 55.3008
15038.0000 0.0735 78.6066 50.0000 33.6777 44.5153 55.3461
15039.0000 0.0837 79.3335 50.0000 33.4724 44.3163 56.6521
15040.0000 0.0829 79.3871 50.0000 33.7183 44.1570 56.7058
15041.0000 0.0825 79.2953 50.0000 33.7886 44.0181 56.6435
15042.0000 0.0819 79.4134 50.0000 33.2160 44.9520 56.4137
15043.0000 0.0863 79.5433 50.0000 33.3633 44.3716 56.9665
15044.0000 0.0860 79.6947 50.0000 33.5051 44.3911 57.0796
15045.0000 0.0859 79.6497 50.0000 33.8774 43.8909 57.1837
15046.0000 0.0776 79.7663 50.0000 34.3272 44.4436 56.6486
15047.0000 0.0806 79.8038 50.0000 34.2157 44.2569 56.9145
15048.0000 0.0803 79.6044 50.0000 33.9962 44.3577 56.6879
15049.0000 0.0727 79.2861 50.0000 34.4971 44.3004 55.9795
15050.0000 0.0735 79.2140 50.0000 33.8584 44.9654 55.7367
15051.0000 0.0822 79.6872 50.0000 33.3123 45.0914 56.6313
15052.0000 0.0808 79.7570 50.0000 33.5604 45.0260 56.6351
15053.0000 0.0756 79.5951 50.0000 33.7788 45.2185 56.1217
15054.0000 0.0667 79.2262 50.0000 34.1507 45.5264 55.1169
15055.0000 0.0688 79.9430 50.0000 34.4791 45.5998 55.8814
15056.0000 0.0671 80.1082 50.0000 34.8015 45.5851 55.9301
15057.0000 0.0625 79.6581 50.0000 35.0812 45.3363 55.3113
15058.0000 0.0602 79.4686 50.0000 34.8511 45.7876 54.8102
15059.0000 0.0588 79.5429 50.0000 34.7672 46.2402 54.5908
15060.0000 0.0703 79.8573 50.0000 34.4296 45.3619 55.9830
15061.0000 0.0626 79.5790 50.0000 35.0516 45.2724 55.2686
15062.0000 0.0659 79.4304 50.0000 34.8311 44.9209 55.4806
15063.0000 0.0664 79.0773 50.0000 35.1891 43.9796 55.5044
15064.0000 0.0599 78.5429 50.0000 35.6167 43.6769 54.7062
15065.0000 0.0674 79.2027 50.0000 35.6689 43.3878 55.8417
15066.0000 0.0644 79.0448 50.0000 35.3640 43.9825 55.3444
15067.0000 0.0555 78.7223 50.0000 35.9688 44.0296 54.4503
15068.0000 0.0628 78.9720 50.0000 35.8253 43.5111 55.3165
15069.0000 0.0571 78.6381 50.0000 36.4975 43.0400 54.7671
15070.0000 0.0561 78.3559 50.0000 36.3670 43.0096 54.4725
15071.0000 0.0550 77.9896 50.0000 36.1220 43.0581 54.0700
15072.0000 0.0557 77.6332 50.0000 35.5553 43.2853 53.7504
15073.0000 0.0502 77.1946 50.0000 35.5636 43.5368 52.9035
15074.0000 0.0456 76.9099 50.0000 36.2897 42.8949 52.5187
15075.0000 0.0415 77.0988 50.0000 36.6047 43.3288 52.2201
15076.0000 0.0335 76.9396 50.0000 36.9766 43.9942 51.1561
15077.0000 0.0364 76.7368 50.0000 37.0956 43.0430 51.5728
15078.0000 0.0333 76.6416 50.0000 36.9909 43.6205 51.0181
15079.0000 0.0378 76.8753 50.0000 37.0081 43.1035 51.7909
15080.0000 0.0355 76.7721 50.0000 37.3344 42.9105 51.5635
15081.0000 0.0301 76.7367 50.0000 37.6307 43.4118 50.8712
15082.0000 0.0273 76.7362 50.0000 37.6851 43.8872 50.4201
15083.0000 0.0267 77.3756 50.0000 37.9061 44.5338 50.6641
15084.0000 0.0279 77.6762 50.0000 37.9953 44.5319 51.0574
15085.0000 0.0282 77.2714 50.0000 37.5078 44.7146 50.6423
15086.0000 0.0283 77.1993 50.0000 37.5613 44.4994 50.6822
15087.0000 0.0271 76.8642 50.0000 37.6048 44.2405 50.3663
15088.0000 0.0184 76.5145 50.0000 38.8207 43.8714 49.2211
15089.0000 0.0174 76.7835 50.0000 38.7829 44.6254 48.9915
15090.0000 0.0176 77.1188 50.0000 38.9974 44.6759 49.3009
15091.0000 0.0218 77.3478 50.0000 38.3477 44.9802 49.8891
15092.0000 0.0268 77.3801 50.0000 37.9003 44.5293 50.6793
15093.0000 0.0220 77.1408 50.0000 38.1649 44.9529 49.7332
15094.0000 0.0183 77.4363 50.0000 39.1775 44.6111 49.7127
15095.0000 0.0210 77.1182 50.0000 38.4933 44.5810 49.7797
15096.0000 0.0263 77.8859 50.0000 37.6476 45.8809 50.4363
15097.0000 0.0296 77.7269 50.0000 37.1571 45.6785 50.7375
15098.0000 0.0297 77.7028 50.0000 36.7679 46.4745 50.2589
15099.0000 0.0294 77.5275 50.0000 36.9642 45.8054 50.4581
15100.0000 0.0321 77.2816 50.0000 36.6975 45.2444 50.7807
15101.0000 0.0311 77.4974 50.0000 37.0919 45.0878 50.9621
15102.0000 0.0344 77.7775 50.0000 37.0333 44.8523 51.6347
15103.0000 0.0332 77.2693 50.0000 36.4847 45.3562 50.8156
15104.0000 0.0388 77.7818 50.0000 35.8513 45.9773 51.4857
15105.0000 0.0413 77.9061 50.0000 35.7046 45.8482 51.8892
15106.0000 0.0371 77.2947 50.0000 35.6559 46.0721 50.7984
15107.0000 0.0405 77.6006 50.0000 35.3787 46.2213 51.3205
15108.0000 0.0395 77.6563 50.0000 35.3409 46.6944 51.0015
15109.0000 0.0364 77.3555 50.0000 35.3972 47.0774 50.1460
15110.0000 0.0373 77.3282 50.0000 35.1983 47.2900 50.0438
15111.0000 0.0400 77.8952 50.0000 35.2416 47.2145 50.9557
15112.0000 0.0387 77.6270 50.0000 35.1738 47.3977 50.4203
15113.0000 0.0336 77.5371 50.0000 35.9057 47.0355 50.1043
15114.0000 0.0307 77.1723 50.0000 36.5374 45.7880 50.2398
15115.0000 0.0352 77.2829 50.0000 35.7506 46.4046 50.4099
15116.0000 0.0336 77.2225 50.0000 36.0190 46.1636 50.3474
15117.0000 0.0351 77.4107 50.0000 36.2096 45.6208 50.9904
15118.0000 0.0329 77.2226 50.0000 36.4530 45.4384 50.6937
15119.0000 0.0404 77.6268 50.0000 36.1170 44.9269 51.9909
15120.0000 0.0415 77.6569 50.0000 35.9697 44.9959 52.0782
15121.0000 0.0409 77.3690 50.0000 35.9634 44.7386 51.8753
15122.0000 0.0407 77.3654 50.0000 35.8502 44.9541 51.7619
15123.0000 0.0417 77.4891 50.0000 35.5986 45.3525 51.7730
15124.0000 0.0405 77.6303 50.0000 35.9052 45.2689 51.8461
15125.0000 0.0366 77.5934 50.0000 36.4550 45.0944 51.5583
15126.0000 0.0397 77.7569 50.0000 36.2524 45.0292 52.0026
15127.0000 0.0390 77.6687 50.0000 36.3726 44.8356 51.9542
15128.0000 0.0399 77.9094 50.0000 36.6058 44.6210 52.3341
15129.0000 0.0425 77.7514 50.0000 36.1223 44.6849 52.3804
15130.0000 0.0482 77.8181 50.0000 36.4132 43.4337 53.3221
15131.0000 0.0445 77.4012 50.0000 36.4397 43.4548 52.6762
15132.0000 0.0415 77.6827 50.0000 36.6751 43.9434 52.5216
15133.0000 0.0373 77.4206 50.0000 36.5514 44.5632 51.6921
15134.0000 0.0374 77.3338 50.0000 36.1529 45.0800 51.3934
15135.0000 0.0462 77.5272 50.0000 35.6161 44.5209 52.5342
15136.0000 0.0447 77.8742 50.0000 35.9383 44.7281 52.6519
15137.0000 0.0409 78.0803 50.0000 36.7328 44.4700 52.6276
15138.0000 0.0416 78.0979 50.0000 36.4084 44.8486 52.5577
15139.0000 0.0424 77.9938 50.0000 36.1139 45.0455 52.4378
15140.0000 0.0378 78.2237 50.0000 36.4694 45.6823 51.9813
15141.0000 0.0295 77.7831 50.0000 37.2270 45.6428 50.8045
15142.0000 0.0265 77.7537 50.0000 37.9710 44.9994 50.7828
15143.0000 0.0253 78.0061 50.0000 38.2119 45.2585 50.7589
15144.0000 0.0281 78.1498 50.0000 37.7346 45.6039 51.0272
15145.0000 0.0290 78.0832 50.0000 37.6161 45.4961 51.1088
15146.0000 0.0334 78.2744 50.0000 37.2251 45.4174 51.7537
15147.0000 0.0361 78.7042 50.0000 37.1252 45.6036 52.3105
15148.0000 0.0352 79.2121 50.0000 37.3780 46.0670 52.4907
15149.0000 0.0293 78.7379 50.0000 37.9554 45.7489 51.6342
15150.0000 0.0338 79.0643 50.0000 37.6330 45.7441 52.3679
15151.0000 0.0303 78.8180 50.0000 37.9388 45.6740 51.8345
15152.0000 0.0315 79.2011 50.0000 37.8312 46.1106 52.1098
15153.0000 0.0350 79.0257 50.0000 37.7613 45.2235 52.6685
15154.0000 0.0392 79.0398 50.0000 37.0419 45.5584 52.9114
15155.0000 0.0382 78.9529 50.0000 37.0253 45.6603 52.7051
15156.0000 0.0338 78.7619 50.0000 37.2710 45.9475 51.9917
15157.0000 0.0348 78.9319 50.0000 37.1980 46.0750 52.1885
15158.0000 0.0415 79.0968 50.0000 36.1957 46.5965 52.6778
15159.0000 0.0367 78.5496 50.0000 36.5086 46.3629 51.8425
15160.0000 0.0336 78.7635 50.0000 36.8996 46.7261 51.5635
15161.0000 0.0327 78.8430 50.0000 37.1329 46.6196 51.6138
15162.0000 0.0303 79.0090 50.0000 37.4589 46.8851 51.3910
15163.0000 0.0349 79.1880 50.0000 37.0858 46.6351 52.1590
15164.0000 0.0368 79.2945 50.0000 37.0094 46.4761 52.5156
15165.0000 0.0442 79.6633 50.0000 36.7229 45.9130 53.7557
15166.0000 0.0440 80.0555 50.0000 36.7699 46.3922 53.8945
15167.0000 0.0427 80.2553 50.0000 36.9987 46.5403 53.9074
15168.0000 0.0405 80.4305 50.0000 37.3168 46.6982 53.8125
15169.0000 0.0461 80.4063 50.0000 36.6222 46.7037 54.2471
15170.0000 0.0478 80.4923 50.0000 37.3258 45.4438 54.9605
15171.0000 0.0452 79.8503 50.0000 36.7418 45.9373 53.9989
15172.0000 0.0431 79.6346 50.0000 36.4398 46.5782 53.3318
15173.0000 0.0430 79.5271 50.0000 36.4103 46.4916 53.2670
15174.0000 0.0443 79.8382 50.0000 36.3329 46.7919 53.5218
15175.0000 0.0471 80.1261 50.0000 36.2744 46.7048 54.0650
15176.0000 0.0496 80.0823 50.0000 35.9426 46.7190 54.2092
15177.0000 0.0507 80.3359 50.0000 36.0113 46.7158 54.5406
15178.0000 0.0454 80.3147 50.0000 36.8442 46.3563 54.2590
15179.0000 0.0443 80.5995 50.0000 36.7703 47.0679 54.1187
15180.0000 0.0370 79.8828 50.0000 37.6983 46.0612 53.2772
15181.0000 0.0364 79.6739 50.0000 37.5580 46.1268 53.0061
15182.0000 0.0410 80.2798 50.0000 37.2815 46.4658 53.8132
15183.0000 0.0394 80.2450 50.0000 37.1069 47.0459 53.3762
15184.0000 0.0386 80.1258 50.0000 37.3211 46.6916 53.3590
15185.0000 0.0374 80.0463 50.0000 37.1808 47.1139 52.9649
15186.0000 0.0321 79.6999 50.0000 37.7608 46.8136 52.2942
15187.0000 0.0349 79.9521 50.0000 37.2978 47.3868 52.4947
15188.0000 0.0370 79.8842 50.0000 37.0054 47.3013 52.6752
15189.0000 0.0425 80.0890 50.0000 36.5811 47.0895 53.4664
15190.0000 0.0391 80.3195 50.0000 36.9612 47.5155 53.1730
15191.0000 0.0401 80.1689 50.0000 36.7444 47.4563 53.1489
15192.0000 0.0398 80.2518 50.0000 36.6941 47.7761 53.0221
15193.0000 0.0426 80.7625 50.0000 37.0823 47.1211 54.1026
15194.0000 0.0440 80.5659 50.0000 36.9514 46.7849 54.1906
15195.0000 0.0421 80.6574 50.0000 37.0540 47.1203 53.9657
15196.0000 0.0362 80.6447 50.0000 37.9471 46.8597 53.5515
15197.0000 0.0382 80.7880 50.0000 37.9963 46.5386 54.0106
15198.0000 0.0332 80.6188 50.0000 38.4526 46.6318 53.3503
15199.0000 0.0350 80.5309 50.0000 38.1997 46.5448 53.4751
15200.0000 0.0328 80.3147 50.0000 38.0225 47.0605 52.8210
15201.0000 0.0373 80.2885 50.0000 37.3613 47.1381 53.1824
15202.0000 0.0326 79.9417 50.0000 37.5411 47.5084 52.1948
15203.0000 0.0310 79.9261 50.0000 37.6319 47.8065 51.8321
15204.0000 0.0316 79.8533 50.0000 37.2905 48.3668 51.4453
15205.0000 0.0315 79.7583 50.0000 37.7795 47.0521 52.1554
15206.0000 0.0320 79.3226 50.0000 37.7339 46.3521 52.1507
15207.0000 0.0306 79.3141 50.0000 37.5179 47.1662 51.5605
15208.0000 0.0316 79.7027 50.0000 37.7581 46.9820 52.1492
15209.0000 0.0288 79.3417 50.0000 37.8340 47.0679 51.4617
15210.0000 0.0240 79.4064 50.0000 38.8449 46.5237 51.3030
15211.0000 0.0222 79.3472 50.0000 39.1645 46.3663 51.1104
15212.0000 0.0244 79.2167 50.0000 38.7023 46.3829 51.2448
15213.0000 0.0232 79.1245 50.0000 38.7562 46.5037 50.9515
15214.0000 0.0204 78.8828 50.0000 39.3069 45.9176 50.6857
15215.0000 0.0220 78.6315 50.0000 39.0360 45.5760 50.8128
15216.0000 0.0244 78.6891 50.0000 38.6981 45.6174 51.1222
15217.0000 0.0234 78.4736 50.0000 38.7870 45.3966 50.9198
15218.0000 0.0214 78.1293 50.0000 39.2627 44.6332 50.7002
15219.0000 0.0234 77.9555 50.0000 38.8144 44.6305 50.7801
15220.0000 0.0244 77.6874 50.0000 39.0876 43.6646 50.9988
15221.0000 0.0261 77.0992 50.0000 37.9962 44.1578 50.5041
15222.0000 0.0258 77.4813 50.0000 37.8646 44.9861 50.4567
15223.0000 0.0273 77.7333 50.0000 37.9306 44.8661 50.8996
15224.0000 0.0237 77.7050 50.0000 38.3340 45.0211 50.4151
15225.0000 0.0261 77.5696 50.0000 37.8064 45.1374 50.5009
15226.0000 0.0298 78.1112 50.0000 37.8861 44.8835 51.4925
15227.0000 0.0323 78.2475 50.0000 37.2731 45.5538 51.5580
15228.0000 0.0283 77.9930 50.0000 37.2668 46.2711 50.5280
15229.0000 0.0248 77.4249 50.0000 37.4477 46.0591 49.7076
15230.0000 0.0247 77.7115 50.0000 37.6626 46.0879 49.9651
15231.0000 0.0273 77.9927 50.0000 37.2784 46.5668 50.2465
15232.0000 0.0240 78.1093 50.0000 37.8605 46.5780 49.9814
15233.0000 0.0252 77.8916 50.0000 37.3701 47.0249 49.5907
15234.0000 0.0252 77.5889 50.0000 37.3724 46.3828 49.7189
15235.0000 0.0296 77.2515 50.0000 36.6381 46.0488 50.0496
15236.0000 0.0318 77.4347 50.0000 36.4343 46.1166 50.4175
15237.0000 0.0317 77.5280 50.0000 36.8757 45.3848 50.9019
15238.0000 0.0275 77.3660 50.0000 37.0284 45.9919 49.9914
15239.0000 0.0266 77.2896 50.0000 37.5999 44.9618 50.3822
15240.0000 0.0210 77.6273 50.0000 38.6469 45.0699 50.0112
15241.0000 0.0223 77.5411 50.0000 38.0771 45.6747 49.7652
15242.0000 0.0198 77.4515 50.0000 38.6110 45.2372 49.6136
15243.0000 0.0237 77.7833 50.0000 38.1948 45.3935 50.3074
15244.0000 0.0282 77.9472 50.0000 37.9621 44.8898 51.1815
15245.0000 0.0276 78.1430 50.0000 38.2847 44.7653 51.3487
15246.0000 0.0295 78.4191 50.0000 37.8721 45.4093 51.5097
15247.0000 0.0260 78.3187 50.0000 38.2336 45.4739 51.0308
15248.0000 0.0327 78.4460 50.0000 37.5770 45.2145 51.9364
15249.0000 0.0271 78.3370 50.0000 38.2064 45.2883 51.2439
15250.0000 0.0259 77.9402 50.0000 38.1739 45.0611 50.8617
15251.0000 0.0254 78.2892 50.0000 38.3298 45.4175 50.9636
15252.0000 0.0300 78.5702 50.0000 38.1830 44.9897 51.8774
15253.0000 0.0292 78.6777 50.0000 38.2399 45.2177 51.8002
15254.0000 0.0335 78.5992 50.0000 38.2486 44.2455 52.5092
15255.0000 0.0314 77.9364 50.0000 37.5860 44.7947 51.5249
15256.0000 0.0300 77.9862 50.0000 38.1615 44.2537 51.6446
15257.0000 0.0309 77.9681 50.0000 38.2277 43.9719 51.8087
15258.0000 0.0327 78.0637 50.0000 37.8663 44.2692 51.9647
15259.0000 0.0298 77.9605 50.0000 38.1522 44.2685 51.5998
15260.0000 0.0301 78.4275 50.0000 38.2513 44.6791 51.8795
15261.0000 0.0283 78.0662 50.0000 37.9156 45.1143 51.2000
15262.0000 0.0219 77.9175 50.0000 38.7529 45.0502 50.3968
15263.0000 0.0264 78.1213 50.0000 38.0630 45.4121 50.9105
15264.0000 0.0243 77.6708 50.0000 38.6773 44.2571 50.7754
15265.0000 0.0279 77.9665 50.0000 38.3978 44.2930 51.4054
15266.0000 0.0271 77.6029 50.0000 38.1281 44.4075 50.9553
15267.0000 0.0274 77.3983 50.0000 37.8629 44.4884 50.7709
15268.0000 0.0291 77.9212 50.0000 38.1003 44.4520 51.4208
15269.0000 0.0390 78.2305 50.0000 36.9316 44.7124 52.5060
15270.0000 0.0373 78.2713 50.0000 37.1833 44.6969 52.4022
15271.0000 0.0405 78.3572 50.0000 36.5436 45.1868 52.5602
15272.0000 0.0400 78.1935 50.0000 36.3575 45.3804 52.2779
15273.0000 0.0375 78.1725 50.0000 36.8366 45.0698 52.1797
15274.0000 0.0388 77.8856 50.0000 36.4321 45.0791 52.0264
15275.0000 0.0496 78.0424 50.0000 35.7137 44.4599 53.2774
15276.0000 0.0456 77.7678 50.0000 35.9119 44.4900 52.7143
15277.0000 0.0451 77.9710 50.0000 36.2392 44.3399 52.9166
15278.0000 0.0533 78.5953 50.0000 36.6268 43.3306 54.3889
15279.0000 0.0481 78.4932 50.0000 36.4385 44.2121 53.6537
15280.0000 0.0510 78.4910 50.0000 36.0248 44.3317 53.8308
15281.0000 0.0439 78.2966 50.0000 36.5482 44.4915 53.0575
15282.0000 0.0422 77.5079 50.0000 36.3925 44.0260 52.3905
15283.0000 0.0415 77.5298 50.0000 36.1840 44.4772 52.1859
15284.0000 0.0465 77.8301 50.0000 35.7050 44.7146 52.7569
15285.0000 0.0450 77.4687 50.0000 35.5128 44.8323 52.2524
15286.0000 0.0452 77.8046 50.0000 35.5984 45.0908 52.4703
15287.0000 0.0465 77.8631 50.0000 35.4456 45.1735 52.5892
15288.0000 0.0514 77.8866 50.0000 34.8034 45.3461 52.9035
15289.0000 0.0526 78.3750 50.0000 34.4468 46.4047 52.9402
15290.0000 0.0534 78.7872 50.0000 34.5100 46.6916 53.2576
15291.0000 0.0506 78.3021 50.0000 34.6514 46.3399 52.7553
15292.0000 0.0462 77.6571 50.0000 34.9920 45.7407 52.0958
15293.0000 0.0412 77.8079 50.0000 35.6077 45.9119 51.7519
15294.0000 0.0392 77.3577 50.0000 35.3606 46.2412 50.9469
15295.0000 0.0452 77.4622 50.0000 35.0596 45.5484 51.9284
15296.0000 0.0418 77.1070 50.0000 35.4032 45.1601 51.5041
15297.0000 0.0424 77.4624 50.0000 35.5597 45.2457 51.8532
15298.0000 0.0416 77.4232 50.0000 35.3157 45.8127 51.4621
15299.0000 0.0428 77.4114 50.0000 35.0530 46.0392 51.4218
15300.0000 0.0411 77.6029 50.0000 35.4555 45.9338 51.5287
15301.0000 0.0421 77.7928 50.0000 35.2683 46.3447 51.5756
15302.0000 0.0443 77.8599 50.0000 34.9864 46.4812 51.7456
15303.0000 0.0464 78.0182 50.0000 34.7696 46.6621 51.9669
15304.0000 0.0434 77.8435 50.0000 35.1912 46.2498 51.7895
15305.0000 0.0433 77.7341 50.0000 35.0270 46.4587 51.5489
15306.0000 0.0478 78.0032 50.0000 34.5419 46.7572 52.0108
15307.0000 0.0521 78.8231 50.0000 33.9559 48.2985 52.2239
15308.0000 0.0533 78.8162 50.0000 33.7792 48.4024 52.2318
15309.0000 0.0499 78.9221 50.0000 34.1543 48.7293 51.8424
15310.0000 0.0483 78.5841 50.0000 34.1831 48.6185 51.4122
15311.0000 0.0407 78.1136 50.0000 34.9460 48.3950 50.3829
15312.0000 0.0424 78.3860 50.0000 34.8524 48.4945 50.7735
15313.0000 0.0397 78.4387 50.0000 35.1683 48.8987 50.2467
15314.0000 0.0407 78.6993 50.0000 35.1454 49.1555 50.4194
15315.0000 0.0410 78.4955 50.0000 34.9820 49.2582 50.1142
15316.0000 0.0413 78.5186 50.0000 34.9942 48.9065 50.4850
15317.0000 0.0431 78.4307 50.0000 34.8058 48.4004 50.9640
15318.0000 0.0385 77.9149 50.0000 35.1682 48.1951 50.1114
15319.0000 0.0387 78.2273 50.0000 35.2505 48.5521 50.1957
15320.0000 0.0366 77.9113 50.0000 35.3647 48.7186 49.4571
15321.0000 0.0365 78.0546 50.0000 35.4372 48.9075 49.4448
15322.0000 0.0360 78.0116 50.0000 35.5894 48.1448 50.0129
15323.0000 0.0398 78.4815 50.0000 35.1890 48.8546 50.3419
15324.0000 0.0350 78.5131 50.0000 35.8776 48.9366 49.8228
15325.0000 0.0331 78.3846 50.0000 36.1292 48.6467 49.7225
15326.0000 0.0352 78.1017 50.0000 35.6754 48.6343 49.6170
15327.0000 0.0355 78.3008 50.0000 35.6930 49.1464 49.4130
15328.0000 0.0378 78.1875 50.0000 35.4152 48.2392 50.3193
15329.0000 0.0314 77.8527 50.0000 36.3476 47.2739 50.0506
15330.0000 0.0352 77.9540 50.0000 35.7093 47.9461 50.0284
15331.0000 0.0403 78.4832 50.0000 35.3174 48.0095 51.0625
15332.0000 0.0397 78.6525 50.0000 35.3897 48.4300 50.8756
15333.0000 0.0410 78.6931 50.0000 35.1174 48.9649 50.6143
15334.0000 0.0395 78.2942 50.0000 35.3298 47.9369 50.8314
15335.0000 0.0363 78.1742 50.0000 35.8885 47.2690 50.8809
15336.0000 0.0340 78.1117 50.0000 36.2707 46.9748 50.7861
15337.0000 0.0316 78.0118 50.0000 37.0601 45.7661 51.1650
15338.0000 0.0349 78.1456 50.0000 36.6165 45.9917 51.4853
15339.0000 0.0392 78.0877 50.0000 36.1009 45.8438 51.8919
15340.0000 0.0357 77.9206 50.0000 36.4350 45.8089 51.4359
15341.0000 0.0315 78.1891 50.0000 36.6451 47.0275 50.5873
15342.0000 0.0338 77.9711 50.0000 36.2886 46.7460 50.7684
15343.0000 0.0343 78.2402 50.0000 36.2119 47.2660 50.7559
15344.0000 0.0366 78.0211 50.0000 36.0148 46.6010 51.1719
15345.0000 0.0380 78.2779 50.0000 35.9018 46.8504 51.4153
15346.0000 0.0417 78.9077 50.0000 35.5875 47.5341 51.9660
15347.0000 0.0412 79.1731 50.0000 35.8080 47.6108 52.1476
15348.0000 0.0379 79.4954 50.0000 36.2243 48.2417 51.7693
15349.0000 0.0380 79.3934 50.0000 36.1526 48.1935 51.7078
15350.0000 0.0395 79.2927 50.0000 35.8848 48.2040 51.7300
15351.0000 0.0387 79.5498 50.0000 36.3153 47.8239 52.1752
15352.0000 0.0409 79.9516 50.0000 36.2968 47.8713 52.7556
15353.0000 0.0462 80.2735 50.0000 36.1269 47.3561 53.8152
15354.0000 0.0457 80.4707 50.0000 36.2270 47.5636 53.8595
15355.0000 0.0458 79.8932 50.0000 36.3645 46.4904 53.8442
15356.0000 0.0436 79.7952 50.0000 36.0877 47.3383 53.1417
15357.0000 0.0480 79.6287 50.0000 35.8852 46.5144 53.7531
15358.0000 0.0410 79.4945 50.0000 36.4551 46.8167 52.9018
15359.0000 0.0419 79.6176 50.0000 36.5834 46.5548 53.2285
15360.0000 0.0422 79.6452 50.0000 36.6120 46.4751 53.3196
15361.0000 0.0358 79.3002 50.0000 37.1810 46.4039 52.4669
15362.0000 0.0413 79.2174 50.0000 36.2903 46.6468 52.7492
15363.0000 0.0394 79.3724 50.0000 36.4062 47.1289 52.4732
15364.0000 0.0369 79.3608 50.0000 36.4173 47.8138 51.8243
15365.0000 0.0374 79.1651 50.0000 36.2203 47.8132 51.6633
15366.0000 0.0350 78.4512 50.0000 36.5662 46.5269 51.5050
15367.0000 0.0344 78.2510 50.0000 36.7321 46.0463 51.5142
15368.0000 0.0325 78.2257 50.0000 37.1722 45.6457 51.5166
15369.0000 0.0330 78.1752 50.0000 36.9039 45.9606 51.3526
15370.0000 0.0280 78.1110 50.0000 37.3883 46.2807 50.6117
15371.0000 0.0339 78.5528 50.0000 36.4460 47.3467 50.9953
15372.0000 0.0338 78.2631 50.0000 36.4371 46.8903 50.9780
15373.0000 0.0306 77.8782 50.0000 36.7250 46.5778 50.4657
15374.0000 0.0304 77.7571 50.0000 36.7139 46.4595 50.3961
15375.0000 0.0316 77.6941 50.0000 36.3226 46.9446 50.1322
15376.0000 0.0305 77.6537 50.0000 36.6295 46.4434 50.3130
15377.0000 0.0302 77.7483 50.0000 36.9328 46.0182 50.6269
15378.0000 0.0317 77.8408 50.0000 36.5002 46.7007 50.4576
15379.0000 0.0298 77.8328 50.0000 36.7921 46.6076 50.3192
15380.0000 0.0309 77.8303 50.0000 36.7917 46.2251 50.6673
15381.0000 0.0300 77.8604 50.0000 36.8537 46.4315 50.4793
15382.0000 0.0331 77.9243 50.0000 36.6861 45.9775 51.1116
15383.0000 0.0330 78.1122 50.0000 36.5653 46.5634 50.9544
15384.0000 0.0361 78.6219 50.0000 36.5325 46.5763 51.7438
15385.0000 0.0339 78.5934 50.0000 36.7166 46.7492 51.4133
15386.0000 0.0310 77.9496 50.0000 36.7834 46.4341 50.6655
15387.0000 0.0300 77.9566 50.0000 36.8354 46.6612 50.4294
15388.0000 0.0323 78.0902 50.0000 36.6863 46.4701 50.9188
15389.0000 0.0300 77.9169 50.0000 36.8290 46.6016 50.4278
15390.0000 0.0278 77.6315 50.0000 36.8797 46.7860 49.7756
15391.0000 0.0257 77.6276 50.0000 37.1631 46.8575 49.4906
15392.0000 0.0252 77.1621 50.0000 37.0147 46.5789 49.1355
15393.0000 0.0268 77.5001 50.0000 37.1143 46.2666 49.8818
15394.0000 0.0340 77.7801 50.0000 36.6118 45.6881 51.2046
15395.0000 0.0339 77.8256 50.0000 36.7842 45.4463 51.3652
15396.0000 0.0369 77.8917 50.0000 36.4241 45.5109 51.6640
15397.0000 0.0324 77.4835 50.0000 36.3357 46.2423 50.4486
15398.0000 0.0365 77.7153 50.0000 35.9422 46.2846 51.0447
15399.0000 0.0326 77.7561 50.0000 36.3984 46.4891 50.5957
15400.0000 0.0348 77.5105 50.0000 36.4800 45.3344 51.2044
15401.0000 0.0357 77.8895 50.0000 36.6429 45.3863 51.6155
15402.0000 0.0344 77.7459 50.0000 36.6606 45.4351 51.3428
15403.0000 0.0325 77.6300 50.0000 36.7809 45.4959 51.0266
15404.0000 0.0304 76.8845 50.0000 36.6716 45.1244 50.3013
15405.0000 0.0272 77.0511 50.0000 36.9683 45.7208 49.7978
15406.0000 0.0270 76.9513 50.0000 36.8208 45.9722 49.5206
15407.0000 0.0268 76.8297 50.0000 36.6776 46.2044 49.2210
15408.0000 0.0264 76.5663 50.0000 36.4678 46.5617 48.6261
15409.0000 0.0257 76.8805 50.0000 36.7043 46.8146 48.7012
15410.0000 0.0282 76.8077 50.0000 36.5613 45.9379 49.5217
15411.0000 0.0275 77.4421 50.0000 37.1104 45.9343 50.1013
15412.0000 0.0255 77.1295 50.0000 37.8381 44.6027 50.2777
15413.0000 0.0241 77.0885 50.0000 38.0637 44.5058 50.1302
15414.0000 0.0233 76.8973 50.0000 38.2000 44.1923 50.0100
15415.0000 0.0206 76.1458 50.0000 38.1217 43.9528 49.1230
15416.0000 0.0260 76.2599 50.0000 37.6168 43.6301 49.9697
15417.0000 0.0309 76.2715 50.0000 37.4584 42.9136 50.7211
15418.0000 0.0275 76.1749 50.0000 37.9924 42.6901 50.3661
15419.0000 0.0228 76.2113 50.0000 38.6916 42.6740 49.9004
15420.0000 0.0206 75.8116 50.0000 38.3965 43.0312 49.2080
15421.0000 0.0220 75.8257 50.0000 38.2877 42.9195 49.4116
15422.0000 0.0244 76.1006 50.0000 37.9926 43.2048 49.8118
15423.0000 0.0237 76.0241 50.0000 37.9835 43.2508 49.6617
15424.0000 0.0231 75.9937 50.0000 38.3441 42.8195 49.7118
15425.0000 0.0205 76.2563 50.0000 39.0837 42.6606 49.6746
15426.0000 0.0200 76.2919 50.0000 39.1264 42.7535 49.6158
15427.0000 0.0214 76.3437 50.0000 38.7379 43.0550 49.7393
15428.0000 0.0288 76.5241 50.0000 38.4301 42.2965 50.8928
15429.0000 0.0303 76.7573 50.0000 38.4247 42.3387 51.2119
15430.0000 0.0284 76.6960 50.0000 38.8016 42.1179 51.0176
15431.0000 0.0340 76.6822 50.0000 38.2665 41.8670 51.6042
15432.0000 0.0358 77.0020 50.0000 38.1496 42.0955 51.9796
15433.0000 0.0384 76.7868 50.0000 37.5139 42.2502 51.9985
15434.0000 0.0363 76.6705 50.0000 37.6166 42.3033 51.7086
15435.0000 0.0307 76.3779 50.0000 38.3614 41.9091 51.0452
15436.0000 0.0310 76.3726 50.0000 38.8852 41.2313 51.1927
15437.0000 0.0315 76.3677 50.0000 39.3312 40.6636 51.2987
15438.0000 0.0310 76.0083 50.0000 39.2089 40.4832 51.0003
15439.0000 0.0406 76.4324 50.0000 38.5853 40.3097 52.2323
15440.0000 0.0367 76.3959 50.0000 38.3623 41.0388 51.7735
15441.0000 0.0421 76.3295 50.0000 37.8338 40.8322 52.2257
15442.0000 0.0421 76.1942 50.0000 37.3257 41.2783 52.0427
15443.0000 0.0472 76.2469 50.0000 36.9285 41.1338 52.5156
15444.0000 0.0439 76.2012 50.0000 36.8671 41.5939 52.1285
15445.0000 0.0456 76.2638 50.0000 37.2247 41.0038 52.4327
15446.0000 0.0503 76.4761 50.0000 37.1341 40.7528 52.9986
15447.0000 0.0489 76.6376 50.0000 37.1270 41.1136 52.9583
15448.0000 0.0411 76.6438 50.0000 37.5460 41.6528 52.2457
15449.0000 0.0438 76.4607 50.0000 37.3691 41.2883 52.3933
15450.0000 0.0413 76.2923 50.0000 36.9161 41.9898 51.9092
15451.0000 0.0353 76.0034 50.0000 36.8682 42.6481 50.9744
15452.0000 0.0349 75.9419 50.0000 36.5458 43.0986 50.7354
15453.0000 0.0339 75.8399 50.0000 36.7960 42.7738 50.6768
15454.0000 0.0336 75.9263 50.0000 36.9024 42.7840 50.7204
15455.0000 0.0350 76.2775 50.0000 36.9157 42.9625 51.0854
15456.0000 0.0361 76.7140 50.0000 36.9114 43.3323 51.4285
15457.0000 0.0353 76.7536 50.0000 36.9993 43.3959 51.3709
15458.0000 0.0329 76.7297 50.0000 36.9660 43.8580 50.9650
15459.0000 0.0327 76.5586 50.0000 37.0681 43.5163 50.9265
15460.0000 0.0344 76.7421 50.0000 36.6763 44.0351 51.0402
15461.0000 0.0360 76.4147 50.0000 36.7590 43.1885 51.2127
15462.0000 0.0337 76.1249 50.0000 36.7343 43.2621 50.7345
15463.0000 0.0388 76.4053 50.0000 36.0591 43.7202 51.2450
15464.0000 0.0390 76.6996 50.0000 35.9363 44.2515 51.3149
15465.0000 0.0357 76.4961 50.0000 36.2359 44.1383 50.8962
15466.0000 0.0397 76.7329 50.0000 35.4297 45.0265 51.0420
15467.0000 0.0374 76.6793 50.0000 35.6983 44.9638 50.8292
15468.0000 0.0402 76.7602 50.0000 35.4668 44.8863 51.1806
15469.0000 0.0337 76.6139 50.0000 35.7340 45.7840 49.9658
15470.0000 0.0306 76.1949 50.0000 35.9744 45.4727 49.4341
15471.0000 0.0324 76.1584 50.0000 36.0679 44.6878 50.0221
15472.0000 0.0325 76.6097 50.0000 36.2359 45.0386 50.2745
15473.0000 0.0348 76.6571 50.0000 35.8112 45.3609 50.3612
15474.0000 0.0318 76.6935 50.0000 36.7741 44.3407 50.6306
15475.0000 0.0332 76.5737 50.0000 36.2225 44.8353 50.4108
15476.0000 0.0314 76.8323 50.0000 36.8786 44.4469 50.6719
15477.0000 0.0357 77.0996 50.0000 36.9042 43.8964 51.5318
15478.0000 0.0382 77.0678 50.0000 36.6796 43.7376 51.7792
15479.0000 0.0382 77.2095 50.0000 36.0907 44.8574 51.4450
15480.0000 0.0438 77.3174 50.0000 36.0033 44.0786 52.3338
15481.0000 0.0345 77.0942 50.0000 37.0765 43.8496 51.4399
15482.0000 0.0316 77.1532 50.0000 37.5223 43.8132 51.2357
15483.0000 0.0305 76.9148 50.0000 37.0037 44.5434 50.6210
15484.0000 0.0307 76.8726 50.0000 36.8332 44.7331 50.5140
15485.0000 0.0355 77.0349 50.0000 36.2504 44.9061 51.0266
15486.0000 0.0345 77.0412 50.0000 36.3783 44.9073 50.9440
15487.0000 0.0343 77.3857 50.0000 36.3107 45.5952 50.9033
15488.0000 0.0404 77.5462 50.0000 35.8608 45.2516 51.7659
15489.0000 0.0391 77.5175 50.0000 36.2542 44.8066 51.8359
15490.0000 0.0315 77.3720 50.0000 36.9354 45.0926 50.8809
15491.0000 0.0335 77.5137 50.0000 36.6345 45.3634 51.0729
15492.0000 0.0354 77.7357 50.0000 36.4929 45.5021 51.3875
15493.0000 0.0347 77.2690 50.0000 36.3248 45.2961 50.9830
15494.0000 0.0328 77.2804 50.0000 36.6066 45.2356 50.8522
15495.0000 0.0359 77.1825 50.0000 36.5821 44.4589 51.4033
15496.0000 0.0356 77.4053 50.0000 36.2988 45.3234 51.1837
15497.0000 0.0353 77.2004 50.0000 36.4211 44.8827 51.1756
15498.0000 0.0277 76.8194 50.0000 36.9168 45.2714 49.8886
15499.0000 0.0284 77.1488 50.0000 37.1804 45.0870 50.3659
15500.0000 0.0298 77.5292 50.0000 37.0329 45.5707 50.6225
15501.0000 0.0329 77.4782 50.0000 36.8550 45.0662 51.1235
15502.0000 0.0342 77.2178 50.0000 36.7543 44.5796 51.2287
15503.0000 0.0371 77.1763 50.0000 36.4677 44.4115 51.5162
15504.0000 0.0316 76.8466 50.0000 36.8603 44.4411 50.7120
15505.0000 0.0311 77.0815 50.0000 36.9330 44.7650 50.7307
15506.0000 0.0335 76.9577 50.0000 36.6267 44.5899 50.9186
15507.0000 0.0394 77.0007 50.0000 36.2278 44.1114 51.6801
15508.0000 0.0337 76.8412 50.0000 36.6772 44.2986 50.9607
15509.0000 0.0343 77.0374 50.0000 36.3129 45.0711 50.8403
15510.0000 0.0370 77.1844 50.0000 36.3777 44.5800 51.4463
15511.0000 0.0340 77.2533 50.0000 36.6723 44.8168 51.1339
15512.0000 0.0364 77.3094 50.0000 36.0168 45.5341 51.0507
15513.0000 0.0358 77.2133 50.0000 36.3947 44.8390 51.2521
15514.0000 0.0406 77.3123 50.0000 35.9619 44.7287 51.8003
15515.0000 0.0375 77.0680 50.0000 36.2016 44.6078 51.3718
15516.0000 0.0401 76.9795 50.0000 35.8375 44.5676 51.5292
15517.0000 0.0402 76.9200 50.0000 36.4017 43.6195 51.8549
15518.0000 0.0381 76.9656 50.0000 36.7371 43.5536 51.7414
15519.0000 0.0350 76.8479 50.0000 36.9585 43.6298 51.3431
15520.0000 0.0312 76.9631 50.0000 37.3369 43.9359 50.9795
15521.0000 0.0286 76.7642 50.0000 37.6088 43.7732 50.6185
15522.0000 0.0292 76.7210 50.0000 37.2258 44.1999 50.4650
15523.0000 0.0290 76.8042 50.0000 38.0723 43.0773 50.9287
15524.0000 0.0275 76.3730 50.0000 37.6829 43.3777 50.3112
15525.0000 0.0291 76.7117 50.0000 37.4910 43.7797 50.6207
15526.0000 0.0332 76.9002 50.0000 37.3585 43.4413 51.2916
15527.0000 0.0284 76.9694 50.0000 37.8190 43.7644 50.7808
15528.0000 0.0325 77.0233 50.0000 37.4755 43.5558 51.2940
15529.0000 0.0352 76.9026 50.0000 37.4255 43.0008 51.6166
15530.0000 0.0309 76.5006 50.0000 37.5370 43.1011 50.8490
15531.0000 0.0325 76.4882 50.0000 37.6179 42.6868 51.1192
15532.0000 0.0240 75.9132 50.0000 38.1717 42.7757 49.7591
15533.0000 0.0271 75.8878 50.0000 37.7844 42.6877 50.0905
15534.0000 0.0251 76.1050 50.0000 38.4141 42.4696 50.1265
15535.0000 0.0183 75.7133 50.0000 38.5975 43.1579 48.7867
15536.0000 0.0232 75.4514 50.0000 38.0626 42.4967 49.3780
15537.0000 0.0262 75.5809 50.0000 38.0623 42.1017 49.9117
15538.0000 0.0192 75.7547 50.0000 39.1145 42.2684 49.2159
15539.0000 0.0201 75.7233 50.0000 38.9703 42.2407 49.3057
15540.0000 0.0234 75.9214 50.0000 38.2713 42.7644 49.7048
15541.0000 0.0219 75.6632 50.0000 38.9655 41.8351 49.5624
15542.0000 0.0223 75.8919 50.0000 38.7339 42.3173 49.6842
15543.0000 0.0236 75.6921 50.0000 38.2877 42.4110 49.6452
15544.0000 0.0275 75.8523 50.0000 37.3701 43.1635 49.9395
15545.0000 0.0276 75.8290 50.0000 37.6981 42.6323 50.1137
15546.0000 0.0342 75.9530 50.0000 37.3785 42.0837 50.9968
15547.0000 0.0388 76.3150 50.0000 36.8671 42.4551 51.5980
15548.0000 0.0326 76.3969 50.0000 37.3435 42.9437 50.9685
15549.0000 0.0359 76.1773 50.0000 37.2518 42.2400 51.2939
15550.0000 0.0332 75.6271 50.0000 37.0612 42.2647 50.5927
15551.0000 0.0335 75.4770 50.0000 37.5546 41.4107 50.7108
15552.0000 0.0298 75.3460 50.0000 37.9356 41.3771 50.2578
15553.0000 0.0249 75.1598 50.0000 38.0489 41.8433 49.5016
15554.0000 0.0241 75.2145 50.0000 38.3764 41.6330 49.5093
15555.0000 0.0190 75.1244 50.0000 39.0916 41.5788 48.8542
15556.0000 0.0191 75.1045 50.0000 39.2040 41.3936 48.8907
15557.0000 0.0219 74.9835 50.0000 38.5271 41.5687 49.0941
15558.0000 0.0209 74.7344 50.0000 38.6428 41.3044 48.8458
15559.0000 0.0234 74.9133 50.0000 38.1503 41.6855 49.1821
15560.0000 0.0231 75.2496 50.0000 38.5092 41.6830 49.4172
15561.0000 0.0213 75.2450 50.0000 38.7509 41.7113 49.1971
15562.0000 0.0218 75.3466 50.0000 38.8894 41.5614 49.3699
15563.0000 0.0228 75.5960 50.0000 38.5730 42.0693 49.5688
15564.0000 0.0226 75.7270 50.0000 38.2349 42.7262 49.4686
15565.0000 0.0268 75.5636 50.0000 37.7031 42.4546 49.8593
15566.0000 0.0304 75.7112 50.0000 36.8878 43.1317 50.1113
15567.0000 0.0260 75.4305 50.0000 37.3577 42.9398 49.5008
15568.0000 0.0230 75.5142 50.0000 37.4122 43.6312 48.9800
15569.0000 0.0215 75.3389 50.0000 38.0213 42.7743 48.9968
15570.0000 0.0185 75.0288 50.0000 38.6067 42.1812 48.5757
15571.0000 0.0189 74.8257 50.0000 38.3279 42.2222 48.4472
15572.0000 0.0265 75.5092 50.0000 37.9517 42.1027 49.8865
15573.0000 0.0250 75.2181 50.0000 37.9238 42.0635 49.4996
15574.0000 0.0230 75.8137 50.0000 38.4593 42.4497 49.6651
15575.0000 0.0216 76.2522 50.0000 38.8190 42.7910 49.7636
15576.0000 0.0217 76.4775 50.0000 39.2085 42.5364 50.0215
15577.0000 0.0193 76.3150 50.0000 39.5235 42.4063 49.6344
15578.0000 0.0214 76.2784 50.0000 39.1601 42.4143 49.8589
15579.0000 0.0220 76.4847 50.0000 39.0696 42.6745 50.0235
15580.0000 0.0210 76.1995 50.0000 38.6113 43.1398 49.5428
15581.0000 0.0200 76.2936 50.0000 38.8554 43.1416 49.4953
15582.0000 0.0186 75.7369 50.0000 38.7074 42.9494 48.9200
15583.0000 0.0212 76.0447 50.0000 38.5323 43.0238 49.4673
15584.0000 0.0219 75.7616 50.0000 38.5480 42.4963 49.4766
15585.0000 0.0156 76.0746 50.0000 39.6386 42.7655 48.8593
15586.0000 0.0156 75.6421 50.0000 39.2347 42.7668 48.5115
15587.0000 0.0181 75.9721 50.0000 38.7280 43.3490 48.9159
15588.0000 0.0171 75.6321 50.0000 38.4138 43.6433 48.3721
15589.0000 0.0163 76.2220 50.0000 38.5478 44.5518 48.3631
15590.0000 0.0162 75.9125 50.0000 38.7084 43.8146 48.4215
15591.0000 0.0160 76.1793 50.0000 39.0440 43.6796 48.6923
15592.0000 0.0208 76.4427 50.0000 38.8891 43.1045 49.7306
15593.0000 0.0215 76.6634 50.0000 38.9745 43.1158 49.9929
15594.0000 0.0228 76.8622 50.0000 39.1875 42.8205 50.3839
15595.0000 0.0236 76.9779 50.0000 39.2739 42.7048 50.5911
15596.0000 0.0197 76.6503 50.0000 39.1936 43.1826 49.7433
15597.0000 0.0188 76.2843 50.0000 38.8814 43.3629 49.2666
15598.0000 0.0158 75.9191 50.0000 39.2176 43.1132 48.6511
15599.0000 0.0124 75.7519 50.0000 39.3934 43.5592 47.8446
15600.0000 0.0130 75.4007 50.0000 39.1301 43.3045 47.7370
15601.0000 0.0122 75.4546 50.0000 39.4685 43.0637 47.7614
15602.0000 0.0105 75.4589 50.0000 40.1944 42.5190 47.6507
15603.0000 0.0112 75.4689 50.0000 40.5268 41.9341 47.9026
15604.0000 0.0107 75.5330 50.0000 40.1761 42.5680 47.7397
15605.0000 0.0080 75.7554 50.0000 40.2586 43.6644 47.0270
15606.0000 0.0068 75.5182 50.0000 40.3952 43.5661 46.6177
15607.0000 0.0057 75.8723 50.0000 40.7453 43.9923 46.4878
15608.0000 0.0081 75.9548 50.0000 40.5316 43.4585 47.3041
15609.0000 0.0092 76.3255 50.0000 39.9806 44.5885 47.3180
15610.0000 0.0088 76.0821 50.0000 40.0175 44.2658 47.1978
15611.0000 0.0123 76.3172 50.0000 39.4579 44.3420 47.9707
15612.0000 0.0099 76.4266 50.0000 39.8892 44.6437 47.5059
15613.0000 0.0093 76.5522 50.0000 40.2310 44.4134 47.6357
15614.0000 0.0084 76.1068 50.0000 40.0121 44.5211 47.0017
15615.0000 0.0082 76.2676 50.0000 40.2722 44.3663 47.1861
15616.0000 0.0091 76.4012 50.0000 40.0575 44.6279 47.3381
15617.0000 0.0096 76.3819 50.0000 40.0042 44.4534 47.5157
15618.0000 0.0076 76.3780 50.0000 40.3456 44.7122 46.9751
15619.0000 0.0082 76.3567 50.0000 40.3713 44.3018 47.3059
15620.0000 0.0081 76.1608 50.0000 40.0151 44.8508 46.7725
15621.0000 0.0072 76.2086 50.0000 40.3020 44.7126 46.7363
15622.0000 0.0071 76.8329 50.0000 40.6745 45.0710 47.0902
15623.0000 0.0041 76.8101 50.0000 41.5249 45.0412 46.3333
15624.0000 0.0047 76.5381 50.0000 41.2587 44.6531 46.4963
15625.0000 0.0067 76.6811 50.0000 40.6768 45.0199 46.8892
15626.0000 0.0077 76.3696 50.0000 40.0389 45.9327 46.0368
15627.0000 0.0079 76.6295 50.0000 40.3990 44.8509 47.2058
15628.0000 0.0136 76.6069 50.0000 39.0965 45.0857 48.0350
15629.0000 0.0114 76.4690 50.0000 39.4913 44.9310 47.6357
15630.0000 0.0144 76.3037 50.0000 38.9365 44.5857 48.1489
15631.0000 0.0164 76.0754 50.0000 38.4725 44.4328 48.3018
15632.0000 0.0120 76.3873 50.0000 39.3291 44.8876 47.6797
15633.0000 0.0153 76.3694 50.0000 38.6998 44.8457 48.2026
15634.0000 0.0129 75.9629 50.0000 38.9062 44.7040 47.5208
15635.0000 0.0124 76.3045 50.0000 39.3470 44.4927 47.9018
15636.0000 0.0106 76.1356 50.0000 39.5193 44.6348 47.3560
15637.0000 0.0137 76.2685 50.0000 38.9363 44.8172 47.8775
15638.0000 0.0151 76.4372 50.0000 38.8744 44.6618 48.3399
15639.0000 0.0115 76.6847 50.0000 39.3543 45.7081 47.3555
15640.0000 0.0098 76.7704 50.0000 39.9102 45.2836 47.4369
15641.0000 0.0101 76.6501 50.0000 39.7499 45.3348 47.3280
15642.0000 0.0090 76.5642 50.0000 39.9638 45.1932 47.1438
15643.0000 0.0062 76.4268 50.0000 40.4990 45.6612 45.9994
15644.0000 0.0088 76.7257 50.0000 39.9470 46.0760 46.5626
15645.0000 0.0123 76.9237 50.0000 39.2173 46.3354 47.2471
15646.0000 0.0086 76.3202 50.0000 39.8789 45.2518 46.7623
15647.0000 0.0104 76.6036 50.0000 39.6733 45.2347 47.4126
15648.0000 0.0085 75.7950 50.0000 39.7586 44.5172 46.7157
15649.0000 0.0075 75.6295 50.0000 39.7733 44.9021 46.0621
15650.0000 0.0079 75.6552 50.0000 39.6208 45.5300 45.6172
15651.0000 0.0070 75.6313 50.0000 40.1567 44.1176 46.4884
15652.0000 0.0060 75.3639 50.0000 40.1881 44.1426 46.0007
15653.0000 0.0063 75.5594 50.0000 40.0643 44.8615 45.7331
15654.0000 0.0065 75.5416 50.0000 39.9931 44.8242 45.8025
15655.0000 0.0040 75.4753 50.0000 40.7230 44.9089 44.9594
15656.0000 0.0044 75.4076 50.0000 40.8046 43.8425 45.8163
15657.0000 0.0038 75.3619 50.0000 41.1391 43.5050 45.7636
15658.0000 0.0059 75.6762 50.0000 40.5027 44.0595 46.3160
15659.0000 0.0072 75.7002 50.0000 40.2836 43.8796 46.7154
15660.0000 0.0063 75.8731 50.0000 40.7245 43.7265 46.7572
15661.0000 0.0060 76.2751 50.0000 40.9495 44.1091 46.8551
15662.0000 0.0033 76.2977 50.0000 41.6370 44.3864 46.0168
15663.0000 0.0028 76.1905 50.0000 41.7339 44.3721 45.7645
15664.0000 0.0043 76.1990 50.0000 41.1497 44.5956 46.0893
15665.0000 0.0059 76.6134 50.0000 41.1332 44.3210 47.0459
15666.0000 0.0044 76.3103 50.0000 41.7077 43.6147 46.7065
15667.0000 0.0051 76.4289 50.0000 42.2958 42.7471 47.1713
15668.0000 0.0047 76.0277 50.0000 41.9830 42.7822 46.7689
15669.0000 0.0047 75.9032 50.0000 41.9967 42.5995 46.7211
15670.0000 0.0091 75.8532 50.0000 41.2986 42.0182 47.7765
15671.0000 0.0104 75.8668 50.0000 41.2103 41.8172 48.0501
15672.0000 0.0069 75.8488 50.0000 41.4355 42.4807 47.2391
15673.0000 0.0087 76.2510 50.0000 41.6681 42.1707 47.9543
15674.0000 0.0086 76.0392 50.0000 41.3247 42.3455 47.7607
15675.0000 0.0084 75.9321 50.0000 41.1837 42.4369 47.6309
15676.0000 0.0068 75.4925 50.0000 41.3628 42.1626 47.0166
15677.0000 0.0075 75.5810 50.0000 41.1398 42.3294 47.2040
15678.0000 0.0070 76.0454 50.0000 41.3579 42.7684 47.3634
15679.0000 0.0097 75.5645 50.0000 40.8446 42.0554 47.6766
15680.0000 0.0097 75.7563 50.0000 40.7602 42.3696 47.7748
15681.0000 0.0096 75.6527 50.0000 40.6425 42.4327 47.6548
15682.0000 0.0134 75.5680 50.0000 40.0699 42.0968 48.2989
15683.0000 0.0163 75.6670 50.0000 39.8345 41.8518 48.8584
15684.0000 0.0125 75.4210 50.0000 40.2711 41.8655 48.1024
15685.0000 0.0103 75.4725 50.0000 40.8505 41.7918 47.7575
15686.0000 0.0134 75.4467 50.0000 40.2078 41.7746 48.2745
15687.0000 0.0124 75.3388 50.0000 40.0581 42.0545 47.9865
15688.0000 0.0107 75.4948 50.0000 40.0422 42.7019 47.6722
15689.0000 0.0116 75.3074 50.0000 39.8939 42.4342 47.7390
15690.0000 0.0131 75.3828 50.0000 40.0630 41.9428 48.1490
15691.0000 0.0120 75.3833 50.0000 39.9393 42.3549 47.8911
15692.0000 0.0095 75.1148 50.0000 39.8709 42.8166 47.1093
15693.0000 0.0120 74.9151 50.0000 39.2569 42.7171 47.3964
15694.0000 0.0187 75.3929 50.0000 38.2908 43.0931 48.5890
15695.0000 0.0181 75.3105 50.0000 38.4476 42.8833 48.5229
15696.0000 0.0237 75.9280 50.0000 37.8774 43.2971 49.5553
15697.0000 0.0245 76.0282 50.0000 37.6821 43.5450 49.6405
15698.0000 0.0264 76.2227 50.0000 37.4953 43.6865 49.9549
15699.0000 0.0277 76.3955 50.0000 37.8651 43.0998 50.4471
15700.0000 0.0249 76.4456 50.0000 38.4763 42.8425 50.2796
15701.0000 0.0301 76.3331 50.0000 37.7843 42.6871 50.7631
15702.0000 0.0297 76.2128 50.0000 38.2569 42.0006 50.8011
15703.0000 0.0278 76.2113 50.0000 38.1572 42.4546 50.4954
15704.0000 0.0294 76.3359 50.0000 38.3800 42.0493 50.8527
15705.0000 0.0283 76.2166 50.0000 38.5941 41.8269 50.6951
15706.0000 0.0267 76.2296 50.0000 39.5965 40.9343 50.6700
15707.0000 0.0271 75.8694 50.0000 38.9386 41.2119 50.4136
15708.0000 0.0331 76.3006 50.0000 38.3683 41.4372 51.3090
15709.0000 0.0366 76.4506 50.0000 37.8447 41.7145 51.6950
15710.0000 0.0365 76.5553 50.0000 37.8639 41.8343 51.7390
15711.0000 0.0373 76.9453 50.0000 38.1500 41.8098 52.1257
15712.0000 0.0367 76.7974 50.0000 38.2421 41.6200 51.9919
15713.0000 0.0348 76.7088 50.0000 38.0921 41.9808 51.6801
15714.0000 0.0352 76.7141 50.0000 37.8245 42.2539 51.6621
15715.0000 0.0278 76.5780 50.0000 38.4291 42.5341 50.7765
15716.0000 0.0230 76.1748 50.0000 38.7876 42.4596 49.9531
15717.0000 0.0224 76.1366 50.0000 39.0428 42.2107 49.9069
15718.0000 0.0282 75.9815 50.0000 38.5237 41.6576 50.5347
15719.0000 0.0247 76.0462 50.0000 38.7052 42.0972 50.1274
15720.0000 0.0301 75.8889 50.0000 38.4426 41.3433 50.7152
15721.0000 0.0342 75.7486 50.0000 38.7043 40.2936 51.1494
15722.0000 0.0303 75.5579 50.0000 38.8085 40.5178 50.6083
15723.0000 0.0346 75.6504 50.0000 38.6475 40.1974 51.1226
15724.0000 0.0341 75.8846 50.0000 38.3335 40.8629 51.1785
15725.0000 0.0350 76.1140 50.0000 38.9796 40.2889 51.4852
15726.0000 0.0292 75.7224 50.0000 38.7805 40.9029 50.5660
15727.0000 0.0244 75.7353 50.0000 38.9813 41.4486 49.9831
15728.0000 0.0319 75.7929 50.0000 38.5560 40.8307 50.9005
15729.0000 0.0314 75.8292 50.0000 38.2092 41.3405 50.8044
15730.0000 0.0305 75.9481 50.0000 38.5823 41.1885 50.8235
15731.0000 0.0343 76.0906 50.0000 38.3664 41.0322 51.3240
15732.0000 0.0349 76.1694 50.0000 38.0904 41.3518 51.3901
15733.0000 0.0279 75.8737 50.0000 38.8690 41.1654 50.5117
15734.0000 0.0245 76.1858 50.0000 39.2971 41.5891 50.3027
15735.0000 0.0203 76.2590 50.0000 39.8823 41.7188 49.8436
15736.0000 0.0202 76.4358 50.0000 40.3168 41.4491 49.9897
15737.0000 0.0238 76.5276 50.0000 40.0549 41.2341 50.5156
15738.0000 0.0278 76.6364 50.0000 40.1503 40.6356 51.0866
15739.0000 0.0268 76.7283 50.0000 40.1739 40.8501 51.0349
15740.0000 0.0189 76.4814 50.0000 40.5225 41.5203 49.8337
15741.0000 0.0219 76.5478 50.0000 39.6959 41.9781 50.2160
15742.0000 0.0151 75.9951 50.0000 40.4327 41.8015 48.9191
15743.0000 0.0159 76.0944 50.0000 40.9935 41.1543 49.1550
15744.0000 0.0152 75.8625 50.0000 40.2766 41.7967 48.8463
15745.0000 0.0110 75.8770 50.0000 40.6099 42.3721 48.0913
15746.0000 0.0106 76.0459 50.0000 40.8409 42.3917 48.1450
15747.0000 0.0117 75.8780 50.0000 40.5767 42.2451 48.2323
15748.0000 0.0107 76.0337 50.0000 41.0880 42.0706 48.1972
15749.0000 0.0120 76.0755 50.0000 40.7936 42.1483 48.4447
15750.0000 0.0110 76.0189 50.0000 40.2710 42.9841 48.0571
15751.0000 0.0125 76.1094 50.0000 40.3865 42.5678 48.4722
15752.0000 0.0136 76.0136 50.0000 40.3011 42.2896 48.6363
15753.0000 0.0115 75.8629 50.0000 40.6626 42.1721 48.2001
15754.0000 0.0144 75.8529 50.0000 40.3237 41.8960 48.7072
15755.0000 0.0146 75.7223 50.0000 39.8896 42.2199 48.5815
15756.0000 0.0170 76.1529 50.0000 39.4229 42.8242 49.1040
15757.0000 0.0139 75.9560 50.0000 39.2940 43.5450 48.2610
15758.0000 0.0174 76.2967 50.0000 39.1162 43.3723 49.0913
15759.0000 0.0213 75.8991 50.0000 38.3051 43.1360 49.3222
15760.0000 0.0186 76.0189 50.0000 38.8018 43.1823 49.0773
15761.0000 0.0179 75.8587 50.0000 39.0958 42.7055 49.0132
15762.0000 0.0208 76.0661 50.0000 39.0886 42.3606 49.6359
15763.0000 0.0182 75.8806 50.0000 39.5927 42.0211 49.2394
15764.0000 0.0219 75.8862 50.0000 38.8987 42.1874 49.6572
15765.0000 0.0220 76.0705 50.0000 39.0204 42.2255 49.8110
15766.0000 0.0236 76.0609 50.0000 39.3759 41.4916 50.1323
15767.0000 0.0288 76.1257 50.0000 38.0359 42.3280 50.5642
15768.0000 0.0250 75.6207 50.0000 38.3622 41.9696 49.8537
15769.0000 0.0218 75.4251 50.0000 38.8673 41.6840 49.4037
15770.0000 0.0246 75.4458 50.0000 38.4563 41.7163 49.7286
15771.0000 0.0243 75.5114 50.0000 38.1167 42.2883 49.6063
15772.0000 0.0359 76.1721 50.0000 36.9923 42.5856 51.1881
15773.0000 0.0330 75.5975 50.0000 36.8706 42.5343 50.4616
15774.0000 0.0327 75.3596 50.0000 36.6405 42.6031 50.2147
15775.0000 0.0320 75.1874 50.0000 36.1582 43.2616 49.7410
15776.0000 0.0310 75.3018 50.0000 36.2063 43.5407 49.6354
15777.0000 0.0304 75.4546 50.0000 36.6073 43.2205 49.8527
15778.0000 0.0363 75.6022 50.0000 36.2615 42.8375 50.6533
15779.0000 0.0329 75.7084 50.0000 36.4689 43.2739 50.2907
15780.0000 0.0346 75.8331 50.0000 36.3780 43.2628 50.5532
15781.0000 0.0265 75.5474 50.0000 37.1857 43.2398 49.5474
15782.0000 0.0298 75.6858 50.0000 36.7341 43.4554 49.9056
15783.0000 0.0346 76.1954 50.0000 36.7431 43.1768 50.9063
15784.0000 0.0339 76.4504 50.0000 36.8160 43.5193 50.9441
15785.0000 0.0337 76.1981 50.0000 36.4548 43.7848 50.5974
15786.0000 0.0386 76.1281 50.0000 36.1633 43.2418 51.1648
15787.0000 0.0350 76.1616 50.0000 36.7852 43.0131 50.9637
15788.0000 0.0368 76.4980 50.0000 36.5509 43.4503 51.2645
15789.0000 0.0353 76.1335 50.0000 36.7153 43.0151 50.9705
15790.0000 0.0371 76.2606 50.0000 36.8405 42.6973 51.3361
15791.0000 0.0365 76.0945 50.0000 36.5436 43.0100 51.0399
15792.0000 0.0314 75.8250 50.0000 36.6215 43.4855 50.1728
15793.0000 0.0329 76.2141 50.0000 36.7596 43.4985 50.6478
15794.0000 0.0316 76.3388 50.0000 36.6322 44.1397 50.3724
15795.0000 0.0304 76.5631 50.0000 37.4535 43.3884 50.7601
15796.0000 0.0288 76.5463 50.0000 37.1826 44.1242 50.2977
15797.0000 0.0223 76.2725 50.0000 37.9279 44.0178 49.4104
15798.0000 0.0293 76.4830 50.0000 37.1291 44.0044 50.3457
15799.0000 0.0272 76.3555 50.0000 37.4963 43.6914 50.1524
15800.0000 0.0298 76.9125 50.0000 37.2225 44.3304 50.6442
15801.0000 0.0266 76.4747 50.0000 37.3825 44.1799 49.9907
15802.0000 0.0258 76.1445 50.0000 37.2098 44.1945 49.6011
15803.0000 0.0259 75.7226 50.0000 37.0216 43.9117 49.3464
15804.0000 0.0250 75.7268 50.0000 37.1136 43.9639 49.2373
15805.0000 0.0272 75.7750 50.0000 36.9918 43.7272 49.6124
15806.0000 0.0271 75.6774 50.0000 37.2816 43.1440 49.7568
15807.0000 0.0307 75.9659 50.0000 36.4632 44.1025 49.9621
15808.0000 0.0294 75.8798 50.0000 36.3848 44.4380 49.5899
15809.0000 0.0266 75.5606 50.0000 36.3513 44.7766 48.8165
15810.0000 0.0264 75.3976 50.0000 36.3156 44.6625 48.6954
15811.0000 0.0317 75.8492 50.0000 36.0146 44.5098 49.7487
15812.0000 0.0301 76.0979 50.0000 36.4651 44.4293 49.8721
15813.0000 0.0203 75.6554 50.0000 37.7478 43.9740 48.6325
15814.0000 0.0204 75.5324 50.0000 37.4973 44.2325 48.4002
15815.0000 0.0235 75.9263 50.0000 37.2608 44.3879 49.0525
15816.0000 0.0200 75.3725 50.0000 37.5357 44.0198 48.3150
15817.0000 0.0193 75.4014 50.0000 37.3768 44.6788 47.8764
15818.0000 0.0194 75.3978 50.0000 37.6649 44.0005 48.2715
15819.0000 0.0167 75.5852 50.0000 38.1918 44.1029 48.0567
15820.0000 0.0203 75.4834 50.0000 37.6004 43.9759 48.4776
15821.0000 0.0198 75.9316 50.0000 37.8777 44.2976 48.6684
15822.0000 0.0234 75.8580 50.0000 37.2657 44.2998 49.0228
15823.0000 0.0204 75.5229 50.0000 37.7024 43.8396 48.5832
15824.0000 0.0244 75.8465 50.0000 37.2606 44.0317 49.2499
15825.0000 0.0246 75.6978 50.0000 37.1213 44.0110 49.1446
15826.0000 0.0210 75.4202 50.0000 37.3227 44.2130 48.3780
15827.0000 0.0195 76.0375 50.0000 37.5346 45.4063 48.0741
15828.0000 0.0206 75.8034 50.0000 37.2491 45.2436 48.0798
15829.0000 0.0204 76.0125 50.0000 37.3739 45.4115 48.1548
15830.0000 0.0198 75.3634 50.0000 37.1588 44.9578 47.7249
15831.0000 0.0198 75.7632 50.0000 37.6552 44.4753 48.4159
15832.0000 0.0211 75.7188 50.0000 37.1551 45.1144 48.1408
15833.0000 0.0208 75.6549 50.0000 37.0434 45.4727 47.7879
15834.0000 0.0171 75.6162 50.0000 37.6894 45.2694 47.4131
15835.0000 0.0135 75.2364 50.0000 38.3221 44.5102 47.0188
15836.0000 0.0165 75.1021 50.0000 37.6980 44.4949 47.3222
15837.0000 0.0158 74.9039 50.0000 37.8104 44.1293 47.2608
15838.0000 0.0168 75.1723 50.0000 37.8164 44.2085 47.6068
15839.0000 0.0170 75.1925 50.0000 37.8008 44.1951 47.6634
15840.0000 0.0174 75.2667 50.0000 37.5572 44.7884 47.4186
15841.0000 0.0202 75.4243 50.0000 37.2734 44.6123 48.0547
15842.0000 0.0197 75.7288 50.0000 37.5343 44.7423 48.2095
15843.0000 0.0231 76.1300 50.0000 37.2181 44.9388 48.8988
15844.0000 0.0263 76.2249 50.0000 37.2429 44.1302 49.7567
15845.0000 0.0280 76.2385 50.0000 36.7276 44.6902 49.6607
15846.0000 0.0303 76.5812 50.0000 36.5435 44.9589 50.0795
15847.0000 0.0292 76.4321 50.0000 36.6275 44.8501 49.8874
15848.0000 0.0312 76.5639 50.0000 36.5799 44.6439 50.3076
15849.0000 0.0334 76.6258 50.0000 36.2220 44.8535 50.4741
15850.0000 0.0304 76.4748 50.0000 36.4175 45.0119 49.9609
15851.0000 0.0277 76.3393 50.0000 36.5312 45.3494 49.3619
15852.0000 0.0257 76.2799 50.0000 36.7546 45.3717 49.0829
15853.0000 0.0245 76.0508 50.0000 36.7543 45.4194 48.6819
15854.0000 0.0251 76.1515 50.0000 36.7636 45.3499 48.8966
15855.0000 0.0237 76.6884 50.0000 37.3071 45.4781 49.2040
15856.0000 0.0265 76.6670 50.0000 36.9956 45.2174 49.6441
15857.0000 0.0272 76.6654 50.0000 37.0640 44.8800 49.8961
15858.0000 0.0257 76.5715 50.0000 37.2616 44.7698 49.7034
15859.0000 0.0288 76.6315 50.0000 36.8386 44.8557 50.0327
15860.0000 0.0342 76.6749 50.0000 36.0677 45.0228 50.5084
15861.0000 0.0324 76.5896 50.0000 36.5834 44.3957 50.5633
15862.0000 0.0317 76.4226 50.0000 36.3555 44.7119 50.1950
15863.0000 0.0306 76.6449 50.0000 36.2213 45.6467 49.7879
15864.0000 0.0314 76.6966 50.0000 36.3833 45.1638 50.1881
15865.0000 0.0276 76.3556 50.0000 36.5117 45.4608 49.2990
15866.0000 0.0298 75.8201 50.0000 36.2099 44.5651 49.5124
15867.0000 0.0249 76.1073 50.0000 37.0654 44.6525 49.2405
15868.0000 0.0219 76.0240 50.0000 37.1623 45.3275 48.4151
15869.0000 0.0212 75.7483 50.0000 36.9802 45.6560 47.8099
15870.0000 0.0230 76.0080 50.0000 36.8320 45.8069 48.1908
15871.0000 0.0204 76.0551 50.0000 37.5618 44.9947 48.4661
15872.0000 0.0217 75.9328 50.0000 37.2390 45.0410 48.4805
15873.0000 0.0197 75.8504 50.0000 37.2531 45.8461 47.5776
15874.0000 0.0207 75.8248 50.0000 37.1411 45.5724 47.8863
15875.0000 0.0196 75.6390 50.0000 37.4996 44.6864 48.1473
15876.0000 0.0200 75.6387 50.0000 37.4269 44.7035 48.1875
15877.0000 0.0190 75.6880 50.0000 37.8329 44.2384 48.3768
15878.0000 0.0195 75.6112 50.0000 37.7164 44.2003 48.3825
15879.0000 0.0187 75.7386 50.0000 38.0322 44.0414 48.4793
15880.0000 0.0146 75.4706 50.0000 38.5122 44.0110 47.7038
15881.0000 0.0136 75.8236 50.0000 38.7385 44.5348 47.5941
15882.0000 0.0116 75.7085 50.0000 38.9933 44.6343 47.1070
15883.0000 0.0139 75.5696 50.0000 38.5548 44.3527 47.5092
15884.0000 0.0145 75.7600 50.0000 38.2406 45.3256 47.1469
15885.0000 0.0144 75.3038 50.0000 37.9828 45.3118 46.6349
15886.0000 0.0157 75.7413 50.0000 38.1275 44.9569 47.5596
15887.0000 0.0123 75.7011 50.0000 38.7217 44.9953 46.9756
15888.0000 0.0115 75.6395 50.0000 38.7985 45.1687 46.6455
15889.0000 0.0118 75.0800 50.0000 38.5046 44.6729 46.4622
15890.0000 0.0160 75.2648 50.0000 37.6871 45.1319 46.9850
15891.0000 0.0179 75.6220 50.0000 37.4894 45.5572 47.3052
15892.0000 0.0191 75.9465 50.0000 37.3746 45.9999 47.4870
15893.0000 0.0198 75.8185 50.0000 37.1423 46.3042 47.1681
15894.0000 0.0161 75.6031 50.0000 37.7903 45.6057 46.9877
15895.0000 0.0188 75.7315 50.0000 37.3669 45.6988 47.4404
15896.0000 0.0240 76.0123 50.0000 36.5946 46.1094 48.0897
15897.0000 0.0257 75.9063 50.0000 36.2089 46.3986 47.9359
15898.0000 0.0236 75.9044 50.0000 36.5080 46.6276 47.4817
15899.0000 0.0291 75.8972 50.0000 35.6398 46.6362 48.1171
15900.0000 0.0288 75.6936 50.0000 35.6556 46.1547 48.2489
15901.0000 0.0302 75.9389 50.0000 35.8513 45.4485 49.1512
15902.0000 0.0255 75.7318 50.0000 36.3563 45.5195 48.3891
15903.0000 0.0275 75.7040 50.0000 36.0218 45.5809 48.5377
15904.0000 0.0237 75.4306 50.0000 36.6306 44.9178 48.2739
15905.0000 0.0224 75.2431 50.0000 37.2106 43.7521 48.6071
15906.0000 0.0258 75.5954 50.0000 36.8842 43.9844 49.1894
15907.0000 0.0255 75.3173 50.0000 36.3859 44.6716 48.5099
15908.0000 0.0264 75.5103 50.0000 36.3228 44.8448 48.6971
15909.0000 0.0272 75.4054 50.0000 36.1155 44.8792 48.6570
15910.0000 0.0300 75.4306 50.0000 35.6184 45.2044 48.7613
15911.0000 0.0289 75.3868 50.0000 35.7572 45.1698 48.6238
15912.0000 0.0331 75.6183 50.0000 35.6677 44.4973 49.6582
15913.0000 0.0366 75.9627 50.0000 35.4431 44.5945 50.2538
15914.0000 0.0390 75.7984 50.0000 35.1019 44.4505 50.3727
15915.0000 0.0416 75.7676 50.0000 34.9671 44.1034 50.7241
15916.0000 0.0475 76.0390 50.0000 34.7510 43.7282 51.5960
15917.0000 0.0487 76.2865 50.0000 34.7020 43.9200 51.8308
15918.0000 0.0458 76.0311 50.0000 34.9772 43.6626 51.4868
15919.0000 0.0456 75.9848 50.0000 34.7336 44.0137 51.2842
15920.0000 0.0429 75.8401 50.0000 34.7426 44.3186 50.7991
15921.0000 0.0461 76.1211 50.0000 34.5055 44.4772 51.2403
15922.0000 0.0432 76.3394 50.0000 34.7618 44.9219 51.0033
15923.0000 0.0454 76.4911 50.0000 34.8531 44.5255 51.5135
15924.0000 0.0438 76.6147 50.0000 34.9670 44.8184 51.3656
15925.0000 0.0374 76.6206 50.0000 35.4481 45.3647 50.5588
15926.0000 0.0364 76.0212 50.0000 35.4501 44.7045 50.2396
15927.0000 0.0373 76.2062 50.0000 35.3239 45.0150 50.3313
15928.0000 0.0359 76.4212 50.0000 35.5302 45.2814 50.2732
15929.0000 0.0401 76.5646 50.0000 35.0874 45.3533 50.7355
15930.0000 0.0399 76.7135 50.0000 35.1818 45.4362 50.8209
15931.0000 0.0397 76.9306 50.0000 35.0589 46.0751 50.6584
15932.0000 0.0416 76.8889 50.0000 34.5925 46.5870 50.4472
15933.0000 0.0405 77.1717 50.0000 34.7935 46.9228 50.4295
15934.0000 0.0416 76.7146 50.0000 34.4541 46.6280 50.2382
15935.0000 0.0483 76.6460 50.0000 33.7606 46.2285 50.9681
15936.0000 0.0462 76.8254 50.0000 33.8531 46.9328 50.5314
15937.0000 0.0425 76.6883 50.0000 34.1302 47.2849 49.8032
15938.0000 0.0513 76.4949 50.0000 33.1760 46.5492 50.8331
15939.0000 0.0491 76.5759 50.0000 33.3192 47.0065 50.4389
15940.0000 0.0470 76.3471 50.0000 33.3780 47.1694 49.8983
15941.0000 0.0473 76.3933 50.0000 33.3064 47.4421 49.7581
15942.0000 0.0457 76.5306 50.0000 33.5820 47.4728 49.7545
15943.0000 0.0441 76.5064 50.0000 34.0211 46.6024 50.2394
15944.0000 0.0480 76.5326 50.0000 33.6535 46.3881 50.7230
15945.0000 0.0501 76.5380 50.0000 33.3939 46.4190 50.8743
15946.0000 0.0498 76.9780 50.0000 33.3510 47.4216 50.6411
15947.0000 0.0516 77.2908 50.0000 33.1781 47.9267 50.7554
15948.0000 0.0497 77.3660 50.0000 33.3434 48.4243 50.2872
15949.0000 0.0517 77.3289 50.0000 32.9903 48.9289 49.9736
15950.0000 0.0518 77.2109 50.0000 32.9575 48.6922 50.0438
15951.0000 0.0548 77.0987 50.0000 32.5192 48.6717 50.1775
15952.0000 0.0518 76.4698 50.0000 32.6499 48.1421 49.6383
15953.0000 0.0483 76.0185 50.0000 32.9834 47.3485 49.4877
15954.0000 0.0484 76.1310 50.0000 32.9498 47.8236 49.2254
15955.0000 0.0443 75.9012 50.0000 33.5624 46.7271 49.5090
15956.0000 0.0445 76.0363 50.0000 33.5607 46.9586 49.4984
15957.0000 0.0431 75.9315 50.0000 33.8530 46.3531 49.7088
15958.0000 0.0441 75.9863 50.0000 33.6663 46.6615 49.6307
15959.0000 0.0399 75.9746 50.0000 34.2259 46.5278 49.3547
15960.0000 0.0452 75.9941 50.0000 33.3862 47.2245 49.2981
15961.0000 0.0500 76.4078 50.0000 33.0235 47.2994 50.1036
15962.0000 0.0452 76.0880 50.0000 33.5506 46.7903 49.7435
15963.0000 0.0491 76.4249 50.0000 33.1912 47.0985 50.2081
15964.0000 0.0516 76.6596 50.0000 33.0642 47.0254 50.7155
15965.0000 0.0438 76.1255 50.0000 33.7622 46.7730 49.6739
15966.0000 0.0401 76.4545 50.0000 34.4459 46.7202 49.7594
15967.0000 0.0412 76.4593 50.0000 34.4259 46.3848 50.0931
15968.0000 0.0467 76.9449 50.0000 33.8293 47.0564 50.6141
15969.0000 0.0472 76.7770 50.0000 34.0847 46.0052 51.1513
15970.0000 0.0506 77.3608 50.0000 33.8837 46.4761 51.7355
15971.0000 0.0509 77.1197 50.0000 33.7303 46.3784 51.5631
15972.0000 0.0463 76.5741 50.0000 33.9808 46.1522 50.7827
15973.0000 0.0498 76.5665 50.0000 33.9060 45.4454 51.4542
15974.0000 0.0523 77.1355 50.0000 33.5420 46.4550 51.6406
15975.0000 0.0547 76.9493 50.0000 33.5120 45.7017 52.0529
15976.0000 0.0546 77.0741 50.0000 33.2572 46.4164 51.7677
15977.0000 0.0539 76.9804 50.0000 33.1545 46.6623 51.4723
15978.0000 0.0505 76.7456 50.0000 33.8385 45.6666 51.5695
15979.0000 0.0489 76.5562 50.0000 33.6501 46.1845 50.9462
15980.0000 0.0551 76.8436 50.0000 33.0301 46.4278 51.5598
15981.0000 0.0546 76.8178 50.0000 32.8838 46.8658 51.2175
15982.0000 0.0512 76.8869 50.0000 33.4562 46.5322 51.2546
15983.0000 0.0552 76.7606 50.0000 33.0486 46.2335 51.5989
15984.0000 0.0542 76.5709 50.0000 33.4298 45.4307 51.7841
15985.0000 0.0495 76.9486 50.0000 33.8995 46.0860 51.4587
15986.0000 0.0458 76.8391 50.0000 34.2909 46.0088 51.1036
15987.0000 0.0496 76.9111 50.0000 33.9442 45.9101 51.5303
15988.0000 0.0463 77.0367 50.0000 34.2789 46.1995 51.2369
15989.0000 0.0461 76.9217 50.0000 34.1413 46.3988 50.9753
15990.0000 0.0422 76.6833 50.0000 34.4751 46.3332 50.4483
15991.0000 0.0424 76.2391 50.0000 34.4319 45.6205 50.4541
15992.0000 0.0434 76.1213 50.0000 34.4653 45.1208 50.7022
15993.0000 0.0426 76.2028 50.0000 34.3150 45.7969 50.3189
15994.0000 0.0368 75.6839 50.0000 34.8622 45.3111 49.5941
15995.0000 0.0464 76.0358 50.0000 33.9902 45.2463 50.7827
15996.0000 0.0467 76.1001 50.0000 33.9621 45.3292 50.8239
15997.0000 0.0502 76.5004 50.0000 33.6674 45.7218 51.2673
15998.0000 0.0436 76.2166 50.0000 34.4015 45.3457 50.6880
15999.0000 0.0454 76.3009 50.0000 34.2213 45.4191 50.8707
16000.0000 0.0475 76.2995 50.0000 34.0661 45.2502 51.1226
16001.0000 0.0497 75.9977 50.0000 33.7161 45.0002 51.1259
16002.0000 0.0463 75.6121 50.0000 33.8434 44.9335 50.5252
16003.0000 0.0433 75.0737 50.0000 33.6760 45.2025 49.5856
16004.0000 0.0378 74.7048 50.0000 34.5324 44.2037 49.3392
16005.0000 0.0389 74.6450 50.0000 34.0322 44.9139 48.9533
16006.0000 0.0474 75.0071 50.0000 33.1313 45.2690 49.7905
16007.0000 0.0481 75.1333 50.0000 33.2522 45.0145 50.1298
16008.0000 0.0504 75.2501 50.0000 32.9268 45.3485 50.2187
16009.0000 0.0543 75.3479 50.0000 33.1056 44.3031 51.1719
16010.0000 0.0474 74.9930 50.0000 33.2613 44.9341 49.9857
16011.0000 0.0460 75.1190 50.0000 33.4542 45.0731 49.9209
16012.0000 0.0508 75.1510 50.0000 33.0571 44.8188 50.4596
16013.0000 0.0489 74.9797 50.0000 33.4932 44.1524 50.5047
16014.0000 0.0514 75.2945 50.0000 33.7227 43.7086 51.2015
16015.0000 0.0491 74.9830 50.0000 33.4040 44.2706 50.4652
16016.0000 0.0481 74.5756 50.0000 33.2040 44.2724 49.9897
16017.0000 0.0512 74.8126 50.0000 32.9646 44.4283 50.3625
16018.0000 0.0480 75.0607 50.0000 33.3575 44.7152 50.2189
16019.0000 0.0463 74.8177 50.0000 33.4663 44.5185 49.9579
16020.0000 0.0469 75.1717 50.0000 33.2964 45.2709 49.9268
16021.0000 0.0409 74.9809 50.0000 33.7431 45.6533 48.9828
16022.0000 0.0416 75.0506 50.0000 33.6074 45.9180 48.9354
16023.0000 0.0477 75.3852 50.0000 33.1961 45.6469 49.9730
16024.0000 0.0509 75.4461 50.0000 33.3232 44.7131 50.8174
16025.0000 0.0436 75.1926 50.0000 33.8462 44.9418 49.8859
16026.0000 0.0543 75.8748 50.0000 32.5746 46.1378 50.6674
16027.0000 0.0564 76.2226 50.0000 32.7801 45.7236 51.4266
16028.0000 0.0537 75.8966 50.0000 32.9437 45.5061 51.0314
16029.0000 0.0464 75.5619 50.0000 33.6783 45.1730 50.3465
16030.0000 0.0440 75.9309 50.0000 34.0750 45.5155 50.3263
16031.0000 0.0447 75.8048 50.0000 34.0974 45.0976 50.4969
16032.0000 0.0477 75.8861 50.0000 33.8391 45.0419 50.8414
16033.0000 0.0475 75.8259 50.0000 33.5545 45.5992 50.4418
16034.0000 0.0519 75.8885 50.0000 32.9019 46.0357 50.5692
16035.0000 0.0480 75.8167 50.0000 33.1044 46.5893 49.8168
16036.0000 0.0449 75.6401 50.0000 33.4306 46.4025 49.5039
16037.0000 0.0464 76.0517 50.0000 33.5514 46.2807 50.1623
16038.0000 0.0463 75.7557 50.0000 33.4578 46.0533 49.9860
16039.0000 0.0435 75.9227 50.0000 33.7664 46.4343 49.6784
16040.0000 0.0422 75.7719 50.0000 34.0320 45.8560 49.8040
16041.0000 0.0413 75.8208 50.0000 34.5113 45.0889 50.2469
16042.0000 0.0398 76.0070 50.0000 34.9587 44.8325 50.4480
16043.0000 0.0352 75.7716 50.0000 35.3067 44.9045 49.7832
16044.0000 0.0318 75.6927 50.0000 35.4238 45.5631 48.9749
16045.0000 0.0302 76.2903 50.0000 35.9070 45.9491 49.1892
16046.0000 0.0325 76.8173 50.0000 36.2324 45.3412 50.3218
16047.0000 0.0316 76.6873 50.0000 36.2439 45.3769 50.0826
16048.0000 0.0296 76.5675 50.0000 36.7884 44.6327 50.1709
16049.0000 0.0284 76.5765 50.0000 36.8418 44.8631 49.9394
16050.0000 0.0291 76.2505 50.0000 36.5588 44.7192 49.7773
16051.0000 0.0317 76.7034 50.0000 36.4963 44.8601 50.3886
16052.0000 0.0301 76.6369 50.0000 36.7508 44.6807 50.2617
16053.0000 0.0337 76.8966 50.0000 36.1963 45.2381 50.5611
16054.0000 0.0314 76.8226 50.0000 36.5589 44.9996 50.4004
16055.0000 0.0337 76.9705 50.0000 36.2703 45.2004 50.6542
16056.0000 0.0370 77.4076 50.0000 36.1265 45.3160 51.3154
16057.0000 0.0357 77.3771 50.0000 36.3545 45.1692 51.2378
16058.0000 0.0293 77.1863 50.0000 36.9407 45.3607 50.3538
16059.0000 0.0295 77.3095 50.0000 36.7631 45.8765 50.2054
16060.0000 0.0380 77.7161 50.0000 35.8721 46.0420 51.3139
16061.0000 0.0345 77.0111 50.0000 36.1908 45.2055 50.7680
16062.0000 0.0324 77.0978 50.0000 36.2728 45.7264 50.3731
16063.0000 0.0272 76.7875 50.0000 37.1036 45.0034 49.9434
16064.0000 0.0260 76.4975 50.0000 37.2706 44.5620 49.7695
16065.0000 0.0329 76.5399 50.0000 37.1182 43.3753 50.9822
16066.0000 0.0350 76.6687 50.0000 37.0019 43.3294 51.2983
16067.0000 0.0312 76.7876 50.0000 37.2324 43.8515 50.8639
16068.0000 0.0363 77.1322 50.0000 36.4866 44.4754 51.3813
16069.0000 0.0363 77.1054 50.0000 36.3852 44.6100 51.2963
16070.0000 0.0386 77.3058 50.0000 36.0026 45.0440 51.4882
16071.0000 0.0377 77.7220 50.0000 35.7057 46.4821 51.0414
16072.0000 0.0350 77.6739 50.0000 36.1100 46.2670 50.8789
16073.0000 0.0369 78.0996 50.0000 36.1708 46.2853 51.4674
16074.0000 0.0411 78.2668 50.0000 35.7767 46.2802 51.9986
16075.0000 0.0366 77.9520 50.0000 36.2695 45.9414 51.4823
16076.0000 0.0376 78.1473 50.0000 35.9650 46.6260 51.3764
16077.0000 0.0419 78.1932 50.0000 34.9859 47.8081 51.0347
16078.0000 0.0455 77.9885 50.0000 34.6581 47.1109 51.5905
16079.0000 0.0433 78.3650 50.0000 34.9502 47.7138 51.4096
16080.0000 0.0337 77.7106 50.0000 35.8308 47.7046 49.7933
16081.0000 0.0331 77.4776 50.0000 35.9669 46.9784 50.0220
16082.0000 0.0368 77.6788 50.0000 35.7087 46.6852 50.7875
16083.0000 0.0321 77.7421 50.0000 36.4835 46.4233 50.5733
16084.0000 0.0325 77.7196 50.0000 36.2903 46.7423 50.3836
16085.0000 0.0340 78.0793 50.0000 36.1236 47.3183 50.5217
16086.0000 0.0342 78.2429 50.0000 36.2472 47.1979 50.7982
16087.0000 0.0308 78.1574 50.0000 36.6935 47.1213 50.4156
16088.0000 0.0332 78.2217 50.0000 36.6217 46.5644 51.0808
16089.0000 0.0318 78.1426 50.0000 36.4981 47.2250 50.4376
16090.0000 0.0260 77.8474 50.0000 37.2364 46.9669 49.6767
16091.0000 0.0229 78.0298 50.0000 37.9257 46.6996 49.6934
16092.0000 0.0280 78.3051 50.0000 37.4649 46.4428 50.7064
16093.0000 0.0270 78.3296 50.0000 37.5881 46.5041 50.5967
16094.0000 0.0295 78.4345 50.0000 37.1181 46.9792 50.6672
16095.0000 0.0321 78.2584 50.0000 36.5151 47.2753 50.5576
16096.0000 0.0327 78.6684 50.0000 36.6827 47.3651 50.9867
16097.0000 0.0341 78.6671 50.0000 36.4313 47.5232 51.0179
16098.0000 0.0339 78.7294 50.0000 36.4295 47.7439 50.9090
16099.0000 0.0304 78.3802 50.0000 36.8785 47.1586 50.5914
16100.0000 0.0285 78.4242 50.0000 37.0076 47.7590 49.9987
16101.0000 0.0290 78.3679 50.0000 37.1460 46.9579 50.5634
16102.0000 0.0251 77.9709 50.0000 37.4888 46.8626 49.7791
16103.0000 0.0259 78.3811 50.0000 37.6590 46.8463 50.3072
16104.0000 0.0289 78.3231 50.0000 37.1041 47.0218 50.4652
16105.0000 0.0243 78.4463 50.0000 37.9670 46.7705 50.2480
16106.0000 0.0231 78.3771 50.0000 37.8886 47.5137 49.4963
16107.0000 0.0243 78.4375 50.0000 37.8710 47.0435 50.0515
16108.0000 0.0252 77.8255 50.0000 37.6379 46.1428 50.1102
16109.0000 0.0309 78.2849 50.0000 37.3531 45.7976 51.3405
16110.0000 0.0317 78.1796 50.0000 36.9982 46.1278 51.1410
16111.0000 0.0293 77.8986 50.0000 37.0606 46.2361 50.5661
16112.0000 0.0296 78.2120 50.0000 37.0548 46.7003 50.6276
16113.0000 0.0302 78.0864 50.0000 37.0035 46.3939 50.7526
16114.0000 0.0282 78.2797 50.0000 37.5451 46.1426 50.8815
16115.0000 0.0291 78.4064 50.0000 37.4408 46.3149 50.9968
16116.0000 0.0339 78.4711 50.0000 37.0903 45.8256 51.7883
16117.0000 0.0351 78.5978 50.0000 36.5356 46.8158 51.4884
16118.0000 0.0293 78.7742 50.0000 37.1998 47.4821 50.6655
16119.0000 0.0305 78.9212 50.0000 37.2873 47.0708 51.2109
16120.0000 0.0364 79.3361 50.0000 36.4954 47.7513 51.7892
16121.0000 0.0309 79.1118 50.0000 37.0482 47.9325 50.8781
16122.0000 0.0313 78.9638 50.0000 36.9961 47.5888 51.0086
16123.0000 0.0266 79.1247 50.0000 37.7094 47.9037 50.4376
16124.0000 0.0247 79.1662 50.0000 37.9415 48.3030 49.9454
16125.0000 0.0244 78.9420 50.0000 37.9191 47.9805 49.9185
16126.0000 0.0275 79.0016 50.0000 37.4509 48.0319 50.3151
16127.0000 0.0249 78.8779 50.0000 37.7322 48.3586 49.5928
16128.0000 0.0272 78.9927 50.0000 37.3868 48.5288 49.8702
16129.0000 0.0254 78.8216 50.0000 37.5801 48.6411 49.3419
16130.0000 0.0233 78.1818 50.0000 37.6534 47.9982 48.8957
16131.0000 0.0232 77.8065 50.0000 37.5214 47.5594 48.8273
16132.0000 0.0251 78.3132 50.0000 37.3798 48.3205 48.9984
16133.0000 0.0277 78.5477 50.0000 37.0920 48.3625 49.5479
16134.0000 0.0315 78.4125 50.0000 36.6277 47.5086 50.4962
16135.0000 0.0341 78.5848 50.0000 36.6604 46.8179 51.3777
16136.0000 0.0286 78.4933 50.0000 37.7750 45.9040 51.2549
16137.0000 0.0202 78.2220 50.0000 38.5278 46.6303 49.5975
16138.0000 0.0244 78.2026 50.0000 37.5928 47.3762 49.5774
16139.0000 0.0301 78.6432 50.0000 36.9217 47.7302 50.4318
16140.0000 0.0272 78.4481 50.0000 37.2825 47.5318 50.0485
16141.0000 0.0284 78.4321 50.0000 36.9094 48.3445 49.5186
16142.0000 0.0310 78.4414 50.0000 36.4812 48.6221 49.5788
16143.0000 0.0315 78.7979 50.0000 36.5808 48.7357 49.9578
16144.0000 0.0328 78.9058 50.0000 36.4173 48.9679 50.0204
16145.0000 0.0297 78.9060 50.0000 36.9107 48.8257 49.7976
16146.0000 0.0330 79.2387 50.0000 36.5028 49.5021 49.9586
16147.0000 0.0283 78.4803 50.0000 36.9172 48.7363 49.2042
16148.0000 0.0275 78.6297 50.0000 37.1145 48.8059 49.2253
16149.0000 0.0276 78.6969 50.0000 37.1367 48.9308 49.1920
16150.0000 0.0307 78.7950 50.0000 36.7546 48.4572 50.0963
16151.0000 0.0320 78.8952 50.0000 36.6220 48.4230 50.3836
16152.0000 0.0306 78.9727 50.0000 37.0236 47.8562 50.7517
16153.0000 0.0270 78.2869 50.0000 37.4341 46.8250 50.3483
16154.0000 0.0261 78.0712 50.0000 37.4981 46.6015 50.1727
16155.0000 0.0279 78.2314 50.0000 37.1007 47.3120 50.0526
16156.0000 0.0297 78.4804 50.0000 36.8891 47.6757 50.2532
16157.0000 0.0359 78.3828 50.0000 35.8000 48.2084 50.3803
16158.0000 0.0325 78.3631 50.0000 36.5225 47.3211 50.6716
16159.0000 0.0351 78.2525 50.0000 35.9435 47.7598 50.5027
16160.0000 0.0345 78.5086 50.0000 36.1687 47.8485 50.6552
16161.0000 0.0362 77.9414 50.0000 35.6073 47.7159 50.3009
16162.0000 0.0339 77.5382 50.0000 35.7307 47.5245 49.7686
16163.0000 0.0360 77.3245 50.0000 35.2471 47.8742 49.4447
16164.0000 0.0380 77.8752 50.0000 35.1595 48.5676 49.6944
16165.0000 0.0345 77.4817 50.0000 35.4927 48.1590 49.2382
16166.0000 0.0322 77.4566 50.0000 35.8187 48.3342 48.7887
16167.0000 0.0346 77.5696 50.0000 35.5453 48.0638 49.4311
16168.0000 0.0343 77.2105 50.0000 35.3969 48.0702 48.9670
16169.0000 0.0320 77.0708 50.0000 35.7156 47.6118 48.9635
16170.0000 0.0324 77.6707 50.0000 35.9244 48.0302 49.3486
16171.0000 0.0377 78.2706 50.0000 35.3679 48.8737 49.8674
16172.0000 0.0393 78.0885 50.0000 35.1337 48.3246 50.2809
16173.0000 0.0414 78.4323 50.0000 35.0650 48.2758 50.9069
16174.0000 0.0364 78.4586 50.0000 35.8295 48.0038 50.6718
16175.0000 0.0360 78.7590 50.0000 35.9590 48.4284 50.6420
16176.0000 0.0391 78.6665 50.0000 35.7189 47.6621 51.3898
16177.0000 0.0401 78.9196 50.0000 35.6472 47.9717 51.5393
16178.0000 0.0330 78.4972 50.0000 36.3461 47.9258 50.4370
16179.0000 0.0327 78.5517 50.0000 36.5641 47.4978 50.7681
16180.0000 0.0331 78.8508 50.0000 36.6013 47.8016 50.9195
16181.0000 0.0317 78.4244 50.0000 36.5626 47.6885 50.3922
16182.0000 0.0312 78.2909 50.0000 36.7133 47.1305 50.5996
16183.0000 0.0359 78.7158 50.0000 36.2340 47.5049 51.2499
16184.0000 0.0351 78.4302 50.0000 36.4614 46.7086 51.3826
16185.0000 0.0326 78.1320 50.0000 36.7310 46.3503 51.0597
16186.0000 0.0344 78.2024 50.0000 36.7054 46.0403 51.4647
16187.0000 0.0375 78.3079 50.0000 36.1541 46.4859 51.6147
16188.0000 0.0412 78.3272 50.0000 35.7656 46.3841 52.0047
16189.0000 0.0377 78.0110 50.0000 36.4447 45.4636 51.8705
16190.0000 0.0354 77.5262 50.0000 36.5013 45.1828 51.3466
16191.0000 0.0418 77.8416 50.0000 35.9118 45.2888 52.1399
16192.0000 0.0395 77.9839 50.0000 36.0234 45.7790 51.8467
16193.0000 0.0368 77.5064 50.0000 36.1330 45.5027 51.2948
16194.0000 0.0364 77.0403 50.0000 35.8651 45.4288 50.8441
16195.0000 0.0420 77.3246 50.0000 35.2746 45.6561 51.4812
16196.0000 0.0409 77.6122 50.0000 35.5685 45.7593 51.6199
16197.0000 0.0394 77.4073 50.0000 35.5711 45.8068 51.2671
16198.0000 0.0363 77.0852 50.0000 35.5516 46.2001 50.4357
16199.0000 0.0363 76.6630 50.0000 35.3924 45.8484 50.2246
16200.0000 0.0351 76.7489 50.0000 35.7348 45.5692 50.3674
16201.0000 0.0389 77.1010 50.0000 35.8681 44.9423 51.3637
16202.0000 0.0423 76.8759 50.0000 36.0826 43.6708 51.9693
16203.0000 0.0446 76.6906 50.0000 35.7806 43.4954 52.0514
16204.0000 0.0457 76.5709 50.0000 35.8794 43.0295 52.1943
16205.0000 0.0437 76.2823 50.0000 35.8393 43.0560 51.7757
16206.0000 0.0441 76.5514 50.0000 35.9412 43.1666 52.0095
16207.0000 0.0428 76.5419 50.0000 36.2538 42.9312 51.9735
16208.0000 0.0410 76.4519 50.0000 35.8022 43.7794 51.4438
16209.0000 0.0491 76.3583 50.0000 35.4006 42.9210 52.2989
16210.0000 0.0494 76.6453 50.0000 35.9849 42.4421 52.7092
16211.0000 0.0467 76.9598 50.0000 36.0102 43.1717 52.5574
16212.0000 0.0483 77.0486 50.0000 35.9823 43.0723 52.7877
16213.0000 0.0445 76.7667 50.0000 36.3991 42.7483 52.3527
16214.0000 0.0458 76.7713 50.0000 35.9188 43.2055 52.3159
16215.0000 0.0481 77.1750 50.0000 35.3892 44.0966 52.5268
16216.0000 0.0474 76.9900 50.0000 35.4689 43.8603 52.3994
16217.0000 0.0442 76.8043 50.0000 35.5233 44.0935 51.8919
16218.0000 0.0407 76.7499 50.0000 35.7586 44.2789 51.4902
16219.0000 0.0393 76.7046 50.0000 36.1158 43.9233 51.4780
16220.0000 0.0357 76.4545 50.0000 36.1272 44.2621 50.8033
16221.0000 0.0436 77.0634 50.0000 35.9341 43.8995 52.1570
16222.0000 0.0435 76.8300 50.0000 35.5302 44.2412 51.7993
16223.0000 0.0492 76.8237 50.0000 35.0907 43.9271 52.3540
16224.0000 0.0471 76.6022 50.0000 34.8812 44.3108 51.8435
16225.0000 0.0414 76.8831 50.0000 35.6763 44.4521 51.5967
16226.0000 0.0408 76.7548 50.0000 35.5595 44.6036 51.3551
16227.0000 0.0373 76.9492 50.0000 35.5387 45.7218 50.6724
16228.0000 0.0399 76.6267 50.0000 35.2637 45.1359 50.9007
16229.0000 0.0405 76.9037 50.0000 35.8117 44.4423 51.5421
16230.0000 0.0411 76.5595 50.0000 35.3203 44.6752 51.1660
16231.0000 0.0352 76.6861 50.0000 35.8820 45.1568 50.5382
16232.0000 0.0365 76.8599 50.0000 36.0157 44.8566 50.9725
16233.0000 0.0380 77.0585 50.0000 36.1437 44.5920 51.4120
16234.0000 0.0398 77.0588 50.0000 35.4161 45.5007 51.1218
16235.0000 0.0407 76.5269 50.0000 35.8655 43.8167 51.4793
16236.0000 0.0401 76.6572 50.0000 35.9421 43.9777 51.4824
16237.0000 0.0378 76.5615 50.0000 35.9320 44.3162 51.0551
16238.0000 0.0342 76.4056 50.0000 35.7024 45.3639 50.0526
16239.0000 0.0351 76.3258 50.0000 35.4374 45.5563 49.9445
16240.0000 0.0303 76.5213 50.0000 36.1983 45.6043 49.6532
16241.0000 0.0279 76.7212 50.0000 36.4458 46.1955 49.2324
16242.0000 0.0342 76.9025 50.0000 35.6500 46.3160 49.9790
16243.0000 0.0373 76.8059 50.0000 35.1043 46.5060 50.0402
16244.0000 0.0376 76.9787 50.0000 35.2164 46.4191 50.3069
16245.0000 0.0333 76.6354 50.0000 35.6269 46.2022 49.6897
16246.0000 0.0369 76.8565 50.0000 35.1835 46.5617 50.0106
16247.0000 0.0383 76.6788 50.0000 35.4581 45.2135 50.7750
16248.0000 0.0401 76.2953 50.0000 35.3364 44.4816 50.9283
16249.0000 0.0394 76.5130 50.0000 35.3024 45.0242 50.8017
16250.0000 0.0385 76.5190 50.0000 35.6896 44.5172 50.9865
16251.0000 0.0330 75.8473 50.0000 36.0272 44.1760 50.0333
16252.0000 0.0344 75.7721 50.0000 35.9622 43.8728 50.2326
16253.0000 0.0324 75.4261 50.0000 35.5223 44.6779 49.3066
16254.0000 0.0318 75.6162 50.0000 35.5961 44.9810 49.2691
16255.0000 0.0369 76.0583 50.0000 34.9874 45.6318 49.7845
16256.0000 0.0330 76.1020 50.0000 35.4042 45.9546 49.2568
16257.0000 0.0335 75.8523 50.0000 35.3885 45.3650 49.4292
16258.0000 0.0275 75.4890 50.0000 35.8953 45.5057 48.3667
16259.0000 0.0263 75.1578 50.0000 35.8549 45.5064 47.8779
16260.0000 0.0308 75.3928 50.0000 35.1415 46.4075 47.9113
16261.0000 0.0289 75.5891 50.0000 35.5101 46.4969 47.8622
16262.0000 0.0270 75.4514 50.0000 35.6941 46.7862 47.2218
16263.0000 0.0277 75.4689 50.0000 35.6122 46.6324 47.4631
16264.0000 0.0332 75.4421 50.0000 34.8005 46.5080 48.1399
16265.0000 0.0308 75.2472 50.0000 35.0713 46.2760 47.8610
16266.0000 0.0354 75.6745 50.0000 34.5815 46.7720 48.4058
16267.0000 0.0292 75.4208 50.0000 35.4637 46.0593 48.0538
16268.0000 0.0298 75.2820 50.0000 35.2803 46.1055 47.9266
16269.0000 0.0265 75.3848 50.0000 36.1223 45.0867 48.4275
16270.0000 0.0273 75.3902 50.0000 35.9797 45.1571 48.4765
16271.0000 0.0291 75.2547 50.0000 35.4254 45.8570 48.0152
16272.0000 0.0311 75.2860 50.0000 35.2443 45.5513 48.4861
16273.0000 0.0336 75.3666 50.0000 34.8190 46.0356 48.4612
16274.0000 0.0322 75.0634 50.0000 35.0234 45.3257 48.5125
16275.0000 0.0340 75.2609 50.0000 34.6405 46.2420 48.2277
16276.0000 0.0348 75.3521 50.0000 34.7184 45.7879 48.7447
16277.0000 0.0391 75.2965 50.0000 34.2402 45.4699 49.2916
16278.0000 0.0353 75.4432 50.0000 34.6959 45.8428 48.8499
16279.0000 0.0364 75.2549 50.0000 34.3291 46.2047 48.4762
16280.0000 0.0366 75.6336 50.0000 34.3742 46.9525 48.3148
16281.0000 0.0346 76.0544 50.0000 34.9383 46.6577 48.8534
16282.0000 0.0337 76.2208 50.0000 35.1248 46.8306 48.8135
16283.0000 0.0290 76.0437 50.0000 35.7117 46.8076 48.1287
16284.0000 0.0254 76.0698 50.0000 36.3080 46.6435 47.8824
16285.0000 0.0246 75.9251 50.0000 36.3775 46.4323 47.8052
16286.0000 0.0285 76.0854 50.0000 35.9903 46.0091 48.7529
16287.0000 0.0256 76.3575 50.0000 36.7514 45.5850 49.0082
16288.0000 0.0279 76.2524 50.0000 36.0761 46.3932 48.5862
16289.0000 0.0250 76.2998 50.0000 36.5648 46.3269 48.3579
16290.0000 0.0229 76.2196 50.0000 37.0444 45.6287 48.5300
16291.0000 0.0308 76.5338 50.0000 35.9470 46.0831 49.4124
16292.0000 0.0396 76.8675 50.0000 35.1728 45.7481 50.7800
16293.0000 0.0389 76.5779 50.0000 34.8618 46.1909 50.1521
16294.0000 0.0387 77.1366 50.0000 34.9639 47.0612 50.1280
16295.0000 0.0433 77.2981 50.0000 34.4343 47.1879 50.6220
16296.0000 0.0438 77.4740 50.0000 34.4267 47.3868 50.7101
16297.0000 0.0466 77.0605 50.0000 34.0959 46.5976 51.0338
16298.0000 0.0479 77.2241 50.0000 33.8829 47.0303 51.0260
16299.0000 0.0486 77.3179 50.0000 33.8333 47.0765 51.1582
16300.0000 0.0538 77.0455 50.0000 33.2943 46.4884 51.6364
16301.0000 0.0482 76.6272 50.0000 33.7736 46.2022 50.9552
16302.0000 0.0543 77.0340 50.0000 33.2587 46.4180 51.7055
16303.0000 0.0594 77.3232 50.0000 32.3342 47.7502 51.5102
16304.0000 0.0586 76.9994 50.0000 32.6323 46.6944 51.8042
16305.0000 0.0616 77.0244 50.0000 32.3594 46.5975 52.0990
16306.0000 0.0553 77.2285 50.0000 33.2149 46.5657 51.8907
16307.0000 0.0502 76.8812 50.0000 33.5203 46.6663 51.0819
16308.0000 0.0550 76.8367 50.0000 32.8853 46.7894 51.3146
16309.0000 0.0501 76.8035 50.0000 33.1091 47.8331 50.1454
16310.0000 0.0513 76.4235 50.0000 32.8489 47.3779 50.1680
16311.0000 0.0477 76.0687 50.0000 33.0407 47.5867 49.2978
16312.0000 0.0490 76.0081 50.0000 33.0667 46.7205 50.0102
16313.0000 0.0515 75.9494 50.0000 32.6512 46.9761 49.9546
16314.0000 0.0457 75.8574 50.0000 33.2263 47.3509 49.0740
16315.0000 0.0438 75.4538 50.0000 33.4958 46.2368 49.3302
16316.0000 0.0354 74.8490 50.0000 34.3295 45.7420 48.2859
16317.0000 0.0316 74.7192 50.0000 34.8109 45.5702 47.9010
16318.0000 0.0340 74.7899 50.0000 34.9679 44.4164 48.9690
16319.0000 0.0311 74.6506 50.0000 35.0519 44.8578 48.2892
16320.0000 0.0294 74.3055 50.0000 35.3130 44.1755 48.1957
16321.0000 0.0317 74.6743 50.0000 35.2802 44.1850 48.7774
16322.0000 0.0357 75.0526 50.0000 34.8442 44.6261 49.2675
16323.0000 0.0378 75.2242 50.0000 34.5539 44.9603 49.4295
16324.0000 0.0345 74.9808 50.0000 34.7407 45.1105 48.7878
16325.0000 0.0389 74.9943 50.0000 34.1625 45.1928 49.1395
16326.0000 0.0370 74.7261 50.0000 34.4315 44.6573 49.0325
16327.0000 0.0348 74.6237 50.0000 34.8308 44.2046 49.0048
16328.0000 0.0351 74.7074 50.0000 34.8275 44.2802 49.0662
16329.0000 0.0315 74.7408 50.0000 35.1838 44.5720 48.5965
16330.0000 0.0318 74.8485 50.0000 35.2472 44.4935 48.7879
16331.0000 0.0347 75.1193 50.0000 34.9834 44.7016 49.2020
16332.0000 0.0334 75.1309 50.0000 34.8654 45.4424 48.6214
16333.0000 0.0338 75.0889 50.0000 34.8351 45.3099 48.7017
16334.0000 0.0315 74.8986 50.0000 35.0887 45.0879 48.4320
16335.0000 0.0309 74.5747 50.0000 35.0877 44.6914 48.3003
16336.0000 0.0335 74.5642 50.0000 35.0175 44.0654 48.9064
16337.0000 0.0333 74.3589 50.0000 35.0862 43.6703 48.8990
16338.0000 0.0381 74.0282 50.0000 34.8116 42.6856 49.4598
16339.0000 0.0378 74.1360 50.0000 35.0602 42.4903 49.6135
16340.0000 0.0347 73.9988 50.0000 35.5069 42.1734 49.3609
16341.0000 0.0323 73.8218 50.0000 35.6432 42.1865 48.9850
16342.0000 0.0321 73.8517 50.0000 35.6177 42.3086 48.9432
16343.0000 0.0346 73.8085 50.0000 35.1251 42.5456 49.0285
16344.0000 0.0419 74.1678 50.0000 34.3922 42.8436 49.8244
16345.0000 0.0404 74.1869 50.0000 34.2261 43.4346 49.4541
16346.0000 0.0418 74.2473 50.0000 34.4389 42.8814 49.8780
16347.0000 0.0375 74.3387 50.0000 34.6804 43.4543 49.3481
16348.0000 0.0333 74.1900 50.0000 35.1093 43.3798 48.8844
16349.0000 0.0330 74.4094 50.0000 35.1787 43.6506 48.9269
16350.0000 0.0289 74.6042 50.0000 35.8119 43.7427 48.6813
16351.0000 0.0240 73.9347 50.0000 35.7626 44.2894 47.1787
16352.0000 0.0246 73.7963 50.0000 35.7777 43.7447 47.4579
16353.0000 0.0245 73.4843 50.0000 36.0060 42.8221 47.6423
16354.0000 0.0190 73.2657 50.0000 36.6304 42.8248 46.8201
16355.0000 0.0212 73.3902 50.0000 36.6438 42.3626 47.4211
16356.0000 0.0206 73.3615 50.0000 36.3736 43.0018 47.0077
16357.0000 0.0254 73.2333 50.0000 36.1986 41.9193 47.9118
16358.0000 0.0259 73.2313 50.0000 35.7808 42.5033 47.7077
16359.0000 0.0256 73.3523 50.0000 35.8806 42.5734 47.7562
16360.0000 0.0292 73.7483 50.0000 35.6605 42.6906 48.4215
16361.0000 0.0304 73.8649 50.0000 35.8344 42.3107 48.8028
16362.0000 0.0271 74.1906 50.0000 35.8936 43.4136 48.2820
16363.0000 0.0314 74.8559 50.0000 35.9503 43.2575 49.3941
16364.0000 0.0301 74.8816 50.0000 36.2153 43.1304 49.3505
16365.0000 0.0341 75.0254 50.0000 35.9255 42.9830 49.9061
16366.0000 0.0333 74.8912 50.0000 36.0704 42.7495 49.8006
16367.0000 0.0331 74.8756 50.0000 35.8758 43.0585 49.6514
16368.0000 0.0355 74.7950 50.0000 35.6066 42.9288 49.8356
16369.0000 0.0379 74.7327 50.0000 35.4252 42.6775 50.0864
16370.0000 0.0348 74.8370 50.0000 35.5282 43.2405 49.6848
16371.0000 0.0349 74.9198 50.0000 36.1040 42.4366 50.0860
16372.0000 0.0361 74.9899 50.0000 36.2441 42.1277 50.3498
16373.0000 0.0425 74.9340 50.0000 35.7427 41.7350 50.9485
16374.0000 0.0493 74.9172 50.0000 35.8122 40.7026 51.7046
16375.0000 0.0509 74.8872 50.0000 35.9755 40.2850 51.8747
16376.0000 0.0517 74.8761 50.0000 35.9963 40.1467 51.9512
16377.0000 0.0547 75.0019 50.0000 36.2241 39.6791 52.3322
16378.0000 0.0511 74.9532 50.0000 36.4005 39.8383 52.0182
16379.0000 0.0540 74.8506 50.0000 35.7269 40.1547 52.0942
16380.0000 0.0478 74.5391 50.0000 36.0291 40.2210 51.3834
16381.0000 0.0461 74.8121 50.0000 36.3205 40.3878 51.4442
16382.0000 0.0486 74.9859 50.0000 36.3511 40.2332 51.7954
16383.0000 0.0601 75.4231 50.0000 36.2100 39.5329 53.0531
16384.0000 0.0512 75.0500 50.0000 36.2773 40.0759 52.0613
16385.0000 0.0542 75.6582 50.0000 36.5905 40.0233 52.7583
16386.0000 0.0545 75.2789 50.0000 36.1235 40.1136 52.4681
16387.0000 0.0547 74.9779 50.0000 36.1731 39.7075 52.3115
16388.0000 0.0503 74.4249 50.0000 36.2689 39.5164 51.5954
16389.0000 0.0508 74.6406 50.0000 36.2207 39.7410 51.7680
16390.0000 0.0602 74.6298 50.0000 35.9176 39.0105 52.5140
16391.0000 0.0526 74.5413 50.0000 36.3572 39.2739 51.8856
16392.0000 0.0585 74.6458 50.0000 36.2424 38.8610 52.4243
16393.0000 0.0555 74.1725 50.0000 36.2696 38.6553 51.8830
16394.0000 0.0536 74.3006 50.0000 35.9704 39.3298 51.7675
16395.0000 0.0470 74.4399 50.0000 36.3007 39.8920 51.3048
16396.0000 0.0501 74.7180 50.0000 36.2343 39.8890 51.7564
16397.0000 0.0543 74.9225 50.0000 36.3027 39.5424 52.2675
16398.0000 0.0536 74.6096 50.0000 36.1630 39.4490 51.9865
16399.0000 0.0559 74.3302 50.0000 36.0856 38.9812 51.9931
16400.0000 0.0535 74.4434 50.0000 36.5502 38.8584 51.9223
16401.0000 0.0537 74.8277 50.0000 36.3934 39.4138 52.1657
16402.0000 0.0524 74.5702 50.0000 36.4015 39.2744 51.8957
16403.0000 0.0513 74.6422 50.0000 36.6800 39.1752 51.8781
16404.0000 0.0586 75.0086 50.0000 36.2965 39.1693 52.6746
16405.0000 0.0547 75.0827 50.0000 36.2909 39.6906 52.3931
16406.0000 0.0472 74.8749 50.0000 36.9723 39.5770 51.7006
16407.0000 0.0502 74.8430 50.0000 36.2830 39.9567 51.8505
16408.0000 0.0479 74.7510 50.0000 36.2046 40.2278 51.5623
16409.0000 0.0500 74.6853 50.0000 35.9932 40.1503 51.6753
16410.0000 0.0484 74.9162 50.0000 36.1292 40.4373 51.6909
16411.0000 0.0487 74.3297 50.0000 36.1117 39.7774 51.3674
16412.0000 0.0417 73.9614 50.0000 36.4581 39.8526 50.5259
16413.0000 0.0367 73.7640 50.0000 35.9220 40.9776 49.7149
16414.0000 0.0348 73.9598 50.0000 36.0959 41.2745 49.6342
16415.0000 0.0331 73.9177 50.0000 35.9574 41.7018 49.3138
16416.0000 0.0361 73.7983 50.0000 35.5675 41.6015 49.5022
16417.0000 0.0377 73.9540 50.0000 35.7450 41.2944 49.8624
16418.0000 0.0369 73.7239 50.0000 35.7611 41.1102 49.6619
16419.0000 0.0450 74.0386 50.0000 35.2228 41.0121 50.5873
16420.0000 0.0362 73.7344 50.0000 35.6840 41.3415 49.5409
16421.0000 0.0385 73.6157 50.0000 35.7096 40.8071 49.7884
16422.0000 0.0386 73.3772 50.0000 35.7297 40.4869 49.6831
16423.0000 0.0428 73.4342 50.0000 35.1707 40.6779 50.0091
16424.0000 0.0421 73.4031 50.0000 34.8414 41.1765 49.7853
16425.0000 0.0461 73.6422 50.0000 34.7055 41.0641 50.3234
16426.0000 0.0487 73.9629 50.0000 34.5115 41.3301 50.7078
16427.0000 0.0478 73.9115 50.0000 34.5760 41.3140 50.6020
16428.0000 0.0429 73.6789 50.0000 34.7669 41.4952 49.9800
16429.0000 0.0398 73.2465 50.0000 34.6590 41.6045 49.3242
16430.0000 0.0376 73.4701 50.0000 34.9778 41.7806 49.2827
16431.0000 0.0381 73.3786 50.0000 35.0184 41.5298 49.3297
16432.0000 0.0419 73.3667 50.0000 34.7793 41.2458 49.7178
16433.0000 0.0405 73.7789 50.0000 34.4067 42.5485 49.4887
16434.0000 0.0370 73.8235 50.0000 35.1450 42.0911 49.4275
16435.0000 0.0358 73.8559 50.0000 35.4183 41.9287 49.4188
16436.0000 0.0380 73.6081 50.0000 35.8862 40.6545 49.7750
16437.0000 0.0338 73.4917 50.0000 36.1821 40.7631 49.2976
16438.0000 0.0334 73.5442 50.0000 35.8342 41.3537 49.1379
16439.0000 0.0369 73.6433 50.0000 35.9160 40.8108 49.6776
16440.0000 0.0357 73.8558 50.0000 35.9371 41.2318 49.6300
16441.0000 0.0354 74.1899 50.0000 36.0649 41.5000 49.8118
16442.0000 0.0373 74.3951 50.0000 36.3932 41.0311 50.2654
16443.0000 0.0416 74.9479 50.0000 36.1302 41.3870 50.9795
16444.0000 0.0394 74.9291 50.0000 36.3376 41.4101 50.7853
16445.0000 0.0382 74.9393 50.0000 36.7727 41.0515 50.7785
16446.0000 0.0362 74.7320 50.0000 36.4694 41.5032 50.3223
16447.0000 0.0386 75.1314 50.0000 36.4090 41.6775 50.8143
16448.0000 0.0376 75.3198 50.0000 36.4188 42.0416 50.7862
16449.0000 0.0348 75.3672 50.0000 36.8287 42.0072 50.5891
16450.0000 0.0351 75.6797 50.0000 37.0149 42.0918 50.8486
16451.0000 0.0381 76.0442 50.0000 37.1365 41.8934 51.4640
16452.0000 0.0311 75.5679 50.0000 37.5042 41.9686 50.4240
16453.0000 0.0366 75.8294 50.0000 36.4524 42.7920 50.8937
16454.0000 0.0385 75.6985 50.0000 36.4707 42.2879 51.1066
16455.0000 0.0233 74.9973 50.0000 37.6101 42.5503 48.9852
16456.0000 0.0230 74.6543 50.0000 37.9936 41.6500 48.9390
16457.0000 0.0237 74.6528 50.0000 37.4297 42.2826 48.8287
16458.0000 0.0244 74.8979 50.0000 37.9224 41.7783 49.2561
16459.0000 0.0218 74.8852 50.0000 38.2785 41.7847 48.9549
16460.0000 0.0239 74.6390 50.0000 38.2410 41.1518 49.1440
16461.0000 0.0275 74.7701 50.0000 38.3073 40.6311 49.7216
16462.0000 0.0364 74.8351 50.0000 38.0178 39.7492 50.7439
16463.0000 0.0417 75.2614 50.0000 37.7316 39.8387 51.5119
16464.0000 0.0340 75.1980 50.0000 38.5923 39.8474 50.7696
16465.0000 0.0353 75.3608 50.0000 38.0860 40.3981 50.9578
16466.0000 0.0397 75.7810 50.0000 37.4118 41.0385 51.5651
16467.0000 0.0403 75.8497 50.0000 37.3257 41.1294 51.6561
16468.0000 0.0387 75.5350 50.0000 37.6743 40.5895 51.3680
16469.0000 0.0357 75.6867 50.0000 38.2920 40.4716 51.2275
16470.0000 0.0348 75.7922 50.0000 38.6295 40.3370 51.2362
16471.0000 0.0257 75.4319 50.0000 39.3633 40.4641 50.0316
16472.0000 0.0241 75.4874 50.0000 39.5497 40.5881 49.8677
16473.0000 0.0215 75.4907 50.0000 39.1524 41.4738 49.4557
16474.0000 0.0251 75.1709 50.0000 38.5310 41.2176 49.6703
16475.0000 0.0251 74.9668 50.0000 38.1445 41.4461 49.4696
16476.0000 0.0233 74.5292 50.0000 38.2880 41.0668 49.0116
16477.0000 0.0273 74.6733 50.0000 37.6662 41.3144 49.5024
16478.0000 0.0241 74.7130 50.0000 38.1111 41.3686 49.1754
16479.0000 0.0236 75.0456 50.0000 38.5427 41.3159 49.3892
16480.0000 0.0229 74.8074 50.0000 38.8067 40.8435 49.2137
16481.0000 0.0179 74.8744 50.0000 38.6641 42.0372 48.4163
16482.0000 0.0212 75.0782 50.0000 38.7953 41.4680 49.1129
16483.0000 0.0170 74.9926 50.0000 39.2956 41.5623 48.5007
16484.0000 0.0159 74.9823 50.0000 39.1880 41.9147 48.2681
16485.0000 0.0160 74.7760 50.0000 38.4836 42.6139 47.9012
16486.0000 0.0158 74.7940 50.0000 38.8890 42.1061 48.0507
16487.0000 0.0155 75.1074 50.0000 38.6812 42.9045 48.0010
16488.0000 0.0133 74.8881 50.0000 39.1339 42.5029 47.6474
16489.0000 0.0191 74.9904 50.0000 38.3764 42.3414 48.5594
16490.0000 0.0272 75.5740 50.0000 37.8822 42.1506 49.9970
16491.0000 0.0255 75.6976 50.0000 38.0736 42.3618 49.8599
16492.0000 0.0283 75.7740 50.0000 37.7409 42.3827 50.2099
16493.0000 0.0244 75.1692 50.0000 37.6508 42.4802 49.2774
16494.0000 0.0236 75.4853 50.0000 38.1764 42.3141 49.4987
16495.0000 0.0208 75.3751 50.0000 38.5272 42.2483 49.1135
16496.0000 0.0217 75.1941 50.0000 38.4158 41.9974 49.1386
16497.0000 0.0191 75.0429 50.0000 38.4735 42.2661 48.6292
16498.0000 0.0216 74.7380 50.0000 38.5476 41.2912 48.9376
16499.0000 0.0200 74.4446 50.0000 38.2708 41.5989 48.4445
16500.0000 0.0192 74.1702 50.0000 38.4794 41.1486 48.2427
16501.0000 0.0188 74.2841 50.0000 38.1807 41.7613 48.1285
16502.0000 0.0175 74.3501 50.0000 38.2232 42.0774 47.9209
16503.0000 0.0175 74.1496 50.0000 38.0844 42.0263 47.7654
16504.0000 0.0180 74.3583 50.0000 37.8066 42.6052 47.7976
16505.0000 0.0217 74.3929 50.0000 37.7460 41.9049 48.5131
16506.0000 0.0228 74.5571 50.0000 37.6826 41.9727 48.7553
16507.0000 0.0170 74.3518 50.0000 38.3111 42.0672 47.8623
16508.0000 0.0161 74.4242 50.0000 38.2916 42.4223 47.6766
16509.0000 0.0185 74.6296 50.0000 38.3744 42.0141 48.2887
16510.0000 0.0192 74.5426 50.0000 38.5415 41.5364 48.4343
16511.0000 0.0195 74.9233 50.0000 38.2693 42.3137 48.5645
16512.0000 0.0240 75.0500 50.0000 37.6767 42.3781 49.1637
16513.0000 0.0232 74.9004 50.0000 38.3974 41.3838 49.2249
16514.0000 0.0270 75.5520 50.0000 37.9660 42.0396 49.9935
16515.0000 0.0269 75.7817 50.0000 37.9629 42.3475 50.0837
16516.0000 0.0250 75.6605 50.0000 38.1797 42.2619 49.8072
16517.0000 0.0287 75.8437 50.0000 38.7867 41.1078 50.5767
16518.0000 0.0254 76.0591 50.0000 39.0455 41.5780 50.3161
16519.0000 0.0237 76.1745 50.0000 39.4974 41.4797 50.2189
16520.0000 0.0178 75.7270 50.0000 39.7228 41.7542 49.1250
16521.0000 0.0150 75.6481 50.0000 40.3482 41.5033 48.7046
16522.0000 0.0185 75.8643 50.0000 40.2147 41.2227 49.3848
16523.0000 0.0174 75.4831 50.0000 38.9299 42.5703 48.6819
16524.0000 0.0212 75.4892 50.0000 38.9190 41.8132 49.3516
16525.0000 0.0224 75.3861 50.0000 38.1899 42.4053 49.2584
16526.0000 0.0259 75.5751 50.0000 38.3863 41.7310 49.9661
16527.0000 0.0241 76.0095 50.0000 39.3677 41.3587 50.1705
16528.0000 0.0236 75.9657 50.0000 39.6268 41.1153 50.1003
16529.0000 0.0193 76.0075 50.0000 39.7058 41.8268 49.5086
16530.0000 0.0213 76.1865 50.0000 39.6328 41.7446 49.9100
16531.0000 0.0216 76.1301 50.0000 39.8746 41.3564 49.9546
16532.0000 0.0257 76.3041 50.0000 39.3499 41.4552 50.5506
16533.0000 0.0277 76.1028 50.0000 38.6947 41.6655 50.5801
16534.0000 0.0251 76.2359 50.0000 39.2431 41.5955 50.4153
16535.0000 0.0296 76.5481 50.0000 38.7789 41.7808 51.0898
16536.0000 0.0330 76.6005 50.0000 38.6266 41.4893 51.5195
16537.0000 0.0363 76.4934 50.0000 37.6652 42.0311 51.6330
16538.0000 0.0332 75.8427 50.0000 37.5367 41.9079 50.8610
16539.0000 0.0335 75.9482 50.0000 37.9618 41.4554 51.0732
16540.0000 0.0380 75.7422 50.0000 37.8174 40.7486 51.4419
16541.0000 0.0317 75.7666 50.0000 38.1110 41.3505 50.7766
16542.0000 0.0359 75.7856 50.0000 37.9343 40.9533 51.2570
16543.0000 0.0379 75.7152 50.0000 37.3926 41.2322 51.3273
16544.0000 0.0348 75.8527 50.0000 37.1344 42.1921 50.9362
16545.0000 0.0310 75.7305 50.0000 37.5534 42.1148 50.5094
16546.0000 0.0252 75.5790 50.0000 37.6661 42.8294 49.5892
16547.0000 0.0228 75.7450 50.0000 38.0150 43.0285 49.4036
16548.0000 0.0215 75.4053 50.0000 37.3533 43.9793 48.5439
16549.0000 0.0213 75.4067 50.0000 37.6356 43.5407 48.7231
16550.0000 0.0232 75.5480 50.0000 37.6061 43.3124 49.1662
16551.0000 0.0200 75.2465 50.0000 37.5578 43.8001 48.3011
16552.0000 0.0202 75.1233 50.0000 37.4586 43.7215 48.2576
16553.0000 0.0173 75.5007 50.0000 37.8040 44.6190 47.7532
16554.0000 0.0156 75.5224 50.0000 38.2722 44.2363 47.7704
16555.0000 0.0171 75.4311 50.0000 38.3655 43.4270 48.2912
16556.0000 0.0194 75.5349 50.0000 37.8908 43.7880 48.5018
16557.0000 0.0206 75.3648 50.0000 37.6433 43.6492 48.5549
16558.0000 0.0220 75.5078 50.0000 37.1843 44.3577 48.4886
16559.0000 0.0253 75.8416 50.0000 36.9184 44.4405 49.1327
16560.0000 0.0257 75.9987 50.0000 36.8334 44.7286 49.1778
16561.0000 0.0255 76.4152 50.0000 37.0005 45.1068 49.3520
16562.0000 0.0232 76.3596 50.0000 37.2799 45.1477 49.0171
16563.0000 0.0263 76.4225 50.0000 36.7236 45.4999 49.2092
16564.0000 0.0281 76.2547 50.0000 36.4336 45.2903 49.3575
16565.0000 0.0280 76.2138 50.0000 36.2601 45.6821 49.0601
16566.0000 0.0271 76.1939 50.0000 36.3838 45.6698 48.9489
16567.0000 0.0238 76.0294 50.0000 36.6687 45.9867 48.1779
16568.0000 0.0281 76.2027 50.0000 36.1784 45.8818 48.9166
16569.0000 0.0267 76.1461 50.0000 36.3308 45.9107 48.6879
16570.0000 0.0266 76.0432 50.0000 36.2943 45.8461 48.6150
16571.0000 0.0266 76.0198 50.0000 36.1597 46.2865 48.2601
16572.0000 0.0313 75.7844 50.0000 35.5009 45.7083 48.9257
16573.0000 0.0279 75.5874 50.0000 35.9340 45.4412 48.5520
16574.0000 0.0312 75.5977 50.0000 35.4086 45.6291 48.7774
16575.0000 0.0309 75.7085 50.0000 35.6984 45.1857 49.1493
16576.0000 0.0325 75.8660 50.0000 35.4798 45.4853 49.2740
16577.0000 0.0329 75.4802 50.0000 35.3227 45.0661 49.1794
16578.0000 0.0404 75.7649 50.0000 34.6424 44.9513 50.1957
16579.0000 0.0326 75.6955 50.0000 35.3151 45.5645 49.0564
16580.0000 0.0348 75.6783 50.0000 34.8514 46.0244 48.9320
16581.0000 0.0330 75.6055 50.0000 35.1703 45.6340 48.9569
16582.0000 0.0310 75.1904 50.0000 35.1812 45.6061 48.3319
16583.0000 0.0296 75.3465 50.0000 35.6115 45.2094 48.6315
16584.0000 0.0296 75.3628 50.0000 36.1000 44.1383 49.2763
16585.0000 0.0290 75.3531 50.0000 36.3183 43.8818 49.3301
16586.0000 0.0323 75.4762 50.0000 36.2301 43.4752 49.9394
16587.0000 0.0303 75.7030 50.0000 36.7679 43.3287 50.0168
16588.0000 0.0359 75.8402 50.0000 35.8345 43.8861 50.4147
16589.0000 0.0388 75.7933 50.0000 35.5133 43.7598 50.6805
16590.0000 0.0390 76.2175 50.0000 35.7329 43.9324 51.0118
16591.0000 0.0423 76.2014 50.0000 35.5191 43.6475 51.3805
16592.0000 0.0357 75.9265 50.0000 36.1104 43.5956 50.5993
16593.0000 0.0395 76.1434 50.0000 35.7566 43.7139 51.0722
16594.0000 0.0445 76.0889 50.0000 35.1651 43.6667 51.4407
16595.0000 0.0425 75.8012 50.0000 35.0458 43.8289 50.9572
16596.0000 0.0411 75.8104 50.0000 35.5162 43.3598 51.0464
16597.0000 0.0421 75.5739 50.0000 35.2271 43.3286 50.9226
16598.0000 0.0367 75.3104 50.0000 35.5705 43.4381 50.1949
16599.0000 0.0341 75.4617 50.0000 35.6828 43.9874 49.8628
16600.0000 0.0362 75.3545 50.0000 35.3133 44.0356 49.9213
16601.0000 0.0306 75.2227 50.0000 35.7446 44.3767 49.1068
16602.0000 0.0334 75.0693 50.0000 35.2431 44.4302 49.1861
16603.0000 0.0316 75.2919 50.0000 35.6911 44.3354 49.2889
16604.0000 0.0413 75.3252 50.0000 35.0219 43.4672 50.5763
16605.0000 0.0435 75.5214 50.0000 34.8252 43.6383 50.8565
16606.0000 0.0416 75.7906 50.0000 35.0355 44.0124 50.7901
16607.0000 0.0451 75.6560 50.0000 34.7129 43.7154 51.0668
16608.0000 0.0467 75.9412 50.0000 34.5949 43.9745 51.3469
16609.0000 0.0418 75.5612 50.0000 34.3382 44.9298 50.1168
16610.0000 0.0386 75.2367 50.0000 34.4203 45.0833 49.4298
16611.0000 0.0393 75.0585 50.0000 34.1028 45.3236 49.1585
16612.0000 0.0401 75.1873 50.0000 33.8846 45.9215 48.9508
16613.0000 0.0377 75.1257 50.0000 34.0586 46.2748 48.3997
16614.0000 0.0353 75.3443 50.0000 34.4595 46.5144 48.2256
16615.0000 0.0353 75.3255 50.0000 34.7456 45.4621 48.9885
16616.0000 0.0428 76.0919 50.0000 34.2494 45.6974 50.2863
16617.0000 0.0407 75.8449 50.0000 34.5011 45.3123 50.0891
16618.0000 0.0389 76.1738 50.0000 35.0871 45.0435 50.4226
16619.0000 0.0406 76.1320 50.0000 34.8682 45.0175 50.5343
16620.0000 0.0388 76.2241 50.0000 34.9673 45.3916 50.2693
16621.0000 0.0382 76.3525 50.0000 34.9879 45.7298 50.1431
16622.0000 0.0404 76.3734 50.0000 34.6065 46.0102 50.1832
16623.0000 0.0382 76.6197 50.0000 34.8940 46.4352 49.9675
16624.0000 0.0374 76.3941 50.0000 34.7975 46.6106 49.5242
16625.0000 0.0431 76.3685 50.0000 34.0004 46.7727 49.8842
16626.0000 0.0383 76.1733 50.0000 34.3788 47.2923 48.8253
16627.0000 0.0381 76.1156 50.0000 34.6513 46.1874 49.5942
16628.0000 0.0399 76.2245 50.0000 34.4238 46.4093 49.7128
16629.0000 0.0408 75.8501 50.0000 34.3178 45.7051 49.8655
16630.0000 0.0383 75.7436 50.0000 34.4208 46.0802 49.2840
16631.0000 0.0417 76.0640 50.0000 34.0772 46.4601 49.6582
16632.0000 0.0414 76.3234 50.0000 34.1925 46.7284 49.7252
16633.0000 0.0348 76.1985 50.0000 34.9141 47.0419 48.7265
16634.0000 0.0352 76.2858 50.0000 34.8589 47.3849 48.5701
16635.0000 0.0345 76.2647 50.0000 34.9217 47.5789 48.3015
16636.0000 0.0326 76.1119 50.0000 35.1274 47.4875 48.0003
16637.0000 0.0314 76.3618 50.0000 35.4300 47.5845 48.0786
16638.0000 0.0317 76.4630 50.0000 35.4557 47.4267 48.3755
16639.0000 0.0339 76.3422 50.0000 35.0722 47.4314 48.4597
16640.0000 0.0373 76.7507 50.0000 34.7934 47.5887 49.1468
16641.0000 0.0353 76.5817 50.0000 35.0329 47.2707 49.0197
16642.0000 0.0305 76.3909 50.0000 35.6065 47.3539 48.2219
16643.0000 0.0322 76.4217 50.0000 35.3934 47.1455 48.6300
16644.0000 0.0325 76.5484 50.0000 35.3849 47.4347 48.5542
16645.0000 0.0317 76.6097 50.0000 35.5111 47.5799 48.4166
16646.0000 0.0297 76.5693 50.0000 35.7902 47.6220 48.1047
16647.0000 0.0291 76.5093 50.0000 35.8658 47.4630 48.1101
16648.0000 0.0320 76.7204 50.0000 35.6037 47.1516 48.9400
16649.0000 0.0333 76.9228 50.0000 35.4487 47.5735 48.9620
16650.0000 0.0376 77.4918 50.0000 35.2013 47.5297 50.0676
16651.0000 0.0385 77.1930 50.0000 34.8650 47.6319 49.7433
16652.0000 0.0386 77.4107 50.0000 34.9454 47.7889 49.8744
16653.0000 0.0429 77.5773 50.0000 34.5269 47.6252 50.5763
16654.0000 0.0397 77.7146 50.0000 35.1868 47.1470 50.7800
16655.0000 0.0350 77.4365 50.0000 35.8300 46.5370 50.4672
16656.0000 0.0285 77.1602 50.0000 36.4205 46.9807 49.1941
16657.0000 0.0295 77.6704 50.0000 36.5122 47.2761 49.6439
16658.0000 0.0294 77.9786 50.0000 36.7009 47.3369 49.9293
16659.0000 0.0251 77.9827 50.0000 37.2163 48.2800 48.6343
16660.0000 0.0234 77.4293 50.0000 37.2476 47.9564 48.0428
16661.0000 0.0210 77.4322 50.0000 37.6905 47.5730 48.0831
16662.0000 0.0211 77.3978 50.0000 37.6526 47.4403 48.1884
16663.0000 0.0222 77.4790 50.0000 37.5323 47.3170 48.5328
16664.0000 0.0210 77.7621 50.0000 37.8835 47.3903 48.6408
16665.0000 0.0236 78.1693 50.0000 37.6211 47.7881 49.1059
16666.0000 0.0220 77.9618 50.0000 37.8675 47.2871 49.0716
16667.0000 0.0243 78.2722 50.0000 37.5855 47.6534 49.4270
16668.0000 0.0237 78.4804 50.0000 37.8986 47.3605 49.7981
16669.0000 0.0250 78.1975 50.0000 37.4744 47.4755 49.5640
16670.0000 0.0209 77.9930 50.0000 38.0800 47.2097 49.0313
16671.0000 0.0187 77.7469 50.0000 38.3951 46.8562 48.7328
16672.0000 0.0246 78.0659 50.0000 37.4632 47.4837 49.3568
16673.0000 0.0260 77.8849 50.0000 37.0379 47.9763 48.9135
16674.0000 0.0238 77.4209 50.0000 37.2270 47.3520 48.6409
16675.0000 0.0274 77.3755 50.0000 36.6282 47.3499 49.0239
16676.0000 0.0313 77.5410 50.0000 36.1095 47.4877 49.5341
16677.0000 0.0352 78.0714 50.0000 35.6884 48.3362 49.8508
16678.0000 0.0297 77.9423 50.0000 36.5123 47.9016 49.4701
16679.0000 0.0308 78.0841 50.0000 36.4705 47.7225 49.8957
16680.0000 0.0330 77.8734 50.0000 35.9447 48.0522 49.6310
16681.0000 0.0358 78.4471 50.0000 35.7439 48.8073 49.9416
16682.0000 0.0314 77.9295 50.0000 36.2623 47.8471 49.6861
16683.0000 0.0333 77.7276 50.0000 35.8962 47.6742 49.8017
16684.0000 0.0358 78.2450 50.0000 35.6430 48.7671 49.7357
16685.0000 0.0356 77.6989 50.0000 35.4466 48.2007 49.5716
16686.0000 0.0364 77.9521 50.0000 35.4083 48.7007 49.5078
16687.0000 0.0347 77.9944 50.0000 35.7007 48.5413 49.5209
16688.0000 0.0360 78.2526 50.0000 35.6135 48.8070 49.7296
16689.0000 0.0378 78.3812 50.0000 35.3813 49.2749 49.6362
16690.0000 0.0297 78.2252 50.0000 36.5849 48.5063 49.2733
16691.0000 0.0250 78.2488 50.0000 37.3565 48.3760 48.8583
16692.0000 0.0264 78.3022 50.0000 37.1609 48.3545 49.1135
16693.0000 0.0299 78.4131 50.0000 36.6232 48.7833 49.2702
16694.0000 0.0300 78.0979 50.0000 36.4536 48.7011 48.9756
16695.0000 0.0296 78.3942 50.0000 36.6792 48.5383 49.4401
16696.0000 0.0320 78.7870 50.0000 36.4807 48.9216 49.8319
16697.0000 0.0364 78.8890 50.0000 35.9434 48.5852 50.7053
16698.0000 0.0353 78.7120 50.0000 35.9536 48.8555 50.1604
16699.0000 0.0348 78.3636 50.0000 35.8842 48.5366 49.9737
16700.0000 0.0329 78.6761 50.0000 36.4208 48.1589 50.4399
16701.0000 0.0346 79.0132 50.0000 36.3245 48.4042 50.8000
16702.0000 0.0356 79.0073 50.0000 36.1425 48.5572 50.7748
16703.0000 0.0353 78.4809 50.0000 35.8880 48.4828 50.2067
16704.0000 0.0321 78.5136 50.0000 36.3254 48.8593 49.5744
16705.0000 0.0375 78.7369 50.0000 35.5885 49.5116 49.8152
16706.0000 0.0321 78.2385 50.0000 36.2373 48.3621 49.6913
16707.0000 0.0321 78.2506 50.0000 36.3511 47.8126 50.1569
16708.0000 0.0342 78.3569 50.0000 36.2360 47.4665 50.7314
16709.0000 0.0438 78.6348 50.0000 34.8787 48.2950 51.3274
16710.0000 0.0465 78.8710 50.0000 34.8257 47.8813 52.1075
16711.0000 0.0414 78.5280 50.0000 35.1253 48.3005 50.9895
16712.0000 0.0373 78.2260 50.0000 35.5676 47.9781 50.5208
16713.0000 0.0382 78.3315 50.0000 35.4790 48.1030 50.6277
16714.0000 0.0361 78.2163 50.0000 35.7219 47.9858 50.3895
16715.0000 0.0362 78.3645 50.0000 35.7252 48.3432 50.2757
16716.0000 0.0391 78.8737 50.0000 35.5719 48.5536 50.9729
16717.0000 0.0439 78.9080 50.0000 34.9145 48.6911 51.3480
16718.0000 0.0463 79.0644 50.0000 34.8361 48.2767 52.0287
16719.0000 0.0500 78.7106 50.0000 34.4363 47.5521 52.4242
16720.0000 0.0545 78.1608 50.0000 33.8234 46.8815 52.6043
16721.0000 0.0574 78.4430 50.0000 33.5295 47.2436 52.8878
16722.0000 0.0569 78.2979 50.0000 33.4502 47.3056 52.6671
16723.0000 0.0595 78.3360 50.0000 33.0058 47.7051 52.6439
16724.0000 0.0610 78.6643 50.0000 32.9239 48.0275 52.8909
16725.0000 0.0603 78.5498 50.0000 32.9448 47.9786 52.7519
16726.0000 0.0529 78.4069 50.0000 33.6184 48.2379 51.8705
16727.0000 0.0598 78.7719 50.0000 32.9278 48.5478 52.5727
16728.0000 0.0663 78.7272 50.0000 32.2109 48.4134 53.0714
16729.0000 0.0737 78.9840 50.0000 31.5465 48.4759 53.7902
16730.0000 0.0716 78.7281 50.0000 31.7504 48.1405 53.5959
16731.0000 0.0672 77.8733 50.0000 32.0888 47.1517 53.0215
16732.0000 0.0622 77.2616 50.0000 32.5298 46.4559 52.4692
16733.0000 0.0652 77.4238 50.0000 32.7301 45.7384 53.2089
16734.0000 0.0602 77.1937 50.0000 33.2258 45.4777 52.7892
16735.0000 0.0573 77.3787 50.0000 33.8199 45.2542 52.8747
16736.0000 0.0601 77.2665 50.0000 33.5427 45.0792 53.0364
16737.0000 0.0596 77.4944 50.0000 33.6401 45.2867 53.1304
16738.0000 0.0629 77.3726 50.0000 33.2096 45.2809 53.2286
16739.0000 0.0610 77.3912 50.0000 33.2254 45.6041 52.9693
16740.0000 0.0599 77.4739 50.0000 33.2189 45.9204 52.8207
16741.0000 0.0570 77.3947 50.0000 33.3914 46.0702 52.4641
16742.0000 0.0590 76.9664 50.0000 33.1073 45.6015 52.4236
16743.0000 0.0496 76.8417 50.0000 33.7991 46.1136 51.3401
16744.0000 0.0489 76.9633 50.0000 33.7370 46.6428 51.0843
16745.0000 0.0492 76.9193 50.0000 33.7197 46.5218 51.1398
16746.0000 0.0538 76.9637 50.0000 33.2051 46.5600 51.5072
16747.0000 0.0481 76.4442 50.0000 33.7876 45.8974 50.9466
16748.0000 0.0489 76.8218 50.0000 33.5964 46.7483 50.8672
16749.0000 0.0535 77.3124 50.0000 33.2316 47.1464 51.4789
16750.0000 0.0518 77.3285 50.0000 33.6323 46.6724 51.6746
16751.0000 0.0503 77.3726 50.0000 33.8650 46.6257 51.6306
16752.0000 0.0557 77.3353 50.0000 32.9347 47.2957 51.5672
16753.0000 0.0566 77.4916 50.0000 33.0113 47.1131 51.9188
16754.0000 0.0515 77.0723 50.0000 33.6196 46.3797 51.5634
16755.0000 0.0512 77.0583 50.0000 33.5042 46.7066 51.3219
16756.0000 0.0570 77.4502 50.0000 32.9357 47.1083 51.9095
16757.0000 0.0512 77.1296 50.0000 33.5047 46.8193 51.3260
16758.0000 0.0548 77.4535 50.0000 33.1936 47.1010 51.7565
16759.0000 0.0551 77.4257 50.0000 33.0234 47.4074 51.5435
16760.0000 0.0565 77.5585 50.0000 32.9163 47.4752 51.7488
16761.0000 0.0578 77.7997 50.0000 32.7497 47.9668 51.7632
16762.0000 0.0582 77.8014 50.0000 33.0062 47.1879 52.3159
16763.0000 0.0532 77.6614 50.0000 33.6569 46.7942 52.0462
16764.0000 0.0527 77.3455 50.0000 33.3838 47.0400 51.5275
16765.0000 0.0522 77.3086 50.0000 33.4661 46.9395 51.5104
16766.0000 0.0594 77.5089 50.0000 32.4634 47.7282 51.7279
16767.0000 0.0617 77.4141 50.0000 32.4781 46.9164 52.3161
16768.0000 0.0584 77.0221 50.0000 32.7345 46.5378 51.9142
16769.0000 0.0545 77.0080 50.0000 32.9466 47.0655 51.2796
16770.0000 0.0546 77.1459 50.0000 32.9242 47.3198 51.2672
16771.0000 0.0583 77.4044 50.0000 32.4506 47.9327 51.3892
16772.0000 0.0563 77.0469 50.0000 32.7857 47.0102 51.4915
16773.0000 0.0617 77.3722 50.0000 32.4666 46.8786 52.2950
16774.0000 0.0593 77.0686 50.0000 32.6557 46.5695 52.0044
16775.0000 0.0645 77.4480 50.0000 32.3123 46.6770 52.6818
16776.0000 0.0573 76.8069 50.0000 32.8871 46.1626 51.8339
16777.0000 0.0595 76.7161 50.0000 32.5367 46.2473 51.8452
16778.0000 0.0557 76.5575 50.0000 33.1930 45.5424 51.8186
16779.0000 0.0598 76.9494 50.0000 32.7374 46.1146 52.1816
16780.0000 0.0512 76.2447 50.0000 33.0807 46.3825 50.6713
16781.0000 0.0535 75.9143 50.0000 32.9190 45.6304 50.9626
16782.0000 0.0533 75.5245 50.0000 32.6528 45.6645 50.5223
16783.0000 0.0500 75.5134 50.0000 32.8283 46.1488 49.9487
16784.0000 0.0506 75.4307 50.0000 32.5383 46.6607 49.5361
16785.0000 0.0469 75.2195 50.0000 32.8274 46.7547 48.9319
16786.0000 0.0478 75.4749 50.0000 32.7505 47.3518 48.8024
16787.0000 0.0473 75.3357 50.0000 32.7880 47.0159 48.8868
16788.0000 0.0474 75.6228 50.0000 32.8071 48.0253 48.3329
16789.0000 0.0512 76.2445 50.0000 32.6423 47.8740 49.5559
16790.0000 0.0536 76.1974 50.0000 32.4435 47.3514 50.1129
16791.0000 0.0604 76.2997 50.0000 31.7627 47.2004 50.8419
16792.0000 0.0532 75.7734 50.0000 32.3006 47.1148 49.7842
16793.0000 0.0547 75.6511 50.0000 32.0786 47.0131 49.8379
16794.0000 0.0540 75.1251 50.0000 31.8309 47.1945 49.0230
16795.0000 0.0511 75.1036 50.0000 32.1871 47.0835 48.8639
16796.0000 0.0522 75.3856 50.0000 32.3173 46.6583 49.6144
16797.0000 0.0491 74.9947 50.0000 32.6992 45.8228 49.5503
16798.0000 0.0451 74.9066 50.0000 33.0749 45.9698 49.0288
16799.0000 0.0417 74.8864 50.0000 33.4351 46.1109 48.6194
16800.0000 0.0376 74.7064 50.0000 34.0274 45.4779 48.5278
16801.0000 0.0431 74.8210 50.0000 33.4991 45.2722 49.2587
16802.0000 0.0404 74.7715 50.0000 33.7184 45.5050 48.8175
16803.0000 0.0470 75.1913 50.0000 32.9764 46.1406 49.3694
16804.0000 0.0441 75.0903 50.0000 33.3861 45.7471 49.3065
16805.0000 0.0454 75.2570 50.0000 33.1768 46.2348 49.2470
16806.0000 0.0478 75.0248 50.0000 32.8421 45.9133 49.4174
16807.0000 0.0480 74.9902 50.0000 32.8066 45.8834 49.4164
16808.0000 0.0445 74.8268 50.0000 33.2007 45.6312 49.1381
16809.0000 0.0469 74.7803 50.0000 32.7211 46.1650 48.8898
16810.0000 0.0423 74.6431 50.0000 33.1608 46.3996 48.1564
16811.0000 0.0436 74.7689 50.0000 33.0643 46.4132 48.4040
16812.0000 0.0428 75.0364 50.0000 33.3559 46.2496 48.7731
16813.0000 0.0447 75.2226 50.0000 33.0924 46.8043 48.7103
16814.0000 0.0471 75.0517 50.0000 32.8476 46.2381 49.1511
16815.0000 0.0397 74.6184 50.0000 33.7124 45.4503 48.6380
16816.0000 0.0445 74.9840 50.0000 33.1041 46.2886 48.8271
16817.0000 0.0468 74.7004 50.0000 32.7018 46.0907 48.8508
16818.0000 0.0430 74.6045 50.0000 33.0936 46.1663 48.3666
16819.0000 0.0418 74.6855 50.0000 33.3591 45.9042 48.5582
16820.0000 0.0421 74.6762 50.0000 33.3033 45.9541 48.5350
16821.0000 0.0463 75.1754 50.0000 33.0176 46.2274 49.2362
16822.0000 0.0479 75.3259 50.0000 32.9639 46.1009 49.6194
16823.0000 0.0492 75.0991 50.0000 33.0120 45.2071 50.0640
16824.0000 0.0470 75.0380 50.0000 33.4882 44.6280 50.1756
16825.0000 0.0528 75.0632 50.0000 33.2789 43.8890 50.9977
16826.0000 0.0460 74.5304 50.0000 33.7547 43.6284 50.1195
16827.0000 0.0469 75.0375 50.0000 33.3112 45.0398 49.9240
16828.0000 0.0474 75.2977 50.0000 33.5080 44.8925 50.3153
16829.0000 0.0483 75.5460 50.0000 33.6034 44.8605 50.6513
16830.0000 0.0460 75.6095 50.0000 33.6703 45.3674 50.2484
16831.0000 0.0483 75.6461 50.0000 33.4516 45.3303 50.4826
16832.0000 0.0498 75.8062 50.0000 33.4662 45.2013 50.8275
16833.0000 0.0435 75.3999 50.0000 33.8072 45.3916 49.8178
16834.0000 0.0398 75.2942 50.0000 34.2757 45.1630 49.5449
16835.0000 0.0373 75.0195 50.0000 34.4617 44.9901 49.1549
16836.0000 0.0332 74.9955 50.0000 34.8695 45.2355 48.6024
16837.0000 0.0325 74.9132 50.0000 35.1579 44.6204 48.8358
16838.0000 0.0298 74.8683 50.0000 35.5158 44.5160 48.6026
16839.0000 0.0315 74.9474 50.0000 35.6817 43.8443 49.2098
16840.0000 0.0273 75.0911 50.0000 36.4780 43.6055 49.0571
16841.0000 0.0295 75.1020 50.0000 36.3149 43.4022 49.3740
16842.0000 0.0281 75.0892 50.0000 36.4468 43.4698 49.1976
16843.0000 0.0298 75.0864 50.0000 36.4052 43.1703 49.4870
16844.0000 0.0337 75.1861 50.0000 35.7876 43.5119 49.7886
16845.0000 0.0355 74.9949 50.0000 35.4611 43.4296 49.8058
16846.0000 0.0357 75.3511 50.0000 35.2530 44.2592 49.7607
16847.0000 0.0315 75.4524 50.0000 36.0783 43.8711 49.6664
16848.0000 0.0284 75.2308 50.0000 36.6245 43.3209 49.4129
16849.0000 0.0265 74.7801 50.0000 36.6054 43.1320 48.9055
16850.0000 0.0301 74.5638 50.0000 36.7350 41.9411 49.5100
16851.0000 0.0378 75.0928 50.0000 36.5201 41.6083 50.7341
16852.0000 0.0317 74.9187 50.0000 36.4799 42.4723 49.7808
16853.0000 0.0278 74.9686 50.0000 37.1889 42.2271 49.5394
16854.0000 0.0317 75.2838 50.0000 36.9253 42.2934 50.1542
16855.0000 0.0322 75.3622 50.0000 36.4292 43.0119 50.0235
16856.0000 0.0354 75.4235 50.0000 35.8192 43.4438 50.1830
16857.0000 0.0413 75.7766 50.0000 35.5524 43.2355 51.0766
16858.0000 0.0398 75.2572 50.0000 35.0742 43.5657 50.3535
16859.0000 0.0467 75.8106 50.0000 34.3076 44.2821 51.0815
16860.0000 0.0481 75.8615 50.0000 34.5248 43.7431 51.4738
16861.0000 0.0423 75.6033 50.0000 34.7291 44.1289 50.6201
16862.0000 0.0439 75.6480 50.0000 34.3277 44.5824 50.5632
16863.0000 0.0394 75.4705 50.0000 34.8652 44.3147 50.1640
16864.0000 0.0440 75.9261 50.0000 34.4478 44.7413 50.7576
16865.0000 0.0416 75.6738 50.0000 34.3228 45.1946 50.0591
16866.0000 0.0411 75.7172 50.0000 34.6592 44.6760 50.3576
16867.0000 0.0480 75.9834 50.0000 33.8609 45.0815 50.9370
16868.0000 0.0444 76.2594 50.0000 34.6154 44.8229 51.0703
16869.0000 0.0499 76.2675 50.0000 34.3278 44.2636 51.7597
16870.0000 0.0494 75.9935 50.0000 34.5334 43.6771 51.7181
16871.0000 0.0440 75.7703 50.0000 34.7391 44.0145 50.9613
16872.0000 0.0475 75.8318 50.0000 34.3670 44.0598 51.2650
16873.0000 0.0426 75.3638 50.0000 34.5290 44.0914 50.4321
16874.0000 0.0449 75.3998 50.0000 34.4014 43.9209 50.7211
16875.0000 0.0432 75.4935 50.0000 34.4334 44.3211 50.4902
16876.0000 0.0396 75.7434 50.0000 34.9287 44.5448 50.3270
16877.0000 0.0391 75.9811 50.0000 35.3496 44.2339 50.6645
16878.0000 0.0388 75.7547 50.0000 35.6231 43.5341 50.7400
16879.0000 0.0433 76.0968 50.0000 35.1805 43.8675 51.2707
16880.0000 0.0400 75.7246 50.0000 35.1306 44.0733 50.5727
16881.0000 0.0365 75.5844 50.0000 35.2646 44.4033 49.9775
16882.0000 0.0330 75.3601 50.0000 35.6723 44.1200 49.5989
16883.0000 0.0337 75.7520 50.0000 35.9664 43.9953 50.0918
16884.0000 0.0344 75.9769 50.0000 36.1369 43.8780 50.4117
16885.0000 0.0413 76.5593 50.0000 35.5574 44.2436 51.3760
16886.0000 0.0367 76.6569 50.0000 35.9111 44.7074 50.8716
16887.0000 0.0408 76.8285 50.0000 35.9008 44.1383 51.6291
16888.0000 0.0437 76.7688 50.0000 35.9368 43.5048 52.0511
16889.0000 0.0444 76.1706 50.0000 35.8152 42.8411 51.8060
16890.0000 0.0522 76.6189 50.0000 35.8582 42.1917 52.9576
16891.0000 0.0482 75.8587 50.0000 35.7549 41.9941 52.0829
16892.0000 0.0430 75.3717 50.0000 35.7974 42.1107 51.2457
16893.0000 0.0344 75.3437 50.0000 36.4665 42.5456 50.3661
16894.0000 0.0328 75.5018 50.0000 37.1367 42.0812 50.5031
16895.0000 0.0372 75.7508 50.0000 37.3776 41.3929 51.2614
16896.0000 0.0367 75.5595 50.0000 36.6825 42.1268 50.8818
16897.0000 0.0374 75.6548 50.0000 36.6683 42.1585 51.0074
16898.0000 0.0466 76.0883 50.0000 36.3598 41.7138 52.2240
16899.0000 0.0436 76.0918 50.0000 36.7466 41.6461 52.0120
16900.0000 0.0427 76.1149 50.0000 36.5394 42.0699 51.8506
16901.0000 0.0452 76.3203 50.0000 36.2982 42.2522 52.1726
16902.0000 0.0375 76.1016 50.0000 36.8206 42.4771 51.2970
16903.0000 0.0392 76.4742 50.0000 36.9517 42.4719 51.7592
16904.0000 0.0378 76.5436 50.0000 37.0387 42.6640 51.6415
16905.0000 0.0417 76.6054 50.0000 37.2318 41.9109 52.2078
16906.0000 0.0389 76.6033 50.0000 37.2397 42.3101 51.8760
16907.0000 0.0369 76.4475 50.0000 36.7030 43.1525 51.3320
16908.0000 0.0346 76.3239 50.0000 36.9209 43.0919 51.0419
16909.0000 0.0400 76.6400 50.0000 36.6635 42.9399 51.8233
16910.0000 0.0408 76.6240 50.0000 36.2255 43.3892 51.7333
16911.0000 0.0440 76.8442 50.0000 35.9736 43.5012 52.1399
16912.0000 0.0409 76.7641 50.0000 36.2423 43.5366 51.8052
16913.0000 0.0451 76.7490 50.0000 35.6788 43.6381 52.0879
16914.0000 0.0440 76.2296 50.0000 35.8696 42.8986 51.8077
16915.0000 0.0482 76.3107 50.0000 36.0817 42.0963 52.4341
16916.0000 0.0486 76.0799 50.0000 36.1113 41.7465 52.3579
16917.0000 0.0445 75.9923 50.0000 36.3650 41.8878 51.9406
16918.0000 0.0414 75.6109 50.0000 36.4178 41.8170 51.4012
16919.0000 0.0414 75.9199 50.0000 36.5605 42.0010 51.6050
16920.0000 0.0463 76.0530 50.0000 36.2050 41.9084 52.1244
16921.0000 0.0451 76.3338 50.0000 36.7695 41.6918 52.3130
16922.0000 0.0403 75.8147 50.0000 37.0023 41.4878 51.5506
16923.0000 0.0431 76.1426 50.0000 36.2823 42.3777 51.8211
16924.0000 0.0455 76.1510 50.0000 36.2527 42.0739 52.1010
16925.0000 0.0453 75.9741 50.0000 36.4773 41.6093 52.0590
16926.0000 0.0508 76.1454 50.0000 36.2165 41.3989 52.6556
16927.0000 0.0538 76.2301 50.0000 36.1574 41.1859 52.9847
16928.0000 0.0602 76.2850 50.0000 35.9958 40.6748 53.5655
16929.0000 0.0531 76.0971 50.0000 36.1005 41.1972 52.8235
16930.0000 0.0492 76.1687 50.0000 36.0032 41.9000 52.4388
16931.0000 0.0454 76.0436 50.0000 36.8788 41.2008 52.2022
16932.0000 0.0423 75.8656 50.0000 36.8688 41.4250 51.7712
16933.0000 0.0467 76.1451 50.0000 36.1652 42.0134 52.2017
16934.0000 0.0535 76.3481 50.0000 35.6180 42.0144 52.8694
16935.0000 0.0522 76.0320 50.0000 36.0736 41.2730 52.6887
16936.0000 0.0517 75.9202 50.0000 36.4755 40.7328 52.6712
16937.0000 0.0457 75.8081 50.0000 36.0889 41.8540 51.8913
16938.0000 0.0452 75.7760 50.0000 36.2828 41.6487 51.8744
16939.0000 0.0432 75.5918 50.0000 36.2045 41.8123 51.5276
16940.0000 0.0463 75.4478 50.0000 35.9917 41.4758 51.7371
16941.0000 0.0531 75.5543 50.0000 35.8960 40.8432 52.4573
16942.0000 0.0547 75.6650 50.0000 36.4104 40.1800 52.7735
16943.0000 0.0511 75.7606 50.0000 36.9855 40.0527 52.6071
16944.0000 0.0549 75.7557 50.0000 36.2865 40.3883 52.8299
16945.0000 0.0517 76.1977 50.0000 36.4275 41.0931 52.8250
16946.0000 0.0501 76.1047 50.0000 36.4661 41.1425 52.6255
16947.0000 0.0513 76.1826 50.0000 36.5754 40.9586 52.8055
16948.0000 0.0490 75.8035 50.0000 36.4019 41.0311 52.3214
16949.0000 0.0535 75.8626 50.0000 35.7839 41.2661 52.6474
16950.0000 0.0552 76.1415 50.0000 35.7917 41.3606 52.9696
16951.0000 0.0592 76.4581 50.0000 35.7538 41.2678 53.5209
16952.0000 0.0661 76.7597 50.0000 35.4190 41.1864 54.2330
16953.0000 0.0581 76.5038 50.0000 35.4392 41.8303 53.3584
16954.0000 0.0624 76.3961 50.0000 35.0509 41.6651 53.5893
16955.0000 0.0585 76.6706 50.0000 35.3571 42.0640 53.4684
16956.0000 0.0611 76.4798 50.0000 34.6164 42.4584 53.3681
16957.0000 0.0700 76.6218 50.0000 34.2873 41.9369 54.1902
16958.0000 0.0661 76.4235 50.0000 34.8019 41.5516 53.8780
16959.0000 0.0613 76.4423 50.0000 34.8568 42.0845 53.4538
16960.0000 0.0604 76.5007 50.0000 34.9288 42.1704 53.4228
16961.0000 0.0571 76.3124 50.0000 35.0536 42.2246 53.0275
16962.0000 0.0478 75.9777 50.0000 35.4913 42.5420 51.9919
16963.0000 0.0446 75.7721 50.0000 35.5897 42.6416 51.5410
16964.0000 0.0434 75.4303 50.0000 35.9104 41.9795 51.3605
16965.0000 0.0448 75.2483 50.0000 35.9322 41.5270 51.4460
16966.0000 0.0482 75.4819 50.0000 35.7059 41.6206 51.8684
16967.0000 0.0441 75.1989 50.0000 35.8792 41.6477 51.3130
16968.0000 0.0441 75.2343 50.0000 35.6930 41.9315 51.2636
16969.0000 0.0385 74.9005 50.0000 35.8088 42.2382 50.4357
16970.0000 0.0438 75.0048 50.0000 35.6402 41.7691 51.0963
16971.0000 0.0398 75.3368 50.0000 35.6535 42.7858 50.7329
16972.0000 0.0392 74.8663 50.0000 35.6081 42.3656 50.4201
16973.0000 0.0408 74.9597 50.0000 35.8823 41.8354 50.8056
16974.0000 0.0391 74.5484 50.0000 35.8212 41.6896 50.3615
16975.0000 0.0312 74.3425 50.0000 36.6510 41.5964 49.5303
16976.0000 0.0346 74.4098 50.0000 36.0481 41.9394 49.7840
16977.0000 0.0333 74.6172 50.0000 36.3537 41.9759 49.8413
16978.0000 0.0338 74.4912 50.0000 36.0108 42.2245 49.6915
16979.0000 0.0349 74.7924 50.0000 36.0103 42.4239 49.9737
16980.0000 0.0372 75.2351 50.0000 35.7644 42.9401 50.3723
16981.0000 0.0386 75.5491 50.0000 36.0796 42.6390 50.8710
16982.0000 0.0453 75.8042 50.0000 35.5433 42.6329 51.6274
16983.0000 0.0471 75.9031 50.0000 35.6354 42.3617 51.9316
16984.0000 0.0461 76.3229 50.0000 36.3368 42.0817 52.2872
16985.0000 0.0386 76.2406 50.0000 36.4087 43.0226 51.3429
16986.0000 0.0397 76.3239 50.0000 36.5525 42.7503 51.5913
16987.0000 0.0415 76.4146 50.0000 36.3244 42.8818 51.7772
16988.0000 0.0453 76.3048 50.0000 36.0376 42.5707 52.0715
16989.0000 0.0417 76.1795 50.0000 36.3677 42.5106 51.7064
16990.0000 0.0353 75.7413 50.0000 36.6537 42.6140 50.7671
16991.0000 0.0320 75.6987 50.0000 36.8842 42.8188 50.3628
16992.0000 0.0287 75.7063 50.0000 37.2582 42.8989 50.0296
16993.0000 0.0315 75.9395 50.0000 36.8761 43.2304 50.3795
16994.0000 0.0328 76.0995 50.0000 36.7213 43.4265 50.5649
16995.0000 0.0329 76.1852 50.0000 37.1458 42.8903 50.8409
16996.0000 0.0344 76.3915 50.0000 37.4201 42.5267 51.2531
16997.0000 0.0375 76.3236 50.0000 36.8841 42.6456 51.4413
16998.0000 0.0438 76.6226 50.0000 36.3132 42.8038 52.1556
16999.0000 0.0368 76.4448 50.0000 36.3411 43.7031 51.1192
17000.0000 0.0349 76.1261 50.0000 36.5418 43.3363 50.8119
17001.0000 0.0301 76.1706 50.0000 37.1272 43.4218 50.3794
17002.0000 0.0315 76.2959 50.0000 37.1585 43.2670 50.6781
17003.0000 0.0314 76.7097 50.0000 36.7789 44.4429 50.5621
17004.0000 0.0295 76.3686 50.0000 37.1478 43.7748 50.3584
17005.0000 0.0271 76.1855 50.0000 37.2441 43.8884 49.9092
17006.0000 0.0306 76.4503 50.0000 36.6888 44.4087 50.2638
17007.0000 0.0290 76.4997 50.0000 36.7494 44.7679 49.9751
17008.0000 0.0243 76.3825 50.0000 37.1062 45.2306 49.1082
17009.0000 0.0247 76.7201 50.0000 37.3830 45.0558 49.5828
17010.0000 0.0246 76.2923 50.0000 37.2508 44.6777 49.3639
17011.0000 0.0224 76.7804 50.0000 37.5904 45.4423 49.1649
17012.0000 0.0214 77.0018 50.0000 37.9079 45.4620 49.2492
17013.0000 0.0215 77.0262 50.0000 38.3263 44.6209 49.7303
17014.0000 0.0209 77.2187 50.0000 38.4203 44.9046 49.7010
17015.0000 0.0227 77.4818 50.0000 38.2605 45.0921 50.0626
17016.0000 0.0244 77.3033 50.0000 37.7016 45.3970 49.9350
17017.0000 0.0258 77.4601 50.0000 37.7488 45.1539 50.3609
17018.0000 0.0251 77.3002 50.0000 37.4031 45.8181 49.7698
17019.0000 0.0227 77.0100 50.0000 37.7040 45.4769 49.4044
17020.0000 0.0247 77.2637 50.0000 37.5122 45.6438 49.7911
17021.0000 0.0265 77.4805 50.0000 37.5248 45.4210 50.3196
17022.0000 0.0298 77.3361 50.0000 37.0840 45.1860 50.6347
17023.0000 0.0238 76.9064 50.0000 37.7405 44.8947 49.7465
17024.0000 0.0270 76.9653 50.0000 37.4161 44.7395 50.2202
17025.0000 0.0246 76.8142 50.0000 37.5520 44.8855 49.7549
17026.0000 0.0272 76.7339 50.0000 37.1975 44.7415 50.0263
17027.0000 0.0270 76.8319 50.0000 37.2101 44.9135 50.0132
17028.0000 0.0279 77.0007 50.0000 37.3946 44.6039 50.4108
17029.0000 0.0291 77.0930 50.0000 37.2705 44.6507 50.6020
17030.0000 0.0244 76.5985 50.0000 37.4787 44.7489 49.6005
17031.0000 0.0256 76.6727 50.0000 37.6223 44.2956 50.0117
17032.0000 0.0265 76.9038 50.0000 37.4103 44.7728 50.1005
17033.0000 0.0257 76.7970 50.0000 37.1338 45.3834 49.5904
17034.0000 0.0247 76.5264 50.0000 36.8477 46.0064 48.8053
17035.0000 0.0248 76.6703 50.0000 37.0663 45.6325 49.2148
17036.0000 0.0259 76.4736 50.0000 36.5941 46.1505 48.7772
17037.0000 0.0203 76.2571 50.0000 37.3310 46.1449 47.8767
17038.0000 0.0281 76.4739 50.0000 36.5260 45.4525 49.4791
17039.0000 0.0257 76.6271 50.0000 36.7906 45.9543 49.0547
17040.0000 0.0235 76.2568 50.0000 36.9899 45.5867 48.6692
17041.0000 0.0203 75.7134 50.0000 37.4804 44.5899 48.3681
17042.0000 0.0224 75.5420 50.0000 37.4769 43.7219 48.8925
17043.0000 0.0230 75.7499 50.0000 37.1664 44.4563 48.7887
17044.0000 0.0236 75.9167 50.0000 37.5627 43.8150 49.3217
17045.0000 0.0239 76.2903 50.0000 37.9962 43.5603 49.7895
17046.0000 0.0299 76.9992 50.0000 37.7380 43.6365 50.9958
17047.0000 0.0301 76.7411 50.0000 37.0558 44.3052 50.5283
17048.0000 0.0296 76.9950 50.0000 36.7396 45.3895 50.1819
17049.0000 0.0302 77.4168 50.0000 36.7128 45.9353 50.3535
17050.0000 0.0259 77.1460 50.0000 37.2600 45.6174 49.8222
17051.0000 0.0256 76.9626 50.0000 37.2563 45.4372 49.7058
17052.0000 0.0322 77.2014 50.0000 36.6833 45.1416 50.7605
17053.0000 0.0288 76.9481 50.0000 37.2656 44.5374 50.4846
17054.0000 0.0290 76.6850 50.0000 37.5096 43.7391 50.6016
17055.0000 0.0277 76.7233 50.0000 37.5182 44.0445 50.3878
17056.0000 0.0306 76.6010 50.0000 36.8345 44.3682 50.4221
17057.0000 0.0323 76.0931 50.0000 36.5763 43.7488 50.3823
17058.0000 0.0398 76.1723 50.0000 35.8155 43.6027 51.1691
17059.0000 0.0328 75.9721 50.0000 36.5984 43.4519 50.4405
17060.0000 0.0304 75.7245 50.0000 36.3581 44.0195 49.7451
17061.0000 0.0326 75.6520 50.0000 36.3255 43.4921 50.1210
17062.0000 0.0321 75.5388 50.0000 36.7780 42.7454 50.2626
17063.0000 0.0380 75.7981 50.0000 36.1085 43.0123 50.9065
17064.0000 0.0351 75.4866 50.0000 36.1770 43.0212 50.3848
17065.0000 0.0377 75.5058 50.0000 35.7070 43.2838 50.5238
17066.0000 0.0405 75.7921 50.0000 35.8653 42.9324 51.1364
17067.0000 0.0330 75.1997 50.0000 36.5635 42.4734 50.1410
17068.0000 0.0270 75.4735 50.0000 37.0923 43.1791 49.5578
17069.0000 0.0358 75.5031 50.0000 36.2018 42.8715 50.5191
17070.0000 0.0335 75.6824 50.0000 36.4145 43.2087 50.3469
17071.0000 0.0361 75.6056 50.0000 36.3047 42.8056 50.6542
17072.0000 0.0435 75.8976 50.0000 36.2893 42.0138 51.7530
17073.0000 0.0472 76.6290 50.0000 36.2048 42.4451 52.5322
17074.0000 0.0430 76.3821 50.0000 36.2434 42.7274 51.9136
17075.0000 0.0407 76.3506 50.0000 36.2419 43.0436 51.6060
17076.0000 0.0390 76.2196 50.0000 36.1455 43.3152 51.2516
17077.0000 0.0493 76.5903 50.0000 35.3626 43.2211 52.4167
17078.0000 0.0483 76.5896 50.0000 35.2485 43.5366 52.2310
17079.0000 0.0464 76.6431 50.0000 35.3747 43.7359 52.0572
17080.0000 0.0445 76.6361 50.0000 35.6858 43.5854 51.9608
17081.0000 0.0484 76.9543 50.0000 35.9591 42.9826 52.7391
17082.0000 0.0530 76.8948 50.0000 35.5314 42.8238 53.0702
17083.0000 0.0644 77.5181 50.0000 34.8692 42.8904 54.3472
17084.0000 0.0561 77.7550 50.0000 35.3189 43.6852 53.7590
17085.0000 0.0592 77.7611 50.0000 34.9147 43.7975 53.9400
17086.0000 0.0616 77.5355 50.0000 34.5914 43.6370 53.9538
17087.0000 0.0639 77.8196 50.0000 35.0687 43.0390 54.5318
17088.0000 0.0651 77.8538 50.0000 35.0638 42.9370 54.6641
17089.0000 0.0584 77.9372 50.0000 35.4105 43.4470 54.1541
17090.0000 0.0637 78.0713 50.0000 35.0545 43.3713 54.6374
17091.0000 0.0678 78.5759 50.0000 34.7437 43.8134 55.2036
17092.0000 0.0681 78.7457 50.0000 34.4354 44.3726 55.1920
17093.0000 0.0679 78.8569 50.0000 34.5118 44.4214 55.2639
17094.0000 0.0675 78.5122 50.0000 34.8638 43.6203 55.1900
17095.0000 0.0602 77.7686 50.0000 36.2105 42.0348 54.4961
17096.0000 0.0581 77.3498 50.0000 35.4564 42.7619 53.8262
17097.0000 0.0589 77.3364 50.0000 35.5880 42.4804 53.9429
17098.0000 0.0573 77.5258 50.0000 35.6219 42.8490 53.9007
17099.0000 0.0578 78.0540 50.0000 35.7449 43.2273 54.2783
17100.0000 0.0576 78.4275 50.0000 35.8476 43.5590 54.4833
17101.0000 0.0655 78.5696 50.0000 35.2428 43.4572 55.1597
17102.0000 0.0648 78.6506 50.0000 35.4281 43.4011 55.2006
17103.0000 0.0643 78.7633 50.0000 35.5803 43.3975 55.2662
17104.0000 0.0654 78.9204 50.0000 35.8207 43.1452 55.5320
17105.0000 0.0589 78.4648 50.0000 36.0589 43.1555 54.7182
17106.0000 0.0543 78.4266 50.0000 36.3241 43.3932 54.2984
17107.0000 0.0588 78.6425 50.0000 36.0974 43.3247 54.8141
17108.0000 0.0523 78.6281 50.0000 36.6482 43.4849 54.2988
17109.0000 0.0513 78.3070 50.0000 36.1626 43.8892 53.8329
17110.0000 0.0562 78.3185 50.0000 35.9964 43.4312 54.3302
17111.0000 0.0478 78.1811 50.0000 36.6797 43.5666 53.5615
17112.0000 0.0491 78.7419 50.0000 37.0718 43.5168 54.1504
17113.0000 0.0410 78.8217 50.0000 37.9436 43.6824 53.5256
17114.0000 0.0471 78.6852 50.0000 37.3873 43.3363 53.9955
17115.0000 0.0474 78.4942 50.0000 37.6135 42.7991 53.9889
17116.0000 0.0402 78.4379 50.0000 38.1951 43.0368 53.3054
17117.0000 0.0438 78.4050 50.0000 37.4924 43.3556 53.4973
17118.0000 0.0490 78.5973 50.0000 37.6337 42.6675 54.2285
17119.0000 0.0454 78.2343 50.0000 37.8620 42.4774 53.6912
17120.0000 0.0434 78.7763 50.0000 38.6641 42.4025 53.9705
17121.0000 0.0404 78.5104 50.0000 38.5949 42.6096 53.4673
17122.0000 0.0550 78.9213 50.0000 38.0684 41.7708 55.0869
17123.0000 0.0513 78.5882 50.0000 37.5804 42.4192 54.4466
17124.0000 0.0446 78.4011 50.0000 37.4843 43.2373 53.5928
17125.0000 0.0463 78.1850 50.0000 37.0700 43.2798 53.5310
17126.0000 0.0453 77.5866 50.0000 37.3328 42.4001 53.1806
17127.0000 0.0461 77.3894 50.0000 37.5905 41.7611 53.2174
17128.0000 0.0474 77.0852 50.0000 37.4761 41.3897 53.1466
17129.0000 0.0443 77.1858 50.0000 37.3370 42.0758 52.8509
17130.0000 0.0504 77.3503 50.0000 36.9846 41.8762 53.4938
17131.0000 0.0463 77.0911 50.0000 36.8025 42.3531 52.8662
17132.0000 0.0431 76.9288 50.0000 36.8738 42.5248 52.4405
17133.0000 0.0378 76.5619 50.0000 36.6861 43.1636 51.5050
17134.0000 0.0354 76.7299 50.0000 36.8384 43.5753 51.2992
17135.0000 0.0427 76.7333 50.0000 36.3945 42.9928 52.1063
17136.0000 0.0395 75.9932 50.0000 36.2898 42.7357 51.3000
17137.0000 0.0327 75.3938 50.0000 36.3925 43.0136 50.0963
17138.0000 0.0283 75.1227 50.0000 36.4957 43.3915 49.2815
17139.0000 0.0301 75.1029 50.0000 36.2913 43.3186 49.4660
17140.0000 0.0323 74.7986 50.0000 35.7366 43.3489 49.3822
17141.0000 0.0328 74.9215 50.0000 36.0717 42.8715 49.7403
17142.0000 0.0319 74.7542 50.0000 35.8739 43.1461 49.3929
17143.0000 0.0303 74.6270 50.0000 35.9454 43.2020 49.0989
17144.0000 0.0274 74.2700 50.0000 35.9702 43.3210 48.4301
17145.0000 0.0214 74.0470 50.0000 36.4336 43.7642 47.3312
17146.0000 0.0228 74.1283 50.0000 36.5462 43.2079 47.8796
17147.0000 0.0298 74.2378 50.0000 35.8798 42.8814 48.8372
17148.0000 0.0370 74.8662 50.0000 35.5167 42.8683 50.0581
17149.0000 0.0382 75.0964 50.0000 35.7232 42.6472 50.4433
17150.0000 0.0401 74.8800 50.0000 35.7233 42.0638 50.6112
17151.0000 0.0309 74.6496 50.0000 36.6541 42.0284 49.6251
17152.0000 0.0335 74.9356 50.0000 36.9173 41.5834 50.2322
17153.0000 0.0297 74.7529 50.0000 36.5617 42.5044 49.4430
17154.0000 0.0314 75.0907 50.0000 36.4063 42.8564 49.7648
17155.0000 0.0298 75.0752 50.0000 36.1209 43.6473 49.2594
17156.0000 0.0344 75.0423 50.0000 35.1477 44.3133 49.3185
17157.0000 0.0315 75.2309 50.0000 35.6029 44.4393 49.1658
17158.0000 0.0335 75.2193 50.0000 34.8257 45.7155 48.5305
17159.0000 0.0382 75.8581 50.0000 34.5453 45.9746 49.4713
17160.0000 0.0421 75.7806 50.0000 33.8290 46.5359 49.3224
17161.0000 0.0517 76.2231 50.0000 32.9566 46.5051 50.6072
17162.0000 0.0424 75.8411 50.0000 33.6796 47.1035 48.9777
17163.0000 0.0415 76.0836 50.0000 34.0565 46.6401 49.5334
17164.0000 0.0469 76.4574 50.0000 33.4886 47.0824 50.0749
17165.0000 0.0444 76.1060 50.0000 33.5562 47.2037 49.3751
17166.0000 0.0472 76.2441 50.0000 33.3197 47.1061 49.8394
17167.0000 0.0495 76.2355 50.0000 33.2444 46.4485 50.4896
17168.0000 0.0516 76.4380 50.0000 33.1299 46.4635 50.8559
17169.0000 0.0543 76.2181 50.0000 32.8296 46.0933 51.0570
17170.0000 0.0588 76.4035 50.0000 32.3710 46.2971 51.4411
17171.0000 0.0568 76.4952 50.0000 32.7083 46.1760 51.4729
17172.0000 0.0611 76.7480 50.0000 32.6416 45.7560 52.2606
17173.0000 0.0640 77.1213 50.0000 32.6136 45.7592 52.8217
17174.0000 0.0656 77.2464 50.0000 32.5842 45.6877 53.0840
17175.0000 0.0733 77.0218 50.0000 32.3824 44.5016 53.8828
17176.0000 0.0742 77.2063 50.0000 32.4163 44.5455 54.0897
17177.0000 0.0719 77.1053 50.0000 32.1139 45.2288 53.5563
17178.0000 0.0714 77.0947 50.0000 32.2620 45.0575 53.5964
17179.0000 0.0678 76.9579 50.0000 32.3814 45.2772 53.1408
17180.0000 0.0648 76.8205 50.0000 32.8718 44.8057 53.0405
17181.0000 0.0636 77.0232 50.0000 32.4108 46.0645 52.5373
17182.0000 0.0622 76.9742 50.0000 32.7836 45.6009 52.6387
17183.0000 0.0534 76.7571 50.0000 33.2912 46.1467 51.5153
17184.0000 0.0532 76.9261 50.0000 33.3828 46.2432 51.6215
17185.0000 0.0535 76.7785 50.0000 33.5448 45.6454 51.8283
17186.0000 0.0539 76.5893 50.0000 33.4818 45.4179 51.7890
17187.0000 0.0566 76.4793 50.0000 33.1453 45.3365 51.9140
17188.0000 0.0509 76.7448 50.0000 33.9134 45.4571 51.7039
17189.0000 0.0518 76.7941 50.0000 34.1700 44.8829 52.1082
17190.0000 0.0544 77.0799 50.0000 34.0727 44.9492 52.5351
17191.0000 0.0560 77.2068 50.0000 33.7244 45.4215 52.5400
17192.0000 0.0621 77.4805 50.0000 32.8771 46.1295 52.8621
17193.0000 0.0606 77.4015 50.0000 33.0998 45.9048 52.8029
17194.0000 0.0648 77.6053 50.0000 33.1314 45.3759 53.5343
17195.0000 0.0672 77.8186 50.0000 33.1403 45.2429 53.9494
17196.0000 0.0708 77.5059 50.0000 32.9917 44.5500 54.1665
17197.0000 0.0741 77.0914 50.0000 32.7333 43.9704 54.2053
17198.0000 0.0798 77.4253 50.0000 33.0044 43.2777 55.0675
17199.0000 0.0762 77.4635 50.0000 33.2545 43.4341 54.8471
17200.0000 0.0716 77.4188 50.0000 33.6363 43.4577 54.5316
17201.0000 0.0662 77.2664 50.0000 33.6434 43.9838 53.8854
17202.0000 0.0627 76.9906 50.0000 33.9848 43.6785 53.5235
17203.0000 0.0667 77.3508 50.0000 33.6545 44.0035 53.9834
17204.0000 0.0666 77.2197 50.0000 33.5255 44.0422 53.8443
17205.0000 0.0738 77.6910 50.0000 33.2792 43.9647 54.7312
17206.0000 0.0731 77.9394 50.0000 33.5847 43.9291 54.9258
17207.0000 0.0701 78.0787 50.0000 33.4544 44.6615 54.6116
17208.0000 0.0703 77.9663 50.0000 33.8417 43.9749 54.7694
17209.0000 0.0721 78.5636 50.0000 33.9261 44.3089 55.2989
17210.0000 0.0697 78.4057 50.0000 34.2174 44.0614 55.0928
17211.0000 0.0578 77.9675 50.0000 34.6490 44.6319 53.7249
17212.0000 0.0565 78.1053 50.0000 35.5193 43.7693 54.0654
17213.0000 0.0590 77.8350 50.0000 35.1847 43.5436 54.0766
17214.0000 0.0627 78.0086 50.0000 34.6690 43.9390 54.3393
17215.0000 0.0599 77.5629 50.0000 34.7730 43.6532 53.8631
17216.0000 0.0587 77.7403 50.0000 34.4399 44.5084 53.6325
17217.0000 0.0619 77.5772 50.0000 33.9811 44.4954 53.6998
17218.0000 0.0592 77.7642 50.0000 34.2191 44.7973 53.5680
17219.0000 0.0649 77.6518 50.0000 34.0019 44.1247 54.0988
17220.0000 0.0631 77.4348 50.0000 34.3064 43.7079 53.9336
17221.0000 0.0547 76.8268 50.0000 34.7250 43.6061 52.8681
17222.0000 0.0549 76.9351 50.0000 34.7752 43.6224 52.9791
17223.0000 0.0497 76.8321 50.0000 35.4157 43.3893 52.5954
17224.0000 0.0483 76.8447 50.0000 35.3414 43.7197 52.3898
17225.0000 0.0476 77.0697 50.0000 35.0977 44.4961 52.2301
17226.0000 0.0427 77.0244 50.0000 35.4190 44.8193 51.6671
17227.0000 0.0416 77.3911 50.0000 35.7885 44.9245 51.8687
17228.0000 0.0394 77.2967 50.0000 35.8149 45.1887 51.4786
17229.0000 0.0416 77.4537 50.0000 35.5667 45.3917 51.7076
17230.0000 0.0386 77.0806 50.0000 35.7774 45.1431 51.2201
17231.0000 0.0347 77.4973 50.0000 36.1769 45.9398 50.8586
17232.0000 0.0266 76.9994 50.0000 36.7866 46.3083 49.3071
17233.0000 0.0253 76.8193 50.0000 37.1121 45.6330 49.4118
17234.0000 0.0285 76.6981 50.0000 36.7129 45.2975 49.8288
17235.0000 0.0227 76.4933 50.0000 37.2114 45.7568 48.7119
17236.0000 0.0229 76.4838 50.0000 37.2399 45.6019 48.8204
17237.0000 0.0317 76.9222 50.0000 36.5597 45.0629 50.4950
17238.0000 0.0294 76.8318 50.0000 36.7934 45.0726 50.1780
17239.0000 0.0281 76.9645 50.0000 37.5247 44.2899 50.5354
17240.0000 0.0222 76.5310 50.0000 38.1380 44.0422 49.6263
17241.0000 0.0195 76.5418 50.0000 38.4697 44.2104 49.2359
17242.0000 0.0204 76.3824 50.0000 38.1210 44.3530 49.1312
17243.0000 0.0179 76.3955 50.0000 38.5379 44.3241 48.8515
17244.0000 0.0208 76.9191 50.0000 39.1811 43.3019 50.0634
17245.0000 0.0221 76.8508 50.0000 38.9267 43.3070 50.1524
17246.0000 0.0218 76.7348 50.0000 39.0382 43.0608 50.1000
17247.0000 0.0275 76.9617 50.0000 37.8523 43.9007 50.6264
17248.0000 0.0230 77.0385 50.0000 38.5787 43.8641 50.2251
17249.0000 0.0249 76.7471 50.0000 38.0979 43.7905 50.2103
17250.0000 0.0280 77.1493 50.0000 37.6818 44.3119 50.6809
17251.0000 0.0267 77.3538 50.0000 38.2760 43.9335 50.8764
17252.0000 0.0260 77.3766 50.0000 37.9033 44.7199 50.5035
17253.0000 0.0279 77.4552 50.0000 37.4882 45.0841 50.6100
17254.0000 0.0208 77.2745 50.0000 38.3457 45.1703 49.6044
17255.0000 0.0221 77.6423 50.0000 38.4973 45.0583 50.1602
17256.0000 0.0293 77.9194 50.0000 37.8274 44.8323 51.2892
17257.0000 0.0247 77.6013 50.0000 38.6723 44.0957 50.8132
17258.0000 0.0185 77.7464 50.0000 39.5472 44.3768 50.1121
17259.0000 0.0202 77.7131 50.0000 39.1637 44.5121 50.2415
17260.0000 0.0169 77.3718 50.0000 39.0632 45.1396 49.2227
17261.0000 0.0159 76.9123 50.0000 39.1895 44.5428 48.9451
17262.0000 0.0197 77.2004 50.0000 39.0323 44.1407 49.8796
17263.0000 0.0236 77.1799 50.0000 38.9780 43.3271 50.5986
17264.0000 0.0188 76.7743 50.0000 39.1977 43.5350 49.6240
17265.0000 0.0185 76.5661 50.0000 39.0745 43.5283 49.4047
17266.0000 0.0200 76.6363 50.0000 39.0191 43.3434 49.7190
17267.0000 0.0226 76.4062 50.0000 38.5547 43.1465 49.8982
17268.0000 0.0236 76.3629 50.0000 38.7315 42.6550 50.1170
17269.0000 0.0211 76.6811 50.0000 39.3925 42.6735 50.0719
17270.0000 0.0207 76.5507 50.0000 38.9595 43.1616 49.7920
17271.0000 0.0243 76.3675 50.0000 38.0906 43.4277 49.9513
17272.0000 0.0222 76.3210 50.0000 38.3141 43.4845 49.6591
17273.0000 0.0244 76.3624 50.0000 37.9722 43.5653 49.9138
17274.0000 0.0298 76.3546 50.0000 37.3792 43.3382 50.5433
17275.0000 0.0311 76.3170 50.0000 37.4936 42.8872 50.7859
17276.0000 0.0346 75.6668 50.0000 36.6114 42.7025 50.6120
17277.0000 0.0361 75.8774 50.0000 36.2282 43.2667 50.7237
17278.0000 0.0322 75.3195 50.0000 36.4048 43.0050 49.9829
17279.0000 0.0309 75.5878 50.0000 36.5268 43.4325 49.9293
17280.0000 0.0317 76.0485 50.0000 36.4570 44.0100 50.1735
17281.0000 0.0300 76.1343 50.0000 36.4767 44.4757 49.8777
17282.0000 0.0355 76.5609 50.0000 36.6150 43.6725 51.1236
17283.0000 0.0334 76.3280 50.0000 36.4751 44.0013 50.5907
17284.0000 0.0382 76.8625 50.0000 35.8624 44.7671 51.1629
17285.0000 0.0410 76.9098 50.0000 35.4507 44.9509 51.3593
17286.0000 0.0350 76.5281 50.0000 35.8883 44.9623 50.4675
17287.0000 0.0342 76.7314 50.0000 35.9993 45.2329 50.4554
17288.0000 0.0342 76.7165 50.0000 36.0672 45.0832 50.5182
17289.0000 0.0398 76.9082 50.0000 35.9194 44.3964 51.5133
17290.0000 0.0365 76.9376 50.0000 35.9922 45.0164 50.9656
17291.0000 0.0405 76.9174 50.0000 35.2951 45.3602 51.1175
17292.0000 0.0398 76.5080 50.0000 35.7692 44.1128 51.2650
17293.0000 0.0432 76.5230 50.0000 35.7743 43.5168 51.7905
17294.0000 0.0386 76.2559 50.0000 36.1814 43.3691 51.2347
17295.0000 0.0446 76.4271 50.0000 36.1758 42.6322 52.1048
17296.0000 0.0409 76.5517 50.0000 36.0645 43.5229 51.6262
17297.0000 0.0435 76.4890 50.0000 35.5375 43.7865 51.6758
17298.0000 0.0432 76.1241 50.0000 35.8825 42.8716 51.6657
17299.0000 0.0406 75.8320 50.0000 35.9639 42.8171 51.2229
17300.0000 0.0367 76.0942 50.0000 36.2969 43.3243 50.9497
17301.0000 0.0364 76.2284 50.0000 36.9169 42.6661 51.2593
17302.0000 0.0382 76.4639 50.0000 36.9337 42.6453 51.6140
17303.0000 0.0385 76.8225 50.0000 37.0361 42.8975 51.8635
17304.0000 0.0389 76.6745 50.0000 36.7590 43.0216 51.7387
17305.0000 0.0393 76.3731 50.0000 37.1524 42.0889 51.7791
17306.0000 0.0426 76.5988 50.0000 37.2201 41.7947 52.2995
17307.0000 0.0423 76.4165 50.0000 37.1844 41.6620 52.1640
17308.0000 0.0441 76.6631 50.0000 36.9297 42.0025 52.4331
17309.0000 0.0485 76.6123 50.0000 36.6141 41.7485 52.7818
17310.0000 0.0445 76.5140 50.0000 36.4493 42.3940 52.2360
17311.0000 0.0483 76.5032 50.0000 36.1621 42.2130 52.5653
17312.0000 0.0478 76.6135 50.0000 35.8228 42.8550 52.4386
17313.0000 0.0456 76.6665 50.0000 35.7010 43.4239 52.1301
17314.0000 0.0422 76.3623 50.0000 36.0008 43.1609 51.6942
17315.0000 0.0377 76.0404 50.0000 35.5659 44.2373 50.5991
17316.0000 0.0343 75.5464 50.0000 35.5930 44.2287 49.8420
17317.0000 0.0347 75.4191 50.0000 35.5597 44.0292 49.8495
17318.0000 0.0323 75.3230 50.0000 35.9128 43.7838 49.6669
17319.0000 0.0289 75.1730 50.0000 36.3804 43.5375 49.3148
17320.0000 0.0279 75.3346 50.0000 36.3980 43.9769 49.1581
17321.0000 0.0293 75.1809 50.0000 36.0824 43.9782 49.1543
17322.0000 0.0299 75.2005 50.0000 36.2312 43.6054 49.4063
17323.0000 0.0357 75.6248 50.0000 36.1865 43.0737 50.5400
17324.0000 0.0274 75.4770 50.0000 36.8410 43.5211 49.4514
17325.0000 0.0302 75.2176 50.0000 36.3333 43.3750 49.5599
17326.0000 0.0255 75.1202 50.0000 36.6895 43.7095 48.8508
17327.0000 0.0239 75.2207 50.0000 36.7170 44.2686 48.4799
17328.0000 0.0290 75.2104 50.0000 36.1239 44.0306 49.1221
17329.0000 0.0274 74.8827 50.0000 36.1516 43.8920 48.7235
17330.0000 0.0286 74.6936 50.0000 35.6906 44.1965 48.4972
17331.0000 0.0271 74.5822 50.0000 35.9028 43.9973 48.3501
17332.0000 0.0274 74.3792 50.0000 36.0872 43.2638 48.5616
17333.0000 0.0241 74.4170 50.0000 36.3914 43.5923 48.0964
17334.0000 0.0297 74.5110 50.0000 36.1775 42.7783 49.1231
17335.0000 0.0262 74.6895 50.0000 36.5177 43.2346 48.7416
17336.0000 0.0231 74.7395 50.0000 36.9621 43.2852 48.4375
17337.0000 0.0242 75.1250 50.0000 37.0498 43.4216 48.8431
17338.0000 0.0304 75.3764 50.0000 35.7662 44.6211 49.1055
17339.0000 0.0356 75.9621 50.0000 35.0854 45.6077 49.5902
17340.0000 0.0329 75.5736 50.0000 35.0311 46.0598 48.6075
17341.0000 0.0283 75.3416 50.0000 35.8186 45.1384 48.5378
17342.0000 0.0248 75.3183 50.0000 36.3975 44.8671 48.3219
17343.0000 0.0255 75.3368 50.0000 36.3676 44.7207 48.5086
17344.0000 0.0224 75.3223 50.0000 36.7007 45.0195 47.9558
17345.0000 0.0262 75.0546 50.0000 35.8989 45.1740 47.9976
17346.0000 0.0231 74.7643 50.0000 36.4206 44.4582 47.8196
17347.0000 0.0225 74.6738 50.0000 36.2875 44.8963 47.3678
17348.0000 0.0218 74.7994 50.0000 36.2731 45.8039 46.7034
17349.0000 0.0265 74.8300 50.0000 35.5124 46.0213 47.1215
17350.0000 0.0261 74.5599 50.0000 35.4702 45.7083 47.0297
17351.0000 0.0255 75.2918 50.0000 35.9845 45.7787 47.7313
17352.0000 0.0251 74.8287 50.0000 35.7896 45.6860 47.2358
17353.0000 0.0221 74.6598 50.0000 36.2350 45.3008 46.9994
17354.0000 0.0214 74.8558 50.0000 36.4860 45.2357 47.1793
17355.0000 0.0227 74.8675 50.0000 36.4008 44.8617 47.6189
17356.0000 0.0241 75.3039 50.0000 36.1829 45.8961 47.4871
17357.0000 0.0189 75.0926 50.0000 37.0260 45.3086 47.0650
17358.0000 0.0176 74.7684 50.0000 37.0237 45.5446 46.3169
17359.0000 0.0222 75.5088 50.0000 36.5650 46.2118 47.2128
17360.0000 0.0266 74.9619 50.0000 35.6240 45.7831 47.4776
17361.0000 0.0288 75.2878 50.0000 35.3468 46.5736 47.4317
17362.0000 0.0328 75.2421 50.0000 34.6977 46.9194 47.4976
17363.0000 0.0364 75.5900 50.0000 34.4049 46.7644 48.4071
17364.0000 0.0350 75.6889 50.0000 34.6351 46.8559 48.3088
17365.0000 0.0317 75.2363 50.0000 34.9155 46.4414 47.7975
17366.0000 0.0299 75.0096 50.0000 35.0428 46.5637 47.2256
17367.0000 0.0364 75.2397 50.0000 34.2439 46.5438 48.1875
17368.0000 0.0300 74.9388 50.0000 35.0545 46.0373 47.6191
17369.0000 0.0316 74.8066 50.0000 34.7776 45.9008 47.7457
17370.0000 0.0354 75.0734 50.0000 34.3994 46.0246 48.3160
17371.0000 0.0335 74.8915 50.0000 34.6054 45.7643 48.1334
17372.0000 0.0322 75.0675 50.0000 34.7273 46.6648 47.4504
17373.0000 0.0338 74.6341 50.0000 34.2720 46.6642 47.0971
17374.0000 0.0331 74.5394 50.0000 34.3983 46.0219 47.4854
17375.0000 0.0395 75.0912 50.0000 33.8148 46.2492 48.5412
17376.0000 0.0423 75.1961 50.0000 33.4749 46.4010 48.7936
17377.0000 0.0477 75.6028 50.0000 32.9344 46.8690 49.3397
17378.0000 0.0456 75.5467 50.0000 33.0703 47.3091 48.7393
17379.0000 0.0472 75.5883 50.0000 32.9268 47.0986 49.1034
17380.0000 0.0462 75.5533 50.0000 33.0983 46.8140 49.2062
17381.0000 0.0403 75.3312 50.0000 33.8247 46.3424 48.8166
17382.0000 0.0367 75.5608 50.0000 34.3475 46.7706 48.3962
17383.0000 0.0372 75.4722 50.0000 34.3334 46.2965 48.7228
17384.0000 0.0445 75.5653 50.0000 33.5374 46.0658 49.6315
17385.0000 0.0416 75.4176 50.0000 33.8310 45.9838 49.2824
17386.0000 0.0447 75.5301 50.0000 33.3202 46.6146 49.2102
17387.0000 0.0469 75.7742 50.0000 33.1398 46.8157 49.5154
17388.0000 0.0499 75.6674 50.0000 32.8357 46.4361 49.9105
17389.0000 0.0518 76.0523 50.0000 32.8940 46.3440 50.5389
17390.0000 0.0494 75.9547 50.0000 33.2562 45.9654 50.5008
17391.0000 0.0456 75.8365 50.0000 33.5696 46.1214 49.9707
17392.0000 0.0486 76.1501 50.0000 33.4314 46.1136 50.5442
17393.0000 0.0483 75.9031 50.0000 33.1716 46.4292 50.0526
17394.0000 0.0477 76.1898 50.0000 33.4182 46.4878 50.2691
17395.0000 0.0476 76.1295 50.0000 33.5371 46.1022 50.4534
17396.0000 0.0440 76.1138 50.0000 34.1021 45.7383 50.3822
17397.0000 0.0404 76.0566 50.0000 34.5845 45.5449 50.1415
17398.0000 0.0375 75.7196 50.0000 34.7385 45.4673 49.5926
17399.0000 0.0447 76.0462 50.0000 34.2041 45.2444 50.6561
17400.0000 0.0410 75.6605 50.0000 34.6528 44.6342 50.3138
17401.0000 0.0429 76.0037 50.0000 34.3525 45.3122 50.4308
17402.0000 0.0467 76.2965 50.0000 34.2244 45.1076 51.1385
17403.0000 0.0502 76.2564 50.0000 33.6956 45.3011 51.2587
17404.0000 0.0535 76.3507 50.0000 33.4698 45.1769 51.6552
17405.0000 0.0564 76.5182 50.0000 33.1070 45.4950 51.8571
17406.0000 0.0548 76.6374 50.0000 33.1217 46.0010 51.5767
17407.0000 0.0458 76.1322 50.0000 34.0363 45.4381 50.7250
17408.0000 0.0510 75.9646 50.0000 33.3054 45.4810 50.9200
17409.0000 0.0482 75.9985 50.0000 33.5770 45.6350 50.6538
17410.0000 0.0437 76.0320 50.0000 34.0491 45.8074 50.2316
17411.0000 0.0445 76.1248 50.0000 33.9262 46.0240 50.2572
17412.0000 0.0478 76.3448 50.0000 33.8279 45.7182 50.9318
17413.0000 0.0458 76.8487 50.0000 33.9568 46.8172 50.6045
17414.0000 0.0449 77.1540 50.0000 34.3506 46.6137 50.9896
17415.0000 0.0398 76.6719 50.0000 34.5601 46.9528 49.7956
17416.0000 0.0412 76.7757 50.0000 34.8677 45.8613 50.7493
17417.0000 0.0447 76.5538 50.0000 34.4599 45.4729 51.0414
17418.0000 0.0423 75.9124 50.0000 34.5143 44.9736 50.4860
17419.0000 0.0405 75.8207 50.0000 34.7660 44.7781 50.3491
17420.0000 0.0446 75.7114 50.0000 34.2475 44.6861 50.6209
17421.0000 0.0459 75.3370 50.0000 33.7248 44.8504 50.2667
17422.0000 0.0404 75.1769 50.0000 34.1429 45.1059 49.5106
17423.0000 0.0452 75.4660 50.0000 33.7869 45.1038 50.1917
17424.0000 0.0484 75.9148 50.0000 33.6958 45.2043 50.8352
17425.0000 0.0555 76.3932 50.0000 32.9978 45.7224 51.5416
17426.0000 0.0598 76.5629 50.0000 32.7082 45.6198 52.0662
17427.0000 0.0581 76.4977 50.0000 33.2897 44.8383 52.2802
17428.0000 0.0566 76.7180 50.0000 32.9900 45.9749 51.8037
17429.0000 0.0643 76.9115 50.0000 32.5214 45.5767 52.7304
17430.0000 0.0621 77.2198 50.0000 32.8624 45.7937 52.7816
17431.0000 0.0579 77.3406 50.0000 33.3495 45.9044 52.5563
17432.0000 0.0584 77.4250 50.0000 33.8876 45.0129 53.1047
17433.0000 0.0571 77.2056 50.0000 33.6805 45.2929 52.6771
17434.0000 0.0483 76.5585 50.0000 34.2754 45.0638 51.5330
17435.0000 0.0440 76.2206 50.0000 34.5846 44.9182 50.9494
17436.0000 0.0518 76.5684 50.0000 34.1722 44.5813 52.0336
17437.0000 0.0484 76.6475 50.0000 34.8330 44.2192 52.0207
17438.0000 0.0465 76.1535 50.0000 34.7669 44.0257 51.5011
17439.0000 0.0387 75.8096 50.0000 35.1602 44.4077 50.3867
17440.0000 0.0386 75.3419 50.0000 34.6663 44.7044 49.7611
17441.0000 0.0426 75.3841 50.0000 33.9524 45.2666 49.8089
17442.0000 0.0424 75.2520 50.0000 33.8686 45.3157 49.6213
17443.0000 0.0435 75.7142 50.0000 34.2278 44.9707 50.3858
17444.0000 0.0421 75.8595 50.0000 34.4420 45.0858 50.3555
17445.0000 0.0462 75.9218 50.0000 34.2163 44.7005 50.9433
17446.0000 0.0408 75.9351 50.0000 34.9335 44.5540 50.6036
17447.0000 0.0441 76.1744 50.0000 34.8923 44.2851 51.2240
17448.0000 0.0508 76.2222 50.0000 34.1594 44.3224 51.7540
17449.0000 0.0565 76.6299 50.0000 33.5285 44.8850 52.2812
17450.0000 0.0554 76.8149 50.0000 33.4602 45.4641 52.0957
17451.0000 0.0551 76.6045 50.0000 33.3790 45.3791 51.9117
17452.0000 0.0591 76.6718 50.0000 32.7073 45.9308 51.9533
17453.0000 0.0575 77.0351 50.0000 32.7643 46.7232 51.7480
17454.0000 0.0550 76.4922 50.0000 33.1128 45.7516 51.5887
17455.0000 0.0561 76.8077 50.0000 33.1240 45.9483 51.8746
17456.0000 0.0543 77.1433 50.0000 32.9354 47.3839 51.1968
17457.0000 0.0529 76.8060 50.0000 32.9501 47.1893 50.8589
17458.0000 0.0563 76.5033 50.0000 32.5047 46.7951 51.0530
17459.0000 0.0534 76.4684 50.0000 32.5214 47.7638 50.0840
17460.0000 0.0487 76.4057 50.0000 33.3730 46.6725 50.4554
17461.0000 0.0491 76.3881 50.0000 33.4346 46.3415 50.6926
17462.0000 0.0575 76.7887 50.0000 33.0230 45.8140 52.0294
17463.0000 0.0526 77.1765 50.0000 33.5962 46.3264 51.7820
17464.0000 0.0507 77.6090 50.0000 33.8752 46.8763 51.7518
17465.0000 0.0534 77.5462 50.0000 33.8467 46.1924 52.2885
17466.0000 0.0552 78.3571 50.0000 33.8100 47.0350 52.7676
17467.0000 0.0525 78.1373 50.0000 33.9400 47.0902 52.3071
17468.0000 0.0486 78.0864 50.0000 34.3909 47.0290 51.9906
17469.0000 0.0512 77.5107 50.0000 33.8717 46.5923 51.8630
17470.0000 0.0540 77.8812 50.0000 33.6302 46.9955 52.2103
17471.0000 0.0528 78.3506 50.0000 33.8671 47.5157 52.2886
17472.0000 0.0475 78.2927 50.0000 34.4690 47.4771 51.8416
17473.0000 0.0510 78.2764 50.0000 33.6958 48.4812 51.3941
17474.0000 0.0547 78.6012 50.0000 33.4884 48.3515 52.1422
17475.0000 0.0627 79.6742 50.0000 32.9735 49.0862 53.3972
17476.0000 0.0594 79.3882 50.0000 33.4457 48.3940 53.3094
17477.0000 0.0537 79.2779 50.0000 33.9255 48.6904 52.5669
17478.0000 0.0533 79.3967 50.0000 33.7990 49.5002 52.0691
17479.0000 0.0548 79.5015 50.0000 33.6022 49.7972 52.0732
17480.0000 0.0590 79.8807 50.0000 33.2634 49.9520 52.7188
17481.0000 0.0650 79.8390 50.0000 32.7134 49.3545 53.5558
17482.0000 0.0630 79.5822 50.0000 32.6543 49.7941 52.7974
17483.0000 0.0665 79.4759 50.0000 32.0452 50.3564 52.4763
17484.0000 0.0657 79.4527 50.0000 32.2333 49.8835 52.7767
17485.0000 0.0654 79.2332 50.0000 32.2395 49.5259 52.7797
17486.0000 0.0642 78.9624 50.0000 32.3339 49.1677 52.6508
17487.0000 0.0674 79.2632 50.0000 32.0788 49.3789 53.0596
17488.0000 0.0718 79.3689 50.0000 31.5503 49.6636 53.2685
17489.0000 0.0671 79.3091 50.0000 32.0574 49.6327 52.9042
17490.0000 0.0662 78.9314 50.0000 32.1716 48.8871 52.9643
17491.0000 0.0657 78.9226 50.0000 32.1056 49.2452 52.6585
17492.0000 0.0738 79.5814 50.0000 31.5430 49.3836 53.8470
17493.0000 0.0753 79.5738 50.0000 31.6972 48.6382 54.4207
17494.0000 0.0772 79.7849 50.0000 31.6245 48.6575 54.7537
17495.0000 0.0784 79.3961 50.0000 31.3215 48.4740 54.5250
17496.0000 0.0788 79.5261 50.0000 31.6389 47.9592 54.9846
17497.0000 0.0818 79.8357 50.0000 31.2127 48.5924 55.1206
17498.0000 0.0804 79.9345 50.0000 31.5247 48.4095 55.2470
17499.0000 0.0861 80.3618 50.0000 31.3510 48.2052 56.1373
17500.0000 0.0927 80.6738 50.0000 31.2562 47.6808 57.0776
17501.0000 0.0833 80.2697 50.0000 31.7590 47.8967 56.0401
17502.0000 0.0762 79.8891 50.0000 32.2026 47.8938 55.2400
17503.0000 0.0760 79.7612 50.0000 32.3524 47.5085 55.3002
17504.0000 0.0784 79.7389 50.0000 32.2683 47.2037 55.5775
17505.0000 0.0682 79.2127 50.0000 32.2873 48.4978 53.6669
17506.0000 0.0693 79.2929 50.0000 32.0621 48.8817 53.5721
17507.0000 0.0664 78.8007 50.0000 32.5961 47.6476 53.6355
17508.0000 0.0682 78.5822 50.0000 32.4726 47.1863 53.7972
17509.0000 0.0661 78.6035 50.0000 32.8183 46.9872 53.7928
17510.0000 0.0668 78.2208 50.0000 32.6167 46.7147 53.5946
17511.0000 0.0677 78.4798 50.0000 32.7901 46.5785 53.9845
17512.0000 0.0649 78.3078 50.0000 32.6578 47.1371 53.3261
17513.0000 0.0672 78.3110 50.0000 32.3698 47.2101 53.4416
17514.0000 0.0713 78.6707 50.0000 32.0873 47.4246 53.9480
17515.0000 0.0672 78.2271 50.0000 32.0198 47.8454 52.9626
17516.0000 0.0634 78.0350 50.0000 32.4312 47.5519 52.6925
17517.0000 0.0631 77.6523 50.0000 32.4829 46.9419 52.6423
17518.0000 0.0665 77.9574 50.0000 32.2271 47.1602 53.0536
17519.0000 0.0691 78.4609 50.0000 31.6708 48.5659 52.8623
17520.0000 0.0690 78.7745 50.0000 31.6955 49.0856 52.8338
17521.0000 0.0699 78.9352 50.0000 31.7701 48.8556 53.2405
17522.0000 0.0699 78.8037 50.0000 31.7780 48.6334 53.2444
17523.0000 0.0685 78.6331 50.0000 31.7970 48.6981 52.9208
17524.0000 0.0704 78.7427 50.0000 31.8557 48.2220 53.4815
17525.0000 0.0761 79.0135 50.0000 31.2497 48.6093 53.8862
17526.0000 0.0743 78.7043 50.0000 31.6708 47.6597 54.0358
17527.0000 0.0687 78.2277 50.0000 32.4699 46.6262 53.7705
17528.0000 0.0759 78.7196 50.0000 32.1189 46.5945 54.7185
17529.0000 0.0787 78.8012 50.0000 31.8122 46.7354 54.8945
17530.0000 0.0779 78.9047 50.0000 31.4842 47.5856 54.5005
17531.0000 0.0785 78.3330 50.0000 31.3515 46.9499 54.3033
17532.0000 0.0829 78.9423 50.0000 30.9702 47.6294 54.8103
17533.0000 0.0801 78.8987 50.0000 31.3895 47.3286 54.7696
17534.0000 0.0734 78.4212 50.0000 31.7750 47.2624 53.9119
17535.0000 0.0738 78.5863 50.0000 31.8751 47.2074 54.1410
17536.0000 0.0755 78.8373 50.0000 31.6020 47.7417 54.1974
17537.0000 0.0773 78.9143 50.0000 31.8222 47.1037 54.7363
17538.0000 0.0802 78.9981 50.0000 31.9524 46.5136 55.2833
17539.0000 0.0725 78.7868 50.0000 32.5272 46.5827 54.5838
17540.0000 0.0773 79.0457 50.0000 32.1299 46.7578 55.0418
17541.0000 0.0767 78.8700 50.0000 31.8571 47.0937 54.6606
17542.0000 0.0815 79.2954 50.0000 31.5361 47.3463 55.2410
17543.0000 0.0805 79.3327 50.0000 31.6288 47.4075 55.1890
17544.0000 0.0762 78.8898 50.0000 31.8917 47.1481 54.6221
17545.0000 0.0691 78.4420 50.0000 32.4583 46.8570 53.8891
17546.0000 0.0662 78.2260 50.0000 32.4480 47.1571 53.3164
17547.0000 0.0584 78.2205 50.0000 33.2255 47.3171 52.6840
17548.0000 0.0601 78.0854 50.0000 32.9779 47.2354 52.7124
17549.0000 0.0705 78.8514 50.0000 32.3302 47.3730 54.1120
17550.0000 0.0708 78.7652 50.0000 32.5735 46.7638 54.3698
17551.0000 0.0630 78.3094 50.0000 32.8741 47.1076 53.2216
17552.0000 0.0655 79.0416 50.0000 32.6188 48.1616 53.5168
17553.0000 0.0660 78.9917 50.0000 32.3429 48.6034 53.2102
17554.0000 0.0690 79.1751 50.0000 31.9753 49.0023 53.3391
17555.0000 0.0704 79.4623 50.0000 31.7567 49.6650 53.2838
17556.0000 0.0737 79.8027 50.0000 31.5895 49.6862 53.8689
17557.0000 0.0694 79.7488 50.0000 32.2017 49.2536 53.8239
17558.0000 0.0838 80.2673 50.0000 31.0907 48.9987 55.4556
17559.0000 0.0799 79.5716 50.0000 31.0480 48.9743 54.4902
17560.0000 0.0824 79.9628 50.0000 30.9149 49.2505 54.8881
17561.0000 0.0769 79.4611 50.0000 31.4437 48.6327 54.4080
17562.0000 0.0781 79.4015 50.0000 31.0769 49.1023 54.1091
17563.0000 0.0768 79.3482 50.0000 31.5473 48.2951 54.4839
17564.0000 0.0742 79.2794 50.0000 31.4969 48.9137 53.8574
17565.0000 0.0597 78.4977 50.0000 33.0946 47.7191 52.8158
17566.0000 0.0637 78.5333 50.0000 32.8770 47.2780 53.3981
17567.0000 0.0619 78.3288 50.0000 33.0971 46.9393 53.2606
17568.0000 0.0603 78.5631 50.0000 33.1470 47.5367 53.0443
17569.0000 0.0643 78.7127 50.0000 32.9719 47.2117 53.6619
17570.0000 0.0603 78.3572 50.0000 33.4657 46.6227 53.3500
17571.0000 0.0614 79.0171 50.0000 33.2580 47.7232 53.4799
17572.0000 0.0612 78.7847 50.0000 32.7330 48.6728 52.5978
17573.0000 0.0601 78.6324 50.0000 32.9020 48.2859 52.6211
17574.0000 0.0681 78.8000 50.0000 32.2590 47.9624 53.5574
17575.0000 0.0687 78.7171 50.0000 32.0277 48.2085 53.3531
17576.0000 0.0649 78.4904 50.0000 32.2993 48.1881 52.8715
17577.0000 0.0661 78.4548 50.0000 32.4554 47.4999 53.3438
17578.0000 0.0616 78.3457 50.0000 32.4704 48.4985 52.2648
17579.0000 0.0622 78.7463 50.0000 32.4430 49.1246 52.2993
17580.0000 0.0621 79.0410 50.0000 32.5432 49.4367 52.3873
17581.0000 0.0647 78.8061 50.0000 32.3264 48.7165 52.8405
17582.0000 0.0600 78.3447 50.0000 32.7860 48.1182 52.4176
17583.0000 0.0627 78.2430 50.0000 32.9149 47.0041 53.1902
17584.0000 0.0652 78.0886 50.0000 32.4948 47.0747 53.1590
17585.0000 0.0706 78.3418 50.0000 32.3775 46.5907 54.0226
17586.0000 0.0741 78.6222 50.0000 32.2696 46.5285 54.5455
17587.0000 0.0722 78.6028 50.0000 32.0867 47.1528 54.0876
17588.0000 0.0728 78.7759 50.0000 32.3038 46.8861 54.4407
17589.0000 0.0798 79.6423 50.0000 31.8550 47.5405 55.3900
17590.0000 0.0859 80.3893 50.0000 31.7235 47.6739 56.4203
17591.0000 0.0842 80.1276 50.0000 31.7574 47.5594 56.1248
17592.0000 0.0762 79.9764 50.0000 31.9725 48.4489 55.0154
17593.0000 0.0694 79.8315 50.0000 32.4711 48.7237 54.2651
17594.0000 0.0587 79.2047 50.0000 33.1738 49.0275 52.6231
17595.0000 0.0556 78.7040 50.0000 33.2710 48.9078 51.9171
17596.0000 0.0576 78.7815 50.0000 33.2540 48.3830 52.5336
17597.0000 0.0513 78.5905 50.0000 33.9222 48.2681 51.9224
17598.0000 0.0540 78.1749 50.0000 33.5443 47.6734 52.0898
17599.0000 0.0572 78.3698 50.0000 33.5819 47.0656 52.9046
17600.0000 0.0570 78.2258 50.0000 33.6587 46.7504 52.9223
17601.0000 0.0609 78.7741 50.0000 33.5781 46.8539 53.6897
17602.0000 0.0614 78.8094 50.0000 33.3406 47.2547 53.5381
17603.0000 0.0689 79.3645 50.0000 33.3793 46.5199 54.9585
17604.0000 0.0688 78.8849 50.0000 33.7088 45.4494 54.9627
17605.0000 0.0636 78.5200 50.0000 34.0060 45.3554 54.3312
17606.0000 0.0581 78.3175 50.0000 33.7768 46.4202 53.2721
17607.0000 0.0581 78.5608 50.0000 33.6523 47.0126 53.1897
17608.0000 0.0585 78.4700 50.0000 33.8108 46.4895 53.4144
17609.0000 0.0596 78.5836 50.0000 33.2525 47.5068 53.0354
17610.0000 0.0632 78.8150 50.0000 32.7741 48.0302 53.2050
17611.0000 0.0624 78.9243 50.0000 32.8248 48.3185 53.0745
17612.0000 0.0637 79.2210 50.0000 32.5375 49.1913 52.8913
17613.0000 0.0613 78.6714 50.0000 32.6819 48.5626 52.5618
17614.0000 0.0527 78.3874 50.0000 33.7486 47.9204 52.0505
17615.0000 0.0549 78.3406 50.0000 33.6995 47.3307 52.5490
17616.0000 0.0528 78.1365 50.0000 33.9531 46.9753 52.4006
17617.0000 0.0480 77.6001 50.0000 34.3436 46.5188 51.7522
17618.0000 0.0427 77.5792 50.0000 34.8195 46.8702 51.0815
17619.0000 0.0420 77.7357 50.0000 34.8737 47.2280 50.9527
17620.0000 0.0415 77.7321 50.0000 35.0023 47.0273 51.0447
17621.0000 0.0462 78.0586 50.0000 34.4112 47.6520 51.3644
17622.0000 0.0439 78.0549 50.0000 34.6964 47.6325 51.1847
17623.0000 0.0433 78.7319 50.0000 35.3830 47.2693 52.0804
17624.0000 0.0479 79.0828 50.0000 34.9653 47.5187 52.6640
17625.0000 0.0463 79.3345 50.0000 35.1042 48.0621 52.4566
17626.0000 0.0508 79.4682 50.0000 34.8218 47.6751 53.1951
17627.0000 0.0570 79.8130 50.0000 34.1804 48.0196 53.8138
17628.0000 0.0598 79.8109 50.0000 33.8844 47.9808 54.0321
17629.0000 0.0645 79.8372 50.0000 33.6679 47.4481 54.6729
17630.0000 0.0623 79.8640 50.0000 33.4709 48.3292 54.0578
17631.0000 0.0663 80.0565 50.0000 33.1677 48.3117 54.5429
17632.0000 0.0639 79.9485 50.0000 33.4050 48.2073 54.3315
17633.0000 0.0611 79.4600 50.0000 33.6339 47.6729 53.9438
17634.0000 0.0651 79.7747 50.0000 33.5282 47.4923 54.6292
17635.0000 0.0712 79.9905 50.0000 33.0130 47.5339 55.2191
17636.0000 0.0688 79.6481 50.0000 33.1327 47.3151 54.8390
17637.0000 0.0602 78.8573 50.0000 34.2233 45.9964 54.1440
17638.0000 0.0585 78.6659 50.0000 34.4491 45.6810 53.9892
17639.0000 0.0632 78.6223 50.0000 33.7272 45.9902 54.1187
17640.0000 0.0618 78.3582 50.0000 33.7806 45.8042 53.8596
17641.0000 0.0612 78.4815 50.0000 33.9537 45.7765 53.9537
17642.0000 0.0563 78.5605 50.0000 34.7169 45.5017 53.8152
17643.0000 0.0603 78.7931 50.0000 34.9202 44.8563 54.5605
17644.0000 0.0547 78.5481 50.0000 34.6802 45.8163 53.5533
17645.0000 0.0470 78.2741 50.0000 35.4759 45.5675 52.8384
17646.0000 0.0472 78.5176 50.0000 35.0684 46.6110 52.5607
17647.0000 0.0471 78.0046 50.0000 35.3437 45.4177 52.6572
17648.0000 0.0471 78.2976 50.0000 35.1972 46.0754 52.6187
17649.0000 0.0443 78.5376 50.0000 35.2005 47.0987 52.0653
17650.0000 0.0466 78.1646 50.0000 34.9055 46.5404 52.2044
17651.0000 0.0554 78.7026 50.0000 34.1354 46.8611 53.2251
17652.0000 0.0523 78.2896 50.0000 34.2815 46.6487 52.7062
17653.0000 0.0539 79.1983 50.0000 34.1763 47.8751 53.0313
17654.0000 0.0551 79.0249 50.0000 34.4380 46.7983 53.5619
17655.0000 0.0556 78.8047 50.0000 34.0408 47.1455 53.1855
17656.0000 0.0619 79.0031 50.0000 33.7550 46.6584 54.0840
17657.0000 0.0533 78.6319 50.0000 34.6381 46.2647 53.3174
17658.0000 0.0532 79.0933 50.0000 34.5187 47.1536 53.2987
17659.0000 0.0618 79.5099 50.0000 34.2708 46.4794 54.6534
17660.0000 0.0587 79.1950 50.0000 34.3004 46.5860 54.0839
17661.0000 0.0649 78.8757 50.0000 34.1642 45.3597 54.7420
17662.0000 0.0610 78.5606 50.0000 34.4334 45.1791 54.2675
17663.0000 0.0556 78.3053 50.0000 34.8520 45.0841 53.7074
17664.0000 0.0574 78.0715 50.0000 35.2943 43.9028 54.0557
17665.0000 0.0543 77.9998 50.0000 35.0792 44.5844 53.5317
17666.0000 0.0575 78.0398 50.0000 35.0160 44.2358 53.9193
17667.0000 0.0596 78.2283 50.0000 35.3387 43.7162 54.4036
17668.0000 0.0617 78.3023 50.0000 35.0141 43.9526 54.5292
17669.0000 0.0633 78.2885 50.0000 34.6076 44.2672 54.5144
17670.0000 0.0617 78.0148 50.0000 34.4952 44.3157 54.1526
17671.0000 0.0580 78.0095 50.0000 34.8015 44.4205 53.8624
17672.0000 0.0574 78.1257 50.0000 35.2034 44.0959 54.0360
17673.0000 0.0563 77.8534 50.0000 34.9515 44.2777 53.6565
17674.0000 0.0624 77.6190 50.0000 34.5916 43.6252 54.0830
17675.0000 0.0563 77.7810 50.0000 34.8188 44.3731 53.5590
17676.0000 0.0549 78.1348 50.0000 34.6825 45.2456 53.4324
17677.0000 0.0563 77.8782 50.0000 34.4326 45.0836 53.3561
17678.0000 0.0499 77.4389 50.0000 35.0095 44.7084 52.6524
17679.0000 0.0492 77.7201 50.0000 35.3001 44.7353 52.8496
17680.0000 0.0555 78.1614 50.0000 34.7625 45.0660 53.5709
17681.0000 0.0622 78.8419 50.0000 34.5072 45.2262 54.5884
17682.0000 0.0591 78.6640 50.0000 34.6786 45.2322 54.2169
17683.0000 0.0525 78.2315 50.0000 35.0923 45.1443 53.3919
17684.0000 0.0532 78.1972 50.0000 35.0606 45.0319 53.4573
17685.0000 0.0539 78.2330 50.0000 35.2177 44.7208 53.6672
17686.0000 0.0514 77.8581 50.0000 35.4162 44.3701 53.2810
17687.0000 0.0497 77.5148 50.0000 35.3400 44.3366 52.8573
17688.0000 0.0463 77.3299 50.0000 35.4082 44.5656 52.3458
17689.0000 0.0482 77.1304 50.0000 35.1434 44.3980 52.3722
17690.0000 0.0475 77.5950 50.0000 35.5616 44.4614 52.7213
17691.0000 0.0416 77.2683 50.0000 35.8580 44.6417 51.8818
17692.0000 0.0460 77.1412 50.0000 35.9079 43.6365 52.5095
17693.0000 0.0470 77.1392 50.0000 35.7528 43.7025 52.5574
17694.0000 0.0472 77.4743 50.0000 35.7231 44.1334 52.7102
17695.0000 0.0429 76.9703 50.0000 35.5026 44.5738 51.7414
17696.0000 0.0438 77.3923 50.0000 35.7784 44.5292 52.2170
17697.0000 0.0476 77.5785 50.0000 35.7965 44.0787 52.8592
17698.0000 0.0532 77.8072 50.0000 36.0461 43.1779 53.7615
17699.0000 0.0539 77.6581 50.0000 35.9750 43.0079 53.7299
17700.0000 0.0526 77.5569 50.0000 36.1466 42.8545 53.5910
17701.0000 0.0518 77.3491 50.0000 36.3819 42.4184 53.4782
17702.0000 0.0435 77.2577 50.0000 36.4430 43.4326 52.4812
17703.0000 0.0401 77.1071 50.0000 36.6785 43.4659 52.0664
17704.0000 0.0510 77.5855 50.0000 35.8638 43.4709 53.3252
17705.0000 0.0551 77.5243 50.0000 35.7818 42.9368 53.7225
17706.0000 0.0532 77.5270 50.0000 35.5299 43.5473 53.4013
17707.0000 0.0546 78.0105 50.0000 35.7941 43.5585 53.9174
17708.0000 0.0514 77.9351 50.0000 35.9109 43.7649 53.5623
17709.0000 0.0497 77.6336 50.0000 36.2412 43.2203 53.3437
17710.0000 0.0536 77.5001 50.0000 35.9430 42.9035 53.6065
17711.0000 0.0468 77.5404 50.0000 36.5583 43.1134 53.0777
17712.0000 0.0483 77.7984 50.0000 36.6565 43.0703 53.4214
17713.0000 0.0441 78.1386 50.0000 37.0091 43.6247 53.2246
17714.0000 0.0524 78.3397 50.0000 36.7435 43.0142 54.1922
17715.0000 0.0556 78.6823 50.0000 36.5454 43.2280 54.6505
17716.0000 0.0573 78.8374 50.0000 35.9131 43.9805 54.6928
17717.0000 0.0551 78.7736 50.0000 36.0013 44.1035 54.4432
17718.0000 0.0530 78.5000 50.0000 36.0916 43.9637 54.1003
17719.0000 0.0583 78.8281 50.0000 35.2942 44.6693 54.5238
17720.0000 0.0644 78.6604 50.0000 35.2554 43.6858 55.1006
17721.0000 0.0629 78.7654 50.0000 35.0298 44.2962 54.9067
17722.0000 0.0643 78.8789 50.0000 34.8822 44.4376 55.0491
17723.0000 0.0625 78.5258 50.0000 35.4519 43.5276 54.9073
17724.0000 0.0681 78.3084 50.0000 34.6031 43.6558 55.0363
17725.0000 0.0813 79.1955 50.0000 34.6770 42.9645 56.7758
17726.0000 0.0881 79.0350 50.0000 34.0766 42.7620 57.0678
17727.0000 0.0857 79.1469 50.0000 34.4346 42.7145 57.0435
17728.0000 0.0858 79.0037 50.0000 34.4551 42.5393 56.9634
17729.0000 0.0800 78.9721 50.0000 34.2740 43.3577 56.4092
17730.0000 0.0905 79.1713 50.0000 34.3850 42.2932 57.4200
17731.0000 0.0781 78.6464 50.0000 34.2602 43.2452 56.0477
17732.0000 0.0737 78.9812 50.0000 33.9169 44.5920 55.6707
17733.0000 0.0808 79.2117 50.0000 34.6220 43.1022 56.7276
17734.0000 0.0786 78.9419 50.0000 34.8884 42.7470 56.4564
17735.0000 0.0773 79.2893 50.0000 34.8947 43.2572 56.5506
17736.0000 0.0775 79.6315 50.0000 34.8533 43.6492 56.7553
17737.0000 0.0795 79.5261 50.0000 34.6930 43.5035 56.8176
17738.0000 0.0740 79.2207 50.0000 35.0191 43.4170 56.2543
17739.0000 0.0854 79.0840 50.0000 34.2829 42.8642 56.9352
17740.0000 0.0848 79.5469 50.0000 34.3990 43.2822 57.1932
17741.0000 0.0762 79.1290 50.0000 34.6094 43.5593 56.2688
17742.0000 0.0771 79.5015 50.0000 34.7907 43.6314 56.6251
17743.0000 0.0799 80.0115 50.0000 35.1545 43.4255 57.2733
17744.0000 0.0787 79.6887 50.0000 34.7270 43.7282 56.8522
17745.0000 0.0736 79.9407 50.0000 34.2602 45.2363 56.3066
17746.0000 0.0653 79.5751 50.0000 35.0811 44.8326 55.6017
17747.0000 0.0660 79.3646 50.0000 35.0778 44.5069 55.5645
17748.0000 0.0687 79.4839 50.0000 34.4633 45.0961 55.6445
17749.0000 0.0705 79.0246 50.0000 34.2456 44.6158 55.5118
17750.0000 0.0705 78.9673 50.0000 34.0896 44.7638 55.4070
17751.0000 0.0811 79.6569 50.0000 34.3811 43.8338 56.9365
17752.0000 0.0818 79.4391 50.0000 34.7360 43.0993 56.9775
17753.0000 0.0809 79.1845 50.0000 34.1714 43.6085 56.5755
17754.0000 0.0785 78.8822 50.0000 34.3286 43.3615 56.2470
17755.0000 0.0759 78.6103 50.0000 34.0424 43.7343 55.7495
17756.0000 0.0699 78.1176 50.0000 34.1495 43.7984 54.9352
17757.0000 0.0781 78.1124 50.0000 33.2292 43.9541 55.3660
17758.0000 0.0788 78.0764 50.0000 34.0018 42.8556 55.7064
17759.0000 0.0855 78.7860 50.0000 33.3220 43.6943 56.4596
17760.0000 0.0864 79.2752 50.0000 33.9096 43.3962 57.0216
17761.0000 0.0892 79.1829 50.0000 33.7595 43.1709 57.1534
17762.0000 0.0848 79.2185 50.0000 33.9269 43.4969 56.8556
17763.0000 0.0857 79.2214 50.0000 33.8750 43.4583 56.9201
17764.0000 0.0667 78.3030 50.0000 34.6026 43.8280 54.8920
17765.0000 0.0614 78.5922 50.0000 35.6087 43.5489 54.8839
17766.0000 0.0721 79.3345 50.0000 35.3490 43.3575 56.2543
17767.0000 0.0762 79.9030 50.0000 35.0134 43.9061 56.8401
17768.0000 0.0746 80.1218 50.0000 35.0669 44.2641 56.8375
17769.0000 0.0787 79.8482 50.0000 34.8392 43.7598 56.9828
17770.0000 0.0723 79.5903 50.0000 34.7316 44.3901 56.1948
17771.0000 0.0703 79.0074 50.0000 34.9330 43.7398 55.7557
17772.0000 0.0745 79.5242 50.0000 34.7565 44.0161 56.3796
17773.0000 0.0792 79.7104 50.0000 34.7099 43.7181 56.9007
17774.0000 0.0721 79.0193 50.0000 34.6560 43.8731 55.8406
17775.0000 0.0651 79.4675 50.0000 34.8741 45.0217 55.4250
17776.0000 0.0665 79.1181 50.0000 34.3633 45.1251 55.1594
17777.0000 0.0684 79.7174 50.0000 35.0445 44.6356 55.9858
17778.0000 0.0703 79.5066 50.0000 34.8679 44.3783 56.0008
17779.0000 0.0653 79.5257 50.0000 35.2616 44.5422 55.6504
17780.0000 0.0762 80.0424 50.0000 34.6186 44.5427 56.7828
17781.0000 0.0706 79.2680 50.0000 34.7130 44.2642 55.8490
17782.0000 0.0718 79.3331 50.0000 34.3142 44.7052 55.8365
17783.0000 0.0762 79.3656 50.0000 34.0397 44.5386 56.1828
17784.0000 0.0773 79.6922 50.0000 34.4538 44.2300 56.6348
17785.0000 0.0741 79.4956 50.0000 34.4415 44.4360 56.2030
17786.0000 0.0774 79.1828 50.0000 33.9278 44.3313 56.1566
17787.0000 0.0879 79.7510 50.0000 33.8163 43.8513 57.3912
17788.0000 0.0770 80.0374 50.0000 34.7110 44.3227 56.8913
17789.0000 0.0810 79.7535 50.0000 34.6265 43.6510 57.0633
17790.0000 0.0831 79.7760 50.0000 34.4688 43.6307 57.2056
17791.0000 0.0842 79.7870 50.0000 34.2188 43.8129 57.2317
17792.0000 0.0833 79.7078 50.0000 33.4684 44.7695 56.8233
17793.0000 0.0720 79.5534 50.0000 33.9267 45.4711 55.7682
17794.0000 0.0811 79.8735 50.0000 33.9561 44.5982 56.9013
17795.0000 0.0744 79.2422 50.0000 34.1615 44.4753 55.9845
17796.0000 0.0695 79.3100 50.0000 34.5403 44.6847 55.6805
17797.0000 0.0746 79.4310 50.0000 33.7446 45.2164 55.9111
17798.0000 0.0823 79.5606 50.0000 33.5675 44.6045 56.6881
17799.0000 0.0811 79.4260 50.0000 34.2024 43.8057 56.7427
17800.0000 0.0733 78.9613 50.0000 33.4902 45.2066 55.4045
17801.0000 0.0744 79.1444 50.0000 33.4378 45.3439 55.5849
17802.0000 0.0760 78.9459 50.0000 33.5072 44.8007 55.7013
17803.0000 0.0756 78.9012 50.0000 33.5223 44.7813 55.6444
17804.0000 0.0746 79.1873 50.0000 33.4157 45.3923 55.6198
17805.0000 0.0789 79.3429 50.0000 33.6427 44.6908 56.2690
17806.0000 0.0683 79.0049 50.0000 34.0784 45.1269 55.1724
17807.0000 0.0698 79.3886 50.0000 34.4983 44.7895 55.7343
17808.0000 0.0702 79.7548 50.0000 34.6457 44.9645 56.0241
17809.0000 0.0658 79.6907 50.0000 34.9516 45.0822 55.6470
17810.0000 0.0623 79.8460 50.0000 34.8426 45.9304 55.2429
17811.0000 0.0577 79.7423 50.0000 35.3430 45.7933 54.8879
17812.0000 0.0506 79.6008 50.0000 35.6901 46.3018 54.0245
17813.0000 0.0561 80.1176 50.0000 35.2241 46.7250 54.7255
17814.0000 0.0605 79.9943 50.0000 34.6734 46.6857 54.9299
17815.0000 0.0557 79.8052 50.0000 35.1754 46.4754 54.5123
17816.0000 0.0589 79.8160 50.0000 34.6369 46.7900 54.6038
17817.0000 0.0590 79.6100 50.0000 34.5366 46.6792 54.4613
17818.0000 0.0582 79.6926 50.0000 34.6706 46.6999 54.4792
17819.0000 0.0537 79.2714 50.0000 35.3821 45.8067 54.1646
17820.0000 0.0520 79.1771 50.0000 35.3915 45.9725 53.8793
17821.0000 0.0567 79.5313 50.0000 35.3848 45.6420 54.6804
17822.0000 0.0662 79.8007 50.0000 34.6122 45.6292 55.5709
17823.0000 0.0628 80.2442 50.0000 35.0134 46.0954 55.5735
17824.0000 0.0626 79.7797 50.0000 34.9767 45.6159 55.3229
17825.0000 0.0758 80.3867 50.0000 34.0692 45.7135 56.6709
17826.0000 0.0714 80.6146 50.0000 33.8363 46.9549 56.1165
17827.0000 0.0607 80.0978 50.0000 34.5179 47.0306 54.8845
17828.0000 0.0620 80.2040 50.0000 34.6941 46.6540 55.2486
17829.0000 0.0669 80.2140 50.0000 34.1298 46.7425 55.5391
17830.0000 0.0641 79.8500 50.0000 34.1814 46.6680 55.0432
17831.0000 0.0596 79.9166 50.0000 34.2778 47.4074 54.4447
17832.0000 0.0580 79.7334 50.0000 34.4144 47.2428 54.2327
17833.0000 0.0598 79.8840 50.0000 34.0261 47.7977 54.2132
17834.0000 0.0587 79.8034 50.0000 34.1096 47.7683 54.0677
17835.0000 0.0613 79.4799 50.0000 33.7657 47.4131 54.1196
17836.0000 0.0561 79.3817 50.0000 34.1514 47.6570 53.5158
17837.0000 0.0672 79.5636 50.0000 32.8805 47.9887 54.2800
17838.0000 0.0702 79.8016 50.0000 32.8525 47.7631 54.8425
17839.0000 0.0709 80.0919 50.0000 33.0920 47.5836 55.2759
17840.0000 0.0679 79.8196 50.0000 33.2986 47.4286 54.8899
17841.0000 0.0633 79.6285 50.0000 33.6765 47.3797 54.4220
17842.0000 0.0601 79.4173 50.0000 33.9320 47.2576 54.0596
17843.0000 0.0589 79.2303 50.0000 34.1417 46.8558 54.0029
17844.0000 0.0594 79.5492 50.0000 33.8136 47.8220 53.8310
17845.0000 0.0586 79.5056 50.0000 34.1075 47.3569 53.9921
17846.0000 0.0576 79.4178 50.0000 34.1076 47.4652 53.7672
17847.0000 0.0664 80.1173 50.0000 33.3796 47.9627 54.8102
17848.0000 0.0734 80.4265 50.0000 32.7839 48.1099 55.4894
17849.0000 0.0740 80.3543 50.0000 32.4153 48.5786 55.1923
17850.0000 0.0751 80.4206 50.0000 32.7537 47.8437 55.7283
17851.0000 0.0723 80.1129 50.0000 32.8360 47.8043 55.2687
17852.0000 0.0628 79.5908 50.0000 33.6859 47.4106 54.3340
17853.0000 0.0660 79.3127 50.0000 33.6905 46.4418 54.7596
17854.0000 0.0693 79.4089 50.0000 33.4181 46.4487 55.0593
17855.0000 0.0711 79.2370 50.0000 33.0603 46.5181 54.9690
17856.0000 0.0677 79.5026 50.0000 33.7047 46.3767 55.0805
17857.0000 0.0715 79.8164 50.0000 33.6258 46.2937 55.6494
17858.0000 0.0653 79.7796 50.0000 33.8921 46.8290 54.9832
17859.0000 0.0701 79.4978 50.0000 33.4476 46.3864 55.2219
17860.0000 0.0635 78.9546 50.0000 33.3861 46.9408 53.9977
17861.0000 0.0673 79.0676 50.0000 33.1279 46.8376 54.4102
17862.0000 0.0644 78.8696 50.0000 33.3340 46.7601 54.0625
17863.0000 0.0539 78.4800 50.0000 34.3281 46.5033 53.0861
17864.0000 0.0542 78.7202 50.0000 34.1544 47.1160 53.0135
17865.0000 0.0519 78.7468 50.0000 34.4985 46.9854 52.9462
17866.0000 0.0558 79.0265 50.0000 34.0203 47.4743 53.2354
17867.0000 0.0517 78.8240 50.0000 34.5865 46.9708 53.0164
17868.0000 0.0548 79.1397 50.0000 34.3792 47.1336 53.4751
17869.0000 0.0577 79.9848 50.0000 34.3649 47.7487 54.1912
17870.0000 0.0585 80.3556 50.0000 34.4370 47.9616 54.5050
17871.0000 0.0589 79.9716 50.0000 34.2427 47.6947 54.2966
17872.0000 0.0672 80.4292 50.0000 34.1584 46.9083 55.6926
17873.0000 0.0612 80.0027 50.0000 34.3698 47.0706 54.8042
17874.0000 0.0572 79.6494 50.0000 34.5255 47.0787 54.1812
17875.0000 0.0584 79.9316 50.0000 35.0333 46.3971 54.8546
17876.0000 0.0595 80.1157 50.0000 35.0161 46.4643 55.0769
17877.0000 0.0536 79.8022 50.0000 35.1094 46.9725 54.1230
17878.0000 0.0537 79.5021 50.0000 34.6878 47.3187 53.6496
17879.0000 0.0501 79.0055 50.0000 34.4682 47.9334 52.4996
17880.0000 0.0464 78.8576 50.0000 34.7464 48.1318 51.9090
17881.0000 0.0470 78.8131 50.0000 34.8942 47.4876 52.3338
17882.0000 0.0430 78.1256 50.0000 34.9733 47.3256 51.3883
17883.0000 0.0403 78.1764 50.0000 35.3987 47.1881 51.3008
17884.0000 0.0448 78.2646 50.0000 35.0070 46.9442 51.9239
17885.0000 0.0428 77.9901 50.0000 35.4677 46.0832 51.9695
17886.0000 0.0430 77.9403 50.0000 35.3066 46.2755 51.8335
17887.0000 0.0456 78.1510 50.0000 35.5398 45.5730 52.6080
17888.0000 0.0424 78.3858 50.0000 35.7452 46.2150 52.2569
17889.0000 0.0457 78.3540 50.0000 35.7944 45.4130 52.8751
17890.0000 0.0525 78.7632 50.0000 35.6894 44.9090 53.9730
17891.0000 0.0537 79.0641 50.0000 35.8965 44.7929 54.3706
17892.0000 0.0466 78.8526 50.0000 36.0140 45.5329 53.3618
17893.0000 0.0516 78.8523 50.0000 35.6491 45.2352 53.8572
17894.0000 0.0546 79.3365 50.0000 35.7826 45.1465 54.5499
17895.0000 0.0512 79.0481 50.0000 36.1735 44.7714 54.1811
17896.0000 0.0533 78.8214 50.0000 35.6783 44.8713 54.0965
17897.0000 0.0526 79.0949 50.0000 35.8168 45.1220 54.1956
17898.0000 0.0574 79.1958 50.0000 35.8416 44.4770 54.8558
17899.0000 0.0607 79.0464 50.0000 35.7812 43.9300 55.1199
17900.0000 0.0626 79.2018 50.0000 35.3993 44.3524 55.2509
17901.0000 0.0579 79.2079 50.0000 35.7229 44.5818 54.8654
17902.0000 0.0549 79.2111 50.0000 36.2002 44.3712 54.7280
17903.0000 0.0558 79.0172 50.0000 35.7929 44.5696 54.5540
17904.0000 0.0486 78.6410 50.0000 36.0990 44.7991 53.6126
17905.0000 0.0464 78.7569 50.0000 36.6870 44.4538 53.6709
17906.0000 0.0487 78.6260 50.0000 36.4925 44.2119 53.8112
17907.0000 0.0545 78.7539 50.0000 36.3311 43.7223 54.5032
17908.0000 0.0518 78.3932 50.0000 36.2270 43.8235 53.9685
17909.0000 0.0550 78.4213 50.0000 35.9638 43.7586 54.2374
17910.0000 0.0603 78.7005 50.0000 35.3101 44.2036 54.7084
17911.0000 0.0598 78.7482 50.0000 35.8799 43.5807 54.9057
17912.0000 0.0563 78.9501 50.0000 35.8292 44.3600 54.6038
17913.0000 0.0537 78.5501 50.0000 35.9378 44.1255 54.1436
17914.0000 0.0481 78.2206 50.0000 35.9991 44.5030 53.3106
17915.0000 0.0468 78.1953 50.0000 36.5152 43.9535 53.3783
17916.0000 0.0530 78.4930 50.0000 36.5116 43.4063 54.2582
17917.0000 0.0613 78.4693 50.0000 36.0728 42.8417 54.9616
17918.0000 0.0726 78.5505 50.0000 35.4939 42.2908 55.8735
17919.0000 0.0675 78.3238 50.0000 35.1181 43.0890 55.1786
17920.0000 0.0629 78.1385 50.0000 34.8272 43.8512 54.4955
17921.0000 0.0724 78.6516 50.0000 34.9012 43.1282 55.7489
17922.0000 0.0677 78.7301 50.0000 35.0869 43.5584 55.4075
17923.0000 0.0677 79.0911 50.0000 35.4588 43.4857 55.7410
17924.0000 0.0623 78.5924 50.0000 35.7602 43.2332 55.0351
17925.0000 0.0703 79.1335 50.0000 35.3788 43.3259 55.9760
17926.0000 0.0751 79.5641 50.0000 35.6455 42.9103 56.7323
17927.0000 0.0742 79.8526 50.0000 35.5684 43.4160 56.8012
17928.0000 0.0697 79.0698 50.0000 35.7286 42.8954 55.9954
17929.0000 0.0788 79.5119 50.0000 35.1137 43.0623 56.8754
17930.0000 0.0759 79.5993 50.0000 35.3387 43.2146 56.7426
17931.0000 0.0803 79.5774 50.0000 34.6127 43.5568 56.8976
17932.0000 0.0814 79.6226 50.0000 34.5465 43.5645 56.9949
17933.0000 0.0828 79.6613 50.0000 34.9906 42.9224 57.2648
17934.0000 0.0888 79.8408 50.0000 34.9376 42.5311 57.8362
17935.0000 0.0991 79.6188 50.0000 34.4600 41.8122 58.3387
17936.0000 0.0979 79.3426 50.0000 34.2097 41.9236 58.0289
17937.0000 0.0950 79.4348 50.0000 34.7545 41.7027 57.9905
17938.0000 0.0841 78.9524 50.0000 35.3547 41.6307 57.0124
17939.0000 0.0845 79.3078 50.0000 35.5444 41.7480 57.3012
17940.0000 0.0930 79.6563 50.0000 35.4545 41.3467 58.1254
17941.0000 0.0908 79.4808 50.0000 35.1120 41.7682 57.7907
17942.0000 0.0809 79.1580 50.0000 35.3571 42.1745 56.8962
17943.0000 0.0749 79.0131 50.0000 35.7475 42.2292 56.4082
17944.0000 0.0715 78.9048 50.0000 35.7819 42.4553 56.0640
17945.0000 0.0747 79.0671 50.0000 35.8287 42.2072 56.4487
17946.0000 0.0681 78.6849 50.0000 35.6052 42.8123 55.5940
17947.0000 0.0708 79.0171 50.0000 35.6545 42.7982 56.0426
17948.0000 0.0749 79.1136 50.0000 35.5454 42.5722 56.4189
17949.0000 0.0798 79.2312 50.0000 35.3561 42.3760 56.8490
17950.0000 0.0817 79.2353 50.0000 34.8907 42.7083 56.8935
17951.0000 0.0817 79.4325 50.0000 35.2905 42.4541 57.1118
17952.0000 0.0796 79.6338 50.0000 35.0567 43.1642 57.0038
17953.0000 0.0785 79.2210 50.0000 34.9847 42.9390 56.6416
17954.0000 0.0774 79.7800 50.0000 35.7909 42.7140 57.0909
17955.0000 0.0875 79.3687 50.0000 34.8035 42.3385 57.4070
17956.0000 0.0808 79.6922 50.0000 34.5464 43.7124 56.9791
17957.0000 0.0820 79.0491 50.0000 34.5100 42.9293 56.7000
17958.0000 0.0949 79.3516 50.0000 33.9167 42.5631 57.7470
17959.0000 0.0843 79.1701 50.0000 34.5254 42.7919 56.9627
17960.0000 0.0865 79.2131 50.0000 34.3351 42.8142 57.1205
17961.0000 0.0917 79.4825 50.0000 33.9191 43.0280 57.5809
17962.0000 0.1034 79.7980 50.0000 33.7250 42.3923 58.5939
17963.0000 0.0998 79.7146 50.0000 33.5077 42.9083 58.2282
17964.0000 0.1036 79.9983 50.0000 33.6213 42.6831 58.7153
17965.0000 0.0991 79.5311 50.0000 33.8114 42.4421 58.1433
17966.0000 0.1027 79.9668 50.0000 34.1399 42.1686 58.7449
17967.0000 0.0901 79.2295 50.0000 34.5684 42.1859 57.4690
17968.0000 0.0974 79.1178 50.0000 34.0669 41.9114 57.8144
17969.0000 0.1177 80.0186 50.0000 33.7158 41.2824 59.6823
17970.0000 0.1172 80.2879 50.0000 34.2929 40.9761 59.9258
17971.0000 0.1305 80.9494 50.0000 33.9773 40.7857 61.1136
17972.0000 0.1196 80.4817 50.0000 34.0753 41.1825 60.1680
17973.0000 0.1163 80.4262 50.0000 34.0857 41.4112 59.9304
17974.0000 0.1104 80.2115 50.0000 34.0346 41.7968 59.4016
17975.0000 0.1189 80.5371 50.0000 33.0223 42.4305 59.9618
17976.0000 0.1262 80.8067 50.0000 33.0249 42.0240 60.6058
17977.0000 0.1146 80.4159 50.0000 33.3550 42.3485 59.6722
17978.0000 0.1227 80.8610 50.0000 33.0701 42.3432 60.4312
17979.0000 0.1250 80.7382 50.0000 32.9438 42.1493 60.4715
17980.0000 0.1198 80.3935 50.0000 32.9331 42.3004 59.9100
17981.0000 0.1169 80.5978 50.0000 33.0229 42.6713 59.8719
17982.0000 0.1049 79.9359 50.0000 33.4203 42.7266 58.7134
17983.0000 0.1184 80.9187 50.0000 33.4459 42.3808 60.2750
17984.0000 0.1262 80.9643 50.0000 33.0857 42.1111 60.7224
17985.0000 0.1209 80.7865 50.0000 33.3258 42.1622 60.3175
17986.0000 0.1235 80.6946 50.0000 33.0214 42.1584 60.3644
17987.0000 0.1170 80.7471 50.0000 33.1275 42.6963 59.9974
17988.0000 0.1151 80.8508 50.0000 33.0653 43.0443 59.9227
17989.0000 0.1115 80.5639 50.0000 32.9794 43.1986 59.4708
17990.0000 0.1122 80.1896 50.0000 32.6890 43.0861 59.2064
17991.0000 0.1057 79.7492 50.0000 32.7199 43.2506 58.4699
17992.0000 0.1056 79.8238 50.0000 32.7231 43.3271 58.5133
17993.0000 0.1223 80.4394 50.0000 32.9338 42.1207 60.0976
17994.0000 0.1183 80.2525 50.0000 32.9879 42.2443 59.7301
17995.0000 0.1136 79.7346 50.0000 32.7684 42.4089 59.0366
17996.0000 0.1098 79.8667 50.0000 33.3319 42.2790 58.9929
17997.0000 0.1060 79.5696 50.0000 33.3070 42.3763 58.5339
17998.0000 0.0983 79.6733 50.0000 34.1079 42.3410 58.2385
17999.0000 0.0873 79.4474 50.0000 33.5274 43.9412 57.0699
18000.0000 0.0839 79.0940 50.0000 33.4342 44.0719 56.5304
18001.0000 0.0885 78.9738 50.0000 33.5969 43.2277 56.9164
18002.0000 0.0901 79.3866 50.0000 33.6032 43.4744 57.2978
18003.0000 0.0966 79.1276 50.0000 33.3855 42.7716 57.5949
18004.0000 0.1079 79.7908 50.0000 33.2304 42.5015 58.7872
18005.0000 0.1036 79.2927 50.0000 33.3681 42.2639 58.2037
18006.0000 0.1245 80.0670 50.0000 32.7768 41.7304 59.9581
18007.0000 0.1223 79.5099 50.0000 33.1100 41.0324 59.5138
18008.0000 0.1200 79.4272 50.0000 33.5416 40.6985 59.3909
18009.0000 0.1315 79.9747 50.0000 33.0875 40.7085 60.3654
18010.0000 0.1220 79.6790 50.0000 33.4544 40.8552 59.6690
18011.0000 0.1208 79.6367 50.0000 33.2397 41.1476 59.5316
18012.0000 0.1179 79.6244 50.0000 32.8042 41.8659 59.2552
18013.0000 0.1218 79.9767 50.0000 32.5877 42.0861 59.6915
18014.0000 0.1268 80.2550 50.0000 32.4016 42.1130 60.1457
18015.0000 0.1285 80.3159 50.0000 32.3569 42.0645 60.2848
18016.0000 0.1246 80.0148 50.0000 31.5145 43.0404 59.6383
18017.0000 0.1231 80.4990 50.0000 31.8394 43.2925 59.9341
18018.0000 0.1298 80.5780 50.0000 31.7560 42.8472 60.4027
18019.0000 0.1323 81.2421 50.0000 31.7205 43.2872 60.9944
18020.0000 0.1333 81.1670 50.0000 30.7871 44.1410 60.7601
18021.0000 0.1340 80.8616 50.0000 31.2409 43.2884 60.7348
18022.0000 0.1270 80.6505 50.0000 31.6721 43.2572 60.2511
18023.0000 0.1264 81.0628 50.0000 31.8849 43.4776 60.5328
18024.0000 0.1165 80.2602 50.0000 32.1077 43.3900 59.3979
18025.0000 0.1076 80.2908 50.0000 32.1900 44.2197 58.7795
18026.0000 0.1103 79.9843 50.0000 32.2176 43.5967 58.8119
18027.0000 0.1055 79.8694 50.0000 32.2884 43.8957 58.3931
18028.0000 0.1060 79.8167 50.0000 32.1650 43.9317 58.3619
18029.0000 0.1027 79.9246 50.0000 32.3233 44.2063 58.2147
18030.0000 0.1027 80.2968 50.0000 32.6460 44.2009 58.5499
18031.0000 0.1014 80.5184 50.0000 32.7733 44.4225 58.6153
18032.0000 0.1035 80.7394 50.0000 33.3969 43.6975 59.1103
18033.0000 0.1028 80.5898 50.0000 33.6846 43.2921 59.0411
18034.0000 0.1077 80.4523 50.0000 32.9049 43.5528 59.1016
18035.0000 0.1025 80.1537 50.0000 32.9813 43.6821 58.5553
18036.0000 0.0900 79.7787 50.0000 33.5593 43.9580 57.4988
18037.0000 0.0848 79.3138 50.0000 33.7382 43.8263 56.8477
18038.0000 0.0901 79.4326 50.0000 33.3550 43.8272 57.2378
18039.0000 0.0878 79.5430 50.0000 33.0392 44.6006 56.9762
18040.0000 0.0935 80.0311 50.0000 32.5327 45.0959 57.5582
18041.0000 0.0928 80.1628 50.0000 32.5325 45.3199 57.5658
18042.0000 0.0954 80.7368 50.0000 32.5048 45.6712 58.1035
18043.0000 0.0980 80.9127 50.0000 33.3577 44.5001 58.7697
18044.0000 0.1001 80.6276 50.0000 33.2164 44.1537 58.7191
18045.0000 0.1048 81.3124 50.0000 33.2863 44.2736 59.5280
18046.0000 0.1016 80.9064 50.0000 33.2931 44.1879 59.0326
18047.0000 0.1062 80.9731 50.0000 32.9255 44.2015 59.3194
18048.0000 0.1040 81.0523 50.0000 33.4269 43.9372 59.3434
18049.0000 0.1041 80.9219 50.0000 33.3809 43.8468 59.2581
18050.0000 0.1001 80.9156 50.0000 32.9549 44.7571 58.8057
18051.0000 0.0966 80.6335 50.0000 32.9517 44.8539 58.3444
18052.0000 0.1021 80.8447 50.0000 32.8317 44.6210 58.8805
18053.0000 0.0963 81.0758 50.0000 32.5270 45.8915 58.3888
18054.0000 0.1092 81.5664 50.0000 31.7475 45.8948 59.4882
18055.0000 0.1108 81.6250 50.0000 32.2548 45.1687 59.8503
18056.0000 0.1107 81.7162 50.0000 32.0584 45.5087 59.8226
18057.0000 0.1143 82.0914 50.0000 32.0106 45.5545 60.3251
18058.0000 0.1148 82.0239 50.0000 31.6608 45.8529 60.1915
18059.0000 0.1167 81.7790 50.0000 31.8103 45.2247 60.2548
18060.0000 0.1229 82.4295 50.0000 31.8275 45.2181 61.1307
18061.0000 0.1289 82.8378 50.0000 31.7422 45.1211 61.7950
18062.0000 0.1247 82.9202 50.0000 31.3163 46.1040 61.3960
18063.0000 0.1269 82.1957 50.0000 31.0370 45.4792 61.0284
18064.0000 0.1304 82.2485 50.0000 31.1969 45.0091 61.3658
18065.0000 0.1292 81.9576 50.0000 30.8712 45.2047 60.9962
18066.0000 0.1399 82.4934 50.0000 31.1532 44.3927 62.1605
18067.0000 0.1107 81.4803 50.0000 32.0231 45.3105 59.6700
18068.0000 0.1135 81.5656 50.0000 31.7447 45.4275 59.8461
18069.0000 0.1073 81.4201 50.0000 32.0659 45.5615 59.3730
18070.0000 0.1096 81.6926 50.0000 32.2385 45.3850 59.7876
18071.0000 0.1033 81.3486 50.0000 32.6778 45.1906 59.2247
18072.0000 0.1118 81.7611 50.0000 32.3826 45.0517 60.0549
18073.0000 0.1094 81.7424 50.0000 32.0707 45.6646 59.7331
18074.0000 0.1117 81.7966 50.0000 31.6775 45.9303 59.8132
18075.0000 0.1229 82.0138 50.0000 31.1354 45.5951 60.6459
18076.0000 0.1151 81.9099 50.0000 31.8775 45.4507 60.2269
18077.0000 0.1129 81.7099 50.0000 31.5552 45.8594 59.8139
18078.0000 0.1160 81.5148 50.0000 31.4003 45.5105 59.8956
18079.0000 0.1086 81.2880 50.0000 31.4879 45.9913 59.1696
18080.0000 0.0999 80.7631 50.0000 31.6754 46.2190 58.1649
18081.0000 0.0993 80.7867 50.0000 32.1935 45.6495 58.3626
18082.0000 0.0960 80.2460 50.0000 32.0016 45.7146 57.6671
18083.0000 0.0996 80.1071 50.0000 32.2105 44.8742 58.0167
18084.0000 0.0958 79.8184 50.0000 32.6122 44.5040 57.6785
18085.0000 0.0831 79.2797 50.0000 32.6466 45.4115 56.1896
18086.0000 0.0855 79.4690 50.0000 32.4346 45.6038 56.4235
18087.0000 0.0928 79.9820 50.0000 32.3325 45.3871 57.3736
18088.0000 0.0893 79.9021 50.0000 32.1230 46.0145 56.8781
18089.0000 0.0959 80.1684 50.0000 32.2729 45.2856 57.7464
18090.0000 0.0985 80.4470 50.0000 32.7517 44.6952 58.3214
18091.0000 0.0899 80.2661 50.0000 32.8304 45.4066 57.4723
18092.0000 0.0949 80.3399 50.0000 32.3172 45.5328 57.7656
18093.0000 0.0933 80.4818 50.0000 32.0867 46.1904 57.5692
18094.0000 0.1038 80.9501 50.0000 31.9695 45.5898 58.7575
18095.0000 0.0966 80.3573 50.0000 32.2420 45.4441 57.9016
18096.0000 0.0984 80.0344 50.0000 31.9342 45.2806 57.7527
18097.0000 0.0970 79.8178 50.0000 31.8734 45.2885 57.4797
18098.0000 0.0948 79.4518 50.0000 31.6902 45.3922 56.9900
18099.0000 0.0878 79.7336 50.0000 32.1756 45.9520 56.6620
18100.0000 0.0893 80.2170 50.0000 32.0922 46.4144 57.0136
18101.0000 0.0877 79.9184 50.0000 32.5217 45.7079 56.9217
18102.0000 0.0938 80.0139 50.0000 32.6449 44.9027 57.6219
18103.0000 0.0937 80.0573 50.0000 32.6004 45.0095 57.6241
18104.0000 0.0759 79.3045 50.0000 33.0931 45.8014 55.6442
18105.0000 0.0801 79.3492 50.0000 33.4704 44.7717 56.3163
18106.0000 0.0815 79.7364 50.0000 32.9001 45.7999 56.3723
18107.0000 0.0763 79.0562 50.0000 33.2703 45.2055 55.6726
18108.0000 0.0853 79.6406 50.0000 33.1729 44.8322 56.8530
18109.0000 0.0927 79.9434 50.0000 32.6982 44.8885 57.5047
18110.0000 0.0927 79.7203 50.0000 32.6555 44.6975 57.3679
18111.0000 0.0831 79.7125 50.0000 33.4564 44.8165 56.7999
18112.0000 0.0854 79.1951 50.0000 33.1523 44.3598 56.6127
18113.0000 0.0860 79.1764 50.0000 33.1897 44.2278 56.6679
18114.0000 0.0753 78.8954 50.0000 33.8359 44.3902 55.7596
18115.0000 0.0816 79.3281 50.0000 32.9456 45.2592 56.2062
18116.0000 0.0875 78.8745 50.0000 33.1502 43.7770 56.6199
18117.0000 0.0855 78.9496 50.0000 32.8692 44.4449 56.3676
18118.0000 0.0868 78.9785 50.0000 32.4285 44.8871 56.3129
18119.0000 0.0896 78.8777 50.0000 32.2557 44.6660 56.4465
18120.0000 0.0887 78.6830 50.0000 32.5289 44.2067 56.3796
18121.0000 0.0811 77.9446 50.0000 32.5489 44.2920 55.2645
18122.0000 0.0863 78.0906 50.0000 32.2093 44.2527 55.6993
18123.0000 0.0915 78.4903 50.0000 32.1473 44.1590 56.3672
18124.0000 0.0899 78.6372 50.0000 32.3008 44.3005 56.3732
18125.0000 0.0873 78.8128 50.0000 31.9103 45.3462 56.0081
18126.0000 0.0862 78.4822 50.0000 32.3750 44.4859 55.9671
18127.0000 0.0833 78.5569 50.0000 32.4528 44.8329 55.7495
18128.0000 0.0783 78.1264 50.0000 32.5316 44.8919 55.0468
18129.0000 0.0786 78.2732 50.0000 32.7016 44.7877 55.2391
18130.0000 0.0799 78.6026 50.0000 32.9281 44.6808 55.6573
18131.0000 0.0853 78.8493 50.0000 32.7691 44.4840 56.2546
18132.0000 0.0839 78.8661 50.0000 32.6716 44.8139 56.0726
18133.0000 0.0799 78.6794 50.0000 32.5082 45.3444 55.4756
18134.0000 0.0747 78.2940 50.0000 32.2239 46.0800 54.4811
18135.0000 0.0727 78.4509 50.0000 32.2431 46.5898 54.2616
18136.0000 0.0707 78.7364 50.0000 32.3062 47.2221 54.0907
18137.0000 0.0657 78.6478 50.0000 32.4593 47.8573 53.3062
18138.0000 0.0659 78.7339 50.0000 32.8619 47.1293 53.8326
18139.0000 0.0693 78.3895 50.0000 32.7033 46.3137 54.1337
18140.0000 0.0708 78.4852 50.0000 33.0350 45.6742 54.6122
18141.0000 0.0691 78.6665 50.0000 33.2571 45.8115 54.6232
18142.0000 0.0637 78.2498 50.0000 33.6462 45.5554 53.9969
18143.0000 0.0675 78.6632 50.0000 33.6166 45.5073 54.6527
18144.0000 0.0720 78.6264 50.0000 33.2726 45.3076 54.9751
18145.0000 0.0716 78.7234 50.0000 33.3807 45.3229 55.0358
18146.0000 0.0671 78.6555 50.0000 33.8804 45.1770 54.7526
18147.0000 0.0687 78.6905 50.0000 33.2925 45.8591 54.5963
18148.0000 0.0679 79.0585 50.0000 33.0779 46.8085 54.4524
18149.0000 0.0707 79.3672 50.0000 33.0756 46.7125 54.9826
18150.0000 0.0747 79.5826 50.0000 32.9826 46.4839 55.5409
18151.0000 0.0767 79.5978 50.0000 32.3995 47.1061 55.3814
18152.0000 0.0728 79.3410 50.0000 32.7316 46.8883 55.0012
18153.0000 0.0686 79.3348 50.0000 32.7787 47.5651 54.3796
18154.0000 0.0719 79.2651 50.0000 32.5283 47.2967 54.6616
18155.0000 0.0748 79.3547 50.0000 32.2350 47.4000 54.8754
18156.0000 0.0720 79.3567 50.0000 32.5360 47.3858 54.7126
18157.0000 0.0767 79.2620 50.0000 31.9461 47.4393 54.8765
18158.0000 0.0813 79.4314 50.0000 31.5374 47.5513 55.2595
18159.0000 0.0743 79.3883 50.0000 32.1123 47.7555 54.6875
18160.0000 0.0736 79.2759 50.0000 31.8875 48.1766 54.2851
18161.0000 0.0703 79.2553 50.0000 32.0422 48.5968 53.7872
18162.0000 0.0709 79.6420 50.0000 31.9415 49.2913 53.7863
18163.0000 0.0758 79.8522 50.0000 31.6258 49.0947 54.4601
18164.0000 0.0760 79.1769 50.0000 31.3332 48.6798 54.0138
18165.0000 0.0712 79.4950 50.0000 31.9417 48.9834 53.8498
18166.0000 0.0744 79.4812 50.0000 31.4645 49.2660 53.8527
18167.0000 0.0755 79.7346 50.0000 31.6970 48.8147 54.4981
18168.0000 0.0780 79.4978 50.0000 31.3828 48.5786 54.5448
18169.0000 0.0748 79.0467 50.0000 31.7723 47.8426 54.3138
18170.0000 0.0749 79.3200 50.0000 31.8369 48.0752 54.4688
18171.0000 0.0799 79.7043 50.0000 31.7048 47.8653 55.2855
18172.0000 0.0833 80.0583 50.0000 31.5963 47.9010 55.8257
18173.0000 0.0810 80.1040 50.0000 31.8306 47.9620 55.7055
18174.0000 0.0790 80.0105 50.0000 31.9411 48.0128 55.4636
18175.0000 0.0758 79.4007 50.0000 32.2236 47.2942 55.0397
18176.0000 0.0787 79.5233 50.0000 31.9562 47.4113 55.2714
18177.0000 0.0727 79.4390 50.0000 32.7884 46.9341 55.0697
18178.0000 0.0678 79.4818 50.0000 33.2197 47.1243 54.7092
18179.0000 0.0705 79.3367 50.0000 32.7272 47.3012 54.6429
18180.0000 0.0717 79.3297 50.0000 32.4880 47.4985 54.6043
18181.0000 0.0715 79.0923 50.0000 32.3710 47.4338 54.3852
18182.0000 0.0699 79.1009 50.0000 32.8151 46.9563 54.5457
18183.0000 0.0724 79.0923 50.0000 32.7603 46.6006 54.8701
18184.0000 0.0775 79.1149 50.0000 32.7929 45.7936 55.5583
18185.0000 0.0738 78.7412 50.0000 32.5698 46.2296 54.7925
18186.0000 0.0801 78.6065 50.0000 32.0425 45.9150 55.1731
18187.0000 0.0793 78.7859 50.0000 31.9819 46.3453 55.1043
18188.0000 0.0768 78.6336 50.0000 32.3408 45.9826 54.9810
18189.0000 0.0717 77.6551 50.0000 32.2491 45.7258 53.8466
18190.0000 0.0818 78.1173 50.0000 31.8796 45.3250 55.0604
18191.0000 0.0787 77.8005 50.0000 32.2437 44.8593 54.7806
18192.0000 0.0761 77.7209 50.0000 32.1205 45.3262 54.3540
18193.0000 0.0731 77.1700 50.0000 32.3336 44.7865 53.8881
18194.0000 0.0766 77.0383 50.0000 32.1172 44.4430 54.1129
18195.0000 0.0819 77.0917 50.0000 32.3212 43.5377 54.7991
18196.0000 0.0818 76.7806 50.0000 31.9533 43.6940 54.4526
18197.0000 0.0831 77.0879 50.0000 31.7760 44.1192 54.6472
18198.0000 0.0751 77.3269 50.0000 32.3178 44.6981 54.1948
18199.0000 0.0750 77.0719 50.0000 32.1843 44.6108 53.9826
18200.0000 0.0717 77.2412 50.0000 32.2135 45.2733 53.6547
18201.0000 0.0731 76.8365 50.0000 32.3455 44.3604 53.7566
18202.0000 0.0749 77.0282 50.0000 32.1254 44.6608 53.9140
18203.0000 0.0774 77.3188 50.0000 32.0802 44.7215 54.3052
18204.0000 0.0832 77.4430 50.0000 31.3976 45.0471 54.6111
18205.0000 0.0807 77.6283 50.0000 31.5134 45.4486 54.4745
18206.0000 0.0793 77.3210 50.0000 31.0573 46.0188 53.8169
18207.0000 0.0833 77.4167 50.0000 30.8943 45.7653 54.2625
18208.0000 0.0778 77.1626 50.0000 31.1894 45.8387 53.6666
18209.0000 0.0757 76.9438 50.0000 31.2424 45.8257 53.3316
18210.0000 0.0831 77.4585 50.0000 30.8367 45.9316 54.2145
18211.0000 0.0813 77.3317 50.0000 30.9852 45.8172 54.0453
18212.0000 0.0882 77.4281 50.0000 30.7472 45.2882 54.7603
18213.0000 0.0877 77.3590 50.0000 31.2079 44.6135 54.9555
18214.0000 0.0899 77.6604 50.0000 30.9568 45.0213 55.1896
18215.0000 0.0869 77.8264 50.0000 31.0836 45.4352 55.0127
18216.0000 0.0849 77.6318 50.0000 30.8028 45.9235 54.4878
18217.0000 0.0850 77.7261 50.0000 30.7180 46.1533 54.4759
18218.0000 0.1012 78.3694 50.0000 30.0623 45.5941 56.2067
18219.0000 0.0993 77.9133 50.0000 30.1138 45.2525 55.8198
18220.0000 0.0978 77.7482 50.0000 30.1804 45.1753 55.6158
18221.0000 0.0972 77.4042 50.0000 30.7663 44.0783 55.6952
18222.0000 0.0942 77.4764 50.0000 30.5984 44.7513 55.3502
18223.0000 0.0916 77.6244 50.0000 30.8617 44.8929 55.2968
18224.0000 0.0956 78.3222 50.0000 31.0278 44.9377 56.1448
18225.0000 0.1034 78.0501 50.0000 30.3007 44.6569 56.3866
18226.0000 0.0971 78.1609 50.0000 30.4990 45.2893 55.9269
18227.0000 0.0996 78.1818 50.0000 30.7027 44.7316 56.2923
18228.0000 0.1021 77.8210 50.0000 30.7017 44.0518 56.3290
18229.0000 0.0961 77.6100 50.0000 30.7483 44.4646 55.6844
18230.0000 0.0828 76.7039 50.0000 31.0923 44.6805 54.0408
18231.0000 0.0870 76.9471 50.0000 31.2025 44.2392 54.6823
18232.0000 0.0877 77.1907 50.0000 31.0284 44.6678 54.7761
18233.0000 0.0813 76.9265 50.0000 31.4432 44.6368 54.1901
18234.0000 0.0830 76.9728 50.0000 31.5965 44.2439 54.4881
18235.0000 0.0977 77.6368 50.0000 30.9317 44.0671 55.9356
18236.0000 0.0933 77.5609 50.0000 30.8422 44.6260 55.4344
18237.0000 0.0988 78.0244 50.0000 30.3213 45.1614 55.9364
18238.0000 0.1046 78.4564 50.0000 29.9085 45.4725 56.5079
18239.0000 0.1015 78.5085 50.0000 30.0491 45.7347 56.2936
18240.0000 0.1070 78.7098 50.0000 29.6869 45.7473 56.7548
18241.0000 0.0961 78.5037 50.0000 29.7382 46.9361 55.4569
18242.0000 0.0985 78.5706 50.0000 29.4413 47.1237 55.5509
18243.0000 0.1034 78.8150 50.0000 29.2726 46.9300 56.1471
18244.0000 0.1045 78.9112 50.0000 29.2449 46.9301 56.2963
18245.0000 0.1017 78.7921 50.0000 29.3055 47.1147 55.9427
18246.0000 0.0970 78.9906 50.0000 29.7554 47.3504 55.7859
18247.0000 0.0937 78.6517 50.0000 30.0508 46.9919 55.4510
18248.0000 0.0893 77.9343 50.0000 30.1333 46.6759 54.6543
18249.0000 0.0947 78.0425 50.0000 29.8296 46.4528 55.1632
18250.0000 0.0903 77.9437 50.0000 29.8770 46.9582 54.5665
18251.0000 0.0845 78.2737 50.0000 30.2503 47.7831 54.1153
18252.0000 0.0839 77.8306 50.0000 30.3319 47.1439 53.9910
18253.0000 0.0898 78.4328 50.0000 29.9580 47.5291 54.7286
18254.0000 0.0935 78.8800 50.0000 29.9211 47.5112 55.4027
18255.0000 0.0947 78.7522 50.0000 29.5747 47.7427 55.2076
18256.0000 0.0913 78.4040 50.0000 30.0768 47.0235 55.0578
18257.0000 0.0901 77.9920 50.0000 30.6135 45.8719 55.1483
18258.0000 0.0949 77.8612 50.0000 30.1114 45.7842 55.3125
18259.0000 0.0947 77.9153 50.0000 30.3937 45.4681 55.4948
18260.0000 0.1020 78.0678 50.0000 30.3695 44.7525 56.2982
18261.0000 0.1066 78.5658 50.0000 30.1833 44.9883 56.9000
18262.0000 0.1149 79.1329 50.0000 29.9589 44.9331 57.8403
18263.0000 0.1166 79.6482 50.0000 29.9312 45.3114 58.2652
18264.0000 0.1109 79.2547 50.0000 30.5307 44.7890 57.8198
18265.0000 0.1090 78.8879 50.0000 30.5842 44.5568 57.4682
18266.0000 0.1078 79.1879 50.0000 30.7295 44.8210 57.5977
18267.0000 0.1102 79.2868 50.0000 30.5803 44.8459 57.7935
18268.0000 0.1124 79.0433 50.0000 30.4827 44.4686 57.8031
18269.0000 0.1152 79.5136 50.0000 30.0186 45.2169 58.1097
18270.0000 0.1101 78.9784 50.0000 30.0743 45.1593 57.3913
18271.0000 0.1057 78.3229 50.0000 30.7608 44.1092 56.9441
18272.0000 0.1029 78.2138 50.0000 31.0405 43.9543 56.7618
18273.0000 0.0979 78.5128 50.0000 31.6263 44.0962 56.7411
18274.0000 0.0912 78.6692 50.0000 31.1978 45.6503 55.9605
18275.0000 0.0914 78.7546 50.0000 31.3492 45.5124 56.1082
18276.0000 0.0990 78.8182 50.0000 30.9155 45.2114 56.6788
18277.0000 0.0959 78.5492 50.0000 31.1919 44.9362 56.3718
18278.0000 0.0922 78.0253 50.0000 31.3695 44.5715 55.8327
18279.0000 0.0869 77.5827 50.0000 31.8521 44.0895 55.3230
18280.0000 0.0920 77.7902 50.0000 31.6462 43.9813 55.8165
18281.0000 0.0872 77.5271 50.0000 31.8926 43.9360 55.3439
18282.0000 0.0851 76.9201 50.0000 32.1512 43.1851 54.9367
18283.0000 0.0877 77.3778 50.0000 32.0188 43.5511 55.3662
18284.0000 0.0904 77.3841 50.0000 31.8018 43.5212 55.5234
18285.0000 0.0921 77.3969 50.0000 31.5695 43.6312 55.5875
18286.0000 0.0963 77.6876 50.0000 31.6722 43.3489 56.1526
18287.0000 0.0993 77.6957 50.0000 31.0618 43.7792 56.1708
18288.0000 0.1002 77.8775 50.0000 31.1353 43.7764 56.3837
18289.0000 0.1087 78.2034 50.0000 30.5549 43.9140 57.0415
18290.0000 0.1095 77.9533 50.0000 30.5964 43.5161 56.9818
18291.0000 0.1105 77.5342 50.0000 30.7265 42.8317 56.8585
18292.0000 0.1087 77.5882 50.0000 30.4142 43.4453 56.6340
18293.0000 0.1067 77.8218 50.0000 30.6145 43.6512 56.6883
18294.0000 0.1048 77.8124 50.0000 31.0666 43.2987 56.6997
18295.0000 0.1068 77.5325 50.0000 30.8850 43.0171 56.6299
18296.0000 0.1145 77.9021 50.0000 30.5448 43.0165 57.3179
18297.0000 0.1240 78.1740 50.0000 30.2998 42.6470 58.0889
18298.0000 0.1117 77.5925 50.0000 30.2895 43.2838 56.8300
18299.0000 0.1129 77.8532 50.0000 30.3241 43.3921 57.0849
18300.0000 0.1071 77.4111 50.0000 30.3967 43.4535 56.3943
18301.0000 0.1058 77.7738 50.0000 30.4437 43.9097 56.5145
18302.0000 0.1080 77.7806 50.0000 30.5040 43.6079 56.7246
18303.0000 0.1009 77.3947 50.0000 30.7079 43.7266 55.9906
18304.0000 0.0930 77.2194 50.0000 30.9303 44.1641 55.2782
18305.0000 0.0944 77.2750 50.0000 30.6243 44.4657 55.2845
18306.0000 0.0948 77.2137 50.0000 31.3447 43.4137 55.6302
18307.0000 0.0976 77.3825 50.0000 30.7954 43.9731 55.7320
18308.0000 0.0996 77.0933 50.0000 31.0710 43.1006 55.8597
18309.0000 0.0997 77.0583 50.0000 31.0049 43.1292 55.8260
18310.0000 0.1015 77.1535 50.0000 30.3102 43.9062 55.7333
18311.0000 0.1015 77.2541 50.0000 30.7533 43.4475 55.9887
18312.0000 0.1024 77.2604 50.0000 30.6106 43.5366 56.0064
18313.0000 0.1105 77.8426 50.0000 30.6362 43.2545 57.0082
18314.0000 0.1156 78.2028 50.0000 30.7842 42.9323 57.6614
18315.0000 0.1203 78.7699 50.0000 29.9269 44.0291 58.0562
18316.0000 0.1228 78.9250 50.0000 29.7399 44.1549 58.2670
18317.0000 0.1147 78.2196 50.0000 30.0926 43.8529 57.3555
18318.0000 0.1042 77.7244 50.0000 30.5800 43.8668 56.4062
18319.0000 0.1037 77.8183 50.0000 30.7459 43.8178 56.4834
18320.0000 0.1092 78.1945 50.0000 30.6915 43.6854 57.1315
18321.0000 0.1103 77.8352 50.0000 30.6861 43.2079 57.0066
18322.0000 0.1040 77.5589 50.0000 31.1308 43.0434 56.5112
18323.0000 0.1065 77.4802 50.0000 31.0765 42.7678 56.6422
18324.0000 0.1095 77.4401 50.0000 30.8229 42.7197 56.7623
18325.0000 0.1086 77.2848 50.0000 30.8431 42.6334 56.6042
18326.0000 0.0964 77.1168 50.0000 31.7547 42.6340 55.8657
18327.0000 0.0964 77.0676 50.0000 31.6612 42.6969 55.8029
18328.0000 0.0888 76.7153 50.0000 32.1857 42.5034 55.1614
18329.0000 0.0958 76.8171 50.0000 32.0786 41.9908 55.7550
18330.0000 0.0866 76.7521 50.0000 32.3075 42.6386 55.0370
18331.0000 0.0805 76.4834 50.0000 32.1006 43.3156 54.2496
18332.0000 0.0869 76.7917 50.0000 31.7951 43.2927 54.8796
18333.0000 0.0842 76.9161 50.0000 32.3048 43.0945 54.9122
18334.0000 0.0788 76.7282 50.0000 32.2957 43.5441 54.2965
18335.0000 0.0774 76.8933 50.0000 32.0634 44.2407 54.1044
18336.0000 0.0794 77.0812 50.0000 32.3904 43.7482 54.5753
18337.0000 0.0745 76.7796 50.0000 32.8809 43.3699 54.1572
18338.0000 0.0761 76.8569 50.0000 32.0712 44.3669 53.9443
18339.0000 0.0782 77.1560 50.0000 31.8652 44.7269 54.1956
18340.0000 0.0825 77.3157 50.0000 31.6341 44.6518 54.6189
18341.0000 0.0838 77.2674 50.0000 31.5476 44.5470 54.6860
18342.0000 0.0812 77.0980 50.0000 31.5511 44.6901 54.3270
18343.0000 0.0782 76.8372 50.0000 31.6543 44.6562 53.9238
18344.0000 0.0815 77.0255 50.0000 31.4152 44.7634 54.2426
18345.0000 0.0836 76.9622 50.0000 31.0435 44.9387 54.2216
18346.0000 0.0765 77.2149 50.0000 31.2191 46.0722 53.5243
18347.0000 0.0722 77.0767 50.0000 31.5993 46.0027 53.1606
18348.0000 0.0797 77.8249 50.0000 31.2071 46.3404 54.1793
18349.0000 0.0842 77.9284 50.0000 31.3458 45.5487 54.9144
18350.0000 0.0879 78.3210 50.0000 31.0832 45.8745 55.3493
18351.0000 0.0957 78.8898 50.0000 31.3669 45.1035 56.6162
18352.0000 0.1044 79.3571 50.0000 30.3700 45.8645 57.1984
18353.0000 0.1030 79.2382 50.0000 30.2048 46.1300 56.9068
18354.0000 0.1068 79.1877 50.0000 30.2305 45.5672 57.2751
18355.0000 0.1168 79.7629 50.0000 29.9234 45.4129 58.3471
18356.0000 0.1269 80.0877 50.0000 29.2545 45.4637 59.0869
18357.0000 0.1131 79.4367 50.0000 29.7196 45.7557 57.7352
18358.0000 0.1157 79.3045 50.0000 29.9642 45.0144 58.0090
18359.0000 0.1080 79.1287 50.0000 29.9790 45.6949 57.2240
18360.0000 0.1023 79.1304 50.0000 30.2631 46.0201 56.8147
18361.0000 0.1155 79.9004 50.0000 29.6889 46.0010 58.1942
18362.0000 0.1087 79.6940 50.0000 30.2139 45.9085 57.7120
18363.0000 0.0960 78.8993 50.0000 30.9343 45.6499 56.4292
18364.0000 0.1003 78.8935 50.0000 31.1153 44.8748 56.9410
18365.0000 0.0999 78.3887 50.0000 31.3046 44.1500 56.7061
18366.0000 0.0963 78.0938 50.0000 31.0077 44.6303 56.0829
18367.0000 0.1037 78.2973 50.0000 30.2886 44.9114 56.5335
18368.0000 0.1069 78.5502 50.0000 30.8994 44.0486 57.2283
18369.0000 0.1131 78.5540 50.0000 30.7717 43.5551 57.6783
18370.0000 0.0974 78.2178 50.0000 31.6704 43.7864 56.5488
18371.0000 0.0913 78.2949 50.0000 32.6356 43.3580 56.4367
18372.0000 0.0928 78.5172 50.0000 32.4995 43.5947 56.6413
18373.0000 0.0962 78.2237 50.0000 31.7255 43.8606 56.4684
18374.0000 0.0928 78.1802 50.0000 31.8299 44.0672 56.1880
18375.0000 0.0931 77.8880 50.0000 31.4067 44.2587 55.8688
18376.0000 0.0932 78.0205 50.0000 31.4404 44.3521 55.9606
18377.0000 0.0943 77.9030 50.0000 31.2369 44.3570 55.9069
18378.0000 0.0899 77.5386 50.0000 31.6433 43.9501 55.4917
18379.0000 0.0919 77.3448 50.0000 31.8104 43.3019 55.6350
18380.0000 0.0974 77.4224 50.0000 31.4983 43.1581 56.0309
18381.0000 0.0931 77.1176 50.0000 31.5616 43.2339 55.5141
18382.0000 0.0972 77.2028 50.0000 31.5602 42.8750 55.9103
18383.0000 0.0951 76.4941 50.0000 31.8497 41.9981 55.4355
18384.0000 0.1044 76.7871 50.0000 31.5860 41.6773 56.2280
18385.0000 0.1000 76.8517 50.0000 31.8872 41.8298 56.0326
18386.0000 0.1061 76.6542 50.0000 32.1702 40.7245 56.4133
18387.0000 0.1048 76.7940 50.0000 31.7748 41.4250 56.3174
18388.0000 0.1056 77.2412 50.0000 31.9332 41.6253 56.6905
18389.0000 0.1024 77.1013 50.0000 31.9447 41.7816 56.3778
18390.0000 0.1093 77.0156 50.0000 31.3022 41.7563 56.6390
18391.0000 0.1138 77.2448 50.0000 31.6126 41.2125 57.1747
18392.0000 0.1125 77.5134 50.0000 31.7339 41.4629 57.2898
18393.0000 0.1143 77.5464 50.0000 31.6226 41.4532 57.4029
18394.0000 0.1135 77.6856 50.0000 31.6688 41.6157 57.4481
18395.0000 0.1113 77.1911 50.0000 31.5739 41.4368 56.9609
18396.0000 0.1188 77.8949 50.0000 31.4257 41.6071 57.8696
18397.0000 0.1219 77.9759 50.0000 31.7951 41.0007 58.2087
18398.0000 0.1233 78.3623 50.0000 31.7196 41.3363 58.5305
18399.0000 0.1249 78.1804 50.0000 31.3139 41.4543 58.4222
18400.0000 0.1219 78.2518 50.0000 31.5682 41.5143 58.3382
18401.0000 0.1211 78.1980 50.0000 31.4054 41.7121 58.2128
18402.0000 0.1231 77.9918 50.0000 31.2870 41.4648 58.1765
18403.0000 0.1128 78.0033 50.0000 31.2642 42.4595 57.4826
18404.0000 0.1184 78.5803 50.0000 31.2760 42.4780 58.2435
18405.0000 0.1057 78.0110 50.0000 32.0056 42.3075 57.1965
18406.0000 0.1159 78.6752 50.0000 32.0335 41.9692 58.3287
18407.0000 0.1083 78.7737 50.0000 32.6286 42.1193 58.0226
18408.0000 0.1007 78.1944 50.0000 33.0053 41.8489 57.2162
18409.0000 0.1068 78.6314 50.0000 32.9259 41.7845 57.9037
18410.0000 0.1079 78.4024 50.0000 33.0299 41.3378 57.8545
18411.0000 0.1154 78.8208 50.0000 32.3817 41.7705 58.4754
18412.0000 0.1239 77.7415 49.0000 30.8867 41.5865 57.9683
18413.0000 0.1127 79.1368 50.0000 32.3716 42.3448 58.4947
18414.0000 0.1137 79.3840 50.0000 32.4373 42.4233 58.7359
18415.0000 0.1145 79.5784 50.0000 32.4432 42.5335 58.9157
18416.0000 0.1129 79.2637 50.0000 32.5801 42.2249 58.6372
18417.0000 0.1073 79.2496 50.0000 32.7222 42.5887 58.2748
18418.0000 0.1094 79.4582 50.0000 32.7497 42.5588 58.5646
18419.0000 0.1074 79.8318 50.0000 33.0574 42.7849 58.7348
18420.0000 0.1069 80.0771 50.0000 32.7623 43.4091 58.7761
18421.0000 0.1046 79.8538 50.0000 32.7502 43.4335 58.4601
18422.0000 0.1157 80.0750 50.0000 32.3216 43.0477 59.2808
18423.0000 0.1137 80.0328 50.0000 32.8406 42.6204 59.2474
18424.0000 0.1046 79.6845 50.0000 33.2702 42.6699 58.4978
18425.0000 0.0953 79.5825 50.0000 33.7021 43.0085 57.8603
18426.0000 0.1137 78.8700 49.0000 32.4192 41.9335 58.4043
18427.0000 0.1063 78.5674 49.0000 32.6710 42.0532 57.7665
18428.0000 0.0983 79.4338 50.0000 33.2018 43.1247 57.8587
18429.0000 0.0987 79.2754 50.0000 32.7138 43.4939 57.6427
18430.0000 0.1007 79.2999 50.0000 32.7380 43.2808 57.8228
18431.0000 0.1188 78.6203 49.0000 31.6037 42.1178 58.3820
18432.0000 0.1125 78.4089 49.0000 31.5626 42.5520 57.8022
18433.0000 0.1126 80.0547 50.0000 33.2312 42.3119 59.2802
18434.0000 0.1141 79.8821 50.0000 33.1471 42.0946 59.2491
18435.0000 0.1102 79.6935 50.0000 33.3235 42.0818 58.9044
18436.0000 0.1024 79.4228 50.0000 33.2968 42.5924 58.1824
18437.0000 0.1106 77.8824 49.0000 31.8484 41.8827 57.4212
18438.0000 0.1070 77.8904 49.0000 32.2373 41.8021 57.2735
18439.0000 0.1041 77.6909 49.0000 32.1456 41.9782 56.9242
18440.0000 0.1114 77.9881 49.0000 31.9885 41.7553 57.5792
18441.0000 0.1015 77.3223 49.0000 31.8430 42.2123 56.4170
18442.0000 0.1084 78.1097 49.0000 31.4665 42.7631 57.2913
18443.0000 0.0943 79.4943 50.0000 33.0071 43.8504 57.5066
18444.0000 0.1019 78.1962 49.0000 31.7128 43.2243 56.9263
18445.0000 0.1026 77.8861 49.0000 31.5698 43.0008 56.7497
18446.0000 0.0923 77.5268 49.0000 31.6605 43.6321 55.7159
18447.0000 0.0852 79.3564 50.0000 33.7238 43.8482 56.8988
18448.0000 0.0944 78.0078 49.0000 31.4716 44.1531 56.0826
18449.0000 0.0959 78.3363 49.0000 31.8202 43.8952 56.5444
18450.0000 0.0890 79.3952 50.0000 33.8475 43.3183 57.2841
18451.0000 0.0901 79.1636 50.0000 33.5530 43.3048 57.1468
18452.0000 0.0915 78.2208 49.0000 31.5732 44.6028 55.9661
18453.0000 0.0826 79.4556 50.0000 33.7912 44.1745 56.7446
18454.0000 0.0913 77.9818 49.0000 31.6653 44.2397 55.8688
18455.0000 0.0847 77.5030 49.0000 31.7297 44.4452 54.9961
18456.0000 0.0883 77.6244 49.0000 31.6305 44.2587 55.3735
18457.0000 0.0858 77.8477 49.0000 31.3148 45.2785 55.0410
18458.0000 0.0835 77.8939 49.0000 31.0938 46.0022 54.6299
18459.0000 0.0889 78.4041 49.0000 30.9395 46.0401 55.4098
18460.0000 0.0876 78.2926 49.0000 30.4976 46.7974 54.8602
18461.0000 0.0901 78.4361 49.0000 29.9537 47.4795 54.7786
18462.0000 0.0844 77.8926 49.0000 30.1000 47.5657 53.8400
18463.0000 0.0832 77.9452 49.0000 30.0929 47.9097 53.6146
18464.0000 0.0895 77.6757 49.0000 29.3333 47.7604 53.7775
18465.0000 0.0862 77.3085 49.0000 29.9952 46.6496 53.8582
18466.0000 0.0881 77.4410 49.0000 29.6757 47.0557 53.8723
18467.0000 0.0881 77.7708 49.0000 29.6762 47.5024 53.9550
18468.0000 0.0864 77.9567 49.0000 29.7647 47.9269 53.7989
18469.0000 0.0879 78.5194 49.0000 29.7756 48.3730 54.2104
18470.0000 0.0872 78.2130 49.0000 29.6137 48.4490 53.7866
18471.0000 0.0902 78.1385 49.0000 29.4687 47.9846 54.1728
18472.0000 0.0990 78.5264 49.0000 28.7729 48.1237 54.9784
18473.0000 0.0935 78.2401 49.0000 29.7328 47.0413 54.9963
18474.0000 0.0958 78.4764 49.0000 29.5762 47.2213 55.2625
18475.0000 0.0999 78.9625 49.0000 29.4758 47.3209 55.9195
18476.0000 0.0970 78.9099 49.0000 30.0037 46.8658 55.9478
18477.0000 0.0896 78.8344 49.0000 30.0628 47.8977 54.9263
18478.0000 0.0894 79.3934 49.0000 29.9330 48.9483 54.8762
18479.0000 0.0831 78.6711 49.0000 30.2456 48.6721 53.9015
18480.0000 0.0752 77.9686 49.0000 30.6295 48.7431 52.5836
18481.0000 0.0806 78.1953 49.0000 30.6971 47.5723 53.9358
18482.0000 0.0865 77.8029 49.0000 29.9924 47.2489 54.0490
18483.0000 0.0869 78.1254 49.0000 30.1078 47.3913 54.3246
18484.0000 0.0869 77.9246 49.0000 30.2076 46.9407 54.3721
18485.0000 0.0833 77.6059 49.0000 30.6730 46.3624 54.1513
18486.0000 0.0862 78.4874 49.0000 30.0699 48.0864 54.2565
18487.0000 0.0859 78.9717 49.0000 30.1607 48.6327 54.4217
18488.0000 0.0816 79.3364 49.0000 30.7410 48.8914 54.3957
18489.0000 0.0837 79.4295 49.0000 30.5126 49.0551 54.5126
18490.0000 0.0836 79.1799 49.0000 30.7165 48.2790 54.7275
18491.0000 0.0827 79.3698 49.0000 30.6390 48.9072 54.4877
18492.0000 0.0876 79.5995 49.0000 29.9725 49.5923 54.5742
18493.0000 0.0890 79.6734 49.0000 30.2099 48.8644 55.2040
18494.0000 0.0924 80.0870 49.0000 29.9321 49.2591 55.6016
18495.0000 0.0888 79.9187 49.0000 30.0425 49.6152 54.9799
18496.0000 0.0852 79.5925 49.0000 30.2540 49.5271 54.4677
18497.0000 0.0874 79.2194 49.0000 30.0470 48.8931 54.6108
18498.0000 0.0833 79.0298 49.0000 29.9597 49.9873 53.3797
18499.0000 0.0799 79.0982 49.0000 30.3904 49.9337 53.2877
18500.0000 0.0836 78.9601 49.0000 30.1754 49.1438 53.9355
18501.0000 0.0914 79.5541 49.0000 29.5510 49.5530 54.7732
18502.0000 0.0919 79.6347 49.0000 29.3034 50.1673 54.4632
18503.0000 0.0859 78.9964 49.0000 29.8199 49.4821 53.8770
18504.0000 0.0873 78.9663 49.0000 30.0580 48.5346 54.5581
18505.0000 0.0964 79.1591 49.0000 29.2996 48.4664 55.3056
18506.0000 0.0912 78.8317 49.0000 29.6369 48.3948 54.7178
18507.0000 0.0884 78.9866 49.0000 29.9183 48.6250 54.5838
18508.0000 0.0859 78.7591 49.0000 30.0885 48.4809 54.2889
18509.0000 0.0854 79.1619 49.0000 30.1865 48.9885 54.3646
18510.0000 0.0780 78.8936 49.0000 31.0931 48.3228 54.0585
18511.0000 0.0808 78.9448 49.0000 30.8959 48.1855 54.3681
18512.0000 0.0790 78.5853 49.0000 31.1812 47.5080 54.2805
18513.0000 0.0748 78.2917 49.0000 31.4216 47.4696 53.7485
18514.0000 0.0837 78.2958 49.0000 31.1591 46.3565 54.8672
18515.0000 0.0860 78.0255 49.0000 30.6311 46.5150 54.6450
18516.0000 0.0963 80.7360 50.0000 32.1278 46.0426 58.0188
18517.0000 0.0869 80.0580 50.0000 32.1746 46.4560 56.7092
18518.0000 0.0795 77.8046 49.0000 30.9724 46.7425 53.9389
18519.0000 0.0850 79.9320 50.0000 31.5346 47.5532 55.9766
18520.0000 0.0793 79.4828 50.0000 32.0789 47.0540 55.4471
18521.0000 0.0794 79.4385 50.0000 32.1383 46.8851 55.4922
18522.0000 0.0760 79.2592 50.0000 32.4307 46.7362 55.1906
18523.0000 0.0778 79.4351 50.0000 32.2841 46.9095 55.3821
18524.0000 0.0732 79.3239 50.0000 32.4729 47.2403 54.8283
18525.0000 0.0738 79.0346 50.0000 32.2604 47.1279 54.6324
18526.0000 0.0747 79.0780 50.0000 32.3989 46.7894 54.9034
18527.0000 0.0692 79.2236 50.0000 33.0412 46.8432 54.6843
18528.0000 0.0653 79.0882 50.0000 33.7191 46.2352 54.5919
18529.0000 0.0689 79.1094 50.0000 33.5189 45.9882 54.9533
18530.0000 0.0681 79.1824 50.0000 33.6896 45.9399 54.9945
18531.0000 0.0622 79.0387 50.0000 33.9565 46.3216 54.2991
18532.0000 0.0656 78.9809 50.0000 33.5756 46.2712 54.4944
18533.0000 0.0713 79.4066 50.0000 33.4277 46.1226 55.3237
18534.0000 0.0742 79.0805 50.0000 33.4426 45.2884 55.5362
18535.0000 0.0796 79.6332 50.0000 32.8203 46.0593 56.0608
18536.0000 0.0783 79.9873 50.0000 33.0594 46.3086 56.2189
18537.0000 0.0721 79.2906 50.0000 32.9016 46.6614 55.0199
18538.0000 0.0664 77.2224 49.0000 32.6103 45.4680 53.2215
18539.0000 0.0668 79.0133 50.0000 34.0880 45.3526 54.9933
18540.0000 0.0634 78.9264 50.0000 34.1291 45.7040 54.5502
18541.0000 0.0623 79.6056 50.0000 34.9318 45.5190 55.1800
18542.0000 0.0531 77.0269 49.0000 33.4390 46.3200 51.6666
18543.0000 0.0574 77.0884 49.0000 33.1437 46.0416 52.1948
18544.0000 0.0508 76.4907 49.0000 33.4681 45.9773 51.1547
18545.0000 0.0533 76.3809 49.0000 33.0993 46.0134 51.1981
18546.0000 0.0551 76.3790 49.0000 33.2913 45.2240 51.7709
18547.0000 0.0550 76.1035 49.0000 33.0054 45.3963 51.3961
18548.0000 0.0570 76.6751 49.0000 32.5456 46.7992 51.2805
18549.0000 0.0591 76.9983 49.0000 32.3291 47.2782 51.4620
18550.0000 0.0579 76.4757 49.0000 32.0514 47.5567 50.5925
18551.0000 0.0606 76.7050 49.0000 31.7145 48.1678 50.5738
18552.0000 0.0557 76.3271 49.0000 32.2093 47.5820 50.2428
18553.0000 0.0563 76.5730 49.0000 32.3452 47.3860 50.7127
18554.0000 0.0562 76.8581 49.0000 32.7121 46.9169 51.3410
18555.0000 0.0566 76.6987 49.0000 32.2650 47.7918 50.5726
18556.0000 0.0584 76.8717 49.0000 32.1683 47.7489 50.9363
18557.0000 0.0522 76.5073 49.0000 32.7379 47.5848 50.1726
18558.0000 0.0474 76.5294 49.0000 33.4917 47.0188 50.2422
18559.0000 0.0512 76.7778 49.0000 33.3422 46.6192 51.0859
18560.0000 0.0502 76.5225 49.0000 33.0074 47.5154 50.0848
18561.0000 0.0525 76.4551 49.0000 33.1659 46.1787 51.1169
18562.0000 0.0566 76.9328 49.0000 32.7269 46.8812 51.4758
18563.0000 0.0566 77.1492 49.0000 32.6425 47.4768 51.3070
18564.0000 0.0631 79.6139 50.0000 33.8337 47.1164 54.5317
18565.0000 0.0618 79.6933 50.0000 33.5830 47.9506 54.0735
18566.0000 0.0563 77.6287 49.0000 32.7160 48.2858 51.2285
18567.0000 0.0584 77.6558 49.0000 32.5717 48.0117 51.6177
18568.0000 0.0598 77.8653 49.0000 32.6529 47.7037 52.1646
18569.0000 0.0604 78.0524 49.0000 32.7563 47.6059 52.4679
18570.0000 0.0570 77.6505 49.0000 32.7336 47.9964 51.5215
18571.0000 0.0534 77.3975 49.0000 32.9621 48.1577 50.8399
18572.0000 0.0582 77.8049 49.0000 32.5148 48.5788 51.3468
18573.0000 0.0569 77.8564 49.0000 32.5999 49.0151 50.9548
18574.0000 0.0556 78.1660 49.0000 33.0256 48.6359 51.5148
18575.0000 0.0492 77.9581 49.0000 33.6208 49.1055 50.3563
18576.0000 0.0533 77.8411 49.0000 33.0555 48.9360 50.7133
18577.0000 0.0562 78.5131 49.0000 32.9007 49.8940 50.9160
18578.0000 0.0566 78.7492 49.0000 32.9825 49.7696 51.3476
18579.0000 0.0562 78.4864 49.0000 32.9010 49.7270 51.0378
18580.0000 0.0530 78.3691 49.0000 33.2447 49.8030 50.5585
18581.0000 0.0487 77.9663 49.0000 33.6739 49.1830 50.2578
18582.0000 0.0499 78.3974 49.0000 33.6713 49.7521 50.3699
18583.0000 0.0458 78.2337 49.0000 34.1880 49.2010 50.3086
18584.0000 0.0383 79.8604 50.0000 36.1122 49.2600 51.4494
18585.0000 0.0415 77.9569 49.0000 34.6864 48.7323 49.9930
18586.0000 0.0390 80.0351 50.0000 35.9922 49.8436 51.2424
18587.0000 0.0401 80.1223 50.0000 35.9235 49.6717 51.5927
18588.0000 0.0445 78.0281 49.0000 34.4144 48.2823 50.7233
18589.0000 0.0408 80.6281 50.0000 36.0664 49.9075 52.0514
18590.0000 0.0425 80.6141 50.0000 35.8288 49.8845 52.2156
18591.0000 0.0534 78.8437 49.0000 33.5804 49.0667 51.7798
18592.0000 0.0556 78.9513 49.0000 33.4135 48.9106 52.1977
18593.0000 0.0572 78.8675 49.0000 33.3172 48.4728 52.5398
18594.0000 0.0549 78.5583 49.0000 33.5229 48.1251 52.2647
18595.0000 0.0529 78.4448 49.0000 33.6470 48.2110 51.9342
18596.0000 0.0549 78.3240 49.0000 33.3072 48.2992 51.8889
18597.0000 0.0525 78.3265 49.0000 33.6290 48.1958 51.7811
18598.0000 0.0515 77.9576 49.0000 33.6604 47.7774 51.5916
18599.0000 0.0517 78.1903 49.0000 33.9471 47.3825 52.1173
18600.0000 0.0526 78.0922 49.0000 33.9123 47.0452 52.2981
18601.0000 0.0521 78.2388 49.0000 34.0318 47.1519 52.3436
18602.0000 0.0500 78.1048 49.0000 34.3023 46.8773 52.2133
18603.0000 0.0491 78.4159 49.0000 34.4554 47.2605 52.2333
18604.0000 0.0525 78.8848 49.0000 34.2892 47.4795 52.8465
18605.0000 0.0564 79.3874 49.0000 34.0352 47.8232 53.4501
18606.0000 0.0547 78.9571 49.0000 34.0095 47.6532 52.9787
18607.0000 0.0509 78.5736 49.0000 33.9746 48.2036 51.9225
18608.0000 0.0451 78.6361 49.0000 34.8761 47.8106 51.7826
18609.0000 0.0504 78.7207 49.0000 34.7081 46.8739 52.8691
18610.0000 0.0478 78.6523 49.0000 34.4856 47.9944 51.8986
18611.0000 0.0493 78.9274 49.0000 34.4206 48.1604 52.2046
18612.0000 0.0547 79.5052 49.0000 33.8035 49.1305 52.5794
18613.0000 0.0585 79.6258 49.0000 33.5501 48.7825 53.2440
18614.0000 0.0528 79.0889 49.0000 33.9072 48.7240 52.2621
18615.0000 0.0533 79.0086 49.0000 33.7714 48.7729 52.1829
18616.0000 0.0457 78.5823 49.0000 34.5301 48.5404 51.2512
18617.0000 0.0409 78.5290 49.0000 35.2597 48.0400 51.1441
18618.0000 0.0436 78.2708 49.0000 34.9340 47.4893 51.4849
18619.0000 0.0400 78.2473 49.0000 35.2868 47.7786 50.9381
18620.0000 0.0393 78.1555 49.0000 35.0982 48.7095 50.0379
18621.0000 0.0447 78.5088 49.0000 34.7827 47.9524 51.5205
18622.0000 0.0474 78.7771 49.0000 34.5275 48.2503 51.8227
18623.0000 0.0474 78.9239 49.0000 34.5651 48.4111 51.8710
18624.0000 0.0447 78.7165 49.0000 34.8080 48.3242 51.4729
18625.0000 0.0459 78.7048 49.0000 34.7725 47.9325 51.8439
18626.0000 0.0479 78.3740 49.0000 34.0487 48.8370 50.9718
18627.0000 0.0467 78.3176 49.0000 34.2258 48.5992 50.9937
18628.0000 0.0519 78.2524 49.0000 33.6422 48.2353 51.6237
18629.0000 0.0506 77.8881 49.0000 33.7829 47.5911 51.5786
18630.0000 0.0575 78.3407 49.0000 33.0388 48.2119 52.1662
18631.0000 0.0503 78.1846 49.0000 33.7309 48.4456 51.2649
18632.0000 0.0475 77.9749 49.0000 33.9162 48.6636 50.6125
18633.0000 0.0484 77.6341 49.0000 33.5766 48.9351 50.0503
18634.0000 0.0477 77.1723 49.0000 33.4469 48.8535 49.4996
18635.0000 0.0481 77.1890 49.0000 33.5093 48.1256 50.1917
18636.0000 0.0482 77.3423 49.0000 33.6105 48.0292 50.4516
18637.0000 0.0502 77.0495 49.0000 33.2736 47.6968 50.5421
18638.0000 0.0523 77.0510 49.0000 33.1055 47.4150 50.9186
18639.0000 0.0509 76.6838 49.0000 33.0855 47.2633 50.5166
18640.0000 0.0563 77.2148 49.0000 32.6643 47.6271 51.2525
18641.0000 0.0585 77.0509 49.0000 32.5234 47.0506 51.6267
18642.0000 0.0587 76.9084 49.0000 32.3151 47.2806 51.3340
18643.0000 0.0524 76.6322 49.0000 33.0270 46.8206 50.8876
18644.0000 0.0513 76.8254 49.0000 33.2004 47.0487 50.8556
18645.0000 0.0507 76.8922 49.0000 33.6075 46.3428 51.3350
18646.0000 0.0572 77.0728 49.0000 32.6494 47.1404 51.4978
18647.0000 0.0591 77.0775 49.0000 32.4414 47.1409 51.6355
18648.0000 0.0571 76.8460 49.0000 32.6795 46.7285 51.5152
18649.0000 0.0599 76.7970 49.0000 32.5965 46.1674 51.9983
18650.0000 0.0612 76.7691 49.0000 32.3145 46.4108 51.9164
18651.0000 0.0582 77.1949 49.0000 32.5247 47.3866 51.5336
18652.0000 0.0605 77.0989 49.0000 32.2125 47.3419 51.6270
18653.0000 0.0585 76.9231 49.0000 32.2614 47.5438 51.1464
18654.0000 0.0578 76.7552 49.0000 32.3664 47.1730 51.1711
18655.0000 0.0586 77.0688 49.0000 32.3658 47.4736 51.3645
18656.0000 0.0606 77.5828 49.0000 32.4831 47.4393 52.0907
18657.0000 0.0638 77.6048 49.0000 32.1439 47.4470 52.3265
18658.0000 0.0624 77.3219 49.0000 32.0305 47.6640 51.7770
18659.0000 0.0678 77.7202 49.0000 31.7468 47.5220 52.6710
18660.0000 0.0607 77.4853 49.0000 32.2611 47.8447 51.7115
18661.0000 0.0620 77.6374 49.0000 32.1901 47.8911 51.9405
18662.0000 0.0620 77.8005 49.0000 32.3283 47.7984 52.1834
18663.0000 0.0627 77.3535 49.0000 32.0179 47.6645 51.8316
18664.0000 0.0628 77.1337 49.0000 31.8003 47.8300 51.4843
18665.0000 0.0642 77.0064 49.0000 31.5551 47.8784 51.3996
18666.0000 0.0611 76.8601 49.0000 31.9041 47.5835 51.2387
18667.0000 0.0636 77.0042 49.0000 31.7222 47.5783 51.5718
18668.0000 0.0579 76.8755 49.0000 32.2841 47.5801 51.0266
18669.0000 0.0562 76.8640 49.0000 32.2937 48.3102 50.3121
18670.0000 0.0605 76.9489 49.0000 31.8084 48.3684 50.6936
18671.0000 0.0591 76.4874 49.0000 31.8503 47.7969 50.5108
18672.0000 0.0574 76.6121 49.0000 32.2378 47.4167 50.8113
18673.0000 0.0544 76.8209 49.0000 32.5110 48.1798 50.2314
18674.0000 0.0522 76.7927 49.0000 32.7332 48.4049 49.8260
18675.0000 0.0534 76.9719 49.0000 32.7306 48.1331 50.3645
18676.0000 0.0559 76.9926 49.0000 32.4152 48.2331 50.5042
18677.0000 0.0571 76.8490 49.0000 32.3986 47.4809 51.0066
18678.0000 0.0593 76.6307 49.0000 31.9206 47.7659 50.7124
18679.0000 0.0611 76.8691 49.0000 32.0747 47.1550 51.5410
18680.0000 0.0668 76.8841 49.0000 31.5565 46.9103 52.1035
18681.0000 0.0680 76.9617 49.0000 31.3753 47.1482 52.1128
18682.0000 0.0627 76.6291 49.0000 31.7753 47.0416 51.4727
18683.0000 0.0672 76.5329 49.0000 31.6705 46.0751 52.2624
18684.0000 0.0640 76.3743 49.0000 32.0231 45.8106 52.0475
18685.0000 0.0676 76.5149 49.0000 31.3083 46.7085 51.8907
18686.0000 0.0759 76.5905 49.0000 30.8583 46.0115 52.8849
18687.0000 0.0769 76.8062 49.0000 30.5131 46.7707 52.7319
18688.0000 0.0797 76.8382 49.0000 30.3394 46.5870 53.0403
18689.0000 0.0806 77.1350 49.0000 29.9942 47.5441 52.8179
18690.0000 0.0751 76.4674 49.0000 30.1699 47.4661 51.8075
18691.0000 0.0707 76.7107 49.0000 30.7414 47.6245 51.6856
18692.0000 0.0689 76.9395 49.0000 30.9414 48.0316 51.5294
18693.0000 0.0692 76.9203 49.0000 30.9185 47.9464 51.5938
18694.0000 0.0702 77.5942 49.0000 31.3331 47.6983 52.5734
18695.0000 0.0642 77.1057 49.0000 31.6187 47.8766 51.5109
18696.0000 0.0603 77.2236 49.0000 31.9098 48.7029 50.7274
18697.0000 0.0545 76.7985 49.0000 32.4621 48.3292 50.0850
18698.0000 0.0614 77.1749 49.0000 31.8114 48.4713 50.9365
18699.0000 0.0617 77.6551 49.0000 31.9468 48.8635 51.2062
18700.0000 0.0605 77.5106 49.0000 32.0621 48.6531 51.1155
18701.0000 0.0575 77.6076 49.0000 32.4355 48.8064 50.8804
18702.0000 0.0541 77.8279 49.0000 32.9211 49.0771 50.6441
18703.0000 0.0515 77.3780 49.0000 33.1607 48.2384 50.6042
18704.0000 0.0543 77.4496 49.0000 32.8672 48.2551 50.8884
18705.0000 0.0584 77.8439 49.0000 32.4331 48.9087 51.1441
18706.0000 0.0520 77.2237 49.0000 33.1200 47.8512 50.7624
18707.0000 0.0539 77.7742 49.0000 32.9339 49.0361 50.5929
18708.0000 0.0550 77.6709 49.0000 32.8087 48.6552 50.8825
18709.0000 0.0605 77.8780 49.0000 32.2902 48.5935 51.5849
18710.0000 0.0612 78.1574 49.0000 32.4697 48.2788 52.1867
18711.0000 0.0653 78.3917 49.0000 32.1397 48.3420 52.6816
18712.0000 0.0628 77.4320 49.0000 32.0676 47.6369 51.9434
18713.0000 0.0693 77.5942 49.0000 31.6799 47.1241 52.8826
18714.0000 0.0669 77.5902 49.0000 31.8728 47.2587 52.6401
18715.0000 0.0691 77.9110 49.0000 31.6663 47.6876 52.8513
18716.0000 0.0702 77.6682 49.0000 31.6171 47.1684 52.9892
18717.0000 0.0672 77.9869 49.0000 31.7631 48.0647 52.5628
18718.0000 0.0659 78.0224 49.0000 32.4617 46.8977 53.2385
18719.0000 0.0643 78.2405 49.0000 32.3495 47.8284 52.7970
18720.0000 0.0677 77.9455 49.0000 31.7436 47.9227 52.6427
18721.0000 0.0646 78.0880 49.0000 32.0467 48.2601 52.3613
18722.0000 0.0614 77.6190 49.0000 32.2167 47.9656 51.8275
18723.0000 0.0570 77.3107 49.0000 32.7747 47.2797 51.6468
18724.0000 0.0536 77.0255 49.0000 33.0855 46.9879 51.2876
18725.0000 0.0590 77.5154 49.0000 32.6334 47.4150 51.9184
18726.0000 0.0592 77.2180 49.0000 32.7616 46.6061 52.1264
18727.0000 0.0580 77.1479 49.0000 32.4959 47.4337 51.4379
18728.0000 0.0505 76.6873 49.0000 33.0743 47.4704 50.3349
18729.0000 0.0540 77.0780 49.0000 32.8884 47.5312 50.9917
18730.0000 0.0518 76.8752 49.0000 33.0006 47.6015 50.5457
18731.0000 0.0493 76.6197 49.0000 33.1421 47.6578 50.0091
18732.0000 0.0513 76.5109 49.0000 32.9773 47.1158 50.4630
18733.0000 0.0441 76.0188 49.0000 33.6295 46.8754 49.5036
18734.0000 0.0440 75.7603 49.0000 33.6427 46.3315 49.6103
18735.0000 0.0481 76.2655 49.0000 33.3054 46.8161 50.1540
18736.0000 0.0460 76.4793 49.0000 33.5690 47.2354 49.9102
18737.0000 0.0487 76.4699 49.0000 33.4257 46.6257 50.5610
18738.0000 0.0470 76.5680 49.0000 33.6522 46.7645 50.4308
18739.0000 0.0455 76.5775 49.0000 33.6599 47.3576 49.8837
18740.0000 0.0467 76.7588 49.0000 33.7307 46.9826 50.4657
18741.0000 0.0483 76.6642 49.0000 33.5959 46.6457 50.7238
18742.0000 0.0536 76.8172 49.0000 33.0321 46.7791 51.2003
18743.0000 0.0524 76.8299 49.0000 33.0518 47.1131 50.8996
18744.0000 0.0522 76.6696 49.0000 33.1382 46.6814 50.9994
18745.0000 0.0524 76.6626 49.0000 33.1910 46.4732 51.1445
18746.0000 0.0565 76.4525 49.0000 32.7891 46.0051 51.5112
18747.0000 0.0597 76.3515 49.0000 32.4761 45.7944 51.7468
18748.0000 0.0548 75.8102 49.0000 32.8467 45.3282 51.1237
18749.0000 0.0582 75.9426 49.0000 32.3953 45.6948 51.2817
18750.0000 0.0551 75.6343 49.0000 33.0369 44.6645 51.3243
18751.0000 0.0481 75.3318 49.0000 33.1968 45.4373 50.0829
18752.0000 0.0460 75.6037 49.0000 33.7441 45.1935 50.3468
18753.0000 0.0426 75.4992 49.0000 34.0976 45.1353 50.0028
18754.0000 0.0406 75.2208 49.0000 34.1595 45.0918 49.5784
18755.0000 0.0447 75.4778 49.0000 33.7442 45.3373 50.0276
18756.0000 0.0421 74.9309 49.0000 33.6934 45.2848 49.2817
18757.0000 0.0420 74.8626 49.0000 33.9527 44.6015 49.6219
18758.0000 0.0383 74.9327 49.0000 34.2412 45.0702 49.1031
18759.0000 0.0386 74.8637 49.0000 34.4106 44.4877 49.4098
18760.0000 0.0458 75.6054 49.0000 33.6535 45.4428 50.1853
18761.0000 0.0448 76.0367 49.0000 34.1592 45.2975 50.6247
18762.0000 0.0420 75.8691 49.0000 34.1428 45.8024 49.9252
18763.0000 0.0403 76.1267 49.0000 34.4878 45.9281 49.9648
18764.0000 0.0368 75.8819 49.0000 34.7644 45.9080 49.4162
18765.0000 0.0327 75.5019 49.0000 35.3544 45.0803 49.1769
18766.0000 0.0284 75.5753 49.0000 35.8255 45.5093 48.5496
18767.0000 0.0267 75.3714 49.0000 35.7836 46.1145 47.6848
18768.0000 0.0286 75.3420 49.0000 35.6072 45.6364 48.2272
18769.0000 0.0289 75.3061 49.0000 35.7791 44.9358 48.6995
18770.0000 0.0265 75.3452 49.0000 36.0094 45.3105 48.2409
18771.0000 0.0260 75.4969 49.0000 36.6206 44.2955 48.9554
18772.0000 0.0335 75.3583 49.0000 35.7623 43.8462 49.7740
18773.0000 0.0362 75.4040 49.0000 35.3050 44.1279 49.9204
18774.0000 0.0300 74.9889 49.0000 35.7686 44.1336 48.9507
18775.0000 0.0417 75.5332 49.0000 34.8040 44.0363 50.5445
18776.0000 0.0380 75.6006 49.0000 35.1131 44.3581 50.1486
18777.0000 0.0386 75.7309 49.0000 34.9616 44.7108 50.1378
18778.0000 0.0362 75.4790 49.0000 35.2154 44.4029 49.8531
18779.0000 0.0343 75.4592 49.0000 35.2232 44.8393 49.4251
18780.0000 0.0318 75.1138 49.0000 35.6528 44.0921 49.2631
18781.0000 0.0324 75.5259 49.0000 35.8298 44.2098 49.6577
18782.0000 0.0302 75.7739 49.0000 36.2280 44.3649 49.6082
18783.0000 0.0290 75.8118 49.0000 36.9273 43.4795 49.9333
18784.0000 0.0318 76.0879 49.0000 36.1989 44.4918 49.9948
18785.0000 0.0345 76.4443 49.0000 35.8077 45.1141 50.2618
18786.0000 0.0339 76.5758 49.0000 35.8446 45.3980 50.1800
18787.0000 0.0330 76.8401 49.0000 36.0418 45.6686 50.1974
18788.0000 0.0373 76.5444 49.0000 35.6324 44.9245 50.7067
18789.0000 0.0389 76.4299 49.0000 35.6858 44.3196 51.0276
18790.0000 0.0389 76.1142 49.0000 35.8183 43.6861 51.0093
18791.0000 0.0363 75.9011 49.0000 35.8568 43.8372 50.5329
18792.0000 0.0367 75.9653 49.0000 35.8988 43.7730 50.6550
18793.0000 0.0340 76.0754 49.0000 35.7644 44.7552 50.0534
18794.0000 0.0452 76.8624 49.0000 34.6253 45.4936 51.3737
18795.0000 0.0434 76.8328 49.0000 34.6901 45.7472 51.0595
18796.0000 0.0427 76.7134 49.0000 34.6773 45.7701 50.8677
18797.0000 0.0440 76.4705 49.0000 34.8858 44.7121 51.2986
18798.0000 0.0419 76.8302 49.0000 34.9965 45.4890 51.0771
18799.0000 0.0420 76.6546 49.0000 34.5340 46.1862 50.4992
18800.0000 0.0476 76.8005 49.0000 33.7812 46.6285 50.8225
18801.0000 0.0512 76.6582 49.0000 33.3142 46.4945 51.0383
18802.0000 0.0474 76.4268 49.0000 33.5627 46.6191 50.4108
18803.0000 0.0455 76.6376 49.0000 33.7919 47.0063 50.2179
18804.0000 0.0403 76.4714 49.0000 34.5379 46.3942 50.0258
18805.0000 0.0473 76.6731 49.0000 33.6168 46.9466 50.4448
18806.0000 0.0489 77.1671 49.0000 33.4026 48.0795 50.2732
18807.0000 0.0487 77.2688 49.0000 33.4582 48.2206 50.2572
18808.0000 0.0459 77.0492 49.0000 33.7021 48.1481 49.8248
18809.0000 0.0485 77.1033 49.0000 33.3664 48.3705 49.9190
18810.0000 0.0471 76.8946 49.0000 33.4733 48.1327 49.7551
18811.0000 0.0458 76.3710 49.0000 33.4996 47.3570 49.6752
18812.0000 0.0393 75.8117 49.0000 34.0315 47.3588 48.4398
18813.0000 0.0359 75.3266 49.0000 34.3068 46.9129 47.9200
18814.0000 0.0343 75.5098 49.0000 34.6178 46.9312 47.9666
18815.0000 0.0388 75.6428 49.0000 34.0556 47.0243 48.4846
18816.0000 0.0406 75.7897 49.0000 34.0031 46.5983 49.1576
18817.0000 0.0468 76.2647 49.0000 33.2719 47.5238 49.5053
18818.0000 0.0479 76.3633 49.0000 33.2175 47.4046 49.8073
18819.0000 0.0491 76.1640 49.0000 33.0679 46.9818 50.0018
18820.0000 0.0480 76.1072 49.0000 33.1414 47.0532 49.7991
18821.0000 0.0534 76.0265 49.0000 32.5683 46.6758 50.4054
18822.0000 0.0545 76.2147 49.0000 33.0554 45.5777 51.3683
18823.0000 0.0532 76.4280 49.0000 32.9800 46.3700 51.0233
18824.0000 0.0583 76.4711 49.0000 32.6225 45.9736 51.6723
18825.0000 0.0528 76.2804 49.0000 32.8924 46.4542 50.7817
18826.0000 0.0527 76.4846 49.0000 33.0503 46.4353 51.0032
18827.0000 0.0552 76.5474 49.0000 33.1290 45.7605 51.6523
18828.0000 0.0463 76.2254 49.0000 33.6369 46.3903 50.2673
18829.0000 0.0424 76.1291 49.0000 34.0664 46.3628 49.8560
18830.0000 0.0452 76.1277 49.0000 33.7478 46.2865 50.1406
18831.0000 0.0483 76.0897 49.0000 33.1151 46.9904 49.8492
18832.0000 0.0437 75.7334 49.0000 33.4184 47.3069 48.7937
18833.0000 0.0444 75.9393 49.0000 33.6488 46.5085 49.7142
18834.0000 0.0396 75.6890 49.0000 34.2921 45.8920 49.4652
18835.0000 0.0404 75.6752 49.0000 34.1513 45.9630 49.4755
18836.0000 0.0420 75.9935 49.0000 34.3455 45.5455 50.2096
18837.0000 0.0470 76.5284 49.0000 33.8797 46.1121 50.8177
18838.0000 0.0469 76.4153 49.0000 33.7080 46.3607 50.5348
18839.0000 0.0483 76.7218 49.0000 33.4874 47.0578 50.5014
18840.0000 0.0451 76.4923 49.0000 33.8148 46.8188 50.1561
18841.0000 0.0542 76.6695 49.0000 33.0245 46.3985 51.3300
18842.0000 0.0537 76.6180 49.0000 33.2496 45.9496 51.5113
18843.0000 0.0476 76.3658 49.0000 33.6109 46.3222 50.5600
18844.0000 0.0474 76.4625 49.0000 33.5444 46.7140 50.3894
18845.0000 0.0480 76.8382 49.0000 33.7868 46.5719 50.9276
18846.0000 0.0411 76.3224 49.0000 34.2383 46.6976 49.7209
18847.0000 0.0423 76.1522 49.0000 34.0884 46.3577 49.8810
18848.0000 0.0370 75.9840 49.0000 34.6912 46.2471 49.3082
18849.0000 0.0367 75.8116 49.0000 34.6146 46.2589 49.0851
18850.0000 0.0379 75.7336 49.0000 34.5232 45.9039 49.3616
18851.0000 0.0399 75.8011 49.0000 34.1553 46.3825 49.2736
18852.0000 0.0378 75.8872 49.0000 34.3161 47.0995 48.6098
18853.0000 0.0348 75.8086 49.0000 34.6746 47.2817 48.0526
18854.0000 0.0306 75.4560 49.0000 35.1933 46.4549 47.9268
18855.0000 0.0311 75.6037 49.0000 35.2334 46.3207 48.2589
18856.0000 0.0303 75.3436 49.0000 35.2805 45.9537 48.1685
18857.0000 0.0297 75.2978 49.0000 35.2737 46.2474 47.8196
18858.0000 0.0298 75.0888 49.0000 35.2486 45.7220 48.0142
18859.0000 0.0249 74.9617 49.0000 36.0200 45.1913 47.7448
18860.0000 0.0307 75.4021 49.0000 35.4831 45.2496 48.7740
18861.0000 0.0275 75.6559 49.0000 35.9822 45.5825 48.4905
18862.0000 0.0288 75.8024 49.0000 36.0633 45.1731 49.0390
18863.0000 0.0332 76.0927 49.0000 35.4056 45.8537 49.3354
18864.0000 0.0364 76.3694 49.0000 35.8066 44.5630 50.6390
18865.0000 0.0342 76.4633 49.0000 35.9200 45.0025 50.3106
18866.0000 0.0328 76.0627 49.0000 35.9894 44.6145 49.9984
18867.0000 0.0322 76.4889 49.0000 36.1437 45.1067 50.0958
18868.0000 0.0344 76.3129 49.0000 35.8944 44.7649 50.3126
18869.0000 0.0344 76.0187 49.0000 35.4771 45.1718 49.7969
18870.0000 0.0326 75.8291 49.0000 35.7984 44.6732 49.7276
18871.0000 0.0290 75.3572 49.0000 36.0858 44.3289 49.1068
18872.0000 0.0298 75.5831 49.0000 36.1524 44.3168 49.4149
18873.0000 0.0303 75.2006 49.0000 35.8725 44.1538 49.1807
18874.0000 0.0400 75.6398 49.0000 35.0987 44.0063 50.5263
18875.0000 0.0358 75.3887 49.0000 35.0862 44.6178 49.6151
18876.0000 0.0363 75.8274 49.0000 35.2689 44.8050 49.9842
18877.0000 0.0337 75.7779 49.0000 35.7223 44.4783 49.8787
18878.0000 0.0363 75.7796 49.0000 35.5244 44.2436 50.2301
18879.0000 0.0412 76.2528 49.0000 35.0947 44.6180 50.9126
18880.0000 0.0363 76.2382 49.0000 35.2551 45.4729 50.0155
18881.0000 0.0352 76.3765 49.0000 35.0839 46.5801 49.3234
18882.0000 0.0373 76.4894 49.0000 34.8497 46.6851 49.5643
18883.0000 0.0376 76.5347 49.0000 34.7486 46.9683 49.4376
18884.0000 0.0364 76.5894 49.0000 34.7831 47.9882 48.5099
18885.0000 0.0390 76.8322 49.0000 34.6265 47.4616 49.5137
18886.0000 0.0409 77.4240 49.0000 34.6582 47.7278 50.1531
18887.0000 0.0405 77.3728 49.0000 34.7257 47.5650 50.1821
18888.0000 0.0416 77.2650 49.0000 34.4603 47.7977 49.9775
18889.0000 0.0395 77.0493 49.0000 34.7899 47.0880 50.0898
18890.0000 0.0391 76.9915 49.0000 35.1625 46.1241 50.6345
18891.0000 0.0392 76.9709 49.0000 34.8524 46.8743 50.1262
18892.0000 0.0362 76.8041 49.0000 35.2335 46.5710 49.8861
18893.0000 0.0377 77.1362 49.0000 35.1997 46.7396 50.2632
18894.0000 0.0383 77.2191 49.0000 35.4047 46.1722 50.7683
18895.0000 0.0363 76.8760 49.0000 35.6079 45.7281 50.5068
18896.0000 0.0424 77.1224 49.0000 35.0817 45.6381 51.3255
18897.0000 0.0398 76.8208 49.0000 35.2474 45.4762 50.9016
18898.0000 0.0359 76.6332 49.0000 35.6784 45.3135 50.4618
18899.0000 0.0366 77.1372 49.0000 35.9642 45.3253 51.0132
18900.0000 0.0359 77.2761 49.0000 36.0946 45.4609 51.0107
18901.0000 0.0393 77.3435 49.0000 35.7371 45.4257 51.3944
18902.0000 0.0380 77.4755 49.0000 35.6896 46.0280 51.0894
18903.0000 0.0318 77.4366 49.0000 36.3568 46.3157 50.2939
18904.0000 0.0292 77.1164 49.0000 36.4413 46.4406 49.6211
18905.0000 0.0287 77.1970 49.0000 36.6877 46.1270 49.8566
18906.0000 0.0258 76.9639 49.0000 36.7919 46.6156 48.9570
18907.0000 0.0260 76.4419 49.0000 36.5976 46.0056 48.8617
18908.0000 0.0261 76.7275 49.0000 36.7195 46.1998 49.0344
18909.0000 0.0282 77.0045 49.0000 36.7647 45.7804 49.8218
18910.0000 0.0326 77.1873 49.0000 36.4722 45.4117 50.6501
18911.0000 0.0327 77.5190 49.0000 36.4752 45.8962 50.7177
18912.0000 0.0310 77.2866 49.0000 36.5621 45.8305 50.3586
18913.0000 0.0422 77.5039 49.0000 35.9644 44.6625 52.1409
18914.0000 0.0430 77.6582 49.0000 36.1003 44.5077 52.4083
18915.0000 0.0442 77.6075 49.0000 35.9709 44.4322 52.4861
18916.0000 0.0404 77.2093 49.0000 36.2073 44.2290 51.9048
18917.0000 0.0402 77.2338 49.0000 36.3305 44.1112 51.9553
18918.0000 0.0423 77.2844 49.0000 36.2587 43.9216 52.2406
18919.0000 0.0411 77.4683 49.0000 36.2699 44.3544 52.1394
18920.0000 0.0427 77.4689 49.0000 35.8553 44.6997 52.1323
18921.0000 0.0496 77.8363 49.0000 34.9569 45.3711 52.7064
18922.0000 0.0449 77.9356 49.0000 35.3606 45.7427 52.2607
18923.0000 0.0411 77.5982 49.0000 35.5025 45.8309 51.5808
18924.0000 0.0367 77.3802 49.0000 35.7532 46.0944 50.8401
18925.0000 0.0412 77.3327 49.0000 35.3120 45.7755 51.3616
18926.0000 0.0429 77.0890 49.0000 35.0373 45.5645 51.3710
18927.0000 0.0430 77.4930 49.0000 35.6473 45.0176 52.0369
18928.0000 0.0460 77.2811 49.0000 35.2336 44.8452 52.1523
18929.0000 0.0477 77.2298 49.0000 35.4132 44.2027 52.5021
18930.0000 0.0491 77.0815 49.0000 34.8768 44.5995 52.3073
18931.0000 0.0576 77.3881 49.0000 34.2459 44.5460 53.2145
18932.0000 0.0642 77.6783 49.0000 33.7837 44.5629 53.9141
18933.0000 0.0620 77.0878 49.0000 33.7711 44.1968 53.3731
18934.0000 0.0691 77.2811 49.0000 33.4103 43.9359 54.0903
18935.0000 0.0636 77.0755 49.0000 34.0923 43.5080 53.7158
18936.0000 0.0606 76.8447 49.0000 34.5583 43.0114 53.4869
18937.0000 0.0658 76.8716 49.0000 34.5925 42.3392 54.0369
18938.0000 0.0647 76.4556 49.0000 34.4452 42.1900 53.6563
18939.0000 0.0598 76.5250 49.0000 34.6706 42.6098 53.2769
18940.0000 0.0529 76.2215 49.0000 34.5741 43.3504 52.2981
18941.0000 0.0613 76.6130 49.0000 33.9788 43.4423 53.1766
18942.0000 0.0646 76.5662 49.0000 33.9069 43.0288 53.4905
18943.0000 0.0633 76.6345 49.0000 34.1312 42.9784 53.4861
18944.0000 0.0666 77.0795 49.0000 34.0836 43.1290 54.0319
18945.0000 0.0733 77.5456 49.0000 32.8919 44.3845 54.4192
18946.0000 0.0699 77.5995 49.0000 32.6369 45.3352 53.8631
18947.0000 0.0629 77.2814 49.0000 32.8716 45.7227 52.9273
18948.0000 0.0594 76.7090 49.0000 33.0720 45.2479 52.3751
18949.0000 0.0497 76.6658 49.0000 34.0473 45.3396 51.6019
18950.0000 0.0562 77.1113 49.0000 33.5764 45.5098 52.4179
18951.0000 0.0543 76.9955 49.0000 33.4225 46.0333 51.8863
18952.0000 0.0555 77.0788 49.0000 33.2132 46.2923 51.9139
18953.0000 0.0563 76.8117 49.0000 33.3804 45.4302 52.1716
18954.0000 0.0604 76.6509 49.0000 33.0440 45.0452 52.4822
18955.0000 0.0676 76.5284 49.0000 32.6070 44.4063 53.1173
18956.0000 0.0638 76.1971 49.0000 32.9070 44.1196 52.6933
18957.0000 0.0561 75.9397 49.0000 33.3816 44.3006 51.8649
18958.0000 0.0512 75.7853 49.0000 34.1509 43.7031 51.6446
18959.0000 0.0496 75.6715 49.0000 35.1587 42.3696 51.9121
18960.0000 0.0427 76.0490 49.0000 35.4349 43.5229 51.3184
18961.0000 0.0489 76.0458 49.0000 35.0211 43.1111 51.9415
18962.0000 0.0459 76.0435 49.0000 34.8640 43.8241 51.4448
18963.0000 0.0410 75.6673 49.0000 35.0128 43.9970 50.6350
18964.0000 0.0405 75.7738 49.0000 35.4110 43.5802 50.8773
18965.0000 0.0430 76.2243 49.0000 35.2389 43.9972 51.3090
18966.0000 0.0485 76.6082 49.0000 34.8903 44.0684 52.0525
18967.0000 0.0526 76.8676 49.0000 34.7693 43.9047 52.6507
18968.0000 0.0585 77.3554 49.0000 34.4390 44.0834 53.4273
18969.0000 0.0514 77.1409 49.0000 34.5691 44.7538 52.4670
18970.0000 0.0476 76.9334 49.0000 34.8338 44.7471 51.9909
18971.0000 0.0501 77.0231 49.0000 34.4487 45.0344 52.1321
18972.0000 0.0557 77.1328 49.0000 33.7373 45.3436 52.4902
18973.0000 0.0573 77.5000 49.0000 33.0749 46.7958 52.1772
18974.0000 0.0601 77.6152 49.0000 33.0106 46.4672 52.6804
18975.0000 0.0566 77.1773 49.0000 33.0552 46.5221 51.9556
18976.0000 0.0646 76.9312 49.0000 32.5089 45.5817 52.7625
18977.0000 0.0613 76.5869 49.0000 32.3917 45.9633 51.9972
18978.0000 0.0584 76.5984 49.0000 32.5521 46.2946 51.6187
18979.0000 0.0563 76.5066 49.0000 32.8161 46.0774 51.5096
18980.0000 0.0474 75.9337 49.0000 33.4146 46.1155 50.2270
18981.0000 0.0486 76.1368 49.0000 33.2111 46.6775 50.1502
18982.0000 0.0513 76.4767 49.0000 33.3032 46.1946 51.0455
18983.0000 0.0538 76.4946 49.0000 32.8675 46.5932 50.9924
18984.0000 0.0577 76.8464 49.0000 32.6981 46.5324 51.6811
18985.0000 0.0595 76.7133 49.0000 32.1373 47.1918 51.2353
18986.0000 0.0632 77.0822 49.0000 31.8532 47.4700 51.7073
18987.0000 0.0648 77.1001 49.0000 32.0589 46.6310 52.3660
18988.0000 0.0639 76.8733 49.0000 32.3259 45.9637 52.4583
18989.0000 0.0683 77.3324 49.0000 32.7472 45.0776 53.6277
18990.0000 0.0777 77.2895 49.0000 32.5550 43.9783 54.5871
18991.0000 0.0745 77.3479 49.0000 32.7594 44.1807 54.3837
18992.0000 0.0782 77.2489 49.0000 32.6796 43.7033 54.6760
18993.0000 0.0873 77.5434 49.0000 31.9012 43.9365 55.3613
18994.0000 0.0717 76.9708 49.0000 32.2649 44.8550 53.5864
18995.0000 0.0770 77.0064 49.0000 32.4267 43.9162 54.3126
18996.0000 0.0703 77.0094 49.0000 32.9600 44.0761 53.8644
18997.0000 0.0634 77.1388 49.0000 33.1180 45.0328 53.1568
18998.0000 0.0683 77.5953 49.0000 32.7036 45.4833 53.6915
18999.0000 0.0665 77.5630 49.0000 32.6174 45.8839 53.3554
19000.0000 0.0762 78.2398 49.0000 32.7283 45.0374 54.9723
19001.0000 0.0759 78.3171 49.0000 32.7757 45.1014 55.0017
19002.0000 0.0776 78.7838 49.0000 33.1271 44.9233 55.6002
19003.0000 0.0713 77.9700 49.0000 33.7208 44.0130 54.8187
19004.0000 0.0660 78.0304 49.0000 33.6113 44.9805 54.1829
19005.0000 0.0621 77.8380 49.0000 33.5293 45.4923 53.5256
19006.0000 0.0695 78.3638 49.0000 33.4820 45.0496 54.6844
19007.0000 0.0715 78.5713 49.0000 33.7297 44.6643 55.1440
19008.0000 0.0765 78.6892 49.0000 33.5752 44.3526 55.6555
19009.0000 0.0831 78.7428 49.0000 33.1770 44.1051 56.1646
19010.0000 0.0883 78.8314 49.0000 33.0921 43.7085 56.6469
19011.0000 0.0868 78.2968 49.0000 32.8509 43.6032 56.1246
19012.0000 0.0893 78.3299 49.0000 32.5075 43.7787 56.2340
19013.0000 0.0777 78.2601 49.0000 33.0624 44.3933 55.3241
19014.0000 0.0738 77.5712 49.0000 33.4210 43.6344 54.7391
19015.0000 0.0700 77.6174 49.0000 33.4769 44.1127 54.3859
19016.0000 0.0695 77.5998 49.0000 33.6610 43.8998 54.4195
19017.0000 0.0665 77.6332 49.0000 33.8907 44.0317 54.2176
19018.0000 0.0656 77.9765 49.0000 33.7064 44.8390 54.1635
19019.0000 0.0592 77.8136 49.0000 34.0112 45.1749 53.4548
19020.0000 0.0611 78.2017 49.0000 34.2468 44.9946 54.0199
19021.0000 0.0562 77.7145 49.0000 34.6902 44.5048 53.4365
19022.0000 0.0542 77.3657 49.0000 34.6120 44.4991 52.9838
19023.0000 0.0624 77.9716 49.0000 34.2445 44.5167 54.0846
19024.0000 0.0671 77.8063 49.0000 33.9076 44.1308 54.3743
19025.0000 0.0703 78.1363 49.0000 33.4588 44.7009 54.6591
19026.0000 0.0670 78.2416 49.0000 33.8453 44.7425 54.5377
19027.0000 0.0705 77.9257 49.0000 33.4449 44.4442 54.5762
19028.0000 0.0719 77.7053 49.0000 33.4617 43.9856 54.6232
19029.0000 0.0705 77.7754 49.0000 33.8268 43.7508 54.6867
19030.0000 0.0666 77.4419 49.0000 33.7229 44.0351 54.0456
19031.0000 0.0734 77.5211 49.0000 33.9264 42.9818 54.8734
19032.0000 0.0679 77.3425 49.0000 34.2231 43.0719 54.3640
19033.0000 0.0725 77.8494 49.0000 33.7089 43.7326 54.8790
19034.0000 0.0747 77.6282 49.0000 33.7291 43.1913 54.9817
19035.0000 0.0737 77.2789 49.0000 33.3141 43.4601 54.5291
19036.0000 0.0815 77.5062 49.0000 33.2552 42.8539 55.3611
19037.0000 0.0787 77.3813 49.0000 33.6035 42.6043 55.1683
19038.0000 0.0832 77.5496 49.0000 33.2156 42.7531 55.5233
19039.0000 0.0802 77.1894 49.0000 33.2769 42.6264 55.0804
19040.0000 0.0752 77.0158 49.0000 33.3578 42.9192 54.5586
19041.0000 0.0855 77.4972 49.0000 33.0381 42.6610 55.6267
19042.0000 0.0780 77.0753 49.0000 32.9235 43.2077 54.6786
19043.0000 0.0825 77.0758 49.0000 32.9017 42.7139 55.0788
19044.0000 0.0839 76.8793 49.0000 32.5518 42.7754 54.9643
19045.0000 0.0802 76.9729 49.0000 32.5928 43.2510 54.6982
19046.0000 0.0851 77.0978 49.0000 32.0570 43.4966 54.9951
19047.0000 0.0823 76.8638 49.0000 32.2277 43.3566 54.6775
19048.0000 0.0838 76.5088 49.0000 32.6049 42.3120 54.7742
19049.0000 0.0780 76.6312 49.0000 33.0020 42.6111 54.4748
19050.0000 0.0812 76.6417 49.0000 32.8921 42.3989 54.7211
19051.0000 0.0719 76.4826 49.0000 33.0105 43.1838 53.8057
19052.0000 0.0696 76.5758 49.0000 33.0967 43.4774 53.6486
19053.0000 0.0735 76.6095 49.0000 32.4040 43.9500 53.7345
19054.0000 0.0736 76.9338 49.0000 32.6756 43.9439 54.0376
19055.0000 0.0768 76.9464 49.0000 31.8777 44.6490 53.9538
19056.0000 0.0789 77.1457 49.0000 32.0959 44.2868 54.4057
19057.0000 0.0858 77.2475 49.0000 31.6105 44.1714 54.9257
19058.0000 0.0825 76.7645 49.0000 31.7142 43.9124 54.3939
19059.0000 0.0746 76.4607 49.0000 32.1337 44.0154 53.6313
19060.0000 0.0786 76.4603 49.0000 32.3967 43.1375 54.1828
19061.0000 0.0651 75.7355 49.0000 32.8072 43.5127 52.5947
19062.0000 0.0692 75.7056 49.0000 32.7343 43.0131 53.0064
19063.0000 0.0712 75.7523 49.0000 32.7323 42.8074 53.2403
19064.0000 0.0667 75.5459 49.0000 33.1072 42.6453 52.8438
19065.0000 0.0643 75.4950 49.0000 33.4176 42.4876 52.7026
19066.0000 0.0695 75.6915 49.0000 33.3423 42.1546 53.2962
19067.0000 0.0662 75.7674 49.0000 33.8718 41.9640 53.2204
19068.0000 0.0613 75.1995 49.0000 34.0828 41.6610 52.5137
19069.0000 0.0592 74.9259 49.0000 34.3698 41.2536 52.2566
19070.0000 0.0660 75.2307 49.0000 34.1052 41.1051 52.9799
19071.0000 0.0716 75.0604 49.0000 34.4466 39.8965 53.4394
19072.0000 0.0585 74.8755 49.0000 34.2888 41.3871 52.1319
19073.0000 0.0553 74.7649 49.0000 34.4711 41.4354 51.8135
19074.0000 0.0595 74.9538 49.0000 33.5505 42.3187 51.9765
19075.0000 0.0649 74.6127 49.0000 32.9717 41.9931 52.1201
19076.0000 0.0611 74.6198 49.0000 33.1450 42.2697 51.7957
19077.0000 0.0537 74.6680 49.0000 33.7651 42.5015 51.2723
19078.0000 0.0546 74.7965 49.0000 33.5485 42.8302 51.3282
19079.0000 0.0552 75.0528 49.0000 33.9202 42.5226 51.7124
19080.0000 0.0577 75.1331 49.0000 33.3525 43.0763 51.7400
19081.0000 0.0557 75.0876 49.0000 33.6153 42.9361 51.6203
19082.0000 0.0549 75.0727 49.0000 33.5608 43.1108 51.4882
19083.0000 0.0512 75.0222 49.0000 33.7910 43.2962 51.1071
19084.0000 0.0534 75.0918 49.0000 33.4305 43.5852 51.2007
19085.0000 0.0503 75.2362 49.0000 34.0103 43.3761 51.2083
19086.0000 0.0488 75.3643 49.0000 34.6339 42.8390 51.4304
19087.0000 0.0509 75.2682 49.0000 34.1680 43.0704 51.4080
19088.0000 0.0481 75.5452 49.0000 34.9084 42.7789 51.5601
19089.0000 0.0449 75.1909 49.0000 34.6329 43.2641 50.8179
19090.0000 0.0486 75.1717 49.0000 34.2210 43.2484 51.0811
19091.0000 0.0498 75.0797 49.0000 33.8502 43.5064 50.9738
19092.0000 0.0496 75.3365 49.0000 33.6576 44.2011 50.8824
19093.0000 0.0397 75.1065 49.0000 34.3370 44.7361 49.6049
19094.0000 0.0387 75.2542 49.0000 34.3496 45.2276 49.3736
19095.0000 0.0320 75.0334 49.0000 35.0302 45.3124 48.4735
19096.0000 0.0325 75.0300 49.0000 34.8995 45.5318 48.3568
19097.0000 0.0352 75.0001 49.0000 34.4894 45.6293 48.5126
19098.0000 0.0408 75.4199 49.0000 33.9428 45.9433 49.2470
19099.0000 0.0442 75.6238 49.0000 33.7052 45.8221 49.8323
19100.0000 0.0392 75.2709 49.0000 33.8684 46.6352 48.4128
19101.0000 0.0373 75.3210 49.0000 34.3192 45.9485 48.8281
19102.0000 0.0383 75.1235 49.0000 34.2046 45.5323 48.9938
19103.0000 0.0394 74.9351 49.0000 34.2534 44.7291 49.4094
19104.0000 0.0409 74.7058 49.0000 34.2808 43.9612 49.7312
19105.0000 0.0420 75.0132 49.0000 34.0704 44.5866 49.7817
19106.0000 0.0426 75.0235 49.0000 33.9931 44.6162 49.8236
19107.0000 0.0397 74.8188 49.0000 34.2954 44.3804 49.5184
19108.0000 0.0438 75.0144 49.0000 34.0355 44.2425 50.1134
19109.0000 0.0481 75.1248 49.0000 33.8455 43.8838 50.7191
19110.0000 0.0502 74.8988 49.0000 34.0019 42.9757 51.0567
19111.0000 0.0516 75.0663 49.0000 33.5101 43.7310 50.9864
19112.0000 0.0502 74.8904 49.0000 33.6033 43.5985 50.7795
19113.0000 0.0592 75.2606 49.0000 32.8569 43.7512 51.6761
19114.0000 0.0568 75.0339 49.0000 32.3982 44.6719 50.8416
19115.0000 0.0605 75.3268 49.0000 32.5368 44.1439 51.6411
19116.0000 0.0637 75.3299 49.0000 32.1207 44.2907 51.7802
19117.0000 0.0630 75.0546 49.0000 31.9566 44.3345 51.4434
19118.0000 0.0635 74.9071 49.0000 31.8319 44.2649 51.3655
19119.0000 0.0648 74.9045 49.0000 31.6501 44.3519 51.3991
19120.0000 0.0643 74.9402 49.0000 32.1873 43.5962 51.7628
19121.0000 0.0660 74.9769 49.0000 32.1761 43.3924 51.9936
19122.0000 0.0654 75.1356 49.0000 32.3263 43.4580 52.0747
19123.0000 0.0656 75.1060 49.0000 32.0278 43.8444 51.8922
19124.0000 0.0676 75.2796 49.0000 31.8949 43.9680 52.1205
19125.0000 0.0687 75.7057 49.0000 31.7052 44.6406 52.2815
19126.0000 0.0718 75.8946 49.0000 31.4272 44.8225 52.5667
19127.0000 0.0729 75.9168 49.0000 31.3682 44.7731 52.6760
19128.0000 0.0644 75.4366 49.0000 31.6090 45.2176 51.4482
19129.0000 0.0665 75.3004 49.0000 31.2812 45.2351 51.4336
19130.0000 0.0630 75.3945 49.0000 31.4912 45.6960 51.0345
19131.0000 0.0669 75.8319 49.0000 31.2451 46.0017 51.5565
19132.0000 0.0699 76.3197 49.0000 31.3210 45.9090 52.3074
19133.0000 0.0605 75.8134 49.0000 31.9606 45.8849 51.1934
19134.0000 0.0666 76.2246 49.0000 32.1411 44.9337 52.5176
19135.0000 0.0620 76.3759 49.0000 32.5809 45.1743 52.2594
19136.0000 0.0605 76.3419 49.0000 32.6305 45.3214 52.0511
19137.0000 0.0577 76.3884 49.0000 32.3569 46.5842 51.1677
19138.0000 0.0546 76.4687 49.0000 32.9697 46.1009 51.3339
19139.0000 0.0516 76.2825 49.0000 33.3166 45.7860 51.1143
19140.0000 0.0542 76.5592 49.0000 33.3289 45.5991 51.6838
19141.0000 0.0521 76.7566 49.0000 33.5684 45.8697 51.5820
19142.0000 0.0495 76.4840 49.0000 33.7011 45.7957 51.1545
19143.0000 0.0483 76.4385 49.0000 33.9952 45.4154 51.2310
19144.0000 0.0500 76.1726 49.0000 33.9221 44.8134 51.4133
19145.0000 0.0490 76.0854 49.0000 33.9722 44.8012 51.2614
19146.0000 0.0531 76.0449 49.0000 33.6714 44.4823 51.6757
19147.0000 0.0475 75.8943 49.0000 34.1429 44.5405 51.0917
19148.0000 0.0488 75.5278 49.0000 33.7668 44.4257 50.8981
19149.0000 0.0483 75.3855 49.0000 33.9090 44.0900 50.8845
19150.0000 0.0538 75.8210 49.0000 33.5108 44.3313 51.5809
19151.0000 0.0589 75.7980 49.0000 33.1104 44.0905 52.0102
19152.0000 0.0582 75.7467 49.0000 33.4038 43.6790 52.0951
19153.0000 0.0530 75.3839 49.0000 33.1443 44.5207 51.0108
19154.0000 0.0511 75.0969 49.0000 33.5741 43.7485 50.9745
19155.0000 0.0507 74.9208 49.0000 33.3414 43.9764 50.6710
19156.0000 0.0540 75.2698 49.0000 33.4382 43.7058 51.3540
19157.0000 0.0497 75.1082 49.0000 34.0779 43.1966 51.1272
19158.0000 0.0453 75.5729 49.0000 34.3752 44.1160 50.8270
19159.0000 0.0455 75.8033 49.0000 34.5647 44.0699 51.0811
19160.0000 0.0470 75.7294 49.0000 34.2567 44.1983 51.0679
19161.0000 0.0436 75.5551 49.0000 34.8852 43.5617 50.9310
19162.0000 0.0461 75.5643 49.0000 34.7516 43.3580 51.2092
19163.0000 0.0439 75.2898 49.0000 34.7127 43.4401 50.7595
19164.0000 0.0457 75.0966 49.0000 34.4377 43.3080 50.7736
19165.0000 0.0471 75.1135 49.0000 34.3149 43.2801 50.9054
19166.0000 0.0410 74.5323 49.0000 34.5331 43.2625 49.9087
19167.0000 0.0473 74.8548 49.0000 34.1289 43.2068 50.7113
19168.0000 0.0456 74.9894 49.0000 34.6146 42.9128 50.8303
19169.0000 0.0457 75.1144 49.0000 34.9678 42.5304 51.0939
19170.0000 0.0446 75.0743 49.0000 34.8415 42.8455 50.8574
19171.0000 0.0432 74.9747 49.0000 34.4823 43.5346 50.3678
19172.0000 0.0377 74.5400 49.0000 34.7007 43.6447 49.4693
19173.0000 0.0366 74.4028 49.0000 35.0183 43.1443 49.4779
19174.0000 0.0352 74.4176 49.0000 35.1435 43.2281 49.3381
19175.0000 0.0358 74.5573 49.0000 34.7277 44.0652 49.1023
19176.0000 0.0368 74.4550 49.0000 34.9396 43.2929 49.4822
19177.0000 0.0337 74.4026 49.0000 35.4796 42.9498 49.3179
19178.0000 0.0321 74.2110 49.0000 35.1574 43.6003 48.6852
19179.0000 0.0317 74.1864 49.0000 35.1560 43.6633 48.5921
19180.0000 0.0283 73.9964 49.0000 35.7533 43.0984 48.3704
19181.0000 0.0348 74.5393 49.0000 35.1111 43.5453 49.2658
19182.0000 0.0354 74.2345 49.0000 35.2530 42.7507 49.4000
19183.0000 0.0336 74.2655 49.0000 35.2406 43.1814 49.0798
19184.0000 0.0346 74.2487 49.0000 35.1163 43.1693 49.1542
19185.0000 0.0416 74.4511 49.0000 34.2714 43.4714 49.7862
19186.0000 0.0354 74.1838 49.0000 34.7417 43.5855 48.9547
19187.0000 0.0391 74.2784 49.0000 34.2001 43.9033 49.1950
19188.0000 0.0367 73.9326 49.0000 34.2511 43.8553 48.6785
19189.0000 0.0457 74.1497 49.0000 33.8419 43.0167 50.0246
19190.0000 0.0450 74.3494 49.0000 34.1993 42.8264 50.2408
19191.0000 0.0442 74.1719 49.0000 34.0432 42.9903 49.9436
19192.0000 0.0450 74.4091 49.0000 33.9311 43.3569 50.0557
19193.0000 0.0453 74.5859 49.0000 34.0163 43.3912 50.2311
19194.0000 0.0423 74.3975 49.0000 34.3025 43.2168 49.9063
19195.0000 0.0441 74.4719 49.0000 34.0528 43.3939 50.0345
19196.0000 0.0403 74.5961 49.0000 34.7238 43.1703 49.9516
19197.0000 0.0418 74.3646 49.0000 34.7827 42.5100 50.1313
19198.0000 0.0429 74.3576 49.0000 35.0386 41.9398 50.4222
19199.0000 0.0471 74.7503 49.0000 34.4875 42.5567 50.8641
19200.0000 0.0401 74.3805 49.0000 34.6367 43.0619 49.7839
19201.0000 0.0473 74.9774 49.0000 34.3105 43.0727 50.8836
19202.0000 0.0545 75.3754 49.0000 33.8628 43.1018 51.7396
19203.0000 0.0476 74.8660 49.0000 34.0130 43.3514 50.6823
19204.0000 0.0500 75.3135 49.0000 34.0847 43.4095 51.2442
19205.0000 0.0516 75.2001 49.0000 34.7806 42.0276 51.7594
19206.0000 0.0466 75.3452 49.0000 35.3326 42.1721 51.4783
19207.0000 0.0423 75.3437 49.0000 35.6195 42.4295 51.0652
19208.0000 0.0388 75.4151 49.0000 35.9795 42.5806 50.7918
19209.0000 0.0406 75.4078 49.0000 35.9354 42.3330 51.0186
19210.0000 0.0347 75.1033 49.0000 36.0531 42.7798 50.1056
19211.0000 0.0414 75.1985 49.0000 35.4693 42.6173 50.7987
19212.0000 0.0409 75.0719 49.0000 35.8968 41.9379 50.8765
19213.0000 0.0415 75.0016 49.0000 35.4667 42.3501 50.7328
19214.0000 0.0443 75.5058 49.0000 35.3824 42.6453 51.2893
19215.0000 0.0440 75.6462 49.0000 34.9383 43.5287 51.0580
19216.0000 0.0411 75.3031 49.0000 35.0935 43.3545 50.5905
19217.0000 0.0485 75.5370 49.0000 34.7509 42.9296 51.5292
19218.0000 0.0469 75.6214 49.0000 35.3013 42.5019 51.6334
19219.0000 0.0516 75.7030 49.0000 34.7014 42.7366 51.9648
19220.0000 0.0509 75.8333 49.0000 34.4096 43.4255 51.7773
19221.0000 0.0471 75.8776 49.0000 34.9105 43.3451 51.5740
19222.0000 0.0440 75.5290 49.0000 35.3863 42.7125 51.2648
19223.0000 0.0441 75.2320 49.0000 34.9668 42.9473 50.9187
19224.0000 0.0436 74.9850 49.0000 34.9656 42.7172 50.7483
19225.0000 0.0372 74.8512 49.0000 35.6769 42.5794 50.1682
19226.0000 0.0394 74.8632 49.0000 35.2710 42.8253 50.2639
19227.0000 0.0391 75.0491 49.0000 35.4607 42.8295 50.4038
19228.0000 0.0398 74.8198 49.0000 34.8477 43.3555 50.0394
19229.0000 0.0378 74.5565 49.0000 35.3652 42.5663 49.9608
19230.0000 0.0314 74.6003 49.0000 35.8325 43.1040 49.2268
19231.0000 0.0314 74.0766 49.0000 35.3071 43.2940 48.6455
19232.0000 0.0360 74.2409 49.0000 34.6257 43.7551 48.9721
19233.0000 0.0371 74.8339 49.0000 35.0212 43.6241 49.7049
19234.0000 0.0386 74.9460 49.0000 35.3524 42.9388 50.2332
19235.0000 0.0399 74.6317 49.0000 35.1650 42.5863 50.1968
19236.0000 0.0339 74.4122 49.0000 35.4938 42.8941 49.3707
19237.0000 0.0348 74.9845 49.0000 35.8377 42.9451 49.9404
19238.0000 0.0297 74.6844 49.0000 36.6133 42.3365 49.4454
19239.0000 0.0293 74.9649 49.0000 36.7633 42.5619 49.5649
19240.0000 0.0302 75.0557 49.0000 36.6464 42.6832 49.6845
19241.0000 0.0286 75.2810 49.0000 36.6283 43.3246 49.4832
19242.0000 0.0254 75.1072 49.0000 36.7254 43.6563 48.8514
19243.0000 0.0257 74.7569 49.0000 36.4664 43.5327 48.6178
19244.0000 0.0255 74.6862 49.0000 36.8058 42.9084 48.8080
19245.0000 0.0307 74.9830 49.0000 36.3670 42.9117 49.5831
19246.0000 0.0282 75.3893 49.0000 36.5656 43.6831 49.3790
19247.0000 0.0289 75.0460 49.0000 36.4823 43.1807 49.3596
19248.0000 0.0292 75.7107 49.0000 36.9684 43.2400 49.9575
19249.0000 0.0321 75.5487 49.0000 36.6297 42.9754 50.1895
19250.0000 0.0368 75.5231 49.0000 35.8063 43.3225 50.4461
19251.0000 0.0342 75.4098 49.0000 36.3041 42.9047 50.2776
19252.0000 0.0335 75.3769 49.0000 36.4849 42.7081 50.2647
19253.0000 0.0333 75.2587 49.0000 35.9110 43.4916 49.8271
19254.0000 0.0344 75.4789 49.0000 35.7438 43.8529 49.9637
19255.0000 0.0332 75.4732 49.0000 35.7468 44.1092 49.7268
19256.0000 0.0284 75.4809 49.0000 36.0768 44.7092 48.9583
19257.0000 0.0320 75.9597 49.0000 35.8632 44.9135 49.6637
19258.0000 0.0321 75.8171 49.0000 35.8811 44.6276 49.6906
19259.0000 0.0323 75.7624 49.0000 35.8024 44.6523 49.6417
19260.0000 0.0360 75.8068 49.0000 35.5127 44.3706 50.1674
19261.0000 0.0328 75.9528 49.0000 35.8614 44.6948 49.8514
19262.0000 0.0273 75.9076 49.0000 36.4418 44.9349 49.1408
19263.0000 0.0276 76.1887 49.0000 36.6629 44.8516 49.4862
19264.0000 0.0262 76.6449 49.0000 36.9467 45.3882 49.4904
19265.0000 0.0273 77.1365 49.0000 37.3915 44.9365 50.3251
19266.0000 0.0259 77.2411 49.0000 37.6245 45.0461 50.2138
19267.0000 0.0304 77.1372 49.0000 37.0221 44.8479 50.6772
19268.0000 0.0303 76.9959 49.0000 36.7097 45.2534 50.3280
19269.0000 0.0327 77.1844 49.0000 36.6258 45.0868 50.8248
19270.0000 0.0283 76.9440 49.0000 37.1414 44.8813 50.2650
19271.0000 0.0268 77.1757 49.0000 37.0761 45.8088 49.8298
19272.0000 0.0252 77.1549 49.0000 37.5461 45.2565 49.9503
19273.0000 0.0243 77.4793 49.0000 37.8465 45.4329 50.0653
19274.0000 0.0272 77.4257 49.0000 37.5142 45.1874 50.4532
19275.0000 0.0280 77.6364 49.0000 37.3861 45.5127 50.5795
19276.0000 0.0344 77.7293 49.0000 36.7278 45.2887 51.3988
19277.0000 0.0367 77.8098 49.0000 36.4967 45.3072 51.6684
19278.0000 0.0378 77.5211 49.0000 36.0564 45.4274 51.4375
19279.0000 0.0333 77.2644 49.0000 36.4800 45.3282 50.8366
19280.0000 0.0348 77.2857 49.0000 35.9258 46.1077 50.5618
19281.0000 0.0341 77.6444 49.0000 36.2563 46.1646 50.8229
19282.0000 0.0325 77.4833 49.0000 36.3620 46.1523 50.5117
19283.0000 0.0376 77.3723 49.0000 35.3676 46.7323 50.5143
19284.0000 0.0318 77.3544 49.0000 36.2333 46.4642 50.1191
19285.0000 0.0306 77.4087 49.0000 36.4285 46.4915 50.0361
19286.0000 0.0294 77.3698 49.0000 36.6346 46.3372 49.9685
19287.0000 0.0273 76.9093 49.0000 36.9751 45.4374 49.8329
19288.0000 0.0229 76.6051 49.0000 37.3807 45.4682 49.0273
19289.0000 0.0223 76.7647 49.0000 37.3625 46.0583 48.7390
19290.0000 0.0241 77.0939 49.0000 37.4810 45.6379 49.5563
19291.0000 0.0270 76.9786 49.0000 37.6867 44.2751 50.4493
19292.0000 0.0267 76.7553 49.0000 37.3294 44.6429 50.0490
19293.0000 0.0280 76.8389 49.0000 37.2691 44.5584 50.2969
19294.0000 0.0222 76.1812 49.0000 37.7754 44.1682 49.2520
19295.0000 0.0202 75.8466 49.0000 37.8222 44.1513 48.7120
19296.0000 0.0240 76.1124 49.0000 37.4234 44.2475 49.3432
19297.0000 0.0214 76.6005 49.0000 38.0517 44.5284 49.3653
19298.0000 0.0239 76.7343 49.0000 37.9811 44.1773 49.9394
19299.0000 0.0231 76.4305 49.0000 37.8944 44.0894 49.6161
19300.0000 0.0229 76.2260 49.0000 37.5389 44.5034 49.2003
19301.0000 0.0274 75.8325 49.0000 37.0759 43.6162 49.7350
19302.0000 0.0263 75.8692 49.0000 37.2525 43.6216 49.6543
19303.0000 0.0236 75.7405 49.0000 37.1244 44.3579 48.8956
19304.0000 0.0203 75.8400 49.0000 37.8185 44.1186 48.7342
19305.0000 0.0216 75.9243 49.0000 37.2910 44.9405 48.5204
19306.0000 0.0236 76.1681 49.0000 37.5129 44.2607 49.3493
19307.0000 0.0236 76.3003 49.0000 37.3368 44.8075 49.1933
19308.0000 0.0266 76.4563 49.0000 36.8623 45.1544 49.4755
19309.0000 0.0273 76.2427 49.0000 37.0816 44.1981 49.8440
19310.0000 0.0315 76.6151 49.0000 36.3274 45.1036 50.1583
19311.0000 0.0325 76.7707 49.0000 36.3132 45.1152 50.3955
19312.0000 0.0335 76.6333 49.0000 35.7890 45.7414 49.9953
19313.0000 0.0357 76.8411 49.0000 35.8867 45.2605 50.6773
19314.0000 0.0384 77.7983 49.0000 36.2428 45.3608 51.7826
19315.0000 0.0396 77.4438 49.0000 36.1184 44.8324 51.7982
19316.0000 0.0422 77.9605 49.0000 36.2666 44.7834 52.5074
19317.0000 0.0477 78.1632 49.0000 35.7207 44.9081 53.0734
19318.0000 0.0514 77.9956 49.0000 35.3953 44.5688 53.3302
19319.0000 0.0530 77.8780 49.0000 35.2180 44.4296 53.3918
19320.0000 0.0542 78.1456 49.0000 35.8827 43.6543 53.9766
19321.0000 0.0519 77.7684 49.0000 36.2043 43.1144 53.6500
19322.0000 0.0461 77.5143 49.0000 36.1505 43.7455 52.8010
19323.0000 0.0389 76.9143 49.0000 36.9582 43.0436 51.9340
19324.0000 0.0371 76.8008 49.0000 36.7189 43.5469 51.5146
19325.0000 0.0457 77.2881 49.0000 35.9090 43.8693 52.5307
19326.0000 0.0489 77.4581 49.0000 35.7427 43.8074 52.9446
19327.0000 0.0559 77.6879 49.0000 35.5205 43.3637 53.7894
19328.0000 0.0539 77.8806 49.0000 35.7718 43.5257 53.7707
19329.0000 0.0506 77.6554 49.0000 35.7688 43.7515 53.2613
19330.0000 0.0529 77.4462 49.0000 35.4322 43.6235 53.2866
19331.0000 0.0461 77.4752 49.0000 35.5904 44.5140 52.4808
19332.0000 0.0413 77.3010 49.0000 35.6869 45.0311 51.7116
19333.0000 0.0468 77.5377 49.0000 35.8962 44.0225 52.7785
19334.0000 0.0528 78.0377 49.0000 35.6595 44.0325 53.6603
19335.0000 0.0496 77.9690 49.0000 35.5881 44.5555 53.1738
19336.0000 0.0455 77.5150 49.0000 35.6284 44.6113 52.4311
19337.0000 0.0548 78.2583 49.0000 35.2402 44.5836 53.8033
19338.0000 0.0581 78.2598 49.0000 35.4186 43.8536 54.2861
19339.0000 0.0652 78.1818 49.0000 34.2235 44.3951 54.4998
19340.0000 0.0623 77.6781 49.0000 33.9713 44.5717 53.7885
19341.0000 0.0654 77.7912 49.0000 33.9907 44.2325 54.2180
19342.0000 0.0603 77.8482 49.0000 34.4156 44.4453 53.8564
19343.0000 0.0629 78.1633 49.0000 33.8556 45.2490 53.9984
19344.0000 0.0618 78.1522 49.0000 33.4525 46.0805 53.5283
19345.0000 0.0638 78.7402 49.0000 33.1190 47.0845 53.7234
19346.0000 0.0585 83.6612 50.0000 37.4265 47.4132 57.8829
19347.0000 0.0543 84.0260 50.0000 38.3615 47.2126 57.9632
19348.0000 0.0508 83.9429 50.0000 38.7684 47.1158 57.6500
19349.0000 0.0497 83.6315 50.0000 39.1854 46.3706 57.5196
19350.0000 0.0440 83.2986 50.0000 39.6449 46.2660 56.8014
19351.0000 0.0446 82.8987 50.0000 39.4674 45.9353 56.6080
19352.0000 0.0431 83.0456 50.0000 39.4861 46.3215 56.4955
19353.0000 0.0371 82.4812 50.0000 40.3770 45.4881 55.7106
19354.0000 0.0400 82.1162 50.0000 40.1503 44.8900 55.8204
19355.0000 0.0396 82.1219 50.0000 40.9655 43.9983 55.9462
19356.0000 0.0357 80.9904 50.0000 40.6772 43.6468 54.7702
19357.0000 0.0331 81.4750 50.0000 41.4947 43.6514 54.8719
19358.0000 0.0304 82.3977 50.0000 42.2518 44.2542 55.1882
19359.0000 0.0405 82.8953 50.0000 41.8615 43.7175 56.6394
19360.0000 0.0315 82.8800 50.0000 43.2545 43.5356 55.7026
19361.0000 0.0270 82.2879 50.0000 42.9903 43.8831 54.7486
19362.0000 0.0254 82.3918 50.0000 42.9621 44.2918 54.5976
19363.0000 0.0219 82.6589 50.0000 43.7483 44.3562 54.3241
19364.0000 0.0228 82.5645 50.0000 42.8620 45.0535 54.3132
19365.0000 0.0254 82.7573 50.0000 43.4977 44.1273 54.8589
19366.0000 0.0244 82.7786 50.0000 43.8614 43.9362 54.7548
19367.0000 0.0212 82.5384 50.0000 43.5090 44.6069 54.1275
19368.0000 0.0183 82.6667 50.0000 43.3542 45.4967 53.7052
19369.0000 0.0388 78.2684 49.0000 37.3398 44.1830 52.7213
19370.0000 0.0405 78.6190 49.0000 38.1728 43.2271 53.4341
19371.0000 0.0451 78.7697 49.0000 38.2352 42.6666 54.0583
19372.0000 0.0475 79.0697 49.0000 38.1556 42.7818 54.4599
19373.0000 0.0257 83.1102 50.0000 42.5965 45.4540 55.0160
19374.0000 0.0567 79.2072 49.0000 36.9759 43.1434 55.1835
19375.0000 0.0342 83.1160 50.0000 42.0226 44.6983 56.0752
19376.0000 0.0330 82.4759 50.0000 41.9798 44.2324 55.5290
19377.0000 0.0528 78.8637 49.0000 37.3755 42.7764 54.7059
19378.0000 0.0401 78.1740 49.0000 37.8920 43.1216 53.0650
19379.0000 0.0387 78.2149 49.0000 37.6841 43.6612 52.8317
19380.0000 0.0344 78.2049 49.0000 38.1801 43.6942 52.4319
19381.0000 0.0322 78.2080 49.0000 38.4196 43.7673 52.2000
19382.0000 0.0360 78.3985 49.0000 37.9595 43.9671 52.6525
19383.0000 0.0148 82.7916 50.0000 43.7371 45.9701 53.1815
19384.0000 0.0133 82.7783 50.0000 44.2271 45.7330 52.9595
19385.0000 0.0154 82.9890 50.0000 43.4623 46.3958 53.3444
19386.0000 0.0240 78.2740 49.0000 38.7303 45.0748 50.9416
19387.0000 0.0243 77.8974 49.0000 38.8398 44.3084 50.9533
19388.0000 0.0219 77.4652 49.0000 38.8429 44.2811 50.3117
19389.0000 0.0195 77.6823 49.0000 39.2335 44.5544 50.1017
19390.0000 0.0162 77.3002 49.0000 39.6572 44.2072 49.4808
19391.0000 0.0177 77.4916 49.0000 39.9292 43.6865 50.0209
19392.0000 0.0159 77.5424 49.0000 40.1633 43.8435 49.7742
19393.0000 0.0145 77.3822 49.0000 40.3600 43.7138 49.4792
19394.0000 0.0170 81.1744 50.0000 42.3729 45.1955 52.4517
19395.0000 0.0195 81.0620 50.0000 42.0900 44.8801 52.7755
19396.0000 0.0164 81.4213 50.0000 42.4516 45.5303 52.4813
19397.0000 0.0170 81.0204 50.0000 42.3789 44.9925 52.3833
19398.0000 0.0174 77.0036 49.0000 38.8617 44.8135 49.1026
19399.0000 0.0164 76.9182 49.0000 38.8495 45.0254 48.7836
19400.0000 0.0160 76.8722 49.0000 38.7871 45.2741 48.5299
19401.0000 0.0165 77.0488 49.0000 38.8786 45.1565 48.8454
19402.0000 0.0207 77.1875 49.0000 38.2568 45.2362 49.4774
19403.0000 0.0124 80.3760 50.0000 42.6553 44.9783 51.1642
19404.0000 0.0146 80.4511 50.0000 42.4054 44.8285 51.6193
19405.0000 0.0121 80.9883 50.0000 42.5799 45.9285 51.3481
19406.0000 0.0122 80.5071 50.0000 42.0675 46.0411 50.9110
19407.0000 0.0133 80.3309 50.0000 41.8153 45.8402 51.0216
19408.0000 0.0181 76.8894 49.0000 38.3262 45.5244 48.6889
19409.0000 0.0098 80.2884 50.0000 42.4041 45.9899 50.3295
19410.0000 0.0089 80.1561 50.0000 42.1935 46.5155 49.8097
19411.0000 0.0064 79.8594 50.0000 43.1634 45.4824 49.4550
19412.0000 0.0045 80.1107 50.0000 43.4706 46.2808 48.8479
19413.0000 0.0028 80.1877 50.0000 44.0519 46.4336 48.3055
19414.0000 0.0026 80.0852 50.0000 44.0298 46.4851 48.1056
19415.0000 0.0122 76.7031 49.0000 39.4036 45.1673 47.8605
19416.0000 0.0031 80.4982 50.0000 44.0750 46.6567 48.5850
19417.0000 0.0054 80.2798 50.0000 43.0854 46.7948 48.9769
19418.0000 0.0193 77.4821 49.0000 38.5778 45.5255 49.4232
19419.0000 0.0199 77.3404 49.0000 38.3496 45.5808 49.3277
19420.0000 0.0197 77.6512 49.0000 38.3596 46.1687 49.2616
19421.0000 0.0212 77.7664 49.0000 38.1009 46.4659 49.3644
19422.0000 0.0167 77.8086 49.0000 39.0354 46.0561 49.0842
19423.0000 0.0160 77.9530 49.0000 39.0504 46.7317 48.6609
19424.0000 0.0168 77.4416 49.0000 38.7218 46.1528 48.6594
19425.0000 0.0034 80.6778 50.0000 44.4653 46.0937 49.0623
19426.0000 0.0029 80.3050 50.0000 44.1600 46.3726 48.4599
19427.0000 0.0099 76.7165 49.0000 40.0660 44.7374 47.7358
19428.0000 0.0139 76.9572 49.0000 39.2791 45.1556 48.3791
19429.0000 0.0130 76.8152 49.0000 39.3923 45.0335 48.1748
19430.0000 0.0127 77.2220 49.0000 39.6686 45.2514 48.3938
19431.0000 0.0047 80.2908 50.0000 44.3397 45.1502 49.4173
19432.0000 0.0058 80.3346 50.0000 44.1692 45.0049 49.7725
19433.0000 0.0022 79.7178 50.0000 44.5199 45.3737 48.1053
19434.0000 0.0074 76.2756 49.0000 40.1196 45.3945 46.3435
19435.0000 0.0081 76.4861 49.0000 40.0291 45.6390 46.5282
19436.0000 0.0072 76.3599 49.0000 40.3651 44.8672 46.7806
19437.0000 0.0015 79.8831 50.0000 44.4269 46.3776 47.5045
19438.0000 0.0014 79.4971 50.0000 44.2949 46.0626 47.2863
19439.0000 0.0021 79.2936 50.0000 44.0281 45.5715 47.6680
19440.0000 0.0094 75.8427 49.0000 39.4541 44.9166 46.6690
19441.0000 0.0101 75.5359 49.0000 39.3780 44.1405 46.9750
19442.0000 0.0082 75.3863 49.0000 39.7704 43.9225 46.6071
19443.0000 0.0071 75.2570 49.0000 39.8220 44.2034 46.0856
19444.0000 0.0073 75.7213 49.0000 40.1126 44.2258 46.5700
19445.0000 0.0085 75.9403 49.0000 39.8713 44.5124 46.8600
19446.0000 0.0075 76.0145 49.0000 40.1284 44.6437 46.6353
19447.0000 0.0074 75.8072 49.0000 39.9505 44.7867 46.3125
19448.0000 0.0055 75.7633 49.0000 40.4865 44.5815 45.9718
19449.0000 0.0038 75.9222 49.0000 41.0595 44.8502 45.4615
19450.0000 0.0064 75.8288 49.0000 40.3812 44.2878 46.4539
19451.0000 0.0064 75.9325 49.0000 40.2221 45.1175 45.9602
19452.0000 0.0068 76.2948 49.0000 40.3473 45.1711 46.3957
19453.0000 0.0063 77.0176 49.0000 40.8434 45.7253 46.6124
19454.0000 0.0066 76.5375 49.0000 40.4920 45.3782 46.4672
19455.0000 0.0049 76.5449 49.0000 41.1465 44.8223 46.4441
19456.0000 0.0058 76.8541 49.0000 40.9506 45.3326 46.6321
19457.0000 0.0045 76.8823 49.0000 41.3017 45.6869 46.0191
19458.0000 0.0085 76.8688 49.0000 40.2661 45.3187 47.2618
19459.0000 0.0079 76.4510 49.0000 40.1238 45.2720 46.7470
19460.0000 0.0084 76.5008 49.0000 40.1505 44.9593 47.1060
19461.0000 0.0054 76.0741 49.0000 40.5977 45.1207 45.8608
19462.0000 0.0062 76.2760 49.0000 40.4376 45.5755 45.8879
19463.0000 0.0085 76.5171 49.0000 40.0330 45.2475 46.9563
19464.0000 0.0095 76.6813 49.0000 39.7581 45.9878 46.7380
19465.0000 0.0069 76.3707 49.0000 40.5080 44.7171 46.8185
19466.0000 0.0070 76.2335 49.0000 40.1890 45.4135 46.1952
19467.0000 0.0111 76.2589 49.0000 39.5650 44.4878 47.6536
19468.0000 0.0125 76.3022 49.0000 39.6961 43.8016 48.2459
19469.0000 0.0131 76.6543 49.0000 39.3266 44.8308 48.1613
19470.0000 0.0102 76.6972 49.0000 39.8470 45.0553 47.5889
19471.0000 0.0121 76.8099 49.0000 39.2310 46.1136 47.2675
19472.0000 0.0100 76.5442 49.0000 39.6249 45.5684 47.0362
19473.0000 0.0094 76.5374 49.0000 39.8071 45.3963 47.0377
19474.0000 0.0099 76.4387 49.0000 39.6030 45.5005 46.9487
19475.0000 0.0099 76.4545 49.0000 39.6920 45.1961 47.1926
19476.0000 0.0067 76.4133 49.0000 40.5409 44.8498 46.7325
19477.0000 0.0071 76.4526 49.0000 40.3050 45.4442 46.4256
19478.0000 0.0072 76.0285 49.0000 40.1740 44.7670 46.5005
19479.0000 0.0075 76.0783 49.0000 40.0430 45.0120 46.4584
19480.0000 0.0091 75.7441 49.0000 39.3767 45.3356 46.1662
19481.0000 0.0084 75.5503 49.0000 39.6172 44.5005 46.4547
19482.0000 0.0083 75.7438 49.0000 39.8810 44.2386 46.7929
19483.0000 0.0086 75.8584 49.0000 39.7828 44.5509 46.7659
19484.0000 0.0058 75.7226 49.0000 40.3428 44.6600 45.9549
19485.0000 0.0069 75.7237 49.0000 40.0205 44.7749 46.1263
19486.0000 0.0065 75.6862 49.0000 40.0778 44.8506 45.9412
19487.0000 0.0063 75.4973 49.0000 40.0387 44.8155 45.6982
19488.0000 0.0050 75.5108 49.0000 40.7048 43.8746 46.0437
19489.0000 0.0056 75.5263 49.0000 40.7256 43.5357 46.3713
19490.0000 0.0048 75.7048 49.0000 41.0558 43.6015 46.3092
19491.0000 0.0045 75.4504 49.0000 40.9001 43.6680 45.9680
19492.0000 0.0049 74.9991 49.0000 40.4572 43.5424 45.7399
19493.0000 0.0065 74.8540 49.0000 40.3691 42.7469 46.3266
19494.0000 0.0056 74.7880 49.0000 40.4649 42.8671 46.0243
19495.0000 0.0062 74.8350 49.0000 40.1391 43.2362 46.0409
19496.0000 0.0060 75.0899 49.0000 40.3487 43.3377 46.1770
19497.0000 0.0081 75.0008 49.0000 40.0176 42.9215 46.7061
19498.0000 0.0061 74.8383 49.0000 40.6689 42.4254 46.3346
19499.0000 0.0079 75.0211 49.0000 40.3496 42.5122 46.8273
19500.0000 0.0060 75.2132 49.0000 40.3957 43.4327 46.2473
19501.0000 0.0093 75.3723 49.0000 39.9091 43.1883 47.1488
19502.0000 0.0083 75.3315 49.0000 40.6238 42.4219 47.1691
19503.0000 0.0112 75.4245 49.0000 39.7032 42.9565 47.6158
19504.0000 0.0119 75.5143 49.0000 39.4926 43.2191 47.6954
19505.0000 0.0093 75.3109 49.0000 39.5851 43.6517 46.8965
19506.0000 0.0078 75.3545 49.0000 40.1483 43.2979 46.8158
19507.0000 0.0053 75.5235 49.0000 40.6100 43.9296 46.0957
19508.0000 0.0056 75.6011 49.0000 40.4744 44.1811 46.1018
19509.0000 0.0074 76.0750 49.0000 40.3183 44.3492 46.8507
19510.0000 0.0058 76.0814 49.0000 40.6992 44.4079 46.4746
19511.0000 0.0047 75.8666 49.0000 40.7505 44.7798 45.7155
19512.0000 0.0042 75.9843 49.0000 40.9812 44.7463 45.7375
19513.0000 0.0042 75.7653 49.0000 40.8367 44.7576 45.4918
19514.0000 0.0048 75.7217 49.0000 40.5941 45.0038 45.3934
19515.0000 0.0078 75.8965 49.0000 39.8834 44.9313 46.3765
19516.0000 0.0067 75.7759 49.0000 40.1040 44.8392 46.0771
19517.0000 0.0079 75.9575 49.0000 39.9503 44.7120 46.6298
19518.0000 0.0057 75.1308 49.0000 40.5629 43.1830 46.2009
19519.0000 0.0048 75.1319 49.0000 40.8974 43.0433 46.0378
19520.0000 0.0033 75.4248 49.0000 41.6500 43.0275 45.8565
19521.0000 0.0039 75.7468 49.0000 41.2919 43.7595 46.0182
19522.0000 0.0040 75.7643 49.0000 41.3068 43.6807 46.1083
19523.0000 0.0026 76.0526 49.0000 41.7173 44.4267 45.4966
19524.0000 0.0038 75.5736 49.0000 40.9019 44.5845 45.2838
19525.0000 0.0022 75.6452 49.0000 41.6110 44.2607 45.0744
19526.0000 0.0046 75.0955 49.0000 40.5855 43.6785 45.6546
19527.0000 0.0064 75.4295 49.0000 40.2227 43.9557 46.2562
19528.0000 0.0075 75.6829 49.0000 40.0339 44.1905 46.6089
19529.0000 0.0076 75.9958 49.0000 40.1786 44.4022 46.7918
19530.0000 0.0071 75.7528 49.0000 40.4030 43.7586 46.8110
19531.0000 0.0090 75.6727 49.0000 40.5191 42.7746 47.4857
19532.0000 0.0119 75.9875 49.0000 40.0533 43.0017 48.1734
19533.0000 0.0114 75.7956 49.0000 39.5096 43.7658 47.6290
19534.0000 0.0112 75.5309 49.0000 39.4249 43.5835 47.4454
19535.0000 0.0096 75.4078 49.0000 39.5297 43.7908 46.9692
19536.0000 0.0099 75.6253 49.0000 39.4986 44.1104 47.0459
19537.0000 0.0102 74.8196 48.0000 38.8621 43.9889 46.3970
19538.0000 0.0082 76.0656 49.0000 40.2852 43.9862 47.2049
19539.0000 0.0068 75.9781 49.0000 40.8327 43.5024 47.0416
19540.0000 0.0057 75.7397 49.0000 40.9591 43.4143 46.6268
19541.0000 0.0076 75.9386 49.0000 40.8087 43.1864 47.2892
19542.0000 0.0063 76.0378 49.0000 40.5059 44.4932 46.4904
19543.0000 0.0071 76.2103 49.0000 40.4814 44.3409 46.9377
19544.0000 0.0051 76.0791 49.0000 41.0532 44.0642 46.4867
19545.0000 0.0067 75.9497 49.0000 40.7971 43.5656 46.9679
19546.0000 0.0075 75.8473 49.0000 40.8327 43.0611 47.2359
19547.0000 0.0056 75.6564 49.0000 40.8176 43.5643 46.4755
19548.0000 0.0050 75.6551 49.0000 40.7339 44.0435 46.0934
19549.0000 0.0067 75.9694 49.0000 40.5344 44.0610 46.7647
19550.0000 0.0053 76.0302 49.0000 40.7540 44.5613 46.1952
19551.0000 0.0074 76.0866 49.0000 40.2049 44.6039 46.7250
19552.0000 0.0076 75.8903 49.0000 39.9639 44.7889 46.4346
19553.0000 0.0059 75.9053 49.0000 40.6374 44.1786 46.4593
19554.0000 0.0054 76.1811 49.0000 40.7842 44.6544 46.3269
19555.0000 0.0045 75.6906 49.0000 40.9496 43.9383 46.0610
19556.0000 0.0052 76.3428 49.0000 41.0607 44.4164 46.5771
19557.0000 0.0041 76.1372 49.0000 41.2865 44.2797 46.1693
19558.0000 0.0027 75.9676 49.0000 41.8131 43.9426 45.7362
19559.0000 0.0032 76.0529 49.0000 41.6849 43.9410 45.9956
19560.0000 0.0033 76.0181 49.0000 41.7931 43.6639 46.1036
19561.0000 0.0042 76.1961 49.0000 41.8432 43.3649 46.6314
19562.0000 0.0030 76.1593 49.0000 42.3486 43.1771 46.2880
19563.0000 0.0028 75.7960 49.0000 42.2466 42.9502 45.9949
19564.0000 0.0039 75.7392 49.0000 42.1806 42.5144 46.3654
19565.0000 0.0043 75.5780 49.0000 41.5628 42.9028 46.3025
19566.0000 0.0047 76.2818 49.0000 41.9622 43.1196 46.8913
19567.0000 0.0041 76.5251 49.0000 41.9613 43.6870 46.7630
19568.0000 0.0049 77.0348 49.0000 41.7886 44.2825 47.1926
19569.0000 0.0043 77.2412 49.0000 42.2064 44.2370 47.2008
19570.0000 0.0036 77.0726 49.0000 42.0870 44.5457 46.7392
19571.0000 0.0047 76.8958 49.0000 41.5637 44.6281 46.8376
19572.0000 0.0046 77.1464 49.0000 41.8614 44.5243 47.0827
19573.0000 0.0028 76.8735 49.0000 42.2853 44.4339 46.3370
19574.0000 0.0043 77.0030 49.0000 41.8137 44.5536 46.8622
19575.0000 0.0021 77.1355 49.0000 42.6382 44.6776 46.2146
19576.0000 0.0035 77.0647 49.0000 42.3301 44.2002 46.8346
19577.0000 0.0023 76.8099 49.0000 42.2602 44.8398 45.8611
19578.0000 0.0032 77.0114 49.0000 42.1685 44.5753 46.5362
19579.0000 0.0040 76.8612 49.0000 41.6571 44.8403 46.4938
19580.0000 0.0032 77.0379 49.0000 42.1176 44.7305 46.4772
19581.0000 0.0041 77.1051 49.0000 41.9977 44.4827 46.9328
19582.0000 0.0053 77.5402 49.0000 42.1812 44.2372 47.7106
19583.0000 0.0048 77.1144 49.0000 41.8193 44.4381 47.1490
19584.0000 0.0023 76.9502 49.0000 42.6527 44.2621 46.2920
19585.0000 0.0030 77.3095 49.0000 42.5445 44.4867 46.7723
19586.0000 0.0026 76.8880 49.0000 42.6741 43.9332 46.4818
19587.0000 0.0040 76.8771 49.0000 41.8300 44.4692 46.7208
19588.0000 0.0053 76.8254 49.0000 41.4575 44.3826 47.0490
19589.0000 0.0037 75.9750 48.0000 42.0743 42.9923 46.4071
19590.0000 0.0069 77.8412 49.0000 41.2011 45.7933 47.5888
19591.0000 0.0037 75.9063 48.0000 41.9458 43.0565 46.3514
19592.0000 0.0047 77.4058 49.0000 41.6202 45.5335 46.7560
19593.0000 0.0029 76.2016 48.0000 41.9335 43.9301 46.0262
19594.0000 0.0044 77.4603 49.0000 41.6530 45.9900 46.3685
19595.0000 0.0028 76.5928 48.0000 42.3397 43.9185 46.3138
19596.0000 0.0041 76.3504 48.0000 42.2985 43.0301 46.7828
19597.0000 0.0031 76.1707 48.0000 42.1760 43.3743 46.2799
19598.0000 0.0033 75.6946 48.0000 41.5611 43.5160 45.9206
19599.0000 0.0045 76.7219 49.0000 41.2331 45.6367 45.8627
19600.0000 0.0038 76.6152 49.0000 41.4504 45.1931 45.9276
19601.0000 0.0053 76.6086 49.0000 40.9678 45.2215 46.3199
19602.0000 0.0067 76.9758 49.0000 40.6630 45.8708 46.5581
19603.0000 0.0050 75.7816 48.0000 41.5644 42.8761 46.6572
19604.0000 0.0052 76.7148 49.0000 41.1284 44.9919 46.5762
19605.0000 0.0052 76.3433 49.0000 40.9381 44.7616 46.3548
19606.0000 0.0037 76.2385 49.0000 41.4698 44.3647 46.0905
19607.0000 0.0056 75.1776 48.0000 41.1431 42.4094 46.4797
19608.0000 0.0043 76.1267 49.0000 41.4598 43.7969 46.4563
19609.0000 0.0047 76.2252 49.0000 41.2299 44.1421 46.4957
19610.0000 0.0042 76.1515 49.0000 41.6027 43.6743 46.4846
19611.0000 0.0052 76.1859 49.0000 41.4541 43.4585 46.8743
19612.0000 0.0067 75.8427 49.0000 40.5668 43.7694 46.8048
19613.0000 0.0066 76.3596 49.0000 40.5058 44.8832 46.6430
19614.0000 0.0075 75.5693 48.0000 40.7198 42.8331 47.0951
19615.0000 0.0095 76.7170 49.0000 39.9437 45.2933 47.3129
19616.0000 0.0076 76.3418 49.0000 40.1843 45.0737 46.7082
19617.0000 0.0102 75.9121 49.0000 39.8981 43.6693 47.5791
19618.0000 0.0071 75.7960 49.0000 40.2298 44.2094 46.6061
19619.0000 0.0038 75.3015 49.0000 40.8648 43.9987 45.4368
19620.0000 0.0032 74.8034 49.0000 40.7939 43.6606 45.0017
19621.0000 0.0047 74.8345 49.0000 40.4388 43.4711 45.5541
19622.0000 0.0059 75.0402 49.0000 40.1809 43.6463 45.9513
19623.0000 0.0074 75.0196 49.0000 40.1211 43.0379 46.5399
19624.0000 0.0051 74.9523 49.0000 41.0283 42.4659 46.1646
19625.0000 0.0044 74.6382 49.0000 40.6708 42.8658 45.5990
19626.0000 0.0049 74.2874 49.0000 40.3242 42.6991 45.4903
19627.0000 0.0096 74.9368 49.0000 39.9450 42.4511 47.0939
19628.0000 0.0103 74.8296 49.0000 39.6983 42.4406 47.1414
19629.0000 0.0100 74.6884 49.0000 39.4903 42.6551 46.8980
19630.0000 0.0124 74.8223 49.0000 39.1407 42.6433 47.4123
19631.0000 0.0124 74.7432 49.0000 39.2785 42.3540 47.4331
19632.0000 0.0119 74.6169 49.0000 39.0069 42.7088 47.1391
19633.0000 0.0139 74.5055 49.0000 38.8090 42.3160 47.4794
19634.0000 0.0157 74.6105 49.0000 38.7853 42.0511 47.8970
19635.0000 0.0179 75.0568 49.0000 38.9105 41.9509 48.5759
19636.0000 0.0181 75.0224 49.0000 38.8909 41.8972 48.5848
19637.0000 0.0138 74.9532 49.0000 39.1345 42.4651 47.7828
19638.0000 0.0109 74.6587 49.0000 39.1398 42.8751 46.9438
19639.0000 0.0122 74.7206 49.0000 39.0213 42.7648 47.2408
19640.0000 0.0123 74.6285 49.0000 38.7263 43.0775 47.0533
19641.0000 0.0100 74.6676 49.0000 39.0488 43.3835 46.5652
19642.0000 0.0076 75.0580 49.0000 39.9518 43.2952 46.5090
19643.0000 0.0073 74.9458 49.0000 39.6251 43.9455 45.9947
19644.0000 0.0082 75.2272 49.0000 39.8758 43.4321 46.7195
19645.0000 0.0143 75.6628 49.0000 38.8136 43.8234 47.9362
19646.0000 0.0125 75.4113 49.0000 38.7992 44.1196 47.2752
19647.0000 0.0160 75.7166 49.0000 38.3666 44.2145 48.0218
19648.0000 0.0168 75.3764 49.0000 38.0376 44.0617 47.8885
19649.0000 0.0188 75.5225 49.0000 37.6827 44.3676 48.1162
19650.0000 0.0174 75.4580 49.0000 37.7488 44.6453 47.7047
19651.0000 0.0113 75.1179 49.0000 38.6620 44.5247 46.5349
19652.0000 0.0147 74.7875 49.0000 38.4157 43.1235 47.5159
19653.0000 0.0165 74.6256 49.0000 37.6936 43.6728 47.3377
19654.0000 0.0189 74.7708 49.0000 37.2426 44.0287 47.5933
19655.0000 0.0190 74.8885 49.0000 37.1227 44.4868 47.4459
19656.0000 0.0229 74.8002 49.0000 36.5010 44.3887 47.8789
19657.0000 0.0228 75.1517 49.0000 36.7452 44.4453 48.1891
19658.0000 0.0199 75.1364 49.0000 37.3462 44.0635 48.0535
19659.0000 0.0214 75.3857 49.0000 37.2955 44.0955 48.4524
19660.0000 0.0187 75.3888 49.0000 37.5707 44.4192 47.9463
19661.0000 0.0242 75.8216 49.0000 36.7353 45.1653 48.5750
19662.0000 0.0211 75.5656 49.0000 37.3379 44.4071 48.4154
19663.0000 0.0251 75.7012 49.0000 37.1792 43.7960 49.2980
19664.0000 0.0219 75.3577 49.0000 37.5479 43.4498 48.7960
19665.0000 0.0220 75.6856 49.0000 37.4263 44.1407 48.7768
19666.0000 0.0166 74.9436 49.0000 37.8013 43.9362 47.5101
19667.0000 0.0181 74.7534 49.0000 37.4257 43.8746 47.5647
19668.0000 0.0219 75.2015 49.0000 37.3213 43.6280 48.5694
19669.0000 0.0173 74.9797 49.0000 38.1701 43.0743 48.0584
19670.0000 0.0164 74.8102 49.0000 37.5936 44.2707 47.1529
19671.0000 0.0167 74.5673 49.0000 37.6099 43.6733 47.3120
19672.0000 0.0200 74.7287 49.0000 37.2234 43.6301 47.9084
19673.0000 0.0220 74.9382 49.0000 36.9457 43.9330 48.1731
19674.0000 0.0208 74.7108 49.0000 37.2696 43.2925 48.1502
19675.0000 0.0188 74.8120 49.0000 37.3103 43.9945 47.6367
19676.0000 0.0165 74.7630 49.0000 37.9076 43.4340 47.6026
19677.0000 0.0177 74.8556 49.0000 37.8165 43.3883 47.8615
19678.0000 0.0169 74.6943 49.0000 37.6919 43.6352 47.4819
19679.0000 0.0168 74.4820 49.0000 37.3665 44.0521 47.0183
19680.0000 0.0184 74.8524 49.0000 37.6809 43.4184 47.9362
19681.0000 0.0244 75.2854 49.0000 37.5078 42.8447 49.2483
19682.0000 0.0227 75.5554 49.0000 37.7986 43.1358 49.1853
19683.0000 0.0220 75.6932 49.0000 37.7148 43.6339 49.0218
19684.0000 0.0220 75.6873 49.0000 37.8322 43.4168 49.1148
19685.0000 0.0255 75.9540 49.0000 37.0002 44.3866 49.2933
19686.0000 0.0293 76.1799 49.0000 36.4789 44.7382 49.7108
19687.0000 0.0245 75.7738 49.0000 36.6876 45.0907 48.6058
19688.0000 0.0228 75.3208 49.0000 36.6300 45.0493 47.9795
19689.0000 0.0248 75.3845 49.0000 36.5183 44.7114 48.4782
19690.0000 0.0257 75.3612 49.0000 36.5378 44.3426 48.7651
19691.0000 0.0270 75.5774 49.0000 36.7728 43.8646 49.3518
19692.0000 0.0257 75.2806 49.0000 36.3589 44.5946 48.5439
19693.0000 0.0317 75.2476 49.0000 35.7749 44.0822 49.3874
19694.0000 0.0252 75.0243 49.0000 36.1959 44.7168 48.1551
19695.0000 0.0271 75.3402 49.0000 36.0258 45.0274 48.4853
19696.0000 0.0254 75.3877 49.0000 36.5761 44.3913 48.7330
19697.0000 0.0275 75.3318 49.0000 36.1328 44.6048 48.7824
19698.0000 0.0286 75.5779 49.0000 35.7981 45.5410 48.5441
19699.0000 0.0260 75.4274 49.0000 36.2242 45.0932 48.4118
19700.0000 0.0308 75.9297 49.0000 35.8783 45.1743 49.3695
19701.0000 0.0280 76.0130 49.0000 36.0085 46.0248 48.6115
19702.0000 0.0268 76.0473 49.0000 36.4003 45.4495 48.9137
19703.0000 0.0226 76.1178 49.0000 37.0392 45.5423 48.4553
19704.0000 0.0251 75.8387 49.0000 36.4150 45.7214 48.3220
19705.0000 0.0278 76.3283 49.0000 36.1589 46.3133 48.7198
19706.0000 0.0330 76.6120 49.0000 35.7680 45.9099 49.8231
19707.0000 0.0388 76.5007 49.0000 35.4633 44.8411 50.8330
19708.0000 0.0363 76.4284 49.0000 35.7635 44.7463 50.5968
19709.0000 0.0338 76.4443 49.0000 36.2172 44.5087 50.5075
19710.0000 0.0288 76.7203 49.0000 36.9536 44.7592 50.1702
19711.0000 0.0312 76.6409 49.0000 36.7825 44.3953 50.4968
19712.0000 0.0278 76.2579 49.0000 36.9462 44.3574 49.8263
19713.0000 0.0276 76.3029 49.0000 36.9528 44.4581 49.8006
19714.0000 0.0216 76.1121 49.0000 37.8552 44.0963 49.1482
19715.0000 0.0238 76.1917 49.0000 37.2862 44.6881 49.1720
19716.0000 0.0245 75.9532 49.0000 37.3905 43.9282 49.4079
19717.0000 0.0262 76.1455 49.0000 36.6458 45.2308 49.0856
19718.0000 0.0257 75.9885 49.0000 36.8764 44.6216 49.2270
19719.0000 0.0256 75.9377 49.0000 36.6352 45.1152 48.8776
19720.0000 0.0259 76.4568 49.0000 37.1090 44.8374 49.5800
19721.0000 0.0269 76.4198 49.0000 36.8530 45.0128 49.5550
19722.0000 0.0258 76.4943 49.0000 37.1262 44.9032 49.5654
19723.0000 0.0279 76.4620 49.0000 36.5995 45.3220 49.5262
19724.0000 0.0271 76.5269 49.0000 36.6985 45.4842 49.4042
19725.0000 0.0306 76.9067 49.0000 36.3665 45.7707 49.9716
19726.0000 0.0352 77.1023 49.0000 36.0368 45.4796 50.7713
19727.0000 0.0320 77.1142 49.0000 36.3422 45.7251 50.3493
19728.0000 0.0354 77.1588 49.0000 35.9027 45.7997 50.6642
19729.0000 0.0354 77.1448 49.0000 35.7672 46.0613 50.5014
19730.0000 0.0353 76.9302 49.0000 35.5430 46.2646 50.1452
19731.0000 0.0319 76.6804 49.0000 35.7633 46.4651 49.4152
19732.0000 0.0318 76.4818 49.0000 35.8066 46.0006 49.5107
19733.0000 0.0423 76.5823 49.0000 34.6508 45.7152 50.7375
19734.0000 0.0392 76.2289 49.0000 34.8965 45.4409 50.2813
19735.0000 0.0380 75.9681 49.0000 35.0005 45.1381 50.0866
19736.0000 0.0359 76.0680 49.0000 34.9474 46.0845 49.4088
19737.0000 0.0366 76.1753 49.0000 35.0389 45.7945 49.7778
19738.0000 0.0360 76.1063 49.0000 35.2163 45.4407 49.8710
19739.0000 0.0373 75.9564 49.0000 34.7453 45.9344 49.5195
19740.0000 0.0488 76.3188 49.0000 33.9885 45.1382 51.3019
19741.0000 0.0467 76.2007 49.0000 33.8554 45.7221 50.6936
19742.0000 0.0440 76.1852 49.0000 34.3936 45.2403 50.7404
19743.0000 0.0462 75.6912 49.0000 34.1229 44.5519 50.7929
19744.0000 0.0437 75.4922 49.0000 34.4889 44.1153 50.6303
19745.0000 0.0393 75.0933 49.0000 34.5656 44.3473 49.7749
19746.0000 0.0371 75.0523 49.0000 34.7628 44.4323 49.4993
19747.0000 0.0377 74.9877 49.0000 34.7229 44.2609 49.5827
19748.0000 0.0366 74.6131 49.0000 34.7800 43.8528 49.3397
19749.0000 0.0381 74.5142 49.0000 34.2974 44.3053 49.1232
19750.0000 0.0349 74.4372 49.0000 34.6427 44.2882 48.7784
19751.0000 0.0348 74.4116 49.0000 34.9303 43.6876 49.0750
19752.0000 0.0351 74.6847 49.0000 34.8675 44.1631 49.1089
19753.0000 0.0380 74.6328 49.0000 34.8627 43.4283 49.6854
19754.0000 0.0407 75.0057 49.0000 35.0015 43.1952 50.3481
19755.0000 0.0343 75.2282 49.0000 35.9732 43.1522 50.0310
19756.0000 0.0344 75.1302 49.0000 35.5229 43.7338 49.6994
19757.0000 0.0282 74.6354 49.0000 35.9332 43.7346 48.6471
19758.0000 0.0247 74.6146 49.0000 36.4522 43.6268 48.3247
19759.0000 0.0243 74.5555 49.0000 36.4956 43.5630 48.2582
19760.0000 0.0303 74.4919 49.0000 35.7063 43.4198 48.8756
19761.0000 0.0312 74.5714 49.0000 35.6563 43.4288 49.0252
19762.0000 0.0349 74.4782 49.0000 35.3717 42.9961 49.4689
19763.0000 0.0382 74.7276 49.0000 35.0442 43.2089 49.8910
19764.0000 0.0354 74.8463 49.0000 35.6351 42.9571 49.8678
19765.0000 0.0310 74.4155 49.0000 36.1492 42.4409 49.2917
19766.0000 0.0270 74.6106 49.0000 36.4166 43.1029 48.8131
19767.0000 0.0288 74.4135 49.0000 36.9024 41.7489 49.3215
19768.0000 0.0235 74.1508 49.0000 36.9169 42.4265 48.3267
19769.0000 0.0208 74.2293 49.0000 37.1155 42.8761 47.8964
19770.0000 0.0235 74.2084 49.0000 36.8865 42.5698 48.3124
19771.0000 0.0195 73.9324 49.0000 37.0152 42.9447 47.4514
19772.0000 0.0182 73.6777 49.0000 36.9196 43.1331 46.9562
19773.0000 0.0191 73.8906 49.0000 36.9754 43.0902 47.2850
19774.0000 0.0196 74.2303 49.0000 37.1588 43.1063 47.6572
19775.0000 0.0201 73.9810 49.0000 37.2170 42.5224 47.7487
19776.0000 0.0243 74.0951 49.0000 36.8486 42.2877 48.4149
19777.0000 0.0246 73.8742 49.0000 36.4276 42.5925 48.1280
19778.0000 0.0216 73.6566 49.0000 36.4393 43.0488 47.3736
19779.0000 0.0235 74.1362 49.0000 36.8955 42.4434 48.3059
19780.0000 0.0216 74.3226 49.0000 36.8372 43.2895 47.8841
19781.0000 0.0187 74.1656 49.0000 36.9233 43.7984 47.1052
19782.0000 0.0226 74.3428 49.0000 36.5226 43.6595 47.8206
19783.0000 0.0247 74.8531 49.0000 36.4508 43.9833 48.3714
19784.0000 0.0245 74.8903 49.0000 36.5898 43.8278 48.4651
19785.0000 0.0258 74.9283 49.0000 36.5808 43.5635 48.7680
19786.0000 0.0270 75.6251 49.0000 36.8894 43.7404 49.4480
19787.0000 0.0248 75.1673 49.0000 37.1263 43.2035 49.0431
19788.0000 0.0243 75.3226 49.0000 37.7205 42.5966 49.3577
19789.0000 0.0237 74.8245 49.0000 37.2666 42.7592 48.8011
19790.0000 0.0288 74.8728 49.0000 37.0354 42.1414 49.5824
19791.0000 0.0311 74.8637 49.0000 37.1277 41.6075 49.9492
19792.0000 0.0338 75.1482 49.0000 36.6659 42.1250 50.2827
19793.0000 0.0294 74.9420 49.0000 36.8209 42.4263 49.6037
19794.0000 0.0278 74.8325 49.0000 36.9234 42.4429 49.3474
19795.0000 0.0325 74.9736 49.0000 36.4065 42.4937 49.8988
19796.0000 0.0316 75.0924 49.0000 36.6087 42.5206 49.9065
19797.0000 0.0341 75.1559 49.0000 36.0910 42.9040 50.0509
19798.0000 0.0304 75.2135 49.0000 37.0169 42.3058 49.9703
19799.0000 0.0307 75.5223 49.0000 36.9396 42.7469 50.1178
19800.0000 0.0306 75.4794 49.0000 37.2043 42.3506 50.1937
19801.0000 0.0236 75.0678 49.0000 37.3740 42.9405 48.9334
19802.0000 0.0274 75.3579 49.0000 37.0445 43.0163 49.5593
19803.0000 0.0264 75.4270 49.0000 37.5586 42.5603 49.6710
19804.0000 0.0300 75.8701 49.0000 36.9259 43.3589 50.1274
19805.0000 0.0278 75.7235 49.0000 37.0991 43.3492 49.7851
19806.0000 0.0316 76.0042 49.0000 36.6271 43.6740 50.2760
19807.0000 0.0308 76.2323 49.0000 36.9994 43.5599 50.4474
19808.0000 0.0266 75.9174 49.0000 37.1273 43.8201 49.6469
19809.0000 0.0263 76.0257 49.0000 37.0949 44.1045 49.5848
19810.0000 0.0290 76.0440 49.0000 36.6042 44.3624 49.7474
19811.0000 0.0327 75.8896 49.0000 35.8542 44.6397 49.8097
19812.0000 0.0318 75.8517 49.0000 36.3879 43.8309 50.0825
19813.0000 0.0327 76.2065 49.0000 36.2893 44.3018 50.2780
19814.0000 0.0299 76.1898 49.0000 36.6588 44.2620 50.0189
19815.0000 0.0298 76.1984 49.0000 37.0042 43.7102 50.2624
19816.0000 0.0368 76.4505 49.0000 36.4395 43.5666 51.1742
19817.0000 0.0361 76.0112 49.0000 36.4700 43.0772 50.9117
19818.0000 0.0324 76.1335 49.0000 36.3186 44.2121 50.2250
19819.0000 0.0309 76.1161 49.0000 36.2551 44.6641 49.8432
19820.0000 0.0279 75.6183 49.0000 36.0552 45.1731 48.7599
19821.0000 0.0251 75.6024 49.0000 36.3665 45.3683 48.3210
19822.0000 0.0271 75.7325 49.0000 36.5951 44.4055 49.2378
19823.0000 0.0295 75.7571 49.0000 36.3387 44.2996 49.5600
19824.0000 0.0249 75.6403 49.0000 36.9475 44.1700 49.0444
19825.0000 0.0202 75.5661 49.0000 37.7028 43.9391 48.5601
19826.0000 0.0193 75.5053 49.0000 37.8652 43.7989 48.4657
19827.0000 0.0213 75.2851 49.0000 37.4001 43.7684 48.5120
19828.0000 0.0218 75.4759 49.0000 37.5452 43.6675 48.7865
19829.0000 0.0199 75.2695 49.0000 37.3416 44.3184 48.0311
19830.0000 0.0186 75.1131 49.0000 37.7410 43.6567 48.0799
19831.0000 0.0178 75.6023 49.0000 38.3016 43.5927 48.4600
19832.0000 0.0140 75.4757 49.0000 39.0982 43.1719 48.0010
19833.0000 0.0188 75.6204 49.0000 38.4384 43.1485 48.7765
19834.0000 0.0282 75.7439 49.0000 37.0012 43.4513 49.8000
19835.0000 0.0261 75.3232 49.0000 36.8493 43.5775 49.1601
19836.0000 0.0284 75.5953 49.0000 37.2753 42.7831 49.9480
19837.0000 0.0294 76.0320 49.0000 37.6576 42.6155 50.4648
19838.0000 0.0253 75.7921 49.0000 38.3629 42.1223 49.9845
19839.0000 0.0292 76.3397 49.0000 38.5569 41.8604 50.8804
19840.0000 0.0263 75.7927 49.0000 38.5421 41.7287 50.1773
19841.0000 0.0255 75.6155 49.0000 38.5026 41.6997 49.9638
19842.0000 0.0224 75.3400 49.0000 38.4916 41.9448 49.3471
19843.0000 0.0217 75.3191 49.0000 38.3251 42.2775 49.1607
19844.0000 0.0215 75.3206 49.0000 38.2076 42.4743 49.0847
19845.0000 0.0229 75.4876 49.0000 38.3034 42.2763 49.4363
19846.0000 0.0306 76.3468 49.0000 37.6380 42.8288 50.7730
19847.0000 0.0269 76.3683 49.0000 37.6023 43.6203 50.1543
19848.0000 0.0254 76.6276 49.0000 38.3616 43.1288 50.3992
19849.0000 0.0208 76.3462 49.0000 39.1220 42.6720 49.7725
19850.0000 0.0172 76.3783 49.0000 39.3532 43.1795 49.1985
19851.0000 0.0222 76.4439 49.0000 38.9268 42.7581 50.0012
19852.0000 0.0244 76.8861 49.0000 38.7618 43.1080 50.5043
19853.0000 0.0230 76.9427 49.0000 38.9787 43.1575 50.3812
19854.0000 0.0245 77.0940 49.0000 38.7376 43.3775 50.6091
19855.0000 0.0246 77.1670 49.0000 38.3920 43.9534 50.4865
19856.0000 0.0247 77.3039 49.0000 38.6353 43.7506 50.6861
19857.0000 0.0256 77.7775 49.0000 39.0241 43.6252 51.2182
19858.0000 0.0215 77.4606 49.0000 38.9732 44.1574 50.3126
19859.0000 0.0194 77.1425 49.0000 39.1446 43.9603 49.8614
19860.0000 0.0223 76.9585 49.0000 39.0902 43.1650 50.3125
19861.0000 0.0206 77.1366 49.0000 39.4881 43.2087 50.2369
19862.0000 0.0202 76.9834 49.0000 39.8657 42.6127 50.2128
19863.0000 0.0222 76.8834 49.0000 39.6847 42.3311 50.4407
19864.0000 0.0287 77.0361 49.0000 39.0181 42.1954 51.3000
19865.0000 0.0274 76.7463 49.0000 39.0184 42.0722 50.9656
19866.0000 0.0299 76.5657 49.0000 39.3421 41.1068 51.2322
19867.0000 0.0312 76.6041 49.0000 39.0163 41.3213 51.3659
19868.0000 0.0343 77.3240 49.0000 38.6714 42.0650 52.0967
19869.0000 0.0332 76.9788 49.0000 38.7436 41.7462 51.7872
19870.0000 0.0412 77.3507 49.0000 37.7580 42.1818 52.7082
19871.0000 0.0467 77.6013 49.0000 37.6877 41.8008 53.4256
19872.0000 0.0441 77.6492 49.0000 38.0442 41.7838 53.2554
19873.0000 0.0468 77.7002 49.0000 38.0227 41.5091 53.5592
19874.0000 0.0467 78.2584 49.0000 38.2813 41.8454 53.9247
19875.0000 0.0460 77.6391 49.0000 37.3730 42.3132 53.2981
19876.0000 0.0407 77.7417 49.0000 37.7448 42.7229 52.8569
19877.0000 0.0462 78.0063 49.0000 37.4762 42.5752 53.5525
19878.0000 0.0445 77.6294 49.0000 37.1747 42.7559 53.0688
19879.0000 0.0426 76.9463 49.0000 37.0834 42.3538 52.4568
19880.0000 0.0449 77.0128 49.0000 37.1981 41.9705 52.7802
19881.0000 0.0353 76.8533 49.0000 38.1509 41.9947 51.8400
19882.0000 0.0368 76.8580 49.0000 37.9816 41.9930 51.9725
19883.0000 0.0361 76.7898 49.0000 38.1186 41.8413 51.8936
19884.0000 0.0384 76.8299 49.0000 38.0116 41.6885 52.1539
19885.0000 0.0340 76.7846 49.0000 38.2936 41.9437 51.6740
19886.0000 0.0263 76.9128 49.0000 39.2041 42.2205 50.9514
19887.0000 0.0258 76.9802 49.0000 39.0103 42.6301 50.8608
19888.0000 0.0279 77.1545 49.0000 38.6241 42.9593 51.1418
19889.0000 0.0328 77.6868 49.0000 38.3935 43.0652 52.0246
19890.0000 0.0363 77.5523 49.0000 38.2798 42.4920 52.3778
19891.0000 0.0385 77.7746 49.0000 37.7747 43.0601 52.6099
19892.0000 0.0339 77.5065 49.0000 37.9320 43.2727 51.9220
19893.0000 0.0290 77.1332 49.0000 38.7085 42.6351 51.3169
19894.0000 0.0301 77.0825 49.0000 38.4908 42.6719 51.3739
19895.0000 0.0306 77.2689 49.0000 38.3775 42.9597 51.4987
19896.0000 0.0273 77.0791 49.0000 38.2693 43.4668 50.8653
19897.0000 0.0182 76.9173 49.0000 39.1860 43.8969 49.5359
19898.0000 0.0165 76.8012 49.0000 39.5282 43.6587 49.2937
19899.0000 0.0157 77.0585 49.0000 39.7199 43.9143 49.3140
19900.0000 0.0155 76.6542 49.0000 39.5741 43.6297 49.0530
19901.0000 0.0143 76.1985 49.0000 39.9460 42.8155 48.7581
19902.0000 0.0112 76.2381 49.0000 40.8687 42.4409 48.3815
19903.0000 0.0103 75.9733 49.0000 40.8769 42.3317 48.0525
19904.0000 0.0111 76.1853 49.0000 40.6790 42.6365 48.2860
19905.0000 0.0090 76.1765 49.0000 40.7545 43.1277 47.7695
19906.0000 0.0149 76.2552 49.0000 39.9088 42.7964 48.8939
19907.0000 0.0175 76.9206 49.0000 40.2993 42.5489 49.8231
19908.0000 0.0149 76.5288 49.0000 39.8321 43.2476 48.9868
19909.0000 0.0180 76.9714 49.0000 39.5658 43.4585 49.7042
19910.0000 0.0218 76.8129 49.0000 39.6783 42.3423 50.3287
19911.0000 0.0149 76.7362 49.0000 40.9680 42.0798 49.3900
19912.0000 0.0128 76.7472 49.0000 41.0076 42.5007 49.0121
19913.0000 0.0110 76.3481 49.0000 40.8002 42.7054 48.3801
19914.0000 0.0106 76.5742 49.0000 40.5982 43.3911 48.2971
19915.0000 0.0076 76.3050 49.0000 41.0834 43.2699 47.5639
19916.0000 0.0076 76.4976 49.0000 40.8021 43.9662 47.4768
19917.0000 0.0092 76.9912 49.0000 40.5600 44.4982 47.9838
19918.0000 0.0068 76.7881 49.0000 41.5142 43.5948 47.6706
19919.0000 0.0062 76.6945 49.0000 41.8195 43.2695 47.5492
19920.0000 0.0070 76.8823 49.0000 41.7303 43.3361 47.8692
19921.0000 0.0068 76.7818 49.0000 41.4576 43.6699 47.6408
19922.0000 0.0097 77.0860 49.0000 40.5514 44.4662 48.1725
19923.0000 0.0102 76.9177 49.0000 40.3250 44.4421 48.1158
19924.0000 0.0120 76.9454 49.0000 39.7027 44.9951 48.1635
19925.0000 0.0121 77.2709 49.0000 39.9815 44.9267 48.5165
19926.0000 0.0131 76.8684 49.0000 39.7191 44.4123 48.5664
19927.0000 0.0190 76.7553 49.0000 38.7240 44.2188 49.3611
19928.0000 0.0178 76.8101 49.0000 38.8711 44.3802 49.1856
19929.0000 0.0178 76.8962 49.0000 38.7838 44.6765 49.1209
19930.0000 0.0183 77.3203 49.0000 38.8232 45.0901 49.3768
19931.0000 0.0177 77.1071 49.0000 38.6036 45.4013 48.9284
19932.0000 0.0161 76.6981 49.0000 38.6798 45.1501 48.4556
19933.0000 0.0172 76.1744 49.0000 38.4676 44.3269 48.5584
19934.0000 0.0170 76.2849 49.0000 38.5045 44.5093 48.5356
19935.0000 0.0154 75.9567 49.0000 38.4081 44.7556 47.8661
19936.0000 0.0152 75.6337 49.0000 38.4292 44.2443 47.8132
19937.0000 0.0143 75.5364 49.0000 38.5592 44.1550 47.6369
19938.0000 0.0145 75.6048 49.0000 38.7272 43.8316 47.9069
19939.0000 0.0194 75.5930 49.0000 38.0889 43.5278 48.6711
19940.0000 0.0159 75.1321 49.0000 38.6777 42.8376 48.1022
19941.0000 0.0183 75.0924 49.0000 37.8781 43.4705 48.1086
19942.0000 0.0148 74.6875 49.0000 38.1754 43.3655 47.3317
19943.0000 0.0136 74.5149 49.0000 38.4148 43.0507 47.1530
19944.0000 0.0146 74.6330 49.0000 38.1990 43.2996 47.2869
19945.0000 0.0168 74.7746 49.0000 37.7164 43.7619 47.4721
19946.0000 0.0188 75.1747 49.0000 37.5593 44.0681 47.9431
19947.0000 0.0178 75.1540 49.0000 37.8483 43.7591 47.9664
19948.0000 0.0145 75.0709 49.0000 38.1783 44.1166 47.2417
19949.0000 0.0142 75.2624 49.0000 38.3413 44.1935 47.3425
19950.0000 0.0163 75.1826 49.0000 37.8125 44.4161 47.4327
19951.0000 0.0164 75.0004 49.0000 37.8758 43.9172 47.5580
19952.0000 0.0160 74.7239 49.0000 37.6517 44.1195 47.1113
19953.0000 0.0148 74.4164 49.0000 37.7890 43.7130 46.8932
19954.0000 0.0147 74.5495 49.0000 38.1895 43.1525 47.2974
19955.0000 0.0129 74.5699 49.0000 38.6205 42.9844 47.1326
19956.0000 0.0136 74.4551 49.0000 38.4336 42.9193 47.1631
19957.0000 0.0128 74.4970 49.0000 38.5411 43.0661 47.0075
19958.0000 0.0143 74.2903 49.0000 38.7378 42.0274 47.4567
19959.0000 0.0134 74.2337 49.0000 38.7875 42.1064 47.2569
19960.0000 0.0114 73.9930 49.0000 38.5076 42.8185 46.4618
19961.0000 0.0138 74.0115 49.0000 37.9239 43.1185 46.6934
19962.0000 0.0140 73.9670 49.0000 37.9502 42.9415 46.7645
19963.0000 0.0146 74.2798 49.0000 37.7521 43.6540 46.7611
19964.0000 0.0130 74.3063 49.0000 38.1063 43.5521 46.6105
19965.0000 0.0140 74.5167 49.0000 37.6693 44.7515 46.1636
19966.0000 0.0148 74.8973 49.0000 37.6692 45.2261 46.3168
19967.0000 0.0117 74.6348 49.0000 38.1500 45.1072 45.6100
19968.0000 0.0108 74.2816 49.0000 38.2040 44.5834 45.5032
19969.0000 0.0109 74.5465 49.0000 38.3396 44.6662 45.7405
19970.0000 0.0131 74.8518 49.0000 38.0141 45.0048 46.1767
19971.0000 0.0116 74.5678 49.0000 38.3346 44.1542 46.2734
19972.0000 0.0122 74.2232 49.0000 37.9818 44.1380 46.0250
19973.0000 0.0132 74.4031 49.0000 37.9352 44.0743 46.4133
19974.0000 0.0115 74.1150 49.0000 38.1810 43.7184 46.0863
19975.0000 0.0116 74.3562 49.0000 38.2301 44.0476 46.1206
19976.0000 0.0138 74.7387 49.0000 37.9773 44.3014 46.7010
19977.0000 0.0174 75.0488 49.0000 37.5643 44.3244 47.5035
19978.0000 0.0157 75.0742 49.0000 37.7540 44.6516 47.0852
19979.0000 0.0135 75.0246 49.0000 38.0860 44.8185 46.5773
19980.0000 0.0135 75.1612 49.0000 38.0619 45.3123 46.3388
19981.0000 0.0136 75.1158 49.0000 37.9973 45.4382 46.1947
19982.0000 0.0127 74.6953 49.0000 37.9693 45.2392 45.7289
19983.0000 0.0169 74.6712 49.0000 37.0864 45.7044 45.9510
19984.0000 0.0178 74.5522 49.0000 36.8509 45.6591 45.9923
19985.0000 0.0136 74.2481 49.0000 37.5990 44.6570 45.8787
19986.0000 0.0144 73.7442 49.0000 37.3478 43.8034 46.0934
19987.0000 0.0144 73.7859 49.0000 37.2447 44.2020 45.8625
19988.0000 0.0203 74.1469 49.0000 36.3551 44.6810 46.6870
19989.0000 0.0177 73.9156 49.0000 36.6551 44.5633 46.1956
19990.0000 0.0136 73.5067 49.0000 37.3195 43.8013 45.7377
19991.0000 0.0183 73.7716 49.0000 36.4683 44.5837 46.0934
19992.0000 0.0149 73.6171 49.0000 36.9643 44.7226 45.3101
19993.0000 0.0113 73.8149 49.0000 37.8635 44.3196 45.2853
19994.0000 0.0121 74.1187 49.0000 37.9095 44.2355 45.8222
19995.0000 0.0140 74.0628 49.0000 37.3994 44.6680 45.7312
19996.0000 0.0138 73.9293 49.0000 37.3701 44.5933 45.6120
19997.0000 0.0136 74.0210 49.0000 37.4922 44.4516 45.7985
19998.0000 0.0160 74.2123 49.0000 37.1767 44.4872 46.3276
19999.0000 0.0139 74.1642 49.0000 37.4602 44.8620 45.6559
20000.0000 0.0127 74.2339 49.0000 37.7944 44.5440 45.8048
