# Time(ns) Kappa2 Rg(A) Size L_minor(A) L_mid(A) L_major(A)
# Generated from /data/jychen/MD_projects/curvature_phase/Alpha-Synuclein/martini3001/Martini_alhx/mdrun/M3IDP/W_cluster/alhx_700_re1/TR_Mdvwhole/clus_centered.xtc
# AvgKappa2=0.1295+-0.0340
10000.0000 0.1880 77.6815 48.0000 29.7245 37.7212 61.0573
10001.0000 0.1932 77.9844 48.0000 29.6598 37.6857 61.4951
10002.0000 0.1936 77.8958 48.0000 29.5960 37.6465 61.4376
10003.0000 0.1977 77.8380 48.0000 29.4341 37.4676 61.5513
10004.0000 0.1954 77.7623 48.0000 29.6236 37.3769 61.4198
10005.0000 0.1971 77.9082 48.0000 29.4283 37.5755 61.5771
10006.0000 0.1968 77.8007 48.0000 29.1423 37.7820 61.4508
10007.0000 0.2006 78.0062 48.0000 29.1961 37.6410 61.7714
10008.0000 0.1998 78.1053 48.0000 29.3612 37.6172 61.8328
10009.0000 0.1953 77.9311 48.0000 29.4577 37.6888 61.5228
10010.0000 0.2001 78.2728 48.0000 29.3547 37.7496 61.9669
10011.0000 0.1959 78.0608 48.0000 29.4071 37.8088 61.6376
10012.0000 0.1980 77.8150 48.0000 29.2236 37.6340 61.5210
10013.0000 0.1968 77.9870 48.0000 29.1957 37.8887 61.5957
10014.0000 0.1854 78.2176 48.0000 29.7620 38.3324 61.3420
10015.0000 0.1775 77.9175 48.0000 30.1118 38.2948 60.8106
10016.0000 0.1893 78.3322 48.0000 29.9079 38.0113 61.6165
10017.0000 0.1838 78.1540 48.0000 30.0328 38.1262 61.2575
10018.0000 0.1867 78.2952 48.0000 29.9773 38.0988 61.4816
10019.0000 0.1865 78.2333 48.0000 29.8145 38.2161 61.4091
10020.0000 0.1813 78.0646 48.0000 29.9715 38.2833 61.0751
10021.0000 0.1803 78.1795 48.0000 29.9713 38.4558 61.1139
10022.0000 0.1738 77.9961 48.0000 30.2909 38.4507 60.7239
10023.0000 0.1664 77.8593 48.0000 30.0241 39.1434 60.2363
10024.0000 0.1720 77.8259 48.0000 29.9726 38.7521 60.4714
10025.0000 0.1695 77.8855 48.0000 29.9839 38.9731 60.4005
10026.0000 0.1719 78.1800 48.0000 30.0591 38.9837 60.7358
10027.0000 0.1727 78.1822 48.0000 30.0375 38.9462 60.7734
10028.0000 0.1685 77.9541 48.0000 29.8140 39.2805 60.3739
10029.0000 0.1755 78.2899 48.0000 29.7344 39.1342 60.9400
10030.0000 0.1739 78.2863 48.0000 29.6753 39.3115 60.8500
10031.0000 0.1742 77.9673 48.0000 29.7127 38.9721 60.6402
10032.0000 0.1813 78.1356 48.0000 29.7449 38.5712 61.0956
10033.0000 0.1824 78.0257 48.0000 29.4592 38.6769 61.0267
10034.0000 0.1840 78.0888 48.0000 29.2150 38.8506 61.1144
10035.0000 0.1922 78.4474 48.0000 29.2559 38.5410 61.7468
10036.0000 0.1859 78.0060 48.0000 29.1104 38.7475 61.1241
10037.0000 0.1795 77.7251 48.0000 29.1457 38.9296 60.6317
10038.0000 0.1845 77.8779 48.0000 28.9974 38.8468 60.9512
10039.0000 0.1910 78.0613 48.0000 28.9281 38.6110 61.3671
10040.0000 0.1915 78.1223 48.0000 28.9769 38.5770 61.4431
10041.0000 0.1878 77.8537 48.0000 28.9823 38.6098 61.0779
10042.0000 0.1913 77.8311 48.0000 28.8877 38.4303 61.2070
10043.0000 0.1872 77.9578 48.0000 29.0358 38.6865 61.1367
10044.0000 0.1944 78.3977 48.0000 28.7107 38.8684 61.7344
10045.0000 0.1919 78.3221 48.0000 28.6025 39.0829 61.5530
10046.0000 0.1982 78.4308 48.0000 28.6277 38.7077 61.9158
10047.0000 0.1948 78.3237 48.0000 28.6715 38.8101 61.6954
10048.0000 0.1984 78.3017 48.0000 28.7773 38.4403 61.8495
10049.0000 0.1922 78.2289 48.0000 28.9252 38.6744 61.5417
10050.0000 0.1907 78.2092 48.0000 28.5360 39.1335 61.4080
10051.0000 0.1914 78.4812 48.0000 28.8043 39.0581 61.6772
10052.0000 0.1975 78.4069 48.0000 28.7872 38.5837 61.8890
10053.0000 0.1899 78.4859 48.0000 29.2437 38.7424 61.6755
10054.0000 0.1939 78.5746 48.0000 29.3383 38.4510 61.9254
10055.0000 0.1937 78.6846 48.0000 29.2734 38.6167 61.9926
10056.0000 0.1939 78.8059 48.0000 29.1231 38.8536 62.0694
10057.0000 0.1964 78.6662 48.0000 29.1068 38.5714 62.0760
10058.0000 0.1929 78.5432 48.0000 29.0728 38.7448 61.8275
10059.0000 0.1902 78.3036 48.0000 29.0094 38.7975 61.5196
10060.0000 0.1903 78.5348 48.0000 29.0256 38.9662 61.6998
10061.0000 0.1952 78.4693 48.0000 29.1214 38.4734 61.8802
10062.0000 0.1943 78.5886 48.0000 29.1820 38.5784 61.9377
10063.0000 0.1898 78.4261 48.0000 29.1744 38.7714 61.6140
10064.0000 0.1958 78.8945 48.0000 29.2707 38.6477 62.2408
10065.0000 0.1933 78.6533 48.0000 29.4253 38.4763 61.9683
10066.0000 0.1956 78.6035 48.0000 29.1356 38.5462 61.9986
10067.0000 0.1955 78.4715 48.0000 29.1734 38.4036 61.9020
10068.0000 0.1922 78.6060 48.0000 29.0728 38.8489 61.8420
10069.0000 0.1884 78.5461 48.0000 29.2328 38.9112 61.6511
10070.0000 0.1897 78.2339 48.0000 29.1400 38.6475 61.4635
10071.0000 0.1942 78.1607 48.0000 29.1597 38.2461 61.6121
10072.0000 0.1905 78.0467 48.0000 29.3392 38.2356 61.3884
10073.0000 0.1833 77.8148 48.0000 29.3362 38.5473 60.8985
10074.0000 0.1864 77.9773 48.0000 29.3898 38.4142 61.1641
10075.0000 0.1914 78.0237 48.0000 29.4355 38.0617 61.4211
10076.0000 0.1876 77.9288 48.0000 29.2520 38.4234 61.1625
10077.0000 0.1905 78.0523 48.0000 29.1204 38.4499 61.3659
10078.0000 0.1948 78.1758 48.0000 29.0778 38.2986 61.6373
10079.0000 0.1908 78.0205 48.0000 28.8301 38.6863 61.3139
10080.0000 0.1833 77.6820 48.0000 29.0509 38.7139 60.7600
10081.0000 0.1903 77.9016 48.0000 28.8968 38.5536 61.2148
10082.0000 0.1833 77.6960 48.0000 28.8514 38.9192 60.7418
10083.0000 0.1824 77.8121 48.0000 29.1398 38.8017 60.8279
10084.0000 0.1793 77.6876 48.0000 29.2231 38.8363 60.6062
10085.0000 0.1885 78.3573 48.0000 29.0135 38.9575 61.4849
10086.0000 0.1829 78.1096 48.0000 28.9192 39.2380 61.0342
10087.0000 0.1901 78.4984 48.0000 29.0742 38.9051 61.6691
10088.0000 0.1946 78.7604 48.0000 28.8718 39.0047 62.0343
10089.0000 0.2019 78.9920 48.0000 28.5578 38.9877 62.4832
10090.0000 0.1936 78.7919 48.0000 28.7760 39.1946 61.9990
10091.0000 0.1975 78.7921 48.0000 28.8436 38.8507 62.1841
10092.0000 0.2001 78.7845 48.0000 28.5638 38.9319 62.2529
10093.0000 0.1976 78.9654 48.0000 28.7170 39.1131 62.2979
10094.0000 0.1928 78.6545 48.0000 28.8820 39.0322 61.8777
10095.0000 0.1914 78.6446 48.0000 28.9971 39.0115 61.8244
10096.0000 0.1861 78.3673 48.0000 29.1165 39.0409 61.3960
10097.0000 0.1898 78.1715 48.0000 28.9801 38.7391 61.4022
10098.0000 0.1895 78.3485 48.0000 29.1070 38.7877 61.5368
10099.0000 0.1952 78.3248 48.0000 28.9824 38.4858 61.7547
10100.0000 0.1951 78.2987 48.0000 28.9311 38.5215 61.7233
10101.0000 0.1847 77.8664 48.0000 29.2952 38.5323 60.9937
10102.0000 0.1886 78.2084 48.0000 29.0773 38.7615 61.3890
10103.0000 0.1905 77.7851 48.0000 28.8461 38.4924 61.1290
10104.0000 0.1932 77.8297 48.0000 28.6370 38.5379 61.2553
10105.0000 0.1907 77.7143 48.0000 28.9099 38.3511 61.0977
10106.0000 0.1893 77.6064 48.0000 28.9524 38.3165 60.9620
10107.0000 0.1875 77.5485 48.0000 29.1608 38.1918 60.8671
10108.0000 0.1923 77.8596 48.0000 29.0615 38.2220 61.2913
10109.0000 0.1916 77.8208 48.0000 28.9342 38.3568 61.2180
10110.0000 0.1990 78.0638 48.0000 28.7582 38.2209 61.6935
10111.0000 0.2018 77.8919 48.0000 28.7004 37.9356 61.6792
10112.0000 0.2008 77.8752 48.0000 28.7705 37.9216 61.6341
10113.0000 0.1961 77.4305 48.0000 28.7574 37.8818 61.1020
10114.0000 0.1984 77.9117 48.0000 29.0582 37.8460 61.5916
10115.0000 0.1924 77.7328 48.0000 29.1199 38.0453 61.2125
10116.0000 0.1863 77.3967 48.0000 29.3010 38.0075 60.7218
10117.0000 0.1911 77.4205 48.0000 29.4412 37.5632 60.9603
10118.0000 0.1901 77.2649 48.0000 29.3747 37.5642 60.7940
10119.0000 0.1939 77.4933 48.0000 29.4635 37.4078 61.1374
10120.0000 0.1872 77.4815 48.0000 29.5204 37.8053 60.8497
10121.0000 0.1981 77.6728 48.0000 29.5366 37.2017 61.4548
10122.0000 0.1931 77.4944 48.0000 29.6818 37.2496 61.1296
10123.0000 0.1879 77.1118 48.0000 29.5704 37.3932 60.6100
10124.0000 0.1827 77.1228 48.0000 29.5723 37.7645 60.3924
10125.0000 0.1856 77.1613 48.0000 29.4789 37.6828 60.5381
10126.0000 0.1925 77.4004 48.0000 29.3302 37.5544 60.9936
10127.0000 0.1892 77.5209 48.0000 29.8126 37.4203 60.9953
10128.0000 0.1837 77.3282 48.0000 29.8028 37.6443 60.6164
10129.0000 0.1876 77.4524 48.0000 29.9128 37.3713 60.8892
10130.0000 0.1920 77.4636 48.0000 29.9541 37.0395 61.0855
10131.0000 0.1919 77.3959 48.0000 30.2194 36.7312 61.0551
10132.0000 0.1899 77.6551 48.0000 30.3282 36.9817 61.1790
10133.0000 0.1835 77.4494 48.0000 30.4610 37.1193 60.7676
10134.0000 0.1852 77.6232 48.0000 30.5878 37.0290 60.9804
10135.0000 0.1836 77.3712 48.0000 30.4010 37.1064 60.7057
10136.0000 0.1866 77.6044 48.0000 30.4303 37.0704 61.0100
10137.0000 0.1870 77.6097 48.0000 30.4361 37.0402 61.0322
10138.0000 0.1810 77.2757 48.0000 30.4973 37.1060 60.5359
10139.0000 0.1777 77.3252 48.0000 30.7056 37.1791 60.4488
10140.0000 0.1748 77.3036 48.0000 31.0037 37.0673 60.3376
10141.0000 0.1772 77.2444 48.0000 30.7996 37.0499 60.3771
10142.0000 0.1783 77.3476 48.0000 30.5394 37.3209 60.4744
10143.0000 0.1719 77.3146 48.0000 30.6523 37.6363 60.1789
10144.0000 0.1738 77.6052 48.0000 30.6721 37.7323 60.4819
10145.0000 0.1766 77.4322 48.0000 30.4041 37.6461 60.4493
10146.0000 0.1747 77.2973 48.0000 30.4432 37.6265 60.2689
10147.0000 0.1660 77.2640 48.0000 30.4190 38.2494 59.8448
10148.0000 0.1694 77.2529 48.0000 30.5842 37.8259 60.0152
10149.0000 0.1693 77.4017 48.0000 30.3602 38.1891 60.0905
10150.0000 0.1708 76.9886 48.0000 30.6367 37.4391 59.8912
10151.0000 0.1677 77.0157 48.0000 30.3699 37.9563 59.7362
10152.0000 0.1681 76.8335 48.0000 30.4285 37.7054 59.6305
10153.0000 0.1683 77.1825 48.0000 30.6457 37.7846 59.9191
10154.0000 0.1685 77.0290 48.0000 30.3899 37.8867 59.7872
10155.0000 0.1667 76.9275 48.0000 30.3554 37.9611 59.6267
10156.0000 0.1640 76.9350 48.0000 30.4068 38.1176 59.5102
10157.0000 0.1589 76.9127 48.0000 30.6927 38.1856 59.2907
10158.0000 0.1614 77.1576 48.0000 30.5527 38.3595 59.5682
10159.0000 0.1664 77.4559 48.0000 30.6310 38.1784 60.0297
10160.0000 0.1621 77.1037 48.0000 30.4244 38.3888 59.5452
10161.0000 0.1630 77.0290 48.0000 30.6094 38.0719 59.5573
10162.0000 0.1655 77.0427 48.0000 30.4849 38.0249 59.6687
10163.0000 0.1682 77.1546 48.0000 30.7372 37.6778 59.9036
10164.0000 0.1731 77.4507 48.0000 30.7736 37.5511 60.3449
10165.0000 0.1766 77.7019 48.0000 30.7915 37.5025 60.6879
10166.0000 0.1754 77.6953 48.0000 30.8337 37.5414 60.6340
10167.0000 0.1741 77.5682 48.0000 30.4436 37.9019 60.4439
10168.0000 0.1680 77.2746 48.0000 30.4385 38.0944 59.9474
10169.0000 0.1741 77.4021 48.0000 30.3915 37.8141 60.3119
10170.0000 0.1795 77.7079 48.0000 30.5104 37.5794 60.7900
10171.0000 0.1697 77.3621 48.0000 30.6431 37.8404 60.1165
10172.0000 0.1705 77.2667 48.0000 30.6443 37.6971 60.0833
10173.0000 0.1710 76.9682 48.0000 30.9212 37.1240 59.9149
10174.0000 0.1757 77.0197 48.0000 30.4569 37.2994 60.1097
10175.0000 0.1748 77.3612 48.0000 30.8509 37.2751 60.3618
10176.0000 0.1756 77.3592 48.0000 30.6413 37.4214 60.3754
10177.0000 0.1684 77.2130 48.0000 30.9734 37.4792 59.9817
10178.0000 0.1728 76.9478 48.0000 30.7303 37.1701 59.9582
10179.0000 0.1673 77.1005 48.0000 30.8218 37.6112 59.8323
10180.0000 0.1713 76.8821 48.0000 30.6894 37.2586 59.8399
10181.0000 0.1616 76.6741 48.0000 30.8895 37.5746 59.2698
10182.0000 0.1662 76.9127 48.0000 31.0701 37.2731 59.6734
10183.0000 0.1670 76.8112 48.0000 30.8716 37.3223 59.6150
10184.0000 0.1750 77.1621 48.0000 30.5430 37.3898 60.1924
10185.0000 0.1703 76.9616 48.0000 30.9347 37.1576 59.8786
10186.0000 0.1738 76.9280 48.0000 30.5162 37.2971 59.9634
10187.0000 0.1825 77.1212 48.0000 30.0625 37.2982 60.4382
10188.0000 0.1824 77.1697 48.0000 30.0505 37.3575 60.4693
10189.0000 0.1782 76.8231 48.0000 30.3749 37.0319 60.0649
10190.0000 0.1773 76.9025 48.0000 30.2223 37.3117 60.0703
10191.0000 0.1783 76.7046 48.0000 30.2702 37.0266 59.9695
10192.0000 0.1799 76.9499 48.0000 30.3142 37.0846 60.2251
10193.0000 0.1835 77.3133 48.0000 30.4253 37.0352 60.6633
10194.0000 0.1903 77.8900 48.0000 30.5406 36.9462 61.3930
10195.0000 0.1817 77.5503 48.0000 30.6925 37.1048 60.7886
10196.0000 0.1809 77.0355 48.0000 30.4772 36.9265 60.3493
10197.0000 0.1837 77.2390 48.0000 30.6640 36.7227 60.6385
10198.0000 0.1877 77.3736 48.0000 30.5527 36.6729 60.8959
10199.0000 0.1912 77.7890 48.0000 30.8359 36.5114 61.3774
10200.0000 0.1916 77.9104 48.0000 30.6424 36.7789 61.4685
10201.0000 0.1897 77.8953 48.0000 31.0289 36.5185 61.4107
10202.0000 0.1912 77.8250 48.0000 30.9552 36.4284 61.4124
10203.0000 0.1878 77.5799 48.0000 30.8812 36.5223 61.0828
10204.0000 0.1888 77.5376 48.0000 30.8157 36.4843 61.0850
10205.0000 0.1976 77.8244 48.0000 30.5527 36.3791 61.6420
10206.0000 0.1978 77.5826 48.0000 30.3532 36.3543 61.4501
10207.0000 0.1899 77.3745 48.0000 30.4852 36.5891 60.9811
10208.0000 0.1845 77.2973 48.0000 30.6394 36.7433 60.7127
10209.0000 0.1809 77.1693 48.0000 30.6765 36.8448 60.4691
10210.0000 0.1794 77.1042 48.0000 30.5029 37.0686 60.3369
10211.0000 0.1845 76.9405 48.0000 30.5341 36.5375 60.4361
10212.0000 0.1802 76.8065 48.0000 30.4801 36.7769 60.1471
10213.0000 0.1900 76.9577 48.0000 29.9865 36.7113 60.6266
10214.0000 0.1851 76.8760 48.0000 30.1839 36.7846 60.3800
10215.0000 0.1808 76.8076 48.0000 30.3570 36.8505 60.1657
10216.0000 0.1805 76.9882 48.0000 30.4603 36.9269 60.2972
10217.0000 0.1821 77.0002 48.0000 30.4666 36.8233 60.3727
10218.0000 0.1762 76.7014 48.0000 30.5192 36.9239 59.9025
10219.0000 0.1777 76.7071 48.0000 30.5250 36.8180 59.9720
10220.0000 0.1784 76.7642 48.0000 30.5291 36.8164 60.0439
10221.0000 0.1774 76.5883 48.0000 30.3607 36.8979 59.8543
10222.0000 0.1813 76.8023 48.0000 30.5449 36.6314 60.1975
10223.0000 0.1830 76.6836 48.0000 30.1838 36.7659 60.1463
10224.0000 0.1882 76.9068 48.0000 30.3285 36.4588 60.5442
10225.0000 0.1971 77.4281 48.0000 30.1159 36.5038 61.2831
10226.0000 0.1961 77.3050 48.0000 29.9660 36.6122 61.1363
10227.0000 0.1957 77.0735 48.0000 30.2425 36.1755 60.9676
10228.0000 0.1892 77.0196 48.0000 30.4630 36.3534 60.6833
10229.0000 0.1946 76.8628 48.0000 30.1495 36.1571 60.7583
10230.0000 0.1936 76.6360 48.0000 30.2636 35.9208 60.5548
10231.0000 0.1841 76.3890 48.0000 30.3316 36.2901 59.9859
10232.0000 0.1865 76.4180 48.0000 30.1355 36.3424 60.0899
10233.0000 0.1916 76.7947 48.0000 30.0528 36.3975 60.5763
10234.0000 0.1854 76.5833 48.0000 30.2930 36.4051 60.1831
10235.0000 0.1844 76.4763 48.0000 30.2072 36.4660 60.0531
10236.0000 0.1805 76.6534 48.0000 30.1418 36.9497 60.0162
10237.0000 0.1819 76.8013 48.0000 30.1517 36.9722 60.1861
10238.0000 0.1841 76.9137 48.0000 30.1868 36.8864 60.3645
10239.0000 0.1846 76.6822 48.0000 29.8940 36.9368 60.1846
10240.0000 0.1895 77.0251 48.0000 29.4240 37.3517 60.5966
10241.0000 0.1889 76.9895 48.0000 29.4553 37.3290 60.5501
10242.0000 0.1905 76.8108 48.0000 29.1636 37.3498 60.4514
10243.0000 0.1825 76.4903 48.0000 29.3707 37.4269 59.8945
10244.0000 0.1843 76.5683 48.0000 29.0812 37.6532 59.9935
10245.0000 0.1880 76.5363 48.0000 29.1264 37.3259 60.1351
10246.0000 0.1880 76.7079 48.0000 29.4266 37.1819 60.2967
10247.0000 0.1931 76.9899 48.0000 29.4810 37.0204 60.7273
10248.0000 0.1873 76.7287 48.0000 29.1235 37.5385 60.2493
10249.0000 0.1849 76.6742 48.0000 29.2756 37.5092 60.1243
10250.0000 0.1848 76.8376 48.0000 29.1800 37.7552 60.2253
10251.0000 0.1896 76.8766 48.0000 29.1736 37.4581 60.4632
10252.0000 0.1900 76.7851 48.0000 29.2747 37.2574 60.4221
10253.0000 0.1907 76.7769 48.0000 28.9658 37.4967 60.4125
10254.0000 0.1857 76.7711 48.0000 29.1683 37.6425 60.2167
10255.0000 0.1801 76.7017 48.0000 29.3533 37.7988 59.9399
10256.0000 0.1797 76.6978 48.0000 29.2115 37.9609 59.9017
10257.0000 0.1795 76.8226 48.0000 29.3214 37.9775 59.9974
10258.0000 0.1745 76.7808 48.0000 29.3371 38.2803 59.7432
10259.0000 0.1745 76.7973 48.0000 29.4638 38.1661 59.7750
10260.0000 0.1717 76.9407 48.0000 29.6965 38.2659 59.7804
10261.0000 0.1796 77.0763 48.0000 29.4489 38.0598 60.2077
10262.0000 0.1775 76.9284 48.0000 29.3865 38.1466 59.9937
10263.0000 0.1827 77.2144 48.0000 29.2867 38.1194 60.4256
10264.0000 0.1823 77.0751 48.0000 29.4827 37.8400 60.3281
10265.0000 0.1794 76.8925 48.0000 29.5543 37.8142 60.0757
10266.0000 0.1804 76.9324 48.0000 29.5251 37.8082 60.1448
10267.0000 0.1813 76.9768 48.0000 29.3587 37.9456 60.1965
10268.0000 0.1847 76.9754 48.0000 29.3359 37.7287 60.3420
10269.0000 0.1844 77.0920 48.0000 29.4057 37.7772 60.4266
10270.0000 0.1907 77.2288 48.0000 29.2438 37.6164 60.7790
10271.0000 0.1871 77.2815 48.0000 29.3589 37.7997 60.6767
10272.0000 0.1896 77.2789 48.0000 29.2439 37.7370 60.7680
10273.0000 0.1911 77.5528 48.0000 29.3011 37.8067 61.0454
10274.0000 0.1843 77.1676 48.0000 29.5017 37.7611 60.4863
10275.0000 0.1808 77.2213 48.0000 29.9780 37.5847 60.4305
10276.0000 0.1769 77.2386 48.0000 30.3073 37.5499 60.3098
10277.0000 0.1727 76.8038 48.0000 30.2105 37.5642 59.7920
10278.0000 0.1682 76.6686 48.0000 30.2782 37.7008 59.4974
10279.0000 0.1714 76.9259 48.0000 30.0956 37.8778 59.8091
10280.0000 0.1686 76.5412 48.0000 29.7336 38.1032 59.3516
10281.0000 0.1775 76.9224 48.0000 30.0867 37.4492 60.0783
10282.0000 0.1667 76.7994 48.0000 30.3582 37.8472 59.5325
10283.0000 0.1588 76.5981 48.0000 30.5509 38.0540 59.0407
10284.0000 0.1610 76.7576 48.0000 30.6966 37.8846 59.2807
10285.0000 0.1650 76.6120 48.0000 30.3635 37.7981 59.3190
10286.0000 0.1656 76.8432 48.0000 30.1312 38.1886 59.4863
10287.0000 0.1586 76.6247 48.0000 29.9871 38.6581 58.9718
10288.0000 0.1607 76.6365 48.0000 30.0012 38.5007 59.0828
10289.0000 0.1649 76.9724 48.0000 30.1490 38.3400 59.5469
10290.0000 0.1658 76.9268 48.0000 29.8422 38.5421 59.5121
10291.0000 0.1666 77.0222 48.0000 29.9303 38.4780 59.6326
10292.0000 0.1746 77.1947 48.0000 29.7354 38.2425 60.1027
10293.0000 0.1718 76.9258 48.0000 29.7901 38.1561 59.7849
10294.0000 0.1781 77.3052 48.0000 29.8830 37.9440 60.3602
10295.0000 0.1747 77.3355 48.0000 29.9696 38.1273 60.2404
10296.0000 0.1737 77.2104 48.0000 30.2533 37.8085 60.1390
10297.0000 0.1711 77.0228 48.0000 30.2927 37.7922 59.8884
10298.0000 0.1724 77.0319 48.0000 30.4870 37.5166 59.9747
10299.0000 0.1675 77.0659 48.0000 30.7596 37.6222 59.8128
10300.0000 0.1722 77.4225 48.0000 30.7539 37.6042 60.2858
10301.0000 0.1784 77.6542 48.0000 30.4935 37.6218 60.7036
10302.0000 0.1796 77.9667 48.0000 30.6065 37.7019 60.9969
10303.0000 0.1816 77.9729 48.0000 30.8233 37.3483 61.1130
10304.0000 0.1772 77.8129 48.0000 30.8108 37.5336 60.8011
10305.0000 0.1736 77.9303 48.0000 31.0076 37.7044 60.7456
10306.0000 0.1772 78.0253 48.0000 30.7875 37.7443 60.9545
10307.0000 0.1733 78.1327 48.0000 30.8457 38.0586 60.8671
10308.0000 0.1740 78.2630 48.0000 30.6576 38.3114 60.9708
10309.0000 0.1733 78.0196 48.0000 30.5608 38.2420 60.7507
10310.0000 0.1759 78.2392 48.0000 30.7077 38.1030 61.0457
10311.0000 0.1824 78.5878 48.0000 30.8034 37.8486 61.6010
10312.0000 0.1738 78.5398 48.0000 30.9132 38.3159 61.1944
10313.0000 0.1800 78.5240 48.0000 30.6540 38.1089 61.4334
10314.0000 0.1757 78.2951 48.0000 30.5467 38.3211 61.0616
10315.0000 0.1735 78.6037 48.0000 30.8532 38.4549 61.2197
10316.0000 0.1700 78.5147 48.0000 30.9080 38.5756 61.0015
10317.0000 0.1709 78.8419 48.0000 31.1434 38.5648 61.3098
10318.0000 0.1514 82.6795 49.0000 31.8403 42.8320 63.1468
10319.0000 0.1760 78.9524 48.0000 31.0968 38.3330 61.6203
10320.0000 0.1738 78.8169 48.0000 30.9952 38.4740 61.4098
10321.0000 0.1782 79.2071 48.0000 31.0769 38.4176 61.9038
10322.0000 0.1726 78.6991 48.0000 31.2414 38.2165 61.2946
10323.0000 0.1604 78.2751 48.0000 31.4524 38.5297 60.4417
10324.0000 0.1595 78.2447 48.0000 31.4877 38.5331 60.3817
10325.0000 0.1529 78.1119 48.0000 31.6814 38.7207 59.9872
10326.0000 0.1548 77.9372 48.0000 31.4624 38.6432 59.9252
10327.0000 0.1493 77.8582 48.0000 31.5593 38.8903 59.6109
10328.0000 0.1536 77.8329 48.0000 31.5077 38.5913 59.7991
10329.0000 0.1509 78.0135 48.0000 31.4828 38.9842 59.7927
10330.0000 0.1491 78.1994 48.0000 31.7461 39.0250 59.8697
10331.0000 0.1511 78.3473 48.0000 32.0754 38.6770 60.1129
10332.0000 0.1469 78.0082 48.0000 32.0640 38.6974 59.6631
10333.0000 0.1530 78.2241 48.0000 32.0840 38.4054 60.1220
10334.0000 0.1503 78.2147 48.0000 32.1517 38.5408 59.9867
10335.0000 0.1474 78.4012 48.0000 32.5265 38.5475 60.0238
10336.0000 0.1463 78.6375 48.0000 32.0886 39.2998 60.0808
10337.0000 0.1499 78.5167 48.0000 31.9311 39.0676 60.1581
10338.0000 0.1518 78.6342 48.0000 31.9055 39.0560 60.3325
10339.0000 0.1554 79.0534 48.0000 31.9504 39.1081 60.8208
10340.0000 0.1582 79.2697 48.0000 31.9428 39.0984 61.1118
10341.0000 0.1567 79.1477 48.0000 31.7541 39.2909 60.9283
10342.0000 0.1517 79.0999 48.0000 31.8639 39.5218 60.6590
10343.0000 0.1552 79.1208 48.0000 31.8089 39.3258 60.8423
10344.0000 0.1668 79.3608 48.0000 31.6887 38.7879 61.5585
10345.0000 0.1653 79.4217 48.0000 31.3836 39.2576 61.4957
10346.0000 0.1653 79.3594 48.0000 31.4283 39.1544 61.4582
10347.0000 0.1682 79.4878 48.0000 31.3957 39.0838 61.6853
10348.0000 0.1627 79.3564 48.0000 31.1994 39.5767 61.3003
10349.0000 0.1667 79.4311 48.0000 31.3387 39.2021 61.5660
10350.0000 0.1645 79.1579 48.0000 31.5065 38.9548 61.2848
10351.0000 0.1711 79.2806 48.0000 31.3913 38.6881 61.6704
10352.0000 0.1698 79.1423 48.0000 31.5741 38.4800 61.5294
10353.0000 0.1684 79.1005 48.0000 31.4824 38.6408 61.4218
10354.0000 0.1586 78.8032 48.0000 31.7873 38.8017 60.7779
10355.0000 0.1618 78.8980 48.0000 31.6601 38.7793 60.9811
10356.0000 0.1699 79.0641 48.0000 31.5279 38.4492 61.4719
10357.0000 0.1693 79.0303 48.0000 31.4907 38.5044 61.4128
10358.0000 0.1739 79.0671 48.0000 31.4342 38.2552 61.6444
10359.0000 0.1711 78.9516 48.0000 31.5499 38.2419 61.4453
10360.0000 0.1732 79.0844 48.0000 31.6883 38.0666 61.6532
10361.0000 0.1756 79.3398 48.0000 31.6479 38.1552 61.9468
10362.0000 0.1797 79.5310 48.0000 31.6886 37.9915 62.2709
10363.0000 0.1832 79.5220 48.0000 31.6308 37.7830 62.4154
10364.0000 0.1793 79.1176 48.0000 31.6410 37.7012 61.9440
10365.0000 0.1760 79.0330 48.0000 31.9355 37.5787 61.7591
10366.0000 0.1759 79.1843 48.0000 31.9554 37.6995 61.8688
10367.0000 0.1690 78.9569 48.0000 31.9984 37.9600 61.3949
10368.0000 0.1777 79.1618 48.0000 31.6551 37.8460 61.9049
10369.0000 0.1802 79.1752 48.0000 31.6861 37.6482 62.0268
10370.0000 0.1748 78.8012 48.0000 31.4068 37.9808 61.4874
10371.0000 0.1706 78.4846 48.0000 31.6807 37.7374 61.0905
10372.0000 0.1753 78.5302 48.0000 31.2719 37.8456 61.2926
10373.0000 0.1695 77.8745 48.0000 31.1711 37.7868 60.5390
10374.0000 0.1705 77.7718 48.0000 31.0125 37.7830 60.4907
10375.0000 0.1453 80.9302 49.0000 33.0464 40.4976 61.7866
10376.0000 0.1584 80.9676 49.0000 32.6721 39.8728 62.4375
10377.0000 0.1614 81.1470 49.0000 33.0926 39.3817 62.7598
10378.0000 0.1588 81.2195 49.0000 33.1629 39.5768 62.6938
10379.0000 0.1678 78.2348 48.0000 32.4498 36.9575 60.8428
10380.0000 0.1600 81.2402 49.0000 33.5931 39.0745 62.8065
10381.0000 0.1154 82.9690 50.0000 37.6651 40.1921 62.0466
10382.0000 0.1147 79.9004 49.0000 36.8522 38.1785 59.7360
10383.0000 0.1469 81.1546 49.0000 34.2119 39.3920 62.1602
10384.0000 0.1187 83.2495 50.0000 37.5894 40.2494 62.4300
10385.0000 0.1095 83.2476 50.0000 38.3013 40.3393 61.9348
10386.0000 0.1402 80.6180 49.0000 33.6676 39.9917 61.3712
10387.0000 0.1175 83.3095 50.0000 37.8104 40.1837 62.4190
10388.0000 0.1493 80.9751 49.0000 33.3100 39.9527 62.0579
10389.0000 0.1478 80.7695 49.0000 33.6356 39.5551 61.8688
10390.0000 0.1578 81.1883 49.0000 33.4741 39.3149 62.6527
10391.0000 0.1567 81.3230 49.0000 33.5028 39.4926 62.7003
10392.0000 0.1603 81.3290 49.0000 33.6519 39.0725 62.8911
10393.0000 0.1621 81.6462 49.0000 33.5466 39.3207 63.2029
10394.0000 0.1567 77.6743 48.0000 32.7681 36.9474 59.9536
10395.0000 0.1516 81.3272 49.0000 33.7191 39.6758 62.4738
10396.0000 0.1605 81.7282 49.0000 33.8224 39.2431 63.2101
10397.0000 0.1616 78.1049 48.0000 32.5671 37.1772 60.4782
10398.0000 0.1568 78.4606 48.0000 33.0302 37.3848 60.5595
10399.0000 0.1599 78.4613 48.0000 33.1783 37.0098 60.7096
10400.0000 0.1518 78.4174 48.0000 33.3359 37.4096 60.3202
10401.0000 0.1604 78.8586 48.0000 33.0096 37.4926 61.0192
10402.0000 0.1628 78.6258 48.0000 32.8923 37.2247 60.9462
10403.0000 0.1628 78.5408 48.0000 33.0061 37.0349 60.8906
10404.0000 0.1688 78.9423 48.0000 32.9317 37.0324 61.4491
10405.0000 0.1646 79.0438 48.0000 32.9250 37.4320 61.3410
10406.0000 0.1604 78.7037 48.0000 33.0367 37.3266 60.9063
10407.0000 0.1575 78.6633 48.0000 32.9772 37.5705 60.7362
10408.0000 0.1592 78.5014 48.0000 32.5088 37.7651 60.6585
10409.0000 0.1566 78.3225 48.0000 32.4000 37.9069 60.3964
10410.0000 0.1601 78.2962 48.0000 32.4016 37.6186 60.5415
10411.0000 0.1589 78.5029 48.0000 32.8178 37.4799 60.6709
10412.0000 0.1593 78.4603 48.0000 32.4730 37.7602 60.6275
10413.0000 0.1592 78.2801 48.0000 32.6134 37.4634 60.5031
10414.0000 0.1585 77.7065 48.0000 31.9215 37.6901 59.9899
10415.0000 0.1586 77.3721 48.0000 31.6869 37.6188 59.7262
10416.0000 0.1612 77.8296 48.0000 32.1399 37.3886 60.2210
10417.0000 0.1526 77.5708 48.0000 32.4142 37.5167 59.6578
10418.0000 0.1654 77.8838 48.0000 31.8612 37.4040 60.4292
10419.0000 0.1611 77.9450 48.0000 31.8048 37.8320 60.2712
10420.0000 0.1645 77.8915 48.0000 31.8429 37.4955 60.3921
10421.0000 0.1600 77.9230 48.0000 32.2002 37.5006 60.2399
10422.0000 0.1662 78.1878 48.0000 32.1639 37.3166 60.7147
10423.0000 0.1328 80.7464 49.0000 36.9753 37.3587 61.2954
10424.0000 0.1573 77.8637 48.0000 32.3484 37.4968 60.0860
10425.0000 0.1345 80.6014 49.0000 36.5063 37.5564 61.2649
10426.0000 0.1329 80.5050 49.0000 36.8151 37.2879 61.1172
10427.0000 0.1648 77.8799 48.0000 31.7020 37.6073 60.3817
10428.0000 0.1392 80.6870 49.0000 36.5393 37.2296 61.5567
10429.0000 0.1375 80.8538 49.0000 36.7055 37.3517 61.6027
10430.0000 0.1446 80.8904 49.0000 36.6705 36.8617 61.9657
10431.0000 0.1399 80.5628 49.0000 36.3255 37.2750 61.4930
10432.0000 0.1461 80.6358 49.0000 36.1434 37.0409 61.8365
10433.0000 0.1444 80.4753 49.0000 36.0792 37.0917 61.6342
10434.0000 0.1415 80.1114 49.0000 36.1637 36.9002 61.2242
10435.0000 0.1647 77.2708 48.0000 31.8820 36.8929 59.9436
10436.0000 0.1636 77.3199 48.0000 32.1067 36.7885 59.9511
10437.0000 0.1407 80.0872 49.0000 35.6813 37.4241 61.1576
10438.0000 0.1676 77.2747 48.0000 31.5067 37.0585 60.0447
10439.0000 0.1446 79.5899 49.0000 35.3355 37.0112 60.9600
10440.0000 0.1529 79.6707 49.0000 35.1300 36.6630 61.3933
10441.0000 0.1460 79.3166 49.0000 35.1425 36.8512 60.8121
10442.0000 0.1437 79.1485 49.0000 34.8683 37.1511 60.5680
10443.0000 0.1686 77.4340 48.0000 32.1359 36.5034 60.2562
10444.0000 0.1405 79.1061 49.0000 35.1464 37.0794 60.3956
10445.0000 0.1387 78.6841 49.0000 35.0404 36.9419 59.9888
10446.0000 0.1403 78.8139 49.0000 35.0603 36.9137 60.1647
10447.0000 0.1510 79.1100 49.0000 34.9138 36.5173 60.8762
10448.0000 0.1790 77.4648 48.0000 31.8403 36.0876 60.7015
10449.0000 0.1749 77.3808 48.0000 31.8902 36.2524 60.4695
10450.0000 0.1535 79.2186 49.0000 34.0664 37.2750 61.0380
10451.0000 0.1586 78.9032 49.0000 33.2711 37.4036 60.9895
10452.0000 0.1506 78.7693 49.0000 33.6983 37.4594 60.5460
10453.0000 0.1510 78.6548 49.0000 33.6232 37.3957 60.4784
10454.0000 0.1846 77.2109 48.0000 31.2922 36.0223 60.7019
10455.0000 0.1547 79.0043 49.0000 33.2747 37.7823 60.8849
10456.0000 0.1538 78.6370 49.0000 33.4916 37.3053 60.5839
10457.0000 0.1765 77.3064 48.0000 32.2032 35.7662 60.4981
10458.0000 0.1575 78.8828 49.0000 33.2571 37.4854 60.9205
10459.0000 0.1621 78.6369 49.0000 33.3610 36.8223 60.9501
10460.0000 0.1603 78.6753 49.0000 33.2451 37.0993 60.8950
10461.0000 0.1521 78.4355 49.0000 33.4634 37.2779 60.3547
10462.0000 0.1524 78.4022 49.0000 33.4988 37.1921 60.3448
10463.0000 0.1510 78.2759 49.0000 33.2965 37.3877 60.1715
10464.0000 0.1758 77.4969 48.0000 32.0916 36.0885 60.6095
10465.0000 0.1656 77.2712 48.0000 32.1705 36.5379 60.0073
10466.0000 0.1754 77.6852 48.0000 31.8754 36.4972 60.7199
10467.0000 0.1748 77.5881 48.0000 32.3186 36.0179 60.6477
10468.0000 0.1696 77.7383 48.0000 32.1460 36.6901 60.5287
10469.0000 0.1646 76.9167 48.0000 32.4970 35.9659 59.7208
10470.0000 0.1427 78.4308 49.0000 33.4525 38.0009 59.9020
10471.0000 0.1443 78.5546 49.0000 32.9292 38.5252 60.0191
10472.0000 0.1662 77.3970 48.0000 31.8979 36.8755 60.1084
10473.0000 0.1573 78.7810 49.0000 32.9772 37.6899 60.8146
10474.0000 0.1546 78.3661 49.0000 33.2704 37.2203 60.4067
10475.0000 0.1790 77.4147 48.0000 31.8997 35.9890 60.6650
10476.0000 0.1685 78.4724 49.0000 32.8122 36.7571 61.0753
10477.0000 0.1652 78.2235 49.0000 32.8175 36.7708 60.7440
10478.0000 0.1605 78.1735 49.0000 33.0817 36.8031 60.5164
10479.0000 0.1543 78.2032 49.0000 33.2070 37.1630 60.2657
10480.0000 0.1618 78.6337 49.0000 33.0829 37.1138 60.9208
10481.0000 0.1643 78.3540 49.0000 33.1485 36.6161 60.8258
10482.0000 0.1647 78.2184 49.0000 33.0970 36.5197 60.7372
10483.0000 0.1625 78.0903 49.0000 33.0165 36.6497 60.5376
10484.0000 0.1599 78.4794 49.0000 33.5011 36.6996 60.7440
10485.0000 0.1585 78.5829 49.0000 33.5227 36.8764 60.7588
10486.0000 0.1632 78.5521 49.0000 33.4547 36.5695 60.9417
10487.0000 0.1642 78.6304 49.0000 33.2708 36.7475 61.0362
10488.0000 0.1608 78.1066 49.0000 33.4489 36.3505 60.5017
10489.0000 0.1616 77.9063 49.0000 33.2313 36.3371 60.3714
10490.0000 0.1582 78.1540 49.0000 33.1649 36.8678 60.4061
10491.0000 0.1595 78.2210 49.0000 33.1570 36.8457 60.5107
10492.0000 0.1643 78.5647 49.0000 33.1735 36.7833 60.9830
10493.0000 0.1628 78.5949 49.0000 33.1585 36.9307 60.9409
10494.0000 0.1632 78.7396 49.0000 33.7293 36.4656 61.0943
10495.0000 0.1562 78.5471 49.0000 33.7289 36.8069 60.6404
10496.0000 0.1533 78.3267 49.0000 33.5626 36.9874 60.3370
10497.0000 0.1573 78.3446 49.0000 33.3460 36.9274 60.5168
10498.0000 0.1569 78.4359 49.0000 33.5592 36.8254 60.5794
10499.0000 0.1610 78.9526 49.0000 33.9284 36.6172 61.1682
10500.0000 0.1566 78.5474 49.0000 33.9888 36.5199 60.6692
10501.0000 0.1538 78.6718 49.0000 34.0588 36.7681 60.6413
10502.0000 0.1527 78.2806 49.0000 33.9338 36.6224 60.2922
10503.0000 0.1554 78.3508 49.0000 34.2076 36.2073 60.4791
10504.0000 0.1544 78.3935 49.0000 34.4723 36.0572 60.4738
10505.0000 0.1652 78.9041 49.0000 34.0392 36.1544 61.3192
10506.0000 0.1659 79.1242 49.0000 34.0849 36.2533 61.5187
10507.0000 0.1724 79.5808 49.0000 33.7428 36.5262 62.1318
10508.0000 0.1739 79.2561 49.0000 33.5969 36.2758 61.9423
10509.0000 0.1779 79.1467 49.0000 33.6404 35.8501 62.0265
10510.0000 0.1772 79.1889 49.0000 34.1026 35.4757 62.0432
10511.0000 0.1742 79.3515 49.0000 34.3120 35.6270 62.0489
10512.0000 0.1759 79.2384 49.0000 34.1378 35.5760 62.0297
10513.0000 0.1694 79.2079 49.0000 34.4459 35.7132 61.7409
10514.0000 0.1684 79.1110 49.0000 34.3259 35.8162 61.6237
10515.0000 0.1693 79.3598 49.0000 34.3159 35.9813 61.8526
10516.0000 0.1685 79.2049 49.0000 34.2794 35.9379 61.6993
10517.0000 0.1671 79.1820 49.0000 34.2466 36.0563 61.6190
10518.0000 0.1639 78.7646 49.0000 34.4244 35.7427 61.1660
10519.0000 0.1597 78.5800 49.0000 34.3168 35.9870 60.8450
10520.0000 0.1621 78.3701 49.0000 34.3272 35.6179 60.7855
10521.0000 0.1670 78.7403 49.0000 34.7344 35.1845 61.2831
10522.0000 0.1608 78.3555 49.0000 34.7466 35.2766 60.7275
10523.0000 0.1654 78.5557 49.0000 34.2990 35.5702 61.0684
10524.0000 0.1618 78.5816 49.0000 34.1288 36.0253 60.9301
10525.0000 0.1632 78.8723 49.0000 34.2286 36.0787 61.2174
10526.0000 0.1641 78.9774 49.0000 34.3681 35.9720 61.3375
10527.0000 0.1647 79.0573 49.0000 34.2629 36.1033 61.4220
10528.0000 0.1616 78.9007 49.0000 34.4190 36.0377 61.1713
10529.0000 0.1636 78.9667 49.0000 34.3423 36.0231 61.3080
10530.0000 0.1606 78.2083 49.0000 34.1659 35.7450 60.5931
10531.0000 0.1678 78.5723 49.0000 33.8165 35.8930 61.1698
10532.0000 0.1644 78.1970 49.0000 33.4464 36.1757 60.7242
10533.0000 0.1658 78.0682 49.0000 33.6196 35.7895 60.6917
10534.0000 0.1631 78.3077 49.0000 33.8710 35.9461 60.7678
10535.0000 0.1573 78.1128 49.0000 33.7836 36.2806 60.3655
10536.0000 0.1616 78.4026 49.0000 34.0093 35.9962 60.7833
10537.0000 0.1671 78.5306 49.0000 33.5984 36.1243 61.1002
10538.0000 0.1654 78.6221 49.0000 33.2682 36.6549 61.0825
10539.0000 0.1645 78.4615 49.0000 33.3156 36.5314 60.9240
10540.0000 0.1655 78.4691 49.0000 33.4304 36.3540 60.9770
10541.0000 0.1660 78.4401 49.0000 33.2702 36.4485 60.9709
10542.0000 0.1676 78.5860 49.0000 33.2922 36.4391 61.1521
10543.0000 0.1659 78.6967 49.0000 33.4871 36.4727 61.1679
10544.0000 0.1794 78.9794 49.0000 32.7334 36.4989 61.9201
10545.0000 0.1775 78.7200 49.0000 32.5900 36.5457 61.6372
10546.0000 0.1837 79.1162 49.0000 32.4789 36.5670 62.1880
10547.0000 0.1810 79.0715 49.0000 32.4040 36.7881 62.0396
10548.0000 0.1919 79.0536 49.0000 32.3385 36.0742 62.4687
10549.0000 0.1804 78.6896 49.0000 32.4602 36.4457 61.7260
10550.0000 0.1810 78.7861 49.0000 32.7700 36.1768 61.8436
10551.0000 0.1887 79.1129 49.0000 32.5720 36.1153 62.3987
10552.0000 0.1898 78.2450 48.0000 32.2869 35.5738 61.7604
10553.0000 0.1934 78.3287 48.0000 32.0794 35.6012 61.9585
10554.0000 0.1976 78.7652 48.0000 32.4246 35.3484 62.4748
10555.0000 0.1700 79.1636 49.0000 33.0961 36.9769 61.6785
10556.0000 0.1736 79.0891 49.0000 33.2042 36.5440 61.7827
10557.0000 0.1932 78.4605 48.0000 32.1378 35.6760 62.0518
10558.0000 0.1873 78.1054 48.0000 31.9753 35.9340 61.5369
10559.0000 0.1842 78.0643 48.0000 32.3093 35.7855 61.3965
10560.0000 0.1720 79.1236 49.0000 33.0573 36.8299 61.7358
10561.0000 0.1685 78.9436 49.0000 32.9856 37.0008 61.4409
10562.0000 0.1635 78.8406 49.0000 33.4218 36.8387 61.1698
10563.0000 0.1647 78.8103 49.0000 33.2669 36.8741 61.1938
10564.0000 0.1676 78.7194 49.0000 33.3244 36.5298 61.2520
10565.0000 0.1686 78.7492 49.0000 33.4037 36.4018 61.3233
10566.0000 0.1729 78.7862 49.0000 33.4258 36.1068 61.5328
10567.0000 0.1756 79.0799 49.0000 33.4636 36.1311 61.8738
10568.0000 0.1815 79.2467 49.0000 33.1183 36.1988 62.2324
10569.0000 0.1787 79.2178 49.0000 33.3964 36.0973 62.1057
10570.0000 0.1803 79.4202 49.0000 33.4634 36.0937 62.3299
10571.0000 0.1979 78.9942 48.0000 32.7329 35.2199 62.6753
10572.0000 0.1715 79.8248 49.0000 33.7881 36.7608 62.2818
10573.0000 0.1660 79.4962 49.0000 33.8365 36.8222 61.7970
10574.0000 0.1677 79.1870 49.0000 33.8618 36.4027 61.6345
10575.0000 0.1711 79.3193 49.0000 33.5713 36.5572 61.8716
10576.0000 0.1637 78.9865 49.0000 33.7210 36.6528 61.3053
10577.0000 0.1642 79.0931 49.0000 33.7234 36.7091 61.4076
10578.0000 0.1588 78.9550 49.0000 33.6951 37.0169 61.0596
10579.0000 0.1659 79.0908 49.0000 33.7186 36.5893 61.4787
10580.0000 0.1676 79.1704 49.0000 33.9685 36.2847 61.6241
10581.0000 0.1667 79.1552 49.0000 33.8865 36.4184 61.5707
10582.0000 0.1645 78.7981 49.0000 33.5648 36.5862 61.1882
10583.0000 0.1669 79.0134 49.0000 33.5576 36.6079 61.4562
10584.0000 0.1689 79.0070 49.0000 33.4170 36.5965 61.5313
10585.0000 0.1659 78.8774 49.0000 33.1123 37.0039 61.2856
10586.0000 0.1727 79.1404 49.0000 32.8487 37.0042 61.7646
10587.0000 0.1793 78.9655 49.0000 32.5850 36.6413 61.8966
10588.0000 0.1800 78.9987 49.0000 32.5840 36.6166 61.9540
10589.0000 0.1863 78.9999 49.0000 32.4581 36.3041 62.2051
10590.0000 0.1874 79.0665 49.0000 32.5991 36.1441 62.3089
10591.0000 0.1768 78.7938 49.0000 32.9366 36.3196 61.6809
10592.0000 0.1816 79.0314 49.0000 32.6419 36.4795 62.0460
10593.0000 0.1800 78.8003 49.0000 32.7317 36.3033 61.8077
10594.0000 0.1777 78.9843 49.0000 32.5201 36.8325 61.8412
10595.0000 0.1832 78.9235 49.0000 32.4134 36.4972 62.0182
10596.0000 0.1875 79.0533 49.0000 32.4917 36.2300 62.2985
10597.0000 0.1878 79.0636 49.0000 32.1712 36.5349 62.2999
10598.0000 0.1843 79.0918 49.0000 32.2402 36.7369 62.1810
10599.0000 0.1891 79.3743 49.0000 32.0489 36.8274 62.5851
10600.0000 0.1890 79.7195 49.0000 32.2106 36.9747 62.8534
10601.0000 0.1954 79.6172 49.0000 31.8850 36.7586 63.0163
10602.0000 0.1910 79.4354 49.0000 32.1078 36.6892 62.7135
10603.0000 0.1952 79.4318 49.0000 32.2096 36.2967 62.8849
10604.0000 0.1955 79.4400 49.0000 32.3872 36.1096 62.9117
10605.0000 0.1963 79.3428 49.0000 32.1304 36.2209 62.8567
10606.0000 0.1979 79.0837 49.0000 32.2550 35.7667 62.7263
10607.0000 0.2003 78.7937 49.0000 32.4248 35.1912 62.5992
10608.0000 0.2035 78.7834 49.0000 32.3639 35.0259 62.7104
10609.0000 0.2014 78.4174 49.0000 31.9708 35.2402 62.3321
10610.0000 0.2012 78.5335 49.0000 32.1627 35.1648 62.4220
10611.0000 0.2059 78.8374 49.0000 31.8671 35.3986 62.8233
10612.0000 0.1978 78.7525 49.0000 32.1893 35.5606 62.4600
10613.0000 0.2079 79.3861 49.0000 32.2592 35.3361 63.3471
10614.0000 0.2031 79.2482 49.0000 32.2290 35.5811 63.0520
10615.0000 0.2012 79.3911 49.0000 32.4045 35.6546 63.1003
10616.0000 0.1957 78.9648 49.0000 32.2950 35.7786 62.5488
10617.0000 0.2062 79.3951 49.0000 32.3038 35.4185 63.2896
10618.0000 0.2078 79.4834 49.0000 31.9640 35.7185 63.4042
10619.0000 0.2010 79.6548 49.0000 32.1514 36.1426 63.2841
10620.0000 0.2041 79.4283 49.0000 32.4118 35.4809 63.2411
10621.0000 0.2006 79.2461 49.0000 32.5676 35.4132 62.9699
10622.0000 0.1961 79.0538 49.0000 32.3066 35.8191 62.6320
10623.0000 0.2076 79.3953 49.0000 32.2554 35.3734 63.3398
10624.0000 0.2069 79.5282 49.0000 32.4628 35.3247 63.4276
10625.0000 0.2005 79.5264 49.0000 32.8272 35.4060 63.1920
10626.0000 0.2112 79.8798 49.0000 32.6647 35.1316 63.8715
10627.0000 0.2145 80.3065 49.0000 32.9773 34.9603 64.3383
10628.0000 0.2104 80.2632 49.0000 33.3666 34.8208 64.1588
10629.0000 0.2122 80.5436 49.0000 33.3991 34.8995 64.4499
10630.0000 0.2187 80.4948 49.0000 33.0230 34.7901 64.6417
10631.0000 0.2071 80.1164 49.0000 33.7021 34.5890 63.9250
10632.0000 0.2075 80.2316 49.0000 33.7862 34.5755 64.0324
10633.0000 0.2058 80.1602 49.0000 33.8721 34.5412 63.9159
10634.0000 0.1995 79.7041 49.0000 34.0673 34.3969 63.3168
10635.0000 0.2054 79.4486 49.0000 33.4308 34.4064 63.3298
10636.0000 0.2054 79.4251 49.0000 33.4035 34.4122 63.3115
10637.0000 0.2103 79.6116 49.0000 33.4877 34.1535 63.6406
10638.0000 0.2134 80.0594 49.0000 33.2771 34.5268 64.1096
10639.0000 0.2161 79.9181 49.0000 33.4014 34.1053 64.0943
10640.0000 0.2128 79.5870 49.0000 33.5514 33.8972 63.7131
10641.0000 0.2213 79.8655 49.0000 33.4784 33.6307 64.2391
10642.0000 0.2160 79.6466 49.0000 33.4807 33.8030 63.8747
10643.0000 0.2142 79.5846 49.0000 33.4549 33.8972 63.7610
10644.0000 0.2036 79.2728 49.0000 33.5114 34.3008 63.1238
10645.0000 0.2054 79.0398 49.0000 33.4381 34.0494 63.0065
10646.0000 0.2077 79.1785 49.0000 33.5388 33.9127 63.2005
10647.0000 0.1956 78.8278 49.0000 33.5412 34.4341 62.4747
10648.0000 0.2050 79.2062 49.0000 33.2964 34.3599 63.1219
10649.0000 0.2065 79.2108 49.0000 33.5873 33.9727 63.1831
10650.0000 0.2007 79.1018 49.0000 33.6106 34.2489 62.8843
10651.0000 0.2111 79.2326 49.0000 32.9692 34.2939 63.3621
10652.0000 0.2114 79.5780 49.0000 33.0809 34.4550 63.6488
10653.0000 0.2149 79.6946 49.0000 33.1852 34.2134 63.8703
10654.0000 0.2099 79.5543 49.0000 33.4494 34.1681 63.5811
10655.0000 0.2179 80.2488 49.0000 33.4383 34.2242 64.4241
10656.0000 0.2146 80.1923 49.0000 33.7703 34.0689 64.2626
10657.0000 0.2091 80.0105 49.0000 33.5881 34.4723 63.9154
10658.0000 0.1990 79.7868 49.0000 34.1338 34.4330 63.3654
10659.0000 0.1981 79.6347 49.0000 33.8133 34.6871 63.2072
10660.0000 0.2022 79.8579 49.0000 33.7823 34.6244 63.5389
10661.0000 0.1998 79.6864 49.0000 33.6366 34.7869 63.3118
10662.0000 0.2016 79.5488 49.0000 33.4107 34.7673 63.2691
10663.0000 0.2065 79.8464 49.0000 33.5055 34.5909 63.6892
10664.0000 0.2088 80.2683 49.0000 33.7839 34.5141 64.1126
10665.0000 0.2020 79.8066 49.0000 33.8399 34.5331 63.4936
10666.0000 0.2024 79.8040 49.0000 33.6720 34.6737 63.5028
10667.0000 0.2063 80.1239 49.0000 33.8439 34.5078 63.9034
10668.0000 0.2154 80.0932 49.0000 33.5674 34.1365 64.2095
10669.0000 0.2047 80.0176 49.0000 34.0301 34.3439 63.7594
10670.0000 0.2114 79.9518 49.0000 33.4949 34.3622 63.9501
10671.0000 0.2148 80.2058 49.0000 33.2830 34.5540 64.2747
10672.0000 0.2158 79.9894 49.0000 33.5756 34.0116 64.1420
10673.0000 0.2150 80.1906 49.0000 33.4782 34.3342 64.2721
10674.0000 0.2173 79.9980 49.0000 33.2333 34.2544 64.2018
10675.0000 0.2203 80.0857 49.0000 33.1013 34.2574 64.3774
10676.0000 0.2142 80.1890 49.0000 33.1641 34.6980 64.2376
10677.0000 0.2145 80.2748 49.0000 33.5127 34.4016 64.3232
10678.0000 0.2202 80.4127 49.0000 33.2594 34.3813 64.6370
10679.0000 0.2153 80.1368 49.0000 33.3571 34.3850 64.2409
10680.0000 0.2089 80.3256 49.0000 33.6093 34.7357 64.1565
10681.0000 0.2094 80.2991 49.0000 33.5506 34.7365 64.1535
10682.0000 0.2105 80.4054 49.0000 33.8536 34.4463 64.2839
10683.0000 0.2051 80.4441 49.0000 33.9723 34.7355 64.1137
10684.0000 0.1996 80.5049 49.0000 34.4044 34.7408 63.9567
10685.0000 0.1977 80.3186 49.0000 34.1948 34.9172 63.7384
10686.0000 0.1845 80.2061 49.0000 34.7053 35.2434 63.1384
10687.0000 0.1932 80.3784 49.0000 34.4134 35.0682 63.6131
10688.0000 0.1905 80.2131 49.0000 34.4960 35.0342 63.3781
10689.0000 0.1914 80.3685 49.0000 34.6560 34.9443 63.5370
10690.0000 0.1932 80.3542 49.0000 34.6053 34.8587 63.5935
10691.0000 0.1920 80.0905 49.0000 34.2656 35.0549 63.3365
10692.0000 0.2006 80.2295 49.0000 34.2730 34.5629 63.7772
10693.0000 0.1964 80.2192 49.0000 34.4123 34.7080 63.6103
10694.0000 0.1981 80.1697 49.0000 34.2552 34.7073 63.6331
10695.0000 0.1862 79.9655 49.0000 34.1378 35.4828 63.0084
10696.0000 0.1803 79.6045 49.0000 34.5357 35.1893 62.4969
10697.0000 0.1839 79.8684 49.0000 34.4778 35.2238 62.8453
10698.0000 0.1901 79.6608 49.0000 34.1668 34.9115 62.9259
10699.0000 0.1891 80.0132 49.0000 34.1954 35.2601 63.1626
10700.0000 0.1807 79.7926 49.0000 34.3810 35.4820 62.6564
10701.0000 0.1794 79.3649 49.0000 33.9536 35.6231 62.2651
10702.0000 0.1806 79.2379 49.0000 33.9379 35.4408 62.2158
10703.0000 0.1877 79.3518 49.0000 33.4926 35.4867 62.5752
10704.0000 0.1783 78.6015 49.0000 33.1994 35.7868 61.6060
10705.0000 0.1768 78.8494 49.0000 33.5873 35.7234 61.7492
10706.0000 0.1791 78.8254 49.0000 33.4363 35.6883 61.8207
10707.0000 0.1747 78.5071 49.0000 33.4627 35.6915 61.3982
10708.0000 0.1732 78.4531 49.0000 33.6499 35.5651 61.3000
10709.0000 0.1733 78.6224 49.0000 33.9266 35.4363 61.4389
10710.0000 0.1760 78.5870 49.0000 33.6109 35.5218 61.5176
10711.0000 0.1816 78.9044 49.0000 33.4988 35.5211 61.9838
10712.0000 0.1777 78.8542 49.0000 33.4165 35.8279 61.7874
10713.0000 0.1870 79.1010 49.0000 33.1543 35.6485 62.3454
10714.0000 0.1870 79.2817 49.0000 33.3608 35.6004 62.4921
10715.0000 0.1888 79.7950 49.0000 33.4333 35.8466 62.9642
10716.0000 0.1841 79.6861 49.0000 33.5330 35.9889 62.6914
10717.0000 0.1930 79.8395 49.0000 32.8789 36.1375 63.1459
10718.0000 0.1987 79.7554 49.0000 32.6361 35.9138 63.2931
10719.0000 0.1917 79.2133 49.0000 32.7531 35.8179 62.6024
10720.0000 0.1928 79.3513 49.0000 32.4139 36.1925 62.7381
10721.0000 0.1870 79.1576 49.0000 32.6021 36.2454 62.3643
10722.0000 0.1966 79.4614 49.0000 32.1200 36.3101 62.9603
10723.0000 0.1884 79.3552 49.0000 32.5462 36.3746 62.5690
10724.0000 0.1926 79.4618 49.0000 32.4449 36.2738 62.8149
10725.0000 0.1967 79.4801 49.0000 32.1805 36.2629 62.9802
10726.0000 0.2040 79.6721 49.0000 32.1563 35.9501 63.4130
10727.0000 0.1976 79.4914 49.0000 32.0389 36.3462 63.0187
10728.0000 0.2014 79.3262 49.0000 32.2392 35.7492 63.0498
10729.0000 0.2074 79.4630 49.0000 32.3268 35.3734 63.3883
10730.0000 0.2038 79.5033 49.0000 32.5347 35.4446 63.2926
10731.0000 0.2021 79.4509 49.0000 32.5019 35.5529 63.1828
10732.0000 0.1980 79.5304 49.0000 32.6594 35.7459 63.0926
10733.0000 0.2087 79.4734 49.0000 32.3024 35.3131 63.4472
10734.0000 0.1950 78.7403 49.0000 32.2289 35.7028 62.3430
10735.0000 0.1934 78.7379 49.0000 32.3289 35.7097 62.2841
10736.0000 0.2037 78.9507 49.0000 32.1713 35.3415 62.8427
10737.0000 0.2011 78.9183 49.0000 32.1936 35.4669 62.7198
10738.0000 0.1976 78.6110 49.0000 32.4034 35.2401 62.3525
10739.0000 0.1902 78.2995 49.0000 32.3922 35.4925 61.8211
10740.0000 0.1975 78.4932 49.0000 32.2324 35.3138 62.2511
10741.0000 0.2045 78.7470 49.0000 32.3736 34.9177 62.7199
10742.0000 0.2046 78.5768 49.0000 32.2246 34.9114 62.5866
10743.0000 0.2038 78.3897 49.0000 32.1692 34.8583 62.4098
10744.0000 0.2032 78.2190 49.0000 32.0805 34.8419 62.2503
10745.0000 0.2030 78.6978 49.0000 32.3340 35.0154 62.6242
10746.0000 0.2087 79.0343 49.0000 31.9315 35.3106 63.0870
10747.0000 0.2024 78.9190 49.0000 32.4591 35.1193 62.7793
10748.0000 0.1974 78.7062 49.0000 32.5060 35.2308 62.4245
10749.0000 0.2052 78.8131 49.0000 32.2705 35.0281 62.7945
10750.0000 0.2034 78.8263 49.0000 32.4347 35.0007 62.7417
10751.0000 0.1984 78.4853 49.0000 32.4521 35.0323 62.2861
10752.0000 0.1981 78.3592 49.0000 32.5010 34.8932 62.1797
10753.0000 0.2044 78.7301 49.0000 32.0491 35.2250 62.6936
10754.0000 0.2042 78.6998 49.0000 32.1467 35.1168 62.6662
10755.0000 0.2039 78.5207 49.0000 31.9326 35.1989 62.5047
10756.0000 0.2006 78.6615 49.0000 32.2197 35.2565 62.5020
10757.0000 0.2008 78.4467 49.0000 32.6088 34.6772 62.3543
10758.0000 0.2047 78.9620 49.0000 32.4160 35.0436 62.8980
10759.0000 0.2026 78.7931 49.0000 32.4745 34.9822 62.6897
10760.0000 0.2043 78.6740 49.0000 32.4280 34.8161 62.6567
10761.0000 0.1976 78.5982 49.0000 32.5194 35.1139 62.3472
10762.0000 0.1972 78.7657 49.0000 32.9595 34.8475 62.4769
10763.0000 0.1964 78.9049 49.0000 33.0857 34.8975 62.5578
10764.0000 0.2064 78.9244 49.0000 32.4975 34.8178 62.9341
10765.0000 0.2043 78.8880 49.0000 32.7897 34.6381 62.8359
10766.0000 0.2003 78.4445 49.0000 32.8340 34.4873 62.3385
10767.0000 0.1930 78.2461 49.0000 32.9820 34.6689 61.9088
10768.0000 0.1986 78.3644 49.0000 33.0939 34.2792 62.2150
10769.0000 0.1961 78.3737 49.0000 33.2611 34.2862 62.1337
10770.0000 0.1947 78.5223 49.0000 33.4779 34.2972 62.1987
10771.0000 0.1953 78.6746 49.0000 33.2872 34.5758 62.3391
10772.0000 0.1864 78.4668 49.0000 33.2526 35.0472 61.8305
10773.0000 0.1875 78.6939 49.0000 33.4573 34.9597 62.0577
10774.0000 0.1824 78.5632 49.0000 33.3977 35.2621 61.7523
10775.0000 0.1857 78.6899 49.0000 33.4340 35.1075 61.9817
10776.0000 0.1875 78.7044 49.0000 33.3203 35.1067 62.0617
10777.0000 0.1808 78.7381 49.0000 33.3103 35.6156 61.8195
10778.0000 0.1786 78.7249 49.0000 33.2196 35.8517 61.7148
10779.0000 0.1768 78.8737 49.0000 33.6067 35.7249 61.7688
10780.0000 0.1884 79.0295 49.0000 33.4807 35.1675 62.3534
10781.0000 0.1844 78.7117 49.0000 33.5191 35.1359 61.9473
10782.0000 0.1936 78.9792 49.0000 33.7353 34.5079 62.5207
10783.0000 0.1861 78.7797 49.0000 33.9020 34.6892 62.0770
10784.0000 0.1949 78.8698 49.0000 33.5473 34.5148 62.4800
10785.0000 0.1947 79.1877 49.0000 33.5162 34.8300 62.7234
10786.0000 0.1863 79.0846 49.0000 33.9334 34.9129 62.3217
10787.0000 0.1895 79.0984 49.0000 33.5710 35.0593 62.4532
10788.0000 0.1830 78.7401 49.0000 33.9582 34.8153 61.9253
10789.0000 0.1804 78.7737 49.0000 34.1228 34.8660 61.8489
10790.0000 0.1858 78.2198 49.0000 33.5862 34.5437 61.6201
10791.0000 0.1820 78.5436 49.0000 33.9445 34.7311 61.7302
10792.0000 0.2050 77.1186 48.0000 31.8240 34.0439 61.4453
10793.0000 0.1734 78.1858 49.0000 33.6454 35.3232 61.1005
10794.0000 0.1752 78.4124 49.0000 33.7958 35.2426 61.3539
10795.0000 0.1800 78.7150 49.0000 33.8256 35.1400 61.7824
10796.0000 0.2079 77.2673 48.0000 31.6077 34.1923 61.6610
10797.0000 0.1778 78.8909 49.0000 34.1552 35.1212 61.8360
10798.0000 0.1790 79.1330 49.0000 34.4212 34.9809 62.0770
10799.0000 0.1846 79.2533 49.0000 34.2606 34.8490 62.3927
10800.0000 0.1816 78.7925 49.0000 33.9519 34.9679 61.9094
10801.0000 0.1790 78.8069 49.0000 34.1511 34.9638 61.8204
10802.0000 0.1851 78.7676 49.0000 33.8862 34.7643 62.0282
10803.0000 0.1809 78.8689 49.0000 34.0676 34.9696 61.9422
10804.0000 0.1840 79.0372 49.0000 33.8108 35.1555 62.1917
10805.0000 0.1801 79.0072 49.0000 34.0386 35.1788 62.0159
10806.0000 0.2035 77.5909 48.0000 31.6849 34.6782 61.7562
10807.0000 0.1858 78.6740 49.0000 33.8780 34.6477 61.9792
10808.0000 0.2100 77.9727 48.0000 31.2471 35.0002 62.2763
10809.0000 0.1836 79.3678 49.0000 34.2380 35.0462 62.4402
10810.0000 0.1833 79.3060 49.0000 34.3287 34.9192 62.3829
10811.0000 0.1923 79.2533 49.0000 33.9085 34.6675 62.6855
10812.0000 0.1838 79.1322 49.0000 33.9791 35.0830 62.2616
10813.0000 0.1908 79.4128 49.0000 33.7319 35.0834 62.7512
10814.0000 0.1908 79.3680 49.0000 33.8928 34.8818 62.7202
10815.0000 0.1850 78.9969 49.0000 34.2213 34.6380 62.2063
10816.0000 0.1881 78.8850 49.0000 34.2169 34.3288 62.2380
10817.0000 0.1848 78.6850 49.0000 33.9377 34.6662 61.9501
10818.0000 0.1977 79.0316 49.0000 33.6698 34.3350 62.7172
10819.0000 0.1960 78.9641 49.0000 33.7416 34.3237 62.5996
10820.0000 0.1895 78.7584 49.0000 33.8363 34.5033 62.1893
10821.0000 0.2008 79.0363 49.0000 33.6656 34.1313 62.8365
10822.0000 0.1952 79.1452 49.0000 33.7363 34.5399 62.7122
10823.0000 0.1943 79.0741 49.0000 33.8062 34.4743 62.6209
10824.0000 0.1953 78.8875 49.0000 33.7309 34.3176 62.5122
10825.0000 0.1965 79.3806 49.0000 33.9277 34.4651 62.9471
10826.0000 0.1910 79.0456 49.0000 34.0727 34.4096 62.4759
10827.0000 0.1905 78.8856 49.0000 33.6129 34.7643 62.3263
10828.0000 0.1947 78.7539 49.0000 33.7425 34.2306 62.3850
10829.0000 0.2011 78.9788 49.0000 33.5847 34.1430 62.8011
10830.0000 0.2007 78.9382 49.0000 33.2908 34.4278 62.7510
10831.0000 0.2027 78.9357 49.0000 33.3334 34.2459 62.8248
10832.0000 0.2025 79.1189 49.0000 33.4459 34.3048 62.9631
10833.0000 0.1956 79.0907 49.0000 33.8588 34.3441 62.6849
10834.0000 0.1957 79.0533 49.0000 33.7755 34.3917 62.6566
10835.0000 0.1966 78.8199 49.0000 33.5043 34.3963 62.5055
10836.0000 0.1990 79.0248 49.0000 33.3436 34.5662 62.7560
10837.0000 0.2003 78.7715 49.0000 33.4411 34.1658 62.6046
10838.0000 0.2005 78.9312 49.0000 33.3212 34.4041 62.7390
10839.0000 0.1936 78.8218 49.0000 33.6012 34.5060 62.3953
10840.0000 0.1994 79.0388 49.0000 33.6223 34.2778 62.7830
10841.0000 0.1900 78.7777 49.0000 33.8279 34.4905 62.2254
10842.0000 0.1914 78.9914 49.0000 33.7431 34.6638 62.4456
10843.0000 0.1951 79.4598 49.0000 33.9205 34.6333 62.9586
10844.0000 0.1959 79.5491 49.0000 33.8267 34.7474 63.0590
10845.0000 0.1903 79.8337 49.0000 34.2996 34.9128 63.0718
10846.0000 0.1909 79.6100 49.0000 34.0088 34.9732 62.9129
10847.0000 0.1901 79.4724 49.0000 34.2132 34.7031 62.7775
10848.0000 0.1910 79.4588 49.0000 34.2151 34.6297 62.7997
10849.0000 0.1872 79.3011 49.0000 34.0947 34.8777 62.5281
10850.0000 0.1804 78.8438 49.0000 34.1313 34.9213 61.9024
10851.0000 0.1786 78.8309 49.0000 34.2164 34.9522 61.8215
10852.0000 0.1838 79.2614 49.0000 33.9472 35.2293 62.3607
10853.0000 0.1855 79.0965 49.0000 33.7200 35.1881 62.2978
10854.0000 0.1768 78.9662 49.0000 33.8217 35.5914 61.8466
10855.0000 0.1798 78.9438 49.0000 33.6499 35.5298 61.9472
10856.0000 0.1763 79.0632 49.0000 33.4848 36.0499 61.8883
10857.0000 0.1785 78.8881 49.0000 33.5236 35.6985 61.8475
10858.0000 0.1849 79.1037 49.0000 33.3404 35.6171 62.2674
10859.0000 0.1879 78.8966 49.0000 32.5967 35.9634 62.1995
10860.0000 0.1937 78.5746 49.0000 32.3540 35.5215 62.1724
10861.0000 0.1911 78.5580 49.0000 32.1869 35.8526 62.0480
10862.0000 0.1965 78.6028 49.0000 32.0508 35.6572 62.2872
10863.0000 0.2053 78.8708 49.0000 32.0167 35.3182 62.8344
10864.0000 0.2033 78.7682 49.0000 32.1925 35.1954 62.6845
10865.0000 0.1987 78.6060 49.0000 32.4627 35.1023 62.3931
10866.0000 0.2031 78.7361 49.0000 32.1100 35.2607 62.6499
10867.0000 0.1975 78.8050 49.0000 32.5489 35.2654 62.5072
10868.0000 0.1979 78.5168 49.0000 31.8412 35.6918 62.2666
10869.0000 0.1999 78.7323 49.0000 31.8842 35.6993 62.5119
10870.0000 0.2020 78.6226 49.0000 31.6953 35.6477 62.4992
10871.0000 0.1963 78.4738 49.0000 31.6264 35.9725 62.1601
10872.0000 0.2015 78.7577 49.0000 31.6572 35.8315 62.5836
10873.0000 0.2104 79.0392 49.0000 31.2037 35.9124 63.1175
10874.0000 0.2168 79.1463 49.0000 31.0983 35.6746 63.4378
10875.0000 0.2140 79.0955 49.0000 31.2829 35.6408 63.3025
10876.0000 0.2188 79.1115 49.0000 31.1093 35.4971 63.4886
10877.0000 0.2095 78.9180 49.0000 31.5626 35.5179 63.0106
10878.0000 0.2079 79.1334 49.0000 31.7070 35.6652 63.1249
10879.0000 0.2118 79.0334 49.0000 31.5333 35.4924 63.1840
10880.0000 0.2063 78.9286 49.0000 32.1563 35.1588 62.9250
10881.0000 0.2186 79.3745 49.0000 31.8975 34.9636 63.7214
10882.0000 0.2196 79.2407 49.0000 31.6881 34.9928 63.6432
10883.0000 0.2167 79.2509 49.0000 31.6323 35.2451 63.5444
10884.0000 0.2172 79.1995 49.0000 31.4958 35.3046 63.5151
10885.0000 0.2228 79.5024 49.0000 31.7860 34.9010 63.9703
10886.0000 0.2195 78.9570 49.0000 31.6245 34.8219 63.4156
10887.0000 0.2176 78.8278 49.0000 31.6560 34.8119 63.2443
10888.0000 0.2176 79.5153 49.0000 32.1940 34.8591 63.8049
10889.0000 0.2141 79.4464 49.0000 32.4602 34.7771 63.6288
10890.0000 0.2150 79.0065 49.0000 32.0675 34.7278 63.3062
10891.0000 0.2146 79.0169 49.0000 32.4244 34.4122 63.3097
10892.0000 0.2156 79.0083 49.0000 32.2651 34.4989 63.3332
10893.0000 0.2086 78.7982 49.0000 32.3744 34.6820 62.9144
10894.0000 0.2157 78.6750 49.0000 32.1924 34.2803 63.0735
10895.0000 0.2157 78.9880 49.0000 32.2654 34.4772 63.3196
10896.0000 0.2106 78.9152 49.0000 32.2638 34.7548 63.0774
10897.0000 0.2006 78.3914 49.0000 32.1836 35.0640 62.2892
10898.0000 0.2022 78.3246 49.0000 32.1780 34.9078 62.2958
10899.0000 0.2003 78.3575 49.0000 32.3645 34.8753 62.2588
10900.0000 0.2002 78.5097 49.0000 32.6176 34.7640 62.3804
10901.0000 0.2019 78.6080 49.0000 32.5856 34.7651 62.5203
10902.0000 0.1987 78.5223 49.0000 32.4940 34.9981 62.3299
10903.0000 0.2021 78.7952 49.0000 32.4607 35.0348 62.6701
10904.0000 0.2067 78.8964 49.0000 32.4552 34.8165 62.9215
10905.0000 0.2084 79.4421 49.0000 32.6495 34.9660 63.4227
10906.0000 0.2066 78.9528 49.0000 32.4881 34.8365 62.9642
10907.0000 0.2009 78.4181 49.0000 32.3584 34.8916 62.3290
10908.0000 0.2090 78.7084 49.0000 32.1970 34.7542 62.8531
10909.0000 0.2062 78.6339 49.0000 32.2326 34.8449 62.6911
10910.0000 0.2056 78.1417 49.0000 32.0158 34.6826 62.2755
10911.0000 0.2133 78.7918 49.0000 31.7875 34.9363 63.0647
10912.0000 0.2080 78.7919 49.0000 32.0313 35.0579 62.8737
10913.0000 0.2002 78.3425 49.0000 32.1766 35.0546 62.2365
10914.0000 0.2002 78.6253 49.0000 32.5107 34.9705 62.4664
10915.0000 0.2039 78.8255 49.0000 32.5040 34.8954 62.7635
10916.0000 0.2023 78.9664 49.0000 32.5270 35.1002 62.8145
10917.0000 0.1899 78.8731 49.0000 33.2003 35.2053 62.2839
10918.0000 0.1926 78.9812 49.0000 32.8923 35.4143 62.4656
10919.0000 0.1879 78.5285 49.0000 32.6372 35.6067 61.9169
10920.0000 0.1943 78.5113 49.0000 32.4179 35.3675 62.1470
10921.0000 0.1958 78.2558 49.0000 32.1880 35.2724 61.9980
10922.0000 0.1953 78.0979 49.0000 31.9066 35.4435 61.8466
10923.0000 0.1971 77.7847 49.0000 31.9558 35.0071 61.6749
10924.0000 0.1960 77.7481 49.0000 31.9944 35.0128 61.6055
10925.0000 0.1912 77.7930 49.0000 32.1676 35.2065 61.4613
10926.0000 0.1838 77.4572 49.0000 32.5262 35.0676 60.9255
10927.0000 0.1876 77.2133 49.0000 32.3389 34.7823 60.8793
10928.0000 0.1825 76.7597 49.0000 32.1818 34.8926 60.3232
10929.0000 0.1819 76.8245 49.0000 32.3652 34.8103 60.3551
10930.0000 0.1826 77.1152 49.0000 32.2131 35.1624 60.6026
10931.0000 0.1866 77.0703 49.0000 31.9133 35.1457 60.7137
10932.0000 0.1827 76.7704 49.0000 31.7752 35.2941 60.3188
10933.0000 0.1785 76.7450 49.0000 31.7786 35.5533 60.1322
10934.0000 0.1829 76.7336 49.0000 31.7125 35.3087 60.2964
10935.0000 0.1736 76.6738 49.0000 31.9081 35.7083 59.8804
10936.0000 0.1722 76.6205 49.0000 32.2100 35.4598 59.7981
10937.0000 0.1705 76.5325 49.0000 32.3620 35.3435 59.6721
10938.0000 0.1669 76.1572 49.0000 32.2932 35.3353 59.2324
10939.0000 0.1713 76.3415 49.0000 32.2352 35.2480 59.5524
10940.0000 0.1678 76.4509 49.0000 32.6089 35.2173 59.5075
10941.0000 0.1620 76.3850 49.0000 32.6130 35.5622 59.2147
10942.0000 0.1640 76.3425 49.0000 32.5398 35.4612 59.2609
10943.0000 0.1575 76.1425 49.0000 33.0788 35.2066 58.8555
10944.0000 0.1547 76.5179 49.0000 33.2890 35.5284 59.0302
10945.0000 0.1596 76.4958 49.0000 32.9270 35.5242 59.2069
10946.0000 0.1654 76.7285 49.0000 32.7198 35.5205 59.6236
10947.0000 0.1671 76.6753 49.0000 32.5632 35.5147 59.6443
10948.0000 0.1604 76.4793 49.0000 32.9867 35.3911 59.2320
10949.0000 0.1656 76.5947 49.0000 32.7472 35.3621 59.5305
10950.0000 0.1671 76.7749 49.0000 32.8019 35.3635 59.7314
10951.0000 0.1684 76.8192 49.0000 32.7243 35.3901 59.8151
10952.0000 0.1667 76.7723 49.0000 32.8137 35.3760 59.7142
10953.0000 0.1737 76.8579 49.0000 32.5955 35.1741 60.0620
10954.0000 0.1711 76.5797 49.0000 32.8013 34.9059 59.7503
10955.0000 0.1758 76.9258 49.0000 32.5468 35.1403 60.1950
10956.0000 0.1761 77.2128 49.0000 32.8245 35.0962 60.4369
10957.0000 0.1784 77.0861 49.0000 32.6214 35.0283 60.4246
10958.0000 0.1743 77.0007 49.0000 32.5778 35.2771 60.1940
10959.0000 0.1723 76.8286 49.0000 32.4521 35.3888 59.9760
10960.0000 0.1677 76.8424 49.0000 32.4085 35.7720 59.7897
10961.0000 0.1677 76.7126 49.0000 32.4367 35.6279 59.6937
10962.0000 0.1702 76.6921 49.0000 32.3911 35.4773 59.7817
10963.0000 0.1619 76.5576 49.0000 32.7980 35.5419 59.3475
10964.0000 0.1617 76.1588 49.0000 32.5824 35.4181 59.0263
10965.0000 0.1613 76.1923 49.0000 32.7097 35.3438 59.0437
10966.0000 0.1653 76.2661 49.0000 32.5030 35.3351 59.2579
10967.0000 0.1640 76.3609 49.0000 32.5323 35.4808 59.2769
10968.0000 0.1687 76.7024 49.0000 32.5349 35.4478 59.7344
10969.0000 0.1680 76.3124 49.0000 32.3948 35.2931 59.4017
10970.0000 0.1636 76.1173 49.0000 32.4124 35.4130 59.0695
10971.0000 0.1650 76.1494 49.0000 32.1356 35.6185 59.1385
10972.0000 0.1665 76.4349 49.0000 32.4089 35.4934 59.4321
10973.0000 0.1582 76.5273 49.0000 32.8190 35.7603 59.1654
10974.0000 0.1649 76.6026 49.0000 32.7530 35.4115 59.5082
10975.0000 0.1625 76.5403 49.0000 33.1377 35.1412 59.3751
10976.0000 0.1700 76.7389 49.0000 32.8588 35.0717 59.8259
10977.0000 0.1675 76.7818 49.0000 33.1975 34.9471 59.7668
10978.0000 0.1614 76.6623 49.0000 32.7852 35.6860 59.4033
10979.0000 0.1662 77.0373 49.0000 33.2610 35.1983 59.9127
10980.0000 0.1679 76.9384 49.0000 32.8208 35.4325 59.8903
10981.0000 0.1731 77.1721 49.0000 32.5999 35.4880 60.2775
10982.0000 0.1694 76.6183 49.0000 32.6819 35.1820 59.7033
10983.0000 0.1636 76.5703 49.0000 33.0197 35.2127 59.4372
10984.0000 0.1638 76.5354 49.0000 33.1149 35.0671 59.4253
10985.0000 0.1696 76.9551 49.0000 32.6778 35.4673 59.9692
10986.0000 0.1680 76.8446 49.0000 32.6233 35.5413 59.8133
10987.0000 0.1695 76.9010 49.0000 33.0029 35.1056 59.9347
10988.0000 0.1727 77.1772 49.0000 32.9557 35.1692 60.2775
10989.0000 0.1824 77.4068 49.0000 32.8332 34.8185 60.8397
10990.0000 0.1866 77.7236 49.0000 33.0301 34.6108 61.2541
10991.0000 0.1834 77.5520 49.0000 32.9916 34.7146 60.9981
10992.0000 0.1796 77.4844 49.0000 33.1153 34.8019 60.7950
10993.0000 0.1796 77.5477 49.0000 33.1203 34.8498 60.8456
10994.0000 0.1792 77.3898 49.0000 32.7637 35.0957 60.6961
10995.0000 0.1793 77.5384 49.0000 32.8341 35.1474 60.8177
10996.0000 0.1805 77.4742 49.0000 32.7640 35.0796 60.8128
10997.0000 0.1692 77.3491 49.0000 33.1396 35.3840 60.2712
10998.0000 0.1634 77.4211 49.0000 33.3122 35.6896 60.0881
10999.0000 0.1721 77.6068 49.0000 33.2391 35.3076 60.5916
11000.0000 0.1695 77.5694 49.0000 33.1351 35.5610 60.4524
11001.0000 0.1729 77.7593 49.0000 33.4317 35.1927 60.7478
11002.0000 0.1681 77.6704 49.0000 33.5136 35.3758 60.4821
11003.0000 0.1697 77.5002 49.0000 33.4961 35.1242 60.4201
11004.0000 0.1786 77.8909 49.0000 33.5442 34.7988 61.0805
11005.0000 0.1776 77.7218 49.0000 33.2865 34.9784 60.9032
11006.0000 0.1699 77.8161 49.0000 33.4870 35.4012 60.6689
11007.0000 0.1709 77.9772 49.0000 33.6087 35.3508 60.8377
11008.0000 0.1653 77.8485 49.0000 33.7347 35.5140 60.5072
11009.0000 0.1703 77.8823 49.0000 33.2023 35.7140 60.7270
11010.0000 0.1737 78.2710 49.0000 33.3389 35.6791 61.1709
11011.0000 0.1759 78.3799 49.0000 33.1022 35.8571 61.3345
11012.0000 0.1818 78.3320 49.0000 32.6790 35.8197 61.5218
11013.0000 0.1870 78.3145 49.0000 32.6138 35.5067 61.7152
11014.0000 0.1884 78.5412 49.0000 32.5626 35.6579 61.9428
11015.0000 0.1934 78.6971 49.0000 32.4567 35.5477 62.2588
11016.0000 0.1880 78.5801 49.0000 32.6266 35.6548 61.9602
11017.0000 0.1854 78.8583 49.0000 32.8703 35.8344 62.0812
11018.0000 0.1859 78.9770 49.0000 33.1035 35.6705 62.2024
11019.0000 0.1897 78.8923 49.0000 33.0858 35.3484 62.2882
11020.0000 0.1862 78.7622 49.0000 32.9096 35.6586 62.0395
11021.0000 0.1874 78.7450 49.0000 32.8821 35.5855 62.0742
11022.0000 0.1872 78.8200 49.0000 32.7424 35.8040 62.1177
11023.0000 0.1871 78.8100 49.0000 32.7711 35.7725 62.1080
11024.0000 0.1864 78.5500 49.0000 32.3752 35.9901 61.8600
11025.0000 0.1891 78.5248 49.0000 32.2162 35.9374 61.9416
11026.0000 0.1946 78.5113 49.0000 31.6155 36.1373 62.1175
11027.0000 0.1934 78.4037 49.0000 31.4213 36.3121 61.9779
11028.0000 0.1924 78.3591 49.0000 31.5080 36.2612 61.9073
11029.0000 0.1879 78.5727 49.0000 32.0370 36.2384 61.9199
11030.0000 0.1856 78.8114 49.0000 32.1343 36.5035 62.0171
11031.0000 0.1835 78.5611 49.0000 32.2076 36.3665 61.7414
11032.0000 0.1844 78.5951 49.0000 32.0987 36.4374 61.7995
11033.0000 0.1822 78.6491 49.0000 32.2126 36.5291 61.7548
11034.0000 0.1833 78.7882 49.0000 32.0350 36.7472 61.8949
11035.0000 0.1773 78.7843 49.0000 32.4516 36.7537 61.6687
11036.0000 0.1814 78.9571 49.0000 32.5999 36.4725 61.9777
11037.0000 0.1818 79.0450 49.0000 32.5125 36.6021 62.0591
11038.0000 0.1799 78.8399 49.0000 32.4371 36.6351 61.8178
11039.0000 0.1863 78.9692 49.0000 32.1289 36.6010 62.1630
11040.0000 0.1825 78.6864 49.0000 32.4289 36.3235 61.8104
11041.0000 0.1931 79.1518 49.0000 32.2034 36.2065 62.5862
11042.0000 0.1907 79.2561 49.0000 32.5595 36.1177 62.5853
11043.0000 0.1970 79.1660 49.0000 32.3116 35.8480 62.7546
11044.0000 0.1922 79.2631 49.0000 32.2977 36.2749 62.6389
11045.0000 0.1986 79.0654 49.0000 32.3462 35.6186 62.7406
11046.0000 0.1999 78.7233 49.0000 31.6824 35.8875 62.4954
11047.0000 0.1936 78.7166 49.0000 32.0887 35.9148 62.2636
11048.0000 0.2017 78.9898 49.0000 31.4413 36.2251 62.7581
11049.0000 0.1976 78.9402 49.0000 31.7137 36.1982 62.5738
11050.0000 0.1992 78.9628 49.0000 32.0964 35.7299 62.6763
11051.0000 0.2030 79.1682 49.0000 31.9352 35.8053 62.9740
11052.0000 0.2030 78.8355 49.0000 31.7456 35.7114 62.7053
11053.0000 0.2021 78.8489 49.0000 31.6275 35.8948 62.6771
11054.0000 0.2058 78.7040 49.0000 31.3864 35.7593 62.6935
11055.0000 0.2055 78.8699 49.0000 31.5838 35.7300 62.8195
11056.0000 0.2005 78.5657 49.0000 31.4130 35.9770 62.3814
11057.0000 0.2039 78.8131 49.0000 31.1391 36.2223 62.6882
11058.0000 0.1957 80.8770 50.0000 32.8644 36.8540 64.0531
11059.0000 0.2039 81.0734 50.0000 32.6135 36.6928 64.5204
11060.0000 0.2060 78.7438 49.0000 30.9160 36.2348 62.7043
11061.0000 0.2026 78.9553 49.0000 31.1514 36.4200 62.7465
11062.0000 0.2061 78.8107 49.0000 31.0522 36.1519 62.7689
11063.0000 0.2104 79.0972 49.0000 31.0127 36.1425 63.1530
11064.0000 0.2138 79.0320 49.0000 30.6985 36.1658 63.2116
11065.0000 0.2173 78.9016 49.0000 30.2993 36.2081 63.2171
11066.0000 0.2194 79.0997 49.0000 30.5955 35.9492 63.4691
11067.0000 0.2199 79.1721 49.0000 30.5028 36.0618 63.5402
11068.0000 0.2180 79.2675 49.0000 30.2138 36.5471 63.5198
11069.0000 0.2194 78.9762 49.0000 30.4418 35.9896 63.3663
11070.0000 0.2270 79.4422 49.0000 30.6019 35.7229 64.0192
11071.0000 0.2185 79.4191 49.0000 31.1333 35.7527 63.7170
11072.0000 0.2146 79.2406 49.0000 31.0255 35.9697 63.4245
11073.0000 0.2185 79.4297 49.0000 31.0618 35.8297 63.7218
11074.0000 0.2135 79.2490 49.0000 31.0268 36.0467 63.3907
11075.0000 0.2183 79.2891 49.0000 30.8687 35.9148 63.5925
11076.0000 0.2109 79.1239 49.0000 31.0187 36.1229 63.1946
11077.0000 0.2099 79.2173 49.0000 31.0355 36.2571 63.2266
11078.0000 0.2144 79.4852 49.0000 30.9288 36.2777 63.6022
11079.0000 0.2054 79.1597 49.0000 30.9399 36.6023 63.0019
11080.0000 0.2088 79.1837 49.0000 30.8166 36.5153 63.1429
11081.0000 0.2121 79.2192 49.0000 30.7615 36.3723 63.2967
11082.0000 0.2105 79.5154 49.0000 30.6974 36.7930 63.4558
11083.0000 0.2190 79.7284 49.0000 30.6840 36.4104 63.9483
11084.0000 0.2222 79.6485 49.0000 30.4259 36.3787 63.9902
11085.0000 0.2240 79.5833 49.0000 30.0326 36.5790 63.9806
11086.0000 0.2236 79.5694 49.0000 29.9675 36.6516 63.9523
11087.0000 0.2224 79.5481 49.0000 30.0471 36.6378 63.8963
11088.0000 0.2259 79.5518 49.0000 29.9802 36.4741 64.0259
11089.0000 0.2239 79.4922 49.0000 29.9518 36.5862 63.9011
11090.0000 0.2283 79.6916 49.0000 29.7850 36.6141 64.2107
11091.0000 0.2292 79.6445 49.0000 29.5720 36.7208 64.1898
11092.0000 0.2293 79.5672 49.0000 29.8340 36.4053 64.1523
11093.0000 0.2162 79.1851 49.0000 30.1496 36.6578 63.3836
11094.0000 0.2160 79.3381 49.0000 30.2574 36.6941 63.5025
11095.0000 0.2145 79.6872 49.0000 30.4475 36.9054 63.7260
11096.0000 0.2078 79.4229 49.0000 30.6502 36.9403 63.2770
11097.0000 0.2075 79.7426 49.0000 30.7323 37.1540 63.5138
11098.0000 0.2082 79.8552 49.0000 30.6324 37.2953 63.6205
11099.0000 0.2182 79.9448 49.0000 30.2046 37.1007 64.0500
11100.0000 0.2087 79.8176 49.0000 30.6282 37.2319 63.6125
11101.0000 0.2025 79.7009 49.0000 30.9794 37.2191 63.3028
11102.0000 0.1998 79.7231 49.0000 31.3199 37.0976 63.2345
11103.0000 0.1970 79.4367 49.0000 31.1677 37.1945 62.8914
11104.0000 0.1922 79.2218 49.0000 31.3532 37.1634 62.5456
11105.0000 0.1960 79.7471 49.0000 31.2002 37.4950 63.0894
11106.0000 0.2020 80.1825 49.0000 31.0846 37.5565 63.6591
11107.0000 0.2012 79.9354 49.0000 31.1281 37.3647 63.4397
11108.0000 0.2044 80.0243 49.0000 30.9912 37.3489 63.6278
11109.0000 0.2067 80.1536 49.0000 30.8578 37.4290 63.8080
11110.0000 0.2008 79.6885 49.0000 30.8937 37.4127 63.2149
11111.0000 0.2021 79.7009 49.0000 31.0641 37.1653 63.2929
11112.0000 0.2014 79.8144 49.0000 31.1550 37.2198 63.3593
11113.0000 0.2111 80.0455 49.0000 30.5919 37.2927 63.8801
11114.0000 0.2086 80.2244 49.0000 30.8510 37.3646 63.9379
11115.0000 0.2101 80.4696 49.0000 31.1576 37.1719 64.2092
11116.0000 0.2087 80.1904 49.0000 31.0384 37.1509 63.9291
11117.0000 0.2134 80.5880 49.0000 31.1865 37.0162 64.4332
11118.0000 0.2110 80.3812 49.0000 31.3016 36.8993 64.1856
11119.0000 0.2056 80.2090 49.0000 31.2460 37.1759 63.8367
11120.0000 0.2135 80.4575 49.0000 30.9894 37.0871 64.3242
11121.0000 0.2178 80.7910 49.0000 30.9639 37.1006 64.7454
11122.0000 0.2167 80.7697 49.0000 31.0853 37.0413 64.6945
11123.0000 0.2180 80.5465 49.0000 30.9987 36.8459 64.5693
11124.0000 0.2180 80.2607 49.0000 30.6753 36.9246 64.3225
11125.0000 0.2158 80.0112 49.0000 30.3372 37.1914 64.0176
11126.0000 0.2212 80.1232 49.0000 30.3390 36.9160 64.3155
11127.0000 0.2117 80.0117 49.0000 30.5483 37.2665 63.8739
11128.0000 0.2109 80.0389 49.0000 31.1523 36.7601 63.9097
11129.0000 0.2115 80.0740 49.0000 30.9774 36.9210 63.9459
11130.0000 0.2044 79.9226 49.0000 31.0353 37.2247 63.5511
11131.0000 0.2069 80.0735 49.0000 31.1350 37.0781 63.7777
11132.0000 0.2071 80.2743 49.0000 31.5271 36.8591 63.9641
11133.0000 0.2156 80.3821 49.0000 31.3990 36.4919 64.3717
11134.0000 0.2068 80.3758 49.0000 31.7419 36.7567 64.0443
11135.0000 0.2006 80.4562 49.0000 31.5600 37.4275 63.8463
11136.0000 0.1974 80.2730 49.0000 31.6912 37.3694 63.5842
11137.0000 0.2057 80.4513 49.0000 31.7691 36.8675 64.0619
11138.0000 0.2081 80.7153 49.0000 31.4944 37.1854 64.3453
11139.0000 0.2105 80.7774 49.0000 31.7034 36.8724 64.5004
11140.0000 0.2183 81.1077 49.0000 31.6120 36.7049 65.0529
11141.0000 0.2131 81.0833 49.0000 31.8120 36.8442 64.8460
11142.0000 0.2038 80.5462 49.0000 32.0039 36.8467 64.0762
11143.0000 0.2060 80.6351 49.0000 31.9662 36.8071 64.2295
11144.0000 0.2054 80.4055 49.0000 32.0313 36.5903 64.0328
11145.0000 0.2087 80.3348 49.0000 31.8202 36.5102 64.0949
11146.0000 0.2047 80.2790 49.0000 31.9596 36.6058 63.9009
11147.0000 0.2006 80.2503 49.0000 31.9725 36.8490 63.7183
11148.0000 0.2019 80.0233 49.0000 32.0553 36.4897 63.5979
11149.0000 0.2018 79.8562 49.0000 32.1026 36.3074 63.4681
11150.0000 0.2022 80.1899 49.0000 32.0665 36.5983 63.7395
11151.0000 0.2065 80.1608 49.0000 31.7137 36.6202 63.8668
11152.0000 0.2092 80.1208 49.0000 31.8595 36.2576 63.9508
11153.0000 0.2075 80.0920 49.0000 32.0486 36.1679 63.8710
11154.0000 0.2063 79.6833 49.0000 31.9021 36.0486 63.4995
11155.0000 0.2033 79.3996 49.0000 31.6783 36.2317 63.1509
11156.0000 0.2053 79.6055 49.0000 31.8221 36.1264 63.3978
11157.0000 0.2081 79.9340 49.0000 32.0274 36.0166 63.7691
11158.0000 0.2053 79.5913 49.0000 31.9922 35.9500 63.3947
11159.0000 0.2059 79.4583 49.0000 31.6811 36.1017 63.2977
11160.0000 0.2080 79.4508 49.0000 31.6737 35.9621 63.3714
11161.0000 0.2125 79.9732 49.0000 31.6180 36.1487 63.9475
11162.0000 0.2089 79.9854 49.0000 31.6960 36.3260 63.8236
11163.0000 0.1989 79.4539 49.0000 31.6863 36.5691 63.0206
11164.0000 0.2014 79.6590 49.0000 31.5207 36.7375 63.2641
11165.0000 0.2002 79.9528 49.0000 31.5493 37.0386 63.4448
11166.0000 0.1941 79.7398 49.0000 31.2569 37.5662 63.0097
11167.0000 0.1972 79.8210 49.0000 31.2835 37.3976 63.1994
11168.0000 0.1990 79.5194 49.0000 31.1389 37.1548 63.0336
11169.0000 0.2013 79.5560 49.0000 31.2065 36.9631 63.1589
11170.0000 0.2073 80.1917 49.0000 31.3236 36.9709 63.8959
11171.0000 0.2087 80.0113 49.0000 31.4438 36.6049 63.8215
11172.0000 0.1983 80.0239 49.0000 31.7237 37.0626 63.4333
11173.0000 0.1973 79.7637 49.0000 31.8248 36.8103 63.2016
11174.0000 0.2033 79.6025 49.0000 31.7149 36.3665 63.3104
11175.0000 0.2016 79.4381 49.0000 31.3682 36.6837 63.0933
11176.0000 0.2075 79.7498 49.0000 31.7728 36.1491 63.5905
11177.0000 0.2058 79.4843 49.0000 31.6221 36.1863 63.3115
11178.0000 0.2050 79.4647 49.0000 31.3732 36.4698 63.2481
11179.0000 0.2045 79.4457 49.0000 31.2397 36.6188 63.2042
11180.0000 0.2022 79.2556 49.0000 31.4007 36.4569 62.9788
11181.0000 0.2048 79.2372 49.0000 31.2712 36.3919 63.0577
11182.0000 0.2040 79.4201 49.0000 31.4223 36.4503 63.1789
11183.0000 0.2083 79.6523 49.0000 31.1883 36.5817 63.5103
11184.0000 0.2043 79.5837 49.0000 30.8860 37.0858 63.2793
11185.0000 0.2072 79.5012 49.0000 31.1029 36.6084 63.3472
11186.0000 0.2045 79.1668 49.0000 30.9848 36.6255 62.9754
11187.0000 0.1983 78.9699 49.0000 31.2826 36.5959 62.5970
11188.0000 0.2008 79.1652 49.0000 31.4000 36.4739 62.8556
11189.0000 0.2020 79.3021 49.0000 31.2709 36.6334 62.9996
11190.0000 0.2005 79.2639 49.0000 30.9725 36.9987 62.8854
11191.0000 0.2042 79.3435 49.0000 31.1117 36.6753 63.1061
11192.0000 0.2070 79.4705 49.0000 30.9136 36.7835 63.2999
11193.0000 0.2053 79.4986 49.0000 31.0820 36.7596 63.2667
11194.0000 0.2003 79.4607 49.0000 31.6374 36.5293 63.0768
11195.0000 0.1992 79.4477 49.0000 31.6693 36.5623 63.0253
11196.0000 0.2012 79.4297 49.0000 31.6258 36.4528 63.0879
11197.0000 0.1967 79.1648 49.0000 31.5463 36.6158 62.6990
11198.0000 0.1928 79.1729 49.0000 31.7943 36.6459 62.5663
11199.0000 0.1958 79.4638 49.0000 31.7682 36.7185 62.9049
11200.0000 0.1967 79.4012 49.0000 31.7163 36.6520 62.8909
11201.0000 0.1937 79.0553 49.0000 31.4770 36.7958 62.4900
11202.0000 0.1928 78.6928 49.0000 30.8714 37.1388 62.1307
11203.0000 0.2006 78.8072 49.0000 30.5260 37.0363 62.5065
11204.0000 0.1945 78.6101 49.0000 30.8523 36.9703 62.1360
11205.0000 0.1998 78.9583 49.0000 31.0367 36.7234 62.6302
11206.0000 0.1954 78.5153 49.0000 30.8980 36.7832 62.1044
11207.0000 0.2008 78.2527 49.0000 30.9038 36.1880 62.1198
11208.0000 0.2024 78.4238 49.0000 31.0227 36.1099 62.3214
11209.0000 0.2046 78.4256 49.0000 30.8700 36.1060 62.4017
11210.0000 0.1974 78.2934 49.0000 31.2084 36.1580 62.0362
11211.0000 0.1955 78.1523 49.0000 31.1160 36.2572 61.8465
11212.0000 0.1945 78.2875 49.0000 30.7879 36.7571 61.8866
11213.0000 0.1962 78.5732 49.0000 30.6584 37.0117 62.1606
11214.0000 0.1958 78.3476 49.0000 30.6910 36.8167 61.9753
11215.0000 0.1988 78.7895 49.0000 30.7296 36.9445 62.4386
11216.0000 0.1956 78.4998 49.0000 30.7691 36.8791 62.0920
11217.0000 0.2046 78.8075 49.0000 30.4833 36.8072 62.6627
11218.0000 0.1985 78.6078 49.0000 30.8390 36.7036 62.2976
11219.0000 0.1911 78.1396 49.0000 30.6397 37.0076 61.6234
11220.0000 0.1929 78.0529 49.0000 30.3827 37.0619 61.6081
11221.0000 0.1912 78.2926 49.0000 30.3323 37.4306 61.7141
11222.0000 0.1863 78.0600 49.0000 30.4907 37.4236 61.3446
11223.0000 0.1864 78.0863 49.0000 30.4757 37.4554 61.3661
11224.0000 0.1780 78.0498 49.0000 30.6239 37.8713 60.9894
11225.0000 0.1892 78.9050 49.0000 30.6417 37.7944 62.1182
11226.0000 0.1923 78.9930 49.0000 30.3012 37.9842 62.2810
11227.0000 0.1947 78.3739 49.0000 30.1166 37.4696 61.8990
11228.0000 0.1904 78.2377 49.0000 30.2661 37.5101 61.6287
11229.0000 0.1943 78.5593 49.0000 30.3566 37.4202 62.0465
11230.0000 0.1888 78.6885 49.0000 30.6121 37.6647 61.9366
11231.0000 0.1942 78.5774 49.0000 30.5380 37.2665 62.0730
11232.0000 0.1970 78.5772 49.0000 30.7096 36.9095 62.2012
11233.0000 0.1925 78.2928 49.0000 30.7634 36.9219 61.8073
11234.0000 0.1967 78.3339 49.0000 30.6059 36.8252 61.9950
11235.0000 0.1909 78.3444 49.0000 31.0279 36.8204 61.8011
11236.0000 0.1900 78.5511 49.0000 31.0335 37.0552 61.9202
11237.0000 0.1920 78.2158 49.0000 30.6846 36.9714 61.7194
11238.0000 0.2006 78.7303 49.0000 30.3623 37.1295 62.4339
11239.0000 0.1939 78.6796 49.0000 30.5864 37.3327 62.1387
11240.0000 0.1949 78.6771 49.0000 30.5435 37.3035 62.1742
11241.0000 0.1958 78.6818 49.0000 30.7143 37.0747 62.2328
11242.0000 0.1890 78.4198 49.0000 30.5861 37.4459 61.7411
11243.0000 0.1963 78.7984 49.0000 30.6575 37.1930 62.3377
11244.0000 0.2007 79.1913 49.0000 30.5364 37.3450 62.8025
11245.0000 0.1997 78.6808 49.0000 30.1144 37.3862 62.3383
11246.0000 0.2061 78.9250 49.0000 30.0743 37.1966 62.7782
11247.0000 0.1978 78.8024 49.0000 30.3947 37.3507 62.3772
11248.0000 0.2047 78.4579 49.0000 29.9939 36.9758 62.3602
11249.0000 0.2127 78.7975 49.0000 29.8996 36.8123 62.9278
11250.0000 0.2133 78.6184 49.0000 29.8932 36.6260 62.8155
11251.0000 0.2100 78.6229 49.0000 30.0409 36.7129 62.6998
11252.0000 0.2096 78.6044 49.0000 29.7164 37.0299 62.6448
11253.0000 0.2043 78.6946 49.0000 30.2473 36.9542 62.5487
11254.0000 0.2074 78.8039 49.0000 29.8802 37.1888 62.7234
11255.0000 0.2168 78.9804 49.0000 29.3965 37.1633 63.1874
11256.0000 0.2099 78.7876 49.0000 29.6145 37.2591 62.7872
11257.0000 0.2078 78.7282 49.0000 29.5516 37.4135 62.6503
11258.0000 0.2057 78.6938 49.0000 29.6296 37.4552 62.5452
11259.0000 0.2041 78.8784 49.0000 29.5734 37.7709 62.6145
11260.0000 0.2100 78.9630 49.0000 29.6267 37.3891 62.9244
11261.0000 0.2086 78.9993 49.0000 29.8666 37.2843 62.9186
11262.0000 0.2119 78.8879 49.0000 29.9703 36.8678 62.9751
11263.0000 0.2080 78.9588 49.0000 29.8054 37.3536 62.8557
11264.0000 0.2048 78.6070 49.0000 29.8698 37.2128 62.4665
11265.0000 0.2083 78.6941 49.0000 29.7649 37.1479 62.6646
11266.0000 0.2210 79.0129 49.0000 29.4485 36.8635 63.3791
11267.0000 0.2218 79.2500 49.0000 29.5255 36.9328 63.5986
11268.0000 0.2210 79.0868 49.0000 29.6858 36.7017 63.4544
11269.0000 0.2181 79.0553 49.0000 29.8968 36.6668 63.3362
11270.0000 0.2210 79.3467 49.0000 29.9719 36.6425 63.6781
11271.0000 0.2188 78.9882 49.0000 30.0592 36.4065 63.3257
11272.0000 0.2118 78.7683 49.0000 29.9965 36.7542 62.8792
11273.0000 0.2091 78.7330 49.0000 30.0471 36.8573 62.7503
11274.0000 0.2120 78.7881 49.0000 30.1996 36.5642 62.9174
11275.0000 0.2216 78.8433 49.0000 30.0127 36.1515 63.3133
11276.0000 0.2208 78.9878 49.0000 30.0233 36.3073 63.3992
11277.0000 0.2167 78.7278 49.0000 30.1401 36.2577 63.0477
11278.0000 0.2186 79.1052 49.0000 30.3756 36.2175 63.4291
11279.0000 0.2119 78.7801 49.0000 30.3852 36.3832 62.9230
11280.0000 0.2160 79.2898 49.0000 30.4923 36.4272 63.4835
11281.0000 0.2153 79.6599 49.0000 30.9517 36.3415 63.7730
11282.0000 0.2181 79.7550 49.0000 31.0103 36.1746 63.9579
11283.0000 0.2179 79.8463 49.0000 30.7149 36.5490 64.0015
11284.0000 0.2162 79.9524 49.0000 30.9034 36.5700 64.0312
11285.0000 0.2219 79.9819 49.0000 30.9685 36.1512 64.2740
11286.0000 0.2199 79.8501 49.0000 31.1177 36.0332 64.1041
11287.0000 0.2161 79.9940 49.0000 31.5024 36.0323 64.0961
11288.0000 0.2159 79.5171 49.0000 31.1904 35.9546 63.6976
11289.0000 0.2142 79.6074 49.0000 31.0275 36.3016 63.6932
11290.0000 0.2162 79.6389 49.0000 31.0478 36.1683 63.7984
11291.0000 0.2218 79.6863 49.0000 30.7292 36.1432 64.0257
11292.0000 0.2219 79.9301 49.0000 30.8361 36.2337 64.2268
11293.0000 0.2268 79.9028 49.0000 31.1473 35.5877 64.4036
11294.0000 0.2150 79.4500 49.0000 31.1740 35.9710 63.6127
11295.0000 0.2141 79.2389 49.0000 31.4289 35.6098 63.4269
11296.0000 0.2188 79.4546 49.0000 30.9419 35.9448 63.7464
11297.0000 0.2180 79.3131 49.0000 31.1220 35.7109 63.6138
11298.0000 0.2187 79.4211 49.0000 31.1012 35.7702 63.7254
11299.0000 0.2269 79.6630 49.0000 31.0053 35.5214 64.2113
11300.0000 0.2263 80.0236 49.0000 30.8385 36.0152 64.4645
11301.0000 0.2195 79.4704 49.0000 30.8468 36.0066 63.7773
11302.0000 0.2221 79.7261 49.0000 30.7801 36.1094 64.0699
11303.0000 0.2215 79.5494 49.0000 31.1152 35.6784 63.9296
11304.0000 0.2189 79.5005 49.0000 31.4834 35.4545 63.8130
11305.0000 0.1806 80.7840 50.0000 34.7142 36.0199 63.4314
11306.0000 0.2174 79.5413 49.0000 31.5482 35.5267 63.7916
11307.0000 0.2227 79.7068 49.0000 30.9174 35.9177 64.0875
11308.0000 0.2217 79.9559 49.0000 31.0812 36.0343 64.2528
11309.0000 0.2153 79.9511 49.0000 31.1982 36.3484 64.0128
11310.0000 0.2135 79.7720 49.0000 30.8479 36.6565 63.7831
11311.0000 0.1942 81.4731 50.0000 33.8132 36.5367 64.4950
11312.0000 0.1881 81.0036 50.0000 33.7725 36.6093 63.8808
11313.0000 0.1948 80.8754 50.0000 33.3601 36.4316 64.0365
11314.0000 0.1956 81.1555 50.0000 33.3637 36.6116 64.2859
11315.0000 0.1931 81.1742 50.0000 33.3364 36.8254 64.2015
11316.0000 0.1967 81.4102 50.0000 33.3795 36.7349 64.5290
11317.0000 0.2119 80.1826 49.0000 31.2540 36.7156 64.0656
11318.0000 0.2138 79.8348 49.0000 31.1719 36.3723 63.8668
11319.0000 0.2148 80.1645 49.0000 31.1601 36.5947 64.1579
11320.0000 0.2166 80.0820 49.0000 31.2065 36.3557 64.1681
11321.0000 0.2188 80.1514 49.0000 31.1848 36.2879 64.3035
11322.0000 0.2176 80.1289 49.0000 30.9789 36.5496 64.2268
11323.0000 0.2150 80.1098 49.0000 31.0457 36.6422 64.1178
11324.0000 0.2217 80.4076 49.0000 30.8014 36.6730 64.5890
11325.0000 0.2203 80.6273 49.0000 30.9578 36.7967 64.7176
11326.0000 0.2243 80.7115 49.0000 30.9447 36.6092 64.9349
11327.0000 0.2250 80.3496 49.0000 30.8295 36.3755 64.6716
11328.0000 0.2164 79.6960 49.0000 30.9225 36.3225 63.8430
11329.0000 0.2165 79.8956 49.0000 30.9297 36.4784 63.9999
11330.0000 0.2052 79.9155 49.0000 31.0598 37.1342 63.5832
11331.0000 0.1993 79.8101 49.0000 31.5258 37.0012 63.2984
11332.0000 0.2073 80.1110 49.0000 31.6154 36.6201 63.8530
11333.0000 0.1682 81.3866 50.0000 34.2743 37.8968 63.3473
11334.0000 0.2012 79.8417 49.0000 31.3319 37.0890 63.3831
11335.0000 0.1725 81.2920 50.0000 34.1760 37.5973 63.4573
11336.0000 0.1732 81.6304 50.0000 34.4335 37.5847 63.7592
11337.0000 0.2117 79.9468 49.0000 30.9638 36.8100 63.8573
11338.0000 0.2009 79.9710 49.0000 31.4225 37.1313 63.4764
11339.0000 0.2008 79.8229 49.0000 31.0311 37.3885 63.3314
11340.0000 0.2039 79.6481 49.0000 30.9749 37.0832 63.3184
11341.0000 0.1639 81.6003 50.0000 33.4783 39.2094 63.2490
11342.0000 0.2033 79.5213 49.0000 31.0989 36.8971 63.2068
11343.0000 0.1628 81.4288 50.0000 33.2594 39.3585 63.0505
11344.0000 0.1573 81.3454 50.0000 33.3543 39.6142 62.7319
11345.0000 0.1603 81.8467 50.0000 33.2127 39.9744 63.2286
11346.0000 0.2004 80.0115 49.0000 30.9449 37.6640 63.4481
11347.0000 0.1616 82.0765 50.0000 33.1409 40.1485 63.4534
11348.0000 0.2100 80.0356 49.0000 30.9408 37.0254 63.8552
11349.0000 0.1676 82.1328 50.0000 32.6534 40.2209 63.7325
11350.0000 0.1595 81.6861 50.0000 33.1002 39.9997 63.0636
11351.0000 0.1581 81.3471 50.0000 33.0424 39.8658 62.7397
11352.0000 0.1635 81.5460 50.0000 33.1116 39.5580 63.1548
11353.0000 0.1606 81.5888 50.0000 33.1733 39.7571 63.0527
11354.0000 0.1634 81.4983 50.0000 33.6004 39.0321 63.1623
11355.0000 0.1597 81.7285 50.0000 33.6383 39.4885 63.1559
11356.0000 0.1590 81.6217 50.0000 33.5441 39.5397 63.0357
11357.0000 0.1657 81.3773 50.0000 33.3782 38.9735 63.1603
11358.0000 0.1660 81.2372 50.0000 33.2989 38.9042 63.0645
11359.0000 0.2048 79.1324 49.0000 30.8676 36.6938 62.9499
11360.0000 0.1743 81.3266 50.0000 33.0662 38.5947 63.4909
11361.0000 0.1758 81.6994 50.0000 33.7380 38.1387 63.8904
11362.0000 0.1679 81.2585 50.0000 33.0987 38.9772 63.1522
11363.0000 0.1695 81.5197 50.0000 32.8945 39.2928 63.3995
11364.0000 0.1645 81.2117 50.0000 33.2559 39.0386 62.9712
11365.0000 0.2047 79.2283 49.0000 30.5133 37.1208 62.9929
11366.0000 0.1638 81.2110 50.0000 32.8774 39.4728 62.8983
11367.0000 0.1617 80.9077 50.0000 32.9176 39.3227 62.5796
11368.0000 0.1611 80.8485 50.0000 32.7532 39.4737 62.4942
11369.0000 0.2080 78.7363 49.0000 30.4060 36.5885 62.7388
11370.0000 0.1722 81.0136 50.0000 32.7118 38.8258 63.1324
11371.0000 0.2073 78.9191 49.0000 30.2997 36.8884 62.8442
11372.0000 0.2060 78.7667 49.0000 30.3137 36.8410 62.6739
11373.0000 0.2023 78.5970 49.0000 30.5349 36.7301 62.4180
11374.0000 0.2063 78.3292 49.0000 30.3729 36.3963 62.3559
11375.0000 0.1966 78.2682 49.0000 30.0962 37.2722 61.8943
11376.0000 0.1942 78.4713 49.0000 30.1658 37.5372 61.9575
11377.0000 0.2024 78.5493 49.0000 29.9511 37.2462 62.3349
11378.0000 0.2027 78.4565 49.0000 30.0716 37.0374 62.2845
11379.0000 0.2074 78.4523 49.0000 30.1121 36.6761 62.4730
11380.0000 0.2132 79.0927 49.0000 30.1762 36.7570 63.1980
11381.0000 0.2077 78.5574 49.0000 30.1499 36.7067 62.5689
11382.0000 0.2030 78.7308 49.0000 30.3521 36.9718 62.5330
11383.0000 0.1967 78.6852 49.0000 30.8099 36.9239 62.2795
11384.0000 0.2018 78.6165 49.0000 30.3498 36.9654 62.3939
11385.0000 0.2011 78.7909 49.0000 30.1660 37.3339 62.4836
11386.0000 0.2024 78.7844 49.0000 30.3239 37.0861 62.5465
11387.0000 0.2023 78.9024 49.0000 30.4702 37.0554 62.6423
11388.0000 0.2062 79.0009 49.0000 30.3808 36.9586 62.8666
11389.0000 0.1975 78.6999 49.0000 30.7102 36.9805 62.3138
11390.0000 0.2034 79.0739 49.0000 30.6334 36.9643 62.8324
11391.0000 0.1991 78.5227 49.0000 30.8313 36.5991 62.2555
11392.0000 0.1679 80.0591 50.0000 32.1421 38.8693 62.1734
11393.0000 0.1677 80.3516 50.0000 32.1662 39.1160 62.3831
11394.0000 0.1956 78.9271 49.0000 31.1916 36.8351 62.4479
11395.0000 0.2102 79.5860 49.0000 31.0209 36.5602 63.5215
11396.0000 0.2017 79.1008 49.0000 31.3994 36.3603 62.8407
11397.0000 0.2010 79.2722 49.0000 31.6584 36.3033 62.9595
11398.0000 0.2090 79.5174 49.0000 31.2216 36.3867 63.4368
11399.0000 0.2046 79.3386 49.0000 31.4838 36.2823 63.1425
11400.0000 0.1664 80.4435 50.0000 33.9101 37.5642 62.5315
11401.0000 0.2008 78.9446 49.0000 31.2697 36.4171 62.6758
11402.0000 0.1637 80.2614 50.0000 33.5129 37.9990 62.2484
11403.0000 0.1995 78.8714 49.0000 31.0118 36.6953 62.5494
11404.0000 0.1993 78.7236 49.0000 30.7885 36.7991 62.4123
11405.0000 0.2000 78.8904 49.0000 31.0326 36.6527 62.5880
11406.0000 0.1963 79.1633 49.0000 31.6646 36.5226 62.6919
11407.0000 0.1914 79.0857 49.0000 31.5745 36.8841 62.4273
11408.0000 0.1885 78.7895 49.0000 31.7514 36.6616 62.0932
11409.0000 0.1872 78.8744 49.0000 31.8949 36.6877 62.1119
11410.0000 0.1892 78.8883 49.0000 31.8715 36.5766 62.2071
11411.0000 0.1602 79.9646 50.0000 34.4401 37.0675 61.9211
11412.0000 0.1628 80.1011 50.0000 34.4195 37.0196 62.1372
11413.0000 0.1670 80.0479 50.0000 34.2332 36.8460 62.2746
11414.0000 0.1722 79.7569 50.0000 33.9909 36.4499 62.2671
11415.0000 0.1684 79.5656 50.0000 34.2441 36.2997 61.9706
11416.0000 0.1737 79.7754 50.0000 33.7623 36.5820 62.3376
11417.0000 0.1744 79.8168 50.0000 33.8564 36.4765 62.4014
11418.0000 0.1614 79.6499 50.0000 34.1989 36.9383 61.7260
11419.0000 0.1662 79.7867 50.0000 34.0818 36.8240 62.0350
11420.0000 0.1713 79.5271 50.0000 33.6180 36.6852 62.0370
11421.0000 0.1669 79.3353 50.0000 33.2775 37.1699 61.6855
11422.0000 0.1646 79.3425 50.0000 33.5655 37.0590 61.6054
11423.0000 0.1636 79.4381 50.0000 33.3708 37.4156 61.6188
11424.0000 0.1683 79.6023 50.0000 32.9592 37.6193 61.9274
11425.0000 0.1648 79.7635 50.0000 33.1374 37.8495 61.8994
11426.0000 0.1700 79.8307 50.0000 32.8048 37.8505 62.1621
11427.0000 0.1663 80.0888 50.0000 33.3368 37.8221 62.2282
11428.0000 0.1865 79.3501 49.0000 31.1451 37.8808 62.3817
11429.0000 0.1698 79.9621 50.0000 33.1455 37.6454 62.2747
11430.0000 0.1696 79.8459 50.0000 32.9431 37.7614 62.1626
11431.0000 0.1697 79.8524 50.0000 32.7896 37.9061 62.1641
11432.0000 0.1696 79.5761 50.0000 32.7194 37.7391 61.9480
11433.0000 0.1635 79.3467 50.0000 33.1084 37.6040 61.5278
11434.0000 0.1655 79.6413 50.0000 33.3367 37.4848 61.8570
11435.0000 0.1670 79.3813 50.0000 33.1327 37.3463 61.7160
11436.0000 0.1668 79.4165 50.0000 33.1977 37.3340 61.7338
11437.0000 0.1738 79.6435 50.0000 33.1040 37.1149 62.2068
11438.0000 0.1713 79.7765 50.0000 32.9975 37.5199 62.1909
11439.0000 0.1689 79.7190 50.0000 33.0116 37.6299 62.0430
11440.0000 0.1692 79.6434 50.0000 32.9828 37.5697 61.9978
11441.0000 0.1700 79.4145 50.0000 32.8366 37.4554 61.8507
11442.0000 0.1502 78.0871 49.0000 32.5321 38.0460 59.9313
11443.0000 0.1674 79.5423 50.0000 32.7441 37.8466 61.8259
11444.0000 0.1681 79.4005 50.0000 32.7446 37.6706 61.7507
11445.0000 0.1654 79.1439 50.0000 32.5823 37.8075 61.4227
11446.0000 0.1663 79.3613 50.0000 32.6228 37.8892 61.6310
11447.0000 0.1732 79.7072 50.0000 32.4170 37.8925 62.1814
11448.0000 0.1670 79.3741 50.0000 32.4644 38.0117 61.6557
11449.0000 0.1697 79.5881 50.0000 32.5817 37.8797 61.9502
11450.0000 0.1779 80.0133 50.0000 32.5722 37.6648 62.6303
11451.0000 0.1778 79.6990 50.0000 32.2664 37.6996 62.3662
11452.0000 0.1765 79.7980 50.0000 32.1142 38.0333 62.3688
11453.0000 0.1799 80.1270 50.0000 32.0842 38.1005 62.7638
11454.0000 0.1863 80.0940 50.0000 31.9854 37.7136 63.0053
11455.0000 0.1878 80.2576 50.0000 31.8383 37.8903 63.1817
11456.0000 0.1845 80.2012 50.0000 32.2617 37.6581 63.0339
11457.0000 0.1867 80.4992 50.0000 32.1123 37.9106 63.3381
11458.0000 0.1814 80.2446 50.0000 32.3434 37.8406 62.9380
11459.0000 0.1863 80.3757 50.0000 32.4051 37.5427 63.2512
11460.0000 0.1807 80.2464 50.0000 32.4473 37.7901 62.9171
11461.0000 0.1830 80.4124 50.0000 32.5657 37.6505 63.1512
11462.0000 0.1811 80.4661 50.0000 32.4416 37.9607 63.0977
11463.0000 0.1983 80.3897 49.0000 30.9158 38.1559 63.6462
11464.0000 0.1838 80.4801 50.0000 32.2243 37.9889 63.2098
11465.0000 0.1820 80.4424 50.0000 31.9748 38.3290 63.0831
11466.0000 0.1809 80.0993 50.0000 31.7199 38.3635 62.7534
11467.0000 0.1874 80.1940 50.0000 31.4754 38.2203 63.0839
11468.0000 0.2070 80.3924 49.0000 30.1515 38.2837 63.9389
11469.0000 0.1842 80.7614 50.0000 31.8605 38.5613 63.4061
11470.0000 0.1873 80.9586 50.0000 31.6812 38.6818 63.6736
11471.0000 0.1789 80.2729 50.0000 31.8247 38.5588 62.8025
11472.0000 0.1778 80.3267 50.0000 31.5229 38.9844 62.7607
11473.0000 0.1739 80.3207 50.0000 31.8833 38.9067 62.6190
11474.0000 0.1704 80.0221 50.0000 32.0538 38.7409 62.2514
11475.0000 0.1633 79.7212 50.0000 32.3934 38.6658 61.7341
11476.0000 0.1640 79.4232 50.0000 32.1786 38.5586 61.5290
11477.0000 0.1616 79.4648 50.0000 31.8488 39.1052 61.4092
11478.0000 0.1668 79.7680 50.0000 31.9106 38.9272 61.8816
11479.0000 0.1636 79.8120 50.0000 32.2884 38.8258 61.8059
11480.0000 0.1589 79.6754 50.0000 32.7196 38.6279 61.5263
11481.0000 0.1603 79.4915 50.0000 32.5339 38.5431 61.4400
11482.0000 0.1591 79.3741 50.0000 32.8324 38.2342 61.3224
11483.0000 0.1630 79.2115 50.0000 32.6993 37.9240 61.3758
11484.0000 0.1619 79.5961 50.0000 32.3019 38.7513 61.5667
11485.0000 0.1601 79.6844 50.0000 32.8421 38.4269 61.5985
11486.0000 0.1591 79.8302 50.0000 33.0874 38.3821 61.6839
11487.0000 0.1619 79.6355 50.0000 32.7972 38.2894 61.6448
11488.0000 0.1605 79.7897 50.0000 33.2772 38.0489 61.7359
11489.0000 0.1577 79.8237 50.0000 33.4157 38.1567 61.6383
11490.0000 0.1666 79.7038 50.0000 33.0451 37.7497 61.9328
11491.0000 0.1588 79.5694 50.0000 33.0657 38.1920 61.4762
11492.0000 0.1741 79.9585 50.0000 32.7960 37.6755 62.4367
11493.0000 0.1802 80.1162 50.0000 32.3987 37.7602 62.7941
11494.0000 0.1762 80.0244 50.0000 32.3474 38.0260 62.5426
11495.0000 0.1758 79.9015 50.0000 32.2374 38.0509 62.4269
11496.0000 0.1790 79.7049 50.0000 32.1545 37.7279 62.4145
11497.0000 0.1735 79.4378 50.0000 32.1085 37.9398 61.9675
11498.0000 0.1722 79.1306 50.0000 32.5354 37.3448 61.7127
11499.0000 0.1519 77.7227 49.0000 32.6230 37.4934 59.7562
11500.0000 0.1828 79.8238 50.0000 32.1463 37.5667 62.6674
11501.0000 0.1795 79.7748 50.0000 32.3946 37.5179 62.5062
11502.0000 0.1846 79.7549 50.0000 32.0919 37.4351 62.6863
11503.0000 0.1814 79.7144 50.0000 32.0592 37.6600 62.5166
11504.0000 0.1804 79.7152 50.0000 32.3441 37.4532 62.4951
11505.0000 0.1744 79.6825 50.0000 32.4776 37.7236 62.2209
11506.0000 0.1800 79.7694 50.0000 32.4100 37.4665 62.5220
11507.0000 0.1794 80.0186 50.0000 32.3228 37.8080 62.6798
11508.0000 0.1817 80.2098 50.0000 32.3369 37.7929 62.9256
11509.0000 0.1858 80.3369 50.0000 32.0404 37.9020 63.1733
11510.0000 0.1894 80.3944 50.0000 32.2169 37.5250 63.3814
11511.0000 0.1942 80.4470 50.0000 31.7686 37.6623 63.5926
11512.0000 0.1969 80.2870 50.0000 31.3880 37.7096 63.5514
11513.0000 0.1973 80.0608 50.0000 31.2964 37.5775 63.3893
11514.0000 0.2012 80.3061 50.0000 31.4262 37.3856 63.7477
11515.0000 0.1981 80.2723 50.0000 31.2318 37.7627 63.5783
11516.0000 0.2042 80.3250 50.0000 30.6966 37.9032 63.8214
11517.0000 0.1988 80.4067 50.0000 30.8071 38.2383 63.6710
11518.0000 0.2060 80.7150 50.0000 30.5379 38.2574 64.1773
11519.0000 0.2004 80.3424 50.0000 30.6960 38.1787 63.6792
11520.0000 0.2043 80.2964 50.0000 30.3865 38.1650 63.7778
11521.0000 0.1992 79.8652 50.0000 30.6001 37.9563 63.2567
11522.0000 0.2065 79.9736 50.0000 30.3548 37.7765 63.6184
11523.0000 0.2082 80.0878 50.0000 30.2520 37.8549 63.7642
11524.0000 0.2093 80.1951 50.0000 30.3188 37.8004 63.8996
11525.0000 0.2077 80.2741 50.0000 30.0639 38.2184 63.8706
11526.0000 0.2006 80.0144 50.0000 30.1034 38.4593 63.3796
11527.0000 0.2031 80.2873 50.0000 30.2633 38.3622 63.7066
11528.0000 0.2044 80.1655 50.0000 30.1474 38.2785 63.6584
11529.0000 0.2016 80.1103 50.0000 30.4957 38.0966 63.5320
11530.0000 0.2123 80.4183 50.0000 30.3161 37.7831 64.1909
11531.0000 0.2062 80.5040 50.0000 30.6107 37.9928 64.0345
11532.0000 0.2013 80.4305 50.0000 30.5632 38.3169 63.7712
11533.0000 0.2054 80.4907 50.0000 30.4540 38.1917 63.9742
11534.0000 0.2023 80.3993 50.0000 30.5302 38.2583 63.7830
11535.0000 0.2133 80.6819 50.0000 30.1690 38.0707 64.4207
11536.0000 0.2148 80.3986 50.0000 30.0779 37.8216 64.2555
11537.0000 0.2132 80.7774 50.0000 30.0517 38.2694 64.4775
11538.0000 0.2047 80.6044 50.0000 30.2436 38.5316 64.0134
11539.0000 0.2060 80.5240 50.0000 30.0566 38.5534 63.9871
11540.0000 0.2035 80.2864 50.0000 30.1480 38.4433 63.7112
11541.0000 0.2107 80.1813 50.0000 30.1016 37.9003 63.9258
11542.0000 0.2054 80.0238 50.0000 30.1229 38.1184 63.5878
11543.0000 0.2036 80.2018 50.0000 30.2551 38.2624 63.6628
11544.0000 0.2064 80.2077 50.0000 30.2242 38.1047 63.7793
11545.0000 0.2033 80.3401 50.0000 30.3787 38.2813 63.7668
11546.0000 0.2002 79.9972 50.0000 30.4012 38.1864 63.3807
11547.0000 0.1978 80.1055 50.0000 30.5353 38.3165 63.3745
11548.0000 0.1996 80.0097 50.0000 30.8278 37.8254 63.4069
11549.0000 0.1999 79.9868 50.0000 30.6405 37.9684 63.3834
11550.0000 0.2021 80.1998 50.0000 30.8671 37.7792 63.6550
11551.0000 0.2012 80.4747 50.0000 30.8453 38.0943 63.8245
11552.0000 0.2069 80.4040 50.0000 30.6640 37.8121 63.9903
11553.0000 0.2006 80.1065 50.0000 31.0689 37.6077 63.5407
11554.0000 0.2006 80.1830 50.0000 31.0608 37.6801 63.5984
11555.0000 0.2102 80.1980 50.0000 30.3466 37.7165 63.9395
11556.0000 0.2110 80.4014 50.0000 30.4906 37.6903 64.1417
11557.0000 0.2064 80.4201 50.0000 30.8853 37.6455 64.0024
11558.0000 0.2005 80.1568 50.0000 30.9035 37.8194 63.5592
11559.0000 0.1931 80.0120 50.0000 30.9833 38.1358 63.1476
11560.0000 0.1916 79.8109 50.0000 31.1533 37.9038 62.9489
11561.0000 0.1948 80.1663 50.0000 30.8941 38.2356 63.3263
11562.0000 0.1955 80.3627 50.0000 30.9566 38.2890 63.5123
11563.0000 0.1928 80.2109 50.0000 31.1574 38.1567 63.3015
11564.0000 0.1944 80.3717 50.0000 31.2577 38.0850 63.4988
11565.0000 0.1897 80.4642 50.0000 31.0481 38.6986 63.3477
11566.0000 0.1859 80.2736 50.0000 31.4897 38.3796 63.0814
11567.0000 0.1934 80.3853 50.0000 31.2066 38.2191 63.4605
11568.0000 0.1912 80.1977 50.0000 31.2691 38.1532 63.2317
11569.0000 0.1996 80.6364 50.0000 31.3792 37.8271 63.9272
11570.0000 0.1927 80.3982 50.0000 31.3595 38.1284 63.4561
11571.0000 0.1898 80.2374 50.0000 31.2897 38.2671 63.2031
11572.0000 0.1963 80.4985 50.0000 31.4228 37.8994 63.6887
11573.0000 0.1998 80.5603 50.0000 31.3527 37.7754 63.8747
11574.0000 0.1949 80.1707 50.0000 31.0416 38.0904 63.3473
11575.0000 0.1928 80.2020 50.0000 31.4118 37.9060 63.3151
11576.0000 0.1933 80.4747 50.0000 31.7878 37.7350 63.5750
11577.0000 0.1881 80.1766 50.0000 31.7945 37.8445 63.1284
11578.0000 0.1787 80.0030 50.0000 32.0559 38.1110 62.6136
11579.0000 0.1826 79.9010 50.0000 31.8627 37.9279 62.6931
11580.0000 0.1794 79.8854 50.0000 31.8849 38.1270 62.5409
11581.0000 0.1832 79.8476 50.0000 31.8418 37.8621 62.6754
11582.0000 0.1811 79.9591 50.0000 32.1838 37.7737 62.6961
11583.0000 0.1764 80.0669 50.0000 32.2883 38.1026 62.5809
11584.0000 0.1846 80.3192 50.0000 32.0043 38.0066 63.1063
11585.0000 0.2034 79.6585 49.0000 29.8112 38.2477 63.1971
11586.0000 0.2105 79.7685 49.0000 29.7097 37.9454 63.5649
11587.0000 0.1895 80.4000 50.0000 31.8663 37.8622 63.3653
11588.0000 0.1922 80.5435 50.0000 31.8444 37.8135 63.5872
11589.0000 0.1876 80.3421 50.0000 31.7722 38.0445 63.2297
11590.0000 0.2032 79.6834 49.0000 29.7336 38.3562 63.1994
11591.0000 0.2042 79.9360 49.0000 29.9786 38.2615 63.4595
11592.0000 0.1954 79.5157 49.0000 29.9155 38.5818 62.7635
11593.0000 0.2071 79.9694 49.0000 29.7967 38.2624 63.5866
11594.0000 0.2122 80.2074 49.0000 30.0152 37.9037 63.9971
11595.0000 0.2044 79.6830 49.0000 29.8354 38.1742 63.2610
11596.0000 0.2020 79.5487 49.0000 30.1320 37.9440 63.0896
11597.0000 0.2034 79.6447 49.0000 30.2254 37.8347 63.2316
11598.0000 0.2034 79.2739 49.0000 30.0698 37.6731 62.9356
11599.0000 0.1995 79.2368 49.0000 30.0626 37.9195 62.7441
11600.0000 0.1943 79.2034 49.0000 30.2718 38.0499 62.5220
11601.0000 0.1995 79.1470 49.0000 30.1151 37.7938 62.6814
11602.0000 0.1949 78.5107 49.0000 30.2484 37.4440 62.0234
11603.0000 0.1949 78.4688 49.0000 30.1514 37.5061 61.9802
11604.0000 0.1904 78.2047 49.0000 30.4649 37.2828 61.6267
11605.0000 0.1957 78.3287 49.0000 30.5018 36.9861 61.9440
11606.0000 0.1909 78.4537 49.0000 30.5260 37.4009 61.8411
11607.0000 0.1999 79.1084 49.0000 30.6238 37.2416 62.7167
11608.0000 0.1972 78.9721 49.0000 30.4161 37.5132 62.4836
11609.0000 0.1953 79.0227 49.0000 30.4756 37.6296 62.4487
11610.0000 0.2004 79.1585 49.0000 30.2839 37.5783 62.7442
11611.0000 0.1990 79.5274 49.0000 30.4171 37.8583 62.9775
11612.0000 0.1911 79.1833 49.0000 30.3702 38.1639 62.3792
11613.0000 0.1962 79.4230 49.0000 30.2780 38.1022 62.7653
11614.0000 0.1936 79.2873 49.0000 30.0916 38.3511 62.5314
11615.0000 0.1628 80.4803 50.0000 33.6810 38.0923 62.3831
11616.0000 0.1703 80.7071 50.0000 33.4770 37.9363 62.8791
11617.0000 0.1757 80.8086 50.0000 33.1392 37.9625 63.1719
11618.0000 0.2050 79.5369 49.0000 29.8955 37.9505 63.1834
11619.0000 0.1641 80.0857 50.0000 33.8879 37.4338 62.1613
11620.0000 0.2018 78.8564 49.0000 30.0482 37.4541 62.5510
11621.0000 0.2065 78.8136 49.0000 29.8008 37.3352 62.6864
11622.0000 0.1653 80.0325 50.0000 33.8603 37.3252 62.1732
11623.0000 0.2091 79.0480 49.0000 29.7705 37.3841 62.9661
11624.0000 0.2016 79.0250 49.0000 30.0948 37.5674 62.6734
11625.0000 0.1671 80.4969 50.0000 34.0345 37.4322 62.6118
11626.0000 0.1990 78.9205 49.0000 30.0245 37.7266 62.4794
11627.0000 0.1616 80.0960 50.0000 33.7722 37.7496 62.0465
11628.0000 0.1985 78.8405 49.0000 30.2320 37.4913 62.4199
11629.0000 0.2045 79.3579 49.0000 30.1079 37.6364 63.0452
11630.0000 0.2103 79.7046 49.0000 29.9755 37.6505 63.5353
11631.0000 0.2082 79.4286 49.0000 30.1160 37.4288 63.2536
11632.0000 0.2083 79.4096 49.0000 29.9801 37.5363 63.2306
11633.0000 0.2083 79.6419 49.0000 30.1158 37.6000 63.4201
11634.0000 0.1734 80.5601 50.0000 33.4483 37.6059 62.9042
11635.0000 0.1740 80.5482 50.0000 33.3855 37.6177 62.9153
11636.0000 0.1805 80.7426 50.0000 33.3710 37.3278 63.3433
11637.0000 0.2056 79.1269 49.0000 30.2583 37.2193 62.9303
11638.0000 0.2115 79.2035 49.0000 30.4002 36.7498 63.2335
11639.0000 0.2072 79.1929 49.0000 30.4197 37.0098 63.0589
11640.0000 0.2136 79.2598 49.0000 30.4812 36.5756 63.3658
11641.0000 0.2170 79.6219 49.0000 30.0593 37.0538 63.7425
11642.0000 0.2161 79.3072 49.0000 30.3231 36.6017 63.4860
11643.0000 0.2200 79.2955 49.0000 29.8887 36.7458 63.5939
11644.0000 0.2173 79.4211 49.0000 30.0980 36.8264 63.6054
11645.0000 0.2224 79.6675 49.0000 29.8782 36.9021 63.9721
11646.0000 0.2271 79.8625 49.0000 29.7189 36.9004 64.2897
11647.0000 0.2194 79.7629 49.0000 29.9852 37.0779 63.9393
11648.0000 0.2230 79.6313 49.0000 29.5681 37.1254 63.9420
11649.0000 0.2180 79.0870 49.0000 29.5746 37.0041 63.3308
11650.0000 0.2249 79.1445 49.0000 29.1864 36.9601 63.6079
11651.0000 0.2226 78.9818 49.0000 29.2876 36.8846 63.4026
11652.0000 0.2170 78.8488 49.0000 29.6454 36.8063 63.1156
11653.0000 0.2200 79.1322 49.0000 29.5604 36.9197 63.4431
11654.0000 0.2132 79.2222 49.0000 29.5159 37.4908 63.2410
11655.0000 0.2096 79.1197 49.0000 29.5223 37.6462 63.0168
11656.0000 0.1979 78.6263 49.0000 29.8753 37.6989 62.1962
11657.0000 0.2106 79.1656 49.0000 29.4644 37.6712 63.0866
11658.0000 0.2071 79.2142 49.0000 29.7581 37.6673 63.0120
11659.0000 0.2113 79.1406 49.0000 29.5969 37.4754 63.1098
11660.0000 0.2070 78.8812 49.0000 30.0354 37.1324 62.7799
11661.0000 0.2001 78.8533 49.0000 30.0285 37.5902 62.4749
11662.0000 0.1708 80.6242 50.0000 33.4669 37.8369 62.8379
11663.0000 0.1683 80.6246 50.0000 33.8911 37.5999 62.7533
11664.0000 0.2011 79.2027 49.0000 29.7716 38.0611 62.7541
11665.0000 0.1951 79.1274 49.0000 29.6886 38.4931 62.4340
11666.0000 0.1974 79.5381 49.0000 29.7063 38.6622 62.8417
11667.0000 0.2032 79.7762 49.0000 29.6344 38.5263 63.2595
11668.0000 0.1623 80.7491 50.0000 33.8942 38.1529 62.5777
11669.0000 0.1880 79.4260 49.0000 30.4378 38.5239 62.4336
11670.0000 0.1850 78.9756 49.0000 30.5670 38.2312 61.9772
11671.0000 0.1823 79.3759 49.0000 30.4731 38.8558 62.1462
11672.0000 0.1864 79.1963 49.0000 30.3466 38.5305 62.1815
11673.0000 0.1903 79.4464 49.0000 30.1359 38.6710 62.5149
11674.0000 0.1791 79.0141 49.0000 30.1635 39.0778 61.6953
11675.0000 0.1846 79.4212 49.0000 30.1223 39.0753 62.2373
11676.0000 0.1823 79.3173 49.0000 30.1518 39.1234 62.0602
11677.0000 0.1505 81.0073 50.0000 34.4115 38.7789 62.2432
11678.0000 0.1491 81.1674 50.0000 34.5823 38.8602 62.3064
11679.0000 0.1842 79.8664 49.0000 30.2402 39.3739 62.5610
11680.0000 0.1795 79.6095 49.0000 30.2563 39.4787 62.1584
11681.0000 0.1437 80.9589 50.0000 34.4050 39.2772 61.8703
11682.0000 0.1342 80.8132 50.0000 34.8895 39.4127 61.3199
11683.0000 0.1436 80.8400 50.0000 34.6786 38.8947 61.8038
11684.0000 0.1521 80.9932 50.0000 34.3893 38.6602 62.3110
11685.0000 0.1552 80.6656 50.0000 34.5008 38.0135 62.2223
11686.0000 0.1893 79.1045 49.0000 30.3538 38.2434 62.2384
11687.0000 0.1625 81.0526 50.0000 34.4230 37.8818 62.8454
11688.0000 0.1607 80.9806 50.0000 34.0751 38.3014 62.6877
11689.0000 0.1961 79.2504 49.0000 29.8702 38.3557 62.5879
11690.0000 0.1974 79.6663 49.0000 30.0802 38.4120 62.9796
11691.0000 0.1894 79.5281 49.0000 30.2730 38.6783 62.5480
11692.0000 0.1829 79.0672 49.0000 30.2606 38.7589 61.9166
11693.0000 0.1793 78.9738 49.0000 30.3802 38.8208 61.6998
11694.0000 0.1820 79.1051 49.0000 30.1947 38.9215 61.8952
11695.0000 0.1844 79.1556 49.0000 29.8953 39.0793 62.0056
11696.0000 0.1790 78.6873 49.0000 30.2907 38.6789 61.4663
11697.0000 0.1746 78.3105 49.0000 30.4839 38.4791 61.0133
11698.0000 0.1717 78.3526 49.0000 30.5313 38.6822 60.9151
11699.0000 0.1687 78.2537 49.0000 30.5864 38.7613 60.7098
11700.0000 0.1615 78.2235 49.0000 30.7318 39.1242 60.3636
11701.0000 0.1743 78.6266 49.0000 30.0989 39.1579 61.1788
11702.0000 0.1605 78.1759 49.0000 30.4256 39.4654 60.2347
11703.0000 0.1701 78.2180 49.0000 30.1710 39.0374 60.6947
11704.0000 0.1682 78.5569 49.0000 30.5317 39.1175 60.9001
11705.0000 0.1673 78.4008 49.0000 30.6093 38.9684 60.7554
11706.0000 0.1591 78.3215 49.0000 30.6506 39.4811 60.2996
11707.0000 0.1611 78.4350 49.0000 30.8011 39.2746 60.5050
11708.0000 0.1675 78.5481 49.0000 30.6769 39.0231 60.8764
11709.0000 0.1664 78.1969 49.0000 30.4154 39.0503 60.5370
11710.0000 0.1665 78.5563 49.0000 30.6585 39.1217 60.8329
11711.0000 0.1737 78.7982 49.0000 30.0030 39.4455 61.2620
11712.0000 0.1650 78.4400 49.0000 30.2218 39.5679 60.6124
11713.0000 0.1666 78.4055 49.0000 30.4239 39.2159 60.6953
11714.0000 0.1675 78.5836 49.0000 30.6423 39.0871 60.8986
11715.0000 0.1704 78.7415 49.0000 30.2397 39.4072 61.0971
11716.0000 0.1722 78.3474 49.0000 30.0128 39.1568 60.8629
11717.0000 0.1768 78.6628 49.0000 30.4065 38.7027 61.3627
11718.0000 0.1780 78.8172 49.0000 30.1764 38.9762 61.5012
11719.0000 0.1798 79.0577 49.0000 30.6184 38.6254 61.8119
11720.0000 0.1728 78.8640 49.0000 30.6436 38.9370 61.3548
11721.0000 0.1762 78.8025 49.0000 30.4810 38.7999 61.4436
11722.0000 0.1733 78.8642 49.0000 30.4128 39.1335 61.3449
11723.0000 0.1745 78.6082 49.0000 30.1251 39.1007 61.1790
11724.0000 0.1730 78.6102 49.0000 29.9784 39.3596 61.0874
11725.0000 0.1778 78.7643 49.0000 29.9793 39.1425 61.4241
11726.0000 0.1823 78.6836 49.0000 29.7995 38.9217 61.5483
11727.0000 0.1760 78.4565 49.0000 30.0679 38.9128 61.1322
11728.0000 0.1745 78.5143 49.0000 30.1571 38.9862 61.1156
11729.0000 0.1714 78.4187 49.0000 30.3254 38.9637 60.9237
11730.0000 0.1726 78.3035 49.0000 29.9864 39.1136 60.8471
11731.0000 0.1693 78.2599 49.0000 30.0642 39.2396 60.6713
11732.0000 0.1757 78.3678 49.0000 29.6549 39.2643 60.9952
11733.0000 0.1748 78.4543 49.0000 29.9867 39.0841 61.0598
11734.0000 0.1732 78.4097 49.0000 30.0356 39.1120 60.9605
11735.0000 0.1847 78.7477 49.0000 29.9889 38.6139 61.7320
11736.0000 0.1865 78.7064 49.0000 29.8741 38.5660 61.7649
11737.0000 0.1774 78.3593 49.0000 29.9272 38.8702 61.1036
11738.0000 0.1726 78.5369 49.0000 30.1089 39.1941 61.0355
11739.0000 0.1743 78.6864 49.0000 30.0080 39.2993 61.2097
11740.0000 0.1803 78.6927 49.0000 30.0101 38.8655 61.4931
11741.0000 0.1791 78.9284 49.0000 30.1164 39.0530 61.6244
11742.0000 0.1808 78.9512 49.0000 30.0756 38.9870 61.7152
11743.0000 0.1794 78.5549 49.0000 30.1494 38.6737 61.3697
11744.0000 0.1804 78.4133 49.0000 30.2054 38.4266 61.3163
11745.0000 0.1761 78.4023 49.0000 30.3819 38.5483 61.1382
11746.0000 0.1769 78.1525 49.0000 30.1668 38.4886 60.9623
11747.0000 0.1768 78.0977 49.0000 30.0121 38.5956 60.9007
11748.0000 0.1732 78.0195 49.0000 30.3515 38.4579 60.7192
11749.0000 0.1705 78.0221 49.0000 30.1331 38.8702 60.5686
11750.0000 0.1736 78.0360 49.0000 30.2094 38.5795 60.7341
11751.0000 0.1672 78.0202 49.0000 30.3111 38.9417 60.4312
11752.0000 0.1692 77.7645 49.0000 30.1332 38.7389 60.3209
11753.0000 0.1719 77.9145 49.0000 30.2036 38.6091 60.5619
11754.0000 0.1692 77.8671 49.0000 30.0226 38.9406 60.3785
11755.0000 0.1786 78.0340 49.0000 29.6086 38.8069 60.8823
11756.0000 0.1699 77.6962 49.0000 29.9427 38.8185 60.2765
11757.0000 0.1665 77.4398 49.0000 29.9156 38.8728 59.9240
11758.0000 0.1638 77.2756 49.0000 30.0915 38.7500 59.7030
11759.0000 0.1677 77.5759 49.0000 30.4156 38.4025 60.1512
11760.0000 0.1655 77.6005 49.0000 30.4346 38.5689 60.0667
11761.0000 0.1721 77.8793 49.0000 30.2497 38.5131 60.5547
11762.0000 0.1609 77.3886 49.0000 30.5948 38.5603 59.7165
11763.0000 0.1669 77.8294 49.0000 30.4899 38.6106 60.3076
11764.0000 0.1711 77.7247 49.0000 30.5289 38.1787 60.4277
11765.0000 0.1716 77.5903 49.0000 30.7368 37.8138 60.3789
11766.0000 0.1722 77.8707 49.0000 30.7224 38.0349 60.6080
11767.0000 0.1703 77.9567 49.0000 30.8173 38.1525 60.5964
11768.0000 0.1720 77.8222 49.0000 30.7047 38.0249 60.5609
11769.0000 0.1674 77.6840 49.0000 30.6568 38.2784 60.2473
11770.0000 0.1738 78.1101 49.0000 30.9309 37.9229 60.8795
11771.0000 0.1713 77.9034 49.0000 30.9777 37.8694 60.6237
11772.0000 0.1716 77.9763 49.0000 31.3380 37.5554 60.7275
11773.0000 0.1755 78.0130 49.0000 31.0412 37.6057 60.8957
11774.0000 0.1655 77.8481 49.0000 31.2328 37.9921 60.3443
11775.0000 0.1625 77.7124 49.0000 31.5045 37.8206 60.1356
11776.0000 0.1674 78.1460 49.0000 31.5907 37.7629 60.6860
11777.0000 0.1620 77.6029 49.0000 31.3714 37.8906 60.0196
11778.0000 0.1671 77.9113 49.0000 31.0672 38.1001 60.4432
11779.0000 0.1690 77.7460 49.0000 30.9379 37.9429 60.3955
11780.0000 0.1745 77.9176 49.0000 30.9507 37.6850 60.7704
11781.0000 0.1763 78.0722 49.0000 31.1189 37.5218 60.9836
11782.0000 0.1838 78.4561 49.0000 31.1975 37.2460 61.6021
11783.0000 0.1818 78.4563 49.0000 31.2960 37.2881 61.5268
11784.0000 0.1738 78.1986 49.0000 31.6078 37.3308 61.0113
11785.0000 0.1769 78.2660 49.0000 31.3445 37.4225 61.1772
11786.0000 0.1785 78.3167 49.0000 31.1637 37.5311 61.2678
11787.0000 0.1815 78.5120 49.0000 31.2018 37.4556 61.5440
11788.0000 0.1845 78.3599 49.0000 30.9777 37.3329 61.5380
11789.0000 0.1813 78.0157 49.0000 30.8036 37.4318 61.1265
11790.0000 0.1828 78.3218 49.0000 30.8199 37.5708 61.4237
11791.0000 0.1823 78.2670 49.0000 30.8623 37.5185 61.3645
11792.0000 0.1779 78.2880 49.0000 31.0938 37.6199 61.2122
11793.0000 0.1772 78.0958 49.0000 30.8572 37.7371 61.0139
11794.0000 0.1712 77.7380 49.0000 30.8768 37.8324 60.4858
11795.0000 0.1675 77.9165 49.0000 30.8781 38.2591 60.4463
11796.0000 0.1694 78.0215 49.0000 30.8389 38.2499 60.6074
11797.0000 0.1804 78.5969 49.0000 30.6400 38.1576 61.5034
11798.0000 0.1760 78.8549 49.0000 31.1364 38.2074 61.5533
11799.0000 0.1711 78.9671 49.0000 31.4115 38.3937 61.4414
11800.0000 0.1742 78.8711 49.0000 31.4563 38.0400 61.5151
11801.0000 0.1780 79.1338 49.0000 31.5586 37.8947 61.8886
11802.0000 0.1769 78.9822 49.0000 31.3835 38.0116 61.7122
11803.0000 0.1826 79.0031 49.0000 31.1579 37.8473 61.9536
11804.0000 0.1773 78.5912 49.0000 31.3547 37.6701 61.4363
11805.0000 0.1764 78.7283 49.0000 31.3978 37.8095 61.5041
11806.0000 0.1783 78.6054 49.0000 31.5511 37.4204 61.5065
11807.0000 0.1801 78.8468 49.0000 31.6976 37.3551 61.7792
11808.0000 0.1842 78.8180 49.0000 31.5137 37.2243 61.9154
11809.0000 0.1811 78.6763 49.0000 31.3560 37.4730 61.6647
11810.0000 0.1788 78.6487 49.0000 31.4550 37.5176 61.5518
11811.0000 0.1754 78.6680 49.0000 31.4980 37.7339 61.4222
11812.0000 0.1748 78.6860 49.0000 31.1623 38.1265 61.3740
11813.0000 0.1726 78.8364 49.0000 31.1616 38.4167 61.3864
11814.0000 0.1657 78.7854 49.0000 31.2107 38.8329 61.0331
11815.0000 0.1697 78.7682 49.0000 31.0965 38.6374 61.1930
11816.0000 0.1771 79.1468 49.0000 31.0314 38.4892 61.8049
11817.0000 0.1710 78.7555 49.0000 31.3852 38.2439 61.2764
11818.0000 0.1785 79.0123 49.0000 31.2206 38.0877 61.7863
11819.0000 0.1762 79.1787 49.0000 31.2762 38.3436 61.8128
11820.0000 0.1786 79.2165 49.0000 30.8482 38.6221 61.9030
11821.0000 0.1746 79.0109 49.0000 30.7990 38.7830 61.5632
11822.0000 0.1767 79.0759 49.0000 30.9512 38.5378 61.7241
11823.0000 0.1712 78.9047 49.0000 31.2747 38.4644 61.3868
11824.0000 0.1764 79.2394 49.0000 31.4722 38.1872 61.8880
11825.0000 0.1729 79.0424 49.0000 31.4739 38.2633 61.5875
11826.0000 0.1765 79.0505 49.0000 31.3803 38.1026 61.7450
11827.0000 0.1684 78.7439 49.0000 31.2792 38.5253 61.1393
11828.0000 0.1756 78.9587 49.0000 31.1496 38.3142 61.6132
11829.0000 0.1690 78.8014 49.0000 31.5773 38.2399 61.2392
11830.0000 0.1756 78.9642 49.0000 31.2909 38.1838 61.6297
11831.0000 0.1705 78.8798 49.0000 31.3541 38.4189 61.3427
11832.0000 0.1646 78.8540 49.0000 31.5678 38.6182 61.0743
11833.0000 0.1682 79.1840 49.0000 31.7059 38.5105 61.4962
11834.0000 0.1663 78.8641 49.0000 31.4373 38.6353 61.1437
11835.0000 0.1613 78.7137 49.0000 31.6488 38.6594 60.8247
11836.0000 0.1604 78.7040 49.0000 31.8280 38.5360 60.7970
11837.0000 0.1629 78.7343 49.0000 31.5997 38.6074 60.9099
11838.0000 0.1667 78.9963 49.0000 31.6219 38.5375 61.2808
11839.0000 0.1679 79.1238 49.0000 31.7328 38.4484 61.4436
11840.0000 0.1641 78.7468 49.0000 31.4104 38.7158 60.9552
11841.0000 0.1633 78.7123 49.0000 31.4982 38.6569 60.9026
11842.0000 0.1612 78.7915 49.0000 31.3348 39.0540 60.8360
11843.0000 0.1578 78.5368 49.0000 31.2952 39.1241 60.4809
11844.0000 0.1583 78.6899 49.0000 30.9881 39.5318 60.5730
11845.0000 0.1582 78.8189 49.0000 31.0796 39.5610 60.6746
11846.0000 0.1525 78.3307 49.0000 31.1462 39.4967 60.0468
11847.0000 0.1563 78.3923 49.0000 31.0036 39.4000 60.2642
11848.0000 0.1489 78.4978 49.0000 31.6162 39.4437 60.0542
11849.0000 0.1393 77.8005 49.0000 31.1406 40.0593 58.9783
11850.0000 0.1417 78.1858 49.0000 31.1927 40.1661 59.3862
11851.0000 0.1479 78.1290 49.0000 31.0867 39.7280 59.6610
11852.0000 0.1515 77.9622 49.0000 30.9326 39.4511 59.7067
11853.0000 0.1494 78.1072 49.0000 30.8632 39.8182 59.6884
11854.0000 0.1506 78.0697 49.0000 30.6589 39.9011 59.6893
11855.0000 0.1530 78.2680 49.0000 30.6379 39.9136 59.9509
11856.0000 0.1540 78.0588 49.0000 30.7856 39.4953 59.8795
11857.0000 0.1428 77.6424 49.0000 31.1056 39.6659 59.0543
11858.0000 0.1386 77.8405 49.0000 31.3541 39.9320 59.0041
11859.0000 0.1342 77.3756 49.0000 31.5048 39.7006 58.4663
11860.0000 0.1414 77.7817 49.0000 31.5830 39.4129 59.1535
11861.0000 0.1463 77.6904 49.0000 31.4392 39.0927 59.3223
11862.0000 0.1417 77.2543 49.0000 31.6883 38.7978 58.8116
11863.0000 0.1419 77.3484 49.0000 31.6710 38.8882 58.8849
11864.0000 0.1388 77.4797 49.0000 31.9576 38.9538 58.8593
11865.0000 0.1497 77.8589 49.0000 31.4777 38.9427 59.6206
11866.0000 0.1488 77.7304 49.0000 31.5053 38.8698 59.4859
11867.0000 0.1481 77.4608 49.0000 31.3590 38.8264 59.2394
11868.0000 0.1494 77.1938 49.0000 31.1675 38.6742 59.0913
11869.0000 0.1526 77.3225 49.0000 31.3167 38.3963 59.3613
11870.0000 0.1528 77.3875 49.0000 31.1705 38.5894 59.3976
11871.0000 0.1542 77.3958 49.0000 30.8695 38.7925 59.4334
11872.0000 0.1530 77.4790 49.0000 31.0006 38.8258 59.4519
11873.0000 0.1510 77.2848 49.0000 30.8528 38.9560 59.1902
11874.0000 0.1506 77.0839 49.0000 30.8132 38.8464 59.0206
11875.0000 0.1553 77.1461 49.0000 30.7669 38.5935 59.2914
11876.0000 0.1565 77.0843 49.0000 30.9196 38.2895 59.3287
11877.0000 0.1543 77.1630 49.0000 31.4281 38.0155 59.3399
11878.0000 0.1567 77.1252 49.0000 31.4853 37.7424 59.4346
11879.0000 0.1610 77.3691 49.0000 31.6340 37.4935 59.8289
11880.0000 0.1551 77.5092 49.0000 31.8377 37.8505 59.6772
11881.0000 0.1520 77.2016 49.0000 31.3789 38.2716 59.2514
11882.0000 0.1493 77.6122 49.0000 31.4866 38.7432 59.4240
11883.0000 0.1580 78.0754 49.0000 31.1657 38.8219 60.1442
11884.0000 0.1549 78.0216 49.0000 31.1556 39.0200 59.9511
11885.0000 0.1517 77.7995 49.0000 31.2920 38.9231 59.6536
11886.0000 0.1530 77.8423 49.0000 31.3354 38.8210 59.7532
11887.0000 0.1530 77.8075 49.0000 30.8899 39.2361 59.6687
11888.0000 0.1586 77.7297 49.0000 30.9356 38.6992 59.8938
11889.0000 0.1542 77.8802 49.0000 31.1637 38.9370 59.8169
11890.0000 0.1579 77.8264 49.0000 31.0480 38.7231 59.9457
11891.0000 0.1597 77.6448 49.0000 30.7592 38.7173 59.8628
11892.0000 0.1645 77.7139 49.0000 30.9048 38.2714 60.1635
11893.0000 0.1655 77.9443 49.0000 30.7393 38.5734 60.3531
11894.0000 0.1600 77.8990 49.0000 30.6625 39.0157 60.0486
11895.0000 0.1655 77.8695 49.0000 30.7497 38.4922 60.3031
11896.0000 0.1739 77.8625 49.0000 30.6404 37.9798 60.6734
11897.0000 0.1733 77.7315 49.0000 30.6243 37.9296 60.5449
11898.0000 0.1661 77.5467 49.0000 30.4366 38.4725 60.0581
11899.0000 0.1670 77.6138 49.0000 30.6268 38.2762 60.1733
11900.0000 0.1669 77.7080 49.0000 30.8360 38.1595 60.2621
11901.0000 0.1646 77.5450 49.0000 30.7371 38.2860 60.0220
11902.0000 0.1713 77.3720 49.0000 30.5639 37.8179 60.1837
11903.0000 0.1687 77.3680 49.0000 30.6445 37.9174 60.0749
11904.0000 0.1721 77.3714 49.0000 30.5500 37.7692 60.2206
11905.0000 0.1721 77.1432 49.0000 30.3586 37.7606 60.0298
11906.0000 0.1741 77.1936 49.0000 30.4099 37.6108 60.1624
11907.0000 0.1739 77.0451 49.0000 30.1744 37.7270 60.0177
11908.0000 0.1795 77.0619 49.0000 30.2713 37.2479 60.2892
11909.0000 0.1814 77.2726 49.0000 30.3201 37.2506 60.5321
11910.0000 0.1861 77.5358 49.0000 30.0782 37.3837 60.9061
11911.0000 0.1886 77.2684 49.0000 30.0539 37.0088 60.8072
11912.0000 0.1894 77.5858 49.0000 30.0668 37.2150 61.0785
11913.0000 0.1896 77.5062 49.0000 30.0841 37.1166 61.0288
11914.0000 0.1903 77.3663 49.0000 29.9514 37.0713 60.9441
11915.0000 0.1819 77.4357 49.0000 30.0823 37.5924 60.6478
11916.0000 0.1851 77.2908 49.0000 30.1680 37.1599 60.6869
11917.0000 0.1762 76.9957 49.0000 30.5144 37.1867 60.1195
11918.0000 0.1727 77.1005 49.0000 30.4873 37.5542 60.0391
11919.0000 0.1773 77.4268 49.0000 30.5179 37.4774 60.4897
11920.0000 0.1709 77.1105 49.0000 30.4621 37.7179 59.9621
11921.0000 0.1660 77.1531 49.0000 30.4316 38.1385 59.7659
11922.0000 0.1673 77.0821 49.0000 30.4221 37.9883 59.7749
11923.0000 0.1663 76.7698 49.0000 30.1125 38.0972 59.4596
11924.0000 0.1684 76.9748 49.0000 30.2815 37.9560 59.7286
11925.0000 0.1650 76.9335 49.0000 30.4971 37.9524 59.5677
11926.0000 0.1594 76.7177 49.0000 30.6782 37.9865 59.1733
11927.0000 0.1569 76.4519 49.0000 30.2916 38.3263 58.8082
11928.0000 0.1605 76.6956 49.0000 30.5944 37.9742 59.1960
11929.0000 0.1519 76.3134 49.0000 30.5466 38.3174 58.5014
11930.0000 0.1580 76.4480 49.0000 30.6036 37.9219 58.9036
11931.0000 0.1589 76.5718 49.0000 30.4996 38.0736 59.0205
11932.0000 0.1589 76.8189 49.0000 30.6582 38.1363 59.2187
11933.0000 0.1633 76.8523 49.0000 30.6764 37.8219 59.4536
11934.0000 0.1581 76.8293 49.0000 30.7558 38.1089 59.1991
11935.0000 0.1600 76.7659 49.0000 30.6744 37.9870 59.2375
11936.0000 0.1633 76.7673 49.0000 30.4854 37.9414 59.3659
11937.0000 0.1650 76.8982 49.0000 30.2313 38.1840 59.5095
11938.0000 0.1634 76.9551 49.0000 30.3479 38.2345 59.4913
11939.0000 0.1551 76.7182 49.0000 30.4336 38.5552 58.9319
11940.0000 0.1579 76.9026 49.0000 30.3515 38.5906 59.1909
11941.0000 0.1568 76.6966 49.0000 30.3379 38.5030 58.9873
11942.0000 0.1624 76.7735 49.0000 30.3554 38.1411 59.3126
11943.0000 0.1665 76.7524 49.0000 30.1959 37.9803 59.4696
11944.0000 0.1666 77.0681 49.0000 30.4469 38.0028 59.7350
11945.0000 0.1589 76.9649 49.0000 30.6912 38.2325 59.3289
11946.0000 0.1630 76.8380 49.0000 30.6234 37.8835 59.4233
11947.0000 0.1676 76.8200 49.0000 30.7351 37.4244 59.6329
11948.0000 0.1725 77.3470 49.0000 30.5559 37.7150 60.2203
11949.0000 0.1730 77.2768 49.0000 30.5362 37.6401 60.1869
11950.0000 0.1764 77.0798 49.0000 30.7432 37.0218 60.2124
11951.0000 0.1771 77.0927 49.0000 30.6067 37.1174 60.2397
11952.0000 0.1798 77.2403 49.0000 30.2288 37.4225 60.4304
11953.0000 0.1781 77.3572 49.0000 30.3823 37.4985 60.4559
11954.0000 0.1842 77.5360 49.0000 30.4621 37.1453 60.8615
11955.0000 0.1764 77.3702 49.0000 30.4436 37.5662 60.3996
11956.0000 0.1821 77.5339 49.0000 30.0766 37.6667 60.7299
11957.0000 0.1745 77.2897 49.0000 30.4218 37.6555 60.2517
11958.0000 0.1746 77.1608 49.0000 30.5046 37.4524 60.1712
11959.0000 0.1727 77.2043 49.0000 30.4265 37.7042 60.1092
11960.0000 0.1712 77.3454 49.0000 30.3859 37.9788 60.1383
11961.0000 0.1665 77.2730 49.0000 30.3574 38.2854 59.8647
11962.0000 0.1579 77.2429 49.0000 30.4381 38.8134 59.4433
11963.0000 0.1599 77.1774 49.0000 30.3495 38.6926 59.4823
11964.0000 0.1589 77.0989 49.0000 30.3605 38.6834 59.3808
11965.0000 0.1627 77.1475 49.0000 30.4457 38.3627 59.6079
11966.0000 0.1649 77.4035 49.0000 30.6923 38.1776 59.9313
11967.0000 0.1625 77.6735 49.0000 30.6723 38.6211 60.0066
11968.0000 0.1633 78.0578 49.0000 30.9353 38.6377 60.3585
11969.0000 0.1530 77.8383 49.0000 30.8141 39.3410 59.6789
11970.0000 0.1517 77.9313 49.0000 30.9027 39.4426 59.6875
11971.0000 0.1504 78.1891 49.0000 31.0956 39.5763 59.8357
11972.0000 0.1585 78.2228 49.0000 31.0031 39.0774 60.2541
11973.0000 0.1557 77.9593 49.0000 31.1273 38.9266 59.9456
11974.0000 0.1590 77.9651 49.0000 31.0867 38.7233 60.1055
11975.0000 0.1649 77.7881 49.0000 30.8925 38.3255 60.2312
11976.0000 0.1716 77.9278 49.0000 30.3399 38.5039 60.5779
11977.0000 0.1695 77.9233 49.0000 30.0615 38.9346 60.4354
11978.0000 0.1620 77.9460 49.0000 30.3305 39.2444 60.1292
11979.0000 0.1682 78.2815 49.0000 30.5125 38.8921 60.6991
11980.0000 0.1681 78.2446 49.0000 30.2491 39.1342 60.6278
11981.0000 0.1730 78.1607 49.0000 30.0942 38.8510 60.7786
11982.0000 0.1692 77.9869 49.0000 30.1592 38.9086 60.4855
11983.0000 0.1735 78.1400 49.0000 30.2906 38.6026 60.8127
11984.0000 0.1724 78.1681 49.0000 30.3545 38.6423 60.7917
11985.0000 0.1702 77.7109 49.0000 30.1895 38.5622 60.3368
11986.0000 0.1723 78.1976 49.0000 30.6177 38.4180 60.8398
11987.0000 0.1647 77.9353 49.0000 30.9285 38.4328 60.3345
11988.0000 0.1693 77.8316 49.0000 30.6268 38.3066 60.4347
11989.0000 0.1671 77.8892 49.0000 30.9551 38.1872 60.4174
11990.0000 0.1721 78.2757 49.0000 31.1438 37.9798 60.9482
11991.0000 0.1660 78.0413 49.0000 30.9897 38.3679 60.4813
11992.0000 0.1697 77.7567 49.0000 30.8032 38.0316 60.4223
11993.0000 0.1702 77.8755 49.0000 30.8912 38.0164 60.5398
11994.0000 0.1687 77.8837 49.0000 31.0596 37.9656 60.4961
11995.0000 0.1675 77.8800 49.0000 31.4681 37.6425 60.4823
11996.0000 0.1689 78.1104 49.0000 31.5229 37.6852 60.7237
11997.0000 0.1766 78.2326 49.0000 31.3246 37.4398 61.1340
11998.0000 0.1809 78.1070 49.0000 31.1478 37.1963 61.2124
11999.0000 0.1865 78.2322 49.0000 31.0559 37.0066 61.5331
12000.0000 0.1787 78.1225 49.0000 31.2676 37.2521 61.1371
12001.0000 0.1815 77.9566 49.0000 31.0752 37.0933 61.1199
12002.0000 0.1836 78.0410 49.0000 30.8475 37.2472 61.2494
12003.0000 0.1776 77.5050 49.0000 30.8568 37.1960 60.5916
12004.0000 0.1734 77.3107 49.0000 30.8950 37.2828 60.2697
12005.0000 0.1786 77.2764 49.0000 30.5591 37.2160 60.4380
12006.0000 0.1841 77.1731 49.0000 30.5273 36.7707 60.5945
12007.0000 0.1774 77.1735 49.0000 30.5424 37.2268 60.3081
12008.0000 0.1826 77.6307 49.0000 30.7337 37.0706 60.8911
12009.0000 0.1867 77.3474 49.0000 30.5001 36.7704 60.8301
12010.0000 0.1916 77.4234 49.0000 30.4633 36.5383 61.0845
12011.0000 0.1871 77.3177 49.0000 30.5053 36.7121 60.8249
12012.0000 0.1919 77.4297 49.0000 30.3770 36.6066 61.0946
12013.0000 0.1889 77.0470 49.0000 30.4251 36.4326 60.6895
12014.0000 0.1906 77.5302 49.0000 30.7546 36.4137 61.1484
12015.0000 0.1872 77.6007 49.0000 30.6656 36.7906 61.0569
12016.0000 0.1818 77.2747 49.0000 30.6410 36.9095 60.5821
12017.0000 0.1878 77.4313 49.0000 30.4745 36.7898 60.9379
12018.0000 0.1922 77.4345 49.0000 30.5070 36.4626 61.1221
12019.0000 0.1928 77.2853 49.0000 30.1688 36.6231 61.0050
12020.0000 0.1940 77.3648 49.0000 30.2791 36.5035 61.1227
12021.0000 0.1929 77.1523 49.0000 30.2909 36.3797 60.9217
12022.0000 0.1932 77.1872 49.0000 30.0282 36.6514 60.9331
12023.0000 0.1911 76.8028 49.0000 30.0036 36.4890 60.5558
12024.0000 0.1942 77.0277 49.0000 30.2871 36.1892 60.8794
12025.0000 0.1851 76.5637 49.0000 30.4097 36.2907 60.1684
12026.0000 0.1840 76.5863 49.0000 30.3653 36.4339 60.1330
12027.0000 0.1817 76.2631 49.0000 30.4896 36.1872 59.8074
12028.0000 0.1797 76.1144 49.0000 30.4351 36.2481 59.6085
12029.0000 0.1762 76.1144 49.0000 30.4077 36.5171 59.4582
12030.0000 0.1807 76.4585 49.0000 30.6323 36.2850 59.9247
12031.0000 0.1828 76.3943 49.0000 30.5748 36.1423 59.9583
12032.0000 0.1822 76.3412 49.0000 30.3812 36.3260 59.8781
12033.0000 0.1821 76.3711 49.0000 30.2814 36.4587 59.8861
12034.0000 0.1846 76.3524 49.0000 30.3855 36.1726 59.9830
12035.0000 0.1865 76.1973 49.0000 30.4935 35.8022 59.9531
12036.0000 0.1843 76.4395 49.0000 30.6567 36.0000 60.0596
12037.0000 0.1807 76.2721 49.0000 30.5272 36.2268 59.7757
12038.0000 0.1834 76.3645 49.0000 30.4154 36.2294 59.9489
12039.0000 0.1786 76.1122 49.0000 30.4931 36.2701 59.5627
12040.0000 0.1787 76.1656 49.0000 30.6130 36.1908 59.6177
12041.0000 0.1826 76.2035 49.0000 30.2422 36.3166 59.7787
12042.0000 0.1798 76.0027 49.0000 30.1102 36.4628 59.5000
12043.0000 0.1810 76.1042 49.0000 30.4478 36.1410 59.6540
12044.0000 0.1771 76.1296 49.0000 30.3150 36.5611 59.4980
12045.0000 0.1835 76.3694 49.0000 30.4501 36.1969 59.9571
12046.0000 0.1795 76.3067 49.0000 30.6654 36.2018 59.7643
12047.0000 0.1845 76.0499 49.0000 30.3279 35.9698 59.7494
12048.0000 0.1866 76.1919 49.0000 30.5324 35.7527 59.9559
12049.0000 0.1823 76.0651 49.0000 30.3988 36.0617 59.6772
12050.0000 0.1817 75.8997 49.0000 30.2963 36.0647 59.5167
12051.0000 0.1828 75.9791 49.0000 30.3320 36.0222 59.6255
12052.0000 0.1824 75.9300 49.0000 30.4508 35.8915 59.5812
12053.0000 0.1831 75.9975 49.0000 30.5287 35.8221 59.6690
12054.0000 0.1783 76.0463 49.0000 30.4924 36.2294 59.5037
12055.0000 0.1804 76.0911 49.0000 30.3148 36.2975 59.6101
12056.0000 0.1775 75.7887 49.0000 30.5707 35.9827 59.2841
12057.0000 0.1823 76.2008 49.0000 30.4815 36.1009 59.7843
12058.0000 0.1816 76.2611 49.0000 30.7255 35.9622 59.8199
12059.0000 0.1755 76.1440 49.0000 30.8038 36.2023 59.4847
12060.0000 0.1737 76.2420 49.0000 30.8662 36.3542 59.4852
12061.0000 0.1716 76.0717 49.0000 30.8488 36.3703 59.2660
12062.0000 0.1764 76.3360 49.0000 30.8515 36.2584 59.6716
12063.0000 0.1764 76.5724 49.0000 30.9111 36.4098 59.8512
12064.0000 0.1771 76.5813 49.0000 31.0666 36.2158 59.8997
12065.0000 0.1799 76.7973 49.0000 30.8539 36.4201 60.1619
12066.0000 0.1818 76.8608 49.0000 31.0713 36.1296 60.3059
12067.0000 0.1701 76.4308 49.0000 31.1927 36.4444 59.5020
12068.0000 0.1743 76.2389 49.0000 30.8707 36.3032 59.5101
12069.0000 0.1693 76.0506 49.0000 31.0399 36.3207 59.1694
12070.0000 0.1725 76.2946 49.0000 30.9615 36.3885 59.4821
12071.0000 0.1690 76.2833 49.0000 30.9916 36.5941 59.3256
12072.0000 0.1638 76.0470 49.0000 30.8684 36.8772 58.9098
12073.0000 0.1672 75.7912 49.0000 30.7946 36.4862 58.8622
12074.0000 0.1728 75.7729 49.0000 30.5569 36.3076 59.0726
12075.0000 0.1761 76.0988 49.0000 30.3088 36.6120 59.4303
12076.0000 0.1684 75.9683 49.0000 30.6153 36.7354 59.0288
12077.0000 0.1608 75.7878 49.0000 30.8358 36.8961 58.5801
12078.0000 0.1627 75.8056 49.0000 30.7857 36.8262 58.6733
12079.0000 0.1614 75.9876 49.0000 30.9232 36.9463 58.7609
12080.0000 0.1568 75.9420 49.0000 30.8957 37.2645 58.5149
12081.0000 0.1577 76.1897 49.0000 30.7534 37.5626 58.7209
12082.0000 0.1582 76.2145 49.0000 30.7713 37.5312 58.7638
12083.0000 0.1574 76.2140 49.0000 30.6927 37.6677 58.7169
12084.0000 0.1490 75.7951 49.0000 30.7440 37.8630 58.0181
12085.0000 0.1517 76.5685 49.0000 30.9800 38.1245 58.7325
12086.0000 0.1506 76.2355 49.0000 31.0968 37.7813 58.4587
12087.0000 0.1518 76.4192 49.0000 31.0309 37.9286 58.6378
12088.0000 0.1520 76.7171 49.0000 31.1511 38.0595 58.8778
12089.0000 0.1566 77.0061 49.0000 31.0006 38.1308 59.2870
12090.0000 0.1488 76.5201 49.0000 31.1342 38.1406 58.5771
12091.0000 0.1503 76.5948 49.0000 31.3897 37.8372 58.7350
12092.0000 0.1522 76.4215 49.0000 31.1645 37.7633 58.6766
12093.0000 0.1537 76.3657 49.0000 31.1928 37.5729 58.7112
12094.0000 0.1557 76.6801 49.0000 31.2112 37.6913 59.0344
12095.0000 0.1525 76.6585 49.0000 31.2248 37.8956 58.8681
12096.0000 0.1532 76.7498 49.0000 31.0737 38.0809 58.9475
12097.0000 0.1510 76.4132 49.0000 31.2237 37.7860 58.6198
12098.0000 0.1457 76.2781 49.0000 31.1861 38.1025 58.2578
12099.0000 0.1488 76.1109 49.0000 31.1768 37.7240 58.2905
12100.0000 0.1556 76.1244 49.0000 30.5646 37.8472 58.5519
12101.0000 0.1595 76.5303 49.0000 30.4556 38.0377 59.0125
12102.0000 0.1573 76.6098 49.0000 30.6887 38.0387 58.9942
12103.0000 0.1519 76.3411 49.0000 30.6163 38.2717 58.5310
12104.0000 0.1451 76.2976 49.0000 31.0847 38.2662 58.2303
12105.0000 0.1428 76.0428 49.0000 30.9667 38.3328 57.9152
12106.0000 0.1407 75.6928 49.0000 31.1795 37.9494 57.5941
12107.0000 0.1404 76.0131 49.0000 30.9432 38.5175 57.7660
12108.0000 0.1360 75.5760 49.0000 31.2525 38.1307 57.2805
12109.0000 0.1437 75.9824 49.0000 30.7825 38.3945 57.8932
12110.0000 0.1387 75.8877 49.0000 30.8821 38.5982 57.5797
12111.0000 0.1419 76.1850 49.0000 31.0246 38.4761 57.9761
12112.0000 0.1459 76.2761 49.0000 31.0417 38.2325 58.2473
12113.0000 0.1470 76.2846 49.0000 31.0835 38.1144 58.3134
12114.0000 0.1479 76.3771 49.0000 31.1701 38.0408 58.4362
12115.0000 0.1434 76.1768 49.0000 31.3175 38.0531 58.0868
12116.0000 0.1407 76.1129 49.0000 31.3919 38.1212 57.9180
12117.0000 0.1367 76.0258 49.0000 31.2210 38.5308 57.6242
12118.0000 0.1346 75.7951 49.0000 31.1932 38.5076 57.3502
12119.0000 0.1278 75.6573 49.0000 31.2024 38.9143 56.8869
12120.0000 0.1268 75.6393 49.0000 31.2962 38.8798 56.8350
12121.0000 0.1302 75.7067 49.0000 31.2032 38.7641 57.0544
12122.0000 0.1265 75.7038 49.0000 31.3723 38.8868 56.8740
12123.0000 0.1273 75.7245 49.0000 31.4744 38.7309 56.9516
12124.0000 0.1344 75.6738 49.0000 31.1744 38.4280 57.2536
12125.0000 0.1291 75.5730 49.0000 31.2126 38.7198 56.9019
12126.0000 0.1271 75.7688 49.0000 31.4592 38.8065 56.9674
12127.0000 0.1231 75.7736 49.0000 31.5637 39.0309 56.7623
12128.0000 0.1283 75.7185 49.0000 31.1600 38.9819 56.9452
12129.0000 0.1352 75.8916 49.0000 30.9243 38.8329 57.4041
12130.0000 0.1382 75.9244 49.0000 30.7408 38.8146 57.5582
12131.0000 0.1393 75.9172 49.0000 30.9499 38.5054 57.6443
12132.0000 0.1379 76.1198 49.0000 31.2662 38.4772 57.7594
12133.0000 0.1375 76.2391 49.0000 31.0928 38.7962 57.7970
12134.0000 0.1341 76.1417 49.0000 31.1896 38.8745 57.5634
12135.0000 0.1337 76.2667 49.0000 31.1628 39.0580 57.6191
12136.0000 0.1327 75.8425 49.0000 30.9655 38.9458 57.2403
12137.0000 0.1308 75.9694 49.0000 31.1340 39.0388 57.2538
12138.0000 0.1379 75.8680 49.0000 30.9774 38.5445 57.5384
12139.0000 0.1289 75.3609 49.0000 31.3712 38.3725 56.7686
12140.0000 0.1278 75.5097 49.0000 31.4836 38.4793 56.8317
12141.0000 0.1310 75.8276 49.0000 31.4124 38.5970 57.2133
12142.0000 0.1270 75.5424 49.0000 31.7039 38.3487 56.8409
12143.0000 0.1276 75.2876 49.0000 31.0931 38.6979 56.6031
12144.0000 0.1266 75.2280 49.0000 31.1837 38.6219 56.5259
12145.0000 0.1244 74.9257 49.0000 30.9400 38.7752 56.1521
12146.0000 0.1319 75.1505 49.0000 30.7333 38.6004 56.6839
12147.0000 0.1348 75.3378 49.0000 30.5178 38.7674 56.9344
12148.0000 0.1379 75.4309 49.0000 30.4310 38.7040 57.1469
12149.0000 0.1365 75.6009 49.0000 30.6535 38.7364 57.2307
12150.0000 0.1247 75.0104 49.0000 30.8542 38.9226 56.2104
12151.0000 0.1261 74.9443 49.0000 31.1452 38.4345 56.2975
12152.0000 0.1243 74.9293 49.0000 31.0564 38.6628 56.1702
12153.0000 0.1246 74.8014 49.0000 31.0988 38.4686 56.1095
12154.0000 0.1249 74.8488 49.0000 30.9754 38.6204 56.1367
12155.0000 0.1253 75.1634 49.0000 30.9821 38.8820 56.3724
12156.0000 0.1243 74.6838 49.0000 31.0135 38.4760 55.9949
12157.0000 0.1232 74.8787 49.0000 30.8662 38.9069 56.0388
12158.0000 0.1225 74.8262 49.0000 30.7686 39.0190 55.9444
12159.0000 0.1192 74.7874 49.0000 30.9407 39.0724 55.7599
12160.0000 0.1249 75.1910 49.0000 31.0098 38.9133 56.3723
12161.0000 0.1276 74.8714 49.0000 30.7677 38.6414 56.2665
12162.0000 0.1329 75.1866 49.0000 30.6210 38.6672 56.7471
12163.0000 0.1285 75.0523 49.0000 30.5943 38.9300 56.4029
12164.0000 0.1248 75.0635 49.0000 30.7713 39.0545 56.2353
12165.0000 0.1220 74.7549 49.0000 30.8572 38.8955 55.8862
12166.0000 0.1208 74.6961 49.0000 30.8151 38.9879 55.7662
12167.0000 0.1195 74.6063 49.0000 30.9279 38.8877 55.6535
12168.0000 0.1221 74.6517 49.0000 30.8449 38.8014 55.8205
12169.0000 0.1242 74.5916 49.0000 30.7540 38.6677 55.8830
12170.0000 0.1235 74.7770 49.0000 30.6142 39.0566 55.9371
12171.0000 0.1278 75.0152 49.0000 30.6956 38.8410 56.3599
12172.0000 0.1213 74.8282 49.0000 30.9283 38.9524 55.9054
12173.0000 0.1272 75.0623 49.0000 30.6606 38.9762 56.3482
12174.0000 0.1298 75.2968 49.0000 30.7339 38.9063 56.6687
12175.0000 0.1265 75.1441 49.0000 30.9512 38.7993 56.4204
12176.0000 0.1314 75.0885 49.0000 30.8450 38.4629 56.6345
12177.0000 0.1309 75.2418 49.0000 30.7488 38.7462 56.6972
12178.0000 0.1260 75.0995 49.0000 31.0943 38.6429 56.3897
12179.0000 0.1234 75.2179 49.0000 31.2507 38.8098 56.3465
12180.0000 0.1244 75.0999 49.0000 30.8208 39.0667 56.2483
12181.0000 0.1241 75.0981 49.0000 30.9742 38.9318 56.2551
12182.0000 0.1296 75.4704 49.0000 30.9451 38.8599 56.8163
12183.0000 0.1288 75.2013 49.0000 30.9082 38.7148 56.5781
12184.0000 0.1298 75.3351 49.0000 30.9139 38.7525 56.7271
12185.0000 0.1275 75.2282 49.0000 30.9010 38.8516 56.5239
12186.0000 0.1191 75.4161 49.0000 31.0212 39.6063 56.1838
12187.0000 0.1245 75.4834 49.0000 31.0937 39.1373 56.5614
12188.0000 0.1276 75.4768 49.0000 31.0878 38.8855 56.7293
12189.0000 0.1163 75.1729 49.0000 31.4613 39.1294 55.9468
12190.0000 0.1162 75.2281 49.0000 31.1647 39.5152 55.9159
12191.0000 0.1143 75.1355 49.0000 31.0354 39.7357 55.7065
12192.0000 0.1130 75.0426 49.0000 31.2546 39.5114 55.6182
12193.0000 0.1138 75.1700 49.0000 31.2665 39.5524 55.7543
12194.0000 0.1146 75.2717 49.0000 31.1735 39.6911 55.8450
12195.0000 0.1142 75.2359 49.0000 31.1765 39.6832 55.8006
12196.0000 0.1106 75.1458 49.0000 31.1936 39.8958 55.5173
12197.0000 0.1134 75.0791 49.0000 31.2924 39.4738 55.6730
12198.0000 0.1192 74.9721 49.0000 30.9321 39.2661 55.8767
12199.0000 0.1166 74.7346 49.0000 31.0384 39.1389 55.5881
12200.0000 0.1179 74.8258 49.0000 31.0971 39.0508 55.7397
12201.0000 0.1173 75.0153 49.0000 30.9553 39.4408 55.7986
12202.0000 0.1159 74.9608 49.0000 31.0493 39.4049 55.6984
12203.0000 0.1184 75.2540 49.0000 31.0503 39.4770 56.0412
12204.0000 0.1212 75.3943 49.0000 30.7734 39.6693 56.2464
12205.0000 0.1250 75.3768 49.0000 30.9315 39.1643 56.4895
12206.0000 0.1244 75.4777 49.0000 30.9807 39.2608 56.5302
12207.0000 0.1212 75.2159 49.0000 30.7642 39.5100 56.1245
12208.0000 0.1229 75.5406 49.0000 30.7214 39.7259 56.4308
12209.0000 0.1266 75.5632 49.0000 30.7037 39.4510 56.6630
12210.0000 0.1258 75.6429 49.0000 30.8302 39.4603 56.6942
12211.0000 0.1200 75.4476 49.0000 30.7956 39.8015 56.2122
12212.0000 0.1175 75.7035 49.0000 31.0685 39.9714 56.2855
12213.0000 0.1181 75.5834 49.0000 31.2759 39.5739 56.2901
12214.0000 0.1062 75.6350 49.0000 31.9769 39.9115 55.7243
12215.0000 0.1165 75.9551 49.0000 31.5999 39.7292 56.4997
12216.0000 0.1203 75.8753 49.0000 31.3232 39.6185 56.6242
12217.0000 0.1242 75.7748 49.0000 31.2089 39.3168 56.7628
12218.0000 0.1165 75.6256 49.0000 31.6610 39.3443 56.2924
12219.0000 0.1194 76.0379 49.0000 31.6816 39.4684 56.7476
12220.0000 0.1178 75.8122 49.0000 31.5708 39.5078 56.4792
12221.0000 0.1194 75.9445 49.0000 31.3305 39.7598 56.6139
12222.0000 0.1186 76.1636 49.0000 31.6445 39.7007 56.7747
12223.0000 0.1208 76.2337 49.0000 31.4545 39.7814 56.9177
12224.0000 0.1219 75.9217 49.0000 31.2588 39.5971 56.7368
12225.0000 0.1204 75.7952 49.0000 31.3222 39.5343 56.5762
12226.0000 0.1165 75.7502 49.0000 31.4173 39.7230 56.3306
12227.0000 0.1241 75.7847 49.0000 31.3056 39.2350 56.7794
12228.0000 0.1206 75.7215 49.0000 31.4838 39.2756 56.5679
12229.0000 0.1211 75.8234 49.0000 31.2467 39.5842 56.6209
12230.0000 0.1257 75.6263 49.0000 31.0219 39.2493 56.7139
12231.0000 0.1218 76.0832 49.0000 31.2894 39.7325 56.8415
12232.0000 0.1234 76.1269 49.0000 31.5890 39.3141 57.0249
12233.0000 0.1263 75.8979 49.0000 31.2014 39.2725 56.9618
12234.0000 0.1275 76.2070 49.0000 31.2509 39.4152 57.2480
12235.0000 0.1264 76.1191 49.0000 31.5227 39.1329 57.1757
12236.0000 0.1268 75.8862 49.0000 31.5746 38.8256 57.0467
12237.0000 0.1215 75.4135 49.0000 31.4171 38.9712 56.4040
12238.0000 0.1215 75.5315 49.0000 31.3835 39.1217 56.4764
12239.0000 0.1208 75.5181 49.0000 31.3308 39.2292 56.4131
12240.0000 0.1194 75.3978 49.0000 31.5306 39.0142 56.2899
12241.0000 0.1241 75.3201 49.0000 31.3646 38.7248 56.4781
12242.0000 0.1280 75.6748 49.0000 31.0610 39.0613 56.8867
12243.0000 0.1242 75.2323 49.0000 31.0740 38.9408 56.3731
12244.0000 0.1196 75.3148 49.0000 31.1383 39.3413 56.1693
12245.0000 0.1160 75.3206 49.0000 31.1368 39.6541 55.9576
12246.0000 0.1138 75.2848 49.0000 31.3482 39.5825 55.8420
12247.0000 0.1117 74.9645 49.0000 30.9988 39.8335 55.4260
12248.0000 0.1167 75.1376 49.0000 30.6188 39.9799 55.7651
12249.0000 0.1229 75.1224 49.0000 30.4414 39.6213 56.0968
12250.0000 0.1201 75.2137 49.0000 30.5760 39.8069 56.0145
12251.0000 0.1212 74.9995 49.0000 30.4937 39.5902 55.9256
12252.0000 0.1295 75.2969 49.0000 30.2354 39.4593 56.5545
12253.0000 0.1254 75.1172 49.0000 30.5238 39.3165 56.2592
12254.0000 0.1323 75.1908 49.0000 30.2267 39.1361 56.6425
12255.0000 0.1262 75.2063 49.0000 30.4759 39.3912 56.3519
12256.0000 0.1276 75.1676 49.0000 30.5939 39.1096 56.4324
12257.0000 0.1235 75.1963 49.0000 30.5892 39.4850 56.2114
12258.0000 0.1184 75.1625 49.0000 30.7793 39.6785 55.9254
12259.0000 0.1122 75.2092 49.0000 31.2643 39.7409 55.6743
12260.0000 0.1113 75.3432 49.0000 31.3013 39.9124 55.7121
12261.0000 0.1120 75.0698 49.0000 31.4581 39.4047 55.6159
12262.0000 0.1152 74.9963 49.0000 31.2420 39.2929 55.7177
12263.0000 0.1107 75.1621 49.0000 31.3404 39.7392 55.5690
12264.0000 0.1102 75.2189 49.0000 31.4661 39.7011 55.6021
12265.0000 0.1152 75.1720 49.0000 31.2569 39.4478 55.8363
12266.0000 0.1152 75.4165 49.0000 31.4410 39.4823 56.0380
12267.0000 0.1083 75.0720 49.0000 31.4490 39.7453 55.3813
12268.0000 0.1134 74.9732 49.0000 30.9650 39.7251 55.5344
12269.0000 0.1108 75.1110 49.0000 31.1784 39.8605 55.5041
12270.0000 0.1015 75.0992 49.0000 31.6269 40.1937 54.9917
12271.0000 0.1017 75.1940 49.0000 31.7312 40.1563 55.0884
12272.0000 0.1025 75.0871 49.0000 31.3734 40.3732 54.9889
12273.0000 0.1034 75.1819 49.0000 31.5345 40.2020 55.1516
12274.0000 0.0975 75.0748 49.0000 31.8466 40.2975 54.7552
12275.0000 0.1017 75.3916 49.0000 32.0974 39.9397 55.3034
12276.0000 0.1024 75.2955 49.0000 32.0854 39.8003 55.2800
12277.0000 0.1041 75.6873 49.0000 32.1198 39.9937 55.6542
12278.0000 0.1028 75.4891 49.0000 32.0778 39.9650 55.4294
12279.0000 0.1078 75.4437 49.0000 31.9603 39.5971 55.6988
12280.0000 0.1097 75.3430 49.0000 31.7634 39.5399 55.7157
12281.0000 0.1110 75.5844 49.0000 32.0259 39.3796 56.0053
12282.0000 0.1089 75.3392 49.0000 32.0465 39.3026 55.7165
12283.0000 0.1147 75.5649 49.0000 32.1359 38.9255 56.2330
12284.0000 0.1103 75.5056 49.0000 32.0065 39.3856 55.9058
12285.0000 0.1138 75.4710 49.0000 32.0995 38.9505 56.1102
12286.0000 0.1125 75.6212 49.0000 32.3298 38.9642 56.1707
12287.0000 0.1107 75.4916 49.0000 32.1759 39.1540 55.9522
12288.0000 0.1102 75.5570 49.0000 32.0512 39.3965 55.9420
12289.0000 0.1093 75.6029 49.0000 32.2637 39.2938 55.9539
12290.0000 0.1154 75.6082 49.0000 31.5960 39.4848 56.2072
12291.0000 0.1107 75.3395 49.0000 32.0662 39.1226 55.8320
12292.0000 0.1101 75.1808 49.0000 32.0606 39.0297 55.6862
12293.0000 0.1120 75.3080 49.0000 32.1803 38.8567 55.9095
12294.0000 0.1150 75.3723 49.0000 31.8934 38.9726 56.0797
12295.0000 0.1111 75.0946 49.0000 32.1202 38.7956 55.6991
12296.0000 0.1148 75.3971 49.0000 32.0969 38.7985 56.1175
12297.0000 0.1094 75.0946 49.0000 32.1232 38.9315 55.6025
12298.0000 0.1126 74.9195 49.0000 31.9078 38.7229 55.6360
12299.0000 0.1134 75.2524 49.0000 31.8171 39.0727 55.8920
12300.0000 0.1098 75.3863 49.0000 32.1477 39.1586 55.8232
12301.0000 0.1130 75.4317 49.0000 31.8091 39.2936 55.9833
12302.0000 0.1135 75.2516 49.0000 31.6721 39.2204 55.8699
12303.0000 0.1150 75.5053 49.0000 31.6005 39.4153 56.1151
12304.0000 0.1157 75.3612 49.0000 31.7936 39.0128 56.0935
12305.0000 0.1212 75.3643 49.0000 31.5537 38.8033 56.3778
12306.0000 0.1208 75.0624 49.0000 31.5140 38.5935 56.1406
12307.0000 0.1261 75.3337 49.0000 31.2769 38.6670 56.5843
12308.0000 0.1253 75.5889 49.0000 31.2990 38.9541 56.7154
12309.0000 0.1233 75.5837 49.0000 31.6566 38.7319 56.6621
12310.0000 0.1212 75.6416 49.0000 31.9046 38.7029 56.6201
12311.0000 0.1227 75.7191 49.0000 31.9643 38.5891 56.7676
12312.0000 0.1198 75.5684 49.0000 31.9657 38.6798 56.5035
12313.0000 0.1228 75.7447 49.0000 32.0262 38.5404 56.7999
12314.0000 0.1237 75.6371 49.0000 31.8530 38.5482 56.7485
12315.0000 0.1251 75.9030 49.0000 31.7913 38.7500 57.0001
12316.0000 0.1269 75.9267 49.0000 31.7434 38.6760 57.1086
12317.0000 0.1281 75.8911 49.0000 31.3977 38.9089 57.0941
12318.0000 0.1263 75.8140 49.0000 31.3973 38.9823 56.9416
12319.0000 0.1224 75.9557 49.0000 31.7625 39.0548 56.8783
12320.0000 0.1227 75.8425 49.0000 31.7770 38.9050 56.8218
12321.0000 0.1241 75.7963 49.0000 31.7548 38.7720 56.8634
12322.0000 0.1239 75.5560 49.0000 31.7588 38.5527 56.6902
12323.0000 0.1236 75.7014 49.0000 31.4775 39.0102 56.7280
12324.0000 0.1181 75.8820 49.0000 32.0301 39.0594 56.6261
12325.0000 0.1195 76.1814 49.0000 31.8426 39.4281 56.8777
12326.0000 0.1117 75.7692 49.0000 32.0737 39.4519 56.1765
12327.0000 0.1127 75.9100 49.0000 31.8588 39.7310 56.2920
12328.0000 0.1159 76.0003 49.0000 31.8245 39.5817 56.5378
12329.0000 0.1191 76.0637 49.0000 31.7322 39.4633 56.7574
12330.0000 0.1180 76.1703 49.0000 32.1740 39.1901 56.8409
12331.0000 0.1162 76.1645 49.0000 32.0467 39.4771 56.7062
12332.0000 0.1142 76.0529 49.0000 32.1689 39.4056 56.5367
12333.0000 0.1125 76.1028 49.0000 32.5897 39.1483 56.5416
12334.0000 0.1121 75.9073 49.0000 32.3640 39.2383 56.3458
12335.0000 0.1140 75.8417 49.0000 32.1017 39.2932 56.3691
12336.0000 0.1175 76.2658 49.0000 31.9953 39.5123 56.8467
12337.0000 0.1180 76.1009 49.0000 31.7787 39.5438 56.7252
12338.0000 0.1195 76.1020 49.0000 31.9318 39.2552 56.8410
12339.0000 0.1256 76.6062 49.0000 32.2199 38.9299 57.5748
12340.0000 0.1260 76.5423 49.0000 31.9470 39.1225 57.5113
12341.0000 0.1280 76.6799 49.0000 31.9650 39.0672 57.7218
12342.0000 0.1244 76.8299 49.0000 31.9608 39.5090 57.6228
12343.0000 0.1212 76.5072 49.0000 31.8670 39.5705 57.2016
12344.0000 0.1230 76.2296 49.0000 31.6934 39.3344 57.0901
12345.0000 0.1135 76.0798 49.0000 32.1218 39.5445 56.5026
12346.0000 0.1133 75.9567 49.0000 31.7444 39.8456 56.3386
12347.0000 0.1176 76.2621 49.0000 31.8943 39.6105 56.8302
12348.0000 0.1122 75.9086 49.0000 32.1411 39.4699 56.3134
12349.0000 0.1102 75.8812 49.0000 32.1608 39.5968 56.1759
12350.0000 0.1072 75.5097 49.0000 32.2538 39.3914 55.7649
12351.0000 0.1087 75.8216 49.0000 32.1729 39.6547 56.0476
12352.0000 0.1090 75.8284 49.0000 32.2474 39.5542 56.0849
12353.0000 0.1095 75.8593 49.0000 32.6031 39.1553 56.2009
12354.0000 0.1109 76.1698 49.0000 32.6916 39.2425 56.5078
12355.0000 0.1113 76.0502 49.0000 32.7475 39.0300 56.4614
12356.0000 0.1145 76.0289 49.0000 32.5916 38.9082 56.6069
12357.0000 0.1170 76.0405 49.0000 32.0842 39.2502 56.6762
12358.0000 0.1158 76.0859 49.0000 32.2578 39.2065 56.6688
12359.0000 0.1148 76.3177 49.0000 32.4314 39.3345 56.7926
12360.0000 0.1161 76.3150 49.0000 32.3767 39.2749 56.8613
12361.0000 0.1219 76.6037 49.0000 32.2998 39.1478 57.3786
12362.0000 0.1193 76.4609 49.0000 32.3932 39.1260 57.1499
12363.0000 0.1127 76.2496 49.0000 32.3916 39.4860 56.6184
12364.0000 0.1182 76.6466 49.0000 32.8078 38.9583 57.2765
12365.0000 0.1204 76.6572 49.0000 32.6092 39.0010 57.3751
12366.0000 0.1244 76.9238 49.0000 32.4488 39.0901 57.7607
12367.0000 0.1188 77.0378 49.0000 32.8842 39.2040 57.5890
12368.0000 0.1236 76.7693 49.0000 32.6535 38.7934 57.6398
12369.0000 0.1206 76.9360 49.0000 32.6361 39.2156 57.5863
12370.0000 0.1239 76.7483 49.0000 32.3344 39.0800 57.5981
12371.0000 0.1237 76.3937 49.0000 32.3074 38.7867 57.3396
12372.0000 0.1214 76.4052 49.0000 32.5618 38.7210 57.2552
12373.0000 0.1161 76.3860 49.0000 32.5105 39.2046 56.9288
12374.0000 0.1250 77.0594 49.0000 32.1024 39.5331 57.8335
12375.0000 0.1251 76.9998 49.0000 32.1988 39.3636 57.8163
12376.0000 0.1224 76.7612 49.0000 32.2223 39.3354 57.5042
12377.0000 0.1200 76.8900 49.0000 32.5025 39.3698 57.4951
12378.0000 0.1234 77.0170 49.0000 32.4925 39.2140 57.7765
12379.0000 0.1273 77.0906 49.0000 32.4596 39.0000 58.0374
12380.0000 0.1228 76.9147 49.0000 32.2128 39.4624 57.6275
12381.0000 0.1212 76.4767 49.0000 32.2735 39.1118 57.2483
12382.0000 0.1176 76.4036 49.0000 32.3207 39.2974 56.9965
12383.0000 0.1195 76.3341 49.0000 32.1907 39.2087 57.0380
12384.0000 0.1175 76.2126 49.0000 32.2837 39.1579 56.8576
12385.0000 0.1200 76.4370 49.0000 32.1576 39.2922 57.1369
12386.0000 0.1177 76.6584 49.0000 31.9745 39.9041 57.1121
12387.0000 0.1233 76.7441 49.0000 31.9381 39.5490 57.4934
12388.0000 0.1142 76.4011 49.0000 32.4567 39.4374 56.8188
12389.0000 0.1130 76.1106 49.0000 32.5045 39.2086 56.5593
12390.0000 0.1111 76.2768 49.0000 32.3283 39.7273 56.5223
12391.0000 0.1126 76.4521 49.0000 32.3605 39.7298 56.7386
12392.0000 0.1108 76.2259 49.0000 32.6047 39.4029 56.5219
12393.0000 0.1146 76.2593 49.0000 32.2887 39.4481 56.7165
12394.0000 0.1179 76.2804 49.0000 32.3266 39.1436 56.9339
12395.0000 0.1193 76.5091 49.0000 32.5220 39.0377 57.2016
12396.0000 0.1204 76.1854 49.0000 32.4763 38.6866 57.0337
12397.0000 0.1218 76.0679 49.0000 32.3494 38.5945 57.0114
12398.0000 0.1188 76.0714 49.0000 32.3040 38.8901 56.8408
12399.0000 0.1182 75.8115 49.0000 32.1757 38.8243 56.6109
12400.0000 0.1153 76.0141 49.0000 32.5002 38.9211 56.6306
12401.0000 0.1249 75.9400 49.0000 32.2396 38.3331 57.0794
12402.0000 0.1246 75.7311 49.0000 32.1329 38.2697 56.9044
12403.0000 0.1229 75.6799 49.0000 32.3924 38.0906 56.8092
12404.0000 0.1213 75.7227 49.0000 32.2605 38.3979 56.7344
12405.0000 0.1222 75.6916 49.0000 32.4002 38.1450 56.7839
12406.0000 0.1263 75.6705 49.0000 32.1759 38.0318 56.9589
12407.0000 0.1286 75.7256 49.0000 32.1590 37.9159 57.1188
12408.0000 0.1312 75.5787 49.0000 32.0563 37.6826 57.1363
12409.0000 0.1264 75.4826 49.0000 32.1281 37.8947 56.8279
12410.0000 0.1255 75.6249 49.0000 32.3233 37.9024 56.9012
12411.0000 0.1239 75.4189 49.0000 32.2135 37.9496 56.6580
12412.0000 0.1309 75.7680 49.0000 32.0790 37.8587 57.2578
12413.0000 0.1355 75.8546 49.0000 31.8698 37.7984 57.5283
12414.0000 0.1263 75.6707 49.0000 31.9363 38.2792 56.9283
12415.0000 0.1303 75.8880 49.0000 32.1558 37.9382 57.3209
12416.0000 0.1357 76.1272 49.0000 31.9846 37.9159 57.7471
12417.0000 0.1313 75.7502 49.0000 32.3816 37.5011 57.2991
12418.0000 0.1324 75.5776 49.0000 32.1087 37.5311 57.2051
12419.0000 0.1297 75.4061 49.0000 31.9898 37.7070 56.9290
12420.0000 0.1230 75.0130 49.0000 31.8214 38.0434 56.2766
12421.0000 0.1274 75.6401 49.0000 32.3032 37.7790 57.0148
12422.0000 0.1253 75.6261 49.0000 32.0570 38.1896 56.8613
12423.0000 0.1208 75.6562 49.0000 32.5098 38.1138 56.6949
12424.0000 0.1131 75.6582 49.0000 32.5301 38.7329 56.2647
12425.0000 0.1185 75.5950 49.0000 31.9391 38.8430 56.4421
12426.0000 0.1198 75.6031 49.0000 32.1254 38.5504 56.5478
12427.0000 0.1237 75.6095 49.0000 31.8599 38.5100 56.7337
12428.0000 0.1234 75.7182 49.0000 31.9659 38.5321 56.8041
12429.0000 0.1346 75.9353 49.0000 31.6782 38.1351 57.5185
12430.0000 0.1317 75.8696 49.0000 31.6770 38.3101 57.3158
12431.0000 0.1270 75.6464 49.0000 31.4428 38.7216 56.8715
12432.0000 0.1280 75.5512 49.0000 31.5513 38.4317 56.8816
12433.0000 0.1258 75.6691 49.0000 31.7939 38.4643 56.8811
12434.0000 0.1255 75.6369 49.0000 31.7752 38.4783 56.8392
12435.0000 0.1245 75.4163 49.0000 31.5482 38.5901 56.5962
12436.0000 0.1231 75.3418 49.0000 31.5054 38.6783 56.4605
12437.0000 0.1202 75.4959 49.0000 31.7967 38.7570 56.4491
12438.0000 0.1257 75.2853 49.0000 31.4498 38.4714 56.5574
12439.0000 0.1192 75.1867 49.0000 31.4840 38.8760 56.1289
12440.0000 0.1225 75.2438 49.0000 31.5365 38.6050 56.3624
12441.0000 0.1231 75.3929 49.0000 31.2703 38.9798 56.4521
12442.0000 0.1251 75.4118 49.0000 31.2694 38.8319 56.5795
12443.0000 0.1253 75.6903 49.0000 31.2414 39.1126 56.7732
12444.0000 0.1204 75.4570 49.0000 31.4004 39.1299 56.3615
12445.0000 0.1185 75.6022 49.0000 31.6486 39.1640 56.3937
12446.0000 0.1189 75.8999 49.0000 31.8247 39.2249 56.6514
12447.0000 0.1187 75.6531 49.0000 31.8336 38.9955 56.4745
12448.0000 0.1125 75.6073 49.0000 32.1813 39.1054 56.1391
12449.0000 0.1160 75.5194 49.0000 31.9911 38.9241 56.2553
12450.0000 0.1225 75.7519 49.0000 31.9681 38.6296 56.7815
12451.0000 0.1168 75.8230 49.0000 32.1167 39.0210 56.5244
12452.0000 0.1211 75.8211 49.0000 31.8417 38.9492 56.7267
12453.0000 0.1224 75.7293 49.0000 31.9564 38.6351 56.7543
12454.0000 0.1261 75.7405 49.0000 31.9312 38.3719 56.9616
12455.0000 0.1305 75.6681 49.0000 31.8469 38.0357 57.1377
12456.0000 0.1290 75.6617 49.0000 31.7768 38.2226 57.0435
12457.0000 0.1335 75.5904 49.0000 31.6866 37.8965 57.2164
12458.0000 0.1334 75.3589 49.0000 31.5383 37.8403 57.0299
12459.0000 0.1258 74.9324 49.0000 31.3072 38.2803 56.2969
12460.0000 0.1231 74.9939 49.0000 31.5239 38.3272 56.2260
12461.0000 0.1238 75.1623 49.0000 31.4657 38.4961 56.3678
12462.0000 0.1262 75.4849 49.0000 31.4995 38.5703 56.7282
12463.0000 0.1243 75.2537 49.0000 31.6480 38.3448 56.4907
12464.0000 0.1206 75.2228 49.0000 31.7323 38.5350 56.2724
12465.0000 0.1203 75.2642 49.0000 31.7450 38.5838 56.2872
12466.0000 0.1227 75.3964 49.0000 31.4489 38.8263 56.4633
12467.0000 0.1186 75.5305 49.0000 31.6658 39.0625 56.3583
12468.0000 0.1168 75.6472 49.0000 31.6800 39.3193 56.3282
12469.0000 0.1150 75.4721 49.0000 31.7827 39.1870 56.1273
12470.0000 0.1180 75.5480 49.0000 31.5720 39.2332 56.3158
12471.0000 0.1206 75.6905 49.0000 31.5457 39.1751 56.5618
12472.0000 0.1193 75.5038 49.0000 31.8568 38.7803 56.4097
12473.0000 0.1223 75.7209 49.0000 31.8312 38.7679 56.7229
12474.0000 0.1208 75.4749 49.0000 31.7625 38.7263 56.4613
12475.0000 0.1194 75.4127 49.0000 31.6869 38.8585 56.3297
12476.0000 0.1259 75.4020 49.0000 31.4735 38.5456 56.6490
12477.0000 0.1212 75.2662 49.0000 31.7176 38.5418 56.3340
12478.0000 0.1228 75.4740 49.0000 31.7583 38.5623 56.5746
12479.0000 0.1199 75.4806 49.0000 32.0175 38.5373 56.4541
12480.0000 0.1114 75.0086 49.0000 32.0239 38.7875 55.6443
12481.0000 0.1157 75.5618 49.0000 32.3885 38.5721 56.3273
12482.0000 0.1169 75.4869 49.0000 32.3862 38.4012 56.3450
12483.0000 0.1243 75.4619 49.0000 31.9817 38.1944 56.6821
12484.0000 0.1186 75.4024 49.0000 32.0451 38.5364 56.3345
12485.0000 0.1150 75.2402 49.0000 32.1114 38.6138 56.0261
12486.0000 0.1159 75.2240 49.0000 32.2399 38.3860 56.0871
12487.0000 0.1144 74.7367 49.0000 32.1346 38.1518 55.6542
12488.0000 0.1147 74.8474 49.0000 32.1146 38.2532 55.7447
12489.0000 0.1170 75.0421 49.0000 32.2056 38.1563 56.0197
12490.0000 0.1187 74.9687 49.0000 32.0874 38.0692 56.0485
12491.0000 0.1224 74.8427 49.0000 31.7380 38.0179 56.1138
12492.0000 0.1229 75.0577 49.0000 32.0248 37.8812 56.3301
12493.0000 0.1186 75.0637 49.0000 32.0302 38.2289 56.0997
12494.0000 0.1187 75.0113 49.0000 31.8182 38.3942 56.0373
12495.0000 0.1155 75.0333 49.0000 31.9793 38.5145 55.8924
12496.0000 0.1200 75.1556 49.0000 31.8636 38.3802 56.2142
12497.0000 0.1152 74.8526 49.0000 32.1695 38.1636 55.7815
12498.0000 0.1180 74.9781 49.0000 31.9965 38.2322 56.0021
12499.0000 0.1257 75.3190 49.0000 31.7630 38.1745 56.6284
12500.0000 0.1227 75.3580 49.0000 31.9603 38.2526 56.5165
12501.0000 0.1187 75.4203 49.0000 32.1937 38.3868 56.3759
12502.0000 0.1263 75.4934 49.0000 32.1567 37.8821 56.8344
12503.0000 0.1248 75.0550 49.0000 32.0597 37.6920 56.4335
12504.0000 0.1195 75.1146 49.0000 32.0047 38.2322 56.1801
12505.0000 0.1236 75.3566 49.0000 31.9136 38.2277 56.5577
12506.0000 0.1248 75.3059 49.0000 31.5933 38.4127 56.5447
12507.0000 0.1212 75.3749 49.0000 31.7664 38.5948 56.4155
12508.0000 0.1281 75.5359 49.0000 31.5869 38.3773 56.8781
12509.0000 0.1267 75.4037 49.0000 31.5555 38.3948 56.7082
12510.0000 0.1244 75.1211 49.0000 31.7090 38.1530 56.4098
12511.0000 0.1254 75.2257 49.0000 31.5405 38.3465 56.5123
12512.0000 0.1210 75.2370 49.0000 31.6997 38.5459 56.3022
12513.0000 0.1249 75.5847 49.0000 31.7190 38.5370 56.7614
12514.0000 0.1230 75.4415 49.0000 31.6845 38.5929 56.5518
12515.0000 0.1286 75.6812 49.0000 31.4394 38.6286 56.9828
12516.0000 0.1327 76.2188 49.0000 31.5400 38.6943 57.5960
12517.0000 0.1316 76.0575 49.0000 31.7527 38.4140 57.4533
12518.0000 0.1383 76.2777 49.0000 31.5771 38.2705 57.9356
12519.0000 0.1315 75.9904 49.0000 31.9367 38.1694 57.4254
12520.0000 0.1334 75.9556 49.0000 31.6432 38.2864 57.4641
12521.0000 0.1302 75.9024 49.0000 31.6542 38.4775 57.2596
12522.0000 0.1250 75.8596 49.0000 31.8172 38.6922 56.9672
12523.0000 0.1328 75.7873 49.0000 31.4600 38.3707 57.2858
12524.0000 0.1259 75.3872 49.0000 31.4828 38.5221 56.6401
12525.0000 0.1291 75.6194 49.0000 31.4045 38.5660 56.9624
12526.0000 0.1318 75.7888 49.0000 31.4877 38.4165 57.2420
12527.0000 0.1255 75.7478 49.0000 31.5195 38.8571 56.8715
12528.0000 0.1322 76.1102 49.0000 31.1254 39.0684 57.4250
12529.0000 0.1349 76.6054 49.0000 31.2432 39.1883 57.9355
12530.0000 0.1323 76.5537 49.0000 31.2009 39.4014 57.7452
12531.0000 0.1328 76.5428 49.0000 30.9872 39.5739 57.7278
12532.0000 0.1347 76.5657 49.0000 30.8718 39.5579 57.8310
12533.0000 0.1308 76.3607 49.0000 30.7803 39.7809 57.4543
12534.0000 0.1342 76.5011 49.0000 30.8644 39.5458 57.7575
12535.0000 0.1372 76.6921 49.0000 30.8837 39.4631 58.0563
12536.0000 0.1360 76.6128 49.0000 31.2077 39.1471 57.9923
12537.0000 0.1374 76.7830 49.0000 31.0035 39.4081 58.1500
12538.0000 0.1344 76.7567 49.0000 31.1928 39.4239 58.0030
12539.0000 0.1312 76.6573 49.0000 31.2825 39.5044 57.7681
12540.0000 0.1302 76.4112 49.0000 31.1519 39.4837 57.5263
12541.0000 0.1324 76.3043 49.0000 31.1139 39.2478 57.5664
12542.0000 0.1338 76.0495 49.0000 31.0520 38.9594 57.4584
12543.0000 0.1387 76.2886 49.0000 31.1649 38.6787 57.9021
12544.0000 0.1445 76.5203 49.0000 30.8713 38.7431 58.3206
12545.0000 0.1391 76.3103 49.0000 31.0514 38.7813 57.9230
12546.0000 0.1295 76.0654 49.0000 31.3265 39.0360 57.2782
12547.0000 0.1304 76.0549 49.0000 31.2353 39.0466 57.3068
12548.0000 0.1348 76.2598 49.0000 31.2460 38.8721 57.6906
12549.0000 0.1378 76.6302 49.0000 31.0558 39.1763 58.0770
12550.0000 0.1388 76.2821 49.0000 31.0935 38.7346 57.8946
12551.0000 0.1385 76.5014 49.0000 31.2037 38.8499 58.0472
12552.0000 0.1368 76.2792 49.0000 31.2267 38.7528 57.8069
12553.0000 0.1410 76.4235 49.0000 31.3776 38.4026 58.1485
12554.0000 0.1411 76.5753 49.0000 31.3663 38.5441 58.2605
12555.0000 0.1403 76.5296 49.0000 31.5958 38.3295 58.2180
12556.0000 0.1399 76.4411 49.0000 31.5727 38.3000 58.1336
12557.0000 0.1458 76.4624 49.0000 31.3723 38.0742 58.4178
12558.0000 0.1423 76.6638 49.0000 31.6598 38.2355 58.4212
12559.0000 0.1415 76.6157 49.0000 31.7456 38.1605 58.3607
12560.0000 0.1428 76.6138 49.0000 31.6491 38.1602 58.4106
12561.0000 0.1463 76.7486 49.0000 31.9899 37.6674 58.7210
12562.0000 0.1410 76.6699 49.0000 31.8734 38.1210 58.3879
12563.0000 0.1402 76.4865 49.0000 32.0634 37.8170 58.2408
12564.0000 0.1419 76.4015 49.0000 31.8349 37.8461 58.2357
12565.0000 0.1348 76.3518 49.0000 31.8381 38.3468 57.8400
12566.0000 0.1425 76.6904 49.0000 31.8010 38.1006 58.4676
12567.0000 0.1480 76.7549 49.0000 31.5755 37.9650 58.7619
12568.0000 0.1512 77.2261 49.0000 31.8337 37.8933 59.2839
12569.0000 0.1526 76.9318 49.0000 31.5917 37.7683 59.1102
12570.0000 0.1536 76.8195 49.0000 31.4314 37.7542 59.0586
12571.0000 0.1477 76.6163 49.0000 31.7750 37.6645 58.6668
12572.0000 0.1481 76.7360 49.0000 31.7378 37.7765 58.7713
12573.0000 0.1518 76.8378 49.0000 31.8265 37.5039 59.0303
12574.0000 0.1440 76.7281 49.0000 32.2933 37.5191 58.6231
12575.0000 0.1440 76.7591 49.0000 32.3449 37.4921 58.6524
12576.0000 0.1493 76.7638 49.0000 32.4622 36.9800 58.9183
12577.0000 0.1484 76.6598 49.0000 32.3297 37.0891 58.7871
12578.0000 0.1456 76.8144 49.0000 32.3426 37.4261 58.7681
12579.0000 0.1501 77.0332 49.0000 32.2649 37.3645 59.1353
12580.0000 0.1439 76.5295 49.0000 32.2484 37.3893 58.4709
12581.0000 0.1396 76.5582 49.0000 32.5676 37.4159 58.3143
12582.0000 0.1331 76.4706 49.0000 32.7187 37.6857 57.9398
12583.0000 0.1341 76.4930 49.0000 32.8853 37.4538 58.0253
12584.0000 0.1350 76.6882 49.0000 32.8173 37.6378 58.2023
12585.0000 0.1318 76.6520 49.0000 33.0697 37.5936 58.0400
12586.0000 0.1337 76.7386 49.0000 33.0738 37.5244 58.1966
12587.0000 0.1335 76.7590 49.0000 33.1278 37.5032 58.2066
12588.0000 0.1327 76.7741 49.0000 33.2913 37.4146 58.1901
12589.0000 0.1391 76.9198 49.0000 33.2014 37.1430 58.6065
12590.0000 0.1328 76.6755 49.0000 33.3658 37.2391 58.1301
12591.0000 0.1337 76.6206 49.0000 32.9616 37.5273 58.1029
12592.0000 0.1320 76.6110 49.0000 33.1022 37.5047 58.0250
12593.0000 0.1279 76.6540 49.0000 33.3345 37.6305 57.8670
12594.0000 0.1286 76.5556 49.0000 33.1556 37.6686 57.8147
12595.0000 0.1365 76.4475 49.0000 32.9917 37.1212 58.1187
12596.0000 0.1305 76.3898 49.0000 32.9749 37.5464 57.7783
12597.0000 0.1359 76.5451 49.0000 33.1245 37.1199 58.1725
12598.0000 0.1314 76.4478 49.0000 32.9648 37.5448 57.8617
12599.0000 0.1375 76.6969 49.0000 32.8409 37.4293 58.3346
12600.0000 0.1368 76.4016 49.0000 32.7477 37.3062 58.0779
12601.0000 0.1421 76.8455 49.0000 32.7202 37.3374 58.6561
12602.0000 0.1438 76.7661 49.0000 32.6811 37.1769 58.6758
12603.0000 0.1378 76.5882 49.0000 32.8914 37.2545 58.2753
12604.0000 0.1376 76.7339 49.0000 32.9325 37.3623 58.3747
12605.0000 0.1371 76.6872 49.0000 32.7725 37.5209 58.3015
12606.0000 0.1376 76.8572 49.0000 32.9169 37.4945 58.4608
12607.0000 0.1343 76.8271 49.0000 32.7608 37.8804 58.2599
12608.0000 0.1397 76.7316 49.0000 32.5750 37.5638 58.4429
12609.0000 0.1344 77.0528 49.0000 32.7093 38.1304 58.4235
12610.0000 0.1314 76.7236 49.0000 33.0729 37.6869 58.0723
12611.0000 0.1260 76.4848 49.0000 32.9730 38.0007 57.6077
12612.0000 0.1330 76.7279 49.0000 33.1401 37.4986 58.1615
12613.0000 0.1300 76.5366 49.0000 32.8658 37.8371 57.8449
12614.0000 0.1317 76.5167 49.0000 32.7501 37.8069 57.9040
12615.0000 0.1389 76.5670 49.0000 32.8183 37.2274 58.3059
12616.0000 0.1386 76.6067 49.0000 32.8738 37.2267 58.3273
12617.0000 0.1370 76.7094 49.0000 33.1467 37.1660 58.3465
12618.0000 0.1437 77.0253 49.0000 32.9735 37.1249 58.8846
12619.0000 0.1431 76.7222 49.0000 32.8913 36.9766 58.6276
12620.0000 0.1465 76.9792 49.0000 33.1642 36.6809 58.9953
12621.0000 0.1419 77.0239 49.0000 33.0582 37.1758 58.8030
12622.0000 0.1452 77.0648 49.0000 32.9178 37.1046 58.9801
12623.0000 0.1461 77.1203 49.0000 33.1633 36.8381 59.0821
12624.0000 0.1497 77.2641 49.0000 32.8914 36.9758 59.3354
12625.0000 0.1480 77.1644 49.0000 32.9723 36.9260 59.1915
12626.0000 0.1423 76.9693 49.0000 33.1211 37.0282 58.7894
12627.0000 0.1464 77.2007 49.0000 32.9113 37.1389 59.1396
12628.0000 0.1415 76.9949 49.0000 32.8272 37.4081 58.7470
12629.0000 0.1411 76.9981 49.0000 33.1275 37.1357 58.7555
12630.0000 0.1436 76.9299 49.0000 33.1194 36.8943 58.8228
12631.0000 0.1365 77.0113 49.0000 33.3470 37.2781 58.5582
12632.0000 0.1372 76.9319 49.0000 33.3555 37.1474 58.5320
12633.0000 0.1380 77.0294 49.0000 33.3210 37.2079 58.6414
12634.0000 0.1349 76.8319 49.0000 33.4611 37.1221 58.3562
12635.0000 0.1398 76.8946 49.0000 33.3174 36.9467 58.6316
12636.0000 0.1438 76.9039 49.0000 33.0811 36.8916 58.8121
12637.0000 0.1414 76.7880 49.0000 32.9672 37.0821 58.6044
12638.0000 0.1414 76.8573 49.0000 33.1016 37.0117 58.6639
12639.0000 0.1447 77.0243 49.0000 32.6953 37.3242 58.9124
12640.0000 0.1477 77.1848 49.0000 32.4889 37.4587 59.1507
12641.0000 0.1402 76.8643 49.0000 32.7824 37.4368 58.5827
12642.0000 0.1440 76.8615 49.0000 32.7790 37.1503 58.7629
12643.0000 0.1409 76.9454 49.0000 33.0764 37.1567 58.7020
12644.0000 0.1387 76.6346 49.0000 33.1120 37.0000 58.3735
12645.0000 0.1427 76.7826 49.0000 33.1025 36.8470 58.6693
12646.0000 0.1392 76.3462 49.0000 32.9551 36.8581 58.1737
12647.0000 0.1350 76.2192 49.0000 33.2388 36.7750 57.8977
12648.0000 0.1311 76.0725 49.0000 33.0369 37.1431 57.5846
12649.0000 0.1314 76.2365 49.0000 33.0653 37.2448 57.7193
12650.0000 0.1395 76.4810 49.0000 32.8046 37.1148 58.2726
12651.0000 0.1387 76.5556 49.0000 32.7573 37.2902 58.2851
12652.0000 0.1330 76.3226 49.0000 33.0794 37.1859 57.8627
12653.0000 0.1316 76.1563 49.0000 32.6562 37.5729 57.6335
12654.0000 0.1391 76.5431 49.0000 32.5049 37.5075 58.2707
12655.0000 0.1375 76.2933 49.0000 32.3356 37.5716 57.9952
12656.0000 0.1444 76.5959 49.0000 32.1324 37.5322 58.5302
12657.0000 0.1413 76.5089 49.0000 32.2311 37.5838 58.3286
12658.0000 0.1450 76.5460 49.0000 32.1953 37.3738 58.5316
12659.0000 0.1378 76.0902 49.0000 32.2514 37.4462 57.8562
12660.0000 0.1368 76.0481 49.0000 32.2044 37.5310 57.7721
12661.0000 0.1343 76.0636 49.0000 32.2956 37.6480 57.6654
12662.0000 0.1397 76.2696 49.0000 32.0421 37.6785 58.0576
12663.0000 0.1348 75.8754 49.0000 31.8851 37.8557 57.5097
12664.0000 0.1396 76.1875 49.0000 31.7352 37.9247 57.9581
12665.0000 0.1410 76.1804 49.0000 31.7306 37.8166 58.0218
12666.0000 0.1419 76.0223 49.0000 31.8760 37.4566 57.9683
12667.0000 0.1410 76.2403 49.0000 31.8923 37.7071 58.0830
12668.0000 0.1424 76.3279 49.0000 31.8113 37.7632 58.2059
12669.0000 0.1322 75.9886 49.0000 32.0362 38.0052 57.4765
12670.0000 0.1355 76.0995 49.0000 31.6471 38.2559 57.6723
12671.0000 0.1316 75.9697 49.0000 31.6921 38.3912 57.3857
12672.0000 0.1280 75.7348 49.0000 31.8820 38.2590 57.0574
12673.0000 0.1322 75.8890 49.0000 31.5377 38.4332 57.3358
12674.0000 0.1276 75.6381 49.0000 31.8019 38.2824 56.9580
12675.0000 0.1332 76.0208 49.0000 31.8380 38.1644 57.5237
12676.0000 0.1310 76.1345 49.0000 32.1448 38.1260 57.5290
12677.0000 0.1297 75.6898 49.0000 31.9791 37.9792 57.1302
12678.0000 0.1291 75.6668 49.0000 31.8533 38.1384 57.0640
12679.0000 0.1227 75.3381 49.0000 31.9007 38.2952 56.4947
12680.0000 0.1274 75.4123 49.0000 31.7275 38.1634 56.7798
12681.0000 0.1291 75.4635 49.0000 31.4482 38.3712 56.8630
12682.0000 0.1300 75.5256 49.0000 31.2746 38.5341 56.9310
12683.0000 0.1268 75.6204 49.0000 31.5599 38.5840 56.8655
12684.0000 0.1330 75.5577 49.0000 31.5812 38.0146 57.1532
12685.0000 0.1252 75.0907 49.0000 31.5956 38.1793 56.4152
12686.0000 0.1279 75.2460 49.0000 31.8495 37.8426 56.7055
12687.0000 0.1282 75.2276 49.0000 31.8256 37.8245 56.7065
12688.0000 0.1271 75.2316 49.0000 31.7861 37.9568 56.6456
12689.0000 0.1217 75.1076 49.0000 31.9803 38.0691 56.2953
12690.0000 0.1216 75.0088 49.0000 31.9240 38.0477 56.2099
12691.0000 0.1276 75.1305 49.0000 31.7851 37.8244 56.6005
12692.0000 0.1270 75.1088 49.0000 31.7441 37.8905 56.5505
12693.0000 0.1234 75.1559 49.0000 31.9584 37.9993 56.4192
12694.0000 0.1198 75.1209 49.0000 32.1979 38.0078 56.2304
12695.0000 0.1231 74.8859 49.0000 31.9282 37.8019 56.2095
12696.0000 0.1199 74.7581 49.0000 32.1864 37.6633 55.9847
12697.0000 0.1248 74.9536 49.0000 32.0316 37.6254 56.3591
12698.0000 0.1156 74.5700 49.0000 32.1479 37.8799 55.6085
12699.0000 0.1242 74.8199 49.0000 31.9714 37.6037 56.2300
12700.0000 0.1205 74.7718 49.0000 32.0087 37.8216 55.9982
12701.0000 0.1198 74.7642 49.0000 31.8757 38.0089 55.9370
12702.0000 0.1082 74.2327 49.0000 31.9947 38.3306 54.9326
12703.0000 0.1105 74.2650 49.0000 31.8256 38.3470 55.0630
12704.0000 0.1107 74.1550 49.0000 31.7433 38.3171 54.9829
12705.0000 0.1137 74.3308 49.0000 31.6925 38.2906 55.2674
12706.0000 0.1103 74.1386 49.0000 32.0270 38.0291 54.9962
12707.0000 0.1129 73.8894 49.0000 31.8292 37.7778 54.9489
12708.0000 0.1189 74.1716 49.0000 31.6128 37.7911 55.4427
12709.0000 0.1170 74.2669 49.0000 31.7552 37.8868 55.4236
12710.0000 0.1158 73.8475 49.0000 31.8331 37.5009 55.0798
12711.0000 0.1196 73.9968 49.0000 31.6551 37.5173 55.3710
12712.0000 0.1221 74.3247 49.0000 31.5129 37.7839 55.7089
12713.0000 0.1180 74.0383 49.0000 32.0686 37.2583 55.3633
12714.0000 0.1211 74.3632 49.0000 32.0291 37.3589 55.7525
12715.0000 0.1151 74.4519 49.0000 32.2440 37.7017 55.5157
12716.0000 0.1078 74.2695 49.0000 32.2821 38.0964 54.9771
12717.0000 0.1149 74.0950 49.0000 31.9524 37.6797 55.2209
12718.0000 0.1091 73.8540 49.0000 32.1597 37.7111 54.7544
12719.0000 0.1110 73.9882 49.0000 32.1240 37.7214 54.9490
12720.0000 0.1138 74.0473 49.0000 32.2243 37.4405 55.1617
12721.0000 0.1165 73.9901 49.0000 32.1867 37.2052 55.2659
12722.0000 0.1234 74.3383 49.0000 32.2641 36.9126 55.8808
12723.0000 0.1186 74.4203 49.0000 32.6137 37.0032 55.7269
12724.0000 0.1155 74.2635 49.0000 32.6721 37.0394 55.4589
12725.0000 0.1225 74.2934 49.0000 32.4154 36.7813 55.8201
12726.0000 0.1289 74.5060 49.0000 32.0551 36.8532 56.2624
12727.0000 0.1252 74.4054 49.0000 32.2308 36.8671 56.0193
12728.0000 0.1227 74.4980 49.0000 32.0867 37.2981 55.9397
12729.0000 0.1227 74.4908 49.0000 32.0336 37.3455 55.9289
12730.0000 0.1222 74.4258 49.0000 31.8364 37.5282 55.8326
12731.0000 0.1164 74.1189 49.0000 32.0613 37.4705 55.3322
12732.0000 0.1162 74.0623 49.0000 32.0699 37.4188 55.2863
12733.0000 0.1146 73.7810 49.0000 32.4173 36.9143 55.0462
12734.0000 0.1140 73.7877 49.0000 32.5007 36.8893 55.0227
12735.0000 0.1135 73.9840 49.0000 32.2813 37.3449 55.1081
12736.0000 0.1154 73.9907 49.0000 32.2821 37.1962 55.2172
12737.0000 0.1178 74.0192 49.0000 32.4622 36.8437 55.3859
12738.0000 0.1236 73.8838 49.0000 32.1219 36.6111 55.5574
12739.0000 0.1227 74.1796 49.0000 32.0664 37.0175 55.7142
12740.0000 0.1261 73.9894 49.0000 31.8098 36.8426 55.7243
12741.0000 0.1145 73.5960 49.0000 32.1814 36.9939 54.8834
12742.0000 0.1107 73.4217 49.0000 32.2501 37.0654 54.5603
12743.0000 0.1085 73.4720 49.0000 32.3533 37.1825 54.4872
12744.0000 0.1119 73.4777 49.0000 32.1339 37.1403 54.6533
12745.0000 0.1131 73.2751 49.0000 32.1536 36.8305 54.5793
12746.0000 0.1117 73.4260 49.0000 32.2563 36.9830 54.6183
12747.0000 0.1124 73.3256 49.0000 32.1243 36.9673 54.5719
12748.0000 0.1130 73.3252 49.0000 32.1252 36.9159 54.6056
12749.0000 0.1091 73.0331 49.0000 32.0438 37.0334 54.1809
12750.0000 0.1111 73.1655 49.0000 31.9940 37.0556 54.3733
12751.0000 0.1155 73.3725 49.0000 31.8235 37.0786 54.7354
12752.0000 0.1130 73.2303 49.0000 31.7055 37.2627 54.4879
12753.0000 0.1177 73.7075 49.0000 31.6799 37.3735 55.0673
12754.0000 0.1134 73.7014 49.0000 31.8854 37.4938 54.8583
12755.0000 0.1150 73.6070 49.0000 31.8229 37.3425 54.8710
12756.0000 0.1194 73.8273 49.0000 31.8917 37.1277 55.2714
12757.0000 0.1181 73.8484 49.0000 31.9245 37.2145 55.2223
12758.0000 0.1204 73.7846 49.0000 31.5846 37.3310 55.2539
12759.0000 0.1185 73.6713 49.0000 31.6485 37.3047 55.0836
12760.0000 0.1135 73.6304 49.0000 31.5662 37.7546 54.7686
12761.0000 0.1132 73.6114 49.0000 31.7491 37.5671 54.7663
12762.0000 0.1087 73.4500 49.0000 31.9881 37.5308 54.4344
12763.0000 0.1098 73.3855 49.0000 31.8268 37.5460 54.4315
12764.0000 0.1092 73.3091 49.0000 31.8680 37.4816 54.3488
12765.0000 0.1137 73.3713 49.0000 31.9761 37.0605 54.6570
12766.0000 0.1137 73.1359 49.0000 31.9568 36.8496 54.4952
12767.0000 0.1103 73.1488 49.0000 32.2003 36.8862 54.3443
12768.0000 0.1137 73.3344 49.0000 31.9524 37.0440 54.6325
12769.0000 0.1156 73.4649 49.0000 31.9582 37.0128 54.8253
12770.0000 0.1170 73.5531 49.0000 32.1943 36.7410 54.9880
12771.0000 0.1128 73.2128 49.0000 32.1528 36.7913 54.5227
12772.0000 0.1157 73.1342 49.0000 32.0066 36.6424 54.6032
12773.0000 0.1204 73.4135 49.0000 31.9994 36.5425 55.0475
12774.0000 0.1082 73.2047 49.0000 32.4863 36.8087 54.3019
12775.0000 0.1079 72.9958 49.0000 32.3246 36.8027 54.1209
12776.0000 0.1131 73.1378 49.0000 32.4578 36.3833 54.5149
12777.0000 0.1059 72.8916 49.0000 32.6316 36.5437 53.9715
12778.0000 0.1009 72.7834 49.0000 32.7100 36.7627 53.6282
12779.0000 0.0972 72.4601 49.0000 32.7158 36.7504 53.1935
12780.0000 0.1007 72.5723 49.0000 32.4408 36.8630 53.4365
12781.0000 0.1013 72.4343 49.0000 32.3890 36.7310 53.3715
12782.0000 0.1050 72.7549 49.0000 32.1328 37.0105 53.7678
12783.0000 0.0971 72.4721 49.0000 32.5283 36.9747 53.1693
12784.0000 0.0965 72.3313 49.0000 32.2984 37.1322 53.0078
12785.0000 0.1015 72.5272 49.0000 32.2009 37.0035 53.4233
12786.0000 0.0999 72.2552 49.0000 31.9689 37.1224 53.1106
12787.0000 0.1020 72.5072 49.0000 32.1809 36.9594 53.4386
12788.0000 0.1007 72.6114 49.0000 31.9738 37.3974 53.3996
12789.0000 0.1023 72.7729 49.0000 31.9476 37.4476 53.5996
12790.0000 0.1080 72.8812 49.0000 31.9020 37.1292 53.9940
12791.0000 0.1086 72.8520 49.0000 31.9228 37.0311 54.0096
12792.0000 0.1068 72.9561 49.0000 32.3850 36.7857 54.0427
12793.0000 0.1063 73.0970 49.0000 32.1715 37.1897 54.0841
12794.0000 0.1052 72.8126 49.0000 32.0047 37.1808 53.8048
12795.0000 0.1065 72.8015 49.0000 32.1277 36.9342 53.8864
12796.0000 0.1121 73.1123 49.0000 32.0409 36.8728 54.3983
12797.0000 0.1138 72.9694 49.0000 31.9647 36.6738 54.3859
12798.0000 0.1145 73.1812 49.0000 32.1454 36.6354 54.5895
12799.0000 0.1133 73.1921 49.0000 32.0297 36.8584 54.5220
12800.0000 0.1149 73.1194 49.0000 31.7216 36.9875 54.5171
12801.0000 0.1157 73.2725 49.0000 31.8056 36.9839 54.6760
12802.0000 0.1192 73.4306 49.0000 31.7983 36.8640 54.9725
12803.0000 0.1161 73.1980 49.0000 31.8180 36.8663 54.6484
12804.0000 0.1155 73.2399 49.0000 31.7458 37.0280 54.6370
12805.0000 0.1205 73.2974 49.0000 31.4851 36.9565 54.9127
12806.0000 0.1195 73.2531 49.0000 31.5855 36.8914 54.8398
12807.0000 0.1244 73.5107 49.0000 31.5920 36.7486 55.2748
12808.0000 0.1215 73.4741 49.0000 31.7010 36.8224 55.1144
12809.0000 0.1209 73.6470 49.0000 31.7257 37.0126 55.2035
12810.0000 0.1197 73.4311 49.0000 31.9025 36.7154 55.0122
12811.0000 0.1110 73.0462 49.0000 32.2188 36.7071 54.3165
12812.0000 0.1182 73.0843 49.0000 31.7274 36.6880 54.6687
12813.0000 0.1182 73.1258 49.0000 31.4820 36.9773 54.6713
12814.0000 0.1164 73.0174 49.0000 31.5516 36.9514 54.5035
12815.0000 0.1172 73.3462 49.0000 31.7117 37.0298 54.7980
12816.0000 0.1112 73.4626 49.0000 31.7979 37.5379 54.5578
12817.0000 0.1109 73.7000 49.0000 31.9262 37.6615 54.7177
12818.0000 0.1156 73.8128 49.0000 31.7446 37.5759 55.0332
12819.0000 0.1114 73.6595 49.0000 31.7795 37.7357 54.6973
12820.0000 0.1185 73.6902 49.0000 31.6498 37.3242 55.0948
12821.0000 0.1138 73.3219 49.0000 31.7173 37.2748 54.5958
12822.0000 0.1172 73.4636 49.0000 31.5451 37.3211 54.8539
12823.0000 0.1185 73.4871 49.0000 31.4818 37.3022 54.9345
12824.0000 0.1211 73.8372 49.0000 31.3703 37.5488 55.2985
12825.0000 0.1220 73.8179 49.0000 31.5812 37.2376 55.3630
12826.0000 0.1238 73.8245 49.0000 31.4198 37.2705 55.4415
12827.0000 0.1206 73.9164 49.0000 31.4712 37.5609 55.3387
12828.0000 0.1243 73.8727 49.0000 31.2789 37.4236 55.4822
12829.0000 0.1255 74.0493 49.0000 31.2852 37.4867 55.6711
12830.0000 0.1293 74.1661 49.0000 30.9486 37.6506 55.9037
12831.0000 0.1332 74.1928 49.0000 31.0423 37.2774 56.1369
12832.0000 0.1264 74.2053 49.0000 31.3024 37.5502 55.8262
12833.0000 0.1229 74.1755 49.0000 31.4312 37.6655 55.6362
12834.0000 0.1306 74.5077 49.0000 31.3892 37.4143 56.2698
12835.0000 0.1279 74.2038 49.0000 31.3866 37.3403 55.9176
12836.0000 0.1360 74.3693 49.0000 31.0206 37.2458 56.4026
12837.0000 0.1395 74.4880 49.0000 30.7989 37.3196 56.6316
12838.0000 0.1335 74.2475 49.0000 31.0621 37.2807 56.1960
12839.0000 0.1391 74.3145 49.0000 30.8637 37.1209 56.4988
12840.0000 0.1354 74.3252 49.0000 30.9345 37.3443 56.3266
12841.0000 0.1396 74.3726 49.0000 30.7124 37.2943 56.5435
12842.0000 0.1353 74.3570 49.0000 30.7472 37.5700 56.3212
12843.0000 0.1357 74.2491 49.0000 30.8641 37.3213 56.2802
12844.0000 0.1349 74.2908 49.0000 30.8410 37.4437 56.2665
12845.0000 0.1379 74.0564 49.0000 30.5158 37.3369 56.2058
12846.0000 0.1341 74.3361 49.0000 30.7777 37.6166 56.2457
12847.0000 0.1352 74.4967 49.0000 30.7287 37.7333 56.4066
12848.0000 0.1361 74.6036 49.0000 30.8961 37.5852 56.5552
12849.0000 0.1371 74.3513 49.0000 30.6442 37.5367 56.3919
12850.0000 0.1342 74.4071 49.0000 30.7794 37.6738 56.3003
12851.0000 0.1272 74.2245 49.0000 31.1064 37.7046 55.8572
12852.0000 0.1300 74.3590 49.0000 30.8400 37.8888 56.0589
12853.0000 0.1281 74.1370 49.0000 30.7377 37.9365 55.7881
12854.0000 0.1273 74.2989 49.0000 30.8085 38.0853 55.8630
12855.0000 0.1242 73.9901 49.0000 30.7031 38.1510 55.4648
12856.0000 0.1236 74.1140 49.0000 30.9009 38.1090 55.5493
12857.0000 0.1249 73.9455 49.0000 30.7414 38.0070 55.4831
12858.0000 0.1188 73.7858 49.0000 31.0467 38.0296 55.0835
12859.0000 0.1254 74.0468 49.0000 30.8768 37.9246 55.5993
12860.0000 0.1254 74.1828 49.0000 30.9812 37.9413 55.7109
12861.0000 0.1317 74.2001 49.0000 30.7745 37.6749 56.0284
12862.0000 0.1294 73.8049 49.0000 30.6321 37.6346 55.6099
12863.0000 0.1300 74.1692 49.0000 30.4847 38.0858 55.8679
12864.0000 0.1256 74.1168 49.0000 30.7803 38.0723 55.6451
12865.0000 0.1235 73.9942 49.0000 30.8900 38.0104 55.4631
12866.0000 0.1193 73.7844 49.0000 31.1061 37.9189 55.1246
12867.0000 0.1143 73.6215 49.0000 31.0269 38.2577 54.7158
12868.0000 0.1167 73.9648 49.0000 31.1994 38.2057 55.1154
12869.0000 0.1168 73.9820 49.0000 31.3419 38.0660 55.1544
12870.0000 0.1129 74.1078 49.0000 31.5226 38.3203 55.0440
12871.0000 0.1160 74.2751 49.0000 31.5495 38.1936 55.3413
12872.0000 0.1222 74.1231 49.0000 31.5249 37.5676 55.5796
12873.0000 0.1229 74.3196 49.0000 31.6043 37.6207 55.7606
12874.0000 0.1212 74.3255 49.0000 31.3650 38.0116 55.6383
12875.0000 0.1215 74.2952 49.0000 31.4675 37.8491 55.6509
12876.0000 0.1197 73.9049 49.0000 31.7700 37.3027 55.3273
12877.0000 0.1210 74.0607 49.0000 31.5592 37.5665 55.4776
12878.0000 0.1218 73.8982 49.0000 31.4588 37.4559 55.3926
12879.0000 0.1203 74.1644 49.0000 31.7148 37.5612 55.5310
12880.0000 0.1199 74.1806 49.0000 31.6158 37.7172 55.5033
12881.0000 0.1183 73.9429 49.0000 31.8033 37.4145 55.2834
12882.0000 0.1240 73.9836 49.0000 31.4679 37.3546 55.5697
12883.0000 0.1254 73.9193 49.0000 31.2566 37.4021 55.5713
12884.0000 0.1167 73.5042 49.0000 31.6228 37.3143 54.8681
12885.0000 0.1263 73.9694 49.0000 31.4052 37.2236 55.6739
12886.0000 0.1313 73.8747 49.0000 31.2485 36.9106 55.8445
12887.0000 0.1264 73.8293 49.0000 31.5052 36.9788 55.5946
12888.0000 0.1226 73.9463 49.0000 31.5537 37.3420 55.4797
12889.0000 0.1218 73.9662 49.0000 31.5120 37.4642 55.4475
12890.0000 0.1253 73.8970 49.0000 30.9705 37.6934 55.5050
12891.0000 0.1267 74.0897 49.0000 30.9609 37.7715 55.7137
12892.0000 0.1224 73.9943 49.0000 31.1680 37.8028 55.4496
12893.0000 0.1241 74.1231 49.0000 31.1399 37.8189 55.6261
12894.0000 0.1282 74.3777 49.0000 31.0835 37.7996 56.0094
12895.0000 0.1283 74.1858 49.0000 31.1151 37.5758 55.8877
12896.0000 0.1320 74.2776 49.0000 31.1715 37.3117 56.1546
12897.0000 0.1304 74.1540 49.0000 31.0661 37.4311 55.9699
12898.0000 0.1272 73.9184 49.0000 31.1827 37.3350 55.6567
12899.0000 0.1336 73.9435 49.0000 31.3397 36.7096 56.0167
12900.0000 0.1276 74.0218 49.0000 31.0244 37.5659 55.7271
12901.0000 0.1258 74.0887 49.0000 31.0946 37.7048 55.6831
12902.0000 0.1258 74.0576 49.0000 31.2609 37.5018 55.6857
12903.0000 0.1229 73.7689 49.0000 31.3223 37.3888 55.3429
12904.0000 0.1228 73.6555 49.0000 31.2089 37.4085 55.2425
12905.0000 0.1238 73.9672 49.0000 31.3157 37.5174 55.5240
12906.0000 0.1227 73.7956 49.0000 31.3246 37.4310 55.3486
12907.0000 0.1208 73.8647 49.0000 31.6260 37.3260 55.3404
12908.0000 0.1221 73.8312 49.0000 31.5223 37.3063 55.3682
12909.0000 0.1220 73.8690 49.0000 31.7165 37.1477 55.4143
12910.0000 0.1193 73.4316 49.0000 31.6605 37.0032 54.9598
12911.0000 0.1210 73.3182 49.0000 31.5299 36.8962 54.9554
12912.0000 0.1144 72.8895 49.0000 32.0300 36.4812 54.3698
12913.0000 0.1185 73.1802 49.0000 31.8106 36.6661 54.7633
12914.0000 0.1200 73.2744 49.0000 31.5721 36.8869 54.8789
12915.0000 0.1192 72.9337 49.0000 31.5068 36.6923 54.5924
12916.0000 0.1196 73.1996 49.0000 31.5849 36.8318 54.8087
12917.0000 0.1177 72.9019 49.0000 31.5089 36.7766 54.4917
12918.0000 0.1202 73.0713 49.0000 31.6770 36.5648 54.7632
12919.0000 0.1253 73.3090 49.0000 31.6335 36.4436 55.1851
12920.0000 0.1265 73.4365 49.0000 31.5679 36.5395 55.3285
12921.0000 0.1235 73.2542 49.0000 31.7662 36.3887 55.0722
12922.0000 0.1258 73.3735 49.0000 31.6416 36.4596 55.2555
12923.0000 0.1240 73.1857 49.0000 31.7328 36.3249 55.0425
12924.0000 0.1211 73.2944 49.0000 31.7805 36.6028 54.9755
12925.0000 0.1236 73.2848 49.0000 31.2589 36.9424 55.0345
12926.0000 0.1172 73.2101 49.0000 31.5997 37.0216 54.6862
12927.0000 0.1212 73.3548 49.0000 31.5065 36.9347 54.9918
12928.0000 0.1172 73.2408 49.0000 31.5828 37.0685 54.7053
12929.0000 0.1230 73.5435 49.0000 31.3666 37.1200 55.1986
12930.0000 0.1238 73.4561 49.0000 31.3090 37.0336 55.1730
12931.0000 0.1211 73.4300 49.0000 31.6577 36.8560 55.0581
12932.0000 0.1204 73.2734 49.0000 31.3955 37.0370 54.8778
12933.0000 0.1218 73.4760 49.0000 31.5091 37.0060 55.1041
12934.0000 0.1229 73.8081 49.0000 31.5247 37.2122 55.3992
12935.0000 0.1196 73.7239 49.0000 31.4604 37.4685 55.1504
12936.0000 0.1155 73.8508 49.0000 32.0944 37.2517 55.1018
12937.0000 0.1175 73.8744 49.0000 32.2157 36.9845 55.2424
12938.0000 0.1171 73.9975 49.0000 32.0759 37.2841 55.2872
12939.0000 0.1215 74.0504 49.0000 32.0217 37.0407 55.5523
12940.0000 0.1208 73.8775 49.0000 32.1754 36.7706 55.4125
12941.0000 0.1181 73.8047 49.0000 32.1518 36.9349 55.2197
12942.0000 0.1129 73.5675 49.0000 32.2251 37.0550 54.7781
12943.0000 0.1158 73.7779 49.0000 32.2819 36.9615 55.0900
12944.0000 0.1132 73.5421 49.0000 32.0806 37.1536 54.7621
12945.0000 0.1145 73.6869 49.0000 32.1636 37.0974 54.9458
12946.0000 0.1148 73.6165 49.0000 32.2198 36.9526 54.9160
12947.0000 0.1164 73.6558 49.0000 31.9307 37.1638 54.9950
12948.0000 0.1154 73.4020 49.0000 31.9446 36.9882 54.7655
12949.0000 0.1088 73.6011 49.0000 32.3345 37.3048 54.5890
12950.0000 0.1118 73.7652 49.0000 32.2309 37.3244 54.8577
12951.0000 0.1109 73.8075 49.0000 32.2557 37.4165 54.8372
12952.0000 0.1131 73.8403 49.0000 32.3923 37.1213 55.0013
12953.0000 0.1146 73.8860 49.0000 32.4964 36.9395 55.1235
12954.0000 0.1137 74.0533 49.0000 32.6349 37.0261 55.2081
12955.0000 0.1155 74.2407 49.0000 32.8581 36.8316 55.4569
12956.0000 0.1120 73.9103 49.0000 33.0183 36.6301 55.0524
12957.0000 0.1118 73.9050 49.0000 32.9313 36.7253 55.0339
12958.0000 0.1196 73.9854 49.0000 32.6401 36.4890 55.4708
12959.0000 0.1219 73.9164 49.0000 32.2964 36.5959 55.5097
12960.0000 0.1257 73.8800 49.0000 32.4532 36.1092 55.6881
12961.0000 0.1179 73.5563 49.0000 32.3067 36.5585 55.0480
12962.0000 0.1151 73.5586 49.0000 32.2985 36.7867 54.9036
12963.0000 0.1118 73.5677 49.0000 32.5582 36.7912 54.7592
12964.0000 0.1198 73.9818 49.0000 32.3142 36.8063 55.4473
12965.0000 0.1183 74.0518 49.0000 32.2489 37.0586 55.4106
12966.0000 0.1156 74.1090 49.0000 32.3371 37.2340 55.3181
12967.0000 0.1229 74.2799 49.0000 32.3886 36.7630 55.8298
12968.0000 0.1215 74.3269 49.0000 32.7039 36.5960 55.8183
12969.0000 0.1197 74.0981 49.0000 32.7963 36.4259 55.5705
12970.0000 0.1232 74.2497 49.0000 32.6031 36.4927 55.8421
12971.0000 0.1168 74.0259 49.0000 32.9779 36.3945 55.3870
12972.0000 0.1207 73.9623 49.0000 32.7273 36.2878 55.5206
12973.0000 0.1210 73.9276 49.0000 32.4628 36.5033 55.4884
12974.0000 0.1220 73.9006 49.0000 32.1770 36.6939 55.4932
12975.0000 0.1261 74.0798 49.0000 32.1778 36.5477 55.8272
12976.0000 0.1263 74.1006 49.0000 32.0999 36.6330 55.8437
12977.0000 0.1212 73.7699 49.0000 32.3014 36.5074 55.3699
12978.0000 0.1222 73.8753 49.0000 32.5874 36.2351 55.5215
12979.0000 0.1245 73.6230 49.0000 32.2309 36.1844 55.4275
12980.0000 0.1301 73.9426 49.0000 32.1203 36.1723 55.9227
12981.0000 0.1246 73.7798 49.0000 32.3415 36.2099 55.5547
12982.0000 0.1228 73.6158 49.0000 32.4694 36.0638 55.3573
12983.0000 0.1212 73.6652 49.0000 32.1792 36.5289 55.2875
12984.0000 0.1250 73.7769 49.0000 31.9623 36.5670 55.5365
12985.0000 0.1220 73.9052 49.0000 32.2320 36.6421 55.5017
12986.0000 0.1244 73.9050 49.0000 32.1109 36.5805 55.6122
12987.0000 0.1346 74.3671 49.0000 31.7541 36.5980 56.4157
12988.0000 0.1350 74.4195 49.0000 31.8500 36.5233 56.4791
12989.0000 0.1324 74.5776 49.0000 31.8791 36.8317 56.4709
12990.0000 0.1362 74.6167 49.0000 31.8300 36.6352 56.6777
12991.0000 0.1331 74.5651 49.0000 31.8978 36.7514 56.4963
12992.0000 0.1378 74.7121 49.0000 31.8055 36.6280 56.8217
12993.0000 0.1350 74.6943 49.0000 32.0158 36.6028 56.6962
12994.0000 0.1344 74.4777 49.0000 31.9768 36.4901 56.5055
12995.0000 0.1363 74.5359 49.0000 31.8492 36.5319 56.6274
12996.0000 0.1252 74.4032 49.0000 32.0866 37.0110 56.0043
12997.0000 0.1344 74.8843 49.0000 31.6119 37.2386 56.7594
12998.0000 0.1327 74.6533 49.0000 31.8906 36.8741 56.5367
12999.0000 0.1344 74.7969 49.0000 31.9080 36.8605 56.7253
13000.0000 0.1320 74.5422 49.0000 31.9141 36.7946 56.4286
13001.0000 0.1350 74.7186 49.0000 32.1365 36.5038 56.7238
13002.0000 0.1294 74.4906 49.0000 32.0546 36.8006 56.2767
13003.0000 0.1296 74.6145 49.0000 32.2562 36.6996 56.3914
13004.0000 0.1286 74.3436 49.0000 32.0021 36.7780 56.1267
13005.0000 0.1360 74.3377 49.0000 31.8897 36.3271 56.4755
13006.0000 0.1332 74.5365 49.0000 32.0499 36.5589 56.4973
13007.0000 0.1239 74.3820 49.0000 32.1811 36.9947 55.9325
13008.0000 0.1303 74.3394 49.0000 32.1348 36.5097 56.2205
13009.0000 0.1230 74.3560 49.0000 32.2325 36.9872 55.8733
13010.0000 0.1273 74.6266 49.0000 32.4186 36.7224 56.2995
13011.0000 0.1243 74.4954 49.0000 32.2866 36.9654 56.0419
13012.0000 0.1240 74.6234 49.0000 32.3724 37.0166 56.1289
13013.0000 0.1299 74.8398 49.0000 32.0849 37.0592 56.5523
13014.0000 0.1253 74.4848 49.0000 32.2853 36.8815 56.0839
13015.0000 0.1203 74.6368 49.0000 32.5383 37.1518 55.9612
13016.0000 0.1253 74.7893 49.0000 32.5646 36.8800 56.3281
13017.0000 0.1188 74.5265 49.0000 32.7831 36.9152 55.8277
13018.0000 0.1195 74.3949 49.0000 33.0186 36.4900 55.7930
13019.0000 0.1159 74.5603 49.0000 33.1132 36.8366 55.7299
13020.0000 0.1176 74.6766 49.0000 33.2508 36.6699 55.9133
13021.0000 0.1144 74.3774 49.0000 33.0399 36.8589 55.5138
13022.0000 0.1164 74.7416 49.0000 32.9074 37.1849 55.8632
13023.0000 0.1226 74.9846 49.0000 32.9813 36.8474 56.3667
13024.0000 0.1181 75.0171 49.0000 33.0118 37.2036 56.1576
13025.0000 0.1225 74.9845 49.0000 33.1161 36.7153 56.3736
13026.0000 0.1223 74.9699 49.0000 33.0075 36.8236 56.3473
13027.0000 0.1198 74.6816 49.0000 32.9172 36.8401 56.0054
13028.0000 0.1219 74.8475 49.0000 32.9232 36.8276 56.2311
13029.0000 0.1229 74.6539 49.0000 33.0166 36.4757 56.1483
13030.0000 0.1233 74.5074 49.0000 32.8666 36.4579 56.0532
13031.0000 0.1251 74.7270 49.0000 32.9804 36.4085 56.3101
13032.0000 0.1243 74.6787 49.0000 33.1263 36.2746 56.2468
13033.0000 0.1227 74.7936 49.0000 33.2832 36.3477 56.2597
13034.0000 0.1255 74.7630 49.0000 32.9613 36.4278 56.3567
13035.0000 0.1268 74.8089 49.0000 32.7852 36.5494 56.4416
13036.0000 0.1276 74.9153 49.0000 32.9927 36.3759 56.5736
13037.0000 0.1235 74.6927 49.0000 32.5170 36.9763 56.1640
13038.0000 0.1198 74.7009 49.0000 32.8734 36.9104 56.0105
13039.0000 0.1271 75.0434 49.0000 32.8515 36.6844 56.6264
13040.0000 0.1180 74.8584 49.0000 32.9522 37.1192 56.0366
13041.0000 0.1171 74.7383 49.0000 33.0357 36.9866 55.9146
13042.0000 0.1150 74.6240 49.0000 33.1849 36.8961 55.7331
13043.0000 0.1152 74.9953 49.0000 32.9890 37.4399 55.9847
13044.0000 0.1204 75.0674 49.0000 32.7994 37.2845 56.2955
13045.0000 0.1225 75.1146 49.0000 32.9739 36.9814 56.4563
13046.0000 0.1237 75.0554 49.0000 32.9446 36.8585 56.4749
13047.0000 0.1252 75.2601 49.0000 32.8186 37.0657 56.6848
13048.0000 0.1228 74.9501 49.0000 32.8800 36.8983 56.3466
13049.0000 0.1224 74.9819 49.0000 32.7553 37.0930 56.3337
13050.0000 0.1229 75.2658 49.0000 33.1440 36.9180 56.5993
13051.0000 0.1209 75.5147 49.0000 33.0879 37.3668 56.6690
13052.0000 0.1212 75.4712 49.0000 33.3104 37.0727 56.6740
13053.0000 0.1196 75.6420 49.0000 33.4126 37.2575 56.7202
13054.0000 0.1141 75.3608 49.0000 33.6824 37.1542 56.2522
13055.0000 0.1193 75.3406 49.0000 33.3322 37.0820 56.4810
13056.0000 0.1220 75.2977 49.0000 33.2782 36.8795 56.5880
13057.0000 0.1205 75.4132 49.0000 33.2025 37.1871 56.5851
13058.0000 0.1260 75.4334 49.0000 32.8165 37.1671 56.8497
13059.0000 0.1288 75.2822 49.0000 32.6995 36.9313 56.8703
13060.0000 0.1280 75.2511 49.0000 32.5648 37.0977 56.7981
13061.0000 0.1294 75.0858 49.0000 32.7210 36.6761 56.7634
13062.0000 0.1291 75.1941 49.0000 32.8487 36.6734 56.8347
13063.0000 0.1281 75.2112 49.0000 32.8238 36.7881 56.7975
13064.0000 0.1242 74.7871 49.0000 33.1867 36.3217 56.3248
13065.0000 0.1298 75.2794 49.0000 33.1765 36.3617 56.9573
13066.0000 0.1298 75.3622 49.0000 33.1160 36.5038 57.0111
13067.0000 0.1260 75.3241 49.0000 33.1082 36.7686 56.7947
13068.0000 0.1280 75.3206 49.0000 33.1776 36.5373 56.8987
13069.0000 0.1287 75.0684 49.0000 32.7643 36.6721 56.7180
13070.0000 0.1239 75.1400 49.0000 33.1565 36.7103 56.5599
13071.0000 0.1289 75.1304 49.0000 33.1556 36.3157 56.8019
13072.0000 0.1259 74.8911 49.0000 33.2070 36.2654 56.4871
13073.0000 0.1192 74.8463 49.0000 33.3791 36.5697 56.1291
13074.0000 0.1228 75.2075 49.0000 33.2678 36.7466 56.5607
13075.0000 0.1232 75.3445 49.0000 33.3616 36.7451 56.6886
13076.0000 0.1214 75.4314 49.0000 33.2861 37.0499 56.6501
13077.0000 0.1244 75.6689 49.0000 33.0665 37.2566 56.9591
13078.0000 0.1219 75.6039 49.0000 33.0794 37.3835 56.7818
13079.0000 0.1252 75.5161 49.0000 32.6153 37.5146 56.8469
13080.0000 0.1221 75.5697 49.0000 32.9159 37.5047 56.7514
13081.0000 0.1180 75.1151 49.0000 33.0450 37.2683 56.2261
13082.0000 0.1264 75.5204 49.0000 33.0387 36.9894 56.9522
13083.0000 0.1210 75.3176 49.0000 33.1911 37.0677 56.5427
13084.0000 0.1153 75.2809 49.0000 33.3013 37.3748 56.2260
13085.0000 0.1217 75.4982 49.0000 32.9460 37.4403 56.6813
13086.0000 0.1206 75.4944 49.0000 33.2266 37.2302 56.6508
13087.0000 0.1198 75.7020 49.0000 33.7895 36.9130 56.8022
13088.0000 0.1220 75.7824 49.0000 33.7939 36.8083 56.9745
13089.0000 0.1128 75.7529 49.0000 34.0743 37.2313 56.4914
13090.0000 0.1154 76.1071 49.0000 33.9435 37.4963 56.8697
13091.0000 0.1156 76.3449 49.0000 33.9220 37.7282 57.0475
13092.0000 0.1133 76.2013 49.0000 33.9155 37.7872 56.8199
13093.0000 0.1070 75.9588 49.0000 33.8941 38.0994 56.2971
13094.0000 0.1102 75.9366 49.0000 33.8122 37.8954 56.4539
13095.0000 0.1184 76.1646 49.0000 33.7040 37.5532 57.0512
13096.0000 0.1197 76.3659 49.0000 33.6593 37.6838 57.2603
13097.0000 0.1221 76.3796 49.0000 33.5407 37.6232 57.3878
13098.0000 0.1240 76.4863 49.0000 33.6574 37.4533 57.5725
13099.0000 0.1251 76.5274 49.0000 33.7968 37.2617 57.6697
13100.0000 0.1239 76.8245 49.0000 33.9098 37.5181 57.8319
13101.0000 0.1260 76.7485 49.0000 33.8891 37.3076 57.8792
13102.0000 0.1302 77.1994 49.0000 34.0920 37.1840 58.4366
13103.0000 0.1296 77.4777 49.0000 34.0848 37.4998 58.6070
13104.0000 0.1211 77.3136 49.0000 34.6315 37.4685 58.0875
13105.0000 0.1197 77.4453 49.0000 34.8488 37.4828 58.1237
13106.0000 0.1235 77.2597 49.0000 34.7201 37.1357 58.1766
13107.0000 0.1245 77.1241 49.0000 34.1334 37.5237 58.0948
13108.0000 0.1280 77.3633 49.0000 34.0747 37.5312 58.4415
13109.0000 0.1275 77.3469 49.0000 34.0633 37.5702 58.4013
13110.0000 0.1298 77.3174 49.0000 34.0909 37.3284 58.5012
13111.0000 0.1244 77.2089 49.0000 34.0830 37.6684 58.1434
13112.0000 0.1230 77.1643 49.0000 34.0003 37.8207 58.0336
13113.0000 0.1295 77.1132 49.0000 33.4619 37.8071 58.2870
13114.0000 0.1218 77.0849 49.0000 33.9594 37.8886 57.9076
13115.0000 0.1155 76.8530 49.0000 34.0855 38.0524 57.4159
13116.0000 0.1174 76.7373 49.0000 34.1061 37.7626 57.4402
13117.0000 0.1176 76.5897 49.0000 34.1561 37.5531 57.3507
13118.0000 0.1180 76.6517 49.0000 34.5925 37.1329 57.4455
13119.0000 0.1150 76.4338 49.0000 34.4546 37.3105 57.1221
13120.0000 0.1155 76.6044 49.0000 34.5303 37.3531 57.2768
13121.0000 0.1082 76.3249 49.0000 34.8869 37.3241 56.7037
13122.0000 0.1123 76.1850 49.0000 34.2872 37.4667 56.7872
13123.0000 0.1165 76.1992 49.0000 34.3601 37.0620 57.0273
13124.0000 0.1194 76.3743 49.0000 34.4280 36.9264 57.3078
13125.0000 0.1213 76.7492 49.0000 34.5216 37.0363 57.6803
13126.0000 0.1160 76.7121 49.0000 34.6835 37.2596 57.3893
13127.0000 0.1138 76.3466 49.0000 34.7537 37.0178 57.0146
13128.0000 0.1128 76.4072 49.0000 34.7596 37.1556 57.0026
13129.0000 0.1064 76.3722 49.0000 35.0187 37.3830 56.6472
13130.0000 0.1022 76.0561 49.0000 34.9285 37.5309 56.1779
13131.0000 0.0996 76.0980 49.0000 35.4934 37.2108 56.0934
13132.0000 0.1043 76.3345 49.0000 35.3272 37.2068 56.5208
13133.0000 0.1052 76.3591 49.0000 35.1678 37.3206 56.5783
13134.0000 0.1005 75.9365 49.0000 34.9033 37.5788 55.9995
13135.0000 0.1035 75.9910 49.0000 34.5639 37.7311 56.1812
13136.0000 0.1043 75.8846 49.0000 34.5224 37.6018 56.1497
13137.0000 0.1068 76.3847 49.0000 34.6962 37.6940 56.6566
13138.0000 0.1055 76.1116 49.0000 34.6645 37.5761 56.3860
13139.0000 0.1047 76.0319 49.0000 34.5609 37.6717 56.2781
13140.0000 0.1093 76.0417 49.0000 34.0205 37.8583 56.4950
13141.0000 0.1094 75.7341 49.0000 33.9997 37.5747 56.2834
13142.0000 0.1082 75.5427 49.0000 33.4711 38.0404 56.0295
13143.0000 0.1070 75.5352 49.0000 33.9844 37.5960 56.0104
13144.0000 0.1105 75.6101 49.0000 33.8544 37.5155 56.2437
13145.0000 0.1107 75.8698 49.0000 33.7793 37.8237 56.4319
13146.0000 0.1170 76.3883 49.0000 33.7300 37.8497 57.1389
13147.0000 0.1232 76.3425 49.0000 33.4496 37.5930 57.4113
13148.0000 0.1208 76.5373 49.0000 33.8927 37.5180 57.4600
13149.0000 0.1150 76.1983 49.0000 34.1519 37.3948 56.9338
13150.0000 0.1195 76.1181 49.0000 34.1424 36.9661 57.1119
13151.0000 0.1165 76.1672 49.0000 34.1296 37.2710 56.9868
13152.0000 0.1178 76.2243 49.0000 34.1593 37.1917 57.0969
13153.0000 0.1181 76.0668 49.0000 34.0765 37.1017 56.9948
13154.0000 0.1226 76.2221 49.0000 33.9085 37.0588 57.3295
13155.0000 0.1233 76.1210 49.0000 34.0484 36.7668 57.3003
13156.0000 0.1201 76.1244 49.0000 34.0924 36.9796 57.1414
13157.0000 0.1168 75.9379 49.0000 34.1816 36.9780 56.8401
13158.0000 0.1185 75.8442 49.0000 34.0060 36.9280 56.8529
13159.0000 0.1164 75.7563 49.0000 34.2086 36.8067 56.6927
13160.0000 0.1148 75.8754 49.0000 34.3015 36.9533 56.7004
13161.0000 0.1198 75.6794 49.0000 33.9562 36.7188 56.7986
13162.0000 0.1149 75.3408 49.0000 33.8867 36.8664 56.2920
13163.0000 0.1168 75.3706 49.0000 33.7297 36.8983 56.4052
13164.0000 0.1161 75.2973 49.0000 33.5742 37.0469 56.3027
13165.0000 0.1143 75.5737 49.0000 33.9010 37.1200 56.4289
13166.0000 0.1109 75.3649 49.0000 34.0039 37.0942 56.1037
13167.0000 0.1079 75.3748 49.0000 33.8150 37.5395 55.9347
13168.0000 0.1146 75.7822 49.0000 33.8907 37.3076 56.5907
13169.0000 0.1188 75.7412 49.0000 33.6934 37.1324 56.7685
13170.0000 0.1188 75.6664 49.0000 33.7563 36.9933 56.7222
13171.0000 0.1234 75.8815 49.0000 33.5073 37.0827 57.0977
13172.0000 0.1260 75.8704 49.0000 33.6157 36.7609 57.2272
13173.0000 0.1306 76.0862 49.0000 33.3773 36.8497 57.5949
13174.0000 0.1321 75.8838 49.0000 33.3967 36.5227 57.5248
13175.0000 0.1372 76.2855 49.0000 33.0768 36.8341 58.0401
13176.0000 0.1376 76.3610 49.0000 32.9069 37.0404 58.1046
13177.0000 0.1419 76.4217 49.0000 32.8720 36.8093 58.3505
13178.0000 0.1435 76.4158 49.0000 32.8109 36.7459 58.4172
13179.0000 0.1437 76.3579 49.0000 32.5985 36.8945 58.3667
13180.0000 0.1420 76.2434 49.0000 32.8870 36.6199 58.2279
13181.0000 0.1387 76.2237 49.0000 33.1113 36.6239 58.0723
13182.0000 0.1332 76.0437 49.0000 33.4662 36.5177 57.6985
13183.0000 0.1337 76.2133 49.0000 33.4284 36.6773 57.8427
13184.0000 0.1342 76.4580 49.0000 33.3492 36.9449 58.0408
13185.0000 0.1433 76.6338 49.0000 33.0993 36.6694 58.5878
13186.0000 0.1402 76.7593 49.0000 33.1072 37.0081 58.5347
13187.0000 0.1376 76.5660 49.0000 33.1145 37.0180 58.2705
13188.0000 0.1391 76.6761 49.0000 33.2895 36.8311 58.4337
13189.0000 0.1327 76.2354 49.0000 33.1243 37.0814 57.7892
13190.0000 0.1385 76.5414 49.0000 32.9601 37.0855 58.2828
13191.0000 0.1365 76.4653 49.0000 33.3449 36.7824 58.1560
13192.0000 0.1271 76.2974 49.0000 33.4280 37.2631 57.5789
13193.0000 0.1325 76.3058 49.0000 33.0147 37.2769 57.8191
13194.0000 0.1336 76.5318 49.0000 33.2710 37.1359 58.0611
13195.0000 0.1332 76.4065 49.0000 33.1239 37.2061 57.9350
13196.0000 0.1241 76.0420 49.0000 33.1736 37.5232 57.2181
13197.0000 0.1291 76.5482 49.0000 33.1165 37.6651 57.8297
13198.0000 0.1312 76.6558 49.0000 33.2009 37.5121 58.0228
13199.0000 0.1276 76.8554 49.0000 33.2453 37.9364 57.9856
13200.0000 0.1231 76.5334 49.0000 33.5767 37.6555 57.5503
13201.0000 0.1257 76.5056 49.0000 33.5050 37.4925 57.6613
13202.0000 0.1203 76.1867 49.0000 33.4441 37.6837 57.1475
13203.0000 0.1153 76.1101 49.0000 33.7009 37.7534 56.8479
13204.0000 0.1212 76.3332 49.0000 33.5055 37.6885 57.3038
13205.0000 0.1181 76.2357 49.0000 33.4036 37.9505 57.0600
13206.0000 0.1156 75.9061 49.0000 33.0007 38.2663 56.6427
13207.0000 0.1161 76.0720 49.0000 33.3336 38.0317 56.8279
13208.0000 0.1171 75.8491 49.0000 33.1891 37.8868 56.7112
13209.0000 0.1136 75.8481 49.0000 33.4306 37.9290 56.5396
13210.0000 0.1121 75.8063 49.0000 33.6496 37.7853 56.4497
13211.0000 0.1133 75.9666 49.0000 33.9002 37.5738 56.6560
13212.0000 0.1164 76.1558 49.0000 34.1711 37.2227 56.9782
13213.0000 0.1144 76.0496 49.0000 33.7394 37.7298 56.7597
13214.0000 0.1217 76.1987 49.0000 33.6239 37.4032 57.2423
13215.0000 0.1251 76.0725 49.0000 33.4592 37.1842 57.3136
13216.0000 0.1230 75.9371 49.0000 33.5416 37.1348 57.1175
13217.0000 0.1208 76.0760 49.0000 33.3921 37.5993 57.0861
13218.0000 0.1207 75.8514 49.0000 33.5796 37.2020 56.9373
13219.0000 0.1194 75.9082 49.0000 33.6199 37.3144 56.9156
13220.0000 0.1227 75.9033 49.0000 33.6577 37.0056 57.0881
13221.0000 0.1280 76.2974 49.0000 33.4066 37.2181 57.6203
13222.0000 0.1244 76.0298 49.0000 33.4328 37.2258 57.2452
13223.0000 0.1243 75.9450 49.0000 33.4004 37.1829 57.1794
13224.0000 0.1279 76.2411 49.0000 33.3603 37.2232 57.5693
13225.0000 0.1253 76.3711 49.0000 33.3899 37.5198 57.5320
13226.0000 0.1290 76.3152 49.0000 32.9011 37.6766 57.6368
13227.0000 0.1280 76.2199 49.0000 32.8922 37.6717 57.5189
13228.0000 0.1283 76.1438 49.0000 32.8860 37.5798 57.4818
13229.0000 0.1291 76.1209 49.0000 32.8814 37.5009 57.5055
13230.0000 0.1311 76.4745 49.0000 33.2187 37.3352 57.8874
13231.0000 0.1185 75.8918 49.0000 33.3317 37.6690 56.8296
13232.0000 0.1251 76.1891 49.0000 33.2602 37.4934 57.3827
13233.0000 0.1203 75.9449 49.0000 33.1774 37.7356 56.9466
13234.0000 0.1203 75.9228 49.0000 32.9180 37.9830 56.9031
13235.0000 0.1195 75.8413 49.0000 33.0226 37.8565 56.8181
13236.0000 0.1187 75.6440 49.0000 33.1212 37.6356 56.6442
13237.0000 0.1201 75.7950 49.0000 33.2188 37.5613 56.8379
13238.0000 0.1154 75.7040 49.0000 33.5347 37.5342 56.5482
13239.0000 0.1139 75.3740 49.0000 33.3361 37.5461 56.2159
13240.0000 0.1117 75.0340 49.0000 33.1909 37.5502 55.8431
13241.0000 0.1106 74.9891 49.0000 33.5064 37.2714 55.7810
13242.0000 0.1092 74.9798 49.0000 33.7867 37.0875 55.7220
13243.0000 0.1104 75.0240 49.0000 33.4282 37.3980 55.7902
13244.0000 0.1056 74.8127 49.0000 33.6387 37.3780 55.3918
13245.0000 0.1023 74.8603 49.0000 33.8916 37.4375 55.2618
13246.0000 0.1002 74.7397 49.0000 33.9671 37.4134 55.0682
13247.0000 0.0975 74.9450 49.0000 33.8942 37.9231 55.0434
13248.0000 0.0985 75.0852 49.0000 33.8960 37.9723 55.1993
13249.0000 0.0983 75.0079 49.0000 33.8203 37.9996 55.1217
13250.0000 0.0988 75.1759 49.0000 33.8848 38.0509 55.2754
13251.0000 0.0978 74.9825 49.0000 33.7231 38.1199 55.0635
13252.0000 0.0994 75.0747 49.0000 33.3306 38.4918 55.1693
13253.0000 0.0984 75.0262 49.0000 33.4248 38.4296 55.0897
13254.0000 0.0955 74.6931 49.0000 33.1844 38.6098 54.6547
13255.0000 0.1033 74.9753 49.0000 33.3781 38.0057 55.3422
13256.0000 0.1059 74.9111 49.0000 33.2635 37.8363 55.4403
13257.0000 0.1020 74.6487 49.0000 33.2839 37.8901 55.0358
13258.0000 0.1033 74.6406 49.0000 33.4588 37.5898 55.1247
13259.0000 0.1073 74.9875 49.0000 33.2367 37.8213 55.5697
13260.0000 0.1031 74.7474 49.0000 33.1367 38.0506 55.1478
13261.0000 0.1074 75.0252 49.0000 33.2260 37.8603 55.6005
13262.0000 0.1076 75.1186 49.0000 33.0483 38.1254 55.6512
13263.0000 0.1093 75.3193 49.0000 33.2585 37.9562 55.9124
13264.0000 0.1116 75.1621 49.0000 32.9801 37.9030 55.9018
13265.0000 0.1132 75.3123 49.0000 32.9082 37.9891 56.0876
13266.0000 0.1114 75.1593 49.0000 33.0558 37.8334 55.9005
13267.0000 0.1147 75.3459 49.0000 33.0153 37.7906 56.2039
13268.0000 0.1092 75.0556 49.0000 33.4041 37.5589 55.7390
13269.0000 0.1116 75.5274 49.0000 33.3580 37.8616 56.1972
13270.0000 0.1080 75.4903 49.0000 33.7757 37.6889 56.0137
13271.0000 0.1070 75.6324 49.0000 33.9454 37.7336 56.0727
13272.0000 0.1069 75.4194 49.0000 33.8833 37.5956 55.9158
13273.0000 0.1063 75.3636 49.0000 34.0345 37.4353 55.8563
13274.0000 0.1077 75.2769 49.0000 33.8206 37.4614 55.8518
13275.0000 0.1031 75.4828 49.0000 34.1215 37.7314 55.7648
13276.0000 0.1039 75.2135 49.0000 33.7498 37.7933 55.5849
13277.0000 0.1091 75.3734 49.0000 33.8105 37.4509 55.9950
13278.0000 0.1129 75.3785 49.0000 33.4230 37.5447 56.1713
13279.0000 0.1064 75.1126 49.0000 33.7561 37.4747 55.6604
13280.0000 0.1087 75.0809 49.0000 33.3671 37.6565 55.7294
13281.0000 0.1092 75.0583 49.0000 33.1824 37.7925 55.7172
13282.0000 0.1091 75.0000 49.0000 33.2720 37.6483 55.6828
13283.0000 0.1020 75.0789 49.0000 33.3443 38.2466 55.3370
13284.0000 0.1004 75.0909 49.0000 33.5113 38.2275 55.2657
13285.0000 0.1030 75.0269 49.0000 33.2638 38.2015 55.3462
13286.0000 0.0991 75.1091 49.0000 33.8693 37.9763 55.2453
13287.0000 0.1014 75.2296 49.0000 33.6562 38.1203 55.4400
13288.0000 0.1000 74.9889 49.0000 33.6072 38.0529 55.1893
13289.0000 0.0983 74.5781 49.0000 33.7312 37.6732 54.8164
13290.0000 0.0994 74.7157 49.0000 33.8273 37.6125 54.9859
13291.0000 0.0988 74.6313 49.0000 33.8653 37.5389 54.8981
13292.0000 0.0993 74.6222 49.0000 33.6534 37.7053 54.9020
13293.0000 0.0984 74.8600 49.0000 33.5378 38.1398 54.9963
13294.0000 0.1033 75.0195 49.0000 33.2454 38.1861 55.3578
13295.0000 0.0996 74.7043 49.0000 33.4915 37.9382 54.9523
13296.0000 0.1030 74.9074 49.0000 33.3154 38.0248 55.2749
13297.0000 0.1044 75.0097 49.0000 33.4375 37.8769 55.4413
13298.0000 0.1022 74.8472 49.0000 33.5759 37.7618 55.2160
13299.0000 0.1034 74.9906 49.0000 33.8624 37.4961 55.4163
13300.0000 0.1032 75.0990 49.0000 33.8035 37.6795 55.4748
13301.0000 0.1056 75.1762 49.0000 33.6896 37.6770 55.6499
13302.0000 0.1112 75.4765 49.0000 33.7473 37.4389 56.1796
13303.0000 0.1111 75.5158 49.0000 33.5949 37.6459 56.1854
13304.0000 0.1080 75.3908 49.0000 33.8948 37.4684 55.9556
13305.0000 0.1087 75.0393 49.0000 33.8016 37.1678 55.7397
13306.0000 0.1099 75.0104 49.0000 33.4832 37.3729 55.7557
13307.0000 0.1080 74.9441 49.0000 33.6317 37.3084 55.6202
13308.0000 0.1088 74.7687 49.0000 33.3912 37.3242 55.5183
13309.0000 0.1081 74.7990 49.0000 33.4647 37.3369 55.5064
13310.0000 0.1078 74.7085 49.0000 33.4774 37.2582 55.4296
13311.0000 0.1054 74.8702 49.0000 33.7081 37.3722 55.4313
13312.0000 0.1052 74.9434 49.0000 33.3414 37.8491 55.4284
13313.0000 0.1100 75.0638 49.0000 33.3506 37.5528 55.7862
13314.0000 0.1055 74.8706 49.0000 33.3248 37.7678 55.3955
13315.0000 0.1074 75.0336 49.0000 33.2009 37.8951 55.6030
13316.0000 0.1053 74.6578 49.0000 33.2245 37.6867 55.2235
13317.0000 0.1040 74.4481 49.0000 33.4216 37.3849 55.0262
13318.0000 0.1061 74.4875 49.0000 33.0131 37.6697 55.1318
13319.0000 0.1073 74.8850 49.0000 32.8562 38.1274 55.4484
13320.0000 0.1176 75.0446 49.0000 32.3113 37.9983 56.0696
13321.0000 0.1158 74.9284 49.0000 32.6628 37.6667 55.9342
13322.0000 0.1161 75.0968 49.0000 32.8287 37.6304 56.0872
13323.0000 0.1139 74.7977 49.0000 32.3955 37.9751 55.7056
13324.0000 0.1138 74.8845 49.0000 32.7125 37.7357 55.7997
13325.0000 0.1139 74.4942 49.0000 32.7144 37.3476 55.5366
13326.0000 0.1120 74.4296 49.0000 32.8660 37.2823 55.4041
13327.0000 0.1166 74.4960 49.0000 32.5579 37.2957 55.6658
13328.0000 0.1190 74.7778 49.0000 32.5677 37.3590 55.9944
13329.0000 0.1152 74.6831 49.0000 32.9174 37.2126 55.7605
13330.0000 0.1119 74.3992 49.0000 33.0704 37.0513 55.3966
13331.0000 0.1118 74.7770 49.0000 33.1943 37.2941 55.6678
13332.0000 0.1127 74.5998 49.0000 32.8212 37.4390 55.5537
13333.0000 0.1152 74.6146 49.0000 32.5278 37.5511 55.6704
13334.0000 0.1147 74.6198 49.0000 32.3976 37.7332 55.6301
13335.0000 0.1119 74.4842 49.0000 32.6693 37.5496 55.4133
13336.0000 0.1073 74.4820 49.0000 33.0423 37.5353 55.1984
13337.0000 0.1023 74.2662 49.0000 33.5553 37.2079 54.8186
13338.0000 0.1055 74.3198 49.0000 33.0738 37.4992 54.9851
13339.0000 0.1039 74.3944 49.0000 33.0166 37.7693 54.9354
13340.0000 0.1076 74.4886 49.0000 33.0871 37.4739 55.2222
13341.0000 0.1109 74.5120 49.0000 33.0317 37.2803 55.4177
13342.0000 0.1091 74.2130 49.0000 32.7559 37.4300 55.0783
13343.0000 0.1103 74.3962 49.0000 32.7034 37.5587 55.2686
13344.0000 0.1090 74.3460 49.0000 32.6600 37.6685 55.1520
13345.0000 0.1085 74.2967 49.0000 32.5991 37.7224 55.0846
13346.0000 0.1088 74.3061 49.0000 32.4763 37.8346 55.0929
13347.0000 0.1044 74.0970 49.0000 32.9911 37.4583 54.7616
13348.0000 0.1030 74.3021 49.0000 32.9686 37.7994 54.8187
13349.0000 0.1124 74.3311 49.0000 32.4499 37.5898 55.3094
13350.0000 0.1141 74.3615 49.0000 32.7623 37.1592 55.4568
13351.0000 0.1193 74.2866 49.0000 32.6075 36.8255 55.6699
13352.0000 0.1112 74.0186 49.0000 32.7746 37.0467 55.0646
13353.0000 0.1114 74.0987 49.0000 32.9600 36.9127 55.1517
13354.0000 0.1152 74.3476 49.0000 33.1139 36.6917 55.5406
13355.0000 0.1133 74.4487 49.0000 33.1822 36.8639 55.5211
13356.0000 0.1119 74.3530 49.0000 33.2838 36.7873 55.3828
13357.0000 0.1129 74.4409 49.0000 33.0231 37.0589 55.4757
13358.0000 0.1155 74.4869 49.0000 33.0010 36.9120 55.6483
13359.0000 0.1159 74.4139 49.0000 32.7849 37.0355 55.5962
13360.0000 0.1169 74.5212 49.0000 33.0004 36.8325 55.7472
13361.0000 0.1147 74.3808 49.0000 33.0381 36.8380 55.5334
13362.0000 0.1181 74.5903 49.0000 33.1083 36.6972 55.8648
13363.0000 0.1203 74.8504 49.0000 33.2471 36.6267 56.1757
13364.0000 0.1186 74.8091 49.0000 32.9956 36.9759 56.0399
13365.0000 0.1208 74.7706 49.0000 32.7435 37.0264 56.1030
13366.0000 0.1237 74.6833 49.0000 32.5730 36.8963 56.1717
13367.0000 0.1238 74.6003 49.0000 32.6120 36.7678 56.1231
13368.0000 0.1141 74.4675 49.0000 32.9211 37.0905 55.5509
13369.0000 0.1161 74.2157 49.0000 32.9403 36.6713 55.4808
13370.0000 0.1140 74.1813 49.0000 32.7845 36.9638 55.3328
13371.0000 0.1130 74.3382 49.0000 33.0425 36.9283 55.4135
13372.0000 0.1151 74.4189 49.0000 33.1259 36.7489 55.5910
13373.0000 0.1198 74.5400 49.0000 32.9227 36.7009 55.9048
13374.0000 0.1196 74.4371 49.0000 32.9756 36.5702 55.8221
13375.0000 0.1182 74.2118 49.0000 33.1004 36.3338 55.6023
13376.0000 0.1187 74.4682 49.0000 33.2072 36.4299 55.8180
13377.0000 0.1197 74.7590 49.0000 33.5793 36.2428 56.1052
13378.0000 0.1151 74.6767 49.0000 33.3866 36.7283 55.7940
13379.0000 0.1114 74.3445 49.0000 33.2726 36.8300 55.3496
13380.0000 0.1128 74.4753 49.0000 33.2693 36.8423 55.5191
13381.0000 0.1077 74.4115 49.0000 33.5474 36.9059 55.2232
13382.0000 0.1055 74.4133 49.0000 33.8397 36.7862 55.1271
13383.0000 0.1101 74.6121 49.0000 34.1927 36.2406 55.5378
13384.0000 0.1108 74.4720 49.0000 34.0474 36.2028 55.4636
13385.0000 0.1061 74.2655 49.0000 33.9104 36.5209 55.0606
13386.0000 0.1010 74.2525 49.0000 34.2339 36.5957 54.7926
13387.0000 0.1039 74.2810 49.0000 33.8846 36.7445 54.9486
13388.0000 0.1054 74.2591 49.0000 33.8078 36.6824 55.0077
13389.0000 0.1046 74.1571 49.0000 33.7011 36.7606 54.8832
13390.0000 0.1029 74.1348 49.0000 33.7696 36.8099 54.7779
13391.0000 0.1032 73.9113 49.0000 33.2975 37.0580 54.5972
13392.0000 0.1045 73.8273 49.0000 33.1399 37.0322 54.5971
13393.0000 0.1072 74.1197 49.0000 33.2222 37.0052 54.9603
13394.0000 0.1064 74.0246 49.0000 33.2144 36.9906 54.8465
13395.0000 0.1036 73.6798 49.0000 33.0789 37.0262 54.4386
13396.0000 0.1080 73.9500 49.0000 33.2155 36.7831 54.8848
13397.0000 0.1069 73.9179 49.0000 33.1040 36.9610 54.7893
13398.0000 0.1034 73.8194 49.0000 33.4331 36.8066 54.5601
13399.0000 0.1069 73.9270 49.0000 33.3596 36.7033 54.8198
13400.0000 0.1091 73.9267 49.0000 33.0155 36.8821 54.9075
13401.0000 0.1038 73.7093 49.0000 33.1010 37.0198 54.4694
13402.0000 0.1112 73.9851 49.0000 32.8030 36.9869 55.0430
13403.0000 0.1128 73.9867 49.0000 32.9878 36.6632 55.1511
13404.0000 0.1088 73.9086 49.0000 33.1352 36.7655 54.8893
13405.0000 0.1073 73.8935 49.0000 33.2574 36.7430 54.8101
13406.0000 0.1058 73.6956 49.0000 33.0811 36.8614 54.5704
13407.0000 0.1084 73.9138 49.0000 33.2552 36.6727 54.8858
13408.0000 0.1090 73.6741 49.0000 33.1842 36.4658 54.7441
13409.0000 0.1073 73.9376 49.0000 33.1868 36.8571 54.8358
13410.0000 0.1078 73.9404 49.0000 33.0818 36.9273 54.8558
13411.0000 0.1041 73.7566 49.0000 33.0207 37.1193 54.5146
13412.0000 0.1105 73.9080 49.0000 33.0132 36.7524 54.9707
13413.0000 0.1033 73.4675 49.0000 33.1265 36.7951 54.2791
13414.0000 0.1068 73.6861 49.0000 33.1204 36.7251 54.6255
13415.0000 0.1074 73.7851 49.0000 33.1290 36.7646 54.7272
13416.0000 0.1130 73.7867 49.0000 33.0302 36.4131 55.0234
13417.0000 0.1121 73.6372 49.0000 32.8552 36.5222 54.8553
13418.0000 0.1089 73.5126 49.0000 32.8994 36.6145 54.5996
13419.0000 0.1122 73.6004 49.0000 33.0159 36.3179 54.8450
13420.0000 0.1126 73.5133 49.0000 32.6606 36.5713 54.7726
13421.0000 0.1142 73.5513 49.0000 32.8266 36.3071 54.8999
13422.0000 0.1111 73.5779 49.0000 32.7197 36.6938 54.7421
13423.0000 0.1113 73.7391 49.0000 32.9195 36.6203 54.8883
13424.0000 0.1082 73.6375 49.0000 33.1284 36.5531 54.6704
13425.0000 0.1109 73.5011 49.0000 33.0577 36.2828 54.7099
13426.0000 0.1135 73.6931 49.0000 32.8717 36.4482 54.9696
13427.0000 0.1162 73.7333 49.0000 32.8869 36.2599 55.1386
13428.0000 0.1158 73.7035 49.0000 32.9037 36.2486 55.0962
13429.0000 0.1184 73.8023 49.0000 32.8437 36.1969 55.2979
13430.0000 0.1205 73.8806 49.0000 32.9304 36.0197 55.4663
13431.0000 0.1225 74.0813 49.0000 33.0441 35.9330 55.7220
13432.0000 0.1206 74.1226 49.0000 33.2953 35.8621 55.6731
13433.0000 0.1221 74.4883 49.0000 33.1853 36.2090 56.0014
13434.0000 0.1239 74.3611 49.0000 32.9928 36.1431 55.9886
13435.0000 0.1287 74.5217 49.0000 32.9864 35.9309 56.3414
13436.0000 0.1267 74.4665 49.0000 33.0521 35.9662 56.2071
13437.0000 0.1269 74.3842 49.0000 33.0203 35.9051 56.1559
13438.0000 0.1262 74.2670 49.0000 33.0986 35.7697 56.0410
13439.0000 0.1246 73.9183 49.0000 33.0107 35.6578 55.7022
13440.0000 0.1201 74.0199 49.0000 32.9499 36.1576 55.5508
13441.0000 0.1228 74.0238 49.0000 33.1459 35.7533 55.7008
13442.0000 0.1258 74.2382 49.0000 33.3084 35.5598 56.0122
13443.0000 0.1200 74.0347 49.0000 33.1047 36.0208 55.5673
13444.0000 0.1144 73.8212 49.0000 33.2167 36.1436 55.1349
13445.0000 0.1139 73.9806 49.0000 33.3046 36.2493 55.2260
13446.0000 0.1174 73.9821 49.0000 33.1565 36.1250 55.3985
13447.0000 0.1233 74.3181 49.0000 32.9551 36.1874 55.9250
13448.0000 0.1240 74.5161 49.0000 33.1258 36.1426 56.1163
13449.0000 0.1216 74.3226 49.0000 33.0781 36.1957 55.8531
13450.0000 0.1273 74.4657 49.0000 32.9746 35.9968 56.2321
13451.0000 0.1238 74.4750 49.0000 33.1350 36.1096 56.0776
13452.0000 0.1281 74.2856 49.0000 32.8397 35.9099 56.1283
13453.0000 0.1278 74.4335 49.0000 32.8302 36.0767 56.2227
13454.0000 0.1263 74.4734 49.0000 32.6298 36.4355 56.1609
13455.0000 0.1278 74.7019 49.0000 32.6085 36.5566 56.3975
13456.0000 0.1232 74.5467 49.0000 32.7726 36.5974 56.0695
13457.0000 0.1282 74.4059 49.0000 32.7162 36.1423 56.2105
13458.0000 0.1241 74.5033 49.0000 32.8906 36.3684 56.0919
13459.0000 0.1216 74.3637 49.0000 33.1501 36.1663 55.8841
13460.0000 0.1178 74.2383 49.0000 33.1478 36.3475 55.6005
13461.0000 0.1172 74.1074 49.0000 33.2825 36.1283 55.4881
13462.0000 0.1213 74.2691 49.0000 33.1599 36.0844 55.8053
13463.0000 0.1159 74.2316 49.0000 32.9732 36.6718 55.4822
13464.0000 0.1163 74.2517 49.0000 33.1888 36.4358 55.5360
13465.0000 0.1138 74.0965 49.0000 32.9557 36.7216 55.2787
13466.0000 0.1195 74.1432 49.0000 32.9981 36.2744 55.6103
13467.0000 0.1264 74.4684 49.0000 32.6795 36.3742 56.1650
13468.0000 0.1337 74.4285 49.0000 32.4954 35.9711 56.4777
13469.0000 0.1341 74.5314 49.0000 32.3922 36.1418 56.5637
13470.0000 0.1351 74.7276 49.0000 32.5833 36.0481 56.7722
13471.0000 0.1359 74.5589 49.0000 32.2163 36.2119 56.6555
13472.0000 0.1393 74.5903 49.0000 32.2105 35.9916 56.8402
13473.0000 0.1346 74.5662 49.0000 32.2235 36.3082 56.5993
13474.0000 0.1325 74.5336 49.0000 32.2666 36.3930 56.4771
13475.0000 0.1310 74.6125 49.0000 32.7233 36.1114 56.4993
13476.0000 0.1284 74.3246 49.0000 32.7327 36.0271 56.1673
13477.0000 0.1289 74.5006 49.0000 32.8624 36.0246 56.3261
13478.0000 0.1299 74.5409 49.0000 32.6166 36.2359 56.3867
13479.0000 0.1256 74.4268 49.0000 32.7586 36.3139 56.1028
13480.0000 0.1203 74.1236 49.0000 32.9792 36.2165 55.6331
13481.0000 0.1200 74.3813 49.0000 32.9348 36.5293 55.7986
13482.0000 0.1169 74.1770 49.0000 32.4726 37.0527 55.4513
13483.0000 0.1161 74.2929 49.0000 32.4534 37.2509 55.4850
13484.0000 0.1227 74.5516 49.0000 32.1733 37.2623 55.9851
13485.0000 0.1263 74.7198 49.0000 32.1880 37.1235 56.2924
13486.0000 0.1243 74.7063 49.0000 32.1592 37.2985 56.1752
13487.0000 0.1268 74.7130 49.0000 32.1383 37.1272 56.3092
13488.0000 0.1285 74.7531 49.0000 32.1399 37.0320 56.4241
13489.0000 0.1252 74.5638 49.0000 32.3446 36.9020 56.1411
13490.0000 0.1277 74.7561 49.0000 32.3565 36.8767 56.4060
13491.0000 0.1268 74.7716 49.0000 32.1114 37.2115 56.3467
13492.0000 0.1225 74.5492 49.0000 32.3095 37.1314 55.9905
13493.0000 0.1204 74.6016 49.0000 32.5138 37.1399 55.9363
13494.0000 0.1227 74.5388 49.0000 32.4046 37.0096 56.0024
13495.0000 0.1144 74.3112 49.0000 32.7800 37.0682 55.4399
13496.0000 0.1164 74.5064 49.0000 32.7501 37.1222 55.6829
13497.0000 0.1173 74.4074 49.0000 32.6824 37.0275 55.6532
13498.0000 0.1170 74.3861 49.0000 32.7629 36.9444 55.6327
13499.0000 0.1198 74.2834 49.0000 32.6463 36.7451 55.6960
13500.0000 0.1128 74.2234 49.0000 32.9409 36.9452 55.3088
13501.0000 0.1147 74.5148 49.0000 33.1591 36.8445 55.6364
13502.0000 0.1166 74.5174 49.0000 33.1081 36.7430 55.7374
13503.0000 0.1159 74.6063 49.0000 33.4047 36.5837 55.7841
13504.0000 0.1161 74.5727 49.0000 33.1576 36.7877 55.7524
13505.0000 0.1219 74.8408 49.0000 32.8642 36.8845 56.2195
13506.0000 0.1178 74.7795 49.0000 33.2353 36.7695 55.9946
13507.0000 0.1136 74.7260 49.0000 33.3637 36.9174 55.7489
13508.0000 0.1097 74.7416 49.0000 33.3182 37.3025 55.5403
13509.0000 0.1138 74.8638 49.0000 33.3406 37.0582 55.8541
13510.0000 0.1092 74.6520 49.0000 33.5255 37.0363 55.4732
13511.0000 0.1130 74.6056 49.0000 33.1220 37.1005 55.6101
13512.0000 0.1173 75.0196 49.0000 33.3798 36.8836 56.1545
13513.0000 0.1084 74.4743 49.0000 33.4488 37.0184 55.2923
13514.0000 0.1066 74.4764 49.0000 33.3057 37.3101 55.1853
13515.0000 0.1077 74.4018 49.0000 33.6464 36.7969 55.2225
13516.0000 0.1063 74.4184 49.0000 33.8770 36.6916 55.1740
13517.0000 0.1082 74.3449 49.0000 33.5528 36.7948 55.2043
13518.0000 0.1120 74.4153 49.0000 33.2615 36.8619 55.4302
13519.0000 0.1106 74.7861 49.0000 33.1498 37.4411 55.6076
13520.0000 0.1045 74.8961 49.0000 33.7387 37.4449 55.3986
13521.0000 0.1032 74.9949 49.0000 33.7822 37.6073 55.3957
13522.0000 0.1040 75.0592 49.0000 33.4596 37.9367 55.4540
13523.0000 0.1054 75.0928 49.0000 33.5627 37.7413 55.5704
13524.0000 0.1078 75.2500 49.0000 33.4098 37.8514 55.7998
13525.0000 0.1035 75.1693 49.0000 33.8159 37.7149 55.5382
13526.0000 0.0998 75.2608 49.0000 33.7595 38.1832 55.3762
13527.0000 0.0972 75.1521 49.0000 34.0468 37.9951 55.1818
13528.0000 0.0977 75.3687 49.0000 34.0545 38.1531 55.3631
13529.0000 0.0954 75.3713 49.0000 34.1473 38.2636 55.2331
13530.0000 0.0973 75.2093 49.0000 34.3178 37.7554 55.2562
13531.0000 0.0952 74.9788 49.0000 34.4812 37.5430 54.9854
13532.0000 0.0944 74.8899 49.0000 34.6210 37.3792 54.8879
13533.0000 0.0959 75.2106 49.0000 34.5426 37.6505 55.1895
13534.0000 0.0995 74.9624 49.0000 34.1530 37.4966 55.1990
13535.0000 0.0985 74.8480 49.0000 34.3039 37.3187 55.0707
13536.0000 0.0977 74.7180 49.0000 34.3596 37.1975 54.9413
13537.0000 0.0992 74.6801 49.0000 34.1760 37.2244 54.9860
13538.0000 0.0933 74.6294 49.0000 34.3649 37.4900 54.6178
13539.0000 0.0949 74.8076 49.0000 34.4822 37.3984 54.8499
13540.0000 0.0932 74.5395 49.0000 34.1791 37.6042 54.5330
13541.0000 0.0955 74.7062 49.0000 34.2587 37.4820 54.7947
13542.0000 0.0996 74.8421 49.0000 33.8430 37.6983 55.0894
13543.0000 0.0977 74.9735 49.0000 33.9370 37.8932 55.0764
13544.0000 0.0965 74.9865 49.0000 34.1675 37.7643 55.0400
13545.0000 0.0991 75.1999 49.0000 34.0462 37.8819 55.3248
13546.0000 0.0940 74.9863 49.0000 34.3159 37.8259 54.9050
13547.0000 0.0923 75.0359 49.0000 34.3547 37.9845 54.8391
13548.0000 0.0979 75.4629 49.0000 34.3438 37.9288 55.4667
13549.0000 0.0916 75.2649 49.0000 34.5836 38.0321 54.9758
13550.0000 0.0930 75.1571 49.0000 34.5637 37.8296 54.9806
13551.0000 0.0911 75.2116 49.0000 34.8278 37.7675 54.9311
13552.0000 0.0903 75.2306 49.0000 35.1831 37.4884 54.9219
13553.0000 0.0951 75.2535 49.0000 34.8778 37.4128 55.1988
13554.0000 0.0939 74.9711 49.0000 34.7821 37.3330 54.9283
13555.0000 0.0903 75.2891 49.0000 35.3567 37.3718 54.9699
13556.0000 0.0913 75.2452 49.0000 35.0643 37.5374 54.9844
13557.0000 0.0932 75.1789 49.0000 34.8323 37.5490 55.0331
13558.0000 0.0898 75.1217 49.0000 35.1699 37.4395 54.8145
13559.0000 0.0857 74.9809 49.0000 35.0686 37.7715 54.4577
13560.0000 0.0862 75.1600 49.0000 35.1595 37.8166 54.6145
13561.0000 0.0876 75.1195 49.0000 35.0633 37.7498 54.6667
13562.0000 0.0821 74.8951 49.0000 34.8514 38.2506 54.1437
13563.0000 0.0860 75.0892 49.0000 34.3859 38.5792 54.4761
13564.0000 0.0882 75.3319 49.0000 34.4398 38.5627 54.7878
13565.0000 0.0868 74.9466 49.0000 34.3112 38.4438 54.4225
13566.0000 0.0918 75.0496 49.0000 34.0773 38.3387 54.7844
13567.0000 0.0917 75.1974 49.0000 34.1636 38.4069 54.8854
13568.0000 0.0923 75.2440 49.0000 34.1682 38.3935 54.9557
13569.0000 0.0889 75.1445 49.0000 34.3753 38.3787 54.7002
13570.0000 0.0853 75.3101 49.0000 34.4020 38.8505 54.5780
13571.0000 0.0897 75.4569 49.0000 34.2323 38.7748 54.9400
13572.0000 0.0938 75.5979 49.0000 34.2546 38.5217 55.2968
13573.0000 0.0965 75.3762 49.0000 33.7863 38.5550 55.2591
13574.0000 0.0949 75.2909 49.0000 33.9866 38.3962 55.1305
13575.0000 0.0970 75.4892 49.0000 33.9172 38.4817 55.3841
13576.0000 0.0918 75.4470 49.0000 34.3128 38.4816 55.0823
13577.0000 0.0908 75.5756 49.0000 34.5968 38.3980 55.1391
13578.0000 0.0933 75.5328 49.0000 34.3745 38.3701 55.2388
13579.0000 0.0909 75.5834 49.0000 34.8475 38.1395 55.1713
13580.0000 0.0968 75.8306 49.0000 34.8201 37.8895 55.6977
13581.0000 0.0944 75.7070 49.0000 34.6064 38.1983 55.4512
13582.0000 0.0926 75.4566 49.0000 34.7664 37.9422 55.1850
13583.0000 0.0919 75.3865 49.0000 34.7746 37.9266 55.0947
13584.0000 0.0989 75.7001 49.0000 34.6797 37.7196 55.7230
13585.0000 0.0976 75.7890 49.0000 34.5948 38.0070 55.7013
13586.0000 0.1005 75.8326 49.0000 34.5662 37.8346 55.8955
13587.0000 0.0945 75.9460 49.0000 34.9486 38.0632 55.6559
13588.0000 0.0953 75.8596 49.0000 34.6581 38.2133 55.6169
13589.0000 0.0977 75.9241 49.0000 34.3718 38.3667 55.7767
13590.0000 0.1061 76.0378 49.0000 34.0934 38.0430 56.3215
13591.0000 0.1153 76.4346 49.0000 33.7403 38.0237 57.0793
13592.0000 0.1118 76.6225 49.0000 34.0753 38.1472 57.0497
13593.0000 0.1120 76.3469 49.0000 34.2975 37.6352 56.8870
13594.0000 0.1068 76.2269 49.0000 34.3834 37.8639 56.5213
13595.0000 0.1103 75.9218 49.0000 34.2699 37.4011 56.4876
13596.0000 0.1043 75.6655 49.0000 34.0432 37.8886 55.9534
13597.0000 0.1088 75.7775 49.0000 33.7067 37.9668 56.2549
13598.0000 0.1097 75.9886 49.0000 33.6516 38.1556 56.4446
13599.0000 0.1067 75.8517 49.0000 33.9943 37.9171 56.2153
13600.0000 0.1051 75.6318 49.0000 34.0157 37.8175 55.9726
13601.0000 0.1039 75.2723 49.0000 33.9896 37.5983 55.6507
13602.0000 0.0982 75.1578 49.0000 33.8672 38.1033 55.2254
13603.0000 0.1042 75.3131 49.0000 33.7249 37.8854 55.6721
13604.0000 0.1037 75.5345 49.0000 33.8197 38.0516 55.8011
13605.0000 0.1060 75.6130 49.0000 33.4684 38.2990 55.9498
13606.0000 0.1007 75.5799 49.0000 33.5788 38.6088 55.6251
13607.0000 0.1022 75.3710 49.0000 33.3753 38.4866 55.5487
13608.0000 0.1010 75.0770 49.0000 33.4493 38.2222 55.2880
13609.0000 0.0979 75.0337 49.0000 33.6136 38.2809 55.0886
13610.0000 0.1049 75.0828 49.0000 33.2328 38.1275 55.4915
13611.0000 0.0986 74.7387 49.0000 33.4004 38.1513 54.9069
13612.0000 0.1075 75.2093 49.0000 33.1998 38.0614 55.7274
13613.0000 0.1043 75.3487 49.0000 33.3717 38.2914 55.6554
13614.0000 0.1026 75.2719 49.0000 33.4674 38.2565 55.5179
13615.0000 0.1074 75.2754 49.0000 33.6041 37.7101 55.8130
13616.0000 0.1092 75.3494 49.0000 33.3920 37.8533 55.9431
13617.0000 0.1064 75.1957 49.0000 33.6524 37.6685 55.7046
13618.0000 0.1127 75.3365 49.0000 33.4443 37.4933 56.1366
13619.0000 0.1082 75.0512 49.0000 33.3457 37.6973 55.6745
13620.0000 0.1101 75.2476 49.0000 32.7895 38.3113 55.8506
13621.0000 0.1039 74.9408 49.0000 32.8630 38.4651 55.2863
13622.0000 0.1021 74.9169 49.0000 33.0879 38.3596 55.1931
13623.0000 0.1035 74.8444 49.0000 33.0280 38.2312 55.2197
13624.0000 0.1058 74.7332 49.0000 32.6875 38.2834 55.2355
13625.0000 0.1031 74.3962 49.0000 32.4752 38.4099 54.8164
13626.0000 0.1080 74.5608 49.0000 32.3480 38.2871 55.1997
13627.0000 0.1172 74.7900 49.0000 32.2039 37.8980 55.8587
13628.0000 0.1135 74.5243 49.0000 32.2428 37.9069 55.4738
13629.0000 0.1111 74.2691 49.0000 32.3756 37.7154 55.1839
13630.0000 0.1081 74.3709 49.0000 32.5608 37.8692 55.1067
13631.0000 0.1077 74.4411 49.0000 32.6933 37.8286 55.1508
13632.0000 0.1150 74.5925 49.0000 32.2114 37.8836 55.5995
13633.0000 0.1180 74.6092 49.0000 32.1963 37.6645 55.7793
13634.0000 0.1182 74.6275 49.0000 32.0636 37.8070 55.7837
13635.0000 0.1122 74.4168 49.0000 32.1416 38.0161 55.3132
13636.0000 0.1140 74.5313 49.0000 32.2003 37.9174 55.5007
13637.0000 0.1220 74.6685 49.0000 32.0139 37.5966 56.0088
13638.0000 0.1174 74.5527 49.0000 32.1120 37.7487 55.6952
13639.0000 0.1171 74.3529 49.0000 31.8965 37.8077 55.5117
13640.0000 0.1199 74.5325 49.0000 31.9144 37.7352 55.7909
13641.0000 0.1284 74.5755 49.0000 31.3656 37.6740 56.1994
13642.0000 0.1204 74.2825 49.0000 31.6282 37.7593 55.6037
13643.0000 0.1146 74.1492 49.0000 31.8578 37.8588 55.2259
13644.0000 0.1161 74.2631 49.0000 31.7400 37.9689 55.3710
13645.0000 0.1181 74.2935 49.0000 31.7023 37.8791 55.4947
13646.0000 0.1148 74.4036 49.0000 31.9664 37.9759 55.4246
13647.0000 0.1178 74.5625 49.0000 31.9708 37.8770 55.7025
13648.0000 0.1150 74.6858 49.0000 32.0971 38.0928 55.6479
13649.0000 0.1177 74.6008 49.0000 31.9480 37.9453 55.7203
13650.0000 0.1178 74.7536 49.0000 31.9623 38.0707 55.8312
13651.0000 0.1151 74.8043 49.0000 32.3694 37.9084 55.7751
13652.0000 0.1211 74.8959 49.0000 32.2184 37.6699 56.1458
13653.0000 0.1172 74.6788 49.0000 32.0744 37.9282 55.7639
13654.0000 0.1156 74.6365 49.0000 32.3463 37.7326 55.6828
13655.0000 0.1105 74.4837 49.0000 32.3463 38.0101 55.2881
13656.0000 0.1112 74.5781 49.0000 32.1921 38.2076 55.3692
13657.0000 0.1123 74.5369 49.0000 31.9886 38.2869 55.3768
13658.0000 0.1176 74.6123 49.0000 31.6371 38.2907 55.6768
13659.0000 0.1160 74.5132 49.0000 31.7703 38.1907 55.5367
13660.0000 0.1151 74.3564 49.0000 31.5724 38.3213 55.3493
13661.0000 0.1172 74.5276 49.0000 31.5190 38.3690 55.5764
13662.0000 0.1184 74.4648 49.0000 31.6066 38.1194 55.6142
13663.0000 0.1155 74.1516 49.0000 31.6777 37.9828 55.2475
13664.0000 0.1143 74.1549 49.0000 31.7237 38.0325 55.1914
13665.0000 0.1142 74.6807 49.0000 31.8677 38.3943 55.5655
13666.0000 0.1108 74.3755 49.0000 32.1646 38.0712 55.2062
13667.0000 0.1165 74.6555 49.0000 32.1142 37.9192 55.7158
13668.0000 0.1058 74.2995 49.0000 32.2657 38.3101 54.8788
13669.0000 0.1102 74.4626 49.0000 32.2206 38.1480 55.2381
13670.0000 0.1118 74.5567 49.0000 32.3345 37.9825 55.4122
13671.0000 0.1137 74.6041 49.0000 32.3058 37.9008 55.5485
13672.0000 0.1135 74.5741 49.0000 32.1558 38.0448 55.4968
13673.0000 0.1191 74.8778 49.0000 31.8479 38.2019 55.9733
13674.0000 0.1188 74.9204 49.0000 31.8702 38.2477 55.9863
13675.0000 0.1201 75.1560 49.0000 31.7642 38.4743 56.2067
13676.0000 0.1163 75.2064 49.0000 31.9579 38.6306 56.0569
13677.0000 0.1174 74.9638 49.0000 32.0241 38.2354 55.9651
13678.0000 0.1148 74.7319 49.0000 32.1225 38.1276 55.6712
13679.0000 0.1089 74.3878 49.0000 32.4074 37.9825 55.1419
13680.0000 0.1137 74.6535 49.0000 32.1638 38.0941 55.5650
13681.0000 0.1070 74.7258 49.0000 32.6402 38.2276 55.2921
13682.0000 0.1148 75.0393 49.0000 32.5036 38.0240 55.9338
13683.0000 0.1125 74.8312 49.0000 32.5037 38.0139 55.6611
13684.0000 0.1112 74.7717 49.0000 32.5594 38.0005 55.5577
13685.0000 0.1137 74.6622 49.0000 32.2599 38.0039 55.5828
13686.0000 0.1135 74.6747 49.0000 32.1825 38.1120 55.5704
13687.0000 0.1175 75.0758 49.0000 31.9545 38.4081 56.0366
13688.0000 0.1141 74.7669 49.0000 32.0622 38.2847 55.6452
13689.0000 0.1136 74.7154 49.0000 32.3093 38.0128 55.6195
13690.0000 0.1117 74.6381 49.0000 32.0650 38.3538 55.4227
13691.0000 0.1099 74.5471 49.0000 32.1855 38.2938 55.2716
13692.0000 0.1077 74.7096 49.0000 32.0785 38.7547 55.2320
13693.0000 0.1138 74.6666 49.0000 31.8324 38.4519 55.5271
13694.0000 0.1126 74.9749 49.0000 32.1460 38.5204 55.7140
13695.0000 0.1121 74.8551 49.0000 32.1146 38.4805 55.5985
13696.0000 0.1118 74.8266 49.0000 31.8853 38.7227 55.5239
13697.0000 0.1093 74.5579 49.0000 31.9036 38.6506 55.2012
13698.0000 0.1102 75.0325 49.0000 32.0039 38.9374 55.5833
13699.0000 0.1077 74.9799 49.0000 32.1192 38.9733 55.4204
13700.0000 0.1103 74.7798 49.0000 31.9294 38.7567 55.4117
13701.0000 0.1100 74.8716 49.0000 31.7177 39.1048 55.4126
13702.0000 0.1141 75.2498 49.0000 31.9970 38.8233 55.9595
13703.0000 0.1086 75.2721 49.0000 32.4225 38.8586 55.7196
13704.0000 0.1071 75.0594 49.0000 32.4848 38.7120 55.4980
13705.0000 0.1108 75.3362 49.0000 32.7126 38.4221 55.9390
13706.0000 0.1116 75.3851 49.0000 32.2524 38.8907 55.9483
13707.0000 0.1116 75.3147 49.0000 32.4347 38.6308 55.9281
13708.0000 0.1178 75.8180 49.0000 32.3576 38.6783 56.6158
13709.0000 0.1185 75.8250 49.0000 32.4213 38.5547 56.6729
13710.0000 0.1162 75.8888 49.0000 32.5497 38.6715 56.6051
13711.0000 0.1147 75.4971 49.0000 32.6748 38.2852 56.2708
13712.0000 0.1072 75.1325 49.0000 32.9484 38.2795 55.6235
13713.0000 0.1174 75.5277 49.0000 32.4939 38.2888 56.4140
13714.0000 0.1193 75.4768 49.0000 32.2215 38.3665 56.4494
13715.0000 0.1165 75.4058 49.0000 32.1576 38.5951 56.2348
13716.0000 0.1216 75.3723 49.0000 32.1121 38.1921 56.4903
13717.0000 0.1205 75.4348 49.0000 31.9368 38.5286 56.4447
13718.0000 0.1162 75.0367 49.0000 31.7703 38.6761 55.9045
13719.0000 0.1188 75.2440 49.0000 31.6165 38.8235 56.1676
13720.0000 0.1266 75.5871 49.0000 31.3367 38.8029 56.7958
13721.0000 0.1261 75.5772 49.0000 31.3186 38.8531 56.7581
13722.0000 0.1234 75.4974 49.0000 31.4920 38.8195 56.5788
13723.0000 0.1190 75.5434 49.0000 31.9792 38.7099 56.4417
13724.0000 0.1168 75.7883 49.0000 31.9357 39.1739 56.4747
13725.0000 0.1233 75.8190 49.0000 31.6247 38.9976 56.8118
13726.0000 0.1216 75.8869 49.0000 31.9151 38.8926 56.8121
13727.0000 0.1200 75.8674 49.0000 31.8106 39.1134 56.6929
13728.0000 0.1189 76.1654 49.0000 31.9186 39.3856 56.8432
13729.0000 0.1215 76.0761 49.0000 31.7107 39.3008 56.8986
13730.0000 0.1237 75.9760 49.0000 31.9151 38.8037 56.9917
13731.0000 0.1230 75.7375 49.0000 32.0897 38.4472 56.8175
13732.0000 0.1213 75.6741 49.0000 31.9517 38.6758 56.6555
13733.0000 0.1168 75.5049 49.0000 32.4274 38.3859 56.3558
13734.0000 0.1132 75.3452 49.0000 32.1542 38.8199 56.0003
13735.0000 0.1138 75.2244 49.0000 32.1011 38.7064 55.9468
13736.0000 0.1150 75.3194 49.0000 32.3176 38.4735 56.1104
13737.0000 0.1158 75.6154 49.0000 32.4470 38.5491 56.3813
13738.0000 0.1107 75.2640 49.0000 32.3752 38.7203 55.8324
13739.0000 0.1157 75.1860 49.0000 32.2812 38.3195 56.0578
13740.0000 0.1161 75.0372 49.0000 32.1643 38.2684 55.9604
13741.0000 0.1147 74.9802 49.0000 32.2758 38.2151 55.8562
13742.0000 0.1160 74.9623 49.0000 32.0516 38.3220 55.8880
13743.0000 0.1189 75.2425 49.0000 31.9387 38.4702 56.2263
13744.0000 0.1213 75.2488 49.0000 31.8626 38.3633 56.3508
13745.0000 0.1218 75.3025 49.0000 31.7727 38.4659 56.4034
13746.0000 0.1212 75.2839 49.0000 31.7195 38.5533 56.3487
13747.0000 0.1218 75.3496 49.0000 31.5769 38.7162 56.4050
13748.0000 0.1196 75.0274 49.0000 31.3914 38.7871 56.0290
13749.0000 0.1184 75.0110 49.0000 31.4005 38.8637 55.9488
13750.0000 0.1244 75.1752 49.0000 31.0908 38.8564 56.3458
13751.0000 0.1286 75.4480 49.0000 31.3538 38.4902 56.8141
13752.0000 0.1293 75.4540 49.0000 31.0027 38.8150 56.7937
13753.0000 0.1356 75.5796 49.0000 31.0383 38.3886 57.2295
13754.0000 0.1274 75.2068 49.0000 31.3955 38.3151 56.5892
13755.0000 0.1246 75.1148 49.0000 31.4096 38.4454 56.3703
13756.0000 0.1240 75.1692 49.0000 31.4593 38.4872 56.3867
13757.0000 0.1215 74.9863 49.0000 31.2781 38.7129 56.0886
13758.0000 0.1174 74.9244 49.0000 31.4781 38.7798 55.8473
13759.0000 0.1122 74.5950 49.0000 31.4384 38.9436 55.3121
13760.0000 0.1184 74.7173 49.0000 31.1773 38.8228 55.7085
13761.0000 0.1133 74.5510 49.0000 31.2091 39.0526 55.3059
13762.0000 0.1219 74.8485 49.0000 30.7867 39.0721 55.9272
13763.0000 0.1212 74.9057 49.0000 30.9935 38.9609 55.9670
13764.0000 0.1298 74.9304 49.0000 30.7983 38.4899 56.4318
13765.0000 0.1310 75.1695 49.0000 30.7466 38.6713 56.6536
13766.0000 0.1193 74.7787 49.0000 31.1538 38.8249 55.8025
13767.0000 0.1151 74.8705 49.0000 31.3880 39.0194 55.6586
13768.0000 0.1177 74.8189 49.0000 31.2250 38.9283 55.7446
13769.0000 0.1257 74.9176 49.0000 30.6579 38.9574 56.1700
13770.0000 0.1312 74.9118 49.0000 30.4016 38.7764 56.4262
13771.0000 0.1258 74.7688 49.0000 30.5479 38.9251 56.0539
13772.0000 0.1245 74.7579 49.0000 30.6484 38.9205 55.9877
13773.0000 0.1268 74.6793 49.0000 30.3353 38.9840 56.0090
13774.0000 0.1287 74.7399 49.0000 30.2306 38.9976 56.1369
13775.0000 0.1266 74.5071 49.0000 30.5774 38.5806 55.9273
13776.0000 0.1320 74.9244 49.0000 30.3093 38.8233 56.4603
13777.0000 0.1305 74.6739 49.0000 30.5128 38.4963 56.2423
13778.0000 0.1308 74.6522 49.0000 30.4955 38.4654 56.2440
13779.0000 0.1238 74.7225 49.0000 30.9059 38.6633 55.9770
13780.0000 0.1198 74.4188 49.0000 30.8808 38.7337 55.5359
13781.0000 0.1190 74.3445 49.0000 30.8743 38.7337 55.4398
13782.0000 0.1203 74.3849 49.0000 30.7147 38.8371 55.5103
13783.0000 0.1173 74.1128 49.0000 30.9975 38.5159 55.2122
13784.0000 0.1194 74.0541 49.0000 30.7892 38.5095 55.2544
13785.0000 0.1121 73.8804 49.0000 31.1894 38.5252 54.7846
13786.0000 0.1126 74.0670 49.0000 31.1772 38.6746 54.9380
13787.0000 0.1134 73.9190 49.0000 31.0168 38.6393 54.8542
13788.0000 0.1095 73.8281 49.0000 31.2112 38.6741 54.5964
13789.0000 0.1065 73.8674 49.0000 31.3231 38.8519 54.4590
13790.0000 0.1059 73.9945 49.0000 31.5335 38.7993 54.5476
13791.0000 0.1046 73.9527 49.0000 31.4085 39.0082 54.4139
13792.0000 0.1040 73.7386 49.0000 31.1635 39.1180 54.1848
13793.0000 0.0995 73.5367 49.0000 31.4222 39.0292 53.8240
13794.0000 0.1021 73.8557 49.0000 31.3590 39.1905 54.1791
13795.0000 0.1104 73.8511 49.0000 31.0019 38.8450 54.6254
13796.0000 0.1101 73.9076 49.0000 31.0854 38.8377 54.6596
13797.0000 0.1091 74.0508 49.0000 31.3938 38.7274 54.7552
13798.0000 0.1103 73.9724 49.0000 31.3476 38.5923 54.7711
13799.0000 0.1086 74.0615 49.0000 31.5454 38.6103 54.7654
13800.0000 0.1074 74.2592 49.0000 31.7027 38.7448 54.8472
13801.0000 0.1047 74.3516 49.0000 31.7177 39.0566 54.7423
13802.0000 0.1060 74.3343 49.0000 31.2669 39.4182 54.7191
13803.0000 0.1068 74.3785 49.0000 31.4262 39.2186 54.8312
13804.0000 0.1071 74.3217 49.0000 31.2563 39.3153 54.7819
13805.0000 0.1063 74.2086 49.0000 31.3610 39.1597 54.6801
13806.0000 0.1003 74.3107 49.0000 31.9227 39.1832 54.4765
13807.0000 0.1029 74.1463 49.0000 31.8373 38.8766 54.5221
13808.0000 0.1007 73.9327 49.0000 31.6648 39.0503 54.2076
13809.0000 0.0999 73.8579 49.0000 31.7251 38.9787 54.1218
13810.0000 0.1018 74.0395 49.0000 32.1071 38.5739 54.4338
13811.0000 0.1017 74.0716 49.0000 32.1030 38.6230 54.4451
13812.0000 0.1040 73.9393 49.0000 32.1161 38.2724 54.5051
13813.0000 0.1092 73.9240 49.0000 32.0611 37.8728 54.7950
13814.0000 0.1120 74.1524 49.0000 31.7801 38.1579 55.0688
13815.0000 0.1107 73.9263 49.0000 31.7349 38.0961 54.8332
13816.0000 0.1092 73.9651 49.0000 31.7642 38.2286 54.7763
13817.0000 0.1110 74.2028 49.0000 31.9968 38.0622 55.0776
13818.0000 0.1124 73.8980 49.0000 32.0806 37.5617 54.9625
13819.0000 0.1170 74.0199 49.0000 31.6756 37.7321 55.2438
13820.0000 0.1141 73.8937 49.0000 31.5719 37.9548 54.9812
13821.0000 0.1137 73.7948 49.0000 31.4837 37.9906 54.8742
13822.0000 0.1082 73.7297 49.0000 31.7323 38.1222 54.5511
13823.0000 0.1061 73.6426 49.0000 31.6503 38.3060 54.3520
13824.0000 0.1079 73.4658 49.0000 31.4346 38.2091 54.3061
13825.0000 0.1022 73.5198 49.0000 31.4147 38.7820 53.9837
13826.0000 0.0967 73.2725 49.0000 31.4149 39.0246 53.4701
13827.0000 0.1013 73.1685 49.0000 31.1811 38.7670 53.6515
13828.0000 0.1000 73.3145 49.0000 31.7881 38.3550 53.7906
13829.0000 0.1007 73.4265 49.0000 31.5940 38.6203 53.8679
13830.0000 0.1023 73.1743 49.0000 31.5236 38.3102 53.7873
13831.0000 0.1046 73.0977 49.0000 31.6992 37.8427 53.9107
13832.0000 0.1080 73.4211 49.0000 31.1885 38.4207 54.2382
13833.0000 0.1060 73.4553 49.0000 31.2846 38.5294 54.1520
13834.0000 0.1099 73.7941 49.0000 31.2276 38.5872 54.6025
13835.0000 0.1141 73.8902 49.0000 31.0253 38.5424 54.8787
13836.0000 0.1093 73.6526 49.0000 30.9685 38.7835 54.4196
13837.0000 0.1075 73.6840 49.0000 31.2255 38.6854 54.3851
13838.0000 0.1074 73.7062 49.0000 31.2165 38.7261 54.3913
13839.0000 0.1052 73.5082 49.0000 31.3652 38.5575 54.1571
13840.0000 0.1049 73.7497 49.0000 31.6602 38.4988 54.3553
13841.0000 0.1020 73.4681 49.0000 31.6648 38.4737 53.9877
13842.0000 0.1019 73.7777 49.0000 31.4852 38.9861 54.1471
13843.0000 0.1032 73.8754 49.0000 31.2738 39.2042 54.2454
13844.0000 0.1042 74.0469 49.0000 31.2859 39.2684 54.4255
13845.0000 0.1030 73.8992 49.0000 30.9702 39.5828 54.1770
13846.0000 0.0972 73.7965 49.0000 31.1018 39.8729 53.7472
13847.0000 0.0984 73.6777 49.0000 31.0604 39.6887 53.7444
13848.0000 0.1008 73.6786 49.0000 30.9933 39.5418 53.8925
13849.0000 0.1011 73.6531 49.0000 30.8276 39.6784 53.8522
13850.0000 0.1048 73.7710 49.0000 30.8271 39.4576 54.1752
13851.0000 0.1057 73.7029 49.0000 30.7133 39.4282 54.1685
13852.0000 0.1050 73.6146 49.0000 30.8317 39.2750 54.0924
13853.0000 0.1086 73.7454 49.0000 30.7023 39.2290 54.3769
13854.0000 0.1074 73.9803 49.0000 30.9493 39.2954 54.5078
13855.0000 0.1090 73.6852 49.0000 30.7875 39.0401 54.3830
13856.0000 0.1165 73.9889 49.0000 30.5084 38.9936 54.9827
13857.0000 0.1133 73.8119 49.0000 30.5698 39.0284 54.6852
13858.0000 0.1126 73.9380 49.0000 30.8650 38.8878 54.7897
13859.0000 0.1109 73.9858 49.0000 31.0146 38.9234 54.7445
13860.0000 0.1109 73.8475 49.0000 31.1779 38.6087 54.6878
13861.0000 0.1102 73.6069 49.0000 31.1012 38.5119 54.4749
13862.0000 0.1125 73.9746 49.0000 30.7876 39.0203 54.7886
13863.0000 0.1097 73.7022 49.0000 30.7711 39.0096 54.4371
13864.0000 0.1068 73.7777 49.0000 31.0401 39.0407 54.3643
13865.0000 0.1099 73.9033 49.0000 30.9224 39.0269 54.6115
13866.0000 0.1145 74.0082 49.0000 30.7384 38.9350 54.9221
13867.0000 0.1129 73.8249 49.0000 30.7294 38.9014 54.7037
13868.0000 0.1158 74.1760 49.0000 30.7438 38.9800 55.1131
13869.0000 0.1106 74.0305 49.0000 31.0385 38.9675 54.7600
13870.0000 0.1065 73.7799 49.0000 31.0402 39.0696 54.3465
13871.0000 0.1097 73.7185 49.0000 30.9486 38.8287 54.4880
13872.0000 0.1159 73.9318 49.0000 30.7066 38.7743 54.9505
13873.0000 0.1188 73.8816 49.0000 30.5302 38.6724 55.0531
13874.0000 0.1164 73.9959 49.0000 30.6272 38.8789 55.0073
13875.0000 0.1185 74.1620 49.0000 30.8002 38.6805 55.2736
13876.0000 0.1134 74.0448 49.0000 30.8890 38.9010 54.9109
13877.0000 0.1181 73.9838 49.0000 30.7956 38.5425 55.1337
13878.0000 0.1183 73.7399 49.0000 30.8073 38.2762 54.9856
13879.0000 0.1137 73.6725 49.0000 30.8389 38.5619 54.6771
13880.0000 0.1101 73.5154 49.0000 31.0629 38.4731 54.4007
13881.0000 0.1073 73.4391 49.0000 31.1418 38.5559 54.1935
13882.0000 0.1108 73.4062 49.0000 30.8235 38.5687 54.3216
13883.0000 0.1173 73.5860 49.0000 30.6231 38.4105 54.7882
13884.0000 0.1199 73.3926 49.0000 30.5137 38.1286 54.7868
13885.0000 0.1221 73.2722 49.0000 30.5853 37.7556 54.8441
13886.0000 0.1223 73.6815 49.0000 30.6921 38.0207 55.1487
13887.0000 0.1232 73.5902 49.0000 30.5129 38.0484 55.1072
13888.0000 0.1271 73.5815 49.0000 30.2925 37.9609 55.2772
13889.0000 0.1307 73.6512 49.0000 30.3911 37.6397 55.5349
13890.0000 0.1295 73.9014 49.0000 30.6019 37.7518 55.6753
13891.0000 0.1308 74.1354 49.0000 30.4607 38.0117 55.8866
13892.0000 0.1247 73.8308 49.0000 30.4499 38.2227 55.3427
13893.0000 0.1207 73.8585 49.0000 30.6448 38.3666 55.1723
13894.0000 0.1216 74.0076 49.0000 31.1070 37.9468 55.4032
13895.0000 0.1191 73.9981 49.0000 31.3237 37.9140 55.2908
13896.0000 0.1187 74.1515 49.0000 31.3738 38.0398 55.3815
13897.0000 0.1187 74.4136 49.0000 31.5628 38.0942 55.5878
13898.0000 0.1194 74.1270 49.0000 31.3599 37.9763 55.4001
13899.0000 0.1272 74.3471 49.0000 31.1255 37.8060 55.9411
13900.0000 0.1193 74.1825 49.0000 31.4806 37.9092 55.4519
13901.0000 0.1193 74.2727 49.0000 31.1140 38.3848 55.4523
13902.0000 0.1205 74.0211 49.0000 30.9726 38.1950 55.3260
13903.0000 0.1192 74.0721 49.0000 31.0080 38.3091 55.2955
13904.0000 0.1235 73.9762 49.0000 30.7634 38.1286 55.4284
13905.0000 0.1235 74.0799 49.0000 30.8150 38.1706 55.5092
13906.0000 0.1165 73.8055 49.0000 31.0786 38.2000 54.9739
13907.0000 0.1183 73.8865 49.0000 31.0877 38.1181 55.1342
13908.0000 0.1157 73.8145 49.0000 31.3024 38.0332 54.9747
13909.0000 0.1179 73.6407 49.0000 31.0219 37.9839 54.9346
13910.0000 0.1172 73.8313 49.0000 31.1764 38.0633 55.0480
13911.0000 0.1119 73.8367 49.0000 31.5329 38.1290 54.8062
13912.0000 0.1137 73.8915 49.0000 31.4186 38.1523 54.9293
13913.0000 0.1105 73.5290 49.0000 31.3573 38.1302 54.4915
13914.0000 0.1092 73.6163 49.0000 31.2585 38.4390 54.4492
13915.0000 0.1116 73.4879 49.0000 31.3056 38.0606 54.5145
13916.0000 0.1209 73.9211 49.0000 31.5009 37.5048 55.3662
13917.0000 0.1158 73.7860 49.0000 31.7141 37.5623 55.0242
13918.0000 0.1183 73.8422 49.0000 31.7820 37.3469 55.2068
13919.0000 0.1124 73.5612 49.0000 31.7171 37.6248 54.6777
13920.0000 0.1118 73.5205 49.0000 31.9630 37.3692 54.6550
13921.0000 0.1125 73.4010 49.0000 32.0204 37.1341 54.6210
13922.0000 0.1063 73.2755 49.0000 32.0928 37.4500 54.1927
13923.0000 0.1018 73.1571 49.0000 32.2857 37.5086 53.8767
13924.0000 0.1049 73.4747 49.0000 32.5073 37.3193 54.3054
13925.0000 0.0981 73.2465 49.0000 32.9255 37.2284 53.8053
13926.0000 0.1010 73.3357 49.0000 32.6917 37.3221 54.0040
13927.0000 0.0970 73.3705 49.0000 32.9569 37.4141 53.8262
13928.0000 0.0939 73.2020 49.0000 32.8966 37.5815 53.5161
13929.0000 0.0950 73.3785 49.0000 33.0025 37.5473 53.7163
13930.0000 0.0952 73.6131 49.0000 33.3424 37.3969 53.9319
13931.0000 0.0954 73.6306 49.0000 32.9551 37.8078 53.9073
13932.0000 0.0968 73.5585 49.0000 32.8272 37.7504 53.9271
13933.0000 0.0985 73.4491 49.0000 32.4314 37.9249 53.8950
13934.0000 0.0937 73.1114 49.0000 33.0555 37.3363 53.4659
13935.0000 0.0968 73.3609 49.0000 32.5689 37.8368 53.7537
13936.0000 0.1007 73.3277 49.0000 32.6301 37.4028 53.9746
13937.0000 0.0985 73.4846 49.0000 32.7514 37.6165 53.9660
13938.0000 0.0970 73.5170 49.0000 32.9129 37.6010 53.9228
13939.0000 0.0950 73.4681 49.0000 33.1303 37.4955 53.7962
13940.0000 0.0904 73.0869 49.0000 33.4456 37.1891 53.2921
13941.0000 0.0923 73.3875 49.0000 33.4276 37.3403 53.6099
13942.0000 0.0916 73.2427 49.0000 33.4764 37.2037 53.4763
13943.0000 0.0920 73.3631 49.0000 33.2778 37.4969 53.5604
13944.0000 0.0869 73.3800 49.0000 33.2328 38.0220 53.2404
13945.0000 0.0898 73.1743 49.0000 33.1398 37.6482 53.2808
13946.0000 0.0949 73.2520 49.0000 32.6924 37.7617 53.5828
13947.0000 0.0899 72.9430 49.0000 32.7994 37.7780 53.0820
13948.0000 0.0913 73.1119 49.0000 32.8123 37.8134 53.2809
13949.0000 0.0962 73.3231 49.0000 32.5989 37.8150 53.6994
13950.0000 0.0975 73.1897 49.0000 32.4081 37.7776 53.6591
13951.0000 0.0977 73.1283 49.0000 32.5051 37.5969 53.6436
13952.0000 0.1054 73.3980 49.0000 32.5666 37.1461 54.2848
13953.0000 0.1084 73.3249 49.0000 32.4998 36.8976 54.3955
13954.0000 0.1103 73.5543 49.0000 32.3005 37.1705 54.6377
13955.0000 0.1057 73.2909 49.0000 32.3280 37.2690 54.1985
13956.0000 0.1077 73.4716 49.0000 32.6364 36.9506 54.4756
13957.0000 0.1104 73.5189 49.0000 32.2976 37.1344 54.6163
13958.0000 0.1107 73.5410 49.0000 31.9982 37.4473 54.6085
13959.0000 0.1098 73.3938 49.0000 31.9658 37.4099 54.4550
13960.0000 0.1086 73.4751 49.0000 32.2498 37.2906 54.4789
13961.0000 0.1093 73.4670 49.0000 32.1777 37.2979 54.5057
13962.0000 0.1101 73.4164 49.0000 32.0002 37.3693 54.4930
13963.0000 0.1177 73.4607 49.0000 31.5437 37.2737 54.8830
13964.0000 0.1221 73.7731 49.0000 31.6673 37.0965 55.3490
13965.0000 0.1186 73.7453 49.0000 31.7832 37.2291 55.1561
13966.0000 0.1221 73.9406 49.0000 31.6813 37.2424 55.4663
13967.0000 0.1248 73.7650 49.0000 31.4507 37.1007 55.4586
13968.0000 0.1228 73.7734 49.0000 31.5031 37.2109 55.3661
13969.0000 0.1211 73.7794 49.0000 31.6008 37.2537 55.2898
13970.0000 0.1229 73.9286 49.0000 31.7669 37.0750 55.5135
13971.0000 0.1220 73.8201 49.0000 31.7224 37.0947 55.3812
13972.0000 0.1216 73.7402 49.0000 31.4954 37.2858 55.2759
13973.0000 0.1210 73.9575 49.0000 31.5908 37.4391 55.4080
13974.0000 0.1160 73.7461 49.0000 31.5797 37.6524 54.9865
13975.0000 0.1122 73.7337 49.0000 31.7582 37.7640 54.7901
13976.0000 0.1085 73.8092 49.0000 32.0546 37.8277 54.6750
13977.0000 0.1070 73.5743 49.0000 31.8647 37.9277 54.3995
13978.0000 0.1115 73.7352 49.0000 31.7634 37.8192 54.7510
13979.0000 0.1163 73.3531 49.0000 31.3138 37.5334 54.6934
13980.0000 0.1151 73.4277 49.0000 31.1139 37.9145 54.6447
13981.0000 0.1148 73.5655 49.0000 30.9489 38.2506 54.6894
13982.0000 0.1104 73.2137 49.0000 31.1001 38.1142 54.2249
13983.0000 0.1160 73.5515 49.0000 30.9318 38.1555 54.7468
13984.0000 0.1136 73.6223 49.0000 31.1485 38.1918 54.6937
13985.0000 0.1099 73.3705 49.0000 31.3175 38.0703 54.3425
13986.0000 0.1072 73.1349 49.0000 31.5712 37.7945 54.0699
13987.0000 0.1067 73.2104 49.0000 31.5549 37.9273 54.0885
13988.0000 0.1010 72.8509 49.0000 31.6021 38.0096 53.5148
13989.0000 0.1020 73.0803 49.0000 31.6826 38.0625 53.7418
13990.0000 0.1049 72.9653 49.0000 31.7018 37.6792 53.8443
13991.0000 0.1107 73.1488 49.0000 31.4638 37.6328 54.2637
13992.0000 0.1108 73.0375 49.0000 31.4769 37.5032 54.1959
13993.0000 0.1116 73.3726 49.0000 31.4386 37.8034 54.4614
13994.0000 0.1139 73.2806 49.0000 31.3766 37.5905 54.5207
13995.0000 0.1082 73.6213 49.0000 32.2059 37.5121 54.5502
13996.0000 0.1144 73.6458 49.0000 31.6950 37.5639 54.8460
13997.0000 0.1115 73.4728 49.0000 31.8512 37.4660 54.5899
13998.0000 0.1109 73.4680 49.0000 31.9330 37.4239 54.5645
13999.0000 0.1092 73.2985 49.0000 31.7879 37.5569 54.3293
14000.0000 0.1085 73.3915 49.0000 31.8887 37.5956 54.3690
14001.0000 0.1083 73.7728 49.0000 32.3588 37.4847 54.6829
14002.0000 0.1129 73.7034 49.0000 32.2185 37.1887 54.8740
14003.0000 0.1116 73.7263 49.0000 32.3164 37.2100 54.8329
14004.0000 0.1092 73.6901 49.0000 32.4159 37.2735 54.6821
14005.0000 0.1132 73.6373 49.0000 32.3020 37.0146 54.8540
14006.0000 0.1154 73.8236 49.0000 32.1142 37.2149 55.0786
14007.0000 0.1161 73.9019 49.0000 32.0555 37.2915 55.1659
14008.0000 0.1155 74.1246 49.0000 32.2464 37.3529 55.3118
14009.0000 0.1176 73.8089 49.0000 31.9591 37.1819 55.1713
14010.0000 0.1103 73.8379 49.0000 32.2997 37.4464 54.8319
14011.0000 0.1128 74.0105 49.0000 32.2501 37.4610 55.0833
14012.0000 0.1134 73.7600 49.0000 31.8025 37.6383 54.8861
14013.0000 0.1132 73.7074 49.0000 31.9293 37.4734 54.8547
14014.0000 0.1148 73.6169 49.0000 31.7084 37.4911 54.8493
14015.0000 0.1160 73.4525 49.0000 31.8075 37.1303 54.8169
14016.0000 0.1186 73.6099 49.0000 31.8182 37.0631 55.0668
14017.0000 0.1230 73.4718 49.0000 31.6467 36.7582 55.1854
14018.0000 0.1196 73.2704 49.0000 31.7562 36.7242 54.8765
14019.0000 0.1199 73.2879 49.0000 31.4244 37.0594 54.8655
14020.0000 0.1203 73.5967 49.0000 31.4574 37.2877 55.1048
14021.0000 0.1258 73.6978 49.0000 31.1864 37.2381 55.4265
14022.0000 0.1207 73.7797 49.0000 31.4110 37.4788 55.2461
14023.0000 0.1206 73.5559 49.0000 31.6218 37.0534 55.1142
14024.0000 0.1225 73.5555 49.0000 31.5502 36.9760 55.2066
14025.0000 0.1254 73.5108 49.0000 31.1643 37.1149 55.2731
14026.0000 0.1241 73.4447 49.0000 31.0602 37.2591 55.1466
14027.0000 0.1251 73.4572 49.0000 30.9966 37.2631 55.1963
14028.0000 0.1249 73.7162 49.0000 31.3011 37.2034 55.4097
14029.0000 0.1133 73.1693 49.0000 31.9013 36.9722 54.4895
14030.0000 0.1180 73.4660 49.0000 31.6421 37.1564 54.9130
14031.0000 0.1232 73.4350 49.0000 31.6396 36.7185 55.1669
14032.0000 0.1251 73.5333 49.0000 31.3957 36.9170 55.3045
14033.0000 0.1271 73.1983 49.0000 31.1669 36.6794 55.1474
14034.0000 0.1227 73.0916 49.0000 31.1242 36.9703 54.8348
14035.0000 0.1258 73.3117 49.0000 31.1288 36.9320 55.1510
14036.0000 0.1218 73.4060 49.0000 31.1243 37.3423 55.0024
14037.0000 0.1224 73.3854 49.0000 31.1936 37.1978 55.0336
14038.0000 0.1182 73.4080 49.0000 31.3155 37.4256 54.8397
14039.0000 0.1197 73.2539 49.0000 31.2029 37.2750 54.8003
14040.0000 0.1177 73.2552 49.0000 31.5488 37.0740 54.7405
14041.0000 0.1140 73.0930 49.0000 31.4002 37.3762 54.4026
14042.0000 0.1169 73.2341 49.0000 31.2915 37.3858 54.6477
14043.0000 0.1209 72.9336 49.0000 30.9464 37.1488 54.6041
14044.0000 0.1204 72.9078 49.0000 30.9854 37.1179 54.5685
14045.0000 0.1189 72.9101 49.0000 31.0356 37.1890 54.4945
14046.0000 0.1170 72.9115 49.0000 31.2418 37.1268 54.4209
14047.0000 0.1198 72.9718 49.0000 31.1193 37.0888 54.5976
14048.0000 0.1215 73.1608 49.0000 31.2084 37.0399 54.8324
14049.0000 0.1221 73.4260 49.0000 31.2762 37.1775 55.0547
14050.0000 0.1190 73.1392 49.0000 31.0862 37.3495 54.6626
14051.0000 0.1207 73.2458 49.0000 31.0529 37.3516 54.8227
14052.0000 0.1248 73.4737 49.0000 31.0561 37.2366 55.2027
14053.0000 0.1202 73.2194 49.0000 31.0333 37.3811 54.7783
14054.0000 0.1216 73.4398 49.0000 31.1420 37.3664 55.0213
14055.0000 0.1235 73.6651 49.0000 31.2107 37.3629 55.2852
14056.0000 0.1188 73.4955 49.0000 31.3168 37.4630 54.9306
14057.0000 0.1182 73.5496 49.0000 31.6090 37.2566 54.9760
14058.0000 0.1178 73.7169 49.0000 31.6133 37.4442 55.0700
14059.0000 0.1233 73.6805 49.0000 31.4317 37.1602 55.3172
14060.0000 0.1209 73.3804 49.0000 31.4529 37.0431 54.9836
14061.0000 0.1248 73.4275 49.0000 31.0794 37.1676 55.1746
14062.0000 0.1187 73.0418 49.0000 31.1977 37.1577 54.5996
14063.0000 0.1245 73.2561 49.0000 31.0217 37.0929 55.0293
14064.0000 0.1225 73.3999 49.0000 31.2553 37.1427 55.0551
14065.0000 0.1268 73.2828 49.0000 31.0469 36.9141 55.1708
14066.0000 0.1216 73.4180 49.0000 31.1652 37.3245 55.0073
14067.0000 0.1271 73.5666 49.0000 31.0944 37.1088 55.3905
14068.0000 0.1268 73.6978 49.0000 31.1345 37.2093 55.4750
14069.0000 0.1265 73.7036 49.0000 31.2618 37.1058 55.4805
14070.0000 0.1202 73.1552 49.0000 31.5326 36.7955 54.8039
14071.0000 0.1232 73.1321 49.0000 31.3629 36.7172 54.9228
14072.0000 0.1205 73.3330 49.0000 31.5605 36.9180 54.9430
14073.0000 0.1203 73.4043 49.0000 31.6876 36.8662 54.9998
14074.0000 0.1219 73.1275 49.0000 31.5314 36.6379 54.8732
14075.0000 0.1204 73.3019 49.0000 31.8016 36.6448 54.9453
14076.0000 0.1173 73.2635 49.0000 31.7813 36.8688 54.7557
14077.0000 0.1149 73.0550 49.0000 31.9500 36.6846 54.5021
14078.0000 0.1174 73.1730 49.0000 31.6407 36.9203 54.6813
14079.0000 0.1166 73.4506 49.0000 31.7347 37.1581 54.8377
14080.0000 0.1134 73.2887 49.0000 31.8595 37.1290 54.5679
14081.0000 0.1122 73.5688 49.0000 32.2670 37.0621 54.7505
14082.0000 0.1160 73.8969 49.0000 31.9841 37.3663 55.1501
14083.0000 0.1156 73.7307 49.0000 31.8147 37.4209 54.9883
14084.0000 0.1137 73.8521 49.0000 32.0385 37.4594 54.9952
14085.0000 0.1135 73.7316 49.0000 31.7675 37.6442 54.8643
14086.0000 0.1117 73.6912 49.0000 31.9286 37.5836 54.7579
14087.0000 0.1127 74.1064 49.0000 31.8506 37.9815 55.0880
14088.0000 0.1164 74.2608 49.0000 31.6604 38.0253 55.3747
14089.0000 0.1118 74.4468 49.0000 31.8194 38.4222 55.2592
14090.0000 0.1124 74.5675 49.0000 32.1418 38.1493 55.4242
14091.0000 0.1157 74.6388 49.0000 31.8121 38.2900 55.6132
14092.0000 0.1167 74.8735 49.0000 31.9670 38.2711 55.8523
14093.0000 0.1152 74.5807 49.0000 31.8513 38.2316 55.5528
14094.0000 0.1190 74.5798 49.0000 31.7254 38.0512 55.7472
14095.0000 0.1213 74.4803 49.0000 31.6326 37.8718 55.7891
14096.0000 0.1231 74.2470 49.0000 31.4158 37.7314 55.6957
14097.0000 0.1177 74.0789 49.0000 31.5181 37.8987 55.2991
14098.0000 0.1241 74.2094 49.0000 31.5304 37.4959 55.7398
14099.0000 0.1213 74.3503 49.0000 31.7432 37.6259 55.7191
14100.0000 0.1151 74.1773 49.0000 31.9933 37.7017 55.2927
14101.0000 0.1168 73.9456 49.0000 31.8558 37.4850 55.2090
14102.0000 0.1195 73.8175 49.0000 31.6385 37.3727 55.2387
14103.0000 0.1187 74.0634 49.0000 31.9768 37.3191 55.4089
14104.0000 0.1159 74.1852 49.0000 31.9036 37.7374 55.3307
14105.0000 0.1117 74.3654 49.0000 32.1546 37.9962 55.2501
14106.0000 0.1118 74.2329 49.0000 32.0376 37.9820 55.1496
14107.0000 0.1118 74.2896 49.0000 32.0406 38.0356 55.1874
14108.0000 0.1164 74.7380 49.0000 31.8348 38.3022 55.7249
14109.0000 0.1128 74.5455 49.0000 31.9462 38.3028 55.4019
14110.0000 0.1166 74.4976 49.0000 31.5945 38.3093 55.5345
14111.0000 0.1225 74.9554 49.0000 31.7515 38.1014 56.2000
14112.0000 0.1191 74.8072 49.0000 31.7231 38.2633 55.9078
14113.0000 0.1165 74.8907 49.0000 31.7625 38.5218 55.8196
14114.0000 0.1161 74.8004 49.0000 31.5702 38.6683 55.7062
14115.0000 0.1164 74.6034 49.0000 31.6459 38.3776 55.6001
14116.0000 0.1223 74.6310 49.0000 31.4267 38.1470 55.9191
14117.0000 0.1206 74.7330 49.0000 31.5254 38.2844 55.9059
14118.0000 0.1173 74.5611 49.0000 31.5530 38.3621 55.6068
14119.0000 0.1225 74.7907 49.0000 31.5296 38.1768 56.0541
14120.0000 0.1274 74.9736 49.0000 31.4328 38.0565 56.4334
14121.0000 0.1238 74.9808 49.0000 31.5485 38.2353 56.2572
14122.0000 0.1263 74.9266 49.0000 31.4202 38.1174 56.3368
14123.0000 0.1199 74.7336 49.0000 31.6993 38.1513 55.8993
14124.0000 0.1199 74.6283 49.0000 31.8769 37.8703 55.8488
14125.0000 0.1261 74.5301 49.0000 31.0416 38.1510 55.9969
14126.0000 0.1258 74.5983 49.0000 31.1176 38.1654 56.0357
14127.0000 0.1219 74.1453 49.0000 31.2656 37.8883 55.5379
14128.0000 0.1174 73.8924 49.0000 31.4757 37.7847 55.1515
14129.0000 0.1244 74.1164 49.0000 31.3674 37.5498 55.6717
14130.0000 0.1173 73.9977 49.0000 31.4194 37.9578 55.2059
14131.0000 0.1200 73.9418 49.0000 31.3145 37.7934 55.3033
14132.0000 0.1178 73.8583 49.0000 31.6482 37.5420 55.1728
14133.0000 0.1142 74.0671 49.0000 31.7726 37.9015 55.1355
14134.0000 0.1131 73.8612 49.0000 31.7879 37.7776 54.9350
14135.0000 0.1170 74.4025 49.0000 31.8919 37.8695 55.5386
14136.0000 0.1113 74.3246 49.0000 31.9721 38.1837 55.1719
14137.0000 0.1140 74.3632 49.0000 32.1940 37.7593 55.3865
14138.0000 0.1158 74.6780 49.0000 31.9793 38.1402 55.6728
14139.0000 0.1112 74.4025 49.0000 32.3053 37.9090 55.2722
14140.0000 0.1117 74.5151 49.0000 32.3423 37.9400 55.3808
14141.0000 0.1078 74.5346 49.0000 32.4583 38.1656 55.1838
14142.0000 0.1069 74.5293 49.0000 32.4348 38.2598 55.1252
14143.0000 0.1065 74.5909 49.0000 32.3634 38.4326 55.1302
14144.0000 0.1086 74.3247 49.0000 32.2717 38.0877 55.0638
14145.0000 0.1128 74.5772 49.0000 32.3108 37.9440 55.4799
14146.0000 0.1135 74.3951 49.0000 32.5104 37.4973 55.4225
14147.0000 0.1050 73.9901 49.0000 32.6262 37.6938 54.6741
14148.0000 0.1065 74.0410 49.0000 32.6422 37.5948 54.8014
14149.0000 0.1051 73.9544 49.0000 32.6151 37.6618 54.6544
14150.0000 0.1094 74.0822 49.0000 32.6500 37.3900 54.9921
14151.0000 0.1124 74.0006 49.0000 32.5970 37.1161 55.0992
14152.0000 0.1072 73.9053 49.0000 32.9693 37.0639 54.7840
14153.0000 0.1110 73.9582 49.0000 32.5243 37.2674 54.9830
14154.0000 0.1114 74.1147 49.0000 32.4494 37.4625 55.1052
14155.0000 0.1110 73.9802 49.0000 32.3024 37.5242 54.9688
14156.0000 0.1097 74.0636 49.0000 32.5737 37.4291 54.9857
14157.0000 0.1085 74.0330 49.0000 32.5141 37.5538 54.8947
14158.0000 0.1055 74.0677 49.0000 32.3881 37.9823 54.7210
14159.0000 0.1020 73.7189 49.0000 32.7621 37.5378 54.3326
14160.0000 0.1027 73.2847 49.0000 32.6029 37.2183 54.0601
14161.0000 0.1011 73.4723 49.0000 32.8556 37.2726 54.1243
14162.0000 0.1048 73.4892 49.0000 32.2242 37.6426 54.2706
14163.0000 0.1064 73.3126 49.0000 32.0719 37.4975 54.2225
14164.0000 0.1047 73.3158 49.0000 32.3948 37.3040 54.1682
14165.0000 0.1041 73.1959 49.0000 32.3588 37.2759 54.0468
14166.0000 0.1030 73.3046 49.0000 32.2030 37.6408 54.0343
14167.0000 0.1015 73.1648 49.0000 32.1739 37.6583 53.8496
14168.0000 0.1026 73.0832 49.0000 32.5363 37.0994 53.9090
14169.0000 0.1124 73.3036 49.0000 31.8121 37.2677 54.5210
14170.0000 0.1116 73.4871 49.0000 31.8537 37.4694 54.6053
14171.0000 0.1064 73.4827 49.0000 31.9796 37.7647 54.3216
14172.0000 0.1085 73.4589 49.0000 31.9410 37.6033 54.4240
14173.0000 0.1110 73.8501 49.0000 31.9571 37.7626 54.8322
14174.0000 0.1162 73.9883 49.0000 31.9798 37.4484 55.2193
14175.0000 0.1112 73.5820 49.0000 31.8508 37.5966 54.6474
14176.0000 0.1115 73.5561 49.0000 32.1396 37.2427 54.6857
14177.0000 0.1075 73.5304 49.0000 32.2386 37.4461 54.4535
14178.0000 0.1066 73.4499 49.0000 32.3977 37.2691 54.3718
14179.0000 0.1075 73.4876 49.0000 32.1903 37.4557 54.4177
14180.0000 0.1120 73.3919 49.0000 31.9842 37.2091 54.5789
14181.0000 0.1122 73.3830 49.0000 31.5519 37.6436 54.5206
14182.0000 0.1167 73.8209 49.0000 31.7670 37.4683 55.1045
14183.0000 0.1148 73.7503 49.0000 31.8545 37.4629 54.9629
14184.0000 0.1140 73.5215 49.0000 31.8192 37.3405 54.7598
14185.0000 0.1170 73.6210 49.0000 31.5490 37.4859 54.9502
14186.0000 0.1187 73.6722 49.0000 31.6677 37.2729 55.0951
14187.0000 0.1224 73.8985 49.0000 31.4028 37.4677 55.4168
14188.0000 0.1218 74.0662 49.0000 31.4587 37.6147 55.5094
14189.0000 0.1204 73.8711 49.0000 31.2726 37.7371 55.2710
14190.0000 0.1160 73.9889 49.0000 31.9602 37.4835 55.2077
14191.0000 0.1159 74.1735 49.0000 31.9227 37.7076 55.3243
14192.0000 0.1187 74.0134 49.0000 31.7837 37.4723 55.3498
14193.0000 0.1180 74.0802 49.0000 31.8484 37.5267 55.3651
14194.0000 0.1201 73.8912 49.0000 31.6974 37.3341 55.3295
14195.0000 0.1110 73.6764 49.0000 31.9889 37.5592 54.7195
14196.0000 0.1152 73.9849 49.0000 32.3170 37.1725 55.2049
14197.0000 0.1271 75.9681 50.0000 32.5633 37.8452 57.2584
14198.0000 0.1373 76.3100 50.0000 32.5771 37.3515 58.0242
14199.0000 0.1154 73.6600 49.0000 31.8655 37.3123 54.9379
14200.0000 0.1356 76.0123 50.0000 32.7237 37.0564 57.7395
14201.0000 0.1274 75.7691 50.0000 32.8768 37.3092 57.1673
14202.0000 0.1298 75.9466 50.0000 32.7685 37.3999 57.4052
14203.0000 0.1294 75.9779 50.0000 32.3130 37.9318 57.3558
14204.0000 0.1359 75.9095 50.0000 32.0350 37.6468 57.6084
14205.0000 0.1313 75.8415 50.0000 32.0907 37.8860 57.3304
14206.0000 0.1277 75.8438 50.0000 32.4905 37.7566 57.1934
14207.0000 0.1205 75.5199 50.0000 32.3959 38.1255 56.5704
14208.0000 0.1264 75.7907 50.0000 32.1373 38.1756 57.0442
14209.0000 0.1209 75.3639 50.0000 32.3830 37.9597 56.4811
14210.0000 0.1258 75.6752 50.0000 32.2664 37.9781 56.9498
14211.0000 0.1230 75.9162 50.0000 32.5754 38.1091 57.0071
14212.0000 0.1197 75.4403 50.0000 32.3470 38.1705 56.4617
14213.0000 0.1129 75.1443 50.0000 32.7958 37.9751 55.9374
14214.0000 0.1150 75.3153 50.0000 32.6791 38.0835 56.1615
14215.0000 0.1164 75.3634 50.0000 32.4847 38.2172 56.2480
14216.0000 0.1175 75.0211 50.0000 32.4233 37.8651 56.0636
14217.0000 0.1194 75.1994 50.0000 32.5918 37.7046 56.3124
14218.0000 0.1191 75.1831 50.0000 32.5866 37.7166 56.2856
14219.0000 0.1241 75.1731 50.0000 32.7425 37.1467 56.5601
14220.0000 0.1258 75.2550 50.0000 32.9358 36.8909 56.7239
14221.0000 0.1208 75.2910 50.0000 33.2620 36.9879 56.5179
14222.0000 0.1234 75.1093 50.0000 33.0475 36.8297 56.5053
14223.0000 0.1207 75.0466 50.0000 32.9092 37.1307 56.3053
14224.0000 0.1208 74.9854 50.0000 32.5925 37.3866 56.2387
14225.0000 0.1182 75.2732 50.0000 32.4999 37.9655 56.2889
14226.0000 0.1198 75.3876 50.0000 32.3860 38.0709 56.4362
14227.0000 0.1176 75.2844 50.0000 32.5450 37.9782 56.2692
14228.0000 0.1185 75.1393 50.0000 32.3932 37.9281 56.1966
14229.0000 0.1137 75.1487 50.0000 32.8899 37.8136 55.9975
14230.0000 0.1175 75.2922 50.0000 32.9343 37.5886 56.3147
14231.0000 0.1128 74.9547 50.0000 32.9447 37.6366 55.8242
14232.0000 0.1112 75.0143 50.0000 33.1303 37.6325 55.7971
14233.0000 0.1118 75.0841 50.0000 33.6177 37.1430 55.9274
14234.0000 0.1077 74.9065 50.0000 33.8094 37.1148 55.5914
14235.0000 0.1103 74.8268 50.0000 33.7312 36.9031 55.6725
14236.0000 0.1158 75.0950 50.0000 33.8821 36.5636 56.1637
14237.0000 0.1169 75.1243 50.0000 33.7764 36.6088 56.2371
14238.0000 0.1189 75.0364 50.0000 33.4457 36.7093 56.2518
14239.0000 0.1185 75.1486 50.0000 33.6899 36.5983 56.3282
14240.0000 0.1139 74.9757 50.0000 33.6887 36.7997 55.9661
14241.0000 0.1069 74.8366 50.0000 34.2859 36.6204 55.5332
14242.0000 0.1072 74.7749 50.0000 33.7626 37.0792 55.4662
14243.0000 0.1081 74.9667 50.0000 33.9756 36.9652 55.6708
14244.0000 0.1084 74.8199 50.0000 34.1729 36.5995 55.5941
14245.0000 0.1034 74.5393 50.0000 34.3160 36.5898 55.1335
14246.0000 0.1079 74.6063 50.0000 33.9114 36.7036 55.3982
14247.0000 0.1091 74.6433 50.0000 33.8810 36.6764 55.4845
14248.0000 0.1083 74.6531 50.0000 33.9436 36.6851 55.4537
14249.0000 0.1129 74.6933 50.0000 33.6943 36.6063 55.7115
14250.0000 0.1123 74.7125 50.0000 33.5432 36.8305 55.6805
14251.0000 0.1131 74.7330 50.0000 33.4669 36.8585 55.7354
14252.0000 0.1103 74.7319 50.0000 33.7026 36.8465 55.5996
14253.0000 0.1073 74.4323 50.0000 33.5794 36.9249 55.2190
14254.0000 0.1155 74.7155 50.0000 33.1863 36.9436 55.8233
14255.0000 0.1105 74.5414 50.0000 33.0875 37.2798 55.4243
14256.0000 0.1198 74.8012 50.0000 32.9411 36.9358 56.0878
14257.0000 0.1202 74.7587 50.0000 33.3020 36.4864 56.1121
14258.0000 0.1164 74.7328 50.0000 33.3368 36.7284 55.8987
14259.0000 0.1116 74.6165 50.0000 33.4180 36.9229 55.5658
14260.0000 0.1100 74.5725 50.0000 33.5515 36.8684 55.4624
14261.0000 0.1138 74.8576 50.0000 33.2042 37.1943 55.8367
14262.0000 0.1102 74.7236 50.0000 33.1691 37.3938 55.5440
14263.0000 0.1104 74.7552 50.0000 33.2567 37.3190 55.5844
14264.0000 0.1079 74.8701 50.0000 33.2481 37.6497 55.5210
14265.0000 0.1106 75.1130 50.0000 33.4351 37.4609 55.8636
14266.0000 0.1183 75.2192 50.0000 33.0050 37.3809 56.3140
14267.0000 0.1190 75.3533 50.0000 33.2061 37.2506 56.4613
14268.0000 0.1165 75.2586 50.0000 33.3052 37.2539 56.2741
14269.0000 0.1164 75.4408 50.0000 33.1344 37.6174 56.3769
14270.0000 0.1174 75.4647 50.0000 33.1300 37.5629 56.4478
14271.0000 0.1181 75.7507 50.0000 33.1857 37.7195 56.6932
14272.0000 0.1180 75.8031 50.0000 33.0494 37.9214 56.7081
14273.0000 0.1148 75.7085 50.0000 33.1304 38.0094 56.4751
14274.0000 0.1195 75.8893 50.0000 33.2112 37.7079 56.8710
14275.0000 0.1175 75.6149 50.0000 33.0226 37.8082 56.5478
14276.0000 0.1190 75.8611 50.0000 32.9505 37.9909 56.7967
14277.0000 0.1147 76.0184 50.0000 33.4320 37.9953 56.7226
14278.0000 0.1159 75.8519 50.0000 33.4591 37.7120 56.6728
14279.0000 0.1140 76.2541 50.0000 33.8566 37.8419 56.8894
14280.0000 0.1077 76.1243 50.0000 34.0500 38.0385 56.4676
14281.0000 0.1008 76.1955 50.0000 34.1659 38.5759 56.1280
14282.0000 0.1068 75.7666 50.0000 34.1058 37.7150 56.1689
14283.0000 0.1062 75.7034 50.0000 34.0971 37.7086 56.0933
14284.0000 0.1058 75.4397 50.0000 34.0432 37.5420 55.8821
14285.0000 0.1086 75.5603 50.0000 33.9686 37.5035 56.1158
14286.0000 0.1073 75.5769 50.0000 34.0471 37.5446 56.0631
14287.0000 0.1093 75.5545 50.0000 33.9097 37.5035 56.1436
14288.0000 0.1132 75.5254 50.0000 33.8864 37.1732 56.3379
14289.0000 0.1102 75.4647 50.0000 33.8850 37.3688 56.1275
14290.0000 0.1141 75.5760 50.0000 33.8969 37.1452 56.4178
14291.0000 0.1083 75.1628 50.0000 33.8705 37.2521 55.8078
14292.0000 0.1136 75.5922 50.0000 33.8002 37.2981 56.3966
14293.0000 0.1154 75.3077 50.0000 33.7750 36.9057 56.2891
14294.0000 0.1152 75.3937 50.0000 33.8624 36.9171 56.3442
14295.0000 0.1153 75.2512 50.0000 33.8503 36.7862 56.2466
14296.0000 0.1207 75.3872 50.0000 33.7379 36.5940 56.6203
14297.0000 0.1227 75.4976 50.0000 33.1809 37.1122 56.7592
14298.0000 0.1229 75.5577 50.0000 33.5284 36.7959 56.8408
14299.0000 0.1232 75.7989 50.0000 33.9830 36.5370 57.0585
14300.0000 0.1199 75.9002 50.0000 34.0104 36.8630 56.9671
14301.0000 0.1170 75.5937 50.0000 34.0673 36.7495 56.5976
14302.0000 0.1170 75.7094 50.0000 34.1422 36.7809 56.6867
14303.0000 0.1115 75.5916 50.0000 34.3131 36.9378 56.3232
14304.0000 0.1137 75.7487 50.0000 34.2273 37.0024 56.5436
14305.0000 0.1100 75.7500 50.0000 34.5766 36.9462 56.3694
14306.0000 0.1121 75.5898 50.0000 34.5845 36.6158 56.3651
14307.0000 0.1161 75.7809 50.0000 34.0601 37.0083 56.6836
14308.0000 0.1120 75.5557 50.0000 34.5949 36.5738 56.3401
14309.0000 0.1175 75.5502 50.0000 34.1133 36.6241 56.5932
14310.0000 0.1143 75.3829 50.0000 34.0726 36.7595 56.3062
14311.0000 0.1100 75.3299 50.0000 34.2152 36.9119 56.0485
14312.0000 0.1115 75.4788 50.0000 34.2409 36.9103 56.2338
14313.0000 0.1164 75.4061 50.0000 33.7166 36.9816 56.4059
14314.0000 0.1152 75.6140 50.0000 34.1088 36.8675 56.5230
14315.0000 0.1088 75.1599 50.0000 34.0874 36.9795 55.8531
14316.0000 0.1102 75.3102 50.0000 34.1999 36.8912 56.0449
14317.0000 0.1119 75.3406 50.0000 34.1586 36.8283 56.1522
14318.0000 0.1082 75.1711 50.0000 33.9901 37.1403 55.8209
14319.0000 0.1081 75.1636 50.0000 33.9566 37.1730 55.8093
14320.0000 0.1132 75.3635 50.0000 33.6310 37.2833 56.2012
14321.0000 0.1074 75.4275 50.0000 34.0681 37.3716 55.9646
14322.0000 0.1079 75.5214 50.0000 34.2070 37.2761 56.0701
14323.0000 0.1127 75.6412 50.0000 34.1945 37.0098 56.4145
14324.0000 0.1185 76.0993 50.0000 34.1680 37.0044 57.0468
14325.0000 0.1206 76.0701 50.0000 34.1583 36.8214 57.1319
14326.0000 0.1193 76.2039 50.0000 34.1831 37.0220 57.1658
14327.0000 0.1196 76.1869 50.0000 34.0329 37.1394 57.1565
14328.0000 0.1123 74.3053 49.0000 33.4071 36.5803 55.3817
14329.0000 0.1141 74.6177 49.0000 33.4981 36.6408 55.7057
14330.0000 0.1076 76.4856 50.0000 34.9700 37.4447 56.7895
14331.0000 0.1070 76.3347 50.0000 34.8692 37.4528 56.6429
14332.0000 0.1106 76.6108 50.0000 34.6713 37.6188 57.0258
14333.0000 0.1097 76.3586 50.0000 34.4981 37.6327 56.7829
14334.0000 0.1054 76.0122 50.0000 34.5815 37.5711 56.3061
14335.0000 0.1059 75.9709 50.0000 34.5521 37.5176 56.3041
14336.0000 0.1052 75.8034 50.0000 34.7386 37.2300 56.1543
14337.0000 0.1031 75.5609 50.0000 34.8008 37.1058 55.8705
14338.0000 0.1020 75.5415 50.0000 35.0414 36.9291 55.8109
14339.0000 0.1079 76.0376 50.0000 35.1989 36.7556 56.4958
14340.0000 0.1151 76.0443 50.0000 34.7813 36.6009 56.8626
14341.0000 0.1115 75.5656 50.0000 34.5974 36.6262 56.3179
14342.0000 0.1168 75.7333 50.0000 34.4976 36.4620 56.7095
14343.0000 0.1198 76.0003 50.0000 34.1360 36.8423 57.0389
14344.0000 0.1209 75.9728 50.0000 34.0024 36.8626 57.0688
14345.0000 0.1265 75.8404 50.0000 33.6108 36.6994 57.2296
14346.0000 0.1249 74.0963 49.0000 32.1610 36.6733 55.7764
14347.0000 0.1230 73.8218 49.0000 32.4785 36.2291 55.5181
14348.0000 0.1186 73.9810 49.0000 32.5808 36.6182 55.4147
14349.0000 0.1270 76.2870 50.0000 33.4643 37.2297 57.5655
14350.0000 0.1229 74.1543 49.0000 32.3901 36.6454 55.7392
14351.0000 0.1233 74.0208 49.0000 32.4130 36.4617 55.6689
14352.0000 0.1269 75.4336 50.0000 33.0613 36.8446 56.9180
14353.0000 0.1315 75.6379 50.0000 32.7303 37.0173 57.2672
14354.0000 0.1314 75.6599 50.0000 32.9017 36.8720 57.2918
14355.0000 0.1393 75.6814 50.0000 32.9130 36.2825 57.6888
14356.0000 0.1443 75.9779 50.0000 32.4524 36.6466 58.1078
14357.0000 0.1437 75.8711 50.0000 32.7387 36.3052 58.0219
14358.0000 0.1389 75.5113 50.0000 33.1017 35.9630 57.5577
14359.0000 0.1402 75.8995 50.0000 33.1908 36.1370 57.9070
14360.0000 0.1360 75.3945 50.0000 33.1385 36.0338 57.3389
14361.0000 0.1371 75.6964 50.0000 33.3035 36.0630 57.6218
14362.0000 0.1373 75.7479 50.0000 33.2276 36.1739 57.6639
14363.0000 0.1376 76.0012 50.0000 33.3773 36.2360 57.8713
14364.0000 0.1370 76.0721 50.0000 33.7835 35.9314 57.9187
14365.0000 0.1274 74.1343 49.0000 32.5940 36.0734 55.9664
14366.0000 0.1327 75.9222 50.0000 34.0103 35.8939 57.6117
14367.0000 0.1283 75.6936 50.0000 34.0234 36.0046 57.2328
14368.0000 0.1319 75.7118 50.0000 33.9127 35.8568 57.4150
14369.0000 0.1333 75.6895 50.0000 33.7707 35.8738 57.4588
14370.0000 0.1388 76.0170 50.0000 33.3911 36.1481 57.9390
14371.0000 0.1379 76.0196 50.0000 33.4516 36.1527 57.9047
14372.0000 0.1359 75.9446 50.0000 33.5600 36.1286 57.7584
14373.0000 0.1294 75.6220 50.0000 33.3892 36.4951 57.2010
14374.0000 0.1301 75.7677 50.0000 33.5745 36.3865 57.3542
14375.0000 0.1291 75.7898 50.0000 33.3688 36.6958 57.3065
14376.0000 0.1300 75.6711 50.0000 32.7614 37.1371 57.2157
14377.0000 0.1280 75.6527 50.0000 33.2431 36.7779 57.1456
14378.0000 0.1267 75.8814 50.0000 33.1434 37.2009 57.2328
14379.0000 0.1243 75.8785 50.0000 33.0833 37.4447 57.1045
14380.0000 0.1279 76.0821 50.0000 33.0418 37.3968 57.4300
14381.0000 0.1278 75.7939 50.0000 32.5165 37.6747 57.1665
14382.0000 0.1205 75.5224 50.0000 32.7971 37.7074 56.6227
14383.0000 0.1232 75.5933 50.0000 33.1705 37.1760 56.8507
14384.0000 0.1286 75.6559 50.0000 32.9254 37.0611 57.1507
14385.0000 0.1191 75.5419 50.0000 33.2154 37.4052 56.6054
14386.0000 0.1222 75.5203 50.0000 33.2095 37.1499 56.7479
14387.0000 0.1300 75.6413 50.0000 33.0170 36.8481 57.2162
14388.0000 0.1361 75.8576 50.0000 32.9402 36.6568 57.6680
14389.0000 0.1372 75.7168 50.0000 32.8192 36.5659 57.6096
14390.0000 0.1438 75.7969 50.0000 32.5686 36.4036 57.9589
14391.0000 0.1445 75.9319 50.0000 32.4802 36.5596 58.0869
14392.0000 0.1433 76.1252 50.0000 32.6228 36.6860 58.1802
14393.0000 0.1392 75.9940 50.0000 32.6334 36.8630 57.8901
14394.0000 0.1305 75.7729 50.0000 33.2568 36.6846 57.3564
14395.0000 0.1277 75.9403 50.0000 33.2980 37.0191 57.3390
14396.0000 0.1297 76.0312 50.0000 33.5330 36.7069 57.5229
14397.0000 0.1316 76.0072 50.0000 33.2945 36.7778 57.5845
14398.0000 0.1278 76.2140 50.0000 33.2919 37.2702 57.5426
14399.0000 0.1268 76.3348 50.0000 33.4431 37.3069 57.5912
14400.0000 0.1324 76.6139 50.0000 33.6959 36.8730 58.0918
14401.0000 0.1342 76.6008 50.0000 33.5136 36.9096 58.1566
14402.0000 0.1341 76.7546 50.0000 33.5217 37.0475 58.2670
14403.0000 0.1315 76.8700 50.0000 33.5532 37.3270 58.2225
14404.0000 0.1290 76.6809 50.0000 33.6308 37.2678 57.9659
14405.0000 0.1286 76.6602 50.0000 33.5856 37.3276 57.9262
14406.0000 0.1190 76.2447 50.0000 33.3911 37.9021 57.1114
14407.0000 0.1228 76.2335 50.0000 33.3518 37.6253 57.3021
14408.0000 0.1259 76.1080 50.0000 33.3761 37.2363 57.3752
14409.0000 0.1225 75.9379 50.0000 33.4630 37.2568 57.0853
14410.0000 0.1176 75.7480 50.0000 33.6515 37.2741 56.7096
14411.0000 0.1173 75.5731 50.0000 33.6476 37.1375 56.5680
14412.0000 0.1195 75.9621 50.0000 33.4109 37.5733 56.9403
14413.0000 0.1194 76.2444 50.0000 33.5108 37.7482 57.1429
14414.0000 0.1158 76.1517 50.0000 33.5911 37.8661 56.8936
14415.0000 0.1173 76.3692 50.0000 33.6354 37.9066 57.1314
14416.0000 0.1184 76.4848 50.0000 33.7418 37.8142 57.2844
14417.0000 0.1141 76.5672 50.0000 33.6595 38.3352 57.0962
14418.0000 0.1134 76.8408 50.0000 34.1053 38.1925 57.2946
14419.0000 0.1103 76.6463 50.0000 34.2374 38.1307 56.9956
14420.0000 0.1176 76.7808 50.0000 33.9444 37.9517 57.4694
14421.0000 0.1194 76.7015 50.0000 34.0812 37.5892 57.5209
14422.0000 0.1190 76.6108 50.0000 34.1401 37.4757 57.4391
14423.0000 0.1161 76.4366 50.0000 34.1774 37.5134 57.1595
14424.0000 0.1197 76.5653 50.0000 34.4386 37.0716 57.4624
14425.0000 0.1128 76.4157 50.0000 34.3662 37.5663 56.9833
14426.0000 0.1092 76.3636 50.0000 34.6457 37.5227 56.7726
14427.0000 0.1043 76.3339 50.0000 35.0160 37.5281 56.5012
14428.0000 0.1138 76.7713 50.0000 34.7542 37.4237 57.3188
14429.0000 0.1204 76.9325 50.0000 34.3959 37.4030 57.7629
14430.0000 0.1163 76.6179 50.0000 34.7527 37.0732 57.3422
14431.0000 0.1179 77.0150 50.0000 34.7785 37.2956 57.7131
14432.0000 0.1179 77.3914 50.0000 34.7777 37.6557 57.9827
14433.0000 0.1194 77.4060 50.0000 34.5833 37.7394 58.0639
14434.0000 0.1224 77.3281 50.0000 34.4248 37.5854 58.1541
14435.0000 0.1260 77.2961 50.0000 34.4989 37.1964 58.3176
14436.0000 0.1236 76.8744 50.0000 34.2976 37.1979 57.8763
14437.0000 0.1278 77.2359 50.0000 34.2555 37.2440 58.3509
14438.0000 0.1239 76.8469 50.0000 34.1066 37.3431 57.8591
14439.0000 0.1185 76.7047 50.0000 34.4643 37.2717 57.5034
14440.0000 0.1216 76.8549 50.0000 34.0673 37.5740 57.7432
14441.0000 0.1219 76.8254 50.0000 34.2469 37.3409 57.7490
14442.0000 0.1226 76.7417 50.0000 34.1303 37.3181 57.7215
14443.0000 0.1226 76.6366 50.0000 34.2774 37.0699 57.6546
14444.0000 0.1208 76.5043 50.0000 34.1802 37.1894 57.4594
14445.0000 0.1238 76.5772 50.0000 33.9579 37.2473 57.6504
14446.0000 0.1138 76.5080 50.0000 34.4833 37.4496 57.1130
14447.0000 0.1180 76.4900 50.0000 34.2580 37.3209 57.3084
14448.0000 0.1212 76.6736 50.0000 34.2001 37.3004 57.6010
14449.0000 0.1212 76.7047 50.0000 34.2114 37.3152 57.6261
14450.0000 0.1141 76.4389 50.0000 34.3363 37.5150 57.0662
14451.0000 0.1240 76.4975 50.0000 33.9887 37.1276 57.6036
14452.0000 0.1226 76.6781 50.0000 34.1559 37.2335 57.6765
14453.0000 0.1277 76.6603 50.0000 33.8421 37.1376 57.8992
14454.0000 0.1324 77.1118 50.0000 33.6775 37.3539 58.4529
14455.0000 0.1318 77.0110 50.0000 33.8038 37.1818 58.3567
14456.0000 0.1291 76.6838 50.0000 33.5709 37.3249 57.9677
14457.0000 0.1222 76.4192 50.0000 33.7885 37.4032 57.4388
14458.0000 0.1300 76.7318 50.0000 33.9069 36.9545 58.0728
14459.0000 0.1275 76.6683 50.0000 33.7471 37.2588 57.8872
14460.0000 0.1297 76.9619 50.0000 33.5875 37.5199 58.2002
14461.0000 0.1212 76.7267 50.0000 33.7114 37.8477 57.6027
14462.0000 0.1289 76.8518 50.0000 33.2985 37.7795 58.0527
14463.0000 0.1225 76.3713 50.0000 33.6112 37.5121 57.4082
14464.0000 0.1231 76.4895 50.0000 33.4940 37.6974 57.5127
14465.0000 0.1214 76.5089 50.0000 33.9216 37.4130 57.4734
14466.0000 0.1207 76.9642 50.0000 34.1289 37.6891 57.7775
14467.0000 0.1211 77.0133 50.0000 34.0998 37.7264 57.8358
14468.0000 0.1249 77.1576 50.0000 33.8275 37.8392 58.1135
14469.0000 0.1224 77.5823 50.0000 34.1222 38.1383 58.3109
14470.0000 0.1186 77.2563 50.0000 34.0981 38.1670 57.8716
14471.0000 0.1139 77.0816 50.0000 34.1058 38.3810 57.4915
14472.0000 0.1082 74.9663 49.0000 33.3680 37.5875 55.6211
14473.0000 0.1080 76.7531 50.0000 34.3544 38.3063 56.9512
14474.0000 0.1007 76.5068 50.0000 34.5253 38.5109 56.3756
14475.0000 0.0988 76.6576 50.0000 34.3963 38.9674 56.3456
14476.0000 0.0966 76.5003 50.0000 34.4186 38.9839 56.1063
14477.0000 0.1151 74.6381 49.0000 32.9532 37.1402 55.7274
14478.0000 0.1074 76.7956 50.0000 34.3940 38.3541 56.9524
14479.0000 0.1071 76.7508 50.0000 34.3278 38.4083 56.8954
14480.0000 0.1166 77.0091 50.0000 34.3176 37.8706 57.6067
14481.0000 0.1163 76.9233 50.0000 34.0855 38.0510 57.5109
14482.0000 0.1226 76.8834 50.0000 34.0806 37.5030 57.8196
14483.0000 0.1225 77.0002 50.0000 34.0023 37.7008 57.8923
14484.0000 0.1196 76.9190 50.0000 34.3196 37.5355 57.7042
14485.0000 0.1220 77.1152 50.0000 34.3408 37.5063 57.9718
14486.0000 0.1161 76.8293 50.0000 34.4796 37.5750 57.4632
14487.0000 0.1206 76.8257 50.0000 34.1144 37.5787 57.6736
14488.0000 0.1255 76.6571 50.0000 33.4773 37.6835 57.7540
14489.0000 0.1307 76.6682 50.0000 33.3923 37.3683 58.0222
14490.0000 0.1300 76.7935 50.0000 33.4248 37.5016 58.0832
14491.0000 0.1322 76.9052 50.0000 33.4020 37.4591 58.2712
14492.0000 0.1318 76.5138 50.0000 33.1309 37.4012 57.9470
14493.0000 0.1355 76.7831 50.0000 33.2961 37.1950 58.3399
14494.0000 0.1406 77.1736 50.0000 33.3225 37.1424 58.8712
14495.0000 0.1360 77.0000 50.0000 33.3348 37.3244 58.5208
14496.0000 0.1380 77.3542 50.0000 33.5970 37.2266 58.8991
14497.0000 0.1397 77.3353 50.0000 33.7904 36.8819 58.9804
14498.0000 0.1347 77.2962 50.0000 33.6724 37.3534 58.6992
14499.0000 0.1294 77.2125 50.0000 33.8126 37.5495 58.3826
14500.0000 0.1351 77.1182 50.0000 33.4675 37.3687 58.5725
14501.0000 0.1352 77.0585 50.0000 33.3382 37.4360 58.5246
14502.0000 0.1411 77.4903 50.0000 33.0945 37.6268 59.1077
14503.0000 0.1410 77.5328 50.0000 33.1397 37.6260 59.1387
14504.0000 0.1344 77.4531 50.0000 33.2823 37.9221 58.7638
14505.0000 0.1239 77.5114 50.0000 33.3689 38.7280 58.2638
14506.0000 0.1151 77.2167 50.0000 33.6710 38.8631 57.6050
14507.0000 0.1193 77.4181 50.0000 33.5584 38.8228 57.9671
14508.0000 0.1196 77.2823 50.0000 33.4992 38.7320 57.8808
14509.0000 0.1200 77.0722 50.0000 33.6313 38.3545 57.7754
14510.0000 0.1214 76.9343 50.0000 33.4906 38.2547 57.7394
14511.0000 0.1226 76.7879 50.0000 33.4252 38.0866 57.6935
14512.0000 0.1242 76.3402 50.0000 33.1430 37.8261 57.4330
14513.0000 0.1233 76.3410 50.0000 33.3492 37.6926 57.4025
14514.0000 0.1233 76.2437 50.0000 33.5039 37.4400 57.3484
14515.0000 0.1224 76.1487 50.0000 33.5094 37.4176 57.2335
14516.0000 0.1255 76.3312 50.0000 33.3651 37.4854 57.5158
14517.0000 0.1216 76.0729 50.0000 33.4733 37.4466 57.1347
14518.0000 0.1159 76.3195 50.0000 33.6027 38.0069 57.0175
14519.0000 0.1162 76.3362 50.0000 33.5713 38.0308 57.0425
14520.0000 0.1155 76.8329 50.0000 33.5630 38.5709 57.3508
14521.0000 0.1154 76.7402 50.0000 33.2128 38.8605 57.2349
14522.0000 0.1173 76.7992 50.0000 33.1246 38.8476 57.3737
14523.0000 0.1150 76.6450 50.0000 32.7553 39.2854 57.0807
14524.0000 0.1148 76.7177 50.0000 32.9677 39.1507 57.1485
14525.0000 0.1193 76.7365 50.0000 33.0388 38.7135 57.4299
14526.0000 0.1164 76.6308 50.0000 33.2999 38.5832 57.2253
14527.0000 0.1086 76.4605 50.0000 33.7976 38.5478 56.7274
14528.0000 0.1207 76.7510 50.0000 33.1841 38.4611 57.5350
14529.0000 0.1223 76.6068 50.0000 33.1059 38.2701 57.5152
14530.0000 0.1247 76.8498 50.0000 33.2357 38.1738 57.8277
14531.0000 0.1233 76.5931 50.0000 33.5230 37.7490 57.5997
14532.0000 0.1237 76.5825 50.0000 33.2534 37.9833 57.5879
14533.0000 0.1161 76.3342 50.0000 33.5696 38.0380 57.0359
14534.0000 0.1136 76.1630 50.0000 33.5974 38.0537 56.7796
14535.0000 0.1154 75.9860 50.0000 33.2121 38.1371 56.7132
14536.0000 0.1059 75.8711 50.0000 33.6328 38.3875 56.1396
14537.0000 0.1072 76.0765 50.0000 33.5038 38.6085 56.3428
14538.0000 0.1102 76.0387 50.0000 33.4755 38.3484 56.4861
14539.0000 0.1116 75.8544 50.0000 33.5475 37.9786 56.4454
14540.0000 0.1131 76.0556 50.0000 33.2654 38.3430 56.6364
14541.0000 0.1167 75.8227 50.0000 33.2077 37.8756 56.6724
14542.0000 0.1156 75.7501 50.0000 32.9474 38.1688 56.5305
14543.0000 0.1181 75.9255 50.0000 32.8130 38.2701 56.7749
14544.0000 0.1174 76.0983 50.0000 33.1781 38.1169 56.8969
14545.0000 0.1146 76.1896 50.0000 33.8094 37.7805 56.8719
14546.0000 0.1143 76.0288 50.0000 33.6633 37.7968 56.7323
14547.0000 0.1145 76.2239 50.0000 33.8138 37.8142 56.8928
14548.0000 0.1126 76.0481 50.0000 33.7291 37.8904 56.6567
14549.0000 0.1240 76.6324 50.0000 33.9012 37.3442 57.6944
14550.0000 0.1201 76.6440 50.0000 33.7785 37.7925 57.4896
14551.0000 0.1180 76.7172 50.0000 33.8348 37.9713 57.4361
14552.0000 0.1262 77.0097 50.0000 33.4119 38.0186 58.0406
14553.0000 0.1251 76.9069 50.0000 33.2795 38.1501 57.8940
14554.0000 0.1298 77.2205 50.0000 33.1102 38.2411 58.3467
14555.0000 0.1279 77.0703 50.0000 33.0043 38.3619 58.1285
14556.0000 0.1277 77.3114 50.0000 33.0203 38.5923 58.2868
14557.0000 0.1329 77.0523 50.0000 32.7467 38.2139 58.3473
14558.0000 0.1317 77.3650 50.0000 33.0650 38.2755 58.5408
14559.0000 0.1351 77.5790 50.0000 32.8003 38.4716 58.8436
14560.0000 0.1264 77.3718 50.0000 33.0271 38.7420 58.2637
14561.0000 0.1296 77.3270 50.0000 32.8114 38.6672 58.3758
14562.0000 0.1351 77.4559 50.0000 32.6390 38.5244 58.7366
14563.0000 0.1365 77.3582 50.0000 32.4168 38.5543 58.7113
14564.0000 0.1335 76.9276 50.0000 32.3978 38.4058 58.2515
14565.0000 0.1289 76.5476 50.0000 32.5469 38.2680 57.7563
14566.0000 0.1294 76.9162 50.0000 32.7755 38.3348 58.0716
14567.0000 0.1301 76.5944 50.0000 32.6128 38.1446 57.8627
14568.0000 0.1326 76.6588 50.0000 32.5953 38.0279 58.0344
14569.0000 0.1323 76.7414 50.0000 32.3408 38.3883 58.0487
14570.0000 0.1296 76.8343 50.0000 32.5639 38.4614 57.9985
14571.0000 0.1274 76.5624 50.0000 32.6184 38.3270 57.6965
14572.0000 0.1309 76.6823 50.0000 32.3121 38.4724 57.9308
14573.0000 0.1339 76.7585 50.0000 32.1262 38.5009 58.1158
14574.0000 0.1328 76.5350 50.0000 32.2875 38.2133 57.9213
14575.0000 0.1341 76.6668 50.0000 32.2005 38.3177 58.0748
14576.0000 0.1312 76.3166 50.0000 32.0518 38.3780 57.6545
14577.0000 0.1252 76.2324 50.0000 32.4539 38.3639 57.3266
14578.0000 0.1183 75.9363 50.0000 32.6404 38.4464 56.7697
14579.0000 0.1185 76.0518 50.0000 32.5261 38.6637 56.8424
14580.0000 0.1178 75.9933 50.0000 32.5334 38.6550 56.7658
14581.0000 0.1153 75.8760 50.0000 32.4494 38.8426 56.5283
14582.0000 0.1162 75.9206 50.0000 32.6049 38.6415 56.6364
14583.0000 0.1256 75.9749 50.0000 32.0081 38.5465 57.1125
14584.0000 0.1229 75.9392 50.0000 32.1320 38.6071 56.9542
14585.0000 0.1214 75.8105 50.0000 32.4270 38.2953 56.8260
14586.0000 0.1193 75.7756 50.0000 32.4884 38.3685 56.6948
14587.0000 0.1175 75.6765 50.0000 32.2033 38.7268 56.4811
14588.0000 0.1246 75.7462 50.0000 31.7252 38.7111 56.8546
14589.0000 0.1190 75.5439 50.0000 31.9777 38.7151 56.4398
14590.0000 0.1170 75.5719 50.0000 31.9704 38.9178 56.3420
14591.0000 0.1181 75.6435 50.0000 32.2546 38.5934 56.4990
14592.0000 0.1182 75.8429 50.0000 32.3375 38.6829 56.6574
14593.0000 0.1225 75.9758 50.0000 32.0949 38.7150 56.9507
14594.0000 0.1250 76.0440 50.0000 32.4287 38.2277 57.1814
14595.0000 0.1201 76.0788 50.0000 32.5704 38.5126 56.9556
14596.0000 0.1213 76.1657 50.0000 33.0206 38.0243 57.1402
14597.0000 0.1248 76.1232 50.0000 32.5393 38.2051 57.2391
14598.0000 0.1257 76.2126 50.0000 32.8039 37.9394 57.3834
14599.0000 0.1281 76.4031 50.0000 32.4933 38.2457 57.6098
14600.0000 0.1198 76.2068 50.0000 32.8297 38.3829 57.0652
14601.0000 0.1238 76.2251 50.0000 32.6612 38.2527 57.2734
14602.0000 0.1222 76.2741 50.0000 32.9853 38.0930 57.2593
14603.0000 0.1186 76.1145 50.0000 32.8613 38.3650 56.9357
14604.0000 0.1206 75.9124 50.0000 33.0684 37.7909 56.9300
14605.0000 0.1260 75.9828 50.0000 32.4620 38.0502 57.1996
14606.0000 0.1189 76.1369 50.0000 33.1992 38.0059 57.0105
14607.0000 0.1203 76.0532 50.0000 33.1436 37.8707 57.0210
14608.0000 0.1206 76.0712 50.0000 33.1583 37.8487 57.0511
14609.0000 0.1189 76.0152 50.0000 33.2715 37.8176 56.9311
14610.0000 0.1278 76.0470 50.0000 33.0092 37.4051 57.3969
14611.0000 0.1269 75.9709 50.0000 33.2235 37.1888 57.3129
14612.0000 0.1247 76.0408 50.0000 33.0115 37.6432 57.2314
14613.0000 0.1319 76.1467 50.0000 32.6392 37.5582 57.6400
14614.0000 0.1284 76.2762 50.0000 32.9134 37.6753 57.5790
14615.0000 0.1321 76.6180 50.0000 32.9083 37.7044 58.0150
14616.0000 0.1304 76.5476 50.0000 32.6265 38.0597 57.8490
14617.0000 0.1255 75.9561 50.0000 32.7633 37.7529 57.1893
14618.0000 0.1194 75.7337 50.0000 32.6972 38.1022 56.6984
14619.0000 0.1193 75.6689 50.0000 32.5703 38.1825 56.6309
14620.0000 0.1222 75.6709 50.0000 32.8302 37.6822 56.8183
14621.0000 0.1265 75.5502 50.0000 32.5970 37.4668 56.9343
14622.0000 0.1347 75.9410 50.0000 32.3130 37.4807 57.6030
14623.0000 0.1379 76.1529 50.0000 32.0570 37.6961 57.8845
14624.0000 0.1365 76.0308 50.0000 32.0393 37.7044 57.7282
14625.0000 0.1354 75.8659 50.0000 32.0353 37.6423 57.5538
14626.0000 0.1315 75.9956 50.0000 32.8405 37.2385 57.5337
14627.0000 0.1292 75.7704 50.0000 33.1423 36.9043 57.2784
14628.0000 0.1360 76.0029 50.0000 32.8473 36.8968 57.7591
14629.0000 0.1378 76.0157 50.0000 32.6142 37.0073 57.8374
14630.0000 0.1355 76.3497 50.0000 32.7577 37.3471 57.9777
14631.0000 0.1290 76.4910 50.0000 32.8227 37.9157 57.7577
14632.0000 0.1380 76.4054 50.0000 32.0716 37.9047 58.0727
14633.0000 0.1399 76.7000 50.0000 32.0798 38.0197 58.3804
14634.0000 0.1287 76.5451 50.0000 32.8180 38.0012 57.7759
14635.0000 0.1208 76.3657 50.0000 33.2747 37.9879 57.2838
14636.0000 0.1167 76.2058 50.0000 33.2514 38.1963 56.9448
14637.0000 0.1205 76.6117 50.0000 33.2904 38.2371 57.4371
14638.0000 0.1186 76.4414 50.0000 33.1718 38.3505 57.2028
14639.0000 0.1189 76.2364 50.0000 33.1856 38.1167 57.0772
14640.0000 0.1143 76.0347 50.0000 32.8780 38.6295 56.6399
14641.0000 0.1084 76.2580 50.0000 33.3626 38.8276 56.5212
14642.0000 0.1056 75.9747 50.0000 33.8025 38.3355 56.2132
14643.0000 0.1094 75.9659 50.0000 33.4371 38.3819 56.3880
14644.0000 0.1079 76.0512 50.0000 33.6980 38.3188 56.3905
14645.0000 0.1055 75.8893 50.0000 33.8028 38.2541 56.1532
14646.0000 0.1068 75.6991 50.0000 33.5988 38.1743 56.0731
14647.0000 0.1046 75.8424 50.0000 33.8827 38.2014 56.0776
14648.0000 0.1135 76.2759 50.0000 33.5647 38.2036 56.8499
14649.0000 0.1151 76.3421 50.0000 33.5156 38.1839 56.9808
14650.0000 0.1154 76.2855 50.0000 33.6015 38.0187 56.9648
14651.0000 0.1134 76.2988 50.0000 33.6357 38.1598 56.8681
14652.0000 0.1115 76.1309 50.0000 33.5564 38.2397 56.6357
14653.0000 0.1136 76.2595 50.0000 33.8083 37.9250 56.8701
14654.0000 0.1146 76.2796 50.0000 33.5099 38.1697 56.9099
14655.0000 0.1131 76.3065 50.0000 33.6222 38.2081 56.8540
14656.0000 0.1128 76.2780 50.0000 34.0799 37.7296 56.8627
14657.0000 0.1180 76.4474 50.0000 33.5185 38.0420 57.2147
14658.0000 0.1235 76.3813 50.0000 32.9275 38.1474 57.3992
14659.0000 0.1246 76.6902 50.0000 33.0751 38.1952 57.6936
14660.0000 0.1238 76.8154 50.0000 33.0590 38.3995 57.7338
14661.0000 0.1260 76.8302 50.0000 32.9167 38.3813 57.8468
14662.0000 0.1134 76.5809 50.0000 33.2672 38.8223 57.0154
14663.0000 0.1182 76.7658 50.0000 33.2684 38.5898 57.4198
14664.0000 0.1213 76.7368 50.0000 32.9259 38.6666 57.5267
14665.0000 0.1152 76.6682 50.0000 33.3011 38.7147 57.1858
14666.0000 0.1217 76.4137 50.0000 32.8403 38.4186 57.3112
14667.0000 0.1190 76.2586 50.0000 32.8998 38.4283 57.0635
14668.0000 0.1279 76.4300 50.0000 32.6341 38.1441 57.6333
14669.0000 0.1303 76.5038 50.0000 32.3860 38.2750 57.7841
14670.0000 0.1200 76.0580 50.0000 32.7463 38.3104 56.9632
14671.0000 0.1246 75.9259 50.0000 32.5386 38.0294 57.0942
14672.0000 0.1292 75.9756 50.0000 32.3973 37.8566 57.3550
14673.0000 0.1333 75.8351 50.0000 31.8647 37.9544 57.4027
14674.0000 0.1287 76.0218 50.0000 32.3650 37.9710 57.3587
14675.0000 0.1341 76.2514 50.0000 32.1270 38.0116 57.7690
14676.0000 0.1291 76.4324 50.0000 32.5446 38.1402 57.6895
14677.0000 0.1242 76.3680 50.0000 32.8749 38.1311 57.4225
14678.0000 0.1303 76.4710 50.0000 32.5700 38.0581 57.7805
14679.0000 0.1345 76.5230 50.0000 32.5256 37.8202 58.0301
14680.0000 0.1314 76.3980 50.0000 32.6906 37.7787 57.7991
14681.0000 0.1329 75.8673 50.0000 32.0360 37.8413 57.4245
14682.0000 0.1375 76.3481 50.0000 31.6219 38.3563 57.9473
14683.0000 0.1319 76.2914 50.0000 32.1998 38.1483 57.6911
14684.0000 0.1296 76.0603 50.0000 32.4658 37.8352 57.4425
14685.0000 0.1294 76.0175 50.0000 32.6793 37.5942 57.4230
14686.0000 0.1266 76.1595 50.0000 32.7926 37.8315 57.3907
14687.0000 0.1395 76.7441 50.0000 32.6410 37.5202 58.4505
14688.0000 0.1345 76.2870 50.0000 32.9003 37.2204 57.8956
14689.0000 0.1373 76.4146 50.0000 32.3326 37.7011 58.0726
14690.0000 0.1316 76.1409 50.0000 32.2509 37.9773 57.5763
14691.0000 0.1337 76.4052 50.0000 32.5586 37.7428 57.9066
14692.0000 0.1277 76.5365 50.0000 32.5961 38.2973 57.6944
14693.0000 0.1301 76.4327 50.0000 32.7373 37.8678 57.7604
14694.0000 0.1261 76.2811 50.0000 33.1086 37.6590 57.4841
14695.0000 0.1273 75.9412 50.0000 32.9110 37.4431 57.2884
14696.0000 0.1325 76.4049 50.0000 32.8283 37.5608 57.8722
14697.0000 0.1293 76.1424 50.0000 32.7346 37.6611 57.5131
14698.0000 0.1348 76.3616 50.0000 32.5833 37.5891 57.9351
14699.0000 0.1325 76.0336 50.0000 32.5795 37.4641 57.5858
14700.0000 0.1303 76.2167 50.0000 32.6930 37.6936 57.6137
14701.0000 0.1355 76.2736 50.0000 32.4342 37.6092 57.8898
14702.0000 0.1346 76.3025 50.0000 32.7306 37.4027 57.8949
14703.0000 0.1373 76.4503 50.0000 32.8482 37.2081 58.1482
14704.0000 0.1411 76.5544 50.0000 32.6365 37.2301 58.3898
14705.0000 0.1357 76.5933 50.0000 33.0155 37.2933 58.1870
14706.0000 0.1442 76.5350 50.0000 32.5945 37.0229 58.5193
14707.0000 0.1489 76.7230 50.0000 32.7918 36.6383 58.8961
14708.0000 0.1462 76.6504 50.0000 32.6692 36.8964 58.7083
14709.0000 0.1470 76.7308 50.0000 32.6238 36.9602 58.7984
14710.0000 0.1471 76.9557 50.0000 32.9674 36.8071 58.9963
14711.0000 0.1452 77.0505 50.0000 33.0513 36.9556 58.9803
14712.0000 0.1413 76.9145 50.0000 33.2216 36.9552 58.7068
14713.0000 0.1356 76.6232 50.0000 33.3621 36.9798 58.2287
14714.0000 0.1322 76.5386 50.0000 33.5679 36.9467 58.0197
14715.0000 0.1365 76.8438 50.0000 33.8366 36.6304 58.4660
14716.0000 0.1344 76.6627 50.0000 33.6650 36.7972 58.2219
14717.0000 0.1318 76.4759 50.0000 33.5289 36.9634 57.9489
14718.0000 0.1391 76.7669 50.0000 33.2390 36.9686 58.4949
14719.0000 0.1383 76.6437 50.0000 33.5202 36.6304 58.3855
14720.0000 0.1369 76.6181 50.0000 33.4152 36.8203 58.2926
14721.0000 0.1361 76.5955 50.0000 33.3877 36.8860 58.2371
14722.0000 0.1367 76.5443 50.0000 33.2012 36.9821 58.2153
14723.0000 0.1278 76.1777 50.0000 33.6046 36.9204 57.5382
14724.0000 0.1361 76.3131 50.0000 33.2599 36.7553 58.0217
14725.0000 0.1380 76.2365 50.0000 33.3258 36.4756 58.0597
14726.0000 0.1429 76.5304 50.0000 33.1792 36.5214 58.4999
14727.0000 0.1198 75.2320 49.0000 32.9931 37.2850 56.4016
14728.0000 0.1488 76.8018 50.0000 32.7161 36.7953 58.9431
14729.0000 0.1423 76.5696 50.0000 32.8307 36.9523 58.4772
14730.0000 0.1422 76.6169 50.0000 32.6072 37.2334 58.4858
14731.0000 0.1377 76.6746 50.0000 32.8979 37.3364 58.3327
14732.0000 0.1407 76.7845 50.0000 32.9915 37.1093 58.5689
14733.0000 0.1363 76.5611 50.0000 33.1208 37.1103 58.2017
14734.0000 0.1305 76.3846 50.0000 33.3437 37.1653 57.8061
14735.0000 0.1298 76.3755 50.0000 33.4374 37.1217 57.7679
14736.0000 0.1341 76.5686 50.0000 33.2582 37.1474 58.1095
14737.0000 0.1353 76.8913 50.0000 33.4579 37.1493 58.4188
14738.0000 0.1407 76.9480 50.0000 33.3745 36.8729 58.7156
14739.0000 0.1347 76.8106 50.0000 33.7064 36.8709 58.3462
14740.0000 0.1357 76.4944 50.0000 33.2403 36.9693 58.1357
14741.0000 0.1397 76.5820 50.0000 33.5119 36.4769 58.4053
14742.0000 0.1387 76.6036 50.0000 33.3495 36.7316 58.3671
14743.0000 0.1309 76.6979 50.0000 33.7226 37.0434 58.0787
14744.0000 0.1112 75.0416 49.0000 33.7887 36.9763 55.8778
14745.0000 0.1057 75.0987 49.0000 34.0857 37.1801 55.6383
14746.0000 0.1038 75.1469 49.0000 34.0638 37.4109 55.5620
14747.0000 0.1332 76.8211 50.0000 33.5987 37.1029 58.2751
14748.0000 0.1005 75.0108 49.0000 34.1260 37.4917 55.2849
14749.0000 0.1266 76.7562 50.0000 34.0365 37.1132 57.9279
14750.0000 0.1300 77.0674 50.0000 33.9230 37.2506 58.3182
14751.0000 0.1239 76.7058 50.0000 33.8864 37.4322 57.7436
14752.0000 0.1268 76.6634 50.0000 33.5785 37.4786 57.8370
14753.0000 0.1260 76.6823 50.0000 33.5850 37.5565 57.8077
14754.0000 0.1275 76.5691 50.0000 33.4501 37.4680 57.7933
14755.0000 0.1287 76.4374 50.0000 33.4976 37.1976 57.7660
14756.0000 0.1289 76.4332 50.0000 33.3879 37.2940 57.7619
14757.0000 0.1236 76.4018 50.0000 33.7646 37.2944 57.5005
14758.0000 0.1248 76.6385 50.0000 33.4798 37.7125 57.7091
14759.0000 0.1316 76.5284 50.0000 33.2444 37.3154 57.9566
14760.0000 0.1299 76.5556 50.0000 33.3119 37.4066 57.8949
14761.0000 0.1353 76.5978 50.0000 33.0311 37.3119 58.1721
14762.0000 0.1350 76.7511 50.0000 33.2052 37.3012 58.2818
14763.0000 0.1350 76.6137 50.0000 33.4187 36.9588 58.1970
14764.0000 0.1278 76.4075 50.0000 33.9763 36.7534 57.7313
14765.0000 0.1286 76.2267 50.0000 34.1333 36.3686 57.6433
14766.0000 0.1060 74.7091 49.0000 34.1692 36.6955 55.3837
14767.0000 0.1060 74.6005 49.0000 33.8953 36.8696 55.2899
14768.0000 0.1322 76.3677 50.0000 33.6190 36.7430 57.8942
14769.0000 0.1284 76.0606 50.0000 33.5506 36.8152 57.4823
14770.0000 0.1031 74.2311 49.0000 33.5494 37.1135 54.8387
14771.0000 0.1051 74.0900 49.0000 33.5635 36.7961 54.8531
14772.0000 0.1363 76.2748 50.0000 33.4990 36.4635 58.0178
14773.0000 0.1351 76.4195 50.0000 33.4684 36.7158 58.0668
14774.0000 0.1306 76.2547 50.0000 33.7457 36.6330 57.7411
14775.0000 0.1078 74.4516 49.0000 33.9911 36.4793 55.2892
14776.0000 0.1104 74.4943 49.0000 34.0722 36.2331 55.4584
14777.0000 0.1391 76.6844 50.0000 33.8655 36.2531 58.4751
14778.0000 0.1081 74.5517 49.0000 34.0605 36.4810 55.3803
14779.0000 0.1435 77.3170 50.0000 34.1451 36.2200 59.1620
14780.0000 0.1410 77.1766 50.0000 33.9083 36.5240 58.9276
14781.0000 0.1403 77.1870 50.0000 34.3679 36.1227 58.9222
14782.0000 0.1367 77.1228 50.0000 34.2264 36.4780 58.7012
14783.0000 0.1090 74.6150 49.0000 34.5442 35.9777 55.4951
14784.0000 0.1401 77.2039 50.0000 34.7689 35.7480 58.9376
14785.0000 0.1436 77.1511 50.0000 34.4845 35.7234 59.0505
14786.0000 0.1407 77.0994 50.0000 34.6357 35.7439 58.8817
14787.0000 0.1494 77.3121 50.0000 34.0226 35.8994 59.4210
14788.0000 0.1484 77.7659 50.0000 34.5140 35.8905 59.7344
14789.0000 0.1526 78.1030 50.0000 34.4147 35.9833 60.1740
14790.0000 0.1483 77.9479 50.0000 34.6563 35.9228 59.8696
14791.0000 0.1466 78.1431 50.0000 34.9250 35.9618 59.9444
14792.0000 0.1447 78.1216 50.0000 34.8969 36.1098 59.8437
14793.0000 0.1517 78.3179 50.0000 34.6880 35.9743 60.3016
14794.0000 0.1477 78.3449 50.0000 34.8635 36.1218 60.1471
14795.0000 0.1447 78.1069 50.0000 34.9737 36.0183 59.8349
14796.0000 0.1544 78.6148 50.0000 35.0090 35.7209 60.6521
14797.0000 0.1520 78.5386 50.0000 34.7842 36.0569 60.4836
14798.0000 0.1489 78.5734 50.0000 34.8820 36.2226 60.3734
14799.0000 0.1484 78.3864 50.0000 34.2348 36.7388 60.1886
14800.0000 0.1476 78.2426 50.0000 34.4662 36.4368 60.0528
14801.0000 0.1495 78.1508 50.0000 34.4431 36.2302 60.0715
14802.0000 0.1400 78.0272 50.0000 34.9631 36.3145 59.5574
14803.0000 0.1435 77.8804 50.0000 34.5990 36.2811 59.5982
14804.0000 0.1492 78.2122 50.0000 34.2894 36.4617 60.0993
14805.0000 0.1489 77.7547 50.0000 34.1994 36.1646 59.7353
14806.0000 0.1450 77.4794 50.0000 34.4129 35.9885 59.3603
14807.0000 0.1503 78.0801 50.0000 34.3920 36.1624 60.0498
14808.0000 0.1517 77.8585 50.0000 34.3108 35.9383 59.9429
14809.0000 0.1483 77.8682 50.0000 34.3888 36.1215 59.8006
14810.0000 0.1448 77.6642 50.0000 34.2411 36.3419 59.4857
14811.0000 0.1423 77.5677 50.0000 34.3512 36.3313 59.3025
14812.0000 0.1407 77.5064 50.0000 34.6112 36.1350 59.1910
14813.0000 0.1409 77.4696 50.0000 34.4922 36.2057 59.1691
14814.0000 0.1457 77.6613 50.0000 34.4642 36.0540 59.5282
14815.0000 0.1446 77.7377 50.0000 34.5250 36.1390 59.5411
14816.0000 0.1514 78.0038 50.0000 34.4325 35.9697 60.0431
14817.0000 0.1519 78.0864 50.0000 34.1135 36.3266 60.1176
14818.0000 0.1491 77.7537 50.0000 34.0786 36.2689 59.7399
14819.0000 0.1498 77.9175 50.0000 34.0783 36.3671 59.8936
14820.0000 0.1443 77.7611 50.0000 34.4369 36.2708 59.5426
14821.0000 0.1419 77.6371 50.0000 34.4673 36.3101 59.3389
14822.0000 0.1428 77.6316 50.0000 34.4310 36.2757 59.3738
14823.0000 0.1429 77.7226 50.0000 34.3365 36.4480 59.4420
14824.0000 0.1484 77.9206 50.0000 33.7192 36.8356 59.8144
14825.0000 0.1459 77.6108 50.0000 33.6860 36.7699 59.4699
14826.0000 0.1409 77.2540 50.0000 33.8909 36.6202 58.9793
14827.0000 0.1365 77.0259 50.0000 33.9313 36.7010 58.6063
14828.0000 0.1379 77.4156 50.0000 33.9725 36.9086 58.9644
14829.0000 0.1378 77.2844 50.0000 33.6690 37.1025 58.8446
14830.0000 0.1365 77.3499 50.0000 33.9830 36.9520 58.8448
14831.0000 0.1420 77.5156 50.0000 33.7080 36.9547 59.2181
14832.0000 0.1380 77.6217 50.0000 34.2182 36.8420 59.1347
14833.0000 0.1423 77.5860 50.0000 33.8607 36.8480 59.2897
14834.0000 0.1376 77.3272 50.0000 33.9214 36.9053 58.8798
14835.0000 0.1390 77.2806 50.0000 33.6680 37.0142 58.8957
14836.0000 0.1345 77.4184 50.0000 34.1671 36.9817 58.8097
14837.0000 0.1400 77.6129 50.0000 33.6952 37.2153 59.1896
14838.0000 0.1401 77.1483 50.0000 33.5818 36.8905 58.8491
14839.0000 0.1376 77.0007 50.0000 33.4989 37.0332 58.6129
14840.0000 0.1427 77.3534 50.0000 33.4627 37.0015 59.1159
14841.0000 0.1399 77.3454 50.0000 33.7816 36.8891 58.9941
14842.0000 0.1446 77.6003 50.0000 33.5704 36.9755 59.3941
14843.0000 0.1393 77.4275 50.0000 33.5604 37.2317 59.0128
14844.0000 0.1385 77.6298 50.0000 33.4651 37.5781 59.1130
14845.0000 0.1435 77.9318 50.0000 33.5984 37.3342 59.5875
14846.0000 0.1358 77.7734 50.0000 33.8794 37.4955 59.1184
14847.0000 0.1363 77.9366 50.0000 34.0047 37.4800 59.2710
14848.0000 0.1412 78.1802 50.0000 33.5515 37.7839 59.6558
14849.0000 0.1454 78.3486 50.0000 33.3894 37.7823 59.9679
14850.0000 0.1365 78.1994 50.0000 33.7405 37.9756 59.4523
14851.0000 0.1397 78.0568 50.0000 33.0310 38.3223 59.4408
14852.0000 0.1339 77.8020 50.0000 33.5303 38.0270 59.0154
14853.0000 0.1292 77.5731 50.0000 33.3649 38.3562 58.5933
14854.0000 0.1300 77.7078 50.0000 33.2552 38.5320 58.7186
14855.0000 0.1395 77.9530 50.0000 33.3557 37.9092 59.3882
14856.0000 0.1401 77.9824 50.0000 33.2027 38.0469 59.4245
14857.0000 0.1432 77.8841 50.0000 33.2925 37.6251 59.5138
14858.0000 0.1358 77.7106 50.0000 33.5195 37.8079 59.0419
14859.0000 0.1386 77.4997 50.0000 33.0756 37.8456 58.9909
14860.0000 0.1371 77.6440 50.0000 33.2710 37.8992 59.0362
14861.0000 0.1319 77.4834 50.0000 33.6859 37.7294 58.6978
14862.0000 0.1400 77.9029 50.0000 33.5301 37.6441 59.3929
14863.0000 0.1342 77.5235 50.0000 33.5019 37.7745 58.8268
14864.0000 0.1381 77.6927 50.0000 33.5099 37.6222 59.1423
14865.0000 0.1366 77.7025 50.0000 33.5012 37.7556 59.0751
14866.0000 0.1362 77.6144 50.0000 33.4065 37.7983 58.9855
14867.0000 0.1317 77.3067 50.0000 33.3001 37.9790 58.5236
14868.0000 0.1297 77.5750 50.0000 33.8443 37.8324 58.6613
14869.0000 0.1277 77.4061 50.0000 33.8319 37.8437 58.4377
14870.0000 0.1240 77.2112 50.0000 33.7250 38.0696 58.0940
14871.0000 0.1259 77.4082 50.0000 33.6705 38.1562 58.3304
14872.0000 0.1263 77.2702 50.0000 33.8141 37.8458 58.2664
14873.0000 0.1274 77.1756 50.0000 33.7231 37.7656 58.2458
14874.0000 0.1293 77.1722 50.0000 33.8464 37.4817 58.3531
14875.0000 0.1245 77.1342 50.0000 34.0755 37.5936 58.0970
14876.0000 0.1255 77.1179 50.0000 33.8817 37.6954 58.1228
14877.0000 0.1236 76.6332 50.0000 33.6708 37.6134 57.6555
14878.0000 0.1275 76.7980 50.0000 33.6124 37.5172 57.9707
14879.0000 0.1284 76.8231 50.0000 33.8140 37.2635 58.0503
14880.0000 0.1292 76.2630 50.0000 33.4782 37.0210 57.6602
14881.0000 0.1296 76.3691 50.0000 33.3055 37.2652 57.7433
14882.0000 0.1350 76.8861 50.0000 33.4036 37.2235 58.3959
14883.0000 0.1408 76.8921 50.0000 32.9204 37.2768 58.6436
14884.0000 0.1316 76.6301 50.0000 33.0502 37.6115 58.0106
14885.0000 0.1349 76.6943 50.0000 32.8216 37.6467 58.2022
14886.0000 0.1369 77.1483 50.0000 32.5439 38.1995 58.5965
14887.0000 0.1389 76.9432 50.0000 32.0451 38.3647 58.4938
14888.0000 0.1404 76.8137 50.0000 32.1072 38.0646 58.4855
14889.0000 0.1372 76.7546 50.0000 32.0701 38.2917 58.2797
14890.0000 0.1327 76.8124 50.0000 32.2087 38.5570 58.1042
14891.0000 0.1302 77.0810 50.0000 32.4338 38.7781 58.1875
14892.0000 0.1273 76.8575 50.0000 32.2923 38.9542 57.8520
14893.0000 0.1328 76.8753 50.0000 32.3216 38.4957 58.1654
14894.0000 0.1208 76.5413 50.0000 32.7938 38.6583 57.3469
14895.0000 0.1276 76.8256 50.0000 32.6404 38.5319 57.8971
14896.0000 0.1326 76.7596 50.0000 32.6227 38.0949 58.1084
14897.0000 0.1337 76.8540 50.0000 32.4648 38.2555 58.2159
14898.0000 0.1359 76.7628 50.0000 32.0492 38.4241 58.2149
14899.0000 0.1392 76.9080 50.0000 32.0683 38.2799 58.4904
14900.0000 0.1345 76.5158 50.0000 32.0659 38.2895 57.9686
14901.0000 0.1367 76.1524 50.0000 31.9801 37.8690 57.8134
14902.0000 0.1329 75.9060 50.0000 32.1166 37.7939 57.4618
14903.0000 0.1354 75.8589 50.0000 32.0447 37.6258 57.5501
14904.0000 0.1400 75.7763 50.0000 31.7914 37.4588 57.6904
14905.0000 0.1410 75.6841 50.0000 31.6544 37.4373 57.6587
14906.0000 0.1472 75.8426 50.0000 31.4061 37.3645 58.0488
14907.0000 0.1447 75.5915 50.0000 31.7519 36.9709 57.7845
14908.0000 0.1489 75.3072 50.0000 31.2655 36.8984 57.7248
14909.0000 0.1459 75.3942 50.0000 31.4095 37.0515 57.6621
14910.0000 0.1449 75.4038 50.0000 31.5329 37.0115 57.6329
14911.0000 0.1428 75.3905 50.0000 31.8217 36.8634 57.5516
14912.0000 0.1436 75.4002 50.0000 31.7622 36.8709 57.5924
14913.0000 0.1425 75.5702 50.0000 31.8445 37.0208 57.6736
14914.0000 0.1360 75.1955 50.0000 31.4013 37.6293 57.0294
14915.0000 0.1314 75.2878 50.0000 31.6012 37.8621 56.8866
14916.0000 0.1290 75.4232 50.0000 31.5277 38.2542 56.8444
14917.0000 0.1320 75.2129 50.0000 31.4510 37.9002 56.8454
14918.0000 0.1391 75.5188 50.0000 31.3242 37.7698 57.4049
14919.0000 0.1449 75.7084 50.0000 31.1868 37.6393 57.8137
14920.0000 0.1377 75.5009 50.0000 31.5202 37.6589 57.3470
14921.0000 0.1331 75.3919 50.0000 31.5931 37.8360 57.0461
14922.0000 0.1337 75.5823 50.0000 31.1014 38.4788 57.1381
14923.0000 0.1332 75.6411 50.0000 31.2791 38.3865 57.1810
14924.0000 0.1339 75.7804 50.0000 31.4650 38.2688 57.3421
14925.0000 0.1312 75.7908 50.0000 31.5806 38.3688 57.2254
14926.0000 0.1226 75.4176 50.0000 31.7106 38.5750 56.5174
14927.0000 0.1177 75.0434 50.0000 31.5992 38.7420 55.9648
14928.0000 0.1201 75.1196 50.0000 31.1928 39.0447 56.0845
14929.0000 0.1208 75.1385 50.0000 31.1601 39.0456 56.1274
14930.0000 0.1268 75.2316 50.0000 30.8345 38.9789 56.4772
14931.0000 0.1235 74.9284 50.0000 31.1967 38.5821 56.1467
14932.0000 0.1286 75.1394 50.0000 30.9998 38.5705 56.5444
14933.0000 0.1258 75.2033 50.0000 31.0385 38.8243 56.4341
14934.0000 0.1261 75.1524 50.0000 30.8405 38.9572 56.3833
14935.0000 0.1261 75.1357 50.0000 30.9587 38.8194 56.3914
14936.0000 0.1252 75.3385 50.0000 31.1007 38.9314 56.5065
14937.0000 0.1256 75.3009 50.0000 31.1294 38.8343 56.5073
14938.0000 0.1236 75.4459 50.0000 31.3254 38.9298 56.5267
14939.0000 0.1266 75.4996 50.0000 31.4934 38.5575 56.7599
14940.0000 0.1276 75.7588 50.0000 31.4375 38.7799 56.9843
14941.0000 0.1308 75.7104 50.0000 31.3403 38.5757 57.1118
14942.0000 0.1302 75.5062 50.0000 31.0580 38.7330 56.8889
14943.0000 0.1301 75.5376 50.0000 30.9838 38.8426 56.8963
14944.0000 0.1305 75.4472 50.0000 31.2477 38.4524 56.8971
14945.0000 0.1321 75.4979 50.0000 31.2333 38.3841 57.0182
14946.0000 0.1282 75.2971 50.0000 31.3308 38.4073 56.6826
14947.0000 0.1262 75.4062 50.0000 31.2581 38.7518 56.6332
14948.0000 0.1377 75.8416 50.0000 30.9416 38.5691 57.5064
14949.0000 0.1434 75.7649 50.0000 30.6436 38.3598 57.7045
14950.0000 0.1427 75.7194 50.0000 30.5211 38.4980 57.6176
14951.0000 0.1377 75.5757 50.0000 30.8349 38.4314 57.3056
14952.0000 0.1354 75.7568 50.0000 30.8470 38.7734 57.3078
14953.0000 0.1365 75.9762 50.0000 30.9469 38.7842 57.5365
14954.0000 0.1339 75.4207 50.0000 30.8472 38.5765 56.9964
14955.0000 0.1411 75.7592 50.0000 30.4381 38.7505 57.5446
14956.0000 0.1400 75.5924 50.0000 30.5210 38.5940 57.3862
14957.0000 0.1433 75.8036 50.0000 30.6210 38.4319 57.7193
14958.0000 0.1350 75.5282 50.0000 30.9416 38.4904 57.1456
14959.0000 0.1332 75.4440 50.0000 30.9595 38.5347 56.9945
14960.0000 0.1367 75.5673 50.0000 30.9461 38.3912 57.2615
14961.0000 0.1386 75.4762 50.0000 30.5626 38.5484 57.2416
14962.0000 0.1476 75.7855 50.0000 30.6747 38.0260 57.9356
14963.0000 0.1519 75.7864 50.0000 30.5151 37.8709 58.1224
14964.0000 0.1469 75.4705 50.0000 30.7937 37.6685 57.6943
14965.0000 0.1420 75.2365 50.0000 30.4154 38.2146 57.2283
14966.0000 0.1427 75.3564 50.0000 30.6509 38.0296 57.3834
14967.0000 0.1454 75.3246 50.0000 30.6471 37.8039 57.4927
14968.0000 0.1459 75.2105 50.0000 30.5167 37.7943 57.4190
14969.0000 0.1480 75.2633 50.0000 30.4358 37.7651 57.5502
14970.0000 0.1568 75.6449 50.0000 29.8866 38.0091 58.1744
14971.0000 0.1582 75.5250 50.0000 29.8417 37.8478 58.1467
14972.0000 0.1542 75.5577 50.0000 29.9683 38.0454 57.9950
14973.0000 0.1593 75.6724 50.0000 29.8225 37.9207 58.3005
14974.0000 0.1577 75.6827 50.0000 29.8054 38.0591 58.2324
14975.0000 0.1563 76.0492 50.0000 30.0773 38.2219 58.4630
14976.0000 0.1596 76.3951 50.0000 30.4030 37.9611 58.9137
14977.0000 0.1558 76.1702 50.0000 30.4959 37.9469 58.5828
14978.0000 0.1508 75.8894 50.0000 30.7818 37.7774 58.1769
14979.0000 0.1506 76.0113 50.0000 30.7424 37.9416 58.2500
14980.0000 0.1570 76.3303 50.0000 30.4381 38.0571 58.7494
14981.0000 0.1582 76.2892 50.0000 30.1945 38.1801 58.7420
14982.0000 0.1563 76.2950 50.0000 30.3863 38.1334 58.6808
14983.0000 0.1525 76.5018 50.0000 30.5591 38.4305 58.6666
14984.0000 0.1563 76.8936 50.0000 30.8638 38.1919 59.1729
14985.0000 0.1520 76.5294 50.0000 31.0974 37.9486 58.7333
14986.0000 0.1448 76.3284 50.0000 31.1063 38.2955 58.2397
14987.0000 0.1423 75.9525 50.0000 30.6712 38.5930 57.7810
14988.0000 0.1509 76.1592 50.0000 30.6583 38.1360 58.3604
14989.0000 0.1538 76.3669 50.0000 30.6000 38.1703 58.6393
14990.0000 0.1528 76.6958 50.0000 30.7896 38.3461 58.8543
14991.0000 0.1545 76.6873 50.0000 30.6833 38.3229 58.9137
14992.0000 0.1552 76.8147 50.0000 30.7196 38.3470 59.0449
14993.0000 0.1549 76.6331 50.0000 30.7150 38.2082 58.9012
14994.0000 0.1537 76.6369 50.0000 30.8467 38.1714 58.8612
14995.0000 0.1503 76.6225 50.0000 30.9780 38.2820 58.7015
14996.0000 0.1535 76.8169 50.0000 30.7935 38.4002 58.9748
14997.0000 0.1556 76.8477 50.0000 30.7439 38.3247 59.0898
14998.0000 0.1605 77.2206 50.0000 30.6403 38.3946 59.5823
14999.0000 0.1575 77.0794 50.0000 30.7237 38.4109 59.3455
15000.0000 0.1633 77.3309 50.0000 30.7706 38.1593 59.8089
15001.0000 0.1642 77.2829 50.0000 30.7958 38.0195 59.8230
15002.0000 0.1636 77.2402 50.0000 30.7549 38.0692 59.7572
15003.0000 0.1642 76.9862 50.0000 30.6914 37.8639 59.5923
15004.0000 0.1686 77.1794 50.0000 30.8083 37.5977 59.9493
15005.0000 0.1635 77.2608 50.0000 31.0989 37.7473 59.8100
15006.0000 0.1608 77.2433 50.0000 30.9661 38.0636 59.6555
15007.0000 0.1639 77.2444 50.0000 30.7347 38.0696 59.7727
15008.0000 0.1689 77.4302 50.0000 30.3921 38.2139 60.0954
15009.0000 0.1703 77.3957 50.0000 30.4081 38.0630 60.1386
15010.0000 0.1652 77.2557 50.0000 30.6204 38.0974 59.8283
15011.0000 0.1714 77.3853 50.0000 30.5379 37.8487 60.1946
15012.0000 0.1672 77.0741 50.0000 30.7122 37.7003 59.7985
15013.0000 0.1724 77.5717 50.0000 30.3993 38.0732 60.3630
15014.0000 0.1662 77.5443 50.0000 30.7322 38.1701 60.0974
15015.0000 0.1731 77.5724 50.0000 30.4773 37.9475 60.4036
15016.0000 0.1712 77.4350 50.0000 30.6169 37.8230 60.2345
15017.0000 0.1676 77.4892 50.0000 30.7154 38.0340 60.1212
15018.0000 0.1718 77.4167 50.0000 30.6565 37.7274 60.2509
15019.0000 0.1756 77.4581 50.0000 30.4830 37.6612 60.4333
15020.0000 0.1784 77.5156 50.0000 30.4667 37.5295 60.5969
15021.0000 0.1808 77.5226 50.0000 30.4383 37.3926 60.7047
15022.0000 0.1845 77.5548 50.0000 30.3060 37.2926 60.8733
15023.0000 0.1795 77.5731 50.0000 30.3768 37.5871 60.6798
15024.0000 0.1742 77.5445 50.0000 30.4000 37.9214 60.4232
15025.0000 0.1678 77.3940 50.0000 30.5573 38.0947 60.0407
15026.0000 0.1683 77.5580 50.0000 30.6324 38.1292 60.1918
15027.0000 0.1687 77.8220 50.0000 30.7916 38.1774 60.4205
15028.0000 0.1682 77.6845 50.0000 30.6319 38.2485 60.2795
15029.0000 0.1655 77.4117 50.0000 30.5023 38.3326 59.9399
15030.0000 0.1706 77.6829 50.0000 30.2797 38.4210 60.3456
15031.0000 0.1662 77.4498 50.0000 30.5337 38.2834 60.0045
15032.0000 0.1701 77.7042 50.0000 30.5335 38.2241 60.3703
15033.0000 0.1685 77.5138 50.0000 30.4215 38.2822 60.1448
15034.0000 0.1638 77.7565 50.0000 30.9736 38.2938 60.1689
15035.0000 0.1676 77.8941 50.0000 30.7108 38.3960 60.4159
15036.0000 0.1691 77.8969 50.0000 30.8675 38.1390 60.5024
15037.0000 0.1683 77.6666 50.0000 30.9236 37.9335 60.3066
15038.0000 0.1655 77.6536 50.0000 31.1036 37.9475 60.1883
15039.0000 0.1706 77.6531 50.0000 31.0954 37.5858 60.4185
15040.0000 0.1619 77.3691 50.0000 31.2993 37.7676 59.8326
15041.0000 0.1582 77.3216 50.0000 31.6208 37.6720 59.6621
15042.0000 0.1564 77.3559 50.0000 31.4086 38.0465 59.5811
15043.0000 0.1512 77.1620 50.0000 31.3873 38.2831 59.1880
15044.0000 0.1545 77.2684 50.0000 31.7038 37.8153 59.4581
15045.0000 0.1554 77.1583 50.0000 31.4974 37.8560 59.3991
15046.0000 0.1583 77.5429 50.0000 31.6458 37.8387 59.8304
15047.0000 0.1534 77.1845 50.0000 31.4529 38.0777 59.3149
15048.0000 0.1527 77.3200 50.0000 31.4866 38.2129 59.3864
15049.0000 0.1510 77.1724 50.0000 31.2222 38.4796 59.1615
15050.0000 0.1522 77.2502 50.0000 31.3951 38.2836 59.2985
15051.0000 0.1545 76.9760 50.0000 31.2064 38.0503 59.1915
15052.0000 0.1531 77.2291 50.0000 31.4462 38.1455 59.3329
15053.0000 0.1542 77.3076 50.0000 31.2567 38.3231 59.4207
15054.0000 0.1566 77.4729 50.0000 31.5762 37.9744 59.6904
15055.0000 0.1588 77.4289 50.0000 31.6690 37.6721 59.7756
15056.0000 0.1615 77.4360 50.0000 31.0901 38.0652 59.8395
15057.0000 0.1630 77.4277 50.0000 31.0579 37.9806 59.8993
15058.0000 0.1554 77.1846 50.0000 31.1504 38.2296 59.3768
15059.0000 0.1571 77.2736 50.0000 30.8668 38.4692 59.4859
15060.0000 0.1619 77.2913 50.0000 30.7668 38.2308 59.7139
15061.0000 0.1581 77.2645 50.0000 30.8826 38.3664 59.5323
15062.0000 0.1543 77.0478 50.0000 30.7859 38.5569 59.1774
15063.0000 0.1539 77.0059 50.0000 30.9886 38.3443 59.1551
15064.0000 0.1486 76.8852 50.0000 30.9967 38.6291 58.8076
15065.0000 0.1519 77.0851 50.0000 30.7246 38.8384 59.0736
15066.0000 0.1571 77.1949 50.0000 30.7440 38.5245 59.4116
15067.0000 0.1601 77.4624 50.0000 30.9110 38.3680 59.7731
15068.0000 0.1621 77.5120 50.0000 30.6997 38.4797 59.8745
15069.0000 0.1567 77.6805 50.0000 30.8835 38.8460 59.7616
15070.0000 0.1601 77.7571 50.0000 30.9151 38.6278 59.9859
15071.0000 0.1624 77.8134 50.0000 31.0220 38.4004 60.1496
15072.0000 0.1573 77.5050 50.0000 31.1844 38.3457 59.7006
15073.0000 0.1587 77.1741 50.0000 31.0149 38.1084 59.5119
15074.0000 0.1577 77.2716 50.0000 31.1640 38.1193 59.5536
15075.0000 0.1622 77.1195 50.0000 30.7413 38.0770 59.6030
15076.0000 0.1587 77.1456 50.0000 31.1342 37.9670 59.5030
15077.0000 0.1522 76.9794 50.0000 31.1637 38.2722 59.0752
15078.0000 0.1558 77.1692 50.0000 31.0998 38.2405 59.3764
15079.0000 0.1471 77.0084 50.0000 31.3846 38.4587 58.8746
15080.0000 0.1508 77.3381 50.0000 31.3832 38.4824 59.2906
15081.0000 0.1528 77.5725 50.0000 31.3303 38.5944 59.5515
15082.0000 0.1513 77.2536 50.0000 31.6243 38.1218 59.2854
15083.0000 0.1509 77.7278 50.0000 31.5366 38.6731 59.5940
15084.0000 0.1523 77.6325 50.0000 31.2871 38.7294 59.5647
15085.0000 0.1534 77.5408 50.0000 31.3673 38.4807 59.5643
15086.0000 0.1507 77.3980 50.0000 31.4666 38.4563 59.3415
15087.0000 0.1493 77.2615 50.0000 31.0785 38.8369 59.1200
15088.0000 0.1502 77.2297 50.0000 30.9952 38.8231 59.1311
15089.0000 0.1425 77.0384 50.0000 31.6372 38.5832 58.6971
15090.0000 0.1508 77.2669 50.0000 31.2691 38.5292 59.2277
15091.0000 0.1488 77.2980 50.0000 31.4498 38.5312 59.1713
15092.0000 0.1488 77.3575 50.0000 31.6302 38.4031 59.2361
15093.0000 0.1556 77.1357 50.0000 31.3721 37.9489 59.3767
15094.0000 0.1568 76.9067 50.0000 31.2829 37.7412 59.2590
15095.0000 0.1546 76.6570 50.0000 31.1882 37.7751 58.9631
15096.0000 0.1568 76.9170 50.0000 31.1612 37.8737 59.2520
15097.0000 0.1607 77.1033 50.0000 30.8960 38.0194 59.5389
15098.0000 0.1635 76.9291 50.0000 30.7972 37.7561 59.5323
15099.0000 0.1646 76.8753 50.0000 30.5960 37.8297 59.5198
15100.0000 0.1675 76.8395 50.0000 30.6035 37.5822 59.6265
15101.0000 0.1676 76.9102 50.0000 30.5315 37.7096 59.6740
15102.0000 0.1624 76.6568 50.0000 30.4740 37.9139 59.2464
15103.0000 0.1629 76.7562 50.0000 30.5915 37.8537 59.3529
15104.0000 0.1661 76.7065 50.0000 30.6350 37.5294 59.4721
15105.0000 0.1597 76.7248 50.0000 30.6435 38.0045 59.1890
15106.0000 0.1542 76.6626 50.0000 30.8179 38.1850 58.9009
15107.0000 0.1453 76.6926 50.0000 30.7738 38.9334 58.4715
15108.0000 0.1471 76.6744 50.0000 30.9040 38.6444 58.5706
15109.0000 0.1450 76.4043 50.0000 30.9244 38.5408 58.2744
15110.0000 0.1421 76.2438 50.0000 30.8691 38.6703 58.0072
15111.0000 0.1387 76.3949 50.0000 31.2349 38.6989 57.9910
15112.0000 0.1448 76.2276 50.0000 31.0194 38.2978 58.1525
15113.0000 0.1426 76.3508 50.0000 31.3042 38.2890 58.1674
15114.0000 0.1509 76.5891 50.0000 30.9277 38.2513 58.7044
15115.0000 0.1501 76.5913 50.0000 30.7836 38.4668 58.6422
15116.0000 0.1498 76.9089 50.0000 31.1243 38.4328 58.8997
15117.0000 0.1459 76.5486 50.0000 31.1994 38.3197 58.4627
15118.0000 0.1503 76.6861 50.0000 30.8392 38.4790 58.7288
15119.0000 0.1490 76.4995 50.0000 31.0078 38.2338 58.5565
15120.0000 0.1494 76.8529 50.0000 31.2223 38.3057 58.8575
15121.0000 0.1504 76.7307 50.0000 30.8253 38.5285 58.7619
15122.0000 0.1541 76.9211 50.0000 30.9256 38.3145 59.0971
15123.0000 0.1473 76.8294 50.0000 31.2215 38.4501 58.7331
15124.0000 0.1426 76.6736 50.0000 31.3364 38.5486 58.4027
15125.0000 0.1433 76.8469 50.0000 31.3809 38.6093 58.5662
15126.0000 0.1504 76.6222 50.0000 30.9284 38.3232 58.7004
15127.0000 0.1481 76.6639 50.0000 31.2613 38.1952 58.6618
15128.0000 0.1508 76.6347 50.0000 31.1582 38.0672 58.7616
15129.0000 0.1512 76.5919 50.0000 31.0607 38.0971 58.7381
15130.0000 0.1458 76.3805 50.0000 31.2932 38.0804 58.3490
15131.0000 0.1506 76.6802 50.0000 31.3111 37.9710 58.8020
15132.0000 0.1441 76.5695 50.0000 31.3476 38.3264 58.4064
15133.0000 0.1438 76.4157 50.0000 31.1062 38.4591 58.2466
15134.0000 0.1433 76.3231 50.0000 31.0039 38.5142 58.1432
15135.0000 0.1467 76.4464 50.0000 30.9214 38.4495 58.3914
15136.0000 0.1494 76.4231 50.0000 31.0136 38.1317 58.5203
15137.0000 0.1491 76.4169 50.0000 30.8999 38.2655 58.4850
15138.0000 0.1469 76.1098 50.0000 30.6112 38.4407 58.1202
15139.0000 0.1494 76.4699 50.0000 30.3746 38.8234 58.4617
15140.0000 0.1497 76.4920 50.0000 30.4698 38.7250 58.5063
15141.0000 0.1501 76.8223 50.0000 30.6550 38.8073 58.7871
15142.0000 0.1523 76.6258 50.0000 30.5675 38.5483 58.7466
15143.0000 0.1525 76.3358 50.0000 30.2967 38.5407 58.5138
15144.0000 0.1531 76.3858 50.0000 30.2049 38.6350 58.5644
15145.0000 0.1414 76.2965 50.0000 30.6997 38.9500 57.9792
15146.0000 0.1382 76.0301 50.0000 30.9154 38.7339 57.6584
15147.0000 0.1347 75.9390 50.0000 31.0537 38.7805 57.4324
15148.0000 0.1351 75.9451 50.0000 31.3445 38.4509 57.5040
15149.0000 0.1410 76.3053 50.0000 31.0635 38.6172 58.0195
15150.0000 0.1405 76.2322 50.0000 31.0579 38.5938 57.9420
15151.0000 0.1359 76.0667 50.0000 31.1953 38.6550 57.6089
15152.0000 0.1380 76.0549 50.0000 30.9729 38.7125 57.6747
15153.0000 0.1378 75.9093 50.0000 30.7090 38.8657 57.5207
15154.0000 0.1405 75.9067 50.0000 30.7625 38.5943 57.6712
15155.0000 0.1438 75.7893 50.0000 30.4678 38.5361 57.7123
15156.0000 0.1454 75.7917 50.0000 30.5294 38.3518 57.8055
15157.0000 0.1415 75.9771 50.0000 30.8610 38.4833 57.7854
15158.0000 0.1402 75.7393 50.0000 30.8282 38.3941 57.5496
15159.0000 0.1416 75.8466 50.0000 31.0419 38.1703 57.7247
15160.0000 0.1452 75.8270 50.0000 30.6833 38.2372 57.8463
15161.0000 0.1507 76.0243 50.0000 30.3048 38.3868 58.2046
15162.0000 0.1416 75.6156 50.0000 30.7701 38.2308 57.5268
15163.0000 0.1517 76.0611 50.0000 30.0433 38.6129 58.2386
15164.0000 0.1507 76.2071 50.0000 30.3294 38.5328 58.3342
15165.0000 0.1470 76.1484 50.0000 30.7830 38.2977 58.1745
15166.0000 0.1458 76.2282 50.0000 30.8621 38.3795 58.1831
15167.0000 0.1453 76.0865 50.0000 30.8676 38.2795 58.0606
15168.0000 0.1501 76.2338 50.0000 30.7499 38.1701 58.3874
15169.0000 0.1538 76.2361 50.0000 30.2737 38.3795 58.5019
15170.0000 0.1499 75.9435 50.0000 30.2849 38.3953 58.1038
15171.0000 0.1506 76.4447 50.0000 30.5888 38.4942 58.5347
15172.0000 0.1408 75.7903 50.0000 30.6175 38.6147 57.5816
15173.0000 0.1426 76.0702 50.0000 30.5493 38.8046 57.8587
15174.0000 0.1506 76.3150 50.0000 30.7659 38.1933 58.4698
15175.0000 0.1582 76.7170 50.0000 30.7348 38.0208 59.1210
15176.0000 0.1543 76.5094 50.0000 30.6958 38.1633 58.7794
15177.0000 0.1506 76.4483 50.0000 30.9173 38.1625 58.5840
15178.0000 0.1529 76.4109 50.0000 30.7322 38.1420 58.6459
15179.0000 0.1481 76.3268 50.0000 31.0969 38.0572 58.3987
15180.0000 0.1435 76.4472 50.0000 31.1550 38.4620 58.2599
15181.0000 0.1478 76.3737 50.0000 30.8770 38.3487 58.3860
15182.0000 0.1483 76.6077 50.0000 30.9845 38.4108 58.5945
15183.0000 0.1493 76.9051 50.0000 30.8575 38.7331 58.8384
15184.0000 0.1475 77.0204 50.0000 30.7704 39.0678 58.8136
15185.0000 0.1463 76.8693 50.0000 30.8304 38.9657 58.6520
15186.0000 0.1457 76.7310 50.0000 30.8690 38.8457 58.5301
15187.0000 0.1398 76.5415 50.0000 31.0870 38.9019 58.1277
15188.0000 0.1480 76.7244 50.0000 30.8781 38.6489 58.6467
15189.0000 0.1538 76.7416 50.0000 30.6885 38.4153 58.9217
15190.0000 0.1536 77.2809 50.0000 30.8239 38.7823 59.3141
15191.0000 0.1508 77.1125 50.0000 31.1030 38.5567 59.0959
15192.0000 0.1493 76.9767 50.0000 31.1045 38.5520 58.9208
15193.0000 0.1568 77.0518 50.0000 30.6759 38.4817 59.2884
15194.0000 0.1519 76.9389 50.0000 30.8780 38.5494 58.9922
15195.0000 0.1497 76.7585 50.0000 30.9997 38.4275 58.7725
15196.0000 0.1470 76.6816 50.0000 31.3468 38.2124 58.6281
15197.0000 0.1470 76.5165 50.0000 31.3465 38.0609 58.5110
15198.0000 0.1508 76.7126 50.0000 31.0641 38.2390 58.8016
15199.0000 0.1534 76.5423 50.0000 30.9442 38.0063 58.7937
15200.0000 0.1526 76.5750 50.0000 30.9957 38.0465 58.7832
15201.0000 0.1511 76.4832 50.0000 30.9318 38.1399 58.6366
15202.0000 0.1549 76.3855 50.0000 30.7539 37.9489 58.7267
15203.0000 0.1531 76.5478 50.0000 31.2002 37.7734 58.8156
15204.0000 0.1494 76.6607 50.0000 31.2772 38.0817 58.7230
15205.0000 0.1422 76.6774 50.0000 31.5857 38.3335 58.4149
15206.0000 0.1458 76.6612 50.0000 31.2912 38.3366 58.5500
15207.0000 0.1527 76.7532 50.0000 31.1478 38.0428 58.9374
15208.0000 0.1515 76.4918 50.0000 30.9858 38.0646 58.6681
15209.0000 0.1507 76.7213 50.0000 31.3620 37.9460 58.8446
15210.0000 0.1468 76.5027 50.0000 31.4093 37.9980 58.5002
15211.0000 0.1447 76.2589 50.0000 31.3872 37.9547 58.2212
15212.0000 0.1490 76.8278 50.0000 31.5200 38.0111 58.8571
15213.0000 0.1417 76.4521 50.0000 31.5909 38.1553 58.2333
15214.0000 0.1344 76.2195 50.0000 31.9392 38.1477 57.7412
15215.0000 0.1387 76.5708 50.0000 31.9608 38.1191 58.2111
15216.0000 0.1362 76.4712 50.0000 32.0010 38.1829 58.0159
15217.0000 0.1333 76.3423 50.0000 31.9135 38.3794 57.7642
15218.0000 0.1370 76.0613 50.0000 31.7883 37.9513 57.7453
15219.0000 0.1335 76.2286 50.0000 31.8513 38.3186 57.6886
15220.0000 0.1361 76.5325 50.0000 31.7313 38.5201 58.0220
15221.0000 0.1375 76.6210 50.0000 31.8206 38.4047 58.1661
15222.0000 0.1367 76.8957 50.0000 31.8983 38.6382 58.3313
15223.0000 0.1333 76.9083 50.0000 32.3277 38.4753 58.2191
15224.0000 0.1387 77.2108 50.0000 32.2319 38.4363 58.6963
15225.0000 0.1351 77.1560 50.0000 32.5018 38.3874 58.5072
15226.0000 0.1430 76.9422 50.0000 32.0273 38.0624 58.6993
15227.0000 0.1406 77.0420 50.0000 32.1234 38.2376 58.6638
15228.0000 0.1367 77.1225 50.0000 32.8687 37.8518 58.6069
15229.0000 0.1381 77.0809 50.0000 32.5210 38.0659 58.6075
15230.0000 0.1348 76.9812 50.0000 32.2802 38.4785 58.3395
15231.0000 0.1292 76.6414 50.0000 32.4365 38.4431 57.8265
15232.0000 0.1325 76.6533 50.0000 32.3595 38.2692 58.0005
15233.0000 0.1283 76.4064 50.0000 32.3536 38.3836 57.6010
15234.0000 0.1267 76.2130 50.0000 32.0069 38.6908 57.3324
15235.0000 0.1242 76.2138 50.0000 32.3110 38.5750 57.2408
15236.0000 0.1244 76.1318 50.0000 32.3388 38.4481 57.2014
15237.0000 0.1244 75.9391 50.0000 32.5274 38.0757 57.0873
15238.0000 0.1272 76.1945 50.0000 32.7264 37.8850 57.4397
15239.0000 0.1310 76.1719 50.0000 32.2432 38.0614 57.5662
15240.0000 0.1293 76.3178 50.0000 32.2169 38.3619 57.5747
15241.0000 0.1289 76.2491 50.0000 32.1855 38.3618 57.5013
15242.0000 0.1305 76.2238 50.0000 32.1366 38.2552 57.5660
15243.0000 0.1305 76.1650 50.0000 32.1624 38.1782 57.5249
15244.0000 0.1285 75.9288 50.0000 32.1933 38.0787 57.2606
15245.0000 0.1315 76.0216 50.0000 32.1848 37.9407 57.4798
15246.0000 0.1379 76.0152 50.0000 32.0327 37.5947 57.7829
15247.0000 0.1345 76.0595 50.0000 31.9494 37.9795 57.6354
15248.0000 0.1328 75.9744 50.0000 31.8342 38.1570 57.4695
15249.0000 0.1429 76.1949 50.0000 31.7743 37.6429 58.1297
15250.0000 0.1348 75.6976 50.0000 31.5349 38.0490 57.3407
15251.0000 0.1296 75.6936 50.0000 31.8480 38.1327 57.1062
15252.0000 0.1319 75.8095 50.0000 31.6265 38.2835 57.2820
15253.0000 0.1334 75.7784 50.0000 31.5266 38.2410 57.3242
15254.0000 0.1372 75.8665 50.0000 31.2963 38.2666 57.5494
15255.0000 0.1297 75.7187 50.0000 31.6422 38.3622 57.1002
15256.0000 0.1308 75.7497 50.0000 31.8087 38.1298 57.2044
15257.0000 0.1338 76.0317 50.0000 31.8792 38.0844 57.5683
15258.0000 0.1372 76.4350 50.0000 31.9202 38.1540 58.0317
15259.0000 0.1374 76.6405 50.0000 32.1487 38.0936 58.2160
15260.0000 0.1379 76.5780 50.0000 31.8844 38.2690 58.1640
15261.0000 0.1501 76.9681 50.0000 31.5727 38.0081 59.0139
15262.0000 0.1423 76.6909 50.0000 31.7181 38.1988 58.4492
15263.0000 0.1389 76.6313 50.0000 32.2661 37.8436 58.3020
15264.0000 0.1372 76.6637 50.0000 32.4543 37.8185 58.2564
15265.0000 0.1380 76.7871 50.0000 32.2882 38.0379 58.3683
15266.0000 0.1356 76.5067 50.0000 32.4600 37.7907 58.0645
15267.0000 0.1355 76.4388 50.0000 32.0812 38.1247 57.9671
15268.0000 0.1368 76.6272 50.0000 32.1932 38.0809 58.1823
15269.0000 0.1430 76.3882 50.0000 31.9848 37.5927 58.3003
15270.0000 0.1402 76.5734 50.0000 32.2719 37.6886 58.3230
15271.0000 0.1404 76.7318 50.0000 32.0693 38.0241 58.4252
15272.0000 0.1500 77.1378 50.0000 32.0254 37.7075 59.1841
15273.0000 0.1462 76.6925 50.0000 31.8684 37.7503 58.6605
15274.0000 0.1561 77.1097 50.0000 31.6454 37.6097 59.4137
15275.0000 0.1532 76.9982 50.0000 31.4868 37.8852 59.1778
15276.0000 0.1570 77.5773 50.0000 31.3740 38.2392 59.7635
15277.0000 0.1662 77.6220 50.0000 30.9286 38.0410 60.1788
15278.0000 0.1743 77.8927 50.0000 30.6904 37.9314 60.7172
15279.0000 0.1657 77.6951 50.0000 31.1387 37.9397 60.2286
15280.0000 0.1732 77.7118 50.0000 31.0068 37.5424 60.5662
15281.0000 0.1690 77.2494 50.0000 30.9178 37.5233 60.0296
15282.0000 0.1744 77.6096 50.0000 30.7199 37.6478 60.5160
15283.0000 0.1814 77.6300 50.0000 30.6742 37.2145 60.8325
15284.0000 0.1786 77.8127 50.0000 30.4982 37.7418 60.8296
15285.0000 0.1805 77.9406 50.0000 30.4185 37.8004 60.9965
15286.0000 0.1795 78.0891 50.0000 30.5466 37.8755 61.0759
15287.0000 0.1802 77.6692 50.0000 30.7208 37.2854 60.8155
15288.0000 0.1787 77.5939 50.0000 30.8298 37.2171 60.7061
15289.0000 0.1787 77.8040 50.0000 30.5985 37.6283 60.8384
15290.0000 0.1843 77.8751 50.0000 30.6533 37.2432 61.1379
15291.0000 0.1814 77.7657 50.0000 30.7454 37.2599 60.9420
15292.0000 0.1763 77.7691 50.0000 30.9323 37.4434 60.7390
15293.0000 0.1727 77.6830 50.0000 31.3171 37.2410 60.5558
15294.0000 0.1706 77.4793 50.0000 31.1001 37.4272 60.2912
15295.0000 0.1707 77.5441 50.0000 31.3175 37.2639 60.3631
15296.0000 0.1711 77.4824 50.0000 31.2638 37.2354 60.3293
15297.0000 0.1674 77.4605 50.0000 31.4926 37.2487 60.1737
15298.0000 0.1681 77.4832 50.0000 31.4400 37.2743 60.2146
15299.0000 0.1633 77.2248 50.0000 31.7020 37.1277 59.8347
15300.0000 0.1597 77.1558 50.0000 31.8417 37.1918 59.6313
15301.0000 0.1643 77.4497 50.0000 31.6395 37.3216 60.0374
15302.0000 0.1649 77.6995 50.0000 31.8847 37.2521 60.2733
15303.0000 0.1640 77.6974 50.0000 31.7206 37.4825 60.2142
15304.0000 0.1629 77.7148 50.0000 31.7733 37.5233 60.1835
15305.0000 0.1649 77.8000 50.0000 31.6230 37.6054 60.3213
15306.0000 0.1613 77.5414 50.0000 31.7135 37.5508 59.9738
15307.0000 0.1647 77.3568 50.0000 31.3927 37.4532 59.9653
15308.0000 0.1633 77.6443 50.0000 31.7701 37.4351 60.1491
15309.0000 0.1587 77.5507 50.0000 31.9470 37.5102 59.8873
15310.0000 0.1588 77.5007 50.0000 31.8563 37.5489 59.8467
15311.0000 0.1569 77.4127 50.0000 31.8194 37.6527 59.6869
15312.0000 0.1562 77.7314 50.0000 32.1403 37.6672 59.9195
15313.0000 0.1539 77.5306 50.0000 31.9894 37.8066 59.6518
15314.0000 0.1542 77.5584 50.0000 32.2770 37.5225 59.7124
15315.0000 0.1572 77.8789 50.0000 32.0000 37.8662 60.0606
15316.0000 0.1498 77.7338 50.0000 31.7293 38.5653 59.5694
15317.0000 0.1473 77.6408 50.0000 31.6676 38.7372 59.3690
15318.0000 0.1476 77.5034 50.0000 31.8677 38.3820 59.3131
15319.0000 0.1562 78.1039 50.0000 31.8406 38.3028 60.1605
15320.0000 0.1569 77.8154 50.0000 31.7171 38.1141 59.9715
15321.0000 0.1597 78.0134 50.0000 31.9095 37.8893 60.2685
15322.0000 0.1576 77.8761 50.0000 31.8214 38.0123 60.0595
15323.0000 0.1586 77.4395 50.0000 31.2108 38.1576 59.7223
15324.0000 0.1571 77.3422 50.0000 31.4909 37.9029 59.6114
15325.0000 0.1602 77.4805 50.0000 31.6395 37.6474 59.8735
15326.0000 0.1552 77.4328 50.0000 31.6788 37.9377 59.6073
15327.0000 0.1527 77.4165 50.0000 31.6841 38.1065 59.4755
15328.0000 0.1546 77.1586 50.0000 31.4918 37.9197 59.3616
15329.0000 0.1560 76.9071 50.0000 31.4716 37.6087 59.2437
15330.0000 0.1574 76.9789 50.0000 31.5055 37.5358 59.3650
15331.0000 0.1662 77.2399 50.0000 31.3203 37.3134 59.9395
15332.0000 0.1719 77.3212 50.0000 31.2171 37.0818 60.2412
15333.0000 0.1687 77.1002 50.0000 31.3456 36.9834 59.9509
15334.0000 0.1454 75.2583 49.0000 31.1964 37.1835 57.5151
15335.0000 0.1538 76.7547 50.0000 31.6925 37.4177 59.0490
15336.0000 0.1565 76.8325 50.0000 31.5903 37.3894 59.2227
15337.0000 0.1533 76.6092 50.0000 31.6221 37.3885 58.9161
15338.0000 0.1535 76.5133 50.0000 31.5021 37.4075 58.8437
15339.0000 0.1534 76.6835 50.0000 31.7338 37.3357 58.9861
15340.0000 0.1415 76.4046 50.0000 32.1874 37.5144 58.2607
15341.0000 0.1490 76.5507 50.0000 31.9697 37.3032 58.7063
15342.0000 0.1430 76.2157 50.0000 32.1053 37.3112 58.1889
15343.0000 0.1441 76.2375 50.0000 32.1229 37.2338 58.2574
15344.0000 0.1461 76.3936 50.0000 32.0452 37.3079 58.4569
15345.0000 0.1496 76.7064 50.0000 31.9586 37.4155 58.8438
15346.0000 0.1542 76.6821 50.0000 31.9011 37.1088 59.0372
15347.0000 0.1541 76.7290 50.0000 32.4980 36.5576 59.1165
15348.0000 0.1526 76.6138 50.0000 32.5731 36.4920 58.9661
15349.0000 0.1479 76.8300 50.0000 32.5618 37.0419 58.9108
15350.0000 0.1484 76.7751 50.0000 32.2217 37.2975 58.8649
15351.0000 0.1451 76.7578 50.0000 32.4163 37.3400 58.7084
15352.0000 0.1532 77.1163 50.0000 32.3876 37.0825 59.3537
15353.0000 0.1604 77.5325 50.0000 32.3187 36.9984 59.9826
15354.0000 0.1627 77.3937 50.0000 32.2637 36.7610 59.9789
15355.0000 0.1396 74.6266 49.0000 31.5017 36.7214 56.8181
15356.0000 0.1579 77.3942 50.0000 32.3500 37.0285 59.7682
15357.0000 0.1658 77.5804 50.0000 32.1267 36.8424 60.2432
15358.0000 0.1588 77.2227 50.0000 32.7292 36.4296 59.7079
15359.0000 0.1573 77.3730 50.0000 32.5207 36.8824 59.7384
15360.0000 0.1640 77.1206 50.0000 32.1495 36.5391 59.8238
15361.0000 0.1593 76.8827 50.0000 32.2080 36.6103 59.4414
15362.0000 0.1534 77.0562 50.0000 32.9115 36.4888 59.3554
15363.0000 0.1456 74.5334 49.0000 30.8581 36.8473 56.9674
15364.0000 0.1475 74.3871 49.0000 30.8980 36.5296 56.9592
15365.0000 0.1625 77.3134 50.0000 32.5888 36.3826 59.9303
15366.0000 0.1710 77.6716 50.0000 32.6711 36.0089 60.5710
15367.0000 0.1687 77.6496 50.0000 32.5283 36.2947 60.4488
15368.0000 0.1693 77.3509 50.0000 31.9049 36.6074 60.2090
15369.0000 0.1667 77.0673 50.0000 32.1033 36.3474 59.8967
15370.0000 0.1624 76.9804 50.0000 32.2107 36.4707 59.6517
15371.0000 0.1644 77.1818 50.0000 32.1546 36.5605 59.8869
15372.0000 0.1660 77.2885 50.0000 32.4268 36.2692 60.0547
15373.0000 0.1708 77.2874 50.0000 32.1912 36.1598 60.2456
15374.0000 0.1669 77.2741 50.0000 32.3619 36.2550 60.0797
15375.0000 0.1709 77.6047 50.0000 32.7258 35.9002 60.5201
15376.0000 0.1750 77.7616 50.0000 32.6270 35.8513 60.8032
15377.0000 0.1697 77.2900 50.0000 32.3293 36.1044 60.2083
15378.0000 0.1547 74.8152 49.0000 30.8126 36.4849 57.5913
15379.0000 0.1481 74.8894 49.0000 31.0913 36.7509 57.3684
15380.0000 0.1589 77.0179 50.0000 32.6596 36.3037 59.5580
15381.0000 0.1596 77.1200 50.0000 32.8124 36.1936 59.6730
15382.0000 0.1662 77.3784 50.0000 32.5723 36.1906 60.1391
15383.0000 0.1666 77.6261 50.0000 32.7254 36.2277 60.3524
15384.0000 0.1599 77.5677 50.0000 32.7300 36.6545 60.0162
15385.0000 0.1637 77.8376 50.0000 32.6104 36.7430 60.3755
15386.0000 0.1640 77.8467 50.0000 32.3672 36.9660 60.3820
15387.0000 0.1482 75.4733 49.0000 31.2644 37.0964 57.8154
15388.0000 0.1488 75.2174 49.0000 31.1609 36.9296 57.6442
15389.0000 0.1453 75.4415 49.0000 31.3341 37.2134 57.6607
15390.0000 0.1443 74.9386 49.0000 31.2081 36.9573 57.2364
15391.0000 0.1368 74.8096 49.0000 31.5164 37.0896 56.8116
15392.0000 0.1530 76.8970 50.0000 32.4762 36.8115 59.1892
15393.0000 0.1325 74.6601 49.0000 31.3968 37.4029 56.4747
15394.0000 0.1313 74.5907 49.0000 31.4567 37.3654 56.3744
15395.0000 0.1262 74.5157 49.0000 31.6148 37.5282 56.0779
15396.0000 0.1236 74.4621 49.0000 31.9164 37.3725 55.9396
15397.0000 0.1321 74.9105 49.0000 31.7202 37.3302 56.6734
15398.0000 0.1322 75.0668 49.0000 31.7605 37.4258 56.7943
15399.0000 0.1307 74.8532 49.0000 31.6807 37.4269 56.5558
15400.0000 0.1286 74.9028 49.0000 31.6030 37.7197 56.4703
15401.0000 0.1284 74.9136 49.0000 31.5322 37.8189 56.4580
15402.0000 0.1282 74.7177 49.0000 31.4835 37.6977 56.3064
15403.0000 0.1546 77.2703 50.0000 32.1767 37.3300 59.5133
15404.0000 0.1262 74.7902 49.0000 31.8313 37.5692 56.2929
15405.0000 0.1280 74.9055 49.0000 31.8517 37.5127 56.4721
15406.0000 0.1522 77.3369 50.0000 32.4755 37.2739 59.4726
15407.0000 0.1291 74.7416 49.0000 31.6004 37.5284 56.3857
15408.0000 0.1322 74.8653 49.0000 31.4981 37.5148 56.6156
15409.0000 0.1352 74.9619 49.0000 31.4573 37.4096 56.8353
15410.0000 0.1391 75.1774 49.0000 31.4475 37.3207 57.1826
15411.0000 0.1418 75.3346 49.0000 31.2761 37.4361 57.4076
15412.0000 0.1352 75.0547 49.0000 31.3260 37.6315 56.8838
15413.0000 0.1334 74.9766 49.0000 31.2514 37.7785 56.7241
15414.0000 0.1362 75.0723 49.0000 31.2947 37.6059 56.9411
15415.0000 0.1282 74.7628 49.0000 31.2708 37.9688 56.3026
15416.0000 0.1252 74.8968 49.0000 31.7738 37.8053 56.3092
15417.0000 0.1309 75.1331 49.0000 31.7486 37.6072 56.7689
15418.0000 0.1577 77.6471 50.0000 31.8653 37.7550 59.9019
15419.0000 0.1284 74.9646 49.0000 31.1092 38.3078 56.4306
15420.0000 0.1275 74.9986 49.0000 31.2001 38.3154 56.4205
15421.0000 0.1463 77.0875 50.0000 32.3818 37.5827 59.0037
15422.0000 0.1554 77.2929 50.0000 32.2400 37.2319 59.5698
15423.0000 0.1562 77.3311 50.0000 32.1868 37.2619 59.6293
15424.0000 0.1548 77.5214 50.0000 32.1717 37.5476 59.7053
15425.0000 0.1389 75.6650 49.0000 31.3791 37.8573 57.5098
15426.0000 0.1591 77.4691 50.0000 31.9166 37.4385 59.8428
15427.0000 0.1631 78.0922 50.0000 32.1720 37.4477 60.5064
15428.0000 0.1564 77.9156 50.0000 32.3222 37.6315 60.0832
15429.0000 0.1598 78.0644 50.0000 32.2040 37.6351 60.3370
15430.0000 0.1549 78.2159 50.0000 32.2454 38.0966 60.2214
15431.0000 0.1602 78.4369 50.0000 32.2500 37.8957 60.6317
15432.0000 0.1550 78.2411 50.0000 32.6431 37.7076 60.2846
15433.0000 0.1556 78.2753 50.0000 32.6574 37.6845 60.3357
15434.0000 0.1616 78.3733 50.0000 32.2969 37.6842 60.6563
15435.0000 0.1623 78.3907 50.0000 32.3800 37.5660 60.7078
15436.0000 0.1633 78.3093 50.0000 32.3901 37.4073 60.6952
15437.0000 0.1636 78.6082 50.0000 32.3208 37.7227 60.9230
15438.0000 0.1628 78.9526 50.0000 32.4757 37.9366 61.1527
15439.0000 0.1304 76.0381 49.0000 31.8309 38.4058 57.3898
15440.0000 0.1581 78.7480 50.0000 32.3522 38.2255 60.7733
15441.0000 0.1620 78.9263 50.0000 31.9733 38.4690 61.0509
15442.0000 0.1626 79.0411 50.0000 32.0369 38.4690 61.1659
15443.0000 0.1580 79.0174 50.0000 32.0709 38.7582 60.9345
15444.0000 0.1596 79.0738 50.0000 31.7098 39.0459 61.0128
15445.0000 0.1564 79.2833 50.0000 31.6115 39.5785 60.9926
15446.0000 0.1317 76.8854 49.0000 31.3570 39.5967 57.9672
15447.0000 0.1581 79.0943 50.0000 31.4403 39.4537 60.9165
15448.0000 0.1611 78.8606 50.0000 31.2731 39.1810 60.8755
15449.0000 0.1692 79.3676 50.0000 31.3090 38.9914 61.6330
15450.0000 0.1660 79.3637 50.0000 31.3606 39.1703 61.4882
15451.0000 0.1377 76.6844 49.0000 31.3487 38.9344 58.1538
15452.0000 0.1299 76.4320 49.0000 31.6195 39.0382 57.6028
15453.0000 0.1737 79.2500 50.0000 31.2155 38.6476 61.7456
15454.0000 0.1398 76.5008 49.0000 31.0927 38.8600 58.0992
15455.0000 0.1403 76.5342 49.0000 31.0502 38.8943 58.1430
15456.0000 0.1382 76.6518 49.0000 31.1300 39.0910 58.1232
15457.0000 0.1354 76.6018 49.0000 31.3222 39.0657 57.9709
15458.0000 0.1381 76.4912 49.0000 31.2382 38.8365 58.0242
15459.0000 0.1397 76.3791 49.0000 30.7381 39.1229 57.9512
15460.0000 0.1432 76.6030 49.0000 30.8238 38.9641 58.3071
15461.0000 0.1455 76.6086 49.0000 30.8356 38.7800 58.4309
15462.0000 0.1458 76.4399 49.0000 30.6094 38.8343 58.2925
15463.0000 0.1799 79.5585 50.0000 31.1707 38.5078 62.2502
15464.0000 0.1787 79.2396 50.0000 31.5244 37.9689 61.9958
15465.0000 0.1765 79.1967 50.0000 31.5861 38.0326 61.8705
15466.0000 0.1694 79.2057 50.0000 32.0747 38.0694 61.6075
15467.0000 0.1671 79.3613 50.0000 32.0575 38.3953 61.6144
15468.0000 0.1722 79.2481 50.0000 31.9291 38.0511 61.7488
15469.0000 0.1697 79.0308 50.0000 31.5692 38.3942 61.4422
15470.0000 0.1425 76.5905 49.0000 31.5605 38.2534 58.3671
15471.0000 0.1738 79.6932 50.0000 31.9156 38.3387 62.1494
15472.0000 0.1458 77.0405 49.0000 31.6109 38.3638 58.8575
15473.0000 0.1821 80.1640 50.0000 31.8188 38.2403 62.8610
15474.0000 0.1721 79.4536 50.0000 31.8522 38.3116 61.8913
15475.0000 0.1730 79.8941 50.0000 32.0395 38.4442 62.2783
15476.0000 0.1773 79.9789 50.0000 31.7241 38.5206 62.5010
15477.0000 0.1784 79.9693 50.0000 31.6982 38.4516 62.5443
15478.0000 0.1789 80.0913 50.0000 31.4174 38.7991 62.6274
15479.0000 0.1802 80.2564 50.0000 31.7508 38.5203 62.8423
15480.0000 0.1740 79.6074 50.0000 31.6245 38.5323 62.0684
15481.0000 0.1746 79.4972 50.0000 31.5173 38.5003 62.0015
15482.0000 0.1777 79.2905 50.0000 31.6812 37.9335 62.0027
15483.0000 0.1748 79.4728 50.0000 32.1707 37.8177 62.0548
15484.0000 0.1688 79.3582 50.0000 32.4723 37.8528 61.7288
15485.0000 0.1687 79.1542 50.0000 32.1834 37.9674 61.5475
15486.0000 0.1712 79.3907 50.0000 32.2133 37.9662 61.8365
15487.0000 0.1736 79.4445 50.0000 32.1930 37.8589 61.9819
15488.0000 0.1785 79.7713 50.0000 31.8555 38.1192 62.4149
15489.0000 0.1468 77.1381 49.0000 31.4242 38.5626 58.9553
15490.0000 0.1757 79.6315 50.0000 31.8021 38.2541 62.1806
15491.0000 0.1776 79.5419 50.0000 31.8555 37.9879 62.2017
15492.0000 0.1748 79.2722 50.0000 31.8062 38.0013 61.8737
15493.0000 0.1799 79.1373 50.0000 31.5606 37.7561 61.9767
15494.0000 0.1732 79.1116 50.0000 31.7827 37.9963 61.6829
15495.0000 0.1759 79.5876 50.0000 32.2252 37.7800 62.1964
15496.0000 0.1800 79.4709 50.0000 31.8226 37.7846 62.2516
15497.0000 0.1774 79.2193 50.0000 31.5987 37.9746 61.9286
15498.0000 0.1678 78.8593 50.0000 31.4721 38.4838 61.2152
15499.0000 0.1708 78.8625 50.0000 31.1500 38.5863 61.3195
15500.0000 0.1700 78.5346 50.0000 31.3239 38.1795 61.0641
15501.0000 0.1769 78.9177 50.0000 30.9955 38.3372 61.6242
15502.0000 0.1744 79.1311 50.0000 30.9655 38.7364 61.6633
15503.0000 0.1793 79.2863 50.0000 30.9564 38.5264 61.9979
15504.0000 0.1809 79.3169 50.0000 30.7943 38.5963 62.0742
15505.0000 0.1756 78.7605 50.0000 31.0656 38.2256 61.4569
15506.0000 0.1732 79.0302 50.0000 31.4348 38.2713 61.5868
15507.0000 0.1738 79.2013 50.0000 31.3519 38.4606 61.7308
15508.0000 0.1732 78.9044 50.0000 31.3571 38.2372 61.4863
15509.0000 0.1689 78.9506 50.0000 31.3370 38.6180 61.3175
15510.0000 0.1646 78.9006 50.0000 31.5724 38.6550 61.1087
15511.0000 0.1642 79.1763 50.0000 31.6859 38.8175 61.3033
15512.0000 0.1625 79.5417 50.0000 31.7708 39.1840 61.4989
15513.0000 0.1437 76.9520 49.0000 31.5717 38.4792 58.6872
15514.0000 0.1435 76.7485 49.0000 31.1057 38.7842 58.4684
15515.0000 0.1788 79.4967 50.0000 31.0823 38.6181 62.1471
15516.0000 0.1673 79.6226 50.0000 31.5586 39.1103 61.7592
15517.0000 0.1727 79.6153 50.0000 31.3085 38.9464 61.9803
15518.0000 0.1725 79.5932 50.0000 31.4063 38.8444 61.9665
15519.0000 0.1692 79.6565 50.0000 31.0172 39.5322 61.8086
15520.0000 0.1652 79.2143 50.0000 31.1069 39.3541 61.3068
15521.0000 0.1640 79.1208 50.0000 31.3524 39.1197 61.2108
15522.0000 0.1609 78.9814 50.0000 31.3548 39.2236 60.9626
15523.0000 0.1624 78.7746 50.0000 31.6085 38.6731 60.9157
15524.0000 0.1592 78.7855 50.0000 31.6015 38.9282 60.7708
15525.0000 0.1570 78.7895 50.0000 31.4653 39.2343 60.6497
15526.0000 0.1522 78.4615 50.0000 31.6200 39.1541 60.1942
15527.0000 0.1602 78.5665 50.0000 31.3127 38.9515 60.6217
15528.0000 0.1612 78.5742 50.0000 31.5579 38.6304 60.7099
15529.0000 0.1507 78.0796 50.0000 31.6762 38.8672 59.8530
15530.0000 0.1568 78.1224 50.0000 31.4237 38.6920 60.1547
15531.0000 0.1554 77.8009 50.0000 31.6953 38.2398 59.8841
15532.0000 0.1501 77.8179 50.0000 31.8900 38.4538 59.6654
15533.0000 0.1544 78.0675 50.0000 31.3892 38.8602 59.9928
15534.0000 0.1458 77.9479 50.0000 31.5129 39.2895 59.4907
15535.0000 0.1439 77.6682 50.0000 31.3637 39.3405 59.1692
15536.0000 0.1496 77.8151 50.0000 31.1074 39.2852 59.5331
15537.0000 0.1366 77.6243 50.0000 31.5838 39.6508 58.7861
15538.0000 0.1330 77.6405 50.0000 31.5942 39.9536 58.5965
15539.0000 0.1406 77.8512 50.0000 31.3821 39.7477 59.1277
15540.0000 0.1485 78.2062 50.0000 31.2893 39.5437 59.7786
15541.0000 0.1492 78.1578 50.0000 31.4056 39.3298 59.7954
15542.0000 0.1523 78.1190 50.0000 31.2120 39.2467 59.9006
15543.0000 0.1445 78.0753 50.0000 31.5363 39.4912 59.5119
15544.0000 0.1437 77.8942 50.0000 31.4877 39.4350 59.3372
15545.0000 0.1411 78.0402 50.0000 32.1094 39.1356 59.3942
15546.0000 0.1457 78.0166 50.0000 31.8308 39.0395 59.5761
15547.0000 0.1498 78.1219 50.0000 32.3139 38.3265 59.9160
15548.0000 0.1428 77.7037 50.0000 31.9364 38.8722 59.2189
15549.0000 0.1403 77.6890 50.0000 31.6797 39.3161 59.0442
15550.0000 0.1383 77.5832 50.0000 31.9276 39.1265 58.8974
15551.0000 0.1376 77.6838 50.0000 32.0771 39.1216 58.9520
15552.0000 0.1319 77.5870 50.0000 32.1430 39.4179 58.5901
15553.0000 0.1378 77.6917 50.0000 31.9266 39.2676 58.9469
15554.0000 0.1391 77.7038 50.0000 32.0743 39.0198 59.0472
15555.0000 0.1433 78.3197 50.0000 31.9293 39.4088 59.6779
15556.0000 0.1458 78.3211 50.0000 32.0207 39.1184 59.8216
15557.0000 0.1345 77.9130 50.0000 32.1028 39.5553 58.9510
15558.0000 0.1351 77.9687 50.0000 32.0654 39.5941 59.0190
15559.0000 0.1366 78.0961 50.0000 32.1598 39.4932 59.2033
15560.0000 0.1370 78.4566 50.0000 31.7939 40.1813 59.4143
15561.0000 0.1430 78.5374 50.0000 31.8038 39.7558 59.8007
15562.0000 0.1442 78.4578 50.0000 31.6666 39.7333 59.7839
15563.0000 0.1439 78.6551 50.0000 31.5257 40.0835 59.8839
15564.0000 0.1467 78.8778 50.0000 31.9672 39.6127 60.2548
15565.0000 0.1458 78.7657 50.0000 32.0620 39.4795 60.1450
15566.0000 0.1492 78.6334 50.0000 31.8258 39.3340 60.1927
15567.0000 0.1467 78.5612 50.0000 31.9213 39.3701 60.0241
15568.0000 0.1524 78.9657 50.0000 32.0752 39.1325 60.6251
15569.0000 0.1520 78.6521 50.0000 31.8697 39.0932 60.3506
15570.0000 0.1566 78.8022 50.0000 31.9052 38.8397 60.6904
15571.0000 0.1554 79.0023 50.0000 31.9356 39.0777 60.7817
15572.0000 0.1528 78.6526 50.0000 31.9743 38.9260 60.4041
15573.0000 0.1480 78.6710 50.0000 32.1599 39.1240 60.2011
15574.0000 0.1508 78.7291 50.0000 32.2288 38.8847 60.3950
15575.0000 0.1474 78.5391 50.0000 32.2432 38.9660 60.0867
15576.0000 0.1475 78.3831 50.0000 32.4625 38.5900 60.0076
15577.0000 0.1462 78.0653 50.0000 32.4732 38.3930 59.7131
15578.0000 0.1431 77.8855 50.0000 32.4395 38.5025 59.4254
15579.0000 0.1401 77.9682 50.0000 32.8658 38.3710 59.3847
15580.0000 0.1420 78.1831 50.0000 32.7287 38.5640 59.6176
15581.0000 0.1242 75.9466 49.0000 32.6437 37.9761 57.0973
15582.0000 0.1283 75.9102 49.0000 32.2955 37.9717 57.2495
15583.0000 0.1321 75.8994 49.0000 31.9536 38.0145 57.3985
15584.0000 0.1302 75.8780 49.0000 31.9699 38.1324 57.2827
15585.0000 0.1319 75.7175 49.0000 31.8808 37.9336 57.2521
15586.0000 0.1397 75.7699 49.0000 31.5990 37.6693 57.6507
15587.0000 0.1406 76.1273 49.0000 31.5536 37.9818 57.9407
15588.0000 0.1376 75.8661 49.0000 31.9746 37.5350 57.6578
15589.0000 0.1336 75.9096 49.0000 32.2909 37.5589 57.5230
15590.0000 0.1368 75.9829 49.0000 32.0539 37.6233 57.7098
15591.0000 0.1334 75.9406 49.0000 32.2348 37.6653 57.5258
15592.0000 0.1613 78.8017 50.0000 32.3486 38.0378 60.9622
15593.0000 0.1378 76.2531 49.0000 32.2022 37.6462 57.9682
15594.0000 0.1532 78.7656 50.0000 32.3469 38.6164 60.5515
15595.0000 0.1470 78.6101 50.0000 32.6872 38.6061 60.1720
15596.0000 0.1375 78.2846 50.0000 33.0848 38.6515 59.4973
15597.0000 0.1405 78.0533 50.0000 32.7152 38.5725 59.4491
15598.0000 0.1314 77.9532 50.0000 33.0800 38.8300 58.9461
15599.0000 0.1329 77.8637 50.0000 32.8907 38.8236 58.9380
15600.0000 0.1408 78.1410 50.0000 32.7487 38.5979 59.5293
15601.0000 0.1408 78.1985 50.0000 32.8144 38.5841 59.5776
15602.0000 0.1427 78.1614 50.0000 32.9661 38.2493 59.6609
15603.0000 0.1392 78.2932 50.0000 32.9725 38.6362 59.5809
15604.0000 0.1423 78.1314 50.0000 32.8867 38.3311 59.6130
15605.0000 0.1445 78.1356 50.0000 32.7000 38.3554 59.7055
15606.0000 0.1448 78.1406 50.0000 32.6693 38.3694 59.7199
15607.0000 0.1412 78.4814 50.0000 33.0664 38.5543 59.8289
15608.0000 0.1480 78.4353 50.0000 32.9006 38.1602 60.1120
15609.0000 0.1433 78.1339 50.0000 32.8006 38.3472 59.6534
15610.0000 0.1453 78.4443 50.0000 32.5946 38.6843 59.9552
15611.0000 0.1392 78.0791 50.0000 32.7176 38.6972 59.4006
15612.0000 0.1399 77.8839 50.0000 32.5276 38.6554 59.2758
15613.0000 0.1356 77.6753 50.0000 32.9400 38.3818 58.9513
15614.0000 0.1387 77.7835 50.0000 32.6100 38.5730 59.1522
15615.0000 0.1417 77.5160 50.0000 32.4421 38.2662 59.0926
15616.0000 0.1416 77.3567 50.0000 32.4044 38.1660 58.9692
15617.0000 0.1364 77.5463 50.0000 32.5185 38.6310 58.8526
15618.0000 0.1420 78.0200 50.0000 32.3004 38.8482 59.4527
15619.0000 0.1438 77.7895 50.0000 32.6303 38.1619 59.4150
15620.0000 0.1486 77.9538 50.0000 32.3765 38.2019 59.7425
15621.0000 0.1420 77.7357 50.0000 32.7648 38.1155 59.3002
15622.0000 0.1468 77.6742 50.0000 32.6760 37.7793 59.4834
15623.0000 0.1445 77.6691 50.0000 32.5783 38.0522 59.3564
15624.0000 0.1451 77.7182 50.0000 32.7159 37.9144 59.4331
15625.0000 0.1405 77.6842 50.0000 32.5088 38.4477 59.1591
15626.0000 0.1458 77.7969 50.0000 32.3195 38.3343 59.4835
15627.0000 0.1437 77.6231 50.0000 32.4101 38.2403 59.2672
15628.0000 0.1469 77.4650 50.0000 32.4695 37.7886 59.3177
15629.0000 0.1486 77.6373 50.0000 32.5691 37.7170 59.5334
15630.0000 0.1517 77.6040 50.0000 32.2418 37.7884 59.6229
15631.0000 0.1589 77.9231 50.0000 32.1349 37.6414 60.1871
15632.0000 0.1557 77.8539 50.0000 32.3150 37.6401 60.0016
15633.0000 0.1568 77.6910 50.0000 32.6317 37.0901 59.9616
15634.0000 0.1610 77.9844 50.0000 32.2864 37.3908 60.3414
15635.0000 0.1570 77.8946 50.0000 32.4870 37.4038 60.1092
15636.0000 0.1630 78.1566 50.0000 32.2481 37.4341 60.5574
15637.0000 0.1673 78.1835 50.0000 32.2316 37.1641 60.7669
15638.0000 0.1614 77.9610 50.0000 32.5144 37.1157 60.3586
15639.0000 0.1630 77.6650 50.0000 32.2255 37.0216 60.1895
15640.0000 0.1615 77.6217 50.0000 32.2040 37.1162 60.0867
15641.0000 0.1552 77.3746 50.0000 32.1126 37.4506 59.6075
15642.0000 0.1532 77.3852 50.0000 32.3336 37.3858 59.5425
15643.0000 0.1575 77.6541 50.0000 31.9451 37.6999 59.9032
15644.0000 0.1489 77.3018 50.0000 32.3054 37.6612 59.2753
15645.0000 0.1463 77.3117 50.0000 32.8246 37.3355 59.2089
15646.0000 0.1423 77.3513 50.0000 32.9299 37.5732 59.0517
15647.0000 0.1419 77.3198 50.0000 33.1537 37.3487 59.0276
15648.0000 0.1401 77.3197 50.0000 33.0184 37.6255 58.9274
15649.0000 0.1320 76.9788 50.0000 33.4160 37.5335 58.3124
15650.0000 0.1330 77.2226 50.0000 33.5017 37.5887 58.5496
15651.0000 0.1303 76.9294 50.0000 33.5399 37.4889 58.2047
15652.0000 0.1284 77.1566 50.0000 33.4623 37.9347 58.2612
15653.0000 0.1323 77.2352 50.0000 33.6209 37.5387 58.5300
15654.0000 0.1311 77.2585 50.0000 33.4907 37.7854 58.4766
15655.0000 0.1279 77.0282 50.0000 33.4995 37.8179 58.1458
15656.0000 0.1279 77.2063 50.0000 33.5676 37.9126 58.2808
15657.0000 0.1264 77.0873 50.0000 33.6958 37.7886 58.1297
15658.0000 0.1253 76.9045 50.0000 33.4154 37.9918 57.9167
15659.0000 0.1287 77.1836 50.0000 33.4138 37.9826 58.2937
15660.0000 0.1317 77.3818 50.0000 33.3238 38.0234 58.5807
15661.0000 0.1302 77.3506 50.0000 33.2261 38.2157 58.4697
15662.0000 0.1384 77.7276 50.0000 33.0246 38.1270 59.1378
15663.0000 0.1361 77.6037 50.0000 32.7845 38.4367 58.9078
15664.0000 0.1284 77.4021 50.0000 33.0354 38.6026 58.3918
15665.0000 0.1170 75.6830 49.0000 33.0473 37.8889 56.5705
15666.0000 0.1380 77.4596 50.0000 32.7078 38.2342 58.8926
15667.0000 0.1505 78.0572 50.0000 32.3805 38.1457 59.9111
15668.0000 0.1339 76.0777 49.0000 32.5114 37.4669 57.6806
15669.0000 0.1493 77.8364 50.0000 32.5337 37.8816 59.7081
15670.0000 0.1204 75.4398 49.0000 33.1524 37.2716 56.5942
15671.0000 0.1426 77.4854 50.0000 32.7832 37.8216 59.1504
15672.0000 0.1334 77.3060 50.0000 33.1440 38.0012 58.5970
15673.0000 0.1388 77.3981 50.0000 33.2136 37.5963 58.9393
15674.0000 0.1309 77.0134 50.0000 33.2196 37.8488 58.2665
15675.0000 0.1319 76.8527 50.0000 33.2990 37.5430 58.2069
15676.0000 0.1392 77.2848 50.0000 33.3352 37.3369 58.8869
15677.0000 0.1367 77.1381 50.0000 33.2983 37.4300 58.6558
15678.0000 0.1414 77.4345 50.0000 33.2888 37.3570 59.0966
15679.0000 0.1388 77.2307 50.0000 33.2597 37.3915 58.8239
15680.0000 0.1317 77.0143 50.0000 33.6828 37.3114 58.3484
15681.0000 0.1289 76.6825 50.0000 33.4767 37.4331 57.9507
15682.0000 0.1367 76.8563 50.0000 33.2995 37.1693 58.4506
15683.0000 0.1116 74.5679 49.0000 33.2204 37.0773 55.5161
15684.0000 0.1256 76.7833 50.0000 33.6610 37.5989 57.8699
15685.0000 0.1337 76.7594 50.0000 33.1081 37.5040 58.2178
15686.0000 0.1193 74.7146 49.0000 33.1076 36.7165 56.0184
15687.0000 0.1170 74.7939 49.0000 33.5211 36.5482 55.9883
15688.0000 0.1110 74.5826 49.0000 33.4116 36.9460 55.5088
15689.0000 0.1047 74.5311 49.0000 33.7812 37.0290 55.1595
15690.0000 0.1153 74.4956 49.0000 33.0886 36.8506 55.6486
15691.0000 0.1006 73.6969 48.0000 33.1055 37.2723 54.2774
15692.0000 0.1098 74.4473 49.0000 33.1131 37.2196 55.3228
15693.0000 0.1074 74.1720 49.0000 33.0719 37.1984 54.9910
15694.0000 0.1027 74.1158 49.0000 33.3694 37.2229 54.7183
15695.0000 0.1054 74.4761 49.0000 33.5712 37.1339 55.1428
15696.0000 0.1046 74.3146 49.0000 33.5292 37.0917 54.9787
15697.0000 0.1110 74.2920 49.0000 33.3545 36.7276 55.2979
15698.0000 0.1049 74.1655 49.0000 33.5939 36.8580 54.8950
15699.0000 0.0969 73.8755 49.0000 34.0273 36.7943 54.2763
15700.0000 0.1007 74.2267 49.0000 33.5811 37.2775 54.7020
15701.0000 0.1089 74.5337 49.0000 33.3001 37.1836 55.3512
15702.0000 0.1074 74.3285 49.0000 33.2105 37.2057 55.1137
15703.0000 0.1046 74.2089 49.0000 33.5894 36.9260 54.9108
15704.0000 0.1101 74.6127 49.0000 33.2951 37.1711 55.4690
15705.0000 0.1071 74.6028 49.0000 33.4906 37.1979 55.3198
15706.0000 0.1041 74.3421 49.0000 33.5164 37.1754 54.9672
15707.0000 0.1058 74.1282 49.0000 33.4825 36.8552 54.9146
15708.0000 0.1038 74.3332 49.0000 33.6731 37.0216 54.9631
15709.0000 0.1267 77.4203 50.0000 33.4802 38.2983 58.3628
15710.0000 0.1289 77.3631 50.0000 33.8042 37.7324 58.4687
15711.0000 0.1219 77.3302 50.0000 34.0138 38.0559 58.0928
15712.0000 0.1177 77.2787 50.0000 34.1442 38.2134 57.8438
15713.0000 0.1210 77.3618 50.0000 33.8473 38.3242 58.0556
15714.0000 0.1236 77.3905 50.0000 33.7436 38.2512 58.2023
15715.0000 0.1232 77.2933 50.0000 33.6580 38.2762 58.1062
15716.0000 0.1069 74.8161 49.0000 33.8834 37.0130 55.4924
15717.0000 0.1081 74.9169 49.0000 33.9922 36.9035 55.6345
15718.0000 0.1061 74.7713 49.0000 33.8652 37.0565 55.4140
15719.0000 0.0972 76.0270 49.0000 34.6131 38.2612 55.8401
15720.0000 0.1128 77.4771 50.0000 34.5433 38.3981 57.7499
15721.0000 0.0953 74.5445 49.0000 34.3080 37.2914 54.6735
15722.0000 0.1156 77.1714 50.0000 34.6914 37.7240 57.6961
15723.0000 0.1169 77.4672 50.0000 34.6830 37.8993 57.9819
15724.0000 0.1164 77.2713 50.0000 34.8268 37.6145 57.8196
15725.0000 0.1165 77.0457 50.0000 34.1925 38.0415 57.6173
15726.0000 0.1231 77.2601 50.0000 34.0803 37.8228 58.1128
15727.0000 0.1164 77.1475 50.0000 34.3012 38.0365 57.6923
15728.0000 0.1195 77.2800 50.0000 34.7088 37.4842 57.9865
15729.0000 0.1239 77.6735 50.0000 34.2745 37.9453 58.4686
15730.0000 0.1204 77.4840 50.0000 34.2308 38.0935 58.1457
15731.0000 0.1140 77.7572 50.0000 34.4423 38.6684 58.0057
15732.0000 0.1092 77.7260 50.0000 34.9867 38.4830 57.7609
15733.0000 0.1047 77.5575 50.0000 35.0301 38.6568 57.3909
15734.0000 0.1004 77.3517 50.0000 35.1261 38.7364 56.9994
15735.0000 0.1038 77.1588 50.0000 34.4571 38.9550 56.9974
15736.0000 0.1026 77.2070 50.0000 34.6453 38.9077 56.9808
15737.0000 0.1048 77.2860 50.0000 34.5443 38.8995 57.1545
15738.0000 0.1047 77.3797 50.0000 34.7438 38.7907 57.2342
15739.0000 0.1090 77.5715 50.0000 34.8246 38.5203 57.6262
15740.0000 0.1037 77.3558 50.0000 34.8547 38.7372 57.1708
15741.0000 0.1047 77.5600 50.0000 34.8086 38.8944 57.3685
15742.0000 0.1023 77.5827 50.0000 34.8263 39.1084 57.2428
15743.0000 0.1002 77.4932 50.0000 35.0566 38.9650 57.0786
15744.0000 0.0993 77.6136 50.0000 35.3587 38.8460 57.1368
15745.0000 0.1012 77.8592 50.0000 35.0545 39.2344 57.3925
15746.0000 0.0989 77.4811 50.0000 35.0425 39.0850 56.9886
15747.0000 0.0998 77.6786 50.0000 34.9617 39.2780 57.1741
15748.0000 0.0987 77.5530 50.0000 34.5502 39.6944 56.9658
15749.0000 0.1021 77.5748 50.0000 34.3775 39.5977 57.1670
15750.0000 0.1063 77.5829 50.0000 34.3796 39.2277 57.4312
15751.0000 0.1119 77.7735 50.0000 34.3021 39.0066 57.8841
15752.0000 0.1033 77.8047 50.0000 34.8468 39.2136 57.4593
15753.0000 0.1003 77.6943 50.0000 34.8455 39.3739 57.2004
15754.0000 0.0999 77.6904 50.0000 34.7269 39.5296 57.1600
15755.0000 0.1020 78.1621 50.0000 34.3750 40.1850 57.5573
15756.0000 0.1057 78.0823 50.0000 34.1133 40.0554 57.6949
15757.0000 0.1102 78.0784 50.0000 33.9806 39.7889 57.9518
15758.0000 0.1086 78.2775 50.0000 34.1709 39.9253 58.0146
15759.0000 0.1045 77.9071 50.0000 34.3787 39.7031 57.5438
15760.0000 0.1134 78.1527 50.0000 34.2845 39.2632 58.2307
15761.0000 0.1034 77.7830 50.0000 34.5011 39.5538 57.4053
15762.0000 0.1109 78.1244 50.0000 34.5496 39.1726 58.0970
15763.0000 0.1105 77.8321 50.0000 34.5374 38.9395 57.8681
15764.0000 0.1081 77.7261 50.0000 34.4368 39.1496 57.6434
15765.0000 0.1031 77.6353 50.0000 34.6050 39.3257 57.2994
15766.0000 0.1053 77.6179 50.0000 34.2902 39.4413 57.3856
15767.0000 0.0994 77.4829 50.0000 34.9260 39.1595 57.0115
15768.0000 0.0956 77.2449 50.0000 35.3007 38.8776 56.6495
15769.0000 0.0915 77.4853 50.0000 35.6331 39.1378 56.5906
15770.0000 0.0923 77.5229 50.0000 35.2675 39.4876 56.6280
15771.0000 0.0857 76.9531 50.0000 35.1657 39.6464 55.7971
15772.0000 0.0905 77.1376 50.0000 35.3701 39.1616 56.2631
15773.0000 0.0923 77.0100 50.0000 35.1315 39.1226 56.2649
15774.0000 0.0880 77.0113 50.0000 35.6153 39.0114 56.0393
15775.0000 0.0854 76.8821 50.0000 35.9788 38.7367 55.8198
15776.0000 0.0855 76.8030 50.0000 35.8560 38.7815 55.7588
15777.0000 0.0846 77.0451 50.0000 35.8938 39.0668 55.8692
15778.0000 0.0812 76.6842 50.0000 35.9248 38.9918 55.4032
15779.0000 0.0772 76.5911 50.0000 36.2332 38.9596 55.0953
15780.0000 0.0776 76.8055 50.0000 36.0447 39.3374 55.2488
15781.0000 0.0727 74.8829 49.0000 34.6355 39.3831 53.4490
15782.0000 0.0830 76.6020 50.0000 35.7976 38.8710 55.4567
15783.0000 0.0803 76.8038 50.0000 36.3094 38.7914 55.4588
15784.0000 0.0774 76.6051 50.0000 36.1221 39.0701 55.1096
15785.0000 0.0773 76.5696 50.0000 36.3145 38.8426 55.0946
15786.0000 0.0749 76.1982 50.0000 35.9943 39.0404 54.6481
15787.0000 0.0713 76.1606 50.0000 36.2254 39.1104 54.3923
15788.0000 0.0748 76.0345 50.0000 36.0662 38.8107 54.5362
15789.0000 0.0759 75.9333 50.0000 35.9100 38.7632 54.5322
15790.0000 0.0714 75.8209 50.0000 36.4088 38.5602 54.1878
15791.0000 0.0718 75.9068 50.0000 36.1007 38.9335 54.2474
15792.0000 0.0698 76.0985 50.0000 36.3888 39.0281 54.2554
15793.0000 0.0693 76.0706 50.0000 36.4813 38.9486 54.2113
15794.0000 0.0722 76.0196 50.0000 36.3530 38.7474 54.3698
15795.0000 0.0709 75.9572 50.0000 36.2015 38.9683 54.2255
15796.0000 0.0695 75.5100 50.0000 35.9868 38.8821 53.8042
15797.0000 0.0655 75.3639 50.0000 36.2619 38.8439 53.4409
15798.0000 0.0674 75.3508 50.0000 36.3990 38.4920 53.5838
15799.0000 0.0705 76.0260 50.0000 36.6115 38.6477 54.2763
15800.0000 0.0746 75.8035 50.0000 36.2386 38.4146 54.3807
15801.0000 0.0766 75.9749 50.0000 36.2679 38.3590 54.6390
15802.0000 0.0726 75.6274 50.0000 36.2494 38.4186 54.1248
15803.0000 0.0764 75.7615 50.0000 35.8731 38.5842 54.4444
15804.0000 0.0779 75.5236 50.0000 35.5812 38.5055 54.3610
15805.0000 0.0728 75.3096 50.0000 35.7111 38.6469 53.8765
15806.0000 0.0729 75.1441 50.0000 35.8269 38.3401 53.7876
15807.0000 0.0700 75.4182 50.0000 35.9690 38.7550 53.7791
15808.0000 0.0693 75.2759 50.0000 35.9005 38.7557 53.6248
15809.0000 0.0713 75.4334 50.0000 35.7879 38.8405 53.8594
15810.0000 0.0717 75.3986 50.0000 35.9980 38.5373 53.8886
15811.0000 0.0740 75.1130 50.0000 35.5213 38.5244 53.8151
15812.0000 0.0799 75.3386 50.0000 35.1359 38.6017 54.3256
15813.0000 0.0741 75.3337 50.0000 35.8560 38.3860 54.0003
15814.0000 0.0751 75.1107 50.0000 35.7238 38.2080 53.9033
15815.0000 0.0757 75.2537 50.0000 35.5156 38.5109 54.0247
15816.0000 0.0732 74.7972 50.0000 35.5183 38.2860 53.5467
15817.0000 0.0719 74.8426 50.0000 35.8184 38.1395 53.5148
15818.0000 0.0701 74.6257 50.0000 35.7074 38.2127 53.2332
15819.0000 0.0765 74.6948 50.0000 35.3231 38.0732 53.6845
15820.0000 0.0676 74.6981 50.0000 35.8462 38.3962 53.1092
15821.0000 0.0701 74.6214 50.0000 35.5431 38.3850 53.2132
15822.0000 0.0728 75.0565 50.0000 35.9867 38.0925 53.7345
15823.0000 0.0713 75.0601 50.0000 36.1077 38.1177 53.6405
15824.0000 0.0701 75.1715 50.0000 36.3437 38.1005 53.6493
15825.0000 0.0667 75.0920 50.0000 36.5617 38.1257 53.3712
15826.0000 0.0696 75.3980 50.0000 36.5035 38.2122 53.7790
15827.0000 0.0724 75.2815 50.0000 36.2314 38.1050 53.8759
15828.0000 0.0735 75.4644 50.0000 36.1470 38.2691 54.0717
15829.0000 0.0776 75.4219 50.0000 35.7092 38.2994 54.2815
15830.0000 0.0794 75.6185 50.0000 36.1526 37.8574 54.5708
15831.0000 0.0839 75.9092 50.0000 36.3297 37.5516 55.0658
15832.0000 0.0786 75.6865 50.0000 36.4382 37.7097 54.5773
15833.0000 0.0858 75.6985 50.0000 35.5841 37.9360 54.9990
15834.0000 0.0910 75.8146 50.0000 35.5889 37.5850 55.3954
15835.0000 0.0899 75.3415 50.0000 35.4303 37.3755 54.9919
15836.0000 0.0889 75.3972 50.0000 35.4559 37.4968 54.9692
15837.0000 0.0916 75.5394 50.0000 35.4495 37.4034 55.2316
15838.0000 0.0921 75.5704 50.0000 35.4132 37.4277 55.2808
15839.0000 0.0937 75.6515 50.0000 35.4759 37.3028 55.4357
15840.0000 0.0925 75.3662 50.0000 35.2180 37.3973 55.1470
15841.0000 0.0965 75.4135 50.0000 35.0349 37.2784 55.4083
15842.0000 0.0956 74.9254 50.0000 34.5885 37.3429 54.9814
15843.0000 0.0967 74.8650 50.0000 34.4309 37.3516 54.9922
15844.0000 0.0934 74.7021 50.0000 34.6007 37.3053 54.6948
15845.0000 0.0959 74.7273 50.0000 34.4305 37.2888 54.8476
15846.0000 0.0922 74.9337 50.0000 34.8823 37.3478 54.8036
15847.0000 0.0862 74.7987 50.0000 35.1060 37.5129 54.3616
15848.0000 0.0788 74.6057 50.0000 35.3468 37.7406 53.7797
15849.0000 0.0880 74.6412 50.0000 34.2812 38.0635 54.2888
15850.0000 0.0895 74.6573 50.0000 34.1864 38.0428 54.3852
15851.0000 0.0883 74.2646 50.0000 33.9912 37.9685 54.0205
15852.0000 0.0909 74.2718 50.0000 34.1125 37.6082 54.2058
15853.0000 0.0924 74.4505 50.0000 33.7530 38.0366 54.3767
15854.0000 0.0906 74.2267 50.0000 33.7125 38.0213 54.1059
15855.0000 0.0926 74.3925 50.0000 33.9008 37.8080 54.3648
15856.0000 0.0893 74.5385 50.0000 33.8010 38.3523 54.2457
15857.0000 0.0883 74.3451 50.0000 34.1222 37.9102 54.0896
15858.0000 0.0925 74.5391 50.0000 34.2294 37.6109 54.4962
15859.0000 0.0937 74.4582 50.0000 34.1105 37.5554 54.4985
15860.0000 0.0955 74.4639 50.0000 34.0434 37.4729 54.6050
15861.0000 0.0936 74.4371 50.0000 33.9209 37.7438 54.4579
15862.0000 0.0994 74.4479 50.0000 33.8608 37.3130 54.8057
15863.0000 0.0927 74.6230 50.0000 33.9217 38.0065 54.5290
15864.0000 0.0928 74.7728 50.0000 33.8820 38.1863 54.6333
15865.0000 0.0970 74.6327 50.0000 33.9296 37.6226 54.8029
15866.0000 0.1020 74.7848 50.0000 33.8693 37.4090 55.1923
15867.0000 0.0971 74.5242 50.0000 33.6981 37.7538 54.7079
15868.0000 0.0941 74.4419 50.0000 33.4848 38.1625 54.4426
15869.0000 0.0960 74.6938 50.0000 33.5425 38.1813 54.7380
15870.0000 0.0987 74.7573 50.0000 33.1884 38.3911 54.8936
15871.0000 0.1046 75.2344 50.0000 33.3235 38.1997 55.5926
15872.0000 0.1069 75.3119 50.0000 33.1616 38.2504 55.7593
15873.0000 0.1063 75.1773 50.0000 33.3101 38.0110 55.6527
15874.0000 0.1039 75.1764 50.0000 33.1757 38.3658 55.4881
15875.0000 0.1078 75.3199 50.0000 33.0570 38.2968 55.8003
15876.0000 0.0996 74.8485 50.0000 33.2006 38.3901 55.0110
15877.0000 0.1044 75.2270 50.0000 33.2046 38.3345 55.5609
15878.0000 0.1038 75.4245 50.0000 33.1617 38.6251 55.6531
15879.0000 0.1029 75.3152 50.0000 33.3261 38.4236 55.5462
15880.0000 0.1018 75.6028 50.0000 33.4945 38.6262 55.6949
15881.0000 0.1038 75.2581 50.0000 33.0029 38.6368 55.5138
15882.0000 0.1041 75.4508 50.0000 33.3299 38.4471 55.7115
15883.0000 0.1083 75.4760 50.0000 33.4569 37.9801 55.9891
15884.0000 0.1021 75.3807 50.0000 33.6902 38.1692 55.5908
15885.0000 0.1068 75.5784 50.0000 33.6340 38.0218 55.9928
15886.0000 0.1112 75.7109 50.0000 33.5326 37.8881 56.3223
15887.0000 0.1069 75.8105 50.0000 33.6016 38.2762 56.1524
15888.0000 0.1065 75.9587 50.0000 33.6890 38.3600 56.2430
15889.0000 0.1064 75.6330 50.0000 33.5682 38.1801 55.9983
15890.0000 0.1064 75.9564 50.0000 33.9583 38.0833 56.2661
15891.0000 0.1081 76.0510 50.0000 34.3455 37.6306 56.4631
15892.0000 0.1085 76.1616 50.0000 34.3370 37.7105 56.5639
15893.0000 0.1067 76.1951 50.0000 34.4865 37.7355 56.5014
15894.0000 0.0995 75.9598 50.0000 34.6401 37.9660 55.9333
15895.0000 0.0992 75.8597 50.0000 34.4723 38.0728 55.8286
15896.0000 0.0999 75.6524 50.0000 34.6234 37.6506 55.7399
15897.0000 0.1047 75.6622 50.0000 34.3701 37.5142 56.0014
15898.0000 0.1018 75.7964 50.0000 34.8309 37.4098 55.9679
15899.0000 0.0996 75.6525 50.0000 34.5534 37.7463 55.7188
15900.0000 0.1002 75.8310 50.0000 34.8714 37.5420 55.9011
15901.0000 0.1009 75.4669 50.0000 34.7922 37.2122 55.6776
15902.0000 0.0911 75.0159 50.0000 34.9824 37.4145 54.8066
15903.0000 0.0880 74.9999 50.0000 35.0384 37.6160 54.6107
15904.0000 0.0883 75.2203 50.0000 35.2295 37.6081 54.7960
15905.0000 0.0847 75.0538 50.0000 35.1637 37.8416 54.4482
15906.0000 0.0844 74.9060 50.0000 35.2108 37.6739 54.3304
15907.0000 0.0868 74.9554 50.0000 35.2434 37.4645 54.5218
15908.0000 0.0837 75.1802 50.0000 35.2613 37.9499 54.4840
15909.0000 0.0874 75.1891 50.0000 35.2238 37.6617 54.7200
15910.0000 0.0887 74.9880 50.0000 34.8678 37.7217 54.6306
15911.0000 0.0903 75.1769 50.0000 34.8821 37.7542 54.8582
15912.0000 0.0979 75.4375 50.0000 34.8858 37.3431 55.4914
15913.0000 0.0972 75.3982 50.0000 34.9910 37.2500 55.4342
15914.0000 0.0984 75.3341 50.0000 34.9901 37.0893 55.4554
15915.0000 0.1073 75.8429 50.0000 34.8203 37.0086 56.3032
15916.0000 0.0972 75.5997 50.0000 34.8853 37.5600 55.5659
15917.0000 0.0958 75.5208 50.0000 34.9980 37.4875 55.4366
15918.0000 0.0964 75.5514 50.0000 34.8899 37.5783 55.4850
15919.0000 0.0986 75.5702 50.0000 34.5974 37.7110 55.6036
15920.0000 0.0929 75.3361 50.0000 34.5191 38.0569 55.0966
15921.0000 0.0915 75.2754 50.0000 34.6248 38.0106 54.9791
15922.0000 0.0885 74.9275 50.0000 34.7384 37.8159 54.5649
15923.0000 0.0911 75.2342 50.0000 34.6941 37.9382 54.9291
15924.0000 0.0923 75.2275 50.0000 34.6660 37.8516 54.9973
15925.0000 0.0976 75.5260 50.0000 34.6954 37.6472 55.5256
15926.0000 0.0937 75.2297 50.0000 34.7682 37.6259 55.0906
15927.0000 0.0922 74.8491 50.0000 34.5959 37.5564 54.7268
15928.0000 0.0916 75.0625 50.0000 34.8510 37.5563 54.8572
15929.0000 0.0914 75.1131 50.0000 34.9463 37.5202 54.8904
15930.0000 0.0987 75.1859 50.0000 34.3489 37.5810 55.3239
15931.0000 0.0997 75.1438 50.0000 34.3823 37.4191 55.3558
15932.0000 0.0987 75.0958 50.0000 34.4408 37.4013 55.2662
15933.0000 0.0964 75.0540 50.0000 34.9472 37.0276 55.1430
15934.0000 0.0949 74.9129 50.0000 34.8335 37.1422 54.9456
15935.0000 0.1031 75.1295 50.0000 34.3306 37.1694 55.5364
15936.0000 0.1036 75.3714 50.0000 34.1420 37.5573 55.7192
15937.0000 0.0995 75.3014 50.0000 34.2374 37.7432 55.4396
15938.0000 0.0962 75.2831 50.0000 34.2331 38.0176 55.2295
15939.0000 0.0954 75.2795 50.0000 34.5626 37.7360 55.2126
15940.0000 0.0930 75.1353 50.0000 34.5678 37.7966 54.9709
15941.0000 0.0940 74.9950 50.0000 34.5435 37.6039 54.9267
15942.0000 0.0941 75.2419 50.0000 34.7345 37.6300 55.1257
15943.0000 0.0987 75.2684 50.0000 34.7835 37.2099 55.4154
15944.0000 0.0892 74.9503 50.0000 34.9238 37.5800 54.6409
15945.0000 0.0979 74.9386 50.0000 34.4884 37.2631 55.1162
15946.0000 0.0929 74.8656 50.0000 34.8659 37.2323 54.7994
15947.0000 0.0924 75.3011 50.0000 35.1856 37.3711 55.0965
15948.0000 0.0897 75.1722 50.0000 35.2714 37.3928 54.8504
15949.0000 0.0879 74.8694 50.0000 35.3362 37.1914 54.5306
15950.0000 0.0860 74.5744 50.0000 35.2748 37.1299 54.2070
15951.0000 0.0917 74.7638 50.0000 34.6724 37.4355 54.6446
15952.0000 0.0908 74.7547 50.0000 34.7058 37.4706 54.5868
15953.0000 0.0931 75.0572 50.0000 35.0541 37.2080 54.9578
15954.0000 0.0956 75.0597 50.0000 35.0951 36.9504 55.1087
15955.0000 0.0940 75.2805 50.0000 35.4005 36.9892 55.1884
15956.0000 0.0926 75.3245 50.0000 35.3578 37.2033 55.1318
15957.0000 0.0883 74.7577 50.0000 35.3515 37.0260 54.4799
15958.0000 0.0863 75.0012 50.0000 35.7962 36.9933 54.5464
15959.0000 0.0855 75.2360 50.0000 35.4644 37.6309 54.6502
15960.0000 0.0854 75.0954 50.0000 35.6577 37.3074 54.5527
15961.0000 0.0851 75.0069 50.0000 35.5886 37.3169 54.4695
15962.0000 0.0884 74.9600 50.0000 35.5430 37.0214 54.6362
15963.0000 0.0900 75.0864 50.0000 35.5185 37.0268 54.8217
15964.0000 0.0894 74.9518 50.0000 35.2736 37.2026 54.6764
15965.0000 0.0826 74.5857 50.0000 35.3038 37.4153 54.0071
15966.0000 0.0879 74.8159 50.0000 35.2642 37.2084 54.4921
15967.0000 0.0864 74.7455 50.0000 35.1115 37.4312 54.3414
15968.0000 0.0879 74.7945 50.0000 34.9877 37.4789 54.4556
15969.0000 0.0886 74.7011 50.0000 34.8904 37.4273 54.4253
15970.0000 0.0869 74.4580 50.0000 34.6316 37.6094 54.1312
15971.0000 0.0830 74.6401 50.0000 34.9436 37.8158 54.0376
15972.0000 0.0851 74.6363 50.0000 34.9018 37.6602 54.1678
15973.0000 0.0906 74.8325 50.0000 34.8008 37.4692 54.6339
15974.0000 0.0866 74.7270 50.0000 34.8608 37.6638 54.3165
15975.0000 0.0886 74.9345 50.0000 34.7062 37.8504 54.5711
15976.0000 0.0862 74.6569 50.0000 34.7168 37.7730 54.2365
15977.0000 0.0849 74.8074 50.0000 35.1272 37.6149 54.2896
15978.0000 0.0849 74.7825 50.0000 35.0867 37.6323 54.2692
15979.0000 0.0885 74.7853 50.0000 34.8475 37.5603 54.4768
15980.0000 0.0884 74.6970 50.0000 35.0886 37.2305 54.4272
15981.0000 0.0893 74.8262 50.0000 34.9255 37.4529 54.5568
15982.0000 0.0865 74.8221 50.0000 34.9337 37.6861 54.3851
15983.0000 0.0863 74.9459 50.0000 34.9454 37.8193 54.4555
15984.0000 0.0894 75.1046 50.0000 35.3044 37.3250 54.7827
15985.0000 0.0962 73.0820 49.0000 32.4195 37.7709 53.5099
15986.0000 0.0928 72.9855 49.0000 32.3835 38.0143 53.2269
15987.0000 0.0950 73.0653 49.0000 32.2384 38.0600 53.3916
15988.0000 0.0920 73.2350 49.0000 32.4222 38.2944 53.3452
15989.0000 0.0866 75.2909 50.0000 35.2518 37.8103 54.7394
15990.0000 0.0852 75.4841 50.0000 35.0966 38.2912 54.7710
15991.0000 0.0898 73.3259 49.0000 32.3967 38.6195 53.2511
15992.0000 0.0936 73.2690 49.0000 32.4208 38.1917 53.4662
15993.0000 0.0878 75.4855 50.0000 34.6562 38.5197 54.8930
15994.0000 0.0890 75.4291 50.0000 34.6015 38.4116 54.9258
15995.0000 0.0847 75.4348 50.0000 35.1091 38.2725 54.7081
15996.0000 0.0821 75.2822 50.0000 35.1012 38.3771 54.4290
15997.0000 0.0839 75.0899 50.0000 34.8417 38.2856 54.3945
15998.0000 0.0889 75.1598 50.0000 34.6817 38.0702 54.7434
15999.0000 0.0876 75.2156 50.0000 34.8726 38.0457 54.7157
16000.0000 0.0906 75.2112 50.0000 34.2028 38.4812 54.8279
16001.0000 0.0905 74.9965 50.0000 33.9045 38.5943 54.6392
16002.0000 0.0926 75.2112 50.0000 34.1223 38.3837 54.9462
16003.0000 0.0913 75.2005 50.0000 34.0453 38.5676 54.8505
16004.0000 0.0985 75.3319 50.0000 34.0786 38.0300 55.3829
16005.0000 0.1054 75.3889 50.0000 33.5055 38.0881 55.7688
16006.0000 0.1066 75.5786 50.0000 33.4217 38.2599 55.9579
16007.0000 0.1064 75.7727 50.0000 33.8027 38.0636 56.1252
16008.0000 0.0994 75.3373 50.0000 33.7125 38.3391 55.4012
16009.0000 0.0987 75.3597 50.0000 33.6184 38.5222 55.3618
16010.0000 0.0982 75.7674 50.0000 33.7666 38.8099 55.6265
16011.0000 0.0994 75.7294 50.0000 33.5716 38.8808 55.6432
16012.0000 0.1027 75.8413 50.0000 33.4659 38.8128 55.9062
16013.0000 0.1026 75.7479 50.0000 33.7188 38.4567 55.8737
16014.0000 0.1001 75.6323 50.0000 33.6699 38.6175 55.6352
16015.0000 0.1029 75.7275 50.0000 33.3761 38.7799 55.8283
16016.0000 0.1015 75.5414 50.0000 33.6435 38.4290 55.6581
16017.0000 0.1020 75.6340 50.0000 33.4720 38.6571 55.7292
16018.0000 0.1027 75.7637 50.0000 33.8088 38.3686 55.9013
16019.0000 0.0972 75.4671 50.0000 34.0459 38.3086 55.3950
16020.0000 0.1044 75.7312 50.0000 33.4011 38.6202 55.9290
16021.0000 0.1094 75.8899 50.0000 33.1736 38.5850 56.3027
16022.0000 0.1077 75.8818 50.0000 33.5204 38.3551 56.2434
16023.0000 0.1050 75.5861 50.0000 33.6279 38.1886 55.8932
16024.0000 0.1068 75.8262 50.0000 33.5506 38.3469 56.1560
16025.0000 0.1112 76.0963 50.0000 33.4905 38.3045 56.5845
16026.0000 0.1101 75.6271 50.0000 33.3185 38.1222 56.1786
16027.0000 0.1129 75.5328 50.0000 32.9884 38.1424 56.2329
16028.0000 0.1107 75.7057 50.0000 32.9767 38.5115 56.2205
16029.0000 0.1110 75.6017 50.0000 32.8694 38.4989 56.1521
16030.0000 0.1201 75.9236 50.0000 32.4836 38.4501 56.8402
16031.0000 0.1148 75.7173 50.0000 32.7798 38.3834 56.4386
16032.0000 0.1080 75.5828 50.0000 33.3010 38.2712 56.0278
16033.0000 0.1090 75.5417 50.0000 33.1983 38.2617 56.0399
16034.0000 0.1090 75.3434 50.0000 33.1738 38.0911 55.9034
16035.0000 0.1074 75.0732 50.0000 33.0707 38.0769 55.6100
16036.0000 0.1090 75.1384 50.0000 32.9806 38.1004 55.7353
16037.0000 0.1089 75.3191 50.0000 33.1903 38.0571 55.8841
16038.0000 0.1063 75.2371 50.0000 33.3774 38.0044 55.6978
16039.0000 0.1005 75.0586 50.0000 33.4719 38.2275 55.2458
16040.0000 0.0989 75.0777 50.0000 33.4370 38.4208 55.1586
16041.0000 0.0939 74.9975 50.0000 33.3868 38.8458 54.7810
16042.0000 0.0943 75.0331 50.0000 33.3255 38.9130 54.8194
16043.0000 0.0987 75.3042 50.0000 33.4281 38.6728 55.2965
16044.0000 0.1038 75.5180 50.0000 33.4264 38.4417 55.7483
16045.0000 0.1023 75.3557 50.0000 33.2577 38.5849 55.5302
16046.0000 0.0985 75.0630 50.0000 33.4150 38.4677 55.1192
16047.0000 0.0940 74.8412 50.0000 33.8614 38.1678 54.7525
16048.0000 0.0957 75.0466 50.0000 33.7616 38.3249 54.9850
16049.0000 0.0975 75.1829 50.0000 33.9424 38.1145 55.2057
16050.0000 0.0933 75.0632 50.0000 34.1092 38.1879 54.8884
16051.0000 0.0927 75.0914 50.0000 34.2193 38.1548 54.8814
16052.0000 0.0962 75.2193 50.0000 34.1753 38.0160 55.1795
16053.0000 0.0999 75.3642 50.0000 33.9294 38.0923 55.4755
16054.0000 0.0980 75.1762 50.0000 33.9527 38.0506 55.2343
16055.0000 0.0966 75.3888 50.0000 33.9810 38.3524 55.2978
16056.0000 0.1008 75.3685 50.0000 33.7359 38.2251 55.5081
16057.0000 0.0981 75.2937 50.0000 33.6216 38.5118 55.2773
16058.0000 0.1005 75.3858 50.0000 33.5484 38.4686 55.4769
16059.0000 0.1007 75.2312 50.0000 33.6585 38.1839 55.3970
16060.0000 0.0978 75.2354 50.0000 33.7444 38.3487 55.2364
16061.0000 0.0924 75.2048 50.0000 34.0059 38.5191 54.9149
16062.0000 0.0945 74.7251 50.0000 33.4344 38.4640 54.6489
16063.0000 0.0949 74.7368 50.0000 33.2541 38.6354 54.6540
16064.0000 0.0900 74.5901 50.0000 33.6096 38.5459 54.2981
16065.0000 0.0881 74.4692 50.0000 33.6145 38.5979 54.0919
16066.0000 0.0926 74.7964 50.0000 33.7665 38.3534 54.6200
16067.0000 0.0899 75.0311 50.0000 33.7714 38.8220 54.6078
16068.0000 0.0907 74.8333 50.0000 33.7494 38.5775 54.5231
16069.0000 0.0887 74.6558 50.0000 34.0742 38.2349 54.3188
16070.0000 0.0849 74.5557 50.0000 33.9773 38.5870 53.9921
16071.0000 0.0816 74.2624 50.0000 34.0717 38.4966 53.5913
16072.0000 0.0863 74.5356 50.0000 33.9021 38.5182 54.0606
16073.0000 0.0895 74.9712 50.0000 34.0937 38.4519 54.5871
16074.0000 0.0943 75.0844 50.0000 34.0359 38.1997 54.9546
16075.0000 0.0910 75.1336 50.0000 33.8924 38.6944 54.7640
16076.0000 0.0904 75.0881 50.0000 33.8767 38.7246 54.6901
16077.0000 0.0933 75.2344 50.0000 33.8543 38.6297 54.9713
16078.0000 0.0961 75.3447 50.0000 34.0283 38.3058 55.2409
16079.0000 0.0968 75.3797 50.0000 33.8649 38.4485 55.2900
16080.0000 0.0929 75.0872 50.0000 33.7062 38.6798 54.8257
16081.0000 0.0929 75.1676 50.0000 33.7681 38.6892 54.8911
16082.0000 0.0918 74.9016 50.0000 33.7816 38.5126 54.6427
16083.0000 0.0903 75.2048 50.0000 33.9855 38.7291 54.7796
16084.0000 0.0936 75.0874 50.0000 33.7966 38.5157 54.8858
16085.0000 0.0947 75.0540 50.0000 33.6814 38.5056 54.9180
16086.0000 0.0932 75.1232 50.0000 33.6967 38.6964 54.8691
16087.0000 0.0888 74.6864 50.0000 33.6746 38.6873 54.2897
16088.0000 0.0923 74.7342 50.0000 33.7897 38.2907 54.5645
16089.0000 0.0931 74.4475 50.0000 33.5762 38.1625 54.3938
16090.0000 0.0912 74.3899 50.0000 33.6755 38.1643 54.2521
16091.0000 0.0961 74.3005 50.0000 33.3074 38.0338 54.4482
16092.0000 0.0974 74.7492 50.0000 33.3273 38.3492 54.8277
16093.0000 0.0954 74.7297 50.0000 33.3854 38.4449 54.6986
16094.0000 0.0990 74.9064 50.0000 33.2648 38.4248 55.0269
16095.0000 0.1012 74.9018 50.0000 33.3608 38.1280 55.1687
16096.0000 0.1072 75.0804 50.0000 32.9481 38.2290 55.5881
16097.0000 0.1047 74.8381 50.0000 33.1303 38.0109 55.3018
16098.0000 0.1037 74.9882 50.0000 33.2467 38.1173 55.3620
16099.0000 0.1034 75.0494 50.0000 33.2906 38.1550 55.3926
16100.0000 0.1074 75.0870 50.0000 33.0096 38.1499 55.6149
16101.0000 0.1039 74.7739 50.0000 32.9802 38.1765 55.1904
16102.0000 0.1019 74.5310 50.0000 32.8746 38.2252 54.8905
16103.0000 0.1000 74.4882 50.0000 32.8478 38.3757 54.7431
16104.0000 0.0955 74.1720 50.0000 32.7935 38.5135 54.2474
16105.0000 0.0892 74.0129 50.0000 33.1646 38.5259 53.7938
16106.0000 0.0858 73.7247 50.0000 33.1738 38.5342 53.3849
16107.0000 0.0877 73.8421 50.0000 33.1176 38.5403 53.5773
16108.0000 0.0927 73.9912 50.0000 32.9657 38.4003 53.9757
16109.0000 0.0966 74.4284 50.0000 33.0677 38.3768 54.5282
16110.0000 0.0968 74.3633 50.0000 32.7816 38.6031 54.4525
16111.0000 0.0979 74.2975 50.0000 32.6867 38.5470 54.4593
16112.0000 0.0985 74.2271 50.0000 32.7659 38.3372 54.4639
16113.0000 0.0981 74.2706 50.0000 32.6465 38.5427 54.4499
16114.0000 0.0968 74.4628 50.0000 33.0594 38.3991 54.5646
16115.0000 0.1023 74.6261 50.0000 32.8436 38.3158 54.9750
16116.0000 0.1056 74.5736 50.0000 32.7177 38.1151 55.1182
16117.0000 0.1061 74.5615 50.0000 32.5084 38.2841 55.1085
16118.0000 0.1047 74.4346 50.0000 32.9619 37.7917 55.0074
16119.0000 0.1010 74.4813 50.0000 32.8007 38.3339 54.7913
16120.0000 0.0972 74.3482 50.0000 32.8995 38.4280 54.4846
16121.0000 0.1017 74.6610 50.0000 32.7140 38.5364 54.9455
16122.0000 0.0993 74.6279 50.0000 32.7549 38.6714 54.7811
16123.0000 0.0989 74.6923 50.0000 32.6442 38.8973 54.7750
16124.0000 0.1046 74.8954 50.0000 32.4202 38.8396 55.2245
16125.0000 0.1017 74.8281 50.0000 32.3589 39.0890 54.9927
16126.0000 0.1033 74.7629 50.0000 32.4246 38.8165 55.0583
16127.0000 0.1060 74.9538 50.0000 32.6434 38.5339 55.3861
16128.0000 0.1056 74.6753 50.0000 32.4714 38.4787 55.1488
16129.0000 0.1026 74.4783 50.0000 32.6353 38.3661 54.8635
16130.0000 0.0990 74.2531 50.0000 32.9306 38.1439 54.5357
16131.0000 0.0999 74.3308 50.0000 32.8077 38.2730 54.6251
16132.0000 0.0937 74.2193 50.0000 33.0349 38.4646 54.2004
16133.0000 0.0966 74.5692 50.0000 32.9983 38.5908 54.6116
16134.0000 0.0943 74.5720 50.0000 33.0893 38.7049 54.4795
16135.0000 0.0932 74.7435 50.0000 33.0916 38.9709 54.5235
16136.0000 0.0935 74.4993 50.0000 33.4968 38.2642 54.4423
16137.0000 0.0872 74.5998 50.0000 33.6920 38.7249 54.1328
16138.0000 0.0925 74.3711 50.0000 33.1333 38.6224 54.2362
16139.0000 0.0911 74.2813 50.0000 33.2169 38.5670 54.1013
16140.0000 0.0904 74.3501 50.0000 33.1503 38.7669 54.0936
16141.0000 0.0890 74.2089 50.0000 33.2620 38.6351 53.9253
16142.0000 0.0868 74.1199 50.0000 33.2811 38.7280 53.7240
16143.0000 0.0875 74.2795 50.0000 33.3277 38.7753 53.8812
16144.0000 0.0911 74.2964 50.0000 32.7946 39.0429 54.0381
16145.0000 0.0864 73.9265 50.0000 33.1833 38.6738 53.5569
16146.0000 0.0921 74.2615 50.0000 33.3344 38.3246 54.1739
16147.0000 0.0898 74.2172 50.0000 33.3086 38.5202 53.9900
16148.0000 0.0888 74.1172 50.0000 33.3376 38.4806 53.8629
16149.0000 0.0879 74.1538 50.0000 33.7350 38.1631 53.8917
16150.0000 0.0882 74.1948 50.0000 33.5991 38.3269 53.9167
16151.0000 0.0851 74.3202 50.0000 33.6714 38.6647 53.8031
16152.0000 0.0882 74.5579 50.0000 33.8102 38.4610 54.1895
16153.0000 0.0880 74.4361 50.0000 33.8683 38.2958 54.1027
16154.0000 0.0886 74.2742 50.0000 33.9004 38.0472 54.0354
16155.0000 0.0854 74.2120 50.0000 34.0115 38.1520 53.8059
16156.0000 0.0976 74.5474 50.0000 33.6762 37.7572 54.7506
16157.0000 0.0969 74.5318 50.0000 33.6342 37.8437 54.6953
16158.0000 0.0944 74.2301 50.0000 33.2814 38.1460 54.2893
16159.0000 0.0984 74.4575 50.0000 33.4605 37.8326 54.7083
16160.0000 0.1012 74.5178 50.0000 33.4408 37.6695 54.9147
16161.0000 0.1125 74.8716 50.0000 33.0051 37.5185 55.7563
16162.0000 0.1086 74.7523 50.0000 33.0264 37.7076 55.4554
16163.0000 0.1050 74.7420 50.0000 33.0312 37.9941 55.2427
16164.0000 0.1062 74.8037 50.0000 32.7609 38.2402 55.3173
16165.0000 0.1065 74.6685 50.0000 32.8250 38.0158 55.2513
16166.0000 0.1048 74.6314 50.0000 32.6494 38.3128 55.0998
16167.0000 0.1113 74.7613 50.0000 32.8215 37.7034 55.5919
16168.0000 0.1173 74.7259 50.0000 32.4075 37.6130 55.8477
16169.0000 0.1144 74.8629 50.0000 32.4287 37.9640 55.7815
16170.0000 0.1146 74.7167 50.0000 32.4411 37.7946 55.6931
16171.0000 0.1149 74.6649 50.0000 32.4304 37.7251 55.6770
16172.0000 0.1190 74.7523 50.0000 32.3972 37.5114 55.9573
16173.0000 0.1053 74.4655 50.0000 32.8436 37.9004 55.0452
16174.0000 0.1114 74.4835 50.0000 32.5193 37.7490 55.3652
16175.0000 0.1080 74.4884 50.0000 32.2807 38.2919 55.1380
16176.0000 0.1127 74.3479 50.0000 31.9405 38.1253 55.2619
16177.0000 0.1086 74.3493 50.0000 31.9129 38.4971 55.0214
16178.0000 0.1064 74.6144 50.0000 31.9602 38.8995 55.0697
16179.0000 0.0999 74.2834 50.0000 32.2249 38.8599 54.4930
16180.0000 0.1032 74.6697 50.0000 32.0868 39.0996 54.9292
16181.0000 0.1056 74.5656 50.0000 32.0985 38.7715 55.0135
16182.0000 0.1087 74.6247 50.0000 32.1948 38.4569 55.2576
16183.0000 0.1050 74.4246 50.0000 32.2893 38.4771 54.9175
16184.0000 0.1035 74.2509 50.0000 32.4143 38.3025 54.7305
16185.0000 0.1032 74.2218 50.0000 32.3371 38.3843 54.6794
16186.0000 0.1084 74.4928 50.0000 32.1221 38.4330 55.1385
16187.0000 0.0993 74.0561 50.0000 32.1928 38.7156 54.3049
16188.0000 0.1011 74.0953 50.0000 32.0639 38.7349 54.4209
16189.0000 0.1076 74.2430 50.0000 31.7685 38.6405 54.8607
16190.0000 0.1055 73.9109 50.0000 31.9386 38.3047 54.5481
16191.0000 0.1030 74.1035 50.0000 32.0443 38.6024 54.5376
16192.0000 0.1038 74.0177 50.0000 32.1635 38.3123 54.5554
16193.0000 0.1023 73.9795 50.0000 32.3059 38.2537 54.4605
16194.0000 0.1051 73.9821 50.0000 32.1279 38.2108 54.5994
16195.0000 0.1046 73.7880 50.0000 31.9989 38.1958 54.4226
16196.0000 0.0992 73.7699 50.0000 32.4853 38.1209 54.1617
16197.0000 0.0987 73.5187 50.0000 32.3254 38.0893 53.9377
16198.0000 0.0959 73.5830 50.0000 32.4140 38.3064 53.8183
16199.0000 0.0980 73.5381 50.0000 32.2901 38.2074 53.9017
16200.0000 0.0992 73.6123 50.0000 32.0926 38.3959 53.9869
16201.0000 0.0990 73.6668 50.0000 31.9046 38.6752 53.9734
16202.0000 0.0928 73.5913 50.0000 32.3097 38.7079 53.6047
16203.0000 0.0980 73.8492 50.0000 32.1185 38.7126 54.0688
16204.0000 0.0947 73.6321 50.0000 32.0790 38.8324 53.7092
16205.0000 0.0978 73.7938 50.0000 32.0499 38.7514 54.0061
16206.0000 0.1046 74.0680 50.0000 31.7706 38.7272 54.5610
16207.0000 0.1023 74.0735 50.0000 31.7871 38.9147 54.4252
16208.0000 0.1047 74.2300 50.0000 32.1475 38.4650 54.7455
16209.0000 0.1039 74.1399 50.0000 32.0851 38.5169 54.6234
16210.0000 0.1028 74.3952 50.0000 32.3150 38.6124 54.7674
16211.0000 0.0966 74.4676 50.0000 32.5666 38.9673 54.4646
16212.0000 0.0990 74.6217 50.0000 32.5720 38.8963 54.7223
16213.0000 0.1057 74.4978 50.0000 32.0270 38.7721 54.9630
16214.0000 0.1061 74.2960 50.0000 31.8480 38.7333 54.8208
16215.0000 0.1016 74.1882 50.0000 31.8770 38.9927 54.4731
16216.0000 0.1060 74.2327 50.0000 31.7786 38.7553 54.7598
16217.0000 0.1058 73.9635 50.0000 31.6115 38.6844 54.5420
16218.0000 0.1041 73.9757 50.0000 31.5709 38.8940 54.4329
16219.0000 0.1063 74.1034 50.0000 31.2321 39.1989 54.5832
16220.0000 0.1074 74.1923 50.0000 31.0382 39.4043 54.6666
16221.0000 0.1094 74.2884 50.0000 30.8342 39.5518 54.8058
16222.0000 0.1096 74.3050 50.0000 30.8985 39.4743 54.8479
16223.0000 0.1021 74.1046 50.0000 31.2606 39.5499 54.3145
16224.0000 0.1034 73.9090 50.0000 31.1821 39.3220 54.2587
16225.0000 0.1046 74.3078 50.0000 31.1460 39.6557 54.5802
16226.0000 0.0957 73.9650 50.0000 31.5728 39.6514 53.8679
16227.0000 0.0926 74.2977 50.0000 31.9442 39.8637 53.9500
16228.0000 0.0923 74.4431 50.0000 31.8099 40.1982 53.9816
16229.0000 0.0884 74.3560 50.0000 32.0297 40.2317 53.7059
16230.0000 0.0897 74.3959 50.0000 31.9960 40.1893 53.8129
16231.0000 0.0935 74.5244 50.0000 31.8513 40.1180 54.1287
16232.0000 0.0984 74.5453 50.0000 31.5075 40.0586 54.4020
16233.0000 0.1017 74.7503 50.0000 31.2660 40.2295 54.6958
16234.0000 0.1015 74.7256 50.0000 31.3448 40.1335 54.6875
16235.0000 0.1035 74.6548 50.0000 31.1699 40.0734 54.7348
16236.0000 0.1067 74.8317 50.0000 31.1633 39.9661 55.0575
16237.0000 0.1039 74.8081 50.0000 31.4963 39.8266 54.9370
16238.0000 0.1011 74.8249 50.0000 31.6411 39.9424 54.7925
16239.0000 0.1023 74.6226 50.0000 31.4353 39.8596 54.6952
16240.0000 0.1016 74.5613 50.0000 31.4485 39.8488 54.6118
16241.0000 0.0995 74.4026 50.0000 31.3922 39.9428 54.3585
16242.0000 0.0986 74.3835 50.0000 31.4911 39.8963 54.3093
16243.0000 0.0972 74.3557 50.0000 31.7534 39.7021 54.2609
16244.0000 0.1036 74.5072 50.0000 31.5955 39.4426 54.7479
16245.0000 0.1045 74.6978 50.0000 31.5333 39.6197 54.9154
16246.0000 0.1007 74.5004 50.0000 31.8640 39.3966 54.6160
16247.0000 0.1025 74.5289 50.0000 31.7953 39.3442 54.7326
16248.0000 0.1055 74.5766 50.0000 31.5708 39.3688 54.9095
16249.0000 0.1008 74.6065 50.0000 31.8751 39.4858 54.6899
16250.0000 0.0972 74.5788 50.0000 32.0821 39.5620 54.4756
16251.0000 0.0988 74.5931 50.0000 32.1675 39.3322 54.6110
16252.0000 0.0989 74.6036 50.0000 32.2358 39.2584 54.6381
16253.0000 0.1003 74.5641 50.0000 31.9221 39.4401 54.6375
16254.0000 0.1028 74.6322 50.0000 31.8049 39.4098 54.8204
16255.0000 0.1027 74.6275 50.0000 31.9576 39.2404 54.8468
16256.0000 0.1037 74.6851 50.0000 32.0492 39.1124 54.9630
16257.0000 0.1036 74.9003 50.0000 32.2263 39.1376 55.1341
16258.0000 0.1043 74.9311 50.0000 32.0779 39.2691 55.1691
16259.0000 0.1067 74.9316 50.0000 32.0884 39.0461 55.3216
16260.0000 0.1069 74.6825 50.0000 32.2635 38.5990 55.1965
16261.0000 0.1051 74.9937 50.0000 32.4832 38.8221 55.3329
16262.0000 0.1029 74.7890 50.0000 32.4404 38.8548 55.0574
16263.0000 0.1081 74.7971 50.0000 32.0920 38.7892 55.3183
16264.0000 0.1072 74.8925 50.0000 32.1760 38.8697 55.3419
16265.0000 0.1026 74.5252 50.0000 32.0959 38.9957 54.8014
16266.0000 0.0941 74.1773 50.0000 32.3530 39.1399 54.0704
16267.0000 0.0905 74.3406 50.0000 32.6498 39.3032 53.9980
16268.0000 0.0892 74.3630 50.0000 32.6450 39.4620 53.9159
16269.0000 0.0924 74.3964 50.0000 32.6071 39.2297 54.1537
16270.0000 0.0933 74.3061 50.0000 32.3075 39.3921 54.0915
16271.0000 0.0964 74.3556 50.0000 32.2698 39.1991 54.3217
16272.0000 0.0931 74.1615 50.0000 32.4696 39.0865 54.0176
16273.0000 0.0913 74.2391 50.0000 32.4454 39.3616 53.9389
16274.0000 0.0967 74.3722 50.0000 32.1401 39.3278 54.3283
16275.0000 0.0951 74.2783 50.0000 32.2401 39.2682 54.1835
16276.0000 0.1015 74.0287 50.0000 31.7589 38.9713 54.3403
16277.0000 0.0983 74.1346 50.0000 32.0507 39.0408 54.2633
16278.0000 0.0941 74.0972 50.0000 32.3457 39.0591 54.0234
16279.0000 0.0952 73.9670 50.0000 32.4244 38.7476 54.0222
16280.0000 0.0941 73.8466 50.0000 32.2960 38.8673 53.8481
16281.0000 0.0965 73.9267 50.0000 32.3041 38.7205 54.0585
16282.0000 0.0942 73.7937 50.0000 32.4724 38.6109 53.8540
16283.0000 0.0980 73.8970 50.0000 32.4248 38.4207 54.1594
16284.0000 0.0951 73.7782 50.0000 32.2655 38.7377 53.8660
16285.0000 0.0915 73.8537 50.0000 32.5018 38.8812 53.7238
16286.0000 0.0904 73.9166 50.0000 32.8286 38.6892 53.7504
16287.0000 0.0932 74.0460 50.0000 32.5832 38.8266 53.9781
16288.0000 0.0966 74.0555 50.0000 32.5836 38.5336 54.2004
16289.0000 0.0904 73.8339 50.0000 32.8857 38.5409 53.7083
16290.0000 0.0931 73.7729 50.0000 32.7023 38.4325 53.8140
16291.0000 0.0907 73.6842 50.0000 32.3732 38.9301 53.5331
16292.0000 0.0937 73.7348 50.0000 32.3334 38.7437 53.7615
16293.0000 0.0942 73.7296 50.0000 32.5084 38.5025 53.8220
16294.0000 0.0900 73.6172 50.0000 32.6092 38.6590 53.4941
16295.0000 0.0900 73.8041 50.0000 32.5390 38.9281 53.5991
16296.0000 0.0894 73.6491 50.0000 32.6650 38.6857 53.4846
16297.0000 0.0875 73.2741 50.0000 32.5997 38.5545 53.1028
16298.0000 0.0859 73.2889 50.0000 32.6659 38.6484 53.0141
16299.0000 0.0861 73.1630 50.0000 32.5505 38.6302 52.9245
16300.0000 0.0864 73.0465 50.0000 32.4352 38.6077 52.8506
16301.0000 0.0901 73.2791 50.0000 32.3673 38.5749 53.2368
16302.0000 0.0902 73.3205 50.0000 32.4584 38.5106 53.2848
16303.0000 0.0905 73.1576 50.0000 32.4747 38.2943 53.2069
16304.0000 0.0950 73.1943 50.0000 32.1533 38.2811 53.4615
16305.0000 0.0918 72.9744 50.0000 32.4206 38.0511 53.1628
16306.0000 0.0935 72.7203 50.0000 32.3013 37.7741 53.0846
16307.0000 0.0932 72.9368 50.0000 32.4700 37.8352 53.2350
16308.0000 0.0876 72.9572 50.0000 32.5265 38.3019 52.8936
16309.0000 0.0865 73.1314 50.0000 32.5385 38.5759 52.9277
16310.0000 0.0862 73.0984 50.0000 32.2350 38.9044 52.8273
16311.0000 0.0864 73.1370 50.0000 32.4311 38.7078 52.9052
16312.0000 0.0906 73.2337 50.0000 32.3377 38.5136 53.2367
16313.0000 0.0898 73.1141 50.0000 32.2530 38.5614 53.0890
16314.0000 0.0897 73.0636 50.0000 32.1204 38.6677 53.0224
16315.0000 0.0835 72.9743 50.0000 32.2929 38.9697 52.5717
16316.0000 0.0850 72.9833 50.0000 32.2989 38.8357 52.6795
16317.0000 0.0888 73.1578 50.0000 32.3117 38.6327 53.0615
16318.0000 0.0853 73.1118 50.0000 32.3649 38.8652 52.7952
16319.0000 0.0905 73.1449 50.0000 32.2752 38.5022 53.1609
16320.0000 0.0921 73.1498 50.0000 32.2603 38.3838 53.2621
16321.0000 0.0938 73.2130 50.0000 32.2439 38.3079 53.4134
16322.0000 0.0963 73.2946 50.0000 32.0290 38.4067 53.5832
16323.0000 0.0995 73.1505 50.0000 31.9162 38.0946 53.6764
16324.0000 0.0983 73.1658 50.0000 31.8822 38.2615 53.5987
16325.0000 0.0974 73.1792 50.0000 31.9540 38.2738 53.5654
16326.0000 0.0970 73.0274 50.0000 31.9981 38.1064 53.4512
16327.0000 0.0961 73.3184 50.0000 32.2486 38.2080 53.6262
16328.0000 0.1014 73.7361 50.0000 31.9440 38.4811 54.1830
16329.0000 0.1045 73.7524 50.0000 31.6602 38.5416 54.3285
16330.0000 0.0993 73.8821 50.0000 31.7900 38.9868 54.1109
16331.0000 0.0965 73.7586 50.0000 31.6844 39.2352 53.8239
16332.0000 0.1003 73.8198 50.0000 31.5510 39.1010 54.0834
16333.0000 0.0962 73.6759 50.0000 32.0304 38.7975 53.8233
16334.0000 0.0931 73.5940 50.0000 31.9613 39.0744 53.5513
16335.0000 0.0920 73.6043 50.0000 32.0369 39.1059 53.4973
16336.0000 0.0867 73.5343 50.0000 32.1697 39.3845 53.1155
16337.0000 0.0775 73.3267 50.0000 32.8278 39.3205 52.4694
16338.0000 0.0803 73.6763 50.0000 32.7343 39.5200 52.8662
16339.0000 0.0782 73.5030 50.0000 32.7291 39.5526 52.6031
16340.0000 0.0785 73.5370 50.0000 32.8606 39.4053 52.6791
16341.0000 0.0829 73.6066 50.0000 32.6329 39.2987 52.9966
16342.0000 0.0821 73.5043 50.0000 32.5845 39.3347 52.8575
16343.0000 0.0816 73.9021 50.0000 32.7775 39.5694 53.1170
16344.0000 0.0807 74.0422 50.0000 32.6744 39.9364 53.1010
16345.0000 0.0819 74.0402 50.0000 32.6661 39.8206 53.1902
16346.0000 0.0834 73.9981 50.0000 32.4150 39.9107 53.2177
16347.0000 0.0854 74.1075 50.0000 32.3995 39.8416 53.4307
16348.0000 0.0861 74.2350 50.0000 32.5824 39.7017 53.6004
16349.0000 0.0853 74.5210 50.0000 32.6618 39.9815 53.7407
16350.0000 0.0841 74.2208 50.0000 32.4079 40.0847 53.4010
16351.0000 0.0930 74.4332 50.0000 31.8593 40.0600 54.0415
16352.0000 0.0887 74.2965 50.0000 31.9998 40.1765 53.6826
16353.0000 0.0874 73.9818 50.0000 32.1374 39.8204 53.4306
16354.0000 0.0880 74.0798 50.0000 31.8417 40.2036 53.4565
16355.0000 0.0821 73.6795 50.0000 32.2972 39.8446 52.8958
16356.0000 0.0811 73.5410 50.0000 31.9379 40.2360 52.6243
16357.0000 0.0822 73.5606 50.0000 31.6840 40.4455 52.6446
16358.0000 0.0821 73.5751 50.0000 31.8868 40.2232 52.7127
16359.0000 0.0873 73.5340 50.0000 31.7570 39.8101 53.0463
16360.0000 0.0853 73.2338 50.0000 31.6997 39.7582 52.7029
16361.0000 0.0910 73.5115 50.0000 31.5282 39.6839 53.2456
16362.0000 0.0917 73.7638 50.0000 31.5783 39.8156 53.4662
16363.0000 0.0901 73.8350 50.0000 31.6487 39.9722 53.4060
16364.0000 0.0847 73.4498 50.0000 31.9919 39.7012 52.8698
16365.0000 0.0814 72.8912 50.0000 31.8193 39.6474 52.2373
16366.0000 0.0843 73.0405 50.0000 31.7503 39.5954 52.5266
16367.0000 0.0847 73.0623 50.0000 31.7205 39.6099 52.5639
16368.0000 0.0844 73.3544 50.0000 31.9470 39.6861 52.7756
16369.0000 0.0853 73.3758 50.0000 31.7089 39.8922 52.7936
16370.0000 0.0916 73.6893 50.0000 31.7796 39.5216 53.4622
16371.0000 0.0909 73.7704 50.0000 31.8898 39.5473 53.4895
16372.0000 0.0899 73.7797 50.0000 32.2400 39.2505 53.5111
16373.0000 0.0779 73.3681 50.0000 32.6153 39.5717 52.4710
16374.0000 0.0780 73.5959 50.0000 32.6980 39.7128 52.6317
16375.0000 0.0875 74.1447 50.0000 32.3950 39.6851 53.6013
16376.0000 0.0816 73.8106 50.0000 32.4438 39.8686 52.9707
16377.0000 0.0818 74.0247 50.0000 32.4895 40.0127 53.1326
16378.0000 0.0802 73.6293 50.0000 32.4396 39.8176 52.7589
16379.0000 0.0840 73.9230 50.0000 32.3527 39.8443 53.2010
16380.0000 0.0860 73.9853 50.0000 32.2335 39.8495 53.3558
16381.0000 0.0835 73.8436 50.0000 32.3639 39.8019 53.1156
16382.0000 0.0821 73.7271 50.0000 32.4299 39.7459 52.9551
16383.0000 0.0832 73.8883 50.0000 32.3300 39.9157 53.1130
16384.0000 0.0856 73.5081 50.0000 32.1080 39.5388 53.0019
16385.0000 0.0891 73.5780 50.0000 31.8144 39.6105 53.2220
16386.0000 0.0852 73.5165 50.0000 31.6542 40.1159 52.8525
16387.0000 0.0837 73.2772 50.0000 31.7884 39.8598 52.6330
16388.0000 0.0835 73.4586 50.0000 31.6426 40.2465 52.6795
16389.0000 0.0873 73.4355 50.0000 31.5567 39.9344 52.9357
16390.0000 0.0828 73.3636 50.0000 31.5584 40.3209 52.5405
16391.0000 0.0861 73.1093 50.0000 31.0889 40.2761 52.5004
16392.0000 0.0899 73.5490 50.0000 30.9467 40.5224 53.0065
16393.0000 0.0862 73.3874 50.0000 30.8491 40.8585 52.5797
16394.0000 0.0842 73.5944 50.0000 31.0429 41.0644 52.5946
16395.0000 0.0836 73.3446 50.0000 31.1468 40.7185 52.4529
16396.0000 0.0798 73.1542 50.0000 31.0755 41.0226 51.9903
16397.0000 0.0802 73.0243 50.0000 31.3314 40.5171 52.0505
16398.0000 0.0818 73.0340 50.0000 31.0250 40.7349 52.0777
16399.0000 0.0833 73.4827 50.0000 30.9156 41.1959 52.4102
16400.0000 0.0813 73.4660 50.0000 31.2579 40.9717 52.3595
16401.0000 0.0735 73.2109 50.0000 31.4733 41.3062 51.6049
16402.0000 0.0770 73.2461 50.0000 31.6038 40.7751 51.9960
16403.0000 0.0747 73.3475 50.0000 31.8668 40.8139 51.9479
16404.0000 0.0801 73.4002 50.0000 31.5744 40.6365 52.3385
16405.0000 0.0822 73.6852 50.0000 31.5271 40.7688 52.6636
16406.0000 0.0771 73.6700 50.0000 31.6728 41.1382 52.2661
16407.0000 0.0834 74.0531 50.0000 31.4179 41.1722 52.9305
16408.0000 0.0876 74.2406 50.0000 31.1538 41.2483 53.2887
16409.0000 0.0816 74.0011 50.0000 31.2507 41.5329 52.6743
16410.0000 0.0803 74.0207 50.0000 31.3064 41.6303 52.5917
16411.0000 0.0811 73.9426 50.0000 31.1588 41.6400 52.5618
16412.0000 0.0786 73.7646 50.0000 31.1291 41.7847 52.2133
16413.0000 0.0850 73.9638 50.0000 31.0305 41.3933 52.8616
16414.0000 0.0830 73.8845 50.0000 30.9696 41.6130 52.6134
16415.0000 0.0851 73.8569 50.0000 30.9686 41.3377 52.7919
16416.0000 0.0805 73.6843 50.0000 31.2692 41.2840 52.4142
16417.0000 0.0826 73.7371 50.0000 31.0570 41.3801 52.5386
16418.0000 0.0828 74.0045 50.0000 31.0268 41.6864 52.6902
16419.0000 0.0795 73.9494 50.0000 31.2367 41.7415 52.4445
16420.0000 0.0799 73.6597 50.0000 30.8845 41.8358 52.1695
16421.0000 0.0803 73.8482 50.0000 30.9693 41.8860 52.3452
16422.0000 0.0758 73.7669 50.0000 31.2851 41.9147 52.0188
16423.0000 0.0734 73.9037 50.0000 31.3966 42.2216 51.8975
16424.0000 0.0773 74.1771 50.0000 31.2374 42.2589 52.3512
16425.0000 0.0758 74.0062 50.0000 31.1019 42.4387 52.0437
16426.0000 0.0777 73.9063 50.0000 30.9063 42.3560 52.0857
16427.0000 0.0830 74.2112 50.0000 30.8633 42.1103 52.7398
16428.0000 0.0821 73.8692 50.0000 31.1347 41.4779 52.6012
16429.0000 0.0817 74.1059 50.0000 31.0295 41.9324 52.6358
16430.0000 0.0826 74.3130 50.0000 30.7401 42.4433 52.6880
16431.0000 0.0792 74.1139 50.0000 30.9765 42.3144 52.3719
16432.0000 0.0782 73.9910 50.0000 31.0333 42.2202 52.2404
16433.0000 0.0850 74.4137 50.0000 30.8410 42.1284 53.0229
16434.0000 0.0820 74.3422 50.0000 30.9831 42.2148 52.7705
16435.0000 0.0820 74.2519 50.0000 31.0057 42.0830 52.7353
16436.0000 0.0805 74.5518 50.0000 31.2564 42.2679 52.8625
16437.0000 0.0797 74.2809 50.0000 31.2784 42.0348 52.6535
16438.0000 0.0797 74.3177 50.0000 31.4216 41.8794 52.7439
16439.0000 0.0745 73.9504 50.0000 31.6533 41.7853 52.1606
16440.0000 0.0767 74.0317 50.0000 31.6583 41.6118 52.4108
16441.0000 0.0825 74.3257 50.0000 31.2959 41.7321 52.9463
16442.0000 0.0880 74.2089 50.0000 31.3050 40.9926 53.3533
16443.0000 0.0840 73.8768 50.0000 31.1147 41.3030 52.7611
16444.0000 0.0873 74.1188 50.0000 30.9962 41.3458 53.1353
16445.0000 0.0866 73.9093 50.0000 30.9650 41.2407 52.9430
16446.0000 0.0876 73.8004 50.0000 30.9389 41.0383 52.9636
16447.0000 0.0901 73.8748 50.0000 30.7240 41.1207 53.1283
16448.0000 0.0892 74.2123 50.0000 30.9824 41.2640 53.3370
16449.0000 0.0824 74.1142 50.0000 31.0523 41.8259 52.7187
16450.0000 0.0831 73.7452 50.0000 31.0917 41.2859 52.6035
16451.0000 0.0851 73.8794 50.0000 30.8254 41.5479 52.7421
16452.0000 0.0863 73.8961 50.0000 30.8206 41.4374 52.8552
16453.0000 0.0905 74.0854 50.0000 30.6225 41.4337 53.2368
16454.0000 0.0941 74.4013 50.0000 30.3987 41.6657 53.6232
16455.0000 0.0940 74.3448 50.0000 30.3887 41.6215 53.5848
16456.0000 0.0933 74.7882 50.0000 30.5128 42.0171 53.8219
16457.0000 0.0955 74.6019 50.0000 30.5517 41.5377 53.9134
16458.0000 0.1021 74.7988 50.0000 30.4221 41.2219 54.4988
16459.0000 0.1035 74.7012 50.0000 30.5219 40.8734 54.5715
16460.0000 0.1079 74.8272 50.0000 30.1845 40.9630 54.8637
16461.0000 0.1060 74.7331 50.0000 30.1901 41.0435 54.6720
16462.0000 0.1041 74.7912 50.0000 30.1646 41.3280 54.5510
16463.0000 0.1050 74.6416 50.0000 29.9868 41.2944 54.4696
16464.0000 0.1015 74.5424 50.0000 30.0970 41.4110 54.1836
16465.0000 0.1023 74.4065 50.0000 30.0950 41.1892 54.1671
16466.0000 0.1014 74.5011 50.0000 30.1319 41.3321 54.1676
16467.0000 0.1012 74.3321 50.0000 30.1440 41.1630 54.0574
16468.0000 0.0986 74.4348 50.0000 30.3646 41.2711 53.9928
16469.0000 0.0951 74.2838 50.0000 30.4091 41.4153 53.6483
16470.0000 0.1011 74.4445 50.0000 30.2798 41.1248 54.1652
16471.0000 0.0994 74.2299 50.0000 30.1374 41.2461 53.8570
16472.0000 0.1012 74.4310 50.0000 30.2546 41.1372 54.1513
16473.0000 0.1036 74.4842 50.0000 30.0446 41.1978 54.2950
16474.0000 0.0983 74.0922 50.0000 30.2770 41.0469 53.7411
16475.0000 0.0988 74.4041 50.0000 30.3632 41.2127 53.9960
16476.0000 0.0918 73.9263 50.0000 30.6447 41.0987 53.2626
16477.0000 0.0950 74.1627 50.0000 30.7434 40.8897 53.6933
16478.0000 0.0922 74.1677 50.0000 30.9162 40.9786 53.5330
16479.0000 0.0981 73.9755 50.0000 30.4407 40.7487 53.7148
16480.0000 0.1031 74.1318 50.0000 30.3387 40.5433 54.1418
16481.0000 0.0971 74.0288 50.0000 30.8030 40.4726 53.7905
16482.0000 0.0979 73.9183 50.0000 30.6237 40.4908 53.7271
16483.0000 0.0986 73.9527 50.0000 30.4746 40.6341 53.7510
16484.0000 0.1052 74.3520 50.0000 30.4094 40.4809 54.4499
16485.0000 0.1008 74.3608 50.0000 30.4943 40.8123 54.1663
16486.0000 0.1045 74.5116 50.0000 30.3890 40.7358 54.4893
16487.0000 0.1032 74.4007 50.0000 30.5082 40.6027 54.3703
16488.0000 0.1031 74.3150 50.0000 30.4959 40.5470 54.3016
16489.0000 0.1042 74.5565 50.0000 30.5220 40.6516 54.5392
16490.0000 0.1072 74.4575 50.0000 30.5096 40.2840 54.6835
16491.0000 0.1046 74.4166 50.0000 30.2787 40.7598 54.4028
16492.0000 0.1036 74.4754 50.0000 30.3004 40.8863 54.3764
16493.0000 0.1050 74.4025 50.0000 30.3589 40.6054 54.4542
16494.0000 0.1087 74.5133 50.0000 30.2695 40.4718 54.7542
16495.0000 0.1120 74.4484 50.0000 30.1052 40.2937 54.8876
16496.0000 0.1069 74.2939 50.0000 30.1712 40.5364 54.4617
16497.0000 0.1119 74.2852 50.0000 30.2165 40.0129 54.8108
16498.0000 0.1057 73.9203 50.0000 30.3138 40.1015 54.1956
16499.0000 0.1066 73.8472 50.0000 30.2701 39.9972 54.1974
16500.0000 0.1049 73.4595 50.0000 30.3400 39.6821 53.8619
16501.0000 0.1092 73.5240 50.0000 30.2528 39.4582 54.1627
16502.0000 0.1074 73.1033 50.0000 30.2343 39.2129 53.7804
16503.0000 0.1072 73.2385 50.0000 30.4385 39.1417 53.9008
16504.0000 0.1115 73.2107 50.0000 30.2446 38.9499 54.1108
16505.0000 0.1110 73.3642 50.0000 30.2946 39.0897 54.1898
16506.0000 0.1105 73.4643 50.0000 30.5280 38.9750 54.2770
16507.0000 0.1084 73.3505 50.0000 30.3559 39.2369 54.0304
16508.0000 0.1008 72.8432 50.0000 30.6665 39.0680 53.2860
16509.0000 0.1089 73.0461 50.0000 30.3886 38.8516 53.8778
16510.0000 0.1077 73.1986 50.0000 30.8006 38.6556 53.9917
16511.0000 0.1084 72.9372 50.0000 30.4822 38.6829 53.7988
16512.0000 0.1120 73.1860 50.0000 30.5051 38.5943 54.1858
16513.0000 0.1124 73.2992 50.0000 30.5287 38.6505 54.2855
16514.0000 0.1115 73.3930 50.0000 30.7651 38.5546 54.3468
16515.0000 0.1092 73.4117 50.0000 30.6790 38.8673 54.1979
16516.0000 0.1045 73.1918 50.0000 30.9725 38.7367 53.8258
16517.0000 0.1027 73.1610 50.0000 31.0039 38.8314 53.6974
16518.0000 0.1124 73.3723 50.0000 30.5064 38.7467 54.3282
16519.0000 0.1104 73.3794 50.0000 30.5683 38.8587 54.2228
16520.0000 0.1153 73.6736 50.0000 30.3069 39.0080 54.6596
16521.0000 0.1146 73.9474 50.0000 30.1655 39.4993 54.7545
16522.0000 0.1071 73.5245 50.0000 30.3302 39.5609 54.0450
16523.0000 0.1060 73.2750 50.0000 30.2243 39.5320 53.7860
16524.0000 0.1045 73.1493 50.0000 30.5001 39.2215 53.6865
16525.0000 0.1026 72.9561 50.0000 30.7464 38.9284 53.4961
16526.0000 0.1021 72.9687 50.0000 30.5845 39.1643 53.4339
16527.0000 0.1050 73.1535 50.0000 30.4217 39.2745 53.6978
16528.0000 0.1094 73.2121 50.0000 30.1180 39.2750 53.9480
16529.0000 0.1040 72.8358 50.0000 30.3331 39.1410 53.4130
16530.0000 0.1019 72.6695 50.0000 30.0935 39.4446 53.0977
16531.0000 0.1003 72.6023 50.0000 30.5067 39.0491 53.0623
16532.0000 0.0988 72.6010 50.0000 30.4786 39.2198 52.9506
16533.0000 0.1027 72.6491 50.0000 30.0769 39.3628 53.1399
16534.0000 0.0997 72.4446 50.0000 30.1397 39.3604 52.8259
16535.0000 0.1022 72.5385 50.0000 30.1524 39.2115 53.0578
16536.0000 0.1068 72.4227 50.0000 30.1603 38.6725 53.2902
16537.0000 0.1021 72.7596 50.0000 30.6007 38.9340 53.3076
16538.0000 0.1042 72.8781 50.0000 30.5231 38.9539 53.4990
16539.0000 0.1014 72.4906 50.0000 30.5641 38.7672 53.0832
16540.0000 0.1044 72.5802 50.0000 30.4391 38.7345 53.3010
16541.0000 0.1014 72.5438 50.0000 30.4530 38.9448 53.0897
16542.0000 0.0969 72.2848 50.0000 30.5615 38.9782 52.6478
16543.0000 0.0931 72.2609 50.0000 30.6945 39.1539 52.4066
16544.0000 0.0953 72.4366 50.0000 30.7410 39.0687 52.6847
16545.0000 0.0965 72.5596 50.0000 30.9853 38.8042 52.9060
16546.0000 0.0931 72.1728 50.0000 30.8209 38.9144 52.3895
16547.0000 0.0942 72.4169 50.0000 30.6920 39.2113 52.5802
16548.0000 0.0933 72.3095 50.0000 30.7638 39.1030 52.4710
16549.0000 0.0916 72.3873 50.0000 30.6740 39.4574 52.3654
16550.0000 0.0973 72.3119 50.0000 30.5101 39.0278 52.6780
16551.0000 0.0935 72.0892 50.0000 30.3812 39.3050 52.2394
16552.0000 0.0943 72.0639 50.0000 30.3459 39.2430 52.2716
16553.0000 0.0900 72.1567 50.0000 30.6470 39.4021 52.1040
16554.0000 0.0908 72.4087 50.0000 30.6870 39.5405 52.3247
16555.0000 0.0931 72.6492 50.0000 30.7375 39.5053 52.6540
16556.0000 0.0962 72.6085 50.0000 30.3594 39.6071 52.7407
16557.0000 0.0923 72.4153 50.0000 30.4215 39.7152 52.3565
16558.0000 0.0926 72.2966 50.0000 30.3572 39.6344 52.2910
16559.0000 0.0931 72.2980 50.0000 30.4746 39.4469 52.3665
16560.0000 0.0907 72.0400 50.0000 30.7717 39.0629 52.1244
16561.0000 0.0908 71.9933 50.0000 30.6707 39.1289 52.0700
16562.0000 0.0927 72.0434 50.0000 30.5281 39.1627 52.1974
16563.0000 0.0941 72.0451 50.0000 30.3861 39.1926 52.2602
16564.0000 0.0931 72.0180 50.0000 30.6331 38.9703 52.2448
16565.0000 0.0903 71.9226 50.0000 30.7628 38.9873 52.0241
16566.0000 0.0915 71.8025 50.0000 30.8927 38.6037 52.0672
16567.0000 0.0881 71.8351 50.0000 30.8400 39.0259 51.8282
16568.0000 0.0920 71.9760 50.0000 30.7305 38.9175 52.1690
16569.0000 0.0912 71.9658 50.0000 30.5101 39.2454 52.0385
16570.0000 0.0946 72.1022 50.0000 30.3378 39.2639 52.3134
16571.0000 0.0943 71.9535 50.0000 30.4395 39.0161 52.2349
16572.0000 0.0936 71.9579 50.0000 30.3564 39.1912 52.1583
16573.0000 0.0961 72.0676 50.0000 30.3200 39.1041 52.3957
16574.0000 0.0973 71.9931 50.0000 30.1655 39.0978 52.3871
16575.0000 0.0948 72.0188 50.0000 30.2706 39.2399 52.2555
16576.0000 0.0934 71.7325 50.0000 30.3080 39.0293 51.9970
16577.0000 0.0997 71.9266 50.0000 30.1594 38.8132 52.5107
16578.0000 0.1002 72.0291 50.0000 30.3257 38.6832 52.6513
16579.0000 0.0979 71.9167 50.0000 30.3389 38.7567 52.4354
16580.0000 0.0991 71.8323 50.0000 30.3284 38.5764 52.4588
16581.0000 0.0920 71.5387 50.0000 30.3210 38.9447 51.7854
16582.0000 0.0942 71.7171 50.0000 30.4426 38.7836 52.0810
16583.0000 0.0930 71.7127 50.0000 30.4707 38.8519 52.0075
16584.0000 0.0918 71.8904 50.0000 30.7459 38.8314 52.1061
16585.0000 0.0931 71.9686 50.0000 30.8158 38.7076 52.2645
16586.0000 0.0958 71.9001 50.0000 30.7170 38.5045 52.3783
16587.0000 0.0986 72.0108 50.0000 30.6390 38.4523 52.6139
16588.0000 0.0984 72.1514 50.0000 30.4061 38.8816 52.6263
16589.0000 0.0962 72.1021 50.0000 30.3441 39.1066 52.4273
16590.0000 0.0928 71.8020 50.0000 30.2985 39.1689 51.9934
16591.0000 0.0907 71.7766 50.0000 30.4912 39.1235 51.8798
16592.0000 0.0942 71.8747 50.0000 30.4157 38.9787 52.1681
16593.0000 0.0938 71.8612 50.0000 30.5208 38.8755 52.1652
16594.0000 0.0911 71.8178 50.0000 30.8068 38.7505 52.0301
16595.0000 0.0956 72.0755 50.0000 30.6536 38.7790 52.4540
16596.0000 0.0952 72.1363 50.0000 30.6346 38.8936 52.4638
16597.0000 0.0921 72.1064 50.0000 30.8163 38.9464 52.2768
16598.0000 0.0938 72.0880 50.0000 30.6781 38.9248 52.3488
16599.0000 0.0932 72.1044 50.0000 30.8540 38.8003 52.3605
16600.0000 0.0919 71.9993 50.0000 30.8382 38.8302 52.2027
16601.0000 0.0913 72.1492 50.0000 31.1834 38.6485 52.3392
16602.0000 0.0917 72.2389 50.0000 31.0266 38.8824 52.3829
16603.0000 0.0890 72.3117 50.0000 31.3310 38.8641 52.3156
16604.0000 0.0928 72.7111 50.0000 31.2655 38.9835 52.8172
16605.0000 0.0875 72.5224 50.0000 31.1873 39.3944 52.2966
16606.0000 0.0856 72.5184 50.0000 31.2425 39.5156 52.1665
16607.0000 0.0831 72.3231 50.0000 31.0386 39.8081 51.7933
16608.0000 0.0775 72.6306 50.0000 31.5575 40.1022 51.6831
16609.0000 0.0793 72.5230 50.0000 31.5312 39.8226 51.7642
16610.0000 0.0790 72.3747 50.0000 31.3745 39.8842 51.6041
16611.0000 0.0807 72.3578 50.0000 31.3524 39.7096 51.7284
16612.0000 0.0765 72.2214 50.0000 31.3580 40.0045 51.3054
16613.0000 0.0777 71.8803 50.0000 31.2424 39.6522 51.1702
16614.0000 0.0760 71.8648 50.0000 31.4195 39.5997 51.0806
16615.0000 0.0768 72.1005 50.0000 31.3478 39.8611 51.2533
16616.0000 0.0757 71.9085 50.0000 31.5888 39.4723 51.1363
16617.0000 0.0678 71.7454 50.0000 32.0437 39.5888 50.5306
16618.0000 0.0714 72.1366 50.0000 31.7994 39.9268 50.9739
16619.0000 0.0726 72.3342 50.0000 31.8958 39.8942 51.2187
16620.0000 0.0771 72.3385 50.0000 31.4993 39.8984 51.4662
16621.0000 0.0752 72.2676 50.0000 31.6865 39.7946 51.3319
16622.0000 0.0747 72.3416 50.0000 31.8524 39.7216 51.3900
16623.0000 0.0753 72.5024 50.0000 31.8134 39.8816 51.5167
16624.0000 0.0747 72.4181 50.0000 31.8061 39.8622 51.4175
16625.0000 0.0759 72.5418 50.0000 31.9877 39.6437 51.6476
16626.0000 0.0780 72.6859 50.0000 31.7814 39.8346 51.8304
16627.0000 0.0794 72.6547 50.0000 31.6875 39.7575 51.9033
16628.0000 0.0806 72.4692 50.0000 31.6371 39.4997 51.8714
16629.0000 0.0795 72.1976 50.0000 31.5993 39.3629 51.6192
16630.0000 0.0797 72.3453 50.0000 31.3973 39.7518 51.6511
16631.0000 0.0782 72.0777 50.0000 31.4814 39.5155 51.4066
16632.0000 0.0790 72.5190 50.0000 31.6781 39.6716 51.7847
16633.0000 0.0810 72.6023 50.0000 31.3783 39.9106 51.9002
16634.0000 0.0824 72.8180 50.0000 31.4683 39.8941 52.1600
16635.0000 0.0805 72.6884 50.0000 31.5853 39.8097 51.9726
16636.0000 0.0791 72.9623 50.0000 31.8921 39.8743 52.1194
16637.0000 0.0786 72.7333 50.0000 31.8504 39.7337 51.9318
16638.0000 0.0784 72.7673 50.0000 32.0635 39.5341 52.0006
16639.0000 0.0802 72.8800 50.0000 32.0506 39.4869 52.2018
16640.0000 0.0739 72.7162 50.0000 32.3775 39.5787 51.6998
16641.0000 0.0778 72.7067 50.0000 32.1526 39.4274 51.9418
16642.0000 0.0816 72.6871 50.0000 31.5903 39.6856 52.0626
16643.0000 0.0823 72.6349 50.0000 31.5312 39.6271 52.0702
16644.0000 0.0849 72.8751 50.0000 31.3999 39.7782 52.3690
16645.0000 0.0876 72.7166 50.0000 31.2164 39.5492 52.4318
16646.0000 0.0895 72.8380 50.0000 30.9137 39.8485 52.5530
16647.0000 0.0963 72.8177 50.0000 30.3588 39.8137 52.8737
16648.0000 0.0950 72.5168 50.0000 30.6234 39.3185 52.6778
16649.0000 0.0961 72.4792 50.0000 30.6198 39.1805 52.7309
16650.0000 0.0961 72.4717 50.0000 30.4487 39.3773 52.6731
16651.0000 0.0955 72.4789 50.0000 30.7128 39.1343 52.7107
16652.0000 0.0924 72.4419 50.0000 30.8306 39.2496 52.5050
16653.0000 0.0865 72.0181 50.0000 31.0720 39.1009 51.8870
16654.0000 0.0900 71.9893 50.0000 30.9518 38.8693 52.0924
16655.0000 0.0900 71.8953 50.0000 31.0757 38.6258 52.0700
16656.0000 0.0918 72.0639 50.0000 30.9105 38.8225 52.2547
16657.0000 0.0926 72.0351 50.0000 30.9064 38.7211 52.2927
16658.0000 0.0926 71.9585 50.0000 30.8130 38.7505 52.2205
16659.0000 0.0970 72.0569 50.0000 30.6709 38.6041 52.5472
16660.0000 0.0949 71.8824 50.0000 30.7154 38.5735 52.3042
16661.0000 0.0914 72.1206 50.0000 31.1386 38.6585 52.3190
16662.0000 0.0919 72.0075 50.0000 31.0221 38.6251 52.2571
16663.0000 0.0918 72.1688 50.0000 31.2824 38.5020 52.4151
16664.0000 0.0918 72.1711 50.0000 31.3736 38.4077 52.4330
16665.0000 0.0961 72.5148 50.0000 31.5197 38.1946 52.9725
16666.0000 0.0954 72.4471 50.0000 31.6318 38.0653 52.9059
16667.0000 0.0971 72.5656 50.0000 31.5467 38.1285 53.0734
16668.0000 0.0905 72.4336 50.0000 31.6892 38.4330 52.5864
16669.0000 0.0939 72.9888 50.0000 31.5329 38.8652 53.1275
16670.0000 0.0938 72.8301 50.0000 31.5480 38.6919 53.0273
16671.0000 0.0915 73.0335 50.0000 31.6855 38.9627 53.0267
16672.0000 0.0928 73.0152 50.0000 31.7316 38.7718 53.1138
16673.0000 0.0933 73.0723 50.0000 31.5372 39.0024 53.1393
16674.0000 0.0973 73.0231 50.0000 31.4790 38.6471 53.3652
16675.0000 0.0968 73.1323 50.0000 31.2949 39.0142 53.3559
16676.0000 0.1017 73.1251 50.0000 31.3316 38.5241 53.6797
16677.0000 0.1000 72.7580 50.0000 31.1422 38.5161 53.2954
16678.0000 0.0986 72.8523 50.0000 31.1432 38.7377 53.2630
16679.0000 0.0977 72.5884 50.0000 30.9253 38.7994 52.9839
16680.0000 0.0915 72.5673 50.0000 31.1369 39.1089 52.6022
16681.0000 0.0888 72.3344 50.0000 31.3359 38.8963 52.3203
16682.0000 0.0905 72.5534 50.0000 31.3219 38.9801 52.5688
16683.0000 0.0894 72.7533 50.0000 31.5320 39.0484 52.6687
16684.0000 0.0880 72.7750 50.0000 31.5687 39.1649 52.5902
16685.0000 0.0935 72.7739 50.0000 31.2960 38.9563 52.9057
16686.0000 0.0898 72.7769 50.0000 31.5386 39.0284 52.7122
16687.0000 0.0924 72.6989 50.0000 31.3577 38.9047 52.8038
16688.0000 0.0906 72.4906 50.0000 31.5447 38.6487 52.5938
16689.0000 0.0896 72.7514 50.0000 31.5460 39.0102 52.6862
16690.0000 0.0889 72.6352 50.0000 31.5539 38.9482 52.5668
16691.0000 0.0850 72.5465 50.0000 31.8048 38.9435 52.2958
16692.0000 0.0804 72.3545 50.0000 32.0323 38.9326 51.8977
16693.0000 0.0780 72.5063 50.0000 32.0884 39.2718 51.8191
16694.0000 0.0777 72.4041 50.0000 32.1458 39.1263 51.7507
16695.0000 0.0790 72.6462 50.0000 32.0827 39.3236 51.9790
16696.0000 0.0836 72.9526 50.0000 32.3852 38.8412 52.5798
16697.0000 0.0893 72.8923 50.0000 31.8592 38.8287 52.8263
16698.0000 0.0880 72.8345 50.0000 31.9665 38.7668 52.7270
16699.0000 0.0862 72.8975 50.0000 32.1761 38.7692 52.6848
16700.0000 0.0852 72.8051 50.0000 32.1140 38.8339 52.5471
16701.0000 0.0910 73.0139 50.0000 31.8478 38.8011 53.0209
16702.0000 0.0854 72.7841 50.0000 32.0620 38.8526 52.5360
16703.0000 0.0854 72.6506 50.0000 31.9016 38.9015 52.4126
16704.0000 0.0880 72.7020 50.0000 31.7057 38.9320 52.5798
16705.0000 0.0881 72.5324 50.0000 31.8574 38.5765 52.5158
16706.0000 0.0889 72.4832 50.0000 31.7363 38.5866 52.5138
16707.0000 0.0886 72.4936 50.0000 31.6648 38.7087 52.4814
16708.0000 0.0931 72.8113 50.0000 31.5966 38.6828 52.9791
16709.0000 0.0904 72.9651 50.0000 31.8412 38.8168 52.9462
16710.0000 0.0894 72.7475 50.0000 31.6425 38.9183 52.6909
16711.0000 0.0868 72.8634 50.0000 31.8931 38.9968 52.6418
16712.0000 0.0889 72.6629 50.0000 31.6838 38.8277 52.6160
16713.0000 0.0921 73.2467 50.0000 31.8041 38.9878 53.2309
16714.0000 0.0899 72.8952 50.0000 31.7570 38.8936 52.8440
16715.0000 0.0862 72.8072 50.0000 32.0160 38.8528 52.5958
16716.0000 0.0911 73.1605 50.0000 32.0231 38.7476 53.1564
16717.0000 0.0921 73.2538 50.0000 32.1552 38.6011 53.3115
16718.0000 0.0952 73.2874 50.0000 31.9268 38.6082 53.4895
16719.0000 0.0902 73.4143 50.0000 32.1998 38.8910 53.2947
16720.0000 0.0919 73.6387 50.0000 32.0221 39.1647 53.5104
16721.0000 0.0895 73.2686 50.0000 31.9745 39.0642 53.1029
16722.0000 0.0900 73.3051 50.0000 32.1602 38.8487 53.1991
16723.0000 0.0945 73.3152 50.0000 31.9613 38.6639 53.4667
16724.0000 0.0967 73.1940 50.0000 31.7833 38.5382 53.4975
16725.0000 0.0999 73.5342 50.0000 31.7189 38.6653 53.9090
16726.0000 0.0997 73.1968 50.0000 31.6749 38.3944 53.6688
16727.0000 0.1045 73.6139 50.0000 31.8656 38.1780 54.2773
16728.0000 0.1080 73.8093 50.0000 31.6889 38.2623 54.5859
16729.0000 0.1036 73.7875 50.0000 31.3094 39.0444 54.2205
16730.0000 0.1005 73.6874 50.0000 31.5015 39.0078 53.9990
16731.0000 0.0987 73.5385 50.0000 31.8361 38.6420 53.8625
16732.0000 0.0985 73.4089 50.0000 31.7558 38.6227 53.7468
16733.0000 0.0965 73.3740 50.0000 31.4473 39.1161 53.5233
16734.0000 0.0949 73.1984 50.0000 31.7430 38.7530 53.3721
16735.0000 0.0946 72.9225 50.0000 31.7794 38.4596 53.1847
16736.0000 0.0941 73.0352 50.0000 31.8848 38.5020 53.2456
16737.0000 0.0917 73.0118 50.0000 31.9156 38.6628 53.0782
16738.0000 0.0931 73.2052 50.0000 31.8901 38.7622 53.2871
16739.0000 0.0960 73.3093 50.0000 31.8601 38.6327 53.5415
16740.0000 0.0942 73.0016 50.0000 31.7506 38.6054 53.2048
16741.0000 0.0941 73.0711 50.0000 31.5588 38.9000 53.1998
16742.0000 0.0948 73.2413 50.0000 31.8570 38.6794 53.4165
16743.0000 0.0925 72.9968 50.0000 31.6546 38.8628 53.0678
16744.0000 0.0936 73.0090 50.0000 31.7788 38.6407 53.1726
16745.0000 0.0886 72.6559 50.0000 31.9728 38.5223 52.6560
16746.0000 0.0876 72.7502 50.0000 31.6858 39.0429 52.5761
16747.0000 0.0865 73.2143 50.0000 32.1026 39.1509 52.8863
16748.0000 0.0855 73.1206 50.0000 32.1395 39.1076 52.7661
16749.0000 0.0906 73.2294 50.0000 31.7543 39.1745 53.0996
16750.0000 0.0944 73.4649 50.0000 31.3268 39.5371 53.4092
16751.0000 0.0914 73.3248 50.0000 31.6146 39.3515 53.1837
16752.0000 0.0926 73.4711 50.0000 31.8877 39.0804 53.4219
16753.0000 0.0969 73.5360 50.0000 31.5525 39.1241 53.6777
16754.0000 0.0949 73.5073 50.0000 31.5325 39.3003 53.5212
16755.0000 0.0947 73.6211 50.0000 31.5819 39.3786 53.5908
16756.0000 0.1005 73.8247 50.0000 31.5158 39.1267 54.0920
16757.0000 0.0975 73.8118 50.0000 31.6963 39.1847 53.9267
16758.0000 0.0916 73.5196 50.0000 31.6930 39.4418 53.3388
16759.0000 0.0894 73.4755 50.0000 31.9001 39.3766 53.2026
16760.0000 0.0898 73.4587 50.0000 31.8374 39.3881 53.2084
16761.0000 0.0875 73.4814 50.0000 31.9925 39.4531 53.0985
16762.0000 0.0890 73.5997 50.0000 31.8915 39.5518 53.2495
16763.0000 0.0840 73.3637 50.0000 31.8765 39.8196 52.7307
16764.0000 0.0868 73.4459 50.0000 31.7804 39.7320 52.9686
16765.0000 0.0885 73.5120 50.0000 31.8887 39.5067 53.1635
16766.0000 0.0865 73.4704 50.0000 31.7173 39.8701 52.9366
16767.0000 0.0830 73.3217 50.0000 31.8778 39.8689 52.6341
16768.0000 0.0855 73.4064 50.0000 31.7505 39.8568 52.8380
16769.0000 0.0829 73.4574 50.0000 31.8267 40.0873 52.6884
16770.0000 0.0834 73.3711 50.0000 31.6287 40.1857 52.6123
16771.0000 0.0810 73.4642 50.0000 31.9920 40.0905 52.5952
16772.0000 0.0775 73.4154 50.0000 32.3048 40.0403 52.3736
16773.0000 0.0801 73.6193 50.0000 32.1220 40.2035 52.6466
16774.0000 0.0827 73.7478 50.0000 31.9773 40.2412 52.8852
16775.0000 0.0829 73.6540 50.0000 31.9855 40.1048 52.8531
16776.0000 0.0795 73.5161 50.0000 32.1388 40.1296 52.5484
16777.0000 0.0820 73.4005 50.0000 32.0793 39.8161 52.6615
16778.0000 0.0828 73.4918 50.0000 32.1481 39.7514 52.7955
16779.0000 0.0791 73.4253 50.0000 32.4072 39.7541 52.5419
16780.0000 0.0810 73.3270 50.0000 32.3942 39.4738 52.6239
16781.0000 0.0851 73.7191 50.0000 32.1656 39.7383 53.1107
16782.0000 0.0854 73.6231 50.0000 32.2561 39.5056 53.0962
16783.0000 0.0869 73.7707 50.0000 32.2819 39.4833 53.3015
16784.0000 0.0883 73.7740 50.0000 32.0410 39.6293 53.3432
16785.0000 0.0900 73.7227 50.0000 32.2409 39.1832 53.4813
16786.0000 0.0934 73.7066 50.0000 32.0402 39.0736 53.6596
16787.0000 0.0933 73.7196 50.0000 32.1698 38.9452 53.6932
16788.0000 0.0947 73.8675 50.0000 32.0316 39.1227 53.8497
16789.0000 0.0929 73.6626 50.0000 32.0507 39.0647 53.5993
16790.0000 0.0896 73.5608 50.0000 31.8836 39.4575 53.2705
16791.0000 0.0883 73.8716 50.0000 32.1010 39.6612 53.4184
16792.0000 0.0899 73.7336 50.0000 31.8981 39.5959 53.3978
16793.0000 0.0883 73.6530 50.0000 32.0931 39.4448 53.2814
16794.0000 0.0882 73.8854 50.0000 32.0693 39.7225 53.4110
16795.0000 0.0916 73.9382 50.0000 32.0800 39.4322 53.6921
16796.0000 0.0869 73.5925 50.0000 32.1964 39.3926 53.1740
16797.0000 0.0884 73.6418 50.0000 32.1240 39.3834 53.2927
16798.0000 0.0940 73.6587 50.0000 32.0103 39.0004 53.6648
16799.0000 0.0949 73.9554 50.0000 31.8381 39.4166 53.8709
16800.0000 0.0927 73.8993 50.0000 31.9631 39.4259 53.7128
16801.0000 0.0938 74.1072 50.0000 31.8006 39.7132 53.8838
16802.0000 0.0974 74.0911 50.0000 31.4537 39.7508 54.0374
16803.0000 0.0954 74.1519 50.0000 31.8303 39.5719 54.0316
16804.0000 0.0902 73.9274 50.0000 32.3331 39.2717 53.6429
16805.0000 0.0894 73.8814 50.0000 32.1412 39.5173 53.5144
16806.0000 0.0899 74.1908 50.0000 32.1580 39.7705 53.7442
16807.0000 0.0903 74.1625 50.0000 32.2936 39.5495 53.7869
16808.0000 0.0909 74.2539 50.0000 32.3521 39.5120 53.9053
16809.0000 0.0862 74.1299 50.0000 32.3984 39.7865 53.5034
16810.0000 0.0884 74.3511 50.0000 32.3412 39.8742 53.7790
16811.0000 0.0846 74.2306 50.0000 32.6627 39.7477 53.5112
16812.0000 0.0870 74.2267 50.0000 32.3387 39.8819 53.6026
16813.0000 0.0900 74.2165 50.0000 32.1807 39.7580 53.7754
16814.0000 0.0894 74.0107 50.0000 32.0491 39.7575 53.5703
16815.0000 0.0833 73.9530 50.0000 32.5770 39.6890 53.2219
16816.0000 0.0846 73.9556 50.0000 32.7536 39.3643 53.3581
16817.0000 0.0877 74.0974 50.0000 32.4826 39.5134 53.6097
16818.0000 0.0820 74.0626 50.0000 32.9458 39.5055 53.2837
16819.0000 0.0821 74.1180 50.0000 32.9854 39.5087 53.3340
16820.0000 0.0851 74.2024 50.0000 32.8192 39.4929 53.5650
16821.0000 0.0843 74.0486 50.0000 32.7035 39.5468 53.3829
16822.0000 0.0831 74.1359 50.0000 32.7252 39.7285 53.3558
16823.0000 0.0857 74.4319 50.0000 32.6189 39.9045 53.7005
16824.0000 0.0847 74.5612 50.0000 32.4346 40.3480 53.6602
16825.0000 0.0882 74.4830 50.0000 32.3182 40.0539 53.8417
16826.0000 0.0870 74.3143 50.0000 32.2534 40.0674 53.6371
16827.0000 0.0890 74.2725 50.0000 32.0944 40.0111 53.7166
16828.0000 0.0869 74.3859 50.0000 32.2229 40.1887 53.6640
16829.0000 0.0862 74.3817 50.0000 32.1917 40.2899 53.6009
16830.0000 0.0851 74.3683 50.0000 32.2308 40.3494 53.5139
16831.0000 0.0909 74.4911 50.0000 32.1301 40.0162 53.9934
16832.0000 0.0943 74.9007 50.0000 31.9808 40.2786 54.4515
16833.0000 0.0904 74.6078 50.0000 32.1997 40.1008 54.0503
16834.0000 0.0911 74.6878 50.0000 32.1701 40.1484 54.1430
16835.0000 0.0899 74.9236 50.0000 32.4180 40.2271 54.2624
16836.0000 0.0828 74.7144 50.0000 32.8612 40.2041 53.7217
16837.0000 0.0838 74.9093 50.0000 32.5156 40.7125 53.8204
16838.0000 0.0881 75.0334 50.0000 32.5202 40.4048 54.2208
16839.0000 0.0852 74.8805 50.0000 32.7723 40.2448 53.9762
16840.0000 0.0834 74.5728 50.0000 32.6567 40.2369 53.6249
16841.0000 0.0860 74.7751 50.0000 32.5285 40.3295 53.9142
16842.0000 0.0824 74.6420 50.0000 32.7314 40.3210 53.6124
16843.0000 0.0840 74.5104 50.0000 32.3661 40.4456 53.5574
16844.0000 0.0823 74.6493 50.0000 32.2413 40.9277 53.4597
16845.0000 0.0782 74.5894 50.0000 32.3302 41.1981 53.1136
16846.0000 0.0816 74.4422 50.0000 32.4089 40.5813 53.3334
16847.0000 0.0822 74.5497 50.0000 32.3403 40.7104 53.4269
16848.0000 0.0839 74.4952 50.0000 32.3148 40.5060 53.5216
16849.0000 0.0821 74.3283 50.0000 32.6752 40.0866 53.3863
16850.0000 0.0839 74.5884 50.0000 32.5894 40.2747 53.6591
16851.0000 0.0831 74.3464 50.0000 32.4532 40.2689 53.4096
16852.0000 0.0862 74.3079 50.0000 32.2081 40.2010 53.5554
16853.0000 0.0840 74.3861 50.0000 32.3873 40.2906 53.4885
16854.0000 0.0791 74.5187 50.0000 32.9451 40.2836 53.3375
16855.0000 0.0764 74.2159 50.0000 32.8114 40.4042 52.9047
16856.0000 0.0772 74.4949 50.0000 32.8450 40.5731 53.1462
16857.0000 0.0805 74.7450 50.0000 32.8893 40.4439 53.5668
16858.0000 0.0812 74.5786 50.0000 32.8426 40.2526 53.5076
16859.0000 0.0795 74.6327 50.0000 33.0538 40.2339 53.4670
16860.0000 0.0780 74.6160 50.0000 33.1169 40.3021 53.3531
16861.0000 0.0795 74.7595 50.0000 33.2515 40.1420 53.5905
16862.0000 0.0761 74.7406 50.0000 33.4570 40.2322 53.3681
16863.0000 0.0756 74.9446 50.0000 33.7964 40.1035 53.5370
16864.0000 0.0754 74.9804 50.0000 33.9963 39.9341 53.5872
16865.0000 0.0761 74.7295 50.0000 33.5658 40.0896 53.3916
16866.0000 0.0771 74.5123 50.0000 33.3495 40.0120 53.2816
16867.0000 0.0791 74.7907 50.0000 33.5937 39.8200 53.6608
16868.0000 0.0764 74.5811 50.0000 33.4589 40.0333 53.2932
16869.0000 0.0800 74.6353 50.0000 33.3122 39.8830 53.5730
16870.0000 0.0857 74.8479 50.0000 33.1201 39.7548 54.0816
16871.0000 0.0853 74.6295 50.0000 32.9458 39.7699 53.8747
16872.0000 0.0860 74.6754 50.0000 33.0622 39.6222 53.9758
16873.0000 0.0889 74.3538 50.0000 32.8343 39.2648 53.9321
16874.0000 0.0857 74.2319 50.0000 33.0280 39.2300 53.6706
16875.0000 0.0877 74.2276 50.0000 32.4885 39.6431 53.6905
16876.0000 0.0880 74.3889 50.0000 32.8190 39.4006 53.8907
16877.0000 0.0894 74.7446 50.0000 32.7760 39.6805 54.2028
16878.0000 0.0917 74.7419 50.0000 32.2830 40.0186 54.2465
16879.0000 0.0894 74.6125 50.0000 32.3116 40.0808 54.0048
16880.0000 0.0921 74.5676 50.0000 32.2528 39.8326 54.1613
16881.0000 0.0917 74.8026 50.0000 32.3576 39.9992 54.2999
16882.0000 0.0877 74.7031 50.0000 32.7684 39.8123 54.0534
16883.0000 0.0912 74.7222 50.0000 32.7309 39.5371 54.3039
16884.0000 0.0906 74.7715 50.0000 32.7864 39.5866 54.3021
16885.0000 0.0893 74.5549 50.0000 32.9308 39.3273 54.1051
16886.0000 0.0852 74.5258 50.0000 33.3736 39.1926 53.8910
16887.0000 0.0896 74.8808 50.0000 33.2979 39.2209 54.4069
16888.0000 0.0862 74.7319 50.0000 33.0866 39.6312 54.0324
16889.0000 0.0870 74.7386 50.0000 33.0781 39.5660 54.0946
16890.0000 0.0904 74.9621 50.0000 32.8122 39.7700 54.4153
16891.0000 0.0894 74.7862 50.0000 32.6198 39.9079 54.1875
16892.0000 0.0915 74.9173 50.0000 32.3987 40.0820 54.3724
16893.0000 0.0895 74.6539 50.0000 32.6113 39.7675 54.1133
16894.0000 0.0896 74.7504 50.0000 32.9629 39.4596 54.2588
16895.0000 0.0919 74.8178 50.0000 33.1668 39.0859 54.4973
16896.0000 0.0880 74.9719 50.0000 33.4221 39.3248 54.3811
16897.0000 0.0908 75.1640 50.0000 33.5448 39.1217 54.7161
16898.0000 0.0874 74.7665 50.0000 33.6678 38.9047 54.2488
16899.0000 0.0849 74.7320 50.0000 33.7798 38.9810 54.0766
16900.0000 0.0914 74.8703 50.0000 33.3885 38.9405 54.5382
16901.0000 0.0821 74.4579 50.0000 33.6052 39.1593 53.6769
16902.0000 0.0853 74.4604 50.0000 33.3571 39.1334 53.8537
16903.0000 0.0893 74.5509 50.0000 33.4762 38.7204 54.2025
16904.0000 0.0915 74.7065 50.0000 33.7831 38.3394 54.4963
16905.0000 0.0919 75.0556 50.0000 33.4988 38.9609 54.7104
16906.0000 0.0992 75.0522 50.0000 33.1021 38.7291 55.1103
16907.0000 0.0972 75.1485 50.0000 33.1919 38.9087 55.0609
16908.0000 0.1006 75.0353 50.0000 32.9440 38.7559 55.1631
16909.0000 0.0950 74.8686 50.0000 33.1395 38.8804 54.7302
16910.0000 0.0982 74.8021 50.0000 33.0311 38.6449 54.8715
16911.0000 0.0954 74.8877 50.0000 33.1556 38.8471 54.7701
16912.0000 0.0959 74.6305 50.0000 33.1943 38.5059 54.6365
16913.0000 0.0919 74.7730 50.0000 33.1368 39.0729 54.4634
16914.0000 0.0945 74.8226 50.0000 32.9869 39.0496 54.6390
16915.0000 0.0902 74.5751 50.0000 33.2356 38.9242 54.2379
16916.0000 0.0918 74.8009 50.0000 33.3745 38.8527 54.5141
16917.0000 0.0963 74.7931 50.0000 32.9106 38.9360 54.7255
16918.0000 0.0995 74.6793 50.0000 32.7266 38.7430 54.8174
16919.0000 0.0965 74.4890 50.0000 32.6531 38.8947 54.4939
16920.0000 0.0959 74.4528 50.0000 32.7736 38.7806 54.4534
16921.0000 0.0985 74.5472 50.0000 32.3897 39.0628 54.6103
16922.0000 0.0963 74.3622 50.0000 32.9405 38.4780 54.4435
16923.0000 0.0982 74.3820 50.0000 32.7865 38.4935 54.5525
16924.0000 0.1046 74.5863 50.0000 32.8297 38.0891 55.0867
16925.0000 0.0987 74.2556 50.0000 32.9031 38.1956 54.5195
16926.0000 0.1026 74.3590 50.0000 32.7944 38.0786 54.8070
16927.0000 0.1049 74.4909 50.0000 32.8307 37.9752 55.0357
16928.0000 0.1082 74.5848 50.0000 32.9565 37.6535 55.3080
16929.0000 0.1101 74.5863 50.0000 32.7316 37.7345 55.3883
16930.0000 0.1073 74.5338 50.0000 32.9935 37.6361 55.2290
16931.0000 0.1051 74.6596 50.0000 32.9331 38.0074 55.1807
16932.0000 0.1014 74.7258 50.0000 33.3397 37.9595 55.0589
16933.0000 0.1031 75.0233 50.0000 33.1869 38.2682 55.3414
16934.0000 0.1039 74.7781 50.0000 32.8858 38.2774 55.1827
16935.0000 0.0975 74.7028 50.0000 33.3963 38.2186 54.8136
16936.0000 0.1008 74.7873 50.0000 33.0892 38.3402 55.0297
16937.0000 0.1031 74.7480 50.0000 32.9303 38.2681 55.1219
16938.0000 0.0937 74.4443 50.0000 33.2336 38.4698 54.3834
16939.0000 0.0990 74.5878 50.0000 33.0922 38.3013 54.7837
16940.0000 0.0983 74.7207 50.0000 33.0688 38.5165 54.8280
16941.0000 0.0932 74.3909 50.0000 33.1262 38.5836 54.2952
16942.0000 0.0886 74.2841 50.0000 33.1565 38.8646 53.9287
16943.0000 0.0894 74.2700 50.0000 32.9312 39.0266 53.9304
16944.0000 0.0896 74.0633 50.0000 33.0300 38.6903 53.8280
16945.0000 0.0938 74.2163 50.0000 32.7192 38.7985 54.1497
16946.0000 0.0903 74.1463 50.0000 32.7739 38.9874 53.8844
16947.0000 0.0899 74.1889 50.0000 32.7481 39.0986 53.8783
16948.0000 0.0852 74.1410 50.0000 33.1328 39.0648 53.6008
16949.0000 0.0899 74.4270 50.0000 32.7761 39.3142 54.0324
16950.0000 0.0982 74.6370 50.0000 32.4301 39.1352 54.6571
16951.0000 0.1005 74.6499 50.0000 32.1922 39.2063 54.7643
16952.0000 0.0954 74.5821 50.0000 32.3391 39.4440 54.4136
16953.0000 0.0972 74.3272 50.0000 32.0921 39.2919 54.3211
16954.0000 0.0964 74.3611 50.0000 32.3694 39.0884 54.3497
16955.0000 0.0979 74.4025 50.0000 32.1228 39.2741 54.4189
16956.0000 0.0932 74.3901 50.0000 32.6309 39.1241 54.2072
16957.0000 0.0941 74.2103 50.0000 32.4163 39.0991 54.1075
16958.0000 0.0952 74.3054 50.0000 32.2447 39.2853 54.2056
16959.0000 0.0936 74.0525 50.0000 32.2639 39.1556 53.9411
16960.0000 0.0985 74.0472 50.0000 31.8511 39.1588 54.1765
16961.0000 0.0960 74.1489 50.0000 32.1395 39.1669 54.1393
16962.0000 0.0999 74.1325 50.0000 32.1731 38.7612 54.3883
16963.0000 0.0979 73.9795 50.0000 32.0445 38.9330 54.1326
16964.0000 0.0996 74.1298 50.0000 31.9577 39.0257 54.3224
16965.0000 0.0983 74.2339 50.0000 32.1744 39.0108 54.3473
16966.0000 0.1047 74.2980 50.0000 31.9677 38.7302 54.7561
16967.0000 0.1049 74.4645 50.0000 31.9005 38.9453 54.8688
16968.0000 0.1013 74.3285 50.0000 32.0400 38.9794 54.5782
16969.0000 0.1032 74.1262 50.0000 31.7484 38.9271 54.5106
16970.0000 0.1051 74.2795 50.0000 31.9088 38.7417 54.7572
16971.0000 0.1063 74.2195 50.0000 31.8408 38.6492 54.7808
16972.0000 0.0997 74.1757 50.0000 32.1155 38.8859 54.3923
16973.0000 0.0979 74.0766 50.0000 32.0508 39.0236 54.1964
16974.0000 0.1019 74.2637 50.0000 31.9906 38.9166 54.5637
16975.0000 0.0973 73.9653 50.0000 31.8443 39.1956 54.0418
16976.0000 0.0961 74.0492 50.0000 32.1021 39.1038 54.0707
16977.0000 0.0950 74.1481 50.0000 32.1057 39.2945 54.0658
16978.0000 0.0880 74.2435 50.0000 32.4907 39.6246 53.7247
16979.0000 0.0915 74.2783 50.0000 32.4646 39.3547 53.9864
16980.0000 0.0940 74.5059 50.0000 32.5124 39.3018 54.3087
16981.0000 0.0922 74.3033 50.0000 32.5124 39.2665 54.0562
16982.0000 0.0946 74.2987 50.0000 32.1225 39.4741 54.1317
16983.0000 0.0938 74.2435 50.0000 32.0427 39.5842 54.0228
16984.0000 0.0988 74.1705 50.0000 31.6605 39.4675 54.2329
16985.0000 0.1005 74.2350 50.0000 31.3781 39.6926 54.3208
16986.0000 0.0986 74.3703 50.0000 31.3880 40.0039 54.2716
16987.0000 0.0992 74.1647 50.0000 31.3075 39.8261 54.1676
16988.0000 0.1026 74.2526 50.0000 31.3654 39.5387 54.4643
16989.0000 0.0995 74.3605 50.0000 31.6321 39.6268 54.3931
16990.0000 0.1034 74.3380 50.0000 31.6895 39.1829 54.6499
16991.0000 0.1016 74.4244 50.0000 31.7101 39.4101 54.5922
16992.0000 0.1005 74.1803 50.0000 31.5326 39.4668 54.3212
16993.0000 0.0993 74.1260 50.0000 31.5255 39.5284 54.2062
16994.0000 0.0990 74.0315 50.0000 31.5533 39.4292 54.1331
16995.0000 0.1011 74.2485 50.0000 31.4370 39.5902 54.3798
16996.0000 0.0969 74.1964 50.0000 31.6975 39.6300 54.1279
16997.0000 0.1023 74.1607 50.0000 31.1805 39.6732 54.3472
16998.0000 0.1006 74.2143 50.0000 31.2570 39.8027 54.2818
16999.0000 0.1005 74.1003 50.0000 31.3493 39.5936 54.2257
17000.0000 0.1042 74.3231 50.0000 31.1715 39.6758 54.5718
17001.0000 0.1080 74.2889 50.0000 31.2500 39.2173 54.8113
17002.0000 0.1030 74.2498 50.0000 31.4653 39.3864 54.5131
17003.0000 0.1055 74.0806 50.0000 31.3191 39.1511 54.5365
17004.0000 0.1046 74.2061 50.0000 31.3152 39.3660 54.5548
17005.0000 0.1032 74.1955 50.0000 31.6857 39.0649 54.5428
17006.0000 0.1037 74.3925 50.0000 31.6486 39.2602 54.6923
17007.0000 0.1047 74.6537 50.0000 31.5950 39.4924 54.9115
17008.0000 0.1083 74.5583 50.0000 31.5395 39.1357 55.0689
17009.0000 0.1080 74.5867 50.0000 31.8367 38.8661 55.1273
17010.0000 0.1007 74.4266 50.0000 32.1877 38.9659 54.6344
17011.0000 0.1035 74.4965 50.0000 31.6612 39.3698 54.7477
17012.0000 0.1076 74.6356 50.0000 31.4168 39.4055 55.0515
17013.0000 0.1060 74.6404 50.0000 31.2462 39.7495 54.9075
17014.0000 0.1032 74.5812 50.0000 31.7624 39.3701 54.8041
17015.0000 0.0993 74.5027 50.0000 31.7338 39.6782 54.4909
17016.0000 0.0996 74.4855 50.0000 31.8045 39.5525 54.5176
17017.0000 0.0982 74.4372 50.0000 31.8768 39.5497 54.4112
17018.0000 0.0985 74.3705 50.0000 31.6715 39.6917 54.3365
17019.0000 0.1004 74.5964 50.0000 31.4323 40.0060 54.5541
17020.0000 0.0999 74.2669 50.0000 31.6105 39.5250 54.3518
17021.0000 0.1011 74.2376 50.0000 31.6562 39.3278 54.4283
17022.0000 0.0945 74.1202 50.0000 31.8144 39.6453 53.9435
17023.0000 0.0972 74.3874 50.0000 31.6642 39.8320 54.2612
17024.0000 0.0998 74.4311 50.0000 31.7238 39.5653 54.4810
17025.0000 0.0999 74.5392 50.0000 31.6617 39.7436 54.5351
17026.0000 0.0989 74.4618 50.0000 31.7990 39.6013 54.4529
17027.0000 0.1067 74.5701 50.0000 31.3805 39.4679 54.9386
17028.0000 0.1030 74.4227 50.0000 31.5722 39.4351 54.6517
17029.0000 0.1093 74.9341 50.0000 31.5475 39.4123 55.3764
17030.0000 0.1055 74.8499 50.0000 31.6445 39.5596 55.1015
17031.0000 0.1074 75.2133 50.0000 31.5461 39.8585 55.4363
17032.0000 0.1080 75.0534 50.0000 31.6124 39.5761 55.3841
17033.0000 0.1116 75.0264 50.0000 31.1729 39.7096 55.5009
17034.0000 0.1079 74.8247 50.0000 31.4386 39.5493 55.1924
17035.0000 0.1105 74.6512 50.0000 31.0354 39.5877 55.1581
17036.0000 0.1167 74.6456 50.0000 31.1936 38.8753 55.5666
17037.0000 0.1075 74.4906 50.0000 31.1476 39.5684 54.8909
17038.0000 0.1067 74.5216 50.0000 31.2085 39.6075 54.8703
17039.0000 0.1128 74.6624 50.0000 30.9989 39.4354 55.3027
17040.0000 0.1078 74.6468 50.0000 31.0686 39.7893 54.9882
17041.0000 0.1131 74.7134 50.0000 30.9130 39.5555 55.3340
17042.0000 0.1102 74.5893 50.0000 31.1261 39.4522 55.1204
17043.0000 0.1065 74.4764 50.0000 31.1599 39.6344 54.8170
17044.0000 0.1093 74.5238 50.0000 31.0745 39.5295 55.0054
17045.0000 0.1109 74.5578 50.0000 30.9948 39.5095 55.1106
17046.0000 0.1067 74.3686 50.0000 31.2354 39.4232 54.7800
17047.0000 0.1043 74.5052 50.0000 31.0719 39.9605 54.6693
17048.0000 0.1078 74.6339 50.0000 31.1852 39.6433 55.0101
17049.0000 0.1096 74.6641 50.0000 31.1702 39.5355 55.1369
17050.0000 0.1037 74.5369 50.0000 31.1620 39.9501 54.6688
17051.0000 0.1041 74.3187 50.0000 31.3114 39.5221 54.5973
17052.0000 0.1070 74.2215 50.0000 31.3565 39.1208 54.7281
17053.0000 0.1037 74.2213 50.0000 31.2596 39.5199 54.4960
17054.0000 0.0969 74.0660 50.0000 31.4365 39.7942 53.9809
17055.0000 0.0998 74.1548 50.0000 31.1903 39.8912 54.1737
17056.0000 0.1014 74.3127 50.0000 31.4965 39.5586 54.4560
17057.0000 0.1016 74.0776 50.0000 31.2826 39.5401 54.2723
17058.0000 0.0983 74.1890 50.0000 31.9101 39.2518 54.2683
17059.0000 0.0960 73.9708 50.0000 31.8109 39.3541 53.9537
17060.0000 0.1057 74.2539 50.0000 31.5278 39.0730 54.7078
17061.0000 0.1018 74.0305 50.0000 31.5456 39.1800 54.3169
17062.0000 0.1031 74.0134 50.0000 31.4464 39.1621 54.3640
17063.0000 0.1059 74.5724 50.0000 31.6897 39.1973 54.9579
17064.0000 0.1063 74.4326 50.0000 31.5402 39.1875 54.8613
17065.0000 0.1055 74.5039 50.0000 31.5296 39.3399 54.8552
17066.0000 0.1080 74.6942 50.0000 31.5697 39.2650 55.1438
17067.0000 0.1103 74.8066 50.0000 31.3651 39.4005 55.3160
17068.0000 0.1120 74.9639 50.0000 31.4949 39.2577 55.5562
17069.0000 0.1077 74.5805 50.0000 31.3832 39.3792 55.0147
17070.0000 0.1109 74.7018 50.0000 31.3998 39.2009 55.2965
17071.0000 0.1122 74.6454 50.0000 31.2274 39.2256 55.3004
17072.0000 0.1138 74.6110 50.0000 31.1735 39.1095 55.3667
17073.0000 0.1157 74.5631 50.0000 30.9601 39.1355 55.4035
17074.0000 0.1102 74.4296 50.0000 31.1830 39.2357 55.0268
17075.0000 0.1145 74.5050 50.0000 30.9036 39.2422 55.2813
17076.0000 0.1158 74.2480 50.0000 30.8271 38.9590 55.1783
17077.0000 0.1084 73.9961 50.0000 31.1762 38.9677 54.6350
17078.0000 0.1135 73.8056 50.0000 31.0487 38.4818 54.7940
17079.0000 0.1082 73.5100 50.0000 31.1694 38.5142 54.3033
17080.0000 0.1095 73.4610 50.0000 30.9887 38.5488 54.3158
17081.0000 0.1135 73.4546 50.0000 31.0337 38.1572 54.5574
17082.0000 0.1139 73.5251 50.0000 30.9687 38.2597 54.6175
17083.0000 0.1196 73.8938 50.0000 30.5311 38.6198 55.1058
17084.0000 0.1186 73.8428 50.0000 30.7379 38.4295 55.0556
17085.0000 0.1179 73.8434 50.0000 30.7861 38.4376 55.0237
17086.0000 0.1169 73.6437 50.0000 30.8060 38.3058 54.8365
17087.0000 0.1261 73.9338 50.0000 30.5735 38.0808 55.5096
17088.0000 0.1229 74.0454 50.0000 30.8428 38.1600 55.4549
17089.0000 0.1249 74.0413 50.0000 30.5396 38.3145 55.5108
17090.0000 0.1224 74.1271 50.0000 30.7861 38.3355 55.4746
17091.0000 0.1252 74.1885 50.0000 30.9296 38.0147 55.6972
17092.0000 0.1238 74.1320 50.0000 30.8452 38.1624 55.5676
17093.0000 0.1225 73.9638 50.0000 30.9009 38.0540 55.3865
17094.0000 0.1217 74.0590 50.0000 31.1656 37.9230 55.4552
17095.0000 0.1227 73.9085 50.0000 31.0818 37.7919 55.3911
17096.0000 0.1202 73.7206 50.0000 31.0737 37.8232 55.1230
17097.0000 0.1247 73.8324 50.0000 30.8905 37.7607 55.4178
17098.0000 0.1219 73.7880 50.0000 31.2649 37.5473 55.2935
17099.0000 0.1176 73.7846 50.0000 31.4897 37.6551 55.0877
17100.0000 0.1135 73.4873 50.0000 31.6518 37.5316 54.6802
17101.0000 0.1171 73.7196 50.0000 31.4049 37.7242 55.0018
17102.0000 0.1196 73.6711 50.0000 31.4422 37.4368 55.1117
17103.0000 0.1193 73.8892 50.0000 31.5306 37.5754 55.2587
17104.0000 0.1187 74.1750 50.0000 31.8288 37.5786 55.4682
17105.0000 0.1158 73.9403 50.0000 31.9478 37.4695 55.1593
17106.0000 0.1175 74.1535 50.0000 32.0366 37.4428 55.4115
17107.0000 0.1124 74.0810 50.0000 32.0809 37.7390 55.0870
17108.0000 0.1178 74.2294 50.0000 32.0274 37.4952 55.4830
17109.0000 0.1205 74.1848 50.0000 32.0321 37.2312 55.5983
17110.0000 0.1183 74.2997 50.0000 32.3328 37.2022 55.5970
17111.0000 0.1191 74.3307 50.0000 32.4124 37.0899 55.6671
17112.0000 0.1201 74.4681 50.0000 32.2890 37.2713 55.8012
17113.0000 0.1195 74.2676 50.0000 32.2056 37.2086 55.6237
17114.0000 0.1274 74.2764 50.0000 31.7912 37.0309 55.9912
17115.0000 0.1292 74.5347 50.0000 31.9396 36.9802 56.2828
17116.0000 0.1253 74.4170 50.0000 31.7944 37.3244 55.9812
17117.0000 0.1293 74.2899 50.0000 31.5924 37.1014 56.0749
17118.0000 0.1306 74.6027 50.0000 31.6530 37.2316 56.3690
17119.0000 0.1345 74.3721 50.0000 31.5394 36.8341 56.3890
17120.0000 0.1368 74.7398 50.0000 31.4963 37.0425 56.7616
17121.0000 0.1315 74.3447 50.0000 31.5047 37.0738 56.2149
17122.0000 0.1280 74.2866 50.0000 31.5976 37.1945 56.0060
17123.0000 0.1254 74.0011 50.0000 31.6841 37.0376 55.6821
17124.0000 0.1251 73.9535 50.0000 31.5866 37.1126 55.6242
17125.0000 0.1284 74.0426 50.0000 31.3437 37.1927 55.8264
17126.0000 0.1303 74.2222 50.0000 31.3854 37.1765 56.0518
17127.0000 0.1350 74.5188 50.0000 31.4685 37.0037 56.5112
17128.0000 0.1317 74.1252 50.0000 31.3488 37.0100 56.0541
17129.0000 0.1316 73.8155 50.0000 30.9208 37.1711 55.7758
17130.0000 0.1338 73.8613 50.0000 31.0544 36.9098 55.9355
17131.0000 0.1275 73.6969 50.0000 31.0123 37.2844 55.4918
17132.0000 0.1266 73.7777 50.0000 31.0924 37.3425 55.5154
17133.0000 0.1293 73.9403 50.0000 31.2728 37.1056 55.7886
17134.0000 0.1239 73.7985 50.0000 31.4714 37.1856 55.4347
17135.0000 0.1262 73.8491 50.0000 31.6849 36.8270 55.6196
17136.0000 0.1225 73.5286 50.0000 31.5191 36.9857 55.1821
17137.0000 0.1229 73.4220 50.0000 31.6840 36.6792 55.1502
17138.0000 0.1234 73.5308 50.0000 31.5025 36.9383 55.2262
17139.0000 0.1232 73.6168 50.0000 31.5360 36.9953 55.2835
17140.0000 0.1329 74.0750 50.0000 30.9762 37.2588 56.0300
17141.0000 0.1321 74.1217 50.0000 31.6060 36.7159 56.0984
17142.0000 0.1331 74.0056 50.0000 31.2771 36.8677 56.0299
17143.0000 0.1348 74.0640 50.0000 31.1614 36.9109 56.1429
17144.0000 0.1368 74.2529 50.0000 30.9131 37.1900 56.3452
17145.0000 0.1372 74.1326 50.0000 30.8850 37.0808 56.2741
17146.0000 0.1357 74.3574 50.0000 30.8878 37.3997 56.3581
17147.0000 0.1374 74.5648 50.0000 30.9310 37.4144 56.5981
17148.0000 0.1325 74.1768 50.0000 31.1202 37.2323 56.1025
17149.0000 0.1326 74.1117 50.0000 31.1669 37.1169 56.0669
17150.0000 0.1318 74.1049 50.0000 31.0144 37.3328 55.9992
17151.0000 0.1360 74.4597 50.0000 31.0788 37.2711 56.4732
17152.0000 0.1363 74.1279 50.0000 30.8214 37.2105 56.2171
17153.0000 0.1370 74.0371 50.0000 30.7614 37.1313 56.1828
17154.0000 0.1374 74.2947 50.0000 30.8412 37.2560 56.3961
17155.0000 0.1398 73.9950 50.0000 30.5981 37.0497 56.2702
17156.0000 0.1377 73.9831 50.0000 30.6046 37.1923 56.1568
17157.0000 0.1375 74.0177 50.0000 30.7334 37.1041 56.1904
17158.0000 0.1378 74.0266 50.0000 30.7759 37.0461 56.2172
17159.0000 0.1333 73.7874 50.0000 30.9178 37.0163 55.8432
17160.0000 0.1458 74.0279 50.0000 30.6125 36.6171 56.5880
17161.0000 0.1361 73.8386 50.0000 30.8608 36.9155 56.0088
17162.0000 0.1316 73.6331 50.0000 30.8425 37.0807 55.6381
17163.0000 0.1336 73.7499 50.0000 30.8896 36.9860 55.8293
17164.0000 0.1324 73.9964 50.0000 31.0969 37.0970 55.9667
17165.0000 0.1342 73.9211 50.0000 30.8469 37.1457 55.9732
17166.0000 0.1386 74.2340 50.0000 30.7473 37.2035 56.4020
17167.0000 0.1316 73.9430 50.0000 30.8409 37.3748 55.8527
17168.0000 0.1285 73.9105 50.0000 31.1410 37.2697 55.7133
17169.0000 0.1333 74.3803 50.0000 30.8434 37.6495 56.2461
17170.0000 0.1388 74.7928 50.0000 30.7370 37.7206 56.8010
17171.0000 0.1336 74.4132 50.0000 31.0264 37.4718 56.3076
17172.0000 0.1337 74.2849 50.0000 31.0991 37.2684 56.2330
17173.0000 0.1346 74.0551 50.0000 30.9655 37.1167 56.1040
17174.0000 0.1346 74.1402 50.0000 30.7752 37.3951 56.1362
17175.0000 0.1346 74.2977 50.0000 30.9677 37.3425 56.2733
17176.0000 0.1368 74.2067 50.0000 30.7845 37.2806 56.2948
17177.0000 0.1374 74.2676 50.0000 30.6571 37.4226 56.3504
17178.0000 0.1383 74.4811 50.0000 30.7133 37.4960 56.5525
17179.0000 0.1366 74.3710 50.0000 30.8661 37.3640 56.4116
17180.0000 0.1352 74.2786 50.0000 30.8252 37.4302 56.2681
17181.0000 0.1347 74.4791 50.0000 30.8575 37.6207 56.3882
17182.0000 0.1405 74.5510 50.0000 30.6801 37.4265 56.7084
17183.0000 0.1399 74.5892 50.0000 30.4857 37.7088 56.6764
17184.0000 0.1391 74.6145 50.0000 30.6616 37.6115 56.6795
17185.0000 0.1468 75.0936 50.0000 30.3361 37.7984 57.3590
17186.0000 0.1431 74.8923 50.0000 30.5689 37.6545 57.0661
17187.0000 0.1421 74.6745 50.0000 30.6608 37.4416 56.8710
17188.0000 0.1409 74.5159 50.0000 30.6079 37.4340 56.6964
17189.0000 0.1368 74.3433 50.0000 30.8780 37.3126 56.4025
17190.0000 0.1410 74.6993 50.0000 31.0780 37.1201 56.8880
17191.0000 0.1344 74.5942 50.0000 31.1101 37.4867 56.4907
17192.0000 0.1322 74.4070 50.0000 31.0272 37.5719 56.2322
17193.0000 0.1362 74.4977 50.0000 30.9899 37.3866 56.4958
17194.0000 0.1381 74.4536 50.0000 30.6723 37.5229 56.5207
17195.0000 0.1384 74.5833 50.0000 30.4973 37.8064 56.5974
17196.0000 0.1340 74.4612 50.0000 30.3714 38.1613 56.2651
17197.0000 0.1400 74.6693 50.0000 30.4422 37.8206 56.7307
17198.0000 0.1321 74.4346 50.0000 30.4687 38.1885 56.1587
17199.0000 0.1378 74.4887 50.0000 30.1913 38.0784 56.4543
17200.0000 0.1352 74.5827 50.0000 30.4497 38.1005 56.4246
17201.0000 0.1393 74.7154 50.0000 30.2374 38.1229 56.6986
17202.0000 0.1380 74.5327 50.0000 30.3024 37.9921 56.5110
17203.0000 0.1443 75.0261 50.0000 30.4159 37.8497 57.1942
17204.0000 0.1407 74.9309 50.0000 30.5024 37.9482 56.9577
17205.0000 0.1376 74.7783 50.0000 30.7890 37.7490 56.7349
17206.0000 0.1371 74.6218 50.0000 30.7289 37.7029 56.5918
17207.0000 0.1367 74.3414 50.0000 30.6929 37.5041 56.3741
17208.0000 0.1410 74.4583 50.0000 30.4153 37.5717 56.6332
17209.0000 0.1418 74.5534 50.0000 30.5012 37.5146 56.7498
17210.0000 0.1414 74.5330 50.0000 30.5344 37.4887 56.7222
17211.0000 0.1411 74.5007 50.0000 30.7120 37.2988 56.7092
17212.0000 0.1413 74.5592 50.0000 30.3456 37.7162 56.7073
17213.0000 0.1402 74.3944 50.0000 30.5385 37.4483 56.5646
17214.0000 0.1387 74.1956 50.0000 30.5211 37.4002 56.3443
17215.0000 0.1395 74.3093 50.0000 30.6359 37.3241 56.4821
17216.0000 0.1381 74.2972 50.0000 30.6841 37.3673 56.4113
17217.0000 0.1348 74.1669 50.0000 30.6689 37.5149 56.1497
17218.0000 0.1354 74.1571 50.0000 30.5623 37.5734 56.1556
17219.0000 0.1330 74.0724 50.0000 30.6665 37.5710 55.9884
17220.0000 0.1372 74.4533 50.0000 30.6116 37.6611 56.4612
17221.0000 0.1367 74.3431 50.0000 30.7246 37.4752 56.3782
17222.0000 0.1426 74.5024 50.0000 30.5542 37.3489 56.7636
17223.0000 0.1455 74.8194 50.0000 30.4368 37.5487 57.1107
17224.0000 0.1415 74.9694 50.0000 30.6801 37.7352 57.0544
17225.0000 0.1378 74.9189 50.0000 30.8657 37.7828 56.8561
17226.0000 0.1443 75.1504 50.0000 30.5525 37.8229 57.3024
17227.0000 0.1432 75.2451 50.0000 30.8877 37.6497 57.3609
17228.0000 0.1379 74.8187 50.0000 30.7876 37.7596 56.7819
17229.0000 0.1353 74.7708 50.0000 30.9109 37.7925 56.6297
17230.0000 0.1291 74.5391 50.0000 30.8196 38.1549 56.1288
17231.0000 0.1298 74.7100 50.0000 30.9058 38.1720 56.2966
17232.0000 0.1309 74.7785 50.0000 31.1543 37.8887 56.4418
17233.0000 0.1304 74.8802 50.0000 31.0157 38.1679 56.4649
17234.0000 0.1240 74.8625 50.0000 31.0118 38.6704 56.1005
17235.0000 0.1182 74.4547 50.0000 31.3281 38.4234 55.5490
17236.0000 0.1159 74.4198 50.0000 31.6974 38.1862 55.4563
17237.0000 0.1186 74.6384 50.0000 31.7408 38.1298 55.7631
17238.0000 0.1187 74.3896 50.0000 31.6006 38.0241 55.5822
17239.0000 0.1227 74.2918 50.0000 31.2034 38.0261 55.6743
17240.0000 0.1283 74.5365 50.0000 30.9634 38.0617 56.1093
17241.0000 0.1286 74.4087 50.0000 31.1413 37.7353 56.0619
17242.0000 0.1290 74.5113 50.0000 31.1375 37.8052 56.1530
17243.0000 0.1331 74.4629 50.0000 30.9391 37.6418 56.3080
17244.0000 0.1277 74.1848 50.0000 31.1497 37.5877 55.8592
17245.0000 0.1361 74.2076 50.0000 30.6670 37.4541 56.2449
17246.0000 0.1405 74.2806 50.0000 30.6449 37.2119 56.5136
17247.0000 0.1336 74.1485 50.0000 30.7262 37.5313 56.0830
17248.0000 0.1336 74.3635 50.0000 30.7548 37.7051 56.2352
17249.0000 0.1353 74.5098 50.0000 30.6776 37.7854 56.4169
17250.0000 0.1302 74.2479 50.0000 30.9617 37.6430 56.0100
17251.0000 0.1263 74.0539 50.0000 30.9460 37.7832 55.6665
17252.0000 0.1237 74.1932 50.0000 31.0318 38.0380 55.6306
17253.0000 0.1267 74.3087 50.0000 30.9813 37.9559 55.8685
17254.0000 0.1255 74.2425 50.0000 30.9821 37.9917 55.7557
17255.0000 0.1292 74.0561 50.0000 30.6583 37.8575 55.7780
17256.0000 0.1282 74.1614 50.0000 30.6437 38.0572 55.7900
17257.0000 0.1288 74.4035 50.0000 31.0576 37.8001 56.0576
17258.0000 0.1312 74.5300 50.0000 30.7735 38.0282 56.2278
17259.0000 0.1312 74.5038 50.0000 30.5429 38.2479 56.1698
17260.0000 0.1305 74.5070 50.0000 30.7636 38.0699 56.1745
17261.0000 0.1297 74.2459 50.0000 30.4724 38.1941 55.9026
17262.0000 0.1308 74.3158 50.0000 30.4244 38.2220 56.0024
17263.0000 0.1316 74.3313 50.0000 30.4645 38.1359 56.0599
17264.0000 0.1308 74.0844 50.0000 30.2208 38.2218 55.8059
17265.0000 0.1315 74.1696 50.0000 30.1597 38.3058 55.8945
17266.0000 0.1309 74.2922 50.0000 30.4420 38.1743 55.9942
17267.0000 0.1301 74.4561 50.0000 30.5643 38.2682 56.0810
17268.0000 0.1244 74.0332 50.0000 30.6051 38.2739 55.4919
17269.0000 0.1133 73.9721 50.0000 31.0735 38.6352 54.8965
17270.0000 0.1165 74.0324 50.0000 30.9022 38.6136 55.0894
17271.0000 0.1232 74.2966 50.0000 30.8586 38.3586 55.6449
17272.0000 0.1199 74.2854 50.0000 30.9968 38.4681 55.4772
17273.0000 0.1205 74.4388 50.0000 30.9143 38.6574 55.5972
17274.0000 0.1188 74.1758 50.0000 31.0389 38.4137 55.3446
17275.0000 0.1193 74.1542 50.0000 30.9463 38.4436 55.3467
17276.0000 0.1197 74.1022 50.0000 30.9207 38.3953 55.3249
17277.0000 0.1162 74.0021 50.0000 31.2296 38.2520 55.1163
17278.0000 0.1150 73.9944 50.0000 31.1529 38.4306 55.0250
17279.0000 0.1103 73.6998 50.0000 31.1619 38.5273 54.5550
17280.0000 0.1147 73.7174 50.0000 30.9442 38.4111 54.7842
17281.0000 0.1200 73.9627 50.0000 30.7343 38.4279 55.2194
17282.0000 0.1169 73.8312 50.0000 31.0471 38.2239 55.0096
17283.0000 0.1222 73.8855 50.0000 30.8463 38.0591 55.3090
17284.0000 0.1219 74.0678 50.0000 31.1913 37.8898 55.4753
17285.0000 0.1222 74.1567 50.0000 31.0505 38.1008 55.5284
17286.0000 0.1257 74.3011 50.0000 30.8142 38.2068 55.7797
17287.0000 0.1254 74.2873 50.0000 31.0488 37.9689 55.7937
17288.0000 0.1303 74.3554 50.0000 30.8470 37.8541 56.0736
17289.0000 0.1382 74.5260 50.0000 30.8016 37.4544 56.5911
17290.0000 0.1356 74.4420 50.0000 30.6905 37.6864 56.3865
17291.0000 0.1347 74.4165 50.0000 30.6730 37.7548 56.3166
17292.0000 0.1341 74.3858 50.0000 30.8686 37.5665 56.2951
17293.0000 0.1364 74.5271 50.0000 30.9410 37.4491 56.5200
17294.0000 0.1346 74.3081 50.0000 30.9772 37.3456 56.2797
17295.0000 0.1322 74.2074 50.0000 31.2841 37.1170 56.1282
17296.0000 0.1327 74.4108 50.0000 31.1166 37.4406 56.2755
17297.0000 0.1282 74.2458 50.0000 31.2027 37.5511 55.9352
17298.0000 0.1295 74.0220 50.0000 31.2157 37.2208 55.8520
17299.0000 0.1352 74.1237 50.0000 31.0750 37.0226 56.1960
17300.0000 0.1271 73.9195 50.0000 31.2658 37.2624 55.6601
17301.0000 0.1343 74.1675 50.0000 31.0569 37.1571 56.1751
17302.0000 0.1309 74.0492 50.0000 31.0539 37.3038 55.9229
17303.0000 0.1349 74.1880 50.0000 31.0913 37.0914 56.2265
17304.0000 0.1353 74.3680 50.0000 31.0254 37.2995 56.3628
17305.0000 0.1349 74.1787 50.0000 30.9663 37.2101 56.2048
17306.0000 0.1259 74.0086 50.0000 31.1815 37.5243 55.6499
17307.0000 0.1331 73.9661 50.0000 31.1232 36.9921 55.9815
17308.0000 0.1331 74.0806 50.0000 31.1624 37.0552 56.0692
17309.0000 0.1364 74.2818 50.0000 31.1856 36.9685 56.3788
17310.0000 0.1274 74.0749 50.0000 31.4322 37.2099 55.8080
17311.0000 0.1292 74.2648 50.0000 31.4750 37.2060 56.0384
17312.0000 0.1279 74.3643 50.0000 31.7780 37.0883 56.0773
17313.0000 0.1256 74.4144 50.0000 31.6050 37.4890 55.9750
17314.0000 0.1322 74.7579 50.0000 31.6528 37.2490 56.5629
17315.0000 0.1264 74.5690 50.0000 31.8072 37.3647 56.1491
17316.0000 0.1227 74.4836 50.0000 31.6976 37.6891 55.8803
17317.0000 0.1251 74.6393 50.0000 31.8452 37.4913 56.1365
17318.0000 0.1190 74.2260 50.0000 31.8726 37.5567 55.5259
17319.0000 0.1203 74.2941 50.0000 31.9742 37.4147 55.6543
17320.0000 0.1190 74.2584 50.0000 32.0637 37.3933 55.5696
17321.0000 0.1278 74.6236 50.0000 31.9936 37.1121 56.2830
17322.0000 0.1302 74.5191 50.0000 31.7998 37.0333 56.3064
17323.0000 0.1340 74.6283 50.0000 31.5428 37.1066 56.5467
17324.0000 0.1403 74.7238 50.0000 31.2414 37.0221 56.8945
17325.0000 0.1345 74.5806 50.0000 31.4170 37.1510 56.5247
17326.0000 0.1313 74.5963 50.0000 31.7009 37.1205 56.4068
17327.0000 0.1296 74.3513 50.0000 31.7196 37.0035 56.1492
17328.0000 0.1301 74.3773 50.0000 31.7105 37.0006 56.1907
17329.0000 0.1203 73.9395 50.0000 31.9345 37.1208 55.4010
17330.0000 0.1247 74.1615 50.0000 31.8563 37.0622 55.7809
17331.0000 0.1298 74.3080 50.0000 31.8344 36.8287 56.1418
17332.0000 0.1328 74.4857 50.0000 31.8608 36.7360 56.4222
17333.0000 0.1328 74.2970 50.0000 31.6703 36.7573 56.2666
17334.0000 0.1343 74.3875 50.0000 31.5634 36.8371 56.3939
17335.0000 0.1322 74.3233 50.0000 31.7381 36.7551 56.2646
17336.0000 0.1329 74.4587 50.0000 31.6912 36.8769 56.3903
17337.0000 0.1355 74.4380 50.0000 31.7283 36.6276 56.5044
17338.0000 0.1358 74.3981 50.0000 31.8550 36.4339 56.5058
17339.0000 0.1373 74.5318 50.0000 32.0638 36.2375 56.6899
17340.0000 0.1334 74.6248 50.0000 32.1373 36.5369 56.5784
17341.0000 0.1332 74.3771 50.0000 31.8411 36.6246 56.3626
17342.0000 0.1352 74.4052 50.0000 31.6636 36.6810 56.4629
17343.0000 0.1278 73.9140 50.0000 31.7866 36.6613 55.7569
17344.0000 0.1270 73.9471 50.0000 31.6793 36.8683 55.7255
17345.0000 0.1298 73.8929 50.0000 31.6334 36.6449 55.8268
17346.0000 0.1298 73.9791 50.0000 31.6121 36.7508 55.8835
17347.0000 0.1289 74.0892 50.0000 31.6513 36.8792 55.9226
17348.0000 0.1344 74.1946 50.0000 31.8333 36.3710 56.2906
17349.0000 0.1374 74.3293 50.0000 31.5567 36.5577 56.5027
17350.0000 0.1303 74.1124 50.0000 31.7038 36.7400 56.0151
17351.0000 0.1301 74.1004 50.0000 31.9582 36.4815 56.0236
17352.0000 0.1270 73.9980 50.0000 32.2802 36.2936 55.8253
17353.0000 0.1272 74.0977 50.0000 32.1323 36.5209 55.8947
17354.0000 0.1242 73.9739 50.0000 32.1390 36.6345 55.6519
17355.0000 0.1242 74.0407 50.0000 32.2716 36.5608 55.7125
17356.0000 0.1309 74.0902 50.0000 32.0152 36.3517 56.0618
17357.0000 0.1249 73.8003 50.0000 32.0495 36.5060 55.5574
17358.0000 0.1196 73.6641 50.0000 32.0957 36.7445 55.1916
17359.0000 0.1189 73.7048 50.0000 32.2792 36.6444 55.2055
17360.0000 0.1221 73.8869 50.0000 32.1833 36.6697 55.4873
17361.0000 0.1259 73.8750 50.0000 31.9498 36.5999 55.6523
17362.0000 0.1237 73.9062 50.0000 32.0036 36.7474 55.5655
17363.0000 0.1181 73.6778 50.0000 32.2715 36.6959 55.1397
17364.0000 0.1162 73.6122 50.0000 32.3363 36.7160 55.0005
17365.0000 0.1132 73.5312 50.0000 32.5051 36.7006 54.8026
17366.0000 0.1178 73.6894 50.0000 32.6958 36.2922 55.1723
17367.0000 0.1200 73.8642 50.0000 32.5728 36.4070 55.4028
17368.0000 0.1241 73.9095 50.0000 32.3180 36.3970 55.6186
17369.0000 0.1226 73.6697 50.0000 32.0857 36.5268 55.3492
17370.0000 0.1217 73.5499 50.0000 31.9289 36.6468 55.2009
17371.0000 0.1212 73.6284 50.0000 32.1179 36.5590 55.2542
17372.0000 0.1273 73.8880 50.0000 32.0825 36.3679 55.7452
17373.0000 0.1238 73.6756 50.0000 32.2457 36.2700 55.4329
17374.0000 0.1212 73.4107 50.0000 32.4642 36.0006 55.1286
17375.0000 0.1214 73.6458 50.0000 32.5435 36.1248 55.3138
17376.0000 0.1220 73.4716 50.0000 32.1496 36.3206 55.1841
17377.0000 0.1274 73.6147 50.0000 32.0200 36.1689 55.5487
17378.0000 0.1289 73.7844 50.0000 32.0521 36.1808 55.7472
17379.0000 0.1338 74.0321 50.0000 32.0350 36.0651 56.1588
17380.0000 0.1336 73.9676 50.0000 31.7341 36.3280 56.0752
17381.0000 0.1409 74.1822 50.0000 31.6604 36.0541 56.5748
17382.0000 0.1312 73.6200 50.0000 31.9271 35.9861 55.7276
17383.0000 0.1273 73.5402 50.0000 32.0367 36.0945 55.4887
17384.0000 0.1305 73.6700 50.0000 32.0602 35.9455 55.7434
17385.0000 0.1288 73.4383 50.0000 32.0434 35.8764 55.4913
17386.0000 0.1359 73.9431 50.0000 31.8376 36.0233 56.1807
17387.0000 0.1270 73.7044 50.0000 32.0134 36.2941 55.5897
17388.0000 0.1351 73.9000 50.0000 31.7416 36.1421 56.1020
17389.0000 0.1337 73.9834 50.0000 31.6041 36.4655 56.0802
17390.0000 0.1332 74.1074 50.0000 31.7101 36.5082 56.1563
17391.0000 0.1398 74.3036 50.0000 31.7194 36.1914 56.6135
17392.0000 0.1332 74.1268 50.0000 31.9861 36.2473 56.1943
17393.0000 0.1375 74.1736 50.0000 31.6960 36.2633 56.4097
17394.0000 0.1329 74.0561 50.0000 31.7849 36.4100 56.1100
17395.0000 0.1326 74.1048 50.0000 31.7462 36.5136 56.1290
17396.0000 0.1317 73.9795 50.0000 31.4036 36.8160 55.9585
17397.0000 0.1355 73.8815 50.0000 31.1701 36.6774 56.0506
17398.0000 0.1323 73.7462 50.0000 31.3151 36.6461 55.8115
17399.0000 0.1407 74.2973 50.0000 31.2138 36.6303 56.6039
17400.0000 0.1328 74.2708 50.0000 31.5502 36.8582 56.2335
17401.0000 0.1363 74.0160 50.0000 31.3051 36.6046 56.2003
17402.0000 0.1365 74.1303 50.0000 31.2898 36.7146 56.2876
17403.0000 0.1368 74.2281 50.0000 31.2694 36.8021 56.3706
17404.0000 0.1337 73.9697 50.0000 31.1955 36.8687 56.0273
17405.0000 0.1333 74.0275 50.0000 31.3014 36.8495 56.0571
17406.0000 0.1280 73.8422 50.0000 31.2908 37.0904 55.6584
17407.0000 0.1268 74.0812 50.0000 31.7612 36.9209 55.8220
17408.0000 0.1313 74.1797 50.0000 31.3916 37.0489 56.0765
17409.0000 0.1302 73.9553 50.0000 31.3196 37.0003 55.8520
17410.0000 0.1306 73.8598 50.0000 31.3895 36.8019 55.8174
17411.0000 0.1274 73.6668 50.0000 31.4384 36.8162 55.5247
17412.0000 0.1268 73.6316 50.0000 31.4636 36.8085 55.4687
17413.0000 0.1274 73.5106 50.0000 31.4627 36.6457 55.4166
17414.0000 0.1309 74.0631 50.0000 31.5896 36.7702 55.9946
17415.0000 0.1416 74.2180 50.0000 31.1085 36.6002 56.5773
17416.0000 0.1361 73.9245 50.0000 31.1480 36.6961 56.1073
17417.0000 0.1368 73.9284 50.0000 31.2854 36.5105 56.1571
17418.0000 0.1358 73.8455 50.0000 31.4503 36.3386 56.0674
17419.0000 0.1290 73.6157 50.0000 31.3806 36.7097 55.5601
17420.0000 0.1258 73.6678 50.0000 31.5160 36.8668 55.4483
17421.0000 0.1256 73.9809 50.0000 31.7457 36.9386 55.6860
17422.0000 0.1305 73.9255 50.0000 31.2767 36.9918 55.8422
17423.0000 0.1163 73.4658 50.0000 31.6740 37.2603 54.8238
17424.0000 0.1247 73.8380 50.0000 31.5379 37.0845 55.5171
17425.0000 0.1250 73.9149 50.0000 31.5893 37.0809 55.5926
17426.0000 0.1219 73.9085 50.0000 31.9071 36.9900 55.4630
17427.0000 0.1265 74.2545 50.0000 31.7346 37.1358 55.9247
17428.0000 0.1323 74.1977 50.0000 31.4823 36.8954 56.1507
17429.0000 0.1409 74.4119 50.0000 31.3888 36.5406 56.7155
17430.0000 0.1300 74.4598 50.0000 31.9085 36.8793 56.2675
17431.0000 0.1304 74.7094 50.0000 31.7455 37.2503 56.4458
17432.0000 0.1252 74.3594 50.0000 31.6391 37.4377 55.9169
17433.0000 0.1279 74.3945 50.0000 31.5829 37.3162 56.0765
17434.0000 0.1294 74.4287 50.0000 31.4306 37.3891 56.1588
17435.0000 0.1296 74.4796 50.0000 31.5389 37.3099 56.2182
17436.0000 0.1332 74.4502 50.0000 31.3845 37.1655 56.3610
17437.0000 0.1361 74.3979 50.0000 31.3823 36.8973 56.4694
17438.0000 0.1297 74.3634 50.0000 31.3892 37.3510 56.1207
17439.0000 0.1338 74.5764 50.0000 31.4249 37.1963 56.4849
17440.0000 0.1375 74.5608 50.0000 31.2443 37.0818 56.6397
17441.0000 0.1331 74.4914 50.0000 31.4053 37.1893 56.3882
17442.0000 0.1336 74.6590 50.0000 31.5110 37.1953 56.5467
17443.0000 0.1372 74.7082 50.0000 31.5572 36.9186 56.7668
17444.0000 0.1364 74.5847 50.0000 31.7346 36.6876 56.6552
17445.0000 0.1399 74.8332 50.0000 31.7064 36.6810 57.0018
17446.0000 0.1409 74.6251 50.0000 31.4887 36.6335 56.8801
17447.0000 0.1319 74.6102 50.0000 31.9636 36.8186 56.4747
17448.0000 0.1337 74.7311 50.0000 32.0566 36.6938 56.6628
17449.0000 0.1334 74.6873 50.0000 32.1309 36.6046 56.6207
17450.0000 0.1301 74.8159 50.0000 32.3122 36.7877 56.5686
17451.0000 0.1293 74.5595 50.0000 32.3001 36.6208 56.3448
17452.0000 0.1273 74.9940 50.0000 32.7158 36.7550 56.5937
17453.0000 0.1216 75.0065 50.0000 32.9215 37.0019 56.3294
17454.0000 0.1252 74.8581 50.0000 32.7943 36.7137 56.3948
17455.0000 0.1210 74.7954 50.0000 33.1576 36.6124 56.1645
17456.0000 0.1208 74.5079 50.0000 32.9380 36.5824 55.9308
17457.0000 0.1190 74.5566 50.0000 33.2698 36.4301 55.8986
17458.0000 0.1150 74.2799 50.0000 33.0592 36.6974 55.4787
17459.0000 0.1141 74.4478 50.0000 33.1786 36.8059 55.5607
17460.0000 0.1231 74.8697 50.0000 32.8015 36.8788 56.2982
17461.0000 0.1218 74.5775 50.0000 32.7609 36.7471 56.0194
17462.0000 0.1259 74.9690 50.0000 32.7842 36.7702 56.5110
17463.0000 0.1236 74.6861 50.0000 33.0388 36.4292 56.2083
17464.0000 0.1181 74.3738 50.0000 32.7417 36.8663 55.6805
17465.0000 0.1161 74.1811 50.0000 32.5850 37.0071 55.4214
17466.0000 0.1097 74.0754 50.0000 32.9314 37.0629 55.0366
17467.0000 0.1077 74.1084 50.0000 33.0462 37.1376 54.9619
17468.0000 0.1145 74.2439 50.0000 32.5028 37.2825 55.3691
17469.0000 0.1132 74.2736 50.0000 32.7457 37.1578 55.3496
17470.0000 0.1078 73.9879 50.0000 32.8794 37.1883 54.8651
17471.0000 0.1103 73.9953 50.0000 32.4679 37.4209 54.9619
17472.0000 0.1134 74.0378 50.0000 32.4906 37.1877 55.1637
17473.0000 0.1176 73.7139 50.0000 32.0615 36.9826 55.1189
17474.0000 0.1164 73.7378 50.0000 31.8064 37.3694 55.0377
17475.0000 0.1192 73.6973 50.0000 31.8234 37.0893 55.1628
17476.0000 0.1215 73.8394 50.0000 31.6775 37.1926 55.3670
17477.0000 0.1162 73.7807 50.0000 31.8931 37.3361 55.0676
17478.0000 0.1180 73.9075 50.0000 31.7893 37.4271 55.2357
17479.0000 0.1145 73.8978 50.0000 31.8550 37.6313 55.0457
17480.0000 0.1157 73.7124 50.0000 31.8652 37.3393 54.9901
17481.0000 0.1125 73.6807 50.0000 32.2828 37.1306 54.8451
17482.0000 0.1153 73.8872 50.0000 32.2756 37.1141 55.1375
17483.0000 0.1112 73.5289 50.0000 32.3482 37.0208 54.6767
17484.0000 0.1187 74.1125 50.0000 32.2897 37.0386 55.4814
17485.0000 0.1168 74.3321 50.0000 32.5562 37.1211 55.5641
17486.0000 0.1157 74.1897 50.0000 32.5758 37.0597 55.4032
17487.0000 0.1135 74.2204 50.0000 32.6282 37.2118 55.3113
17488.0000 0.1115 73.9703 50.0000 32.6670 37.0925 55.0329
17489.0000 0.1114 73.7567 50.0000 32.6374 36.9211 54.8788
17490.0000 0.1138 73.9698 50.0000 32.8170 36.7505 55.1723
17491.0000 0.1042 73.5852 50.0000 33.0355 36.9294 54.4027
17492.0000 0.1131 73.7771 50.0000 32.8955 36.5410 55.0064
17493.0000 0.1099 73.7055 50.0000 32.7887 36.8400 54.7742
17494.0000 0.1102 73.7865 50.0000 32.9248 36.7523 54.8605
17495.0000 0.1107 73.4527 50.0000 32.7217 36.6032 54.6333
17496.0000 0.1076 73.4352 50.0000 32.6501 36.9063 54.4483
17497.0000 0.1112 73.7142 50.0000 32.8622 36.6650 54.8593
17498.0000 0.1124 73.7560 50.0000 32.8854 36.5828 54.9563
17499.0000 0.1040 73.8803 50.0000 33.1473 37.1214 54.6036
17500.0000 0.1094 74.0729 50.0000 32.8564 37.1619 55.0113
17501.0000 0.1106 74.2490 50.0000 32.8864 37.2034 55.2024
17502.0000 0.1132 74.4249 50.0000 33.1246 36.9124 55.4914
17503.0000 0.1106 74.4498 50.0000 33.6299 36.6209 55.4139
17504.0000 0.1116 74.4904 50.0000 33.4476 36.7670 55.4821
17505.0000 0.1108 74.1238 50.0000 33.5353 36.3964 55.1817
17506.0000 0.1214 74.5992 50.0000 33.1916 36.3593 56.0478
17507.0000 0.1165 74.0866 50.0000 33.0500 36.4019 55.4204
17508.0000 0.1135 74.0237 50.0000 33.1919 36.4381 55.2275
17509.0000 0.1122 74.1677 50.0000 33.4488 36.4141 55.2814
17510.0000 0.1065 74.1057 50.0000 33.7506 36.5042 54.9545
17511.0000 0.1074 74.0494 50.0000 33.8504 36.2702 54.9722
17512.0000 0.1128 74.3102 50.0000 33.5285 36.4145 55.4241
17513.0000 0.1109 74.1011 50.0000 33.4001 36.5003 55.1646
17514.0000 0.1115 74.1301 50.0000 33.3405 36.5451 55.2100
17515.0000 0.1168 73.9797 50.0000 33.1201 36.2060 55.3640
17516.0000 0.1107 73.8251 50.0000 33.2626 36.3978 54.9450
17517.0000 0.1061 73.9258 50.0000 33.2749 36.8561 54.7671
17518.0000 0.1125 74.0915 50.0000 33.0594 36.7203 55.2109
17519.0000 0.1092 74.0305 50.0000 33.0591 36.9248 54.9924
17520.0000 0.1111 73.9520 50.0000 33.1769 36.5732 55.0508
17521.0000 0.1108 74.0111 50.0000 33.0447 36.7922 55.0639
17522.0000 0.1093 73.7859 50.0000 33.0705 36.6730 54.8251
17523.0000 0.1084 73.8426 50.0000 32.7601 37.1250 54.7835
17524.0000 0.1102 73.9819 50.0000 32.9012 36.9634 54.9958
17525.0000 0.1064 73.8653 50.0000 32.8135 37.2542 54.6944
17526.0000 0.1089 73.7708 50.0000 32.5351 37.2461 54.7387
17527.0000 0.1140 73.7633 50.0000 32.2704 37.1038 54.9813
17528.0000 0.1131 73.7327 50.0000 32.2573 37.1604 54.9098
17529.0000 0.1157 74.2467 50.0000 32.6982 36.9820 55.4593
17530.0000 0.1137 73.8799 50.0000 32.7995 36.6900 55.1025
17531.0000 0.1145 74.0208 50.0000 32.8779 36.6761 55.2538
17532.0000 0.1131 73.6655 50.0000 32.6523 36.6852 54.9056
17533.0000 0.1090 73.6862 50.0000 32.7947 36.8844 54.7147
17534.0000 0.1130 73.7795 50.0000 32.5794 36.8797 54.9717
17535.0000 0.1113 73.6537 50.0000 32.6460 36.8269 54.7986
17536.0000 0.1148 73.6821 50.0000 32.4849 36.7379 54.9919
17537.0000 0.1144 73.6889 50.0000 32.3076 36.9565 54.9591
17538.0000 0.1081 73.7164 50.0000 32.8114 36.9749 54.6843
17539.0000 0.1059 73.8620 50.0000 32.7983 37.3082 54.6623
17540.0000 0.1074 73.6512 50.0000 32.7121 37.0692 54.5921
17541.0000 0.1028 73.4752 50.0000 32.5362 37.4701 54.1848
17542.0000 0.0993 73.5268 50.0000 32.9436 37.3812 54.0698
17543.0000 0.1051 73.6056 50.0000 32.5612 37.3786 54.4095
17544.0000 0.1012 73.6635 50.0000 32.8231 37.4879 54.2550
17545.0000 0.1012 73.6685 50.0000 32.9982 37.3057 54.2813
17546.0000 0.0966 73.6546 50.0000 33.2849 37.3758 54.0386
17547.0000 0.1000 73.6200 50.0000 33.1097 37.2399 54.1927
17548.0000 0.1032 73.8973 50.0000 33.0413 37.3127 54.5606
17549.0000 0.1038 73.5244 50.0000 33.0057 36.9328 54.3363
17550.0000 0.1060 73.6941 50.0000 32.9285 37.0004 54.5666
17551.0000 0.1050 73.7582 50.0000 33.1244 36.9397 54.5756
17552.0000 0.1002 73.7968 50.0000 33.2646 37.2292 54.3453
17553.0000 0.1025 73.8688 50.0000 32.9955 37.3947 54.4934
17554.0000 0.1045 73.8639 50.0000 32.9003 37.3202 54.5953
17555.0000 0.1078 73.7778 50.0000 32.4856 37.3985 54.6736
17556.0000 0.1011 73.5983 50.0000 32.7025 37.5586 54.1905
17557.0000 0.0994 73.6050 50.0000 32.8639 37.5347 54.1184
17558.0000 0.0968 73.6371 50.0000 32.8801 37.7796 53.9816
17559.0000 0.0994 73.9936 50.0000 32.8428 37.9469 54.3731
17560.0000 0.1011 73.8255 50.0000 32.5452 37.9510 54.3207
17561.0000 0.0986 73.8299 50.0000 32.4201 38.3071 54.1513
17562.0000 0.0953 73.8525 50.0000 32.4578 38.5790 53.9661
17563.0000 0.0976 73.6910 50.0000 32.2963 38.3951 53.9733
17564.0000 0.0952 73.6665 50.0000 32.4088 38.4553 53.8295
17565.0000 0.0939 73.5330 50.0000 32.3418 38.5149 53.6443
17566.0000 0.0916 73.5425 50.0000 32.4149 38.6508 53.5153
17567.0000 0.0861 73.4664 50.0000 32.2841 39.2416 53.0579
17568.0000 0.0929 73.8383 50.0000 32.1444 39.1366 53.7323
17569.0000 0.0908 73.7347 50.0000 32.2972 39.0543 53.5580
17570.0000 0.0976 73.8843 50.0000 32.3995 38.4686 54.1233
17571.0000 0.0944 73.8650 50.0000 32.5883 38.5327 53.9377
17572.0000 0.0948 74.1729 50.0000 32.4056 39.0045 54.1309
17573.0000 0.0955 74.2597 50.0000 32.5778 38.8438 54.2620
17574.0000 0.0934 74.2101 50.0000 32.7504 38.7909 54.1278
17575.0000 0.0971 74.2876 50.0000 32.8748 38.4001 54.4365
17576.0000 0.0992 74.3954 50.0000 32.5476 38.6821 54.5804
17577.0000 0.1023 74.4361 50.0000 32.5981 38.3920 54.8102
17578.0000 0.1049 74.3397 50.0000 32.7036 37.9615 54.9162
17579.0000 0.1046 74.1527 50.0000 32.8149 37.6799 54.7907
17580.0000 0.1100 74.4852 50.0000 32.8236 37.5430 55.3279
17581.0000 0.1085 74.0900 50.0000 32.7791 37.3374 54.9616
17582.0000 0.1062 73.9196 50.0000 32.7741 37.3642 54.7164
17583.0000 0.0982 73.8309 50.0000 33.0002 37.7191 54.2150
17584.0000 0.1013 73.9607 50.0000 32.9550 37.6273 54.4825
17585.0000 0.1031 73.9658 50.0000 32.7874 37.6596 54.5682
17586.0000 0.1065 73.9256 50.0000 32.3945 37.7484 54.6869
17587.0000 0.0993 73.7934 50.0000 32.7140 37.8935 54.2158
17588.0000 0.1044 74.2250 50.0000 33.1323 37.4365 54.8644
17589.0000 0.1020 73.9259 50.0000 32.9813 37.5070 54.5022
17590.0000 0.1007 73.8138 50.0000 33.0109 37.4712 54.3568
17591.0000 0.0986 73.8626 50.0000 33.0399 37.6715 54.2669
17592.0000 0.0939 74.0296 50.0000 33.3300 37.9398 54.1301
17593.0000 0.0989 73.9567 50.0000 33.2772 37.4901 54.3757
17594.0000 0.0930 74.0310 50.0000 33.1991 38.1644 54.0545
17595.0000 0.0954 74.1051 50.0000 33.0658 38.1679 54.2350
17596.0000 0.0988 74.2713 50.0000 32.5787 38.5529 54.4842
17597.0000 0.0976 74.5824 50.0000 32.6658 38.8754 54.6277
17598.0000 0.0994 74.1451 50.0000 32.4849 38.4799 54.4198
17599.0000 0.0999 74.2918 50.0000 32.7406 38.3013 54.5925
17600.0000 0.1051 74.3978 50.0000 32.6274 38.0835 54.9557
17601.0000 0.1023 74.2781 50.0000 32.7617 38.0627 54.7278
17602.0000 0.1046 74.3628 50.0000 32.8260 37.8799 54.9308
17603.0000 0.1047 74.3210 50.0000 32.7677 37.8927 54.9002
17604.0000 0.0976 74.1282 50.0000 32.8706 38.2064 54.3579
17605.0000 0.1015 74.1964 50.0000 32.7758 38.0321 54.6297
17606.0000 0.0967 73.9727 50.0000 32.6752 38.3393 54.1700
17607.0000 0.0891 74.0137 50.0000 33.0141 38.6991 53.7632
17608.0000 0.0920 73.9668 50.0000 32.9389 38.4716 53.9078
17609.0000 0.0887 74.1297 50.0000 33.3301 38.5080 53.8651
17610.0000 0.0874 74.3455 50.0000 33.5953 38.5604 53.9602
17611.0000 0.0816 73.8597 50.0000 33.9010 38.2746 53.3013
17612.0000 0.0831 73.8649 50.0000 33.6470 38.4118 53.3708
17613.0000 0.0804 73.7054 50.0000 33.5901 38.5650 53.0747
17614.0000 0.0812 73.5845 50.0000 33.6079 38.3538 53.0487
17615.0000 0.0793 73.7820 50.0000 33.9439 38.3667 53.0998
17616.0000 0.0822 73.9685 50.0000 33.9226 38.3058 53.4160
17617.0000 0.0805 74.0888 50.0000 34.0743 38.4175 53.4058
17618.0000 0.0801 74.0681 50.0000 34.4056 38.0828 53.4044
17619.0000 0.0861 74.2236 50.0000 34.0267 38.0830 53.8611
17620.0000 0.0851 73.9538 50.0000 33.8041 38.1422 53.5876
17621.0000 0.0853 73.6828 50.0000 33.6204 38.0543 53.3919
17622.0000 0.0796 73.6241 50.0000 33.9284 38.1913 53.0170
17623.0000 0.0849 73.9320 50.0000 33.8421 38.0977 53.5651
17624.0000 0.0911 73.9676 50.0000 33.6301 37.8070 53.9523
17625.0000 0.0897 73.7137 50.0000 33.6771 37.6250 53.7021
17626.0000 0.0907 73.8576 50.0000 33.6626 37.6905 53.8627
17627.0000 0.0927 73.9594 50.0000 33.5767 37.7121 54.0407
17628.0000 0.0904 73.9207 50.0000 33.4726 37.9856 53.8605
17629.0000 0.0900 73.7179 50.0000 33.5328 37.7604 53.7031
17630.0000 0.0880 73.7528 50.0000 33.6028 37.8950 53.6124
17631.0000 0.0919 73.7751 50.0000 33.4956 37.6843 53.8581
17632.0000 0.0896 73.9095 50.0000 33.6349 37.8759 53.8212
17633.0000 0.0870 73.8191 50.0000 33.8098 37.8338 53.6167
17634.0000 0.0871 73.7671 50.0000 33.8621 37.7172 53.5944
17635.0000 0.0894 73.6413 50.0000 33.5246 37.7395 53.6178
17636.0000 0.0956 73.9016 50.0000 33.3170 37.6760 54.1474
17637.0000 0.0978 73.6048 50.0000 33.4058 37.1013 54.0852
17638.0000 0.0915 73.3916 50.0000 33.5457 37.2818 53.5825
17639.0000 0.0901 73.1803 50.0000 33.7367 36.9976 53.3701
17640.0000 0.0907 73.2145 50.0000 33.6765 37.0414 53.4247
17641.0000 0.0929 73.1225 50.0000 33.3282 37.1231 53.4604
17642.0000 0.0904 72.9463 50.0000 33.2100 37.2972 53.1713
17643.0000 0.0865 72.6368 50.0000 33.4402 37.0878 52.7480
17644.0000 0.0897 72.6523 50.0000 33.4687 36.7888 52.9602
17645.0000 0.0927 72.8625 50.0000 33.0648 37.1624 53.2412
17646.0000 0.0923 72.6703 50.0000 32.9899 37.0886 53.0761
17647.0000 0.0939 72.7181 50.0000 33.1095 36.8731 53.2170
17648.0000 0.0867 72.7088 50.0000 33.3614 37.2208 52.8034
17649.0000 0.0861 72.8049 50.0000 33.6144 37.1037 52.8578
17650.0000 0.0852 72.8313 50.0000 33.5776 37.2523 52.8131
17651.0000 0.0831 72.6273 50.0000 33.5944 37.2132 52.5483
17652.0000 0.0891 72.7116 50.0000 33.5194 36.8469 52.9692
17653.0000 0.0901 72.9908 50.0000 33.3696 37.1997 53.2007
17654.0000 0.0899 73.0767 50.0000 33.5677 37.0915 53.2695
17655.0000 0.0891 73.0104 50.0000 33.6285 37.0251 53.1864
17656.0000 0.0914 73.0934 50.0000 33.7782 36.7548 53.3925
17657.0000 0.0917 73.0218 50.0000 33.8064 36.6303 53.3623
17658.0000 0.0961 73.1041 50.0000 33.7072 36.4350 53.6705
17659.0000 0.0927 73.2261 50.0000 33.7027 36.8486 53.5572
17660.0000 0.0967 73.3762 50.0000 33.8694 36.4837 53.9061
17661.0000 0.0931 73.2399 50.0000 33.8594 36.6674 53.6015
17662.0000 0.0984 73.3267 50.0000 33.7302 36.4403 53.9553
17663.0000 0.1002 73.4257 50.0000 33.6703 36.4461 54.1233
17664.0000 0.0967 73.4493 50.0000 33.5428 36.8955 53.9296
17665.0000 0.1043 73.4595 50.0000 33.0696 36.7645 54.3238
17666.0000 0.0991 73.5433 50.0000 33.4628 36.8679 54.1260
17667.0000 0.1011 73.6416 50.0000 33.3868 36.8759 54.3007
17668.0000 0.0991 73.5123 50.0000 33.1957 37.1209 54.0753
17669.0000 0.0978 73.7076 50.0000 33.6292 36.9652 54.1799
17670.0000 0.1036 73.8030 50.0000 33.6529 36.5505 54.5749
17671.0000 0.0998 73.8020 50.0000 33.4730 37.0542 54.3441
17672.0000 0.1017 73.8521 50.0000 33.4957 36.9184 54.4904
17673.0000 0.1011 73.9187 50.0000 33.2461 37.2948 54.4773
17674.0000 0.1009 74.2409 50.0000 33.1714 37.7031 54.6796
17675.0000 0.0977 74.0406 50.0000 33.3578 37.5874 54.3734
17676.0000 0.0959 73.8536 50.0000 33.4396 37.4718 54.1482
17677.0000 0.1005 73.9166 50.0000 33.2204 37.3717 54.4374
17678.0000 0.1046 73.9328 50.0000 32.8402 37.4392 54.6433
17679.0000 0.1025 73.5601 50.0000 33.1064 36.9743 54.2951
17680.0000 0.1101 73.8853 50.0000 32.7984 36.9846 54.9130
17681.0000 0.1059 73.4714 50.0000 32.8652 36.8581 54.4004
17682.0000 0.1098 73.8171 50.0000 33.1304 36.5982 54.8808
17683.0000 0.1081 74.0325 50.0000 33.0867 36.9894 54.9351
17684.0000 0.1118 74.1203 50.0000 32.8413 37.0276 55.1746
17685.0000 0.1062 74.1174 50.0000 33.2830 37.0257 54.9066
17686.0000 0.1086 74.1612 50.0000 33.0934 37.0696 55.0504
17687.0000 0.1094 74.2710 50.0000 32.9125 37.2936 55.1556
17688.0000 0.1085 74.2241 50.0000 33.0412 37.1929 55.0835
17689.0000 0.1084 74.5470 50.0000 33.3807 37.1547 55.3399
17690.0000 0.1058 74.4647 50.0000 33.2378 37.4428 55.1206
17691.0000 0.1028 74.3600 50.0000 33.2646 37.5662 54.8785
17692.0000 0.0975 74.0632 50.0000 33.7099 37.2531 54.4170
17693.0000 0.1028 74.2620 50.0000 33.6152 37.1002 54.8491
17694.0000 0.1032 74.4492 50.0000 33.5771 37.2878 54.9990
17695.0000 0.1028 74.3194 50.0000 33.4837 37.2941 54.8759
17696.0000 0.1141 74.5832 50.0000 33.1678 36.9485 55.6539
17697.0000 0.1064 74.1309 50.0000 33.3405 36.9579 54.9355
17698.0000 0.1012 73.8001 50.0000 33.3854 37.0265 54.4143
17699.0000 0.1062 74.0028 50.0000 33.2953 36.8981 54.8304
17700.0000 0.0982 73.6190 50.0000 33.5497 36.9315 54.1317
17701.0000 0.1032 74.0197 50.0000 33.3605 37.0953 54.6802
17702.0000 0.1011 74.0118 50.0000 33.2958 37.3373 54.5442
17703.0000 0.1029 74.1357 50.0000 33.3629 37.2286 54.7454
17704.0000 0.0985 73.8206 50.0000 33.4630 37.1940 54.2799
17705.0000 0.1044 74.1055 50.0000 33.2744 37.1722 54.7966
17706.0000 0.1032 74.1357 50.0000 33.3004 37.2756 54.7513
17707.0000 0.1042 74.1692 50.0000 33.2244 37.2981 54.8276
17708.0000 0.1042 74.1740 50.0000 33.1864 37.3475 54.8234
17709.0000 0.1019 74.2229 50.0000 33.4011 37.3624 54.7490
17710.0000 0.1045 74.1574 50.0000 33.2256 37.2634 54.8345
17711.0000 0.1047 74.0887 50.0000 33.0359 37.3781 54.7781
17712.0000 0.1101 74.1666 50.0000 32.9842 37.0606 55.1293
17713.0000 0.1025 73.8635 50.0000 33.2831 37.0817 54.5251
17714.0000 0.1004 73.4716 50.0000 33.0909 37.0811 54.1116
17715.0000 0.1104 73.9168 50.0000 32.7759 37.0110 54.9511
17716.0000 0.1093 73.8469 50.0000 32.6752 37.1446 54.8268
17717.0000 0.1108 73.7304 50.0000 32.6167 36.9679 54.8242
17718.0000 0.1110 73.9911 50.0000 32.7528 37.0574 55.0335
17719.0000 0.1031 73.7619 50.0000 33.2045 37.0211 54.4768
17720.0000 0.0999 73.7401 50.0000 33.1970 37.2712 54.2809
17721.0000 0.1015 73.9364 50.0000 33.1553 37.3712 54.5043
17722.0000 0.0926 73.6172 50.0000 33.3221 37.6522 53.7722
17723.0000 0.1026 73.8829 50.0000 33.0474 37.3419 54.5173
17724.0000 0.1033 73.8645 50.0000 33.1915 37.1131 54.5611
17725.0000 0.1032 73.7487 50.0000 33.2021 37.0003 54.4744
17726.0000 0.0994 73.7004 50.0000 32.9987 37.4841 54.2013
17727.0000 0.0980 73.6446 50.0000 33.1789 37.3593 54.1015
17728.0000 0.0961 73.6016 50.0000 33.0506 37.6162 53.9433
17729.0000 0.0933 73.5339 50.0000 33.2197 37.6199 53.7440
17730.0000 0.0995 73.9436 50.0000 33.3363 37.3634 54.4088
17731.0000 0.1055 74.1246 50.0000 32.9402 37.4484 54.8363
17732.0000 0.1060 74.1671 50.0000 33.0964 37.2858 54.9104
17733.0000 0.1083 74.0730 50.0000 32.7209 37.3942 54.9348
17734.0000 0.1061 74.0168 50.0000 33.0079 37.2255 54.8017
17735.0000 0.1072 74.1094 50.0000 32.9786 37.2536 54.9253
17736.0000 0.1014 74.1588 50.0000 33.0297 37.7305 54.6349
17737.0000 0.1017 74.3227 50.0000 33.1953 37.6901 54.7850
17738.0000 0.1046 74.1511 50.0000 33.3365 37.1287 54.8500
17739.0000 0.1070 74.2791 50.0000 33.1016 37.2995 55.0493
17740.0000 0.1062 74.1602 50.0000 33.0395 37.3155 54.9152
17741.0000 0.1037 74.1876 50.0000 33.3636 37.2113 54.8269
17742.0000 0.1037 74.3302 50.0000 33.1696 37.5546 54.9037
17743.0000 0.1036 74.1737 50.0000 33.2933 37.2819 54.8028
17744.0000 0.1088 74.2178 50.0000 33.1545 37.0401 55.1098
17745.0000 0.1065 74.1590 50.0000 33.1184 37.2123 54.9361
17746.0000 0.1115 74.1161 50.0000 33.0241 36.8607 55.1715
17747.0000 0.1017 73.7389 50.0000 33.1746 37.1420 54.3814
17748.0000 0.1030 73.7555 50.0000 33.4049 36.8143 54.4856
17749.0000 0.1055 73.4690 50.0000 33.0765 36.6722 54.3948
17750.0000 0.1025 73.6557 50.0000 33.3414 36.8223 54.3841
17751.0000 0.1009 73.4285 50.0000 33.1492 36.9386 54.1149
17752.0000 0.1033 73.3683 50.0000 32.6980 37.1469 54.1651
17753.0000 0.1011 72.9090 50.0000 33.0451 36.5224 53.7574
17754.0000 0.1046 73.2047 50.0000 32.7372 36.8451 54.1261
17755.0000 0.1055 73.0713 50.0000 32.5545 36.8319 54.0651
17756.0000 0.1037 72.8554 50.0000 32.3024 37.0352 53.7852
17757.0000 0.1023 72.7214 50.0000 32.0605 37.2770 53.5813
17758.0000 0.1067 72.8407 50.0000 31.8484 37.2517 53.8865
17759.0000 0.1112 72.9771 50.0000 31.6088 37.2683 54.1998
17760.0000 0.1126 73.1678 50.0000 31.8142 37.1260 54.4339
17761.0000 0.1123 73.1742 50.0000 31.9471 37.0113 54.4427
17762.0000 0.1117 73.1278 50.0000 31.6562 37.3244 54.3365
17763.0000 0.1134 73.3026 50.0000 31.6681 37.3444 54.5508
17764.0000 0.1154 73.3048 50.0000 31.4124 37.4522 54.6277
17765.0000 0.1193 73.6224 50.0000 31.5812 37.2643 55.0841
17766.0000 0.1136 73.3491 50.0000 31.9843 37.0378 54.6379
17767.0000 0.1155 73.1891 50.0000 31.7626 36.9591 54.6059
17768.0000 0.1104 72.8407 50.0000 31.8371 36.9624 54.0920
17769.0000 0.1134 73.2716 50.0000 31.7431 37.2342 54.5410
17770.0000 0.1161 73.4348 50.0000 31.6557 37.2598 54.7931
17771.0000 0.1192 73.4025 50.0000 31.4737 37.1779 54.9102
17772.0000 0.1149 73.2985 50.0000 31.6794 37.2052 54.6338
17773.0000 0.1167 73.5318 50.0000 31.4934 37.4790 54.8673
17774.0000 0.1156 73.3343 50.0000 31.3350 37.5470 54.6467
17775.0000 0.1183 73.2916 50.0000 31.3089 37.3165 54.7622
17776.0000 0.1171 73.2757 50.0000 31.3424 37.3565 54.6945
17777.0000 0.1174 73.3537 50.0000 31.4942 37.2493 54.7846
17778.0000 0.1152 73.2080 50.0000 31.3566 37.4297 54.5453
17779.0000 0.1169 73.1175 50.0000 31.2775 37.2934 54.5628
17780.0000 0.1118 73.1373 50.0000 31.6114 37.3738 54.3414
17781.0000 0.1202 73.2153 50.0000 31.3645 37.0338 54.8200
17782.0000 0.1176 72.9049 50.0000 31.5084 36.7902 54.4869
17783.0000 0.1181 73.1445 50.0000 31.8439 36.6276 54.7221
17784.0000 0.1129 73.0552 50.0000 31.8066 36.9935 54.3773
17785.0000 0.1190 73.0584 50.0000 31.6846 36.6385 54.6923
17786.0000 0.1182 73.1847 50.0000 31.9950 36.5011 54.7722
17787.0000 0.1173 73.2763 50.0000 31.8914 36.7713 54.7744
17788.0000 0.1153 73.1468 50.0000 32.1841 36.5007 54.6107
17789.0000 0.1104 73.1483 50.0000 32.1659 36.9095 54.3481
17790.0000 0.1112 73.1328 50.0000 31.9929 37.0094 54.3615
17791.0000 0.1144 73.4192 50.0000 32.0077 37.0151 54.7336
17792.0000 0.1191 73.4606 50.0000 32.0943 36.5903 55.0233
17793.0000 0.1232 73.8924 50.0000 32.0120 36.7632 55.5319
17794.0000 0.1234 73.8529 50.0000 31.5678 37.1758 55.4588
17795.0000 0.1179 73.7001 50.0000 31.7027 37.3263 55.0762
17796.0000 0.1171 73.5916 50.0000 31.7335 37.2479 54.9664
17797.0000 0.1148 73.4607 50.0000 31.7041 37.3401 54.7452
17798.0000 0.1158 73.3727 50.0000 31.8468 37.0297 54.7552
17799.0000 0.1135 73.3612 50.0000 32.0811 36.9565 54.6525
17800.0000 0.1193 73.6208 50.0000 32.2775 36.5411 55.1628
17801.0000 0.1162 73.6427 50.0000 32.2405 36.8382 55.0160
17802.0000 0.1136 73.8631 50.0000 32.1273 37.3786 55.0129
17803.0000 0.1117 73.8281 50.0000 32.4576 37.1548 54.9237
17804.0000 0.1121 74.0888 50.0000 32.7120 37.1119 55.1524
17805.0000 0.1152 74.0462 50.0000 32.6277 36.9028 55.2853
17806.0000 0.1163 74.3053 50.0000 32.5460 37.1477 55.5165
17807.0000 0.1175 74.1318 50.0000 32.5072 36.9248 55.4559
17808.0000 0.1099 74.0015 50.0000 32.5687 37.3554 54.9552
17809.0000 0.1133 73.8356 50.0000 32.3857 37.1094 55.0068
17810.0000 0.1119 73.7855 50.0000 32.5466 37.0051 54.9149
17811.0000 0.1086 73.7170 50.0000 32.8439 36.8958 54.7190
17812.0000 0.1077 73.4567 50.0000 32.4804 37.0997 54.4474
17813.0000 0.1059 73.6052 50.0000 32.5850 37.2800 54.4623
17814.0000 0.1099 73.5575 50.0000 32.4171 37.0846 54.6312
17815.0000 0.1127 73.5534 50.0000 32.2795 36.9980 54.7657
17816.0000 0.1154 73.8806 50.0000 32.4715 36.8917 55.1629
17817.0000 0.1217 74.1042 50.0000 31.9410 37.1609 55.5903
17818.0000 0.1171 73.6954 50.0000 32.2008 36.8644 55.0921
17819.0000 0.1243 74.0824 50.0000 32.1345 36.7283 55.7369
17820.0000 0.1330 74.2241 50.0000 31.7346 36.6088 56.2310
17821.0000 0.1312 73.9501 50.0000 31.5320 36.6952 55.9268
17822.0000 0.1274 73.6563 50.0000 31.5503 36.6947 55.5277
17823.0000 0.1189 73.3594 50.0000 31.5909 37.0384 54.8797
17824.0000 0.1176 73.4927 50.0000 31.7598 37.0928 54.9238
17825.0000 0.1176 73.5101 50.0000 31.8732 36.9847 54.9542
17826.0000 0.1271 73.8004 50.0000 31.8756 36.5135 55.6526
17827.0000 0.1332 73.6894 50.0000 31.6181 36.2171 55.8457
17828.0000 0.1368 73.9401 50.0000 31.7965 35.9992 56.2154
17829.0000 0.1317 73.9104 50.0000 32.1234 36.0181 55.9779
17830.0000 0.1301 73.6364 50.0000 31.9274 36.0848 55.6852
17831.0000 0.1262 73.6405 50.0000 32.0484 36.2602 55.5069
17832.0000 0.1268 73.6222 50.0000 31.9423 36.3045 55.5149
17833.0000 0.1302 73.5687 50.0000 31.7135 36.2280 55.6250
17834.0000 0.1234 73.6620 50.0000 32.0647 36.4762 55.3844
17835.0000 0.1228 73.8322 50.0000 32.2459 36.4967 55.4923
17836.0000 0.1294 73.9668 50.0000 31.9385 36.4353 55.8882
17837.0000 0.1229 73.7383 50.0000 32.2994 36.3422 55.4377
17838.0000 0.1235 73.5143 50.0000 32.1150 36.2766 55.2900
17839.0000 0.1273 73.4841 50.0000 31.9199 36.1586 55.4400
17840.0000 0.1306 73.6976 50.0000 31.7461 36.2878 55.7379
17841.0000 0.1299 73.6725 50.0000 32.1291 35.9209 55.7229
17842.0000 0.1306 73.6542 50.0000 32.1491 35.8332 55.7437
17843.0000 0.1329 73.9337 50.0000 32.1864 35.8811 56.0604
17844.0000 0.1267 73.7533 50.0000 32.3717 35.9936 55.6425
17845.0000 0.1296 73.9573 50.0000 32.3895 35.9450 55.9335
17846.0000 0.1264 73.6853 50.0000 32.3356 35.9936 55.5733
17847.0000 0.1272 73.7666 50.0000 32.3938 35.9457 55.6782
17848.0000 0.1240 73.6442 50.0000 32.4793 35.9851 55.4405
17849.0000 0.1203 73.4190 50.0000 32.2167 36.3298 55.0689
17850.0000 0.1225 73.7578 50.0000 32.4127 36.2756 55.4411
17851.0000 0.1185 73.5606 50.0000 32.5484 36.2671 55.1040
17852.0000 0.1186 73.4172 50.0000 32.4061 36.2676 54.9963
17853.0000 0.1198 73.4133 50.0000 32.4017 36.1768 55.0534
17854.0000 0.1240 73.4763 50.0000 32.1112 36.2081 55.2866
17855.0000 0.1268 73.6767 50.0000 31.9655 36.3346 55.5541
17856.0000 0.1207 73.5032 50.0000 32.1083 36.4907 55.1381
17857.0000 0.1242 73.7886 50.0000 32.2752 36.3196 55.5334
17858.0000 0.1275 73.6943 50.0000 32.0069 36.2485 55.6098
17859.0000 0.1234 73.6629 50.0000 32.2692 36.2689 55.4030
17860.0000 0.1203 73.4746 50.0000 32.3634 36.2322 55.1213
17861.0000 0.1241 73.7080 50.0000 32.0154 36.5139 55.4492
17862.0000 0.1214 73.5575 50.0000 32.1120 36.4815 55.2144
17863.0000 0.1201 73.5386 50.0000 32.1625 36.5155 55.1373
17864.0000 0.1148 73.3244 50.0000 32.1214 36.7718 54.7039
17865.0000 0.1123 73.2940 50.0000 32.0242 37.0478 54.5336
17866.0000 0.1149 73.1934 50.0000 31.9628 36.8085 54.5966
17867.0000 0.1159 73.0269 50.0000 31.7716 36.7664 54.5136
17868.0000 0.1139 73.2859 50.0000 32.0869 36.8421 54.6253
17869.0000 0.1132 73.2913 50.0000 32.2574 36.7293 54.6080
17870.0000 0.1142 73.3400 50.0000 32.1717 36.7798 54.6899
17871.0000 0.1094 73.3904 50.0000 32.4701 36.9108 54.4926
17872.0000 0.1076 73.0919 50.0000 32.7327 36.4892 54.2174
17873.0000 0.1072 72.9221 50.0000 32.7059 36.3843 54.0753
17874.0000 0.1098 73.0486 50.0000 32.7754 36.2316 54.3060
17875.0000 0.1137 73.3760 50.0000 32.4895 36.5300 54.7176
17876.0000 0.1144 73.3736 50.0000 32.2073 36.7623 54.7257
17877.0000 0.1150 73.4581 50.0000 32.2195 36.7803 54.8198
17878.0000 0.1161 73.4133 50.0000 32.2102 36.6604 54.8454
17879.0000 0.1176 73.6171 50.0000 32.1791 36.7676 55.0648
17880.0000 0.1141 73.4868 50.0000 32.1816 36.9251 54.7832
17881.0000 0.1161 73.3500 50.0000 32.0081 36.8135 54.7765
17882.0000 0.1124 73.6487 50.0000 32.5258 36.8518 54.8466
17883.0000 0.1151 73.5792 50.0000 32.5408 36.5577 54.9411
17884.0000 0.1242 74.0487 50.0000 32.3579 36.4791 55.7266
17885.0000 0.1209 73.6474 50.0000 32.2304 36.4888 55.2604
17886.0000 0.1276 74.0188 50.0000 32.0067 36.5498 55.8433
17887.0000 0.1220 73.7859 50.0000 31.8926 36.8788 55.3821
17888.0000 0.1248 73.7300 50.0000 31.8547 36.6497 55.4814
17889.0000 0.1255 73.8140 50.0000 31.8560 36.6706 55.5785
17890.0000 0.1332 74.0842 50.0000 31.5059 36.6997 56.1158
17891.0000 0.1249 73.7958 50.0000 31.6977 36.8676 55.5145
17892.0000 0.1241 73.7525 50.0000 31.6451 36.9400 55.4388
17893.0000 0.1170 73.5135 50.0000 31.9899 36.9167 54.9367
17894.0000 0.1174 73.4454 50.0000 32.0060 36.8011 54.9138
17895.0000 0.1199 73.5309 50.0000 31.9514 36.7427 55.0988
17896.0000 0.1182 73.5446 50.0000 32.1695 36.6623 55.0437
17897.0000 0.1127 73.3746 50.0000 32.3109 36.7900 54.6473
17898.0000 0.1078 73.0957 50.0000 32.2421 36.9911 54.1765
17899.0000 0.1062 73.1092 50.0000 32.2085 37.1748 54.0889
17900.0000 0.1064 73.2365 50.0000 32.3920 37.0888 54.2104
17901.0000 0.1025 73.1310 50.0000 32.5242 37.1718 53.9312
17902.0000 0.1065 73.4294 50.0000 32.8077 36.8321 54.3961
17903.0000 0.1070 73.3010 50.0000 32.7663 36.7099 54.3304
17904.0000 0.1100 73.5061 50.0000 32.6216 36.8125 54.6243
17905.0000 0.1095 73.6152 50.0000 32.8188 36.7530 54.6932
17906.0000 0.1058 73.4767 50.0000 32.8723 36.8613 54.4010
17907.0000 0.1051 73.3953 50.0000 32.8236 36.8956 54.2973
17908.0000 0.1072 73.4298 50.0000 33.0155 36.5555 54.4574
17909.0000 0.1077 73.4379 50.0000 32.6842 36.8683 54.4573
17910.0000 0.1032 73.1865 50.0000 32.9290 36.7371 54.0585
17911.0000 0.1005 72.8927 50.0000 33.0665 36.5323 53.7153
17912.0000 0.1033 73.1310 50.0000 33.1582 36.4344 54.0483
17913.0000 0.1038 72.8103 50.0000 32.8286 36.4276 53.8205
17914.0000 0.1077 72.9667 50.0000 32.9285 36.1612 54.1499
17915.0000 0.1115 73.2157 50.0000 32.8344 36.1906 54.5224
17916.0000 0.1079 72.9792 50.0000 32.7466 36.3413 54.1566
17917.0000 0.1090 72.9713 50.0000 32.7180 36.2766 54.2066
17918.0000 0.1128 73.1397 50.0000 32.5592 36.2973 54.5144
17919.0000 0.1081 73.2769 50.0000 32.8826 36.4722 54.3877
17920.0000 0.1071 73.2213 50.0000 33.1020 36.2688 54.3157
17921.0000 0.1094 73.2007 50.0000 32.9855 36.1845 54.4149
17922.0000 0.1083 73.0596 50.0000 33.1710 35.9533 54.2655
17923.0000 0.1062 73.2187 50.0000 33.3937 36.0391 54.2865
17924.0000 0.1107 73.3799 50.0000 33.2145 36.0222 54.6243
17925.0000 0.1187 73.7105 50.0000 33.1326 35.7907 55.2675
17926.0000 0.1170 73.7299 50.0000 33.1009 35.9729 55.1940
17927.0000 0.1134 73.2415 50.0000 33.0302 35.8646 54.6539
17928.0000 0.1105 73.0973 50.0000 32.8356 36.1589 54.3835
17929.0000 0.1078 73.2311 50.0000 32.8892 36.4459 54.3396
17930.0000 0.1053 73.3865 50.0000 33.1189 36.5574 54.3348
17931.0000 0.1043 73.2551 50.0000 33.2331 36.3987 54.1942
17932.0000 0.1084 73.4826 50.0000 33.0798 36.4401 54.5669
17933.0000 0.1066 73.4025 50.0000 33.2436 36.3398 54.4261
17934.0000 0.1036 73.4953 50.0000 33.0725 36.8548 54.3092
17935.0000 0.1035 73.3994 50.0000 33.2010 36.6324 54.2515
17936.0000 0.1012 73.2849 50.0000 33.0713 36.8491 54.0287
17937.0000 0.0994 73.2931 50.0000 33.0546 37.0302 53.9262
17938.0000 0.0973 72.9825 50.0000 32.8347 37.1308 53.5689
17939.0000 0.0989 72.8577 50.0000 32.7524 36.9655 53.5638
17940.0000 0.1048 73.0661 50.0000 32.6007 36.8367 54.0269
17941.0000 0.1017 73.1124 50.0000 32.9028 36.8187 53.9186
17942.0000 0.1028 72.9956 50.0000 32.8604 36.6599 53.8944
17943.0000 0.1021 72.9092 50.0000 32.9009 36.5872 53.8021
17944.0000 0.0995 72.8734 50.0000 33.2035 36.4541 53.6578
17945.0000 0.1000 73.1116 50.0000 33.5035 36.3327 53.8773
17946.0000 0.1018 72.9746 50.0000 33.2404 36.3226 53.8613
17947.0000 0.1020 72.8556 50.0000 33.1625 36.2726 53.7818
17948.0000 0.1039 73.2286 50.0000 33.2568 36.3816 54.1552
17949.0000 0.0999 73.2179 50.0000 33.4512 36.4957 53.9439
17950.0000 0.0988 73.0687 50.0000 33.3953 36.4989 53.7738
17951.0000 0.0997 73.1664 50.0000 33.1099 36.8183 53.8653
17952.0000 0.1032 73.2329 50.0000 32.9953 36.7107 54.0990
17953.0000 0.1015 73.2818 50.0000 32.9996 36.8971 54.0356
17954.0000 0.0996 72.9302 50.0000 33.2345 36.4711 53.7041
17955.0000 0.0940 73.0974 50.0000 33.8228 36.4900 53.5511
17956.0000 0.1030 73.4779 50.0000 33.5116 36.4313 54.3023
17957.0000 0.1054 73.5325 50.0000 33.5665 36.2317 54.4754
17958.0000 0.1016 73.3450 50.0000 33.7173 36.2012 54.1490
17959.0000 0.1022 73.4709 50.0000 33.8004 36.1947 54.2720
17960.0000 0.0969 73.4364 50.0000 34.0877 36.3011 53.9737
17961.0000 0.0947 73.5531 50.0000 34.5431 36.1326 53.9563
17962.0000 0.0939 73.6042 50.0000 34.6415 36.1435 53.9555
17963.0000 0.1000 73.9579 50.0000 34.7279 35.8913 54.5486
17964.0000 0.1016 74.1587 50.0000 34.8856 35.7952 54.7832
17965.0000 0.1019 74.1691 50.0000 34.6650 36.0063 54.7991
17966.0000 0.1018 74.0737 50.0000 34.6262 35.9620 54.7236
17967.0000 0.0945 73.7791 50.0000 34.6719 36.2351 54.1131
17968.0000 0.0989 73.8472 50.0000 34.3286 36.2834 54.3918
17969.0000 0.1027 73.8759 50.0000 34.3553 35.9723 54.6201
17970.0000 0.1039 73.8390 50.0000 34.3554 35.8412 54.6563
17971.0000 0.1036 73.8678 50.0000 34.2322 36.0200 54.6549
17972.0000 0.1029 74.0332 50.0000 34.3045 36.1629 54.7391
17973.0000 0.1012 73.9420 50.0000 33.8676 36.6566 54.5591
17974.0000 0.1016 73.8028 50.0000 33.7600 36.6025 54.4736
17975.0000 0.0957 73.8201 50.0000 33.9669 36.9002 54.1666
17976.0000 0.0949 73.7928 50.0000 34.1183 36.7849 54.1127
17977.0000 0.0928 73.5544 50.0000 34.3395 36.5009 53.8399
17978.0000 0.0985 73.8110 50.0000 34.1393 36.4818 54.3290
17979.0000 0.0949 73.6814 50.0000 34.0832 36.7095 54.0341
17980.0000 0.0942 73.5587 50.0000 34.2805 36.4459 53.9206
17981.0000 0.0918 73.5526 50.0000 34.1522 36.7796 53.7668
17982.0000 0.0977 73.4958 50.0000 33.7225 36.6732 54.0325
17983.0000 0.1016 73.5470 50.0000 33.4966 36.6321 54.2699
17984.0000 0.0982 73.4985 50.0000 33.5997 36.7603 54.0534
17985.0000 0.0942 72.9938 50.0000 33.5907 36.6135 53.4716
17986.0000 0.0928 73.4223 50.0000 34.0291 36.6955 53.7243
17987.0000 0.0870 73.3243 50.0000 34.0130 37.1248 53.3041
17988.0000 0.0910 73.5845 50.0000 34.0101 37.0263 53.7313
17989.0000 0.0927 73.7487 50.0000 33.9420 37.1187 53.9354
17990.0000 0.0954 73.8538 50.0000 34.2238 36.6933 54.1915
17991.0000 0.0900 73.4656 50.0000 34.2306 36.7704 53.6040
17992.0000 0.0923 73.6239 50.0000 34.2152 36.7466 53.8469
17993.0000 0.0942 73.6769 50.0000 34.0086 36.8480 53.9809
17994.0000 0.0940 73.7638 50.0000 34.1214 36.8281 54.0419
17995.0000 0.0938 73.7251 50.0000 34.0938 36.8357 54.0012
17996.0000 0.0919 73.4968 50.0000 34.1707 36.6998 53.7333
17997.0000 0.0933 73.6703 50.0000 34.2195 36.6986 53.9402
17998.0000 0.0970 73.8073 50.0000 34.2938 36.4438 54.2522
17999.0000 0.0945 73.6390 50.0000 34.1766 36.6086 53.9858
18000.0000 0.0905 73.1428 50.0000 34.1962 36.4439 53.4072
18001.0000 0.0941 73.4183 50.0000 34.1040 36.5048 53.8012
18002.0000 0.0946 73.4504 50.0000 34.0629 36.5354 53.8502
18003.0000 0.0935 73.7734 50.0000 34.0852 36.9239 54.0124
18004.0000 0.0939 73.6251 50.0000 33.9665 36.8661 53.9243
18005.0000 0.0970 73.4422 50.0000 33.7584 36.6377 53.9612
18006.0000 0.0937 73.2375 50.0000 33.8342 36.6369 53.6350
18007.0000 0.0961 73.5001 50.0000 33.9550 36.5634 53.9670
18008.0000 0.1036 73.7854 50.0000 33.8396 36.3430 54.5743
18009.0000 0.1045 73.5880 50.0000 33.5782 36.3466 54.4667
18010.0000 0.1037 73.7156 50.0000 33.6037 36.5109 54.5136
18011.0000 0.0996 73.6948 50.0000 33.7733 36.6511 54.2861
18012.0000 0.1007 73.3851 50.0000 33.4435 36.6005 54.1045
18013.0000 0.0968 73.2141 50.0000 33.4732 36.7267 53.7680
18014.0000 0.0997 73.1543 50.0000 33.5352 36.3672 53.8923
18015.0000 0.1006 73.5065 50.0000 33.2467 36.9362 54.1625
18016.0000 0.1050 73.3125 50.0000 32.6964 36.9538 54.2226
18017.0000 0.0985 73.2055 50.0000 33.0181 37.0535 53.8134
18018.0000 0.0977 73.3879 50.0000 33.3298 36.9752 53.9236
18019.0000 0.1043 73.4293 50.0000 33.2859 36.5097 54.3227
18020.0000 0.1034 73.3941 50.0000 33.1188 36.7251 54.2319
18021.0000 0.1100 73.4906 50.0000 33.1508 36.2458 54.6638
18022.0000 0.1110 73.6129 50.0000 33.4702 35.9599 54.8224
18023.0000 0.1058 73.4276 50.0000 33.3932 36.2778 54.4098
18024.0000 0.1110 73.6108 50.0000 33.1411 36.2967 54.7975
18025.0000 0.1108 73.5432 50.0000 32.9251 36.4708 54.7213
18026.0000 0.1051 73.4574 50.0000 33.3784 36.3781 54.3922
18027.0000 0.1059 73.3064 50.0000 33.3757 36.1684 54.3299
18028.0000 0.1108 73.5068 50.0000 33.3856 35.9588 54.7323
18029.0000 0.1055 73.6570 50.0000 33.8980 35.9998 54.5921
18030.0000 0.1042 73.5808 50.0000 33.6288 36.3100 54.4502
18031.0000 0.1080 73.6226 50.0000 33.5384 36.1376 54.6766
18032.0000 0.1079 73.6293 50.0000 33.4828 36.2112 54.6711
18033.0000 0.1057 73.4481 50.0000 33.5580 36.1324 54.4328
18034.0000 0.1056 73.5336 50.0000 33.3137 36.4776 54.4680
18035.0000 0.1096 73.5273 50.0000 33.2951 36.1644 54.6793
18036.0000 0.1077 73.4447 50.0000 33.1980 36.3377 54.5122
18037.0000 0.1117 73.7322 50.0000 32.9685 36.5278 54.9111
18038.0000 0.1091 73.6449 50.0000 33.1606 36.4593 54.7236
18039.0000 0.1080 73.7643 50.0000 33.2593 36.5591 54.7579
18040.0000 0.1107 73.9060 50.0000 33.1670 36.5758 54.9932
18041.0000 0.1138 74.0154 50.0000 32.7497 36.8596 55.2007
18042.0000 0.1173 73.8927 50.0000 32.6478 36.5690 55.2898
18043.0000 0.1141 73.9058 50.0000 32.5597 36.9324 55.1175
18044.0000 0.1087 73.6670 50.0000 32.5624 37.1370 54.6568
18045.0000 0.1122 73.6315 50.0000 32.6860 36.6899 54.8368
18046.0000 0.1123 73.4992 50.0000 32.4425 36.8024 54.7284
18047.0000 0.1134 73.8384 50.0000 32.4694 37.0117 55.0270
18048.0000 0.1200 74.0533 50.0000 32.3997 36.7701 55.5168
18049.0000 0.1220 74.0466 50.0000 32.2629 36.7412 55.6065
18050.0000 0.1252 74.0147 50.0000 32.2812 36.4479 55.7463
18051.0000 0.1273 74.1623 50.0000 32.0970 36.6122 55.9408
18052.0000 0.1261 73.9438 50.0000 31.9218 36.6790 55.7075
18053.0000 0.1293 74.1456 50.0000 31.9117 36.6318 56.0119
18054.0000 0.1318 73.9566 50.0000 32.0508 36.1250 56.0117
18055.0000 0.1334 73.7631 50.0000 31.7396 36.1405 55.9237
18056.0000 0.1383 73.8400 50.0000 31.4987 36.0939 56.1908
18057.0000 0.1348 73.7561 50.0000 31.6664 36.1110 55.9750
18058.0000 0.1343 73.7376 50.0000 31.4217 36.3811 55.9135
18059.0000 0.1316 73.6048 50.0000 31.2769 36.6102 55.6696
18060.0000 0.1352 73.8833 50.0000 31.4945 36.3737 56.0696
18061.0000 0.1314 73.4369 50.0000 31.3307 36.4059 55.5515
18062.0000 0.1277 73.4270 50.0000 31.6562 36.3436 55.3945
18063.0000 0.1271 73.3498 50.0000 31.6795 36.2922 55.3126
18064.0000 0.1261 73.4062 50.0000 31.8661 36.2360 55.3170
18065.0000 0.1283 73.5381 50.0000 31.7829 36.2731 55.5155
18066.0000 0.1322 73.7148 50.0000 31.6535 36.2765 55.8206
18067.0000 0.1274 73.2799 50.0000 31.7238 36.1595 55.2814
18068.0000 0.1299 73.4503 50.0000 31.5487 36.3115 55.5076
18069.0000 0.1319 73.6490 50.0000 31.6481 36.2466 55.7562
18070.0000 0.1352 73.7985 50.0000 31.5799 36.2061 56.0183
18071.0000 0.1297 73.8471 50.0000 31.9588 36.2755 55.8222
18072.0000 0.1309 74.0697 50.0000 31.8829 36.4721 56.0320
18073.0000 0.1309 74.0684 50.0000 31.7769 36.5800 56.0202
18074.0000 0.1266 73.9586 50.0000 31.7451 36.8357 55.7248
18075.0000 0.1286 74.0528 50.0000 31.9382 36.5719 55.9131
18076.0000 0.1335 74.1000 50.0000 31.7341 36.4579 56.1656
18077.0000 0.1382 74.6103 50.0000 31.9388 36.3656 56.7816
18078.0000 0.1406 74.6937 50.0000 31.9871 36.2162 56.9593
18079.0000 0.1390 74.5209 50.0000 31.9222 36.2380 56.7552
18080.0000 0.1413 74.4741 50.0000 31.7969 36.1553 56.8167
18081.0000 0.1397 74.2856 50.0000 31.5847 36.3173 56.5845
18082.0000 0.1452 74.5632 50.0000 31.7936 35.9506 57.0649
18083.0000 0.1454 74.5846 50.0000 31.7851 35.9693 57.0858
18084.0000 0.1349 74.1510 50.0000 32.0339 36.0949 56.2970
18085.0000 0.1309 74.2456 50.0000 31.9427 36.5736 56.1644
18086.0000 0.1382 74.3256 50.0000 31.6993 36.3486 56.5529
18087.0000 0.1347 74.3533 50.0000 31.9496 36.3803 56.4279
18088.0000 0.1384 74.3842 50.0000 31.9741 36.1103 56.6279
18089.0000 0.1394 74.5404 50.0000 31.7117 36.4408 56.7689
18090.0000 0.1423 74.5900 50.0000 31.6507 36.3373 56.9341
18091.0000 0.1330 74.2896 50.0000 31.7870 36.6134 56.2849
18092.0000 0.1325 74.3519 50.0000 31.8010 36.6946 56.3064
18093.0000 0.1294 74.2449 50.0000 31.6353 37.0074 56.0532
18094.0000 0.1298 74.0647 50.0000 31.6572 36.7863 55.9479
18095.0000 0.1365 74.1400 50.0000 31.3491 36.6599 56.3030
18096.0000 0.1405 74.3592 50.0000 31.3872 36.5254 56.6571
18097.0000 0.1372 74.2091 50.0000 31.2075 36.8161 56.3707
18098.0000 0.1471 74.6081 50.0000 31.2099 36.4461 57.1313
18099.0000 0.1428 74.4959 50.0000 31.3450 36.5224 56.8615
18100.0000 0.1433 74.4101 50.0000 31.2604 36.4968 56.8123
18101.0000 0.1451 74.3858 50.0000 31.0974 36.5067 56.8635
18102.0000 0.1473 74.3789 50.0000 31.0476 36.3907 56.9560
18103.0000 0.1441 74.2846 50.0000 31.3107 36.2721 56.7642
18104.0000 0.1448 74.3858 50.0000 31.3923 36.2256 56.8812
18105.0000 0.1411 74.3359 50.0000 31.5539 36.2904 56.6849
18106.0000 0.1389 74.5975 50.0000 31.6811 36.5616 56.7833
18107.0000 0.1353 74.5517 50.0000 31.7903 36.6854 56.5820
18108.0000 0.1321 74.5987 50.0000 32.1365 36.6146 56.4941
18109.0000 0.1347 74.6533 50.0000 31.9556 36.6515 56.6447
18110.0000 0.1323 74.5046 50.0000 32.1111 36.5408 56.4321
18111.0000 0.1331 74.5897 50.0000 31.8717 36.8026 56.5100
18112.0000 0.1405 74.8377 50.0000 31.7041 36.6400 57.0355
18113.0000 0.1356 74.9042 50.0000 31.9673 36.8053 56.8692
18114.0000 0.1316 74.7941 50.0000 32.0583 36.9123 56.6030
18115.0000 0.1254 74.4992 50.0000 32.0836 37.0952 56.0778
18116.0000 0.1372 75.0078 50.0000 31.7073 37.0490 56.9929
18117.0000 0.1340 75.1884 50.0000 32.0537 37.1059 57.0000
18118.0000 0.1389 75.0885 50.0000 31.8477 36.8452 57.1528
18119.0000 0.1327 74.8267 50.0000 31.9745 36.9436 56.6730
18120.0000 0.1328 74.6214 50.0000 31.7271 37.0030 56.5025
18121.0000 0.1320 74.5574 50.0000 31.6801 37.0499 56.4135
18122.0000 0.1315 74.5327 50.0000 31.9171 36.8264 56.3935
18123.0000 0.1285 74.5563 50.0000 32.1045 36.8846 56.2803
18124.0000 0.1247 74.4896 50.0000 31.9615 37.2674 56.0207
18125.0000 0.1273 74.4620 50.0000 31.8380 37.1624 56.1239
18126.0000 0.1217 73.9586 50.0000 31.9182 37.0402 55.4899
18127.0000 0.1216 74.0312 50.0000 31.7082 37.3354 55.5093
18128.0000 0.1323 74.2397 50.0000 31.6003 36.8163 56.1918
18129.0000 0.1288 74.3697 50.0000 31.7419 37.0622 56.1222
18130.0000 0.1257 74.1391 50.0000 31.6873 37.1403 55.7953
18131.0000 0.1311 74.4045 50.0000 31.5448 37.1204 56.2408
18132.0000 0.1295 74.1525 50.0000 31.4369 37.1175 55.9697
18133.0000 0.1298 73.9958 50.0000 31.2839 37.1073 55.8547
18134.0000 0.1292 73.9234 50.0000 31.0259 37.3470 55.7428
18135.0000 0.1326 74.0937 50.0000 30.9059 37.3713 56.0187
18136.0000 0.1303 74.0248 50.0000 31.3293 37.0442 55.9095
18137.0000 0.1308 74.1542 50.0000 31.3589 37.0945 56.0310
18138.0000 0.1355 74.3076 50.0000 31.0595 37.1871 56.3386
18139.0000 0.1350 74.2295 50.0000 31.1980 37.0126 56.2741
18140.0000 0.1282 74.0019 50.0000 31.2930 37.2241 55.7799
18141.0000 0.1256 73.8910 50.0000 31.4194 37.1939 55.5815
18142.0000 0.1267 73.9329 50.0000 31.1611 37.4156 55.6339
18143.0000 0.1302 74.2860 50.0000 31.1124 37.5251 56.0562
18144.0000 0.1265 73.8098 50.0000 30.8812 37.6094 55.4957
18145.0000 0.1227 73.4058 50.0000 30.8112 37.5930 55.0077
18146.0000 0.1182 73.3919 50.0000 30.8850 37.8659 54.7600
18147.0000 0.1152 73.1773 50.0000 31.0140 37.7706 54.4649
18148.0000 0.1159 73.3610 50.0000 31.1302 37.7645 54.6496
18149.0000 0.1161 73.4061 50.0000 31.1323 37.7939 54.6888
18150.0000 0.1145 73.1710 50.0000 31.1320 37.6946 54.4418
18151.0000 0.1164 73.1738 50.0000 31.0342 37.6449 54.5357
18152.0000 0.1142 73.1627 50.0000 31.1843 37.6580 54.4261
18153.0000 0.1102 73.2058 50.0000 31.1148 38.1081 54.2101
18154.0000 0.1174 73.2692 50.0000 30.9105 37.7903 54.6334
18155.0000 0.1133 73.1432 50.0000 31.0922 37.8084 54.3482
18156.0000 0.1157 73.1544 50.0000 30.9470 37.7795 54.4661
18157.0000 0.1165 73.2999 50.0000 31.0756 37.7166 54.6318
18158.0000 0.1220 73.4216 50.0000 30.9628 37.5050 55.0037
18159.0000 0.1234 73.5505 50.0000 31.1389 37.3306 55.1948
18160.0000 0.1234 73.7989 50.0000 31.2190 37.4845 55.3766
18161.0000 0.1240 73.9996 50.0000 31.3757 37.4632 55.5699
18162.0000 0.1289 74.1065 50.0000 31.4442 37.1135 55.9073
18163.0000 0.1142 73.6926 50.0000 31.6831 37.6404 54.8633
18164.0000 0.1186 73.8684 50.0000 31.6097 37.5276 55.2181
18165.0000 0.1203 73.9503 50.0000 31.2213 37.8807 55.3076
18166.0000 0.1190 73.6550 50.0000 31.2357 37.6853 55.0383
18167.0000 0.1171 74.0982 50.0000 31.3382 38.1561 55.2502
18168.0000 0.1212 74.1502 50.0000 31.2556 37.9559 55.5040
18169.0000 0.1216 74.0635 50.0000 30.9704 38.1431 55.4197
18170.0000 0.1137 74.0407 50.0000 31.2285 38.5053 54.9922
18171.0000 0.1101 73.9058 50.0000 31.3585 38.5365 54.7142
18172.0000 0.1171 74.0141 50.0000 31.2197 38.2008 55.1734
18173.0000 0.1169 73.9828 50.0000 31.3930 38.0064 55.1674
18174.0000 0.1144 73.9549 50.0000 31.3104 38.2759 54.9904
18175.0000 0.1217 74.1349 50.0000 31.2420 37.9227 55.5138
18176.0000 0.1203 74.1328 50.0000 31.3558 37.9086 55.4565
18177.0000 0.1213 74.0771 50.0000 31.1442 38.0030 55.4367
18178.0000 0.1221 73.8906 50.0000 31.0989 37.8049 55.3487
18179.0000 0.1186 73.7891 50.0000 31.3451 37.7298 55.1251
18180.0000 0.1175 73.8342 50.0000 31.6324 37.5564 55.1398
18181.0000 0.1202 74.0893 50.0000 31.6034 37.6154 55.4575
18182.0000 0.1195 74.0468 50.0000 31.5004 37.7370 55.3766
18183.0000 0.1221 73.9507 50.0000 31.5571 37.3812 55.4571
18184.0000 0.1211 73.8505 50.0000 31.4297 37.5011 55.3149
18185.0000 0.1212 73.8479 50.0000 31.4432 37.4761 55.3207
18186.0000 0.1230 74.1594 50.0000 31.3916 37.6767 55.6296
18187.0000 0.1226 73.6153 50.0000 31.3431 37.2448 55.2236
18188.0000 0.1245 73.8087 50.0000 31.1476 37.4822 55.4314
18189.0000 0.1243 73.8895 50.0000 31.1943 37.5241 55.4844
18190.0000 0.1231 74.0178 50.0000 31.1095 37.8321 55.4939
18191.0000 0.1262 74.2842 50.0000 31.0624 37.8865 55.8380
18192.0000 0.1272 74.0491 50.0000 30.8972 37.7574 55.7046
18193.0000 0.1260 74.0479 50.0000 30.9079 37.8432 55.6389
18194.0000 0.1267 74.2634 50.0000 31.0566 37.8366 55.8474
18195.0000 0.1356 74.6592 50.0000 30.9144 37.6570 56.5707
18196.0000 0.1348 74.5329 50.0000 30.9117 37.6041 56.4407
18197.0000 0.1326 74.6607 50.0000 30.7388 38.0785 56.3860
18198.0000 0.1341 74.6640 50.0000 30.5135 38.1934 56.4350
18199.0000 0.1272 74.2734 50.0000 30.6563 38.2256 55.8171
18200.0000 0.1335 74.6885 50.0000 30.7663 38.0066 56.4562
18201.0000 0.1342 74.6538 50.0000 30.7430 37.9425 56.4661
18202.0000 0.1414 75.0087 50.0000 30.5670 37.8956 57.0604
18203.0000 0.1372 75.1871 50.0000 30.8254 38.1187 57.0074
18204.0000 0.1320 74.9972 50.0000 30.7858 38.3902 56.5952
18205.0000 0.1296 74.8680 50.0000 30.7468 38.5003 56.3700
18206.0000 0.1306 74.7698 50.0000 30.7905 38.2847 56.3627
18207.0000 0.1240 74.4648 50.0000 31.1554 38.1411 55.8534
18208.0000 0.1292 74.7828 50.0000 30.9935 38.1910 56.3323
18209.0000 0.1282 74.5598 50.0000 31.2369 37.8058 56.1617
18210.0000 0.1292 74.7521 50.0000 31.3242 37.8217 56.3577
18211.0000 0.1282 74.5884 50.0000 31.3023 37.7669 56.1895
18212.0000 0.1304 74.5153 50.0000 31.1911 37.6402 56.2394
18213.0000 0.1333 74.6400 50.0000 31.1841 37.5404 56.4747
18214.0000 0.1238 74.1153 50.0000 31.3040 37.6639 55.6288
18215.0000 0.1235 74.1903 50.0000 31.5412 37.5142 55.6960
18216.0000 0.1249 74.2764 50.0000 31.2951 37.7443 55.7939
18217.0000 0.1161 73.7229 50.0000 31.3703 37.8447 54.9431
18218.0000 0.1153 73.8353 50.0000 31.4777 37.8989 54.9953
18219.0000 0.1127 73.6994 50.0000 31.5200 37.9377 54.7616
18220.0000 0.1137 73.6367 50.0000 31.5556 37.7603 54.7793
18221.0000 0.1128 73.4640 50.0000 31.4108 37.8206 54.5886
18222.0000 0.1176 73.7784 50.0000 31.5558 37.5768 55.0951
18223.0000 0.1161 73.8133 50.0000 31.6534 37.6296 55.0498
18224.0000 0.1214 73.8408 50.0000 31.3525 37.5448 55.3161
18225.0000 0.1228 74.0510 50.0000 31.5066 37.4759 55.5558
18226.0000 0.1346 74.4304 50.0000 30.9067 37.5327 56.3556
18227.0000 0.1343 74.1903 50.0000 30.8959 37.3414 56.1718
18228.0000 0.1327 74.2462 50.0000 30.9852 37.4222 56.1427
18229.0000 0.1326 74.1337 50.0000 31.1182 37.1922 56.0732
18230.0000 0.1312 74.0479 50.0000 31.0306 37.3054 55.9330
18231.0000 0.1228 73.9804 50.0000 31.5288 37.3821 55.5123
18232.0000 0.1277 74.3357 50.0000 31.4375 37.4246 56.0078
18233.0000 0.1271 74.4412 50.0000 31.0491 37.9772 55.9926
18234.0000 0.1244 74.4953 50.0000 31.3294 37.9564 55.9225
18235.0000 0.1281 74.5525 50.0000 31.2936 37.7543 56.1551
18236.0000 0.1261 74.2480 50.0000 31.3412 37.5700 55.8479
18237.0000 0.1232 74.2572 50.0000 31.4691 37.6729 55.7188
18238.0000 0.1267 74.2286 50.0000 31.3818 37.4601 55.8732
18239.0000 0.1226 74.2792 50.0000 31.5263 37.6884 55.7052
18240.0000 0.1188 74.2213 50.0000 31.6985 37.7588 55.4822
18241.0000 0.1185 73.9887 50.0000 31.5140 37.7503 55.2821
18242.0000 0.1134 74.0355 50.0000 31.7313 37.9832 55.0604
18243.0000 0.1198 74.4156 50.0000 31.7226 37.8318 55.6786
18244.0000 0.1192 74.7482 50.0000 31.8936 38.0190 55.8985
18245.0000 0.1098 74.4129 50.0000 31.9258 38.4442 55.1368
18246.0000 0.1147 74.4153 50.0000 31.8721 38.0927 55.4144
18247.0000 0.1195 74.6618 50.0000 31.5651 38.2590 55.8057
18248.0000 0.1134 74.4039 50.0000 31.9970 38.0599 55.3496
18249.0000 0.1118 74.2054 50.0000 31.9867 38.0106 55.1225
18250.0000 0.1078 73.9697 50.0000 32.1558 37.9320 54.7602
18251.0000 0.1015 74.0950 50.0000 32.1926 38.5635 54.4662
18252.0000 0.1033 73.9394 50.0000 32.1437 38.3043 54.4665
18253.0000 0.1004 73.9821 50.0000 32.3176 38.4106 54.3465
18254.0000 0.0977 73.8630 50.0000 32.3339 38.5143 54.1010
18255.0000 0.0954 73.7889 50.0000 32.4739 38.4922 53.9314
18256.0000 0.0955 73.7414 50.0000 32.5413 38.3634 53.9176
18257.0000 0.0942 73.7622 50.0000 32.2930 38.7725 53.8026
18258.0000 0.0913 73.4071 50.0000 32.4081 38.5525 53.4043
18259.0000 0.0883 73.2899 50.0000 32.5129 38.5946 53.1486
18260.0000 0.0952 73.5283 50.0000 32.1675 38.5856 53.6919
18261.0000 0.0982 73.7530 50.0000 32.2332 38.4662 54.0451
18262.0000 0.0953 73.6917 50.0000 32.4561 38.4224 53.8590
18263.0000 0.0970 73.9202 50.0000 32.5249 38.4217 54.1304
18264.0000 0.0978 74.0485 50.0000 32.7053 38.2830 54.2951
18265.0000 0.0999 74.0523 50.0000 32.4699 38.3589 54.3879
18266.0000 0.0982 74.1280 50.0000 32.5714 38.4744 54.3488
18267.0000 0.0976 74.0804 50.0000 32.6291 38.4180 54.2892
18268.0000 0.0989 74.0715 50.0000 32.1526 38.8105 54.2821
18269.0000 0.0989 73.9562 50.0000 31.9042 38.9712 54.1562
18270.0000 0.1015 74.2486 50.0000 31.8702 39.0723 54.5023
18271.0000 0.0992 74.2993 50.0000 32.1083 39.0646 54.4371
18272.0000 0.1005 74.2002 50.0000 32.0600 38.9047 54.4448
18273.0000 0.0994 74.3273 50.0000 31.9933 39.1966 54.4481
18274.0000 0.1003 74.2036 50.0000 32.0984 38.8829 54.4425
18275.0000 0.0985 74.2391 50.0000 32.4098 38.7327 54.4135
18276.0000 0.0978 74.0669 50.0000 32.5337 38.4890 54.2777
18277.0000 0.1019 74.0434 50.0000 32.1291 38.5456 54.4461
18278.0000 0.0945 73.5991 50.0000 32.4408 38.4164 53.7457
18279.0000 0.1021 73.7248 50.0000 31.8113 38.5551 54.1931
18280.0000 0.0986 73.6163 50.0000 32.0519 38.4971 53.9446
18281.0000 0.0966 73.6694 50.0000 32.0081 38.7785 53.8414
18282.0000 0.1015 73.7863 50.0000 32.1474 38.3067 54.2546
18283.0000 0.1027 73.7966 50.0000 32.1117 38.2513 54.3287
18284.0000 0.0990 73.7073 50.0000 32.3390 38.2410 54.0794
18285.0000 0.0958 73.7491 50.0000 32.4769 38.4132 53.9316
18286.0000 0.0948 73.8686 50.0000 32.6446 38.4365 53.9772
18287.0000 0.0915 73.6926 50.0000 32.6674 38.5364 53.6506
18288.0000 0.0925 73.4966 50.0000 32.5891 38.3339 53.5743
18289.0000 0.0957 73.5071 50.0000 32.3989 38.2668 53.7518
18290.0000 0.0983 73.4929 50.0000 32.2928 38.1371 53.8882
18291.0000 0.1004 73.4572 50.0000 32.2971 37.9104 53.9969
18292.0000 0.0937 73.3200 50.0000 32.9214 37.6839 53.5903
18293.0000 0.0943 73.1997 50.0000 32.8826 37.5582 53.5380
18294.0000 0.0932 73.1140 50.0000 32.7077 37.7535 53.3904
18295.0000 0.0949 73.3320 50.0000 32.8217 37.6995 53.6570
18296.0000 0.0943 73.5971 50.0000 32.8935 37.9388 53.8071
18297.0000 0.0937 73.5939 50.0000 32.5019 38.4222 53.6975
18298.0000 0.0976 73.6836 50.0000 32.3804 38.2931 53.9853
18299.0000 0.0969 73.4538 50.0000 32.1176 38.4112 53.7448
18300.0000 0.1011 73.5208 50.0000 32.1559 38.0657 54.0584
18301.0000 0.0969 73.4971 50.0000 32.5518 37.9780 53.8504
18302.0000 0.0965 73.4692 50.0000 32.2740 38.2934 53.7562
18303.0000 0.0984 73.4996 50.0000 32.3175 38.1054 53.9049
18304.0000 0.0987 73.4471 50.0000 32.2350 38.1161 53.8753
18305.0000 0.0979 73.4790 50.0000 32.3117 38.1360 53.8587
18306.0000 0.0981 73.4942 50.0000 31.9679 38.5072 53.8206
18307.0000 0.1003 73.5603 50.0000 31.9956 38.3461 54.0090
18308.0000 0.1022 73.5691 50.0000 31.7245 38.4886 54.0795
18309.0000 0.1029 73.2112 50.0000 31.3555 38.4757 53.8175
18310.0000 0.1054 73.3425 50.0000 31.4700 38.2670 54.0776
18311.0000 0.1042 73.2711 50.0000 31.5853 38.1706 53.9817
18312.0000 0.1019 73.1498 50.0000 31.7530 38.0652 53.7929
18313.0000 0.0970 73.1865 50.0000 32.0650 38.1885 53.5699
18314.0000 0.0928 73.0889 50.0000 31.9396 38.6097 53.2084
18315.0000 0.0957 73.0124 50.0000 31.9438 38.2687 53.3470
18316.0000 0.0943 73.0395 50.0000 32.1686 38.1750 53.3162
18317.0000 0.0897 72.8212 50.0000 32.3426 38.1741 52.9115
18318.0000 0.0924 72.7127 50.0000 32.1956 37.9794 52.9920
18319.0000 0.0993 72.9630 50.0000 31.8296 38.0221 53.5238
18320.0000 0.0974 73.2060 50.0000 31.9749 38.2734 53.5899
18321.0000 0.0987 73.5232 50.0000 31.8779 38.5832 53.8590
18322.0000 0.0951 73.4685 50.0000 32.1642 38.5396 53.6450
18323.0000 0.0923 73.4713 50.0000 32.3741 38.5647 53.5044
18324.0000 0.0952 73.4540 50.0000 32.1181 38.5625 53.6363
18325.0000 0.0952 73.4732 50.0000 32.1524 38.5484 53.6522
18326.0000 0.0925 73.4647 50.0000 32.2107 38.7162 53.4845
18327.0000 0.0930 73.4649 50.0000 32.3925 38.4700 53.5526
18328.0000 0.0889 73.6161 50.0000 32.5394 38.8402 53.4038
18329.0000 0.0943 73.7154 50.0000 32.2848 38.7243 53.7780
18330.0000 0.0912 73.8282 50.0000 32.5089 38.8803 53.6852
18331.0000 0.0955 74.0346 50.0000 32.1532 39.0883 54.0314
18332.0000 0.0956 74.0722 50.0000 32.2976 38.9540 54.0939
18333.0000 0.0923 73.9614 50.0000 32.2780 39.1640 53.8014
18334.0000 0.0971 74.0543 50.0000 31.8923 39.2465 54.0984
18335.0000 0.0944 74.0081 50.0000 32.1374 39.1794 53.9386
18336.0000 0.0927 73.8340 50.0000 32.4030 38.8632 53.7695
18337.0000 0.0935 74.0678 50.0000 32.4835 38.9366 53.9888
18338.0000 0.0909 73.9328 50.0000 32.7693 38.7188 53.7873
18339.0000 0.0902 73.7271 50.0000 32.6914 38.6652 53.5907
18340.0000 0.0866 73.5223 50.0000 32.6968 38.7878 53.2161
18341.0000 0.0852 73.4725 50.0000 32.6695 38.8940 53.0865
18342.0000 0.0851 73.6908 50.0000 32.6952 39.1070 53.2165
18343.0000 0.0828 73.8745 50.0000 32.9665 39.2077 53.2298
18344.0000 0.0822 73.6660 50.0000 32.9578 39.0582 53.0558
18345.0000 0.0907 73.8439 50.0000 32.5375 38.9090 53.6687
18346.0000 0.0901 73.7063 50.0000 32.4056 38.9737 53.5122
18347.0000 0.0871 73.8333 50.0000 32.3707 39.4242 53.3781
18348.0000 0.0904 74.2912 50.0000 32.4187 39.5243 53.9076
18349.0000 0.0939 74.0764 50.0000 32.2899 39.1189 53.9850
18350.0000 0.0933 74.0179 50.0000 32.2932 39.1191 53.9027
18351.0000 0.0949 74.0591 50.0000 32.1386 39.1798 54.0075
18352.0000 0.0979 73.8836 50.0000 31.5810 39.3499 53.9724
18353.0000 0.1016 74.2564 50.0000 31.5883 39.3807 54.4550
18354.0000 0.1023 74.1568 50.0000 31.8480 38.9317 54.4909
18355.0000 0.1036 74.1199 50.0000 31.6263 39.0188 54.5076
18356.0000 0.1052 74.4377 50.0000 31.7881 39.0198 54.8448
18357.0000 0.1031 74.3289 50.0000 31.8452 39.0360 54.6522
18358.0000 0.1075 74.4018 50.0000 31.5748 39.0174 54.9209
18359.0000 0.1051 74.2122 50.0000 31.9320 38.6427 54.7224
18360.0000 0.1077 74.1758 50.0000 32.1073 38.1957 54.8841
18361.0000 0.1059 74.0804 50.0000 32.0235 38.3464 54.6988
18362.0000 0.1079 74.3833 50.0000 32.0672 38.4305 55.0242
18363.0000 0.1063 74.2751 50.0000 32.0697 38.4583 54.8570
18364.0000 0.1096 74.2856 50.0000 31.9790 38.2851 55.0449
18365.0000 0.1014 73.7733 50.0000 31.9245 38.5404 54.2030
18366.0000 0.1006 74.0817 50.0000 32.1111 38.7167 54.3875
18367.0000 0.0936 73.8923 50.0000 32.5767 38.6472 53.9001
18368.0000 0.1031 74.2187 50.0000 32.0131 38.7374 54.6168
18369.0000 0.1012 73.9428 50.0000 32.0243 38.6231 54.3160
18370.0000 0.1026 73.9859 50.0000 32.0160 38.5452 54.4348
18371.0000 0.1071 74.0400 50.0000 31.8475 38.3914 54.7153
18372.0000 0.1070 74.1874 50.0000 31.9322 38.4610 54.8166
18373.0000 0.1042 73.8882 50.0000 32.1807 38.1344 54.4943
18374.0000 0.1056 73.8473 50.0000 31.9130 38.2599 54.5084
18375.0000 0.1037 73.8478 50.0000 31.8319 38.5156 54.3763
18376.0000 0.0975 73.5739 50.0000 32.1218 38.4783 53.8585
18377.0000 0.0987 73.4890 50.0000 32.1044 38.3024 53.8782
18378.0000 0.0969 73.3647 50.0000 32.2090 38.2195 53.7050
18379.0000 0.0993 73.5357 50.0000 32.1952 38.1958 53.9634
18380.0000 0.0989 73.4398 50.0000 32.2460 38.0825 53.8825
18381.0000 0.0972 73.3818 50.0000 32.1547 38.2732 53.7227
18382.0000 0.0982 73.5099 50.0000 32.1844 38.2804 53.8746
18383.0000 0.0984 73.6686 50.0000 32.1273 38.4828 53.9812
18384.0000 0.0971 73.7341 50.0000 32.3166 38.4560 53.9768
18385.0000 0.0911 73.7758 50.0000 32.7272 38.5902 53.6899
18386.0000 0.0958 73.9112 50.0000 32.4148 38.6413 54.0278
18387.0000 0.0925 73.7281 50.0000 32.4323 38.7357 53.6984
18388.0000 0.0933 73.4769 50.0000 32.0068 38.8866 53.4999
18389.0000 0.0960 73.5448 50.0000 31.9677 38.7501 53.7153
18390.0000 0.0964 73.4436 50.0000 32.2001 38.3544 53.7220
18391.0000 0.0927 73.4251 50.0000 32.3717 38.4851 53.4997
18392.0000 0.0989 73.7298 50.0000 31.9892 38.6467 54.0296
18393.0000 0.0933 73.7381 50.0000 32.5826 38.5065 53.7859
18394.0000 0.0946 73.8020 50.0000 32.6005 38.4411 53.9094
18395.0000 0.0974 73.6569 50.0000 32.3568 38.3085 53.9522
18396.0000 0.0977 73.7697 50.0000 32.3846 38.3639 54.0502
18397.0000 0.0986 73.5676 50.0000 32.6468 37.8035 54.0118
18398.0000 0.1001 73.5381 50.0000 32.3753 37.9338 54.0437
18399.0000 0.0967 73.4839 50.0000 32.4719 38.0696 53.8160
18400.0000 0.0986 73.4716 50.0000 32.4883 37.8721 53.9286
18401.0000 0.0989 73.3604 50.0000 32.4209 37.8103 53.8611
18402.0000 0.1014 73.3857 50.0000 32.1233 37.9415 53.9815
18403.0000 0.0965 72.8630 50.0000 31.8111 38.1879 53.2800
18404.0000 0.1039 73.1197 50.0000 31.8377 37.7760 53.9056
18405.0000 0.1045 73.4017 50.0000 31.6749 38.1780 54.1013
18406.0000 0.1091 73.6827 50.0000 32.1030 37.6040 54.6304
18407.0000 0.1075 73.5751 50.0000 32.3344 37.3887 54.4966
18408.0000 0.1106 73.5022 50.0000 32.0082 37.4045 54.5797
18409.0000 0.1116 73.6548 50.0000 32.0963 37.3751 54.7537
18410.0000 0.1110 73.5032 50.0000 31.8816 37.5085 54.5838
18411.0000 0.1070 73.5918 50.0000 32.2697 37.5141 54.4713
18412.0000 0.1023 73.2691 50.0000 32.2362 37.6317 53.9726
18413.0000 0.1039 73.3726 50.0000 32.3998 37.4174 54.1638
18414.0000 0.1076 73.5422 50.0000 32.1672 37.5248 54.4575
18415.0000 0.1066 73.5289 50.0000 32.1694 37.5881 54.3946
18416.0000 0.1100 73.5128 50.0000 32.2645 37.1947 54.5865
18417.0000 0.1063 73.4376 50.0000 32.1544 37.5432 54.3110
18418.0000 0.1030 73.6710 50.0000 32.5762 37.5973 54.3383
18419.0000 0.1048 73.9376 50.0000 32.2430 38.0698 54.5697
18420.0000 0.1047 73.7227 50.0000 32.4156 37.6797 54.4473
18421.0000 0.1108 73.8810 50.0000 32.1239 37.6345 54.8643
18422.0000 0.1099 74.0604 50.0000 32.3766 37.6141 54.9717
18423.0000 0.1096 74.0256 50.0000 32.1032 37.8986 54.8896
18424.0000 0.1096 73.7860 50.0000 32.1698 37.5946 54.7368
18425.0000 0.1078 73.7302 50.0000 32.0083 37.8581 54.5745
18426.0000 0.1071 73.6007 50.0000 32.1525 37.6341 54.4697
18427.0000 0.1124 73.5042 50.0000 31.8005 37.4769 54.6541
18428.0000 0.1134 73.5566 50.0000 31.5574 37.7018 54.7107
18429.0000 0.1137 73.5381 50.0000 31.6786 37.5375 54.7289
18430.0000 0.1088 73.4439 50.0000 31.7492 37.7703 54.4003
18431.0000 0.1048 73.5585 50.0000 31.8391 38.1299 54.2516
18432.0000 0.1057 73.5923 50.0000 31.8377 38.0817 54.3321
18433.0000 0.1056 73.7286 50.0000 32.0985 37.9473 54.4572
18434.0000 0.1027 73.5374 50.0000 32.1387 37.9642 54.1624
18435.0000 0.1011 73.5447 50.0000 32.1365 38.1155 54.0674
18436.0000 0.0992 73.5178 50.0000 32.1949 38.1841 53.9475
18437.0000 0.0990 73.4740 50.0000 31.9093 38.4779 53.8486
18438.0000 0.1000 73.5926 50.0000 32.0130 38.3926 54.0098
18439.0000 0.0988 73.3883 50.0000 32.1330 38.1573 53.8268
18440.0000 0.0958 73.1981 50.0000 32.0795 38.2931 53.5024
18441.0000 0.0940 73.2100 50.0000 32.0936 38.4511 53.3967
18442.0000 0.0994 73.5528 50.0000 32.1058 38.3005 53.9657
18443.0000 0.1020 73.7496 50.0000 32.0321 38.3512 54.2414
18444.0000 0.1002 73.7453 50.0000 31.9721 38.5722 54.1141
18445.0000 0.0990 73.6308 50.0000 31.9814 38.5527 53.9664
18446.0000 0.1030 73.3739 50.0000 32.1193 37.7989 54.0677
18447.0000 0.0964 73.4178 50.0000 32.3235 38.1991 53.7234
18448.0000 0.0987 73.2336 50.0000 32.1784 37.9660 53.7241
18449.0000 0.1026 73.2848 50.0000 31.8415 38.0458 53.9379
18450.0000 0.1042 73.2622 50.0000 31.8433 37.8789 54.0235
18451.0000 0.0977 72.8470 50.0000 31.7769 38.1093 53.3347
18452.0000 0.0988 73.0837 50.0000 31.8197 38.2003 53.5674
18453.0000 0.0968 73.2985 50.0000 31.9782 38.4149 53.6131
18454.0000 0.0985 73.5462 50.0000 31.8841 38.6150 53.8640
18455.0000 0.0982 73.5198 50.0000 31.6390 38.8944 53.7714
18456.0000 0.1009 73.5826 50.0000 31.4946 38.8683 53.9607
18457.0000 0.1026 73.5702 50.0000 31.5561 38.6398 54.0718
18458.0000 0.1036 73.5857 50.0000 31.5641 38.5600 54.1451
18459.0000 0.1004 73.3829 50.0000 31.7561 38.4248 53.8529
18460.0000 0.1008 73.4987 50.0000 31.6404 38.6318 53.9309
18461.0000 0.0995 73.3847 50.0000 31.9071 38.3397 53.8268
18462.0000 0.1016 73.5388 50.0000 31.6832 38.5562 54.0143
18463.0000 0.1008 73.3731 50.0000 31.8183 38.3125 53.8828
18464.0000 0.0982 73.1032 50.0000 31.5061 38.6210 53.4777
18465.0000 0.0995 73.1640 50.0000 31.6194 38.4408 53.6235
18466.0000 0.1009 73.1659 50.0000 31.4575 38.4986 53.6799
18467.0000 0.1036 73.1607 50.0000 31.3634 38.3512 53.8331
18468.0000 0.1070 73.0902 50.0000 31.2415 38.1258 53.9682
18469.0000 0.1041 73.0813 50.0000 31.3751 38.2174 53.8136
18470.0000 0.1054 73.1733 50.0000 31.8734 37.6625 54.0365
18471.0000 0.1092 73.0576 50.0000 31.1104 38.0493 54.0538
18472.0000 0.1064 72.9480 50.0000 31.1768 38.1063 53.8269
18473.0000 0.1049 73.1240 50.0000 31.3190 38.2508 53.8805
18474.0000 0.1051 73.1681 50.0000 31.5638 38.0116 53.9668
18475.0000 0.1071 73.2859 50.0000 31.5159 38.0141 54.1526
18476.0000 0.1042 73.4865 50.0000 32.0296 37.9049 54.1995
18477.0000 0.1012 73.7384 50.0000 32.2188 38.2084 54.2163
18478.0000 0.1056 73.9899 50.0000 32.0622 38.2395 54.6284
18479.0000 0.1004 73.9832 50.0000 32.5487 38.1583 54.3879
18480.0000 0.1024 73.8810 50.0000 32.2192 38.2392 54.3884
18481.0000 0.1044 73.7930 50.0000 32.0031 38.2138 54.4142
18482.0000 0.1038 73.9063 50.0000 32.0052 38.3781 54.4511
18483.0000 0.0984 73.6392 50.0000 32.1826 38.3923 53.9726
18484.0000 0.1000 73.6516 50.0000 32.0644 38.3901 54.0613
18485.0000 0.1033 73.4889 50.0000 32.0253 37.9864 54.1483
18486.0000 0.1011 73.4865 50.0000 32.2742 37.9009 54.0571
18487.0000 0.1014 73.4447 50.0000 32.0812 38.0467 54.0127
18488.0000 0.1014 73.2611 50.0000 31.9503 38.0039 53.8709
18489.0000 0.1034 73.3424 50.0000 31.6112 38.2862 53.9817
18490.0000 0.1074 73.2954 50.0000 31.5067 38.0028 54.1788
18491.0000 0.1120 73.3380 50.0000 31.3959 37.7840 54.4530
18492.0000 0.1102 73.4432 50.0000 31.5665 37.8508 54.4498
18493.0000 0.1159 73.7309 50.0000 31.3884 37.8483 54.9412
18494.0000 0.1238 73.9415 50.0000 31.2276 37.5778 55.4985
18495.0000 0.1175 73.8646 50.0000 31.3560 37.8767 55.1193
18496.0000 0.1219 73.9518 50.0000 31.2114 37.7572 55.3996
18497.0000 0.1176 73.7435 50.0000 31.3120 37.8038 55.0321
18498.0000 0.1221 74.0118 50.0000 31.0230 37.9976 55.4211
18499.0000 0.1213 73.8406 50.0000 31.0567 37.8626 55.2660
18500.0000 0.1250 74.1162 50.0000 31.1052 37.7784 55.6639
18501.0000 0.1247 74.2638 50.0000 31.0624 37.9901 55.7403
18502.0000 0.1243 74.6659 50.0000 31.3371 38.1154 56.0375
18503.0000 0.1238 74.4852 50.0000 31.2776 38.0447 55.8780
18504.0000 0.1171 74.2063 50.0000 31.5037 38.0833 55.3512
18505.0000 0.1159 74.3165 50.0000 31.5937 38.1930 55.3721
18506.0000 0.1170 74.1435 50.0000 31.4599 38.0761 55.2969
18507.0000 0.1105 74.0818 50.0000 31.8185 38.1769 54.9383
18508.0000 0.1154 74.4726 50.0000 32.0247 37.9294 55.5153
18509.0000 0.1202 74.7097 50.0000 31.6891 38.1214 55.8937
18510.0000 0.1219 74.9607 50.0000 31.9079 37.9933 56.1916
18511.0000 0.1206 74.6205 50.0000 31.8333 37.8498 55.8771
18512.0000 0.1234 74.4487 50.0000 31.8127 37.4823 55.9075
18513.0000 0.1274 74.7567 50.0000 31.8010 37.4710 56.3310
18514.0000 0.1302 74.7004 50.0000 31.6868 37.3202 56.4207
18515.0000 0.1273 74.7976 50.0000 31.9541 37.3607 56.3719
18516.0000 0.1251 74.5726 50.0000 32.0273 37.2446 56.1085
18517.0000 0.1247 74.4677 50.0000 32.2249 36.9692 56.0381
18518.0000 0.1273 74.7618 50.0000 32.2490 37.0227 56.3796
18519.0000 0.1294 74.8380 50.0000 31.7282 37.4624 56.4854
18520.0000 0.1230 74.5878 50.0000 31.9217 37.5331 55.9965
18521.0000 0.1276 74.3861 50.0000 31.3568 37.5710 56.0220
18522.0000 0.1246 74.4621 50.0000 31.5029 37.7209 55.9402
18523.0000 0.1268 74.1941 50.0000 31.0926 37.7232 55.8120
18524.0000 0.1236 74.1505 50.0000 31.0042 38.0289 55.5954
18525.0000 0.1244 74.4195 50.0000 31.0377 38.1880 55.8265
18526.0000 0.1179 74.4129 50.0000 31.5985 38.1140 55.5530
18527.0000 0.1189 74.6106 50.0000 31.9442 37.8597 55.7938
18528.0000 0.1210 74.6869 50.0000 31.8811 37.8277 55.9534
18529.0000 0.1228 74.7597 50.0000 31.8105 37.8250 56.0925
18530.0000 0.1229 74.6176 50.0000 31.6825 37.8176 55.9806
18531.0000 0.1174 74.5127 50.0000 31.8885 37.9452 55.6366
18532.0000 0.1166 74.4577 50.0000 31.8640 37.9858 55.5492
18533.0000 0.1162 74.3500 50.0000 32.2261 37.5333 55.5036
18534.0000 0.1186 74.3558 50.0000 31.8533 37.7380 55.5877
18535.0000 0.1144 74.3796 50.0000 32.2253 37.7075 55.4257
18536.0000 0.1154 74.2153 50.0000 32.0634 37.6397 55.3453
18537.0000 0.1136 73.9667 50.0000 31.8768 37.7440 55.0485
18538.0000 0.1119 73.9507 50.0000 32.3035 37.4160 55.0021
18539.0000 0.1155 74.0341 50.0000 31.7688 37.7673 55.1854
18540.0000 0.1173 73.8381 50.0000 31.4836 37.7317 55.1105
18541.0000 0.1188 74.1235 50.0000 31.6749 37.6836 55.4161
18542.0000 0.1253 74.3069 50.0000 31.1670 37.8755 55.8174
18543.0000 0.1262 74.0459 50.0000 31.1802 37.5395 55.6899
18544.0000 0.1253 73.9477 50.0000 31.4912 37.1937 55.6165
18545.0000 0.1323 73.9799 50.0000 31.0081 37.1805 55.9386
18546.0000 0.1353 74.0786 50.0000 31.1021 36.9444 56.1730
18547.0000 0.1315 73.6747 50.0000 31.3584 36.5928 55.7278
18548.0000 0.1314 73.6584 50.0000 31.4726 36.4700 55.7223
18549.0000 0.1320 73.7089 50.0000 31.2367 36.7162 55.7602
18550.0000 0.1298 73.7642 50.0000 31.5414 36.6173 55.7267
18551.0000 0.1286 73.7832 50.0000 31.4314 36.8469 55.6627
18552.0000 0.1316 74.0268 50.0000 31.3961 36.8816 55.9821
18553.0000 0.1265 73.9839 50.0000 31.7612 36.8549 55.7365
18554.0000 0.1272 73.7310 50.0000 31.5155 36.8137 55.5678
18555.0000 0.1255 73.7401 50.0000 31.6870 36.7769 55.5067
18556.0000 0.1221 73.7391 50.0000 31.8543 36.8729 55.3457
18557.0000 0.1251 73.8629 50.0000 31.9018 36.7012 55.5970
18558.0000 0.1239 74.0831 50.0000 31.8110 37.1018 55.6761
18559.0000 0.1239 74.0520 50.0000 31.7945 37.0848 55.6554
18560.0000 0.1226 74.0059 50.0000 31.8654 37.0689 55.5640
18561.0000 0.1256 74.2099 50.0000 32.0017 36.8905 55.8757
18562.0000 0.1258 74.0428 50.0000 31.9623 36.7529 55.7671
18563.0000 0.1212 73.5258 50.0000 31.8614 36.7326 55.1508
18564.0000 0.1201 73.6500 50.0000 31.8216 36.9736 55.1784
18565.0000 0.1242 74.0753 50.0000 31.9141 36.9640 55.6982
18566.0000 0.1257 74.1136 50.0000 31.8098 36.9873 55.7933
18567.0000 0.1196 74.0468 50.0000 31.7041 37.5152 55.4111
18568.0000 0.1188 73.5599 50.0000 31.5233 37.3076 55.0044
18569.0000 0.1129 73.4581 50.0000 31.6067 37.5978 54.6216
18570.0000 0.1164 73.5542 50.0000 31.7633 37.2365 54.9068
18571.0000 0.1173 73.5276 50.0000 31.6086 37.3069 54.9126
18572.0000 0.1145 73.5251 50.0000 31.9132 37.2047 54.8024
18573.0000 0.1193 73.7448 50.0000 31.5300 37.4345 55.1617
18574.0000 0.1169 73.6565 50.0000 31.5280 37.5423 54.9712
18575.0000 0.1150 73.6585 50.0000 31.6290 37.5932 54.8810
18576.0000 0.1166 73.7054 50.0000 31.2454 37.9162 54.9415
18577.0000 0.1166 73.6680 50.0000 31.4734 37.6366 54.9536
18578.0000 0.1160 73.6717 50.0000 31.5859 37.5724 54.9379
18579.0000 0.1183 73.8199 50.0000 31.5946 37.5230 55.1650
18580.0000 0.1195 73.7168 50.0000 31.5370 37.3853 55.1536
18581.0000 0.1233 74.0306 50.0000 31.5740 37.3439 55.5791
18582.0000 0.1198 73.9918 50.0000 31.5058 37.6566 55.3548
18583.0000 0.1236 74.2953 50.0000 31.3412 37.8150 55.7453
18584.0000 0.1256 74.2924 50.0000 31.2491 37.7461 55.8398
18585.0000 0.1295 74.5343 50.0000 31.2115 37.7102 56.2063
18586.0000 0.1296 74.3467 50.0000 31.2218 37.5111 56.0853
18587.0000 0.1296 74.2991 50.0000 31.2060 37.4885 56.0460
18588.0000 0.1304 74.3370 50.0000 31.2849 37.3801 56.1246
18589.0000 0.1321 74.3219 50.0000 31.1901 37.3276 56.1923
18590.0000 0.1266 73.9872 50.0000 31.2985 37.3291 55.6871
18591.0000 0.1223 73.8239 50.0000 31.3428 37.4685 55.3507
18592.0000 0.1240 73.7678 50.0000 31.3460 37.2783 55.4025
18593.0000 0.1224 73.6867 50.0000 31.3046 37.3686 55.2570
18594.0000 0.1305 73.9257 50.0000 31.0465 37.2289 55.8134
18595.0000 0.1287 73.8804 50.0000 31.2670 37.0995 55.7164
18596.0000 0.1287 74.0241 50.0000 31.1147 37.3922 55.7967
18597.0000 0.1361 74.2056 50.0000 30.7857 37.3322 56.2585
18598.0000 0.1347 74.1289 50.0000 30.9342 37.2104 56.1565
18599.0000 0.1365 74.0999 50.0000 31.0503 36.9316 56.2382
18600.0000 0.1416 74.1504 50.0000 30.6051 37.0475 56.4720
18601.0000 0.1411 74.1555 50.0000 30.7806 36.9117 56.4724
18602.0000 0.1342 73.9230 50.0000 30.8631 37.1324 55.9755
18603.0000 0.1306 73.6250 50.0000 31.1530 36.8321 55.6196
18604.0000 0.1251 73.6460 50.0000 31.3513 37.0696 55.3775
18605.0000 0.1326 73.8214 50.0000 31.3653 36.6388 55.8875
18606.0000 0.1346 73.9206 50.0000 31.5128 36.4288 56.0727
18607.0000 0.1290 73.8371 50.0000 31.6853 36.6004 55.7527
18608.0000 0.1340 74.4444 50.0000 31.6151 36.8581 56.4263
18609.0000 0.1265 74.0139 50.0000 31.6021 37.0454 55.7406
18610.0000 0.1290 74.3531 50.0000 31.6355 37.1385 56.1098
18611.0000 0.1335 74.3547 50.0000 31.5326 36.9024 56.3252
18612.0000 0.1346 74.7506 50.0000 31.3806 37.3411 56.6441
18613.0000 0.1316 74.7337 50.0000 31.4567 37.4743 56.4914
18614.0000 0.1258 74.6509 50.0000 31.6776 37.6230 56.1587
18615.0000 0.1341 74.9297 50.0000 31.4371 37.4848 56.7543
18616.0000 0.1367 75.2089 50.0000 31.4216 37.5616 57.0806
18617.0000 0.1359 75.2263 50.0000 31.6841 37.3744 57.0812
18618.0000 0.1302 75.0267 50.0000 31.9508 37.3516 56.6834
18619.0000 0.1383 75.4284 50.0000 31.7975 37.2607 57.3586
18620.0000 0.1362 75.6068 50.0000 31.9584 37.4199 57.4004
18621.0000 0.1386 75.8141 50.0000 31.7273 37.6642 57.6417
18622.0000 0.1290 75.3725 50.0000 31.7041 38.0271 56.8313
18623.0000 0.1281 75.2888 50.0000 32.0472 37.6614 56.7714
18624.0000 0.1242 75.3766 50.0000 32.0024 38.1054 56.6167
18625.0000 0.1197 75.3483 50.0000 32.2548 38.1760 56.3878
18626.0000 0.1194 75.2629 50.0000 32.1981 38.1746 56.3071
18627.0000 0.1239 75.7050 50.0000 32.0088 38.4349 56.8282
18628.0000 0.1235 75.8095 50.0000 32.1171 38.4472 56.8980
18629.0000 0.1285 75.9289 50.0000 31.9454 38.3389 57.2261
18630.0000 0.1225 75.6520 50.0000 32.2099 38.2869 56.7438
18631.0000 0.1219 75.7858 50.0000 32.2254 38.4420 56.8087
18632.0000 0.1211 75.6836 50.0000 32.0279 38.6199 56.6633
18633.0000 0.1214 75.6813 50.0000 32.1119 38.5071 56.6893
18634.0000 0.1166 75.4151 50.0000 31.9612 38.8076 56.2129
18635.0000 0.1172 75.3128 50.0000 31.9787 38.6398 56.1813
18636.0000 0.1185 75.7150 50.0000 32.0325 38.8598 56.5385
18637.0000 0.1202 75.8372 50.0000 32.2189 38.6416 56.7456
18638.0000 0.1127 75.3618 50.0000 32.1290 38.9018 55.9802
18639.0000 0.1131 75.3199 50.0000 32.1844 38.7746 55.9801
18640.0000 0.1124 75.0014 50.0000 31.9565 38.7650 55.6889
18641.0000 0.1133 75.1467 50.0000 32.1225 38.6515 55.8680
18642.0000 0.1122 74.9682 50.0000 31.9779 38.7239 55.6607
18643.0000 0.1108 75.0560 50.0000 32.0428 38.8605 55.6464
18644.0000 0.1113 75.2485 50.0000 32.1412 38.9058 55.8178
18645.0000 0.1137 75.1089 50.0000 31.9646 38.7552 55.8360
18646.0000 0.1148 75.1386 50.0000 31.9956 38.6542 55.9280
18647.0000 0.1071 74.9166 50.0000 32.2241 38.8527 55.3585
18648.0000 0.1062 74.8876 50.0000 32.2998 38.8152 55.3014
18649.0000 0.1093 74.5857 50.0000 32.2926 38.2670 55.2798
18650.0000 0.1102 74.6249 50.0000 32.2547 38.2693 55.3531
18651.0000 0.1052 74.4123 50.0000 32.6058 38.1111 54.9691
18652.0000 0.1068 74.2885 50.0000 32.2786 38.1990 54.9337
18653.0000 0.1107 74.5295 50.0000 32.4853 37.8853 55.3540
18654.0000 0.1077 74.6593 50.0000 32.5383 38.2129 55.2725
18655.0000 0.1082 74.8696 50.0000 32.5371 38.3755 55.4447
18656.0000 0.1098 75.2601 50.0000 32.1562 39.0259 55.7408
18657.0000 0.1147 75.2399 50.0000 32.1845 38.5601 56.0207
18658.0000 0.1152 75.3878 50.0000 32.4306 38.3958 56.1902
18659.0000 0.1137 75.2397 50.0000 32.3242 38.4952 55.9846
18660.0000 0.1135 75.2562 50.0000 32.2274 38.6267 55.9720
18661.0000 0.1191 75.2857 50.0000 31.9876 38.4492 56.2706
18662.0000 0.1236 75.4718 50.0000 31.9018 38.3442 56.6391
18663.0000 0.1258 75.2078 50.0000 31.6548 38.1771 56.5393
18664.0000 0.1214 75.1761 50.0000 31.8567 38.2870 56.3090
18665.0000 0.1245 75.1344 50.0000 31.7783 38.0852 56.4344
18666.0000 0.1296 75.1087 50.0000 31.6085 37.8327 56.6649
18667.0000 0.1261 75.0117 50.0000 31.6610 37.9566 56.4236
18668.0000 0.1155 74.7588 50.0000 31.9368 38.2890 55.7034
18669.0000 0.1189 74.8998 50.0000 32.0089 38.0724 55.9992
18670.0000 0.1226 74.9911 50.0000 31.5923 38.2942 56.2063
18671.0000 0.1245 74.9756 50.0000 31.6544 38.0594 56.3101
18672.0000 0.1290 75.1691 50.0000 31.7720 37.7628 56.7001
18673.0000 0.1240 75.1273 50.0000 31.7328 38.1626 56.3982
18674.0000 0.1255 75.0293 50.0000 31.8705 37.8099 56.4276
18675.0000 0.1221 74.9458 50.0000 31.9120 37.9524 56.1971
18676.0000 0.1249 74.9547 50.0000 32.0681 37.5764 56.3724
18677.0000 0.1204 74.8311 50.0000 32.3097 37.5668 56.0759
18678.0000 0.1150 74.2131 50.0000 32.0140 37.7247 55.3131
18679.0000 0.1138 74.1230 50.0000 32.0298 37.7225 55.1845
18680.0000 0.1125 74.0624 50.0000 32.1418 37.6463 55.0899
18681.0000 0.1111 74.0454 50.0000 32.2076 37.6789 55.0063
18682.0000 0.1083 74.2381 50.0000 32.0222 38.3001 54.9451
18683.0000 0.1112 74.0804 50.0000 31.8420 38.0955 54.9793
18684.0000 0.1154 73.9265 50.0000 31.8251 37.6110 55.1153
18685.0000 0.1178 73.9982 50.0000 31.7999 37.5127 55.2928
18686.0000 0.1146 74.0549 50.0000 32.1769 37.4356 55.2027
18687.0000 0.1129 74.1973 50.0000 32.1607 37.7262 55.2056
18688.0000 0.1154 74.3322 50.0000 32.2616 37.5482 55.4491
18689.0000 0.1186 74.3048 50.0000 32.0465 37.4861 55.5789
18690.0000 0.1154 74.1112 50.0000 32.0838 37.5210 55.2745
18691.0000 0.1181 74.1611 50.0000 31.9221 37.5154 55.4386
18692.0000 0.1170 73.9668 50.0000 31.9872 37.3557 55.2491
18693.0000 0.1130 74.0434 50.0000 31.9747 37.7700 55.0769
18694.0000 0.1139 74.3147 50.0000 31.8298 38.1109 55.2911
18695.0000 0.1111 74.4144 50.0000 32.1283 38.1249 55.2428
18696.0000 0.1110 74.5643 50.0000 32.2426 38.1542 55.3580
18697.0000 0.1112 74.5375 50.0000 32.1348 38.2222 55.3377
18698.0000 0.1058 74.6965 50.0000 32.6025 38.3366 55.1992
18699.0000 0.1112 74.5773 50.0000 32.3388 38.0506 55.3907
18700.0000 0.1175 74.7840 50.0000 32.4145 37.6512 55.8958
18701.0000 0.1199 74.6762 50.0000 31.9051 37.8801 55.8901
18702.0000 0.1183 74.5979 50.0000 31.9919 37.8496 55.7564
18703.0000 0.1140 74.5182 50.0000 32.0544 38.0617 55.4688
18704.0000 0.1087 74.3257 50.0000 32.0701 38.2960 55.0384
18705.0000 0.1132 74.4086 50.0000 32.0761 37.9953 55.3546
18706.0000 0.1128 74.6456 50.0000 32.2650 38.0617 55.5180
18707.0000 0.1145 74.7150 50.0000 32.0722 38.1866 55.6371
18708.0000 0.1145 74.7928 50.0000 32.2654 38.0580 55.7180
18709.0000 0.1136 74.7875 50.0000 32.4991 37.8829 55.6944
18710.0000 0.1117 74.6050 50.0000 32.5232 37.8389 55.4650
18711.0000 0.1072 74.5323 50.0000 32.9389 37.7074 55.2109
18712.0000 0.1075 74.2568 50.0000 32.6797 37.6828 55.0101
18713.0000 0.1061 74.3462 50.0000 32.5293 38.0500 54.9673
18714.0000 0.1099 74.1691 50.0000 32.2895 37.8115 55.0339
18715.0000 0.1039 74.0779 50.0000 32.5672 37.9300 54.6647
18716.0000 0.1036 73.9937 50.0000 32.1384 38.3332 54.5230
18717.0000 0.1100 74.1448 50.0000 32.0575 38.0228 54.9912
18718.0000 0.1113 74.0074 50.0000 31.8804 37.9763 54.9412
18719.0000 0.1066 73.8947 50.0000 31.9216 38.2173 54.5974
18720.0000 0.1144 73.8267 50.0000 31.7608 37.6662 54.9809
18721.0000 0.1148 73.6585 50.0000 31.5350 37.7103 54.8548
18722.0000 0.1178 73.7855 50.0000 31.6161 37.5064 55.1180
18723.0000 0.1169 73.9041 50.0000 31.5855 37.7237 55.1462
18724.0000 0.1215 73.9178 50.0000 31.4184 37.5399 55.3849
18725.0000 0.1155 73.6667 50.0000 31.8033 37.3778 54.9384
18726.0000 0.1193 73.8094 50.0000 31.9014 37.1075 55.2554
18727.0000 0.1196 73.9478 50.0000 32.0086 37.1044 55.3804
18728.0000 0.1204 73.6705 50.0000 32.0622 36.7224 55.2343
18729.0000 0.1160 73.6935 50.0000 32.1194 37.0300 55.0260
18730.0000 0.1171 73.7927 50.0000 32.3316 36.8199 55.1753
18731.0000 0.1150 73.8654 50.0000 32.0424 37.3569 55.0803
18732.0000 0.1080 73.4788 50.0000 32.3642 37.2155 54.4674
18733.0000 0.1084 73.5829 50.0000 32.2823 37.3780 54.5452
18734.0000 0.1069 73.4432 50.0000 32.3009 37.3389 54.3725
18735.0000 0.1062 73.0826 50.0000 32.0939 37.2654 54.0587
18736.0000 0.1133 73.3643 50.0000 32.0355 37.0199 54.6404
18737.0000 0.1101 73.1760 50.0000 31.8798 37.2685 54.3091
18738.0000 0.1122 73.0365 50.0000 31.9006 36.9335 54.3378
18739.0000 0.1097 72.9576 50.0000 31.8521 37.1154 54.1360
18740.0000 0.1104 72.8527 50.0000 31.9965 36.8060 54.1208
18741.0000 0.1067 72.7383 50.0000 31.9711 37.0237 53.8326
18742.0000 0.1061 72.7050 50.0000 31.9851 37.0234 53.7796
18743.0000 0.1085 72.7421 50.0000 31.8950 36.9561 53.9293
18744.0000 0.1108 72.8125 50.0000 31.8906 36.8465 54.1016
18745.0000 0.1054 72.8114 50.0000 32.1380 37.0203 53.8345
18746.0000 0.1080 73.1191 50.0000 31.9350 37.3255 54.1606
18747.0000 0.1093 72.9429 50.0000 31.8672 37.1187 54.1050
18748.0000 0.1127 72.8642 50.0000 31.7260 36.9128 54.2226
18749.0000 0.1128 72.8063 50.0000 31.6881 36.8869 54.1847
18750.0000 0.1161 72.7998 50.0000 31.5302 36.7867 54.3360
18751.0000 0.1161 72.9016 50.0000 31.5789 36.8313 54.4139
18752.0000 0.1146 73.0561 50.0000 31.6837 36.9925 54.4508
18753.0000 0.1159 73.3801 50.0000 31.7020 37.1787 54.7482
18754.0000 0.1216 73.7056 50.0000 31.5609 37.1856 55.2599
18755.0000 0.1273 73.8966 50.0000 31.4537 37.0320 55.6777
18756.0000 0.1258 73.8808 50.0000 31.4538 37.1275 55.5930
18757.0000 0.1237 73.6144 50.0000 31.3767 37.1202 55.2871
18758.0000 0.1188 73.3762 50.0000 31.5728 37.0747 54.8880
18759.0000 0.1174 73.2081 50.0000 31.5733 37.0269 54.6951
18760.0000 0.1208 73.2762 50.0000 31.5661 36.8310 54.9223
18761.0000 0.1214 73.3982 50.0000 31.8655 36.5895 55.0736
18762.0000 0.1311 73.9016 50.0000 31.5790 36.6108 55.8915
18763.0000 0.1277 73.6319 50.0000 31.6757 36.5182 55.5404
18764.0000 0.1281 73.8532 50.0000 31.7580 36.6120 55.7251
18765.0000 0.1211 73.4627 50.0000 31.7278 36.8148 55.0889
18766.0000 0.1246 73.5332 50.0000 31.5360 36.8127 55.2941
18767.0000 0.1222 73.4356 50.0000 31.5131 36.9301 55.0989
18768.0000 0.1265 73.5190 50.0000 31.2996 36.8917 55.3569
18769.0000 0.1207 73.2813 50.0000 31.5582 36.8488 54.9218
18770.0000 0.1220 73.0032 50.0000 31.4836 36.5613 54.7861
18771.0000 0.1193 73.1373 50.0000 31.6105 36.7712 54.7514
18772.0000 0.1209 73.1705 50.0000 31.7078 36.5728 54.8723
18773.0000 0.1181 73.1819 50.0000 31.7809 36.7338 54.7376
18774.0000 0.1185 73.2268 50.0000 31.7972 36.7237 54.7948
18775.0000 0.1202 73.3265 50.0000 31.7411 36.7438 54.9469
18776.0000 0.1244 73.2232 50.0000 31.3908 36.6807 55.0526
18777.0000 0.1183 73.3280 50.0000 31.6646 36.9733 54.8391
18778.0000 0.1171 73.1973 50.0000 31.6766 36.9355 54.6827
18779.0000 0.1185 73.2712 50.0000 31.6028 36.9735 54.7987
18780.0000 0.1159 73.1928 50.0000 31.5508 37.1563 54.5998
18781.0000 0.1126 73.2417 50.0000 31.2722 37.7674 54.4061
18782.0000 0.1170 73.4017 50.0000 31.5476 37.2688 54.8051
18783.0000 0.1175 73.0775 50.0000 31.5125 36.9549 54.6042
18784.0000 0.1174 73.0010 50.0000 31.2969 37.1204 54.5136
18785.0000 0.1164 73.1589 50.0000 31.7920 36.8327 54.6337
18786.0000 0.1139 73.3061 50.0000 31.8670 37.0969 54.6086
18787.0000 0.1081 73.0773 50.0000 31.9280 37.2784 54.1407
18788.0000 0.1085 73.1725 50.0000 32.0873 37.1724 54.2478
18789.0000 0.1064 72.9544 50.0000 32.0361 37.1879 53.9731
18790.0000 0.1036 72.7506 50.0000 31.8865 37.3825 53.6512
18791.0000 0.1083 72.7700 50.0000 31.6972 37.2100 53.9090
18792.0000 0.1082 72.6015 50.0000 31.8774 36.8628 53.8139
18793.0000 0.1049 72.2910 50.0000 31.8937 36.8127 53.4191
18794.0000 0.1041 72.3383 50.0000 32.1276 36.6788 53.4351
18795.0000 0.1086 72.5321 50.0000 31.9364 36.6994 53.7971
18796.0000 0.1096 72.3286 50.0000 32.0259 36.3346 53.7175
18797.0000 0.1090 72.3893 50.0000 32.0982 36.3614 53.7379
18798.0000 0.1076 72.4390 50.0000 32.0450 36.5783 53.6895
18799.0000 0.1090 72.2913 50.0000 31.8811 36.4934 53.6457
18800.0000 0.1033 72.2920 50.0000 32.0798 36.7496 53.3524
18801.0000 0.1008 72.3432 50.0000 32.1980 36.8805 53.2602
18802.0000 0.1021 72.3467 50.0000 32.0138 36.9731 53.3119
18803.0000 0.1043 72.3545 50.0000 31.8835 36.9369 53.4255
18804.0000 0.1044 72.4418 50.0000 32.0101 36.8802 53.5072
18805.0000 0.1039 72.5675 50.0000 31.7789 37.2940 53.5285
18806.0000 0.1063 72.6554 50.0000 32.0927 36.8481 53.7687
18807.0000 0.0998 72.5089 50.0000 32.2504 37.0740 53.3196
18808.0000 0.1033 72.5993 50.0000 32.1420 36.9848 53.5694
18809.0000 0.1003 72.7082 50.0000 32.4128 37.0560 53.5045
18810.0000 0.1034 72.8085 50.0000 32.4549 36.8509 53.7566
18811.0000 0.1004 72.8130 50.0000 32.4481 37.1131 53.5862
18812.0000 0.0922 72.6612 50.0000 32.7307 37.3694 53.0272
18813.0000 0.0942 72.4014 50.0000 32.6123 37.0636 52.9593
18814.0000 0.0983 72.4761 50.0000 32.6221 36.7785 53.2533
18815.0000 0.0941 72.1681 50.0000 32.6559 36.7904 52.8043
18816.0000 0.0937 72.3275 50.0000 32.7374 36.8949 52.8989
18817.0000 0.0967 72.4806 50.0000 32.6478 36.8908 53.1661
18818.0000 0.0990 72.5955 50.0000 32.4668 37.0027 53.3555
18819.0000 0.1060 72.7228 50.0000 32.4009 36.6079 53.8392
18820.0000 0.0996 72.6239 50.0000 32.5938 36.8403 53.4291
18821.0000 0.0957 72.6721 50.0000 32.8418 36.9567 53.2621
18822.0000 0.0969 72.5614 50.0000 32.7566 36.8363 53.2471
18823.0000 0.0958 72.5369 50.0000 32.6844 36.9780 53.1598
18824.0000 0.0926 72.5535 50.0000 33.0704 36.8597 53.0256
18825.0000 0.0957 72.7826 50.0000 33.2441 36.6431 53.3800
18826.0000 0.0968 72.8308 50.0000 33.1471 36.6973 53.4687
18827.0000 0.0968 72.9792 50.0000 33.0907 36.9013 53.5655
18828.0000 0.0935 73.0654 50.0000 33.7725 36.5494 53.4988
18829.0000 0.0913 73.0024 50.0000 33.8210 36.6267 53.3290
18830.0000 0.1020 73.3474 50.0000 33.5168 36.3782 54.1581
18831.0000 0.0943 73.1909 50.0000 34.2609 36.1057 53.6607
18832.0000 0.0985 73.3776 50.0000 33.9704 36.2273 54.0173
18833.0000 0.0907 73.2915 50.0000 34.7004 36.0521 53.5516
18834.0000 0.0933 73.7308 50.0000 34.5139 36.4551 54.0004
18835.0000 0.0949 73.6748 50.0000 34.4247 36.3567 54.0473
18836.0000 0.0920 73.5827 50.0000 34.2440 36.6968 53.8062
18837.0000 0.0939 73.6649 50.0000 34.4113 36.4451 53.9827
18838.0000 0.0903 73.6849 50.0000 34.4734 36.7104 53.7903
18839.0000 0.0929 73.5680 50.0000 34.2794 36.5681 53.8511
18840.0000 0.0952 73.6413 50.0000 34.1653 36.5594 54.0294
18841.0000 0.0925 73.6210 50.0000 34.3517 36.5817 53.8684
18842.0000 0.0913 73.6954 50.0000 34.6552 36.4462 53.8675
18843.0000 0.0909 73.5089 50.0000 34.6042 36.3519 53.7089
18844.0000 0.0900 73.4298 50.0000 34.4748 36.4814 53.5960
18845.0000 0.0945 73.8186 50.0000 34.5536 36.3979 54.1334
18846.0000 0.0898 73.3807 50.0000 34.6599 36.2601 53.5596
18847.0000 0.0888 73.7433 50.0000 34.3424 37.0294 53.7354
18848.0000 0.0892 73.5573 50.0000 34.4854 36.6664 53.6377
18849.0000 0.0898 73.5187 50.0000 34.5106 36.5506 53.6476
18850.0000 0.0945 73.6298 50.0000 34.2950 36.4814 53.9843
18851.0000 0.0951 73.7528 50.0000 34.6510 36.1771 54.1294
18852.0000 0.1006 73.7248 50.0000 34.5397 35.8095 54.4062
18853.0000 0.0986 73.6216 50.0000 34.4843 35.9315 54.2208
18854.0000 0.0958 73.5624 50.0000 34.7073 35.8848 54.0288
18855.0000 0.0906 73.4795 50.0000 34.9989 35.9426 53.6885
18856.0000 0.0904 73.4784 50.0000 34.9766 35.9787 53.6773
18857.0000 0.0962 73.7987 50.0000 34.6519 36.1310 54.2222
18858.0000 0.0989 74.3789 50.0000 34.6657 36.4521 54.7883
18859.0000 0.0997 74.0078 50.0000 34.4479 36.2491 54.5573
18860.0000 0.0971 73.9817 50.0000 34.3257 36.5730 54.3824
18861.0000 0.0962 73.8713 50.0000 34.3623 36.4971 54.2602
18862.0000 0.0940 73.6535 50.0000 34.5966 36.2333 53.9913
18863.0000 0.0922 73.7492 50.0000 34.6834 36.3922 53.9594
18864.0000 0.0942 73.5777 50.0000 34.6678 36.0689 53.9524
18865.0000 0.0943 73.9541 50.0000 35.1018 35.9814 54.2439
18866.0000 0.0917 73.7869 50.0000 34.8866 36.2587 53.9698
18867.0000 0.0919 73.9231 50.0000 35.2058 36.0490 54.0893
18868.0000 0.0873 73.9218 50.0000 35.3035 36.3487 53.8225
18869.0000 0.0923 73.9820 50.0000 35.3922 35.8844 54.1576
18870.0000 0.0973 74.4118 50.0000 35.3904 35.8808 54.7467
18871.0000 0.1027 74.3465 50.0000 34.7352 36.0404 54.9723
18872.0000 0.0984 74.2588 50.0000 34.6159 36.4266 54.6736
18873.0000 0.1021 74.3252 50.0000 34.3437 36.4660 54.9088
18874.0000 0.1052 74.3204 50.0000 34.3131 36.2400 55.0709
18875.0000 0.0963 74.1199 50.0000 34.4045 36.6863 54.4445
18876.0000 0.0933 74.0894 50.0000 34.6316 36.6828 54.2610
18877.0000 0.0962 74.0545 50.0000 34.3869 36.6522 54.3896
18878.0000 0.0970 74.1371 50.0000 34.1875 36.8726 54.4788
18879.0000 0.0935 73.7516 50.0000 33.9418 37.0461 53.9892
18880.0000 0.0952 73.7207 50.0000 33.8310 36.9890 54.0557
18881.0000 0.0977 73.6022 50.0000 33.8046 36.6908 54.1140
18882.0000 0.0973 73.6348 50.0000 33.9314 36.6237 54.1244
18883.0000 0.0975 73.7060 50.0000 33.9412 36.6631 54.1885
18884.0000 0.1023 73.5703 50.0000 33.7103 36.3683 54.3466
18885.0000 0.0987 73.5186 50.0000 34.1155 36.2030 54.1337
18886.0000 0.0931 73.5539 50.0000 34.3779 36.4388 53.8568
18887.0000 0.0946 73.7153 50.0000 34.4300 36.4144 54.0602
18888.0000 0.0941 73.7298 50.0000 34.4141 36.4883 54.0404
18889.0000 0.0989 73.8942 50.0000 34.3180 36.3447 54.4214
18890.0000 0.0950 73.9910 50.0000 34.6042 36.4719 54.2864
18891.0000 0.0948 74.0345 50.0000 34.3910 36.7523 54.2921
18892.0000 0.0954 74.0822 50.0000 34.3869 36.7517 54.3602
18893.0000 0.0925 73.9615 50.0000 34.4510 36.8102 54.1150
18894.0000 0.0931 74.0223 50.0000 34.6893 36.5764 54.2045
18895.0000 0.0934 73.8791 50.0000 34.6977 36.3976 54.1240
18896.0000 0.0979 74.1701 50.0000 34.6598 36.3401 54.5830
18897.0000 0.1015 74.1044 50.0000 34.4127 36.2361 54.7191
18898.0000 0.1044 74.4662 50.0000 34.7236 36.0272 55.1501
18899.0000 0.0985 74.0990 50.0000 34.5096 36.3734 54.5593
18900.0000 0.0942 73.9911 50.0000 34.5425 36.6017 54.2385
18901.0000 0.0923 73.6783 50.0000 34.4345 36.5712 53.9009
18902.0000 0.0930 73.8010 50.0000 34.3176 36.7458 54.0244
18903.0000 0.0966 73.9715 50.0000 34.0582 36.8804 54.3291
18904.0000 0.0980 73.9267 50.0000 34.0137 36.7593 54.3782
18905.0000 0.0986 73.7900 50.0000 34.2828 36.3054 54.3283
18906.0000 0.1019 73.9131 50.0000 34.2279 36.2034 54.5977
18907.0000 0.0994 73.8929 50.0000 34.2366 36.3829 54.4453
18908.0000 0.0999 74.1486 50.0000 34.3805 36.4393 54.6641
18909.0000 0.0999 74.0671 50.0000 34.1146 36.6375 54.5877
18910.0000 0.0974 73.9321 50.0000 34.1743 36.6488 54.3594
18911.0000 0.1023 73.8940 50.0000 33.9118 36.4797 54.5853
18912.0000 0.1028 73.9073 50.0000 34.0717 36.2809 54.6361
18913.0000 0.1029 74.0561 50.0000 34.0095 36.4842 54.7409
18914.0000 0.1048 73.9409 50.0000 34.0743 36.1532 54.7644
18915.0000 0.1031 74.0895 50.0000 34.1927 36.3123 54.7863
18916.0000 0.1060 73.9793 50.0000 34.0417 36.1262 54.8544
18917.0000 0.1105 73.8728 50.0000 33.7998 35.9051 55.0053
18918.0000 0.1060 73.7200 50.0000 33.9582 35.9634 54.6636
18919.0000 0.1092 73.8824 50.0000 33.7285 36.0925 54.9393
18920.0000 0.1136 74.0193 50.0000 33.6957 35.9095 55.2628
18921.0000 0.1129 73.8504 50.0000 33.4354 36.0683 55.0912
18922.0000 0.1164 73.9867 50.0000 33.4345 35.9189 55.3715
18923.0000 0.1144 74.0629 50.0000 33.2523 36.3365 55.3106
18924.0000 0.1120 73.6972 50.0000 33.3089 36.1195 54.9289
18925.0000 0.1112 73.7535 50.0000 33.1372 36.4160 54.9126
18926.0000 0.1092 73.8699 50.0000 33.4980 36.3149 54.9170
18927.0000 0.1051 73.9280 50.0000 33.3692 36.8392 54.7240
18928.0000 0.1074 73.9974 50.0000 33.4548 36.6344 54.9028
18929.0000 0.1067 74.0672 50.0000 33.4283 36.7813 54.9148
18930.0000 0.1076 73.9326 50.0000 33.2065 36.8061 54.8513
18931.0000 0.1135 73.7664 50.0000 32.6622 36.7381 54.9998
18932.0000 0.1086 73.6365 50.0000 32.8908 36.7710 54.6664
18933.0000 0.1104 73.8013 50.0000 32.8435 36.8350 54.8736
18934.0000 0.1100 74.0039 50.0000 33.1324 36.7612 55.0221
18935.0000 0.1113 74.2724 50.0000 33.1143 36.9284 55.2822
18936.0000 0.1148 74.3197 50.0000 33.0858 36.7248 55.4980
18937.0000 0.1137 74.1992 50.0000 33.0331 36.7483 55.3526
18938.0000 0.1158 74.3284 50.0000 33.1029 36.6372 55.5575
18939.0000 0.1169 74.3497 50.0000 33.0099 36.6624 55.6245
18940.0000 0.1172 74.3866 50.0000 33.1664 36.5146 55.6779
18941.0000 0.1127 74.7196 50.0000 33.3314 37.0236 55.6891
18942.0000 0.1172 74.6859 50.0000 33.1389 36.8271 55.8889
18943.0000 0.1113 74.3583 50.0000 33.2653 36.8556 55.3556
18944.0000 0.1219 74.5495 50.0000 32.7309 36.7427 56.0026
18945.0000 0.1249 74.6918 50.0000 32.7229 36.6523 56.2556
18946.0000 0.1240 74.4587 50.0000 32.8771 36.3428 56.0571
18947.0000 0.1201 74.5074 50.0000 33.0169 36.5506 55.9044
18948.0000 0.1139 74.1289 50.0000 33.2471 36.4493 55.3279
18949.0000 0.1189 74.1238 50.0000 32.9509 36.3514 55.5621
18950.0000 0.1140 73.9327 50.0000 32.8413 36.6734 55.1593
18951.0000 0.1138 74.0238 50.0000 33.1845 36.4212 55.2432
18952.0000 0.1208 74.2396 50.0000 32.8305 36.4390 55.7304
18953.0000 0.1191 74.3391 50.0000 32.7322 36.7652 55.7066
18954.0000 0.1209 74.1843 50.0000 32.6246 36.5847 55.6822
18955.0000 0.1148 73.8625 50.0000 32.7344 36.6504 55.1442
18956.0000 0.1163 73.9493 50.0000 32.8677 36.4748 55.2975
18957.0000 0.1153 74.0823 50.0000 32.9158 36.6312 55.3433
18958.0000 0.1212 74.1678 50.0000 32.8248 36.3437 55.7003
18959.0000 0.1202 74.1387 50.0000 32.7482 36.4696 55.6244
18960.0000 0.1183 74.0396 50.0000 32.8651 36.4088 55.4630
18961.0000 0.1122 73.7286 50.0000 32.9577 36.4990 54.9319
18962.0000 0.1094 73.5228 50.0000 32.7414 36.7497 54.6174
18963.0000 0.1138 73.7580 50.0000 32.7804 36.5859 55.0197
18964.0000 0.1119 73.6074 50.0000 33.0182 36.3407 54.8380
18965.0000 0.1173 73.7254 50.0000 32.8962 36.1533 55.1925
18966.0000 0.1129 73.7605 50.0000 33.2212 36.2005 55.0135
18967.0000 0.1124 73.6234 50.0000 32.9384 36.4005 54.8677
18968.0000 0.1104 73.7340 50.0000 33.0052 36.5989 54.8441
18969.0000 0.1087 73.7731 50.0000 33.1433 36.6340 54.7900
18970.0000 0.1133 73.9017 50.0000 33.0539 36.4755 55.1220
18971.0000 0.1056 73.8711 50.0000 33.2500 36.8663 54.7015
18972.0000 0.1044 73.8511 50.0000 33.1680 37.0318 54.6123
18973.0000 0.1083 74.1591 50.0000 33.0155 37.1721 55.0253
18974.0000 0.1056 73.9836 50.0000 33.2330 36.9925 54.7786
18975.0000 0.1045 73.9183 50.0000 33.4964 36.7451 54.6965
18976.0000 0.1049 73.7287 50.0000 33.1939 36.8442 54.5582
18977.0000 0.1047 73.6665 50.0000 33.0722 36.9283 54.4912
18978.0000 0.1020 73.3782 50.0000 32.9172 37.0375 54.1207
18979.0000 0.1015 73.6990 50.0000 33.0369 37.2628 54.3285
18980.0000 0.0992 73.4842 50.0000 33.1670 37.1137 54.0597
18981.0000 0.1001 73.3326 50.0000 32.7774 37.3027 53.9612
18982.0000 0.1057 73.5092 50.0000 32.7585 37.0198 54.4060
18983.0000 0.1006 73.0483 50.0000 32.9415 36.8087 53.8147
18984.0000 0.1006 73.0265 50.0000 32.9192 36.8103 53.7978
18985.0000 0.0985 72.7742 50.0000 32.9058 36.7537 53.5020
18986.0000 0.0997 72.9963 50.0000 32.8608 36.9167 53.7195
18987.0000 0.0952 72.7304 50.0000 33.0706 36.8110 53.3010
18988.0000 0.0997 72.9051 50.0000 32.8796 36.8094 53.6577
18989.0000 0.1011 72.9311 50.0000 32.9876 36.5999 53.7700
18990.0000 0.1031 73.0362 50.0000 32.9263 36.6047 53.9466
18991.0000 0.1036 73.0569 50.0000 33.0393 36.4626 54.0018
18992.0000 0.1020 73.0094 50.0000 33.0622 36.5218 53.8834
18993.0000 0.1046 73.0813 50.0000 33.0471 36.3992 54.0728
18994.0000 0.1020 72.9072 50.0000 33.2837 36.1991 53.8264
18995.0000 0.1069 73.0659 50.0000 33.1276 36.1142 54.1937
18996.0000 0.1037 72.8674 50.0000 33.2671 36.0385 53.8905
18997.0000 0.1087 73.1123 50.0000 33.2079 35.9314 54.3285
18998.0000 0.1072 73.1740 50.0000 33.1595 36.1609 54.2888
18999.0000 0.1073 73.2911 50.0000 33.1015 36.3271 54.3710
19000.0000 0.1059 73.2925 50.0000 33.1738 36.3645 54.3038
19001.0000 0.1070 73.3162 50.0000 33.1307 36.3423 54.3770
19002.0000 0.1038 73.3862 50.0000 33.3213 36.4727 54.2675
19003.0000 0.1096 73.6427 50.0000 33.1380 36.4390 54.7477
19004.0000 0.1070 73.7050 50.0000 33.2886 36.5506 54.6659
19005.0000 0.1023 73.7997 50.0000 33.6404 36.6705 54.4976
19006.0000 0.1052 73.7963 50.0000 33.5920 36.4744 54.6543
19007.0000 0.1043 73.6712 50.0000 33.7999 36.2100 54.5330
19008.0000 0.1054 73.5633 50.0000 33.6723 36.1550 54.5027
19009.0000 0.1037 73.5432 50.0000 33.7107 36.2267 54.4042
19010.0000 0.1019 73.6464 50.0000 33.8877 36.2982 54.3863
19011.0000 0.1057 73.6975 50.0000 33.7968 36.1289 54.6242
19012.0000 0.1024 73.5440 50.0000 34.0905 35.9513 54.3513
19013.0000 0.1014 73.5586 50.0000 33.9724 36.1609 54.3060
19014.0000 0.1001 73.2384 50.0000 33.8467 36.0940 53.9953
19015.0000 0.0962 73.2335 50.0000 34.0063 36.2472 53.7853
19016.0000 0.0932 73.0661 50.0000 34.1317 36.2026 53.5075
19017.0000 0.0956 73.1715 50.0000 34.3941 35.8363 53.7297
19018.0000 0.0970 73.2929 50.0000 34.2538 35.9827 53.8866
19019.0000 0.1025 73.5283 50.0000 34.0234 35.9946 54.3435
19020.0000 0.1052 73.7245 50.0000 34.1754 35.8050 54.6384
19021.0000 0.0995 73.4313 50.0000 34.1787 35.9870 54.1194
19022.0000 0.1009 73.5725 50.0000 34.3097 35.8704 54.3053
19023.0000 0.1019 73.7737 50.0000 34.4743 35.8162 54.5096
19024.0000 0.1101 74.0562 50.0000 34.0395 35.8718 55.1257
19025.0000 0.1096 73.7885 50.0000 33.8284 35.8730 54.8955
19026.0000 0.1088 73.7311 50.0000 34.0218 35.6789 54.8253
19027.0000 0.1061 73.9336 50.0000 34.0860 36.0248 54.8319
19028.0000 0.1068 73.9280 50.0000 33.7372 36.3198 54.8455
19029.0000 0.1012 73.7627 50.0000 34.0486 36.3025 54.4404
19030.0000 0.1029 73.9182 50.0000 33.8877 36.4726 54.6376
19031.0000 0.1040 73.9628 50.0000 34.1839 36.1277 54.7426
19032.0000 0.1062 74.2719 50.0000 34.1818 36.2435 55.0848
19033.0000 0.1028 74.0821 50.0000 34.0432 36.4808 54.7574
19034.0000 0.1125 74.2295 50.0000 33.3950 36.5059 55.3363
19035.0000 0.1071 74.0724 50.0000 33.4862 36.6936 54.9452
19036.0000 0.1034 73.7570 50.0000 33.6554 36.5223 54.5301
19037.0000 0.1012 73.8130 50.0000 33.7533 36.6558 54.4557
19038.0000 0.0960 73.7700 50.0000 34.2685 36.5176 54.1678
19039.0000 0.1026 74.0321 50.0000 33.9339 36.5634 54.7024
19040.0000 0.0952 74.1492 50.0000 34.6953 36.5164 54.4141
19041.0000 0.0938 73.8679 50.0000 34.6133 36.4429 54.1322
19042.0000 0.0971 73.9514 50.0000 34.8482 36.0034 54.3890
19043.0000 0.1007 74.0684 50.0000 34.3726 36.3084 54.6476
19044.0000 0.1027 74.1743 50.0000 34.4681 36.1466 54.8379
19045.0000 0.1002 73.9229 50.0000 34.3359 36.2410 54.5182
19046.0000 0.0959 73.4130 50.0000 34.0244 36.4234 53.8995
19047.0000 0.0977 73.2991 50.0000 34.0425 36.1482 53.9182
19048.0000 0.0884 73.2471 50.0000 34.5142 36.4007 53.3751
19049.0000 0.0914 73.3575 50.0000 34.2743 36.4932 53.6175
19050.0000 0.0959 73.6886 50.0000 33.7424 36.9873 54.0685
19051.0000 0.0890 73.5447 50.0000 33.9607 37.2175 53.5756
19052.0000 0.0880 73.4789 50.0000 34.0455 37.1532 53.4761
19053.0000 0.0902 73.3545 50.0000 34.1930 36.6822 53.5363
19054.0000 0.0846 73.1914 50.0000 34.3427 36.8555 53.0964
19055.0000 0.0859 73.2139 50.0000 34.6206 36.4723 53.2115
19056.0000 0.0878 73.3365 50.0000 34.5066 36.5504 53.4005
19057.0000 0.0892 73.5677 50.0000 34.4626 36.7010 53.6431
19058.0000 0.0854 73.4578 50.0000 34.9429 36.4229 53.3705
19059.0000 0.0896 73.1974 50.0000 34.3582 36.4093 53.4016
19060.0000 0.0902 73.0761 50.0000 34.2150 36.3887 53.3415
19061.0000 0.0904 73.0956 50.0000 33.9998 36.6112 53.3536
19062.0000 0.0941 73.2534 50.0000 33.8958 36.5578 53.6718
19063.0000 0.0902 73.0963 50.0000 34.1336 36.4882 53.3533
19064.0000 0.0867 72.9686 50.0000 33.9912 36.8120 53.0461
19065.0000 0.0899 73.3579 50.0000 34.3133 36.5895 53.5275
19066.0000 0.0950 73.5343 50.0000 33.9267 36.7257 53.9212
19067.0000 0.0962 73.2265 50.0000 33.9746 36.2726 53.7787
19068.0000 0.1020 73.3523 50.0000 33.7252 36.1668 54.1770
19069.0000 0.1032 73.4181 50.0000 33.8965 35.9591 54.2972
19070.0000 0.0975 72.9089 50.0000 33.7973 36.0389 53.6157
19071.0000 0.0962 72.8846 50.0000 33.5746 36.3556 53.5088
19072.0000 0.0953 72.8262 50.0000 33.7480 36.1913 53.4315
19073.0000 0.0962 72.8994 50.0000 33.5539 36.3858 53.5214
19074.0000 0.0971 72.8019 50.0000 33.4334 36.3418 53.4938
19075.0000 0.0944 72.9108 50.0000 33.5016 36.6039 53.4208
19076.0000 0.0970 73.4541 50.0000 33.6123 36.8008 53.9575
19077.0000 0.0989 73.6923 50.0000 33.2666 37.2423 54.1932
19078.0000 0.1007 73.9081 50.0000 33.2051 37.3627 54.4414
19079.0000 0.1014 73.8662 50.0000 33.0900 37.3811 54.4420
19080.0000 0.0998 73.8988 50.0000 33.1141 37.5284 54.3700
19081.0000 0.1015 73.9578 50.0000 32.9061 37.6579 54.4870
19082.0000 0.0998 73.8974 50.0000 32.8369 37.8229 54.3322
19083.0000 0.0958 74.0844 50.0000 33.2040 37.9629 54.2662
19084.0000 0.1004 74.0809 50.0000 33.1740 37.5856 54.5416
19085.0000 0.0974 74.1972 50.0000 33.3877 37.7332 54.4674
19086.0000 0.1005 74.3807 50.0000 33.3720 37.6695 54.7705
19087.0000 0.0920 74.1619 50.0000 33.8110 37.7248 54.1631
19088.0000 0.0912 74.1716 50.0000 33.8919 37.7225 54.1275
19089.0000 0.0937 74.2737 50.0000 33.8163 37.6823 54.3422
19090.0000 0.0912 74.2589 50.0000 33.8328 37.8715 54.1800
19091.0000 0.0945 74.2039 50.0000 33.8049 37.5520 54.3443
19092.0000 0.0883 74.2889 50.0000 34.1972 37.7678 54.0646
19093.0000 0.0902 74.4427 50.0000 33.9827 37.9790 54.2631
19094.0000 0.0919 74.7787 50.0000 33.9234 38.2235 54.5896
19095.0000 0.0900 74.5628 50.0000 34.0793 38.0137 54.3432
19096.0000 0.0881 74.5169 50.0000 34.1161 38.1002 54.1962
19097.0000 0.0905 74.6766 50.0000 34.2627 37.8889 54.4710
19098.0000 0.0972 74.8440 50.0000 34.1701 37.5609 54.9837
19099.0000 0.0999 74.8491 50.0000 33.8115 37.7094 55.1105
19100.0000 0.1002 74.8445 50.0000 34.0295 37.4540 55.1442
19101.0000 0.0932 75.0057 50.0000 34.3309 37.8994 54.8715
19102.0000 0.0878 74.5493 50.0000 34.2479 38.0258 54.2100
19103.0000 0.0897 74.3753 50.0000 34.1250 37.8046 54.2032
19104.0000 0.0829 74.1398 50.0000 34.2015 38.1099 53.6153
19105.0000 0.0861 74.2860 50.0000 34.1326 38.0323 53.9159
19106.0000 0.0884 74.2206 50.0000 34.1972 37.6951 54.0216
19107.0000 0.0860 73.8307 50.0000 34.0956 37.6238 53.5995
19108.0000 0.0841 73.9261 50.0000 34.2728 37.7110 53.5567
19109.0000 0.0812 74.0101 50.0000 34.5574 37.7595 53.4556
19110.0000 0.0863 74.1929 50.0000 34.5478 37.4805 53.9096
19111.0000 0.0863 73.7390 50.0000 34.1061 37.4977 53.5550
19112.0000 0.0945 73.9068 50.0000 33.8971 37.1617 54.1499
19113.0000 0.0923 74.0395 50.0000 33.8253 37.5596 54.1015
19114.0000 0.0962 74.1419 50.0000 33.9370 37.2076 54.4141
19115.0000 0.0919 74.0364 50.0000 33.7407 37.6857 54.0623
19116.0000 0.0937 73.8096 50.0000 33.7708 37.2655 54.0248
19117.0000 0.0908 73.8674 50.0000 34.0347 37.2993 53.9147
19118.0000 0.0883 73.9953 50.0000 33.9809 37.7080 53.8397
19119.0000 0.0911 74.2853 50.0000 34.1937 37.5241 54.2313
19120.0000 0.0916 74.3302 50.0000 34.4491 37.2573 54.3151
19121.0000 0.0972 74.4873 50.0000 34.2875 37.0912 54.7446
19122.0000 0.0923 74.3916 50.0000 34.3807 37.3241 54.3966
19123.0000 0.0891 74.4226 50.0000 34.4752 37.5362 54.2330
19124.0000 0.0907 74.2516 50.0000 34.1464 37.5766 54.1787
19125.0000 0.0918 74.6750 50.0000 34.0085 38.0416 54.5217
19126.0000 0.0993 75.1028 50.0000 33.8935 37.9293 55.2543
19127.0000 0.1043 75.3859 50.0000 33.7222 37.9564 55.7240
19128.0000 0.1032 75.3998 50.0000 33.8436 37.9370 55.6823
19129.0000 0.1062 75.4730 50.0000 33.6918 37.9111 55.8908
19130.0000 0.1070 75.4245 50.0000 33.6752 37.8082 55.9050
19131.0000 0.1116 75.6868 50.0000 33.5644 37.7941 56.3341
19132.0000 0.1096 75.3519 50.0000 33.2169 38.0021 55.9498
19133.0000 0.1094 75.2293 50.0000 33.2457 37.8747 55.8540
19134.0000 0.1031 75.0293 50.0000 33.8292 37.5968 55.4208
19135.0000 0.0977 75.1160 50.0000 33.8359 38.1358 55.1653
19136.0000 0.0956 75.0443 50.0000 33.6694 38.4362 54.9608
19137.0000 0.0948 75.2268 50.0000 33.6949 38.6617 55.0364
19138.0000 0.1027 75.3023 50.0000 33.5857 38.1531 55.5588
19139.0000 0.1003 75.0621 50.0000 33.5955 38.1108 55.2560
19140.0000 0.1075 75.1225 50.0000 33.2481 37.9230 55.6759
19141.0000 0.1060 75.1872 50.0000 33.3827 37.9727 55.6487
19142.0000 0.1040 75.0817 50.0000 33.2599 38.1750 55.4411
19143.0000 0.1055 75.3155 50.0000 33.4600 38.0634 55.7139
19144.0000 0.1099 75.2163 50.0000 33.0113 38.0635 55.8473
19145.0000 0.1032 74.9495 50.0000 33.3840 37.9797 55.3215
19146.0000 0.1010 74.7822 50.0000 33.1225 38.2850 55.0413
19147.0000 0.1032 74.8685 50.0000 33.1164 38.1799 55.2350
19148.0000 0.1038 74.6287 50.0000 33.0602 37.9609 55.0948
19149.0000 0.1020 74.5695 50.0000 33.0463 38.0654 54.9506
19150.0000 0.1084 75.1477 50.0000 33.0075 38.1274 55.7134
19151.0000 0.1077 75.0777 50.0000 33.1663 37.9497 55.6460
19152.0000 0.1060 75.1977 50.0000 33.5367 37.8211 55.6736
19153.0000 0.1076 75.1502 50.0000 33.3325 37.8530 55.7104
19154.0000 0.1131 75.2062 50.0000 33.1949 37.5994 56.0388
19155.0000 0.1148 75.0730 50.0000 33.1051 37.4230 56.0314
19156.0000 0.1152 75.2923 50.0000 32.9685 37.7438 56.1909
19157.0000 0.1161 74.8269 50.0000 33.3125 36.8672 55.9478
19158.0000 0.1165 74.9103 50.0000 33.2801 36.9510 56.0233
19159.0000 0.1131 74.9681 50.0000 33.4095 37.1479 55.8932
19160.0000 0.1159 74.8871 50.0000 33.4163 36.8338 55.9884
19161.0000 0.1064 74.6885 50.0000 33.7787 37.0437 55.3636
19162.0000 0.1063 74.7069 50.0000 33.8110 37.0326 55.3761
19163.0000 0.1076 74.7288 50.0000 33.8292 36.9304 55.4629
19164.0000 0.1086 74.8606 50.0000 33.8030 37.0046 55.6069
19165.0000 0.1092 75.1422 50.0000 33.9070 37.1191 55.8465
19166.0000 0.1089 75.1643 50.0000 33.9423 37.1250 55.8509
19167.0000 0.1034 75.1271 50.0000 33.8649 37.6292 55.5094
19168.0000 0.1076 75.2086 50.0000 33.8713 37.3532 55.8014
19169.0000 0.1077 75.1137 50.0000 33.7271 37.3986 55.7306
19170.0000 0.1064 75.1690 50.0000 33.7466 37.5422 55.6968
19171.0000 0.1111 75.0929 50.0000 33.2689 37.5742 55.8597
19172.0000 0.1144 75.3054 50.0000 33.4788 37.2940 56.2070
19173.0000 0.1105 74.9984 50.0000 33.5988 37.1867 55.7945
19174.0000 0.1071 74.8957 50.0000 33.7318 37.2316 55.5458
19175.0000 0.1066 74.6646 50.0000 33.7595 37.0210 55.3582
19176.0000 0.1117 74.7474 50.0000 33.2374 37.2257 55.6479
19177.0000 0.1041 74.6679 50.0000 33.6915 37.3085 55.2110
19178.0000 0.1105 74.9457 50.0000 33.6912 37.0415 55.7646
19179.0000 0.1039 74.7521 50.0000 33.9441 37.1418 55.2825
19180.0000 0.1085 75.1984 50.0000 33.6210 37.5288 55.8214
19181.0000 0.1062 75.0695 50.0000 33.7917 37.4178 55.6190
19182.0000 0.1022 74.8728 50.0000 34.0372 37.3045 55.2792
19183.0000 0.1008 74.9163 50.0000 34.2298 37.2658 55.2451
19184.0000 0.0961 74.4995 50.0000 34.0216 37.4797 54.6625
19185.0000 0.0971 74.3855 50.0000 33.9216 37.3835 54.6352
19186.0000 0.1014 74.1553 50.0000 33.3729 37.3692 54.6698
19187.0000 0.0996 74.0824 50.0000 33.6340 37.1767 54.5421
19188.0000 0.0995 74.3379 50.0000 33.9549 37.0982 54.7440
19189.0000 0.0977 74.2910 50.0000 34.0626 37.0962 54.6147
19190.0000 0.1028 74.5348 50.0000 34.0197 36.9463 55.0733
19191.0000 0.1037 74.4098 50.0000 33.7589 37.0196 55.0154
19192.0000 0.1045 74.0450 50.0000 33.5918 36.7712 54.7917
19193.0000 0.1082 74.1167 50.0000 33.7036 36.4241 55.0512
19194.0000 0.1088 74.2966 50.0000 33.6722 36.5799 55.2094
19195.0000 0.1182 74.6571 50.0000 33.3250 36.5260 55.9373
19196.0000 0.1219 75.1591 50.0000 33.2397 36.7955 56.4810
19197.0000 0.1289 75.3895 50.0000 33.1289 36.5822 56.9894
19198.0000 0.1219 75.2529 50.0000 33.4732 36.6498 56.5627
19199.0000 0.1146 75.0819 50.0000 33.7901 36.7444 56.0836
19200.0000 0.1152 74.9726 50.0000 33.6665 36.7187 56.0286
19201.0000 0.1150 74.9261 50.0000 33.7258 36.6291 55.9894
19202.0000 0.1132 74.6554 50.0000 33.5785 36.6637 55.6928
19203.0000 0.1117 74.6022 50.0000 33.3998 36.9226 55.5577
19204.0000 0.1142 74.7746 50.0000 33.4073 36.8704 55.8191
19205.0000 0.1187 74.9136 50.0000 33.5253 36.5287 56.1583
19206.0000 0.1217 74.9877 50.0000 33.4506 36.4400 56.3590
19207.0000 0.1211 75.1059 50.0000 33.5039 36.5417 56.4189
19208.0000 0.1241 75.1079 50.0000 33.4386 36.3772 56.5664
19209.0000 0.1276 75.1730 50.0000 32.9426 36.6733 56.7524
19210.0000 0.1231 74.9557 50.0000 33.0775 36.6790 56.3816
19211.0000 0.1240 74.8170 50.0000 32.8712 36.6918 56.3097
19212.0000 0.1239 74.8767 50.0000 33.2088 36.4073 56.3756
19213.0000 0.1189 74.8515 50.0000 33.3625 36.6145 56.1166
19214.0000 0.1163 74.6027 50.0000 33.0796 36.8797 55.7780
19215.0000 0.1158 74.4903 50.0000 32.8417 37.0590 55.6494
19216.0000 0.1078 74.5730 50.0000 33.2971 37.3142 55.3180
19217.0000 0.1085 74.3682 50.0000 32.9831 37.3925 55.1774
19218.0000 0.1114 74.4197 50.0000 33.0387 37.1432 55.3816
19219.0000 0.1161 74.4461 50.0000 33.0184 36.8113 55.6501
19220.0000 0.1144 74.3915 50.0000 33.1559 36.7550 55.5325
19221.0000 0.1126 74.1906 50.0000 33.1724 36.6904 55.2961
19222.0000 0.1116 74.1567 50.0000 33.1419 36.7701 55.2158
19223.0000 0.1119 73.9252 50.0000 33.0555 36.6110 55.0628
19224.0000 0.1146 74.3455 50.0000 33.0025 36.8541 55.4966
19225.0000 0.1138 74.2091 50.0000 32.9808 36.8092 55.3565
19226.0000 0.1175 74.2479 50.0000 32.8950 36.6345 55.5750
19227.0000 0.1199 74.0172 50.0000 32.6105 36.5199 55.5103
19228.0000 0.1226 74.2938 50.0000 32.3972 36.7922 55.8240
19229.0000 0.1205 74.1788 50.0000 32.6246 36.6167 55.6538
19230.0000 0.1147 74.2589 50.0000 32.6899 37.0824 55.4135
19231.0000 0.1159 74.0980 50.0000 32.8215 36.7011 55.3741
19232.0000 0.1173 73.9793 50.0000 32.5890 36.7156 55.3431
19233.0000 0.1160 73.7416 50.0000 32.5583 36.6241 55.1040
19234.0000 0.1194 73.7743 50.0000 32.7253 36.2167 55.3178
19235.0000 0.1144 73.5202 50.0000 32.5516 36.5463 54.8634
19236.0000 0.1147 73.6444 50.0000 32.4543 36.7394 54.9585
19237.0000 0.1127 73.4502 50.0000 32.5124 36.6536 54.7210
19238.0000 0.1169 73.5149 50.0000 32.0779 36.8324 54.9439
19239.0000 0.1090 73.4858 50.0000 32.5001 37.0051 54.5393
19240.0000 0.1110 73.6820 50.0000 32.5743 36.9531 54.7944
19241.0000 0.1063 73.2547 50.0000 32.5739 36.9249 54.2378
19242.0000 0.1103 73.2508 50.0000 32.2954 36.8828 54.4275
19243.0000 0.1124 73.2352 50.0000 31.7988 37.2178 54.4707
19244.0000 0.1043 72.9519 50.0000 32.0865 37.3090 53.8561
19245.0000 0.1073 73.0380 50.0000 32.1314 37.0920 54.0954
19246.0000 0.1069 72.9461 50.0000 32.1498 37.0189 54.0104
19247.0000 0.1109 72.9724 50.0000 31.9068 36.9751 54.2196
19248.0000 0.1090 72.9946 50.0000 31.8530 37.2041 54.1244
19249.0000 0.1167 72.9871 50.0000 31.7513 36.6840 54.5276
19250.0000 0.1136 72.9194 50.0000 31.8655 36.7450 54.3290
19251.0000 0.1179 73.0012 50.0000 31.6569 36.7016 54.5895
19252.0000 0.1212 73.2234 50.0000 31.6640 36.6514 54.9157
19253.0000 0.1162 73.1108 50.0000 31.9116 36.6796 54.6026
19254.0000 0.1178 73.0244 50.0000 31.9411 36.4337 54.6344
19255.0000 0.1160 73.0438 50.0000 32.1379 36.3935 54.5716
19256.0000 0.1211 73.2770 50.0000 32.3798 35.9633 55.0247
19257.0000 0.1214 73.4881 50.0000 32.4963 36.0212 55.1993
19258.0000 0.1218 73.4226 50.0000 32.5554 35.8720 55.1745
19259.0000 0.1180 73.4914 50.0000 32.4515 36.3383 55.0220
19260.0000 0.1188 73.6091 50.0000 32.6927 36.1347 55.1704
19261.0000 0.1212 73.6194 50.0000 32.4401 36.2169 55.2792
19262.0000 0.1195 73.3915 50.0000 32.2992 36.2781 55.0179
19263.0000 0.1160 73.3495 50.0000 32.3478 36.4625 54.8112
19264.0000 0.1148 73.2430 50.0000 32.3736 36.4312 54.6740
19265.0000 0.1210 73.4737 50.0000 32.3533 36.1859 55.1563
19266.0000 0.1247 73.9009 50.0000 32.3173 36.3436 55.6424
19267.0000 0.1197 73.6435 50.0000 32.1907 36.6186 55.1923
19268.0000 0.1189 73.5572 50.0000 32.2315 36.5575 55.0939
19269.0000 0.1168 73.4617 50.0000 32.2865 36.5767 54.9212
19270.0000 0.1148 73.4005 50.0000 32.4657 36.4864 54.7937
19271.0000 0.1142 73.4875 50.0000 32.4039 36.6855 54.8140
19272.0000 0.1130 73.4988 50.0000 32.6607 36.5233 54.7851
19273.0000 0.1139 73.3272 50.0000 32.4551 36.5010 54.6920
19274.0000 0.1165 73.1688 50.0000 32.2932 36.3091 54.7034
19275.0000 0.1149 73.1420 50.0000 32.4868 36.2090 54.6193
19276.0000 0.1108 73.3451 50.0000 32.4996 36.7176 54.5445
19277.0000 0.1140 73.4200 50.0000 32.2225 36.8263 54.7360
19278.0000 0.1162 73.5366 50.0000 32.6055 36.3653 54.9734
19279.0000 0.1168 73.5815 50.0000 32.7080 36.2513 55.0478
19280.0000 0.1180 73.7909 50.0000 32.5447 36.5269 55.2425
19281.0000 0.1144 73.9098 50.0000 32.8734 36.5801 55.1715
19282.0000 0.1125 73.8900 50.0000 32.7958 36.8001 55.0448
19283.0000 0.1123 73.9679 50.0000 32.8847 36.7999 55.0965
19284.0000 0.1043 73.7511 50.0000 33.1494 36.9620 54.5357
19285.0000 0.1037 73.5175 50.0000 32.8929 37.0607 54.3081
19286.0000 0.1112 73.7502 50.0000 32.8140 36.7461 54.8821
19287.0000 0.1126 74.0688 50.0000 32.8180 36.9358 55.1807
19288.0000 0.1123 73.8237 50.0000 32.6329 36.9194 54.9726
19289.0000 0.1098 73.8133 50.0000 32.8616 36.8723 54.8538
19290.0000 0.1088 73.5367 50.0000 32.7692 36.7869 54.5944
19291.0000 0.1118 73.7406 50.0000 32.6592 36.8539 54.8894
19292.0000 0.1105 73.5600 50.0000 32.6526 36.7921 54.6921
19293.0000 0.1144 73.8914 50.0000 32.5837 36.8647 55.1293
19294.0000 0.1134 73.7727 50.0000 32.7141 36.7003 55.0026
19295.0000 0.1135 73.6815 50.0000 32.5331 36.7870 54.9297
19296.0000 0.1138 73.8787 50.0000 32.5894 36.8964 55.0875
19297.0000 0.1121 73.9470 50.0000 32.4525 37.2428 55.0269
19298.0000 0.1046 73.8034 50.0000 32.6614 37.5017 54.5326
19299.0000 0.1005 73.7617 50.0000 32.9287 37.5320 54.2940
19300.0000 0.0971 73.6243 50.0000 32.8936 37.7266 53.9931
19301.0000 0.0977 73.7288 50.0000 32.6769 38.0029 54.0734
19302.0000 0.0960 73.6453 50.0000 32.4990 38.2669 53.8803
19303.0000 0.1008 73.9826 50.0000 32.5056 38.1684 54.4057
19304.0000 0.0981 73.6782 50.0000 32.5867 38.0227 54.0450
19305.0000 0.1012 73.7503 50.0000 32.5983 37.8100 54.2850
19306.0000 0.1005 73.9951 50.0000 32.5526 38.1592 54.4011
19307.0000 0.0996 74.1123 50.0000 32.6692 38.2295 54.4413
19308.0000 0.1043 74.1935 50.0000 32.4159 38.1746 54.7411
19309.0000 0.0998 73.9422 50.0000 32.3091 38.4318 54.2824
19310.0000 0.1008 74.1510 50.0000 32.4356 38.4158 54.5026
19311.0000 0.0950 74.1123 50.0000 32.8331 38.4601 54.1798
19312.0000 0.0925 73.9070 50.0000 32.6985 38.6257 53.8620
19313.0000 0.0917 74.0233 50.0000 32.6268 38.8968 53.8699
19314.0000 0.0927 73.8969 50.0000 32.5571 38.7505 53.8441
19315.0000 0.0913 73.8226 50.0000 32.4790 38.8977 53.6829
19316.0000 0.0921 73.6414 50.0000 32.5522 38.5588 53.6342
19317.0000 0.0949 73.8767 50.0000 32.5059 38.5901 53.9624
19318.0000 0.0983 74.1602 50.0000 32.6533 38.4052 54.3924
19319.0000 0.1002 74.3142 50.0000 32.9137 38.1144 54.6496
19320.0000 0.0992 74.2438 50.0000 32.7919 38.2662 54.5210
19321.0000 0.1032 74.3117 50.0000 32.8187 37.9498 54.8176
19322.0000 0.1049 74.4106 50.0000 32.6619 38.0759 54.9579
19323.0000 0.1016 74.1848 50.0000 32.6718 38.1234 54.6126
19324.0000 0.0931 73.9796 50.0000 32.9594 38.3576 53.9939
19325.0000 0.0981 74.1908 50.0000 32.7099 38.3981 54.4051
19326.0000 0.0968 74.0968 50.0000 32.5207 38.6205 54.2328
19327.0000 0.0964 73.9572 50.0000 32.5835 38.4489 54.1264
19328.0000 0.0939 73.7429 50.0000 32.8664 38.1560 53.8696
19329.0000 0.0942 73.8682 50.0000 32.7496 38.3792 53.9538
19330.0000 0.0943 73.9603 50.0000 32.7821 38.4230 54.0290
19331.0000 0.0945 74.0864 50.0000 33.0308 38.2627 54.1639
19332.0000 0.0945 73.8592 50.0000 33.0009 38.0669 54.0095
19333.0000 0.0972 73.8617 50.0000 32.9961 37.8392 54.1756
19334.0000 0.0998 74.0392 50.0000 32.9430 37.8434 54.4467
19335.0000 0.0963 73.9725 50.0000 33.0452 37.9760 54.2011
19336.0000 0.0984 74.1269 50.0000 32.9170 38.0792 54.4173
19337.0000 0.1026 74.1823 50.0000 32.9135 37.7818 54.7015
19338.0000 0.1035 74.2902 50.0000 32.8979 37.8223 54.8292
19339.0000 0.1081 74.1812 50.0000 32.6841 37.5587 54.9904
19340.0000 0.1102 74.3574 50.0000 32.5978 37.6452 55.2200
19341.0000 0.1173 74.5019 50.0000 32.5561 37.2460 55.7079
19342.0000 0.1130 74.7856 50.0000 32.5147 37.9146 55.6612
19343.0000 0.1135 74.5424 50.0000 32.8621 37.2774 55.5613
19344.0000 0.1138 74.6569 50.0000 32.8476 37.3704 55.6610
19345.0000 0.1124 74.7338 50.0000 32.8541 37.5589 55.6334
19346.0000 0.1084 74.5877 50.0000 33.1074 37.4762 55.3422
19347.0000 0.1054 74.5671 50.0000 33.6108 37.1855 55.2069
19348.0000 0.1026 74.5204 50.0000 33.8260 37.1515 55.0350
19349.0000 0.1055 74.5170 50.0000 33.6075 37.1319 55.1773
19350.0000 0.0963 74.2490 50.0000 33.7680 37.4799 54.4783
19351.0000 0.0964 74.5323 50.0000 33.6259 37.8982 54.6634
19352.0000 0.0963 74.5359 50.0000 33.8632 37.6657 54.6825
19353.0000 0.0989 74.5304 50.0000 33.3592 37.9659 54.7772
19354.0000 0.0965 74.5160 50.0000 33.5884 37.9194 54.6496
19355.0000 0.1032 74.5277 50.0000 33.3946 37.5583 55.0323
19356.0000 0.1004 74.4669 50.0000 33.4729 37.6481 54.8407
19357.0000 0.1025 74.0350 50.0000 33.4130 37.1154 54.6553
19358.0000 0.1012 73.8697 50.0000 33.2955 37.1883 54.4535
19359.0000 0.1017 73.6499 50.0000 33.3142 36.9095 54.3337
19360.0000 0.1023 73.7649 50.0000 33.2915 36.9999 54.4421
19361.0000 0.0948 73.5926 50.0000 33.2942 37.4627 53.8879
19362.0000 0.1018 73.6676 50.0000 32.9647 37.2851 54.3145
19363.0000 0.1028 73.5466 50.0000 33.0813 36.9614 54.3009
19364.0000 0.1041 73.6215 50.0000 33.0210 36.9920 54.4182
19365.0000 0.1018 73.6627 50.0000 32.9918 37.2510 54.3148
19366.0000 0.1071 73.6452 50.0000 32.8537 36.9442 54.5837
19367.0000 0.1031 73.0774 50.0000 32.8799 36.6940 53.9702
19368.0000 0.1004 73.1795 50.0000 32.8203 37.0831 53.8787
19369.0000 0.0987 73.0594 50.0000 32.9860 36.9276 53.7211
19370.0000 0.1001 73.0802 50.0000 33.0345 36.7805 53.8204
19371.0000 0.1037 73.3430 50.0000 32.7915 36.9944 54.1787
19372.0000 0.1046 73.6249 50.0000 32.8691 37.1114 54.4335
19373.0000 0.1092 73.3143 50.0000 32.6417 36.6742 54.4473
19374.0000 0.1150 73.3030 50.0000 32.2321 36.6248 54.7087
19375.0000 0.1132 73.3238 50.0000 32.2355 36.7816 54.6293
19376.0000 0.1076 73.1967 50.0000 32.7055 36.6187 54.2879
19377.0000 0.1018 73.2320 50.0000 33.0327 36.7901 54.0209
19378.0000 0.0987 73.2977 50.0000 33.5772 36.5409 53.9434
19379.0000 0.1003 73.1808 50.0000 33.4005 36.4815 53.9345
19380.0000 0.0960 73.0391 50.0000 33.5062 36.5888 53.6032
19381.0000 0.1011 73.0704 50.0000 33.1959 36.5177 53.8867
19382.0000 0.1054 73.0473 50.0000 33.2909 36.0445 54.1148
19383.0000 0.1051 73.2837 50.0000 33.3581 36.2293 54.2695
19384.0000 0.1041 73.3703 50.0000 33.8084 35.9348 54.3037
19385.0000 0.1016 73.5969 50.0000 33.9559 36.2040 54.3393
19386.0000 0.0991 73.3780 50.0000 33.8681 36.2874 54.0418
19387.0000 0.1059 73.4367 50.0000 33.4107 36.2578 54.4246
19388.0000 0.1112 73.5775 50.0000 33.2127 36.1684 54.7943
19389.0000 0.1078 73.3220 50.0000 33.1755 36.2400 54.4257
19390.0000 0.1102 73.1939 50.0000 33.3256 35.7666 54.4748
19391.0000 0.1083 73.1923 50.0000 33.3270 35.9139 54.3747
19392.0000 0.1061 73.0010 50.0000 33.1888 36.0543 54.1085
19393.0000 0.1099 73.0644 50.0000 33.1756 35.8215 54.3563
19394.0000 0.1117 73.0876 50.0000 32.8772 36.0120 54.4429
19395.0000 0.1170 73.2259 50.0000 32.8389 35.7650 54.8134
19396.0000 0.1171 72.8486 50.0000 32.6502 35.5911 54.5358
19397.0000 0.1162 72.8342 50.0000 32.8098 35.4810 54.4925
19398.0000 0.1140 72.7273 50.0000 32.7570 35.6114 54.2961
19399.0000 0.1163 72.9666 50.0000 32.7545 35.6626 54.5843
19400.0000 0.1170 72.9570 50.0000 32.6577 35.6930 54.6096
19401.0000 0.1203 72.9993 50.0000 32.7369 35.4023 54.8076
19402.0000 0.1154 73.0358 50.0000 32.9386 35.6053 54.6034
19403.0000 0.1143 72.8429 50.0000 32.9562 35.4912 54.4092
19404.0000 0.1136 72.6562 50.0000 32.7073 35.6237 54.2227
19405.0000 0.1118 72.6347 50.0000 32.6785 35.7687 54.1157
19406.0000 0.1130 72.8822 50.0000 32.8660 35.7181 54.3678
19407.0000 0.1131 72.8170 50.0000 32.8530 35.6613 54.3256
19408.0000 0.1176 72.6670 50.0000 32.6437 35.3910 54.4275
19409.0000 0.1180 72.6476 50.0000 32.4996 35.4840 54.4274
19410.0000 0.1185 72.8408 50.0000 32.8398 35.2848 54.6106
19411.0000 0.1198 72.6864 50.0000 32.6952 35.1874 54.5544
19412.0000 0.1163 72.4442 50.0000 32.5668 35.3556 54.1992
19413.0000 0.1218 72.3369 50.0000 32.3360 35.0693 54.3797
19414.0000 0.1194 72.4129 50.0000 32.4801 35.1745 54.3270
19415.0000 0.1186 72.3864 50.0000 32.7001 34.9918 54.2776
19416.0000 0.1186 72.4467 50.0000 32.6559 35.0885 54.3223
19417.0000 0.1138 72.2957 50.0000 32.7397 35.2295 53.9783
19418.0000 0.1137 72.3058 50.0000 32.5063 35.4901 53.9621
19419.0000 0.1157 72.1988 50.0000 32.3728 35.3701 53.9780
19420.0000 0.1139 72.0712 50.0000 32.3428 35.4189 53.7932
19421.0000 0.1138 72.1253 50.0000 32.1414 35.6807 53.8133
19422.0000 0.1158 72.1327 50.0000 32.2280 35.4427 53.9287
19423.0000 0.1119 72.0156 50.0000 32.4940 35.3630 53.6642
19424.0000 0.1158 71.9992 50.0000 32.3062 35.2397 53.8363
19425.0000 0.1126 71.9888 50.0000 32.3951 35.3825 53.6751
19426.0000 0.1132 72.0707 50.0000 32.6242 35.1787 53.7801
19427.0000 0.1114 71.9448 50.0000 32.6939 35.1271 53.6027
19428.0000 0.1073 71.7931 50.0000 32.9309 35.0611 53.2965
19429.0000 0.1041 71.7898 50.0000 32.9813 35.2563 53.1319
19430.0000 0.1103 72.2553 50.0000 33.0849 35.1136 53.7889
19431.0000 0.1090 72.2494 50.0000 33.0955 35.1949 53.7214
19432.0000 0.1086 72.1792 50.0000 33.2768 34.9722 53.6604
19433.0000 0.1127 72.3147 50.0000 32.9441 35.1265 53.9465
19434.0000 0.1073 72.3800 50.0000 33.2291 35.3186 53.7336
19435.0000 0.1103 72.6715 50.0000 33.1751 35.4182 54.0935
19436.0000 0.1108 72.8366 50.0000 33.0440 35.6649 54.2335
19437.0000 0.1089 72.8554 50.0000 32.9642 35.9184 54.1400
19438.0000 0.1085 72.9489 50.0000 32.7549 36.2563 54.1676
19439.0000 0.1126 73.0343 50.0000 32.6856 36.0865 54.4373
19440.0000 0.1150 72.9449 50.0000 32.5888 35.9135 54.4899
19441.0000 0.1118 72.9675 50.0000 32.8207 35.9466 54.3590
19442.0000 0.1121 72.9014 50.0000 32.8983 35.7786 54.3343
19443.0000 0.1126 72.9836 50.0000 32.9494 35.7679 54.4207
19444.0000 0.1117 72.9201 50.0000 32.9451 35.7748 54.3334
19445.0000 0.1142 73.0040 50.0000 33.0472 35.5596 54.5251
19446.0000 0.1194 73.3451 50.0000 32.9427 35.5836 55.0281
19447.0000 0.1188 73.4798 50.0000 32.9963 35.7006 55.0999
19448.0000 0.1136 73.3714 50.0000 33.2050 35.7936 54.7687
19449.0000 0.1119 73.5917 50.0000 33.4848 35.8529 54.8550
19450.0000 0.1125 73.3434 50.0000 33.1817 35.8774 54.6904
19451.0000 0.1114 73.4528 50.0000 33.3093 35.9396 54.7188
19452.0000 0.1168 73.5856 50.0000 33.3922 35.5578 55.0949
19453.0000 0.1120 73.4565 50.0000 33.7504 35.4449 54.7762
19454.0000 0.1098 73.3243 50.0000 33.7015 35.5399 54.5671
19455.0000 0.1053 73.1487 50.0000 33.7875 35.6433 54.2097
19456.0000 0.1088 73.5887 50.0000 33.6480 35.9281 54.7017
19457.0000 0.1060 73.4212 50.0000 33.9303 35.6990 54.4517
19458.0000 0.1092 73.2248 50.0000 33.6560 35.5369 54.4635
19459.0000 0.1072 73.3749 50.0000 33.5709 35.9259 54.4629
19460.0000 0.1136 73.3899 50.0000 33.4829 35.5276 54.7975
19461.0000 0.1119 73.2607 50.0000 33.1200 35.9054 54.5986
19462.0000 0.1081 73.2949 50.0000 33.4935 35.8573 54.4479
19463.0000 0.1054 73.4494 50.0000 33.7922 35.9158 54.4330
19464.0000 0.1055 73.1943 50.0000 33.3871 36.0783 54.2316
19465.0000 0.1005 73.2621 50.0000 33.5547 36.3792 54.0182
19466.0000 0.1032 73.4421 50.0000 33.4613 36.4284 54.2868
19467.0000 0.1071 73.6720 50.0000 33.2557 36.5509 54.6411
19468.0000 0.1056 73.5558 50.0000 33.2588 36.5535 54.4807
19469.0000 0.1087 73.7002 50.0000 33.2396 36.4610 54.7489
19470.0000 0.1050 73.6789 50.0000 33.4836 36.4872 54.5537
19471.0000 0.1073 73.6345 50.0000 33.4266 36.3171 54.6421
19472.0000 0.1055 73.5007 50.0000 33.3338 36.4285 54.4442
19473.0000 0.1056 73.3935 50.0000 33.3123 36.3431 54.3698
19474.0000 0.1043 73.4929 50.0000 33.3429 36.5143 54.3705
19475.0000 0.1040 73.4077 50.0000 33.4105 36.3840 54.3014
19476.0000 0.1031 73.4660 50.0000 33.3422 36.5829 54.2885
19477.0000 0.1036 73.4901 50.0000 33.2936 36.6180 54.3273
19478.0000 0.1015 73.5273 50.0000 33.3430 36.7738 54.2420
19479.0000 0.1020 73.3546 50.0000 33.4641 36.4466 54.1543
19480.0000 0.1024 73.1908 50.0000 33.1600 36.5643 54.0403
19481.0000 0.1070 73.4177 50.0000 33.0505 36.5251 54.4402
19482.0000 0.1097 73.8203 50.0000 32.9837 36.7633 54.8631
19483.0000 0.1077 73.8254 50.0000 32.9639 36.9490 54.7570
19484.0000 0.1099 73.8028 50.0000 32.8390 36.8766 54.8504
19485.0000 0.1087 73.9564 50.0000 33.1580 36.7969 54.9189
19486.0000 0.1080 73.6310 50.0000 32.9849 36.7194 54.6371
19487.0000 0.1062 73.3838 50.0000 32.9913 36.6203 54.3664
19488.0000 0.1044 73.1616 50.0000 32.7652 36.7857 54.0912
19489.0000 0.1013 73.0868 50.0000 33.1240 36.5941 53.9013
19490.0000 0.0989 73.0011 50.0000 33.1196 36.7166 53.7042
19491.0000 0.0983 72.9792 50.0000 33.1420 36.7232 53.6562
19492.0000 0.0954 73.1612 50.0000 33.4152 36.8553 53.6439
19493.0000 0.0952 73.2885 50.0000 33.4767 36.9357 53.7240
19494.0000 0.0918 73.1944 50.0000 33.6227 36.9808 53.4730
19495.0000 0.0941 73.3893 50.0000 33.4058 37.2020 53.7220
19496.0000 0.0959 73.2917 50.0000 32.8442 37.5471 53.6950
19497.0000 0.1009 73.3985 50.0000 32.9877 37.0722 54.0814
19498.0000 0.0968 73.0633 50.0000 33.0098 37.0735 53.6111
19499.0000 0.1053 73.2540 50.0000 32.6923 36.8779 54.1975
19500.0000 0.1063 73.0813 50.0000 32.5589 36.7651 54.1214
19501.0000 0.1069 73.0920 50.0000 32.5483 36.7409 54.1586
19502.0000 0.1002 72.7214 50.0000 32.4754 37.0092 53.5170
19503.0000 0.1005 73.1177 50.0000 32.8310 36.9989 53.8461
19504.0000 0.1041 73.2232 50.0000 32.8550 36.7734 54.1285
19505.0000 0.1050 73.1087 50.0000 32.7814 36.6643 54.0924
19506.0000 0.1052 73.2930 50.0000 32.8810 36.7253 54.2398
19507.0000 0.1031 73.3220 50.0000 33.1603 36.6400 54.1666
19508.0000 0.1088 73.3529 50.0000 32.9077 36.4647 54.4798
19509.0000 0.1039 73.2553 50.0000 32.7306 36.9524 54.1255
19510.0000 0.1053 73.3150 50.0000 32.8586 36.7597 54.2598
19511.0000 0.1048 73.3819 50.0000 32.9993 36.7261 54.2875
19512.0000 0.1075 73.2559 50.0000 32.7970 36.5937 54.3294
19513.0000 0.1102 73.1535 50.0000 32.6063 36.4715 54.3883
19514.0000 0.1179 73.3346 50.0000 32.1934 36.4600 54.8838
19515.0000 0.1142 73.4386 50.0000 32.4885 36.5454 54.7920
19516.0000 0.1197 73.7116 50.0000 32.5409 36.3235 55.2730
19517.0000 0.1113 73.5150 50.0000 32.7031 36.6276 54.7119
19518.0000 0.1087 73.2588 50.0000 32.8848 36.4055 54.4066
19519.0000 0.1037 73.2834 50.0000 33.2630 36.4418 54.1850
19520.0000 0.1043 73.2565 50.0000 33.1018 36.5329 54.1860
19521.0000 0.1053 73.4471 50.0000 33.0356 36.7083 54.3656
19522.0000 0.1008 73.6445 50.0000 33.5395 36.7431 54.3007
19523.0000 0.0977 73.4120 50.0000 33.2245 37.1129 53.9267
19524.0000 0.0963 73.3713 50.0000 33.2823 37.1316 53.8227
19525.0000 0.0947 73.4028 50.0000 33.5591 37.0052 53.7809
19526.0000 0.0952 73.3526 50.0000 33.4749 36.9992 53.7690
19527.0000 0.1044 73.7747 50.0000 33.3180 36.8007 54.5739
19528.0000 0.1032 73.8502 50.0000 33.2238 37.0731 54.5493
19529.0000 0.1032 73.8401 50.0000 33.4046 36.8741 54.5600
19530.0000 0.1064 73.8669 50.0000 32.9139 37.1482 54.7083
19531.0000 0.1007 73.7288 50.0000 33.1051 37.2893 54.3092
19532.0000 0.1053 73.8596 50.0000 32.8264 37.3267 54.6296
19533.0000 0.1003 73.8915 50.0000 33.1940 37.3901 54.4067
19534.0000 0.1046 74.0153 50.0000 33.0937 37.2552 54.7276
19535.0000 0.1042 73.7799 50.0000 33.1600 36.9902 54.5492
19536.0000 0.1017 73.3444 50.0000 33.2730 36.6586 54.1152
19537.0000 0.1067 73.4272 50.0000 33.1347 36.4717 54.4376
19538.0000 0.1006 73.1062 50.0000 33.1427 36.6552 53.8745
19539.0000 0.1039 73.1356 50.0000 33.0369 36.5213 54.0702
19540.0000 0.1102 73.3305 50.0000 33.0818 36.1486 54.5549
19541.0000 0.1098 73.3688 50.0000 32.9376 36.3658 54.5493
19542.0000 0.1105 73.2854 50.0000 32.8896 36.2811 54.5225
19543.0000 0.1136 73.3690 50.0000 32.8140 36.1945 54.7377
19544.0000 0.1061 73.2912 50.0000 32.8976 36.6327 54.2898
19545.0000 0.1038 73.4214 50.0000 33.1281 36.7065 54.2758
19546.0000 0.1048 73.3885 50.0000 33.0453 36.6826 54.2980
19547.0000 0.1050 73.4492 50.0000 33.1839 36.5792 54.3652
19548.0000 0.1025 73.2125 50.0000 33.3068 36.4289 54.0708
19549.0000 0.1079 73.0158 50.0000 33.1521 35.9616 54.2125
19550.0000 0.1014 73.2881 50.0000 33.4646 36.4248 54.0786
19551.0000 0.1024 73.0470 50.0000 33.4049 36.1732 53.9581
19552.0000 0.1049 73.3422 50.0000 33.2360 36.4316 54.2880
19553.0000 0.1033 73.3316 50.0000 33.3666 36.4177 54.2028
19554.0000 0.1021 73.3220 50.0000 33.4828 36.3795 54.1439
19555.0000 0.1024 72.9319 50.0000 33.0694 36.4120 53.8484
19556.0000 0.1034 73.2034 50.0000 33.0204 36.6455 54.0880
19557.0000 0.1049 73.3036 50.0000 33.0368 36.6001 54.2442
19558.0000 0.1028 73.4512 50.0000 33.2215 36.7227 54.2481
19559.0000 0.0993 73.3807 50.0000 33.3158 36.8441 54.0120
19560.0000 0.0965 73.1661 50.0000 33.3031 36.8897 53.6967
19561.0000 0.1022 73.3019 50.0000 33.2096 36.6418 54.1079
19562.0000 0.1028 73.0864 50.0000 33.1599 36.4361 53.9856
19563.0000 0.0983 72.8086 50.0000 33.2787 36.4095 53.5534
19564.0000 0.1014 72.9148 50.0000 32.8923 36.6641 53.7625
19565.0000 0.0979 73.0587 50.0000 32.9829 37.0008 53.6717
19566.0000 0.0927 72.9043 50.0000 33.1781 37.0891 53.2789
19567.0000 0.0911 72.7272 50.0000 33.1235 37.1113 53.0550
19568.0000 0.0906 72.8330 50.0000 32.9808 37.4152 53.0755
19569.0000 0.0893 72.6486 50.0000 32.9591 37.3627 52.8729
19570.0000 0.0918 72.7512 50.0000 32.8262 37.3929 53.0750
19571.0000 0.0912 72.9012 50.0000 33.0682 37.3326 53.1729
19572.0000 0.0901 72.7990 50.0000 33.0705 37.3226 53.0383
19573.0000 0.0905 72.8655 50.0000 33.0724 37.3550 53.1056
19574.0000 0.0913 72.7745 50.0000 32.7623 37.5250 53.0531
19575.0000 0.0919 73.0482 50.0000 33.0390 37.4528 53.3081
19576.0000 0.0936 73.0836 50.0000 33.1764 37.1913 53.4542
19577.0000 0.0919 72.9225 50.0000 33.0112 37.3518 53.2241
19578.0000 0.0978 72.8824 50.0000 32.7452 37.0886 53.5167
19579.0000 0.0931 72.8008 50.0000 32.7577 37.3966 53.1827
19580.0000 0.0932 72.5495 50.0000 32.6951 37.2101 53.0082
19581.0000 0.0966 72.7336 50.0000 32.3896 37.4209 53.2989
19582.0000 0.0877 72.4867 50.0000 32.7708 37.5473 52.6364
19583.0000 0.0842 72.5879 50.0000 32.9319 37.7988 52.4952
19584.0000 0.0847 72.6132 50.0000 33.1113 37.5741 52.5786
19585.0000 0.0862 72.5790 50.0000 33.0270 37.5027 52.6354
19586.0000 0.0931 72.4720 50.0000 32.5283 37.3154 52.9307
19587.0000 0.0954 72.5817 50.0000 32.3975 37.3669 53.1246
19588.0000 0.0932 72.4082 50.0000 32.3742 37.4120 52.8696
19589.0000 0.0954 72.7138 50.0000 32.5988 37.2815 53.2420
19590.0000 0.0986 72.6827 50.0000 32.4247 37.1653 53.3869
19591.0000 0.1001 73.0085 50.0000 32.4568 37.3234 53.7007
19592.0000 0.1018 73.2092 50.0000 32.3363 37.5083 53.9173
19593.0000 0.0997 73.2027 50.0000 32.4030 37.6061 53.8002
19594.0000 0.1023 73.2785 50.0000 32.3472 37.5161 53.9995
19595.0000 0.1003 73.3034 50.0000 32.3575 37.7054 53.8951
19596.0000 0.1029 73.3988 50.0000 32.1126 37.8385 54.0778
19597.0000 0.0969 73.1949 50.0000 32.4994 37.7361 53.6401
19598.0000 0.1022 73.4114 50.0000 32.3383 37.6668 54.0803
19599.0000 0.0957 73.4351 50.0000 32.6935 37.8737 53.7535
19600.0000 0.0948 73.5973 50.0000 32.9097 37.8818 53.8376
19601.0000 0.0953 73.7902 50.0000 33.0184 37.9140 54.0121
19602.0000 0.0893 73.5130 50.0000 33.4874 37.6597 53.5210
19603.0000 0.0926 73.4702 50.0000 33.4374 37.3843 53.6864
19604.0000 0.0951 73.7595 50.0000 33.7682 37.0979 54.0732
19605.0000 0.0910 73.4830 50.0000 33.8278 37.1212 53.6418
19606.0000 0.0883 73.5096 50.0000 34.2539 36.9384 53.5339
19607.0000 0.0919 73.8701 50.0000 34.2305 37.0035 53.9982
19608.0000 0.0975 73.6918 50.0000 33.7692 36.8315 54.1623
19609.0000 0.0967 73.6057 50.0000 33.8761 36.7022 54.0663
19610.0000 0.0972 73.5972 50.0000 33.6165 36.9202 54.0683
19611.0000 0.0918 73.8539 50.0000 33.8588 37.3874 53.9460
19612.0000 0.0957 73.7382 50.0000 33.6288 37.1773 54.0765
19613.0000 0.0952 73.5818 50.0000 33.7350 36.9567 53.9485
19614.0000 0.0953 73.7728 50.0000 33.7497 37.1166 54.0902
19615.0000 0.0939 73.8629 50.0000 33.7708 37.3028 54.0718
19616.0000 0.0919 74.0289 50.0000 33.9603 37.4464 54.0809
19617.0000 0.0973 73.9432 50.0000 33.7684 37.0977 54.3236
19618.0000 0.0991 73.8900 50.0000 33.9399 36.7106 54.4073
19619.0000 0.1027 73.9484 50.0000 33.8337 36.5749 54.6437
19620.0000 0.1039 73.9447 50.0000 33.6274 36.6919 54.6874
19621.0000 0.1064 74.0456 50.0000 33.5492 36.6632 54.8908
19622.0000 0.1046 73.6512 50.0000 33.4757 36.5024 54.5110
19623.0000 0.1024 73.5247 50.0000 33.6630 36.3718 54.3118
19624.0000 0.1006 73.6067 50.0000 34.0891 36.1547 54.3021
19625.0000 0.1054 73.9692 50.0000 34.1543 36.0464 54.8233
19626.0000 0.1003 73.8342 50.0000 34.4465 36.0327 54.4663
19627.0000 0.0986 73.7640 50.0000 34.4506 36.1057 54.3200
19628.0000 0.0980 73.8812 50.0000 34.7523 35.9637 54.3812
19629.0000 0.1005 73.8854 50.0000 34.3731 36.1422 54.5095
19630.0000 0.1049 74.2161 50.0000 34.4521 36.0172 54.9895
19631.0000 0.1072 73.9357 50.0000 34.2669 35.7552 54.8984
19632.0000 0.1082 74.0982 50.0000 34.3229 35.7757 55.0689
19633.0000 0.1080 74.0833 50.0000 34.1422 35.9626 55.0395
19634.0000 0.1163 74.1114 50.0000 33.7874 35.6888 55.4728
19635.0000 0.1095 73.9407 50.0000 34.0351 35.8139 55.0110
19636.0000 0.1128 74.0548 50.0000 33.9416 35.7536 55.2608
19637.0000 0.1124 74.1751 50.0000 33.8887 35.9557 55.3235
19638.0000 0.1149 73.8773 50.0000 33.7111 35.6556 55.2277
19639.0000 0.1169 74.2044 50.0000 33.7381 35.7802 55.5681
19640.0000 0.1169 73.9803 50.0000 33.7000 35.6068 55.4035
19641.0000 0.1205 73.9438 50.0000 33.3618 35.6374 55.5396
19642.0000 0.1190 74.0133 50.0000 33.6997 35.4747 55.5324
19643.0000 0.1212 74.1979 50.0000 33.7354 35.4408 55.7782
19644.0000 0.1238 74.1842 50.0000 33.6164 35.3546 55.8865
19645.0000 0.1246 74.1176 50.0000 33.5434 35.3056 55.8729
19646.0000 0.1263 74.1048 50.0000 33.3419 35.3635 55.9398
19647.0000 0.1233 73.8716 50.0000 33.3885 35.3267 55.6259
19648.0000 0.1203 73.8373 50.0000 33.1666 35.7493 55.4429
19649.0000 0.1161 73.5435 50.0000 33.3289 35.6370 55.0258
19650.0000 0.1163 73.8370 50.0000 33.2147 36.0092 55.2451
19651.0000 0.1214 74.0716 50.0000 33.1790 35.8753 55.6662
19652.0000 0.1241 74.2170 50.0000 33.5149 35.4616 55.9231
19653.0000 0.1255 74.6159 50.0000 33.5225 35.7236 56.2815
19654.0000 0.1195 74.4655 50.0000 33.6466 35.9163 55.8842
19655.0000 0.1172 74.0765 50.0000 33.7082 35.6692 55.4869
19656.0000 0.1165 73.9709 50.0000 33.4557 35.8817 55.3616
19657.0000 0.1119 73.8358 50.0000 33.3352 36.2323 55.0246
19658.0000 0.1118 73.8158 50.0000 33.3475 36.2093 55.0054
19659.0000 0.1147 73.8124 50.0000 33.3452 35.9789 55.1533
19660.0000 0.1155 73.6976 50.0000 33.4704 35.6787 55.1189
19661.0000 0.1140 73.6986 50.0000 33.6669 35.5974 55.0530
19662.0000 0.1125 73.5403 50.0000 33.5698 35.6704 54.8531
19663.0000 0.1147 73.4905 50.0000 33.6346 35.3825 54.9331
19664.0000 0.1152 73.6856 50.0000 33.2917 35.8807 55.0800
19665.0000 0.1196 73.7506 50.0000 33.0977 35.7979 55.3372
19666.0000 0.1139 73.6385 50.0000 33.1368 36.0933 54.9714
19667.0000 0.1126 73.7391 50.0000 33.2794 36.1446 54.9864
19668.0000 0.1108 73.8337 50.0000 33.2411 36.4176 54.9564
19669.0000 0.1164 73.9211 50.0000 33.0452 36.2621 55.2938
19670.0000 0.1170 73.8077 50.0000 33.0765 36.0682 55.2504
19671.0000 0.1180 73.5893 50.0000 33.0808 35.7807 55.1433
19672.0000 0.1156 73.4893 50.0000 33.1608 35.7970 54.9510
19673.0000 0.1158 73.5788 50.0000 33.3095 35.7107 55.0369
19674.0000 0.1170 73.5679 50.0000 33.6059 35.3031 55.1050
19675.0000 0.1145 73.4290 50.0000 33.7087 35.2648 54.8812
19676.0000 0.1156 73.3367 50.0000 33.5727 35.2314 54.8625
19677.0000 0.1163 73.3064 50.0000 33.4087 35.3139 54.8690
19678.0000 0.1099 73.0924 50.0000 33.6502 35.3655 54.4007
19679.0000 0.1057 73.0043 50.0000 33.7529 35.5056 54.1269
19680.0000 0.1085 72.9926 50.0000 33.2281 35.8108 54.2347
19681.0000 0.1103 72.9988 50.0000 33.1508 35.7529 54.3284
19682.0000 0.1019 72.6917 50.0000 33.6019 35.6688 53.6912
19683.0000 0.0993 72.6712 50.0000 33.5224 35.9452 53.5285
19684.0000 0.1117 72.7574 50.0000 33.1836 35.3804 54.2284
19685.0000 0.1072 72.7836 50.0000 32.9535 35.9992 53.9961
19686.0000 0.1089 72.7265 50.0000 33.0836 35.6741 54.0553
19687.0000 0.1079 72.6712 50.0000 33.0694 35.7127 53.9640
19688.0000 0.1072 72.6869 50.0000 33.0784 35.7716 53.9408
19689.0000 0.1112 73.0611 50.0000 33.2424 35.6511 54.4230
19690.0000 0.1070 72.8428 50.0000 33.0584 35.9597 54.0381
19691.0000 0.1036 72.7048 50.0000 32.9516 36.2169 53.7449
19692.0000 0.1048 72.8157 50.0000 33.1991 35.9698 53.9084
19693.0000 0.1020 72.7773 50.0000 33.0539 36.3084 53.7185
19694.0000 0.1065 72.7098 50.0000 32.6276 36.3221 53.8782
19695.0000 0.1059 72.6496 50.0000 32.9629 35.9607 53.8354
19696.0000 0.1055 72.8837 50.0000 33.0633 36.1195 53.9836
19697.0000 0.0994 72.3238 50.0000 33.1720 35.9578 53.2670
19698.0000 0.1033 72.4740 50.0000 33.0964 35.8628 53.5815
19699.0000 0.1072 72.7722 50.0000 33.2474 35.6844 54.0095
19700.0000 0.1055 72.5386 50.0000 33.1674 35.6757 53.7497
19701.0000 0.1088 72.7727 50.0000 33.0263 35.7831 54.0805
19702.0000 0.1043 72.7722 50.0000 33.1205 36.0481 53.8457
19703.0000 0.1007 72.5928 50.0000 33.3126 35.9657 53.5393
19704.0000 0.0988 72.3629 50.0000 33.1309 36.0904 53.2562
19705.0000 0.0983 72.5867 50.0000 33.7133 35.7464 53.4270
19706.0000 0.0999 72.6482 50.0000 33.7246 35.6629 53.5590
19707.0000 0.1034 72.6867 50.0000 33.4264 35.7253 53.7563
19708.0000 0.1012 72.6316 50.0000 33.1611 36.1251 53.5786
19709.0000 0.1004 72.6709 50.0000 33.1632 36.2234 53.5643
19710.0000 0.1048 72.7923 50.0000 32.9447 36.2054 53.8751
19711.0000 0.1076 72.7060 50.0000 32.9472 35.8959 53.9641
19712.0000 0.1073 72.5902 50.0000 32.7302 36.0359 53.8469
19713.0000 0.1074 72.8651 50.0000 32.7128 36.3128 54.0424
19714.0000 0.1059 72.8242 50.0000 32.7618 36.3379 53.9406
19715.0000 0.1060 72.8593 50.0000 32.7959 36.3339 53.9699
19716.0000 0.1085 72.8561 50.0000 32.4455 36.4938 54.0693
19717.0000 0.1069 72.5420 50.0000 32.5279 36.2301 53.7741
19718.0000 0.1083 72.7653 50.0000 32.6911 36.1595 54.0238
19719.0000 0.1113 72.7143 50.0000 32.6077 35.9576 54.1402
19720.0000 0.1141 72.7878 50.0000 32.6771 35.7385 54.3418
19721.0000 0.1131 72.7489 50.0000 32.7108 35.7466 54.2640
19722.0000 0.1141 73.0033 50.0000 32.6818 35.9414 54.4941
19723.0000 0.1151 73.2679 50.0000 32.9986 35.7872 54.7591
19724.0000 0.1133 73.2407 50.0000 32.9281 35.9768 54.6407
19725.0000 0.1166 73.4215 50.0000 32.9248 35.8933 54.9395
19726.0000 0.1143 73.1297 50.0000 32.9483 35.7720 54.6144
19727.0000 0.1137 72.9382 50.0000 32.8574 35.7294 54.4407
19728.0000 0.1157 73.0295 50.0000 32.8293 35.6855 54.6085
19729.0000 0.1133 72.7681 50.0000 32.8015 35.6537 54.2962
19730.0000 0.1168 72.7727 50.0000 32.7005 35.4897 54.4704
19731.0000 0.1169 72.8577 50.0000 32.6988 35.5682 54.5338
19732.0000 0.1164 72.7541 50.0000 32.7078 35.4978 54.4359
19733.0000 0.1185 72.8518 50.0000 32.4838 35.6541 54.5983
19734.0000 0.1200 72.8084 50.0000 32.5157 35.4658 54.6440
19735.0000 0.1182 72.7598 50.0000 32.6898 35.3819 54.5296
19736.0000 0.1152 72.7415 50.0000 32.9113 35.3676 54.3812
19737.0000 0.1199 73.0075 50.0000 32.7892 35.3878 54.7966
19738.0000 0.1252 73.1991 50.0000 32.7875 35.1612 55.1977
19739.0000 0.1204 72.7293 50.0000 32.4616 35.4194 54.6009
19740.0000 0.1233 72.9907 50.0000 32.5134 35.3907 54.9365
19741.0000 0.1283 73.1489 50.0000 32.2034 35.4772 55.2727
19742.0000 0.1259 73.0267 50.0000 32.5136 35.2318 55.0862
19743.0000 0.1239 72.8924 50.0000 32.3468 35.4220 54.8842
19744.0000 0.1269 72.8273 50.0000 32.1436 35.3468 54.9654
19745.0000 0.1248 72.7239 50.0000 31.7311 35.8310 54.7544
19746.0000 0.1253 72.6665 50.0000 31.6395 35.8320 54.7305
19747.0000 0.1278 72.8728 50.0000 31.5317 35.9441 54.9928
19748.0000 0.1290 72.7920 50.0000 31.6578 35.6482 55.0060
19749.0000 0.1364 73.1310 50.0000 31.4301 35.6477 55.5836
19750.0000 0.1374 73.2267 50.0000 31.4140 35.6854 55.6944
19751.0000 0.1259 72.9647 50.0000 31.8849 35.8167 54.9942
19752.0000 0.1192 72.6156 50.0000 31.9888 35.8911 54.4203
19753.0000 0.1254 72.8594 50.0000 31.7127 35.9280 54.8814
19754.0000 0.1230 72.9261 50.0000 31.7290 36.1559 54.8110
19755.0000 0.1179 72.7663 50.0000 31.5097 36.6320 54.4074
19756.0000 0.1128 72.5401 50.0000 31.6811 36.6375 54.0006
19757.0000 0.1147 72.4838 50.0000 31.7694 36.3420 54.0728
19758.0000 0.1153 72.4998 50.0000 31.6840 36.4003 54.1051
19759.0000 0.1153 72.6542 50.0000 31.8149 36.4109 54.2282
19760.0000 0.1207 72.7729 50.0000 31.7054 36.2168 54.5804
19761.0000 0.1098 72.4171 50.0000 32.0552 36.3679 53.7966
19762.0000 0.1080 72.3975 50.0000 32.0836 36.4628 53.6889
19763.0000 0.1108 72.5124 50.0000 32.2435 36.1878 53.9338
19764.0000 0.1094 72.5736 50.0000 32.1025 36.5012 53.8890
19765.0000 0.1087 72.6533 50.0000 32.0652 36.6795 53.8975
19766.0000 0.1111 72.7529 50.0000 32.4518 36.1787 54.1385
19767.0000 0.1131 72.7018 50.0000 32.1456 36.2833 54.1824
19768.0000 0.1160 72.8028 50.0000 32.1691 36.1268 54.4081
19769.0000 0.1179 72.6835 50.0000 32.0873 35.9495 54.4144
19770.0000 0.1078 72.4160 50.0000 32.3234 36.2515 53.7132
19771.0000 0.1112 72.5379 50.0000 32.2181 36.2052 53.9715
19772.0000 0.1136 72.4290 50.0000 32.1226 36.0118 54.0116
19773.0000 0.1119 72.2121 50.0000 32.0717 35.9889 53.7661
19774.0000 0.1105 72.3469 50.0000 32.4252 35.8583 53.8225
19775.0000 0.1104 72.3928 50.0000 32.2776 36.0695 53.8318
19776.0000 0.1135 72.3603 50.0000 32.2430 35.8273 53.9704
19777.0000 0.1058 72.1240 50.0000 32.5804 35.8610 53.4264
19778.0000 0.1140 72.2599 50.0000 32.3779 35.5484 53.9396
19779.0000 0.1123 72.3467 50.0000 32.3707 35.7745 53.9107
19780.0000 0.1126 72.3302 50.0000 32.5182 35.5867 53.9241
19781.0000 0.1074 72.2422 50.0000 32.6068 35.8215 53.5962
19782.0000 0.1054 72.1729 50.0000 32.5033 36.0192 53.4330
19783.0000 0.1013 72.1747 50.0000 32.8085 36.0374 53.2362
19784.0000 0.1081 72.2154 50.0000 32.5940 35.7467 53.6178
19785.0000 0.1074 72.2256 50.0000 32.7149 35.6914 53.5946
19786.0000 0.1072 72.2282 50.0000 32.5983 35.8293 53.5772
19787.0000 0.1015 71.8704 50.0000 32.7306 35.8078 53.0270
19788.0000 0.1082 72.1958 50.0000 32.7306 35.5825 53.6173
19789.0000 0.1038 72.0335 50.0000 32.7062 35.7990 53.2688
19790.0000 0.1053 72.1272 50.0000 33.0879 35.3746 53.4431
19791.0000 0.1030 71.9909 50.0000 32.8047 35.7217 53.2025
19792.0000 0.1015 72.0740 50.0000 32.7736 35.9588 53.1744
19793.0000 0.1048 72.0981 50.0000 32.4276 36.0754 53.3399
19794.0000 0.1060 72.1983 50.0000 32.4110 36.0895 53.4759
19795.0000 0.1062 72.1904 50.0000 32.3535 36.1313 53.4719
19796.0000 0.1028 72.1357 50.0000 32.4204 36.2844 53.2534
19797.0000 0.1040 71.9285 50.0000 32.5105 35.8908 53.1849
19798.0000 0.1005 71.7236 50.0000 32.4201 36.0651 52.8443
19799.0000 0.0976 71.5347 50.0000 32.4331 36.1041 52.5528
19800.0000 0.0952 71.6303 50.0000 32.5155 36.3117 52.4891
19801.0000 0.0965 71.8019 50.0000 32.5316 36.3578 52.6813
19802.0000 0.1000 71.9022 50.0000 32.3361 36.3713 52.9285
19803.0000 0.1021 71.7926 50.0000 32.3755 36.0492 52.9761
19804.0000 0.1012 71.7201 50.0000 32.3506 36.0828 52.8701
19805.0000 0.1071 71.8458 50.0000 32.3102 35.7682 53.2777
19806.0000 0.1041 71.8028 50.0000 32.4075 35.8676 53.0934
19807.0000 0.1011 71.5801 50.0000 32.6367 35.6533 52.7958
19808.0000 0.1086 71.9063 50.0000 32.6110 35.3979 53.4231
19809.0000 0.1035 71.6061 50.0000 32.5093 35.6143 52.9358
19810.0000 0.1040 71.5816 50.0000 32.5984 35.4621 52.9501
19811.0000 0.1045 71.5188 50.0000 32.5851 35.3748 52.9318
19812.0000 0.1068 71.6556 50.0000 32.6256 35.2840 53.1521
19813.0000 0.1042 71.5453 50.0000 32.5903 35.4169 52.9363
19814.0000 0.1029 71.5334 50.0000 32.6559 35.4411 52.8636
19815.0000 0.1033 71.3639 50.0000 32.8233 35.0721 52.7768
19816.0000 0.1009 71.1899 50.0000 32.7785 35.1431 52.5218
19817.0000 0.1045 71.3686 50.0000 32.5360 35.2810 52.8217
19818.0000 0.1064 71.3062 50.0000 32.7811 34.8183 52.8930
19819.0000 0.1047 71.3547 50.0000 33.0278 34.7438 52.8537
19820.0000 0.1029 71.4537 50.0000 32.9283 35.0831 52.8255
19821.0000 0.1015 71.5110 50.0000 33.0018 35.1743 52.7966
19822.0000 0.1027 71.6995 50.0000 33.0598 35.2029 52.9964
19823.0000 0.1070 71.7996 50.0000 33.0628 34.9584 53.2911
19824.0000 0.1070 71.6556 50.0000 32.7559 35.1357 53.1700
19825.0000 0.1050 71.4934 50.0000 32.6780 35.2129 52.9481
19826.0000 0.1016 71.3851 50.0000 32.6957 35.3599 52.6925
19827.0000 0.1032 71.3334 50.0000 32.6577 35.2263 52.7355
19828.0000 0.1055 71.4373 50.0000 32.7759 35.0208 52.9393
19829.0000 0.1051 71.3345 50.0000 32.7671 34.9593 52.8467
19830.0000 0.1040 71.1299 50.0000 32.6165 35.0034 52.6345
19831.0000 0.1088 71.2035 50.0000 32.4809 34.8393 52.9258
19832.0000 0.1081 71.2662 50.0000 32.4441 34.9940 52.9308
19833.0000 0.1107 71.3437 50.0000 32.4950 34.8109 53.1243
19834.0000 0.1114 71.3738 50.0000 32.1816 35.1096 53.1590
19835.0000 0.1073 71.0535 50.0000 32.3185 34.9834 52.7284
19836.0000 0.1126 71.3081 50.0000 32.1548 34.9858 53.1687
19837.0000 0.1111 71.2954 50.0000 32.2014 35.0394 53.0881
19838.0000 0.1080 71.3845 50.0000 32.4162 35.1443 53.0077
19839.0000 0.1096 71.6504 50.0000 32.6497 35.0327 53.2962
19840.0000 0.1079 71.6129 50.0000 32.7375 35.0382 53.1882
19841.0000 0.1101 71.5155 50.0000 32.4622 35.0612 53.2108
19842.0000 0.1059 71.6687 50.0000 32.5118 35.4803 53.1087
19843.0000 0.1033 71.6154 50.0000 32.5323 35.6209 52.9299
19844.0000 0.0996 71.4887 50.0000 32.7733 35.5402 52.6634
19845.0000 0.0968 71.5888 50.0000 33.0474 35.5875 52.5962
19846.0000 0.0931 71.4160 50.0000 32.9909 35.7833 52.2628
19847.0000 0.0890 71.2923 50.0000 32.9508 36.0490 51.9357
19848.0000 0.0894 71.3130 50.0000 33.1101 35.8637 51.9910
19849.0000 0.0901 71.2684 50.0000 33.2675 35.6011 52.0098
19850.0000 0.0915 71.4969 50.0000 33.1347 35.8470 52.2388
19851.0000 0.0872 71.3791 50.0000 33.3165 35.9061 51.9205
19852.0000 0.0853 71.3524 50.0000 33.4524 35.8953 51.8038
19853.0000 0.0882 71.3933 50.0000 33.2091 35.9438 51.9827
19854.0000 0.0912 71.4210 50.0000 33.1471 35.7853 52.1694
19855.0000 0.0924 71.3349 50.0000 33.0742 35.6760 52.1726
19856.0000 0.0933 71.3153 50.0000 33.0018 35.6543 52.2066
19857.0000 0.0906 71.2898 50.0000 33.3157 35.5243 52.0607
19858.0000 0.0917 71.3744 50.0000 33.2315 35.6057 52.1747
19859.0000 0.0933 71.4846 50.0000 33.0650 35.7547 52.3293
19860.0000 0.0914 71.5348 50.0000 33.1796 35.8457 52.2630
19861.0000 0.0937 71.7712 50.0000 33.2520 35.8069 52.5668
19862.0000 0.0921 71.7473 50.0000 33.3770 35.7912 52.4656
19863.0000 0.0895 71.5753 50.0000 33.4682 35.7387 52.2077
19864.0000 0.0871 71.4200 50.0000 33.4141 35.8459 51.9556
19865.0000 0.0905 71.4915 50.0000 33.3719 35.6720 52.2002
19866.0000 0.0854 71.3636 50.0000 33.7099 35.6321 51.8339
19867.0000 0.0856 71.2978 50.0000 33.9001 35.3530 51.8104
19868.0000 0.0816 71.2552 50.0000 34.1379 35.4136 51.5537
19869.0000 0.0843 71.3315 50.0000 33.8189 35.5779 51.7559
19870.0000 0.0800 71.1696 50.0000 33.6865 35.9302 51.3746
19871.0000 0.0850 71.3845 50.0000 33.8283 35.5674 51.8300
19872.0000 0.0879 71.4581 50.0000 33.6732 35.5505 52.0436
19873.0000 0.0809 71.0776 50.0000 33.6996 35.7455 51.3675
19874.0000 0.0865 71.3483 50.0000 33.2779 35.9708 51.8580
19875.0000 0.0859 71.4804 50.0000 33.4890 35.9328 51.9304
19876.0000 0.0900 71.7059 50.0000 33.6734 35.6197 52.3361
19877.0000 0.0915 71.6950 50.0000 33.6496 35.5021 52.4163
19878.0000 0.0933 71.5871 50.0000 33.5548 35.3470 52.4346
19879.0000 0.0972 71.7412 50.0000 33.3173 35.4237 52.7439
19880.0000 0.0886 71.6649 50.0000 33.3683 36.0120 52.2068
19881.0000 0.0884 71.6234 50.0000 33.5175 35.8317 52.1784
19882.0000 0.0896 71.7460 50.0000 33.6936 35.6707 52.3434
19883.0000 0.0898 71.6577 50.0000 33.5648 35.6959 52.2879
19884.0000 0.0901 71.6077 50.0000 33.1945 36.0106 52.2401
19885.0000 0.0893 71.6924 50.0000 33.4640 35.8803 52.2740
19886.0000 0.0907 71.7621 50.0000 33.4533 35.8423 52.4023
19887.0000 0.0926 71.8055 50.0000 33.3797 35.8001 52.5374
19888.0000 0.0937 71.7350 50.0000 33.0220 36.0141 52.5209
19889.0000 0.0913 71.8090 50.0000 33.1987 36.0993 52.4521
19890.0000 0.0892 71.7459 50.0000 33.2711 36.1384 52.2926
19891.0000 0.0915 72.0523 50.0000 33.3322 36.1807 52.6446
19892.0000 0.0921 71.6691 50.0000 33.0636 36.0401 52.3868
19893.0000 0.0921 71.7793 50.0000 33.1379 36.0645 52.4738
19894.0000 0.0914 71.7934 50.0000 33.1865 36.0907 52.4444
19895.0000 0.0930 71.9531 50.0000 33.2487 36.0490 52.6520
19896.0000 0.0896 72.0066 50.0000 33.5092 36.1131 52.5160
19897.0000 0.0913 72.0033 50.0000 33.1952 36.2931 52.5867
19898.0000 0.0881 71.9915 50.0000 33.5277 36.2088 52.4174
19899.0000 0.0877 72.0329 50.0000 33.5137 36.2984 52.4213
19900.0000 0.0887 72.1384 50.0000 33.6513 36.1784 52.5609
19901.0000 0.0882 72.0393 50.0000 33.6763 36.0972 52.4648
19902.0000 0.0910 72.4606 50.0000 33.6727 36.2781 52.9207
19903.0000 0.0918 72.2209 50.0000 33.4651 36.1892 52.7853
19904.0000 0.0925 72.2891 50.0000 33.5461 36.1098 52.8816
19905.0000 0.0949 72.2512 50.0000 33.1169 36.3151 52.9597
19906.0000 0.0967 72.3104 50.0000 33.2704 36.0634 53.1159
19907.0000 0.0948 72.2628 50.0000 33.1561 36.2983 52.9625
19908.0000 0.0938 72.1610 50.0000 33.1547 36.2853 52.8333
19909.0000 0.0944 72.2833 50.0000 33.4769 36.0202 52.9784
19910.0000 0.0975 72.1171 50.0000 33.0559 36.0331 53.0076
19911.0000 0.0925 72.1274 50.0000 33.2383 36.2742 52.7424
19912.0000 0.0939 72.1515 50.0000 32.9579 36.4722 52.8147
19913.0000 0.0988 72.4457 50.0000 33.0880 36.2164 53.3098
19914.0000 0.1004 72.4594 50.0000 33.3145 35.8644 53.4252
19915.0000 0.0981 72.2896 50.0000 33.2936 35.9028 53.1819
19916.0000 0.1038 72.4926 50.0000 33.3312 35.5970 53.6383
19917.0000 0.0982 72.2917 50.0000 33.2475 35.9496 53.1819
19918.0000 0.1002 72.1513 50.0000 32.9612 35.9403 53.1758
19919.0000 0.1025 71.9362 50.0000 32.7575 35.7595 53.1320
19920.0000 0.0999 71.8117 50.0000 33.0944 35.5009 52.9279
19921.0000 0.1031 72.1346 50.0000 33.2515 35.3890 53.3419
19922.0000 0.1023 72.3258 50.0000 33.3565 35.5362 53.4373
19923.0000 0.1025 72.2128 50.0000 33.3027 35.4611 53.3679
19924.0000 0.1056 72.2759 50.0000 33.0665 35.5165 53.5630
19925.0000 0.1015 72.5130 50.0000 33.3865 35.7523 53.5281
19926.0000 0.1028 72.5245 50.0000 33.5699 35.4649 53.6200
19927.0000 0.1059 72.5370 50.0000 33.4049 35.4002 53.7824
19928.0000 0.1012 72.3242 50.0000 33.6141 35.3591 53.3912
19929.0000 0.1054 72.5396 50.0000 33.6964 35.1456 53.7711
19930.0000 0.1060 72.6749 50.0000 33.8286 35.0904 53.9068
19931.0000 0.1049 72.7094 50.0000 33.5111 35.5335 53.8613
19932.0000 0.1008 72.5245 50.0000 33.6348 35.5648 53.5130
19933.0000 0.0984 72.4146 50.0000 33.2958 35.9984 53.2858
19934.0000 0.1014 72.5716 50.0000 32.9965 36.2183 53.5360
19935.0000 0.0977 72.4943 50.0000 33.0736 36.3689 53.2809
19936.0000 0.1010 72.5995 50.0000 32.8649 36.4135 53.5224
19937.0000 0.1021 72.3891 50.0000 32.7751 36.2155 53.4266
19938.0000 0.1018 72.3188 50.0000 32.5690 36.3827 53.3439
19939.0000 0.1087 72.2617 50.0000 32.3209 36.0282 53.6571
19940.0000 0.1090 72.3407 50.0000 32.4111 35.9908 53.7341
19941.0000 0.1065 72.2973 50.0000 32.4957 36.0608 53.5775
19942.0000 0.1057 72.1590 50.0000 32.4640 36.0225 53.4358
19943.0000 0.1014 71.8603 50.0000 32.7310 35.8005 53.0180
19944.0000 0.1038 71.9531 50.0000 32.6463 35.7865 53.2052
19945.0000 0.1026 71.8441 50.0000 32.5842 35.8410 53.0591
19946.0000 0.0990 71.8492 50.0000 32.7784 35.9385 52.8802
19947.0000 0.1047 71.9554 50.0000 32.5284 35.8358 53.2474
19948.0000 0.0998 71.8598 50.0000 32.5396 36.1364 52.9072
19949.0000 0.1026 71.9820 50.0000 32.3902 36.1754 53.1378
19950.0000 0.1018 72.1518 50.0000 32.4659 36.3344 53.2133
19951.0000 0.1032 72.0751 50.0000 32.3297 36.2853 53.2259
19952.0000 0.1021 72.1323 50.0000 32.3396 36.4204 53.2049
19953.0000 0.1006 71.9598 50.0000 32.1416 36.5859 52.9774
19954.0000 0.1027 72.0809 50.0000 32.2514 36.4114 53.1951
19955.0000 0.1057 72.0682 50.0000 32.0367 36.3796 53.3291
19956.0000 0.0987 71.7726 50.0000 31.9889 36.7220 52.7211
19957.0000 0.1022 71.8833 50.0000 31.9325 36.5982 52.9914
19958.0000 0.1037 71.9377 50.0000 31.8746 36.5900 53.1057
19959.0000 0.1021 71.9136 50.0000 31.9832 36.5858 53.0106
19960.0000 0.1015 71.8733 50.0000 32.0559 36.5158 52.9603
19961.0000 0.1050 72.0351 50.0000 32.0806 36.3637 53.2689
19962.0000 0.0999 71.8686 50.0000 32.0840 36.6161 52.8675
19963.0000 0.0975 71.7872 50.0000 32.2620 36.5461 52.6967
19964.0000 0.0969 71.6812 50.0000 32.2671 36.4825 52.5933
19965.0000 0.1034 71.7038 50.0000 32.0130 36.2408 52.9453
19966.0000 0.1047 71.7275 50.0000 31.7954 36.3820 53.0116
19967.0000 0.1072 71.8101 50.0000 31.7325 36.3309 53.1959
19968.0000 0.1013 71.7788 50.0000 31.8885 36.6212 52.8603
19969.0000 0.1019 71.9199 50.0000 31.8533 36.7410 52.9899
19970.0000 0.0992 71.8156 50.0000 32.0230 36.6864 52.7837
19971.0000 0.0941 71.9751 50.0000 32.2316 37.0511 52.6189
19972.0000 0.0949 72.1805 50.0000 32.3734 37.0384 52.8218
19973.0000 0.0941 72.0537 50.0000 32.3429 37.0147 52.6838
19974.0000 0.0918 72.1265 50.0000 32.5973 37.0105 52.6296
19975.0000 0.0896 72.1139 50.0000 32.6527 37.1329 52.4915
19976.0000 0.0919 72.0037 50.0000 32.5852 36.8932 52.5513
19977.0000 0.0884 71.9172 50.0000 32.6429 37.0484 52.2871
19978.0000 0.0915 71.7968 50.0000 32.5836 36.7271 52.3852
19979.0000 0.0961 72.0666 50.0000 32.3999 36.7903 52.8235
19980.0000 0.0893 71.9028 50.0000 32.5518 37.0522 52.3214
19981.0000 0.0924 71.9058 50.0000 32.6254 36.7071 52.5225
19982.0000 0.0940 71.9318 50.0000 32.5165 36.7175 52.6182
19983.0000 0.0884 71.7185 50.0000 32.6731 36.8168 52.1588
19984.0000 0.0940 71.8590 50.0000 32.4077 36.7584 52.5573
19985.0000 0.0932 72.0375 50.0000 32.4183 36.9910 52.6320
19986.0000 0.0972 72.0311 50.0000 32.5373 36.5169 52.8803
19987.0000 0.0949 71.8420 50.0000 32.3894 36.6882 52.5944
19988.0000 0.0934 71.6425 50.0000 32.5009 36.4978 52.3855
19989.0000 0.1009 71.8708 50.0000 32.1848 36.4230 52.9426
19990.0000 0.0928 71.9072 50.0000 32.5515 36.7580 52.5346
19991.0000 0.0982 71.8557 50.0000 32.2578 36.5605 52.7827
19992.0000 0.0964 71.9672 50.0000 32.4885 36.5779 52.7810
19993.0000 0.0961 72.0877 50.0000 32.3354 36.8816 52.8281
19994.0000 0.0992 72.2129 50.0000 32.3338 36.7436 53.0955
19995.0000 0.1015 72.3811 50.0000 32.2586 36.7996 53.3309
19996.0000 0.0973 72.1359 50.0000 32.1982 36.9753 52.9122
19997.0000 0.0967 72.1414 50.0000 32.0362 37.2078 52.8550
19998.0000 0.0988 72.0812 50.0000 32.0932 36.9079 52.9484
19999.0000 0.1006 72.2730 50.0000 32.2448 36.7846 53.2030
20000.0000 0.0984 72.2161 50.0000 32.2993 36.8492 53.0477
