# Time(ns) Kappa2 Rg(A) Size L_minor(A) L_mid(A) L_major(A)
# Generated from /data/jychen/MD_projects/curvature_phase/Alpha-Synuclein/martini3001/Martini_alhx/mdrun/M3IDP/W_cluster/alhx_700_re2/TR_Mdvwhole/clus_centered.xtc
# AvgKappa2=0.1122+-0.0416
10000.0000 0.1190 82.2012 47.0000 32.5706 44.5458 60.9250
10001.0000 0.1228 81.9437 47.0000 32.5253 43.9726 61.0188
10002.0000 0.1173 82.1406 47.0000 32.6036 44.6177 60.7729
10003.0000 0.1150 81.9604 47.0000 32.6923 44.5646 60.5203
10004.0000 0.1130 81.7696 47.0000 32.7533 44.5129 60.2669
10005.0000 0.1203 82.6328 47.0000 32.6039 44.7999 61.3037
10006.0000 0.1077 82.7110 47.0000 33.1861 45.5155 60.5652
10007.0000 0.1035 82.6783 47.0000 33.4043 45.6809 60.2753
10008.0000 0.1044 82.4015 47.0000 33.2065 45.5341 60.1163
10009.0000 0.1083 82.7710 47.0000 33.2425 45.4409 60.6720
10010.0000 0.1098 82.4988 47.0000 33.0938 45.1790 60.5782
10011.0000 0.1165 82.6777 47.0000 32.9509 44.8333 61.1541
10012.0000 0.1122 82.4859 47.0000 32.8124 45.2427 60.6660
10013.0000 0.1118 82.4009 47.0000 32.3894 45.6944 60.4389
10014.0000 0.1131 82.6653 47.0000 32.4904 45.7068 60.7355
10015.0000 0.1056 82.2641 47.0000 32.1898 46.4829 59.7540
10016.0000 0.1084 82.5345 47.0000 32.0973 46.5591 60.1162
10017.0000 0.1094 82.5439 47.0000 32.0988 46.4493 60.2132
10018.0000 0.1105 82.4925 47.0000 32.2886 46.0523 60.3461
10019.0000 0.1036 82.2550 47.0000 32.8148 45.9329 59.8267
10020.0000 0.0983 81.8924 47.0000 33.1204 45.7882 59.2692
10021.0000 0.1006 81.9046 47.0000 33.1178 45.5409 59.4778
10022.0000 0.1006 81.5235 47.0000 33.0820 45.1853 59.2448
10023.0000 0.0944 80.9964 47.0000 33.3376 45.0199 58.4998
10024.0000 0.0958 81.0302 47.0000 32.8869 45.4493 58.4697
10025.0000 0.0996 81.2743 47.0000 33.0837 45.0330 59.0170
10026.0000 0.0986 81.4959 47.0000 33.2377 45.1962 59.1113
10027.0000 0.0970 81.2605 47.0000 33.1752 45.2030 58.8164
10028.0000 0.1006 81.2213 47.0000 33.2314 44.6945 59.1182
10029.0000 0.1004 81.2335 47.0000 33.0486 44.9497 59.0441
10030.0000 0.1004 80.9441 47.0000 32.8888 44.8363 58.8215
10031.0000 0.0983 80.9141 47.0000 32.9318 44.9854 58.6422
10032.0000 0.0958 81.0299 47.0000 33.3383 44.8983 58.6392
10033.0000 0.1027 80.9461 47.0000 33.2619 44.1475 59.1346
10034.0000 0.1004 80.9529 47.0000 32.9492 44.7742 58.8471
10035.0000 0.1015 80.8651 47.0000 32.9149 44.6085 58.8715
10036.0000 0.1058 80.5078 47.0000 32.7882 43.9345 58.9593
10037.0000 0.1040 80.7417 47.0000 33.0653 44.0317 59.0518
10038.0000 0.1042 80.5867 47.0000 32.7353 44.2446 58.8645
10039.0000 0.1002 80.1801 47.0000 32.9621 43.9758 58.3822
10040.0000 0.1039 80.1228 47.0000 32.8929 43.6162 58.6119
10041.0000 0.1107 80.5030 47.0000 32.7488 43.4754 59.3139
10042.0000 0.1114 80.5629 47.0000 32.8979 43.3048 59.4374
10043.0000 0.1188 80.9017 47.0000 32.6592 43.1899 60.1090
10044.0000 0.1173 80.5804 47.0000 32.4541 43.2410 59.7507
10045.0000 0.1157 80.7325 47.0000 32.9953 42.9423 59.8749
10046.0000 0.1109 79.9692 47.0000 32.9408 42.7088 59.0418
10047.0000 0.0959 77.9855 46.0000 32.5579 42.6335 56.6049
10048.0000 0.1070 80.7328 47.0000 33.6073 43.1009 59.4192
10049.0000 0.1066 80.9642 47.0000 33.6528 43.3214 59.5478
10050.0000 0.1091 80.9985 47.0000 33.3342 43.4733 59.6629
10051.0000 0.1084 80.7502 47.0000 33.2448 43.3901 59.4364
10052.0000 0.1025 80.6715 47.0000 33.5614 43.5488 59.0341
10053.0000 0.1015 80.7318 47.0000 33.5913 43.6715 59.0088
10054.0000 0.1028 80.9201 47.0000 33.6003 43.7193 59.2259
10055.0000 0.1008 80.7821 47.0000 33.4587 43.9524 58.9444
10056.0000 0.0984 80.4445 47.0000 33.5911 43.7066 58.5892
10057.0000 0.1006 80.4043 47.0000 32.8673 44.2783 58.5152
10058.0000 0.0976 80.6916 47.0000 33.1580 44.5531 58.5380
10059.0000 0.0925 80.7136 47.0000 33.6240 44.5868 58.2762
10060.0000 0.0906 80.3421 47.0000 33.3068 44.7976 57.7813
10061.0000 0.0822 80.5944 47.0000 33.8509 45.3963 57.3476
10062.0000 0.0792 80.5556 47.0000 33.7869 45.8297 56.9850
10063.0000 0.0839 80.6373 47.0000 33.4347 45.7698 57.3552
10064.0000 0.0701 85.1970 48.0000 34.0579 53.3509 57.0288
10065.0000 0.0864 80.0838 47.0000 33.6894 44.5342 57.4035
10066.0000 0.0810 79.8804 47.0000 33.7519 44.8872 56.8052
10067.0000 0.0832 79.9012 47.0000 33.6204 44.8022 56.9793
10068.0000 0.0815 79.9594 47.0000 33.7340 44.9345 56.8895
10069.0000 0.0854 79.8356 47.0000 33.4402 44.6973 57.0756
10070.0000 0.0702 82.5221 47.0000 32.9448 51.7975 55.1503
10071.0000 0.0698 83.4197 48.0000 33.5513 51.7376 56.1816
10072.0000 0.0716 83.2643 48.0000 33.4674 51.1726 56.5176
10073.0000 0.0868 80.0564 47.0000 33.2091 45.0576 57.2363
10074.0000 0.0824 79.7935 47.0000 33.3226 45.1788 56.7053
10075.0000 0.0870 79.6263 47.0000 33.0407 44.7795 56.9513
10076.0000 0.0829 79.4737 47.0000 32.7670 45.4990 56.3226
10077.0000 0.0725 83.0356 48.0000 33.4099 50.7221 56.6212
10078.0000 0.0863 79.8213 47.0000 32.9820 45.1603 56.9575
10079.0000 0.0886 79.9941 47.0000 33.0786 44.9419 57.3157
10080.0000 0.0906 80.3076 47.0000 33.2111 44.8779 57.7262
10081.0000 0.0875 80.0907 47.0000 33.0491 45.2272 57.2430
10082.0000 0.0896 80.4599 47.0000 33.0486 45.3740 57.6436
10083.0000 0.0920 80.3911 47.0000 32.8553 45.2555 57.7511
10084.0000 0.0881 80.2427 47.0000 32.8987 45.5141 57.3152
10085.0000 0.0969 80.4088 47.0000 32.7605 44.8204 58.1675
10086.0000 0.0948 80.0929 47.0000 32.9030 44.5507 57.8576
10087.0000 0.0955 80.4257 47.0000 32.9548 44.7535 58.1325
10088.0000 0.0971 80.5093 47.0000 33.2341 44.3289 58.4139
10089.0000 0.0940 80.7598 47.0000 33.2299 44.9441 58.2920
10090.0000 0.0889 80.5138 47.0000 33.3142 45.1790 57.7192
10091.0000 0.0909 80.4916 47.0000 33.3751 44.8388 57.9179
10092.0000 0.0762 83.2861 48.0000 33.5571 49.9583 57.5731
10093.0000 0.0782 83.3908 48.0000 33.3154 50.1491 57.6990
10094.0000 0.0803 83.7889 48.0000 32.9872 50.8612 57.8407
10095.0000 0.0785 84.3079 48.0000 33.4382 51.0987 58.1260
10096.0000 0.0764 83.9517 48.0000 33.6096 50.7204 57.8422
10097.0000 0.0771 83.8097 48.0000 33.6945 50.2269 58.0173
10098.0000 0.1000 80.8721 47.0000 33.5701 44.0027 58.9670
10099.0000 0.1031 80.9009 47.0000 33.4725 43.8216 59.1964
10100.0000 0.1021 80.7525 47.0000 33.5384 43.6998 59.0463
10101.0000 0.1051 81.2045 47.0000 33.6055 43.7732 59.5713
10102.0000 0.1102 81.3891 47.0000 32.9083 44.2357 59.8701
10103.0000 0.1105 81.0514 47.0000 32.9670 43.8019 59.6984
10104.0000 0.1135 81.6300 47.0000 32.8777 44.1793 60.2553
10105.0000 0.1194 80.9321 47.0000 32.4477 43.3905 60.1200
10106.0000 0.1173 81.3751 47.0000 32.4144 44.0752 60.2377
10107.0000 0.1125 81.2224 47.0000 32.5342 44.2612 59.8293
10108.0000 0.1096 81.5603 47.0000 33.0533 44.3000 59.9756
10109.0000 0.1107 81.6287 47.0000 32.8278 44.5158 60.0327
10110.0000 0.1092 81.5821 47.0000 32.7933 44.6636 59.8782
10111.0000 0.0983 81.4818 47.0000 33.3509 45.0774 59.1188
10112.0000 0.0982 81.1126 47.0000 33.5565 44.4556 58.9654
10113.0000 0.1039 81.3971 47.0000 33.3892 44.3393 59.5372
10114.0000 0.1039 81.0605 47.0000 33.2006 44.2099 59.2791
10115.0000 0.0998 80.6253 47.0000 33.5703 43.7682 58.8032
10116.0000 0.1051 80.7216 47.0000 33.0966 43.8611 59.1336
10117.0000 0.1009 81.0821 47.0000 33.3083 44.4241 59.0877
10118.0000 0.0985 80.4449 47.0000 33.2210 44.1293 58.4838
10119.0000 0.1010 80.5859 47.0000 33.2282 44.0001 58.7704
10120.0000 0.0988 80.2385 47.0000 33.2617 43.8371 58.3967
10121.0000 0.0792 83.5152 48.0000 34.1322 48.7955 58.5557
10122.0000 0.1022 79.6827 47.0000 32.8207 43.4201 58.1964
10123.0000 0.0883 83.8986 48.0000 33.6904 48.5150 59.5839
10124.0000 0.1014 79.6542 47.0000 33.1143 43.1369 58.2017
10125.0000 0.1020 79.8591 47.0000 33.1596 43.2331 58.3850
10126.0000 0.1156 79.0055 46.0000 33.2255 41.0167 58.7840
10127.0000 0.1104 79.8819 47.0000 33.3205 42.2524 59.0390
10128.0000 0.1128 79.7766 47.0000 32.9648 42.3103 59.0548
10129.0000 0.1101 79.6073 47.0000 33.3134 42.0133 58.8423
10130.0000 0.1152 79.6907 47.0000 33.2470 41.6964 59.2171
10131.0000 0.1246 80.1021 47.0000 33.1336 41.3800 60.0518
10132.0000 0.1260 80.2058 47.0000 33.2879 41.1927 60.2333
10133.0000 0.1190 79.9300 47.0000 33.3709 41.4543 59.6384
10134.0000 0.1200 79.8888 47.0000 33.7672 40.9004 59.7425
10135.0000 0.1230 79.6783 47.0000 33.3323 40.8995 59.7062
10136.0000 0.1199 79.9422 47.0000 33.1482 41.6226 59.6617
10137.0000 0.1255 80.0434 47.0000 32.9697 41.4146 60.0398
10138.0000 0.1232 80.3681 47.0000 33.0989 41.7940 60.1394
10139.0000 0.1202 80.1261 47.0000 33.0863 41.8372 59.7925
10140.0000 0.1223 79.9497 47.0000 32.9000 41.6869 59.7640
10141.0000 0.1216 79.9991 47.0000 32.5303 42.1883 59.6807
10142.0000 0.1211 79.8239 47.0000 32.8794 41.6887 59.6058
10143.0000 0.1233 80.0002 47.0000 32.4297 42.1503 59.7637
10144.0000 0.1248 80.1491 47.0000 32.3097 42.2860 59.9321
10145.0000 0.1216 80.0549 47.0000 32.3760 42.4154 59.6784
10146.0000 0.1272 80.2379 47.0000 32.1705 42.3066 60.1110
10147.0000 0.1262 80.1432 47.0000 32.3526 42.1099 60.0250
10148.0000 0.1228 79.8987 47.0000 32.3877 42.1371 59.6599
10149.0000 0.1268 80.1018 47.0000 32.5434 41.8104 60.0759
10150.0000 0.1269 80.2598 47.0000 32.0265 42.5076 60.0754
10151.0000 0.1262 80.1462 47.0000 32.1341 42.3492 59.9779
10152.0000 0.1254 80.4033 47.0000 32.3442 42.4392 60.1454
10153.0000 0.1359 79.9395 46.0000 32.0464 41.3975 60.4119
10154.0000 0.1294 80.7166 47.0000 32.4105 42.3129 60.6164
10155.0000 0.1238 80.1695 47.0000 32.5224 42.1619 59.9317
10156.0000 0.1295 80.0760 47.0000 32.2238 41.8936 60.1558
10157.0000 0.1280 80.2562 47.0000 32.0833 42.3483 60.1526
10158.0000 0.1285 80.3069 47.0000 32.0809 42.3531 60.2182
10159.0000 0.1328 79.7430 46.0000 32.0372 41.4810 60.0990
10160.0000 0.1239 80.3888 47.0000 32.5115 42.3772 60.0793
10161.0000 0.1241 80.3178 47.0000 32.7415 42.0454 60.0926
10162.0000 0.1265 80.3759 47.0000 32.4610 42.1908 60.2205
10163.0000 0.1195 79.9169 47.0000 32.6765 42.1410 59.5239
10164.0000 0.1258 80.1361 47.0000 32.7149 41.7458 60.0735
10165.0000 0.1226 80.2859 47.0000 32.9452 41.9278 60.0208
10166.0000 0.1188 80.1238 47.0000 33.1377 41.9128 59.7079
10167.0000 0.1169 79.6527 47.0000 33.0656 41.7034 59.2626
10168.0000 0.1207 79.8564 47.0000 33.2041 41.4081 59.6650
10169.0000 0.1252 79.9924 47.0000 33.2372 41.1080 60.0350
10170.0000 0.1299 79.9957 47.0000 32.9749 40.9864 60.2668
10171.0000 0.1248 80.3683 47.0000 33.2995 41.4398 60.2740
10172.0000 0.0902 83.4036 48.0000 34.2680 46.9439 59.8175
10173.0000 0.1213 80.3985 47.0000 32.8445 42.2669 59.9888
10174.0000 0.1273 80.3286 47.0000 32.6778 41.8385 60.2858
10175.0000 0.0941 82.8223 48.0000 33.3275 47.0243 59.4771
10176.0000 0.0862 82.7455 48.0000 34.0039 47.0793 58.9415
10177.0000 0.0838 82.8539 48.0000 34.1803 47.2847 58.8271
10178.0000 0.0799 83.1115 48.0000 34.0910 48.2560 58.4524
10179.0000 0.0840 83.0366 48.0000 33.9866 47.7187 58.8465
10180.0000 0.0797 82.6986 48.0000 34.5389 47.1827 58.4800
10181.0000 0.0734 82.7336 48.0000 34.7039 47.9077 57.8389
10182.0000 0.0746 82.2543 48.0000 34.6822 47.1828 57.7642
10183.0000 0.0778 82.8296 48.0000 34.8686 47.1472 58.4983
10184.0000 0.0800 82.8121 48.0000 34.6679 47.0912 58.6379
10185.0000 0.0850 82.9363 48.0000 34.5857 46.6820 59.1866
10186.0000 0.0832 82.6157 48.0000 34.4279 46.7605 58.7667
10187.0000 0.0809 81.9034 48.0000 34.5066 46.1630 58.1932
10188.0000 0.0830 81.8588 48.0000 34.6443 45.6771 58.4315
10189.0000 0.0910 82.3932 48.0000 34.4008 45.5937 59.3839
10190.0000 0.0854 82.8062 48.0000 34.4024 46.7276 59.0751
10191.0000 0.0824 83.2101 48.0000 34.6560 47.2320 59.0933
10192.0000 0.0804 82.8688 48.0000 34.5088 47.3142 58.6322
10193.0000 0.0832 82.7828 48.0000 34.4757 46.8786 58.8796
10194.0000 0.0816 81.9297 48.0000 34.5372 46.0660 58.2888
10195.0000 0.0846 82.0847 48.0000 34.5330 45.8687 58.6638
10196.0000 0.0846 82.3366 48.0000 34.3560 46.3657 58.7300
10197.0000 0.0865 81.8237 48.0000 34.1133 45.8822 58.5339
10198.0000 0.0854 81.9223 48.0000 34.2390 45.9630 58.5351
10199.0000 0.0816 82.0154 48.0000 34.5120 46.1886 58.3272
10200.0000 0.0869 81.9842 48.0000 34.1978 45.8994 58.6955
10201.0000 0.0850 82.0143 48.0000 34.1033 46.2892 58.4860
10202.0000 0.0883 81.9734 48.0000 34.1295 45.8012 58.7968
10203.0000 0.0853 82.1993 48.0000 34.6592 45.7388 58.8510
10204.0000 0.0828 82.4373 48.0000 35.1142 45.7358 58.9164
10205.0000 0.0838 82.2368 48.0000 35.3279 45.1362 58.9708
10206.0000 0.0851 81.7772 48.0000 35.1409 44.7185 58.7613
10207.0000 0.0829 82.3084 48.0000 35.9843 44.5401 59.1269
10208.0000 0.0857 82.1008 48.0000 35.7127 44.3223 59.1666
10209.0000 0.0921 82.2115 48.0000 35.8935 43.5383 59.7897
10210.0000 0.1005 81.9476 48.0000 35.2060 43.1858 60.0910
10211.0000 0.0978 81.6894 48.0000 35.2950 43.0976 59.7496
10212.0000 0.1016 81.8635 48.0000 34.9531 43.2702 60.0634
10213.0000 0.0994 81.4694 48.0000 34.8983 43.1523 59.6427
10214.0000 0.0995 81.1160 48.0000 34.9045 42.7866 59.4204
10215.0000 0.0997 81.1280 48.0000 34.7997 42.8947 59.4205
10216.0000 0.0954 80.8815 48.0000 34.8843 42.9849 58.9678
10217.0000 0.0912 80.6849 48.0000 35.1281 42.9373 58.5871
10218.0000 0.0908 80.6945 48.0000 34.8099 43.3483 58.4876
10219.0000 0.0947 80.7210 48.0000 34.7502 43.0363 58.7893
10220.0000 0.0890 80.5332 48.0000 34.8902 43.2820 58.2660
10221.0000 0.0901 80.2665 48.0000 34.8505 42.9381 58.1762
10222.0000 0.0907 80.4800 48.0000 34.7476 43.2093 58.3317
10223.0000 0.0935 80.5435 48.0000 35.0073 42.6945 58.6423
10224.0000 0.0917 80.3091 48.0000 34.9387 42.7103 58.3496
10225.0000 0.1232 78.4230 47.0000 34.0401 38.9476 58.9452
10226.0000 0.0947 79.7224 48.0000 34.7235 42.0534 58.1503
10227.0000 0.0942 79.8523 48.0000 35.0272 41.8986 58.2580
10228.0000 0.1012 80.2790 48.0000 34.6020 42.1112 58.9412
10229.0000 0.0992 80.0518 48.0000 34.7299 41.9347 58.6822
10230.0000 0.1041 80.3516 48.0000 34.6687 41.8310 59.1998
10231.0000 0.0976 80.1291 48.0000 34.8690 42.0205 58.6438
10232.0000 0.1267 78.3056 47.0000 34.4212 38.1617 59.0816
10233.0000 0.1012 80.7348 48.0000 34.6649 42.5009 59.2464
10234.0000 0.0946 80.4322 48.0000 34.7976 42.7054 58.6065
10235.0000 0.0964 80.7216 48.0000 34.6618 42.9645 58.8947
10236.0000 0.0957 80.3231 48.0000 34.5579 42.7456 58.5693
10237.0000 0.0913 79.9361 48.0000 34.7344 42.6070 58.0339
10238.0000 0.0931 80.1076 48.0000 34.8428 42.4765 58.3006
10239.0000 0.1195 78.1012 47.0000 34.3054 38.6777 58.5404
10240.0000 0.0941 80.2883 48.0000 34.2528 43.2230 58.3501
10241.0000 0.0892 80.5524 48.0000 34.3111 43.9575 58.1307
10242.0000 0.0915 80.5317 48.0000 33.9495 44.1117 58.1975
10243.0000 0.1021 80.5838 48.0000 33.2591 43.8432 58.8672
10244.0000 0.1008 80.6652 48.0000 32.8807 44.5098 58.6907
10245.0000 0.1010 80.2879 48.0000 32.5481 44.5004 58.3651
10246.0000 0.1020 80.2849 48.0000 32.8821 43.9848 58.5642
10247.0000 0.1101 80.4722 48.0000 32.4546 43.8436 59.1626
10248.0000 0.1112 80.1293 48.0000 32.7300 43.0747 59.1102
10249.0000 0.1104 80.0605 48.0000 32.8252 42.9821 59.0316
10250.0000 0.1047 79.9956 48.0000 32.6959 43.6344 58.5346
10251.0000 0.1023 79.9252 48.0000 32.8015 43.6835 58.3425
10252.0000 0.1031 79.8982 48.0000 32.6516 43.7470 58.3420
10253.0000 0.1078 80.5925 48.0000 32.7255 43.8873 59.1448
10254.0000 0.1117 80.5018 48.0000 32.5564 43.5958 59.3298
10255.0000 0.1139 80.7368 48.0000 32.8436 43.2869 59.7158
10256.0000 0.1107 80.4533 48.0000 32.8562 43.3056 59.3113
10257.0000 0.1116 80.3449 48.0000 32.7169 43.2675 59.2691
10258.0000 0.1118 80.1218 48.0000 32.3358 43.4527 59.0404
10259.0000 0.1164 80.0683 48.0000 32.1622 43.1453 59.2874
10260.0000 0.1194 80.1234 48.0000 32.2422 42.8294 59.5469
10261.0000 0.1144 79.4674 48.0000 32.4719 42.3997 58.8465
10262.0000 0.1166 79.3145 48.0000 32.4035 42.1203 58.8785
10263.0000 0.1173 79.5513 48.0000 32.3938 42.3031 59.0720
10264.0000 0.1226 79.3587 48.0000 32.4160 41.6059 59.2955
10265.0000 0.1157 79.5356 48.0000 32.7233 42.0708 59.0352
10266.0000 0.1080 79.5863 48.0000 32.8620 42.6981 58.5742
10267.0000 0.1138 79.9372 48.0000 32.6235 42.7516 59.1436
10268.0000 0.1082 79.8855 48.0000 32.7268 43.1295 58.7410
10269.0000 0.1080 80.2362 48.0000 32.8767 43.3299 58.9872
10270.0000 0.1052 80.1853 48.0000 32.9438 43.4807 58.7692
10271.0000 0.1048 79.9469 48.0000 33.0088 43.2077 58.6091
10272.0000 0.1057 80.2579 48.0000 33.1186 43.3105 58.8955
10273.0000 0.1369 78.1979 47.0000 32.7828 38.9263 59.3713
10274.0000 0.1112 79.9833 48.0000 32.5491 43.1369 58.9670
10275.0000 0.1115 80.0896 48.0000 32.4994 43.2679 59.0425
10276.0000 0.1168 80.0136 48.0000 32.3538 42.8478 59.3251
10277.0000 0.1212 80.3070 48.0000 32.0200 43.0894 59.7264
10278.0000 0.1205 80.4794 48.0000 31.9931 43.3519 59.7828
10279.0000 0.1143 80.4082 48.0000 31.9685 43.9109 59.2902
10280.0000 0.1219 81.0285 48.0000 31.5194 44.2888 60.0887
10281.0000 0.1256 81.1226 48.0000 31.4098 44.1428 60.3798
10282.0000 0.1265 81.1092 48.0000 31.4060 44.0440 60.4359
10283.0000 0.1220 80.9055 48.0000 31.6434 44.0139 60.0598
10284.0000 0.1197 81.0910 48.0000 31.9924 44.0286 60.1142
10285.0000 0.1186 80.8345 48.0000 31.9941 43.8773 59.8780
10286.0000 0.1233 80.4507 48.0000 31.8227 43.2426 59.9142
10287.0000 0.1219 80.3691 48.0000 32.2512 42.8267 59.8743
10288.0000 0.1273 80.4804 48.0000 32.1330 42.5645 60.2729
10289.0000 0.1208 80.4949 48.0000 32.1204 43.1938 59.8498
10290.0000 0.1164 79.8359 48.0000 32.4930 42.5549 59.2204
10291.0000 0.1132 79.6865 48.0000 33.0084 42.1409 59.0299
10292.0000 0.1049 79.4374 48.0000 33.2089 42.4613 58.3481
10293.0000 0.1070 79.1573 48.0000 33.5432 41.6093 58.3901
10294.0000 0.0970 79.1954 48.0000 34.0337 42.0616 57.8311
10295.0000 0.0969 79.3896 48.0000 34.3493 41.9203 58.0132
10296.0000 0.0982 79.5937 48.0000 34.3073 42.0478 58.2249
10297.0000 0.1015 79.7354 48.0000 34.1855 42.0016 58.5231
10298.0000 0.0978 79.6388 48.0000 34.2334 42.2069 58.2150
10299.0000 0.0996 79.5311 48.0000 34.1105 42.0626 58.2444
10300.0000 0.0959 79.4490 48.0000 34.1356 42.3132 57.9353
10301.0000 0.0923 79.4602 48.0000 34.2814 42.5259 57.7083
10302.0000 0.0859 79.0357 48.0000 34.2320 42.8157 56.9353
10303.0000 0.0889 79.0561 48.0000 33.9694 42.8235 57.1147
10304.0000 0.0962 79.1116 48.0000 33.7073 42.4305 57.6378
10305.0000 0.0998 79.4150 48.0000 33.4928 42.6201 58.0388
10306.0000 0.1046 79.6218 48.0000 33.2377 42.6449 58.4490
10307.0000 0.1021 79.6845 48.0000 33.2984 42.8881 58.3220
10308.0000 0.1077 79.1115 48.0000 33.1572 41.9239 58.3234
10309.0000 0.1116 79.0688 48.0000 32.9988 41.6892 58.5233
10310.0000 0.1112 79.0852 48.0000 32.8475 41.9048 58.4765
10311.0000 0.1101 79.1172 48.0000 33.1846 41.6732 58.4949
10312.0000 0.1105 79.2787 48.0000 33.3303 41.6356 58.6573
10313.0000 0.1075 78.6909 48.0000 33.3229 41.3392 58.0767
10314.0000 0.1014 78.3346 48.0000 33.8099 41.0189 57.5382
10315.0000 0.1034 78.8341 48.0000 33.5973 41.5680 57.9494
10316.0000 0.1043 79.0705 48.0000 34.1698 41.0862 58.2794
10317.0000 0.0988 79.0899 48.0000 34.5315 41.2355 57.9864
10318.0000 0.1065 79.3896 48.0000 34.5270 40.8146 58.6921
10319.0000 0.1011 78.7837 48.0000 34.9891 40.2175 58.0102
10320.0000 0.1076 78.5983 48.0000 34.3886 40.0937 58.2032
10321.0000 0.0976 78.5405 48.0000 34.9362 40.3577 57.6135
10322.0000 0.1023 78.6165 48.0000 34.3086 40.6730 57.8721
10323.0000 0.1074 79.1420 48.0000 34.5001 40.5260 58.5734
10324.0000 0.1067 79.1100 48.0000 34.5972 40.4513 58.5245
10325.0000 0.1050 79.1370 48.0000 34.4653 40.7702 58.4174
10326.0000 0.1036 79.1997 48.0000 34.7383 40.6680 58.4120
10327.0000 0.1091 79.5688 48.0000 34.7004 40.5691 59.0019
10328.0000 0.1031 79.3789 48.0000 35.2525 40.3390 58.5751
10329.0000 0.1094 79.7791 48.0000 34.9864 40.4463 59.2009
10330.0000 0.1148 79.9951 48.0000 34.3488 40.8471 59.5894
10331.0000 0.1118 79.5474 48.0000 34.1772 40.8673 59.0726
10332.0000 0.1119 78.9316 48.0000 34.0560 40.3907 58.6428
10333.0000 0.1042 79.1409 48.0000 34.4747 40.8412 58.3675
10334.0000 0.1093 79.3689 48.0000 34.4209 40.6539 58.8378
10335.0000 0.1109 78.8197 48.0000 34.3180 40.0865 58.5482
10336.0000 0.1072 78.5321 48.0000 34.2101 40.2568 58.1064
10337.0000 0.1085 78.8521 48.0000 34.4814 40.1588 58.4461
10338.0000 0.1158 78.9002 48.0000 34.2455 39.8196 58.8802
10339.0000 0.1156 79.0967 48.0000 34.1028 40.1688 58.9895
10340.0000 0.1180 78.9321 48.0000 33.8866 40.0385 58.9822
10341.0000 0.1238 79.0593 48.0000 33.6519 39.9073 59.3745
10342.0000 0.1241 79.2294 48.0000 34.0094 39.6671 59.5583
10343.0000 0.1203 79.2863 48.0000 34.4304 39.6073 59.4317
10344.0000 0.1119 79.0333 48.0000 34.4792 40.0342 58.7768
10345.0000 0.1128 78.6801 48.0000 34.7211 39.3687 58.6099
10346.0000 0.1124 78.7976 48.0000 34.8541 39.3764 58.6835
10347.0000 0.1167 78.8537 48.0000 34.6466 39.2726 58.9506
10348.0000 0.1061 78.4864 48.0000 34.4993 40.0035 58.0484
10349.0000 0.1085 78.6870 48.0000 33.9586 40.5558 58.2553
10350.0000 0.1121 78.4132 48.0000 33.9597 39.9689 58.2911
10351.0000 0.1132 78.5834 48.0000 34.2039 39.7835 58.5040
10352.0000 0.1144 78.5832 48.0000 33.8168 40.0842 58.5235
10353.0000 0.1128 78.5884 48.0000 34.0521 39.9777 58.4669
10354.0000 0.1159 78.9758 48.0000 34.1725 39.9573 58.9307
10355.0000 0.1163 78.9691 48.0000 34.2057 39.8780 58.9563
10356.0000 0.1223 78.7957 48.0000 33.9171 39.5107 59.1380
10357.0000 0.1185 78.7138 48.0000 33.6395 40.0396 58.8310
10358.0000 0.1233 78.6249 48.0000 33.6240 39.5698 59.0384
10359.0000 0.1218 78.6165 48.0000 33.4385 39.8755 58.9267
10360.0000 0.1217 78.0216 48.0000 33.4090 39.3542 58.5017
10361.0000 0.1284 78.5448 48.0000 33.0816 39.6325 59.1959
10362.0000 0.1313 78.7930 48.0000 33.0864 39.6185 59.5315
10363.0000 0.1347 78.9745 48.0000 33.0698 39.5320 59.8379
10364.0000 0.1339 78.8497 48.0000 33.2480 39.2912 59.7332
10365.0000 0.1330 78.6832 48.0000 32.7500 39.7295 59.4983
10366.0000 0.1343 78.3418 48.0000 32.2712 39.8004 59.2615
10367.0000 0.1312 78.2759 48.0000 32.6659 39.5793 59.1062
10368.0000 0.1233 78.0183 48.0000 33.0584 39.5836 58.5418
10369.0000 0.1333 78.2454 48.0000 32.9083 39.1262 59.2329
10370.0000 0.1297 78.0631 48.0000 33.0572 39.0946 58.9294
10371.0000 0.1311 78.1617 48.0000 33.2839 38.8386 59.1015
10372.0000 0.1281 77.9114 48.0000 33.3932 38.7391 58.7738
10373.0000 0.1312 78.5111 48.0000 33.2369 39.2085 59.3464
10374.0000 0.1324 78.9621 48.0000 33.5968 39.1595 59.7729
10375.0000 0.1344 78.8832 48.0000 33.8499 38.6684 59.8457
10376.0000 0.1387 79.3712 48.0000 33.6524 38.9803 60.3973
10377.0000 0.1456 79.5150 48.0000 33.5903 38.6263 60.8468
10378.0000 0.1452 79.4214 48.0000 33.5349 38.6271 60.7545
10379.0000 0.1443 79.4101 48.0000 33.9995 38.2176 60.7406
10380.0000 0.1476 79.9333 48.0000 34.0636 38.3759 61.2886
10381.0000 0.1437 79.5712 48.0000 33.8455 38.5679 60.8159
10382.0000 0.1443 79.6876 48.0000 33.6998 38.7758 60.9170
10383.0000 0.1485 79.9923 48.0000 33.8498 38.5758 61.3586
10384.0000 0.1509 79.8845 48.0000 33.2115 38.9371 61.3386
10385.0000 0.1501 79.9008 48.0000 32.8620 39.3700 61.2718
10386.0000 0.1488 80.0693 48.0000 33.1600 39.3184 61.3642
10387.0000 0.1445 80.0938 48.0000 32.9559 39.8934 61.1347
10388.0000 0.1412 80.0875 48.0000 33.0969 40.0092 60.9743
10389.0000 0.1386 79.8963 48.0000 33.1236 40.0126 60.7061
10390.0000 0.1276 80.0610 48.0000 33.5998 40.5847 60.2802
10391.0000 0.1220 79.8894 48.0000 33.9398 40.5511 59.8833
10392.0000 0.1216 80.1650 48.0000 34.1190 40.6543 60.0794
10393.0000 0.1317 80.0399 48.0000 33.7758 40.0385 60.5185
10394.0000 0.1360 80.1560 48.0000 33.5668 40.0114 60.8057
10395.0000 0.1382 80.5088 48.0000 33.3143 40.4212 61.1388
10396.0000 0.1331 80.1865 48.0000 33.4887 40.3603 60.6582
10397.0000 0.1305 80.2736 48.0000 33.3449 40.8110 60.5511
10398.0000 0.1338 80.1290 48.0000 33.1949 40.5499 60.6174
10399.0000 0.1326 80.2891 48.0000 33.5595 40.4268 60.7106
10400.0000 0.1332 79.8701 48.0000 33.4825 40.0620 60.4416
10401.0000 0.1355 80.4197 48.0000 33.8017 40.0581 60.9927
10402.0000 0.1436 80.8159 48.0000 33.5246 40.0491 61.6716
10403.0000 0.1508 80.7236 48.0000 33.1920 39.7254 61.9394
10404.0000 0.1518 80.1635 48.0000 33.0591 39.2756 61.5687
10405.0000 0.1514 79.9991 48.0000 32.9061 39.3126 61.4131
10406.0000 0.1464 79.9554 48.0000 32.9705 39.5996 61.1365
10407.0000 0.1469 79.9152 48.0000 33.0700 39.4239 61.1438
10408.0000 0.1599 80.4248 48.0000 32.8879 39.0537 62.1396
10409.0000 0.1587 80.4936 48.0000 32.8808 39.2156 62.1305
10410.0000 0.1588 80.5569 48.0000 33.1386 39.0102 62.2050
10411.0000 0.1512 80.4906 48.0000 33.4710 39.1988 61.8214
10412.0000 0.1499 80.0473 48.0000 32.9276 39.4471 61.3782
10413.0000 0.1559 80.4590 48.0000 32.8998 39.3838 61.9691
10414.0000 0.1518 80.2283 48.0000 32.8656 39.5238 61.5979
10415.0000 0.1384 79.8996 48.0000 33.0150 40.1473 60.6807
10416.0000 0.1377 79.9894 48.0000 33.0277 40.2710 60.7102
10417.0000 0.1362 79.9846 48.0000 33.3164 40.0943 60.6631
10418.0000 0.1513 80.1778 48.0000 33.0157 39.3655 61.5532
10419.0000 0.1492 80.1447 48.0000 33.4042 39.1135 61.4610
10420.0000 0.1430 80.0987 48.0000 32.9923 39.9755 61.0678
10421.0000 0.1439 80.0609 48.0000 32.7042 40.1686 61.0465
10422.0000 0.1414 80.1107 48.0000 33.0068 40.1015 60.9931
10423.0000 0.1468 80.3452 48.0000 32.9000 39.9942 61.4280
10424.0000 0.1361 80.1681 48.0000 32.9303 40.6716 60.7317
10425.0000 0.1340 79.8791 48.0000 33.0588 40.4429 60.4331
10426.0000 0.1305 80.0571 48.0000 32.9928 40.9694 60.3499
10427.0000 0.1302 80.4329 48.0000 33.3785 40.9505 60.6498
10428.0000 0.1297 80.2529 48.0000 33.3543 40.8482 60.4933
10429.0000 0.1342 80.8542 48.0000 33.3781 41.0045 61.1713
10430.0000 0.1392 80.8254 48.0000 33.2608 40.6856 61.4096
10431.0000 0.1350 80.4593 48.0000 33.1825 40.7695 60.9136
10432.0000 0.1345 81.0185 48.0000 32.8912 41.6446 61.2201
10433.0000 0.1325 80.5355 48.0000 33.1126 41.1261 60.8126
10434.0000 0.1347 80.9190 48.0000 32.8704 41.5554 61.1603
10435.0000 0.1339 80.9285 48.0000 32.9367 41.5658 61.1301
10436.0000 0.1329 80.9930 48.0000 33.1850 41.4443 61.1636
10437.0000 0.1500 81.7814 48.0000 32.8571 41.0873 62.6135
10438.0000 0.1458 81.2617 48.0000 33.2033 40.6046 62.0667
10439.0000 0.1405 81.3726 48.0000 34.0058 40.3221 61.9615
10440.0000 0.1437 81.4357 48.0000 33.6347 40.4964 62.1331
10441.0000 0.1441 81.3179 48.0000 33.3506 40.6461 62.0341
10442.0000 0.1341 81.1046 48.0000 33.9169 40.6903 61.4158
10443.0000 0.1356 81.1939 48.0000 33.8264 40.7390 61.5512
10444.0000 0.1362 81.4061 48.0000 34.2234 40.4845 61.7795
10445.0000 0.1576 82.2396 48.0000 33.9385 39.8111 63.4555
10446.0000 0.1484 81.8258 48.0000 33.8114 40.2898 62.6816
10447.0000 0.1540 81.9490 48.0000 33.5365 40.2303 63.0275
10448.0000 0.1404 81.7711 48.0000 33.9236 40.7831 62.2289
10449.0000 0.1400 81.7282 48.0000 33.9271 40.7718 62.1781
10450.0000 0.1419 81.7724 48.0000 33.6630 40.9253 62.2787
10451.0000 0.1346 81.6530 48.0000 34.1839 40.8840 61.8642
10452.0000 0.1233 81.4623 48.0000 34.4684 41.3823 61.1191
10453.0000 0.1248 81.2464 48.0000 34.0288 41.5089 60.9921
10454.0000 0.1284 81.4243 48.0000 33.5196 41.8903 61.2500
10455.0000 0.1340 81.5831 48.0000 33.8463 41.2211 61.7337
10456.0000 0.1431 82.2623 48.0000 33.7566 41.1783 62.7050
10457.0000 0.1353 82.0450 48.0000 34.2612 41.1153 62.1858
10458.0000 0.1311 81.7902 48.0000 33.6497 41.8703 61.6782
10459.0000 0.1374 82.1645 48.0000 33.5212 41.8139 62.2812
10460.0000 0.1413 81.7982 48.0000 33.8191 40.8332 62.2886
10461.0000 0.1476 81.3900 48.0000 33.1294 40.6518 62.2431
10462.0000 0.1448 81.3829 48.0000 33.0948 40.9118 62.0817
10463.0000 0.1492 81.3038 48.0000 32.8876 40.6906 62.2333
10464.0000 0.1510 81.3771 48.0000 32.9890 40.5054 62.3961
10465.0000 0.1441 81.2911 48.0000 33.0361 40.9450 61.9706
10466.0000 0.1468 81.1970 48.0000 33.0661 40.6064 62.0540
10467.0000 0.1516 81.1885 48.0000 32.9503 40.3283 62.2854
10468.0000 0.1472 80.7991 48.0000 33.4272 39.8388 61.8384
10469.0000 0.1477 80.6367 48.0000 33.3279 39.7569 61.7325
10470.0000 0.1489 80.5463 48.0000 33.2111 39.6949 61.7174
10471.0000 0.1546 80.7272 48.0000 33.1654 39.4585 62.1285
10472.0000 0.1469 80.4867 48.0000 33.7126 39.2937 61.6244
10473.0000 0.1453 80.6526 48.0000 33.7651 39.5183 61.6690
10474.0000 0.1420 80.7656 48.0000 33.4557 40.2018 61.5436
10475.0000 0.1426 80.3975 48.0000 33.3330 39.9350 61.3015
10476.0000 0.1514 80.6884 48.0000 33.0125 39.8281 61.9234
10477.0000 0.1543 81.2017 48.0000 33.3404 39.7355 62.4758
10478.0000 0.1534 81.1145 48.0000 34.1249 38.9373 62.4416
10479.0000 0.1569 81.3958 48.0000 34.2802 38.7644 62.8288
10480.0000 0.1507 81.1216 48.0000 34.3633 38.9092 62.3374
10481.0000 0.1462 81.2007 48.0000 34.7342 38.9612 62.2022
10482.0000 0.1455 80.9323 48.0000 34.6819 38.8268 61.9652
10483.0000 0.1473 80.7337 48.0000 34.5986 38.5918 61.8994
10484.0000 0.1560 81.2314 48.0000 34.3198 38.6429 62.6692
10485.0000 0.1416 80.6089 48.0000 34.5173 39.0076 61.5204
10486.0000 0.1512 80.8465 48.0000 34.4126 38.5702 62.1632
10487.0000 0.1600 80.8947 48.0000 34.1926 38.1637 62.5968
10488.0000 0.1564 80.6187 48.0000 34.3519 38.0286 62.2347
10489.0000 0.1499 80.3548 48.0000 34.2960 38.3476 61.7263
10490.0000 0.1536 80.4217 48.0000 34.0647 38.3561 61.9359
10491.0000 0.1597 80.7146 48.0000 34.6734 37.5416 62.4758
10492.0000 0.1602 80.7941 48.0000 34.4232 37.8269 62.5449
10493.0000 0.1658 80.9884 48.0000 34.3385 37.6656 62.9388
10494.0000 0.1544 80.7536 48.0000 34.4159 38.2381 62.2458
10495.0000 0.1452 80.4654 48.0000 34.6787 38.4253 61.6081
10496.0000 0.1481 80.8687 48.0000 34.3621 38.8852 62.0237
10497.0000 0.1453 80.8447 48.0000 34.2920 39.1583 61.8591
10498.0000 0.1398 80.5187 48.0000 34.5436 39.0381 61.3680
10499.0000 0.1369 80.7296 48.0000 34.9211 39.0881 61.3996
10500.0000 0.1358 80.6150 48.0000 35.0004 38.9855 61.2689
10501.0000 0.1538 81.2880 48.0000 34.7478 38.4351 62.6345
10502.0000 0.1496 81.1689 48.0000 35.0120 38.3892 62.3603
10503.0000 0.1490 80.9483 48.0000 34.8584 38.3925 62.1574
10504.0000 0.1578 81.6533 48.0000 35.0647 38.1350 63.1146
10505.0000 0.1599 81.4799 48.0000 35.0625 37.8261 63.0776
10506.0000 0.1522 80.9915 48.0000 34.8159 38.2253 62.3402
10507.0000 0.1559 80.8384 48.0000 34.7565 37.8559 62.4000
10508.0000 0.1468 80.5256 48.0000 34.3820 38.6546 61.7095
10509.0000 0.1433 80.4364 48.0000 34.1570 39.0789 61.4504
10510.0000 0.1433 80.3420 48.0000 34.5301 38.6136 61.4125
10511.0000 0.1457 80.8501 48.0000 34.3674 39.0513 61.8919
10512.0000 0.1500 81.0971 48.0000 34.7809 38.5227 62.3140
10513.0000 0.1470 80.6020 48.0000 34.7763 38.3154 61.7998
10514.0000 0.1489 80.1289 48.0000 34.3294 38.1876 61.5129
10515.0000 0.1581 80.6126 48.0000 34.2102 38.0397 62.2980
10516.0000 0.1596 80.5332 48.0000 34.1804 37.8846 62.3061
10517.0000 0.1586 80.5589 48.0000 34.2969 37.8661 62.2865
10518.0000 0.1506 80.5266 48.0000 34.4851 38.2604 61.8987
10519.0000 0.1572 80.7088 48.0000 34.1681 38.2333 62.3271
10520.0000 0.1638 81.2267 48.0000 34.4782 37.8828 63.0391
10521.0000 0.1581 80.9145 48.0000 34.4295 38.0850 62.5403
10522.0000 0.1525 80.7908 48.0000 34.4193 38.4172 62.1818
10523.0000 0.1489 81.1554 48.0000 34.7924 38.6526 62.3030
10524.0000 0.1454 80.7807 48.0000 34.6405 38.7375 61.8463
10525.0000 0.1484 81.1269 48.0000 34.7540 38.7001 62.2578
10526.0000 0.1405 80.7220 48.0000 34.9549 38.7561 61.5805
10527.0000 0.1516 81.1630 48.0000 35.0793 38.1568 62.4574
10528.0000 0.1497 80.8376 48.0000 34.5421 38.5498 62.0924
10529.0000 0.1439 80.3451 48.0000 34.5470 38.5524 61.4455
10530.0000 0.1424 80.6096 48.0000 34.8313 38.6256 61.5853
10531.0000 0.1406 80.2839 48.0000 34.4222 38.8823 61.2274
10532.0000 0.1357 80.6151 48.0000 34.2952 39.7134 61.2004
10533.0000 0.1368 80.3507 48.0000 33.9124 39.7718 61.0277
10534.0000 0.1330 80.1640 48.0000 34.0073 39.8100 60.7036
10535.0000 0.1402 80.3239 48.0000 33.5974 39.7968 61.1503
10536.0000 0.1446 80.5646 48.0000 33.6111 39.6444 61.5571
10537.0000 0.1533 80.6195 48.0000 33.5233 39.0983 62.0243
10538.0000 0.1578 80.6104 48.0000 33.2411 39.0318 62.2060
10539.0000 0.1513 80.3588 48.0000 33.6159 38.9274 61.7428
10540.0000 0.1491 80.2546 48.0000 33.5844 39.0317 61.5582
10541.0000 0.1471 79.8877 48.0000 33.4229 39.0199 61.1751
10542.0000 0.1500 79.8023 48.0000 33.7988 38.3352 61.2900
10543.0000 0.1550 79.8685 48.0000 33.4596 38.3553 61.5493
10544.0000 0.1456 79.8697 48.0000 33.3660 39.1781 61.0815
10545.0000 0.1471 79.7865 48.0000 32.9986 39.3607 61.0550
10546.0000 0.1510 79.8911 48.0000 33.0955 39.0483 61.3393
10547.0000 0.1402 79.6807 48.0000 33.4164 39.3833 60.6738
10548.0000 0.1368 80.0606 48.0000 33.7238 39.6987 60.7981
10549.0000 0.1342 80.4706 48.0000 34.2117 39.7908 61.0063
10550.0000 0.1386 80.5204 48.0000 33.8342 39.8600 61.2369
10551.0000 0.1341 80.5176 48.0000 34.2624 39.7920 61.0390
10552.0000 0.1365 81.2692 48.0000 34.4533 40.0916 61.7278
10553.0000 0.1294 81.2268 48.0000 34.5794 40.5208 61.3198
10554.0000 0.1377 81.3447 48.0000 34.4722 40.0501 61.8435
10555.0000 0.1443 81.3055 48.0000 34.0174 39.9398 62.1146
10556.0000 0.1430 81.1157 48.0000 34.3109 39.5655 61.9443
10557.0000 0.1343 81.2076 48.0000 34.5764 40.0942 61.5760
10558.0000 0.1326 81.4113 48.0000 35.3225 39.6620 61.7013
10559.0000 0.1433 81.3626 48.0000 35.3055 38.7682 62.2127
10560.0000 0.1467 81.6167 48.0000 35.4516 38.5778 62.5797
10561.0000 0.1423 81.2580 48.0000 35.3470 38.7066 62.0907
10562.0000 0.1456 80.9497 48.0000 35.1397 38.3750 62.0113
10563.0000 0.1592 81.0329 48.0000 35.1638 37.3760 62.7126
10564.0000 0.1538 80.8048 48.0000 35.1298 37.6156 62.2927
10565.0000 0.1498 80.7647 48.0000 35.1051 37.9117 62.0748
10566.0000 0.1474 80.7723 48.0000 34.9930 38.2150 61.9619
10567.0000 0.1574 80.8496 48.0000 34.5453 37.9686 62.4633
10568.0000 0.1506 80.7426 48.0000 34.6261 38.3146 62.0677
10569.0000 0.1515 80.4255 48.0000 34.7807 37.8009 61.8842
10570.0000 0.1497 80.0841 48.0000 35.0543 37.3527 61.5584
10571.0000 0.1531 80.4346 48.0000 34.7241 37.7444 61.9623
10572.0000 0.1555 80.2678 48.0000 34.3257 37.8079 61.9292
10573.0000 0.1490 80.4562 48.0000 34.6212 38.1811 61.7801
10574.0000 0.1554 80.4490 48.0000 34.4819 37.8239 62.0676
10575.0000 0.1491 80.5258 48.0000 34.5167 38.3430 61.8289
10576.0000 0.1440 79.9909 48.0000 34.4580 38.3132 61.1825
10577.0000 0.1478 80.1578 48.0000 34.0282 38.6030 61.4586
10578.0000 0.1503 80.1911 48.0000 33.9767 38.4874 61.6029
10579.0000 0.1610 80.0376 48.0000 33.4136 38.0986 61.9520
10580.0000 0.1537 80.0562 48.0000 33.5053 38.5825 61.6261
10581.0000 0.1593 80.3915 48.0000 33.3489 38.6131 62.1263
10582.0000 0.1585 80.4011 48.0000 33.4659 38.5622 62.1073
10583.0000 0.1538 79.6400 48.0000 33.4715 38.2284 61.3251
10584.0000 0.1520 80.0105 48.0000 33.5506 38.6252 61.5152
10585.0000 0.1404 80.3689 48.0000 34.1247 39.2786 61.2524
10586.0000 0.1459 80.3304 48.0000 33.6224 39.3145 61.4563
10587.0000 0.1479 80.3825 48.0000 33.7096 39.1221 61.5993
10588.0000 0.1440 80.1508 48.0000 33.2172 39.7130 61.1853
10589.0000 0.1426 79.9866 48.0000 33.7628 39.1235 61.0514
10590.0000 0.1461 79.9279 48.0000 33.4107 39.1472 61.1531
10591.0000 0.1468 79.6966 48.0000 33.2154 39.0817 60.9992
10592.0000 0.1527 79.8630 48.0000 33.5771 38.4088 61.4446
10593.0000 0.1444 79.6464 48.0000 33.7019 38.7320 60.8898
10594.0000 0.1574 80.4679 48.0000 33.7348 38.4333 62.1283
10595.0000 0.1534 80.2841 48.0000 33.6396 38.6726 61.7928
10596.0000 0.1597 80.1953 48.0000 33.0192 38.7370 61.9715
10597.0000 0.1552 80.1126 48.0000 33.2770 38.7469 61.7199
10598.0000 0.1461 79.6562 48.0000 33.7240 38.5800 60.9868
10599.0000 0.1518 79.5419 48.0000 33.7557 38.0049 61.1809
10600.0000 0.1511 79.4405 48.0000 33.5747 38.1526 61.0566
10601.0000 0.1552 79.8600 48.0000 33.4493 38.3465 61.5493
10602.0000 0.1521 79.4993 48.0000 33.2016 38.5049 61.1160
10603.0000 0.1596 79.7615 48.0000 33.3486 38.0223 61.6772
10604.0000 0.1591 79.3061 48.0000 33.1818 37.8229 61.3014
10605.0000 0.1557 79.5069 48.0000 33.1638 38.2731 61.2918
10606.0000 0.1518 79.2221 48.0000 32.6846 38.7966 60.8496
10607.0000 0.1623 79.5052 48.0000 32.7151 38.2277 61.5585
10608.0000 0.1607 79.5147 48.0000 33.1311 37.9341 61.5299
10609.0000 0.1581 79.5345 48.0000 33.3085 37.9758 61.4339
10610.0000 0.1608 79.5490 48.0000 33.2983 37.7920 61.5714
10611.0000 0.1629 79.8657 48.0000 33.1343 38.0815 61.8907
10612.0000 0.1650 79.9536 48.0000 33.1902 37.9484 62.0557
10613.0000 0.1674 79.8316 48.0000 33.1326 37.7211 62.0681
10614.0000 0.1677 79.9252 48.0000 33.1077 37.8045 62.1508
10615.0000 0.1719 79.8609 48.0000 33.0243 37.5243 62.2823
10616.0000 0.1790 79.6404 48.0000 32.7076 37.1281 62.4043
10617.0000 0.1755 79.7715 48.0000 32.6744 37.5273 62.3505
10618.0000 0.1730 79.3788 48.0000 32.0363 37.9956 61.8952
10619.0000 0.1777 79.8685 48.0000 32.3819 37.7422 62.4974
10620.0000 0.1711 79.4744 48.0000 32.3919 37.8670 61.9114
10621.0000 0.1705 79.4588 48.0000 32.2849 38.0085 61.8607
10622.0000 0.1740 80.0091 48.0000 32.2923 38.2267 62.4290
10623.0000 0.1660 79.7232 48.0000 32.3123 38.5443 61.8550
10624.0000 0.1621 79.5115 48.0000 32.0177 38.9397 61.4869
10625.0000 0.1655 79.4114 48.0000 31.7085 38.9096 61.5369
10626.0000 0.1613 79.4656 48.0000 31.7695 39.2088 61.3853
10627.0000 0.1632 79.4587 48.0000 31.8753 38.9589 61.4805
10628.0000 0.1530 78.8225 48.0000 32.1269 38.9046 60.5581
10629.0000 0.1525 78.5292 48.0000 32.2503 38.5546 60.3349
10630.0000 0.1491 78.3843 48.0000 32.1839 38.7506 60.0557
10631.0000 0.1472 78.2602 48.0000 32.7472 38.2104 59.9353
10632.0000 0.1406 77.9200 48.0000 32.5997 38.5643 59.3429
10633.0000 0.1466 78.0317 48.0000 32.6250 38.1738 59.7271
10634.0000 0.1512 78.2078 48.0000 32.9118 37.6952 60.1027
10635.0000 0.1532 78.5331 48.0000 32.7348 38.0150 60.4213
10636.0000 0.1470 78.1240 48.0000 32.6547 38.2020 59.8134
10637.0000 0.1438 78.0131 48.0000 32.9044 38.0864 59.6051
10638.0000 0.1452 78.1442 48.0000 33.0304 37.9753 59.7778
10639.0000 0.1366 77.6340 48.0000 33.0050 38.1942 58.9823
10640.0000 0.1377 77.8598 48.0000 33.2818 38.0394 59.2240
10641.0000 0.1375 77.6688 48.0000 33.4250 37.7310 59.0895
10642.0000 0.1460 77.9008 48.0000 33.1754 37.5469 59.6504
10643.0000 0.1446 77.7785 48.0000 33.2896 37.4266 59.5025
10644.0000 0.1379 77.8492 48.0000 33.5558 37.7356 59.2498
10645.0000 0.1379 77.4830 48.0000 33.5291 37.4210 58.9838
10646.0000 0.1415 77.6233 48.0000 33.5880 37.2187 59.2620
10647.0000 0.1418 77.7410 48.0000 33.5699 37.3221 59.3615
10648.0000 0.1415 77.5832 48.0000 33.4688 37.3017 59.2247
10649.0000 0.1332 77.3713 48.0000 33.7061 37.5084 58.6800
10650.0000 0.1358 77.6095 48.0000 33.7440 37.4862 58.9861
10651.0000 0.1394 77.4864 48.0000 33.7880 37.0519 59.0734
10652.0000 0.1395 77.6024 48.0000 33.7923 37.1427 59.1661
10653.0000 0.1377 77.4126 48.0000 33.9915 36.9090 58.9493
10654.0000 0.1332 77.4213 48.0000 34.2405 37.0112 58.7521
10655.0000 0.1379 77.6378 48.0000 33.8823 37.2116 59.1178
10656.0000 0.1333 77.3931 48.0000 34.2415 36.9743 58.7377
10657.0000 0.1344 77.2447 48.0000 34.1310 36.8663 58.6745
10658.0000 0.1333 77.2335 48.0000 34.2108 36.8582 58.6183
10659.0000 0.1389 77.5641 48.0000 34.2826 36.6594 59.1352
10660.0000 0.1356 77.3292 48.0000 34.2882 36.6919 58.8034
10661.0000 0.1417 77.8812 48.0000 34.0816 36.9378 59.4939
10662.0000 0.1476 77.7097 48.0000 33.6126 36.8085 59.6165
10663.0000 0.1424 78.0158 48.0000 33.9651 37.1228 59.6215
10664.0000 0.1417 77.8467 48.0000 33.5741 37.4220 59.4347
10665.0000 0.1438 77.8331 48.0000 33.4211 37.4046 59.5140
10666.0000 0.1382 77.5854 48.0000 33.8143 37.2033 59.0932
10667.0000 0.1374 77.8288 48.0000 33.7699 37.5350 59.2287
10668.0000 0.1361 77.2033 48.0000 33.4958 37.3353 58.6894
10669.0000 0.1386 77.3855 48.0000 33.3703 37.4416 58.9327
10670.0000 0.1423 77.8879 48.0000 33.6747 37.3127 59.5005
10671.0000 0.1447 78.1625 48.0000 33.8638 37.1854 59.8320
10672.0000 0.1336 77.8655 48.0000 33.8773 37.7586 59.0733
10673.0000 0.1362 78.0015 48.0000 33.7890 37.7698 59.2957
10674.0000 0.1359 78.0992 48.0000 33.8669 37.8074 59.3558
10675.0000 0.1397 78.0182 48.0000 34.1581 37.1428 59.5019
10676.0000 0.1377 77.8851 48.0000 34.1366 37.1902 59.3099
10677.0000 0.1391 77.9341 48.0000 34.2927 36.9763 59.4179
10678.0000 0.1414 77.8780 48.0000 34.1418 36.9009 59.4782
10679.0000 0.1457 77.6876 48.0000 33.7080 36.8374 59.5158
10680.0000 0.1475 77.9074 48.0000 33.3727 37.2406 59.7408
10681.0000 0.1433 78.0876 48.0000 33.6324 37.4587 59.6941
10682.0000 0.1432 78.2569 48.0000 33.7914 37.4594 59.8254
10683.0000 0.1403 78.8446 48.0000 34.4251 37.5838 60.1569
10684.0000 0.1299 78.4461 48.0000 34.6560 37.7980 59.3638
10685.0000 0.1319 78.5121 48.0000 34.5946 37.7633 59.5089
10686.0000 0.1341 79.1840 48.0000 34.6555 38.1516 60.1128
10687.0000 0.1243 78.8350 48.0000 35.0374 38.2239 59.3824
10688.0000 0.1315 78.8162 48.0000 34.6514 38.0226 59.7123
10689.0000 0.1344 79.0555 48.0000 34.7125 37.9527 60.0367
10690.0000 0.1406 79.3663 48.0000 34.7924 37.6685 60.5770
10691.0000 0.1391 79.1352 48.0000 34.9123 37.4520 60.3395
10692.0000 0.1541 79.5453 48.0000 34.4044 37.1835 61.3285
10693.0000 0.1543 79.2888 48.0000 34.1637 37.1809 61.1321
10694.0000 0.1580 79.6724 48.0000 33.9910 37.4216 61.5786
10695.0000 0.1516 79.0773 48.0000 34.0967 37.2571 60.8486
10696.0000 0.1518 79.0946 48.0000 34.0343 37.3236 60.8653
10697.0000 0.1485 78.6978 48.0000 33.9386 37.3112 60.4101
10698.0000 0.1481 78.7058 48.0000 33.9734 37.3111 60.4011
10699.0000 0.1522 78.8916 48.0000 34.1334 37.0113 60.7368
10700.0000 0.1569 78.9774 48.0000 34.4084 36.4594 61.0263
10701.0000 0.1536 78.8015 48.0000 34.6460 36.3128 60.7512
10702.0000 0.1587 79.3038 48.0000 34.3514 36.6746 61.3519
10703.0000 0.1615 79.1650 48.0000 33.9337 36.7620 61.3528
10704.0000 0.1625 78.9886 48.0000 34.2934 36.1698 61.2773
10705.0000 0.1564 78.8390 48.0000 34.6007 36.1775 60.9063
10706.0000 0.1567 79.1728 48.0000 34.7077 36.3480 61.1761
10707.0000 0.1475 78.9218 48.0000 35.3617 36.1627 60.5843
10708.0000 0.1506 79.3920 48.0000 35.5288 36.1836 61.0864
10709.0000 0.1642 80.4213 48.0000 35.5596 36.0554 62.4750
10710.0000 0.1641 80.2234 48.0000 35.5724 35.8731 62.3179
10711.0000 0.1666 80.5411 48.0000 35.2498 36.2950 62.6657
10712.0000 0.1658 80.7560 48.0000 35.6558 36.1388 62.8026
10713.0000 0.1634 80.6978 48.0000 35.7368 36.1869 62.6540
10714.0000 0.1582 80.7661 48.0000 35.9104 36.4630 62.4824
10715.0000 0.1582 80.3575 48.0000 35.5613 36.4514 62.1612
10716.0000 0.1550 79.7448 48.0000 35.5881 36.1115 61.5523
10717.0000 0.1507 79.6603 48.0000 35.7934 36.1531 61.2988
10718.0000 0.1525 79.7445 48.0000 35.3228 36.5684 61.4348
10719.0000 0.1711 80.4185 48.0000 34.9108 36.1957 62.7554
10720.0000 0.1701 80.5059 48.0000 34.9375 36.3152 62.7836
10721.0000 0.1569 79.9393 48.0000 34.9810 36.7524 61.7729
10722.0000 0.1548 80.0745 48.0000 35.3013 36.7131 61.7890
10723.0000 0.1529 80.0729 48.0000 35.1989 36.9575 61.6996
10724.0000 0.1609 80.1053 48.0000 34.7898 36.7885 62.0737
10725.0000 0.1632 79.9446 48.0000 34.1730 37.0926 62.0281
10726.0000 0.1693 79.9368 48.0000 33.4603 37.3441 62.2552
10727.0000 0.1680 79.7426 48.0000 33.5834 37.1458 62.0582
10728.0000 0.1747 79.8389 48.0000 33.5385 36.7867 62.4192
10729.0000 0.1788 80.5822 48.0000 33.3822 37.2983 63.1503
10730.0000 0.1725 80.8826 48.0000 33.7707 37.6394 63.1253
10731.0000 0.1824 80.6802 48.0000 33.2624 37.2435 63.3706
10732.0000 0.1816 80.3255 48.0000 33.2531 36.9996 63.0669
10733.0000 0.1948 80.7810 48.0000 32.9041 36.7964 63.9446
10734.0000 0.2011 81.2284 48.0000 32.7144 36.9190 64.5353
10735.0000 0.2054 81.0874 48.0000 32.5942 36.6219 64.5881
10736.0000 0.2009 81.3448 48.0000 33.2229 36.5341 64.6411
10737.0000 0.1884 80.7655 48.0000 32.8469 37.2975 63.6636
10738.0000 0.1878 80.6745 48.0000 33.1986 36.9111 63.5909
10739.0000 0.1729 80.3360 48.0000 33.1794 37.7135 62.6951
10740.0000 0.1796 80.9130 48.0000 33.1807 37.7246 63.4257
10741.0000 0.1849 80.6530 48.0000 33.3539 36.9451 63.4626
10742.0000 0.1753 80.2302 48.0000 33.2330 37.3916 62.7241
10743.0000 0.1888 80.5670 48.0000 32.9884 36.9529 63.5397
10744.0000 0.1940 80.3031 48.0000 32.7927 36.5545 63.5374
10745.0000 0.1896 80.5402 48.0000 33.2240 36.6409 63.5637
10746.0000 0.1836 80.3736 48.0000 33.3047 36.8467 63.1904
10747.0000 0.1906 80.2123 48.0000 33.4838 36.0318 63.3606
10748.0000 0.1909 79.9873 48.0000 32.9191 36.3772 63.1743
10749.0000 0.1928 80.0004 48.0000 32.8184 36.3551 63.2560
10750.0000 0.1879 80.0148 48.0000 32.9248 36.6063 63.0737
10751.0000 0.1808 79.8422 48.0000 33.0347 36.8554 62.6511
10752.0000 0.1801 80.0834 48.0000 32.6678 37.4783 62.7816
10753.0000 0.1789 80.1653 48.0000 33.3438 36.9646 62.8354
10754.0000 0.1950 80.2637 48.0000 32.9863 36.2592 63.5566
10755.0000 0.1884 80.2178 48.0000 33.5355 36.1389 63.2790
10756.0000 0.1828 79.9092 48.0000 33.7342 36.0747 62.8180
10757.0000 0.1900 80.0765 48.0000 33.3769 36.0668 63.2251
10758.0000 0.1973 80.1223 48.0000 33.2164 35.7482 63.5478
10759.0000 0.2012 80.6342 48.0000 33.1107 36.0171 64.0962
10760.0000 0.1997 80.6564 48.0000 33.1182 36.1390 64.0516
10761.0000 0.2009 80.7551 48.0000 32.6416 36.6014 64.1580
10762.0000 0.1981 80.8846 48.0000 32.8668 36.6911 64.1549
10763.0000 0.1972 81.1747 48.0000 32.4950 37.3615 64.3236
10764.0000 0.1975 80.9716 48.0000 32.6387 37.0288 64.1870
10765.0000 0.1988 80.9119 48.0000 32.6323 36.8926 64.1935
10766.0000 0.2025 80.9690 48.0000 32.5985 36.7190 64.3819
10767.0000 0.2001 80.7380 48.0000 32.4049 36.8789 64.0975
10768.0000 0.1990 80.9429 48.0000 32.5987 36.9360 64.2247
10769.0000 0.2014 81.3283 48.0000 32.7156 36.9827 64.6241
10770.0000 0.2047 81.5721 48.0000 32.4885 37.1794 64.9322
10771.0000 0.1926 81.4737 48.0000 32.6389 37.8073 64.3683
10772.0000 0.1958 81.4027 48.0000 32.7565 37.4038 64.4543
10773.0000 0.1837 80.8599 48.0000 32.8401 37.7190 63.5384
10774.0000 0.1865 80.6191 48.0000 32.5389 37.6063 63.4541
10775.0000 0.1916 80.9278 48.0000 32.5320 37.5176 63.9016
10776.0000 0.1930 80.9220 48.0000 32.3023 37.6355 63.9413
10777.0000 0.1862 80.6810 48.0000 32.5370 37.6839 63.4877
10778.0000 0.1798 80.3446 48.0000 32.8791 37.5157 62.9825
10779.0000 0.1822 80.9019 48.0000 32.8830 37.8214 63.5088
10780.0000 0.1716 80.8151 48.0000 33.1481 38.2645 62.9930
10781.0000 0.1697 80.7037 48.0000 33.3646 38.0886 62.8423
10782.0000 0.1785 81.2322 48.0000 33.3656 37.9037 63.6296
10783.0000 0.1764 80.6953 48.0000 33.3352 37.6162 63.1310
10784.0000 0.1816 80.8356 48.0000 32.9421 37.7534 63.4341
10785.0000 0.1763 80.9511 48.0000 33.3165 37.8708 63.3159
10786.0000 0.1809 80.5065 48.0000 33.0390 37.4158 63.1647
10787.0000 0.1765 80.5299 48.0000 33.2402 37.5602 63.0031
10788.0000 0.1747 80.4731 48.0000 33.0369 37.8407 62.8694
10789.0000 0.1746 80.6813 48.0000 33.0131 38.0595 63.0166
10790.0000 0.1756 80.6873 48.0000 32.9651 38.0331 63.0653
10791.0000 0.1695 81.0023 48.0000 33.1016 38.6318 63.0336
10792.0000 0.1752 81.0321 48.0000 32.8789 38.4528 63.2974
10793.0000 0.1761 81.0772 48.0000 32.5740 38.7306 63.3435
10794.0000 0.1824 80.8461 48.0000 32.7896 37.8531 63.4671
10795.0000 0.1747 80.7554 48.0000 33.1208 38.0090 63.0853
10796.0000 0.1785 81.0165 48.0000 33.0964 37.9819 63.4482
10797.0000 0.1713 81.0963 48.0000 33.7478 37.9340 63.2353
10798.0000 0.1694 80.8594 48.0000 33.5113 38.1027 62.9557
10799.0000 0.1722 81.0538 48.0000 33.2967 38.2779 63.2128
10800.0000 0.1712 80.6646 48.0000 33.4650 37.8466 62.8849
10801.0000 0.1648 80.7772 48.0000 33.4609 38.4242 62.6810
10802.0000 0.1563 80.4817 48.0000 34.1386 38.1260 62.1150
10803.0000 0.1516 80.1893 48.0000 34.2515 38.1075 61.6845
10804.0000 0.1473 80.1873 48.0000 33.8562 38.8383 61.4439
10805.0000 0.1609 80.0804 48.0000 33.2431 38.3178 61.9638
10806.0000 0.1616 80.3462 48.0000 33.5254 38.2200 62.2157
10807.0000 0.1696 80.5012 48.0000 33.4646 37.8160 62.6938
10808.0000 0.1677 80.8661 48.0000 33.7319 38.0183 62.8974
10809.0000 0.1680 80.4261 48.0000 33.4532 37.8854 62.5614
10810.0000 0.1734 81.0406 48.0000 33.1914 38.2853 63.2466
10811.0000 0.1657 80.5199 48.0000 33.4095 38.1808 62.5259
10812.0000 0.1666 81.2035 48.0000 33.4954 38.6357 63.0821
10813.0000 0.1638 81.2503 48.0000 33.2610 39.1238 62.9654
10814.0000 0.1681 81.3443 48.0000 33.1015 39.0407 63.2220
10815.0000 0.1750 81.8851 48.0000 32.9460 39.1449 63.9328
10816.0000 0.1670 81.8587 48.0000 33.2040 39.4717 63.5636
10817.0000 0.1635 81.8037 48.0000 33.4083 39.4912 63.3732
10818.0000 0.1625 81.3618 48.0000 33.3476 39.2372 62.9930
10819.0000 0.1769 81.9036 48.0000 32.9934 38.9774 64.0343
10820.0000 0.1710 81.9432 48.0000 32.7773 39.6693 63.7706
10821.0000 0.1787 82.0183 48.0000 32.8391 39.0944 64.1890
10822.0000 0.1729 81.6626 48.0000 32.6625 39.3919 63.6414
10823.0000 0.1777 81.4307 48.0000 32.4906 39.0007 63.6731
10824.0000 0.1843 81.8486 48.0000 32.3722 38.9930 64.2711
10825.0000 0.1830 81.6471 48.0000 32.3457 38.9356 64.0627
10826.0000 0.1790 81.5137 48.0000 32.2046 39.2585 63.7661
10827.0000 0.1809 81.3952 48.0000 32.3426 38.8743 63.7802
10828.0000 0.1773 81.2104 48.0000 32.1491 39.1731 63.4589
10829.0000 0.1748 80.7280 48.0000 32.0470 39.0397 62.9755
10830.0000 0.1776 80.2504 48.0000 32.1129 38.3526 62.7532
10831.0000 0.1801 80.3439 48.0000 32.1619 38.1990 62.9411
10832.0000 0.1735 80.0647 48.0000 32.4390 38.1649 62.4620
10833.0000 0.1811 80.2544 48.0000 32.5639 37.6579 62.9463
10834.0000 0.1731 80.5541 48.0000 32.5433 38.5176 62.8195
10835.0000 0.1784 80.4503 48.0000 32.4009 38.1817 62.9650
10836.0000 0.1804 80.0696 48.0000 32.4582 37.6462 62.7723
10837.0000 0.1786 80.1113 48.0000 32.3100 37.9627 62.7114
10838.0000 0.1737 80.1334 48.0000 32.7953 37.8541 62.5531
10839.0000 0.1766 80.0936 48.0000 32.8203 37.5847 62.6514
10840.0000 0.1824 80.2205 48.0000 32.5851 37.5108 62.9799
10841.0000 0.1820 80.3621 48.0000 32.6508 37.5991 63.0738
10842.0000 0.1807 80.6542 48.0000 32.8508 37.7476 63.2538
10843.0000 0.1799 80.4344 48.0000 32.9885 37.4783 63.0620
10844.0000 0.1940 80.4589 48.0000 32.4879 36.9859 63.6413
10845.0000 0.1913 80.7417 48.0000 32.7821 37.1330 63.7628
10846.0000 0.1832 80.6312 48.0000 32.9038 37.4939 63.3478
10847.0000 0.1877 80.8150 48.0000 32.8074 37.4251 63.6718
10848.0000 0.1848 80.9548 48.0000 32.8565 37.7087 63.6568
10849.0000 0.1887 81.1434 48.0000 32.6853 37.7575 63.9553
10850.0000 0.1894 81.1340 48.0000 32.4589 37.9199 63.9628
10851.0000 0.1784 81.0472 48.0000 32.6241 38.4833 63.4298
10852.0000 0.1754 81.4006 48.0000 32.9649 38.6734 63.5904
10853.0000 0.1668 81.2399 48.0000 32.9822 39.1636 63.0738
10854.0000 0.1606 81.1251 48.0000 33.1007 39.4176 62.7047
10855.0000 0.1550 81.0477 48.0000 33.3434 39.5330 62.4027
10856.0000 0.1598 80.9585 48.0000 33.2491 39.1759 62.5622
10857.0000 0.1541 80.8982 48.0000 33.1735 39.6407 62.2306
10858.0000 0.1622 81.5025 48.0000 33.2580 39.4682 63.0779
10859.0000 0.1586 81.1100 48.0000 33.1056 39.5520 62.5979
10860.0000 0.1530 80.7691 48.0000 32.9417 39.8498 62.0523
10861.0000 0.1646 80.8909 48.0000 32.3555 39.6435 62.6487
10862.0000 0.1611 80.9773 48.0000 32.7769 39.5692 62.5882
10863.0000 0.1597 80.7939 48.0000 32.9169 39.3727 62.4013
10864.0000 0.1584 80.6262 48.0000 32.9237 39.3186 62.2146
10865.0000 0.1557 80.5730 48.0000 33.4232 38.9724 62.0971
10866.0000 0.1544 80.4849 48.0000 33.0921 39.3242 61.9382
10867.0000 0.1557 79.9951 48.0000 32.7450 39.1316 61.6093
10868.0000 0.1593 80.3280 48.0000 33.0861 38.8124 62.0604
10869.0000 0.1589 80.3067 48.0000 33.2022 38.7104 62.0346
10870.0000 0.1487 79.7063 48.0000 33.3224 38.8317 61.1132
10871.0000 0.1554 79.9597 48.0000 33.2951 38.5739 61.6201
10872.0000 0.1605 79.6375 48.0000 33.2332 37.9563 61.6199
10873.0000 0.1559 79.6417 48.0000 33.5344 38.0103 61.4286
10874.0000 0.1651 80.1044 48.0000 33.2176 38.0502 62.1731
10875.0000 0.1562 80.0814 48.0000 33.7290 38.1848 61.7844
10876.0000 0.1535 80.0876 48.0000 33.6390 38.4862 61.6543
10877.0000 0.1522 79.6688 48.0000 33.5515 38.2977 61.2756
10878.0000 0.1604 79.7019 48.0000 33.5241 37.7364 61.6805
10879.0000 0.1608 79.9810 48.0000 33.6440 37.8367 61.9146
10880.0000 0.1667 80.0013 48.0000 33.7472 37.3092 62.2041
10881.0000 0.1649 80.0322 48.0000 33.7676 37.4492 62.1487
10882.0000 0.1700 79.8226 48.0000 33.4813 37.1702 62.2014
10883.0000 0.1716 79.8061 48.0000 33.4767 37.0444 62.2578
10884.0000 0.1703 79.7882 48.0000 33.5563 37.0471 62.1904
10885.0000 0.1771 80.0863 48.0000 33.9593 36.4153 62.7257
10886.0000 0.1684 80.1144 48.0000 34.4490 36.5840 62.3954
10887.0000 0.1718 80.1680 48.0000 34.2882 36.5463 62.5746
10888.0000 0.1747 80.6384 48.0000 34.5095 36.5225 63.0695
10889.0000 0.1643 80.5585 48.0000 34.6653 37.0685 62.5613
10890.0000 0.1612 80.7116 48.0000 34.7363 37.3643 62.5433
10891.0000 0.1608 80.3215 48.0000 34.5556 37.2243 62.2239
10892.0000 0.1602 80.4117 48.0000 34.9820 36.9267 62.2794
10893.0000 0.1632 80.0881 48.0000 34.7734 36.6229 62.1585
10894.0000 0.1619 79.9040 48.0000 34.7248 36.6047 61.9592
10895.0000 0.1682 80.0612 48.0000 34.2600 36.7396 62.3398
10896.0000 0.1652 79.7189 48.0000 34.5453 36.3736 61.9571
10897.0000 0.1712 79.9458 48.0000 34.0881 36.5867 62.3758
10898.0000 0.1806 79.9502 48.0000 33.6100 36.3912 62.7542
10899.0000 0.1863 80.1576 48.0000 33.6362 36.1393 63.1490
10900.0000 0.1786 80.1305 48.0000 33.9235 36.3794 62.8222
10901.0000 0.1746 79.8013 48.0000 33.7973 36.5089 62.3946
10902.0000 0.1774 79.8048 48.0000 33.6872 36.4162 62.5127
10903.0000 0.1783 79.6642 48.0000 33.4158 36.5009 62.4296
10904.0000 0.1724 79.4723 48.0000 33.3948 36.7770 62.0329
10905.0000 0.1759 79.3281 48.0000 33.3045 36.4894 62.0667
10906.0000 0.1709 79.3815 48.0000 33.5832 36.6181 61.9088
10907.0000 0.1707 79.7104 48.0000 33.8168 36.6914 62.1604
10908.0000 0.1773 79.9725 48.0000 33.5598 36.7000 62.6295
10909.0000 0.1717 79.4643 48.0000 33.6328 36.5853 62.0075
10910.0000 0.1678 79.6085 48.0000 33.5464 37.0798 61.9455
10911.0000 0.1655 79.4950 48.0000 34.0209 36.6784 61.7796
10912.0000 0.1641 79.3300 48.0000 34.1077 36.5482 61.5967
10913.0000 0.1747 79.3768 48.0000 33.5434 36.3790 62.0652
10914.0000 0.1699 79.3986 48.0000 33.4003 36.8863 61.8705
10915.0000 0.1642 79.3395 48.0000 33.9628 36.6888 61.6054
10916.0000 0.1694 79.6860 48.0000 33.7217 36.8588 62.0817
10917.0000 0.1676 79.7701 48.0000 33.7260 37.0623 62.0662
10918.0000 0.1668 79.9426 48.0000 33.4431 37.5501 62.1480
10919.0000 0.1676 80.1372 48.0000 33.0610 38.0450 62.3018
10920.0000 0.1680 80.2345 48.0000 33.3919 37.7773 62.4133
10921.0000 0.1714 80.1754 48.0000 33.2125 37.6466 62.5121
10922.0000 0.1639 79.8802 48.0000 33.2852 37.8730 61.9562
10923.0000 0.1584 79.8830 48.0000 33.3921 38.1766 61.7156
10924.0000 0.1580 80.1100 48.0000 33.5516 38.2538 61.8752
10925.0000 0.1650 80.3069 48.0000 33.9199 37.5343 62.3683
10926.0000 0.1669 80.2418 48.0000 33.6281 37.6299 62.3850
10927.0000 0.1719 80.5386 48.0000 33.8227 37.3241 62.8443
10928.0000 0.1626 80.3582 48.0000 33.8206 37.8585 62.2923
10929.0000 0.1661 80.6913 48.0000 33.6092 38.1050 62.6859
10930.0000 0.1686 80.5434 48.0000 33.7893 37.6044 62.7012
10931.0000 0.1686 80.2271 48.0000 33.5494 37.5694 62.4449
10932.0000 0.1639 80.2529 48.0000 33.6897 37.7976 62.2645
10933.0000 0.1622 80.3317 48.0000 33.5605 38.1221 62.2380
10934.0000 0.1578 79.5698 48.0000 33.5958 37.7366 61.4706
10935.0000 0.1616 79.5239 48.0000 33.7845 37.2255 61.6191
10936.0000 0.1618 79.4173 48.0000 33.8008 37.1018 61.5473
10937.0000 0.1610 79.8882 48.0000 34.0117 37.3645 61.8807
10938.0000 0.1584 79.5145 48.0000 34.0717 37.1662 61.4846
10939.0000 0.1558 79.4895 48.0000 34.3246 37.0874 61.3591
10940.0000 0.1533 79.6842 48.0000 34.3298 37.4465 61.3906
10941.0000 0.1505 79.8757 48.0000 34.5102 37.6513 61.4129
10942.0000 0.1468 79.7124 48.0000 34.2233 38.0765 61.0983
10943.0000 0.1496 79.8178 48.0000 33.8979 38.2814 61.2891
10944.0000 0.1401 79.5968 48.0000 34.3125 38.4059 60.6902
10945.0000 0.1306 79.8245 48.0000 34.3928 39.2923 60.3755
10946.0000 0.1355 79.9060 48.0000 34.3846 38.9793 60.6901
10947.0000 0.1448 79.9348 48.0000 34.1812 38.4738 61.1637
10948.0000 0.1480 79.6806 48.0000 33.9463 38.2317 61.1145
10949.0000 0.1508 79.7010 48.0000 33.8712 38.1143 61.2560
10950.0000 0.1478 79.4439 48.0000 33.7459 38.2376 60.9134
10951.0000 0.1500 79.0966 48.0000 33.1417 38.3592 60.7164
10952.0000 0.1441 79.2267 48.0000 33.4407 38.6342 60.5473
10953.0000 0.1433 78.9873 48.0000 33.5511 38.3619 60.3463
10954.0000 0.1419 78.7338 48.0000 33.7656 38.0258 60.1077
10955.0000 0.1406 79.2209 48.0000 33.8544 38.4840 60.4054
10956.0000 0.1376 78.9910 48.0000 33.6386 38.7270 60.0687
10957.0000 0.1332 79.0111 48.0000 34.1189 38.6060 59.9018
10958.0000 0.1297 78.6036 48.0000 34.2686 38.3540 59.4403
10959.0000 0.1361 78.2138 48.0000 34.2177 37.5369 59.4771
10960.0000 0.1413 78.4204 48.0000 33.6770 37.8733 59.8434
10961.0000 0.1358 78.6235 48.0000 33.4694 38.7038 59.6948
10962.0000 0.1303 78.1720 48.0000 33.7686 38.4128 59.1185
10963.0000 0.1266 78.4668 48.0000 33.6731 39.0912 59.1189
10964.0000 0.1293 78.5575 48.0000 33.2846 39.3576 59.2823
10965.0000 0.1305 78.6389 48.0000 33.6630 38.9455 59.4485
10966.0000 0.1301 78.1785 48.0000 33.9401 38.2649 59.1248
10967.0000 0.1282 77.9354 48.0000 33.6534 38.4850 58.8242
10968.0000 0.1241 77.9902 48.0000 34.0193 38.4871 58.6847
10969.0000 0.1230 77.9371 48.0000 33.6367 38.9242 58.5463
10970.0000 0.1178 78.1261 48.0000 34.3275 38.8236 58.4641
10971.0000 0.1187 78.2242 48.0000 34.3954 38.7676 58.5923
10972.0000 0.1201 78.0285 48.0000 34.0209 38.8543 58.4925
10973.0000 0.1167 77.5636 48.0000 33.7662 38.9568 57.9510
10974.0000 0.1265 77.9830 48.0000 33.6954 38.6240 58.7720
10975.0000 0.1148 77.7494 48.0000 33.7170 39.3552 57.9594
10976.0000 0.1174 77.3678 48.0000 33.3814 39.1128 57.8070
10977.0000 0.1169 77.3173 48.0000 33.5391 38.9461 57.7607
10978.0000 0.1221 77.5991 48.0000 33.3436 38.9834 58.2248
10979.0000 0.1234 77.5305 48.0000 33.4577 38.6928 58.2617
10980.0000 0.1197 77.4444 48.0000 33.7185 38.6474 58.0266
10981.0000 0.1199 77.3256 48.0000 33.4575 38.7903 57.9237
10982.0000 0.1217 77.1085 48.0000 33.6064 38.2803 57.8873
10983.0000 0.1181 76.9882 48.0000 33.4749 38.6015 57.5895
10984.0000 0.1205 77.0947 48.0000 33.6870 38.2846 57.8192
10985.0000 0.1198 77.1716 48.0000 33.7989 38.2969 57.8484
10986.0000 0.1115 77.1116 48.0000 34.0088 38.7136 57.3660
10987.0000 0.1133 77.5187 48.0000 34.0254 38.9303 57.7569
10988.0000 0.1207 77.7746 48.0000 34.1808 38.3960 58.3636
10989.0000 0.1243 77.8778 48.0000 33.5898 38.8081 58.5715
10990.0000 0.1294 78.2232 48.0000 33.8439 38.4622 59.1111
10991.0000 0.1331 77.9997 48.0000 33.3634 38.4436 59.1010
10992.0000 0.1367 77.9287 48.0000 33.4780 37.9840 59.2395
10993.0000 0.1296 77.6995 48.0000 33.6950 38.1064 58.7347
10994.0000 0.1352 78.2946 48.0000 33.5202 38.3964 59.4319
10995.0000 0.1237 78.0126 48.0000 33.7141 38.8583 58.6461
10996.0000 0.1232 77.7119 48.0000 33.8660 38.4574 58.4231
10997.0000 0.1288 77.6987 48.0000 33.7629 38.1022 58.6973
10998.0000 0.1260 77.9075 48.0000 33.9785 38.2980 58.7222
10999.0000 0.1298 77.9378 48.0000 33.9323 38.0703 58.9368
11000.0000 0.1332 77.9736 48.0000 34.1831 37.5783 59.1546
11001.0000 0.1266 77.9563 48.0000 34.0576 38.2134 58.7962
11002.0000 0.1260 78.2246 48.0000 33.9396 38.6378 58.9433
11003.0000 0.1193 77.9202 48.0000 33.8636 38.9793 58.3560
11004.0000 0.1131 78.0324 48.0000 33.6480 39.8423 58.0470
11005.0000 0.1192 78.2634 48.0000 33.8295 39.3521 58.5844
11006.0000 0.1151 78.4468 48.0000 33.6999 40.0127 58.4568
11007.0000 0.1215 78.5837 48.0000 33.5378 39.7729 58.8959
11008.0000 0.1180 78.0047 48.0000 33.2372 39.8302 58.2544
11009.0000 0.1166 77.9553 48.0000 33.3512 39.7844 58.1543
11010.0000 0.1200 77.6764 48.0000 33.2515 39.3284 58.1484
11011.0000 0.1174 78.0690 48.0000 33.6987 39.4544 58.3311
11012.0000 0.1186 78.0595 48.0000 33.6465 39.4033 58.3831
11013.0000 0.1144 77.9935 48.0000 33.8271 39.5073 58.1196
11014.0000 0.1251 77.9791 48.0000 33.6291 38.8028 58.6870
11015.0000 0.1264 78.3249 48.0000 33.7105 38.9381 59.0103
11016.0000 0.1255 78.3022 48.0000 33.4236 39.2876 58.9117
11017.0000 0.1224 78.1630 48.0000 33.3751 39.4608 58.6379
11018.0000 0.1272 78.0435 48.0000 32.8432 39.5071 58.7478
11019.0000 0.1252 77.9664 48.0000 33.0499 39.3806 58.6143
11020.0000 0.1172 77.7004 48.0000 33.3250 39.5165 58.0108
11021.0000 0.1169 77.8767 48.0000 33.3724 39.6544 58.1257
11022.0000 0.1134 77.6755 48.0000 33.6358 39.4833 57.8203
11023.0000 0.1098 77.5865 48.0000 33.7050 39.6382 57.5538
11024.0000 0.1050 77.6983 48.0000 34.0528 39.7975 57.3898
11025.0000 0.1067 77.2459 48.0000 34.0524 39.2131 57.1812
11026.0000 0.1072 77.5459 48.0000 34.1501 39.3593 57.4281
11027.0000 0.1040 77.2945 48.0000 34.2272 39.3114 57.0749
11028.0000 0.0993 77.4296 48.0000 34.4317 39.6452 56.9039
11029.0000 0.1008 77.3868 48.0000 34.3147 39.5962 56.9505
11030.0000 0.0970 77.5756 48.0000 34.4503 39.9842 56.8544
11031.0000 0.1044 77.8448 48.0000 33.9357 40.1264 57.4286
11032.0000 0.0977 77.6879 48.0000 34.0508 40.4650 56.9081
11033.0000 0.0945 77.4726 48.0000 34.2348 40.3445 56.5890
11034.0000 0.0897 77.4420 48.0000 34.4766 40.5059 56.2841
11035.0000 0.0921 77.4144 48.0000 34.4535 40.2742 56.4264
11036.0000 0.0997 77.3432 48.0000 33.8702 40.1279 56.7850
11037.0000 0.0968 77.3233 48.0000 34.1307 40.0944 56.6252
11038.0000 0.0916 77.5914 48.0000 34.6783 40.2508 56.5484
11039.0000 0.0909 77.7127 48.0000 34.6067 40.5217 56.5653
11040.0000 0.0944 77.9035 48.0000 34.2916 40.7250 56.8728
11041.0000 0.0953 77.8423 48.0000 34.1714 40.7069 56.8743
11042.0000 0.0961 78.2711 48.0000 34.2595 40.9692 57.2204
11043.0000 0.0942 78.2850 48.0000 33.9150 41.5489 57.0262
11044.0000 0.0902 78.3033 48.0000 34.0243 41.8462 56.7683
11045.0000 0.0887 78.1061 48.0000 34.1574 41.6482 56.5621
11046.0000 0.0954 78.3240 48.0000 34.0107 41.3643 57.1570
11047.0000 0.0969 78.2705 48.0000 34.0477 41.1274 57.2326
11048.0000 0.0972 78.1892 48.0000 34.0277 41.0339 57.2004
11049.0000 0.0869 78.3137 48.0000 34.6851 41.4449 56.6772
11050.0000 0.0982 78.2364 48.0000 34.2698 40.7218 57.3433
11051.0000 0.0936 78.1361 48.0000 34.3910 40.9257 56.9876
11052.0000 0.1007 78.3852 48.0000 34.2386 40.6730 57.5992
11053.0000 0.1037 77.9983 48.0000 34.0856 40.1768 57.5129
11054.0000 0.1124 78.2274 48.0000 33.9538 39.7736 58.1784
11055.0000 0.1166 78.4349 48.0000 33.6750 39.9042 58.5294
11056.0000 0.1156 78.5975 48.0000 33.6847 40.1301 58.5874
11057.0000 0.1139 78.2437 48.0000 33.4934 40.1464 58.2111
11058.0000 0.1118 78.1132 48.0000 33.5413 40.1476 58.0071
11059.0000 0.1113 78.3378 48.0000 33.3680 40.6028 58.0931
11060.0000 0.1141 78.6640 48.0000 33.2380 40.8108 58.4615
11061.0000 0.1142 78.0795 48.0000 33.4934 39.9585 58.1199
11062.0000 0.1207 78.1171 48.0000 33.7530 39.1641 58.5594
11063.0000 0.1169 77.8592 48.0000 33.5836 39.4204 58.1397
11064.0000 0.1243 77.7031 48.0000 33.1431 39.1123 58.3912
11065.0000 0.1201 77.6526 48.0000 33.3615 39.1807 58.1534
11066.0000 0.1192 77.4602 48.0000 33.3256 39.1137 57.9620
11067.0000 0.1209 77.6745 48.0000 33.4891 39.0022 58.2292
11068.0000 0.1228 77.6711 48.0000 33.3678 38.9658 58.3185
11069.0000 0.1268 77.6145 48.0000 33.2331 38.7253 58.4800
11070.0000 0.1299 77.3859 48.0000 33.0873 38.4108 58.4673
11071.0000 0.1305 77.2631 48.0000 33.1640 38.1742 58.4163
11072.0000 0.1328 77.2855 48.0000 33.0670 38.1061 58.5453
11073.0000 0.1354 77.5187 48.0000 33.1605 38.0237 58.8535
11074.0000 0.1320 77.4281 48.0000 33.2939 38.0762 58.6244
11075.0000 0.1239 77.4228 48.0000 33.4762 38.5295 58.2161
11076.0000 0.1282 77.4859 48.0000 33.3208 38.4053 58.4707
11077.0000 0.1283 77.4957 48.0000 33.5881 38.1301 58.5108
11078.0000 0.1282 77.9611 48.0000 33.4129 38.7559 58.8174
11079.0000 0.1267 77.9300 48.0000 33.3185 38.9475 58.7031
11080.0000 0.1221 77.8059 48.0000 33.7179 38.7918 58.4128
11081.0000 0.1205 77.5889 48.0000 33.6094 38.8274 58.1626
11082.0000 0.1258 78.1443 48.0000 33.4757 39.0585 58.8246
11083.0000 0.1199 78.0402 48.0000 33.9115 38.9954 58.4777
11084.0000 0.1206 77.9243 48.0000 33.5871 39.1615 58.3993
11085.0000 0.1205 77.8486 48.0000 33.6067 39.0776 58.3433
11086.0000 0.1232 77.7389 48.0000 33.5297 38.8326 58.4048
11087.0000 0.1171 77.6487 48.0000 33.5434 39.2414 58.0024
11088.0000 0.1081 77.4548 48.0000 33.7630 39.5961 57.3712
11089.0000 0.1109 77.3195 48.0000 33.7735 39.2109 57.4470
11090.0000 0.1088 77.4424 48.0000 33.9380 39.3396 57.4276
11091.0000 0.1065 77.1631 48.0000 33.8454 39.3682 57.0858
11092.0000 0.1050 76.9372 48.0000 33.6342 39.5050 56.8105
11093.0000 0.1026 77.0905 48.0000 33.9983 39.4775 56.8207
11094.0000 0.1014 76.9190 48.0000 33.9386 39.4792 56.6223
11095.0000 0.1028 77.0689 48.0000 33.9070 39.5378 56.8040
11096.0000 0.0980 76.9020 48.0000 33.9567 39.7544 56.3954
11097.0000 0.0976 76.7644 48.0000 33.6431 39.9970 56.2242
11098.0000 0.0932 76.6434 48.0000 34.0121 39.8780 55.9208
11099.0000 0.0953 76.9865 48.0000 33.8020 40.2586 56.2458
11100.0000 0.0964 77.0082 48.0000 34.1288 39.8146 56.3940
11101.0000 0.0967 77.1953 48.0000 33.7902 40.3461 56.4759
11102.0000 0.1010 77.1615 48.0000 33.1799 40.5788 56.6246
11103.0000 0.1072 77.2596 48.0000 33.5277 39.7411 57.1453
11104.0000 0.1085 77.4537 48.0000 33.1902 40.1782 57.2992
11105.0000 0.1066 77.0863 48.0000 33.2835 39.8848 56.9536
11106.0000 0.1014 76.5364 48.0000 33.5594 39.5103 56.3074
11107.0000 0.1118 76.6080 48.0000 33.0237 39.2398 56.9075
11108.0000 0.1074 76.9987 48.0000 33.0982 39.9265 56.9139
11109.0000 0.1076 77.2966 48.0000 33.3576 39.9219 57.1688
11110.0000 0.1080 77.1076 48.0000 33.3220 39.7354 57.0642
11111.0000 0.1076 77.0879 48.0000 33.7810 39.2619 57.0955
11112.0000 0.1121 77.2548 48.0000 33.5666 39.2636 57.4453
11113.0000 0.1084 77.5321 48.0000 33.7584 39.6528 57.4391
11114.0000 0.1103 77.6843 48.0000 33.5099 39.8940 57.6230
11115.0000 0.1067 77.8283 48.0000 33.6206 40.2441 57.5093
11116.0000 0.1097 77.4835 48.0000 33.3949 39.8760 57.4316
11117.0000 0.1018 77.4930 48.0000 33.4729 40.5209 56.9455
11118.0000 0.1018 77.6198 48.0000 33.4577 40.6613 57.0270
11119.0000 0.1013 77.6445 48.0000 33.4574 40.7322 57.0102
11120.0000 0.1031 77.6945 48.0000 33.3517 40.7334 57.1392
11121.0000 0.1048 77.9277 48.0000 33.2165 40.9552 57.3765
11122.0000 0.1085 78.3393 48.0000 33.5458 40.6581 57.9538
11123.0000 0.1010 78.4529 48.0000 34.3534 40.5837 57.6859
11124.0000 0.1069 78.5502 48.0000 34.6408 39.8414 58.1620
11125.0000 0.1032 78.1494 48.0000 34.3624 40.0790 57.6214
11126.0000 0.0990 77.5888 48.0000 34.1520 40.1310 56.9488
11127.0000 0.1069 77.7746 48.0000 33.9807 39.7870 57.5429
11128.0000 0.1076 77.3143 48.0000 34.0943 39.1563 57.2876
11129.0000 0.1070 76.9539 48.0000 34.2619 38.6829 57.0232
11130.0000 0.1054 77.0204 48.0000 33.9941 39.1686 56.9418
11131.0000 0.1060 77.0570 48.0000 33.8507 39.3028 56.9842
11132.0000 0.1043 77.0322 48.0000 33.9377 39.3351 56.8765
11133.0000 0.0965 76.9958 48.0000 34.2337 39.6863 56.4039
11134.0000 0.0930 76.9553 48.0000 34.3947 39.7893 56.1777
11135.0000 0.0937 77.0966 48.0000 34.2806 39.9934 56.2960
11136.0000 0.0947 77.1080 48.0000 34.1801 40.0174 56.3558
11137.0000 0.0940 77.1145 48.0000 34.6595 39.5700 56.3878
11138.0000 0.0927 77.4946 48.0000 34.8704 39.8503 56.5812
11139.0000 0.1031 77.1479 48.0000 34.6152 38.8353 56.9684
11140.0000 0.0960 76.8862 48.0000 34.7873 39.0317 56.3725
11141.0000 0.0947 76.8285 48.0000 34.8221 39.0529 56.2575
11142.0000 0.0952 76.4792 48.0000 34.4117 39.0979 56.0022
11143.0000 0.0905 76.5616 48.0000 34.9619 39.0202 55.8280
11144.0000 0.0892 76.7015 48.0000 34.9798 39.2650 55.8372
11145.0000 0.0895 77.0316 48.0000 35.2179 39.3106 56.1092
11146.0000 0.0869 77.1548 48.0000 35.2825 39.6048 56.0309
11147.0000 0.0806 76.9083 48.0000 35.3364 39.9131 55.4362
11148.0000 0.0880 75.2289 47.0000 33.7352 39.2440 54.6006
11149.0000 0.0935 75.5060 47.0000 33.6671 39.0882 55.1342
11150.0000 0.0896 77.1717 48.0000 34.9605 39.7148 56.1781
11151.0000 0.0939 77.3725 48.0000 34.5061 40.0022 56.5301
11152.0000 0.0912 77.3286 48.0000 35.2645 39.4025 56.4231
11153.0000 0.0891 77.0444 48.0000 35.4986 39.0650 56.1215
11154.0000 0.0920 77.2012 48.0000 35.5595 38.8855 56.4221
11155.0000 0.0940 77.3871 48.0000 35.2285 39.2336 56.6430
11156.0000 0.0928 77.5127 48.0000 35.6962 38.9777 56.6987
11157.0000 0.0995 77.3809 48.0000 35.4383 38.5163 56.9949
11158.0000 0.1070 77.7025 48.0000 35.6478 37.9682 57.6657
11159.0000 0.1057 77.5711 48.0000 35.2349 38.3743 57.4734
11160.0000 0.1072 77.6493 48.0000 35.5578 37.9895 57.6355
11161.0000 0.1147 77.8906 48.0000 35.6273 37.5179 58.2241
11162.0000 0.1219 77.9145 48.0000 35.2467 37.3454 58.5975
11163.0000 0.1202 77.4452 48.0000 34.7518 37.5421 58.1434
11164.0000 0.1205 77.5867 48.0000 34.6742 37.7319 58.2554
11165.0000 0.1189 77.3871 48.0000 34.6982 37.6500 58.0282
11166.0000 0.1219 77.4941 48.0000 34.4468 37.7665 58.2446
11167.0000 0.1253 77.4711 48.0000 34.1679 37.7511 58.3882
11168.0000 0.1335 77.9933 48.0000 34.4338 37.3224 59.1973
11169.0000 0.1385 78.5138 48.0000 34.4179 37.4231 59.8275
11170.0000 0.1404 78.7266 48.0000 34.5151 37.3755 60.0804
11171.0000 0.1359 78.5184 48.0000 34.5423 37.5082 59.7085
11172.0000 0.1262 78.0270 48.0000 34.5269 37.8379 58.8592
11173.0000 0.1191 78.3424 48.0000 34.2250 39.0209 58.6817
11174.0000 0.1236 78.4797 48.0000 34.1993 38.8114 59.0182
11175.0000 0.1152 77.8866 48.0000 34.6064 38.5238 58.1776
11176.0000 0.1191 77.7662 48.0000 33.7734 38.9495 58.2227
11177.0000 0.1206 77.5244 48.0000 33.5804 38.7930 58.1162
11178.0000 0.1303 78.0508 48.0000 33.1389 38.9511 58.9623
11179.0000 0.1314 77.5524 48.0000 33.1813 38.3542 58.6714
11180.0000 0.1331 77.8227 48.0000 33.2680 38.3767 58.9648
11181.0000 0.1345 78.2187 48.0000 33.2409 38.6683 59.3125
11182.0000 0.1294 78.2181 48.0000 33.2047 39.1147 59.0387
11183.0000 0.1292 78.2441 48.0000 33.2779 39.0743 59.0586
11184.0000 0.1222 78.3662 48.0000 33.8688 39.1559 58.8302
11185.0000 0.1214 78.1844 48.0000 33.9983 38.9151 58.6731
11186.0000 0.1235 78.1551 48.0000 34.0070 38.7070 58.7666
11187.0000 0.1233 78.0170 48.0000 33.8460 38.7607 58.6406
11188.0000 0.1282 78.2431 48.0000 33.8471 38.5695 59.0657
11189.0000 0.1269 78.2511 48.0000 33.6291 38.9084 58.9784
11190.0000 0.1237 78.0181 48.0000 33.6224 38.9595 58.6389
11191.0000 0.1277 78.4332 48.0000 33.5654 39.0789 59.1437
11192.0000 0.1301 78.7027 48.0000 33.5086 39.1987 59.4537
11193.0000 0.1333 78.4200 48.0000 33.3050 38.8842 59.4012
11194.0000 0.1301 78.3565 48.0000 34.0480 38.3190 59.2632
11195.0000 0.1316 78.5656 48.0000 33.9038 38.5395 59.4793
11196.0000 0.1328 78.6609 48.0000 34.1173 38.3168 59.6269
11197.0000 0.1390 78.5148 48.0000 33.8882 37.9223 59.8169
11198.0000 0.1413 78.4940 48.0000 33.6771 37.9438 59.8951
11199.0000 0.1376 78.5529 48.0000 33.7228 38.2349 59.7614
11200.0000 0.1360 78.3524 48.0000 33.6139 38.2854 59.5267
11201.0000 0.1392 78.7764 48.0000 33.5310 38.5130 59.9845
11202.0000 0.1422 78.7825 48.0000 33.8281 37.9792 60.1658
11203.0000 0.1373 78.3715 48.0000 33.7968 38.0208 59.6178
11204.0000 0.1368 78.3565 48.0000 33.7321 38.1070 59.5796
11205.0000 0.1354 78.2529 48.0000 33.4692 38.3934 59.4077
11206.0000 0.1369 77.8739 48.0000 33.3946 37.9967 59.2064
11207.0000 0.1293 77.6999 48.0000 33.4397 38.3935 58.6941
11208.0000 0.1316 77.6912 48.0000 33.0696 38.5809 58.7695
11209.0000 0.1349 78.0026 48.0000 33.0542 38.6207 59.1631
11210.0000 0.1488 78.1444 48.0000 32.7555 37.9778 59.9275
11211.0000 0.1526 78.5591 48.0000 32.7712 38.0505 60.4130
11212.0000 0.1515 78.3310 48.0000 32.4672 38.2357 60.1636
11213.0000 0.1536 78.1701 48.0000 32.5775 37.8141 60.1611
11214.0000 0.1520 78.5699 48.0000 32.5961 38.2845 60.3739
11215.0000 0.1468 78.5380 48.0000 32.9200 38.3203 60.1336
11216.0000 0.1456 78.6323 48.0000 32.8660 38.5554 60.1361
11217.0000 0.1465 78.8155 48.0000 32.8935 38.6296 60.3130
11218.0000 0.1461 78.9149 48.0000 32.4337 39.2180 60.3121
11219.0000 0.1421 78.8117 48.0000 32.4821 39.3904 60.0382
11220.0000 0.1457 79.0803 48.0000 32.8475 38.9797 60.4592
11221.0000 0.1417 78.8948 48.0000 32.7469 39.2254 60.1115
11222.0000 0.1369 79.0756 48.0000 33.0300 39.4880 60.0223
11223.0000 0.1380 79.0065 48.0000 33.0106 39.3531 60.0305
11224.0000 0.1400 78.9768 48.0000 32.5772 39.6119 60.0579
11225.0000 0.1467 78.8210 48.0000 32.4944 39.0177 60.2868
11226.0000 0.1525 79.1317 48.0000 31.8135 39.5417 60.7140
11227.0000 0.1531 79.3300 48.0000 32.0421 39.4420 60.9171
11228.0000 0.1479 79.0444 48.0000 31.8673 39.7675 60.4238
11229.0000 0.1493 78.8800 48.0000 31.8764 39.4979 60.3810
11230.0000 0.1437 78.5112 48.0000 31.9766 39.4981 59.8448
11231.0000 0.1440 78.4516 48.0000 32.2567 39.1372 59.8535
11232.0000 0.1373 78.3201 48.0000 32.3458 39.4566 59.4219
11233.0000 0.1411 78.7173 48.0000 32.5097 39.3503 59.9256
11234.0000 0.1354 78.4850 48.0000 32.4323 39.6751 59.4469
11235.0000 0.1294 78.1737 48.0000 32.6832 39.6126 58.9388
11236.0000 0.1219 78.0370 48.0000 33.2505 39.5173 58.5026
11237.0000 0.1223 77.9802 48.0000 32.9121 39.7812 58.4394
11238.0000 0.1170 77.6551 48.0000 33.1005 39.7266 57.9350
11239.0000 0.1177 77.5668 48.0000 32.8794 39.8139 57.8827
11240.0000 0.1257 77.8563 48.0000 32.4817 39.8319 58.4805
11241.0000 0.1272 78.0433 48.0000 32.3948 39.9757 58.6794
11242.0000 0.1334 77.8780 48.0000 32.1551 39.5604 58.8728
11243.0000 0.1312 77.6852 48.0000 32.1461 39.5624 58.6211
11244.0000 0.1378 77.7036 48.0000 31.9357 39.2683 58.9573
11245.0000 0.1284 77.2721 48.0000 32.3821 39.1576 58.2156
11246.0000 0.1327 77.2942 48.0000 32.2345 38.9804 58.4453
11247.0000 0.1291 77.2547 48.0000 32.4284 39.0361 58.2483
11248.0000 0.1266 76.9106 48.0000 32.1880 39.1697 57.8351
11249.0000 0.1340 77.2802 48.0000 32.3719 38.7284 58.5184
11250.0000 0.1283 77.1030 48.0000 32.4362 38.9475 58.1021
11251.0000 0.1229 76.6433 48.0000 32.3356 39.0656 57.4673
11252.0000 0.1219 76.5878 48.0000 32.6466 38.7676 57.4191
11253.0000 0.1176 76.4736 48.0000 32.6829 38.9759 57.1044
11254.0000 0.1158 76.7711 48.0000 32.9591 39.1243 57.2432
11255.0000 0.1138 76.3531 48.0000 32.6523 39.2114 56.7987
11256.0000 0.1235 76.8061 48.0000 32.4598 39.0419 57.6304
11257.0000 0.1213 76.5647 48.0000 32.2586 39.2006 57.3137
11258.0000 0.1243 76.5846 48.0000 32.1652 39.0694 57.4820
11259.0000 0.1167 76.4101 48.0000 32.5056 39.1780 56.9822
11260.0000 0.1159 76.3415 48.0000 32.2335 39.4695 56.8436
11261.0000 0.1132 75.7690 48.0000 31.9261 39.4770 56.2426
11262.0000 0.1209 76.1254 48.0000 31.7990 39.3047 56.9126
11263.0000 0.1231 76.4367 48.0000 31.9700 39.2348 57.2811
11264.0000 0.1208 76.4231 48.0000 32.2201 39.1476 57.1823
11265.0000 0.1374 75.1232 47.0000 31.7089 37.1361 57.0873
11266.0000 0.1200 76.5479 48.0000 32.4040 39.1436 57.2481
11267.0000 0.1131 76.6082 48.0000 32.6277 39.5477 56.9230
11268.0000 0.1230 76.8202 48.0000 32.2082 39.3604 57.5738
11269.0000 0.1220 76.6641 48.0000 32.2048 39.2932 57.4132
11270.0000 0.1225 76.8965 48.0000 32.1315 39.5578 57.5832
11271.0000 0.1199 76.7210 48.0000 32.2487 39.4793 57.3368
11272.0000 0.1133 76.4779 48.0000 32.2924 39.7691 56.7845
11273.0000 0.1216 76.6437 48.0000 32.0565 39.4676 57.3493
11274.0000 0.1223 76.3778 48.0000 32.0277 39.1835 57.2052
11275.0000 0.1284 76.6695 48.0000 31.9796 39.0094 57.7389
11276.0000 0.1228 76.6865 48.0000 32.1370 39.3238 57.4602
11277.0000 0.1254 76.6540 48.0000 32.0508 39.1706 57.5696
11278.0000 0.1204 76.6195 48.0000 32.2635 39.3275 57.2972
11279.0000 0.1204 76.9484 48.0000 32.2345 39.6695 57.5181
11280.0000 0.1222 77.1265 48.0000 32.3094 39.6150 57.7516
11281.0000 0.1263 76.8981 48.0000 32.2902 39.0759 57.8250
11282.0000 0.1228 76.5393 48.0000 32.4924 38.8080 57.4147
11283.0000 0.1319 77.1894 48.0000 32.4254 38.7490 58.3551
11284.0000 0.1291 76.7222 48.0000 32.1580 38.8202 57.8373
11285.0000 0.1311 77.0531 48.0000 32.0475 39.0825 58.1610
11286.0000 0.1245 76.6969 48.0000 32.3493 38.9709 57.5952
11287.0000 0.1321 76.9197 48.0000 32.3434 38.5664 58.1651
11288.0000 0.1322 76.8836 48.0000 32.5024 38.3603 58.1650
11289.0000 0.1329 76.9531 48.0000 32.2848 38.5989 58.2202
11290.0000 0.1372 76.9335 48.0000 32.1954 38.3300 58.4212
11291.0000 0.1342 76.7744 48.0000 32.5880 38.0166 58.1985
11292.0000 0.1346 77.0837 48.0000 32.7646 38.0910 58.4590
11293.0000 0.1262 76.9120 48.0000 32.8118 38.5506 57.9024
11294.0000 0.1310 77.3516 48.0000 32.9695 38.4146 58.4859
11295.0000 0.1320 77.3798 48.0000 32.6187 38.7230 58.5165
11296.0000 0.1269 77.0869 48.0000 32.8701 38.5982 58.0700
11297.0000 0.1272 76.7762 48.0000 32.8096 38.3473 57.8584
11298.0000 0.1285 76.9903 48.0000 32.6488 38.6117 58.0577
11299.0000 0.1311 77.0251 48.0000 32.8747 38.1975 58.2500
11300.0000 0.1367 77.5059 48.0000 32.6535 38.4295 58.8565
11301.0000 0.1322 77.6892 48.0000 32.7182 38.8905 58.7593
11302.0000 0.1391 77.8468 48.0000 32.5023 38.7143 59.2024
11303.0000 0.1391 77.7766 48.0000 33.0198 38.1162 59.2118
11304.0000 0.1448 77.9609 48.0000 32.9047 37.9668 59.6131
11305.0000 0.1438 77.7552 48.0000 32.9021 37.8556 59.4161
11306.0000 0.1394 77.3626 48.0000 32.9679 37.7668 58.9217
11307.0000 0.1437 77.1952 48.0000 32.9511 37.3000 59.0088
11308.0000 0.1384 76.9713 48.0000 32.8279 37.6290 58.5745
11309.0000 0.1350 76.9764 48.0000 33.0430 37.6778 58.4287
11310.0000 0.1289 77.1625 48.0000 33.2999 38.0647 58.2774
11311.0000 0.1417 78.0947 48.0000 33.2715 37.9514 59.5943
11312.0000 0.1435 78.0061 48.0000 33.1154 37.8910 59.6037
11313.0000 0.1387 77.7766 48.0000 33.3937 37.7729 59.2222
11314.0000 0.1419 77.5816 48.0000 33.3883 37.3490 59.2382
11315.0000 0.1431 77.3982 48.0000 33.0220 37.4638 59.1311
11316.0000 0.1381 77.0353 48.0000 33.4498 37.0778 58.6582
11317.0000 0.1308 77.0688 48.0000 33.4827 37.6405 58.3242
11318.0000 0.1296 76.9376 48.0000 33.7735 37.3129 58.1936
11319.0000 0.1320 77.0354 48.0000 33.6739 37.3213 58.3751
11320.0000 0.1293 77.2953 48.0000 33.4733 37.9816 58.4080
11321.0000 0.1321 76.9690 48.0000 33.1828 37.7545 58.2901
11322.0000 0.1269 77.0077 48.0000 33.3290 38.0507 58.0648
11323.0000 0.1292 77.1932 48.0000 33.0723 38.3080 58.2882
11324.0000 0.1255 77.1173 48.0000 33.3308 38.2632 58.0695
11325.0000 0.1246 77.3407 48.0000 33.1693 38.7129 58.1610
11326.0000 0.1360 77.8454 48.0000 32.8881 38.5619 59.0869
11327.0000 0.1358 77.7210 48.0000 32.9985 38.3484 59.0005
11328.0000 0.1292 77.3543 48.0000 33.1908 38.3356 58.4161
11329.0000 0.1306 77.7669 48.0000 33.1704 38.6309 58.7798
11330.0000 0.1359 77.4919 48.0000 33.3196 37.7976 58.8740
11331.0000 0.1318 77.3446 48.0000 32.8969 38.4228 58.5121
11332.0000 0.1306 77.3498 48.0000 32.9329 38.4829 58.4592
11333.0000 0.1264 77.4036 48.0000 33.0849 38.7163 58.2903
11334.0000 0.1317 77.5157 48.0000 32.8309 38.6569 58.6214
11335.0000 0.1264 77.7692 48.0000 33.0942 39.0467 58.5506
11336.0000 0.1331 78.3428 48.0000 32.8168 39.3318 59.2761
11337.0000 0.1276 78.2129 48.0000 32.9261 39.5453 58.9007
11338.0000 0.1336 78.3809 48.0000 32.6731 39.4720 59.3127
11339.0000 0.1306 78.0859 48.0000 33.1561 38.9403 59.0062
11340.0000 0.1314 77.8185 48.0000 33.2062 38.5733 58.8657
11341.0000 0.1383 77.7743 48.0000 32.9436 38.2587 59.1593
11342.0000 0.1305 77.5167 48.0000 32.9120 38.6710 58.5679
11343.0000 0.1283 77.3105 48.0000 32.9174 38.6460 58.3081
11344.0000 0.1270 77.3989 48.0000 32.5422 39.2255 58.2491
11345.0000 0.1278 77.2659 48.0000 32.2738 39.3174 58.1598
11346.0000 0.1610 76.6229 47.0000 31.9613 36.5037 59.3045
11347.0000 0.1364 77.2534 48.0000 32.2406 38.6469 58.6093
11348.0000 0.1431 77.4560 48.0000 32.3885 38.1574 59.1137
11349.0000 0.1392 77.5085 48.0000 32.2252 38.6777 58.9334
11350.0000 0.1439 77.4940 48.0000 32.2783 38.2448 59.1673
11351.0000 0.1450 77.5148 48.0000 32.3321 38.1254 59.2421
11352.0000 0.1765 76.7888 47.0000 31.9555 35.5542 60.0937
11353.0000 0.1437 77.3985 48.0000 32.3894 38.0557 59.1035
11354.0000 0.1745 76.7455 47.0000 31.8799 35.7315 59.9733
11355.0000 0.1656 76.4471 47.0000 32.0862 35.8893 59.3851
11356.0000 0.1596 76.3957 47.0000 32.1147 36.2465 59.0859
11357.0000 0.1677 76.3708 47.0000 32.0231 35.7356 59.4137
11358.0000 0.1639 76.2950 47.0000 32.3071 35.6559 59.2101
11359.0000 0.1589 76.2230 47.0000 32.3512 35.9065 58.9412
11360.0000 0.1575 75.7598 47.0000 32.1793 35.7581 58.5269
11361.0000 0.1686 76.2624 47.0000 32.1217 35.4783 59.3755
11362.0000 0.1717 76.4444 47.0000 31.9501 35.5932 59.6327
11363.0000 0.1716 76.3147 47.0000 31.8585 35.5773 59.5250
11364.0000 0.1766 76.3593 47.0000 32.0235 35.1084 59.7716
11365.0000 0.1793 76.7746 47.0000 32.3309 34.9781 60.2128
11366.0000 0.1735 76.7967 47.0000 32.4826 35.2473 60.0020
11367.0000 0.1732 76.9407 47.0000 32.8396 35.0433 60.1116
11368.0000 0.1842 77.5243 47.0000 32.6243 35.0019 60.9962
11369.0000 0.1820 77.4813 47.0000 32.8201 34.9233 60.8814
11370.0000 0.1786 76.8857 47.0000 32.4410 35.0130 60.2751
11371.0000 0.1836 77.0932 47.0000 32.3368 34.9532 60.6297
11372.0000 0.1786 77.3015 47.0000 32.7168 35.1049 60.6034
11373.0000 0.1854 77.4635 47.0000 32.4931 34.9995 60.9905
11374.0000 0.1824 77.1739 47.0000 32.1743 35.2659 60.6378
11375.0000 0.1793 77.1002 47.0000 32.0328 35.5595 60.4472
11376.0000 0.1862 77.0469 47.0000 32.0289 35.0439 60.6819
11377.0000 0.1821 76.8622 47.0000 32.3157 34.8802 60.3893
11378.0000 0.1872 77.2093 47.0000 32.2147 34.9294 60.8557
11379.0000 0.1826 77.0724 47.0000 32.2630 35.0757 60.5719
11380.0000 0.1437 78.3422 48.0000 33.2869 38.0130 59.8707
11381.0000 0.1487 78.2168 48.0000 33.3601 37.4401 60.0268
11382.0000 0.1476 78.3452 48.0000 33.4728 37.5258 60.0780
11383.0000 0.1552 78.3700 48.0000 33.2873 37.1647 60.4367
11384.0000 0.1586 78.5983 48.0000 33.2849 37.1158 60.7637
11385.0000 0.1601 78.2914 48.0000 32.9094 37.1097 60.5754
11386.0000 0.1636 78.1432 48.0000 32.9586 36.6715 60.6242
11387.0000 0.1609 78.3487 48.0000 32.8702 37.1415 60.6513
11388.0000 0.1631 78.4654 48.0000 32.8781 37.0773 60.8369
11389.0000 0.1615 78.3700 48.0000 32.9647 37.0246 60.6990
11390.0000 0.1593 78.4931 48.0000 32.9408 37.3184 60.6912
11391.0000 0.1601 78.6238 48.0000 33.0129 37.3052 60.8291
11392.0000 0.1544 78.4273 48.0000 33.1615 37.4048 60.4320
11393.0000 0.1561 78.3484 48.0000 32.9349 37.4298 60.4382
11394.0000 0.1513 77.9225 48.0000 33.1624 37.1767 59.9171
11395.0000 0.1794 77.2157 47.0000 32.1328 35.5544 60.5444
11396.0000 0.1590 78.1913 48.0000 32.9129 37.0944 60.4535
11397.0000 0.1735 76.8189 47.0000 32.1742 35.5792 60.0007
11398.0000 0.1355 77.6470 48.0000 33.6672 37.6230 58.9922
11399.0000 0.1440 77.9281 48.0000 33.4701 37.4253 59.5978
11400.0000 0.1489 78.3775 48.0000 33.4544 37.4792 60.1594
11401.0000 0.1773 77.0463 47.0000 31.8169 35.8615 60.3139
11402.0000 0.1483 78.6115 48.0000 33.2728 37.9186 60.2898
11403.0000 0.1743 77.2829 47.0000 32.2553 35.8491 60.3911
11404.0000 0.1736 77.0951 47.0000 31.8924 36.0931 60.1982
11405.0000 0.1427 78.3127 48.0000 32.8882 38.4701 59.7603
11406.0000 0.1510 78.6668 48.0000 32.5282 38.5167 60.3890
11407.0000 0.1518 78.7108 48.0000 32.4100 38.6125 60.4488
11408.0000 0.1514 78.6621 48.0000 32.5979 38.4048 60.4167
11409.0000 0.1566 78.5275 48.0000 32.9060 37.5851 60.5898
11410.0000 0.1505 78.8196 48.0000 33.0112 38.2003 60.5270
11411.0000 0.1488 79.0317 48.0000 33.2009 38.3380 60.6128
11412.0000 0.1526 78.8581 48.0000 33.3399 37.7488 60.6802
11413.0000 0.1488 79.0218 48.0000 33.4153 38.1075 60.6274
11414.0000 0.1471 79.0064 48.0000 33.6202 38.0154 60.5518
11415.0000 0.1441 79.1216 48.0000 33.8826 38.0906 60.5087
11416.0000 0.1480 79.1122 48.0000 34.4924 37.1705 60.7237
11417.0000 0.1532 78.9154 48.0000 34.1775 36.9149 60.8015
11418.0000 0.1479 78.9765 48.0000 34.0102 37.5391 60.5922
11419.0000 0.1444 79.0656 48.0000 34.2136 37.6847 60.5034
11420.0000 0.1502 79.0262 48.0000 34.0054 37.4150 60.7362
11421.0000 0.1468 79.0126 48.0000 34.6029 37.0535 60.6026
11422.0000 0.1452 78.9016 48.0000 34.3354 37.3442 60.4313
11423.0000 0.1476 78.9582 48.0000 34.2416 37.3085 60.5804
11424.0000 0.1431 78.9110 48.0000 34.2982 37.5537 60.3348
11425.0000 0.1383 78.7885 48.0000 34.0443 38.0750 59.9909
11426.0000 0.1335 78.6806 48.0000 34.3194 38.0685 59.6958
11427.0000 0.1370 78.4826 48.0000 34.0700 37.8669 59.7063
11428.0000 0.1479 78.6684 48.0000 33.8395 37.4294 60.3544
11429.0000 0.1440 78.6250 48.0000 33.9463 37.5791 60.1444
11430.0000 0.1435 78.4285 48.0000 33.7555 37.6288 59.9639
11431.0000 0.1838 76.9873 47.0000 31.8961 35.2857 60.5359
11432.0000 0.1501 78.5439 48.0000 33.7824 37.2073 60.3615
11433.0000 0.1717 76.6217 47.0000 32.1574 35.5467 59.7764
11434.0000 0.1422 78.4188 48.0000 34.0051 37.4709 59.9091
11435.0000 0.1350 78.6664 48.0000 33.8372 38.4286 59.7219
11436.0000 0.1358 78.7229 48.0000 33.8596 38.3952 59.8049
11437.0000 0.1255 78.1104 48.0000 33.8688 38.6435 58.8287
11438.0000 0.1772 76.3890 47.0000 31.9318 35.1851 59.8134
11439.0000 0.1801 76.6954 47.0000 32.0359 35.1458 60.1719
11440.0000 0.1814 76.4192 47.0000 31.8681 34.9816 60.0050
11441.0000 0.1833 76.7406 47.0000 32.0900 34.9169 60.3337
11442.0000 0.1872 76.7494 47.0000 31.9324 34.8098 60.4903
11443.0000 0.1845 76.5601 47.0000 32.0760 34.6905 60.2424
11444.0000 0.1906 76.4869 47.0000 31.9705 34.3189 60.4181
11445.0000 0.1928 76.7312 47.0000 31.7362 34.6146 60.6821
11446.0000 0.1813 76.2367 47.0000 32.2921 34.4086 59.8773
11447.0000 0.1804 76.2381 47.0000 32.3406 34.4234 59.8445
11448.0000 0.1838 76.6379 47.0000 31.9641 34.9121 60.2728
11449.0000 0.1856 76.8267 47.0000 31.7978 35.1218 60.4790
11450.0000 0.1842 76.8621 47.0000 31.8678 35.1811 60.4526
11451.0000 0.1799 76.4783 47.0000 31.9879 35.0208 59.9938
11452.0000 0.1769 76.4897 47.0000 31.9993 35.2219 59.8843
11453.0000 0.1687 76.7428 47.0000 32.5248 35.4941 59.7643
11454.0000 0.1760 76.8885 47.0000 32.3494 35.2880 60.1674
11455.0000 0.1689 76.7150 47.0000 32.2547 35.7305 59.7340
11456.0000 0.1621 76.4188 47.0000 32.5865 35.6127 59.2426
11457.0000 0.1588 76.0880 47.0000 32.4344 35.7095 58.8407
11458.0000 0.1624 75.7453 47.0000 32.1974 35.3810 58.7270
11459.0000 0.1609 75.7772 47.0000 32.1670 35.5465 58.6848
11460.0000 0.1620 75.8688 47.0000 32.4841 35.2313 58.8185
11461.0000 0.1606 75.8964 47.0000 32.5474 35.2911 58.7833
11462.0000 0.1549 75.9698 47.0000 32.4314 35.8814 58.5845
11463.0000 0.1508 75.7765 47.0000 32.7004 35.7378 58.2715
11464.0000 0.1513 75.6331 47.0000 32.6992 35.5707 58.1881
11465.0000 0.1614 75.9971 47.0000 32.8806 34.9962 58.9040
11466.0000 0.1479 75.4746 47.0000 33.2737 35.0930 57.9462
11467.0000 0.1466 75.7783 47.0000 33.2533 35.4857 58.1149
11468.0000 0.1462 75.6624 47.0000 33.3853 35.2818 58.0122
11469.0000 0.1450 75.7155 47.0000 33.2585 35.5436 57.9946
11470.0000 0.1429 75.7239 47.0000 33.3823 35.5823 57.9106
11471.0000 0.1036 77.9304 48.0000 34.2998 39.8922 57.4915
11472.0000 0.1039 77.8383 48.0000 34.2794 39.7990 57.4435
11473.0000 0.1024 77.6194 48.0000 34.4304 39.5555 57.2249
11474.0000 0.1077 77.9829 48.0000 34.2207 39.6622 57.7684
11475.0000 0.1069 78.1914 48.0000 34.5178 39.6247 57.8991
11476.0000 0.1109 77.6865 48.0000 34.1675 39.1496 57.7502
11477.0000 0.1439 75.1117 47.0000 33.8481 34.4795 57.5086
11478.0000 0.1076 77.6382 48.0000 34.3325 39.2183 57.5403
11479.0000 0.1354 75.2502 47.0000 34.0869 34.9921 57.2383
11480.0000 0.1433 75.4871 47.0000 33.8743 34.8403 57.7667
11481.0000 0.1409 75.3697 47.0000 33.7548 35.0323 57.5669
11482.0000 0.1156 78.1440 48.0000 33.5577 39.8306 58.2570
11483.0000 0.1199 77.9981 48.0000 33.6387 39.2433 58.4132
11484.0000 0.1249 77.7071 48.0000 33.3540 38.8460 58.4542
11485.0000 0.1406 75.4479 47.0000 33.7108 35.1655 57.6139
11486.0000 0.1361 75.4143 47.0000 33.6421 35.5389 57.3805
11487.0000 0.1340 75.2873 47.0000 33.5742 35.6495 57.1845
11488.0000 0.1416 75.5871 47.0000 33.7240 35.2096 57.7614
11489.0000 0.1362 75.2957 47.0000 33.9393 35.1272 57.3031
11490.0000 0.1432 75.5787 47.0000 33.9501 34.8561 57.8324
11491.0000 0.1431 75.3345 47.0000 33.5922 34.9957 57.6381
11492.0000 0.1431 75.3831 47.0000 33.5359 35.0980 57.6723
11493.0000 0.1157 76.8038 48.0000 33.6658 38.4230 57.3507
11494.0000 0.1147 76.7662 48.0000 33.6162 38.5251 57.2609
11495.0000 0.1339 74.7666 47.0000 34.2207 34.5281 56.8049
11496.0000 0.1392 75.1917 47.0000 33.9574 34.7873 57.3631
11497.0000 0.1415 74.9197 47.0000 34.0968 34.2292 57.2602
11498.0000 0.1154 76.8736 48.0000 33.7544 38.4189 57.3950
11499.0000 0.1130 76.8760 48.0000 33.8115 38.5664 57.2654
11500.0000 0.1209 76.8336 48.0000 33.4114 38.2855 57.6307
11501.0000 0.1187 76.7366 48.0000 33.2980 38.4916 57.4296
11502.0000 0.1128 76.4773 48.0000 33.2354 38.8021 56.9086
11503.0000 0.1175 76.6269 48.0000 33.3454 38.4391 57.2905
11504.0000 0.1225 76.3202 48.0000 33.2037 37.8828 57.3339
11505.0000 0.1241 76.5132 48.0000 33.3483 37.7911 57.5673
11506.0000 0.1276 76.5839 48.0000 33.1033 37.8292 57.7773
11507.0000 0.1287 76.4998 48.0000 33.2113 37.5511 57.7854
11508.0000 0.1242 76.5008 48.0000 33.2728 37.8469 57.5578
11509.0000 0.1245 76.5257 48.0000 33.3837 37.7302 57.6034
11510.0000 0.1106 75.6602 48.0000 33.5163 37.9060 56.2518
11511.0000 0.1257 75.9935 48.0000 33.3963 37.1232 57.2850
11512.0000 0.1248 76.0762 48.0000 33.4874 37.1756 57.3076
11513.0000 0.1194 76.2639 48.0000 33.3844 37.8929 57.1471
11514.0000 0.1219 76.1374 48.0000 33.2397 37.7208 57.1766
11515.0000 0.1247 76.3521 48.0000 33.1912 37.7522 57.4697
11516.0000 0.1322 76.3199 48.0000 32.9536 37.3743 57.8096
11517.0000 0.1379 76.4352 48.0000 33.0162 36.9762 58.1811
11518.0000 0.1376 76.1066 48.0000 32.7186 36.9977 57.9040
11519.0000 0.1376 76.4191 48.0000 33.1180 36.8813 58.1622
11520.0000 0.1343 76.3341 48.0000 32.8654 37.3140 57.9174
11521.0000 0.1373 76.1147 48.0000 32.9874 36.7537 57.9176
11522.0000 0.1351 75.7946 48.0000 32.9823 36.6370 57.5737
11523.0000 0.1380 75.6622 48.0000 32.7260 36.5523 57.5995
11524.0000 0.1351 75.6040 48.0000 32.9180 36.5229 57.4321
11525.0000 0.1348 75.6010 48.0000 33.1722 36.2840 57.4334
11526.0000 0.1373 75.4439 48.0000 33.6512 35.4665 57.4587
11527.0000 0.1424 75.3746 48.0000 33.1486 35.5300 57.6205
11528.0000 0.1448 75.3092 48.0000 33.2904 35.1513 57.6854
11529.0000 0.1508 75.3006 48.0000 33.2680 34.7368 57.9377
11530.0000 0.1444 75.2412 48.0000 33.2673 35.1440 57.6145
11531.0000 0.1456 75.3975 48.0000 33.2405 35.2248 57.7846
11532.0000 0.1446 75.1673 48.0000 33.3246 35.0040 57.5701
11533.0000 0.1491 75.7268 48.0000 33.2306 35.2827 58.1843
11534.0000 0.1487 75.4403 48.0000 32.9811 35.3018 57.9419
11535.0000 0.1490 75.3634 48.0000 33.1188 35.0700 57.9041
11536.0000 0.1562 75.3024 48.0000 33.0764 34.5447 58.1641
11537.0000 0.1477 75.0297 48.0000 33.1493 34.8303 57.5972
11538.0000 0.1437 74.7995 48.0000 33.0723 34.9915 57.2431
11539.0000 0.1388 74.7320 48.0000 33.0647 35.2905 56.9753
11540.0000 0.1372 74.6598 48.0000 33.4252 34.9842 56.8590
11541.0000 0.1333 74.6359 48.0000 33.8217 34.8490 56.6759
11542.0000 0.1362 75.0015 48.0000 33.5056 35.2888 57.0728
11543.0000 0.1347 74.8131 48.0000 33.5649 35.1676 56.8651
11544.0000 0.1593 73.1108 47.0000 32.1317 33.3105 56.5964
11545.0000 0.1601 73.1469 47.0000 32.1939 33.2214 56.6601
11546.0000 0.1638 73.1611 47.0000 31.9080 33.2718 56.8103
11547.0000 0.1630 73.3713 47.0000 31.9333 33.4856 56.9414
11548.0000 0.1274 74.5374 48.0000 33.6714 35.3538 56.3220
11549.0000 0.1295 74.8563 48.0000 33.4794 35.6805 56.6524
11550.0000 0.1336 74.9336 48.0000 33.4849 35.4403 56.9016
11551.0000 0.1262 74.5368 48.0000 33.4944 35.6210 56.2584
11552.0000 0.1568 73.8398 47.0000 32.4721 33.7930 57.0606
11553.0000 0.1319 74.7631 48.0000 33.3517 35.5472 56.6884
11554.0000 0.1398 75.2551 48.0000 33.2834 35.4806 57.4167
11555.0000 0.1391 75.1817 48.0000 33.2337 35.5105 57.3308
11556.0000 0.1412 75.0218 48.0000 33.2134 35.2316 57.3051
11557.0000 0.1661 74.0459 47.0000 32.4651 33.3477 57.5912
11558.0000 0.1623 73.8532 47.0000 32.5239 33.3715 57.2960
11559.0000 0.1682 73.9472 47.0000 32.1961 33.3839 57.5944
11560.0000 0.1700 74.1635 47.0000 32.3398 33.3106 57.8340
11561.0000 0.1736 74.6110 47.0000 32.1039 33.6953 58.3161
11562.0000 0.1389 76.0160 48.0000 33.2175 36.3098 57.9364
11563.0000 0.1767 74.7065 47.0000 32.3766 33.2972 58.5159
11564.0000 0.1712 74.4784 47.0000 32.3623 33.4844 58.1250
11565.0000 0.1721 74.2717 47.0000 32.0958 33.5041 57.9967
11566.0000 0.1663 74.1322 47.0000 32.2655 33.6093 57.6622
11567.0000 0.1739 74.5086 47.0000 32.4510 33.2369 58.2561
11568.0000 0.1685 74.4510 47.0000 32.5973 33.4114 58.0004
11569.0000 0.1624 74.2110 47.0000 32.9052 33.3057 57.5781
11570.0000 0.1600 74.0925 47.0000 33.0584 33.2121 57.3916
11571.0000 0.1560 73.8307 47.0000 32.9775 33.3371 57.0271
11572.0000 0.1571 73.8673 47.0000 33.0243 33.2458 57.1007
11573.0000 0.1543 74.0848 47.0000 33.1639 33.4971 57.1546
11574.0000 0.1636 74.2495 47.0000 32.7677 33.3924 57.6560
11575.0000 0.1596 74.2714 47.0000 33.1592 33.2990 57.5142
11576.0000 0.1581 74.2349 47.0000 33.0792 33.4518 57.4244
11577.0000 0.1547 74.0582 47.0000 33.0565 33.5525 57.1499
11578.0000 0.1530 74.0077 47.0000 33.0952 33.5844 57.0433
11579.0000 0.1515 73.9930 47.0000 32.7998 33.9733 56.9646
11580.0000 0.1457 73.5294 47.0000 32.6862 34.0756 56.3652
11581.0000 0.1470 73.9425 47.0000 32.9340 34.1080 56.7406
11582.0000 0.1514 74.0856 47.0000 32.8344 34.0317 57.0301
11583.0000 0.1514 74.0883 47.0000 32.8434 34.0245 57.0326
11584.0000 0.1485 73.9567 47.0000 33.1389 33.8096 56.8183
11585.0000 0.1517 73.5982 47.0000 32.7703 33.6354 56.6698
11586.0000 0.1448 73.4924 47.0000 32.7246 34.0702 56.2979
11587.0000 0.1480 73.3367 47.0000 32.6084 33.8193 56.3135
11588.0000 0.1384 74.7454 48.0000 32.8673 35.5352 56.9550
11589.0000 0.1290 74.5790 48.0000 32.9168 36.0365 56.3904
11590.0000 0.1328 74.7074 48.0000 32.7199 36.0683 56.6540
11591.0000 0.1460 73.1658 47.0000 32.7132 33.6971 56.1034
11592.0000 0.1491 73.3355 47.0000 32.5856 33.7594 56.3611
11593.0000 0.1545 73.5583 47.0000 32.4618 33.7131 56.7493
11594.0000 0.1550 73.5549 47.0000 32.3583 33.7734 56.7682
11595.0000 0.1432 73.3950 47.0000 32.4973 34.3214 56.1497
11596.0000 0.1425 73.5751 47.0000 32.6558 34.3758 56.2601
11597.0000 0.1420 73.5905 47.0000 32.4570 34.6244 56.2429
11598.0000 0.1375 73.3576 47.0000 32.5429 34.6523 55.8705
11599.0000 0.1360 74.9832 48.0000 32.6076 36.1934 57.0023
11600.0000 0.1494 73.8580 47.0000 32.4509 34.3507 56.7624
11601.0000 0.1465 74.0341 47.0000 32.6946 34.4682 56.7808
11602.0000 0.1477 74.0914 47.0000 32.7107 34.4185 56.8763
11603.0000 0.1509 74.3069 47.0000 32.7284 34.3684 57.1767
11604.0000 0.1456 74.4588 47.0000 32.9174 34.6939 57.0692
11605.0000 0.1504 74.4376 47.0000 32.6142 34.6361 57.2504
11606.0000 0.1570 74.7117 47.0000 32.7329 34.3041 57.7376
11607.0000 0.1502 74.4135 47.0000 33.0586 34.1878 57.2336
11608.0000 0.1464 74.1449 47.0000 33.0803 34.1916 56.8691
11609.0000 0.1410 73.8245 47.0000 33.1691 34.1969 56.3953
11610.0000 0.1516 74.2773 47.0000 33.0034 34.0196 57.1888
11611.0000 0.1383 73.9026 47.0000 33.1529 34.4798 56.3349
11612.0000 0.1424 75.9413 48.0000 33.5389 35.6614 58.0559
11613.0000 0.1426 75.8386 48.0000 33.4250 35.6643 57.9855
11614.0000 0.1387 75.6157 48.0000 33.2505 35.9276 57.6312
11615.0000 0.1416 75.9641 48.0000 33.3150 35.9668 58.0262
11616.0000 0.1388 76.0453 48.0000 33.6507 35.9095 57.9744
11617.0000 0.1456 74.4588 47.0000 33.5301 34.0852 57.0793
11618.0000 0.1479 74.4365 47.0000 33.6263 33.8040 57.1609
11619.0000 0.1402 74.3382 47.0000 33.7446 34.1448 56.7592
11620.0000 0.1405 76.2709 48.0000 33.2604 36.3823 58.2008
11621.0000 0.1416 76.6747 48.0000 33.3507 36.5811 58.5540
11622.0000 0.1411 76.6899 48.0000 33.4104 36.5727 58.5450
11623.0000 0.1453 76.8451 48.0000 33.6686 36.1368 58.8704
11624.0000 0.1406 76.6511 48.0000 33.6025 36.3764 58.5066
11625.0000 0.1403 76.1979 48.0000 33.4877 36.0999 58.1506
11626.0000 0.1271 76.2053 48.0000 33.4045 37.2017 57.5102
11627.0000 0.1229 75.9665 48.0000 33.6668 37.0450 57.1412
11628.0000 0.1239 75.9593 48.0000 33.5501 37.0731 57.1822
11629.0000 0.1350 75.9511 48.0000 33.2633 36.5043 57.7023
11630.0000 0.1328 76.2050 48.0000 33.5781 36.5809 57.8061
11631.0000 0.1227 75.7055 48.0000 33.4675 37.0158 56.9305
11632.0000 0.1307 73.7429 47.0000 33.1929 34.8513 55.8716
11633.0000 0.1374 76.6863 48.0000 32.9981 37.2661 58.3366
11634.0000 0.1480 76.8387 48.0000 32.7695 36.8342 58.9372
11635.0000 0.1439 76.9227 48.0000 33.4525 36.5290 58.8529
11636.0000 0.1456 77.0021 48.0000 33.4003 36.5254 58.9884
11637.0000 0.1413 77.2834 48.0000 33.4348 37.0734 58.9949
11638.0000 0.1374 74.2088 47.0000 33.5957 34.3785 56.5367
11639.0000 0.1349 74.1866 47.0000 33.4940 34.6487 56.4027
11640.0000 0.1436 77.4190 48.0000 33.7640 36.6887 59.2252
11641.0000 0.1427 76.7316 48.0000 33.6338 36.2636 58.6639
11642.0000 0.1369 74.2814 47.0000 33.3184 34.7624 56.5614
11643.0000 0.1370 74.2801 47.0000 33.3459 34.7286 56.5642
11644.0000 0.1363 74.3335 47.0000 33.4817 34.6942 56.5752
11645.0000 0.1446 76.7345 48.0000 34.0137 35.7421 58.7687
11646.0000 0.1472 76.4472 48.0000 34.0108 35.2880 58.6703
11647.0000 0.1489 76.4843 48.0000 34.0114 35.1975 58.7725
11648.0000 0.1296 73.5278 47.0000 33.5890 34.3361 55.6701
11649.0000 0.1362 73.8311 47.0000 33.3744 34.3445 56.1929
11650.0000 0.1398 73.7596 47.0000 33.1684 34.2230 56.2950
11651.0000 0.1439 75.6246 48.0000 33.2532 35.5435 57.8788
11652.0000 0.1480 75.5989 48.0000 33.4056 35.0665 58.0483
11653.0000 0.1441 75.4519 48.0000 33.6340 34.9894 57.7710
11654.0000 0.1358 75.3732 48.0000 33.6881 35.4811 57.3351
11655.0000 0.1390 75.5429 48.0000 33.6530 35.4302 57.6099
11656.0000 0.1339 75.7489 48.0000 33.7322 35.9254 57.5274
11657.0000 0.1303 75.5549 48.0000 33.7844 35.9655 57.2158
11658.0000 0.1283 75.4694 48.0000 33.5856 36.2349 57.0497
11659.0000 0.1281 75.7414 48.0000 33.7650 36.3268 57.2455
11660.0000 0.1246 75.3940 48.0000 33.5668 36.4772 56.8061
11661.0000 0.1258 75.3429 48.0000 33.7049 36.1935 56.8380
11662.0000 0.1269 75.2920 48.0000 33.4566 36.3117 56.8419
11663.0000 0.1269 75.1924 48.0000 33.3103 36.3684 56.7597
11664.0000 0.1227 75.1264 48.0000 33.2994 36.6444 56.5006
11665.0000 0.1246 74.9936 48.0000 33.4872 36.1800 56.5125
11666.0000 0.1298 75.3252 48.0000 33.4571 36.1228 57.0058
11667.0000 0.1259 75.3711 48.0000 33.6158 36.2984 56.8614
11668.0000 0.1270 75.3497 48.0000 33.4299 36.3819 56.8892
11669.0000 0.1308 74.9643 48.0000 33.4464 35.7177 56.7912
11670.0000 0.1276 74.9346 48.0000 33.2844 36.1002 56.6050
11671.0000 0.1317 75.0253 48.0000 33.0543 36.1087 56.8539
11672.0000 0.1322 74.9518 48.0000 33.2689 35.7816 56.8386
11673.0000 0.1357 74.8587 48.0000 33.0048 35.7008 56.9205
11674.0000 0.1409 74.5695 48.0000 32.9097 35.1465 56.9410
11675.0000 0.1398 75.0336 48.0000 32.8223 35.7408 57.2305
11676.0000 0.1418 74.8006 48.0000 33.0379 35.1656 57.1577
11677.0000 0.1308 74.5433 48.0000 33.1306 35.6495 56.4640
11678.0000 0.1276 74.4988 48.0000 33.1944 35.7845 56.2821
11679.0000 0.1302 74.6679 48.0000 33.1645 35.7776 56.5276
11680.0000 0.1375 74.9563 48.0000 33.3338 35.3246 57.0919
11681.0000 0.1319 74.7765 48.0000 33.6215 35.2890 56.7081
11682.0000 0.1321 74.7615 48.0000 33.5754 35.3028 56.7070
11683.0000 0.1315 74.5937 48.0000 33.7573 35.0079 56.5607
11684.0000 0.1282 74.4918 48.0000 33.6203 35.3040 56.3235
11685.0000 0.1268 74.4713 48.0000 33.4663 35.5459 56.2358
11686.0000 0.1270 74.4268 48.0000 33.7334 35.2193 56.2229
11687.0000 0.1302 74.5621 48.0000 33.7157 35.1206 56.4739
11688.0000 0.1328 74.8373 48.0000 33.9075 34.9900 56.8032
11689.0000 0.1290 74.4326 48.0000 33.4142 35.3911 56.3132
11690.0000 0.1257 74.5720 48.0000 33.6479 35.5389 56.2654
11691.0000 0.1289 74.5131 48.0000 33.7040 35.1848 56.3762
11692.0000 0.1190 74.0364 48.0000 33.6452 35.5488 55.5488
11693.0000 0.1094 73.7831 48.0000 33.6813 36.0314 54.8749
11694.0000 0.1090 73.5329 48.0000 33.5499 35.9579 54.6673
11695.0000 0.1213 71.9689 47.0000 33.3810 33.7051 54.1221
11696.0000 0.1099 73.6616 48.0000 33.6291 35.9249 54.8134
11697.0000 0.1121 73.9404 48.0000 33.5345 36.1176 55.1193
11698.0000 0.1060 73.6823 48.0000 33.7918 36.0980 54.6271
11699.0000 0.0962 73.1450 48.0000 33.8528 36.3190 53.7133
11700.0000 0.0943 73.1608 48.0000 33.9092 36.4393 53.6176
11701.0000 0.1014 73.3660 48.0000 33.5673 36.3931 54.1419
11702.0000 0.1025 73.3821 48.0000 33.4629 36.4274 54.2052
11703.0000 0.1037 73.4750 48.0000 33.3584 36.5289 54.3272
11704.0000 0.1003 73.1892 48.0000 33.5198 36.3659 53.9500
11705.0000 0.0989 73.1843 48.0000 33.3974 36.6016 53.8597
11706.0000 0.0970 73.3035 48.0000 33.6454 36.6224 53.8535
11707.0000 0.1006 73.3375 48.0000 33.3115 36.7033 54.0518
11708.0000 0.1024 73.4607 48.0000 33.4549 36.5208 54.2538
11709.0000 0.1047 73.4056 48.0000 33.2314 36.5108 54.3232
11710.0000 0.1054 73.5783 48.0000 33.5018 36.3372 54.5069
11711.0000 0.1025 73.5032 48.0000 33.2889 36.7277 54.2739
11712.0000 0.1019 73.6570 48.0000 33.3059 36.9098 54.3484
11713.0000 0.1068 73.5666 48.0000 33.2205 36.5067 54.5500
11714.0000 0.1169 73.8027 48.0000 33.5351 35.6044 55.2681
11715.0000 0.1190 73.7647 48.0000 33.4519 35.4909 55.3407
11716.0000 0.1173 73.7179 48.0000 33.3611 35.6762 55.2139
11717.0000 0.1129 73.7681 48.0000 33.3889 36.0370 55.0295
11718.0000 0.1075 73.5960 48.0000 33.2221 36.4784 54.6076
11719.0000 0.1101 73.6221 48.0000 33.2932 36.2185 54.7722
11720.0000 0.1061 73.7536 48.0000 33.5713 36.3805 54.6720
11721.0000 0.1048 73.7101 48.0000 33.4412 36.5819 54.5585
11722.0000 0.1050 73.9261 48.0000 33.4476 36.7666 54.7225
11723.0000 0.1103 74.1093 48.0000 33.4720 36.4817 55.1444
11724.0000 0.1177 74.2555 48.0000 33.2547 36.2598 55.6169
11725.0000 0.1199 74.5103 48.0000 33.2240 36.3608 55.9093
11726.0000 0.1225 74.5569 48.0000 32.9231 36.5048 56.0553
11727.0000 0.1193 74.5709 48.0000 33.2315 36.4528 55.9256
11728.0000 0.1223 74.5652 48.0000 33.1579 36.2904 56.0673
11729.0000 0.1266 74.6433 48.0000 32.9262 36.2671 56.3221
11730.0000 0.1314 74.4491 48.0000 32.7648 35.8879 56.4020
11731.0000 0.1307 74.3376 48.0000 32.8977 35.7030 56.2949
11732.0000 0.1301 74.3915 48.0000 33.0131 35.6774 56.3148
11733.0000 0.1268 74.4769 48.0000 33.1033 35.9148 56.2238
11734.0000 0.1256 74.6314 48.0000 33.1981 36.0536 56.2838
11735.0000 0.1225 74.4875 48.0000 33.2749 36.0853 56.0270
11736.0000 0.1216 74.4980 48.0000 33.5792 35.8501 56.0104
11737.0000 0.1243 74.7533 48.0000 33.1702 36.3006 56.3033
11738.0000 0.1249 74.6589 48.0000 33.1007 36.2387 56.2588
11739.0000 0.1265 74.8237 48.0000 33.0832 36.2826 56.4594
11740.0000 0.1228 74.5345 48.0000 33.2956 36.0863 56.0765
11741.0000 0.1271 74.5152 48.0000 32.9967 36.0366 56.2591
11742.0000 0.1271 74.7630 48.0000 33.2224 36.0435 56.4503
11743.0000 0.1227 74.5943 48.0000 33.3264 36.1134 56.1203
11744.0000 0.1150 74.4246 48.0000 33.1903 36.6991 55.5931
11745.0000 0.1170 74.7409 48.0000 33.1398 36.8929 55.9184
11746.0000 0.1068 74.5567 48.0000 33.1872 37.4966 55.2388
11747.0000 0.1043 74.3596 48.0000 33.1914 37.5155 54.9570
11748.0000 0.1031 74.4588 48.0000 33.6137 37.2655 55.0047
11749.0000 0.1048 74.2267 48.0000 33.4776 37.0396 54.9264
11750.0000 0.1088 74.4017 48.0000 33.4888 36.8711 55.2687
11751.0000 0.1137 74.5990 48.0000 33.2349 36.9215 55.6529
11752.0000 0.1047 74.0501 48.0000 33.5251 36.8303 54.7998
11753.0000 0.1110 74.2332 48.0000 33.2216 36.8068 55.2463
11754.0000 0.1064 74.4335 48.0000 33.5088 37.0808 55.1591
11755.0000 0.1035 74.1829 48.0000 33.4694 37.1168 54.8202
11756.0000 0.1056 74.3201 48.0000 33.5421 36.9990 55.0408
11757.0000 0.1030 74.4258 48.0000 33.5676 37.2941 54.9688
11758.0000 0.1045 74.5546 48.0000 33.2809 37.5958 55.1119
11759.0000 0.1033 74.5252 48.0000 33.1711 37.7767 55.0145
11760.0000 0.1070 74.7242 48.0000 33.1648 37.6664 55.3628
11761.0000 0.1004 74.5766 48.0000 33.4603 37.7762 54.9093
11762.0000 0.1022 74.9097 48.0000 33.5488 37.8535 55.2545
11763.0000 0.1093 74.9806 48.0000 33.2655 37.6165 55.6822
11764.0000 0.1071 74.7767 48.0000 33.4642 37.3936 55.4384
11765.0000 0.1018 74.4920 48.0000 33.3963 37.6413 54.9261
11766.0000 0.0961 74.2788 48.0000 33.2232 38.1097 54.4170
11767.0000 0.0940 74.5839 48.0000 33.2849 38.5268 54.5029
11768.0000 0.0922 74.4338 48.0000 33.4079 38.4092 54.3051
11769.0000 0.0934 74.5023 48.0000 33.4511 38.3276 54.4299
11770.0000 0.0879 74.7591 48.0000 33.6886 38.8239 54.2835
11771.0000 0.0925 74.9482 48.0000 33.7493 38.5330 54.7122
11772.0000 0.0948 74.9526 48.0000 33.3435 38.7601 54.8066
11773.0000 0.0970 74.9618 48.0000 33.4927 38.4137 54.9718
11774.0000 0.0959 74.8652 48.0000 33.5123 38.3942 54.8416
11775.0000 0.0965 74.7656 48.0000 33.6938 38.0522 54.8330
11776.0000 0.0971 74.4621 48.0000 33.4824 37.9260 54.6366
11777.0000 0.0992 74.6108 48.0000 33.3220 38.0544 54.8478
11778.0000 0.1012 74.5910 48.0000 33.2949 37.8961 54.9468
11779.0000 0.1024 74.6471 48.0000 33.0874 38.0630 55.0330
11780.0000 0.1024 74.7652 48.0000 33.1924 38.0709 55.1245
11781.0000 0.1071 75.0068 48.0000 32.9635 38.1466 55.5361
11782.0000 0.1055 74.9261 48.0000 33.0945 38.0625 55.4069
11783.0000 0.0991 74.7441 48.0000 33.1973 38.3334 54.9106
11784.0000 0.1024 74.8586 48.0000 33.4132 37.9290 55.2156
11785.0000 0.1075 74.8094 48.0000 33.5104 37.3436 55.4883
11786.0000 0.1116 75.0421 48.0000 33.2942 37.4624 55.8514
11787.0000 0.1124 75.0033 48.0000 33.2881 37.3594 55.8720
11788.0000 0.1054 74.8623 48.0000 33.7786 37.2957 55.4292
11789.0000 0.1076 75.1541 48.0000 33.5093 37.6757 55.7297
11790.0000 0.1048 75.1550 48.0000 33.7194 37.6908 55.5938
11791.0000 0.1028 75.3012 48.0000 33.8978 37.8141 55.5995
11792.0000 0.1052 75.3026 48.0000 33.8746 37.6343 55.7373
11793.0000 0.1067 75.5523 48.0000 34.0742 37.5420 56.0152
11794.0000 0.1007 75.1236 48.0000 33.9042 37.8135 55.3552
11795.0000 0.1044 75.2279 48.0000 33.8415 37.6696 55.6326
11796.0000 0.1051 75.3426 48.0000 33.7556 37.8101 55.7447
11797.0000 0.1082 75.1629 48.0000 33.7589 37.3685 55.7979
11798.0000 0.1121 75.1601 48.0000 33.7533 37.0555 56.0058
11799.0000 0.1086 74.8469 48.0000 33.6014 37.1942 55.5841
11800.0000 0.1059 74.4983 48.0000 33.6116 37.0735 55.1889
11801.0000 0.1056 74.3968 48.0000 33.6859 36.9229 55.1075
11802.0000 0.1104 74.2584 48.0000 33.5890 36.5003 55.2613
11803.0000 0.1107 74.3444 48.0000 33.3684 36.7851 55.3218
11804.0000 0.1057 73.8745 48.0000 33.4689 36.6382 54.7259
11805.0000 0.1103 74.0367 48.0000 33.3001 36.5939 55.0765
11806.0000 0.1112 74.1462 48.0000 33.0406 36.8964 55.1781
11807.0000 0.1044 73.8302 48.0000 33.3514 36.8207 54.6152
11808.0000 0.1044 73.8943 48.0000 33.1744 37.0669 54.6431
11809.0000 0.1035 74.0780 48.0000 33.1263 37.3770 54.7097
11810.0000 0.1061 74.2481 48.0000 33.4238 37.0114 55.0071
11811.0000 0.1124 74.2006 48.0000 33.1480 36.7412 55.2904
11812.0000 0.1168 74.3669 48.0000 32.9960 36.7019 55.6298
11813.0000 0.1149 74.3258 48.0000 33.0315 36.7738 55.5062
11814.0000 0.1152 74.1121 48.0000 33.0342 36.5454 55.3695
11815.0000 0.1167 74.5891 48.0000 32.8193 37.1067 55.7631
11816.0000 0.1170 74.8273 48.0000 33.0844 37.0318 55.9750
11817.0000 0.1107 74.6529 48.0000 33.6285 36.8084 55.5637
11818.0000 0.1094 74.7085 48.0000 33.5997 37.0041 55.5258
11819.0000 0.1080 74.7024 48.0000 33.4628 37.2487 55.4367
11820.0000 0.1105 74.6816 48.0000 33.2814 37.2128 55.5418
11821.0000 0.1108 74.9085 48.0000 33.3569 37.3316 55.7222
11822.0000 0.1196 75.2004 48.0000 32.7687 37.5022 56.3462
11823.0000 0.1131 75.1248 48.0000 33.0365 37.6841 55.9664
11824.0000 0.1051 74.8570 48.0000 33.1099 38.0200 55.3334
11825.0000 0.1046 74.7681 48.0000 32.9870 38.1037 55.2290
11826.0000 0.1112 74.6555 48.0000 33.2515 37.1659 55.5561
11827.0000 0.1124 74.5284 48.0000 32.9300 37.2807 55.5000
11828.0000 0.1109 74.4744 48.0000 33.1334 37.1384 55.4017
11829.0000 0.1082 74.2251 48.0000 33.2301 37.0202 55.0874
11830.0000 0.1071 74.2009 48.0000 33.3559 36.9521 55.0245
11831.0000 0.1078 74.2151 48.0000 33.5360 36.7218 55.0884
11832.0000 0.1053 74.2080 48.0000 33.4330 37.0260 54.9375
11833.0000 0.1057 74.3124 48.0000 33.3454 37.1866 55.0234
11834.0000 0.1074 74.5399 48.0000 33.4698 37.1371 55.2883
11835.0000 0.1113 74.5211 48.0000 33.0706 37.2150 55.4506
11836.0000 0.1146 74.5880 48.0000 33.0688 37.0141 55.6756
11837.0000 0.1120 74.6229 48.0000 33.3156 37.0040 55.5820
11838.0000 0.1093 74.6496 48.0000 33.3859 37.1760 55.4608
11839.0000 0.1122 74.6691 48.0000 33.0277 37.3286 55.5988
11840.0000 0.1155 74.9042 48.0000 33.2201 37.0864 55.9611
11841.0000 0.1163 74.9625 48.0000 33.1898 37.1050 56.0449
11842.0000 0.1162 74.8335 48.0000 33.3191 36.8617 55.9562
11843.0000 0.1098 74.5912 48.0000 33.3080 37.1568 55.4418
11844.0000 0.1075 74.8950 48.0000 33.3050 37.6444 55.5243
11845.0000 0.1157 74.8305 48.0000 33.0711 37.1513 55.9078
11846.0000 0.1208 75.2929 48.0000 32.9069 37.3516 56.4891
11847.0000 0.1191 75.2881 48.0000 33.3676 37.0119 56.4360
11848.0000 0.1186 74.8772 48.0000 32.9769 37.0653 56.0829
11849.0000 0.1163 75.1977 48.0000 32.9155 37.6179 56.1797
11850.0000 0.1189 75.4931 48.0000 33.0591 37.5369 56.5446
11851.0000 0.1189 75.2200 48.0000 33.3360 36.9932 56.3761
11852.0000 0.1127 74.9821 48.0000 33.2534 37.3570 55.8658
11853.0000 0.1123 75.0015 48.0000 33.4574 37.1961 55.8773
11854.0000 0.1108 75.3207 48.0000 33.6072 37.4670 56.0356
11855.0000 0.1145 75.2274 48.0000 33.3338 37.3585 56.1459
11856.0000 0.1140 75.2032 48.0000 33.6311 37.0669 56.1294
11857.0000 0.1134 75.2222 48.0000 33.6990 37.0649 56.1155
11858.0000 0.1104 75.2178 48.0000 33.7587 37.2473 55.9527
11859.0000 0.1190 75.4593 48.0000 33.9319 36.6012 56.5957
11860.0000 0.1182 75.4784 48.0000 33.4989 37.1292 56.5352
11861.0000 0.1140 75.6548 48.0000 33.6630 37.4647 56.4522
11862.0000 0.1168 75.6173 48.0000 33.6277 37.2372 56.5733
11863.0000 0.1211 75.5470 48.0000 33.8524 36.6034 56.7587
11864.0000 0.1259 75.7224 48.0000 33.7364 36.5040 57.1244
11865.0000 0.1228 75.8760 48.0000 34.4630 36.1521 57.1182
11866.0000 0.1211 75.6647 48.0000 34.2512 36.3049 56.8679
11867.0000 0.1207 75.7925 48.0000 33.8822 36.8348 56.9183
11868.0000 0.1216 75.7405 48.0000 33.8864 36.7079 56.9286
11869.0000 0.1163 75.5163 48.0000 33.9194 36.8839 56.4957
11870.0000 0.1117 75.1653 48.0000 34.0496 36.7900 56.0083
11871.0000 0.1075 75.0586 48.0000 33.9204 37.1658 55.6947
11872.0000 0.1075 74.9791 48.0000 33.9181 37.0921 55.6381
11873.0000 0.1042 75.0459 48.0000 33.8791 37.4675 55.5003
11874.0000 0.1116 75.2215 48.0000 33.6105 37.3018 56.0106
11875.0000 0.1100 75.2491 48.0000 33.9750 37.0850 55.9718
11876.0000 0.1162 75.5767 48.0000 33.4809 37.4024 56.4972
11877.0000 0.1177 75.4146 48.0000 33.1974 37.4157 56.4390
11878.0000 0.1202 75.3943 48.0000 33.7195 36.6617 56.5969
11879.0000 0.1251 75.4596 48.0000 33.4210 36.6483 56.8690
11880.0000 0.1272 75.4873 48.0000 33.1469 36.7892 56.9752
11881.0000 0.1217 75.1773 48.0000 33.2336 36.8335 56.4840
11882.0000 0.1241 75.3274 48.0000 33.0553 36.9722 56.6977
11883.0000 0.1280 75.2798 48.0000 33.3590 36.3160 56.8804
11884.0000 0.1286 75.5884 48.0000 33.4804 36.4304 57.1445
11885.0000 0.1342 75.5320 48.0000 33.5317 35.9040 57.3725
11886.0000 0.1366 75.7820 48.0000 33.5300 35.9549 57.6705
11887.0000 0.1303 75.4996 48.0000 33.5040 36.1981 57.1609
11888.0000 0.1305 75.4115 48.0000 33.6592 35.9399 57.1163
11889.0000 0.1299 75.4800 48.0000 33.6521 36.0578 57.1367
11890.0000 0.1308 75.5250 48.0000 34.0724 35.6056 57.2306
11891.0000 0.1289 75.7436 48.0000 34.2103 35.8142 57.3071
11892.0000 0.1248 75.6382 48.0000 34.2176 36.0233 57.0317
11893.0000 0.1253 75.6777 48.0000 34.3409 35.9010 57.0871
11894.0000 0.1248 75.7426 48.0000 34.7913 35.5418 57.1252
11895.0000 0.1278 76.0236 48.0000 34.6497 35.7180 57.4736
11896.0000 0.1281 75.8229 48.0000 34.4525 35.7089 57.3325
11897.0000 0.1311 75.8826 48.0000 34.4305 35.5548 57.5201
11898.0000 0.1320 75.9524 48.0000 34.3228 35.6599 57.6115
11899.0000 0.1340 75.8234 48.0000 34.2101 35.5037 57.6051
11900.0000 0.1350 76.3690 48.0000 34.1827 35.9597 58.0575
11901.0000 0.1395 76.4589 48.0000 33.8356 36.0503 58.3223
11902.0000 0.1386 76.5047 48.0000 34.2162 35.7790 58.3274
11903.0000 0.1373 76.5259 48.0000 34.0617 36.0528 58.2770
11904.0000 0.1390 76.9226 48.0000 34.2615 36.0814 58.6631
11905.0000 0.1304 76.4336 48.0000 34.1659 36.3834 57.8881
11906.0000 0.1280 76.4045 48.0000 34.2127 36.4992 57.7491
11907.0000 0.1238 76.1056 48.0000 34.6649 36.0861 57.3428
11908.0000 0.1225 75.9649 48.0000 34.6227 36.1038 57.1704
11909.0000 0.1255 76.0232 48.0000 34.4369 36.1114 57.3550
11910.0000 0.1275 75.9834 48.0000 34.4585 35.8989 57.4225
11911.0000 0.1204 75.6785 48.0000 34.6207 35.9964 56.8586
11912.0000 0.1287 75.9382 48.0000 34.6095 35.6106 57.4515
11913.0000 0.1313 76.0785 48.0000 34.1632 35.9929 57.6656
11914.0000 0.1300 76.0812 48.0000 34.2931 35.9628 57.6109
11915.0000 0.1284 76.5822 48.0000 34.4779 36.3616 57.9133
11916.0000 0.1334 76.7903 48.0000 34.5164 36.1337 58.3072
11917.0000 0.1258 76.6947 48.0000 34.2268 36.9290 57.8519
11918.0000 0.1278 76.9687 48.0000 34.4178 36.8299 58.1649
11919.0000 0.1262 76.1763 48.0000 34.2861 36.3490 57.4982
11920.0000 0.1262 76.0931 48.0000 34.3184 36.2372 57.4393
11921.0000 0.1364 76.3818 48.0000 33.9559 36.0920 58.1252
11922.0000 0.1358 76.1112 48.0000 34.2443 35.5976 57.9056
11923.0000 0.1435 76.6389 48.0000 34.1016 35.6442 58.6522
11924.0000 0.1354 76.5273 48.0000 34.3575 35.8939 58.2033
11925.0000 0.1326 76.3822 48.0000 34.4288 35.9060 57.9626
11926.0000 0.1322 76.5693 48.0000 34.6291 35.9048 58.0907
11927.0000 0.1380 76.6492 48.0000 34.6166 35.5537 58.4186
11928.0000 0.1324 76.5451 48.0000 34.4693 36.0285 58.0772
11929.0000 0.1382 76.5884 48.0000 34.3155 35.7831 58.3764
11930.0000 0.1405 76.6170 48.0000 34.0640 35.8917 58.4944
11931.0000 0.1402 76.5501 48.0000 33.9505 35.9665 58.4268
11932.0000 0.1429 76.7481 48.0000 34.2138 35.6782 58.7092
11933.0000 0.1453 76.8221 48.0000 34.2820 35.4982 58.8749
11934.0000 0.1494 77.0869 48.0000 34.0882 35.6350 59.2497
11935.0000 0.1530 77.0094 48.0000 33.9345 35.4537 59.3459
11936.0000 0.1490 77.0491 48.0000 34.0962 35.6169 59.2069
11937.0000 0.1500 76.9342 48.0000 34.2682 35.2719 59.1647
11938.0000 0.1506 77.0427 48.0000 34.4295 35.1612 59.2780
11939.0000 0.1392 76.3251 48.0000 34.4057 35.3745 58.2273
11940.0000 0.1424 76.3452 48.0000 34.2333 35.3265 58.3842
11941.0000 0.1395 76.1963 48.0000 34.3869 35.2538 58.1428
11942.0000 0.1392 75.9590 48.0000 34.2874 35.1606 57.9472
11943.0000 0.1439 76.0879 48.0000 34.0631 35.1544 58.2515
11944.0000 0.1427 75.8439 48.0000 33.9134 35.1674 58.0123
11945.0000 0.1454 75.8993 48.0000 33.9191 35.0177 58.1719
11946.0000 0.1490 76.3137 48.0000 33.9600 35.0923 58.6432
11947.0000 0.1531 76.3501 48.0000 33.9441 34.8368 58.8519
11948.0000 0.1466 76.4530 48.0000 33.9975 35.3518 58.6471
11949.0000 0.1366 75.9907 48.0000 33.8334 35.8374 57.8409
11950.0000 0.1346 76.1132 48.0000 33.7000 36.2408 57.8285
11951.0000 0.1371 75.8243 48.0000 33.5163 35.9725 57.7232
11952.0000 0.1423 76.1192 48.0000 33.6017 35.7655 58.1884
11953.0000 0.1423 75.8300 48.0000 33.2764 35.8307 57.9571
11954.0000 0.1424 75.8456 48.0000 33.6213 35.4913 57.9873
11955.0000 0.1397 75.7345 48.0000 33.6693 35.5402 57.7840
11956.0000 0.1399 75.9052 48.0000 33.5937 35.7592 57.9167
11957.0000 0.1427 75.8717 48.0000 33.6128 35.4970 58.0228
11958.0000 0.1441 75.9794 48.0000 33.6431 35.4595 58.1691
11959.0000 0.1408 76.0233 48.0000 33.4734 35.9169 58.0436
11960.0000 0.1470 76.2469 48.0000 33.3303 35.8069 58.4854
11961.0000 0.1542 76.1949 48.0000 33.4549 35.1093 58.7688
11962.0000 0.1536 76.6262 48.0000 33.4712 35.5232 59.0707
11963.0000 0.1506 76.5897 48.0000 33.3854 35.7947 58.9079
11964.0000 0.1468 76.7151 48.0000 33.7475 35.8290 58.8439
11965.0000 0.1498 76.4448 48.0000 33.0401 36.0717 58.7451
11966.0000 0.1560 76.5244 48.0000 32.7815 35.9521 59.0662
11967.0000 0.1536 76.4540 48.0000 32.9865 35.8537 58.9204
11968.0000 0.1550 76.7420 48.0000 33.2275 35.7746 59.2068
11969.0000 0.1621 76.6634 48.0000 33.2069 35.2140 59.4521
11970.0000 0.1611 76.7873 48.0000 32.8643 35.7349 59.4915
11971.0000 0.1606 76.7252 48.0000 33.2971 35.2853 59.4391
11972.0000 0.1619 77.1583 48.0000 33.2187 35.6591 59.8193
11973.0000 0.1654 77.1047 48.0000 33.3886 35.1884 59.9342
11974.0000 0.1519 76.8342 48.0000 33.4285 35.8811 59.1488
11975.0000 0.1618 77.0415 48.0000 33.4866 35.2894 59.7386
11976.0000 0.1660 76.9616 48.0000 33.2893 35.1189 59.8462
11977.0000 0.1656 77.2707 48.0000 33.5838 35.1286 60.0739
11978.0000 0.1676 77.0666 48.0000 33.4326 34.9586 59.9952
11979.0000 0.1634 76.8931 48.0000 33.2757 35.2582 59.6837
11980.0000 0.1630 76.9784 48.0000 33.2628 35.3739 59.7324
11981.0000 0.1597 76.9392 48.0000 33.2093 35.6284 59.5601
11982.0000 0.1586 76.7607 48.0000 33.4955 35.2637 59.3862
11983.0000 0.1650 77.3028 48.0000 33.4469 35.3340 60.0711
11984.0000 0.1719 77.3284 48.0000 33.3149 35.0013 60.3714
11985.0000 0.1651 76.8993 48.0000 33.5833 34.8365 59.7669
11986.0000 0.1537 76.8034 48.0000 34.0811 35.0647 59.2259
11987.0000 0.1670 77.0688 48.0000 33.6745 34.7591 59.9786
11988.0000 0.1715 77.0716 48.0000 33.3856 34.7351 60.1573
11989.0000 0.1645 76.8356 48.0000 33.5502 34.8527 59.6941
11990.0000 0.1640 76.8151 48.0000 33.5517 34.8702 59.6566
11991.0000 0.1634 76.9657 48.0000 33.9382 34.6583 59.7554
11992.0000 0.1630 76.8095 48.0000 33.6700 34.8196 59.6123
11993.0000 0.1681 76.7576 48.0000 33.5343 34.5468 59.7804
11994.0000 0.1661 76.7870 48.0000 33.8658 34.3831 59.7257
11995.0000 0.1653 77.0280 48.0000 33.6551 34.8599 59.8786
11996.0000 0.1683 77.1715 48.0000 33.4754 34.9570 60.1069
11997.0000 0.1645 76.7249 48.0000 33.4491 34.8584 59.6051
11998.0000 0.1645 76.8765 48.0000 33.7078 34.7320 59.7283
11999.0000 0.1699 77.1495 48.0000 33.4606 34.8423 60.1535
12000.0000 0.1690 77.4560 48.0000 33.2534 35.3836 60.3460
12001.0000 0.1665 77.3470 48.0000 33.0865 35.6263 60.1548
12002.0000 0.1673 76.9191 48.0000 33.3161 34.9610 59.8692
12003.0000 0.1707 76.7914 48.0000 33.1566 34.7685 59.9059
12004.0000 0.1768 77.0148 48.0000 33.2120 34.4833 60.3253
12005.0000 0.1738 76.9148 48.0000 33.1232 34.6968 60.1238
12006.0000 0.1706 76.8622 48.0000 33.1273 34.8657 59.9563
12007.0000 0.1657 76.8131 48.0000 33.0902 35.2051 59.7152
12008.0000 0.1608 76.3396 48.0000 33.3710 34.8558 59.1540
12009.0000 0.1562 76.0754 48.0000 33.4772 34.8392 58.7620
12010.0000 0.1570 76.2498 48.0000 33.6836 34.7271 58.9362
12011.0000 0.1522 75.7981 48.0000 33.4883 34.8623 58.3824
12012.0000 0.1586 76.0148 48.0000 33.4637 34.6248 58.8180
12013.0000 0.1554 75.7825 48.0000 33.6070 34.5030 58.5072
12014.0000 0.1547 75.9475 48.0000 33.3432 34.9661 58.5972
12015.0000 0.1607 75.9790 48.0000 33.2963 34.6134 58.8734
12016.0000 0.1620 76.0435 48.0000 33.3686 34.5038 58.9801
12017.0000 0.1609 76.0699 48.0000 33.5081 34.4706 58.9543
12018.0000 0.1535 76.0090 48.0000 33.8416 34.6033 58.6066
12019.0000 0.1530 75.7938 48.0000 33.6524 34.6412 58.4141
12020.0000 0.1559 75.9209 48.0000 33.7960 34.4043 58.6358
12021.0000 0.1558 75.9266 48.0000 33.6267 34.5844 58.6346
12022.0000 0.1679 76.1574 48.0000 33.1973 34.3637 59.3045
12023.0000 0.1674 76.4188 48.0000 33.2903 34.5399 59.4860
12024.0000 0.1606 76.0050 48.0000 33.5117 34.4277 58.8937
12025.0000 0.1650 76.3055 48.0000 33.4857 34.4074 59.3074
12026.0000 0.1629 76.4642 48.0000 33.6847 34.5036 59.3431
12027.0000 0.1575 76.3511 48.0000 33.6810 34.7889 59.0323
12028.0000 0.1668 76.6753 48.0000 33.6231 34.4773 59.6650
12029.0000 0.1601 76.2595 48.0000 33.6624 34.5414 59.0698
12030.0000 0.1582 76.2656 48.0000 33.7530 34.5907 58.9971
12031.0000 0.1621 76.4082 48.0000 33.5290 34.6618 59.2671
12032.0000 0.1606 76.4070 48.0000 33.5458 34.7537 59.2021
12033.0000 0.1636 76.7626 48.0000 33.4447 34.9535 59.6003
12034.0000 0.1693 77.2323 48.0000 33.2752 35.1393 60.1898
12035.0000 0.1686 76.9512 48.0000 33.2593 34.9551 59.9453
12036.0000 0.1674 76.8158 48.0000 33.5228 34.6561 59.7984
12037.0000 0.1515 76.5871 48.0000 33.7904 35.3206 58.9598
12038.0000 0.1636 76.8488 48.0000 33.8564 34.6255 59.6704
12039.0000 0.1608 77.1416 48.0000 33.6435 35.2978 59.7746
12040.0000 0.1684 77.3699 48.0000 33.5327 35.0647 60.2671
12041.0000 0.1716 77.3631 48.0000 33.2187 35.1523 60.3812
12042.0000 0.1804 77.7177 48.0000 32.9970 35.0625 61.0070
12043.0000 0.1825 77.7503 48.0000 33.2557 34.6894 61.1213
12044.0000 0.1808 77.5843 48.0000 33.3144 34.6046 60.9262
12045.0000 0.1732 77.2442 48.0000 33.4063 34.7469 60.3602
12046.0000 0.1789 77.0967 48.0000 33.3701 34.2530 60.4738
12047.0000 0.1786 77.1641 48.0000 33.5636 34.1433 60.5146
12048.0000 0.1757 77.0064 48.0000 32.9745 34.7945 60.2661
12049.0000 0.1763 77.0873 48.0000 33.1686 34.6293 60.3583
12050.0000 0.1717 76.8044 48.0000 33.3126 34.5550 59.9595
12051.0000 0.1724 76.6501 48.0000 33.2379 34.4471 59.8654
12052.0000 0.1782 76.6551 48.0000 33.0436 34.2438 60.0957
12053.0000 0.1822 76.5612 48.0000 32.7139 34.2113 60.1748
12054.0000 0.1884 76.7514 48.0000 32.5476 34.1237 60.5557
12055.0000 0.1830 76.7504 48.0000 32.9924 34.0467 60.3569
12056.0000 0.1742 76.4453 48.0000 33.3193 34.0547 59.7828
12057.0000 0.1787 76.6813 48.0000 32.9782 34.2935 60.1366
12058.0000 0.1857 76.9912 48.0000 32.7819 34.2790 60.6461
12059.0000 0.1851 76.8557 48.0000 32.5250 34.4585 60.5106
12060.0000 0.1835 76.9258 48.0000 32.6237 34.5309 60.5053
12061.0000 0.1740 76.8114 48.0000 33.1367 34.5761 60.0537
12062.0000 0.1757 76.7919 48.0000 33.3070 34.2738 60.1078
12063.0000 0.1723 76.5391 48.0000 33.1584 34.4302 59.7772
12064.0000 0.1772 76.4835 48.0000 32.9000 34.3023 59.9222
12065.0000 0.1757 76.1888 48.0000 33.0052 34.0437 59.6357
12066.0000 0.1741 76.2393 48.0000 33.0875 34.1126 59.6153
12067.0000 0.1814 76.4450 48.0000 32.7131 34.1646 60.0538
12068.0000 0.1830 76.5267 48.0000 32.8608 33.9841 60.1796
12069.0000 0.1929 76.6977 48.0000 32.5969 33.7208 60.6868
12070.0000 0.1988 76.8119 48.0000 32.2383 33.7839 60.9869
12071.0000 0.1877 76.3563 48.0000 32.7032 33.6713 60.2248
12072.0000 0.1913 76.4294 48.0000 32.3478 33.8497 60.4092
12073.0000 0.1882 76.6071 48.0000 32.7785 33.7802 60.4410
12074.0000 0.1837 76.3180 48.0000 32.7415 33.8713 60.0431
12075.0000 0.1905 76.4736 48.0000 32.6889 33.6008 60.4205
12076.0000 0.1912 76.4838 48.0000 32.6280 33.6219 60.4545
12077.0000 0.1896 76.5841 48.0000 32.7967 33.6487 60.4754
12078.0000 0.1948 76.6632 48.0000 32.7652 33.3980 60.7311
12079.0000 0.1926 76.5161 48.0000 32.5164 33.6670 60.5304
12080.0000 0.1849 76.0435 48.0000 32.7890 33.5004 59.8767
12081.0000 0.1924 76.4949 48.0000 32.7603 33.4170 60.5106
12082.0000 0.1927 76.3193 48.0000 32.4357 33.5727 60.3775
12083.0000 0.1944 76.1040 48.0000 32.3680 33.3365 60.2728
12084.0000 0.1984 76.2911 48.0000 32.0235 33.5785 60.5583
12085.0000 0.1923 76.0068 48.0000 31.9197 33.8409 60.1079
12086.0000 0.1907 76.0594 48.0000 32.1610 33.7529 60.0953
12087.0000 0.1945 76.2954 48.0000 32.0543 33.8110 60.4180
12088.0000 0.1911 76.1444 48.0000 32.2692 33.6945 60.1776
12089.0000 0.1839 76.1543 48.0000 32.6588 33.7982 59.9213
12090.0000 0.1857 76.3527 48.0000 32.5946 33.9106 60.1449
12091.0000 0.1843 75.8606 48.0000 32.3783 33.7951 59.7023
12092.0000 0.1840 76.2654 48.0000 32.5230 34.0216 60.0099
12093.0000 0.1804 75.9930 48.0000 32.6571 33.8976 59.6608
12094.0000 0.1889 76.1671 48.0000 32.5770 33.5548 60.1186
12095.0000 0.1892 76.2176 48.0000 32.8287 33.3241 60.1739
12096.0000 0.1808 76.0159 48.0000 32.6661 33.8794 59.6953
12097.0000 0.1827 76.0255 48.0000 32.7875 33.6384 59.7772
12098.0000 0.1768 75.8184 48.0000 32.7513 33.8941 59.3884
12099.0000 0.1786 76.1206 48.0000 33.0871 33.7006 59.6981
12100.0000 0.1795 76.3081 48.0000 32.8716 34.0182 59.8761
12101.0000 0.1846 76.2832 48.0000 32.7136 33.8087 60.0493
12102.0000 0.1850 76.0685 48.0000 32.4378 33.8699 59.8918
12103.0000 0.1743 75.6412 48.0000 32.8432 33.8203 59.1532
12104.0000 0.1769 75.8758 48.0000 32.8247 33.8642 59.4382
12105.0000 0.1777 76.0064 48.0000 33.1102 33.6367 59.5757
12106.0000 0.1715 76.1241 48.0000 33.3849 33.8979 59.4244
12107.0000 0.1822 76.2887 48.0000 32.9634 33.7270 59.9655
12108.0000 0.1724 75.8059 48.0000 32.8878 34.0508 59.2070
12109.0000 0.1767 76.1953 48.0000 32.8595 34.1223 59.6796
12110.0000 0.1743 75.9142 48.0000 32.8655 34.0365 59.3661
12111.0000 0.1742 75.8025 48.0000 32.7816 34.0255 59.2760
12112.0000 0.1765 75.9103 48.0000 32.8766 33.8736 59.4481
12113.0000 0.1725 76.1459 48.0000 32.9780 34.2533 59.4758
12114.0000 0.1698 75.8720 48.0000 32.5752 34.5975 59.1475
12115.0000 0.1632 75.5896 48.0000 32.6913 34.6927 58.6642
12116.0000 0.1675 75.7832 48.0000 32.6689 34.5899 58.9862
12117.0000 0.1657 75.6607 48.0000 32.5673 34.7025 58.8188
12118.0000 0.1570 75.4506 48.0000 33.2112 34.4823 58.3162
12119.0000 0.1522 75.4357 48.0000 33.4082 34.6133 58.1064
12120.0000 0.1538 75.4258 48.0000 33.4576 34.4421 58.1669
12121.0000 0.1514 75.6423 48.0000 33.3526 34.9131 58.2274
12122.0000 0.1482 75.4282 48.0000 33.4502 34.8543 57.9282
12123.0000 0.1456 75.5365 48.0000 33.7861 34.8023 57.9055
12124.0000 0.1470 75.5364 48.0000 33.4115 35.0826 57.9537
12125.0000 0.1503 75.5738 48.0000 33.3577 34.9302 58.1253
12126.0000 0.1569 75.6538 48.0000 33.1229 34.7625 58.4632
12127.0000 0.1514 75.5503 48.0000 33.1307 35.0583 58.1474
12128.0000 0.1532 75.8540 48.0000 33.1129 35.2189 58.4551
12129.0000 0.1576 76.0233 48.0000 33.0523 35.1175 58.7695
12130.0000 0.1583 76.1876 48.0000 32.9983 35.2645 58.9243
12131.0000 0.1586 76.1174 48.0000 33.2124 34.9669 58.8906
12132.0000 0.1607 76.1137 48.0000 32.9755 35.0503 58.9694
12133.0000 0.1629 76.1708 48.0000 32.9252 34.9975 59.1024
12134.0000 0.1626 76.4537 48.0000 33.1281 35.0718 59.3099
12135.0000 0.1571 76.2923 48.0000 33.0606 35.3863 58.9518
12136.0000 0.1562 76.3958 48.0000 32.8876 35.7187 58.9822
12137.0000 0.1497 76.2180 48.0000 33.0985 35.8133 58.5754
12138.0000 0.1597 76.3227 48.0000 33.1906 35.0935 59.0931
12139.0000 0.1613 76.3097 48.0000 33.1607 34.9977 59.1499
12140.0000 0.1669 76.5657 48.0000 32.9014 35.0929 59.5676
12141.0000 0.1633 76.2761 48.0000 32.7979 35.1907 59.1942
12142.0000 0.1636 76.3330 48.0000 32.7452 35.2714 59.2487
12143.0000 0.1645 76.5322 48.0000 32.5325 35.6006 59.4257
12144.0000 0.1642 76.3651 48.0000 32.3991 35.6076 59.2792
12145.0000 0.1530 76.0069 48.0000 32.6422 35.8460 58.5371
12146.0000 0.1534 75.9877 48.0000 32.7857 35.6534 58.5497
12147.0000 0.1535 76.3633 48.0000 32.7889 35.9786 58.8369
12148.0000 0.1511 76.5980 48.0000 33.1880 35.9700 58.9235
12149.0000 0.1578 76.6035 48.0000 32.9536 35.7217 59.2125
12150.0000 0.1628 76.8521 48.0000 32.8487 35.6888 59.6114
12151.0000 0.1592 76.7602 48.0000 33.1031 35.6110 59.3984
12152.0000 0.1543 76.5370 48.0000 33.4576 35.4116 59.0298
12153.0000 0.1551 76.6607 48.0000 33.7045 35.2168 59.1663
12154.0000 0.1506 76.7654 48.0000 34.0042 35.3365 59.0591
12155.0000 0.1479 76.8185 48.0000 33.8864 35.6983 58.9782
12156.0000 0.1486 76.8342 48.0000 33.9578 35.5941 59.0206
12157.0000 0.1513 77.0534 48.0000 33.8115 35.7354 59.3042
12158.0000 0.1445 76.7780 48.0000 33.9687 35.8345 58.7952
12159.0000 0.1398 76.5109 48.0000 33.6739 36.2345 58.3699
12160.0000 0.1368 76.1870 48.0000 33.6207 36.2197 57.9848
12161.0000 0.1391 76.4609 48.0000 33.6418 36.2747 58.2979
12162.0000 0.1340 76.4686 48.0000 33.7550 36.5600 58.0639
12163.0000 0.1370 76.8082 48.0000 34.0355 36.3570 58.4743
12164.0000 0.1338 77.3500 48.0000 34.0936 37.0446 58.7226
12165.0000 0.1331 76.6677 48.0000 34.0306 36.5309 58.1838
12166.0000 0.1465 77.2747 48.0000 33.7983 36.3081 59.2518
12167.0000 0.1451 77.0342 48.0000 33.6493 36.3432 59.0014
12168.0000 0.1489 77.2914 48.0000 33.2904 36.6563 59.3466
12169.0000 0.1491 77.4472 48.0000 33.4864 36.5811 59.4857
12170.0000 0.1533 77.6723 48.0000 33.5703 36.3928 59.8464
12171.0000 0.1516 80.0203 49.0000 33.2195 38.9971 61.4730
12172.0000 0.1550 77.1973 48.0000 32.7976 36.6158 59.5233
12173.0000 0.1550 80.0723 49.0000 32.5192 39.4851 61.6036
12174.0000 0.1531 80.6399 49.0000 33.0171 39.6420 61.9771
12175.0000 0.1473 80.0917 49.0000 33.0458 39.5711 61.2926
12176.0000 0.1455 79.8930 49.0000 33.3068 39.2666 61.0874
12177.0000 0.1449 79.5397 49.0000 33.2374 39.0675 60.7912
12178.0000 0.1572 79.7782 49.0000 32.4048 39.1685 61.4843
12179.0000 0.1577 79.8714 49.0000 32.5873 39.0263 61.5991
12180.0000 0.1500 79.8533 49.0000 33.1391 39.0484 61.2663
12181.0000 0.1446 79.5349 49.0000 33.1645 39.1563 60.7676
12182.0000 0.1434 79.7342 49.0000 33.0011 39.6041 60.8275
12183.0000 0.1540 80.1320 49.0000 33.2338 38.8982 61.6732
12184.0000 0.1542 79.8783 49.0000 33.0285 38.8570 61.4800
12185.0000 0.1478 79.5024 49.0000 32.7182 39.3267 60.8569
12186.0000 0.1482 79.8329 49.0000 32.6400 39.6783 61.1028
12187.0000 0.1530 80.2858 49.0000 32.3777 39.9752 61.6399
12188.0000 0.1477 80.1666 49.0000 32.1684 40.5018 61.2494
12189.0000 0.1494 80.3659 49.0000 32.3929 40.3202 61.5115
12190.0000 0.1486 80.3205 49.0000 32.3562 40.3799 61.4322
12191.0000 0.1492 80.0862 49.0000 32.2110 40.2678 61.2760
12192.0000 0.1501 80.1463 49.0000 32.2137 40.2475 61.3665
12193.0000 0.1488 80.0224 49.0000 32.5452 39.9021 61.2554
12194.0000 0.1454 79.9667 49.0000 32.3077 40.3622 61.0064
12195.0000 0.1401 79.6883 49.0000 32.2951 40.5476 60.5238
12196.0000 0.1447 79.3125 49.0000 32.0943 40.0349 60.4784
12197.0000 0.1405 79.3561 49.0000 32.1777 40.3357 60.2911
12198.0000 0.1387 79.2432 49.0000 32.3402 40.2072 60.1413
12199.0000 0.1317 79.2125 49.0000 32.9378 40.1373 59.8223
12200.0000 0.1386 79.9316 49.0000 32.4526 40.7354 60.6343
12201.0000 0.1326 79.8142 49.0000 32.7781 40.7887 60.2676
12202.0000 0.1345 79.6506 49.0000 32.3487 40.9296 60.1875
12203.0000 0.1431 80.1125 49.0000 32.0528 40.9467 60.9425
12204.0000 0.1417 80.0121 49.0000 32.0474 40.9792 60.7915
12205.0000 0.1423 80.0203 49.0000 32.1996 40.7782 60.8569
12206.0000 0.1372 79.5375 49.0000 32.2107 40.7378 60.2422
12207.0000 0.1343 79.1579 49.0000 32.5693 40.2475 59.8778
12208.0000 0.1356 79.1816 49.0000 32.5257 40.2098 59.9581
12209.0000 0.1393 79.0875 49.0000 32.2733 40.0781 60.0583
12210.0000 0.1402 79.4365 49.0000 32.6715 39.9262 60.4039
12211.0000 0.1368 79.0341 49.0000 32.5820 39.9142 59.9305
12212.0000 0.1389 79.0282 49.0000 32.6222 39.6980 60.0443
12213.0000 0.1405 79.1117 49.0000 32.7066 39.5609 60.1986
12214.0000 0.1397 78.8098 49.0000 32.5659 39.4947 59.9218
12215.0000 0.1426 78.4526 49.0000 32.9053 38.5850 59.8602
12216.0000 0.1536 78.3167 49.0000 32.2765 38.2548 60.2354
12217.0000 0.1444 78.5162 49.0000 32.3059 39.1099 59.9295
12218.0000 0.1386 78.2775 49.0000 32.4970 39.1550 59.4828
12219.0000 0.1422 78.6068 49.0000 32.4982 39.1740 59.9023
12220.0000 0.1384 78.7591 49.0000 32.5665 39.5469 59.8203
12221.0000 0.1439 78.7059 49.0000 32.2474 39.3869 60.0283
12222.0000 0.1414 78.5345 49.0000 32.3521 39.3217 59.7898
12223.0000 0.1414 78.5396 49.0000 32.4716 39.2006 59.8111
12224.0000 0.1359 78.4945 49.0000 32.9448 39.1160 59.5479
12225.0000 0.1345 78.5822 49.0000 33.0658 39.1839 59.5520
12226.0000 0.1391 78.5543 49.0000 33.0794 38.7783 59.7726
12227.0000 0.1312 77.9076 49.0000 32.8321 39.0639 58.8699
12228.0000 0.1313 77.9107 49.0000 32.8525 39.0334 58.8828
12229.0000 0.1336 77.8644 49.0000 33.0365 38.6203 58.9909
12230.0000 0.1289 78.1259 49.0000 33.2412 39.0319 58.9508
12231.0000 0.1282 77.7761 49.0000 32.8502 39.1622 58.6200
12232.0000 0.1296 77.6015 49.0000 32.9890 38.7391 58.5918
12233.0000 0.1324 77.7055 49.0000 32.9741 38.6280 58.8111
12234.0000 0.1285 77.8321 49.0000 32.9889 39.0445 58.6950
12235.0000 0.1300 77.6425 49.0000 32.8727 38.8714 58.6239
12236.0000 0.1327 78.0429 49.0000 32.6902 39.2115 59.0296
12237.0000 0.1230 77.6337 49.0000 33.0388 39.2587 58.2596
12238.0000 0.1330 78.0277 49.0000 32.7749 39.0855 59.0462
12239.0000 0.1295 77.6539 49.0000 32.6319 39.1683 58.5759
12240.0000 0.1352 77.9026 49.0000 32.6695 38.9061 59.0579
12241.0000 0.1357 77.8639 49.0000 32.6283 38.8673 59.0552
12242.0000 0.1322 77.9583 49.0000 32.9068 38.9504 58.9705
12243.0000 0.1263 77.9336 49.0000 33.0265 39.2820 58.6501
12244.0000 0.1230 78.3330 49.0000 33.2217 39.7315 58.7690
12245.0000 0.1256 78.2387 49.0000 33.0764 39.5764 58.8299
12246.0000 0.1316 78.2774 49.0000 32.6847 39.5292 59.1313
12247.0000 0.1303 78.5281 49.0000 32.4635 40.1054 59.1975
12248.0000 0.1305 78.6569 49.0000 32.6046 40.0603 59.3214
12249.0000 0.1254 78.1793 49.0000 32.8560 39.7735 58.7414
12250.0000 0.1201 77.9220 49.0000 32.9167 39.9124 58.2694
12251.0000 0.1219 77.5920 49.0000 32.8992 39.4616 58.1459
12252.0000 0.1242 77.7962 49.0000 32.8552 39.5062 58.4127
12253.0000 0.1228 77.7015 49.0000 32.7836 39.6119 58.2551
12254.0000 0.1292 77.7916 49.0000 32.4109 39.5500 58.6247
12255.0000 0.1303 78.0781 49.0000 32.4553 39.6874 58.8876
12256.0000 0.1281 77.7404 49.0000 32.2273 39.7919 58.4942
12257.0000 0.1302 77.6323 49.0000 32.1780 39.5655 58.5314
12258.0000 0.1304 77.4410 49.0000 31.9585 39.5944 58.3784
12259.0000 0.1274 77.8514 49.0000 32.1739 40.0045 58.5262
12260.0000 0.1241 77.9881 49.0000 31.8613 40.7555 58.3608
12261.0000 0.1281 78.1113 49.0000 31.7083 40.6907 58.6533
12262.0000 0.1328 78.2990 49.0000 31.7964 40.3764 59.0717
12263.0000 0.1318 78.2544 49.0000 31.8885 40.3252 58.9979
12264.0000 0.1442 78.2704 49.0000 31.9812 39.2385 59.6976
12265.0000 0.1464 78.2585 49.0000 31.6841 39.3591 59.7609
12266.0000 0.1424 75.3100 48.0000 32.1663 36.4658 57.5080
12267.0000 0.1355 75.1302 48.0000 32.2411 36.7423 57.0531
12268.0000 0.1413 75.5128 48.0000 32.2551 36.6444 57.6106
12269.0000 0.1418 75.7605 48.0000 32.2331 36.8551 57.8133
12270.0000 0.1448 75.9822 48.0000 32.4277 36.6361 58.1337
12271.0000 0.1357 75.6626 48.0000 32.6315 36.8254 57.4796
12272.0000 0.1425 75.8243 48.0000 32.6280 36.4649 57.9229
12273.0000 0.1324 75.4762 48.0000 32.8183 36.7133 57.1993
12274.0000 0.1298 75.5482 48.0000 33.0714 36.7161 57.1466
12275.0000 0.1411 75.8889 48.0000 32.8274 36.4268 57.9187
12276.0000 0.1427 76.0172 48.0000 32.7466 36.5058 58.0827
12277.0000 0.1448 75.9964 48.0000 32.7016 36.3709 58.1654
12278.0000 0.1394 75.7506 48.0000 32.8468 36.4044 57.7404
12279.0000 0.1317 75.6440 48.0000 32.8279 36.9148 57.2856
12280.0000 0.1267 75.4420 48.0000 33.2625 36.6686 56.9255
12281.0000 0.1313 75.7248 48.0000 33.2118 36.6290 57.3545
12282.0000 0.1270 75.6825 48.0000 33.5401 36.5815 57.1375
12283.0000 0.1235 75.6056 48.0000 33.3189 37.0127 56.8869
12284.0000 0.1363 75.5854 48.0000 32.7479 36.5889 57.4629
12285.0000 0.1352 75.5027 48.0000 32.8011 36.5408 57.3543
12286.0000 0.1289 75.0964 48.0000 32.7339 36.7084 56.7490
12287.0000 0.1215 74.9765 48.0000 32.9933 36.9075 56.3094
12288.0000 0.1252 75.1835 48.0000 32.9902 36.8219 56.6423
12289.0000 0.1310 75.4246 48.0000 33.0196 36.5664 57.1093
12290.0000 0.1305 75.2336 48.0000 33.1079 36.3384 56.9517
12291.0000 0.1270 75.1581 48.0000 32.9556 36.6901 56.7142
12292.0000 0.1291 75.2273 48.0000 33.0746 36.4736 56.8762
12293.0000 0.1233 74.9524 48.0000 33.2770 36.4593 56.4023
12294.0000 0.1191 74.8228 48.0000 33.1923 36.7522 56.0892
12295.0000 0.1178 74.7756 48.0000 33.0589 36.9493 55.9754
12296.0000 0.1219 75.0928 48.0000 33.0631 36.9148 56.4186
12297.0000 0.1225 75.0904 48.0000 32.9722 36.9579 56.4404
12298.0000 0.1212 74.9407 48.0000 32.9714 36.9190 56.2671
12299.0000 0.1166 75.0042 48.0000 33.3107 36.9993 56.0987
12300.0000 0.1156 74.9975 48.0000 33.2310 37.1571 56.0327
12301.0000 0.1191 75.0307 48.0000 33.2285 36.9101 56.2416
12302.0000 0.1208 75.1961 48.0000 33.0042 37.1648 56.4265
12303.0000 0.1247 75.3034 48.0000 33.0046 36.9552 56.7063
12304.0000 0.1225 75.0634 48.0000 32.8473 37.0657 56.4065
12305.0000 0.1153 74.8420 48.0000 32.8820 37.3938 55.8730
12306.0000 0.1175 74.5334 48.0000 32.6903 37.1179 55.7570
12307.0000 0.1177 74.6988 48.0000 32.6012 37.3515 55.8744
12308.0000 0.1156 74.3299 48.0000 32.7145 37.0505 55.5153
12309.0000 0.1211 74.5341 48.0000 32.3793 37.1538 55.9152
12310.0000 0.1201 74.4964 48.0000 32.3929 37.1856 55.8359
12311.0000 0.1244 74.9822 48.0000 32.5536 37.1442 56.4172
12312.0000 0.1249 75.0413 48.0000 32.4159 37.2974 56.4740
12313.0000 0.1226 74.7688 48.0000 32.2791 37.3683 56.1431
12314.0000 0.1265 74.5540 48.0000 32.2100 36.9257 56.1899
12315.0000 0.1269 74.5074 48.0000 31.9182 37.1566 56.1423
12316.0000 0.1282 74.3288 48.0000 32.0944 36.7057 56.1018
12317.0000 0.1276 74.5586 48.0000 32.1070 36.9505 56.2386
12318.0000 0.1233 74.7232 48.0000 31.9040 37.6537 56.1061
12319.0000 0.1289 74.8629 48.0000 31.8359 37.4167 56.4883
12320.0000 0.1216 74.9896 48.0000 32.2672 37.6666 56.2449
12321.0000 0.1221 75.2299 48.0000 32.5569 37.5514 56.4754
12322.0000 0.1321 75.4565 48.0000 32.1450 37.4080 57.1053
12323.0000 0.1289 75.2055 48.0000 32.0720 37.4911 56.7598
12324.0000 0.1291 75.5221 48.0000 32.5942 37.2371 57.0492
12325.0000 0.1319 75.5880 48.0000 32.6184 37.0607 57.2371
12326.0000 0.1326 75.4232 48.0000 32.4181 37.0587 57.1347
12327.0000 0.1348 75.5150 48.0000 32.3076 37.0816 57.3034
12328.0000 0.1329 75.2623 48.0000 32.0478 37.2628 56.9986
12329.0000 0.1352 75.5730 48.0000 32.0342 37.3865 57.3354
12330.0000 0.1439 75.9122 48.0000 31.7440 37.3362 57.9740
12331.0000 0.1331 75.3778 48.0000 31.8784 37.5251 57.0741
12332.0000 0.1338 75.6427 48.0000 32.0514 37.5421 57.3160
12333.0000 0.1366 75.6755 48.0000 32.1432 37.2662 57.4876
12334.0000 0.1437 75.7294 48.0000 31.7267 37.2030 57.8299
12335.0000 0.1464 75.6533 48.0000 31.8016 36.8524 57.9136
12336.0000 0.1465 75.7732 48.0000 31.7890 36.9696 58.0024
12337.0000 0.1452 75.6097 48.0000 32.1179 36.5820 57.8535
12338.0000 0.1451 75.4607 48.0000 32.0516 36.5166 57.7369
12339.0000 0.1455 75.5424 48.0000 31.8150 36.8045 57.7918
12340.0000 0.1545 75.8112 48.0000 31.4276 36.7794 58.3688
12341.0000 0.1506 75.6193 48.0000 31.4448 36.8710 58.0520
12342.0000 0.1469 75.7517 48.0000 31.7227 36.9859 58.0002
12343.0000 0.1030 79.2172 49.0000 31.7175 44.1685 57.6066
12344.0000 0.1495 75.8815 48.0000 31.5289 37.1040 58.1999
12345.0000 0.1490 75.7659 48.0000 31.5605 37.0037 58.0958
12346.0000 0.1516 75.9058 48.0000 31.5630 36.9365 58.3195
12347.0000 0.1472 76.1313 48.0000 31.7430 37.2914 58.2899
12348.0000 0.1395 75.9368 48.0000 31.9915 37.4354 57.8060
12349.0000 0.1402 76.0506 48.0000 31.9875 37.4985 57.9168
12350.0000 0.1406 76.2910 48.0000 32.0203 37.6553 58.1128
12351.0000 0.1389 75.9343 48.0000 32.1585 37.3100 57.7911
12352.0000 0.1377 75.7432 48.0000 32.1416 37.2479 57.5895
12353.0000 0.1331 75.4839 48.0000 32.5782 36.9133 57.2179
12354.0000 0.1419 76.0786 48.0000 32.5971 36.7742 58.0778
12355.0000 0.1320 76.2777 48.0000 32.9399 37.3662 57.7669
12356.0000 0.1368 76.7348 48.0000 32.8713 37.4897 58.3286
12357.0000 0.1376 76.4890 48.0000 32.6765 37.3927 58.1773
12358.0000 0.1453 76.7977 48.0000 32.3422 37.4310 58.7435
12359.0000 0.1474 76.7715 48.0000 32.5068 37.0875 58.8361
12360.0000 0.1432 76.8637 48.0000 32.2750 37.7216 58.6808
12361.0000 0.1025 79.5194 49.0000 32.8449 43.1965 58.1259
12362.0000 0.1417 76.7729 48.0000 32.7815 37.2373 58.5904
12363.0000 0.1401 76.6480 48.0000 33.0872 36.9331 58.4473
12364.0000 0.1326 76.0532 48.0000 33.0119 37.0361 57.6423
12365.0000 0.1378 76.3048 48.0000 32.5672 37.3235 58.0409
12366.0000 0.1391 76.4809 48.0000 32.3278 37.6279 58.2098
12367.0000 0.1339 76.2758 48.0000 32.3285 37.8408 57.8008
12368.0000 0.1374 76.3832 48.0000 32.3494 37.6503 58.0549
12369.0000 0.1460 76.4814 48.0000 31.8502 37.5925 58.4959
12370.0000 0.1409 76.6707 48.0000 32.3530 37.6410 58.4366
12371.0000 0.1317 76.4232 48.0000 32.6100 37.8581 57.8261
12372.0000 0.1344 76.3790 48.0000 32.7589 37.4591 57.9433
12373.0000 0.1323 76.2876 48.0000 32.9282 37.3610 57.7901
12374.0000 0.1361 76.3144 48.0000 32.5686 37.4602 57.9647
12375.0000 0.1372 76.6012 48.0000 32.4906 37.7235 58.2155
12376.0000 0.1418 76.6295 48.0000 32.2376 37.6489 58.4412
12377.0000 0.1127 78.0497 49.0000 32.5246 41.1053 57.8296
12378.0000 0.1389 75.9751 48.0000 31.9361 37.5780 57.7945
12379.0000 0.1362 76.3584 48.0000 32.1873 37.8841 57.9601
12380.0000 0.1386 76.5761 48.0000 32.2342 37.8494 58.2433
12381.0000 0.1334 76.4308 48.0000 32.3308 38.0194 57.8870
12382.0000 0.1310 76.5049 48.0000 32.5122 38.0969 57.8324
12383.0000 0.1312 76.3362 48.0000 32.5556 37.8742 57.7313
12384.0000 0.1273 76.6189 48.0000 32.9555 38.0350 57.7732
12385.0000 0.1273 76.8422 48.0000 32.9383 38.2658 57.9268
12386.0000 0.1253 76.8604 48.0000 32.8710 38.5099 57.8274
12387.0000 0.1290 77.1668 48.0000 33.2066 38.1549 58.2772
12388.0000 0.1309 77.0428 48.0000 33.1219 37.9805 58.2753
12389.0000 0.1269 76.8339 48.0000 33.1134 38.1064 57.9210
12390.0000 0.1319 76.7927 48.0000 33.2292 37.5532 58.1610
12391.0000 0.1235 76.5907 48.0000 33.2025 38.0587 57.5784
12392.0000 0.1279 76.8034 48.0000 32.9523 38.1701 57.9306
12393.0000 0.1261 76.9302 48.0000 33.0648 38.3149 57.9391
12394.0000 0.1260 76.8543 48.0000 32.8550 38.4688 57.8558
12395.0000 0.1254 76.4819 48.0000 32.8424 38.1747 57.5634
12396.0000 0.0959 78.6767 49.0000 32.7786 43.0871 57.0885
12397.0000 0.1354 76.9554 48.0000 32.5500 38.1306 58.3839
12398.0000 0.1294 76.4476 48.0000 32.5608 38.1130 57.7185
12399.0000 0.1248 76.3965 48.0000 32.4964 38.5031 57.4275
12400.0000 0.1229 76.2882 48.0000 32.5180 38.5370 57.2483
12401.0000 0.1176 76.0885 48.0000 32.9096 38.3707 56.8692
12402.0000 0.1143 75.5804 48.0000 32.7087 38.3693 56.3057
12403.0000 0.1201 76.2639 48.0000 32.4859 38.7769 57.0719
12404.0000 0.1265 76.5768 48.0000 32.4332 38.6044 57.6350
12405.0000 0.1259 76.7699 48.0000 32.2765 39.0017 57.7123
12406.0000 0.1221 76.6647 48.0000 32.5816 38.8932 57.4737
12407.0000 0.1273 76.6745 48.0000 32.2218 38.8482 57.7195
12408.0000 0.1246 76.5108 48.0000 31.8131 39.3483 57.3894
12409.0000 0.1220 76.1178 48.0000 31.9968 38.9923 57.0063
12410.0000 0.1289 76.5223 48.0000 31.6918 39.1276 57.6223
12411.0000 0.1362 76.6069 48.0000 31.7194 38.5989 58.0743
12412.0000 0.1277 76.3998 48.0000 31.7337 39.0713 57.4747
12413.0000 0.1233 76.1630 48.0000 32.1522 38.7647 57.1344
12414.0000 0.1289 76.0735 48.0000 31.5190 38.8879 57.2841
12415.0000 0.1234 75.9600 48.0000 32.0079 38.7188 56.9760
12416.0000 0.1199 75.9767 48.0000 32.5665 38.4318 56.8761
12417.0000 0.1165 76.2093 48.0000 32.8557 38.6314 56.8856
12418.0000 0.1184 76.5882 48.0000 32.6152 39.0907 57.2182
12419.0000 0.1177 76.7412 48.0000 32.6320 39.2773 57.2858
12420.0000 0.1164 77.0289 48.0000 32.7378 39.5528 57.4218
12421.0000 0.1232 76.8963 48.0000 32.7469 38.8445 57.7217
12422.0000 0.1243 77.0071 48.0000 32.6683 38.9434 57.8471
12423.0000 0.1237 76.5608 48.0000 32.4241 38.8269 57.4691
12424.0000 0.1265 76.3562 48.0000 32.2712 38.5672 57.4578
12425.0000 0.1258 76.3140 48.0000 32.1740 38.6835 57.3782
12426.0000 0.0925 78.5609 49.0000 33.1645 42.8777 56.8633
12427.0000 0.1103 76.2141 48.0000 33.2180 38.7796 56.5800
12428.0000 0.1142 76.5067 48.0000 33.0950 38.8638 56.9878
12429.0000 0.1130 76.5510 48.0000 33.2413 38.8493 56.9719
12430.0000 0.1226 76.8668 48.0000 33.2667 38.3321 57.7276
12431.0000 0.1218 76.9402 48.0000 32.8622 38.8849 57.6874
12432.0000 0.1191 76.4737 48.0000 32.9021 38.6178 57.2219
12433.0000 0.1170 76.7731 48.0000 33.2470 38.7208 57.3536
12434.0000 0.1210 76.7417 48.0000 32.9325 38.6874 57.5155
12435.0000 0.1195 76.7544 48.0000 32.9818 38.7771 57.4436
12436.0000 0.1188 76.8708 48.0000 33.2109 38.7063 57.5150
12437.0000 0.1175 76.7466 48.0000 32.8708 39.0509 57.3112
12438.0000 0.1211 76.8913 48.0000 32.9490 38.8061 57.6257
12439.0000 0.1203 76.9769 48.0000 32.5567 39.3664 57.5828
12440.0000 0.1224 76.8880 48.0000 32.3822 39.2906 57.6143
12441.0000 0.1117 76.8516 48.0000 32.7649 39.7595 57.0246
12442.0000 0.1164 77.1467 48.0000 32.6807 39.7268 57.4924
12443.0000 0.1219 76.8549 48.0000 32.3802 39.3037 57.5623
12444.0000 0.1166 76.6581 48.0000 32.6481 39.2756 57.1664
12445.0000 0.1189 76.6257 48.0000 32.6997 38.9952 57.2852
12446.0000 0.1180 76.6131 48.0000 33.1572 38.5760 57.2893
12447.0000 0.1154 76.2223 48.0000 33.0532 38.5329 56.8554
12448.0000 0.1209 76.4044 48.0000 32.6811 38.6415 57.2399
12449.0000 0.1362 76.8883 48.0000 32.4202 38.1338 58.3658
12450.0000 0.1360 76.8025 48.0000 32.2753 38.2217 58.2755
12451.0000 0.1367 76.6621 48.0000 32.2409 38.0712 58.2081
12452.0000 0.1456 76.9978 48.0000 32.0469 37.8898 58.8729
12453.0000 0.1448 77.0053 48.0000 32.3849 37.6151 58.8740
12454.0000 0.1431 77.1247 48.0000 32.1891 38.0539 58.8556
12455.0000 0.1404 77.0331 48.0000 31.8288 38.5484 58.6093
12456.0000 0.1387 76.9335 48.0000 31.5559 38.8698 58.4134
12457.0000 0.1306 76.8661 48.0000 31.4962 39.5213 57.9177
12458.0000 0.1384 76.9617 48.0000 31.4277 39.0505 58.3991
12459.0000 0.1403 77.0849 48.0000 31.4186 39.0246 58.5836
12460.0000 0.1475 76.9327 48.0000 31.4646 38.2793 58.8500
12461.0000 0.1570 77.3988 48.0000 31.4657 37.9868 59.6447
12462.0000 0.1464 77.1136 48.0000 31.4590 38.5381 58.9207
12463.0000 0.1439 77.1652 48.0000 31.6133 38.6210 58.8513
12464.0000 0.1404 77.0644 48.0000 31.2934 39.1264 58.5556
12465.0000 0.1378 76.8748 48.0000 31.1818 39.2785 58.2635
12466.0000 0.1325 76.9146 48.0000 30.8387 40.1075 57.9329
12467.0000 0.1383 77.0736 48.0000 30.6188 40.0086 58.3279
12468.0000 0.1377 76.5988 48.0000 30.6108 39.6207 57.9703
12469.0000 0.1395 76.8505 48.0000 30.7063 39.6133 58.2572
12470.0000 0.1446 76.7240 48.0000 30.6031 39.1987 58.4250
12471.0000 0.1433 77.1732 48.0000 31.0891 39.2079 58.7530
12472.0000 0.1437 77.3870 48.0000 31.1869 39.2790 58.9346
12473.0000 0.1478 77.4546 48.0000 30.9063 39.3025 59.1551
12474.0000 0.1401 77.5814 48.0000 31.5216 39.3982 58.9326
12475.0000 0.1410 77.1519 48.0000 30.9610 39.5036 58.5943
12476.0000 0.1462 77.4185 48.0000 31.1756 39.1199 59.0876
12477.0000 0.1431 77.5058 48.0000 31.0224 39.6051 58.9593
12478.0000 0.1389 77.7149 48.0000 31.4325 39.7125 58.9451
12479.0000 0.1368 77.7158 48.0000 31.8651 39.4342 58.9008
12480.0000 0.1355 77.5321 48.0000 31.7603 39.4718 58.6897
12481.0000 0.1348 77.4265 48.0000 31.9904 39.1907 58.6137
12482.0000 0.1398 77.6942 48.0000 32.1919 38.8338 59.0933
12483.0000 0.1352 77.7459 48.0000 31.8368 39.6201 58.8310
12484.0000 0.1311 77.9043 48.0000 32.2613 39.6629 58.7805
12485.0000 0.1308 77.8074 48.0000 32.4259 39.4251 58.7215
12486.0000 0.1382 77.7447 48.0000 32.1345 39.0701 59.0350
12487.0000 0.1325 77.8086 48.0000 32.4920 39.2114 58.8295
12488.0000 0.1368 77.5321 48.0000 32.1711 38.9454 58.8176
12489.0000 0.1336 77.0117 48.0000 31.9090 38.9841 58.2483
12490.0000 0.1301 77.1556 48.0000 31.9648 39.3447 58.1656
12491.0000 0.1340 77.2358 48.0000 32.2459 38.8123 58.4737
12492.0000 0.1378 77.1899 48.0000 32.2463 38.4699 58.6390
12493.0000 0.1386 77.3695 48.0000 32.6156 38.1958 58.8501
12494.0000 0.1379 77.3211 48.0000 32.6363 38.1838 58.7829
12495.0000 0.1417 77.4152 48.0000 32.3849 38.2307 59.0148
12496.0000 0.1383 77.3885 48.0000 32.6752 38.1716 58.8578
12497.0000 0.1345 77.0189 48.0000 32.4773 38.3341 58.3749
12498.0000 0.1252 76.8441 48.0000 32.8854 38.4946 57.8077
12499.0000 0.1299 77.0081 48.0000 32.6762 38.4843 58.1505
12500.0000 0.1285 77.0538 48.0000 32.7976 38.5144 58.1227
12501.0000 0.1300 76.7557 48.0000 32.8422 38.0660 57.9984
12502.0000 0.1331 77.0457 48.0000 32.7838 38.1513 58.3587
12503.0000 0.1383 77.3015 48.0000 32.6797 38.0910 58.7932
12504.0000 0.1373 77.4156 48.0000 32.6818 38.2703 58.8256
12505.0000 0.1379 77.5096 48.0000 32.5384 38.4547 58.9087
12506.0000 0.1393 77.9225 48.0000 32.4334 38.8380 59.2587
12507.0000 0.1285 77.5807 48.0000 32.8272 38.9780 58.4966
12508.0000 0.1269 77.3970 48.0000 32.6877 39.0800 58.2629
12509.0000 0.1222 77.4683 48.0000 32.9451 39.2640 58.0887
12510.0000 0.1258 77.6924 48.0000 32.6875 39.4517 58.4055
12511.0000 0.1209 77.6713 48.0000 32.6186 39.9135 58.1014
12512.0000 0.1193 77.5016 48.0000 32.4898 40.0231 57.8711
12513.0000 0.1176 77.1209 48.0000 32.6287 39.6547 57.5370
12514.0000 0.1202 77.1298 48.0000 32.2214 39.8811 57.6219
12515.0000 0.1193 76.8666 48.0000 32.0854 39.8427 57.3721
12516.0000 0.1230 77.1236 48.0000 32.2514 39.5992 57.7910
12517.0000 0.1232 77.1173 48.0000 32.6166 39.1980 57.8511
12518.0000 0.1340 77.0687 48.0000 32.3320 38.5712 58.3651
12519.0000 0.1258 76.8701 48.0000 32.5989 38.7654 57.8236
12520.0000 0.1210 76.8417 48.0000 32.7027 39.0229 57.5533
12521.0000 0.1176 76.8915 48.0000 32.5559 39.5109 57.3699
12522.0000 0.1166 76.6415 48.0000 32.6549 39.2491 57.1584
12523.0000 0.1157 76.4481 48.0000 32.9747 38.8007 57.0218
12524.0000 0.1147 76.5107 48.0000 32.8596 39.0726 56.9865
12525.0000 0.1207 76.5738 48.0000 33.1783 38.2995 57.4099
12526.0000 0.1181 76.8242 48.0000 33.3222 38.5983 57.4608
12527.0000 0.1198 77.3419 48.0000 33.4318 38.8390 57.9277
12528.0000 0.1237 77.2912 48.0000 33.3791 38.5249 58.0999
12529.0000 0.1306 77.3282 48.0000 32.8643 38.5346 58.4352
12530.0000 0.1305 77.3314 48.0000 32.8645 38.5453 58.4322
12531.0000 0.1296 77.0386 48.0000 32.6859 38.5244 58.1588
12532.0000 0.1316 77.0427 48.0000 32.9111 38.1388 58.2912
12533.0000 0.1334 77.0017 48.0000 32.6725 38.2029 58.3293
12534.0000 0.1253 77.0171 48.0000 32.9246 38.6040 57.9425
12535.0000 0.1184 76.9587 48.0000 33.1805 38.8483 57.5544
12536.0000 0.1052 76.3601 48.0000 33.4618 39.1039 56.4097
12537.0000 0.1124 76.4358 48.0000 33.2593 38.7694 56.8612
12538.0000 0.1180 76.3995 48.0000 32.9728 38.5668 57.1164
12539.0000 0.1194 76.5432 48.0000 32.7656 38.8028 57.2679
12540.0000 0.1222 76.4183 48.0000 32.3715 38.8677 57.2812
12541.0000 0.1201 76.3086 48.0000 32.6371 38.6560 57.1273
12542.0000 0.1192 76.4305 48.0000 32.6396 38.8451 57.1606
12543.0000 0.1200 76.5707 48.0000 32.3174 39.2550 57.2512
12544.0000 0.1273 76.7603 48.0000 32.2652 38.8832 57.7857
12545.0000 0.1227 76.5447 48.0000 32.3752 38.9411 57.3981
12546.0000 0.1225 76.7488 48.0000 32.5974 38.9260 57.5548
12547.0000 0.1248 76.5943 48.0000 32.3892 38.8070 57.5469
12548.0000 0.1270 76.6196 48.0000 32.2157 38.8314 57.6614
12549.0000 0.1302 76.7910 48.0000 32.0038 38.9516 57.9257
12550.0000 0.1288 76.6151 48.0000 31.9574 38.9522 57.7176
12551.0000 0.1303 76.8658 48.0000 32.1291 38.8827 58.0019
12552.0000 0.1273 76.2563 48.0000 31.7637 38.9374 57.3583
12553.0000 0.1180 76.1365 48.0000 32.2146 39.1148 56.8244
12554.0000 0.1282 76.2258 48.0000 32.3377 38.2327 57.4709
12555.0000 0.1342 76.4287 48.0000 32.0581 38.2411 57.8899
12556.0000 0.1293 76.2055 48.0000 32.2384 38.2307 57.5011
12557.0000 0.1347 76.2382 48.0000 31.9906 38.0886 57.7766
12558.0000 0.1360 76.4062 48.0000 31.8839 38.2521 57.9492
12559.0000 0.1343 76.6217 48.0000 31.9426 38.5322 58.0157
12560.0000 0.1313 76.3510 48.0000 32.2572 38.1854 57.7133
12561.0000 0.1302 76.3784 48.0000 32.7467 37.7930 57.7322
12562.0000 0.1313 76.3581 48.0000 32.4081 38.0411 57.7334
12563.0000 0.1282 76.0489 48.0000 32.0590 38.3555 57.3106
12564.0000 0.1289 76.0853 48.0000 32.3361 38.0470 57.4088
12565.0000 0.1291 76.2968 48.0000 32.4059 38.1553 57.5780
12566.0000 0.1271 76.5402 48.0000 31.9923 38.9767 57.5822
12567.0000 0.1295 76.9278 48.0000 32.3053 38.8270 58.0235
12568.0000 0.1353 76.9376 48.0000 32.8897 37.7755 58.4010
12569.0000 0.1304 76.8641 48.0000 32.4296 38.5627 58.0460
12570.0000 0.1338 77.1154 48.0000 32.1965 38.7699 58.3701
12571.0000 0.1310 76.9335 48.0000 32.5344 38.4717 58.1395
12572.0000 0.1356 76.7588 48.0000 32.5871 37.8911 58.2603
12573.0000 0.1381 76.9469 48.0000 32.0410 38.4328 58.4561
12574.0000 0.1286 76.7652 48.0000 32.1969 38.8541 57.8499
12575.0000 0.1208 76.8941 48.0000 32.5083 39.2931 57.5496
12576.0000 0.1158 76.7531 48.0000 32.6510 39.4342 57.1830
12577.0000 0.1123 76.6719 48.0000 33.0279 39.2502 56.9839
12578.0000 0.1087 76.7388 48.0000 33.4065 39.2246 56.8707
12579.0000 0.1068 76.5558 48.0000 33.3900 39.2336 56.6271
12580.0000 0.1075 76.4713 48.0000 33.4362 39.0405 56.6191
12581.0000 0.1088 76.2960 48.0000 33.1462 39.0654 56.5359
12582.0000 0.1119 75.9547 48.0000 33.1672 38.4439 56.4900
12583.0000 0.1093 75.9285 48.0000 33.0357 38.7819 56.3005
12584.0000 0.1139 76.1318 48.0000 32.7980 38.8423 56.6711
12585.0000 0.1119 76.2948 48.0000 33.0233 38.9246 56.7031
12586.0000 0.1053 75.7483 48.0000 33.1018 38.8825 55.9484
12587.0000 0.1033 75.7383 48.0000 33.5601 38.5584 55.8861
12588.0000 0.0995 75.2901 48.0000 33.5154 38.4969 55.3472
12589.0000 0.0998 75.6253 48.0000 33.5927 38.7192 55.6017
12590.0000 0.1003 76.1429 48.0000 33.8275 38.9345 56.0137
12591.0000 0.1069 76.3833 48.0000 33.3813 39.0608 56.5186
12592.0000 0.1075 76.1865 48.0000 33.5680 38.6211 56.4445
12593.0000 0.1127 76.3236 48.0000 33.1726 38.7284 56.7889
12594.0000 0.1028 75.5319 48.0000 33.2761 38.7004 55.6781
12595.0000 0.1041 75.5996 48.0000 33.2812 38.6494 55.8023
12596.0000 0.1019 75.8323 48.0000 33.9571 38.3462 55.9197
12597.0000 0.1004 75.6164 48.0000 33.5930 38.6524 55.6358
12598.0000 0.1004 75.8191 48.0000 34.3686 38.0366 55.8620
12599.0000 0.1022 76.0786 48.0000 34.1311 38.3789 56.1256
12600.0000 0.0981 75.7068 48.0000 34.0573 38.4494 55.6170
12601.0000 0.1062 75.8158 48.0000 34.0936 37.8233 56.1700
12602.0000 0.1090 75.8323 48.0000 33.7969 37.9128 56.3110
12603.0000 0.1119 75.7665 48.0000 33.5576 37.8521 56.4062
12604.0000 0.1104 75.2171 48.0000 33.2586 37.7640 55.9048
12605.0000 0.1119 75.3528 48.0000 33.1796 37.8506 56.0757
12606.0000 0.1097 75.2746 48.0000 33.0647 38.0812 55.8822
12607.0000 0.1119 75.5351 48.0000 33.2471 37.9553 56.2101
12608.0000 0.1229 75.6433 48.0000 32.7465 37.6866 56.8268
12609.0000 0.1278 75.5946 48.0000 31.9743 38.0464 56.9619
12610.0000 0.1246 75.5641 48.0000 31.7878 38.4743 56.7380
12611.0000 0.1268 75.5051 48.0000 32.0031 38.0141 56.8485
12612.0000 0.1282 75.7875 48.0000 31.8516 38.3286 57.0976
12613.0000 0.1251 75.6115 48.0000 31.8142 38.4515 56.8018
12614.0000 0.1300 75.6148 48.0000 31.7876 38.0898 57.0641
12615.0000 0.1387 76.0389 48.0000 31.4229 38.1789 57.7657
12616.0000 0.1330 75.8541 48.0000 31.7848 38.0776 57.3905
12617.0000 0.1345 75.7003 48.0000 31.6768 37.9251 57.3480
12618.0000 0.1298 75.5143 48.0000 31.6477 38.1510 56.9678
12619.0000 0.1274 75.7231 48.0000 31.4845 38.7133 56.9561
12620.0000 0.1293 76.0657 48.0000 31.8581 38.4939 57.3521
12621.0000 0.1375 76.5442 48.0000 31.9246 38.2223 58.1282
12622.0000 0.1392 76.5133 48.0000 31.5354 38.4662 58.1391
12623.0000 0.1328 76.4473 48.0000 31.5952 38.8429 57.7683
12624.0000 0.1357 76.3259 48.0000 31.4822 38.6178 57.8203
12625.0000 0.1422 76.7371 48.0000 31.4788 38.4960 58.4442
12626.0000 0.1383 76.5986 48.0000 31.6802 38.4610 58.1761
12627.0000 0.1414 76.5332 48.0000 31.6186 38.2271 58.2776
12628.0000 0.1398 76.3912 48.0000 31.7766 38.0535 58.1188
12629.0000 0.1370 76.2943 48.0000 32.0798 37.8723 57.9430
12630.0000 0.1316 76.1669 48.0000 32.2993 37.9466 57.6038
12631.0000 0.1280 75.7430 48.0000 32.3226 37.8099 57.1198
12632.0000 0.1185 75.2905 48.0000 32.6494 37.8080 56.3314
12633.0000 0.1232 75.4640 48.0000 32.4625 37.7817 56.6882
12634.0000 0.1190 75.5314 48.0000 32.8081 37.8287 56.5474
12635.0000 0.1191 75.4746 48.0000 32.6340 37.9501 56.4910
12636.0000 0.1192 75.1728 48.0000 32.4671 37.8246 56.2684
12637.0000 0.1221 75.0227 48.0000 32.1939 37.7360 56.2845
12638.0000 0.1311 75.2982 48.0000 31.8479 37.6410 56.9094
12639.0000 0.1350 75.7181 48.0000 32.2138 37.3572 57.4451
12640.0000 0.1304 75.4575 48.0000 32.2034 37.4820 57.0252
12641.0000 0.1301 75.5656 48.0000 32.3013 37.5053 57.0976
12642.0000 0.1262 75.3799 48.0000 32.1357 37.8071 56.7454
12643.0000 0.1184 74.8257 48.0000 31.8964 38.1604 55.9043
12644.0000 0.1155 75.0140 48.0000 32.1881 38.2721 55.9131
12645.0000 0.1186 75.2338 48.0000 32.1983 38.2136 56.2416
12646.0000 0.1289 75.6449 48.0000 31.9863 37.9929 57.0575
12647.0000 0.1258 75.4531 48.0000 31.8489 38.2023 56.7398
12648.0000 0.1193 75.3850 48.0000 31.6074 38.9281 56.2892
12649.0000 0.1221 75.3952 48.0000 31.5025 38.8186 56.4371
12650.0000 0.1236 75.2686 48.0000 31.1181 38.9790 56.3708
12651.0000 0.1259 75.1072 48.0000 30.9812 38.7818 56.3670
12652.0000 0.1318 75.2780 48.0000 30.6272 38.8419 56.7456
12653.0000 0.1311 75.3459 48.0000 30.5830 39.0024 56.7494
12654.0000 0.1319 75.1691 48.0000 30.6725 38.6799 56.6874
12655.0000 0.1329 75.3239 48.0000 30.8116 38.5982 56.8727
12656.0000 0.1388 75.8639 48.0000 30.5942 38.8632 57.5237
12657.0000 0.1434 75.6926 48.0000 30.3349 38.6157 57.6019
12658.0000 0.1409 75.7262 48.0000 30.5428 38.6224 57.5318
12659.0000 0.1361 75.5009 48.0000 30.9466 38.3689 57.1885
12660.0000 0.1364 75.3639 48.0000 30.8572 38.3130 57.0935
12661.0000 0.1410 75.3590 48.0000 30.8124 37.9998 57.3201
12662.0000 0.1298 74.7774 48.0000 31.2572 37.8670 56.3981
12663.0000 0.1367 74.9172 48.0000 31.0775 37.6442 56.8303
12664.0000 0.1369 74.7204 48.0000 31.0443 37.4810 56.6972
12665.0000 0.1283 74.0536 48.0000 30.9449 37.6240 55.7744
12666.0000 0.1285 74.2061 48.0000 31.1706 37.5185 55.9223
12667.0000 0.1319 74.5283 48.0000 31.2878 37.4369 56.3384
12668.0000 0.1286 74.3558 48.0000 31.4418 37.3710 56.0679
12669.0000 0.1306 74.3656 48.0000 31.0747 37.6071 56.1277
12670.0000 0.1320 74.2971 48.0000 31.3755 37.1244 56.1909
12671.0000 0.1324 74.1202 48.0000 31.3481 36.9537 56.0850
12672.0000 0.1359 74.3941 48.0000 31.5272 36.7578 56.4746
12673.0000 0.1345 74.8250 48.0000 31.6241 37.1639 56.7233
12674.0000 0.1341 74.5883 48.0000 31.3268 37.2802 56.4998
12675.0000 0.1303 74.5173 48.0000 31.5529 37.2768 56.2822
12676.0000 0.1313 74.3296 48.0000 31.5023 37.0724 56.1972
12677.0000 0.1356 74.2438 48.0000 31.2059 36.9732 56.3144
12678.0000 0.1375 74.3184 48.0000 31.2612 36.8407 56.4687
12679.0000 0.1372 74.5549 48.0000 31.2107 37.1383 56.6134
12680.0000 0.1339 74.4889 48.0000 31.4416 37.0851 56.4332
12681.0000 0.1433 74.6487 48.0000 31.1472 36.8286 56.9732
12682.0000 0.1399 74.7072 48.0000 31.2671 37.0161 56.8625
12683.0000 0.1311 74.3773 48.0000 31.7402 36.8867 56.2487
12684.0000 0.1309 74.5516 48.0000 31.8194 36.9858 56.3694
12685.0000 0.1280 74.3565 48.0000 31.8317 37.0146 56.0852
12686.0000 0.1243 74.1947 48.0000 31.8549 37.1304 55.7804
12687.0000 0.1233 73.9134 48.0000 31.9906 36.8014 55.5468
12688.0000 0.1270 74.2048 48.0000 32.1851 36.5864 55.9635
12689.0000 0.1284 74.1207 48.0000 31.9582 36.6334 55.9513
12690.0000 0.1294 74.2553 48.0000 32.1204 36.5122 56.1158
12691.0000 0.1281 73.9986 48.0000 32.2156 36.2763 55.8746
12692.0000 0.1234 73.8629 48.0000 32.2220 36.5036 55.5423
12693.0000 0.1265 73.8437 48.0000 31.9242 36.5569 55.6537
12694.0000 0.1286 74.0662 48.0000 32.1216 36.3980 55.9392
12695.0000 0.1285 74.0578 48.0000 32.3317 36.1845 55.9456
12696.0000 0.1276 74.1042 48.0000 32.3348 36.2901 55.9368
12697.0000 0.1349 74.4304 48.0000 32.2138 36.1673 56.5162
12698.0000 0.1335 74.5630 48.0000 32.2499 36.3623 56.5453
12699.0000 0.1301 74.6510 48.0000 32.5945 36.3441 56.4755
12700.0000 0.1381 74.5972 48.0000 32.0430 36.2587 56.7741
12701.0000 0.1358 74.3891 48.0000 31.8965 36.3821 56.5039
12702.0000 0.1369 74.4114 48.0000 31.6049 36.6195 56.5439
12703.0000 0.1396 74.5927 48.0000 31.8601 36.3282 56.8267
12704.0000 0.1457 75.1818 48.0000 31.8775 36.3949 57.5460
12705.0000 0.1410 74.7822 48.0000 32.2500 36.0017 57.0631
12706.0000 0.1461 74.7800 48.0000 31.7830 36.0976 57.2613
12707.0000 0.1468 74.7838 48.0000 31.6651 36.1680 57.2871
12708.0000 0.1417 74.6738 48.0000 31.9062 36.1966 56.9910
12709.0000 0.1354 74.6383 48.0000 32.3032 36.2336 56.6967
12710.0000 0.1400 74.8326 48.0000 32.0920 36.2842 57.0392
12711.0000 0.1405 74.7896 48.0000 32.0632 36.2337 57.0311
12712.0000 0.1414 74.8193 48.0000 31.8718 36.3895 57.0781
12713.0000 0.1410 74.9039 48.0000 32.1334 36.2294 57.1443
12714.0000 0.1421 75.1743 48.0000 32.2225 36.3105 57.3972
12715.0000 0.1412 75.0193 48.0000 32.1802 36.2753 57.2401
12716.0000 0.1389 74.9947 48.0000 32.0140 36.5955 57.0971
12717.0000 0.1343 75.1934 48.0000 32.3632 36.7709 57.0488
12718.0000 0.1375 75.3084 48.0000 32.1167 36.8847 57.2659
12719.0000 0.1389 75.5288 48.0000 32.5198 36.5701 57.5299
12720.0000 0.1527 75.7887 48.0000 31.8703 36.4412 58.3116
12721.0000 0.1404 75.6490 48.0000 32.4756 36.6153 57.6838
12722.0000 0.1377 75.4051 48.0000 32.3110 36.7606 57.3637
12723.0000 0.1431 75.9347 48.0000 32.1799 36.9753 57.9944
12724.0000 0.1409 75.6865 48.0000 32.3713 36.7197 57.7254
12725.0000 0.1314 75.1667 48.0000 32.4438 36.8861 56.8933
12726.0000 0.1372 75.1653 48.0000 32.2574 36.6303 57.1621
12727.0000 0.1395 75.2985 48.0000 32.1319 36.7077 57.3582
12728.0000 0.1366 75.3264 48.0000 31.8637 37.2257 57.2103
12729.0000 0.1330 74.9909 48.0000 31.8201 37.2357 56.7857
12730.0000 0.1335 75.3756 48.0000 32.1594 37.2042 57.1235
12731.0000 0.1408 75.4544 48.0000 31.6572 37.2389 57.4843
12732.0000 0.1454 75.2972 48.0000 31.7313 36.6695 57.6033
12733.0000 0.1395 75.1785 48.0000 31.8398 36.8965 57.2422
12734.0000 0.1338 75.0910 48.0000 31.8136 37.2744 56.8962
12735.0000 0.1338 75.2342 48.0000 31.9779 37.2395 57.0159
12736.0000 0.1365 75.3034 48.0000 31.9566 37.1203 57.1967
12737.0000 0.1445 75.4090 48.0000 31.8991 36.6722 57.6552
12738.0000 0.1438 75.8063 48.0000 32.2240 36.7593 57.9393
12739.0000 0.1389 75.3657 48.0000 32.0261 36.9201 57.3691
12740.0000 0.1425 75.6954 48.0000 32.0229 36.9614 57.7770
12741.0000 0.1458 75.9464 48.0000 32.2246 36.7335 58.1384
12742.0000 0.1477 76.2774 48.0000 32.3413 36.7819 58.4755
12743.0000 0.1447 75.7584 48.0000 32.3560 36.5104 57.9605
12744.0000 0.1491 76.1463 48.0000 32.3916 36.5060 58.4496
12745.0000 0.1427 75.7954 48.0000 32.3844 36.6710 57.8915
12746.0000 0.1471 75.8071 48.0000 32.1095 36.6310 58.0850
12747.0000 0.1503 75.7194 48.0000 31.9288 36.4947 58.1560
12748.0000 0.1399 75.3724 48.0000 31.9982 36.8798 57.4194
12749.0000 0.1341 75.1607 48.0000 32.2661 36.8495 57.0101
12750.0000 0.1359 75.3067 48.0000 32.3831 36.7342 57.2105
12751.0000 0.1315 75.3802 48.0000 32.3993 37.1172 57.0506
12752.0000 0.1335 75.0023 48.0000 32.3379 36.6787 56.8707
12753.0000 0.1398 74.8616 48.0000 31.9792 36.4389 57.0421
12754.0000 0.1343 74.7665 48.0000 32.2321 36.5076 56.7301
12755.0000 0.1334 74.9642 48.0000 32.3900 36.5991 56.8421
12756.0000 0.1434 75.1513 48.0000 31.8665 36.5469 57.4158
12757.0000 0.1395 75.1556 48.0000 32.1640 36.5436 57.2574
12758.0000 0.1388 74.9597 48.0000 32.0648 36.5160 57.0735
12759.0000 0.1443 75.0987 48.0000 31.7895 36.5162 57.4091
12760.0000 0.1454 75.4267 48.0000 32.1318 36.3866 57.7301
12761.0000 0.1523 75.5305 48.0000 31.9144 36.1937 58.1063
12762.0000 0.1434 75.4533 48.0000 32.1352 36.5579 57.6545
12763.0000 0.1484 75.5182 48.0000 31.7265 36.6607 57.9002
12764.0000 0.1510 75.5125 48.0000 31.9491 36.2392 58.0354
12765.0000 0.1485 75.3044 48.0000 31.9747 36.2023 57.7734
12766.0000 0.1446 75.1208 48.0000 32.0301 36.2645 57.4639
12767.0000 0.1489 75.1001 48.0000 31.8352 36.1317 57.6286
12768.0000 0.1501 75.0723 48.0000 31.9486 35.9078 57.6695
12769.0000 0.1465 74.9937 48.0000 32.1683 35.8703 57.4680
12770.0000 0.1428 74.7118 48.0000 32.3167 35.7396 57.0979
12771.0000 0.1441 74.5876 48.0000 32.3768 35.4643 57.0731
12772.0000 0.1479 74.6520 48.0000 32.1449 35.4833 57.2762
12773.0000 0.1480 74.7063 48.0000 32.2094 35.4636 57.3229
12774.0000 0.1501 74.9010 48.0000 32.0529 35.6467 57.5507
12775.0000 0.1538 75.0136 48.0000 32.1573 35.3781 57.8043
12776.0000 0.1502 74.7504 48.0000 32.0316 35.5191 57.4455
12777.0000 0.1404 74.4286 48.0000 32.2019 35.7698 56.7730
12778.0000 0.1393 74.6389 48.0000 32.3509 35.8923 56.8869
12779.0000 0.1372 74.6887 48.0000 32.2914 36.1562 56.8189
12780.0000 0.1360 74.6134 48.0000 32.3949 36.0688 56.7165
12781.0000 0.1389 74.5432 48.0000 32.1150 36.0750 56.7795
12782.0000 0.1452 74.7761 48.0000 32.0354 35.9020 57.2385
12783.0000 0.1451 74.7914 48.0000 32.1612 35.7950 57.2548
12784.0000 0.1504 74.9204 48.0000 31.5692 36.1299 57.5420
12785.0000 0.1528 74.8822 48.0000 31.5672 35.9224 57.6233
12786.0000 0.1538 74.8506 48.0000 31.7698 35.6169 57.6604
12787.0000 0.1575 75.0649 48.0000 31.8651 35.4530 57.9866
12788.0000 0.1520 75.0210 48.0000 31.8505 35.8164 57.7139
12789.0000 0.1560 75.1418 48.0000 31.8311 35.6593 57.9783
12790.0000 0.1546 75.0680 48.0000 32.0374 35.4882 57.8739
12791.0000 0.1455 74.5204 48.0000 32.1421 35.5387 57.0716
12792.0000 0.1503 74.4738 48.0000 32.0207 35.2725 57.2439
12793.0000 0.1503 74.3341 48.0000 31.6417 35.5301 57.1137
12794.0000 0.1522 74.4181 48.0000 31.6204 35.4925 57.2580
12795.0000 0.1471 73.9975 48.0000 31.5791 35.5171 56.7180
12796.0000 0.1451 74.0252 48.0000 31.5681 35.6964 56.6476
12797.0000 0.1510 74.1343 48.0000 31.1524 35.7912 56.9598
12798.0000 0.1528 74.1058 48.0000 31.2758 35.5136 57.0287
12799.0000 0.1588 74.0588 48.0000 31.0993 35.2240 57.2434
12800.0000 0.1638 74.2492 48.0000 30.9302 35.2164 57.5853
12801.0000 0.1664 74.3763 48.0000 31.0667 35.0107 57.8009
12802.0000 0.1721 74.6585 48.0000 31.0170 34.9229 58.2429
12803.0000 0.1715 74.6507 48.0000 30.8616 35.1125 58.2014
12804.0000 0.1741 74.8127 48.0000 31.0104 34.9255 58.4424
12805.0000 0.1665 74.6313 48.0000 31.1103 35.1906 57.9966
12806.0000 0.1621 74.3987 48.0000 31.2342 35.1654 57.6453
12807.0000 0.1625 74.3223 48.0000 31.1486 35.1559 57.5988
12808.0000 0.1666 74.6543 48.0000 30.9663 35.3444 58.0096
12809.0000 0.1649 74.4882 48.0000 31.2732 35.0109 57.8335
12810.0000 0.1727 74.8899 48.0000 30.9837 35.1139 58.4425
12811.0000 0.1613 74.2084 48.0000 30.9295 35.3561 57.4473
12812.0000 0.1680 74.5392 48.0000 30.8470 35.2689 57.9712
12813.0000 0.1684 74.3527 48.0000 30.6218 35.2984 57.8330
12814.0000 0.1650 74.2744 48.0000 30.7793 35.3074 57.6430
12815.0000 0.1641 74.2618 48.0000 31.1458 34.9943 57.6208
12816.0000 0.1620 73.9300 48.0000 30.9845 35.0051 57.2735
12817.0000 0.1647 74.2202 48.0000 31.0995 34.9609 57.6125
12818.0000 0.1663 74.0771 48.0000 30.9946 34.8268 57.5660
12819.0000 0.1664 74.0546 48.0000 30.9561 34.8356 57.5525
12820.0000 0.1703 74.3396 48.0000 30.9330 34.8483 57.9235
12821.0000 0.1625 74.3739 48.0000 31.0944 35.2518 57.6361
12822.0000 0.1601 74.6083 48.0000 31.0840 35.6395 57.7063
12823.0000 0.1625 74.5315 48.0000 30.8639 35.6242 57.7345
12824.0000 0.1635 74.6063 48.0000 30.6975 35.7842 57.8209
12825.0000 0.1611 74.2177 48.0000 30.8560 35.4473 57.4427
12826.0000 0.1626 74.4372 48.0000 30.8750 35.5232 57.6692
12827.0000 0.1579 74.3838 48.0000 31.0269 35.6538 57.4377
12828.0000 0.1624 74.5167 48.0000 31.1094 35.3707 57.7396
12829.0000 0.1584 74.5837 48.0000 31.2314 35.5890 57.6259
12830.0000 0.1525 74.4498 48.0000 31.3610 35.7591 57.2761
12831.0000 0.1491 74.4250 48.0000 31.5217 35.8226 57.1157
12832.0000 0.1527 74.6242 48.0000 31.8533 35.4061 57.4504
12833.0000 0.1527 74.5789 48.0000 31.5004 35.7185 57.3927
12834.0000 0.1525 74.8689 48.0000 31.9825 35.5131 57.6306
12835.0000 0.1524 74.7315 48.0000 31.6671 35.7126 57.5031
12836.0000 0.1555 74.8758 48.0000 31.7392 35.5467 57.7532
12837.0000 0.1591 74.7211 48.0000 31.4921 35.4035 57.7762
12838.0000 0.1562 74.3791 48.0000 31.4442 35.3524 57.3910
12839.0000 0.1572 74.6234 48.0000 31.2643 35.6793 57.6038
12840.0000 0.1574 74.9189 48.0000 31.6772 35.5192 57.8600
12841.0000 0.1586 75.0368 48.0000 31.5733 35.6441 57.9927
12842.0000 0.1590 74.7431 48.0000 31.3166 35.6044 57.7765
12843.0000 0.1549 74.8354 48.0000 31.3891 35.9064 57.6697
12844.0000 0.1567 74.8968 48.0000 31.0673 36.1548 57.7683
12845.0000 0.1594 74.8973 48.0000 30.9551 36.0789 57.8766
12846.0000 0.1568 74.8220 48.0000 30.8734 36.2772 57.6986
12847.0000 0.1575 74.6778 48.0000 31.1262 35.8447 57.6463
12848.0000 0.1608 74.6615 48.0000 31.1422 35.5830 57.7785
12849.0000 0.1560 74.5820 48.0000 31.2641 35.7262 57.5210
12850.0000 0.1577 74.7046 48.0000 31.3127 35.6669 57.6903
12851.0000 0.1545 74.6881 48.0000 31.5762 35.6178 57.5555
12852.0000 0.1502 74.5666 48.0000 31.6182 35.7709 57.2792
12853.0000 0.1498 74.9292 48.0000 31.8694 35.8792 57.5448
12854.0000 0.1524 74.9688 48.0000 31.8929 35.7008 57.6942
12855.0000 0.1534 74.9516 48.0000 31.8863 35.6241 57.7229
12856.0000 0.1564 74.9850 48.0000 31.7960 35.5242 57.8775
12857.0000 0.1613 74.9038 48.0000 31.2861 35.6162 57.9934
12858.0000 0.1527 74.6833 48.0000 31.5341 35.7852 57.4684
12859.0000 0.1549 74.9950 48.0000 31.7170 35.7256 57.8098
12860.0000 0.1575 74.8918 48.0000 31.5382 35.6254 57.8355
12861.0000 0.1647 75.1973 48.0000 31.4042 35.5209 58.3667
12862.0000 0.1651 75.1211 48.0000 31.3162 35.5129 58.3207
12863.0000 0.1661 75.4643 48.0000 31.2229 35.8438 58.6107
12864.0000 0.1672 75.4428 48.0000 31.2684 35.6993 58.6469
12865.0000 0.1658 75.5395 48.0000 31.5359 35.6176 58.6779
12866.0000 0.1547 75.0752 48.0000 31.5847 35.9451 57.8502
12867.0000 0.1532 74.9818 48.0000 31.6701 35.8812 57.7219
12868.0000 0.1524 75.0838 48.0000 31.6493 36.0535 57.7585
12869.0000 0.1498 75.1403 48.0000 32.0281 35.9110 57.7119
12870.0000 0.1422 74.9005 48.0000 32.3968 35.8720 57.2165
12871.0000 0.1528 75.5017 48.0000 32.4919 35.5491 58.1467
12872.0000 0.1561 75.7016 48.0000 32.3157 35.6693 58.4305
12873.0000 0.1528 75.1928 48.0000 32.1765 35.5900 57.8962
12874.0000 0.1576 75.1769 48.0000 32.0183 35.3923 58.0843
12875.0000 0.1549 75.2907 48.0000 32.2201 35.4816 58.0656
12876.0000 0.1479 75.4335 48.0000 32.2797 36.0580 57.8624
12877.0000 0.1527 75.6242 48.0000 32.2396 35.9211 58.2176
12878.0000 0.1507 75.4879 48.0000 32.1366 36.0517 58.0166
12879.0000 0.1516 75.4311 48.0000 32.0151 36.0520 58.0098
12880.0000 0.1493 75.5704 48.0000 32.4223 35.9406 58.0342
12881.0000 0.1464 75.5172 48.0000 32.6477 35.8755 57.8786
12882.0000 0.1597 75.3705 48.0000 32.2460 35.1872 58.3333
12883.0000 0.1563 75.4004 48.0000 32.4685 35.2336 58.2204
12884.0000 0.1527 75.2087 48.0000 32.8509 34.9324 57.9388
12885.0000 0.1561 75.6691 48.0000 32.8742 35.0826 58.4320
12886.0000 0.1625 75.8217 48.0000 32.7017 34.9385 58.8118
12887.0000 0.1630 75.7458 48.0000 32.4214 35.1151 58.7640
12888.0000 0.1577 75.7942 48.0000 32.4912 35.4635 58.5784
12889.0000 0.1538 75.8082 48.0000 32.8045 35.4423 58.4345
12890.0000 0.1624 75.8871 48.0000 32.1416 35.5615 58.8315
12891.0000 0.1651 75.8280 48.0000 32.1372 35.3260 58.8996
12892.0000 0.1673 75.7988 48.0000 31.9004 35.3788 58.9590
12893.0000 0.1670 75.3817 48.0000 31.6966 35.2386 58.6171
12894.0000 0.1764 75.7814 48.0000 31.5233 35.1096 59.2994
12895.0000 0.1757 76.0097 48.0000 32.0750 34.8113 59.4713
12896.0000 0.1772 75.8772 48.0000 31.8945 34.7741 59.4210
12897.0000 0.1798 75.7556 48.0000 31.8656 34.5157 59.4320
12898.0000 0.1742 75.7158 48.0000 31.8033 34.9233 59.1760
12899.0000 0.1740 75.6514 48.0000 31.7055 34.9804 59.1123
12900.0000 0.1716 75.7111 48.0000 31.8339 35.0694 59.0669
12901.0000 0.1670 75.7110 48.0000 32.3254 34.8996 58.9002
12902.0000 0.1611 75.4928 48.0000 32.5754 34.8667 58.5006
12903.0000 0.1562 75.4986 48.0000 32.8282 34.9656 58.3074
12904.0000 0.1547 75.5549 48.0000 32.7621 35.1953 58.2793
12905.0000 0.1605 75.8065 48.0000 32.6366 35.1290 58.7149
12906.0000 0.1593 76.0165 48.0000 32.6416 35.3970 58.8224
12907.0000 0.1548 75.7019 48.0000 32.4773 35.6024 58.3821
12908.0000 0.1549 75.7433 48.0000 32.7171 35.3934 58.4290
12909.0000 0.1554 75.5052 48.0000 32.6554 35.2032 58.2700
12910.0000 0.1585 75.2196 48.0000 32.4013 34.9845 58.1741
12911.0000 0.1567 75.1252 48.0000 32.3890 35.0411 58.0248
12912.0000 0.1583 74.9278 48.0000 32.2660 34.8709 57.9405
12913.0000 0.1612 75.2904 48.0000 32.3168 34.9405 58.3390
12914.0000 0.1653 75.5112 48.0000 32.5454 34.6254 58.6840
12915.0000 0.1712 75.9646 48.0000 32.5314 34.6295 59.2716
12916.0000 0.1742 76.0311 48.0000 32.5020 34.5106 59.4421
12917.0000 0.1769 75.8791 48.0000 32.2205 34.4727 59.4231
12918.0000 0.1732 75.9373 48.0000 32.5632 34.4313 59.3346
12919.0000 0.1720 75.6180 48.0000 32.2173 34.5807 59.0279
12920.0000 0.1766 76.0801 48.0000 32.4034 34.4818 59.5752
12921.0000 0.1738 75.8296 48.0000 32.5322 34.3273 59.2741
12922.0000 0.1705 75.8274 48.0000 32.5994 34.4892 59.1403
12923.0000 0.1662 75.6085 48.0000 32.6491 34.5429 58.8003
12924.0000 0.1735 75.8757 48.0000 32.4005 34.5224 59.2919
12925.0000 0.1654 75.7684 48.0000 32.6529 34.7365 58.8898
12926.0000 0.1622 76.0299 48.0000 32.9355 34.9141 58.9645
12927.0000 0.1643 76.1452 48.0000 33.0352 34.7684 59.1433
12928.0000 0.1628 75.7595 48.0000 32.9224 34.6392 58.7856
12929.0000 0.1656 75.8870 48.0000 33.1494 34.3315 59.0026
12930.0000 0.1660 75.5262 48.0000 32.6768 34.4579 58.7289
12931.0000 0.1592 75.5006 48.0000 33.1017 34.4857 58.4411
12932.0000 0.1593 75.3768 48.0000 33.0648 34.4052 58.3494
12933.0000 0.1517 75.2449 48.0000 33.0255 34.8610 57.9295
12934.0000 0.1535 75.2150 48.0000 32.8335 34.8991 57.9768
12935.0000 0.1495 75.3439 48.0000 33.1628 34.9711 57.9134
12936.0000 0.1460 75.2381 48.0000 33.0320 35.2595 57.6751
12937.0000 0.1539 75.4363 48.0000 33.2191 34.6843 58.1732
12938.0000 0.1623 76.2336 48.0000 33.3245 34.6962 59.1372
12939.0000 0.1694 76.4373 48.0000 33.4848 34.2216 59.5845
12940.0000 0.1641 76.3669 48.0000 33.3636 34.6512 59.3133
12941.0000 0.1624 76.2355 48.0000 33.3575 34.6597 59.1424
12942.0000 0.1638 76.2603 48.0000 33.1092 34.8297 59.2141
12943.0000 0.1762 76.7457 48.0000 32.8749 34.6281 60.0837
12944.0000 0.1706 76.6362 48.0000 32.9991 34.7933 59.7795
12945.0000 0.1668 76.5036 48.0000 33.5542 34.3929 59.5319
12946.0000 0.1789 76.7933 48.0000 33.4295 33.9291 60.2370
12947.0000 0.1728 76.7929 48.0000 33.6935 34.0882 59.9991
12948.0000 0.1657 76.5588 48.0000 33.6015 34.4736 59.5295
12949.0000 0.1621 76.3601 48.0000 33.4683 34.6780 59.2298
12950.0000 0.1658 76.4824 48.0000 33.5534 34.4415 59.4769
12951.0000 0.1616 76.1706 48.0000 33.5911 34.4223 59.0653
12952.0000 0.1511 75.9304 48.0000 33.6266 34.9228 58.4387
12953.0000 0.1457 75.9962 48.0000 33.9677 35.0369 58.2583
12954.0000 0.1452 75.9684 48.0000 33.9168 35.0975 58.2152
12955.0000 0.1440 76.0902 48.0000 33.9585 35.2523 58.2564
12956.0000 0.1425 76.0138 48.0000 33.9545 35.3007 58.1296
12957.0000 0.1456 75.9828 48.0000 34.0381 34.9573 58.2476
12958.0000 0.1438 76.0607 48.0000 34.4545 34.7426 58.2329
12959.0000 0.1450 75.9675 48.0000 33.9628 35.0643 58.2072
12960.0000 0.1412 75.8695 48.0000 34.2852 34.9297 57.9709
12961.0000 0.1365 75.6096 48.0000 34.4548 34.8739 57.5629
12962.0000 0.1389 75.8372 48.0000 34.4764 34.8816 57.8441
12963.0000 0.1350 75.6568 48.0000 34.3650 35.1187 57.5297
12964.0000 0.1364 75.6776 48.0000 33.9530 35.4461 57.6009
12965.0000 0.1308 75.4123 48.0000 34.0917 35.4805 57.1481
12966.0000 0.1246 75.0703 48.0000 34.2172 35.5102 56.6018
12967.0000 0.1325 75.1842 48.0000 34.1749 35.0596 57.0576
12968.0000 0.1265 74.9288 48.0000 34.1847 35.2651 56.5871
12969.0000 0.1393 75.2597 48.0000 33.7082 35.0905 57.4147
12970.0000 0.1431 75.5951 48.0000 33.8508 34.9745 57.8405
12971.0000 0.1339 75.5248 48.0000 33.7513 35.6957 57.3643
12972.0000 0.1323 75.5576 48.0000 34.1655 35.4285 57.3279
12973.0000 0.1406 75.4734 48.0000 33.9436 34.9533 57.6396
12974.0000 0.1332 75.3838 48.0000 34.1742 35.1895 57.2410
12975.0000 0.1343 75.3476 48.0000 34.3470 34.9011 57.2665
12976.0000 0.1280 75.4416 48.0000 34.4932 35.3169 57.0471
12977.0000 0.1302 75.1238 48.0000 34.0175 35.3390 56.8994
12978.0000 0.1301 75.3974 48.0000 33.9686 35.6431 57.1005
12979.0000 0.1337 75.8245 48.0000 34.0160 35.7197 57.5880
12980.0000 0.1392 76.0130 48.0000 33.7774 35.7199 57.9754
12981.0000 0.1384 75.6216 48.0000 33.6215 35.5820 57.6379
12982.0000 0.1360 75.7265 48.0000 33.7636 35.7099 57.6135
12983.0000 0.1323 75.8797 48.0000 34.0715 35.8258 57.5619
12984.0000 0.1401 75.8370 48.0000 33.6539 35.6187 57.8789
12985.0000 0.1440 75.8145 48.0000 33.4417 35.5229 58.0311
12986.0000 0.1406 75.6733 48.0000 33.5519 35.5351 57.7752
12987.0000 0.1427 75.7320 48.0000 33.5956 35.3860 57.9181
12988.0000 0.1443 75.7327 48.0000 33.7717 35.0961 57.9928
12989.0000 0.1433 75.6510 48.0000 34.1443 34.7225 57.8929
12990.0000 0.1438 75.4869 48.0000 33.9530 34.7277 57.7879
12991.0000 0.1422 75.5250 48.0000 33.9467 34.8848 57.7469
12992.0000 0.1463 75.7675 48.0000 34.1270 34.6208 58.1159
12993.0000 0.1462 75.8199 48.0000 34.0238 34.7813 58.1489
12994.0000 0.1467 75.8533 48.0000 33.8599 34.9365 58.1952
12995.0000 0.1532 76.1411 48.0000 33.8211 34.7688 58.6918
12996.0000 0.1432 76.0764 48.0000 34.5121 34.7421 58.2196
12997.0000 0.1478 76.1225 48.0000 34.2333 34.7314 58.4504
12998.0000 0.1510 75.8374 48.0000 34.0526 34.4236 58.3674
12999.0000 0.1497 75.9580 48.0000 34.1672 34.5088 58.4069
13000.0000 0.1573 75.9635 48.0000 33.5528 34.5853 58.7241
13001.0000 0.1562 76.3580 48.0000 33.7088 34.8596 58.9836
13002.0000 0.1508 76.4938 48.0000 33.7981 35.2800 58.8584
13003.0000 0.1458 76.3548 48.0000 33.9424 35.3781 58.5351
13004.0000 0.1542 76.5760 48.0000 33.7589 35.1482 59.0662
13005.0000 0.1537 76.1444 48.0000 33.5673 34.9895 58.7107
13006.0000 0.1524 76.0006 48.0000 33.8066 34.7167 58.5488
13007.0000 0.1572 76.2250 48.0000 33.6907 34.6834 58.9258
13008.0000 0.1647 76.3085 48.0000 33.4201 34.4970 59.2962
13009.0000 0.1580 76.0187 48.0000 33.3765 34.7605 58.7926
13010.0000 0.1581 76.1098 48.0000 33.2529 34.9597 58.8623
13011.0000 0.1613 76.0779 48.0000 33.1709 34.7835 58.9716
13012.0000 0.1590 76.2663 48.0000 33.1682 35.1187 59.0177
13013.0000 0.1613 76.1743 48.0000 32.9441 35.0991 59.0361
13014.0000 0.1541 75.4969 48.0000 32.8152 35.1332 58.2117
13015.0000 0.1541 75.6857 48.0000 32.8198 35.2932 58.3573
13016.0000 0.1578 75.5058 48.0000 32.7289 34.9587 58.3766
13017.0000 0.1592 75.3922 48.0000 32.7289 34.7602 58.3484
13018.0000 0.1685 75.4528 48.0000 32.2529 34.6409 58.7612
13019.0000 0.1699 75.6436 48.0000 32.3027 34.6612 58.9669
13020.0000 0.1725 75.6350 48.0000 32.0449 34.7316 59.0550
13021.0000 0.1760 75.2689 48.0000 31.6746 34.5388 58.8998
13022.0000 0.1665 75.1477 48.0000 32.2463 34.5142 58.4476
13023.0000 0.1701 75.5857 48.0000 32.0392 34.8611 58.9185
13024.0000 0.1708 75.5538 48.0000 31.6651 35.1540 58.9058
13025.0000 0.1778 75.4829 48.0000 31.3237 34.9531 59.1166
13026.0000 0.1772 75.3825 48.0000 31.1576 35.0684 59.0079
13027.0000 0.1696 74.9601 48.0000 31.1612 35.2122 58.3789
13028.0000 0.1604 74.9682 48.0000 31.5961 35.4275 58.0242
13029.0000 0.1580 74.8438 48.0000 31.9386 35.1469 57.8466
13030.0000 0.1653 74.8710 48.0000 31.7824 34.8132 58.1687
13031.0000 0.1685 75.0263 48.0000 31.6643 34.8521 58.4094
13032.0000 0.1585 74.5759 48.0000 32.0893 34.7214 57.6738
13033.0000 0.1673 74.8158 48.0000 31.6682 34.7381 58.2047
13034.0000 0.1677 75.0747 48.0000 31.7541 34.8574 58.4196
13035.0000 0.1712 74.8608 48.0000 31.4979 34.6850 58.3865
13036.0000 0.1635 74.6767 48.0000 31.9293 34.6200 57.9533
13037.0000 0.1576 74.6129 48.0000 32.2086 34.6938 57.6717
13038.0000 0.1582 74.8835 48.0000 32.4899 34.6118 57.9136
13039.0000 0.1551 74.7365 48.0000 32.3219 34.8680 57.6633
13040.0000 0.1597 74.8447 48.0000 32.3101 34.6516 57.9400
13041.0000 0.1482 74.5523 48.0000 32.5344 34.9823 57.2346
13042.0000 0.1509 74.6301 48.0000 32.2623 35.1295 57.3997
13043.0000 0.1571 75.0172 48.0000 32.1336 35.1670 57.9509
13044.0000 0.1553 75.0085 48.0000 32.1402 35.2850 57.8641
13045.0000 0.1604 75.3324 48.0000 32.1503 35.1986 58.3300
13046.0000 0.1611 75.2035 48.0000 31.9395 35.2485 58.2493
13047.0000 0.1592 75.3806 48.0000 32.1392 35.3418 58.3118
13048.0000 0.1614 75.0097 48.0000 31.9886 35.0049 58.1193
13049.0000 0.1578 74.9322 48.0000 32.0546 35.1221 57.9118
13050.0000 0.1618 75.2237 48.0000 32.0070 35.1468 58.2998
13051.0000 0.1676 75.2398 48.0000 31.9348 34.8333 58.5477
13052.0000 0.1634 75.1796 48.0000 31.9616 35.0434 58.3299
13053.0000 0.1631 75.0491 48.0000 32.0924 34.8134 58.2277
13054.0000 0.1573 75.1000 48.0000 31.9838 35.3777 58.0126
13055.0000 0.1611 75.2753 48.0000 31.9044 35.3493 58.3001
13056.0000 0.1554 75.0563 48.0000 31.9525 35.5089 57.8931
13057.0000 0.1525 74.8492 48.0000 32.0182 35.4591 57.6185
13058.0000 0.1601 75.0737 48.0000 32.0220 35.1177 58.1155
13059.0000 0.1595 74.9257 48.0000 31.8329 35.2192 57.9667
13060.0000 0.1574 75.0399 48.0000 31.9291 35.3689 57.9703
13061.0000 0.1558 75.0683 48.0000 32.1499 35.2924 57.9318
13062.0000 0.1499 75.2058 48.0000 32.7046 35.2830 57.8051
13063.0000 0.1573 75.4862 48.0000 32.3585 35.3468 58.3241
13064.0000 0.1511 75.0353 48.0000 32.3329 35.4095 57.7152
13065.0000 0.1540 75.2208 48.0000 32.2789 35.4273 57.9754
13066.0000 0.1477 74.7444 48.0000 32.2333 35.4942 57.3402
13067.0000 0.1501 74.8494 48.0000 32.4622 35.1848 57.5385
13068.0000 0.1439 74.4376 48.0000 32.3899 35.3326 56.9514
13069.0000 0.1436 74.4669 48.0000 32.0711 35.7053 56.9376
13070.0000 0.1449 74.4406 48.0000 31.9440 35.7136 56.9695
13071.0000 0.1448 74.3641 48.0000 31.9255 35.6671 56.9091
13072.0000 0.1544 74.7909 48.0000 31.6092 35.6819 57.6311
13073.0000 0.1622 75.0251 48.0000 31.3518 35.5954 58.1274
13074.0000 0.1562 74.8592 48.0000 31.7191 35.5077 57.7668
13075.0000 0.1581 74.9527 48.0000 31.4999 35.6754 57.9044
13076.0000 0.1545 74.7417 48.0000 31.6386 35.6044 57.5989
13077.0000 0.1484 74.4326 48.0000 31.8805 35.5152 57.1184
13078.0000 0.1544 74.6086 48.0000 31.8225 35.3066 57.5084
13079.0000 0.1550 74.6706 48.0000 32.0351 35.1045 57.5945
13080.0000 0.1529 74.7139 48.0000 31.7540 35.5752 57.5174
13081.0000 0.1488 74.5150 48.0000 32.0911 35.3456 57.2130
13082.0000 0.1432 74.3402 48.0000 32.1806 35.5023 56.8371
13083.0000 0.1574 74.2528 48.0000 31.4100 35.1882 57.3470
13084.0000 0.1563 74.6083 48.0000 31.4562 35.5385 57.5666
13085.0000 0.1561 74.9056 48.0000 31.8952 35.3807 57.8078
13086.0000 0.1518 74.9819 48.0000 32.1736 35.4739 57.6953
13087.0000 0.1474 74.6567 48.0000 32.2652 35.4009 57.2656
13088.0000 0.1510 74.6178 48.0000 31.9174 35.4624 57.3717
13089.0000 0.1411 74.4681 48.0000 32.3430 35.6124 56.8435
13090.0000 0.1509 74.8307 48.0000 31.9571 35.6226 57.5275
13091.0000 0.1528 74.6074 48.0000 32.0385 35.2015 57.4513
13092.0000 0.1532 74.7436 48.0000 32.0560 35.2760 57.5728
13093.0000 0.1541 74.6917 48.0000 31.9449 35.2754 57.5675
13094.0000 0.1593 74.9725 48.0000 31.9040 35.2005 57.9995
13095.0000 0.1624 74.8401 48.0000 31.6691 35.0994 58.0184
13096.0000 0.1574 74.9112 48.0000 31.9423 35.2452 57.8718
13097.0000 0.1530 74.6347 48.0000 31.9146 35.3329 57.4750
13098.0000 0.1605 74.8639 48.0000 31.7948 35.1302 57.9617
13099.0000 0.1713 75.3345 48.0000 31.3020 35.2882 58.7385
13100.0000 0.1705 75.1071 48.0000 31.1748 35.2680 58.5268
13101.0000 0.1622 74.7046 48.0000 31.2750 35.3877 57.8824
13102.0000 0.1625 75.0779 48.0000 31.5145 35.4643 58.1877
13103.0000 0.1633 74.8292 48.0000 31.5880 35.1110 58.0416
13104.0000 0.1618 74.7396 48.0000 31.6615 35.0624 57.9154
13105.0000 0.1597 74.5674 48.0000 31.7704 34.9484 57.7022
13106.0000 0.1630 74.6022 48.0000 31.6133 34.9039 57.8603
13107.0000 0.1618 74.4847 48.0000 31.3392 35.1591 57.7032
13108.0000 0.1573 74.5677 48.0000 31.2947 35.5885 57.5711
13109.0000 0.1521 74.4769 48.0000 31.3103 35.8652 57.2726
13110.0000 0.1544 74.5041 48.0000 31.5432 35.4887 57.4146
13111.0000 0.1555 74.4442 48.0000 31.2923 35.6133 57.3970
13112.0000 0.1541 74.4821 48.0000 31.2067 35.8269 57.3599
13113.0000 0.1605 74.5260 48.0000 31.0735 35.5511 57.6601
13114.0000 0.1557 74.4910 48.0000 31.4167 35.5124 57.4523
13115.0000 0.1623 74.6882 48.0000 31.1615 35.4792 57.8663
13116.0000 0.1575 74.5114 48.0000 31.3770 35.4444 57.5424
13117.0000 0.1503 74.4734 48.0000 31.5719 35.7232 57.2132
13118.0000 0.1492 74.5664 48.0000 31.7535 35.7037 57.2461
13119.0000 0.1534 74.8449 48.0000 31.7668 35.6457 57.6369
13120.0000 0.1525 74.5838 48.0000 31.4975 35.7429 57.3855
13121.0000 0.1665 74.9008 48.0000 31.2261 35.3124 58.2073
13122.0000 0.1708 74.9412 48.0000 31.0911 35.1839 58.4091
13123.0000 0.1638 74.7686 48.0000 31.5187 35.0883 58.0148
13124.0000 0.1666 74.9620 48.0000 31.5034 35.0854 58.2739
13125.0000 0.1764 74.8756 48.0000 31.0728 34.7611 58.5877
13126.0000 0.1732 74.7307 48.0000 31.2697 34.6579 58.3586
13127.0000 0.1792 74.8071 48.0000 30.7460 34.8416 58.6245
13128.0000 0.1819 74.9609 48.0000 30.6166 34.9161 58.8442
13129.0000 0.1790 74.8525 48.0000 30.7309 34.9085 58.6507
13130.0000 0.1821 75.0295 48.0000 30.5786 35.0050 58.8984
13131.0000 0.1765 74.8692 48.0000 30.7245 35.0979 58.5623
13132.0000 0.1752 75.0495 48.0000 30.6338 35.4316 58.6396
13133.0000 0.1746 75.0502 48.0000 30.6753 35.4321 58.6185
13134.0000 0.1686 74.8002 48.0000 31.0630 35.2376 58.2106
13135.0000 0.1697 74.9300 48.0000 31.1240 35.2203 58.3552
13136.0000 0.1689 75.1616 48.0000 31.2527 35.3518 58.5045
13137.0000 0.1715 74.9686 48.0000 30.7948 35.4531 58.4384
13138.0000 0.1745 74.9763 48.0000 30.6717 35.3795 58.5575
13139.0000 0.1744 75.0425 48.0000 30.6514 35.4611 58.6035
13140.0000 0.1754 74.7579 48.0000 30.5131 35.2863 58.4172
13141.0000 0.1823 75.1243 48.0000 30.4271 35.2204 58.9692
13142.0000 0.1788 74.9311 48.0000 30.5424 35.1760 58.6896
13143.0000 0.1910 75.5776 48.0000 30.5618 34.8957 59.6678
13144.0000 0.1842 75.6873 48.0000 30.6359 35.3769 59.4852
13145.0000 0.1874 75.5117 48.0000 30.6094 35.0309 59.4804
13146.0000 0.1873 75.5055 48.0000 30.4154 35.2232 59.4585
13147.0000 0.1915 75.6721 48.0000 30.0180 35.4795 59.7193
13148.0000 0.1994 76.2232 48.0000 29.9861 35.4559 60.4457
13149.0000 0.1870 76.0764 48.0000 30.5940 35.5603 59.8924
13150.0000 0.1812 76.1621 48.0000 30.7654 35.8611 59.7339
13151.0000 0.1823 76.1938 48.0000 30.8761 35.7090 59.8083
13152.0000 0.1854 76.4939 48.0000 30.9177 35.7143 60.1657
13153.0000 0.1880 76.4288 48.0000 31.0957 35.3096 60.2300
13154.0000 0.1823 76.3345 48.0000 31.1194 35.5863 59.9345
13155.0000 0.1716 75.8680 48.0000 31.3282 35.7117 59.1538
13156.0000 0.1651 75.7565 48.0000 31.3190 36.0767 58.7932
13157.0000 0.1652 75.7853 48.0000 31.1388 36.2742 58.8045
13158.0000 0.1639 75.8608 48.0000 31.0755 36.4972 58.7974
13159.0000 0.1546 75.7305 48.0000 31.4409 36.6877 58.3146
13160.0000 0.1616 75.9243 48.0000 31.2256 36.5710 58.7539
13161.0000 0.1566 75.6568 48.0000 31.3052 36.6123 58.3393
13162.0000 0.1494 75.8113 48.0000 31.6896 36.8906 58.1568
13163.0000 0.1562 75.4303 48.0000 31.4335 36.3053 58.1687
13164.0000 0.1562 75.5984 48.0000 31.5003 36.3891 58.2983
13165.0000 0.1467 75.1406 48.0000 31.5429 36.6240 57.5312
13166.0000 0.1482 75.2032 48.0000 31.4454 36.6696 57.6373
13167.0000 0.1547 75.5138 48.0000 31.4050 36.5173 58.1596
13168.0000 0.1512 75.5917 48.0000 31.3082 36.9383 58.0471
13169.0000 0.1512 75.6009 48.0000 31.2345 37.0229 58.0449
13170.0000 0.1549 75.2240 48.0000 30.5130 37.1429 57.8620
13171.0000 0.1553 75.5730 48.0000 30.9776 36.9591 58.1866
13172.0000 0.1627 75.5999 48.0000 30.7879 36.6385 58.5241
13173.0000 0.1644 75.5656 48.0000 30.6281 36.6443 58.5600
13174.0000 0.1667 75.4519 48.0000 30.2935 36.7131 58.5444
13175.0000 0.1674 75.4872 48.0000 30.5324 36.4607 58.6234
13176.0000 0.1677 75.4666 48.0000 30.1908 36.7585 58.5878
13177.0000 0.1597 75.1481 48.0000 30.2762 36.9632 58.0027
13178.0000 0.1607 75.3232 48.0000 30.2979 37.0251 58.1788
13179.0000 0.1569 75.0735 48.0000 30.4391 36.9359 57.8380
13180.0000 0.1627 75.1153 48.0000 30.2907 36.7019 58.1184
13181.0000 0.1613 75.0727 48.0000 30.2832 36.7701 58.0241
13182.0000 0.1508 74.9335 48.0000 30.7154 36.9719 57.4863
13183.0000 0.1500 74.6667 48.0000 30.8335 36.6662 57.2713
13184.0000 0.1470 74.7026 48.0000 30.9604 36.7954 57.1668
13185.0000 0.1518 74.7074 48.0000 31.0189 36.3848 57.4035
13186.0000 0.1550 74.6863 48.0000 31.0091 36.1451 57.5328
13187.0000 0.1586 74.7814 48.0000 30.9381 36.0518 57.7526
13188.0000 0.1603 74.6650 48.0000 30.8349 35.9299 57.7332
13189.0000 0.1670 74.9240 48.0000 30.6311 35.8906 58.1998
13190.0000 0.1608 74.7893 48.0000 30.8949 35.9415 57.8546
13191.0000 0.1637 74.9083 48.0000 30.9566 35.7800 58.0752
13192.0000 0.1639 75.0838 48.0000 31.2049 35.6753 58.2332
13193.0000 0.1652 74.8673 48.0000 31.1393 35.4628 58.1193
13194.0000 0.1636 74.5217 48.0000 31.0010 35.4001 57.7863
13195.0000 0.1588 74.3077 48.0000 30.8942 35.6562 57.4093
13196.0000 0.1609 74.3358 48.0000 30.8945 35.5277 57.5250
13197.0000 0.1601 74.1329 48.0000 31.0741 35.2283 57.3503
13198.0000 0.1569 74.0011 48.0000 31.1811 35.2229 57.1249
13199.0000 0.1563 73.9804 48.0000 31.2039 35.2278 57.0825
13200.0000 0.1518 73.8706 48.0000 31.2645 35.3858 56.8088
13201.0000 0.1546 74.0033 48.0000 31.2006 35.3683 57.0272
13202.0000 0.1532 74.0702 48.0000 30.8590 35.8711 56.9859
13203.0000 0.1499 74.0326 48.0000 30.9818 35.9499 56.8204
13204.0000 0.1494 73.8968 48.0000 31.2571 35.5850 56.7225
13205.0000 0.1557 73.9816 48.0000 31.0824 35.3912 57.0493
13206.0000 0.1520 74.0767 48.0000 31.0641 35.7551 56.9557
13207.0000 0.1500 73.7099 48.0000 31.0708 35.5631 56.5952
13208.0000 0.1577 73.7340 48.0000 30.7961 35.3117 56.9332
13209.0000 0.1550 73.5306 48.0000 30.7995 35.3167 56.6646
13210.0000 0.1505 73.5469 48.0000 30.9560 35.4944 56.4891
13211.0000 0.1479 73.5688 48.0000 30.9966 35.6554 56.3939
13212.0000 0.1469 73.5995 48.0000 30.9560 35.7985 56.3655
13213.0000 0.1496 73.8016 48.0000 31.0054 35.7414 56.6383
13214.0000 0.1555 73.9796 48.0000 30.9231 35.5631 57.0263
13215.0000 0.1525 73.9575 48.0000 31.2944 35.3784 56.9099
13216.0000 0.1504 73.7887 48.0000 31.0633 35.6124 56.6710
13217.0000 0.1500 74.1611 48.0000 31.3402 35.6953 56.9518
13218.0000 0.1502 74.1647 48.0000 31.5746 35.4510 56.9796
13219.0000 0.1485 74.3013 48.0000 31.7930 35.4764 57.0203
13220.0000 0.1590 74.5282 48.0000 31.6290 35.1014 57.6364
13221.0000 0.1509 74.5296 48.0000 31.9615 35.3434 57.3059
13222.0000 0.1567 74.5399 48.0000 31.8146 35.0848 57.5594
13223.0000 0.1559 74.2292 48.0000 31.6601 35.0196 57.2821
13224.0000 0.1560 74.3794 48.0000 31.7630 35.0458 57.4039
13225.0000 0.1591 74.3570 48.0000 31.6071 34.9624 57.5116
13226.0000 0.1577 74.4022 48.0000 32.0366 34.6679 57.5107
13227.0000 0.1563 74.6577 48.0000 31.8006 35.2388 57.6257
13228.0000 0.1549 74.4920 48.0000 31.9341 35.0497 57.4526
13229.0000 0.1576 74.3888 48.0000 31.7019 35.0003 57.4774
13230.0000 0.1575 74.1444 48.0000 31.6936 34.7952 57.2905
13231.0000 0.1536 74.0714 48.0000 31.9635 34.7371 57.0810
13232.0000 0.1495 73.7243 48.0000 31.7965 34.8774 56.6376
13233.0000 0.1543 73.8846 48.0000 31.7407 34.7400 56.9613
13234.0000 0.1558 74.0661 48.0000 31.6536 34.8891 57.1541
13235.0000 0.1543 73.8696 48.0000 31.7586 34.7104 56.9499
13236.0000 0.1460 73.8830 48.0000 31.7315 35.3408 56.5936
13237.0000 0.1516 74.0937 48.0000 31.6163 35.2417 56.9940
13238.0000 0.1537 74.1154 48.0000 31.2798 35.4564 57.0746
13239.0000 0.1553 74.2385 48.0000 31.2700 35.4637 57.2352
13240.0000 0.1565 73.9816 48.0000 30.9906 35.4248 57.0783
13241.0000 0.1601 73.8952 48.0000 31.3436 34.7424 57.1931
13242.0000 0.1624 74.0255 48.0000 31.4556 34.5912 57.3914
13243.0000 0.1584 73.7380 48.0000 31.4405 34.6220 57.0098
13244.0000 0.1569 74.0276 48.0000 31.4131 35.0185 57.1577
13245.0000 0.1580 74.1178 48.0000 31.2820 35.1516 57.2648
13246.0000 0.1595 74.2122 48.0000 31.2657 35.1500 57.3968
13247.0000 0.1609 73.9753 48.0000 31.0152 35.0915 57.2624
13248.0000 0.1642 74.3536 48.0000 31.1026 35.1071 57.6938
13249.0000 0.1673 74.4150 48.0000 31.3314 34.7196 57.8833
13250.0000 0.1683 74.4407 48.0000 31.1957 34.8082 57.9365
13251.0000 0.1620 74.3931 48.0000 31.3044 35.0940 57.6435
13252.0000 0.1605 74.2041 48.0000 31.2613 35.0725 57.4360
13253.0000 0.1673 74.4034 48.0000 30.9944 35.0468 57.8527
13254.0000 0.1722 74.2723 48.0000 30.9250 34.6648 57.9515
13255.0000 0.1730 74.4673 48.0000 30.8966 34.8130 58.1277
13256.0000 0.1738 74.6539 48.0000 30.9491 34.8713 58.3039
13257.0000 0.1746 74.2425 48.0000 30.9330 34.4663 58.0273
13258.0000 0.1768 74.4433 48.0000 31.0316 34.3977 58.2722
13259.0000 0.1690 74.3526 48.0000 31.3549 34.5270 57.9057
13260.0000 0.1683 74.5395 48.0000 31.0402 35.0550 57.9982
13261.0000 0.1737 74.4852 48.0000 30.7740 34.9028 58.1618
13262.0000 0.1781 74.6969 48.0000 30.8527 34.7136 58.5038
13263.0000 0.1816 74.6816 48.0000 30.7414 34.5733 58.6259
13264.0000 0.1756 74.8053 48.0000 31.0762 34.7533 58.5006
13265.0000 0.1795 74.9849 48.0000 30.9407 34.7823 58.7844
13266.0000 0.1814 74.8819 48.0000 30.7266 34.7733 58.7707
13267.0000 0.1888 75.6784 48.0000 30.6448 35.0461 59.6648
13268.0000 0.1863 75.4896 48.0000 30.5686 35.1260 59.4173
13269.0000 0.1790 75.1289 48.0000 30.7265 35.1551 58.8587
13270.0000 0.1764 74.9676 48.0000 30.8162 35.0998 58.6388
13271.0000 0.1766 74.8762 48.0000 30.8199 35.0044 58.5770
13272.0000 0.1739 75.1615 48.0000 31.1763 35.0817 58.7074
13273.0000 0.1693 75.0570 48.0000 31.0815 35.4035 58.4301
13274.0000 0.1662 74.7534 48.0000 31.0793 35.3500 58.0735
13275.0000 0.1666 74.7956 48.0000 30.7648 35.6746 58.0967
13276.0000 0.1688 74.6033 48.0000 30.4205 35.6931 58.0193
13277.0000 0.1695 74.5953 48.0000 30.6555 35.3999 58.0650
13278.0000 0.1699 74.3163 48.0000 30.3674 35.4138 57.8497
13279.0000 0.1724 74.4727 48.0000 30.5288 35.2207 58.0833
13280.0000 0.1730 74.5759 48.0000 30.5940 35.2040 58.1914
13281.0000 0.1649 74.0323 48.0000 30.7428 35.1312 57.4583
13282.0000 0.1576 73.8597 48.0000 30.8429 35.3847 57.0255
13283.0000 0.1531 73.8166 48.0000 30.9105 35.5972 56.8003
13284.0000 0.1567 74.1504 48.0000 31.0111 35.5424 57.2130
13285.0000 0.1600 74.3250 48.0000 31.2927 35.1846 57.5067
13286.0000 0.1658 74.4468 48.0000 30.9730 35.2100 57.8209
13287.0000 0.1607 74.0943 48.0000 31.0195 35.2029 57.3455
13288.0000 0.1572 74.0365 48.0000 30.9930 35.4228 57.1495
13289.0000 0.1585 74.0396 48.0000 30.7004 35.6264 57.1849
13290.0000 0.1613 74.1787 48.0000 30.5706 35.6867 57.3966
13291.0000 0.1683 74.6464 48.0000 30.4734 35.7120 58.0354
13292.0000 0.1647 74.4431 48.0000 30.6478 35.6080 57.7457
13293.0000 0.1621 74.2065 48.0000 30.7944 35.4299 57.4721
13294.0000 0.1636 74.4926 48.0000 30.9532 35.4233 57.7601
13295.0000 0.1616 74.4851 48.0000 30.8835 35.6278 57.6620
13296.0000 0.1638 74.4962 48.0000 30.7496 35.6158 57.7552
13297.0000 0.1590 74.1465 48.0000 31.1646 35.2262 57.3200
13298.0000 0.1645 74.1702 48.0000 31.0367 34.9903 57.5641
13299.0000 0.1658 74.3944 48.0000 31.0637 35.0740 57.7875
13300.0000 0.1674 74.2350 48.0000 31.1414 34.7455 57.7390
13301.0000 0.1641 74.0346 48.0000 30.9658 34.9678 57.4412
13302.0000 0.1612 73.9470 48.0000 31.1307 34.9257 57.2646
13303.0000 0.1664 74.1726 48.0000 30.9708 34.9248 57.6423
13304.0000 0.1672 74.3446 48.0000 30.9705 35.0250 57.8031
13305.0000 0.1648 74.3641 48.0000 31.0203 35.1606 57.7190
13306.0000 0.1711 74.6001 48.0000 30.8816 35.0703 58.1513
13307.0000 0.1749 74.8855 48.0000 30.9880 34.9616 58.5259
13308.0000 0.1627 74.8344 48.0000 31.3227 35.4251 58.0011
13309.0000 0.1610 74.8665 48.0000 31.5788 35.3150 57.9708
13310.0000 0.1634 74.8830 48.0000 31.6451 35.0946 58.0898
13311.0000 0.1620 74.6426 48.0000 31.5864 35.0393 57.8451
13312.0000 0.1662 75.0059 48.0000 31.5130 35.1439 58.2901
13313.0000 0.1640 74.7676 48.0000 31.2535 35.3394 58.0046
13314.0000 0.1677 74.9558 48.0000 31.3044 35.1971 58.3059
13315.0000 0.1613 74.8517 48.0000 31.8006 35.0595 57.9857
13316.0000 0.1719 75.0335 48.0000 31.4672 34.8175 58.5456
13317.0000 0.1740 74.9713 48.0000 31.2279 34.8548 58.5718
13318.0000 0.1715 75.2169 48.0000 31.5109 34.9658 58.6688
13319.0000 0.1790 75.2741 48.0000 30.9679 35.0380 58.9874
13320.0000 0.1689 74.9484 48.0000 31.2404 35.1768 58.3429
13321.0000 0.1633 74.5746 48.0000 31.2885 35.1854 57.8307
13322.0000 0.1636 74.7350 48.0000 31.5822 35.0125 57.9828
13323.0000 0.1634 74.6901 48.0000 31.5061 35.0618 57.9366
13324.0000 0.1613 74.5187 48.0000 31.3531 35.2094 57.7090
13325.0000 0.1651 74.9720 48.0000 31.5985 35.1025 58.2249
13326.0000 0.1614 75.1272 48.0000 31.6921 35.4080 58.1891
13327.0000 0.1523 74.7922 48.0000 31.9543 35.4890 57.5616
13328.0000 0.1540 74.8562 48.0000 31.6689 35.7086 57.6664
13329.0000 0.1569 74.6256 48.0000 31.6386 35.3254 57.6203
13330.0000 0.1590 74.9694 48.0000 31.6379 35.4896 57.9650
13331.0000 0.1594 74.9215 48.0000 31.4136 35.6427 57.9311
13332.0000 0.1552 74.7175 48.0000 31.2772 35.8912 57.5870
13333.0000 0.1668 74.8258 48.0000 31.1256 35.3248 58.1571
13334.0000 0.1659 74.6813 48.0000 31.2842 35.0992 58.0228
13335.0000 0.1703 75.1568 48.0000 31.0288 35.4738 58.5437
13336.0000 0.1623 74.8801 48.0000 31.2608 35.5500 58.0171
13337.0000 0.1593 74.7458 48.0000 31.1996 35.7081 57.7793
13338.0000 0.1623 74.9059 48.0000 31.2716 35.5635 58.0363
13339.0000 0.1652 74.9432 48.0000 31.3326 35.3371 58.1896
13340.0000 0.1603 74.6113 48.0000 31.3704 35.3417 57.7383
13341.0000 0.1529 74.5080 48.0000 31.3468 35.7996 57.3342
13342.0000 0.1567 74.5411 48.0000 31.1961 35.7090 57.5156
13343.0000 0.1592 74.6594 48.0000 31.2635 35.5686 57.7191
13344.0000 0.1606 75.0598 48.0000 31.5294 35.5659 58.0942
13345.0000 0.1646 75.2636 48.0000 31.3794 35.6111 58.4105
13346.0000 0.1643 75.3128 48.0000 31.3058 35.7511 58.4279
13347.0000 0.1649 75.4873 48.0000 31.2292 35.9443 58.5753
13348.0000 0.1638 75.4532 48.0000 31.4967 35.7250 58.5223
13349.0000 0.1626 75.5762 48.0000 31.6108 35.8025 58.5722
13350.0000 0.1688 75.9699 48.0000 31.4803 35.8470 59.1220
13351.0000 0.1673 75.8891 48.0000 31.3455 36.0115 58.9898
13352.0000 0.1727 76.2414 48.0000 31.5528 35.7406 59.4961
13353.0000 0.1774 76.6083 48.0000 31.5387 35.7518 59.9663
13354.0000 0.1745 76.7927 48.0000 31.8025 35.8554 60.0009
13355.0000 0.1770 76.7396 48.0000 31.7837 35.6531 60.0634
13356.0000 0.1749 76.6155 48.0000 31.4741 35.9927 59.8652
13357.0000 0.1652 76.5014 48.0000 31.8820 36.1708 59.3941
13358.0000 0.1663 76.6415 48.0000 32.0839 36.0136 59.5614
13359.0000 0.1647 76.5134 48.0000 31.9221 36.1785 59.3835
13360.0000 0.1687 76.6067 48.0000 31.8229 36.0766 59.6185
13361.0000 0.1704 76.4402 48.0000 31.5679 36.0649 59.5474
13362.0000 0.1691 76.4874 48.0000 31.5607 36.2050 59.5268
13363.0000 0.1745 76.6719 48.0000 31.6110 35.9327 59.9013
13364.0000 0.1732 76.2218 48.0000 31.4895 35.7533 59.4969
13365.0000 0.1818 76.6904 48.0000 31.3456 35.7122 60.1956
13366.0000 0.1862 76.9060 48.0000 31.3689 35.5726 60.5402
13367.0000 0.1870 76.9900 48.0000 31.3443 35.6108 60.6371
13368.0000 0.1912 77.1991 48.0000 31.3829 35.4728 60.9630
13369.0000 0.1861 77.0945 48.0000 31.4632 35.6498 60.6855
13370.0000 0.1912 77.3213 48.0000 31.2888 35.6692 61.0517
13371.0000 0.1808 77.0615 48.0000 31.8275 35.6250 60.4677
13372.0000 0.1704 76.3254 48.0000 31.6272 35.9032 59.4663
13373.0000 0.1575 74.7315 47.0000 31.4114 35.6044 57.7100
13374.0000 0.1756 76.1665 48.0000 31.6445 35.3812 59.5662
13375.0000 0.1750 75.8925 48.0000 31.3010 35.5267 59.3109
13376.0000 0.1738 75.8585 48.0000 31.2367 35.6426 59.2316
13377.0000 0.1774 75.9491 48.0000 31.0033 35.7018 59.4343
13378.0000 0.1670 75.5465 48.0000 31.2823 35.7911 58.7171
13379.0000 0.1651 75.7621 48.0000 31.3313 36.0725 58.7964
13380.0000 0.1574 75.7471 48.0000 31.6015 36.3373 58.4685
13381.0000 0.1634 75.9652 48.0000 31.3626 36.3403 58.8768
13382.0000 0.1664 76.0427 48.0000 31.1496 36.4111 59.0460
13383.0000 0.1778 76.7700 48.0000 31.4356 35.9626 60.1010
13384.0000 0.1712 76.6426 48.0000 31.9075 35.8452 59.7589
13385.0000 0.1754 76.9519 48.0000 31.6624 36.0695 60.1505
13386.0000 0.1698 76.8413 48.0000 31.7293 36.2966 59.8363
13387.0000 0.1697 76.5477 48.0000 31.5305 36.2429 59.5973
13388.0000 0.1668 75.9881 48.0000 31.3807 36.1021 59.0430
13389.0000 0.1630 75.9490 48.0000 31.2118 36.5052 58.8340
13390.0000 0.1655 76.3714 48.0000 31.4809 36.4346 59.2796
13391.0000 0.1586 76.0859 48.0000 31.6662 36.4903 58.7773
13392.0000 0.1588 76.1657 48.0000 31.6153 36.5962 58.8421
13393.0000 0.1619 76.3474 48.0000 31.8430 36.3100 59.1315
13394.0000 0.1595 76.5099 48.0000 32.2915 36.1778 59.1793
13395.0000 0.1570 76.1550 48.0000 32.2224 36.1095 58.7997
13396.0000 0.1516 76.5536 48.0000 32.6504 36.4274 58.8851
13397.0000 0.1400 75.9333 48.0000 33.0560 36.3183 57.9150
13398.0000 0.1442 75.9192 48.0000 32.8409 36.2101 58.0864
13399.0000 0.1457 75.8932 48.0000 32.5356 36.3798 58.1182
13400.0000 0.1455 75.5330 48.0000 32.3368 36.2691 57.8284
13401.0000 0.1471 75.8085 48.0000 32.2832 36.4524 58.1029
13402.0000 0.1413 75.4080 48.0000 32.3712 36.4287 57.5450
13403.0000 0.1451 75.2099 48.0000 32.1014 36.2389 57.5567
13404.0000 0.1412 75.2794 48.0000 32.6011 36.0861 57.4626
13405.0000 0.1486 75.4718 48.0000 32.7305 35.5862 57.9512
13406.0000 0.1518 75.4408 48.0000 32.4838 35.5761 58.0556
13407.0000 0.1488 75.2675 48.0000 32.4808 35.6374 57.7942
13408.0000 0.1493 75.4286 48.0000 32.4567 35.7719 57.9345
13409.0000 0.1520 75.3776 48.0000 32.2806 35.7089 58.0054
13410.0000 0.1469 75.3485 48.0000 32.5244 35.8103 57.7683
13411.0000 0.1478 75.0374 48.0000 32.2195 35.7680 57.5601
13412.0000 0.1515 75.2239 48.0000 32.2923 35.5946 57.8694
13413.0000 0.1553 75.5179 48.0000 32.3225 35.5570 58.2573
13414.0000 0.1560 75.5542 48.0000 31.9677 35.8937 58.2936
13415.0000 0.1567 75.3776 48.0000 31.8134 35.8387 58.1832
13416.0000 0.1579 75.5026 48.0000 31.8226 35.8564 58.3290
13417.0000 0.1633 75.7138 48.0000 31.9715 35.5190 58.7265
13418.0000 0.1529 75.5727 48.0000 32.3738 35.7308 58.1934
13419.0000 0.1569 75.5407 48.0000 32.1737 35.6124 58.3352
13420.0000 0.1583 75.7069 48.0000 32.2789 35.5552 58.5272
13421.0000 0.1533 75.3364 48.0000 32.1445 35.7140 58.0243
13422.0000 0.1542 75.3859 48.0000 32.0047 35.8387 58.0889
13423.0000 0.1532 75.4258 48.0000 32.0555 35.8952 58.0779
13424.0000 0.1572 75.3629 48.0000 32.0091 35.5937 58.2072
13425.0000 0.1584 75.2712 48.0000 31.9439 35.4969 58.1834
13426.0000 0.1597 75.2208 48.0000 31.9231 35.3810 58.2002
13427.0000 0.1565 75.1363 48.0000 32.2757 35.1722 58.0230
13428.0000 0.1567 74.7460 48.0000 31.9530 35.1305 57.7218
13429.0000 0.1572 74.8547 48.0000 32.1597 34.9884 57.8342
13430.0000 0.1591 74.5343 48.0000 31.9125 34.8192 57.6592
13431.0000 0.1548 74.0721 48.0000 32.0776 34.5376 57.1390
13432.0000 0.1565 74.3731 48.0000 32.1131 34.6508 57.4407
13433.0000 0.1554 74.4002 48.0000 32.0928 34.7715 57.4141
13434.0000 0.1533 74.3861 48.0000 32.2124 34.7934 57.3155
13435.0000 0.1489 74.4018 48.0000 32.4075 34.9180 57.1499
13436.0000 0.1546 74.5384 48.0000 32.3214 34.7276 57.4917
13437.0000 0.1570 74.5793 48.0000 32.2000 34.7147 57.6205
13438.0000 0.1506 74.3253 48.0000 32.0287 35.1107 57.1459
13439.0000 0.1490 74.3318 48.0000 32.4389 34.8199 57.1009
13440.0000 0.1461 74.4212 48.0000 32.5379 35.0060 57.0472
13441.0000 0.1510 74.6026 48.0000 32.2602 35.1037 57.3808
13442.0000 0.1487 74.6936 48.0000 32.2820 35.3283 57.3491
13443.0000 0.1556 75.0357 48.0000 31.9825 35.4447 57.8891
13444.0000 0.1478 74.5859 48.0000 32.4574 35.1179 57.2390
13445.0000 0.1469 74.8654 48.0000 32.4589 35.4316 57.4095
13446.0000 0.1443 74.7192 48.0000 32.7179 35.2297 57.1959
13447.0000 0.1355 74.4458 48.0000 32.6948 35.6464 56.5912
13448.0000 0.1340 74.7958 48.0000 32.6137 36.1672 56.7687
13449.0000 0.1455 75.0517 48.0000 32.2735 35.8953 57.4692
13450.0000 0.1508 75.3242 48.0000 32.1586 35.8715 57.9033
13451.0000 0.1575 75.3854 48.0000 32.0302 35.5762 58.2354
13452.0000 0.1597 75.0832 48.0000 31.5735 35.6066 58.0756
13453.0000 0.1624 75.2579 48.0000 31.7125 35.4308 58.3329
13454.0000 0.1619 75.2041 48.0000 31.9674 35.1606 58.2879
13455.0000 0.1661 75.5954 48.0000 31.8574 35.3291 58.7505
13456.0000 0.1641 75.3673 48.0000 31.7916 35.3295 58.4923
13457.0000 0.1583 75.4077 48.0000 31.7252 35.8455 58.2661
13458.0000 0.1608 75.7174 48.0000 31.8313 35.8343 58.6156
13459.0000 0.1541 75.5430 48.0000 32.0376 35.9510 58.2053
13460.0000 0.1635 76.1771 48.0000 32.2180 35.6676 59.0996
13461.0000 0.1669 75.9106 48.0000 31.8995 35.5090 59.0250
13462.0000 0.1718 76.1233 48.0000 31.8545 35.3990 59.3882
13463.0000 0.1743 76.1243 48.0000 31.5938 35.4855 59.4770
13464.0000 0.1773 76.1462 48.0000 31.6763 35.2142 59.6223
13465.0000 0.1765 76.0050 48.0000 31.6362 35.1877 59.4789
13466.0000 0.1667 75.7113 48.0000 31.9626 35.2858 58.8686
13467.0000 0.1732 75.7032 48.0000 31.7298 35.0589 59.1191
13468.0000 0.1746 75.8475 48.0000 31.7293 35.0886 59.2865
13469.0000 0.1751 75.9208 48.0000 31.7624 35.0852 59.3646
13470.0000 0.1805 76.0537 48.0000 31.6170 34.9757 59.6761
13471.0000 0.1765 75.8465 48.0000 31.6618 35.0228 59.3601
13472.0000 0.1718 75.8391 48.0000 32.0839 34.9204 59.1841
13473.0000 0.1707 75.8978 48.0000 32.2404 34.8966 59.1884
13474.0000 0.1659 76.1392 48.0000 32.1637 35.5210 59.1686
13475.0000 0.1673 76.0599 48.0000 32.3308 35.1822 59.1781
13476.0000 0.1735 76.3674 48.0000 31.8836 35.4645 59.6464
13477.0000 0.1870 76.7464 48.0000 31.8123 34.9427 60.4731
13478.0000 0.1783 76.6803 48.0000 32.3750 34.9239 60.1003
13479.0000 0.1841 77.0194 48.0000 32.4297 34.7635 60.5955
13480.0000 0.1892 77.0290 48.0000 32.4050 34.4475 60.8010
13481.0000 0.1926 76.9932 48.0000 32.2247 34.3670 60.8969
13482.0000 0.1880 76.6756 48.0000 32.4832 34.1502 60.4793
13483.0000 0.1830 76.4732 48.0000 32.3499 34.4440 60.1270
13484.0000 0.1960 77.0127 48.0000 32.1621 34.2199 61.0373
13485.0000 0.1954 77.0135 48.0000 32.1642 34.2566 61.0166
13486.0000 0.1946 77.1204 48.0000 32.3833 34.1839 61.0765
13487.0000 0.1975 77.1525 48.0000 32.3666 34.0364 61.2081
13488.0000 0.1972 77.2233 48.0000 32.2347 34.2474 61.2493
13489.0000 0.2006 77.3594 48.0000 32.3389 34.0316 61.4860
13490.0000 0.1949 77.0101 48.0000 32.3462 34.1094 60.9987
13491.0000 0.1852 76.7768 48.0000 32.8818 34.0259 60.4625
13492.0000 0.1825 76.5909 48.0000 32.7521 34.1810 60.2091
13493.0000 0.1862 76.7815 48.0000 32.8391 34.0090 60.5010
13494.0000 0.1838 76.6030 48.0000 32.5598 34.2919 60.2656
13495.0000 0.1812 76.3032 48.0000 32.6964 34.0734 59.9343
13496.0000 0.1823 76.1246 48.0000 32.4774 34.0596 59.8340
13497.0000 0.1903 76.1367 48.0000 31.9338 34.0730 60.1337
13498.0000 0.1872 76.0808 48.0000 32.2723 33.8987 59.9805
13499.0000 0.1909 76.2082 48.0000 32.2676 33.7594 60.2228
13500.0000 0.1899 75.9789 48.0000 31.9792 33.9170 59.9980
13501.0000 0.1817 75.6082 48.0000 31.9504 34.1763 59.3948
13502.0000 0.1835 75.4905 48.0000 31.8715 34.0314 59.3708
13503.0000 0.1866 75.5460 48.0000 31.7672 33.9757 59.5290
13504.0000 0.1966 75.9520 48.0000 31.4846 33.9371 60.2137
13505.0000 0.1994 76.0845 48.0000 31.1831 34.1656 60.4085
13506.0000 0.2029 76.1801 48.0000 31.1573 34.0401 60.6127
13507.0000 0.1963 76.0272 48.0000 31.4003 34.1040 60.2584
13508.0000 0.1987 76.1519 48.0000 31.6125 33.8420 60.4522
13509.0000 0.2000 76.5269 48.0000 31.9115 33.7810 60.8019
13510.0000 0.1930 75.9000 48.0000 31.9407 33.6840 60.0499
13511.0000 0.1920 76.0422 48.0000 31.9469 33.8616 60.1266
13512.0000 0.1900 76.1488 48.0000 32.1722 33.8641 60.1399
13513.0000 0.1894 76.2504 48.0000 32.2837 33.8804 60.1997
13514.0000 0.1922 76.3537 48.0000 31.7776 34.2883 60.3687
13515.0000 0.1955 76.5989 48.0000 32.0574 34.0023 60.6924
13516.0000 0.1957 76.4945 48.0000 31.6414 34.3090 60.6062
13517.0000 0.1914 76.4485 48.0000 31.7475 34.4532 60.4106
13518.0000 0.1875 76.5532 48.0000 32.0827 34.4720 60.3554
13519.0000 0.1964 77.0187 48.0000 31.8620 34.4915 61.0494
13520.0000 0.1917 76.6695 48.0000 31.7023 34.6675 60.5915
13521.0000 0.2009 76.6847 48.0000 31.2328 34.5256 60.9347
13522.0000 0.2023 76.7414 48.0000 31.0973 34.6192 61.0222
13523.0000 0.2023 76.5480 48.0000 31.3641 34.1890 60.8852
13524.0000 0.1958 75.8744 48.0000 31.3980 34.0090 60.1206
13525.0000 0.1976 76.0780 48.0000 31.7226 33.7463 60.3549
13526.0000 0.1905 75.9185 48.0000 31.7421 34.0612 59.9657
13527.0000 0.1973 76.3834 48.0000 31.7111 34.0393 60.5818
13528.0000 0.2009 76.8402 48.0000 31.4428 34.4517 61.0643
13529.0000 0.1994 76.5964 48.0000 31.2255 34.5599 60.8077
13530.0000 0.2029 76.8546 48.0000 31.3779 34.3955 61.1474
13531.0000 0.1931 76.9154 48.0000 31.5033 34.9789 60.8276
13532.0000 0.1965 76.9952 48.0000 31.5511 34.7737 61.0211
13533.0000 0.2069 77.1766 48.0000 31.3968 34.3890 61.5457
13534.0000 0.1996 77.0307 48.0000 31.4298 34.7127 61.1631
13535.0000 0.2018 76.8104 48.0000 31.2232 34.5846 61.0643
13536.0000 0.2000 76.8915 48.0000 31.3667 34.6319 61.0660
13537.0000 0.1980 76.6042 48.0000 31.1571 34.7233 60.7596
13538.0000 0.2045 77.3624 48.0000 31.2804 34.8161 61.5980
13539.0000 0.2023 77.2252 48.0000 31.6015 34.5319 61.4218
13540.0000 0.2038 77.1594 48.0000 31.3604 34.6130 61.4169
13541.0000 0.2024 76.9476 48.0000 31.2812 34.6027 61.1970
13542.0000 0.1981 76.6414 48.0000 31.3666 34.5454 60.8001
13543.0000 0.1992 76.6788 48.0000 31.4911 34.3829 60.8750
13544.0000 0.2059 76.9333 48.0000 31.4086 34.2343 61.3209
13545.0000 0.2024 76.7449 48.0000 31.3477 34.3647 61.0423
13546.0000 0.1996 76.7854 48.0000 31.4025 34.5339 60.9696
13547.0000 0.1926 76.6417 48.0000 31.6315 34.6491 60.6039
13548.0000 0.1971 77.0526 48.0000 31.4549 34.8782 61.0835
13549.0000 0.1839 77.0321 48.0000 31.8755 35.3412 60.5715
13550.0000 0.1958 77.5400 48.0000 31.8082 35.0324 61.4282
13551.0000 0.1918 77.5092 48.0000 31.5817 35.5033 61.2354
13552.0000 0.1817 77.1502 48.0000 31.9026 35.5647 60.5767
13553.0000 0.1861 77.0715 48.0000 31.6822 35.4155 60.6794
13554.0000 0.1805 76.7333 48.0000 31.7994 35.3884 60.2035
13555.0000 0.1792 76.8450 48.0000 32.0604 35.3170 60.2495
13556.0000 0.1796 76.9262 48.0000 31.8524 35.5645 60.3178
13557.0000 0.1909 77.3185 48.0000 32.1347 34.8500 61.0819
13558.0000 0.1853 76.9133 48.0000 31.9495 35.0641 60.5426
13559.0000 0.1903 77.3916 48.0000 32.0868 35.0051 61.1109
13560.0000 0.1878 76.9559 48.0000 32.2343 34.6488 60.6846
13561.0000 0.1889 77.0709 48.0000 32.2701 34.6430 60.8146
13562.0000 0.1912 77.4021 48.0000 32.1917 34.8493 61.1580
13563.0000 0.1971 77.5187 48.0000 32.3107 34.4316 61.4787
13564.0000 0.2037 77.7695 48.0000 32.3146 34.1942 61.9243
13565.0000 0.2047 77.5389 48.0000 32.0683 34.1754 61.7734
13566.0000 0.2013 77.1641 48.0000 31.9961 34.1588 61.3492
13567.0000 0.2033 77.2324 48.0000 31.8725 34.2051 61.4735
13568.0000 0.2021 77.2391 48.0000 31.8864 34.2756 61.4356
13569.0000 0.2037 77.1906 48.0000 31.9151 34.0975 61.4587
13570.0000 0.1982 77.0520 48.0000 31.9726 34.2938 61.1449
13571.0000 0.2006 77.0341 48.0000 31.8188 34.2666 61.2177
13572.0000 0.2016 77.0702 48.0000 31.8597 34.1919 61.2837
13573.0000 0.2001 76.7705 48.0000 31.7726 34.1187 60.9928
13574.0000 0.2049 77.0139 48.0000 32.0815 33.7076 61.3654
13575.0000 0.2062 77.3623 48.0000 31.9610 34.0359 61.6845
13576.0000 0.1998 77.3354 48.0000 32.2979 34.1025 61.4380
13577.0000 0.1947 77.2426 48.0000 32.2838 34.3800 61.1735
13578.0000 0.1975 77.1830 48.0000 32.2568 34.1726 61.2287
13579.0000 0.1884 76.7381 48.0000 32.3569 34.3031 60.5398
13580.0000 0.1940 76.6682 48.0000 32.1794 34.0400 60.6942
13581.0000 0.1961 76.8354 48.0000 32.2514 33.9695 60.9065
13582.0000 0.1985 76.8392 48.0000 32.1827 33.8790 60.9980
13583.0000 0.2091 77.3540 48.0000 31.8842 33.9117 61.7822
13584.0000 0.2101 77.1372 48.0000 31.9143 33.6325 61.6480
13585.0000 0.2119 77.3244 48.0000 31.7857 33.7971 61.8586
13586.0000 0.2038 77.0175 48.0000 32.0148 33.8456 61.3288
13587.0000 0.2021 76.7925 48.0000 32.3346 33.4483 61.0964
13588.0000 0.2024 77.3027 48.0000 32.6186 33.5832 61.5135
13589.0000 0.2037 77.1396 48.0000 32.2223 33.7528 61.4246
13590.0000 0.1995 76.8873 48.0000 32.1241 33.9147 61.0695
13591.0000 0.1948 77.0603 48.0000 32.4664 34.0358 61.0393
13592.0000 0.1904 76.9322 48.0000 32.4692 34.2234 60.7707
13593.0000 0.1831 76.5764 48.0000 32.9218 33.9605 60.2229
13594.0000 0.1813 76.7956 48.0000 32.7781 34.4131 60.3232
13595.0000 0.1820 76.7819 48.0000 32.6676 34.4673 60.3348
13596.0000 0.1763 76.3184 48.0000 32.9540 34.1671 59.7591
13597.0000 0.1810 76.5584 48.0000 32.8126 34.1912 60.1289
13598.0000 0.1762 76.5333 48.0000 32.9858 34.3332 59.9208
13599.0000 0.1702 76.1386 48.0000 33.3759 34.0094 59.3844
13600.0000 0.1645 75.8313 48.0000 33.5140 33.9964 58.9190
13601.0000 0.1622 75.8304 48.0000 33.5277 34.1419 58.8257
13602.0000 0.1623 75.9811 48.0000 33.6011 34.1971 58.9462
13603.0000 0.1626 76.2988 48.0000 33.6761 34.3852 59.2037
13604.0000 0.1629 76.3878 48.0000 33.7379 34.3814 59.2854
13605.0000 0.1709 76.3071 48.0000 33.6588 33.8225 59.5474
13606.0000 0.1720 76.5798 48.0000 33.6126 34.0338 59.8027
13607.0000 0.1634 76.4644 48.0000 33.8789 34.2728 59.3667
13608.0000 0.1640 76.0952 48.0000 33.7181 34.0604 59.1054
13609.0000 0.1618 75.7507 48.0000 33.6272 34.0027 58.7469
13610.0000 0.1626 75.8543 48.0000 33.7708 33.8950 58.8603
13611.0000 0.1572 75.8177 48.0000 33.6609 34.3506 58.6114
13612.0000 0.1565 75.8614 48.0000 34.0225 34.0768 58.6190
13613.0000 0.1540 76.2067 48.0000 33.8214 34.7668 58.7780
13614.0000 0.1604 76.4813 48.0000 34.0864 34.2948 59.2568
13615.0000 0.1513 76.5835 48.0000 34.3415 34.7818 58.9570
13616.0000 0.1575 76.7028 48.0000 34.1142 34.6715 59.3079
13617.0000 0.1604 77.2694 48.0000 34.0675 35.0168 59.8648
13618.0000 0.1599 77.2351 48.0000 34.0954 34.9901 59.8202
13619.0000 0.1601 77.0976 48.0000 33.9130 35.0371 59.7189
13620.0000 0.1565 76.8443 48.0000 34.0246 34.9555 59.3758
13621.0000 0.1590 76.9461 48.0000 34.0159 34.8820 59.5556
13622.0000 0.1638 76.8685 48.0000 33.8752 34.6067 59.6961
13623.0000 0.1632 76.7261 48.0000 34.0383 34.3587 59.5631
13624.0000 0.1609 76.5568 48.0000 33.9794 34.4292 59.3378
13625.0000 0.1557 76.3718 48.0000 34.0759 34.5381 58.9797
13626.0000 0.1566 76.8144 48.0000 34.0656 34.8800 59.3580
13627.0000 0.1588 76.8734 48.0000 33.7466 35.0991 59.4873
13628.0000 0.1588 76.9275 48.0000 33.8718 35.0170 59.5345
13629.0000 0.1524 76.7029 48.0000 34.0206 35.1345 59.0889
13630.0000 0.1492 76.4642 48.0000 34.2072 34.9617 58.7735
13631.0000 0.1463 76.3859 48.0000 34.2744 35.0399 58.5856
13632.0000 0.1487 76.3557 48.0000 34.2444 34.8638 58.6688
13633.0000 0.1476 76.3560 48.0000 34.4079 34.7827 58.6216
13634.0000 0.1386 76.0207 48.0000 34.5419 35.0046 57.9713
13635.0000 0.1469 76.2267 48.0000 34.3960 34.7271 58.4932
13636.0000 0.1497 76.4319 48.0000 34.3147 34.7877 58.7721
13637.0000 0.1484 76.5038 48.0000 34.3329 34.9307 58.7701
13638.0000 0.1501 76.6093 48.0000 34.4247 34.8095 58.9255
13639.0000 0.1460 76.1867 48.0000 34.2667 34.8843 58.4233
13640.0000 0.1573 76.6999 48.0000 34.3134 34.4794 59.3012
13641.0000 0.1562 76.8430 48.0000 34.1896 34.8174 59.3605
13642.0000 0.1547 76.6939 48.0000 34.1230 34.8569 59.1825
13643.0000 0.1512 76.7134 48.0000 34.3125 34.9380 59.0503
13644.0000 0.1464 76.6434 48.0000 34.3908 35.1446 58.7907
13645.0000 0.1445 76.6595 48.0000 34.5277 35.1641 58.7196
13646.0000 0.1501 76.5667 48.0000 34.0556 35.1426 58.8869
13647.0000 0.1550 76.4323 48.0000 34.0117 34.7122 58.9929
13648.0000 0.1543 76.4971 48.0000 34.0875 34.7407 59.0164
13649.0000 0.1476 76.3154 48.0000 34.3884 34.7639 58.5913
13650.0000 0.1509 76.2273 48.0000 33.9318 34.9041 58.6596
13651.0000 0.1562 76.6464 48.0000 33.7412 35.0829 59.2064
13652.0000 0.1456 76.3376 48.0000 33.7493 35.5725 58.5065
13653.0000 0.1572 76.5711 48.0000 33.6091 35.0812 59.1851
13654.0000 0.1528 76.5469 48.0000 33.8232 35.1609 58.9841
13655.0000 0.1432 76.2441 48.0000 34.1941 35.2181 58.3405
13656.0000 0.1547 76.5814 48.0000 33.6476 35.2332 59.0861
13657.0000 0.1546 76.4827 48.0000 33.9780 34.8138 59.0177
13658.0000 0.1503 76.7046 48.0000 34.0296 35.2749 59.0023
13659.0000 0.1461 76.4726 48.0000 34.3072 35.1014 58.6427
13660.0000 0.1499 76.5767 48.0000 34.2371 34.9857 58.8882
13661.0000 0.1493 76.3987 48.0000 33.8909 35.2165 58.7194
13662.0000 0.1545 76.6559 48.0000 33.9061 35.0541 59.1415
13663.0000 0.1448 76.4091 48.0000 34.0755 35.3701 58.5335
13664.0000 0.1375 76.0452 48.0000 34.1045 35.5497 57.9308
13665.0000 0.1466 76.3118 48.0000 33.7126 35.5085 58.5329
13666.0000 0.1429 76.1069 48.0000 34.0493 35.2573 58.2222
13667.0000 0.1428 76.0388 48.0000 34.0202 35.2363 58.1630
13668.0000 0.1448 76.0176 48.0000 34.1901 34.8940 58.2420
13669.0000 0.1442 76.3803 48.0000 34.2026 35.2603 58.4880
13670.0000 0.1376 76.0525 48.0000 34.2503 35.3982 57.9471
13671.0000 0.1400 75.8954 48.0000 34.2038 35.1269 57.9337
13672.0000 0.1466 76.3261 48.0000 34.1191 35.1175 58.5519
13673.0000 0.1409 76.2606 48.0000 34.2845 35.3104 58.2532
13674.0000 0.1468 76.4520 48.0000 34.0413 35.2972 58.6532
13675.0000 0.1375 76.5657 48.0000 34.2549 35.8745 58.3261
13676.0000 0.1328 76.3187 48.0000 34.4777 35.7836 57.9255
13677.0000 0.1398 76.6691 48.0000 34.5306 35.5181 58.5171
13678.0000 0.1402 76.7658 48.0000 34.2715 35.8368 58.6019
13679.0000 0.1501 76.6853 48.0000 33.8519 35.4519 58.9733
13680.0000 0.1465 76.5158 48.0000 34.0148 35.3982 58.6909
13681.0000 0.1581 76.6605 48.0000 33.7945 34.9111 59.2956
13682.0000 0.1584 76.8985 48.0000 33.8757 35.0214 59.4921
13683.0000 0.1569 76.6281 48.0000 33.7290 35.0325 59.2194
13684.0000 0.1646 76.9975 48.0000 33.6282 34.9085 59.8260
13685.0000 0.1587 77.0448 48.0000 34.0399 34.9674 59.6193
13686.0000 0.1641 76.9190 48.0000 33.8368 34.6718 59.7450
13687.0000 0.1591 76.7193 48.0000 33.8908 34.7941 59.3854
13688.0000 0.1664 77.0183 48.0000 33.5645 34.8629 59.9151
13689.0000 0.1559 76.6269 48.0000 33.6062 35.2220 59.1753
13690.0000 0.1514 76.2981 48.0000 33.5515 35.3082 58.7284
13691.0000 0.1616 76.6772 48.0000 33.5045 34.9631 59.4510
13692.0000 0.1577 76.5715 48.0000 33.5631 35.0875 59.2080
13693.0000 0.1567 76.4926 48.0000 33.8469 34.8030 59.1122
13694.0000 0.1536 76.5721 48.0000 33.9891 34.9621 59.0395
13695.0000 0.1573 76.5159 48.0000 33.3557 35.2730 59.1430
13696.0000 0.1480 76.4188 48.0000 33.5556 35.6654 58.6672
13697.0000 0.1500 76.4059 48.0000 33.5375 35.5215 58.7480
13698.0000 0.1504 76.6412 48.0000 33.5352 35.7120 58.9400
13699.0000 0.1444 76.4681 48.0000 33.7508 35.7803 58.5493
13700.0000 0.1486 76.3239 48.0000 33.5798 35.5111 58.6234
13701.0000 0.1433 76.4791 48.0000 33.8799 35.7428 58.5121
13702.0000 0.1401 76.3750 48.0000 33.8203 35.9409 58.2887
13703.0000 0.1455 76.5500 48.0000 33.7317 35.7908 58.6608
13704.0000 0.1391 76.5445 48.0000 34.3177 35.6763 58.3829
13705.0000 0.1406 76.4378 48.0000 34.2793 35.5027 58.3714
13706.0000 0.1393 76.1226 48.0000 34.0636 35.5255 58.0711
13707.0000 0.1354 76.4235 48.0000 34.6490 35.5082 58.1305
13708.0000 0.1328 76.3725 48.0000 34.5316 35.7781 57.9677
13709.0000 0.1357 76.5698 48.0000 34.5318 35.7357 58.2533
13710.0000 0.1331 76.4681 48.0000 34.5317 35.8377 58.0568
13711.0000 0.1322 76.1245 48.0000 34.2801 35.8426 57.7505
13712.0000 0.1351 76.7225 48.0000 34.3943 36.0622 58.3344
13713.0000 0.1371 76.5487 48.0000 34.3492 35.7966 58.2961
13714.0000 0.1390 76.8308 48.0000 34.3993 35.8586 58.5987
13715.0000 0.1375 76.5834 48.0000 34.2513 35.8959 58.3381
13716.0000 0.1320 76.2404 48.0000 34.4181 35.8298 57.8292
13717.0000 0.1358 76.6045 48.0000 34.3421 35.9558 58.2756
13718.0000 0.1441 76.8825 48.0000 33.9823 35.9448 58.8565
13719.0000 0.1423 76.8662 48.0000 34.1897 35.8549 58.7700
13720.0000 0.1443 76.6719 48.0000 34.1124 35.6065 58.7120
13721.0000 0.1465 76.9388 48.0000 33.9729 35.8283 59.0064
13722.0000 0.1501 76.9245 48.0000 34.0463 35.4768 59.1577
13723.0000 0.1496 76.6988 48.0000 34.1644 35.1895 58.9677
13724.0000 0.1516 76.7896 48.0000 33.9253 35.3661 59.1181
13725.0000 0.1482 76.7984 48.0000 34.3947 35.1524 58.9857
13726.0000 0.1497 76.9841 48.0000 34.0672 35.5373 59.1868
13727.0000 0.1525 77.1795 48.0000 34.1309 35.4421 59.4610
13728.0000 0.1533 77.0498 48.0000 34.0213 35.3770 59.3944
13729.0000 0.1532 76.9984 48.0000 34.2348 35.1272 59.3533
13730.0000 0.1488 76.5927 48.0000 34.3249 34.9920 58.8541
13731.0000 0.1513 76.8776 48.0000 34.5105 34.8773 59.1843
13732.0000 0.1550 76.9239 48.0000 34.1025 35.0582 59.3736
13733.0000 0.1482 77.0202 48.0000 34.5028 35.2438 59.1570
13734.0000 0.1482 76.7800 48.0000 34.2803 35.2487 58.9708
13735.0000 0.1531 76.8415 48.0000 34.2193 35.0083 59.2290
13736.0000 0.1514 76.7660 48.0000 34.0672 35.2162 59.0954
13737.0000 0.1499 76.7669 48.0000 34.0322 35.3638 59.0286
13738.0000 0.1491 77.0976 48.0000 34.0019 35.7512 59.2432
13739.0000 0.1558 77.0999 48.0000 33.4493 35.8166 59.5206
13740.0000 0.1601 77.0359 48.0000 33.3361 35.5633 59.6531
13741.0000 0.1562 77.0804 48.0000 33.4468 35.7725 59.5233
13742.0000 0.1572 77.2337 48.0000 33.6376 35.6419 59.6926
13743.0000 0.1528 76.9638 48.0000 33.8181 35.5420 59.3003
13744.0000 0.1482 76.8154 48.0000 33.9288 35.6309 58.9905
13745.0000 0.1459 76.6461 48.0000 33.9393 35.6407 58.7578
13746.0000 0.1402 76.7946 48.0000 34.2602 35.8746 58.6230
13747.0000 0.1356 76.9375 48.0000 34.6409 35.9713 58.5273
13748.0000 0.1376 76.7082 48.0000 34.2744 35.9835 58.4345
13749.0000 0.1326 76.4563 48.0000 34.4000 35.9989 58.0197
13750.0000 0.1325 76.2515 48.0000 34.4495 35.7672 57.8639
13751.0000 0.1266 75.9082 48.0000 34.2653 36.0861 57.3213
13752.0000 0.1268 76.0022 48.0000 34.5339 35.8900 57.4077
13753.0000 0.1179 76.0817 48.0000 34.5323 36.6649 57.0230
13754.0000 0.1197 76.0093 48.0000 34.4935 36.4922 57.0608
13755.0000 0.1219 76.0188 48.0000 34.8020 36.0137 57.1900
13756.0000 0.1162 75.9017 48.0000 34.5849 36.5757 56.8083
13757.0000 0.1135 75.9253 48.0000 34.7770 36.6209 56.6932
13758.0000 0.1152 76.1668 48.0000 34.9388 36.5500 56.9628
13759.0000 0.1172 75.9661 48.0000 34.9101 36.2305 56.9166
13760.0000 0.1141 75.8448 48.0000 34.8467 36.4291 56.6662
13761.0000 0.1218 76.0952 48.0000 34.4088 36.4957 57.2239
13762.0000 0.1233 76.2346 48.0000 34.4373 36.4780 57.4034
13763.0000 0.1261 76.2479 48.0000 34.0822 36.6336 57.5338
13764.0000 0.1171 75.9283 48.0000 34.4683 36.6504 56.8665
13765.0000 0.1209 75.9624 48.0000 34.3205 36.5326 57.0768
13766.0000 0.1240 76.3254 48.0000 34.5919 36.3474 57.5137
13767.0000 0.1267 76.1942 48.0000 34.6208 35.9912 57.5464
13768.0000 0.1177 76.1850 48.0000 34.8690 36.4402 57.1001
13769.0000 0.1226 76.3257 48.0000 34.4132 36.6427 57.4340
13770.0000 0.1198 75.9643 48.0000 34.6664 36.2653 57.0408
13771.0000 0.1183 75.8565 48.0000 34.5040 36.4464 56.8801
13772.0000 0.1217 76.2672 48.0000 34.4444 36.6236 57.3496
13773.0000 0.1189 76.0381 48.0000 34.4055 36.6764 57.0342
13774.0000 0.1215 76.1397 48.0000 34.6115 36.3504 57.2533
13775.0000 0.1252 76.2027 48.0000 34.2809 36.4585 57.4670
13776.0000 0.1259 76.0653 48.0000 34.3953 36.1588 57.4060
13777.0000 0.1224 75.6382 48.0000 34.8182 35.6026 56.9323
13778.0000 0.1232 75.6733 48.0000 34.5352 35.8577 56.9911
13779.0000 0.1272 75.6966 48.0000 34.2659 35.8456 57.1918
13780.0000 0.1213 75.9323 48.0000 34.5818 36.2036 57.0886
13781.0000 0.1232 75.9521 48.0000 34.0674 36.5983 57.1726
13782.0000 0.1221 75.9559 48.0000 34.3602 36.3898 57.1354
13783.0000 0.1235 76.0403 48.0000 34.0713 36.6506 57.2539
13784.0000 0.1210 75.6982 48.0000 33.8570 36.7485 56.8636
13785.0000 0.1204 75.4680 48.0000 33.4920 36.9491 56.6434
13786.0000 0.1201 75.2108 48.0000 33.5971 36.6207 56.4520
13787.0000 0.1224 75.0555 48.0000 33.3670 36.5302 56.4404
13788.0000 0.1138 74.9178 48.0000 34.2151 36.2175 55.9490
13789.0000 0.1174 75.0415 48.0000 33.8616 36.4094 56.2047
13790.0000 0.1171 74.5985 48.0000 33.7864 36.0850 55.8686
13791.0000 0.1158 74.6522 48.0000 33.8068 36.2218 55.8393
13792.0000 0.1226 74.7666 48.0000 33.4765 36.1281 56.2505
13793.0000 0.1240 74.9935 48.0000 33.4698 36.2436 56.4819
13794.0000 0.1220 75.2413 48.0000 33.5598 36.5422 56.5656
13795.0000 0.1250 75.3837 48.0000 33.4683 36.5365 56.8125
13796.0000 0.1295 75.7843 48.0000 33.8868 36.1316 57.3537
13797.0000 0.1197 75.8306 48.0000 34.1210 36.7060 56.9097
13798.0000 0.1160 75.3622 48.0000 34.4169 36.2517 56.3981
13799.0000 0.1167 75.3357 48.0000 34.2902 36.3048 56.4058
13800.0000 0.1122 75.0689 48.0000 33.8828 36.8234 55.9584
13801.0000 0.1213 75.0495 48.0000 33.2975 36.6820 56.3751
13802.0000 0.1187 75.0034 48.0000 33.6208 36.5146 56.2302
13803.0000 0.1164 75.0046 48.0000 33.4731 36.8499 56.1010
13804.0000 0.1155 75.1102 48.0000 33.5507 36.9415 56.1357
13805.0000 0.1121 74.7657 48.0000 33.7508 36.6783 55.7269
13806.0000 0.1153 74.8534 48.0000 33.6804 36.5833 55.9494
13807.0000 0.1145 74.8872 48.0000 33.7099 36.6495 55.9335
13808.0000 0.1158 74.8526 48.0000 33.8138 36.4033 55.9852
13809.0000 0.1178 74.8379 48.0000 33.8616 36.1808 56.0808
13810.0000 0.1156 74.3634 48.0000 33.4043 36.3773 55.5946
13811.0000 0.1174 74.2856 48.0000 33.3695 36.1943 55.6309
13812.0000 0.1210 74.5624 48.0000 33.3321 36.2118 56.0109
13813.0000 0.1164 74.6340 48.0000 33.6780 36.2855 55.8515
13814.0000 0.1149 74.5965 48.0000 33.8007 36.2435 55.7545
13815.0000 0.1206 74.7545 48.0000 33.6687 36.0778 56.1520
13816.0000 0.1288 75.3202 48.0000 33.3560 36.2915 56.9512
13817.0000 0.1317 75.3337 48.0000 33.4470 35.9929 57.1050
13818.0000 0.1302 75.4404 48.0000 33.3103 36.3466 57.1017
13819.0000 0.1289 75.3071 48.0000 33.3392 36.2934 56.9425
13820.0000 0.1205 75.5300 48.0000 33.6039 36.8876 56.6997
13821.0000 0.1214 75.5669 48.0000 33.8736 36.5703 56.7939
13822.0000 0.1158 75.2867 48.0000 33.9707 36.6566 56.3061
13823.0000 0.1196 75.3924 48.0000 34.0765 36.3465 56.5839
13824.0000 0.1189 75.4131 48.0000 34.2281 36.2683 56.5703
13825.0000 0.1151 75.2040 48.0000 34.3644 36.2309 56.2321
13826.0000 0.1185 75.2428 48.0000 33.9562 36.4153 56.4126
13827.0000 0.1227 75.2931 48.0000 34.2989 35.7833 56.6762
13828.0000 0.1201 75.3963 48.0000 34.2624 36.1215 56.6209
13829.0000 0.1167 75.7432 48.0000 34.5347 36.4408 56.7138
13830.0000 0.1277 75.7875 48.0000 34.1272 36.0285 57.2803
13831.0000 0.1291 75.5453 48.0000 34.3287 35.4937 57.1736
13832.0000 0.1321 75.7709 48.0000 34.5453 35.2603 57.4853
13833.0000 0.1284 75.5153 48.0000 34.3106 35.5394 57.1165
13834.0000 0.1318 76.0444 48.0000 34.3035 35.7826 57.6683
13835.0000 0.1298 75.7769 48.0000 34.0240 35.9665 57.3665
13836.0000 0.1218 75.5487 48.0000 34.1666 36.2233 56.8165
13837.0000 0.1279 75.4978 48.0000 33.8810 35.9947 57.0647
13838.0000 0.1284 75.7032 48.0000 33.9403 36.0911 57.2404
13839.0000 0.1310 75.5923 48.0000 33.8850 35.8404 57.2841
13840.0000 0.1252 76.0255 48.0000 34.4069 36.1654 57.3420
13841.0000 0.1295 76.0990 48.0000 34.4233 35.8850 57.6052
13842.0000 0.1242 75.7578 48.0000 34.4605 35.9376 57.0983
13843.0000 0.1257 75.5021 48.0000 34.5215 35.5259 56.9802
13844.0000 0.1277 75.8168 48.0000 34.2624 35.9264 57.3025
13845.0000 0.1291 75.7135 48.0000 33.9689 36.0133 57.2861
13846.0000 0.1344 75.9211 48.0000 33.8768 35.8948 57.6884
13847.0000 0.1287 75.5468 48.0000 34.0714 35.7885 57.1457
13848.0000 0.1295 75.5207 48.0000 34.0857 35.6853 57.1674
13849.0000 0.1315 75.6699 48.0000 34.1118 35.6447 57.3740
13850.0000 0.1336 75.6999 48.0000 34.1004 35.5259 57.4939
13851.0000 0.1248 75.4718 48.0000 34.2201 35.8647 56.9097
13852.0000 0.1247 75.3873 48.0000 34.1938 35.8258 56.8379
13853.0000 0.1296 75.3770 48.0000 33.9773 35.6557 57.0605
13854.0000 0.1246 75.0095 48.0000 34.2262 35.4439 56.5574
13855.0000 0.1233 75.2262 48.0000 34.6209 35.3520 56.6623
13856.0000 0.1255 75.2133 48.0000 34.6233 35.1647 56.7601
13857.0000 0.1242 75.0294 48.0000 34.5780 35.1432 56.5573
13858.0000 0.1260 74.9262 48.0000 34.4921 34.9976 56.5632
13859.0000 0.1260 75.0898 48.0000 34.4413 35.1992 56.6860
13860.0000 0.1227 74.9100 48.0000 34.2550 35.4686 56.3922
13861.0000 0.1244 74.8772 48.0000 33.9885 35.5789 56.4404
13862.0000 0.1213 74.5936 48.0000 33.7709 35.7690 56.0741
13863.0000 0.1266 74.7444 48.0000 34.0338 35.2420 56.4484
13864.0000 0.1338 75.0363 48.0000 33.6658 35.3364 56.9947
13865.0000 0.1325 75.4494 48.0000 33.6549 35.8283 57.2389
13866.0000 0.1413 75.5260 48.0000 33.2396 35.6642 57.6834
13867.0000 0.1334 74.9339 48.0000 33.2152 35.7279 56.8802
13868.0000 0.1359 75.0037 48.0000 33.4242 35.3934 57.0587
13869.0000 0.1281 74.6024 48.0000 33.6614 35.3733 56.4017
13870.0000 0.1270 74.6433 48.0000 33.5826 35.5721 56.3777
13871.0000 0.1255 74.2500 48.0000 33.4264 35.4778 56.0094
13872.0000 0.1281 74.3514 48.0000 33.3420 35.4627 56.2035
13873.0000 0.1256 74.0807 48.0000 33.3348 35.4054 55.8855
13874.0000 0.1248 74.1531 48.0000 33.5709 35.2927 55.9115
13875.0000 0.1262 74.0419 48.0000 33.4312 35.2250 55.8906
13876.0000 0.1236 74.0628 48.0000 33.7403 35.1272 55.7940
13877.0000 0.1257 74.0270 48.0000 33.5473 35.1281 55.8623
13878.0000 0.1258 74.3706 48.0000 33.6882 35.2978 56.1263
13879.0000 0.1243 74.3272 48.0000 33.5897 35.4745 56.0164
13880.0000 0.1258 74.4064 48.0000 33.5487 35.4773 56.1440
13881.0000 0.1315 74.5517 48.0000 33.1853 35.5457 56.5084
13882.0000 0.1334 74.6549 48.0000 32.9553 35.7369 56.6585
13883.0000 0.1286 74.5656 48.0000 32.9132 36.0577 56.3613
13884.0000 0.1340 74.8183 48.0000 32.7490 36.0493 56.7955
13885.0000 0.1313 74.4598 48.0000 32.6338 36.0361 56.3977
13886.0000 0.1318 74.3037 48.0000 32.7403 35.7472 56.3139
13887.0000 0.1302 74.0421 48.0000 32.5548 35.8156 56.0327
13888.0000 0.1240 73.8477 48.0000 32.9878 35.6613 55.6198
13889.0000 0.1265 74.2650 48.0000 32.8378 36.0101 56.0378
13890.0000 0.1293 74.2877 48.0000 32.9358 35.7181 56.1971
13891.0000 0.1256 74.2242 48.0000 32.9752 35.9055 55.9703
13892.0000 0.1257 74.0815 48.0000 32.9580 35.7828 55.8697
13893.0000 0.1254 74.0388 48.0000 33.0151 35.7040 55.8298
13894.0000 0.1236 74.0602 48.0000 33.2756 35.5953 55.7729
13895.0000 0.1282 74.1201 48.0000 33.3645 35.2141 56.0408
13896.0000 0.1228 73.9126 48.0000 33.2654 35.5322 55.6232
13897.0000 0.1239 74.4757 48.0000 33.4321 35.8073 56.0960
13898.0000 0.1307 74.7383 48.0000 33.5045 35.4573 56.6219
13899.0000 0.1235 74.5920 48.0000 33.4693 35.9040 56.1665
13900.0000 0.1230 74.6029 48.0000 33.2611 36.1675 56.1356
13901.0000 0.1198 74.5202 48.0000 33.3973 36.1988 55.9243
13902.0000 0.1164 74.3719 48.0000 33.6009 36.1156 55.6581
13903.0000 0.1186 74.5609 48.0000 33.8419 35.8754 55.9197
13904.0000 0.1188 74.7180 48.0000 34.0027 35.8456 56.0507
13905.0000 0.1284 74.6956 48.0000 33.4091 35.6864 56.4779
13906.0000 0.1322 74.8255 48.0000 33.0260 35.9112 56.7321
13907.0000 0.1297 74.6892 48.0000 33.1562 35.8424 56.5196
13908.0000 0.1189 74.3391 48.0000 33.5231 35.9670 55.7572
13909.0000 0.1268 74.3397 48.0000 33.2275 35.6616 56.1300
13910.0000 0.1246 74.2843 48.0000 33.1054 35.9028 55.9748
13911.0000 0.1242 74.2049 48.0000 32.8898 36.0781 55.8838
13912.0000 0.1255 73.9892 48.0000 32.6549 36.0204 55.7727
13913.0000 0.1306 74.3606 48.0000 32.7600 35.8692 56.2999
13914.0000 0.1260 74.2974 48.0000 32.5534 36.3723 56.0129
13915.0000 0.1233 74.3102 48.0000 32.4901 36.6603 55.8786
13916.0000 0.1227 74.4751 48.0000 32.8960 36.4422 56.0032
13917.0000 0.1261 74.7327 48.0000 32.6298 36.6956 56.3357
13918.0000 0.1235 74.4540 48.0000 32.5878 36.6813 55.9993
13919.0000 0.1279 74.5111 48.0000 32.2857 36.7043 56.2346
13920.0000 0.1342 74.5577 48.0000 32.0931 36.4597 56.5648
13921.0000 0.1293 74.2503 48.0000 32.3667 36.2670 56.1266
13922.0000 0.1293 74.1474 48.0000 32.4495 36.0892 56.0575
13923.0000 0.1292 74.0413 48.0000 32.5616 35.8792 55.9870
13924.0000 0.1302 74.0238 48.0000 32.1300 36.2297 55.9875
13925.0000 0.1275 74.0205 48.0000 32.1912 36.3682 55.8580
13926.0000 0.1340 74.5490 48.0000 32.0203 36.5433 56.5406
13927.0000 0.1279 74.2655 48.0000 31.8370 36.9352 56.0140
13928.0000 0.1197 74.3031 48.0000 32.4080 37.0187 55.6803
13929.0000 0.1248 74.4405 48.0000 32.5133 36.6367 56.0537
13930.0000 0.1235 74.3552 48.0000 32.6708 36.5023 55.9366
13931.0000 0.1240 74.4770 48.0000 32.6670 36.5767 56.0521
13932.0000 0.1242 74.3329 48.0000 32.6304 36.4670 55.9535
13933.0000 0.1197 74.1171 48.0000 32.6161 36.6297 55.5680
13934.0000 0.1208 74.0152 48.0000 32.6099 36.4537 55.5515
13935.0000 0.1194 73.9966 48.0000 32.6457 36.5083 55.4698
13936.0000 0.1196 74.1835 48.0000 32.8669 36.4415 55.6325
13937.0000 0.1175 74.5039 48.0000 33.1754 36.5890 55.7806
13938.0000 0.1133 74.1900 48.0000 33.1821 36.6211 55.3353
13939.0000 0.1145 74.3538 48.0000 33.1377 36.7277 55.5108
13940.0000 0.1144 74.3619 48.0000 33.3481 36.5216 55.5317
13941.0000 0.1145 74.0253 48.0000 33.0125 36.5455 55.2661
13942.0000 0.1233 74.1759 48.0000 32.4753 36.5443 55.7847
13943.0000 0.1238 74.2077 48.0000 32.6622 36.3449 55.8480
13944.0000 0.1279 74.3244 48.0000 32.2909 36.5235 56.1021
13945.0000 0.1322 74.3292 48.0000 32.5189 35.9646 56.3373
13946.0000 0.1295 73.8635 48.0000 32.5597 35.6899 55.8740
13947.0000 0.1265 73.5601 48.0000 32.4903 35.7037 55.5041
13948.0000 0.1319 74.0217 48.0000 32.4076 35.8144 56.0919
13949.0000 0.1235 73.9951 48.0000 32.8464 35.9821 55.6926
13950.0000 0.1177 73.6641 48.0000 32.4732 36.5020 55.1317
13951.0000 0.1148 73.6524 48.0000 32.5887 36.6007 54.9822
13952.0000 0.1205 73.7739 48.0000 32.8520 35.9999 55.3836
13953.0000 0.1218 73.8233 48.0000 32.4658 36.3435 55.4528
13954.0000 0.1178 73.6508 48.0000 32.7670 36.1769 55.1543
13955.0000 0.1191 73.5213 48.0000 32.3347 36.3976 55.0914
13956.0000 0.1288 74.0396 48.0000 32.1914 36.2898 55.9341
13957.0000 0.1248 74.0805 48.0000 32.3100 36.5070 55.7784
13958.0000 0.1230 73.8972 48.0000 32.4303 36.3515 55.5665
13959.0000 0.1210 73.7540 48.0000 32.1563 36.6529 55.3371
13960.0000 0.1219 73.6810 48.0000 31.8924 36.7911 55.3009
13961.0000 0.1259 74.0067 48.0000 32.2531 36.4140 55.7742
13962.0000 0.1326 74.0448 48.0000 31.6985 36.5113 56.0782
13963.0000 0.1294 73.7265 48.0000 31.5476 36.6116 55.6770
13964.0000 0.1281 73.6774 48.0000 31.5644 36.6484 55.5783
13965.0000 0.1287 73.6818 48.0000 31.4321 36.7399 55.5987
13966.0000 0.1305 73.7069 48.0000 31.5502 36.5032 55.7208
13967.0000 0.1290 73.5854 48.0000 32.0023 36.0376 55.6054
13968.0000 0.1309 73.6124 48.0000 31.7940 36.1387 55.6949
13969.0000 0.1333 73.8153 48.0000 31.6723 36.2695 55.9472
13970.0000 0.1323 73.9800 48.0000 31.5747 36.6007 56.0042
13971.0000 0.1283 73.7514 48.0000 31.5744 36.6859 55.6460
13972.0000 0.1268 73.9301 48.0000 31.8544 36.6863 55.7232
13973.0000 0.1251 74.0167 48.0000 31.7267 37.0286 55.6845
13974.0000 0.1232 74.0575 48.0000 31.7866 37.1556 55.6201
13975.0000 0.1207 73.9787 48.0000 31.7957 37.2683 55.4342
13976.0000 0.1238 73.7619 48.0000 31.5874 37.0331 55.4220
13977.0000 0.1243 73.7002 48.0000 31.5394 36.9875 55.3978
13978.0000 0.1294 74.1517 48.0000 31.8231 36.7219 56.0113
13979.0000 0.1233 73.7460 48.0000 31.7215 36.9168 55.4019
13980.0000 0.1268 73.9686 48.0000 31.7336 36.8462 55.7377
13981.0000 0.1219 73.9215 48.0000 32.1251 36.7738 55.4982
13982.0000 0.1279 73.8687 48.0000 31.9923 36.3986 55.7514
13983.0000 0.1153 73.7916 48.0000 32.1469 37.1578 55.0552
13984.0000 0.1128 74.0034 48.0000 32.5422 37.1483 55.1136
13985.0000 0.1161 74.0056 48.0000 32.5816 36.8432 55.2977
13986.0000 0.1117 73.8158 48.0000 32.6710 36.9221 54.9376
13987.0000 0.1153 74.0009 48.0000 32.2778 37.2174 55.2191
13988.0000 0.1193 74.1298 48.0000 31.9053 37.4133 55.4754
13989.0000 0.1180 74.0120 48.0000 31.9069 37.4000 55.3259
13990.0000 0.1227 74.0144 48.0000 31.5729 37.3795 55.5343
13991.0000 0.1247 74.0978 48.0000 31.6049 37.2633 55.7051
13992.0000 0.1259 74.0682 48.0000 31.8126 36.9301 55.7694
13993.0000 0.1204 73.9167 48.0000 32.0041 37.0124 55.4031
13994.0000 0.1240 74.0265 48.0000 31.9702 36.8716 55.6625
13995.0000 0.1268 74.1315 48.0000 31.7432 36.9888 55.8540
13996.0000 0.1252 74.0498 48.0000 31.3562 37.4382 55.6646
13997.0000 0.1238 74.2887 48.0000 31.8820 37.2259 55.8263
13998.0000 0.1277 74.3678 48.0000 31.6194 37.2691 56.0518
13999.0000 0.1302 74.5026 48.0000 31.3742 37.4583 56.2421
14000.0000 0.1272 74.6012 48.0000 31.4717 37.6782 56.1713
14001.0000 0.1313 74.6587 48.0000 31.3665 37.5216 56.4110
14002.0000 0.1307 74.3281 48.0000 31.3775 37.2462 56.1501
14003.0000 0.1291 74.3502 48.0000 31.2660 37.5079 56.0673
14004.0000 0.1360 74.7813 48.0000 30.9725 37.6835 56.6824
14005.0000 0.1265 74.6633 48.0000 31.6017 37.6577 56.1947
14006.0000 0.1299 74.5862 48.0000 31.3231 37.6091 56.2807
14007.0000 0.1287 74.4730 48.0000 31.3854 37.5365 56.1445
14008.0000 0.1301 74.4856 48.0000 31.3188 37.5069 56.2181
14009.0000 0.1333 74.8387 48.0000 30.9964 37.9174 56.5891
14010.0000 0.1298 74.7439 48.0000 31.2025 37.8922 56.3670
14011.0000 0.1316 74.6617 48.0000 30.9247 37.9644 56.3626
14012.0000 0.1319 74.7511 48.0000 31.0386 37.9038 56.4592
14013.0000 0.1289 74.7044 48.0000 31.0319 38.1051 56.2652
14014.0000 0.1323 74.6488 48.0000 30.9059 37.9117 56.3912
14015.0000 0.1318 74.8234 48.0000 30.9542 38.0694 56.4899
14016.0000 0.1383 74.9930 48.0000 30.7977 37.8850 56.9225
14017.0000 0.1313 74.7189 48.0000 30.6383 38.3423 56.3390
14018.0000 0.1382 74.9904 48.0000 30.3640 38.3371 56.8495
14019.0000 0.1349 75.0028 48.0000 30.5568 38.4104 56.7128
14020.0000 0.1320 74.8569 48.0000 30.4280 38.6338 56.4368
14021.0000 0.1312 74.9744 48.0000 30.8851 38.3296 56.5519
14022.0000 0.1233 74.8754 48.0000 31.1611 38.5854 56.0935
14023.0000 0.1181 74.6261 48.0000 31.2857 38.6400 55.6526
14024.0000 0.1221 75.0890 48.0000 31.2773 38.7600 56.1939
14025.0000 0.1199 74.4831 48.0000 31.3342 38.2987 55.6696
14026.0000 0.1177 74.5089 48.0000 30.9950 38.8710 55.4971
14027.0000 0.1206 74.4132 48.0000 30.7160 38.8334 55.5501
14028.0000 0.1253 74.5724 48.0000 31.1597 38.1346 55.9989
14029.0000 0.1276 74.4324 48.0000 31.1839 37.7943 56.0298
14030.0000 0.1291 74.7091 48.0000 31.3596 37.7490 56.3297
14031.0000 0.1288 74.9802 48.0000 31.3503 38.0426 56.4974
14032.0000 0.1298 74.9930 48.0000 31.2770 38.0453 56.5532
14033.0000 0.1305 74.9233 48.0000 31.4598 37.7410 56.5632
14034.0000 0.1330 74.7662 48.0000 31.1356 37.7338 56.5396
14035.0000 0.1322 74.8777 48.0000 31.1828 37.8526 56.5816
14036.0000 0.1297 74.6674 48.0000 31.1278 37.9054 56.2980
14037.0000 0.1235 74.4600 48.0000 31.1093 38.2212 55.8179
14038.0000 0.1271 74.4887 48.0000 30.8397 38.2466 55.9882
14039.0000 0.1286 74.5120 48.0000 30.9539 38.0246 56.1072
14040.0000 0.1238 74.4762 48.0000 30.8733 38.4630 55.8044
14041.0000 0.1263 74.7082 48.0000 30.7022 38.6664 56.0678
14042.0000 0.1252 74.8417 48.0000 31.0237 38.5430 56.1537
14043.0000 0.1310 75.0570 48.0000 30.7928 38.5219 56.5812
14044.0000 0.1345 74.7703 48.0000 30.7741 37.9933 56.5691
14045.0000 0.1387 74.9224 48.0000 30.8047 37.7757 56.8985
14046.0000 0.1344 74.9396 48.0000 30.9348 37.9942 56.7047
14047.0000 0.1309 74.6658 48.0000 30.8417 38.1120 56.3139
14048.0000 0.1296 74.6972 48.0000 30.8206 38.2660 56.2625
14049.0000 0.1331 74.9819 48.0000 30.6929 38.3887 56.6263
14050.0000 0.1254 74.7438 48.0000 30.8675 38.5931 56.0749
14051.0000 0.1255 74.5679 48.0000 31.0096 38.2669 55.9859
14052.0000 0.1244 74.4216 48.0000 30.9656 38.2695 55.8136
14053.0000 0.1278 74.2784 48.0000 30.8195 38.0145 55.8779
14054.0000 0.1252 74.4908 48.0000 30.8180 38.4259 55.8800
14055.0000 0.1225 74.5919 48.0000 30.9166 38.6338 55.8171
14056.0000 0.1186 74.5172 48.0000 31.3829 38.3858 55.6278
14057.0000 0.1207 74.5416 48.0000 31.4049 38.2188 55.7630
14058.0000 0.1234 74.4509 48.0000 31.3056 38.0169 55.8355
14059.0000 0.1276 74.4474 48.0000 31.1861 37.8068 56.0400
14060.0000 0.1302 74.6013 48.0000 31.1737 37.7530 56.2873
14061.0000 0.1338 74.6817 48.0000 31.0532 37.6731 56.5136
14062.0000 0.1264 74.3934 48.0000 31.3093 37.7147 55.9617
14063.0000 0.1255 74.3705 48.0000 31.1098 37.9766 55.8653
14064.0000 0.1236 74.3062 48.0000 31.0699 38.1117 55.7098
14065.0000 0.1161 74.0566 48.0000 31.0294 38.5301 55.1089
14066.0000 0.1171 74.2485 48.0000 31.1309 38.5211 55.3158
14067.0000 0.1297 74.4548 48.0000 30.9840 37.8593 56.1264
14068.0000 0.1316 74.5876 48.0000 30.8560 37.9633 56.3028
14069.0000 0.1294 74.8646 48.0000 31.1375 38.1064 56.4187
14070.0000 0.1255 74.6477 48.0000 31.4909 37.8412 56.1129
14071.0000 0.1240 74.6270 48.0000 31.2700 38.1773 55.9809
14072.0000 0.1221 74.5774 48.0000 31.3522 38.1921 55.8587
14073.0000 0.1211 74.6829 48.0000 31.2695 38.4658 55.8582
14074.0000 0.1189 74.5899 48.0000 31.2950 38.5320 55.6737
14075.0000 0.1206 74.8035 48.0000 31.2364 38.6567 55.9064
14076.0000 0.1171 74.7354 48.0000 31.4316 38.6742 55.6932
14077.0000 0.1166 74.7946 48.0000 31.3985 38.8111 55.6962
14078.0000 0.1182 74.4690 48.0000 31.3630 38.3938 55.5689
14079.0000 0.1150 74.4727 48.0000 31.7574 38.2475 55.4507
14080.0000 0.1131 74.6119 48.0000 31.7754 38.5185 55.4399
14081.0000 0.1175 74.7726 48.0000 31.4877 38.6198 55.7493
14082.0000 0.1147 74.7996 48.0000 31.5223 38.8419 55.6114
14083.0000 0.1147 74.5269 48.0000 31.2784 38.8348 55.3876
14084.0000 0.1211 74.8023 48.0000 31.1555 38.6994 55.9202
14085.0000 0.1159 74.4756 48.0000 31.4283 38.5274 55.4483
14086.0000 0.1193 74.3493 48.0000 31.2950 38.2638 55.5367
14087.0000 0.1303 74.7035 48.0000 31.0975 37.9230 56.3507
14088.0000 0.1345 74.7684 48.0000 30.7796 37.9899 56.5659
14089.0000 0.1381 74.9619 48.0000 30.7157 37.9527 56.8808
14090.0000 0.1348 74.7670 48.0000 30.8578 37.8772 56.5969
14091.0000 0.1392 75.2239 48.0000 30.8040 38.0236 57.1311
14092.0000 0.1344 75.1449 48.0000 30.7821 38.3465 56.8222
14093.0000 0.1274 74.8723 48.0000 31.0027 38.4148 56.2939
14094.0000 0.1303 74.7747 48.0000 30.9338 38.1624 56.3737
14095.0000 0.1277 74.5379 48.0000 30.7981 38.2910 56.0462
14096.0000 0.1312 74.4754 48.0000 30.7757 37.9734 56.1912
14097.0000 0.1348 74.6527 48.0000 30.4070 38.2401 56.4458
14098.0000 0.1325 74.6203 48.0000 30.6100 38.1821 56.3325
14099.0000 0.1410 74.8787 48.0000 30.6292 37.7424 56.9577
14100.0000 0.1391 75.0258 48.0000 30.4022 38.2564 56.9300
14101.0000 0.1396 74.9878 48.0000 30.5743 38.0046 56.9564
14102.0000 0.1366 74.9049 48.0000 30.5523 38.1841 56.7386
14103.0000 0.1433 75.1657 48.0000 30.7440 37.7129 57.2924
14104.0000 0.1436 75.3037 48.0000 30.7853 37.7757 57.4100
14105.0000 0.1449 75.4888 48.0000 31.0646 37.5661 57.6397
14106.0000 0.1437 75.7452 48.0000 30.9993 37.9567 57.7553
14107.0000 0.1406 75.6366 48.0000 31.0117 38.0795 57.5249
14108.0000 0.1407 75.5499 48.0000 30.9174 38.0900 57.4547
14109.0000 0.1385 75.4300 48.0000 30.6976 38.3755 57.2247
14110.0000 0.1386 75.5136 48.0000 30.5699 38.5754 57.2688
14111.0000 0.1393 75.2606 48.0000 30.9285 37.9186 57.1818
14112.0000 0.1400 75.4465 48.0000 30.6153 38.3573 57.3027
14113.0000 0.1378 75.1453 48.0000 30.4960 38.3758 56.9571
14114.0000 0.1394 75.1846 48.0000 30.7092 38.0686 57.1004
14115.0000 0.1446 75.2527 48.0000 30.4983 37.9458 57.3842
14116.0000 0.1437 75.1691 48.0000 30.7024 37.7299 57.3081
14117.0000 0.1384 74.8192 48.0000 30.8489 37.6589 56.8160
14118.0000 0.1468 74.9177 48.0000 30.2273 37.7485 57.2190
14119.0000 0.1476 74.8846 48.0000 30.0718 37.8192 57.2110
14120.0000 0.1430 74.8034 48.0000 30.5664 37.5857 56.9961
14121.0000 0.1423 74.8817 48.0000 30.4345 37.8482 56.9959
14122.0000 0.1400 74.6927 48.0000 30.5052 37.7763 56.7572
14123.0000 0.1345 74.5836 48.0000 30.5018 38.1049 56.3947
14124.0000 0.1380 74.7642 48.0000 30.4454 38.0556 56.6968
14125.0000 0.1301 74.4721 48.0000 30.8527 37.9760 56.1429
14126.0000 0.1346 74.3978 48.0000 30.5134 37.9063 56.2768
14127.0000 0.1359 74.4735 48.0000 30.2721 38.1290 56.3568
14128.0000 0.1397 74.7781 48.0000 30.2463 38.1479 56.7597
14129.0000 0.1460 74.7250 48.0000 29.9926 37.8748 57.0068
14130.0000 0.1426 74.4670 48.0000 29.9365 37.9555 56.6438
14131.0000 0.1377 74.5744 48.0000 30.3541 37.9957 56.5358
14132.0000 0.1386 74.6377 48.0000 30.3152 38.0299 56.6172
14133.0000 0.1394 74.7425 48.0000 30.3234 38.0541 56.7346
14134.0000 0.1433 74.6244 48.0000 30.1829 37.7915 56.8295
14135.0000 0.1423 74.5676 48.0000 30.2481 37.7467 56.7500
14136.0000 0.1405 74.2225 48.0000 30.3605 37.4490 56.4340
14137.0000 0.1323 73.7602 48.0000 30.0779 37.9408 55.6450
14138.0000 0.1370 73.7689 48.0000 29.7375 37.9457 55.8360
14139.0000 0.1417 74.1684 48.0000 29.5463 38.1483 56.3265
14140.0000 0.1413 74.2900 48.0000 29.5042 38.3340 56.3826
14141.0000 0.1384 74.1106 48.0000 29.7051 38.1865 56.1406
14142.0000 0.1363 73.9039 48.0000 29.5473 38.3211 55.8591
14143.0000 0.1366 74.1328 48.0000 29.5113 38.5520 56.0223
14144.0000 0.1349 74.0146 48.0000 29.7797 38.2891 55.9042
14145.0000 0.1326 74.0082 48.0000 29.3641 38.9108 55.6859
14146.0000 0.1357 74.0157 48.0000 29.2440 38.7919 55.8417
14147.0000 0.1329 74.1244 48.0000 29.5562 38.7905 55.8225
14148.0000 0.1302 74.0138 48.0000 29.5223 38.9408 55.5886
14149.0000 0.1321 74.0394 48.0000 29.2791 39.0735 55.6581
14150.0000 0.1376 74.3257 48.0000 29.4181 38.7476 56.1917
14151.0000 0.1389 74.5265 48.0000 29.6183 38.6253 56.4361
14152.0000 0.1362 74.2103 48.0000 29.3769 38.7980 56.0258
14153.0000 0.1343 74.2554 48.0000 29.5856 38.7695 55.9954
14154.0000 0.1372 74.4691 48.0000 29.3843 38.9561 56.2551
14155.0000 0.1397 74.6067 48.0000 29.4620 38.8038 56.5015
14156.0000 0.1406 74.5195 48.0000 29.7180 38.3866 56.5373
14157.0000 0.1411 74.4033 48.0000 29.6797 38.2727 56.4815
14158.0000 0.1338 74.1244 48.0000 29.8525 38.4051 55.9312
14159.0000 0.1328 74.1180 48.0000 29.9689 38.3534 55.8959
14160.0000 0.1364 74.1884 48.0000 29.8409 38.2702 56.1145
14161.0000 0.1339 73.9905 48.0000 29.8316 38.2948 55.8406
14162.0000 0.1324 74.0559 48.0000 29.8899 38.4102 55.8169
14163.0000 0.1384 74.4041 48.0000 29.9791 38.1744 56.3909
14164.0000 0.1401 74.3353 48.0000 29.5941 38.3805 56.3638
14165.0000 0.1352 74.1141 48.0000 29.5073 38.6515 55.9310
14166.0000 0.1313 74.0045 48.0000 29.4873 38.8827 55.6355
14167.0000 0.1373 74.0427 48.0000 29.4627 38.4642 55.9890
14168.0000 0.1359 74.2234 48.0000 29.3542 38.8569 56.0142
14169.0000 0.1380 74.5245 48.0000 29.5429 38.7776 56.3685
14170.0000 0.1366 74.4234 48.0000 29.7182 38.6056 56.2608
14171.0000 0.1424 74.5052 48.0000 29.0586 38.9178 56.4980
14172.0000 0.1422 74.6506 48.0000 29.1888 38.9289 56.6151
14173.0000 0.1337 74.3947 48.0000 29.3325 39.2208 55.9991
14174.0000 0.1385 74.2873 48.0000 29.3567 38.7064 56.2014
14175.0000 0.1387 74.2801 48.0000 29.4095 38.6317 56.2157
14176.0000 0.1400 74.2971 48.0000 29.4393 38.5106 56.3056
14177.0000 0.1422 74.3675 48.0000 29.3455 38.5054 56.4508
14178.0000 0.1437 74.5882 48.0000 29.4612 38.4759 56.7014
14179.0000 0.1415 74.3214 48.0000 29.4516 38.4064 56.4024
14180.0000 0.1477 74.4382 48.0000 29.1343 38.3681 56.7461
14181.0000 0.1443 74.3468 48.0000 29.0179 38.6614 56.4863
14182.0000 0.1434 74.3053 48.0000 29.0095 38.7066 56.4050
14183.0000 0.1376 74.2222 48.0000 29.3936 38.6796 56.1146
14184.0000 0.1418 74.3792 48.0000 29.2412 38.6513 56.4206
14185.0000 0.1436 74.4010 48.0000 29.3120 38.4624 56.5417
14186.0000 0.1491 74.6408 48.0000 28.9014 38.6834 56.9170
14187.0000 0.1501 74.8656 48.0000 28.5363 39.1933 57.0476
14188.0000 0.1523 74.9411 48.0000 28.5930 39.0310 57.2292
14189.0000 0.1534 74.7469 48.0000 28.6394 38.7182 57.1645
14190.0000 0.1552 74.7358 48.0000 28.8434 38.3695 57.2825
14191.0000 0.1650 75.0694 48.0000 28.9175 37.8736 58.0068
14192.0000 0.1611 75.0620 48.0000 29.1461 37.9182 57.8534
14193.0000 0.1529 74.7574 48.0000 29.2138 38.1819 57.2483
14194.0000 0.1656 75.0605 48.0000 28.9417 37.7943 58.0349
14195.0000 0.1636 74.6843 48.0000 28.9446 37.6011 57.6724
14196.0000 0.1680 74.8330 48.0000 28.6573 37.7025 57.9419
14197.0000 0.1574 74.6250 48.0000 29.0981 37.8482 57.3559
14198.0000 0.1516 74.5175 48.0000 29.0044 38.2717 56.9814
14199.0000 0.1495 74.3749 48.0000 28.7882 38.5285 56.7311
14200.0000 0.1497 74.6466 48.0000 29.0422 38.4984 56.9784
14201.0000 0.1494 74.7055 48.0000 29.3371 38.2746 57.0552
14202.0000 0.1448 74.5167 48.0000 29.4358 38.3515 56.7048
14203.0000 0.1455 74.4270 48.0000 29.2898 38.3625 56.6552
14204.0000 0.1425 74.4922 48.0000 29.3829 38.5547 56.5621
14205.0000 0.1500 74.4790 48.0000 29.3084 38.0489 56.9247
14206.0000 0.1511 74.3892 48.0000 29.1581 38.0404 56.8901
14207.0000 0.1499 74.6070 48.0000 29.5683 37.9095 57.0507
14208.0000 0.1609 75.0395 48.0000 29.3319 37.7284 57.8545
14209.0000 0.1544 74.7027 48.0000 29.2720 37.9631 57.2926
14210.0000 0.1594 74.7135 48.0000 29.3790 37.4949 57.5597
14211.0000 0.1567 74.6834 48.0000 29.1723 37.8732 57.3777
14212.0000 0.1541 74.6510 48.0000 29.4118 37.7968 57.2637
14213.0000 0.1522 74.6780 48.0000 29.3468 38.0237 57.1819
14214.0000 0.1498 74.4328 48.0000 29.4948 37.8297 56.9142
14215.0000 0.1525 74.7624 48.0000 29.2502 38.1765 57.2398
14216.0000 0.1536 74.4339 48.0000 29.0502 38.0012 57.0299
14217.0000 0.1518 74.3293 48.0000 29.2566 37.8302 56.9015
14218.0000 0.1501 74.2671 48.0000 29.2030 37.9581 56.7625
14219.0000 0.1511 74.3456 48.0000 28.9683 38.1954 56.8261
14220.0000 0.1548 74.2016 48.0000 28.7450 38.0162 56.8715
14221.0000 0.1562 74.4059 48.0000 28.9602 37.8765 57.1219
14222.0000 0.1503 74.1166 48.0000 29.1029 37.9094 56.6496
14223.0000 0.1590 74.6635 48.0000 29.1503 37.7070 57.4724
14224.0000 0.1578 74.4053 48.0000 29.1020 37.6165 57.2208
14225.0000 0.1576 74.5458 48.0000 29.0449 37.8151 57.3018
14226.0000 0.1672 75.1149 48.0000 28.7485 37.9239 58.1167
14227.0000 0.1635 74.8898 48.0000 28.7594 37.9765 57.7855
14228.0000 0.1665 75.0590 48.0000 28.5817 38.0901 58.0179
14229.0000 0.1571 74.9266 48.0000 28.6249 38.6195 57.4730
14230.0000 0.1597 74.8769 48.0000 28.7059 38.3006 57.5812
14231.0000 0.1559 75.0368 48.0000 29.0542 38.3742 57.5655
14232.0000 0.1555 74.8530 48.0000 28.9681 38.3207 57.4050
14233.0000 0.1497 74.5746 48.0000 28.8979 38.5816 56.9012
14234.0000 0.1520 74.8548 48.0000 28.7081 38.8556 57.1781
14235.0000 0.1492 74.8037 48.0000 28.4320 39.3095 56.9383
14236.0000 0.1472 74.6573 48.0000 28.6909 39.0652 56.7843
14237.0000 0.1586 75.1131 48.0000 28.3055 39.0007 57.6170
14238.0000 0.1541 75.3080 48.0000 28.3763 39.4506 57.5303
14239.0000 0.1581 75.5098 48.0000 28.3353 39.3687 57.8702
14240.0000 0.1614 75.4863 48.0000 27.8852 39.5472 57.9363
14241.0000 0.1555 75.4928 48.0000 28.1979 39.6881 57.6966
14242.0000 0.1562 75.8019 48.0000 28.1966 39.9153 57.9452
14243.0000 0.1573 75.4173 48.0000 28.1907 39.4891 57.7379
14244.0000 0.1494 75.1322 48.0000 28.2165 39.8179 57.1245
14245.0000 0.1495 75.2410 48.0000 28.1201 40.0171 57.1761
14246.0000 0.1468 75.4660 48.0000 28.3744 40.1769 57.2349
14247.0000 0.1500 75.5900 48.0000 28.4402 39.9588 57.5177
14248.0000 0.1485 75.8880 48.0000 28.6788 40.1112 57.6854
14249.0000 0.1475 75.6868 48.0000 28.8498 39.8280 57.5319
14250.0000 0.1458 75.8089 48.0000 29.1063 39.8036 57.5802
14251.0000 0.1419 75.7645 48.0000 29.4047 39.7660 57.3959
14252.0000 0.1508 75.6966 48.0000 28.9968 39.4247 57.7481
14253.0000 0.1532 75.9389 48.0000 29.0581 39.3959 58.0543
14254.0000 0.1535 75.9126 48.0000 28.8666 39.5422 58.0159
14255.0000 0.1497 75.8161 48.0000 28.8801 39.7355 57.7505
14256.0000 0.1510 75.9913 48.0000 28.9819 39.6938 57.9581
14257.0000 0.1514 75.9378 48.0000 28.6506 39.9537 57.8739
14258.0000 0.1415 75.8051 48.0000 28.8863 40.3843 57.2810
14259.0000 0.1417 75.6649 48.0000 29.0498 40.0612 57.2397
14260.0000 0.1406 75.5637 48.0000 28.7351 40.3955 57.0295
14261.0000 0.1399 75.1842 48.0000 28.9278 39.8845 56.7897
14262.0000 0.1395 74.9409 48.0000 28.6908 39.9406 56.5485
14263.0000 0.1413 75.1154 48.0000 28.4664 40.1950 56.7129
14264.0000 0.1450 75.2274 48.0000 28.4408 40.0305 56.9899
14265.0000 0.1390 75.0644 48.0000 28.7225 40.0686 56.6055
14266.0000 0.1400 74.9822 48.0000 28.6101 40.0270 56.5830
14267.0000 0.1412 74.9374 48.0000 28.6232 39.8744 56.6247
14268.0000 0.1475 75.1601 48.0000 28.7175 39.4727 57.1512
14269.0000 0.1506 75.3329 48.0000 28.7341 39.3758 57.4364
14270.0000 0.1471 75.1879 48.0000 28.5837 39.6733 57.1158
14271.0000 0.1447 74.9977 48.0000 28.9075 39.3496 56.9264
14272.0000 0.1406 74.9987 48.0000 28.9125 39.6724 56.7008
14273.0000 0.1459 74.9186 48.0000 28.7319 39.3608 56.9035
14274.0000 0.1502 75.0724 48.0000 28.5213 39.3895 57.1915
14275.0000 0.1466 74.9509 48.0000 28.8336 39.2301 56.9847
14276.0000 0.1445 75.2891 48.0000 29.0752 39.4603 57.1486
14277.0000 0.1470 74.8475 48.0000 28.8246 39.1170 56.9311
14278.0000 0.1459 74.6540 48.0000 28.9706 38.8752 56.7683
14279.0000 0.1466 74.9452 48.0000 28.8744 39.1830 56.9890
14280.0000 0.1439 74.9161 48.0000 29.0221 39.2191 56.8507
14281.0000 0.1446 74.8743 48.0000 28.8360 39.3195 56.8209
14282.0000 0.1430 74.5000 48.0000 28.8002 39.1345 56.4738
14283.0000 0.1475 74.5865 48.0000 28.7058 38.9566 56.7583
14284.0000 0.1364 74.4374 48.0000 29.1106 39.2744 56.1339
14285.0000 0.1390 74.4031 48.0000 28.9692 39.1842 56.2246
14286.0000 0.1363 74.1643 48.0000 29.0442 39.0952 55.9316
14287.0000 0.1336 74.3880 48.0000 29.0800 39.4913 55.9318
14288.0000 0.1350 74.0923 48.0000 29.1395 39.0364 55.8276
14289.0000 0.1338 74.1470 48.0000 29.3744 38.9355 55.8475
14290.0000 0.1373 74.2299 48.0000 29.1219 38.9998 56.0446
14291.0000 0.1321 74.1169 48.0000 29.4505 38.9582 55.7515
14292.0000 0.1331 74.0025 48.0000 29.5179 38.6970 55.7459
14293.0000 0.1333 73.8883 48.0000 29.5985 38.4885 55.6960
14294.0000 0.1301 74.0452 48.0000 30.0018 38.4660 55.7041
14295.0000 0.1296 74.0173 48.0000 29.9260 38.5664 55.6384
14296.0000 0.1234 74.0476 48.0000 29.8717 39.1636 55.2896
14297.0000 0.1236 73.7165 48.0000 30.1055 38.5727 55.1355
14298.0000 0.1213 73.5612 48.0000 29.7535 38.9938 54.8221
14299.0000 0.1222 73.5819 48.0000 29.5040 39.2079 54.8320
14300.0000 0.1222 73.5322 48.0000 29.5473 39.1124 54.8102
14301.0000 0.1187 73.8433 48.0000 29.5346 39.7334 54.7886
14302.0000 0.1202 73.8885 48.0000 29.7126 39.4469 54.9602
14303.0000 0.1252 73.8461 48.0000 29.5324 39.1791 55.1913
14304.0000 0.1239 73.9362 48.0000 29.4251 39.4974 55.1423
14305.0000 0.1234 73.8787 48.0000 29.5362 39.3614 55.1032
14306.0000 0.1168 73.7473 48.0000 29.5980 39.7382 54.6214
14307.0000 0.1236 73.6383 48.0000 29.5022 39.1493 54.9504
14308.0000 0.1246 73.4760 48.0000 29.3731 39.0466 54.8753
14309.0000 0.1334 73.9685 48.0000 29.1141 39.0721 55.6515
14310.0000 0.1313 73.7437 48.0000 29.1340 39.0128 55.3837
14311.0000 0.1375 74.1044 48.0000 29.0598 38.9248 55.9629
14312.0000 0.1418 74.0134 48.0000 29.1441 38.4140 56.1513
14313.0000 0.1380 74.1030 48.0000 29.2477 38.6876 56.0276
14314.0000 0.1425 74.0558 48.0000 29.1761 38.3673 56.2225
14315.0000 0.1400 74.0650 48.0000 29.1683 38.5757 56.0958
14316.0000 0.1507 74.3021 48.0000 28.9081 38.2459 56.7659
14317.0000 0.1458 73.8623 48.0000 29.0038 38.1116 56.2310
14318.0000 0.1324 73.6236 48.0000 29.0814 38.8605 55.3585
14319.0000 0.1361 73.7617 48.0000 29.0272 38.7553 55.6439
14320.0000 0.1375 73.6949 48.0000 29.2404 38.3578 55.7190
14321.0000 0.1426 73.3989 48.0000 28.9869 37.9500 55.7400
14322.0000 0.1393 73.5131 48.0000 29.1250 38.1653 55.6716
14323.0000 0.1390 73.6109 48.0000 28.8637 38.5522 55.6703
14324.0000 0.1397 73.6287 48.0000 28.9208 38.4526 55.7330
14325.0000 0.1401 73.6358 48.0000 29.0467 38.2970 55.7840
14326.0000 0.1371 73.4507 48.0000 29.2440 38.1518 55.5359
14327.0000 0.1340 73.2401 48.0000 29.2634 38.1775 55.2291
14328.0000 0.1410 73.5566 48.0000 28.9763 38.2274 55.7639
14329.0000 0.1387 73.4828 48.0000 29.2242 38.0754 55.6411
14330.0000 0.1363 73.5142 48.0000 29.3428 38.1720 55.5539
14331.0000 0.1346 73.3042 48.0000 29.4237 38.0249 55.3340
14332.0000 0.1379 73.6735 48.0000 29.4669 38.0619 55.7743
14333.0000 0.1405 73.8653 48.0000 29.1977 38.3216 55.9913
14334.0000 0.1392 73.8242 48.0000 29.6145 37.9549 55.9680
14335.0000 0.1435 74.0397 48.0000 29.4458 37.9936 56.3143
14336.0000 0.1429 73.8012 48.0000 29.4844 37.7815 56.1235
14337.0000 0.1464 73.7871 48.0000 29.3376 37.6532 56.2679
14338.0000 0.1487 74.0458 48.0000 29.2992 37.7621 56.5540
14339.0000 0.1495 74.1196 48.0000 29.2583 37.8102 56.6397
14340.0000 0.1502 74.1447 48.0000 29.1076 37.9374 56.6651
14341.0000 0.1462 73.8778 48.0000 29.0654 38.0339 56.2721
14342.0000 0.1408 73.6813 48.0000 29.2351 38.0936 55.8849
14343.0000 0.1415 73.7823 48.0000 29.3125 38.0530 56.0051
14344.0000 0.1392 73.7366 48.0000 29.2414 38.2566 55.8431
14345.0000 0.1334 73.4741 48.0000 29.5233 38.1727 55.4045
14346.0000 0.1344 73.8601 48.0000 29.4410 38.5397 55.7066
14347.0000 0.1360 73.4546 48.0000 29.3754 38.1007 55.5067
14348.0000 0.1352 73.2949 48.0000 29.1586 38.2442 55.3109
14349.0000 0.1344 73.1404 48.0000 29.3841 37.9238 55.2075
14350.0000 0.1318 73.0668 48.0000 29.4916 37.9429 55.0395
14351.0000 0.1332 73.1867 48.0000 29.3657 38.0823 55.1697
14352.0000 0.1383 73.2293 48.0000 29.2711 37.8266 55.4516
14353.0000 0.1380 73.2627 48.0000 29.3385 37.8062 55.4740
14354.0000 0.1420 73.3259 48.0000 29.2133 37.6888 55.7029
14355.0000 0.1415 73.5476 48.0000 29.0220 38.1356 55.7912
14356.0000 0.1397 73.5947 48.0000 29.2493 38.0793 55.7730
14357.0000 0.1378 73.6995 48.0000 29.3817 38.1876 55.7678
14358.0000 0.1357 73.1940 48.0000 29.3637 37.8927 55.3107
14359.0000 0.1411 73.3377 48.0000 29.1181 37.8668 55.6476
14360.0000 0.1475 73.3421 48.0000 29.0006 37.5132 55.9535
14361.0000 0.1481 73.5810 48.0000 29.0508 37.6315 56.1612
14362.0000 0.1438 73.5319 48.0000 28.9432 38.0236 55.8877
14363.0000 0.1414 73.5403 48.0000 29.2213 37.9241 55.8217
14364.0000 0.1394 73.7084 48.0000 29.5580 37.8889 55.8899
14365.0000 0.1411 73.8617 48.0000 29.4353 38.0295 56.0613
14366.0000 0.1431 74.0539 48.0000 29.2134 38.2840 56.2573
14367.0000 0.1423 74.0806 48.0000 29.4253 38.1478 56.2746
14368.0000 0.1415 74.0464 48.0000 29.4731 38.1292 56.2171
14369.0000 0.1406 74.0830 48.0000 29.3220 38.3913 56.1660
14370.0000 0.1405 74.1155 48.0000 29.4409 38.3044 56.2059
14371.0000 0.1415 74.1419 48.0000 29.5788 38.1089 56.3012
14372.0000 0.1386 73.9070 48.0000 29.5482 38.1479 55.9810
14373.0000 0.1387 74.2191 48.0000 29.5416 38.4321 56.2026
14374.0000 0.1380 74.2365 48.0000 29.3824 38.6725 56.1441
14375.0000 0.1371 74.3533 48.0000 29.5683 38.6563 56.2123
14376.0000 0.1386 74.4174 48.0000 29.4786 38.6922 56.3195
14377.0000 0.1365 74.1814 48.0000 29.3692 38.7509 56.0240
14378.0000 0.1377 74.1473 48.0000 29.5011 38.4885 56.0905
14379.0000 0.1370 74.1833 48.0000 29.3944 38.6881 56.0568
14380.0000 0.1383 74.2938 48.0000 29.1842 38.9093 56.1598
14381.0000 0.1437 74.4766 48.0000 29.4363 38.3944 56.6227
14382.0000 0.1461 74.6499 48.0000 29.5002 38.3085 56.8754
14383.0000 0.1400 74.4673 48.0000 29.7307 38.3709 56.4724
14384.0000 0.1456 74.4696 48.0000 29.5010 38.1744 56.7285
14385.0000 0.1542 74.7140 48.0000 29.1257 38.1377 57.2660
14386.0000 0.1450 74.6971 48.0000 29.6858 38.2391 56.8874
14387.0000 0.1449 74.3616 48.0000 29.2716 38.3636 56.5778
14388.0000 0.1431 74.2846 48.0000 29.3937 38.3108 56.4490
14389.0000 0.1409 74.2475 48.0000 29.6632 38.1655 56.3576
14390.0000 0.1353 74.3321 48.0000 29.8042 38.5346 56.1432
14391.0000 0.1381 74.3146 48.0000 29.6211 38.4916 56.2463
14392.0000 0.1376 74.2052 48.0000 29.5112 38.5385 56.1274
14393.0000 0.1345 74.0378 48.0000 29.6090 38.5216 55.8658
14394.0000 0.1311 74.1046 48.0000 29.7972 38.6647 55.7553
14395.0000 0.1336 74.3088 48.0000 29.7361 38.7208 56.0202
14396.0000 0.1351 74.3598 48.0000 29.6717 38.7109 56.1288
14397.0000 0.1383 74.4487 48.0000 29.7313 38.4844 56.3703
14398.0000 0.1407 74.4780 48.0000 29.1366 38.9407 56.4061
14399.0000 0.1379 74.3813 48.0000 29.2845 38.9170 56.2180
14400.0000 0.1374 74.0633 48.0000 29.6843 38.2454 56.0491
14401.0000 0.1386 74.3727 48.0000 29.8152 38.2983 56.3524
14402.0000 0.1359 73.9294 48.0000 29.8483 38.0634 55.9089
14403.0000 0.1323 73.8963 48.0000 29.9569 38.2029 55.7116
14404.0000 0.1322 73.7563 48.0000 29.7632 38.2794 55.5772
14405.0000 0.1304 73.5800 48.0000 29.5421 38.4922 55.3139
14406.0000 0.1302 73.6228 48.0000 29.5596 38.5248 55.3389
14407.0000 0.1381 73.8551 48.0000 29.4925 38.1894 55.9137
14408.0000 0.1347 74.0030 48.0000 29.4915 38.5984 55.8288
14409.0000 0.1353 74.1180 48.0000 29.4536 38.6971 55.9330
14410.0000 0.1301 73.9631 48.0000 29.6611 38.7495 55.5809
14411.0000 0.1312 73.8284 48.0000 29.5751 38.6280 55.5322
14412.0000 0.1251 73.7441 48.0000 29.8483 38.7554 55.1841
14413.0000 0.1257 73.7611 48.0000 29.9027 38.6569 55.2464
14414.0000 0.1277 74.0273 48.0000 29.8393 38.8154 55.5250
14415.0000 0.1291 73.9509 48.0000 29.6603 38.8250 55.5123
14416.0000 0.1257 74.0262 48.0000 29.7312 39.0982 55.3829
14417.0000 0.1263 73.8360 48.0000 29.8300 38.7594 55.3140
14418.0000 0.1249 73.7382 48.0000 29.5190 39.1166 55.0985
14419.0000 0.1309 74.1474 48.0000 29.6193 38.9090 55.7371
14420.0000 0.1321 73.8113 48.0000 29.6185 38.4907 55.5817
14421.0000 0.1282 73.7131 48.0000 30.0179 38.2862 55.3778
14422.0000 0.1366 73.8500 48.0000 29.6253 38.1628 55.8549
14423.0000 0.1335 73.6566 48.0000 29.4879 38.3700 55.5293
14424.0000 0.1283 73.5363 48.0000 29.4065 38.7676 55.1355
14425.0000 0.1346 73.6569 48.0000 29.3034 38.4786 55.5522
14426.0000 0.1394 73.7250 48.0000 29.1288 38.3497 55.8228
14427.0000 0.1364 73.4306 48.0000 28.9490 38.4963 55.4260
14428.0000 0.1294 73.4633 48.0000 29.5663 38.4366 55.1844
14429.0000 0.1318 73.4191 48.0000 29.3219 38.4560 55.2425
14430.0000 0.1282 73.5044 48.0000 29.7085 38.4213 55.1734
14431.0000 0.1260 73.6017 48.0000 29.6235 38.7788 55.0987
14432.0000 0.1274 73.5831 48.0000 29.5410 38.7351 55.1488
14433.0000 0.1322 73.8010 48.0000 29.2403 38.8754 55.5005
14434.0000 0.1391 74.0836 48.0000 29.0261 38.8137 56.0301
14435.0000 0.1322 73.9830 48.0000 29.0745 39.2310 55.5796
14436.0000 0.1261 73.6947 48.0000 29.0303 39.5074 55.0210
14437.0000 0.1277 74.0585 48.0000 29.1553 39.5865 55.3854
14438.0000 0.1342 74.3012 48.0000 29.2897 39.1330 55.9589
14439.0000 0.1271 73.8747 48.0000 29.2704 39.3332 55.2595
14440.0000 0.1251 73.8498 48.0000 29.0794 39.6900 55.0716
14441.0000 0.1283 74.0519 48.0000 28.9316 39.7719 55.3611
14442.0000 0.1305 74.4067 48.0000 29.1347 39.7042 55.7772
14443.0000 0.1277 74.1713 48.0000 29.2987 39.5429 55.4918
14444.0000 0.1268 74.1276 48.0000 29.4492 39.4124 55.4464
14445.0000 0.1238 74.1617 48.0000 29.2634 39.9007 55.2408
14446.0000 0.1217 73.9569 48.0000 29.5745 39.5444 55.0563
14447.0000 0.1226 73.8907 48.0000 29.2801 39.7259 54.9942
14448.0000 0.1230 74.3107 48.0000 29.5916 39.7547 55.3714
14449.0000 0.1183 74.4635 48.0000 29.9419 39.9254 55.2653
14450.0000 0.1195 74.6679 48.0000 29.9875 39.9697 55.4840
14451.0000 0.1196 74.6763 48.0000 29.8691 40.1017 55.4639
14452.0000 0.1170 74.6710 48.0000 29.8061 40.3938 55.2783
14453.0000 0.1166 74.5529 48.0000 30.0183 40.0795 55.2329
14454.0000 0.1144 74.6074 48.0000 30.2127 40.1169 55.1733
14455.0000 0.1175 74.6848 48.0000 30.0754 40.0663 55.3893
14456.0000 0.1198 74.5194 48.0000 29.9457 39.8454 55.3962
14457.0000 0.1212 74.6384 48.0000 29.9712 39.8087 55.5688
14458.0000 0.1250 74.8499 48.0000 29.8574 39.8154 55.9087
14459.0000 0.1291 74.9380 48.0000 29.6581 39.7686 56.1654
14460.0000 0.1310 75.0546 48.0000 29.7782 39.5944 56.3803
14461.0000 0.1272 75.1855 48.0000 29.8946 39.9136 56.2680
14462.0000 0.1264 75.1721 48.0000 29.8668 39.9934 56.2081
14463.0000 0.1218 74.8343 48.0000 29.9047 40.0225 55.7143
14464.0000 0.1257 74.6401 48.0000 29.7467 39.6754 55.7865
14465.0000 0.1242 74.5104 48.0000 30.0485 39.3508 55.6812
14466.0000 0.1224 74.6414 48.0000 30.2768 39.3811 55.7116
14467.0000 0.1194 74.5204 48.0000 30.5486 39.2222 55.5130
14468.0000 0.1230 74.5650 48.0000 30.3105 39.2160 55.7074
14469.0000 0.1233 74.6553 48.0000 30.5163 39.0620 55.8240
14470.0000 0.1230 74.6620 48.0000 30.4947 39.1132 55.8090
14471.0000 0.1289 74.9828 48.0000 30.4452 38.9829 56.3546
14472.0000 0.1239 74.6698 48.0000 30.6088 38.9234 55.8896
14473.0000 0.1311 74.7201 48.0000 30.2271 38.7869 56.2583
14474.0000 0.1220 74.4527 48.0000 30.3129 39.1882 55.5754
14475.0000 0.1193 74.6040 48.0000 30.4069 39.4659 55.5304
14476.0000 0.1236 74.8268 48.0000 29.9866 39.7743 55.8378
14477.0000 0.1287 74.7909 48.0000 29.6611 39.6574 56.0463
14478.0000 0.1261 74.7578 48.0000 29.8276 39.6639 55.9090
14479.0000 0.1350 74.8362 48.0000 29.6825 39.1561 56.4465
14480.0000 0.1343 74.6949 48.0000 29.4468 39.3305 56.2613
14481.0000 0.1342 74.5951 48.0000 29.7746 38.9021 56.2540
14482.0000 0.1363 74.5683 48.0000 29.4621 39.0360 56.2903
14483.0000 0.1391 74.5552 48.0000 29.3332 38.9317 56.4124
14484.0000 0.1330 74.5080 48.0000 29.1870 39.5418 56.0001
14485.0000 0.1265 74.2594 48.0000 29.0879 39.9590 55.4223
14486.0000 0.1226 74.2249 48.0000 29.5102 39.7926 55.2724
14487.0000 0.1228 73.9280 48.0000 29.5106 39.4854 55.0942
14488.0000 0.1306 73.9736 48.0000 29.2637 39.1475 55.5267
14489.0000 0.1298 73.4512 48.0000 28.9300 39.0710 55.0599
14490.0000 0.1326 73.5843 48.0000 28.9984 38.8932 55.3268
14491.0000 0.1242 73.3235 48.0000 29.2678 39.0494 54.7254
14492.0000 0.1330 73.6924 48.0000 28.9366 39.0337 55.4041
14493.0000 0.1282 73.5810 48.0000 29.1139 39.1328 55.0923
14494.0000 0.1250 73.0835 48.0000 29.1710 38.8595 54.5912
14495.0000 0.1219 72.9115 48.0000 29.1588 38.9624 54.2934
14496.0000 0.1243 73.2811 48.0000 29.1999 39.0703 54.6900
14497.0000 0.1222 72.7862 48.0000 29.2037 38.7646 54.2428
14498.0000 0.1225 72.9317 48.0000 29.2370 38.8416 54.3651
14499.0000 0.1237 73.2197 48.0000 29.4858 38.7564 54.6778
14500.0000 0.1262 73.0870 48.0000 29.2970 38.6269 54.6932
14501.0000 0.1190 72.8991 48.0000 29.4684 38.8554 54.1863
14502.0000 0.1196 72.9127 48.0000 29.3035 38.9964 54.1927
14503.0000 0.1165 72.7397 48.0000 29.2789 39.1270 53.8785
14504.0000 0.1168 72.7753 48.0000 29.1891 39.2307 53.8999
14505.0000 0.1227 72.9776 48.0000 28.9814 39.1504 54.3420
14506.0000 0.1248 73.0549 48.0000 29.0297 38.9979 54.5293
14507.0000 0.1221 72.7759 48.0000 29.2521 38.7123 54.2403
14508.0000 0.1256 73.1099 48.0000 29.2958 38.6923 54.6783
14509.0000 0.1276 72.9334 48.0000 29.1426 38.5291 54.6397
14510.0000 0.1225 72.6972 48.0000 29.2467 38.6034 54.2152
14511.0000 0.1182 72.4956 48.0000 29.5040 38.4912 53.8847
14512.0000 0.1202 72.5727 48.0000 29.2665 38.6582 53.9983
14513.0000 0.1220 72.3253 48.0000 29.3298 38.1969 53.9603
14514.0000 0.1223 72.3582 48.0000 29.3889 38.1420 54.0109
14515.0000 0.1300 72.6539 48.0000 29.2071 37.9961 54.6061
14516.0000 0.1263 72.4454 48.0000 29.0661 38.2454 54.2290
14517.0000 0.1260 72.4246 48.0000 29.0521 38.2644 54.1953
14518.0000 0.1376 72.6813 48.0000 28.5277 38.1426 54.8988
14519.0000 0.1389 72.7010 48.0000 28.6301 37.9536 55.0025
14520.0000 0.1325 72.3668 48.0000 28.6558 38.1114 54.4364
14521.0000 0.1327 72.5943 48.0000 28.7134 38.2520 54.6100
14522.0000 0.1315 72.6352 48.0000 28.7676 38.3289 54.5820
14523.0000 0.1339 72.7221 48.0000 28.9958 37.9803 54.8201
14524.0000 0.1376 72.8242 48.0000 28.9193 37.8664 55.0742
14525.0000 0.1292 72.4420 48.0000 29.0734 38.0056 54.3890
14526.0000 0.1329 72.5506 48.0000 28.9796 37.9102 54.6497
14527.0000 0.1353 72.7498 48.0000 28.9981 37.8952 54.9144
14528.0000 0.1301 72.4290 48.0000 28.6646 38.3540 54.3440
14529.0000 0.1315 72.3314 48.0000 28.6731 38.1439 54.3574
14530.0000 0.1329 72.6223 48.0000 28.8323 38.1377 54.6646
14531.0000 0.1367 72.4969 48.0000 28.6929 37.8708 54.7570
14532.0000 0.1322 72.4561 48.0000 28.5104 38.3756 54.4459
14533.0000 0.1305 72.5131 48.0000 28.7455 38.3187 54.4382
14534.0000 0.1338 72.6760 48.0000 28.6245 38.3363 54.7061
14535.0000 0.1223 72.1129 48.0000 28.7957 38.5480 53.7134
14536.0000 0.1236 72.3938 48.0000 28.8928 38.6101 53.9938
14537.0000 0.1270 72.5260 48.0000 29.0176 38.3239 54.3072
14538.0000 0.1263 72.3666 48.0000 29.0035 38.2384 54.1622
14539.0000 0.1340 72.6588 48.0000 28.9352 37.9726 54.7735
14540.0000 0.1354 72.8058 48.0000 28.7968 38.1475 54.9199
14541.0000 0.1383 72.8046 48.0000 28.9399 37.7697 55.1039
14542.0000 0.1358 72.7282 48.0000 28.8912 37.9447 54.9080
14543.0000 0.1399 72.7563 48.0000 28.6583 37.8969 55.0999
14544.0000 0.1416 72.8770 48.0000 28.7930 37.7378 55.2981
14545.0000 0.1457 72.9209 48.0000 28.6478 37.6246 55.5081
14546.0000 0.1492 73.0321 48.0000 28.4116 37.7068 55.7195
14547.0000 0.1479 73.0709 48.0000 28.4590 37.7932 55.6876
14548.0000 0.1437 72.9839 48.0000 28.4974 37.9874 55.4211
14549.0000 0.1434 73.0168 48.0000 28.7867 37.7373 55.4857
14550.0000 0.1425 73.0765 48.0000 28.5617 38.1022 55.4313
14551.0000 0.1463 72.8539 48.0000 28.5800 37.5879 55.4799
14552.0000 0.1481 72.9238 48.0000 28.5385 37.5573 55.6137
14553.0000 0.1467 73.1195 48.0000 28.4082 37.9784 55.6514
14554.0000 0.1456 73.4071 48.0000 28.5889 38.1412 55.8259
14555.0000 0.1463 73.3782 48.0000 28.6377 38.0100 55.8523
14556.0000 0.1459 73.1635 48.0000 28.6453 37.8318 55.6875
14557.0000 0.1433 73.1076 48.0000 28.6489 37.9772 55.5130
14558.0000 0.1448 73.3628 48.0000 28.5668 38.1816 55.7513
14559.0000 0.1421 73.2484 48.0000 28.6080 38.2442 55.5364
14560.0000 0.1454 73.1420 48.0000 28.4257 38.0807 55.6021
14561.0000 0.1504 73.4441 48.0000 28.5629 37.8347 56.0957
14562.0000 0.1505 73.4745 48.0000 28.5637 37.8551 56.1213
14563.0000 0.1454 73.5604 48.0000 29.0205 37.8516 56.0017
14564.0000 0.1462 73.5598 48.0000 29.1647 37.6434 56.0664
14565.0000 0.1451 73.6265 48.0000 28.9364 38.0203 56.0179
14566.0000 0.1434 73.7042 48.0000 29.1555 37.9957 56.0231
14567.0000 0.1408 73.3856 48.0000 28.8408 38.2266 55.6093
14568.0000 0.1445 73.6702 48.0000 28.7580 38.2930 55.9815
14569.0000 0.1487 74.0132 48.0000 28.6673 38.3826 56.4174
14570.0000 0.1493 73.9928 48.0000 29.1546 37.8158 56.5235
14571.0000 0.1392 73.7328 48.0000 29.0590 38.4496 55.8008
14572.0000 0.1461 73.8816 48.0000 28.9185 38.1968 56.2425
14573.0000 0.1478 74.0272 48.0000 29.0113 38.1071 56.4466
14574.0000 0.1440 73.9029 48.0000 29.0360 38.2553 56.1701
14575.0000 0.1371 73.9722 48.0000 29.2886 38.5975 55.8954
14576.0000 0.1388 74.0182 48.0000 29.3330 38.4587 56.0286
14577.0000 0.1451 74.3015 48.0000 28.8234 38.7593 56.4592
14578.0000 0.1445 74.3837 48.0000 28.9656 38.7343 56.5119
14579.0000 0.1401 74.1028 48.0000 29.0267 38.7544 56.0960
14580.0000 0.1366 73.8320 48.0000 28.9092 38.9029 55.6956
14581.0000 0.1412 73.9972 48.0000 28.7072 38.9049 56.0169
14582.0000 0.1426 74.0054 48.0000 28.9149 38.5836 56.1430
14583.0000 0.1421 73.9298 48.0000 28.9132 38.5572 56.0623
14584.0000 0.1423 73.8189 48.0000 28.8152 38.5414 55.9774
14585.0000 0.1426 74.2831 48.0000 28.9070 38.8509 56.3292
14586.0000 0.1455 74.5702 48.0000 29.4591 38.3163 56.7868
14587.0000 0.1359 74.0874 48.0000 29.3545 38.7313 55.9208
14588.0000 0.1390 74.1289 48.0000 29.3114 38.5680 56.1110
14589.0000 0.1360 74.0005 48.0000 29.3716 38.6212 55.8729
14590.0000 0.1341 73.8659 48.0000 29.4302 38.5833 55.6898
14591.0000 0.1341 73.8817 48.0000 29.2268 38.8148 55.6571
14592.0000 0.1296 73.8131 48.0000 29.2276 39.1163 55.3537
14593.0000 0.1313 73.9319 48.0000 29.0881 39.2378 55.4996
14594.0000 0.1297 73.7515 48.0000 29.3093 38.9584 55.3398
14595.0000 0.1348 73.7857 48.0000 29.3405 38.5497 55.6542
14596.0000 0.1327 73.7243 48.0000 29.3142 38.6866 55.4915
14597.0000 0.1360 74.0374 48.0000 29.6900 38.3180 55.9622
14598.0000 0.1360 74.1846 48.0000 29.2622 38.9114 55.9730
14599.0000 0.1380 74.4366 48.0000 29.2489 38.9988 56.2531
14600.0000 0.1387 74.7758 48.0000 29.3887 39.1139 56.5494
14601.0000 0.1370 74.7591 48.0000 29.3133 39.3160 56.4262
14602.0000 0.1389 74.8476 48.0000 29.3864 39.1720 56.6053
14603.0000 0.1403 74.6182 48.0000 29.3308 38.9023 56.5172
14604.0000 0.1346 74.3568 48.0000 29.4371 38.9993 56.0485
14605.0000 0.1346 74.4892 48.0000 29.5822 38.9746 56.1651
14606.0000 0.1347 74.4078 48.0000 29.4263 39.0472 56.0886
14607.0000 0.1364 74.5777 48.0000 29.7437 38.7420 56.3578
14608.0000 0.1351 74.5709 48.0000 29.9332 38.6353 56.3217
14609.0000 0.1353 74.3115 48.0000 29.9138 38.3972 56.1517
14610.0000 0.1331 74.4397 48.0000 30.1786 38.4173 56.1661
14611.0000 0.1292 74.1863 48.0000 30.2498 38.4130 55.7943
14612.0000 0.1334 74.1053 48.0000 30.1383 38.1182 55.9490
14613.0000 0.1289 74.0062 48.0000 30.4430 38.0584 55.6929
14614.0000 0.1324 74.2581 48.0000 30.4977 37.9693 56.0578
14615.0000 0.1379 74.5521 48.0000 30.3189 37.9972 56.5242
14616.0000 0.1331 74.8203 48.0000 30.5253 38.4080 56.4899
14617.0000 0.1327 74.7820 48.0000 30.9576 37.9571 56.5087
14618.0000 0.1364 74.8115 48.0000 30.3293 38.3454 56.6262
14619.0000 0.1385 74.8715 48.0000 30.6557 37.8996 56.8295
14620.0000 0.1401 74.7071 48.0000 30.5932 37.6913 56.7853
14621.0000 0.1401 74.7476 48.0000 30.6168 37.7036 56.8177
14622.0000 0.1392 74.8518 48.0000 30.8763 37.6022 56.8816
14623.0000 0.1397 74.7418 48.0000 30.9182 37.4173 56.8361
14624.0000 0.1426 74.6147 48.0000 31.0442 36.9529 56.9043
14625.0000 0.1382 74.2983 48.0000 31.0350 37.0032 56.4608
14626.0000 0.1357 74.3494 48.0000 30.9453 37.3274 56.3638
14627.0000 0.1362 74.2280 48.0000 30.9840 37.1430 56.3044
14628.0000 0.1357 74.4939 48.0000 30.9527 37.4587 56.4634
14629.0000 0.1371 74.5852 48.0000 30.9288 37.4612 56.5953
14630.0000 0.1341 74.5854 48.0000 30.7193 37.9090 56.4110
14631.0000 0.1262 74.2091 48.0000 30.7486 38.1488 55.7332
14632.0000 0.1287 74.4459 48.0000 31.0290 37.8749 56.0792
14633.0000 0.1331 74.6397 48.0000 30.8445 37.9069 56.4160
14634.0000 0.1375 74.6935 48.0000 30.6316 37.8336 56.6519
14635.0000 0.1388 75.0134 48.0000 30.5544 38.1129 56.9284
14636.0000 0.1387 75.1241 48.0000 30.6406 38.1371 57.0119
14637.0000 0.1369 74.8315 48.0000 30.9471 37.6856 56.7612
14638.0000 0.1388 74.8979 48.0000 31.0368 37.5116 56.9148
14639.0000 0.1465 75.1691 48.0000 30.7234 37.4955 57.4504
14640.0000 0.1449 75.2533 48.0000 30.6334 37.7840 57.4197
14641.0000 0.1385 75.2513 48.0000 30.8005 38.1010 57.1174
14642.0000 0.1333 75.0218 48.0000 30.7903 38.3060 56.6822
14643.0000 0.1299 75.0932 48.0000 31.2134 38.2039 56.6143
14644.0000 0.1382 74.9309 48.0000 30.4579 38.1850 56.8231
14645.0000 0.1391 74.8404 48.0000 30.5881 37.8985 56.8257
14646.0000 0.1365 74.6799 48.0000 31.0331 37.4890 56.6446
14647.0000 0.1365 74.6675 48.0000 31.3792 37.1198 56.6807
14648.0000 0.1344 74.6276 48.0000 31.4176 37.2027 56.5524
14649.0000 0.1351 74.8760 48.0000 31.5616 37.2308 56.7816
14650.0000 0.1370 74.7746 48.0000 31.6727 36.8780 56.8163
14651.0000 0.1387 74.9277 48.0000 31.3648 37.2055 56.9751
14652.0000 0.1323 74.8535 48.0000 31.5992 37.3897 56.6264
14653.0000 0.1333 74.7746 48.0000 31.2811 37.5655 56.5824
14654.0000 0.1357 74.7434 48.0000 31.2763 37.3531 56.6843
14655.0000 0.1326 74.9861 48.0000 31.5197 37.5743 56.7239
14656.0000 0.1316 75.0595 48.0000 31.4727 37.7672 56.7189
14657.0000 0.1296 75.1322 48.0000 31.7813 37.6704 56.7074
14658.0000 0.1310 75.1529 48.0000 31.9495 37.4064 56.8151
14659.0000 0.1304 75.1158 48.0000 31.8615 37.5106 56.7467
14660.0000 0.1298 75.1526 48.0000 32.1693 37.2715 56.7793
14661.0000 0.1285 75.1338 48.0000 32.0534 37.4763 56.6850
14662.0000 0.1225 75.0233 48.0000 32.2216 37.6716 56.3127
14663.0000 0.1230 75.1512 48.0000 32.1740 37.8047 56.4211
14664.0000 0.1291 75.1036 48.0000 32.0643 37.3924 56.6943
14665.0000 0.1366 75.3165 48.0000 31.8495 37.2309 57.2017
14666.0000 0.1230 75.2422 48.0000 32.1259 37.9440 56.4763
14667.0000 0.1234 74.9485 48.0000 32.4362 37.3100 56.3306
14668.0000 0.1169 74.8585 48.0000 32.5182 37.6575 55.9309
14669.0000 0.1218 75.1872 48.0000 32.4419 37.6586 56.4133
14670.0000 0.1182 75.2075 48.0000 32.8761 37.5114 56.2869
14671.0000 0.1100 75.1087 48.0000 32.9980 37.9639 55.7780
14672.0000 0.1223 75.4771 48.0000 32.9102 37.4036 56.6982
14673.0000 0.1215 75.3468 48.0000 33.2513 36.9976 56.5921
14674.0000 0.1143 74.9966 48.0000 33.2211 37.2678 55.9639
14675.0000 0.1183 74.9766 48.0000 32.7125 37.4581 56.1094
14676.0000 0.1197 74.7863 48.0000 32.4975 37.3857 56.0287
14677.0000 0.1188 74.8299 48.0000 32.6973 37.2920 56.0331
14678.0000 0.1242 74.9278 48.0000 32.7194 36.9344 56.3868
14679.0000 0.1156 74.8230 48.0000 32.7323 37.5067 55.8598
14680.0000 0.1194 75.0360 48.0000 32.6986 37.4407 56.2085
14681.0000 0.1102 74.5667 48.0000 32.7828 37.6474 55.3909
14682.0000 0.1141 74.6833 48.0000 32.7961 37.4263 55.6892
14683.0000 0.1133 74.8126 48.0000 32.6792 37.7372 55.7216
14684.0000 0.1110 74.6653 48.0000 32.7686 37.6911 55.5023
14685.0000 0.1171 74.7991 48.0000 32.6032 37.4993 55.9083
14686.0000 0.1102 74.6363 48.0000 33.0430 37.4487 55.4647
14687.0000 0.1115 74.7938 48.0000 33.0473 37.4840 55.6501
14688.0000 0.1176 74.8853 48.0000 32.7830 37.3534 56.0161
14689.0000 0.1254 74.8642 48.0000 32.3165 37.1934 56.3644
14690.0000 0.1173 74.7524 48.0000 32.2895 37.7606 55.8521
14691.0000 0.1151 74.9037 48.0000 32.6200 37.7445 55.8736
14692.0000 0.1182 75.2426 48.0000 32.4091 38.0360 56.2527
14693.0000 0.1201 75.0671 48.0000 32.2406 37.8877 56.2151
14694.0000 0.1160 74.8639 48.0000 32.6235 37.6274 55.8971
14695.0000 0.1218 75.0517 48.0000 32.1868 37.7974 56.2860
14696.0000 0.1157 74.5138 48.0000 32.0951 37.8725 55.5687
14697.0000 0.1164 74.6994 48.0000 32.4364 37.6363 55.7798
14698.0000 0.1160 74.6553 48.0000 32.8113 37.2349 55.7708
14699.0000 0.1178 74.9128 48.0000 32.9320 37.2095 56.0613
14700.0000 0.1206 74.8027 48.0000 32.7546 37.0602 56.1170
14701.0000 0.1126 74.5378 48.0000 33.0158 37.1812 55.5283
14702.0000 0.1205 75.0044 48.0000 32.6137 37.4073 56.2379
14703.0000 0.1178 74.8711 48.0000 32.4275 37.6908 55.9781
14704.0000 0.1165 74.9340 48.0000 32.3002 37.9901 55.9335
14705.0000 0.1144 74.7508 48.0000 32.4184 37.8641 55.7048
14706.0000 0.1111 74.1704 48.0000 31.9952 38.0278 55.0585
14707.0000 0.1135 74.3047 48.0000 32.2006 37.7362 55.3199
14708.0000 0.1120 74.1246 48.0000 32.3173 37.5637 55.1273
14709.0000 0.1110 74.1110 48.0000 32.6669 37.2690 55.1030
14710.0000 0.1174 74.2310 48.0000 32.5887 36.9481 55.5253
14711.0000 0.1169 74.4979 48.0000 32.5500 37.2795 55.6836
14712.0000 0.1075 74.0463 48.0000 32.4466 37.7270 54.8338
14713.0000 0.1147 74.3667 48.0000 32.3732 37.5176 55.4509
14714.0000 0.1172 74.6725 48.0000 32.6737 37.2941 55.8351
14715.0000 0.1125 74.5922 48.0000 32.9428 37.3197 55.5518
14716.0000 0.1182 74.5153 48.0000 32.3937 37.3590 55.7448
14717.0000 0.1125 74.2303 48.0000 32.4031 37.5332 55.2399
14718.0000 0.1091 74.1535 48.0000 32.7101 37.4214 55.0312
14719.0000 0.1150 74.4803 48.0000 33.1033 36.8389 55.6272
14720.0000 0.1151 74.6412 48.0000 32.9162 37.1801 55.7266
14721.0000 0.1136 74.5514 48.0000 33.0395 37.0919 55.5923
14722.0000 0.1118 74.3562 48.0000 33.2263 36.8561 55.3758
14723.0000 0.1176 74.4687 48.0000 32.9173 36.8188 55.7353
14724.0000 0.1143 74.2391 48.0000 32.7787 37.0068 55.3850
14725.0000 0.1113 74.6085 48.0000 33.0211 37.3504 55.5067
14726.0000 0.1109 74.6245 48.0000 33.1499 37.2629 55.5101
14727.0000 0.1085 74.8505 48.0000 33.3224 37.5034 55.5492
14728.0000 0.1115 75.0256 48.0000 33.1349 37.6166 55.8203
14729.0000 0.1100 74.9444 48.0000 32.9544 37.8556 55.6563
14730.0000 0.1098 74.9712 48.0000 32.9037 37.9515 55.6571
14731.0000 0.1164 75.0933 48.0000 32.4381 38.0095 56.0540
14732.0000 0.1159 75.1326 48.0000 32.5786 37.9410 56.0716
14733.0000 0.1078 74.5492 48.0000 32.7792 37.8417 55.2369
14734.0000 0.1143 74.7252 48.0000 32.7789 37.4726 55.7244
14735.0000 0.1093 74.5713 48.0000 32.8850 37.6264 55.3507
14736.0000 0.1051 74.5858 48.0000 33.0840 37.7763 55.1492
14737.0000 0.1076 74.8952 48.0000 33.0917 37.8641 55.5027
14738.0000 0.1112 75.0244 48.0000 32.5577 38.2490 55.7285
14739.0000 0.1119 74.8981 48.0000 32.9711 37.6337 55.7346
14740.0000 0.1150 75.1411 48.0000 32.7822 37.8076 56.0545
14741.0000 0.1146 75.0101 48.0000 32.1537 38.3820 55.8524
14742.0000 0.1155 75.1817 48.0000 32.5833 38.0143 56.0850
14743.0000 0.1188 75.1856 48.0000 32.7030 37.6225 56.2844
14744.0000 0.1117 75.2510 48.0000 33.1189 37.8382 55.9831
14745.0000 0.1122 75.2453 48.0000 33.5658 37.3189 56.0580
14746.0000 0.1116 75.0544 48.0000 33.4930 37.2633 55.8822
14747.0000 0.1221 75.4672 48.0000 33.1719 37.1449 56.7025
14748.0000 0.1145 75.2312 48.0000 33.2286 37.4742 56.1362
14749.0000 0.1212 75.3740 48.0000 33.2270 37.0728 56.5934
14750.0000 0.1285 75.3163 48.0000 33.0379 36.6380 56.9095
14751.0000 0.1308 75.2465 48.0000 32.8418 36.5928 56.9598
14752.0000 0.1339 75.4310 48.0000 33.1316 36.2400 57.2607
14753.0000 0.1338 75.2101 48.0000 33.1644 36.0049 57.0993
14754.0000 0.1312 75.0965 48.0000 33.0588 36.2018 56.8861
14755.0000 0.1236 74.9098 48.0000 33.4800 36.1860 56.4015
14756.0000 0.1269 74.8057 48.0000 33.2296 36.0863 56.4754
14757.0000 0.1293 74.8852 48.0000 33.4324 35.7726 56.6603
14758.0000 0.1343 75.0054 48.0000 33.4798 35.4584 56.9879
14759.0000 0.1324 75.2719 48.0000 33.5219 35.8084 57.0955
14760.0000 0.1338 75.6294 48.0000 33.8321 35.7206 57.4390
14761.0000 0.1325 75.4113 48.0000 33.8866 35.5632 57.2173
14762.0000 0.1324 75.3804 48.0000 33.5593 35.8681 57.1792
14763.0000 0.1323 75.7430 48.0000 33.8614 35.9113 57.4525
14764.0000 0.1326 75.6876 48.0000 33.5261 36.1757 57.4102
14765.0000 0.1263 75.5440 48.0000 34.0284 36.0098 57.0285
14766.0000 0.1248 75.4101 48.0000 33.7011 36.3339 56.8398
14767.0000 0.1292 75.4144 48.0000 33.3214 36.3867 57.0352
14768.0000 0.1396 75.4865 48.0000 32.7883 36.2093 57.5501
14769.0000 0.1407 75.5399 48.0000 32.5507 36.4136 57.6262
14770.0000 0.1396 75.4124 48.0000 32.6002 36.3296 57.4841
14771.0000 0.1469 75.6896 48.0000 32.3523 36.2925 58.0095
14772.0000 0.1431 75.7055 48.0000 32.3465 36.5976 57.8415
14773.0000 0.1466 76.0646 48.0000 32.2495 36.7632 58.2603
14774.0000 0.1437 75.8298 48.0000 32.6515 36.3538 57.9866
14775.0000 0.1415 76.0057 48.0000 32.7527 36.5811 58.0168
14776.0000 0.1501 76.0408 48.0000 32.7844 35.9405 58.4436
14777.0000 0.1528 76.0167 48.0000 32.7578 35.7499 58.5440
14778.0000 0.1501 76.1623 48.0000 33.0042 35.8306 58.5456
14779.0000 0.1400 76.1473 48.0000 33.3729 36.1919 58.0932
14780.0000 0.1419 76.3792 48.0000 33.1411 36.4964 58.3392
14781.0000 0.1460 76.6628 48.0000 32.8011 36.7906 58.7173
14782.0000 0.1451 76.4031 48.0000 33.2820 36.1352 58.5148
14783.0000 0.1410 76.3674 48.0000 33.6682 36.0247 58.3151
14784.0000 0.1441 76.2777 48.0000 33.2505 36.1297 58.3724
14785.0000 0.1520 76.8669 48.0000 33.2174 36.1169 59.1667
14786.0000 0.1571 77.3672 48.0000 33.4837 35.9253 59.7821
14787.0000 0.1590 77.5132 48.0000 33.5302 35.8745 59.9753
14788.0000 0.1569 77.1163 48.0000 33.0565 36.1441 59.5634
14789.0000 0.1540 77.0846 48.0000 33.1332 36.2479 59.4165
14790.0000 0.1483 76.5153 48.0000 32.8519 36.4392 58.7156
14791.0000 0.1439 76.7215 48.0000 33.1846 36.6134 58.6893
14792.0000 0.1397 76.8804 48.0000 33.6004 36.6584 58.6324
14793.0000 0.1311 76.6300 48.0000 33.9066 36.7761 58.0518
14794.0000 0.1275 75.8443 48.0000 33.7683 36.4638 57.2927
14795.0000 0.1264 76.0757 48.0000 33.7948 36.7421 57.4059
14796.0000 0.1234 76.2329 48.0000 33.8647 37.0529 57.3736
14797.0000 0.1227 76.1122 48.0000 33.5771 37.2906 57.2281
14798.0000 0.1228 76.0943 48.0000 33.6726 37.1643 57.2303
14799.0000 0.1182 75.9339 48.0000 34.0442 37.0010 56.9023
14800.0000 0.1149 76.1770 48.0000 33.9660 37.5798 56.8948
14801.0000 0.1147 76.3422 48.0000 34.1770 37.5370 57.0178
14802.0000 0.1169 76.0551 48.0000 33.8800 37.3876 56.9095
14803.0000 0.1146 76.1943 48.0000 34.0636 37.5151 56.9022
14804.0000 0.1172 76.2423 48.0000 33.9491 37.4716 57.0633
14805.0000 0.1159 76.2322 48.0000 34.0244 37.4857 56.9957
14806.0000 0.1174 76.2647 48.0000 34.3926 37.0181 57.1236
14807.0000 0.1117 76.2196 48.0000 34.7080 37.1202 56.8057
14808.0000 0.1149 76.1039 48.0000 34.4713 36.9868 56.8816
14809.0000 0.1175 76.1341 48.0000 34.4751 36.8039 57.0381
14810.0000 0.1198 76.1182 48.0000 34.2366 36.8507 57.1302
14811.0000 0.1166 76.0725 48.0000 34.2570 37.0399 56.9345
14812.0000 0.1199 75.7667 48.0000 33.8310 36.9204 56.8590
14813.0000 0.1197 75.9462 48.0000 33.7489 37.1902 56.9712
14814.0000 0.1220 76.0343 48.0000 33.5215 37.3247 57.1349
14815.0000 0.1201 75.9846 48.0000 33.9080 37.0357 57.0287
14816.0000 0.1179 75.9971 48.0000 33.9377 37.1951 56.9238
14817.0000 0.1095 76.3316 48.0000 34.3509 37.7734 56.7425
14818.0000 0.1094 76.4914 48.0000 34.1611 38.1340 56.8309
14819.0000 0.1100 76.7378 48.0000 34.4687 38.0002 57.0665
14820.0000 0.1115 76.5388 48.0000 34.2745 37.8884 56.9904
14821.0000 0.1136 76.4199 48.0000 34.2382 37.6323 57.0223
14822.0000 0.1137 76.6468 48.0000 34.4254 37.6531 57.2002
14823.0000 0.1144 76.8159 48.0000 34.5152 37.6604 57.3680
14824.0000 0.1124 77.1770 48.0000 34.8159 37.8627 57.5375
14825.0000 0.1107 77.1009 48.0000 34.9877 37.7537 57.4026
14826.0000 0.1056 76.9059 48.0000 34.9813 38.0026 56.9792
14827.0000 0.1044 76.9941 48.0000 34.6467 38.5377 56.9434
14828.0000 0.1045 76.7904 48.0000 34.7986 38.1802 56.8162
14829.0000 0.1073 76.6502 48.0000 34.4108 38.2010 56.8493
14830.0000 0.1104 77.0131 48.0000 34.7340 37.9548 57.3061
14831.0000 0.1170 77.4047 48.0000 34.0866 38.4507 57.8890
14832.0000 0.1206 77.2177 48.0000 34.2049 37.8534 57.9631
14833.0000 0.1191 76.8572 48.0000 34.1855 37.6530 57.6249
14834.0000 0.1119 76.5843 48.0000 34.6124 37.5465 57.0737
14835.0000 0.1081 76.7276 48.0000 34.5588 38.0598 56.9586
14836.0000 0.0979 76.5875 48.0000 35.1040 38.2326 56.3172
14837.0000 0.1041 76.5014 48.0000 34.7924 37.9359 56.5935
14838.0000 0.1054 76.7428 48.0000 34.4728 38.3891 56.8099
14839.0000 0.1081 76.8242 48.0000 34.5432 38.1671 57.0263
14840.0000 0.1080 76.5407 48.0000 34.3509 38.0999 56.8057
14841.0000 0.1008 76.2084 48.0000 34.3525 38.3991 56.1528
14842.0000 0.1057 76.2199 48.0000 34.4040 37.9278 56.4563
14843.0000 0.1084 76.4995 48.0000 34.3830 37.9955 56.8007
14844.0000 0.1032 76.1559 48.0000 34.6129 37.8657 56.2837
14845.0000 0.1064 75.5553 47.0000 34.1773 37.4641 56.0085
14846.0000 0.1105 76.7259 48.0000 34.6255 37.7820 57.1004
14847.0000 0.1081 76.6297 48.0000 34.4247 38.1022 56.8794
14848.0000 0.1116 77.1488 48.0000 34.4220 38.3059 57.4432
14849.0000 0.1120 77.6543 48.0000 34.6849 38.4860 57.8444
14850.0000 0.1044 77.1808 48.0000 34.9971 38.3559 57.1042
14851.0000 0.1104 77.0654 48.0000 34.4202 38.3353 57.3125
14852.0000 0.1070 77.0116 48.0000 34.5262 38.4578 57.0940
14853.0000 0.1033 76.9148 48.0000 34.5062 38.7039 56.8086
14854.0000 0.1019 77.0739 48.0000 35.0177 38.4508 56.8830
14855.0000 0.1003 77.1190 48.0000 34.6755 38.9898 56.7868
14856.0000 0.0995 77.0516 48.0000 34.7832 38.8856 56.7008
14857.0000 0.1014 77.0060 48.0000 34.5382 38.9284 56.7593
14858.0000 0.1081 77.0832 48.0000 34.5215 38.4361 57.2080
14859.0000 0.1114 77.2582 48.0000 34.7608 38.0810 57.5356
14860.0000 0.1005 77.2299 48.0000 34.9534 38.7872 56.9058
14861.0000 0.0998 77.0443 48.0000 35.0548 38.5632 56.7438
14862.0000 0.1094 77.4519 48.0000 34.4905 38.7158 57.5352
14863.0000 0.1116 77.2390 48.0000 34.1483 38.6843 57.4742
14864.0000 0.1070 77.1584 48.0000 34.5000 38.6311 57.1909
14865.0000 0.1139 77.1136 48.0000 34.1779 38.3392 57.5195
14866.0000 0.1086 77.0730 48.0000 34.3382 38.5775 57.2094
14867.0000 0.1149 76.6841 48.0000 33.5280 38.5203 57.2058
14868.0000 0.1179 76.6784 48.0000 33.2753 38.5256 57.3420
14869.0000 0.1228 77.2820 48.0000 33.6806 38.2796 58.0758
14870.0000 0.1166 76.9433 48.0000 33.6861 38.4618 57.4997
14871.0000 0.1197 77.0539 48.0000 33.6595 38.3400 57.7441
14872.0000 0.1256 77.2863 48.0000 33.6806 38.0542 58.2294
14873.0000 0.1277 77.0727 48.0000 33.7505 37.6168 58.1900
14874.0000 0.1277 76.9404 48.0000 33.5529 37.6914 58.0808
14875.0000 0.1234 76.7624 48.0000 33.8408 37.5753 57.7526
14876.0000 0.1255 77.1667 48.0000 33.8962 37.7256 58.1595
14877.0000 0.1280 77.6079 48.0000 33.8184 38.0258 58.5948
14878.0000 0.1271 77.5161 48.0000 34.0236 37.7985 58.5015
14879.0000 0.1335 77.6426 48.0000 33.7993 37.6420 58.8987
14880.0000 0.1320 77.7637 48.0000 33.6876 37.9851 58.9023
14881.0000 0.1393 77.8532 48.0000 33.3547 37.8361 59.3044
14882.0000 0.1328 77.3817 48.0000 33.5207 37.7377 58.6528
14883.0000 0.1303 77.2872 48.0000 33.5418 37.8207 58.4624
14884.0000 0.1333 77.1210 48.0000 33.1428 37.8365 58.4603
14885.0000 0.1336 77.3662 48.0000 32.9730 38.2212 58.6299
14886.0000 0.1324 77.2553 48.0000 32.9740 38.2068 58.4921
14887.0000 0.1283 77.0001 48.0000 32.9776 38.2947 58.0948
14888.0000 0.1342 76.8933 48.0000 32.9187 37.7850 58.3201
14889.0000 0.1311 77.0208 48.0000 33.2696 37.7914 58.2851
14890.0000 0.1330 76.6713 48.0000 33.0407 37.5525 58.1087
14891.0000 0.1328 76.8962 48.0000 33.2813 37.5279 58.2841
14892.0000 0.1378 77.1521 48.0000 33.1188 37.5460 58.7017
14893.0000 0.1392 77.0618 48.0000 32.9628 37.5086 58.6948
14894.0000 0.1450 76.9937 48.0000 32.4599 37.5162 58.8806
14895.0000 0.1484 77.1774 48.0000 32.4464 37.4394 59.1766
14896.0000 0.1468 76.9953 48.0000 32.5334 37.3076 58.9746
14897.0000 0.1382 76.7512 48.0000 32.6648 37.6063 58.3911
14898.0000 0.1448 76.7528 48.0000 32.0011 37.7783 58.6492
14899.0000 0.1338 76.4475 48.0000 32.4256 37.9059 57.9305
14900.0000 0.1402 76.2338 48.0000 32.1214 37.5239 58.0669
14901.0000 0.1435 76.5705 48.0000 32.2454 37.4580 58.4823
14902.0000 0.1341 76.5636 48.0000 32.4438 37.9748 58.0284
14903.0000 0.1340 76.4516 48.0000 32.3338 37.9930 57.9302
14904.0000 0.1314 76.2384 48.0000 32.1183 38.2173 57.6208
14905.0000 0.1359 76.3926 48.0000 32.0690 38.0623 57.9540
14906.0000 0.1341 76.2528 48.0000 31.6501 38.5008 57.7100
14907.0000 0.1340 76.2984 48.0000 31.5759 38.6273 57.7265
14908.0000 0.1419 76.5531 48.0000 31.4844 38.3393 58.3027
14909.0000 0.1397 76.0816 48.0000 31.2063 38.3589 57.8202
14910.0000 0.1429 76.4012 48.0000 31.2166 38.3960 58.2100
14911.0000 0.1412 76.4086 48.0000 30.9142 38.8458 58.0826
14912.0000 0.1401 76.5617 48.0000 31.0961 38.8884 58.1585
14913.0000 0.1350 76.4473 48.0000 31.1885 39.0951 57.8191
14914.0000 0.1436 76.4423 48.0000 31.2729 38.3289 58.2779
14915.0000 0.1427 76.4294 48.0000 31.4885 38.1655 58.2522
14916.0000 0.1419 76.6531 48.0000 31.8572 38.0498 58.4212
14917.0000 0.1391 76.5398 48.0000 31.6153 38.4094 58.1681
14918.0000 0.1370 76.7053 48.0000 31.9036 38.4343 58.2122
14919.0000 0.1381 76.9601 48.0000 32.4287 38.0438 58.5141
14920.0000 0.1402 77.3190 48.0000 32.5214 38.1197 58.8853
14921.0000 0.1374 77.5396 48.0000 32.8978 38.1579 58.9414
14922.0000 0.1418 77.7592 48.0000 33.2001 37.7121 59.3468
14923.0000 0.1390 77.6011 48.0000 33.2947 37.6819 59.1056
14924.0000 0.1457 77.9006 48.0000 32.7767 37.9670 59.6045
14925.0000 0.1440 77.8587 48.0000 32.8630 37.9729 59.4984
14926.0000 0.1386 77.9708 48.0000 33.5471 37.7969 59.3753
14927.0000 0.1381 78.0948 48.0000 33.4169 38.0873 59.4261
14928.0000 0.1383 78.1123 48.0000 33.1651 38.3475 59.4229
14929.0000 0.1358 78.0804 48.0000 33.7305 37.9310 59.3299
14930.0000 0.1311 77.9985 48.0000 33.8305 38.1266 59.0391
14931.0000 0.1372 77.9670 48.0000 33.4275 38.0272 59.2907
14932.0000 0.1408 78.1474 48.0000 33.2653 38.0754 59.5878
14933.0000 0.1363 78.1888 48.0000 33.4118 38.3222 59.4015
14934.0000 0.1383 78.0206 48.0000 33.4267 37.9885 59.3864
14935.0000 0.1457 78.2527 48.0000 33.5226 37.5356 59.9232
14936.0000 0.1475 78.4890 48.0000 33.4900 37.6492 60.1787
14937.0000 0.1493 78.5392 48.0000 33.3932 37.6541 60.2950
14938.0000 0.1481 78.1091 48.0000 33.2596 37.4861 59.9134
14939.0000 0.1533 77.9398 48.0000 33.0623 37.1423 60.0163
14940.0000 0.1534 77.6501 48.0000 32.8037 37.1323 59.7884
14941.0000 0.1496 77.9658 48.0000 33.1633 37.3412 59.8707
14942.0000 0.1582 78.2510 48.0000 32.9349 37.1858 60.4625
14943.0000 0.0951 82.3214 49.0000 34.3284 45.1364 59.6747
14944.0000 0.1559 78.0822 48.0000 32.7628 37.3777 60.2190
14945.0000 0.1552 78.3553 48.0000 32.5883 37.8518 60.3721
14946.0000 0.1573 78.4723 48.0000 32.3069 38.0835 60.5294
14947.0000 0.1562 78.4013 48.0000 32.0001 38.4123 60.3926
14948.0000 0.1589 78.0855 48.0000 32.3260 37.5956 60.3238
14949.0000 0.1525 78.2891 48.0000 32.7776 37.8087 60.2106
14950.0000 0.1489 78.2867 48.0000 32.7881 38.0657 60.0395
14951.0000 0.1557 78.3456 48.0000 32.8521 37.5392 60.4118
14952.0000 0.1565 78.2479 48.0000 33.4655 36.7821 60.4141
14953.0000 0.1571 78.1554 48.0000 33.4173 36.7011 60.3704
14954.0000 0.1030 81.4438 49.0000 34.8947 42.7812 59.8768
14955.0000 0.1074 81.0152 49.0000 34.7665 42.0730 59.8717
14956.0000 0.1090 81.1543 49.0000 34.5480 42.2906 60.0330
14957.0000 0.1162 81.3687 49.0000 34.7352 41.6409 60.6660
14958.0000 0.1101 80.9738 49.0000 34.6890 41.8613 60.0089
14959.0000 0.1113 80.5842 49.0000 34.3483 41.7380 59.7658
14960.0000 0.1555 77.5377 48.0000 32.8281 36.8541 59.8012
14961.0000 0.1590 77.4612 48.0000 32.7205 36.6347 59.8958
14962.0000 0.1149 79.9804 49.0000 33.5491 41.6809 59.4476
14963.0000 0.1243 80.3624 49.0000 33.5505 41.2120 60.2832
14964.0000 0.1271 80.5427 49.0000 33.6442 41.0379 60.5896
14965.0000 0.1271 80.2325 49.0000 33.9086 40.4734 60.4100
14966.0000 0.1276 80.1688 49.0000 34.2023 40.0617 60.4342
14967.0000 0.1256 80.2581 49.0000 34.0800 40.4462 60.3657
14968.0000 0.1300 80.0070 49.0000 33.8972 40.0297 60.4130
14969.0000 0.1238 79.6389 49.0000 34.0856 40.0015 59.8365
14970.0000 0.1229 80.0722 49.0000 34.1114 40.4676 60.0861
14971.0000 0.1218 80.1625 49.0000 34.1618 40.5926 60.0936
14972.0000 0.1212 80.7248 49.0000 34.6508 40.6715 60.5115
14973.0000 0.1139 80.9507 49.0000 34.9727 41.1940 60.2741
14974.0000 0.1122 81.4922 49.0000 34.9286 41.9148 60.5320
14975.0000 0.1099 81.4520 49.0000 34.9535 42.0663 60.3582
14976.0000 0.1082 81.0053 49.0000 35.0849 41.6416 59.9741
14977.0000 0.0988 81.2125 49.0000 35.5545 42.2336 59.5623
14978.0000 0.1077 81.4308 49.0000 35.3836 41.7876 60.2725
14979.0000 0.1116 81.6900 49.0000 34.9758 42.1168 60.6311
14980.0000 0.1090 81.3689 49.0000 34.9135 42.1068 60.2408
14981.0000 0.1519 78.4928 48.0000 34.8678 35.9390 60.4462
14982.0000 0.1029 81.0844 49.0000 35.0182 42.2933 59.6630
14983.0000 0.1065 80.6460 49.0000 34.7693 41.7919 59.5678
14984.0000 0.1084 80.9365 49.0000 34.9430 41.7102 59.9163
14985.0000 0.1127 81.1030 49.0000 34.9425 41.4762 60.3029
14986.0000 0.1053 80.9187 49.0000 35.4755 41.4072 59.7894
14987.0000 0.1078 81.1714 49.0000 35.2781 41.6403 60.0861
14988.0000 0.1063 80.9505 49.0000 35.3694 41.4654 59.8549
14989.0000 0.0956 80.7800 49.0000 35.6780 41.9833 59.0753
14990.0000 0.0983 80.8392 49.0000 35.5231 41.9412 59.2792
14991.0000 0.0885 80.6991 49.0000 35.7281 42.5545 58.5232
14992.0000 0.0894 80.5960 49.0000 36.2005 41.8407 58.6054
14993.0000 0.0902 81.0625 49.0000 35.8934 42.5618 58.9176
14994.0000 0.0830 80.3256 49.0000 36.2456 42.1631 57.9719
14995.0000 0.0867 79.9796 49.0000 36.0874 41.6103 57.9916
14996.0000 0.0891 79.8199 49.0000 36.0257 41.2788 58.0467
14997.0000 0.0859 79.6232 49.0000 36.1597 41.2501 57.7128
14998.0000 0.0889 79.7552 49.0000 36.0762 41.1707 58.0032
14999.0000 0.0891 79.7262 49.0000 35.5064 41.7478 57.9024
15000.0000 0.0942 79.4690 49.0000 35.6440 40.8456 58.1073
15001.0000 0.1055 79.4710 49.0000 34.9338 40.5539 58.7422
15002.0000 0.1004 79.0001 49.0000 35.4251 40.0385 58.1635
15003.0000 0.1002 78.7677 49.0000 34.9864 40.2899 57.9398
15004.0000 0.1072 79.1345 49.0000 34.8412 40.1668 58.6088
15005.0000 0.1027 79.0947 49.0000 35.1359 40.2237 58.3396
15006.0000 0.1012 78.9109 49.0000 35.4600 39.8362 58.1601
15007.0000 0.1058 78.9086 49.0000 35.0034 39.9047 58.3862
15008.0000 0.0991 79.0403 49.0000 35.5753 40.0327 58.1304
15009.0000 0.0981 78.8614 49.0000 35.7033 39.8171 57.9569
15010.0000 0.1055 78.9434 49.0000 34.9933 39.9797 58.3880
15011.0000 0.1261 77.0872 48.0000 33.7287 37.7767 58.1182
15012.0000 0.0987 78.6324 49.0000 34.7122 40.5944 57.7079
15013.0000 0.0931 78.4954 49.0000 34.8549 40.8325 57.2657
15014.0000 0.0895 78.4908 49.0000 35.0850 40.9201 57.0560
15015.0000 0.1200 76.6679 48.0000 34.1123 37.4768 57.5309
15016.0000 0.1214 76.4517 48.0000 34.2265 37.0450 57.4550
15017.0000 0.0945 78.5231 49.0000 34.7640 40.8258 57.3638
15018.0000 0.0903 78.7472 49.0000 34.5433 41.7063 57.1705
15019.0000 0.0890 78.7284 49.0000 34.6038 41.7490 57.0768
15020.0000 0.0833 78.2631 49.0000 35.0067 41.3981 56.4433
15021.0000 0.0861 78.6178 49.0000 34.7356 41.7810 56.8204
15022.0000 0.0885 78.6200 49.0000 34.7372 41.5410 56.9980
15023.0000 0.0928 78.8689 49.0000 34.6418 41.4677 57.4516
15024.0000 0.0917 78.7799 49.0000 34.5940 41.5358 57.3089
15025.0000 0.0880 78.8237 49.0000 34.7450 41.7909 57.0918
15026.0000 0.0911 79.0759 49.0000 34.7183 41.7644 57.4750
15027.0000 0.1161 76.8978 48.0000 34.3944 37.7271 57.5062
15028.0000 0.0847 78.7013 49.0000 34.7798 41.9644 56.7736
15029.0000 0.0814 78.7014 49.0000 35.1264 41.9116 56.5991
15030.0000 0.0799 78.5916 49.0000 35.0353 42.0621 56.3910
15031.0000 0.0787 78.1980 49.0000 35.2757 41.5071 56.1045
15032.0000 0.1025 76.1459 48.0000 34.6484 37.8807 56.2383
15033.0000 0.1009 75.9105 48.0000 34.7624 37.6695 55.9911
15034.0000 0.0756 78.7525 49.0000 35.6583 41.9728 56.2914
15035.0000 0.0728 78.6737 49.0000 35.8612 41.9637 56.0587
15036.0000 0.0727 78.8067 49.0000 35.6740 42.3387 56.0829
15037.0000 0.0819 79.0211 49.0000 35.0331 42.2996 56.8134
15038.0000 0.0850 79.5432 49.0000 35.2973 42.2170 57.4365
15039.0000 0.0860 79.6780 49.0000 35.5528 41.9627 57.6517
15040.0000 0.0871 79.1195 49.0000 35.3204 41.5384 57.3317
15041.0000 0.0902 79.0282 49.0000 34.9857 41.5062 57.4343
15042.0000 0.0846 78.7761 49.0000 35.3303 41.4317 56.9286
15043.0000 0.0820 79.1607 49.0000 35.4004 42.0110 56.9939
15044.0000 0.0853 79.0615 49.0000 34.7262 42.3299 57.0350
15045.0000 0.0841 78.6452 49.0000 34.5746 42.2063 56.6417
15046.0000 0.0838 78.4657 49.0000 34.7488 41.8486 56.5516
15047.0000 0.0821 78.4498 49.0000 35.0958 41.6073 56.4932
15048.0000 0.0836 78.3414 49.0000 34.6884 41.8031 56.4499
15049.0000 0.0787 78.2551 49.0000 34.6613 42.2759 55.9930
15050.0000 0.0784 77.8337 49.0000 34.5821 41.9542 55.6957
15051.0000 0.0847 77.8846 49.0000 34.5609 41.3619 56.2206
15052.0000 0.0902 77.9046 49.0000 34.1623 41.2840 56.5482
15053.0000 0.0886 77.9664 49.0000 34.5083 41.1103 56.5497
15054.0000 0.0863 78.2947 49.0000 34.6170 41.5643 56.6050
15055.0000 0.1034 76.0405 48.0000 34.6260 37.7224 56.2157
15056.0000 0.0855 77.7482 49.0000 34.6518 41.0375 56.2135
15057.0000 0.1118 76.2051 48.0000 34.3924 37.4177 56.7828
15058.0000 0.0928 77.8439 49.0000 34.4987 40.5956 56.7584
15059.0000 0.0932 78.0979 49.0000 34.5630 40.7416 56.9631
15060.0000 0.1170 76.2758 48.0000 34.7337 36.7126 57.1293
15061.0000 0.1082 76.0463 48.0000 35.0264 36.9161 56.5101
15062.0000 0.1114 76.1447 48.0000 34.4419 37.3480 56.7176
15063.0000 0.0963 78.5301 49.0000 34.5888 40.8494 57.4623
15064.0000 0.1041 79.1050 49.0000 34.4069 40.8871 58.3269
15065.0000 0.1064 79.1169 49.0000 34.5857 40.4962 58.5096
15066.0000 0.1125 79.1590 49.0000 34.5328 40.0526 58.9017
15067.0000 0.1046 79.0226 49.0000 34.9636 40.1626 58.3873
15068.0000 0.1035 79.0022 49.0000 35.6581 39.5100 58.3850
15069.0000 0.1160 76.7383 48.0000 35.6963 36.2578 57.4449
15070.0000 0.1050 79.4032 49.0000 35.8045 39.6199 58.7636
15071.0000 0.1015 79.6952 49.0000 36.2883 39.7112 58.8006
15072.0000 0.1108 77.0140 48.0000 36.1920 36.4433 57.3862
15073.0000 0.1167 77.0629 48.0000 35.3636 36.8430 57.7122
15074.0000 0.1081 79.4846 49.0000 36.2007 39.0138 59.0359
15075.0000 0.1175 79.8608 49.0000 35.9111 38.8655 59.8131
15076.0000 0.1223 77.1379 48.0000 34.9289 36.9057 58.0362
15077.0000 0.1191 80.0924 49.0000 35.6742 39.1918 60.0512
15078.0000 0.1105 79.9876 49.0000 35.9468 39.5497 59.5119
15079.0000 0.1105 79.8534 49.0000 35.7271 39.6451 59.4004
15080.0000 0.1136 79.8587 49.0000 35.8506 39.2515 59.5942
15081.0000 0.1072 80.2263 49.0000 36.3580 39.6430 59.5212
15082.0000 0.1104 79.8981 49.0000 36.2319 39.1810 59.4626
15083.0000 0.1118 80.4249 49.0000 36.7192 39.0554 59.9544
15084.0000 0.1117 80.6062 49.0000 36.7603 39.1945 60.0819
15085.0000 0.1152 77.9936 48.0000 35.7963 37.4101 58.3277
15086.0000 0.1197 81.5547 49.0000 37.3501 38.8142 61.2339
15087.0000 0.1150 81.0491 49.0000 36.9409 39.1499 60.5938
15088.0000 0.1078 77.2530 48.0000 35.5767 37.5371 57.3872
15089.0000 0.1170 77.5574 48.0000 35.1497 37.5053 58.0775
15090.0000 0.1263 77.7998 48.0000 35.0578 37.0739 58.7306
15091.0000 0.1317 77.7088 48.0000 34.6060 37.0190 58.9124
15092.0000 0.1276 77.7378 48.0000 34.8313 37.1429 58.7397
15093.0000 0.1212 77.5341 48.0000 35.2285 37.0623 58.2828
15094.0000 0.1211 77.3409 48.0000 35.0409 37.0805 58.1273
15095.0000 0.1204 77.1511 48.0000 34.9633 37.0354 57.9503
15096.0000 0.1238 77.0567 48.0000 34.7165 36.9287 58.0411
15097.0000 0.1196 76.7713 48.0000 34.5676 37.1419 57.6141
15098.0000 0.1232 76.7382 48.0000 33.7804 37.6304 57.7199
15099.0000 0.1174 79.6384 49.0000 36.9524 37.6042 59.6885
15100.0000 0.1167 76.4895 48.0000 34.3794 37.3049 57.2455
15101.0000 0.1115 75.9785 48.0000 34.2705 37.3540 56.5946
15102.0000 0.1013 79.2495 49.0000 36.6306 38.9397 58.5011
15103.0000 0.1077 76.4214 48.0000 34.7047 37.6491 56.7305
15104.0000 0.1036 79.4030 49.0000 36.8331 38.6801 58.7537
15105.0000 0.1031 79.6694 49.0000 36.7260 39.0882 58.9111
15106.0000 0.1123 77.1890 48.0000 34.3017 38.4142 57.4969
15107.0000 0.0941 79.7570 49.0000 37.0037 39.7021 58.4435
15108.0000 0.1020 79.8177 49.0000 36.4902 39.5749 58.9335
15109.0000 0.1105 80.6367 49.0000 36.7502 39.3465 60.0297
15110.0000 0.1100 80.7379 49.0000 37.0473 39.1804 60.0916
15111.0000 0.1015 81.2261 49.0000 37.2525 40.1979 59.9504
15112.0000 0.1064 82.0762 49.0000 37.8721 39.9325 60.8901
15113.0000 0.1148 78.2227 48.0000 34.4766 39.0156 58.3776
15114.0000 0.1030 81.5106 49.0000 37.6262 39.9481 60.2694
15115.0000 0.1102 81.4431 49.0000 37.6188 39.2477 60.6417
15116.0000 0.1199 78.1697 48.0000 34.5622 38.4431 58.6352
15117.0000 0.1248 77.8217 48.0000 34.0209 38.2746 58.5991
15118.0000 0.1224 77.8370 48.0000 34.0603 38.4453 58.4846
15119.0000 0.1248 77.9615 48.0000 33.8801 38.5467 58.6880
15120.0000 0.1259 77.9474 48.0000 33.5879 38.7503 58.7031
15121.0000 0.1305 78.3248 48.0000 33.4635 38.8532 59.2064
15122.0000 0.1067 81.6336 49.0000 37.4221 39.9475 60.5627
15123.0000 0.1358 78.5043 48.0000 33.4809 38.5833 59.6094
15124.0000 0.1209 81.4734 49.0000 36.0054 40.0054 61.1645
15125.0000 0.1349 78.4056 48.0000 33.1145 38.9395 59.4524
15126.0000 0.1166 81.1741 49.0000 35.8478 40.2541 60.6941
15127.0000 0.1389 78.4534 48.0000 32.7406 39.0437 59.6538
15128.0000 0.1193 81.0830 49.0000 35.9193 39.8577 60.7916
15129.0000 0.1137 81.0372 49.0000 36.3393 39.8687 60.4728
15130.0000 0.1158 81.3023 49.0000 36.1464 40.1326 60.7690
15131.0000 0.1087 81.4821 49.0000 36.6611 40.4045 60.5209
15132.0000 0.1193 81.6777 49.0000 36.4443 39.8788 61.2596
15133.0000 0.1190 82.0025 49.0000 36.2325 40.4314 61.4566
15134.0000 0.1215 82.4842 49.0000 36.3944 40.5055 61.9548
15135.0000 0.1186 82.2947 49.0000 36.3883 40.5821 61.6555
15136.0000 0.1234 82.3173 49.0000 36.3373 40.2412 61.9386
15137.0000 0.1441 78.9234 48.0000 32.0856 39.7366 60.1699
15138.0000 0.1358 78.8257 48.0000 32.2432 40.1536 59.6788
15139.0000 0.1087 81.5405 49.0000 36.6352 40.4853 60.5612
15140.0000 0.1351 78.5674 48.0000 32.8482 39.3468 59.5455
15141.0000 0.1348 78.6978 48.0000 32.6925 39.6507 59.6017
15142.0000 0.1352 78.6766 48.0000 33.0584 39.2226 59.6551
15143.0000 0.1298 78.4149 48.0000 33.2719 39.1991 59.2055
15144.0000 0.1064 81.3957 49.0000 37.1329 40.0429 60.3570
15145.0000 0.1089 81.4555 49.0000 37.3509 39.6480 60.5635
15146.0000 0.1358 78.0483 48.0000 32.8191 38.8332 59.2151
15147.0000 0.1076 81.3030 49.0000 36.8577 40.1222 60.3481
15148.0000 0.1380 78.1255 48.0000 33.0246 38.5221 59.4055
15149.0000 0.1175 81.2315 49.0000 36.0475 40.0203 60.8072
15150.0000 0.1197 81.2104 49.0000 36.1730 39.6820 60.9260
15151.0000 0.1225 81.3646 49.0000 36.0533 39.7182 61.1786
15152.0000 0.1203 81.2668 49.0000 35.8582 40.0059 60.9754
15153.0000 0.1309 77.9431 48.0000 33.6906 38.2379 58.9740
15154.0000 0.1285 80.9483 49.0000 35.5391 39.3459 61.1677
15155.0000 0.1275 81.0195 49.0000 35.6744 39.3578 61.1757
15156.0000 0.1345 77.8411 48.0000 32.7384 38.8326 58.9870
15157.0000 0.1354 78.1425 48.0000 33.0033 38.7660 59.2809
15158.0000 0.1332 78.1401 48.0000 33.0059 38.9337 59.1663
15159.0000 0.1342 78.1791 48.0000 32.6040 39.3073 59.1936
15160.0000 0.1325 78.2893 48.0000 33.0324 39.1101 59.2324
15161.0000 0.1237 80.8304 49.0000 35.4401 39.7421 60.8122
15162.0000 0.1277 80.8877 49.0000 35.4776 39.4204 61.0753
15163.0000 0.1332 81.0446 49.0000 35.1343 39.4604 61.4547
15164.0000 0.1285 80.8193 49.0000 35.2915 39.4745 61.0576
15165.0000 0.1282 80.6564 49.0000 35.4462 39.1918 60.9345
15166.0000 0.1206 80.4972 49.0000 35.6800 39.4426 60.4237
15167.0000 0.1314 78.1905 48.0000 33.7994 38.3127 59.1903
15168.0000 0.1380 77.7839 48.0000 33.3791 37.8488 59.1916
15169.0000 0.1449 77.9815 48.0000 33.5806 37.2919 59.6889
15170.0000 0.1453 77.9327 48.0000 33.3458 37.4547 59.6549
15171.0000 0.1312 80.7931 49.0000 35.5115 39.0107 61.1933
15172.0000 0.1380 80.7710 49.0000 35.0996 38.8515 61.5023
15173.0000 0.1563 78.3571 48.0000 33.4544 36.9000 60.4898
15174.0000 0.1443 80.8200 49.0000 34.9511 38.5454 61.8429
15175.0000 0.1483 81.2285 49.0000 34.6252 38.9353 62.3154
15176.0000 0.1486 81.3054 49.0000 34.7108 38.8950 62.3931
15177.0000 0.1560 78.5742 48.0000 33.2238 37.3512 60.6216
15178.0000 0.1504 80.6316 49.0000 33.9152 38.9401 61.9265
15179.0000 0.1560 80.9253 49.0000 33.4659 39.2244 62.3729
15180.0000 0.1494 80.7568 49.0000 33.8306 39.2207 61.9587
15181.0000 0.1484 80.8110 49.0000 34.0889 39.0895 61.9708
15182.0000 0.1434 81.0505 49.0000 34.1961 39.5956 61.9031
15183.0000 0.1440 80.8640 49.0000 34.0119 39.5616 61.7824
15184.0000 0.1417 80.2168 49.0000 33.9489 39.2134 61.1924
15185.0000 0.1423 80.4791 49.0000 34.0573 39.3015 61.4197
15186.0000 0.1440 80.4187 49.0000 33.8429 39.3219 61.4460
15187.0000 0.1423 80.3450 49.0000 33.8930 39.3395 61.3105
15188.0000 0.1393 80.6619 49.0000 34.2177 39.5409 61.4167
15189.0000 0.1403 80.5078 49.0000 34.0111 39.5329 61.3344
15190.0000 0.1415 80.3999 49.0000 33.9881 39.3612 61.3160
15191.0000 0.1348 80.3105 49.0000 34.2767 39.5207 60.9344
15192.0000 0.1384 80.4835 49.0000 34.1321 39.5406 61.2302
15193.0000 0.1375 80.3897 49.0000 33.9735 39.6887 61.0992
15194.0000 0.1510 77.4815 48.0000 31.9767 37.9940 59.4754
15195.0000 0.1462 77.5066 48.0000 31.8779 38.4882 59.2430
15196.0000 0.1464 77.3965 48.0000 32.2622 37.9770 59.2209
15197.0000 0.1418 80.1500 49.0000 34.1741 38.9168 61.1689
15198.0000 0.1372 80.1740 49.0000 34.5746 38.9002 60.9855
15199.0000 0.1409 80.1908 49.0000 34.4844 38.7156 61.1759
15200.0000 0.1440 79.8777 49.0000 33.6458 39.0325 61.0317
15201.0000 0.1326 79.7196 49.0000 34.2407 39.1944 60.3870
15202.0000 0.1360 79.5493 49.0000 33.9565 39.0467 60.4186
15203.0000 0.1430 79.7277 49.0000 33.6215 38.9932 60.8739
15204.0000 0.1462 79.7552 49.0000 33.3111 39.0819 61.0235
15205.0000 0.1457 79.9902 49.0000 33.7261 38.9152 61.2094
15206.0000 0.1440 80.3416 49.0000 34.0037 39.0908 61.4039
15207.0000 0.1467 80.4277 49.0000 34.2298 38.7315 61.6183
15208.0000 0.1389 80.3101 49.0000 34.0637 39.4060 61.1272
15209.0000 0.1314 80.3739 49.0000 34.2768 39.8634 60.7944
15210.0000 0.1250 80.0558 49.0000 34.5716 39.7913 60.2526
15211.0000 0.1199 80.1810 49.0000 34.8948 40.0138 60.0852
15212.0000 0.1160 79.7824 49.0000 35.2779 39.5700 59.6232
15213.0000 0.1261 80.4053 49.0000 34.7478 39.8477 60.5786
15214.0000 0.1263 80.1196 49.0000 34.4063 39.9137 60.3511
15215.0000 0.1206 80.1637 49.0000 34.5914 40.2474 60.0817
15216.0000 0.1237 80.2150 49.0000 34.6658 39.9549 60.3021
15217.0000 0.1202 79.9923 49.0000 35.0334 39.6618 59.9864
15218.0000 0.1248 80.0766 49.0000 34.8717 39.5186 60.2869
15219.0000 0.1309 80.2051 49.0000 34.8325 39.1768 60.7020
15220.0000 0.1343 80.2911 49.0000 34.3337 39.4863 60.8991
15221.0000 0.1360 80.3379 49.0000 34.2131 39.5198 61.0068
15222.0000 0.1279 79.9537 49.0000 34.4615 39.5657 60.3287
15223.0000 0.1296 79.8130 49.0000 34.2860 39.4811 60.2979
15224.0000 0.1285 79.7540 49.0000 34.6839 39.1023 60.2390
15225.0000 0.1347 80.1129 49.0000 34.3069 39.3198 60.7871
15226.0000 0.1332 79.9787 49.0000 34.4571 39.1643 60.6255
15227.0000 0.1361 80.3605 49.0000 34.6209 39.1122 61.0691
15228.0000 0.1400 80.6436 49.0000 34.8255 38.8535 61.4897
15229.0000 0.1482 80.5983 49.0000 34.9246 38.0665 61.8651
15230.0000 0.1523 81.0075 49.0000 35.0969 37.9447 62.3748
15231.0000 0.1514 80.9580 49.0000 34.8139 38.2575 62.2780
15232.0000 0.1477 80.8102 49.0000 34.4826 38.7448 61.9684
15233.0000 0.1543 81.0066 49.0000 35.0403 37.8509 62.4624
15234.0000 0.1437 80.9754 49.0000 36.1060 37.5702 61.9826
15235.0000 0.1490 81.0938 49.0000 36.0285 37.3444 62.3182
15236.0000 0.1444 81.2693 49.0000 35.9054 37.9896 62.2277
15237.0000 0.1500 81.2959 49.0000 35.4989 37.9785 62.5019
15238.0000 0.1419 81.2633 49.0000 35.7812 38.3041 62.0985
15239.0000 0.1363 81.3909 49.0000 35.9090 38.7395 61.9216
15240.0000 0.1367 81.4532 49.0000 36.0070 38.6659 61.9924
15241.0000 0.1432 81.1542 49.0000 35.3901 38.4968 62.0608
15242.0000 0.1578 81.4503 49.0000 34.3902 38.6295 62.9224
15243.0000 0.1606 80.9431 49.0000 34.0292 38.3227 62.6511
15244.0000 0.1597 80.9212 49.0000 34.1186 38.2794 62.6007
15245.0000 0.1675 81.1524 49.0000 33.6824 38.3342 63.1007
15246.0000 0.1649 81.0965 49.0000 33.9190 38.2430 62.9573
15247.0000 0.1613 81.4167 49.0000 34.0432 38.6801 63.0364
15248.0000 0.1603 81.1873 49.0000 34.1048 38.4861 62.8256
15249.0000 0.1569 80.9001 49.0000 34.0382 38.5604 62.4446
15250.0000 0.1493 80.7291 49.0000 33.9656 39.0631 61.9484
15251.0000 0.1507 81.1156 49.0000 33.7751 39.4992 62.2799
15252.0000 0.1575 81.0479 49.0000 33.6379 39.0467 62.5509
15253.0000 0.1581 80.5647 49.0000 33.5394 38.6681 62.2138
15254.0000 0.1579 80.7167 49.0000 33.4087 38.9465 62.3074
15255.0000 0.1472 80.1264 49.0000 33.5162 39.1355 61.3622
15256.0000 0.1464 80.5507 49.0000 33.4130 39.6897 61.6175
15257.0000 0.1503 80.8427 49.0000 33.6077 39.4527 62.0448
15258.0000 0.1455 80.7928 49.0000 33.6454 39.7472 61.7708
15259.0000 0.1517 80.7750 49.0000 33.1346 39.7597 62.0151
15260.0000 0.1564 81.3133 49.0000 32.7534 40.2628 62.5938
15261.0000 0.1588 81.3195 49.0000 32.9917 39.8393 62.7474
15262.0000 0.1628 81.2343 49.0000 32.7084 39.7350 62.8514
15263.0000 0.1665 81.3579 49.0000 32.3467 39.9254 63.0774
15264.0000 0.1707 81.8174 49.0000 32.4090 39.9431 63.6262
15265.0000 0.1640 81.2183 49.0000 32.8181 39.5227 62.9074
15266.0000 0.1633 81.3932 49.0000 33.0228 39.5251 63.0247
15267.0000 0.1667 81.0910 49.0000 32.4028 39.6179 62.8985
15268.0000 0.1650 80.6438 49.0000 32.2002 39.5490 62.4696
15269.0000 0.1666 80.8583 49.0000 31.9749 39.8449 62.6743
15270.0000 0.1654 80.5648 49.0000 32.0362 39.6083 62.4143
15271.0000 0.1728 81.2408 49.0000 31.6973 39.9818 63.2203
15272.0000 0.1706 81.3451 49.0000 31.5579 40.3816 63.1700
15273.0000 0.1632 80.7923 49.0000 32.0524 39.9707 62.4691
15274.0000 0.1562 80.7140 49.0000 32.0895 40.4075 62.0664
15275.0000 0.1583 80.8396 49.0000 31.8234 40.6244 62.2252
15276.0000 0.1576 80.4446 49.0000 31.7252 40.4173 61.8973
15277.0000 0.1524 80.4538 49.0000 31.9075 40.6576 61.6579
15278.0000 0.1644 80.8844 49.0000 31.7158 40.2915 62.5539
15279.0000 0.1673 80.3081 49.0000 31.4279 39.8457 62.2414
15280.0000 0.1742 80.4811 49.0000 31.2363 39.6690 62.6727
15281.0000 0.1785 80.6020 49.0000 31.0017 39.6864 62.9331
15282.0000 0.1833 80.7555 49.0000 31.2038 39.2677 63.2915
15283.0000 0.1906 81.0146 49.0000 30.6632 39.4790 63.7538
15284.0000 0.1980 81.3681 49.0000 30.6414 39.2678 64.3421
15285.0000 0.1964 81.5123 49.0000 30.9275 39.2316 64.4098
15286.0000 0.1993 81.5325 49.0000 31.2948 38.6834 64.5893
15287.0000 0.1935 81.5119 49.0000 31.0848 39.2869 64.2998
15288.0000 0.1675 76.9650 48.0000 30.8100 37.4871 59.7417
15289.0000 0.1898 81.5922 49.0000 31.1609 39.5493 64.2039
15290.0000 0.1870 81.6948 49.0000 31.1862 39.8176 64.1562
15291.0000 0.1827 81.3874 49.0000 31.6324 39.4342 63.7828
15292.0000 0.1585 76.9968 48.0000 31.6747 37.3040 59.4444
15293.0000 0.1820 81.3865 49.0000 31.8118 39.3135 63.7669
15294.0000 0.1850 81.6225 49.0000 31.8194 39.2897 64.0787
15295.0000 0.1850 81.7326 49.0000 31.4603 39.7295 64.1251
15296.0000 0.1819 81.7679 49.0000 31.6587 39.7998 64.0288
15297.0000 0.1678 81.4429 49.0000 31.8386 40.4073 63.1388
15298.0000 0.1741 81.6926 49.0000 31.6534 40.3219 63.6072
15299.0000 0.1772 81.1312 49.0000 31.5562 39.6989 63.3283
15300.0000 0.1751 80.9322 49.0000 31.5352 39.7027 63.0813
15301.0000 0.1765 81.7445 49.0000 31.4205 40.4166 63.7293
15302.0000 0.1804 81.8435 49.0000 31.0347 40.5898 63.9349
15303.0000 0.1722 81.5120 49.0000 31.1546 40.8064 63.3121
15304.0000 0.1719 82.0141 49.0000 31.3201 41.1046 63.6849
15305.0000 0.1815 81.9711 49.0000 30.9039 40.7417 64.0651
15306.0000 0.1776 82.0262 49.0000 31.1656 40.8322 63.9510
15307.0000 0.1719 77.4041 48.0000 30.8111 37.5558 60.2631
15308.0000 0.1860 82.3107 49.0000 30.8847 40.7191 64.5224
15309.0000 0.1791 82.0939 49.0000 30.8201 41.1155 64.0239
15310.0000 0.1687 77.5553 48.0000 30.6672 38.0651 60.2113
15311.0000 0.1763 82.3346 49.0000 30.9283 41.4285 64.0789
15312.0000 0.1736 82.1798 49.0000 31.2975 41.1397 63.8867
15313.0000 0.1740 82.5158 49.0000 31.3331 41.3713 64.1522
15314.0000 0.1647 77.6948 48.0000 30.6562 38.4896 60.1268
15315.0000 0.1663 77.8916 48.0000 30.7632 38.4378 60.3595
15316.0000 0.1769 82.1272 49.0000 31.0163 41.1200 63.9689
15317.0000 0.1643 77.6269 48.0000 30.5586 38.5595 60.0440
15318.0000 0.1814 82.1647 49.0000 30.7434 41.0770 64.1760
15319.0000 0.1772 81.8976 49.0000 30.8739 41.0342 63.7982
15320.0000 0.1840 81.9137 49.0000 31.0960 40.3152 64.1684
15321.0000 0.1801 81.5954 49.0000 31.4654 39.9733 63.7956
15322.0000 0.1851 81.5511 49.0000 31.6951 39.3368 64.0205
15323.0000 0.1774 81.7398 49.0000 31.9247 39.8517 63.8283
15324.0000 0.1827 81.3113 49.0000 31.4337 39.5667 63.7019
15325.0000 0.1824 81.1669 49.0000 30.9106 39.9728 63.5199
15326.0000 0.1680 77.5361 48.0000 30.8258 37.9412 60.1837
15327.0000 0.1651 77.5523 48.0000 31.0107 37.9803 60.0849
15328.0000 0.1782 80.6195 49.0000 31.5824 39.1475 63.0042
15329.0000 0.1561 77.0550 48.0000 31.3658 37.8452 59.3414
15330.0000 0.1591 77.1378 48.0000 31.2588 37.8009 59.5333
15331.0000 0.1626 76.9865 48.0000 31.0523 37.6219 59.5590
15332.0000 0.1562 76.9391 48.0000 31.1197 37.9793 59.2348
15333.0000 0.1542 76.7884 48.0000 31.3974 37.7154 59.0611
15334.0000 0.1522 76.8486 48.0000 31.1873 38.1315 58.9835
15335.0000 0.1536 76.8632 48.0000 31.3544 37.8664 59.0846
15336.0000 0.1544 76.9570 48.0000 31.3568 37.8937 59.1878
15337.0000 0.1611 77.1479 48.0000 31.3060 37.6211 59.6355
15338.0000 0.1839 80.6788 49.0000 32.3615 38.0174 63.3757
15339.0000 0.1768 80.8620 49.0000 32.5589 38.5006 63.2162
15340.0000 0.1775 81.0274 49.0000 32.5967 38.5609 63.3715
15341.0000 0.1757 80.9352 49.0000 33.1348 38.0797 63.2655
15342.0000 0.1737 81.2537 49.0000 33.2174 38.4219 63.4233
15343.0000 0.1708 80.6369 49.0000 33.3997 37.9164 62.8420
15344.0000 0.1703 80.7184 49.0000 33.4938 37.9265 62.8905
15345.0000 0.1751 81.2998 49.0000 33.6356 37.9472 63.5477
15346.0000 0.1778 81.1863 49.0000 33.5624 37.7191 63.5771
15347.0000 0.1863 81.2251 49.0000 33.3724 37.3225 63.9596
15348.0000 0.1762 80.8907 49.0000 33.3631 37.7785 63.2692
15349.0000 0.1799 80.6858 49.0000 33.2754 37.4149 63.2699
15350.0000 0.1795 80.6717 49.0000 32.8441 37.8583 63.2134
15351.0000 0.1774 80.9530 49.0000 32.6813 38.4169 63.3203
15352.0000 0.1508 76.5663 48.0000 32.2443 36.9100 58.8248
15353.0000 0.1801 80.8294 49.0000 33.0078 37.7862 63.3725
15354.0000 0.1461 76.4354 48.0000 32.2703 37.1154 58.5102
15355.0000 0.1731 79.9596 49.0000 33.1004 37.4428 62.4174
15356.0000 0.1757 80.0531 49.0000 33.1176 37.3190 62.6021
15357.0000 0.1452 76.5587 48.0000 32.2939 37.2692 58.5605
15358.0000 0.1822 81.1866 49.0000 33.2290 37.7316 63.7450
15359.0000 0.1831 80.8941 49.0000 33.1252 37.5111 63.5571
15360.0000 0.1820 80.3106 49.0000 32.8633 37.3449 63.0489
15361.0000 0.1716 79.9138 49.0000 33.3542 37.2605 62.3328
15362.0000 0.1776 80.0871 49.0000 33.1319 37.2022 62.7074
15363.0000 0.1768 80.4356 49.0000 33.0515 37.6449 62.9313
15364.0000 0.1710 80.5529 49.0000 33.2537 37.9732 62.7774
15365.0000 0.1631 80.6467 49.0000 33.2293 38.6673 62.4863
15366.0000 0.1564 80.5765 49.0000 33.3145 39.0323 62.1224
15367.0000 0.1517 80.5478 49.0000 33.7524 38.9289 61.9134
15368.0000 0.1475 80.6636 49.0000 34.0513 39.0589 61.8184
15369.0000 0.1545 80.9715 49.0000 33.7339 39.1125 62.3588
15370.0000 0.1582 80.7708 49.0000 33.9631 38.4206 62.4042
15371.0000 0.1600 80.3646 49.0000 33.6100 38.2730 62.1612
15372.0000 0.1625 80.0606 49.0000 33.4302 37.9888 62.0401
15373.0000 0.1644 80.5151 49.0000 33.6182 38.0673 62.4771
15374.0000 0.1612 80.4300 49.0000 34.1152 37.7344 62.2997
15375.0000 0.1592 80.1988 49.0000 34.1528 37.6382 62.0386
15376.0000 0.1605 80.2162 49.0000 33.9658 37.7406 62.1016
15377.0000 0.1596 79.9271 49.0000 34.1464 37.3698 61.8536
15378.0000 0.1616 80.2083 49.0000 34.6304 36.9870 62.1777
15379.0000 0.1641 80.1423 49.0000 34.1409 37.2313 62.2176
15380.0000 0.1585 79.7467 49.0000 33.8586 37.5837 61.6489
15381.0000 0.1565 79.7236 49.0000 34.1912 37.3798 61.5594
15382.0000 0.1559 80.0504 49.0000 34.3824 37.5277 61.7867
15383.0000 0.1585 80.3720 49.0000 34.4128 37.5835 62.1522
15384.0000 0.1499 80.1427 49.0000 34.5370 37.9081 61.5875
15385.0000 0.1567 80.0007 49.0000 33.9929 37.8105 61.7654
15386.0000 0.1543 79.9117 49.0000 34.0752 37.8330 61.5908
15387.0000 0.1588 80.0711 49.0000 33.7118 37.9994 61.8946
15388.0000 0.1381 76.9483 48.0000 33.7160 36.7223 58.6152
15389.0000 0.1583 79.6847 49.0000 34.0246 37.3740 61.6049
15390.0000 0.1617 79.7841 49.0000 34.3865 36.8490 61.8483
15391.0000 0.1590 79.5011 49.0000 34.2732 36.9120 61.5084
15392.0000 0.1635 79.5202 49.0000 34.4795 36.3892 61.7289
15393.0000 0.1632 79.5376 49.0000 34.2124 36.6913 61.7210
15394.0000 0.1655 79.6710 49.0000 34.4693 36.3807 61.9336
15395.0000 0.1608 79.3711 49.0000 34.7153 36.2207 61.5034
15396.0000 0.1715 79.4865 49.0000 34.6270 35.6270 62.0467
15397.0000 0.1678 79.3007 49.0000 34.3076 36.0484 61.7422
15398.0000 0.1690 79.2217 49.0000 34.2073 35.9896 61.7307
15399.0000 0.1735 79.5701 49.0000 33.9293 36.2533 62.1763
15400.0000 0.1807 79.9499 49.0000 33.9284 36.0684 62.7688
15401.0000 0.1700 79.4697 49.0000 33.8565 36.4897 61.9490
15402.0000 0.1685 79.3619 49.0000 33.9853 36.3732 61.8086
15403.0000 0.1786 79.7888 49.0000 34.1008 35.9042 62.5642
15404.0000 0.1830 79.8613 49.0000 33.5215 36.2321 62.7804
15405.0000 0.1536 76.6302 48.0000 33.3153 35.6832 59.0676
15406.0000 0.1761 80.1056 49.0000 33.9157 36.5447 62.6986
15407.0000 0.1774 80.4219 49.0000 33.9775 36.6650 62.9992
15408.0000 0.1722 80.4469 49.0000 34.5662 36.4841 62.8155
15409.0000 0.1555 77.6530 48.0000 33.8895 35.8948 59.9420
15410.0000 0.1588 77.6800 48.0000 33.9028 35.6657 60.1061
15411.0000 0.1796 80.8406 49.0000 34.3569 36.5012 63.4229
15412.0000 0.1822 80.8994 49.0000 34.1425 36.5721 63.5726
15413.0000 0.1911 81.1482 49.0000 33.7052 36.5859 64.1129
15414.0000 0.1903 80.9715 49.0000 33.6806 36.5146 63.9428
15415.0000 0.1886 80.6457 49.0000 33.7672 36.2701 63.6239
15416.0000 0.1871 80.4077 49.0000 33.6956 36.2417 63.3762
15417.0000 0.1894 80.5605 49.0000 33.5998 36.2997 63.5876
15418.0000 0.1893 80.7404 49.0000 33.4679 36.5962 63.7152
15419.0000 0.1905 80.5394 49.0000 32.9542 36.8460 63.5844
15420.0000 0.1922 80.7039 49.0000 32.4949 37.3148 63.7558
15421.0000 0.1930 80.6539 49.0000 32.6840 37.0326 63.7604
15422.0000 0.1993 80.9358 49.0000 32.6734 36.8419 64.2319
15423.0000 0.1873 80.6605 49.0000 33.0283 37.1008 63.5514
15424.0000 0.1914 80.8912 49.0000 33.0975 36.9400 63.9014
15425.0000 0.1888 80.8196 49.0000 33.1743 36.9914 63.7410
15426.0000 0.1953 81.1816 49.0000 33.4387 36.5786 64.2986
15427.0000 0.1961 81.4580 49.0000 33.5161 36.6794 64.5500
15428.0000 0.1698 77.9069 48.0000 33.2215 35.7546 60.7242
15429.0000 0.1852 80.9060 49.0000 33.4693 37.0337 63.6718
15430.0000 0.1948 81.3217 49.0000 33.0896 37.0776 64.3704
15431.0000 0.1728 78.4608 48.0000 32.7563 36.4884 61.2513
15432.0000 0.2003 82.0163 49.0000 32.9832 37.3823 65.1256
15433.0000 0.1972 81.8562 49.0000 32.9692 37.4829 64.8729
15434.0000 0.1702 78.4768 48.0000 32.4441 37.0016 61.1300
15435.0000 0.2010 82.0708 49.0000 32.9985 37.3683 65.1946
15436.0000 0.2035 81.8421 49.0000 32.8651 37.1274 65.1120
15437.0000 0.1740 78.8377 48.0000 33.0203 36.4772 61.5991
15438.0000 0.1713 78.6801 48.0000 33.0398 36.5130 61.3656
15439.0000 0.1973 82.6182 49.0000 33.6604 37.4460 65.5022
15440.0000 0.1976 82.6483 49.0000 33.4484 37.6585 65.5270
15441.0000 0.2012 81.9276 49.0000 33.1551 37.0735 65.1032
15442.0000 0.1932 81.6315 49.0000 32.7484 37.7928 64.5209
15443.0000 0.1959 81.6924 49.0000 32.6607 37.7349 64.6762
15444.0000 0.2036 82.5419 49.0000 32.8252 37.7508 65.6548
15445.0000 0.2044 82.2009 49.0000 32.4008 37.8181 65.3985
15446.0000 0.1986 81.8966 49.0000 32.7662 37.6127 64.9517
15447.0000 0.2010 82.1857 49.0000 32.8476 37.6136 65.2743
15448.0000 0.2008 81.6645 49.0000 32.5054 37.5175 64.8455
15449.0000 0.1983 81.2464 49.0000 32.4004 37.4385 64.4170
15450.0000 0.1976 81.3017 49.0000 32.0358 37.8900 64.4052
15451.0000 0.1888 80.8864 49.0000 32.3054 37.9020 63.7371
15452.0000 0.1990 80.9790 49.0000 31.6301 37.9123 64.1856
15453.0000 0.1733 77.7129 48.0000 31.5503 36.9920 60.6257
15454.0000 0.2050 80.4002 49.0000 31.4918 37.1400 63.9772
15455.0000 0.2038 80.3921 49.0000 31.3242 37.3821 63.9083
15456.0000 0.2022 80.0177 49.0000 31.2700 37.2280 63.5538
15457.0000 0.2008 80.1332 49.0000 31.0249 37.6593 63.5654
15458.0000 0.1983 80.2186 49.0000 31.2005 37.7345 63.5426
15459.0000 0.2013 80.3927 49.0000 31.3140 37.5620 63.8084
15460.0000 0.1971 80.4271 49.0000 31.4193 37.7805 63.6708
15461.0000 0.2051 80.7927 49.0000 31.3509 37.5969 64.2732
15462.0000 0.2047 80.9110 49.0000 31.0153 38.0533 64.3163
15463.0000 0.1966 80.6264 49.0000 31.4452 37.9634 63.8012
15464.0000 0.1981 80.3503 49.0000 31.3718 37.6940 63.6485
15465.0000 0.1879 80.3254 49.0000 31.5475 38.2241 63.2127
15466.0000 0.1861 80.4755 49.0000 31.9690 38.0723 63.2835
15467.0000 0.1794 80.2147 49.0000 31.4972 38.7946 62.7480
15468.0000 0.1832 80.3492 49.0000 31.2680 38.8606 62.9933
15469.0000 0.1777 80.1333 49.0000 31.3902 38.9523 62.5997
15470.0000 0.1724 80.2786 49.0000 32.0087 38.8568 62.5320
15471.0000 0.1751 80.3865 49.0000 31.6049 39.1554 62.6896
15472.0000 0.1778 80.5400 49.0000 31.7413 38.9505 62.9447
15473.0000 0.1783 80.0660 49.0000 31.5320 38.7080 62.5938
15474.0000 0.1703 80.0376 49.0000 31.7012 39.1092 62.2215
15475.0000 0.1789 80.5902 49.0000 31.6478 39.0095 63.0195
15476.0000 0.1761 80.1095 49.0000 31.8416 38.6055 62.5560
15477.0000 0.1734 80.2136 49.0000 31.7707 38.9680 62.5006
15478.0000 0.1782 79.6325 49.0000 31.6033 38.2669 62.2753
15479.0000 0.1745 79.6048 49.0000 31.7074 38.4137 62.0963
15480.0000 0.1832 79.6466 49.0000 31.0808 38.4326 62.4539
15481.0000 0.1936 80.0022 49.0000 31.2888 37.7953 63.1892
15482.0000 0.1877 80.0126 49.0000 31.1779 38.3279 62.9359
15483.0000 0.1894 80.1768 49.0000 31.1807 38.3449 63.1329
15484.0000 0.1925 80.0838 49.0000 31.3577 37.8779 63.2089
15485.0000 0.1938 79.9451 49.0000 31.0432 37.9703 63.1332
15486.0000 0.1914 80.1532 49.0000 31.7518 37.6268 63.2501
15487.0000 0.1971 80.2474 49.0000 31.5453 37.5069 63.5436
15488.0000 0.1969 80.2469 49.0000 31.8801 37.1973 63.5577
15489.0000 0.1980 80.0911 49.0000 31.7120 37.1485 63.4738
15490.0000 0.2016 80.4323 49.0000 31.9075 37.0019 63.8915
15491.0000 0.1987 80.2353 49.0000 31.9514 36.9924 63.6267
15492.0000 0.1912 80.1795 49.0000 32.3410 37.0918 63.3010
15493.0000 0.1895 80.0793 49.0000 32.4917 36.9724 63.1666
15494.0000 0.1847 79.9250 49.0000 32.2998 37.3696 62.8350
15495.0000 0.1847 80.1570 49.0000 32.3690 37.5032 63.0151
15496.0000 0.1875 80.2857 49.0000 32.1607 37.6157 63.2182
15497.0000 0.2013 80.5105 49.0000 31.6793 37.3060 63.9268
15498.0000 0.1998 80.5563 49.0000 31.9842 37.1520 63.9222
15499.0000 0.1918 80.3688 49.0000 32.3868 37.1667 63.4735
15500.0000 0.1801 80.2827 49.0000 32.6372 37.6807 62.9309
15501.0000 0.1893 80.4891 49.0000 32.0448 37.7765 63.4394
15502.0000 0.1892 80.5693 49.0000 32.4643 37.4465 63.5235
15503.0000 0.1865 80.6093 49.0000 32.3459 37.7874 63.4328
15504.0000 0.1792 80.5220 49.0000 32.6580 37.9286 63.0767
15505.0000 0.1778 80.2220 49.0000 32.4317 37.9930 62.7716
15506.0000 0.1801 80.3142 49.0000 32.3308 38.0049 62.9343
15507.0000 0.1813 80.1208 49.0000 32.0067 38.0762 62.8102
15508.0000 0.1830 79.9571 49.0000 31.6190 38.1857 62.7314
15509.0000 0.1843 79.7451 49.0000 31.3146 38.2092 62.5997
15510.0000 0.1798 79.8543 49.0000 31.8062 38.1464 62.5294
15511.0000 0.1786 79.7545 49.0000 31.9107 38.0447 62.4107
15512.0000 0.1741 79.8846 49.0000 32.4122 37.9910 62.3513
15513.0000 0.1768 80.0783 49.0000 32.4274 37.9437 62.6201
15514.0000 0.1754 79.8515 49.0000 32.1544 38.1195 62.3640
15515.0000 0.1735 79.8019 49.0000 32.0169 38.3548 62.2267
15516.0000 0.1811 79.4878 49.0000 31.2995 38.2315 62.2656
15517.0000 0.1853 79.6976 49.0000 31.1677 38.2393 62.5943
15518.0000 0.1882 79.7671 49.0000 31.0274 38.2319 62.7568
15519.0000 0.1870 79.5907 49.0000 31.3497 37.8514 62.6031
15520.0000 0.1907 80.0226 49.0000 30.8336 38.4615 63.0366
15521.0000 0.1921 79.9131 49.0000 30.5703 38.5213 62.9894
15522.0000 0.1899 79.6528 49.0000 30.7086 38.3247 62.7117
15523.0000 0.1921 80.1362 49.0000 30.7770 38.5146 63.1761
15524.0000 0.1862 79.8398 49.0000 30.7517 38.7045 62.6952
15525.0000 0.1945 79.9485 49.0000 30.6334 38.3194 63.1267
15526.0000 0.1931 80.0722 49.0000 30.6592 38.5035 63.1590
15527.0000 0.1885 80.0190 49.0000 30.8128 38.6317 62.9381
15528.0000 0.1829 79.8309 49.0000 30.7970 38.8953 62.5434
15529.0000 0.1920 80.2689 49.0000 30.6173 38.7868 63.2555
15530.0000 0.2018 80.5765 49.0000 30.2071 38.7497 63.8637
15531.0000 0.1966 80.5555 49.0000 30.5724 38.7475 63.6642
15532.0000 0.1946 80.2478 49.0000 30.7296 38.4790 63.3622
15533.0000 0.1993 80.2976 49.0000 30.9271 37.9943 63.6212
15534.0000 0.2006 79.8311 49.0000 30.8257 37.6081 63.3121
15535.0000 0.2018 79.5562 49.0000 30.7910 37.3319 63.1461
15536.0000 0.2028 79.6697 49.0000 30.6935 37.4498 63.2667
15537.0000 0.1983 79.5847 49.0000 30.5652 37.8120 63.0059
15538.0000 0.1978 79.1531 49.0000 30.5241 37.5249 62.6528
15539.0000 0.1948 79.3025 49.0000 30.8969 37.4974 62.6754
15540.0000 0.2002 79.5989 49.0000 30.8983 37.3722 63.1237
15541.0000 0.2010 79.4896 49.0000 30.9309 37.1902 63.0774
15542.0000 0.2027 79.4675 49.0000 30.7998 37.1827 63.1181
15543.0000 0.1919 79.3284 49.0000 31.0297 37.5950 62.5841
15544.0000 0.1959 79.5260 49.0000 30.9610 37.5449 62.8981
15545.0000 0.1894 79.3151 49.0000 31.0510 37.7384 62.4703
15546.0000 0.1803 79.2376 49.0000 31.1247 38.2457 62.0252
15547.0000 0.1834 79.5318 49.0000 31.2002 38.2030 62.3890
15548.0000 0.1716 79.2348 49.0000 31.4257 38.5825 61.6601
15549.0000 0.1618 79.2966 49.0000 31.7515 39.0412 61.2828
15550.0000 0.1600 79.4125 49.0000 31.8414 39.1871 61.2931
15551.0000 0.1632 79.7809 49.0000 31.7736 39.3412 61.7066
15552.0000 0.1685 80.0386 49.0000 31.6750 39.2676 62.1363
15553.0000 0.1687 79.8020 49.0000 31.4720 39.2492 61.9465
15554.0000 0.1684 79.7402 49.0000 31.1301 39.5551 61.8451
15555.0000 0.1664 79.4399 49.0000 31.0939 39.4776 61.5254
15556.0000 0.1691 79.3300 49.0000 31.0554 39.2121 61.5730
15557.0000 0.1663 78.9349 49.0000 30.7005 39.4314 61.1012
15558.0000 0.1663 79.0336 49.0000 30.4902 39.7286 61.1417
15559.0000 0.1589 79.0531 49.0000 30.8405 39.9606 60.8392
15560.0000 0.1614 79.6446 49.0000 30.7639 40.3744 61.3739
15561.0000 0.1524 79.2635 49.0000 31.1268 40.3669 60.6987
15562.0000 0.1495 79.4601 49.0000 31.2399 40.6667 60.6976
15563.0000 0.1537 79.6504 49.0000 31.2499 40.4904 61.0586
15564.0000 0.1557 79.6525 49.0000 31.1704 40.4145 61.1523
15565.0000 0.1480 79.1462 49.0000 31.4768 40.2578 60.4371
15566.0000 0.1478 77.1972 48.0000 31.1416 38.8317 59.0060
15567.0000 0.1542 79.2258 49.0000 31.3869 39.9283 60.8056
15568.0000 0.1551 79.2196 49.0000 31.2631 39.9773 60.8292
15569.0000 0.1487 79.0226 49.0000 31.6514 39.9056 60.4178
15570.0000 0.1459 78.8359 49.0000 31.4959 40.1149 60.1158
15571.0000 0.1460 78.9892 49.0000 31.8284 39.9074 60.2798
15572.0000 0.1472 77.0112 48.0000 31.3648 38.4754 58.8780
15573.0000 0.1491 78.6832 49.0000 31.0569 40.1722 60.1057
15574.0000 0.1472 78.6720 49.0000 31.0397 40.3308 59.9938
15575.0000 0.1434 76.4917 48.0000 30.5819 39.0942 58.2011
15576.0000 0.1477 78.2351 49.0000 30.8835 40.0513 59.6895
15577.0000 0.1419 76.6527 48.0000 30.5206 39.4242 58.2225
15578.0000 0.1489 78.0568 49.0000 30.2788 40.4153 59.5204
15579.0000 0.1479 78.4257 49.0000 30.7958 40.2993 59.8179
15580.0000 0.1545 78.8290 49.0000 30.8813 40.0546 60.4648
15581.0000 0.1490 78.7442 49.0000 30.8810 40.4191 60.1108
15582.0000 0.1471 78.3962 49.0000 31.4265 39.6881 59.8597
15583.0000 0.1356 78.3295 49.0000 31.6022 40.3770 59.2158
15584.0000 0.1389 78.1076 49.0000 31.7435 39.7508 59.2707
15585.0000 0.1385 78.0270 49.0000 31.7192 39.7349 59.1881
15586.0000 0.1358 77.7790 49.0000 31.6991 39.7398 58.8684
15587.0000 0.1432 78.2483 49.0000 31.5721 39.7171 59.5697
15588.0000 0.1434 78.4183 49.0000 31.2879 40.1494 59.6534
15589.0000 0.1504 78.3357 49.0000 31.3786 39.4256 59.9791
15590.0000 0.1524 78.3615 49.0000 31.1995 39.4709 60.0763
15591.0000 0.1405 78.1590 49.0000 31.5658 39.8549 59.3634
15592.0000 0.1492 78.5725 49.0000 31.1891 39.9271 60.0558
15593.0000 0.1476 78.1542 49.0000 30.7417 40.1343 59.6008
15594.0000 0.1389 76.4535 48.0000 30.9007 39.0848 57.9884
15595.0000 0.1442 76.4577 48.0000 30.8850 38.6896 58.2667
15596.0000 0.1433 76.6142 48.0000 30.9693 38.8184 58.3419
15597.0000 0.1524 78.1357 49.0000 30.5437 39.9340 59.8127
15598.0000 0.1555 78.3216 49.0000 30.2426 40.1659 60.0529
15599.0000 0.1540 76.9147 48.0000 30.1589 39.0965 58.9727
15600.0000 0.1531 76.9466 48.0000 30.5009 38.8450 59.0046
15601.0000 0.1495 78.7070 49.0000 30.9286 40.2949 60.1210
15602.0000 0.1473 78.4626 49.0000 31.1251 40.0406 59.8696
15603.0000 0.1469 78.7273 49.0000 30.9867 40.4595 60.0070
15604.0000 0.1514 78.7056 49.0000 30.9437 40.1225 60.2266
15605.0000 0.1406 78.6166 49.0000 31.3509 40.4933 59.6488
15606.0000 0.1343 78.2046 49.0000 31.5536 40.4142 59.0510
15607.0000 0.1401 78.1125 49.0000 31.4793 39.9317 59.2965
15608.0000 0.1355 77.7455 49.0000 31.2844 40.1701 58.7538
15609.0000 0.1395 78.1503 49.0000 31.0472 40.4692 59.2097
15610.0000 0.1350 77.8917 49.0000 31.1692 40.4650 58.8063
15611.0000 0.1376 77.7808 49.0000 31.2196 40.0935 58.8872
15612.0000 0.1323 77.6936 49.0000 31.5710 40.0833 58.5910
15613.0000 0.1366 77.8683 49.0000 31.6605 39.8012 58.9656
15614.0000 0.1352 78.3784 49.0000 31.2236 40.8512 59.1561
15615.0000 0.1354 78.0182 49.0000 31.3056 40.4102 58.9390
15616.0000 0.1397 78.2788 49.0000 31.3035 40.3002 59.3596
15617.0000 0.1361 78.2115 49.0000 31.3546 40.4805 59.1207
15618.0000 0.1325 78.0879 49.0000 31.3779 40.6416 58.8337
15619.0000 0.1355 78.1254 49.0000 31.5715 40.2220 59.0678
15620.0000 0.1328 78.0784 49.0000 31.7841 40.1811 58.9193
15621.0000 0.1370 78.4250 49.0000 31.6250 40.3267 59.3642
15622.0000 0.1395 78.4666 49.0000 31.4113 40.3822 59.4947
15623.0000 0.1472 78.5810 49.0000 30.9720 40.3206 59.9162
15624.0000 0.1416 78.6116 49.0000 31.5662 40.1854 59.7369
15625.0000 0.1467 77.7824 49.0000 31.3285 39.2601 59.3908
15626.0000 0.1503 77.8537 49.0000 31.3157 39.0592 59.6231
15627.0000 0.1477 77.6967 49.0000 31.2596 39.1695 59.3748
15628.0000 0.1391 77.3885 49.0000 31.4357 39.3826 58.7349
15629.0000 0.1398 77.5229 49.0000 31.4931 39.3919 58.8750
15630.0000 0.1370 77.5863 49.0000 31.7101 39.4564 58.7988
15631.0000 0.1434 77.8530 49.0000 31.5879 39.3153 59.3094
15632.0000 0.1398 77.2476 49.0000 31.2601 39.3799 58.6448
15633.0000 0.1458 77.8759 49.0000 31.4556 39.2886 59.4273
15634.0000 0.1468 77.7637 49.0000 31.5763 38.9814 59.4188
15635.0000 0.1544 77.8046 49.0000 31.4160 38.6008 59.8044
15636.0000 0.1477 78.0490 49.0000 31.9649 38.7760 59.7186
15637.0000 0.1458 77.9468 49.0000 31.9387 38.8580 59.5455
15638.0000 0.1444 77.7042 49.0000 31.7827 38.9047 59.2809
15639.0000 0.1393 77.7060 49.0000 31.8406 39.2494 59.0244
15640.0000 0.1367 77.2663 49.0000 31.8279 39.0595 58.5783
15641.0000 0.1388 77.4980 49.0000 31.9783 38.9504 58.8744
15642.0000 0.1426 77.2493 49.0000 31.7346 38.6710 58.8636
15643.0000 0.1357 77.4997 49.0000 31.9957 39.1805 58.7143
15644.0000 0.1369 77.6304 49.0000 32.1031 39.0951 58.8850
15645.0000 0.1413 77.6804 49.0000 31.7188 39.1922 59.0943
15646.0000 0.1416 77.8415 49.0000 31.5228 39.5188 59.1935
15647.0000 0.1417 77.9771 49.0000 31.7421 39.4110 59.3266
15648.0000 0.1414 78.2239 49.0000 31.7059 39.6999 59.4780
15649.0000 0.1396 78.0445 49.0000 31.5165 39.8717 59.2276
15650.0000 0.1378 77.9964 49.0000 31.9016 39.5757 59.1565
15651.0000 0.1379 77.9371 49.0000 31.8311 39.5818 59.1122
15652.0000 0.1437 78.2315 49.0000 31.6104 39.6204 59.5917
15653.0000 0.1388 78.1110 49.0000 31.8101 39.6928 59.2784
15654.0000 0.1405 77.7632 49.0000 31.8813 39.1586 59.1381
15655.0000 0.1415 78.0855 49.0000 31.7646 39.5028 59.3960
15656.0000 0.1390 78.1508 49.0000 31.7536 39.7745 59.3064
15657.0000 0.1421 77.8866 49.0000 31.1338 39.9222 59.1881
15658.0000 0.1347 77.8466 49.0000 31.7433 39.8473 58.8613
15659.0000 0.1372 77.7768 49.0000 31.5173 39.8167 58.9111
15660.0000 0.1335 77.9974 49.0000 31.6624 40.1745 58.8820
15661.0000 0.1387 78.4178 49.0000 31.7439 40.0543 59.4755
15662.0000 0.1365 78.6620 49.0000 31.9169 40.2859 59.5489
15663.0000 0.1276 78.5530 49.0000 32.1582 40.6716 59.0106
15664.0000 0.1261 78.3364 49.0000 32.1344 40.6247 58.7674
15665.0000 0.1255 78.3576 49.0000 32.2100 40.6150 58.7610
15666.0000 0.1297 78.3261 49.0000 32.1823 40.2533 58.9827
15667.0000 0.1320 78.5855 49.0000 31.8869 40.6150 59.2396
15668.0000 0.1323 78.3468 49.0000 31.5416 40.7280 59.0303
15669.0000 0.1293 78.1779 49.0000 31.5452 40.8241 58.7374
15670.0000 0.1333 78.2400 49.0000 31.5011 40.5928 59.0034
15671.0000 0.1291 77.7937 49.0000 31.5561 40.4609 58.4722
15672.0000 0.1267 77.5228 49.0000 31.5804 40.3852 58.1506
15673.0000 0.1126 77.4649 49.0000 32.3830 40.6945 57.4118
15674.0000 0.1199 77.5243 49.0000 31.9838 40.5429 57.8215
15675.0000 0.1171 77.3627 49.0000 32.3807 40.2015 57.6221
15676.0000 0.1218 78.0593 49.0000 32.5990 40.2279 58.4147
15677.0000 0.1234 78.2120 49.0000 32.7669 40.0667 58.6354
15678.0000 0.1232 78.0038 49.0000 32.2959 40.3812 58.4031
15679.0000 0.1165 77.9272 49.0000 32.6110 40.5558 58.0035
15680.0000 0.1213 77.8938 49.0000 32.1586 40.5822 58.1924
15681.0000 0.1163 77.7806 49.0000 32.1653 40.9112 57.8056
15682.0000 0.1197 77.9709 49.0000 31.8935 41.0905 58.0848
15683.0000 0.1226 78.2967 49.0000 32.0344 40.9911 58.5141
15684.0000 0.1238 78.4186 49.0000 31.9284 41.1177 58.6463
15685.0000 0.1237 78.3004 49.0000 31.7154 41.2453 58.5142
15686.0000 0.1269 78.3408 49.0000 32.0559 40.6393 58.8060
15687.0000 0.1234 78.0193 49.0000 31.8627 40.8449 58.3392
15688.0000 0.1224 78.0907 49.0000 31.7892 41.0784 58.3110
15689.0000 0.1212 78.1582 49.0000 32.2328 40.7723 58.3726
15690.0000 0.1167 78.4037 49.0000 32.5707 41.0405 58.3263
15691.0000 0.1131 78.2312 49.0000 33.0261 40.7007 58.0763
15692.0000 0.1151 78.3714 49.0000 32.9582 40.7308 58.2824
15693.0000 0.1083 78.3539 49.0000 33.4854 40.7541 57.9410
15694.0000 0.1093 78.5410 49.0000 33.6591 40.6613 58.1585
15695.0000 0.1092 78.0504 49.0000 33.6061 40.2492 57.8143
15696.0000 0.1092 77.7505 49.0000 33.4369 40.1393 57.5843
15697.0000 0.1143 77.6667 49.0000 33.4627 39.5851 57.8394
15698.0000 0.1138 77.8987 49.0000 33.3352 39.9853 57.9494
15699.0000 0.1142 77.5691 49.0000 33.0257 39.9604 57.7012
15700.0000 0.1231 77.9394 49.0000 33.2196 39.3578 58.4976
15701.0000 0.1220 78.4136 49.0000 32.9725 40.1624 58.7239
15702.0000 0.1246 78.4598 49.0000 33.2361 39.7019 58.9497
15703.0000 0.1307 78.4633 49.0000 32.9801 39.4712 59.2522
15704.0000 0.1285 78.2782 49.0000 33.0181 39.4356 59.0094
15705.0000 0.1343 78.3950 49.0000 32.8832 39.2165 59.3846
15706.0000 0.1280 77.9092 49.0000 33.0576 39.0872 58.7301
15707.0000 0.1229 78.1171 49.0000 33.1431 39.6199 58.6011
15708.0000 0.1291 78.3912 49.0000 32.9155 39.6030 59.1046
15709.0000 0.1305 78.6794 49.0000 33.0208 39.6447 59.4001
15710.0000 0.1262 78.8281 49.0000 33.2379 39.9151 59.2950
15711.0000 0.1263 78.7106 49.0000 33.4499 39.5761 59.2470
15712.0000 0.1250 78.2599 49.0000 33.1981 39.5203 58.8273
15713.0000 0.1262 78.4273 49.0000 33.3556 39.4135 59.0324
15714.0000 0.1270 78.6485 49.0000 33.4001 39.5156 59.2329
15715.0000 0.1217 78.9931 49.0000 34.0771 39.5794 59.2632
15716.0000 0.1276 78.9516 49.0000 33.5901 39.5545 59.5020
15717.0000 0.1249 79.2784 49.0000 33.7578 39.9155 59.6005
15718.0000 0.1228 79.1107 49.0000 33.9493 39.7316 59.3915
15719.0000 0.1226 78.5924 49.0000 33.4771 39.7452 58.9608
15720.0000 0.1184 78.3121 49.0000 33.5324 39.7811 58.5306
15721.0000 0.1155 78.3022 49.0000 33.5593 39.9934 58.3570
15722.0000 0.1135 78.2512 49.0000 34.0341 39.6097 58.2752
15723.0000 0.1139 78.2189 49.0000 34.3138 39.2553 58.3077
15724.0000 0.1156 78.5079 49.0000 33.9825 39.7335 58.5656
15725.0000 0.1174 78.8380 49.0000 34.2102 39.6582 58.9264
15726.0000 0.1213 78.7610 49.0000 33.8260 39.6530 59.0486
15727.0000 0.1155 78.6311 49.0000 33.8617 39.9909 58.6256
15728.0000 0.1184 78.8067 49.0000 33.6844 40.0964 58.8908
15729.0000 0.1242 78.9334 49.0000 33.7377 39.6627 59.3221
15730.0000 0.1238 78.8098 49.0000 33.7241 39.5929 59.2121
15731.0000 0.1184 78.7392 49.0000 33.5758 40.1420 58.8315
15732.0000 0.1233 78.9188 49.0000 33.3813 40.1018 59.2091
15733.0000 0.1315 79.2524 49.0000 33.0788 40.0387 59.8635
15734.0000 0.1231 78.7282 49.0000 33.2949 40.0254 59.0555
15735.0000 0.1356 78.9436 49.0000 32.8044 39.7048 59.8289
15736.0000 0.1392 78.8632 49.0000 32.6660 39.4784 59.9482
15737.0000 0.1352 78.2107 49.0000 33.0608 38.7886 59.3241
15738.0000 0.1327 78.3217 49.0000 33.2323 38.9114 59.2943
15739.0000 0.1340 78.5211 49.0000 33.5357 38.6861 59.5341
15740.0000 0.1329 78.4066 49.0000 33.4504 38.7509 59.3888
15741.0000 0.1332 78.3364 49.0000 33.0958 39.0256 59.3149
15742.0000 0.1334 77.8921 49.0000 33.2842 38.4014 59.0311
15743.0000 0.1489 78.3086 49.0000 32.5263 38.3536 60.0273
15744.0000 0.1415 78.4979 49.0000 32.7804 38.8380 59.8245
15745.0000 0.1411 78.2338 49.0000 33.0194 38.3855 59.6389
15746.0000 0.1350 78.3620 49.0000 33.3721 38.6202 59.4590
15747.0000 0.1447 78.8443 49.0000 33.5645 38.1143 60.3087
15748.0000 0.1383 78.7825 49.0000 34.1307 37.9775 59.9957
15749.0000 0.1347 78.5703 49.0000 34.0767 38.1209 59.6562
15750.0000 0.1376 78.3342 49.0000 33.9596 37.7963 59.6190
15751.0000 0.1335 78.3512 49.0000 34.2410 37.8455 59.4489
15752.0000 0.1249 78.3282 49.0000 34.5154 38.2380 59.0073
15753.0000 0.1267 78.1278 49.0000 34.3486 38.0717 58.9463
15754.0000 0.1283 78.1605 49.0000 34.4367 37.8859 59.0578
15755.0000 0.1286 77.8901 49.0000 34.2512 37.7966 58.8654
15756.0000 0.1272 77.9645 49.0000 34.1797 38.0498 58.8423
15757.0000 0.1003 81.8055 50.0000 34.3786 43.9878 59.7941
15758.0000 0.1243 78.1346 49.0000 34.7059 37.9097 58.8504
15759.0000 0.1050 81.5354 50.0000 34.0760 43.5827 59.8948
15760.0000 0.1095 81.2097 50.0000 34.1829 42.7026 60.0252
15761.0000 0.1113 81.1867 50.0000 34.5135 42.1453 60.1986
15762.0000 0.1033 81.5629 50.0000 35.0660 42.6780 60.0122
15763.0000 0.1175 78.3499 49.0000 35.3139 38.0454 58.6871
15764.0000 0.1227 78.8099 49.0000 35.5752 37.7808 59.3129
15765.0000 0.1237 78.6824 49.0000 35.3523 37.8125 59.2566
15766.0000 0.1205 78.9519 49.0000 35.6784 37.9904 59.3058
15767.0000 0.1248 78.6006 49.0000 35.3516 37.6483 59.2531
15768.0000 0.1272 78.4698 49.0000 34.7032 37.9867 59.2471
15769.0000 0.1292 78.5700 49.0000 34.9949 37.6265 59.4378
15770.0000 0.1274 78.4601 49.0000 34.9775 37.6840 59.2662
15771.0000 0.1240 78.1123 49.0000 34.8301 37.7789 58.8315
15772.0000 0.1252 77.8769 49.0000 34.6847 37.6159 58.7097
15773.0000 0.1311 78.2605 49.0000 34.7659 37.4178 59.2955
15774.0000 0.1268 78.0174 49.0000 35.1885 37.1070 58.9199
15775.0000 0.1280 77.8176 49.0000 35.2929 36.7213 58.8348
15776.0000 0.1317 78.0106 49.0000 35.0957 36.8043 59.1557
15777.0000 0.1389 77.8937 49.0000 34.2278 37.0178 59.3766
15778.0000 0.1406 77.7959 49.0000 34.0907 36.9388 59.3763
15779.0000 0.1444 77.9300 49.0000 33.7962 37.0680 59.6395
15780.0000 0.1445 77.7518 49.0000 33.5472 37.1460 59.4988
15781.0000 0.1448 77.5930 49.0000 33.5653 36.9577 59.3984
15782.0000 0.1471 78.3322 49.0000 33.9690 37.0496 60.0780
15783.0000 0.1477 78.1369 49.0000 33.8628 36.9381 59.9522
15784.0000 0.1412 78.4365 49.0000 34.3415 37.2263 59.8928
15785.0000 0.1386 78.5120 49.0000 34.2725 37.5647 59.8199
15786.0000 0.1443 78.3312 49.0000 33.8667 37.3674 59.9375
15787.0000 0.1390 78.1517 49.0000 33.9941 37.4831 59.5576
15788.0000 0.1377 78.0361 49.0000 33.8487 37.6236 59.4000
15789.0000 0.1396 78.3112 49.0000 34.2667 37.3082 59.7205
15790.0000 0.1437 78.4499 49.0000 33.9713 37.4150 60.0038
15791.0000 0.1405 78.2924 49.0000 33.8125 37.6835 59.7190
15792.0000 0.1415 78.1264 49.0000 33.9796 37.2821 59.6587
15793.0000 0.1422 77.8320 49.0000 33.7804 37.1560 59.4654
15794.0000 0.1311 77.8495 49.0000 34.0589 37.7577 58.9482
15795.0000 0.1320 77.6650 49.0000 33.8981 37.6791 58.8478
15796.0000 0.1257 77.5370 49.0000 34.2840 37.6609 58.4658
15797.0000 0.1262 77.6702 49.0000 34.1475 37.8874 58.5760
15798.0000 0.1282 77.8888 49.0000 34.0126 38.0729 58.8240
15799.0000 0.1254 77.7061 49.0000 33.8379 38.3050 58.5317
15800.0000 0.1315 78.1682 49.0000 34.1325 37.9484 59.2044
15801.0000 0.1282 77.8265 49.0000 34.3578 37.6628 58.8049
15802.0000 0.1273 78.2150 49.0000 34.6459 37.8005 59.0625
15803.0000 0.1271 78.0000 49.0000 34.2571 38.0096 58.8703
15804.0000 0.1312 77.8950 49.0000 34.0710 37.7805 58.9867
15805.0000 0.1263 78.0287 49.0000 34.4197 37.9366 58.8608
15806.0000 0.1267 78.2617 49.0000 34.6853 37.8514 59.0686
15807.0000 0.1208 78.0319 49.0000 34.8365 37.9626 58.6024
15808.0000 0.1179 78.3675 49.0000 34.8915 38.4609 58.6924
15809.0000 0.1153 78.4453 49.0000 35.0077 38.6334 58.6139
15810.0000 0.1130 78.8091 49.0000 35.3419 38.8327 58.7695
15811.0000 0.1106 78.5134 49.0000 35.0771 39.0266 58.4027
15812.0000 0.1100 78.5356 49.0000 35.4307 38.7304 58.4164
15813.0000 0.1076 78.4035 49.0000 35.2877 38.9582 58.1734
15814.0000 0.1040 78.3440 49.0000 35.1401 39.3708 57.9042
15815.0000 0.1044 78.4246 49.0000 35.3552 39.1892 58.0055
15816.0000 0.1152 78.7718 49.0000 35.0749 38.8826 58.8463
15817.0000 0.1086 78.4909 49.0000 35.1658 39.0859 58.2793
15818.0000 0.1121 78.6650 49.0000 35.1011 39.0160 58.5990
15819.0000 0.1013 78.7162 49.0000 35.3533 39.7503 58.0198
15820.0000 0.1057 78.8271 49.0000 35.4329 39.3839 58.3707
15821.0000 0.1062 78.2949 49.0000 34.9694 39.3056 57.9853
15822.0000 0.1066 78.1836 49.0000 34.9959 39.1352 57.9344
15823.0000 0.1044 77.8586 49.0000 35.1062 38.8994 57.5877
15824.0000 0.1111 78.0553 49.0000 34.6582 38.9730 58.0737
15825.0000 0.1146 77.8138 49.0000 34.5755 38.5348 58.0913
15826.0000 0.1184 77.8031 49.0000 34.3190 38.4753 58.2682
15827.0000 0.1153 77.9998 49.0000 34.1574 39.0898 58.2170
15828.0000 0.1105 77.5023 49.0000 34.1505 39.0243 57.5973
15829.0000 0.1216 77.5773 49.0000 33.7471 38.5900 58.2253
15830.0000 0.1186 77.4998 49.0000 33.8729 38.6288 58.0230
15831.0000 0.1205 77.0704 49.0000 33.9345 38.0032 57.8278
15832.0000 0.1245 77.3165 49.0000 33.5987 38.2543 58.1857
15833.0000 0.1315 77.2320 49.0000 33.4329 37.7902 58.4716
15834.0000 0.1294 77.4610 49.0000 33.8821 37.7122 58.5661
15835.0000 0.1373 77.4932 49.0000 33.7413 37.2651 58.9749
15836.0000 0.1302 77.4826 49.0000 33.9304 37.6152 58.6291
15837.0000 0.1235 77.3442 49.0000 34.0013 37.9453 58.1910
15838.0000 0.1228 77.1174 49.0000 34.1743 37.6164 58.0018
15839.0000 0.1272 77.1089 49.0000 33.6244 37.8189 58.1800
15840.0000 0.1170 77.0505 49.0000 34.1599 38.0373 57.6459
15841.0000 0.1161 80.8678 50.0000 33.6538 42.3197 60.1337
15842.0000 0.1187 76.9560 49.0000 34.1971 37.7721 57.6719
15843.0000 0.1176 76.5310 49.0000 34.0446 37.6144 57.2985
15844.0000 0.1133 80.8413 50.0000 33.8078 42.3857 59.9650
15845.0000 0.1148 77.0184 49.0000 34.2841 38.0642 57.5113
15846.0000 0.1201 77.4197 49.0000 34.0520 38.2432 58.0665
15847.0000 0.1209 77.7414 49.0000 34.3650 38.1624 58.3644
15848.0000 0.1135 81.7234 50.0000 34.4743 42.5087 60.6898
15849.0000 0.1180 77.6486 49.0000 35.0477 37.6111 58.1925
15850.0000 0.1162 77.4602 49.0000 35.2302 37.3984 57.9679
15851.0000 0.1095 81.6233 50.0000 35.1618 42.0486 60.4809
15852.0000 0.1140 81.8514 50.0000 34.8595 42.1719 60.8769
15853.0000 0.1119 81.9040 50.0000 34.9241 42.3524 60.7853
15854.0000 0.1088 81.6312 50.0000 34.9337 42.3622 60.4047
15855.0000 0.1157 81.6855 50.0000 34.4505 42.2998 60.7982
15856.0000 0.1189 81.9269 50.0000 34.4932 42.1914 61.1728
15857.0000 0.1249 82.0300 50.0000 34.2315 42.0248 61.5714
15858.0000 0.1233 81.9666 50.0000 34.3430 41.9916 61.4474
15859.0000 0.1222 81.9811 50.0000 34.1438 42.3154 61.3555
15860.0000 0.1268 82.2686 50.0000 34.3720 41.9362 61.8713
15861.0000 0.1290 82.6717 50.0000 34.1188 42.3916 62.2373
15862.0000 0.1178 82.8825 50.0000 34.4727 43.2404 61.7366
15863.0000 0.1231 82.5885 50.0000 34.3238 42.6234 61.8545
15864.0000 0.1343 78.2563 49.0000 34.4967 37.4368 59.4349
15865.0000 0.1282 82.1869 50.0000 33.9555 42.1726 61.8318
15866.0000 0.1312 82.1285 50.0000 33.9250 41.8899 61.9631
15867.0000 0.1262 82.2605 50.0000 33.9028 42.4815 61.7471
15868.0000 0.1254 82.0201 50.0000 34.0046 42.2102 61.5571
15869.0000 0.1288 82.1501 50.0000 33.9103 42.1381 61.8313
15870.0000 0.1298 82.1189 50.0000 33.7548 42.1795 61.8468
15871.0000 0.1330 82.9071 50.0000 33.6583 42.7471 62.5572
15872.0000 0.1266 82.8133 50.0000 33.6424 43.2437 62.0984
15873.0000 0.1337 82.6601 50.0000 33.2991 42.8307 62.3649
15874.0000 0.1319 82.4938 50.0000 33.3369 42.7881 62.1535
15875.0000 0.1316 82.3809 50.0000 33.5684 42.4650 62.1007
15876.0000 0.1390 78.3137 49.0000 33.5470 38.0835 59.6429
15877.0000 0.1327 78.1180 49.0000 33.6487 38.3002 59.1886
15878.0000 0.1140 81.2888 50.0000 33.7700 42.7985 60.2971
15879.0000 0.1185 81.3760 50.0000 33.5912 42.6663 60.6076
15880.0000 0.1298 77.6316 49.0000 33.7833 37.9348 58.7052
15881.0000 0.1386 77.8233 49.0000 33.4946 37.7158 59.2629
15882.0000 0.1342 78.0056 49.0000 34.0050 37.7107 59.2152
15883.0000 0.1337 77.8162 49.0000 34.1068 37.4752 59.0568
15884.0000 0.1298 77.9523 49.0000 34.0439 37.9725 58.9547
15885.0000 0.1309 78.3204 49.0000 34.1643 38.1034 59.2876
15886.0000 0.1322 78.2182 49.0000 33.8397 38.2314 59.2564
15887.0000 0.1304 78.4889 49.0000 34.1545 38.3104 59.3826
15888.0000 0.1268 78.4515 49.0000 34.4411 38.2710 59.1927
15889.0000 0.1250 78.1238 49.0000 34.1657 38.3885 58.8418
15890.0000 0.1323 77.9884 49.0000 33.7696 38.0854 59.0873
15891.0000 0.1320 77.5785 49.0000 33.9315 37.5621 58.7892
15892.0000 0.1320 77.5351 49.0000 33.9279 37.5251 58.7576
15893.0000 0.1371 78.0436 49.0000 33.7970 37.7292 59.3724
15894.0000 0.1376 78.0437 49.0000 33.4448 38.0482 59.3683
15895.0000 0.1406 78.3069 49.0000 33.6994 37.7977 59.7299
15896.0000 0.1352 78.1317 49.0000 33.8045 37.9513 59.3424
15897.0000 0.1388 78.4115 49.0000 33.7997 37.9368 59.7223
15898.0000 0.1416 78.4232 49.0000 34.0792 37.4416 59.8911
15899.0000 0.1474 78.4595 49.0000 33.7122 37.4027 60.1699
15900.0000 0.1419 78.6886 49.0000 33.8845 37.8599 60.0862
15901.0000 0.1406 78.8461 49.0000 33.9775 38.0171 60.1410
15902.0000 0.1449 79.0141 49.0000 33.8598 37.9520 60.4681
15903.0000 0.1465 78.8608 49.0000 33.6878 37.8608 60.4211
15904.0000 0.1499 78.9667 49.0000 33.5934 37.7947 60.6530
15905.0000 0.1522 79.0794 49.0000 33.5090 37.8087 60.8375
15906.0000 0.1543 79.2945 49.0000 33.3990 37.9537 61.0872
15907.0000 0.1472 79.0544 49.0000 33.5376 38.1351 60.5851
15908.0000 0.1443 78.9143 49.0000 33.3737 38.4028 60.3232
15909.0000 0.1378 78.5539 49.0000 33.1678 38.7868 59.7177
15910.0000 0.1390 78.5759 49.0000 33.4866 38.3903 59.8248
15911.0000 0.1332 78.5335 49.0000 33.5307 38.7672 59.5006
15912.0000 0.1255 78.6914 49.0000 33.9180 39.1435 59.2427
15913.0000 0.1320 78.4053 49.0000 33.5256 38.7505 59.3450
15914.0000 0.1336 78.5788 49.0000 33.4812 38.8250 59.5505
15915.0000 0.1273 77.9662 49.0000 33.6755 38.5613 58.8024
15916.0000 0.1312 77.7983 49.0000 33.6186 38.1494 58.8811
15917.0000 0.1152 81.6352 50.0000 34.0878 42.6857 60.6651
15918.0000 0.1310 78.2377 49.0000 33.5496 38.6433 59.1799
15919.0000 0.1303 78.3807 49.0000 33.8670 38.5128 59.2733
15920.0000 0.1334 78.7304 49.0000 33.8335 38.6185 59.6857
15921.0000 0.1318 78.5684 49.0000 34.1573 38.2680 59.5134
15922.0000 0.1251 78.0648 49.0000 34.0732 38.4235 58.7942
15923.0000 0.1350 78.5875 49.0000 34.0878 38.1042 59.6832
15924.0000 0.1394 78.2897 49.0000 33.7869 37.7912 59.6619
15925.0000 0.1332 78.5118 49.0000 33.9832 38.2859 59.5268
15926.0000 0.1344 78.5747 49.0000 34.0925 38.1358 59.6434
15927.0000 0.1395 78.5400 49.0000 33.9588 37.8364 59.8644
15928.0000 0.1390 78.5084 49.0000 33.9499 37.8572 59.8147
15929.0000 0.1395 78.8066 49.0000 33.6645 38.3835 60.0323
15930.0000 0.1334 78.9353 49.0000 33.9754 38.6699 59.8422
15931.0000 0.1360 78.8004 49.0000 33.7223 38.5967 59.8548
15932.0000 0.1406 78.9380 49.0000 33.6861 38.3914 60.1876
15933.0000 0.1459 78.9080 49.0000 33.4018 38.2444 60.4000
15934.0000 0.1437 79.1144 49.0000 33.7257 38.2721 60.4724
15935.0000 0.1416 78.8393 49.0000 33.7401 38.1702 60.1687
15936.0000 0.1393 78.6489 49.0000 34.0693 37.8392 59.9428
15937.0000 0.1422 78.9791 49.0000 33.8179 38.1702 60.3082
15938.0000 0.1332 78.7226 49.0000 33.9498 38.5097 59.6796
15939.0000 0.1424 78.9460 49.0000 33.9279 38.0144 60.3015
15940.0000 0.1490 78.6017 49.0000 33.2911 37.8399 60.3165
15941.0000 0.1484 78.8209 49.0000 33.3696 38.0018 60.4572
15942.0000 0.1408 78.7594 49.0000 33.4880 38.4175 60.0473
15943.0000 0.1438 78.9750 49.0000 33.5274 38.3418 60.3562
15944.0000 0.1456 78.8238 49.0000 33.3555 38.2324 60.3231
15945.0000 0.1449 78.7259 49.0000 33.2772 38.2780 60.2095
15946.0000 0.1542 78.8527 49.0000 32.9022 38.0631 60.7156
15947.0000 0.1475 78.9144 49.0000 33.4308 38.0986 60.4844
15948.0000 0.1497 78.9210 49.0000 33.5613 37.8047 60.6050
15949.0000 0.1519 78.9823 49.0000 32.8698 38.3864 60.6982
15950.0000 0.1538 78.7979 49.0000 32.9654 37.9803 60.6620
15951.0000 0.1541 79.0306 49.0000 32.8997 38.2330 60.8415
15952.0000 0.1563 79.0327 49.0000 32.6629 38.3052 60.9263
15953.0000 0.1563 78.7619 49.0000 32.7410 37.9864 60.7331
15954.0000 0.1529 78.5686 49.0000 32.6050 38.2033 60.4189
15955.0000 0.1477 78.3372 49.0000 32.4242 38.5694 59.9816
15956.0000 0.1449 78.0208 49.0000 32.6847 38.2382 59.6388
15957.0000 0.1539 78.4720 49.0000 32.8302 37.8102 60.4187
15958.0000 0.1565 78.3696 49.0000 32.9009 37.4538 60.4693
15959.0000 0.1511 78.2714 49.0000 32.9925 37.6788 60.1516
15960.0000 0.1546 78.3923 49.0000 32.9783 37.5416 60.4021
15961.0000 0.1453 78.1776 49.0000 32.9587 38.0692 59.8013
15962.0000 0.1585 78.6545 49.0000 32.4048 38.0590 60.7287
15963.0000 0.1565 78.5597 49.0000 32.4859 38.0438 60.5720
15964.0000 0.1508 77.9978 49.0000 32.5520 37.8966 59.8989
15965.0000 0.1510 78.1255 49.0000 32.5565 37.9919 60.0023
15966.0000 0.1464 77.7235 49.0000 32.4927 38.0445 59.4792
15967.0000 0.1452 78.0775 49.0000 32.5413 38.4120 59.6797
15968.0000 0.1477 78.1489 49.0000 32.6926 38.1277 59.8725
15969.0000 0.1431 78.1470 49.0000 32.8012 38.3707 59.6551
15970.0000 0.1408 77.9738 49.0000 33.0573 38.1327 59.4393
15971.0000 0.1395 78.3374 49.0000 32.9402 38.6843 59.6256
15972.0000 0.1348 78.2085 49.0000 33.2838 38.5844 59.3297
15973.0000 0.1346 78.2315 49.0000 33.5189 38.3822 59.3588
15974.0000 0.1335 78.0661 49.0000 33.3292 38.5105 59.1644
15975.0000 0.1283 77.9274 49.0000 34.1344 37.9748 58.8680
15976.0000 0.1285 77.8308 49.0000 33.5922 38.4213 58.7622
15977.0000 0.1370 77.9474 49.0000 32.9759 38.4863 59.2215
15978.0000 0.1435 77.9927 49.0000 32.7555 38.2421 59.5607
15979.0000 0.1401 78.0642 49.0000 32.7461 38.5819 59.4402
15980.0000 0.1360 78.1390 49.0000 33.0943 38.6210 59.3202
15981.0000 0.1293 77.8511 49.0000 33.3296 38.6498 58.7888
15982.0000 0.1313 77.7165 49.0000 33.2847 38.4112 58.7925
15983.0000 0.1335 77.5283 49.0000 33.0396 38.3109 58.7477
15984.0000 0.1296 77.4217 49.0000 33.4406 38.1059 58.5132
15985.0000 0.1279 77.4175 49.0000 33.3895 38.2903 58.4163
15986.0000 0.1385 77.9026 49.0000 33.2323 38.0657 59.2911
15987.0000 0.1432 78.0785 49.0000 33.1764 37.9195 59.6463
15988.0000 0.1398 77.5799 49.0000 32.9805 37.9196 59.1018
15989.0000 0.1452 77.4262 49.0000 33.0541 37.2914 59.2587
15990.0000 0.1502 77.7728 49.0000 32.9651 37.3254 59.7388
15991.0000 0.1434 77.3679 49.0000 33.0675 37.3654 59.1284
15992.0000 0.1452 77.6427 49.0000 33.1465 37.3952 59.4246
15993.0000 0.1447 77.6390 49.0000 33.1877 37.3936 59.3979
15994.0000 0.1414 77.8812 49.0000 33.4150 37.6369 59.4339
15995.0000 0.1316 77.6150 49.0000 33.4627 38.1071 58.7553
15996.0000 0.1290 77.6961 49.0000 33.5399 38.3070 58.6884
15997.0000 0.1327 78.2551 49.0000 33.4233 38.6560 59.2660
15998.0000 0.1319 78.3960 49.0000 33.8174 38.4506 59.3622
15999.0000 0.1275 77.9817 49.0000 34.0042 38.2181 58.8577
16000.0000 0.1448 78.4565 49.0000 33.5434 37.7713 60.0298
16001.0000 0.1440 78.2729 49.0000 33.2748 37.9373 59.8348
16002.0000 0.1355 78.2246 49.0000 34.0871 37.7322 59.4427
16003.0000 0.1282 78.2627 49.0000 34.2420 38.1864 59.1129
16004.0000 0.1298 78.3019 49.0000 34.1853 38.1505 59.2208
16005.0000 0.1347 78.2940 49.0000 33.6952 38.2536 59.4243
16006.0000 0.1341 78.5209 49.0000 33.2454 38.9744 59.5086
16007.0000 0.1405 78.8239 49.0000 33.2900 38.6978 60.0622
16008.0000 0.1411 78.7147 49.0000 32.9336 38.9143 59.9756
16009.0000 0.1381 78.6723 49.0000 33.2297 38.8087 59.8247
16010.0000 0.1398 78.5833 49.0000 32.9607 38.8727 59.8151
16011.0000 0.1405 78.2171 49.0000 33.1925 38.2393 59.6148
16012.0000 0.1356 78.1481 49.0000 33.3157 38.4360 59.3285
16013.0000 0.1331 78.3016 49.0000 33.7027 38.3843 59.3458
16014.0000 0.1349 78.6290 49.0000 33.4216 38.8266 59.6491
16015.0000 0.1327 78.4901 49.0000 33.7757 38.5132 59.4696
16016.0000 0.1323 78.4656 49.0000 33.6841 38.6187 59.4208
16017.0000 0.1314 78.5155 49.0000 33.8569 38.5591 59.4271
16018.0000 0.1308 78.3112 49.0000 34.1221 38.1446 59.2732
16019.0000 0.1347 78.6928 49.0000 34.1445 38.1676 59.7490
16020.0000 0.1352 78.7589 49.0000 34.0901 38.2396 59.8211
16021.0000 0.1321 78.3227 49.0000 34.3651 37.8013 59.3679
16022.0000 0.1307 78.4582 49.0000 34.6320 37.7680 59.4129
16023.0000 0.1336 78.6812 49.0000 34.6019 37.7754 59.7198
16024.0000 0.1282 78.7915 49.0000 34.9556 37.9497 59.5486
16025.0000 0.1282 78.9025 49.0000 35.0366 37.9763 59.6309
16026.0000 0.1390 78.7737 49.0000 34.3132 37.7325 60.0346
16027.0000 0.1405 78.9277 49.0000 34.4008 37.6713 60.2249
16028.0000 0.1370 79.0634 49.0000 34.5475 37.9151 60.1658
16029.0000 0.1324 79.1924 49.0000 34.6861 38.2619 60.0362
16030.0000 0.1283 79.4265 49.0000 34.9309 38.5643 60.0100
16031.0000 0.1282 79.2943 49.0000 34.9022 38.4753 59.9089
16032.0000 0.1353 79.7529 49.0000 34.8652 38.3710 60.6020
16033.0000 0.1363 79.6183 49.0000 34.9053 38.1193 60.5609
16034.0000 0.1406 79.3616 49.0000 34.4786 37.9814 60.5549
16035.0000 0.1390 79.2531 49.0000 34.5726 37.9081 60.4050
16036.0000 0.1394 79.1245 49.0000 34.4512 37.8829 60.3216
16037.0000 0.1415 79.5189 49.0000 34.3180 38.2128 60.7069
16038.0000 0.1398 79.4019 49.0000 34.5899 37.9689 60.5521
16039.0000 0.1366 79.1081 49.0000 34.5793 37.9601 60.1780
16040.0000 0.1368 79.0703 49.0000 34.4324 38.0562 60.1518
16041.0000 0.1334 78.8734 49.0000 34.6129 37.9635 59.8476
16042.0000 0.1308 78.8246 49.0000 34.6307 38.1042 59.6834
16043.0000 0.1341 78.6381 49.0000 34.2732 38.0354 59.6876
16044.0000 0.1402 78.8891 49.0000 34.0606 38.0011 60.1604
16045.0000 0.1336 78.4820 49.0000 34.4532 37.7456 59.5624
16046.0000 0.1281 78.5899 49.0000 34.9998 37.7256 59.3983
16047.0000 0.1265 78.7215 49.0000 35.0731 37.9069 59.4140
16048.0000 0.1335 78.8974 49.0000 35.1139 37.4681 59.8996
16049.0000 0.1211 78.7937 49.0000 35.7488 37.7237 59.2232
16050.0000 0.1195 78.8744 49.0000 36.2314 37.4422 59.2160
16051.0000 0.1170 78.9345 49.0000 36.2399 37.6950 59.1304
16052.0000 0.1117 78.7942 49.0000 36.2378 38.0103 58.7415
16053.0000 0.1112 78.7532 49.0000 36.4272 37.8208 58.6916
16054.0000 0.1177 78.7856 49.0000 35.6298 38.1189 59.0307
16055.0000 0.1148 78.8754 49.0000 36.0208 38.0459 58.9605
16056.0000 0.1144 78.6711 49.0000 36.1149 37.7866 58.7964
16057.0000 0.1263 79.3675 49.0000 35.9124 37.6718 59.9193
16058.0000 0.1211 79.6713 49.0000 36.1152 38.1734 59.8832
16059.0000 0.1213 79.5862 49.0000 36.0528 38.1429 59.8271
16060.0000 0.1207 79.2686 49.0000 36.0788 37.8721 59.5612
16061.0000 0.1217 79.2960 49.0000 36.2840 37.6015 59.6444
16062.0000 0.1161 79.1503 49.0000 36.2314 37.9853 59.2383
16063.0000 0.1182 79.2243 49.0000 36.3111 37.7973 59.4084
16064.0000 0.1097 79.1967 49.0000 36.6513 38.1377 58.9433
16065.0000 0.1130 79.1994 49.0000 36.1664 38.3534 59.1063
16066.0000 0.1138 79.1072 49.0000 36.2341 38.1311 59.0852
16067.0000 0.1102 78.6525 49.0000 36.1299 38.1071 58.5551
16068.0000 0.1119 78.7022 49.0000 36.1833 37.9566 58.6864
16069.0000 0.1235 79.0554 49.0000 35.5148 38.0077 59.5303
16070.0000 0.1185 78.6347 49.0000 35.6369 37.9026 58.9646
16071.0000 0.1178 78.6818 49.0000 35.3671 38.2801 58.9459
16072.0000 0.1262 78.8834 49.0000 35.4514 37.6930 59.5401
16073.0000 0.1220 78.8438 49.0000 35.8514 37.5919 59.3117
16074.0000 0.1223 79.0189 49.0000 36.0866 37.4986 59.4610
16075.0000 0.1323 79.2903 49.0000 35.9329 37.0966 60.1633
16076.0000 0.1375 79.1812 49.0000 35.3776 37.1490 60.3161
16077.0000 0.1443 79.3168 49.0000 35.3235 36.8035 60.7363
16078.0000 0.1354 79.3381 49.0000 35.7155 37.1168 60.3431
16079.0000 0.1365 79.2766 49.0000 35.5463 37.1474 60.3434
16080.0000 0.1389 79.3052 49.0000 35.4290 37.1028 60.4772
16081.0000 0.1351 79.1973 49.0000 35.0719 37.6583 60.1998
16082.0000 0.1376 79.2561 49.0000 34.6588 37.9374 60.3412
16083.0000 0.1454 79.5857 49.0000 34.4942 37.7939 60.9561
16084.0000 0.1407 79.8394 49.0000 34.5077 38.3844 60.9113
16085.0000 0.1438 79.8186 49.0000 34.5055 38.1180 61.0524
16086.0000 0.1364 79.4515 49.0000 35.0108 37.8548 60.4466
16087.0000 0.1463 79.8966 49.0000 35.3120 37.1903 61.2651
16088.0000 0.1411 79.4888 49.0000 35.2860 37.2403 60.7167
16089.0000 0.1424 79.8939 49.0000 34.7187 38.0821 61.0524
16090.0000 0.1425 79.5258 49.0000 34.9085 37.5465 60.7949
16091.0000 0.1305 79.1055 49.0000 35.0540 37.9619 59.8981
16092.0000 0.1321 79.6704 49.0000 34.4795 38.9408 60.3502
16093.0000 0.1356 79.7827 49.0000 34.6508 38.5900 60.6251
16094.0000 0.1405 80.0961 49.0000 34.2034 38.9441 61.0645
16095.0000 0.1481 80.2030 49.0000 34.2936 38.3537 61.5262
16096.0000 0.1440 79.7966 49.0000 34.6408 37.9456 61.0545
16097.0000 0.1456 79.7700 49.0000 34.3426 38.0990 61.0927
16098.0000 0.1391 79.8177 49.0000 34.4771 38.5164 60.8168
16099.0000 0.1350 79.9276 49.0000 34.4772 38.9468 60.6869
16100.0000 0.1484 80.0195 49.0000 34.2954 38.1561 61.4089
16101.0000 0.1558 79.9796 49.0000 33.9992 37.8516 61.7093
16102.0000 0.1532 79.8841 49.0000 34.3799 37.5813 61.5397
16103.0000 0.1473 79.4500 49.0000 34.2311 37.7903 60.9297
16104.0000 0.1521 79.5708 49.0000 33.7497 38.0180 61.2136
16105.0000 0.1488 79.4124 49.0000 33.8669 38.0082 60.9486
16106.0000 0.1505 79.3371 49.0000 34.0737 37.6014 60.9876
16107.0000 0.1554 79.4340 49.0000 33.5596 37.8352 61.2536
16108.0000 0.1555 79.1673 49.0000 33.4807 37.6679 61.0543
16109.0000 0.1444 79.2062 49.0000 33.7905 38.2410 60.5759
16110.0000 0.1475 79.2507 49.0000 34.0034 37.8222 60.7776
16111.0000 0.1463 79.1099 49.0000 33.8218 37.9722 60.6017
16112.0000 0.1508 79.4152 49.0000 33.6761 38.0491 61.0324
16113.0000 0.1486 79.0154 49.0000 33.7379 37.7915 60.6382
16114.0000 0.1448 78.7041 49.0000 33.8215 37.7128 60.2344
16115.0000 0.1404 78.7060 49.0000 34.0161 37.8597 60.0348
16116.0000 0.1422 78.3196 49.0000 34.1278 37.2573 59.8427
16117.0000 0.1404 78.2908 49.0000 34.1317 37.3605 59.7383
16118.0000 0.1393 78.1045 49.0000 34.6754 36.7307 59.5717
16119.0000 0.1409 78.0347 49.0000 34.5405 36.6803 59.5897
16120.0000 0.1331 77.7482 49.0000 34.7135 36.8409 59.0127
16121.0000 0.1336 77.5259 49.0000 35.0305 36.2769 58.8822
16122.0000 0.1366 77.1997 49.0000 34.5262 36.2555 58.7646
16123.0000 0.1340 77.3238 49.0000 34.8625 36.2308 58.7444
16124.0000 0.1291 77.3170 49.0000 35.2761 36.1896 58.5134
16125.0000 0.1242 77.7644 49.0000 35.6552 36.6041 58.6186
16126.0000 0.1265 77.5322 49.0000 35.5368 36.3267 58.5556
16127.0000 0.1213 77.8787 49.0000 36.0608 36.5328 58.5668
16128.0000 0.1194 77.6011 49.0000 35.7981 36.6966 58.2562
16129.0000 0.1204 77.6235 49.0000 35.7323 36.6992 58.3248
16130.0000 0.1231 77.7451 49.0000 35.6750 36.6584 58.5470
16131.0000 0.1252 77.3924 49.0000 35.6727 36.1646 58.3880
16132.0000 0.1273 77.5682 49.0000 35.4726 36.3623 58.6200
16133.0000 0.1188 77.3266 49.0000 35.9452 36.3389 58.0245
16134.0000 0.1110 77.2148 49.0000 36.1629 36.6467 57.5447
16135.0000 0.1086 77.1889 49.0000 36.4300 36.5537 57.4005
16136.0000 0.1194 77.5191 49.0000 35.9392 36.4726 58.2009
16137.0000 0.1260 77.4931 49.0000 35.6687 36.1950 58.5051
16138.0000 0.1175 77.3531 49.0000 36.1453 36.2625 57.9832
16139.0000 0.1176 77.5256 49.0000 36.1090 36.4577 58.1136
16140.0000 0.1156 77.5469 49.0000 36.0855 36.6634 58.0272
16141.0000 0.1170 77.7138 49.0000 36.1430 36.6429 58.2273
16142.0000 0.1147 77.5958 49.0000 35.9232 36.9414 58.0170
16143.0000 0.1134 77.5693 49.0000 36.2773 36.6708 57.9328
16144.0000 0.1107 77.0338 49.0000 35.8665 36.7958 57.3923
16145.0000 0.1000 77.0364 49.0000 36.4697 37.0890 56.8241
16146.0000 0.1038 77.3004 49.0000 36.3694 37.1189 57.2259
16147.0000 0.1039 77.2532 49.0000 36.0468 37.3887 57.1906
16148.0000 0.1051 77.0523 49.0000 35.9950 37.1537 57.1053
16149.0000 0.1037 76.7687 49.0000 35.7686 37.2251 56.8185
16150.0000 0.1063 77.0767 49.0000 35.5550 37.5234 57.1721
16151.0000 0.1063 77.2206 49.0000 35.4505 37.7685 57.2698
16152.0000 0.1114 77.1092 49.0000 35.1120 37.5741 57.4557
16153.0000 0.1094 77.0150 49.0000 35.1565 37.6109 57.2778
16154.0000 0.1169 76.9336 49.0000 34.8125 37.2616 57.6059
16155.0000 0.1168 77.2582 49.0000 35.1613 37.2290 57.8492
16156.0000 0.1195 77.3494 49.0000 34.4370 37.8327 58.0147
16157.0000 0.1196 76.8269 49.0000 34.4227 37.3459 57.6432
16158.0000 0.1140 76.5994 49.0000 34.7288 37.2717 57.2032
16159.0000 0.1193 76.4402 49.0000 34.2167 37.2100 57.3388
16160.0000 0.1108 76.3668 49.0000 34.6309 37.4083 56.8614
16161.0000 0.0991 76.4864 49.0000 34.6972 38.4553 56.2802
16162.0000 0.1037 76.9120 49.0000 34.6569 38.5069 56.8470
16163.0000 0.1008 76.7880 49.0000 35.1238 38.1518 56.6318
16164.0000 0.1043 76.7567 49.0000 34.6750 38.2890 56.7731
16165.0000 0.1051 76.9599 49.0000 35.0827 37.9967 56.9938
16166.0000 0.1131 77.3791 49.0000 34.6742 38.1467 57.7067
16167.0000 0.1110 77.3713 49.0000 34.5592 38.4352 57.5735
16168.0000 0.1084 77.5058 49.0000 34.7311 38.6041 57.5380
16169.0000 0.1055 77.0801 49.0000 35.0545 38.1044 57.1015
16170.0000 0.1102 77.2986 49.0000 34.8574 38.1219 57.5044
16171.0000 0.1087 77.1420 49.0000 34.8894 38.0676 57.3103
16172.0000 0.1068 76.9801 49.0000 34.7945 38.1676 57.0834
16173.0000 0.1084 76.8152 49.0000 35.0147 37.6437 57.0745
16174.0000 0.1068 76.9726 49.0000 35.4449 37.4892 57.1226
16175.0000 0.1082 77.4370 49.0000 35.2011 38.0721 57.5143
16176.0000 0.0975 77.2971 49.0000 35.4635 38.5902 56.8154
16177.0000 0.0971 77.3023 49.0000 35.6165 38.4716 56.8071
16178.0000 0.1052 77.5504 49.0000 35.6028 38.0227 57.4524
16179.0000 0.0969 77.2802 49.0000 35.6869 38.3945 56.7850
16180.0000 0.0961 77.3600 49.0000 35.7921 38.4299 56.8035
16181.0000 0.0874 77.2918 49.0000 36.3271 38.5935 56.2575
16182.0000 0.0917 77.3610 49.0000 36.1257 38.4799 56.5593
16183.0000 0.0957 77.4540 49.0000 36.1853 38.1523 56.8696
16184.0000 0.0978 77.6572 49.0000 36.6162 37.7229 57.1566
16185.0000 0.0942 77.2557 49.0000 36.6273 37.6437 56.6555
16186.0000 0.0946 77.5647 49.0000 36.8903 37.6368 56.9109
16187.0000 0.1024 77.7773 49.0000 36.3434 37.7196 57.4952
16188.0000 0.0972 77.6853 49.0000 36.4145 38.0084 57.1345
16189.0000 0.0972 77.5093 49.0000 36.7905 37.4631 57.0147
16190.0000 0.0950 77.6392 49.0000 36.6892 37.8842 56.9785
16191.0000 0.1024 77.6645 49.0000 36.7104 37.2446 57.4191
16192.0000 0.1005 77.6028 49.0000 36.7686 37.2859 57.2715
16193.0000 0.0951 77.4192 49.0000 36.7727 37.5702 56.8329
16194.0000 0.0992 77.5389 49.0000 36.7060 37.3984 57.1516
16195.0000 0.1035 77.7267 49.0000 36.4271 37.4894 57.5243
16196.0000 0.1026 77.3588 49.0000 36.5482 37.0919 57.2084
16197.0000 0.1022 77.3820 49.0000 36.4956 37.2015 57.2022
16198.0000 0.1004 77.5021 49.0000 36.4509 37.5237 57.1829
16199.0000 0.1045 77.7118 49.0000 36.2402 37.5819 57.5619
16200.0000 0.1080 77.6688 49.0000 36.2667 37.2228 57.7203
16201.0000 0.1104 77.8669 49.0000 36.3190 37.1581 57.9953
16202.0000 0.1016 77.6348 49.0000 36.4441 37.5512 57.3489
16203.0000 0.1066 78.0669 49.0000 36.1814 37.8014 57.9345
16204.0000 0.1044 78.0169 49.0000 36.4818 37.6395 57.7840
16205.0000 0.1097 78.3214 49.0000 36.3082 37.6594 58.2900
16206.0000 0.1058 78.1891 49.0000 36.4292 37.7401 57.9838
16207.0000 0.1070 78.2219 49.0000 36.3809 37.7134 58.0757
16208.0000 0.1101 78.3924 49.0000 36.2083 37.7929 58.3611
16209.0000 0.1078 78.5511 49.0000 36.2674 38.0736 58.3555
16210.0000 0.1153 78.7150 49.0000 35.8941 37.9809 58.8653
16211.0000 0.1205 78.9660 49.0000 35.7727 37.9120 59.3180
16212.0000 0.1212 78.8374 49.0000 36.1594 37.3415 59.2744
16213.0000 0.1313 79.1234 49.0000 35.8881 37.0675 59.9879
16214.0000 0.1284 78.8401 49.0000 35.4109 37.5198 59.6162
16215.0000 0.1346 78.9417 49.0000 35.5452 36.9873 60.0022
16216.0000 0.1189 78.6304 49.0000 36.3564 37.1392 59.0054
16217.0000 0.1193 78.6303 49.0000 35.8473 37.6168 59.0142
16218.0000 0.1173 78.5723 49.0000 35.9144 37.6558 58.8711
16219.0000 0.1161 78.4356 49.0000 36.0960 37.4438 58.7126
16220.0000 0.1094 78.4668 49.0000 36.1762 37.9524 58.3775
16221.0000 0.1094 78.7386 49.0000 36.2425 38.1434 58.5775
16222.0000 0.1055 78.7313 49.0000 36.6304 38.0755 58.3703
16223.0000 0.1071 78.7395 49.0000 36.2719 38.3153 58.4483
16224.0000 0.1040 78.7571 49.0000 36.4181 38.4513 58.2915
16225.0000 0.1051 78.5300 49.0000 35.8673 38.7004 58.1617
16226.0000 0.1049 78.0632 49.0000 36.0133 38.1151 57.8286
16227.0000 0.1054 78.3854 49.0000 35.8311 38.5673 58.0773
16228.0000 0.0974 78.2503 49.0000 36.1526 38.8145 57.5285
16229.0000 0.0982 77.9092 49.0000 36.0960 38.4693 57.3326
16230.0000 0.0970 78.1036 49.0000 36.2621 38.5896 57.4115
16231.0000 0.1040 78.3118 49.0000 35.9789 38.4668 57.9531
16232.0000 0.1023 78.2620 49.0000 35.8778 38.6695 57.8135
16233.0000 0.0994 78.3952 49.0000 36.2987 38.6218 57.7630
16234.0000 0.0983 78.5161 49.0000 36.2798 38.8590 57.7800
16235.0000 0.1024 78.6156 49.0000 36.0446 38.8328 58.0794
16236.0000 0.0967 78.7946 49.0000 36.2684 39.2891 57.8754
16237.0000 0.0912 78.9578 49.0000 36.7352 39.4634 57.6845
16238.0000 0.0903 79.2632 49.0000 37.1802 39.3882 57.8692
16239.0000 0.0930 79.2139 49.0000 37.2528 39.0104 58.0108
16240.0000 0.0938 79.2768 49.0000 37.6022 38.6433 58.1170
16241.0000 0.0997 79.3542 49.0000 37.4152 38.3799 58.5165
16242.0000 0.1108 79.6447 49.0000 36.9821 38.1342 59.3413
16243.0000 0.1094 79.4332 49.0000 36.9359 38.1023 59.1065
16244.0000 0.1069 79.4607 49.0000 37.3847 37.8924 58.9962
16245.0000 0.1035 78.9907 49.0000 37.0861 38.0375 58.4577
16246.0000 0.1038 78.9443 49.0000 37.1803 37.8684 58.4449
16247.0000 0.0973 78.6020 49.0000 37.2169 38.0718 57.8250
16248.0000 0.1002 78.9344 49.0000 37.3030 38.0508 58.2345
16249.0000 0.1006 78.4493 49.0000 36.9213 37.9313 57.8993
16250.0000 0.0996 78.3030 49.0000 36.7099 38.0935 57.7289
16251.0000 0.1025 78.3510 49.0000 36.6863 37.9117 57.9284
16252.0000 0.1067 78.3508 49.0000 36.5382 37.7033 58.1573
16253.0000 0.1066 78.1115 49.0000 36.2817 37.7406 57.9714
16254.0000 0.1068 78.0262 49.0000 36.5124 37.4135 57.9237
16255.0000 0.1140 77.9811 49.0000 36.1774 37.1062 58.2699
16256.0000 0.1035 78.0159 49.0000 36.6799 37.5132 57.7393
16257.0000 0.1062 77.9689 49.0000 36.6326 37.2909 57.8498
16258.0000 0.1150 78.3937 49.0000 36.3449 37.2483 58.6274
16259.0000 0.1156 78.2948 49.0000 36.3624 37.0871 58.5866
16260.0000 0.1118 78.5004 49.0000 36.5954 37.3580 58.5446
16261.0000 0.1132 78.3758 49.0000 36.1391 37.5841 58.5164
16262.0000 0.1164 78.3668 49.0000 35.7921 37.6637 58.6662
16263.0000 0.1178 78.3494 49.0000 35.6297 37.6955 58.7214
16264.0000 0.1149 77.6657 49.0000 35.4138 37.5053 58.0618
16265.0000 0.1176 77.6655 49.0000 35.2035 37.5052 58.1894
16266.0000 0.1128 77.7300 49.0000 35.2775 37.8857 57.9839
16267.0000 0.1092 77.5721 49.0000 35.2129 38.1028 57.6685
16268.0000 0.1133 77.9659 49.0000 34.8923 38.4638 58.1528
16269.0000 0.1124 77.8570 49.0000 35.2910 38.0226 58.0564
16270.0000 0.1130 77.7445 49.0000 35.6432 37.5096 58.0241
16271.0000 0.1141 77.8922 49.0000 36.0410 37.1503 58.2074
16272.0000 0.1157 77.9568 49.0000 36.1950 36.9261 58.3408
16273.0000 0.1100 78.0865 49.0000 35.8790 37.8443 58.1206
16274.0000 0.1140 77.9537 49.0000 35.9407 37.3210 58.2425
16275.0000 0.1167 77.5047 49.0000 35.4295 37.1925 58.0384
16276.0000 0.1194 77.3209 49.0000 35.1796 37.0538 58.0340
16277.0000 0.1199 77.5392 49.0000 35.4153 36.9793 58.2291
16278.0000 0.1177 77.6827 49.0000 35.4391 37.2714 58.2195
16279.0000 0.1193 77.4866 49.0000 35.5185 36.8771 58.1609
16280.0000 0.1241 77.5365 49.0000 35.4490 36.6059 58.4405
16281.0000 0.1222 77.6134 49.0000 35.3206 36.9626 58.3957
16282.0000 0.1246 78.0381 49.0000 35.4634 37.0246 58.8343
16283.0000 0.1285 77.9663 49.0000 35.4471 36.6609 58.9764
16284.0000 0.1326 78.0604 49.0000 35.6010 36.2745 59.2466
16285.0000 0.1390 77.5435 49.0000 34.8800 36.0343 59.1432
16286.0000 0.1367 77.4552 49.0000 34.8235 36.1854 58.9683
16287.0000 0.1353 77.6599 49.0000 34.9029 36.3951 59.0614
16288.0000 0.1373 77.5853 49.0000 35.3354 35.7423 59.1048
16289.0000 0.1395 77.5397 49.0000 35.2194 35.6465 59.1721
16290.0000 0.1379 77.6154 49.0000 35.1959 35.8642 59.1536
16291.0000 0.1407 77.1861 49.0000 34.7585 35.6984 58.9506
16292.0000 0.1409 76.7918 49.0000 34.5984 35.4825 58.6594
16293.0000 0.1429 76.6865 49.0000 34.3444 35.4915 58.6655
16294.0000 0.1417 76.4953 49.0000 34.2309 35.5201 58.4645
16295.0000 0.1350 76.1836 49.0000 34.4966 35.4708 57.9288
16296.0000 0.1324 76.1509 49.0000 34.5218 35.6090 57.7859
16297.0000 0.1315 76.3521 49.0000 34.7925 35.5907 57.9002
16298.0000 0.1389 76.5156 49.0000 34.6743 35.3028 58.3614
16299.0000 0.1368 76.4216 49.0000 34.8268 35.2221 58.1959
16300.0000 0.1291 75.9106 49.0000 34.7403 35.4182 57.4550
16301.0000 0.1280 75.6742 49.0000 34.6422 35.3836 57.2234
16302.0000 0.1260 75.6939 49.0000 34.3446 35.8538 57.1360
16303.0000 0.1353 76.0472 49.0000 34.1468 35.6732 57.8325
16304.0000 0.1370 76.1142 49.0000 34.1387 35.6126 57.9626
16305.0000 0.1393 76.1114 49.0000 34.2022 35.3783 58.0649
16306.0000 0.1340 75.7634 49.0000 34.1434 35.5132 57.5598
16307.0000 0.1298 75.8315 49.0000 34.5578 35.4781 57.4237
16308.0000 0.1316 75.8030 49.0000 34.1978 35.6750 57.4796
16309.0000 0.1282 75.9696 49.0000 34.6441 35.6380 57.4551
16310.0000 0.1253 76.1010 49.0000 34.9804 35.6519 57.4167
16311.0000 0.1303 76.3443 49.0000 34.7263 35.7490 57.8320
16312.0000 0.1283 76.0740 49.0000 34.5027 35.8746 57.5311
16313.0000 0.1228 75.8927 49.0000 34.4419 36.1914 57.1283
16314.0000 0.1218 75.6316 49.0000 34.5624 35.9031 56.8907
16315.0000 0.1237 75.7527 49.0000 34.4218 36.0116 57.0681
16316.0000 0.1236 75.8765 49.0000 34.8688 35.6847 57.1665
16317.0000 0.1306 75.6568 49.0000 34.1228 35.6962 57.3181
16318.0000 0.1312 75.9551 49.0000 34.0475 36.0006 57.5665
16319.0000 0.1251 76.1938 49.0000 34.4642 36.2676 57.4662
16320.0000 0.1227 76.3128 49.0000 34.6489 36.3854 57.4387
16321.0000 0.1248 76.0837 49.0000 34.3793 36.2783 57.3644
16322.0000 0.1271 76.3978 49.0000 34.5342 36.2352 57.7149
16323.0000 0.1179 76.4806 49.0000 35.0332 36.5356 57.3333
16324.0000 0.1204 76.6897 49.0000 35.0225 36.5409 57.6151
16325.0000 0.1233 76.8675 49.0000 35.1480 36.3490 57.8963
16326.0000 0.1206 76.5335 49.0000 35.1584 36.2423 57.5132
16327.0000 0.1160 76.3168 49.0000 34.7439 36.8221 57.1073
16328.0000 0.1178 76.5757 49.0000 34.6788 36.9932 57.3822
16329.0000 0.1161 76.4338 49.0000 34.1314 37.5514 57.1582
16330.0000 0.1172 76.3907 49.0000 34.5360 37.0126 57.2091
16331.0000 0.1231 77.0052 49.0000 34.5789 37.0694 57.9651
16332.0000 0.1210 76.8617 49.0000 34.3812 37.3042 57.7413
16333.0000 0.1219 76.8889 49.0000 34.4243 37.2159 57.8087
16334.0000 0.1133 76.2977 49.0000 34.5615 37.2107 56.9404
16335.0000 0.1130 76.1794 49.0000 34.4651 37.2223 56.8328
16336.0000 0.1147 76.2586 49.0000 34.3989 37.2230 56.9784
16337.0000 0.1090 76.3090 49.0000 34.4895 37.6551 56.7066
16338.0000 0.1063 76.2464 49.0000 34.5558 37.7503 56.5184
16339.0000 0.1009 76.2956 49.0000 34.9911 37.8063 56.2790
16340.0000 0.0993 76.0551 49.0000 34.9388 37.7602 56.0162
16341.0000 0.0931 75.9537 49.0000 35.1191 38.0188 55.5895
16342.0000 0.0913 75.8250 49.0000 34.8978 38.2867 55.3688
16343.0000 0.0988 75.9707 49.0000 34.6164 38.0619 55.8976
16344.0000 0.0952 75.8950 49.0000 34.3166 38.6220 55.5946
16345.0000 0.0966 76.2764 49.0000 34.3599 38.8286 55.9449
16346.0000 0.0987 76.3539 49.0000 34.4102 38.6583 56.1373
16347.0000 0.0961 76.4268 49.0000 34.6541 38.7051 56.0541
16348.0000 0.0977 76.2620 49.0000 34.4975 38.5700 56.0193
16349.0000 0.0943 76.3398 49.0000 34.6178 38.8246 55.8750
16350.0000 0.1001 76.2498 49.0000 34.4045 38.4472 56.1442
16351.0000 0.0979 75.9722 49.0000 34.3999 38.3714 55.8216
16352.0000 0.1040 76.3209 49.0000 34.4820 38.0907 56.4356
16353.0000 0.0941 76.3966 49.0000 34.8043 38.6995 55.9237
16354.0000 0.0965 76.2858 49.0000 34.6653 38.5208 55.9820
16355.0000 0.0891 76.2042 49.0000 35.1451 38.5963 55.5178
16356.0000 0.0926 76.5843 49.0000 34.9966 38.8138 55.9811
16357.0000 0.0905 76.0755 49.0000 34.6520 38.8711 55.4596
16358.0000 0.0808 76.2130 49.0000 35.0682 39.4745 54.9582
16359.0000 0.0830 76.2586 49.0000 34.7644 39.6410 55.0946
16360.0000 0.0823 76.3058 49.0000 34.7350 39.7858 55.0741
16361.0000 0.0879 76.6386 49.0000 34.6432 39.6900 55.6599
16362.0000 0.0882 76.7531 49.0000 34.6975 39.7176 55.7641
16363.0000 0.0857 76.7038 49.0000 34.8957 39.6842 55.5961
16364.0000 0.0865 77.0903 49.0000 35.0245 39.8587 55.9239
16365.0000 0.0868 76.9032 49.0000 35.1064 39.5536 55.8316
16366.0000 0.0871 77.0431 49.0000 35.4061 39.3448 55.9824
16367.0000 0.0854 77.0690 49.0000 35.3996 39.5430 55.8825
16368.0000 0.0889 77.0143 49.0000 35.3989 39.1561 56.0796
16369.0000 0.0832 76.8357 49.0000 35.4035 39.5086 55.5823
16370.0000 0.0785 76.7663 49.0000 35.7572 39.5126 55.2561
16371.0000 0.0783 76.6985 49.0000 35.7914 39.4330 55.1967
16372.0000 0.0791 76.6242 49.0000 35.4294 39.6657 55.1603
16373.0000 0.0723 76.3865 49.0000 35.6114 39.9050 54.5372
16374.0000 0.0750 76.6917 49.0000 35.8767 39.6637 54.9661
16375.0000 0.0729 76.6605 49.0000 35.6773 40.0625 54.7628
16376.0000 0.0743 76.3397 49.0000 35.5886 39.6793 54.6512
16377.0000 0.0720 76.3926 49.0000 35.8494 39.6867 54.5493
16378.0000 0.0713 76.3318 49.0000 35.7704 39.7838 54.4451
16379.0000 0.0745 75.9980 49.0000 35.6787 39.2182 54.4486
16380.0000 0.0759 76.1197 49.0000 35.7610 39.1112 54.6413
16381.0000 0.0742 76.4027 49.0000 36.0278 39.2848 54.7363
16382.0000 0.0709 76.3506 49.0000 36.2681 39.2979 54.4951
16383.0000 0.0737 76.3995 49.0000 36.1542 39.1930 54.7144
16384.0000 0.0758 76.4416 49.0000 35.9253 39.2727 54.8667
16385.0000 0.0762 76.4780 49.0000 35.9742 39.2185 54.9240
16386.0000 0.0789 76.5935 49.0000 35.6433 39.4277 55.1505
16387.0000 0.0768 76.5932 49.0000 35.4457 39.8463 54.9763
16388.0000 0.0780 76.8357 49.0000 35.2771 40.1593 55.1950
16389.0000 0.0822 77.0579 49.0000 35.2248 40.0286 55.6313
16390.0000 0.0805 76.9801 49.0000 35.1461 40.2061 55.4450
16391.0000 0.0846 77.0218 49.0000 35.0080 39.9921 55.7444
16392.0000 0.0800 76.8596 49.0000 34.6701 40.6562 55.2491
16393.0000 0.0868 77.0988 49.0000 34.1651 40.7921 55.7941
16394.0000 0.0880 77.1996 49.0000 34.2399 40.6902 55.9617
16395.0000 0.0798 77.0975 49.0000 34.8816 40.6936 55.4195
16396.0000 0.0821 77.2932 49.0000 35.0103 40.5133 55.7422
16397.0000 0.0758 77.1935 49.0000 35.2090 40.8288 55.2465
16398.0000 0.0771 77.3076 49.0000 35.5199 40.4674 55.4724
16399.0000 0.0740 77.2802 49.0000 35.4500 40.8400 55.2052
16400.0000 0.0701 77.2510 49.0000 35.9043 40.7187 54.9599
16401.0000 0.0735 77.2750 49.0000 35.7614 40.5371 55.2203
16402.0000 0.0708 77.2755 49.0000 35.7578 40.8312 55.0063
16403.0000 0.0724 77.7905 49.0000 35.7083 41.2557 55.4459
16404.0000 0.0795 77.4990 49.0000 35.7263 40.1966 55.8029
16405.0000 0.0827 77.7452 49.0000 35.5639 40.3084 56.1671
16406.0000 0.0838 77.3768 49.0000 35.5475 39.8459 55.9986
16407.0000 0.0779 77.4020 49.0000 36.0229 39.9350 55.6651
16408.0000 0.0799 77.3843 49.0000 35.9940 39.7537 55.7888
16409.0000 0.0752 76.8755 49.0000 36.1605 39.5200 55.1400
16410.0000 0.0780 77.1300 49.0000 35.9598 39.7171 55.4841
16411.0000 0.0709 76.7753 49.0000 36.2055 39.8078 54.7626
16412.0000 0.0712 77.2798 49.0000 36.3029 40.1913 55.1264
16413.0000 0.0737 77.3080 49.0000 36.1952 40.0822 55.3159
16414.0000 0.0759 77.3260 49.0000 35.9384 40.1558 55.4549
16415.0000 0.0799 77.3932 49.0000 35.9648 39.7876 55.7960
16416.0000 0.0832 77.4465 49.0000 35.6897 39.8159 56.0259
16417.0000 0.0738 77.3253 49.0000 36.0602 40.2311 55.3202
16418.0000 0.0748 77.3391 49.0000 35.8347 40.3957 55.3660
16419.0000 0.0699 77.3859 49.0000 36.4716 40.2488 55.1220
16420.0000 0.0702 77.5735 49.0000 36.3449 40.5507 55.2479
16421.0000 0.0722 77.4969 49.0000 36.2742 40.3444 55.3378
16422.0000 0.0787 77.5360 49.0000 35.8464 40.1841 55.7862
16423.0000 0.0783 77.4712 49.0000 35.7489 40.2633 55.7016
16424.0000 0.0699 77.4630 49.0000 36.3750 40.4311 55.1607
16425.0000 0.0718 77.6834 49.0000 35.8774 41.0206 55.3609
16426.0000 0.0697 77.5855 49.0000 36.0758 40.9132 55.1739
16427.0000 0.0718 77.9911 49.0000 36.1188 41.0694 55.5999
16428.0000 0.0741 78.1909 49.0000 36.3711 40.7482 55.9513
16429.0000 0.0765 78.2709 49.0000 36.2293 40.7471 56.1555
16430.0000 0.0719 78.1729 49.0000 36.9079 40.3748 55.8451
16431.0000 0.0645 78.3012 49.0000 36.9526 41.2525 55.3518
16432.0000 0.0671 78.0164 49.0000 36.4962 41.1794 55.3068
16433.0000 0.0684 77.8173 49.0000 36.2946 41.0542 55.2520
16434.0000 0.0653 77.7952 49.0000 36.7710 40.8336 55.0690
16435.0000 0.0676 77.9998 49.0000 36.3808 41.2352 55.3179
16436.0000 0.0672 78.1335 49.0000 36.6243 41.1446 55.4132
16437.0000 0.0697 78.3027 49.0000 36.2140 41.5129 55.6465
16438.0000 0.0678 78.4234 49.0000 36.4643 41.5637 55.6151
16439.0000 0.0674 78.1139 49.0000 36.3105 41.4605 55.3566
16440.0000 0.0675 77.8754 49.0000 36.4960 40.9926 55.2470
16441.0000 0.0654 77.9409 49.0000 36.3241 41.4813 55.0876
16442.0000 0.0687 77.8667 49.0000 35.9296 41.4935 55.2320
16443.0000 0.0634 77.4407 49.0000 36.4358 41.0509 54.6290
16444.0000 0.0581 77.4530 49.0000 36.8911 41.1591 54.2580
16445.0000 0.0594 77.4269 49.0000 36.8643 41.0112 54.3510
16446.0000 0.0560 77.2113 49.0000 37.0455 40.9614 53.9572
16447.0000 0.0615 77.6961 49.0000 36.9676 40.9434 54.7148
16448.0000 0.0645 77.5131 49.0000 36.4984 40.9391 54.7735
16449.0000 0.0618 77.4586 49.0000 36.8920 40.7347 54.5847
16450.0000 0.0685 77.6476 49.0000 36.6812 40.4360 55.2139
16451.0000 0.0660 77.7971 49.0000 36.4073 41.1672 55.0650
16452.0000 0.0635 77.6200 49.0000 36.3229 41.3582 54.7267
16453.0000 0.0674 77.6289 49.0000 36.2344 41.0371 55.0388
16454.0000 0.0714 77.9701 49.0000 36.7551 40.3858 55.6541
16455.0000 0.0624 77.4199 49.0000 36.9796 40.5315 54.6219
16456.0000 0.0636 77.7508 49.0000 37.2888 40.4081 54.9720
16457.0000 0.0609 77.4517 49.0000 37.2640 40.4186 54.5573
16458.0000 0.0621 77.7078 49.0000 37.3800 40.4291 54.8337
16459.0000 0.0637 77.6391 49.0000 37.2515 40.3256 54.8999
16460.0000 0.0667 77.2881 49.0000 37.0389 39.8695 54.8815
16461.0000 0.0703 77.1154 49.0000 36.5147 39.8839 54.9794
16462.0000 0.0731 77.0017 49.0000 36.1973 39.8219 55.0747
16463.0000 0.0718 77.4021 49.0000 36.5229 40.0103 55.2842
16464.0000 0.0664 76.8886 49.0000 36.7806 39.7641 54.5698
16465.0000 0.0703 76.9218 49.0000 36.5654 39.6326 54.8560
16466.0000 0.0693 77.0836 49.0000 36.6959 39.7530 54.9090
16467.0000 0.0702 76.9912 49.0000 36.5534 39.7230 54.8960
16468.0000 0.0763 77.1082 49.0000 36.1075 39.7039 55.3672
16469.0000 0.0771 76.9228 49.0000 35.7594 39.8139 55.2561
16470.0000 0.0767 77.1350 49.0000 35.8695 39.9543 55.3791
16471.0000 0.0816 77.3799 49.0000 35.6504 39.9541 55.8603
16472.0000 0.0806 77.1544 49.0000 35.5561 39.9272 55.6272
16473.0000 0.0822 76.9199 49.0000 35.5901 39.4944 55.5896
16474.0000 0.0892 76.7290 49.0000 35.1412 39.1161 55.8781
16475.0000 0.0959 77.0926 49.0000 35.2850 38.7200 56.5597
16476.0000 0.0942 77.1562 49.0000 35.4486 38.7556 56.5196
16477.0000 0.0898 76.8020 49.0000 35.4252 38.8328 55.9966
16478.0000 0.0830 76.5685 49.0000 35.8631 38.7700 55.4388
16479.0000 0.0839 76.5372 49.0000 35.9124 38.6095 55.4757
16480.0000 0.0851 76.7353 49.0000 36.1605 38.4301 55.7121
16481.0000 0.0852 76.5011 49.0000 35.8881 38.4776 55.5332
16482.0000 0.0850 76.9128 49.0000 36.0742 38.7043 55.8230
16483.0000 0.0855 76.8933 49.0000 35.9514 38.7726 55.8279
16484.0000 0.0812 76.7525 49.0000 35.9197 39.0726 55.4442
16485.0000 0.0785 76.6888 49.0000 35.9701 39.2098 55.2260
16486.0000 0.0832 76.7517 49.0000 35.7628 39.0458 55.5632
16487.0000 0.0745 76.9132 49.0000 36.2543 39.5246 55.1278
16488.0000 0.0706 76.5716 49.0000 36.2959 39.5289 54.6195
16489.0000 0.0735 76.6965 49.0000 36.1061 39.5665 54.8926
16490.0000 0.0775 76.8068 49.0000 36.6588 38.7024 55.2950
16491.0000 0.0746 76.8821 49.0000 36.4634 39.2634 55.1331
16492.0000 0.0719 76.6649 49.0000 36.3243 39.4611 54.7802
16493.0000 0.0677 76.5503 49.0000 36.4157 39.6757 54.4031
16494.0000 0.0658 76.5840 49.0000 36.6307 39.6784 54.3040
16495.0000 0.0683 76.4689 49.0000 36.6423 39.2839 54.4206
16496.0000 0.0721 76.5524 49.0000 36.6143 39.0200 54.7458
16497.0000 0.0684 76.3178 49.0000 36.6829 39.0829 54.3258
16498.0000 0.0671 76.0776 49.0000 36.4183 39.2446 54.0497
16499.0000 0.0635 75.7365 49.0000 36.3998 39.2928 53.5458
16500.0000 0.0632 76.0727 49.0000 36.8329 39.2018 53.7923
16501.0000 0.0636 75.9606 49.0000 36.5637 39.3392 53.7173
16502.0000 0.0606 75.7677 49.0000 36.7866 39.2193 53.3793
16503.0000 0.0618 75.4884 49.0000 36.6973 38.8894 53.2863
16504.0000 0.0656 75.5688 49.0000 36.4300 38.8645 53.6008
16505.0000 0.0619 75.6151 49.0000 36.3562 39.3799 53.3395
16506.0000 0.0650 75.4043 49.0000 36.2417 38.9647 53.4237
16507.0000 0.0652 75.2932 49.0000 36.1450 38.9243 53.3620
16508.0000 0.0685 75.5077 49.0000 36.0928 38.8698 53.7388
16509.0000 0.0679 75.4954 49.0000 36.0271 38.9902 53.6784
16510.0000 0.0635 75.2764 49.0000 36.0916 39.1446 53.2131
16511.0000 0.0674 75.4174 49.0000 36.1730 38.7998 53.6085
16512.0000 0.0686 75.1387 49.0000 35.9950 38.5883 53.4895
16513.0000 0.0638 75.2860 49.0000 36.2094 39.0004 53.2525
16514.0000 0.0629 75.1628 49.0000 36.2005 38.9697 53.1068
16515.0000 0.0669 75.2477 49.0000 36.3164 38.5289 53.4683
16516.0000 0.0694 75.0514 49.0000 35.8531 38.5653 53.4789
16517.0000 0.0710 75.2518 49.0000 36.0060 38.4535 53.7376
16518.0000 0.0721 75.5949 49.0000 36.3158 38.3628 54.0744
16519.0000 0.0722 75.8379 49.0000 36.1893 38.7287 54.2385
16520.0000 0.0746 76.0318 49.0000 35.8477 39.0595 54.4989
16521.0000 0.0731 75.9759 49.0000 35.9974 38.9914 54.3709
16522.0000 0.0735 75.9802 49.0000 35.5815 39.3964 54.3587
16523.0000 0.0731 76.0450 49.0000 35.9105 39.1545 54.4078
16524.0000 0.0739 76.0513 49.0000 35.8635 39.1331 54.4630
16525.0000 0.0789 76.4318 49.0000 35.9361 38.9462 55.0782
16526.0000 0.0751 76.3894 49.0000 36.1463 39.0517 54.8065
16527.0000 0.0751 76.3767 49.0000 36.1565 39.0255 54.8007
16528.0000 0.0730 76.2476 49.0000 36.1294 39.1346 54.5605
16529.0000 0.0753 75.8383 49.0000 36.0212 38.6034 54.4399
16530.0000 0.0809 76.1211 49.0000 35.8209 38.5640 54.9919
16531.0000 0.0804 76.1617 49.0000 36.3111 38.1456 55.0184
16532.0000 0.0709 75.7250 49.0000 36.3460 38.5819 54.0803
16533.0000 0.0747 75.8763 49.0000 36.3443 38.3654 54.4464
16534.0000 0.0723 75.7956 49.0000 36.4276 38.4259 54.2352
16535.0000 0.0705 75.9363 49.0000 36.0586 39.1448 54.1644
16536.0000 0.0666 75.5313 49.0000 36.4439 38.7096 53.6506
16537.0000 0.0705 75.5459 49.0000 36.2897 38.4996 53.9260
16538.0000 0.0711 75.4128 49.0000 36.2112 38.3829 53.8758
16539.0000 0.0711 75.5594 49.0000 36.2324 38.5081 53.9774
16540.0000 0.0716 75.5382 49.0000 36.2007 38.4764 53.9916
16541.0000 0.0692 75.4428 49.0000 36.6094 38.1850 53.7891
16542.0000 0.0680 75.2085 49.0000 36.5285 38.1559 53.5360
16543.0000 0.0703 75.4625 49.0000 36.4162 38.2984 53.8672
16544.0000 0.0669 75.6143 49.0000 36.2728 38.9443 53.7136
16545.0000 0.0648 75.6829 49.0000 36.4636 39.0355 53.6147
16546.0000 0.0638 75.8731 49.0000 36.6905 39.0848 53.6928
16547.0000 0.0653 76.1556 49.0000 36.6110 39.3111 53.9810
16548.0000 0.0637 76.1968 49.0000 36.7613 39.3546 53.9053
16549.0000 0.0661 75.8873 49.0000 36.3764 39.1982 53.8437
16550.0000 0.0701 76.0446 49.0000 36.1692 39.1715 54.2232
16551.0000 0.0721 76.0638 49.0000 36.2147 38.9487 54.3801
16552.0000 0.0695 76.1266 49.0000 36.5003 38.9617 54.2676
16553.0000 0.0711 76.0069 49.0000 36.2014 39.0020 54.2711
16554.0000 0.0718 75.5436 49.0000 36.1872 38.4719 54.0114
16555.0000 0.0758 75.6054 49.0000 35.7070 38.6582 54.2838
16556.0000 0.0715 75.7872 49.0000 35.9883 38.9630 54.1334
16557.0000 0.0669 75.9333 49.0000 36.2858 39.2583 53.9259
16558.0000 0.0720 76.2953 49.0000 36.2065 39.2045 54.5259
16559.0000 0.0673 76.3203 49.0000 36.1004 39.8218 54.1827
16560.0000 0.0717 76.4621 49.0000 36.1865 39.4250 54.6137
16561.0000 0.0738 76.4378 49.0000 36.2255 39.1426 54.7568
16562.0000 0.0782 76.2849 49.0000 35.9972 38.8031 54.9355
16563.0000 0.0796 76.2012 49.0000 35.9101 38.6746 54.9669
16564.0000 0.0760 76.2322 49.0000 36.1490 38.8019 54.7633
16565.0000 0.0733 76.2249 49.0000 36.1417 39.0675 54.5687
16566.0000 0.0743 76.0759 49.0000 36.5219 38.4222 54.5659
16567.0000 0.0717 76.0179 49.0000 36.5460 38.5901 54.3499
16568.0000 0.0717 75.8304 49.0000 36.4429 38.5033 54.2186
16569.0000 0.0734 76.1776 49.0000 36.3381 38.7988 54.5639
16570.0000 0.0746 76.0509 49.0000 36.2237 38.6780 54.5491
16571.0000 0.0724 75.9471 49.0000 36.5359 38.4565 54.3524
16572.0000 0.0724 76.1118 49.0000 36.2524 38.9198 54.4427
16573.0000 0.0706 76.1898 49.0000 36.0460 39.4021 54.3419
16574.0000 0.0718 76.4458 49.0000 36.1638 39.4193 54.6101
16575.0000 0.0732 76.5753 49.0000 36.4891 39.0654 54.8290
16576.0000 0.0696 76.2960 49.0000 36.5897 39.0382 54.3902
16577.0000 0.0682 76.2033 49.0000 36.7976 38.8615 54.2463
16578.0000 0.0753 76.5319 49.0000 36.9335 38.3524 54.9741
16579.0000 0.0709 76.5500 49.0000 37.1428 38.5797 54.6985
16580.0000 0.0669 76.2490 49.0000 36.9834 38.8504 54.1921
16581.0000 0.0676 76.0673 49.0000 36.8556 38.7205 54.1168
16582.0000 0.0670 75.7158 49.0000 36.9654 38.3186 53.8342
16583.0000 0.0649 75.5186 49.0000 37.0226 38.2692 53.5524
16584.0000 0.0698 75.8510 49.0000 36.9612 38.1760 54.1280
16585.0000 0.0718 75.7433 49.0000 36.6143 38.2348 54.1714
16586.0000 0.0703 75.9039 49.0000 36.4654 38.7006 54.1659
16587.0000 0.0673 75.8131 49.0000 36.5483 38.8224 53.8950
16588.0000 0.0709 75.5940 49.0000 36.4463 38.3424 53.9998
16589.0000 0.0717 75.7204 49.0000 36.1075 38.7520 54.1120
16590.0000 0.0730 75.7511 49.0000 36.3892 38.3592 54.2460
16591.0000 0.0673 75.6268 49.0000 36.3950 38.7939 53.7573
16592.0000 0.0675 75.7171 49.0000 36.5684 38.6751 53.8523
16593.0000 0.0663 75.8213 49.0000 36.4100 39.0792 53.8145
16594.0000 0.0624 75.7626 49.0000 36.7389 39.0663 53.5168
16595.0000 0.0656 75.5976 49.0000 36.5439 38.7741 53.6293
16596.0000 0.0663 75.6700 49.0000 36.5130 38.8114 53.7254
16597.0000 0.0670 75.7559 49.0000 36.3647 38.9838 53.8222
16598.0000 0.0761 75.8831 49.0000 36.3860 38.1967 54.5465
16599.0000 0.0787 76.2227 49.0000 36.3824 38.2933 54.9531
16600.0000 0.0712 75.7951 49.0000 36.2191 38.7605 54.1359
16601.0000 0.0766 76.0403 49.0000 36.0589 38.6499 54.6632
16602.0000 0.0762 75.9051 49.0000 35.5932 39.0384 54.5043
16603.0000 0.0766 76.0011 49.0000 35.8419 38.8339 54.6210
16604.0000 0.0685 75.6307 49.0000 36.0827 39.0068 53.8193
16605.0000 0.0715 76.0703 49.0000 35.9343 39.3122 54.3136
16606.0000 0.0696 75.9458 49.0000 36.0015 39.3071 54.0981
16607.0000 0.0684 75.5508 49.0000 35.9941 39.0282 53.7508
16608.0000 0.0718 75.7056 49.0000 35.7492 39.1048 54.0753
16609.0000 0.0698 75.2972 49.0000 35.2916 39.3905 53.5963
16610.0000 0.0706 75.5707 49.0000 35.3162 39.5626 53.8377
16611.0000 0.0706 75.6154 49.0000 35.0374 39.9196 53.8191
16612.0000 0.0724 75.5885 49.0000 35.0812 39.6532 53.9496
16613.0000 0.0758 75.9115 49.0000 35.1623 39.5533 54.4216
16614.0000 0.0754 76.1807 49.0000 35.1613 39.8715 54.5660
16615.0000 0.0763 75.7152 49.0000 35.0129 39.4725 54.3030
16616.0000 0.0838 75.7229 49.0000 34.5805 39.2162 54.7744
16617.0000 0.0842 75.8298 49.0000 34.4620 39.4162 54.8533
16618.0000 0.0814 75.8990 49.0000 34.7594 39.4326 54.7496
16619.0000 0.0804 75.8300 49.0000 34.8078 39.4074 54.6413
16620.0000 0.0788 75.8551 49.0000 34.8223 39.5703 54.5489
16621.0000 0.0772 75.3839 49.0000 35.0844 38.9630 54.1636
16622.0000 0.0754 75.6666 49.0000 35.0390 39.4823 54.2112
16623.0000 0.0725 75.6981 49.0000 35.0917 39.7461 54.0280
16624.0000 0.0762 75.8072 49.0000 34.7609 39.8561 54.3130
16625.0000 0.0724 75.5385 49.0000 34.9255 39.7792 53.8877
16626.0000 0.0753 75.7105 49.0000 35.1483 39.4143 54.2512
16627.0000 0.0775 76.1663 49.0000 35.0629 39.7631 54.6881
16628.0000 0.0757 75.9693 49.0000 35.4736 39.2902 54.4907
16629.0000 0.0740 76.2184 49.0000 35.7278 39.4374 54.5661
16630.0000 0.0743 76.3171 49.0000 35.3565 39.9148 54.5988
16631.0000 0.0769 76.4727 49.0000 35.2468 39.9329 54.8734
16632.0000 0.0777 76.0670 49.0000 34.9241 39.7847 54.6230
16633.0000 0.0784 76.1809 49.0000 35.2404 39.4885 54.7933
16634.0000 0.0703 75.7432 49.0000 35.6781 39.3777 53.9768
16635.0000 0.0726 75.9251 49.0000 35.4948 39.5280 54.2428
16636.0000 0.0787 75.8253 49.0000 34.9907 39.3726 54.5429
16637.0000 0.0806 75.9866 49.0000 35.1428 39.1813 54.8067
16638.0000 0.0814 75.8776 49.0000 35.1850 38.9499 54.7935
16639.0000 0.0813 75.8565 49.0000 35.1673 38.9592 54.7690
16640.0000 0.0786 75.7761 49.0000 35.1562 39.1438 54.5327
16641.0000 0.0813 75.8124 49.0000 34.8702 39.2374 54.6993
16642.0000 0.0756 75.6636 49.0000 34.9952 39.5073 54.2170
16643.0000 0.0775 75.9334 49.0000 34.8958 39.7057 54.5126
16644.0000 0.0818 75.8886 49.0000 34.4730 39.6936 54.7275
16645.0000 0.0857 75.7581 49.0000 34.3682 39.3027 54.8945
16646.0000 0.0811 75.6752 49.0000 34.6094 39.3973 54.5599
16647.0000 0.0868 75.9141 49.0000 34.1554 39.5909 55.0357
16648.0000 0.0828 75.9703 49.0000 34.5004 39.6531 54.8529
16649.0000 0.0872 76.0432 49.0000 34.2075 39.6245 55.1572
16650.0000 0.0861 75.9840 49.0000 34.3345 39.5355 55.0605
16651.0000 0.0874 75.9581 49.0000 34.4990 39.2045 55.1585
16652.0000 0.0843 75.8005 49.0000 34.4673 39.3698 54.8428
16653.0000 0.0915 76.2967 49.0000 34.4928 39.1636 55.6565
16654.0000 0.0920 76.3632 49.0000 34.2844 39.4091 55.7031
16655.0000 0.0934 76.2573 49.0000 34.2569 39.2042 55.7196
16656.0000 0.0854 76.2297 49.0000 34.5179 39.6433 55.2076
16657.0000 0.0864 76.0684 49.0000 34.6243 39.2705 55.1851
16658.0000 0.0765 75.9996 49.0000 35.1304 39.6136 54.5212
16659.0000 0.0758 76.0454 49.0000 34.9401 39.9376 54.4709
16660.0000 0.0752 76.2097 49.0000 35.1500 39.9361 54.5666
16661.0000 0.0764 76.2181 49.0000 34.9599 40.0382 54.6254
16662.0000 0.0771 76.6340 49.0000 34.9526 40.4010 54.9440
16663.0000 0.0741 76.6864 49.0000 35.0753 40.6279 54.7713
16664.0000 0.0757 76.4964 49.0000 34.7764 40.6035 54.7143
16665.0000 0.0720 76.6729 49.0000 35.4111 40.4627 54.6586
16666.0000 0.0687 76.6444 49.0000 35.5790 40.5954 54.4106
16667.0000 0.0711 77.0308 49.0000 35.7323 40.5750 54.8691
16668.0000 0.0723 77.0168 49.0000 35.5391 40.6477 54.9211
16669.0000 0.0762 77.1446 49.0000 35.6229 40.2827 55.3137
16670.0000 0.0727 77.0790 49.0000 35.5709 40.6286 55.0019
16671.0000 0.0695 76.8155 49.0000 35.8999 40.3258 54.6411
16672.0000 0.0689 77.0990 49.0000 36.0367 40.5370 54.7939
16673.0000 0.0639 76.8417 49.0000 36.1703 40.6557 54.2537
16674.0000 0.0662 76.7233 49.0000 35.8455 40.6438 54.3107
16675.0000 0.0677 76.3658 49.0000 35.8381 40.1127 54.2064
16676.0000 0.0647 76.0431 49.0000 35.9166 40.0083 53.7763
16677.0000 0.0693 76.5571 49.0000 36.1991 39.7567 54.4979
16678.0000 0.0683 76.5862 49.0000 36.1954 39.8913 54.4428
16679.0000 0.0695 77.0388 49.0000 36.1014 40.3363 54.8146
16680.0000 0.0718 77.2419 49.0000 36.1660 40.2388 55.1286
16681.0000 0.0750 77.3650 49.0000 35.7860 40.4486 55.3951
16682.0000 0.0700 77.3067 49.0000 36.2330 40.4214 55.0418
16683.0000 0.0670 77.2607 49.0000 36.0005 40.9508 54.7377
16684.0000 0.0674 76.9712 49.0000 35.8573 40.7616 54.5648
16685.0000 0.0687 77.1708 49.0000 35.9583 40.7208 54.8102
16686.0000 0.0689 76.6543 49.0000 35.7004 40.4421 54.4591
16687.0000 0.0775 76.7251 49.0000 35.3027 40.0696 55.0898
16688.0000 0.0766 76.5520 49.0000 35.0908 40.2117 54.8804
16689.0000 0.0789 76.5563 49.0000 34.7712 40.3395 54.9959
16690.0000 0.0743 76.8698 49.0000 35.2455 40.6095 54.9326
16691.0000 0.0762 77.1450 49.0000 35.2492 40.6986 55.2491
16692.0000 0.0737 77.3874 49.0000 35.2753 41.1855 55.2106
16693.0000 0.0708 77.3831 49.0000 35.5021 41.2355 55.0216
16694.0000 0.0693 77.4119 49.0000 35.5362 41.3942 54.9208
16695.0000 0.0736 77.3946 49.0000 35.5344 40.9040 55.2638
16696.0000 0.0736 77.5490 49.0000 35.2931 41.3484 55.3042
16697.0000 0.0709 77.4773 49.0000 35.2867 41.5712 55.0401
16698.0000 0.0727 77.5698 49.0000 35.1567 41.6266 55.2115
16699.0000 0.0700 77.0873 49.0000 34.8687 41.7412 54.6288
16700.0000 0.0702 77.1979 49.0000 34.7779 41.9512 54.6819
16701.0000 0.0732 76.7780 49.0000 34.5718 41.4111 54.6331
16702.0000 0.0761 77.0772 49.0000 34.7750 41.1699 55.1057
16703.0000 0.0742 77.3497 49.0000 34.9394 41.4752 55.1546
16704.0000 0.0756 77.5474 49.0000 34.6899 41.8224 55.3271
16705.0000 0.0750 77.3510 49.0000 34.5164 41.8824 55.1150
16706.0000 0.0716 77.4195 49.0000 34.9506 41.8253 54.9807
16707.0000 0.0734 77.3921 49.0000 34.8003 41.7691 55.0801
16708.0000 0.0718 77.6038 49.0000 35.0366 41.8953 55.1323
16709.0000 0.0699 77.4326 49.0000 34.5828 42.4765 54.7319
16710.0000 0.0748 77.5249 49.0000 34.4309 42.1946 55.1746
16711.0000 0.0770 77.6384 49.0000 34.4317 42.0766 55.4232
16712.0000 0.0765 77.6925 49.0000 34.3855 42.2417 55.4022
16713.0000 0.0770 77.1563 49.0000 34.1075 41.9464 55.0479
16714.0000 0.0779 77.1007 49.0000 33.9889 41.9243 55.0602
16715.0000 0.0721 77.0794 49.0000 34.4598 41.9919 54.6848
16716.0000 0.0741 76.9246 49.0000 34.3665 41.7114 54.7402
16717.0000 0.0749 76.9800 49.0000 34.2265 41.8403 54.8075
16718.0000 0.0733 76.7649 49.0000 34.0682 41.9900 54.4890
16719.0000 0.0702 76.8606 49.0000 34.0945 42.4206 54.2735
16720.0000 0.0726 76.7012 49.0000 34.0583 42.0021 54.3960
16721.0000 0.0718 76.4752 49.0000 34.1648 41.7231 54.2255
16722.0000 0.0724 76.1972 49.0000 33.9121 41.6593 54.0415
16723.0000 0.0756 76.1501 49.0000 33.6931 41.5175 54.2209
16724.0000 0.0816 76.3578 49.0000 33.4587 41.3660 54.7712
16725.0000 0.0797 76.0708 49.0000 33.7017 40.9799 54.5124
16726.0000 0.0833 76.3287 49.0000 33.4911 41.1181 54.8973
16727.0000 0.0864 76.0943 49.0000 33.2170 40.8742 54.9206
16728.0000 0.0804 76.0386 49.0000 33.2306 41.4292 54.4171
16729.0000 0.0824 76.4115 49.0000 33.2919 41.5384 54.8172
16730.0000 0.0868 75.9628 49.0000 32.8721 41.0918 54.7836
16731.0000 0.0876 75.9526 49.0000 32.8796 40.9899 54.8412
16732.0000 0.0885 75.8502 49.0000 33.1517 40.4830 54.9121
16733.0000 0.0898 75.7974 49.0000 33.0988 40.3588 54.9625
16734.0000 0.0925 76.1150 49.0000 32.8556 40.7023 55.2931
16735.0000 0.0921 76.2705 49.0000 32.7685 40.9994 55.3395
16736.0000 0.0879 76.2401 49.0000 32.9044 41.2294 55.0453
16737.0000 0.0922 76.2802 49.0000 32.8115 40.9468 55.3664
16738.0000 0.0868 76.3816 49.0000 33.1258 41.2387 55.1017
16739.0000 0.0831 76.2296 49.0000 33.0731 41.5229 54.7081
16740.0000 0.0807 76.5362 49.0000 33.3253 41.8068 54.7668
16741.0000 0.0778 76.4913 49.0000 33.3544 42.0472 54.5017
16742.0000 0.0750 76.4425 49.0000 33.5276 42.1013 54.2848
16743.0000 0.0742 76.4833 49.0000 33.7171 42.0051 54.2994
16744.0000 0.0751 76.2723 49.0000 33.6837 41.7159 54.2462
16745.0000 0.0773 76.2685 49.0000 33.9192 41.1812 54.5020
16746.0000 0.0717 75.8687 49.0000 33.8662 41.4331 53.7814
16747.0000 0.0741 75.7733 49.0000 33.8714 41.0627 53.9275
16748.0000 0.0788 76.2494 49.0000 33.8817 41.0480 54.5991
16749.0000 0.0788 76.5174 49.0000 33.7489 41.4938 54.7193
16750.0000 0.0732 76.6952 49.0000 33.8961 42.1309 54.3893
16751.0000 0.0767 76.4910 49.0000 33.4361 42.0735 54.4309
16752.0000 0.0716 76.5599 49.0000 33.7754 42.3148 54.1304
16753.0000 0.0752 76.5369 49.0000 34.0569 41.5337 54.5250
16754.0000 0.0764 76.2160 49.0000 33.8433 41.3143 54.3749
16755.0000 0.0758 76.0611 49.0000 34.0774 40.9371 54.2972
16756.0000 0.0773 76.4142 49.0000 34.1937 41.0181 54.6574
16757.0000 0.0747 76.2866 49.0000 34.1557 41.2110 54.3571
16758.0000 0.0759 76.2244 49.0000 33.9426 41.2644 54.3627
16759.0000 0.0775 75.9425 49.0000 33.7091 41.0609 54.2675
16760.0000 0.0788 75.5676 49.0000 33.6079 40.6479 54.1176
16761.0000 0.0786 75.7620 49.0000 33.3184 41.2196 54.1361
16762.0000 0.0830 75.9769 49.0000 33.1447 41.1850 54.5685
16763.0000 0.0839 75.4087 49.0000 33.0615 40.5927 54.2738
16764.0000 0.0869 75.4685 49.0000 33.0100 40.4096 54.5243
16765.0000 0.0895 75.9565 49.0000 33.1686 40.4777 55.0527
16766.0000 0.0821 75.2734 49.0000 33.5007 40.1263 54.1634
16767.0000 0.0820 75.3485 49.0000 33.2429 40.5091 54.1415
16768.0000 0.0851 75.4441 49.0000 33.1210 40.4324 54.4061
16769.0000 0.0909 75.7454 49.0000 32.9860 40.3241 54.9842
16770.0000 0.0819 75.2596 49.0000 33.2323 40.4396 54.0764
16771.0000 0.0850 75.2078 49.0000 33.0667 40.2588 54.2405
16772.0000 0.0794 75.2706 49.0000 33.3421 40.5877 53.9130
16773.0000 0.0792 75.3715 49.0000 33.3482 40.7035 53.9628
16774.0000 0.0779 75.1733 49.0000 33.1727 40.8352 53.6943
16775.0000 0.0794 75.1461 49.0000 33.2874 40.5098 53.8316
16776.0000 0.0807 75.2793 49.0000 33.1662 40.6656 53.9748
16777.0000 0.0843 75.4608 49.0000 33.0960 40.5679 54.3436
16778.0000 0.0849 75.0172 49.0000 32.7832 40.3991 54.0440
16779.0000 0.0833 74.9840 49.0000 32.8932 40.3973 53.9323
16780.0000 0.0874 75.1794 49.0000 32.4663 40.6895 54.2425
16781.0000 0.0846 74.8240 49.0000 32.8826 40.1199 53.9236
16782.0000 0.0895 74.7214 49.0000 32.7323 39.7028 54.1809
16783.0000 0.0893 74.6243 49.0000 32.5492 39.8255 54.0671
16784.0000 0.0886 74.7880 49.0000 32.6060 39.9977 54.1320
16785.0000 0.0878 74.8739 49.0000 32.5967 40.1730 54.1265
16786.0000 0.0909 74.8921 49.0000 32.3959 40.1220 54.3099
16787.0000 0.0953 74.9589 49.0000 32.1485 40.0469 54.6036
16788.0000 0.0916 74.9449 49.0000 32.1254 40.4207 54.3218
16789.0000 0.0890 75.0503 49.0000 32.1503 40.7580 54.2004
16790.0000 0.0902 75.0583 49.0000 31.9683 40.8622 54.2407
16791.0000 0.0883 74.9215 49.0000 32.0081 40.8685 54.0229
16792.0000 0.0911 75.0854 49.0000 31.8195 40.9780 54.2784
16793.0000 0.0884 75.0049 49.0000 31.9876 40.9676 54.0757
16794.0000 0.0912 74.9258 49.0000 31.9025 40.7002 54.2180
16795.0000 0.0952 75.0136 49.0000 31.8137 40.4977 54.5423
16796.0000 0.0960 75.1701 49.0000 31.8399 40.5470 54.7057
16797.0000 0.0902 74.9440 49.0000 31.9184 40.8016 54.1577
16798.0000 0.0946 75.3329 49.0000 32.1383 40.5089 54.7832
16799.0000 0.0950 75.5265 49.0000 32.0218 40.8041 54.8988
16800.0000 0.0963 75.4952 49.0000 32.4897 40.1145 55.0888
16801.0000 0.0977 75.5610 49.0000 32.0712 40.5235 55.1248
16802.0000 0.0975 75.9341 49.0000 32.5090 40.4265 55.4514
16803.0000 0.0951 75.5714 49.0000 32.3693 40.4391 55.0267
16804.0000 0.0943 75.4448 49.0000 32.6365 40.0870 54.9528
16805.0000 0.0971 75.3863 49.0000 32.5219 39.8963 55.0791
16806.0000 0.0970 75.6633 49.0000 32.6852 40.0002 55.2865
16807.0000 0.0953 75.8257 49.0000 32.3193 40.7415 55.1827
16808.0000 0.0955 76.0590 49.0000 32.3800 40.8897 55.3582
16809.0000 0.0937 76.1890 49.0000 32.1082 41.5168 55.2284
16810.0000 0.0900 76.1255 49.0000 32.3963 41.4943 54.9890
16811.0000 0.0930 76.1558 49.0000 32.1828 41.4719 55.1730
16812.0000 0.0931 76.1317 49.0000 31.8718 41.8008 55.0719
16813.0000 0.0946 76.3538 49.0000 31.9794 41.7531 55.3525
16814.0000 0.0964 76.5495 49.0000 32.0988 41.6317 55.6443
16815.0000 0.0911 76.7563 49.0000 32.4140 42.0260 55.4497
16816.0000 0.0880 76.7255 49.0000 32.5101 42.1986 55.2192
16817.0000 0.0842 76.8070 49.0000 32.5501 42.6580 54.9554
16818.0000 0.0833 77.0759 49.0000 32.5470 43.0606 55.0198
16819.0000 0.0813 77.0067 49.0000 32.6956 43.0287 54.8594
16820.0000 0.0776 76.9806 49.0000 32.8247 43.2786 54.5483
16821.0000 0.0826 76.9636 49.0000 32.5883 42.9710 54.9081
16822.0000 0.0823 76.8164 49.0000 32.7457 42.6392 54.8669
16823.0000 0.0794 76.3111 49.0000 32.4890 42.7525 54.2225
16824.0000 0.0821 76.1440 49.0000 32.4155 42.3525 54.3452
16825.0000 0.0757 75.5774 49.0000 32.7064 42.1007 53.5702
16826.0000 0.0820 75.8856 49.0000 32.5526 41.9105 54.2444
16827.0000 0.0826 75.3736 49.0000 32.1687 41.7586 53.8756
16828.0000 0.0817 75.2719 49.0000 32.1342 41.7991 53.7224
16829.0000 0.0803 75.2919 49.0000 32.2861 41.7897 53.6665
16830.0000 0.0795 75.3532 49.0000 32.1304 42.1398 53.5722
16831.0000 0.0828 75.3030 49.0000 32.1083 41.7370 53.8296
16832.0000 0.0826 75.0784 49.0000 32.2991 41.2864 53.7491
16833.0000 0.0766 74.9060 49.0000 32.5432 41.4592 53.2258
16834.0000 0.0782 74.7560 49.0000 32.3587 41.3405 53.2197
16835.0000 0.0765 74.4710 49.0000 32.4072 41.1622 52.9280
16836.0000 0.0835 74.6099 49.0000 32.0918 40.9363 53.4881
16837.0000 0.0796 74.5399 49.0000 32.3396 40.9846 53.2035
16838.0000 0.0754 74.6652 49.0000 32.5072 41.3758 52.9736
16839.0000 0.0733 74.5995 49.0000 32.6394 41.3808 52.7957
16840.0000 0.0713 74.4556 49.0000 32.7865 41.2714 52.5866
16841.0000 0.0725 74.4316 49.0000 32.7557 41.1421 52.6732
16842.0000 0.0708 74.1570 49.0000 32.7075 41.0994 52.3481
16843.0000 0.0728 74.1891 49.0000 32.8744 40.6972 52.6026
16844.0000 0.0739 73.9777 49.0000 32.6684 40.5902 52.5159
16845.0000 0.0734 74.1577 49.0000 32.6760 40.8416 52.5700
16846.0000 0.0706 74.0446 49.0000 32.8529 40.8152 52.3203
16847.0000 0.0675 73.8641 49.0000 32.9415 40.8566 51.9760
16848.0000 0.0703 74.1432 49.0000 32.8251 40.9927 52.3385
16849.0000 0.0683 73.9446 49.0000 32.9172 40.8880 52.0811
16850.0000 0.0732 74.1055 49.0000 32.8169 40.6324 52.5708
16851.0000 0.0691 73.7277 49.0000 32.8693 40.6065 52.0239
16852.0000 0.0657 73.7145 49.0000 32.9086 40.9510 51.7095
16853.0000 0.0624 73.6553 49.0000 33.1549 40.9692 51.4527
16854.0000 0.0688 73.9891 49.0000 32.8214 40.9925 52.1226
16855.0000 0.0695 73.6055 49.0000 32.6382 40.7156 51.9110
16856.0000 0.0706 73.7071 49.0000 32.6172 40.7270 52.0593
16857.0000 0.0688 73.3745 49.0000 32.7040 40.4645 51.7387
16858.0000 0.0696 73.2994 49.0000 32.5513 40.4810 51.7156
16859.0000 0.0705 73.3339 49.0000 32.5778 40.3833 51.8241
16860.0000 0.0727 73.1910 49.0000 32.4605 40.1265 51.8951
16861.0000 0.0699 73.0368 49.0000 32.6153 40.0773 51.6181
16862.0000 0.0710 72.7935 49.0000 32.2011 40.1999 51.4388
16863.0000 0.0699 72.9316 49.0000 32.4058 40.2196 51.4904
16864.0000 0.0702 72.8267 49.0000 32.3062 40.1877 51.4294
16865.0000 0.0735 73.2216 49.0000 32.3065 40.2600 51.9310
16866.0000 0.0719 73.2047 49.0000 32.1026 40.6772 51.7080
16867.0000 0.0717 73.1881 49.0000 32.1521 40.6118 51.7053
16868.0000 0.0679 72.9113 49.0000 32.0056 40.9428 51.1408
16869.0000 0.0704 73.0408 49.0000 32.5105 40.1563 51.6285
16870.0000 0.0686 73.0724 49.0000 32.5741 40.3099 51.5132
16871.0000 0.0694 72.9936 49.0000 32.5399 40.1755 51.5282
16872.0000 0.0725 73.1792 49.0000 32.3097 40.3124 51.8284
16873.0000 0.0742 73.2335 49.0000 32.3154 40.1870 51.9988
16874.0000 0.0672 72.9673 49.0000 32.6100 40.3079 51.3428
16875.0000 0.0658 72.7712 49.0000 32.5593 40.3209 51.0859
16876.0000 0.0670 73.0156 49.0000 32.8283 40.1099 51.4274
16877.0000 0.0723 73.1702 49.0000 32.7483 39.7891 51.9448
16878.0000 0.0689 73.3313 49.0000 32.9523 40.0992 51.8043
16879.0000 0.0680 73.2711 49.0000 33.2735 39.7460 51.7859
16880.0000 0.0658 73.1655 49.0000 33.3605 39.7634 51.5668
16881.0000 0.0679 73.3073 49.0000 33.1947 39.8844 51.7814
16882.0000 0.0693 73.2404 49.0000 33.1585 39.7004 51.8512
16883.0000 0.0748 73.1399 49.0000 33.1856 38.9846 52.2337
16884.0000 0.0731 73.4541 49.0000 33.3677 39.2802 52.3371
16885.0000 0.0738 73.2460 49.0000 33.4523 38.8923 52.2811
16886.0000 0.0699 73.1613 49.0000 33.6004 39.0354 51.9599
16887.0000 0.0737 73.2802 49.0000 33.3024 39.1108 52.2617
16888.0000 0.0762 73.3804 49.0000 33.2185 39.0590 52.4939
16889.0000 0.0797 73.0877 49.0000 32.8089 38.8753 52.4795
16890.0000 0.0827 73.3846 49.0000 32.6460 39.0795 52.8425
16891.0000 0.0755 73.1009 49.0000 33.0126 39.0789 52.2183
16892.0000 0.0749 73.1584 49.0000 32.9931 39.2197 52.2055
16893.0000 0.0748 73.2736 49.0000 33.1227 39.2035 52.2971
16894.0000 0.0737 73.3280 49.0000 33.3664 39.0880 52.3050
16895.0000 0.0751 73.0059 49.0000 33.1424 38.8660 52.1621
16896.0000 0.0725 72.9876 49.0000 33.4318 38.7765 52.0182
16897.0000 0.0702 72.8992 49.0000 33.3141 39.0608 51.7563
16898.0000 0.0757 73.1613 49.0000 32.9261 39.2148 52.2556
16899.0000 0.0768 73.2097 49.0000 33.2402 38.7957 52.4370
16900.0000 0.0736 73.5305 49.0000 33.3348 39.3529 52.4107
16901.0000 0.0788 73.7120 49.0000 33.0923 39.2930 52.8623
16902.0000 0.0785 73.5029 49.0000 32.7869 39.4560 52.6395
16903.0000 0.0767 73.2491 49.0000 33.0768 39.0392 52.4147
16904.0000 0.0708 73.1087 49.0000 33.2888 39.2458 51.9279
16905.0000 0.0706 72.9755 49.0000 33.3753 39.0245 51.8517
16906.0000 0.0728 73.0205 49.0000 33.3214 38.9099 52.0355
16907.0000 0.0766 73.3235 49.0000 33.1512 39.0415 52.4699
16908.0000 0.0750 73.1456 49.0000 33.1433 39.0238 52.2394
16909.0000 0.0784 73.1074 49.0000 32.9175 38.9040 52.4177
16910.0000 0.0834 73.3402 49.0000 32.8162 38.7665 52.9060
16911.0000 0.0817 73.2177 49.0000 32.6746 38.9630 52.6791
16912.0000 0.0800 73.1593 49.0000 32.9279 38.7832 52.5728
16913.0000 0.0776 73.3634 49.0000 33.2607 38.8524 52.5966
16914.0000 0.0832 73.3528 49.0000 33.1188 38.4618 52.9572
16915.0000 0.0818 73.3057 49.0000 33.1737 38.4826 52.8424
16916.0000 0.0785 73.3483 49.0000 33.2286 38.7922 52.6402
16917.0000 0.0791 73.5774 49.0000 33.2663 38.9220 52.8400
16918.0000 0.0809 73.7311 49.0000 33.3135 38.8606 53.0693
16919.0000 0.0748 73.4153 49.0000 33.4806 38.9407 52.4641
16920.0000 0.0647 73.0725 49.0000 33.7790 39.2883 51.5268
16921.0000 0.0664 73.1833 49.0000 33.6494 39.3770 51.7007
16922.0000 0.0686 73.0951 49.0000 33.5317 39.1778 51.8037
16923.0000 0.0679 72.6640 49.0000 33.2810 39.0865 51.4265
16924.0000 0.0704 73.0209 49.0000 33.3469 39.1305 51.8540
16925.0000 0.0740 72.9641 49.0000 33.2012 38.8712 52.0622
16926.0000 0.0731 73.0880 49.0000 33.1100 39.1966 52.0501
16927.0000 0.0746 73.2373 49.0000 33.2808 38.9985 52.2992
16928.0000 0.0757 73.6861 49.0000 33.5938 39.0060 52.7222
16929.0000 0.0760 73.6429 49.0000 33.8837 38.6086 52.7688
16930.0000 0.0755 73.6802 49.0000 33.4885 39.1425 52.6797
16931.0000 0.0796 73.5266 49.0000 33.1074 38.9984 52.8128
16932.0000 0.0795 73.3939 49.0000 33.2600 38.6999 52.7518
16933.0000 0.0830 73.6308 49.0000 33.1183 38.7667 53.1208
16934.0000 0.0813 73.5974 49.0000 33.0525 38.9676 52.9682
16935.0000 0.0810 73.2395 49.0000 33.1758 38.4923 52.7421
16936.0000 0.0817 73.1210 49.0000 33.1896 38.2842 52.7205
16937.0000 0.0830 73.0916 49.0000 32.9722 38.3801 52.7464
16938.0000 0.0781 72.7934 49.0000 32.9479 38.5708 52.2074
16939.0000 0.0815 72.9690 49.0000 32.7314 38.6653 52.5178
16940.0000 0.0818 73.1707 49.0000 32.8709 38.6872 52.6950
16941.0000 0.0820 73.3905 49.0000 32.8596 38.9088 52.8443
16942.0000 0.0803 73.1583 49.0000 32.7175 38.9907 52.5492
16943.0000 0.0815 73.1415 49.0000 32.9491 38.5980 52.6710
16944.0000 0.0809 73.2410 49.0000 32.9592 38.7495 52.6917
16945.0000 0.0825 73.2188 49.0000 33.2103 38.2907 52.8384
16946.0000 0.0758 72.9672 49.0000 33.0594 38.8476 52.1743
16947.0000 0.0758 72.9345 49.0000 33.2723 38.5764 52.1944
16948.0000 0.0773 72.7707 49.0000 33.0816 38.4697 52.1658
16949.0000 0.0806 72.9820 49.0000 33.0517 38.4046 52.5266
16950.0000 0.0791 73.2379 49.0000 33.6624 38.1386 52.6886
16951.0000 0.0788 73.0831 49.0000 33.6470 38.0217 52.5679
16952.0000 0.0850 73.2301 49.0000 33.2239 38.0496 53.0193
16953.0000 0.0821 72.9513 49.0000 33.4266 37.8153 52.6741
16954.0000 0.0864 73.0506 49.0000 33.0879 37.8887 52.9719
16955.0000 0.0931 73.2989 49.0000 32.6107 38.0598 53.4857
16956.0000 0.0951 73.2145 49.0000 32.5565 37.8521 53.5505
16957.0000 0.0849 73.0319 49.0000 32.6806 38.4659 52.7828
16958.0000 0.0889 72.8354 49.0000 32.4182 38.1768 52.8828
16959.0000 0.0897 72.8521 49.0000 32.6580 37.8577 52.9876
16960.0000 0.0848 72.6613 49.0000 32.8059 37.9567 52.5616
16961.0000 0.0856 72.8948 49.0000 32.9085 38.0028 52.7870
16962.0000 0.0821 72.6292 49.0000 33.0469 37.9018 52.4057
16963.0000 0.0855 72.9054 49.0000 33.0826 37.8325 52.8152
16964.0000 0.0874 73.1703 49.0000 33.2832 37.7064 53.1445
16965.0000 0.0838 73.1815 49.0000 33.4903 37.8222 52.9473
16966.0000 0.0822 73.1151 49.0000 33.7473 37.6278 52.8308
16967.0000 0.0842 73.0713 49.0000 33.3260 37.8535 52.8763
16968.0000 0.0804 72.9480 49.0000 33.2718 38.1446 52.5298
16969.0000 0.0823 73.1060 49.0000 33.0954 38.3177 52.7346
16970.0000 0.0869 73.5867 49.0000 33.1402 38.3272 53.3644
16971.0000 0.0856 73.6033 49.0000 33.0747 38.5443 53.2715
16972.0000 0.0865 73.3871 49.0000 32.8716 38.4610 53.1590
16973.0000 0.0861 73.3548 49.0000 32.9870 38.3409 53.1296
16974.0000 0.0850 72.9972 49.0000 32.7374 38.3556 52.7796
16975.0000 0.0847 72.9397 49.0000 32.8753 38.1676 52.7508
16976.0000 0.0853 73.1238 49.0000 32.7788 38.4065 52.8921
16977.0000 0.0775 72.7194 49.0000 33.0171 38.4752 52.1309
16978.0000 0.0806 72.8242 49.0000 32.8541 38.4598 52.3909
16979.0000 0.0792 73.0802 49.0000 33.1791 38.4962 52.5157
16980.0000 0.0805 73.0499 49.0000 33.0325 38.5028 52.5612
16981.0000 0.0792 72.8958 49.0000 32.6471 38.9122 52.2858
16982.0000 0.0771 72.4770 49.0000 32.7328 38.5822 51.8931
16983.0000 0.0793 72.6835 49.0000 32.8860 38.4093 52.2124
16984.0000 0.0786 72.6242 49.0000 32.8494 38.4582 52.1168
16985.0000 0.0776 72.3312 49.0000 32.7782 38.3250 51.8516
16986.0000 0.0777 72.3113 49.0000 33.0909 37.9492 51.9017
16987.0000 0.0788 72.6358 49.0000 33.2314 38.0151 52.2158
16988.0000 0.0841 73.0156 49.0000 33.2010 37.9447 52.8126
16989.0000 0.0808 72.9395 49.0000 33.2794 38.0913 52.5520
16990.0000 0.0804 72.9732 49.0000 33.2573 38.1842 52.5453
16991.0000 0.0754 72.6538 49.0000 33.0533 38.5659 51.9493
16992.0000 0.0791 72.7291 49.0000 32.8811 38.4769 52.2291
16993.0000 0.0761 72.4716 49.0000 33.0317 38.3297 51.8832
16994.0000 0.0747 72.2373 49.0000 32.8261 38.4572 51.5918
16995.0000 0.0720 72.0556 49.0000 33.0374 38.2949 51.3229
16996.0000 0.0696 72.2072 49.0000 33.2683 38.4363 51.2811
16997.0000 0.0724 72.3324 49.0000 33.0781 38.5049 51.5285
16998.0000 0.0663 72.1818 49.0000 33.3382 38.6764 51.0188
16999.0000 0.0719 72.3545 49.0000 32.9573 38.7155 51.4791
17000.0000 0.0791 72.4400 49.0000 32.7910 38.2804 52.0280
17001.0000 0.0762 72.4698 49.0000 33.2266 38.1068 51.9205
17002.0000 0.0719 72.3926 49.0000 33.3573 38.2998 51.5859
17003.0000 0.0705 72.3770 49.0000 33.3130 38.4770 51.4606
17004.0000 0.0678 72.3419 49.0000 33.4208 38.5879 51.2579
17005.0000 0.0725 72.3024 49.0000 33.0685 38.4709 51.5180
17006.0000 0.0700 72.3552 49.0000 33.4897 38.3046 51.4439
17007.0000 0.0715 72.1709 49.0000 33.4680 37.9787 51.4408
17008.0000 0.0701 72.1925 49.0000 33.4627 38.1511 51.3468
17009.0000 0.0692 72.0306 49.0000 33.7220 37.7810 51.2233
17010.0000 0.0751 72.2558 49.0000 33.5208 37.6614 51.7578
17011.0000 0.0748 71.9861 49.0000 33.4271 37.5174 51.5468
17012.0000 0.0725 72.1529 49.0000 33.7373 37.5729 51.5375
17013.0000 0.0725 72.0162 49.0000 33.7644 37.4022 51.4526
17014.0000 0.0749 72.3043 49.0000 33.5604 37.6888 51.7800
17015.0000 0.0768 72.3421 49.0000 33.3449 37.7844 51.9022
17016.0000 0.0757 72.3576 49.0000 33.3907 37.8536 51.8438
17017.0000 0.0768 72.5222 49.0000 33.1537 38.1835 51.9838
17018.0000 0.0766 72.4712 49.0000 33.2467 38.0395 51.9589
17019.0000 0.0711 72.4122 49.0000 33.3789 38.3759 51.5428
17020.0000 0.0733 72.5226 49.0000 33.4694 38.1657 51.7949
17021.0000 0.0747 72.6800 49.0000 33.5237 38.1341 52.0031
17022.0000 0.0746 72.6229 49.0000 33.3677 38.2575 51.9331
17023.0000 0.0715 72.7337 49.0000 33.3254 38.7332 51.7624
17024.0000 0.0768 72.7769 49.0000 33.2796 38.3062 52.1687
17025.0000 0.0690 72.5503 49.0000 33.8015 38.2572 51.5499
17026.0000 0.0711 72.5400 49.0000 33.6554 38.2018 51.6720
17027.0000 0.0750 72.5234 49.0000 33.2486 38.2473 51.8779
17028.0000 0.0703 71.9649 49.0000 33.2500 38.1328 51.1788
17029.0000 0.0725 72.1947 49.0000 33.3623 38.0277 51.5066
17030.0000 0.0718 72.3396 49.0000 33.5160 38.0721 51.5772
17031.0000 0.0719 72.5567 49.0000 33.6153 38.1842 51.7344
17032.0000 0.0693 72.6815 49.0000 33.9371 38.2130 51.6783
17033.0000 0.0673 72.7729 49.0000 34.0055 38.4328 51.5988
17034.0000 0.0654 72.7970 49.0000 33.9751 38.6914 51.4594
17035.0000 0.0618 72.9204 49.0000 34.0445 39.1258 51.2593
17036.0000 0.0625 73.0276 49.0000 34.2248 38.9624 51.4162
17037.0000 0.0681 73.4147 49.0000 34.2565 38.7456 52.1056
17038.0000 0.0692 73.4851 49.0000 34.2103 38.7565 52.2268
17039.0000 0.0646 73.2887 49.0000 34.3957 38.8205 51.7798
17040.0000 0.0672 73.4718 49.0000 34.6148 38.5036 52.1287
17041.0000 0.0607 73.1527 49.0000 34.5422 38.9284 51.4076
17042.0000 0.0668 73.2338 49.0000 33.8811 39.1199 51.8160
17043.0000 0.0636 73.2701 49.0000 34.2712 39.0479 51.6649
17044.0000 0.0659 73.3751 49.0000 34.4292 38.7377 51.9416
17045.0000 0.0641 73.4515 49.0000 34.4649 38.9638 51.8567
17046.0000 0.0602 73.5329 49.0000 34.6155 39.3057 51.6131
17047.0000 0.0609 73.3470 49.0000 34.3503 39.3336 51.5044
17048.0000 0.0572 73.1898 49.0000 34.5392 39.3616 51.1318
17049.0000 0.0609 73.3074 49.0000 34.3105 39.3389 51.4706
17050.0000 0.0582 73.2501 49.0000 34.1801 39.7401 51.1667
17051.0000 0.0641 73.5036 49.0000 34.2150 39.3072 51.8368
17052.0000 0.0657 73.8366 49.0000 34.3402 39.3540 52.1906
17053.0000 0.0676 74.0078 49.0000 34.2031 39.4817 52.4261
17054.0000 0.0641 73.9907 49.0000 34.3470 39.6825 52.1555
17055.0000 0.0698 73.9875 49.0000 34.0956 39.3610 52.5581
17056.0000 0.0705 73.9362 49.0000 33.8412 39.5194 52.5314
17057.0000 0.0762 74.2496 49.0000 33.7086 39.4115 53.1364
17058.0000 0.0739 73.7692 49.0000 33.6489 39.2108 52.6513
17059.0000 0.0706 73.7066 49.0000 33.6001 39.5452 52.3437
17060.0000 0.0669 73.4602 49.0000 33.7325 39.5224 51.9278
17061.0000 0.0679 73.5989 49.0000 33.5379 39.7885 52.0470
17062.0000 0.0681 73.4737 49.0000 33.7651 39.3729 52.0393
17063.0000 0.0619 73.0717 49.0000 34.0884 39.2367 51.3608
17064.0000 0.0609 73.3348 49.0000 34.0293 39.7008 51.4184
17065.0000 0.0611 73.3091 49.0000 33.9840 39.7026 51.4103
17066.0000 0.0601 73.1713 49.0000 34.0254 39.6173 51.2521
17067.0000 0.0609 73.3078 49.0000 33.8859 39.8485 51.3604
17068.0000 0.0610 73.6052 49.0000 34.0625 39.9427 51.5951
17069.0000 0.0628 73.5631 49.0000 33.9877 39.7811 51.7090
17070.0000 0.0661 73.2993 49.0000 33.5883 39.6020 51.7329
17071.0000 0.0679 73.6164 49.0000 33.7765 39.5266 52.1169
17072.0000 0.0634 73.2640 49.0000 33.7497 39.6697 51.5256
17073.0000 0.0645 73.1884 49.0000 33.8026 39.4024 51.5886
17074.0000 0.0641 73.1317 49.0000 33.6500 39.5731 51.4770
17075.0000 0.0665 73.1249 49.0000 33.5089 39.4618 51.6447
17076.0000 0.0647 73.1280 49.0000 33.7689 39.3560 51.5603
17077.0000 0.0632 72.9679 49.0000 34.0384 39.0367 51.3989
17078.0000 0.0640 73.1061 49.0000 33.8468 39.3268 51.5004
17079.0000 0.0650 73.0982 49.0000 33.8804 39.1668 51.5890
17080.0000 0.0641 73.0987 49.0000 33.8672 39.2828 51.5100
17081.0000 0.0621 72.9305 49.0000 33.7324 39.4817 51.2072
17082.0000 0.0679 73.0714 49.0000 33.6042 39.1424 51.7500
17083.0000 0.0698 73.0213 49.0000 33.7977 38.6737 51.9054
17084.0000 0.0776 73.3323 49.0000 33.4265 38.6351 52.6082
17085.0000 0.0723 73.1427 49.0000 33.9505 38.3821 52.1922
17086.0000 0.0750 73.3404 49.0000 33.9201 38.3489 52.5129
17087.0000 0.0743 73.3635 49.0000 33.8932 38.4750 52.4702
17088.0000 0.0751 73.2791 49.0000 33.6725 38.5508 52.4388
17089.0000 0.0778 73.4417 49.0000 33.4351 38.7224 52.6910
17090.0000 0.0720 73.2702 49.0000 33.8438 38.6587 52.2363
17091.0000 0.0741 73.3695 49.0000 33.6072 38.8235 52.4059
17092.0000 0.0747 73.2918 49.0000 33.5731 38.7189 52.3964
17093.0000 0.0659 73.1339 49.0000 34.0425 38.9157 51.7227
17094.0000 0.0663 73.2170 49.0000 34.0638 38.9417 51.8067
17095.0000 0.0682 73.2902 49.0000 34.0114 38.8856 51.9864
17096.0000 0.0697 73.4743 49.0000 33.7991 39.1594 52.1789
17097.0000 0.0731 73.4189 49.0000 33.8038 38.7525 52.4012
17098.0000 0.0705 73.2362 49.0000 33.8331 38.7894 52.0985
17099.0000 0.0689 72.9446 49.0000 33.7724 38.7197 51.7796
17100.0000 0.0676 72.8786 49.0000 33.7651 38.7841 51.6430
17101.0000 0.0720 73.2586 49.0000 34.0998 38.3644 52.2704
17102.0000 0.0723 73.3585 49.0000 34.0033 38.5437 52.3414
17103.0000 0.0752 73.4690 49.0000 33.9859 38.3884 52.6212
17104.0000 0.0735 73.1658 49.0000 34.0730 38.1455 52.3181
17105.0000 0.0759 73.1450 49.0000 33.9898 37.9825 52.4615
17106.0000 0.0711 72.9407 49.0000 33.8638 38.3853 51.9631
17107.0000 0.0755 73.1175 49.0000 33.5497 38.4786 52.3449
17108.0000 0.0713 72.5721 49.0000 33.9083 37.9312 51.7510
17109.0000 0.0736 72.9650 49.0000 33.7161 38.3221 52.1395
17110.0000 0.0714 72.8103 49.0000 33.7858 38.3079 51.8879
17111.0000 0.0748 73.2075 49.0000 33.7654 38.4006 52.3892
17112.0000 0.0740 73.3319 49.0000 34.0019 38.3495 52.4476
17113.0000 0.0745 73.4250 49.0000 34.0092 38.3868 52.5459
17114.0000 0.0770 73.5928 49.0000 34.0431 38.2846 52.8324
17115.0000 0.0725 73.3680 49.0000 34.0372 38.5002 52.3648
17116.0000 0.0731 73.3391 49.0000 33.9845 38.4701 52.3807
17117.0000 0.0691 73.2633 49.0000 34.3939 38.3326 52.1075
17118.0000 0.0686 73.1633 49.0000 34.3567 38.3218 51.9993
17119.0000 0.0669 72.8340 49.0000 34.1402 38.3929 51.6258
17120.0000 0.0702 73.1059 49.0000 34.3502 38.1039 52.0829
17121.0000 0.0686 73.0576 49.0000 34.7754 37.7561 51.9861
17122.0000 0.0702 72.9182 49.0000 34.5751 37.6730 51.9844
17123.0000 0.0732 73.0246 49.0000 34.1926 37.9058 52.2169
17124.0000 0.0730 73.0170 49.0000 34.4570 37.6251 52.2356
17125.0000 0.0695 72.9189 49.0000 34.4840 37.8352 51.9280
17126.0000 0.0684 73.1370 49.0000 34.7230 37.9167 52.0159
17127.0000 0.0645 72.8311 49.0000 34.7107 37.9954 51.5353
17128.0000 0.0664 72.8067 49.0000 34.5290 37.9830 51.6320
17129.0000 0.0625 72.8035 49.0000 34.7035 38.1892 51.3577
17130.0000 0.0673 72.8762 49.0000 34.2562 38.2650 51.7034
17131.0000 0.0707 73.2093 49.0000 34.4146 38.0946 52.1924
17132.0000 0.0721 73.0728 49.0000 34.0956 38.1620 52.1612
17133.0000 0.0699 73.0184 49.0000 34.2612 38.1433 51.9899
17134.0000 0.0694 73.1743 49.0000 34.5024 38.0941 52.0855
17135.0000 0.0692 73.0866 49.0000 34.3511 38.1820 51.9979
17136.0000 0.0709 72.8656 49.0000 33.8544 38.3335 51.9021
17137.0000 0.0682 72.8300 49.0000 33.6577 38.7941 51.6371
17138.0000 0.0688 72.6433 49.0000 33.6327 38.5649 51.5619
17139.0000 0.0687 72.9914 49.0000 33.4249 39.1816 51.7235
17140.0000 0.0646 72.9814 49.0000 33.3837 39.6738 51.3596
17141.0000 0.0686 73.0782 49.0000 33.4429 39.2634 51.7724
17142.0000 0.0617 72.7283 49.0000 33.7395 39.2962 51.0573
17143.0000 0.0648 72.6586 49.0000 33.7937 38.8121 51.2920
17144.0000 0.0672 72.5839 49.0000 33.9026 38.3582 51.4557
17145.0000 0.0664 72.3841 49.0000 33.8885 38.2455 51.2670
17146.0000 0.0690 72.5506 49.0000 33.8378 38.2175 51.5560
17147.0000 0.0697 72.7279 49.0000 33.7647 38.4103 51.7101
17148.0000 0.0717 72.6500 49.0000 33.6367 38.2774 51.7825
17149.0000 0.0693 72.7595 49.0000 33.7941 38.4592 51.6991
17150.0000 0.0745 72.7107 49.0000 33.7374 37.9553 52.0388
17151.0000 0.0743 72.6685 49.0000 33.8585 37.7956 52.0173
17152.0000 0.0768 72.7808 49.0000 33.5577 37.9982 52.2212
17153.0000 0.0788 72.9571 49.0000 33.3437 38.2217 52.4408
17154.0000 0.0778 72.7652 49.0000 33.2798 38.1989 52.2310
17155.0000 0.0757 72.6504 49.0000 33.5395 37.9877 52.0588
17156.0000 0.0795 72.8541 49.0000 33.4494 37.9348 52.4387
17157.0000 0.0807 73.0320 49.0000 33.6386 37.7991 52.6627
17158.0000 0.0777 73.0079 49.0000 33.5923 38.1091 52.4348
17159.0000 0.0823 72.9365 49.0000 33.2730 37.9555 52.6500
17160.0000 0.0737 72.6941 49.0000 33.6056 38.1549 51.9548
17161.0000 0.0751 72.8362 49.0000 33.6903 38.0704 52.1606
17162.0000 0.0764 73.1848 49.0000 33.4375 38.5854 52.4319
17163.0000 0.0700 72.9236 49.0000 33.6544 38.7107 51.8336
17164.0000 0.0696 73.0366 49.0000 33.6513 38.8827 51.8659
17165.0000 0.0752 73.1874 49.0000 33.4540 38.6964 52.3432
17166.0000 0.0746 72.8396 49.0000 33.2459 38.6193 52.0468
17167.0000 0.0789 73.2039 49.0000 33.4055 38.3988 52.6158
17168.0000 0.0825 73.5853 49.0000 33.3806 38.4763 53.1047
17169.0000 0.0801 73.5580 49.0000 33.5495 38.4958 52.9460
17170.0000 0.0735 73.0282 49.0000 33.7052 38.4165 52.1656
17171.0000 0.0703 72.7633 49.0000 33.7303 38.4336 51.7651
17172.0000 0.0755 73.0193 49.0000 33.5446 38.3893 52.2766
17173.0000 0.0713 72.9887 49.0000 33.9133 38.3543 52.0210
17174.0000 0.0692 72.9804 49.0000 33.6299 38.8808 51.8020
17175.0000 0.0691 73.0563 49.0000 33.5100 39.1171 51.8088
17176.0000 0.0704 73.0758 49.0000 33.4216 39.0974 51.9083
17177.0000 0.0663 73.0263 49.0000 33.8899 38.9399 51.6527
17178.0000 0.0670 72.9911 49.0000 33.8198 38.9114 51.6703
17179.0000 0.0657 72.8692 49.0000 33.8462 38.8898 51.4969
17180.0000 0.0641 72.7539 49.0000 33.7910 38.9998 51.2866
17181.0000 0.0678 72.9373 49.0000 33.6796 38.9303 51.6718
17182.0000 0.0720 73.2500 49.0000 33.6075 38.9106 52.1733
17183.0000 0.0740 72.9030 49.0000 33.9731 37.9397 52.1656
17184.0000 0.0712 72.9382 49.0000 33.8373 38.4040 51.9631
17185.0000 0.0730 72.9925 49.0000 33.6685 38.4644 52.1041
17186.0000 0.0699 72.9685 49.0000 33.8783 38.5165 51.8956
17187.0000 0.0673 72.8377 49.0000 33.8992 38.6245 51.6172
17188.0000 0.0681 72.8955 49.0000 33.6644 38.8650 51.6717
17189.0000 0.0755 73.0764 49.0000 33.3974 38.6126 52.2862
17190.0000 0.0713 72.9319 49.0000 33.7037 38.5328 51.9456
17191.0000 0.0730 72.5223 49.0000 33.1880 38.5212 51.7122
17192.0000 0.0699 72.6126 49.0000 32.9656 39.1958 51.4736
17193.0000 0.0687 72.5571 49.0000 32.8964 39.3414 51.3285
17194.0000 0.0713 72.5707 49.0000 32.8132 39.1776 51.5259
17195.0000 0.0728 72.7530 49.0000 32.8727 39.1474 51.7674
17196.0000 0.0721 72.6581 49.0000 33.1584 38.7895 51.7213
17197.0000 0.0720 72.6216 49.0000 33.1869 38.7208 51.7033
17198.0000 0.0708 72.7346 49.0000 33.4244 38.6974 51.7267
17199.0000 0.0735 72.6159 49.0000 33.3679 38.3637 51.8448
17200.0000 0.0761 72.8045 49.0000 33.4724 38.1892 52.1697
17201.0000 0.0773 72.9068 49.0000 33.5193 38.1244 52.3296
17202.0000 0.0712 72.4953 49.0000 33.5193 38.2964 51.6276
17203.0000 0.0756 73.1665 49.0000 33.2715 38.8419 52.3225
17204.0000 0.0806 73.3931 49.0000 33.3333 38.5170 52.8383
17205.0000 0.0833 73.1768 49.0000 32.8235 38.6010 52.7961
17206.0000 0.0807 73.3065 49.0000 32.8495 38.9585 52.6972
17207.0000 0.0826 73.3679 49.0000 32.7294 38.9758 52.8444
17208.0000 0.0809 73.5036 49.0000 32.8082 39.1956 52.8215
17209.0000 0.0789 73.6708 49.0000 32.8411 39.5304 52.7844
17210.0000 0.0776 73.6014 49.0000 32.9903 39.4189 52.6779
17211.0000 0.0748 73.4987 49.0000 33.1730 39.3802 52.4481
17212.0000 0.0750 73.5219 49.0000 33.3404 39.1902 52.5167
17213.0000 0.0712 73.6397 49.0000 33.4177 39.6258 52.3054
17214.0000 0.0675 73.3488 49.0000 33.4855 39.6332 51.8457
17215.0000 0.0683 73.3251 49.0000 33.6886 39.2817 51.9480
17216.0000 0.0716 73.6389 49.0000 33.5319 39.4509 52.3634
17217.0000 0.0716 73.3655 49.0000 33.7516 38.9065 52.2457
17218.0000 0.0742 73.0448 49.0000 33.4260 38.6780 52.1753
17219.0000 0.0711 73.1844 49.0000 33.4499 39.1095 52.0337
17220.0000 0.0693 73.3771 49.0000 33.4262 39.5287 52.0035
17221.0000 0.0680 73.3781 49.0000 33.5342 39.5477 51.9209
17222.0000 0.0706 73.6882 49.0000 33.2967 39.8790 52.2584
17223.0000 0.0706 73.5419 49.0000 33.4012 39.5976 52.1996
17224.0000 0.0690 73.4743 49.0000 33.4597 39.6305 52.0418
17225.0000 0.0655 73.3687 49.0000 33.7378 39.5701 51.7584
17226.0000 0.0622 73.2922 49.0000 34.0289 39.5093 51.5054
17227.0000 0.0597 73.2758 49.0000 34.1318 39.6526 51.3034
17228.0000 0.0620 73.2906 49.0000 33.8330 39.7587 51.4401
17229.0000 0.0658 73.5606 49.0000 33.9669 39.4713 51.9560
17230.0000 0.0657 73.4448 49.0000 33.5963 39.7998 51.7822
17231.0000 0.0644 73.3613 49.0000 33.5899 39.8645 51.6179
17232.0000 0.0609 73.5753 49.0000 33.5712 40.5330 51.4139
17233.0000 0.0635 73.5591 49.0000 33.6842 40.0628 51.6845
17234.0000 0.0617 73.5021 49.0000 33.8152 40.0491 51.5282
17235.0000 0.0590 73.4667 49.0000 33.8674 40.2634 51.2759
17236.0000 0.0575 73.3312 49.0000 33.9991 40.1351 51.0949
17237.0000 0.0610 73.4598 49.0000 33.7404 40.1746 51.4192
17238.0000 0.0618 73.3828 49.0000 33.6695 40.0855 51.4252
17239.0000 0.0625 73.4992 49.0000 33.9426 39.8058 51.6289
17240.0000 0.0666 73.9669 49.0000 34.0017 39.7804 52.2734
17241.0000 0.0682 73.6702 49.0000 33.7534 39.5868 52.1622
17242.0000 0.0641 74.0520 49.0000 33.8214 40.3710 52.0576
17243.0000 0.0636 73.9903 49.0000 33.7689 40.4308 51.9574
17244.0000 0.0669 74.2986 49.0000 33.5150 40.6990 52.3508
17245.0000 0.0644 74.2243 49.0000 33.5055 40.9211 52.0777
17246.0000 0.0693 74.4198 49.0000 33.1723 40.9780 52.5234
17247.0000 0.0648 74.0930 49.0000 33.3590 40.9050 51.9975
17248.0000 0.0634 73.9118 49.0000 33.1719 41.1105 51.6963
17249.0000 0.0630 73.7456 49.0000 33.1610 40.9913 51.5603
17250.0000 0.0621 73.7736 49.0000 33.3993 40.8279 51.5763
17251.0000 0.0670 73.7935 49.0000 32.9522 40.8209 51.8969
17252.0000 0.0627 73.7946 49.0000 33.2235 40.9977 51.5852
17253.0000 0.0707 73.9704 49.0000 32.9507 40.5917 52.3277
17254.0000 0.0704 73.9322 49.0000 33.1668 40.3227 52.3451
17255.0000 0.0707 74.0849 49.0000 32.8973 40.7925 52.3670
17256.0000 0.0704 73.9303 49.0000 33.1328 40.3580 52.3368
17257.0000 0.0707 73.8919 49.0000 33.3071 40.0796 52.3859
17258.0000 0.0689 73.7177 49.0000 33.0133 40.4503 52.0403
17259.0000 0.0665 73.4702 49.0000 33.1038 40.3379 51.7190
17260.0000 0.0623 73.6000 49.0000 33.3809 40.6266 51.4992
17261.0000 0.0661 74.0049 49.0000 33.1452 40.9292 51.9897
17262.0000 0.0705 74.2437 49.0000 33.1659 40.6537 52.5302
17263.0000 0.0687 74.0911 49.0000 33.4722 40.3214 52.3764
17264.0000 0.0675 74.0629 49.0000 33.4666 40.4295 52.2566
17265.0000 0.0649 73.9399 49.0000 33.5921 40.4337 51.9980
17266.0000 0.0669 74.0469 49.0000 33.4998 40.4406 52.2040
17267.0000 0.0701 74.3231 49.0000 33.3180 40.6045 52.5843
17268.0000 0.0707 74.3008 49.0000 33.0136 40.8766 52.5340
17269.0000 0.0701 74.5233 49.0000 32.9732 41.2503 52.5822
17270.0000 0.0729 74.5342 49.0000 32.9791 40.9279 52.8453
17271.0000 0.0756 74.4066 49.0000 32.7585 40.7563 52.9354
17272.0000 0.0713 74.4975 49.0000 33.3177 40.6546 52.7921
17273.0000 0.0696 74.6706 49.0000 33.1689 41.2251 52.6879
17274.0000 0.0707 74.7576 49.0000 33.0272 41.3703 52.7864
17275.0000 0.0655 74.8076 49.0000 33.5660 41.3618 52.5233
17276.0000 0.0667 74.7429 49.0000 33.7201 40.9546 52.6514
17277.0000 0.0611 74.5738 49.0000 33.6228 41.5644 51.9920
17278.0000 0.0640 74.4160 49.0000 33.6449 41.0082 52.1928
17279.0000 0.0612 74.3204 49.0000 33.7603 41.0910 51.9162
17280.0000 0.0626 74.4181 49.0000 33.6068 41.2193 52.0539
17281.0000 0.0635 74.3725 49.0000 33.3772 41.3541 52.0294
17282.0000 0.0556 74.0572 49.0000 33.7594 41.5072 51.2048
17283.0000 0.0585 73.9008 49.0000 33.7853 40.9238 51.4308
17284.0000 0.0605 74.1136 49.0000 33.5841 41.1721 51.6701
17285.0000 0.0633 74.1592 49.0000 33.4370 41.0638 51.9164
17286.0000 0.0583 74.1545 49.0000 33.4361 41.6911 51.4079
17287.0000 0.0569 74.0903 49.0000 33.2157 42.1150 51.1118
17288.0000 0.0620 74.4737 49.0000 32.7536 42.5159 51.6326
17289.0000 0.0588 74.4537 49.0000 33.0654 42.4928 51.4236
17290.0000 0.0593 74.7587 49.0000 33.2710 42.5094 51.7189
17291.0000 0.0592 74.6771 49.0000 33.0848 42.6902 51.5715
17292.0000 0.0620 74.8800 49.0000 33.1599 42.4325 52.0279
17293.0000 0.0588 74.5110 49.0000 33.2681 42.2814 51.5500
17294.0000 0.0589 74.3092 49.0000 33.0611 42.3179 51.3616
17295.0000 0.0553 74.1745 49.0000 33.3950 42.1966 51.0497
17296.0000 0.0563 74.2191 49.0000 33.3296 42.1902 51.1625
17297.0000 0.0542 74.0287 49.0000 33.5573 41.9505 50.9343
17298.0000 0.0475 73.7271 49.0000 33.9068 42.0741 50.1576
17299.0000 0.0569 74.0856 49.0000 33.3440 41.9325 51.1715
17300.0000 0.0580 74.1672 49.0000 33.3901 41.8143 51.3561
17301.0000 0.0556 74.1364 49.0000 33.5718 41.8519 51.1621
17302.0000 0.0488 74.0507 49.0000 34.2596 41.7690 50.6473
17303.0000 0.0474 74.1568 49.0000 34.2860 42.0714 50.5341
17304.0000 0.0528 74.2728 49.0000 33.9689 41.8575 51.0932
17305.0000 0.0522 74.5662 49.0000 34.1842 42.0053 51.2554
17306.0000 0.0509 74.5146 49.0000 34.3708 41.8682 51.1677
17307.0000 0.0544 74.6202 49.0000 34.0268 41.9788 51.4600
17308.0000 0.0524 74.1418 49.0000 33.9907 41.7336 50.9896
17309.0000 0.0528 74.1939 49.0000 34.0641 41.6414 51.0918
17310.0000 0.0542 74.4166 49.0000 34.1260 41.6217 51.3894
17311.0000 0.0549 74.3490 49.0000 33.9363 41.7140 51.3424
17312.0000 0.0580 74.3707 49.0000 34.1418 41.0668 51.7577
17313.0000 0.0556 74.1884 49.0000 33.9307 41.4366 51.3384
17314.0000 0.0550 74.1433 49.0000 33.9966 41.3755 51.2788
17315.0000 0.0520 74.1131 49.0000 34.3972 41.2183 51.0944
17316.0000 0.0272 76.4781 50.0000 38.9738 41.8461 50.7824
17317.0000 0.0534 74.3052 49.0000 34.1237 41.6110 51.2383
17318.0000 0.0557 74.2947 49.0000 33.9279 41.5462 51.4053
17319.0000 0.0550 74.1656 49.0000 33.6033 41.9283 51.1212
17320.0000 0.0532 73.8977 49.0000 33.8654 41.5049 50.9052
17321.0000 0.0516 74.2476 49.0000 33.8811 42.1342 50.8869
17322.0000 0.0474 74.1624 49.0000 34.4957 41.7893 50.6336
17323.0000 0.0298 76.3813 50.0000 38.0070 42.5086 50.8192
17324.0000 0.0272 76.1598 50.0000 38.4752 42.0814 50.4890
17325.0000 0.0325 76.3487 50.0000 37.8460 42.2309 51.1210
17326.0000 0.0291 76.3385 50.0000 38.2848 42.2099 50.7953
17327.0000 0.0307 76.5233 50.0000 38.3012 42.1530 51.1073
17328.0000 0.0532 74.1653 49.0000 33.9470 41.7151 51.0680
17329.0000 0.0544 74.3020 49.0000 33.9773 41.6676 51.2849
17330.0000 0.0570 74.2752 49.0000 33.9144 41.3690 51.5288
17331.0000 0.0577 74.4292 49.0000 34.2159 41.0759 51.7856
17332.0000 0.0586 74.4891 49.0000 34.4661 40.7138 51.9913
17333.0000 0.0661 74.9499 49.0000 34.0290 40.8778 52.8064
17334.0000 0.0352 76.3525 50.0000 38.7204 40.8019 51.6298
17335.0000 0.0401 76.6048 50.0000 38.0233 41.1930 52.2078
17336.0000 0.0385 76.9471 50.0000 38.7314 40.9782 52.3596
17337.0000 0.0609 74.9819 49.0000 34.6344 40.7794 52.5336
17338.0000 0.0351 77.2069 50.0000 39.3101 41.1001 52.2149
17339.0000 0.0340 77.0631 50.0000 39.1040 41.3190 51.9841
17340.0000 0.0360 77.1323 50.0000 39.0184 41.2087 52.2378
17341.0000 0.0368 77.4028 50.0000 39.0373 41.3797 52.4881
17342.0000 0.0360 76.8471 50.0000 39.1916 40.7135 52.0761
17343.0000 0.0392 77.3323 50.0000 38.8159 41.2155 52.6772
17344.0000 0.0383 77.5504 50.0000 38.7673 41.6351 52.7037
17345.0000 0.0670 75.5573 49.0000 34.6983 40.6410 53.4157
17346.0000 0.0620 75.3243 49.0000 34.6854 40.9717 52.8394
17347.0000 0.0366 77.2799 50.0000 38.2814 42.1396 52.2586
17348.0000 0.0675 75.3561 49.0000 34.4422 40.6605 53.2822
17349.0000 0.0663 75.3898 49.0000 34.3897 40.8992 53.1811
17350.0000 0.0667 75.3881 49.0000 34.4201 40.8176 53.2217
17351.0000 0.0664 75.3436 49.0000 34.3398 40.8943 53.1517
17352.0000 0.0609 75.3758 49.0000 34.3495 41.5682 52.6661
17353.0000 0.0621 75.3130 49.0000 34.5188 41.1462 52.7966
17354.0000 0.0623 75.4520 49.0000 34.4613 41.3494 52.8740
17355.0000 0.0590 75.2479 49.0000 34.6235 41.3168 52.5013
17356.0000 0.0610 75.0495 49.0000 34.4381 41.0816 52.5238
17357.0000 0.0638 75.2972 49.0000 34.4178 41.0565 52.9098
17358.0000 0.0628 75.5229 49.0000 34.4793 41.3404 52.9703
17359.0000 0.0647 75.6261 49.0000 34.4166 41.3145 53.1782
17360.0000 0.0613 75.2871 49.0000 34.3815 41.3807 52.6660
17361.0000 0.0632 75.4740 49.0000 34.9106 40.7299 53.0909
17362.0000 0.0648 75.8052 49.0000 34.7933 41.0392 53.4007
17363.0000 0.0628 75.7334 49.0000 34.5907 41.4360 53.1234
17364.0000 0.0649 75.6841 49.0000 34.5281 41.2148 53.2656
17365.0000 0.0640 75.6192 49.0000 34.8490 40.8639 53.2349
17366.0000 0.0629 75.3902 49.0000 34.5236 41.1265 52.9189
17367.0000 0.0624 75.3031 49.0000 34.6671 40.9264 52.8562
17368.0000 0.0634 75.0986 49.0000 34.6538 40.5943 52.8301
17369.0000 0.0619 74.9742 49.0000 34.4560 40.8786 52.5628
17370.0000 0.0626 74.9200 49.0000 34.5954 40.5649 52.6371
17371.0000 0.0597 75.0565 49.0000 34.7496 40.8688 52.4947
17372.0000 0.0615 75.3896 49.0000 34.7328 41.0375 52.8502
17373.0000 0.0618 75.3148 49.0000 34.8122 40.8314 52.8510
17374.0000 0.0646 75.6823 49.0000 34.6825 41.0615 53.2811
17375.0000 0.0665 75.7114 49.0000 34.8601 40.6716 53.5052
17376.0000 0.0649 75.3264 49.0000 34.5023 40.8593 53.0487
17377.0000 0.0620 75.3202 49.0000 34.7220 40.9253 52.8454
17378.0000 0.0595 75.3759 49.0000 35.1116 40.8096 52.7567
17379.0000 0.0670 75.5040 49.0000 34.7181 40.5558 53.3923
17380.0000 0.0626 75.1838 49.0000 35.0298 40.3439 52.8950
17381.0000 0.0619 75.2699 49.0000 35.1839 40.3286 52.9269
17382.0000 0.0361 78.5522 50.0000 37.8355 44.3010 52.6910
17383.0000 0.0367 78.3859 50.0000 37.8096 44.0311 52.6882
17384.0000 0.0361 79.2401 50.0000 37.8835 45.1044 53.0040
17385.0000 0.0329 79.6758 50.0000 38.2149 45.8043 52.8187
17386.0000 0.0587 75.7118 49.0000 35.3535 40.9870 52.9383
17387.0000 0.0583 75.8069 49.0000 35.1279 41.4084 52.8966
17388.0000 0.0309 79.1209 50.0000 38.3866 45.2092 52.3710
17389.0000 0.0281 79.0068 50.0000 38.9018 44.8611 52.1173
17390.0000 0.0548 75.3631 49.0000 34.7149 41.8722 52.1650
17391.0000 0.0585 75.3788 49.0000 34.4597 41.7355 52.4655
17392.0000 0.0621 75.2790 49.0000 34.2588 41.4266 52.6982
17393.0000 0.0650 75.1978 49.0000 34.3826 40.8523 52.9494
17394.0000 0.0660 75.1435 49.0000 34.4121 40.6408 53.0159
17395.0000 0.0660 75.4908 49.0000 34.6590 40.7173 53.2890
17396.0000 0.0616 75.0909 49.0000 34.6342 40.8202 52.6576
17397.0000 0.0613 74.7708 49.0000 34.8287 40.2726 52.4953
17398.0000 0.0436 77.8349 50.0000 36.3949 44.1925 52.7324
17399.0000 0.0670 74.9731 49.0000 34.3556 40.4144 52.9842
17400.0000 0.0678 75.0606 49.0000 34.4122 40.3431 53.1256
17401.0000 0.0665 75.3758 49.0000 34.4958 40.7318 53.2209
17402.0000 0.0455 77.9470 50.0000 36.6210 43.7072 53.1444
17403.0000 0.0479 77.8091 50.0000 36.2839 43.6383 53.2299
17404.0000 0.0732 75.5147 49.0000 34.1680 40.5360 53.7760
17405.0000 0.0487 77.5244 50.0000 35.8411 43.7807 52.9972
17406.0000 0.0518 77.5746 50.0000 35.7689 43.4728 53.3716
17407.0000 0.0716 75.5405 49.0000 34.4401 40.4216 53.7247
17408.0000 0.0462 77.9531 50.0000 35.9915 44.4920 52.9317
17409.0000 0.0489 78.1090 50.0000 36.0154 44.2091 53.3804
17410.0000 0.0466 78.4285 50.0000 36.3086 44.5504 53.3664
17411.0000 0.0463 78.5469 50.0000 36.2307 44.8703 53.3255
17412.0000 0.0485 78.4232 50.0000 36.1230 44.5061 53.5213
17413.0000 0.0500 78.3156 50.0000 35.5957 44.9060 53.3829
17414.0000 0.0526 78.3082 50.0000 35.3846 44.7823 53.6158
17415.0000 0.0803 75.6839 49.0000 33.6968 40.5116 54.3266
17416.0000 0.0765 75.6607 49.0000 33.9606 40.5758 54.0817
17417.0000 0.0517 77.9821 50.0000 35.7586 43.9867 53.5510
17418.0000 0.0788 75.8377 49.0000 34.0397 40.4344 54.3849
17419.0000 0.0509 77.6522 50.0000 35.7797 43.6887 53.3008
17420.0000 0.0737 75.5951 49.0000 34.1268 40.6117 53.8579
17421.0000 0.0517 77.5436 50.0000 35.6585 43.5984 53.2979
17422.0000 0.0707 75.3496 49.0000 33.9898 40.8438 53.4232
17423.0000 0.0740 75.2564 49.0000 33.4155 41.0588 53.4893
17424.0000 0.0496 77.2901 50.0000 35.3594 44.0337 52.7684
17425.0000 0.0696 74.8423 49.0000 33.6847 40.7781 52.9515
17426.0000 0.0716 74.8693 49.0000 33.3829 40.9495 53.0484
17427.0000 0.0440 77.0234 50.0000 35.5804 44.3171 51.9869
17428.0000 0.0446 77.1508 50.0000 35.6963 44.1986 52.1967
17429.0000 0.0463 76.8246 50.0000 35.3462 44.0122 52.1113
17430.0000 0.0495 77.0184 50.0000 35.2793 43.8296 52.5944
17431.0000 0.0488 77.3467 50.0000 35.4839 44.0508 52.7534
17432.0000 0.0480 77.4088 50.0000 35.5715 44.1365 52.7139
17433.0000 0.0415 77.2579 50.0000 36.1498 44.1851 52.0543
17434.0000 0.0427 77.1755 50.0000 36.1105 43.9285 52.1764
17435.0000 0.0411 76.7101 50.0000 35.9243 43.9043 51.6362
17436.0000 0.0445 77.1323 50.0000 36.1111 43.5801 52.4038
17437.0000 0.0417 76.8836 50.0000 36.3022 43.4575 52.0066
17438.0000 0.0396 76.8402 50.0000 36.2503 43.8333 51.6621
17439.0000 0.0418 76.7051 50.0000 35.9830 43.6806 51.7774
17440.0000 0.0410 76.5078 50.0000 36.1746 43.2952 51.6756
17441.0000 0.0418 76.6345 50.0000 35.8979 43.7198 51.6989
17442.0000 0.0610 74.4747 49.0000 33.7684 41.2746 51.9864
17443.0000 0.0636 74.6266 49.0000 33.8577 41.0192 52.3470
17444.0000 0.0704 74.7024 49.0000 33.5373 40.7087 52.9009
17445.0000 0.0641 74.3002 49.0000 33.6520 40.8589 52.1402
17446.0000 0.0654 74.6047 49.0000 33.9755 40.6384 52.5363
17447.0000 0.0669 74.3940 49.0000 33.9013 40.3339 52.5200
17448.0000 0.0661 74.2490 49.0000 33.8028 40.3872 52.3370
17449.0000 0.0707 74.5387 49.0000 33.7930 40.2035 52.8935
17450.0000 0.0682 74.5012 49.0000 33.8017 40.4173 52.6717
17451.0000 0.0660 74.6091 49.0000 33.9038 40.6616 52.5707
17452.0000 0.0672 74.5528 49.0000 33.5957 40.8463 52.5455
17453.0000 0.0651 74.4756 49.0000 33.7013 40.8682 52.3510
17454.0000 0.0621 74.4829 49.0000 34.1916 40.6275 52.2307
17455.0000 0.0665 74.6796 49.0000 34.0313 40.5303 52.6897
17456.0000 0.0721 75.0255 49.0000 33.8335 40.5224 53.3110
17457.0000 0.0678 75.1298 49.0000 34.2879 40.5685 53.1321
17458.0000 0.0667 74.7909 49.0000 33.8881 40.8059 52.7272
17459.0000 0.0713 74.8198 49.0000 33.8044 40.4202 53.1176
17460.0000 0.0767 75.1193 49.0000 33.6347 40.3682 53.6845
17461.0000 0.0786 75.0676 49.0000 33.3463 40.4489 53.7313
17462.0000 0.0803 74.9098 49.0000 33.1890 40.2914 53.7269
17463.0000 0.0823 74.9594 49.0000 33.1399 40.1903 53.9017
17464.0000 0.0835 74.9556 49.0000 32.9739 40.2605 53.9459
17465.0000 0.0804 74.9964 49.0000 33.3615 40.1714 53.8306
17466.0000 0.0839 74.8918 49.0000 33.0077 40.1123 53.9469
17467.0000 0.0762 74.7721 49.0000 33.0615 40.7212 53.2878
17468.0000 0.0725 75.0271 49.0000 33.2087 41.2328 53.1611
17469.0000 0.0749 75.1693 49.0000 33.4376 40.8398 53.5206
17470.0000 0.0784 75.8275 49.0000 33.4023 41.2082 54.1848
17471.0000 0.0786 75.8012 49.0000 33.5309 41.0047 54.2228
17472.0000 0.0843 76.2605 49.0000 33.0189 41.4985 54.8023
17473.0000 0.0882 76.3441 49.0000 33.0042 41.1991 55.1524
17474.0000 0.0815 76.0785 49.0000 33.6238 40.8857 54.6419
17475.0000 0.0751 75.8044 49.0000 33.8353 41.0322 54.0170
17476.0000 0.0735 75.3835 49.0000 33.8742 40.7022 53.6521
17477.0000 0.0800 75.8630 49.0000 33.9891 40.3930 54.4825
17478.0000 0.0765 75.5585 49.0000 33.7086 40.7620 53.9562
17479.0000 0.0780 75.2912 49.0000 33.3560 40.7329 53.8236
17480.0000 0.0765 75.5315 49.0000 33.3388 41.1794 53.8312
17481.0000 0.0791 75.4080 49.0000 33.1454 40.9938 53.9190
17482.0000 0.0761 75.3150 49.0000 33.1882 41.1631 53.6330
17483.0000 0.0781 75.2332 49.0000 33.2835 40.7460 53.7774
17484.0000 0.0747 75.1310 49.0000 33.5576 40.6781 53.5149
17485.0000 0.0763 75.1937 49.0000 33.1704 41.0325 53.5738
17486.0000 0.0767 75.1942 49.0000 33.5017 40.5992 53.6984
17487.0000 0.0722 75.1025 49.0000 33.6596 40.8000 53.3177
17488.0000 0.0731 75.1054 49.0000 33.6436 40.7292 53.3861
17489.0000 0.0783 75.3278 49.0000 33.3242 40.7785 53.8598
17490.0000 0.0725 75.3435 49.0000 33.5984 41.1018 53.4643
17491.0000 0.0768 75.6595 49.0000 33.6036 40.9687 54.0068
17492.0000 0.0764 75.5889 49.0000 33.7873 40.7143 53.9856
17493.0000 0.0736 75.2884 49.0000 33.8376 40.6330 53.5940
17494.0000 0.0750 75.5835 49.0000 33.6882 40.9761 53.8418
17495.0000 0.0764 75.6099 49.0000 33.4843 41.0986 53.9125
17496.0000 0.0755 75.7237 49.0000 33.4646 41.3416 53.8987
17497.0000 0.0725 75.7072 49.0000 33.7104 41.3605 53.7074
17498.0000 0.0738 75.5787 49.0000 33.7339 41.0520 53.7485
17499.0000 0.0747 75.4917 49.0000 33.7981 40.7759 53.7960
17500.0000 0.0747 75.4222 49.0000 33.8526 40.6396 53.7673
17501.0000 0.0687 75.3169 49.0000 34.3476 40.6039 53.3311
17502.0000 0.0667 75.3114 49.0000 34.6254 40.4863 53.2329
17503.0000 0.0700 75.4691 49.0000 34.2639 40.7182 53.5126
17504.0000 0.0666 75.2687 49.0000 34.3845 40.7343 53.1395
17505.0000 0.0761 75.2682 49.0000 33.7387 40.4599 53.7586
17506.0000 0.0763 75.2787 49.0000 33.8164 40.3678 53.7938
17507.0000 0.0757 75.4275 49.0000 33.7737 40.6360 53.8271
17508.0000 0.0730 75.1558 49.0000 33.8732 40.5128 53.4763
17509.0000 0.0705 75.1106 49.0000 34.0278 40.5529 53.2839
17510.0000 0.0735 75.4748 49.0000 34.1103 40.5282 53.7625
17511.0000 0.0710 75.5463 49.0000 34.4308 40.4948 53.6836
17512.0000 0.0695 75.3576 49.0000 34.4326 40.4524 53.4486
17513.0000 0.0675 75.4723 49.0000 34.3195 40.9307 53.3190
17514.0000 0.0666 74.8852 49.0000 34.5161 40.1686 52.9427
17515.0000 0.0634 74.9138 49.0000 34.5825 40.4847 52.6983
17516.0000 0.0535 74.5864 49.0000 35.0172 40.7703 51.7176
17517.0000 0.0499 74.2730 49.0000 34.9771 40.9272 51.1668
17518.0000 0.0516 74.2169 49.0000 34.9245 40.7119 51.2929
17519.0000 0.0541 74.3375 49.0000 34.6973 40.8133 51.5406
17520.0000 0.0425 78.6787 50.0000 35.3624 47.4668 51.8338
17521.0000 0.0536 74.3098 49.0000 34.7486 40.7789 51.4933
17522.0000 0.0593 74.5145 49.0000 34.6843 40.3960 52.1303
17523.0000 0.0564 74.4910 49.0000 34.5122 40.9280 51.7949
17524.0000 0.0586 74.3846 49.0000 34.3288 40.7665 51.8912
17525.0000 0.0624 74.7305 49.0000 34.3488 40.6723 52.4460
17526.0000 0.0386 78.8436 50.0000 36.1818 46.9778 51.9641
17527.0000 0.0406 78.7378 50.0000 36.1311 46.4100 52.3477
17528.0000 0.0418 78.6842 50.0000 36.3623 45.6744 52.7526
17529.0000 0.0437 79.0545 50.0000 36.6826 45.2947 53.4077
17530.0000 0.0514 74.8689 49.0000 35.3076 40.9947 51.7509
17531.0000 0.0609 75.0534 49.0000 34.7624 40.7064 52.6079
17532.0000 0.0645 75.2499 49.0000 34.6762 40.6088 53.0193
17533.0000 0.0609 75.0628 49.0000 34.9576 40.4819 52.6650
17534.0000 0.0674 75.3465 49.0000 34.4839 40.6175 53.2746
17535.0000 0.0626 75.4029 49.0000 34.7753 40.8808 52.9625
17536.0000 0.0626 75.3614 49.0000 34.6486 40.9873 52.9042
17537.0000 0.0527 75.1315 49.0000 35.1867 41.2790 51.9873
17538.0000 0.0545 75.1622 49.0000 35.2220 41.0499 52.1888
17539.0000 0.0549 75.1617 49.0000 34.6601 41.6958 52.0520
17540.0000 0.0539 75.0841 49.0000 34.7487 41.6248 51.9377
17541.0000 0.0525 74.7395 49.0000 34.6798 41.5027 51.5833
17542.0000 0.0533 74.8692 49.0000 34.9914 41.1551 51.8388
17543.0000 0.0530 74.6169 49.0000 34.6256 41.3694 51.5492
17544.0000 0.0571 74.9272 49.0000 34.6646 41.1420 52.1516
17545.0000 0.0513 74.9636 49.0000 34.8498 41.7003 51.6345
17546.0000 0.0543 74.8533 49.0000 34.7124 41.3582 51.8418
17547.0000 0.0607 74.9602 49.0000 34.4907 40.9568 52.4592
17548.0000 0.0635 75.0864 49.0000 34.3484 40.9418 52.7440
17549.0000 0.0704 75.3824 49.0000 34.3387 40.5002 53.5079
17550.0000 0.0667 75.3571 49.0000 34.3470 40.8652 53.1885
17551.0000 0.0729 79.9668 50.0000 36.7765 42.2746 57.0530
17552.0000 0.0661 75.2748 49.0000 34.2209 40.9943 53.0537
17553.0000 0.0641 80.1985 50.0000 37.4799 42.7175 56.5886
17554.0000 0.0683 79.7371 50.0000 37.0569 42.2339 56.5782
17555.0000 0.0647 75.0430 49.0000 34.1714 40.9661 52.7783
17556.0000 0.0671 74.9248 49.0000 34.0559 40.7052 52.8868
17557.0000 0.0673 75.0323 49.0000 34.3477 40.4447 53.0500
17558.0000 0.0666 75.0679 49.0000 34.4908 40.3961 53.0446
17559.0000 0.0623 74.9872 49.0000 34.8054 40.4204 52.7054
17560.0000 0.0615 74.7212 49.0000 34.5261 40.5572 52.4054
17561.0000 0.0609 75.0745 49.0000 34.7587 40.7397 52.6146
17562.0000 0.0645 75.0195 49.0000 34.5684 40.4872 52.8558
17563.0000 0.0689 75.0502 49.0000 34.5143 40.1037 53.2259
17564.0000 0.0674 74.7357 49.0000 34.3116 40.1584 52.8719
17565.0000 0.0670 75.0422 49.0000 34.4027 40.4288 53.0406
17566.0000 0.0695 74.9826 49.0000 34.4576 40.0240 53.2273
17567.0000 0.0667 74.7398 49.0000 34.6825 39.8128 52.8971
17568.0000 0.0744 75.3102 49.0000 34.5055 39.8081 53.8173
17569.0000 0.0724 75.1822 49.0000 34.4949 39.8908 53.5836
17570.0000 0.0797 75.4765 49.0000 34.5943 39.3436 54.3324
17571.0000 0.0814 75.6074 49.0000 34.4353 39.4904 54.5087
17572.0000 0.0765 75.3439 49.0000 34.2421 39.9263 53.9451
17573.0000 0.0792 75.3254 49.0000 34.1553 39.7288 54.1198
17574.0000 0.0815 75.8440 49.0000 33.9853 40.2319 54.5776
17575.0000 0.0823 75.7826 49.0000 34.1641 39.8860 54.6345
17576.0000 0.0846 76.1604 49.0000 34.3083 39.8823 55.0704
17577.0000 0.0781 75.8758 49.0000 34.6425 39.8645 54.4780
17578.0000 0.0845 75.6156 49.0000 34.1466 39.5168 54.6823
17579.0000 0.0847 75.8955 49.0000 34.0538 39.8856 54.8598
17580.0000 0.0890 76.0886 49.0000 33.8055 39.9439 55.2372
17581.0000 0.0833 75.6768 49.0000 34.0152 39.8454 54.6102
17582.0000 0.0873 75.8918 49.0000 33.8947 39.8035 55.0127
17583.0000 0.0853 75.7679 49.0000 34.0326 39.7166 54.8192
17584.0000 0.0862 75.5808 49.0000 34.0413 39.4349 54.7588
17585.0000 0.0826 75.3989 49.0000 33.8435 39.8173 54.3525
17586.0000 0.0782 75.3466 49.0000 33.8541 40.1969 53.9928
17587.0000 0.0747 75.4354 49.0000 33.9939 40.4934 53.8071
17588.0000 0.0792 75.6339 49.0000 34.0719 40.1409 54.2983
17589.0000 0.0713 75.4152 49.0000 34.3268 40.4520 53.5981
17590.0000 0.0694 75.4315 49.0000 34.4982 40.4702 53.4971
17591.0000 0.0680 75.3858 49.0000 34.6240 40.4266 53.3842
17592.0000 0.0690 75.2459 49.0000 34.5162 40.2934 53.3575
17593.0000 0.0744 75.5050 49.0000 34.4258 40.0983 53.9259
17594.0000 0.0768 75.9239 49.0000 34.2902 40.4498 54.3364
17595.0000 0.0742 75.6479 49.0000 34.2620 40.4594 53.9608
17596.0000 0.0707 75.8202 49.0000 34.7103 40.5021 53.8840
17597.0000 0.0742 75.9098 49.0000 34.4215 40.5572 54.1533
17598.0000 0.0695 76.0337 49.0000 34.8994 40.6328 53.9641
17599.0000 0.0700 75.8838 49.0000 34.5685 40.8021 53.8382
17600.0000 0.0723 76.1241 49.0000 34.4634 40.9308 54.1463
17601.0000 0.0780 76.5686 49.0000 34.4216 40.8500 54.8560
17602.0000 0.0770 76.2338 49.0000 34.1974 40.8568 54.5238
17603.0000 0.0709 76.0942 49.0000 34.3101 41.2405 53.9663
17604.0000 0.0726 76.0993 49.0000 34.4696 40.8668 54.1559
17605.0000 0.0736 76.0098 49.0000 34.4398 40.7009 54.1741
17606.0000 0.0691 75.8629 49.0000 34.8886 40.5099 53.8230
17607.0000 0.0651 76.1338 49.0000 35.3642 40.6880 53.7607
17608.0000 0.0662 75.8908 49.0000 35.2753 40.4145 53.6819
17609.0000 0.0624 75.6540 49.0000 35.1567 40.7179 53.1939
17610.0000 0.0670 75.8432 49.0000 35.1785 40.3904 53.6963
17611.0000 0.0724 75.8088 49.0000 34.6258 40.3987 53.9998
17612.0000 0.0697 75.7386 49.0000 34.7805 40.4430 53.7682
17613.0000 0.0739 75.7001 49.0000 34.6377 40.1160 54.0504
17614.0000 0.0764 75.4751 49.0000 34.3977 39.8927 54.0542
17615.0000 0.0736 75.2895 49.0000 34.5675 39.7919 53.7606
17616.0000 0.0736 75.0939 49.0000 34.3936 39.7833 53.6047
17617.0000 0.0727 75.1606 49.0000 34.5728 39.7510 53.6068
17618.0000 0.0722 75.3041 49.0000 34.6258 39.8872 53.6728
17619.0000 0.0813 75.5577 49.0000 34.5686 39.3036 54.4905
17620.0000 0.0800 75.3985 49.0000 34.3662 39.4873 54.2646
17621.0000 0.0778 75.2072 49.0000 34.7902 39.0457 54.0481
17622.0000 0.0765 75.2066 49.0000 34.6534 39.3240 53.9333
17623.0000 0.0733 75.3866 49.0000 34.6852 39.7923 53.8206
17624.0000 0.0775 75.4153 49.0000 34.8311 39.2413 54.1700
17625.0000 0.0656 75.2290 49.0000 35.0115 40.0777 53.1731
17626.0000 0.0637 75.2789 49.0000 35.3293 39.9698 53.1147
17627.0000 0.0707 75.5657 49.0000 35.0289 39.8672 53.7937
17628.0000 0.0690 75.5079 49.0000 35.2474 39.7447 53.6603
17629.0000 0.0651 75.5132 49.0000 35.1045 40.3285 53.3248
17630.0000 0.0702 75.7065 49.0000 34.5750 40.5918 53.7433
17631.0000 0.0755 75.5198 49.0000 34.2212 40.2382 53.9726
17632.0000 0.0733 75.6551 49.0000 34.6139 40.1566 53.9724
17633.0000 0.0767 75.5743 49.0000 34.1377 40.2604 54.0851
17634.0000 0.0801 75.6950 49.0000 34.0138 40.1858 54.3866
17635.0000 0.0805 76.0153 49.0000 34.1020 40.3743 54.6379
17636.0000 0.0839 75.9058 49.0000 34.0061 40.0243 54.8027
17637.0000 0.0831 75.6686 49.0000 34.0454 39.8184 54.5999
17638.0000 0.0817 75.5748 49.0000 34.2075 39.6761 54.4720
17639.0000 0.0834 75.8183 49.0000 34.2906 39.6738 54.7591
17640.0000 0.0903 76.0442 49.0000 34.2770 39.2608 55.3750
17641.0000 0.0947 75.8144 49.0000 33.6468 39.3016 55.4175
17642.0000 0.0862 75.9847 49.0000 33.8338 40.0772 54.9797
17643.0000 0.0936 76.1511 49.0000 33.2507 40.1797 55.4886
17644.0000 0.0929 76.1316 49.0000 33.2647 40.2116 55.4302
17645.0000 0.0917 76.2481 49.0000 33.6201 40.0494 55.4933
17646.0000 0.0907 76.2529 49.0000 33.4843 40.3011 55.3997
17647.0000 0.0865 76.1091 49.0000 33.6746 40.3566 55.0450
17648.0000 0.0975 76.5875 49.0000 32.9076 40.6331 55.9614
17649.0000 0.0960 76.3333 49.0000 33.2505 40.1388 55.7678
17650.0000 0.0956 76.2769 49.0000 33.2592 40.1129 55.7040
17651.0000 0.0933 76.0395 49.0000 33.0797 40.2907 55.3570
17652.0000 0.0861 75.9525 49.0000 33.5161 40.4109 54.8855
17653.0000 0.0944 76.3103 49.0000 33.2869 40.2329 55.6468
17654.0000 0.0929 76.5770 49.0000 33.3592 40.5613 55.7313
17655.0000 0.0958 76.8682 49.0000 33.1768 40.7835 56.0779
17656.0000 0.0923 76.7725 49.0000 33.0851 41.1282 55.7483
17657.0000 0.0948 76.7961 49.0000 33.0237 40.9835 55.9234
17658.0000 0.0941 76.7591 49.0000 33.4144 40.5727 55.9401
17659.0000 0.0907 76.3720 49.0000 33.1594 40.7902 55.4013
17660.0000 0.0950 76.5711 49.0000 32.9926 40.7695 55.7895
17661.0000 0.1006 76.3880 49.0000 33.2252 39.7964 56.1022
17662.0000 0.0975 76.5191 49.0000 33.0447 40.4138 55.9459
17663.0000 0.0961 76.4124 49.0000 32.9216 40.5743 55.7562
17664.0000 0.0989 76.4653 49.0000 33.0157 40.2614 55.9994
17665.0000 0.1004 76.7732 49.0000 32.8081 40.6631 56.2518
17666.0000 0.1034 76.9832 49.0000 32.7990 40.5980 56.5901
17667.0000 0.0992 76.9260 49.0000 32.6189 41.1407 56.2232
17668.0000 0.1064 77.1040 49.0000 32.3314 40.9592 56.7632
17669.0000 0.1038 76.6663 49.0000 32.0819 41.0462 56.2466
17670.0000 0.1058 76.5546 49.0000 32.1932 40.6185 56.3413
17671.0000 0.1026 76.5171 49.0000 32.7435 40.2754 56.2193
17672.0000 0.1015 76.5848 49.0000 32.9325 40.2294 56.2342
17673.0000 0.0946 76.3758 49.0000 32.9302 40.6773 55.6258
17674.0000 0.0920 76.1963 49.0000 33.1038 40.5479 55.3705
17675.0000 0.0940 76.5260 49.0000 33.1359 40.6535 55.7273
17676.0000 0.0995 76.8023 49.0000 33.1351 40.4164 56.2777
17677.0000 0.0994 76.7537 49.0000 33.0935 40.4183 56.2344
17678.0000 0.0980 76.7607 49.0000 32.9837 40.6800 56.1197
17679.0000 0.1050 77.1214 49.0000 32.9447 40.4282 56.8148
17680.0000 0.1021 77.3920 49.0000 33.0552 40.8499 56.8169
17681.0000 0.1028 77.4265 49.0000 32.8953 40.9984 56.8498
17682.0000 0.1046 77.2679 49.0000 32.6997 40.8874 56.8267
17683.0000 0.1028 77.0829 49.0000 32.7634 40.7987 56.6022
17684.0000 0.1013 76.9377 49.0000 32.7780 40.7798 56.4094
17685.0000 0.0964 76.8239 49.0000 32.8624 41.0336 56.0198
17686.0000 0.1005 76.9868 49.0000 32.8630 40.8067 56.4074
17687.0000 0.1015 76.8398 49.0000 32.7569 40.6795 56.3607
17688.0000 0.0931 76.6492 49.0000 32.9811 41.0465 55.7004
17689.0000 0.0968 76.5823 49.0000 33.2122 40.3638 55.9693
17690.0000 0.0953 76.4361 49.0000 32.9650 40.6291 55.7231
17691.0000 0.0977 76.5227 49.0000 33.0923 40.3476 55.9704
17692.0000 0.0963 76.2527 49.0000 33.2103 40.0768 55.7261
17693.0000 0.0907 76.2482 49.0000 33.4691 40.3148 55.3925
17694.0000 0.0849 76.0949 49.0000 33.9073 40.2394 54.9684
17695.0000 0.0819 75.8019 49.0000 33.8598 40.2906 54.5538
17696.0000 0.0877 75.8388 49.0000 33.5833 40.0603 54.9441
17697.0000 0.0842 75.6657 49.0000 33.6366 40.1633 54.5966
17698.0000 0.0880 75.6224 49.0000 33.3358 40.0919 54.7733
17699.0000 0.0842 75.5340 49.0000 33.4173 40.2804 54.4624
17700.0000 0.0851 75.2370 49.0000 33.5826 39.6993 54.3764
17701.0000 0.0860 75.1335 49.0000 33.8142 39.2465 54.4182
17702.0000 0.0919 75.2180 49.0000 33.4822 39.1475 54.8102
17703.0000 0.0914 75.2550 49.0000 33.2778 39.4528 54.7666
17704.0000 0.0873 75.1419 49.0000 33.4112 39.5786 54.4383
17705.0000 0.0875 75.1423 49.0000 33.4626 39.5017 54.4632
17706.0000 0.0905 75.2940 49.0000 33.1744 39.6946 54.7081
17707.0000 0.0842 75.1407 49.0000 33.3483 39.9484 54.2047
17708.0000 0.0840 75.1621 49.0000 33.7944 39.4911 54.2930
17709.0000 0.0869 75.4117 49.0000 33.4001 39.9086 54.5771
17710.0000 0.0866 75.4201 49.0000 33.4464 39.8883 54.5752
17711.0000 0.0805 75.1465 49.0000 33.6281 40.0057 53.9972
17712.0000 0.0836 75.2448 49.0000 33.5492 39.8914 54.2670
17713.0000 0.0878 75.4145 49.0000 33.4985 39.7080 54.6670
17714.0000 0.0898 75.5162 49.0000 33.6848 39.4235 54.8983
17715.0000 0.0846 75.2598 49.0000 34.0424 39.2616 54.4397
17716.0000 0.0903 75.2336 49.0000 33.4808 39.3114 54.7152
17717.0000 0.0894 75.0587 49.0000 33.4662 39.2305 54.5417
17718.0000 0.0846 74.7771 49.0000 33.5057 39.3598 54.0351
17719.0000 0.0890 74.5383 49.0000 33.2214 39.0091 54.1349
17720.0000 0.0876 74.3791 49.0000 33.4009 38.7816 53.9686
17721.0000 0.0902 74.5128 49.0000 33.2194 38.8822 54.1922
17722.0000 0.0926 74.4293 49.0000 33.0293 38.7772 54.2689
17723.0000 0.0933 74.7383 49.0000 32.9901 39.0715 54.5058
17724.0000 0.0949 74.8021 49.0000 32.8881 39.1050 54.6308
17725.0000 0.0917 74.7297 49.0000 33.1145 39.0731 54.4174
17726.0000 0.0933 74.8758 49.0000 32.9465 39.2588 54.5863
17727.0000 0.0974 74.9180 49.0000 32.9084 38.9708 54.8727
17728.0000 0.0945 74.8185 49.0000 32.9620 39.0765 54.6292
17729.0000 0.0893 74.9884 49.0000 33.3625 39.2820 54.4713
17730.0000 0.0841 74.9615 49.0000 33.5708 39.5267 54.1283
17731.0000 0.0842 75.0493 49.0000 33.4466 39.7480 54.1647
17732.0000 0.0857 75.3289 49.0000 33.5039 39.8184 54.4650
17733.0000 0.0871 75.3533 49.0000 33.5860 39.6191 54.5933
17734.0000 0.0921 75.5452 49.0000 33.4495 39.4878 55.0356
17735.0000 0.0903 75.4242 49.0000 33.1901 39.8310 54.7789
17736.0000 0.0922 75.7066 49.0000 33.2669 39.8430 55.1121
17737.0000 0.0917 75.6459 49.0000 33.2408 39.8605 55.0316
17738.0000 0.0905 75.7686 49.0000 33.3240 40.0072 55.0438
17739.0000 0.0903 75.6043 49.0000 33.0781 40.1413 54.8682
17740.0000 0.0864 75.3797 49.0000 33.0054 40.3694 54.4338
17741.0000 0.0828 75.5941 49.0000 33.5050 40.3864 54.4134
17742.0000 0.0875 75.7575 49.0000 33.5230 40.0654 54.8651
17743.0000 0.0855 75.7271 49.0000 33.7456 39.9800 54.7487
17744.0000 0.0793 75.4514 49.0000 34.0855 39.9286 54.1923
17745.0000 0.0795 75.7578 49.0000 34.1522 40.1506 54.4132
17746.0000 0.0822 75.7430 49.0000 33.9448 40.0984 54.5608
17747.0000 0.0818 75.6336 49.0000 33.9855 39.9751 54.4740
17748.0000 0.0824 75.6022 49.0000 33.8960 39.9845 54.4793
17749.0000 0.0844 75.7031 49.0000 33.9032 39.8873 54.6858
17750.0000 0.0838 75.9423 49.0000 34.2291 39.8248 54.8596
17751.0000 0.0841 76.1990 49.0000 34.0771 40.2326 55.0125
17752.0000 0.0908 76.3266 49.0000 33.5257 40.3224 55.4606
17753.0000 0.0861 75.8616 49.0000 33.4135 40.4385 54.8018
17754.0000 0.0861 76.1008 49.0000 33.5807 40.4963 54.9884
17755.0000 0.0850 75.9524 49.0000 33.5339 40.5042 54.8056
17756.0000 0.0879 76.2263 49.0000 33.4021 40.6464 55.1598
17757.0000 0.0848 76.1439 49.0000 33.8315 40.3806 54.9793
17758.0000 0.0925 76.5559 49.0000 33.4251 40.5059 55.7031
17759.0000 0.0924 76.5392 49.0000 33.5306 40.3789 55.7090
17760.0000 0.0999 76.8750 49.0000 33.6230 39.9169 56.4437
17761.0000 0.0996 76.7213 49.0000 33.5435 39.8720 56.3135
17762.0000 0.0997 76.7152 49.0000 33.3298 40.0883 56.2785
17763.0000 0.0956 76.7854 49.0000 33.7283 40.1042 56.1253
17764.0000 0.0928 76.5418 49.0000 33.4711 40.4062 55.7285
17765.0000 0.0939 76.4391 49.0000 33.5207 40.1500 55.7430
17766.0000 0.0908 76.3764 49.0000 33.2498 40.6857 55.4300
17767.0000 0.0982 76.1822 49.0000 33.1413 39.9014 55.7966
17768.0000 0.0897 75.9406 49.0000 33.6967 39.8499 55.1679
17769.0000 0.0878 75.7412 49.0000 33.7608 39.7513 54.9251
17770.0000 0.0843 75.4993 49.0000 33.5351 40.0966 54.4776
17771.0000 0.0893 75.5773 49.0000 33.4631 39.7735 54.8655
17772.0000 0.0907 75.5681 49.0000 33.5398 39.5507 54.9669
17773.0000 0.0872 75.3977 49.0000 33.5522 39.6933 54.6215
17774.0000 0.0891 75.5566 49.0000 33.4367 39.8029 54.8318
17775.0000 0.0835 75.2909 49.0000 33.8145 39.6497 54.3435
17776.0000 0.0850 75.4222 49.0000 33.6938 39.7743 54.5090
17777.0000 0.0791 75.2189 49.0000 34.0679 39.7316 54.0246
17778.0000 0.0727 74.9373 49.0000 34.1385 40.0050 53.3831
17779.0000 0.0740 74.9882 49.0000 34.0235 40.0540 53.4912
17780.0000 0.0780 75.2055 49.0000 33.8048 40.1274 53.8785
17781.0000 0.0798 75.2389 49.0000 33.8233 39.9544 54.0418
17782.0000 0.0788 75.1812 49.0000 33.7473 40.0831 53.9136
17783.0000 0.0825 75.0924 49.0000 33.7100 39.6565 54.1282
17784.0000 0.0825 74.9295 49.0000 33.6166 39.5926 54.0072
17785.0000 0.0834 75.0463 49.0000 33.3794 39.9002 54.0902
17786.0000 0.0810 74.7382 49.0000 33.2530 39.9662 53.6913
17787.0000 0.0833 74.9991 49.0000 33.0844 40.1987 53.9848
17788.0000 0.0781 74.9086 49.0000 33.4804 40.1794 53.6281
17789.0000 0.0762 74.9411 49.0000 33.4893 40.4015 53.5010
17790.0000 0.0813 74.9663 49.0000 33.3681 40.0355 53.8857
17791.0000 0.0777 74.8672 49.0000 33.4789 40.1733 53.5758
17792.0000 0.0748 75.0315 49.0000 33.4657 40.6747 53.4354
17793.0000 0.0788 75.0582 49.0000 33.3430 40.4159 53.7451
17794.0000 0.0826 75.2413 49.0000 33.4064 40.1511 54.1586
17795.0000 0.0819 75.2509 49.0000 33.5004 40.1268 54.1319
17796.0000 0.0794 74.8589 49.0000 33.3018 40.1977 53.6561
17797.0000 0.0804 74.9084 49.0000 33.4281 40.0022 53.7927
17798.0000 0.0788 74.5613 49.0000 33.6254 39.5704 53.5062
17799.0000 0.0868 74.7203 49.0000 33.1343 39.5025 54.0813
17800.0000 0.0836 74.5303 49.0000 33.0713 39.6969 53.7142
17801.0000 0.0805 74.2719 49.0000 32.9972 39.8166 53.3117
17802.0000 0.0799 74.3307 49.0000 32.9806 39.9579 53.2982
17803.0000 0.0863 74.5246 49.0000 32.7758 39.7591 53.8413
17804.0000 0.0875 74.9559 49.0000 32.9085 39.9394 54.2241
17805.0000 0.0904 75.0823 49.0000 32.9634 39.7222 54.5244
17806.0000 0.1003 75.4839 49.0000 32.4886 39.7337 55.3493
17807.0000 0.0969 75.5255 49.0000 32.4447 40.1355 55.1414
17808.0000 0.0952 75.3199 49.0000 32.8073 39.6862 54.9706
17809.0000 0.0943 75.1715 49.0000 32.8767 39.5409 54.8305
17810.0000 0.0911 75.1627 49.0000 32.9445 39.7559 54.6219
17811.0000 0.0881 74.7016 49.0000 32.9567 39.5648 54.1185
17812.0000 0.0919 75.0921 49.0000 32.8954 39.6696 54.6173
17813.0000 0.0900 75.0925 49.0000 32.7560 40.0053 54.4565
17814.0000 0.0859 74.9336 49.0000 32.9636 40.0101 54.1077
17815.0000 0.0860 74.7241 49.0000 33.0328 39.7053 54.0001
17816.0000 0.0903 74.9514 49.0000 32.9423 39.6256 54.4272
17817.0000 0.0965 74.9563 49.0000 32.3781 39.6712 54.7385
17818.0000 0.1015 74.8967 49.0000 32.3397 39.2021 55.0168
17819.0000 0.0979 74.7322 49.0000 32.2927 39.4096 54.6715
17820.0000 0.0927 74.3113 49.0000 32.0552 39.7391 53.9948
17821.0000 0.0960 74.5767 49.0000 32.0905 39.6548 54.4002
17822.0000 0.0979 74.8343 49.0000 32.0375 39.8025 54.6767
17823.0000 0.0994 75.0304 49.0000 31.8642 40.0563 54.8610
17824.0000 0.0991 74.8776 49.0000 31.8565 39.9396 54.7416
17825.0000 0.0907 74.6313 49.0000 31.9759 40.3573 54.0246
17826.0000 0.0920 74.7022 49.0000 32.0618 40.2072 54.1834
17827.0000 0.0924 74.8953 49.0000 32.0465 40.3837 54.3276
17828.0000 0.0900 74.8887 49.0000 32.3396 40.2744 54.2258
17829.0000 0.0956 75.1152 49.0000 32.2431 40.0718 54.7441
17830.0000 0.0976 75.0343 49.0000 31.8204 40.2745 54.7319
17831.0000 0.0954 74.6355 49.0000 31.7130 40.2006 54.3014
17832.0000 0.0947 74.8115 49.0000 31.7952 40.3638 54.3745
17833.0000 0.0970 75.1285 49.0000 31.9345 40.3024 54.7741
17834.0000 0.0940 74.9166 49.0000 32.2670 39.9955 54.5133
17835.0000 0.0951 75.1304 49.0000 32.2811 40.0937 54.7267
17836.0000 0.0961 75.0355 49.0000 32.2509 39.9391 54.7273
17837.0000 0.1000 75.6084 49.0000 32.2280 40.1768 55.3517
17838.0000 0.1008 75.5906 49.0000 32.1627 40.1532 55.3825
17839.0000 0.1019 75.2162 49.0000 32.2645 39.5603 55.2400
17840.0000 0.1007 75.1393 49.0000 31.9660 39.9269 55.0449
17841.0000 0.1077 75.2550 49.0000 31.7513 39.6446 55.5291
17842.0000 0.1061 75.3034 49.0000 31.9754 39.5952 55.5013
17843.0000 0.0999 75.2262 49.0000 32.3101 39.7095 55.1198
17844.0000 0.0955 75.0042 49.0000 32.3186 39.8831 54.6853
17845.0000 0.0916 74.6805 49.0000 32.1878 40.0774 54.1750
17846.0000 0.0962 74.7456 49.0000 31.8661 40.0614 54.4660
17847.0000 0.0988 74.9035 49.0000 31.3721 40.5434 54.6128
17848.0000 0.0934 74.8558 49.0000 32.0000 40.2941 54.3670
17849.0000 0.0931 74.9267 49.0000 32.0012 40.3941 54.3898
17850.0000 0.0911 74.8348 49.0000 32.3435 40.0999 54.2784
17851.0000 0.0913 75.0484 49.0000 32.5964 40.0133 54.4856
17852.0000 0.0895 74.9587 49.0000 32.8077 39.8559 54.3504
17853.0000 0.0880 75.4675 49.0000 32.9639 40.3489 54.5957
17854.0000 0.0905 75.5217 49.0000 33.2597 39.8297 54.8718
17855.0000 0.0882 75.6994 49.0000 33.2767 40.2098 54.8291
17856.0000 0.0839 75.7328 49.0000 33.3644 40.5779 54.5500
17857.0000 0.0852 75.7191 49.0000 33.2177 40.5981 54.6055
17858.0000 0.0846 75.5377 49.0000 33.2471 40.4344 54.4577
17859.0000 0.0855 75.8135 49.0000 33.4347 40.4195 54.7363
17860.0000 0.0863 75.5482 49.0000 33.2964 40.2223 54.5989
17861.0000 0.0846 75.5933 49.0000 33.4230 40.2962 54.5294
17862.0000 0.0851 75.5298 49.0000 33.1065 40.5442 54.4508
17863.0000 0.0896 75.8636 49.0000 32.7428 40.8588 54.8977
17864.0000 0.0887 75.6825 49.0000 32.5397 40.9941 54.6671
17865.0000 0.0857 75.5338 49.0000 32.6703 40.9955 54.3818
17866.0000 0.0876 75.5737 49.0000 32.7994 40.6942 54.5855
17867.0000 0.0879 75.4375 49.0000 32.7814 40.5356 54.5257
17868.0000 0.0908 75.6606 49.0000 32.6041 40.6854 54.8288
17869.0000 0.0862 75.6601 49.0000 32.5929 41.1618 54.4781
17870.0000 0.0826 75.3579 49.0000 32.6996 41.0994 54.0406
17871.0000 0.0832 75.5554 49.0000 33.1370 40.7321 54.3273
17872.0000 0.0831 75.6439 49.0000 33.2941 40.6472 54.4179
17873.0000 0.0840 75.7084 49.0000 33.1666 40.7670 54.4958
17874.0000 0.0797 75.7582 49.0000 33.4601 40.9280 54.2644
17875.0000 0.0817 75.7765 49.0000 33.2638 40.9719 54.3773
17876.0000 0.0825 75.8641 49.0000 33.2806 40.9571 54.5003
17877.0000 0.0797 76.0138 49.0000 33.4705 41.1866 54.4195
17878.0000 0.0786 76.0511 49.0000 33.5825 41.2129 54.3827
17879.0000 0.0777 76.0698 49.0000 33.8268 41.0362 54.3912
17880.0000 0.0755 75.7964 49.0000 33.9105 40.8892 54.0671
17881.0000 0.0790 76.0066 49.0000 33.8763 40.7825 54.4627
17882.0000 0.0799 76.2324 49.0000 33.9744 40.8069 54.6984
17883.0000 0.0834 76.3540 49.0000 33.5065 41.1170 54.9239
17884.0000 0.0830 75.9660 49.0000 33.2762 41.0140 54.6019
17885.0000 0.0844 75.8751 49.0000 33.2932 40.7552 54.6590
17886.0000 0.0881 76.1801 49.0000 33.4018 40.5779 55.1468
17887.0000 0.0880 75.9937 49.0000 33.2015 40.6234 54.9768
17888.0000 0.0838 75.7447 49.0000 33.2309 40.7514 54.5188
17889.0000 0.0834 75.9959 49.0000 33.3939 40.8697 54.6799
17890.0000 0.0797 75.9857 49.0000 33.3703 41.2727 54.3766
17891.0000 0.0791 76.1196 49.0000 33.4634 41.3763 54.4279
17892.0000 0.0758 76.0962 49.0000 33.4069 41.7810 54.1199
17893.0000 0.0719 76.1094 49.0000 33.6260 41.9692 53.8565
17894.0000 0.0712 76.1664 49.0000 33.6748 42.0616 53.8344
17895.0000 0.0749 76.2281 49.0000 33.7489 41.6074 54.2268
17896.0000 0.0752 76.2910 49.0000 33.8820 41.4835 54.3273
17897.0000 0.0761 76.3667 49.0000 33.5686 41.8441 54.3516
17898.0000 0.0727 76.1874 49.0000 33.6575 41.9284 53.9788
17899.0000 0.0727 75.7231 49.0000 33.5217 41.5879 53.6725
17900.0000 0.0739 75.9556 49.0000 33.6765 41.5166 53.9585
17901.0000 0.0702 75.8766 49.0000 33.7912 41.7143 53.6221
17902.0000 0.0734 76.1209 49.0000 33.7119 41.7085 54.0213
17903.0000 0.0768 76.3290 49.0000 33.5860 41.6993 54.3991
17904.0000 0.0705 75.7805 49.0000 33.5476 41.8749 53.5139
17905.0000 0.0719 75.7703 49.0000 33.8082 41.3744 53.7243
17906.0000 0.0741 75.4815 49.0000 33.3932 41.3255 53.6149
17907.0000 0.0768 75.5812 49.0000 33.4224 41.0909 53.9166
17908.0000 0.0738 75.6599 49.0000 33.5556 41.3526 53.7438
17909.0000 0.0735 75.5618 49.0000 33.5715 41.2540 53.6717
17910.0000 0.0690 75.7024 49.0000 33.8003 41.6453 53.4234
17911.0000 0.0663 75.1146 49.0000 33.4947 41.6948 52.7433
17912.0000 0.0725 75.4177 49.0000 33.4853 41.3247 53.4680
17913.0000 0.0689 75.2041 49.0000 33.6546 41.2851 53.0902
17914.0000 0.0684 75.1085 49.0000 33.9103 40.9328 53.0650
17915.0000 0.0668 75.0992 49.0000 34.3242 40.5994 53.0418
17916.0000 0.0700 75.3484 49.0000 33.7049 41.2561 53.2850
17917.0000 0.0686 75.2678 49.0000 33.9873 40.9940 53.1939
17918.0000 0.0694 75.5182 49.0000 33.8126 41.3787 53.3620
17919.0000 0.0697 75.2111 49.0000 33.9867 40.8080 53.2572
17920.0000 0.0665 74.8015 49.0000 34.1080 40.5686 52.7835
17921.0000 0.0694 75.3426 49.0000 34.0353 40.9233 53.3235
17922.0000 0.0711 75.1448 49.0000 33.7957 40.8039 53.2881
17923.0000 0.0694 74.9798 49.0000 34.1898 40.3443 53.1542
17924.0000 0.0704 75.2411 49.0000 34.1453 40.5660 53.3827
17925.0000 0.0712 74.9647 49.0000 33.7649 40.6359 53.1823
17926.0000 0.0741 74.9602 49.0000 33.7484 40.3348 53.4152
17927.0000 0.0721 74.8378 49.0000 33.7790 40.3799 53.1896
17928.0000 0.0723 74.7424 49.0000 33.7843 40.2526 53.1486
17929.0000 0.0717 74.7359 49.0000 34.0693 39.9747 53.1673
17930.0000 0.0725 74.8074 49.0000 34.0645 39.9727 53.2724
17931.0000 0.0713 74.7329 49.0000 34.0708 40.0127 53.1335
17932.0000 0.0705 75.0367 49.0000 34.3575 40.0938 53.3156
17933.0000 0.0699 74.9985 49.0000 34.3516 40.1276 53.2401
17934.0000 0.0740 75.1533 49.0000 34.0779 40.1646 53.6052
17935.0000 0.0899 78.2080 50.0000 33.5706 42.2985 56.5715
17936.0000 0.0758 75.0573 49.0000 34.0888 39.8730 53.6815
17937.0000 0.0886 78.2136 50.0000 33.9360 42.0152 56.5725
17938.0000 0.0760 75.1176 49.0000 34.1596 39.8356 53.7485
17939.0000 0.0914 78.4665 50.0000 33.8014 42.1506 56.9015
17940.0000 0.0856 78.5915 50.0000 33.9991 42.6536 56.5805
17941.0000 0.0845 78.5002 50.0000 33.9207 42.7710 56.4120
17942.0000 0.0828 78.2487 50.0000 34.1907 42.3704 56.2014
17943.0000 0.0816 78.0872 50.0000 34.2521 42.2616 56.0211
17944.0000 0.0833 77.8541 50.0000 34.4633 41.5902 56.0696
17945.0000 0.0833 78.0384 50.0000 34.3866 41.8712 56.1637
17946.0000 0.0870 78.1811 50.0000 34.3518 41.6756 56.5277
17947.0000 0.0900 78.0865 50.0000 34.0505 41.6168 56.6226
17948.0000 0.0854 75.3405 49.0000 33.9754 39.3380 54.5379
17949.0000 0.0814 75.2033 49.0000 33.9504 39.6151 54.1623
17950.0000 0.0960 78.4567 50.0000 33.8986 41.5678 57.2577
17951.0000 0.0960 78.4050 50.0000 34.0067 41.3947 57.2482
17952.0000 0.0985 78.5501 50.0000 33.8751 41.4456 57.4879
17953.0000 0.0918 78.0789 50.0000 33.9549 41.5324 56.7313
17954.0000 0.1003 78.4928 50.0000 33.7892 41.3069 57.5600
17955.0000 0.0938 78.4470 50.0000 33.8517 41.8264 57.0837
17956.0000 0.0895 77.9435 50.0000 33.7987 41.8009 56.4404
17957.0000 0.0763 75.3199 49.0000 34.0127 40.1842 53.8652
17958.0000 0.0937 78.4367 50.0000 33.8094 41.8731 57.0604
17959.0000 0.0749 75.1373 49.0000 34.0252 40.1201 53.6497
17960.0000 0.0977 78.4249 50.0000 33.7365 41.5457 57.3260
17961.0000 0.0990 78.4000 50.0000 33.9488 41.1623 57.4430
17962.0000 0.0806 75.0822 49.0000 34.1092 39.3915 54.0573
17963.0000 0.0987 78.0069 50.0000 34.1306 40.5952 57.2032
17964.0000 0.1073 78.2522 50.0000 34.1613 40.0254 57.9170
17965.0000 0.1070 78.4590 50.0000 33.7522 40.6931 57.9713
17966.0000 0.1013 78.3551 50.0000 34.1084 40.7250 57.5986
17967.0000 0.1052 77.9981 50.0000 34.0812 40.0508 57.6031
17968.0000 0.1040 77.8572 50.0000 33.8081 40.3108 57.3916
17969.0000 0.0993 77.6332 50.0000 33.7395 40.5965 56.9253
17970.0000 0.0901 74.9805 49.0000 33.6608 38.8794 54.5658
17971.0000 0.0876 74.6298 49.0000 33.5297 38.8953 54.1527
17972.0000 0.0987 77.1121 50.0000 33.9621 39.8948 56.5796
17973.0000 0.0889 74.6763 49.0000 33.9307 38.3870 54.3295
17974.0000 0.0909 74.6825 49.0000 33.9677 38.1713 54.4667
17975.0000 0.1054 77.5631 50.0000 33.8596 39.8417 57.2905
17976.0000 0.1084 77.8421 50.0000 33.9918 39.7039 57.6850
17977.0000 0.1041 77.6602 50.0000 34.4831 39.3902 57.3623
17978.0000 0.1057 78.0230 50.0000 34.2534 39.8444 57.6777
17979.0000 0.1077 78.5091 50.0000 34.6301 39.7431 58.1800
17980.0000 0.1097 78.4191 50.0000 34.4836 39.6343 58.2198
17981.0000 0.1092 78.4578 50.0000 34.6785 39.5124 58.2391
17982.0000 0.0884 75.8569 49.0000 34.9126 38.5679 55.2078
17983.0000 0.0933 76.3559 49.0000 34.8352 38.7012 55.8475
17984.0000 0.1222 79.1424 50.0000 34.1677 39.5845 59.4066
17985.0000 0.0972 76.0912 49.0000 34.2129 38.7414 55.8430
17986.0000 0.0938 76.0174 49.0000 34.4071 38.7689 55.6037
17987.0000 0.1126 78.2625 50.0000 34.3301 39.3935 58.2633
17988.0000 0.1067 78.2311 50.0000 34.9695 39.2057 57.9668
17989.0000 0.1079 78.2656 50.0000 34.5075 39.6119 58.0141
17990.0000 0.1138 78.5885 50.0000 34.5039 39.4229 58.5787
17991.0000 0.1134 78.6605 50.0000 34.8597 39.1533 58.6456
17992.0000 0.1119 78.7232 50.0000 34.9175 39.2785 58.6115
17993.0000 0.1131 78.5811 50.0000 35.2896 38.6607 58.6088
17994.0000 0.1081 78.1676 50.0000 35.2375 38.7405 58.0316
17995.0000 0.1072 78.0122 50.0000 35.1245 38.7867 57.8599
17996.0000 0.1043 77.9267 50.0000 35.2547 38.8220 57.6413
17997.0000 0.1065 77.7993 50.0000 35.0657 38.7019 57.6654
17998.0000 0.1044 77.5705 50.0000 34.9246 38.8076 57.3709
17999.0000 0.1063 77.4843 50.0000 34.6418 38.8523 57.3956
18000.0000 0.1082 77.7337 50.0000 34.4600 39.1245 57.6568
18001.0000 0.1081 77.5869 50.0000 34.2604 39.1968 57.5289
18002.0000 0.1149 77.9536 50.0000 34.3590 38.8659 58.1864
18003.0000 0.1101 77.9486 50.0000 34.4123 39.2203 57.9098
18004.0000 0.1143 78.0128 50.0000 34.4715 38.8573 58.2050
18005.0000 0.1130 78.1806 50.0000 34.7238 38.8669 58.2737
18006.0000 0.1155 78.2354 50.0000 34.7114 38.7233 58.4500
18007.0000 0.1145 78.0490 50.0000 34.8704 38.4620 58.2784
18008.0000 0.1116 78.3668 50.0000 35.0763 38.8035 58.3549
18009.0000 0.1132 78.3214 50.0000 34.8282 38.8793 58.3921
18010.0000 0.1150 78.2709 50.0000 34.3780 39.1412 58.4163
18011.0000 0.1153 78.0512 50.0000 34.3502 38.9382 58.2741
18012.0000 0.1070 77.8267 50.0000 34.4314 39.3529 57.6439
18013.0000 0.1085 77.9859 50.0000 34.2061 39.6071 57.8189
18014.0000 0.1082 77.6839 50.0000 33.7948 39.7761 57.5375
18015.0000 0.1063 77.9766 50.0000 34.0937 39.9134 57.6619
18016.0000 0.1075 78.0094 50.0000 34.2957 39.6244 57.7856
18017.0000 0.1078 77.8715 50.0000 34.2289 39.5370 57.6990
18018.0000 0.1031 77.7413 50.0000 34.3422 39.7089 57.3369
18019.0000 0.0963 77.9095 50.0000 34.4687 40.3563 57.0366
18020.0000 0.0958 77.5466 50.0000 34.4644 40.0443 56.7638
18021.0000 0.0929 77.2240 50.0000 34.5553 39.8989 56.3698
18022.0000 0.0906 73.4941 48.0000 33.7775 37.2181 53.6217
18023.0000 0.0865 73.3240 48.0000 33.8153 37.3732 53.2558
18024.0000 0.0950 77.4638 50.0000 34.4352 40.0757 56.6463
18025.0000 0.0811 73.1654 48.0000 33.8592 37.6618 52.8044
18026.0000 0.0906 77.4887 50.0000 34.7012 40.2218 56.4140
18027.0000 0.0910 73.2071 48.0000 33.4603 37.2321 53.4177
18028.0000 0.0929 77.5362 50.0000 34.6653 40.0896 56.5950
18029.0000 0.0870 73.2055 48.0000 33.6531 37.3815 53.1896
18030.0000 0.0864 77.6584 50.0000 35.0091 40.4671 56.2815
18031.0000 0.0836 77.5489 50.0000 34.6466 41.0288 55.9472
18032.0000 0.0854 77.4744 50.0000 34.5394 40.8930 56.0096
18033.0000 0.0827 77.3610 50.0000 34.4445 41.1545 55.7190
18034.0000 0.0860 77.5591 50.0000 34.6615 40.7901 56.1263
18035.0000 0.0792 77.4630 50.0000 34.7815 41.2467 55.5831
18036.0000 0.0838 73.4612 48.0000 34.2504 37.2931 53.2229
18037.0000 0.0777 77.0436 50.0000 34.4232 41.3709 55.1290
18038.0000 0.0763 77.6123 50.0000 34.5160 42.0240 55.3742
18039.0000 0.0748 75.5097 49.0000 34.9542 39.4708 54.0553
18040.0000 0.0778 75.6057 49.0000 34.8882 39.3409 54.3261
18041.0000 0.0800 75.6614 49.0000 34.8947 39.1812 54.5146
18042.0000 0.0737 77.7410 50.0000 35.2508 41.5844 55.4237
18043.0000 0.0822 75.2848 49.0000 34.8980 38.5862 54.4155
18044.0000 0.0767 75.0362 49.0000 34.8955 38.8574 53.8780
18045.0000 0.0746 77.5265 50.0000 34.9557 41.6006 55.2978
18046.0000 0.0757 77.5225 50.0000 34.9410 41.4942 55.3814
18047.0000 0.0817 77.6805 50.0000 34.9799 40.9855 55.9541
18048.0000 0.0825 77.7705 50.0000 34.9590 41.0264 56.0620
18049.0000 0.0852 77.6944 50.0000 35.0253 40.6009 56.2248
18050.0000 0.0863 77.6206 50.0000 34.9894 40.4554 56.2499
18051.0000 0.0849 77.4001 50.0000 35.2679 40.0682 56.0491
18052.0000 0.0749 77.3775 50.0000 35.4029 40.9045 55.3239
18053.0000 0.0716 76.8758 50.0000 35.5867 40.5199 54.7869
18054.0000 0.0749 77.3400 50.0000 35.5568 40.6876 55.3327
18055.0000 0.0768 77.7541 50.0000 35.4365 41.0565 55.7164
18056.0000 0.0746 77.7219 50.0000 35.4599 41.2255 55.5314
18057.0000 0.0754 77.5646 50.0000 35.0879 41.4042 55.4148
18058.0000 0.0828 77.7526 50.0000 34.7819 41.1712 56.0412
18059.0000 0.0808 77.6635 50.0000 35.0620 40.9683 55.8916
18060.0000 0.0763 77.0198 50.0000 34.9078 40.9404 55.1124
18061.0000 0.0748 76.5051 50.0000 34.9996 40.4518 54.6966
18062.0000 0.0722 77.0242 50.0000 35.2690 40.9749 54.8623
18063.0000 0.0727 77.0326 50.0000 35.6196 40.5276 54.9797
18064.0000 0.0790 77.2256 50.0000 35.1300 40.6242 55.4919
18065.0000 0.0740 76.8884 50.0000 35.3242 40.5784 54.9310
18066.0000 0.0726 77.3572 50.0000 35.6169 40.8864 55.1714
18067.0000 0.0702 77.1162 50.0000 35.6419 40.8636 54.8337
18068.0000 0.0681 77.2949 50.0000 35.6671 41.2539 54.7766
18069.0000 0.0621 77.1953 50.0000 35.8498 41.6164 54.2400
18070.0000 0.0620 76.8041 50.0000 36.0926 40.9263 54.0484
18071.0000 0.0613 76.8884 50.0000 36.1128 41.0712 54.0448
18072.0000 0.0618 76.9302 50.0000 36.1537 41.0043 54.1277
18073.0000 0.0635 77.0439 50.0000 36.5417 40.5017 54.4066
18074.0000 0.0620 77.0630 50.0000 36.7962 40.4042 54.3346
18075.0000 0.0603 76.8562 50.0000 36.9240 40.2396 54.0765
18076.0000 0.0616 76.5642 50.0000 36.4657 40.2904 53.9352
18077.0000 0.0666 74.8589 49.0000 36.7148 37.7444 53.2094
18078.0000 0.0625 76.4812 50.0000 36.5113 40.0532 53.9633
18079.0000 0.0601 76.7246 50.0000 36.5194 40.5628 53.9227
18080.0000 0.0543 76.2321 50.0000 36.6479 40.5692 53.1264
18081.0000 0.0574 76.2768 50.0000 36.5566 40.3502 53.4194
18082.0000 0.0618 76.1861 50.0000 36.3846 39.9624 53.6981
18083.0000 0.0588 76.0496 50.0000 36.3698 40.1587 53.3672
18084.0000 0.0570 76.0450 50.0000 36.6414 40.0595 53.2493
18085.0000 0.0547 76.1220 50.0000 36.9801 40.0268 53.1496
18086.0000 0.0544 75.7695 50.0000 36.5624 40.1533 52.8386
18087.0000 0.0548 75.6137 50.0000 36.4982 40.0147 52.7649
18088.0000 0.0546 75.6708 50.0000 36.4379 40.1672 52.7725
18089.0000 0.0553 75.4563 50.0000 36.1505 40.1796 52.6536
18090.0000 0.0561 75.4049 50.0000 36.0909 40.0957 52.6848
18091.0000 0.0581 75.6720 50.0000 35.9545 40.3134 52.9939
18092.0000 0.0602 75.7008 50.0000 36.0143 40.0390 53.2020
18093.0000 0.0574 76.0463 50.0000 36.2919 40.4037 53.2304
18094.0000 0.0576 76.1817 50.0000 36.0357 40.8240 53.2774
18095.0000 0.0582 76.3223 50.0000 35.9837 40.9640 53.4062
18096.0000 0.0578 76.8073 50.0000 36.3474 41.1173 53.7363
18097.0000 0.0521 76.4801 50.0000 36.6715 41.0738 53.0787
18098.0000 0.0554 76.9909 50.0000 36.6489 41.2562 53.6878
18099.0000 0.0516 76.7437 50.0000 36.4780 41.6561 53.1387
18100.0000 0.0512 76.9202 50.0000 36.7216 41.6026 53.2679
18101.0000 0.0505 76.5139 50.0000 36.5088 41.4942 52.9123
18102.0000 0.0527 76.7479 50.0000 36.9266 40.9980 53.3463
18103.0000 0.0499 76.5120 50.0000 36.9528 41.0567 52.9426
18104.0000 0.0523 76.6504 50.0000 37.3515 40.4543 53.3254
18105.0000 0.0552 76.8987 50.0000 37.0380 40.7333 53.6880
18106.0000 0.0510 76.9885 50.0000 36.8980 41.4967 53.3272
18107.0000 0.0549 76.7363 50.0000 36.8646 40.7868 53.5340
18108.0000 0.0576 76.5426 50.0000 36.6013 40.5673 53.6043
18109.0000 0.0608 76.4424 50.0000 36.4395 40.2777 53.7896
18110.0000 0.0587 76.4825 50.0000 36.3365 40.6751 53.6169
18111.0000 0.0538 76.5937 50.0000 36.2158 41.5266 53.2030
18112.0000 0.0539 76.3346 50.0000 35.9666 41.5208 53.0037
18113.0000 0.0604 76.4776 50.0000 35.4422 41.5185 53.5620
18114.0000 0.0587 76.3914 50.0000 35.3207 41.7740 53.3201
18115.0000 0.0576 76.0098 50.0000 35.3872 41.4012 53.0206
18116.0000 0.0518 75.8618 50.0000 35.4381 41.9138 52.3677
18117.0000 0.0531 75.7957 50.0000 34.9504 42.2987 52.2904
18118.0000 0.0529 75.2023 50.0000 34.8531 41.7630 51.9279
18119.0000 0.0544 75.4138 50.0000 34.6576 42.0605 52.1250
18120.0000 0.0530 75.5553 50.0000 34.7794 42.2580 52.0890
18121.0000 0.0543 75.6436 50.0000 34.8458 42.0899 52.3083
18122.0000 0.0551 75.6273 50.0000 34.8165 42.0016 52.3752
18123.0000 0.0603 75.6711 50.0000 34.7436 41.4900 52.8922
18124.0000 0.0616 75.8013 50.0000 34.6498 41.5927 53.0592
18125.0000 0.0617 75.8672 50.0000 34.7285 41.5513 53.1343
18126.0000 0.0596 75.7026 50.0000 34.9053 41.4104 52.8932
18127.0000 0.0646 75.4348 50.0000 34.3223 41.2252 53.0366
18128.0000 0.0627 75.3516 50.0000 34.6467 40.9667 52.9075
18129.0000 0.0596 75.3149 50.0000 35.0785 40.7720 52.7207
18130.0000 0.0590 74.8632 50.0000 35.1875 40.2139 52.4327
18131.0000 0.0624 74.8544 50.0000 34.8749 40.1884 52.6481
18132.0000 0.0615 75.2107 50.0000 35.3380 40.1290 52.8918
18133.0000 0.0625 75.4098 50.0000 35.2014 40.3917 53.0661
18134.0000 0.0659 75.3875 50.0000 35.0689 40.1488 53.3059
18135.0000 0.0674 75.6723 50.0000 35.1332 40.2156 53.6158
18136.0000 0.0698 75.3875 50.0000 34.9225 39.8954 53.5915
18137.0000 0.0644 74.8930 50.0000 34.9706 39.8918 52.8646
18138.0000 0.0652 74.8597 50.0000 34.9739 39.7671 52.9092
18139.0000 0.0656 75.4082 50.0000 34.9102 40.3875 53.2591
18140.0000 0.0646 75.3365 50.0000 34.8761 40.4529 53.1301
18141.0000 0.0654 75.2070 50.0000 34.8747 40.2285 53.1180
18142.0000 0.0684 75.3852 50.0000 34.8282 40.1523 53.4577
18143.0000 0.0724 75.3722 50.0000 34.5003 40.0862 53.7010
18144.0000 0.0654 75.2519 50.0000 34.8951 40.2545 53.1484
18145.0000 0.0633 75.4771 50.0000 35.1800 40.4019 53.1680
18146.0000 0.0662 75.6323 50.0000 35.2190 40.2000 53.5147
18147.0000 0.0639 75.5214 50.0000 35.2442 40.3103 53.2580
18148.0000 0.0650 75.2882 50.0000 35.4363 39.7238 53.2409
18149.0000 0.0640 74.8981 50.0000 35.0560 39.8517 52.8454
18150.0000 0.0653 75.0218 50.0000 35.2636 39.6029 53.0694
18151.0000 0.0639 75.0136 50.0000 35.0253 40.0187 52.9034
18152.0000 0.0697 75.6210 50.0000 34.6914 40.4211 53.6765
18153.0000 0.0666 75.4007 50.0000 34.9410 40.2315 53.3461
18154.0000 0.0667 75.2824 50.0000 34.5500 40.5467 53.1949
18155.0000 0.0645 75.3718 50.0000 34.9147 40.4566 53.1520
18156.0000 0.0707 75.7059 50.0000 34.4319 40.7027 53.7505
18157.0000 0.0716 75.8916 50.0000 34.8152 40.3586 54.0242
18158.0000 0.0663 76.1104 50.0000 35.1144 40.8268 53.7861
18159.0000 0.0668 75.9499 50.0000 34.9630 40.7737 53.6980
18160.0000 0.0728 75.7137 50.0000 34.5803 40.3122 53.9602
18161.0000 0.0692 75.8485 50.0000 34.8307 40.5548 53.8064
18162.0000 0.0694 75.9768 50.0000 34.8744 40.6138 53.9144
18163.0000 0.0713 76.3131 50.0000 35.0144 40.6079 54.3017
18164.0000 0.0717 76.5522 50.0000 35.0228 40.8024 54.4867
18165.0000 0.0706 76.4850 50.0000 35.1628 40.6991 54.3795
18166.0000 0.0667 76.1748 50.0000 35.1877 40.7615 53.8788
18167.0000 0.0679 76.0224 50.0000 35.1397 40.5245 53.8737
18168.0000 0.0622 75.9132 50.0000 35.6328 40.4728 53.4328
18169.0000 0.0630 75.4639 50.0000 35.7995 39.7206 53.2490
18170.0000 0.0625 75.6869 50.0000 36.0585 39.7175 53.3930
18171.0000 0.0588 75.7059 50.0000 36.1809 40.0111 53.1172
18172.0000 0.0615 75.7548 50.0000 36.1804 39.7638 53.3722
18173.0000 0.0548 75.4549 50.0000 36.1546 40.2319 52.6089
18174.0000 0.0577 75.6101 50.0000 35.7056 40.5765 52.8729
18175.0000 0.0561 75.6523 50.0000 35.6029 40.9346 52.7263
18176.0000 0.0562 75.5637 50.0000 35.3015 41.1792 52.6114
18177.0000 0.0558 75.5588 50.0000 35.0078 41.5965 52.4720
18178.0000 0.0594 75.7388 50.0000 34.9411 41.4312 52.9051
18179.0000 0.0581 75.5470 50.0000 35.1573 41.1094 52.7383
18180.0000 0.0565 75.3661 50.0000 35.0837 41.1903 52.4647
18181.0000 0.0558 74.8492 50.0000 35.0694 40.7241 52.0969
18182.0000 0.0538 74.9806 50.0000 35.1197 41.0531 51.9937
18183.0000 0.0548 74.7291 50.0000 34.8450 40.9864 51.8688
18184.0000 0.0539 74.6560 50.0000 35.0222 40.7956 51.7946
18185.0000 0.0540 74.5632 50.0000 35.2619 40.3946 51.8126
18186.0000 0.0569 74.5889 50.0000 34.9503 40.4486 52.0182
18187.0000 0.0594 74.6298 50.0000 34.9762 40.1612 52.2815
18188.0000 0.0545 74.6501 50.0000 35.2592 40.4282 51.9133
18189.0000 0.0550 74.6568 50.0000 34.9246 40.7862 51.8689
18190.0000 0.0557 74.6304 50.0000 35.0639 40.5009 51.9605
18191.0000 0.0594 74.2076 50.0000 35.0505 39.6240 52.0401
18192.0000 0.0575 74.1627 50.0000 34.9512 39.9038 51.8287
18193.0000 0.0567 73.7681 50.0000 35.0518 39.4469 51.5464
18194.0000 0.0559 73.8334 50.0000 35.2606 39.3763 51.5516
18195.0000 0.0556 74.4669 50.0000 35.6999 39.5846 51.9990
18196.0000 0.0559 74.5779 50.0000 35.4121 40.0065 52.0320
18197.0000 0.0477 74.6202 50.0000 35.8549 40.5204 51.3877
18198.0000 0.0501 74.6795 50.0000 35.3637 40.8842 51.5259
18199.0000 0.0479 74.9426 50.0000 35.9674 40.7285 51.6133
18200.0000 0.0480 74.9053 50.0000 35.9486 40.6978 51.5965
18201.0000 0.0541 75.4091 50.0000 35.8705 40.5861 52.4653
18202.0000 0.0545 75.5294 50.0000 35.8211 40.7299 52.5606
18203.0000 0.0569 75.5080 50.0000 35.6887 40.5806 52.7351
18204.0000 0.0527 75.1815 50.0000 35.9540 40.4129 52.2146
18205.0000 0.0506 75.0125 50.0000 35.9108 40.5360 51.9050
18206.0000 0.0521 74.8618 50.0000 35.6708 40.4680 51.9059
18207.0000 0.0517 75.0438 50.0000 35.9035 40.4380 52.0315
18208.0000 0.0510 74.8769 50.0000 36.0966 40.1129 51.9090
18209.0000 0.0483 75.0019 50.0000 36.1130 40.5664 51.7253
18210.0000 0.0547 75.2880 50.0000 35.6053 40.6951 52.3875
18211.0000 0.0526 75.1742 50.0000 35.8064 40.5885 52.1693
18212.0000 0.0540 74.9386 50.0000 35.5582 40.4526 52.1056
18213.0000 0.0557 74.7582 50.0000 35.4509 40.1773 52.1327
18214.0000 0.0569 74.9628 50.0000 35.5707 40.1248 52.3847
18215.0000 0.0566 75.2149 50.0000 35.6596 40.3288 52.5287
18216.0000 0.0619 75.5644 50.0000 35.4737 40.3177 53.1609
18217.0000 0.0625 75.3878 50.0000 35.4170 40.1243 53.0941
18218.0000 0.0627 75.5374 50.0000 35.8026 39.8242 53.2738
18219.0000 0.0663 75.6198 50.0000 35.4095 39.9586 53.5522
18220.0000 0.0669 75.9343 50.0000 35.3495 40.2994 53.7809
18221.0000 0.0701 75.7633 50.0000 34.9167 40.2664 53.8471
18222.0000 0.0625 75.6741 50.0000 35.3445 40.5137 53.2538
18223.0000 0.0631 75.6505 50.0000 34.9144 40.9195 53.1938
18224.0000 0.0615 75.7190 50.0000 35.2177 40.8185 53.1689
18225.0000 0.0639 75.7400 50.0000 35.0884 40.7242 53.3562
18226.0000 0.0619 75.7507 50.0000 35.0747 40.9785 53.1856
18227.0000 0.0637 75.6665 50.0000 35.0546 40.7119 53.2836
18228.0000 0.0628 75.6190 50.0000 35.1342 40.6611 53.2024
18229.0000 0.0595 75.5093 50.0000 35.3002 40.7251 52.8868
18230.0000 0.0577 75.4005 50.0000 35.5352 40.5415 52.7150
18231.0000 0.0565 75.2292 50.0000 35.5490 40.4842 52.5045
18232.0000 0.0597 75.6030 50.0000 35.3522 40.7518 52.9653
18233.0000 0.0590 75.6531 50.0000 35.4455 40.7744 52.9571
18234.0000 0.0707 75.8792 50.0000 34.9081 40.3339 53.9654
18235.0000 0.0690 75.7782 50.0000 34.8887 40.4355 53.7594
18236.0000 0.0741 75.8710 50.0000 34.9849 39.8855 54.2365
18237.0000 0.0763 75.6419 50.0000 34.8695 39.5491 54.2374
18238.0000 0.0794 75.5127 50.0000 34.9276 39.0494 54.3817
18239.0000 0.0780 75.2265 50.0000 34.8040 39.0317 54.0762
18240.0000 0.0732 75.1411 50.0000 34.6328 39.6052 53.6487
18241.0000 0.0731 74.8784 50.0000 34.7610 39.2055 53.4919
18242.0000 0.0662 74.8574 50.0000 35.1273 39.4843 53.0160
18243.0000 0.0665 75.1530 50.0000 34.9220 39.9975 53.1849
18244.0000 0.0607 74.6269 50.0000 35.2217 39.7272 52.4438
18245.0000 0.0576 74.6647 50.0000 35.2773 40.0578 52.2082
18246.0000 0.0576 74.8135 50.0000 35.3503 40.1331 52.3140
18247.0000 0.0570 74.8852 50.0000 35.0565 40.6273 52.2328
18248.0000 0.0529 74.4181 50.0000 35.0261 40.6475 51.5655
18249.0000 0.0549 74.2749 50.0000 34.9041 40.3899 51.6442
18250.0000 0.0501 74.4855 50.0000 35.0887 41.0114 51.3316
18251.0000 0.0503 74.5878 50.0000 35.0657 41.1243 51.4055
18252.0000 0.0496 74.1941 50.0000 34.9007 40.9792 51.0627
18253.0000 0.0507 74.5008 50.0000 35.0096 41.0496 51.3772
18254.0000 0.0420 74.3961 50.0000 35.4020 41.6320 50.4802
18255.0000 0.0421 74.4647 50.0000 35.0753 42.1575 50.3732
18256.0000 0.0426 74.6467 50.0000 34.8510 42.6292 50.4013
18257.0000 0.0391 74.6582 50.0000 35.2288 42.6625 50.1268
18258.0000 0.0424 74.5319 50.0000 35.0982 42.1463 50.4660
18259.0000 0.0400 74.3752 50.0000 35.3348 42.0095 50.1829
18260.0000 0.0392 74.7808 50.0000 35.6799 42.1439 50.4282
18261.0000 0.0384 74.7567 50.0000 35.5421 42.4424 50.2391
18262.0000 0.0364 74.8573 50.0000 35.4314 43.1136 49.8944
18263.0000 0.0364 74.9298 50.0000 35.5685 42.9933 50.0093
18264.0000 0.0378 74.8673 50.0000 35.3927 42.9221 50.1015
18265.0000 0.0435 74.6054 50.0000 34.9419 42.2915 50.5615
18266.0000 0.0418 74.9262 50.0000 35.0750 42.7808 50.5319
18267.0000 0.0402 75.0775 50.0000 35.2732 42.9540 50.4716
18268.0000 0.0380 74.8881 50.0000 35.5205 42.7120 50.2216
18269.0000 0.0395 74.6970 50.0000 35.4587 42.3182 50.3139
18270.0000 0.0343 74.9453 50.0000 35.8408 42.9725 49.8558
18271.0000 0.0336 75.0326 50.0000 35.8165 43.2657 49.7509
18272.0000 0.0302 74.8508 50.0000 36.3541 42.8466 49.4489
18273.0000 0.0312 75.1882 50.0000 36.3138 43.1742 49.7048
18274.0000 0.0320 74.7233 50.0000 36.2525 42.4859 49.6415
18275.0000 0.0359 74.9807 50.0000 35.7863 42.8082 50.0890
18276.0000 0.0388 74.9905 50.0000 35.7235 42.4112 50.4846
18277.0000 0.0362 74.9321 50.0000 35.8183 42.6516 50.1270
18278.0000 0.0410 75.0432 50.0000 35.3496 42.6511 50.6238
18279.0000 0.0384 75.0826 50.0000 35.6813 42.6586 50.4429
18280.0000 0.0374 74.8956 50.0000 35.8528 42.3369 50.3142
18281.0000 0.0388 74.9263 50.0000 35.7465 42.3010 50.4654
18282.0000 0.0387 75.2363 50.0000 35.9730 42.3764 50.7019
18283.0000 0.0392 75.1389 50.0000 35.8810 42.3083 50.6796
18284.0000 0.0418 75.4149 50.0000 35.3142 43.0395 50.8716
18285.0000 0.0411 75.6998 50.0000 35.2393 43.6544 50.8227
18286.0000 0.0397 75.6321 50.0000 35.4693 43.4634 50.7255
18287.0000 0.0431 75.3790 50.0000 35.3161 42.7774 51.0379
18288.0000 0.0439 75.6931 50.0000 34.8975 43.6676 51.0368
18289.0000 0.0425 76.1214 50.0000 35.0872 44.1905 51.0936
18290.0000 0.0460 76.1270 50.0000 34.7571 44.0878 51.4153
18291.0000 0.0487 76.1270 50.0000 34.6442 43.8047 51.7324
18292.0000 0.0473 76.1049 50.0000 34.5891 44.1080 51.4785
18293.0000 0.0436 75.7002 50.0000 34.6753 44.1034 50.8236
18294.0000 0.0404 75.4580 50.0000 34.7603 44.2700 50.2574
18295.0000 0.0422 75.2478 50.0000 34.7538 43.6342 50.5021
18296.0000 0.0427 75.4830 50.0000 34.9051 43.5969 50.7802
18297.0000 0.0452 75.2002 50.0000 34.5696 43.3156 50.8309
18298.0000 0.0449 75.0645 50.0000 34.6248 43.1077 50.7693
18299.0000 0.0434 74.8687 50.0000 34.8597 42.7546 50.6179
18300.0000 0.0468 75.0201 50.0000 34.7549 42.5595 51.0763
18301.0000 0.0496 75.2127 50.0000 34.3718 42.9086 51.3262
18302.0000 0.0492 74.8837 50.0000 34.3761 42.5564 51.1351
18303.0000 0.0505 74.9004 50.0000 34.3773 42.3759 51.3083
18304.0000 0.0474 75.2361 50.0000 34.6524 42.8798 51.1958
18305.0000 0.0470 74.9934 50.0000 34.6828 42.5872 51.0632
18306.0000 0.0475 75.3226 50.0000 34.9740 42.5025 51.4184
18307.0000 0.0502 75.4926 50.0000 34.8720 42.4526 51.7769
18308.0000 0.0525 75.4805 50.0000 34.8981 42.0796 52.0454
18309.0000 0.0527 75.5734 50.0000 34.8656 42.2040 52.1013
18310.0000 0.0529 75.5028 50.0000 34.8318 42.1431 52.0709
18311.0000 0.0531 75.3639 50.0000 34.9216 41.8282 52.0635
18312.0000 0.0518 75.5233 50.0000 34.7326 42.4455 51.9211
18313.0000 0.0532 75.7164 50.0000 34.5824 42.6915 52.1005
18314.0000 0.0529 75.4381 50.0000 34.9693 41.8818 52.0958
18315.0000 0.0544 75.8303 50.0000 35.0445 42.0360 52.4890
18316.0000 0.0564 75.9570 50.0000 34.8824 42.1219 52.7109
18317.0000 0.0523 75.9788 50.0000 35.2212 42.2578 52.4073
18318.0000 0.0613 76.3912 50.0000 34.7906 42.1094 53.4044
18319.0000 0.0633 76.4696 50.0000 34.7603 41.9832 53.6351
18320.0000 0.0623 76.7673 50.0000 34.8549 42.3210 53.7335
18321.0000 0.0685 76.8338 50.0000 34.5026 42.0813 54.2417
18322.0000 0.0738 76.9383 50.0000 34.4867 41.6138 54.7582
18323.0000 0.0781 76.9880 50.0000 34.3105 41.4034 55.0972
18324.0000 0.0702 76.6737 50.0000 34.2732 41.9898 54.2315
18325.0000 0.0656 76.8828 50.0000 34.7228 42.2150 54.0664
18326.0000 0.0678 77.3163 50.0000 34.2444 43.0331 54.3442
18327.0000 0.0682 77.0264 50.0000 34.2801 42.6179 54.2370
18328.0000 0.0657 76.9592 50.0000 34.5117 42.5501 54.0477
18329.0000 0.0693 77.2479 50.0000 34.2204 42.8056 54.4415
18330.0000 0.0685 77.3997 50.0000 34.6245 42.5556 54.5975
18331.0000 0.0650 77.3698 50.0000 34.6867 42.8806 54.2602
18332.0000 0.0654 77.4062 50.0000 34.7403 42.8031 54.3390
18333.0000 0.0693 77.4345 50.0000 34.7571 42.3449 54.7263
18334.0000 0.0719 77.3912 50.0000 34.7515 41.9992 54.9344
18335.0000 0.0688 77.0187 50.0000 35.0204 41.6264 54.5223
18336.0000 0.0646 76.8198 50.0000 35.1876 41.6989 54.0770
18337.0000 0.0598 76.7393 50.0000 35.5213 41.7833 53.6779
18338.0000 0.0585 76.7099 50.0000 35.4215 42.0342 53.5057
18339.0000 0.0614 76.3353 50.0000 35.2444 41.4790 53.5202
18340.0000 0.0641 76.6659 50.0000 35.2429 41.5188 53.9610
18341.0000 0.0637 76.8384 50.0000 35.4097 41.5564 54.0680
18342.0000 0.0641 76.1630 50.0000 35.0474 41.2031 53.6170
18343.0000 0.0584 76.1755 50.0000 35.0878 41.8625 53.0951
18344.0000 0.0605 76.1917 50.0000 35.4949 41.1297 53.4195
18345.0000 0.0630 76.2181 50.0000 35.3373 41.0527 53.6205
18346.0000 0.0610 76.3181 50.0000 35.7453 40.9143 53.5980
18347.0000 0.0620 76.2897 50.0000 36.0327 40.4390 53.7256
18348.0000 0.0674 76.6446 50.0000 35.5731 40.7421 54.3050
18349.0000 0.0653 76.2319 50.0000 35.2243 40.9322 53.8061
18350.0000 0.0635 76.4849 50.0000 35.4750 41.1165 53.8600
18351.0000 0.0640 76.8318 50.0000 35.1900 41.7777 54.0316
18352.0000 0.0643 76.7568 50.0000 35.6379 41.1289 54.1291
18353.0000 0.0663 76.9928 50.0000 35.5044 41.3147 54.4099
18354.0000 0.0652 76.6888 50.0000 35.6143 40.9854 54.1571
18355.0000 0.0609 76.6769 50.0000 35.8626 41.1728 53.8333
18356.0000 0.0640 76.3495 50.0000 35.4301 40.9710 53.8083
18357.0000 0.0676 76.3775 50.0000 35.1056 40.9795 54.0537
18358.0000 0.0748 76.6944 50.0000 34.9090 40.7583 54.7920
18359.0000 0.0762 76.3884 50.0000 34.6455 40.5936 54.6538
18360.0000 0.0792 76.2527 50.0000 34.1953 40.6503 54.7057
18361.0000 0.0861 76.7491 50.0000 34.2069 40.4554 55.5309
18362.0000 0.0828 76.4793 50.0000 34.4665 40.2125 55.1733
18363.0000 0.0827 76.6350 50.0000 34.3241 40.5384 55.2396
18364.0000 0.0774 76.7647 50.0000 34.4584 41.0766 54.9376
18365.0000 0.0801 76.8396 50.0000 34.2725 41.0859 55.1513
18366.0000 0.0790 76.6754 50.0000 33.9141 41.4455 54.8745
18367.0000 0.0809 76.0187 50.0000 34.1108 40.3225 54.6753
18368.0000 0.0829 76.1703 50.0000 33.8817 40.5456 54.8634
18369.0000 0.0775 76.1785 50.0000 34.0138 40.9588 54.4849
18370.0000 0.0754 75.7628 50.0000 33.6437 41.1800 53.9658
18371.0000 0.0725 75.7800 50.0000 34.0921 40.9796 53.8611
18372.0000 0.0689 75.8272 50.0000 34.2995 41.1822 53.6408
18373.0000 0.0688 75.7005 50.0000 34.2235 41.1505 53.5346
18374.0000 0.0658 75.6207 50.0000 34.5243 41.0454 53.3089
18375.0000 0.0642 75.6705 50.0000 35.0138 40.7065 53.3202
18376.0000 0.0657 76.1377 50.0000 34.8421 41.2378 53.6882
18377.0000 0.0665 75.9005 50.0000 34.5656 41.2225 53.5426
18378.0000 0.0639 75.8692 50.0000 34.6538 41.3827 53.3172
18379.0000 0.0693 75.9439 50.0000 34.2338 41.3507 53.7182
18380.0000 0.0689 75.6930 50.0000 34.1455 41.2260 53.5157
18381.0000 0.0641 75.5349 50.0000 34.2743 41.4532 53.0323
18382.0000 0.0620 75.6977 50.0000 34.4947 41.6136 52.9960
18383.0000 0.0648 75.6499 50.0000 34.3019 41.4609 53.1721
18384.0000 0.0646 75.4016 50.0000 34.2268 41.3041 52.9895
18385.0000 0.0667 75.5615 50.0000 34.0087 41.4994 53.2048
18386.0000 0.0708 75.5943 50.0000 33.8896 41.2166 53.5461
18387.0000 0.0695 75.6580 50.0000 33.9326 41.3793 53.4833
18388.0000 0.0674 75.5211 50.0000 34.0974 41.2709 53.2683
18389.0000 0.0696 75.5074 50.0000 33.9586 41.1670 53.4179
18390.0000 0.0693 75.4669 50.0000 33.7584 41.4024 53.3054
18391.0000 0.0693 75.6870 50.0000 34.2264 41.0719 53.5740
18392.0000 0.0702 75.5002 50.0000 34.1228 40.9000 53.5079
18393.0000 0.0698 75.4355 50.0000 34.2059 40.7724 53.4610
18394.0000 0.0765 75.8071 50.0000 33.7698 40.9536 54.1214
18395.0000 0.0739 75.8190 50.0000 33.9045 41.0925 53.9483
18396.0000 0.0721 75.6704 50.0000 33.9598 41.0603 53.7289
18397.0000 0.0734 76.0259 50.0000 34.8366 40.2878 54.2516
18398.0000 0.0788 76.3204 50.0000 34.4580 40.4645 54.7730
18399.0000 0.0812 75.9959 50.0000 34.3919 39.9546 54.7377
18400.0000 0.0800 76.3973 50.0000 34.5145 40.3593 54.9220
18401.0000 0.0797 76.4028 50.0000 34.1749 40.7778 54.8328
18402.0000 0.0780 76.3389 50.0000 34.3959 40.6308 54.7146
18403.0000 0.0761 76.3790 50.0000 34.5743 40.6732 54.6265
18404.0000 0.0787 76.0423 50.0000 34.4975 40.1359 54.6028
18405.0000 0.0787 75.7315 50.0000 34.7578 39.5292 54.4481
18406.0000 0.0755 76.0078 50.0000 35.0775 39.7824 54.4437
18407.0000 0.0793 75.9803 50.0000 34.7647 39.7188 54.6520
18408.0000 0.0749 75.5142 50.0000 34.8147 39.6215 54.0414
18409.0000 0.0727 75.2335 50.0000 34.8468 39.5201 53.7024
18410.0000 0.0728 75.2862 50.0000 34.8555 39.5501 53.7484
18411.0000 0.0764 75.6669 50.0000 34.7678 39.6808 54.2413
18412.0000 0.0763 75.2887 50.0000 34.6002 39.4891 53.9612
18413.0000 0.0792 75.6037 50.0000 34.5954 39.5225 54.3788
18414.0000 0.0810 75.5506 50.0000 34.3732 39.5383 54.4344
18415.0000 0.0759 75.6735 50.0000 34.7746 39.7276 54.2119
18416.0000 0.0701 75.5534 50.0000 35.3673 39.5416 53.7954
18417.0000 0.0704 75.2823 50.0000 34.9723 39.6701 53.5784
18418.0000 0.0729 75.0997 50.0000 34.8779 39.3196 53.6420
18419.0000 0.0656 75.1443 50.0000 35.3872 39.5561 53.1952
18420.0000 0.0701 75.0724 50.0000 35.3273 39.0838 53.4818
18421.0000 0.0701 75.2417 50.0000 35.2479 39.3457 53.5800
18422.0000 0.0674 75.3879 50.0000 35.0628 39.9921 53.4282
18423.0000 0.0676 75.3833 50.0000 35.3371 39.6575 53.4904
18424.0000 0.0648 75.3209 50.0000 35.2953 39.9380 53.2206
18425.0000 0.0610 75.5629 50.0000 35.4163 40.4755 53.0770
18426.0000 0.0646 75.7491 50.0000 35.4062 40.2840 53.4933
18427.0000 0.0620 75.7197 50.0000 35.6759 40.2421 53.3036
18428.0000 0.0635 75.6152 50.0000 35.4136 40.2590 53.3174
18429.0000 0.0647 75.6937 50.0000 35.7485 39.8318 53.5258
18430.0000 0.0636 75.8361 50.0000 35.8268 40.0166 53.5371
18431.0000 0.0568 75.7839 50.0000 36.3605 40.1191 53.0243
18432.0000 0.0522 75.7267 50.0000 36.4604 40.4829 52.5958
18433.0000 0.0520 75.5463 50.0000 36.4081 40.3660 52.4622
18434.0000 0.0483 75.5757 50.0000 36.5900 40.6371 52.1678
18435.0000 0.0502 75.5078 50.0000 36.4846 40.4505 52.2882
18436.0000 0.0499 75.5483 50.0000 36.5407 40.4668 52.2949
18437.0000 0.0498 75.3441 50.0000 36.3130 40.5284 52.1110
18438.0000 0.0492 75.3243 50.0000 36.2253 40.6745 52.0294
18439.0000 0.0491 75.0960 50.0000 36.6203 39.9897 51.9537
18440.0000 0.0543 75.4511 50.0000 36.2838 40.1318 52.5908
18441.0000 0.0589 75.6101 50.0000 36.0141 40.0896 53.0349
18442.0000 0.0566 75.6088 50.0000 36.1349 40.2069 52.8618
18443.0000 0.0572 75.5053 50.0000 35.7242 40.4973 52.7712
18444.0000 0.0557 75.4467 50.0000 35.9375 40.3598 52.6478
18445.0000 0.0558 75.4555 50.0000 35.6931 40.6491 52.6041
18446.0000 0.0625 75.4530 50.0000 35.3286 40.2969 53.1151
18447.0000 0.0619 75.2288 50.0000 35.2835 40.1725 52.9209
18448.0000 0.0633 74.9536 50.0000 35.1510 39.8766 52.8423
18449.0000 0.0673 75.4025 50.0000 34.8956 40.2061 53.3976
18450.0000 0.0703 75.5650 50.0000 34.8946 40.0577 53.7384
18451.0000 0.0661 75.7898 50.0000 35.5813 39.9741 53.6669
18452.0000 0.0684 75.8419 50.0000 35.7345 39.6110 53.9073
18453.0000 0.0684 75.7469 50.0000 35.6818 39.5684 53.8400
18454.0000 0.0684 75.6690 50.0000 35.6493 39.5228 53.7855
18455.0000 0.0679 75.3114 50.0000 35.3747 39.5113 53.4723
18456.0000 0.0663 75.3333 50.0000 35.1247 39.9849 53.3157
18457.0000 0.0645 75.1189 50.0000 35.2705 39.7793 53.0703
18458.0000 0.0645 75.3451 50.0000 35.5430 39.7156 53.2564
18459.0000 0.0620 75.5383 50.0000 35.5253 40.2129 53.1687
18460.0000 0.0639 75.1480 50.0000 35.3685 39.7730 53.0509
18461.0000 0.0628 75.3578 50.0000 35.4423 40.0251 53.1096
18462.0000 0.0628 75.4179 50.0000 35.5969 39.9155 53.1740
18463.0000 0.0609 75.3094 50.0000 35.7528 39.8332 52.9770
18464.0000 0.0567 75.0754 50.0000 36.0850 39.6795 52.5331
18465.0000 0.0567 75.2012 50.0000 36.1468 39.7427 52.6228
18466.0000 0.0536 75.1241 50.0000 36.0571 40.1253 52.2827
18467.0000 0.0535 75.3580 50.0000 35.8900 40.5787 52.3843
18468.0000 0.0572 75.5042 50.0000 35.6482 40.5901 52.7498
18469.0000 0.0605 75.5248 50.0000 35.4371 40.4691 53.0137
18470.0000 0.0648 75.5955 50.0000 35.4196 40.0844 53.4169
18471.0000 0.0666 75.7012 50.0000 35.4588 39.9640 53.6304
18472.0000 0.0661 75.1884 50.0000 35.1558 39.8132 53.2192
18473.0000 0.0654 75.3268 50.0000 35.1305 40.0694 53.2392
18474.0000 0.0654 75.4805 50.0000 35.2814 40.0544 53.3683
18475.0000 0.0692 75.7476 50.0000 35.5543 39.6318 53.8786
18476.0000 0.0692 75.5004 50.0000 35.5194 39.4052 53.7206
18477.0000 0.0659 75.1662 50.0000 35.6505 39.2601 53.2696
18478.0000 0.0705 75.4886 50.0000 35.5097 39.2716 53.8082
18479.0000 0.0709 75.4711 50.0000 35.4666 39.2651 53.8169
18480.0000 0.0713 75.3307 50.0000 35.1685 39.4041 53.7141
18481.0000 0.0708 75.4861 50.0000 35.2409 39.5351 53.7885
18482.0000 0.0725 75.3514 50.0000 35.2240 39.2462 53.8223
18483.0000 0.0733 75.4447 50.0000 35.1323 39.3558 53.9328
18484.0000 0.0663 75.6156 50.0000 35.5203 39.8352 53.5648
18485.0000 0.0694 75.5616 50.0000 35.4282 39.5492 53.7610
18486.0000 0.0674 75.6447 50.0000 35.3412 39.9459 53.6418
18487.0000 0.0689 75.2329 50.0000 35.2514 39.4583 53.4824
18488.0000 0.0774 75.1947 50.0000 34.6915 39.1799 53.9971
18489.0000 0.0708 74.8888 50.0000 34.9005 39.2946 53.3500
18490.0000 0.0739 75.2152 50.0000 35.0205 39.1834 53.8103
18491.0000 0.0740 75.1560 50.0000 34.9029 39.2402 53.7627
18492.0000 0.0688 74.8832 50.0000 34.8236 39.5811 53.1803
18493.0000 0.0706 75.1876 50.0000 34.7425 39.8065 53.4937
18494.0000 0.0752 75.2587 50.0000 34.9433 39.1889 53.9172
18495.0000 0.0685 74.8783 50.0000 35.1787 39.2128 53.2125
18496.0000 0.0698 75.1040 50.0000 34.9468 39.5736 53.4160
18497.0000 0.0740 75.3803 50.0000 34.6758 39.7234 53.8686
18498.0000 0.0743 75.1245 50.0000 34.6247 39.4884 53.7167
18499.0000 0.0741 75.0519 50.0000 34.7793 39.2658 53.6785
18500.0000 0.0745 75.0714 50.0000 34.4694 39.5855 53.6709
18501.0000 0.0744 74.9730 50.0000 34.6703 39.2669 53.6380
18502.0000 0.0714 74.7987 50.0000 34.6674 39.3943 53.3020
18503.0000 0.0710 75.0432 50.0000 34.9110 39.4253 53.4636
18504.0000 0.0691 75.0824 50.0000 34.8326 39.7502 53.3290
18505.0000 0.0719 75.2190 50.0000 34.5706 39.8910 53.5862
18506.0000 0.0721 75.0020 50.0000 34.0482 40.2430 53.3528
18507.0000 0.0688 75.2798 50.0000 34.5506 40.3092 53.3710
18508.0000 0.0715 75.4996 50.0000 34.6070 40.1920 53.7321
18509.0000 0.0679 75.4461 50.0000 34.9993 40.0749 53.4898
18510.0000 0.0662 75.5008 50.0000 35.2163 40.0631 53.4334
18511.0000 0.0613 75.2657 50.0000 35.2761 40.2833 52.8940
18512.0000 0.0601 75.3647 50.0000 35.5583 40.2004 52.9092
18513.0000 0.0582 75.1434 50.0000 35.4612 40.2946 52.5868
18514.0000 0.0560 74.8788 50.0000 35.2020 40.5645 52.1744
18515.0000 0.0557 74.5592 50.0000 35.1923 40.2637 51.9558
18516.0000 0.0536 74.6355 50.0000 35.5613 40.1684 51.8879
18517.0000 0.0518 74.4592 50.0000 35.4182 40.3575 51.5849
18518.0000 0.0561 74.9073 50.0000 35.4771 40.2676 52.2589
18519.0000 0.0563 74.7615 50.0000 35.1718 40.4354 52.1269
18520.0000 0.0548 74.9321 50.0000 35.0673 40.9326 52.0540
18521.0000 0.0577 74.8087 50.0000 35.0781 40.4353 52.2576
18522.0000 0.0585 74.7103 50.0000 34.7293 40.6546 52.1796
18523.0000 0.0578 74.5398 50.0000 34.8615 40.3866 52.0556
18524.0000 0.0565 74.8520 50.0000 34.7759 40.9949 52.0852
18525.0000 0.0576 74.5932 50.0000 34.4604 40.9560 51.9541
18526.0000 0.0558 74.1336 50.0000 34.6980 40.3720 51.5941
18527.0000 0.0602 74.6775 50.0000 34.3923 40.8263 52.2217
18528.0000 0.0591 74.5613 50.0000 34.5170 40.6707 52.0948
18529.0000 0.0620 74.5220 50.0000 34.5910 40.2092 52.3470
18530.0000 0.0632 74.2159 50.0000 34.4527 39.8945 52.2440
18531.0000 0.0642 74.3996 50.0000 34.4382 40.0000 52.4339
18532.0000 0.0653 74.3608 50.0000 34.4994 39.7683 52.5148
18533.0000 0.0591 74.5349 50.0000 34.7456 40.3686 52.1399
18534.0000 0.0632 74.8146 50.0000 34.4326 40.5704 52.5896
18535.0000 0.0651 74.8934 50.0000 34.1625 40.7687 52.7243
18536.0000 0.0597 74.5135 50.0000 34.0089 41.1855 51.9559
18537.0000 0.0602 74.6512 50.0000 33.9869 41.2984 52.0782
18538.0000 0.0644 74.7782 50.0000 34.1391 40.7521 52.5887
18539.0000 0.0593 74.7484 50.0000 34.2220 41.2219 52.1243
18540.0000 0.0609 74.8884 50.0000 34.3743 40.9990 52.4000
18541.0000 0.0651 75.2957 50.0000 34.5877 40.6995 53.0725
18542.0000 0.0641 75.2656 50.0000 34.5140 40.8700 52.9466
18543.0000 0.0654 75.1412 50.0000 34.6577 40.4182 53.0227
18544.0000 0.0632 74.9111 50.0000 34.9278 40.0931 52.7662
18545.0000 0.0635 75.1300 50.0000 35.0162 40.1922 52.9430
18546.0000 0.0607 75.3217 50.0000 35.1789 40.5267 52.8525
18547.0000 0.0629 75.2785 50.0000 35.3287 40.0670 53.0413
18548.0000 0.0637 75.2438 50.0000 35.4167 39.8407 53.1037
18549.0000 0.0629 75.3051 50.0000 35.4091 40.0026 53.0739
18550.0000 0.0632 75.4282 50.0000 35.0657 40.4923 53.1053
18551.0000 0.0648 75.4927 50.0000 34.9480 40.5218 53.2520
18552.0000 0.0722 75.5961 50.0000 34.8289 39.9668 53.8922
18553.0000 0.0757 75.6349 50.0000 34.9469 39.5198 54.1990
18554.0000 0.0732 75.4519 50.0000 34.6770 39.8817 53.8511
18555.0000 0.0746 75.8081 50.0000 34.6268 40.1660 54.1715
18556.0000 0.0748 75.7001 50.0000 34.2505 40.4601 54.0406
18557.0000 0.0777 75.5932 50.0000 34.1448 40.1744 54.1709
18558.0000 0.0761 75.6486 50.0000 34.1908 40.3395 54.0964
18559.0000 0.0697 75.3907 50.0000 34.0975 40.8632 53.3978
18560.0000 0.0773 75.5001 50.0000 33.7835 40.5334 53.9998
18561.0000 0.0736 75.2728 50.0000 34.0294 40.3901 53.6343
18562.0000 0.0713 75.3392 50.0000 33.8460 40.9278 53.4356
18563.0000 0.0673 75.4379 50.0000 33.9503 41.3722 53.1658
18564.0000 0.0679 75.2830 50.0000 33.7080 41.4306 53.0548
18565.0000 0.0671 74.9332 50.0000 33.6112 41.2609 52.7523
18566.0000 0.0695 75.1003 50.0000 33.3325 41.5056 52.9744
18567.0000 0.0747 75.1466 50.0000 32.8811 41.5146 53.3141
18568.0000 0.0736 75.0013 50.0000 33.1752 41.1200 53.2329
18569.0000 0.0775 75.1784 50.0000 33.1903 40.8633 53.6692
18570.0000 0.0787 75.1715 50.0000 33.1542 40.7688 53.7537
18571.0000 0.0772 75.3893 50.0000 33.1129 41.2134 53.7452
18572.0000 0.0738 74.9529 50.0000 33.2532 40.9515 53.2460
18573.0000 0.0744 74.7637 50.0000 33.2516 40.6796 53.1894
18574.0000 0.0737 74.5476 50.0000 33.4233 40.3197 53.0522
18575.0000 0.0768 74.9409 50.0000 33.3291 40.5221 53.5095
18576.0000 0.0748 74.9366 50.0000 33.2055 40.8795 53.3081
18577.0000 0.0732 75.1100 50.0000 33.2022 41.2486 53.2699
18578.0000 0.0756 75.1257 50.0000 32.9960 41.2485 53.4200
18579.0000 0.0764 75.0611 50.0000 32.9244 41.1788 53.4272
18580.0000 0.0783 74.9742 50.0000 32.6485 41.2118 53.4489
18581.0000 0.0788 74.8083 50.0000 32.8589 40.7297 53.4571
18582.0000 0.0806 74.6882 50.0000 33.2299 39.9729 53.6307
18583.0000 0.0805 74.7694 50.0000 33.2366 40.0671 53.6696
18584.0000 0.0818 74.8389 50.0000 33.2047 40.0370 53.8085
18585.0000 0.0858 74.6822 50.0000 32.9542 39.7671 53.9447
18586.0000 0.0794 74.6457 50.0000 33.1433 40.1503 53.4926
18587.0000 0.0866 74.3012 50.0000 33.2160 39.0036 53.8153
18588.0000 0.0836 74.4241 50.0000 33.1898 39.4487 53.6767
18589.0000 0.0810 74.8108 50.0000 33.4710 39.7906 53.7872
18590.0000 0.0828 74.5081 50.0000 33.4148 39.3587 53.7196
18591.0000 0.0826 74.5815 50.0000 33.3745 39.4999 53.7429
18592.0000 0.0799 74.4311 50.0000 33.1899 39.8278 53.4057
18593.0000 0.0832 74.5589 50.0000 33.0236 39.8177 53.6937
18594.0000 0.0812 74.6920 50.0000 33.5551 39.5461 53.7499
18595.0000 0.0816 74.7495 50.0000 33.5032 39.6260 53.8034
18596.0000 0.0807 74.9124 50.0000 33.4037 40.0029 53.8129
18597.0000 0.0805 74.9148 50.0000 33.3433 40.0887 53.7898
18598.0000 0.0812 74.8041 50.0000 33.4943 39.7348 53.8045
18599.0000 0.0813 74.6686 50.0000 33.4773 39.6071 53.7209
18600.0000 0.0769 74.6169 50.0000 33.7736 39.6590 53.4246
18601.0000 0.0769 74.8945 50.0000 33.8095 39.9003 53.6104
18602.0000 0.0776 74.7694 50.0000 33.7932 39.7231 53.5776
18603.0000 0.0782 74.5107 50.0000 33.9237 39.2426 53.4887
18604.0000 0.0762 74.5757 50.0000 34.5077 38.8594 53.4856
18605.0000 0.0760 74.9144 50.0000 34.3959 39.3560 53.6674
18606.0000 0.0748 74.8025 50.0000 34.1363 39.6539 53.4575
18607.0000 0.0763 74.7568 50.0000 33.8558 39.7680 53.4871
18608.0000 0.0766 74.6132 50.0000 33.9380 39.4938 53.4376
18609.0000 0.0785 74.7305 50.0000 33.8731 39.4997 53.6380
18610.0000 0.0747 74.5568 50.0000 34.1855 39.3533 53.3046
18611.0000 0.0732 74.6603 50.0000 34.3020 39.4764 53.2836
18612.0000 0.0736 74.8220 50.0000 34.4195 39.4696 53.4394
18613.0000 0.0734 75.1350 50.0000 34.3541 39.8918 53.6070
18614.0000 0.0727 75.4689 50.0000 34.6389 40.0012 53.8109
18615.0000 0.0733 75.7108 50.0000 34.4437 40.4069 53.9725
18616.0000 0.0739 76.3251 50.0000 34.3788 41.0726 54.3751
18617.0000 0.0743 76.0627 50.0000 34.2660 40.8856 54.2194
18618.0000 0.0760 76.3786 50.0000 34.5764 40.6798 54.6198
18619.0000 0.0748 76.2504 50.0000 34.7452 40.4756 54.4851
18620.0000 0.0748 76.2362 50.0000 34.5327 40.7063 54.4283
18621.0000 0.0759 76.4679 50.0000 34.5469 40.8125 54.6644
18622.0000 0.0765 76.3619 50.0000 34.3180 40.9053 54.5909
18623.0000 0.0737 76.3578 50.0000 34.4856 41.0084 54.4019
18624.0000 0.0739 76.5179 50.0000 34.3338 41.3384 54.4731
18625.0000 0.0729 76.5561 50.0000 34.6353 41.1284 54.4948
18626.0000 0.0785 76.6742 50.0000 34.2395 41.1099 54.9233
18627.0000 0.0831 76.3928 50.0000 34.0615 40.5507 55.0574
18628.0000 0.0778 76.6281 50.0000 34.1644 41.2282 54.8169
18629.0000 0.0785 76.7721 50.0000 34.2441 41.2095 54.9825
18630.0000 0.0799 76.6549 50.0000 34.2685 40.9187 55.0209
18631.0000 0.0808 76.9594 50.0000 34.4438 40.9360 55.3229
18632.0000 0.0856 77.0845 50.0000 34.3792 40.6511 55.7457
18633.0000 0.0897 77.2163 50.0000 34.1548 40.6321 56.0789
18634.0000 0.0903 77.4870 50.0000 34.0277 40.9937 56.2660
18635.0000 0.0812 76.8827 50.0000 34.1932 41.1074 55.2445
18636.0000 0.0772 76.6678 50.0000 34.0677 41.4436 54.7702
18637.0000 0.0813 76.8891 50.0000 34.0516 41.2635 55.2245
18638.0000 0.0831 76.8286 50.0000 33.7651 41.3460 55.2545
18639.0000 0.0838 77.1302 50.0000 33.8996 41.4271 55.5309
18640.0000 0.0823 77.0800 50.0000 33.9148 41.5192 55.3829
18641.0000 0.0803 76.7900 50.0000 33.9670 41.3655 55.0621
18642.0000 0.0812 76.5347 50.0000 33.8058 41.1863 54.9401
18643.0000 0.0812 76.3572 50.0000 33.8195 40.9794 54.8393
18644.0000 0.0824 76.6089 50.0000 33.6142 41.3583 55.0318
18645.0000 0.0843 76.4582 50.0000 33.5307 41.1062 55.0620
18646.0000 0.0838 76.5426 50.0000 33.6231 41.1350 55.1014
18647.0000 0.0856 76.2482 50.0000 33.4902 40.8026 55.0212
18648.0000 0.0830 76.5434 50.0000 33.7447 41.0803 55.0691
18649.0000 0.0863 76.5709 50.0000 33.6689 40.8559 55.3201
18650.0000 0.0859 76.6962 50.0000 33.8158 40.8588 55.4018
18651.0000 0.0826 76.5675 50.0000 33.6513 41.2496 55.0331
18652.0000 0.0786 76.2939 50.0000 33.8540 41.1475 54.6036
18653.0000 0.0774 76.0519 50.0000 33.7414 41.1541 54.3300
18654.0000 0.0735 75.7748 50.0000 33.6918 41.3404 53.8299
18655.0000 0.0762 75.3167 50.0000 33.8616 40.3647 53.8209
18656.0000 0.0767 75.2606 50.0000 33.8654 40.2497 53.8261
18657.0000 0.0722 75.4055 50.0000 34.1633 40.5256 53.6333
18658.0000 0.0733 75.2068 50.0000 34.4074 39.9247 53.6490
18659.0000 0.0754 75.1780 50.0000 34.1903 39.9266 53.7460
18660.0000 0.0717 75.1459 50.0000 34.4663 39.9577 53.5010
18661.0000 0.0756 75.1018 50.0000 34.3690 39.6216 53.7511
18662.0000 0.0739 75.1593 50.0000 34.5749 39.6221 53.6991
18663.0000 0.0753 75.3875 50.0000 34.5683 39.7264 53.9456
18664.0000 0.0751 75.7902 50.0000 34.5250 40.2097 54.1790
18665.0000 0.0754 75.8528 50.0000 34.6506 40.1033 54.2652
18666.0000 0.0741 75.9103 50.0000 34.9226 39.9942 54.2517
18667.0000 0.0784 75.9407 50.0000 34.8682 39.6492 54.5815
18668.0000 0.0786 75.6116 50.0000 34.5794 39.6138 54.3335
18669.0000 0.0797 75.7020 50.0000 34.5103 39.6676 54.4639
18670.0000 0.0804 75.6911 50.0000 34.5129 39.5930 54.5013
18671.0000 0.0765 75.6114 50.0000 34.4875 39.9219 54.1658
18672.0000 0.0768 75.7183 50.0000 34.5834 39.9004 54.2698
18673.0000 0.0784 75.8726 50.0000 34.7985 39.6532 54.5283
18674.0000 0.0796 75.9583 50.0000 34.4101 40.0617 54.5956
18675.0000 0.0732 75.2974 50.0000 34.9745 39.3933 53.8020
18676.0000 0.0780 75.0551 50.0000 34.7181 38.9487 53.9529
18677.0000 0.0793 75.0438 50.0000 34.8360 38.6858 54.0503
18678.0000 0.0779 75.3242 50.0000 35.3343 38.5682 54.2007
18679.0000 0.0836 75.7656 50.0000 35.0842 38.7379 54.8535
18680.0000 0.0811 75.6851 50.0000 35.1859 38.7822 54.6455
18681.0000 0.0776 75.3816 50.0000 35.3126 38.6739 54.2193
18682.0000 0.0818 75.4397 50.0000 35.2302 38.4272 54.5283
18683.0000 0.0826 75.6205 50.0000 35.1113 38.6574 54.6925
18684.0000 0.0856 76.0272 50.0000 35.4300 38.4481 55.1960
18685.0000 0.0814 75.9833 50.0000 35.5990 38.6204 54.9057
18686.0000 0.0820 76.0333 50.0000 35.1538 39.0807 54.9361
18687.0000 0.0831 75.9822 50.0000 35.1714 38.9100 54.9752
18688.0000 0.0874 76.2830 50.0000 35.1163 38.8648 55.4569
18689.0000 0.0802 76.3809 50.0000 35.4532 39.2855 55.0796
18690.0000 0.0839 76.4747 50.0000 35.2349 39.2658 55.3632
18691.0000 0.0827 76.7291 50.0000 35.5658 39.2742 55.4974
18692.0000 0.0796 76.5300 50.0000 35.9675 38.9503 55.1910
18693.0000 0.0806 76.5948 50.0000 35.7430 39.1514 55.2844
18694.0000 0.0761 76.5172 50.0000 35.7229 39.5360 54.9150
18695.0000 0.0765 76.4841 50.0000 35.7994 39.3815 54.9301
18696.0000 0.0826 76.8523 50.0000 35.5475 39.4328 55.5671
18697.0000 0.0813 76.7381 50.0000 35.5324 39.4591 55.4001
18698.0000 0.0825 76.6305 50.0000 35.4335 39.3372 55.4011
18699.0000 0.0783 76.4268 50.0000 35.5928 39.3687 54.9937
18700.0000 0.0809 76.7277 50.0000 35.3145 39.7250 55.3350
18701.0000 0.0833 76.4591 50.0000 34.9691 39.5859 55.2821
18702.0000 0.0893 76.3831 50.0000 34.7559 39.1707 55.6063
18703.0000 0.0912 76.4062 50.0000 34.3386 39.4740 55.6828
18704.0000 0.0915 76.9038 50.0000 34.7247 39.5214 56.0933
18705.0000 0.0884 76.8638 50.0000 34.7290 39.7710 55.8589
18706.0000 0.0912 76.9179 50.0000 34.6966 39.5991 56.0752
18707.0000 0.0842 76.7878 50.0000 35.1655 39.6237 55.5852
18708.0000 0.0786 76.8026 50.0000 35.2016 40.1459 55.2068
18709.0000 0.0818 76.6425 50.0000 34.9692 39.9257 55.2916
18710.0000 0.0904 77.0424 50.0000 35.0219 39.4454 56.1520
18711.0000 0.0838 76.8783 50.0000 35.2913 39.6158 55.6362
18712.0000 0.0872 76.9887 50.0000 34.8894 39.8352 55.8850
18713.0000 0.0937 76.8977 50.0000 34.8840 39.1501 56.2462
18714.0000 0.0886 76.6123 50.0000 34.7571 39.4645 55.7130
18715.0000 0.0921 76.2863 50.0000 34.3300 39.2792 55.6615
18716.0000 0.0875 76.1481 50.0000 34.6935 39.1726 55.3209
18717.0000 0.0884 76.2509 50.0000 34.7694 39.1083 55.4601
18718.0000 0.0809 76.0805 50.0000 35.0617 39.3420 54.8738
18719.0000 0.0878 76.3113 50.0000 35.0332 38.9471 55.4906
18720.0000 0.0815 76.5987 50.0000 35.2490 39.6057 55.2835
18721.0000 0.0816 76.5071 50.0000 34.7862 40.0064 55.1612
18722.0000 0.0822 76.4517 50.0000 34.8467 39.8254 55.1770
18723.0000 0.0783 76.0408 50.0000 35.3184 39.2736 54.7029
18724.0000 0.0808 76.8176 50.0000 35.4231 39.7005 55.4077
18725.0000 0.0811 76.6403 50.0000 35.1571 39.7804 55.2741
18726.0000 0.0762 76.6284 50.0000 35.3633 40.0310 54.9442
18727.0000 0.0840 76.9255 50.0000 35.4937 39.4236 55.7092
18728.0000 0.0858 76.7573 50.0000 35.2001 39.3984 55.6812
18729.0000 0.0876 77.1855 50.0000 35.3494 39.5065 56.1005
18730.0000 0.0852 77.2209 50.0000 35.3589 39.7533 55.9687
18731.0000 0.0836 77.2778 50.0000 35.2917 40.0442 55.8822
18732.0000 0.0841 77.5401 50.0000 35.4463 40.0897 56.1146
18733.0000 0.0797 77.5087 50.0000 35.6143 40.3132 55.8038
18734.0000 0.0795 78.0131 50.0000 35.7257 40.7224 56.1373
18735.0000 0.0972 76.8228 49.0000 32.8814 40.9351 56.0792
18736.0000 0.0808 78.0955 50.0000 35.7942 40.6022 56.2951
18737.0000 0.0845 78.0879 50.0000 35.9455 40.0696 56.5692
18738.0000 0.0793 78.0511 50.0000 35.8225 40.6813 56.1584
18739.0000 0.0811 77.7617 50.0000 35.2920 40.7874 56.0156
18740.0000 0.0788 77.7685 50.0000 35.3016 41.0165 55.8515
18741.0000 0.0796 77.6209 50.0000 35.2343 40.8565 55.8059
18742.0000 0.0777 77.6511 50.0000 35.4742 40.8148 55.7263
18743.0000 0.0771 77.5381 50.0000 35.0156 41.2824 55.5142
18744.0000 0.0719 77.5743 50.0000 35.2947 41.5575 55.1819
18745.0000 0.0734 77.6567 50.0000 35.6035 41.1311 55.4184
18746.0000 0.0784 78.4474 50.0000 35.6547 41.3629 56.3191
18747.0000 0.0871 78.4706 50.0000 35.1147 41.1083 56.8744
18748.0000 0.0849 78.2180 50.0000 35.2975 40.8591 56.5921
18749.0000 0.0830 78.2316 50.0000 35.3354 41.0265 56.4660
18750.0000 0.0827 78.2090 50.0000 35.0996 41.2956 56.3856
18751.0000 0.0851 78.3969 50.0000 35.3229 40.9976 56.7236
18752.0000 0.0773 78.3630 50.0000 35.4329 41.6425 56.1353
18753.0000 0.0816 78.0400 50.0000 34.9098 41.4468 56.1579
18754.0000 0.0788 78.0322 50.0000 34.8105 41.8467 55.9117
18755.0000 0.0824 77.7349 50.0000 34.9836 40.9645 56.0425
18756.0000 0.0800 77.6352 50.0000 35.2921 40.7664 55.8552
18757.0000 0.0772 77.5505 50.0000 35.2344 41.0272 55.5823
18758.0000 0.0890 76.7784 49.0000 33.7776 40.6796 55.6701
18759.0000 0.0725 77.7550 50.0000 35.7796 41.1270 55.4457
18760.0000 0.0727 77.8394 50.0000 35.9363 41.0206 55.5416
18761.0000 0.0786 77.5974 50.0000 35.6484 40.4704 55.7915
18762.0000 0.0839 77.6735 50.0000 35.4933 40.1921 56.1960
18763.0000 0.0854 77.8429 50.0000 35.5840 40.1188 56.4250
18764.0000 0.0842 78.1975 50.0000 35.5203 40.6659 56.5635
18765.0000 0.0827 77.8402 50.0000 35.8798 40.0630 56.2735
18766.0000 0.0796 78.1392 50.0000 36.0213 40.5212 56.2693
18767.0000 0.0803 78.1447 50.0000 35.7264 40.7751 56.2814
18768.0000 0.0831 78.0737 50.0000 35.5850 40.5820 56.4120
18769.0000 0.0815 77.9640 50.0000 35.5955 40.6124 56.2314
18770.0000 0.1003 77.1250 49.0000 33.7692 39.9624 56.6649
18771.0000 0.0821 78.1371 50.0000 35.6014 40.7285 56.3839
18772.0000 0.0956 77.1070 49.0000 34.1076 40.0173 56.3984
18773.0000 0.0853 77.7415 50.0000 35.2818 40.3539 56.3072
18774.0000 0.0829 77.6585 50.0000 35.3579 40.4275 56.0917
18775.0000 0.0990 76.8285 49.0000 33.6380 39.9317 56.3611
18776.0000 0.0836 77.3978 50.0000 35.5725 39.8614 56.0008
18777.0000 0.0775 77.1579 50.0000 35.8905 39.8717 55.4568
18778.0000 0.0779 77.3804 50.0000 35.9013 40.0445 55.6350
18779.0000 0.0741 77.0837 50.0000 35.7215 40.3239 55.1349
18780.0000 0.0843 76.9940 50.0000 35.3549 39.6185 55.7538
18781.0000 0.0908 77.2947 50.0000 35.2286 39.4369 56.3750
18782.0000 0.0906 77.1005 50.0000 35.0280 39.4818 56.2025
18783.0000 0.0848 77.1760 50.0000 35.3194 39.7958 55.9014
18784.0000 0.0849 76.8076 50.0000 35.1798 39.5654 55.6451
18785.0000 0.0884 76.7710 50.0000 35.0821 39.2933 55.8486
18786.0000 0.0835 76.4308 50.0000 35.2800 39.2068 55.3155
18787.0000 0.0875 76.3411 50.0000 34.4828 39.5934 55.4189
18788.0000 0.0787 76.2619 50.0000 35.0481 39.7572 54.8351
18789.0000 0.0798 76.3350 50.0000 35.1401 39.6227 54.9749
18790.0000 0.0784 76.2107 50.0000 35.1176 39.6579 54.7912
18791.0000 0.0793 75.9460 50.0000 34.8648 39.5667 54.6509
18792.0000 0.0811 75.9751 50.0000 34.7344 39.5642 54.7760
18793.0000 0.0770 75.8246 50.0000 34.8006 39.7496 54.3898
18794.0000 0.0749 75.6727 50.0000 34.8309 39.7708 54.1429
18795.0000 0.0793 75.6856 50.0000 34.5933 39.6031 54.4354
18796.0000 0.0796 75.5553 50.0000 34.9433 39.0537 54.4277
18797.0000 0.0796 75.3978 50.0000 34.6137 39.2531 54.2762
18798.0000 0.0812 75.4901 50.0000 34.6372 39.1690 54.4501
18799.0000 0.0756 75.0974 50.0000 35.2106 38.6901 53.8786
18800.0000 0.0707 74.6095 50.0000 34.8988 39.0186 53.1621
18801.0000 0.0732 74.8863 50.0000 34.9509 38.9881 53.5380
18802.0000 0.0773 74.9228 50.0000 34.7336 38.8611 53.8220
18803.0000 0.0772 74.9415 50.0000 34.5244 39.1172 53.7972
18804.0000 0.0750 74.7691 50.0000 34.1885 39.5381 53.4632
18805.0000 0.0674 74.6706 50.0000 34.8740 39.4469 52.9477
18806.0000 0.0693 74.5880 50.0000 34.9221 39.1065 53.0518
18807.0000 0.0723 74.8712 50.0000 34.7709 39.2616 53.4341
18808.0000 0.0746 75.0674 50.0000 35.0255 38.9613 53.7619
18809.0000 0.0754 75.2219 50.0000 34.6157 39.4868 53.8597
18810.0000 0.0750 75.1496 50.0000 34.5681 39.5037 53.7770
18811.0000 0.0692 74.9245 50.0000 35.1445 39.2206 53.2944
18812.0000 0.0724 75.0347 50.0000 35.0665 39.0969 53.5908
18813.0000 0.0743 74.9271 50.0000 34.6812 39.2259 53.5968
18814.0000 0.0715 74.8065 50.0000 34.8545 39.1918 53.3402
18815.0000 0.0713 74.7482 50.0000 34.9750 39.0176 53.3073
18816.0000 0.0725 74.4843 50.0000 34.4499 39.1972 53.1479
18817.0000 0.0720 74.6047 50.0000 34.7033 39.0964 53.2260
18818.0000 0.0706 74.1434 50.0000 34.4814 39.0070 52.7895
18819.0000 0.0727 74.2025 50.0000 34.7701 38.5323 53.0314
18820.0000 0.0723 74.2188 50.0000 34.8052 38.5492 53.0187
18821.0000 0.0691 74.1967 50.0000 34.7571 38.9010 52.7618
18822.0000 0.0681 74.0639 50.0000 34.6405 39.0013 52.5776
18823.0000 0.0609 73.7671 50.0000 34.5745 39.5304 51.8029
18824.0000 0.0644 74.2194 50.0000 34.4826 39.7416 52.3458
18825.0000 0.0637 74.3072 50.0000 34.5855 39.7858 52.3688
18826.0000 0.0632 74.1680 50.0000 34.6002 39.6741 52.2463
18827.0000 0.0657 74.2497 50.0000 34.7196 39.3526 52.5256
18828.0000 0.0704 74.3991 50.0000 34.4051 39.3777 52.9237
18829.0000 0.0719 74.1979 50.0000 34.0857 39.3708 52.8530
18830.0000 0.0718 74.3578 50.0000 34.0925 39.5389 52.9477
18831.0000 0.0700 74.4967 50.0000 34.4170 39.5089 52.9554
18832.0000 0.0672 74.4365 50.0000 34.4544 39.6924 52.7086
18833.0000 0.0675 74.5735 50.0000 34.6114 39.6319 52.8447
18834.0000 0.0704 74.7870 50.0000 34.4338 39.7492 53.1735
18835.0000 0.0688 74.7857 50.0000 34.4970 39.8437 53.0597
18836.0000 0.0695 75.0283 50.0000 34.5015 40.0297 53.2590
18837.0000 0.0658 75.0029 50.0000 34.6931 40.1735 52.9897
18838.0000 0.0628 74.9665 50.0000 34.9937 40.1231 52.7783
18839.0000 0.0633 74.9918 50.0000 34.7771 40.3482 52.7858
18840.0000 0.0679 75.0130 50.0000 34.4175 40.2833 53.1003
18841.0000 0.0637 74.5159 50.0000 34.5271 40.0842 52.4762
18842.0000 0.0644 74.5342 50.0000 34.1710 40.4407 52.4617
18843.0000 0.0657 74.7849 50.0000 34.4474 40.2386 52.7922
18844.0000 0.0668 74.7934 50.0000 34.3268 40.2676 52.8606
18845.0000 0.0675 74.7966 50.0000 34.3186 40.2086 52.9155
18846.0000 0.0666 74.6810 50.0000 34.2549 40.2526 52.7597
18847.0000 0.0634 74.6970 50.0000 34.3655 40.5033 52.5179
18848.0000 0.0658 74.8455 50.0000 34.2366 40.5515 52.7757
18849.0000 0.0619 74.9141 50.0000 34.1347 41.2065 52.4306
18850.0000 0.0644 74.7076 50.0000 34.0296 40.8098 52.5145
18851.0000 0.0649 74.7778 50.0000 34.2067 40.6133 52.6515
18852.0000 0.0715 74.9582 50.0000 33.8762 40.4676 53.2308
18853.0000 0.0684 74.5217 50.0000 33.8012 40.4264 52.6940
18854.0000 0.0718 74.7481 50.0000 33.8752 40.2042 53.1353
18855.0000 0.0714 74.9492 50.0000 34.1487 40.1462 53.2872
18856.0000 0.0680 74.9735 50.0000 34.3743 40.2731 53.0802
18857.0000 0.0668 74.9388 50.0000 34.3381 40.4112 52.9496
18858.0000 0.0669 74.9328 50.0000 34.0097 40.7882 52.8639
18859.0000 0.0714 74.7953 50.0000 33.6249 40.6005 53.0594
18860.0000 0.0738 74.8855 50.0000 33.7693 40.2618 53.3522
18861.0000 0.0784 74.7628 50.0000 33.4223 40.0573 53.5522
18862.0000 0.0725 74.6173 50.0000 33.6697 40.2313 53.0616
18863.0000 0.0749 74.7345 50.0000 33.6674 40.1083 53.3204
18864.0000 0.0748 75.2884 50.0000 33.9461 40.3760 53.7195
18865.0000 0.0784 75.0927 50.0000 33.8342 39.9333 53.8469
18866.0000 0.0773 75.0380 50.0000 33.9408 39.8681 53.7518
18867.0000 0.0784 75.1668 50.0000 34.0902 39.7226 53.9447
18868.0000 0.0708 74.5815 50.0000 34.2320 39.7280 53.0308
18869.0000 0.0740 74.6140 50.0000 34.0156 39.6773 53.2532
18870.0000 0.0678 74.4698 50.0000 34.2471 39.9096 52.7267
18871.0000 0.0727 74.3781 50.0000 34.2466 39.2919 53.0605
18872.0000 0.0783 74.8637 50.0000 34.2044 39.2850 53.7711
18873.0000 0.0722 74.7677 50.0000 34.6745 39.2732 53.3432
18874.0000 0.0720 74.8636 50.0000 34.7438 39.3184 53.3993
18875.0000 0.0732 74.5016 50.0000 34.4162 39.1868 53.2015
18876.0000 0.0695 74.4229 50.0000 34.3094 39.6033 52.8509
18877.0000 0.0698 74.2034 50.0000 34.0245 39.6702 52.6760
18878.0000 0.0699 74.4602 50.0000 34.2862 39.6333 52.8959
18879.0000 0.0659 74.3104 50.0000 34.4558 39.7023 52.5220
18880.0000 0.0664 74.0382 50.0000 34.3336 39.4965 52.3725
18881.0000 0.0663 73.6616 50.0000 34.2186 39.2398 52.1091
18882.0000 0.0647 73.4636 50.0000 34.1708 39.2564 51.8478
18883.0000 0.0696 73.6687 50.0000 34.1675 38.9616 52.3608
18884.0000 0.0682 73.8414 50.0000 34.1298 39.3271 52.3554
18885.0000 0.0707 73.8335 50.0000 34.1773 39.0116 52.5489
18886.0000 0.0737 73.8917 50.0000 34.0059 38.9612 52.7789
18887.0000 0.0760 74.0836 50.0000 34.1264 38.7923 53.0936
18888.0000 0.0777 73.9099 50.0000 33.8958 38.7000 53.0666
18889.0000 0.0788 73.6712 50.0000 33.9375 38.3038 52.9954
18890.0000 0.0786 73.6985 50.0000 34.0540 38.2258 53.0150
18891.0000 0.0768 73.4888 50.0000 33.8909 38.3591 52.7314
18892.0000 0.0823 73.5166 50.0000 33.6799 38.1012 53.0910
18893.0000 0.0855 73.8092 50.0000 33.7060 38.0678 53.5028
18894.0000 0.0799 73.7961 50.0000 34.3456 37.8867 53.2056
18895.0000 0.0834 73.9883 50.0000 34.3959 37.7003 53.5713
18896.0000 0.0789 73.7682 50.0000 34.7933 37.4719 53.1699
18897.0000 0.0804 73.7347 50.0000 34.3695 37.7515 53.2012
18898.0000 0.0770 73.7830 50.0000 34.2926 38.2091 52.9907
18899.0000 0.0756 73.6451 50.0000 34.4601 38.0176 52.8277
18900.0000 0.0756 73.5536 50.0000 34.4743 37.9036 52.7728
18901.0000 0.0736 73.5645 50.0000 34.6161 37.9615 52.6534
18902.0000 0.0735 73.4411 50.0000 34.4809 37.9835 52.5540
18903.0000 0.0750 73.3749 50.0000 34.5574 37.6964 52.6179
18904.0000 0.0720 73.4142 50.0000 34.8549 37.7054 52.4698
18905.0000 0.0708 73.5564 50.0000 34.6981 38.1329 52.4639
18906.0000 0.0727 73.5653 50.0000 35.0928 37.5375 52.6430
18907.0000 0.0711 73.7401 50.0000 35.0363 37.9280 52.6452
18908.0000 0.0692 73.6899 50.0000 35.4524 37.6201 52.5172
18909.0000 0.0745 73.7356 50.0000 35.0167 37.6152 52.8759
18910.0000 0.0718 73.6941 50.0000 35.2719 37.5681 52.6816
18911.0000 0.0699 73.9007 50.0000 35.3465 37.8802 52.6976
18912.0000 0.0685 73.6120 50.0000 35.0289 38.0593 52.3754
18913.0000 0.0686 73.4007 50.0000 34.9550 37.9097 52.2366
18914.0000 0.0683 73.5365 50.0000 35.1066 37.9246 52.3151
18915.0000 0.0703 73.8002 50.0000 35.1326 37.9639 52.6394
18916.0000 0.0689 73.6993 50.0000 35.2397 37.8828 52.4846
18917.0000 0.0704 73.9489 50.0000 35.0387 38.2049 52.7362
18918.0000 0.0698 73.8471 50.0000 35.0534 38.1447 52.6274
18919.0000 0.0715 73.7599 50.0000 35.0259 37.9229 52.6835
18920.0000 0.0680 73.6556 50.0000 35.3131 37.8508 52.3971
18921.0000 0.0653 73.4953 50.0000 35.4566 37.8051 52.1072
18922.0000 0.0682 73.8194 50.0000 35.4488 37.8580 52.5306
18923.0000 0.0686 73.7996 50.0000 35.4288 37.8197 52.5438
18924.0000 0.0662 73.6116 50.0000 35.7181 37.5513 52.2761
18925.0000 0.0630 73.4043 50.0000 35.6241 37.7595 51.8973
18926.0000 0.0625 73.5716 50.0000 35.8715 37.7205 51.9920
18927.0000 0.0595 73.7336 50.0000 36.0375 38.0250 51.8850
18928.0000 0.0559 73.5781 50.0000 35.9293 38.3608 51.4905
18929.0000 0.0548 73.2411 50.0000 35.6802 38.3935 51.1577
18930.0000 0.0627 73.2384 50.0000 35.3515 37.9094 51.7399
18931.0000 0.0628 72.9342 50.0000 35.3778 37.5549 51.5503
18932.0000 0.0658 72.8499 50.0000 34.9900 37.5881 51.6715
18933.0000 0.0645 72.8959 50.0000 35.0604 37.6896 51.6147
18934.0000 0.0641 72.7457 50.0000 35.0301 37.6068 51.4836
18935.0000 0.0646 72.7540 50.0000 34.7131 37.9059 51.4907
18936.0000 0.0633 72.5731 50.0000 34.7667 37.7896 51.2843
18937.0000 0.0627 72.7818 50.0000 34.5529 38.3069 51.3408
18938.0000 0.0638 72.5719 50.0000 34.4486 38.0927 51.2730
18939.0000 0.0624 72.3278 50.0000 34.4014 38.0292 51.0062
18940.0000 0.0600 72.3069 50.0000 34.7946 37.8213 50.8642
18941.0000 0.0579 72.5455 50.0000 34.7875 38.3040 50.8476
18942.0000 0.0567 72.3779 50.0000 34.8500 38.1879 50.6529
18943.0000 0.0570 72.2266 50.0000 34.7431 38.1086 50.5700
18944.0000 0.0594 72.1661 50.0000 34.6207 37.9309 50.7011
18945.0000 0.0606 72.0945 50.0000 34.2921 38.0952 50.6993
18946.0000 0.0552 72.0089 50.0000 34.9318 37.8683 50.3095
18947.0000 0.0575 72.3429 50.0000 34.8377 38.0737 50.6973
18948.0000 0.0600 72.2015 50.0000 34.5412 37.9901 50.7613
18949.0000 0.0589 72.4133 50.0000 34.5841 38.2872 50.8106
18950.0000 0.0566 72.1188 50.0000 34.7320 38.0573 50.4623
18951.0000 0.0577 72.3112 50.0000 34.6068 38.2756 50.6583
18952.0000 0.0571 72.2154 50.0000 34.5659 38.2866 50.5411
18953.0000 0.0594 72.4552 50.0000 34.4681 38.4053 50.8599
18954.0000 0.0632 72.5471 50.0000 33.9633 38.6681 51.1307
18955.0000 0.0639 72.5380 50.0000 34.2385 38.2779 51.2278
18956.0000 0.0598 72.6321 50.0000 34.4351 38.5860 50.9978
18957.0000 0.0611 72.5004 50.0000 34.2794 38.4850 50.9915
18958.0000 0.0583 72.3557 50.0000 34.5282 38.3553 50.7151
18959.0000 0.0582 72.5212 50.0000 34.7507 38.2928 50.8465
18960.0000 0.0654 72.5403 50.0000 34.5086 37.8285 51.3835
18961.0000 0.0617 72.4299 50.0000 34.7548 37.8198 51.0672
18962.0000 0.0675 72.5353 50.0000 34.6379 37.4676 51.5535
18963.0000 0.0620 72.4856 50.0000 34.7208 37.8805 51.1243
18964.0000 0.0658 72.5654 50.0000 34.5431 37.7740 51.4358
18965.0000 0.0628 72.1268 50.0000 34.5524 37.6143 50.9271
18966.0000 0.0620 72.2601 50.0000 34.6294 37.7433 50.9684
18967.0000 0.0659 72.2405 50.0000 34.6031 37.3666 51.2353
18968.0000 0.0653 72.3795 50.0000 34.8306 37.3186 51.3122
18969.0000 0.0601 72.3185 50.0000 35.1526 37.4380 50.9182
18970.0000 0.0601 72.2782 50.0000 35.2630 37.2758 50.9036
18971.0000 0.0594 71.9700 50.0000 35.0198 37.2927 50.6217
18972.0000 0.0591 72.1032 50.0000 34.9473 37.5343 50.6827
18973.0000 0.0560 71.9935 50.0000 34.9171 37.7760 50.3670
18974.0000 0.0612 71.9939 50.0000 34.7802 37.3894 50.7492
18975.0000 0.0578 71.9604 50.0000 34.8534 37.6216 50.4793
18976.0000 0.0637 72.1125 50.0000 34.5321 37.5264 50.9854
18977.0000 0.0595 71.9062 50.0000 34.5836 37.6854 50.5400
18978.0000 0.0579 71.7731 50.0000 34.5384 37.7664 50.3208
18979.0000 0.0542 71.8104 50.0000 34.6234 38.1117 50.0544
18980.0000 0.0523 71.8203 50.0000 34.8908 38.0259 49.9481
18981.0000 0.0566 72.0594 50.0000 34.8896 37.8156 50.4505
18982.0000 0.0548 71.5801 50.0000 34.5206 37.9075 49.9506
18983.0000 0.0537 71.7573 50.0000 34.9424 37.7535 50.0281
18984.0000 0.0530 71.6264 50.0000 34.7820 37.8609 49.8709
18985.0000 0.0535 71.7287 50.0000 34.6582 38.0624 49.9506
18986.0000 0.0588 71.7000 50.0000 34.3366 37.8123 50.3201
18987.0000 0.0586 71.6212 50.0000 34.5005 37.5753 50.2734
18988.0000 0.0568 71.8400 50.0000 34.7653 37.6966 50.3124
18989.0000 0.0573 71.9779 50.0000 34.9439 37.5974 50.4597
18990.0000 0.0592 71.9437 50.0000 34.9494 37.3603 50.5830
18991.0000 0.0604 72.1885 50.0000 34.9766 37.4602 50.8385
18992.0000 0.0618 72.1243 50.0000 34.9505 37.2775 50.8996
18993.0000 0.0612 72.3299 50.0000 34.8979 37.6090 50.9835
18994.0000 0.0625 72.3838 50.0000 34.8537 37.5793 51.1120
18995.0000 0.0599 72.1874 50.0000 34.8546 37.6429 50.7858
18996.0000 0.0610 71.9829 50.0000 34.7191 37.4617 50.7222
18997.0000 0.0604 72.0530 50.0000 34.9526 37.3448 50.7475
18998.0000 0.0604 72.1438 50.0000 34.8785 37.5215 50.7972
18999.0000 0.0696 72.2911 50.0000 34.6151 37.0395 51.5351
19000.0000 0.0638 72.1154 50.0000 34.9568 37.0622 51.0397
19001.0000 0.0617 72.1676 50.0000 35.0115 37.2698 50.9246
19002.0000 0.0662 72.4156 50.0000 34.8113 37.2897 51.3971
19003.0000 0.0639 72.1108 50.0000 34.9114 37.1021 51.0352
19004.0000 0.0635 72.2673 50.0000 34.7930 37.4256 51.1013
19005.0000 0.0647 72.1939 50.0000 34.7355 37.2889 51.1365
19006.0000 0.0655 72.3108 50.0000 34.6927 37.3831 51.2619
19007.0000 0.0616 72.4691 50.0000 34.9773 37.6338 51.1083
19008.0000 0.0619 72.5769 50.0000 34.5665 38.1654 51.1464
19009.0000 0.0608 72.5135 50.0000 34.7145 38.0453 51.0458
19010.0000 0.0599 72.3284 50.0000 34.5747 38.1040 50.8338
19011.0000 0.0527 72.2586 50.0000 34.9865 38.3455 50.2681
19012.0000 0.0555 72.2747 50.0000 34.8488 38.2115 50.4884
19013.0000 0.0552 72.2334 50.0000 35.2249 37.7806 50.4926
19014.0000 0.0594 72.4244 50.0000 35.0217 37.7638 50.9182
19015.0000 0.0601 72.2837 50.0000 34.9090 37.6614 50.8715
19016.0000 0.0580 72.0047 50.0000 34.9627 37.5294 50.5355
19017.0000 0.0598 72.1003 50.0000 34.9170 37.4924 50.7305
19018.0000 0.0553 71.8635 50.0000 35.0803 37.5443 50.2410
19019.0000 0.0541 71.8754 50.0000 35.2924 37.4486 50.1809
19020.0000 0.0554 71.8451 50.0000 35.3348 37.2367 50.2653
19021.0000 0.0569 71.7665 50.0000 34.8368 37.5296 50.2828
19022.0000 0.0604 71.6789 50.0000 34.9197 36.9937 50.4971
19023.0000 0.0565 71.4877 50.0000 34.8842 37.2302 50.0748
19024.0000 0.0557 71.4036 50.0000 35.1043 36.9889 49.9798
19025.0000 0.0550 71.4697 50.0000 35.2420 36.9830 49.9818
19026.0000 0.0572 71.5264 50.0000 35.1629 36.9046 50.1761
19027.0000 0.0574 71.7246 50.0000 34.8031 37.4763 50.2860
19028.0000 0.0549 71.6826 50.0000 35.2010 37.2647 50.1061
19029.0000 0.0543 71.5431 50.0000 35.1383 37.2436 49.9663
19030.0000 0.0527 71.4419 50.0000 35.2784 37.1636 49.7820
19031.0000 0.0577 71.5278 50.0000 35.0894 36.9351 50.2072
19032.0000 0.0555 71.4460 50.0000 35.3442 36.7997 50.0110
19033.0000 0.0538 71.4386 50.0000 35.2398 37.0801 49.8669
19034.0000 0.0537 71.4562 50.0000 35.2588 37.0883 49.8725
19035.0000 0.0507 71.4425 50.0000 35.3477 37.3024 49.6296
19036.0000 0.0552 71.5421 50.0000 35.5044 36.7670 50.0589
19037.0000 0.0546 71.5715 50.0000 35.7450 36.6029 50.0501
19038.0000 0.0560 71.6413 50.0000 35.4122 36.8862 50.1783
19039.0000 0.0590 71.6382 50.0000 35.1146 36.8809 50.3865
19040.0000 0.0557 71.5861 50.0000 35.3173 36.9536 50.1167
19041.0000 0.0573 71.7208 50.0000 35.0222 37.2475 50.2985
19042.0000 0.0540 71.6152 50.0000 35.2896 37.1943 49.9996
19043.0000 0.0532 71.5924 50.0000 34.9903 37.5731 49.8941
19044.0000 0.0510 71.5669 50.0000 35.2335 37.5234 49.7235
19045.0000 0.0494 71.4162 50.0000 35.0688 37.7243 49.4705
19046.0000 0.0509 71.5419 50.0000 34.9545 37.8111 49.6663
19047.0000 0.0527 71.4469 50.0000 34.6263 37.8770 49.7092
19048.0000 0.0508 71.1966 50.0000 34.5964 37.8561 49.3858
19049.0000 0.0485 71.2884 50.0000 34.6776 38.1313 49.2494
19050.0000 0.0554 71.4002 50.0000 34.0825 38.1463 49.8119
19051.0000 0.0557 71.4765 50.0000 34.3296 37.9183 49.9257
19052.0000 0.0574 71.4142 50.0000 34.3218 37.6709 50.0291
19053.0000 0.0574 71.4877 50.0000 34.2510 37.8351 50.0587
19054.0000 0.0609 71.3926 50.0000 33.7992 37.8666 50.2060
19055.0000 0.0606 71.1919 50.0000 33.7508 37.7407 50.0481
19056.0000 0.0616 71.1784 50.0000 33.5464 37.8553 50.0796
19057.0000 0.0591 70.9031 50.0000 33.5767 37.7909 49.7162
19058.0000 0.0558 70.7866 50.0000 33.7249 37.8478 49.4057
19059.0000 0.0558 71.1527 50.0000 33.4974 38.5129 49.5720
19060.0000 0.0623 71.2929 50.0000 33.4184 38.0462 50.1834
19061.0000 0.0554 71.0016 50.0000 33.6561 38.2119 49.4808
19062.0000 0.0602 71.3666 50.0000 33.5948 38.1448 50.0954
19063.0000 0.0544 71.2125 50.0000 33.6648 38.5425 49.5215
19064.0000 0.0542 71.4394 50.0000 33.6269 38.8675 49.6198
19065.0000 0.0494 71.3739 50.0000 34.0178 38.8956 49.2357
19066.0000 0.0499 71.3475 50.0000 34.1155 38.6853 49.2956
19067.0000 0.0537 71.6814 50.0000 33.9529 38.7961 49.8026
19068.0000 0.0514 71.6506 50.0000 34.0717 38.8934 49.6008
19069.0000 0.0489 71.5357 50.0000 34.3171 38.7755 49.3574
19070.0000 0.0491 71.6290 50.0000 34.3053 38.8702 49.4264
19071.0000 0.0516 71.5946 50.0000 34.0960 38.7797 49.5922
19072.0000 0.0565 71.6862 50.0000 33.6349 38.8566 49.9777
19073.0000 0.0526 71.5192 50.0000 33.9266 38.7814 49.5983
19074.0000 0.0556 71.7716 50.0000 34.0488 38.5646 50.0461
19075.0000 0.0572 71.9700 50.0000 34.1957 38.4312 50.3327
19076.0000 0.0534 71.9827 50.0000 34.3897 38.6520 50.0488
19077.0000 0.0544 71.9010 50.0000 34.2019 38.6690 50.0468
19078.0000 0.0526 71.9517 50.0000 34.4305 38.6596 49.9703
19079.0000 0.0531 72.1538 50.0000 34.6197 38.6042 50.1733
19080.0000 0.0569 72.3219 50.0000 34.3700 38.6504 50.5500
19081.0000 0.0567 72.0988 50.0000 34.0835 38.7578 50.3427
19082.0000 0.0532 72.2784 50.0000 34.2954 39.1105 50.1832
19083.0000 0.0552 72.5337 50.0000 34.6154 38.7819 50.5854
19084.0000 0.0536 72.2005 50.0000 34.4676 38.7747 50.2137
19085.0000 0.0541 72.6358 50.0000 34.5436 39.1061 50.5313
19086.0000 0.0539 72.5559 50.0000 34.6226 38.9538 50.4801
19087.0000 0.0493 72.8006 50.0000 34.9668 39.3572 50.2818
19088.0000 0.0547 72.8408 50.0000 34.6695 39.1193 50.7295
19089.0000 0.0568 72.8985 50.0000 34.6864 38.9155 50.9572
19090.0000 0.0596 72.7485 50.0000 34.3716 38.8068 51.0389
19091.0000 0.0570 72.7530 50.0000 34.6759 38.7478 50.8841
19092.0000 0.0562 72.6932 50.0000 34.5668 38.9013 50.7555
19093.0000 0.0542 72.8512 50.0000 35.0231 38.7776 50.7640
19094.0000 0.0525 72.6859 50.0000 34.8373 39.0004 50.4834
19095.0000 0.0518 72.3197 50.0000 34.6633 38.8846 50.1656
19096.0000 0.0503 72.1592 50.0000 34.7904 38.7344 49.9622
19097.0000 0.0519 72.2355 50.0000 34.6593 38.7897 50.1204
19098.0000 0.0479 72.2582 50.0000 34.8659 39.0468 49.8093
19099.0000 0.0481 72.5959 50.0000 35.0496 39.1748 50.0701
19100.0000 0.0519 72.4819 50.0000 34.7230 38.9807 50.2835
19101.0000 0.0478 72.3058 50.0000 35.0139 38.9348 49.8622
19102.0000 0.0485 72.6159 50.0000 35.3495 38.8104 50.1721
19103.0000 0.0497 72.4762 50.0000 35.4040 38.4569 50.2039
19104.0000 0.0531 72.4311 50.0000 35.0315 38.4323 50.4184
19105.0000 0.0516 72.1035 50.0000 34.9887 38.2966 50.0807
19106.0000 0.0516 72.2495 50.0000 34.8502 38.6164 50.1421
19107.0000 0.0501 72.2226 50.0000 34.5338 39.1309 49.9229
19108.0000 0.0546 72.2531 50.0000 34.4489 38.7440 50.3258
19109.0000 0.0561 72.2953 50.0000 34.1636 38.9467 50.4243
19110.0000 0.0556 72.2100 50.0000 34.0948 38.9898 50.3153
19111.0000 0.0549 72.1110 50.0000 34.0390 39.0339 50.1767
19112.0000 0.0535 72.2267 50.0000 34.0895 39.2596 50.1326
19113.0000 0.0541 72.3858 50.0000 34.1373 39.3151 50.2859
19114.0000 0.0579 72.5460 50.0000 33.8520 39.3875 50.6517
19115.0000 0.0572 72.5090 50.0000 34.1474 39.0721 50.6446
19116.0000 0.0583 72.8903 50.0000 34.3649 39.1162 51.0094
19117.0000 0.0578 72.8361 50.0000 34.3861 39.0878 50.9396
19118.0000 0.0568 72.6113 50.0000 34.4023 38.9403 50.7201
19119.0000 0.0596 72.9133 50.0000 34.3634 38.9964 51.1349
19120.0000 0.0593 72.8856 50.0000 34.3569 39.0108 51.0890
19121.0000 0.0553 72.8884 50.0000 34.5531 39.2305 50.7915
19122.0000 0.0532 72.9754 50.0000 34.7334 39.3565 50.6958
19123.0000 0.0525 72.9007 50.0000 34.5883 39.5311 50.5515
19124.0000 0.0525 72.6773 50.0000 34.4267 39.4826 50.3779
19125.0000 0.0575 73.2376 50.0000 34.1349 39.8616 51.0844
19126.0000 0.0565 73.0366 50.0000 33.8347 40.1186 50.7943
19127.0000 0.0575 73.0558 50.0000 33.9154 39.9261 50.9197
19128.0000 0.0598 73.2686 50.0000 33.9412 39.8640 51.2557
19129.0000 0.0565 72.6574 50.0000 33.8305 39.7042 50.5784
19130.0000 0.0556 72.7703 50.0000 33.9432 39.8017 50.5886
19131.0000 0.0537 72.7369 50.0000 34.2477 39.6187 50.4787
19132.0000 0.0560 72.6837 50.0000 34.3205 39.2050 50.6754
19133.0000 0.0507 73.0771 50.0000 34.7327 39.7703 50.5195
19134.0000 0.0561 72.9094 50.0000 34.6647 39.0350 50.8961
19135.0000 0.0559 72.5261 50.0000 34.4159 38.9315 50.5957
19136.0000 0.0544 72.7188 50.0000 34.5495 39.1576 50.6067
19137.0000 0.0544 72.8528 50.0000 34.6609 39.1708 50.7129
19138.0000 0.0562 72.8973 50.0000 34.2375 39.5132 50.7988
19139.0000 0.0605 73.0954 50.0000 34.2262 39.2477 51.2944
19140.0000 0.0559 72.9608 50.0000 34.2836 39.5580 50.8240
19141.0000 0.0575 72.7884 50.0000 34.5196 38.9154 50.9132
19142.0000 0.0527 72.7176 50.0000 34.6994 39.1712 50.4918
19143.0000 0.0566 72.5735 50.0000 34.5719 38.7177 50.7211
19144.0000 0.0599 72.5294 50.0000 34.5584 38.3280 50.9627
19145.0000 0.0575 72.5644 50.0000 34.8124 38.3360 50.8335
19146.0000 0.0547 72.4241 50.0000 34.6363 38.7016 50.4753
19147.0000 0.0531 72.5060 50.0000 34.7722 38.8140 50.4132
19148.0000 0.0571 72.4877 50.0000 34.8710 38.2399 50.7561
19149.0000 0.0562 72.4078 50.0000 34.8485 38.2737 50.6321
19150.0000 0.0525 72.3390 50.0000 34.9666 38.4839 50.2917
19151.0000 0.0585 72.2810 50.0000 34.4329 38.3547 50.6738
19152.0000 0.0535 72.2493 50.0000 34.8168 38.4364 50.3031
19153.0000 0.0516 72.0270 50.0000 35.0012 38.2002 50.0354
19154.0000 0.0487 72.2943 50.0000 35.1440 38.6692 49.9606
19155.0000 0.0518 72.3985 50.0000 35.0402 38.5354 50.2868
19156.0000 0.0490 72.3547 50.0000 34.8981 38.9842 49.9756
19157.0000 0.0482 72.4159 50.0000 34.8616 39.1876 49.9305
19158.0000 0.0497 72.4567 50.0000 35.1215 38.7472 50.1509
19159.0000 0.0496 72.1531 50.0000 34.8919 38.7015 49.9082
19160.0000 0.0464 72.0648 50.0000 34.7240 39.1826 49.5208
19161.0000 0.0467 72.2185 50.0000 34.8881 39.1201 49.6784
19162.0000 0.0474 72.2930 50.0000 34.9632 39.0351 49.8008
19163.0000 0.0515 72.5006 50.0000 34.5378 39.2714 50.2119
19164.0000 0.0474 72.3457 50.0000 34.9361 39.1228 49.8274
19165.0000 0.0445 72.4294 50.0000 35.0993 39.3880 49.6250
19166.0000 0.0461 72.6059 50.0000 35.1794 39.2840 49.9079
19167.0000 0.0459 72.4408 50.0000 35.2967 38.9875 49.8175
19168.0000 0.0470 72.2961 50.0000 35.1577 38.8531 49.8107
19169.0000 0.0470 72.3791 50.0000 35.1537 38.9490 49.8590
19170.0000 0.0459 72.2709 50.0000 35.5604 38.4930 49.7678
19171.0000 0.0483 72.2991 50.0000 35.2058 38.6483 49.9401
19172.0000 0.0466 72.1921 50.0000 35.1158 38.8359 49.7027
19173.0000 0.0432 72.3323 50.0000 35.0012 39.5640 49.4122
19174.0000 0.0456 72.5991 50.0000 34.8523 39.7383 49.7676
19175.0000 0.0443 72.3327 50.0000 34.7027 39.7814 49.4487
19176.0000 0.0468 72.1496 50.0000 35.0042 38.8938 49.6744
19177.0000 0.0454 72.0082 50.0000 34.8261 39.1258 49.4115
19178.0000 0.0436 72.0493 50.0000 34.9575 39.2363 49.2908
19179.0000 0.0461 72.3070 50.0000 34.5567 39.7017 49.5773
19180.0000 0.0429 72.2086 50.0000 34.8482 39.6455 49.2738
19181.0000 0.0424 72.2332 50.0000 35.0864 39.4487 49.2989
19182.0000 0.0439 72.3137 50.0000 34.9132 39.5541 49.4551
19183.0000 0.0457 72.3960 50.0000 34.6981 39.6826 49.6237
19184.0000 0.0494 72.7720 50.0000 34.4742 39.9165 50.1395
19185.0000 0.0499 72.9080 50.0000 34.4962 39.9722 50.2773
19186.0000 0.0474 72.9797 50.0000 34.5454 40.3208 50.0688
19187.0000 0.0531 73.0290 50.0000 34.3785 39.8561 50.6246
19188.0000 0.0541 72.9116 50.0000 34.3084 39.6953 50.6293
19189.0000 0.0566 72.9199 50.0000 34.2783 39.4432 50.8581
19190.0000 0.0555 73.2422 50.0000 34.0099 40.2546 50.8657
19191.0000 0.0548 73.2434 50.0000 34.4142 39.8465 50.9167
19192.0000 0.0610 73.3611 50.0000 33.8731 39.9012 51.4039
19193.0000 0.0616 73.4361 50.0000 33.7891 40.0258 51.4694
19194.0000 0.0632 73.3326 50.0000 33.6493 39.8950 51.5148
19195.0000 0.0650 73.5637 50.0000 33.5737 40.0329 51.7860
19196.0000 0.0693 73.8303 50.0000 33.4809 39.9550 52.2833
19197.0000 0.0645 73.5563 50.0000 33.7837 39.8285 51.7966
19198.0000 0.0629 73.5980 50.0000 33.9400 39.8728 51.7195
19199.0000 0.0591 73.5032 50.0000 34.1599 39.9394 51.3874
19200.0000 0.0640 73.8300 50.0000 34.1200 39.7805 52.0020
19201.0000 0.0618 73.5580 50.0000 33.9779 39.9028 51.6144
19202.0000 0.0629 73.5473 50.0000 34.0440 39.6890 51.7203
19203.0000 0.0617 73.6086 50.0000 33.9827 39.9615 51.6380
19204.0000 0.0645 73.5969 50.0000 34.1212 39.4783 51.9008
19205.0000 0.0637 73.4732 50.0000 33.8945 39.6998 51.7049
19206.0000 0.0636 73.3477 50.0000 33.7214 39.7778 51.5799
19207.0000 0.0699 73.4785 50.0000 33.5700 39.4072 52.1461
19208.0000 0.0685 73.4275 50.0000 33.6879 39.3688 52.0270
19209.0000 0.0658 73.5519 50.0000 33.9489 39.4920 51.9397
19210.0000 0.0689 73.7984 50.0000 33.8973 39.4732 52.3359
19211.0000 0.0646 73.5546 50.0000 34.1632 39.3672 51.8978
19212.0000 0.0620 73.7072 50.0000 34.7315 39.1631 51.8915
19213.0000 0.0579 73.3866 50.0000 34.5738 39.4525 51.3200
19214.0000 0.0594 73.1697 50.0000 34.3749 39.2780 51.2778
19215.0000 0.0616 73.1571 50.0000 34.0926 39.3507 51.3923
19216.0000 0.0606 73.3288 50.0000 34.2756 39.4369 51.4493
19217.0000 0.0683 73.6097 50.0000 33.9479 39.2778 52.1841
19218.0000 0.0614 73.2136 50.0000 33.9457 39.6113 51.3699
19219.0000 0.0642 73.3696 50.0000 33.9502 39.4590 51.7056
19220.0000 0.0630 73.4923 50.0000 33.8470 39.8535 51.6450
19221.0000 0.0585 73.4081 50.0000 33.9764 40.1256 51.2278
19222.0000 0.0574 73.2643 50.0000 34.0617 39.9937 51.0682
19223.0000 0.0585 73.5280 50.0000 34.2539 39.9248 51.3716
19224.0000 0.0613 73.5136 50.0000 33.9889 39.8997 51.5462
19225.0000 0.0667 73.7220 50.0000 33.8981 39.6332 52.1063
19226.0000 0.0639 73.4886 50.0000 33.9330 39.6441 51.7443
19227.0000 0.0658 73.6635 50.0000 34.0108 39.5342 52.0253
19228.0000 0.0640 73.6269 50.0000 34.2411 39.4189 51.9096
19229.0000 0.0620 73.3465 50.0000 34.3263 39.2392 51.5917
19230.0000 0.0606 73.0647 50.0000 34.4186 38.9815 51.3250
19231.0000 0.0627 72.9195 50.0000 34.2390 38.8107 51.3681
19232.0000 0.0626 72.8896 50.0000 34.2251 38.7978 51.3445
19233.0000 0.0570 72.3485 50.0000 34.2856 38.7589 50.5623
19234.0000 0.0576 72.4098 50.0000 34.3307 38.7152 50.6530
19235.0000 0.0579 72.4698 50.0000 34.1455 38.9527 50.6818
19236.0000 0.0589 72.4735 50.0000 33.8856 39.1585 50.7030
19237.0000 0.0570 72.5384 50.0000 33.9901 39.3225 50.5988
19238.0000 0.0613 72.5794 50.0000 33.7256 39.1870 50.9386
19239.0000 0.0617 72.5480 50.0000 33.9670 38.8282 51.0081
19240.0000 0.0631 72.9143 50.0000 33.8067 39.2574 51.3074
19241.0000 0.0624 72.9031 50.0000 34.1666 38.9109 51.3172
19242.0000 0.0616 72.6310 50.0000 34.1082 38.7701 51.0762
19243.0000 0.0627 72.6669 50.0000 33.9066 38.9196 51.1477
19244.0000 0.0621 72.6189 50.0000 33.5860 39.3071 50.9945
19245.0000 0.0654 72.5530 50.0000 33.6525 38.8038 51.2417
19246.0000 0.0615 72.4343 50.0000 33.6741 39.0692 50.8566
19247.0000 0.0596 72.3348 50.0000 34.2067 38.5566 50.7505
19248.0000 0.0610 72.6269 50.0000 34.2295 38.6894 51.0503
19249.0000 0.0634 72.8297 50.0000 34.0804 38.8177 51.3409
19250.0000 0.0594 72.5839 50.0000 34.1461 38.9115 50.8759
19251.0000 0.0618 72.8497 50.0000 33.8624 39.2656 51.1726
19252.0000 0.0639 73.1756 50.0000 33.7974 39.4665 51.5247
19253.0000 0.0634 72.9104 50.0000 34.0053 38.9911 51.3737
19254.0000 0.0666 72.8920 50.0000 33.8556 38.8020 51.5891
19255.0000 0.0655 72.7345 50.0000 33.7238 38.8985 51.3801
19256.0000 0.0605 72.5903 50.0000 33.9230 39.0631 50.9182
19257.0000 0.0666 72.5545 50.0000 33.6557 38.6710 51.3420
19258.0000 0.0656 72.6208 50.0000 33.8901 38.5758 51.3531
19259.0000 0.0652 72.6103 50.0000 33.7534 38.7677 51.2838
19260.0000 0.0631 72.6635 50.0000 33.8257 38.9684 51.1593
19261.0000 0.0631 73.0446 50.0000 34.1723 38.9783 51.4632
19262.0000 0.0611 72.9188 50.0000 34.2590 38.9549 51.2444
19263.0000 0.0587 72.7001 50.0000 34.2670 38.9747 50.9122
19264.0000 0.0609 72.8580 50.0000 34.1510 39.0385 51.1664
19265.0000 0.0615 72.7837 50.0000 34.2273 38.8087 51.1843
19266.0000 0.0599 72.5731 50.0000 34.2894 38.6843 50.9373
19267.0000 0.0532 72.8216 50.0000 34.5866 39.3671 50.5667
19268.0000 0.0527 72.9863 50.0000 34.4275 39.8054 50.5695
19269.0000 0.0497 72.6684 50.0000 34.6842 39.4983 50.1755
19270.0000 0.0507 72.7062 50.0000 34.5005 39.6462 50.2402
19271.0000 0.0495 72.6476 50.0000 34.7086 39.4662 50.1538
19272.0000 0.0452 72.6810 50.0000 34.7635 39.9848 49.7518
19273.0000 0.0479 72.4828 50.0000 34.6975 39.4962 49.8988
19274.0000 0.0470 72.5524 50.0000 34.9187 39.4260 49.9012
19275.0000 0.0512 72.7926 50.0000 34.6088 39.5494 50.3670
19276.0000 0.0447 72.6607 50.0000 34.7685 40.0266 49.6851
19277.0000 0.0494 72.8810 50.0000 34.8172 39.6174 50.2978
19278.0000 0.0501 72.9269 50.0000 34.7192 39.6923 50.3729
19279.0000 0.0471 72.6989 50.0000 34.5827 39.9917 49.8982
19280.0000 0.0481 72.8331 50.0000 34.9036 39.6218 50.1649
19281.0000 0.0472 72.7623 50.0000 35.0838 39.4347 50.0838
19282.0000 0.0415 72.5693 50.0000 35.3256 39.6583 49.4532
19283.0000 0.0440 72.6949 50.0000 35.3087 39.4993 49.7761
19284.0000 0.0423 72.3735 50.0000 35.3361 39.3159 49.4321
19285.0000 0.0386 72.2733 50.0000 35.0660 40.0448 48.8899
19286.0000 0.0402 72.4565 50.0000 35.2614 39.7835 49.2325
19287.0000 0.0401 72.3902 50.0000 35.1706 39.8341 49.1591
19288.0000 0.0417 72.4471 50.0000 35.0253 39.8683 49.3187
19289.0000 0.0406 72.8914 50.0000 34.9455 40.6437 49.3969
19290.0000 0.0418 73.0447 50.0000 34.8538 40.7745 49.5800
19291.0000 0.0488 73.2235 50.0000 34.4985 40.4748 50.3321
19292.0000 0.0429 73.2936 50.0000 34.6094 41.2431 49.7309
19293.0000 0.0436 73.7188 50.0000 34.7935 41.4052 50.0947
19294.0000 0.0489 73.6486 50.0000 34.4184 41.0580 50.5345
19295.0000 0.0453 73.4173 50.0000 34.6361 41.0077 50.0880
19296.0000 0.0502 73.5512 50.0000 34.2224 41.0301 50.5483
19297.0000 0.0483 73.6874 50.0000 34.2894 41.3655 50.4279
19298.0000 0.0486 73.8327 50.0000 34.5848 41.0958 50.6586
19299.0000 0.0445 73.4035 50.0000 34.7266 40.9785 50.0289
19300.0000 0.0437 73.4457 50.0000 34.9718 40.8246 50.0460
19301.0000 0.0383 73.4194 50.0000 35.1475 41.3675 49.4348
19302.0000 0.0347 73.0529 50.0000 35.0981 41.5692 48.7530
19303.0000 0.0354 72.9968 50.0000 35.0058 41.5186 48.7784
19304.0000 0.0349 72.6993 50.0000 34.7798 41.5632 48.4568
19305.0000 0.0332 72.4746 50.0000 35.1293 41.0589 48.2978
19306.0000 0.0364 72.1835 50.0000 34.8103 40.6136 48.4689
19307.0000 0.0373 72.4253 50.0000 34.8799 40.6620 48.7383
19308.0000 0.0396 72.7987 50.0000 34.8291 40.8388 49.1810
19309.0000 0.0407 72.9726 50.0000 35.0139 40.6410 49.4706
19310.0000 0.0399 72.7160 50.0000 35.2267 40.1655 49.3297
19311.0000 0.0379 72.6850 50.0000 35.4826 40.0876 49.1637
19312.0000 0.0375 72.4596 50.0000 35.5202 39.8482 48.9983
19313.0000 0.0381 72.5253 50.0000 35.4321 39.9424 49.0825
19314.0000 0.0373 72.4585 50.0000 35.1840 40.3058 48.8647
19315.0000 0.0383 72.4036 50.0000 35.0934 40.2116 48.9261
19316.0000 0.0355 72.4063 50.0000 35.0703 40.6722 48.5645
19317.0000 0.0377 72.5224 50.0000 35.1825 40.3226 48.9467
19318.0000 0.0337 72.3847 50.0000 35.2553 40.6784 48.3930
19319.0000 0.0348 72.3249 50.0000 35.0168 40.7574 48.4102
19320.0000 0.0363 72.3826 50.0000 34.8347 40.8384 48.5594
19321.0000 0.0363 72.5116 50.0000 34.9597 40.8288 48.6699
19322.0000 0.0349 72.7035 50.0000 35.1381 41.0323 48.6567
19323.0000 0.0342 72.7578 50.0000 35.1572 41.1931 48.5880
19324.0000 0.0325 72.4903 50.0000 35.3918 40.8216 48.3308
19325.0000 0.0357 72.3721 50.0000 35.0487 40.6167 48.5756
19326.0000 0.0349 72.6582 50.0000 35.2223 40.8582 48.6746
19327.0000 0.0358 72.9195 50.0000 35.2753 40.9638 48.9375
19328.0000 0.0368 73.0428 50.0000 35.0800 41.2373 49.0320
19329.0000 0.0376 73.2858 50.0000 35.0970 41.3797 49.2618
19330.0000 0.0373 73.1374 50.0000 35.1000 41.2354 49.1600
19331.0000 0.0364 72.9895 50.0000 34.9649 41.3959 48.9009
19332.0000 0.0365 73.0769 50.0000 34.7874 41.7474 48.8592
19333.0000 0.0351 73.0213 50.0000 35.1055 41.4568 48.7960
19334.0000 0.0355 72.9187 50.0000 34.9137 41.5321 48.7160
19335.0000 0.0357 73.0484 50.0000 35.0499 41.4641 48.8702
19336.0000 0.0350 73.0955 50.0000 35.0867 41.5956 48.8025
19337.0000 0.0353 73.2405 50.0000 34.9967 41.8550 48.8628
19338.0000 0.0350 73.1018 50.0000 35.3038 41.2870 48.9172
19339.0000 0.0392 73.4436 50.0000 35.0650 41.3699 49.5272
19340.0000 0.0389 73.7207 50.0000 35.0179 41.8258 49.5892
19341.0000 0.0389 73.7046 50.0000 35.0642 41.7407 49.6043
19342.0000 0.0412 73.8383 50.0000 35.0811 41.5166 49.9777
19343.0000 0.0382 73.6071 50.0000 35.2081 41.5307 49.5338
19344.0000 0.0408 73.6888 50.0000 35.1251 41.3257 49.8844
19345.0000 0.0417 73.9427 50.0000 35.0906 41.5532 50.0949
19346.0000 0.0387 73.6556 50.0000 35.2364 41.4574 49.6470
19347.0000 0.0405 73.8371 50.0000 35.0606 41.6461 49.8826
19348.0000 0.0399 74.0080 50.0000 35.1245 41.8686 49.9046
19349.0000 0.0373 73.5560 50.0000 35.0598 41.8267 49.3136
19350.0000 0.0424 73.8297 50.0000 35.2301 41.1231 50.1852
19351.0000 0.0412 73.8839 50.0000 35.2567 41.3353 50.0719
19352.0000 0.0406 73.6330 50.0000 35.0475 41.4011 49.7940
19353.0000 0.0415 73.9261 50.0000 35.2528 41.3403 50.1328
19354.0000 0.0407 73.8965 50.0000 34.9765 41.8117 49.8910
19355.0000 0.0415 73.8998 50.0000 35.2640 41.2990 50.1200
19356.0000 0.0434 74.1164 50.0000 35.1507 41.4199 50.4188
19357.0000 0.0434 74.0636 50.0000 34.9885 41.5738 50.3273
19358.0000 0.0408 74.3623 50.0000 35.2399 41.9989 50.2393
19359.0000 0.0382 74.2258 50.0000 35.3547 42.0900 49.8792
19360.0000 0.0442 74.2607 50.0000 35.1893 41.4222 50.6021
19361.0000 0.0419 73.9962 50.0000 35.1873 41.4548 50.1875
19362.0000 0.0426 73.7192 50.0000 35.2415 40.9474 50.1585
19363.0000 0.0407 73.5906 50.0000 35.0673 41.3089 49.7939
19364.0000 0.0394 73.4245 50.0000 34.9983 41.3986 49.5220
19365.0000 0.0429 73.6154 50.0000 34.8302 41.3318 49.9776
19366.0000 0.0433 73.4531 50.0000 34.7686 41.1534 49.9289
19367.0000 0.0440 73.4318 50.0000 34.5968 41.2650 49.9249
19368.0000 0.0426 73.4302 50.0000 34.7121 41.3189 49.7977
19369.0000 0.0449 73.4730 50.0000 34.4149 41.4346 49.9706
19370.0000 0.0411 73.1219 50.0000 34.4279 41.5633 49.3358
19371.0000 0.0443 73.2467 50.0000 34.3023 41.4022 49.7422
19372.0000 0.0438 73.2442 50.0000 34.4789 41.2356 49.7547
19373.0000 0.0477 73.7221 50.0000 34.2279 41.5729 50.3497
19374.0000 0.0452 73.3976 50.0000 34.1278 41.7022 49.8340
19375.0000 0.0452 73.3470 50.0000 34.2428 41.4770 49.8686
19376.0000 0.0459 73.1387 50.0000 34.2430 41.1092 49.8670
19377.0000 0.0489 73.2703 50.0000 33.7298 41.5525 50.0423
19378.0000 0.0483 73.3414 50.0000 33.9411 41.4238 50.1102
19379.0000 0.0492 73.5854 50.0000 34.0906 41.3914 50.3924
19380.0000 0.0473 73.5790 50.0000 33.9238 41.8920 50.0810
19381.0000 0.0481 73.6480 50.0000 33.9900 41.7671 50.2416
19382.0000 0.0468 73.8189 50.0000 34.0494 42.0917 50.1812
19383.0000 0.0498 73.9376 50.0000 33.8677 42.0349 50.5254
19384.0000 0.0491 74.1041 50.0000 33.8477 42.3864 50.4890
19385.0000 0.0472 74.0933 50.0000 34.0604 42.3611 50.3512
19386.0000 0.0471 73.8418 50.0000 34.1503 41.9166 50.2928
19387.0000 0.0462 73.8929 50.0000 34.0927 42.2144 50.1578
19388.0000 0.0473 73.8036 50.0000 34.0814 41.9387 50.2651
19389.0000 0.0516 74.1837 50.0000 33.8319 42.1283 50.8314
19390.0000 0.0472 73.9356 50.0000 34.1331 42.0425 50.3372
19391.0000 0.0479 74.2003 50.0000 34.2897 42.0467 50.6159
19392.0000 0.0464 73.9480 50.0000 34.2366 42.0368 50.2899
19393.0000 0.0481 74.0552 50.0000 34.1654 42.0196 50.5099
19394.0000 0.0484 74.2903 50.0000 34.2603 42.1229 50.7044
19395.0000 0.0509 74.0392 50.0000 34.1938 41.5525 50.8525
19396.0000 0.0539 73.6002 50.0000 34.2014 40.6270 50.9578
19397.0000 0.0545 73.4839 50.0000 34.0216 40.6458 50.8954
19398.0000 0.0538 73.8205 50.0000 34.1527 40.9522 51.0488
19399.0000 0.0562 73.8982 50.0000 33.9368 41.0124 51.2564
19400.0000 0.0559 73.9621 50.0000 33.9507 41.0998 51.2695
19401.0000 0.0499 73.9229 50.0000 34.5473 41.0824 50.8264
19402.0000 0.0543 73.9375 50.0000 34.4752 40.6132 51.2717
19403.0000 0.0486 73.7196 50.0000 34.7727 40.7206 50.6682
19404.0000 0.0482 73.7801 50.0000 34.7366 40.8945 50.6410
19405.0000 0.0479 73.9971 50.0000 34.8293 41.0639 50.7568
19406.0000 0.0512 74.1295 50.0000 35.0529 40.5067 51.2414
19407.0000 0.0504 73.9969 50.0000 35.0330 40.4814 51.0831
19408.0000 0.0485 74.0657 50.0000 35.1887 40.6151 50.9695
19409.0000 0.0557 74.2418 50.0000 34.7976 40.3905 51.6680
19410.0000 0.0552 74.2043 50.0000 34.9719 40.1912 51.6519
19411.0000 0.0578 74.0817 50.0000 34.7700 39.9955 51.7639
19412.0000 0.0571 73.6341 50.0000 34.7572 39.6038 51.4341
19413.0000 0.0557 73.5051 50.0000 34.9216 39.4241 51.2759
19414.0000 0.0531 73.5620 50.0000 34.9370 39.7822 51.0701
19415.0000 0.0510 73.3436 50.0000 35.1329 39.5576 50.7953
19416.0000 0.0491 73.0767 50.0000 35.2257 39.3886 50.4767
19417.0000 0.0547 72.9041 50.0000 34.9425 38.8682 50.8261
19418.0000 0.0509 72.7101 50.0000 34.7719 39.2939 50.3355
19419.0000 0.0478 72.7247 50.0000 34.5635 39.9477 49.9842
19420.0000 0.0497 72.8450 50.0000 34.4807 39.9481 50.2158
19421.0000 0.0511 72.9850 50.0000 34.4238 40.0033 50.4138
19422.0000 0.0549 72.9607 50.0000 34.1518 39.8462 50.6873
19423.0000 0.0534 73.2184 50.0000 34.3852 40.0256 50.7597
19424.0000 0.0487 72.8680 50.0000 34.4810 40.1002 50.1276
19425.0000 0.0549 73.3344 50.0000 34.5558 39.7647 51.0157
19426.0000 0.0539 73.2022 50.0000 34.6639 39.6106 50.8722
19427.0000 0.0488 72.8552 50.0000 34.8171 39.6541 50.2315
19428.0000 0.0486 72.9114 50.0000 34.8702 39.6860 50.2509
19429.0000 0.0445 72.9350 50.0000 35.1303 39.9174 49.9198
19430.0000 0.0457 72.7374 50.0000 35.0217 39.6646 49.9092
19431.0000 0.0433 72.5942 50.0000 35.2583 39.5311 49.6393
19432.0000 0.0433 72.7753 50.0000 35.2763 39.7103 49.7485
19433.0000 0.0462 72.9440 50.0000 35.1508 39.6880 50.1011
19434.0000 0.0499 73.2559 50.0000 34.8182 39.9711 50.5612
19435.0000 0.0508 73.2203 50.0000 34.8443 39.7869 50.6369
19436.0000 0.0445 72.7992 50.0000 34.8839 40.0651 49.7757
19437.0000 0.0469 73.1784 50.0000 34.6040 40.5482 50.1346
19438.0000 0.0453 73.2868 50.0000 34.9462 40.4402 50.1429
19439.0000 0.0436 72.9772 50.0000 35.1220 40.1007 49.8402
19440.0000 0.0449 73.0037 50.0000 35.2572 39.7872 50.0345
19441.0000 0.0469 72.9603 50.0000 35.1738 39.5814 50.1929
19442.0000 0.0481 73.0088 50.0000 35.0303 39.6629 50.2992
19443.0000 0.0462 73.1291 50.0000 35.1353 39.9116 50.2040
19444.0000 0.0463 73.2660 50.0000 35.0872 40.1097 50.2793
19445.0000 0.0507 73.2927 50.0000 35.1349 39.5358 50.7374
19446.0000 0.0514 73.1795 50.0000 34.8777 39.6324 50.6760
19447.0000 0.0541 73.1350 50.0000 34.6474 39.5339 50.8465
19448.0000 0.0560 73.4562 50.0000 34.7167 39.5808 51.2243
19449.0000 0.0590 73.5317 50.0000 34.7837 39.2459 51.5438
19450.0000 0.0572 73.4766 50.0000 34.6023 39.6003 51.3158
19451.0000 0.0570 73.5586 50.0000 34.6662 39.6423 51.3577
19452.0000 0.0586 73.3390 50.0000 34.6207 39.2724 51.3585
19453.0000 0.0611 73.2093 50.0000 34.4148 39.0939 51.4479
19454.0000 0.0577 73.3102 50.0000 34.5359 39.4403 51.2457
19455.0000 0.0574 73.0445 50.0000 34.3856 39.3636 51.0258
19456.0000 0.0540 72.6463 50.0000 34.5818 39.0789 50.5413
19457.0000 0.0502 72.6352 50.0000 34.7182 39.3606 50.2122
19458.0000 0.0519 72.7022 50.0000 34.3931 39.6159 50.3319
19459.0000 0.0530 72.5350 50.0000 34.2005 39.5314 50.2884
19460.0000 0.0570 72.6707 50.0000 34.0698 39.3652 50.7018
19461.0000 0.0599 72.9346 50.0000 34.2799 39.0796 51.1579
19462.0000 0.0665 72.9961 50.0000 33.9318 38.8360 51.6606
19463.0000 0.0612 73.0159 50.0000 34.2152 39.1059 51.2968
19464.0000 0.0597 71.6083 49.0000 33.9088 38.1003 50.2624
19465.0000 0.0562 71.5818 49.0000 34.2261 38.0956 50.0126
19466.0000 0.0602 72.8671 50.0000 34.3116 38.9382 51.1482
19467.0000 0.0605 72.8093 50.0000 34.1335 39.0540 51.0968
19468.0000 0.0608 72.9142 50.0000 34.2699 38.9726 51.2170
19469.0000 0.0564 72.6780 50.0000 34.2820 39.1922 50.7032
19470.0000 0.0543 72.8556 50.0000 34.5947 39.2664 50.6882
19471.0000 0.0542 72.5850 50.0000 34.4463 39.1515 50.4895
19472.0000 0.0568 72.8373 50.0000 34.4732 39.0936 50.8779
19473.0000 0.0579 72.8908 50.0000 34.4187 39.0936 50.9912
19474.0000 0.0525 72.9879 50.0000 34.5673 39.6522 50.5967
19475.0000 0.0538 72.7809 50.0000 34.3819 39.4911 50.5509
19476.0000 0.0525 72.7441 50.0000 34.4396 39.5372 50.4225
19477.0000 0.0529 72.7717 50.0000 34.4942 39.4515 50.4920
19478.0000 0.0534 72.6766 50.0000 34.2712 39.5580 50.4235
19479.0000 0.0544 72.8545 50.0000 33.9756 39.9979 50.5332
19480.0000 0.0553 72.9719 50.0000 33.9246 40.0904 50.6633
19481.0000 0.0516 72.9092 50.0000 34.1838 40.1533 50.3480
19482.0000 0.0529 73.0349 50.0000 34.2728 40.0250 50.5715
19483.0000 0.0526 72.6477 50.0000 34.0658 39.8765 50.2700
19484.0000 0.0541 72.7966 50.0000 34.0243 39.9061 50.4895
19485.0000 0.0552 72.9150 50.0000 34.0873 39.8281 50.6792
19486.0000 0.0549 72.9698 50.0000 33.9691 40.0761 50.6420
19487.0000 0.0489 72.7377 50.0000 34.0944 40.4147 49.9500
19488.0000 0.0493 72.8984 50.0000 34.0150 40.6600 50.0393
19489.0000 0.0456 72.9641 50.0000 34.1633 41.0604 49.7059
19490.0000 0.0435 72.8661 50.0000 34.5267 40.7473 49.5685
19491.0000 0.0480 72.8010 50.0000 34.2074 40.4719 49.9185
19492.0000 0.0463 72.7028 50.0000 34.2214 40.5622 49.6920
19493.0000 0.0485 72.6736 50.0000 34.2760 40.1624 49.9359
19494.0000 0.0407 72.5212 50.0000 34.7117 40.5045 49.1306
19495.0000 0.0400 72.2475 50.0000 34.5898 40.4414 48.8646
19496.0000 0.0418 72.5469 50.0000 34.3652 40.8405 49.1339
19497.0000 0.0407 72.3576 50.0000 34.5689 40.4932 48.9992
19498.0000 0.0382 72.2177 50.0000 34.8467 40.3254 48.7337
19499.0000 0.0368 72.2859 50.0000 34.9579 40.4714 48.6340
19500.0000 0.0421 72.8646 50.0000 34.6533 40.7765 49.4538
19501.0000 0.0376 72.7788 50.0000 34.9591 40.9450 48.9707
19502.0000 0.0359 72.5988 50.0000 34.8208 41.2034 48.5837
19503.0000 0.0370 72.5308 50.0000 34.6372 41.1913 48.6236
19504.0000 0.0337 72.5047 50.0000 34.8303 41.4565 48.2197
19505.0000 0.0325 72.2426 50.0000 34.9953 41.0679 48.0391
19506.0000 0.0351 72.1560 50.0000 34.6515 41.0128 48.2049
19507.0000 0.0352 72.0909 50.0000 34.5354 41.0900 48.1250
19508.0000 0.0329 71.7748 50.0000 34.6132 40.9631 47.7029
19509.0000 0.0316 71.5016 50.0000 34.6351 40.8126 47.4048
19510.0000 0.0288 71.4189 50.0000 34.8122 40.9587 47.0229
19511.0000 0.0305 71.6921 50.0000 34.8239 40.9826 47.4075
19512.0000 0.0322 71.9109 50.0000 34.8728 40.8811 47.7891
19513.0000 0.0309 72.0890 50.0000 35.1292 40.9573 47.8045
19514.0000 0.0317 72.1064 50.0000 34.8598 41.2417 47.7834
19515.0000 0.0319 72.0186 50.0000 34.6542 41.4187 47.6472
19516.0000 0.0325 71.7471 50.0000 34.8542 40.6470 47.7562
19517.0000 0.0332 71.9018 50.0000 34.8622 40.7034 47.9347
19518.0000 0.0363 71.9073 50.0000 34.5862 40.6043 48.2260
19519.0000 0.0373 71.7150 50.0000 34.4075 40.4525 48.1949
19520.0000 0.0383 71.9131 50.0000 34.3197 40.6700 48.3695
19521.0000 0.0427 72.3049 50.0000 34.2435 40.5833 49.0752
19522.0000 0.0409 72.3151 50.0000 34.3346 40.7282 48.9063
19523.0000 0.0412 72.4305 50.0000 34.1618 41.0819 48.9023
19524.0000 0.0368 72.2559 50.0000 34.7439 40.7320 48.5251
19525.0000 0.0413 72.5431 50.0000 34.4072 40.8534 49.0882
19526.0000 0.0418 72.6266 50.0000 34.7557 40.4033 49.3379
19527.0000 0.0395 72.6664 50.0000 34.8626 40.6483 49.1194
19528.0000 0.0371 72.2245 50.0000 34.9245 40.3972 48.6284
19529.0000 0.0399 72.6225 50.0000 34.6824 40.7733 49.0785
19530.0000 0.0399 72.3547 50.0000 34.3644 40.8976 48.8024
19531.0000 0.0393 72.2889 50.0000 34.4695 40.7520 48.7525
19532.0000 0.0380 72.3414 50.0000 34.6359 40.7894 48.6812
19533.0000 0.0389 72.2574 50.0000 34.6157 40.5739 48.7508
19534.0000 0.0387 72.3463 50.0000 34.6756 40.6412 48.7841
19535.0000 0.0393 72.0351 50.0000 34.2412 40.7678 48.5240
19536.0000 0.0416 72.0461 50.0000 33.9421 40.8529 48.6787
19537.0000 0.0397 72.1199 50.0000 34.3152 40.6984 48.6558
19538.0000 0.0398 72.0017 50.0000 34.4163 40.4012 48.6571
19539.0000 0.0394 72.1109 50.0000 34.4491 40.5569 48.6661
19540.0000 0.0412 72.2381 50.0000 34.3100 40.6314 48.8902
19541.0000 0.0428 72.0904 50.0000 33.9431 40.7251 48.8504
19542.0000 0.0386 71.7720 50.0000 34.2247 40.5738 48.3079
19543.0000 0.0404 71.7962 50.0000 34.1611 40.4175 48.5195
19544.0000 0.0430 71.8965 50.0000 34.1449 40.1727 48.8813
19545.0000 0.0450 71.8383 50.0000 34.0458 39.9631 49.0365
19546.0000 0.0454 71.8654 50.0000 34.4206 39.4534 49.2269
19547.0000 0.0418 71.6881 50.0000 34.5347 39.5837 48.7819
19548.0000 0.0453 71.6856 50.0000 34.5448 39.1167 49.1465
19549.0000 0.0451 71.4803 50.0000 34.3966 39.0866 48.9749
19550.0000 0.0471 71.6009 50.0000 34.4831 38.8681 49.2633
19551.0000 0.0495 71.8215 50.0000 34.1533 39.2220 49.5329
19552.0000 0.0488 71.6852 50.0000 34.2364 39.0444 49.4183
19553.0000 0.0472 71.6440 50.0000 34.5414 38.8321 49.3136
19554.0000 0.0495 71.8166 50.0000 34.5364 38.7536 49.6289
19555.0000 0.0489 71.6874 50.0000 34.4092 38.8276 49.4723
19556.0000 0.0494 71.8603 50.0000 34.2555 39.1482 49.5770
19557.0000 0.0485 71.7350 50.0000 34.4437 38.8859 49.4714
19558.0000 0.0479 71.8631 50.0000 34.5132 39.0191 49.5042
19559.0000 0.0422 71.7610 50.0000 34.9009 39.1611 48.9691
19560.0000 0.0427 71.4164 50.0000 34.8604 38.7551 48.8170
19561.0000 0.0503 71.7173 50.0000 34.4154 38.6853 49.6226
19562.0000 0.0451 71.9703 50.0000 34.9075 39.0185 49.3838
19563.0000 0.0435 71.8367 50.0000 34.8064 39.1993 49.1165
19564.0000 0.0308 70.1634 49.0000 34.6044 39.2931 46.7063
19565.0000 0.0361 71.2876 50.0000 34.9071 39.4515 48.0311
19566.0000 0.0402 71.2662 50.0000 34.4550 39.4227 48.3484
19567.0000 0.0389 71.2409 50.0000 34.4992 39.5101 48.2081
19568.0000 0.0415 71.4756 50.0000 34.5381 39.3731 48.6378
19569.0000 0.0416 71.5083 50.0000 34.5435 39.3952 48.6642
19570.0000 0.0415 71.4947 50.0000 34.7205 39.1763 48.6949
19571.0000 0.0390 71.2878 50.0000 34.7381 39.2548 48.3142
19572.0000 0.0400 71.4698 50.0000 34.6090 39.4883 48.4853
19573.0000 0.0399 71.6606 50.0000 34.6823 39.6283 48.6002
19574.0000 0.0430 71.8273 50.0000 34.6268 39.4695 49.0133
19575.0000 0.0448 71.8415 50.0000 34.5799 39.3038 49.2001
19576.0000 0.0430 71.7267 50.0000 34.7333 39.2232 48.9884
19577.0000 0.0477 71.7178 50.0000 34.5233 38.8718 49.4021
19578.0000 0.0486 71.9173 50.0000 34.6457 38.8486 49.6241
19579.0000 0.0456 71.9072 50.0000 34.7214 39.1072 49.3529
19580.0000 0.0457 72.0687 50.0000 34.4259 39.6447 49.3664
19581.0000 0.0426 71.8397 50.0000 34.4460 39.7637 48.9210
19582.0000 0.0437 71.9672 50.0000 34.4468 39.7693 49.1030
19583.0000 0.0425 71.8832 50.0000 34.4761 39.7928 48.9400
19584.0000 0.0406 72.0608 50.0000 34.6224 40.0772 48.8659
19585.0000 0.0375 72.0989 50.0000 34.7013 40.4846 48.5291
19586.0000 0.0414 72.3525 50.0000 34.8044 40.0694 49.1730
19587.0000 0.0422 72.3036 50.0000 34.6123 40.1496 49.1713
19588.0000 0.0389 72.1898 50.0000 34.7719 40.2879 48.7768
19589.0000 0.0384 72.0855 50.0000 34.6792 40.3644 48.6250
19590.0000 0.0380 72.2668 50.0000 34.8329 40.4312 48.7286
19591.0000 0.0373 72.1126 50.0000 34.7832 40.4198 48.5447
19592.0000 0.0405 72.4681 50.0000 34.5721 40.6512 49.0293
19593.0000 0.0396 72.3488 50.0000 34.7652 40.3859 48.9358
19594.0000 0.0406 72.3953 50.0000 34.5102 40.6412 48.9737
19595.0000 0.0376 72.2666 50.0000 34.6166 40.7989 48.5757
19596.0000 0.0382 72.3714 50.0000 34.6909 40.7212 48.7437
19597.0000 0.0394 72.1686 50.0000 34.4459 40.6246 48.6973
19598.0000 0.0389 72.3326 50.0000 34.6005 40.6947 48.7724
19599.0000 0.0416 72.1010 50.0000 34.2383 40.5041 48.8438
19600.0000 0.0416 72.3536 50.0000 34.2510 40.7903 48.9700
19601.0000 0.0417 72.2727 50.0000 34.1662 40.7977 48.9035
19602.0000 0.0410 72.3537 50.0000 34.1888 40.9772 48.8575
19603.0000 0.0362 72.3119 50.0000 34.4866 41.2764 48.3316
19604.0000 0.0424 72.4001 50.0000 34.2282 40.7577 49.0817
19605.0000 0.0423 72.6731 50.0000 34.0185 41.4127 49.0827
19606.0000 0.0429 72.7872 50.0000 34.1344 41.2921 49.2726
19607.0000 0.0436 72.7857 50.0000 34.0405 41.3141 49.3168
19608.0000 0.0422 72.7713 50.0000 34.0553 41.4991 49.1296
19609.0000 0.0410 72.7295 50.0000 33.9330 41.8343 48.8673
19610.0000 0.0447 73.0282 50.0000 34.0504 41.4277 49.5726
19611.0000 0.0479 73.1877 50.0000 34.1069 41.0726 50.0619
19612.0000 0.0478 73.4750 50.0000 33.9768 41.6092 50.1281
19613.0000 0.0463 73.2045 50.0000 34.3467 40.9892 49.9908
19614.0000 0.0465 72.8079 50.0000 34.2174 40.6706 49.7600
19615.0000 0.0490 72.9132 50.0000 34.0683 40.6412 50.0398
19616.0000 0.0512 73.0604 50.0000 33.9014 40.7438 50.2838
19617.0000 0.0476 73.2622 50.0000 34.1800 41.1081 50.0919
19618.0000 0.0497 73.1948 50.0000 34.0057 40.9694 50.2255
19619.0000 0.0551 73.7013 50.0000 34.0084 40.8392 51.0634
19620.0000 0.0534 73.6828 50.0000 33.8855 41.1934 50.8333
19621.0000 0.0549 73.7788 50.0000 33.8198 41.1966 51.0135
19622.0000 0.0533 73.5251 50.0000 33.9340 40.9581 50.7629
19623.0000 0.0556 73.4888 50.0000 33.7138 40.9137 50.8925
19624.0000 0.0550 73.7732 50.0000 34.0116 40.9249 51.0964
19625.0000 0.0505 73.7305 50.0000 34.1780 41.2527 50.6584
19626.0000 0.0505 73.3212 50.0000 34.1537 40.8140 50.4355
19627.0000 0.0504 73.3601 50.0000 33.8876 41.2208 50.3407
19628.0000 0.0523 73.3555 50.0000 34.2295 40.5117 50.6772
19629.0000 0.0509 73.3014 50.0000 34.2972 40.5534 50.5195
19630.0000 0.0515 73.3374 50.0000 34.1985 40.6317 50.5757
19631.0000 0.0539 73.7070 50.0000 34.2229 40.7144 51.0280
19632.0000 0.0505 73.3438 50.0000 34.2328 40.7379 50.4763
19633.0000 0.0498 73.0444 50.0000 34.0859 40.6624 50.2016
19634.0000 0.0485 72.9825 50.0000 34.3678 40.4076 50.1251
19635.0000 0.0508 73.0537 50.0000 34.3961 40.1511 50.4147
19636.0000 0.0514 73.0462 50.0000 34.0803 40.4647 50.3675
19637.0000 0.0502 73.0549 50.0000 34.1941 40.4803 50.2904
19638.0000 0.0564 73.4400 50.0000 34.0068 40.3779 51.0549
19639.0000 0.0560 73.4067 50.0000 34.1441 40.2216 51.0387
19640.0000 0.0574 73.7183 50.0000 34.0950 40.4568 51.3338
19641.0000 0.0517 73.0518 50.0000 34.3449 40.0993 50.4880
19642.0000 0.0480 72.8770 50.0000 34.6696 39.9696 50.1149
19643.0000 0.0439 72.6878 50.0000 34.7099 40.2409 49.5924
19644.0000 0.0445 72.8253 50.0000 34.7420 40.2728 49.7456
19645.0000 0.0478 72.8394 50.0000 34.3836 40.3158 49.9799
19646.0000 0.0534 73.1392 50.0000 33.9904 40.4273 50.5929
19647.0000 0.0506 72.8202 50.0000 34.2851 40.0499 50.2326
19648.0000 0.0542 73.0215 50.0000 34.1146 40.0451 50.6431
19649.0000 0.0554 73.3090 50.0000 34.1336 40.1974 50.9242
19650.0000 0.0526 72.9047 50.0000 33.7855 40.5272 50.3109
19651.0000 0.0551 73.1544 50.0000 33.7865 40.4967 50.6957
19652.0000 0.0555 73.2336 50.0000 33.7963 40.5154 50.7885
19653.0000 0.0515 73.0390 50.0000 34.1966 40.2974 50.4123
19654.0000 0.0467 72.7554 50.0000 34.3015 40.4688 49.7899
19655.0000 0.0443 72.5631 50.0000 34.2662 40.6224 49.4069
19656.0000 0.0414 72.6557 50.0000 34.2752 41.1638 49.0877
19657.0000 0.0431 72.9811 50.0000 34.3963 41.1251 49.5163
19658.0000 0.0418 73.0509 50.0000 34.4993 41.2665 49.4299
19659.0000 0.0404 72.8191 50.0000 34.4215 41.3163 49.0993
19660.0000 0.0412 72.7249 50.0000 34.3913 41.1115 49.1527
19661.0000 0.0421 72.6083 50.0000 34.3904 40.8267 49.2183
19662.0000 0.0428 72.7203 50.0000 34.5050 40.7109 49.3991
19663.0000 0.0398 72.7078 50.0000 34.5731 41.0563 49.0460
19664.0000 0.0438 72.4076 50.0000 34.3852 40.3482 49.3209
19665.0000 0.0453 72.4865 50.0000 34.4407 40.1660 49.5462
19666.0000 0.0434 72.5876 50.0000 34.2162 40.8575 49.2836
19667.0000 0.0488 72.8246 50.0000 34.1903 40.4152 50.0105
19668.0000 0.0483 72.7486 50.0000 34.2023 40.3722 49.9264
19669.0000 0.0461 72.4932 50.0000 34.1667 40.4150 49.5433
19670.0000 0.0482 72.4983 50.0000 34.2348 40.0500 49.7993
19671.0000 0.0490 72.4644 50.0000 34.1143 40.0667 49.8192
19672.0000 0.0495 72.8487 50.0000 34.3112 40.1953 50.1400
19673.0000 0.0542 73.0274 50.0000 34.0156 40.1765 50.6141
19674.0000 0.0549 73.1750 50.0000 34.2205 39.9996 50.8287
19675.0000 0.0550 72.9857 50.0000 34.0462 39.9898 50.6812
19676.0000 0.0495 72.6846 50.0000 34.4369 39.8452 50.0950
19677.0000 0.0488 72.7204 50.0000 34.2467 40.2143 49.9823
19678.0000 0.0514 72.4680 50.0000 34.2158 39.6357 50.0989
19679.0000 0.0519 72.3048 50.0000 34.3359 39.2447 50.0888
19680.0000 0.0484 72.0937 50.0000 34.3514 39.4247 49.6305
19681.0000 0.0486 72.1576 50.0000 34.3601 39.4614 49.6880
19682.0000 0.0534 72.3377 50.0000 34.2656 39.1856 50.2305
19683.0000 0.0458 72.0799 50.0000 34.4709 39.5835 49.4006
19684.0000 0.0475 72.1544 50.0000 34.5294 39.3884 49.6238
19685.0000 0.0485 72.2358 50.0000 34.4963 39.3859 49.7672
19686.0000 0.0478 72.1320 50.0000 34.6552 39.1632 49.6818
19687.0000 0.0462 72.1416 50.0000 34.6704 39.3571 49.5317
19688.0000 0.0466 72.2687 50.0000 34.4285 39.7516 49.5708
19689.0000 0.0499 72.1428 50.0000 34.2679 39.3912 49.7859
19690.0000 0.0504 72.1628 50.0000 34.2282 39.3991 49.8359
19691.0000 0.0492 71.8742 50.0000 34.0915 39.3872 49.5209
19692.0000 0.0484 71.7371 50.0000 34.3011 39.0821 49.4189
19693.0000 0.0460 71.7592 50.0000 34.4319 39.2414 49.2336
19694.0000 0.0428 71.6315 50.0000 34.4530 39.4915 48.8311
19695.0000 0.0464 71.8132 50.0000 34.2229 39.5153 49.2389
19696.0000 0.0441 71.5764 50.0000 34.2470 39.5104 48.8800
19697.0000 0.0424 71.7166 50.0000 34.3156 39.8195 48.7864
19698.0000 0.0411 71.6095 50.0000 34.5363 39.5844 48.6646
19699.0000 0.0428 71.8833 50.0000 34.4020 39.8541 48.9425
19700.0000 0.0304 69.9528 49.0000 34.6408 39.0574 46.5610
19701.0000 0.0456 71.8778 50.0000 34.2482 39.6609 49.1984
19702.0000 0.0436 72.0009 50.0000 34.4404 39.8219 49.1142
19703.0000 0.0425 72.0964 50.0000 34.5048 40.0024 49.0624
19704.0000 0.0450 72.2776 50.0000 34.5627 39.8072 49.4455
19705.0000 0.0419 71.9847 50.0000 34.6535 39.7635 48.9877
19706.0000 0.0321 70.2398 49.0000 34.4919 39.3387 46.8658
19707.0000 0.0331 70.3441 49.0000 34.3479 39.4991 46.9929
19708.0000 0.0462 72.0293 50.0000 34.4211 39.5440 49.3931
19709.0000 0.0462 72.0220 50.0000 34.7190 39.1697 49.4722
19710.0000 0.0329 70.3870 49.0000 34.8626 38.9099 47.1694
19711.0000 0.0461 72.1071 50.0000 34.9360 39.0105 49.5691
19712.0000 0.0465 71.9771 50.0000 34.6490 39.1582 49.4649
19713.0000 0.0415 71.7162 50.0000 35.1595 38.8876 48.9365
19714.0000 0.0458 71.9044 50.0000 34.9043 38.8591 49.4156
19715.0000 0.0475 72.0639 50.0000 34.7051 39.0653 49.6252
19716.0000 0.0472 71.9987 50.0000 34.5480 39.2190 49.5188
19717.0000 0.0444 71.9237 50.0000 34.6150 39.4082 49.2120
19718.0000 0.0468 72.1728 50.0000 34.5916 39.4132 49.5877
19719.0000 0.0456 72.0968 50.0000 34.7005 39.3461 49.4542
19720.0000 0.0432 71.8336 50.0000 34.7298 39.3242 49.0663
19721.0000 0.0467 72.0327 50.0000 34.6863 39.1563 49.5212
19722.0000 0.0473 72.1825 50.0000 34.9104 38.9872 49.7149
19723.0000 0.0476 71.9354 50.0000 34.7589 38.8491 49.5709
19724.0000 0.0441 71.7238 50.0000 34.7935 39.0067 49.1141
19725.0000 0.0339 69.9762 49.0000 34.7960 38.3606 47.0571
19726.0000 0.0473 71.8000 50.0000 34.8327 38.6499 49.4784
19727.0000 0.0292 69.4998 49.0000 34.7403 38.5637 46.2188
19728.0000 0.0289 69.6243 49.0000 34.8995 38.5567 46.2921
19729.0000 0.0265 69.6808 49.0000 35.2591 38.5526 46.1075
19730.0000 0.0282 69.8333 49.0000 35.0405 38.7425 46.3451
19731.0000 0.0299 69.9267 49.0000 34.9227 38.7383 46.5779
19732.0000 0.0284 69.8018 49.0000 35.3989 38.2282 46.4523
19733.0000 0.0269 69.6187 49.0000 35.4563 38.1678 46.1826
19734.0000 0.0279 69.5573 49.0000 35.3142 38.1190 46.2393
19735.0000 0.0248 69.5211 49.0000 35.4973 38.3345 45.8650
19736.0000 0.0256 69.4801 49.0000 35.3106 38.3799 45.9089
19737.0000 0.0251 69.4169 49.0000 35.2846 38.4308 45.7905
19738.0000 0.0241 69.1186 49.0000 35.1520 38.3932 45.4718
19739.0000 0.0251 69.2063 49.0000 35.2577 38.2009 45.6848
19740.0000 0.0272 69.4846 49.0000 35.0212 38.5088 46.0293
19741.0000 0.0241 69.2688 49.0000 35.2864 38.4137 45.5787
19742.0000 0.0237 69.5111 49.0000 35.4532 38.5561 45.6978
19743.0000 0.0227 69.2145 49.0000 35.5016 38.2973 45.4268
19744.0000 0.0259 69.0931 49.0000 35.3470 37.8339 45.7498
19745.0000 0.0249 69.1593 49.0000 35.3412 38.0749 45.6542
19746.0000 0.0259 69.0908 49.0000 35.4359 37.7404 45.7548
19747.0000 0.0273 69.0301 49.0000 35.1611 37.7743 45.8471
19748.0000 0.0276 69.1426 49.0000 35.0040 38.0543 45.9053
19749.0000 0.0273 69.1693 49.0000 35.2412 37.8489 45.9338
19750.0000 0.0263 69.2228 49.0000 35.0467 38.2965 45.7920
19751.0000 0.0262 69.3937 49.0000 35.2083 38.3125 45.9132
19752.0000 0.0271 69.3116 49.0000 34.7784 38.6192 45.8598
19753.0000 0.0262 69.5116 49.0000 34.9630 38.7702 45.8947
19754.0000 0.0278 69.6200 49.0000 34.8940 38.7391 46.1371
19755.0000 0.0274 69.4952 49.0000 34.8081 38.7567 45.9989
19756.0000 0.0273 69.5678 49.0000 34.8713 38.7819 46.0395
19757.0000 0.0286 69.9281 49.0000 34.8444 39.0422 46.3844
19758.0000 0.0315 69.8607 49.0000 34.5913 38.8338 46.6464
19759.0000 0.0309 69.8283 49.0000 34.8448 38.5591 46.6372
19760.0000 0.0287 69.9453 49.0000 35.1499 38.6457 46.5117
19761.0000 0.0299 69.8023 49.0000 35.0333 38.4532 46.5444
19762.0000 0.0319 70.0152 49.0000 35.1824 38.2250 46.9380
19763.0000 0.0357 70.2761 49.0000 35.1038 38.0946 47.4896
19764.0000 0.0326 70.3653 49.0000 35.3422 38.3279 47.2566
19765.0000 0.0338 70.4818 49.0000 35.0154 38.6964 47.3730
19766.0000 0.0341 70.1827 49.0000 34.8483 38.5068 47.2063
19767.0000 0.0368 70.4108 49.0000 34.8716 38.3748 47.6343
19768.0000 0.0346 70.4671 49.0000 34.9295 38.6695 47.4364
19769.0000 0.0323 70.4324 49.0000 35.1905 38.6318 47.2223
19770.0000 0.0332 70.5442 49.0000 35.1937 38.6301 47.3878
19771.0000 0.0306 70.4317 49.0000 35.5899 38.4031 47.1082
19772.0000 0.0310 70.6760 49.0000 35.3987 38.8484 47.2529
19773.0000 0.0311 70.4004 49.0000 35.3120 38.6285 47.0864
19774.0000 0.0327 70.1918 49.0000 34.9601 38.5886 47.0702
19775.0000 0.0339 70.0567 49.0000 34.7311 38.5376 47.0801
19776.0000 0.0318 70.3066 49.0000 35.1401 38.6324 47.0715
19777.0000 0.0357 70.4267 49.0000 34.7587 38.6807 47.4927
19778.0000 0.0326 70.4067 49.0000 34.9745 38.8375 47.1756
19779.0000 0.0343 70.3581 49.0000 34.6847 38.8897 47.2739
19780.0000 0.0332 70.0446 49.0000 34.5382 38.8682 46.9321
19781.0000 0.0327 70.1564 49.0000 34.7803 38.7632 47.0071
19782.0000 0.0322 70.0733 49.0000 34.6617 38.8999 46.8575
19783.0000 0.0336 69.9460 49.0000 34.7070 38.4822 46.9787
19784.0000 0.0318 69.8506 49.0000 34.6748 38.6707 46.7049
19785.0000 0.0268 69.6606 49.0000 34.7129 39.1936 45.9508
19786.0000 0.0280 69.6355 49.0000 34.5311 39.2112 46.0347
19787.0000 0.0288 69.7603 49.0000 34.6488 39.0744 46.2510
19788.0000 0.0323 69.8042 49.0000 34.4441 38.8475 46.6594
19789.0000 0.0333 69.8936 49.0000 34.5516 38.6611 46.8681
19790.0000 0.0370 69.7824 49.0000 34.0921 38.5910 47.0962
19791.0000 0.0329 69.6204 49.0000 34.5033 38.4494 46.6708
19792.0000 0.0356 69.5869 49.0000 34.2824 38.3140 46.8946
19793.0000 0.0388 69.8307 49.0000 34.1166 38.3678 47.3318
19794.0000 0.0401 69.7839 49.0000 33.9189 38.3837 47.3918
19795.0000 0.0374 69.7401 49.0000 33.9258 38.6885 47.0735
19796.0000 0.0372 69.5084 49.0000 34.1942 38.1142 47.0052
19797.0000 0.0393 69.8115 49.0000 33.9015 38.5433 47.3154
19798.0000 0.0400 69.8805 49.0000 33.8956 38.5326 47.4301
19799.0000 0.0404 69.7947 49.0000 34.0001 38.2562 47.4526
19800.0000 0.0382 69.7045 49.0000 34.2427 38.1454 47.2343
19801.0000 0.0369 69.4856 49.0000 34.1667 38.1629 46.9519
19802.0000 0.0346 69.3677 49.0000 33.9858 38.5725 46.5725
19803.0000 0.0350 69.4548 49.0000 34.3419 38.1634 46.7778
19804.0000 0.0352 69.3870 49.0000 34.1602 38.2866 46.7095
19805.0000 0.0368 69.7182 49.0000 34.0851 38.5478 47.0414
19806.0000 0.0362 69.6296 49.0000 34.2532 38.3121 46.9807
19807.0000 0.0367 69.6585 49.0000 34.3450 38.1610 47.0794
19808.0000 0.0362 69.5840 49.0000 34.3418 38.1561 46.9754
19809.0000 0.0348 69.3051 49.0000 34.5380 37.7768 46.7252
19810.0000 0.0361 69.3460 49.0000 34.6260 37.5565 46.8979
19811.0000 0.0351 69.2556 49.0000 34.8131 37.3605 46.7823
19812.0000 0.0385 69.5051 49.0000 34.6365 37.4171 47.2360
19813.0000 0.0404 69.6729 49.0000 34.5822 37.4294 47.5124
19814.0000 0.0417 69.5361 49.0000 34.2733 37.4673 47.5058
19815.0000 0.0413 69.6671 49.0000 34.5317 37.3621 47.5935
19816.0000 0.0364 69.6323 49.0000 34.9042 37.5063 47.1554
19817.0000 0.0372 69.6575 49.0000 34.7660 37.5995 47.2204
19818.0000 0.0380 69.7270 49.0000 34.6463 37.7054 47.3264
19819.0000 0.0382 69.6050 49.0000 34.5203 37.6951 47.2471
19820.0000 0.0370 69.6319 49.0000 34.4407 37.9740 47.1213
19821.0000 0.0391 69.4858 49.0000 34.2460 37.7751 47.2074
19822.0000 0.0407 69.8755 49.0000 34.3936 37.8304 47.6291
19823.0000 0.0416 69.8225 49.0000 34.4717 37.5750 47.6970
19824.0000 0.0373 69.5937 49.0000 34.8130 37.4612 47.2016
19825.0000 0.0352 69.2306 49.0000 34.4700 37.7221 46.7092
19826.0000 0.0535 72.9136 50.0000 34.5414 39.4871 50.6364
19827.0000 0.0334 69.3807 49.0000 34.8046 37.7433 46.6666
19828.0000 0.0370 69.2621 49.0000 34.5686 37.4041 46.9381
19829.0000 0.0373 69.3678 49.0000 34.8530 37.1614 47.0765
19830.0000 0.0479 72.5825 50.0000 34.6670 39.6538 49.9400
19831.0000 0.0512 72.6430 50.0000 34.6682 39.3026 50.3034
19832.0000 0.0481 72.6320 50.0000 34.6974 39.6401 50.0016
19833.0000 0.0512 72.7900 50.0000 34.5740 39.5800 50.3632
19834.0000 0.0337 69.4413 49.0000 34.9706 37.5686 46.7734
19835.0000 0.0524 73.2611 50.0000 34.9290 39.5374 50.8325
19836.0000 0.0573 73.3728 50.0000 34.6761 39.3872 51.2814
19837.0000 0.0585 73.2905 50.0000 34.5436 39.3186 51.3058
19838.0000 0.0395 69.2850 49.0000 34.6528 37.0266 47.2083
19839.0000 0.0365 69.1354 49.0000 34.7811 37.0889 46.8443
19840.0000 0.0496 72.9111 50.0000 34.7211 39.7434 50.3084
19841.0000 0.0513 72.8441 50.0000 34.5605 39.6508 50.3949
19842.0000 0.0468 72.9421 50.0000 34.8351 39.9876 50.0804
19843.0000 0.0469 73.1284 50.0000 34.9304 40.0696 50.2201
19844.0000 0.0332 69.1258 49.0000 34.8444 37.4371 46.5049
19845.0000 0.0335 69.0922 49.0000 35.1888 36.9722 46.5677
19846.0000 0.0344 69.1435 49.0000 34.8933 37.2416 46.6512
19847.0000 0.0339 69.2018 49.0000 35.0767 37.1583 46.6667
19848.0000 0.0362 69.4297 49.0000 35.3630 36.8069 47.0659
19849.0000 0.0381 69.5409 49.0000 35.0499 37.0320 47.2872
19850.0000 0.0403 69.7870 49.0000 35.1725 36.8984 47.6617
19851.0000 0.0406 69.8033 49.0000 35.2040 36.8537 47.6967
19852.0000 0.0423 70.0485 49.0000 34.9698 37.1763 47.9773
19853.0000 0.0424 69.9988 49.0000 34.9099 37.1762 47.9485
19854.0000 0.0438 70.0715 49.0000 34.9919 36.9997 48.1312
19855.0000 0.0434 70.1737 49.0000 35.1700 36.9608 48.1801
19856.0000 0.0396 70.2009 49.0000 35.0821 37.5360 47.8378
19857.0000 0.0419 70.2754 49.0000 34.9604 37.4804 48.0794
19858.0000 0.0408 70.0839 49.0000 35.0179 37.3358 47.8700
19859.0000 0.0435 70.2611 49.0000 35.1634 37.0542 48.2405
19860.0000 0.0416 70.1055 49.0000 35.1072 37.1664 47.9680
19861.0000 0.0456 70.4255 49.0000 35.0097 37.1594 48.5103
19862.0000 0.0420 70.3448 49.0000 35.3128 37.1479 48.1813
19863.0000 0.0389 70.0412 49.0000 35.0766 37.4563 47.6699
19864.0000 0.0429 70.4763 49.0000 35.1684 37.3509 48.3219
19865.0000 0.0382 70.1479 49.0000 35.1839 37.5388 47.6830
19866.0000 0.0425 70.1899 49.0000 35.1634 37.0938 48.1062
19867.0000 0.0401 69.8464 49.0000 35.2035 36.9539 47.6828
19868.0000 0.0397 70.0465 49.0000 35.3740 37.0389 47.7840
19869.0000 0.0358 69.8518 49.0000 35.3006 37.3829 47.2828
19870.0000 0.0395 69.8879 49.0000 34.9761 37.3200 47.6257
19871.0000 0.0390 69.7466 49.0000 35.1433 37.0529 47.5038
19872.0000 0.0322 72.3052 50.0000 35.0356 41.1393 48.0427
19873.0000 0.0332 72.1218 50.0000 34.9722 40.8382 48.0701
19874.0000 0.0416 69.9206 49.0000 34.9655 37.1261 47.8325
19875.0000 0.0366 71.9861 50.0000 34.5214 40.7443 48.2718
19876.0000 0.0470 70.0994 49.0000 34.6161 37.0736 48.3860
19877.0000 0.0479 69.8942 49.0000 34.4892 36.8968 48.3148
19878.0000 0.0469 69.7788 49.0000 34.4258 36.9560 48.1476
19879.0000 0.0398 72.4474 50.0000 34.5800 40.7156 48.9397
19880.0000 0.0458 69.8219 49.0000 34.5571 36.9757 48.1010
19881.0000 0.0351 71.9255 50.0000 34.6814 40.6761 48.1241
19882.0000 0.0442 69.6257 49.0000 34.5366 36.9760 47.8303
19883.0000 0.0468 69.7104 49.0000 34.5366 36.7663 48.1145
19884.0000 0.0355 71.8475 50.0000 34.7240 40.4580 48.1607
19885.0000 0.0387 71.9244 50.0000 34.5239 40.3237 48.5305
19886.0000 0.0391 72.0477 50.0000 34.4890 40.4655 48.6202
19887.0000 0.0383 71.6822 50.0000 34.1973 40.5475 48.2161
19888.0000 0.0392 71.8010 50.0000 33.8299 41.1007 48.1835
19889.0000 0.0431 71.7215 50.0000 33.5084 40.8435 48.5074
19890.0000 0.0441 71.9177 50.0000 33.6582 40.7085 48.8068
19891.0000 0.0462 72.1055 50.0000 33.7966 40.4419 49.2082
19892.0000 0.0418 71.9125 50.0000 33.8130 40.8426 48.5795
19893.0000 0.0388 71.6542 50.0000 34.2316 40.3933 48.2794
19894.0000 0.0357 71.5916 50.0000 34.3823 40.5905 47.9127
19895.0000 0.0411 69.3337 49.0000 34.7385 36.7993 47.3942
19896.0000 0.0385 72.1810 50.0000 34.3647 40.8965 48.5453
19897.0000 0.0435 72.4564 50.0000 33.7317 41.3695 48.9966
19898.0000 0.0516 69.8326 49.0000 33.7901 37.2062 48.4821
19899.0000 0.0502 69.7884 49.0000 33.5956 37.5375 48.2979
19900.0000 0.0490 69.9262 49.0000 33.5817 37.8455 48.2665
19901.0000 0.0477 69.9952 49.0000 33.7803 37.8342 48.2368
19902.0000 0.0501 70.0745 49.0000 33.6973 37.7425 48.4812
19903.0000 0.0431 73.3980 50.0000 34.0188 42.1992 49.4894
19904.0000 0.0431 73.4350 50.0000 33.9548 42.3561 49.4545
19905.0000 0.0561 70.3700 49.0000 33.6045 37.5050 49.1534
19906.0000 0.0514 70.2676 49.0000 34.1414 37.3035 48.7889
19907.0000 0.0482 70.2604 49.0000 34.2141 37.5733 48.5197
19908.0000 0.0502 70.3999 49.0000 34.1673 37.5455 48.7758
19909.0000 0.0517 70.4675 49.0000 34.2096 37.4094 48.9480
19910.0000 0.0502 70.6099 49.0000 34.0621 37.8923 48.8846
19911.0000 0.0510 70.3732 49.0000 33.6969 37.9662 48.7387
19912.0000 0.0572 70.7886 49.0000 33.5990 37.8402 49.5000
19913.0000 0.0548 70.7278 49.0000 33.6778 37.9504 49.2746
19914.0000 0.0546 70.5838 49.0000 33.7310 37.7544 49.1822
19915.0000 0.0545 70.4792 49.0000 33.8695 37.4943 49.1361
19916.0000 0.0567 70.7157 49.0000 33.9018 37.4750 49.4672
19917.0000 0.0524 70.5269 49.0000 33.8940 37.7452 48.9953
19918.0000 0.0551 70.6077 49.0000 33.6108 37.8629 49.2154
19919.0000 0.0548 70.5201 49.0000 33.5153 37.9164 49.1138
19920.0000 0.0575 70.5173 49.0000 33.3126 37.8540 49.2953
19921.0000 0.0567 70.5949 49.0000 33.4785 37.8292 49.3131
19922.0000 0.0558 70.6124 49.0000 33.5764 37.8334 49.2683
19923.0000 0.0570 70.8416 49.0000 33.7127 37.7971 49.5315
19924.0000 0.0543 70.6819 49.0000 33.8687 37.7318 49.2458
19925.0000 0.0574 70.7424 49.0000 33.6226 37.7458 49.4900
19926.0000 0.0539 70.8984 49.0000 33.7968 38.0974 49.3250
19927.0000 0.0580 71.0621 49.0000 33.7976 37.8264 49.7665
19928.0000 0.0604 71.3012 49.0000 33.6421 38.0036 50.0778
19929.0000 0.0589 71.1088 49.0000 33.7470 37.8369 49.8596
19930.0000 0.0601 71.2129 49.0000 33.4327 38.1838 49.9553
19931.0000 0.0596 71.4373 49.0000 33.6420 38.2397 50.0921
19932.0000 0.0604 71.4588 49.0000 33.8431 37.9468 50.2100
19933.0000 0.0603 70.9071 49.0000 33.7416 37.4840 49.8425
19934.0000 0.0605 70.7438 49.0000 33.5518 37.5028 49.7243
19935.0000 0.0581 71.1104 49.0000 33.7044 37.9687 49.7903
19936.0000 0.0533 71.1325 49.0000 34.2066 37.9487 49.4939
19937.0000 0.0540 71.1331 49.0000 34.0987 37.9992 49.5304
19938.0000 0.0488 70.7312 49.0000 33.9567 38.3162 48.8028
19939.0000 0.0538 71.0143 49.0000 33.8785 38.1442 49.3995
19940.0000 0.0580 70.9628 49.0000 33.8871 37.6218 49.7191
19941.0000 0.0550 71.0173 49.0000 34.0803 37.7828 49.5424
19942.0000 0.0525 70.6316 49.0000 34.2630 37.4350 49.1274
19943.0000 0.0525 70.6032 49.0000 34.1920 37.4774 49.1036
19944.0000 0.0513 70.4764 49.0000 33.8863 37.8254 48.8659
19945.0000 0.0512 70.1298 49.0000 33.7185 37.6556 48.6140
19946.0000 0.0530 70.1575 49.0000 33.6505 37.5627 48.7725
19947.0000 0.0505 70.0557 49.0000 33.8598 37.4853 48.5403
19948.0000 0.0510 70.1531 49.0000 33.6132 37.8271 48.5873
19949.0000 0.0459 70.1390 49.0000 33.7454 38.2644 48.1307
19950.0000 0.0455 70.2180 49.0000 33.7225 38.4248 48.1342
19951.0000 0.0448 70.0814 49.0000 33.5561 38.5667 47.9375
19952.0000 0.0438 69.7981 49.0000 33.5367 38.3947 47.6751
19953.0000 0.0448 69.9016 49.0000 33.4698 38.4733 47.8101
19954.0000 0.0478 69.8792 49.0000 33.2704 38.3100 48.0470
19955.0000 0.0419 69.6497 49.0000 33.6234 38.3647 47.4204
19956.0000 0.0454 69.7344 49.0000 33.4329 38.2485 47.7721
19957.0000 0.0475 69.8403 49.0000 33.5282 37.9860 48.0686
19958.0000 0.0485 69.9995 49.0000 33.7079 37.8371 48.2914
19959.0000 0.0503 70.2590 49.0000 33.6670 37.9567 48.6019
19960.0000 0.0481 70.0746 49.0000 33.5950 38.1019 48.2707
19961.0000 0.0480 70.2828 49.0000 33.6356 38.2945 48.3927
19962.0000 0.0524 70.5027 49.0000 33.7651 37.8761 48.9485
19963.0000 0.0516 70.5020 49.0000 33.7292 38.0068 48.8708
19964.0000 0.0516 70.3981 49.0000 33.2124 38.5104 48.6804
19965.0000 0.0561 70.2477 49.0000 33.1131 37.9450 48.9738
19966.0000 0.0574 70.2153 49.0000 33.0150 37.8758 49.0471
19967.0000 0.0573 70.4210 49.0000 33.0288 38.1058 49.1544
19968.0000 0.0540 70.4477 49.0000 33.5028 37.9372 49.0022
19969.0000 0.0484 70.2344 49.0000 33.5887 38.2498 48.3903
19970.0000 0.0499 70.4588 49.0000 33.5893 38.3279 48.6537
19971.0000 0.0484 70.3702 49.0000 33.4005 38.6427 48.4057
19972.0000 0.0473 70.2161 49.0000 33.5648 38.3920 48.2677
19973.0000 0.0468 70.2483 49.0000 33.3893 38.7132 48.1795
19974.0000 0.0499 70.2671 49.0000 33.3980 38.3458 48.4937
19975.0000 0.0520 70.5169 49.0000 33.3932 38.3760 48.8345
19976.0000 0.0516 70.4342 49.0000 33.4693 38.2342 48.7742
19977.0000 0.0500 70.3421 49.0000 33.6118 38.1535 48.6062
19978.0000 0.0485 70.1734 49.0000 33.4195 38.3727 48.3216
19979.0000 0.0471 70.2888 49.0000 33.4772 38.6062 48.2633
19980.0000 0.0509 70.3871 49.0000 33.3770 38.3873 48.6492
19981.0000 0.0484 70.3137 49.0000 33.7127 38.1884 48.4676
19982.0000 0.0474 70.3141 49.0000 33.7962 38.2175 48.3870
19983.0000 0.0449 70.3504 49.0000 33.9278 38.3972 48.2052
19984.0000 0.0473 70.4723 49.0000 33.8184 38.3691 48.4817
19985.0000 0.0490 70.6096 49.0000 33.5985 38.5849 48.6627
19986.0000 0.0517 70.6223 49.0000 33.3094 38.6295 48.8442
19987.0000 0.0506 70.4685 49.0000 33.1012 38.8575 48.5821
19988.0000 0.0468 70.3126 49.0000 33.2380 38.9790 48.1636
19989.0000 0.0466 70.5529 49.0000 33.6225 38.7941 48.3969
19990.0000 0.0490 70.5128 49.0000 33.3995 38.7284 48.5452
19991.0000 0.0491 70.6877 49.0000 33.6988 38.5432 48.7397
19992.0000 0.0518 70.8895 49.0000 33.4456 38.7528 49.0402
19993.0000 0.0543 70.8537 49.0000 33.1727 38.7507 49.1752
19994.0000 0.0537 70.9716 49.0000 33.3737 38.7144 49.2377
19995.0000 0.0561 71.1391 49.0000 33.4866 38.4863 49.5805
19996.0000 0.0534 70.8494 49.0000 33.6077 38.3299 49.2035
19997.0000 0.0524 70.9005 49.0000 33.6522 38.4494 49.1534
19998.0000 0.0534 70.8281 49.0000 33.6630 38.2414 49.2039
19999.0000 0.0506 70.9228 49.0000 33.8534 38.4434 49.0520
20000.0000 0.0498 70.9403 49.0000 33.8066 38.6064 48.9815
