# Time(ns) Kappa2 Rg(A) Size L_minor(A) L_mid(A) L_major(A)
# Generated from /data/jychen/MD_projects/curvature_phase/Alpha-Synuclein/martini3001/Martini_alhx/mdrun/M3IDP/W_cluster/alhx_0_re1/TR_Mdvwhole/clus_centered.xtc
# AvgKappa2=0.0604+-0.0325
10000.0000 0.0949 80.0874 49.0000 37.8671 39.0586 58.7750
10001.0000 0.1018 79.8003 49.0000 36.9906 39.0600 58.9415
10002.0000 0.1010 80.1160 49.0000 36.7257 39.7045 59.1045
10003.0000 0.1072 80.4650 49.0000 36.2609 39.9730 59.6818
10004.0000 0.1024 80.5633 49.0000 36.8664 39.8677 59.5137
10005.0000 0.0951 80.5511 49.0000 37.0076 40.3825 59.0607
10006.0000 0.0968 80.4987 49.0000 37.2712 39.8996 59.1517
10007.0000 0.1075 80.9175 49.0000 37.1011 39.5175 60.0793
10008.0000 0.1131 81.2036 49.0000 36.7965 39.6074 60.5912
10009.0000 0.1160 81.4795 49.0000 36.5238 39.8993 60.9341
10010.0000 0.1083 81.0399 49.0000 36.8143 39.8594 60.1947
10011.0000 0.1093 80.9554 49.0000 36.9679 39.5291 60.2047
10012.0000 0.1119 80.6184 49.0000 35.8378 40.1440 60.0287
10013.0000 0.1196 80.9961 49.0000 36.2003 39.4637 60.7661
10014.0000 0.1185 81.3257 49.0000 35.8641 40.2139 60.9138
10015.0000 0.1204 81.4118 49.0000 35.7657 40.2303 61.0754
10016.0000 0.1103 80.8593 49.0000 35.3937 40.9816 60.0502
10017.0000 0.1127 80.4784 49.0000 35.2049 40.5979 59.9100
10018.0000 0.1042 80.4400 49.0000 36.6367 39.8280 59.5154
10019.0000 0.1021 80.9227 49.0000 36.5349 40.5883 59.7183
10020.0000 0.1014 80.9775 49.0000 36.5600 40.6854 59.7112
10021.0000 0.0998 80.3309 49.0000 35.9024 40.8885 59.0948
10022.0000 0.1062 80.7048 49.0000 36.2522 40.3051 59.7874
10023.0000 0.0980 80.5497 49.0000 36.3246 40.8291 59.1757
10024.0000 0.1075 80.9291 49.0000 36.2620 40.3904 60.0267
10025.0000 0.1150 80.9491 49.0000 35.6511 40.3786 60.4261
10026.0000 0.1122 80.7062 49.0000 36.2183 39.8055 60.1435
10027.0000 0.1184 80.2621 49.0000 35.6644 39.4191 60.1348
10028.0000 0.1072 80.2384 49.0000 35.9311 40.1006 59.4904
10029.0000 0.1163 80.6465 49.0000 36.1118 39.5027 60.3268
10030.0000 0.1127 80.2927 49.0000 36.4385 39.1421 59.8919
10031.0000 0.1163 80.3260 49.0000 36.2533 39.0584 60.1033
10032.0000 0.1188 80.7288 49.0000 36.2642 39.2147 60.5331
10033.0000 0.1378 81.5117 49.0000 35.8857 38.7545 62.0843
10034.0000 0.1119 80.5849 49.0000 36.3571 39.5726 60.0508
10035.0000 0.1312 81.2703 49.0000 35.8865 39.0662 61.5699
10036.0000 0.1308 80.8984 49.0000 35.7508 38.8926 61.2683
10037.0000 0.1284 80.9569 49.0000 34.8395 40.0762 61.1075
10038.0000 0.1199 80.3035 49.0000 35.3136 39.6935 60.2164
10039.0000 0.1107 79.7740 49.0000 35.7416 39.5365 59.3574
10040.0000 0.1093 79.4279 49.0000 35.4761 39.6027 59.0074
10041.0000 0.1123 79.7628 49.0000 35.7795 39.3449 59.4467
10042.0000 0.1177 80.0228 49.0000 35.8962 39.0162 59.9404
10043.0000 0.1183 79.9927 49.0000 36.3667 38.4547 59.9795
10044.0000 0.1142 80.0378 49.0000 36.3132 38.8972 59.7863
10045.0000 0.1068 80.3393 49.0000 35.5841 40.5910 59.5025
10046.0000 0.1063 80.2715 49.0000 35.6410 40.5098 59.4322
10047.0000 0.1023 80.4758 49.0000 35.7503 40.9651 59.3308
10048.0000 0.1127 80.3805 49.0000 34.8475 40.8844 59.7926
10049.0000 0.1101 80.0924 49.0000 34.7557 40.9336 59.4245
10050.0000 0.1133 80.2049 49.0000 34.8326 40.6706 59.7111
10051.0000 0.1185 79.7428 49.0000 34.8351 39.7782 59.6919
10052.0000 0.1202 79.1311 49.0000 34.8593 39.0288 59.3575
10053.0000 0.1279 79.8765 49.0000 34.6093 39.3474 60.2846
10054.0000 0.1266 79.9839 49.0000 35.1043 39.0486 60.3351
10055.0000 0.1278 79.8405 49.0000 35.2556 38.6559 60.3098
10056.0000 0.1296 80.3704 49.0000 35.3214 38.9344 60.7939
10057.0000 0.1211 79.3090 49.0000 35.2010 38.7682 59.5636
10058.0000 0.1143 79.3332 49.0000 35.3606 39.1970 59.2198
10059.0000 0.1085 79.2119 49.0000 35.1082 39.8526 58.7683
10060.0000 0.0973 78.7982 49.0000 35.4193 40.1289 57.8300
10061.0000 0.1020 79.3278 49.0000 35.3890 40.2478 58.4862
10062.0000 0.1197 79.5445 49.0000 34.6284 39.6966 59.6018
10063.0000 0.1160 79.2909 49.0000 34.5283 39.8808 59.1977
10064.0000 0.1098 78.8681 49.0000 34.7461 39.7799 58.5700
10065.0000 0.1143 79.2939 49.0000 34.4524 40.1054 59.0942
10066.0000 0.1208 79.3916 49.0000 34.0183 40.0992 59.4797
10067.0000 0.1174 79.5035 49.0000 34.7628 39.7161 59.4558
10068.0000 0.1294 80.1758 49.0000 34.1645 39.9578 60.5337
10069.0000 0.1151 79.8540 49.0000 34.7337 40.2844 59.5601
10070.0000 0.1164 79.6287 49.0000 34.6877 40.0039 59.4743
10071.0000 0.1342 80.3453 49.0000 33.7081 40.1925 60.8579
10072.0000 0.1341 80.4823 49.0000 33.2052 40.8436 60.8820
10073.0000 0.1405 81.0082 49.0000 33.0229 40.9883 61.5774
10074.0000 0.1326 80.3516 49.0000 32.9043 41.1635 60.6568
10075.0000 0.1490 80.9883 49.0000 32.4824 40.8329 61.9408
10076.0000 0.1694 81.2869 49.0000 31.9476 40.0354 63.1195
10077.0000 0.1710 81.1053 49.0000 32.3245 39.3788 63.1071
10078.0000 0.1675 81.2087 49.0000 32.5971 39.4668 63.0448
10079.0000 0.1562 80.6247 49.0000 33.5612 38.8417 62.1716
10080.0000 0.1642 80.6847 49.0000 33.7306 38.1228 62.6013
10081.0000 0.1772 81.2181 49.0000 33.2494 38.0988 63.5558
10082.0000 0.1642 80.5613 49.0000 33.8563 37.8826 62.5202
10083.0000 0.1486 80.2231 49.0000 33.8740 38.7545 61.5336
10084.0000 0.1553 80.8545 49.0000 34.2398 38.4385 62.3503
10085.0000 0.1435 80.2831 49.0000 34.0086 39.0692 61.3383
10086.0000 0.1428 80.2054 49.0000 33.9616 39.1014 61.2421
10087.0000 0.1431 80.2260 49.0000 34.0044 39.0526 61.2765
10088.0000 0.1380 79.5341 49.0000 34.1186 38.7058 60.5265
10089.0000 0.1406 79.8834 49.0000 33.7775 39.1683 60.8792
10090.0000 0.1425 79.3859 49.0000 33.7234 38.6192 60.6088
10091.0000 0.1338 78.8756 49.0000 33.9599 38.5996 59.8177
10092.0000 0.1436 78.9969 49.0000 34.1936 37.7042 60.4127
10093.0000 0.1446 78.7698 49.0000 34.6017 37.0060 60.3155
10094.0000 0.1457 78.4749 49.0000 34.5461 36.7084 60.1445
10095.0000 0.1289 77.8959 49.0000 35.1800 36.8369 58.9337
10096.0000 0.1313 78.1817 49.0000 35.3878 36.6998 59.2723
10097.0000 0.1306 78.5975 49.0000 35.3608 37.1682 59.5457
10098.0000 0.1203 78.4624 49.0000 35.8530 37.3717 58.9429
10099.0000 0.1209 78.3705 49.0000 35.9543 37.1362 58.9077
10100.0000 0.1317 78.9378 49.0000 35.8499 36.9072 59.8650
10101.0000 0.1291 78.7619 49.0000 35.3961 37.4095 59.5910
10102.0000 0.1166 78.4059 49.0000 36.2065 37.2676 58.7171
10103.0000 0.1177 78.7977 49.0000 36.1417 37.6112 59.0615
10104.0000 0.1164 78.7339 49.0000 36.0055 37.7956 58.9417
10105.0000 0.1153 78.4252 49.0000 35.8147 37.7888 58.6500
10106.0000 0.1122 78.1544 49.0000 36.0798 37.5171 58.2994
10107.0000 0.1020 77.9893 49.0000 36.6047 37.6914 57.6349
10108.0000 0.1039 77.9404 49.0000 36.4903 37.6013 57.7002
10109.0000 0.0955 77.7038 49.0000 35.9571 38.6546 57.0157
10110.0000 0.1008 77.8815 49.0000 35.4127 38.9155 57.4200
10111.0000 0.1000 77.8696 49.0000 35.1177 39.2912 57.3290
10112.0000 0.0846 76.9026 49.0000 34.9932 39.8838 55.6666
10113.0000 0.0771 76.6435 49.0000 35.4066 39.9128 55.0234
10114.0000 0.0755 76.8575 49.0000 35.0660 40.6753 54.9816
10115.0000 0.0805 77.0462 49.0000 34.9679 40.4677 55.4592
10116.0000 0.0873 76.9496 49.0000 35.2669 39.3797 55.9172
10117.0000 0.0868 76.9147 49.0000 35.4147 39.2322 55.8793
10118.0000 0.0842 77.0909 49.0000 35.5641 39.4963 55.8412
10119.0000 0.0840 77.0414 49.0000 35.7621 39.2546 55.8170
10120.0000 0.0832 76.6554 49.0000 35.3456 39.3938 55.4515
10121.0000 0.0706 76.2713 49.0000 36.0932 39.4346 54.4013
10122.0000 0.0767 76.5861 49.0000 35.3234 39.9846 54.9446
10123.0000 0.0856 76.8024 49.0000 34.6407 40.0797 55.6080
10124.0000 0.0805 76.3624 49.0000 34.9967 39.7340 55.0241
10125.0000 0.0866 76.3580 49.0000 34.5429 39.6335 55.3761
10126.0000 0.0746 76.0944 49.0000 34.8188 40.2485 54.3881
10127.0000 0.0705 76.0284 49.0000 35.7382 39.5805 54.1893
10128.0000 0.0759 76.0341 49.0000 35.6510 39.1418 54.5721
10129.0000 0.0833 76.0718 49.0000 35.5850 38.5417 55.0924
10130.0000 0.0897 76.4115 49.0000 34.8852 39.0249 55.6669
10131.0000 0.0878 76.6406 49.0000 35.2250 39.0733 55.7337
10132.0000 0.0809 76.6349 49.0000 36.1265 38.7566 55.3688
10133.0000 0.0821 76.5799 49.0000 35.7027 39.0421 55.3671
10134.0000 0.0767 76.4022 49.0000 35.5245 39.5716 54.8579
10135.0000 0.0772 76.4678 49.0000 35.8301 39.2656 54.9704
10136.0000 0.0680 76.2619 49.0000 36.1649 39.6166 54.2080
10137.0000 0.0692 76.3321 49.0000 36.4064 39.3068 54.3703
10138.0000 0.0726 76.2172 49.0000 35.9107 39.3759 54.4887
10139.0000 0.0828 76.6341 49.0000 35.6762 39.0557 55.4495
10140.0000 0.0774 75.9968 49.0000 35.8676 38.7298 54.6721
10141.0000 0.0924 76.7177 49.0000 34.8751 39.0946 56.0441
10142.0000 0.0812 76.7991 49.0000 35.5265 39.5372 55.4327
10143.0000 0.0780 76.7924 49.0000 36.0538 39.2724 55.2709
10144.0000 0.0780 77.0782 49.0000 36.0358 39.5810 55.4600
10145.0000 0.0706 77.3812 49.0000 36.3492 40.3056 55.1547
10146.0000 0.0674 77.0609 49.0000 36.3442 40.3109 54.7039
10147.0000 0.0690 76.9391 49.0000 36.3148 40.0509 54.7430
10148.0000 0.0646 76.2579 49.0000 36.7524 39.3335 54.0131
10149.0000 0.0699 76.4568 49.0000 36.7356 39.0098 54.5378
10150.0000 0.0784 77.0581 49.0000 36.4499 39.0838 55.5141
10151.0000 0.0750 77.0473 49.0000 36.1785 39.6947 55.2425
10152.0000 0.0686 77.3349 49.0000 36.2487 40.5776 54.9561
10153.0000 0.0659 77.3739 49.0000 35.8131 41.4061 54.6779
10154.0000 0.0811 75.9011 48.0000 35.5183 38.6494 54.8238
10155.0000 0.0853 77.7021 49.0000 34.7382 40.9195 56.1824
10156.0000 0.0987 76.3868 48.0000 34.9336 38.1433 56.2110
10157.0000 0.0868 77.7593 49.0000 35.2478 40.2693 56.4136
10158.0000 0.1058 76.3434 48.0000 35.0664 37.3609 56.5935
10159.0000 0.1055 76.2162 48.0000 35.0450 37.2838 56.4861
10160.0000 0.1045 76.2686 48.0000 34.9872 37.4813 56.4618
10161.0000 0.0927 76.3601 48.0000 35.8696 37.6733 55.9013
10162.0000 0.0788 77.4823 49.0000 35.5339 40.4626 55.7102
10163.0000 0.0886 77.7525 49.0000 35.3662 39.9546 56.5537
10164.0000 0.0943 78.3345 49.0000 35.3644 40.0005 57.3203
10165.0000 0.1116 76.5908 48.0000 34.7171 37.4690 57.0696
10166.0000 0.0999 77.6370 49.0000 34.5322 39.6842 57.0981
10167.0000 0.1027 77.6935 49.0000 34.2129 39.8353 57.2617
10168.0000 0.0966 77.7143 49.0000 34.3383 40.2770 56.9048
10169.0000 0.1045 77.8737 49.0000 34.0109 40.0649 57.4663
10170.0000 0.1156 76.0480 48.0000 33.6753 37.7008 56.8148
10171.0000 0.1007 77.7518 49.0000 33.4747 40.8745 57.0443
10172.0000 0.0971 78.0708 49.0000 33.9340 41.0341 57.0940
10173.0000 0.1143 76.1183 48.0000 34.2333 37.2936 56.8442
10174.0000 0.1154 76.1596 48.0000 34.5132 36.9565 56.9503
10175.0000 0.1194 75.9866 48.0000 34.2976 36.6911 57.0211
10176.0000 0.0950 77.3037 49.0000 34.6305 39.7042 56.5700
10177.0000 0.0897 77.4983 49.0000 34.6512 40.3722 56.3504
10178.0000 0.1178 76.4281 48.0000 34.1965 37.3456 57.2464
10179.0000 0.0950 77.6656 49.0000 34.2397 40.4849 56.7501
10180.0000 0.1206 76.6201 48.0000 33.9307 37.5751 57.5104
10181.0000 0.1175 76.2763 48.0000 34.2142 37.2057 57.1245
10182.0000 0.1108 76.3128 48.0000 35.0418 36.9380 56.8445
10183.0000 0.1125 76.0828 48.0000 34.5935 37.0381 56.7457
10184.0000 0.0927 77.1542 49.0000 35.0331 39.3374 56.3739
10185.0000 0.0920 77.0570 49.0000 35.1036 39.2218 56.2776
10186.0000 0.0909 77.0599 49.0000 35.2044 39.2195 56.2202
10187.0000 0.1017 75.7656 48.0000 35.2501 36.9599 55.9626
10188.0000 0.0924 75.2898 48.0000 35.5917 36.9426 55.1092
10189.0000 0.0913 75.1645 48.0000 35.2730 37.2478 54.9373
10190.0000 0.0924 75.3265 48.0000 35.1732 37.4130 55.1107
10191.0000 0.0979 75.6791 48.0000 35.0115 37.4483 55.6700
10192.0000 0.0744 76.3885 49.0000 35.3037 40.0400 54.6411
10193.0000 0.0682 76.2773 49.0000 35.5432 40.3004 54.1367
10194.0000 0.0689 76.4126 49.0000 35.6114 40.2896 54.2905
10195.0000 0.0636 76.2197 49.0000 35.9301 40.2995 53.7997
10196.0000 0.0670 76.4124 49.0000 35.5950 40.5162 54.1321
10197.0000 0.0638 76.6224 49.0000 36.4883 40.0869 54.1538
10198.0000 0.0703 76.6356 49.0000 35.8074 40.1591 54.5719
10199.0000 0.0684 76.6102 49.0000 35.6091 40.5531 54.3742
10200.0000 0.0762 76.4834 49.0000 35.3013 39.9526 54.8391
10201.0000 0.0654 76.0106 49.0000 35.2111 40.7031 53.6753
10202.0000 0.0638 75.8810 49.0000 35.7021 40.1850 53.5579
10203.0000 0.0685 75.8830 49.0000 35.5824 39.8107 53.9188
10204.0000 0.0701 76.1115 49.0000 35.6510 39.8070 54.1975
10205.0000 0.0681 76.1518 49.0000 35.6703 40.0349 54.0734
10206.0000 0.0706 75.8681 49.0000 35.5326 39.6362 54.0590
10207.0000 0.0771 76.1584 49.0000 35.1500 39.6954 54.6704
10208.0000 0.0791 76.3663 49.0000 35.4992 39.3292 54.9985
10209.0000 0.0877 76.8780 49.0000 35.4780 39.0460 55.9192
10210.0000 0.0948 77.2617 49.0000 35.3059 38.9575 56.6142
10211.0000 0.0868 77.0357 49.0000 35.2378 39.5489 55.9346
10212.0000 0.0934 77.3715 49.0000 35.4261 39.0670 56.6136
10213.0000 0.0826 77.0278 49.0000 35.2263 39.9527 55.6433
10214.0000 0.0757 76.6615 49.0000 35.8048 39.6393 54.9885
10215.0000 0.0959 77.2290 49.0000 34.8757 39.2852 56.6098
10216.0000 0.0882 76.9267 49.0000 35.0519 39.5035 55.9336
10217.0000 0.0910 77.1467 49.0000 34.1494 40.4464 56.1206
10218.0000 0.0881 77.1547 49.0000 34.5280 40.3135 55.9954
10219.0000 0.0828 77.1678 49.0000 35.1530 40.1617 55.7330
10220.0000 0.0817 76.9757 49.0000 35.2137 40.0048 55.5415
10221.0000 0.0752 76.6480 49.0000 35.4309 40.0799 54.8923
10222.0000 0.0671 76.1943 49.0000 35.7387 40.1088 54.0333
10223.0000 0.0750 76.8855 49.0000 35.5415 40.2273 55.0450
10224.0000 0.0658 76.3361 49.0000 35.6796 40.4680 54.0047
10225.0000 0.0660 76.4441 49.0000 35.5815 40.6690 54.0712
10226.0000 0.0741 77.0796 49.0000 35.4312 40.6397 55.0846
10227.0000 0.0746 76.9622 49.0000 35.3062 40.6123 55.0208
10228.0000 0.0795 77.4703 49.0000 35.0336 40.9394 55.6620
10229.0000 0.0800 77.4928 49.0000 35.4572 40.4324 55.7956
10230.0000 0.0912 77.9862 49.0000 35.2509 40.0657 56.8678
10231.0000 0.0861 77.5272 49.0000 35.1214 40.2363 56.1960
10232.0000 0.0846 77.1421 49.0000 35.1278 39.9809 55.8433
10233.0000 0.0882 77.2876 49.0000 35.1470 39.7655 56.1851
10234.0000 0.0890 77.3866 49.0000 35.0890 39.8545 56.2944
10235.0000 0.0990 77.5217 49.0000 34.7251 39.4470 56.9887
10236.0000 0.1027 77.7253 49.0000 34.5319 39.5211 57.3311
10237.0000 0.0961 77.4623 49.0000 34.2327 40.1861 56.6887
10238.0000 0.1083 77.8106 49.0000 33.5418 40.1668 57.5853
10239.0000 0.1077 77.9483 49.0000 33.5148 40.3858 57.6340
10240.0000 0.1061 77.8129 49.0000 33.1796 40.7572 57.3831
10241.0000 0.0971 77.4320 49.0000 32.7698 41.6922 56.4235
10242.0000 0.0926 76.9114 49.0000 32.4444 41.9900 55.6737
10243.0000 0.0891 76.7692 49.0000 33.1467 41.3800 55.5204
10244.0000 0.0980 77.2407 49.0000 32.9191 41.2413 56.4059
10245.0000 0.0950 77.3938 49.0000 32.7969 41.8309 56.2524
10246.0000 0.0972 77.6780 49.0000 32.9672 41.7129 56.6310
10247.0000 0.0954 77.6974 49.0000 33.3221 41.4992 56.6069
10248.0000 0.0884 77.1644 49.0000 33.6260 41.3123 55.8294
10249.0000 0.0947 77.6594 49.0000 33.5648 41.2554 56.5895
10250.0000 0.1029 78.2505 49.0000 32.9194 41.7867 57.3875
10251.0000 0.0994 78.0581 49.0000 33.0110 41.8304 57.0399
10252.0000 0.0981 78.2275 49.0000 32.9297 42.2230 57.0297
10253.0000 0.0916 77.6052 49.0000 33.2729 41.8486 56.2510
10254.0000 0.0929 77.7198 49.0000 33.4233 41.6578 56.4613
10255.0000 0.0811 77.2718 49.0000 33.9791 41.7744 55.4190
10256.0000 0.0814 77.0846 49.0000 34.3032 41.1692 55.4113
10257.0000 0.0773 76.7918 49.0000 34.2092 41.3980 54.8899
10258.0000 0.0771 76.5797 49.0000 34.2486 41.1571 54.7501
10259.0000 0.0758 76.6015 49.0000 33.7182 41.9443 54.5119
10260.0000 0.0959 77.1468 49.0000 32.8030 41.4839 56.1666
10261.0000 0.0880 77.1484 49.0000 33.2828 41.7274 55.7042
10262.0000 0.0930 77.0796 49.0000 32.5675 41.9824 55.8400
10263.0000 0.0810 76.5386 49.0000 33.0976 42.0580 54.7159
10264.0000 0.0816 76.7495 49.0000 33.7032 41.4861 55.0770
10265.0000 0.0812 77.0703 49.0000 33.6424 41.9511 55.2098
10266.0000 0.0759 76.6849 49.0000 33.4913 42.3116 54.4852
10267.0000 0.0747 76.7916 49.0000 34.4200 41.4415 54.7249
10268.0000 0.0728 76.5209 49.0000 34.6836 41.0413 54.4804
10269.0000 0.0879 77.0233 49.0000 34.0116 40.7749 55.7962
10270.0000 0.0844 76.8718 49.0000 34.2428 40.7054 55.4957
10271.0000 0.0749 75.9132 49.0000 34.0708 40.8894 54.1300
10272.0000 0.0752 75.9905 49.0000 34.4623 40.4877 54.2923
10273.0000 0.0721 76.2620 49.0000 34.3302 41.2607 54.1746
10274.0000 0.0790 76.4450 49.0000 34.2483 40.8074 54.8238
10275.0000 0.0716 76.0792 49.0000 34.2618 41.2003 54.0066
10276.0000 0.0722 76.3221 49.0000 34.1282 41.5528 54.1635
10277.0000 0.0720 76.1122 49.0000 33.9058 41.6219 53.9544
10278.0000 0.0746 76.1622 49.0000 34.3638 40.8420 54.3299
10279.0000 0.0774 76.5238 49.0000 34.6624 40.5851 54.8386
10280.0000 0.0855 76.8053 49.0000 34.2180 40.5623 55.5236
10281.0000 0.0792 76.9717 49.0000 34.3462 41.2337 55.1793
10282.0000 0.0852 77.1398 49.0000 34.1104 41.0555 55.6909
10283.0000 0.0834 76.9276 49.0000 33.9199 41.2406 55.3760
10284.0000 0.0744 76.7042 49.0000 34.5143 41.2676 54.6744
10285.0000 0.0693 76.9098 49.0000 35.1490 41.3079 54.5282
10286.0000 0.0711 76.7905 49.0000 34.9667 41.1876 54.5682
10287.0000 0.0661 76.2265 49.0000 34.9908 41.1193 53.8083
10288.0000 0.0661 76.3147 49.0000 35.1705 40.9991 53.9077
10289.0000 0.0630 76.3587 49.0000 35.0904 41.4992 53.6388
10290.0000 0.0648 76.4189 49.0000 35.0482 41.3997 53.8287
10291.0000 0.0620 76.5401 49.0000 34.8632 42.1026 53.5752
10292.0000 0.0596 76.7554 49.0000 35.2031 42.2102 53.5765
10293.0000 0.0611 76.5033 49.0000 35.3596 41.5609 53.6203
10294.0000 0.0732 76.6668 49.0000 34.5900 41.2680 54.5736
10295.0000 0.0682 76.3638 49.0000 34.4769 41.6324 53.9400
10296.0000 0.0699 75.8619 49.0000 34.8774 40.4410 53.8807
10297.0000 0.0738 76.1672 49.0000 34.3155 40.9903 54.2557
10298.0000 0.0743 76.0987 49.0000 34.4013 40.7674 54.2731
10299.0000 0.0774 76.2610 49.0000 34.3581 40.6548 54.6117
10300.0000 0.0729 75.6610 49.0000 34.6183 40.2037 53.9428
10301.0000 0.0715 75.7395 49.0000 34.7752 40.2513 53.9164
10302.0000 0.0658 75.9595 49.0000 35.5286 40.2453 53.7390
10303.0000 0.0602 75.4883 49.0000 35.7343 40.1301 53.0201
10304.0000 0.0640 75.7279 49.0000 36.1405 39.5082 53.5508
10305.0000 0.0710 75.7997 49.0000 35.1638 39.9352 53.9842
10306.0000 0.0706 75.9511 49.0000 35.8401 39.3874 54.1544
10307.0000 0.0779 76.2746 49.0000 35.7303 39.1040 54.8821
10308.0000 0.0798 76.7546 49.0000 34.9636 40.2422 55.2212
10309.0000 0.0836 77.3510 49.0000 35.2376 40.1791 55.9207
10310.0000 0.0861 77.4793 49.0000 35.0603 40.2506 56.1578
10311.0000 0.0804 77.2889 49.0000 34.8668 40.8460 55.5830
10312.0000 0.0763 77.5970 49.0000 35.2109 41.2048 55.5307
10313.0000 0.0777 77.6196 49.0000 35.5712 40.6751 55.7228
10314.0000 0.0810 77.4911 49.0000 35.3207 40.4837 55.8425
10315.0000 0.0727 77.6543 49.0000 36.2840 40.4409 55.4815
10316.0000 0.0708 77.5888 49.0000 36.2151 40.6471 55.2838
10317.0000 0.0809 77.7954 49.0000 35.7112 40.3758 56.0948
10318.0000 0.0759 77.4266 49.0000 35.3559 40.8984 55.4271
10319.0000 0.0757 77.0960 49.0000 35.2665 40.6762 55.1861
10320.0000 0.0826 77.3295 49.0000 35.6658 39.7905 55.8974
10321.0000 0.0832 77.4260 49.0000 34.9602 40.5921 55.9003
10322.0000 0.0884 77.5847 49.0000 35.1450 40.0439 56.3978
10323.0000 0.0848 77.5865 49.0000 35.6477 39.8568 56.2170
10324.0000 0.0787 77.4925 49.0000 35.2477 40.7985 55.6612
10325.0000 0.0664 77.2424 49.0000 35.8686 41.1452 54.6526
10326.0000 0.0549 76.6702 49.0000 36.5503 41.0844 53.4272
10327.0000 0.0662 76.9796 49.0000 36.1846 40.5345 54.5297
10328.0000 0.0688 77.2293 49.0000 36.0312 40.6878 54.8691
10329.0000 0.0555 76.9259 49.0000 36.9452 40.8299 53.7175
10330.0000 0.0609 77.1847 49.0000 36.5597 40.9263 54.2762
10331.0000 0.0678 77.8749 49.0000 36.4112 41.0490 55.2604
10332.0000 0.0721 78.0610 49.0000 36.1415 41.0832 55.6731
10333.0000 0.0744 77.7450 49.0000 36.2956 40.3494 55.6672
10334.0000 0.0671 77.4468 49.0000 36.8404 40.2105 54.9901
10335.0000 0.0705 77.8863 49.0000 36.4893 40.6894 55.4903
10336.0000 0.0807 77.8703 49.0000 35.7272 40.4601 56.1279
10337.0000 0.0829 77.7478 49.0000 35.8791 39.9536 56.2238
10338.0000 0.0742 77.6896 49.0000 35.9520 40.6870 55.5671
10339.0000 0.0659 77.4000 49.0000 36.2349 40.9549 54.7767
10340.0000 0.0662 77.3743 49.0000 36.0473 41.1088 54.7488
10341.0000 0.0671 77.1853 49.0000 36.0630 40.7968 54.7051
10342.0000 0.0591 77.2252 49.0000 36.3586 41.3996 54.1097
10343.0000 0.0632 77.5010 49.0000 36.5241 41.0365 54.6663
10344.0000 0.0663 77.6571 49.0000 36.7609 40.6021 55.0522
10345.0000 0.0797 78.0825 49.0000 36.7155 39.7108 56.3197
10346.0000 0.0759 78.0661 49.0000 36.9634 39.8090 56.0647
10347.0000 0.0988 77.4767 48.0000 36.4080 37.6808 57.0723
10348.0000 0.0757 78.3469 49.0000 37.1126 39.9479 56.2589
10349.0000 0.0701 78.1342 49.0000 37.2438 40.1603 55.7226
10350.0000 0.0752 78.2336 49.0000 37.1617 39.8365 56.1476
10351.0000 0.0658 77.9615 49.0000 37.3526 40.3199 55.2909
10352.0000 0.0768 78.2030 49.0000 36.6782 40.1582 56.1937
10353.0000 0.0809 77.9086 49.0000 35.8564 40.3363 56.1876
10354.0000 0.0728 77.8062 49.0000 35.9902 40.9150 55.5380
10355.0000 0.0781 77.7163 49.0000 35.5885 40.7151 55.8171
10356.0000 0.0793 77.7996 49.0000 35.6548 40.5993 55.9751
10357.0000 0.0775 77.1903 49.0000 35.9737 39.8118 55.4910
10358.0000 0.0809 76.9592 49.0000 35.5201 39.7318 55.5196
10359.0000 0.0820 77.1889 49.0000 35.8649 39.4913 55.7877
10360.0000 0.0809 77.1065 49.0000 36.0691 39.2924 55.6825
10361.0000 0.0906 77.0921 49.0000 35.4494 39.0202 56.2491
10362.0000 0.0893 77.4355 49.0000 35.5997 39.3278 56.4113
10363.0000 0.0952 77.4330 49.0000 35.8460 38.5310 56.8004
10364.0000 0.0962 77.2669 49.0000 35.6440 38.4896 56.7294
10365.0000 0.1028 77.9748 49.0000 34.8939 39.3748 57.5509
10366.0000 0.0850 78.1017 49.0000 35.7074 40.2888 56.5832
10367.0000 0.0813 78.1195 49.0000 36.0604 40.2882 56.3840
10368.0000 0.0879 78.2429 49.0000 35.7452 40.1089 56.8815
10369.0000 0.0870 77.9766 49.0000 36.2653 39.3790 56.6963
10370.0000 0.0809 77.9980 49.0000 35.7099 40.5814 56.2286
10371.0000 0.0802 78.0461 49.0000 36.0450 40.3377 56.2568
10372.0000 0.0866 77.9813 49.0000 36.1614 39.5266 56.6664
10373.0000 0.0851 77.8221 49.0000 36.1163 39.5577 56.4542
10374.0000 0.0810 77.5492 49.0000 36.4715 39.3075 56.0235
10375.0000 0.0848 77.7814 49.0000 36.4241 39.2263 56.4316
10376.0000 0.0870 77.5549 49.0000 36.6132 38.5927 56.4343
10377.0000 0.0918 77.2747 49.0000 36.3947 38.1099 56.5193
10378.0000 0.0955 77.4524 49.0000 36.0307 38.3322 56.8445
10379.0000 0.0912 77.1293 49.0000 36.1453 38.2797 56.3658
10380.0000 0.0905 77.1719 49.0000 36.0384 38.4974 56.3444
10381.0000 0.0867 77.7101 49.0000 36.4270 38.9706 56.5087
10382.0000 0.0961 77.8555 49.0000 36.0144 38.6865 57.1646
10383.0000 0.0865 77.0634 49.0000 35.5996 39.2143 55.9793
10384.0000 0.0837 76.7404 49.0000 35.7706 38.9791 55.5894
10385.0000 0.0879 77.1328 49.0000 35.6549 39.0945 56.1232
10386.0000 0.0874 77.2840 49.0000 35.5947 39.3579 56.1852
10387.0000 0.0881 77.3197 49.0000 34.8845 40.0948 56.1588
10388.0000 0.0868 77.2846 49.0000 34.9822 40.0775 56.0620
10389.0000 0.0974 77.4363 49.0000 34.8816 39.3477 56.8455
10390.0000 0.0913 77.4447 49.0000 35.4338 39.3216 56.5326
10391.0000 0.1046 78.0291 49.0000 34.7371 39.4387 57.6755
10392.0000 0.0985 77.5371 49.0000 35.1390 39.0695 57.0161
10393.0000 0.1037 77.6758 49.0000 35.0995 38.7916 57.4175
10394.0000 0.0979 77.4005 49.0000 35.2026 38.9266 56.8888
10395.0000 0.0809 76.6059 49.0000 36.1750 38.6785 55.3517
10396.0000 0.1002 77.4001 49.0000 35.8268 38.0741 57.0752
10397.0000 0.1038 77.3003 49.0000 35.1039 38.4122 57.1625
10398.0000 0.1051 77.5193 49.0000 35.5549 38.0513 57.4212
10399.0000 0.1069 77.7611 49.0000 35.1462 38.5498 57.6667
10400.0000 0.1102 78.5364 49.0000 35.3376 38.8098 58.4211
10401.0000 0.1136 78.7041 49.0000 35.2960 38.7240 58.7280
10402.0000 0.1060 78.7020 49.0000 35.4447 39.2265 58.3006
10403.0000 0.0987 78.3910 49.0000 35.4297 39.5882 57.6425
10404.0000 0.0947 77.9193 49.0000 35.4392 39.4809 57.0679
10405.0000 0.0824 77.8824 49.0000 35.6137 40.4211 56.2446
10406.0000 0.0837 78.0049 49.0000 35.5772 40.4627 56.4074
10407.0000 0.0933 78.5200 49.0000 35.0747 40.5906 57.3373
10408.0000 0.1061 78.9211 49.0000 34.8793 40.0243 58.3955
10409.0000 0.1077 78.9764 49.0000 34.3281 40.5170 58.4571
10410.0000 0.1067 79.0183 49.0000 34.3400 40.6358 58.4242
10411.0000 0.0985 78.6594 49.0000 34.4181 40.9544 57.6666
10412.0000 0.1018 78.6906 49.0000 34.4808 40.6126 57.9129
10413.0000 0.0905 78.4582 49.0000 34.8258 41.0742 57.0593
10414.0000 0.0884 78.4040 49.0000 34.7075 41.3643 56.8469
10415.0000 0.0797 77.6248 49.0000 34.9359 41.1859 55.7567
10416.0000 0.0759 77.8096 49.0000 35.3104 41.3580 55.6510
10417.0000 0.0773 77.9747 49.0000 35.1898 41.5105 55.8445
10418.0000 0.0800 78.1421 49.0000 35.0463 41.5700 56.1238
10419.0000 0.0786 78.1892 49.0000 34.7555 42.1033 55.9724
10420.0000 0.0787 78.6721 49.0000 34.8598 42.4806 56.2982
10421.0000 0.0794 78.9459 49.0000 34.8962 42.6524 56.5286
10422.0000 0.0760 79.1772 49.0000 34.7750 43.4257 56.3377
10423.0000 0.0756 78.8528 49.0000 34.8697 43.0125 56.1408
10424.0000 0.0711 78.5057 49.0000 34.5077 43.6149 55.4085
10425.0000 0.0706 78.3640 49.0000 34.6835 43.2916 55.3516
10426.0000 0.0653 78.2374 49.0000 35.5287 42.7515 55.0555
10427.0000 0.0650 78.0021 49.0000 35.1325 43.0181 54.7675
10428.0000 0.0643 78.2572 49.0000 35.0740 43.4744 54.8085
10429.0000 0.0637 78.1138 49.0000 34.6628 43.9342 54.4980
10430.0000 0.0598 77.8640 49.0000 34.7023 44.1331 53.9521
10431.0000 0.0563 78.1333 49.0000 34.8335 44.7888 53.7159
10432.0000 0.0618 78.3015 49.0000 34.4791 44.6702 54.2853
10433.0000 0.0681 78.4248 49.0000 34.5579 43.8450 55.0802
10434.0000 0.0674 78.3040 49.0000 34.3609 44.0524 54.8655
10435.0000 0.0555 77.7682 49.0000 35.0255 44.1935 53.5541
10436.0000 0.0536 77.6381 49.0000 35.4706 43.6992 53.4780
10437.0000 0.0595 78.0406 49.0000 34.9995 43.9725 54.1460
10438.0000 0.0576 78.1866 49.0000 35.5352 43.6798 54.2446
10439.0000 0.0531 77.5247 49.0000 35.6810 43.3466 53.4603
10440.0000 0.0570 77.8837 49.0000 35.4631 43.5078 53.9936
10441.0000 0.0598 78.1066 49.0000 35.5679 43.2595 54.4443
10442.0000 0.0649 78.4788 49.0000 34.9265 43.8322 54.9344
10443.0000 0.0733 78.3991 49.0000 34.0589 43.8025 55.3872
10444.0000 0.0718 78.3942 49.0000 34.5087 43.4045 55.4153
10445.0000 0.0764 78.8472 49.0000 34.0910 43.8746 55.9437
10446.0000 0.0752 78.8374 49.0000 33.8511 44.3167 55.7267
10447.0000 0.0735 78.7548 49.0000 33.9452 44.3199 55.5499
10448.0000 0.0705 78.8602 49.0000 34.2037 44.4948 55.4009
10449.0000 0.0754 78.3301 49.0000 33.5261 44.1561 55.3340
10450.0000 0.0688 78.0437 49.0000 34.0778 43.9453 54.7571
10451.0000 0.0720 77.5334 49.0000 33.7105 43.4375 54.6646
10452.0000 0.0721 77.6850 49.0000 33.7367 43.5637 54.7631
10453.0000 0.0684 77.3442 49.0000 33.6525 43.7685 54.1660
10454.0000 0.0712 77.1852 49.0000 33.2008 43.8211 54.1754
10455.0000 0.0691 76.8882 49.0000 32.8953 44.1975 53.6310
10456.0000 0.0680 76.9221 49.0000 32.9068 44.3801 53.5216
10457.0000 0.0648 77.0433 49.0000 32.9394 44.9766 53.1767
10458.0000 0.0728 77.1864 49.0000 32.2717 44.9328 53.8268
10459.0000 0.0688 76.7720 49.0000 32.1213 45.2903 53.0184
10460.0000 0.0722 77.1579 49.0000 32.0127 45.3981 53.5494
10461.0000 0.0754 77.0909 49.0000 31.6324 45.4209 53.6594
10462.0000 0.0820 77.7237 49.0000 31.3328 45.6460 54.5497
10463.0000 0.0772 77.5820 49.0000 31.7822 45.5015 54.2077
10464.0000 0.0841 77.6337 49.0000 31.3818 45.1609 54.7966
10465.0000 0.0919 77.8062 49.0000 31.0439 44.8020 55.5235
10466.0000 0.0883 77.3570 49.0000 30.7964 45.1186 54.7722
10467.0000 0.0884 77.3387 49.0000 31.1551 44.5712 54.9913
10468.0000 0.0891 77.3625 49.0000 30.8351 44.9519 54.8952
10469.0000 0.0883 76.9939 49.0000 30.7566 44.7437 54.5902
10470.0000 0.0919 77.3018 49.0000 30.7979 44.5710 55.1407
10471.0000 0.0929 77.5282 49.0000 30.7911 44.7118 55.3479
10472.0000 0.0868 77.7603 49.0000 30.8865 45.6614 54.8428
10473.0000 0.0859 77.6399 49.0000 30.7680 45.8343 54.5940
10474.0000 0.0842 77.2648 49.0000 31.2628 44.8904 54.5649
10475.0000 0.0865 77.5357 49.0000 31.5381 44.5106 55.0994
10476.0000 0.0938 77.7585 49.0000 31.0354 44.5289 55.6809
10477.0000 0.0884 77.2604 49.0000 30.8145 44.9559 54.7595
10478.0000 0.0945 77.1849 49.0000 30.5548 44.4487 55.2107
10479.0000 0.0893 76.6223 49.0000 30.3679 44.7438 54.2840
10480.0000 0.0912 76.5653 49.0000 30.2478 44.6005 54.3886
10481.0000 0.0919 76.9514 49.0000 30.1704 45.0621 54.5956
10482.0000 0.0991 77.1253 49.0000 29.7733 44.8714 55.2125
10483.0000 0.0970 76.8370 49.0000 29.6630 44.9843 54.7763
10484.0000 0.1045 77.6100 49.0000 29.2986 45.3853 55.7232
10485.0000 0.0969 77.6307 49.0000 30.1092 45.2533 55.4265
10486.0000 0.0963 77.4319 49.0000 29.8561 45.4745 55.1034
10487.0000 0.0904 77.1788 49.0000 30.3221 45.3145 54.6237
10488.0000 0.0921 76.8075 49.0000 29.9074 45.2612 54.3724
10489.0000 0.0906 76.9828 49.0000 30.0250 45.4998 54.3564
10490.0000 0.0955 77.6503 49.0000 29.8375 45.8699 55.0931
10491.0000 0.0967 77.7818 49.0000 30.2258 45.2886 55.5460
10492.0000 0.0945 77.7024 49.0000 29.8378 46.0748 54.9952
10493.0000 0.1027 77.9286 49.0000 29.5727 45.5952 55.8515
10494.0000 0.1019 77.6274 49.0000 29.9669 44.8136 55.8547
10495.0000 0.1096 77.8357 49.0000 29.4532 44.8062 56.4208
10496.0000 0.1026 77.3475 49.0000 29.6713 44.8209 55.6179
10497.0000 0.0909 77.3405 49.0000 30.4942 45.1826 54.8651
10498.0000 0.0981 77.7012 49.0000 29.9995 45.3316 55.5206
10499.0000 0.0898 77.0941 49.0000 30.4545 45.1059 54.6029
10500.0000 0.0863 76.9447 49.0000 30.9986 44.6092 54.4941
10501.0000 0.1012 77.2726 49.0000 30.4051 43.9410 55.8191
10502.0000 0.1039 77.0426 49.0000 30.1052 43.7763 55.7932
10503.0000 0.1038 76.9816 49.0000 30.5861 43.1280 55.9520
10504.0000 0.1036 77.0318 49.0000 31.0841 42.5917 56.1571
10505.0000 0.1026 76.7919 49.0000 31.2884 42.2091 56.0038
10506.0000 0.1090 76.7485 49.0000 30.6872 42.2256 56.2639
10507.0000 0.1081 76.7502 49.0000 30.9377 42.0292 56.2761
10508.0000 0.1098 76.9016 49.0000 30.8735 42.0835 56.4771
10509.0000 0.1092 77.3261 49.0000 30.7866 42.6819 56.6548
10510.0000 0.1116 77.5480 49.0000 30.4866 43.0141 56.8687
10511.0000 0.1091 77.4313 49.0000 31.1335 42.3872 56.8299
10512.0000 0.1115 77.6070 49.0000 31.1170 42.3539 57.1028
10513.0000 0.1157 77.4783 49.0000 31.3072 41.6119 57.3689
10514.0000 0.1085 77.2767 49.0000 31.4860 41.8913 56.7929
10515.0000 0.1146 77.4364 49.0000 31.0189 42.0013 57.1850
10516.0000 0.1099 77.0064 49.0000 31.7264 41.2113 56.7895
10517.0000 0.1098 76.8329 49.0000 31.3087 41.5244 56.5578
10518.0000 0.1156 77.0826 49.0000 30.8082 41.7891 56.9760
10519.0000 0.1174 76.6682 49.0000 30.4874 41.5730 56.7471
10520.0000 0.1231 76.7566 49.0000 30.9683 40.6156 57.2966
10521.0000 0.1283 76.7969 49.0000 31.2078 39.9529 57.6854
10522.0000 0.1213 76.2134 49.0000 31.2578 39.9322 56.8933
10523.0000 0.1193 76.2125 49.0000 31.4488 39.8970 56.8115
10524.0000 0.1252 76.6733 49.0000 31.6774 39.5978 57.5096
10525.0000 0.1220 76.4897 49.0000 32.2784 39.0540 57.3024
10526.0000 0.1090 76.0480 49.0000 32.4964 39.5046 56.2731
10527.0000 0.1074 75.7491 49.0000 32.6015 39.2308 56.0002
10528.0000 0.1111 76.4445 49.0000 32.8078 39.3716 56.7211
10529.0000 0.1161 76.4864 49.0000 32.4660 39.3457 56.9916
10530.0000 0.1140 76.3575 49.0000 32.5713 39.2855 56.7999
10531.0000 0.1188 76.6506 49.0000 32.0707 39.6939 57.1942
10532.0000 0.1125 76.2783 49.0000 32.5169 39.3983 56.6463
10533.0000 0.1113 76.1203 49.0000 33.0592 38.7749 56.5499
10534.0000 0.1063 76.1107 49.0000 33.1090 39.1418 56.2543
10535.0000 0.1082 76.2789 49.0000 33.2736 38.9610 56.5101
10536.0000 0.1075 76.7797 49.0000 33.5707 39.1983 56.8474
10537.0000 0.1122 76.7446 49.0000 32.7757 39.5996 56.9856
10538.0000 0.1066 76.6510 49.0000 32.8967 39.8770 56.5951
10539.0000 0.1000 76.4054 49.0000 32.9958 40.1189 56.0315
10540.0000 0.1013 76.5479 49.0000 32.7483 40.4183 56.1560
10541.0000 0.1003 76.8393 49.0000 32.5004 41.0830 56.2156
10542.0000 0.1185 77.6023 49.0000 31.9958 40.7235 57.7925
10543.0000 0.1162 77.3608 49.0000 31.9901 40.6951 57.4912
10544.0000 0.1120 77.2822 49.0000 31.9953 40.9908 57.1717
10545.0000 0.1166 77.1764 49.0000 31.5533 40.9565 57.2988
10546.0000 0.1157 77.1675 49.0000 31.2820 41.3341 57.1642
10547.0000 0.1006 76.6895 49.0000 31.3044 42.2860 55.7961
10548.0000 0.0957 76.3745 49.0000 31.7148 41.9716 55.3680
10549.0000 0.1048 76.6695 49.0000 31.7026 41.3802 56.2213
10550.0000 0.1161 77.1694 49.0000 31.3457 41.2243 57.2111
10551.0000 0.1206 77.6843 49.0000 31.3235 41.3530 57.8240
10552.0000 0.1230 77.6664 49.0000 31.7316 40.6745 58.0582
10553.0000 0.1196 77.2462 49.0000 31.3057 41.0304 57.4755
10554.0000 0.1224 77.2183 49.0000 31.6697 40.3652 57.7091
10555.0000 0.0992 76.3100 49.0000 31.7663 41.4957 55.6078
10556.0000 0.0952 76.3538 49.0000 31.8419 41.8495 55.3590
10557.0000 0.0917 76.2141 49.0000 31.9841 41.9061 55.0408
10558.0000 0.0970 76.7072 49.0000 31.9410 41.9170 55.7381
10559.0000 0.0861 76.2175 49.0000 32.8673 41.4444 54.8744
10560.0000 0.0805 76.0262 49.0000 32.8520 41.8614 54.2988
10561.0000 0.0944 76.4904 49.0000 32.5289 41.2721 55.5812
10562.0000 0.0907 76.2993 49.0000 32.7481 41.1956 55.2455
10563.0000 0.0958 76.1955 49.0000 32.6214 40.7226 55.5271
10564.0000 0.0864 75.7906 49.0000 33.0288 40.7709 54.6906
10565.0000 0.0846 75.3606 49.0000 32.7812 40.7994 54.2219
10566.0000 0.0937 75.6283 49.0000 32.6608 40.3011 55.0339
10567.0000 0.0954 75.8597 49.0000 32.3761 40.6967 55.2291
10568.0000 0.0956 75.6963 49.0000 31.5849 41.4307 54.9164
10569.0000 0.0980 75.7068 49.0000 31.8399 40.9052 55.1771
10570.0000 0.0969 76.0477 49.0000 31.7344 41.4860 55.2729
10571.0000 0.0922 75.9648 49.0000 31.4761 42.2038 54.7608
10572.0000 0.0989 76.5185 49.0000 30.8696 42.8128 55.4005
10573.0000 0.0966 76.4197 49.0000 31.4156 42.2830 55.3640
10574.0000 0.0944 76.2427 49.0000 31.7120 41.9711 55.1881
10575.0000 0.0870 76.0709 49.0000 32.2426 41.9345 54.6690
10576.0000 0.0977 76.2028 49.0000 31.7617 41.5362 55.4328
10577.0000 0.1026 76.2677 49.0000 31.7463 41.1385 55.8262
10578.0000 0.1024 76.1312 49.0000 31.7636 40.9992 55.7323
10579.0000 0.1009 75.9937 49.0000 31.9109 40.8330 55.5824
10580.0000 0.0998 76.0604 49.0000 31.8761 41.0466 55.5363
10581.0000 0.1035 75.8928 49.0000 31.8040 40.6128 55.6671
10582.0000 0.1054 76.0393 49.0000 31.7946 40.5924 55.8868
10583.0000 0.1046 75.7991 49.0000 31.7797 40.4439 55.6762
10584.0000 0.1006 75.7423 49.0000 31.9678 40.5445 55.4175
10585.0000 0.1023 76.1918 49.0000 31.9788 40.8267 55.8188
10586.0000 0.1071 76.3671 49.0000 31.8251 40.7260 56.2183
10587.0000 0.1093 76.6922 49.0000 31.8718 40.7978 56.5811
10588.0000 0.1096 76.8566 49.0000 32.0082 40.7744 56.7438
10589.0000 0.1105 76.5262 49.0000 32.1551 40.2134 56.6144
10590.0000 0.1067 76.0846 49.0000 32.5218 39.7141 56.1604
10591.0000 0.1139 76.4840 49.0000 32.6233 39.3653 56.8850
10592.0000 0.1055 76.0591 49.0000 32.9782 39.2970 56.1531
10593.0000 0.1015 76.1034 49.0000 33.5120 39.1251 56.0170
10594.0000 0.0988 75.7605 49.0000 33.0919 39.4806 55.5505
10595.0000 0.0861 75.6920 49.0000 33.0653 40.6540 54.6188
10596.0000 0.0903 75.8175 49.0000 32.7593 40.7226 54.9254
10597.0000 0.0853 75.4888 49.0000 32.9656 40.6381 54.4093
10598.0000 0.0900 75.6087 49.0000 32.7168 40.5776 54.7700
10599.0000 0.0901 75.7369 49.0000 32.9355 40.4523 54.9085
10600.0000 0.0950 75.9516 49.0000 32.6549 40.5156 55.3244
10601.0000 0.0958 76.1199 49.0000 32.0865 41.2657 55.3338
10602.0000 0.0937 75.8187 49.0000 32.0695 41.1837 54.9902
10603.0000 0.0827 75.2268 49.0000 32.4438 41.2600 53.8896
10604.0000 0.0815 75.1948 49.0000 32.3634 41.4448 53.7513
10605.0000 0.0893 75.4400 49.0000 32.0758 41.2303 54.4280
10606.0000 0.0828 75.3646 49.0000 32.1980 41.6894 53.8991
10607.0000 0.0771 75.4718 49.0000 32.4457 42.1449 53.5451
10608.0000 0.0789 75.6240 49.0000 32.6273 41.8784 53.8577
10609.0000 0.0708 75.3627 49.0000 32.3902 42.8831 52.8342
10610.0000 0.0666 74.8035 49.0000 32.8827 42.1033 52.3603
10611.0000 0.0683 74.8218 49.0000 32.6204 42.2592 52.4249
10612.0000 0.0630 74.4634 49.0000 32.9289 42.1233 51.8277
10613.0000 0.0655 74.7008 49.0000 32.7236 42.3467 52.1166
10614.0000 0.0802 75.5777 49.0000 31.9537 42.5339 53.6826
10615.0000 0.0748 75.4805 49.0000 32.1795 42.7840 53.2100
10616.0000 0.0711 75.3184 49.0000 32.6219 42.4731 52.9595
10617.0000 0.0754 75.1231 49.0000 31.7682 42.8607 52.8888
10618.0000 0.0635 74.4131 49.0000 32.6201 42.4240 51.7053
10619.0000 0.0555 74.5868 49.0000 33.2979 42.8125 51.2009
10620.0000 0.0569 74.7594 49.0000 33.2595 42.8625 51.4352
10621.0000 0.0596 74.6054 49.0000 33.0638 42.5769 51.5748
10622.0000 0.0610 74.7034 49.0000 32.6693 43.0637 51.5639
10623.0000 0.0628 74.6386 49.0000 32.9471 42.3300 51.8997
10624.0000 0.0623 74.9994 49.0000 33.2170 42.4479 52.1509
10625.0000 0.0584 74.8004 49.0000 33.3978 42.4971 51.7076
10626.0000 0.0571 74.6320 49.0000 33.7664 41.9707 51.6549
10627.0000 0.0591 74.4203 49.0000 33.5446 41.7570 51.6671
10628.0000 0.0604 74.5020 49.0000 33.8084 41.3321 51.9539
10629.0000 0.0505 73.8791 49.0000 34.0427 41.6145 50.6699
10630.0000 0.0518 73.9091 49.0000 33.4565 42.2938 50.5417
10631.0000 0.0530 73.5320 49.0000 33.2931 41.8980 50.4290
10632.0000 0.0519 73.5901 49.0000 33.3359 42.0650 50.3463
10633.0000 0.0492 73.5065 49.0000 33.5054 42.1277 50.0585
10634.0000 0.0441 73.4574 49.0000 33.6430 42.7147 49.3923
10635.0000 0.0406 73.2361 49.0000 33.5779 43.2235 48.6598
10636.0000 0.0431 73.3377 49.0000 33.5356 42.9174 49.1109
10637.0000 0.0427 73.5748 49.0000 33.4330 43.5393 48.9879
10638.0000 0.0422 73.4278 49.0000 33.5983 43.1283 49.0178
10639.0000 0.0419 73.2706 49.0000 33.6667 42.8484 48.9810
10640.0000 0.0429 73.2474 49.0000 33.6691 42.6184 49.1450
10641.0000 0.0382 72.6265 49.0000 33.8947 42.2749 48.3590
10642.0000 0.0353 72.5142 49.0000 34.1598 42.2515 48.0232
10643.0000 0.0314 72.5444 49.0000 34.4326 42.6701 47.5010
10644.0000 0.0385 72.5544 49.0000 33.7631 42.3493 48.2776
10645.0000 0.0329 72.4704 49.0000 34.3752 42.3230 47.7396
10646.0000 0.0360 72.7579 49.0000 34.7893 41.4297 48.6517
10647.0000 0.0385 72.7301 49.0000 34.7424 41.0462 48.9678
10648.0000 0.0394 72.9298 49.0000 35.1532 40.5859 49.3537
10649.0000 0.0449 73.5207 49.0000 35.0213 40.6717 50.2455
10650.0000 0.0447 73.6127 49.0000 35.1895 40.5895 50.3291
10651.0000 0.0479 73.7247 49.0000 35.2745 40.1967 50.7472
10652.0000 0.0522 73.7505 49.0000 35.0422 39.9713 51.1221
10653.0000 0.0535 74.0603 49.0000 35.1888 39.9847 51.4577
10654.0000 0.0568 74.2676 49.0000 34.3803 40.7924 51.6686
10655.0000 0.0631 74.3129 49.0000 34.8772 39.5191 52.3854
10656.0000 0.0591 74.0413 49.0000 34.9919 39.5450 51.9026
10657.0000 0.0670 74.2816 49.0000 34.7924 39.1675 52.6607
10658.0000 0.0704 74.5682 49.0000 34.5865 39.3525 53.0619
10659.0000 0.0654 74.1134 49.0000 35.2812 38.6246 52.4993
10660.0000 0.0648 73.7826 49.0000 35.2989 38.3196 52.2443
10661.0000 0.0631 74.0913 49.0000 35.2453 38.8784 52.3046
10662.0000 0.0630 74.3120 49.0000 35.2017 39.1636 52.4341
10663.0000 0.0687 74.4035 49.0000 35.0536 38.8386 52.9027
10664.0000 0.0694 74.3840 49.0000 34.9904 38.8086 52.9391
10665.0000 0.0634 74.4422 49.0000 35.1628 39.3112 52.5342
10666.0000 0.0677 74.5818 49.0000 34.9312 39.2531 52.9288
10667.0000 0.0702 74.4571 49.0000 34.8623 38.9446 53.0264
10668.0000 0.0718 74.5135 49.0000 34.7945 38.9196 53.1683
10669.0000 0.0725 74.8867 49.0000 34.6029 39.4512 53.4253
10670.0000 0.0693 74.8874 49.0000 34.5398 39.8521 53.1689
10671.0000 0.0747 75.3168 49.0000 34.0490 40.3059 53.7469
10672.0000 0.0760 75.0647 49.0000 34.1567 39.7767 53.7200
10673.0000 0.0759 74.9048 49.0000 34.6814 39.0390 53.7019
10674.0000 0.0762 74.7338 49.0000 34.4237 39.1170 53.5725
10675.0000 0.0706 74.5610 49.0000 35.1348 38.7181 53.1583
10676.0000 0.0747 74.6751 49.0000 34.9279 38.6501 53.5030
10677.0000 0.0791 74.6373 49.0000 34.6971 38.4344 53.7553
10678.0000 0.0723 74.4471 49.0000 35.0885 38.4773 53.2040
10679.0000 0.0749 74.8626 49.0000 34.6041 39.1758 53.5931
10680.0000 0.0690 74.7696 49.0000 34.8585 39.4015 53.1311
10681.0000 0.0667 74.7545 49.0000 35.0650 39.3966 52.9772
10682.0000 0.0632 74.5716 49.0000 34.6882 40.0111 52.5048
10683.0000 0.0627 74.5746 49.0000 34.4595 40.3395 52.4084
10684.0000 0.0656 74.7132 49.0000 34.6658 39.9226 52.7875
10685.0000 0.0729 75.0612 49.0000 34.3446 39.8856 53.5142
10686.0000 0.0729 75.2174 49.0000 34.4739 39.8979 53.6411
10687.0000 0.0695 74.8733 49.0000 34.4756 39.8963 53.1576
10688.0000 0.0735 75.0156 49.0000 34.4388 39.6617 53.5561
10689.0000 0.0791 75.1329 49.0000 33.9171 39.8059 53.9452
10690.0000 0.0684 74.6489 49.0000 34.3237 39.9508 52.8987
10691.0000 0.0733 74.5457 49.0000 34.5369 39.0861 53.2592
10692.0000 0.0775 74.3811 49.0000 33.8950 39.2146 53.3469
10693.0000 0.0791 74.3807 49.0000 33.8664 39.0883 53.4571
10694.0000 0.0698 74.2084 49.0000 33.7471 39.9972 52.6141
10695.0000 0.0746 74.6667 49.0000 33.9194 39.7775 53.3136
10696.0000 0.0643 73.8134 49.0000 34.4798 39.3132 52.0964
10697.0000 0.0682 73.9046 49.0000 34.7682 38.6834 52.5038
10698.0000 0.0711 74.0173 49.0000 34.8904 38.3682 52.8119
10699.0000 0.0753 73.9673 49.0000 34.9079 37.8965 53.0703
10700.0000 0.0679 73.7784 49.0000 34.5736 38.7952 52.3723
10701.0000 0.0615 73.4319 49.0000 34.4685 39.2277 51.6270
10702.0000 0.0696 73.7419 49.0000 34.1790 39.0227 52.4108
10703.0000 0.0740 73.7530 49.0000 34.0425 38.7422 52.7225
10704.0000 0.0765 73.9669 49.0000 33.7560 39.0371 52.9882
10705.0000 0.0845 74.3369 49.0000 33.6055 38.8091 53.7633
10706.0000 0.0843 74.2969 49.0000 33.5485 38.8489 53.7149
10707.0000 0.0823 74.0746 49.0000 33.6481 38.7004 53.4522
10708.0000 0.0865 74.4977 49.0000 33.6823 38.7029 54.0139
10709.0000 0.0907 74.9023 49.0000 33.5425 38.8694 54.5384
10710.0000 0.0957 75.1373 49.0000 33.9167 38.2490 55.0662
10711.0000 0.1116 75.5514 49.0000 32.9801 38.2803 56.1689
10712.0000 0.1061 75.3131 49.0000 33.0366 38.4527 55.6959
10713.0000 0.0995 74.9700 49.0000 32.9391 38.7932 55.0509
10714.0000 0.0943 74.8163 49.0000 33.3447 38.6684 54.6843
10715.0000 0.0953 74.6859 49.0000 33.1126 38.7034 54.6222
10716.0000 0.0883 74.5314 49.0000 33.5286 38.7344 54.1332
10717.0000 0.0872 74.6039 49.0000 33.4698 38.9782 54.0944
10718.0000 0.0783 74.3116 49.0000 34.0720 38.8631 53.3945
10719.0000 0.0924 75.1374 49.0000 33.4988 38.9995 54.7951
10720.0000 0.0885 74.9437 49.0000 33.6775 38.9723 54.4384
10721.0000 0.0909 75.1006 49.0000 33.4110 39.1964 54.6576
10722.0000 0.0948 75.3506 49.0000 33.5916 38.8958 55.1039
10723.0000 0.0988 75.1508 49.0000 33.8419 38.0695 55.2547
10724.0000 0.0967 74.8925 49.0000 34.4661 37.3470 55.0107
10725.0000 0.0941 74.6859 49.0000 34.3457 37.4961 54.7028
10726.0000 0.0894 74.3864 49.0000 34.4980 37.4485 54.2295
10727.0000 0.0915 74.3497 49.0000 34.5824 37.1444 54.3344
10728.0000 0.0905 74.6813 49.0000 33.8648 38.3148 54.4284
10729.0000 0.0932 74.7607 49.0000 33.8197 38.2020 54.6444
10730.0000 0.0968 74.9611 49.0000 34.1370 37.7479 55.0357
10731.0000 0.0965 74.7498 49.0000 34.1266 37.5811 54.8687
10732.0000 0.1045 75.0786 49.0000 33.8742 37.4766 55.5413
10733.0000 0.1134 75.7338 49.0000 33.5366 37.7193 56.4638
10734.0000 0.1130 75.7974 49.0000 33.9127 37.4237 56.5212
10735.0000 0.1088 75.4593 49.0000 34.0052 37.3552 56.0565
10736.0000 0.1042 75.3322 49.0000 34.1793 37.4340 55.7262
10737.0000 0.1113 75.6207 49.0000 33.8290 37.4810 56.2962
10738.0000 0.1237 76.1020 49.0000 33.5686 37.2063 57.2744
10739.0000 0.1319 76.3189 49.0000 33.5571 36.7813 57.8414
10740.0000 0.1291 76.2460 49.0000 33.4823 37.0066 57.6446
10741.0000 0.1262 76.3148 49.0000 33.2872 37.5012 57.5289
10742.0000 0.1285 76.6701 49.0000 33.3876 37.5428 57.9146
10743.0000 0.1300 76.9334 49.0000 34.0998 36.9469 58.2312
10744.0000 0.1298 76.7871 49.0000 33.7048 37.2278 58.0891
10745.0000 0.1231 76.8045 49.0000 34.0659 37.4099 57.7836
10746.0000 0.1171 76.7855 49.0000 34.2236 37.7108 57.4687
10747.0000 0.1137 76.8924 49.0000 34.6118 37.6909 57.3922
10748.0000 0.1088 77.0439 49.0000 34.4510 38.4191 57.2090
10749.0000 0.1054 76.5932 49.0000 34.9560 37.7430 56.7456
10750.0000 0.1024 76.5878 49.0000 34.8121 38.1427 56.5591
10751.0000 0.1090 76.5035 49.0000 34.5607 37.7683 56.8498
10752.0000 0.1131 76.4936 49.0000 33.4410 38.5788 56.9618
10753.0000 0.1031 76.3906 49.0000 33.4581 39.3269 56.2981
10754.0000 0.1040 76.4989 49.0000 33.3037 39.5182 56.4026
10755.0000 0.1088 76.3348 49.0000 33.3827 38.8529 56.5955
10756.0000 0.0954 75.8424 49.0000 33.9597 38.9314 55.5261
10757.0000 0.0955 75.9812 49.0000 33.4367 39.6278 55.5406
10758.0000 0.0883 75.8875 49.0000 33.9965 39.5971 55.0929
10759.0000 0.1084 76.5209 49.0000 33.5446 38.8937 56.7228
10760.0000 0.1107 76.6882 49.0000 33.5057 38.9029 56.9649
10761.0000 0.1095 76.6397 49.0000 32.8376 39.6702 56.7593
10762.0000 0.1188 76.8277 49.0000 32.5993 39.3008 57.4040
10763.0000 0.1277 76.7904 49.0000 32.3742 38.7714 57.8398
10764.0000 0.1196 76.6949 49.0000 32.5421 39.1697 57.3485
10765.0000 0.1088 76.4281 49.0000 33.0978 39.2420 56.6203
10766.0000 0.1103 76.6913 49.0000 33.1731 39.2909 56.8975
10767.0000 0.1070 76.8492 49.0000 33.6133 39.2602 56.8734
10768.0000 0.0953 76.6630 49.0000 33.6845 40.0574 56.0176
10769.0000 0.0981 76.8601 49.0000 33.8179 39.8529 56.3522
10770.0000 0.0940 76.7675 49.0000 33.9587 39.9822 56.0489
10771.0000 0.0913 76.6392 49.0000 34.2928 39.7487 55.8355
10772.0000 0.0996 76.9035 49.0000 33.7379 39.8434 56.4660
10773.0000 0.0847 76.6057 49.0000 34.0380 40.6325 55.3069
10774.0000 0.0923 77.1944 49.0000 34.2848 40.2199 56.2662
10775.0000 0.0866 77.0946 49.0000 34.7012 40.2070 55.8820
10776.0000 0.0821 76.9067 49.0000 35.0756 40.0421 55.5066
10777.0000 0.0817 76.8630 49.0000 34.6782 40.4821 55.3763
10778.0000 0.0798 76.4969 49.0000 35.0009 39.9412 55.0584
10779.0000 0.0897 76.6826 49.0000 34.7474 39.4443 55.8300
10780.0000 0.0886 76.2211 49.0000 34.7981 39.0328 55.4545
10781.0000 0.0823 76.1160 49.0000 35.3338 38.9421 55.0334
10782.0000 0.0748 76.0623 49.0000 35.5243 39.4132 54.4986
10783.0000 0.0826 75.9768 49.0000 35.2289 38.8862 54.9478
10784.0000 0.0835 76.3122 49.0000 35.9613 38.3674 55.3017
10785.0000 0.0843 76.4537 49.0000 35.2531 39.1791 55.3839
10786.0000 0.0767 76.2447 49.0000 35.9818 38.9266 54.8021
10787.0000 0.0779 76.2965 49.0000 35.7094 39.1541 54.8904
10788.0000 0.0758 75.9998 49.0000 35.9040 38.8442 54.5711
10789.0000 0.0679 76.0296 49.0000 35.5406 40.0787 53.9543
10790.0000 0.0689 76.0287 49.0000 35.8757 39.6005 54.0842
10791.0000 0.0687 76.2797 49.0000 36.3793 39.3382 54.2923
10792.0000 0.0781 76.9372 49.0000 35.8989 39.5770 55.3558
10793.0000 0.0781 76.7640 49.0000 36.1004 39.1851 55.2630
10794.0000 0.0757 76.6208 49.0000 36.1580 39.2116 55.0072
10795.0000 0.0883 77.3713 49.0000 36.3249 38.5920 56.3692
10796.0000 0.0874 77.4088 49.0000 36.3237 38.7136 56.3380
10797.0000 0.0929 77.6340 49.0000 36.5583 38.1949 56.8478
10798.0000 0.0948 77.2690 49.0000 36.1935 38.0420 56.6862
10799.0000 0.0865 77.1753 49.0000 36.7213 38.1541 56.1412
10800.0000 0.0833 76.9960 49.0000 36.8487 38.1474 55.8152
10801.0000 0.0848 77.0948 49.0000 37.2342 37.7126 55.9909
10802.0000 0.0784 77.2679 49.0000 36.9468 38.7805 55.6896
10803.0000 0.0849 77.6407 49.0000 36.3601 39.1404 56.3388
10804.0000 0.0766 77.5330 49.0000 37.0133 39.1494 55.7558
10805.0000 0.0819 77.1793 49.0000 36.9471 38.3586 55.8585
10806.0000 0.0699 76.8247 49.0000 37.3871 38.7107 54.8245
10807.0000 0.0863 76.9634 49.0000 36.4576 38.2379 55.9649
10808.0000 0.0832 77.0080 49.0000 37.0279 37.9887 55.8214
10809.0000 0.0878 77.8224 49.0000 37.1301 38.2587 56.6917
10810.0000 0.0890 77.4703 49.0000 37.0118 37.9227 56.5124
10811.0000 0.0951 77.6455 49.0000 36.3184 38.2535 56.9778
10812.0000 0.0875 77.4865 49.0000 36.4397 38.6638 56.4041
10813.0000 0.0854 77.0434 49.0000 36.5589 38.2978 55.9680
10814.0000 0.0814 76.6216 49.0000 36.3389 38.4742 55.4085
10815.0000 0.0826 76.6773 49.0000 36.0689 38.6989 55.5052
10816.0000 0.0739 76.4450 49.0000 35.8430 39.5519 54.7245
10817.0000 0.0758 76.1862 49.0000 35.7978 39.1470 54.6843
10818.0000 0.0797 76.0309 49.0000 34.8618 39.6270 54.7271
10819.0000 0.0763 76.1743 49.0000 34.8366 40.1432 54.5661
10820.0000 0.0799 76.2188 49.0000 34.7097 39.9666 54.8380
10821.0000 0.0821 76.5934 49.0000 35.0418 39.7634 55.2945
10822.0000 0.0893 76.8429 49.0000 34.7815 39.6044 55.9157
10823.0000 0.0803 76.5718 49.0000 34.9064 40.0673 55.1306
10824.0000 0.0851 76.5714 49.0000 35.1178 39.3672 55.4991
10825.0000 0.0871 77.1257 49.0000 35.1444 39.7056 56.0063
10826.0000 0.0916 77.2511 49.0000 34.6677 39.9244 56.3198
10827.0000 0.0883 77.1525 49.0000 34.8656 39.9222 56.0635
10828.0000 0.0875 77.0959 49.0000 35.2366 39.5398 56.0246
10829.0000 0.0820 76.6497 49.0000 34.9369 39.9441 55.3087
10830.0000 0.0946 77.5052 49.0000 34.7592 39.8008 56.6988
10831.0000 0.0944 77.4583 49.0000 34.3950 40.1694 56.5967
10832.0000 0.0986 77.4477 49.0000 33.9501 40.2426 56.7985
10833.0000 0.0911 77.2016 49.0000 34.5356 40.0656 56.2329
10834.0000 0.0917 77.2107 49.0000 34.7713 39.7607 56.3164
10835.0000 0.0800 76.5887 49.0000 35.0803 39.9221 55.1492
10836.0000 0.0815 76.4237 49.0000 34.9230 39.7754 55.1260
10837.0000 0.0785 76.1797 49.0000 34.4279 40.3839 54.6554
10838.0000 0.0770 76.0141 49.0000 34.5955 40.1704 54.4760
10839.0000 0.0817 76.2259 49.0000 34.3030 40.2433 54.9015
10840.0000 0.0685 75.5583 49.0000 35.0454 40.0739 53.6187
10841.0000 0.0783 76.0084 49.0000 35.0323 39.5519 54.6412
10842.0000 0.0768 76.3359 49.0000 35.2876 39.7523 54.7878
10843.0000 0.0783 76.1649 49.0000 35.2741 39.4475 54.7789
10844.0000 0.0777 76.1830 49.0000 35.6683 39.0950 54.8015
10845.0000 0.0766 75.9679 49.0000 35.9338 38.7004 54.6093
10846.0000 0.0792 75.8429 49.0000 35.9715 38.2923 54.6982
10847.0000 0.0812 76.0093 49.0000 35.5365 38.7271 54.9071
10848.0000 0.0799 76.0030 49.0000 35.3886 39.0058 54.7965
10849.0000 0.0779 75.6941 49.0000 35.3659 38.9038 54.4550
10850.0000 0.0740 75.7572 49.0000 35.8349 38.8455 54.2775
10851.0000 0.0694 75.5797 49.0000 35.8662 39.0984 53.8258
10852.0000 0.0771 75.7369 49.0000 35.8937 38.4660 54.4801
10853.0000 0.0650 75.3497 49.0000 36.3882 38.7488 53.4043
10854.0000 0.0782 75.7190 49.0000 35.6251 38.6289 54.5163
10855.0000 0.0734 75.6553 49.0000 35.2449 39.4402 54.0925
10856.0000 0.0701 75.2463 49.0000 35.4730 39.1047 53.6143
10857.0000 0.0577 74.8928 49.0000 36.1676 39.2858 52.5115
10858.0000 0.0562 74.6956 49.0000 36.1603 39.2555 52.2578
10859.0000 0.0539 74.4739 49.0000 36.3114 39.1027 51.9502
10860.0000 0.0534 74.4996 49.0000 36.1510 39.3725 51.8950
10861.0000 0.0535 74.5187 49.0000 36.3845 39.1180 51.9517
10862.0000 0.0525 74.4578 49.0000 36.2898 39.2721 51.8143
10863.0000 0.0477 73.8501 49.0000 36.0976 39.3908 50.9821
10864.0000 0.0420 73.8223 49.0000 36.2858 39.8630 50.4382
10865.0000 0.0397 73.4721 49.0000 36.3710 39.6707 50.0154
10866.0000 0.0507 73.9532 49.0000 36.3335 38.8900 51.3470
10867.0000 0.0593 74.1126 49.0000 35.6004 38.9133 52.0677
10868.0000 0.0603 74.0332 49.0000 35.4837 38.8544 52.0783
10869.0000 0.0588 73.8523 49.0000 35.4239 38.8908 51.8345
10870.0000 0.0517 73.7451 49.0000 35.4952 39.4911 51.1750
10871.0000 0.0589 74.0053 49.0000 35.0763 39.4349 51.8780
10872.0000 0.0541 73.8455 49.0000 35.4013 39.4271 51.4335
10873.0000 0.0548 74.0509 49.0000 35.5484 39.3985 51.6488
10874.0000 0.0619 74.5946 49.0000 35.2506 39.5324 52.5257
10875.0000 0.0596 74.4689 49.0000 35.2822 39.6130 52.2647
10876.0000 0.0623 74.5309 49.0000 35.2399 39.4322 52.5178
10877.0000 0.0680 74.9592 49.0000 35.4273 39.0738 53.2637
10878.0000 0.0689 74.9343 49.0000 35.1869 39.2167 53.2831
10879.0000 0.0722 75.1581 49.0000 35.0166 39.2989 53.6486
10880.0000 0.0766 75.5686 49.0000 34.6554 39.6781 54.1781
10881.0000 0.0688 74.9778 49.0000 35.4624 38.9725 53.3407
10882.0000 0.0631 74.7215 49.0000 35.9613 38.7528 52.8044
10883.0000 0.0719 75.3319 49.0000 35.7123 38.7581 53.8269
10884.0000 0.0799 75.6032 49.0000 35.4111 38.5774 54.5315
10885.0000 0.0729 75.5407 49.0000 36.2936 38.2533 54.0912
10886.0000 0.0713 75.2321 49.0000 36.5085 37.8744 53.7823
10887.0000 0.0856 75.4123 49.0000 36.0576 37.1910 54.8059
10888.0000 0.0815 75.3697 49.0000 36.2113 37.3561 54.5331
10889.0000 0.0833 75.2600 49.0000 35.9081 37.4011 54.5512
10890.0000 0.0883 75.3575 49.0000 35.5847 37.3806 54.9106
10891.0000 0.1107 76.0676 49.0000 34.3979 37.3696 56.6267
10892.0000 0.1164 76.6131 49.0000 34.3916 37.4349 57.3186
10893.0000 0.1150 76.9745 49.0000 34.8564 37.4161 57.5338
10894.0000 0.1208 77.1379 49.0000 34.4272 37.5366 57.9312
10895.0000 0.1168 77.0915 49.0000 34.6344 37.6036 57.7021
10896.0000 0.1154 76.8492 49.0000 34.7794 37.3413 57.4614
10897.0000 0.1074 76.5318 49.0000 35.0228 37.4468 56.8178
10898.0000 0.1073 76.4166 49.0000 34.6219 37.7614 56.7001
10899.0000 0.1145 76.6104 49.0000 34.2254 37.7603 57.2009
10900.0000 0.1195 76.6822 49.0000 34.1295 37.5178 57.5131
10901.0000 0.1171 76.6128 49.0000 34.0833 37.6891 57.3357
10902.0000 0.1208 76.8326 49.0000 33.9833 37.7043 57.6782
10903.0000 0.1275 76.7213 49.0000 33.9913 37.0533 57.9466
10904.0000 0.1305 76.6930 49.0000 33.9775 36.8104 58.0718
10905.0000 0.1164 76.2870 49.0000 34.7616 36.7437 57.1073
10906.0000 0.1217 76.6195 49.0000 34.3744 37.0261 57.6022
10907.0000 0.1285 76.9247 49.0000 33.8490 37.3112 58.1337
10908.0000 0.1216 76.6376 49.0000 34.2679 37.1663 57.5995
10909.0000 0.1118 76.0673 49.0000 34.1535 37.5325 56.6664
10910.0000 0.1157 76.8509 49.0000 34.4751 37.6324 57.4572
10911.0000 0.1109 76.8586 49.0000 34.3237 38.1947 57.1865
10912.0000 0.1068 76.6657 49.0000 34.1499 38.5377 56.8001
10913.0000 0.1109 76.8774 49.0000 34.2755 38.2641 57.1943
10914.0000 0.1065 76.6221 49.0000 34.6573 37.9883 56.8042
10915.0000 0.1072 76.8948 49.0000 35.0953 37.7389 57.0693
10916.0000 0.0906 76.4407 49.0000 35.2400 38.6010 55.7789
10917.0000 0.0913 76.2987 49.0000 35.5396 38.0781 55.7538
10918.0000 0.0853 75.6907 49.0000 34.9247 38.6712 54.8989
10919.0000 0.0818 75.6090 49.0000 34.9738 38.8699 54.6140
10920.0000 0.0791 75.5823 49.0000 34.8865 39.1910 54.4030
10921.0000 0.0697 75.5919 49.0000 35.5514 39.4162 53.8200
10922.0000 0.0605 75.4002 49.0000 36.1595 39.5184 53.0659
10923.0000 0.0593 75.4439 49.0000 36.3831 39.4532 53.0235
10924.0000 0.0516 75.5160 49.0000 37.0045 39.7185 52.4955
10925.0000 0.0553 75.6856 49.0000 37.5688 38.8717 52.9706
10926.0000 0.0598 75.6974 49.0000 37.6099 38.3713 53.3221
10927.0000 0.0577 75.5501 49.0000 37.5361 38.5129 53.0624
10928.0000 0.0615 75.6136 49.0000 37.3021 38.4260 53.3798
10929.0000 0.0633 75.7926 49.0000 37.2268 38.4971 53.6345
10930.0000 0.0655 76.1637 49.0000 37.3756 38.4969 54.0552
10931.0000 0.0651 75.6359 49.0000 37.5882 37.7830 53.6689
10932.0000 0.0679 75.6791 49.0000 37.3176 37.8232 53.8899
10933.0000 0.0784 75.8163 49.0000 36.7448 37.5399 54.6690
10934.0000 0.0695 75.6334 49.0000 37.2252 37.7209 53.9613
10935.0000 0.0749 75.4657 49.0000 36.9864 37.2822 54.1951
10936.0000 0.0770 75.5745 49.0000 36.2342 37.9572 54.3860
10937.0000 0.0794 75.7002 49.0000 35.8918 38.2120 54.6090
10938.0000 0.0780 75.7278 49.0000 35.9699 38.2920 54.5398
10939.0000 0.0676 75.8978 49.0000 36.7444 38.6635 53.9950
10940.0000 0.0691 75.8761 49.0000 36.5795 38.6731 54.0696
10941.0000 0.0731 76.0520 49.0000 36.6448 38.3800 54.4798
10942.0000 0.0783 76.4736 49.0000 36.0597 38.9163 55.0766
10943.0000 0.0772 76.6391 49.0000 35.8853 39.3815 55.0899
10944.0000 0.0805 76.3400 49.0000 35.9655 38.6692 55.1268
10945.0000 0.0925 76.7187 49.0000 36.1635 37.7413 56.1565
10946.0000 0.0980 76.7313 49.0000 35.7619 37.6882 56.4658
10947.0000 0.0998 76.9500 49.0000 35.7247 37.7832 56.7228
10948.0000 0.0918 76.6883 49.0000 35.4137 38.5500 56.0433
10949.0000 0.0887 76.7199 49.0000 36.2051 38.0409 55.9287
10950.0000 0.0927 76.7964 49.0000 36.2275 37.7400 56.2223
10951.0000 0.0818 76.6754 49.0000 36.7754 38.0412 55.4937
10952.0000 0.0791 76.2223 49.0000 36.2061 38.4369 54.9687
10953.0000 0.0766 75.9697 49.0000 36.7094 37.8991 54.6578
10954.0000 0.0824 75.9061 49.0000 36.2396 37.7746 54.9682
10955.0000 0.0748 75.8923 49.0000 35.9028 38.8407 54.4245
10956.0000 0.0758 75.6722 49.0000 35.6188 38.8197 54.3196
10957.0000 0.0717 75.6070 49.0000 35.5644 39.2195 53.9762
10958.0000 0.0833 75.9289 49.0000 35.3137 38.6850 54.9692
10959.0000 0.0897 75.8140 49.0000 35.5327 37.7599 55.3117
10960.0000 0.0903 75.8041 49.0000 35.4167 37.8106 55.3378
10961.0000 0.0980 75.6852 49.0000 34.7588 37.7042 55.6639
10962.0000 0.0842 75.7889 49.0000 35.2735 38.5041 54.9288
10963.0000 0.1001 76.0349 49.0000 34.0048 38.6584 55.9509
10964.0000 0.1022 75.9207 49.0000 34.0619 38.2948 56.0111
10965.0000 0.0996 75.6531 49.0000 33.7438 38.5997 55.6310
10966.0000 0.0901 75.3706 49.0000 34.0037 38.8993 54.8756
10967.0000 0.0898 75.3946 49.0000 33.7814 39.1890 54.8396
10968.0000 0.1036 75.7593 49.0000 33.8801 38.2115 55.9597
10969.0000 0.0983 75.9278 49.0000 34.2252 38.4718 55.7995
10970.0000 0.1013 76.2320 49.0000 34.7017 38.0128 56.2329
10971.0000 0.1063 76.0753 49.0000 34.2634 37.8911 56.3714
10972.0000 0.1083 76.0194 49.0000 34.6508 37.2639 56.4772
10973.0000 0.0968 75.7641 49.0000 35.2199 37.4105 55.6795
10974.0000 0.1050 75.9525 49.0000 35.0835 37.0293 56.2739
10975.0000 0.0954 75.6433 49.0000 34.8568 37.7829 55.4921
10976.0000 0.0985 75.9563 49.0000 34.5085 38.1873 55.8593
10977.0000 0.0916 75.9214 49.0000 34.7375 38.5199 55.4399
10978.0000 0.0925 75.8916 49.0000 34.9952 38.1427 55.4977
10979.0000 0.0946 76.0771 49.0000 35.2411 37.8821 55.7739
10980.0000 0.0898 75.8239 49.0000 35.7314 37.5489 55.3408
10981.0000 0.0961 76.0552 49.0000 35.7733 37.1792 55.8782
10982.0000 0.0994 76.2484 49.0000 35.5875 37.2718 56.1975
10983.0000 0.1065 76.3490 49.0000 35.1813 37.1906 56.6418
10984.0000 0.1042 76.3103 49.0000 35.5060 37.0154 56.5017
10985.0000 0.1054 76.0938 49.0000 35.4144 36.7995 56.4082
10986.0000 0.0977 75.9714 49.0000 35.5856 37.1516 55.9024
10987.0000 0.0935 76.1826 49.0000 35.5123 37.7982 55.8029
10988.0000 0.0925 76.2289 49.0000 34.9498 38.5223 55.7260
10989.0000 0.0910 75.8475 49.0000 34.6365 38.6143 55.3362
10990.0000 0.0943 75.7130 49.0000 34.5098 38.3149 55.4392
10991.0000 0.0912 75.5113 49.0000 35.1571 37.7133 55.1692
10992.0000 0.0943 75.4966 49.0000 34.6020 38.0043 55.3002
10993.0000 0.1048 75.9300 49.0000 34.2688 37.8705 56.1858
10994.0000 0.1050 75.5984 49.0000 34.8057 36.9746 56.0051
10995.0000 0.1185 76.0975 49.0000 34.7229 36.4367 57.0746
10996.0000 0.1129 75.9305 49.0000 34.1921 37.2767 56.6285
10997.0000 0.1148 76.2800 49.0000 34.6837 36.9477 57.0136
10998.0000 0.1122 76.1328 49.0000 34.4862 37.2229 56.7571
10999.0000 0.1189 76.0623 49.0000 33.8503 37.2614 57.0194
11000.0000 0.1222 76.0560 49.0000 34.2673 36.5715 57.2084
11001.0000 0.1095 76.0945 49.0000 34.9162 36.9678 56.6094
11002.0000 0.0978 75.4511 49.0000 35.0128 37.2273 55.5076
11003.0000 0.0953 75.3361 49.0000 35.1335 37.2084 55.2875
11004.0000 0.0948 75.6906 49.0000 35.0262 37.7072 55.5013
11005.0000 0.0887 75.6178 49.0000 34.9977 38.2090 55.0752
11006.0000 0.0893 75.5463 49.0000 35.0422 38.0367 55.0680
11007.0000 0.0902 75.8204 49.0000 35.0350 38.2351 55.3115
11008.0000 0.0875 75.4210 49.0000 35.1813 37.9312 54.8800
11009.0000 0.0877 75.8122 49.0000 35.2031 38.2735 55.1667
11010.0000 0.0902 75.7621 49.0000 35.2416 37.9591 55.2904
11011.0000 0.0835 75.6036 49.0000 35.2019 38.4564 54.7526
11012.0000 0.0987 76.1855 49.0000 34.2384 38.6797 55.9986
11013.0000 0.0898 76.0081 49.0000 34.4467 39.0892 55.3416
11014.0000 0.0809 75.9301 49.0000 34.9962 39.2592 54.7664
11015.0000 0.0814 75.9602 49.0000 34.7243 39.5291 54.7871
11016.0000 0.0818 75.8306 49.0000 34.8531 39.2186 54.7489
11017.0000 0.0717 75.5451 49.0000 34.6426 40.1738 53.7868
11018.0000 0.0705 75.0428 49.0000 34.5684 39.8557 53.3664
11019.0000 0.0809 75.7308 49.0000 34.5895 39.4986 54.5764
11020.0000 0.0759 75.0377 49.0000 34.3960 39.4875 53.7430
11021.0000 0.0716 74.7211 49.0000 34.9034 39.0339 53.3043
11022.0000 0.0678 74.5170 49.0000 35.0136 39.0934 52.9012
11023.0000 0.0699 74.3674 49.0000 34.4748 39.3128 52.8819
11024.0000 0.0645 74.3035 49.0000 34.6007 39.6839 52.4308
11025.0000 0.0677 74.4920 49.0000 34.4908 39.6626 52.7856
11026.0000 0.0734 74.7810 49.0000 33.7495 40.2226 53.2477
11027.0000 0.0709 74.5037 49.0000 33.6072 40.3572 52.8456
11028.0000 0.0694 74.5585 49.0000 34.0956 40.0011 52.8807
11029.0000 0.0608 74.5049 49.0000 34.1548 40.8516 52.1112
11030.0000 0.0601 74.5036 49.0000 34.1076 40.9943 52.0282
11031.0000 0.0624 74.6102 49.0000 33.9566 41.0291 52.2518
11032.0000 0.0739 75.3296 49.0000 33.1626 41.4595 53.4406
11033.0000 0.0698 75.1207 49.0000 33.8526 40.8548 53.1790
11034.0000 0.0664 74.8296 49.0000 33.7057 41.1042 52.6674
11035.0000 0.0602 74.6619 49.0000 34.2663 40.9569 52.1801
11036.0000 0.0616 74.6993 49.0000 34.5842 40.4554 52.4145
11037.0000 0.0602 74.4510 49.0000 34.4205 40.5332 52.1080
11038.0000 0.0632 74.6898 49.0000 34.7232 40.0937 52.5867
11039.0000 0.0673 74.6079 49.0000 34.1201 40.2607 52.7374
11040.0000 0.0676 74.7731 49.0000 34.0127 40.5309 52.8336
11041.0000 0.0736 74.9850 49.0000 33.5197 40.6824 53.3303
11042.0000 0.0702 74.9982 49.0000 33.9104 40.6126 53.1548
11043.0000 0.0694 75.0694 49.0000 34.2382 40.3868 53.2172
11044.0000 0.0684 75.3290 49.0000 34.4743 40.4988 53.3463
11045.0000 0.0683 75.0971 49.0000 34.1416 40.6534 53.1152
11046.0000 0.0710 74.9034 49.0000 34.1899 40.0946 53.2352
11047.0000 0.0786 75.1364 49.0000 33.8362 39.9553 53.8903
11048.0000 0.0700 74.7950 49.0000 34.1484 40.1325 53.0807
11049.0000 0.0562 74.8410 49.0000 34.8630 40.9196 52.0705
11050.0000 0.0503 74.5269 49.0000 35.2422 40.8397 51.4234
11051.0000 0.0427 74.5988 49.0000 36.1440 40.8130 50.9204
11052.0000 0.0408 74.3683 49.0000 35.9109 41.0961 50.5189
11053.0000 0.0301 73.7635 49.0000 36.5440 41.2125 49.0624
11054.0000 0.0322 73.4340 49.0000 35.9503 41.2692 48.9589
11055.0000 0.0328 73.4122 49.0000 35.7865 41.3632 48.9669
11056.0000 0.0363 73.4229 49.0000 35.8055 40.7835 49.4530
11057.0000 0.0375 73.5756 49.0000 36.2704 40.2110 49.8087
11058.0000 0.0432 73.5510 49.0000 35.7236 40.0704 50.2786
11059.0000 0.0433 74.3087 49.0000 36.1795 40.3548 50.8361
11060.0000 0.0415 74.1359 49.0000 35.9639 40.6664 50.4874
11061.0000 0.0377 74.0577 49.0000 35.9486 41.1428 49.9951
11062.0000 0.0377 73.8813 49.0000 36.1683 40.6580 49.9723
11063.0000 0.0359 73.6626 49.0000 36.3272 40.4622 49.6922
11064.0000 0.0357 73.8123 49.0000 36.2521 40.7704 49.7174
11065.0000 0.0371 73.9148 49.0000 36.3383 40.5665 49.9729
11066.0000 0.0330 73.6066 49.0000 36.5148 40.5958 49.3616
11067.0000 0.0321 73.7320 49.0000 36.4718 40.9367 49.2990
11068.0000 0.0354 73.9408 49.0000 35.9120 41.4086 49.6277
11069.0000 0.0402 74.2842 49.0000 35.7999 41.2312 50.3637
11070.0000 0.0450 74.4722 49.0000 35.1534 41.6114 50.7823
11071.0000 0.0424 74.5845 49.0000 35.4830 41.6775 50.6634
11072.0000 0.0405 74.4681 49.0000 35.6166 41.6444 50.4252
11073.0000 0.0365 74.5465 49.0000 36.2024 41.5800 50.1764
11074.0000 0.0328 74.2104 49.0000 36.0117 42.0445 49.4226
11075.0000 0.0350 74.3282 49.0000 36.0358 41.7756 49.8087
11076.0000 0.0363 74.3322 49.0000 35.5479 42.2557 49.7602
11077.0000 0.0359 74.7569 49.0000 36.0479 42.1430 50.1309
11078.0000 0.0338 74.4588 49.0000 35.7814 42.5249 49.5523
11079.0000 0.0333 74.7827 49.0000 36.2186 42.3791 49.8465
11080.0000 0.0358 74.8867 49.0000 35.6952 42.8559 49.9725
11081.0000 0.0346 74.8755 49.0000 35.7005 43.0420 49.7914
11082.0000 0.0445 74.8883 49.0000 35.1055 42.2515 50.8986
11083.0000 0.0402 74.7230 49.0000 35.0915 42.7611 50.2354
11084.0000 0.0393 74.6778 49.0000 34.8886 43.1989 49.9341
11085.0000 0.0397 74.6968 49.0000 35.8167 41.7812 50.5084
11086.0000 0.0430 74.5556 49.0000 35.3930 41.6855 50.6774
11087.0000 0.0480 74.8074 49.0000 34.9923 41.7942 51.2340
11088.0000 0.0470 74.7859 49.0000 35.0783 41.8001 51.1390
11089.0000 0.0516 74.8079 49.0000 34.6550 41.7404 51.5073
11090.0000 0.0443 74.9108 49.0000 34.9303 42.5551 50.7992
11091.0000 0.0517 74.8415 49.0000 34.8313 41.5271 51.6095
11092.0000 0.0463 74.4196 49.0000 35.0566 41.4830 50.8770
11093.0000 0.0458 74.4284 49.0000 35.2021 41.3821 50.8716
11094.0000 0.0441 74.0733 49.0000 34.9680 41.5185 50.4015
11095.0000 0.0534 74.5605 49.0000 34.9409 40.8482 51.6704
11096.0000 0.0550 74.6318 49.0000 34.9941 40.6677 51.8792
11097.0000 0.0513 74.7471 49.0000 35.2358 40.9618 51.6497
11098.0000 0.0484 74.5828 49.0000 35.2528 41.1378 51.2593
11099.0000 0.0442 74.5939 49.0000 35.8928 40.9179 51.0066
11100.0000 0.0413 74.8085 49.0000 36.2811 41.0718 50.9225
11101.0000 0.0444 74.9849 49.0000 36.3169 40.8080 51.3665
11102.0000 0.0451 75.0132 49.0000 36.4706 40.5671 51.4897
11103.0000 0.0370 74.5740 49.0000 36.6247 40.9956 50.3913
11104.0000 0.0456 74.6106 49.0000 36.5242 39.9995 51.3105
11105.0000 0.0532 74.7631 49.0000 36.4505 39.3408 52.0882
11106.0000 0.0532 75.1266 49.0000 36.4242 39.7615 52.3098
11107.0000 0.0510 75.3882 49.0000 36.5516 40.1503 52.3002
11108.0000 0.0507 75.2869 49.0000 36.2939 40.3756 52.1601
11109.0000 0.0513 75.9660 49.0000 37.0894 40.1301 52.7710
11110.0000 0.0614 76.3418 49.0000 36.4624 40.0756 53.7821
11111.0000 0.0631 76.1474 49.0000 35.6871 40.5619 53.6618
11112.0000 0.0657 75.9106 49.0000 35.4066 40.3394 53.6799
11113.0000 0.0616 76.1264 49.0000 35.6928 40.6932 53.5287
11114.0000 0.0672 76.1930 49.0000 35.9852 39.8296 54.0744
11115.0000 0.0770 76.4156 49.0000 36.0074 39.0376 54.9443
11116.0000 0.0758 75.7954 49.0000 35.8072 38.7374 54.4262
11117.0000 0.0766 76.0330 49.0000 35.0526 39.7220 54.5388
11118.0000 0.0906 76.8030 49.0000 35.0226 39.1886 56.0033
11119.0000 0.0910 77.0397 49.0000 35.3207 39.0692 56.2243
11120.0000 0.0876 77.0764 49.0000 35.6911 39.0301 56.0676
11121.0000 0.0800 76.4075 49.0000 35.8832 38.8754 55.1290
11122.0000 0.0780 76.8120 49.0000 35.8688 39.4953 55.2596
11123.0000 0.0779 76.3924 49.0000 35.0559 39.9573 54.8661
11124.0000 0.0822 76.6907 49.0000 35.6094 39.2382 55.4418
11125.0000 0.0782 76.4407 49.0000 35.5771 39.4067 54.9960
11126.0000 0.0752 76.3383 49.0000 35.7530 39.4101 54.7366
11127.0000 0.0838 76.7561 49.0000 35.8609 38.8832 55.6201
11128.0000 0.0717 76.3059 49.0000 36.3612 39.0728 54.5324
11129.0000 0.0682 76.3112 49.0000 36.6459 39.1349 54.3040
11130.0000 0.0719 76.4587 49.0000 36.6756 38.8785 54.6744
11131.0000 0.0766 76.7392 49.0000 36.9907 38.3729 55.2097
11132.0000 0.0885 77.0926 49.0000 36.2589 38.3726 56.1791
11133.0000 0.0820 77.0708 49.0000 36.4469 38.7547 55.7639
11134.0000 0.0723 76.7052 49.0000 36.9972 38.7551 54.8903
11135.0000 0.0710 76.5780 49.0000 36.7477 39.0130 54.6972
11136.0000 0.0763 76.4464 49.0000 36.8050 38.3022 54.9762
11137.0000 0.0773 76.5416 49.0000 36.6438 38.4733 55.0968
11138.0000 0.0746 76.7956 49.0000 36.6499 38.9818 55.0887
11139.0000 0.0671 76.3355 49.0000 37.0384 38.8585 54.2705
11140.0000 0.0658 75.9483 49.0000 36.5741 39.0874 53.8762
11141.0000 0.0716 76.1318 49.0000 36.3431 38.9255 54.4062
11142.0000 0.0637 75.7932 49.0000 36.4140 39.3131 53.6015
11143.0000 0.0697 76.2216 49.0000 36.4273 39.1225 54.3342
11144.0000 0.0654 76.0920 49.0000 35.9953 39.9010 53.8725
11145.0000 0.0685 76.2593 49.0000 35.6340 40.1452 54.1670
11146.0000 0.0611 75.7149 49.0000 35.6772 40.3367 53.2244
11147.0000 0.0610 75.9136 49.0000 35.1780 41.1432 53.2223
11148.0000 0.0561 75.7471 49.0000 36.0782 40.4781 52.8915
11149.0000 0.0567 75.8716 49.0000 35.4487 41.2832 52.8734
11150.0000 0.0577 75.7259 49.0000 35.2724 41.2154 52.8352
11151.0000 0.0606 75.6734 49.0000 35.1512 40.9537 53.0439
11152.0000 0.0594 75.7317 49.0000 35.5784 40.6551 53.0719
11153.0000 0.0628 75.4861 49.0000 35.3491 40.2750 53.1650
11154.0000 0.0673 75.4992 49.0000 34.9236 40.2743 53.4646
11155.0000 0.0667 75.5325 49.0000 35.2312 40.0333 53.4908
11156.0000 0.0700 75.9668 49.0000 34.6423 40.8138 53.8990
11157.0000 0.0751 76.2506 49.0000 33.8042 41.5424 54.2740
11158.0000 0.0856 76.8900 49.0000 33.4049 41.5656 55.3939
11159.0000 0.0892 76.8769 49.0000 33.6288 40.9254 55.7160
11160.0000 0.0916 76.7818 49.0000 33.8241 40.3776 55.8662
11161.0000 0.0907 77.1317 49.0000 34.0533 40.5620 56.0750
11162.0000 0.0849 77.3998 49.0000 34.4616 40.9511 55.9119
11163.0000 0.0907 77.8504 49.0000 34.4884 40.8084 56.6207
11164.0000 0.0796 77.2195 49.0000 34.6603 41.0853 55.4394
11165.0000 0.0863 77.2111 49.0000 34.6319 40.4379 55.9192
11166.0000 0.0885 77.2776 49.0000 35.3107 39.5498 56.2208
11167.0000 0.0930 77.2400 49.0000 35.5965 38.7940 56.5149
11168.0000 0.0914 77.0402 49.0000 35.8088 38.5188 56.2959
11169.0000 0.1021 77.7768 49.0000 35.8317 38.2711 57.4513
11170.0000 0.0929 77.6734 49.0000 36.5551 38.2334 56.8779
11171.0000 0.0980 77.7552 49.0000 36.6902 37.7281 57.2389
11172.0000 0.0935 77.8206 49.0000 36.1976 38.6935 56.9965
11173.0000 0.0933 77.6504 49.0000 36.0316 38.7146 56.8549
11174.0000 0.0911 77.4035 49.0000 35.6132 39.1134 56.5080
11175.0000 0.0951 76.8899 49.0000 34.8322 39.0668 56.3256
11176.0000 0.0873 76.5340 49.0000 34.6984 39.5776 55.5615
11177.0000 0.0920 76.6469 49.0000 35.1856 38.7344 56.0033
11178.0000 0.0837 75.9798 49.0000 35.0900 38.9389 55.0035
11179.0000 0.0866 75.8672 49.0000 34.9255 38.7260 55.1029
11180.0000 0.0787 75.6423 49.0000 34.8189 39.3649 54.4041
11181.0000 0.0728 75.8176 49.0000 35.2768 39.6424 54.1511
11182.0000 0.0765 76.0246 49.0000 35.8198 38.8885 54.6293
11183.0000 0.0750 76.5288 49.0000 36.0490 39.3091 54.8809
11184.0000 0.0689 76.4000 49.0000 35.8439 40.0237 54.3165
11185.0000 0.0686 76.2996 49.0000 36.0431 39.7250 54.2628
11186.0000 0.0603 76.2246 49.0000 36.4262 40.1143 53.6113
11187.0000 0.0608 76.3968 49.0000 36.3504 40.3304 53.7455
11188.0000 0.0523 75.8544 49.0000 36.6037 40.4471 52.7076
11189.0000 0.0579 76.1813 49.0000 36.3127 40.4724 53.3569
11190.0000 0.0628 76.0281 49.0000 35.8730 40.2548 53.5999
11191.0000 0.0678 76.6602 49.0000 35.9824 40.2597 54.4170
11192.0000 0.0626 76.4964 49.0000 36.1147 40.5022 53.9165
11193.0000 0.0640 76.7755 49.0000 35.9879 40.7817 54.1866
11194.0000 0.0599 76.5107 49.0000 36.2822 40.6246 53.7321
11195.0000 0.0702 76.7446 49.0000 35.3630 40.7842 54.5512
11196.0000 0.0658 76.5225 49.0000 36.0047 40.3026 54.1761
11197.0000 0.0705 76.5687 49.0000 35.5591 40.3412 54.5060
11198.0000 0.0740 76.5052 49.0000 35.7614 39.6920 54.7605
11199.0000 0.0628 76.4845 49.0000 36.5009 40.0335 53.9897
11200.0000 0.0733 76.8068 49.0000 36.3097 39.4818 54.9735
11201.0000 0.0731 76.6322 49.0000 36.0663 39.5875 54.8137
11202.0000 0.0729 76.6013 49.0000 35.8955 39.7590 54.7585
11203.0000 0.0622 76.4269 49.0000 36.3772 40.1796 53.8830
11204.0000 0.0775 76.8872 49.0000 35.6934 39.8113 55.2511
11205.0000 0.0710 76.5377 49.0000 35.8657 39.9181 54.5730
11206.0000 0.0681 76.1814 49.0000 35.3595 40.4198 54.0329
11207.0000 0.0662 76.0782 49.0000 35.9133 39.8908 53.9152
11208.0000 0.0654 76.0010 49.0000 35.8950 39.9123 53.8025
11209.0000 0.0625 76.2360 49.0000 36.5213 39.7867 53.8065
11210.0000 0.0572 76.0097 49.0000 36.6834 39.9507 53.2518
11211.0000 0.0641 76.2269 49.0000 36.6124 39.5074 53.9373
11212.0000 0.0658 76.1003 49.0000 36.2352 39.6003 53.9453
11213.0000 0.0627 75.8730 49.0000 36.7228 39.1716 53.6071
11214.0000 0.0694 76.2456 49.0000 36.7006 38.8823 54.3565
11215.0000 0.0657 76.1476 49.0000 36.6174 39.2470 54.0121
11216.0000 0.0690 76.5017 49.0000 36.9917 38.8858 54.5163
11217.0000 0.0636 76.7154 49.0000 37.5260 39.0941 54.3019
11218.0000 0.0689 76.8846 49.0000 36.7447 39.5400 54.7508
11219.0000 0.0592 76.9114 49.0000 37.3181 39.9823 54.0752
11220.0000 0.0560 76.5334 49.0000 37.6028 39.6432 53.5894
11221.0000 0.0500 76.3802 49.0000 37.9609 39.7808 53.0132
11222.0000 0.0595 76.5844 49.0000 37.9248 38.9811 53.9198
11223.0000 0.0640 77.1808 49.0000 38.2122 38.8190 54.6789
11224.0000 0.0612 77.0620 49.0000 37.7932 39.4217 54.3706
11225.0000 0.0625 77.3634 49.0000 37.2570 40.1639 54.6248
11226.0000 0.0603 77.1730 49.0000 37.1243 40.3494 54.3082
11227.0000 0.0602 77.2015 49.0000 37.4853 39.9994 54.3597
11228.0000 0.0594 77.1488 49.0000 37.5164 39.9922 54.2686
11229.0000 0.0552 76.9451 49.0000 38.2434 39.4853 53.8414
11230.0000 0.0493 76.6811 49.0000 38.0947 40.0339 53.1608
11231.0000 0.0497 76.9665 49.0000 38.1850 40.1963 53.3854
11232.0000 0.0529 76.6690 49.0000 37.6248 40.1144 53.4167
11233.0000 0.0542 76.6558 49.0000 37.2778 40.3202 53.4860
11234.0000 0.0674 77.2693 49.0000 37.5566 39.2319 54.9627
11235.0000 0.0514 76.5614 49.0000 38.0120 39.7511 53.2596
11236.0000 0.0486 76.6483 49.0000 38.0905 40.0851 53.0779
11237.0000 0.0621 77.2447 49.0000 37.7124 39.5940 54.5604
11238.0000 0.0674 77.7141 49.0000 37.5647 39.6734 55.2665
11239.0000 0.0731 77.7110 49.0000 37.2228 39.4511 55.6514
11240.0000 0.0749 78.0008 49.0000 37.2544 39.5327 55.9768
11241.0000 0.0669 77.7347 49.0000 37.5107 39.8090 55.2347
11242.0000 0.0630 77.4601 49.0000 37.7512 39.6842 54.7729
11243.0000 0.0625 77.6934 49.0000 38.0367 39.6790 54.9095
11244.0000 0.0601 77.6602 49.0000 38.2934 39.6309 54.7185
11245.0000 0.0595 78.0186 49.0000 38.4154 39.9318 54.9237
11246.0000 0.0683 78.2794 49.0000 37.9471 39.7523 55.7444
11247.0000 0.0722 77.9987 49.0000 37.1893 39.8718 55.7763
11248.0000 0.0731 77.8120 49.0000 36.8598 39.9370 55.6875
11249.0000 0.0692 77.8923 49.0000 37.5175 39.7175 55.5172
11250.0000 0.0754 78.1459 49.0000 37.8384 39.0235 56.1444
11251.0000 0.0700 77.8524 49.0000 37.7456 39.3565 55.5638
11252.0000 0.0722 77.9258 49.0000 37.5498 39.4161 55.7568
11253.0000 0.0783 78.1085 49.0000 36.8005 39.7832 56.2491
11254.0000 0.0986 78.6507 49.0000 36.2104 39.0362 57.8872
11255.0000 0.0957 78.8013 49.0000 36.3865 39.2561 57.8327
11256.0000 0.0902 78.3427 49.0000 36.6737 39.0113 57.1904
11257.0000 0.0895 78.2608 49.0000 36.4558 39.2270 57.0699
11258.0000 0.0928 78.2714 49.0000 35.5951 39.8333 57.2075
11259.0000 0.0889 78.1585 49.0000 36.0521 39.6060 56.9241
11260.0000 0.0865 78.0050 49.0000 35.6395 40.1146 56.6165
11261.0000 0.0895 77.9124 49.0000 35.7656 39.6031 56.7693
11262.0000 0.0981 78.0505 49.0000 35.3554 39.3826 57.3663
11263.0000 0.1029 77.8478 49.0000 35.2187 38.8992 57.5046
11264.0000 0.1026 77.7273 49.0000 34.9500 39.0935 57.3736
11265.0000 0.1089 77.6623 49.0000 34.2909 39.1674 57.6323
11266.0000 0.0880 76.7406 49.0000 34.6580 39.7582 55.7425
11267.0000 0.0926 76.6099 49.0000 34.7390 39.1186 55.9644
11268.0000 0.0890 76.6692 49.0000 34.7170 39.5341 55.7670
11269.0000 0.0832 76.4157 49.0000 34.8406 39.6990 55.2220
11270.0000 0.0765 76.0731 49.0000 35.3276 39.4696 54.6005
11271.0000 0.0826 76.8504 49.0000 35.2406 39.7566 55.5293
11272.0000 0.0762 76.3221 49.0000 35.4726 39.6037 54.7568
11273.0000 0.0819 76.4722 49.0000 34.6393 40.1029 55.1350
11274.0000 0.0702 76.1959 49.0000 34.9207 40.7116 54.1195
11275.0000 0.0664 75.6834 49.0000 35.3435 40.0973 53.5819
11276.0000 0.0696 75.7777 49.0000 35.0226 40.2134 53.8383
11277.0000 0.0682 75.9336 49.0000 34.7524 40.8437 53.7584
11278.0000 0.0686 76.3495 49.0000 35.2737 40.6383 54.1621
11279.0000 0.0775 76.5791 49.0000 35.3458 39.8728 55.0018
11280.0000 0.0660 76.0032 49.0000 35.6889 40.0843 53.8149
11281.0000 0.0574 75.8485 49.0000 35.9526 40.5805 53.0436
11282.0000 0.0725 76.5599 49.0000 35.1359 40.6055 54.5718
11283.0000 0.0742 76.3083 49.0000 35.1681 40.1209 54.5571
11284.0000 0.0697 75.9370 49.0000 35.6152 39.7055 54.0505
11285.0000 0.0738 76.7521 49.0000 35.6308 40.1130 54.8843
11286.0000 0.0666 76.6779 49.0000 35.8595 40.5419 54.3134
11287.0000 0.0685 76.5783 49.0000 35.6314 40.4833 54.3667
11288.0000 0.0690 76.3607 49.0000 35.6216 40.2125 54.2680
11289.0000 0.0780 76.8731 49.0000 35.2194 40.2643 55.2073
11290.0000 0.0755 76.7572 49.0000 35.1652 40.4573 54.9389
11291.0000 0.0807 77.2390 49.0000 35.0940 40.5029 55.6218
11292.0000 0.0882 77.0178 49.0000 34.7119 39.9640 55.9437
11293.0000 0.0902 76.9882 49.0000 34.6272 39.8415 56.0428
11294.0000 0.0816 76.4871 49.0000 35.2897 39.4349 55.2250
11295.0000 0.0788 76.1244 49.0000 35.3363 39.2908 54.7950
11296.0000 0.0655 75.7037 49.0000 35.6163 39.9033 53.5748
11297.0000 0.0627 75.6952 49.0000 35.6194 40.1921 53.3443
11298.0000 0.0591 75.3425 49.0000 35.8035 40.0124 52.8546
11299.0000 0.0524 75.2418 49.0000 36.0287 40.4307 52.2361
11300.0000 0.0602 75.6387 49.0000 35.8704 40.1361 53.1377
11301.0000 0.0700 76.1608 49.0000 35.7069 39.8104 54.2274
11302.0000 0.0719 76.1873 49.0000 35.3558 40.0251 54.3366
11303.0000 0.0723 75.8607 49.0000 34.9837 40.0645 54.0909
11304.0000 0.0717 75.5708 49.0000 34.4225 40.4580 53.7512
11305.0000 0.0704 75.3823 49.0000 34.5540 40.2411 53.5646
11306.0000 0.0588 74.6159 49.0000 34.7098 40.5420 52.1451
11307.0000 0.0626 74.6042 49.0000 34.6575 40.1514 52.4643
11308.0000 0.0623 74.8216 49.0000 34.7662 40.2919 52.5941
11309.0000 0.0617 74.9322 49.0000 35.3228 39.8322 52.7307
11310.0000 0.0697 75.3866 49.0000 35.5274 39.2284 53.6850
11311.0000 0.0635 75.1557 49.0000 35.7855 39.3589 53.0910
11312.0000 0.0594 75.4082 49.0000 36.0890 39.7332 52.9647
11313.0000 0.0503 75.1378 49.0000 36.5441 39.9709 52.0821
11314.0000 0.0540 75.5385 49.0000 36.8331 39.6509 52.6990
11315.0000 0.0610 75.8312 49.0000 36.1505 39.9338 53.3742
11316.0000 0.0618 76.1560 49.0000 36.2976 40.0201 53.6714
11317.0000 0.0624 76.0631 49.0000 36.5752 39.5559 53.6952
11318.0000 0.0675 76.0287 49.0000 36.1586 39.4387 54.0140
11319.0000 0.0653 75.9120 49.0000 35.9135 39.8105 53.7399
11320.0000 0.0636 75.9949 49.0000 36.3285 39.6228 53.7168
11321.0000 0.0656 76.1468 49.0000 36.5080 39.3803 53.9879
11322.0000 0.0693 76.3806 49.0000 36.8416 38.8897 54.4453
11323.0000 0.0723 76.1355 49.0000 37.2257 37.9476 54.5054
11324.0000 0.0766 76.2457 49.0000 36.3021 38.5966 54.8258
11325.0000 0.0706 75.8276 49.0000 35.9605 39.1304 54.0877
11326.0000 0.0679 76.2022 49.0000 36.1139 39.6232 54.1531
11327.0000 0.0672 75.9312 49.0000 36.4608 39.0451 53.9596
11328.0000 0.0642 76.1175 49.0000 36.7057 39.2839 53.8826
11329.0000 0.0750 76.6590 49.0000 36.1933 39.2817 54.9871
11330.0000 0.0836 77.1361 49.0000 36.5597 38.5543 55.9190
11331.0000 0.0952 78.0396 49.0000 36.2674 38.6868 57.2554
11332.0000 0.0878 77.5880 49.0000 36.3440 38.8373 56.4861
11333.0000 0.0781 77.0006 49.0000 36.5150 38.9912 55.4566
11334.0000 0.0918 77.5965 49.0000 36.8480 37.9582 56.7681
11335.0000 0.0912 77.3759 49.0000 36.3077 38.3532 56.5492
11336.0000 0.0991 78.1592 49.0000 36.5471 38.1631 57.5912
11337.0000 0.0904 78.0884 49.0000 36.1798 39.2642 56.9838
11338.0000 0.0862 77.9214 49.0000 36.7841 38.8551 56.6476
11339.0000 0.0808 77.8118 49.0000 36.7734 39.2708 56.2156
11340.0000 0.0920 78.3406 49.0000 36.6097 38.9174 57.2924
11341.0000 0.0810 77.7350 49.0000 36.8653 39.0770 56.1842
11342.0000 0.0763 77.5284 49.0000 37.0469 39.1340 55.7379
11343.0000 0.0722 76.9388 49.0000 37.0858 38.9093 55.0480
11344.0000 0.0599 76.6346 49.0000 37.0669 39.8917 53.9218
11345.0000 0.0621 76.4288 49.0000 37.3060 39.1888 53.9801
11346.0000 0.0645 76.3758 49.0000 37.3738 38.8162 54.1272
11347.0000 0.0633 76.6990 49.0000 37.5913 39.0353 54.2760
11348.0000 0.0601 76.8796 49.0000 37.9047 39.2321 54.1715
11349.0000 0.0615 76.8027 49.0000 37.2758 39.6642 54.1841
11350.0000 0.0632 77.0661 49.0000 37.6137 39.3973 54.5184
11351.0000 0.0675 76.7575 49.0000 37.1193 39.1614 54.5918
11352.0000 0.0689 76.9258 49.0000 37.0342 39.2786 54.8018
11353.0000 0.0783 76.8020 49.0000 36.9050 38.3692 55.3568
11354.0000 0.0814 77.2299 49.0000 36.8089 38.5937 55.8577
11355.0000 0.0834 77.4561 49.0000 36.6962 38.7512 56.1354
11356.0000 0.0874 78.0309 49.0000 37.0539 38.5755 56.8134
11357.0000 0.0777 77.4330 49.0000 37.6275 38.3102 55.7886
11358.0000 0.0790 77.9749 49.0000 37.6990 38.6477 56.2603
11359.0000 0.0717 77.8975 49.0000 38.1012 38.8747 55.7232
11360.0000 0.0763 77.7013 49.0000 37.5287 38.8058 55.8856
11361.0000 0.0765 77.8292 49.0000 37.6561 38.7903 55.9885
11362.0000 0.0674 77.5300 49.0000 37.2076 39.8642 55.1121
11363.0000 0.0647 77.2897 49.0000 37.0682 40.0566 54.7277
11364.0000 0.0661 77.6115 49.0000 37.6401 39.6275 55.1038
11365.0000 0.0607 76.9863 49.0000 37.4542 39.7525 54.2569
11366.0000 0.0568 77.1521 49.0000 38.0542 39.7201 54.0985
11367.0000 0.0607 77.2065 49.0000 37.6620 39.7657 54.4161
11368.0000 0.0753 77.4896 49.0000 36.6680 39.5914 55.6114
11369.0000 0.0839 77.5061 49.0000 36.7576 38.6916 56.2053
11370.0000 0.0733 77.2878 49.0000 37.1644 39.0623 55.3747
11371.0000 0.0774 77.3773 49.0000 37.0366 38.8845 55.7093
11372.0000 0.0733 77.1765 49.0000 37.5180 38.5871 55.3140
11373.0000 0.0724 76.9826 49.0000 37.1207 38.8953 55.0956
11374.0000 0.0750 77.5418 49.0000 37.2557 39.0597 55.6694
11375.0000 0.0792 77.7054 49.0000 37.0374 39.0449 56.0523
11376.0000 0.0822 77.6700 49.0000 36.8517 38.9132 56.2169
11377.0000 0.0755 77.7074 49.0000 36.9593 39.4909 55.7936
11378.0000 0.0820 77.8284 49.0000 36.4202 39.5389 56.2807
11379.0000 0.0841 77.9013 49.0000 36.6743 39.1461 56.4906
11380.0000 0.0824 78.0190 49.0000 36.9935 39.0946 56.4806
11381.0000 0.0773 78.2582 49.0000 36.5333 40.3157 56.2521
11382.0000 0.0681 77.6389 49.0000 37.2800 39.8264 55.2436
11383.0000 0.0672 78.1594 49.0000 37.1121 40.6337 55.5021
11384.0000 0.0656 77.7512 49.0000 37.5713 39.8935 55.1557
11385.0000 0.0635 77.7383 49.0000 37.1956 40.5107 54.9420
11386.0000 0.0693 77.7520 49.0000 37.1535 39.9572 55.3932
11387.0000 0.0702 77.6955 49.0000 36.7211 40.2646 55.3797
11388.0000 0.0727 77.5618 49.0000 36.7350 39.8586 55.4767
11389.0000 0.0810 77.4943 49.0000 36.4132 39.3111 55.9828
11390.0000 0.0777 77.5293 49.0000 36.8294 39.2271 55.8177
11391.0000 0.0780 78.1750 49.0000 36.8002 39.8775 56.2749
11392.0000 0.0731 78.0272 49.0000 36.9321 40.0760 55.8406
11393.0000 0.0770 77.6659 49.0000 36.2108 40.0887 55.8002
11394.0000 0.0765 77.3828 49.0000 36.0475 40.0295 55.5545
11395.0000 0.0809 77.5720 49.0000 35.3855 40.5056 55.8980
11396.0000 0.0816 77.1601 49.0000 34.9487 40.4997 55.6062
11397.0000 0.0826 76.8632 49.0000 34.5607 40.5280 55.4165
11398.0000 0.0760 76.2218 49.0000 34.9402 40.1041 54.5949
11399.0000 0.0738 76.1045 49.0000 34.6042 40.5883 54.2866
11400.0000 0.0739 76.6740 49.0000 34.8592 40.8913 54.6960
11401.0000 0.0869 77.1793 49.0000 34.5812 40.4019 55.9328
11402.0000 0.0883 77.2959 49.0000 34.4611 40.5167 56.0846
11403.0000 0.0775 76.9465 49.0000 34.8456 40.8096 55.1464
11404.0000 0.0788 76.9720 49.0000 34.5704 41.0120 55.2051
11405.0000 0.0796 77.1493 49.0000 34.8205 40.8334 55.4273
11406.0000 0.0725 76.7807 49.0000 35.4316 40.4966 54.7713
11407.0000 0.0781 77.4309 49.0000 35.0782 40.9864 55.5444
11408.0000 0.0686 77.0615 49.0000 35.3017 41.3643 54.6009
11409.0000 0.0733 77.0805 49.0000 34.7226 41.5397 54.8654
11410.0000 0.0719 76.5223 49.0000 34.8259 40.9796 54.4379
11411.0000 0.0648 76.0152 49.0000 35.3981 40.5607 53.6667
11412.0000 0.0623 75.9435 49.0000 36.0672 40.0038 53.5376
11413.0000 0.0494 75.7974 49.0000 36.9404 40.3517 52.4633
11414.0000 0.0494 75.6927 49.0000 36.2070 41.0842 52.2544
11415.0000 0.0420 75.4788 49.0000 36.8950 40.9952 51.5286
11416.0000 0.0433 75.8802 49.0000 36.8824 41.2831 51.8960
11417.0000 0.0423 75.9773 49.0000 36.6190 41.8564 51.7653
11418.0000 0.0426 75.9695 49.0000 36.6794 41.7312 51.8121
11419.0000 0.0523 76.1282 49.0000 36.3343 41.0552 52.8186
11420.0000 0.0595 76.2254 49.0000 35.8657 40.8522 53.4327
11421.0000 0.0597 76.0662 49.0000 35.5737 40.9977 53.2895
11422.0000 0.0709 76.5569 49.0000 35.1492 40.7530 54.4489
11423.0000 0.0655 76.4719 49.0000 35.7842 40.5251 54.0848
11424.0000 0.0804 76.6423 49.0000 35.0580 39.9663 55.2059
11425.0000 0.0780 76.8904 49.0000 35.1439 40.3636 55.2071
11426.0000 0.0789 77.0198 49.0000 35.2086 40.3368 55.3656
11427.0000 0.0928 77.4285 49.0000 34.9383 39.6941 56.5585
11428.0000 0.0860 77.1844 49.0000 35.2693 39.7392 55.9848
11429.0000 0.0827 77.0170 49.0000 34.8399 40.3563 55.5803
11430.0000 0.0815 77.0400 49.0000 35.1033 40.2114 55.5515
11431.0000 0.0785 77.0515 49.0000 35.0524 40.5867 55.3261
11432.0000 0.0753 77.2487 49.0000 35.6610 40.4338 55.3241
11433.0000 0.0831 77.5581 49.0000 35.3993 40.2549 56.0508
11434.0000 0.0834 77.4513 49.0000 35.7602 39.7266 56.0510
11435.0000 0.0816 77.3413 49.0000 35.6668 39.8981 55.8364
11436.0000 0.0724 76.8957 49.0000 36.2764 39.7028 54.9604
11437.0000 0.0762 77.3241 49.0000 36.5654 39.4461 55.5518
11438.0000 0.0762 76.8537 49.0000 36.0629 39.5037 55.1852
11439.0000 0.0818 76.6861 49.0000 36.5508 38.2874 55.4875
11440.0000 0.0735 76.5832 49.0000 36.8736 38.6386 54.8852
11441.0000 0.0783 76.7138 49.0000 36.2229 38.9870 55.2533
11442.0000 0.0850 77.0384 49.0000 35.3530 39.6021 55.8279
11443.0000 0.0877 76.8024 49.0000 35.2313 39.2357 55.8384
11444.0000 0.0794 77.2214 49.0000 36.1890 39.4283 55.6678
11445.0000 0.0935 77.1768 49.0000 35.9122 38.3576 56.5267
11446.0000 0.0892 77.1656 49.0000 36.1755 38.4612 56.2727
11447.0000 0.0909 77.5184 49.0000 35.7843 39.0692 56.5878
11448.0000 0.0814 77.1689 49.0000 35.6927 39.7067 55.7176
11449.0000 0.0797 77.3089 49.0000 35.9106 39.7824 55.7176
11450.0000 0.0771 77.4322 49.0000 35.8876 40.1970 55.6060
11451.0000 0.0764 76.9622 49.0000 35.2890 40.4394 55.1590
11452.0000 0.0713 76.7815 49.0000 35.3466 40.7197 54.6619
11453.0000 0.0661 76.9364 49.0000 35.8877 40.8370 54.4392
11454.0000 0.0645 76.7210 49.0000 35.9985 40.6581 54.1954
11455.0000 0.0575 77.0056 49.0000 36.0052 41.7673 53.7493
11456.0000 0.0547 77.2247 49.0000 36.3720 41.9256 53.6934
11457.0000 0.0620 77.4154 49.0000 36.1154 41.5490 54.4289
11458.0000 0.0629 77.4101 49.0000 36.1350 41.4157 54.5100
11459.0000 0.0678 77.5046 49.0000 36.0804 41.0378 54.9643
11460.0000 0.0567 77.0001 49.0000 36.0128 41.8525 53.6699
11461.0000 0.0564 76.9723 49.0000 36.3784 41.4311 53.7103
11462.0000 0.0525 77.0307 49.0000 36.4016 41.9473 53.3768
11463.0000 0.0611 76.9120 49.0000 36.2088 41.0054 54.0642
11464.0000 0.0538 76.4324 49.0000 36.6031 40.8864 53.2018
11465.0000 0.0552 76.1761 49.0000 36.4308 40.6441 53.1381
11466.0000 0.0563 75.9324 49.0000 36.8045 39.8411 53.1399
11467.0000 0.0553 76.2034 49.0000 36.2799 40.8304 53.1376
11468.0000 0.0626 76.3789 49.0000 35.6111 40.9468 53.7490
11469.0000 0.0647 76.5918 49.0000 35.6544 40.8876 54.0673
11470.0000 0.0612 76.4009 49.0000 35.3855 41.3990 53.5824
11471.0000 0.0626 76.1452 49.0000 35.8231 40.4550 53.6488
11472.0000 0.0686 76.3521 49.0000 35.4809 40.4115 54.2001
11473.0000 0.0676 75.9371 49.0000 35.9876 39.5174 53.9418
11474.0000 0.0708 76.0984 49.0000 36.2852 39.0330 54.3211
11475.0000 0.0667 75.8521 49.0000 36.4140 39.0582 53.8703
11476.0000 0.0659 75.4003 49.0000 36.4230 38.6737 53.5062
11477.0000 0.0722 75.4394 49.0000 36.1928 38.3213 53.9691
11478.0000 0.0653 75.2923 49.0000 36.2703 38.7845 53.3775
11479.0000 0.0637 75.1210 49.0000 36.2112 38.8372 53.1375
11480.0000 0.0653 75.4348 49.0000 36.3837 38.8099 53.4830
11481.0000 0.0673 75.4695 49.0000 36.3510 38.6727 53.6532
11482.0000 0.0605 75.4019 49.0000 36.3317 39.3328 53.0884
11483.0000 0.0540 75.5421 49.0000 36.8459 39.6386 52.7045
11484.0000 0.0509 75.5160 49.0000 37.4034 39.3660 52.4783
11485.0000 0.0504 75.4708 49.0000 37.4035 39.3692 52.4107
11486.0000 0.0478 75.3608 49.0000 37.3334 39.6319 52.1036
11487.0000 0.0553 75.6869 49.0000 36.8301 39.6588 52.9077
11488.0000 0.0588 75.6667 49.0000 36.6047 39.5011 53.1527
11489.0000 0.0622 75.8085 49.0000 36.4258 39.4758 53.4953
11490.0000 0.0597 75.9561 49.0000 37.2782 38.9845 53.4777
11491.0000 0.0604 76.4868 49.0000 37.4305 39.2919 53.9012
11492.0000 0.0529 76.4780 49.0000 37.3069 40.2581 53.2575
11493.0000 0.0551 76.3701 49.0000 36.8873 40.3493 53.3259
11494.0000 0.0524 76.4969 49.0000 37.5204 40.0983 53.2552
11495.0000 0.0590 76.4787 49.0000 36.7050 40.2284 53.6974
11496.0000 0.0573 76.2415 49.0000 36.7373 40.1274 53.4127
11497.0000 0.0589 76.2622 49.0000 37.0217 39.6637 53.5920
11498.0000 0.0514 75.9796 49.0000 37.2949 39.9140 52.8097
11499.0000 0.0484 75.9768 49.0000 37.0470 40.5498 52.4948
11500.0000 0.0585 76.3979 49.0000 36.6409 40.2631 53.6000
11501.0000 0.0599 76.6799 49.0000 36.3904 40.6847 53.8544
11502.0000 0.0616 76.6906 49.0000 36.4851 40.4024 54.0179
11503.0000 0.0521 76.4187 49.0000 36.3499 41.3862 52.9687
11504.0000 0.0536 76.1487 49.0000 36.4275 40.8098 52.9738
11505.0000 0.0531 76.3217 49.0000 36.8702 40.5447 53.1198
11506.0000 0.0527 76.5387 49.0000 37.0139 40.6681 53.2377
11507.0000 0.0551 76.5835 49.0000 36.5133 40.9982 53.3944
11508.0000 0.0606 76.8914 49.0000 36.5350 40.6655 54.0722
11509.0000 0.0759 77.0846 49.0000 35.9563 39.8887 55.2998
11510.0000 0.0736 77.0981 49.0000 35.6066 40.5187 55.0865
11511.0000 0.0792 77.4927 49.0000 35.8342 40.1042 55.7914
11512.0000 0.0839 77.7007 49.0000 36.2590 39.3988 56.3065
11513.0000 0.0806 77.4624 49.0000 36.0322 39.7177 55.8982
11514.0000 0.0780 77.2168 49.0000 36.1325 39.6203 55.5618
11515.0000 0.0704 77.0516 49.0000 36.1953 40.1489 54.9082
11516.0000 0.0700 77.2678 49.0000 35.6682 41.0147 54.9171
11517.0000 0.0595 77.0515 49.0000 36.3772 41.1474 54.0419
11518.0000 0.0598 77.1926 49.0000 35.8476 41.8898 54.0268
11519.0000 0.0652 77.2767 49.0000 35.8021 41.3943 54.5564
11520.0000 0.0666 76.9075 49.0000 35.0455 41.7346 54.2660
11521.0000 0.0696 76.6156 49.0000 35.4067 40.6572 54.4363
11522.0000 0.0729 76.4303 49.0000 34.9745 40.6005 54.4975
11523.0000 0.0730 76.4613 49.0000 34.6745 40.9765 54.4512
11524.0000 0.0717 76.2290 49.0000 34.5976 40.9573 54.1883
11525.0000 0.0767 76.5584 49.0000 34.7706 40.5752 54.8256
11526.0000 0.0851 76.6279 49.0000 34.5823 40.0151 55.4499
11527.0000 0.0795 76.7747 49.0000 34.6288 40.6657 55.1497
11528.0000 0.0827 77.2985 49.0000 35.2516 40.1946 55.8281
11529.0000 0.0833 77.3263 49.0000 35.4206 39.9836 55.9110
11530.0000 0.0863 77.3365 49.0000 35.1190 40.0235 56.0865
11531.0000 0.0785 76.7363 49.0000 35.5636 39.6938 55.2096
11532.0000 0.0758 76.7990 49.0000 35.9002 39.6622 55.1014
11533.0000 0.0940 77.2569 49.0000 35.1356 39.2074 56.5412
11534.0000 0.0927 77.4306 49.0000 35.0812 39.5561 56.5696
11535.0000 0.0973 77.6853 49.0000 35.2501 39.2076 57.0545
11536.0000 0.1050 77.6790 49.0000 34.6230 39.1817 57.4462
11537.0000 0.0953 77.2437 49.0000 34.4015 39.8633 56.5158
11538.0000 0.1085 77.5530 49.0000 34.8439 38.5217 57.5886
11539.0000 0.1077 77.2792 49.0000 34.2558 38.9419 57.2899
11540.0000 0.1065 77.6728 49.0000 34.3133 39.3678 57.4964
11541.0000 0.1103 77.8198 49.0000 34.4542 39.0348 57.8370
11542.0000 0.1133 78.5216 49.0000 34.5916 39.3053 58.5163
11543.0000 0.1116 78.4737 49.0000 34.8420 39.1463 58.4099
11544.0000 0.1110 78.0794 49.0000 34.3261 39.3572 58.0441
11545.0000 0.1193 78.5616 49.0000 34.7042 38.7169 58.8943
11546.0000 0.1146 78.5079 49.0000 34.0879 39.7113 58.5194
11547.0000 0.1226 78.9983 49.0000 34.2065 39.3735 59.3327
11548.0000 0.1205 79.2479 49.0000 34.7472 39.2247 59.4498
11549.0000 0.1199 79.1118 49.0000 34.6437 39.2553 59.3086
11550.0000 0.1133 78.8492 49.0000 35.0010 39.1940 58.7874
11551.0000 0.1043 78.6089 49.0000 35.3086 39.4234 58.1245
11552.0000 0.1043 78.7706 49.0000 35.4043 39.4799 58.2468
11553.0000 0.1151 78.7672 49.0000 35.2059 38.7517 58.8484
11554.0000 0.1132 78.8572 49.0000 35.2155 38.9888 58.8065
11555.0000 0.1087 78.1784 49.0000 35.5168 38.4076 58.0970
11556.0000 0.1041 78.0997 49.0000 35.5023 38.7493 57.7724
11557.0000 0.1122 78.7551 49.0000 35.7896 38.3822 58.7220
11558.0000 0.1109 78.5453 49.0000 35.5875 38.4991 58.4868
11559.0000 0.1152 78.7551 49.0000 36.0668 37.8518 58.8964
11560.0000 0.1279 79.3961 49.0000 35.6696 37.8166 60.0110
11561.0000 0.1189 79.2111 49.0000 36.3816 37.6530 59.4393
11562.0000 0.1168 79.4969 49.0000 36.5650 37.9140 59.5424
11563.0000 0.1135 79.2408 49.0000 36.5295 37.9843 59.1768
11564.0000 0.1119 78.9638 49.0000 36.1818 38.2103 58.8739
11565.0000 0.1190 78.7635 49.0000 35.8063 37.8130 59.0912
11566.0000 0.1145 78.5925 49.0000 35.7199 38.1046 58.7274
11567.0000 0.1235 78.7162 49.0000 35.5367 37.6731 59.2800
11568.0000 0.1236 79.0960 49.0000 35.6557 37.8941 59.5725
11569.0000 0.1231 78.5910 49.0000 35.1780 37.9544 59.1483
11570.0000 0.1259 78.4620 49.0000 35.4484 37.3291 59.2134
11571.0000 0.1348 79.0438 49.0000 34.5830 38.0345 60.0443
11572.0000 0.1353 79.0775 49.0000 34.4213 38.1956 60.0793
11573.0000 0.1417 78.9901 49.0000 34.4013 37.6294 60.3326
11574.0000 0.1393 79.1070 49.0000 33.9963 38.3354 60.2708
11575.0000 0.1258 78.6252 49.0000 34.6571 38.2943 59.2821
11576.0000 0.1271 78.8320 49.0000 34.5341 38.5059 59.4910
11577.0000 0.1195 78.7506 49.0000 34.6570 38.9349 59.0307
11578.0000 0.1186 78.9184 49.0000 34.8582 38.9574 59.1214
11579.0000 0.1099 78.0974 49.0000 34.9753 38.7937 58.0602
11580.0000 0.1029 77.3508 49.0000 35.0986 38.5447 57.1449
11581.0000 0.1049 77.3532 49.0000 34.5753 38.9203 57.2126
11582.0000 0.1061 77.4250 49.0000 34.6897 38.7637 57.3465
11583.0000 0.1094 77.1880 49.0000 34.6801 38.2620 57.3698
11584.0000 0.1013 77.0465 49.0000 35.2243 38.2551 56.8503
11585.0000 0.0979 76.9369 49.0000 35.3380 38.3321 56.5788
11586.0000 0.1012 77.0671 49.0000 35.2709 38.2431 56.8574
11587.0000 0.1053 77.2129 49.0000 34.7849 38.5316 57.1591
11588.0000 0.0996 76.9885 49.0000 35.0223 38.5583 56.6915
11589.0000 0.0986 76.9461 49.0000 35.0785 38.5467 56.6069
11590.0000 0.1090 77.2811 49.0000 34.5899 38.4838 57.4012
11591.0000 0.0979 76.6004 49.0000 34.8333 38.5293 56.3006
11592.0000 0.1098 76.8834 49.0000 34.2729 38.3611 57.1388
11593.0000 0.1085 76.7780 49.0000 34.0544 38.5955 56.9696
11594.0000 0.1120 76.7852 49.0000 34.4650 37.8852 57.2087
11595.0000 0.1138 76.5197 49.0000 34.7587 37.1810 57.1373
11596.0000 0.1162 77.0771 49.0000 34.0512 38.2399 57.6117
11597.0000 0.1166 76.8541 49.0000 34.6527 37.3815 57.5185
11598.0000 0.1272 77.1775 49.0000 34.0490 37.4459 58.2653
11599.0000 0.1217 77.0676 49.0000 34.0767 37.7550 57.9029
11600.0000 0.1224 77.3431 49.0000 34.4076 37.6206 58.1615
11601.0000 0.1191 77.4278 49.0000 34.5965 37.7713 58.0644
11602.0000 0.1179 77.9791 49.0000 34.5809 38.4146 58.3884
11603.0000 0.1169 77.9253 49.0000 34.4462 38.5814 58.2862
11604.0000 0.1149 77.9590 49.0000 34.6827 38.5396 58.2187
11605.0000 0.0977 77.5843 49.0000 35.0772 39.2593 56.9879
11606.0000 0.1008 77.6649 49.0000 34.4372 39.7392 57.1552
11607.0000 0.0958 77.5280 49.0000 34.6848 39.7914 56.7819
11608.0000 0.0899 77.0577 49.0000 35.4210 39.0816 56.1772
11609.0000 0.0965 77.4474 49.0000 35.1030 39.2020 56.8251
11610.0000 0.0906 77.0830 49.0000 35.3106 39.1575 56.2284
11611.0000 0.0881 77.0191 49.0000 35.1296 39.5226 55.9984
11612.0000 0.0967 77.2269 49.0000 35.5918 38.4537 56.7321
11613.0000 0.0959 77.2897 49.0000 35.2495 38.9427 56.6978
11614.0000 0.0850 76.8357 49.0000 35.5225 39.2162 55.7132
11615.0000 0.0874 76.7693 49.0000 35.1028 39.3654 55.7825
11616.0000 0.0878 76.8783 49.0000 34.6465 39.9339 55.8138
11617.0000 0.0914 77.2614 49.0000 34.0150 40.6742 56.1954
11618.0000 0.0969 77.2703 49.0000 34.1490 40.0092 56.6023
11619.0000 0.0942 77.2316 49.0000 34.5712 39.7635 56.4661
11620.0000 0.0954 77.4748 49.0000 33.9877 40.5354 56.6044
11621.0000 0.0970 77.7198 49.0000 34.1012 40.5030 56.8945
11622.0000 0.0995 77.8465 49.0000 33.4406 41.1240 57.0142
11623.0000 0.1001 78.0344 49.0000 33.7825 40.8787 57.2455
11624.0000 0.0948 77.8085 49.0000 33.8573 41.0700 56.7547
11625.0000 0.0946 78.2017 49.0000 33.4383 41.9655 56.8882
11626.0000 0.0974 78.3670 49.0000 33.6831 41.5804 57.2529
11627.0000 0.1012 78.3432 49.0000 33.8783 40.9772 57.5395
11628.0000 0.1117 78.6800 49.0000 33.4174 40.8433 58.3578
11629.0000 0.1086 78.6588 49.0000 33.2954 41.2391 58.1202
11630.0000 0.1044 78.9705 49.0000 33.3854 41.8435 58.0593
11631.0000 0.1168 79.5373 49.0000 33.2062 41.4459 59.2095
11632.0000 0.1217 79.5037 49.0000 33.0512 41.1469 59.4592
11633.0000 0.1174 79.3799 49.0000 33.4336 40.9975 59.1825
11634.0000 0.1140 78.9776 49.0000 34.0050 40.3038 58.7939
11635.0000 0.1307 79.1890 49.0000 33.7237 39.3802 59.8566
11636.0000 0.1294 78.9641 49.0000 33.9123 39.0800 59.6493
11637.0000 0.1379 78.8358 49.0000 33.8819 38.3150 59.9922
11638.0000 0.1287 78.8089 49.0000 34.1665 38.7365 59.5229
11639.0000 0.1402 79.3233 49.0000 34.2902 38.1684 60.4940
11640.0000 0.1489 79.4158 49.0000 34.0303 37.8390 60.9674
11641.0000 0.1539 79.4933 49.0000 33.7184 37.8417 61.2394
11642.0000 0.1549 79.5855 49.0000 33.3817 38.1900 61.3273
11643.0000 0.1596 79.7555 49.0000 32.8424 38.5212 61.6315
11644.0000 0.1595 79.8064 49.0000 33.1412 38.2765 61.6898
11645.0000 0.1609 80.0756 49.0000 33.3899 38.1638 61.9737
11646.0000 0.1646 80.6566 49.0000 33.4556 38.3416 62.5790
11647.0000 0.1572 80.4854 49.0000 33.8124 38.3908 62.1352
11648.0000 0.1486 79.9551 49.0000 33.7001 38.6841 61.3243
11649.0000 0.1446 79.9739 49.0000 34.0269 38.6818 61.1696
11650.0000 0.1338 80.0466 49.0000 34.6248 39.0048 60.7223
11651.0000 0.1419 80.0666 49.0000 34.5777 38.4205 61.1466
11652.0000 0.1527 80.5538 49.0000 33.7869 38.8196 61.9709
11653.0000 0.1491 80.5421 49.0000 34.4793 38.3910 61.8413
11654.0000 0.1595 80.7966 49.0000 34.3174 37.9842 62.5108
11655.0000 0.1452 80.3579 49.0000 34.5645 38.4473 61.5182
11656.0000 0.1415 80.4253 49.0000 34.7215 38.6367 61.3992
11657.0000 0.1393 80.6654 49.0000 34.6474 39.1099 61.4564
11658.0000 0.1411 80.8413 49.0000 34.2534 39.5279 61.6406
11659.0000 0.1455 81.1223 49.0000 34.2618 39.4277 62.0679
11660.0000 0.1620 81.9083 49.0000 33.7925 39.3120 63.4162
11661.0000 0.1672 82.1532 49.0000 33.9182 39.0094 63.8512
11662.0000 0.1786 82.6110 49.0000 33.4275 39.0377 64.6779
11663.0000 0.1772 82.5598 49.0000 33.6178 38.9121 64.5896
11664.0000 0.1601 82.2533 49.0000 33.8433 39.7222 63.5798
11665.0000 0.1722 82.4804 49.0000 34.0394 38.7975 64.3357
11666.0000 0.1656 82.3685 49.0000 34.5005 38.7430 63.9786
11667.0000 0.1692 82.0845 49.0000 33.9687 38.7443 63.8973
11668.0000 0.1741 82.3466 49.0000 34.0560 38.5196 64.3226
11669.0000 0.1564 81.9354 49.0000 34.3947 39.1725 63.2134
11670.0000 0.1636 82.0061 49.0000 34.2126 38.8571 63.5973
11671.0000 0.1681 82.3422 49.0000 34.3071 38.7241 64.0601
11672.0000 0.1694 82.2028 49.0000 34.0014 38.8039 63.9958
11673.0000 0.1789 83.5260 49.0000 34.1711 39.0775 65.4360
11674.0000 0.1855 83.5261 49.0000 33.8672 38.8872 65.7070
11675.0000 0.1842 83.3572 49.0000 34.3649 38.3409 65.5550
11676.0000 0.1681 83.0108 49.0000 34.5026 39.1169 64.5773
11677.0000 0.1748 83.6610 49.0000 34.2535 39.4240 65.3575
11678.0000 0.1685 83.1842 49.0000 34.2548 39.4884 64.7061
11679.0000 0.1783 82.8970 49.0000 34.1193 38.6264 64.9291
11680.0000 0.1745 82.7742 49.0000 34.5876 38.3388 64.6948
11681.0000 0.1682 82.4685 49.0000 34.7661 38.3681 64.1893
11682.0000 0.1700 82.4633 49.0000 34.2656 38.7273 64.2360
11683.0000 0.1568 81.7180 49.0000 34.3006 39.0342 63.0684
11684.0000 0.1623 82.2379 49.0000 34.8573 38.5220 63.7502
11685.0000 0.1682 82.4442 49.0000 34.1373 38.9719 64.1317
11686.0000 0.1671 82.0311 49.0000 34.2504 38.5808 63.7773
11687.0000 0.1481 81.1682 49.0000 34.8680 38.6454 62.2819
11688.0000 0.1717 81.9632 49.0000 34.8297 37.5967 63.9636
11689.0000 0.1701 82.1033 49.0000 34.2603 38.4046 63.9709
11690.0000 0.1799 82.7987 49.0000 34.2674 38.2745 64.9340
11691.0000 0.1771 82.6297 49.0000 33.9551 38.6418 64.6648
11692.0000 0.1725 82.2837 49.0000 33.9935 38.6519 64.1957
11693.0000 0.1855 82.7234 49.0000 33.4261 38.6277 65.0674
11694.0000 0.1781 82.0613 49.0000 33.3500 38.6697 64.2378
11695.0000 0.1748 81.3201 49.0000 33.2737 38.3434 63.5264
11696.0000 0.1811 81.3809 49.0000 32.0914 39.1010 63.7503
11697.0000 0.1750 81.2811 49.0000 32.4252 39.1361 63.4318
11698.0000 0.1730 81.3969 49.0000 32.4918 39.3192 63.4330
11699.0000 0.1666 81.5219 49.0000 32.5206 39.8839 63.2259
11700.0000 0.1689 81.8781 49.0000 32.4871 40.0563 63.5933
11701.0000 0.1712 82.0242 49.0000 32.9307 39.5689 63.8579
11702.0000 0.1857 82.7937 49.0000 32.4660 39.6108 65.0519
11703.0000 0.1817 81.9598 49.0000 32.4031 39.2512 64.2400
11704.0000 0.1892 82.5186 49.0000 32.2649 39.3124 64.9833
11705.0000 0.1958 82.7113 49.0000 31.9471 39.3026 65.3900
11706.0000 0.1801 82.2590 49.0000 32.3218 39.7102 64.3812
11707.0000 0.1915 83.1807 49.0000 32.4358 39.5418 65.6003
11708.0000 0.1932 83.1427 49.0000 32.1202 39.6976 65.6133
11709.0000 0.2039 83.3535 49.0000 32.1347 39.0797 66.2415
11710.0000 0.1900 83.0772 49.0000 31.6938 40.2915 65.3752
11711.0000 0.1820 82.6060 49.0000 31.9556 40.2287 64.6857
11712.0000 0.1795 82.4864 49.0000 32.0054 40.2652 64.4855
11713.0000 0.1736 82.4412 49.0000 31.9951 40.6852 64.1684
11714.0000 0.1796 83.0258 49.0000 31.4987 41.2199 64.8231
11715.0000 0.1878 82.8788 49.0000 31.2859 40.6799 65.0787
11716.0000 0.1949 83.2789 49.0000 31.2668 40.5075 65.7032
11717.0000 0.1939 83.6586 49.0000 31.4477 40.7355 65.9577
11718.0000 0.2156 83.8115 49.0000 31.1111 39.6029 66.9930
11719.0000 0.2131 83.3913 49.0000 31.4337 39.1264 66.5970
11720.0000 0.2093 83.2914 49.0000 31.8055 38.9606 66.3923
11721.0000 0.2126 83.0388 49.0000 31.7144 38.6008 66.3296
11722.0000 0.2063 82.3671 49.0000 31.3133 38.8695 65.5208
11723.0000 0.1971 82.1765 49.0000 31.7101 38.9887 65.0179
11724.0000 0.1949 82.4359 49.0000 32.2256 38.8625 65.1682
11725.0000 0.1957 82.7058 49.0000 32.0191 39.2347 65.3885
11726.0000 0.1926 82.5708 49.0000 32.0835 39.2890 65.1533
11727.0000 0.1952 82.7748 49.0000 32.8624 38.5145 65.4856
11728.0000 0.1835 82.6291 49.0000 32.6372 39.4649 64.8452
11729.0000 0.1957 83.5553 49.0000 32.7137 39.2827 66.0922
11730.0000 0.1857 83.7597 49.0000 33.2089 39.7183 65.8431
11731.0000 0.1899 83.7862 49.0000 33.5361 39.1045 66.0779
11732.0000 0.1877 83.4538 49.0000 34.0750 38.4549 65.7621
11733.0000 0.1914 83.3928 49.0000 33.0024 39.1811 65.8031
11734.0000 0.2059 83.6184 49.0000 32.4864 38.8166 66.5579
11735.0000 0.1919 83.3484 49.0000 33.3601 38.7531 65.8199
11736.0000 0.1903 83.0618 49.0000 34.0546 37.9434 65.5732
11737.0000 0.1902 83.2153 49.0000 33.3742 38.7535 65.6438
11738.0000 0.1848 83.0584 49.0000 33.7272 38.6683 65.3141
11739.0000 0.1828 83.0325 49.0000 33.9832 38.5427 65.2227
11740.0000 0.1853 82.9323 49.0000 33.8446 38.4043 65.2489
11741.0000 0.1836 82.9057 49.0000 33.4981 38.8554 65.1268
11742.0000 0.1735 82.7965 49.0000 33.3931 39.6173 64.5804
11743.0000 0.1679 82.9843 49.0000 33.4969 40.1099 64.4635
11744.0000 0.1805 82.9739 49.0000 33.1241 39.5105 65.0106
11745.0000 0.1764 82.4351 49.0000 33.2215 39.2523 64.4292
11746.0000 0.1898 82.9995 49.0000 33.0248 38.9382 65.4378
11747.0000 0.1958 83.7260 49.0000 32.8623 39.2824 66.2345
11748.0000 0.1974 83.6402 49.0000 32.6468 39.2983 66.2232
11749.0000 0.1939 83.7668 49.0000 32.5139 39.7898 66.1551
11750.0000 0.1912 83.2179 49.0000 32.9985 39.0535 65.6593
11751.0000 0.1974 83.0610 49.0000 32.9465 38.5123 65.8062
11752.0000 0.1807 82.7416 49.0000 33.0926 39.3267 64.8418
11753.0000 0.1703 82.1171 49.0000 33.3921 39.2628 63.9266
11754.0000 0.1820 82.7552 49.0000 32.6773 39.6489 64.8735
11755.0000 0.1859 83.2460 49.0000 32.5500 39.9016 65.4084
11756.0000 0.1874 82.7242 49.0000 32.2867 39.6038 65.0570
11757.0000 0.1891 82.9974 49.0000 32.4732 39.5313 65.3555
11758.0000 0.1872 82.8268 49.0000 32.3686 39.6237 65.1346
11759.0000 0.1835 82.6551 49.0000 32.8190 39.3107 64.8803
11760.0000 0.1855 83.0013 49.0000 32.8075 39.4733 65.2284
11761.0000 0.1818 82.9823 49.0000 32.0110 40.5148 64.9609
11762.0000 0.1743 82.9419 49.0000 32.2392 40.8254 64.6009
11763.0000 0.1728 83.0983 49.0000 32.3626 40.9570 64.6569
11764.0000 0.1837 83.7466 49.0000 32.1346 40.9118 65.6283
11765.0000 0.1799 83.2867 49.0000 32.1507 40.7857 65.1117
11766.0000 0.1849 83.7007 49.0000 31.9387 40.9694 65.6296
11767.0000 0.1712 83.2261 49.0000 31.8360 41.7150 64.5980
11768.0000 0.1685 82.9155 49.0000 32.3317 41.1645 64.3049
11769.0000 0.1788 83.5211 49.0000 32.3929 40.8307 65.2636
11770.0000 0.1829 83.7091 49.0000 32.3661 40.7141 65.5897
11771.0000 0.1896 83.7669 49.0000 32.0369 40.5764 65.9097
11772.0000 0.1883 83.8265 49.0000 32.2001 40.5638 65.9136
11773.0000 0.1987 83.6963 49.0000 32.1259 39.7533 66.2773
11774.0000 0.1985 83.9334 49.0000 32.0900 40.0080 66.4410
11775.0000 0.2011 83.6519 49.0000 31.4691 40.1760 66.2814
11776.0000 0.2070 84.0982 49.0000 31.4831 40.1020 66.8816
11777.0000 0.1999 84.2867 49.0000 31.2457 41.0088 66.6800
11778.0000 0.1884 83.8571 49.0000 31.9167 40.8563 65.9098
11779.0000 0.1837 83.4914 49.0000 31.9960 40.8197 65.4280
11780.0000 0.1757 83.5230 49.0000 32.5855 40.8829 65.1372
11781.0000 0.1637 82.8818 49.0000 33.0444 40.8007 64.1308
11782.0000 0.1647 82.7868 49.0000 33.0838 40.5984 64.1162
11783.0000 0.1704 82.9839 49.0000 32.9887 40.4216 64.5303
11784.0000 0.1652 82.7616 49.0000 33.0302 40.5897 64.1169
11785.0000 0.1814 83.0819 49.0000 33.1749 39.4838 65.1388
11786.0000 0.1863 83.1098 49.0000 33.2839 39.0357 65.3883
11787.0000 0.1927 83.8736 49.0000 33.4367 39.0728 66.2578
11788.0000 0.1867 83.8518 49.0000 33.6699 39.2704 65.9946
11789.0000 0.1906 83.6060 49.0000 33.2535 39.1767 65.9496
11790.0000 0.1922 83.8293 49.0000 33.3942 39.1124 66.1997
11791.0000 0.1903 83.7971 49.0000 33.0105 39.6024 66.0599
11792.0000 0.1889 84.2403 49.0000 33.6087 39.5015 66.3816
11793.0000 0.1942 84.1918 49.0000 33.6173 39.0564 66.5787
11794.0000 0.1911 83.9208 49.0000 33.5770 39.0963 66.2327
11795.0000 0.1967 84.0389 49.0000 33.3889 38.9661 66.5535
11796.0000 0.1946 83.9517 49.0000 33.1927 39.2382 66.3814
11797.0000 0.1993 84.2689 49.0000 32.8274 39.5194 66.7969
11798.0000 0.2009 84.5959 49.0000 32.9633 39.5456 67.1270
11799.0000 0.1989 84.1536 49.0000 32.7634 39.5091 66.6890
11800.0000 0.1872 83.8138 49.0000 33.1706 39.6867 65.9503
11801.0000 0.1769 83.8262 49.0000 33.5244 40.1311 65.5167
11802.0000 0.1939 84.6269 49.0000 33.1245 39.9337 66.8564
11803.0000 0.2085 84.9200 49.0000 32.7625 39.4538 67.6862
11804.0000 0.2118 85.1907 49.0000 32.3783 39.8117 68.0010
11805.0000 0.1990 84.8409 49.0000 32.9435 39.9145 67.2275
11806.0000 0.2097 84.8520 49.0000 32.2739 39.7799 67.6448
11807.0000 0.2213 85.5942 49.0000 31.3695 40.4143 68.6222
11808.0000 0.2137 85.1756 49.0000 31.2698 40.7138 67.9667
11809.0000 0.2012 84.7982 49.0000 31.7129 40.8943 67.1764
11810.0000 0.2166 85.4519 49.0000 31.6342 40.3865 68.3392
11811.0000 0.1953 84.3603 49.0000 32.4790 40.2273 66.6600
11812.0000 0.1951 84.4398 49.0000 32.3715 40.4164 66.6985
11813.0000 0.1993 84.2358 49.0000 31.8811 40.4016 66.6857
11814.0000 0.2068 84.9598 49.0000 31.7326 40.5970 67.5507
11815.0000 0.2026 84.9136 49.0000 31.7363 40.8706 67.3255
11816.0000 0.1981 84.7709 49.0000 31.3090 41.4949 66.9628
11817.0000 0.1875 84.5468 49.0000 32.4147 41.0340 66.4354
11818.0000 0.1840 84.4100 49.0000 32.2646 41.3338 66.1480
11819.0000 0.1776 83.7206 49.0000 32.4243 41.0665 65.3556
11820.0000 0.1729 83.6730 49.0000 32.3354 41.4818 65.0757
11821.0000 0.1793 83.6229 49.0000 31.9212 41.3496 65.2996
11822.0000 0.1686 83.2188 49.0000 32.8877 40.8693 64.6024
11823.0000 0.1740 83.5832 49.0000 32.7857 40.8698 65.1223
11824.0000 0.1773 83.4500 49.0000 32.6380 40.6461 65.1656
11825.0000 0.1648 83.1322 49.0000 33.4724 40.5053 64.4195
11826.0000 0.1584 82.5775 49.0000 33.4219 40.5631 63.6919
11827.0000 0.1486 82.2269 49.0000 34.2229 40.2203 63.0269
11828.0000 0.1571 82.4963 49.0000 33.8556 40.1590 63.6136
11829.0000 0.1561 82.2859 49.0000 33.6988 40.2085 63.3928
11830.0000 0.1386 81.2797 49.0000 34.2720 40.1157 61.8268
11831.0000 0.1380 81.5528 49.0000 34.4773 40.2121 62.0094
11832.0000 0.1408 82.0297 49.0000 34.8062 40.0821 62.5366
11833.0000 0.1335 81.3629 49.0000 35.2232 39.6387 61.7091
11834.0000 0.1259 80.9985 49.0000 35.2140 39.9421 61.0357
11835.0000 0.1339 81.1035 49.0000 35.0964 39.4939 61.5325
11836.0000 0.1447 81.7853 49.0000 34.9777 39.3690 62.5738
11837.0000 0.1436 81.7710 49.0000 35.0275 39.3923 62.5125
11838.0000 0.1368 81.4220 49.0000 34.9880 39.6612 61.9061
11839.0000 0.1299 80.9425 49.0000 34.7274 40.0589 61.1636
11840.0000 0.1398 81.3503 49.0000 34.2887 40.0661 61.9424
11841.0000 0.1451 81.1709 49.0000 34.0976 39.6653 62.0703
11842.0000 0.1491 81.4136 49.0000 34.0772 39.5898 62.4466
11843.0000 0.1526 81.9094 49.0000 34.3865 39.4491 63.0118
11844.0000 0.1428 81.8354 49.0000 35.0292 39.5177 62.5167
11845.0000 0.1513 82.0694 49.0000 34.3516 39.7336 63.0603
11846.0000 0.1527 81.8622 49.0000 34.0056 39.7843 62.9464
11847.0000 0.1450 81.4845 49.0000 33.7505 40.3167 62.2511
11848.0000 0.1445 81.4034 49.0000 33.9371 40.0949 62.1867
11849.0000 0.1613 81.8082 49.0000 33.3473 39.7251 63.2649
11850.0000 0.1519 81.5372 49.0000 33.8214 39.7396 62.6513
11851.0000 0.1606 81.9170 49.0000 34.0862 39.1387 63.3774
11852.0000 0.1561 81.3347 49.0000 33.8410 39.2097 62.7114
11853.0000 0.1484 80.9381 49.0000 34.0049 39.2901 62.0559
11854.0000 0.1536 81.5855 49.0000 33.6582 39.8117 62.7563
11855.0000 0.1517 81.7450 49.0000 34.3451 39.4142 62.8425
11856.0000 0.1416 81.5142 49.0000 34.5142 39.8425 62.1764
11857.0000 0.1259 80.9095 49.0000 35.1290 39.9500 60.9615
11858.0000 0.1290 80.7425 49.0000 34.8955 39.7746 60.9888
11859.0000 0.1331 80.9531 49.0000 34.6814 39.8460 61.3425
11860.0000 0.1315 80.9353 49.0000 35.3357 39.2912 61.3034
11861.0000 0.1364 81.3573 49.0000 35.9011 38.7155 61.8969
11862.0000 0.1481 82.1243 49.0000 35.3035 39.0767 63.0164
11863.0000 0.1491 81.8690 49.0000 35.1388 38.9354 62.8636
11864.0000 0.1484 81.9581 49.0000 34.9442 39.2674 62.8816
11865.0000 0.1558 82.3399 49.0000 35.1861 38.7886 63.5394
11866.0000 0.1590 82.5017 49.0000 35.1812 38.6847 63.8146
11867.0000 0.1695 82.8372 49.0000 35.0288 38.3314 64.5422
11868.0000 0.1704 82.9303 49.0000 34.7846 38.5885 64.6405
11869.0000 0.1689 82.5717 49.0000 34.6138 38.5545 64.2925
11870.0000 0.1778 83.2240 49.0000 34.6883 38.3845 65.1889
11871.0000 0.1719 82.9807 49.0000 35.0464 38.2611 64.7583
11872.0000 0.1837 82.9015 49.0000 34.2822 38.0701 65.1772
11873.0000 0.1884 82.8293 49.0000 34.2936 37.6516 65.3223
11874.0000 0.2006 83.1494 49.0000 33.7677 37.5590 66.0521
11875.0000 0.2077 83.5401 49.0000 33.6663 37.4805 66.6389
11876.0000 0.2011 83.0844 49.0000 33.6398 37.5901 66.0179
11877.0000 0.1967 82.9943 49.0000 33.0018 38.4530 65.7290
11878.0000 0.1873 82.7589 49.0000 33.0187 38.9202 65.1461
11879.0000 0.1957 82.9591 49.0000 32.0985 39.3756 65.5855
11880.0000 0.1882 82.3103 49.0000 32.5742 38.9084 64.8077
11881.0000 0.1917 82.6814 49.0000 33.0305 38.5207 65.2791
11882.0000 0.1809 82.0046 49.0000 33.3308 38.4374 64.3147
11883.0000 0.1755 81.9788 49.0000 33.8800 38.2705 64.0939
11884.0000 0.1700 81.8979 49.0000 33.5540 38.9305 63.7638
11885.0000 0.1769 82.3129 49.0000 33.3269 39.0066 64.3678
11886.0000 0.1751 82.3136 49.0000 33.7963 38.6752 64.3239
11887.0000 0.1608 82.3993 49.0000 34.0642 39.5719 63.7444
11888.0000 0.1695 83.1274 49.0000 34.2107 39.4025 64.7089
11889.0000 0.1590 82.9466 49.0000 34.1869 40.0856 64.0667
11890.0000 0.1726 83.6608 49.0000 34.7777 39.0761 65.2894
11891.0000 0.1664 83.1570 49.0000 34.5006 39.3766 64.6087
11892.0000 0.1693 83.1770 49.0000 34.3657 39.3077 64.7480
11893.0000 0.1659 82.7763 49.0000 33.9613 39.6179 64.2571
11894.0000 0.1663 82.8127 49.0000 33.8426 39.7372 64.2929
11895.0000 0.1704 82.8900 49.0000 34.1715 39.1627 64.5704
11896.0000 0.1614 82.2986 49.0000 34.4679 39.0370 63.7270
11897.0000 0.1701 82.0835 49.0000 34.0235 38.6251 63.9390
11898.0000 0.1605 81.7377 49.0000 33.9324 39.1419 63.2262
11899.0000 0.1545 82.1177 49.0000 34.3037 39.5726 63.2501
11900.0000 0.1509 81.8882 49.0000 34.4494 39.5079 62.9130
11901.0000 0.1553 81.8950 49.0000 34.0158 39.6037 63.0973
11902.0000 0.1342 81.0835 49.0000 35.2427 39.3023 61.5453
11903.0000 0.1513 81.8377 49.0000 34.6187 39.2557 62.9121
11904.0000 0.1573 82.0398 49.0000 34.8767 38.7140 63.3670
11905.0000 0.1044 85.5207 50.0000 37.0849 44.2957 63.0587
11906.0000 0.1485 81.3116 49.0000 35.2690 38.3455 62.4283
11907.0000 0.1435 81.0664 49.0000 35.0955 38.6867 61.9953
11908.0000 0.1364 80.8239 49.0000 35.4305 38.6979 61.4789
11909.0000 0.1302 80.4569 49.0000 35.5061 38.7834 60.8973
11910.0000 0.1415 80.4780 49.0000 34.7275 38.6790 61.4381
11911.0000 0.1403 80.4720 49.0000 34.7196 38.7790 61.3717
11912.0000 0.1580 81.0141 49.0000 34.5838 38.0269 62.6195
11913.0000 0.1425 80.9284 49.0000 34.3614 39.3825 61.7877
11914.0000 0.1509 81.3980 49.0000 34.1028 39.4085 62.5268
11915.0000 0.1506 81.2370 49.0000 34.4655 38.9240 62.4220
11916.0000 0.1535 81.2198 49.0000 34.4940 38.6499 62.5539
11917.0000 0.1564 81.3136 49.0000 33.9875 39.0169 62.7250
11918.0000 0.1586 81.1666 49.0000 33.6469 39.0566 62.6936
11919.0000 0.1636 80.9483 49.0000 33.8628 38.2666 62.7822
11920.0000 0.1531 80.9302 49.0000 34.6342 38.2809 62.3278
11921.0000 0.1460 80.4834 49.0000 34.8259 38.2329 61.6683
11922.0000 0.1494 80.9028 49.0000 34.6957 38.4800 62.1351
11923.0000 0.1491 80.2783 49.0000 34.3167 38.3148 61.6355
11924.0000 0.1455 79.9479 49.0000 34.8807 37.7252 61.2521
11925.0000 0.1396 80.1058 49.0000 35.1596 38.0554 61.0945
11926.0000 0.1306 79.3303 49.0000 34.9776 38.2351 60.0662
11927.0000 0.1306 79.1824 49.0000 35.7047 37.3617 59.9928
11928.0000 0.1275 79.1546 49.0000 35.6485 37.6408 59.8148
11929.0000 0.1225 79.2473 49.0000 35.8010 37.9823 59.6302
11930.0000 0.1259 79.8014 49.0000 36.0716 37.9497 60.2240
11931.0000 0.1279 79.6907 49.0000 35.7989 37.9575 60.2352
11932.0000 0.1280 79.7283 49.0000 35.9683 37.8160 60.2729
11933.0000 0.1259 79.8374 49.0000 36.0636 37.9904 60.2508
11934.0000 0.1225 80.3893 49.0000 36.3330 38.5160 60.4887
11935.0000 0.1036 79.8372 49.0000 36.6330 39.3062 59.0512
11936.0000 0.0972 79.7693 49.0000 37.3050 39.1223 58.6593
11937.0000 0.0999 80.2221 49.0000 37.0581 39.5630 59.1359
11938.0000 0.1016 79.7800 49.0000 36.7828 39.2665 58.9069
11939.0000 0.1042 80.4882 49.0000 37.2260 39.2658 59.5885
11940.0000 0.0884 80.1998 49.0000 38.2354 39.4010 58.4604
11941.0000 0.0862 80.3034 49.0000 38.3963 39.5430 58.4012
11942.0000 0.0948 80.5262 49.0000 38.0408 39.3213 59.0864
11943.0000 0.1013 80.6002 49.0000 37.9358 38.9114 59.5246
11944.0000 0.1186 80.8557 49.0000 37.4607 38.1383 60.6614
11945.0000 0.1126 80.5729 49.0000 37.8199 38.0184 60.1352
11946.0000 0.1104 80.4773 49.0000 37.5218 38.4120 59.9436
11947.0000 0.1195 80.3842 49.0000 36.8777 38.2091 60.3467
11948.0000 0.1296 80.6515 49.0000 36.3974 38.1066 61.0555
11949.0000 0.1344 81.1293 49.0000 36.5341 38.0217 61.6568
11950.0000 0.1379 81.4916 49.0000 37.0451 37.5638 62.1088
11951.0000 0.1240 81.1588 49.0000 36.4832 38.9555 61.1408
11952.0000 0.1242 81.3982 49.0000 36.5398 39.1045 61.3299
11953.0000 0.1284 81.9248 49.0000 36.9263 38.8597 61.9519
11954.0000 0.1362 81.7884 49.0000 36.2567 38.7697 62.2231
11955.0000 0.1337 82.2321 49.0000 36.7447 38.8838 62.4499
11956.0000 0.1498 82.3375 49.0000 36.1315 38.3036 63.2995
11957.0000 0.1342 81.7811 49.0000 36.2351 38.9448 62.1166
11958.0000 0.1324 82.0855 49.0000 36.6542 38.9500 62.2687
11959.0000 0.1321 82.1882 49.0000 36.1692 39.5623 62.3018
11960.0000 0.1315 81.7634 49.0000 35.7286 39.6632 61.9319
11961.0000 0.1407 82.0773 49.0000 35.5865 39.3443 62.6284
11962.0000 0.1344 82.0327 49.0000 35.6933 39.7135 62.2752
11963.0000 0.1007 83.7212 50.0000 36.2490 43.7897 61.4630
11964.0000 0.1024 83.6425 50.0000 36.4557 43.3194 61.5670
11965.0000 0.1068 83.8883 50.0000 36.4225 43.1693 62.0247
11966.0000 0.1172 84.1844 50.0000 35.6204 43.3259 62.7779
11967.0000 0.1174 83.9668 50.0000 35.4814 43.2464 62.6197
11968.0000 0.1059 83.7906 50.0000 35.7616 43.8697 61.7852
11969.0000 0.1249 81.6754 49.0000 36.1798 39.6756 61.5446
11970.0000 0.1156 81.3821 49.0000 36.3362 40.0366 60.8260
11971.0000 0.0961 83.4470 50.0000 35.9776 44.2864 60.8911
11972.0000 0.1306 81.0583 49.0000 36.1354 38.6659 61.3973
11973.0000 0.1253 80.4303 49.0000 36.1680 38.4858 60.6610
11974.0000 0.0944 82.8470 50.0000 35.8895 43.9555 60.3613
11975.0000 0.0884 82.8498 50.0000 35.8174 44.6850 59.8703
11976.0000 0.1212 80.9147 49.0000 35.6539 39.8073 60.7565
11977.0000 0.1254 80.9760 49.0000 35.9164 39.2420 61.0508
11978.0000 0.1271 80.8915 49.0000 35.5041 39.4458 61.0485
11979.0000 0.1366 80.5686 49.0000 35.1024 38.7803 61.2797
11980.0000 0.1074 82.1660 50.0000 35.2584 42.6690 60.7244
11981.0000 0.0969 81.4742 50.0000 35.3352 42.9214 59.5585
11982.0000 0.1048 82.0678 50.0000 34.9506 43.1626 60.4199
11983.0000 0.1096 82.3119 50.0000 35.4815 42.3686 61.0018
11984.0000 0.1150 82.6882 50.0000 35.0632 42.6736 61.5377
11985.0000 0.1181 82.6570 50.0000 35.5483 41.8481 61.7838
11986.0000 0.1368 81.3853 49.0000 36.5871 38.0103 61.9691
11987.0000 0.1110 82.8858 50.0000 37.1875 40.9951 61.6972
11988.0000 0.1115 83.3448 50.0000 37.6659 40.9032 62.0852
11989.0000 0.1168 83.1881 50.0000 37.9406 39.9991 62.2964
11990.0000 0.1240 83.2931 50.0000 37.3238 40.1008 62.7423
11991.0000 0.1230 83.4905 50.0000 37.0390 40.6607 62.8131
11992.0000 0.1180 83.1812 50.0000 37.0997 40.7453 62.3100
11993.0000 0.1242 83.4461 50.0000 36.3828 41.1923 62.7913
11994.0000 0.1283 83.7117 50.0000 36.5785 40.8810 63.2329
11995.0000 0.1184 83.0479 50.0000 37.1289 40.5520 62.2409
11996.0000 0.1090 82.7341 50.0000 37.2787 40.9395 61.4750
11997.0000 0.1081 82.6163 50.0000 37.2902 40.8957 61.3386
11998.0000 0.1082 82.2342 50.0000 37.1102 40.7088 61.0582
11999.0000 0.0947 82.3310 50.0000 37.1664 42.0050 60.2713
12000.0000 0.0989 82.4921 50.0000 36.8310 42.1160 60.6190
12001.0000 0.0995 82.6443 50.0000 36.8451 42.1919 60.7648
12002.0000 0.1189 80.9000 49.0000 36.9504 38.6642 60.7006
12003.0000 0.0874 82.3108 50.0000 36.8790 43.0360 59.6902
12004.0000 0.1051 79.8756 49.0000 37.3831 38.4410 59.2023
12005.0000 0.0834 81.8971 50.0000 37.0349 42.8556 59.1518
12006.0000 0.0779 81.8148 50.0000 36.8925 43.5261 58.6351
12007.0000 0.0832 81.6415 50.0000 36.5985 43.1009 58.8915
12008.0000 0.1048 79.5221 49.0000 37.0073 38.5070 58.9188
12009.0000 0.0903 82.1577 50.0000 36.2534 43.2674 59.6952
12010.0000 0.0807 81.3384 50.0000 36.2952 43.4060 58.4338
12011.0000 0.0897 81.6342 50.0000 36.3906 42.6453 59.3401
12012.0000 0.0835 81.7667 50.0000 35.9233 43.9746 58.8349
12013.0000 0.0830 81.6110 50.0000 36.1710 43.5823 58.7589
12014.0000 0.0775 82.1134 50.0000 36.4347 44.4217 58.6672
12015.0000 0.0759 81.9327 50.0000 36.4168 44.4305 58.4184
12016.0000 0.0953 78.7480 49.0000 36.6917 38.9261 57.7904
12017.0000 0.1072 79.4402 49.0000 36.5147 38.7301 58.9696
12018.0000 0.0807 82.6537 50.0000 36.3775 44.6847 59.2586
12019.0000 0.0842 82.9722 50.0000 36.3667 44.6353 59.7456
12020.0000 0.0807 83.2556 50.0000 36.3811 45.3280 59.6094
12021.0000 0.0779 83.4197 50.0000 36.8753 45.2412 59.6011
12022.0000 0.0806 83.4294 50.0000 36.6573 45.1970 59.7825
12023.0000 0.0768 82.9940 50.0000 37.1337 44.6202 59.3139
12024.0000 0.0770 83.4011 50.0000 37.3753 44.7425 59.6401
12025.0000 0.0706 83.2038 50.0000 37.4121 45.2523 58.9528
12026.0000 0.0732 82.9349 50.0000 37.0779 45.0450 58.9439
12027.0000 0.0718 82.9458 50.0000 36.7469 45.6291 58.7167
12028.0000 0.0687 82.5077 50.0000 36.5969 45.7379 58.1053
12029.0000 0.0703 82.5336 50.0000 36.5114 45.6618 58.2555
12030.0000 0.1031 79.1044 49.0000 37.0496 38.2176 58.5171
12031.0000 0.0982 79.0828 49.0000 37.0886 38.5903 58.2178
12032.0000 0.0714 82.6021 50.0000 36.9256 45.0835 58.5414
12033.0000 0.1131 79.7746 49.0000 36.5068 38.5486 59.5420
12034.0000 0.1117 79.4842 49.0000 36.6109 38.2857 59.2587
12035.0000 0.0984 79.5054 49.0000 37.2146 38.8465 58.5418
12036.0000 0.1001 79.8027 49.0000 37.2129 38.9841 58.8549
12037.0000 0.1039 80.1480 49.0000 36.3692 39.8513 59.2693
12038.0000 0.0899 79.5042 49.0000 36.8141 40.0398 57.9866
12039.0000 0.0662 82.4771 50.0000 36.2303 46.5274 57.6631
12040.0000 0.0858 79.0461 49.0000 36.3388 40.4824 57.3493
12041.0000 0.0880 79.4837 49.0000 36.4514 40.5839 57.8092
12042.0000 0.0975 79.4845 49.0000 36.0165 40.1519 58.3817
12043.0000 0.0875 78.9806 49.0000 36.1879 40.4097 57.4058
12044.0000 0.0995 78.9513 49.0000 35.7771 39.7015 58.1128
12045.0000 0.1039 78.9540 49.0000 35.7734 39.3143 58.3813
12046.0000 0.1116 79.1865 49.0000 34.8528 39.8166 58.9103
12047.0000 0.1106 79.0050 49.0000 35.2267 39.3423 58.7627
12048.0000 0.1115 79.2467 49.0000 35.6996 39.0028 59.0285
12049.0000 0.1015 79.1639 49.0000 36.0016 39.4884 58.4079
12050.0000 0.0977 79.7114 49.0000 36.1200 40.2508 58.5587
12051.0000 0.1085 79.9302 49.0000 35.8231 39.7928 59.3471
12052.0000 0.1044 79.8640 49.0000 35.4744 40.4618 59.0142
12053.0000 0.1014 79.8468 49.0000 35.6282 40.5604 58.8302
12054.0000 0.0976 79.8746 49.0000 35.3861 41.2045 58.5659
12055.0000 0.1028 80.5806 49.0000 35.9433 40.8138 59.4605
12056.0000 0.1031 80.2839 49.0000 35.5017 40.9633 59.2211
12057.0000 0.0962 80.1687 49.0000 35.7195 41.2656 58.7221
12058.0000 0.0912 80.0202 49.0000 35.5546 41.7818 58.2528
12059.0000 0.0798 79.2574 49.0000 35.7305 41.9770 56.9473
12060.0000 0.0947 79.5765 49.0000 34.9514 41.6590 58.0978
12061.0000 0.0904 79.2188 49.0000 35.5222 41.0934 57.6640
12062.0000 0.0950 79.7439 49.0000 35.0672 41.6713 58.2485
12063.0000 0.0862 78.9554 49.0000 35.4962 41.2691 57.1913
12064.0000 0.0850 79.2128 49.0000 36.0324 41.0552 57.3656
12065.0000 0.0792 78.8881 49.0000 35.7494 41.6343 56.6737
12066.0000 0.0777 78.8556 49.0000 36.3354 41.1048 56.6422
12067.0000 0.0733 78.4617 49.0000 35.8753 41.6755 55.9675
12068.0000 0.0709 78.0237 49.0000 35.6935 41.6817 55.4645
12069.0000 0.0834 78.6366 49.0000 35.6813 41.0181 56.8161
12070.0000 0.0831 78.7454 49.0000 36.1275 40.6710 56.9343
12071.0000 0.0814 78.5734 49.0000 36.5907 40.1689 56.7570
12072.0000 0.0896 78.6434 49.0000 36.2416 39.8200 57.3211
12073.0000 0.0819 78.3640 49.0000 35.8576 40.6963 56.5594
12074.0000 0.0911 78.5439 49.0000 35.8001 40.0506 57.3014
12075.0000 0.0992 78.3761 49.0000 35.5498 39.4015 57.6763
12076.0000 0.1028 78.5851 49.0000 35.1886 39.6574 58.0058
12077.0000 0.1016 78.6678 49.0000 35.0808 39.9612 57.9746
12078.0000 0.0994 79.1573 49.0000 35.6297 40.0602 58.2373
12079.0000 0.0878 78.7064 49.0000 35.7851 40.5403 57.1892
12080.0000 0.0877 78.4211 49.0000 36.0807 39.9530 57.0247
12081.0000 0.0797 78.4579 49.0000 35.9871 40.8699 56.4821
12082.0000 0.0875 78.8393 49.0000 35.8889 40.5918 57.2706
12083.0000 0.0867 78.9999 49.0000 35.8532 40.8681 57.3178
12084.0000 0.0828 78.8721 49.0000 35.7251 41.2754 56.9286
12085.0000 0.0794 78.0192 49.0000 35.4300 41.0668 56.0823
12086.0000 0.0858 78.0865 49.0000 34.9866 40.9858 56.5119
12087.0000 0.0880 78.3978 49.0000 34.6487 41.4637 56.8018
12088.0000 0.0804 78.3443 49.0000 35.5039 41.2204 56.3754
12089.0000 0.0847 79.1401 49.0000 35.3523 41.7698 57.1721
12090.0000 0.0900 78.9020 49.0000 34.8336 41.5645 57.3110
12091.0000 0.0760 78.8668 49.0000 35.1874 42.6049 56.2729
12092.0000 0.0717 78.6177 49.0000 34.8820 43.2022 55.6556
12093.0000 0.0685 79.0212 49.0000 35.3299 43.4816 55.7270
12094.0000 0.0656 79.4080 49.0000 35.7011 43.8023 55.7890
12095.0000 0.0609 78.9129 49.0000 35.5296 44.0770 54.9738
12096.0000 0.0533 78.4272 49.0000 35.8488 44.1568 53.9988
12097.0000 0.0533 78.3446 49.0000 35.7198 44.2462 53.8910
12098.0000 0.0571 79.3117 49.0000 35.5714 45.0412 54.7386
12099.0000 0.0514 78.8759 49.0000 35.7081 45.2002 53.8822
12100.0000 0.0512 78.8540 49.0000 35.5465 45.4559 53.7417
12101.0000 0.0552 78.5172 49.0000 35.5226 44.4305 54.1204
12102.0000 0.0531 78.3788 49.0000 35.8139 44.1733 53.9381
12103.0000 0.0531 78.0786 49.0000 35.7632 43.8922 53.7656
12104.0000 0.0498 78.3389 49.0000 35.8786 44.5457 53.5292
12105.0000 0.0457 78.0191 49.0000 36.1984 44.3578 53.0004
12106.0000 0.0441 78.0581 49.0000 36.2364 44.6175 52.8135
12107.0000 0.0350 77.8572 49.0000 36.8193 45.1922 51.6115
12108.0000 0.0385 78.1671 49.0000 37.0626 44.5191 52.4835
12109.0000 0.0389 78.3172 49.0000 37.0861 44.6074 52.6155
12110.0000 0.0429 78.4400 49.0000 37.1814 43.9371 53.2907
12111.0000 0.0453 79.0806 49.0000 37.7438 43.6050 54.1088
12112.0000 0.0482 79.0750 49.0000 37.6995 43.2378 54.4252
12113.0000 0.0470 78.5061 49.0000 37.9006 42.5111 54.0329
12114.0000 0.0525 78.4722 49.0000 37.1401 42.6624 54.3914
12115.0000 0.0523 78.3803 49.0000 36.9526 42.8136 54.2676
12116.0000 0.0487 78.3165 49.0000 37.1034 43.0517 53.8828
12117.0000 0.0401 77.6634 49.0000 37.1888 43.4467 52.5451
12118.0000 0.0476 77.6095 49.0000 36.6152 43.0087 53.2241
12119.0000 0.0393 77.1654 49.0000 36.8784 43.3988 52.0676
12120.0000 0.0442 77.1042 49.0000 36.1175 43.5837 52.3550
12121.0000 0.0401 77.0413 49.0000 36.3211 43.8980 51.8565
12122.0000 0.0346 76.9015 49.0000 36.6626 44.2297 51.1217
12123.0000 0.0369 77.2130 49.0000 36.5210 44.4037 51.5400
12124.0000 0.0419 77.2977 49.0000 36.2378 44.0433 52.1723
12125.0000 0.0401 77.1341 49.0000 36.1515 44.2750 51.7925
12126.0000 0.0455 77.5323 49.0000 35.3735 45.0432 52.2598
12127.0000 0.0445 77.2490 49.0000 35.2907 44.9875 51.9432
12128.0000 0.0423 76.8625 49.0000 35.4398 44.6527 51.5559
12129.0000 0.0428 76.7477 49.0000 35.6203 44.1093 51.7278
12130.0000 0.0441 76.6163 49.0000 35.4737 43.9334 51.7836
12131.0000 0.0442 77.1398 49.0000 35.5767 44.4282 52.0671
12132.0000 0.0443 76.9064 49.0000 35.6172 44.0549 52.0113
12133.0000 0.0436 76.6066 49.0000 35.8515 43.4550 51.9124
12134.0000 0.0384 76.9717 49.0000 36.8265 43.3724 51.8391
12135.0000 0.0467 77.1046 49.0000 36.5062 42.6821 52.8266
12136.0000 0.0491 77.5122 49.0000 36.2408 43.1597 53.2163
12137.0000 0.0542 77.4281 49.0000 36.0484 42.6135 53.6629
12138.0000 0.0484 76.9692 49.0000 36.6414 42.1244 52.9830
12139.0000 0.0495 76.8799 49.0000 36.7664 41.7238 53.0836
12140.0000 0.0431 76.9827 49.0000 37.2554 42.1123 52.5826
12141.0000 0.0412 76.8855 49.0000 36.7737 42.8893 52.1496
12142.0000 0.0368 76.4519 49.0000 36.9421 42.8378 51.4306
12143.0000 0.0313 76.4426 49.0000 37.7897 42.6068 50.9909
12144.0000 0.0306 76.6330 49.0000 37.8880 42.8395 51.0087
12145.0000 0.0291 76.6369 49.0000 37.7738 43.2661 50.7385
12146.0000 0.0330 77.1368 49.0000 37.5076 43.5627 51.4350
12147.0000 0.0322 77.1986 49.0000 37.7415 43.4578 51.4453
12148.0000 0.0291 77.0241 49.0000 37.8525 43.6554 50.9324
12149.0000 0.0309 77.1386 49.0000 37.7491 43.5959 51.2325
12150.0000 0.0279 76.6849 49.0000 37.7359 43.6305 50.5268
12151.0000 0.0314 76.5302 49.0000 37.2572 43.4536 50.7992
12152.0000 0.0302 76.4209 49.0000 37.6255 43.0035 50.7462
12153.0000 0.0349 76.7049 49.0000 37.3314 42.9432 51.4383
12154.0000 0.0434 77.1385 49.0000 36.5606 43.1417 52.4639
12155.0000 0.0451 77.3134 49.0000 36.4302 43.2759 52.7011
12156.0000 0.0409 77.4012 49.0000 36.8891 43.4022 52.4060
12157.0000 0.0431 77.0482 49.0000 36.9938 42.5172 52.5373
12158.0000 0.0422 76.8970 49.0000 36.5937 42.9989 52.2030
12159.0000 0.0453 76.9842 49.0000 36.5331 42.7116 52.6081
12160.0000 0.0430 77.2519 49.0000 36.5657 43.3411 52.4629
12161.0000 0.0415 77.0543 49.0000 36.4772 43.4558 52.1379
12162.0000 0.0420 76.6971 49.0000 36.4938 42.9160 52.0467
12163.0000 0.0402 76.6999 49.0000 36.7074 42.9129 51.9030
12164.0000 0.0456 76.5179 49.0000 35.9316 42.9181 52.1723
12165.0000 0.0447 76.2468 49.0000 35.8346 42.8536 51.8943
12166.0000 0.0405 75.8672 49.0000 35.8691 43.0240 51.1682
12167.0000 0.0404 76.2959 49.0000 36.2853 42.9644 51.5607
12168.0000 0.0423 76.1663 49.0000 36.4550 42.2982 51.7996
12169.0000 0.0398 75.8175 49.0000 36.4039 42.3290 51.2963
12170.0000 0.0380 75.7284 49.0000 36.3014 42.6437 50.9755
12171.0000 0.0376 75.6390 49.0000 36.7033 42.0537 51.0452
12172.0000 0.0341 74.9994 49.0000 36.5722 42.0176 50.2186
12173.0000 0.0353 75.2628 49.0000 36.4124 42.3651 50.4364
12174.0000 0.0367 75.5334 49.0000 36.5253 42.3091 50.8049
12175.0000 0.0400 75.6506 49.0000 36.5397 41.9155 51.2928
12176.0000 0.0422 75.8841 49.0000 36.4600 41.9682 51.6501
12177.0000 0.0512 76.5662 49.0000 36.1029 41.9663 52.8941
12178.0000 0.0601 77.2716 49.0000 35.5847 42.2534 54.0303
12179.0000 0.0638 77.2966 49.0000 35.6590 41.7535 54.4045
12180.0000 0.0534 76.9417 49.0000 36.1840 42.0051 53.3508
12181.0000 0.0581 77.1283 49.0000 36.3166 41.4702 53.9454
12182.0000 0.0591 77.2692 49.0000 36.5010 41.2841 54.1648
12183.0000 0.0650 77.7762 49.0000 36.8458 40.7725 55.0375
12184.0000 0.0562 78.0023 49.0000 37.2568 41.5509 54.4961
12185.0000 0.0563 78.0067 49.0000 36.9725 41.8756 54.4473
12186.0000 0.0428 77.5490 49.0000 37.1768 42.9074 52.8269
12187.0000 0.0457 77.6886 49.0000 37.1737 42.6582 53.2345
12188.0000 0.0447 77.7169 49.0000 37.1893 42.8153 53.1387
12189.0000 0.0465 78.0103 49.0000 36.6741 43.5563 53.3241
12190.0000 0.0441 78.0430 49.0000 36.8370 43.7467 53.1035
12191.0000 0.0425 77.5932 49.0000 36.9782 43.2644 52.7401
12192.0000 0.0379 77.3703 49.0000 37.2600 43.3560 52.1356
12193.0000 0.0334 77.2874 49.0000 37.7364 43.3598 51.6647
12194.0000 0.0299 77.2968 49.0000 37.9149 43.7467 51.2199
12195.0000 0.0287 77.5521 49.0000 38.0500 44.1252 51.1809
12196.0000 0.0296 77.3498 49.0000 37.8726 43.9329 51.1718
12197.0000 0.0322 77.5203 49.0000 37.4472 44.2914 51.4332
12198.0000 0.0297 77.3503 49.0000 37.7423 44.1177 51.1098
12199.0000 0.0306 77.3967 49.0000 37.5317 44.3140 51.1652
12200.0000 0.0320 77.7666 49.0000 37.3884 44.7504 51.4505
12201.0000 0.0352 77.9220 49.0000 37.2262 44.5662 51.9605
12202.0000 0.0370 77.6840 49.0000 36.9550 44.3326 51.9977
12203.0000 0.0366 77.8091 49.0000 36.7670 44.8766 51.8511
12204.0000 0.0341 77.4369 49.0000 37.4333 43.8400 51.7038
12205.0000 0.0329 77.5639 49.0000 37.8351 43.6486 51.7636
12206.0000 0.0368 77.6942 49.0000 37.7758 43.2322 52.3484
12207.0000 0.0319 77.1982 49.0000 37.7731 43.4595 51.4201
12208.0000 0.0289 76.5623 49.0000 37.7776 43.1974 50.6816
12209.0000 0.0279 76.4319 49.0000 37.3861 43.8182 50.2403
12210.0000 0.0251 76.5820 49.0000 37.7718 44.0365 49.9889
12211.0000 0.0238 76.3692 49.0000 38.0321 43.6265 49.8251
12212.0000 0.0200 76.3865 49.0000 38.9567 43.1177 49.5796
12213.0000 0.0224 76.7652 49.0000 38.8515 43.2271 50.1485
12214.0000 0.0253 76.7397 49.0000 38.9766 42.4775 50.6504
12215.0000 0.0240 76.6947 49.0000 38.4136 43.4348 50.1985
12216.0000 0.0224 76.7514 49.0000 38.2336 44.1513 49.7960
12217.0000 0.0195 77.0411 49.0000 38.4547 44.9751 49.3335
12218.0000 0.0219 76.8291 49.0000 37.9788 44.8501 49.4851
12219.0000 0.0277 77.3638 49.0000 37.8676 44.3592 50.8278
12220.0000 0.0317 77.3094 49.0000 37.8033 43.5836 51.4599
12221.0000 0.0281 76.9545 49.0000 38.0872 43.4189 50.8542
12222.0000 0.0257 76.9802 49.0000 38.1273 43.8822 50.4640
12223.0000 0.0264 76.6771 49.0000 37.4513 44.4092 50.0460
12224.0000 0.0235 76.7450 49.0000 37.8748 44.4922 49.7568
12225.0000 0.0274 76.8831 49.0000 37.6727 44.0931 50.4736
12226.0000 0.0247 76.4740 49.0000 38.0214 43.5839 50.0310
12227.0000 0.0219 76.0204 49.0000 38.0787 43.5139 49.3523
12228.0000 0.0249 75.9742 49.0000 37.9051 43.0629 49.8084
12229.0000 0.0241 75.8816 49.0000 37.7078 43.3938 49.5290
12230.0000 0.0256 75.9322 49.0000 37.2705 43.8463 49.5390
12231.0000 0.0243 75.7459 49.0000 37.3945 43.6818 49.3051
12232.0000 0.0220 75.7645 49.0000 37.8435 43.5156 49.1379
12233.0000 0.0214 75.8546 49.0000 38.2421 43.1496 49.2907
12234.0000 0.0237 75.6092 49.0000 38.0499 42.6264 49.5171
12235.0000 0.0207 75.6510 49.0000 38.1889 43.1267 49.0385
12236.0000 0.0218 75.5659 49.0000 38.1841 42.7651 49.2273
12237.0000 0.0267 75.7095 49.0000 37.6410 42.7335 49.8892
12238.0000 0.0274 75.7710 49.0000 37.3905 43.0548 49.8947
12239.0000 0.0229 75.7936 49.0000 37.8983 43.2641 49.3620
12240.0000 0.0214 75.9688 49.0000 38.1671 43.4215 49.2860
12241.0000 0.0263 76.1547 49.0000 38.4313 42.2929 50.3377
12242.0000 0.0227 75.8911 49.0000 39.3107 41.5281 49.8953
12243.0000 0.0197 75.5323 49.0000 39.3979 41.5503 49.2596
12244.0000 0.0203 75.3042 49.0000 38.8859 41.7922 49.1125
12245.0000 0.0177 75.2762 49.0000 39.3755 41.6731 48.7794
12246.0000 0.0194 75.1674 49.0000 38.8053 41.9135 48.8626
12247.0000 0.0165 75.0872 49.0000 39.6314 41.3808 48.5291
12248.0000 0.0136 77.2141 50.0000 40.6063 43.3895 49.3001
12249.0000 0.0245 75.3473 49.0000 38.7908 41.2151 49.7374
12250.0000 0.0283 75.6845 49.0000 38.8042 40.9655 50.4401
12251.0000 0.0318 75.7378 49.0000 38.5610 40.7773 50.8575
12252.0000 0.0257 75.3567 49.0000 38.7101 41.1249 49.8889
12253.0000 0.0272 75.7965 49.0000 39.0909 40.9345 50.4120
12254.0000 0.0339 75.9828 49.0000 38.8865 40.3888 51.2832
12255.0000 0.0312 75.9124 49.0000 39.0259 40.5399 50.9528
12256.0000 0.0267 75.8516 49.0000 39.1322 41.0345 50.3817
12257.0000 0.0297 75.8472 49.0000 39.2070 40.4969 50.7504
12258.0000 0.0207 75.7190 49.0000 39.7557 41.1832 49.5661
12259.0000 0.0196 75.4905 49.0000 40.2611 40.5787 49.3075
12260.0000 0.0257 75.8497 49.0000 39.9905 40.2707 50.3210
12261.0000 0.0253 76.0391 49.0000 39.7183 40.8144 50.3843
12262.0000 0.0274 75.8811 49.0000 39.5530 40.4948 50.5339
12263.0000 0.0225 75.7674 49.0000 40.0425 40.6196 49.8733
12264.0000 0.0176 75.5171 49.0000 40.2956 40.9200 49.0373
12265.0000 0.0145 75.1143 49.0000 39.9916 41.3930 48.2644
12266.0000 0.0172 75.4028 49.0000 40.0846 41.0998 48.8837
12267.0000 0.0101 76.7121 50.0000 41.1296 42.9747 48.4384
12268.0000 0.0166 75.1793 49.0000 39.7435 41.3460 48.6096
12269.0000 0.0155 75.5002 49.0000 40.4602 41.1176 48.7093
12270.0000 0.0194 75.4685 49.0000 40.2305 40.6156 49.2684
12271.0000 0.0096 76.6170 50.0000 40.9006 43.2918 48.1989
12272.0000 0.0112 76.3773 50.0000 40.6996 42.8234 48.4065
12273.0000 0.0099 76.1619 50.0000 41.1084 42.3987 48.0946
12274.0000 0.0080 76.1526 50.0000 41.5812 42.3351 47.7280
12275.0000 0.0079 76.1059 50.0000 41.8091 42.0686 47.6900
12276.0000 0.0077 76.4619 50.0000 41.5862 42.7952 47.8078
12277.0000 0.0053 76.1296 50.0000 41.6389 43.0939 46.9557
12278.0000 0.0042 76.1624 50.0000 41.7272 43.4646 46.5873
12279.0000 0.0048 76.6011 50.0000 41.6467 43.9288 46.9418
12280.0000 0.0035 76.4546 50.0000 42.1695 43.5987 46.5423
12281.0000 0.0039 76.5960 50.0000 42.4931 43.1722 46.8768
12282.0000 0.0041 76.5843 50.0000 42.4022 43.2000 46.9144
12283.0000 0.0035 76.5226 50.0000 42.3067 43.4824 46.6384
12284.0000 0.0024 75.8883 50.0000 42.5863 42.8866 45.8932
12285.0000 0.0039 76.2539 50.0000 41.8348 43.5687 46.5433
12286.0000 0.0033 76.1524 50.0000 42.1568 43.2922 46.3441
12287.0000 0.0038 76.0429 50.0000 41.9470 43.1899 46.4500
12288.0000 0.0052 76.1815 50.0000 41.6111 43.2313 46.9382
12289.0000 0.0028 76.2495 50.0000 42.2633 43.5444 46.1703
12290.0000 0.0036 76.1227 50.0000 42.4423 42.7947 46.4965
12291.0000 0.0023 76.3341 50.0000 42.9212 43.0993 46.1207
12292.0000 0.0032 76.4039 50.0000 41.9896 43.9250 46.3143
12293.0000 0.0033 76.5631 50.0000 42.1535 43.8279 46.5199
12294.0000 0.0037 76.4104 50.0000 42.2465 43.3404 46.6411
12295.0000 0.0057 76.4005 50.0000 41.3119 43.7868 47.0434
12296.0000 0.0040 76.1643 50.0000 42.0410 43.1436 46.6067
12297.0000 0.0055 76.4448 50.0000 41.3550 43.8917 46.9796
12298.0000 0.0094 76.4958 50.0000 40.3390 44.0808 47.7625
12299.0000 0.0135 76.5508 50.0000 39.9569 43.4596 48.7312
12300.0000 0.0181 76.4309 50.0000 39.4911 42.8523 49.4552
12301.0000 0.0205 75.9289 49.0000 39.2099 42.1098 49.5433
12302.0000 0.0130 76.8505 50.0000 40.3509 43.4178 48.9152
12303.0000 0.0124 76.6922 50.0000 40.1970 43.6083 48.6232
12304.0000 0.0097 76.6658 50.0000 40.8053 43.4719 48.1951
12305.0000 0.0107 76.6322 50.0000 40.2607 43.9428 48.1727
12306.0000 0.0128 76.5690 50.0000 40.0702 43.5228 48.6102
12307.0000 0.0151 76.9525 50.0000 39.7651 43.8606 49.1596
12308.0000 0.0149 76.8187 50.0000 40.1972 43.1061 49.2662
12309.0000 0.0176 76.6011 50.0000 39.8081 42.7385 49.5627
12310.0000 0.0153 76.5409 50.0000 39.9509 42.9986 49.1280
12311.0000 0.0109 76.6750 50.0000 40.7103 43.2540 48.4853
12312.0000 0.0152 76.9040 50.0000 39.6728 43.9162 49.1086
12313.0000 0.0125 76.6343 50.0000 40.2619 43.3908 48.6727
12314.0000 0.0123 76.4626 50.0000 39.9935 43.6118 48.4258
12315.0000 0.0122 76.8130 50.0000 40.4822 43.4086 48.7558
12316.0000 0.0107 76.4986 50.0000 40.4017 43.5329 48.2145
12317.0000 0.0058 76.3226 50.0000 41.1340 43.9459 46.9243
12318.0000 0.0059 76.4898 50.0000 41.3283 43.8013 47.1604
12319.0000 0.0028 76.2914 50.0000 41.8422 44.3210 45.8831
12320.0000 0.0030 76.0600 50.0000 41.7850 43.8950 45.9604
12321.0000 0.0082 76.0268 50.0000 40.6633 43.3087 47.4438
12322.0000 0.0087 76.2281 50.0000 41.2961 42.5852 47.8733
12323.0000 0.0124 76.3492 50.0000 40.4126 42.8444 48.5838
12324.0000 0.0090 76.1261 50.0000 40.6822 43.1463 47.7340
12325.0000 0.0079 75.8985 50.0000 40.9309 42.8576 47.4180
12326.0000 0.0088 75.8123 50.0000 40.7445 42.7243 47.5607
12327.0000 0.0109 75.8850 50.0000 40.6164 42.3895 48.0830
12328.0000 0.0146 76.1106 50.0000 40.2011 42.3081 48.8540
12329.0000 0.0184 75.9527 50.0000 39.4710 42.2250 49.2738
12330.0000 0.0216 76.2250 50.0000 39.1065 42.3843 49.8448
12331.0000 0.0231 76.0861 50.0000 38.6934 42.4532 49.8963
12332.0000 0.0211 75.8333 50.0000 38.5205 42.7872 49.3572
12333.0000 0.0197 75.5066 50.0000 38.4944 42.7010 48.9494
12334.0000 0.0176 75.8110 50.0000 38.5160 43.5816 48.6259
12335.0000 0.0258 76.1681 50.0000 37.3704 43.9556 49.7287
12336.0000 0.0172 76.1429 50.0000 38.5500 44.1386 48.6151
12337.0000 0.0227 76.3719 50.0000 38.6304 42.9853 49.9261
12338.0000 0.0227 76.8857 50.0000 38.9109 43.2453 50.2713
12339.0000 0.0233 76.8036 50.0000 39.3912 42.3987 50.4924
12340.0000 0.0234 76.7717 50.0000 39.2913 42.4628 50.4677
12341.0000 0.0155 76.6823 50.0000 40.4852 42.4527 49.3852
12342.0000 0.0193 76.7731 50.0000 39.6115 42.8516 49.8877
12343.0000 0.0162 76.7652 50.0000 40.2215 42.7333 49.4874
12344.0000 0.0151 76.7819 50.0000 39.4770 44.0735 48.9341
12345.0000 0.0132 76.9400 50.0000 39.7344 44.4593 48.6242
12346.0000 0.0158 77.5145 50.0000 39.8585 44.2883 49.5816
12347.0000 0.0180 77.2186 50.0000 39.9389 43.2532 49.9676
12348.0000 0.0140 76.9140 50.0000 40.2114 43.4308 49.1180
12349.0000 0.0181 77.3707 50.0000 40.1104 43.2011 50.1103
12350.0000 0.0171 77.5757 50.0000 40.2914 43.4219 50.0913
12351.0000 0.0113 77.0611 50.0000 40.7772 43.5770 48.7511
12352.0000 0.0124 77.7920 50.0000 41.5571 43.1987 49.5831
12353.0000 0.0128 77.5215 50.0000 40.7644 43.7759 49.3105
12354.0000 0.0153 77.9250 50.0000 40.4376 44.1116 49.9126
12355.0000 0.0183 78.2732 50.0000 40.0993 44.3147 50.5465
12356.0000 0.0169 78.2029 50.0000 40.2331 44.3639 50.2875
12357.0000 0.0158 78.2844 50.0000 40.8092 43.9373 50.3247
12358.0000 0.0157 78.2318 50.0000 40.3083 44.6135 50.0508
12359.0000 0.0207 78.2419 50.0000 40.0086 43.8595 50.9652
12360.0000 0.0196 78.3930 50.0000 39.9235 44.4123 50.7850
12361.0000 0.0191 78.6511 50.0000 39.8893 44.9469 50.7408
12362.0000 0.0195 78.7524 50.0000 39.6908 45.2843 50.7535
12363.0000 0.0188 78.3415 50.0000 39.7134 44.8744 50.4630
12364.0000 0.0228 78.6217 50.0000 39.7362 44.2793 51.3980
12365.0000 0.0233 78.4481 50.0000 39.4346 44.3609 51.2945
12366.0000 0.0264 78.8704 50.0000 39.1851 44.6162 51.9081
12367.0000 0.0297 78.5198 50.0000 39.1456 43.6106 52.2599
12368.0000 0.0327 78.8805 50.0000 38.7494 44.0507 52.7272
12369.0000 0.0327 79.6265 50.0000 39.0924 44.4957 53.2193
12370.0000 0.0318 79.1754 50.0000 39.2797 43.8694 52.9276
12371.0000 0.0410 79.4679 50.0000 38.8630 43.2792 54.1454
12372.0000 0.0383 79.1219 50.0000 38.8574 43.2961 53.6267
12373.0000 0.0362 79.0018 50.0000 39.1174 43.1575 53.3717
12374.0000 0.0466 78.8504 50.0000 38.2289 42.5693 54.2568
12375.0000 0.0403 79.1803 50.0000 38.9607 42.9449 53.9194
12376.0000 0.0345 78.9716 50.0000 39.2689 43.2006 53.1806
12377.0000 0.0325 78.9816 50.0000 39.2977 43.4907 52.9371
12378.0000 0.0343 78.7370 50.0000 39.1138 43.1549 52.9838
12379.0000 0.0276 78.6806 50.0000 40.3276 42.7245 52.3348
12380.0000 0.0250 78.7070 50.0000 40.5935 42.8711 52.0483
12381.0000 0.0204 78.8333 50.0000 40.7114 43.7431 51.4180
12382.0000 0.0239 78.9737 50.0000 40.5598 43.4161 52.0269
12383.0000 0.0259 78.6985 50.0000 39.7094 43.7790 51.9617
12384.0000 0.0227 78.7889 50.0000 40.4479 43.5691 51.7048
12385.0000 0.0223 79.0783 50.0000 40.6723 43.7081 51.8532
12386.0000 0.0216 79.4333 50.0000 40.3826 44.6498 51.8198
12387.0000 0.0211 79.2398 50.0000 40.4914 44.3679 51.6805
12388.0000 0.0219 79.2045 50.0000 40.0339 44.7997 51.6103
12389.0000 0.0203 79.0869 50.0000 40.2171 44.7263 51.3505
12390.0000 0.0197 79.2117 50.0000 40.2300 45.0184 51.2775
12391.0000 0.0189 79.4898 50.0000 40.8039 44.7515 51.4877
12392.0000 0.0191 79.6444 50.0000 40.8263 44.8710 51.6045
12393.0000 0.0215 79.3790 50.0000 40.5951 44.3325 51.8430
12394.0000 0.0184 78.8343 50.0000 40.8744 43.9526 51.1107
12395.0000 0.0216 79.1976 50.0000 41.0779 43.4920 51.8972
12396.0000 0.0230 79.0054 50.0000 40.8657 43.2595 51.9661
12397.0000 0.0242 79.0694 50.0000 40.5952 43.4371 52.1268
12398.0000 0.0297 79.2997 50.0000 39.8046 43.7059 52.8567
12399.0000 0.0304 79.3112 50.0000 39.7544 43.6690 52.9422
12400.0000 0.0331 79.3089 50.0000 39.4134 43.6394 53.2174
12401.0000 0.0376 79.3311 50.0000 38.6294 43.9375 53.5789
12402.0000 0.0398 79.7751 50.0000 38.9350 43.7305 54.1828
12403.0000 0.0334 79.6450 50.0000 39.4889 43.8876 53.4587
12404.0000 0.0315 79.8896 50.0000 39.3889 44.6283 53.2839
12405.0000 0.0322 79.6548 50.0000 38.6916 45.1950 52.9647
12406.0000 0.0364 79.9146 50.0000 38.5357 44.9624 53.6631
12407.0000 0.0309 79.6659 50.0000 39.3024 44.5827 53.0506
12408.0000 0.0304 79.3913 50.0000 39.1451 44.5592 52.7742
12409.0000 0.0299 79.7835 50.0000 39.6797 44.4112 53.0901
12410.0000 0.0360 80.0763 50.0000 38.7077 44.9859 53.7606
12411.0000 0.0374 80.4101 50.0000 38.5435 45.3817 54.0432
12412.0000 0.0328 79.7595 50.0000 39.0129 44.7521 53.2618
12413.0000 0.0349 79.9834 50.0000 39.0644 44.5865 53.6969
12414.0000 0.0357 80.3451 50.0000 39.3009 44.5800 54.0684
12415.0000 0.0390 80.1842 50.0000 38.6397 44.7000 54.2069
12416.0000 0.0372 79.6469 50.0000 38.6655 44.3210 53.7052
12417.0000 0.0351 79.2362 50.0000 37.9832 45.1394 52.8969
12418.0000 0.0398 79.2350 50.0000 37.7057 44.6974 53.4660
12419.0000 0.0392 79.2041 50.0000 38.3069 43.9472 53.6145
12420.0000 0.0357 78.9268 50.0000 38.0036 44.6182 52.8619
12421.0000 0.0449 79.1805 50.0000 37.5692 44.0023 54.0546
12422.0000 0.0462 79.1612 50.0000 37.6501 43.6841 54.2279
12423.0000 0.0473 79.4121 50.0000 38.2941 43.0201 54.6727
12424.0000 0.0434 79.2396 50.0000 37.9100 43.8467 54.0297
12425.0000 0.0458 79.1770 50.0000 37.7578 43.6159 54.2309
12426.0000 0.0437 78.8893 50.0000 37.5472 43.8713 53.7498
12427.0000 0.0580 79.3558 50.0000 36.6859 43.4909 55.3176
12428.0000 0.0594 79.0466 50.0000 36.2191 43.5507 55.1351
12429.0000 0.0504 78.5299 50.0000 36.2646 44.1416 53.8828
12430.0000 0.0453 78.3216 50.0000 36.2113 44.7778 53.0846
12431.0000 0.0348 77.9902 50.0000 37.4126 44.4507 52.0280
12432.0000 0.0376 77.7139 50.0000 37.1680 43.9547 52.2109
12433.0000 0.0414 77.8001 50.0000 36.8281 43.8972 52.6267
12434.0000 0.0444 77.7395 50.0000 36.5054 43.7800 52.8592
12435.0000 0.0461 77.8557 50.0000 36.3898 43.8291 53.0690
12436.0000 0.0409 77.6773 50.0000 36.8955 43.7312 52.5364
12437.0000 0.0408 77.6472 50.0000 37.3016 43.1708 52.6683
12438.0000 0.0448 77.8891 50.0000 38.0770 41.9123 53.4809
12439.0000 0.0440 77.8617 50.0000 38.2397 41.8118 53.4036
12440.0000 0.0489 77.7725 50.0000 37.9687 41.3888 53.7951
12441.0000 0.0518 77.8927 50.0000 38.0176 41.1032 54.1522
12442.0000 0.0514 78.1584 50.0000 37.5498 41.9691 54.1973
12443.0000 0.0512 78.1419 50.0000 37.5167 42.0212 54.1561
12444.0000 0.0566 77.8324 50.0000 37.1780 41.4088 54.4150
12445.0000 0.0491 77.1746 50.0000 37.8056 40.9050 53.4176
12446.0000 0.0526 77.6955 50.0000 38.0658 40.7484 54.1031
12447.0000 0.0490 77.8664 50.0000 37.6773 41.8145 53.8066
12448.0000 0.0524 77.8603 50.0000 37.2328 41.8969 54.0425
12449.0000 0.0457 77.6144 50.0000 37.4066 42.2868 53.2595
12450.0000 0.0425 77.3272 50.0000 37.3171 42.5097 52.7243
12451.0000 0.0428 77.2203 50.0000 37.6214 41.9729 52.7815
12452.0000 0.0418 77.0667 50.0000 37.9705 41.5272 52.6593
12453.0000 0.0423 77.0780 50.0000 38.1002 41.3330 52.7349
12454.0000 0.0398 77.0190 50.0000 38.3891 41.2702 52.4879
12455.0000 0.0509 76.9263 50.0000 37.1012 41.2123 53.3170
12456.0000 0.0550 77.1939 50.0000 36.7627 41.3896 53.7988
12457.0000 0.0516 76.6490 50.0000 36.6176 41.3768 53.1242
12458.0000 0.0532 76.8926 50.0000 36.4494 41.6535 53.3750
12459.0000 0.0448 76.8013 50.0000 37.1419 41.8043 52.6432
12460.0000 0.0435 76.7062 50.0000 36.9902 42.0616 52.4060
12461.0000 0.0439 76.5902 50.0000 37.4234 41.3595 52.4875
12462.0000 0.0470 76.7631 50.0000 37.6676 40.8718 52.9454
12463.0000 0.0442 76.5814 50.0000 38.0972 40.5500 52.6214
12464.0000 0.0514 77.0465 50.0000 37.4970 40.8310 53.5068
12465.0000 0.0550 76.8998 50.0000 37.3390 40.4254 53.7137
12466.0000 0.0524 76.8191 50.0000 37.5575 40.3994 53.4649
12467.0000 0.0626 77.1242 50.0000 37.3121 39.8450 54.4824
12468.0000 0.0668 77.3901 50.0000 37.3014 39.6827 54.9829
12469.0000 0.0682 77.3708 50.0000 37.9003 38.8992 55.1058
12470.0000 0.0634 77.5277 50.0000 38.0519 39.3978 54.8672
12471.0000 0.0664 77.0398 50.0000 37.4462 39.2167 54.7262
12472.0000 0.0722 77.1908 50.0000 37.4027 38.8297 55.2422
12473.0000 0.0693 76.8866 50.0000 37.1660 39.0607 54.8133
12474.0000 0.0617 76.8111 50.0000 38.0548 38.8414 54.2506
12475.0000 0.0532 76.3941 50.0000 38.5108 38.8593 53.3191
12476.0000 0.0538 76.5300 50.0000 38.3604 39.0924 53.4519
12477.0000 0.0541 76.9202 50.0000 37.7767 40.0741 53.7002
12478.0000 0.0545 76.7875 50.0000 37.4564 40.2298 53.6180
12479.0000 0.0535 76.6364 50.0000 38.0222 39.5833 53.4848
12480.0000 0.0520 76.5766 50.0000 38.1924 39.5102 53.3316
12481.0000 0.0423 76.3906 50.0000 38.5989 40.0382 52.3698
12482.0000 0.0371 76.0047 50.0000 38.2103 40.7188 51.5622
12483.0000 0.0465 76.3233 50.0000 37.7228 40.3892 52.6398
12484.0000 0.0398 76.3440 50.0000 38.5407 40.3661 52.0922
12485.0000 0.0451 76.4167 50.0000 37.6970 40.7022 52.5526
12486.0000 0.0417 76.2036 50.0000 38.6151 39.9023 52.1888
12487.0000 0.0471 76.3930 50.0000 37.8108 40.2939 52.7508
12488.0000 0.0567 76.7629 50.0000 37.5282 39.8850 53.7900
12489.0000 0.0533 76.6670 50.0000 38.1267 39.5280 53.4951
12490.0000 0.0574 76.9219 50.0000 38.3992 39.0624 54.0056
12491.0000 0.0539 76.9363 50.0000 38.3295 39.5263 53.7374
12492.0000 0.0625 77.7639 50.0000 38.1784 39.5973 54.9698
12493.0000 0.0559 77.4541 50.0000 37.9619 40.2250 54.2215
12494.0000 0.0533 77.4387 50.0000 38.1658 40.2932 54.0053
12495.0000 0.0611 77.8703 50.0000 38.1176 39.9158 54.9323
12496.0000 0.0595 77.2774 50.0000 37.5632 40.0745 54.3584
12497.0000 0.0601 77.3996 50.0000 37.7976 39.8857 54.5085
12498.0000 0.0622 77.4142 50.0000 37.3628 40.1364 54.6448
12499.0000 0.0648 77.8237 50.0000 37.2495 40.4030 55.1054
12500.0000 0.0645 77.5901 50.0000 37.1212 40.3243 54.9199
12501.0000 0.0584 77.4765 50.0000 36.9254 41.1053 54.3092
12502.0000 0.0650 78.2910 50.0000 37.6841 40.3928 55.4780
12503.0000 0.0606 78.2446 50.0000 37.6677 40.8437 55.0923
12504.0000 0.0590 78.0716 50.0000 37.7668 40.7380 54.8567
12505.0000 0.0551 78.3581 50.0000 38.2856 40.9203 54.7698
12506.0000 0.0507 77.9291 50.0000 38.6650 40.5714 54.1472
12507.0000 0.0610 78.7120 50.0000 38.4454 40.4531 55.5074
12508.0000 0.0700 78.8460 50.0000 37.9776 40.1289 56.2501
12509.0000 0.0722 78.9742 50.0000 37.7261 40.2947 56.4801
12510.0000 0.0758 79.1875 50.0000 38.1830 39.6635 56.9168
12511.0000 0.0758 79.0592 50.0000 38.5310 39.1856 56.8349
12512.0000 0.0742 79.1012 50.0000 38.1244 39.8038 56.7379
12513.0000 0.0676 78.7964 50.0000 38.2639 40.0269 56.0588
12514.0000 0.0629 79.0265 50.0000 38.2799 40.7378 55.8594
12515.0000 0.0607 78.4345 50.0000 38.3442 40.3049 55.2920
12516.0000 0.0573 78.3378 50.0000 38.4515 40.4707 54.9584
12517.0000 0.0642 78.3800 50.0000 38.6507 39.5562 55.5414
12518.0000 0.0666 78.3221 50.0000 38.3491 39.5554 55.6693
12519.0000 0.0675 78.1175 50.0000 37.9044 39.7237 55.5665
12520.0000 0.0677 78.0654 50.0000 37.1988 40.3984 55.4835
12521.0000 0.0584 77.3796 50.0000 36.9266 41.0059 54.2453
12522.0000 0.0664 77.6769 50.0000 36.5264 40.8662 55.0407
12523.0000 0.0645 77.3606 50.0000 36.5291 40.7423 54.6842
12524.0000 0.0598 77.3763 50.0000 36.8342 40.9413 54.3520
12525.0000 0.0642 77.4030 50.0000 36.4676 40.8898 54.6750
12526.0000 0.0741 77.9732 50.0000 36.0321 40.9031 55.7534
12527.0000 0.0847 77.9355 50.0000 35.3187 40.5720 56.3955
12528.0000 0.0825 78.1308 50.0000 35.6657 40.6094 56.4203
12529.0000 0.0843 78.3716 50.0000 35.3192 41.0583 56.6470
12530.0000 0.0752 77.9860 50.0000 35.7020 41.1681 55.7887
12531.0000 0.0686 77.5714 50.0000 35.9043 41.2119 55.0435
12532.0000 0.0739 77.6270 50.0000 35.3604 41.3167 55.3943
12533.0000 0.0681 77.0432 50.0000 36.1606 40.4301 54.7127
12534.0000 0.0725 77.1215 50.0000 35.8047 40.4397 55.0488
12535.0000 0.0714 77.2565 50.0000 35.6344 40.8884 55.0173
12536.0000 0.0657 77.0234 50.0000 35.3030 41.6486 54.3295
12537.0000 0.0529 76.4047 50.0000 36.4486 41.1480 53.0662
12538.0000 0.0528 76.2705 50.0000 36.2086 41.2933 52.9244
12539.0000 0.0567 76.5645 50.0000 35.5253 41.9631 53.2840
12540.0000 0.0531 76.2835 50.0000 35.9250 41.6137 52.8854
12541.0000 0.0565 76.4447 50.0000 36.6080 40.5840 53.4470
12542.0000 0.0587 76.3445 50.0000 36.4251 40.4239 53.5500
12543.0000 0.0545 76.1076 50.0000 36.7428 40.2989 53.0878
12544.0000 0.0523 76.1471 50.0000 36.5167 40.8576 52.8732
12545.0000 0.0515 76.4025 50.0000 37.0140 40.6609 53.0471
12546.0000 0.0592 76.4391 50.0000 36.9571 39.8790 53.7287
12547.0000 0.0579 76.6682 50.0000 37.2666 39.9324 53.8016
12548.0000 0.0552 76.3440 50.0000 36.7593 40.4551 53.2969
12549.0000 0.0611 76.3422 50.0000 36.6050 39.9523 53.7774
12550.0000 0.0543 76.3184 50.0000 36.3244 41.0298 53.1187
12551.0000 0.0559 76.0794 50.0000 36.5442 40.3328 53.1589
12552.0000 0.0511 75.9438 50.0000 36.7493 40.5222 52.6774
12553.0000 0.0488 76.5569 50.0000 37.2915 40.8500 52.9300
12554.0000 0.0551 76.8453 50.0000 37.1992 40.5100 53.6689
12555.0000 0.0553 76.9551 50.0000 37.3004 40.4875 53.7730
12556.0000 0.0528 76.9213 50.0000 37.4648 40.5599 53.5552
12557.0000 0.0479 76.7917 50.0000 37.6427 40.8145 53.0487
12558.0000 0.0535 76.8585 50.0000 37.6988 40.1544 53.6065
12559.0000 0.0559 76.9396 50.0000 37.6351 40.0432 53.8501
12560.0000 0.0495 76.3337 50.0000 37.7727 39.9874 52.9251
12561.0000 0.0461 76.1829 50.0000 38.0082 39.9808 52.5427
12562.0000 0.0409 75.9501 50.0000 38.5643 39.7838 51.9467
12563.0000 0.0446 76.0643 50.0000 37.8684 40.1890 52.3126
12564.0000 0.0432 76.2284 50.0000 38.6493 39.7004 52.3534
12565.0000 0.0488 76.3987 50.0000 38.0347 39.8651 52.9235
12566.0000 0.0425 76.4676 50.0000 37.8537 40.9103 52.3521
12567.0000 0.0451 76.7425 50.0000 37.5801 41.1893 52.7313
12568.0000 0.0469 76.6192 50.0000 38.0353 40.3154 52.9008
12569.0000 0.0431 76.4222 50.0000 38.5531 40.0242 52.4602
12570.0000 0.0514 76.9604 50.0000 38.3236 39.8386 53.5452
12571.0000 0.0569 76.9902 50.0000 37.7906 39.8159 53.9820
12572.0000 0.0510 77.1361 50.0000 38.5571 39.8238 53.6414
12573.0000 0.0506 76.8107 50.0000 38.2737 39.8262 53.3749
12574.0000 0.0534 77.0588 50.0000 38.0025 40.0580 53.7515
12575.0000 0.0533 76.8918 50.0000 38.0071 39.8830 53.6391
12576.0000 0.0598 77.2314 50.0000 37.7979 39.7454 54.3720
12577.0000 0.0594 76.9948 50.0000 38.0253 39.3032 54.1991
12578.0000 0.0654 77.2674 50.0000 37.1950 39.8154 54.7861
12579.0000 0.0606 77.3807 50.0000 37.4639 40.1588 54.5115
12580.0000 0.0538 77.3065 50.0000 37.9444 40.3288 53.9454
12581.0000 0.0540 77.2491 50.0000 37.0064 41.2890 53.7882
12582.0000 0.0502 77.1198 50.0000 37.6600 40.8740 53.4649
12583.0000 0.0465 77.0138 50.0000 37.4418 41.4700 53.0045
12584.0000 0.0444 76.7215 50.0000 37.7144 41.1069 52.6692
12585.0000 0.0481 76.9034 50.0000 37.6591 40.8920 53.1392
12586.0000 0.0449 77.0807 50.0000 37.3804 41.8265 52.8648
12587.0000 0.0409 77.0969 50.0000 37.9728 41.6862 52.5762
12588.0000 0.0415 77.0016 50.0000 37.8363 41.6563 52.5587
12589.0000 0.0492 77.1769 50.0000 37.3576 41.4012 53.3538
12590.0000 0.0549 77.5389 50.0000 37.3587 41.0895 54.1134
12591.0000 0.0553 77.4189 50.0000 37.1332 41.1772 54.0301
12592.0000 0.0575 77.5256 50.0000 37.2870 40.8554 54.3206
12593.0000 0.0581 77.6643 50.0000 37.5235 40.6753 54.4908
12594.0000 0.0479 77.4391 50.0000 38.6805 40.3714 53.5797
12595.0000 0.0483 77.5386 50.0000 38.7082 40.4015 53.6808
12596.0000 0.0583 77.7554 50.0000 38.6319 39.5751 54.6561
12597.0000 0.0613 77.6385 50.0000 38.3218 39.4492 54.7990
12598.0000 0.0553 77.5808 50.0000 38.0914 40.2844 54.2678
12599.0000 0.0438 76.5757 50.0000 37.9791 40.7201 52.5671
12600.0000 0.0452 76.5484 50.0000 38.0522 40.4307 52.6978
12601.0000 0.0421 76.2584 50.0000 37.9390 40.6344 52.1997
12602.0000 0.0453 76.1149 50.0000 37.1522 40.9592 52.3024
12603.0000 0.0419 76.0744 50.0000 37.2903 41.2148 51.9432
12604.0000 0.0457 75.7947 50.0000 36.6636 41.1277 52.0493
12605.0000 0.0406 76.1714 50.0000 37.3580 41.4199 51.8734
12606.0000 0.0344 75.7898 50.0000 37.1910 42.1027 50.8752
12607.0000 0.0330 76.0535 50.0000 38.0247 41.5871 51.0762
12608.0000 0.0331 76.0614 50.0000 38.1178 41.4674 51.1158
12609.0000 0.0348 76.1365 50.0000 37.8073 41.6759 51.2884
12610.0000 0.0337 75.9108 50.0000 37.9405 41.4131 51.0678
12611.0000 0.0272 75.9457 50.0000 38.6745 41.5858 50.4247
12612.0000 0.0238 75.3899 50.0000 38.6923 41.4972 49.6440
12613.0000 0.0268 75.4306 50.0000 38.5282 41.2403 50.0459
12614.0000 0.0291 75.2655 50.0000 38.2813 40.9741 50.2052
12615.0000 0.0333 75.6745 50.0000 38.3830 40.6906 50.9671
12616.0000 0.0334 75.5852 50.0000 38.6343 40.3065 50.9499
12617.0000 0.0313 75.1534 50.0000 38.3190 40.4699 50.4170
12618.0000 0.0247 75.0200 50.0000 38.8061 40.7908 49.5803
12619.0000 0.0218 74.5851 50.0000 39.1097 40.4393 48.9697
12620.0000 0.0221 74.7907 50.0000 38.9761 40.7643 49.1201
12621.0000 0.0234 74.7482 50.0000 38.1963 41.4210 49.1186
12622.0000 0.0213 75.1469 50.0000 38.9419 41.3525 49.1992
12623.0000 0.0211 75.0513 50.0000 38.8399 41.4104 49.0850
12624.0000 0.0201 74.6991 50.0000 39.2632 40.6876 48.8147
12625.0000 0.0261 75.1374 50.0000 38.7699 40.7275 49.8376
12626.0000 0.0250 75.0041 50.0000 38.5127 41.0629 49.5603
12627.0000 0.0252 75.2346 50.0000 38.7501 41.0199 49.7598
12628.0000 0.0225 75.2832 50.0000 38.6152 41.6921 49.3780
12629.0000 0.0190 75.1163 50.0000 38.7335 42.0288 48.7417
12630.0000 0.0204 75.3326 50.0000 38.8751 41.8222 49.1388
12631.0000 0.0215 75.5821 50.0000 39.2585 41.4445 49.5355
12632.0000 0.0214 75.4571 50.0000 38.9644 41.6704 49.3876
12633.0000 0.0207 75.4191 50.0000 39.3503 41.2965 49.3375
12634.0000 0.0238 75.6604 50.0000 39.1692 41.2390 49.8961
12635.0000 0.0217 75.5813 50.0000 38.8357 41.9200 49.4675
12636.0000 0.0226 75.2357 50.0000 39.0710 41.0839 49.4569
12637.0000 0.0286 75.8558 50.0000 38.6649 41.2795 50.5482
12638.0000 0.0270 75.4481 50.0000 38.9548 40.7416 50.1503
12639.0000 0.0214 75.3657 50.0000 39.0590 41.4600 49.3503
12640.0000 0.0206 75.2573 50.0000 39.5920 40.8652 49.2561
12641.0000 0.0216 75.5305 50.0000 39.6078 40.9802 49.5651
12642.0000 0.0207 75.3850 50.0000 39.3976 41.2114 49.3189
12643.0000 0.0251 75.4550 50.0000 39.0201 40.9759 49.9185
12644.0000 0.0269 75.7217 50.0000 38.6103 41.4657 50.2356
12645.0000 0.0213 75.8744 50.0000 39.3459 41.7262 49.6764
12646.0000 0.0240 75.4167 50.0000 38.8153 41.3546 49.7076
12647.0000 0.0220 75.2486 50.0000 38.8026 41.5221 49.3216
12648.0000 0.0289 75.3335 50.0000 38.2927 41.0692 50.2208
12649.0000 0.0297 75.6081 50.0000 38.5707 40.9333 50.5308
12650.0000 0.0300 75.9034 50.0000 39.1493 40.5666 50.8233
12651.0000 0.0293 75.6432 50.0000 38.6432 40.9444 50.5189
12652.0000 0.0311 75.2231 50.0000 38.2378 40.6667 50.4242
12653.0000 0.0308 75.0996 50.0000 38.5700 40.2149 50.3495
12654.0000 0.0328 75.5159 50.0000 38.6651 40.2821 50.8429
12655.0000 0.0369 75.6134 50.0000 38.8300 39.6538 51.3535
12656.0000 0.0434 75.8424 50.0000 38.3763 39.5603 52.0991
12657.0000 0.0433 75.7792 50.0000 38.8258 39.0419 52.0650
12658.0000 0.0444 75.7240 50.0000 38.2017 39.4929 52.1063
12659.0000 0.0474 75.8292 50.0000 38.4164 39.0361 52.4445
12660.0000 0.0458 75.8680 50.0000 38.4354 39.2390 52.3351
12661.0000 0.0409 76.0336 50.0000 38.4262 40.0123 51.9957
12662.0000 0.0550 76.6115 50.0000 37.8096 39.6171 53.5747
12663.0000 0.0695 76.9598 50.0000 36.9368 39.3569 54.8591
12664.0000 0.0654 76.7580 50.0000 37.4209 39.0577 54.4607
12665.0000 0.0597 76.7332 50.0000 37.2366 39.8273 53.9926
12666.0000 0.0626 76.6319 50.0000 37.2001 39.4503 54.1505
12667.0000 0.0622 76.4930 50.0000 36.8255 39.7583 53.9845
12668.0000 0.0565 76.3014 50.0000 37.0210 39.9657 53.4237
12669.0000 0.0629 76.3702 50.0000 36.2415 40.1905 53.8859
12670.0000 0.0690 76.9691 50.0000 36.3574 40.0342 54.7690
12671.0000 0.0597 77.0110 50.0000 37.5051 39.8353 54.1960
12672.0000 0.0533 76.4533 50.0000 37.1252 40.3846 53.2533
12673.0000 0.0621 76.3170 50.0000 36.9737 39.4193 53.8826
12674.0000 0.0668 76.6106 50.0000 37.1268 39.0705 54.4452
12675.0000 0.0601 76.2508 50.0000 37.6202 38.8927 53.7240
12676.0000 0.0505 76.0755 50.0000 37.8306 39.5458 52.8436
12677.0000 0.0559 76.0694 50.0000 37.6269 39.1500 53.2733
12678.0000 0.0478 75.7998 50.0000 38.3634 39.0108 52.4597
12679.0000 0.0528 76.0070 50.0000 38.2317 38.7993 53.0095
12680.0000 0.0655 76.2045 50.0000 36.9438 38.9850 54.0597
12681.0000 0.0644 76.2030 50.0000 36.9073 39.1303 53.9775
12682.0000 0.0645 76.0650 50.0000 36.8872 39.0084 53.8847
12683.0000 0.0715 76.0398 50.0000 36.3633 38.8221 54.3378
12684.0000 0.0741 76.0776 50.0000 36.1785 38.8037 54.5270
12685.0000 0.0729 76.1872 50.0000 36.7719 38.4059 54.5647
12686.0000 0.0741 76.3286 50.0000 36.7100 38.4965 54.7399
12687.0000 0.0725 76.0055 50.0000 36.8600 38.1723 54.4156
12688.0000 0.0636 75.8342 50.0000 36.5820 39.1823 53.6408
12689.0000 0.0634 76.2047 50.0000 37.0027 39.1395 53.9079
12690.0000 0.0561 75.8119 50.0000 37.8059 38.6782 53.1239
12691.0000 0.0599 76.2959 50.0000 37.1787 39.4203 53.7108
12692.0000 0.0630 76.1887 50.0000 37.0608 39.1046 53.8706
12693.0000 0.0664 76.2929 50.0000 36.8473 39.0812 54.1806
12694.0000 0.0670 76.2424 50.0000 36.5171 39.3259 54.1560
12695.0000 0.0653 76.1001 50.0000 36.8356 39.0100 53.9683
12696.0000 0.0677 76.3257 50.0000 37.0719 38.7504 54.3110
12697.0000 0.0629 76.3168 50.0000 37.1137 39.1866 53.9558
12698.0000 0.0652 76.0675 50.0000 36.5516 39.2919 53.9109
12699.0000 0.0581 76.1890 50.0000 37.1967 39.4830 53.5000
12700.0000 0.0640 76.5298 50.0000 36.8616 39.5587 54.1585
12701.0000 0.0674 76.4665 50.0000 36.6722 39.3491 54.3500
12702.0000 0.0545 75.7886 50.0000 37.2424 39.4155 52.9465
12703.0000 0.0573 76.3222 50.0000 37.4418 39.4511 53.5425
12704.0000 0.0552 76.4848 50.0000 37.8576 39.4085 53.5135
12705.0000 0.0504 76.3235 50.0000 37.5498 40.1117 52.9749
12706.0000 0.0437 76.1493 50.0000 38.3666 39.8513 52.3316
12707.0000 0.0372 76.1535 50.0000 38.7732 40.2548 51.7257
12708.0000 0.0309 76.4264 50.0000 39.6867 40.4464 51.2840
12709.0000 0.0355 76.4026 50.0000 39.5404 39.9352 51.7599
12710.0000 0.0289 76.1394 50.0000 39.6218 40.4903 50.8711
12711.0000 0.0299 76.3662 50.0000 39.5268 40.6805 51.1324
12712.0000 0.0260 75.9875 50.0000 39.4421 40.9547 50.4096
12713.0000 0.0294 76.1746 50.0000 39.7259 40.3435 50.9590
12714.0000 0.0259 76.2105 50.0000 39.4765 41.1838 50.5327
12715.0000 0.0346 76.7391 50.0000 39.0635 40.9202 51.8504
12716.0000 0.0351 76.9060 50.0000 39.3677 40.7137 52.0298
12717.0000 0.0311 77.0210 50.0000 39.8843 40.8439 51.7035
12718.0000 0.0358 76.9986 50.0000 39.6573 40.4102 52.1833
12719.0000 0.0347 76.8229 50.0000 38.8522 41.2381 51.8815
12720.0000 0.0332 77.2363 50.0000 39.9539 40.6997 52.0833
12721.0000 0.0367 77.0167 50.0000 39.2633 40.7226 52.2651
12722.0000 0.0310 76.6450 50.0000 40.0125 40.3170 51.4586
12723.0000 0.0378 76.8607 50.0000 39.3380 40.3256 52.2870
12724.0000 0.0326 76.8040 50.0000 39.5737 40.7220 51.7155
12725.0000 0.0321 76.7209 50.0000 39.5212 40.7546 51.6065
12726.0000 0.0295 76.3738 50.0000 39.4339 40.8579 51.0740
12727.0000 0.0419 77.0501 50.0000 38.7859 40.5867 52.7739
12728.0000 0.0442 76.6723 50.0000 38.5033 40.2040 52.7236
12729.0000 0.0459 76.9060 50.0000 37.5943 41.2486 52.9127
12730.0000 0.0449 76.8146 50.0000 37.7929 41.0486 52.7938
12731.0000 0.0408 76.7074 50.0000 38.7149 40.4440 52.4353
12732.0000 0.0353 76.5464 50.0000 39.4313 40.2249 51.8312
12733.0000 0.0388 76.6045 50.0000 38.8609 40.4262 52.1900
12734.0000 0.0394 76.7136 50.0000 39.1600 40.1507 52.3392
12735.0000 0.0359 76.4515 50.0000 39.4414 40.0429 51.8244
12736.0000 0.0386 76.5637 50.0000 38.3247 40.9989 52.0799
12737.0000 0.0397 76.7773 50.0000 38.3718 41.0364 52.3295
12738.0000 0.0369 76.4058 50.0000 38.2504 41.1494 51.7830
12739.0000 0.0384 76.6136 50.0000 38.5269 40.8640 52.1100
12740.0000 0.0382 76.7472 50.0000 38.9841 40.5337 52.2245
12741.0000 0.0366 76.6398 50.0000 39.1614 40.4370 52.0086
12742.0000 0.0417 76.2778 50.0000 38.2642 40.3509 52.2107
12743.0000 0.0361 76.1431 50.0000 38.3282 40.8765 51.5541
12744.0000 0.0348 76.0977 50.0000 39.0016 40.2736 51.4565
12745.0000 0.0326 75.8798 50.0000 38.8797 40.4739 51.0683
12746.0000 0.0346 76.2786 50.0000 39.1297 40.3536 51.5643
12747.0000 0.0334 76.4518 50.0000 39.0598 40.7759 51.5417
12748.0000 0.0318 76.5681 50.0000 39.0862 41.1066 51.4314
12749.0000 0.0323 76.6421 50.0000 38.6544 41.6164 51.4580
12750.0000 0.0389 77.2041 50.0000 38.4070 41.5742 52.5068
12751.0000 0.0420 77.1224 50.0000 38.2541 41.2387 52.7623
12752.0000 0.0361 76.8849 50.0000 38.8758 41.0756 52.0841
12753.0000 0.0323 77.0137 50.0000 38.9136 41.7232 51.7302
12754.0000 0.0314 77.2400 50.0000 39.6761 41.2556 51.8633
12755.0000 0.0343 77.0044 50.0000 39.8470 40.4131 52.0450
12756.0000 0.0408 77.0493 50.0000 39.2239 40.2671 52.6939
12757.0000 0.0375 76.9920 50.0000 39.2571 40.5975 52.3306
12758.0000 0.0438 77.1359 50.0000 39.2051 40.0033 53.0343
12759.0000 0.0392 76.8289 50.0000 39.4216 40.0337 52.4016
12760.0000 0.0418 76.9880 50.0000 39.1710 40.1351 52.7442
12761.0000 0.0441 77.1960 50.0000 38.9836 40.2609 53.0901
12762.0000 0.0475 77.2874 50.0000 38.5418 40.4121 53.4297
12763.0000 0.0509 77.6856 50.0000 38.0484 40.9559 53.9443
12764.0000 0.0561 77.4246 50.0000 37.9314 40.2050 54.2156
12765.0000 0.0532 77.3647 50.0000 37.9018 40.5122 53.9213
12766.0000 0.0484 77.0405 50.0000 38.1849 40.4196 53.3237
12767.0000 0.0496 76.5608 50.0000 38.2787 39.6815 53.1193
12768.0000 0.0472 76.4732 50.0000 38.4069 39.7357 52.8595
12769.0000 0.0422 76.8035 50.0000 39.1654 39.8900 52.6652
12770.0000 0.0477 76.8824 50.0000 38.1223 40.4073 53.1493
12771.0000 0.0465 76.9717 50.0000 38.6490 40.0817 53.1447
12772.0000 0.0420 76.6798 50.0000 38.3375 40.6725 52.4955
12773.0000 0.0438 76.4342 50.0000 38.4993 40.0061 52.5309
12774.0000 0.0390 76.4772 50.0000 38.8475 40.2830 52.1240
12775.0000 0.0428 76.8549 50.0000 38.4864 40.5885 52.7071
12776.0000 0.0449 77.1189 50.0000 38.7630 40.3157 53.0981
12777.0000 0.0426 77.2484 50.0000 39.0002 40.4819 52.9860
12778.0000 0.0438 77.3683 50.0000 38.0333 41.5296 53.0529
12779.0000 0.0379 77.3148 50.0000 38.1517 42.1372 52.4069
12780.0000 0.0468 77.6197 50.0000 37.6518 41.8509 53.4384
12781.0000 0.0423 77.1390 50.0000 37.8340 41.7074 52.7210
12782.0000 0.0460 77.2535 50.0000 38.0882 41.0537 53.2164
12783.0000 0.0495 77.0893 50.0000 38.2516 40.2778 53.4534
12784.0000 0.0448 76.8703 50.0000 38.0147 40.8747 52.8506
12785.0000 0.0495 76.9199 50.0000 37.9081 40.4700 53.3088
12786.0000 0.0660 77.4389 50.0000 37.0984 40.0376 54.9316
12787.0000 0.0616 77.6529 50.0000 38.0153 39.7531 54.8134
12788.0000 0.0611 77.5315 50.0000 38.2109 39.4760 54.7057
12789.0000 0.0597 77.7257 50.0000 37.9754 40.0765 54.7086
12790.0000 0.0622 77.7576 50.0000 37.9136 39.8978 54.9270
12791.0000 0.0545 77.6689 50.0000 37.9717 40.6069 54.2373
12792.0000 0.0490 77.4648 50.0000 38.2797 40.6992 53.6566
12793.0000 0.0433 77.5754 50.0000 38.9308 40.8225 53.2528
12794.0000 0.0504 77.5742 50.0000 37.7647 41.2166 53.7846
12795.0000 0.0538 78.0112 50.0000 37.4907 41.5790 54.3266
12796.0000 0.0537 78.0155 50.0000 37.3107 41.8127 54.2772
12797.0000 0.0564 78.2471 50.0000 37.5700 41.4402 54.7157
12798.0000 0.0674 78.9828 50.0000 37.3009 41.2636 56.0735
12799.0000 0.0618 78.4678 50.0000 37.2363 41.4208 55.2717
12800.0000 0.0647 78.6356 50.0000 37.0744 41.4553 55.5923
12801.0000 0.0659 78.4292 50.0000 37.1886 40.9715 55.5830
12802.0000 0.0695 78.4273 50.0000 37.4090 40.3559 55.8821
12803.0000 0.0683 78.5556 50.0000 37.6023 40.4020 55.8993
12804.0000 0.0832 78.9032 50.0000 37.2062 39.6715 57.1627
12805.0000 0.0891 79.1154 50.0000 36.8077 39.7360 57.6670
12806.0000 0.0870 78.8697 50.0000 36.4240 40.0994 57.3216
12807.0000 0.0855 78.5530 50.0000 36.9183 39.4038 57.0522
12808.0000 0.0861 78.5151 50.0000 37.1732 39.0463 57.0803
12809.0000 0.0951 78.7944 50.0000 36.6893 38.9958 57.8082
12810.0000 0.0846 78.3404 50.0000 36.8998 39.3002 56.8429
12811.0000 0.0769 77.8149 50.0000 37.1044 39.3004 55.9813
12812.0000 0.0741 77.5801 50.0000 36.6314 39.8489 55.5777
12813.0000 0.0722 77.6121 50.0000 36.9102 39.7680 55.4957
12814.0000 0.0727 77.7513 50.0000 37.2850 39.4668 55.6549
12815.0000 0.0772 77.5180 50.0000 37.1111 38.9700 55.7956
12816.0000 0.0733 77.3668 50.0000 37.5262 38.7759 55.4421
12817.0000 0.0751 77.3051 50.0000 37.3464 38.7155 55.5196
12818.0000 0.0693 77.3132 50.0000 37.4701 39.1748 55.1240
12819.0000 0.0636 77.5203 50.0000 38.3338 39.0752 54.8912
12820.0000 0.0578 77.3761 50.0000 38.4236 39.4572 54.3491
12821.0000 0.0650 77.5960 50.0000 37.6450 39.7238 55.0091
12822.0000 0.0619 77.7900 50.0000 38.0675 39.8061 54.9329
12823.0000 0.0621 77.8198 50.0000 37.4884 40.4311 54.9169
12824.0000 0.0636 77.7781 50.0000 37.6074 40.0931 55.0241
12825.0000 0.0578 77.6090 50.0000 37.7345 40.4259 54.4519
12826.0000 0.0665 78.1333 50.0000 37.4397 40.3372 55.4617
12827.0000 0.0679 78.0699 50.0000 37.6266 39.9170 55.5497
12828.0000 0.0597 77.8867 50.0000 37.7047 40.5268 54.7929
12829.0000 0.0611 77.8249 50.0000 37.7628 40.2482 54.8704
12830.0000 0.0691 78.1999 50.0000 37.1955 40.3873 55.6829
12831.0000 0.0688 77.8427 50.0000 37.2385 40.0110 55.4248
12832.0000 0.0656 78.2717 50.0000 37.7490 40.2401 55.5177
12833.0000 0.0656 78.2002 50.0000 37.6599 40.2662 55.4584
12834.0000 0.0675 77.8400 50.0000 38.0479 39.2906 55.3866
12835.0000 0.0670 78.1441 50.0000 38.5150 39.1667 55.5795
12836.0000 0.0629 77.9484 50.0000 38.2994 39.6216 55.1293
12837.0000 0.0671 78.1497 50.0000 38.4043 39.2727 55.5891
12838.0000 0.0719 78.2078 50.0000 38.3191 38.9357 55.9654
12839.0000 0.0660 77.6867 50.0000 37.9284 39.4119 55.1668
12840.0000 0.0682 77.7543 50.0000 37.8300 39.3619 55.3648
12841.0000 0.0798 78.1062 50.0000 37.1171 39.3037 56.3748
12842.0000 0.0781 77.9844 50.0000 36.6153 39.8733 56.1339
12843.0000 0.0756 77.7316 50.0000 36.7741 39.6995 55.8015
12844.0000 0.0762 77.6571 50.0000 37.0380 39.2814 55.8191
12845.0000 0.0789 77.7143 50.0000 36.9362 39.1807 56.0366
12846.0000 0.0726 77.5131 50.0000 37.3385 39.1858 55.4851
12847.0000 0.0794 77.8231 50.0000 37.1029 39.0680 56.1561
12848.0000 0.0770 77.3937 50.0000 37.1231 38.8576 55.6933
12849.0000 0.0759 76.9581 50.0000 37.4214 38.2193 55.3306
12850.0000 0.0747 77.5313 50.0000 37.4593 38.8723 55.6493
12851.0000 0.0773 77.3484 50.0000 37.1554 38.7419 55.6895
12852.0000 0.0824 77.6388 50.0000 36.7340 38.9839 56.2019
12853.0000 0.0915 78.0539 50.0000 36.2831 39.0142 57.0424
12854.0000 0.0967 78.5753 50.0000 36.2787 39.0604 57.7253
12855.0000 0.1059 78.7071 50.0000 36.6230 38.0268 58.3740
12856.0000 0.0921 77.9508 50.0000 36.7845 38.3405 57.0371
12857.0000 0.0929 77.8532 50.0000 36.7732 38.1935 57.0097
12858.0000 0.0939 77.8812 50.0000 36.0205 38.9059 57.0468
12859.0000 0.0908 77.5637 50.0000 36.8387 38.0261 56.6838
12860.0000 0.0848 77.8637 50.0000 37.0883 38.6185 56.5316
12861.0000 0.0858 78.2994 50.0000 37.1727 38.8622 56.9098
12862.0000 0.0890 78.5963 50.0000 36.8982 39.1385 57.3069
12863.0000 0.0869 78.6915 50.0000 36.7334 39.6072 57.2213
12864.0000 0.0872 78.9493 50.0000 37.3643 39.1752 57.4648
12865.0000 0.0807 79.1237 50.0000 37.9316 39.3832 57.1902
12866.0000 0.0704 78.5663 50.0000 38.1496 39.6171 56.1049
12867.0000 0.0719 78.3798 50.0000 38.1304 39.2999 56.0801
12868.0000 0.0826 78.8211 50.0000 38.0248 38.8061 57.1049
12869.0000 0.0877 78.8846 50.0000 37.8699 38.5542 57.4649
12870.0000 0.0866 78.9162 50.0000 37.7706 38.7891 57.4156
12871.0000 0.0902 79.1239 50.0000 37.1170 39.3268 57.7609
12872.0000 0.0882 79.0376 50.0000 37.3565 39.1779 57.5892
12873.0000 0.0898 78.9346 50.0000 37.1394 39.1488 57.6083
12874.0000 0.0846 78.7237 50.0000 37.2101 39.3603 57.1279
12875.0000 0.0900 78.6653 50.0000 36.8242 39.1930 57.4118
12876.0000 0.1007 78.9398 50.0000 36.4650 38.8673 58.2334
12877.0000 0.0949 78.4889 50.0000 35.9186 39.5102 57.5265
12878.0000 0.0961 78.5496 50.0000 35.9969 39.3799 57.6496
12879.0000 0.0899 78.5421 50.0000 35.6348 40.3345 57.2028
12880.0000 0.0889 78.7157 50.0000 35.9845 40.2295 57.2963
12881.0000 0.0977 78.7396 50.0000 35.1636 40.3083 57.7813
12882.0000 0.0960 78.9397 50.0000 35.3559 40.4592 57.8315
12883.0000 0.0918 79.1476 50.0000 35.5566 40.8457 57.7209
12884.0000 0.0941 78.7668 50.0000 35.6943 40.0966 57.6400
12885.0000 0.0907 78.4873 50.0000 35.8752 39.9442 57.2510
12886.0000 0.0849 78.4567 50.0000 36.1055 40.2221 56.8685
12887.0000 0.0720 78.6178 50.0000 37.3500 40.3460 56.1955
12888.0000 0.0688 77.8298 50.0000 36.7178 40.5541 55.3593
12889.0000 0.0775 77.8945 50.0000 36.1173 40.3775 55.9710
12890.0000 0.0823 78.4060 50.0000 36.1207 40.4161 56.6510
12891.0000 0.0849 78.4806 50.0000 36.1556 40.1991 56.8859
12892.0000 0.0840 78.2558 50.0000 35.7875 40.4569 56.6257
12893.0000 0.0805 78.4122 50.0000 35.5520 41.2224 56.4379
12894.0000 0.0750 78.1817 50.0000 35.6786 41.4181 55.8923
12895.0000 0.0745 78.1632 50.0000 35.5773 41.5699 55.8183
12896.0000 0.0811 78.0013 50.0000 35.7359 40.5377 56.2481
12897.0000 0.0853 78.2853 50.0000 35.8704 40.2648 56.7508
12898.0000 0.0882 77.9398 50.0000 35.0585 40.5184 56.6019
12899.0000 0.0847 77.7494 50.0000 35.1555 40.5647 56.2455
12900.0000 0.0902 78.0916 50.0000 35.3911 40.1167 56.8895
12901.0000 0.0906 77.7974 50.0000 35.5034 39.6684 56.7306
12902.0000 0.0942 78.2503 50.0000 35.6839 39.5899 57.2923
12903.0000 0.0934 78.1744 50.0000 36.1422 39.1052 57.2342
12904.0000 0.0880 77.7271 50.0000 35.7543 39.5741 56.5422
12905.0000 0.0829 77.4141 50.0000 35.3629 40.1710 55.9347
12906.0000 0.0818 77.6596 50.0000 35.7888 40.0703 56.0763
12907.0000 0.0764 77.4721 50.0000 35.9157 40.2707 55.5901
12908.0000 0.0777 77.6227 50.0000 35.9666 40.2406 55.7887
12909.0000 0.0887 77.9818 50.0000 36.0131 39.4872 56.7889
12910.0000 0.0853 78.1372 50.0000 36.2367 39.7317 56.6897
12911.0000 0.0916 78.0441 50.0000 35.7654 39.5376 56.9955
12912.0000 0.0906 78.1380 50.0000 36.2076 39.2573 57.0387
12913.0000 0.0905 78.2006 50.0000 36.3096 39.2288 57.0793
12914.0000 0.0839 78.0201 50.0000 35.9836 40.0141 56.4906
12915.0000 0.0752 77.6447 50.0000 36.0182 40.4682 55.6211
12916.0000 0.0857 78.5249 50.0000 35.8777 40.4629 56.9359
12917.0000 0.0990 78.8675 50.0000 35.5827 39.8651 58.0064
12918.0000 0.0986 78.6246 50.0000 35.7830 39.4507 57.8363
12919.0000 0.1057 79.0875 50.0000 35.9961 39.0532 58.6000
12920.0000 0.1025 79.1863 50.0000 36.4991 38.9055 58.5204
12921.0000 0.1030 79.2154 50.0000 35.8858 39.5307 58.5202
12922.0000 0.0947 79.1935 50.0000 36.2886 39.8369 58.0324
12923.0000 0.0989 79.2521 50.0000 36.2845 39.5153 58.3341
12924.0000 0.0899 78.8072 50.0000 36.6227 39.5484 57.4915
12925.0000 0.1003 78.9262 50.0000 36.4997 38.8472 58.2066
12926.0000 0.1131 79.7711 50.0000 35.9312 39.1349 59.5050
12927.0000 0.0991 79.4117 50.0000 36.1673 39.7779 58.4454
12928.0000 0.0960 79.1955 50.0000 35.8095 40.2223 58.0669
12929.0000 0.0810 78.6294 50.0000 35.8285 41.0929 56.6593
12930.0000 0.0864 79.0154 50.0000 35.7903 40.9822 57.2969
12931.0000 0.0879 78.8889 50.0000 35.8651 40.6265 57.3292
12932.0000 0.0964 79.0084 50.0000 36.0505 39.7481 57.9895
12933.0000 0.0934 79.0020 50.0000 36.7788 39.2599 57.8559
12934.0000 0.1008 79.4949 50.0000 36.0201 39.8558 58.5961
12935.0000 0.0911 79.1514 50.0000 36.0797 40.3576 57.7448
12936.0000 0.0922 79.4304 50.0000 36.3681 40.2169 58.0444
12937.0000 0.0888 79.1328 50.0000 36.8509 39.7409 57.6599
12938.0000 0.0850 79.0356 50.0000 36.6988 40.1672 57.3274
12939.0000 0.0832 78.8587 50.0000 36.8066 40.0505 57.0958
12940.0000 0.0896 79.1442 50.0000 36.1142 40.4522 57.6470
12941.0000 0.0856 78.8199 50.0000 35.5889 41.0845 57.0796
12942.0000 0.0761 79.1244 50.0000 36.2520 41.6427 56.6776
12943.0000 0.0822 79.1331 50.0000 35.9010 41.4098 57.0824
12944.0000 0.0816 79.2656 50.0000 35.2876 42.2909 57.0027
12945.0000 0.0838 79.0306 50.0000 35.4190 41.6681 57.0535
12946.0000 0.0976 79.7137 50.0000 36.0249 40.3625 58.5435
12947.0000 0.0973 79.3345 50.0000 35.9485 40.0986 58.2562
12948.0000 0.0807 78.9005 50.0000 36.6155 40.5458 56.9266
12949.0000 0.0877 79.1680 50.0000 35.9798 40.8062 57.5141
12950.0000 0.0811 79.1027 50.0000 36.1176 41.2494 57.0197
12951.0000 0.0856 79.4108 50.0000 36.3623 40.8421 57.5828
12952.0000 0.0815 79.3576 50.0000 36.1402 41.4400 57.2210
12953.0000 0.0704 79.1018 50.0000 37.0608 41.3289 56.3517
12954.0000 0.0733 79.5207 50.0000 37.7310 40.7300 56.9296
12955.0000 0.0750 78.9501 50.0000 37.4207 40.3040 56.6427
12956.0000 0.0652 79.2438 50.0000 37.7290 41.3105 56.1208
12957.0000 0.0707 79.5439 50.0000 37.6879 41.0656 56.7492
12958.0000 0.0846 79.9236 50.0000 37.1167 40.6476 57.9474
12959.0000 0.0784 79.6540 50.0000 37.3077 40.7977 57.3449
12960.0000 0.0929 80.4800 50.0000 37.3965 40.1155 58.9006
12961.0000 0.0784 80.2375 50.0000 38.2383 40.4029 57.8230
12962.0000 0.0806 80.6683 50.0000 38.3792 40.4685 58.2814
12963.0000 0.0802 80.0915 50.0000 38.1585 40.1559 57.8454
12964.0000 0.0834 80.3624 50.0000 38.1357 40.1375 58.2474
12965.0000 0.0852 80.4452 50.0000 38.3729 39.8008 58.4367
12966.0000 0.0956 80.5932 50.0000 38.1802 39.1741 59.1855
12967.0000 0.0876 80.1872 50.0000 38.7635 38.9310 58.4102
12968.0000 0.0888 80.3294 50.0000 38.3449 39.3773 58.5825
12969.0000 0.0846 79.8484 50.0000 38.0073 39.6511 57.9569
12970.0000 0.0815 79.4215 50.0000 37.7839 39.7505 57.4460
12971.0000 0.0821 79.8054 50.0000 37.7003 40.1635 57.7450
12972.0000 0.0894 80.3816 50.0000 37.6788 40.0531 58.6282
12973.0000 0.0838 80.1069 50.0000 37.7254 40.2752 58.0673
12974.0000 0.0917 80.4433 50.0000 37.3041 40.2901 58.7898
12975.0000 0.0895 79.9609 50.0000 37.1446 40.1876 58.3007
12976.0000 0.0877 79.7064 50.0000 36.7285 40.5437 57.9684
12977.0000 0.0820 79.8707 50.0000 37.6848 40.2567 57.7805
12978.0000 0.0765 79.9633 50.0000 37.6820 40.8970 57.4598
12979.0000 0.0830 80.2928 50.0000 37.7603 40.5014 58.1440
12980.0000 0.0704 79.6951 50.0000 38.3838 40.5130 56.8919
12981.0000 0.0811 79.9079 50.0000 37.9238 40.1317 57.7624
12982.0000 0.0848 80.4990 50.0000 38.0654 40.2126 58.4299
12983.0000 0.0818 80.3361 50.0000 38.0222 40.3887 58.1116
12984.0000 0.0841 80.3184 50.0000 38.0566 40.1066 58.2598
12985.0000 0.0871 80.2582 50.0000 37.9750 39.8441 58.4099
12986.0000 0.0837 80.2652 50.0000 38.2772 39.8651 58.2077
12987.0000 0.0877 80.6355 50.0000 37.7818 40.3554 58.7032
12988.0000 0.0969 81.0317 50.0000 37.5152 40.1547 59.5512
12989.0000 0.0946 80.7086 50.0000 37.5298 40.0409 59.1787
12990.0000 0.0856 80.1790 50.0000 38.0036 39.8810 58.2572
12991.0000 0.0805 80.1256 50.0000 38.2127 40.1030 57.8935
12992.0000 0.0701 79.7426 50.0000 38.0153 40.9847 56.8680
12993.0000 0.0696 79.6477 50.0000 38.0526 40.9056 56.7669
12994.0000 0.0554 79.6597 50.0000 38.8623 41.6269 55.7009
12995.0000 0.0551 79.5757 50.0000 38.5692 41.8964 55.5824
12996.0000 0.0565 79.7197 50.0000 38.6090 41.8317 55.8094
12997.0000 0.0584 80.1100 50.0000 38.7889 41.8269 56.2454
12998.0000 0.0676 80.1252 50.0000 38.1162 41.5395 56.9356
12999.0000 0.0719 80.1337 50.0000 38.0082 41.2016 57.2644
13000.0000 0.0734 80.1606 50.0000 37.6905 41.4112 57.3607
13001.0000 0.0806 80.4003 50.0000 37.6537 40.9545 58.0443
13002.0000 0.0767 79.9427 50.0000 38.2073 40.3118 57.4979
13003.0000 0.0786 79.8130 50.0000 36.8897 41.3861 57.4148
13004.0000 0.0727 79.3819 50.0000 37.3187 41.0906 56.7482
13005.0000 0.0773 79.7972 50.0000 36.9247 41.4705 57.3093
13006.0000 0.0724 79.7144 50.0000 36.5965 42.2698 56.8186
13007.0000 0.0700 79.6177 50.0000 36.5164 42.5255 56.5430
13008.0000 0.0698 79.6530 50.0000 36.2243 42.9285 56.4761
13009.0000 0.0664 79.2324 50.0000 36.3291 42.7474 55.9519
13010.0000 0.0708 79.3212 50.0000 35.5276 43.2832 56.1802
13011.0000 0.0634 78.9226 50.0000 35.4866 43.8074 55.2304
13012.0000 0.0712 79.6426 50.0000 34.7825 44.5279 56.1283
13013.0000 0.0752 79.8825 50.0000 34.7930 44.2782 56.6579
13014.0000 0.0646 78.8264 50.0000 35.2434 43.8650 55.2029
13015.0000 0.0649 78.8746 50.0000 35.7072 43.2874 55.4292
13016.0000 0.0548 78.8537 50.0000 36.2104 43.9595 54.5368
13017.0000 0.0484 78.8490 50.0000 36.8194 44.0771 54.0250
13018.0000 0.0547 79.0129 50.0000 36.6040 43.6477 54.7545
13019.0000 0.0559 79.4717 50.0000 36.4125 44.2500 55.0619
13020.0000 0.0517 79.3199 50.0000 36.5645 44.4808 54.5540
13021.0000 0.0482 79.3691 50.0000 36.9250 44.5843 54.2977
13022.0000 0.0440 78.7985 50.0000 37.0559 44.3743 53.5442
13023.0000 0.0487 79.0920 50.0000 36.5931 44.6227 54.0861
13024.0000 0.0444 78.7047 50.0000 36.6131 44.8273 53.3331
13025.0000 0.0481 78.3413 50.0000 36.3212 44.1994 53.5214
13026.0000 0.0492 78.1933 50.0000 35.9306 44.3856 53.4144
13027.0000 0.0560 78.5575 50.0000 35.6289 44.2182 54.2827
13028.0000 0.0597 78.7364 50.0000 36.0657 43.3435 54.9548
13029.0000 0.0602 78.5383 50.0000 36.7770 42.2092 55.0826
13030.0000 0.0634 78.6395 50.0000 36.7570 41.9597 55.4299
13031.0000 0.0639 78.3856 50.0000 36.9329 41.4351 55.3480
13032.0000 0.0592 78.2515 50.0000 36.9487 41.8135 54.8609
13033.0000 0.0523 78.2093 50.0000 37.0130 42.5491 54.1877
13034.0000 0.0530 77.0077 49.0000 36.3083 41.9713 53.3882
13035.0000 0.0529 78.3047 50.0000 36.8927 42.7237 54.2701
13036.0000 0.0474 78.3237 50.0000 37.0131 43.3448 53.7201
13037.0000 0.0625 77.1555 49.0000 36.0276 41.3175 54.2941
13038.0000 0.0577 78.5274 50.0000 36.2021 43.2019 54.6769
13039.0000 0.0654 78.3812 50.0000 36.1783 42.1306 55.3151
13040.0000 0.0655 78.4273 50.0000 36.2744 42.0504 55.3784
13041.0000 0.0681 78.4252 50.0000 36.0998 41.9540 55.5624
13042.0000 0.0698 78.4168 50.0000 35.8841 42.0068 55.6503
13043.0000 0.0623 78.1462 50.0000 35.9361 42.5240 54.8372
13044.0000 0.0634 78.0176 50.0000 35.7872 42.4265 54.8271
13045.0000 0.0629 78.1505 50.0000 36.2377 42.1034 54.9694
13046.0000 0.0644 78.3968 50.0000 35.8941 42.5970 55.1649
13047.0000 0.0598 78.0702 50.0000 35.7599 42.9724 54.4937
13048.0000 0.0580 78.3201 50.0000 36.4893 42.5853 54.6723
13049.0000 0.0623 78.4043 50.0000 36.2483 42.4316 55.0713
13050.0000 0.0552 77.0558 49.0000 35.9647 42.1651 53.5373
13051.0000 0.0560 78.1584 50.0000 36.1934 43.0210 54.2951
13052.0000 0.0528 78.2017 50.0000 36.8051 42.7359 54.1713
13053.0000 0.0510 77.7682 50.0000 36.6180 42.7111 53.6915
13054.0000 0.0593 78.2327 50.0000 36.1622 42.7148 54.6634
13055.0000 0.0719 78.7823 50.0000 35.6202 42.4614 55.9901
13056.0000 0.0785 79.1645 50.0000 36.0176 41.6921 56.8464
13057.0000 0.0746 78.5229 50.0000 35.5973 41.9099 56.0557
13058.0000 0.0770 78.6227 50.0000 35.3955 41.9896 56.2634
13059.0000 0.0649 78.6544 50.0000 35.9430 42.7554 55.3768
13060.0000 0.0720 79.2854 50.0000 35.2730 43.4180 56.1860
13061.0000 0.0806 79.5355 50.0000 35.0552 42.9591 57.0223
13062.0000 0.0761 79.1533 50.0000 35.5911 42.4281 56.5542
13063.0000 0.0743 78.8773 50.0000 35.9563 41.9092 56.3239
13064.0000 0.0853 78.9680 50.0000 35.0885 41.8263 57.0553
13065.0000 0.0857 79.1348 50.0000 35.2374 41.7882 57.2223
13066.0000 0.0870 78.9805 50.0000 34.9412 41.8337 57.1575
13067.0000 0.0875 79.0228 50.0000 34.9440 41.8211 57.2234
13068.0000 0.0839 78.6174 50.0000 35.2517 41.4245 56.7628
13069.0000 0.0919 78.8880 50.0000 34.9070 41.2873 57.4472
13070.0000 0.0867 78.8861 50.0000 35.8437 40.7656 57.2400
13071.0000 0.0772 78.7336 50.0000 35.8998 41.5164 56.4497
13072.0000 0.0906 79.0589 50.0000 35.1963 41.2619 57.5237
13073.0000 0.0903 78.5665 50.0000 35.4519 40.5232 57.2165
13074.0000 0.0863 78.6987 50.0000 35.0462 41.4931 56.9524
13075.0000 0.0791 78.4117 50.0000 35.4432 41.4927 56.3075
13076.0000 0.0739 78.0512 50.0000 35.1943 41.9535 55.6171
13077.0000 0.0706 78.1080 50.0000 35.1811 42.4066 55.3609
13078.0000 0.0702 77.9055 50.0000 35.1573 42.2649 55.1988
13079.0000 0.0699 78.3031 50.0000 35.2423 42.6316 55.4248
13080.0000 0.0625 78.2337 50.0000 35.8548 42.7025 54.8766
13081.0000 0.0665 79.0963 50.0000 35.9875 43.0018 55.7850
13082.0000 0.0677 79.1681 50.0000 35.3469 43.7158 55.7416
13083.0000 0.0683 79.1632 50.0000 35.3238 43.6688 55.7859
13084.0000 0.0690 79.3815 50.0000 35.3068 43.8398 55.9726
13085.0000 0.0671 79.0376 50.0000 35.1123 43.9499 55.5201
13086.0000 0.0732 79.2414 50.0000 35.4180 43.0531 56.3134
13087.0000 0.0668 78.9157 50.0000 35.5019 43.3522 55.5687
13088.0000 0.0672 78.6086 50.0000 35.3106 43.2083 55.3670
13089.0000 0.0655 78.5442 50.0000 35.4976 43.1093 55.2332
13090.0000 0.0714 78.6983 50.0000 35.4627 42.6163 55.8539
13091.0000 0.0809 78.8324 50.0000 34.9663 42.2855 56.6025
13092.0000 0.0722 78.0764 50.0000 35.0942 42.2957 55.4562
13093.0000 0.0799 78.3513 50.0000 34.9755 41.8751 56.2327
13094.0000 0.0820 78.7023 50.0000 35.3963 41.5498 56.6989
13095.0000 0.0733 77.0427 49.0000 34.6746 41.5535 54.8321
13096.0000 0.0617 77.7270 50.0000 35.4317 42.7606 54.3840
13097.0000 0.0677 78.1849 50.0000 35.3602 42.6161 55.1941
13098.0000 0.0649 78.0051 50.0000 35.5377 42.5351 54.8875
13099.0000 0.0625 78.0533 50.0000 35.9295 42.4039 54.8023
13100.0000 0.0622 77.9845 50.0000 36.0946 42.1653 54.7800
13101.0000 0.0581 77.7899 50.0000 36.1094 42.4397 54.2794
13102.0000 0.0668 78.4081 50.0000 35.7479 42.4949 55.3543
13103.0000 0.0764 78.5095 50.0000 35.4971 41.8172 56.1696
13104.0000 0.0673 78.2623 50.0000 35.6395 42.4111 55.2820
13105.0000 0.0787 78.9508 50.0000 35.0559 42.5467 56.5163
13106.0000 0.0796 79.1009 50.0000 34.9286 42.7554 56.6474
13107.0000 0.0725 79.0098 50.0000 34.9716 43.4192 55.9849
13108.0000 0.0699 78.8813 50.0000 35.5964 42.8262 55.8665
13109.0000 0.0676 78.3115 50.0000 35.4839 42.6220 55.2898
13110.0000 0.0608 77.7802 50.0000 35.6180 42.6935 54.3911
13111.0000 0.0608 78.0628 50.0000 35.8135 42.7684 54.6082
13112.0000 0.0668 77.8729 50.0000 35.1522 42.6385 54.8677
13113.0000 0.0671 78.2967 50.0000 35.0601 43.1764 55.1086
13114.0000 0.0715 78.6475 50.0000 34.7785 43.3779 55.6259
13115.0000 0.0730 78.3809 50.0000 34.2521 43.5710 55.4250
13116.0000 0.0713 78.3088 50.0000 34.4877 43.3996 55.3114
13117.0000 0.0675 78.4424 50.0000 34.2673 44.3260 54.9013
13118.0000 0.0687 78.6343 50.0000 34.4889 44.0939 55.2231
13119.0000 0.0673 78.6186 50.0000 34.4968 44.2416 55.0775
13120.0000 0.0711 78.6353 50.0000 34.4371 43.8464 55.4535
13121.0000 0.0654 78.7065 50.0000 35.0036 43.9282 55.1341
13122.0000 0.0614 78.2099 50.0000 35.0894 43.7891 54.4797
13123.0000 0.0610 78.9485 50.0000 35.0134 44.8012 54.7703
13124.0000 0.0648 79.0032 50.0000 34.6875 44.7845 55.0693
13125.0000 0.0638 78.7253 50.0000 35.3625 43.7017 55.1119
13126.0000 0.0782 76.7343 49.0000 35.1074 40.2291 55.1112
13127.0000 0.0574 78.5831 50.0000 36.0509 43.4955 54.6239
13128.0000 0.0533 78.3450 50.0000 36.1795 43.6239 54.0919
13129.0000 0.0543 78.2172 50.0000 36.0836 43.4637 54.1000
13130.0000 0.0669 76.2823 49.0000 36.0007 39.9388 54.1095
13131.0000 0.0471 77.8530 50.0000 36.2314 43.8772 53.1334
13132.0000 0.0459 77.5591 50.0000 36.4113 43.4680 52.9167
13133.0000 0.0420 78.0051 50.0000 36.6379 44.3301 52.7001
13134.0000 0.0460 78.2228 50.0000 36.5727 44.0255 53.3198
13135.0000 0.0421 78.1093 50.0000 36.7434 44.2887 52.8156
13136.0000 0.0533 78.2055 50.0000 35.5501 44.3119 53.7471
13137.0000 0.0577 78.3360 50.0000 34.9013 44.7294 54.0157
13138.0000 0.0541 77.9763 50.0000 34.6334 45.2638 53.2167
13139.0000 0.0500 77.8374 50.0000 34.9039 45.3815 52.7342
13140.0000 0.0698 75.2835 49.0000 35.2824 39.3832 53.5884
13141.0000 0.0547 78.0936 50.0000 35.5006 44.0298 53.8489
13142.0000 0.0775 75.9217 49.0000 35.2469 39.3065 54.5597
13143.0000 0.0605 78.6955 50.0000 34.8037 44.8810 54.4737
13144.0000 0.0597 78.9649 50.0000 34.5042 45.7788 54.3066
13145.0000 0.0553 79.2203 50.0000 35.0661 45.9615 54.1642
13146.0000 0.0503 78.8341 50.0000 35.2938 45.9991 53.4158
13147.0000 0.0474 78.6725 50.0000 35.8067 45.4842 53.2769
13148.0000 0.0480 78.6637 50.0000 35.4202 46.0083 53.0719
13149.0000 0.0466 78.6318 50.0000 35.7691 45.6483 53.1014
13150.0000 0.0440 78.6445 50.0000 36.1938 45.4707 52.9847
13151.0000 0.0487 78.3474 50.0000 35.7766 44.8863 53.3251
13152.0000 0.0670 75.9176 49.0000 36.1816 39.3437 53.9115
13153.0000 0.0450 78.7568 50.0000 36.2188 45.3773 53.2140
13154.0000 0.0575 75.8749 49.0000 36.7614 39.6890 53.2014
13155.0000 0.0440 78.8678 50.0000 37.0851 44.4248 53.5842
13156.0000 0.0448 78.8674 50.0000 36.8892 44.5682 53.5998
13157.0000 0.0479 78.9146 50.0000 36.2449 45.0383 53.7157
13158.0000 0.0475 79.3687 50.0000 36.3236 45.5526 53.8976
13159.0000 0.0479 79.1303 50.0000 36.4637 44.9785 53.9345
13160.0000 0.0499 79.5129 50.0000 35.6985 46.3103 53.8820
13161.0000 0.0462 79.4267 50.0000 36.1330 46.1834 53.5733
13162.0000 0.0507 79.6688 50.0000 35.6304 46.4638 54.0251
13163.0000 0.0455 79.3986 50.0000 35.7043 47.0463 53.0658
13164.0000 0.0471 79.2362 50.0000 35.8596 46.1989 53.4615
13165.0000 0.0385 79.1025 50.0000 36.8116 46.1584 52.6451
13166.0000 0.0381 79.4906 50.0000 37.1329 46.2436 52.9285
13167.0000 0.0405 79.3686 50.0000 36.8319 46.0652 53.1110
13168.0000 0.0392 79.6182 50.0000 36.6316 47.1007 52.7134
13169.0000 0.0367 79.5177 50.0000 36.9141 47.0111 52.4440
13170.0000 0.0423 79.4174 50.0000 36.8012 45.8279 53.4097
13171.0000 0.0377 79.1397 50.0000 37.1331 45.8324 52.7600
13172.0000 0.0426 79.5862 50.0000 36.7313 46.1186 53.4588
13173.0000 0.0436 79.3314 50.0000 36.4778 45.9867 53.3673
13174.0000 0.0391 79.3093 50.0000 37.3850 45.3795 53.2262
13175.0000 0.0436 79.9081 50.0000 37.1263 45.7225 54.0037
13176.0000 0.0447 80.1047 50.0000 37.1598 45.7288 54.2660
13177.0000 0.0457 80.0962 50.0000 37.2574 45.4062 54.4570
13178.0000 0.0481 79.8879 50.0000 37.0065 45.1099 54.5683
13179.0000 0.0509 79.7818 50.0000 37.0444 44.4961 54.8903
13180.0000 0.0468 79.6414 50.0000 36.5474 45.6945 54.0282
13181.0000 0.0450 79.8935 50.0000 36.7278 46.0641 53.9642
13182.0000 0.0432 79.6359 50.0000 36.4675 46.4951 53.3873
13183.0000 0.0450 79.1124 50.0000 36.1742 45.9305 53.2972
13184.0000 0.0426 79.1747 50.0000 36.4615 46.0098 53.1252
13185.0000 0.0409 78.7650 50.0000 36.4271 45.8460 52.6796
13186.0000 0.0387 79.2299 50.0000 36.7905 46.3445 52.6880
13187.0000 0.0316 79.2362 50.0000 37.7109 46.3534 52.0348
13188.0000 0.0363 79.3236 50.0000 37.2804 46.1556 52.6505
13189.0000 0.0317 79.1097 50.0000 37.7457 46.0908 52.0504
13190.0000 0.0313 78.5416 50.0000 37.3136 46.1620 51.4349
13191.0000 0.0288 78.3218 50.0000 37.3704 46.4098 50.8319
13192.0000 0.0360 78.2707 50.0000 36.5844 45.9541 51.7311
13193.0000 0.0367 77.8656 50.0000 36.2992 45.7314 51.5176
13194.0000 0.0369 78.0587 50.0000 36.2866 46.0121 51.5687
13195.0000 0.0324 77.7354 50.0000 36.5698 46.1323 50.7667
13196.0000 0.0341 77.6935 50.0000 36.6689 45.4157 51.2745
13197.0000 0.0391 77.7151 50.0000 36.1375 45.2905 51.7927
13198.0000 0.0413 77.9672 50.0000 36.4817 44.6368 52.4931
13199.0000 0.0386 77.7201 50.0000 37.0415 43.9710 52.2961
13200.0000 0.0459 78.3722 50.0000 36.6885 44.0570 53.4334
13201.0000 0.0406 78.4012 50.0000 37.1053 44.3741 52.9234
13202.0000 0.0379 78.6313 50.0000 37.2064 44.9995 52.6651
13203.0000 0.0550 75.7216 49.0000 36.4577 40.1531 52.8424
13204.0000 0.0374 78.3116 50.0000 36.6606 45.5603 52.0862
13205.0000 0.0357 78.3393 50.0000 37.0891 45.2426 52.1014
13206.0000 0.0406 78.2775 50.0000 36.1263 45.7554 52.2370
13207.0000 0.0431 78.2979 50.0000 36.1434 45.2509 52.6932
13208.0000 0.0418 78.1546 50.0000 36.3470 44.9840 52.5688
13209.0000 0.0407 77.9763 50.0000 36.6998 44.4142 52.5434
13210.0000 0.0366 77.7318 50.0000 36.9363 44.4946 51.9439
13211.0000 0.0429 78.5069 50.0000 37.0255 44.2475 53.2410
13212.0000 0.0382 78.2884 50.0000 37.2332 44.4770 52.5791
13213.0000 0.0369 78.1233 50.0000 37.3460 44.3247 52.3817
13214.0000 0.0332 78.3462 50.0000 38.1785 44.0936 52.3095
13215.0000 0.0309 78.1137 50.0000 38.1655 44.2420 51.8440
13216.0000 0.0282 78.2608 50.0000 38.6842 44.2045 51.7131
13217.0000 0.0377 78.1659 50.0000 38.0342 43.3119 52.7956
13218.0000 0.0443 78.8314 50.0000 37.3987 43.8987 53.7460
13219.0000 0.0434 78.2680 50.0000 37.1911 43.6486 53.2681
13220.0000 0.0438 77.9920 50.0000 37.3128 43.1048 53.2211
13221.0000 0.0486 78.4936 50.0000 37.3885 42.9092 54.0568
13222.0000 0.0399 77.9645 50.0000 37.3076 43.6790 52.7139
13223.0000 0.0419 78.0369 50.0000 37.4658 43.2493 53.0619
13224.0000 0.0407 78.0825 50.0000 37.3163 43.6728 52.8872
13225.0000 0.0438 78.4693 50.0000 36.8954 44.2217 53.2973
13226.0000 0.0429 78.4327 50.0000 36.8606 44.3871 53.1297
13227.0000 0.0403 78.1132 50.0000 37.2303 43.8930 52.8108
13228.0000 0.0384 78.0588 50.0000 37.6028 43.6377 52.6778
13229.0000 0.0374 77.9457 50.0000 37.6667 43.5758 52.5157
13230.0000 0.0340 77.4738 50.0000 37.5989 43.6758 51.7778
13231.0000 0.0317 77.2960 50.0000 37.6602 43.7759 51.3814
13232.0000 0.0336 76.9675 50.0000 37.4068 43.3822 51.4074
13233.0000 0.0375 77.0469 50.0000 37.0160 43.3610 51.8253
13234.0000 0.0458 76.9691 50.0000 36.4274 42.7665 52.6147
13235.0000 0.0430 76.6819 50.0000 36.5596 42.6592 52.1891
13236.0000 0.0401 76.5734 50.0000 37.0881 42.2851 51.9608
13237.0000 0.0443 76.4870 50.0000 36.5952 42.1924 52.2576
13238.0000 0.0379 76.0480 50.0000 36.7426 42.4512 51.2951
13239.0000 0.0393 76.0552 50.0000 36.2654 42.8888 51.2813
13240.0000 0.0467 76.0410 50.0000 35.9738 42.1348 52.0843
13241.0000 0.0487 76.1865 50.0000 35.8259 42.2102 52.3371
13242.0000 0.0482 76.2942 50.0000 35.6738 42.6168 52.2684
13243.0000 0.0486 76.5602 50.0000 35.5607 43.0209 52.4032
13244.0000 0.0545 76.5303 50.0000 35.0129 42.8788 52.8431
13245.0000 0.0534 76.4419 50.0000 35.1109 42.7923 52.7201
13246.0000 0.0512 76.1765 50.0000 35.1580 42.7370 52.3481
13247.0000 0.0503 75.9744 50.0000 35.1446 42.6457 52.1373
13248.0000 0.0477 76.0032 50.0000 35.3113 42.8369 51.9096
13249.0000 0.0556 76.3633 50.0000 35.3209 42.1324 52.9967
13250.0000 0.0602 76.3608 50.0000 35.5825 41.2384 53.5188
13251.0000 0.0641 76.3696 50.0000 35.2085 41.2404 53.7765
13252.0000 0.0649 76.4097 50.0000 34.9989 41.4444 53.8134
13253.0000 0.0593 76.4412 50.0000 35.0752 42.0598 53.3289
13254.0000 0.0654 76.5461 50.0000 34.9868 41.5436 53.9384
13255.0000 0.0826 76.9929 50.0000 34.2934 40.9560 55.4479
13256.0000 0.0932 77.5388 50.0000 33.9655 40.8340 56.4907
13257.0000 0.0864 77.1749 50.0000 34.2043 40.8641 55.8225
13258.0000 0.0739 76.9715 50.0000 34.4671 41.6624 54.7803
13259.0000 0.0795 76.9239 50.0000 34.0218 41.5222 55.0973
13260.0000 0.0717 76.8505 50.0000 34.2044 42.0964 54.4421
13261.0000 0.0625 76.1255 50.0000 34.4188 42.1363 53.2444
13262.0000 0.0598 76.0058 50.0000 34.7715 41.8933 53.0356
13263.0000 0.0648 75.7025 50.0000 34.2724 41.5615 53.1875
13264.0000 0.0602 75.6633 50.0000 34.6098 41.6538 52.8400
13265.0000 0.0572 75.6086 50.0000 34.6826 41.8778 52.5359
13266.0000 0.0610 75.7694 50.0000 34.4707 41.8567 52.9225
13267.0000 0.0516 75.3379 50.0000 35.0835 41.7969 51.9420
13268.0000 0.0697 75.9482 50.0000 34.5886 40.8879 53.8511
13269.0000 0.0708 75.7504 50.0000 34.9079 40.1850 53.8955
13270.0000 0.0632 75.5588 50.0000 35.3821 40.2653 53.2536
13271.0000 0.0665 75.1833 50.0000 34.9927 39.9524 53.2150
13272.0000 0.0593 75.2613 50.0000 35.4060 40.3642 52.7391
13273.0000 0.0574 75.2974 50.0000 35.0977 40.9929 52.5112
13274.0000 0.0536 75.5537 50.0000 36.2211 40.3992 52.5767
13275.0000 0.0552 75.6018 50.0000 35.6671 40.9074 52.6315
13276.0000 0.0623 75.6311 50.0000 35.3222 40.5166 53.2053
13277.0000 0.0595 75.6598 50.0000 35.2657 40.9339 52.9636
13278.0000 0.0533 75.1966 50.0000 35.6942 40.6569 52.2252
13279.0000 0.0480 75.0536 50.0000 36.3281 40.4133 51.7694
13280.0000 0.0545 75.4598 50.0000 36.2501 40.1601 52.6048
13281.0000 0.0560 75.8502 50.0000 36.1604 40.5075 52.9606
13282.0000 0.0524 75.7307 50.0000 36.7504 40.1361 52.6653
13283.0000 0.0520 75.7283 50.0000 36.9146 39.9912 52.6573
13284.0000 0.0416 75.3771 50.0000 37.5505 40.1787 51.5494
13285.0000 0.0438 75.5307 50.0000 36.9823 40.7151 51.7637
13286.0000 0.0398 75.3596 50.0000 37.0620 40.9642 51.2582
13287.0000 0.0438 75.2857 50.0000 36.5836 40.9147 51.5322
13288.0000 0.0360 75.2180 50.0000 37.3911 40.9435 50.8260
13289.0000 0.0306 74.7459 50.0000 37.9611 40.5342 50.0288
13290.0000 0.0314 74.6216 50.0000 37.9611 40.2651 50.0607
13291.0000 0.0297 74.2522 50.0000 38.1964 39.8451 49.6668
13292.0000 0.0358 74.2997 50.0000 37.6117 39.6870 50.3066
13293.0000 0.0368 74.2705 50.0000 37.4597 39.6933 50.3718
13294.0000 0.0413 74.3355 50.0000 37.3063 39.3570 50.8433
13295.0000 0.0406 74.5081 50.0000 37.6278 39.2763 50.9213
13296.0000 0.0458 73.5041 49.0000 37.0022 38.2582 50.6951
13297.0000 0.0319 74.2491 50.0000 38.1104 39.6253 49.9035
13298.0000 0.0332 74.1971 50.0000 38.3326 39.1496 50.0313
13299.0000 0.0369 74.4866 50.0000 38.5602 38.7463 50.5974
13300.0000 0.0339 74.3474 50.0000 38.5874 38.9561 50.2093
13301.0000 0.0247 74.1983 50.0000 39.0961 39.5632 49.1083
13302.0000 0.0239 74.1794 50.0000 38.6548 40.1348 48.9651
13303.0000 0.0196 74.1974 50.0000 39.1106 40.3816 48.4246
13304.0000 0.0197 74.0814 50.0000 38.8716 40.4983 48.3420
13305.0000 0.0142 74.1740 50.0000 39.2799 41.2029 47.5520
13306.0000 0.0154 74.3237 50.0000 39.1961 41.2208 47.8386
13307.0000 0.0112 74.3370 50.0000 39.7821 41.4607 47.1634
13308.0000 0.0192 73.6037 49.0000 37.6953 41.4972 47.6923
13309.0000 0.0132 74.0643 50.0000 38.6648 42.1311 47.0693
13310.0000 0.0114 74.0869 50.0000 39.1603 41.9075 46.8946
13311.0000 0.0102 73.7903 50.0000 39.1535 41.8785 46.4566
13312.0000 0.0114 73.3722 50.0000 38.4007 42.0829 46.2373
13313.0000 0.0158 73.5740 50.0000 37.9485 41.8589 47.1263
13314.0000 0.0151 73.0185 50.0000 37.8368 41.4657 46.6976
13315.0000 0.0141 72.9335 50.0000 37.8850 41.5125 46.4837
13316.0000 0.0149 72.8346 50.0000 37.7265 41.4222 46.5381
13317.0000 0.0146 73.1058 50.0000 37.8955 41.6170 46.6521
13318.0000 0.0151 73.0868 50.0000 38.1782 41.0652 46.8802
13319.0000 0.0148 73.0804 50.0000 37.8222 41.6349 46.6557
13320.0000 0.0158 73.0718 50.0000 38.0944 41.0032 46.9791
13321.0000 0.0139 72.8985 50.0000 38.7498 40.3774 46.7152
13322.0000 0.0092 73.1450 50.0000 39.7529 40.5776 46.0799
13323.0000 0.0095 72.9550 50.0000 39.8007 40.2382 46.0349
13324.0000 0.0105 72.9308 50.0000 39.7533 40.0342 46.2151
13325.0000 0.0101 72.7772 50.0000 39.5423 40.1742 46.0323
13326.0000 0.0113 72.8576 50.0000 39.5949 39.9506 46.3079
13327.0000 0.0129 73.2711 50.0000 39.2172 40.4879 46.8123
13328.0000 0.0117 73.4199 50.0000 39.2480 40.8853 46.6741
13329.0000 0.0109 73.6394 50.0000 39.3776 41.1923 46.6407
13330.0000 0.0113 73.7311 50.0000 39.5868 40.9573 46.8151
13331.0000 0.0102 73.5221 50.0000 39.8364 40.6705 46.5239
13332.0000 0.0123 73.6145 50.0000 39.4282 40.7626 46.9354
13333.0000 0.0173 73.7241 50.0000 38.5477 40.9128 47.7018
13334.0000 0.0170 73.8300 50.0000 38.3922 41.2949 47.6617
13335.0000 0.0187 73.7056 50.0000 37.8704 41.4721 47.7327
13336.0000 0.0203 73.8772 50.0000 38.0288 41.1681 48.1336
13337.0000 0.0211 73.6753 50.0000 37.8754 40.9493 48.1316
13338.0000 0.0181 73.3135 50.0000 38.0069 40.9323 47.4857
13339.0000 0.0194 73.5472 50.0000 38.3948 40.4807 47.9202
13340.0000 0.0195 73.5286 50.0000 38.3076 40.5391 47.9121
13341.0000 0.0181 73.4790 50.0000 38.5797 40.4193 47.7184
13342.0000 0.0189 73.5035 50.0000 38.9239 39.9231 47.8940
13343.0000 0.0238 73.3230 50.0000 38.3347 39.5538 48.3963
13344.0000 0.0257 73.4461 50.0000 37.9472 39.8295 48.6617
13345.0000 0.0261 73.9180 50.0000 37.9659 40.2773 48.9919
13346.0000 0.0298 74.0186 50.0000 37.4329 40.4329 49.4237
13347.0000 0.0317 73.7988 50.0000 37.4053 39.9441 49.5133
13348.0000 0.0296 73.7169 50.0000 37.5089 40.0418 49.2332
13349.0000 0.0328 73.9841 50.0000 37.4846 39.9021 49.7632
13350.0000 0.0358 74.1205 50.0000 37.4114 39.7157 50.1686
13351.0000 0.0269 73.7350 50.0000 37.4841 40.5023 48.9015
13352.0000 0.0241 73.6713 50.0000 37.5064 40.8840 48.4689
13353.0000 0.0284 73.7238 50.0000 37.2946 40.4789 49.0487
13354.0000 0.0292 73.8210 50.0000 36.7151 41.2044 49.0279
13355.0000 0.0271 73.9207 50.0000 37.6177 40.5371 49.0502
13356.0000 0.0245 73.5448 50.0000 37.9030 40.1746 48.5613
13357.0000 0.0251 73.6251 50.0000 37.6765 40.4355 48.6427
13358.0000 0.0360 73.9207 50.0000 37.1886 39.7243 50.0325
13359.0000 0.0356 73.6165 50.0000 37.1111 39.5245 49.7993
13360.0000 0.0287 73.9662 50.0000 38.2058 39.6640 49.3770
13361.0000 0.0241 73.7977 50.0000 38.2157 40.1664 48.7065
13362.0000 0.0236 73.3272 50.0000 38.2120 39.7178 48.3654
13363.0000 0.0273 73.2469 50.0000 37.7251 39.5984 48.7226
13364.0000 0.0363 73.3092 50.0000 37.0450 39.1760 49.6705
13365.0000 0.0319 73.1876 50.0000 37.1986 39.4599 49.1487
13366.0000 0.0318 73.1901 50.0000 37.1909 39.4835 49.1395
13367.0000 0.0354 73.2856 50.0000 37.3767 38.9024 49.6021
13368.0000 0.0372 73.1411 50.0000 36.5310 39.4496 49.5866
13369.0000 0.0450 73.5258 50.0000 36.2455 39.1953 50.5573
13370.0000 0.0472 73.6593 50.0000 36.1700 39.1594 50.8327
13371.0000 0.0387 73.4104 50.0000 36.3602 39.7483 49.8709
13372.0000 0.0425 73.6326 50.0000 35.9253 40.0018 50.3089
13373.0000 0.0394 73.2422 50.0000 36.3834 39.4434 49.8486
13374.0000 0.0425 73.4839 50.0000 35.9159 39.8549 50.2148
13375.0000 0.0459 73.8094 50.0000 36.0412 39.6317 50.7759
13376.0000 0.0473 73.9885 50.0000 35.9596 39.7468 51.0039
13377.0000 0.0419 74.2071 50.0000 36.7383 39.7748 50.7440
13378.0000 0.0428 74.3663 50.0000 36.4636 40.1576 50.8736
13379.0000 0.0452 74.9533 50.0000 36.7406 40.1789 51.5149
13380.0000 0.0433 75.0440 50.0000 36.8038 40.4426 51.3953
13381.0000 0.0421 74.8778 50.0000 37.1487 40.0135 51.2404
13382.0000 0.0396 74.5348 50.0000 36.2263 41.0706 50.5599
13383.0000 0.0395 74.4424 50.0000 36.4463 40.6983 50.5667
13384.0000 0.0319 73.8226 50.0000 37.1599 40.2223 49.5084
13385.0000 0.0335 73.9387 50.0000 37.0478 40.2503 49.7424
13386.0000 0.0307 73.9588 50.0000 37.1466 40.5856 49.4251
13387.0000 0.0263 74.0161 50.0000 37.7679 40.5821 49.0415
13388.0000 0.0298 73.7782 50.0000 36.9126 40.8030 49.1507
13389.0000 0.0303 73.8011 50.0000 36.8266 40.8558 49.2057
13390.0000 0.0336 73.8332 50.0000 36.4910 40.8045 49.5453
13391.0000 0.0330 74.0103 50.0000 36.4798 41.1201 49.5569
13392.0000 0.0360 74.2745 50.0000 36.1333 41.4145 49.9592
13393.0000 0.0397 74.5012 50.0000 35.8658 41.4760 50.4363
13394.0000 0.0371 74.3193 50.0000 35.8062 41.7503 49.9819
13395.0000 0.0437 74.4839 50.0000 35.5397 41.3047 50.7810
13396.0000 0.0493 74.1906 50.0000 35.1655 40.6811 51.1144
13397.0000 0.0514 74.4456 50.0000 35.1291 40.7448 51.4583
13398.0000 0.0528 74.4365 50.0000 34.9502 40.7820 51.5373
13399.0000 0.0520 74.2233 50.0000 35.2852 40.2326 51.4333
13400.0000 0.0433 74.1310 50.0000 36.0020 40.3770 50.6849
13401.0000 0.0426 73.9729 50.0000 36.0631 40.2126 50.5410
13402.0000 0.0463 74.1977 50.0000 35.5858 40.5553 50.9335
13403.0000 0.0494 74.4164 50.0000 35.2822 40.7748 51.2873
13404.0000 0.0493 74.8414 50.0000 35.7567 40.6874 51.6451
13405.0000 0.0474 74.7442 50.0000 35.8287 40.7401 51.4126
13406.0000 0.0419 74.4382 50.0000 35.6719 41.3362 50.5953
13407.0000 0.0389 74.3520 50.0000 36.0590 41.1769 50.3232
13408.0000 0.0419 74.1354 50.0000 36.1347 40.4078 50.5723
13409.0000 0.0435 74.3498 50.0000 36.2249 40.3225 50.8895
13410.0000 0.0430 74.6410 50.0000 36.5074 40.3833 51.0655
13411.0000 0.0503 75.0230 50.0000 36.2689 40.1611 51.9624
13412.0000 0.0426 74.8775 50.0000 36.2867 40.9713 51.1006
13413.0000 0.0446 74.9480 50.0000 36.6425 40.3513 51.4423
13414.0000 0.0502 75.1221 50.0000 36.6306 39.8701 52.0759
13415.0000 0.0533 74.8053 50.0000 36.0623 39.8044 52.0668
13416.0000 0.0564 74.7177 50.0000 35.3708 40.1494 52.1504
13417.0000 0.0591 74.8894 50.0000 35.6510 39.7058 52.5441
13418.0000 0.0551 74.9739 50.0000 35.2125 40.7723 52.1419
13419.0000 0.0489 74.9067 50.0000 35.3553 41.3143 51.5184
13420.0000 0.0488 74.7703 50.0000 35.1550 41.4209 51.3715
13421.0000 0.0556 74.9801 50.0000 35.5939 40.2620 52.2882
13422.0000 0.0546 74.9125 50.0000 35.4378 40.4920 52.1195
13423.0000 0.0528 74.8936 50.0000 35.4812 40.6445 51.9439
13424.0000 0.0531 75.2010 50.0000 35.4576 40.9719 52.1464
13425.0000 0.0562 75.0752 50.0000 35.1935 40.7759 52.2974
13426.0000 0.0641 75.2527 50.0000 35.1284 40.1350 53.0862
13427.0000 0.0598 75.3618 50.0000 35.4644 40.3493 52.8546
13428.0000 0.0674 75.8345 50.0000 34.6693 40.9264 53.6092
13429.0000 0.0602 75.7934 50.0000 35.0560 41.2532 53.0462
13430.0000 0.0521 75.2338 50.0000 35.6754 40.8737 52.1222
13431.0000 0.0599 75.5847 50.0000 35.1289 40.9662 52.9223
13432.0000 0.0543 75.1672 50.0000 35.4017 40.8546 52.2277
13433.0000 0.0554 75.1419 50.0000 35.4789 40.6036 52.3345
13434.0000 0.0587 74.9814 50.0000 35.9226 39.5385 52.6164
13435.0000 0.0563 74.6856 50.0000 35.8650 39.5527 52.2228
13436.0000 0.0518 74.3789 50.0000 35.4306 40.2565 51.5394
13437.0000 0.0597 74.5259 50.0000 35.2857 39.6599 52.3079
13438.0000 0.0535 74.3544 50.0000 35.7510 39.6507 51.7520
13439.0000 0.0601 74.5996 50.0000 35.1862 39.8089 52.3668
13440.0000 0.0619 74.7590 50.0000 35.7392 39.1631 52.7055
13441.0000 0.0699 75.6307 50.0000 35.8287 39.1388 53.8931
13442.0000 0.0750 75.5807 50.0000 35.9237 38.4797 54.2332
13443.0000 0.0790 75.7390 50.0000 35.9903 38.1864 54.6160
13444.0000 0.0744 75.1795 50.0000 36.1194 37.9324 53.9304
13445.0000 0.0708 75.1179 50.0000 36.0124 38.3285 53.6352
13446.0000 0.0690 75.0945 50.0000 35.9470 38.5462 53.4901
13447.0000 0.0625 74.8418 50.0000 35.5596 39.3841 52.7798
13448.0000 0.0539 74.1903 50.0000 35.5730 39.6322 51.6532
13449.0000 0.0584 74.3646 50.0000 35.4045 39.5002 52.1186
13450.0000 0.0608 74.3442 50.0000 35.3133 39.3188 52.2883
13451.0000 0.0740 74.6651 50.0000 34.7930 38.8564 53.4276
13452.0000 0.0725 74.6636 50.0000 34.5671 39.2592 53.2775
13453.0000 0.0711 74.7050 50.0000 34.4706 39.5495 53.1832
13454.0000 0.0746 74.8916 50.0000 34.3083 39.5752 53.5303
13455.0000 0.0732 74.8152 50.0000 34.4782 39.4445 53.4107
13456.0000 0.0820 75.3990 50.0000 34.2755 39.3908 54.3926
13457.0000 0.0853 75.3590 50.0000 34.0745 39.2608 54.5573
13458.0000 0.0924 75.7451 50.0000 33.6805 39.4088 55.2258
13459.0000 0.0908 75.7530 50.0000 33.5016 39.7696 55.0867
13460.0000 0.0965 75.9756 50.0000 33.4537 39.5150 55.6031
13461.0000 0.1037 76.0642 50.0000 33.9019 38.4766 56.1780
13462.0000 0.1040 76.1492 50.0000 33.5079 38.9534 56.2011
13463.0000 0.1051 76.1135 50.0000 33.2663 39.0783 56.2094
13464.0000 0.0976 76.0668 50.0000 34.1916 38.7092 55.8453
13465.0000 0.0989 75.9955 50.0000 33.6993 39.0488 55.8110
13466.0000 0.0945 75.7174 50.0000 33.8065 39.0516 55.3644
13467.0000 0.0839 75.6549 50.0000 34.1305 39.6345 54.6615
13468.0000 0.0776 75.3468 50.0000 34.7326 39.2653 54.1204
13469.0000 0.0823 75.2397 50.0000 34.5729 38.8818 54.3501
13470.0000 0.0871 75.4182 50.0000 34.1738 39.0392 54.7357
13471.0000 0.0793 75.6165 50.0000 34.4927 39.6444 54.3731
13472.0000 0.0839 75.6973 50.0000 34.2814 39.5137 54.7132
13473.0000 0.0824 76.1606 50.0000 34.3732 40.0332 54.9205
13474.0000 0.0711 75.7932 50.0000 35.0570 40.0291 53.9750
13475.0000 0.0685 75.9686 50.0000 35.5640 39.9186 53.9716
13476.0000 0.0724 75.8302 50.0000 35.5244 39.4235 54.1665
13477.0000 0.0777 76.2423 50.0000 35.2952 39.5586 54.7928
13478.0000 0.0752 76.1596 50.0000 35.1567 39.8836 54.5306
13479.0000 0.0689 75.3435 50.0000 35.5246 39.2754 53.5919
13480.0000 0.0654 75.2703 50.0000 35.7971 39.2626 53.3163
13481.0000 0.0655 75.4477 50.0000 35.5235 39.7372 53.3984
13482.0000 0.0817 76.1340 50.0000 34.9999 39.3828 54.9580
13483.0000 0.0744 75.9847 50.0000 35.0944 39.8521 54.3496
13484.0000 0.0705 75.8696 50.0000 35.3798 39.8168 54.0285
13485.0000 0.0744 75.9933 50.0000 35.1528 39.7904 54.3690
13486.0000 0.0631 75.6839 50.0000 35.7053 40.0389 53.3860
13487.0000 0.0607 75.5079 50.0000 35.7799 40.0429 53.0831
13488.0000 0.0609 75.2314 50.0000 35.7633 39.7430 52.9268
13489.0000 0.0631 75.4511 50.0000 36.3108 39.1346 53.3186
13490.0000 0.0627 75.4612 50.0000 36.2424 39.2544 53.2914
13491.0000 0.0684 75.3307 50.0000 36.1898 38.5914 53.6258
13492.0000 0.0632 75.4432 50.0000 36.4967 38.9156 53.3409
13493.0000 0.0519 75.0497 50.0000 37.0650 39.1170 52.2350
13494.0000 0.0513 75.5304 50.0000 37.1386 39.6156 52.4992
13495.0000 0.0458 75.2670 50.0000 37.4705 39.6282 51.8718
13496.0000 0.0400 75.3612 50.0000 37.7855 40.0996 51.4158
13497.0000 0.0360 74.7434 50.0000 37.1886 40.6507 50.5084
13498.0000 0.0342 74.9459 50.0000 37.4578 40.8180 50.4747
13499.0000 0.0330 74.7882 50.0000 37.1356 41.2118 50.1579
13500.0000 0.0268 74.3722 50.0000 37.6228 41.1093 49.2521
13501.0000 0.0273 73.8553 50.0000 37.8679 40.1273 49.0961
13502.0000 0.0243 73.3210 50.0000 37.6635 40.2285 48.3643
13503.0000 0.0299 73.5271 50.0000 37.3974 39.9118 49.1398
13504.0000 0.0237 73.5662 50.0000 37.6029 40.7072 48.3832
13505.0000 0.0252 73.6980 50.0000 37.4213 40.8290 48.6213
13506.0000 0.0274 73.3946 50.0000 37.3453 40.1980 48.7464
13507.0000 0.0297 73.3010 50.0000 36.7099 40.4987 48.8393
13508.0000 0.0297 73.2785 50.0000 36.9950 40.1313 48.8937
13509.0000 0.0344 73.3909 50.0000 36.8019 39.8017 49.4739
13510.0000 0.0353 73.7408 50.0000 37.0790 39.7458 49.8309
13511.0000 0.0364 73.6550 50.0000 36.4171 40.2763 49.7662
13512.0000 0.0317 73.7077 50.0000 36.3837 41.0979 49.1937
13513.0000 0.0321 73.9016 50.0000 36.8715 40.6392 49.5014
13514.0000 0.0355 73.7069 50.0000 36.3573 40.5312 49.6797
13515.0000 0.0312 73.8232 50.0000 36.9520 40.5867 49.3673
13516.0000 0.0275 73.5594 50.0000 36.9345 40.8969 48.7264
13517.0000 0.0304 73.4800 50.0000 36.2679 41.1812 48.8679
13518.0000 0.0354 73.5993 50.0000 35.9712 40.9228 49.4798
13519.0000 0.0385 73.7247 50.0000 36.4829 39.9750 50.0632
13520.0000 0.0429 73.9194 50.0000 35.2650 41.1059 50.3067
13521.0000 0.0374 73.8103 50.0000 35.0865 42.0988 49.4428
13522.0000 0.0405 74.5406 50.0000 35.1908 42.3331 50.2576
13523.0000 0.0401 74.3412 50.0000 35.0706 42.3329 50.0459
13524.0000 0.0372 74.1282 50.0000 35.1191 42.4849 49.5649
13525.0000 0.0421 74.4158 50.0000 35.1363 41.9975 50.3921
13526.0000 0.0498 74.7919 50.0000 34.5185 42.1547 51.2376
13527.0000 0.0346 74.2825 50.0000 35.2231 43.0367 49.2449
13528.0000 0.0348 74.5819 50.0000 35.0820 43.6526 49.2562
13529.0000 0.0348 74.6666 50.0000 35.1618 43.6284 49.3488
13530.0000 0.0251 74.3307 50.0000 36.1272 43.7048 48.0601
13531.0000 0.0306 74.8336 50.0000 36.0482 43.2508 49.2947
13532.0000 0.0330 74.9130 50.0000 35.9580 43.0124 49.6882
13533.0000 0.0312 74.8573 50.0000 36.1987 42.8988 49.5273
13534.0000 0.0248 74.7521 50.0000 37.1696 42.5677 48.9314
13535.0000 0.0280 74.5025 50.0000 37.0197 41.8464 49.2852
13536.0000 0.0270 74.6018 50.0000 37.4137 41.6080 49.3398
13537.0000 0.0285 74.8254 50.0000 37.0246 42.1566 49.5059
13538.0000 0.0311 75.0834 50.0000 36.4413 42.8504 49.7332
13539.0000 0.0279 75.0525 50.0000 37.1083 42.4254 49.5574
13540.0000 0.0333 75.0383 50.0000 36.5968 42.1753 50.1265
13541.0000 0.0291 75.0974 50.0000 36.7509 42.7847 49.5830
13542.0000 0.0304 75.0422 50.0000 36.6208 42.6587 49.7039
13543.0000 0.0345 75.1022 50.0000 36.7057 41.8980 50.3745
13544.0000 0.0324 75.0036 50.0000 36.5915 42.2843 49.9864
13545.0000 0.0371 74.9409 50.0000 36.3719 41.7292 50.5164
13546.0000 0.0400 75.2409 50.0000 36.1896 41.8829 50.9640
13547.0000 0.0441 75.1841 50.0000 36.1392 41.2967 51.3924
13548.0000 0.0453 75.3771 50.0000 36.1020 41.3993 51.6183
13549.0000 0.0331 74.9309 50.0000 36.4797 42.2270 50.0075
13550.0000 0.0322 74.6294 50.0000 36.4633 42.0407 49.7248
13551.0000 0.0300 74.6701 50.0000 37.0593 41.6425 49.6804
13552.0000 0.0273 74.7414 50.0000 36.9063 42.4518 49.2143
13553.0000 0.0257 74.8577 50.0000 36.7478 43.1951 48.8616
13554.0000 0.0265 74.9432 50.0000 37.1232 42.5456 49.2770
13555.0000 0.0235 74.8760 50.0000 37.3162 42.7837 48.8208
13556.0000 0.0285 75.2084 50.0000 36.9338 42.7777 49.6212
13557.0000 0.0355 75.4078 50.0000 36.8021 41.9833 50.6887
13558.0000 0.0387 75.5577 50.0000 36.9543 41.4783 51.2143
13559.0000 0.0276 75.3808 50.0000 37.4660 42.3921 49.8143
13560.0000 0.0258 75.0278 50.0000 37.0159 42.9730 49.1154
13561.0000 0.0331 74.9914 50.0000 36.6332 42.0974 50.0952
13562.0000 0.0375 75.2111 50.0000 36.1216 42.3391 50.5900
13563.0000 0.0359 75.0615 50.0000 36.7662 41.5472 50.5600
13564.0000 0.0385 75.3646 50.0000 36.1983 42.2537 50.8342
13565.0000 0.0347 75.3099 50.0000 36.9227 41.8262 50.5851
13566.0000 0.0435 75.8889 50.0000 36.1444 42.1880 51.6999
13567.0000 0.0519 76.0950 50.0000 35.8056 41.7028 52.6240
13568.0000 0.0493 76.0050 50.0000 36.3007 41.3402 52.4406
13569.0000 0.0429 75.7031 50.0000 36.8066 41.2390 51.7260
13570.0000 0.0422 75.7881 50.0000 36.9158 41.2871 51.7343
13571.0000 0.0446 76.0802 50.0000 37.4177 40.7151 52.2532
13572.0000 0.0426 75.7988 50.0000 37.1728 40.9386 51.8428
13573.0000 0.0431 75.5430 50.0000 37.0808 40.7024 51.7211
13574.0000 0.0373 75.4843 50.0000 37.5473 40.8704 51.1634
13575.0000 0.0448 76.2292 50.0000 37.2906 41.0015 52.3371
13576.0000 0.0473 76.4980 50.0000 37.8845 40.3067 52.8402
13577.0000 0.0539 76.6797 50.0000 37.0841 40.5940 53.4478
13578.0000 0.0504 76.8984 50.0000 37.1586 41.1785 53.2628
13579.0000 0.0428 76.3960 50.0000 37.1506 41.6093 52.2002
13580.0000 0.0433 76.0432 50.0000 37.2910 40.9833 52.0798
13581.0000 0.0412 76.0358 50.0000 37.4676 41.0479 51.8912
13582.0000 0.0422 76.0702 50.0000 37.5349 40.8743 52.0299
13583.0000 0.0470 76.1280 50.0000 37.1819 40.7260 52.4821
13584.0000 0.0522 76.7223 50.0000 36.6871 41.3059 53.2372
13585.0000 0.0417 76.4412 50.0000 37.5881 41.2890 52.2073
13586.0000 0.0368 76.4736 50.0000 37.8985 41.6544 51.7380
13587.0000 0.0420 76.5489 50.0000 37.6581 41.2977 52.3078
13588.0000 0.0300 76.1398 50.0000 38.8022 41.2279 50.9109
13589.0000 0.0375 76.1796 50.0000 38.7064 40.3152 51.7671
13590.0000 0.0385 76.1563 50.0000 38.9555 39.8988 51.8684
13591.0000 0.0451 76.3813 50.0000 38.1740 40.1413 52.5883
13592.0000 0.0480 76.4794 50.0000 37.6982 40.4125 52.8656
13593.0000 0.0548 76.6416 50.0000 37.2818 40.2392 53.5238
13594.0000 0.0521 76.3228 50.0000 37.5730 39.8922 53.1230
13595.0000 0.0540 76.4328 50.0000 37.8336 39.5188 53.3746
13596.0000 0.0526 76.6946 50.0000 37.4663 40.3411 53.3941
13597.0000 0.0640 77.1257 50.0000 37.0209 40.0087 54.5631
13598.0000 0.0667 77.4425 50.0000 36.7986 40.2875 54.9556
13599.0000 0.0595 77.3609 50.0000 37.1693 40.5813 54.3719
13600.0000 0.0661 77.5242 50.0000 36.5680 40.6940 54.9252
13601.0000 0.0731 77.7967 50.0000 36.2042 40.6367 55.5900
13602.0000 0.0703 77.6378 50.0000 36.1606 40.8154 55.2643
13603.0000 0.0755 78.0310 50.0000 35.9823 40.8742 55.8876
13604.0000 0.0803 78.5381 50.0000 35.6231 41.2987 56.5124
13605.0000 0.0721 78.9019 50.0000 36.1628 41.9408 56.2026
13606.0000 0.0853 79.3370 50.0000 35.5220 41.7232 57.3736
13607.0000 0.0827 79.5315 50.0000 35.7495 41.9327 57.3488
13608.0000 0.0830 80.1406 50.0000 35.7962 42.4765 57.7659
13609.0000 0.0699 79.7298 50.0000 36.1701 43.0661 56.5144
13610.0000 0.0682 79.5393 50.0000 36.3428 42.8494 56.2994
13611.0000 0.0786 79.9674 50.0000 36.2429 42.2586 57.4060
13612.0000 0.0799 79.8200 50.0000 35.8655 42.3949 57.3373
13613.0000 0.0687 79.7508 50.0000 36.4491 42.8976 56.4929
13614.0000 0.0764 80.4251 50.0000 36.2439 42.9794 57.5095
13615.0000 0.0803 80.5513 50.0000 36.1853 42.7536 57.8900
13616.0000 0.0685 79.9555 50.0000 36.4364 43.1567 56.5930
13617.0000 0.0645 79.6889 50.0000 35.9845 43.8999 55.9307
13618.0000 0.0580 79.4077 50.0000 35.4227 45.2192 54.8274
13619.0000 0.0513 79.2364 50.0000 35.7944 45.5483 54.0604
13620.0000 0.0501 78.8126 50.0000 36.2015 44.6114 53.9509
13621.0000 0.0497 78.6414 50.0000 36.3830 44.2161 53.9044
13622.0000 0.0486 78.3667 50.0000 36.3401 44.1258 53.6064
13623.0000 0.0452 78.4336 50.0000 35.9498 45.3568 52.9357
13624.0000 0.0482 77.9373 50.0000 35.8385 44.3728 53.1118
13625.0000 0.0516 78.1664 50.0000 35.3645 44.8062 53.4016
13626.0000 0.0532 78.4487 50.0000 35.2734 45.0241 53.6918
13627.0000 0.0488 78.2560 50.0000 35.7321 44.8266 53.2710
13628.0000 0.0486 78.4429 50.0000 35.8368 44.9374 53.3821
13629.0000 0.0454 77.6828 50.0000 36.0298 44.2397 52.7193
13630.0000 0.0539 78.2973 50.0000 35.2084 44.8140 53.6893
13631.0000 0.0498 78.4337 50.0000 36.0030 44.4841 53.6358
13632.0000 0.0510 78.7401 50.0000 36.3460 44.1908 54.0939
13633.0000 0.0543 78.9492 50.0000 36.3726 43.9300 54.5910
13634.0000 0.0585 79.1381 50.0000 36.4085 43.5242 55.1626
13635.0000 0.0606 79.0428 50.0000 35.8191 43.8871 55.1242
13636.0000 0.0540 78.6137 50.0000 36.8165 43.0181 54.5352
13637.0000 0.0524 78.8161 50.0000 37.0046 43.2347 54.5288
13638.0000 0.0622 79.0860 50.0000 36.7311 42.6144 55.5826
13639.0000 0.0590 79.1787 50.0000 37.0633 42.7154 55.4164
13640.0000 0.0615 79.1328 50.0000 37.0992 42.3235 55.6271
13641.0000 0.0713 79.1398 50.0000 36.7719 41.5893 56.4027
13642.0000 0.0653 78.8864 50.0000 36.7508 42.0205 55.7379
13643.0000 0.0751 79.2857 50.0000 36.5422 41.5878 56.7568
13644.0000 0.0625 78.8343 50.0000 36.8520 42.1675 55.4858
13645.0000 0.0683 78.7551 50.0000 36.2896 42.0651 55.8207
13646.0000 0.0685 78.8521 50.0000 36.3132 42.1231 55.8986
13647.0000 0.0595 78.3283 50.0000 36.4289 42.4778 54.8078
13648.0000 0.0559 78.0160 50.0000 36.7943 42.1444 54.3740
13649.0000 0.0522 77.9327 50.0000 37.2324 41.9937 54.0720
13650.0000 0.0642 78.0135 50.0000 36.0377 42.0366 54.9574
13651.0000 0.0529 77.7140 50.0000 36.2207 42.8947 53.7362
13652.0000 0.0530 77.6992 50.0000 36.2830 42.7829 53.7618
13653.0000 0.0528 77.4995 50.0000 36.0225 42.9163 53.5420
13654.0000 0.0525 77.3234 50.0000 35.8562 42.9690 53.3564
13655.0000 0.0460 77.2351 50.0000 36.4147 43.0605 52.7734
13656.0000 0.0501 77.2915 50.0000 36.2763 42.7234 53.2233
13657.0000 0.0547 77.2638 50.0000 36.0938 42.3114 53.6346
13658.0000 0.0594 77.4462 50.0000 36.2323 41.7613 54.2322
13659.0000 0.0604 77.6859 50.0000 35.8697 42.3294 54.3754
13660.0000 0.0510 77.1683 50.0000 36.2529 42.4851 53.2512
13661.0000 0.0518 77.1574 50.0000 36.5861 41.9540 53.4283
13662.0000 0.0557 77.3141 50.0000 36.5901 41.6381 53.8972
13663.0000 0.0495 76.8604 50.0000 37.1188 41.2867 53.1519
13664.0000 0.0547 76.5703 50.0000 36.5060 41.0471 53.3428
13665.0000 0.0546 76.6270 50.0000 36.3555 41.2957 53.3351
13666.0000 0.0513 76.8615 50.0000 36.6203 41.6483 53.2171
13667.0000 0.0493 77.0208 50.0000 36.2712 42.5217 52.9954
13668.0000 0.0436 77.0888 50.0000 36.2055 43.5425 52.3057
13669.0000 0.0471 77.0925 50.0000 36.3861 42.7696 52.8211
13670.0000 0.0446 77.1194 50.0000 36.9351 42.4549 52.7332
13671.0000 0.0454 76.9007 50.0000 36.9518 42.0679 52.7123
13672.0000 0.0453 77.1106 50.0000 36.9847 42.2901 52.8178
13673.0000 0.0346 76.9603 50.0000 37.5424 43.0137 51.6070
13674.0000 0.0348 76.8561 50.0000 37.8284 42.4875 51.6786
13675.0000 0.0354 76.5548 50.0000 37.5578 42.3699 51.5252
13676.0000 0.0331 76.2047 50.0000 37.6852 42.1676 51.0772
13677.0000 0.0396 76.4887 50.0000 37.4672 41.7834 51.9700
13678.0000 0.0429 76.4235 50.0000 37.3018 41.4559 52.2545
13679.0000 0.0432 76.7897 50.0000 37.8199 41.2102 52.6122
13680.0000 0.0491 76.7451 50.0000 37.1412 41.1858 53.0478
13681.0000 0.0497 77.0357 50.0000 36.7513 41.8948 53.1853
13682.0000 0.0478 76.8637 50.0000 37.2078 41.4012 53.0052
13683.0000 0.0440 76.9893 50.0000 37.7560 41.3991 52.8011
13684.0000 0.0431 76.7761 50.0000 37.4648 41.6213 52.5227
13685.0000 0.0408 76.7485 50.0000 37.8496 41.4525 52.3396
13686.0000 0.0450 76.7477 50.0000 37.4237 41.3919 52.6915
13687.0000 0.0508 77.0478 50.0000 36.8813 41.6171 53.3306
13688.0000 0.0499 76.8148 50.0000 36.7848 41.5882 53.0831
13689.0000 0.0469 76.5293 50.0000 37.0500 41.3319 52.6850
13690.0000 0.0435 76.5472 50.0000 37.1335 41.7059 52.3564
13691.0000 0.0449 76.5505 50.0000 37.7495 40.8056 52.6295
13692.0000 0.0410 76.3859 50.0000 37.2091 41.7858 52.0023
13693.0000 0.0437 76.4674 50.0000 37.2690 41.4317 52.3612
13694.0000 0.0383 76.2583 50.0000 38.0130 41.0598 51.8115
13695.0000 0.0292 75.7888 50.0000 38.1458 41.7222 50.4788
13696.0000 0.0294 75.7964 50.0000 37.7999 42.1358 50.4066
13697.0000 0.0304 75.7214 50.0000 37.6216 42.1052 50.4530
13698.0000 0.0328 75.6842 50.0000 37.5504 41.7615 50.7350
13699.0000 0.0335 75.4724 50.0000 37.5604 41.3934 50.7138
13700.0000 0.0322 75.5034 50.0000 37.9609 41.1521 50.6581
13701.0000 0.0241 75.0327 50.0000 38.2864 41.5146 49.4023
13702.0000 0.0255 75.1328 50.0000 38.3263 41.3510 49.6600
13703.0000 0.0272 75.6574 50.0000 38.5276 41.4357 50.2269
13704.0000 0.0301 76.0561 50.0000 38.0965 41.9548 50.7246
13705.0000 0.0285 76.5264 50.0000 38.9294 41.7447 50.9723
13706.0000 0.0261 76.5017 50.0000 38.8933 42.1604 50.6194
13707.0000 0.0256 76.4970 50.0000 38.6335 42.5758 50.4632
13708.0000 0.0315 76.7335 50.0000 38.7019 41.7884 51.4192
13709.0000 0.0298 76.6545 50.0000 38.0004 42.8430 50.9545
13710.0000 0.0304 76.6069 50.0000 38.1242 42.5292 51.0531
13711.0000 0.0349 76.9036 50.0000 38.2465 42.0047 51.8361
13712.0000 0.0334 76.9042 50.0000 38.5195 41.8966 51.7221
13713.0000 0.0386 76.9424 50.0000 38.3729 41.3642 52.3132
13714.0000 0.0398 77.3735 50.0000 38.0493 42.0546 52.6338
13715.0000 0.0365 77.0989 50.0000 37.8188 42.5110 52.0269
13716.0000 0.0390 77.0537 50.0000 37.6455 42.3046 52.2534
13717.0000 0.0375 77.3046 50.0000 37.7448 42.6992 52.2313
13718.0000 0.0339 76.7294 50.0000 38.0820 42.1507 51.5799
13719.0000 0.0396 76.9165 50.0000 37.9246 41.7215 52.3181
13720.0000 0.0413 76.5276 50.0000 38.3395 40.5919 52.3341
13721.0000 0.0416 76.5939 50.0000 38.2669 40.7054 52.3960
13722.0000 0.0351 76.1059 50.0000 38.0082 41.3536 51.3552
13723.0000 0.0417 76.7095 50.0000 38.2553 40.8273 52.4786
13724.0000 0.0451 77.0873 50.0000 37.8821 41.2151 52.9974
13725.0000 0.0382 76.5613 50.0000 38.3825 40.9933 52.0381
13726.0000 0.0371 76.4530 50.0000 38.6155 40.7605 51.8892
13727.0000 0.0470 76.4649 50.0000 37.8063 40.3972 52.7792
13728.0000 0.0506 76.5581 50.0000 37.9923 39.8675 53.1818
13729.0000 0.0471 76.4500 50.0000 37.8748 40.2847 52.7943
13730.0000 0.0526 76.4036 50.0000 37.5680 39.9257 53.2174
13731.0000 0.0553 76.8485 50.0000 37.5558 40.0977 53.7348
13732.0000 0.0514 77.0275 50.0000 37.7134 40.5705 53.5254
13733.0000 0.0499 77.0071 50.0000 37.8419 40.5869 53.3927
13734.0000 0.0499 77.1753 50.0000 38.3099 40.2565 53.5518
13735.0000 0.0480 76.5518 50.0000 38.1684 39.9709 52.9687
13736.0000 0.0535 76.1014 50.0000 37.9320 39.1235 53.1219
13737.0000 0.0494 75.6035 50.0000 37.0795 39.9868 52.3646
13738.0000 0.0497 75.8575 50.0000 37.5082 39.7471 52.6086
13739.0000 0.0558 75.9816 50.0000 37.4543 39.2466 53.1985
13740.0000 0.0515 75.8303 50.0000 37.4218 39.6079 52.7357
13741.0000 0.0531 75.7440 50.0000 38.1093 38.6178 52.8536
13742.0000 0.0577 76.1018 50.0000 37.4299 39.1919 53.4274
13743.0000 0.0560 75.8429 50.0000 37.1566 39.3920 53.1018
13744.0000 0.0561 75.6316 50.0000 36.4327 39.9587 52.8781
13745.0000 0.0534 75.7232 50.0000 36.8013 39.9466 52.7630
13746.0000 0.0587 76.2780 50.0000 36.2116 40.6012 53.4658
13747.0000 0.0656 76.7109 50.0000 36.0937 40.4162 54.2985
13748.0000 0.0641 76.5968 50.0000 35.9692 40.6081 54.0765
13749.0000 0.0551 75.9465 50.0000 36.0678 40.8232 52.9192
13750.0000 0.0493 75.8711 50.0000 36.3881 41.0798 52.3907
13751.0000 0.0572 76.0109 50.0000 36.0564 40.6573 53.1468
13752.0000 0.0507 75.6298 50.0000 36.2821 40.7587 52.3661
13753.0000 0.0502 75.3789 50.0000 35.9288 40.9729 52.0799
13754.0000 0.0548 75.6097 50.0000 35.9628 40.6181 52.6657
13755.0000 0.0504 75.2952 50.0000 36.0161 40.7501 52.0733
13756.0000 0.0530 75.7953 50.0000 35.4766 41.6297 52.4720
13757.0000 0.0489 75.9381 50.0000 35.7714 41.9649 52.2106
13758.0000 0.0495 75.9642 50.0000 36.2243 41.3622 52.4169
13759.0000 0.0539 76.2480 50.0000 35.8759 41.5410 52.9248
13760.0000 0.0467 75.9442 50.0000 36.2037 41.7307 52.1091
13761.0000 0.0489 75.8832 50.0000 36.4011 41.1341 52.3565
13762.0000 0.0542 76.2943 50.0000 36.0338 41.3640 53.0226
13763.0000 0.0547 76.4157 50.0000 35.8394 41.6714 53.0885
13764.0000 0.0608 76.7185 50.0000 35.3767 41.8064 53.7256
13765.0000 0.0648 77.0311 50.0000 35.3010 41.7719 54.2471
13766.0000 0.0699 77.6088 50.0000 35.2173 41.9042 55.0173
13767.0000 0.0666 77.2220 50.0000 35.2895 41.7848 54.5152
13768.0000 0.0560 76.9731 50.0000 35.7350 42.2523 53.5033
13769.0000 0.0540 76.9408 50.0000 35.5425 42.7254 53.2086
13770.0000 0.0476 77.0505 50.0000 35.8626 43.3463 52.6474
13771.0000 0.0468 77.0341 50.0000 36.1240 43.0910 52.6543
13772.0000 0.0484 77.1497 50.0000 35.9336 43.2441 52.8280
13773.0000 0.0464 76.8125 50.0000 36.2417 42.7346 52.5401
13774.0000 0.0458 76.9710 50.0000 36.1872 43.0749 52.5316
13775.0000 0.0473 77.1927 50.0000 36.0205 43.3469 52.7473
13776.0000 0.0506 77.3856 50.0000 35.8501 43.3182 53.1681
13777.0000 0.0444 76.9496 50.0000 36.2973 43.1126 52.3932
13778.0000 0.0438 77.2828 50.0000 36.4424 43.4220 52.5272
13779.0000 0.0520 77.3578 50.0000 36.0669 42.8068 53.3946
13780.0000 0.0492 77.4070 50.0000 36.2053 43.0798 53.1523
13781.0000 0.0486 77.5803 50.0000 36.3303 43.2059 53.2171
13782.0000 0.0527 77.9771 50.0000 35.8522 43.7161 53.7024
13783.0000 0.0507 77.7243 50.0000 35.9674 43.5490 53.3937
13784.0000 0.0570 78.0990 50.0000 35.3915 43.8548 54.0709
13785.0000 0.0555 78.1289 50.0000 35.7326 43.6439 54.0602
13786.0000 0.0603 77.8507 50.0000 35.9829 42.3846 54.4933
13787.0000 0.0688 78.2335 50.0000 35.1904 42.7434 55.2731
13788.0000 0.0615 78.1724 50.0000 35.4232 43.2894 54.6091
13789.0000 0.0640 78.1285 50.0000 35.2480 43.1417 54.7763
13790.0000 0.0562 77.8461 50.0000 35.4692 43.5733 53.8825
13791.0000 0.0573 78.0865 50.0000 35.5737 43.5548 54.1756
13792.0000 0.0514 77.8274 50.0000 35.8691 43.6934 53.4920
13793.0000 0.0579 78.0720 50.0000 35.7687 43.2067 54.3048
13794.0000 0.0605 78.0187 50.0000 35.5335 43.1139 54.4561
13795.0000 0.0573 77.7870 50.0000 35.8849 42.8227 54.1231
13796.0000 0.0625 78.1714 50.0000 35.6588 42.8635 54.7900
13797.0000 0.0707 78.2212 50.0000 35.6815 41.9273 55.5652
13798.0000 0.0649 77.6550 50.0000 36.0833 41.5186 54.8133
13799.0000 0.0578 77.5360 50.0000 36.3925 41.8614 54.1761
13800.0000 0.0530 77.5280 50.0000 36.5901 42.2171 53.7538
13801.0000 0.0531 77.4528 50.0000 36.6631 42.0266 53.7449
13802.0000 0.0537 77.3705 50.0000 36.3940 42.1815 53.6879
13803.0000 0.0473 76.9411 50.0000 36.2365 42.7550 52.7148
13804.0000 0.0485 76.8191 50.0000 35.8349 42.9682 52.6382
13805.0000 0.0418 76.9712 50.0000 36.1772 43.7370 51.9889
13806.0000 0.0513 77.2736 50.0000 35.7041 43.2808 53.1337
13807.0000 0.0611 77.6850 50.0000 35.2799 42.9758 54.2528
13808.0000 0.0638 77.5626 50.0000 35.1770 42.6222 54.4232
13809.0000 0.0737 78.0178 50.0000 34.8473 42.3541 55.4849
13810.0000 0.0784 78.4386 50.0000 34.4826 42.7127 56.0285
13811.0000 0.0822 78.6469 50.0000 34.3732 42.6426 56.4396
13812.0000 0.0787 78.1509 50.0000 34.8427 41.9510 55.9792
13813.0000 0.0770 78.2322 50.0000 35.5074 41.4519 56.0468
13814.0000 0.0621 77.9643 50.0000 36.2415 41.9822 54.7949
13815.0000 0.0669 78.0609 50.0000 35.5809 42.3110 55.1116
13816.0000 0.0625 77.8238 50.0000 35.4794 42.7001 54.5387
13817.0000 0.0650 77.6553 50.0000 35.4899 42.2038 54.6777
13818.0000 0.0675 78.0437 50.0000 35.3190 42.5375 55.0813
13819.0000 0.0624 77.8573 50.0000 34.9689 43.4039 54.3603
13820.0000 0.0658 77.8713 50.0000 34.9815 42.9709 54.7150
13821.0000 0.0496 77.5230 50.0000 36.0252 43.3865 53.1941
13822.0000 0.0525 77.6953 50.0000 35.1800 44.3486 53.2178
13823.0000 0.0494 77.4349 50.0000 35.5007 44.0407 52.8798
13824.0000 0.0445 77.1495 50.0000 35.4240 44.6422 52.0025
13825.0000 0.0442 76.9439 50.0000 35.7786 43.8862 52.0986
13826.0000 0.0452 76.9678 50.0000 35.5042 44.1592 52.0909
13827.0000 0.0418 77.3167 50.0000 36.2829 44.0078 52.1990
13828.0000 0.0418 77.3353 50.0000 36.2250 44.1201 52.1721
13829.0000 0.0482 77.6413 50.0000 35.6465 44.2800 52.8846
13830.0000 0.0487 77.6652 50.0000 35.5356 44.3871 52.9046
13831.0000 0.0508 77.8021 50.0000 35.3329 44.5156 53.1330
13832.0000 0.0457 77.4138 50.0000 35.5841 44.5157 52.3930
13833.0000 0.0393 77.3717 50.0000 36.1942 44.6683 51.7794
13834.0000 0.0474 77.1036 50.0000 35.7044 43.6606 52.5729
13835.0000 0.0480 76.9300 50.0000 35.2878 43.9577 52.3518
13836.0000 0.0479 77.0871 50.0000 35.3320 44.1109 52.4242
13837.0000 0.0474 76.8030 50.0000 35.5178 43.5573 52.3445
13838.0000 0.0490 76.6412 50.0000 35.1192 43.6820 52.2723
13839.0000 0.0519 76.9588 50.0000 35.5511 43.0277 52.9848
13840.0000 0.0509 76.8424 50.0000 34.7985 44.0992 52.4316
13841.0000 0.0466 76.8933 50.0000 35.4543 43.9018 52.2322
13842.0000 0.0449 76.4771 50.0000 35.4955 43.5930 51.8504
13843.0000 0.0475 76.4735 50.0000 34.7564 44.2691 51.7729
13844.0000 0.0453 76.1342 50.0000 34.9784 43.8790 51.4545
13845.0000 0.0497 76.3303 50.0000 34.0367 44.8864 51.5076
13846.0000 0.0464 75.7595 50.0000 34.3793 44.1585 51.0646
13847.0000 0.0481 75.3939 50.0000 33.9838 44.0018 50.9233
13848.0000 0.0501 75.7914 50.0000 34.5019 43.3627 51.7071
13849.0000 0.0530 75.5358 50.0000 33.8614 43.5386 51.6087
13850.0000 0.0460 75.4726 50.0000 33.9193 44.6561 50.5116
13851.0000 0.0426 75.2637 50.0000 34.2058 44.5428 50.1052
13852.0000 0.0415 75.2907 50.0000 34.5694 44.1400 50.2525
13853.0000 0.0486 75.2512 50.0000 33.5643 44.4548 50.5960
13854.0000 0.0463 75.5613 50.0000 34.0581 44.4687 50.7158
13855.0000 0.0536 75.5744 50.0000 33.8400 43.5200 51.6948
13856.0000 0.0453 75.1972 50.0000 34.8140 42.9228 50.9925
13857.0000 0.0424 75.2020 50.0000 34.9153 43.2782 50.6286
13858.0000 0.0428 74.9796 50.0000 35.1697 42.5389 50.7491
13859.0000 0.0385 74.9609 50.0000 35.2080 43.2129 50.1217
13860.0000 0.0413 74.7324 50.0000 34.9720 42.7775 50.3188
13861.0000 0.0435 74.6474 50.0000 34.9532 42.3231 50.5892
13862.0000 0.0475 74.6526 50.0000 34.7230 42.0478 50.9835
13863.0000 0.0442 74.5315 50.0000 35.1355 41.8243 50.7067
13864.0000 0.0409 74.4696 50.0000 35.8438 41.2952 50.5535
13865.0000 0.0438 74.5492 50.0000 35.8204 41.0112 50.9173
13866.0000 0.0470 74.7071 50.0000 35.6602 40.9541 51.3056
13867.0000 0.0543 74.7681 50.0000 35.3451 40.4809 51.9836
13868.0000 0.0460 74.7262 50.0000 36.0446 40.6397 51.3148
13869.0000 0.0498 74.7822 50.0000 35.7476 40.5693 51.6586
13870.0000 0.0499 75.0456 50.0000 35.9547 40.5980 51.8739
13871.0000 0.0567 75.2120 50.0000 35.6265 40.3542 52.5275
13872.0000 0.0446 74.7097 50.0000 36.3011 40.4929 51.2260
13873.0000 0.0530 75.0108 50.0000 36.6266 39.4308 52.2526
13874.0000 0.0602 75.3463 50.0000 36.2543 39.3984 53.0137
13875.0000 0.0622 75.5088 50.0000 36.8389 38.7289 53.3343
13876.0000 0.0629 75.6325 50.0000 37.0209 38.5858 53.4871
13877.0000 0.0585 75.6550 50.0000 37.1793 38.9010 53.1798
13878.0000 0.0619 75.6931 50.0000 37.0342 38.7376 53.4538
13879.0000 0.0688 76.0056 50.0000 36.3539 39.0706 54.1178
13880.0000 0.0596 76.0147 50.0000 36.8562 39.5036 53.4726
13881.0000 0.0539 75.7100 50.0000 36.5963 40.1030 52.7680
13882.0000 0.0503 75.6207 50.0000 36.8408 40.1592 52.4261
13883.0000 0.0511 75.7529 50.0000 37.2274 39.7828 52.6304
13884.0000 0.0485 75.6682 50.0000 36.6816 40.6154 52.2544
13885.0000 0.0482 75.6125 50.0000 37.3383 39.8527 52.2959
13886.0000 0.0507 76.2884 50.0000 37.5110 40.0844 52.9724
13887.0000 0.0481 76.3254 50.0000 37.4024 40.5613 52.7390
13888.0000 0.0451 76.3664 50.0000 37.5992 40.7583 52.5061
13889.0000 0.0462 76.3538 50.0000 37.1300 41.1331 52.5293
13890.0000 0.0521 76.9624 50.0000 37.2772 40.8967 53.4890
13891.0000 0.0559 77.2133 50.0000 37.1564 40.8568 53.9631
13892.0000 0.0653 77.3030 50.0000 36.5591 40.5579 54.7196
13893.0000 0.0598 77.1816 50.0000 36.6675 40.9233 54.2014
13894.0000 0.0646 77.4953 50.0000 36.6103 40.7800 54.7924
13895.0000 0.0621 77.5774 50.0000 36.6454 41.1039 54.6428
13896.0000 0.0629 77.2851 50.0000 36.4336 40.9448 54.4894
13897.0000 0.0642 77.0559 50.0000 36.5017 40.4855 54.4625
13898.0000 0.0737 77.4275 50.0000 35.4161 41.0658 55.2660
13899.0000 0.0666 77.3336 50.0000 35.7876 41.3182 54.7041
13900.0000 0.0673 77.4859 50.0000 36.0227 41.1306 54.9063
13901.0000 0.0736 78.1579 50.0000 36.5847 40.5387 55.9180
13902.0000 0.0742 78.5162 50.0000 36.2803 41.1741 56.1536
13903.0000 0.0759 78.5312 50.0000 36.0788 41.2402 56.2558
13904.0000 0.0718 78.4850 50.0000 36.0096 41.7053 55.8916
13905.0000 0.0742 78.6036 50.0000 35.3584 42.3251 56.0080
13906.0000 0.0721 78.4227 50.0000 35.4575 42.2473 55.7500
13907.0000 0.0740 78.5436 50.0000 36.0144 41.5241 56.1054
13908.0000 0.0696 78.7308 50.0000 35.8952 42.3489 55.8269
13909.0000 0.0686 78.3270 50.0000 35.6675 42.2962 55.4435
13910.0000 0.0731 78.5324 50.0000 35.7371 41.9331 55.9626
13911.0000 0.0716 78.1726 50.0000 36.7713 40.5541 55.8049
13912.0000 0.0717 77.7026 50.0000 36.6872 40.1594 55.4885
13913.0000 0.0674 78.1053 50.0000 36.1410 41.6493 55.3137
13914.0000 0.0730 78.6094 50.0000 36.3555 41.3204 56.1279
13915.0000 0.0784 78.9375 50.0000 36.0920 41.3844 56.7082
13916.0000 0.0797 78.8858 50.0000 36.2471 41.0268 56.7972
13917.0000 0.0739 78.6657 50.0000 35.4033 42.3676 56.0348
13918.0000 0.0681 78.8679 50.0000 35.9790 42.5751 55.7945
13919.0000 0.0657 78.7619 50.0000 35.7713 42.9876 55.4610
13920.0000 0.0711 78.7426 50.0000 35.8906 42.1922 55.9649
13921.0000 0.0703 78.8800 50.0000 35.7854 42.5601 55.9473
13922.0000 0.0661 78.3121 50.0000 36.4184 41.6909 55.3928
13923.0000 0.0674 78.3323 50.0000 36.2701 41.7396 55.4818
13924.0000 0.0692 78.3683 50.0000 36.2694 41.5736 55.6576
13925.0000 0.0704 78.4269 50.0000 36.1632 41.6296 55.7671
13926.0000 0.0627 78.0862 50.0000 36.1244 42.1842 54.8906
13927.0000 0.0643 78.1376 50.0000 35.7306 42.5221 54.9607
13928.0000 0.0603 78.0381 50.0000 35.6923 42.9590 54.5025
13929.0000 0.0563 77.4774 50.0000 35.3220 43.3172 53.6537
13930.0000 0.0618 77.7425 50.0000 35.3547 42.8518 54.3845
13931.0000 0.0571 77.4563 50.0000 35.4462 43.0271 53.7747
13932.0000 0.0672 77.3621 50.0000 34.6912 42.5909 54.4742
13933.0000 0.0574 76.9599 50.0000 34.9541 43.0606 53.3556
13934.0000 0.0624 77.3617 50.0000 35.4395 42.2558 54.2525
13935.0000 0.0603 77.3579 50.0000 35.3632 42.6081 54.0207
13936.0000 0.0487 77.2596 50.0000 36.0001 43.2467 52.9411
13937.0000 0.0553 77.3937 50.0000 35.5046 43.1202 53.5711
13938.0000 0.0546 77.4284 50.0000 36.0062 42.6164 53.6893
13939.0000 0.0555 77.3557 50.0000 36.0485 42.3612 53.7581
13940.0000 0.0630 77.5052 50.0000 35.8295 41.8742 54.4963
13941.0000 0.0550 77.1267 50.0000 36.2514 41.9184 53.6396
13942.0000 0.0531 76.8914 50.0000 36.2716 41.8725 53.3231
13943.0000 0.0479 76.9777 50.0000 36.4846 42.4044 52.8801
13944.0000 0.0605 77.2023 50.0000 35.9309 41.7178 54.1183
13945.0000 0.0608 77.1453 50.0000 35.8032 41.7691 54.0820
13946.0000 0.0509 76.9230 50.0000 36.3776 42.0657 53.1441
13947.0000 0.0448 76.6122 50.0000 36.7146 42.1244 52.4119
13948.0000 0.0456 76.9208 50.0000 36.5948 42.5122 52.6340
13949.0000 0.0546 77.6262 50.0000 35.9557 42.8999 53.7830
13950.0000 0.0521 77.2849 50.0000 36.0486 42.7238 53.3679
13951.0000 0.0568 77.3414 50.0000 36.0092 42.2259 53.8702
13952.0000 0.0608 77.3364 50.0000 35.3699 42.5140 54.0596
13953.0000 0.0583 77.3172 50.0000 35.8075 42.2594 53.9437
13954.0000 0.0597 77.4540 50.0000 36.0119 41.9942 54.2103
13955.0000 0.0560 77.5193 50.0000 36.4531 41.9916 54.0103
13956.0000 0.0542 77.5383 50.0000 36.6620 41.9793 53.9056
13957.0000 0.0552 77.3955 50.0000 36.3399 42.0928 53.8300
13958.0000 0.0541 77.1993 50.0000 36.7339 41.5403 53.7099
13959.0000 0.0520 77.3114 50.0000 37.1898 41.3878 53.6752
13960.0000 0.0597 77.1903 50.0000 36.3128 41.3444 54.1329
13961.0000 0.0568 77.1052 50.0000 36.4837 41.4014 53.8523
13962.0000 0.0532 76.6801 50.0000 36.7507 41.0660 53.3180
13963.0000 0.0564 76.7532 50.0000 36.4979 41.0505 53.6079
13964.0000 0.0557 76.7085 50.0000 36.5497 41.0298 53.5245
13965.0000 0.0565 76.4025 50.0000 36.4022 40.7675 53.3876
13966.0000 0.0541 76.5023 50.0000 36.6977 40.8255 53.2838
13967.0000 0.0557 76.2615 50.0000 36.9101 40.1381 53.3141
13968.0000 0.0594 76.3082 50.0000 36.7371 39.9657 53.6290
13969.0000 0.0527 76.0850 50.0000 36.6339 40.6124 52.8915
13970.0000 0.0576 76.1870 50.0000 35.9939 40.8765 53.2730
13971.0000 0.0574 75.7457 50.0000 36.3095 40.0683 53.0431
13972.0000 0.0504 75.6673 50.0000 36.7135 40.3427 52.4416
13973.0000 0.0506 75.7646 50.0000 36.9406 40.1693 52.5556
13974.0000 0.0574 75.3953 50.0000 36.8828 39.0647 52.8967
13975.0000 0.0618 75.9918 50.0000 36.9958 39.0998 53.6402
13976.0000 0.0523 75.6573 50.0000 37.0611 39.7226 52.6557
13977.0000 0.0438 75.5624 50.0000 37.4520 40.2093 51.8675
13978.0000 0.0542 75.8354 50.0000 37.2974 39.4425 52.9547
13979.0000 0.0542 75.9628 50.0000 37.1798 39.6934 53.0325
13980.0000 0.0552 75.9924 50.0000 37.6411 39.1234 53.1728
13981.0000 0.0600 76.2320 50.0000 37.4171 39.0866 53.6984
13982.0000 0.0546 76.4070 50.0000 38.3677 38.8642 53.4372
13983.0000 0.0548 76.3804 50.0000 38.2773 38.9085 53.4316
13984.0000 0.0486 76.0540 50.0000 38.5937 38.9394 52.7110
13985.0000 0.0456 76.3424 50.0000 38.8020 39.3724 52.6534
13986.0000 0.0520 76.4899 50.0000 38.3677 39.2437 53.2781
13987.0000 0.0532 76.3977 50.0000 38.3922 38.9898 53.3146
13988.0000 0.0595 77.1876 50.0000 38.6100 38.8942 54.3547
13989.0000 0.0522 77.0329 50.0000 38.6557 39.4766 53.6787
13990.0000 0.0514 77.1221 50.0000 38.2901 40.0423 53.6497
13991.0000 0.0443 76.6354 50.0000 38.5310 40.1267 52.7085
13992.0000 0.0486 76.6759 50.0000 38.0583 40.1506 53.0912
13993.0000 0.0419 76.6679 50.0000 38.6355 40.3419 52.5147
13994.0000 0.0406 76.5429 50.0000 38.2503 40.7936 52.2649
13995.0000 0.0388 76.7173 50.0000 39.0077 40.3970 52.2687
13996.0000 0.0415 76.6973 50.0000 38.6413 40.4139 52.4980
13997.0000 0.0439 76.4001 50.0000 38.9984 39.4408 52.5407
13998.0000 0.0492 76.3756 50.0000 37.9381 39.8954 52.9367
13999.0000 0.0424 76.1781 50.0000 37.8593 40.6087 52.1605
14000.0000 0.0383 76.4772 50.0000 38.3177 40.9534 51.9936
14001.0000 0.0377 76.3625 50.0000 38.0591 41.2102 51.8118
14002.0000 0.0382 76.3578 50.0000 38.1578 41.0184 51.8843
14003.0000 0.0436 76.2585 50.0000 38.3149 40.0365 52.3870
14004.0000 0.0531 76.8332 50.0000 38.4196 39.4169 53.6059
14005.0000 0.0421 76.4674 50.0000 38.9661 39.7585 52.4229
14006.0000 0.0454 76.4653 50.0000 38.7227 39.6112 52.7110
14007.0000 0.0492 76.8068 50.0000 38.8330 39.4022 53.2799
14008.0000 0.0552 76.9865 50.0000 38.4374 39.3233 53.8810
14009.0000 0.0466 76.7599 50.0000 38.8197 39.6702 53.0225
14010.0000 0.0446 76.9276 50.0000 38.6942 40.2206 52.9425
14011.0000 0.0627 77.2685 50.0000 37.7745 39.4919 54.6251
14012.0000 0.0628 77.4027 50.0000 38.0192 39.3669 54.7354
14013.0000 0.0538 77.0506 50.0000 38.2236 39.7618 53.8030
14014.0000 0.0542 77.0203 50.0000 38.3067 39.6015 53.8186
14015.0000 0.0501 76.9298 50.0000 38.8355 39.4274 53.4367
14016.0000 0.0487 77.2340 50.0000 38.8903 39.8485 53.5232
14017.0000 0.0560 77.2458 50.0000 38.3853 39.5597 54.1157
14018.0000 0.0569 76.9475 50.0000 38.3469 39.1877 53.9885
14019.0000 0.0637 77.0884 50.0000 37.9270 39.0433 54.5874
14020.0000 0.0584 77.0961 50.0000 38.1799 39.3495 54.2008
14021.0000 0.0689 77.7045 50.0000 37.7837 39.2870 55.3797
14022.0000 0.0621 77.5121 50.0000 38.0560 39.5154 54.7577
14023.0000 0.0662 77.5682 50.0000 38.1012 39.0945 55.1067
14024.0000 0.0619 77.2649 50.0000 38.0216 39.3171 54.5746
14025.0000 0.0599 77.1863 50.0000 37.9763 39.4972 54.3646
14026.0000 0.0576 76.9119 50.0000 38.0943 39.3420 54.0044
14027.0000 0.0574 77.3056 50.0000 38.4772 39.3640 54.2783
14028.0000 0.0601 76.9664 50.0000 37.8162 39.4119 54.2261
14029.0000 0.0519 76.5065 50.0000 38.3513 39.2892 53.2802
14030.0000 0.0517 76.4842 50.0000 38.4686 39.1639 53.2559
14031.0000 0.0550 77.1351 50.0000 38.2902 39.6456 53.9621
14032.0000 0.0510 76.7918 50.0000 38.4390 39.5938 53.4019
14033.0000 0.0666 76.7789 50.0000 37.5338 38.8393 54.5685
14034.0000 0.0626 77.0300 50.0000 37.9575 39.0723 54.4629
14035.0000 0.0637 76.7939 50.0000 37.5339 39.1566 54.3623
14036.0000 0.0640 76.6968 50.0000 37.5598 38.9992 54.3205
14037.0000 0.0596 76.8323 50.0000 37.5540 39.6074 54.0755
14038.0000 0.0570 76.5044 50.0000 37.4644 39.6481 53.6411
14039.0000 0.0501 76.2347 50.0000 36.8551 40.8335 52.7831
14040.0000 0.0518 76.3678 50.0000 36.8367 40.7887 53.0224
14041.0000 0.0544 76.1285 50.0000 36.4618 40.6532 53.0416
14042.0000 0.0549 76.3010 50.0000 36.6692 40.5397 53.2329
14043.0000 0.0609 76.2203 50.0000 36.1258 40.3824 53.6071
14044.0000 0.0574 76.2253 50.0000 36.8644 39.9642 53.4245
14045.0000 0.0553 76.0803 50.0000 37.3256 39.5363 53.2155
14046.0000 0.0526 75.7034 50.0000 37.2694 39.5148 52.7312
14047.0000 0.0511 75.5209 50.0000 37.1574 39.6049 52.4804
14048.0000 0.0508 74.9729 50.0000 36.6268 39.6446 52.0359
14049.0000 0.0455 74.8032 50.0000 37.0930 39.5832 51.5054
14050.0000 0.0486 74.7332 50.0000 37.5701 38.6312 51.7800
14051.0000 0.0540 74.7318 50.0000 37.2415 38.3723 52.2061
14052.0000 0.0604 75.4356 50.0000 36.8271 38.8459 53.1535
14053.0000 0.0551 74.9688 50.0000 36.8320 38.9320 52.4215
14054.0000 0.0600 74.9439 50.0000 36.7173 38.4965 52.7869
14055.0000 0.0482 74.8092 50.0000 37.2086 39.1339 51.7733
14056.0000 0.0442 74.8317 50.0000 37.6991 39.1114 51.4671
14057.0000 0.0523 75.2470 50.0000 37.1841 39.1618 52.4005
14058.0000 0.0514 75.2796 50.0000 36.7218 39.7967 52.2949
14059.0000 0.0616 75.6043 50.0000 36.8379 38.8824 53.3585
14060.0000 0.0630 75.5118 50.0000 36.7688 38.7147 53.3973
14061.0000 0.0593 75.5373 50.0000 36.6538 39.2566 53.1159
14062.0000 0.0532 75.2710 50.0000 36.8585 39.4303 52.4635
14063.0000 0.0478 74.9444 50.0000 37.0982 39.4516 51.8069
14064.0000 0.0456 74.9586 50.0000 36.9724 39.8670 51.5990
14065.0000 0.0417 74.8651 50.0000 36.6687 40.6200 51.0902
14066.0000 0.0470 75.1081 50.0000 37.2953 39.5085 51.8592
14067.0000 0.0513 75.0960 50.0000 36.9200 39.3934 52.1965
14068.0000 0.0512 74.9211 50.0000 36.5822 39.5974 52.0285
14069.0000 0.0518 74.9833 50.0000 36.2168 39.9997 52.0659
14070.0000 0.0595 75.1601 50.0000 36.2333 39.2973 52.8386
14071.0000 0.0545 74.6927 50.0000 36.3536 39.2272 52.1406
14072.0000 0.0532 74.4993 50.0000 36.2299 39.3034 51.8920
14073.0000 0.0496 74.4873 50.0000 36.1323 39.8240 51.5448
14074.0000 0.0499 74.2294 50.0000 36.2935 39.3216 51.4450
14075.0000 0.0520 74.3577 50.0000 36.0384 39.5010 51.6717
14076.0000 0.0498 74.0617 50.0000 35.8637 39.6340 51.2647
14077.0000 0.0417 74.0756 50.0000 36.4338 40.0023 50.5924
14078.0000 0.0417 73.9547 50.0000 36.1336 40.2208 50.4574
14079.0000 0.0397 73.8325 50.0000 36.2617 40.2031 50.2000
14080.0000 0.0380 74.2330 50.0000 36.3040 40.8539 50.2346
14081.0000 0.0388 74.1762 50.0000 36.1759 40.8234 50.2679
14082.0000 0.0398 74.4947 50.0000 36.4413 40.7277 50.6236
14083.0000 0.0361 74.5540 50.0000 36.8306 40.8459 50.3330
14084.0000 0.0389 74.7851 50.0000 36.6151 40.9763 50.7256
14085.0000 0.0380 74.6594 50.0000 36.6719 40.8891 50.5696
14086.0000 0.0342 74.9196 50.0000 36.7416 41.6833 50.2544
14087.0000 0.0379 75.3998 50.0000 36.5454 41.9241 50.9110
14088.0000 0.0311 75.0851 50.0000 36.8854 42.2123 49.9536
14089.0000 0.0309 74.9453 50.0000 36.9168 42.0181 49.8842
14090.0000 0.0284 74.3420 50.0000 36.5865 42.1900 49.0731
14091.0000 0.0321 74.3544 50.0000 36.2614 41.9948 49.4987
14092.0000 0.0308 74.4422 50.0000 36.2048 42.4180 49.3108
14093.0000 0.0310 74.3953 50.0000 35.7898 42.9830 49.0533
14094.0000 0.0245 74.1488 50.0000 36.6627 42.6249 48.3427
14095.0000 0.0263 74.3106 50.0000 36.4428 42.8092 48.5939
14096.0000 0.0269 74.2949 50.0000 36.4976 42.5516 48.7547
14097.0000 0.0265 74.0987 50.0000 36.0890 43.0562 48.3152
14098.0000 0.0265 74.4320 50.0000 36.4167 42.9603 48.6657
14099.0000 0.0307 74.5698 50.0000 36.3200 42.4388 49.4010
14100.0000 0.0276 74.9805 50.0000 36.7838 42.8928 49.2873
14101.0000 0.0289 74.8938 50.0000 37.1058 42.0534 49.6362
14102.0000 0.0258 74.7129 50.0000 37.4964 41.8628 49.2295
14103.0000 0.0223 74.3897 50.0000 37.8565 41.6276 48.6606
14104.0000 0.0227 74.1488 50.0000 37.5334 41.6924 48.4874
14105.0000 0.0231 74.0580 50.0000 37.5851 41.4342 48.5300
14106.0000 0.0189 74.1078 50.0000 37.8895 41.9344 47.9360
14107.0000 0.0225 74.0006 50.0000 37.4525 41.6523 48.3579
14108.0000 0.0220 74.2022 50.0000 37.9547 41.3192 48.5606
14109.0000 0.0245 74.4716 50.0000 37.4957 41.7928 48.9228
14110.0000 0.0245 74.2340 50.0000 37.6840 41.2622 48.8675
14111.0000 0.0270 74.3414 50.0000 37.4654 41.2294 49.2253
14112.0000 0.0220 73.9510 50.0000 37.6991 41.3593 48.3418
14113.0000 0.0209 73.7295 50.0000 38.1426 40.7279 48.1915
14114.0000 0.0200 73.6323 50.0000 37.9546 41.0121 47.9497
14115.0000 0.0209 73.7434 50.0000 38.0229 40.8842 48.1750
14116.0000 0.0145 73.5075 50.0000 38.4976 41.3122 47.0594
14117.0000 0.0173 73.9982 50.0000 38.6948 41.0484 47.8902
14118.0000 0.0201 73.7953 50.0000 38.0826 41.0282 48.0847
14119.0000 0.0203 74.0731 50.0000 37.7174 41.8221 48.1158
14120.0000 0.0219 74.1376 50.0000 37.4361 41.9869 48.2910
14121.0000 0.0228 74.4857 50.0000 37.9312 41.5598 48.8071
14122.0000 0.0232 74.5166 50.0000 37.8349 41.6505 48.8517
14123.0000 0.0284 74.7483 50.0000 37.1003 41.9647 49.4959
14124.0000 0.0304 74.6673 50.0000 37.1192 41.4970 49.7531
14125.0000 0.0317 74.7273 50.0000 36.9185 41.6198 49.8897
14126.0000 0.0301 74.8363 50.0000 37.0144 41.9005 49.7470
14127.0000 0.0281 75.0160 50.0000 37.1193 42.3364 49.5701
14128.0000 0.0241 75.0444 50.0000 37.9054 42.0419 49.2679
14129.0000 0.0223 74.9701 50.0000 37.6524 42.6739 48.8033
14130.0000 0.0182 74.7217 50.0000 38.1809 42.4752 48.1811
14131.0000 0.0217 74.9749 50.0000 38.2332 41.9679 48.9709
14132.0000 0.0201 74.6816 50.0000 38.2677 41.8698 48.5782
14133.0000 0.0189 74.3164 50.0000 38.8339 40.9469 48.3551
14134.0000 0.0190 74.4270 50.0000 38.9102 40.9746 48.4403
14135.0000 0.0212 74.5962 50.0000 38.6854 41.0394 48.8241
14136.0000 0.0215 74.5906 50.0000 38.0464 41.7829 48.6868
14137.0000 0.0191 74.6346 50.0000 38.6998 41.4619 48.5136
14138.0000 0.0221 74.6173 50.0000 38.3122 41.3590 48.8809
14139.0000 0.0260 74.8585 50.0000 38.2290 41.0643 49.5587
14140.0000 0.0215 74.5046 50.0000 38.6725 40.8854 48.8238
14141.0000 0.0270 74.2552 50.0000 38.5558 39.8483 49.3902
14142.0000 0.0348 74.8186 50.0000 37.9159 40.0538 50.5558
14143.0000 0.0312 74.8181 50.0000 38.1370 40.3174 50.1778
14144.0000 0.0285 74.4655 50.0000 38.3273 40.1164 49.6669
14145.0000 0.0260 74.2905 50.0000 38.5358 40.0666 49.2821
14146.0000 0.0254 74.0111 50.0000 38.4394 39.9542 49.0278
14147.0000 0.0242 74.0435 50.0000 38.0799 40.5951 48.8303
14148.0000 0.0197 74.0734 50.0000 38.5393 40.8794 48.2749
14149.0000 0.0202 74.2578 50.0000 38.3146 41.2705 48.4042
14150.0000 0.0218 74.2494 50.0000 37.9689 41.4004 48.5524
14151.0000 0.0219 74.2694 50.0000 38.4379 40.8300 48.6969
14152.0000 0.0242 73.9899 50.0000 37.9460 40.6996 48.7662
14153.0000 0.0194 73.9834 50.0000 38.1594 41.2987 48.0813
14154.0000 0.0160 74.1807 50.0000 37.9567 42.6462 47.3641
14155.0000 0.0153 74.1172 50.0000 37.9971 42.6841 47.1980
14156.0000 0.0160 74.4460 50.0000 37.9316 43.0865 47.4021
14157.0000 0.0140 74.5917 50.0000 38.4263 43.0312 47.2828
14158.0000 0.0119 74.5315 50.0000 38.7327 43.0733 46.8979
14159.0000 0.0118 74.7629 50.0000 39.0807 42.8492 47.1820
14160.0000 0.0118 74.7325 50.0000 39.0707 42.8053 47.1819
14161.0000 0.0132 74.8062 50.0000 38.8168 42.9083 47.4141
14162.0000 0.0095 74.4023 50.0000 39.2006 42.8951 46.4653
14163.0000 0.0084 74.5056 50.0000 39.5449 42.8507 46.3800
14164.0000 0.0081 74.4229 50.0000 39.9287 42.2505 46.4689
14165.0000 0.0099 74.6029 50.0000 39.1055 43.2034 46.5813
14166.0000 0.0085 74.9604 50.0000 39.4467 43.7241 46.3813
14167.0000 0.0074 74.7392 50.0000 39.6466 43.4509 46.1098
14168.0000 0.0107 74.4544 50.0000 38.8002 43.2526 46.5533
14169.0000 0.0098 74.4530 50.0000 38.7292 43.8553 46.0435
14170.0000 0.0120 74.5372 50.0000 38.4740 43.5532 46.6762
14171.0000 0.0093 74.5525 50.0000 39.2389 43.1078 46.4768
14172.0000 0.0123 74.7096 50.0000 38.6555 43.3552 46.9851
14173.0000 0.0124 74.7575 50.0000 38.9411 42.8889 47.2527
14174.0000 0.0139 74.7661 50.0000 38.8694 42.5793 47.6041
14175.0000 0.0172 75.1213 50.0000 38.7595 42.3823 48.4216
14176.0000 0.0185 75.2295 50.0000 38.7166 42.2940 48.7003
14177.0000 0.0165 75.2831 50.0000 38.6565 42.9334 48.2696
14178.0000 0.0180 75.5149 50.0000 38.5383 43.0472 48.6236
14179.0000 0.0204 75.2260 50.0000 38.2938 42.4749 48.8715
14180.0000 0.0226 75.3011 50.0000 38.4184 41.9592 49.3326
14181.0000 0.0241 75.1622 50.0000 38.2024 41.7800 49.4405
14182.0000 0.0229 75.0413 50.0000 37.8695 42.3226 49.0499
14183.0000 0.0254 75.4852 50.0000 38.2764 41.8538 49.8116
14184.0000 0.0260 75.6744 50.0000 38.4797 41.7205 50.0533
14185.0000 0.0279 75.8127 50.0000 38.2733 41.8053 50.3493
14186.0000 0.0286 75.5096 50.0000 37.6879 42.0838 50.1027
14187.0000 0.0303 76.0194 50.0000 37.6379 42.4666 50.5859
14188.0000 0.0321 76.0205 50.0000 38.3443 41.3026 51.0188
14189.0000 0.0321 76.1609 50.0000 38.6671 41.0878 51.1579
14190.0000 0.0305 75.7096 50.0000 38.4910 41.0113 50.6800
14191.0000 0.0333 76.2531 50.0000 37.9280 41.8796 51.2064
14192.0000 0.0312 76.2953 50.0000 38.2034 41.9167 51.0340
14193.0000 0.0307 76.7418 50.0000 38.9685 41.5954 51.3865
14194.0000 0.0269 76.6235 50.0000 39.4728 41.4832 50.9136
14195.0000 0.0215 76.0158 50.0000 39.5556 41.6011 49.8307
14196.0000 0.0197 76.5080 50.0000 40.1725 41.7865 49.9352
14197.0000 0.0252 76.9110 50.0000 39.4166 42.1535 50.8402
14198.0000 0.0232 76.7069 50.0000 39.4710 42.2068 50.4437
14199.0000 0.0310 77.1924 50.0000 39.1293 41.8734 51.7125
14200.0000 0.0294 77.7053 50.0000 39.5259 42.2508 51.8718
14201.0000 0.0278 77.4847 50.0000 39.6236 42.1359 51.5597
14202.0000 0.0304 77.6568 50.0000 39.4585 42.1207 51.9563
14203.0000 0.0306 77.7918 50.0000 39.2154 42.5281 52.0104
14204.0000 0.0308 77.8610 50.0000 39.2764 42.4950 52.0949
14205.0000 0.0359 77.7958 50.0000 38.6701 42.3713 52.5498
14206.0000 0.0366 77.9857 50.0000 38.6468 42.5016 52.7428
14207.0000 0.0322 77.2354 50.0000 38.4427 42.5620 51.7295
14208.0000 0.0307 77.1137 50.0000 38.5225 42.5712 51.4804
14209.0000 0.0344 77.3445 50.0000 38.3905 42.4126 52.0531
14210.0000 0.0335 77.1490 50.0000 37.7883 43.0896 51.6460
14211.0000 0.0361 77.4642 50.0000 37.4313 43.5214 52.0143
14212.0000 0.0341 76.9458 50.0000 37.5960 43.0085 51.5506
14213.0000 0.0358 76.7207 50.0000 37.8316 42.1633 51.7407
14214.0000 0.0319 77.0506 50.0000 38.5127 42.3133 51.6058
14215.0000 0.0330 76.9544 50.0000 38.3578 42.2135 51.6592
14216.0000 0.0357 76.8441 50.0000 37.8148 42.3433 51.7891
14217.0000 0.0427 77.3509 50.0000 37.5457 42.2266 52.8241
14218.0000 0.0434 77.1793 50.0000 37.6945 41.7683 52.8316
14219.0000 0.0420 77.2466 50.0000 38.2647 41.3667 52.8361
14220.0000 0.0519 78.1262 50.0000 37.8135 41.5685 54.2761
14221.0000 0.0541 77.7368 50.0000 37.7441 40.9745 54.2170
14222.0000 0.0497 77.6062 50.0000 37.6400 41.4808 53.7150
14223.0000 0.0504 77.2617 50.0000 37.7580 40.8843 53.5927
14224.0000 0.0542 77.6965 50.0000 37.7284 40.9297 54.2040
14225.0000 0.0495 77.7899 50.0000 37.2064 42.2194 53.7073
14226.0000 0.0506 78.3776 50.0000 37.8301 41.9857 54.3059
14227.0000 0.0571 78.3145 50.0000 37.2751 41.7658 54.7663
14228.0000 0.0557 78.1655 50.0000 37.5922 41.4024 54.6124
14229.0000 0.0539 78.2981 50.0000 37.5195 41.8468 54.5136
14230.0000 0.0507 77.7189 50.0000 37.9733 41.1034 53.9330
14231.0000 0.0547 77.8793 50.0000 38.5544 40.1798 54.4456
14232.0000 0.0497 77.7803 50.0000 38.6713 40.5254 53.9629
14233.0000 0.0532 78.1815 50.0000 38.6559 40.5599 54.5249
14234.0000 0.0619 78.5703 50.0000 38.1951 40.4680 55.4686
14235.0000 0.0568 78.4300 50.0000 38.4919 40.5809 54.9803
14236.0000 0.0569 78.6851 50.0000 37.9288 41.4472 55.0897
14237.0000 0.0645 78.8722 50.0000 37.6355 41.0976 55.8156
14238.0000 0.0669 78.8117 50.0000 36.9315 41.5509 55.8647
14239.0000 0.0727 78.2488 50.0000 36.3771 40.9493 55.8814
14240.0000 0.0698 78.5721 50.0000 36.9836 40.9278 55.9527
14241.0000 0.0625 78.5923 50.0000 37.8281 40.8226 55.4915
14242.0000 0.0661 78.7177 50.0000 38.4416 39.9145 55.9066
14243.0000 0.0664 79.0741 50.0000 38.3879 40.3041 56.1664
14244.0000 0.0655 79.3763 50.0000 38.1311 40.9748 56.2821
14245.0000 0.0662 79.1616 50.0000 38.3470 40.4537 56.2099
14246.0000 0.0538 78.9662 50.0000 39.0000 40.9363 55.1260
14247.0000 0.0513 78.2134 50.0000 38.6126 40.8545 54.3812
14248.0000 0.0507 78.3268 50.0000 38.5467 41.1249 54.3874
14249.0000 0.0520 78.2291 50.0000 38.4959 40.9206 54.4368
14250.0000 0.0565 78.2307 50.0000 38.0806 40.8504 54.7829
14251.0000 0.0456 77.7909 50.0000 38.6491 41.0686 53.5821
14252.0000 0.0466 77.5795 50.0000 38.1253 41.2871 53.4829
14253.0000 0.0445 77.6168 50.0000 38.2490 41.4552 53.3184
14254.0000 0.0408 77.4338 50.0000 38.2558 41.7412 52.8220
14255.0000 0.0445 77.6919 50.0000 37.8816 41.9661 53.2903
14256.0000 0.0420 77.7753 50.0000 38.4978 41.6753 53.1985
14257.0000 0.0399 77.4974 50.0000 38.7315 41.3889 52.8459
14258.0000 0.0417 77.5102 50.0000 38.4951 41.4373 52.9990
14259.0000 0.0481 77.9189 50.0000 38.0073 41.6070 53.8113
14260.0000 0.0459 78.0199 50.0000 38.1543 41.8318 53.6792
14261.0000 0.0431 77.4954 50.0000 38.3010 41.4582 53.1017
14262.0000 0.0490 77.4432 50.0000 37.9416 41.0467 53.6009
14263.0000 0.0432 77.4861 50.0000 38.7032 40.9799 53.1677
14264.0000 0.0454 77.5048 50.0000 38.3380 41.1215 53.3499
14265.0000 0.0506 78.0650 50.0000 38.5638 40.8348 54.2172
14266.0000 0.0478 78.3674 50.0000 38.3183 41.7712 54.1139
14267.0000 0.0458 78.0977 50.0000 38.1386 41.9413 53.7180
14268.0000 0.0442 78.0232 50.0000 37.9963 42.2465 53.4708
14269.0000 0.0433 77.8993 50.0000 37.7818 42.4844 53.2533
14270.0000 0.0502 78.3706 50.0000 37.4930 42.4253 54.1879
14271.0000 0.0486 78.4599 50.0000 37.3690 42.8929 54.0344
14272.0000 0.0538 78.5137 50.0000 37.4662 42.1649 54.6151
14273.0000 0.0602 78.6568 50.0000 37.1288 41.9346 55.2252
14274.0000 0.0558 79.2138 50.0000 37.4267 42.7207 55.2179
14275.0000 0.0588 78.9131 50.0000 37.3854 42.0724 55.3130
14276.0000 0.0535 78.7467 50.0000 37.6516 42.2367 54.7673
14277.0000 0.0473 78.4707 50.0000 38.0222 42.2975 54.0637
14278.0000 0.0551 78.7774 50.0000 38.3073 41.3304 55.0474
14279.0000 0.0534 78.8112 50.0000 38.2430 41.6515 54.8985
14280.0000 0.0424 78.6341 50.0000 38.7143 42.3257 53.7872
14281.0000 0.0463 78.3692 50.0000 38.6286 41.6188 54.0133
14282.0000 0.0443 78.2884 50.0000 39.1337 41.2334 53.8277
14283.0000 0.0459 78.6714 50.0000 39.2154 41.3459 54.2389
14284.0000 0.0442 78.4360 50.0000 39.2394 41.2920 53.9207
14285.0000 0.0435 78.1922 50.0000 38.9563 41.4302 53.6653
14286.0000 0.0451 78.1959 50.0000 38.6232 41.5936 53.7849
14287.0000 0.0464 77.8697 50.0000 38.6324 41.0611 53.7142
14288.0000 0.0434 77.5436 50.0000 38.6522 41.0724 53.2173
14289.0000 0.0395 77.9389 50.0000 38.6367 42.0509 53.0414
14290.0000 0.0367 77.7932 50.0000 38.8205 42.0644 52.6815
14291.0000 0.0445 77.9005 50.0000 38.6949 41.2649 53.5576
14292.0000 0.0469 77.9554 50.0000 38.6901 41.0308 53.8200
14293.0000 0.0455 77.3625 50.0000 37.8025 41.5642 53.1823
14294.0000 0.0461 77.5705 50.0000 38.4817 40.9509 53.4730
14295.0000 0.0466 77.6756 50.0000 38.6140 40.8586 53.6006
14296.0000 0.0517 77.9214 50.0000 38.2708 40.8735 54.1891
14297.0000 0.0562 78.2140 50.0000 37.8211 41.1480 54.7160
14298.0000 0.0551 78.4352 50.0000 38.1727 41.1251 54.8055
14299.0000 0.0530 78.3442 50.0000 37.8075 41.6805 54.5082
14300.0000 0.0568 78.5614 50.0000 38.2953 40.9204 55.0535
14301.0000 0.0543 78.3909 50.0000 37.9451 41.4148 54.6820
14302.0000 0.0661 78.6724 50.0000 37.1736 41.2301 55.7454
14303.0000 0.0664 78.7128 50.0000 37.0998 41.3145 55.7891
14304.0000 0.0745 78.7501 50.0000 37.2747 40.3093 56.4564
14305.0000 0.0828 78.2735 50.0000 36.8181 39.4945 56.6688
14306.0000 0.0831 78.2741 50.0000 36.6037 39.6871 56.6740
14307.0000 0.0718 78.0991 50.0000 36.8359 40.3958 55.7741
14308.0000 0.0820 78.6173 50.0000 36.2014 40.5680 56.7837
14309.0000 0.0709 78.5191 50.0000 36.8102 40.9430 55.9815
14310.0000 0.0685 78.5107 50.0000 36.5228 41.5180 55.7339
14311.0000 0.0696 78.7372 50.0000 36.4948 41.6627 55.9634
14312.0000 0.0708 78.8752 50.0000 36.3739 41.8133 56.1238
14313.0000 0.0637 78.7625 50.0000 36.4319 42.4353 55.4572
14314.0000 0.0608 78.8218 50.0000 36.3253 42.9850 55.1873
14315.0000 0.0552 78.6026 50.0000 37.0627 42.5615 54.7106
14316.0000 0.0486 77.8719 50.0000 37.7792 41.7494 53.7937
14317.0000 0.0437 78.2306 50.0000 38.5496 41.9026 53.6482
14318.0000 0.0538 78.8530 50.0000 37.8553 42.0814 54.8992
14319.0000 0.0491 78.5508 50.0000 37.9994 42.1712 54.2943
14320.0000 0.0576 78.8324 50.0000 37.7247 41.7452 55.2152
14321.0000 0.0577 79.2270 50.0000 38.1184 41.7179 55.5295
14322.0000 0.0642 79.4207 50.0000 37.7512 41.5831 56.1547
14323.0000 0.0661 79.2250 50.0000 37.4485 41.5039 56.1394
14324.0000 0.0766 79.2884 50.0000 36.5820 41.3924 56.8777
14325.0000 0.0762 79.1400 50.0000 36.7501 41.0993 56.7751
14326.0000 0.0654 78.4342 50.0000 36.9944 41.2514 55.5126
14327.0000 0.0648 78.0415 50.0000 36.8139 41.1015 55.1895
14328.0000 0.0690 78.4709 50.0000 36.4060 41.5504 55.7301
14329.0000 0.0664 78.4257 50.0000 36.3897 41.8097 55.4827
14330.0000 0.0757 78.5504 50.0000 36.6879 40.6167 56.3421
14331.0000 0.0696 78.6294 50.0000 36.9877 41.0049 55.9740
14332.0000 0.0582 78.0337 50.0000 37.1634 41.4535 54.6786
14333.0000 0.0565 77.9254 50.0000 37.8424 40.7874 54.5592
14334.0000 0.0665 77.9904 50.0000 37.2604 40.3808 55.3494
14335.0000 0.0599 77.7025 50.0000 37.1317 40.9403 54.6151
14336.0000 0.0590 77.4184 50.0000 36.8356 41.0750 54.3102
14337.0000 0.0580 77.5753 50.0000 37.0968 41.0689 54.3609
14338.0000 0.0562 77.6066 50.0000 37.3656 41.0098 54.2659
14339.0000 0.0621 77.6444 50.0000 36.4990 41.3391 54.6586
14340.0000 0.0566 77.1336 50.0000 36.9947 40.8731 53.9479
14341.0000 0.0630 77.3480 50.0000 37.5813 39.7460 54.6865
14342.0000 0.0683 77.7000 50.0000 37.2813 39.8694 55.2976
14343.0000 0.0755 78.0808 50.0000 37.6627 39.1297 56.0981
14344.0000 0.0742 77.9477 50.0000 37.4847 39.3047 55.9096
14345.0000 0.0766 78.3977 50.0000 38.1541 38.8319 56.4141
14346.0000 0.0870 78.5942 50.0000 37.8915 38.3139 57.2130
14347.0000 0.0883 78.3667 50.0000 37.5479 38.3157 57.1261
14348.0000 0.0804 77.9601 50.0000 37.7035 38.4938 56.3422
14349.0000 0.0798 78.0736 50.0000 38.0687 38.2946 56.3896
14350.0000 0.0773 77.9305 50.0000 37.4195 39.0511 56.1066
14351.0000 0.0759 78.0500 50.0000 36.7316 40.0356 56.0334
14352.0000 0.0745 78.4344 50.0000 37.2745 39.9880 56.2453
14353.0000 0.0697 77.9735 50.0000 37.3578 39.9197 55.5939
14354.0000 0.0671 77.7574 50.0000 36.9532 40.4065 55.2087
14355.0000 0.0687 78.1876 50.0000 37.3904 40.2060 55.6662
14356.0000 0.0634 78.0672 50.0000 36.9589 41.1278 55.1092
14357.0000 0.0592 78.1062 50.0000 37.5903 40.9404 54.8766
14358.0000 0.0537 77.7483 50.0000 38.0632 40.6751 54.2358
14359.0000 0.0477 77.5043 50.0000 38.1781 41.0076 53.5511
14360.0000 0.0539 78.0508 50.0000 38.0645 40.9750 54.4432
14361.0000 0.0541 77.7592 50.0000 38.1483 40.5543 54.2821
14362.0000 0.0535 78.0760 50.0000 38.3319 40.7608 54.4526
14363.0000 0.0612 78.3687 50.0000 38.5645 39.9572 55.2979
14364.0000 0.0568 78.3541 50.0000 38.5742 40.4114 54.9392
14365.0000 0.0566 78.5165 50.0000 39.2483 39.8999 55.0673
14366.0000 0.0672 78.4989 50.0000 38.4871 39.5344 55.8378
14367.0000 0.0621 78.5481 50.0000 38.7168 39.8779 55.5029
14368.0000 0.0727 78.7210 50.0000 37.7791 39.9244 56.3541
14369.0000 0.0702 78.6037 50.0000 38.1515 39.6761 56.1143
14370.0000 0.0695 78.6151 50.0000 38.0961 39.8166 56.0684
14371.0000 0.0654 78.7831 50.0000 37.7019 40.8408 55.8334
14372.0000 0.0614 78.7728 50.0000 38.2663 40.6651 55.5626
14373.0000 0.0573 78.9387 50.0000 38.4524 41.0984 55.3503
14374.0000 0.0524 79.0052 50.0000 38.5418 41.6480 54.9710
14375.0000 0.0531 79.1906 50.0000 38.6267 41.6631 55.1662
14376.0000 0.0639 78.7742 50.0000 37.9555 40.7175 55.7390
14377.0000 0.0694 78.4704 50.0000 37.4975 40.3087 55.9174
14378.0000 0.0610 77.8482 50.0000 37.5868 40.4694 54.8617
14379.0000 0.0580 78.1957 50.0000 37.5508 41.2180 54.8232
14380.0000 0.0544 77.8681 50.0000 37.5241 41.3178 54.2975
14381.0000 0.0535 77.8658 50.0000 38.0017 40.8924 54.2841
14382.0000 0.0514 77.8614 50.0000 38.3730 40.7314 54.1375
14383.0000 0.0564 77.8189 50.0000 37.6903 40.8519 54.4642
14384.0000 0.0540 77.6733 50.0000 37.0998 41.6456 54.0591
14385.0000 0.0622 77.9684 50.0000 36.9239 41.1943 54.9430
14386.0000 0.0590 77.8339 50.0000 36.9403 41.4006 54.5850
14387.0000 0.0681 77.8062 50.0000 36.3919 40.9623 55.2406
14388.0000 0.0702 77.9064 50.0000 36.3161 40.9336 55.4526
14389.0000 0.0692 78.1013 50.0000 36.5938 40.9324 55.5449
14390.0000 0.0772 78.2601 50.0000 36.3047 40.5768 56.2151
14391.0000 0.0695 77.9813 50.0000 36.5744 40.7932 55.4916
14392.0000 0.0730 78.0349 50.0000 36.4368 40.6305 55.7761
14393.0000 0.0725 78.5881 50.0000 36.7506 40.9116 56.1402
14394.0000 0.0753 78.9796 50.0000 36.7329 41.0416 56.6044
14395.0000 0.0691 78.7446 50.0000 36.5329 41.6913 55.9276
14396.0000 0.0733 79.1445 50.0000 37.2152 40.8979 56.6236
14397.0000 0.0677 78.4546 50.0000 37.0089 41.0051 55.7140
14398.0000 0.0592 78.2857 50.0000 37.4382 41.3038 54.9638
14399.0000 0.0519 78.0846 50.0000 37.7467 41.6107 54.2305
14400.0000 0.0630 78.6693 50.0000 37.3183 41.4112 55.5095
14401.0000 0.0602 78.5790 50.0000 37.5714 41.3460 55.2590
14402.0000 0.0582 78.3163 50.0000 37.5704 41.3026 54.9182
14403.0000 0.0577 78.3027 50.0000 36.9531 42.0488 54.7511
14404.0000 0.0556 78.1493 50.0000 37.3413 41.6929 54.5403
14405.0000 0.0508 78.2012 50.0000 37.8683 41.7263 54.2250
14406.0000 0.0587 78.6718 50.0000 37.9279 41.2192 55.2423
14407.0000 0.0584 78.7185 50.0000 38.3250 40.8702 55.2940
14408.0000 0.0548 78.7400 50.0000 38.1908 41.4594 54.9779
14409.0000 0.0538 78.7524 50.0000 38.3076 41.4575 54.9158
14410.0000 0.0637 79.1710 50.0000 38.3591 40.7223 56.0207
14411.0000 0.0647 79.0432 50.0000 38.4935 40.3448 56.0212
14412.0000 0.0506 78.5232 50.0000 38.9339 40.9165 54.5515
14413.0000 0.0547 78.3395 50.0000 38.2365 40.9940 54.7225
14414.0000 0.0560 78.5273 50.0000 38.4742 40.7861 54.9797
14415.0000 0.0567 78.9052 50.0000 39.0309 40.5139 55.3286
14416.0000 0.0496 78.4944 50.0000 38.9757 40.9731 54.4378
14417.0000 0.0512 78.6177 50.0000 38.6836 41.2183 54.6385
14418.0000 0.0428 78.2774 50.0000 38.6736 41.9274 53.6078
14419.0000 0.0442 78.4945 50.0000 38.6179 42.0403 53.8763
14420.0000 0.0462 78.6990 50.0000 38.4455 42.2050 54.1684
14421.0000 0.0417 78.7936 50.0000 38.4118 42.9598 53.7348
14422.0000 0.0471 78.8064 50.0000 37.7506 43.0238 54.1692
14423.0000 0.0481 78.6358 50.0000 37.7626 42.6765 54.1876
14424.0000 0.0564 78.6547 50.0000 36.9773 42.5646 54.8407
14425.0000 0.0524 78.7134 50.0000 37.4202 42.6139 54.5856
14426.0000 0.0506 78.7026 50.0000 37.8149 42.3667 54.4903
14427.0000 0.0511 78.9716 50.0000 37.7413 42.6896 54.6782
14428.0000 0.0552 79.4088 50.0000 37.2693 43.2021 55.2299
14429.0000 0.0512 78.9936 50.0000 37.5396 42.9351 54.6566
14430.0000 0.0492 78.9232 50.0000 37.8621 42.7405 54.4848
14431.0000 0.0543 79.0004 50.0000 37.5650 42.5195 54.9730
14432.0000 0.0565 78.7637 50.0000 37.1239 42.5017 54.9468
14433.0000 0.0511 78.4727 50.0000 37.4950 42.4237 54.3353
14434.0000 0.0479 78.6912 50.0000 38.5273 41.8837 54.3481
14435.0000 0.0567 78.8804 50.0000 38.0610 41.5347 55.2118
14436.0000 0.0512 78.5647 50.0000 38.0043 41.9191 54.5057
14437.0000 0.0473 79.0251 50.0000 38.6538 42.1747 54.5174
14438.0000 0.0546 79.2275 50.0000 37.5599 42.7336 55.1370
14439.0000 0.0642 79.0851 50.0000 37.3335 41.6940 55.8773
14440.0000 0.0658 79.7152 50.0000 36.8920 42.6764 56.3225
14441.0000 0.0641 79.2773 50.0000 36.8163 42.4954 55.8891
14442.0000 0.0671 78.9499 50.0000 36.6530 41.9855 55.9183
14443.0000 0.0607 78.6024 50.0000 36.4177 42.6490 55.0740
14444.0000 0.0553 78.8437 50.0000 36.6431 43.3212 54.7438
14445.0000 0.0539 78.9245 50.0000 36.5706 43.6937 54.6126
14446.0000 0.0479 78.6867 50.0000 36.5956 44.2540 53.7954
14447.0000 0.0438 78.3543 50.0000 36.7635 44.2701 53.1790
14448.0000 0.0450 77.9598 50.0000 36.4477 44.0368 53.0099
14449.0000 0.0427 77.1759 50.0000 36.0339 44.0423 52.1340
14450.0000 0.0472 77.5365 50.0000 36.1254 43.6254 52.9498
14451.0000 0.0380 76.9642 50.0000 36.9620 43.2445 51.8382
14452.0000 0.0407 76.9245 50.0000 36.7152 43.0912 52.0818
14453.0000 0.0454 77.1698 50.0000 36.4540 43.0190 52.6844
14454.0000 0.0483 76.9198 50.0000 36.3030 42.5097 52.8364
14455.0000 0.0531 77.3916 50.0000 36.7450 41.8566 53.7336
14456.0000 0.0429 76.9061 50.0000 37.0160 42.3440 52.4534
14457.0000 0.0512 76.9407 50.0000 36.4091 42.0060 53.1954
14458.0000 0.0537 77.0176 50.0000 36.5452 41.6105 53.5231
14459.0000 0.0500 77.1935 50.0000 37.5658 41.0778 53.4815
14460.0000 0.0568 77.4097 50.0000 36.8938 41.2579 54.1193
14461.0000 0.0570 77.2337 50.0000 36.5341 41.4571 53.9593
14462.0000 0.0507 77.1359 50.0000 37.0543 41.5199 53.4137
14463.0000 0.0576 77.0055 50.0000 36.1173 41.6282 53.7817
14464.0000 0.0595 76.7096 50.0000 35.7550 41.4991 53.7008
14465.0000 0.0586 77.0566 50.0000 36.3496 41.2897 53.9591
14466.0000 0.0541 76.9263 50.0000 36.0018 42.1110 53.3684
14467.0000 0.0571 76.8239 50.0000 35.8423 41.8159 53.5600
14468.0000 0.0610 77.1568 50.0000 35.4364 42.2010 54.0047
14469.0000 0.0577 76.3329 50.0000 35.3772 41.7615 53.2084
14470.0000 0.0566 76.1927 50.0000 35.8434 41.1862 53.1439
14471.0000 0.0455 75.6842 50.0000 35.9059 41.9802 51.7352
14472.0000 0.0488 75.7693 50.0000 35.7319 41.8363 52.0955
14473.0000 0.0489 75.5470 50.0000 35.6680 41.6527 51.9634
14474.0000 0.0566 75.9984 50.0000 35.4079 41.4867 52.9235
14475.0000 0.0585 75.9114 50.0000 35.4149 41.1561 53.0518
14476.0000 0.0488 75.7706 50.0000 35.8405 41.7052 52.1280
14477.0000 0.0616 76.1504 50.0000 35.8691 40.5181 53.5778
14478.0000 0.0574 76.0665 50.0000 36.2182 40.5078 53.2303
14479.0000 0.0542 75.7100 50.0000 36.3185 40.3834 52.7462
14480.0000 0.0591 76.1076 50.0000 36.1268 40.4638 53.3844
14481.0000 0.0583 76.3507 50.0000 36.2335 40.6998 53.4798
14482.0000 0.0496 76.0795 50.0000 36.7312 40.8722 52.6153
14483.0000 0.0477 75.9759 50.0000 36.4674 41.3163 52.3013
14484.0000 0.0616 76.2304 50.0000 35.1685 41.4253 53.4621
14485.0000 0.0698 76.3042 50.0000 34.6229 41.2179 54.0803
14486.0000 0.0637 76.4744 50.0000 34.4965 42.2784 53.5805
14487.0000 0.0656 76.5502 50.0000 34.3248 42.3371 53.7523
14488.0000 0.0620 76.5283 50.0000 34.4385 42.6237 53.4208
14489.0000 0.0635 76.5711 50.0000 34.4702 42.4417 53.6064
14490.0000 0.0680 76.5416 50.0000 33.9293 42.5389 53.8318
14491.0000 0.0792 76.9515 50.0000 33.5669 42.1261 54.9561
14492.0000 0.0841 76.9631 50.0000 33.0007 42.2813 55.1957
14493.0000 0.0745 76.9207 50.0000 33.9193 42.1988 54.6401
14494.0000 0.0696 76.6486 50.0000 33.9585 42.4326 54.0491
14495.0000 0.0682 76.3453 50.0000 33.9234 42.3068 53.7396
14496.0000 0.0732 76.5348 50.0000 34.1397 41.6622 54.3720
14497.0000 0.0675 76.1078 50.0000 34.5209 41.3844 53.7403
14498.0000 0.0711 76.3832 50.0000 34.2778 41.5646 54.1462
14499.0000 0.0708 76.1773 50.0000 34.1538 41.5295 53.9610
14500.0000 0.0669 76.1226 50.0000 34.2816 41.7588 53.6249
14501.0000 0.0720 76.2538 50.0000 34.5764 40.9739 54.2241
14502.0000 0.0832 76.6512 50.0000 33.8259 41.0724 55.1750
14503.0000 0.0847 76.9295 50.0000 33.3576 41.7626 55.3290
14504.0000 0.0833 76.5710 50.0000 33.4360 41.4368 55.0286
14505.0000 0.0763 76.4251 50.0000 33.8943 41.4915 54.5016
14506.0000 0.0741 76.6041 50.0000 34.1056 41.6751 54.4810
14507.0000 0.0740 76.3491 50.0000 34.4856 40.9618 54.4248
14508.0000 0.0750 76.4856 50.0000 34.7301 40.7187 54.6431
14509.0000 0.0677 76.0096 50.0000 34.8014 40.9224 53.7742
14510.0000 0.0678 76.0678 50.0000 34.3793 41.4843 53.6975
14511.0000 0.0694 76.4040 50.0000 33.9915 42.1350 53.9146
14512.0000 0.0706 76.0572 50.0000 34.5559 40.9453 53.9821
14513.0000 0.0686 75.9051 50.0000 34.5193 41.0464 53.7140
14514.0000 0.0651 75.7595 50.0000 34.3284 41.5235 53.2621
14515.0000 0.0660 75.7800 50.0000 34.6275 41.0704 53.4488
14516.0000 0.0706 75.8948 50.0000 34.4552 40.8891 53.8604
14517.0000 0.0684 75.7064 50.0000 34.3834 41.0127 53.5462
14518.0000 0.0668 75.4887 50.0000 34.0609 41.3477 53.1861
14519.0000 0.0694 75.4752 50.0000 34.4067 40.6249 53.5005
14520.0000 0.0672 75.5610 50.0000 34.6530 40.6719 53.4269
14521.0000 0.0606 75.4460 50.0000 35.4394 40.3732 52.9731
14522.0000 0.0663 75.3807 50.0000 34.6808 40.5410 53.2533
14523.0000 0.0582 75.1963 50.0000 35.0136 40.8772 52.5128
14524.0000 0.0529 75.0631 50.0000 35.9404 40.2717 52.1627
14525.0000 0.0580 75.4986 50.0000 35.7773 40.3392 52.8467
14526.0000 0.0578 75.9676 50.0000 36.2019 40.3815 53.1961
14527.0000 0.0531 75.9829 50.0000 36.0224 41.1701 52.7334
14528.0000 0.0484 75.7511 50.0000 36.0228 41.5120 52.1281
14529.0000 0.0478 75.9233 50.0000 36.4208 41.2947 52.2744
14530.0000 0.0438 75.6649 50.0000 36.2963 41.6924 51.6672
14531.0000 0.0502 75.7842 50.0000 36.0558 41.2647 52.3493
14532.0000 0.0449 75.6244 50.0000 36.1249 41.7047 51.7181
14533.0000 0.0357 75.6179 50.0000 36.8249 42.1621 50.8365
14534.0000 0.0379 75.9602 50.0000 36.7423 42.3356 51.2607
14535.0000 0.0439 76.2839 50.0000 36.6030 42.0070 52.1044
14536.0000 0.0460 76.4074 50.0000 36.8142 41.5996 52.4621
14537.0000 0.0495 76.9331 50.0000 36.4168 42.2137 53.0144
14538.0000 0.0416 76.7470 50.0000 37.1905 42.1412 52.2599
14539.0000 0.0432 76.5456 50.0000 37.1484 41.7289 52.3252
14540.0000 0.0429 76.4485 50.0000 36.8570 42.0264 52.1509
14541.0000 0.0392 76.1743 50.0000 37.1456 41.8791 51.6611
14542.0000 0.0437 76.5652 50.0000 36.4354 42.5757 52.1728
14543.0000 0.0428 76.7433 50.0000 36.5086 42.8393 52.1676
14544.0000 0.0444 76.9010 50.0000 36.3385 43.0127 52.3754
14545.0000 0.0451 76.7467 50.0000 36.5122 42.4972 52.4491
14546.0000 0.0297 76.1072 50.0000 37.6493 42.6656 50.5418
14547.0000 0.0262 76.1135 50.0000 38.1827 42.5965 50.2084
14548.0000 0.0336 76.1111 50.0000 37.6774 41.9920 51.0879
14549.0000 0.0416 76.2785 50.0000 37.1375 41.6655 51.9923
14550.0000 0.0476 76.1081 50.0000 36.7365 41.1439 52.4409
14551.0000 0.0464 76.2291 50.0000 36.3804 41.8737 52.2871
14552.0000 0.0420 76.3389 50.0000 37.2308 41.5639 52.0954
14553.0000 0.0401 75.9791 50.0000 37.1803 41.4864 51.6655
14554.0000 0.0413 75.7503 50.0000 36.8404 41.4714 51.5850
14555.0000 0.0406 75.5406 50.0000 36.6862 41.5086 51.3570
14556.0000 0.0510 75.8040 50.0000 35.6981 41.6263 52.3369
14557.0000 0.0480 75.9616 50.0000 35.3220 42.7200 51.9377
14558.0000 0.0440 76.0739 50.0000 36.0425 42.4737 51.8089
14559.0000 0.0467 76.2537 50.0000 35.8240 42.5749 52.1406
14560.0000 0.0397 76.1001 50.0000 36.1254 43.0640 51.2998
14561.0000 0.0397 76.2412 50.0000 36.5576 42.6444 51.5531
14562.0000 0.0438 76.3265 50.0000 35.9971 42.8779 51.8791
14563.0000 0.0397 75.7503 50.0000 36.6517 41.9376 51.3419
14564.0000 0.0371 75.6394 50.0000 36.4478 42.4807 50.8750
14565.0000 0.0388 75.9797 50.0000 36.4840 42.5666 51.2827
14566.0000 0.0409 76.2366 50.0000 36.8876 42.0228 51.8209
14567.0000 0.0356 76.1651 50.0000 37.2900 42.2365 51.2509
14568.0000 0.0333 76.0085 50.0000 37.4847 42.1583 50.9398
14569.0000 0.0314 76.1668 50.0000 37.3528 42.8412 50.7029
14570.0000 0.0405 76.8840 50.0000 37.1362 42.5237 52.1899
14571.0000 0.0361 76.5981 50.0000 37.1210 42.8933 51.4730
14572.0000 0.0362 76.4463 50.0000 36.8549 43.0612 51.2981
14573.0000 0.0365 76.5149 50.0000 36.9043 43.0148 51.4036
14574.0000 0.0319 76.5415 50.0000 37.5057 43.0098 51.0105
14575.0000 0.0384 76.8106 50.0000 36.5947 43.5015 51.6556
14576.0000 0.0415 76.9010 50.0000 36.3316 43.4782 51.9944
14577.0000 0.0386 76.7577 50.0000 36.7828 43.1433 51.7439
14578.0000 0.0420 77.0662 50.0000 36.4274 43.4633 52.1841
14579.0000 0.0451 76.9774 50.0000 36.5593 42.6934 52.5947
14580.0000 0.0419 76.6212 50.0000 36.8328 42.4033 52.1163
14581.0000 0.0433 76.3868 50.0000 36.6650 42.1293 52.1128
14582.0000 0.0390 76.2493 50.0000 37.0166 42.1560 51.6392
14583.0000 0.0462 76.8730 50.0000 36.9146 41.9730 52.7734
14584.0000 0.0470 77.1470 50.0000 37.1701 41.8710 53.0742
14585.0000 0.0450 77.0018 50.0000 37.4183 41.6795 52.8391
14586.0000 0.0448 77.0185 50.0000 37.4710 41.6674 52.8356
14587.0000 0.0519 77.1306 50.0000 37.0367 41.3847 53.5230
14588.0000 0.0373 76.5939 50.0000 37.7685 41.8643 51.8415
14589.0000 0.0378 76.6152 50.0000 37.4263 42.2529 51.8059
14590.0000 0.0327 76.3466 50.0000 37.6386 42.4519 51.0879
14591.0000 0.0278 76.2072 50.0000 37.8567 42.8460 50.3848
14592.0000 0.0271 75.8701 50.0000 37.7980 42.6351 50.0982
14593.0000 0.0275 76.0123 50.0000 37.9470 42.5437 50.2784
14594.0000 0.0318 75.9184 50.0000 37.6915 42.0221 50.7652
14595.0000 0.0300 75.9835 50.0000 37.1271 43.1968 50.2902
14596.0000 0.0295 76.0905 50.0000 37.7564 42.5316 50.5498
14597.0000 0.0284 76.2359 50.0000 37.7701 42.9065 50.4418
14598.0000 0.0274 76.2819 50.0000 37.6633 43.3109 50.2451
14599.0000 0.0337 76.7961 50.0000 37.3708 43.2090 51.3230
14600.0000 0.0242 76.5579 50.0000 37.9414 43.9277 49.9192
14601.0000 0.0284 77.1511 50.0000 37.9466 43.8203 50.9129
14602.0000 0.0287 77.3301 50.0000 38.2097 43.6100 51.1677
14603.0000 0.0253 77.2596 50.0000 38.5531 43.6959 50.7285
14604.0000 0.0260 77.4352 50.0000 38.5565 43.7646 50.9340
14605.0000 0.0236 77.1732 50.0000 39.1926 43.0435 50.6646
14606.0000 0.0258 76.9708 50.0000 38.4064 43.4277 50.6308
14607.0000 0.0269 77.0190 50.0000 38.0598 43.7803 50.6623
14608.0000 0.0347 77.3528 50.0000 37.6157 43.3782 51.8348
14609.0000 0.0345 77.1104 50.0000 37.5602 43.1867 51.6734
14610.0000 0.0370 76.8230 50.0000 37.4433 42.5925 51.8233
14611.0000 0.0411 77.2451 50.0000 37.5660 42.3204 52.5792
14612.0000 0.0444 77.5585 50.0000 37.7048 42.0481 53.1566
14613.0000 0.0590 77.7524 50.0000 36.8538 41.4132 54.5176
14614.0000 0.0539 77.4636 50.0000 37.0426 41.4973 53.9113
14615.0000 0.0457 77.4113 50.0000 38.0613 41.2959 53.2775
14616.0000 0.0406 76.9217 50.0000 37.5520 42.0332 52.3450
14617.0000 0.0407 77.1007 50.0000 37.7394 41.9904 52.5078
14618.0000 0.0399 77.1777 50.0000 37.5808 42.4003 52.4052
14619.0000 0.0434 77.2911 50.0000 37.7746 41.7892 52.9212
14620.0000 0.0388 77.3976 50.0000 37.9485 42.3583 52.4983
14621.0000 0.0357 77.2769 50.0000 38.4414 42.0698 52.1930
14622.0000 0.0392 77.1289 50.0000 38.0248 41.8952 52.4193
14623.0000 0.0445 77.5564 50.0000 38.4807 41.1413 53.3068
14624.0000 0.0437 77.8891 50.0000 38.2311 41.8896 53.3888
14625.0000 0.0439 77.8519 50.0000 38.3119 41.7278 53.4033
14626.0000 0.0406 77.6916 50.0000 38.0999 42.2408 52.9159
14627.0000 0.0425 77.5478 50.0000 37.8601 42.1113 52.9803
14628.0000 0.0485 77.9392 50.0000 37.9593 41.6296 53.8571
14629.0000 0.0479 77.6408 50.0000 37.6843 41.6933 53.5692
14630.0000 0.0488 77.6666 50.0000 37.9419 41.3171 53.7161
14631.0000 0.0368 77.3764 50.0000 38.2814 42.2120 52.3430
14632.0000 0.0338 77.1658 50.0000 38.5603 42.0863 51.9269
14633.0000 0.0408 77.4356 50.0000 38.1609 41.8593 52.7997
14634.0000 0.0376 77.3691 50.0000 38.1383 42.2594 52.3984
14635.0000 0.0418 77.3143 50.0000 37.8151 41.9980 52.7607
14636.0000 0.0416 77.5813 50.0000 37.7717 42.3803 52.8778
14637.0000 0.0432 77.8532 50.0000 38.0345 42.1406 53.2792
14638.0000 0.0573 78.5565 50.0000 37.5212 41.7153 54.9828
14639.0000 0.0530 78.4203 50.0000 37.4436 42.1882 54.4782
14640.0000 0.0570 78.7195 50.0000 37.5838 41.8570 55.0655
14641.0000 0.0554 79.1811 50.0000 37.4507 42.7090 55.1637
14642.0000 0.0485 79.0541 50.0000 37.9754 42.8414 54.5164
14643.0000 0.0502 78.9810 50.0000 37.7927 42.7518 54.6076
14644.0000 0.0456 78.6122 50.0000 38.0864 42.5998 53.9867
14645.0000 0.0468 79.0121 50.0000 37.8966 43.1238 54.2872
14646.0000 0.0447 78.7517 50.0000 38.2854 42.6516 54.0083
14647.0000 0.0402 78.8885 50.0000 39.1552 42.4102 53.7740
14648.0000 0.0394 78.9803 50.0000 39.4681 42.2571 53.8004
14649.0000 0.0477 79.7635 50.0000 39.2042 42.3052 55.0956
14650.0000 0.0422 79.9475 50.0000 39.5454 42.8554 54.6918
14651.0000 0.0384 80.2768 50.0000 40.1381 43.0666 54.5762
14652.0000 0.0407 80.4570 50.0000 39.8106 43.3222 54.8783
14653.0000 0.0461 80.7764 50.0000 39.3398 43.4691 55.5667
14654.0000 0.0457 80.6799 50.0000 39.1440 43.6383 55.4318
14655.0000 0.0426 80.3008 50.0000 39.4069 43.3447 54.9232
14656.0000 0.0444 80.3276 50.0000 39.0399 43.5551 55.0579
14657.0000 0.0373 80.2162 50.0000 40.0583 43.2497 54.4007
14658.0000 0.0328 79.9974 50.0000 40.2243 43.4995 53.7530
14659.0000 0.0365 79.8935 50.0000 39.9585 43.1350 54.0894
14660.0000 0.0421 80.2373 50.0000 39.8110 42.8755 54.9073
14661.0000 0.0405 80.1423 50.0000 40.1480 42.6207 54.7212
14662.0000 0.0335 79.4822 50.0000 40.1048 42.9477 53.5212
14663.0000 0.0375 79.3018 50.0000 39.6525 42.6790 53.8048
14664.0000 0.0339 79.3953 50.0000 39.3947 43.6303 53.3673
14665.0000 0.0357 79.4978 50.0000 39.6904 43.1178 53.7162
14666.0000 0.0361 79.6474 50.0000 39.4755 43.4820 53.8025
14667.0000 0.0369 79.6307 50.0000 39.3419 43.5033 53.8583
14668.0000 0.0360 79.4682 50.0000 39.3324 43.4623 53.6581
14669.0000 0.0429 79.9249 50.0000 39.7887 42.4587 54.7915
14670.0000 0.0465 80.6632 50.0000 39.9111 42.6441 55.6339
14671.0000 0.0487 80.9748 50.0000 39.8126 42.8089 56.0292
14672.0000 0.0448 80.5649 50.0000 39.9710 42.6894 55.4134
14673.0000 0.0405 80.7721 50.0000 39.6329 43.9125 55.0006
14674.0000 0.0441 80.7638 50.0000 39.4167 43.6351 55.3633
14675.0000 0.0393 80.5829 50.0000 39.4354 44.1068 54.7087
14676.0000 0.0397 80.8215 50.0000 39.3507 44.4268 54.8626
14677.0000 0.0373 80.5987 50.0000 39.5198 44.3382 54.4835
14678.0000 0.0349 80.6356 50.0000 39.4423 44.8752 54.1536
14679.0000 0.0401 81.0848 50.0000 39.2626 44.7815 55.0255
14680.0000 0.0390 81.7098 50.0000 39.7056 45.1342 55.3431
14681.0000 0.0420 81.4688 50.0000 39.6442 44.4660 55.5723
14682.0000 0.0391 81.0942 50.0000 39.7115 44.3957 55.0298
14683.0000 0.0374 81.1612 50.0000 40.0034 44.3720 54.9362
14684.0000 0.0425 81.0676 50.0000 39.6975 43.8705 55.4207
14685.0000 0.0378 81.1667 50.0000 40.2142 44.0631 55.0391
14686.0000 0.0449 81.1748 50.0000 39.9317 43.3846 55.7906
14687.0000 0.0436 80.8623 50.0000 39.1413 44.1453 55.2979
14688.0000 0.0484 80.7393 50.0000 38.5687 44.0284 55.6129
14689.0000 0.0483 80.6922 50.0000 38.8820 43.6093 55.6565
14690.0000 0.0464 80.8684 50.0000 39.3485 43.5179 55.6560
14691.0000 0.0451 80.9621 50.0000 39.4136 43.7263 55.5828
14692.0000 0.0430 81.1530 50.0000 39.4149 44.2408 55.4529
14693.0000 0.0363 80.9080 50.0000 39.7325 44.5824 54.5879
14694.0000 0.0362 80.8393 50.0000 39.6223 44.6658 54.4980
14695.0000 0.0288 80.5276 50.0000 40.1468 44.8994 53.4506
14696.0000 0.0309 80.5339 50.0000 39.9012 44.8484 53.6864
14697.0000 0.0325 80.6171 50.0000 40.0348 44.4951 54.0048
14698.0000 0.0360 80.5221 50.0000 40.1753 43.6512 54.4456
14699.0000 0.0350 80.5070 50.0000 40.0668 43.9207 54.2862
14700.0000 0.0359 80.3740 50.0000 39.6810 44.1036 54.2243
14701.0000 0.0349 80.6029 50.0000 39.9397 44.2012 54.2947
14702.0000 0.0354 80.7453 50.0000 40.7201 43.3691 54.5967
14703.0000 0.0341 77.5481 49.0000 38.8887 42.0857 52.2511
14704.0000 0.0462 80.6622 50.0000 39.3097 43.3600 55.5072
14705.0000 0.0408 80.9820 50.0000 39.3885 44.3968 55.0959
14706.0000 0.0441 81.6310 50.0000 39.4542 44.5746 55.8578
14707.0000 0.0449 81.7106 50.0000 39.8010 44.1343 56.0773
14708.0000 0.0364 81.2901 50.0000 39.7357 45.0122 54.8002
14709.0000 0.0417 81.0642 50.0000 39.8774 43.7773 55.3601
14710.0000 0.0501 81.4344 50.0000 39.4657 43.5115 56.3983
14711.0000 0.0520 81.6208 50.0000 39.3712 43.5771 56.6824
14712.0000 0.0453 81.5381 50.0000 39.2308 44.5645 55.8875
14713.0000 0.0478 81.4342 50.0000 39.2525 44.0645 56.1167
14714.0000 0.0485 81.6067 50.0000 39.1890 44.2390 56.2741
14715.0000 0.0521 81.6793 50.0000 38.9985 44.0606 56.6506
14716.0000 0.0546 82.1332 50.0000 38.4063 44.9362 57.0225
14717.0000 0.0568 82.4522 50.0000 38.0485 45.4381 57.3242
14718.0000 0.0529 82.6822 50.0000 37.8673 46.5124 56.9123
14719.0000 0.0535 83.0689 50.0000 38.3395 46.2414 57.3782
14720.0000 0.0540 82.6976 50.0000 38.4499 45.5993 57.2817
14721.0000 0.0462 82.7468 50.0000 38.9489 46.1913 56.5365
14722.0000 0.0471 83.0009 50.0000 38.6825 46.6992 56.6746
14723.0000 0.0447 82.8387 50.0000 39.1314 46.2926 56.4621
14724.0000 0.0413 82.5685 50.0000 39.3660 46.2228 55.9583
14725.0000 0.0408 83.2641 50.0000 39.5682 46.8746 56.3031
14726.0000 0.0459 83.3820 50.0000 39.4889 46.2794 57.0211
14727.0000 0.0415 82.6442 50.0000 40.0423 45.3892 56.2717
14728.0000 0.0420 82.9062 50.0000 40.0936 45.5591 56.4827
14729.0000 0.0458 82.4787 50.0000 39.4207 45.3306 56.5145
14730.0000 0.0503 82.1004 50.0000 38.9816 44.7847 56.7031
14731.0000 0.0550 82.2152 50.0000 38.5697 44.7805 57.1527
14732.0000 0.0500 82.1586 50.0000 39.1339 44.7146 56.7377
14733.0000 0.0508 82.7827 50.0000 38.7984 45.7169 57.0755
14734.0000 0.0479 82.5752 50.0000 38.9939 45.6693 56.6785
14735.0000 0.0504 82.4155 50.0000 38.7857 45.3728 56.8269
14736.0000 0.0498 82.2337 50.0000 38.8555 45.1718 56.6757
14737.0000 0.0552 82.0405 50.0000 38.8158 44.2590 57.1411
14738.0000 0.0519 81.2121 50.0000 38.8776 43.7086 56.3337
14739.0000 0.0524 81.0266 50.0000 38.8803 43.4401 56.2724
14740.0000 0.0453 80.6113 50.0000 38.7923 44.0449 55.2575
14741.0000 0.0382 80.2823 50.0000 38.3677 45.3326 54.0197
14742.0000 0.0455 80.1259 50.0000 38.4563 43.8748 54.9207
14743.0000 0.0562 80.9269 50.0000 37.8774 44.0207 56.3617
14744.0000 0.0506 80.5455 50.0000 38.2920 43.8458 55.6673
14745.0000 0.0565 80.7898 50.0000 38.8089 42.7479 56.5108
14746.0000 0.0511 80.8020 50.0000 38.5587 43.7442 55.9342
14747.0000 0.0556 80.9871 50.0000 38.5535 43.3721 56.4924
14748.0000 0.0511 81.0550 50.0000 39.2320 43.2295 56.2315
14749.0000 0.0562 81.2125 50.0000 38.9941 43.0293 56.7751
14750.0000 0.0610 81.3122 50.0000 38.6367 42.9579 57.2145
14751.0000 0.0657 81.5071 50.0000 38.9691 42.2515 57.7895
14752.0000 0.0600 81.4188 50.0000 38.8000 43.0096 57.2168
14753.0000 0.0512 81.2529 50.0000 39.1988 43.4685 56.3559
14754.0000 0.0531 81.1069 50.0000 38.3893 44.0190 56.2754
14755.0000 0.0480 80.8631 50.0000 38.6950 44.0625 55.6780
14756.0000 0.0514 80.6564 50.0000 38.3966 43.7332 55.8441
14757.0000 0.0492 80.1384 50.0000 38.5504 43.2682 55.3525
14758.0000 0.0493 79.9585 50.0000 38.2695 43.3846 55.1959
14759.0000 0.0479 79.8206 50.0000 38.5174 43.1326 55.0210
14760.0000 0.0390 79.4577 50.0000 38.8107 43.6327 53.8835
14761.0000 0.0384 79.6507 50.0000 39.2989 43.3524 54.0408
14762.0000 0.0396 79.5465 50.0000 38.8101 43.6424 54.0070
14763.0000 0.0395 79.4495 50.0000 38.5573 43.8715 53.8596
14764.0000 0.0401 79.3467 50.0000 38.4189 43.8342 53.8373
14765.0000 0.0374 79.8412 50.0000 38.5954 44.6211 53.7956
14766.0000 0.0322 80.0552 50.0000 39.1327 45.0649 53.3538
14767.0000 0.0415 80.3816 50.0000 38.3392 44.9322 54.5199
14768.0000 0.0368 80.5448 50.0000 38.7309 45.3996 54.0948
14769.0000 0.0355 80.4065 50.0000 38.4039 45.9359 53.6678
14770.0000 0.0377 80.2878 50.0000 37.9514 46.0578 53.7076
14771.0000 0.0358 80.2482 50.0000 38.0237 46.2809 53.4046
14772.0000 0.0376 80.1265 50.0000 37.8426 46.0263 53.5702
14773.0000 0.0413 79.9364 50.0000 37.5383 45.5450 53.9107
14774.0000 0.0361 80.1010 50.0000 38.8555 44.8077 53.8396
14775.0000 0.0383 80.4060 50.0000 38.2120 45.6913 54.0118
14776.0000 0.0418 80.4496 50.0000 37.8364 45.6680 54.3597
14777.0000 0.0318 80.4134 50.0000 38.6471 46.3491 53.1458
14778.0000 0.0297 80.1781 50.0000 38.8318 46.1917 52.7914
14779.0000 0.0297 80.0702 50.0000 38.8399 46.0208 52.7711
14780.0000 0.0270 79.9348 50.0000 39.6215 45.2262 52.6716
14781.0000 0.0305 79.9660 50.0000 38.8734 45.6575 52.9038
14782.0000 0.0297 79.6140 50.0000 39.3502 44.6740 52.8601
14783.0000 0.0245 79.4399 50.0000 40.3041 44.1711 52.2991
14784.0000 0.0274 79.3438 50.0000 40.5270 43.2740 52.7291
14785.0000 0.0286 79.6154 50.0000 40.7753 43.1029 53.0860
14786.0000 0.0407 79.9980 50.0000 39.9257 42.6791 54.6271
14787.0000 0.0398 79.2629 50.0000 39.4491 42.5430 54.0044
14788.0000 0.0419 79.5777 50.0000 40.0037 41.9819 54.4961
14789.0000 0.0429 79.5441 50.0000 40.1929 41.6158 54.5885
14790.0000 0.0458 79.4792 50.0000 39.9085 41.4727 54.8113
14791.0000 0.0503 79.3427 50.0000 39.8866 40.8070 55.1282
14792.0000 0.0457 79.2894 50.0000 39.7676 41.4453 54.6593
14793.0000 0.0423 79.4631 50.0000 40.0794 41.7209 54.4737
14794.0000 0.0407 79.5247 50.0000 40.3230 41.7394 54.3697
14795.0000 0.0338 79.0835 50.0000 39.9870 42.5970 53.2985
14796.0000 0.0352 79.2089 50.0000 40.4179 42.0516 53.5921
14797.0000 0.0362 79.2238 50.0000 40.1218 42.2527 53.6783
14798.0000 0.0283 78.7661 50.0000 40.4858 42.5163 52.5106
14799.0000 0.0285 78.7387 50.0000 40.1740 42.8215 52.4610
14800.0000 0.0292 78.8197 50.0000 40.2906 42.6630 52.6220
14801.0000 0.0284 79.0184 50.0000 40.1876 43.1301 52.6180
14802.0000 0.0336 79.0933 50.0000 39.5708 43.1194 53.2035
14803.0000 0.0304 78.5525 50.0000 39.4455 43.1638 52.4542
14804.0000 0.0282 78.1239 50.0000 40.2362 42.0954 52.0803
14805.0000 0.0210 77.8715 50.0000 40.8638 42.3168 51.0237
14806.0000 0.0171 77.2900 50.0000 40.7416 42.5328 50.0482
14807.0000 0.0154 77.2977 50.0000 40.9848 42.6157 49.7903
14808.0000 0.0207 77.7693 50.0000 40.8192 42.3095 50.9094
14809.0000 0.0184 77.2045 50.0000 40.4306 42.5379 50.1640
14810.0000 0.0201 76.9284 50.0000 40.2210 42.1453 50.2397
14811.0000 0.0195 76.8487 50.0000 40.4302 41.9250 50.1341
14812.0000 0.0218 76.8783 50.0000 40.6115 41.3511 50.5080
14813.0000 0.0264 77.4103 50.0000 40.3487 41.4789 51.4182
14814.0000 0.0243 76.9730 50.0000 39.8734 41.8474 50.8306
14815.0000 0.0244 76.6764 50.0000 39.4362 41.9981 50.5985
14816.0000 0.0237 76.6389 50.0000 40.0754 41.3554 50.5689
14817.0000 0.0306 76.5907 50.0000 38.9972 41.4190 51.2819
14818.0000 0.0298 76.7847 50.0000 39.3134 41.3961 51.3489
14819.0000 0.0362 77.2549 50.0000 39.0583 41.2770 52.3352
14820.0000 0.0330 77.2941 50.0000 39.5451 41.2256 52.0673
14821.0000 0.0332 77.4608 50.0000 39.5654 41.3561 52.1960
14822.0000 0.0317 77.2104 50.0000 39.4882 41.3932 51.8529
14823.0000 0.0323 76.9577 50.0000 39.5238 40.9816 51.7772
14824.0000 0.0246 76.9532 50.0000 40.1036 41.5206 50.8875
14825.0000 0.0309 76.8865 50.0000 39.9811 40.6227 51.6028
14826.0000 0.0322 77.2627 50.0000 40.0193 40.7985 51.9949
14827.0000 0.0324 76.6246 50.0000 39.7175 40.4138 51.5807
14828.0000 0.0316 76.5987 50.0000 39.8722 40.3267 51.4910
14829.0000 0.0298 76.4465 50.0000 39.5701 40.7447 51.1679
14830.0000 0.0277 76.4022 50.0000 39.6768 40.8862 50.9054
14831.0000 0.0309 76.4930 50.0000 39.7449 40.4565 51.3302
14832.0000 0.0263 76.5137 50.0000 39.8580 41.0388 50.8086
14833.0000 0.0291 76.7171 50.0000 40.0197 40.6619 51.2888
14834.0000 0.0301 76.8907 50.0000 39.1869 41.6161 51.4264
14835.0000 0.0271 76.1686 50.0000 39.3194 41.1156 50.6473
14836.0000 0.0288 76.4593 50.0000 39.1276 41.3949 51.0050
14837.0000 0.0298 76.6897 50.0000 39.4259 41.1668 51.3050
14838.0000 0.0339 76.6246 50.0000 38.5514 41.4765 51.6218
14839.0000 0.0327 76.7327 50.0000 38.5038 41.8264 51.5356
14840.0000 0.0305 76.7142 50.0000 38.9121 41.6684 51.3290
14841.0000 0.0291 76.7569 50.0000 39.2874 41.5062 51.2382
14842.0000 0.0324 76.5702 50.0000 38.6720 41.5002 51.4315
14843.0000 0.0327 76.9391 50.0000 38.6513 41.8904 51.6807
14844.0000 0.0360 77.2056 50.0000 38.5625 41.8118 52.2055
14845.0000 0.0355 77.1725 50.0000 38.9285 41.4255 52.1929
14846.0000 0.0318 77.0194 50.0000 38.9617 41.7518 51.6794
14847.0000 0.0296 76.8182 50.0000 38.9973 41.8254 51.2921
14848.0000 0.0298 76.5252 50.0000 38.4842 42.0757 51.0364
14849.0000 0.0273 76.6236 50.0000 38.9914 41.9851 50.8734
14850.0000 0.0227 76.7403 50.0000 39.6571 42.1034 50.4351
14851.0000 0.0302 76.9898 50.0000 38.8743 42.0801 51.4342
14852.0000 0.0308 77.2680 50.0000 39.0489 42.0973 51.7044
14853.0000 0.0305 76.9085 50.0000 39.1613 41.5928 51.4912
14854.0000 0.0225 76.0953 50.0000 39.1715 41.9709 49.9452
14855.0000 0.0237 76.2579 50.0000 39.3363 41.7500 50.2480
14856.0000 0.0236 75.8591 50.0000 39.1224 41.5555 49.9717
14857.0000 0.0248 76.0771 50.0000 38.9497 41.8115 50.2240
14858.0000 0.0265 75.9231 50.0000 38.4099 42.0149 50.2368
14859.0000 0.0315 76.2592 50.0000 38.5509 41.4224 51.1222
14860.0000 0.0283 76.1281 50.0000 38.3561 42.0049 50.5954
14861.0000 0.0286 75.9495 50.0000 38.1692 41.9840 50.4854
14862.0000 0.0327 76.1676 50.0000 37.7081 42.1517 51.0180
14863.0000 0.0310 76.3913 50.0000 38.1167 42.1827 51.0232
14864.0000 0.0393 76.8097 50.0000 37.9553 41.6081 52.2292
14865.0000 0.0434 76.5213 50.0000 37.3418 41.4425 52.3796
14866.0000 0.0425 76.4503 50.0000 37.2769 41.5691 52.2215
14867.0000 0.0453 76.5395 50.0000 36.9326 41.6986 52.4930
14868.0000 0.0461 76.6736 50.0000 37.0643 41.5888 52.6824
14869.0000 0.0455 76.7380 50.0000 37.0369 41.7655 52.6558
14870.0000 0.0357 76.2259 50.0000 36.8763 42.8444 51.1359
14871.0000 0.0399 76.0140 50.0000 36.6595 42.2010 51.5100
14872.0000 0.0344 75.9823 50.0000 36.9996 42.5823 50.9027
14873.0000 0.0273 75.9733 50.0000 37.8247 42.7027 50.1769
14874.0000 0.0285 76.1445 50.0000 37.7326 42.8238 50.4020
14875.0000 0.0339 75.9587 50.0000 37.3319 42.1929 50.9491
14876.0000 0.0316 75.5909 50.0000 37.1754 42.3477 50.3849
14877.0000 0.0360 75.7408 50.0000 36.7547 42.3559 50.9091
14878.0000 0.0336 75.6139 50.0000 36.8240 42.5089 50.5416
14879.0000 0.0318 75.7398 50.0000 37.3630 42.2333 50.5656
14880.0000 0.0310 76.0826 50.0000 37.2230 42.9965 50.5402
14881.0000 0.0331 76.3206 50.0000 37.6969 42.2905 51.1399
14882.0000 0.0349 76.1295 50.0000 37.4293 42.1187 51.1934
14883.0000 0.0341 75.9016 50.0000 37.2287 42.2274 50.9110
14884.0000 0.0302 75.4044 50.0000 36.8868 42.7738 49.9558
14885.0000 0.0273 75.3478 50.0000 37.6210 42.1928 49.8169
14886.0000 0.0316 75.7626 50.0000 37.4540 42.1814 50.5756
14887.0000 0.0333 75.9963 50.0000 37.1232 42.6300 50.7936
14888.0000 0.0306 76.0351 50.0000 37.2317 43.0056 50.4546
14889.0000 0.0314 76.0529 50.0000 37.3211 42.7507 50.6316
14890.0000 0.0295 75.6257 50.0000 37.9640 41.7087 50.3822
14891.0000 0.0313 76.1144 50.0000 37.5247 42.5603 50.7338
14892.0000 0.0314 76.1683 50.0000 37.8421 42.1936 50.8851
14893.0000 0.0370 76.2407 50.0000 37.6880 41.6130 51.5812
14894.0000 0.0313 75.9791 50.0000 37.9061 41.9014 50.7959
14895.0000 0.0368 76.0102 50.0000 37.6202 41.4534 51.4188
14896.0000 0.0383 75.7976 50.0000 36.9829 41.7800 51.3029
14897.0000 0.0373 76.2460 50.0000 37.3413 41.9983 51.5289
14898.0000 0.0407 76.1062 50.0000 36.9425 41.8330 51.7437
14899.0000 0.0439 75.9872 50.0000 36.6319 41.6259 51.9561
14900.0000 0.0443 76.0367 50.0000 36.7766 41.4534 52.0642
14901.0000 0.0445 76.2607 50.0000 37.2064 41.1709 52.3100
14902.0000 0.0426 76.2942 50.0000 37.7667 40.8057 52.2434
14903.0000 0.0405 76.4113 50.0000 38.1043 40.8347 52.1467
14904.0000 0.0394 76.2142 50.0000 37.9882 40.8934 51.8963
14905.0000 0.0351 76.0880 50.0000 38.1727 41.1391 51.3791
14906.0000 0.0304 75.8843 50.0000 38.1753 41.6034 50.6974
14907.0000 0.0282 75.5860 50.0000 38.5623 41.1432 50.3332
14908.0000 0.0336 75.9413 50.0000 37.7071 41.7520 51.0102
14909.0000 0.0245 75.5122 50.0000 38.8252 41.3601 49.8401
14910.0000 0.0259 75.2392 50.0000 38.1986 41.5565 49.7480
14911.0000 0.0264 74.9962 50.0000 37.8326 41.6541 49.5789
14912.0000 0.0283 75.1095 50.0000 37.8052 41.5044 49.8957
14913.0000 0.0303 75.0709 50.0000 37.7474 41.2069 50.1274
14914.0000 0.0335 75.3527 50.0000 37.7872 40.9913 50.6940
14915.0000 0.0299 75.1146 50.0000 37.9142 41.1039 50.1516
14916.0000 0.0298 74.9235 50.0000 37.4497 41.4816 49.9032
14917.0000 0.0307 74.9505 50.0000 37.3030 41.5506 49.9961
14918.0000 0.0248 74.5163 50.0000 37.8724 41.2971 49.1214
14919.0000 0.0306 74.7770 50.0000 37.9942 40.5290 50.0545
14920.0000 0.0324 74.8108 50.0000 38.3583 39.8987 50.3327
14921.0000 0.0297 74.7123 50.0000 38.4996 40.0186 49.9821
14922.0000 0.0391 74.9590 50.0000 37.8669 39.6991 51.0777
14923.0000 0.0391 75.0199 50.0000 37.7176 39.9299 51.0977
14924.0000 0.0386 74.9151 50.0000 37.7325 39.8606 50.9870
14925.0000 0.0450 74.6740 50.0000 37.0707 39.5247 51.3786
14926.0000 0.0438 74.5193 50.0000 37.0090 39.5749 51.1594
14927.0000 0.0424 74.9235 50.0000 36.9376 40.2656 51.2623
14928.0000 0.0371 75.0323 50.0000 37.4147 40.5574 50.8437
14929.0000 0.0342 74.8553 50.0000 37.6739 40.4552 50.4714
14930.0000 0.0309 74.7654 50.0000 38.0217 40.4399 50.0883
14931.0000 0.0356 74.6818 50.0000 37.5980 40.1617 50.5055
14932.0000 0.0386 74.4332 50.0000 37.2351 39.8909 50.6217
14933.0000 0.0465 74.9324 50.0000 37.6906 38.9587 51.7350
14934.0000 0.0396 74.3521 50.0000 38.2007 38.6356 50.7566
14935.0000 0.0349 74.0079 50.0000 38.2746 38.7948 50.0718
14936.0000 0.0378 74.2314 50.0000 38.0846 38.8578 50.4969
14937.0000 0.0300 74.1830 50.0000 38.4983 39.3995 49.6858
14938.0000 0.0354 74.0283 50.0000 38.1009 38.9251 50.1332
14939.0000 0.0379 74.4622 50.0000 38.2344 38.9247 50.6716
14940.0000 0.0322 74.5529 50.0000 38.4791 39.5153 50.1601
14941.0000 0.0292 74.5279 50.0000 38.2957 40.1190 49.7826
14942.0000 0.0250 74.2739 50.0000 38.7607 39.9572 49.1694
14943.0000 0.0278 74.2004 50.0000 38.2690 39.9849 49.4206
14944.0000 0.0251 74.2817 50.0000 37.9588 40.8718 49.0549
14945.0000 0.0305 74.2521 50.0000 37.3813 40.6689 49.6191
14946.0000 0.0245 73.7933 50.0000 37.8468 40.5390 48.6792
14947.0000 0.0268 74.2193 50.0000 37.8959 40.5974 49.2367
14948.0000 0.0243 73.7269 50.0000 37.9929 40.3116 48.6535
14949.0000 0.0247 73.9437 50.0000 38.0613 40.4243 48.8353
14950.0000 0.0252 74.0202 50.0000 37.9880 40.5071 48.9394
14951.0000 0.0318 73.6461 50.0000 37.6207 39.5102 49.4710
14952.0000 0.0308 73.4214 50.0000 37.8529 39.1586 49.2389
14953.0000 0.0397 73.8681 50.0000 37.1966 39.1784 50.3782
14954.0000 0.0357 73.8188 50.0000 37.4815 39.3286 49.9762
14955.0000 0.0423 74.1157 50.0000 37.2620 39.0516 50.7903
14956.0000 0.0414 74.4913 50.0000 37.9332 38.8445 51.0013
14957.0000 0.0421 74.7125 50.0000 37.8447 39.0843 51.2070
14958.0000 0.0415 74.6463 50.0000 37.6205 39.3197 51.0953
14959.0000 0.0460 75.1315 50.0000 37.1886 39.7618 51.7759
14960.0000 0.0449 75.3518 50.0000 37.3821 39.9254 51.8308
14961.0000 0.0458 75.4836 50.0000 36.8091 40.6023 51.9069
14962.0000 0.0447 75.5035 50.0000 36.8532 40.7179 51.8137
14963.0000 0.0361 75.1761 50.0000 37.2935 41.0019 50.7886
14964.0000 0.0449 75.0461 50.0000 37.3675 39.6092 51.6401
14965.0000 0.0489 75.5643 50.0000 37.3897 39.6565 52.3387
14966.0000 0.0444 75.5250 50.0000 37.7985 39.7125 51.9443
14967.0000 0.0428 75.4759 50.0000 37.7074 39.9610 51.7484
14968.0000 0.0449 75.6310 50.0000 37.3568 40.2498 52.0045
14969.0000 0.0415 75.6176 50.0000 37.7011 40.2867 51.7073
14970.0000 0.0337 75.4352 50.0000 38.8051 39.9128 50.9077
14971.0000 0.0359 75.5973 50.0000 38.1163 40.5405 51.1720
14972.0000 0.0353 75.4004 50.0000 38.4624 40.0216 51.0307
14973.0000 0.0347 75.7472 50.0000 38.3035 40.6662 51.1541
14974.0000 0.0372 75.7118 50.0000 38.0571 40.5549 51.3734
14975.0000 0.0366 75.7192 50.0000 38.1717 40.5224 51.3249
14976.0000 0.0447 76.1415 50.0000 38.2387 39.8642 52.4039
14977.0000 0.0407 75.8681 50.0000 38.3305 39.9688 51.8577
14978.0000 0.0424 75.7403 50.0000 37.7870 40.2070 51.8858
14979.0000 0.0412 75.8627 50.0000 37.6274 40.6771 51.8141
14980.0000 0.0452 76.1402 50.0000 37.5658 40.5356 52.3737
14981.0000 0.0397 75.8489 50.0000 37.9429 40.5040 51.6993
14982.0000 0.0487 76.2018 50.0000 36.8285 41.0032 52.6223
14983.0000 0.0541 76.5899 50.0000 36.3835 41.2824 53.2730
14984.0000 0.0554 77.1380 50.0000 36.9838 41.0326 53.8404
14985.0000 0.0526 76.9629 50.0000 37.1318 41.0113 53.5031
14986.0000 0.0531 76.9940 50.0000 37.1328 40.9819 53.5698
14987.0000 0.0512 76.9093 50.0000 37.2339 41.0012 53.3627
14988.0000 0.0492 76.6354 50.0000 37.1776 41.0113 52.9989
14989.0000 0.0475 76.4703 50.0000 37.5258 40.6528 52.7908
14990.0000 0.0481 76.3602 50.0000 37.8437 40.1120 52.8182
14991.0000 0.0466 76.4891 50.0000 37.6582 40.6395 52.7340
14992.0000 0.0377 76.5376 50.0000 38.0854 41.3726 51.9212
14993.0000 0.0378 76.5147 50.0000 38.0308 41.3923 51.9118
14994.0000 0.0342 76.5227 50.0000 38.1861 41.7515 51.5205
14995.0000 0.0378 76.5885 50.0000 37.7306 41.8434 51.8781
14996.0000 0.0478 76.9873 50.0000 37.2637 41.4715 53.0903
14997.0000 0.0323 76.5336 50.0000 38.1380 42.1122 51.2782
14998.0000 0.0293 76.3345 50.0000 38.2186 42.2569 50.8001
14999.0000 0.0250 76.2533 50.0000 38.6484 42.3735 50.2529
15000.0000 0.0213 75.6194 50.0000 38.8117 42.0752 49.4127
15001.0000 0.0271 75.5958 50.0000 38.7310 41.1349 50.2251
15002.0000 0.0217 75.8105 50.0000 39.7286 41.1420 49.7615
15003.0000 0.0207 75.7647 50.0000 39.4858 41.5459 49.5490
15004.0000 0.0228 75.8861 50.0000 39.2166 41.6309 49.8761
15005.0000 0.0279 76.1193 50.0000 39.3020 40.9631 50.7103
15006.0000 0.0286 76.1906 50.0000 39.3930 40.8337 50.8509
15007.0000 0.0280 76.0754 50.0000 39.1716 41.0340 50.6879
15008.0000 0.0300 76.0107 50.0000 39.2159 40.6162 50.8927
15009.0000 0.0291 75.8628 50.0000 39.1755 40.6329 50.6895
15010.0000 0.0298 76.1106 50.0000 39.3908 40.5630 50.9494
15011.0000 0.0284 75.7396 50.0000 39.0811 40.7009 50.5232
15012.0000 0.0351 76.3257 50.0000 38.6480 40.8603 51.5982
15013.0000 0.0390 76.3120 50.0000 38.6694 40.2921 52.0072
15014.0000 0.0393 76.0784 50.0000 38.4367 40.2652 51.8580
15015.0000 0.0419 76.0122 50.0000 38.4534 39.8451 52.0726
15016.0000 0.0436 76.2167 50.0000 38.1816 40.1400 52.3444
15017.0000 0.0390 76.1074 50.0000 38.3992 40.3758 51.8423
15018.0000 0.0404 76.2882 50.0000 38.3426 40.4491 52.0923
15019.0000 0.0364 76.0447 50.0000 38.3710 40.6762 51.5355
15020.0000 0.0399 76.1436 50.0000 38.4262 40.2617 51.9642
15021.0000 0.0397 76.2581 50.0000 38.6738 40.1455 52.0381
15022.0000 0.0391 76.2007 50.0000 38.4812 40.3638 51.9279
15023.0000 0.0422 76.4386 50.0000 38.1774 40.5539 52.3519
15024.0000 0.0410 76.4502 50.0000 38.0269 40.8924 52.2150
15025.0000 0.0405 76.6450 50.0000 38.4772 40.6766 52.3392
15026.0000 0.0395 76.7740 50.0000 38.7588 40.6318 52.3552
15027.0000 0.0404 77.0019 50.0000 38.8003 40.7136 52.5950
15028.0000 0.0368 76.8422 50.0000 38.6074 41.2385 52.0921
15029.0000 0.0389 77.2318 50.0000 38.9577 40.9917 52.5998
15030.0000 0.0294 76.6969 50.0000 38.9295 41.8019 51.1812
15031.0000 0.0311 77.1205 50.0000 39.5833 41.2680 51.7463
15032.0000 0.0345 77.4843 50.0000 39.4863 41.2943 52.3395
15033.0000 0.0279 77.1452 50.0000 39.3618 42.0459 51.3243
15034.0000 0.0331 77.1313 50.0000 38.9541 41.6885 51.9026
15035.0000 0.0317 77.0483 50.0000 39.0003 41.7539 51.6916
15036.0000 0.0302 77.2028 50.0000 39.4094 41.6843 51.6681
15037.0000 0.0352 77.1094 50.0000 39.4667 40.8024 52.1862
15038.0000 0.0349 77.5581 50.0000 39.5415 41.2541 52.4389
15039.0000 0.0316 77.4303 50.0000 39.2696 41.8931 51.9453
15040.0000 0.0299 77.1910 50.0000 39.0905 42.0980 51.5572
15041.0000 0.0294 76.7833 50.0000 38.6583 42.2180 51.1748
15042.0000 0.0244 76.7214 50.0000 39.0732 42.4900 50.5377
15043.0000 0.0313 76.7415 50.0000 38.9154 41.5755 51.4424
15044.0000 0.0277 76.6524 50.0000 38.8339 42.1442 50.9056
15045.0000 0.0330 76.4699 50.0000 38.0601 42.0217 51.3153
15046.0000 0.0330 76.5501 50.0000 37.7213 42.5383 51.2593
15047.0000 0.0326 76.4605 50.0000 37.8936 42.2835 51.2092
15048.0000 0.0319 76.3904 50.0000 38.0655 42.0959 51.1317
15049.0000 0.0394 76.3823 50.0000 37.6103 41.5222 51.9195
15050.0000 0.0397 76.5539 50.0000 37.4322 41.8868 52.0080
15051.0000 0.0413 76.1538 50.0000 37.5024 41.1258 51.9773
15052.0000 0.0457 76.5576 50.0000 36.9668 41.6291 52.5503
15053.0000 0.0454 76.5671 50.0000 36.8793 41.7778 52.5078
15054.0000 0.0472 76.7907 50.0000 37.5326 41.0280 52.9606
15055.0000 0.0362 76.3302 50.0000 37.7807 41.7176 51.5612
15056.0000 0.0357 76.0132 50.0000 37.8154 41.3872 51.3333
15057.0000 0.0363 76.0095 50.0000 37.6287 41.5124 51.3639
15058.0000 0.0336 75.6820 50.0000 37.5962 41.5888 50.8396
15059.0000 0.0301 75.2884 50.0000 37.6773 41.5768 50.2009
15060.0000 0.0362 75.8081 50.0000 37.1406 41.9044 51.1026
15061.0000 0.0363 76.0331 50.0000 37.1891 42.0868 51.2514
15062.0000 0.0342 75.9049 50.0000 37.1960 42.2581 50.9143
15063.0000 0.0344 75.9506 50.0000 37.6251 41.7443 51.0907
15064.0000 0.0373 76.0264 50.0000 37.7299 41.2703 51.5094
15065.0000 0.0408 76.1954 50.0000 37.2124 41.5853 51.8810
15066.0000 0.0403 75.8177 50.0000 37.2544 41.1841 51.6169
15067.0000 0.0396 75.8683 50.0000 36.9523 41.7004 51.4937
15068.0000 0.0366 75.5350 50.0000 37.1322 41.5321 51.0081
15069.0000 0.0358 75.3080 50.0000 37.0775 41.4620 50.7687
15070.0000 0.0266 75.2759 50.0000 37.7196 42.1124 49.7015
15071.0000 0.0219 75.2568 50.0000 37.7911 42.9217 48.9198
15072.0000 0.0195 75.1605 50.0000 38.1027 42.8693 48.5748
15073.0000 0.0167 74.8876 50.0000 38.1425 43.1534 47.8653
15074.0000 0.0205 74.7713 50.0000 37.4457 43.1441 48.2406
15075.0000 0.0182 74.4910 50.0000 37.3288 43.6022 47.4797
15076.0000 0.0206 74.6929 50.0000 37.2644 43.3321 48.0908
15077.0000 0.0223 75.2483 50.0000 37.2712 43.6922 48.6226
15078.0000 0.0204 74.8744 50.0000 37.6582 42.9756 48.3852
15079.0000 0.0179 74.3994 50.0000 38.2733 41.9732 48.0487
15080.0000 0.0149 74.6717 50.0000 38.6497 42.5148 47.6923
15081.0000 0.0157 74.6625 50.0000 38.5759 42.4016 47.8382
15082.0000 0.0172 75.2090 50.0000 38.7556 42.4984 48.4592
15083.0000 0.0213 75.1363 50.0000 38.0317 42.5368 48.8842
15084.0000 0.0251 74.9524 50.0000 37.6554 42.0759 49.2904
15085.0000 0.0268 75.0237 50.0000 37.6242 41.8890 49.5811
15086.0000 0.0228 74.9457 50.0000 37.8861 42.1958 49.0002
15087.0000 0.0201 75.4103 50.0000 38.1905 42.9408 48.8292
15088.0000 0.0214 75.4437 50.0000 38.2156 42.6471 49.1177
15089.0000 0.0189 75.4109 50.0000 38.3015 43.0526 48.6444
15090.0000 0.0172 75.3152 50.0000 38.6313 42.8389 48.4235
15091.0000 0.0190 75.5393 50.0000 38.8285 42.4236 48.9772
15092.0000 0.0183 75.5375 50.0000 38.6587 42.8275 48.7568
15093.0000 0.0168 74.8314 50.0000 38.9602 41.8331 48.2890
15094.0000 0.0247 75.0297 50.0000 37.8712 41.9401 49.3584
15095.0000 0.0240 75.2161 50.0000 37.4721 42.8996 49.1216
15096.0000 0.0201 75.4370 50.0000 37.8977 43.4357 48.6604
15097.0000 0.0235 75.4010 50.0000 37.0822 43.9502 48.7709
15098.0000 0.0213 75.3463 50.0000 37.5137 43.6602 48.6166
15099.0000 0.0228 75.2302 50.0000 37.2243 43.6087 48.7053
15100.0000 0.0197 75.1645 50.0000 37.6098 43.6567 48.2628
15101.0000 0.0189 75.2744 50.0000 38.1069 43.1646 48.4863
15102.0000 0.0159 75.2736 50.0000 38.3913 43.5192 47.9406
15103.0000 0.0164 75.0641 50.0000 37.7223 44.3863 47.3445
15104.0000 0.0174 75.0047 50.0000 37.8042 43.7339 47.7901
15105.0000 0.0131 74.6759 50.0000 38.3028 43.7289 46.8740
15106.0000 0.0134 74.5966 50.0000 38.5385 43.0019 47.2257
15107.0000 0.0130 74.5906 50.0000 38.5081 43.2016 47.0585
15108.0000 0.0122 74.5516 50.0000 38.7409 42.9718 47.0160
15109.0000 0.0116 74.4928 50.0000 39.0084 42.6512 46.9936
15110.0000 0.0146 74.5237 50.0000 38.8490 42.1118 47.6564
15111.0000 0.0190 74.7435 50.0000 38.5027 41.8676 48.4896
15112.0000 0.0142 74.5829 50.0000 38.7979 42.3524 47.5775
15113.0000 0.0155 74.4942 50.0000 38.4547 42.4240 47.6532
15114.0000 0.0148 74.4413 50.0000 37.7898 43.7799 46.8696
15115.0000 0.0166 74.2243 50.0000 37.4220 43.5242 47.0583
15116.0000 0.0132 74.2021 50.0000 37.9305 43.7133 46.4369
15117.0000 0.0121 74.3075 50.0000 38.2790 43.5442 46.4782
15118.0000 0.0123 74.2885 50.0000 38.1078 43.8476 46.3030
15119.0000 0.0113 74.3815 50.0000 38.4221 43.7212 46.3121
15120.0000 0.0089 74.4628 50.0000 39.0712 43.4853 46.1214
15121.0000 0.0101 74.4291 50.0000 39.0270 43.0270 46.5323
15122.0000 0.0114 74.6136 50.0000 38.7132 43.4050 46.7384
15123.0000 0.0108 74.3454 50.0000 38.4683 43.7585 46.1802
15124.0000 0.0126 74.1603 50.0000 38.3247 43.0050 46.7069
15125.0000 0.0113 74.0779 50.0000 38.6293 42.7565 46.5531
15126.0000 0.0134 73.9342 50.0000 38.3427 42.3898 46.8957
15127.0000 0.0171 73.8415 50.0000 38.6281 40.9877 47.7539
15128.0000 0.0156 73.9834 50.0000 38.3001 41.9448 47.4055
15129.0000 0.0127 74.2940 50.0000 38.8241 42.3154 47.1349
15130.0000 0.0148 74.5991 50.0000 38.5249 42.6216 47.5842
15131.0000 0.0164 74.6608 50.0000 38.3114 42.6235 47.8510
15132.0000 0.0190 74.9146 50.0000 38.3283 42.3151 48.5032
15133.0000 0.0251 75.1504 50.0000 37.9001 41.9843 49.4821
15134.0000 0.0263 74.7039 50.0000 37.3028 42.0140 49.2341
15135.0000 0.0307 75.0037 50.0000 36.9202 42.1195 49.8839
15136.0000 0.0355 75.3235 50.0000 36.4677 42.3253 50.5203
15137.0000 0.0409 75.4796 50.0000 35.8993 42.4312 51.0686
15138.0000 0.0366 75.0756 50.0000 35.9125 42.6276 50.2945
15139.0000 0.0373 74.9774 50.0000 36.1685 42.0201 50.4754
15140.0000 0.0314 74.6177 50.0000 36.5628 42.0185 49.6530
15141.0000 0.0335 74.5161 50.0000 36.1006 42.1801 49.7015
15142.0000 0.0317 74.3532 50.0000 35.8162 42.7467 49.1765
15143.0000 0.0316 74.4182 50.0000 35.7028 43.0407 49.1007
15144.0000 0.0343 74.4517 50.0000 35.7638 42.4530 49.6161
15145.0000 0.0294 74.7049 50.0000 36.3569 42.8062 49.2608
15146.0000 0.0257 74.6075 50.0000 36.7608 42.8264 48.7937
15147.0000 0.0282 74.8448 50.0000 36.5764 42.9026 49.2267
15148.0000 0.0338 74.9434 50.0000 36.2349 42.4670 50.0011
15149.0000 0.0403 75.1008 50.0000 35.7248 42.3063 50.7351
15150.0000 0.0310 74.8145 50.0000 36.3662 42.6286 49.5733
15151.0000 0.0321 74.9921 50.0000 36.3437 42.6939 49.8014
15152.0000 0.0311 74.9840 50.0000 36.5270 42.5888 49.7452
15153.0000 0.0291 75.0370 50.0000 36.4534 43.1694 49.3772
15154.0000 0.0246 74.7884 50.0000 36.9116 43.0655 48.7463
15155.0000 0.0206 74.9323 50.0000 37.6315 43.0544 48.4256
15156.0000 0.0206 75.1638 50.0000 37.4391 43.7053 48.3503
15157.0000 0.0196 75.0576 50.0000 37.5031 43.7241 48.1182
15158.0000 0.0170 74.7706 50.0000 37.7696 43.5805 47.5903
15159.0000 0.0199 74.6868 50.0000 37.0102 44.0685 47.6059
15160.0000 0.0209 74.6981 50.0000 37.0088 43.7383 47.9283
15161.0000 0.0202 74.4433 50.0000 36.6851 44.3175 47.2437
15162.0000 0.0264 74.5827 50.0000 35.8593 44.3188 48.0889
15163.0000 0.0230 74.4458 50.0000 36.3812 44.0253 47.7531
15164.0000 0.0236 74.5070 50.0000 36.3900 43.8917 47.9643
15165.0000 0.0216 74.5389 50.0000 36.8141 43.6785 47.8848
15166.0000 0.0201 74.7798 50.0000 37.4688 43.2254 48.1629
15167.0000 0.0226 74.7435 50.0000 37.6208 42.3498 48.7623
15168.0000 0.0230 74.9353 50.0000 37.2536 43.0978 48.6831
15169.0000 0.0299 75.4234 50.0000 37.0560 42.6071 50.0018
15170.0000 0.0281 75.2018 50.0000 37.3112 42.3056 49.7335
15171.0000 0.0247 74.7395 50.0000 37.5024 42.0868 49.0741
15172.0000 0.0301 74.8394 50.0000 37.5474 41.2123 49.9267
15173.0000 0.0286 74.8850 50.0000 37.6584 41.3722 49.7790
15174.0000 0.0306 75.2945 50.0000 37.2465 42.0573 50.1312
15175.0000 0.0274 75.0993 50.0000 37.2767 42.3415 49.5737
15176.0000 0.0311 75.0853 50.0000 37.0301 42.0005 50.0254
15177.0000 0.0361 75.1118 50.0000 36.5938 41.8094 50.5435
15178.0000 0.0281 74.9659 50.0000 36.9664 42.4835 49.4825
15179.0000 0.0245 74.9123 50.0000 37.0175 43.1046 48.8216
15180.0000 0.0246 75.1684 50.0000 37.2972 42.9652 49.1243
15181.0000 0.0282 75.5389 50.0000 37.4351 42.5308 49.9587
15182.0000 0.0332 75.5080 50.0000 36.8503 42.4227 50.4365
15183.0000 0.0439 75.7516 50.0000 36.3069 41.7629 51.7298
15184.0000 0.0443 76.1183 50.0000 36.7682 41.5586 52.1055
15185.0000 0.0481 76.1980 50.0000 36.1332 41.9209 52.3753
15186.0000 0.0439 75.7096 50.0000 36.1118 41.9726 51.6351
15187.0000 0.0406 75.8239 50.0000 36.5145 42.0659 51.4434
15188.0000 0.0380 75.8624 50.0000 36.6382 42.3422 51.1849
15189.0000 0.0312 75.5552 50.0000 37.0690 42.5161 50.2678
15190.0000 0.0301 75.3261 50.0000 36.5019 43.2821 49.6820
15191.0000 0.0294 75.4217 50.0000 36.9173 42.9017 49.8496
15192.0000 0.0312 75.5839 50.0000 36.7937 42.9436 50.1497
15193.0000 0.0308 75.3276 50.0000 36.6450 42.9121 49.8993
15194.0000 0.0309 75.1943 50.0000 36.8036 42.4997 49.9344
15195.0000 0.0300 75.0186 50.0000 36.9953 42.1677 49.8099
15196.0000 0.0280 75.0187 50.0000 36.7318 42.9435 49.3400
15197.0000 0.0254 74.7764 50.0000 36.9844 42.7604 48.9409
15198.0000 0.0295 74.9953 50.0000 36.5527 42.8845 49.4886
15199.0000 0.0338 75.2894 50.0000 36.3793 42.7065 50.2116
15200.0000 0.0351 75.7722 50.0000 36.3934 43.0722 50.6135
15201.0000 0.0322 75.6737 50.0000 36.5746 43.2029 50.2226
15202.0000 0.0353 75.5813 50.0000 36.3916 42.7896 50.5691
15203.0000 0.0334 75.2496 50.0000 36.5975 42.4139 50.2412
15204.0000 0.0382 75.4801 50.0000 36.1705 42.4834 50.8341
15205.0000 0.0390 75.1528 50.0000 35.9325 42.2846 50.6835
15206.0000 0.0387 75.2419 50.0000 36.1609 42.1259 50.7852
15207.0000 0.0388 75.1336 50.0000 35.8562 42.4051 50.6082
15208.0000 0.0377 75.1127 50.0000 35.9059 42.4863 50.4737
15209.0000 0.0432 75.2021 50.0000 35.3828 42.4532 51.0013
15210.0000 0.0382 74.8516 50.0000 35.3359 42.9154 50.1239
15211.0000 0.0371 74.9557 50.0000 35.2441 43.4169 49.9117
15212.0000 0.0385 74.9945 50.0000 35.2931 43.1093 50.2012
15213.0000 0.0396 75.2994 50.0000 35.1410 43.5603 50.3748
15214.0000 0.0399 74.8521 50.0000 35.1902 42.8322 50.2980
15215.0000 0.0400 75.1628 50.0000 34.7168 44.0172 50.0668
15216.0000 0.0417 74.8987 50.0000 34.4082 43.8526 50.0284
15217.0000 0.0370 74.6081 50.0000 34.7414 43.8342 49.3757
15218.0000 0.0416 75.0494 50.0000 34.2103 44.4663 49.8479
15219.0000 0.0367 74.6301 50.0000 34.3423 44.7916 48.8259
15220.0000 0.0402 74.9263 50.0000 34.4712 44.0973 49.8108
15221.0000 0.0371 75.0712 50.0000 34.7559 44.4656 49.5027
15222.0000 0.0418 74.9717 50.0000 34.1919 44.3259 49.8686
15223.0000 0.0428 75.2378 50.0000 33.9627 44.9653 49.8537
15224.0000 0.0431 75.1168 50.0000 34.1092 44.3999 50.0774
15225.0000 0.0415 75.2968 50.0000 34.1343 45.0250 49.7716
15226.0000 0.0463 75.1447 50.0000 33.7862 44.3646 50.3687
15227.0000 0.0433 75.2382 50.0000 34.1037 44.5573 50.1236
15228.0000 0.0433 75.1513 50.0000 34.0297 44.5709 50.0313
15229.0000 0.0397 74.9048 50.0000 34.4196 44.2683 49.6622
15230.0000 0.0395 74.7260 50.0000 34.6377 43.6403 49.7969
15231.0000 0.0417 75.0270 50.0000 34.5014 43.8532 50.1558
15232.0000 0.0447 74.9739 50.0000 33.9284 44.1979 50.1647
15233.0000 0.0433 74.9535 50.0000 34.1871 43.9879 50.1431
15234.0000 0.0468 75.5453 50.0000 33.9209 44.5828 50.6838
15235.0000 0.0444 75.6754 50.0000 34.7102 43.8703 50.9643
15236.0000 0.0333 75.1011 50.0000 35.2905 44.3892 49.2378
15237.0000 0.0327 74.8266 50.0000 35.3825 43.9406 49.1560
15238.0000 0.0375 74.9832 50.0000 34.9414 43.9018 49.7414
15239.0000 0.0397 75.3599 50.0000 34.6807 44.4262 50.0268
15240.0000 0.0366 75.0985 50.0000 34.9598 44.2410 49.6017
15241.0000 0.0313 74.7605 50.0000 35.6739 43.6286 49.1228
15242.0000 0.0291 74.5851 50.0000 35.7983 43.6712 48.7262
15243.0000 0.0294 74.5472 50.0000 35.6312 43.8797 48.6032
15244.0000 0.0295 74.9211 50.0000 35.7023 44.2980 48.7462
15245.0000 0.0280 74.9829 50.0000 35.7075 44.8707 48.3118
15246.0000 0.0336 75.3827 50.0000 35.1352 45.1123 49.1218
15247.0000 0.0331 75.2996 50.0000 35.0451 45.3716 48.8189
15248.0000 0.0299 74.7787 50.0000 35.2330 45.0789 48.1495
15249.0000 0.0323 75.0085 50.0000 35.0517 45.1049 48.6128
15250.0000 0.0311 74.8383 50.0000 35.2147 44.7723 48.5401
15251.0000 0.0313 74.8760 50.0000 35.5151 44.1069 48.9864
15252.0000 0.0336 75.7905 50.0000 35.3675 45.2719 49.4348
15253.0000 0.0335 75.4502 50.0000 35.4178 44.6285 49.4632
15254.0000 0.0328 75.8602 50.0000 35.7811 44.7101 49.7543
15255.0000 0.0320 76.0710 50.0000 36.0646 44.6641 49.9125
15256.0000 0.0308 76.2866 50.0000 36.2105 45.0433 49.7951
15257.0000 0.0411 76.8487 50.0000 35.0681 45.5561 50.9961
15258.0000 0.0429 77.2229 50.0000 35.0380 45.7585 51.3992
15259.0000 0.0436 76.8768 50.0000 35.1357 44.9206 51.5525
15260.0000 0.0367 76.8290 50.0000 35.6417 45.4818 50.6337
15261.0000 0.0381 76.6140 50.0000 35.7136 44.7010 50.9517
15262.0000 0.0361 76.3969 50.0000 35.5078 45.2369 50.2923
15263.0000 0.0334 76.1620 50.0000 35.5033 45.6555 49.5555
15264.0000 0.0332 76.0263 50.0000 35.8229 44.7767 49.9177
15265.0000 0.0354 76.1069 50.0000 35.6848 44.6180 50.2801
15266.0000 0.0357 75.8496 50.0000 35.9218 43.7864 50.4532
15267.0000 0.0366 76.1240 50.0000 36.4896 43.1095 51.0387
15268.0000 0.0339 75.9471 50.0000 36.1661 43.8897 50.3356
15269.0000 0.0360 75.9643 50.0000 35.6082 44.4217 50.2925
15270.0000 0.0360 75.7868 50.0000 36.0848 43.3807 50.5928
15271.0000 0.0315 75.5423 50.0000 36.5571 43.2062 50.0345
15272.0000 0.0266 75.3335 50.0000 36.9148 43.3747 49.3059
15273.0000 0.0265 75.6437 50.0000 37.1798 43.3899 49.5676
15274.0000 0.0230 75.3829 50.0000 37.9034 42.6877 49.2308
15275.0000 0.0240 75.5584 50.0000 37.7196 42.9797 49.3867
15276.0000 0.0224 75.5073 50.0000 37.5589 43.5314 48.9459
15277.0000 0.0289 75.5953 50.0000 37.2464 42.7328 50.0126
15278.0000 0.0286 76.1245 50.0000 37.3701 43.3010 50.2339
15279.0000 0.0344 76.1512 50.0000 36.5079 43.5051 50.7295
15280.0000 0.0385 76.3852 50.0000 36.4338 43.1948 51.3955
15281.0000 0.0337 76.3439 50.0000 37.1663 42.9280 51.0319
15282.0000 0.0341 76.1545 50.0000 37.1954 42.5872 51.0132
15283.0000 0.0335 75.7143 50.0000 37.3519 41.9456 50.7746
15284.0000 0.0333 75.8066 50.0000 37.5396 41.8505 50.8523
15285.0000 0.0284 75.5485 50.0000 37.5430 42.3641 50.0338
15286.0000 0.0254 75.4578 50.0000 37.5831 42.7565 49.5305
15287.0000 0.0289 76.0332 50.0000 38.0654 42.1638 50.5399
15288.0000 0.0300 76.3765 50.0000 38.1911 42.2368 50.9005
15289.0000 0.0312 76.2496 50.0000 37.5977 42.6450 50.8115
15290.0000 0.0367 76.1921 50.0000 37.5483 41.7629 51.4900
15291.0000 0.0298 75.8961 50.0000 37.9938 41.9467 50.5684
15292.0000 0.0373 76.1962 50.0000 37.1484 42.1788 51.4471
15293.0000 0.0321 76.0979 50.0000 37.2563 42.7760 50.7255
15294.0000 0.0389 76.4640 50.0000 36.6952 42.8573 51.6087
15295.0000 0.0440 76.5697 50.0000 37.0452 41.7758 52.3961
15296.0000 0.0451 76.3588 50.0000 36.7469 41.7543 52.3154
15297.0000 0.0419 76.0297 50.0000 36.7478 41.8140 51.7852
15298.0000 0.0509 76.1027 50.0000 36.2404 41.3180 52.6409
15299.0000 0.0464 76.2408 50.0000 36.3207 41.9692 52.2691
15300.0000 0.0525 76.9593 50.0000 36.1026 42.2318 53.2523
15301.0000 0.0540 77.0439 50.0000 36.2343 41.9716 53.4905
15302.0000 0.0540 77.1171 50.0000 35.5684 42.9027 53.3038
15303.0000 0.0553 77.5242 50.0000 35.8309 42.8508 53.7583
15304.0000 0.0571 77.7335 50.0000 36.1579 42.4496 54.1584
15305.0000 0.0550 77.3466 50.0000 35.7257 42.8184 53.5981
15306.0000 0.0552 77.2195 50.0000 35.4038 43.0633 53.4320
15307.0000 0.0562 77.3161 50.0000 35.4597 42.9735 53.6065
15308.0000 0.0697 77.6382 50.0000 34.8316 42.4275 54.9031
15309.0000 0.0600 77.3456 50.0000 34.9433 43.1633 53.8353
15310.0000 0.0527 76.9171 50.0000 35.0893 43.4961 52.8495
15311.0000 0.0547 77.4757 50.0000 34.7680 44.3314 53.1828
15312.0000 0.0647 77.6378 50.0000 34.2297 43.8218 54.1812
15313.0000 0.0620 77.7216 50.0000 34.6292 43.7500 54.1055
15314.0000 0.0649 77.6070 50.0000 34.5583 43.3242 54.3286
15315.0000 0.0619 77.2368 50.0000 34.5007 43.3678 53.8002
15316.0000 0.0731 77.7337 50.0000 34.1352 42.9905 55.0376
15317.0000 0.0689 77.5133 50.0000 33.6728 43.8635 54.3181
15318.0000 0.0690 77.4935 50.0000 34.0296 43.3544 54.4759
15319.0000 0.0693 77.4843 50.0000 34.2775 42.9907 54.5956
15320.0000 0.0778 77.4594 50.0000 33.6874 42.6865 55.1633
15321.0000 0.0709 76.7869 50.0000 33.8162 42.6082 54.1962
15322.0000 0.0731 77.1884 50.0000 34.1599 42.3518 54.7492
15323.0000 0.0669 77.1932 50.0000 34.1353 43.1429 54.1504
15324.0000 0.0584 76.9742 50.0000 34.3518 43.7534 53.2037
15325.0000 0.0608 76.9555 50.0000 34.3970 43.3318 53.4917
15326.0000 0.0554 76.6678 50.0000 34.6465 43.4215 52.8408
15327.0000 0.0559 76.7234 50.0000 34.5600 43.5356 52.8842
15328.0000 0.0609 77.0509 50.0000 34.4598 43.3454 53.5774
15329.0000 0.0511 77.0066 50.0000 34.9282 44.0824 52.6002
15330.0000 0.0493 77.3139 50.0000 35.2607 44.2588 52.6809
15331.0000 0.0562 77.1131 50.0000 34.8500 43.5543 53.2440
15332.0000 0.0600 76.9857 50.0000 34.0255 44.0088 53.2191
15333.0000 0.0558 76.5312 50.0000 34.1187 43.9535 52.5454
15334.0000 0.0579 76.5955 50.0000 34.4350 43.2704 52.9980
15335.0000 0.0527 76.2154 50.0000 34.0251 44.1973 51.9392
15336.0000 0.0508 76.1492 50.0000 34.4427 43.7855 51.9155
15337.0000 0.0467 76.0983 50.0000 35.2321 43.2074 51.7955
15338.0000 0.0440 75.9679 50.0000 36.1224 42.2383 51.7901
15339.0000 0.0433 76.1643 50.0000 36.2445 42.4216 51.8435
15340.0000 0.0322 75.7408 50.0000 36.6631 43.1579 50.2979
15341.0000 0.0281 75.6338 50.0000 37.2639 42.9089 49.9069
15342.0000 0.0342 75.6565 50.0000 36.1607 43.4470 50.2859
15343.0000 0.0341 75.2080 50.0000 36.3993 42.5112 50.2406
15344.0000 0.0330 75.2152 50.0000 36.5210 42.5393 50.1392
15345.0000 0.0318 75.1594 50.0000 36.7360 42.3803 50.0332
15346.0000 0.0386 75.1848 50.0000 35.8481 42.5117 50.6006
15347.0000 0.0386 75.1149 50.0000 35.8126 42.4660 50.5604
15348.0000 0.0461 75.5026 50.0000 35.6744 41.9812 51.6290
15349.0000 0.0405 75.3872 50.0000 36.0290 42.1996 51.0327
15350.0000 0.0434 75.3993 50.0000 35.7824 42.1078 51.2992
15351.0000 0.0376 75.1725 50.0000 35.8033 42.7300 50.4299
15352.0000 0.0452 75.3441 50.0000 35.5145 42.1341 51.3825
15353.0000 0.0430 75.1362 50.0000 35.5417 42.1771 51.0229
15354.0000 0.0389 75.3110 50.0000 36.1485 42.2046 50.8311
15355.0000 0.0311 75.1305 50.0000 37.2006 41.8338 50.1063
15356.0000 0.0322 75.2707 50.0000 37.4641 41.4810 50.4128
15357.0000 0.0305 75.5244 50.0000 37.6112 41.8749 50.3570
15358.0000 0.0366 75.6086 50.0000 37.4067 41.2900 51.1130
15359.0000 0.0394 76.3938 50.0000 37.1211 42.1385 51.7917
15360.0000 0.0353 76.0279 50.0000 37.4460 41.9103 51.2014
15361.0000 0.0321 75.6640 50.0000 37.4052 42.0459 50.5771
15362.0000 0.0321 76.0094 50.0000 37.5969 42.2162 50.8104
15363.0000 0.0345 75.6522 50.0000 37.1957 41.9168 50.8204
15364.0000 0.0366 76.2307 50.0000 37.0079 42.5253 51.3140
15365.0000 0.0429 76.3777 50.0000 36.7991 42.0152 52.0971
15366.0000 0.0429 76.6353 50.0000 37.0148 42.0362 52.3052
15367.0000 0.0522 77.0310 50.0000 37.1257 41.1351 53.5104
15368.0000 0.0466 77.1203 50.0000 37.3403 41.6854 53.0620
15369.0000 0.0439 76.8327 50.0000 37.2993 41.7768 52.5997
15370.0000 0.0425 76.4280 50.0000 37.3379 41.4694 52.2247
15371.0000 0.0431 76.4321 50.0000 36.9235 41.8936 52.1866
15372.0000 0.0444 76.8411 50.0000 36.7971 42.3331 52.5209
15373.0000 0.0366 76.9944 50.0000 37.1873 43.2003 51.7588
15374.0000 0.0394 77.0336 50.0000 36.4700 43.7980 51.8252
15375.0000 0.0410 76.9704 50.0000 36.7192 43.1002 52.1394
15376.0000 0.0396 76.5539 50.0000 36.6230 42.9516 51.7148
15377.0000 0.0381 76.7280 50.0000 37.0979 42.7593 51.7936
15378.0000 0.0327 76.6220 50.0000 37.2512 43.3346 51.0429
15379.0000 0.0365 76.8513 50.0000 37.0670 43.2131 51.6216
15380.0000 0.0313 76.6594 50.0000 37.0971 43.8736 50.7502
15381.0000 0.0282 76.3889 50.0000 37.6079 43.3720 50.3962
15382.0000 0.0282 76.3945 50.0000 37.4356 43.6414 50.3003
15383.0000 0.0317 76.9748 50.0000 37.5106 43.5959 51.1612
15384.0000 0.0246 76.8496 50.0000 38.3098 43.6574 50.3216
15385.0000 0.0277 76.9129 50.0000 38.0258 43.5306 50.7418
15386.0000 0.0244 76.4859 50.0000 37.7461 44.1073 49.7982
15387.0000 0.0234 76.4550 50.0000 37.8030 44.2164 49.6105
15388.0000 0.0205 76.5128 50.0000 38.2150 44.3247 49.2864
15389.0000 0.0206 76.3928 50.0000 38.2312 44.0991 49.2900
15390.0000 0.0198 76.0011 50.0000 38.0795 44.0292 48.8626
15391.0000 0.0198 76.1401 50.0000 38.3484 43.7474 49.1209
15392.0000 0.0251 76.2588 50.0000 37.9532 43.3043 49.9969
15393.0000 0.0212 76.1721 50.0000 38.1705 43.7324 49.3222
15394.0000 0.0185 76.0921 50.0000 38.5407 43.7196 48.9205
15395.0000 0.0200 76.1064 50.0000 38.2438 43.8200 49.0857
15396.0000 0.0192 75.7824 50.0000 38.6023 43.0252 49.0069
15397.0000 0.0226 76.0106 50.0000 38.0421 43.4037 49.4623
15398.0000 0.0195 75.6568 50.0000 38.3230 43.2026 48.8757
15399.0000 0.0189 75.4451 50.0000 38.2339 43.2081 48.6127
15400.0000 0.0107 75.0984 50.0000 39.3800 43.1879 47.1570
15401.0000 0.0104 75.3138 50.0000 39.4282 43.5237 47.1516
15402.0000 0.0093 74.8460 50.0000 39.2757 43.5121 46.5408
15403.0000 0.0127 75.4193 50.0000 38.6524 44.3792 47.1651
15404.0000 0.0126 75.1366 50.0000 38.8288 43.5759 47.3178
15405.0000 0.0135 75.2059 50.0000 38.8813 43.2973 47.6394
15406.0000 0.0163 75.1314 50.0000 39.0044 42.2767 48.3329
15407.0000 0.0135 75.3394 50.0000 39.1409 43.0517 47.8598
15408.0000 0.0139 75.1798 50.0000 39.1559 42.7048 47.9074
15409.0000 0.0133 74.8774 50.0000 39.2202 42.3629 47.6842
15410.0000 0.0099 74.9655 50.0000 40.2472 42.0030 47.2836
15411.0000 0.0083 74.6218 50.0000 40.2600 42.0061 46.7230
15412.0000 0.0116 74.8070 50.0000 39.9544 41.7280 47.5237
15413.0000 0.0109 74.6137 50.0000 39.8163 41.8455 47.2315
15414.0000 0.0123 74.9362 50.0000 39.6098 42.1616 47.6330
15415.0000 0.0159 75.2279 50.0000 39.4133 41.9404 48.4440
15416.0000 0.0161 75.3023 50.0000 39.3085 42.1173 48.4914
15417.0000 0.0147 75.1958 50.0000 39.8614 41.6105 48.3120
15418.0000 0.0116 75.0402 50.0000 39.7765 42.2354 47.5923
15419.0000 0.0125 74.8782 50.0000 39.3626 42.3630 47.5679
15420.0000 0.0139 75.1359 50.0000 39.5340 42.1296 48.0372
15421.0000 0.0151 74.9341 50.0000 38.9776 42.3245 48.0053
15422.0000 0.0198 75.3951 50.0000 38.5743 42.4299 48.9505
15423.0000 0.0221 75.3013 50.0000 38.2789 42.2369 49.2041
15424.0000 0.0202 75.5672 50.0000 38.7209 42.3499 49.1689
15425.0000 0.0194 75.2979 50.0000 39.0172 41.7923 48.9984
15426.0000 0.0191 75.0091 50.0000 39.2763 41.2117 48.8399
15427.0000 0.0168 75.1899 50.0000 38.6886 42.6782 48.3248
15428.0000 0.0160 75.4873 50.0000 39.3133 42.3719 48.5532
15429.0000 0.0167 75.7095 50.0000 39.2645 42.5515 48.7811
15430.0000 0.0166 75.6737 50.0000 39.2045 42.6146 48.7188
15431.0000 0.0161 75.3686 50.0000 38.9766 42.6604 48.3874
15432.0000 0.0168 75.5358 50.0000 39.2080 42.3877 48.6998
15433.0000 0.0205 75.9706 50.0000 38.7563 42.7508 49.4151
15434.0000 0.0199 75.6190 50.0000 38.9979 42.1163 49.2302
15435.0000 0.0233 75.7541 50.0000 38.4294 42.3669 49.6680
15436.0000 0.0239 75.8456 50.0000 37.9333 43.0655 49.5882
15437.0000 0.0211 75.7179 50.0000 38.5558 42.5947 49.3187
15438.0000 0.0240 75.7288 50.0000 38.3526 42.3004 49.7454
15439.0000 0.0214 75.6409 50.0000 38.7980 42.1059 49.4304
15440.0000 0.0212 75.5251 50.0000 38.5586 42.3099 49.2660
15441.0000 0.0195 75.5895 50.0000 38.6203 42.6675 49.0074
15442.0000 0.0218 75.3838 50.0000 38.0069 42.7828 49.0695
15443.0000 0.0237 75.5543 50.0000 38.9099 41.4370 49.7739
15444.0000 0.0230 75.7043 50.0000 38.1905 42.6805 49.5075
15445.0000 0.0314 76.2953 50.0000 37.2885 43.1019 50.7224
15446.0000 0.0277 76.0192 50.0000 37.1922 43.6186 49.9307
15447.0000 0.0306 75.9671 50.0000 36.7377 43.6557 50.1550
15448.0000 0.0245 75.9172 50.0000 37.3119 44.0126 49.3369
15449.0000 0.0242 75.7083 50.0000 37.4316 43.5965 49.2947
15450.0000 0.0285 76.1911 50.0000 36.8867 44.1863 49.9202
15451.0000 0.0321 76.6790 50.0000 36.9722 43.9398 50.8136
15452.0000 0.0290 76.3331 50.0000 37.6309 43.0969 50.5303
15453.0000 0.0318 76.3068 50.0000 37.6385 42.5694 50.9304
15454.0000 0.0266 76.1583 50.0000 38.0281 42.7769 50.2404
15455.0000 0.0299 76.2456 50.0000 37.9117 42.4450 50.7397
15456.0000 0.0290 76.0884 50.0000 37.8560 42.4965 50.5016
15457.0000 0.0233 76.0085 50.0000 38.2980 42.8624 49.7329
15458.0000 0.0275 76.4547 50.0000 38.4177 42.4626 50.6589
15459.0000 0.0336 76.6687 50.0000 37.7908 42.4999 51.4169
15460.0000 0.0262 76.4847 50.0000 38.7095 42.3541 50.5728
15461.0000 0.0318 76.6067 50.0000 37.7102 42.8361 51.1038
15462.0000 0.0335 76.8629 50.0000 37.7613 42.7874 51.4900
15463.0000 0.0340 77.0986 50.0000 37.2565 43.6918 51.4506
15464.0000 0.0355 77.2167 50.0000 36.9507 44.0222 51.5665
15465.0000 0.0318 77.0447 50.0000 36.9976 44.4516 50.9031
15466.0000 0.0277 76.6914 50.0000 37.2055 44.5272 50.1463
15467.0000 0.0257 76.4848 50.0000 36.8851 45.4171 49.2616
15468.0000 0.0251 76.2178 50.0000 36.9700 44.9900 49.1760
15469.0000 0.0213 76.1943 50.0000 37.3847 45.3141 48.5240
15470.0000 0.0230 76.0773 50.0000 37.4867 44.3293 49.1672
15471.0000 0.0213 76.2025 50.0000 37.6317 44.7480 48.8702
15472.0000 0.0218 76.6195 50.0000 38.0148 44.4869 49.4605
15473.0000 0.0185 76.5324 50.0000 38.2232 44.9665 48.7259
15474.0000 0.0166 76.3316 50.0000 38.3814 45.0256 48.2294
15475.0000 0.0173 76.0638 50.0000 38.3630 44.3313 48.4635
15476.0000 0.0149 75.9936 50.0000 38.5931 44.5950 47.9258
15477.0000 0.0159 76.3299 50.0000 38.4642 45.1087 48.0829
15478.0000 0.0198 76.4665 50.0000 38.1209 44.6477 48.9950
15479.0000 0.0206 76.5624 50.0000 37.9296 44.9370 49.0286
15480.0000 0.0230 76.6922 50.0000 37.3496 45.6683 49.0012
15481.0000 0.0231 76.2922 50.0000 37.3205 44.9848 49.0311
15482.0000 0.0206 76.2549 50.0000 37.6230 45.1029 48.6317
15483.0000 0.0268 76.7579 50.0000 36.8049 45.7316 49.4551
15484.0000 0.0184 76.4556 50.0000 37.8681 45.8205 48.0828
15485.0000 0.0175 76.5329 50.0000 38.0992 45.7522 48.0881
15486.0000 0.0199 76.3560 50.0000 37.7851 45.1839 48.5895
15487.0000 0.0206 76.4429 50.0000 37.7628 45.1204 48.8020
15488.0000 0.0215 76.3586 50.0000 37.4014 45.4967 48.5985
15489.0000 0.0196 76.1693 50.0000 37.5398 45.5969 48.0984
15490.0000 0.0209 76.4311 50.0000 37.5124 45.5938 48.5360
15491.0000 0.0197 76.0279 50.0000 37.4431 45.5496 47.9946
15492.0000 0.0218 76.3498 50.0000 37.6012 44.8857 48.9972
15493.0000 0.0202 76.3055 50.0000 38.1456 44.2353 49.0987
15494.0000 0.0190 76.2366 50.0000 38.1071 44.5572 48.7291
15495.0000 0.0171 76.4216 50.0000 38.6399 44.4283 48.7169
15496.0000 0.0165 76.4645 50.0000 38.5715 44.8417 48.4589
15497.0000 0.0151 76.7010 50.0000 39.0418 44.7422 48.5480
15498.0000 0.0182 76.4266 50.0000 38.2475 44.8758 48.6243
15499.0000 0.0157 76.7400 50.0000 39.0469 44.5866 48.7484
15500.0000 0.0176 76.5107 50.0000 38.7084 44.2903 48.9276
15501.0000 0.0164 76.6810 50.0000 39.2807 43.8985 49.0911
15502.0000 0.0146 76.1866 50.0000 39.3145 43.6429 48.5187
15503.0000 0.0183 76.5630 50.0000 39.2431 43.3252 49.4450
15504.0000 0.0233 76.8588 50.0000 39.1631 42.7613 50.4479
15505.0000 0.0264 76.9588 50.0000 38.6841 42.9137 50.8391
15506.0000 0.0256 77.0852 50.0000 38.8366 43.0274 50.8181
15507.0000 0.0193 77.2717 50.0000 40.2375 42.6721 50.3085
15508.0000 0.0229 77.3987 50.0000 39.6537 42.8552 50.8093
15509.0000 0.0298 77.5447 50.0000 39.1041 42.4997 51.7478
15510.0000 0.0289 77.1893 50.0000 38.5952 42.8684 51.2924
15511.0000 0.0323 77.2987 50.0000 38.3668 42.7178 51.7520
15512.0000 0.0335 77.7762 50.0000 37.7700 43.8941 51.9219
15513.0000 0.0328 77.9616 50.0000 38.0724 43.8217 52.0400
15514.0000 0.0327 77.9760 50.0000 38.6263 43.1269 52.2335
15515.0000 0.0237 77.5986 50.0000 38.6212 44.3725 50.6065
15516.0000 0.0205 77.5415 50.0000 38.8076 44.7909 50.0043
15517.0000 0.0221 77.7393 50.0000 38.5380 45.1134 50.2294
15518.0000 0.0217 77.9817 50.0000 38.8934 44.9481 50.4789
15519.0000 0.0253 78.5022 50.0000 38.6421 45.2086 51.2403
15520.0000 0.0210 78.7175 50.0000 39.6464 44.9440 51.0357
15521.0000 0.0194 78.2080 50.0000 39.4976 44.8607 50.4376
15522.0000 0.0215 78.2392 50.0000 39.1393 44.9726 50.6651
15523.0000 0.0209 78.1580 50.0000 39.3208 44.6958 50.6443
15524.0000 0.0205 77.8425 50.0000 39.5572 44.0250 50.5616
15525.0000 0.0257 77.9531 50.0000 39.0639 43.7788 51.3237
15526.0000 0.0307 77.6780 50.0000 38.4756 43.3126 51.7447
15527.0000 0.0277 77.4828 50.0000 38.6955 43.3014 51.2956
15528.0000 0.0219 76.8866 50.0000 38.8677 43.4685 50.1132
15529.0000 0.0235 76.8907 50.0000 38.8276 43.2038 50.3788
15530.0000 0.0250 77.1182 50.0000 38.5862 43.5301 50.6305
15531.0000 0.0253 76.8950 50.0000 37.7572 44.4401 50.1230
15532.0000 0.0250 76.4013 50.0000 37.7012 43.9188 49.8690
15533.0000 0.0275 76.4993 50.0000 37.6432 43.5905 50.3488
15534.0000 0.0260 76.4397 50.0000 37.4571 44.1577 49.9009
15535.0000 0.0262 76.5543 50.0000 37.1914 44.7317 49.7638
15536.0000 0.0259 76.8388 50.0000 37.6643 44.3897 50.1514
15537.0000 0.0256 76.7130 50.0000 38.0566 43.6520 50.3098
15538.0000 0.0225 76.4526 50.0000 37.9570 44.1678 49.5325
15539.0000 0.0261 76.9541 50.0000 37.6088 44.5904 50.1918
15540.0000 0.0240 76.8952 50.0000 38.0081 44.3414 50.0210
15541.0000 0.0253 77.0025 50.0000 37.9773 44.2243 50.3123
15542.0000 0.0283 76.9427 50.0000 37.7006 43.9227 50.6917
15543.0000 0.0271 76.8417 50.0000 37.9036 43.7416 50.5435
15544.0000 0.0313 76.4653 50.0000 36.9692 43.8149 50.6011
15545.0000 0.0287 76.2433 50.0000 37.0179 43.9894 50.0764
15546.0000 0.0327 76.4751 50.0000 36.6243 44.0908 50.6271
15547.0000 0.0330 76.7110 50.0000 36.9269 43.8704 50.9546
15548.0000 0.0350 76.6261 50.0000 36.7459 43.6586 51.1392
15549.0000 0.0359 76.3189 50.0000 36.9267 42.8476 51.2355
15550.0000 0.0329 76.1198 50.0000 37.2676 42.6540 50.8526
15551.0000 0.0376 76.0629 50.0000 36.5515 42.7755 51.1841
15552.0000 0.0383 76.3132 50.0000 36.8419 42.5626 51.5248
15553.0000 0.0393 76.5028 50.0000 37.0617 42.3600 51.8145
15554.0000 0.0422 76.5875 50.0000 36.8953 42.2381 52.1567
15555.0000 0.0516 76.9490 50.0000 35.9807 42.5036 53.1035
15556.0000 0.0451 76.5654 50.0000 36.3071 42.5523 52.2815
15557.0000 0.0440 76.5622 50.0000 35.9220 43.2379 51.9794
15558.0000 0.0425 76.3913 50.0000 35.7738 43.4685 51.6368
15559.0000 0.0545 76.9453 50.0000 34.4634 44.1574 52.7540
15560.0000 0.0503 76.2431 50.0000 34.6139 43.7315 51.9851
15561.0000 0.0526 76.0714 50.0000 34.7560 42.9604 52.2808
15562.0000 0.0466 75.6351 50.0000 35.2793 42.6014 51.5864
15563.0000 0.0436 75.6795 50.0000 35.4281 42.9060 51.2964
15564.0000 0.0368 75.6476 50.0000 35.7250 43.6073 50.4449
15565.0000 0.0424 75.6894 50.0000 35.5595 42.9291 51.2006
15566.0000 0.0430 75.8384 50.0000 35.6858 42.8365 51.4103
15567.0000 0.0472 75.7750 50.0000 35.1990 42.7888 51.6914
15568.0000 0.0470 75.9472 50.0000 35.5097 42.5887 51.8964
15569.0000 0.0476 76.1729 50.0000 35.6892 42.5323 52.1498
15570.0000 0.0431 75.8259 50.0000 36.0777 42.2650 51.5910
15571.0000 0.0542 76.0937 50.0000 35.8686 41.3323 52.8709
15572.0000 0.0529 76.2260 50.0000 36.1316 41.3226 52.8900
15573.0000 0.0422 75.6342 50.0000 36.1325 42.1056 51.4014
15574.0000 0.0402 75.5051 50.0000 36.5141 41.7547 51.2278
15575.0000 0.0395 75.7939 50.0000 36.6050 42.0834 51.3203
15576.0000 0.0504 75.9188 50.0000 35.8036 41.7037 52.3696
15577.0000 0.0578 76.4599 50.0000 35.8469 41.3229 53.4184
15578.0000 0.0576 76.0801 50.0000 35.4071 41.4609 53.0615
15579.0000 0.0558 76.1798 50.0000 35.2132 42.0322 52.8837
15580.0000 0.0512 75.6216 50.0000 35.3914 41.7740 52.1632
15581.0000 0.0502 75.3967 50.0000 35.6673 41.3099 52.0192
15582.0000 0.0464 75.2994 50.0000 35.8725 41.4521 51.6225
15583.0000 0.0419 75.3400 50.0000 36.4578 41.3828 51.3264
15584.0000 0.0371 75.0363 50.0000 36.2837 41.9702 50.5216
15585.0000 0.0389 75.1244 50.0000 36.1982 41.8994 50.7722
15586.0000 0.0374 74.9000 50.0000 35.9963 42.1547 50.3712
15587.0000 0.0440 75.3122 50.0000 35.7669 41.9432 51.3170
15588.0000 0.0380 75.0562 50.0000 36.1791 41.9907 50.6091
15589.0000 0.0378 74.9954 50.0000 36.2275 41.8839 50.5728
15590.0000 0.0424 75.1780 50.0000 35.4467 42.4495 50.9244
15591.0000 0.0375 74.9289 50.0000 35.8835 42.3174 50.3582
15592.0000 0.0313 74.6321 50.0000 36.0029 42.9037 49.3255
15593.0000 0.0338 74.7899 50.0000 36.3507 42.1171 49.9830
15594.0000 0.0329 74.8713 50.0000 36.8368 41.7092 50.0909
15595.0000 0.0397 75.2906 50.0000 37.0249 40.9432 51.2004
15596.0000 0.0396 75.8764 50.0000 37.2267 41.3823 51.5646
15597.0000 0.0355 75.9304 50.0000 37.5014 41.6983 51.1891
15598.0000 0.0402 75.7925 50.0000 37.2639 41.1594 51.5927
15599.0000 0.0363 75.8776 50.0000 37.5163 41.5102 51.2527
15600.0000 0.0331 75.5039 50.0000 36.9215 42.3225 50.4623
15601.0000 0.0336 76.1006 50.0000 37.4235 42.3008 51.0042
15602.0000 0.0325 75.9014 50.0000 37.0199 42.7930 50.5897
15603.0000 0.0331 75.6510 50.0000 36.4173 43.2491 50.2630
15604.0000 0.0329 75.8567 50.0000 36.6203 43.2392 50.4337
15605.0000 0.0330 75.8405 50.0000 36.7256 43.0372 50.5056
15606.0000 0.0342 76.1598 50.0000 37.2375 42.5215 51.0452
15607.0000 0.0346 75.8041 50.0000 36.7517 42.6772 50.7368
15608.0000 0.0358 75.6981 50.0000 35.9957 43.4385 50.4738
15609.0000 0.0349 75.7492 50.0000 36.0023 43.6754 50.3413
15610.0000 0.0339 75.7931 50.0000 36.0140 43.9320 50.1753
15611.0000 0.0350 75.9763 50.0000 36.1043 43.7999 50.5020
15612.0000 0.0361 75.8818 50.0000 35.9648 43.6887 50.5557
15613.0000 0.0398 75.5551 50.0000 35.6341 43.0823 50.8203
15614.0000 0.0363 75.1516 50.0000 35.9435 42.7294 50.2994
15615.0000 0.0317 74.8720 50.0000 35.6527 43.7511 49.1989
15616.0000 0.0304 74.4496 50.0000 35.8640 43.0689 49.0060
15617.0000 0.0347 74.5117 50.0000 35.1585 43.4487 49.2755
15618.0000 0.0307 74.6486 50.0000 35.3367 44.2867 48.6046
15619.0000 0.0316 74.7274 50.0000 35.1495 44.5975 48.5774
15620.0000 0.0310 74.9241 50.0000 35.4475 44.4204 48.8254
15621.0000 0.0346 74.7644 50.0000 35.0727 44.0041 49.2267
15622.0000 0.0377 74.8376 50.0000 34.5288 44.4359 49.3343
15623.0000 0.0379 74.9052 50.0000 34.6868 44.1728 49.5619
15624.0000 0.0373 74.8800 50.0000 34.6756 44.2957 49.4216
15625.0000 0.0406 74.7940 50.0000 34.3530 44.0213 49.7608
15626.0000 0.0373 74.6003 50.0000 34.4295 44.3835 49.0909
15627.0000 0.0383 74.7696 50.0000 34.1754 44.9524 49.0084
15628.0000 0.0375 74.8723 50.0000 34.4017 44.8199 49.1279
15629.0000 0.0357 74.8015 50.0000 34.6755 44.6061 49.0220
15630.0000 0.0369 74.8281 50.0000 34.2369 45.3828 48.6568
15631.0000 0.0345 74.6707 50.0000 34.3343 45.7389 48.0085
15632.0000 0.0317 74.3123 50.0000 34.5590 45.5018 47.5140
15633.0000 0.0297 74.0756 50.0000 34.7017 45.4568 47.0815
15634.0000 0.0362 74.1747 50.0000 33.9555 45.1850 48.0337
15635.0000 0.0350 74.5172 50.0000 34.1927 45.6741 47.9328
15636.0000 0.0350 74.5322 50.0000 34.1318 45.9766 47.7098
15637.0000 0.0346 74.4052 50.0000 34.1453 45.8200 47.6525
15638.0000 0.0321 74.5128 50.0000 34.6071 45.5921 47.7060
15639.0000 0.0344 74.7547 50.0000 34.3679 45.8648 47.9952
15640.0000 0.0328 74.5034 50.0000 34.5227 45.5112 47.8296
15641.0000 0.0327 74.5158 50.0000 34.4528 45.9101 47.5171
15642.0000 0.0301 74.2318 50.0000 34.7179 45.5605 47.2152
15643.0000 0.0273 73.8458 50.0000 35.1173 44.6326 47.2007
15644.0000 0.0254 73.9522 50.0000 35.6660 44.0411 47.5106
15645.0000 0.0240 73.7541 50.0000 35.6384 44.2754 47.0028
15646.0000 0.0206 73.5619 50.0000 36.0550 44.1706 46.4795
15647.0000 0.0206 73.6638 50.0000 36.1134 44.2162 46.5522
15648.0000 0.0216 73.9249 50.0000 35.9343 44.9361 46.4151
15649.0000 0.0218 73.8279 50.0000 35.8048 45.2180 46.0859
15650.0000 0.0227 73.9310 50.0000 35.7610 44.9890 46.5074
15651.0000 0.0185 74.0759 50.0000 36.5490 44.8915 46.2187
15652.0000 0.0196 73.9081 50.0000 36.2820 44.8375 46.2129
15653.0000 0.0206 74.0837 50.0000 36.1191 45.5086 45.9649
15654.0000 0.0220 74.2165 50.0000 35.9508 45.6817 46.1391
15655.0000 0.0219 74.3003 50.0000 36.0159 45.5535 46.3495
15656.0000 0.0233 74.1232 50.0000 35.7614 45.0962 46.7087
15657.0000 0.0247 74.0133 50.0000 35.6757 44.3908 47.2722
15658.0000 0.0245 74.0298 50.0000 35.5427 45.0162 46.8046
15659.0000 0.0264 73.8928 50.0000 35.3244 44.4734 47.2699
15660.0000 0.0260 73.3769 50.0000 35.0454 44.4202 46.7207
15661.0000 0.0258 73.2421 50.0000 35.2305 43.7100 47.0389
15662.0000 0.0275 73.3698 50.0000 35.1431 43.5683 47.4330
15663.0000 0.0245 73.3017 50.0000 35.4293 43.7878 46.9099
15664.0000 0.0254 73.4075 50.0000 35.4428 43.5970 47.2416
15665.0000 0.0269 73.2778 50.0000 35.1834 43.4985 47.3248
15666.0000 0.0290 73.3813 50.0000 34.9166 43.6502 47.5427
15667.0000 0.0294 73.0882 50.0000 34.6843 43.5582 47.3452
15668.0000 0.0251 72.8743 50.0000 35.2481 43.2543 46.8753
15669.0000 0.0263 73.6013 50.0000 35.2546 44.1177 47.2005
15670.0000 0.0289 73.8136 50.0000 34.8729 44.6105 47.3522
15671.0000 0.0256 73.7410 50.0000 35.3253 44.5219 46.9857
15672.0000 0.0268 73.6766 50.0000 34.9375 45.2109 46.5144
15673.0000 0.0231 73.1137 50.0000 35.3244 44.3622 46.1496
15674.0000 0.0217 73.0987 50.0000 35.4917 44.6700 45.6985
15675.0000 0.0212 73.0735 50.0000 35.7346 43.8490 46.2605
15676.0000 0.0254 73.0741 50.0000 34.9422 44.4346 46.3081
15677.0000 0.0336 73.4880 50.0000 34.2110 44.1040 47.8009
15678.0000 0.0315 73.7314 50.0000 34.5158 44.4666 47.6203
15679.0000 0.0313 73.7218 50.0000 34.6998 44.0152 47.8905
15680.0000 0.0256 73.5335 50.0000 35.3040 44.1338 47.0427
15681.0000 0.0291 73.4437 50.0000 34.7208 44.2337 47.2421
15682.0000 0.0306 73.7570 50.0000 34.9378 43.7499 48.0145
15683.0000 0.0328 73.6324 50.0000 34.7312 43.3856 48.3029
15684.0000 0.0339 73.7122 50.0000 34.8663 43.0087 48.6629
15685.0000 0.0349 73.7380 50.0000 35.0900 42.4462 49.0337
15686.0000 0.0293 73.3332 50.0000 35.2036 42.8928 47.9444
15687.0000 0.0289 73.1957 50.0000 35.2588 42.6781 47.8853
15688.0000 0.0259 72.6455 50.0000 35.3514 42.4306 47.1942
15689.0000 0.0264 72.8417 50.0000 35.2702 42.7502 47.2688
15690.0000 0.0293 72.8287 50.0000 34.7331 43.0389 47.3844
15691.0000 0.0325 72.9393 50.0000 34.4150 43.0414 47.7827
15692.0000 0.0270 73.0961 50.0000 35.1265 43.2838 47.2830
15693.0000 0.0255 73.2858 50.0000 35.2849 43.7450 47.0336
15694.0000 0.0242 73.1824 50.0000 35.3790 43.7896 46.7597
15695.0000 0.0217 73.1174 50.0000 35.9235 43.2253 46.7678
15696.0000 0.0262 73.6241 50.0000 35.6794 43.2068 47.7562
15697.0000 0.0232 73.5410 50.0000 36.1220 43.0147 47.4680
15698.0000 0.0221 73.3676 50.0000 36.3943 42.5521 47.4086
15699.0000 0.0225 73.4415 50.0000 36.4130 42.5188 47.5384
15700.0000 0.0272 73.5347 50.0000 35.7606 42.6711 48.0386
15701.0000 0.0291 73.8013 50.0000 35.6803 42.7556 48.4305
15702.0000 0.0329 73.7372 50.0000 35.2291 42.6163 48.7846
15703.0000 0.0280 73.9758 50.0000 35.6155 43.3945 48.1754
15704.0000 0.0257 74.0937 50.0000 36.0353 43.3599 48.0755
15705.0000 0.0255 73.7632 50.0000 35.9562 43.0728 47.8843
15706.0000 0.0236 73.8430 50.0000 36.1527 43.3169 47.6383
15707.0000 0.0224 73.5568 50.0000 36.2334 43.0607 47.3659
15708.0000 0.0231 73.7371 50.0000 36.0153 43.6128 47.3073
15709.0000 0.0208 74.1292 50.0000 36.5056 43.9595 47.2233
15710.0000 0.0223 74.1737 50.0000 36.3536 43.8446 47.5164
15711.0000 0.0238 74.1970 50.0000 35.8727 44.5925 47.2213
15712.0000 0.0203 74.0699 50.0000 36.2845 44.7177 46.5844
15713.0000 0.0204 74.1922 50.0000 36.2995 44.9523 46.5416
15714.0000 0.0214 74.1765 50.0000 36.1896 44.6914 46.8524
15715.0000 0.0230 74.2951 50.0000 35.9821 44.8053 47.0908
15716.0000 0.0233 73.9713 50.0000 35.7963 44.5891 46.9275
15717.0000 0.0290 74.4021 50.0000 35.0756 45.1650 47.5972
15718.0000 0.0310 74.6225 50.0000 35.1268 44.6417 48.3916
15719.0000 0.0324 74.5157 50.0000 34.9518 44.4617 48.5193
15720.0000 0.0274 74.8142 50.0000 35.5750 45.1414 47.8940
15721.0000 0.0320 75.0656 50.0000 35.0623 45.2786 48.5316
15722.0000 0.0301 75.4023 50.0000 35.4844 45.4792 48.5594
15723.0000 0.0289 75.1719 50.0000 35.6617 44.9938 48.5244
15724.0000 0.0310 75.3938 50.0000 35.4166 45.3082 48.7550
15725.0000 0.0261 75.2440 50.0000 36.0473 45.1689 48.1874
15726.0000 0.0257 75.6625 50.0000 36.1823 45.8276 48.1195
15727.0000 0.0296 75.5455 50.0000 35.8558 44.9496 49.0002
15728.0000 0.0276 75.0351 50.0000 35.9564 44.4992 48.5513
15729.0000 0.0228 75.0432 50.0000 36.5729 44.6683 47.9441
15730.0000 0.0202 75.2411 50.0000 37.3191 44.2051 48.1084
15731.0000 0.0201 75.3620 50.0000 37.4290 44.2131 48.2047
15732.0000 0.0190 75.0838 50.0000 37.4088 44.1613 47.8324
15733.0000 0.0193 75.4420 50.0000 37.4014 44.6896 47.9111
15734.0000 0.0203 75.3255 50.0000 37.1528 44.7013 47.9103
15735.0000 0.0180 75.0356 50.0000 37.5501 44.1112 47.6921
15736.0000 0.0185 74.8851 50.0000 37.3955 44.0223 47.6591
15737.0000 0.0224 75.2509 50.0000 37.2048 43.7856 48.5935
15738.0000 0.0207 75.2208 50.0000 37.2546 44.1570 48.1707
15739.0000 0.0241 75.2263 50.0000 36.6240 44.4126 48.4272
15740.0000 0.0237 74.9545 50.0000 36.6962 43.9412 48.3812
15741.0000 0.0240 74.9983 50.0000 36.9470 43.4466 48.7038
15742.0000 0.0189 74.9514 50.0000 37.2148 44.4321 47.5243
15743.0000 0.0210 74.8847 50.0000 37.1887 43.6575 48.1533
15744.0000 0.0202 74.5755 50.0000 36.9041 43.9946 47.5822
15745.0000 0.0198 73.8867 50.0000 36.5876 43.6760 47.0424
15746.0000 0.0210 74.2360 50.0000 36.8134 43.3821 47.6838
15747.0000 0.0188 74.2991 50.0000 37.1181 43.5398 47.4012
15748.0000 0.0193 74.8292 50.0000 37.2729 43.9277 47.7545
15749.0000 0.0261 75.1090 50.0000 36.4587 43.9724 48.7704
15750.0000 0.0216 75.1987 50.0000 37.1909 43.9574 48.3677
15751.0000 0.0224 75.3340 50.0000 37.3317 43.6796 48.7201
15752.0000 0.0246 75.3408 50.0000 36.7596 44.1714 48.7222
15753.0000 0.0260 75.4959 50.0000 36.5188 44.5143 48.8311
15754.0000 0.0264 75.3224 50.0000 36.2076 44.7695 48.5610
15755.0000 0.0252 75.5447 50.0000 36.4679 44.9767 48.5200
15756.0000 0.0239 75.2765 50.0000 36.6091 44.5971 48.3469
15757.0000 0.0233 74.9748 50.0000 36.2578 45.2352 47.5434
15758.0000 0.0221 74.9344 50.0000 36.5355 44.8512 47.6307
15759.0000 0.0207 74.8417 50.0000 36.8270 44.4863 47.6028
15760.0000 0.0175 74.7301 50.0000 37.1395 44.9185 46.7715
15761.0000 0.0135 74.6192 50.0000 37.9827 44.2493 46.5547
15762.0000 0.0116 74.5703 50.0000 38.3275 44.1843 46.2544
15763.0000 0.0117 74.3730 50.0000 38.1646 44.1920 46.0638
15764.0000 0.0119 74.0119 50.0000 37.9603 43.9237 45.9074
15765.0000 0.0134 73.9589 50.0000 37.8248 43.4057 46.4237
15766.0000 0.0137 74.2497 50.0000 38.2815 42.8734 47.0045
15767.0000 0.0177 74.4859 50.0000 37.3426 43.7507 47.3240
15768.0000 0.0141 74.2286 50.0000 37.9655 43.2810 46.8536
15769.0000 0.0130 74.5679 50.0000 38.5655 43.0404 47.1231
15770.0000 0.0150 74.8226 50.0000 38.2398 43.3987 47.4626
15771.0000 0.0149 75.0003 50.0000 38.4019 43.3867 47.6227
15772.0000 0.0134 75.0158 50.0000 38.9615 42.9019 47.6319
15773.0000 0.0153 75.1135 50.0000 38.4590 43.3393 47.7980
15774.0000 0.0132 75.0947 50.0000 38.4462 44.0882 47.0886
15775.0000 0.0113 74.6963 50.0000 38.4501 44.2877 46.2571
15776.0000 0.0129 74.6771 50.0000 38.1110 44.2788 46.5146
15777.0000 0.0142 74.8470 50.0000 37.8353 44.7733 46.5395
15778.0000 0.0144 74.9054 50.0000 37.7652 45.1171 46.3579
15779.0000 0.0144 74.8282 50.0000 37.9201 44.3671 46.8282
15780.0000 0.0134 74.9344 50.0000 38.1109 44.5797 46.6408
15781.0000 0.0124 74.9247 50.0000 38.3504 44.3743 46.6249
15782.0000 0.0119 75.1349 50.0000 38.5048 44.6716 46.5520
15783.0000 0.0099 74.9957 50.0000 38.8550 44.5817 46.1208
15784.0000 0.0085 74.4373 50.0000 38.9310 44.0935 45.6185
15785.0000 0.0079 74.3186 50.0000 39.0794 43.8198 45.5619
15786.0000 0.0094 74.3941 50.0000 38.5745 44.8236 45.1369
15787.0000 0.0080 74.2713 50.0000 38.8836 44.3664 45.1212
15788.0000 0.0089 74.0301 50.0000 38.6228 43.8993 45.4048
15789.0000 0.0085 74.1493 50.0000 38.9606 43.3977 45.7911
15790.0000 0.0112 74.1848 50.0000 38.5772 43.0728 46.4748
15791.0000 0.0120 74.5331 50.0000 38.6630 43.1573 46.8807
15792.0000 0.0131 74.8554 50.0000 38.8152 43.0167 47.3948
15793.0000 0.0111 74.3962 50.0000 39.0778 42.5580 46.8672
15794.0000 0.0127 74.5248 50.0000 39.0009 42.3605 47.3125
15795.0000 0.0147 74.6562 50.0000 38.3245 43.0700 47.4315
15796.0000 0.0142 74.9161 50.0000 38.4954 43.3194 47.4758
15797.0000 0.0134 75.0790 50.0000 38.7332 43.3856 47.4793
15798.0000 0.0158 75.1460 50.0000 38.0714 43.9542 47.5975
15799.0000 0.0152 75.4010 50.0000 38.4205 43.8651 47.8020
15800.0000 0.0155 75.3997 50.0000 38.4356 43.7529 47.8905
15801.0000 0.0174 75.4073 50.0000 37.9050 44.1951 47.9194
15802.0000 0.0191 75.1208 50.0000 37.7187 43.5680 48.1900
15803.0000 0.0184 74.8465 50.0000 37.5603 43.6616 47.8005
15804.0000 0.0204 75.0561 50.0000 37.3820 43.7091 48.2237
15805.0000 0.0187 74.5958 50.0000 37.1832 43.9219 47.4637
15806.0000 0.0251 74.6677 50.0000 36.3798 43.7375 48.3611
15807.0000 0.0276 74.7373 50.0000 36.1193 43.6685 48.7249
15808.0000 0.0268 75.0350 50.0000 36.1177 44.3724 48.5474
15809.0000 0.0284 75.2166 50.0000 35.9455 44.5554 48.7880
15810.0000 0.0260 75.5110 50.0000 36.4198 44.7509 48.7121
15811.0000 0.0278 75.4221 50.0000 36.5442 43.8516 49.2955
15812.0000 0.0295 75.6705 50.0000 36.6988 43.5550 49.8215
15813.0000 0.0299 75.7741 50.0000 36.6736 43.6458 49.9179
15814.0000 0.0343 75.9120 50.0000 36.4941 43.2342 50.6125
15815.0000 0.0328 76.0085 50.0000 37.1901 42.6357 50.7580
15816.0000 0.0276 75.7492 50.0000 36.5626 44.3615 49.3271
15817.0000 0.0249 75.4601 50.0000 37.1821 43.4843 49.2019
15818.0000 0.0248 75.4860 50.0000 36.8197 44.2299 48.8484
15819.0000 0.0233 75.3067 50.0000 36.7147 44.6081 48.3037
15820.0000 0.0196 75.1925 50.0000 37.2640 44.4746 47.8259
15821.0000 0.0183 75.2108 50.0000 37.4542 44.5560 47.6300
15822.0000 0.0181 75.1000 50.0000 37.3608 44.6651 47.4258
15823.0000 0.0203 75.2160 50.0000 37.1213 44.5786 47.8769
15824.0000 0.0205 75.1273 50.0000 36.8431 45.1189 47.4446
15825.0000 0.0221 75.0816 50.0000 36.4313 45.5963 47.2333
15826.0000 0.0254 75.3979 50.0000 36.0566 45.8522 47.7739
15827.0000 0.0254 75.0438 50.0000 35.8333 45.8971 47.3393
15828.0000 0.0215 75.1077 50.0000 36.6300 45.2363 47.4668
15829.0000 0.0198 75.0004 50.0000 36.9938 44.7340 47.4910
15830.0000 0.0203 75.0627 50.0000 36.8832 44.9267 47.4935
15831.0000 0.0225 75.3525 50.0000 36.5929 45.3894 47.7365
15832.0000 0.0227 75.0130 50.0000 36.6524 44.4572 48.0323
15833.0000 0.0225 75.0476 50.0000 36.5447 44.9003 47.7554
15834.0000 0.0250 75.2776 50.0000 36.3230 44.9350 48.2515
15835.0000 0.0251 75.4339 50.0000 36.4551 44.8332 48.4900
15836.0000 0.0241 75.0891 50.0000 36.3699 44.7810 48.0652
15837.0000 0.0275 75.3241 50.0000 35.8352 45.3530 48.2976
15838.0000 0.0274 74.9595 50.0000 35.7132 45.0317 48.1211
15839.0000 0.0300 75.2528 50.0000 35.5541 45.0385 48.6870
15840.0000 0.0275 75.1513 50.0000 35.6810 45.4787 48.0236
15841.0000 0.0263 75.2038 50.0000 35.8527 45.6089 47.8542
15842.0000 0.0284 74.9229 50.0000 35.5980 44.9103 48.2627
15843.0000 0.0256 74.9975 50.0000 35.9429 45.2083 47.8428
15844.0000 0.0259 74.5894 50.0000 35.7482 44.8421 47.6952
15845.0000 0.0215 74.4016 50.0000 36.3266 44.6666 47.1261
15846.0000 0.0218 74.1152 50.0000 36.2187 44.2799 47.1229
15847.0000 0.0234 73.9072 50.0000 35.9921 43.8481 47.3729
15848.0000 0.0242 74.2725 50.0000 35.8737 44.5461 47.3827
15849.0000 0.0265 74.1844 50.0000 35.1892 45.8506 46.5055
15850.0000 0.0238 74.0099 50.0000 35.5398 45.6844 46.1229
15851.0000 0.0248 73.9958 50.0000 35.3965 45.4715 46.4199
15852.0000 0.0225 73.9361 50.0000 35.7213 45.5056 46.0410
15853.0000 0.0187 73.8251 50.0000 36.3384 45.1860 45.6934
15854.0000 0.0166 73.9510 50.0000 36.8824 44.5463 46.0876
15855.0000 0.0154 73.6122 50.0000 36.9043 44.4633 45.6053
15856.0000 0.0203 73.7949 50.0000 36.0392 45.2644 45.8039
15857.0000 0.0179 73.8715 50.0000 36.5241 44.9854 45.8181
15858.0000 0.0191 73.8061 50.0000 36.2931 44.9081 45.9719
15859.0000 0.0189 73.6827 50.0000 36.3218 44.5020 46.1459
15860.0000 0.0211 74.1485 50.0000 36.1489 44.9746 46.5677
15861.0000 0.0243 73.8907 50.0000 35.5536 44.7257 46.8550
15862.0000 0.0201 73.8936 50.0000 36.1682 44.9539 46.1656
15863.0000 0.0209 73.7761 50.0000 36.1523 44.2077 46.7076
15864.0000 0.0217 73.7098 50.0000 36.0568 43.9825 46.8890
15865.0000 0.0262 74.0075 50.0000 35.8946 43.3607 48.0473
15866.0000 0.0228 73.7763 50.0000 35.9042 44.0686 47.0296
15867.0000 0.0232 73.8402 50.0000 35.7476 44.5058 46.8372
15868.0000 0.0278 74.0202 50.0000 35.0706 44.9399 47.2171
15869.0000 0.0316 74.1331 50.0000 34.7789 44.4490 48.0669
15870.0000 0.0335 74.2334 50.0000 34.7657 44.0889 48.5604
15871.0000 0.0364 74.6575 50.0000 34.3664 44.8768 48.7726
15872.0000 0.0345 74.9209 50.0000 34.6516 45.2387 48.6402
15873.0000 0.0354 74.6380 50.0000 34.3292 45.2746 48.3999
15874.0000 0.0367 74.7864 50.0000 34.3494 45.0430 48.8288
15875.0000 0.0356 74.5986 50.0000 34.3580 45.0502 48.5280
15876.0000 0.0347 74.2645 50.0000 34.5319 44.3059 48.5771
15877.0000 0.0385 74.6178 50.0000 34.0130 45.0476 48.8021
15878.0000 0.0428 75.0098 50.0000 33.6955 45.1994 49.4783
15879.0000 0.0437 75.0452 50.0000 33.4701 45.5814 49.3343
15880.0000 0.0457 74.9170 50.0000 33.1702 45.5006 49.4164
15881.0000 0.0468 74.9300 50.0000 33.2973 44.9223 49.8776
15882.0000 0.0499 74.8957 50.0000 32.7802 45.2341 49.8869
15883.0000 0.0493 74.9761 50.0000 32.8607 45.3286 49.8689
15884.0000 0.0530 75.3621 50.0000 32.8374 45.0859 50.6795
15885.0000 0.0544 74.9388 50.0000 32.7257 44.3962 50.7330
15886.0000 0.0527 74.7604 50.0000 32.9673 44.0361 50.6271
15887.0000 0.0505 74.4250 50.0000 33.3772 43.2954 50.5031
15888.0000 0.0522 74.2786 50.0000 33.1664 43.1493 50.5514
15889.0000 0.0553 74.2167 50.0000 33.4979 42.1028 51.1211
15890.0000 0.0560 74.3745 50.0000 33.5115 42.1748 51.2819
15891.0000 0.0551 74.3848 50.0000 33.5832 42.2041 51.2258
15892.0000 0.0528 74.4566 50.0000 33.9761 42.0773 51.1752
15893.0000 0.0558 74.4563 50.0000 34.0076 41.6122 51.5330
15894.0000 0.0495 74.4217 50.0000 34.4926 41.7976 51.0080
15895.0000 0.0491 74.4625 50.0000 34.6122 41.7319 51.0402
15896.0000 0.0519 74.4266 50.0000 34.4079 41.5776 51.2514
15897.0000 0.0639 74.5303 50.0000 33.5749 41.2339 52.2232
15898.0000 0.0608 74.8412 50.0000 33.8937 41.5661 52.1985
15899.0000 0.0545 74.6453 50.0000 34.7166 41.0907 51.7517
15900.0000 0.0516 74.5111 50.0000 35.1491 40.7700 51.5194
15901.0000 0.0576 74.8814 50.0000 35.0949 40.5090 52.2933
15902.0000 0.0633 75.1329 50.0000 34.9155 40.3426 52.8993
15903.0000 0.0649 75.4000 50.0000 35.2764 40.0309 53.2754
15904.0000 0.0650 75.9551 50.0000 34.9789 40.9548 53.5571
15905.0000 0.0690 75.8015 50.0000 34.2039 41.2642 53.6025
15906.0000 0.0618 75.4825 50.0000 34.4803 41.4208 52.8492
15907.0000 0.0637 75.4329 50.0000 34.1117 41.5868 52.8872
15908.0000 0.0538 74.9518 50.0000 34.6056 41.6734 51.8030
15909.0000 0.0552 74.9998 50.0000 34.6945 41.4324 52.0060
15910.0000 0.0503 74.4406 50.0000 34.9981 41.0463 51.3004
15911.0000 0.0611 74.9513 50.0000 34.3793 41.0335 52.4597
15912.0000 0.0599 74.7800 50.0000 33.9705 41.5110 52.1047
15913.0000 0.0737 75.0841 50.0000 34.0763 40.1293 53.5356
15914.0000 0.0767 75.6530 50.0000 34.2101 40.2638 54.1468
15915.0000 0.0791 75.7021 50.0000 34.4944 39.7457 54.4171
15916.0000 0.0764 75.3139 50.0000 34.0716 40.0947 53.8862
15917.0000 0.0683 75.3738 50.0000 34.5964 40.4145 53.3945
15918.0000 0.0724 75.3982 50.0000 34.2188 40.4335 53.6573
15919.0000 0.0668 75.2147 50.0000 33.8910 41.2498 52.9821
15920.0000 0.0732 75.4005 50.0000 33.4609 41.2548 53.5130
15921.0000 0.0812 75.7189 50.0000 32.4402 41.9513 54.0470
15922.0000 0.0802 75.6299 50.0000 32.8611 41.4565 54.0498
15923.0000 0.0814 75.7843 50.0000 33.4602 40.7791 54.4126
15924.0000 0.0799 75.6393 50.0000 32.8788 41.4757 54.0375
15925.0000 0.0759 75.6355 50.0000 33.7935 40.8117 53.9735
15926.0000 0.0781 75.6496 50.0000 33.8215 40.5656 54.1609
15927.0000 0.0745 75.4411 50.0000 34.2340 40.2372 53.8549
15928.0000 0.0689 75.4348 50.0000 34.0944 41.0037 53.3543
15929.0000 0.0642 75.4453 50.0000 34.5788 40.9735 53.0798
15930.0000 0.0638 75.5395 50.0000 34.6202 41.0691 53.1129
15931.0000 0.0615 75.6944 50.0000 34.9415 41.1288 53.0768
15932.0000 0.0689 75.9242 50.0000 34.5045 41.0427 53.7534
15933.0000 0.0691 76.1487 50.0000 34.1280 41.7201 53.7897
15934.0000 0.0590 75.7797 50.0000 34.5075 42.0653 52.7476
15935.0000 0.0590 76.0149 50.0000 34.4161 42.4569 52.8318
15936.0000 0.0566 75.7780 50.0000 33.8263 43.3320 52.1578
15937.0000 0.0533 75.6565 50.0000 33.6419 43.9908 51.5454
15938.0000 0.0551 75.5523 50.0000 33.5104 43.7657 51.6698
15939.0000 0.0566 75.9823 50.0000 33.1993 44.5632 51.8193
15940.0000 0.0513 75.5864 50.0000 33.8734 43.8648 51.3983
15941.0000 0.0519 75.6378 50.0000 33.3899 44.6524 51.1113
15942.0000 0.0540 75.6627 50.0000 33.1272 44.7435 51.2392
15943.0000 0.0593 75.7929 50.0000 32.4798 45.0878 51.5434
15944.0000 0.0578 75.8017 50.0000 32.5426 45.2730 51.3539
15945.0000 0.0580 75.9297 50.0000 32.7169 45.0809 51.6007
15946.0000 0.0601 76.1334 50.0000 32.8050 44.8110 52.0779
15947.0000 0.0559 76.0348 50.0000 32.8855 45.3325 51.4276
15948.0000 0.0573 76.2696 50.0000 32.7514 45.6504 51.5795
15949.0000 0.0555 76.0610 50.0000 33.3167 44.6770 51.7614
15950.0000 0.0559 76.2956 50.0000 33.7513 44.1986 52.2337
15951.0000 0.0587 76.0361 50.0000 33.2542 44.1869 52.1839
15952.0000 0.0585 75.5099 50.0000 32.9752 43.9975 51.7552
15953.0000 0.0613 76.0116 50.0000 33.4556 43.4526 52.6342
15954.0000 0.0598 76.0498 50.0000 33.5984 43.5172 52.5450
15955.0000 0.0666 76.8108 50.0000 33.4294 43.6984 53.5988
15956.0000 0.0639 76.4496 50.0000 33.3407 43.7734 53.0738
15957.0000 0.0601 76.0166 50.0000 33.5467 43.5033 52.5414
15958.0000 0.0669 75.8976 50.0000 33.1434 42.9803 53.0533
15959.0000 0.0589 75.6625 50.0000 33.4857 43.3424 52.2012
15960.0000 0.0534 75.2718 50.0000 33.5474 43.6300 51.3501
15961.0000 0.0570 75.5154 50.0000 33.7821 43.0114 52.0708
15962.0000 0.0573 75.5009 50.0000 33.5905 43.2330 51.9901
15963.0000 0.0560 75.0236 50.0000 33.6683 42.7336 51.6607
15964.0000 0.0573 75.2780 50.0000 33.8705 42.5681 52.0339
15965.0000 0.0602 75.2785 50.0000 32.9390 43.4888 51.8710
15966.0000 0.0629 75.6455 50.0000 32.4538 44.2800 52.0410
15967.0000 0.0582 74.7071 50.0000 32.6924 43.4772 51.2063
15968.0000 0.0554 75.1219 50.0000 33.1458 43.7374 51.3001
15969.0000 0.0539 75.0669 50.0000 33.2693 43.7254 51.1496
15970.0000 0.0551 75.2131 50.0000 33.5031 43.3512 51.5289
15971.0000 0.0468 74.9876 50.0000 34.1257 43.4712 50.6836
15972.0000 0.0437 74.8728 50.0000 34.0840 43.9787 50.1009
15973.0000 0.0477 75.6051 50.0000 34.0794 44.2132 50.9893
15974.0000 0.0423 75.2154 50.0000 34.1379 44.6876 49.9498
15975.0000 0.0444 75.1143 50.0000 33.8030 44.7051 50.0096
15976.0000 0.0351 74.7807 50.0000 34.9081 44.2275 49.1681
15977.0000 0.0414 75.0570 50.0000 34.2068 44.5274 49.8072
15978.0000 0.0412 75.0288 50.0000 34.3850 44.1767 49.9540
15979.0000 0.0373 74.5092 50.0000 34.6280 43.8411 49.2999
15980.0000 0.0419 74.2867 50.0000 34.3462 43.0627 49.8443
15981.0000 0.0399 73.9458 50.0000 34.4807 42.7673 49.4977
15982.0000 0.0427 73.8537 50.0000 34.1661 42.6472 49.6817
15983.0000 0.0403 73.9024 50.0000 34.5301 42.5563 49.5802
15984.0000 0.0434 73.9301 50.0000 33.9422 42.9803 49.6616
15985.0000 0.0343 73.8144 50.0000 34.6677 43.4389 48.5775
15986.0000 0.0313 73.5351 50.0000 35.2006 42.7127 48.4143
15987.0000 0.0301 73.4504 50.0000 35.0865 43.0905 48.0324
15988.0000 0.0296 73.5215 50.0000 35.0045 43.5164 47.8165
15989.0000 0.0315 73.4734 50.0000 34.7951 43.3409 48.0542
15990.0000 0.0320 73.5812 50.0000 34.7653 43.4457 48.1460
15991.0000 0.0287 73.7151 50.0000 35.0443 44.0032 47.6396
15992.0000 0.0328 73.8705 50.0000 34.5097 44.2704 48.0214
15993.0000 0.0352 73.7773 50.0000 34.1513 44.2345 48.1673
15994.0000 0.0324 73.8936 50.0000 34.6742 44.0386 48.1514
15995.0000 0.0369 74.1307 50.0000 34.0991 44.4555 48.5420
15996.0000 0.0379 73.8312 50.0000 34.0331 43.8540 48.6787
15997.0000 0.0380 73.6529 50.0000 34.0204 43.5740 48.6690
15998.0000 0.0420 73.9889 50.0000 33.8636 43.4693 49.3765
15999.0000 0.0425 73.8548 50.0000 33.7660 43.3699 49.3299
16000.0000 0.0427 73.9296 50.0000 34.4994 42.2220 49.9269
16001.0000 0.0407 73.9209 50.0000 34.1434 43.1444 49.3669
16002.0000 0.0405 73.8817 50.0000 34.5878 42.3942 49.6479
16003.0000 0.0421 74.1888 50.0000 34.5001 42.6655 49.9336
16004.0000 0.0502 74.3723 50.0000 34.3779 41.7932 51.0169
16005.0000 0.0436 74.1884 50.0000 34.8610 41.8838 50.3426
16006.0000 0.0463 74.2603 50.0000 34.3862 42.2222 50.4923
16007.0000 0.0453 74.1029 50.0000 34.5457 41.9546 50.3751
16008.0000 0.0371 73.7573 50.0000 34.7977 42.5171 49.2093
16009.0000 0.0414 73.8571 50.0000 34.2912 42.6745 49.5770
16010.0000 0.0424 73.8921 50.0000 34.2980 42.5278 49.7502
16011.0000 0.0402 74.0335 50.0000 34.3431 43.0571 49.4732
16012.0000 0.0370 73.7895 50.0000 34.8200 42.5444 49.2183
16013.0000 0.0358 73.7953 50.0000 34.7654 42.8802 48.9734
16014.0000 0.0357 73.5822 50.0000 34.4573 43.1573 48.6259
16015.0000 0.0371 73.8983 50.0000 34.1587 43.9045 48.6471
16016.0000 0.0345 73.9569 50.0000 34.5388 43.8510 48.5157
16017.0000 0.0346 74.0893 50.0000 34.8731 43.3786 48.9019
16018.0000 0.0367 74.0121 50.0000 34.6896 43.1405 49.1256
16019.0000 0.0383 73.9333 50.0000 34.6440 42.7904 49.3448
16020.0000 0.0349 73.7472 50.0000 35.2416 42.2209 49.1332
16021.0000 0.0413 74.1394 50.0000 34.5784 42.6078 49.8553
16022.0000 0.0381 74.3206 50.0000 34.6675 43.3236 49.4447
16023.0000 0.0328 74.1866 50.0000 35.2452 43.2378 48.9072
16024.0000 0.0372 74.1024 50.0000 34.6326 43.2673 49.1903
16025.0000 0.0421 74.1433 50.0000 34.5175 42.5703 49.9353
16026.0000 0.0407 74.6000 50.0000 34.5746 43.3489 49.9063
16027.0000 0.0373 74.5572 50.0000 34.9085 43.3851 49.5772
16028.0000 0.0445 75.1438 50.0000 34.5947 43.3336 50.7148
16029.0000 0.0471 75.1414 50.0000 34.5532 42.9605 51.0559
16030.0000 0.0391 74.8892 50.0000 34.8828 43.5356 49.9624
16031.0000 0.0385 74.5697 50.0000 35.0100 42.9959 49.8628
16032.0000 0.0382 74.9913 50.0000 34.7334 44.1372 49.6911
16033.0000 0.0405 74.9640 50.0000 34.5254 43.9749 49.9381
16034.0000 0.0378 74.6019 50.0000 34.5609 43.9832 49.3606
16035.0000 0.0462 75.1943 50.0000 33.9461 44.1631 50.5120
16036.0000 0.0439 74.9092 50.0000 34.5021 43.2833 50.4733
16037.0000 0.0417 75.1175 50.0000 35.3350 42.6571 50.7391
16038.0000 0.0423 75.2580 50.0000 35.0489 43.1531 50.7262
16039.0000 0.0390 74.7710 50.0000 35.2045 42.8649 50.1393
16040.0000 0.0391 74.8360 50.0000 34.9354 43.3722 49.9879
16041.0000 0.0400 74.8837 50.0000 34.7367 43.5899 50.0085
16042.0000 0.0428 75.2531 50.0000 35.2297 42.8028 50.8902
16043.0000 0.0383 75.2915 50.0000 35.7428 42.8503 50.5481
16044.0000 0.0381 75.0676 50.0000 35.7539 42.5832 50.4330
16045.0000 0.0409 74.8272 50.0000 35.1705 42.6657 50.4160
16046.0000 0.0382 75.0545 50.0000 35.4440 43.0228 50.2587
16047.0000 0.0378 74.6828 50.0000 35.1060 43.1427 49.8376
16048.0000 0.0457 74.8905 50.0000 34.0782 43.6118 50.4508
16049.0000 0.0418 74.8654 50.0000 34.6769 43.3216 50.2551
16050.0000 0.0424 74.5389 50.0000 34.6514 42.8194 50.2179
16051.0000 0.0441 74.6985 50.0000 34.2343 43.4065 50.2370
16052.0000 0.0442 75.1931 50.0000 35.1020 42.6807 50.9923
16053.0000 0.0406 75.3484 50.0000 35.3113 43.1778 50.6574
16054.0000 0.0393 74.8595 50.0000 35.2728 42.8282 50.2545
16055.0000 0.0350 74.7617 50.0000 35.5091 43.1378 49.6743
16056.0000 0.0354 74.7514 50.0000 35.2469 43.4746 49.5518
16057.0000 0.0393 75.1538 50.0000 34.5232 44.5342 49.7287
16058.0000 0.0367 75.1494 50.0000 34.8250 44.5654 49.4831
16059.0000 0.0323 74.5115 50.0000 34.8665 44.6939 48.3606
16060.0000 0.0389 74.6525 50.0000 34.2140 44.4923 49.2222
16061.0000 0.0348 74.7438 50.0000 34.6636 44.7904 48.7739
16062.0000 0.0336 74.6299 50.0000 34.8410 44.5442 48.6985
16063.0000 0.0380 74.9275 50.0000 34.3398 44.9132 49.1703
16064.0000 0.0358 74.7186 50.0000 34.6598 44.4700 49.0304
16065.0000 0.0280 74.5222 50.0000 35.6216 44.2771 48.2099
16066.0000 0.0300 74.8752 50.0000 35.6815 44.1213 48.8513
16067.0000 0.0282 75.1269 50.0000 35.6729 45.1474 48.3033
16068.0000 0.0322 75.0955 50.0000 34.9714 45.5526 48.3869
16069.0000 0.0373 74.9626 50.0000 34.6460 44.4750 49.4067
16070.0000 0.0386 75.2725 50.0000 34.6972 44.5218 49.7982
16071.0000 0.0424 75.4614 50.0000 34.3265 44.6488 50.2256
16072.0000 0.0376 75.1089 50.0000 34.5574 44.8175 49.3814
16073.0000 0.0424 75.4448 50.0000 34.1355 45.0120 50.0061
16074.0000 0.0484 75.4759 50.0000 33.2667 45.4448 50.2464
16075.0000 0.0445 75.3139 50.0000 33.5923 45.4884 49.7448
16076.0000 0.0504 75.4176 50.0000 33.0441 45.3526 50.3890
16077.0000 0.0523 75.4953 50.0000 33.1452 44.8239 50.9093
16078.0000 0.0520 75.8602 50.0000 33.3270 45.0726 51.1131
16079.0000 0.0499 76.2184 50.0000 33.4389 45.8417 50.8883
16080.0000 0.0545 76.2503 50.0000 32.9120 45.9130 51.2143
16081.0000 0.0513 76.4303 50.0000 33.4503 45.8169 51.2200
16082.0000 0.0468 76.5023 50.0000 33.9787 45.9086 50.8965
16083.0000 0.0468 76.5827 50.0000 33.9400 46.1216 50.8507
16084.0000 0.0496 76.4602 50.0000 33.8408 45.4548 51.3305
16085.0000 0.0524 77.0254 50.0000 33.7909 45.7650 51.9293
16086.0000 0.0548 77.2640 50.0000 34.0907 45.0892 52.6735
16087.0000 0.0424 76.8208 50.0000 35.0738 45.2197 51.2489
16088.0000 0.0436 76.8354 50.0000 34.9523 45.1925 51.3776
16089.0000 0.0473 77.1524 50.0000 34.6935 45.3272 51.9066
16090.0000 0.0465 76.9987 50.0000 35.1852 44.4584 52.0984
16091.0000 0.0478 77.0626 50.0000 35.2388 44.2365 52.3451
16092.0000 0.0455 77.0117 50.0000 35.4921 44.1817 52.1450
16093.0000 0.0458 76.6369 50.0000 35.4353 43.7279 52.0136
16094.0000 0.0417 76.8222 50.0000 35.9256 43.9349 51.7757
16095.0000 0.0366 76.7045 50.0000 36.2745 44.1819 51.1438
16096.0000 0.0411 77.0560 50.0000 36.3547 43.7045 52.0181
16097.0000 0.0495 77.3476 50.0000 35.1142 44.4876 52.6354
16098.0000 0.0476 77.0515 50.0000 35.2709 44.2063 52.3326
16099.0000 0.0489 76.9544 50.0000 34.8988 44.4280 52.2514
16100.0000 0.0495 76.4434 50.0000 34.9409 43.6236 52.1508
16101.0000 0.0563 76.7251 50.0000 34.9383 42.9523 53.1146
16102.0000 0.0536 76.3176 50.0000 34.6404 43.2628 52.4667
16103.0000 0.0499 76.2849 50.0000 34.9934 43.2898 52.1617
16104.0000 0.0470 76.0713 50.0000 35.1656 43.2327 51.7799
16105.0000 0.0486 76.6043 50.0000 35.2563 43.5006 52.2772
16106.0000 0.0453 76.7744 50.0000 35.1290 44.4688 51.7956
16107.0000 0.0517 76.8012 50.0000 34.6145 44.2061 52.4031
16108.0000 0.0495 76.8270 50.0000 34.8696 44.2119 52.2667
16109.0000 0.0597 76.8645 50.0000 34.5303 43.2061 53.3764
16110.0000 0.0614 77.4895 50.0000 34.4553 43.8011 53.8416
16111.0000 0.0679 77.4476 50.0000 34.0502 43.4260 54.3406
16112.0000 0.0612 77.2603 50.0000 33.9501 44.2710 53.4474
16113.0000 0.0592 77.3105 50.0000 34.2431 44.1953 53.3957
16114.0000 0.0695 77.3523 50.0000 33.3857 43.9980 54.1568
16115.0000 0.0700 77.5889 50.0000 33.0484 44.6815 54.1424
16116.0000 0.0745 78.0648 50.0000 33.1448 44.4798 54.9279
16117.0000 0.0744 77.7223 50.0000 33.0126 44.2813 54.6817
16118.0000 0.0734 77.6917 50.0000 33.1042 44.2466 54.6110
16119.0000 0.0706 77.5840 50.0000 33.1962 44.3842 54.2893
16120.0000 0.0698 77.8109 50.0000 33.0775 44.9392 54.2300
16121.0000 0.0711 77.8096 50.0000 32.7993 45.1511 54.2210
16122.0000 0.0765 78.0035 50.0000 32.3898 45.2087 54.6957
16123.0000 0.0754 77.8840 50.0000 32.4822 45.0878 54.5703
16124.0000 0.0831 78.2080 50.0000 31.6373 45.6100 55.0936
16125.0000 0.0846 77.7939 50.0000 31.9165 44.5342 55.2263
16126.0000 0.0738 77.6568 50.0000 32.5368 44.9596 54.3192
16127.0000 0.0701 77.3910 50.0000 32.4329 45.3598 53.6654
16128.0000 0.0697 77.1706 50.0000 32.2750 45.3970 53.4111
16129.0000 0.0700 77.2412 50.0000 32.9423 44.4264 53.9193
16130.0000 0.0699 77.2483 50.0000 32.6902 44.8101 53.7653
16131.0000 0.0647 77.1210 50.0000 33.0223 44.9568 53.2546
16132.0000 0.0664 76.9634 50.0000 32.8872 44.7030 53.3239
16133.0000 0.0688 77.1974 50.0000 33.1106 44.2959 53.8609
16134.0000 0.0631 76.7370 50.0000 33.3770 44.1915 53.1192
16135.0000 0.0567 76.3958 50.0000 33.6262 44.3999 52.2900
16136.0000 0.0544 75.7453 50.0000 34.3410 42.8810 52.1466
16137.0000 0.0619 76.4266 50.0000 33.9555 43.1690 53.1459
16138.0000 0.0582 76.5337 50.0000 34.4861 43.0728 53.0362
16139.0000 0.0581 76.5562 50.0000 34.4965 43.1046 53.0363
16140.0000 0.0555 76.6627 50.0000 34.5761 43.4984 52.8162
16141.0000 0.0567 76.8454 50.0000 34.3538 43.8485 52.9371
16142.0000 0.0516 76.6057 50.0000 34.5360 44.0831 52.2721
16143.0000 0.0531 76.8831 50.0000 34.6972 43.9580 52.6765
16144.0000 0.0585 77.1505 50.0000 34.2854 44.0515 53.2558
16145.0000 0.0600 77.2670 50.0000 34.4865 43.6832 53.5971
16146.0000 0.0635 77.4419 50.0000 34.6288 43.2305 54.1223
16147.0000 0.0663 77.5907 50.0000 34.6628 42.9921 54.5021
16148.0000 0.0707 78.1002 50.0000 34.5132 43.2066 55.1513
16149.0000 0.0725 78.0375 50.0000 34.3090 43.1740 55.2154
16150.0000 0.0781 77.8496 50.0000 34.4215 42.1942 55.6361
16151.0000 0.0754 77.8106 50.0000 34.8614 41.9268 55.5095
16152.0000 0.0697 77.6028 50.0000 35.3225 41.8034 55.0182
16153.0000 0.0756 77.7097 50.0000 34.6997 41.9922 55.4201
16154.0000 0.0678 77.7695 50.0000 35.4159 42.0880 54.9765
16155.0000 0.0657 77.7460 50.0000 35.9624 41.6601 54.9143
16156.0000 0.0613 77.4780 50.0000 36.2371 41.5643 54.4254
16157.0000 0.0584 77.2895 50.0000 36.4639 41.4327 54.1053
16158.0000 0.0574 77.4011 50.0000 36.5139 41.6207 54.0867
16159.0000 0.0571 77.9537 50.0000 36.2418 42.5943 54.3051
16160.0000 0.0495 77.6546 50.0000 36.3707 43.1005 53.3832
16161.0000 0.0453 77.6196 50.0000 36.8218 43.0863 53.0332
16162.0000 0.0457 77.2725 50.0000 36.1625 43.4909 52.6484
16163.0000 0.0442 77.5507 50.0000 36.4922 43.6089 52.7323
16164.0000 0.0428 77.8937 50.0000 36.4392 44.3420 52.6631
16165.0000 0.0428 77.8329 50.0000 36.3011 44.4636 52.5659
16166.0000 0.0348 77.5482 50.0000 36.5848 45.2028 51.3028
16167.0000 0.0336 77.1215 50.0000 36.5814 44.8746 50.9489
16168.0000 0.0311 77.0942 50.0000 37.0408 44.5915 50.8241
16169.0000 0.0333 77.3023 50.0000 36.2605 45.8339 50.5972
16170.0000 0.0360 76.9390 50.0000 35.9553 45.2007 50.8304
16171.0000 0.0356 76.9841 50.0000 36.0027 45.2802 50.7942
16172.0000 0.0362 76.8377 50.0000 35.8767 45.1467 50.7806
16173.0000 0.0361 76.8243 50.0000 35.9287 45.0448 50.8140
16174.0000 0.0336 76.9214 50.0000 36.0480 45.5939 50.3849
16175.0000 0.0359 76.9899 50.0000 35.9735 45.2570 50.8444
16176.0000 0.0395 77.2447 50.0000 35.6476 45.4004 51.3303
16177.0000 0.0409 76.9347 50.0000 35.3903 45.1228 51.2875
16178.0000 0.0414 77.2570 50.0000 35.3705 45.5060 51.4469
16179.0000 0.0388 76.8719 50.0000 35.6507 45.0184 51.1044
16180.0000 0.0384 77.1763 50.0000 35.5711 45.7176 50.9979
16181.0000 0.0340 77.1292 50.0000 36.0857 45.7495 50.5344
16182.0000 0.0349 77.4347 50.0000 35.9930 46.1881 50.6686
16183.0000 0.0345 77.8127 50.0000 36.0514 46.8053 50.6397
16184.0000 0.0382 78.1035 50.0000 35.8647 46.6015 51.4021
16185.0000 0.0403 78.2795 50.0000 35.7674 46.5294 51.8014
16186.0000 0.0403 78.5671 50.0000 35.7198 47.0932 51.7603
16187.0000 0.0362 78.4073 50.0000 36.0608 47.2936 51.0944
16188.0000 0.0355 78.3545 50.0000 36.4111 46.5804 51.4191
16189.0000 0.0391 78.1898 50.0000 36.0641 46.0896 51.8535
16190.0000 0.0421 78.5137 50.0000 36.0321 45.9405 52.4934
16191.0000 0.0419 78.7710 50.0000 36.5793 45.4092 52.9606
16192.0000 0.0414 78.5838 50.0000 36.3423 45.6389 52.6473
16193.0000 0.0424 78.6811 50.0000 36.6249 45.1247 53.0387
16194.0000 0.0463 79.3033 50.0000 36.5596 45.3377 53.8229
16195.0000 0.0448 79.0307 50.0000 36.5805 45.2166 53.5086
16196.0000 0.0431 79.2247 50.0000 36.6949 45.6041 53.3882
16197.0000 0.0477 78.8690 50.0000 36.2446 45.0128 53.6702
16198.0000 0.0462 78.9742 50.0000 36.0734 45.6834 53.3728
16199.0000 0.0541 78.9768 50.0000 35.0035 45.9628 53.8471
16200.0000 0.0505 78.3785 50.0000 35.1479 45.6068 53.1774
16201.0000 0.0478 78.4353 50.0000 35.9076 44.9617 53.3027
16202.0000 0.0387 77.9278 50.0000 36.9481 44.3549 52.3471
16203.0000 0.0404 78.2529 50.0000 36.8370 44.6186 52.6852
16204.0000 0.0402 78.4417 50.0000 36.8313 44.9043 52.7273
16205.0000 0.0386 78.7608 50.0000 37.2607 44.9556 52.8574
16206.0000 0.0439 79.3609 50.0000 37.1138 44.9997 53.8120
16207.0000 0.0383 79.5445 50.0000 38.0825 44.8048 53.5685
16208.0000 0.0337 79.4550 50.0000 38.2566 45.2883 52.9009
16209.0000 0.0319 79.2959 50.0000 38.2796 45.3977 52.5506
16210.0000 0.0380 79.4572 50.0000 38.0621 44.7833 53.4713
16211.0000 0.0370 79.4255 50.0000 38.4303 44.4098 53.4723
16212.0000 0.0370 79.1262 50.0000 37.7839 44.9389 53.0456
16213.0000 0.0323 78.5425 50.0000 37.8804 44.9546 52.0873
16214.0000 0.0360 78.3630 50.0000 37.6803 44.3160 52.5077
16215.0000 0.0348 78.8423 50.0000 37.8385 44.9081 52.6081
16216.0000 0.0418 78.9842 50.0000 37.2091 44.7577 53.3923
16217.0000 0.0441 78.9170 50.0000 37.0396 44.5207 53.6085
16218.0000 0.0419 78.7111 50.0000 37.5263 43.9692 53.4221
16219.0000 0.0381 78.6592 50.0000 37.7150 44.2633 52.9680
16220.0000 0.0423 78.9499 50.0000 37.5638 44.1336 53.6122
16221.0000 0.0440 78.7775 50.0000 37.4776 43.7852 53.7045
16222.0000 0.0479 79.2926 50.0000 36.9845 44.4476 54.2576
16223.0000 0.0440 78.7365 50.0000 37.1934 44.1117 53.5747
16224.0000 0.0416 78.3094 50.0000 37.2969 43.8381 53.0992
16225.0000 0.0519 78.4896 50.0000 37.0985 42.8139 54.3257
16226.0000 0.0530 78.9464 50.0000 37.4693 42.7286 54.7983
16227.0000 0.0507 78.4829 50.0000 37.2342 42.8056 54.2296
16228.0000 0.0521 78.2520 50.0000 37.1721 42.4360 54.2291
16229.0000 0.0458 78.2495 50.0000 37.5692 42.7879 53.6725
16230.0000 0.0417 78.5503 50.0000 38.1922 42.9485 53.5436
16231.0000 0.0402 78.5813 50.0000 38.0663 43.3629 53.3445
16232.0000 0.0419 78.7445 50.0000 38.1119 43.2387 53.6525
16233.0000 0.0408 78.8686 50.0000 37.9869 43.7144 53.5379
16234.0000 0.0424 79.1513 50.0000 37.6199 44.2841 53.7456
16235.0000 0.0449 78.7155 50.0000 37.2612 43.8602 53.7030
16236.0000 0.0434 78.4488 50.0000 37.1279 43.9532 53.3278
16237.0000 0.0381 78.4902 50.0000 37.3728 44.5424 52.7254
16238.0000 0.0351 78.5880 50.0000 37.6932 44.7412 52.4740
16239.0000 0.0361 78.1234 50.0000 37.5005 44.2494 52.3351
16240.0000 0.0322 78.4143 50.0000 38.0167 44.5922 52.1062
16241.0000 0.0372 78.3996 50.0000 37.4179 44.5304 52.5684
16242.0000 0.0378 78.3523 50.0000 36.7071 45.4514 52.2095
16243.0000 0.0416 78.5628 50.0000 36.6465 45.0873 52.8800
16244.0000 0.0316 78.0637 50.0000 37.5365 44.9934 51.5805
16245.0000 0.0298 78.1597 50.0000 37.5288 45.5598 51.2330
16246.0000 0.0343 78.5320 50.0000 37.1749 45.6626 51.9638
16247.0000 0.0334 78.4517 50.0000 37.5829 45.0742 52.0627
16248.0000 0.0359 78.6282 50.0000 37.3796 45.1230 52.4315
16249.0000 0.0336 78.4964 50.0000 37.3057 45.5543 51.9111
16250.0000 0.0364 78.8756 50.0000 37.0122 45.9655 52.3319
16251.0000 0.0360 78.6409 50.0000 37.1109 45.5501 52.2719
16252.0000 0.0385 78.8559 50.0000 36.9166 45.6423 52.6517
16253.0000 0.0382 79.1243 50.0000 37.0623 45.8244 52.7937
16254.0000 0.0340 78.9171 50.0000 37.1143 46.4158 51.9231
16255.0000 0.0318 79.1497 50.0000 37.6794 46.2324 52.0337
16256.0000 0.0297 78.9701 50.0000 38.0269 45.8724 51.8262
16257.0000 0.0310 79.1131 50.0000 37.8363 46.1081 51.9744
16258.0000 0.0314 79.0358 50.0000 37.4898 46.5363 51.7256
16259.0000 0.0355 79.1746 50.0000 37.0549 46.5390 52.2463
16260.0000 0.0426 79.1993 50.0000 36.5151 45.9524 53.1748
16261.0000 0.0438 79.1650 50.0000 36.6538 45.4590 53.4515
16262.0000 0.0372 78.5578 50.0000 37.0224 45.3376 52.3944
16263.0000 0.0376 78.7392 50.0000 36.8313 45.8337 52.3697
16264.0000 0.0413 78.9256 50.0000 36.7764 45.4199 53.0451
16265.0000 0.0371 78.7268 50.0000 37.1280 45.4139 52.5071
16266.0000 0.0362 78.7226 50.0000 37.0616 45.7140 52.2870
16267.0000 0.0380 78.6292 50.0000 36.9772 45.3473 52.5248
16268.0000 0.0319 78.2716 50.0000 37.3656 45.5186 51.5588
16269.0000 0.0369 78.4872 50.0000 36.7133 45.8298 52.0770
16270.0000 0.0406 78.4891 50.0000 36.2239 45.8926 52.3664
16271.0000 0.0425 78.3216 50.0000 35.8128 45.9767 52.3245
16272.0000 0.0405 78.5593 50.0000 36.2906 45.8826 52.4341
16273.0000 0.0417 78.7939 50.0000 36.3002 45.9492 52.7205
16274.0000 0.0357 79.1739 50.0000 37.0189 46.5382 52.2715
16275.0000 0.0416 79.5686 50.0000 36.7010 46.3472 53.2554
16276.0000 0.0356 79.4978 50.0000 37.5342 46.1147 52.7686
16277.0000 0.0302 79.4516 50.0000 37.9990 46.5054 52.0181
16278.0000 0.0338 79.7185 50.0000 37.3660 47.1796 52.2772
16279.0000 0.0356 79.3645 50.0000 37.0754 46.7440 52.3368
16280.0000 0.0362 79.6728 50.0000 36.8561 47.5208 52.2604
16281.0000 0.0365 79.7475 50.0000 36.9917 47.2622 52.5125
16282.0000 0.0383 79.7780 50.0000 36.7959 47.2302 52.7247
16283.0000 0.0374 79.5774 50.0000 36.7224 47.3114 52.3990
16284.0000 0.0408 79.7593 50.0000 36.4199 47.3326 52.8655
16285.0000 0.0390 79.2168 50.0000 36.2536 47.3057 52.1839
16286.0000 0.0361 79.4404 50.0000 37.1203 46.6507 52.5032
16287.0000 0.0370 79.6329 50.0000 37.0965 46.7520 52.7209
16288.0000 0.0362 79.5158 50.0000 37.2500 46.4964 52.6620
16289.0000 0.0356 79.2681 50.0000 37.0461 46.6623 52.2843
16290.0000 0.0322 79.2034 50.0000 37.2740 47.0344 51.6874
16291.0000 0.0330 79.2609 50.0000 37.0323 47.4307 51.5871
16292.0000 0.0345 79.2370 50.0000 37.0603 46.8734 52.0377
16293.0000 0.0408 78.9104 50.0000 36.1055 46.6627 52.4007
16294.0000 0.0435 78.8038 50.0000 36.4863 45.2999 53.1668
16295.0000 0.0365 78.3694 50.0000 37.0243 45.2334 52.2005
16296.0000 0.0425 78.7450 50.0000 36.6629 45.1308 53.1020
16297.0000 0.0367 78.2595 50.0000 36.5681 45.8190 51.8454
16298.0000 0.0422 77.9538 50.0000 35.5515 46.0011 51.9307
16299.0000 0.0431 78.3442 50.0000 36.0974 45.3881 52.6754
16300.0000 0.0496 78.9001 50.0000 35.6262 45.6808 53.5656
16301.0000 0.0441 78.2531 50.0000 35.9995 45.2353 52.7386
16302.0000 0.0437 78.2533 50.0000 36.0019 45.3228 52.6620
16303.0000 0.0473 78.4706 50.0000 35.7354 45.3536 53.1381
16304.0000 0.0411 77.9280 50.0000 36.0463 45.3143 52.1542
16305.0000 0.0378 77.7852 50.0000 36.1289 45.6913 51.5513
16306.0000 0.0410 78.1314 50.0000 35.8985 45.8738 52.0712
16307.0000 0.0384 78.1759 50.0000 35.7949 46.8157 51.3661
16308.0000 0.0403 78.2550 50.0000 35.6429 46.7586 51.6436
16309.0000 0.0427 78.3277 50.0000 35.4286 46.6807 51.9708
16310.0000 0.0511 78.8160 50.0000 34.7382 46.8025 53.0542
16311.0000 0.0421 78.4298 50.0000 35.5579 46.7404 51.9828
16312.0000 0.0394 78.5032 50.0000 35.8572 46.9394 51.7080
16313.0000 0.0407 78.4781 50.0000 35.7751 46.7136 51.9307
16314.0000 0.0459 78.2718 50.0000 35.1804 46.3239 52.3727
16315.0000 0.0438 77.8448 50.0000 35.4304 45.7184 52.0992
16316.0000 0.0465 77.9327 50.0000 35.4971 45.1854 52.6473
16317.0000 0.0519 78.1296 50.0000 34.9432 45.3476 53.1676
16318.0000 0.0448 78.0739 50.0000 35.2688 46.1316 52.1874
16319.0000 0.0430 77.7419 50.0000 35.3886 45.8202 51.8841
16320.0000 0.0412 78.1558 50.0000 35.8909 45.8785 52.1090
16321.0000 0.0479 78.3843 50.0000 34.8532 46.6800 52.4437
16322.0000 0.0419 77.9425 50.0000 35.2809 46.6138 51.5504
16323.0000 0.0444 77.7674 50.0000 35.0388 46.2043 51.8190
16324.0000 0.0482 78.1649 50.0000 35.2741 45.5407 52.8349
16325.0000 0.0405 77.4370 50.0000 36.0467 44.7613 51.8995
16326.0000 0.0414 77.7292 50.0000 35.7053 45.5712 51.8673
16327.0000 0.0413 77.9337 50.0000 35.7886 45.7321 51.9751
16328.0000 0.0524 78.1411 50.0000 35.2373 44.8233 53.4345
16329.0000 0.0534 78.1520 50.0000 35.3759 44.4795 53.6457
16330.0000 0.0582 78.5526 50.0000 34.8465 44.9949 54.1452
16331.0000 0.0612 78.2728 50.0000 34.6813 44.4422 54.3021
16332.0000 0.0642 78.5566 50.0000 34.8370 44.1419 54.8545
16333.0000 0.0564 78.3936 50.0000 34.7871 45.1645 53.8107
16334.0000 0.0605 78.5479 50.0000 34.6957 44.8513 54.3538
16335.0000 0.0537 78.2640 50.0000 35.2880 44.6874 53.6940
16336.0000 0.0485 78.1443 50.0000 35.9147 44.4681 53.2847
16337.0000 0.0523 78.0481 50.0000 35.5328 44.2941 53.5441
16338.0000 0.0534 77.8774 50.0000 35.0469 44.6218 53.3432
16339.0000 0.0495 78.0958 50.0000 35.2502 45.2388 53.0079
16340.0000 0.0421 77.5757 50.0000 35.6440 45.3111 51.9077
16341.0000 0.0331 77.1931 50.0000 36.0965 46.0727 50.3301
16342.0000 0.0337 77.0569 50.0000 36.1170 45.6455 50.4957
16343.0000 0.0380 77.2042 50.0000 36.0008 45.0356 51.3442
16344.0000 0.0432 77.2165 50.0000 35.1191 45.5132 51.5517
16345.0000 0.0477 76.9924 50.0000 34.5911 45.2231 51.8281
16346.0000 0.0417 76.9152 50.0000 34.6772 46.3900 50.6105
16347.0000 0.0451 77.2269 50.0000 34.4408 46.4704 51.1695
16348.0000 0.0442 77.3459 50.0000 34.8580 45.9843 51.5049
16349.0000 0.0451 77.3821 50.0000 34.6219 46.3279 51.4105
16350.0000 0.0475 78.2118 50.0000 34.8547 46.5181 52.3288
16351.0000 0.0493 78.4473 50.0000 34.5831 46.9941 52.4361
16352.0000 0.0457 78.1354 50.0000 34.5688 47.5117 51.5051
16353.0000 0.0485 78.8171 50.0000 34.7617 47.3746 52.5300
16354.0000 0.0427 78.7756 50.0000 35.3345 47.6372 51.8436
16355.0000 0.0421 78.7345 50.0000 35.5442 47.2287 52.0114
16356.0000 0.0418 79.0794 50.0000 35.7591 47.3889 52.2411
16357.0000 0.0450 79.4333 50.0000 35.8088 47.0167 53.0736
16358.0000 0.0429 79.0099 50.0000 35.4339 47.7399 52.0376
16359.0000 0.0391 79.1451 50.0000 35.8871 48.0592 51.6369
16360.0000 0.0356 79.2121 50.0000 36.3063 48.3744 51.1500
16361.0000 0.0384 79.1466 50.0000 35.8520 48.4847 51.2645
16362.0000 0.0397 78.7401 50.0000 35.3985 48.6210 50.8226
16363.0000 0.0419 78.6485 50.0000 34.9661 49.0151 50.6013
16364.0000 0.0436 78.5788 50.0000 34.6787 49.1530 50.5568
16365.0000 0.0464 78.1067 50.0000 34.0748 48.9553 50.4276
16366.0000 0.0446 78.3274 50.0000 34.5649 48.3632 51.0043
16367.0000 0.0443 77.8726 50.0000 34.3595 48.2351 50.5661
16368.0000 0.0478 78.0854 50.0000 34.2891 47.4878 51.6381
16369.0000 0.0418 77.9685 50.0000 34.7302 48.2996 50.3988
16370.0000 0.0426 77.9597 50.0000 34.5959 48.4583 50.3253
16371.0000 0.0447 78.4895 50.0000 34.5007 49.0178 50.6710
16372.0000 0.0483 78.5784 50.0000 34.3438 48.0621 51.8180
16373.0000 0.0435 78.5544 50.0000 34.7374 48.8246 50.7963
16374.0000 0.0426 78.4899 50.0000 34.7224 49.6736 49.8753
16375.0000 0.0495 78.9666 50.0000 33.9688 50.3026 50.5123
16376.0000 0.0420 78.8116 50.0000 34.9981 49.3033 50.5529
16377.0000 0.0434 78.5986 50.0000 34.7026 49.1997 50.5258
16378.0000 0.0429 78.6745 50.0000 34.7836 49.5463 50.2488
16379.0000 0.0396 78.9066 50.0000 35.3533 49.5753 50.1865
16380.0000 0.0413 79.1317 50.0000 35.2791 49.2562 50.9023
16381.0000 0.0396 79.1958 50.0000 35.4882 49.6983 50.4247
16382.0000 0.0461 79.2346 50.0000 34.5661 50.0254 50.8012
16383.0000 0.0459 79.5137 50.0000 34.7984 49.5979 51.4932
16384.0000 0.0442 79.3611 50.0000 34.9395 49.6322 51.1278
16385.0000 0.0452 79.2255 50.0000 34.7983 49.2618 51.3716
16386.0000 0.0438 79.1330 50.0000 34.9770 49.0669 51.2940
16387.0000 0.0394 78.8189 50.0000 35.4007 49.0708 50.5100
16388.0000 0.0387 78.9799 50.0000 35.6289 48.7980 50.8641
16389.0000 0.0431 79.2540 50.0000 35.3199 48.4127 51.8644
16390.0000 0.0441 79.0654 50.0000 34.9522 48.8053 51.4561
16391.0000 0.0414 78.6451 50.0000 35.3037 47.9531 51.3731
16392.0000 0.0394 78.8829 50.0000 35.5450 48.5356 51.0231
16393.0000 0.0371 79.1553 50.0000 36.0159 48.5918 51.0612
16394.0000 0.0324 78.9207 50.0000 36.5485 48.5778 50.3277
16395.0000 0.0359 78.4847 50.0000 35.8329 48.3243 50.4045
16396.0000 0.0334 78.1289 50.0000 36.0296 48.0910 49.9325
16397.0000 0.0307 78.1423 50.0000 36.4576 47.9543 49.7740
16398.0000 0.0290 78.0031 50.0000 36.7366 47.5116 49.7750
16399.0000 0.0308 77.2119 50.0000 36.1237 46.9291 49.5421
16400.0000 0.0347 77.6738 50.0000 35.7130 47.4733 50.0408
16401.0000 0.0365 77.5239 50.0000 35.5603 46.8886 50.4667
16402.0000 0.0363 77.5709 50.0000 35.5515 47.1089 50.3397
16403.0000 0.0366 77.7770 50.0000 35.5842 47.2890 50.4656
16404.0000 0.0314 77.6355 50.0000 36.5225 46.3666 50.4333
16405.0000 0.0328 77.5920 50.0000 36.5777 45.7647 50.8742
16406.0000 0.0328 77.7311 50.0000 36.4724 46.2293 50.7419
16407.0000 0.0278 78.0500 50.0000 37.2371 46.6055 50.3301
16408.0000 0.0338 78.2849 50.0000 36.2854 47.3213 50.7207
16409.0000 0.0358 78.4974 50.0000 36.0046 47.7758 50.8231
16410.0000 0.0359 78.4800 50.0000 35.7749 48.6155 50.1578
16411.0000 0.0370 78.6678 50.0000 35.7861 48.3351 50.7119
16412.0000 0.0403 78.2568 50.0000 35.2952 47.6412 51.0754
16413.0000 0.0357 78.0575 50.0000 35.8194 47.4962 50.5377
16414.0000 0.0365 78.3647 50.0000 35.7977 47.8683 50.6771
16415.0000 0.0320 78.3912 50.0000 36.4403 47.8534 50.2727
16416.0000 0.0287 78.2481 50.0000 36.7483 48.6298 49.0660
16417.0000 0.0340 77.8998 50.0000 35.7563 48.4623 49.4092
16418.0000 0.0340 77.9548 50.0000 35.8974 47.8280 50.0082
16419.0000 0.0330 77.6774 50.0000 35.9778 47.3784 49.9466
16420.0000 0.0389 78.0230 50.0000 35.2704 47.8005 50.5835
16421.0000 0.0431 77.9873 50.0000 34.6248 48.0655 50.7232
16422.0000 0.0389 77.6620 50.0000 35.1444 47.4577 50.4382
16423.0000 0.0361 77.3840 50.0000 35.3191 47.5624 49.7862
16424.0000 0.0399 77.5282 50.0000 35.0399 47.1065 50.6339
16425.0000 0.0420 77.4292 50.0000 34.8022 46.8748 50.8611
16426.0000 0.0435 77.3125 50.0000 34.2588 47.7112 50.2714
16427.0000 0.0438 77.3846 50.0000 34.3509 47.4226 50.5914
16428.0000 0.0420 77.2267 50.0000 34.4407 47.5613 50.1570
16429.0000 0.0439 77.3008 50.0000 34.3743 47.1589 50.6937
16430.0000 0.0430 77.0359 50.0000 34.3116 47.1690 50.3221
16431.0000 0.0423 77.3411 50.0000 34.5636 47.2575 50.5345
16432.0000 0.0402 77.3675 50.0000 34.7896 47.4518 50.2369
16433.0000 0.0381 77.2266 50.0000 34.9997 47.4162 49.9067
16434.0000 0.0359 77.0891 50.0000 35.3134 47.0250 49.8433
16435.0000 0.0358 77.5894 50.0000 35.6493 47.0495 50.3546
16436.0000 0.0380 77.3071 50.0000 35.2733 46.7247 50.4875
16437.0000 0.0372 77.0595 50.0000 35.2779 46.5561 50.2611
16438.0000 0.0397 76.9897 50.0000 34.8513 46.7169 50.3024
16439.0000 0.0371 77.4474 50.0000 35.4346 46.8932 50.4334
16440.0000 0.0367 77.4107 50.0000 35.4419 46.9248 50.3424
16441.0000 0.0384 77.4524 50.0000 35.1370 47.2675 50.2996
16442.0000 0.0348 77.3437 50.0000 35.5442 47.2947 49.8183
16443.0000 0.0359 77.1697 50.0000 35.4168 46.8680 50.0420
16444.0000 0.0328 77.0097 50.0000 36.0484 45.9949 50.1545
16445.0000 0.0359 76.7206 50.0000 35.6109 45.5909 50.3923
16446.0000 0.0375 76.6775 50.0000 35.3455 45.6391 50.4698
16447.0000 0.0383 76.8858 50.0000 35.3631 45.7251 50.6960
16448.0000 0.0407 77.1043 50.0000 35.2163 45.7580 51.0988
16449.0000 0.0422 76.8206 50.0000 34.6513 46.1334 50.7188
16450.0000 0.0375 76.3328 50.0000 35.3430 45.1131 50.4220
16451.0000 0.0336 76.0037 50.0000 36.0377 44.2561 50.1921
16452.0000 0.0350 75.6200 50.0000 35.6603 44.0620 50.0527
16453.0000 0.0316 75.5920 50.0000 36.0622 44.0633 49.7201
16454.0000 0.0327 75.4260 50.0000 35.8093 44.0424 49.6693
16455.0000 0.0311 75.1997 50.0000 35.9346 43.8430 49.4115
16456.0000 0.0319 75.4518 50.0000 36.0958 43.7402 49.7681
16457.0000 0.0267 74.9109 50.0000 36.3162 43.7868 48.7391
16458.0000 0.0245 74.9669 50.0000 36.4281 44.3022 48.2737
16459.0000 0.0251 75.3834 50.0000 36.5288 44.5749 48.5940
16460.0000 0.0249 75.4942 50.0000 36.6352 44.5950 48.6675
16461.0000 0.0202 75.4245 50.0000 37.6082 43.9059 48.4432
16462.0000 0.0181 75.6235 50.0000 37.7671 44.6009 47.9929
16463.0000 0.0153 75.3113 50.0000 38.0605 44.4659 47.3918
16464.0000 0.0163 75.9447 50.0000 38.2081 44.8640 47.9058
16465.0000 0.0191 75.9099 50.0000 38.0041 44.2352 48.5927
16466.0000 0.0167 75.9467 50.0000 38.2895 44.5195 48.1646
16467.0000 0.0132 75.7026 50.0000 38.6557 44.6919 47.3208
16468.0000 0.0127 75.8516 50.0000 38.6306 45.4307 46.8742
16469.0000 0.0145 75.9752 50.0000 38.2639 45.8557 46.9612
16470.0000 0.0164 76.2232 50.0000 38.0067 46.1201 47.3117
16471.0000 0.0183 76.5986 50.0000 37.9003 46.1004 48.0174
16472.0000 0.0206 76.8294 50.0000 37.6950 46.0306 48.6110
16473.0000 0.0213 76.7199 50.0000 37.9025 45.0146 49.2244
16474.0000 0.0271 77.5808 50.0000 37.4995 45.4697 50.4487
16475.0000 0.0267 77.2171 50.0000 37.7372 44.5997 50.4901
16476.0000 0.0285 77.0567 50.0000 37.5604 44.2729 50.6642
16477.0000 0.0263 76.5579 50.0000 37.5989 44.0078 50.1074
16478.0000 0.0249 76.5775 50.0000 37.8108 44.0200 49.9669
16479.0000 0.0239 76.2800 50.0000 38.0202 43.4935 49.8138
16480.0000 0.0264 76.3083 50.0000 37.4452 43.8882 49.9464
16481.0000 0.0274 76.1672 50.0000 37.2780 43.7527 49.9749
16482.0000 0.0201 75.6301 50.0000 37.7899 43.9092 48.6190
16483.0000 0.0209 75.5372 50.0000 37.7324 43.6649 48.7393
16484.0000 0.0230 75.9598 50.0000 37.6514 43.8782 49.2643
16485.0000 0.0243 76.2618 50.0000 37.3674 44.4906 49.3976
16486.0000 0.0212 75.9388 50.0000 37.4324 44.7897 48.5736
16487.0000 0.0215 76.2245 50.0000 37.3988 45.2462 48.6239
16488.0000 0.0230 76.1173 50.0000 37.2240 44.9451 48.8688
16489.0000 0.0260 76.3517 50.0000 36.6793 45.5847 49.0536
16490.0000 0.0219 76.4108 50.0000 37.1521 46.1883 48.2179
16491.0000 0.0249 76.9646 50.0000 37.3183 45.5254 49.5815
16492.0000 0.0235 76.7085 50.0000 37.6242 44.8903 49.5325
16493.0000 0.0260 77.1154 50.0000 37.5622 44.9389 50.1634
16494.0000 0.0243 77.9337 50.0000 38.1040 45.6172 50.4066
16495.0000 0.0221 77.5620 50.0000 38.3223 45.2633 49.9850
16496.0000 0.0251 77.9922 50.0000 37.9521 45.7684 50.4746
16497.0000 0.0266 78.5016 50.0000 37.5815 46.9844 50.4241
16498.0000 0.0283 78.9178 50.0000 37.7050 46.8210 51.1286
16499.0000 0.0278 78.5138 50.0000 37.6562 46.4050 50.9215
16500.0000 0.0305 78.4467 50.0000 37.2604 46.3269 51.1797
16501.0000 0.0292 78.4263 50.0000 37.2935 46.6332 50.8452
16502.0000 0.0338 77.9450 50.0000 36.3478 46.5577 50.8590
16503.0000 0.0273 77.8455 50.0000 37.0670 46.8806 49.8816
16504.0000 0.0281 77.6239 50.0000 36.7530 47.0490 49.6092
16505.0000 0.0293 77.7522 50.0000 36.5975 47.2609 49.7236
16506.0000 0.0248 76.8819 50.0000 36.9563 46.4025 48.9067
16507.0000 0.0289 76.6865 50.0000 36.4970 45.6271 49.6683
16508.0000 0.0278 76.3900 50.0000 36.2159 46.2620 48.8229
16509.0000 0.0283 76.3872 50.0000 36.0072 46.8676 48.3933
16510.0000 0.0294 76.2880 50.0000 35.7314 47.1467 48.1697
16511.0000 0.0248 76.3845 50.0000 36.6136 46.4759 48.3117
16512.0000 0.0261 76.3989 50.0000 36.4930 46.2227 48.6673
16513.0000 0.0275 76.4389 50.0000 36.3340 46.1203 48.9456
16514.0000 0.0256 76.2941 50.0000 36.3997 46.6666 48.1464
16515.0000 0.0243 76.1052 50.0000 36.4744 46.7671 47.6913
16516.0000 0.0239 75.8763 50.0000 36.5185 46.1056 47.9362
16517.0000 0.0267 76.0769 50.0000 36.0864 46.7674 47.9404
16518.0000 0.0254 75.7392 50.0000 36.1731 46.2392 47.8526
16519.0000 0.0207 75.3823 50.0000 36.7325 46.5318 46.5618
16520.0000 0.0222 75.4210 50.0000 36.5867 45.7990 47.4573
16521.0000 0.0260 75.5776 50.0000 35.9608 46.4608 47.5414
16522.0000 0.0240 75.4145 50.0000 36.1942 46.3538 47.2087
16523.0000 0.0243 75.0810 50.0000 36.0188 45.9410 47.2147
16524.0000 0.0249 75.2754 50.0000 36.0794 45.7349 47.6757
16525.0000 0.0248 74.8999 50.0000 35.9423 45.3954 47.5122
16526.0000 0.0236 75.1207 50.0000 36.2774 45.3721 47.6282
16527.0000 0.0240 74.9697 50.0000 36.0617 45.5805 47.3544
16528.0000 0.0223 75.1337 50.0000 36.4664 45.4765 47.4042
16529.0000 0.0184 75.0321 50.0000 37.0488 45.4951 46.7697
16530.0000 0.0196 75.2396 50.0000 36.8861 45.8840 46.8516
16531.0000 0.0198 75.4265 50.0000 36.9997 45.6816 47.2586
16532.0000 0.0225 75.6087 50.0000 36.7617 45.3811 48.0189
16533.0000 0.0266 75.4426 50.0000 35.9752 45.5711 48.1730
16534.0000 0.0256 75.6744 50.0000 36.0953 46.2785 47.7707
16535.0000 0.0263 75.8244 50.0000 36.2261 45.7440 48.4200
16536.0000 0.0266 75.7666 50.0000 36.1252 45.8108 48.3417
16537.0000 0.0282 75.7227 50.0000 35.8434 45.8701 48.4263
16538.0000 0.0264 75.1509 50.0000 35.8236 45.5481 47.8507
16539.0000 0.0246 75.1017 50.0000 36.0183 45.7448 47.4379
16540.0000 0.0262 75.1105 50.0000 35.7397 45.9102 47.5028
16541.0000 0.0290 75.1725 50.0000 35.5264 45.3639 48.2793
16542.0000 0.0246 74.7271 50.0000 36.1291 44.5523 47.8949
16543.0000 0.0227 75.0655 50.0000 36.3615 45.4747 47.3785
16544.0000 0.0184 74.6662 50.0000 36.9060 45.0420 46.7354
16545.0000 0.0204 74.8491 50.0000 36.6108 45.4142 46.8997
16546.0000 0.0208 75.0233 50.0000 36.5387 46.0991 46.5650
16547.0000 0.0216 74.7880 50.0000 36.3061 45.8049 46.6586
16548.0000 0.0253 74.9470 50.0000 35.8028 45.8203 47.2833
16549.0000 0.0247 75.2502 50.0000 36.1804 45.4078 47.8717
16550.0000 0.0268 75.8094 50.0000 36.2873 45.3010 48.7658
16551.0000 0.0267 75.6112 50.0000 36.3871 44.7503 48.8921
16552.0000 0.0311 75.7771 50.0000 35.5893 45.5348 49.0118
16553.0000 0.0296 75.1959 50.0000 35.4951 45.2532 48.4425
16554.0000 0.0278 75.0961 50.0000 35.6456 45.3348 48.0996
16555.0000 0.0270 74.9801 50.0000 35.8161 44.9353 48.1668
16556.0000 0.0310 75.3938 50.0000 35.3945 45.3604 48.7224
16557.0000 0.0347 75.9698 50.0000 35.0323 46.1056 49.1775
16558.0000 0.0367 75.7605 50.0000 34.6143 46.1673 49.0927
16559.0000 0.0398 75.9837 50.0000 34.5196 45.7448 49.8933
16560.0000 0.0394 76.0335 50.0000 34.7719 45.3685 50.1370
16561.0000 0.0370 75.8356 50.0000 35.1957 44.7801 50.0704
16562.0000 0.0357 76.0301 50.0000 35.6428 44.5185 50.2819
16563.0000 0.0311 75.9485 50.0000 35.6201 45.7427 49.0610
16564.0000 0.0362 76.2605 50.0000 35.2501 45.5535 49.9797
16565.0000 0.0355 76.0899 50.0000 35.3917 45.1669 49.9705
16566.0000 0.0339 75.8665 50.0000 35.3204 45.4288 49.4410
16567.0000 0.0315 75.6642 50.0000 35.4378 45.5747 48.9099
16568.0000 0.0256 75.3331 50.0000 36.1467 45.2565 48.1700
16569.0000 0.0231 75.1962 50.0000 36.4475 45.2390 47.7439
16570.0000 0.0254 75.0236 50.0000 36.0495 45.0201 47.9808
16571.0000 0.0321 75.4479 50.0000 35.1442 45.7884 48.5870
16572.0000 0.0328 75.4718 50.0000 35.4876 44.7100 49.3724
16573.0000 0.0311 75.5824 50.0000 35.4621 45.4991 48.8361
16574.0000 0.0265 75.5943 50.0000 36.1824 45.3317 48.4805
16575.0000 0.0277 75.7528 50.0000 36.3149 44.8473 49.0758
16576.0000 0.0276 75.6048 50.0000 36.0091 45.3664 48.5934
16577.0000 0.0250 75.4063 50.0000 36.2122 45.4947 48.0107
16578.0000 0.0289 75.2527 50.0000 35.7654 44.9056 48.6549
16579.0000 0.0306 75.1642 50.0000 35.7989 44.1654 49.1683
16580.0000 0.0278 75.1347 50.0000 36.0187 44.4560 48.6984
16581.0000 0.0276 75.2117 50.0000 35.7970 45.1952 48.2987
16582.0000 0.0296 75.4283 50.0000 35.5381 45.5815 48.4645
16583.0000 0.0308 75.4991 50.0000 35.3917 45.6866 48.5827
16584.0000 0.0286 75.5041 50.0000 35.6815 45.7425 48.3252
16585.0000 0.0307 75.5541 50.0000 35.3694 45.8904 48.4922
16586.0000 0.0279 75.8668 50.0000 35.9555 45.9285 48.5134
16587.0000 0.0251 76.1955 50.0000 36.5357 46.1231 48.4102
16588.0000 0.0268 76.2974 50.0000 36.2075 46.7372 48.2280
16589.0000 0.0266 76.2843 50.0000 36.3613 46.1237 48.6800
16590.0000 0.0299 76.6285 50.0000 36.1200 46.1440 49.3761
16591.0000 0.0315 76.6712 50.0000 35.8322 46.4067 49.4060
16592.0000 0.0297 76.6554 50.0000 36.2371 45.9361 49.5257
16593.0000 0.0343 76.9356 50.0000 35.7963 45.9758 50.2388
16594.0000 0.0377 76.7396 50.0000 35.0076 46.5183 49.9948
16595.0000 0.0302 76.7643 50.0000 36.1038 46.3442 49.4115
16596.0000 0.0245 76.6879 50.0000 37.1374 45.6215 49.1989
16597.0000 0.0250 76.3965 50.0000 37.1491 44.9318 49.3711
16598.0000 0.0246 77.0460 50.0000 37.4044 45.5678 49.6042
16599.0000 0.0258 76.9938 50.0000 37.4853 44.9539 50.0204
16600.0000 0.0224 76.8317 50.0000 37.8518 44.9739 49.4742
16601.0000 0.0208 76.9264 50.0000 38.3663 44.5938 49.5690
16602.0000 0.0230 76.5845 50.0000 37.6563 44.7934 49.4038
16603.0000 0.0182 76.7879 50.0000 38.4177 45.1016 48.8497
16604.0000 0.0192 76.5090 50.0000 38.2013 44.7455 48.9094
16605.0000 0.0157 75.8054 50.0000 38.4261 44.3408 47.9978
16606.0000 0.0197 75.9839 50.0000 37.8759 44.4265 48.6338
16607.0000 0.0168 75.4097 50.0000 38.0231 44.1639 47.8582
16608.0000 0.0180 75.2850 50.0000 37.8243 43.9448 48.0209
16609.0000 0.0162 74.9064 50.0000 38.4427 42.8180 47.9557
16610.0000 0.0233 75.2409 50.0000 37.3461 43.2962 48.9070
16611.0000 0.0256 75.3620 50.0000 37.1534 43.2500 49.2799
16612.0000 0.0256 75.1334 50.0000 37.3759 42.6023 49.3266
16613.0000 0.0250 75.2856 50.0000 37.7554 42.3680 49.4713
16614.0000 0.0270 75.3999 50.0000 37.7056 42.2127 49.8150
16615.0000 0.0297 75.1557 50.0000 36.9998 42.3882 49.8261
16616.0000 0.0294 75.3376 50.0000 36.8361 42.9140 49.7720
16617.0000 0.0311 75.4363 50.0000 37.0597 42.4013 50.1931
16618.0000 0.0302 75.3974 50.0000 36.8118 42.8794 49.9101
16619.0000 0.0306 75.5625 50.0000 36.8533 42.9533 50.0653
16620.0000 0.0348 75.5571 50.0000 35.7198 43.9097 50.0490
16621.0000 0.0303 75.1787 50.0000 36.3594 43.2710 49.5726
16622.0000 0.0255 75.0905 50.0000 36.7607 43.5600 48.8851
16623.0000 0.0182 74.7422 50.0000 37.8479 43.0414 47.9726
16624.0000 0.0137 74.7848 50.0000 38.4864 43.2841 47.3080
16625.0000 0.0115 74.8146 50.0000 38.8266 43.4837 46.8924
16626.0000 0.0132 75.0895 50.0000 38.3427 44.3486 46.9198
16627.0000 0.0156 75.2526 50.0000 37.7926 45.0058 47.0017
16628.0000 0.0150 74.7326 50.0000 37.6971 44.5235 46.7071
16629.0000 0.0166 74.3125 50.0000 37.2792 44.0395 46.8309
16630.0000 0.0146 74.3550 50.0000 37.6505 44.0535 46.5875
16631.0000 0.0132 74.1760 50.0000 37.9092 43.6977 46.4271
16632.0000 0.0172 74.5591 50.0000 37.5586 43.5775 47.4279
16633.0000 0.0109 74.5659 50.0000 38.8159 43.3509 46.6273
16634.0000 0.0116 74.3715 50.0000 38.6509 43.0645 46.7191
16635.0000 0.0130 74.4751 50.0000 38.8100 42.5103 47.2567
16636.0000 0.0173 74.6435 50.0000 37.7799 43.2515 47.6827
16637.0000 0.0212 74.7229 50.0000 37.4026 42.9792 48.3460
16638.0000 0.0189 74.7787 50.0000 38.0441 42.5835 48.2820
16639.0000 0.0167 74.9060 50.0000 38.1942 43.0855 47.9140
16640.0000 0.0164 74.8774 50.0000 38.0411 43.3927 47.7135
16641.0000 0.0184 74.7326 50.0000 37.5862 43.4304 47.8125
16642.0000 0.0197 74.5569 50.0000 37.4736 42.9925 48.0218
16643.0000 0.0209 74.4844 50.0000 36.8731 43.6757 47.7570
16644.0000 0.0237 74.7101 50.0000 36.3159 44.3695 47.8968
16645.0000 0.0257 74.8828 50.0000 36.3943 43.8838 48.5499
16646.0000 0.0208 74.6011 50.0000 36.9416 43.7550 47.8137
16647.0000 0.0201 74.8189 50.0000 37.4657 43.3012 48.1580
16648.0000 0.0200 74.9364 50.0000 37.6561 43.1644 48.3147
16649.0000 0.0208 75.2020 50.0000 37.8432 43.0324 48.6975
16650.0000 0.0243 75.7884 50.0000 37.6815 43.2777 49.5079
16651.0000 0.0229 75.4481 50.0000 37.4674 43.4779 48.9723
16652.0000 0.0180 75.4478 50.0000 37.9429 43.9564 48.1719
16653.0000 0.0191 75.2614 50.0000 37.3070 44.6637 47.7245
16654.0000 0.0248 75.6367 50.0000 36.6389 44.8424 48.6587
16655.0000 0.0291 75.8611 50.0000 35.7689 45.9639 48.6088
16656.0000 0.0277 75.6301 50.0000 35.8514 45.8686 48.2770
16657.0000 0.0266 75.5285 50.0000 36.0081 45.6694 48.1899
16658.0000 0.0296 75.6325 50.0000 35.4833 46.2568 48.1821
16659.0000 0.0284 75.5929 50.0000 35.7630 45.7545 48.3923
16660.0000 0.0270 75.9650 50.0000 36.0761 46.2201 48.3001
16661.0000 0.0300 76.0291 50.0000 35.6506 46.3196 48.6205
16662.0000 0.0309 75.8140 50.0000 35.7051 45.3627 49.1441
16663.0000 0.0310 75.2191 50.0000 35.2753 45.3728 48.5270
16664.0000 0.0304 75.4897 50.0000 35.5660 45.3200 48.7837
16665.0000 0.0307 75.4169 50.0000 35.4775 45.2841 48.7689
16666.0000 0.0354 75.4823 50.0000 35.0730 44.8994 49.5128
16667.0000 0.0364 75.7979 50.0000 34.9251 45.4636 49.5845
16668.0000 0.0377 75.7255 50.0000 35.1485 44.5365 50.1541
16669.0000 0.0356 75.9622 50.0000 35.1222 45.5210 49.6440
16670.0000 0.0312 75.6050 50.0000 35.5426 45.2834 49.0127
16671.0000 0.0266 75.7627 50.0000 36.1680 45.6598 48.4463
16672.0000 0.0242 75.4140 50.0000 36.2232 45.9929 47.5373
16673.0000 0.0271 75.4833 50.0000 35.8973 45.6699 48.2014
16674.0000 0.0255 75.4994 50.0000 36.0469 46.0858 47.7167
16675.0000 0.0234 75.3627 50.0000 36.3347 45.8765 47.4833
16676.0000 0.0274 75.2757 50.0000 35.8512 45.2789 48.2800
16677.0000 0.0324 75.5411 50.0000 35.1584 45.8098 48.7012
16678.0000 0.0337 75.7775 50.0000 35.0529 46.0784 48.8907
16679.0000 0.0342 75.5862 50.0000 34.8832 45.9949 48.7945
16680.0000 0.0312 75.4976 50.0000 35.3166 45.7427 48.5823
16681.0000 0.0293 75.1357 50.0000 35.3665 45.6461 48.0730
16682.0000 0.0309 75.2515 50.0000 35.3521 45.2663 48.6208
16683.0000 0.0333 75.7401 50.0000 35.1114 45.9716 48.8912
16684.0000 0.0327 75.0187 50.0000 34.8021 45.7430 48.2099
16685.0000 0.0322 74.9789 50.0000 34.8757 45.6179 48.2134
16686.0000 0.0342 75.1050 50.0000 34.7045 45.5466 48.5991
16687.0000 0.0298 75.0460 50.0000 35.1952 45.8240 47.8891
16688.0000 0.0323 75.0326 50.0000 34.6940 46.6588 47.4254
16689.0000 0.0265 74.6382 50.0000 35.4090 46.0523 46.8642
16690.0000 0.0333 75.0649 50.0000 34.6074 46.3527 47.8382
16691.0000 0.0325 75.2016 50.0000 34.7765 46.4367 47.8488
16692.0000 0.0361 75.4181 50.0000 34.2880 47.3936 47.6032
16693.0000 0.0353 75.3428 50.0000 34.3877 47.0406 47.7619
16694.0000 0.0368 75.2833 50.0000 34.1308 47.2398 47.6557
16695.0000 0.0429 75.8011 50.0000 33.5560 47.3079 48.8032
16696.0000 0.0430 76.1728 50.0000 33.7641 47.2502 49.2920
16697.0000 0.0465 76.2240 50.0000 33.3241 47.3562 49.5680
16698.0000 0.0444 76.1720 50.0000 33.8556 46.3477 50.0786
16699.0000 0.0483 75.8184 50.0000 33.1462 46.3629 50.0024
16700.0000 0.0439 75.4240 50.0000 33.5463 45.9866 49.4840
16701.0000 0.0438 75.4394 50.0000 33.4709 46.2982 49.2674
16702.0000 0.0422 75.2881 50.0000 33.5982 46.1936 49.0471
16703.0000 0.0386 75.5675 50.0000 34.1701 46.4226 48.8651
16704.0000 0.0369 75.2624 50.0000 34.3114 46.0214 48.6742
16705.0000 0.0383 75.0005 50.0000 33.9143 46.2323 48.3474
16706.0000 0.0347 75.0433 50.0000 34.4259 46.2052 48.0774
16707.0000 0.0379 75.3115 50.0000 34.0429 46.7806 48.2129
16708.0000 0.0372 75.2617 50.0000 34.0615 47.2775 47.6337
16709.0000 0.0397 75.6165 50.0000 33.9927 46.7049 48.7955
16710.0000 0.0361 75.2000 50.0000 34.2717 46.4782 48.1692
16711.0000 0.0378 75.2673 50.0000 34.1607 46.1435 48.6723
16712.0000 0.0343 75.3266 50.0000 34.7202 45.9477 48.5531
16713.0000 0.0339 75.5056 50.0000 34.7665 46.4398 48.3295
16714.0000 0.0359 75.6746 50.0000 34.6145 46.3543 48.7828
16715.0000 0.0382 75.7392 50.0000 34.4107 46.1481 49.2208
16716.0000 0.0347 75.4952 50.0000 34.7253 46.1146 48.6531
16717.0000 0.0432 76.0338 50.0000 33.9188 46.3028 49.8669
16718.0000 0.0478 76.0421 50.0000 33.4852 46.0254 50.4263
16719.0000 0.0495 75.9604 50.0000 33.2317 46.0074 50.4872
16720.0000 0.0507 76.4409 50.0000 33.5244 45.8095 51.1939
16721.0000 0.0543 76.7270 50.0000 32.8656 46.8465 51.1106
16722.0000 0.0507 76.6887 50.0000 33.1706 47.1105 50.6109
16723.0000 0.0513 76.7819 50.0000 33.1715 47.0458 50.8115
16724.0000 0.0528 76.5182 50.0000 32.9105 46.8326 50.7803
16725.0000 0.0479 76.5265 50.0000 33.6312 46.4456 50.6760
16726.0000 0.0458 76.6362 50.0000 33.8415 46.7636 50.4086
16727.0000 0.0437 76.6721 50.0000 34.0673 46.9348 50.1513
16728.0000 0.0403 76.9901 50.0000 34.6360 47.1164 50.0786
16729.0000 0.0422 76.8777 50.0000 34.8326 45.8200 50.9647
16730.0000 0.0373 76.4358 50.0000 35.3250 45.3601 50.3691
16731.0000 0.0376 76.1781 50.0000 34.8352 46.0017 49.7340
16732.0000 0.0393 76.2783 50.0000 34.5655 46.3315 49.7694
16733.0000 0.0470 76.6515 50.0000 33.8276 46.4434 50.7361
16734.0000 0.0508 77.0468 50.0000 33.3539 47.1901 50.9591
16735.0000 0.0443 77.0218 50.0000 34.1316 47.1738 50.4185
16736.0000 0.0429 77.4915 50.0000 34.4320 47.7824 50.3608
16737.0000 0.0476 77.5931 50.0000 33.9837 47.5066 51.0776
16738.0000 0.0448 77.5333 50.0000 34.2816 47.5359 50.7596
16739.0000 0.0487 77.5126 50.0000 33.9370 47.1389 51.3265
16740.0000 0.0449 77.5672 50.0000 34.6287 46.6407 51.4021
16741.0000 0.0431 77.4929 50.0000 34.8605 46.4902 51.2694
16742.0000 0.0474 77.9783 50.0000 34.7226 46.4516 52.1269
16743.0000 0.0486 77.9794 50.0000 34.9269 45.8127 52.5557
16744.0000 0.0512 78.3353 50.0000 34.6070 46.3516 52.8234
16745.0000 0.0513 78.6261 50.0000 34.3819 47.1935 52.6567
16746.0000 0.0542 78.7214 50.0000 34.0602 47.3065 52.9062
16747.0000 0.0518 78.6925 50.0000 33.9327 48.2347 52.1008
16748.0000 0.0532 78.8044 50.0000 33.7783 48.4115 52.2061
16749.0000 0.0459 78.6636 50.0000 34.5469 48.5562 51.3494
16750.0000 0.0480 78.5658 50.0000 34.2788 48.3576 51.5664
16751.0000 0.0494 78.6524 50.0000 34.3521 47.8077 52.1590
16752.0000 0.0480 78.8045 50.0000 34.9841 47.0182 52.6835
16753.0000 0.0430 78.2089 50.0000 35.1049 47.1502 51.5862
16754.0000 0.0453 78.4259 50.0000 35.0448 46.9742 52.1143
16755.0000 0.0402 77.9087 50.0000 35.3192 46.9767 51.1421
16756.0000 0.0447 78.3645 50.0000 35.1869 46.7423 52.1348
16757.0000 0.0409 77.9527 50.0000 35.2957 46.8676 51.3251
16758.0000 0.0429 78.1917 50.0000 34.9433 47.5592 51.2936
16759.0000 0.0419 78.1703 50.0000 34.9963 47.7518 51.0453
16760.0000 0.0423 78.3315 50.0000 34.8508 48.4451 50.7378
16761.0000 0.0408 78.2626 50.0000 34.9491 48.7378 50.2815
16762.0000 0.0406 78.0353 50.0000 34.8540 48.7128 50.0178
16763.0000 0.0423 77.8280 50.0000 34.5710 48.4073 50.1874
16764.0000 0.0423 77.6577 50.0000 34.4661 48.4558 49.9484
16765.0000 0.0447 77.7399 50.0000 34.1862 48.4932 50.2316
16766.0000 0.0470 78.0843 50.0000 33.9602 49.2078 50.2241
16767.0000 0.0494 78.3705 50.0000 33.7650 49.4260 50.5859
16768.0000 0.0492 78.3618 50.0000 33.7790 49.5003 50.4904
16769.0000 0.0495 78.3092 50.0000 33.7265 49.3552 50.5857
16770.0000 0.0455 78.2555 50.0000 34.2881 48.8889 50.5780
16771.0000 0.0478 77.9170 50.0000 33.8220 48.7967 50.4579
16772.0000 0.0409 77.7435 50.0000 34.7994 47.9471 50.3402
16773.0000 0.0414 77.5544 50.0000 34.5929 48.0696 50.0733
16774.0000 0.0362 77.3014 50.0000 35.1784 47.9809 49.3540
16775.0000 0.0397 77.3308 50.0000 34.6592 48.3709 49.3867
16776.0000 0.0423 77.4819 50.0000 34.3540 48.6203 49.5915
16777.0000 0.0429 77.3350 50.0000 34.1809 48.7760 49.3282
16778.0000 0.0418 77.0347 50.0000 34.3504 47.5677 49.9170
16779.0000 0.0397 77.1770 50.0000 34.6879 47.6947 49.7820
16780.0000 0.0409 77.2883 50.0000 34.4605 48.5153 49.3174
16781.0000 0.0416 77.5229 50.0000 34.4579 48.7653 49.4408
16782.0000 0.0406 77.5334 50.0000 34.5948 48.7628 49.3640
16783.0000 0.0458 77.9169 50.0000 34.2333 48.0919 50.8555
16784.0000 0.0455 78.1184 50.0000 34.2932 48.4990 50.7376
16785.0000 0.0497 78.2367 50.0000 33.6720 49.2580 50.6047
16786.0000 0.0488 78.1540 50.0000 33.7415 49.3588 50.3316
16787.0000 0.0498 77.5599 50.0000 33.3705 48.7901 50.2143
16788.0000 0.0490 77.6896 50.0000 33.6371 48.3479 50.6627
16789.0000 0.0512 77.8249 50.0000 33.2869 49.1037 50.3739
16790.0000 0.0453 77.4622 50.0000 33.9553 48.4845 49.9668
16791.0000 0.0478 77.6580 50.0000 33.6625 48.9984 49.9676
16792.0000 0.0481 77.6358 50.0000 33.6082 49.0548 49.9143
16793.0000 0.0525 77.6017 50.0000 33.1662 48.2457 50.9349
16794.0000 0.0548 77.8076 50.0000 32.9614 48.4450 51.1922
16795.0000 0.0508 77.3416 50.0000 33.3787 47.7066 50.9084
16796.0000 0.0499 77.7354 50.0000 33.5915 48.1494 50.9514
16797.0000 0.0535 78.0022 50.0000 33.4622 47.7263 51.8346
16798.0000 0.0470 77.5952 50.0000 34.3727 46.7078 51.5551
16799.0000 0.0506 77.4906 50.0000 34.0664 46.2983 51.9687
16800.0000 0.0525 77.5833 50.0000 33.8774 46.3784 52.1588
16801.0000 0.0523 77.6475 50.0000 33.7413 46.8147 51.9523
16802.0000 0.0558 77.8003 50.0000 33.5420 46.6186 52.4835
16803.0000 0.0489 77.4095 50.0000 33.9647 46.8210 51.4434
16804.0000 0.0524 77.4554 50.0000 33.4130 47.2435 51.4875
16805.0000 0.0523 77.2585 50.0000 33.6511 46.4129 51.7911
16806.0000 0.0585 77.7898 50.0000 33.0672 46.9682 52.4576
16807.0000 0.0609 78.3397 50.0000 32.8880 47.6190 52.8007
16808.0000 0.0597 77.9631 50.0000 32.8922 47.3194 52.5093
16809.0000 0.0614 78.0361 50.0000 32.6817 47.4902 52.5950
16810.0000 0.0643 78.3318 50.0000 32.4658 47.7033 52.9739
16811.0000 0.0747 78.8271 50.0000 31.9711 47.1839 54.4540
16812.0000 0.0723 78.2971 50.0000 31.7977 47.2620 53.7181
16813.0000 0.0702 77.9208 50.0000 31.7249 47.3132 53.1663
16814.0000 0.0683 77.7098 50.0000 32.1227 46.6231 53.2281
16815.0000 0.0790 78.2163 50.0000 31.7872 45.9933 54.6990
16816.0000 0.0812 78.2124 50.0000 31.6131 45.9320 54.8457
16817.0000 0.0794 78.4358 50.0000 31.9456 45.9525 54.9547
16818.0000 0.0721 77.8780 50.0000 32.3705 45.7477 54.0767
16819.0000 0.0717 77.8855 50.0000 32.8007 45.1584 54.3229
16820.0000 0.0680 77.6223 50.0000 32.9686 45.1488 53.8505
16821.0000 0.0671 77.9217 50.0000 33.1237 45.4194 53.9601
16822.0000 0.0680 77.8222 50.0000 33.1571 45.1075 54.0575
16823.0000 0.0711 77.9303 50.0000 33.2951 44.5774 54.5658
16824.0000 0.0646 78.0100 50.0000 33.3131 45.6421 53.7829
16825.0000 0.0648 78.0838 50.0000 33.7022 45.0853 54.1162
16826.0000 0.0742 78.1822 50.0000 33.3388 44.3846 55.0543
16827.0000 0.0693 77.8956 50.0000 33.4388 44.5915 54.4167
16828.0000 0.0772 78.4315 50.0000 32.5946 45.3079 55.1025
16829.0000 0.0783 78.1605 50.0000 32.6456 44.7740 55.1236
16830.0000 0.0719 78.4067 50.0000 33.2734 45.0610 54.8634
16831.0000 0.0681 78.0920 50.0000 33.5438 44.8477 54.4229
16832.0000 0.0674 78.1114 50.0000 33.2757 45.3724 54.1800
16833.0000 0.0686 78.3133 50.0000 33.0694 45.7546 54.2763
16834.0000 0.0656 78.1138 50.0000 33.0864 45.9718 53.7927
16835.0000 0.0590 77.7603 50.0000 33.6350 45.7513 53.1241
16836.0000 0.0672 78.2527 50.0000 32.9928 46.0207 54.0098
16837.0000 0.0610 77.7939 50.0000 33.3029 45.9960 53.1712
16838.0000 0.0646 77.8590 50.0000 33.2167 45.5927 53.6655
16839.0000 0.0643 78.0056 50.0000 33.4756 45.4151 53.8677
16840.0000 0.0636 78.0508 50.0000 33.1072 46.2118 53.4818
16841.0000 0.0617 78.2107 50.0000 33.0485 46.9071 53.1453
16842.0000 0.0676 78.4864 50.0000 32.5244 47.0848 53.7149
16843.0000 0.0658 78.3042 50.0000 33.0279 46.2745 53.8458
16844.0000 0.0671 78.4179 50.0000 32.8124 46.5602 53.8967
16845.0000 0.0608 77.9538 50.0000 32.8809 47.0703 52.7260
16846.0000 0.0589 77.7263 50.0000 33.0080 46.9031 52.4591
16847.0000 0.0641 77.9364 50.0000 32.7591 46.5815 53.2080
16848.0000 0.0622 77.8272 50.0000 32.9006 46.5485 52.9892
16849.0000 0.0716 78.4126 50.0000 32.6894 45.9821 54.4572
16850.0000 0.0715 78.5073 50.0000 32.9732 45.6747 54.6808
16851.0000 0.0755 78.4919 50.0000 32.8846 45.1994 55.1053
16852.0000 0.0679 78.7940 50.0000 33.8554 45.2543 54.9031
16853.0000 0.0752 79.4200 50.0000 33.3141 45.7292 55.7365
16854.0000 0.0761 79.9585 50.0000 32.6799 47.1984 55.6570
16855.0000 0.0756 79.6939 50.0000 33.1453 46.2353 55.8104
16856.0000 0.0766 80.0452 50.0000 33.5163 45.9706 56.3080
16857.0000 0.0706 80.1119 50.0000 33.6577 46.7384 55.6830
16858.0000 0.0704 79.6195 50.0000 33.8577 45.8744 55.5739
16859.0000 0.0642 79.5469 50.0000 33.9120 46.7016 54.7416
16860.0000 0.0608 79.1637 50.0000 33.5903 47.4127 53.7645
16861.0000 0.0550 78.7287 50.0000 34.3282 46.6261 53.3460
16862.0000 0.0586 79.2617 50.0000 34.1557 46.9358 53.9706
16863.0000 0.0599 79.2854 50.0000 33.8122 47.3406 53.8681
16864.0000 0.0555 79.2786 50.0000 34.3668 47.2113 53.6200
16865.0000 0.0598 79.5709 50.0000 34.0035 47.3916 54.1233
16866.0000 0.0647 79.3859 50.0000 33.7012 46.7427 54.6029
16867.0000 0.0583 79.4131 50.0000 34.4017 46.7715 54.1792
16868.0000 0.0535 79.1199 50.0000 34.4132 47.3435 53.2381
16869.0000 0.0518 79.0641 50.0000 34.4137 47.6747 52.8579
16870.0000 0.0508 79.2895 50.0000 34.3333 48.5475 52.4518
16871.0000 0.0500 78.4676 50.0000 34.2766 47.5050 52.2068
16872.0000 0.0488 78.4855 50.0000 34.5115 47.3445 52.2248
16873.0000 0.0515 78.4891 50.0000 33.8930 48.1006 51.9436
16874.0000 0.0457 77.9222 50.0000 34.8209 46.5833 51.8592
16875.0000 0.0484 78.1250 50.0000 34.4534 46.9937 52.0392
16876.0000 0.0472 78.1416 50.0000 34.9120 46.3719 52.3155
16877.0000 0.0507 78.1754 50.0000 34.5560 46.3126 52.6538
16878.0000 0.0533 78.4190 50.0000 34.4204 46.3722 53.0510
16879.0000 0.0495 78.2773 50.0000 34.9259 46.0392 52.8007
16880.0000 0.0604 78.3751 50.0000 33.8516 45.9504 53.7148
16881.0000 0.0633 78.5089 50.0000 33.8632 45.6155 54.1864
16882.0000 0.0630 78.8145 50.0000 33.3728 46.8739 53.8593
16883.0000 0.0651 78.9247 50.0000 33.2877 46.7725 54.1606
16884.0000 0.0686 79.3512 50.0000 33.5399 46.3029 55.0248
16885.0000 0.0665 79.3579 50.0000 33.6612 46.4664 54.8223
16886.0000 0.0659 79.2893 50.0000 33.5435 46.6748 54.6176
16887.0000 0.0675 79.1417 50.0000 33.4405 46.3717 54.7248
16888.0000 0.0695 79.2672 50.0000 33.8716 45.5717 55.3103
16889.0000 0.0645 79.4526 50.0000 33.7428 46.7958 54.6287
16890.0000 0.0654 79.2896 50.0000 33.3492 47.1056 54.3666
16891.0000 0.0661 78.9120 50.0000 33.5365 46.1674 54.5067
16892.0000 0.0595 78.5760 50.0000 34.1523 45.8667 53.8892
16893.0000 0.0601 78.7640 50.0000 33.8550 46.5144 53.7961
16894.0000 0.0618 79.2377 50.0000 34.0483 46.4919 54.3859
16895.0000 0.0653 79.1431 50.0000 33.5720 46.5355 54.5069
16896.0000 0.0677 79.0555 50.0000 33.3081 46.4430 54.6204
16897.0000 0.0672 79.0902 50.0000 33.3616 46.4912 54.5970
16898.0000 0.0645 79.2587 50.0000 33.5494 46.8772 54.3958
16899.0000 0.0655 79.6032 50.0000 33.5969 47.0665 54.7052
16900.0000 0.0721 79.7662 50.0000 33.5451 46.2540 55.6592
16901.0000 0.0749 79.4628 50.0000 33.5747 45.4520 55.8677
16902.0000 0.0754 79.6778 50.0000 33.6751 45.4909 56.0814
16903.0000 0.0785 79.6407 50.0000 33.2099 45.6736 56.1575
16904.0000 0.0699 79.0898 50.0000 33.5127 45.8185 55.0705
16905.0000 0.0710 79.2273 50.0000 33.2968 46.1382 55.1322
16906.0000 0.0661 79.4199 50.0000 33.8676 46.2828 54.9401
16907.0000 0.0625 79.3243 50.0000 34.1140 46.3822 54.5644
16908.0000 0.0633 79.4240 50.0000 33.7595 46.9554 54.4395
16909.0000 0.0664 79.5331 50.0000 33.5366 46.9118 54.7731
16910.0000 0.0633 79.6179 50.0000 33.5671 47.5521 54.3236
16911.0000 0.0541 79.3097 50.0000 34.2706 47.7768 53.2253
16912.0000 0.0533 78.9458 50.0000 34.1926 47.5975 52.8940
16913.0000 0.0549 78.7986 50.0000 34.0783 47.2253 53.0817
16914.0000 0.0496 78.8856 50.0000 34.6456 47.4553 52.6366
16915.0000 0.0472 78.7117 50.0000 34.5180 48.2199 51.7579
16916.0000 0.0505 78.4382 50.0000 34.2326 47.4355 52.2548
16917.0000 0.0455 77.7155 50.0000 34.3228 47.4977 51.0453
16918.0000 0.0469 77.4411 50.0000 34.0994 47.1514 51.0990
16919.0000 0.0501 77.1475 50.0000 33.5179 47.1714 51.0210
16920.0000 0.0453 77.1720 50.0000 33.9045 47.9020 50.1138
16921.0000 0.0496 77.3588 50.0000 33.3787 48.3286 50.3448
16922.0000 0.0593 77.5702 50.0000 32.4560 47.8885 51.6762
16923.0000 0.0645 77.7308 50.0000 31.9130 48.0374 52.1156
16924.0000 0.0624 78.1124 50.0000 32.2131 48.5618 52.0156
16925.0000 0.0654 78.1776 50.0000 31.8216 48.8310 52.1023
16926.0000 0.0622 77.6394 50.0000 31.7772 49.4066 50.7649
16927.0000 0.0706 77.9018 50.0000 30.9473 49.3034 51.7700
16928.0000 0.0702 78.0520 50.0000 31.2154 48.7835 52.3248
16929.0000 0.0751 78.0405 50.0000 30.6457 48.8580 52.5744
16930.0000 0.0793 78.2899 50.0000 30.4368 48.5975 53.3029
16931.0000 0.0789 78.2572 50.0000 30.4629 48.5793 53.2565
16932.0000 0.0761 78.7091 50.0000 30.7786 49.3133 53.0660
16933.0000 0.0762 78.8814 50.0000 31.2974 48.2695 53.9704
16934.0000 0.0696 78.9059 50.0000 32.2475 47.7900 53.8735
16935.0000 0.0684 78.7560 50.0000 31.9752 48.4686 53.2061
16936.0000 0.0682 78.3753 50.0000 32.0142 47.8254 53.2025
16937.0000 0.0677 78.0222 50.0000 31.9438 47.5684 52.9557
16938.0000 0.0670 78.1639 50.0000 32.1440 47.5242 53.0830
16939.0000 0.0693 77.8915 50.0000 31.8794 47.1437 53.1813
16940.0000 0.0685 77.5357 50.0000 32.1524 46.3018 53.2367
16941.0000 0.0692 77.5291 50.0000 31.7482 46.9306 52.9181
16942.0000 0.0644 77.3162 50.0000 32.1599 46.8254 52.4492
16943.0000 0.0678 77.7034 50.0000 31.9124 47.1519 52.8783
16944.0000 0.0665 77.6172 50.0000 31.9854 47.1651 52.6956
16945.0000 0.0571 77.1686 50.0000 32.7190 47.1645 51.5749
16946.0000 0.0596 77.1664 50.0000 32.4529 47.1141 51.7854
16947.0000 0.0574 77.0532 50.0000 32.6573 47.0405 51.5547
16948.0000 0.0579 77.2814 50.0000 32.9224 46.6588 52.0720
16949.0000 0.0549 77.4261 50.0000 33.2550 46.8794 51.8770
16950.0000 0.0474 77.0780 50.0000 33.9354 46.7744 51.0054
16951.0000 0.0505 76.9107 50.0000 33.5562 46.5303 51.2267
16952.0000 0.0499 76.7957 50.0000 33.7905 45.9988 51.3800
16953.0000 0.0516 76.9210 50.0000 33.4323 46.5343 51.3194
16954.0000 0.0525 76.9714 50.0000 33.1526 47.0575 51.0989
16955.0000 0.0539 77.1133 50.0000 33.1223 46.9606 51.4206
16956.0000 0.0549 76.8920 50.0000 32.8680 46.9546 51.2576
16957.0000 0.0604 76.9055 50.0000 32.7187 45.9712 52.2550
16958.0000 0.0604 76.7895 50.0000 32.6227 45.9982 52.1205
16959.0000 0.0565 76.6384 50.0000 32.5453 46.8601 51.1700
16960.0000 0.0553 76.5325 50.0000 32.6241 46.8528 50.9677
16961.0000 0.0523 76.1991 50.0000 32.7716 46.7945 50.4242
16962.0000 0.0595 76.6930 50.0000 32.2057 46.9760 51.3601
16963.0000 0.0502 76.2280 50.0000 32.8029 47.6534 49.6369
16964.0000 0.0501 76.3023 50.0000 32.8856 47.5155 49.8282
16965.0000 0.0526 76.6916 50.0000 32.6951 47.9951 50.0910
16966.0000 0.0539 76.9612 50.0000 32.6885 48.0348 50.4693
16967.0000 0.0559 77.3463 50.0000 32.6635 48.0549 51.0518
16968.0000 0.0547 77.1932 50.0000 32.6132 48.4813 50.4454
16969.0000 0.0512 76.7045 50.0000 32.9385 47.7192 50.2146
16970.0000 0.0517 76.9147 50.0000 32.9292 48.0237 50.2520
16971.0000 0.0536 76.9366 50.0000 32.7540 47.8493 50.5653
16972.0000 0.0503 77.0928 50.0000 33.0952 48.5608 49.8985
16973.0000 0.0470 76.4569 50.0000 33.3973 47.3870 49.8473
16974.0000 0.0503 76.5714 50.0000 33.0211 47.5104 50.1552
16975.0000 0.0506 76.9444 50.0000 33.3178 47.1641 50.8518
16976.0000 0.0482 76.9765 50.0000 33.3962 48.0006 50.0602
16977.0000 0.0540 77.0772 50.0000 32.7816 47.8574 50.7535
16978.0000 0.0492 77.7879 50.0000 33.6861 48.2383 50.8848
16979.0000 0.0474 77.5377 50.0000 33.9583 47.5467 50.9729
16980.0000 0.0454 77.5720 50.0000 34.1938 47.6588 50.7626
16981.0000 0.0454 77.4412 50.0000 34.5522 46.4726 51.4158
16982.0000 0.0455 77.5594 50.0000 34.2990 47.2894 51.0171
16983.0000 0.0466 77.5611 50.0000 34.0829 47.5178 50.9524
16984.0000 0.0490 77.6410 50.0000 33.9711 47.1879 51.4528
16985.0000 0.0543 77.7249 50.0000 33.2814 47.4733 51.7667
16986.0000 0.0519 77.7041 50.0000 33.6370 47.2575 51.7031
16987.0000 0.0469 77.3572 50.0000 34.1931 46.7758 51.2541
16988.0000 0.0517 77.9869 50.0000 33.9242 47.0841 52.0979
16989.0000 0.0524 78.2462 50.0000 33.9764 47.1950 52.3518
16990.0000 0.0562 78.1788 50.0000 33.9143 46.3754 53.0194
16991.0000 0.0587 77.7380 50.0000 33.6987 45.6626 53.1274
16992.0000 0.0579 77.1326 50.0000 33.6977 45.0162 52.7962
16993.0000 0.0540 76.9424 50.0000 34.3635 44.3809 52.6272
16994.0000 0.0576 77.1168 50.0000 34.0254 44.5380 52.9683
16995.0000 0.0569 76.8657 50.0000 33.6730 44.8898 52.5297
16996.0000 0.0529 76.7888 50.0000 33.8978 45.1381 52.0577
16997.0000 0.0584 77.3127 50.0000 33.4815 45.5394 52.7484
16998.0000 0.0565 77.2452 50.0000 33.4798 45.8093 52.4159
16999.0000 0.0508 76.7803 50.0000 33.6099 46.1262 51.3611
17000.0000 0.0503 77.2174 50.0000 33.5478 47.1211 51.1535
17001.0000 0.0517 77.2943 50.0000 33.6620 46.5979 51.6711
17002.0000 0.0495 77.3014 50.0000 33.6443 47.2799 51.0704
17003.0000 0.0463 77.1401 50.0000 33.8119 47.6685 50.3494
17004.0000 0.0412 77.1451 50.0000 34.4698 47.6569 49.9200
17005.0000 0.0458 77.2090 50.0000 33.8930 47.7917 50.2837
17006.0000 0.0452 76.7918 50.0000 33.8604 47.2570 50.1721
17007.0000 0.0440 76.6177 50.0000 33.7902 47.7510 49.4807
17008.0000 0.0447 76.8792 50.0000 33.8400 47.7613 49.8410
17009.0000 0.0441 76.6846 50.0000 33.9960 47.0138 50.1449
17010.0000 0.0456 76.5718 50.0000 33.7825 46.8866 50.2357
17011.0000 0.0446 76.8218 50.0000 33.9280 47.3343 50.0993
17012.0000 0.0454 77.2450 50.0000 33.8957 48.0459 50.0945
17013.0000 0.0487 77.4112 50.0000 33.4637 48.5901 50.1166
17014.0000 0.0518 77.2883 50.0000 32.9835 48.7617 50.0786
17015.0000 0.0519 77.4250 50.0000 33.2369 47.8949 50.9512
17016.0000 0.0510 77.3020 50.0000 33.2374 48.0263 50.6395
17017.0000 0.0487 77.3018 50.0000 33.5435 47.9104 50.5469
17018.0000 0.0494 77.5910 50.0000 33.5576 48.2259 50.6804
17019.0000 0.0504 78.0422 50.0000 33.6008 48.5975 50.9888
17020.0000 0.0508 77.8166 50.0000 33.4490 48.4833 50.8523
17021.0000 0.0556 77.9326 50.0000 32.7779 49.1886 50.7896
17022.0000 0.0582 77.8862 50.0000 32.3831 49.5491 50.6209
17023.0000 0.0623 78.0740 50.0000 31.9476 49.7344 51.0039
17024.0000 0.0606 78.0887 50.0000 32.1500 49.8502 50.7856
17025.0000 0.0558 77.7144 50.0000 32.7039 48.8168 50.8616
17026.0000 0.0575 77.8805 50.0000 32.6842 48.4583 51.4675
17027.0000 0.0602 77.6238 50.0000 32.2578 48.2985 51.4989
17028.0000 0.0570 77.1836 50.0000 32.4978 47.8581 51.0961
17029.0000 0.0565 77.1724 50.0000 32.7929 47.1560 51.5414
17030.0000 0.0604 77.6508 50.0000 32.5523 47.4499 52.1392
17031.0000 0.0621 77.9304 50.0000 32.6469 47.2227 52.7005
17032.0000 0.0654 78.0414 50.0000 32.1434 47.7246 52.7221
17033.0000 0.0620 77.7591 50.0000 32.5448 47.2275 52.5060
17034.0000 0.0620 77.9442 50.0000 32.4265 47.7841 52.3497
17035.0000 0.0558 77.6601 50.0000 33.0347 47.5632 51.7450
17036.0000 0.0558 77.7368 50.0000 32.8179 48.3996 51.2198
17037.0000 0.0555 77.7819 50.0000 33.0708 47.7913 51.6946
17038.0000 0.0579 77.8578 50.0000 32.6845 48.2263 51.6506
17039.0000 0.0586 78.3938 50.0000 32.8350 48.5542 52.0570
17040.0000 0.0591 78.2913 50.0000 32.7282 48.5122 52.0094
17041.0000 0.0651 78.5490 50.0000 32.2664 48.3261 52.8528
17042.0000 0.0638 78.5125 50.0000 32.3713 48.3768 52.6878
17043.0000 0.0655 78.7105 50.0000 32.2623 48.4802 52.9543
17044.0000 0.0607 78.4740 50.0000 32.9984 47.6399 52.9124
17045.0000 0.0571 78.5509 50.0000 33.1046 48.5636 52.1144
17046.0000 0.0566 78.6120 50.0000 33.3614 48.0935 52.4774
17047.0000 0.0599 78.7780 50.0000 32.9755 48.4080 52.6806
17048.0000 0.0571 78.6685 50.0000 33.5542 47.6113 52.8774
17049.0000 0.0511 78.3301 50.0000 34.1894 47.1961 52.3374
17050.0000 0.0510 78.7342 50.0000 34.0485 48.2548 52.0697
17051.0000 0.0511 78.9194 50.0000 33.9753 48.8217 51.8690
17052.0000 0.0485 79.0239 50.0000 34.6877 47.8728 52.4380
17053.0000 0.0510 79.3709 50.0000 34.5305 48.1166 52.8411
17054.0000 0.0441 79.1054 50.0000 35.0696 48.4940 51.7312
17055.0000 0.0398 79.0107 50.0000 35.4749 48.9361 50.8870
17056.0000 0.0405 79.0742 50.0000 35.4883 48.6311 51.2671
17057.0000 0.0434 79.4264 50.0000 35.1733 49.1632 51.5206
17058.0000 0.0430 79.0655 50.0000 35.0387 49.0973 51.1186
17059.0000 0.0394 78.8034 50.0000 35.6062 48.1535 51.2193
17060.0000 0.0455 78.7805 50.0000 34.8339 48.0292 51.8282
17061.0000 0.0486 78.8933 50.0000 34.4837 48.1544 52.1170
17062.0000 0.0508 79.0629 50.0000 34.2417 48.4043 52.3018
17063.0000 0.0493 78.9188 50.0000 34.1597 48.9954 51.5824
17064.0000 0.0478 78.5519 50.0000 34.3473 48.2146 51.6336
17065.0000 0.0508 78.6484 50.0000 33.9483 48.4704 51.8045
17066.0000 0.0400 78.1471 50.0000 35.1269 48.0834 50.6069
17067.0000 0.0383 77.6811 50.0000 35.0908 48.0526 49.9392
17068.0000 0.0388 77.8540 50.0000 35.0373 48.5700 49.7452
17069.0000 0.0349 77.5573 50.0000 35.4922 48.1107 49.4044
17070.0000 0.0345 77.8012 50.0000 35.6451 48.3347 49.4592
17071.0000 0.0340 77.5322 50.0000 35.5861 48.2560 49.1552
17072.0000 0.0368 77.6920 50.0000 35.2287 48.5479 49.3770
17073.0000 0.0322 77.3312 50.0000 35.8023 47.8439 49.0843
17074.0000 0.0317 76.8006 50.0000 35.5954 47.7643 48.4755
17075.0000 0.0284 76.5835 50.0000 36.0376 47.2242 48.3342
17076.0000 0.0262 76.3064 50.0000 36.2310 47.2185 47.7535
17077.0000 0.0265 76.6820 50.0000 36.3822 47.2375 48.2191
17078.0000 0.0304 76.5027 50.0000 35.9465 46.1839 49.2702
17079.0000 0.0294 76.5800 50.0000 35.9654 46.8116 48.7818
17080.0000 0.0334 77.0597 50.0000 35.4719 47.9065 48.8355
17081.0000 0.0360 77.1221 50.0000 35.1340 47.8162 49.2650
17082.0000 0.0351 76.9865 50.0000 35.2370 47.5186 49.2672
17083.0000 0.0380 76.5797 50.0000 34.6617 47.2214 49.3271
17084.0000 0.0333 76.9367 50.0000 35.4481 47.6225 48.9366
17085.0000 0.0354 76.7458 50.0000 35.0194 47.7846 48.7872
17086.0000 0.0343 76.7938 50.0000 35.2586 47.4512 49.0153
17087.0000 0.0342 77.0075 50.0000 35.5178 46.9227 49.6678
17088.0000 0.0313 77.1596 50.0000 35.8471 47.7861 48.8372
17089.0000 0.0330 77.6324 50.0000 35.8207 48.0433 49.3510
17090.0000 0.0314 77.7688 50.0000 36.1206 48.0875 49.3040
17091.0000 0.0320 77.9372 50.0000 36.1933 47.7397 49.8515
17092.0000 0.0238 77.2806 50.0000 37.2284 46.9130 48.8416
17093.0000 0.0250 77.5371 50.0000 37.0306 47.8182 48.5197
17094.0000 0.0264 77.6585 50.0000 36.8779 47.7605 48.8855
17095.0000 0.0259 78.0761 50.0000 37.1334 48.1709 48.9546
17096.0000 0.0309 78.0608 50.0000 36.3994 47.9081 49.7332
17097.0000 0.0322 77.8857 50.0000 36.1279 47.7445 49.8138
17098.0000 0.0261 77.1905 50.0000 36.8608 46.7481 49.1352
17099.0000 0.0243 76.9554 50.0000 37.0163 46.6287 48.7616
17100.0000 0.0231 76.8966 50.0000 37.1551 46.6962 48.4979
17101.0000 0.0301 77.3524 50.0000 36.4166 46.5944 49.8617
17102.0000 0.0282 77.7149 50.0000 36.7441 47.2439 49.5730
17103.0000 0.0286 77.7933 50.0000 37.0402 46.3592 50.3056
17104.0000 0.0265 77.8666 50.0000 37.0799 47.2691 49.5370
17105.0000 0.0278 77.9752 50.0000 36.8161 47.9070 49.2912
17106.0000 0.0284 77.7297 50.0000 36.6344 47.6052 49.3313
17107.0000 0.0274 77.7110 50.0000 36.7843 47.5697 49.2244
17108.0000 0.0271 77.4250 50.0000 36.6635 47.6204 48.8131
17109.0000 0.0265 77.3599 50.0000 36.6927 47.8656 48.4468
17110.0000 0.0240 77.2193 50.0000 37.1948 46.7280 48.9475
17111.0000 0.0297 77.4977 50.0000 36.4172 47.1101 49.6016
17112.0000 0.0277 77.2948 50.0000 36.6528 46.8475 49.3596
17113.0000 0.0279 76.9590 50.0000 36.4064 46.8497 49.0140
17114.0000 0.0274 76.9168 50.0000 36.5087 46.6598 49.0527
17115.0000 0.0302 77.0981 50.0000 36.2770 46.4599 49.6948
17116.0000 0.0259 76.9653 50.0000 36.7468 46.7424 48.8721
17117.0000 0.0275 77.0975 50.0000 36.5872 46.7542 49.1878
17118.0000 0.0256 77.0745 50.0000 36.8281 46.8720 48.8589
17119.0000 0.0265 77.0737 50.0000 36.8100 46.4327 49.2888
17120.0000 0.0258 77.0083 50.0000 36.8889 46.3874 49.1701
17121.0000 0.0227 77.0917 50.0000 37.3799 46.5099 48.8129
17122.0000 0.0239 77.2876 50.0000 37.2236 46.8556 48.9115
17123.0000 0.0300 77.4283 50.0000 36.7047 46.0566 50.2662
17124.0000 0.0301 77.4344 50.0000 36.4958 46.5647 49.9587
17125.0000 0.0289 77.3338 50.0000 36.6415 46.4077 49.8421
17126.0000 0.0311 77.1075 50.0000 36.0921 46.6813 49.6365
17127.0000 0.0390 77.7107 50.0000 35.5354 46.4878 51.1378
17128.0000 0.0341 77.3526 50.0000 35.6908 47.1432 49.8710
17129.0000 0.0362 77.6976 50.0000 35.6540 47.0753 50.4939
17130.0000 0.0353 77.7035 50.0000 35.8691 46.8038 50.6029
17131.0000 0.0339 77.6154 50.0000 35.9868 46.8388 50.3511
17132.0000 0.0317 77.4967 50.0000 36.3906 46.3445 50.3353
17133.0000 0.0346 77.5260 50.0000 36.2005 45.9520 50.8746
17134.0000 0.0338 77.3338 50.0000 36.4342 45.4126 50.8995
17135.0000 0.0337 76.9250 50.0000 36.3128 45.0591 50.6805
17136.0000 0.0353 77.3245 50.0000 36.2924 45.2878 51.0975
17137.0000 0.0352 77.2991 50.0000 36.2017 45.4479 50.9812
17138.0000 0.0371 77.0499 50.0000 36.0144 44.9858 51.1462
17139.0000 0.0324 76.6059 50.0000 36.5265 44.5060 50.5320
17140.0000 0.0354 76.5246 50.0000 35.8626 44.9032 50.5331
17141.0000 0.0320 76.3261 50.0000 36.3946 44.4332 50.2672
17142.0000 0.0274 75.7441 50.0000 36.3554 44.8240 49.0537
17143.0000 0.0292 75.6667 50.0000 36.3645 44.1984 49.4932
17144.0000 0.0267 75.7789 50.0000 36.4451 44.9013 48.9701
17145.0000 0.0232 75.7195 50.0000 36.6922 45.4966 48.1371
17146.0000 0.0210 75.2994 50.0000 36.9215 44.9831 47.7842
17147.0000 0.0192 75.1789 50.0000 37.2499 44.6216 47.6784
17148.0000 0.0168 74.7975 50.0000 37.3800 44.6223 46.9707
17149.0000 0.0157 74.9435 50.0000 37.5916 44.9082 46.7616
17150.0000 0.0184 74.6895 50.0000 36.9861 44.8264 46.9164
17151.0000 0.0130 74.3732 50.0000 37.7812 44.6969 45.8928
17152.0000 0.0118 74.2371 50.0000 38.1921 43.7993 46.1966
17153.0000 0.0116 74.0084 50.0000 37.8515 44.7846 45.1535
17154.0000 0.0115 74.0537 50.0000 37.9990 44.1837 45.6927
17155.0000 0.0104 74.4139 50.0000 38.3516 44.8358 45.3467
17156.0000 0.0084 74.1982 50.0000 38.7932 44.0730 45.3656
17157.0000 0.0103 74.1139 50.0000 38.3580 43.9073 45.7568
17158.0000 0.0097 74.2002 50.0000 38.6468 43.6211 45.9271
17159.0000 0.0086 74.1405 50.0000 38.8458 43.6287 45.6546
17160.0000 0.0077 74.1542 50.0000 39.3390 42.9653 45.8833
17161.0000 0.0087 74.2209 50.0000 39.2405 42.8379 46.1935
17162.0000 0.0093 74.4143 50.0000 39.3840 42.6577 46.5479
17163.0000 0.0112 74.6278 50.0000 38.5514 43.9198 46.4128
17164.0000 0.0154 74.9452 50.0000 37.9464 44.0598 47.2820
17165.0000 0.0153 74.6242 50.0000 37.6960 44.1128 46.9238
17166.0000 0.0113 74.3201 50.0000 38.1962 44.2246 45.9207
17167.0000 0.0116 75.0012 50.0000 38.6228 44.2211 46.6685
17168.0000 0.0147 75.0371 50.0000 37.9185 44.6239 46.9197
17169.0000 0.0151 75.1678 50.0000 37.7487 45.3755 46.5435
17170.0000 0.0136 74.9789 50.0000 37.9648 45.0812 46.3486
17171.0000 0.0112 74.4617 50.0000 38.4220 43.9211 46.2519
17172.0000 0.0118 74.9884 50.0000 38.8276 43.6273 47.0356
17173.0000 0.0106 74.7567 50.0000 38.6273 44.3205 46.1756
17174.0000 0.0090 74.6030 50.0000 39.1464 43.5119 46.2589
17175.0000 0.0124 74.9380 50.0000 39.0441 42.9804 47.3702
17176.0000 0.0082 74.7193 50.0000 39.6575 43.0715 46.4231
17177.0000 0.0091 74.5125 50.0000 39.2999 43.0205 46.4420
17178.0000 0.0082 74.3862 50.0000 39.3526 43.0887 46.1307
17179.0000 0.0099 74.5149 50.0000 39.0391 43.2175 46.4830
17180.0000 0.0116 74.8444 50.0000 39.0948 42.9951 47.1668
17181.0000 0.0112 74.7632 50.0000 39.2850 42.7031 47.1453
17182.0000 0.0103 74.7809 50.0000 39.3802 42.8518 46.9586
17183.0000 0.0090 74.7383 50.0000 39.6282 42.8493 46.6835
17184.0000 0.0092 74.5747 50.0000 39.2770 43.1224 46.4668
17185.0000 0.0096 74.5244 50.0000 39.0968 43.2161 46.4510
17186.0000 0.0087 74.7535 50.0000 39.2010 43.8198 46.1649
17187.0000 0.0104 74.9188 50.0000 38.8906 44.0168 46.5066
17188.0000 0.0106 75.0843 50.0000 38.9483 44.0675 46.6770
17189.0000 0.0077 75.0032 50.0000 39.6275 43.8038 46.2210
17190.0000 0.0068 75.1118 50.0000 39.7664 44.2611 45.8408
17191.0000 0.0094 75.3865 50.0000 39.3079 44.3859 46.5607
17192.0000 0.0123 75.6045 50.0000 38.7755 44.6148 47.1383
17193.0000 0.0185 75.5535 50.0000 37.3804 45.3760 47.4558
17194.0000 0.0183 75.4801 50.0000 37.4686 45.0150 47.6130
17195.0000 0.0204 75.6874 50.0000 37.1231 45.4562 47.7932
17196.0000 0.0213 75.7729 50.0000 36.9451 45.8152 47.7239
17197.0000 0.0212 76.0997 50.0000 37.0430 46.3739 47.6282
17198.0000 0.0184 76.1723 50.0000 37.5746 46.3640 47.3365
17199.0000 0.0158 76.1936 50.0000 38.0742 46.3897 46.9448
17200.0000 0.0137 76.4046 50.0000 38.6545 46.0245 47.1725
17201.0000 0.0152 76.5741 50.0000 38.6389 45.4479 48.0116
17202.0000 0.0141 77.2057 50.0000 39.0350 46.2634 47.9237
17203.0000 0.0173 76.8669 50.0000 38.1827 46.4528 47.8825
17204.0000 0.0186 76.9007 50.0000 37.8668 47.0235 47.6299
17205.0000 0.0193 76.7058 50.0000 37.6584 46.8534 47.6486
17206.0000 0.0216 76.9736 50.0000 37.3430 47.4633 47.7250
17207.0000 0.0265 77.0078 50.0000 36.5421 47.4923 48.3670
17208.0000 0.0289 77.0282 50.0000 36.2123 47.2217 48.9094
17209.0000 0.0290 76.9969 50.0000 36.1665 47.2978 48.8204
17210.0000 0.0294 76.9928 50.0000 36.3438 46.3869 49.5508
17211.0000 0.0310 77.0115 50.0000 36.2037 46.1930 49.8625
17212.0000 0.0305 76.7419 50.0000 36.0248 46.3932 49.3882
17213.0000 0.0309 77.0172 50.0000 36.0523 46.7067 49.5012
17214.0000 0.0357 77.1532 50.0000 35.3585 47.0892 49.8498
17215.0000 0.0385 76.5858 50.0000 34.5644 47.3991 49.2343
17216.0000 0.0357 76.9829 50.0000 35.2661 47.0405 49.6977
17217.0000 0.0362 77.2765 50.0000 35.4435 46.8891 50.1681
17218.0000 0.0340 77.2993 50.0000 35.6293 47.3021 49.6815
17219.0000 0.0373 77.5191 50.0000 35.0985 48.3042 49.4369
17220.0000 0.0367 77.5925 50.0000 35.4258 47.3686 50.2177
17221.0000 0.0364 77.7580 50.0000 35.5068 47.5856 50.2114
17222.0000 0.0362 77.8317 50.0000 35.6777 47.2618 50.5093
17223.0000 0.0355 77.7076 50.0000 35.7162 47.2053 50.3436
17224.0000 0.0359 77.7946 50.0000 35.7502 47.1023 50.5500
17225.0000 0.0365 77.7292 50.0000 35.8751 46.4725 50.9421
17226.0000 0.0408 77.8367 50.0000 35.1337 47.1163 51.0316
17227.0000 0.0405 77.7023 50.0000 35.5735 45.9956 51.5420
17228.0000 0.0338 77.5291 50.0000 35.9320 46.8946 50.2051
17229.0000 0.0347 77.2168 50.0000 35.9828 45.9092 50.5966
17230.0000 0.0363 77.3567 50.0000 35.6099 46.5277 50.5090
17231.0000 0.0325 76.8697 50.0000 35.7731 46.5736 49.5999
17232.0000 0.0274 76.6311 50.0000 36.6125 45.7714 49.3644
17233.0000 0.0252 76.7156 50.0000 36.9461 45.8750 49.1504
17234.0000 0.0206 76.7231 50.0000 37.5932 46.1415 48.4164
17235.0000 0.0195 76.9186 50.0000 37.9110 46.1060 48.5124
17236.0000 0.0191 76.8105 50.0000 37.9642 45.9145 48.4813
17237.0000 0.0220 76.8707 50.0000 37.5312 45.9067 48.9192
17238.0000 0.0271 77.2773 50.0000 36.9821 46.1122 49.7772
17239.0000 0.0265 77.1075 50.0000 37.1832 45.5501 49.8815
17240.0000 0.0258 77.0584 50.0000 37.3100 45.4152 49.8340
17241.0000 0.0219 76.8413 50.0000 37.6941 45.5049 49.1227
17242.0000 0.0183 76.7982 50.0000 38.2354 45.5143 48.6258
17243.0000 0.0202 77.0528 50.0000 37.7123 46.8045 48.2105
17244.0000 0.0193 77.1274 50.0000 37.9516 46.6087 48.3316
17245.0000 0.0189 77.1605 50.0000 37.9486 47.2767 47.7343
17246.0000 0.0154 77.3135 50.0000 38.7371 46.9004 47.7196
17247.0000 0.0202 77.5941 50.0000 37.9758 47.1254 48.5579
17248.0000 0.0178 77.1611 50.0000 38.1691 47.0825 47.7514
17249.0000 0.0181 77.7141 50.0000 38.4832 46.8478 48.6191
17250.0000 0.0183 77.4445 50.0000 38.2264 47.0942 48.1511
17251.0000 0.0199 77.0610 50.0000 37.8912 46.2630 48.6043
17252.0000 0.0255 77.3622 50.0000 37.0946 46.6090 49.3609
17253.0000 0.0292 77.1376 50.0000 36.4054 46.6180 49.5138
17254.0000 0.0274 77.4392 50.0000 36.6947 47.1940 49.2244
17255.0000 0.0291 77.4933 50.0000 36.6430 46.6634 49.8501
17256.0000 0.0328 77.2896 50.0000 35.9035 46.8950 49.8546
17257.0000 0.0371 77.2817 50.0000 35.3288 46.8521 50.2915
17258.0000 0.0399 77.7141 50.0000 35.1807 47.0656 50.8590
17259.0000 0.0371 77.3558 50.0000 35.4497 46.6809 50.4790
17260.0000 0.0334 77.0611 50.0000 35.6745 46.8872 49.6724
17261.0000 0.0322 76.5830 50.0000 35.7850 46.1030 49.5873
17262.0000 0.0355 76.7464 50.0000 35.5609 45.8611 50.2214
17263.0000 0.0365 76.7659 50.0000 35.6198 45.4780 50.5567
17264.0000 0.0412 76.9614 50.0000 35.7416 44.4979 51.6288
17265.0000 0.0460 77.2793 50.0000 35.2707 44.7726 52.1870
17266.0000 0.0488 77.6669 50.0000 35.5377 44.3790 52.9124
17267.0000 0.0475 76.8975 50.0000 34.8974 44.6094 52.0135
17268.0000 0.0525 77.3431 50.0000 34.9946 44.1794 52.9672
17269.0000 0.0600 77.7225 50.0000 34.4068 44.3387 53.7684
17270.0000 0.0583 77.7783 50.0000 34.4158 44.6640 53.5737
17271.0000 0.0577 77.8657 50.0000 35.0653 43.9256 53.8891
17272.0000 0.0592 77.4207 50.0000 34.4856 43.9850 53.5726
17273.0000 0.0684 77.8221 50.0000 34.0119 43.8413 54.5657
17274.0000 0.0686 77.6214 50.0000 34.0784 43.4858 54.5227
17275.0000 0.0689 77.2272 50.0000 33.8394 43.3127 54.2488
17276.0000 0.0683 77.4225 50.0000 33.7142 43.7944 54.2186
17277.0000 0.0629 76.9945 50.0000 33.8848 43.7947 53.4977
17278.0000 0.0628 77.3956 50.0000 34.1925 43.8557 53.8296
17279.0000 0.0658 77.1700 50.0000 33.7614 43.7678 53.8493
17280.0000 0.0708 76.8409 50.0000 33.4184 43.1920 54.0572
17281.0000 0.0711 76.9216 50.0000 34.0186 42.4730 54.3665
17282.0000 0.0737 77.1943 50.0000 34.1689 42.2788 54.8083
17283.0000 0.0741 77.6421 50.0000 34.7386 42.0345 55.2687
17284.0000 0.0762 77.9141 50.0000 34.4855 42.3886 55.5389
17285.0000 0.0699 77.4974 50.0000 34.7885 42.2953 54.8336
17286.0000 0.0679 77.5696 50.0000 34.9266 42.4415 54.7348
17287.0000 0.0638 77.5812 50.0000 35.5190 42.2298 54.5334
17288.0000 0.0583 77.9868 50.0000 35.8886 42.9134 54.3359
17289.0000 0.0534 77.4648 50.0000 35.7992 43.0826 53.5080
17290.0000 0.0599 77.5351 50.0000 35.3974 42.8147 54.0890
17291.0000 0.0519 77.1393 50.0000 35.9403 42.7282 53.2265
17292.0000 0.0488 77.2152 50.0000 36.6259 42.3668 53.1582
17293.0000 0.0400 77.1201 50.0000 37.3381 42.6210 52.3147
17294.0000 0.0417 77.0000 50.0000 37.0932 42.5425 52.3759
17295.0000 0.0431 76.9740 50.0000 36.6555 42.8645 52.3832
17296.0000 0.0425 77.1558 50.0000 36.1936 43.8273 52.1747
17297.0000 0.0416 77.5238 50.0000 36.4367 44.0869 52.3321
17298.0000 0.0429 77.4896 50.0000 36.0353 44.4177 52.2796
17299.0000 0.0442 77.0647 50.0000 35.7001 44.1501 52.1080
17300.0000 0.0389 76.9108 50.0000 36.4700 43.7187 51.7096
17301.0000 0.0352 76.4804 50.0000 36.6809 43.5359 51.0724
17302.0000 0.0347 76.5753 50.0000 36.9407 43.3654 51.1723
17303.0000 0.0385 77.2109 50.0000 36.9409 43.4919 52.0130
17304.0000 0.0403 77.5326 50.0000 36.8334 43.7347 52.3629
17305.0000 0.0420 77.4276 50.0000 37.0022 43.1172 52.6001
17306.0000 0.0419 77.6516 50.0000 36.9411 43.4753 52.6785
17307.0000 0.0437 77.5808 50.0000 36.4741 43.7468 52.6748
17308.0000 0.0513 78.0083 50.0000 36.0243 43.7253 53.6250
17309.0000 0.0448 78.2172 50.0000 37.0347 43.5773 53.3609
17310.0000 0.0455 78.2899 50.0000 37.1183 43.4481 53.5145
17311.0000 0.0418 78.1883 50.0000 37.5408 43.3349 53.1618
17312.0000 0.0471 78.2355 50.0000 36.5610 43.8953 53.4536
17313.0000 0.0492 78.1661 50.0000 36.1531 44.0460 53.5056
17314.0000 0.0463 78.0670 50.0000 36.1335 44.4173 53.0654
17315.0000 0.0399 77.9338 50.0000 36.4798 44.8405 52.2706
17316.0000 0.0435 77.8546 50.0000 36.4963 44.0927 52.7749
17317.0000 0.0533 78.1304 50.0000 36.0784 43.5049 53.9447
17318.0000 0.0555 78.2396 50.0000 35.9333 43.5150 54.1911
17319.0000 0.0564 77.9385 50.0000 35.6733 43.3816 54.0358
17320.0000 0.0604 78.1261 50.0000 35.9337 42.7367 54.6445
17321.0000 0.0647 78.0850 50.0000 35.5054 42.6943 54.8984
17322.0000 0.0686 78.4813 50.0000 35.6710 42.4588 55.5351
17323.0000 0.0669 78.9697 50.0000 35.3104 43.6424 55.5404
17324.0000 0.0667 78.9308 50.0000 35.1864 43.7773 55.4575
17325.0000 0.0658 78.8554 50.0000 35.3776 43.5653 55.3956
17326.0000 0.0654 78.9729 50.0000 35.7879 43.2322 55.5601
17327.0000 0.0663 78.8665 50.0000 35.3318 43.5713 55.4359
17328.0000 0.0660 78.7620 50.0000 35.1899 43.6707 55.2991
17329.0000 0.0704 78.7256 50.0000 35.1598 43.1344 55.6860
17330.0000 0.0739 78.9934 50.0000 35.1216 43.0526 56.1507
17331.0000 0.0717 78.7547 50.0000 35.0884 43.0942 55.8031
17332.0000 0.0693 78.7983 50.0000 34.9743 43.5763 55.5616
17333.0000 0.0761 78.8980 50.0000 34.2922 43.7114 56.0201
17334.0000 0.0798 78.8100 50.0000 34.0404 43.4887 56.2228
17335.0000 0.0709 78.6560 50.0000 34.5117 43.8072 55.4674
17336.0000 0.0662 78.1077 50.0000 34.9366 43.2383 54.8697
17337.0000 0.0609 78.4017 50.0000 35.2160 43.8982 54.5858
17338.0000 0.0623 78.2371 50.0000 34.9350 43.8954 54.5324
17339.0000 0.0659 78.4922 50.0000 34.8886 43.7739 55.0241
17340.0000 0.0704 78.8945 50.0000 35.0108 43.5028 55.7324
17341.0000 0.0678 78.2321 50.0000 34.9571 43.1561 55.0983
17342.0000 0.0642 78.5028 50.0000 34.9174 43.9651 54.8683
17343.0000 0.0658 78.8187 50.0000 34.9229 44.1125 55.1984
17344.0000 0.0659 78.3144 50.0000 35.0995 43.3010 55.0108
17345.0000 0.0703 78.7976 50.0000 34.7033 43.7874 55.5645
17346.0000 0.0702 78.8708 50.0000 34.9880 43.5288 55.6927
17347.0000 0.0727 79.2719 50.0000 34.5583 44.2040 55.9980
17348.0000 0.0705 79.2970 50.0000 35.0890 43.8365 55.9923
17349.0000 0.0725 79.8445 50.0000 34.9731 44.3394 56.4452
17350.0000 0.0786 80.5312 50.0000 35.0221 44.2932 57.4180
17351.0000 0.0759 80.5272 50.0000 34.8380 44.8477 57.0932
17352.0000 0.0687 79.6174 50.0000 35.1598 44.3343 56.0106
17353.0000 0.0727 79.4618 50.0000 35.0679 43.7758 56.2859
17354.0000 0.0727 79.6800 50.0000 35.2693 43.7662 56.4756
17355.0000 0.0735 79.5614 50.0000 35.2263 43.5872 56.4737
17356.0000 0.0746 79.4523 50.0000 35.0763 43.5230 56.4630
17357.0000 0.0689 79.5534 50.0000 35.6404 43.6292 56.1693
17358.0000 0.0679 79.5978 50.0000 35.7845 43.6178 56.1496
17359.0000 0.0769 79.9227 50.0000 35.6355 43.1029 57.0955
17360.0000 0.0776 79.2725 50.0000 35.1663 42.8835 56.6434
17361.0000 0.0693 79.2762 50.0000 35.8349 43.0481 56.1021
17362.0000 0.0684 79.2873 50.0000 35.8980 43.0829 56.0506
17363.0000 0.0731 79.4624 50.0000 35.2557 43.4904 56.3905
17364.0000 0.0698 79.4244 50.0000 35.0786 44.0756 55.9916
17365.0000 0.0757 79.3793 50.0000 34.3126 44.2690 56.2493
17366.0000 0.0660 79.5201 50.0000 34.9161 44.8998 55.5726
17367.0000 0.0653 79.5534 50.0000 34.8475 45.1369 55.4712
17368.0000 0.0663 78.8686 50.0000 34.7698 44.2988 55.2172
17369.0000 0.0677 79.0041 50.0000 35.0201 43.9487 55.5316
17370.0000 0.0655 79.3694 50.0000 34.6611 45.1498 55.3137
17371.0000 0.0712 79.4683 50.0000 34.4760 44.7234 55.9146
17372.0000 0.0703 79.3107 50.0000 34.1264 45.1366 55.5722
17373.0000 0.0685 79.3049 50.0000 34.0433 45.5123 55.3078
17374.0000 0.0662 79.6473 50.0000 34.2841 45.9144 55.3188
17375.0000 0.0652 79.7693 50.0000 34.0966 46.5166 55.1069
17376.0000 0.0739 80.0077 50.0000 33.8897 45.7797 56.1866
17377.0000 0.0681 79.6209 50.0000 34.2476 45.6481 55.5234
17378.0000 0.0656 79.4888 50.0000 34.4537 45.5659 55.2735
17379.0000 0.0600 79.0821 50.0000 34.7428 45.5123 54.5486
17380.0000 0.0607 78.9597 50.0000 34.6140 45.4393 54.5140
17381.0000 0.0592 78.9588 50.0000 34.6078 45.6952 54.3022
17382.0000 0.0608 79.3867 50.0000 34.8243 45.6386 54.8329
17383.0000 0.0624 79.3353 50.0000 34.4022 45.9503 54.7645
17384.0000 0.0677 79.8522 50.0000 33.8177 46.6416 55.2929
17385.0000 0.0647 80.1114 50.0000 34.2547 46.7777 55.2838
17386.0000 0.0618 80.2028 50.0000 34.3459 47.2631 54.9458
17387.0000 0.0662 80.4198 50.0000 33.9854 47.3493 55.4110
17388.0000 0.0609 80.4324 50.0000 34.0975 48.2001 54.6212
17389.0000 0.0620 80.3654 50.0000 33.9390 48.1860 54.6338
17390.0000 0.0598 80.0812 50.0000 33.8980 48.3348 54.1080
17391.0000 0.0617 79.9492 50.0000 33.8226 47.8706 54.3720
17392.0000 0.0669 79.8881 50.0000 33.8085 46.8355 55.1864
17393.0000 0.0736 80.7414 50.0000 33.6632 47.0229 56.3455
17394.0000 0.0766 80.7670 50.0000 33.5041 46.8319 56.6354
17395.0000 0.0797 80.6592 50.0000 33.3247 46.5157 56.8477
17396.0000 0.0756 79.9681 50.0000 33.4359 46.1418 56.1059
17397.0000 0.0807 80.7209 50.0000 33.1038 46.7657 56.8592
17398.0000 0.0836 80.9280 50.0000 32.8725 46.9293 57.1523
17399.0000 0.0884 81.3494 50.0000 32.9448 46.6415 57.9391
17400.0000 0.0829 80.8717 50.0000 32.9361 46.8701 57.0845
17401.0000 0.0808 80.5792 50.0000 33.2172 46.4199 56.8754
17402.0000 0.0800 80.7522 50.0000 33.0395 47.0025 56.7457
17403.0000 0.0732 80.3833 50.0000 33.4741 46.9376 56.0163
17404.0000 0.0726 80.4224 50.0000 33.5471 46.9781 55.9947
17405.0000 0.0758 80.6876 50.0000 33.5503 46.7902 56.5292
17406.0000 0.0690 80.5411 50.0000 34.4453 46.3366 56.1543
17407.0000 0.0759 80.5519 50.0000 34.3557 45.5001 56.9037
17408.0000 0.0707 80.6348 50.0000 34.3008 46.3914 56.3317
17409.0000 0.0740 80.4865 50.0000 34.0854 46.0470 56.5326
17410.0000 0.0743 80.4749 50.0000 34.3396 45.6528 56.6819
17411.0000 0.0671 80.0943 50.0000 34.4197 46.1224 55.7056
17412.0000 0.0655 79.9204 50.0000 34.1638 46.5445 55.2604
17413.0000 0.0742 80.6091 50.0000 33.8772 46.4584 56.4959
17414.0000 0.0678 80.2662 50.0000 34.4327 46.2042 55.8769
17415.0000 0.0674 80.4186 50.0000 34.2074 46.7817 55.7537
17416.0000 0.0738 80.8447 50.0000 34.1141 46.4585 56.6895
17417.0000 0.0676 80.3862 50.0000 34.7641 45.8927 56.1005
17418.0000 0.0674 80.2526 50.0000 34.6332 45.9569 55.9373
17419.0000 0.0711 80.4668 50.0000 34.8258 45.4184 56.5617
17420.0000 0.0859 81.2752 50.0000 34.1712 45.2745 58.2083
17421.0000 0.0874 80.8483 50.0000 33.6923 45.2409 57.9183
17422.0000 0.0816 80.4703 50.0000 33.3685 45.9757 56.9934
17423.0000 0.0793 80.1518 50.0000 33.7799 45.3629 56.7929
17424.0000 0.0757 80.5272 50.0000 34.2090 45.6965 56.7997
17425.0000 0.0744 80.4036 50.0000 33.7994 46.2966 56.3823
17426.0000 0.0800 81.1863 50.0000 34.0528 46.0728 57.5233
17427.0000 0.0786 80.5833 50.0000 33.9119 45.7725 56.9959
17428.0000 0.0835 81.1100 50.0000 33.9250 45.7087 57.7809
17429.0000 0.0851 81.6822 50.0000 33.7884 46.3213 58.1779
17430.0000 0.0745 81.6486 50.0000 34.1839 47.2025 57.1829
17431.0000 0.0746 81.2626 50.0000 34.0338 46.9491 56.9305
17432.0000 0.0695 80.7993 50.0000 34.1745 46.9688 56.1655
17433.0000 0.0704 80.9699 50.0000 34.4967 46.5535 56.5585
17434.0000 0.0670 80.6618 50.0000 34.7467 46.3358 56.1426
17435.0000 0.0709 81.4233 50.0000 34.6487 46.8010 56.9112
17436.0000 0.0777 82.1545 50.0000 34.6904 46.6270 58.0677
17437.0000 0.0752 82.5675 50.0000 35.0953 46.9000 58.1902
17438.0000 0.0742 82.5712 50.0000 35.0297 47.1358 58.0443
17439.0000 0.0707 82.0638 50.0000 35.1333 46.9045 57.4464
17440.0000 0.0694 81.8385 50.0000 35.7536 45.9763 57.4926
17441.0000 0.0710 81.6710 50.0000 35.3920 46.0470 57.4214
17442.0000 0.0686 81.7111 50.0000 35.1264 46.8078 57.0251
17443.0000 0.0649 81.4038 50.0000 35.6372 46.2743 56.7032
17444.0000 0.0698 81.6557 50.0000 35.6345 45.8769 57.3859
17445.0000 0.0779 81.7366 50.0000 35.0464 45.6670 58.0272
17446.0000 0.0864 82.1880 50.0000 34.4623 45.8412 58.8710
17447.0000 0.0901 82.1295 50.0000 34.1188 45.7591 59.0531
17448.0000 0.0925 82.3310 50.0000 33.9543 45.9050 59.3147
17449.0000 0.0881 82.6148 50.0000 34.9737 45.4653 59.4554
17450.0000 0.0941 82.4747 50.0000 35.0134 44.5988 59.8923
17451.0000 0.1011 82.9507 50.0000 34.5077 44.9297 60.5917
17452.0000 0.1001 82.8567 50.0000 34.3170 45.1634 60.3974
17453.0000 0.0853 81.9640 50.0000 35.0041 45.0619 58.8408
17454.0000 0.0864 81.8653 50.0000 35.3794 44.3875 58.9913
17455.0000 0.0802 81.7999 50.0000 35.5833 44.7875 58.4734
17456.0000 0.0827 81.3076 50.0000 35.0820 44.5694 58.2560
17457.0000 0.0796 81.6508 50.0000 35.6984 44.5568 58.3710
17458.0000 0.0900 81.6785 50.0000 35.5606 43.5890 59.2184
17459.0000 0.0879 81.8633 50.0000 35.7806 43.7562 59.2177
17460.0000 0.0861 81.7661 50.0000 35.6531 43.9940 58.9837
17461.0000 0.0876 81.9772 50.0000 35.2036 44.5823 59.1049
17462.0000 0.0828 81.8410 50.0000 35.5855 44.5221 58.7316
17463.0000 0.0829 81.3431 50.0000 35.2307 44.4115 58.3362
17464.0000 0.0786 81.2394 50.0000 35.4371 44.5469 57.9622
17465.0000 0.0666 80.7706 50.0000 36.0971 44.6971 56.7720
17466.0000 0.0641 80.8902 50.0000 36.2225 44.9993 56.6234
17467.0000 0.0652 81.1454 50.0000 36.1334 45.2659 56.8327
17468.0000 0.0663 81.0299 50.0000 36.1918 44.9095 56.9134
17469.0000 0.0633 81.2738 50.0000 36.1438 45.6502 56.7020
17470.0000 0.0598 80.6575 50.0000 36.6014 44.8315 56.1793
17471.0000 0.0556 80.4446 50.0000 37.1102 44.5086 55.7956
17472.0000 0.0564 80.2944 50.0000 36.4168 45.1381 55.5298
17473.0000 0.0613 80.9350 50.0000 36.1337 45.5577 56.2967
17474.0000 0.0575 80.7122 50.0000 36.2042 45.7630 55.7626
17475.0000 0.0538 80.7272 50.0000 36.7683 45.5627 55.5789
17476.0000 0.0570 81.3662 50.0000 36.2068 46.6261 55.9957
17477.0000 0.0517 81.2684 50.0000 37.0892 46.0874 55.7216
17478.0000 0.0549 81.1411 50.0000 36.7605 45.9005 55.9077
17479.0000 0.0522 80.7933 50.0000 36.8332 45.7957 55.4403
17480.0000 0.0594 80.8869 50.0000 36.3291 45.5094 56.1407
17481.0000 0.0595 80.9379 50.0000 36.0801 45.8979 56.0584
17482.0000 0.0560 81.2467 50.0000 36.5662 46.1272 56.0020
17483.0000 0.0540 81.4195 50.0000 37.2422 45.7025 56.1555
17484.0000 0.0638 81.5770 50.0000 37.0686 44.7429 57.2607
17485.0000 0.0554 81.2759 50.0000 37.1874 45.4035 56.2262
17486.0000 0.0597 81.5019 50.0000 36.4483 46.0324 56.5251
17487.0000 0.0606 81.3150 50.0000 36.6969 45.3523 56.6448
17488.0000 0.0641 81.2940 50.0000 36.3627 45.2765 56.8903
17489.0000 0.0698 81.5343 50.0000 35.7468 45.5940 57.3690
17490.0000 0.0601 81.1957 50.0000 36.4715 45.5793 56.4367
17491.0000 0.0609 81.0629 50.0000 36.6664 45.0562 56.5395
17492.0000 0.0705 81.4592 50.0000 35.5993 45.6043 57.3458
17493.0000 0.0645 81.2756 50.0000 35.9142 45.8003 56.7294
17494.0000 0.0700 81.8481 50.0000 35.1461 46.7318 57.2713
17495.0000 0.0665 82.1496 50.0000 35.2755 47.4401 57.0406
17496.0000 0.0639 82.0639 50.0000 35.6182 47.2393 56.8707
17497.0000 0.0570 81.3058 50.0000 35.9102 46.9981 55.7878
17498.0000 0.0593 81.3633 50.0000 36.0490 46.4871 56.2086
17499.0000 0.0659 81.8810 50.0000 36.3075 45.7715 57.3692
17500.0000 0.0621 81.6871 50.0000 36.5785 45.7283 56.9537
17501.0000 0.0656 81.5109 50.0000 36.1545 45.5968 57.0773
17502.0000 0.0689 81.2162 50.0000 36.0674 44.9343 57.2375
17503.0000 0.0641 81.1335 50.0000 35.9087 45.6895 56.6188
17504.0000 0.0698 80.8505 50.0000 35.3203 45.3729 56.8382
17505.0000 0.0728 81.4479 50.0000 35.5834 45.3124 57.5705
17506.0000 0.0688 81.5586 50.0000 35.9029 45.5410 57.3481
17507.0000 0.0647 81.3579 50.0000 35.9609 45.7957 56.8215
17508.0000 0.0738 81.9410 50.0000 35.7552 45.5054 58.0099
17509.0000 0.0737 81.7369 50.0000 35.8657 45.1637 57.9208
17510.0000 0.0667 81.1798 50.0000 36.1139 45.1211 57.0090
17511.0000 0.0728 80.6424 50.0000 35.9428 43.9819 57.2442
17512.0000 0.0674 80.5996 50.0000 35.5310 45.1269 56.5456
17513.0000 0.0604 80.6232 50.0000 36.4325 44.9328 56.1588
17514.0000 0.0577 80.5994 50.0000 36.5242 45.1616 55.8809
17515.0000 0.0591 80.1873 50.0000 36.6232 44.3678 55.8591
17516.0000 0.0661 80.2445 50.0000 35.9501 44.3591 56.3830
17517.0000 0.0602 80.0765 50.0000 36.7139 43.9770 55.9496
17518.0000 0.0660 80.2284 50.0000 36.3806 43.8163 56.5082
17519.0000 0.0628 80.2227 50.0000 36.7651 43.7448 56.3063
17520.0000 0.0616 80.8382 50.0000 37.0284 44.2568 56.6132
17521.0000 0.0614 80.8821 50.0000 37.3700 43.9181 56.7151
17522.0000 0.0629 80.8328 50.0000 37.7130 43.2695 56.9159
17523.0000 0.0663 81.0065 50.0000 37.1147 43.7470 57.1905
17524.0000 0.0684 80.9363 50.0000 37.2497 43.2681 57.3674
17525.0000 0.0546 80.0374 50.0000 37.7185 43.4418 55.6426
17526.0000 0.0574 79.9257 50.0000 37.1075 43.6899 55.6987
17527.0000 0.0575 79.7910 50.0000 36.9272 43.7467 55.5807
17528.0000 0.0555 79.9884 50.0000 36.3268 45.0318 55.2327
17529.0000 0.0677 80.0608 50.0000 35.5452 44.4654 56.2947
17530.0000 0.0637 79.5058 50.0000 35.6225 44.2637 55.6141
17531.0000 0.0582 79.1145 50.0000 36.0468 43.9964 54.9914
17532.0000 0.0598 79.2254 50.0000 35.7357 44.3198 55.0943
17533.0000 0.0597 78.9058 50.0000 35.9342 43.7063 54.9965
17534.0000 0.0498 78.7264 50.0000 36.5207 44.1224 54.0120
17535.0000 0.0490 78.6312 50.0000 37.1364 43.3211 54.1021
17536.0000 0.0501 78.3616 50.0000 36.6820 43.4302 53.9332
17537.0000 0.0548 79.1341 50.0000 36.5514 43.8374 54.8133
17538.0000 0.0572 78.9897 50.0000 36.5542 43.3489 54.9913
17539.0000 0.0556 78.8825 50.0000 36.3204 43.7427 54.6797
17540.0000 0.0533 78.6096 50.0000 36.3411 43.7134 54.2948
17541.0000 0.0543 78.4157 50.0000 36.2723 43.4428 54.2776
17542.0000 0.0592 78.9849 50.0000 35.7041 44.1606 54.8970
17543.0000 0.0667 79.3238 50.0000 35.4936 43.8325 55.7780
17544.0000 0.0686 79.7266 50.0000 34.8765 44.8355 55.9441
17545.0000 0.0631 78.8637 50.0000 35.6007 43.6419 55.2038
17546.0000 0.0608 78.8273 50.0000 35.9423 43.4592 55.0744
17547.0000 0.0585 79.1189 50.0000 36.4149 43.5009 55.1491
17548.0000 0.0517 78.5765 50.0000 36.8017 43.3083 54.2613
17549.0000 0.0633 79.1083 50.0000 36.2855 43.0423 55.5774
17550.0000 0.0589 78.7308 50.0000 36.3844 43.0548 54.9637
17551.0000 0.0595 79.2321 50.0000 36.7202 43.1258 55.4033
17552.0000 0.0633 79.6658 50.0000 36.8607 42.9648 56.0531
17553.0000 0.0579 79.8398 50.0000 37.0608 43.5839 55.6896
17554.0000 0.0537 79.4274 50.0000 36.2964 44.6740 54.7313
17555.0000 0.0514 79.2274 50.0000 36.5499 44.4303 54.4705
17556.0000 0.0519 79.0048 50.0000 36.2743 44.4659 54.3020
17557.0000 0.0543 79.3230 50.0000 35.9280 44.9723 54.5785
17558.0000 0.0484 79.2673 50.0000 36.2424 45.4003 53.9315
17559.0000 0.0550 79.1390 50.0000 36.0058 44.5402 54.6143
17560.0000 0.0535 79.1556 50.0000 36.2239 44.4752 54.5472
17561.0000 0.0549 79.2834 50.0000 36.2778 44.3631 54.7878
17562.0000 0.0557 79.2513 50.0000 35.7270 44.9619 54.6148
17563.0000 0.0463 78.9883 50.0000 36.4248 45.1357 53.6204
17564.0000 0.0439 78.8411 50.0000 36.7892 44.8255 53.4148
17565.0000 0.0484 78.6676 50.0000 36.7818 43.9088 53.9232
17566.0000 0.0454 78.5530 50.0000 37.2879 43.5622 53.6891
17567.0000 0.0515 78.4598 50.0000 37.1551 42.7614 54.2855
17568.0000 0.0490 78.2384 50.0000 36.9926 43.0514 53.8459
17569.0000 0.0506 77.9943 50.0000 36.7518 42.8615 53.8081
17570.0000 0.0527 78.4308 50.0000 36.6969 43.1346 54.2599
17571.0000 0.0562 78.6064 50.0000 36.1388 43.5740 54.5368
17572.0000 0.0473 78.2002 50.0000 36.5924 43.7801 53.4749
17573.0000 0.0517 78.0005 50.0000 35.7282 44.0474 53.5481
17574.0000 0.0580 77.9919 50.0000 35.0719 44.0317 53.9806
17575.0000 0.0587 78.0786 50.0000 34.7231 44.5219 53.9293
17576.0000 0.0570 77.7297 50.0000 34.6406 44.4738 53.5165
17577.0000 0.0602 77.7780 50.0000 34.9835 43.5816 54.0945
17578.0000 0.0557 77.5271 50.0000 35.1455 43.7021 53.5292
17579.0000 0.0511 77.5848 50.0000 35.0754 44.5799 52.9315
17580.0000 0.0605 77.9213 50.0000 34.8248 43.9286 54.1225
17581.0000 0.0490 77.4213 50.0000 35.1907 44.5566 52.6344
17582.0000 0.0567 77.6663 50.0000 35.0028 43.9289 53.6387
17583.0000 0.0512 77.6807 50.0000 35.4999 44.0658 53.2189
17584.0000 0.0460 77.4596 50.0000 35.5955 44.4965 52.4691
17585.0000 0.0486 77.6293 50.0000 35.4283 44.5223 52.8101
17586.0000 0.0456 77.1756 50.0000 35.9988 43.6143 52.5162
17587.0000 0.0470 77.2333 50.0000 35.9265 43.5663 52.6902
17588.0000 0.0506 78.0335 50.0000 35.7575 44.2170 53.4367
17589.0000 0.0473 77.8710 50.0000 36.0510 44.1282 53.0747
17590.0000 0.0484 77.7500 50.0000 35.4859 44.6292 52.8587
17591.0000 0.0486 77.5071 50.0000 35.9795 43.5894 53.0358
17592.0000 0.0516 77.6970 50.0000 35.3773 44.1979 53.2148
17593.0000 0.0525 78.2403 50.0000 35.1905 44.9993 53.4624
17594.0000 0.0484 78.0630 50.0000 35.6923 44.7073 53.1144
17595.0000 0.0574 78.4235 50.0000 35.2306 44.4055 54.1960
17596.0000 0.0606 78.8785 50.0000 35.1349 44.6182 54.7410
17597.0000 0.0577 78.7673 50.0000 35.1789 44.8393 54.3706
17598.0000 0.0651 78.7592 50.0000 34.8562 44.2188 55.0704
17599.0000 0.0655 78.8142 50.0000 34.9498 44.1098 55.1772
17600.0000 0.0599 78.7507 50.0000 35.0584 44.6682 54.5649
17601.0000 0.0561 78.7992 50.0000 35.2171 45.0827 54.1906
17602.0000 0.0571 78.6378 50.0000 34.9517 45.1132 54.1026
17603.0000 0.0581 78.5521 50.0000 34.8882 44.9388 54.1641
17604.0000 0.0551 78.1280 50.0000 34.9817 44.7602 53.6357
17605.0000 0.0555 78.0467 50.0000 35.0841 44.4404 53.7164
17606.0000 0.0593 78.0034 50.0000 35.0886 43.8355 54.1459
17607.0000 0.0601 78.0824 50.0000 35.2607 43.5795 54.3541
17608.0000 0.0549 77.9794 50.0000 35.6042 43.7297 53.8595
17609.0000 0.0553 78.2769 50.0000 35.4317 44.2613 53.9705
17610.0000 0.0553 78.2362 50.0000 35.1350 44.6265 53.8044
17611.0000 0.0569 78.3785 50.0000 34.7764 45.0838 53.8632
17612.0000 0.0531 77.8178 50.0000 35.0992 44.5177 53.3089
17613.0000 0.0463 77.8241 50.0000 35.7715 44.6524 52.7555
17614.0000 0.0481 78.0177 50.0000 35.8701 44.4377 53.1544
17615.0000 0.0489 77.8136 50.0000 35.4075 44.7474 52.9050
17616.0000 0.0498 77.8802 50.0000 34.9952 45.3161 52.7930
17617.0000 0.0506 77.9563 50.0000 35.1225 45.0742 53.0274
17618.0000 0.0505 78.0388 50.0000 34.8409 45.6648 52.8288
17619.0000 0.0481 78.3597 50.0000 34.6741 46.9604 52.2749
17620.0000 0.0516 78.1650 50.0000 34.2303 46.7252 52.4862
17621.0000 0.0525 77.9711 50.0000 34.0169 46.6617 52.3930
17622.0000 0.0571 78.2852 50.0000 33.8215 46.5124 53.1157
17623.0000 0.0576 78.3390 50.0000 34.0664 46.0538 53.4370
17624.0000 0.0591 78.5274 50.0000 34.1261 45.9130 53.7955
17625.0000 0.0490 77.3199 50.0000 35.0053 44.7209 52.4693
17626.0000 0.0488 77.5408 50.0000 35.5151 44.2499 52.8506
17627.0000 0.0469 77.2665 50.0000 35.1191 44.8422 52.2105
17628.0000 0.0441 77.4902 50.0000 34.9821 45.9883 51.6339
17629.0000 0.0522 78.0128 50.0000 34.6443 45.6439 52.9376
17630.0000 0.0446 77.4618 50.0000 35.1756 45.4607 51.9262
17631.0000 0.0458 77.6406 50.0000 35.5317 44.8690 52.4627
17632.0000 0.0442 77.2486 50.0000 35.3935 44.8727 51.9719
17633.0000 0.0495 77.6634 50.0000 35.2961 44.6174 52.8684
17634.0000 0.0472 77.9426 50.0000 35.5917 44.9084 52.8348
17635.0000 0.0470 78.0504 50.0000 35.2783 45.6072 52.6050
17636.0000 0.0420 78.4549 50.0000 35.9362 46.0447 52.3798
17637.0000 0.0445 78.4585 50.0000 35.5352 46.2501 52.4777
17638.0000 0.0451 78.7321 50.0000 35.8232 45.9818 52.9256
17639.0000 0.0479 78.8231 50.0000 35.2857 46.4857 52.9819
17640.0000 0.0563 78.6604 50.0000 34.5772 45.8565 53.7500
17641.0000 0.0559 78.9820 50.0000 34.6134 46.2916 53.8251
17642.0000 0.0535 78.9459 50.0000 34.9187 46.1739 53.6760
17643.0000 0.0595 78.9888 50.0000 34.1210 46.4539 54.0095
17644.0000 0.0542 78.9240 50.0000 34.8642 46.1060 53.7375
17645.0000 0.0522 78.6426 50.0000 35.0163 45.8469 53.4470
17646.0000 0.0500 78.5003 50.0000 35.1110 45.9217 53.1104
17647.0000 0.0553 78.6269 50.0000 34.8375 45.5744 53.7728
17648.0000 0.0552 78.6609 50.0000 34.7084 45.8411 53.6792
17649.0000 0.0634 78.9859 50.0000 34.4024 45.3629 54.7491
17650.0000 0.0563 79.1012 50.0000 34.9268 45.8576 54.1683
17651.0000 0.0527 78.6873 50.0000 35.3342 45.3197 53.7523
17652.0000 0.0483 78.4003 50.0000 35.5296 45.4115 53.1230
17653.0000 0.0509 78.4527 50.0000 35.3944 45.2401 53.4358
17654.0000 0.0572 79.1201 50.0000 35.1482 45.3986 54.4385
17655.0000 0.0569 79.2908 50.0000 35.3189 45.4062 54.5699
17656.0000 0.0651 80.1414 50.0000 35.0740 45.5437 55.8411
17657.0000 0.0577 79.9484 50.0000 35.6952 45.5346 55.1743
17658.0000 0.0566 80.3479 50.0000 36.2717 45.3766 55.5078
17659.0000 0.0491 79.8566 50.0000 36.6340 45.4318 54.5067
17660.0000 0.0530 79.9008 50.0000 36.4589 45.1299 54.9380
17661.0000 0.0570 79.8723 50.0000 36.3955 44.5832 55.3831
17662.0000 0.0482 79.8016 50.0000 37.1193 44.8399 54.5879
17663.0000 0.0445 79.4349 50.0000 37.3651 44.6382 54.0480
17664.0000 0.0454 79.2247 50.0000 37.1844 44.4949 53.9823
17665.0000 0.0451 79.2615 50.0000 37.1075 44.6817 53.9349
17666.0000 0.0451 79.2925 50.0000 36.7646 45.2107 53.7741
17667.0000 0.0439 79.1401 50.0000 37.1637 44.6584 53.7367
17668.0000 0.0419 79.2471 50.0000 37.4841 44.6709 53.6615
17669.0000 0.0372 78.8503 50.0000 37.6476 44.7658 52.8777
17670.0000 0.0348 78.9830 50.0000 37.5398 45.5735 52.4608
17671.0000 0.0456 79.3035 50.0000 36.9440 44.8935 53.9330
17672.0000 0.0511 79.5448 50.0000 36.3744 45.0999 54.5003
17673.0000 0.0638 80.1403 50.0000 35.8843 44.6249 56.0661
17674.0000 0.0625 80.0011 50.0000 35.9974 44.5044 55.8902
17675.0000 0.0585 80.2341 50.0000 36.2495 44.9847 55.6763
17676.0000 0.0640 80.9251 50.0000 36.1217 45.1875 56.5879
17677.0000 0.0652 80.6121 50.0000 36.0254 44.7990 56.5114
17678.0000 0.0656 80.7695 50.0000 35.5995 45.4756 56.4656
17679.0000 0.0697 81.2409 50.0000 35.3399 45.8003 57.0396
17680.0000 0.0740 81.7081 50.0000 35.2048 45.9349 57.6785
17681.0000 0.0729 81.4123 50.0000 35.3753 45.5286 57.4779
17682.0000 0.0741 81.0017 50.0000 35.0963 45.2656 57.2761
17683.0000 0.0705 80.9946 50.0000 34.8423 46.0894 56.7618
17684.0000 0.0665 81.1013 50.0000 35.1596 46.3511 56.5049
17685.0000 0.0676 81.2160 50.0000 34.5835 47.1648 56.3515
17686.0000 0.0704 80.9805 50.0000 34.2811 46.8859 56.4302
17687.0000 0.0720 81.1453 50.0000 34.6018 46.3815 56.8862
17688.0000 0.0686 81.1340 50.0000 34.9011 46.4373 56.6412
17689.0000 0.0711 81.1029 50.0000 34.7869 46.2083 56.8537
17690.0000 0.0723 80.8304 50.0000 34.7953 45.7113 56.8623
17691.0000 0.0737 80.6017 50.0000 34.5208 45.6237 56.7752
17692.0000 0.0761 80.9199 50.0000 34.6969 45.4436 57.2628
17693.0000 0.0702 80.4292 50.0000 35.3551 44.7948 56.6772
17694.0000 0.0733 80.6887 50.0000 34.6695 45.5788 56.8442
17695.0000 0.0686 80.6748 50.0000 34.5938 46.3281 56.2618
17696.0000 0.0629 80.1359 50.0000 34.7582 46.3183 55.3918
17697.0000 0.0597 80.1252 50.0000 35.1886 46.1715 55.2269
17698.0000 0.0588 79.5925 50.0000 35.2024 45.6492 54.8809
17699.0000 0.0640 79.9000 50.0000 35.3833 44.9901 55.7487
17700.0000 0.0663 79.4269 50.0000 35.1802 44.4036 55.6714
17701.0000 0.0647 79.3710 50.0000 35.5034 44.1297 55.6043
17702.0000 0.0598 78.6357 50.0000 35.8562 43.4909 54.8312
17703.0000 0.0652 78.9602 50.0000 35.3610 43.7871 55.3806
17704.0000 0.0650 78.9867 50.0000 35.4931 43.6771 55.4207
17705.0000 0.0630 78.5997 50.0000 35.5585 43.4154 55.0328
17706.0000 0.0744 79.3241 50.0000 35.8170 42.5355 56.5702
17707.0000 0.0783 79.2810 50.0000 35.8785 41.9918 56.8762
17708.0000 0.0760 79.2487 50.0000 35.8104 42.2799 56.6602
17709.0000 0.0732 78.8326 50.0000 35.9414 41.9947 56.2072
17710.0000 0.0817 79.1543 50.0000 35.7068 41.6997 57.0226
17711.0000 0.0833 79.7834 50.0000 35.3998 42.5209 57.4822
17712.0000 0.0834 79.8553 50.0000 35.2713 42.7410 57.4979
17713.0000 0.0849 79.9278 50.0000 34.6846 43.3274 57.5167
17714.0000 0.0914 80.3534 50.0000 33.9515 43.9337 58.0843
17715.0000 0.0901 80.1609 50.0000 34.2037 43.5799 57.9368
17716.0000 0.0836 79.6328 50.0000 34.5691 43.3014 57.1956
17717.0000 0.0806 79.4234 50.0000 35.0003 42.9067 56.9391
17718.0000 0.0798 79.1991 50.0000 34.3223 43.5678 56.5361
17719.0000 0.0843 79.4329 50.0000 34.5069 43.0808 57.1218
17720.0000 0.0978 80.0107 50.0000 34.2398 42.5846 58.4457
17721.0000 0.0829 79.2673 50.0000 34.4994 43.0775 56.8984
17722.0000 0.0747 79.1900 50.0000 34.8047 43.5636 56.2308
17723.0000 0.0749 79.1199 50.0000 34.4939 43.8423 56.1068
17724.0000 0.0838 79.4423 50.0000 34.4369 43.2327 57.0623
17725.0000 0.0806 79.1110 50.0000 34.2534 43.4618 56.5360
17726.0000 0.0791 79.5069 50.0000 34.0737 44.2924 56.5554
17727.0000 0.0703 79.0697 50.0000 34.3341 44.5767 55.5527
17728.0000 0.0699 79.1189 50.0000 34.2968 44.7375 55.5165
17729.0000 0.0594 78.8779 50.0000 35.2594 44.6081 54.6683
17730.0000 0.0548 78.6230 50.0000 35.4601 44.7191 54.0774
17731.0000 0.0590 78.8320 50.0000 35.1611 44.7503 54.5490
17732.0000 0.0577 78.7887 50.0000 35.3483 44.6350 54.4599
17733.0000 0.0584 79.0534 50.0000 35.4852 44.6493 54.7419
17734.0000 0.0594 79.2275 50.0000 35.8301 44.2474 55.0942
17735.0000 0.0660 79.3933 50.0000 35.5485 43.9305 55.7648
17736.0000 0.0702 79.5791 50.0000 35.6410 43.4936 56.3104
17737.0000 0.0718 79.1499 50.0000 35.2950 43.2649 56.0991
17738.0000 0.0800 79.5255 50.0000 35.0984 42.9569 56.9835
17739.0000 0.0724 79.2542 50.0000 35.3809 43.1970 56.2444
17740.0000 0.0823 79.3834 50.0000 35.1908 42.4558 57.1037
17741.0000 0.0876 79.4761 50.0000 35.2087 41.9774 57.5733
17742.0000 0.0908 79.9541 50.0000 35.4317 41.8935 58.1566
17743.0000 0.0759 79.7455 50.0000 36.1156 42.4665 57.0229
17744.0000 0.0717 79.5163 50.0000 36.3525 42.4187 56.5862
17745.0000 0.0700 79.3894 50.0000 36.2115 42.6383 56.3328
17746.0000 0.0689 79.2879 50.0000 35.6433 43.3347 56.0199
17747.0000 0.0670 79.2339 50.0000 35.9910 43.0855 55.9133
17748.0000 0.0665 79.1293 50.0000 35.5132 43.6202 55.6555
17749.0000 0.0621 78.7020 50.0000 35.5517 43.6531 54.9954
17750.0000 0.0586 78.5814 50.0000 35.8136 43.6429 54.6601
17751.0000 0.0550 78.9173 50.0000 36.9159 43.1130 54.8309
17752.0000 0.0634 79.3206 50.0000 36.5601 42.9304 55.7863
17753.0000 0.0603 79.2768 50.0000 36.7438 43.0372 55.5204
17754.0000 0.0630 79.0958 50.0000 36.1646 43.2131 55.5059
17755.0000 0.0626 78.9026 50.0000 36.3453 42.8242 55.4141
17756.0000 0.0621 78.7117 50.0000 36.6857 42.2817 55.3349
17757.0000 0.0675 79.2888 50.0000 36.4001 42.5974 56.1000
17758.0000 0.0676 80.2250 50.0000 36.6130 43.3404 56.7198
17759.0000 0.0660 79.6088 50.0000 36.4191 43.0981 56.1584
17760.0000 0.0518 78.9244 50.0000 36.9115 43.5536 54.4949
17761.0000 0.0574 78.6722 50.0000 36.5232 43.0006 54.8300
17762.0000 0.0501 78.1885 50.0000 36.2357 43.8268 53.6621
17763.0000 0.0496 78.3206 50.0000 35.9688 44.4226 53.5443
17764.0000 0.0446 77.8851 50.0000 36.2646 44.2711 52.8303
17765.0000 0.0484 78.0929 50.0000 35.8228 44.5545 53.1989
17766.0000 0.0503 78.2558 50.0000 35.6437 44.7039 53.4327
17767.0000 0.0511 78.3264 50.0000 35.7177 44.5626 53.6045
17768.0000 0.0505 78.6081 50.0000 35.8527 44.8081 53.7220
17769.0000 0.0598 79.0054 50.0000 36.0889 43.6115 55.1134
17770.0000 0.0642 79.2845 50.0000 35.7717 43.7493 55.6094
17771.0000 0.0598 79.5891 50.0000 36.2096 44.1234 55.4654
17772.0000 0.0723 80.3849 50.0000 35.4825 44.3195 56.9079
17773.0000 0.0776 80.2719 50.0000 35.2108 43.8964 57.2441
17774.0000 0.0837 80.2542 50.0000 35.0241 43.4098 57.7030
17775.0000 0.0860 80.1529 50.0000 34.7888 43.3212 57.7711
17776.0000 0.0918 79.7814 50.0000 34.1232 43.0980 57.8208
17777.0000 0.0910 79.1656 50.0000 33.6457 43.0983 57.2512
17778.0000 0.0972 78.8724 50.0000 33.0752 42.8139 57.3921
17779.0000 0.0886 78.7582 50.0000 33.0055 43.7010 56.6014
17780.0000 0.0864 78.4974 50.0000 33.3423 43.2598 56.3801
17781.0000 0.0849 78.2579 50.0000 33.3191 43.1972 56.1083
17782.0000 0.0855 77.9578 50.0000 33.6683 42.3902 56.0976
17783.0000 0.0918 78.3042 50.0000 33.5376 42.2455 56.7635
17784.0000 0.0944 79.0614 50.0000 33.7538 42.5038 57.4875
17785.0000 0.0963 79.4838 50.0000 33.9832 42.4822 57.9490
17786.0000 0.1035 79.2984 50.0000 33.2853 42.3729 58.1796
17787.0000 0.0975 79.5200 50.0000 33.8558 42.5408 58.0301
17788.0000 0.0852 78.8051 50.0000 34.0052 42.9184 56.6736
17789.0000 0.0918 78.7123 50.0000 33.5522 42.6476 57.0181
17790.0000 0.0935 78.7807 50.0000 33.4560 42.6564 57.1623
17791.0000 0.0974 79.1756 50.0000 33.4492 42.6685 57.7003
17792.0000 0.1019 79.0190 50.0000 32.8445 42.7448 57.7766
17793.0000 0.0968 78.9859 50.0000 33.3103 42.6955 57.5003
17794.0000 0.0969 78.8359 50.0000 33.4504 42.3733 57.4515
17795.0000 0.0936 78.8236 50.0000 33.3004 42.8745 57.1490
17796.0000 0.0867 78.6601 50.0000 33.4843 43.2225 56.5511
17797.0000 0.0881 78.3936 50.0000 33.3030 43.0017 56.4564
17798.0000 0.0817 78.8465 50.0000 33.5374 43.9291 56.2338
17799.0000 0.0734 78.4182 50.0000 33.5751 44.4487 55.1946
17800.0000 0.0801 78.4753 50.0000 32.7246 44.7868 55.5123
17801.0000 0.0806 78.4369 50.0000 33.3338 43.8700 55.8268
17802.0000 0.0739 78.2186 50.0000 33.6742 44.0150 55.1985
17803.0000 0.0711 78.1642 50.0000 33.8487 44.0835 54.9596
17804.0000 0.0713 78.1099 50.0000 33.5652 44.3829 54.8151
17805.0000 0.0713 77.9621 50.0000 33.5414 44.2438 54.7316
17806.0000 0.0707 77.7137 50.0000 33.1849 44.5380 54.3558
17807.0000 0.0716 78.0975 50.0000 33.9604 43.8005 55.0220
17808.0000 0.0754 78.3162 50.0000 33.5915 44.0506 55.3587
17809.0000 0.0739 78.3982 50.0000 34.0950 43.6816 55.4592
17810.0000 0.0683 78.4812 50.0000 34.8529 43.4958 55.2512
17811.0000 0.0770 78.5927 50.0000 34.6250 42.8659 56.0397
17812.0000 0.0801 78.8301 50.0000 34.2699 43.1961 56.3369
17813.0000 0.0858 78.8975 50.0000 34.4782 42.3928 56.9116
17814.0000 0.0927 79.8351 50.0000 34.6640 42.4377 58.0611
17815.0000 0.0866 80.0682 50.0000 35.0030 42.9223 57.8221
17816.0000 0.0748 79.9562 50.0000 34.8668 44.3133 56.6889
17817.0000 0.0811 80.3481 50.0000 34.4915 44.4511 57.3608
17818.0000 0.0751 80.0583 50.0000 34.6936 44.6035 56.7117
17819.0000 0.0776 80.0245 50.0000 34.5519 44.4358 56.8819
17820.0000 0.0848 80.5366 50.0000 34.3773 44.3556 57.7661
17821.0000 0.0756 80.5064 50.0000 34.7063 45.0268 57.0031
17822.0000 0.0695 80.4704 50.0000 34.4613 46.1476 56.1988
17823.0000 0.0759 80.1324 50.0000 34.0952 45.3691 56.5717
17824.0000 0.0809 80.8646 50.0000 33.9910 45.6844 57.4164
17825.0000 0.0839 80.2273 50.0000 33.3166 45.4751 57.0828
17826.0000 0.0688 80.1161 50.0000 34.4363 45.8672 55.9369
17827.0000 0.0709 79.6869 50.0000 34.0913 45.5403 55.8020
17828.0000 0.0764 80.2090 50.0000 34.0185 45.4989 56.6223
17829.0000 0.0809 79.7719 50.0000 33.9484 44.5217 56.8233
17830.0000 0.0765 79.8989 50.0000 34.2944 44.7669 56.6009
17831.0000 0.0805 80.2194 50.0000 33.9580 45.0525 57.0287
17832.0000 0.0796 79.8821 50.0000 34.0528 44.6741 56.7959
17833.0000 0.0762 79.8148 50.0000 34.0158 45.0808 56.4008
17834.0000 0.0767 79.6174 50.0000 33.8730 44.9833 56.2854
17835.0000 0.0809 79.7503 50.0000 33.4849 45.1020 56.6099
17836.0000 0.0799 79.8607 50.0000 33.8779 44.8402 56.7395
17837.0000 0.0797 79.4372 50.0000 33.4173 44.9890 56.2988
17838.0000 0.0776 79.5049 50.0000 34.0008 44.5639 56.3829
17839.0000 0.0797 79.9409 50.0000 34.0763 44.7003 56.8440
17840.0000 0.0795 79.4881 50.0000 33.9364 44.3966 56.5297
17841.0000 0.0735 79.1348 50.0000 34.4250 44.1201 55.9522
17842.0000 0.0772 79.3959 50.0000 33.7484 44.8246 56.1739
17843.0000 0.0669 78.1807 50.0000 33.8492 44.6873 54.4931
17844.0000 0.0665 77.9158 50.0000 33.8204 44.4698 54.3092
17845.0000 0.0766 78.4106 50.0000 33.1570 44.5878 55.3242
17846.0000 0.0704 78.3835 50.0000 33.4639 44.9707 54.7885
17847.0000 0.0728 78.8195 50.0000 33.2718 45.4273 55.1530
17848.0000 0.0813 79.1064 50.0000 33.1970 44.7085 56.1866
17849.0000 0.0795 79.1855 50.0000 33.8209 44.2177 56.3141
17850.0000 0.0805 79.2566 50.0000 33.1155 45.0862 56.1446
17851.0000 0.0766 79.2930 50.0000 33.2777 45.4364 55.8167
17852.0000 0.0891 79.6315 50.0000 32.4985 45.2306 56.9142
17853.0000 0.0926 79.9182 50.0000 32.1702 45.5529 57.2444
17854.0000 0.0862 79.8013 50.0000 32.7616 45.4372 56.8364
17855.0000 0.0940 79.9028 50.0000 32.3203 45.1657 57.4449
17856.0000 0.0943 79.7013 50.0000 32.4603 44.7387 57.4201
17857.0000 0.0856 79.2040 50.0000 33.2287 44.2558 56.6617
17858.0000 0.0752 78.5327 50.0000 33.8223 44.0177 55.5506
17859.0000 0.0768 78.1374 50.0000 34.2328 42.8745 55.6358
17860.0000 0.0792 78.3463 50.0000 33.6687 43.5146 55.7767
17861.0000 0.0714 78.0420 50.0000 34.2327 43.4124 55.0822
17862.0000 0.0784 78.5247 50.0000 34.1916 43.1539 55.9894
17863.0000 0.0657 77.9253 50.0000 34.6202 43.5010 54.6028
17864.0000 0.0696 78.2692 50.0000 33.9263 44.2996 54.8873
17865.0000 0.0698 78.0812 50.0000 33.9281 44.0623 54.8095
17866.0000 0.0667 78.2450 50.0000 33.7488 44.9262 54.4512
17867.0000 0.0661 78.4973 50.0000 33.7358 45.3521 54.4694
17868.0000 0.0705 78.2516 50.0000 33.7244 44.4388 54.8742
17869.0000 0.0793 79.1341 50.0000 33.4613 44.6432 56.1207
17870.0000 0.0707 78.8432 50.0000 34.0945 44.5972 55.3615
17871.0000 0.0796 78.7165 50.0000 33.6626 43.8848 56.0111
17872.0000 0.0737 78.4158 50.0000 33.2904 44.7958 55.0829
17873.0000 0.0690 78.2229 50.0000 33.1866 45.3981 54.3736
17874.0000 0.0758 78.8489 50.0000 32.8064 45.6958 55.2519
17875.0000 0.0720 79.0181 50.0000 33.5935 45.3138 55.3354
17876.0000 0.0739 79.2635 50.0000 33.1861 45.9210 55.4315
17877.0000 0.0787 79.8376 50.0000 33.1804 45.9149 56.2577
17878.0000 0.0773 79.5481 50.0000 32.8797 46.2020 55.7872
17879.0000 0.0783 79.8518 50.0000 33.1735 45.9856 56.2241
17880.0000 0.0859 80.0114 50.0000 32.7570 45.7191 56.9084
17881.0000 0.0817 80.4402 50.0000 33.1181 46.2746 56.8548
17882.0000 0.0888 80.4445 50.0000 33.2362 45.2075 57.6450
17883.0000 0.0906 80.0193 50.0000 33.0268 44.7970 57.4940
17884.0000 0.0863 80.1004 50.0000 33.0410 45.3880 57.1340
17885.0000 0.0877 79.9377 50.0000 32.8149 45.3374 57.0766
17886.0000 0.0858 79.8747 50.0000 32.8573 45.4453 56.8778
17887.0000 0.0850 80.3927 50.0000 33.1695 45.7140 57.2101
17888.0000 0.0850 80.0916 50.0000 33.8356 44.5289 57.3322
17889.0000 0.0783 79.5549 50.0000 33.7665 44.8458 56.3708
17890.0000 0.0772 79.2127 50.0000 33.4360 45.0380 55.9308
17891.0000 0.0771 79.2704 50.0000 32.8606 45.9263 55.6305
17892.0000 0.0813 79.2550 50.0000 32.7146 45.5333 56.0163
17893.0000 0.0759 78.9265 50.0000 33.1615 45.2642 55.5055
17894.0000 0.0777 79.0284 50.0000 32.8691 45.5439 55.5955
17895.0000 0.0763 79.3588 50.0000 32.9123 46.0734 55.6042
17896.0000 0.0761 78.5826 50.0000 32.6685 45.5449 55.0786
17897.0000 0.0688 78.3615 50.0000 33.3918 45.2781 54.5474
17898.0000 0.0739 78.7183 50.0000 33.2786 45.1391 55.2409
17899.0000 0.0760 78.3534 50.0000 33.4311 44.2201 55.3732
17900.0000 0.0692 77.7850 50.0000 33.4430 44.4612 54.3624
17901.0000 0.0629 77.9967 50.0000 34.0142 44.8163 54.0187
17902.0000 0.0715 78.3007 50.0000 33.0881 45.2533 54.6655
17903.0000 0.0732 78.0136 50.0000 33.5950 43.9786 54.9854
17904.0000 0.0695 78.2570 50.0000 34.1131 44.0564 54.9499
17905.0000 0.0688 78.2176 50.0000 34.2722 43.8845 54.9324
17906.0000 0.0788 78.7403 50.0000 34.5552 42.9037 56.2605
17907.0000 0.0789 79.2559 50.0000 34.6408 43.3470 56.5912
17908.0000 0.0803 79.1472 50.0000 34.8380 42.8319 56.7099
17909.0000 0.0935 79.7441 50.0000 34.8880 42.0143 58.1098
17910.0000 0.1044 80.3542 50.0000 34.7859 41.6805 59.2409
17911.0000 0.1056 80.6809 50.0000 34.9051 41.7601 59.5578
17912.0000 0.0999 80.7831 50.0000 34.5647 42.7883 59.1639
17913.0000 0.0983 81.1159 50.0000 34.6546 43.1815 59.2808
17914.0000 0.1019 80.9709 50.0000 34.4531 42.8988 59.4051
17915.0000 0.1088 80.9252 50.0000 34.0990 42.5791 59.7759
17916.0000 0.1007 80.5720 50.0000 34.3859 42.6908 59.0504
17917.0000 0.1050 80.6853 50.0000 34.3037 42.4787 59.4049
17918.0000 0.0991 79.8963 50.0000 34.0745 42.5199 58.4329
17919.0000 0.0915 79.9994 50.0000 34.0291 43.4616 57.9051
17920.0000 0.0797 79.8875 50.0000 34.8637 43.6545 57.1036
17921.0000 0.0852 80.1973 50.0000 34.4005 43.9250 57.6092
17922.0000 0.0790 79.8520 50.0000 34.5203 44.1268 56.8991
17923.0000 0.0755 79.9631 50.0000 34.6653 44.4834 56.6890
17924.0000 0.0823 80.4699 50.0000 34.1045 44.9228 57.3954
17925.0000 0.0764 80.0296 50.0000 34.3483 44.8534 56.6843
17926.0000 0.0850 80.1338 50.0000 33.4923 45.0076 57.2189
17927.0000 0.0789 79.8363 50.0000 33.8905 44.9131 56.6399
17928.0000 0.0808 79.8575 50.0000 34.1727 44.3517 56.9419
17929.0000 0.0819 79.6168 50.0000 33.4993 44.8104 56.6450
17930.0000 0.0771 79.9911 50.0000 33.6672 45.6265 56.4208
17931.0000 0.0681 79.9720 50.0000 34.2315 46.0928 55.6704
17932.0000 0.0656 79.5743 50.0000 34.3252 45.8630 55.2307
17933.0000 0.0635 79.1695 50.0000 34.0784 46.0703 54.6260
17934.0000 0.0664 79.8110 50.0000 33.9495 46.5878 55.1978
17935.0000 0.0626 79.2547 50.0000 34.0136 46.4342 54.4817
17936.0000 0.0608 79.4080 50.0000 34.0480 46.8959 54.2875
17937.0000 0.0616 79.1621 50.0000 34.0371 46.4536 54.3156
17938.0000 0.0557 78.9572 50.0000 34.3706 46.7145 53.5785
17939.0000 0.0538 78.9350 50.0000 34.9671 46.0175 53.7627
17940.0000 0.0522 78.8226 50.0000 35.0382 46.0513 53.5220
17941.0000 0.0585 79.1657 50.0000 34.9007 45.6194 54.4795
17942.0000 0.0585 79.3774 50.0000 35.1374 45.5212 54.7171
17943.0000 0.0575 78.6681 50.0000 35.1757 44.7660 54.2895
17944.0000 0.0602 79.2573 50.0000 35.0974 45.1695 54.8599
17945.0000 0.0563 79.2499 50.0000 35.4050 45.3221 54.5247
17946.0000 0.0588 79.1443 50.0000 34.9219 45.5119 54.5248
17947.0000 0.0566 79.3392 50.0000 35.5777 45.1378 54.6948
17948.0000 0.0559 78.6971 50.0000 35.8880 44.0510 54.4499
17949.0000 0.0570 78.9873 50.0000 35.5172 44.7384 54.5526
17950.0000 0.0586 79.1274 50.0000 36.1749 43.7964 55.0854
17951.0000 0.0521 78.5744 50.0000 36.4398 43.7116 54.1792
17952.0000 0.0511 78.7383 50.0000 36.9451 43.3970 54.3276
17953.0000 0.0487 78.7681 50.0000 36.8469 43.8943 54.0372
17954.0000 0.0495 78.9268 50.0000 36.3377 44.6614 53.9849
17955.0000 0.0452 79.2913 50.0000 37.2352 44.5299 54.0162
17956.0000 0.0450 78.9299 50.0000 36.7349 44.8334 53.5766
17957.0000 0.0442 78.7928 50.0000 36.2095 45.5909 53.0910
17958.0000 0.0470 79.1780 50.0000 35.9311 46.0204 53.4811
17959.0000 0.0502 78.8608 50.0000 35.2617 46.1104 53.3804
17960.0000 0.0526 79.0878 50.0000 35.4103 45.7212 53.9497
17961.0000 0.0582 79.2857 50.0000 34.9301 45.7767 54.5033
17962.0000 0.0596 79.4064 50.0000 35.1140 45.4150 54.8622
17963.0000 0.0601 79.3271 50.0000 35.3263 44.9556 54.9894
17964.0000 0.0548 79.4824 50.0000 36.1400 44.7902 54.8197
17965.0000 0.0553 79.1815 50.0000 36.2800 44.1846 54.7831
17966.0000 0.0504 79.0435 50.0000 36.9378 43.8610 54.4030
17967.0000 0.0492 78.8156 50.0000 36.8899 43.8307 54.1285
17968.0000 0.0520 78.9128 50.0000 36.9102 43.5144 54.5103
17969.0000 0.0478 79.1275 50.0000 36.7637 44.5789 54.0584
17970.0000 0.0479 79.0097 50.0000 36.9260 44.2029 54.0841
17971.0000 0.0448 78.8344 50.0000 36.2588 45.4566 53.2340
17972.0000 0.0494 79.1825 50.0000 36.0896 45.3563 53.9463
17973.0000 0.0510 78.9201 50.0000 35.6538 45.4062 53.8096
17974.0000 0.0501 79.4186 50.0000 35.7978 45.9778 53.9617
17975.0000 0.0569 79.7315 50.0000 35.6467 45.4698 54.9447
17976.0000 0.0523 79.5562 50.0000 35.7155 45.9068 54.2786
17977.0000 0.0606 80.2958 50.0000 35.6260 45.6135 55.6562
17978.0000 0.0559 80.1694 50.0000 36.5485 44.8850 55.4678
17979.0000 0.0508 80.0219 50.0000 36.8578 45.0536 54.9106
17980.0000 0.0462 80.1772 50.0000 37.0819 45.6683 54.4769
17981.0000 0.0454 80.1807 50.0000 37.0572 45.8514 54.3448
17982.0000 0.0514 80.4225 50.0000 37.2013 44.9777 55.3249
17983.0000 0.0526 80.5052 50.0000 37.2605 44.8141 55.5378
17984.0000 0.0491 80.3611 50.0000 36.9008 45.6692 54.8686
17985.0000 0.0609 79.9451 50.0000 36.0773 44.5522 55.7202
17986.0000 0.0639 80.3449 50.0000 35.4665 45.4091 55.9951
17987.0000 0.0591 80.2044 50.0000 35.3271 46.1578 55.2648
17988.0000 0.0573 80.1486 50.0000 35.4841 46.1467 55.0922
17989.0000 0.0466 79.8767 50.0000 36.2965 46.4364 53.9121
17990.0000 0.0503 79.2866 50.0000 35.9571 45.5351 54.0371
17991.0000 0.0434 78.8545 50.0000 36.6473 45.1346 53.2717
17992.0000 0.0462 78.9804 50.0000 36.4858 45.0467 53.6421
17993.0000 0.0486 79.0757 50.0000 36.7204 44.4471 54.1205
17994.0000 0.0579 79.3856 50.0000 35.8106 44.6746 54.9896
17995.0000 0.0553 79.4139 50.0000 36.1836 44.5832 54.8603
17996.0000 0.0525 78.9949 50.0000 36.6942 43.8220 54.5286
17997.0000 0.0497 78.8587 50.0000 36.9805 43.6896 54.2434
17998.0000 0.0557 78.8830 50.0000 36.3418 43.6937 54.7052
17999.0000 0.0520 78.9799 50.0000 36.0674 44.7182 54.1965
18000.0000 0.0654 79.7105 50.0000 35.4145 44.5367 55.8216
18001.0000 0.0656 79.6871 50.0000 35.6751 44.1432 55.9348
18002.0000 0.0522 79.2655 50.0000 36.2500 44.7768 54.4426
18003.0000 0.0530 79.1437 50.0000 35.7489 45.2116 54.2370
18004.0000 0.0620 79.6373 50.0000 35.4884 44.8265 55.4371
18005.0000 0.0679 80.0232 50.0000 35.2667 44.7488 56.1919
18006.0000 0.0620 79.8316 50.0000 35.6779 44.7904 55.6237
18007.0000 0.0646 79.7359 50.0000 35.6092 44.4163 55.8300
18008.0000 0.0732 79.9056 50.0000 34.6785 44.7017 56.4275
18009.0000 0.0780 78.8687 49.0000 34.5387 43.1481 56.2636
18010.0000 0.0772 79.9739 50.0000 35.3421 43.4689 57.0721
18011.0000 0.0725 79.3645 50.0000 35.0551 43.7104 56.2073
18012.0000 0.0704 79.0983 50.0000 35.3523 43.3041 55.9599
18013.0000 0.0714 79.2291 50.0000 35.5031 43.1433 56.1733
18014.0000 0.0732 78.8251 50.0000 34.7390 43.4249 55.8648
18015.0000 0.0747 79.1025 50.0000 34.4887 43.8576 56.0736
18016.0000 0.0754 78.8755 50.0000 34.9218 42.9974 56.1518
18017.0000 0.0675 78.6092 50.0000 34.8196 43.7925 55.2198
18018.0000 0.0611 78.5169 50.0000 35.2579 43.9512 54.6816
18019.0000 0.0626 78.4727 50.0000 34.9726 44.0824 54.6956
18020.0000 0.0593 78.8638 50.0000 35.0214 44.9452 54.5247
18021.0000 0.0497 78.6435 50.0000 35.8826 44.9362 53.6468
18022.0000 0.0523 78.5554 50.0000 35.6723 44.7069 53.8491
18023.0000 0.0580 78.5760 50.0000 35.2091 44.5277 54.3304
18024.0000 0.0560 78.6917 50.0000 35.3963 44.7096 54.2266
18025.0000 0.0632 78.8818 50.0000 34.7188 44.8224 54.8443
18026.0000 0.0631 79.0922 50.0000 34.9769 44.7270 55.0607
18027.0000 0.0678 78.9707 50.0000 34.7099 44.3004 55.3991
18028.0000 0.0708 78.9387 50.0000 34.4286 44.2383 55.5784
18029.0000 0.0765 77.6345 49.0000 34.1755 42.4267 55.3093
18030.0000 0.0644 78.5600 50.0000 34.6900 44.3140 54.8138
18031.0000 0.0601 78.8378 50.0000 34.8875 44.9830 54.5416
18032.0000 0.0562 78.4718 50.0000 34.8482 45.1976 53.8572
18033.0000 0.0541 79.0526 50.0000 35.3595 45.5087 54.1107
18034.0000 0.0480 79.1178 50.0000 35.8482 45.8980 53.5529
18035.0000 0.0483 79.2598 50.0000 35.6980 46.2667 53.5459
18036.0000 0.0502 79.0578 50.0000 35.2440 46.4031 53.4299
18037.0000 0.0603 78.2877 49.0000 35.3037 43.7325 54.4984
18038.0000 0.0582 79.6072 50.0000 35.3067 45.6057 54.8714
18039.0000 0.0576 79.2306 50.0000 34.7026 46.1501 54.2530
18040.0000 0.0553 79.3801 50.0000 35.0530 46.1968 54.2064
18041.0000 0.0627 79.6601 50.0000 34.3705 46.3531 54.9162
18042.0000 0.0688 79.9153 50.0000 33.7918 46.5867 55.4459
18043.0000 0.0703 79.7416 50.0000 33.3493 46.8094 55.2760
18044.0000 0.0647 79.5534 50.0000 33.6378 47.0806 54.5954
18045.0000 0.0603 79.8007 50.0000 34.2536 47.1670 54.4988
18046.0000 0.0639 79.6871 50.0000 33.8324 47.0601 54.6877
18047.0000 0.0640 79.8192 50.0000 33.6951 47.4567 54.6224
18048.0000 0.0616 79.6428 50.0000 33.8533 47.4045 54.3116
18049.0000 0.0668 79.7669 50.0000 33.2586 47.6288 54.6638
18050.0000 0.0715 79.7787 50.0000 32.9031 47.3940 55.0984
18051.0000 0.0723 79.8079 50.0000 32.8857 47.3129 55.2206
18052.0000 0.0756 79.7412 50.0000 32.2463 47.7500 55.1250
18053.0000 0.0811 79.8394 50.0000 32.1404 47.1024 55.8810
18054.0000 0.0794 79.7478 50.0000 32.2078 47.1513 55.6698
18055.0000 0.0763 79.5859 50.0000 32.0094 47.8359 54.9641
18056.0000 0.0759 79.6831 50.0000 32.1984 47.6936 55.1179
18057.0000 0.0697 78.9825 50.0000 32.6281 47.1544 54.3148
18058.0000 0.0684 79.3146 50.0000 32.6497 47.8412 54.1851
18059.0000 0.0645 78.7481 50.0000 32.8777 47.4196 53.5882
18060.0000 0.0655 78.5047 50.0000 32.7512 47.1063 53.5849
18061.0000 0.0660 78.2900 50.0000 32.3354 47.5226 53.1540
18062.0000 0.0643 78.1073 50.0000 32.6310 47.0287 53.1438
18063.0000 0.0711 78.3765 50.0000 32.6563 46.0726 54.3485
18064.0000 0.0673 78.6001 50.0000 32.7489 46.8911 53.9140
18065.0000 0.0635 78.5792 50.0000 32.5981 48.0007 52.9904
18066.0000 0.0607 78.0301 50.0000 32.7837 47.4148 52.5905
18067.0000 0.0617 78.4506 50.0000 32.9149 47.5430 53.0168
18068.0000 0.0625 78.5159 50.0000 32.7697 47.7627 53.0058
18069.0000 0.0584 78.4821 50.0000 32.9950 48.3019 52.3230
18070.0000 0.0549 78.5818 50.0000 33.3836 48.5761 51.9711
18071.0000 0.0545 78.2917 50.0000 33.3174 48.3391 51.7964
18072.0000 0.0582 78.6398 50.0000 33.3986 47.6205 52.9249
18073.0000 0.0605 78.9686 50.0000 33.3867 47.6053 53.4332
18074.0000 0.0636 78.8513 50.0000 32.8625 47.8073 53.4045
18075.0000 0.0607 78.8013 50.0000 33.1452 47.8106 53.1525
18076.0000 0.0606 78.6395 50.0000 33.0454 47.8200 52.9663
18077.0000 0.0619 78.5207 50.0000 33.6355 46.2307 53.8226
18078.0000 0.0667 79.2584 50.0000 33.2046 47.0650 54.4448
18079.0000 0.0582 78.6866 50.0000 33.7982 46.8838 53.3964
18080.0000 0.0518 78.1412 50.0000 34.0998 46.9246 52.3578
18081.0000 0.0543 78.2104 50.0000 33.8197 47.0115 52.5644
18082.0000 0.0531 78.3975 50.0000 33.9971 47.2153 52.5460
18083.0000 0.0542 78.5074 50.0000 33.8711 47.3732 52.6492
18084.0000 0.0528 78.8786 50.0000 33.8205 48.5656 52.1477
18085.0000 0.0528 79.0927 50.0000 33.9903 48.4747 52.4453
18086.0000 0.0527 78.8288 50.0000 33.9298 48.1999 52.3404
18087.0000 0.0536 78.8211 50.0000 33.8510 48.1165 52.4564
18088.0000 0.0630 79.3504 50.0000 33.2736 47.8115 53.8833
18089.0000 0.0653 79.7628 50.0000 32.9558 48.5706 54.0085
18090.0000 0.0690 80.0534 50.0000 32.6491 48.7815 54.4329
18091.0000 0.0695 80.5558 50.0000 32.5403 49.6840 54.4230
18092.0000 0.0701 80.0872 50.0000 31.9784 50.2732 53.5159
18093.0000 0.0665 79.7995 50.0000 32.4344 49.6090 53.4314
18094.0000 0.0635 80.0186 50.0000 32.7963 49.9787 53.1931
18095.0000 0.0694 80.0400 50.0000 32.2877 49.5029 53.9756
18096.0000 0.0719 80.6152 50.0000 32.2883 49.7219 54.6260
18097.0000 0.0685 80.3631 50.0000 32.4318 49.9600 53.9482
18098.0000 0.0714 80.2300 50.0000 32.2198 49.4170 54.3756
18099.0000 0.0717 79.8889 50.0000 31.8015 49.8550 53.7157
18100.0000 0.0688 79.4946 50.0000 32.2402 48.9031 53.7443
18101.0000 0.0666 79.6373 50.0000 32.3697 49.4595 53.3672
18102.0000 0.0669 79.5582 50.0000 32.2671 49.5033 53.2706
18103.0000 0.0654 79.5285 50.0000 32.5696 49.0988 53.4164
18104.0000 0.0625 79.5434 50.0000 32.8275 49.3432 53.0542
18105.0000 0.0671 80.0578 50.0000 32.6429 49.2953 53.9784
18106.0000 0.0704 80.2406 50.0000 32.7381 48.5368 54.8722
18107.0000 0.0716 80.3173 50.0000 32.5228 48.8151 54.8655
18108.0000 0.0687 80.6811 50.0000 32.8960 49.2418 54.7954
18109.0000 0.0745 80.9642 50.0000 32.5434 49.0646 55.5769
18110.0000 0.0705 80.5552 50.0000 32.6440 49.1617 54.8329
18111.0000 0.0686 80.0952 50.0000 32.9583 48.2869 54.7482
18112.0000 0.0650 80.2653 50.0000 33.4314 48.3714 54.6358
18113.0000 0.0718 81.0371 50.0000 32.8576 49.1351 55.4358
18114.0000 0.0750 81.1486 50.0000 32.5987 49.1002 55.7817
18115.0000 0.0693 80.5339 50.0000 33.2542 48.1827 55.3017
18116.0000 0.0703 80.1846 50.0000 32.9484 48.0865 55.0606
18117.0000 0.0688 79.8302 50.0000 33.0737 47.6661 54.8355
18118.0000 0.0710 79.8870 50.0000 32.7773 47.8631 54.9246
18119.0000 0.0818 80.5899 50.0000 31.8635 48.3857 56.0202
18120.0000 0.0864 80.3685 50.0000 31.7028 47.5933 56.4705
18121.0000 0.0788 80.2604 50.0000 32.0045 48.2569 55.5762
18122.0000 0.0784 80.0683 50.0000 31.9641 48.1504 55.4146
18123.0000 0.0863 80.2960 50.0000 31.4616 47.9029 56.2400
18124.0000 0.0812 80.0343 50.0000 31.9138 47.6953 55.7867
18125.0000 0.0826 80.0781 50.0000 31.9833 47.3953 56.0647
18126.0000 0.0814 80.1883 50.0000 32.1313 47.4946 56.0536
18127.0000 0.0816 80.1752 50.0000 31.8558 47.9073 55.8405
18128.0000 0.0806 80.3534 50.0000 32.0537 47.9630 55.9355
18129.0000 0.0781 79.9180 50.0000 32.2517 47.5213 55.5737
18130.0000 0.0708 78.6570 50.0000 32.6500 46.4995 54.3939
18131.0000 0.0703 78.9397 50.0000 32.6127 47.0091 54.3879
18132.0000 0.0739 78.8071 50.0000 32.0365 47.2005 54.3722
18133.0000 0.0663 78.3919 50.0000 32.4301 47.4197 53.3380
18134.0000 0.0644 78.2221 50.0000 32.8376 46.7803 53.4041
18135.0000 0.0723 78.7476 50.0000 32.0390 47.4293 54.0847
18136.0000 0.0706 78.3431 50.0000 32.4324 46.4892 54.0790
18137.0000 0.0650 78.3398 50.0000 32.8408 46.7995 53.5575
18138.0000 0.0643 77.8897 50.0000 32.8560 46.3011 53.3245
18139.0000 0.0602 78.1614 50.0000 33.5832 46.1558 53.3949
18140.0000 0.0579 77.7544 50.0000 33.6999 45.8292 53.0069
18141.0000 0.0566 77.8564 50.0000 34.0347 45.6371 53.1085
18142.0000 0.0643 78.3702 50.0000 33.4829 45.8753 54.0022
18143.0000 0.0616 78.5917 50.0000 33.8971 45.9473 54.0045
18144.0000 0.0549 78.1590 50.0000 34.4210 45.6989 53.2506
18145.0000 0.0527 78.0079 50.0000 34.5656 45.6697 52.9597
18146.0000 0.0540 77.8096 50.0000 34.0818 46.0008 52.6944
18147.0000 0.0493 77.7732 50.0000 34.4517 46.2349 52.1927
18148.0000 0.0561 78.4056 50.0000 34.0298 46.4936 53.1767
18149.0000 0.0540 78.1928 50.0000 33.9783 46.7373 52.6803
18150.0000 0.0546 78.0575 50.0000 33.7406 46.8849 52.5010
18151.0000 0.0480 77.7014 50.0000 34.4427 46.4699 51.8822
18152.0000 0.0486 77.6916 50.0000 33.9984 47.3267 51.3837
18153.0000 0.0494 77.8113 50.0000 33.7279 48.0844 51.0384
18154.0000 0.0509 78.6955 50.0000 33.9464 48.5400 51.8121
18155.0000 0.0485 78.4562 50.0000 34.3921 47.6518 51.9794
18156.0000 0.0501 78.7946 50.0000 34.4677 47.5642 52.5187
18157.0000 0.0559 78.8786 50.0000 33.8555 47.5780 53.0281
18158.0000 0.0520 78.7622 50.0000 34.4044 47.1884 52.8495
18159.0000 0.0534 78.6905 50.0000 34.1586 47.2462 52.8506
18160.0000 0.0569 78.9216 50.0000 33.8808 47.3323 53.2951
18161.0000 0.0581 79.1909 50.0000 34.0827 47.0778 53.7890
18162.0000 0.0557 78.9215 50.0000 33.8978 47.5881 53.0558
18163.0000 0.0539 78.4378 50.0000 34.2570 46.5711 53.0102
18164.0000 0.0582 78.6311 50.0000 33.9026 46.6074 53.4902
18165.0000 0.0590 78.9765 50.0000 33.6106 47.4989 53.3992
18166.0000 0.0607 78.8452 50.0000 33.3570 47.4321 53.4235
18167.0000 0.0580 79.0168 50.0000 33.5632 47.9052 53.1249
18168.0000 0.0573 79.5791 50.0000 34.0341 47.9071 53.6602
18169.0000 0.0581 79.4751 50.0000 33.9747 47.6854 53.7411
18170.0000 0.0525 79.4900 50.0000 34.4874 47.9908 53.1618
18171.0000 0.0526 79.1214 50.0000 34.5209 47.3377 53.1756
18172.0000 0.0593 79.7181 50.0000 34.8149 46.3133 54.7537
18173.0000 0.0662 79.7708 50.0000 34.0873 46.3670 55.2407
18174.0000 0.0550 79.2918 50.0000 34.7927 46.5686 53.9262
18175.0000 0.0485 79.1208 50.0000 35.3950 46.5763 53.2724
18176.0000 0.0481 78.9196 50.0000 34.9291 47.2745 52.6629
18177.0000 0.0433 78.6494 50.0000 35.4171 47.0636 52.1189
18178.0000 0.0412 78.0809 50.0000 35.5098 46.5301 51.6781
18179.0000 0.0400 78.3510 50.0000 35.6289 47.0128 51.5679
18180.0000 0.0502 79.0825 50.0000 35.2768 46.3788 53.4658
18181.0000 0.0448 78.9095 50.0000 35.8370 46.2600 52.9380
18182.0000 0.0423 78.9127 50.0000 35.8297 46.8529 52.4237
18183.0000 0.0419 78.9298 50.0000 35.5501 47.6137 51.9522
18184.0000 0.0429 78.5814 50.0000 35.2919 47.3358 51.8540
18185.0000 0.0499 78.8890 50.0000 35.0635 46.5536 53.1675
18186.0000 0.0453 78.5742 50.0000 35.3748 46.5410 52.5020
18187.0000 0.0471 78.3994 50.0000 35.2612 46.1090 52.6980
18188.0000 0.0466 78.4050 50.0000 35.1209 46.4814 52.4723
18189.0000 0.0464 77.9995 50.0000 35.0982 45.9903 52.3158
18190.0000 0.0478 77.7611 50.0000 34.9465 45.6232 52.3838
18191.0000 0.0431 77.3659 50.0000 35.2619 45.4904 51.6983
18192.0000 0.0410 77.5604 50.0000 35.7267 45.3736 51.7731
18193.0000 0.0501 77.9656 50.0000 35.1414 45.1503 52.9638
18194.0000 0.0565 78.1127 50.0000 34.6703 44.9834 53.6289
18195.0000 0.0625 77.9116 50.0000 34.4675 44.1198 54.1818
18196.0000 0.0678 77.7660 50.0000 34.3183 43.4384 54.6160
18197.0000 0.0640 77.4834 50.0000 34.5461 43.3209 54.1622
18198.0000 0.0620 77.2621 50.0000 34.6896 43.1385 53.8993
18199.0000 0.0625 77.5592 50.0000 34.5534 43.5885 54.0512
18200.0000 0.0580 77.3801 50.0000 34.3811 44.2709 53.3451
18201.0000 0.0582 77.3410 50.0000 34.3311 44.2633 53.3269
18202.0000 0.0621 77.2027 50.0000 34.8202 42.8826 53.9341
18203.0000 0.0588 77.3644 50.0000 34.8268 43.5085 53.6596
18204.0000 0.0576 77.3735 50.0000 35.2866 43.0770 53.7204
18205.0000 0.0564 77.5591 50.0000 35.5135 43.1496 53.7803
18206.0000 0.0538 77.6941 50.0000 35.5860 43.5712 53.5870
18207.0000 0.0582 77.3010 50.0000 35.8932 42.1433 53.9543
18208.0000 0.0637 77.6814 50.0000 36.0708 41.6942 54.7256
18209.0000 0.0649 77.7071 50.0000 35.4853 42.2699 54.7032
18210.0000 0.0687 78.4983 50.0000 36.0461 42.0288 55.6439
18211.0000 0.0653 78.5790 50.0000 36.2458 42.2677 55.4467
18212.0000 0.0599 78.4751 50.0000 36.3944 42.6357 54.9180
18213.0000 0.0578 78.7245 50.0000 37.0006 42.4400 55.0213
18214.0000 0.0567 78.3828 50.0000 36.9890 42.2125 54.7153
18215.0000 0.0594 78.4027 50.0000 36.7367 42.2090 54.9163
18216.0000 0.0549 78.0070 50.0000 36.8776 42.1520 54.2987
18217.0000 0.0535 78.5200 50.0000 37.6050 42.0412 54.6241
18218.0000 0.0506 78.8250 50.0000 38.4921 41.7259 54.6872
18219.0000 0.0522 78.9825 50.0000 38.1897 42.0345 54.8897
18220.0000 0.0493 78.6665 50.0000 37.7209 42.6028 54.3190
18221.0000 0.0515 78.7199 50.0000 37.8685 42.2037 54.6045
18222.0000 0.0503 78.9050 50.0000 38.3761 41.9812 54.6887
18223.0000 0.0502 79.0465 50.0000 38.9076 41.5581 54.8404
18224.0000 0.0456 78.6620 50.0000 39.3936 41.1927 54.2127
18225.0000 0.0422 78.3345 50.0000 38.9579 41.7480 53.6254
18226.0000 0.0459 78.2112 50.0000 38.9932 41.0975 53.9214
18227.0000 0.0391 78.4226 50.0000 38.8405 42.4029 53.3246
18228.0000 0.0372 78.1843 50.0000 39.1441 42.0653 53.0191
18229.0000 0.0380 78.7626 50.0000 39.2622 42.4507 53.4786
18230.0000 0.0437 78.8282 50.0000 39.0668 41.9630 54.0997
18231.0000 0.0444 78.7547 50.0000 38.6736 42.2422 54.0580
18232.0000 0.0453 78.4730 50.0000 38.2156 42.3330 53.9026
18233.0000 0.0447 78.1584 50.0000 38.0423 42.2755 53.6125
18234.0000 0.0479 78.3288 50.0000 38.3790 41.6557 54.1042
18235.0000 0.0463 78.4613 50.0000 38.8087 41.5225 54.0920
18236.0000 0.0407 78.3433 50.0000 38.8944 42.0319 53.4623
18237.0000 0.0428 78.2787 50.0000 38.6709 41.9250 53.6135
18238.0000 0.0442 78.4881 50.0000 38.2154 42.5092 53.7859
18239.0000 0.0428 78.5738 50.0000 38.4592 42.5068 53.7393
18240.0000 0.0458 78.1168 50.0000 38.3584 41.7173 53.7637
18241.0000 0.0385 77.9982 50.0000 38.6129 42.2811 52.9629
18242.0000 0.0388 77.8234 50.0000 38.7356 41.9058 52.9144
18243.0000 0.0383 77.6577 50.0000 38.0884 42.5536 52.6230
18244.0000 0.0437 77.6584 50.0000 37.5109 42.4880 53.0898
18245.0000 0.0362 77.8264 50.0000 38.3283 42.7684 52.5239
18246.0000 0.0323 78.2214 50.0000 38.8047 43.2629 52.3556
18247.0000 0.0345 78.6797 50.0000 38.6301 43.6572 52.8418
18248.0000 0.0290 78.2246 50.0000 39.0032 43.5765 51.9513
18249.0000 0.0301 78.1495 50.0000 38.0969 44.5385 51.6942
18250.0000 0.0314 78.4786 50.0000 37.7496 45.2639 51.8174
18251.0000 0.0351 78.3863 50.0000 37.1222 45.3783 52.0305
18252.0000 0.0301 77.9968 50.0000 37.2932 45.6804 51.0492
18253.0000 0.0298 78.1196 50.0000 37.3642 45.8069 51.0717
18254.0000 0.0252 77.9168 50.0000 37.9874 45.5498 50.5291
18255.0000 0.0252 77.2664 50.0000 37.6352 45.2516 50.0597
18256.0000 0.0237 77.3938 50.0000 37.7291 45.7154 49.7636
18257.0000 0.0208 77.0035 50.0000 38.0809 45.2740 49.2915
18258.0000 0.0215 77.4133 50.0000 38.3882 45.0958 49.8551
18259.0000 0.0173 77.1752 50.0000 38.9467 44.9458 49.1837
18260.0000 0.0193 77.3312 50.0000 38.4468 45.5509 49.2653
18261.0000 0.0176 77.2838 50.0000 38.6284 45.7277 48.8836
18262.0000 0.0168 77.3268 50.0000 38.8304 45.6340 48.8791
18263.0000 0.0153 77.3329 50.0000 38.9722 45.9680 48.4612
18264.0000 0.0137 77.4248 50.0000 39.2030 46.5191 47.8926
18265.0000 0.0158 77.7811 50.0000 38.9539 46.7869 48.4095
18266.0000 0.0138 77.4603 50.0000 39.1861 46.5428 47.9407
18267.0000 0.0158 77.5935 50.0000 38.8011 47.0012 48.0221
18268.0000 0.0153 77.4614 50.0000 38.7946 47.3129 47.5051
18269.0000 0.0161 77.5026 50.0000 38.7319 46.7617 48.1647
18270.0000 0.0180 77.8280 50.0000 38.6917 46.4300 49.0347
18271.0000 0.0167 77.6932 50.0000 38.8038 46.4902 48.6741
18272.0000 0.0150 77.2020 50.0000 38.8876 46.1565 48.1403
18273.0000 0.0176 76.9396 50.0000 38.2626 46.0475 48.3249
18274.0000 0.0176 76.3697 50.0000 37.9199 45.9541 47.7769
18275.0000 0.0166 76.1885 50.0000 38.0267 45.7878 47.5619
18276.0000 0.0142 76.3103 50.0000 38.4957 46.1262 47.0501
18277.0000 0.0129 76.8093 50.0000 39.0756 46.0042 47.5015
18278.0000 0.0181 77.1965 50.0000 38.2840 46.2859 48.4896
18279.0000 0.0174 77.0238 50.0000 38.3021 46.2439 48.2402
18280.0000 0.0188 77.2074 50.0000 38.2953 45.9123 48.8520
18281.0000 0.0216 77.4312 50.0000 37.8837 46.2224 49.2332
18282.0000 0.0222 77.1220 50.0000 37.8682 45.4578 49.4711
18283.0000 0.0191 77.2864 50.0000 38.6552 45.1080 49.4392
18284.0000 0.0213 77.0029 50.0000 38.0751 45.1099 49.4451
18285.0000 0.0308 77.0087 50.0000 37.2532 44.2056 50.8764
18286.0000 0.0264 76.8504 50.0000 37.7111 44.2002 50.3011
18287.0000 0.0221 77.3949 50.0000 38.3563 44.9511 49.9816
18288.0000 0.0254 77.7835 50.0000 38.2138 44.9090 50.7263
18289.0000 0.0299 77.5923 50.0000 37.0661 45.5716 50.6941
18290.0000 0.0290 77.5722 50.0000 37.3179 45.2870 50.7337
18291.0000 0.0295 77.2299 50.0000 37.6397 44.1482 50.9769
18292.0000 0.0278 77.2238 50.0000 37.7473 44.3465 50.7155
18293.0000 0.0317 77.6441 50.0000 37.4962 44.4895 51.4134
18294.0000 0.0344 77.2895 50.0000 36.9700 44.3007 51.4231
18295.0000 0.0327 77.2532 50.0000 37.1394 44.3249 51.2253
18296.0000 0.0368 77.0034 50.0000 36.3799 44.3770 51.3488
18297.0000 0.0372 77.0951 50.0000 36.3645 44.4418 51.4413
18298.0000 0.0389 77.0721 50.0000 36.1047 44.5035 51.5364
18299.0000 0.0473 77.4114 50.0000 35.2317 44.7710 52.4100
18300.0000 0.0551 77.8347 50.0000 34.8000 44.6681 53.4037
18301.0000 0.0498 77.3416 50.0000 34.7114 45.0721 52.3962
18302.0000 0.0486 77.1877 50.0000 35.2907 44.1711 52.5493
18303.0000 0.0536 77.6147 50.0000 35.0395 44.2707 53.2577
18304.0000 0.0484 77.7389 50.0000 35.1718 45.1118 52.6423
18305.0000 0.0532 78.2079 50.0000 34.9043 45.2919 53.3556
18306.0000 0.0518 77.9796 50.0000 34.5963 45.7557 52.8236
18307.0000 0.0488 77.9843 50.0000 34.9963 45.6466 52.6612
18308.0000 0.0485 77.8086 50.0000 35.6067 44.5046 52.9688
18309.0000 0.0462 77.6435 50.0000 35.5272 44.8077 52.5225
18310.0000 0.0495 77.2325 50.0000 35.5177 43.7561 52.8087
18311.0000 0.0450 77.0514 50.0000 35.5773 44.1792 52.1476
18312.0000 0.0507 77.0981 50.0000 35.3644 43.6278 52.8213
18313.0000 0.0539 77.3354 50.0000 35.1943 43.6672 53.2475
18314.0000 0.0470 77.3554 50.0000 36.0967 43.4781 52.8256
18315.0000 0.0412 76.7769 50.0000 36.2535 43.4797 51.8642
18316.0000 0.0447 76.4835 50.0000 35.8933 43.0700 52.0228
18317.0000 0.0462 76.3150 50.0000 35.2284 43.5676 51.8151
18318.0000 0.0430 76.5183 50.0000 35.6726 43.6965 51.7023
18319.0000 0.0441 76.3699 50.0000 35.4412 43.6781 51.6577
18320.0000 0.0472 76.4594 50.0000 35.5490 43.1274 52.1760
18321.0000 0.0439 76.0510 50.0000 35.4941 43.2232 51.5333
18322.0000 0.0451 75.7629 50.0000 35.0457 43.3266 51.3286
18323.0000 0.0521 76.1341 50.0000 34.9394 42.8582 52.3337
18324.0000 0.0566 76.0822 50.0000 34.4051 42.8871 52.5879
18325.0000 0.0565 76.0600 50.0000 34.8120 42.3200 52.7472
18326.0000 0.0549 75.9186 50.0000 34.8233 42.3625 52.5013
18327.0000 0.0520 76.2367 50.0000 34.9586 42.9686 52.3796
18328.0000 0.0462 76.2064 50.0000 35.2956 43.3351 51.8045
18329.0000 0.0471 76.2591 50.0000 35.7332 42.6470 52.1520
18330.0000 0.0486 75.9359 50.0000 35.2490 42.7066 51.9607
18331.0000 0.0508 75.6900 50.0000 34.6534 42.9079 51.8366
18332.0000 0.0590 76.2268 50.0000 34.7044 42.3239 53.0548
18333.0000 0.0521 75.9737 50.0000 35.1292 42.4095 52.3390
18334.0000 0.0444 75.2427 50.0000 36.0169 41.4739 51.4213
18335.0000 0.0424 74.9766 50.0000 35.6721 41.8965 50.9282
18336.0000 0.0405 74.6519 50.0000 35.4305 42.1347 50.4208
18337.0000 0.0426 74.5065 50.0000 35.1768 41.9721 50.5188
18338.0000 0.0487 74.7684 50.0000 34.6548 42.1095 51.1484
18339.0000 0.0478 74.9252 50.0000 34.7287 42.3188 51.1548
18340.0000 0.0497 75.3724 50.0000 34.6796 42.6546 51.5647
18341.0000 0.0477 75.2234 50.0000 35.0582 42.2385 51.4334
18342.0000 0.0466 75.3358 50.0000 35.2961 42.2129 51.4562
18343.0000 0.0465 75.2049 50.0000 34.8817 42.6436 51.1915
18344.0000 0.0456 75.4837 50.0000 35.2311 42.6295 51.3740
18345.0000 0.0487 75.7412 50.0000 34.8540 43.0115 51.6908
18346.0000 0.0486 75.6447 50.0000 34.9589 42.7540 51.6923
18347.0000 0.0484 75.1898 50.0000 34.6039 42.7398 51.2775
18348.0000 0.0501 75.8268 50.0000 34.7436 43.0472 51.8606
18349.0000 0.0539 75.7804 50.0000 34.5185 42.7540 52.1846
18350.0000 0.0505 75.8087 50.0000 34.4362 43.4122 51.7348
18351.0000 0.0498 75.7775 50.0000 34.4779 43.4317 51.6450
18352.0000 0.0474 75.5446 50.0000 34.3925 43.6711 51.1564
18353.0000 0.0520 75.7325 50.0000 34.2624 43.3435 51.7961
18354.0000 0.0510 75.3190 50.0000 34.3737 42.8251 51.5501
18355.0000 0.0476 75.5410 50.0000 34.7681 43.0554 51.4183
18356.0000 0.0478 75.2410 50.0000 35.3747 41.8205 51.5839
18357.0000 0.0478 75.7488 50.0000 35.5798 42.1515 51.9155
18358.0000 0.0443 75.6267 50.0000 35.8540 42.1528 51.5464
18359.0000 0.0368 75.3907 50.0000 36.4352 42.2472 50.7090
18360.0000 0.0427 75.9416 50.0000 36.0369 42.5281 51.5736
18361.0000 0.0392 75.7237 50.0000 36.8308 41.7484 51.3287
18362.0000 0.0408 75.7540 50.0000 36.7056 41.7150 51.4900
18363.0000 0.0376 75.8504 50.0000 37.0198 41.9020 51.2547
18364.0000 0.0338 75.4948 50.0000 37.2143 41.8168 50.6548
18365.0000 0.0317 74.9822 50.0000 37.8261 40.7848 50.2804
18366.0000 0.0330 75.5544 50.0000 38.1924 40.8208 50.8279
18367.0000 0.0378 75.6332 50.0000 37.9341 40.5257 51.3718
18368.0000 0.0290 75.8875 50.0000 38.5650 41.3729 50.5958
18369.0000 0.0265 75.5928 50.0000 38.7221 41.2363 50.1441
18370.0000 0.0302 75.6870 50.0000 38.3418 41.2180 50.5916
18371.0000 0.0261 75.5755 50.0000 38.2922 41.8171 49.9669
18372.0000 0.0266 75.7603 50.0000 38.6541 41.5044 50.2281
18373.0000 0.0305 75.7349 50.0000 37.6525 42.0708 50.4787
18374.0000 0.0335 75.8154 50.0000 37.2775 42.1583 50.8040
18375.0000 0.0329 75.6756 50.0000 36.9613 42.5152 50.5284
18376.0000 0.0318 75.8139 50.0000 37.2748 42.4491 50.5610
18377.0000 0.0317 75.6083 50.0000 37.2826 42.2021 50.4541
18378.0000 0.0326 75.9054 50.0000 37.4157 42.2328 50.7748
18379.0000 0.0432 76.1271 50.0000 36.7851 41.7027 51.9911
18380.0000 0.0502 76.5165 50.0000 36.2378 41.8649 52.8103
18381.0000 0.0498 76.1264 50.0000 36.3426 41.3625 52.5699
18382.0000 0.0408 75.8533 50.0000 36.4342 42.1714 51.4572
18383.0000 0.0391 76.1245 50.0000 36.4317 42.7675 51.3674
18384.0000 0.0361 76.0462 50.0000 36.7090 42.7894 51.0348
18385.0000 0.0342 76.2165 50.0000 37.0349 42.8664 50.9886
18386.0000 0.0349 76.1513 50.0000 36.5639 43.3358 50.8342
18387.0000 0.0386 76.2414 50.0000 36.5919 42.7675 51.4269
18388.0000 0.0349 76.2722 50.0000 37.2029 42.5782 51.1908
18389.0000 0.0372 76.1562 50.0000 37.0020 42.3499 51.3527
18390.0000 0.0350 76.4331 50.0000 37.4592 42.4297 51.3668
18391.0000 0.0383 76.4137 50.0000 37.2804 42.1243 51.7183
18392.0000 0.0331 76.5716 50.0000 38.0086 42.1834 51.3724
18393.0000 0.0307 76.3946 50.0000 37.7575 42.7076 50.8583
18394.0000 0.0286 76.0499 50.0000 37.8048 42.5766 50.4144
18395.0000 0.0255 76.0025 50.0000 38.1272 42.6606 50.0277
18396.0000 0.0232 75.8601 50.0000 38.2682 42.7435 49.6316
18397.0000 0.0264 76.1432 50.0000 38.0785 42.7241 50.2241
18398.0000 0.0256 75.8386 50.0000 38.1040 42.4648 49.9632
18399.0000 0.0263 75.6576 50.0000 38.2563 41.9255 50.0277
18400.0000 0.0246 75.5895 50.0000 38.8873 41.3534 49.9143
18401.0000 0.0215 75.5295 50.0000 39.2579 41.3826 49.5075
18402.0000 0.0244 75.7207 50.0000 38.8291 41.6196 49.9373
18403.0000 0.0308 75.4294 50.0000 38.1263 41.0755 50.4855
18404.0000 0.0259 75.2419 50.0000 37.8536 42.0194 49.6268
18405.0000 0.0276 75.1473 50.0000 37.6690 41.8348 49.7798
18406.0000 0.0306 75.5862 50.0000 37.3237 42.3106 50.2994
18407.0000 0.0298 75.7521 50.0000 37.3436 42.6391 50.2568
18408.0000 0.0279 75.8671 50.0000 37.3399 43.1405 50.0045
18409.0000 0.0283 75.5163 50.0000 37.3028 42.6775 49.8983
18410.0000 0.0345 75.6333 50.0000 36.7304 42.5087 50.6389
18411.0000 0.0347 75.7621 50.0000 36.5882 42.8433 50.6522
18412.0000 0.0365 76.0316 50.0000 36.9106 42.4197 51.1759
18413.0000 0.0407 76.4981 50.0000 37.4011 41.7237 52.0792
18414.0000 0.0469 76.4038 50.0000 36.5454 41.8019 52.4841
18415.0000 0.0452 76.3950 50.0000 37.0570 41.4002 52.4308
18416.0000 0.0455 76.4522 50.0000 36.8443 41.6800 52.4425
18417.0000 0.0494 76.2288 50.0000 36.4343 41.4165 52.6122
18418.0000 0.0497 76.6473 50.0000 36.4655 41.8107 52.8861
18419.0000 0.0500 76.6950 50.0000 35.9710 42.4425 52.7907
18420.0000 0.0497 76.9299 50.0000 36.3470 42.2757 53.0082
18421.0000 0.0542 77.1900 50.0000 36.4392 41.8682 53.6427
18422.0000 0.0607 77.4486 50.0000 35.5195 42.4645 54.1611
18423.0000 0.0619 77.3660 50.0000 35.0864 42.7648 54.0889
18424.0000 0.0675 77.2848 50.0000 34.8704 42.2531 54.5131
18425.0000 0.0675 77.3304 50.0000 34.3463 42.9529 54.3633
18426.0000 0.0639 77.3169 50.0000 34.6272 43.0402 54.0963
18427.0000 0.0656 77.6646 50.0000 35.0029 42.7349 54.5923
18428.0000 0.0736 77.7428 50.0000 34.6046 42.3563 55.2487
18429.0000 0.0680 77.5093 50.0000 34.8049 42.5193 54.6664
18430.0000 0.0651 77.1402 50.0000 34.8937 42.3497 54.2175
18431.0000 0.0570 76.9244 50.0000 34.8018 43.2715 53.2332
18432.0000 0.0595 77.6041 50.0000 34.6689 43.9134 53.7779
18433.0000 0.0534 77.2868 50.0000 35.1310 43.7701 53.1341
18434.0000 0.0530 77.2365 50.0000 34.9501 44.0359 52.9605
18435.0000 0.0507 77.3994 50.0000 35.0509 44.4536 52.7824
18436.0000 0.0552 77.7361 50.0000 34.5675 44.8691 53.2424
18437.0000 0.0534 77.5583 50.0000 34.8644 44.4940 53.1042
18438.0000 0.0563 77.8050 50.0000 34.9606 44.2082 53.6377
18439.0000 0.0523 77.6279 50.0000 35.0559 44.4742 53.0963
18440.0000 0.0517 77.8205 50.0000 35.2887 44.4688 53.2284
18441.0000 0.0489 77.8371 50.0000 35.6929 44.3512 53.0811
18442.0000 0.0533 77.5328 50.0000 35.0741 44.1744 53.1955
18443.0000 0.0476 77.8332 50.0000 35.3657 45.0533 52.7017
18444.0000 0.0412 77.5587 50.0000 35.6727 45.4380 51.7513
18445.0000 0.0407 77.1074 50.0000 35.5711 45.0831 51.4565
18446.0000 0.0410 77.0119 50.0000 35.0566 45.8588 50.9788
18447.0000 0.0417 77.2175 50.0000 35.1098 45.9024 51.2135
18448.0000 0.0457 77.5416 50.0000 35.4493 44.8908 52.3533
18449.0000 0.0491 77.8952 50.0000 35.5124 44.6526 53.0347
18450.0000 0.0445 77.7170 50.0000 35.7163 44.9116 52.4140
18451.0000 0.0416 77.2690 50.0000 36.1801 44.1339 52.0931
18452.0000 0.0431 77.0396 50.0000 35.9228 43.9747 52.0661
18453.0000 0.0456 77.2138 50.0000 35.2663 44.7709 52.0944
18454.0000 0.0430 77.1977 50.0000 35.7343 44.4865 51.9952
18455.0000 0.0472 77.6540 50.0000 35.1653 45.2295 52.4198
18456.0000 0.0470 77.4585 50.0000 35.4284 44.5875 52.5034
18457.0000 0.0445 76.9430 50.0000 35.4434 44.3316 51.9491
18458.0000 0.0400 76.6237 50.0000 35.4355 44.7883 51.0835
18459.0000 0.0390 76.4509 50.0000 35.5399 44.5866 50.9282
18460.0000 0.0439 76.4592 50.0000 34.8454 44.8024 51.2304
18461.0000 0.0443 76.2251 50.0000 34.3429 45.3265 50.7577
18462.0000 0.0443 76.3246 50.0000 34.5089 45.1499 50.9516
18463.0000 0.0513 76.7382 50.0000 34.0674 45.0819 51.9210
18464.0000 0.0505 76.5446 50.0000 34.4731 44.2934 52.0459
18465.0000 0.0497 76.3779 50.0000 34.5465 44.0959 51.9199
18466.0000 0.0482 76.1547 50.0000 34.8109 43.6640 51.7803
18467.0000 0.0424 76.0858 50.0000 35.3857 43.6878 51.2668
18468.0000 0.0414 76.2014 50.0000 35.3973 44.0135 51.1516
18469.0000 0.0383 75.8879 50.0000 35.4462 44.1126 50.5629
18470.0000 0.0391 75.8592 50.0000 35.1256 44.4663 50.4337
18471.0000 0.0402 75.7426 50.0000 34.9926 44.3108 50.4877
18472.0000 0.0384 75.6700 50.0000 34.9057 44.7568 50.0437
18473.0000 0.0371 75.7630 50.0000 35.1049 44.8349 49.9751
18474.0000 0.0437 76.2324 50.0000 34.6759 44.8341 50.9791
18475.0000 0.0423 76.0612 50.0000 34.7060 44.8281 50.7073
18476.0000 0.0366 76.0575 50.0000 34.9609 45.7722 49.6728
18477.0000 0.0359 75.7355 50.0000 34.9827 45.3927 49.5135
18478.0000 0.0334 76.0953 50.0000 35.5530 45.4116 49.6414
18479.0000 0.0336 75.9948 50.0000 35.4868 45.3297 49.6097
18480.0000 0.0309 75.6348 50.0000 35.6864 45.0795 49.1421
18481.0000 0.0358 75.8226 50.0000 35.0165 45.4940 49.5299
18482.0000 0.0315 75.6503 50.0000 35.3906 45.6891 48.8159
18483.0000 0.0359 75.8225 50.0000 34.9153 45.7027 49.4089
18484.0000 0.0435 76.1017 50.0000 34.1233 45.8203 50.2749
18485.0000 0.0422 76.1266 50.0000 34.4016 45.5669 50.3532
18486.0000 0.0396 76.2208 50.0000 34.5372 46.1984 49.8248
18487.0000 0.0399 76.0612 50.0000 34.3527 46.3000 49.6137
18488.0000 0.0393 75.9515 50.0000 34.2991 46.4758 49.3174
18489.0000 0.0396 76.1624 50.0000 34.3306 46.7022 49.4066
18490.0000 0.0398 76.0285 50.0000 34.3725 46.2035 49.6398
18491.0000 0.0415 76.1236 50.0000 34.4459 45.6684 50.2263
18492.0000 0.0334 75.7888 50.0000 35.4281 45.1780 49.4746
18493.0000 0.0330 75.3515 50.0000 35.2821 44.9232 49.1420
18494.0000 0.0317 75.5746 50.0000 35.4975 45.1863 49.0882
18495.0000 0.0320 75.7669 50.0000 35.5104 45.3872 49.1898
18496.0000 0.0344 75.6746 50.0000 35.5753 44.4209 49.8781
18497.0000 0.0359 75.8495 50.0000 35.7497 44.0418 50.3530
18498.0000 0.0320 75.7526 50.0000 36.0232 44.2732 49.8063
18499.0000 0.0352 75.8347 50.0000 35.5671 44.5050 50.0519
18500.0000 0.0293 75.6778 50.0000 35.9038 45.1739 48.9630
18501.0000 0.0280 75.5000 50.0000 35.9530 45.1912 48.6353
18502.0000 0.0319 75.2184 50.0000 35.5141 44.4899 49.1651
18503.0000 0.0369 75.0124 50.0000 34.7356 44.4813 49.4138
18504.0000 0.0399 75.3893 50.0000 34.5034 44.7761 49.8816
18505.0000 0.0373 75.3555 50.0000 34.6096 45.1964 49.3753
18506.0000 0.0400 75.2648 50.0000 34.5922 44.4028 49.9656
18507.0000 0.0413 75.2440 50.0000 34.3605 44.5258 49.9847
18508.0000 0.0470 75.6557 50.0000 33.8698 44.7946 50.6958
18509.0000 0.0458 75.6629 50.0000 33.9532 44.9138 50.5451
18510.0000 0.0488 76.0208 50.0000 33.5937 45.4868 50.8092
18511.0000 0.0477 75.9215 50.0000 33.6397 45.4998 50.6183
18512.0000 0.0486 76.1827 50.0000 33.6318 45.6925 50.8419
18513.0000 0.0497 76.2872 50.0000 33.5502 45.7777 50.9757
18514.0000 0.0544 76.5130 50.0000 33.3598 45.4264 51.7475
18515.0000 0.0518 76.6731 50.0000 33.5251 45.9084 51.4514
18516.0000 0.0540 76.6475 50.0000 33.4569 45.5207 51.8011
18517.0000 0.0630 77.2915 50.0000 33.3150 44.9835 53.2971
18518.0000 0.0708 77.4385 50.0000 32.8854 44.6304 54.0685
18519.0000 0.0654 77.3622 50.0000 33.3166 44.6992 53.6366
18520.0000 0.0651 77.0559 50.0000 33.1105 44.6831 53.3361
18521.0000 0.0560 76.9710 50.0000 33.5806 45.3538 52.3441
18522.0000 0.0561 77.2328 50.0000 33.4974 45.8305 52.3679
18523.0000 0.0600 77.0481 50.0000 33.2673 45.2559 52.7409
18524.0000 0.0624 77.5260 50.0000 32.9125 46.0652 52.9627
18525.0000 0.0655 77.4256 50.0000 32.7225 45.6991 53.2500
18526.0000 0.0570 76.9033 50.0000 33.1445 45.8449 52.0941
18527.0000 0.0557 76.6084 50.0000 33.2522 45.5063 51.8875
18528.0000 0.0544 76.5283 50.0000 33.6333 44.9529 52.0058
18529.0000 0.0595 76.7677 50.0000 33.2385 45.0239 52.5483
18530.0000 0.0584 76.7936 50.0000 33.0482 45.5876 52.2193
18531.0000 0.0594 76.9965 50.0000 32.4947 46.8037 51.7878
18532.0000 0.0540 76.7943 50.0000 32.9865 46.7562 51.2163
18533.0000 0.0602 77.0301 50.0000 32.4089 46.8507 51.8490
18534.0000 0.0569 76.7040 50.0000 32.6050 46.7186 51.3594
18535.0000 0.0555 76.5355 50.0000 32.8276 46.2956 51.3493
18536.0000 0.0576 76.7195 50.0000 32.7119 46.3318 51.6641
18537.0000 0.0543 76.2173 50.0000 32.9488 45.8276 51.2181
18538.0000 0.0535 76.2365 50.0000 32.9646 46.0341 51.0510
18539.0000 0.0461 76.1037 50.0000 33.6203 46.2978 50.1793
18540.0000 0.0478 76.2186 50.0000 33.4849 46.3077 50.4344
18541.0000 0.0522 76.6203 50.0000 32.8955 47.2514 50.5555
18542.0000 0.0489 76.6601 50.0000 33.1696 47.8544 49.8648
18543.0000 0.0444 76.3242 50.0000 33.7131 47.0757 49.7261
18544.0000 0.0454 76.0931 50.0000 33.4713 47.0161 49.5915
18545.0000 0.0436 76.4059 50.0000 33.8036 47.3178 49.5601
18546.0000 0.0516 76.5407 50.0000 32.6836 48.3201 49.5522
18547.0000 0.0495 76.4775 50.0000 32.9360 48.1543 49.4489
18548.0000 0.0450 76.2146 50.0000 33.4616 47.6092 49.2173
18549.0000 0.0464 76.4592 50.0000 33.4557 47.4403 49.7608
18550.0000 0.0500 76.2874 50.0000 32.9127 47.4087 49.8893
18551.0000 0.0515 76.4931 50.0000 32.9860 46.9962 50.5419
18552.0000 0.0527 76.6814 50.0000 32.9990 46.8965 50.9100
18553.0000 0.0561 76.7527 50.0000 33.1033 45.8992 51.8499
18554.0000 0.0522 76.3431 50.0000 33.4931 45.3929 51.4389
18555.0000 0.0591 76.3854 50.0000 32.7003 45.5350 51.8844
18556.0000 0.0592 76.3908 50.0000 32.5510 45.8153 51.7391
18557.0000 0.0583 76.0647 50.0000 32.6727 45.2943 51.6407
18558.0000 0.0554 76.4774 50.0000 32.7628 46.3929 51.2161
18559.0000 0.0579 76.8210 50.0000 32.9315 45.9610 52.0055
18560.0000 0.0524 76.8755 50.0000 33.2280 46.7479 51.1895
18561.0000 0.0555 77.1228 50.0000 33.3241 46.1448 52.0393
18562.0000 0.0585 77.2190 50.0000 33.4645 45.4142 52.7300
18563.0000 0.0640 77.3916 50.0000 33.2825 45.0067 53.4428
18564.0000 0.0647 77.3374 50.0000 33.2197 44.9192 53.4770
18565.0000 0.0611 76.9801 50.0000 33.6326 44.4028 53.1335
18566.0000 0.0637 76.9066 50.0000 33.1639 44.6207 53.1392
18567.0000 0.0610 76.7055 50.0000 33.4735 44.3323 52.8952
18568.0000 0.0675 77.0158 50.0000 32.9996 44.4370 53.5520
18569.0000 0.0600 77.1953 50.0000 33.5939 44.9152 53.0394
18570.0000 0.0616 77.3870 50.0000 33.2820 45.3868 53.1140
18571.0000 0.0569 77.2844 50.0000 33.4142 45.9052 52.4318
18572.0000 0.0556 77.3829 50.0000 33.5999 45.9526 52.4167
18573.0000 0.0586 77.0845 50.0000 33.1586 45.7594 52.4272
18574.0000 0.0547 76.6101 50.0000 33.4872 45.2733 51.9426
18575.0000 0.0557 76.6279 50.0000 33.6991 44.7392 52.2935
18576.0000 0.0542 76.7410 50.0000 33.9612 44.7237 52.3032
18577.0000 0.0551 77.1296 50.0000 33.7763 45.3966 52.4145
18578.0000 0.0575 77.3356 50.0000 33.9171 44.9933 52.9719
18579.0000 0.0495 76.8137 50.0000 34.3551 45.0348 51.8840
18580.0000 0.0454 76.9371 50.0000 34.9088 45.0530 51.6810
18581.0000 0.0440 77.1270 50.0000 34.9290 45.5821 51.4861
18582.0000 0.0460 77.4757 50.0000 35.0153 45.4744 52.0432
18583.0000 0.0503 77.7862 50.0000 34.7643 45.4803 52.6657
18584.0000 0.0487 77.7142 50.0000 35.1036 45.1290 52.6365
18585.0000 0.0508 77.9790 50.0000 35.2682 44.8338 53.1678
18586.0000 0.0485 77.9281 50.0000 35.5744 44.7053 52.9971
18587.0000 0.0437 77.5802 50.0000 36.1932 44.1561 52.5260
18588.0000 0.0520 78.2173 50.0000 35.7568 44.2313 53.6935
18589.0000 0.0489 77.9452 50.0000 35.4960 44.7786 53.0129
18590.0000 0.0459 77.4947 50.0000 35.4956 44.7286 52.3912
18591.0000 0.0471 77.4107 50.0000 35.1936 44.8698 52.3501
18592.0000 0.0469 77.5544 50.0000 35.6870 44.3334 52.6846
18593.0000 0.0433 77.3483 50.0000 36.2127 43.8925 52.3913
18594.0000 0.0451 77.7746 50.0000 35.7732 44.7965 52.5590
18595.0000 0.0440 77.6139 50.0000 35.8800 44.6144 52.4032
18596.0000 0.0447 77.6021 50.0000 35.4057 45.2383 52.1729
18597.0000 0.0486 77.7429 50.0000 35.1151 45.1622 52.6428
18598.0000 0.0462 77.5833 50.0000 35.3388 45.0255 52.3740
18599.0000 0.0485 77.6079 50.0000 35.2345 44.8213 52.6552
18600.0000 0.0410 77.4350 50.0000 35.7268 45.1986 51.7384
18601.0000 0.0404 77.4340 50.0000 35.8509 45.1095 51.7289
18602.0000 0.0379 77.2091 50.0000 35.9533 45.1638 51.2721
18603.0000 0.0352 77.0194 50.0000 36.1157 45.2059 50.8338
18604.0000 0.0384 77.6532 50.0000 35.9082 45.7610 51.4447
18605.0000 0.0326 77.2136 50.0000 36.2419 45.9517 50.3677
18606.0000 0.0411 77.3287 50.0000 35.3441 45.7405 51.3647
18607.0000 0.0468 77.6077 50.0000 34.8928 45.7202 52.1067
18608.0000 0.0404 77.4464 50.0000 35.4463 45.8933 51.3353
18609.0000 0.0332 77.3449 50.0000 36.3391 45.7667 50.6668
18610.0000 0.0428 77.6270 50.0000 35.4697 45.5516 51.8932
18611.0000 0.0444 77.1499 50.0000 35.0973 45.2003 51.7419
18612.0000 0.0457 77.3258 50.0000 35.2520 44.9248 52.1377
18613.0000 0.0475 77.4033 50.0000 35.4063 44.4636 52.5418
18614.0000 0.0483 77.8210 50.0000 35.3907 44.8800 52.8147
18615.0000 0.0459 77.7977 50.0000 35.6389 44.8806 52.6126
18616.0000 0.0451 78.0238 50.0000 35.7216 45.1956 52.6217
18617.0000 0.0416 77.9748 50.0000 35.7419 45.7993 52.0097
18618.0000 0.0411 77.9899 50.0000 35.9108 45.6462 52.0506
18619.0000 0.0435 78.2427 50.0000 35.4438 46.3304 52.1454
18620.0000 0.0456 78.1012 50.0000 35.0356 46.4220 52.1277
18621.0000 0.0488 78.3498 50.0000 34.8188 46.4778 52.5942
18622.0000 0.0499 78.8070 50.0000 35.4462 45.7822 53.4613
18623.0000 0.0539 78.6880 50.0000 35.3762 45.0558 53.9472
18624.0000 0.0590 78.7774 50.0000 35.0739 44.8138 54.4742
18625.0000 0.0611 78.4652 50.0000 34.9109 44.3611 54.4987
18626.0000 0.0592 78.4496 50.0000 34.7149 44.8985 54.1603
18627.0000 0.0594 78.4257 50.0000 34.9347 44.5320 54.2868
18628.0000 0.0557 78.1364 50.0000 34.9678 44.6969 53.7098
18629.0000 0.0433 77.6931 50.0000 35.9985 44.6527 52.4068
18630.0000 0.0460 77.8203 50.0000 35.6213 44.9321 52.6140
18631.0000 0.0497 78.3052 50.0000 35.7394 44.7319 53.4178
18632.0000 0.0494 78.2530 50.0000 35.9686 44.3745 53.4854
18633.0000 0.0546 78.9448 50.0000 36.0120 44.3552 54.4797
18634.0000 0.0563 78.4064 50.0000 35.9228 43.6119 54.3611
18635.0000 0.0602 78.6771 50.0000 36.1336 43.1401 54.9852
18636.0000 0.0546 78.4612 50.0000 36.3848 43.3079 54.3758
18637.0000 0.0573 78.5099 50.0000 36.0540 43.4229 54.5743
18638.0000 0.0560 78.8033 50.0000 35.9831 44.0259 54.5609
18639.0000 0.0510 78.4925 50.0000 36.5841 43.5845 54.0653
18640.0000 0.0588 78.7285 50.0000 36.0104 43.5339 54.8291
18641.0000 0.0642 78.6076 50.0000 35.9688 42.7631 55.2876
18642.0000 0.0702 78.8428 50.0000 35.5158 42.8493 55.8459
18643.0000 0.0721 78.8168 50.0000 35.2914 42.8721 55.9338
18644.0000 0.0638 78.7257 50.0000 35.4400 43.6048 55.1395
18645.0000 0.0663 79.0745 50.0000 35.2988 43.8494 55.5337
18646.0000 0.0646 78.9912 50.0000 35.0389 44.3124 55.2114
18647.0000 0.0593 78.6829 50.0000 35.4379 44.1567 54.6383
18648.0000 0.0636 78.9159 50.0000 35.5493 43.6983 55.2668
18649.0000 0.0616 79.2763 50.0000 35.6075 44.2994 55.2666
18650.0000 0.0678 79.9618 50.0000 35.3957 44.5362 56.1922
18651.0000 0.0653 79.3330 50.0000 34.8949 44.8085 55.3919
18652.0000 0.0671 78.9069 50.0000 34.7784 44.2322 55.3197
18653.0000 0.0714 78.4019 50.0000 33.9160 44.2279 55.1403
18654.0000 0.0781 78.6364 50.0000 33.5727 44.0926 55.7889
18655.0000 0.0800 78.9743 50.0000 33.1024 44.8588 55.9362
18656.0000 0.0766 79.1239 50.0000 32.9262 45.7279 55.5466
18657.0000 0.0755 78.8374 50.0000 33.0948 45.3123 55.3792
18658.0000 0.0735 79.2612 50.0000 33.6515 45.2939 55.6630
18659.0000 0.0746 79.1296 50.0000 33.3546 45.4132 55.5573
18660.0000 0.0725 79.2725 50.0000 33.6469 45.4604 55.5461
18661.0000 0.0742 79.2840 50.0000 34.1466 44.5654 55.9812
18662.0000 0.0808 79.2171 50.0000 33.9932 43.8790 56.5194
18663.0000 0.0742 79.0820 50.0000 33.7641 44.8484 55.7007
18664.0000 0.0716 78.8206 50.0000 33.8147 44.8281 55.3145
18665.0000 0.0640 78.3155 50.0000 34.1345 44.8541 54.3715
18666.0000 0.0584 78.1689 50.0000 34.5210 44.9679 53.8196
18667.0000 0.0607 77.7546 50.0000 34.7242 43.8339 54.0241
18668.0000 0.0555 78.0614 50.0000 35.7457 43.5534 54.0270
18669.0000 0.0597 77.9511 50.0000 35.4045 43.3025 54.2935
18670.0000 0.0529 77.8271 50.0000 35.5921 43.8524 53.5465
18671.0000 0.0530 77.3890 50.0000 35.9489 42.8508 53.4840
18672.0000 0.0446 77.7174 50.0000 36.5636 43.6554 52.8894
18673.0000 0.0443 77.4269 50.0000 36.2993 43.7066 52.6024
18674.0000 0.0424 76.6601 50.0000 36.0176 43.4787 51.8567
18675.0000 0.0471 76.6317 50.0000 35.6532 43.2127 52.2870
18676.0000 0.0471 76.5685 50.0000 35.2317 43.7298 52.0497
18677.0000 0.0466 76.5288 50.0000 35.4939 43.3839 52.1026
18678.0000 0.0460 76.4180 50.0000 35.6495 43.1163 52.0557
18679.0000 0.0469 76.3326 50.0000 35.7480 42.7471 52.1674
18680.0000 0.0537 76.0999 50.0000 34.7027 42.9099 52.3990
18681.0000 0.0507 76.0576 50.0000 34.9343 42.9685 52.1351
18682.0000 0.0414 75.6615 50.0000 35.6177 42.9687 51.0855
18683.0000 0.0428 75.8245 50.0000 35.5410 43.0521 51.3099
18684.0000 0.0364 76.2108 50.0000 36.1553 43.7541 50.8572
18685.0000 0.0374 76.0216 50.0000 36.6075 42.6840 51.1590
18686.0000 0.0438 76.4174 50.0000 36.4667 42.3599 52.1098
18687.0000 0.0416 76.8356 50.0000 36.7559 42.7912 52.1693
18688.0000 0.0449 77.0360 50.0000 36.1782 43.3075 52.4418
18689.0000 0.0318 76.6270 50.0000 36.6292 44.5053 50.4903
18690.0000 0.0343 76.6900 50.0000 36.5326 44.2134 50.9107
18691.0000 0.0315 76.2891 50.0000 36.4417 44.4099 50.1976
18692.0000 0.0315 76.7876 50.0000 36.4914 45.0462 50.3544
18693.0000 0.0358 76.9985 50.0000 36.1668 44.9313 51.0090
18694.0000 0.0378 77.1301 50.0000 36.4030 44.3051 51.5843
18695.0000 0.0360 77.0055 50.0000 36.8360 43.8285 51.4977
18696.0000 0.0289 76.4904 50.0000 37.1564 44.0649 50.2839
18697.0000 0.0333 76.6903 50.0000 37.0818 43.5610 51.0763
18698.0000 0.0351 76.7964 50.0000 36.9572 43.5426 51.3409
18699.0000 0.0351 76.5509 50.0000 37.1003 43.0355 51.2986
18700.0000 0.0381 76.6330 50.0000 36.6003 43.3319 51.5303
18701.0000 0.0330 76.4220 50.0000 37.3368 42.9147 51.0354
18702.0000 0.0311 76.4819 50.0000 37.2372 43.4658 50.7306
18703.0000 0.0338 76.6745 50.0000 36.6819 44.0423 50.9283
18704.0000 0.0396 76.7218 50.0000 35.7752 44.4269 51.3091
18705.0000 0.0412 76.7438 50.0000 35.9526 43.8772 51.6895
18706.0000 0.0432 77.1887 50.0000 35.9908 44.0363 52.1877
18707.0000 0.0451 77.5977 50.0000 36.0929 44.0935 52.6732
18708.0000 0.0501 78.0320 50.0000 35.8349 44.1924 53.4031
18709.0000 0.0574 78.0986 50.0000 34.7537 44.6944 53.7957
18710.0000 0.0547 78.1948 50.0000 34.9205 45.0006 53.5717
18711.0000 0.0577 78.1117 50.0000 35.3925 43.7765 54.1519
18712.0000 0.0616 78.1790 50.0000 35.5401 43.1435 54.6580
18713.0000 0.0598 78.5367 50.0000 35.8528 43.3833 54.7767
18714.0000 0.0642 77.9833 50.0000 35.5814 42.5509 54.8158
18715.0000 0.0696 78.1125 50.0000 34.9075 42.8624 55.1891
18716.0000 0.0556 77.5929 50.0000 35.8341 42.8845 53.8284
18717.0000 0.0639 77.9214 50.0000 35.8860 42.1487 54.8400
18718.0000 0.0626 77.8155 50.0000 36.1787 41.8379 54.7351
18719.0000 0.0629 77.8693 50.0000 36.2235 41.8089 54.8043
18720.0000 0.0635 77.8844 50.0000 36.1572 41.8378 54.8474
18721.0000 0.0626 77.8052 50.0000 36.1173 41.9053 54.7096
18722.0000 0.0640 78.1143 50.0000 36.0933 42.0990 55.0163
18723.0000 0.0609 77.8697 50.0000 36.1961 42.0817 54.6137
18724.0000 0.0703 78.5518 50.0000 35.2480 42.8491 55.6051
18725.0000 0.0696 78.3523 50.0000 35.7350 42.1361 55.5576
18726.0000 0.0706 78.4257 50.0000 35.4218 42.4701 55.6073
18727.0000 0.0712 78.6209 50.0000 35.1496 42.9317 55.7012
18728.0000 0.0654 78.1112 50.0000 35.4155 42.7427 54.9559
18729.0000 0.0636 77.7263 50.0000 35.4415 42.5026 54.5784
18730.0000 0.0650 78.0109 50.0000 35.0492 43.1350 54.7415
18731.0000 0.0653 77.7729 50.0000 35.4443 42.3495 54.7617
18732.0000 0.0673 77.6640 50.0000 35.0976 42.4105 54.7833
18733.0000 0.0611 77.5039 50.0000 34.8554 43.3204 53.9935
18734.0000 0.0582 77.5356 50.0000 35.4096 43.0126 53.9245
18735.0000 0.0558 77.2819 50.0000 35.6612 42.7287 53.6193
18736.0000 0.0513 77.2252 50.0000 35.9585 42.8842 53.2134
18737.0000 0.0510 77.3247 50.0000 36.1656 42.7786 53.3025
18738.0000 0.0527 77.3090 50.0000 36.4227 42.2149 53.5535
18739.0000 0.0433 76.8967 50.0000 36.6842 42.7048 52.3801
18740.0000 0.0473 77.2210 50.0000 36.8899 42.2574 53.0709
18741.0000 0.0424 77.3576 50.0000 36.8398 43.1771 52.5620
18742.0000 0.0416 77.3713 50.0000 37.0666 43.0226 52.5494
18743.0000 0.0350 77.0514 50.0000 37.3477 43.3274 51.6218
18744.0000 0.0339 76.7834 50.0000 36.9298 43.7884 51.1318
18745.0000 0.0345 76.9955 50.0000 37.6262 42.9583 51.6445
18746.0000 0.0414 77.7038 50.0000 37.3558 43.0747 52.7921
18747.0000 0.0417 77.9452 50.0000 37.4695 43.1530 53.0029
18748.0000 0.0496 78.3715 50.0000 36.8349 43.3281 53.9255
18749.0000 0.0500 78.2344 50.0000 36.9057 43.0251 53.9207
18750.0000 0.0507 78.2510 50.0000 36.7790 43.1056 53.9669
18751.0000 0.0547 78.2169 50.0000 36.3527 43.0638 54.2390
18752.0000 0.0592 78.8417 50.0000 36.3519 43.1796 55.0461
18753.0000 0.0541 78.4509 50.0000 36.8306 42.8151 54.4510
18754.0000 0.0499 78.0516 50.0000 37.0053 42.7003 53.8456
18755.0000 0.0481 77.8198 50.0000 37.3745 42.2359 53.6209
18756.0000 0.0429 77.6109 50.0000 37.9102 42.0648 53.0737
18757.0000 0.0438 77.4685 50.0000 37.2591 42.5698 52.9239
18758.0000 0.0441 77.6705 50.0000 37.8789 41.9951 53.2382
18759.0000 0.0445 78.0248 50.0000 37.9016 42.3177 53.4840
18760.0000 0.0429 77.7727 50.0000 37.5530 42.6842 53.0700
18761.0000 0.0405 77.6437 50.0000 37.8518 42.5064 52.8109
18762.0000 0.0325 77.4831 50.0000 37.7702 43.7095 51.6384
18763.0000 0.0369 77.9494 50.0000 37.8150 43.4722 52.5006
18764.0000 0.0304 77.6650 50.0000 38.1187 43.8262 51.5565
18765.0000 0.0313 77.7278 50.0000 38.5422 43.1671 51.8914
18766.0000 0.0360 77.6047 50.0000 37.7052 43.3499 52.1689
18767.0000 0.0399 77.8464 50.0000 37.9459 42.7155 52.8729
18768.0000 0.0368 77.5830 50.0000 37.8762 42.9606 52.3345
18769.0000 0.0396 77.8221 50.0000 37.7913 42.9233 52.7795
18770.0000 0.0424 77.9346 50.0000 37.5638 42.9296 53.1019
18771.0000 0.0485 78.1484 50.0000 37.5884 42.2938 53.9028
18772.0000 0.0553 78.4820 50.0000 37.5797 41.8056 54.7676
18773.0000 0.0483 78.4287 50.0000 37.8189 42.3547 54.1006
18774.0000 0.0412 77.8578 50.0000 37.5198 43.0637 52.9115
18775.0000 0.0489 78.2154 50.0000 37.4075 42.5244 53.9445
18776.0000 0.0434 77.6703 50.0000 37.5872 42.4489 53.0845
18777.0000 0.0436 77.8827 50.0000 37.4165 42.8787 53.1708
18778.0000 0.0458 77.5528 50.0000 38.0641 41.4370 53.3716
18779.0000 0.0483 77.5162 50.0000 38.0250 41.1235 53.5884
18780.0000 0.0524 77.7126 50.0000 37.8996 40.9770 54.0718
18781.0000 0.0554 77.6160 50.0000 37.3531 41.1226 54.2026
18782.0000 0.0609 77.6943 50.0000 37.3576 40.5780 54.7197
18783.0000 0.0562 77.4697 50.0000 36.8260 41.4673 54.0912
18784.0000 0.0528 78.1046 50.0000 37.6084 41.6746 54.3063
18785.0000 0.0505 78.1448 50.0000 37.5223 42.1086 54.0883
18786.0000 0.0531 77.8812 50.0000 37.4781 41.5392 54.1791
18787.0000 0.0558 78.1894 50.0000 37.1080 41.9704 54.5441
18788.0000 0.0477 77.6473 50.0000 36.8670 42.7114 53.3448
18789.0000 0.0478 77.6448 50.0000 36.6530 42.9665 53.2837
18790.0000 0.0480 77.4261 50.0000 36.9250 42.3453 53.2750
18791.0000 0.0493 77.1685 50.0000 36.5769 42.3064 53.1722
18792.0000 0.0467 77.3946 50.0000 36.6248 42.8660 53.0194
18793.0000 0.0457 77.3474 50.0000 36.8221 42.7065 52.9426
18794.0000 0.0457 77.3884 50.0000 37.0928 42.4116 53.0503
18795.0000 0.0482 77.5805 50.0000 36.6440 42.8540 53.2868
18796.0000 0.0503 77.5343 50.0000 37.1146 41.9340 53.6248
18797.0000 0.0493 78.3044 50.0000 37.6639 42.2741 54.0918
18798.0000 0.0584 78.7328 50.0000 37.3767 41.9445 55.1589
18799.0000 0.0626 78.6240 50.0000 36.9139 41.8542 55.3835
18800.0000 0.0599 78.3022 50.0000 37.2718 41.4217 55.0117
18801.0000 0.0562 78.4584 50.0000 37.8506 41.3732 54.8754
18802.0000 0.0511 78.6279 50.0000 38.0397 41.9623 54.5389
18803.0000 0.0582 79.1163 50.0000 37.7517 41.9502 55.4471
18804.0000 0.0589 79.2604 50.0000 38.4523 41.2461 55.6991
18805.0000 0.0604 78.9979 50.0000 38.2909 40.9800 55.6338
18806.0000 0.0672 79.7940 50.0000 37.8769 41.5032 56.6560
18807.0000 0.0664 79.3398 50.0000 38.7345 40.2149 56.3667
18808.0000 0.0694 79.5778 50.0000 38.3563 40.5357 56.7298
18809.0000 0.0672 79.3312 50.0000 38.0316 40.8540 56.3737
18810.0000 0.0773 79.2300 50.0000 37.5424 40.2270 57.0066
18811.0000 0.0829 79.5769 50.0000 37.5680 39.9999 57.6293
18812.0000 0.0831 79.7030 50.0000 38.1298 39.5191 57.7661
18813.0000 0.0909 80.1291 50.0000 37.8523 39.4907 58.5522
18814.0000 0.0831 79.9579 50.0000 38.2087 39.6955 57.9449
18815.0000 0.0769 79.2740 50.0000 38.0445 39.7911 57.0408
18816.0000 0.0708 79.3715 50.0000 38.5499 39.9719 56.7097
18817.0000 0.0737 78.7427 50.0000 38.4170 39.1951 56.4650
18818.0000 0.0667 78.6596 50.0000 38.5947 39.6376 55.9164
18819.0000 0.0694 78.9523 50.0000 38.4949 39.7554 56.3127
18820.0000 0.0647 78.8516 50.0000 38.3947 40.2443 55.8912
18821.0000 0.0633 78.9113 50.0000 38.8870 39.9444 55.8502
18822.0000 0.0660 78.8397 50.0000 38.2349 40.2610 55.9718
18823.0000 0.0776 79.2591 50.0000 38.1968 39.5431 57.0908
18824.0000 0.0680 78.7700 50.0000 38.0037 40.2317 56.0521
18825.0000 0.0739 79.6096 50.0000 38.0135 40.4595 57.0587
18826.0000 0.0706 79.3382 50.0000 37.8770 40.6632 56.6250
18827.0000 0.0702 79.4456 50.0000 38.4852 40.1789 56.7112
18828.0000 0.0690 79.5452 50.0000 38.8820 39.9941 56.7106
18829.0000 0.0737 79.6677 50.0000 38.6681 39.8543 57.1258
18830.0000 0.0710 79.4986 50.0000 38.9367 39.6848 56.8250
18831.0000 0.0665 79.6755 50.0000 39.3692 39.8918 56.6296
18832.0000 0.0659 79.6530 50.0000 38.8846 40.4271 56.5530
18833.0000 0.0711 79.5539 50.0000 38.2479 40.4420 56.8363
18834.0000 0.0716 79.5892 50.0000 38.5588 40.1014 56.9170
18835.0000 0.0662 79.3356 50.0000 38.2584 40.7261 56.3189
18836.0000 0.0700 78.9015 50.0000 38.0860 40.0708 56.2960
18837.0000 0.0751 78.5959 50.0000 37.2769 40.0891 56.3969
18838.0000 0.0724 78.6967 50.0000 37.6287 40.0907 56.3027
18839.0000 0.0701 79.0397 50.0000 38.0023 40.2866 56.3923
18840.0000 0.0787 79.5854 50.0000 38.1316 39.8276 57.3898
18841.0000 0.0782 79.8179 50.0000 37.6856 40.5745 57.4839
18842.0000 0.0757 79.4471 50.0000 37.2004 40.9781 56.9980
18843.0000 0.0735 78.9578 50.0000 37.6244 40.2528 56.5548
18844.0000 0.0770 79.0302 50.0000 36.9622 40.6714 56.7927
18845.0000 0.0687 78.4961 50.0000 37.3594 40.5615 55.8630
18846.0000 0.0674 78.0349 50.0000 37.2276 40.3619 55.4479
18847.0000 0.0778 78.6086 50.0000 36.9977 40.1256 56.5722
18848.0000 0.0894 79.5139 50.0000 37.3890 39.5033 58.0001
18849.0000 0.0854 78.6613 50.0000 37.0532 39.3830 57.1283
18850.0000 0.1021 79.3270 50.0000 36.7986 38.7695 58.6136
18851.0000 0.0905 78.9703 50.0000 37.0816 39.1849 57.6698
18852.0000 0.0963 78.9352 50.0000 36.5462 39.1700 57.9729
18853.0000 0.0959 78.8697 50.0000 36.5342 39.1568 57.9001
18854.0000 0.0968 78.8025 50.0000 36.1202 39.4410 57.8755
18855.0000 0.1101 78.8209 50.0000 35.7487 38.6687 58.6472
18856.0000 0.1064 78.5088 50.0000 35.4444 39.0010 58.1915
18857.0000 0.1100 78.9172 50.0000 35.5517 38.9737 58.6946
18858.0000 0.1037 78.7759 50.0000 35.4325 39.5069 58.2183
18859.0000 0.1006 78.8781 50.0000 36.0835 39.2037 58.1619
18860.0000 0.1008 78.6645 50.0000 36.1737 38.8921 58.0256
18861.0000 0.1061 78.7108 50.0000 35.6712 38.9924 58.3313
18862.0000 0.1059 78.3660 50.0000 36.0712 38.2598 58.1058
18863.0000 0.1096 78.6693 50.0000 35.5569 38.7609 58.4992
18864.0000 0.1122 78.8043 50.0000 35.6548 38.5691 58.7476
18865.0000 0.1086 78.8576 50.0000 35.9929 38.5818 58.6045
18866.0000 0.1126 78.7436 50.0000 35.6394 38.4963 58.7232
18867.0000 0.1139 78.8924 50.0000 35.7739 38.3848 58.9139
18868.0000 0.0950 78.4465 50.0000 35.7016 39.6942 57.4772
18869.0000 0.0903 78.3022 50.0000 36.1886 39.4676 57.1308
18870.0000 0.0876 78.2827 50.0000 36.3202 39.5669 56.9516
18871.0000 0.0816 78.2312 50.0000 36.8188 39.5645 56.5610
18872.0000 0.0773 78.3357 50.0000 36.8459 40.0654 56.3349
18873.0000 0.0713 78.2275 50.0000 36.8333 40.5788 55.8230
18874.0000 0.0719 78.5008 50.0000 36.7790 40.8559 56.0399
18875.0000 0.0759 79.0750 50.0000 36.8301 40.9774 56.7209
18876.0000 0.0716 79.3788 50.0000 37.2374 41.2893 56.6530
18877.0000 0.0699 79.1494 50.0000 37.0111 41.4883 56.3341
18878.0000 0.0637 78.5939 50.0000 36.9304 41.6861 55.4565
18879.0000 0.0623 78.3114 50.0000 36.7866 41.7025 55.1392
18880.0000 0.0591 78.2053 50.0000 36.7931 41.9610 54.7869
18881.0000 0.0647 78.8386 50.0000 36.0040 42.9144 55.4759
18882.0000 0.0632 78.4926 50.0000 35.7599 43.0075 55.0697
18883.0000 0.0628 78.9925 50.0000 35.7529 43.6255 55.3024
18884.0000 0.0656 78.9429 50.0000 35.9508 42.9804 55.6076
18885.0000 0.0725 78.8902 50.0000 35.5482 42.5972 56.0845
18886.0000 0.0722 78.6176 50.0000 35.2611 42.6765 55.8220
18887.0000 0.0711 78.8340 50.0000 35.2661 43.0376 55.8468
18888.0000 0.0781 78.9520 50.0000 34.6423 43.1035 56.3508
18889.0000 0.0787 78.9011 50.0000 34.7335 42.8771 56.3961
18890.0000 0.0718 78.5992 50.0000 34.7581 43.3175 55.6175
18891.0000 0.0753 78.7861 50.0000 34.8504 42.9911 56.0756
18892.0000 0.0767 78.8538 50.0000 34.4330 43.4217 56.0967
18893.0000 0.0719 78.5564 50.0000 34.2658 43.8858 55.4166
18894.0000 0.0646 78.4930 50.0000 34.9816 43.8271 54.9239
18895.0000 0.0711 78.8605 50.0000 34.7137 43.7533 55.6739
18896.0000 0.0679 78.9407 50.0000 34.8676 44.0478 55.4588
18897.0000 0.0735 78.9796 50.0000 34.6794 43.6327 55.9580
18898.0000 0.0739 79.3164 50.0000 35.4299 43.0295 56.4294
18899.0000 0.0801 79.4293 50.0000 35.0810 42.8652 56.9290
18900.0000 0.0806 79.0613 50.0000 34.9484 42.5786 56.7130
18901.0000 0.0910 79.5462 50.0000 34.6274 42.3601 57.7422
18902.0000 0.0871 79.2673 50.0000 34.9082 42.1505 57.3416
18903.0000 0.0961 79.6140 50.0000 34.2013 42.3879 58.0683
18904.0000 0.1007 79.9734 50.0000 34.2785 42.2079 58.6448
18905.0000 0.0912 79.8150 50.0000 34.6812 42.5491 57.9415
18906.0000 0.0818 79.0591 50.0000 35.3680 41.9662 56.9059
18907.0000 0.0896 79.4558 50.0000 34.3791 42.6894 57.5232
18908.0000 0.0887 78.6387 50.0000 34.2896 42.0450 56.9253
18909.0000 0.0841 78.3804 50.0000 34.4253 42.1015 56.4433
18910.0000 0.0834 78.1762 50.0000 34.6992 41.6479 56.3288
18911.0000 0.0888 78.5388 50.0000 34.4301 41.7669 56.9073
18912.0000 0.0840 78.5968 50.0000 34.5706 42.1714 56.6030
18913.0000 0.0770 78.2509 50.0000 35.2429 41.7704 56.0034
18914.0000 0.0872 78.1351 50.0000 35.1946 40.6606 56.6847
18915.0000 0.0748 77.7203 50.0000 36.0389 40.5613 55.6456
18916.0000 0.0712 77.8352 50.0000 36.6143 40.4228 55.5311
18917.0000 0.0743 77.8290 50.0000 36.2895 40.4502 55.7154
18918.0000 0.0745 77.6626 50.0000 36.3317 40.2079 55.6311
18919.0000 0.0726 77.3503 50.0000 36.2286 40.1944 55.2718
18920.0000 0.0681 77.0859 50.0000 36.5328 40.0664 54.7930
18921.0000 0.0624 76.8553 50.0000 36.6205 40.3399 54.2066
18922.0000 0.0652 76.7024 50.0000 36.8538 39.6235 54.3602
18923.0000 0.0627 76.3313 50.0000 37.2304 39.1077 53.9532
18924.0000 0.0633 76.4187 50.0000 36.6810 39.7138 54.0106
18925.0000 0.0626 76.3224 50.0000 36.3147 40.0934 53.8411
18926.0000 0.0602 76.2103 50.0000 36.3006 40.2502 53.5742
18927.0000 0.0619 76.4521 50.0000 36.5125 40.0819 53.8999
18928.0000 0.0704 76.8683 50.0000 36.2141 39.9433 54.7887
18929.0000 0.0703 76.9202 50.0000 35.9396 40.3075 54.7756
18930.0000 0.0703 76.4970 50.0000 36.2710 39.5124 54.5433
18931.0000 0.0729 76.4646 50.0000 36.1316 39.3587 54.7013
18932.0000 0.0665 76.5799 50.0000 36.1952 40.0714 54.3017
18933.0000 0.0721 76.4841 50.0000 35.4953 40.1621 54.5611
18934.0000 0.0644 76.0104 50.0000 35.5947 40.3774 53.6682
18935.0000 0.0597 75.9779 50.0000 36.0721 40.3163 53.3484
18936.0000 0.0560 75.7992 50.0000 36.3996 40.1813 52.9721
18937.0000 0.0559 75.9330 50.0000 36.3203 40.4287 53.0300
18938.0000 0.0575 76.1936 50.0000 36.0371 40.8516 53.2723
18939.0000 0.0528 76.5455 50.0000 36.0306 41.8195 53.0297
18940.0000 0.0548 76.5491 50.0000 36.1954 41.3702 53.2745
18941.0000 0.0551 76.8686 50.0000 36.3372 41.5265 53.5158
18942.0000 0.0530 76.8286 50.0000 36.1032 42.0284 53.2242
18943.0000 0.0566 76.7952 50.0000 35.9337 41.7356 53.5203
18944.0000 0.0550 77.1515 50.0000 35.9022 42.3788 53.5483
18945.0000 0.0538 77.2426 50.0000 35.6571 42.9490 53.3889
18946.0000 0.0575 77.4669 50.0000 35.7763 42.5643 53.9393
18947.0000 0.0572 78.1656 50.0000 35.7952 43.3712 54.2909
18948.0000 0.0610 77.9533 50.0000 35.1815 43.4206 54.3473
18949.0000 0.0642 77.7548 50.0000 34.6551 43.4600 54.3696
18950.0000 0.0682 77.8048 50.0000 34.4836 43.2206 54.7398
18951.0000 0.0694 77.7196 50.0000 34.2884 43.2277 54.7359
18952.0000 0.0687 77.4126 50.0000 33.8685 43.5169 54.3315
18953.0000 0.0677 77.7573 50.0000 33.7878 44.1649 54.3511
18954.0000 0.0693 77.8881 50.0000 34.2505 43.4820 54.7976
18955.0000 0.0652 77.3822 50.0000 34.6627 42.8993 54.2785
18956.0000 0.0787 77.9521 50.0000 34.1156 42.5935 55.6637
18957.0000 0.0661 77.8535 50.0000 35.0147 42.8661 54.7506
18958.0000 0.0757 77.5682 50.0000 34.2304 42.3797 55.2184
18959.0000 0.0766 77.5933 50.0000 34.5669 41.9072 55.4043
18960.0000 0.0779 77.6795 50.0000 34.0657 42.4572 55.4167
18961.0000 0.0738 77.5155 50.0000 34.0587 42.7575 54.9587
18962.0000 0.0683 77.0658 50.0000 34.5743 42.2823 54.3687
18963.0000 0.0621 77.2418 50.0000 35.5360 42.0391 54.1868
18964.0000 0.0685 77.7895 50.0000 35.5164 41.9032 55.0810
18965.0000 0.0543 77.1817 50.0000 36.2088 42.1277 53.5835
18966.0000 0.0620 77.5638 50.0000 36.2941 41.5044 54.5551
18967.0000 0.0609 77.3487 50.0000 36.3460 41.3355 54.3430
18968.0000 0.0593 77.2842 50.0000 36.3175 41.4907 54.1516
18969.0000 0.0569 77.3095 50.0000 36.1896 41.9575 53.9133
18970.0000 0.0478 76.8607 50.0000 36.8131 41.8699 52.9082
18971.0000 0.0603 77.5208 50.0000 35.9865 42.0263 54.2978
18972.0000 0.0594 77.5273 50.0000 36.5487 41.4761 54.3545
18973.0000 0.0559 77.5762 50.0000 36.2146 42.3532 53.9702
18974.0000 0.0545 77.4487 50.0000 36.1987 42.4027 53.7583
18975.0000 0.0567 77.9455 50.0000 36.4942 42.3252 54.3345
18976.0000 0.0598 78.4656 50.0000 36.3166 42.7321 54.8810
18977.0000 0.0655 78.5699 50.0000 36.2404 42.2488 55.4517
18978.0000 0.0614 78.1863 50.0000 36.3380 42.1987 54.8810
18979.0000 0.0626 78.1062 50.0000 36.4389 41.8559 54.9625
18980.0000 0.0648 78.4221 50.0000 36.9785 41.3220 55.4538
18981.0000 0.0597 78.2861 50.0000 36.9454 41.7977 54.9245
18982.0000 0.0565 78.3380 50.0000 37.3474 41.7757 54.7431
18983.0000 0.0572 78.4287 50.0000 37.6932 41.4046 54.9177
18984.0000 0.0558 78.1332 50.0000 37.6798 41.2622 54.6119
18985.0000 0.0551 78.1368 50.0000 38.0039 40.9934 54.5949
18986.0000 0.0726 78.8931 50.0000 37.8734 40.0135 56.4681
18987.0000 0.0644 78.7575 50.0000 38.5025 40.0672 55.8115
18988.0000 0.0683 78.7619 50.0000 37.9546 40.2402 56.0678
18989.0000 0.0625 78.4194 50.0000 37.7856 40.6846 55.3771
18990.0000 0.0571 77.9359 50.0000 37.6261 40.9674 54.5890
18991.0000 0.0638 78.7469 50.0000 37.4731 41.2225 55.6557
18992.0000 0.0585 78.4751 50.0000 37.5668 41.4383 55.0449
18993.0000 0.0628 79.0703 50.0000 37.5720 41.5640 55.7933
18994.0000 0.0622 78.9570 50.0000 37.6092 41.4721 55.6760
18995.0000 0.0605 78.9740 50.0000 37.5113 41.7950 55.5246
18996.0000 0.0694 78.7661 50.0000 37.4095 40.7113 56.1001
18997.0000 0.0666 79.0049 50.0000 37.2117 41.4757 56.0074
18998.0000 0.0694 79.6448 50.0000 37.1539 41.9012 56.6319
18999.0000 0.0770 80.0118 50.0000 36.9717 41.6695 57.4336
19000.0000 0.0789 80.0858 50.0000 36.3379 42.2491 57.5179
19001.0000 0.0834 80.4239 50.0000 35.9853 42.5142 58.0138
19002.0000 0.0752 80.2637 50.0000 36.5364 42.6088 57.3746
19003.0000 0.0860 80.2884 50.0000 35.9009 42.2012 58.1068
19004.0000 0.0914 80.1935 50.0000 35.2803 42.2445 58.3241
19005.0000 0.0891 80.0111 50.0000 35.5805 41.9563 58.0988
19006.0000 0.0886 80.0797 50.0000 35.7128 41.9289 58.1320
19007.0000 0.0959 80.5630 50.0000 35.4466 41.9840 58.9175
19008.0000 0.0977 80.1554 50.0000 35.0196 41.8741 58.6947
19009.0000 0.0975 80.1977 50.0000 35.4980 41.4089 58.7951
19010.0000 0.1069 80.5930 50.0000 35.2175 41.2159 59.6339
19011.0000 0.1097 80.8163 50.0000 35.4285 40.9633 59.9842
19012.0000 0.1127 81.5038 50.0000 35.1974 41.5962 60.6116
19013.0000 0.1128 81.4217 50.0000 35.5602 41.1261 60.6103
19014.0000 0.1160 81.2067 50.0000 35.0852 41.1310 60.5953
19015.0000 0.1041 81.5058 50.0000 35.4350 42.1402 60.0979
19016.0000 0.0921 80.8101 50.0000 35.6068 42.4395 58.8330
19017.0000 0.0876 81.0619 50.0000 36.3917 42.2804 58.8136
19018.0000 0.0805 80.6431 50.0000 35.9637 43.0809 57.9134
19019.0000 0.0790 80.4412 50.0000 35.9953 42.9988 57.6735
19020.0000 0.0815 80.9250 50.0000 36.4110 42.7540 58.2682
19021.0000 0.0821 80.9128 50.0000 36.0938 43.0367 58.2405
19022.0000 0.0753 80.3848 50.0000 36.6136 42.6385 57.4728
19023.0000 0.0708 80.1782 50.0000 37.0401 42.4288 57.0646
19024.0000 0.0727 80.4626 50.0000 36.9638 42.6069 57.3809
19025.0000 0.0679 80.6393 50.0000 36.8668 43.4563 57.0534
19026.0000 0.0692 80.7596 50.0000 37.1245 43.1319 57.3020
19027.0000 0.0712 80.7699 50.0000 36.7847 43.3022 57.4072
19028.0000 0.0753 81.0048 50.0000 36.3812 43.5517 57.8052
19029.0000 0.0843 81.5907 50.0000 35.7941 43.8502 58.7620
19030.0000 0.0891 81.9055 50.0000 36.1875 43.2124 59.4278
19031.0000 0.0902 81.5605 50.0000 35.7466 43.2397 59.1998
19032.0000 0.0852 81.6978 50.0000 35.7655 43.8963 58.8938
19033.0000 0.0752 81.2607 50.0000 36.0639 44.2133 57.8609
19034.0000 0.0847 81.5096 50.0000 35.6292 43.9113 58.7042
19035.0000 0.0788 81.4381 50.0000 36.2513 43.7660 58.3313
19036.0000 0.0791 81.4385 50.0000 36.1272 43.8775 58.3251
19037.0000 0.0667 81.5551 50.0000 37.0991 44.3188 57.5390
19038.0000 0.0680 81.5667 50.0000 36.5151 44.8794 57.4945
19039.0000 0.0625 81.7786 50.0000 37.0620 45.1519 57.2316
19040.0000 0.0645 82.2594 50.0000 36.4475 46.2169 57.4646
19041.0000 0.0666 82.1848 50.0000 36.0255 46.4006 57.4761
19042.0000 0.0670 82.3209 50.0000 36.3424 46.0801 57.7285
19043.0000 0.0607 81.8888 50.0000 36.2031 46.6790 56.7113
19044.0000 0.0539 81.2413 50.0000 36.6495 46.3345 55.7680
19045.0000 0.0500 80.8689 50.0000 36.2816 47.1148 54.8053
19046.0000 0.0486 80.8477 50.0000 36.5424 46.9210 54.7670
19047.0000 0.0503 81.2621 50.0000 36.8124 46.7338 55.3564
19048.0000 0.0505 81.3106 50.0000 36.4644 47.3034 55.1738
19049.0000 0.0568 81.3153 50.0000 36.5082 46.1689 56.1049
19050.0000 0.0573 81.6872 50.0000 36.3847 46.7086 56.2784
19051.0000 0.0546 81.5713 50.0000 37.0863 46.0092 56.2285
19052.0000 0.0535 81.2704 50.0000 37.4911 45.2774 56.1182
19053.0000 0.0532 81.4081 50.0000 37.5665 45.3772 56.1866
19054.0000 0.0613 81.8198 50.0000 36.6306 45.9149 56.9605
19055.0000 0.0552 81.6844 50.0000 36.9608 46.2161 56.3056
19056.0000 0.0628 81.5401 50.0000 36.4045 45.6835 56.8904
19057.0000 0.0673 82.2115 50.0000 35.8854 46.5237 57.5023
19058.0000 0.0671 81.4810 50.0000 35.1031 46.7823 56.7304
19059.0000 0.0651 81.9683 50.0000 35.4537 47.1767 56.8876
19060.0000 0.0751 82.4762 50.0000 35.0020 46.9250 58.0967
19061.0000 0.0708 82.1960 50.0000 35.3717 46.7041 57.6520
19062.0000 0.0754 81.9769 50.0000 35.2281 46.0264 57.9721
19063.0000 0.0814 81.7108 50.0000 34.5156 45.8723 58.1469
19064.0000 0.0919 81.2735 50.0000 34.3138 44.4122 58.7835
19065.0000 0.0893 80.7904 50.0000 34.2797 44.2303 58.2723
19066.0000 0.0871 81.2174 50.0000 34.4051 44.7882 58.3658
19067.0000 0.0841 81.4167 50.0000 34.0870 45.7638 58.0726
19068.0000 0.0879 81.5029 50.0000 33.7344 45.8314 58.3455
19069.0000 0.0881 81.1238 50.0000 33.8717 45.2265 58.2095
19070.0000 0.0859 81.2274 50.0000 34.5147 44.7994 58.3064
19071.0000 0.0914 81.1586 50.0000 33.7849 44.9849 58.4949
19072.0000 0.0877 81.2063 50.0000 33.8952 45.3365 58.2252
19073.0000 0.0900 81.8295 50.0000 34.0328 45.5670 58.8343
19074.0000 0.0996 81.9337 50.0000 33.4010 45.3390 59.5137
19075.0000 0.0876 81.4926 50.0000 34.2635 45.1949 58.5190
19076.0000 0.0970 82.0365 50.0000 34.3430 44.6187 59.6633
19077.0000 0.0971 81.6139 50.0000 34.5080 43.9769 59.4648
19078.0000 0.0910 81.7721 50.0000 34.6914 44.5906 59.1174
19079.0000 0.0901 81.2149 50.0000 34.7470 44.0370 58.7303
19080.0000 0.0965 81.5319 50.0000 34.6303 43.8245 59.3936
19081.0000 0.0967 81.4364 50.0000 34.1634 44.2368 59.2273
19082.0000 0.1041 82.2082 50.0000 34.1250 44.2912 60.2657
19083.0000 0.1051 82.8290 50.0000 33.8518 45.1359 60.6420
19084.0000 0.1096 82.8017 50.0000 33.3687 45.1899 60.8319
19085.0000 0.1056 82.5980 50.0000 32.9587 45.9003 60.2438
19086.0000 0.1021 82.3232 50.0000 33.5095 45.3428 59.9854
19087.0000 0.0893 81.3171 50.0000 34.1860 44.9114 58.5384
19088.0000 0.0887 81.6342 50.0000 34.1070 45.4123 58.6394
19089.0000 0.0888 81.2567 50.0000 34.0057 45.1199 58.3991
19090.0000 0.0775 80.6267 50.0000 34.1553 45.6369 57.0207
19091.0000 0.0742 80.7072 50.0000 34.9144 45.1653 57.0503
19092.0000 0.0742 80.5638 50.0000 34.6159 45.3929 56.8485
19093.0000 0.0785 80.5622 50.0000 34.3548 45.1709 57.1805
19094.0000 0.0766 80.0833 50.0000 34.5879 44.5774 56.8320
19095.0000 0.0806 80.1095 50.0000 34.5336 44.1982 57.1968
19096.0000 0.0782 79.7411 50.0000 34.4506 44.1850 56.7405
19097.0000 0.0871 79.8047 50.0000 33.8721 43.9312 57.3717
19098.0000 0.0907 80.2098 50.0000 33.8818 43.9397 57.9218
19099.0000 0.0857 79.7531 50.0000 34.1208 43.7287 57.3073
19100.0000 0.0878 80.0673 50.0000 34.7760 43.0617 57.8541
19101.0000 0.0812 79.2249 50.0000 34.5803 43.1223 56.7561
19102.0000 0.0876 79.5435 50.0000 34.7198 42.6019 57.5046
19103.0000 0.0905 79.7942 50.0000 34.2776 43.0640 57.7724
19104.0000 0.0868 79.5356 50.0000 34.4316 43.0127 57.3610
19105.0000 0.0901 79.9833 50.0000 34.5037 43.0429 57.9149
19106.0000 0.0783 79.6632 50.0000 34.2287 44.3687 56.6219
19107.0000 0.0798 79.3665 50.0000 34.7270 43.2514 56.7661
19108.0000 0.0815 79.6287 50.0000 34.9303 43.0976 57.1244
19109.0000 0.0902 79.8120 50.0000 34.9497 42.3454 57.9252
19110.0000 0.0938 80.4170 50.0000 34.9821 42.5602 58.5813
19111.0000 0.0974 80.8326 50.0000 35.1214 42.4664 59.1354
19112.0000 0.0984 80.8968 50.0000 35.0188 42.5440 59.2283
19113.0000 0.1090 81.0804 50.0000 34.5219 42.2521 59.9753
19114.0000 0.1030 81.2117 50.0000 34.6100 42.8596 59.6703
19115.0000 0.0939 80.8942 50.0000 35.3499 42.6293 58.9662
19116.0000 0.0985 80.7495 50.0000 35.3741 41.9958 59.2073
19117.0000 0.0960 80.6259 50.0000 35.5485 41.9290 58.9813
19118.0000 0.1048 80.6602 50.0000 35.0978 41.6055 59.5247
19119.0000 0.1013 80.3484 50.0000 34.6879 42.0786 59.0085
19120.0000 0.0950 80.3265 50.0000 35.2926 42.0073 58.6700
19121.0000 0.0985 80.0943 50.0000 34.6873 42.0933 58.6518
19122.0000 0.1026 80.5378 50.0000 34.3332 42.5335 59.1478
19123.0000 0.1049 80.3387 50.0000 33.6924 42.8259 59.0345
19124.0000 0.1052 80.5986 50.0000 33.6343 43.1210 59.2068
19125.0000 0.1235 81.2059 50.0000 33.0443 42.6256 60.7085
19126.0000 0.1098 80.8116 50.0000 33.5065 43.0190 59.6422
19127.0000 0.1101 80.6298 50.0000 33.5563 42.7561 59.5571
19128.0000 0.1196 81.1724 50.0000 33.2726 42.7042 60.4835
19129.0000 0.1125 81.4729 50.0000 33.3924 43.5406 60.2246
19130.0000 0.1081 81.3285 50.0000 33.8063 43.3742 59.9178
19131.0000 0.1143 81.3232 50.0000 33.3354 43.2879 60.2360
19132.0000 0.1165 81.2395 50.0000 33.2365 43.1051 60.3087
19133.0000 0.1141 81.0110 50.0000 33.3697 42.9626 60.0289
19134.0000 0.1173 80.8701 50.0000 32.5118 43.4623 59.9499
19135.0000 0.1206 81.0297 50.0000 32.5028 43.3115 60.2785
19136.0000 0.1203 81.1579 50.0000 31.9651 44.0650 60.1923
19137.0000 0.1214 81.0721 50.0000 32.4072 43.3831 60.3355
19138.0000 0.1203 80.9962 50.0000 33.2644 42.4857 60.4055
19139.0000 0.1217 81.1505 50.0000 32.4195 43.4203 60.4074
19140.0000 0.1112 80.7782 50.0000 32.6428 43.8186 59.4937
19141.0000 0.1056 80.7222 50.0000 32.8253 44.1223 59.0914
19142.0000 0.1185 81.5264 50.0000 32.2964 44.2371 60.3868
19143.0000 0.1222 81.5848 50.0000 32.0294 44.2287 60.6136
19144.0000 0.1140 80.8973 50.0000 32.2990 44.0561 59.6675
19145.0000 0.1149 80.9087 50.0000 31.9474 44.3756 59.6355
19146.0000 0.1146 80.7161 50.0000 31.9194 44.2476 59.4844
19147.0000 0.1115 80.7253 50.0000 32.4293 43.9853 59.4156
19148.0000 0.1152 80.8972 50.0000 32.7090 43.4755 59.8695
19149.0000 0.1322 81.5745 50.0000 31.9056 43.4167 61.2488
19150.0000 0.1296 81.6167 50.0000 31.9774 43.6143 61.1271
19151.0000 0.1304 81.8654 50.0000 32.0049 43.7511 61.3472
19152.0000 0.1358 82.0248 50.0000 32.5373 42.8488 61.9142
19153.0000 0.1307 82.0839 50.0000 32.5239 43.3783 61.6303
19154.0000 0.1342 82.2255 50.0000 32.1964 43.5457 61.8725
19155.0000 0.1351 82.6996 50.0000 32.2212 43.8806 62.2537
19156.0000 0.1297 82.6887 50.0000 32.0950 44.5078 61.8579
19157.0000 0.1279 82.6526 50.0000 32.6693 44.0202 61.8578
19158.0000 0.1364 82.5302 50.0000 32.6217 43.1822 62.3087
19159.0000 0.1370 82.1771 50.0000 32.7414 42.6673 62.1336
19160.0000 0.1398 82.0913 50.0000 32.1127 43.0085 62.1130
19161.0000 0.1349 81.8661 50.0000 32.3290 42.9947 61.7118
19162.0000 0.1263 81.3617 50.0000 33.0486 42.5199 60.9883
19163.0000 0.1401 82.0739 50.0000 32.6175 42.4313 62.2238
19164.0000 0.1324 82.3040 50.0000 33.1075 42.8077 62.0109
19165.0000 0.1330 82.0381 50.0000 33.4441 42.1518 61.9271
19166.0000 0.1406 82.5010 50.0000 33.3321 42.0470 62.6692
19167.0000 0.1358 82.1402 50.0000 33.6676 41.7728 62.1975
19168.0000 0.1377 82.0900 50.0000 33.3864 41.8521 62.2295
19169.0000 0.1309 82.5057 50.0000 33.2060 43.0255 62.0755
19170.0000 0.1426 83.0872 50.0000 32.3925 43.3926 63.0181
19171.0000 0.1384 82.6693 50.0000 32.5624 43.2006 62.5109
19172.0000 0.1360 82.6681 50.0000 32.6638 43.3002 62.3873
19173.0000 0.1224 82.5615 50.0000 33.0356 44.0526 61.5176
19174.0000 0.1182 81.8556 50.0000 33.2578 43.5206 60.8293
19175.0000 0.1253 81.9243 50.0000 33.0225 43.1768 61.2933
19176.0000 0.1208 81.8523 50.0000 32.9291 43.6328 60.9233
19177.0000 0.1218 81.6826 50.0000 33.3814 42.8770 60.9860
19178.0000 0.1200 81.5329 50.0000 33.2585 43.0356 60.7406
19179.0000 0.1189 81.7282 50.0000 33.4573 43.1095 60.8415
19180.0000 0.1083 81.4733 50.0000 33.4405 43.9016 59.9357
19181.0000 0.1000 80.7806 50.0000 33.3072 44.2138 58.8325
19182.0000 0.1037 80.6465 50.0000 33.5987 43.3531 59.1227
19183.0000 0.0998 80.6912 50.0000 33.5451 43.8601 58.8395
19184.0000 0.1113 80.8350 50.0000 32.9315 43.5470 59.6110
19185.0000 0.1096 80.9468 50.0000 32.8248 43.9503 59.5255
19186.0000 0.1112 80.8179 50.0000 32.5162 44.0044 59.4797
19187.0000 0.1130 80.7124 50.0000 32.7065 43.5040 59.6001
19188.0000 0.1251 81.2200 50.0000 32.3768 43.2138 60.6713
19189.0000 0.1323 81.0250 50.0000 31.7310 43.0686 60.8546
19190.0000 0.1192 80.7938 50.0000 32.3498 43.3871 59.9890
19191.0000 0.1112 80.2261 50.0000 32.5600 43.3607 59.1263
19192.0000 0.1106 80.5022 50.0000 32.9966 43.2099 59.3695
19193.0000 0.1089 80.4803 50.0000 33.4963 42.7931 59.3618
19194.0000 0.1125 80.2877 50.0000 33.0688 42.7318 59.3848
19195.0000 0.1165 80.0808 50.0000 32.8282 42.4179 59.4640
19196.0000 0.1182 80.4367 50.0000 32.8347 42.5967 59.8119
19197.0000 0.1157 80.4206 50.0000 32.5640 43.1185 59.5638
19198.0000 0.1103 80.0536 50.0000 32.5047 43.3430 58.9356
19199.0000 0.1180 80.5364 50.0000 32.7554 42.8005 59.8441
19200.0000 0.1157 80.5742 50.0000 32.7674 43.0451 59.7129
19201.0000 0.1222 80.6269 50.0000 32.4816 42.7931 60.1198
19202.0000 0.1312 81.4538 50.0000 32.2805 42.9866 61.1951
19203.0000 0.1329 81.2213 50.0000 32.7481 42.1178 61.2417
19204.0000 0.1219 81.1145 50.0000 33.2320 42.4871 60.5808
19205.0000 0.1176 81.5158 50.0000 33.3680 43.1200 60.5976
19206.0000 0.1137 81.8771 50.0000 33.1573 44.0863 60.5050
19207.0000 0.1226 82.0858 50.0000 32.5214 44.1399 61.0911
19208.0000 0.1284 82.0896 50.0000 32.7506 43.3413 61.5437
19209.0000 0.1336 81.7723 50.0000 32.3232 43.0290 61.5664
19210.0000 0.1281 81.7812 50.0000 33.2718 42.5187 61.4273
19211.0000 0.1363 81.7717 50.0000 32.9555 42.1305 61.8512
19212.0000 0.1435 81.5306 50.0000 32.7458 41.5090 62.0641
19213.0000 0.1474 81.9099 50.0000 32.0408 42.2614 62.4227
19214.0000 0.1489 81.8119 50.0000 32.0920 41.9952 62.4476
19215.0000 0.1367 81.5930 50.0000 32.3183 42.5900 61.6363
19216.0000 0.1408 81.5237 50.0000 32.0640 42.4433 61.7785
19217.0000 0.1323 81.5655 50.0000 31.9970 43.3028 61.2699
19218.0000 0.1263 81.5896 50.0000 31.8988 43.9820 60.8680
19219.0000 0.1180 81.4473 50.0000 32.4935 43.9870 60.3571
19220.0000 0.1111 81.1414 50.0000 33.2454 43.5180 59.8737
19221.0000 0.0988 80.8160 50.0000 32.9741 44.7766 58.6429
19222.0000 0.1041 81.0205 50.0000 32.6555 44.7962 59.0867
19223.0000 0.0994 80.6368 50.0000 33.3347 44.0919 58.7110
19224.0000 0.1011 80.6179 50.0000 33.4838 43.7261 58.8736
19225.0000 0.1164 81.3353 50.0000 33.0620 43.3990 60.3230
19226.0000 0.0966 79.8788 50.0000 33.8381 43.0252 58.1759
19227.0000 0.1050 79.8550 50.0000 33.5828 42.4548 58.7078
19228.0000 0.1126 80.2276 50.0000 33.3415 42.3655 59.4137
19229.0000 0.1006 79.4310 50.0000 33.8034 42.2056 58.1834
19230.0000 0.1091 79.8670 50.0000 33.4782 42.1803 58.9811
19231.0000 0.1033 79.2999 50.0000 32.9932 42.7200 58.0940
19232.0000 0.0935 78.6202 50.0000 33.5264 42.4121 57.0818
19233.0000 0.0924 78.9518 50.0000 33.2555 43.1822 57.1205
19234.0000 0.0907 79.0775 50.0000 32.8400 44.0053 56.9063
19235.0000 0.0861 78.8148 50.0000 33.3354 43.6374 56.5359
19236.0000 0.0782 78.3530 50.0000 33.7197 43.5783 55.7055
19237.0000 0.0847 78.7732 50.0000 33.4331 43.6304 56.4254
19238.0000 0.0814 78.8156 50.0000 33.7884 43.6247 56.2772
19239.0000 0.0888 78.9560 50.0000 33.1022 43.7749 56.7631
19240.0000 0.0951 78.6471 50.0000 33.1732 42.6805 57.1251
19241.0000 0.0919 78.8175 50.0000 33.5135 42.7886 57.0805
19242.0000 0.0977 79.3225 50.0000 33.2238 43.0477 57.7507
19243.0000 0.0923 78.8435 50.0000 33.5165 42.7719 57.1271
19244.0000 0.0773 78.0568 50.0000 33.9646 43.0614 55.5425
19245.0000 0.0847 77.9880 50.0000 33.7723 42.3896 56.0775
19246.0000 0.0937 78.0308 50.0000 33.4492 41.8668 56.7198
19247.0000 0.0895 78.0380 50.0000 33.4865 42.2619 56.4139
19248.0000 0.0872 78.2970 50.0000 33.7185 42.5012 56.4547
19249.0000 0.0908 78.6590 50.0000 33.8442 42.3568 56.9887
19250.0000 0.0942 79.1539 50.0000 33.4652 42.9594 57.4448
19251.0000 0.0902 78.9312 50.0000 34.4609 41.9939 57.2634
19252.0000 0.0927 78.7065 50.0000 34.0764 41.9513 57.2153
19253.0000 0.0991 79.3009 50.0000 33.5673 42.4871 57.9372
19254.0000 0.1045 79.2526 50.0000 33.0012 42.5521 58.1483
19255.0000 0.1151 79.5389 50.0000 32.8748 41.9618 59.0330
19256.0000 0.1271 79.6398 50.0000 32.8248 41.0448 59.8361
19257.0000 0.1330 79.8407 50.0000 32.1977 41.3938 60.2029
19258.0000 0.1302 79.2077 50.0000 32.2796 40.9457 59.6266
19259.0000 0.1328 79.0644 50.0000 32.6356 40.2164 59.7390
19260.0000 0.1177 78.3271 50.0000 33.2487 40.1525 58.4588
19261.0000 0.1176 78.2576 50.0000 33.6559 39.6688 58.4630
19262.0000 0.1211 78.2366 50.0000 32.9804 40.0613 58.5521
19263.0000 0.1094 78.2186 50.0000 33.3676 40.6566 57.8946
19264.0000 0.1201 78.2381 50.0000 33.3458 39.7625 58.5508
19265.0000 0.1178 78.1325 50.0000 33.4939 39.7000 58.3674
19266.0000 0.1164 78.5406 50.0000 33.6455 40.0476 58.5901
19267.0000 0.0990 78.0158 50.0000 33.9069 40.8271 57.1833
19268.0000 0.0993 78.3142 50.0000 34.1715 40.8026 57.4506
19269.0000 0.1030 78.4839 50.0000 34.1060 40.6963 57.7955
19270.0000 0.1024 78.4566 50.0000 34.1197 40.7138 57.7380
19271.0000 0.0998 78.2781 50.0000 34.4325 40.4365 57.5044
19272.0000 0.0932 78.1466 50.0000 35.3239 39.9596 57.1169
19273.0000 0.0941 78.2318 50.0000 35.1527 40.1493 57.2061
19274.0000 0.0883 77.8691 50.0000 35.2305 40.2543 56.5862
19275.0000 0.0757 77.6216 50.0000 35.2326 41.2624 55.5085
19276.0000 0.0790 77.8256 50.0000 35.0668 41.3211 55.8543
19277.0000 0.0881 78.8500 50.0000 35.0974 41.4054 57.1934
19278.0000 0.0813 78.4876 50.0000 34.6812 42.2161 56.3500
19279.0000 0.0865 78.7268 50.0000 34.2917 42.3606 56.8116
19280.0000 0.0870 78.3394 50.0000 33.8516 42.4196 56.4953
19281.0000 0.0836 77.7812 50.0000 34.0396 41.9710 55.9433
19282.0000 0.0823 78.0794 50.0000 33.5075 43.0682 55.8459
19283.0000 0.0784 78.0488 50.0000 33.3597 43.6743 55.4194
19284.0000 0.0825 77.5451 50.0000 33.4796 42.5037 55.5499
19285.0000 0.0779 77.4078 50.0000 33.4276 42.9477 55.0459
19286.0000 0.0675 76.8908 50.0000 33.9766 42.9305 53.9885
19287.0000 0.0795 77.4969 50.0000 33.4943 42.7752 55.2647
19288.0000 0.0719 76.9056 50.0000 33.4897 43.0357 54.2296
19289.0000 0.0755 76.9904 50.0000 33.1787 43.0867 54.4998
19290.0000 0.0723 77.0772 50.0000 33.3286 43.3931 54.2877
19291.0000 0.0736 76.8667 50.0000 32.9164 43.5273 54.1330
19292.0000 0.0767 76.9770 50.0000 32.3704 44.0021 54.2349
19293.0000 0.0748 77.0666 50.0000 32.2668 44.5103 54.0087
19294.0000 0.0749 77.1889 50.0000 32.1178 44.8584 53.9842
19295.0000 0.0755 77.4779 50.0000 32.3264 44.8211 54.3038
19296.0000 0.0817 77.6399 50.0000 31.9651 44.6687 54.8716
19297.0000 0.0791 77.1673 50.0000 31.9449 44.4967 54.3541
19298.0000 0.0772 76.9403 50.0000 32.0371 44.3572 54.0913
19299.0000 0.0790 77.1872 50.0000 32.0721 44.3518 54.4258
19300.0000 0.0849 77.8806 50.0000 31.6638 44.9383 55.1665
19301.0000 0.0887 78.0961 50.0000 31.7517 44.5712 55.7157
19302.0000 0.0897 78.2748 50.0000 31.7189 44.6972 55.8840
19303.0000 0.0842 77.8253 50.0000 32.6623 43.6259 55.5584
19304.0000 0.0915 78.3367 50.0000 32.6467 43.3688 56.4799
19305.0000 0.0807 78.4114 50.0000 33.0237 44.2391 55.6838
19306.0000 0.0777 78.4682 50.0000 33.5811 43.9497 55.6596
19307.0000 0.0804 78.4231 50.0000 33.4862 43.6947 55.8537
19308.0000 0.0864 78.6740 50.0000 33.3386 43.4500 56.4822
19309.0000 0.0951 78.8002 50.0000 33.3727 42.6058 57.2754
19310.0000 0.0964 78.7380 50.0000 33.3882 42.3958 57.3367
19311.0000 0.0980 78.7977 50.0000 33.3750 42.3075 57.4914
19312.0000 0.0968 78.7660 50.0000 33.5196 42.2323 57.4191
19313.0000 0.0902 78.3309 50.0000 33.7598 42.1810 56.7166
19314.0000 0.0965 78.2482 50.0000 33.8171 41.3925 57.1475
19315.0000 0.0968 78.2708 50.0000 33.6183 41.6127 57.1359
19316.0000 0.0955 78.3882 50.0000 34.0002 41.4301 57.2035
19317.0000 0.1121 78.8099 50.0000 34.0550 40.2488 58.5773
19318.0000 0.0985 78.4928 50.0000 33.8498 41.4185 57.4441
19319.0000 0.0935 78.4577 50.0000 33.3691 42.4228 56.9423
19320.0000 0.0892 77.8293 50.0000 33.7398 41.7867 56.3285
19321.0000 0.0782 77.1755 50.0000 34.0793 41.8701 55.1503
19322.0000 0.0828 77.5409 50.0000 34.1880 41.6325 55.7720
19323.0000 0.0788 77.6933 50.0000 34.4348 41.9322 55.6074
19324.0000 0.0770 77.4751 50.0000 34.4016 41.9311 55.3236
19325.0000 0.0882 78.0861 50.0000 33.6055 42.3096 56.3739
19326.0000 0.0844 77.8718 50.0000 33.6567 42.4326 55.9528
19327.0000 0.0899 77.8373 50.0000 33.2980 42.2343 56.2685
19328.0000 0.0880 78.1707 50.0000 33.7353 42.2677 56.4450
19329.0000 0.0950 78.3561 50.0000 33.1901 42.3668 56.9487
19330.0000 0.1063 78.6942 50.0000 33.1101 41.6900 57.9521
19331.0000 0.1014 78.1886 50.0000 32.5771 42.2551 57.1549
19332.0000 0.0952 78.1033 50.0000 33.0709 42.2276 56.7739
19333.0000 0.0888 77.8613 50.0000 33.1769 42.5212 56.1571
19334.0000 0.0829 77.7224 50.0000 32.9675 43.2876 55.4986
19335.0000 0.0871 77.6665 50.0000 32.7488 43.0178 55.7591
19336.0000 0.1004 78.3144 50.0000 32.2391 42.8848 57.0499
19337.0000 0.0990 78.0130 50.0000 32.2799 42.6656 56.7775
19338.0000 0.1047 78.3253 50.0000 31.8712 42.8888 57.2680
19339.0000 0.1110 78.6441 50.0000 32.1755 42.2347 58.0160
19340.0000 0.1104 78.3443 50.0000 32.2549 41.9124 57.7996
19341.0000 0.1154 78.4731 50.0000 32.3292 41.4846 58.2399
19342.0000 0.1085 77.9897 50.0000 32.2100 41.7851 57.4362
19343.0000 0.1024 77.7439 50.0000 32.4979 41.8003 56.9276
19344.0000 0.0994 78.0675 50.0000 32.6693 42.2328 56.9530
19345.0000 0.0932 77.7480 50.0000 32.6008 42.6183 56.2639
19346.0000 0.0932 78.1493 50.0000 32.3021 43.4005 56.3940
19347.0000 0.0892 78.0460 50.0000 32.5112 43.4815 56.0675
19348.0000 0.0860 77.8612 50.0000 32.7992 43.2882 55.7916
19349.0000 0.0865 77.6122 50.0000 33.1966 42.4755 55.8344
19350.0000 0.0866 77.0644 50.0000 33.2943 41.7744 55.5456
19351.0000 0.0804 76.8442 50.0000 33.3416 42.1516 54.9237
19352.0000 0.0936 76.9139 50.0000 32.3462 42.0034 55.7242
19353.0000 0.0980 77.0839 50.0000 32.3735 41.7033 56.1668
19354.0000 0.0991 76.9503 50.0000 32.1881 41.6680 56.1165
19355.0000 0.0891 76.4692 50.0000 31.9608 42.4774 54.9701
19356.0000 0.0792 76.0829 50.0000 32.1971 42.8992 53.9593
19357.0000 0.0808 76.4080 50.0000 32.6624 42.4780 54.4699
19358.0000 0.0794 76.6358 50.0000 32.5139 43.0855 54.4015
19359.0000 0.0813 76.6957 50.0000 32.9571 42.3638 54.7847
19360.0000 0.0825 77.0644 50.0000 33.2762 42.2403 55.2031
19361.0000 0.0806 76.7194 50.0000 32.6335 42.8821 54.6082
19362.0000 0.0804 76.7156 50.0000 32.9102 42.5438 54.7013
19363.0000 0.0763 76.5605 50.0000 32.8926 42.8781 54.2315
19364.0000 0.0686 76.1757 50.0000 33.2756 42.9078 53.4264
19365.0000 0.0631 76.2000 50.0000 32.9227 44.2189 52.6045
19366.0000 0.0639 76.0447 50.0000 32.9571 43.8491 52.6676
19367.0000 0.0702 76.4098 50.0000 32.2367 44.4300 53.1529
19368.0000 0.0607 76.2851 50.0000 32.6465 45.1883 52.0734
19369.0000 0.0616 76.1902 50.0000 33.0580 44.2231 52.5018
19370.0000 0.0695 76.6889 50.0000 32.7715 44.0758 53.5213
19371.0000 0.0649 76.4706 50.0000 32.8130 44.4380 52.8803
19372.0000 0.0675 76.7549 50.0000 32.7194 44.5256 53.2750
19373.0000 0.0698 76.3370 50.0000 32.7593 43.6447 53.3789
19374.0000 0.0679 76.4714 50.0000 32.8729 43.9007 53.2915
19375.0000 0.0686 76.4429 50.0000 32.7599 43.9345 53.2922
19376.0000 0.0669 76.2513 50.0000 33.1151 43.4347 53.2079
19377.0000 0.0574 76.3503 50.0000 33.9039 43.8044 52.5459
19378.0000 0.0570 76.3434 50.0000 33.6156 44.2941 52.3101
19379.0000 0.0617 76.7754 50.0000 33.8306 43.7878 53.2220
19380.0000 0.0568 76.6455 50.0000 34.2529 43.7469 52.7967
19381.0000 0.0596 77.0835 50.0000 34.0006 44.2255 53.1971
19382.0000 0.0563 76.9504 50.0000 34.4637 43.8805 52.9916
19383.0000 0.0572 76.4859 50.0000 34.2126 43.5460 52.7574
19384.0000 0.0623 77.2162 50.0000 34.0292 43.9447 53.6024
19385.0000 0.0660 77.3140 50.0000 33.7968 43.8575 53.9606
19386.0000 0.0700 77.9290 50.0000 33.8403 43.9815 54.7119
19387.0000 0.0629 77.5647 50.0000 33.9255 44.4115 53.7864
19388.0000 0.0705 77.8388 50.0000 34.0171 43.5778 54.7968
19389.0000 0.0693 77.2837 50.0000 33.9547 43.1829 54.3607
19390.0000 0.0712 77.2975 50.0000 33.7242 43.2532 54.4678
19391.0000 0.0773 77.3604 50.0000 33.1298 43.3478 54.8454
19392.0000 0.0815 77.6924 50.0000 33.2188 43.1015 55.4516
19393.0000 0.0832 77.6643 50.0000 33.3434 42.7197 55.6326
19394.0000 0.0823 78.0666 50.0000 33.4025 43.1794 55.8052
19395.0000 0.0823 77.5750 50.0000 33.3497 42.7175 55.5058
19396.0000 0.0779 77.5535 50.0000 33.1308 43.4815 55.0114
19397.0000 0.0813 78.3397 50.0000 33.0579 44.0369 55.7228
19398.0000 0.0832 78.1279 50.0000 32.9660 43.6889 55.7539
19399.0000 0.0762 77.4124 50.0000 33.7872 42.6977 55.0274
19400.0000 0.0744 77.2193 50.0000 33.9782 42.4611 54.8211
19401.0000 0.0807 77.3919 50.0000 33.6012 42.3944 55.3460
19402.0000 0.0728 77.2422 50.0000 34.2283 42.3615 54.7748
19403.0000 0.0771 77.6005 50.0000 34.1673 42.3335 55.3382
19404.0000 0.0779 77.9226 50.0000 33.9669 42.8398 55.5242
19405.0000 0.0768 78.0026 50.0000 34.3539 42.5828 55.5961
19406.0000 0.0811 78.0712 50.0000 34.1398 42.4289 55.9409
19407.0000 0.0756 77.8850 50.0000 34.5013 42.4114 55.4707
19408.0000 0.0684 77.9106 50.0000 35.4009 42.1924 55.1058
19409.0000 0.0843 78.9420 50.0000 34.8048 42.2292 56.8960
19410.0000 0.0856 78.7544 50.0000 34.6659 42.0535 56.8511
19411.0000 0.0816 78.5275 50.0000 34.8503 42.0226 56.4458
19412.0000 0.0822 78.1193 50.0000 34.4359 42.0108 56.1416
19413.0000 0.0786 77.8739 50.0000 34.3929 42.1980 55.6848
19414.0000 0.0829 78.1511 50.0000 34.6918 41.6741 56.2792
19415.0000 0.0797 78.1333 50.0000 34.8158 41.8591 56.0401
19416.0000 0.0739 78.0530 50.0000 34.9110 42.2958 55.5388
19417.0000 0.0734 77.9634 50.0000 34.6894 42.5149 55.3844
19418.0000 0.0726 78.2248 50.0000 35.4521 41.9866 55.6722
19419.0000 0.0697 78.1564 50.0000 35.6644 41.9914 55.4365
19420.0000 0.0648 77.7167 50.0000 35.6993 42.0376 54.7566
19421.0000 0.0659 77.8212 50.0000 35.4474 42.3302 54.8432
19422.0000 0.0681 77.3191 50.0000 35.5359 41.4205 54.7703
19423.0000 0.0767 77.6366 50.0000 35.1732 41.2437 55.5809
19424.0000 0.0650 77.2773 50.0000 35.6488 41.5960 54.5044
19425.0000 0.0648 77.3477 50.0000 35.5334 41.8352 54.4965
19426.0000 0.0791 77.9981 50.0000 34.7759 41.8181 55.9070
19427.0000 0.0771 77.6543 50.0000 34.8445 41.5943 55.5515
19428.0000 0.0699 77.6310 50.0000 35.0028 42.1856 54.9705
19429.0000 0.0644 77.3951 50.0000 35.8389 41.5715 54.5654
19430.0000 0.0593 77.2657 50.0000 35.6635 42.2587 53.9658
19431.0000 0.0621 77.7602 50.0000 34.8570 43.4736 54.2373
19432.0000 0.0655 77.5274 50.0000 34.6088 43.0897 54.3691
19433.0000 0.0626 77.1297 50.0000 34.8413 42.7183 53.9466
19434.0000 0.0635 77.5897 50.0000 34.8681 43.0890 54.2929
19435.0000 0.0611 77.0018 50.0000 34.6267 43.0358 53.6487
19436.0000 0.0550 76.8338 50.0000 34.8651 43.3636 52.9854
19437.0000 0.0550 76.7128 50.0000 35.0714 42.9390 53.0197
19438.0000 0.0496 76.7297 50.0000 34.9033 44.0140 52.2683
19439.0000 0.0484 76.8460 50.0000 35.4202 43.5947 52.4426
19440.0000 0.0464 76.9507 50.0000 35.8407 43.4442 52.4354
19441.0000 0.0577 77.4983 50.0000 35.1948 43.3167 53.7677
19442.0000 0.0613 77.5827 50.0000 35.2470 42.8810 54.2028
19443.0000 0.0569 77.2629 50.0000 35.1746 43.1915 53.5424
19444.0000 0.0621 77.2160 50.0000 35.0757 42.5760 54.0305
19445.0000 0.0633 77.3827 50.0000 35.0029 42.7112 54.2092
19446.0000 0.0607 77.6660 50.0000 34.7357 43.7135 53.9868
19447.0000 0.0623 77.8833 50.0000 34.2794 44.3781 54.0493
19448.0000 0.0635 77.8736 50.0000 34.7233 43.5995 54.3845
19449.0000 0.0677 78.5771 50.0000 34.7288 43.8378 55.1952
19450.0000 0.0641 78.3741 50.0000 34.9551 43.7911 54.7995
19451.0000 0.0709 78.4041 50.0000 34.7159 43.2669 55.4074
19452.0000 0.0683 78.1874 50.0000 35.0391 42.9360 55.1547
19453.0000 0.0693 77.7627 50.0000 34.9048 42.5163 54.9642
19454.0000 0.0569 77.2537 50.0000 35.5004 42.7521 53.6667
19455.0000 0.0544 77.4382 50.0000 35.3126 43.5618 53.4048
19456.0000 0.0583 77.3472 50.0000 35.0325 43.2745 53.6901
19457.0000 0.0637 77.4739 50.0000 35.0018 42.7564 54.3044
19458.0000 0.0537 77.3285 50.0000 35.5979 43.1424 53.3968
19459.0000 0.0550 77.7447 50.0000 35.6321 43.4058 53.7636
19460.0000 0.0541 77.7280 50.0000 35.4597 43.7510 53.5734
19461.0000 0.0526 77.9625 50.0000 35.6080 44.0471 53.5730
19462.0000 0.0546 78.3423 50.0000 35.8869 43.8127 54.1303
19463.0000 0.0499 78.2574 50.0000 35.8879 44.4266 53.5028
19464.0000 0.0504 78.0356 50.0000 35.3060 44.9269 53.1470
19465.0000 0.0532 77.7291 50.0000 35.4396 43.9060 53.4612
19466.0000 0.0543 77.5749 50.0000 35.1824 43.9111 53.4029
19467.0000 0.0462 77.5119 50.0000 35.7367 44.3203 52.5994
19468.0000 0.0466 77.4428 50.0000 35.9381 43.8751 52.7334
19469.0000 0.0437 77.3572 50.0000 35.8554 44.3754 52.2432
19470.0000 0.0405 77.4414 50.0000 35.7306 45.3157 51.6429
19471.0000 0.0354 77.4359 50.0000 36.2162 45.5764 51.0637
19472.0000 0.0418 77.8353 50.0000 35.3408 46.3468 51.5881
19473.0000 0.0415 77.7940 50.0000 35.9404 45.2218 52.1075
19474.0000 0.0446 77.6239 50.0000 35.3647 45.3558 52.1313
19475.0000 0.0440 77.5708 50.0000 35.1543 45.7971 51.8076
19476.0000 0.0410 77.2186 50.0000 35.6965 44.9507 51.6518
19477.0000 0.0450 77.5159 50.0000 35.2216 45.3823 52.0442
19478.0000 0.0417 77.0732 50.0000 35.6236 44.7412 51.6668
19479.0000 0.0383 77.0700 50.0000 35.5222 45.6921 50.8939
19480.0000 0.0384 76.9462 50.0000 35.2924 45.9591 50.6253
19481.0000 0.0364 77.2013 50.0000 35.6316 46.1813 50.5738
19482.0000 0.0359 76.9641 50.0000 35.4548 46.3664 50.1655
19483.0000 0.0331 76.6135 50.0000 35.6538 46.1644 49.6717
19484.0000 0.0302 76.2820 50.0000 36.0318 45.6091 49.4011
19485.0000 0.0381 76.3637 50.0000 35.2432 45.2233 50.4400
19486.0000 0.0424 76.6968 50.0000 34.5594 46.0866 50.6367
19487.0000 0.0467 76.6859 50.0000 34.2250 45.6968 51.1974
19488.0000 0.0418 76.2137 50.0000 34.5773 45.4215 50.4958
19489.0000 0.0408 76.4293 50.0000 34.6476 45.8897 50.3500
19490.0000 0.0397 76.3212 50.0000 34.7186 45.8756 50.1496
19491.0000 0.0430 76.8477 50.0000 34.4099 46.5408 50.5518
19492.0000 0.0383 76.2526 50.0000 34.7966 45.9909 49.8848
19493.0000 0.0389 76.0073 50.0000 34.6897 45.6438 49.9038
19494.0000 0.0359 75.7726 50.0000 34.8240 45.8852 49.2274
19495.0000 0.0375 75.8251 50.0000 34.6572 45.8650 49.4442
19496.0000 0.0368 75.6532 50.0000 34.5104 46.2159 48.9543
19497.0000 0.0355 76.1985 50.0000 35.0561 46.1786 49.4451
19498.0000 0.0361 76.3338 50.0000 34.9911 46.4116 49.4817
19499.0000 0.0351 76.5905 50.0000 35.3123 46.3460 49.7111
19500.0000 0.0382 76.7559 50.0000 35.1159 46.1003 50.3299
19501.0000 0.0366 76.1773 50.0000 35.3828 45.0211 50.2409
19502.0000 0.0411 76.5591 50.0000 34.8202 45.6226 50.6698
19503.0000 0.0339 76.1035 50.0000 35.4792 45.4463 49.6750
19504.0000 0.0317 76.2878 50.0000 36.0345 45.1567 49.8218
19505.0000 0.0306 76.2504 50.0000 35.8796 45.7889 49.2966
19506.0000 0.0314 76.3859 50.0000 35.9310 45.6272 49.6179
19507.0000 0.0296 76.1929 50.0000 35.9675 45.8209 49.1135
19508.0000 0.0351 76.6409 50.0000 35.2711 46.5638 49.6144
19509.0000 0.0377 76.4468 50.0000 34.9484 46.1303 49.9472
19510.0000 0.0358 76.1026 50.0000 35.0762 45.8229 49.6137
19511.0000 0.0339 76.2206 50.0000 35.0461 47.0806 48.6289
19512.0000 0.0326 76.1255 50.0000 35.1894 47.0040 48.4502
19513.0000 0.0327 76.1791 50.0000 35.2361 46.8856 48.6149
19514.0000 0.0302 76.2688 50.0000 35.7254 46.5139 48.7553
19515.0000 0.0326 76.2851 50.0000 35.3243 46.8326 48.7680
19516.0000 0.0326 76.3149 50.0000 35.2926 47.0611 48.6174
19517.0000 0.0335 76.0983 50.0000 35.1166 46.6541 48.7973
19518.0000 0.0360 76.0573 50.0000 34.7690 46.5887 49.0442
19519.0000 0.0374 76.3542 50.0000 34.5785 47.4512 48.8125
19520.0000 0.0367 76.9656 50.0000 35.0052 47.5005 49.4170
19521.0000 0.0375 76.4272 50.0000 34.7356 46.8169 49.4239
19522.0000 0.0363 76.7175 50.0000 35.2462 46.3230 49.9746
19523.0000 0.0343 76.4212 50.0000 35.3697 46.1470 49.5948
19524.0000 0.0343 76.5688 50.0000 35.7809 45.4259 50.1896
19525.0000 0.0402 76.7648 50.0000 35.0955 45.6118 50.8006
19526.0000 0.0388 76.5684 50.0000 35.5929 44.7029 50.9658
19527.0000 0.0423 76.4148 50.0000 35.5525 43.8730 51.4820
19528.0000 0.0421 76.6468 50.0000 35.7425 43.9221 51.6533
19529.0000 0.0493 76.7852 50.0000 35.0881 43.8573 52.3578
19530.0000 0.0402 76.5425 50.0000 35.9775 43.7650 51.4684
19531.0000 0.0431 76.7341 50.0000 35.8499 43.6903 51.9043
19532.0000 0.0384 76.6898 50.0000 36.4608 43.5430 51.5359
19533.0000 0.0377 77.1483 50.0000 36.7827 43.7860 51.7850
19534.0000 0.0433 77.3448 50.0000 36.3052 43.7601 52.4329
19535.0000 0.0397 77.2117 50.0000 36.3645 44.1320 51.8810
19536.0000 0.0436 77.1608 50.0000 35.8846 44.1050 52.1615
19537.0000 0.0453 77.0245 50.0000 36.0026 43.4808 52.4023
19538.0000 0.0452 76.8994 50.0000 36.0099 43.3281 52.3400
19539.0000 0.0482 77.0958 50.0000 35.8197 43.3654 52.7272
19540.0000 0.0553 77.3512 50.0000 35.4689 43.1269 53.5279
19541.0000 0.0489 76.7559 50.0000 36.3905 42.1272 52.8441
19542.0000 0.0489 76.9629 50.0000 35.9468 42.9383 52.7959
19543.0000 0.0410 76.5680 50.0000 36.4100 43.0411 51.8116
19544.0000 0.0436 76.6625 50.0000 36.4742 42.6560 52.2230
19545.0000 0.0484 77.1211 50.0000 36.1932 42.8690 52.9146
19546.0000 0.0449 77.1077 50.0000 36.0378 43.5895 52.4102
19547.0000 0.0423 77.0390 50.0000 36.2350 43.6441 52.1270
19548.0000 0.0345 77.2036 50.0000 37.0119 44.1007 51.4358
19549.0000 0.0350 77.2976 50.0000 36.9670 44.1853 51.5366
19550.0000 0.0314 77.3632 50.0000 37.4156 44.3020 51.2102
19551.0000 0.0376 76.9853 50.0000 36.9673 43.3318 51.7930
19552.0000 0.0358 77.0509 50.0000 37.1537 43.4581 51.6512
19553.0000 0.0332 76.9297 50.0000 37.1453 43.7824 51.2007
19554.0000 0.0324 76.9438 50.0000 36.9112 44.3330 50.9166
19555.0000 0.0311 76.5220 50.0000 37.1896 43.5895 50.7198
19556.0000 0.0318 76.8521 50.0000 37.3641 43.6281 51.0564
19557.0000 0.0350 76.9959 50.0000 36.9329 43.8514 51.3944
19558.0000 0.0360 77.1496 50.0000 36.6604 44.2838 51.4493
19559.0000 0.0407 77.0491 50.0000 36.2143 43.9732 51.8792
19560.0000 0.0423 77.3852 50.0000 35.9489 44.5269 52.0913
19561.0000 0.0403 76.9867 50.0000 35.6777 44.8201 51.4315
19562.0000 0.0424 76.9634 50.0000 35.6975 44.3458 51.7929
19563.0000 0.0399 76.8178 50.0000 36.3122 43.6695 51.7240
19564.0000 0.0403 76.6264 50.0000 36.4916 43.0987 51.7926
19565.0000 0.0334 76.3534 50.0000 37.2905 42.8213 51.0450
19566.0000 0.0346 76.3445 50.0000 37.1601 42.7814 51.1603
19567.0000 0.0426 76.3948 50.0000 36.9072 41.9369 52.1088
19568.0000 0.0377 75.9313 50.0000 37.1012 41.8784 51.3348
19569.0000 0.0322 75.9087 50.0000 37.3866 42.3436 50.7088
19570.0000 0.0427 76.4046 50.0000 36.7506 42.1294 52.0786
19571.0000 0.0432 76.5822 50.0000 37.3195 41.5706 52.3829
19572.0000 0.0456 76.7062 50.0000 37.1195 41.6249 52.6627
19573.0000 0.0526 76.6274 50.0000 36.8439 40.9721 53.2501
19574.0000 0.0468 76.3677 50.0000 37.1679 41.0357 52.5989
19575.0000 0.0466 76.8546 50.0000 37.3423 41.3942 52.9028
19576.0000 0.0464 76.9912 50.0000 37.1510 41.7929 52.9226
19577.0000 0.0425 77.4242 50.0000 37.9749 41.8306 52.9397
19578.0000 0.0485 77.8583 50.0000 37.4716 42.1110 53.7071
19579.0000 0.0502 77.8401 50.0000 37.6676 41.6363 53.9134
19580.0000 0.0459 77.7405 50.0000 37.6642 42.0895 53.4178
19581.0000 0.0410 77.5250 50.0000 37.9946 42.1270 52.8380
19582.0000 0.0455 77.6011 50.0000 37.4104 42.2935 53.2321
19583.0000 0.0486 77.3185 50.0000 37.1246 41.9041 53.3288
19584.0000 0.0555 77.5892 50.0000 37.3189 41.1189 54.1906
19585.0000 0.0566 77.5599 50.0000 36.9914 41.3348 54.2090
19586.0000 0.0564 77.8706 50.0000 37.0255 41.6529 54.3873
19587.0000 0.0456 77.9579 50.0000 37.6357 42.4077 53.5030
19588.0000 0.0461 77.8512 50.0000 37.2358 42.7124 53.3849
19589.0000 0.0556 78.4961 50.0000 36.9206 42.5606 54.6545
19590.0000 0.0530 78.2945 50.0000 37.2602 42.2642 54.3640
19591.0000 0.0544 78.2150 50.0000 37.1945 42.0701 54.4451
19592.0000 0.0583 78.2902 50.0000 36.3051 42.7394 54.6319
19593.0000 0.0566 77.9496 50.0000 36.7854 41.9946 54.4006
19594.0000 0.0570 77.4632 50.0000 36.6006 41.6288 54.1110
19595.0000 0.0548 76.9858 50.0000 37.0181 40.8931 53.7049
19596.0000 0.0434 76.7974 50.0000 37.3256 41.7734 52.5321
19597.0000 0.0504 77.2703 50.0000 37.2906 41.4264 53.5160
19598.0000 0.0485 77.3174 50.0000 37.2683 41.7535 53.3451
19599.0000 0.0531 77.3547 50.0000 37.1250 41.3824 53.7864
19600.0000 0.0524 76.9734 50.0000 37.0493 41.1392 53.4773
19601.0000 0.0486 76.9638 50.0000 37.0019 41.6624 53.0899
19602.0000 0.0445 76.8047 50.0000 36.4295 42.7480 52.3877
19603.0000 0.0459 77.2383 50.0000 36.5308 42.9212 52.8112
19604.0000 0.0477 77.3154 50.0000 37.2177 41.9043 53.2592
19605.0000 0.0439 77.2290 50.0000 37.9090 41.4995 52.9625
19606.0000 0.0415 77.2388 50.0000 38.2925 41.3922 52.7845
19607.0000 0.0503 77.4679 50.0000 37.8456 41.0258 53.7202
19608.0000 0.0505 77.4738 50.0000 38.3255 40.4776 53.8044
19609.0000 0.0503 77.7734 50.0000 38.5727 40.5518 54.0036
19610.0000 0.0517 77.5214 50.0000 38.1957 40.5249 53.9295
19611.0000 0.0429 76.9331 50.0000 38.3880 40.7739 52.7500
19612.0000 0.0474 77.5205 50.0000 38.2683 40.9708 53.5384
19613.0000 0.0425 77.6319 50.0000 38.7741 41.1458 53.2006
19614.0000 0.0417 77.2853 50.0000 38.7456 40.9098 52.8978
19615.0000 0.0471 77.8785 50.0000 38.5039 41.1321 53.7649
19616.0000 0.0428 77.4247 50.0000 38.5683 41.1206 53.0676
19617.0000 0.0365 77.0368 50.0000 38.9663 41.0871 52.2318
19618.0000 0.0362 77.1662 50.0000 39.0570 41.1695 52.2900
19619.0000 0.0364 77.4133 50.0000 38.8938 41.6049 52.4321
19620.0000 0.0380 77.0065 50.0000 38.9766 40.8502 52.3649
19621.0000 0.0398 77.0955 50.0000 39.0772 40.6001 52.6148
19622.0000 0.0420 77.2119 50.0000 38.4117 41.1569 52.8426
19623.0000 0.0456 77.3238 50.0000 38.9184 40.2810 53.3083
19624.0000 0.0481 77.1204 50.0000 38.4521 40.2570 53.3700
19625.0000 0.0435 77.1852 50.0000 39.0432 40.2626 53.0293
19626.0000 0.0354 76.7876 50.0000 39.5958 40.2996 52.0044
19627.0000 0.0374 76.5413 50.0000 39.4719 39.9054 52.0393
19628.0000 0.0360 76.7812 50.0000 39.7066 40.1002 52.0645
19629.0000 0.0389 77.1934 50.0000 39.7983 40.0664 52.6271
19630.0000 0.0384 77.0659 50.0000 39.6368 40.1593 52.4910
19631.0000 0.0386 76.9545 50.0000 39.3785 40.2834 52.4269
19632.0000 0.0336 77.0565 50.0000 39.1883 41.2799 51.9418
19633.0000 0.0276 76.5997 50.0000 39.2006 41.6505 50.9516
19634.0000 0.0301 76.7926 50.0000 39.5711 41.0752 51.4204
19635.0000 0.0378 77.2487 50.0000 39.7253 40.3339 52.5590
19636.0000 0.0390 77.2482 50.0000 39.5081 40.4059 52.6664
19637.0000 0.0384 77.1586 50.0000 39.5352 40.3650 52.5460
19638.0000 0.0436 77.7965 50.0000 38.8689 41.0852 53.4183
19639.0000 0.0500 77.9402 50.0000 39.0051 40.3115 54.1135
19640.0000 0.0512 77.8707 50.0000 38.9380 40.1648 54.1706
19641.0000 0.0596 78.1572 50.0000 37.9611 40.5452 54.9872
19642.0000 0.0552 78.1119 50.0000 38.2438 40.6966 54.6138
19643.0000 0.0578 78.1081 50.0000 37.7847 40.8947 54.7797
19644.0000 0.0543 77.7642 50.0000 37.6678 41.0578 54.2463
19645.0000 0.0534 77.6591 50.0000 37.9184 40.7801 54.1305
19646.0000 0.0547 77.1397 50.0000 37.9361 40.0623 53.9110
19647.0000 0.0433 76.4920 50.0000 38.7700 39.8440 52.5392
19648.0000 0.0442 76.3021 50.0000 38.3529 39.9684 52.4747
19649.0000 0.0449 76.3452 50.0000 38.4846 39.7926 52.5744
19650.0000 0.0425 76.2493 50.0000 38.5929 39.8666 52.2992
19651.0000 0.0549 76.9828 50.0000 38.2640 39.5330 53.8457
19652.0000 0.0567 77.3841 50.0000 38.9358 39.0617 54.2816
19653.0000 0.0630 77.2409 50.0000 37.3994 39.8273 54.6006
19654.0000 0.0474 77.0305 50.0000 38.2424 40.4705 53.2292
19655.0000 0.0507 77.2607 50.0000 37.8940 40.6996 53.6358
19656.0000 0.0524 77.1029 50.0000 37.7709 40.4658 53.6724
19657.0000 0.0490 77.1858 50.0000 38.0599 40.6396 53.4557
19658.0000 0.0469 77.4161 50.0000 38.3982 40.7775 53.4417
19659.0000 0.0528 77.3586 50.0000 38.2569 40.1645 53.9218
19660.0000 0.0585 77.6914 50.0000 37.8006 40.3589 54.5732
19661.0000 0.0658 78.1066 50.0000 38.0891 39.6920 55.4473
19662.0000 0.0528 77.7125 50.0000 38.7580 40.0118 54.1858
19663.0000 0.0543 77.6231 50.0000 38.5622 39.9498 54.2431
19664.0000 0.0605 77.6710 50.0000 38.6455 39.2336 54.7725
19665.0000 0.0621 77.9614 50.0000 38.7153 39.2896 55.0947
19666.0000 0.0582 77.8261 50.0000 38.8439 39.4391 54.7047
19667.0000 0.0572 77.3476 50.0000 38.2900 39.6320 54.2756
19668.0000 0.0504 77.2562 50.0000 38.9525 39.6111 53.6859
19669.0000 0.0547 77.7558 50.0000 39.0392 39.5506 54.3843
19670.0000 0.0492 77.5259 50.0000 39.1476 39.8233 53.7759
19671.0000 0.0463 77.6495 50.0000 39.5464 39.8856 53.6158
19672.0000 0.0403 77.6669 50.0000 39.7970 40.3853 53.0789
19673.0000 0.0482 77.9648 50.0000 38.7593 40.8099 53.9516
19674.0000 0.0446 78.1173 50.0000 38.5424 41.6671 53.6717
19675.0000 0.0356 78.0571 50.0000 38.8935 42.4378 52.7185
19676.0000 0.0449 78.3428 50.0000 37.8277 42.7068 53.6916
19677.0000 0.0460 79.0450 50.0000 37.9593 43.1884 54.2399
19678.0000 0.0450 78.8213 50.0000 38.5436 42.3773 54.1419
19679.0000 0.0433 78.5927 50.0000 39.0748 41.7589 53.9089
19680.0000 0.0551 78.6785 50.0000 38.3446 41.1946 54.9819
19681.0000 0.0651 79.0558 50.0000 37.6727 41.1857 55.9850
19682.0000 0.0651 79.2373 50.0000 37.6413 41.4097 56.0974
19683.0000 0.0650 79.0413 50.0000 37.1466 41.7625 55.8888
19684.0000 0.0601 78.7994 50.0000 37.5377 41.6281 55.3839
19685.0000 0.0598 78.7976 50.0000 37.1736 42.0783 55.2865
19686.0000 0.0548 78.8042 50.0000 37.0074 42.9006 54.7730
19687.0000 0.0520 78.3675 50.0000 37.2773 42.4509 54.3119
19688.0000 0.0577 78.2482 50.0000 36.8852 42.0649 54.7065
19689.0000 0.0541 77.9223 50.0000 36.6422 42.4434 54.1091
19690.0000 0.0550 78.1047 50.0000 37.0162 42.0840 54.3976
19691.0000 0.0543 78.3418 50.0000 37.1924 42.2250 54.5088
19692.0000 0.0475 78.0770 50.0000 37.0039 43.0583 53.5976
19693.0000 0.0517 78.2934 50.0000 36.9119 42.8466 54.1437
19694.0000 0.0553 78.6281 50.0000 36.7773 42.9201 54.6596
19695.0000 0.0502 78.6445 50.0000 37.0979 43.2135 54.2338
19696.0000 0.0567 79.0573 50.0000 37.2716 42.6153 55.1799
19697.0000 0.0559 79.1214 50.0000 37.2667 42.8017 55.1308
19698.0000 0.0631 79.2288 50.0000 36.9646 42.3965 55.7975
19699.0000 0.0555 78.5962 50.0000 36.8177 42.8020 54.6792
19700.0000 0.0497 78.3202 50.0000 37.0003 43.0361 53.9715
19701.0000 0.0546 78.4388 50.0000 36.7114 42.8783 54.4645
19702.0000 0.0481 78.2881 50.0000 37.6569 42.4215 53.9574
19703.0000 0.0587 78.8720 50.0000 37.1304 42.3376 55.2236
19704.0000 0.0606 78.3244 50.0000 36.3126 42.4770 54.8800
19705.0000 0.0560 78.6540 50.0000 36.1653 43.6197 54.5513
19706.0000 0.0558 78.5682 50.0000 36.6078 42.9889 54.6332
19707.0000 0.0580 78.0964 50.0000 35.8599 43.1030 54.3622
19708.0000 0.0508 78.0342 50.0000 36.3639 43.3760 53.7171
19709.0000 0.0558 77.6507 50.0000 35.5113 43.3427 53.7587
19710.0000 0.0624 77.9449 50.0000 35.4217 42.9260 54.5717
19711.0000 0.0549 77.7425 50.0000 35.6293 43.4254 53.7464
19712.0000 0.0562 77.7114 50.0000 35.3536 43.5704 53.7662
19713.0000 0.0540 78.2301 50.0000 35.5050 44.3020 53.8207
19714.0000 0.0469 78.1100 50.0000 36.0446 44.4951 53.1239
19715.0000 0.0481 78.5303 50.0000 36.2262 44.5500 53.5721
19716.0000 0.0482 78.3051 50.0000 36.6617 43.6724 53.6687
19717.0000 0.0463 78.0619 50.0000 37.0536 43.1479 53.4692
19718.0000 0.0498 77.5842 50.0000 36.6599 42.6068 53.4792
19719.0000 0.0444 77.4593 50.0000 37.2136 42.5213 52.9814
19720.0000 0.0476 77.6827 50.0000 36.6306 43.0758 53.2660
19721.0000 0.0506 77.7834 50.0000 35.9010 43.7268 53.3792
19722.0000 0.0463 77.8768 50.0000 36.2038 44.0765 53.0220
19723.0000 0.0475 77.9856 50.0000 36.5830 43.5000 53.3965
19724.0000 0.0445 78.0294 50.0000 36.7568 43.7780 53.1132
19725.0000 0.0445 77.4717 50.0000 37.0482 42.7396 52.9398
19726.0000 0.0373 77.3015 50.0000 38.1862 42.1692 52.3364
19727.0000 0.0378 77.0861 50.0000 37.9577 42.1302 52.2162
19728.0000 0.0389 77.0194 50.0000 36.8649 43.3030 51.9404
19729.0000 0.0432 76.8704 50.0000 36.9735 42.3266 52.4449
19730.0000 0.0336 76.6858 50.0000 37.6304 42.7371 51.3634
19731.0000 0.0323 77.0929 50.0000 37.3329 43.8947 51.2136
19732.0000 0.0303 77.1988 50.0000 37.5434 44.1062 51.0372
19733.0000 0.0362 77.7941 50.0000 37.4571 43.8904 52.1778
19734.0000 0.0340 78.0317 50.0000 37.9281 43.9104 52.1755
19735.0000 0.0325 77.7526 50.0000 37.7514 44.0691 51.7514
19736.0000 0.0404 78.2594 50.0000 37.5480 43.6269 53.0224
19737.0000 0.0312 77.6123 50.0000 38.4666 43.1468 51.7913
19738.0000 0.0314 77.3352 50.0000 38.2046 43.1271 51.5868
19739.0000 0.0353 77.4487 50.0000 37.8038 43.1360 52.0429
19740.0000 0.0367 77.8815 50.0000 37.7435 43.5130 52.4172
19741.0000 0.0432 77.6916 50.0000 37.0197 43.2236 52.8889
19742.0000 0.0385 77.2690 50.0000 37.3716 42.9864 52.2113
19743.0000 0.0430 77.5535 50.0000 37.0596 43.0391 52.8088
19744.0000 0.0427 77.2399 50.0000 37.0656 42.7085 52.6130
19745.0000 0.0429 76.7757 50.0000 36.4099 42.9806 52.1679
19746.0000 0.0352 76.2606 50.0000 36.8508 43.0006 51.0750
19747.0000 0.0330 75.9849 50.0000 37.5375 42.1152 50.9014
19748.0000 0.0326 75.8537 50.0000 37.8870 41.5858 50.8819
19749.0000 0.0282 75.9016 50.0000 38.4562 41.6334 50.4860
19750.0000 0.0336 76.1871 50.0000 37.8528 41.8604 51.1796
19751.0000 0.0314 75.9678 50.0000 38.5063 41.1524 50.9397
19752.0000 0.0305 75.8884 50.0000 38.5609 41.1431 50.7874
19753.0000 0.0306 76.0843 50.0000 38.3990 41.5405 50.8795
19754.0000 0.0361 76.6445 50.0000 37.7946 42.0822 51.7207
19755.0000 0.0321 76.6875 50.0000 37.7377 42.8412 51.2002
19756.0000 0.0331 76.8167 50.0000 37.9247 42.5839 51.4698
19757.0000 0.0325 76.3512 50.0000 37.5903 42.5542 51.0451
19758.0000 0.0305 76.2252 50.0000 37.9616 42.2627 50.8238
19759.0000 0.0338 76.3175 50.0000 37.6075 42.2932 51.1988
19760.0000 0.0422 76.7466 50.0000 37.0758 42.1921 52.2996
19761.0000 0.0433 76.4646 50.0000 37.1967 41.5622 52.3052
19762.0000 0.0499 76.6344 50.0000 36.4395 41.7905 52.9012
19763.0000 0.0436 75.1000 49.0000 36.0496 41.3743 51.2699
19764.0000 0.0528 76.9731 50.0000 36.8920 41.2705 53.4845
19765.0000 0.0476 76.4758 50.0000 36.7490 41.5414 52.6533
19766.0000 0.0423 74.7857 49.0000 36.0070 41.2513 50.9385
19767.0000 0.0381 76.0996 50.0000 37.4681 41.5540 51.5805
19768.0000 0.0288 74.4102 49.0000 36.9465 41.6808 49.3411
19769.0000 0.0284 74.6305 49.0000 37.0948 41.8289 49.4372
19770.0000 0.0333 74.9741 49.0000 36.5184 42.1967 50.0696
19771.0000 0.0368 75.0530 49.0000 36.2659 42.0660 50.4795
19772.0000 0.0421 75.0020 49.0000 35.8537 41.7339 50.9716
19773.0000 0.0426 75.0898 49.0000 36.1194 41.4239 51.1656
19774.0000 0.0430 76.6412 50.0000 36.9201 42.1576 52.2830
19775.0000 0.0380 75.6901 49.0000 36.1495 42.8036 50.8926
19776.0000 0.0381 75.6868 49.0000 35.9837 43.0333 50.8114
19777.0000 0.0409 77.0028 50.0000 36.5342 43.4165 52.0547
19778.0000 0.0353 76.3968 50.0000 37.0093 42.9287 51.2241
19779.0000 0.0308 75.3798 49.0000 36.4942 43.2192 49.8236
19780.0000 0.0322 76.3548 50.0000 37.6331 42.5598 51.0144
19781.0000 0.0365 76.1145 50.0000 37.1830 42.1610 51.3156
19782.0000 0.0338 75.9056 50.0000 36.8411 42.8194 50.7040
19783.0000 0.0346 75.6449 50.0000 36.6060 42.6888 50.5946
19784.0000 0.0354 75.3499 50.0000 36.6831 42.0901 50.6002
19785.0000 0.0409 75.7506 50.0000 36.5200 41.9292 51.4431
19786.0000 0.0397 75.4418 50.0000 36.3564 41.9570 51.0811
19787.0000 0.0393 75.4708 50.0000 36.3820 42.0197 51.0543
19788.0000 0.0383 75.7770 50.0000 36.8511 41.9211 51.2521
19789.0000 0.0400 75.9806 50.0000 36.6481 42.1735 51.4914
19790.0000 0.0407 75.8115 50.0000 36.6742 41.8322 51.5019
19791.0000 0.0450 76.2580 50.0000 36.5616 41.8727 52.2036
19792.0000 0.0501 76.8117 50.0000 36.3683 42.0593 52.9944
19793.0000 0.0602 76.9937 50.0000 36.4296 40.9406 54.0812
19794.0000 0.0604 76.6390 50.0000 36.8320 40.0983 53.9358
19795.0000 0.0565 75.4513 49.0000 36.0497 40.1416 52.7444
19796.0000 0.0641 76.9998 50.0000 36.8380 40.0597 54.4716
19797.0000 0.0597 76.9177 50.0000 36.9047 40.3825 54.0706
19798.0000 0.0576 76.8673 50.0000 36.8274 40.6534 53.8481
19799.0000 0.0540 76.9266 50.0000 37.4299 40.4661 53.6582
19800.0000 0.0603 76.8508 50.0000 37.4116 39.6986 54.1336
19801.0000 0.0576 77.1873 50.0000 37.5183 40.2339 54.1432
19802.0000 0.0530 77.0230 50.0000 37.8662 40.2042 53.6873
19803.0000 0.0596 77.3435 50.0000 37.4391 40.2655 54.3968
19804.0000 0.0616 77.7407 50.0000 37.1827 40.7365 54.7870
19805.0000 0.0647 77.5359 50.0000 36.9045 40.4913 54.8664
19806.0000 0.0477 75.2884 49.0000 36.4556 40.5594 51.9064
19807.0000 0.0656 77.3566 50.0000 36.9345 40.1699 54.8294
19808.0000 0.0645 77.3015 50.0000 37.2892 39.8499 54.7451
19809.0000 0.0626 77.0576 50.0000 37.2492 39.8459 54.4305
19810.0000 0.0560 76.8156 50.0000 38.0754 39.4347 53.8127
19811.0000 0.0522 76.6916 50.0000 38.2613 39.5392 53.4259
19812.0000 0.0598 76.7873 50.0000 37.1772 39.9472 54.0220
19813.0000 0.0653 76.8849 50.0000 36.8770 39.7761 54.4907
19814.0000 0.0710 77.2742 50.0000 36.5483 39.9344 55.1432
19815.0000 0.0659 77.2209 50.0000 36.6519 40.3070 54.7270
19816.0000 0.0662 77.4059 50.0000 36.6365 40.4779 54.8724
19817.0000 0.0613 77.4733 50.0000 37.1458 40.5233 54.5909
19818.0000 0.0644 77.6987 50.0000 37.2024 40.3658 54.9879
19819.0000 0.0665 77.8121 50.0000 36.8548 40.6286 55.1884
19820.0000 0.0775 78.0350 50.0000 36.3272 40.2933 56.0913
19821.0000 0.0702 77.4379 50.0000 36.0450 40.7416 55.1136
19822.0000 0.0742 78.0029 50.0000 36.4114 40.5031 55.8404
19823.0000 0.0823 77.8670 50.0000 35.2747 40.7940 56.1677
19824.0000 0.0905 78.1599 50.0000 35.0416 40.5393 56.9002
19825.0000 0.0868 78.4115 50.0000 34.9956 41.2042 56.7968
19826.0000 0.0843 78.0225 50.0000 35.5222 40.4799 56.4541
19827.0000 0.0942 78.1353 50.0000 35.6958 39.4678 57.2122
19828.0000 0.0883 78.2562 50.0000 36.2504 39.5506 56.9710
19829.0000 0.0688 77.7746 50.0000 36.6951 40.5274 55.3163
19830.0000 0.0732 78.0525 50.0000 36.4312 40.6339 55.8019
19831.0000 0.0718 78.1364 50.0000 36.7091 40.5685 55.7847
19832.0000 0.0823 78.8270 50.0000 36.4881 40.4414 56.9808
19833.0000 0.0916 79.1919 50.0000 36.5146 39.8878 57.8533
19834.0000 0.0832 78.8211 50.0000 37.1492 39.6483 57.1027
19835.0000 0.0866 78.6001 50.0000 36.6644 39.6165 57.1334
19836.0000 0.0878 78.4336 50.0000 35.4008 40.6828 56.9520
19837.0000 0.0922 78.1303 50.0000 34.7717 40.6381 56.9545
19838.0000 0.0987 78.3368 50.0000 34.7644 40.2419 57.5211
19839.0000 0.0920 78.3709 50.0000 34.9877 40.6682 57.1310
19840.0000 0.0916 78.6205 50.0000 35.1045 40.8273 57.2886
19841.0000 0.1024 78.7520 50.0000 34.8874 40.1759 58.0573
19842.0000 0.0954 79.1063 50.0000 35.4669 40.5574 57.9224
19843.0000 0.0895 78.8305 50.0000 35.5405 40.7648 57.3529
19844.0000 0.0956 78.7708 50.0000 35.3607 40.3168 57.6976
19845.0000 0.1037 78.7691 50.0000 35.2174 39.7309 58.1872
19846.0000 0.1030 78.4935 50.0000 35.1038 39.6411 57.9442
19847.0000 0.1086 78.4090 50.0000 34.4541 39.7536 58.1424
19848.0000 0.0927 78.5281 50.0000 35.3128 40.4069 57.3319
19849.0000 0.0973 78.8514 50.0000 35.2651 40.3466 57.8451
19850.0000 0.0852 78.5106 50.0000 35.7446 40.6444 56.8706
19851.0000 0.0991 79.3201 50.0000 35.9522 39.9150 58.3602
19852.0000 0.1100 78.8883 50.0000 35.4555 39.0467 58.6653
19853.0000 0.1082 78.5038 50.0000 35.7562 38.5167 58.3165
19854.0000 0.1162 78.6369 50.0000 35.6677 38.0584 58.8484
19855.0000 0.1210 79.3180 50.0000 36.1978 37.7671 59.6214
19856.0000 0.1260 79.3656 50.0000 35.7574 37.8477 59.8988
19857.0000 0.1182 78.8404 50.0000 35.7853 37.9713 59.1049
19858.0000 0.1103 78.8540 50.0000 35.7326 38.6979 58.6822
19859.0000 0.1183 79.1056 50.0000 35.6639 38.3311 59.3002
19860.0000 0.1139 79.0264 50.0000 35.8616 38.4303 59.0104
19861.0000 0.1234 79.6561 50.0000 35.5639 38.5345 59.9617
19862.0000 0.1227 79.8228 50.0000 35.4736 38.8410 60.0390
19863.0000 0.1273 80.0661 50.0000 35.8957 38.2605 60.4831
19864.0000 0.1343 80.5708 50.0000 35.5186 38.5417 61.1934
19865.0000 0.1405 80.8088 50.0000 35.0813 38.7042 61.6551
19866.0000 0.1339 80.4342 50.0000 35.5709 38.3922 61.0771
19867.0000 0.1322 80.2796 50.0000 35.7287 38.2328 60.8813
19868.0000 0.1219 80.2099 50.0000 36.1319 38.6004 60.3168
19869.0000 0.1227 79.9820 50.0000 35.6443 38.8129 60.1678
19870.0000 0.1175 79.9158 50.0000 36.1775 38.6395 59.8725
19871.0000 0.1111 79.4139 50.0000 36.3246 38.5576 59.1642
19872.0000 0.1153 79.5073 50.0000 36.2037 38.4193 59.4530
19873.0000 0.1153 79.7475 50.0000 36.4590 38.3873 59.6391
19874.0000 0.1220 79.9123 50.0000 36.4540 37.9811 60.1209
19875.0000 0.1224 79.5917 50.0000 36.2245 37.8816 59.8966
19876.0000 0.1176 79.4964 50.0000 36.2459 38.1705 59.5729
19877.0000 0.1125 79.3927 50.0000 36.4092 38.3368 59.2272
19878.0000 0.1112 79.1390 50.0000 36.6245 37.9810 58.9837
19879.0000 0.1162 79.2081 50.0000 36.6888 37.5628 59.3034
19880.0000 0.1051 79.2452 50.0000 36.7325 38.5035 58.7197
19881.0000 0.1056 79.3377 50.0000 36.6836 38.5901 58.8184
19882.0000 0.0969 79.1782 50.0000 36.6274 39.2715 58.1840
19883.0000 0.1007 79.5023 50.0000 36.7610 39.1053 58.6518
19884.0000 0.0703 75.9996 49.0000 35.9906 39.2960 54.1889
19885.0000 0.0989 79.5221 50.0000 36.0664 40.0089 58.5001
19886.0000 0.1043 79.4926 50.0000 35.4475 40.1398 58.7482
19887.0000 0.0962 79.5800 50.0000 36.0730 40.3084 58.3690
19888.0000 0.0920 79.3001 50.0000 36.5999 39.8671 57.9618
19889.0000 0.0971 79.4724 50.0000 36.4380 39.7328 58.3904
19890.0000 0.0736 76.4814 49.0000 35.6427 39.8396 54.6974
19891.0000 0.1107 80.2318 50.0000 36.2689 39.4285 59.7252
19892.0000 0.1143 80.5976 50.0000 35.5846 40.1795 60.1275
19893.0000 0.1117 80.3172 50.0000 36.0151 39.6892 59.8209
19894.0000 0.1112 80.4867 50.0000 35.2893 40.6488 59.8369
19895.0000 0.1057 80.2085 50.0000 35.0751 41.1039 59.2758
19896.0000 0.1148 80.3474 50.0000 34.9157 40.5872 59.9106
19897.0000 0.1095 79.9754 50.0000 34.8442 40.7776 59.3223
19898.0000 0.1060 79.7233 50.0000 34.9646 40.7254 58.9467
19899.0000 0.1071 79.4769 50.0000 34.4753 40.8996 58.7813
19900.0000 0.1109 79.4541 50.0000 34.3761 40.6477 58.9831
19901.0000 0.0977 79.0714 50.0000 35.1577 40.6419 58.0040
19902.0000 0.0935 78.3959 50.0000 35.1453 40.3779 57.2743
19903.0000 0.0913 78.4169 50.0000 35.8516 39.8493 57.2356
19904.0000 0.0937 78.4854 50.0000 35.7187 39.8364 57.4211
19905.0000 0.0879 78.3617 50.0000 35.9841 39.9725 56.9903
19906.0000 0.0936 78.5221 50.0000 35.5015 40.1079 57.4170
19907.0000 0.0795 78.2635 50.0000 35.8753 40.8214 56.3183
19908.0000 0.0767 77.9924 50.0000 35.7661 40.9480 55.9183
19909.0000 0.0785 78.5038 50.0000 35.6320 41.4372 56.3575
19910.0000 0.0704 77.9363 50.0000 35.8316 41.4843 55.4005
19911.0000 0.0648 78.1659 50.0000 36.1426 42.0048 55.1291
19912.0000 0.0679 77.8748 50.0000 35.5540 42.0220 55.0867
19913.0000 0.0647 77.7498 50.0000 36.0020 41.7347 54.8370
19914.0000 0.0677 77.4287 50.0000 36.0211 41.0290 54.9027
19915.0000 0.0694 77.6808 50.0000 35.3547 41.8775 55.0511
19916.0000 0.0718 77.7443 50.0000 35.3131 41.7288 55.2799
19917.0000 0.0713 78.0646 50.0000 35.4891 41.9170 55.4759
19918.0000 0.0795 78.3399 50.0000 35.1784 41.6767 56.2377
19919.0000 0.0879 78.2822 50.0000 34.8755 41.0978 56.7694
19920.0000 0.0838 78.2451 50.0000 35.4738 40.8048 56.5586
19921.0000 0.0736 77.5802 50.0000 35.6227 40.9990 55.3967
19922.0000 0.0786 78.1277 50.0000 35.8681 40.7786 56.1651
19923.0000 0.0622 77.4575 50.0000 36.3406 41.3117 54.5193
19924.0000 0.0806 77.6036 50.0000 35.0467 40.9489 55.8322
19925.0000 0.0851 77.5448 50.0000 35.0059 40.4813 56.1163
19926.0000 0.0835 77.5828 50.0000 34.1952 41.5891 55.8581
19927.0000 0.0898 78.1174 50.0000 34.3787 41.2977 56.7003
19928.0000 0.0908 77.9318 50.0000 34.2103 41.1951 56.6215
19929.0000 0.0835 77.9367 50.0000 34.6926 41.3909 56.1903
19930.0000 0.0799 77.9753 50.0000 34.4688 42.0677 55.8781
19931.0000 0.0827 77.8999 50.0000 34.7454 41.3783 56.1158
19932.0000 0.0749 77.4390 50.0000 34.9793 41.4452 55.2769
19933.0000 0.0926 78.1038 50.0000 34.4599 40.9192 56.9064
19934.0000 0.0810 77.9481 50.0000 35.0401 41.2731 56.0770
19935.0000 0.0798 77.6645 50.0000 35.3640 40.7366 55.8721
19936.0000 0.0836 77.9066 50.0000 35.6235 40.3150 56.3481
19937.0000 0.0820 77.6899 50.0000 35.8239 40.0353 56.1208
19938.0000 0.0774 77.7457 50.0000 36.5725 39.7450 55.9212
19939.0000 0.0885 77.8066 50.0000 36.3114 39.0179 56.6829
19940.0000 0.1018 78.4879 50.0000 35.7970 39.0154 57.9373
19941.0000 0.1010 78.8384 50.0000 36.2865 38.9259 58.1683
19942.0000 0.1022 78.7748 50.0000 36.2120 38.8372 58.1878
19943.0000 0.0936 77.9096 50.0000 35.9562 39.0217 57.0471
19944.0000 0.0909 77.9991 50.0000 35.2614 40.0952 56.8584
19945.0000 0.0793 77.6712 50.0000 35.6993 40.4264 55.8936
19946.0000 0.0748 77.8182 50.0000 35.9176 40.7936 55.6909
19947.0000 0.0758 77.9217 50.0000 35.8802 40.8427 55.8236
19948.0000 0.0785 78.5499 50.0000 36.0866 40.9769 56.4689
19949.0000 0.0779 78.0432 50.0000 35.5016 41.1673 55.9968
19950.0000 0.0825 78.1835 50.0000 35.4825 40.8692 56.4212
19951.0000 0.0839 78.1559 50.0000 36.0139 40.1214 56.5829
19952.0000 0.0845 78.3102 50.0000 36.5545 39.6408 56.7879
19953.0000 0.0778 78.1850 50.0000 36.9939 39.7074 56.2820
19954.0000 0.0649 78.2220 50.0000 37.1864 40.8737 55.3641
19955.0000 0.0702 78.2612 50.0000 36.7483 40.8182 55.7518
19956.0000 0.0757 78.1379 50.0000 36.1044 40.8272 55.9924
19957.0000 0.0709 78.2137 50.0000 36.2831 41.2155 55.6974
19958.0000 0.0719 78.1201 50.0000 36.9648 40.2590 55.8172
19959.0000 0.0700 78.1471 50.0000 37.3681 40.0568 55.7320
19960.0000 0.0751 78.4761 50.0000 37.0151 40.2468 56.2901
19961.0000 0.0718 78.4089 50.0000 36.8784 40.6663 55.9838
19962.0000 0.0609 78.0973 50.0000 37.1567 41.2144 54.9540
19963.0000 0.0624 78.0568 50.0000 36.8490 41.3565 54.9969
19964.0000 0.0636 78.4798 50.0000 36.6703 41.8670 55.3311
19965.0000 0.0445 76.8235 49.0000 37.0284 42.0105 52.5915
19966.0000 0.0534 77.7234 50.0000 37.4392 41.3814 54.1000
19967.0000 0.0556 77.4395 50.0000 36.4797 41.9130 53.9390
19968.0000 0.0615 77.7608 50.0000 36.1353 41.9652 54.5885
19969.0000 0.0646 77.7195 50.0000 35.9406 41.7812 54.7989
19970.0000 0.0661 77.5358 50.0000 36.1826 41.1332 54.8696
19971.0000 0.0632 77.2305 50.0000 35.7085 41.6848 54.3308
19972.0000 0.0593 77.0681 50.0000 35.9235 41.7223 53.9281
19973.0000 0.0510 76.9388 50.0000 36.8821 41.4687 53.2883
19974.0000 0.0631 77.4966 50.0000 36.3250 41.2718 54.6155
19975.0000 0.0570 77.1744 50.0000 36.5209 41.4084 53.9207
19976.0000 0.0584 77.0995 50.0000 36.2720 41.4490 53.9505
19977.0000 0.0570 76.8839 50.0000 36.3865 41.2550 53.7138
19978.0000 0.0510 76.9479 50.0000 36.7703 41.6068 53.2710
19979.0000 0.0535 77.5477 50.0000 36.6245 42.1274 53.8291
19980.0000 0.0514 77.3853 50.0000 36.4157 42.4766 53.4614
19981.0000 0.0599 77.7540 50.0000 35.9490 42.3665 54.3914
19982.0000 0.0575 77.3980 50.0000 35.7381 42.5429 53.8826
19983.0000 0.0541 77.3299 50.0000 36.1090 42.4414 53.6171
19984.0000 0.0506 77.5065 50.0000 36.5330 42.5788 53.4756
19985.0000 0.0520 77.3537 50.0000 36.3588 42.4363 53.4864
19986.0000 0.0549 77.4249 50.0000 36.4720 41.9986 53.8566
19987.0000 0.0591 77.2491 50.0000 36.1911 41.6237 54.0841
19988.0000 0.0625 77.6522 50.0000 35.9085 41.9984 54.5580
19989.0000 0.0715 78.1996 50.0000 36.1169 41.3251 55.7045
19990.0000 0.0761 78.0354 50.0000 35.9463 40.8570 55.9294
19991.0000 0.0769 78.2872 50.0000 35.4557 41.5844 56.0582
19992.0000 0.0694 78.3000 50.0000 35.6062 42.2473 55.4820
19993.0000 0.0664 78.0859 50.0000 35.8496 42.0821 55.1480
19994.0000 0.0621 78.2701 50.0000 36.1834 42.3951 54.9511
19995.0000 0.0656 78.2662 50.0000 35.9834 42.2079 55.2204
19996.0000 0.0658 78.1720 50.0000 35.4711 42.7006 55.0393
19997.0000 0.0630 77.5944 50.0000 35.4137 42.4703 54.4337
19998.0000 0.0607 77.5070 50.0000 35.3189 42.7740 54.1322
19999.0000 0.0531 77.1338 50.0000 35.5220 43.1016 53.1983
20000.0000 0.0556 76.6755 50.0000 35.0348 42.8658 53.0491
