# Time(ns) Kappa2 Rg(A) Size L_minor(A) L_mid(A) L_major(A)
# Generated from /data/jychen/MD_projects/curvature_phase/Alpha-Synuclein/martini3001/Martini_alhx/mdrun/M3IDP/W_cluster/alhx_0/TR_Mdvwhole/clus_centered.xtc
# AvgKappa2=0.0447+-0.0314
10000.0000 0.0179 73.5004 50.0000 36.8386 43.1410 46.7342
10001.0000 0.0176 73.2797 50.0000 36.5884 43.4291 46.3154
10002.0000 0.0156 72.9456 50.0000 36.8681 42.9390 46.0221
10003.0000 0.0124 72.7780 50.0000 37.5037 42.4952 45.6538
10004.0000 0.0096 73.1207 50.0000 38.3141 42.5154 45.5094
10005.0000 0.0090 73.0795 50.0000 38.2136 42.9556 45.1126
10006.0000 0.0089 73.1244 50.0000 38.1306 43.4171 44.8127
10007.0000 0.0093 73.3573 50.0000 38.2740 43.1704 45.3069
10008.0000 0.0091 73.4974 50.0000 38.4869 43.0212 45.4951
10009.0000 0.0100 73.5160 50.0000 38.3960 42.8293 45.7821
10010.0000 0.0083 72.8261 50.0000 38.4008 42.4114 45.0587
10011.0000 0.0077 72.5674 50.0000 38.1862 42.8285 44.4248
10012.0000 0.0055 72.4704 50.0000 38.9085 42.1255 44.3118
10013.0000 0.0042 72.1747 50.0000 39.0654 42.1259 43.6862
10014.0000 0.0035 72.0889 50.0000 39.1050 42.4900 43.1534
10015.0000 0.0033 71.8130 50.0000 39.0057 42.4161 42.8549
10016.0000 0.0046 71.9525 50.0000 38.6601 42.5922 43.2257
10017.0000 0.0052 71.9134 50.0000 38.4953 42.3652 43.5298
10018.0000 0.0071 72.0014 50.0000 38.0803 42.3112 44.0891
10019.0000 0.0067 71.9545 50.0000 38.1544 42.3176 43.9421
10020.0000 0.0087 71.9652 50.0000 37.8597 41.9017 44.6082
10021.0000 0.0096 72.0462 50.0000 37.3278 43.1281 44.0143
10022.0000 0.0078 71.7865 50.0000 37.6542 42.7572 43.6724
10023.0000 0.0080 71.9455 50.0000 37.6491 43.2344 43.4682
10024.0000 0.0081 72.2204 50.0000 37.7645 43.3238 43.7342
10025.0000 0.0081 71.8957 50.0000 37.5808 43.1879 43.4912
10026.0000 0.0075 71.9998 50.0000 37.8052 43.1344 43.5219
10027.0000 0.0083 71.8297 50.0000 37.5330 43.0000 43.6094
10028.0000 0.0077 71.6907 50.0000 37.5957 42.8531 43.4712
10029.0000 0.0078 72.0055 50.0000 37.7956 42.7902 43.8781
10030.0000 0.0096 72.0099 50.0000 37.2811 43.3544 43.7715
10031.0000 0.0099 72.1105 50.0000 37.3776 42.8059 44.3901
10032.0000 0.0091 72.0300 50.0000 37.5324 42.6854 44.2447
10033.0000 0.0068 72.2528 50.0000 38.1779 42.9192 43.8276
10034.0000 0.0093 72.1133 50.0000 37.5118 42.8537 44.2353
10035.0000 0.0068 72.0789 50.0000 38.2052 42.3168 44.1024
10036.0000 0.0070 72.1750 50.0000 38.1819 42.4873 44.1158
10037.0000 0.0073 72.3014 50.0000 38.0632 42.9163 44.0100
10038.0000 0.0077 72.2640 50.0000 37.9589 42.9460 44.0097
10039.0000 0.0078 72.5629 50.0000 38.1628 42.8232 44.4427
10040.0000 0.0095 72.4957 50.0000 37.5971 43.4136 44.2419
10041.0000 0.0086 72.3843 50.0000 37.7790 43.0605 44.2496
10042.0000 0.0100 72.0461 50.0000 37.2465 43.1179 44.0930
10043.0000 0.0134 72.1812 50.0000 36.6299 43.2526 44.6943
10044.0000 0.0124 72.0914 50.0000 36.7239 43.5312 44.1991
10045.0000 0.0113 72.2495 50.0000 37.0320 43.5133 44.2178
10046.0000 0.0113 72.5565 50.0000 37.2970 43.1822 44.8183
10047.0000 0.0091 72.4025 50.0000 37.7838 42.7562 44.5693
10048.0000 0.0070 72.1637 50.0000 38.0561 42.9230 43.7831
10049.0000 0.0069 71.7082 50.0000 37.8591 42.5522 43.5668
10050.0000 0.0057 71.7289 50.0000 38.1610 42.7592 43.1326
10051.0000 0.0057 72.1167 50.0000 38.3899 42.8565 43.4782
10052.0000 0.0084 72.2296 50.0000 37.7808 42.8405 44.2088
10053.0000 0.0059 72.0121 50.0000 38.3840 42.3363 43.8184
10054.0000 0.0075 71.6264 50.0000 37.9665 41.6885 44.1696
10055.0000 0.0084 71.6226 50.0000 37.5831 42.0896 44.1109
10056.0000 0.0085 71.7848 50.0000 37.6760 42.1396 44.2474
10057.0000 0.0098 71.5870 50.0000 37.1120 42.5957 43.9660
10058.0000 0.0063 71.3952 50.0000 38.0002 41.8651 43.5956
10059.0000 0.0074 71.5432 50.0000 37.7289 42.1699 43.7796
10060.0000 0.0063 71.4753 50.0000 37.9423 42.1758 43.4775
10061.0000 0.0084 71.4873 50.0000 37.3472 42.6068 43.5923
10062.0000 0.0103 71.6829 50.0000 36.9993 42.9028 43.9186
10063.0000 0.0103 71.6618 50.0000 37.0701 42.5381 44.1784
10064.0000 0.0106 71.5866 50.0000 36.9501 42.5557 44.1400
10065.0000 0.0106 71.5557 50.0000 36.8782 42.7547 43.9574
10066.0000 0.0111 71.1414 50.0000 36.5358 42.7022 43.6206
10067.0000 0.0109 71.2819 50.0000 36.6284 42.9431 43.5358
10068.0000 0.0135 71.1672 50.0000 36.0202 43.0341 43.7652
10069.0000 0.0140 71.7587 50.0000 36.2128 43.5024 44.1077
10070.0000 0.0122 71.5877 50.0000 36.7277 42.3067 44.5649
10071.0000 0.0101 71.7201 50.0000 37.0617 42.9130 43.9167
10072.0000 0.0117 71.8701 50.0000 36.7684 43.2884 44.0400
10073.0000 0.0099 71.8330 50.0000 37.1567 43.0459 43.8909
10074.0000 0.0109 71.8094 50.0000 36.9268 43.0499 44.0421
10075.0000 0.0146 71.9087 50.0000 36.1842 43.5591 44.3189
10076.0000 0.0170 71.7799 50.0000 35.6581 43.5823 44.5133
10077.0000 0.0159 71.7737 50.0000 35.8488 43.6733 44.2603
10078.0000 0.0152 71.7205 50.0000 35.9392 43.7357 44.0385
10079.0000 0.0132 71.7031 50.0000 36.3449 43.4351 43.9746
10080.0000 0.0151 71.6787 50.0000 35.9826 43.3896 44.2768
10081.0000 0.0148 71.5500 50.0000 35.9567 43.3684 44.1101
10082.0000 0.0179 71.7062 50.0000 35.5835 43.0186 44.9999
10083.0000 0.0153 71.6850 50.0000 36.2253 42.3406 45.0971
10084.0000 0.0128 71.5178 50.0000 36.4665 42.5971 44.3899
10085.0000 0.0109 71.5713 50.0000 36.9965 42.2013 44.4158
10086.0000 0.0106 71.8090 50.0000 37.1264 42.5113 44.3954
10087.0000 0.0125 71.8322 50.0000 36.7995 42.4455 44.7664
10088.0000 0.0141 72.3435 50.0000 36.6163 43.1995 45.0181
10089.0000 0.0166 72.4472 50.0000 36.3406 42.9526 45.6401
10090.0000 0.0117 72.1455 50.0000 36.9728 43.1033 44.4983
10091.0000 0.0126 72.1588 50.0000 36.8471 42.9451 44.7762
10092.0000 0.0122 72.2294 50.0000 37.1285 42.4560 45.1226
10093.0000 0.0129 71.9163 50.0000 36.7779 42.4593 44.9060
10094.0000 0.0124 71.8345 50.0000 36.9876 42.0310 45.0056
10095.0000 0.0131 71.6117 50.0000 36.8012 41.7645 45.0514
10096.0000 0.0133 71.7029 50.0000 36.8182 41.8072 45.1429
10097.0000 0.0107 71.4662 50.0000 37.1556 41.6974 44.5892
10098.0000 0.0135 71.0767 50.0000 36.3284 41.7235 44.6239
10099.0000 0.0141 71.1911 50.0000 36.3505 41.6543 44.8523
10100.0000 0.0161 71.7337 50.0000 36.2701 42.0303 45.4275
10101.0000 0.0168 71.8254 50.0000 36.2539 41.9759 45.6351
10102.0000 0.0133 71.8210 50.0000 36.5573 42.7037 44.7014
10103.0000 0.0161 72.1223 50.0000 36.3605 42.4777 45.5543
10104.0000 0.0208 72.7338 50.0000 35.9089 42.9129 46.4677
10105.0000 0.0211 72.3589 50.0000 35.6433 42.7729 46.2153
10106.0000 0.0200 72.1340 50.0000 35.7566 42.5035 46.0243
10107.0000 0.0224 72.1811 50.0000 35.0490 43.5455 45.6669
10108.0000 0.0218 72.0171 50.0000 35.1649 43.1100 45.7321
10109.0000 0.0199 71.9135 50.0000 35.5586 42.5980 45.7443
10110.0000 0.0184 71.7814 50.0000 35.5229 43.1229 45.0678
10111.0000 0.0183 71.7272 50.0000 35.7107 42.5035 45.4202
10112.0000 0.0184 71.8854 50.0000 35.6417 42.9851 45.2710
10113.0000 0.0150 72.0204 50.0000 36.2811 43.0317 44.9320
10114.0000 0.0159 72.1425 50.0000 36.0397 43.8583 44.5211
10115.0000 0.0174 72.4905 50.0000 35.9028 44.4816 44.5786
10116.0000 0.0156 72.4598 50.0000 36.2508 44.0644 44.6613
10117.0000 0.0144 72.1288 50.0000 36.4578 43.0855 44.9114
10118.0000 0.0171 72.0986 50.0000 36.2184 42.4196 45.6839
10119.0000 0.0146 71.8746 50.0000 36.3646 42.6641 44.9816
10120.0000 0.0147 71.9336 50.0000 36.1881 43.4080 44.5040
10121.0000 0.0173 72.0224 50.0000 35.7489 43.6614 44.7540
10122.0000 0.0171 72.0868 50.0000 35.9293 43.1507 45.2063
10123.0000 0.0190 72.2065 50.0000 35.5622 43.7125 45.1478
10124.0000 0.0178 72.3040 50.0000 35.8335 43.6166 45.1821
10125.0000 0.0202 72.3712 50.0000 35.5067 43.5742 45.5868
10126.0000 0.0192 72.0077 50.0000 35.4621 43.4759 45.1375
10127.0000 0.0212 72.2404 50.0000 35.3405 43.2970 45.7722
10128.0000 0.0219 72.2199 50.0000 35.6352 42.2936 46.4445
10129.0000 0.0210 72.4346 50.0000 35.6892 42.8234 46.2515
10130.0000 0.0219 72.4626 50.0000 35.3250 43.4937 45.9485
10131.0000 0.0219 72.3505 50.0000 35.4656 42.8780 46.2413
10132.0000 0.0203 72.4624 50.0000 36.0521 42.3174 46.4788
10133.0000 0.0217 72.1888 50.0000 35.6864 42.1986 46.4434
10134.0000 0.0170 71.8514 50.0000 36.5268 41.4356 45.9512
10135.0000 0.0195 71.9714 50.0000 36.5047 41.0134 46.5316
10136.0000 0.0214 71.9015 50.0000 36.2558 40.8941 46.7228
10137.0000 0.0184 71.8251 50.0000 36.5244 41.0458 46.2608
10138.0000 0.0175 71.8834 50.0000 36.5695 41.2709 46.1151
10139.0000 0.0162 71.7633 50.0000 36.6706 41.2849 45.8345
10140.0000 0.0185 71.8612 50.0000 36.5473 41.0278 46.3145
10141.0000 0.0198 71.7936 50.0000 36.3933 40.8808 46.4609
10142.0000 0.0179 71.5227 50.0000 36.2382 41.2121 45.8677
10143.0000 0.0187 71.6795 50.0000 36.1173 41.4495 45.9937
10144.0000 0.0163 71.3874 50.0000 36.2881 41.3631 45.4799
10145.0000 0.0160 71.3326 50.0000 36.1395 41.6695 45.2319
10146.0000 0.0180 71.4994 50.0000 35.9858 41.6197 45.6618
10147.0000 0.0168 71.4316 50.0000 35.9612 41.9345 45.2854
10148.0000 0.0184 71.3277 50.0000 35.5283 42.1894 45.2265
10149.0000 0.0208 71.5069 50.0000 35.5823 41.5898 46.0155
10150.0000 0.0211 71.7261 50.0000 35.6484 41.7274 46.1805
10151.0000 0.0180 71.4962 50.0000 36.0882 41.4282 45.7499
10152.0000 0.0196 71.3871 50.0000 35.8251 41.2991 45.9028
10153.0000 0.0168 71.7819 50.0000 36.1909 42.0260 45.5704
10154.0000 0.0181 72.0247 50.0000 35.7676 43.0398 45.3410
10155.0000 0.0198 72.0154 50.0000 35.4427 43.1798 45.4481
10156.0000 0.0208 72.3089 50.0000 35.3538 43.6107 45.5719
10157.0000 0.0174 72.4525 50.0000 36.0177 43.5436 45.3437
10158.0000 0.0177 72.2947 50.0000 35.8693 43.5539 45.1992
10159.0000 0.0148 72.2786 50.0000 36.5588 42.8232 45.3191
10160.0000 0.0183 72.3899 50.0000 36.0710 42.8149 45.8919
10161.0000 0.0139 72.2074 50.0000 36.6931 42.7917 45.1265
10162.0000 0.0137 72.3227 50.0000 36.7631 42.8970 45.1541
10163.0000 0.0127 72.1020 50.0000 37.0034 42.3031 45.1652
10164.0000 0.0105 72.0570 50.0000 37.2570 42.7052 44.5017
10165.0000 0.0120 71.9372 50.0000 36.9982 42.3526 44.8593
10166.0000 0.0142 71.9805 50.0000 36.7021 42.1770 45.3349
10167.0000 0.0146 72.2363 50.0000 36.5235 42.9469 45.1628
10168.0000 0.0119 72.0746 50.0000 36.8179 43.5048 44.1194
10169.0000 0.0104 71.9972 50.0000 37.0998 43.4927 43.7673
10170.0000 0.0125 72.0596 50.0000 36.6545 43.6960 44.0420
10171.0000 0.0158 72.1868 50.0000 36.0962 43.7956 44.6088
10172.0000 0.0125 71.9411 50.0000 36.6190 43.4475 44.1235
10173.0000 0.0131 71.7495 50.0000 36.4622 43.0006 44.3785
10174.0000 0.0135 72.0524 50.0000 36.5330 43.2245 44.5929
10175.0000 0.0105 71.6240 50.0000 36.9677 42.6434 44.1013
10176.0000 0.0114 71.8430 50.0000 37.0700 42.2583 44.7377
10177.0000 0.0073 71.5891 50.0000 37.8992 41.8353 44.0280
10178.0000 0.0083 71.6192 50.0000 38.0112 41.2209 44.5566
10179.0000 0.0068 71.5961 50.0000 38.3141 41.2541 44.2281
10180.0000 0.0079 71.5536 50.0000 37.9919 41.3307 44.3656
10181.0000 0.0078 71.6485 50.0000 37.9710 41.5424 44.3390
10182.0000 0.0069 71.4020 50.0000 37.9430 41.6490 43.8627
10183.0000 0.0055 71.3744 50.0000 38.2155 41.7782 43.4564
10184.0000 0.0043 71.1079 50.0000 38.3554 41.7344 42.9353
10185.0000 0.0050 71.3264 50.0000 38.2088 42.1948 42.9785
10186.0000 0.0057 71.4309 50.0000 38.1186 42.0598 43.3626
10187.0000 0.0071 71.6703 50.0000 37.8427 42.3811 43.6853
10188.0000 0.0088 72.0224 50.0000 37.6503 42.4804 44.3294
10189.0000 0.0064 71.8943 50.0000 38.0628 42.8902 43.3641
10190.0000 0.0059 71.7743 50.0000 38.1191 42.8613 43.1438
10191.0000 0.0072 71.5756 50.0000 37.7028 42.5812 43.4559
10192.0000 0.0096 71.6907 50.0000 37.1283 43.0219 43.7054
10193.0000 0.0109 71.7789 50.0000 36.8730 43.4188 43.6737
10194.0000 0.0093 71.6872 50.0000 37.2990 42.5000 44.0635
10195.0000 0.0107 71.6345 50.0000 36.8831 42.8612 43.9779
10196.0000 0.0080 71.2950 50.0000 37.3250 42.5558 43.3455
10197.0000 0.0071 71.4159 50.0000 37.5955 42.7194 43.1494
10198.0000 0.0087 71.5373 50.0000 37.3116 42.6398 43.6725
10199.0000 0.0085 71.5927 50.0000 37.4261 42.4454 43.8543
10200.0000 0.0095 71.8820 50.0000 37.2474 43.1524 43.7895
10201.0000 0.0087 71.9889 50.0000 37.6570 42.4818 44.2680
10202.0000 0.0068 71.8114 50.0000 38.0688 42.1983 43.8969
10203.0000 0.0076 71.7307 50.0000 37.7989 42.2108 43.9863
10204.0000 0.0107 72.0224 50.0000 37.5260 41.8508 45.0281
10205.0000 0.0127 72.3477 50.0000 37.6475 41.4824 45.7829
10206.0000 0.0109 72.2941 50.0000 37.8016 41.6802 45.3899
10207.0000 0.0118 72.3839 50.0000 37.4583 42.1803 45.3555
10208.0000 0.0160 72.3995 50.0000 37.0214 41.6596 46.2122
10209.0000 0.0158 72.4525 50.0000 36.8680 42.0769 46.0396
10210.0000 0.0154 72.3963 50.0000 37.1085 41.6780 46.1209
10211.0000 0.0175 72.7109 50.0000 36.8974 41.9074 46.5749
10212.0000 0.0224 72.8115 50.0000 36.5439 41.4457 47.4164
10213.0000 0.0313 73.2779 50.0000 35.5430 41.8151 48.5577
10214.0000 0.0297 73.2544 50.0000 35.5431 42.0960 48.2786
10215.0000 0.0282 73.5423 50.0000 35.6373 42.6576 48.1538
10216.0000 0.0318 73.8445 50.0000 35.4224 42.6602 48.7686
10217.0000 0.0296 73.6917 50.0000 35.6461 42.5393 48.4792
10218.0000 0.0342 73.7892 50.0000 35.6021 41.8541 49.2500
10219.0000 0.0312 73.4464 50.0000 35.8978 41.5280 48.7970
10220.0000 0.0291 73.4184 50.0000 35.7714 42.0799 48.3730
10221.0000 0.0342 73.4388 50.0000 34.9477 42.4035 48.7222
10222.0000 0.0336 73.6028 50.0000 35.3531 42.1050 48.9357
10223.0000 0.0282 73.3152 50.0000 35.5622 42.4671 48.0311
10224.0000 0.0315 73.1980 50.0000 35.1798 42.2397 48.3336
10225.0000 0.0308 73.1833 50.0000 35.1021 42.5058 48.1342
10226.0000 0.0283 73.2930 50.0000 35.4798 42.5534 47.9817
10227.0000 0.0277 72.9764 50.0000 35.4839 42.2379 47.7745
10228.0000 0.0213 72.8455 50.0000 35.9692 42.7971 46.7021
10229.0000 0.0180 72.9555 50.0000 36.2461 43.5905 45.9194
10230.0000 0.0162 73.1742 50.0000 36.8018 43.2704 46.1278
10231.0000 0.0188 73.1688 50.0000 36.3656 43.3274 46.4106
10232.0000 0.0140 73.0351 50.0000 37.0065 43.5537 45.4723
10233.0000 0.0138 72.9987 50.0000 36.9977 43.6166 45.3604
10234.0000 0.0145 72.7601 50.0000 36.6659 43.7840 45.0844
10235.0000 0.0129 72.7467 50.0000 37.1213 43.1861 45.2665
10236.0000 0.0093 72.3330 50.0000 37.5658 43.1948 44.2164
10237.0000 0.0092 72.5852 50.0000 37.7325 43.3402 44.3453
10238.0000 0.0085 72.7667 50.0000 38.0041 43.3300 44.4206
10239.0000 0.0112 72.8059 50.0000 37.4445 43.3534 44.9343
10240.0000 0.0120 73.0740 50.0000 37.5942 42.9952 45.5840
10241.0000 0.0129 73.1318 50.0000 37.2951 43.4931 45.4499
10242.0000 0.0120 73.2855 50.0000 37.4005 44.2930 44.8341
10243.0000 0.0167 73.2667 50.0000 36.4666 44.4545 45.4092
10244.0000 0.0174 73.2595 50.0000 36.3420 44.4058 45.5449
10245.0000 0.0160 73.3989 50.0000 36.6359 44.8766 45.0699
10246.0000 0.0165 73.1185 50.0000 36.3946 44.6539 45.0309
10247.0000 0.0141 72.6723 50.0000 36.6541 44.0623 44.6794
10248.0000 0.0132 72.5193 50.0000 36.7905 43.6969 44.6776
10249.0000 0.0149 72.5718 50.0000 36.4332 44.1974 44.5632
10250.0000 0.0170 72.4935 50.0000 36.0405 43.8940 45.0523
10251.0000 0.0139 72.1938 50.0000 36.4944 43.5069 44.5786
10252.0000 0.0187 72.6261 50.0000 35.9649 43.4098 45.7893
10253.0000 0.0186 72.3820 50.0000 35.7979 43.4827 45.4635
10254.0000 0.0179 72.4416 50.0000 35.9367 43.5284 45.4051
10255.0000 0.0218 72.7752 50.0000 35.7851 42.9304 46.6115
10256.0000 0.0207 72.8953 50.0000 35.9580 43.0889 46.5198
10257.0000 0.0221 72.8543 50.0000 35.9272 42.6446 46.8875
10258.0000 0.0196 72.7597 50.0000 36.0866 42.9667 46.3206
10259.0000 0.0192 72.5070 50.0000 36.1518 42.5226 46.2833
10260.0000 0.0206 72.4786 50.0000 35.7948 42.7772 46.2816
10261.0000 0.0209 72.5935 50.0000 35.9462 42.5661 46.5384
10262.0000 0.0228 72.6839 50.0000 35.5903 42.8626 46.6806
10263.0000 0.0235 72.5721 50.0000 35.3789 42.9259 46.6091
10264.0000 0.0228 72.5359 50.0000 35.5791 42.6546 46.6494
10265.0000 0.0232 72.3132 50.0000 35.4352 42.4682 46.5833
10266.0000 0.0224 72.4940 50.0000 35.3610 43.2523 46.1977
10267.0000 0.0210 72.3062 50.0000 35.4556 43.1947 45.8836
10268.0000 0.0172 72.2710 50.0000 36.0826 43.0275 45.4948
10269.0000 0.0177 72.4612 50.0000 36.3337 42.5405 46.0521
10270.0000 0.0182 72.6324 50.0000 36.6384 42.0691 46.5111
10271.0000 0.0164 72.6211 50.0000 36.8740 42.1295 46.2519
10272.0000 0.0186 72.4927 50.0000 36.4425 42.0888 46.4293
10273.0000 0.0223 72.5248 50.0000 35.8352 42.2583 46.7966
10274.0000 0.0205 72.6295 50.0000 36.1322 42.3450 46.6520
10275.0000 0.0221 72.5562 50.0000 35.9995 42.0629 46.8951
10276.0000 0.0215 72.4621 50.0000 36.0284 42.0268 46.7596
10277.0000 0.0231 72.2929 50.0000 35.5858 42.1751 46.7030
10278.0000 0.0218 72.1067 50.0000 35.8576 41.7399 46.5982
10279.0000 0.0201 72.3881 50.0000 36.2534 41.8748 46.6071
10280.0000 0.0236 72.3320 50.0000 35.5075 42.2537 46.7521
10281.0000 0.0248 72.5829 50.0000 35.5548 42.2171 47.1366
10282.0000 0.0210 72.4131 50.0000 36.0182 42.0907 46.6339
10283.0000 0.0231 72.4359 50.0000 36.1065 41.4677 47.1561
10284.0000 0.0238 72.6688 50.0000 36.2199 41.4621 47.4317
10285.0000 0.0276 72.4938 50.0000 35.8401 41.0421 47.8161
10286.0000 0.0232 72.3057 50.0000 36.2232 41.0959 47.1923
10287.0000 0.0225 72.2823 50.0000 36.3235 41.0565 47.1137
10288.0000 0.0252 72.6576 50.0000 36.2083 41.1844 47.6648
10289.0000 0.0215 72.5199 50.0000 36.4804 41.3483 47.1024
10290.0000 0.0208 72.3120 50.0000 36.1312 41.7927 46.6576
10291.0000 0.0283 72.5300 50.0000 35.8155 40.9972 47.9278
10292.0000 0.0272 72.4335 50.0000 35.6875 41.2764 47.6368
10293.0000 0.0280 72.1564 50.0000 35.3786 41.2156 47.4992
10294.0000 0.0289 72.1692 50.0000 35.3034 41.1812 47.6043
10295.0000 0.0230 72.1512 50.0000 36.0611 41.1709 47.0143
10296.0000 0.0266 72.6478 50.0000 36.0091 41.1925 47.7936
10297.0000 0.0274 72.6920 50.0000 36.0200 41.0808 47.9485
10298.0000 0.0223 72.4477 50.0000 36.1121 41.6737 46.9881
10299.0000 0.0217 72.5331 50.0000 36.5322 41.2508 47.1681
10300.0000 0.0282 72.8124 50.0000 35.5167 41.8501 47.8413
10301.0000 0.0325 73.2981 50.0000 35.6965 41.3922 48.8371
10302.0000 0.0286 73.1557 50.0000 36.2242 41.1660 48.4244
10303.0000 0.0281 72.8398 50.0000 36.0056 41.1547 48.1199
10304.0000 0.0206 72.6818 50.0000 37.1367 40.7926 47.3230
10305.0000 0.0198 72.7903 50.0000 36.9458 41.3849 47.1246
10306.0000 0.0195 72.7776 50.0000 36.6032 41.9873 46.8386
10307.0000 0.0173 72.6920 50.0000 36.9745 41.8047 46.5765
10308.0000 0.0152 72.6031 50.0000 37.7496 41.0045 46.5275
10309.0000 0.0102 72.3039 50.0000 38.3657 41.0308 45.5236
10310.0000 0.0125 72.3294 50.0000 37.8373 41.1995 45.8528
10311.0000 0.0115 72.3050 50.0000 37.8194 41.4726 45.5822
10312.0000 0.0150 72.3280 50.0000 37.3866 41.2292 46.1925
10313.0000 0.0148 72.1563 50.0000 37.3287 41.1354 46.0540
10314.0000 0.0117 72.0603 50.0000 38.0586 40.7374 45.6585
10315.0000 0.0090 71.7626 50.0000 38.5044 40.4597 45.0588
10316.0000 0.0082 71.6959 50.0000 38.4388 40.7109 44.7815
10317.0000 0.0088 71.5662 50.0000 38.1872 40.6995 44.7996
10318.0000 0.0095 71.6996 50.0000 38.2449 40.5902 45.0621
10319.0000 0.0086 72.1612 50.0000 38.4000 41.2613 45.0575
10320.0000 0.0093 72.1873 50.0000 38.5098 40.9155 45.3203
10321.0000 0.0107 72.2903 50.0000 38.2659 41.0062 45.6082
10322.0000 0.0097 72.0159 50.0000 38.3017 40.8784 45.2573
10323.0000 0.0082 72.0678 50.0000 38.9381 40.5199 45.1191
10324.0000 0.0063 72.2150 50.0000 39.0733 41.1287 44.6845
10325.0000 0.0060 72.3269 50.0000 39.0603 41.4174 44.6102
10326.0000 0.0074 72.1950 50.0000 38.3545 41.8671 44.5892
10327.0000 0.0054 71.9813 50.0000 38.6674 41.8514 43.9842
10328.0000 0.0086 72.2754 50.0000 38.3680 41.4860 45.0616
10329.0000 0.0080 71.8449 50.0000 38.1690 41.4315 44.5899
10330.0000 0.0060 71.5471 50.0000 38.2471 41.6726 43.8126
10331.0000 0.0056 71.5521 50.0000 38.5329 41.3126 43.9111
10332.0000 0.0053 71.6505 50.0000 38.7323 41.2735 43.9329
10333.0000 0.0088 71.6925 50.0000 38.1086 41.0181 44.7779
10334.0000 0.0059 71.5858 50.0000 38.7922 40.8025 44.2137
10335.0000 0.0033 71.7795 50.0000 39.3405 41.4120 43.4704
10336.0000 0.0034 71.6665 50.0000 39.3256 41.2054 43.4936
10337.0000 0.0044 72.0954 50.0000 39.3576 41.3037 44.0764
10338.0000 0.0045 71.7133 50.0000 38.9487 41.3801 43.7433
10339.0000 0.0066 71.7495 50.0000 38.4447 41.3244 44.2977
10340.0000 0.0090 71.5598 50.0000 38.0863 40.7925 44.7908
10341.0000 0.0046 71.5929 50.0000 38.8660 41.2780 43.7162
10342.0000 0.0041 71.6100 50.0000 39.0486 41.2129 43.6428
10343.0000 0.0049 71.7797 50.0000 39.1820 40.9082 44.0865
10344.0000 0.0065 71.7402 50.0000 39.0239 40.4857 44.5500
10345.0000 0.0063 71.8659 50.0000 38.9926 40.7650 44.5252
10346.0000 0.0072 71.9256 50.0000 39.0173 40.5165 44.8257
10347.0000 0.0042 72.1030 50.0000 39.3357 41.4437 43.9768
10348.0000 0.0070 72.3914 50.0000 38.5799 41.9409 44.6438
10349.0000 0.0057 72.2166 50.0000 39.0745 41.3350 44.4953
10350.0000 0.0061 72.1925 50.0000 39.1570 41.0510 44.6465
10351.0000 0.0049 71.8539 50.0000 39.2776 40.8465 44.1794
10352.0000 0.0059 72.0907 50.0000 39.2361 40.8525 44.5945
10353.0000 0.0067 72.0183 50.0000 39.0031 40.8135 44.7174
10354.0000 0.0089 72.3109 50.0000 39.1267 40.3943 45.4563
10355.0000 0.0075 72.4157 50.0000 39.7010 40.2190 45.2802
10356.0000 0.0087 72.3341 50.0000 39.3330 40.2243 45.4659
10357.0000 0.0053 72.3982 50.0000 39.7694 40.7922 44.6754
10358.0000 0.0075 72.1015 50.0000 38.8483 40.8743 44.9303
10359.0000 0.0059 72.0175 50.0000 39.1889 40.8459 44.5237
10360.0000 0.0058 71.9067 50.0000 39.0404 40.9482 44.3809
10361.0000 0.0073 71.8134 50.0000 38.8792 40.5194 44.7634
10362.0000 0.0058 71.7742 50.0000 38.9376 40.9144 44.2878
10363.0000 0.0089 72.2367 50.0000 38.2170 41.5926 45.0295
10364.0000 0.0089 72.4266 50.0000 39.0364 40.6507 45.4894
10365.0000 0.0087 72.5480 50.0000 38.9479 40.9560 45.4849
10366.0000 0.0121 72.4774 50.0000 38.3176 40.8059 46.0391
10367.0000 0.0100 72.1302 50.0000 38.5346 40.6254 45.4691
10368.0000 0.0091 72.2927 50.0000 38.8826 40.6146 45.4403
10369.0000 0.0116 72.4696 50.0000 38.2099 41.0835 45.8693
10370.0000 0.0077 72.3189 50.0000 38.8231 41.1584 45.0419
10371.0000 0.0099 72.2879 50.0000 38.3783 41.0776 45.4453
10372.0000 0.0103 72.2662 50.0000 38.5729 40.6685 45.6136
10373.0000 0.0099 72.3454 50.0000 38.7588 40.6289 45.6170
10374.0000 0.0056 72.0243 50.0000 39.5590 40.4758 44.5453
10375.0000 0.0057 72.0295 50.0000 39.4249 40.6086 44.5518
10376.0000 0.0054 72.0760 50.0000 39.5674 40.5752 44.5312
10377.0000 0.0063 71.9252 50.0000 39.1080 40.6730 44.6038
10378.0000 0.0067 71.9783 50.0000 39.0215 40.7514 44.6937
10379.0000 0.0088 72.2064 50.0000 38.6941 40.8245 45.2756
10380.0000 0.0091 72.5813 50.0000 39.0949 40.7116 45.6311
10381.0000 0.0107 72.5430 50.0000 38.8231 40.5906 45.9092
10382.0000 0.0137 72.7679 50.0000 38.8796 40.1055 46.6378
10383.0000 0.0106 72.5097 50.0000 39.1279 40.1978 45.9435
10384.0000 0.0083 72.3481 50.0000 38.8497 40.9508 45.2547
10385.0000 0.0105 72.1941 50.0000 38.4271 40.7053 45.5898
10386.0000 0.0089 72.1216 50.0000 38.5797 40.8605 45.2057
10387.0000 0.0075 72.2092 50.0000 38.8174 41.0736 44.9483
10388.0000 0.0074 72.1104 50.0000 38.8376 40.9344 44.8991
10389.0000 0.0063 72.0210 50.0000 39.1996 40.6844 44.6677
10390.0000 0.0046 72.0846 50.0000 39.2986 41.2676 44.1451
10391.0000 0.0053 72.2345 50.0000 39.1627 41.4031 44.3835
10392.0000 0.0067 72.3700 50.0000 38.9444 41.3715 44.8234
10393.0000 0.0055 72.3195 50.0000 39.3149 41.2069 44.5694
10394.0000 0.0050 72.3529 50.0000 39.3436 41.4279 44.3932
10395.0000 0.0061 72.5656 50.0000 38.8173 42.1579 44.5162
10396.0000 0.0065 72.8331 50.0000 38.9411 42.1499 44.8514
10397.0000 0.0056 72.5858 50.0000 38.8843 42.3903 44.2694
10398.0000 0.0071 72.5651 50.0000 38.8861 41.6098 44.9688
10399.0000 0.0031 72.7650 50.0000 40.1908 41.5814 44.1637
10400.0000 0.0040 72.6756 50.0000 39.7087 41.7647 44.2794
10401.0000 0.0040 72.8924 50.0000 39.9482 41.6743 44.5050
10402.0000 0.0052 72.8308 50.0000 39.4919 41.7936 44.6990
10403.0000 0.0049 72.9834 50.0000 39.6179 41.9159 44.7220
10404.0000 0.0042 72.9189 50.0000 39.8192 41.8433 44.5055
10405.0000 0.0033 72.9348 50.0000 40.4325 41.3803 44.4113
10406.0000 0.0035 72.8496 50.0000 40.5518 41.0501 44.4692
10407.0000 0.0052 72.9889 50.0000 39.4199 42.1610 44.6755
10408.0000 0.0046 72.9332 50.0000 39.4966 42.2455 44.4364
10409.0000 0.0046 73.0720 50.0000 39.8651 41.7837 44.7706
10410.0000 0.0041 73.1819 50.0000 40.1005 41.8278 44.6988
10411.0000 0.0048 73.3478 50.0000 40.3953 41.3648 45.1339
10412.0000 0.0037 73.0841 50.0000 40.3823 41.4887 44.6009
10413.0000 0.0036 73.0203 50.0000 40.0380 41.9208 44.4023
10414.0000 0.0043 73.1127 50.0000 39.7741 42.1705 44.5550
10415.0000 0.0051 73.1152 50.0000 39.7872 41.7684 44.9244
10416.0000 0.0049 73.2786 50.0000 40.0985 41.5990 45.0710
10417.0000 0.0028 73.4987 50.0000 41.0592 41.5600 44.5979
10418.0000 0.0035 73.5283 50.0000 40.6162 41.8311 44.7984
10419.0000 0.0051 73.7995 50.0000 40.3968 41.8349 45.4346
10420.0000 0.0062 74.1958 50.0000 40.2147 42.1917 45.9092
10421.0000 0.0043 74.0635 50.0000 41.0701 41.6021 45.4743
10422.0000 0.0042 74.0726 50.0000 40.8608 41.9059 45.3987
10423.0000 0.0045 74.5119 50.0000 41.1114 42.0475 45.7590
10424.0000 0.0058 74.5974 50.0000 41.2871 41.4972 46.2399
10425.0000 0.0085 74.4932 50.0000 40.5847 41.3856 46.7906
10426.0000 0.0105 74.7738 50.0000 40.7257 41.0678 47.3917
10427.0000 0.0088 74.7836 50.0000 40.3097 41.9807 46.9609
10428.0000 0.0101 74.9423 50.0000 40.6458 41.4389 47.4034
10429.0000 0.0099 75.1120 50.0000 40.4073 41.9686 47.4099
10430.0000 0.0126 75.2624 50.0000 40.5334 41.3754 48.0578
10431.0000 0.0165 75.1459 50.0000 39.8409 41.1992 48.6028
10432.0000 0.0122 75.0186 50.0000 40.4428 41.2729 47.8405
10433.0000 0.0145 75.0074 50.0000 39.7611 41.5533 48.1507
10434.0000 0.0120 74.6683 50.0000 39.7932 41.6644 47.4966
10435.0000 0.0149 74.6824 50.0000 38.9577 42.0757 47.8476
10436.0000 0.0164 74.8989 50.0000 39.1193 41.7961 48.2971
10437.0000 0.0136 74.7301 50.0000 39.2705 42.0243 47.7113
10438.0000 0.0133 74.7307 50.0000 39.1435 42.2856 47.5856
10439.0000 0.0168 74.8981 50.0000 39.0791 41.7648 48.3554
10440.0000 0.0142 74.5622 50.0000 39.0807 41.9207 47.6956
10441.0000 0.0145 74.4999 50.0000 39.1737 41.6613 47.7492
10442.0000 0.0130 74.6828 50.0000 39.5524 41.7365 47.6569
10443.0000 0.0162 74.7481 50.0000 38.5378 42.4529 47.9569
10444.0000 0.0185 75.0230 50.0000 38.4051 42.4766 48.4688
10445.0000 0.0173 75.3030 50.0000 39.0896 42.1549 48.6366
10446.0000 0.0179 74.6187 50.0000 37.9094 42.8420 47.9103
10447.0000 0.0120 74.5414 50.0000 38.6385 43.2176 46.8585
10448.0000 0.0119 74.3864 50.0000 38.5907 43.1062 46.7541
10449.0000 0.0117 74.4117 50.0000 39.0713 42.4024 47.0380
10450.0000 0.0168 74.6625 50.0000 38.5918 42.1220 48.0717
10451.0000 0.0142 74.0655 50.0000 38.7907 41.6990 47.3516
10452.0000 0.0109 73.6528 50.0000 39.5077 41.0564 46.6716
10453.0000 0.0133 73.6244 50.0000 38.4613 41.7973 46.8430
10454.0000 0.0140 73.4664 50.0000 38.7842 40.9862 47.0449
10455.0000 0.0111 73.2680 50.0000 39.5287 40.5153 46.5208
10456.0000 0.0148 73.4983 50.0000 39.0588 40.5334 47.2594
10457.0000 0.0128 73.4083 50.0000 39.0654 40.8370 46.8510
10458.0000 0.0167 73.7918 50.0000 38.6164 41.0296 47.6505
10459.0000 0.0178 73.6213 50.0000 38.6789 40.5352 47.7591
10460.0000 0.0221 74.0209 50.0000 38.2054 40.7757 48.5467
10461.0000 0.0205 74.0601 50.0000 38.1141 41.2259 48.2975
10462.0000 0.0159 73.7693 50.0000 38.4903 41.3354 47.4531
10463.0000 0.0196 74.4891 50.0000 38.5439 41.3852 48.4794
10464.0000 0.0233 74.4303 50.0000 37.9004 41.4428 48.8458
10465.0000 0.0195 74.1963 50.0000 37.9811 41.7746 48.1395
10466.0000 0.0218 74.1288 50.0000 37.6562 41.6793 48.3729
10467.0000 0.0159 73.9732 50.0000 38.7068 41.2924 47.6314
10468.0000 0.0135 73.9002 50.0000 39.2585 41.0529 47.2723
10469.0000 0.0090 73.4285 50.0000 39.6982 41.0239 46.1825
10470.0000 0.0093 73.4669 50.0000 39.4751 41.2782 46.2084
10471.0000 0.0120 73.6456 50.0000 38.9759 41.4380 46.7702
10472.0000 0.0161 73.7098 50.0000 38.5995 41.0727 47.5000
10473.0000 0.0138 73.7158 50.0000 38.8902 41.2072 47.1544
10474.0000 0.0125 73.8431 50.0000 38.9553 41.6032 46.9517
10475.0000 0.0125 73.7583 50.0000 39.1371 41.2422 46.9857
10476.0000 0.0143 74.1085 50.0000 39.2994 41.0656 47.5526
10477.0000 0.0175 74.2819 50.0000 39.2094 40.7449 48.1692
10478.0000 0.0139 74.0912 50.0000 39.6081 40.7724 47.5218
10479.0000 0.0169 74.1495 50.0000 39.3912 40.4930 48.0291
10480.0000 0.0209 74.3515 50.0000 38.8068 40.6696 48.6638
10481.0000 0.0174 74.3731 50.0000 39.1765 40.9017 48.2038
10482.0000 0.0172 74.3459 50.0000 39.3619 40.7017 48.1801
10483.0000 0.0186 74.3331 50.0000 39.1743 40.6379 48.3669
10484.0000 0.0186 74.8225 50.0000 39.2752 41.0781 48.6668
10485.0000 0.0211 75.2714 50.0000 39.5675 40.8162 49.3380
10486.0000 0.0186 75.0768 50.0000 39.2972 41.3591 48.8025
10487.0000 0.0194 74.8962 50.0000 39.7646 40.4790 48.8843
10488.0000 0.0165 74.6893 50.0000 39.7990 40.7296 48.3284
10489.0000 0.0113 74.7578 50.0000 40.5846 41.0182 47.5302
10490.0000 0.0113 74.7946 50.0000 40.7655 40.8775 47.5545
10491.0000 0.0110 74.3143 50.0000 40.0640 41.1506 47.1607
10492.0000 0.0127 74.4712 50.0000 40.4541 40.5540 47.5898
10493.0000 0.0112 74.8237 50.0000 40.7133 40.9802 47.5566
10494.0000 0.0136 74.9782 50.0000 40.1817 41.2145 48.0471
10495.0000 0.0140 75.1775 50.0000 40.5951 40.9224 48.2602
10496.0000 0.0191 75.2163 50.0000 39.7381 40.9091 49.0390
10497.0000 0.0180 75.0232 50.0000 40.0703 40.5408 48.7781
10498.0000 0.0192 75.2019 50.0000 39.7794 40.8367 49.0437
10499.0000 0.0180 74.8744 50.0000 39.7673 40.6909 48.6722
10500.0000 0.0166 74.8753 50.0000 39.6942 41.0422 48.4378
10501.0000 0.0148 74.9582 50.0000 40.1553 40.9705 48.2463
10502.0000 0.0148 74.9943 50.0000 40.3482 40.8057 48.2809
10503.0000 0.0137 75.0738 50.0000 40.4679 40.9883 48.1496
10504.0000 0.0133 75.1840 50.0000 40.3848 41.2852 48.1377
10505.0000 0.0148 75.0158 50.0000 40.5054 40.6691 48.2982
10506.0000 0.0150 74.8478 50.0000 40.2486 40.7171 48.2116
10507.0000 0.0175 74.9031 50.0000 40.1778 40.3954 48.6254
10508.0000 0.0152 74.7209 50.0000 39.5009 41.3773 48.0710
10509.0000 0.0181 75.0008 50.0000 39.7694 40.8237 48.7539
10510.0000 0.0215 75.1972 50.0000 39.6469 40.5873 49.3499
10511.0000 0.0256 75.2360 50.0000 39.2638 40.3735 49.8878
10512.0000 0.0259 75.2711 50.0000 38.9710 40.6899 49.9132
10513.0000 0.0224 74.9474 50.0000 38.7927 41.1080 49.2176
10514.0000 0.0227 75.1138 50.0000 38.4780 41.6317 49.2780
10515.0000 0.0201 75.2506 50.0000 38.9249 41.7226 49.0585
10516.0000 0.0182 74.9923 50.0000 39.1746 41.4698 48.6770
10517.0000 0.0243 75.1704 50.0000 38.8153 41.0093 49.6204
10518.0000 0.0210 75.2238 50.0000 39.0694 41.3459 49.2212
10519.0000 0.0223 75.3133 50.0000 39.0743 41.2229 49.4566
10520.0000 0.0197 75.5154 50.0000 39.1759 41.8033 49.1966
10521.0000 0.0192 75.1684 50.0000 39.2541 41.3919 48.9502
10522.0000 0.0216 75.2976 50.0000 38.6555 41.8374 49.2454
10523.0000 0.0169 75.1082 50.0000 38.8049 42.3840 48.3633
10524.0000 0.0194 75.3183 50.0000 38.4750 42.5417 48.8132
10525.0000 0.0214 75.1956 50.0000 38.0747 42.5275 48.9500
10526.0000 0.0232 75.6197 50.0000 37.6440 43.3573 49.2078
10527.0000 0.0274 75.6854 50.0000 36.9554 43.6179 49.5990
10528.0000 0.0234 75.3600 50.0000 37.4478 43.2642 49.0408
10529.0000 0.0233 75.0828 50.0000 37.1226 43.4443 48.7025
10530.0000 0.0239 75.0147 50.0000 36.8256 43.7194 48.5766
10531.0000 0.0183 75.0875 50.0000 37.8247 43.5556 48.0658
10532.0000 0.0205 74.8586 50.0000 37.6150 42.9950 48.3772
10533.0000 0.0136 74.6494 50.0000 38.4085 43.2657 47.1741
10534.0000 0.0155 74.8466 50.0000 38.3590 43.0704 47.7027
10535.0000 0.0149 74.7646 50.0000 37.9396 43.9727 47.0822
10536.0000 0.0120 74.9339 50.0000 38.9567 43.2260 47.2121
10537.0000 0.0110 75.0146 50.0000 39.1639 43.3416 47.0625
10538.0000 0.0123 74.8426 50.0000 38.9460 43.0115 47.2719
10539.0000 0.0123 74.7052 50.0000 39.0109 42.7272 47.2589
10540.0000 0.0111 74.5730 50.0000 39.2522 42.5233 47.0336
10541.0000 0.0112 74.6187 50.0000 39.0193 42.9269 46.9333
10542.0000 0.0121 74.8345 50.0000 38.7391 43.4569 47.0211
10543.0000 0.0112 75.3837 50.0000 39.1706 43.8206 47.2029
10544.0000 0.0106 75.0705 50.0000 39.4708 43.0310 47.1802
10545.0000 0.0102 74.9741 50.0000 39.7585 42.5793 47.1952
10546.0000 0.0105 74.8168 50.0000 39.8258 42.1802 47.2472
10547.0000 0.0142 74.7835 50.0000 39.1429 42.1361 47.8012
10548.0000 0.0151 74.7533 50.0000 38.5767 42.6831 47.7289
10549.0000 0.0125 74.6413 50.0000 39.0907 42.4529 47.3392
10550.0000 0.0098 74.8453 50.0000 39.5448 42.8398 46.9338
10551.0000 0.0114 74.9737 50.0000 39.2571 42.9734 47.2570
10552.0000 0.0142 74.9849 50.0000 38.8410 42.8328 47.7438
10553.0000 0.0123 74.7613 50.0000 38.9710 42.8752 47.2465
10554.0000 0.0130 74.7681 50.0000 39.6610 41.7066 47.7267
10555.0000 0.0143 74.6585 50.0000 39.2946 41.7449 47.8245
10556.0000 0.0160 74.7131 50.0000 39.2318 41.5096 48.1649
10557.0000 0.0156 74.7654 50.0000 39.2310 41.6762 48.1029
10558.0000 0.0155 74.7836 50.0000 38.7569 42.3445 47.9316
10559.0000 0.0195 74.8533 50.0000 38.0331 42.5597 48.4269
10560.0000 0.0278 75.3172 50.0000 37.3552 42.4314 49.7680
10561.0000 0.0273 75.2054 50.0000 37.0879 42.7693 49.5089
10562.0000 0.0303 75.5431 50.0000 37.1087 42.6098 50.1408
10563.0000 0.0312 75.5581 50.0000 36.9636 42.6725 50.2173
10564.0000 0.0297 75.2947 50.0000 37.0633 42.4612 49.9264
10565.0000 0.0285 75.1077 50.0000 37.5035 41.8578 49.8254
10566.0000 0.0260 75.0817 50.0000 37.2894 42.5833 49.3298
10567.0000 0.0248 75.1320 50.0000 37.5068 42.5592 49.2623
10568.0000 0.0184 74.6063 50.0000 38.0372 42.4760 48.1151
10569.0000 0.0221 74.8117 50.0000 38.3024 41.6039 48.9779
10570.0000 0.0320 75.2171 50.0000 37.6714 41.2028 50.4064
10571.0000 0.0330 75.0817 50.0000 37.7194 40.8317 50.4706
10572.0000 0.0346 74.9973 50.0000 37.5673 40.6885 50.5740
10573.0000 0.0297 74.6090 50.0000 37.5544 40.9901 49.7593
10574.0000 0.0291 74.6634 50.0000 37.5735 41.1212 49.7183
10575.0000 0.0290 74.5915 50.0000 37.4373 41.2388 49.6156
10576.0000 0.0259 74.8022 50.0000 37.8007 41.5409 49.4048
10577.0000 0.0236 74.8222 50.0000 37.7482 42.0681 49.0277
10578.0000 0.0242 75.3158 50.0000 38.4980 41.5696 49.6219
10579.0000 0.0245 75.0100 50.0000 37.8166 42.0285 49.2951
10580.0000 0.0272 75.2453 50.0000 38.2151 41.3269 49.9355
10581.0000 0.0249 75.1182 50.0000 38.6225 41.0851 49.6293
10582.0000 0.0273 74.8166 50.0000 38.3464 40.6612 49.7367
10583.0000 0.0242 74.7779 50.0000 38.5415 40.8954 49.3341
10584.0000 0.0262 74.8284 50.0000 38.1691 41.0684 49.5559
10585.0000 0.0291 74.9511 50.0000 37.6223 41.4041 49.8792
10586.0000 0.0277 74.5334 50.0000 37.4548 41.3617 49.4123
10587.0000 0.0243 74.3032 50.0000 37.4927 41.6347 48.8038
10588.0000 0.0188 74.4572 50.0000 38.2029 41.9494 48.2147
10589.0000 0.0164 74.5883 50.0000 38.7645 41.8738 48.0345
10590.0000 0.0156 74.5436 50.0000 38.9917 41.6965 47.9354
10591.0000 0.0156 74.6677 50.0000 39.1194 41.6940 48.0265
10592.0000 0.0175 74.8366 50.0000 39.0256 41.6207 48.4276
10593.0000 0.0166 74.8353 50.0000 38.9016 41.9637 48.2289
10594.0000 0.0177 74.8189 50.0000 38.7398 41.9134 48.3773
10595.0000 0.0179 75.0403 50.0000 38.9908 41.8155 48.6029
10596.0000 0.0180 74.8852 50.0000 38.7882 41.8742 48.4751
10597.0000 0.0162 74.7521 50.0000 38.7573 42.1396 48.0624
10598.0000 0.0173 75.0092 50.0000 38.2437 43.0001 48.1122
10599.0000 0.0189 75.0895 50.0000 38.2953 42.6239 48.5295
10600.0000 0.0217 74.9646 50.0000 38.1576 42.0646 48.9311
10601.0000 0.0243 75.3443 50.0000 38.1499 42.0303 49.5459
10602.0000 0.0222 75.2200 50.0000 38.1924 42.2250 49.1572
10603.0000 0.0237 75.1172 50.0000 38.5753 41.3443 49.4489
10604.0000 0.0300 75.2837 50.0000 38.6904 40.3963 50.3867
10605.0000 0.0253 75.5392 50.0000 38.9405 41.1313 49.9803
10606.0000 0.0269 75.2565 50.0000 38.8463 40.6509 50.0202
10607.0000 0.0314 75.2516 50.0000 38.1699 40.7449 50.4551
10608.0000 0.0276 75.2535 50.0000 38.5820 40.8424 50.0641
10609.0000 0.0267 75.7126 50.0000 38.7155 41.3504 50.2361
10610.0000 0.0237 75.8358 50.0000 39.2895 41.3238 49.9974
10611.0000 0.0258 75.7123 50.0000 38.4341 41.8416 50.0445
10612.0000 0.0268 75.6507 50.0000 38.0574 42.0874 50.0332
10613.0000 0.0250 75.6978 50.0000 38.2183 42.2475 49.8464
10614.0000 0.0266 75.3920 50.0000 38.0258 41.8394 49.8744
10615.0000 0.0252 75.5746 50.0000 37.7241 42.7376 49.6177
10616.0000 0.0230 75.3576 50.0000 37.6334 43.0611 49.0737
10617.0000 0.0269 75.4137 50.0000 37.6668 42.2919 49.7979
10618.0000 0.0254 75.1895 50.0000 38.0898 41.7239 49.6161
10619.0000 0.0244 75.0241 50.0000 37.6765 42.2628 49.2234
10620.0000 0.0242 75.0084 50.0000 37.3560 42.7557 49.0178
10621.0000 0.0205 74.9036 50.0000 37.6235 43.0343 48.4052
10622.0000 0.0219 75.0898 50.0000 37.4051 43.3267 48.6018
10623.0000 0.0260 75.5138 50.0000 37.2652 43.1801 49.4885
10624.0000 0.0234 75.4489 50.0000 37.8383 42.7775 49.3040
10625.0000 0.0233 75.3219 50.0000 37.6993 42.8413 49.1606
10626.0000 0.0247 75.4805 50.0000 37.6744 42.7990 49.4590
10627.0000 0.0343 75.5710 50.0000 36.7805 42.3973 50.6028
10628.0000 0.0314 75.5384 50.0000 36.9395 42.6473 50.2269
10629.0000 0.0270 75.4125 50.0000 37.2532 42.8690 49.6135
10630.0000 0.0244 75.6973 50.0000 37.6691 43.1613 49.4796
10631.0000 0.0212 75.0714 50.0000 37.6131 43.1245 48.5927
10632.0000 0.0265 75.1670 50.0000 37.3635 42.4879 49.4856
10633.0000 0.0235 74.8740 50.0000 37.5185 42.4820 48.9261
10634.0000 0.0218 74.7998 50.0000 37.6991 42.4865 48.6691
10635.0000 0.0184 74.8725 50.0000 38.2046 42.5804 48.3034
10636.0000 0.0177 74.9824 50.0000 38.0909 43.0983 48.1038
10637.0000 0.0138 74.7098 50.0000 38.8837 42.4930 47.5811
10638.0000 0.0145 74.8484 50.0000 38.9373 42.4332 47.8079
10639.0000 0.0142 75.0358 50.0000 38.6704 43.1719 47.6566
10640.0000 0.0131 75.0927 50.0000 39.1456 42.8132 47.6819
10641.0000 0.0128 75.1730 50.0000 39.1466 43.0038 47.6361
10642.0000 0.0147 75.0743 50.0000 39.0608 42.4916 48.0091
10643.0000 0.0120 74.6798 50.0000 39.2146 42.4673 47.2844
10644.0000 0.0099 74.7426 50.0000 39.7305 42.4008 47.0119
10645.0000 0.0106 74.6715 50.0000 39.3965 42.5812 47.0169
10646.0000 0.0095 74.7846 50.0000 39.3366 43.2115 46.6705
10647.0000 0.0098 74.5619 50.0000 38.8064 43.8890 46.1227
10648.0000 0.0103 74.6310 50.0000 38.8234 43.7130 46.3866
10649.0000 0.0096 74.6537 50.0000 38.8352 44.1105 46.0355
10650.0000 0.0114 74.9456 50.0000 38.6105 44.2759 46.5372
10651.0000 0.0147 74.9682 50.0000 37.7796 44.9368 46.6221
10652.0000 0.0153 74.8564 50.0000 37.9693 43.8925 47.2785
10653.0000 0.0148 74.9893 50.0000 37.9672 44.3486 47.0646
10654.0000 0.0161 74.5246 50.0000 37.7544 43.5200 47.2708
10655.0000 0.0149 74.8127 50.0000 38.2282 43.4247 47.4325
10656.0000 0.0142 74.9957 50.0000 38.2275 43.9768 47.2129
10657.0000 0.0158 75.1681 50.0000 37.9556 44.2737 47.4283
10658.0000 0.0180 75.0853 50.0000 37.4046 44.5473 47.4788
10659.0000 0.0181 74.7063 50.0000 37.3592 43.9352 47.4870
10660.0000 0.0195 74.7857 50.0000 37.0565 44.2573 47.5500
10661.0000 0.0171 74.7387 50.0000 37.7461 43.5177 47.6163
10662.0000 0.0186 74.6473 50.0000 37.7020 43.0283 47.9515
10663.0000 0.0248 74.6970 50.0000 37.2712 42.3481 48.9606
10664.0000 0.0267 74.6572 50.0000 37.3664 41.8047 49.2931
10665.0000 0.0241 74.7814 50.0000 37.4615 42.3237 48.9653
10666.0000 0.0231 74.6801 50.0000 37.3452 42.5727 48.6829
10667.0000 0.0201 74.5041 50.0000 37.5793 42.6611 48.1528
10668.0000 0.0191 74.6997 50.0000 37.6404 43.0704 48.0437
10669.0000 0.0171 74.4552 50.0000 37.9971 42.6724 47.7375
10670.0000 0.0169 74.1954 50.0000 38.3713 41.8024 47.8034
10671.0000 0.0147 74.0927 50.0000 38.7391 41.6719 47.4601
10672.0000 0.0192 74.0217 50.0000 38.1527 41.3949 48.0630
10673.0000 0.0182 74.1406 50.0000 37.9169 42.0832 47.8345
10674.0000 0.0135 74.0043 50.0000 38.5340 42.1576 47.0586
10675.0000 0.0128 73.7593 50.0000 38.2675 42.4275 46.6470
10676.0000 0.0114 73.9166 50.0000 38.4710 42.7970 46.3903
10677.0000 0.0087 73.7076 50.0000 38.7210 43.0538 45.6055
10678.0000 0.0097 73.2177 50.0000 38.1377 43.0307 45.3289
10679.0000 0.0053 73.4022 50.0000 39.3491 42.9390 44.6741
10680.0000 0.0051 73.3858 50.0000 39.4443 42.8688 44.6305
10681.0000 0.0051 73.3099 50.0000 39.6068 42.3681 44.8396
10682.0000 0.0090 73.4411 50.0000 38.5168 42.8871 45.5054
10683.0000 0.0100 73.1828 50.0000 38.2450 42.5982 45.5899
10684.0000 0.0121 73.1567 50.0000 37.8175 42.5762 45.9239
10685.0000 0.0124 73.1792 50.0000 37.9465 42.2841 46.1228
10686.0000 0.0121 73.0307 50.0000 37.7190 42.5954 45.7863
10687.0000 0.0111 73.1651 50.0000 38.0096 42.6089 45.7480
10688.0000 0.0065 73.3358 50.0000 38.9156 43.2004 44.6928
10689.0000 0.0049 73.3295 50.0000 39.3244 43.2463 44.2783
10690.0000 0.0063 73.5711 50.0000 39.0003 43.7739 44.4470
10691.0000 0.0065 73.4368 50.0000 38.8994 43.4433 44.6372
10692.0000 0.0109 73.4070 50.0000 37.7646 43.9264 45.0876
10693.0000 0.0075 73.5451 50.0000 38.6342 43.9762 44.5239
10694.0000 0.0093 73.2456 50.0000 38.0722 43.5742 44.9079
10695.0000 0.0088 73.5188 50.0000 38.2915 44.0160 44.7367
10696.0000 0.0110 73.3832 50.0000 37.7521 43.8291 45.1539
10697.0000 0.0120 73.3850 50.0000 37.4593 44.2400 44.9997
10698.0000 0.0141 73.4592 50.0000 37.0478 44.6420 45.0645
10699.0000 0.0139 73.4832 50.0000 37.1129 44.4379 45.2514
10700.0000 0.0133 73.2808 50.0000 37.1364 44.3416 44.9976
10701.0000 0.0152 73.4812 50.0000 36.8680 44.4172 45.4681
10702.0000 0.0164 73.6666 50.0000 36.7763 44.3271 45.9279
10703.0000 0.0172 73.8654 50.0000 36.6362 45.1144 45.5915
10704.0000 0.0170 73.8450 50.0000 36.6875 44.9102 45.7185
10705.0000 0.0137 73.5706 50.0000 37.2429 44.2322 45.4875
10706.0000 0.0190 74.0849 50.0000 36.4672 44.9586 46.2325
10707.0000 0.0216 74.2552 50.0000 36.2456 44.5840 47.0358
10708.0000 0.0209 74.1082 50.0000 36.1700 44.9150 46.5446
10709.0000 0.0191 74.1651 50.0000 36.4555 45.2071 46.1278
10710.0000 0.0244 74.4098 50.0000 35.7172 45.3150 46.9857
10711.0000 0.0263 74.4129 50.0000 35.4006 45.5047 47.0467
10712.0000 0.0268 74.3613 50.0000 35.2298 45.9887 46.6208
10713.0000 0.0258 73.8883 50.0000 35.1506 45.7363 46.1747
10714.0000 0.0287 73.9136 50.0000 34.7132 45.8705 46.4124
10715.0000 0.0258 73.6568 50.0000 35.0605 45.3544 46.2500
10716.0000 0.0237 73.4930 50.0000 35.3341 45.0760 46.0530
10717.0000 0.0246 73.6257 50.0000 35.2820 44.9584 46.4183
10718.0000 0.0231 73.4561 50.0000 35.4496 44.8007 46.1738
10719.0000 0.0250 73.3311 50.0000 35.0842 44.7904 46.2642
10720.0000 0.0243 73.2469 50.0000 35.1622 44.6863 46.1720
10721.0000 0.0235 73.2214 50.0000 35.2368 44.8845 45.8817
10722.0000 0.0225 73.2264 50.0000 35.4052 44.7838 45.8584
10723.0000 0.0206 73.3339 50.0000 35.8963 44.1913 46.2218
10724.0000 0.0226 73.2513 50.0000 35.3892 44.9040 45.7929
10725.0000 0.0200 73.4482 50.0000 35.9184 45.0069 45.5948
10726.0000 0.0218 73.6663 50.0000 35.7856 44.7741 46.2751
10727.0000 0.0223 73.5842 50.0000 35.6915 44.5912 46.3938
10728.0000 0.0232 73.6087 50.0000 35.5933 44.5024 46.5929
10729.0000 0.0204 73.7080 50.0000 36.1068 44.4429 46.4111
10730.0000 0.0193 73.9781 50.0000 36.4072 44.6694 46.3889
10731.0000 0.0233 74.2739 50.0000 35.9581 44.6988 47.1766
10732.0000 0.0219 74.3272 50.0000 36.3873 44.1847 47.4154
10733.0000 0.0215 74.2905 50.0000 36.5091 43.9604 47.4727
10734.0000 0.0172 73.9332 50.0000 37.1528 43.4023 46.9258
10735.0000 0.0170 74.0934 50.0000 37.3567 43.3195 47.0927
10736.0000 0.0153 73.9366 50.0000 37.4894 43.3899 46.6743
10737.0000 0.0166 74.2045 50.0000 37.3734 43.6171 46.9796
10738.0000 0.0132 73.6428 50.0000 37.5488 43.6241 45.9379
10739.0000 0.0129 73.6293 50.0000 37.7232 43.2830 46.0957
10740.0000 0.0152 73.6303 50.0000 36.9832 44.2806 45.7481
10741.0000 0.0156 73.3823 50.0000 36.8371 43.9289 45.8066
10742.0000 0.0185 73.8267 50.0000 36.7205 43.7535 46.7720
10743.0000 0.0171 73.9207 50.0000 36.8706 44.1566 46.4222
10744.0000 0.0140 73.5812 50.0000 37.3570 43.6040 46.0145
10745.0000 0.0121 73.4925 50.0000 37.7150 43.4121 45.7614
10746.0000 0.0106 73.3266 50.0000 37.8863 43.4568 45.3092
10747.0000 0.0160 73.4850 50.0000 36.8599 43.8380 46.0393
10748.0000 0.0150 73.3973 50.0000 37.0054 43.7600 45.8566
10749.0000 0.0129 73.3458 50.0000 37.3998 43.6049 45.6013
10750.0000 0.0132 73.1949 50.0000 37.2375 43.6111 45.4856
10751.0000 0.0114 72.9488 50.0000 37.5269 43.2311 45.2143
10752.0000 0.0128 72.9466 50.0000 37.2162 43.3665 45.3377
10753.0000 0.0134 72.9539 50.0000 37.1584 43.2416 45.5159
10754.0000 0.0142 72.8875 50.0000 37.0261 43.0613 45.6879
10755.0000 0.0154 72.6601 50.0000 36.6682 43.0298 45.6439
10756.0000 0.0145 72.5561 50.0000 36.8191 42.8047 45.5687
10757.0000 0.0135 72.4233 50.0000 36.9559 42.6759 45.3671
10758.0000 0.0128 72.1851 50.0000 36.9607 42.5496 45.1012
10759.0000 0.0111 72.0959 50.0000 37.4715 41.9304 45.1170
10760.0000 0.0131 72.3376 50.0000 37.3689 41.8099 45.6971
10761.0000 0.0130 72.4259 50.0000 37.3153 42.0997 45.6146
10762.0000 0.0118 72.0715 50.0000 37.5317 41.5500 45.3793
10763.0000 0.0120 72.0416 50.0000 37.3324 41.7908 45.2749
10764.0000 0.0123 72.0785 50.0000 37.4092 41.5972 45.4482
10765.0000 0.0088 72.2126 50.0000 37.7949 42.4915 44.5048
10766.0000 0.0093 72.1974 50.0000 37.9723 41.8314 44.9523
10767.0000 0.0121 72.4974 50.0000 38.1595 41.0687 45.9683
10768.0000 0.0145 72.4010 50.0000 37.6442 41.0795 46.2309
10769.0000 0.0176 72.4606 50.0000 37.5626 40.5612 46.8443
10770.0000 0.0192 72.8252 50.0000 37.5719 40.6809 47.2961
10771.0000 0.0199 73.1080 50.0000 37.4465 41.0502 47.5124
10772.0000 0.0226 73.2835 50.0000 37.0890 41.2404 47.8969
10773.0000 0.0219 73.5322 50.0000 37.2839 41.4150 47.9759
10774.0000 0.0232 73.4608 50.0000 37.0376 41.4093 48.0621
10775.0000 0.0225 73.2964 50.0000 36.8322 41.6311 47.7766
10776.0000 0.0250 73.3292 50.0000 36.9278 41.0488 48.2546
10777.0000 0.0265 73.2842 50.0000 37.3729 40.1731 48.5793
10778.0000 0.0234 73.3495 50.0000 37.2515 40.9519 48.1188
10779.0000 0.0273 73.3496 50.0000 36.6801 41.0045 48.5116
10780.0000 0.0273 73.8572 50.0000 37.2815 40.8370 48.9624
10781.0000 0.0291 74.0044 50.0000 37.6447 40.2859 49.3616
10782.0000 0.0271 73.8087 50.0000 37.3319 40.7543 48.9197
10783.0000 0.0235 73.4380 50.0000 37.1544 41.1704 48.1425
10784.0000 0.0238 73.6532 50.0000 37.2516 41.2476 48.3296
10785.0000 0.0163 73.3196 50.0000 37.7776 41.6616 47.0418
10786.0000 0.0169 73.2401 50.0000 37.3436 42.0703 46.9005
10787.0000 0.0160 73.1098 50.0000 36.8394 43.1790 46.0812
10788.0000 0.0163 73.0712 50.0000 36.8059 43.0390 46.1776
10789.0000 0.0202 73.0948 50.0000 36.4323 42.5881 46.9233
10790.0000 0.0181 73.0813 50.0000 36.4547 43.2162 46.3065
10791.0000 0.0195 73.0554 50.0000 36.3129 42.9841 46.5923
10792.0000 0.0179 72.9158 50.0000 36.2731 43.4545 45.9639
10793.0000 0.0191 73.3369 50.0000 36.3348 43.5758 46.4676
10794.0000 0.0229 73.4145 50.0000 36.2527 42.6615 47.4914
10795.0000 0.0216 73.2742 50.0000 36.2237 42.8680 47.1093
10796.0000 0.0197 73.0561 50.0000 36.3940 42.7572 46.7384
10797.0000 0.0219 73.1298 50.0000 35.8449 43.3589 46.7238
10798.0000 0.0183 73.2524 50.0000 36.5168 43.3043 46.4454
10799.0000 0.0186 72.7483 50.0000 36.2205 42.9812 46.1844
10800.0000 0.0188 72.8262 50.0000 35.8890 44.1315 45.4758
10801.0000 0.0189 72.5534 50.0000 35.7942 43.6924 45.5385
10802.0000 0.0252 72.7623 50.0000 34.8958 43.9568 46.3081
10803.0000 0.0203 72.5990 50.0000 35.6878 43.4143 45.9586
10804.0000 0.0216 72.7286 50.0000 35.6003 43.3713 46.2709
10805.0000 0.0224 73.0816 50.0000 35.4436 44.2302 46.1342
10806.0000 0.0191 73.0682 50.0000 36.0735 43.8355 46.0012
10807.0000 0.0165 73.1706 50.0000 36.5349 43.9300 45.7088
10808.0000 0.0166 73.1382 50.0000 36.5352 43.8464 45.7370
10809.0000 0.0168 72.8696 50.0000 36.5184 43.1795 45.9556
10810.0000 0.0151 72.9809 50.0000 36.9701 42.9877 45.9507
10811.0000 0.0134 72.9098 50.0000 37.5213 42.2958 46.0333
10812.0000 0.0147 72.8354 50.0000 37.5233 41.8042 46.3616
10813.0000 0.0172 72.9462 50.0000 37.1588 41.8865 46.7535
10814.0000 0.0171 72.9951 50.0000 37.1997 41.9227 46.7649
10815.0000 0.0196 73.1036 50.0000 36.5118 42.6284 46.8384
10816.0000 0.0205 73.0527 50.0000 36.1868 42.9062 46.7575
10817.0000 0.0158 72.9549 50.0000 37.2321 42.1527 46.4688
10818.0000 0.0150 73.1430 50.0000 37.5964 42.0375 46.5752
10819.0000 0.0140 72.8763 50.0000 37.7309 41.7067 46.3453
10820.0000 0.0125 72.6436 50.0000 37.6384 41.9837 45.8019
10821.0000 0.0134 72.7826 50.0000 37.6458 41.8881 46.1030
10822.0000 0.0159 72.8956 50.0000 37.3240 41.8970 46.5331
10823.0000 0.0168 73.2137 50.0000 37.4335 41.9094 46.9316
10824.0000 0.0212 73.2581 50.0000 36.8373 41.8694 47.5050
10825.0000 0.0173 72.7920 50.0000 36.6982 42.4744 46.3449
10826.0000 0.0159 73.0564 50.0000 37.0051 42.7206 46.2905
10827.0000 0.0171 73.1404 50.0000 36.9496 42.5846 46.5917
10828.0000 0.0177 73.2478 50.0000 36.6520 43.1880 46.4400
10829.0000 0.0132 72.8585 50.0000 37.2174 42.9867 45.5562
10830.0000 0.0103 72.4987 50.0000 37.5376 42.9042 44.7909
10831.0000 0.0117 72.7395 50.0000 37.6050 42.4816 45.5216
10832.0000 0.0128 73.0191 50.0000 37.8504 42.0836 46.1314
10833.0000 0.0138 73.2570 50.0000 37.4831 42.8125 46.1377
10834.0000 0.0126 73.4425 50.0000 37.7896 42.9372 46.0667
10835.0000 0.0115 73.4181 50.0000 38.0420 42.7906 45.9563
10836.0000 0.0082 73.3897 50.0000 39.0398 42.1330 45.6810
10837.0000 0.0101 73.1436 50.0000 38.3183 42.3228 45.7216
10838.0000 0.0093 73.1240 50.0000 38.1417 43.1094 45.0990
10839.0000 0.0102 72.9253 50.0000 38.0845 42.4070 45.4898
10840.0000 0.0122 72.9482 50.0000 37.5709 42.7091 45.6705
10841.0000 0.0149 72.9839 50.0000 37.2330 42.4749 46.2193
10842.0000 0.0164 73.3217 50.0000 36.8481 43.3793 46.2226
10843.0000 0.0146 73.3509 50.0000 37.3001 43.0699 46.1957
10844.0000 0.0156 73.3587 50.0000 37.1187 43.1100 46.3167
10845.0000 0.0158 73.3118 50.0000 37.2137 42.7544 46.4955
10846.0000 0.0164 73.1417 50.0000 37.1526 42.4077 46.5939
10847.0000 0.0140 73.4813 50.0000 37.2938 43.6264 45.8847
10848.0000 0.0133 73.7736 50.0000 37.8879 43.0145 46.4413
10849.0000 0.0124 73.7491 50.0000 38.1860 42.7177 46.4323
10850.0000 0.0107 73.8247 50.0000 38.6795 42.5163 46.3287
10851.0000 0.0111 73.9008 50.0000 38.6728 42.5125 46.4589
10852.0000 0.0137 73.9888 50.0000 38.1933 42.6250 46.8905
10853.0000 0.0138 73.6179 50.0000 37.8290 42.6897 46.5419
10854.0000 0.0106 73.3371 50.0000 38.3523 42.3935 45.9372
10855.0000 0.0097 73.1765 50.0000 38.3429 42.5145 45.5756
10856.0000 0.0105 72.9185 50.0000 37.7671 43.0135 45.1729
10857.0000 0.0107 72.9263 50.0000 37.9493 42.5053 45.5127
10858.0000 0.0112 72.6142 50.0000 37.8468 42.0000 45.5680
10859.0000 0.0108 72.4746 50.0000 37.7696 42.0793 45.3360
10860.0000 0.0123 72.1541 50.0000 37.1755 42.2019 45.2017
10861.0000 0.0112 71.9922 50.0000 37.3829 41.9101 45.0439
10862.0000 0.0096 72.0996 50.0000 37.7298 42.0242 44.8194
10863.0000 0.0117 72.1792 50.0000 37.4092 41.9556 45.2782
10864.0000 0.0131 72.4687 50.0000 37.4410 41.8881 45.7742
10865.0000 0.0104 72.4601 50.0000 37.9536 41.8537 45.3680
10866.0000 0.0109 72.7545 50.0000 38.1877 41.7008 45.7816
10867.0000 0.0132 72.4478 50.0000 37.4642 41.7711 45.8289
10868.0000 0.0095 72.3131 50.0000 37.9860 41.9085 45.0547
10869.0000 0.0128 72.8570 50.0000 37.7225 42.0443 46.0157
10870.0000 0.0104 72.2128 50.0000 37.8425 41.6868 45.2200
10871.0000 0.0119 72.7280 50.0000 37.9007 41.8440 45.8474
10872.0000 0.0123 73.0285 50.0000 37.8190 42.2969 45.9766
10873.0000 0.0121 73.3195 50.0000 37.9075 42.6813 46.0116
10874.0000 0.0104 73.5066 50.0000 38.2903 42.8582 45.8285
10875.0000 0.0107 73.3493 50.0000 38.1970 42.6791 45.8214
10876.0000 0.0129 73.2161 50.0000 37.5435 42.9814 45.8659
10877.0000 0.0150 73.2140 50.0000 37.1169 43.0971 46.1006
10878.0000 0.0157 73.0667 50.0000 36.9842 42.8763 46.1794
10879.0000 0.0166 73.1169 50.0000 37.0580 42.5005 46.5456
10880.0000 0.0149 73.1386 50.0000 37.2320 42.7354 46.2247
10881.0000 0.0172 73.4208 50.0000 37.0083 42.8857 46.7098
10882.0000 0.0166 73.4078 50.0000 37.1917 42.6735 46.7382
10883.0000 0.0143 73.3495 50.0000 37.4627 42.8384 46.2770
10884.0000 0.0151 73.6868 50.0000 37.2792 43.5099 46.3347
10885.0000 0.0169 73.8680 50.0000 36.9468 43.9527 46.4711
10886.0000 0.0155 73.6780 50.0000 37.0448 43.9583 46.0847
10887.0000 0.0156 74.0125 50.0000 37.1780 44.2356 46.2477
10888.0000 0.0123 73.7728 50.0000 37.6733 44.0727 45.6151
10889.0000 0.0166 74.1616 50.0000 37.1929 43.9704 46.7252
10890.0000 0.0137 73.5509 50.0000 37.5019 43.3152 46.1209
10891.0000 0.0119 73.6292 50.0000 37.8080 43.5507 45.7729
10892.0000 0.0138 73.6534 50.0000 37.5099 43.4525 46.1488
10893.0000 0.0132 73.6450 50.0000 37.6320 43.3913 46.0936
10894.0000 0.0120 73.9219 50.0000 38.3476 42.8132 46.4858
10895.0000 0.0085 73.6294 50.0000 38.8513 42.7326 45.6705
10896.0000 0.0080 73.8197 50.0000 39.3202 42.3651 45.9180
10897.0000 0.0094 73.6696 50.0000 38.6695 42.7718 45.8525
10898.0000 0.0066 73.6772 50.0000 39.4682 42.4699 45.4632
10899.0000 0.0062 73.4008 50.0000 39.0936 43.0460 44.7930
10900.0000 0.0074 73.3429 50.0000 39.0360 42.4045 45.3566
10901.0000 0.0101 73.2875 50.0000 38.2267 42.7821 45.6011
10902.0000 0.0158 73.2577 50.0000 37.4921 42.1373 46.7491
10903.0000 0.0130 73.3042 50.0000 37.8222 42.4925 46.2317
10904.0000 0.0131 73.3650 50.0000 37.7939 42.6035 46.2491
10905.0000 0.0154 73.4733 50.0000 37.3958 42.7635 46.5957
10906.0000 0.0142 73.4588 50.0000 37.8811 42.2386 46.6596
10907.0000 0.0153 73.8680 50.0000 38.2366 41.9562 47.2665
10908.0000 0.0164 74.1084 50.0000 38.5140 41.6115 47.7201
10909.0000 0.0128 74.0418 50.0000 38.7462 42.0748 47.0174
10910.0000 0.0145 74.0110 50.0000 38.3583 42.1630 47.2075
10911.0000 0.0147 73.7529 50.0000 38.8018 41.1696 47.3178
10912.0000 0.0116 73.6217 50.0000 38.7105 41.9010 46.5398
10913.0000 0.0150 73.9254 50.0000 38.2678 42.0669 47.2325
10914.0000 0.0201 74.1117 50.0000 37.5781 42.1168 48.0272
10915.0000 0.0210 73.8338 50.0000 37.5491 41.6092 48.0643
10916.0000 0.0206 73.7889 50.0000 37.2568 42.0629 47.8272
10917.0000 0.0230 73.5788 50.0000 36.7963 41.9618 47.9487
10918.0000 0.0236 73.8765 50.0000 36.3864 42.9181 47.8729
10919.0000 0.0245 74.0074 50.0000 36.7093 42.3408 48.3402
10920.0000 0.0290 73.8579 50.0000 36.2525 41.9402 48.8033
10921.0000 0.0330 73.8766 50.0000 36.0536 41.5348 49.3230
10922.0000 0.0302 73.9737 50.0000 36.2346 41.8898 49.0348
10923.0000 0.0316 74.0122 50.0000 36.2874 41.6120 49.2897
10924.0000 0.0279 73.9399 50.0000 36.7123 41.5887 48.8845
10925.0000 0.0293 74.3123 50.0000 36.7892 41.7006 49.2944
10926.0000 0.0248 73.7523 50.0000 36.8451 41.7540 48.3575
10927.0000 0.0294 73.6949 50.0000 36.0636 41.9281 48.7072
10928.0000 0.0253 73.7027 50.0000 36.2853 42.4316 48.1146
10929.0000 0.0266 74.1819 50.0000 36.2852 42.8071 48.5170
10930.0000 0.0235 73.8179 50.0000 36.3558 42.9135 47.8097
10931.0000 0.0220 73.7277 50.0000 36.3518 43.2046 47.4098
10932.0000 0.0186 73.3809 50.0000 36.5852 43.2371 46.6565
10933.0000 0.0207 73.0684 50.0000 36.0735 43.1266 46.6668
10934.0000 0.0149 73.1881 50.0000 37.2712 42.7277 46.2785
10935.0000 0.0193 73.8843 50.0000 37.1945 42.6124 47.5358
10936.0000 0.0188 74.1351 50.0000 37.4983 42.5867 47.7102
10937.0000 0.0212 74.0351 50.0000 36.8177 43.0173 47.6987
10938.0000 0.0208 73.9143 50.0000 37.1380 42.3834 47.8304
10939.0000 0.0191 74.0883 50.0000 37.8043 41.9825 47.9311
10940.0000 0.0171 74.0512 50.0000 37.8088 42.3989 47.5017
10941.0000 0.0182 74.3781 50.0000 37.6378 42.8750 47.7204
10942.0000 0.0180 74.1235 50.0000 37.3947 42.9877 47.4130
10943.0000 0.0185 73.9308 50.0000 36.8933 43.5151 47.0221
10944.0000 0.0207 73.9435 50.0000 36.9554 42.7451 47.6948
10945.0000 0.0169 74.0573 50.0000 37.4413 43.1109 47.1601
10946.0000 0.0192 73.8331 50.0000 36.8396 43.2512 47.1540
10947.0000 0.0198 73.9022 50.0000 36.6383 43.5863 47.1106
10948.0000 0.0171 73.6155 50.0000 36.7389 43.9396 46.2472
10949.0000 0.0173 73.4776 50.0000 36.6695 43.7325 46.2793
10950.0000 0.0169 73.5248 50.0000 37.0931 42.9743 46.7248
10951.0000 0.0157 73.3391 50.0000 37.2427 42.7556 46.5142
10952.0000 0.0164 73.6415 50.0000 37.3305 42.8455 46.8375
10953.0000 0.0206 73.6411 50.0000 37.0888 42.1336 47.6675
10954.0000 0.0191 73.8865 50.0000 37.3430 42.4328 47.5833
10955.0000 0.0169 74.0840 50.0000 37.6630 42.7440 47.3591
10956.0000 0.0198 73.8619 50.0000 37.1527 42.5396 47.5988
10957.0000 0.0174 73.9641 50.0000 38.5311 41.2060 47.8343
10958.0000 0.0170 73.8476 50.0000 38.5161 41.1662 47.7004
10959.0000 0.0150 73.7520 50.0000 38.6177 41.3290 47.3281
10960.0000 0.0161 73.5114 50.0000 37.7310 42.0431 47.0391
10961.0000 0.0167 73.3894 50.0000 37.3899 42.2751 46.9129
10962.0000 0.0198 73.4126 50.0000 36.9876 42.1763 47.3549
10963.0000 0.0156 73.4816 50.0000 37.4317 42.6579 46.6767
10964.0000 0.0171 73.3805 50.0000 37.5047 41.9606 47.0893
10965.0000 0.0214 73.5778 50.0000 37.0737 41.8800 47.8047
10966.0000 0.0196 73.4804 50.0000 37.3823 41.6928 47.5779
10967.0000 0.0207 73.3001 50.0000 36.9996 41.7758 47.5260
10968.0000 0.0188 72.9033 50.0000 37.3638 41.1328 47.1903
10969.0000 0.0177 73.2077 50.0000 37.3380 41.8369 47.0629
10970.0000 0.0204 73.2497 50.0000 37.1091 41.6068 47.5111
10971.0000 0.0208 73.1685 50.0000 36.8737 41.7674 47.4283
10972.0000 0.0210 73.5502 50.0000 37.2586 41.6604 47.8105
10973.0000 0.0236 73.3778 50.0000 36.9771 41.3176 48.0608
10974.0000 0.0226 72.9603 50.0000 36.8359 41.1832 47.6473
10975.0000 0.0247 73.1554 50.0000 36.5104 41.4768 47.9413
10976.0000 0.0195 73.1541 50.0000 36.7534 42.2731 47.0499
10977.0000 0.0244 73.3347 50.0000 36.7787 41.3773 48.0961
10978.0000 0.0236 73.1107 50.0000 36.8033 41.2098 47.8794
10979.0000 0.0268 73.0651 50.0000 36.1855 41.4266 48.0932
10980.0000 0.0254 73.1153 50.0000 36.5729 41.2093 48.0631
10981.0000 0.0289 73.0526 50.0000 35.9660 41.3448 48.3087
10982.0000 0.0297 73.1775 50.0000 36.2034 41.0171 48.5990
10983.0000 0.0333 72.9296 50.0000 35.9177 40.5193 48.8552
10984.0000 0.0377 72.5915 50.0000 35.7047 39.7388 49.1480
10985.0000 0.0291 72.3367 50.0000 36.3086 39.9654 48.1357
10986.0000 0.0324 72.6798 50.0000 36.2661 39.9078 48.7287
10987.0000 0.0328 72.7680 50.0000 36.0522 40.2266 48.7570
10988.0000 0.0363 73.2667 50.0000 36.0671 40.2759 49.4472
10989.0000 0.0384 73.4899 50.0000 36.0075 40.3026 49.7988
10990.0000 0.0382 73.6690 50.0000 36.0411 40.4931 49.8846
10991.0000 0.0375 73.5029 50.0000 35.9131 40.5573 49.6792
10992.0000 0.0389 73.5735 50.0000 35.7737 40.6152 49.8368
10993.0000 0.0352 73.6884 50.0000 36.2591 40.6860 49.5974
10994.0000 0.0380 73.9379 50.0000 35.9625 40.9404 49.9740
10995.0000 0.0351 73.5748 50.0000 35.8490 41.0958 49.3885
10996.0000 0.0419 73.8509 50.0000 35.4404 40.9448 50.2141
10997.0000 0.0404 73.6547 50.0000 35.4426 40.9250 49.9397
10998.0000 0.0427 73.6517 50.0000 35.3547 40.7036 50.1781
10999.0000 0.0479 73.9124 50.0000 35.1167 40.6015 50.8073
11000.0000 0.0483 74.1786 50.0000 35.4637 40.4276 51.0921
11001.0000 0.0445 74.1306 50.0000 35.6490 40.6412 50.7226
11002.0000 0.0486 74.5329 50.0000 35.2268 41.0788 51.2519
11003.0000 0.0408 74.5619 50.0000 35.1993 42.3040 50.3076
11004.0000 0.0418 74.2242 50.0000 34.9650 42.0585 50.1774
11005.0000 0.0345 73.8441 50.0000 35.2231 42.4633 49.0831
11006.0000 0.0413 74.0197 50.0000 34.9343 41.9201 50.0123
11007.0000 0.0406 74.3070 50.0000 35.3056 41.8698 50.2192
11008.0000 0.0468 74.4257 50.0000 34.9376 41.5782 50.8901
11009.0000 0.0466 74.1848 50.0000 35.7188 40.3421 50.9909
11010.0000 0.0482 74.3732 50.0000 35.8788 40.1587 51.2968
11011.0000 0.0385 74.0209 50.0000 36.2677 40.5861 50.1650
11012.0000 0.0459 74.1994 50.0000 35.4115 40.8288 50.8388
11013.0000 0.0441 74.1128 50.0000 35.8139 40.4698 50.7175
11014.0000 0.0452 73.7735 50.0000 35.7178 40.0635 50.6131
11015.0000 0.0462 73.6252 50.0000 35.8189 39.6450 50.6551
11016.0000 0.0359 73.0213 50.0000 36.0846 40.0273 49.2730
11017.0000 0.0391 73.4922 50.0000 36.3412 39.8090 49.9567
11018.0000 0.0359 73.4024 50.0000 36.2337 40.2831 49.5207
11019.0000 0.0349 73.2667 50.0000 35.8289 40.7855 49.2021
11020.0000 0.0373 73.0614 50.0000 35.2765 40.8964 49.2039
11021.0000 0.0390 73.0760 50.0000 35.1399 40.8470 49.3641
11022.0000 0.0433 73.1698 50.0000 35.2763 40.1650 49.9618
11023.0000 0.0411 73.1817 50.0000 35.5462 40.1453 49.8035
11024.0000 0.0425 72.9744 50.0000 35.4663 39.8181 49.8189
11025.0000 0.0501 73.1950 50.0000 34.8683 39.8136 50.5628
11026.0000 0.0447 73.6014 50.0000 35.4061 40.3180 50.3788
11027.0000 0.0403 73.5161 50.0000 35.6993 40.4489 49.9407
11028.0000 0.0453 73.9041 50.0000 35.8148 40.0763 50.7248
11029.0000 0.0458 73.5193 50.0000 35.4214 40.0512 50.4609
11030.0000 0.0379 73.1275 50.0000 35.5329 40.5516 49.4026
11031.0000 0.0355 73.1540 50.0000 35.8706 40.5112 49.2306
11032.0000 0.0347 73.2384 50.0000 36.4278 40.0180 49.3501
11033.0000 0.0401 73.4864 50.0000 36.0864 39.9645 50.0086
11034.0000 0.0419 73.7523 50.0000 35.4299 40.8437 50.1590
11035.0000 0.0433 73.7713 50.0000 35.6076 40.4382 50.3890
11036.0000 0.0446 73.9748 50.0000 35.7333 40.3427 50.6742
11037.0000 0.0465 73.6630 50.0000 35.7635 39.7162 50.6935
11038.0000 0.0474 73.4995 50.0000 35.6670 39.5353 50.6656
11039.0000 0.0457 73.4227 50.0000 35.5405 39.8144 50.4240
11040.0000 0.0409 73.1649 50.0000 35.9275 39.6876 49.8720
11041.0000 0.0409 73.1266 50.0000 36.2072 39.3220 49.9030
11042.0000 0.0441 73.3615 50.0000 35.4010 40.1272 50.1846
11043.0000 0.0464 73.1148 50.0000 35.3576 39.5991 50.2746
11044.0000 0.0535 73.2083 50.0000 34.8409 39.4515 50.8837
11045.0000 0.0523 72.9338 50.0000 34.4389 39.7800 50.5060
11046.0000 0.0536 72.5785 50.0000 34.3245 39.3648 50.3973
11047.0000 0.0521 72.3865 50.0000 33.7917 39.9875 49.9893
11048.0000 0.0450 72.2443 50.0000 34.6138 39.6993 49.4479
11049.0000 0.0475 72.2784 50.0000 34.9351 39.0392 49.7961
11050.0000 0.0418 72.0594 50.0000 35.3615 38.9942 49.2095
11051.0000 0.0380 72.1728 50.0000 35.6399 39.2956 48.9343
11052.0000 0.0430 72.3765 50.0000 35.7656 38.7376 49.5840
11053.0000 0.0421 72.4194 50.0000 35.6768 38.9971 49.5072
11054.0000 0.0475 72.7547 50.0000 35.4369 38.9780 50.1815
11055.0000 0.0465 72.5234 50.0000 35.8426 38.3920 50.0101
11056.0000 0.0507 72.5312 50.0000 35.0779 38.7630 50.2767
11057.0000 0.0509 72.6095 50.0000 35.1830 38.7120 50.3555
11058.0000 0.0525 72.9719 50.0000 35.4867 38.5723 50.7717
11059.0000 0.0475 72.7652 50.0000 35.5753 38.8324 50.2117
11060.0000 0.0445 72.7275 50.0000 35.6865 39.0183 49.9333
11061.0000 0.0505 73.0228 50.0000 35.4689 38.8741 50.6270
11062.0000 0.0476 73.0058 50.0000 35.6999 38.9423 50.3870
11063.0000 0.0456 72.8149 50.0000 35.9775 38.6563 50.1330
11064.0000 0.0430 73.0685 50.0000 36.0743 39.1368 50.0596
11065.0000 0.0411 72.5905 50.0000 36.3002 38.6041 49.6125
11066.0000 0.0433 73.0599 50.0000 36.2473 38.9041 50.1034
11067.0000 0.0452 72.9409 50.0000 36.3187 38.4688 50.2143
11068.0000 0.0411 72.7988 50.0000 35.9900 39.1783 49.6936
11069.0000 0.0359 72.7691 50.0000 37.0736 38.6089 49.2974
11070.0000 0.0359 73.1215 50.0000 36.7373 39.3656 49.4720
11071.0000 0.0356 72.8362 50.0000 36.8529 38.9614 49.2847
11072.0000 0.0367 72.7671 50.0000 36.1952 39.4827 49.2553
11073.0000 0.0413 73.3028 50.0000 35.7207 40.0351 49.9451
11074.0000 0.0388 73.1855 50.0000 36.0912 39.7940 49.6988
11075.0000 0.0325 73.0589 50.0000 36.0246 40.6465 48.8640
11076.0000 0.0291 73.0941 50.0000 36.2799 40.9094 48.5071
11077.0000 0.0259 73.2428 50.0000 36.5490 41.3048 48.1934
11078.0000 0.0307 73.2595 50.0000 36.6085 40.4263 48.9130
11079.0000 0.0326 73.7449 50.0000 36.6874 40.6005 49.4363
11080.0000 0.0396 73.8351 50.0000 36.4999 39.9390 50.2420
11081.0000 0.0339 73.7996 50.0000 37.4326 39.5944 49.7740
11082.0000 0.0295 73.5485 50.0000 37.6542 39.7025 49.1452
11083.0000 0.0351 73.6485 50.0000 37.0531 39.7025 49.7482
11084.0000 0.0372 73.5472 50.0000 36.6570 39.7479 49.8555
11085.0000 0.0337 73.6259 50.0000 37.1722 39.7254 49.6074
11086.0000 0.0359 73.7314 50.0000 37.3226 39.3839 49.9225
11087.0000 0.0365 73.8505 50.0000 37.2924 39.4604 50.0604
11088.0000 0.0376 74.1029 50.0000 37.4432 39.4265 50.3468
11089.0000 0.0335 73.7737 50.0000 37.6259 39.4089 49.7372
11090.0000 0.0323 73.8831 50.0000 38.3160 38.9517 49.7330
11091.0000 0.0304 73.9887 50.0000 38.3526 39.2902 49.5952
11092.0000 0.0365 74.1828 50.0000 37.9866 39.0692 50.3359
11093.0000 0.0420 74.3691 50.0000 37.9841 38.5916 50.9771
11094.0000 0.0364 74.5245 50.0000 38.5935 38.8129 50.5766
11095.0000 0.0332 74.2325 50.0000 38.5458 38.9719 50.0587
11096.0000 0.0302 74.3850 50.0000 38.3299 39.7679 49.8243
11097.0000 0.0262 74.1388 50.0000 38.2700 40.1605 49.1843
11098.0000 0.0269 74.1397 50.0000 38.2954 40.0225 49.2784
11099.0000 0.0245 73.7358 50.0000 38.5118 39.7114 48.7526
11100.0000 0.0228 73.9016 50.0000 38.4016 40.2905 48.6153
11101.0000 0.0220 73.7126 50.0000 38.7793 39.7958 48.4356
11102.0000 0.0205 73.6037 50.0000 38.4966 40.2239 48.1409
11103.0000 0.0225 74.0749 50.0000 38.7224 40.1807 48.7153
11104.0000 0.0262 74.8222 50.0000 38.5145 40.6476 49.6263
11105.0000 0.0295 75.1574 50.0000 38.0601 41.0419 50.1560
11106.0000 0.0273 75.3473 50.0000 38.5938 40.9805 50.0833
11107.0000 0.0306 75.6052 50.0000 38.6847 40.6740 50.6484
11108.0000 0.0295 75.1015 50.0000 38.5305 40.4393 50.2026
11109.0000 0.0251 74.9002 50.0000 38.3926 41.0614 49.4976
11110.0000 0.0250 74.9217 50.0000 38.2164 41.3244 49.4475
11111.0000 0.0166 74.7882 50.0000 39.3863 41.2918 48.3424
11112.0000 0.0184 74.8045 50.0000 38.7391 41.7649 48.4838
11113.0000 0.0191 74.7143 50.0000 38.6724 41.5883 48.5498
11114.0000 0.0262 75.0890 50.0000 38.1635 41.3786 49.6963
11115.0000 0.0303 75.4180 50.0000 37.8235 41.5163 50.3354
11116.0000 0.0303 75.4370 50.0000 38.4361 40.8011 50.4844
11117.0000 0.0265 75.6628 50.0000 39.0229 40.9707 50.2341
11118.0000 0.0296 75.6801 50.0000 38.5388 41.0636 50.5571
11119.0000 0.0292 75.8774 50.0000 38.9839 40.8506 50.6840
11120.0000 0.0319 75.8836 50.0000 38.7309 40.7314 50.9824
11121.0000 0.0281 75.5228 50.0000 38.9043 40.6990 50.3363
11122.0000 0.0297 75.5536 50.0000 38.7561 40.6603 50.5278
11123.0000 0.0304 75.4395 50.0000 38.2751 40.9726 50.4716
11124.0000 0.0345 75.5565 50.0000 37.9766 40.8504 50.9686
11125.0000 0.0393 75.8725 50.0000 37.3882 41.2152 51.5758
11126.0000 0.0502 76.3762 50.0000 37.6078 40.1308 52.9953
11127.0000 0.0434 76.0057 50.0000 37.9102 40.2291 52.1662
11128.0000 0.0419 76.2431 50.0000 37.7685 40.8368 52.1431
11129.0000 0.0392 76.0787 50.0000 37.9830 40.7801 51.7903
11130.0000 0.0314 76.1654 50.0000 38.3493 41.5688 51.0150
11131.0000 0.0296 75.9013 50.0000 38.0907 41.8573 50.5773
11132.0000 0.0355 75.5197 50.0000 38.0620 40.5773 51.0685
11133.0000 0.0407 75.9406 50.0000 37.4706 41.0131 51.7769
11134.0000 0.0415 76.3055 50.0000 37.9427 40.7648 52.1643
11135.0000 0.0388 76.3129 50.0000 38.3018 40.7231 51.9448
11136.0000 0.0387 76.1967 50.0000 39.0699 39.7874 51.9273
11137.0000 0.0431 76.0519 50.0000 38.7077 39.4737 52.2248
11138.0000 0.0396 76.3178 50.0000 39.2152 39.6605 52.0924
11139.0000 0.0390 76.8047 50.0000 39.5447 39.9077 52.3695
11140.0000 0.0354 76.7155 50.0000 39.5823 40.2429 51.9521
11141.0000 0.0383 77.0171 50.0000 39.4975 40.2715 52.4384
11142.0000 0.0371 77.0950 50.0000 39.2997 40.7113 52.3618
11143.0000 0.0326 77.1126 50.0000 39.4796 41.1526 51.9054
11144.0000 0.0278 76.3515 50.0000 39.3941 41.1214 50.8594
11145.0000 0.0283 76.4804 50.0000 40.1600 40.3841 51.0446
11146.0000 0.0282 76.3122 50.0000 39.5997 40.7962 50.9027
11147.0000 0.0282 76.0396 50.0000 39.5481 40.5582 50.7247
11148.0000 0.0266 76.4801 50.0000 39.8228 40.9853 50.8287
11149.0000 0.0236 76.5355 50.0000 40.3430 40.9735 50.5104
11150.0000 0.0264 76.6496 50.0000 40.3889 40.6152 50.9343
11151.0000 0.0202 76.5427 50.0000 40.1800 41.7244 50.0343
11152.0000 0.0237 76.7482 50.0000 40.2227 41.3055 50.6584
11153.0000 0.0254 77.0535 50.0000 40.1769 41.4222 51.0614
11154.0000 0.0304 77.1077 50.0000 40.1220 40.7891 51.6920
11155.0000 0.0302 76.4888 50.0000 39.7694 40.5136 51.2599
11156.0000 0.0302 76.3122 50.0000 39.8029 40.3008 51.1384
11157.0000 0.0294 76.3719 50.0000 39.5783 40.7172 51.0718
11158.0000 0.0325 76.7548 50.0000 39.3527 40.9197 51.6551
11159.0000 0.0312 76.7539 50.0000 39.5723 40.8652 51.5289
11160.0000 0.0324 76.7821 50.0000 39.8986 40.3885 51.6948
11161.0000 0.0363 77.2882 50.0000 39.5254 40.7935 52.4127
11162.0000 0.0411 77.4376 50.0000 39.2512 40.6088 52.9798
11163.0000 0.0387 76.9404 50.0000 38.4186 41.2994 52.3277
11164.0000 0.0450 77.3451 50.0000 38.9042 40.3863 53.2698
11165.0000 0.0409 77.1080 50.0000 38.9782 40.5781 52.7235
11166.0000 0.0364 76.9533 50.0000 39.7500 40.1833 52.2211
11167.0000 0.0381 77.1074 50.0000 39.5223 40.3670 52.4790
11168.0000 0.0425 77.2023 50.0000 39.3753 40.0554 52.9655
11169.0000 0.0372 77.1131 50.0000 39.3131 40.7110 52.3787
11170.0000 0.0353 77.5644 50.0000 39.7554 40.9730 52.5068
11171.0000 0.0354 77.3803 50.0000 38.8444 41.7691 52.2892
11172.0000 0.0361 77.6044 50.0000 39.0713 41.6547 52.5429
11173.0000 0.0335 77.3906 50.0000 38.7368 42.1766 52.0566
11174.0000 0.0308 77.4400 50.0000 38.9108 42.4613 51.7682
11175.0000 0.0286 77.3851 50.0000 39.5568 41.9830 51.5862
11176.0000 0.0312 77.5081 50.0000 39.7279 41.5308 52.0038
11177.0000 0.0324 77.2381 50.0000 39.5771 41.2131 51.9697
11178.0000 0.0282 76.9427 50.0000 39.3483 41.7788 51.2486
11179.0000 0.0300 76.8603 50.0000 39.3343 41.4239 51.4236
11180.0000 0.0319 76.7056 50.0000 39.1439 41.1884 51.5269
11181.0000 0.0383 76.7911 50.0000 38.6833 40.8970 52.2294
11182.0000 0.0299 76.9488 50.0000 38.9664 41.9688 51.3941
11183.0000 0.0286 76.9290 50.0000 39.7244 41.2817 51.3407
11184.0000 0.0326 76.5088 50.0000 39.2675 40.7390 51.4976
11185.0000 0.0308 76.5836 50.0000 39.2570 41.0896 51.3379
11186.0000 0.0325 76.7206 50.0000 38.7680 41.5342 51.5558
11187.0000 0.0345 76.5937 50.0000 38.4726 41.4373 51.6662
11188.0000 0.0327 76.7369 50.0000 39.2643 40.9677 51.6577
11189.0000 0.0336 76.9268 50.0000 39.1614 41.1557 51.8684
11190.0000 0.0472 77.4209 50.0000 38.6568 40.4604 53.5033
11191.0000 0.0451 77.6624 50.0000 38.3526 41.3181 53.4166
11192.0000 0.0435 77.5045 50.0000 38.0971 41.6473 53.1136
11193.0000 0.0454 77.5885 50.0000 37.9365 41.6638 53.3377
11194.0000 0.0451 77.5506 50.0000 38.2523 41.3119 53.3309
11195.0000 0.0496 77.5316 50.0000 37.7949 41.2393 53.6843
11196.0000 0.0479 77.4013 50.0000 37.9477 41.1304 53.4717
11197.0000 0.0495 77.4655 50.0000 37.6461 41.3493 53.6088
11198.0000 0.0499 77.4520 50.0000 38.0472 40.8339 53.7012
11199.0000 0.0449 77.1383 50.0000 38.3926 40.7265 53.0818
11200.0000 0.0405 76.8713 50.0000 38.3539 41.0536 52.4669
11201.0000 0.0449 76.8104 50.0000 38.2009 40.5906 52.8482
11202.0000 0.0415 76.5155 50.0000 38.6703 40.1967 52.3780
11203.0000 0.0416 76.1961 50.0000 38.2929 40.2479 52.1499
11204.0000 0.0401 75.7899 50.0000 38.1107 40.2015 51.7253
11205.0000 0.0453 75.6594 50.0000 38.2560 39.2631 52.1462
11206.0000 0.0393 75.3908 50.0000 38.4010 39.5565 51.4239
11207.0000 0.0353 75.5915 50.0000 38.6545 40.0270 51.1639
11208.0000 0.0370 75.7152 50.0000 38.4632 40.1360 51.4050
11209.0000 0.0353 75.3259 50.0000 38.5354 39.8636 50.9893
11210.0000 0.0350 75.5026 50.0000 38.3481 40.3066 51.0435
11211.0000 0.0465 75.7374 50.0000 38.2154 39.2524 52.2971
11212.0000 0.0390 75.6652 50.0000 38.2638 40.0339 51.5596
11213.0000 0.0420 75.7607 50.0000 38.3077 39.7190 51.9096
11214.0000 0.0387 75.7355 50.0000 38.5972 39.7962 51.5983
11215.0000 0.0317 75.5449 50.0000 38.7940 40.3286 50.7509
11216.0000 0.0326 75.3261 50.0000 38.5701 40.1949 50.7025
11217.0000 0.0441 75.8446 50.0000 37.7460 40.1501 52.1115
11218.0000 0.0363 75.7663 50.0000 38.5787 40.1592 51.3757
11219.0000 0.0306 75.7056 50.0000 39.2940 40.1229 50.7687
11220.0000 0.0342 75.9705 50.0000 39.2315 39.9721 51.3288
11221.0000 0.0277 75.0948 50.0000 38.9765 40.2088 50.0332
11222.0000 0.0300 75.1475 50.0000 38.4772 40.4795 50.2798
11223.0000 0.0327 75.3122 50.0000 38.3544 40.4108 50.6738
11224.0000 0.0310 75.2449 50.0000 38.3986 40.5247 50.4490
11225.0000 0.0374 75.2007 50.0000 38.2056 39.8083 51.0957
11226.0000 0.0387 75.0849 50.0000 38.0613 39.6687 51.1417
11227.0000 0.0415 75.3800 50.0000 37.0203 40.7974 51.4510
11228.0000 0.0411 75.3689 50.0000 36.5963 41.3615 51.2875
11229.0000 0.0446 75.6259 50.0000 36.7182 41.0302 51.8419
11230.0000 0.0465 75.5148 50.0000 36.8764 40.4752 52.0036
11231.0000 0.0495 75.5558 50.0000 36.7206 40.3200 52.2932
11232.0000 0.0472 75.1531 50.0000 36.5134 40.3988 51.7947
11233.0000 0.0519 75.7009 50.0000 36.6180 40.3134 52.5793
11234.0000 0.0483 75.7225 50.0000 36.8913 40.4599 52.3061
11235.0000 0.0506 75.6770 50.0000 36.5088 40.5590 52.4318
11236.0000 0.0545 75.8878 50.0000 36.5078 40.3306 52.9111
11237.0000 0.0504 76.2053 50.0000 36.5162 41.1672 52.7170
11238.0000 0.0469 75.7184 50.0000 36.6170 40.9465 52.1138
11239.0000 0.0479 75.4902 50.0000 36.2934 40.9493 52.0069
11240.0000 0.0470 75.3897 50.0000 36.7844 40.3746 51.9654
11241.0000 0.0493 75.8688 50.0000 36.8403 40.5507 52.4833
11242.0000 0.0487 75.7392 50.0000 36.9080 40.4069 52.3594
11243.0000 0.0458 75.7557 50.0000 37.0593 40.6172 52.1132
11244.0000 0.0490 75.8610 50.0000 36.7805 40.6502 52.4371
11245.0000 0.0439 75.5789 50.0000 36.7320 41.0433 51.7531
11246.0000 0.0403 75.7940 50.0000 36.5907 41.9776 51.4172
11247.0000 0.0465 76.2312 50.0000 36.5706 41.6262 52.3550
11248.0000 0.0514 76.6796 50.0000 35.8504 42.3840 52.8971
11249.0000 0.0468 76.3951 50.0000 35.6776 42.9314 52.1558
11250.0000 0.0505 76.5212 50.0000 35.4605 42.8307 52.5697
11251.0000 0.0469 76.4277 50.0000 35.6512 43.0004 52.1646
11252.0000 0.0474 76.1050 50.0000 35.0512 43.3804 51.7834
11253.0000 0.0464 75.8794 50.0000 35.3105 42.8791 51.6936
11254.0000 0.0461 75.8150 50.0000 35.3836 42.7487 51.6572
11255.0000 0.0468 75.8292 50.0000 35.5977 42.3646 51.8470
11256.0000 0.0443 75.4113 50.0000 35.0403 43.0336 51.0604
11257.0000 0.0455 75.4537 50.0000 35.2044 42.6511 51.3304
11258.0000 0.0448 75.5642 50.0000 35.5896 42.3498 51.4765
11259.0000 0.0473 76.1193 50.0000 35.3955 42.9173 51.9559
11260.0000 0.0486 75.9425 50.0000 35.4688 42.4170 52.0578
11261.0000 0.0505 75.9107 50.0000 35.7594 41.7444 52.3556
11262.0000 0.0449 75.8559 50.0000 35.7838 42.4243 51.7089
11263.0000 0.0476 75.9362 50.0000 35.5408 42.4496 51.9730
11264.0000 0.0461 75.6779 50.0000 35.5330 42.3718 51.6641
11265.0000 0.0427 75.4776 50.0000 35.7843 42.3036 51.2518
11266.0000 0.0432 75.2289 50.0000 36.1851 41.4215 51.3254
11267.0000 0.0442 74.9605 50.0000 36.0231 41.1675 51.2509
11268.0000 0.0481 75.5748 50.0000 35.8196 41.5971 51.9441
11269.0000 0.0466 75.6402 50.0000 35.7736 41.9379 51.7968
11270.0000 0.0507 75.9338 50.0000 35.2994 42.3262 52.2340
11271.0000 0.0468 75.6678 50.0000 35.4486 42.3781 51.7021
11272.0000 0.0405 75.7202 50.0000 36.5133 41.9659 51.3730
11273.0000 0.0368 75.5454 50.0000 36.4482 42.4170 50.7882
11274.0000 0.0448 75.9943 50.0000 35.8480 42.5162 51.7922
11275.0000 0.0384 76.0368 50.0000 36.4311 42.7688 51.2368
11276.0000 0.0382 75.9561 50.0000 36.3492 42.8211 51.1315
11277.0000 0.0346 75.8909 50.0000 36.5494 43.0703 50.6806
11278.0000 0.0352 76.2707 50.0000 36.5090 43.5195 50.8956
11279.0000 0.0344 76.0145 50.0000 36.2937 43.6631 50.5421
11280.0000 0.0387 76.5355 50.0000 35.9965 43.9969 51.2465
11281.0000 0.0456 76.6395 50.0000 35.6328 43.4754 52.0942
11282.0000 0.0442 76.4208 50.0000 35.4241 43.7415 51.6909
11283.0000 0.0390 76.6099 50.0000 36.1265 43.8427 51.3982
11284.0000 0.0363 76.4480 50.0000 36.2970 43.8574 51.0231
11285.0000 0.0387 76.4156 50.0000 35.7046 44.3050 51.0058
11286.0000 0.0321 76.5433 50.0000 36.4384 44.6567 50.3676
11287.0000 0.0381 76.4715 50.0000 36.0696 43.9077 51.1760
11288.0000 0.0391 76.7281 50.0000 36.2155 43.8386 51.5151
11289.0000 0.0342 76.6473 50.0000 36.4634 44.2946 50.8254
11290.0000 0.0354 76.6147 50.0000 36.5662 43.8427 51.0935
11291.0000 0.0366 76.8288 50.0000 36.4489 44.0813 51.2930
11292.0000 0.0360 76.6545 50.0000 36.5739 43.7693 51.2105
11293.0000 0.0319 76.7113 50.0000 36.7723 44.3378 50.6614
11294.0000 0.0307 76.6268 50.0000 36.9125 44.2468 50.5109
11295.0000 0.0274 76.5469 50.0000 37.2610 44.3102 50.0764
11296.0000 0.0272 76.5926 50.0000 37.5017 44.0151 50.2267
11297.0000 0.0253 76.7485 50.0000 37.7662 44.2331 50.0748
11298.0000 0.0322 77.1970 50.0000 37.1614 44.3124 51.1354
11299.0000 0.0371 77.5349 50.0000 36.8171 44.3331 51.8724
11300.0000 0.0372 76.7035 50.0000 36.6353 43.5173 51.4541
11301.0000 0.0381 76.8523 50.0000 36.3877 43.9240 51.5062
11302.0000 0.0327 76.7181 50.0000 36.8359 44.0752 50.8543
11303.0000 0.0327 76.8451 50.0000 37.2836 43.5698 51.1544
11304.0000 0.0348 76.4583 50.0000 36.8127 43.3811 51.0762
11305.0000 0.0349 76.4996 50.0000 36.6585 43.6337 51.0338
11306.0000 0.0329 77.0940 50.0000 37.5129 43.5177 51.4050
11307.0000 0.0300 77.2163 50.0000 37.9184 43.6242 51.2004
11308.0000 0.0267 77.2431 50.0000 38.3899 43.6228 50.8898
11309.0000 0.0340 77.3921 50.0000 37.8384 43.2337 51.8521
11310.0000 0.0320 77.2332 50.0000 38.7992 42.1622 51.7873
11311.0000 0.0302 77.1039 50.0000 39.0276 42.0297 51.5302
11312.0000 0.0303 77.1596 50.0000 38.8627 42.2640 51.5465
11313.0000 0.0313 77.4901 50.0000 38.8321 42.5352 51.8415
11314.0000 0.0319 77.3674 50.0000 38.4490 42.7605 51.7583
11315.0000 0.0308 77.2918 50.0000 38.9218 42.2743 51.6914
11316.0000 0.0371 77.5156 50.0000 38.3280 42.2742 52.4644
11317.0000 0.0376 77.5252 50.0000 38.2895 42.2562 52.5212
11318.0000 0.0382 77.3776 50.0000 39.0327 41.1537 52.6319
11319.0000 0.0319 77.0332 50.0000 39.0065 41.7036 51.7051
11320.0000 0.0297 76.7040 50.0000 38.2724 42.5598 51.0626
11321.0000 0.0330 77.1547 50.0000 38.2815 42.5428 51.7444
11322.0000 0.0291 76.8237 50.0000 38.3524 42.7174 51.0510
11323.0000 0.0311 77.1421 50.0000 38.5188 42.5439 51.5482
11324.0000 0.0350 77.2336 50.0000 38.2715 42.3396 52.0353
11325.0000 0.0341 77.0183 50.0000 37.9639 42.6170 51.7141
11326.0000 0.0249 76.7691 50.0000 39.1892 42.3221 50.6611
11327.0000 0.0195 76.6872 50.0000 39.6549 42.6494 49.8943
11328.0000 0.0201 77.2161 50.0000 40.0694 42.6503 50.3757
11329.0000 0.0257 77.1536 50.0000 39.6296 42.0999 51.0858
11330.0000 0.0267 76.8387 50.0000 39.8308 41.3597 51.0594
11331.0000 0.0284 76.4658 50.0000 39.0459 41.5562 50.9463
11332.0000 0.0312 76.8324 50.0000 38.8080 41.8090 51.4701
11333.0000 0.0305 76.7496 50.0000 38.7659 41.8858 51.3155
11334.0000 0.0378 76.6447 50.0000 37.6826 41.9675 51.8958
11335.0000 0.0329 76.2686 50.0000 37.5839 42.3970 51.0572
11336.0000 0.0273 75.9276 50.0000 38.4396 41.8481 50.3600
11337.0000 0.0327 76.2214 50.0000 37.9572 41.9106 51.1122
11338.0000 0.0304 76.3411 50.0000 38.4577 41.7960 51.0105
11339.0000 0.0323 76.4563 50.0000 38.4664 41.6208 51.3187
11340.0000 0.0322 76.4965 50.0000 39.1627 40.8833 51.4447
11341.0000 0.0255 76.4148 50.0000 39.2673 41.7139 50.5693
11342.0000 0.0220 76.4121 50.0000 39.3263 42.2471 50.0743
11343.0000 0.0287 76.5482 50.0000 38.4379 42.3350 50.8912
11344.0000 0.0315 77.0214 50.0000 38.3900 42.4917 51.5070
11345.0000 0.0317 76.8920 50.0000 38.4966 42.1801 51.4901
11346.0000 0.0256 76.6066 50.0000 38.6962 42.6286 50.5369
11347.0000 0.0251 77.1898 50.0000 38.4278 43.8260 50.6049
11348.0000 0.0281 76.6943 50.0000 37.5398 43.8941 50.4588
11349.0000 0.0288 76.8658 50.0000 37.2162 44.4954 50.4328
11350.0000 0.0335 76.6486 50.0000 37.3422 43.0838 51.2284
11351.0000 0.0279 76.2775 50.0000 37.9166 42.8452 50.4469
11352.0000 0.0337 76.1818 50.0000 37.0641 42.8625 50.9189
11353.0000 0.0369 76.5024 50.0000 37.0524 42.7386 51.5088
11354.0000 0.0347 76.5825 50.0000 36.6971 43.7369 51.0420
11355.0000 0.0298 76.8153 50.0000 37.7139 43.4571 50.8894
11356.0000 0.0301 76.4255 50.0000 37.8137 42.7655 50.8144
11357.0000 0.0370 76.7094 50.0000 37.4510 42.4454 51.7701
11358.0000 0.0361 76.2139 50.0000 37.0897 42.4775 51.2697
11359.0000 0.0325 76.0520 50.0000 37.4341 42.4088 50.8339
11360.0000 0.0366 76.1581 50.0000 36.9857 42.4560 51.2796
11361.0000 0.0353 75.7834 50.0000 37.1932 41.9553 50.9857
11362.0000 0.0319 76.3485 50.0000 37.8812 42.2846 51.0501
11363.0000 0.0275 76.0570 50.0000 38.1900 42.2685 50.3941
11364.0000 0.0290 75.8837 50.0000 37.9862 42.0730 50.4505
11365.0000 0.0276 76.0792 50.0000 38.3508 42.0733 50.4688
11366.0000 0.0243 75.8256 50.0000 38.3854 42.3104 49.8590
11367.0000 0.0303 76.0985 50.0000 38.1529 41.9052 50.7868
11368.0000 0.0312 75.7504 50.0000 38.0725 41.4475 50.7022
11369.0000 0.0276 75.8393 50.0000 37.9080 42.3574 50.2039
11370.0000 0.0354 76.4943 50.0000 37.7185 42.0968 51.5417
11371.0000 0.0357 76.0903 50.0000 37.6516 41.6670 51.3416
11372.0000 0.0282 75.7184 50.0000 38.0500 41.9356 50.2680
11373.0000 0.0305 75.9606 50.0000 38.2942 41.5382 50.7755
11374.0000 0.0220 75.6839 50.0000 38.4902 42.4570 49.4365
11375.0000 0.0193 75.6348 50.0000 38.4337 43.0446 48.8941
11376.0000 0.0209 75.7258 50.0000 38.1208 43.2763 49.0751
11377.0000 0.0248 76.1870 50.0000 38.3303 42.7418 50.0838
11378.0000 0.0226 76.2571 50.0000 38.5145 43.0193 49.8108
11379.0000 0.0210 76.4757 50.0000 38.8635 43.1319 49.7775
11380.0000 0.0178 76.8909 50.0000 39.2852 43.8075 49.4953
11381.0000 0.0161 76.6918 50.0000 39.3764 43.8312 49.0914
11382.0000 0.0214 76.6277 50.0000 39.1868 42.8140 50.0317
11383.0000 0.0213 76.8452 50.0000 39.3445 42.8830 50.1821
11384.0000 0.0208 76.9303 50.0000 39.2368 43.2392 50.0910
11385.0000 0.0246 76.9101 50.0000 39.0067 42.7716 50.6382
11386.0000 0.0214 76.7976 50.0000 39.3560 42.7959 50.1745
11387.0000 0.0202 76.7470 50.0000 38.6843 43.9556 49.6139
11388.0000 0.0232 76.7216 50.0000 37.9398 44.4051 49.7490
11389.0000 0.0206 77.1403 50.0000 38.6473 44.4695 49.7943
11390.0000 0.0165 76.7072 50.0000 38.7881 44.7708 48.7345
11391.0000 0.0146 76.9468 50.0000 38.9190 45.7202 48.1226
11392.0000 0.0172 76.7213 50.0000 38.1974 46.0092 48.0652
11393.0000 0.0177 76.9136 50.0000 38.1626 46.3205 48.1012
11394.0000 0.0182 76.9627 50.0000 38.2441 45.8728 48.5421
11395.0000 0.0192 76.5647 50.0000 38.1600 44.9376 48.8526
11396.0000 0.0152 76.3873 50.0000 38.6980 44.9396 48.1446
11397.0000 0.0165 76.6351 50.0000 38.8546 44.5480 48.7722
11398.0000 0.0166 76.7629 50.0000 38.7748 44.8772 48.7349
11399.0000 0.0182 76.8921 50.0000 38.2320 45.7263 48.5779
11400.0000 0.0201 76.6474 50.0000 37.8625 45.4067 48.7800
11401.0000 0.0229 76.8595 50.0000 37.5126 45.5913 49.2101
11402.0000 0.0198 77.0943 50.0000 38.0324 45.9425 48.8504
11403.0000 0.0196 76.8909 50.0000 37.8025 46.4087 48.2640
11404.0000 0.0211 77.0553 50.0000 37.5810 46.6590 48.4574
11405.0000 0.0224 77.4471 50.0000 37.7830 46.1952 49.3609
11406.0000 0.0240 77.1410 50.0000 37.4019 45.9558 49.3954
11407.0000 0.0208 77.0851 50.0000 37.6883 46.5019 48.5724
11408.0000 0.0265 77.5323 50.0000 37.1735 46.3187 49.8394
11409.0000 0.0230 76.9851 50.0000 37.7948 45.1364 49.6081
11410.0000 0.0250 77.1476 50.0000 37.8894 44.6643 50.2121
11411.0000 0.0267 76.9022 50.0000 37.6182 44.3646 50.3052
11412.0000 0.0233 76.8434 50.0000 37.5301 45.3652 49.3801
11413.0000 0.0258 76.8943 50.0000 37.4904 44.8088 49.9938
11414.0000 0.0248 77.0326 50.0000 38.0322 44.3002 50.2500
11415.0000 0.0276 77.1146 50.0000 37.4216 44.7845 50.4047
11416.0000 0.0291 77.1062 50.0000 37.1215 44.9502 50.4662
11417.0000 0.0311 77.3362 50.0000 36.8703 45.2609 50.7240
11418.0000 0.0312 77.5087 50.0000 36.9852 45.2686 50.8964
11419.0000 0.0292 77.4741 50.0000 37.1347 45.4339 50.5866
11420.0000 0.0311 77.2376 50.0000 37.0210 44.8262 50.8499
11421.0000 0.0295 76.9214 50.0000 37.0713 44.6692 50.4706
11422.0000 0.0323 76.9008 50.0000 36.2049 45.6011 50.2343
11423.0000 0.0304 77.1375 50.0000 36.4195 46.1079 49.9787
11424.0000 0.0340 77.2322 50.0000 35.9818 46.1425 50.4082
11425.0000 0.0332 77.6623 50.0000 36.0855 46.9281 50.2696
11426.0000 0.0358 77.2876 50.0000 35.3891 47.2402 49.8933
11427.0000 0.0399 77.7336 50.0000 35.0954 47.3575 50.6764
11428.0000 0.0352 77.4358 50.0000 35.5585 47.2582 49.9856
11429.0000 0.0398 77.6744 50.0000 35.0115 47.5477 50.4651
11430.0000 0.0382 77.5304 50.0000 35.1443 47.5017 50.1939
11431.0000 0.0382 77.4809 50.0000 35.2109 47.1884 50.3660
11432.0000 0.0394 77.3001 50.0000 34.7706 47.8210 49.7942
11433.0000 0.0369 77.2778 50.0000 35.1337 47.6248 49.6927
11434.0000 0.0360 77.4617 50.0000 35.3656 47.6261 49.8130
11435.0000 0.0364 77.4670 50.0000 35.4064 47.2873 50.1142
11436.0000 0.0361 77.2880 50.0000 35.3723 47.1659 49.9762
11437.0000 0.0385 77.4458 50.0000 35.2424 46.9127 50.5473
11438.0000 0.0371 77.7558 50.0000 35.3479 47.8512 50.0675
11439.0000 0.0381 78.0191 50.0000 35.2116 48.5874 49.8637
11440.0000 0.0380 78.2064 50.0000 35.2757 49.0095 49.6985
11441.0000 0.0440 78.1991 50.0000 34.4811 48.7485 50.4950
11442.0000 0.0395 78.2699 50.0000 35.1472 48.6379 50.2514
11443.0000 0.0345 78.5603 50.0000 35.9814 48.8830 49.8749
11444.0000 0.0301 78.4237 50.0000 36.6500 48.2961 49.7449
11445.0000 0.0350 78.7097 50.0000 36.0079 48.7706 50.2004
11446.0000 0.0316 78.5381 50.0000 36.7457 47.3605 50.7441
11447.0000 0.0341 78.6610 50.0000 36.4777 47.3938 51.0956
11448.0000 0.0360 79.0146 50.0000 36.4252 47.5090 51.5694
11449.0000 0.0336 78.8910 50.0000 36.7563 47.2656 51.3685
11450.0000 0.0416 79.3495 50.0000 35.9591 47.4582 52.4501
11451.0000 0.0386 78.7432 50.0000 36.1153 46.9617 51.8726
11452.0000 0.0361 78.0610 50.0000 36.1886 46.4150 51.2792
11453.0000 0.0357 77.6727 50.0000 36.1509 46.0069 51.0835
11454.0000 0.0368 78.0588 50.0000 35.8782 46.9237 51.0305
11455.0000 0.0377 78.0442 50.0000 35.8587 46.6737 51.2505
11456.0000 0.0358 77.5376 50.0000 35.9110 46.2600 50.8183
11457.0000 0.0402 77.2789 50.0000 35.0908 46.4398 50.8332
11458.0000 0.0373 77.4496 50.0000 35.3890 46.9276 50.4367
11459.0000 0.0401 77.4602 50.0000 35.1230 46.7114 50.8379
11460.0000 0.0408 77.3972 50.0000 35.2924 46.0161 51.2572
11461.0000 0.0371 77.0875 50.0000 35.5801 45.8991 50.6934
11462.0000 0.0340 77.1917 50.0000 36.4777 45.0762 50.9516
11463.0000 0.0325 76.8295 50.0000 36.3633 45.1095 50.4542
11464.0000 0.0338 77.0620 50.0000 36.4948 44.9057 50.8937
11465.0000 0.0359 77.4811 50.0000 36.2372 45.4770 51.2057
11466.0000 0.0372 77.7186 50.0000 36.2947 45.4317 51.5638
11467.0000 0.0359 77.5218 50.0000 36.6724 44.7679 51.5809
11468.0000 0.0427 78.1026 50.0000 35.7225 45.7952 52.2180
11469.0000 0.0493 78.2015 50.0000 35.2233 45.4610 52.9914
11470.0000 0.0420 77.6940 50.0000 35.6923 45.4247 51.9521
11471.0000 0.0428 77.7928 50.0000 35.7856 45.2294 52.2054
11472.0000 0.0458 77.5935 50.0000 35.0042 45.7069 52.0225
11473.0000 0.0426 77.7261 50.0000 35.2432 46.1815 51.6385
11474.0000 0.0423 77.6125 50.0000 34.7990 47.0866 50.9469
11475.0000 0.0444 77.7006 50.0000 34.3933 47.6730 50.8112
11476.0000 0.0372 77.3296 50.0000 35.2908 47.0164 50.2382
11477.0000 0.0372 77.8709 50.0000 35.5989 47.1659 50.7146
11478.0000 0.0390 78.1851 50.0000 35.4441 47.5340 50.9622
11479.0000 0.0373 78.0651 50.0000 35.6118 47.4706 50.7198
11480.0000 0.0318 77.8871 50.0000 36.2997 47.3470 50.0699
11481.0000 0.0290 77.2707 50.0000 36.3716 47.1421 49.2492
11482.0000 0.0365 77.2105 50.0000 35.2565 47.1858 49.9193
11483.0000 0.0394 77.5715 50.0000 35.1251 47.1574 50.5939
11484.0000 0.0352 77.6111 50.0000 35.9408 46.5219 50.6701
11485.0000 0.0312 76.9723 50.0000 35.9380 46.8327 49.3952
11486.0000 0.0262 77.4229 50.0000 36.7715 47.8674 48.4858
11487.0000 0.0263 77.2416 50.0000 36.8540 46.7399 49.2284
11488.0000 0.0283 77.1402 50.0000 36.4516 46.8702 49.2451
11489.0000 0.0290 77.0125 50.0000 36.3263 46.6769 49.3214
11490.0000 0.0292 76.8129 50.0000 36.0911 47.0379 48.8374
11491.0000 0.0274 76.4879 50.0000 36.1782 46.9618 48.3335
11492.0000 0.0315 76.4743 50.0000 35.4873 47.4636 48.3341
11493.0000 0.0297 76.3939 50.0000 35.8393 46.6474 48.7400
11494.0000 0.0304 75.9637 50.0000 35.5677 46.2566 48.6390
11495.0000 0.0315 75.8263 50.0000 35.2787 46.4707 48.4305
11496.0000 0.0303 76.0523 50.0000 35.6739 46.1554 48.7956
11497.0000 0.0309 76.0092 50.0000 35.5230 46.3062 48.6954
11498.0000 0.0301 75.6306 50.0000 35.4332 46.1398 48.3280
11499.0000 0.0297 75.7808 50.0000 35.4859 46.6014 48.0811
11500.0000 0.0312 76.2864 50.0000 35.5703 46.5856 48.8276
11501.0000 0.0300 76.3435 50.0000 35.7302 46.8326 48.5632
11502.0000 0.0341 76.8369 50.0000 35.3051 47.4454 49.0549
11503.0000 0.0315 76.5681 50.0000 35.5158 47.6315 48.2964
11504.0000 0.0326 76.7287 50.0000 35.4586 47.4543 48.7655
11505.0000 0.0357 76.7480 50.0000 34.9827 47.7487 48.8522
11506.0000 0.0387 76.1288 50.0000 34.2514 47.6696 48.4773
11507.0000 0.0426 76.5266 50.0000 33.8859 47.9685 49.0622
11508.0000 0.0368 76.3174 50.0000 34.6261 47.5315 48.6428
11509.0000 0.0373 76.3857 50.0000 34.6416 47.2701 48.9926
11510.0000 0.0341 76.2297 50.0000 34.9709 47.5191 48.2694
11511.0000 0.0338 75.7665 50.0000 34.8438 46.8943 48.2431
11512.0000 0.0366 75.8624 50.0000 34.4987 46.9520 48.5845
11513.0000 0.0330 75.6992 50.0000 34.9263 46.7868 48.1821
11514.0000 0.0306 75.4297 50.0000 35.1870 46.3866 47.9562
11515.0000 0.0324 75.4164 50.0000 34.8594 46.8191 47.7537
11516.0000 0.0334 75.1405 50.0000 34.5800 46.6908 47.6475
11517.0000 0.0331 75.0290 50.0000 34.6153 46.3813 47.7484
11518.0000 0.0349 75.1024 50.0000 34.5669 45.7119 48.5378
11519.0000 0.0350 75.4382 50.0000 34.5186 46.7404 48.1116
11520.0000 0.0319 75.3056 50.0000 34.9068 46.5860 47.7723
11521.0000 0.0297 75.2594 50.0000 35.2656 46.1322 47.8763
11522.0000 0.0299 75.1624 50.0000 35.2577 45.8123 48.0367
11523.0000 0.0285 74.8662 50.0000 35.3004 45.6799 47.6674
11524.0000 0.0305 74.7703 50.0000 35.1646 45.0012 48.2591
11525.0000 0.0290 74.8500 50.0000 35.3282 45.2932 47.9892
11526.0000 0.0295 75.1392 50.0000 35.4421 45.3201 48.3305
11527.0000 0.0343 75.4148 50.0000 34.8990 45.5665 48.9199
11528.0000 0.0304 75.3422 50.0000 35.2643 45.9416 48.1897
11529.0000 0.0317 75.4034 50.0000 35.0425 46.3054 48.0989
11530.0000 0.0292 75.3924 50.0000 35.4509 45.9868 48.0881
11531.0000 0.0310 75.5548 50.0000 35.1910 46.4457 48.0928
11532.0000 0.0323 75.3820 50.0000 35.1843 45.4552 48.7681
11533.0000 0.0308 75.5862 50.0000 35.4494 45.6522 48.7082
11534.0000 0.0239 75.5924 50.0000 36.5628 45.3010 48.2203
11535.0000 0.0237 75.3307 50.0000 36.6339 44.7277 48.2919
11536.0000 0.0250 75.6720 50.0000 36.6162 44.9146 48.6640
11537.0000 0.0256 75.5512 50.0000 36.2464 45.4374 48.2662
11538.0000 0.0313 75.6905 50.0000 35.5289 45.4463 49.0038
11539.0000 0.0272 75.7890 50.0000 36.2029 45.3343 48.7660
11540.0000 0.0244 75.3239 50.0000 36.2540 45.4627 47.8798
11541.0000 0.0244 75.2797 50.0000 36.3982 44.9739 48.1616
11542.0000 0.0193 75.3240 50.0000 37.0723 45.4407 47.2704
11543.0000 0.0213 75.3333 50.0000 36.7765 45.3776 47.5759
11544.0000 0.0215 75.5827 50.0000 36.8827 45.4528 47.8170
11545.0000 0.0180 75.3063 50.0000 37.4815 44.8071 47.5238
11546.0000 0.0173 75.4833 50.0000 37.6860 44.8890 47.5654
11547.0000 0.0194 75.5877 50.0000 37.4622 44.7854 48.0038
11548.0000 0.0160 75.6207 50.0000 37.9983 44.9386 47.4883
11549.0000 0.0159 75.5274 50.0000 38.0065 44.7763 47.4867
11550.0000 0.0169 75.5593 50.0000 37.7785 44.9971 47.5106
11551.0000 0.0140 75.0900 50.0000 38.2733 44.1348 47.1782
11552.0000 0.0173 75.2006 50.0000 37.4158 45.1529 47.0787
11553.0000 0.0201 74.9150 50.0000 36.6743 45.4835 46.8882
11554.0000 0.0221 75.0715 50.0000 36.4438 45.5348 47.2670
11555.0000 0.0241 75.1172 50.0000 36.0596 46.0076 47.1762
11556.0000 0.0252 74.8709 50.0000 35.7227 46.1741 46.8774
11557.0000 0.0244 74.7364 50.0000 35.8494 45.6589 47.0703
11558.0000 0.0271 75.0653 50.0000 35.5101 46.3821 47.1439
11559.0000 0.0304 75.1295 50.0000 35.0835 46.2173 47.7237
11560.0000 0.0291 75.1499 50.0000 35.3920 45.7098 48.0158
11561.0000 0.0245 74.6044 50.0000 36.1101 44.4315 47.8301
11562.0000 0.0239 74.6635 50.0000 36.3019 44.2760 47.9212
11563.0000 0.0197 74.3590 50.0000 36.7050 44.2887 47.1224
11564.0000 0.0192 74.2908 50.0000 36.9418 43.7901 47.2954
11565.0000 0.0242 74.9097 50.0000 36.6248 43.8663 48.4339
11566.0000 0.0219 74.9051 50.0000 36.7567 44.3004 47.9291
11567.0000 0.0238 75.0549 50.0000 36.7899 43.8821 48.5191
11568.0000 0.0247 75.3632 50.0000 36.9148 43.8777 48.9046
11569.0000 0.0214 75.2774 50.0000 37.4736 43.6035 48.5917
11570.0000 0.0256 75.1762 50.0000 36.8209 43.5496 48.9808
11571.0000 0.0304 75.1581 50.0000 36.0604 43.7305 49.3562
11572.0000 0.0256 74.6999 50.0000 36.1954 44.0273 48.2863
11573.0000 0.0230 74.5119 50.0000 36.4156 44.0595 47.7983
11574.0000 0.0202 74.3615 50.0000 36.6861 44.1338 47.2860
11575.0000 0.0196 74.4171 50.0000 36.6752 44.5431 46.9974
11576.0000 0.0207 74.5830 50.0000 36.4638 45.1126 46.8816
11577.0000 0.0202 74.7250 50.0000 36.6457 45.0326 47.0424
11578.0000 0.0174 74.6472 50.0000 36.9879 45.5634 46.1311
11579.0000 0.0205 74.8239 50.0000 36.5234 45.6830 46.6661
11580.0000 0.0173 74.6568 50.0000 37.0456 45.3113 46.3481
11581.0000 0.0164 74.5125 50.0000 37.1127 45.3564 46.0169
11582.0000 0.0181 74.5445 50.0000 36.8251 45.3961 46.2599
11583.0000 0.0178 74.4422 50.0000 36.8295 45.3871 46.1003
11584.0000 0.0177 75.1732 50.0000 37.3014 45.2712 47.0121
11585.0000 0.0180 75.1517 50.0000 37.2609 45.1597 47.1169
11586.0000 0.0178 75.1849 50.0000 37.4078 44.8267 47.3707
11587.0000 0.0183 75.0921 50.0000 37.1227 45.3929 46.9065
11588.0000 0.0129 74.8821 50.0000 38.2284 44.3648 46.6657
11589.0000 0.0146 74.5737 50.0000 37.7608 44.2006 46.7082
11590.0000 0.0167 74.9356 50.0000 37.6541 44.1855 47.3831
11591.0000 0.0177 75.1154 50.0000 37.8472 43.7343 47.9293
11592.0000 0.0149 75.2661 50.0000 38.4921 43.6319 47.7451
11593.0000 0.0155 75.0830 50.0000 38.3821 43.3628 47.7907
11594.0000 0.0145 75.0067 50.0000 38.6854 43.0251 47.7314
11595.0000 0.0179 74.9471 50.0000 38.0859 43.0094 48.1324
11596.0000 0.0241 75.3359 50.0000 37.3449 43.2436 49.1004
11597.0000 0.0189 74.9437 50.0000 37.6555 43.4577 48.0631
11598.0000 0.0148 74.7718 50.0000 38.0627 43.7295 47.2205
11599.0000 0.0134 74.8339 50.0000 38.4860 43.4661 47.2190
11600.0000 0.0127 74.9646 50.0000 38.6051 43.7099 47.1039
11601.0000 0.0107 74.5870 50.0000 38.8706 43.3574 46.6094
11602.0000 0.0107 74.4779 50.0000 38.6501 43.6362 46.3575
11603.0000 0.0096 74.4072 50.0000 38.8571 43.5741 46.1288
11604.0000 0.0098 74.2970 50.0000 38.7015 43.6128 46.0452
11605.0000 0.0077 73.9683 50.0000 39.0067 43.4242 45.4327
11606.0000 0.0104 73.8686 50.0000 38.7283 42.6016 46.2795
11607.0000 0.0149 74.4114 50.0000 38.2848 42.7273 47.3889
11608.0000 0.0130 74.5412 50.0000 38.5309 43.0729 47.0796
11609.0000 0.0165 74.3788 50.0000 38.2315 42.3502 47.7182
11610.0000 0.0196 74.5800 50.0000 38.0872 42.0952 48.3687
11611.0000 0.0160 74.4404 50.0000 38.7135 41.8466 47.8696
11612.0000 0.0136 74.5612 50.0000 38.9391 42.2629 47.5076
11613.0000 0.0130 74.1704 50.0000 38.8674 42.0117 47.1761
11614.0000 0.0166 74.4977 50.0000 38.5804 41.9806 47.9488
11615.0000 0.0184 74.6940 50.0000 38.3388 42.1504 48.2979
11616.0000 0.0155 74.5664 50.0000 38.9524 41.7974 47.9150
11617.0000 0.0240 74.8463 50.0000 38.8637 40.6383 49.3974
11618.0000 0.0276 75.1659 50.0000 38.3310 41.0433 49.9610
11619.0000 0.0299 75.7704 50.0000 38.3773 41.3186 50.6074
11620.0000 0.0280 75.3649 50.0000 38.5125 40.9840 50.1693
11621.0000 0.0358 75.7080 50.0000 38.0956 40.7066 51.2191
11622.0000 0.0305 75.6330 50.0000 38.1817 41.2893 50.5737
11623.0000 0.0282 75.6371 50.0000 38.6012 41.1596 50.3668
11624.0000 0.0316 76.0073 50.0000 38.4773 41.2101 50.9738
11625.0000 0.0327 76.0472 50.0000 38.3626 41.2191 51.1123
11626.0000 0.0299 76.1659 50.0000 38.8340 41.2333 50.9214
11627.0000 0.0329 76.1829 50.0000 38.1323 41.6090 51.1708
11628.0000 0.0356 76.5731 50.0000 38.3208 41.4406 51.7458
11629.0000 0.0396 76.8773 50.0000 38.6040 40.8990 52.4130
11630.0000 0.0346 76.7320 50.0000 38.5538 41.4915 51.7674
11631.0000 0.0335 76.1930 50.0000 38.9249 40.6388 51.3684
11632.0000 0.0392 76.2875 50.0000 38.6877 40.2326 52.0038
11633.0000 0.0363 76.2877 50.0000 38.4857 40.8310 51.6865
11634.0000 0.0390 76.2650 50.0000 37.9367 41.0555 51.8806
11635.0000 0.0374 76.4454 50.0000 38.0437 41.3536 51.8311
11636.0000 0.0389 76.4153 50.0000 37.7042 41.5205 51.9013
11637.0000 0.0386 76.3417 50.0000 37.4802 41.7507 51.7703
11638.0000 0.0409 76.1583 50.0000 37.0506 41.7366 51.8209
11639.0000 0.0389 76.0898 50.0000 37.6233 41.2506 51.6966
11640.0000 0.0355 75.8859 50.0000 37.6317 41.4970 51.1910
11641.0000 0.0374 76.0659 50.0000 37.4911 41.5943 51.4815
11642.0000 0.0378 75.8189 50.0000 37.4518 41.3020 51.3811
11643.0000 0.0376 75.9723 50.0000 37.9956 40.8581 51.5630
11644.0000 0.0325 75.6607 50.0000 38.1908 41.0139 50.8318
11645.0000 0.0350 75.8172 50.0000 38.1529 40.8775 51.2019
11646.0000 0.0325 75.4307 50.0000 37.6791 41.3633 50.5880
11647.0000 0.0370 75.7992 50.0000 37.6936 41.0988 51.3381
11648.0000 0.0317 75.7334 50.0000 38.0471 41.3834 50.7482
11649.0000 0.0307 75.2150 50.0000 37.7395 41.3094 50.2648
11650.0000 0.0354 75.3898 50.0000 37.7909 40.7569 50.9347
11651.0000 0.0344 75.6006 50.0000 37.9114 40.9975 50.9646
11652.0000 0.0247 75.6165 50.0000 38.3828 41.9976 49.8079
11653.0000 0.0292 75.6528 50.0000 37.7384 42.0851 50.2794
11654.0000 0.0268 75.7277 50.0000 37.9117 42.3659 50.0252
11655.0000 0.0268 75.6025 50.0000 37.8137 42.3422 49.9300
11656.0000 0.0245 75.2785 50.0000 37.7993 42.3924 49.4060
11657.0000 0.0277 75.6465 50.0000 37.2620 43.0101 49.8405
11658.0000 0.0252 75.4726 50.0000 37.3907 43.1064 49.3951
11659.0000 0.0258 75.9472 50.0000 37.7242 43.1086 49.8650
11660.0000 0.0246 75.5788 50.0000 37.8417 42.7004 49.5665
11661.0000 0.0222 75.3919 50.0000 38.1880 42.4590 49.2224
11662.0000 0.0253 75.7041 50.0000 37.7565 42.8404 49.7017
11663.0000 0.0289 75.9564 50.0000 37.5258 42.8050 50.2883
11664.0000 0.0294 75.6521 50.0000 36.9155 43.2095 49.9343
11665.0000 0.0282 75.5484 50.0000 37.3254 42.6930 49.9167
11666.0000 0.0290 75.3945 50.0000 36.9915 42.8262 49.8184
11667.0000 0.0276 75.3264 50.0000 37.1662 42.7585 49.6431
11668.0000 0.0281 75.3907 50.0000 37.1252 42.8033 49.7328
11669.0000 0.0304 75.5185 50.0000 37.0932 42.5788 50.1418
11670.0000 0.0359 75.7057 50.0000 36.2170 43.1070 50.6109
11671.0000 0.0386 76.1158 50.0000 36.0445 43.3939 51.1016
11672.0000 0.0383 76.1281 50.0000 36.4689 42.8452 51.2815
11673.0000 0.0419 76.3026 50.0000 36.1756 42.8911 51.7085
11674.0000 0.0380 76.1408 50.0000 36.3644 43.0741 51.1828
11675.0000 0.0420 76.2538 50.0000 35.9839 43.0867 51.6075
11676.0000 0.0400 75.8881 50.0000 35.9100 43.0681 51.1333
11677.0000 0.0398 76.0768 50.0000 36.7998 42.1203 51.5687
11678.0000 0.0362 75.9845 50.0000 37.7658 41.3325 51.3713
11679.0000 0.0382 75.6443 50.0000 37.5658 40.9119 51.3525
11680.0000 0.0406 75.7763 50.0000 37.9206 40.3292 51.7458
11681.0000 0.0384 76.0210 50.0000 37.6625 41.1852 51.6189
11682.0000 0.0459 76.4332 50.0000 37.3287 41.0408 52.5761
11683.0000 0.0469 76.5866 50.0000 37.7692 40.5746 52.8459
11684.0000 0.0505 76.5943 50.0000 37.7218 40.2037 53.1735
11685.0000 0.0401 76.4374 50.0000 38.1888 40.8190 52.1354
11686.0000 0.0370 76.4547 50.0000 38.4975 40.9091 51.8624
11687.0000 0.0420 76.6104 50.0000 38.2262 40.7122 52.4445
11688.0000 0.0404 76.6558 50.0000 38.1596 41.0535 52.2931
11689.0000 0.0486 76.8734 50.0000 37.9271 40.5000 53.2052
11690.0000 0.0473 76.7110 50.0000 38.0873 40.3117 52.9991
11691.0000 0.0455 76.6997 50.0000 38.4066 40.1816 52.8509
11692.0000 0.0399 76.7358 50.0000 38.8925 40.3962 52.3823
11693.0000 0.0373 76.7152 50.0000 39.3718 40.2006 52.1440
11694.0000 0.0424 77.3875 50.0000 39.6662 39.9634 53.0881
11695.0000 0.0450 77.3103 50.0000 38.8035 40.4561 53.2398
11696.0000 0.0401 77.2544 50.0000 38.7106 41.1207 52.7145
11697.0000 0.0348 76.9002 50.0000 38.1909 42.0768 51.8135
11698.0000 0.0408 76.9203 50.0000 37.5299 42.0248 52.3655
11699.0000 0.0418 77.1947 50.0000 37.7237 41.9623 52.6793
11700.0000 0.0420 77.0904 50.0000 37.7020 41.8490 52.6323
11701.0000 0.0407 77.1614 50.0000 38.1051 41.6294 52.6202
11702.0000 0.0485 77.5084 50.0000 37.7474 41.3989 53.5614
11703.0000 0.0431 77.0946 50.0000 37.9249 41.4378 52.8033
11704.0000 0.0369 77.3137 50.0000 38.1748 42.2654 52.2851
11705.0000 0.0395 77.4861 50.0000 37.8173 42.5087 52.6019
11706.0000 0.0425 77.7556 50.0000 37.6841 42.5471 53.0622
11707.0000 0.0399 77.4878 50.0000 37.8423 42.4235 52.6552
11708.0000 0.0385 77.9070 50.0000 37.7749 43.2130 52.6801
11709.0000 0.0396 78.1470 50.0000 37.2469 44.0282 52.7364
11710.0000 0.0440 77.9470 50.0000 37.1130 43.2727 53.1585
11711.0000 0.0409 77.9011 50.0000 37.0937 43.7348 52.7248
11712.0000 0.0346 77.5992 50.0000 37.5522 43.7828 51.9090
11713.0000 0.0351 77.8937 50.0000 37.4832 44.1744 52.0679
11714.0000 0.0354 77.5031 50.0000 37.7242 43.2895 52.0541
11715.0000 0.0289 77.1695 50.0000 38.5558 42.8974 51.2679
11716.0000 0.0310 77.4297 50.0000 38.4594 42.9798 51.6620
11717.0000 0.0284 77.3686 50.0000 38.9337 42.7446 51.4097
11718.0000 0.0249 77.2411 50.0000 39.3709 42.6567 50.9561
11719.0000 0.0253 77.6322 50.0000 39.2529 43.2084 51.1761
11720.0000 0.0296 78.1833 50.0000 39.5451 42.7475 52.1677
11721.0000 0.0270 77.8970 50.0000 39.1448 43.3576 51.5339
11722.0000 0.0293 77.9908 50.0000 39.1733 43.0157 51.9391
11723.0000 0.0249 77.6209 50.0000 38.8381 43.8238 50.9518
11724.0000 0.0256 77.7725 50.0000 38.6116 44.2036 51.0270
11725.0000 0.0273 77.6802 50.0000 38.3058 44.1957 51.1235
11726.0000 0.0324 77.7419 50.0000 37.9045 43.8587 51.8022
11727.0000 0.0325 77.3269 50.0000 37.7321 43.5715 51.5487
11728.0000 0.0330 78.0328 50.0000 37.8810 44.1550 52.0045
11729.0000 0.0300 78.1898 50.0000 38.1027 44.6130 51.6866
11730.0000 0.0257 77.6980 50.0000 38.4842 44.2788 50.9445
11731.0000 0.0325 78.0438 50.0000 37.7830 44.4061 51.8785
11732.0000 0.0330 77.8811 50.0000 37.7033 44.2248 51.8468
11733.0000 0.0312 78.0629 50.0000 37.7610 44.7226 51.6509
11734.0000 0.0380 78.8879 50.0000 37.6829 44.6188 53.0327
11735.0000 0.0331 78.7485 50.0000 38.4455 44.2360 52.5971
11736.0000 0.0344 78.9106 50.0000 38.1575 44.6139 52.7303
11737.0000 0.0343 79.0591 50.0000 37.9053 45.1804 52.6522
11738.0000 0.0355 78.7756 50.0000 37.5951 45.0529 52.5589
11739.0000 0.0341 78.4468 50.0000 37.8344 44.5362 52.3353
11740.0000 0.0359 78.0874 50.0000 37.6019 44.1053 52.3303
11741.0000 0.0358 78.0369 50.0000 37.2202 44.6190 52.0919
11742.0000 0.0408 77.8905 50.0000 36.9760 43.8997 52.6548
11743.0000 0.0345 77.7585 50.0000 37.4170 44.1967 51.8941
11744.0000 0.0338 77.7470 50.0000 37.4178 44.3274 51.7647
11745.0000 0.0405 77.6207 50.0000 36.7142 43.9788 52.3727
11746.0000 0.0409 77.4081 50.0000 36.3619 44.1653 52.1465
11747.0000 0.0371 77.2285 50.0000 37.0005 43.6646 51.8518
11748.0000 0.0372 76.9364 50.0000 36.4168 44.1551 51.4135
11749.0000 0.0299 76.5413 50.0000 37.1009 43.9945 50.4636
11750.0000 0.0325 76.6513 50.0000 36.6707 44.3020 50.6756
11751.0000 0.0325 76.5196 50.0000 36.3178 44.7486 50.3372
11752.0000 0.0305 77.0490 50.0000 36.6875 45.3298 50.3566
11753.0000 0.0310 76.8441 50.0000 36.3904 45.4891 50.1148
11754.0000 0.0328 77.2597 50.0000 36.3234 45.7790 50.5366
11755.0000 0.0343 77.3889 50.0000 36.0338 46.1877 50.5697
11756.0000 0.0336 77.4495 50.0000 36.2786 45.9637 50.6916
11757.0000 0.0378 77.7670 50.0000 36.4626 45.0782 51.8281
11758.0000 0.0417 78.1688 50.0000 36.3564 45.0163 52.5558
11759.0000 0.0384 78.0204 50.0000 36.4075 45.3758 51.9877
11760.0000 0.0372 78.2328 50.0000 36.6701 45.4791 52.0320
11761.0000 0.0432 78.1989 50.0000 35.9189 45.4771 52.5046
11762.0000 0.0374 78.2335 50.0000 36.4834 45.7774 51.9026
11763.0000 0.0395 78.3735 50.0000 36.3641 45.7151 52.2512
11764.0000 0.0331 77.8230 50.0000 36.9947 45.2639 51.3710
11765.0000 0.0315 77.4678 50.0000 37.2643 44.6661 51.1622
11766.0000 0.0345 77.4309 50.0000 36.6241 45.0344 51.2457
11767.0000 0.0358 77.4520 50.0000 36.6811 44.6976 51.5309
11768.0000 0.0334 77.4195 50.0000 37.1103 44.4378 51.3993
11769.0000 0.0400 77.2735 50.0000 36.3224 44.2146 51.9321
11770.0000 0.0369 77.6227 50.0000 36.7404 44.6009 51.8284
11771.0000 0.0388 77.8338 50.0000 36.4903 44.9172 52.0481
11772.0000 0.0366 77.5488 50.0000 36.9872 44.1815 51.9014
11773.0000 0.0434 77.7520 50.0000 36.3810 44.1385 52.6649
11774.0000 0.0418 77.4189 50.0000 37.1582 42.9254 52.6342
11775.0000 0.0400 77.7030 50.0000 37.0488 43.6993 52.4930
11776.0000 0.0508 78.3055 50.0000 37.0933 42.7648 54.1019
11777.0000 0.0538 78.5885 50.0000 36.5095 43.4039 54.3996
11778.0000 0.0541 78.3918 50.0000 36.3755 43.3159 54.2755
11779.0000 0.0490 78.2319 50.0000 36.9635 43.0785 53.8347
11780.0000 0.0484 77.8745 50.0000 36.7332 43.0498 53.4960
11781.0000 0.0418 77.6935 50.0000 36.7976 43.7502 52.6132
11782.0000 0.0395 77.4573 50.0000 36.5418 44.2135 52.0528
11783.0000 0.0472 78.0166 50.0000 35.8965 44.5442 53.0457
11784.0000 0.0571 77.7741 50.0000 35.4641 43.3756 53.9413
11785.0000 0.0506 77.1643 50.0000 35.4100 43.6552 52.8648
11786.0000 0.0489 76.8679 50.0000 35.6453 43.2370 52.6180
11787.0000 0.0471 76.4346 50.0000 35.7200 42.8852 52.2225
11788.0000 0.0421 76.3593 50.0000 35.8380 43.4161 51.5890
11789.0000 0.0391 76.3400 50.0000 36.1763 43.4007 51.3366
11790.0000 0.0388 76.1557 50.0000 36.5126 42.7524 51.3688
11791.0000 0.0437 76.6105 50.0000 36.1718 42.9972 52.0769
11792.0000 0.0477 76.9088 50.0000 36.3524 42.5116 52.7847
11793.0000 0.0450 76.8731 50.0000 36.2959 42.9329 52.4294
11794.0000 0.0500 77.0491 50.0000 36.2238 42.5246 53.0666
11795.0000 0.0526 77.2846 50.0000 35.7671 43.0263 53.3138
11796.0000 0.0566 77.2649 50.0000 35.8492 42.3698 53.7539
11797.0000 0.0595 77.5696 50.0000 35.6219 42.6196 54.1451
11798.0000 0.0584 77.3747 50.0000 35.8218 42.2961 53.9878
11799.0000 0.0556 77.4108 50.0000 36.0455 42.4162 53.7961
11800.0000 0.0515 77.6958 50.0000 36.5112 42.6916 53.6749
11801.0000 0.0504 77.6617 50.0000 37.1670 42.0078 53.7150
11802.0000 0.0498 77.8077 50.0000 37.5037 41.8399 53.8232
11803.0000 0.0445 77.7346 50.0000 37.6315 42.3160 53.2530
11804.0000 0.0491 78.1622 50.0000 37.5735 42.2518 53.9663
11805.0000 0.0532 78.1063 50.0000 37.2294 42.0655 54.2685
11806.0000 0.0564 78.4882 50.0000 37.3668 41.9308 54.8263
11807.0000 0.0544 78.5536 50.0000 37.0908 42.5649 54.6184
11808.0000 0.0542 78.8052 50.0000 37.3451 42.5682 54.8048
11809.0000 0.0509 78.8501 50.0000 37.6210 42.7128 54.5676
11810.0000 0.0442 78.6281 50.0000 37.6958 43.2976 53.7283
11811.0000 0.0456 78.7061 50.0000 37.8319 43.0117 53.9758
11812.0000 0.0421 78.6650 50.0000 37.9886 43.2741 53.5949
11813.0000 0.0375 78.3509 50.0000 37.5795 44.1733 52.6816
11814.0000 0.0363 78.4558 50.0000 37.9148 44.0534 52.6980
11815.0000 0.0415 78.5726 50.0000 37.8224 43.4760 53.4131
11816.0000 0.0401 78.5494 50.0000 37.8849 43.5787 53.2507
11817.0000 0.0407 78.8334 50.0000 37.8725 43.8404 53.4640
11818.0000 0.0348 78.6308 50.0000 38.1875 44.1439 52.6862
11819.0000 0.0317 78.2045 50.0000 38.2057 44.1372 52.0401
11820.0000 0.0329 78.1349 50.0000 38.1274 43.9434 52.1568
11821.0000 0.0280 77.9169 50.0000 38.8203 43.6291 51.5803
11822.0000 0.0338 78.1900 50.0000 38.4830 43.3868 52.4434
11823.0000 0.0292 77.8311 50.0000 38.8853 43.2229 51.7435
11824.0000 0.0248 77.5677 50.0000 39.2106 43.2624 51.0651
11825.0000 0.0259 77.8623 50.0000 39.4486 43.1185 51.4504
11826.0000 0.0272 77.9745 50.0000 39.1551 43.3842 51.6208
11827.0000 0.0236 77.8934 50.0000 39.8300 43.1020 51.2169
11828.0000 0.0225 78.2050 50.0000 40.3571 43.0229 51.3454
11829.0000 0.0188 77.8315 50.0000 40.1454 43.5795 50.4669
11830.0000 0.0238 78.3707 50.0000 39.8901 43.5575 51.5120
11831.0000 0.0261 77.8798 50.0000 39.3868 43.1789 51.4736
11832.0000 0.0279 78.0887 50.0000 39.1016 43.4693 51.7622
11833.0000 0.0246 77.4080 50.0000 38.9385 43.4757 50.8493
11834.0000 0.0244 77.5843 50.0000 39.1633 43.4324 50.9822
11835.0000 0.0269 77.6945 50.0000 38.5401 43.9380 51.1913
11836.0000 0.0198 77.3354 50.0000 39.4601 43.6625 50.1723
11837.0000 0.0204 77.8073 50.0000 39.9551 43.4490 50.6926
11838.0000 0.0259 77.8980 50.0000 39.4724 43.1292 51.4771
11839.0000 0.0273 78.2494 50.0000 39.6431 43.0859 51.9134
11840.0000 0.0271 78.0894 50.0000 39.6511 42.9145 51.8082
11841.0000 0.0292 78.3676 50.0000 39.4681 43.1116 52.2028
11842.0000 0.0281 78.1082 50.0000 39.0108 43.5874 51.7609
11843.0000 0.0302 78.2036 50.0000 38.9033 43.4615 52.0906
11844.0000 0.0351 78.1599 50.0000 38.1719 43.5334 52.5045
11845.0000 0.0378 78.8618 50.0000 37.8173 44.4149 53.0693
11846.0000 0.0303 78.6522 50.0000 38.6302 44.3684 52.2047
11847.0000 0.0276 78.6184 50.0000 38.7919 44.6231 51.8153
11848.0000 0.0345 79.0896 50.0000 38.1903 44.7680 52.8440
11849.0000 0.0330 78.9966 50.0000 38.2722 44.8053 52.6135
11850.0000 0.0349 79.4422 50.0000 37.9819 45.4515 52.9396
11851.0000 0.0351 79.4898 50.0000 37.8312 45.7136 52.8933
11852.0000 0.0345 79.5138 50.0000 37.7882 45.9409 52.7629
11853.0000 0.0369 79.3882 50.0000 37.9613 45.0396 53.2246
11854.0000 0.0378 79.5228 50.0000 37.7480 45.3542 53.3099
11855.0000 0.0463 80.0401 50.0000 37.5677 44.8051 54.6589
11856.0000 0.0498 79.8743 50.0000 37.2931 44.4441 54.8986
11857.0000 0.0400 79.8164 50.0000 37.8750 45.1417 53.8366
11858.0000 0.0424 79.5366 50.0000 37.1394 45.4523 53.6733
11859.0000 0.0511 79.6133 50.0000 36.4439 45.0885 54.5632
11860.0000 0.0522 79.3365 50.0000 36.3901 44.6666 54.5430
11861.0000 0.0502 79.0374 50.0000 36.4541 44.5283 54.1778
11862.0000 0.0477 78.9394 50.0000 36.1926 45.1772 53.6707
11863.0000 0.0538 79.7087 50.0000 36.2198 45.1068 54.8360
11864.0000 0.0529 79.8901 50.0000 36.4437 45.1406 54.9236
11865.0000 0.0560 79.7952 50.0000 36.1853 44.9303 55.1287
11866.0000 0.0535 79.2445 50.0000 35.9091 45.0198 54.4376
11867.0000 0.0539 78.8276 50.0000 36.0822 44.2246 54.3695
11868.0000 0.0506 78.9354 50.0000 36.1661 44.7468 54.0420
11869.0000 0.0510 78.7154 50.0000 36.6436 43.7666 54.2019
11870.0000 0.0457 78.3696 50.0000 36.2872 44.6715 53.1930
11871.0000 0.0426 78.3202 50.0000 36.6967 44.5206 52.9652
11872.0000 0.0440 78.6423 50.0000 36.9423 44.3500 53.4131
11873.0000 0.0483 78.7758 50.0000 36.6551 44.2171 53.9155
11874.0000 0.0425 78.1517 50.0000 36.7019 44.3244 52.8773
11875.0000 0.0445 78.3294 50.0000 36.5305 44.4588 53.1453
11876.0000 0.0456 78.5256 50.0000 36.8459 44.0833 53.5287
11877.0000 0.0405 78.7659 50.0000 37.1262 44.8335 53.0628
11878.0000 0.0394 78.7271 50.0000 37.5313 44.3777 53.1034
11879.0000 0.0396 78.1755 50.0000 37.0534 44.3489 52.6464
11880.0000 0.0452 78.2575 50.0000 36.5637 44.2069 53.2268
11881.0000 0.0500 78.7985 50.0000 36.7190 43.9131 54.1531
11882.0000 0.0565 78.9144 50.0000 35.8175 44.3083 54.6019
11883.0000 0.0646 79.1542 50.0000 35.9269 43.3614 55.6276
11884.0000 0.0685 78.9573 50.0000 35.8789 42.7381 55.8607
11885.0000 0.0774 78.7401 50.0000 35.5696 41.8710 56.4059
11886.0000 0.0812 78.5099 50.0000 34.5729 42.3715 56.3309
11887.0000 0.0808 78.4437 50.0000 34.0741 42.9413 56.1108
11888.0000 0.0697 77.8946 50.0000 34.8403 42.6996 55.0496
11889.0000 0.0629 77.7652 50.0000 34.8765 43.3461 54.3338
11890.0000 0.0585 77.9431 50.0000 35.6234 43.1748 54.2406
11891.0000 0.0557 77.8098 50.0000 36.1858 42.6726 54.0741
11892.0000 0.0581 78.0860 50.0000 36.0521 42.8473 54.4222
11893.0000 0.0522 77.6944 50.0000 36.3969 42.7411 53.7111
11894.0000 0.0479 77.8791 50.0000 36.2785 43.7187 53.2701
11895.0000 0.0488 77.8285 50.0000 36.4309 43.3263 53.4125
11896.0000 0.0513 77.4314 50.0000 36.2850 42.7070 53.4335
11897.0000 0.0484 78.0731 50.0000 36.5240 43.5579 53.5175
11898.0000 0.0445 77.9739 50.0000 36.4985 44.0676 52.9701
11899.0000 0.0466 78.2411 50.0000 36.0603 44.6818 53.1495
11900.0000 0.0432 77.9341 50.0000 36.1002 44.8398 52.5346
11901.0000 0.0438 77.5659 50.0000 35.9834 44.4209 52.4257
11902.0000 0.0468 77.5697 50.0000 36.0219 43.8752 52.8626
11903.0000 0.0458 77.8035 50.0000 36.4670 43.7028 53.0434
11904.0000 0.0517 77.5871 50.0000 36.3654 42.7306 53.5855
11905.0000 0.0550 77.5728 50.0000 35.5550 43.3032 53.6490
11906.0000 0.0561 77.1399 50.0000 35.2527 43.0519 53.4261
11907.0000 0.0494 77.0857 50.0000 35.1799 44.0823 52.5484
11908.0000 0.0491 76.8939 50.0000 34.8176 44.4362 52.2095
11909.0000 0.0500 76.6955 50.0000 34.6811 44.2549 52.1625
11910.0000 0.0517 77.1492 50.0000 35.1113 43.9000 52.8392
11911.0000 0.0583 77.1548 50.0000 34.6175 43.6104 53.4100
11912.0000 0.0577 77.4223 50.0000 34.8479 43.7014 53.5727
11913.0000 0.0628 78.1223 50.0000 34.5184 44.2616 54.3368
11914.0000 0.0652 77.7867 50.0000 34.4943 43.5809 54.4208
11915.0000 0.0688 77.9521 50.0000 34.5340 43.2517 54.8928
11916.0000 0.0670 78.0093 50.0000 34.6019 43.4606 54.7663
11917.0000 0.0773 78.3347 50.0000 34.0874 43.2040 55.7475
11918.0000 0.0825 78.4098 50.0000 34.4971 42.2104 56.3589
11919.0000 0.0849 78.2439 50.0000 33.6062 42.8363 56.1941
11920.0000 0.0735 77.8414 50.0000 34.5249 42.5700 55.2730
11921.0000 0.0667 77.4667 50.0000 34.7561 42.6850 54.5078
11922.0000 0.0661 77.2953 50.0000 33.4762 44.2826 53.7862
11923.0000 0.0717 77.7000 50.0000 33.5776 43.8449 54.6576
11924.0000 0.0641 77.2153 50.0000 34.1683 43.5037 53.8716
11925.0000 0.0709 77.4565 50.0000 33.7816 43.4000 54.5414
11926.0000 0.0688 77.2788 50.0000 33.2691 44.1672 53.9856
11927.0000 0.0725 76.8963 50.0000 33.3137 43.1816 54.2087
11928.0000 0.0677 76.6027 50.0000 33.8219 42.7853 53.7909
11929.0000 0.0624 76.1648 50.0000 33.7761 43.0323 52.9950
11930.0000 0.0587 76.2620 50.0000 34.1757 43.1107 52.8147
11931.0000 0.0610 76.5102 50.0000 33.8762 43.4942 53.0517
11932.0000 0.0600 76.4120 50.0000 33.7381 43.7308 52.8030
11933.0000 0.0610 76.2886 50.0000 33.5883 43.6447 52.7912
11934.0000 0.0635 76.5304 50.0000 33.2711 44.0304 53.0212
11935.0000 0.0682 76.9497 50.0000 32.8489 44.4671 53.5246
11936.0000 0.0699 76.5858 50.0000 32.2033 44.7559 53.1531
11937.0000 0.0657 76.4813 50.0000 32.9691 44.0940 53.0862
11938.0000 0.0725 76.7204 50.0000 32.7585 43.7187 53.8662
11939.0000 0.0729 76.9020 50.0000 33.0654 43.4606 54.1459
11940.0000 0.0725 76.3901 50.0000 33.1089 42.8728 53.8626
11941.0000 0.0710 76.6554 50.0000 33.7131 42.5786 54.0975
11942.0000 0.0761 76.7541 50.0000 33.6750 42.1297 54.6102
11943.0000 0.0759 77.0160 50.0000 33.1165 43.1501 54.5237
11944.0000 0.0803 77.2545 50.0000 32.9924 43.0396 55.0214
11945.0000 0.0782 77.2367 50.0000 32.8393 43.4792 54.7415
11946.0000 0.0761 76.8352 50.0000 32.7868 43.3495 54.3093
11947.0000 0.0700 76.9149 50.0000 32.9600 44.0166 53.7781
11948.0000 0.0757 77.1748 50.0000 32.6430 43.9902 54.3621
11949.0000 0.0807 77.8632 50.0000 32.1174 44.8490 54.9520
11950.0000 0.0809 77.7483 50.0000 32.6165 44.0061 55.1763
11951.0000 0.0780 77.7209 50.0000 32.9885 43.8483 55.0420
11952.0000 0.0817 77.8391 50.0000 33.0180 43.4926 55.4719
11953.0000 0.0801 77.5690 50.0000 32.7558 43.7184 55.0701
11954.0000 0.0844 77.8865 50.0000 32.5135 43.8651 55.5431
11955.0000 0.0855 78.3277 50.0000 32.6482 44.0466 55.9394
11956.0000 0.0912 78.5147 50.0000 32.5237 43.7420 56.5102
11957.0000 0.0915 78.4311 50.0000 32.3394 43.8493 56.4167
11958.0000 0.0831 77.8773 50.0000 32.5260 43.9918 55.4224
11959.0000 0.0882 78.1807 50.0000 32.3170 43.9827 55.9764
11960.0000 0.0890 78.1787 50.0000 32.2701 43.9469 56.0288
11961.0000 0.0904 77.9910 50.0000 32.5279 43.2666 56.1473
11962.0000 0.0897 77.7051 50.0000 32.2627 43.3675 55.8253
11963.0000 0.0893 77.5705 50.0000 32.0542 43.5302 55.6312
11964.0000 0.1010 77.9871 50.0000 32.0943 42.6508 56.8582
11965.0000 0.0987 77.9383 50.0000 32.2504 42.6595 56.6962
11966.0000 0.0940 77.8640 50.0000 32.4855 42.7959 56.3561
11967.0000 0.0982 77.7047 50.0000 32.2142 42.5070 56.5103
11968.0000 0.0922 77.6351 50.0000 32.6903 42.5022 56.1437
11969.0000 0.0880 77.1955 50.0000 32.8577 42.2846 55.6015
11970.0000 0.0792 76.5277 50.0000 33.4047 41.8686 54.6592
11971.0000 0.0767 76.9946 50.0000 33.9467 41.9966 54.8824
11972.0000 0.0724 76.7668 50.0000 33.6961 42.5548 54.2845
11973.0000 0.0770 76.8049 50.0000 33.3709 42.4645 54.6090
11974.0000 0.0701 76.7759 50.0000 33.8182 42.6899 54.1150
11975.0000 0.0642 76.8154 50.0000 33.9715 43.2820 53.6023
11976.0000 0.0664 77.2547 50.0000 34.2832 43.0933 54.1841
11977.0000 0.0625 76.7696 50.0000 34.1583 43.2125 53.4739
11978.0000 0.0593 76.9284 50.0000 34.0120 44.0624 53.1006
11979.0000 0.0554 76.6994 50.0000 33.9602 44.4684 52.4601
11980.0000 0.0546 76.5006 50.0000 34.0615 44.1851 52.3434
11981.0000 0.0605 76.4614 50.0000 33.5688 43.9570 52.7945
11982.0000 0.0578 76.0880 50.0000 33.6597 43.7754 52.3462
11983.0000 0.0591 76.3842 50.0000 33.1763 44.7003 52.3045
11984.0000 0.0593 76.2599 50.0000 33.0359 44.7302 52.1863
11985.0000 0.0655 76.6357 50.0000 32.6699 44.7663 52.9309
11986.0000 0.0661 76.1031 50.0000 32.6869 43.9984 52.7958
11987.0000 0.0643 76.1217 50.0000 32.8292 44.0798 52.6663
11988.0000 0.0680 75.8702 50.0000 32.4440 43.7890 52.7843
11989.0000 0.0701 76.0989 50.0000 32.0259 44.3908 52.8663
11990.0000 0.0741 76.4158 50.0000 31.8880 44.3958 53.3997
11991.0000 0.0742 76.1908 50.0000 32.2736 43.5519 53.5414
11992.0000 0.0811 76.3500 50.0000 32.2531 42.8918 54.3080
11993.0000 0.0804 76.4482 50.0000 32.4438 42.8450 54.3694
11994.0000 0.0808 76.3456 50.0000 32.2644 42.9084 54.2819
11995.0000 0.0798 76.4659 50.0000 32.3444 43.0583 54.2850
11996.0000 0.0790 76.3748 50.0000 32.2211 43.2180 54.1028
11997.0000 0.0738 76.4421 50.0000 32.5364 43.5303 53.7577
11998.0000 0.0741 76.6861 50.0000 32.0973 44.4010 53.6570
11999.0000 0.0747 76.8420 50.0000 32.2315 44.3153 53.8701
12000.0000 0.0804 77.1970 50.0000 32.1535 44.0703 54.6200
12001.0000 0.0793 76.7777 50.0000 32.2698 43.5740 54.3579
12002.0000 0.0778 77.1091 50.0000 32.6449 43.6342 54.5545
12003.0000 0.0818 77.0566 50.0000 32.4777 43.3008 54.8448
12004.0000 0.0899 76.9689 50.0000 32.2713 42.5438 55.4329
12005.0000 0.0898 76.8542 50.0000 32.2151 42.5056 55.3357
12006.0000 0.0863 77.0531 50.0000 32.2683 43.0430 55.1655
12007.0000 0.0898 77.1525 50.0000 32.0120 43.0724 55.4301
12008.0000 0.0843 76.6265 50.0000 32.4216 42.6133 54.8139
12009.0000 0.0852 76.7389 50.0000 31.9400 43.2501 54.7552
12010.0000 0.0757 76.4091 50.0000 32.6153 43.1432 53.9746
12011.0000 0.0761 76.7062 50.0000 32.6299 43.4195 54.1653
12012.0000 0.0781 76.8686 50.0000 32.4458 43.5875 54.3708
12013.0000 0.0754 76.8997 50.0000 32.4109 44.0294 54.0788
12014.0000 0.0776 77.1636 50.0000 32.4420 44.0035 54.4558
12015.0000 0.0749 77.2971 50.0000 32.7721 44.0599 54.4018
12016.0000 0.0795 77.7254 50.0000 32.4801 44.3425 54.9548
12017.0000 0.0818 77.6799 50.0000 32.0621 44.5653 54.9556
12018.0000 0.0768 77.9142 50.0000 32.2891 45.2056 54.6304
12019.0000 0.0779 77.5477 50.0000 32.5195 44.2980 54.7158
12020.0000 0.0832 77.4917 50.0000 31.8742 44.4295 54.9092
12021.0000 0.0944 78.1450 50.0000 31.2104 44.6456 56.0297
12022.0000 0.0949 77.7763 50.0000 31.8294 43.4033 56.1444
12023.0000 0.1016 77.6722 50.0000 31.6445 42.7955 56.5698
12024.0000 0.0961 77.4197 50.0000 31.5545 43.2275 55.9420
12025.0000 0.0951 77.6219 50.0000 31.8277 43.2109 56.0801
12026.0000 0.0986 77.5775 50.0000 31.9368 42.6580 56.3791
12027.0000 0.0900 77.7560 50.0000 32.0640 43.6348 55.8023
12028.0000 0.0910 77.8894 50.0000 31.9171 43.8503 55.9035
12029.0000 0.0909 77.9327 50.0000 31.6909 44.2025 55.8151
12030.0000 0.1017 78.3760 50.0000 31.3364 43.8944 56.8692
12031.0000 0.0946 78.2099 50.0000 31.6955 44.0676 56.3048
12032.0000 0.0987 78.4235 50.0000 31.3891 44.2098 56.6610
12033.0000 0.0980 78.2218 50.0000 31.2449 44.2617 56.4209
12034.0000 0.0990 78.6499 50.0000 31.4632 44.3258 56.8427
12035.0000 0.1005 78.9429 50.0000 31.1574 44.8546 57.0023
12036.0000 0.0969 78.6596 50.0000 31.7491 44.2207 56.7790
12037.0000 0.1019 78.3202 50.0000 31.0264 44.1994 56.7259
12038.0000 0.1105 78.8194 50.0000 30.8014 44.0594 57.6415
12039.0000 0.1172 79.0765 50.0000 30.2995 44.2216 58.1334
12040.0000 0.1036 78.5086 50.0000 31.0604 44.1615 56.9966
12041.0000 0.1048 78.7203 50.0000 31.3691 43.8794 57.3365
12042.0000 0.0975 78.1540 50.0000 31.4845 43.9350 56.4489
12043.0000 0.1040 78.0367 50.0000 31.4664 43.1416 56.9069
12044.0000 0.0973 77.9387 50.0000 31.8241 43.3149 56.4401
12045.0000 0.0979 78.0329 50.0000 31.7177 43.4815 56.5020
12046.0000 0.1035 78.5409 50.0000 31.7777 43.3379 57.2772
12047.0000 0.1034 78.5566 50.0000 31.7598 43.3899 57.2694
12048.0000 0.0997 78.4106 50.0000 31.4913 43.9617 56.7793
12049.0000 0.1085 78.0899 50.0000 31.8553 42.2829 57.4059
12050.0000 0.1161 78.2271 50.0000 31.7839 41.7865 57.9926
12051.0000 0.1200 78.6697 50.0000 31.3328 42.3589 58.4200
12052.0000 0.1085 78.0862 50.0000 31.5760 42.5986 57.3217
12053.0000 0.1177 78.5923 50.0000 30.7141 43.2024 58.0254
12054.0000 0.1161 78.7192 50.0000 30.8583 43.3126 58.0388
12055.0000 0.1152 78.5038 50.0000 30.6283 43.4547 57.7619
12056.0000 0.1175 79.1239 50.0000 30.6658 43.8089 58.3180
12057.0000 0.1061 78.7984 50.0000 31.3038 43.8958 57.4667
12058.0000 0.1062 78.8657 50.0000 31.0455 44.2716 57.4108
12059.0000 0.1025 78.8078 50.0000 30.9794 44.7061 57.0290
12060.0000 0.1053 79.5977 50.0000 30.7203 45.5554 57.5913
12061.0000 0.0994 79.4689 50.0000 31.0543 45.6911 57.1249
12062.0000 0.0979 79.4453 50.0000 30.8820 46.0850 56.8686
12063.0000 0.1005 79.2535 50.0000 30.8827 45.5444 57.0358
12064.0000 0.1038 79.2396 50.0000 30.6944 45.3843 57.2454
12065.0000 0.0955 78.7656 50.0000 30.4869 46.1922 56.0432
12066.0000 0.0949 78.5240 50.0000 30.4143 46.1085 55.8121
12067.0000 0.0949 78.5049 50.0000 30.5425 45.8962 55.8903
12068.0000 0.0962 78.7248 50.0000 30.6488 45.8248 56.1990
12069.0000 0.0940 78.7535 50.0000 30.8342 45.8950 56.0805
12070.0000 0.1025 78.8049 50.0000 29.9360 46.0901 56.4779
12071.0000 0.1101 79.3407 50.0000 29.7045 46.0306 57.3914
12072.0000 0.1151 79.7110 50.0000 29.6563 45.8882 58.0398
12073.0000 0.1094 79.6962 50.0000 29.8625 46.2851 57.5969
12074.0000 0.1024 79.2600 50.0000 30.2835 46.1300 56.8953
12075.0000 0.1023 79.2982 50.0000 30.0418 46.5120 56.7656
12076.0000 0.0983 78.8641 50.0000 29.6225 47.2095 55.7970
12077.0000 0.1002 79.1673 50.0000 29.9626 46.7682 56.4131
12078.0000 0.0931 78.8730 50.0000 29.9395 47.5475 55.3517
12079.0000 0.0993 79.0778 50.0000 29.6925 47.2048 56.0657
12080.0000 0.1072 79.8095 50.0000 30.0818 46.3963 57.5502
12081.0000 0.1058 79.6010 50.0000 30.6235 45.6217 57.5949
12082.0000 0.1073 79.8741 50.0000 30.1881 46.3080 57.6552
12083.0000 0.1119 79.4492 50.0000 29.9395 45.6211 57.7453
12084.0000 0.1181 79.9536 50.0000 30.3605 44.9392 58.7476
12085.0000 0.1166 80.0748 50.0000 30.4764 45.0830 58.7425
12086.0000 0.1170 80.0907 50.0000 30.8848 44.5779 58.9360
12087.0000 0.1189 80.0709 50.0000 30.6125 44.6796 58.9743
12088.0000 0.1257 80.5702 50.0000 30.3441 44.7982 59.6986
12089.0000 0.1266 80.4441 50.0000 30.1113 44.8454 59.6108
12090.0000 0.1303 80.3116 50.0000 29.8220 44.6782 59.7032
12091.0000 0.1233 79.7789 50.0000 30.5152 44.0516 59.1012
12092.0000 0.1179 79.6328 50.0000 30.7590 44.1647 58.6919
12093.0000 0.1210 79.7466 50.0000 30.6569 44.0839 58.9600
12094.0000 0.1223 79.9243 50.0000 30.2746 44.5713 59.0316
12095.0000 0.1254 80.0709 50.0000 30.7286 43.8982 59.4983
12096.0000 0.1179 79.3228 50.0000 31.2582 43.2838 58.6647
12097.0000 0.1160 79.3434 50.0000 31.1011 43.6769 58.4844
12098.0000 0.1009 78.9426 50.0000 31.4061 44.4885 57.1522
12099.0000 0.1108 79.4449 50.0000 31.0102 44.4216 58.1083
12100.0000 0.1058 79.1922 50.0000 30.9906 44.7231 57.5399
12101.0000 0.1001 78.7100 50.0000 30.9410 44.9346 56.7345
12102.0000 0.0908 78.1827 50.0000 31.4393 44.8295 55.8070
12103.0000 0.0871 78.3027 50.0000 31.5388 45.3075 55.5324
12104.0000 0.0898 78.6941 50.0000 31.6567 45.2316 56.0778
12105.0000 0.0863 78.4087 50.0000 32.1520 44.6839 55.8347
12106.0000 0.0854 78.4445 50.0000 32.8807 43.8872 56.0919
12107.0000 0.0990 79.0303 50.0000 31.8759 44.2113 57.2283
12108.0000 0.0977 79.0647 50.0000 31.8933 44.3727 57.1411
12109.0000 0.0889 78.4903 50.0000 32.0687 44.5636 56.0929
12110.0000 0.0911 78.1743 50.0000 31.9559 44.1068 56.0769
12111.0000 0.0916 78.3559 50.0000 31.6109 44.6950 56.0603
12112.0000 0.0954 78.5786 50.0000 31.6435 44.4310 56.5613
12113.0000 0.0979 78.5497 50.0000 31.8777 43.8278 56.8594
12114.0000 0.0944 78.4190 50.0000 32.0700 43.8451 56.5567
12115.0000 0.0921 78.4454 50.0000 31.8983 44.3561 56.2913
12116.0000 0.0970 78.3757 50.0000 31.8698 43.7588 56.6767
12117.0000 0.1017 78.6306 50.0000 32.0073 43.3496 57.2636
12118.0000 0.0956 78.5449 50.0000 32.3584 43.4859 56.8438
12119.0000 0.1072 79.0119 50.0000 31.8112 43.4016 57.8553
12120.0000 0.1118 79.2761 50.0000 31.2309 43.8801 58.1710
12121.0000 0.1089 79.4536 50.0000 31.3048 44.2730 58.0757
12122.0000 0.1109 79.3108 50.0000 31.3072 43.9148 58.1511
12123.0000 0.1007 79.2307 50.0000 31.6836 44.4707 57.4108
12124.0000 0.1005 79.2635 50.0000 31.7963 44.3909 57.4556
12125.0000 0.0967 78.9425 50.0000 32.3012 43.8574 57.1409
12126.0000 0.1018 79.4189 50.0000 32.1204 44.0165 57.7770
12127.0000 0.0993 78.9721 50.0000 32.2308 43.6930 57.3472
12128.0000 0.0967 79.0251 50.0000 32.1214 44.1675 57.1175
12129.0000 0.1003 78.8340 50.0000 32.1135 43.5765 57.3115
12130.0000 0.1040 79.2957 50.0000 32.2475 43.5080 57.9220
12131.0000 0.1026 79.0800 50.0000 32.2049 43.4836 57.6686
12132.0000 0.0997 79.1781 50.0000 31.9257 44.2322 57.3884
12133.0000 0.1009 78.6855 50.0000 31.8682 43.6511 57.1875
12134.0000 0.1003 78.4707 50.0000 31.8199 43.5590 56.9891
12135.0000 0.1056 78.7381 50.0000 31.7773 43.3266 57.5560
12136.0000 0.1025 78.8134 50.0000 32.1220 43.3187 57.4736
12137.0000 0.0945 78.5142 50.0000 32.2133 43.7508 56.6803
12138.0000 0.0934 78.6430 50.0000 32.1679 44.0761 56.6326
12139.0000 0.0972 79.1980 50.0000 31.8366 44.6530 57.1390
12140.0000 0.0984 78.7673 50.0000 31.8041 44.0990 56.9918
12141.0000 0.1056 79.6719 50.0000 31.7013 44.3778 58.0797
12142.0000 0.1144 80.2327 50.0000 31.5894 44.1619 59.0688
12143.0000 0.1167 79.7315 50.0000 31.2809 43.7799 58.8383
12144.0000 0.1082 79.4630 50.0000 32.0810 43.4466 58.2887
12145.0000 0.1067 79.0378 50.0000 31.8767 43.3979 57.8573
12146.0000 0.1033 79.4307 50.0000 31.2015 44.9972 57.5409
12147.0000 0.1031 78.9987 50.0000 31.1640 44.6111 57.2664
12148.0000 0.1000 78.6981 50.0000 31.3679 44.3821 56.9182
12149.0000 0.1100 79.4163 50.0000 31.0807 44.3853 58.0593
12150.0000 0.1086 79.4237 50.0000 31.5340 44.0034 58.1157
12151.0000 0.1091 79.8825 50.0000 31.1400 44.8986 58.2720
12152.0000 0.1034 79.7083 50.0000 31.6087 44.7722 57.8771
12153.0000 0.1098 79.8754 50.0000 31.5505 44.3238 58.4811
12154.0000 0.1155 80.1786 50.0000 31.1929 44.4605 58.9820
12155.0000 0.1006 79.6903 50.0000 31.6653 45.0023 57.6423
12156.0000 0.1015 79.9778 50.0000 31.6262 45.2549 57.8638
12157.0000 0.1040 80.2641 50.0000 30.8827 46.2179 57.9006
12158.0000 0.1094 80.9074 50.0000 30.4691 46.7948 58.5482
12159.0000 0.1178 81.1067 50.0000 29.9693 46.6421 59.2002
12160.0000 0.1174 80.9937 50.0000 30.1651 46.3267 59.1937
12161.0000 0.1185 80.5962 50.0000 29.9392 46.0650 58.9695
12162.0000 0.1192 80.8408 50.0000 29.8876 46.2996 59.1466
12163.0000 0.1151 80.4269 50.0000 30.1974 45.9558 58.6912
12164.0000 0.1173 80.2052 50.0000 29.8100 45.9556 58.5860
12165.0000 0.1064 79.7542 50.0000 30.8001 45.4844 57.8209
12166.0000 0.1148 80.6048 50.0000 30.6023 45.6703 58.9479
12167.0000 0.1244 81.2498 50.0000 30.2454 45.7154 59.9737
12168.0000 0.1152 80.7060 50.0000 30.5902 45.7440 59.0354
12169.0000 0.1123 80.4299 50.0000 30.1101 46.3983 58.3914
12170.0000 0.1082 79.9746 50.0000 30.3570 46.0833 57.8854
12171.0000 0.1089 79.6612 50.0000 30.0348 46.0803 57.6231
12172.0000 0.1190 80.0720 50.0000 29.3905 46.1568 58.4575
12173.0000 0.1085 79.0876 50.0000 29.9143 45.6786 57.2141
12174.0000 0.1095 79.3942 50.0000 29.9553 45.8324 57.4936
12175.0000 0.1082 79.3631 50.0000 29.6075 46.4241 57.1551
12176.0000 0.1048 79.2986 50.0000 29.4659 46.9995 56.6664
12177.0000 0.1068 79.4221 50.0000 29.4919 46.8331 56.9627
12178.0000 0.0938 79.0459 50.0000 30.3377 46.9961 55.8501
12179.0000 0.0975 78.8910 50.0000 30.9027 45.4955 56.5595
12180.0000 0.1042 79.3485 50.0000 30.7837 45.3335 57.3884
12181.0000 0.0935 78.9794 50.0000 31.6519 45.0862 56.5962
12182.0000 0.0981 79.7399 50.0000 32.0836 44.8123 57.6277
12183.0000 0.0892 79.4410 50.0000 32.3404 45.2250 56.7421
12184.0000 0.0987 79.4986 50.0000 32.3300 44.1866 57.6397
12185.0000 0.1055 79.7056 50.0000 32.3532 43.6464 58.3203
12186.0000 0.1008 79.6482 50.0000 32.4082 44.0172 57.9312
12187.0000 0.1101 80.0848 50.0000 31.5823 44.4703 58.6389
12188.0000 0.1125 80.1359 50.0000 32.2101 43.5476 59.0583
12189.0000 0.1054 80.2786 50.0000 32.1456 44.4889 58.5838
12190.0000 0.1052 79.9036 50.0000 31.7157 44.6450 58.1852
12191.0000 0.1118 79.9737 50.0000 31.2514 44.5680 58.5904
12192.0000 0.1118 80.2304 50.0000 31.5726 44.4433 58.8632
12193.0000 0.1125 80.1329 50.0000 31.3182 44.5779 58.7644
12194.0000 0.1000 79.9945 50.0000 31.7694 45.2578 57.8063
12195.0000 0.0963 79.4625 50.0000 31.3229 45.7061 56.9572
12196.0000 0.0873 79.2858 50.0000 32.0991 45.6141 56.3493
12197.0000 0.0976 79.5645 50.0000 31.5592 45.3544 57.2495
12198.0000 0.0979 80.0134 50.0000 32.0579 45.1554 57.7531
12199.0000 0.1095 80.4879 50.0000 31.3306 45.2515 58.7282
12200.0000 0.1040 80.2633 50.0000 31.7607 45.0962 58.3077
12201.0000 0.1054 80.2330 50.0000 31.8827 44.7663 58.4534
12202.0000 0.1027 80.2376 50.0000 32.2039 44.6753 58.3532
12203.0000 0.1050 80.3095 50.0000 32.5834 44.0544 58.7125
12204.0000 0.0999 80.4261 50.0000 32.6948 44.5820 58.4111
12205.0000 0.1021 80.3734 50.0000 33.3747 43.5022 58.7671
12206.0000 0.1093 80.7170 50.0000 33.0601 43.4737 59.4332
12207.0000 0.1172 81.1232 50.0000 32.8735 43.3240 60.1942
12208.0000 0.1164 81.1626 50.0000 33.2570 43.0153 60.2580
12209.0000 0.1095 80.8360 50.0000 33.5675 43.0112 59.6466
12210.0000 0.1339 81.7258 50.0000 32.4094 42.8716 61.5691
12211.0000 0.1299 81.2350 50.0000 32.5105 42.6493 61.0183
12212.0000 0.1287 80.8743 50.0000 32.7509 42.1585 60.7510
12213.0000 0.1283 80.8268 50.0000 32.6073 42.3054 60.6629
12214.0000 0.1360 81.3970 50.0000 32.8579 41.9073 61.5598
12215.0000 0.1338 81.2088 50.0000 32.1722 42.6432 61.1668
12216.0000 0.1247 81.0006 50.0000 32.5699 42.8327 60.5447
12217.0000 0.1239 80.9425 50.0000 32.8585 42.5378 60.5189
12218.0000 0.1236 80.8602 50.0000 32.6258 42.7392 60.3928
12219.0000 0.1205 81.0014 50.0000 32.5601 43.2321 60.2666
12220.0000 0.1237 81.0714 50.0000 32.1606 43.4426 60.4236
12221.0000 0.1258 80.7606 50.0000 32.4073 42.6755 60.4221
12222.0000 0.1186 80.3785 50.0000 32.5052 42.8675 59.7201
12223.0000 0.1180 80.4188 50.0000 32.4833 42.9858 59.7013
12224.0000 0.1165 80.3914 50.0000 32.4401 43.1443 59.5733
12225.0000 0.1275 80.6031 50.0000 31.9566 42.8608 60.3208
12226.0000 0.1364 80.8227 50.0000 31.4082 42.8607 60.8999
12227.0000 0.1171 80.0726 50.0000 31.7581 43.5424 59.2208
12228.0000 0.1110 79.9055 50.0000 32.3572 43.2903 58.8545
12229.0000 0.1132 79.4224 50.0000 31.7343 43.3049 58.5280
12230.0000 0.1128 79.6577 50.0000 32.1149 43.1403 58.7614
12231.0000 0.1135 79.4936 50.0000 32.1604 42.8576 58.7211
12232.0000 0.1114 79.6978 50.0000 32.2355 43.1806 58.7201
12233.0000 0.1068 79.6424 50.0000 32.7814 42.9614 58.5031
12234.0000 0.1073 79.5328 50.0000 32.5527 43.0674 58.4036
12235.0000 0.1123 80.0891 50.0000 31.8025 43.9795 58.8955
12236.0000 0.1100 80.0492 50.0000 32.1132 43.8180 58.7928
12237.0000 0.1091 79.6804 50.0000 31.9922 43.6711 58.4663
12238.0000 0.1067 79.5649 50.0000 32.4909 43.2286 58.3627
12239.0000 0.1098 78.7880 50.0000 32.0000 42.7015 57.9667
12240.0000 0.0988 78.2754 50.0000 32.1181 43.1493 56.8648
12241.0000 0.0981 78.0154 50.0000 31.8364 43.2972 56.5526
12242.0000 0.0899 77.9022 50.0000 32.0642 43.8067 55.8714
12243.0000 0.0929 77.9000 50.0000 32.1705 43.3275 56.1800
12244.0000 0.0895 77.8904 50.0000 32.3464 43.4881 55.9411
12245.0000 0.0926 78.1911 50.0000 32.3232 43.4883 56.3721
12246.0000 0.0932 78.5677 50.0000 32.5824 43.4988 56.7374
12247.0000 0.0912 78.4217 50.0000 33.0013 43.0654 56.6238
12248.0000 0.0922 78.2276 50.0000 32.8761 42.8983 56.5549
12249.0000 0.0901 78.4093 50.0000 33.3893 42.7005 56.6554
12250.0000 0.0782 78.0765 50.0000 33.6067 43.4151 55.5128
12251.0000 0.0749 78.1633 50.0000 33.7669 43.7100 55.3059
12252.0000 0.0805 78.1153 50.0000 33.0482 43.8995 55.5216
12253.0000 0.0805 77.6621 50.0000 33.0788 43.3560 55.2941
12254.0000 0.0727 77.9216 50.0000 33.0826 44.6513 54.6221
12255.0000 0.0777 77.7087 50.0000 33.1215 43.6937 55.0679
12256.0000 0.0719 77.5947 50.0000 33.7679 43.4528 54.7040
12257.0000 0.0698 77.5759 50.0000 34.1484 43.1946 54.6454
12258.0000 0.0725 78.0648 50.0000 34.0237 43.5733 55.1168
12259.0000 0.0736 77.9738 50.0000 33.9026 43.4811 55.1355
12260.0000 0.0765 78.0398 50.0000 33.3438 43.9234 55.2190
12261.0000 0.0783 77.8014 50.0000 33.3508 43.4307 55.2681
12262.0000 0.0790 77.9956 50.0000 32.7222 44.3821 55.1616
12263.0000 0.0766 77.8344 50.0000 33.0044 44.1303 54.9674
12264.0000 0.0808 77.8898 50.0000 32.8622 43.8523 55.3523
12265.0000 0.0798 77.5972 50.0000 32.8969 43.6092 55.1122
12266.0000 0.0768 78.0998 50.0000 32.9764 44.4482 55.1043
12267.0000 0.0832 78.4589 50.0000 32.2453 45.0222 55.5792
12268.0000 0.0812 78.5032 50.0000 32.4829 44.9998 55.5214
12269.0000 0.0804 78.0344 50.0000 32.3068 44.8147 55.1115
12270.0000 0.0809 77.9922 50.0000 32.1688 44.8904 55.0709
12271.0000 0.0830 78.1301 50.0000 32.2158 44.7131 55.3822
12272.0000 0.0862 78.3155 50.0000 32.4423 44.2076 55.9150
12273.0000 0.0870 78.2660 50.0000 32.4558 44.0512 55.9614
12274.0000 0.0787 78.1265 50.0000 32.8203 44.4414 55.2408
12275.0000 0.0735 77.9109 50.0000 33.3349 44.1797 54.8366
12276.0000 0.0762 77.8280 50.0000 32.7768 44.4854 54.8081
12277.0000 0.0790 77.5346 50.0000 32.5585 44.0808 54.8494
12278.0000 0.0760 76.9673 50.0000 32.5572 43.8207 54.2563
12279.0000 0.0760 77.1959 50.0000 32.8271 43.7215 54.4978
12280.0000 0.0756 77.0333 50.0000 32.0320 44.6957 53.9479
12281.0000 0.0858 77.2425 50.0000 31.9983 43.6510 55.1100
12282.0000 0.0865 77.4271 50.0000 32.2064 43.5020 55.3649
12283.0000 0.0836 77.5218 50.0000 32.5430 43.5210 55.2857
12284.0000 0.0860 77.3156 50.0000 32.4526 43.1249 55.3604
12285.0000 0.0837 77.2721 50.0000 32.4302 43.3761 55.1159
12286.0000 0.0824 77.1063 50.0000 32.7399 42.9564 55.0294
12287.0000 0.0783 77.1760 50.0000 32.8888 43.3305 54.7442
12288.0000 0.0817 78.1598 50.0000 32.7058 44.2467 55.5115
12289.0000 0.0770 78.7789 50.0000 33.1248 44.9952 55.5365
12290.0000 0.0681 78.0985 50.0000 33.4709 44.9532 54.3901
12291.0000 0.0717 78.5535 50.0000 33.4463 45.0142 55.0066
12292.0000 0.0795 78.7951 50.0000 33.2678 44.4994 55.8723
12293.0000 0.0758 78.8891 50.0000 33.3428 44.9856 55.5701
12294.0000 0.0868 78.9607 50.0000 32.9485 44.2029 56.5269
12295.0000 0.0883 79.0387 50.0000 32.9217 44.1372 56.7026
12296.0000 0.0877 79.4497 50.0000 33.5631 43.8625 57.1127
12297.0000 0.0829 79.7018 50.0000 33.9131 44.2497 56.9582
12298.0000 0.0829 79.2651 50.0000 33.7038 44.0422 56.6330
12299.0000 0.0786 79.1781 50.0000 33.5041 44.7244 56.0925
12300.0000 0.0742 79.2007 50.0000 33.0654 45.9653 55.3771
12301.0000 0.0722 79.6155 50.0000 33.6746 45.8648 55.6872
12302.0000 0.0726 79.5666 50.0000 33.8695 45.4757 55.8181
12303.0000 0.0822 79.6164 50.0000 33.0181 45.4043 56.4538
12304.0000 0.0876 79.6226 50.0000 32.8656 44.9309 56.9282
12305.0000 0.0849 79.5321 50.0000 32.5717 45.5579 56.4704
12306.0000 0.0929 80.1857 50.0000 32.4363 45.4561 57.5445
12307.0000 0.0871 79.8117 50.0000 32.8853 45.1744 56.9890
12308.0000 0.0837 79.9052 50.0000 32.9401 45.6370 56.7191
12309.0000 0.0934 79.6074 50.0000 32.2891 44.9586 57.2143
12310.0000 0.0908 79.4004 50.0000 32.4310 44.8586 56.9242
12311.0000 0.0965 79.3377 50.0000 32.0300 44.6354 57.2383
12312.0000 0.1043 79.3855 50.0000 32.2755 43.5414 58.0043
12313.0000 0.0960 79.3089 50.0000 32.5929 43.9607 57.4027
12314.0000 0.0909 79.3683 50.0000 33.0890 43.9889 57.1789
12315.0000 0.0951 79.2719 50.0000 32.8248 43.7489 57.3812
12316.0000 0.0972 79.4424 50.0000 32.8238 43.6956 57.6576
12317.0000 0.0964 79.1467 50.0000 32.5981 43.7493 57.3373
12318.0000 0.0966 79.1492 50.0000 32.6566 43.6561 57.3785
12319.0000 0.0999 79.8274 50.0000 32.4526 44.2515 57.9744
12320.0000 0.1011 79.9647 50.0000 32.1702 44.6007 58.0534
12321.0000 0.0958 79.1395 50.0000 32.0881 44.4332 57.0886
12322.0000 0.1038 79.2934 50.0000 31.9535 43.8800 57.8011
12323.0000 0.1110 79.5195 50.0000 31.6628 43.7034 58.4023
12324.0000 0.1147 80.1107 50.0000 31.6276 43.9623 59.0316
12325.0000 0.1209 80.2616 50.0000 31.3949 43.7705 59.5015
12326.0000 0.1221 80.1746 50.0000 31.2696 43.7107 59.4942
12327.0000 0.1311 80.7851 50.0000 31.5437 43.1524 60.5731
12328.0000 0.1197 80.3050 50.0000 31.4671 43.8447 59.4672
12329.0000 0.1229 80.1710 50.0000 30.9496 43.9904 59.4505
12330.0000 0.1210 80.0643 50.0000 31.3536 43.6075 59.3769
12331.0000 0.1225 80.3662 50.0000 31.7143 43.3599 59.7732
12332.0000 0.1274 80.2447 50.0000 30.7089 43.8984 59.7419
12333.0000 0.1224 80.2843 50.0000 31.1572 43.9132 59.5518
12334.0000 0.1193 80.1791 50.0000 31.4648 43.7579 59.3624
12335.0000 0.1255 80.2529 50.0000 31.6273 43.0645 59.8806
12336.0000 0.1282 80.3840 50.0000 31.0703 43.5475 59.9986
12337.0000 0.1252 80.1364 50.0000 30.7147 43.9925 59.5240
12338.0000 0.1233 79.7623 50.0000 30.8468 43.6619 59.1957
12339.0000 0.1388 80.7035 50.0000 30.5337 43.4695 60.7548
12340.0000 0.1413 81.0429 50.0000 29.8426 44.3082 60.9439
12341.0000 0.1367 80.8626 50.0000 29.7503 44.6686 60.4846
12342.0000 0.1316 80.5426 50.0000 29.7901 44.8071 59.9332
12343.0000 0.1238 79.6951 50.0000 30.2206 44.2561 58.9866
12344.0000 0.1172 79.7623 50.0000 30.7664 44.3567 58.7191
12345.0000 0.1259 80.3795 50.0000 30.1266 44.8351 59.5236
12346.0000 0.1235 80.7069 50.0000 30.3626 45.1308 59.6232
12347.0000 0.1370 80.6363 50.0000 30.5818 43.5137 60.6096
12348.0000 0.1260 79.8810 50.0000 30.8519 43.5089 59.4652
12349.0000 0.1236 79.9648 50.0000 31.4363 43.1696 59.5190
12350.0000 0.1279 80.0123 50.0000 31.1766 43.1050 59.7657
12351.0000 0.1238 79.7511 50.0000 30.8711 43.5780 59.2297
12352.0000 0.1131 79.3652 50.0000 31.1086 43.9779 58.2841
12353.0000 0.1099 79.6925 50.0000 31.3269 44.3907 58.3008
12354.0000 0.1173 79.6888 50.0000 31.1435 43.8346 58.8125
12355.0000 0.1200 79.9244 50.0000 30.7620 44.2457 59.0248
12356.0000 0.1344 80.7178 50.0000 30.1746 44.2792 60.3672
12357.0000 0.1314 81.1845 50.0000 30.5402 44.6152 60.5616
12358.0000 0.1305 81.2230 50.0000 30.1582 45.1674 60.3951
12359.0000 0.1189 80.6600 50.0000 30.6586 45.2188 59.3410
12360.0000 0.1161 80.7359 50.0000 30.6250 45.6324 59.1446
12361.0000 0.1109 80.2448 50.0000 30.9230 45.3434 58.5404
12362.0000 0.1124 80.5172 50.0000 30.9017 45.4828 58.8169
12363.0000 0.1195 80.5868 50.0000 30.9432 44.7451 59.4527
12364.0000 0.1222 80.6984 50.0000 30.5647 45.0232 59.5898
12365.0000 0.1287 80.5904 50.0000 30.2274 44.6488 59.8965
12366.0000 0.1354 80.9182 50.0000 30.1388 44.4164 60.5525
12367.0000 0.1320 80.9698 50.0000 30.5337 44.3530 60.4700
12368.0000 0.1289 80.9213 50.0000 30.9089 44.1814 60.3399
12369.0000 0.1359 80.9713 50.0000 30.9336 43.5499 60.8512
12370.0000 0.1333 81.5021 50.0000 31.2795 43.9197 61.1167
12371.0000 0.1384 81.1768 50.0000 31.0251 43.4189 61.1712
12372.0000 0.1411 81.2567 50.0000 30.8260 43.4658 61.3443
12373.0000 0.1396 81.2198 50.0000 30.8714 43.5180 61.2356
12374.0000 0.1332 81.5129 50.0000 30.5853 44.7053 60.9124
12375.0000 0.1244 81.9314 50.0000 30.8544 45.6824 60.6126
12376.0000 0.1311 82.0670 50.0000 30.2926 45.7753 61.0079
12377.0000 0.1238 82.2093 50.0000 30.3986 46.5621 60.5497
12378.0000 0.1257 82.1703 50.0000 30.3416 46.3912 60.6563
12379.0000 0.1232 81.8173 50.0000 30.6218 45.9754 60.3542
12380.0000 0.1291 82.4042 50.0000 30.1726 46.4552 61.0080
12381.0000 0.1319 82.8817 50.0000 30.0515 46.7717 61.4711
12382.0000 0.1325 82.9862 50.0000 29.6476 47.2871 61.4138
12383.0000 0.1277 82.6161 50.0000 29.7284 47.3471 60.8268
12384.0000 0.1188 82.3951 50.0000 29.9935 47.8358 60.0090
12385.0000 0.1200 82.3835 50.0000 29.6071 48.1760 59.9127
12386.0000 0.1224 82.3712 50.0000 29.4602 48.0545 60.0656
12387.0000 0.1187 81.9522 50.0000 29.3448 48.2389 59.3975
12388.0000 0.1173 81.8641 50.0000 29.3083 48.3770 59.1812
12389.0000 0.1197 82.1989 50.0000 29.1664 48.6094 59.5239
12390.0000 0.1166 81.7152 50.0000 29.5949 47.9061 59.2159
12391.0000 0.1155 82.1705 50.0000 29.6593 48.4645 59.3592
12392.0000 0.1151 82.3420 50.0000 29.3421 49.1485 59.1918
12393.0000 0.1071 81.4691 50.0000 29.7600 48.7214 58.1188
12394.0000 0.1043 81.3947 50.0000 29.9873 48.7072 57.9091
12395.0000 0.1008 81.7243 50.0000 29.8211 49.9763 57.3753
12396.0000 0.1041 82.2048 50.0000 29.7010 50.1855 57.9387
12397.0000 0.1078 82.6145 50.0000 29.9947 49.5701 58.8920
12398.0000 0.1109 82.7117 50.0000 29.8882 49.3842 59.2379
12399.0000 0.1073 82.4616 50.0000 29.9667 49.5112 58.7413
12400.0000 0.1102 81.7709 50.0000 29.7295 48.6541 58.6124
12401.0000 0.1177 82.3614 50.0000 29.8699 48.0914 59.8198
12402.0000 0.1236 82.6112 50.0000 29.6949 47.8663 60.4288
12403.0000 0.1253 83.3351 50.0000 29.2402 48.9858 60.7465
12404.0000 0.1341 83.5334 50.0000 28.8795 48.5805 61.5122
12405.0000 0.1226 83.2212 50.0000 29.5474 48.8049 60.5871
12406.0000 0.1178 82.1859 50.0000 29.5699 48.2969 59.5614
12407.0000 0.1123 81.9679 50.0000 29.3129 49.1858 58.6537
12408.0000 0.1093 81.9018 50.0000 29.9316 48.6383 58.7054
12409.0000 0.1178 82.0092 50.0000 29.8107 47.7863 59.6096
12410.0000 0.1233 82.1525 50.0000 29.2233 48.0265 59.9039
12411.0000 0.1269 82.0746 50.0000 29.4231 47.2641 60.3044
12412.0000 0.1194 81.5753 50.0000 29.7374 47.2309 59.4933
12413.0000 0.1192 81.4868 50.0000 29.5682 47.3826 59.3356
12414.0000 0.1222 81.6210 50.0000 29.2613 47.5522 59.5362
12415.0000 0.1167 81.1582 50.0000 29.7950 47.0415 59.0424
12416.0000 0.1166 81.3123 50.0000 29.5097 47.5987 58.9511
12417.0000 0.1106 80.9441 50.0000 30.1829 47.0574 58.5366
12418.0000 0.1058 81.3024 50.0000 30.6193 47.4798 58.4655
12419.0000 0.0973 80.6811 50.0000 30.7234 47.8141 57.2654
12420.0000 0.0963 80.4792 50.0000 30.2161 48.5251 56.6498
12421.0000 0.1051 80.5335 50.0000 29.4667 48.3873 57.2366
12422.0000 0.1078 80.7149 50.0000 29.1892 48.6091 57.4460
12423.0000 0.1051 80.5119 50.0000 29.5985 48.1618 57.3283
12424.0000 0.1078 80.7460 50.0000 29.9123 47.5722 57.9832
12425.0000 0.1010 80.2676 50.0000 30.1882 47.5866 57.1584
12426.0000 0.1156 80.7914 50.0000 29.4557 47.2326 58.5551
12427.0000 0.1178 81.3495 50.0000 29.1269 47.9970 58.8698
12428.0000 0.1219 81.7788 50.0000 29.0003 48.1016 59.4390
12429.0000 0.1242 81.5892 50.0000 29.1905 47.3660 59.6756
12430.0000 0.1204 81.5992 50.0000 29.2343 47.7894 59.3293
12431.0000 0.1233 81.2147 50.0000 29.0938 47.2123 59.3328
12432.0000 0.1292 81.5407 50.0000 29.4746 46.4144 60.2150
12433.0000 0.1301 81.7632 50.0000 29.7069 46.2655 60.5164
12434.0000 0.1306 82.0619 50.0000 29.5307 46.7093 60.6657
12435.0000 0.1374 81.4742 50.0000 29.4104 45.5733 60.7959
12436.0000 0.1291 81.2377 50.0000 29.6059 45.9668 60.0841
12437.0000 0.1369 81.8857 50.0000 29.4547 45.9678 61.0300
12438.0000 0.1356 81.8095 50.0000 29.5183 45.9561 60.9057
12439.0000 0.1388 82.0138 50.0000 29.2697 46.1085 61.1845
12440.0000 0.1327 81.9934 50.0000 29.4397 46.5222 60.7611
12441.0000 0.1204 81.7015 50.0000 29.5929 47.4239 59.5850
12442.0000 0.1136 80.7277 50.0000 29.9898 46.7089 58.6161
12443.0000 0.1161 80.9689 50.0000 29.7024 47.0317 58.8366
12444.0000 0.1194 81.3858 50.0000 29.2604 47.6503 59.1348
12445.0000 0.1192 80.8966 50.0000 29.3705 47.0115 58.9198
12446.0000 0.1220 81.2712 50.0000 29.8207 46.5111 59.6024
12447.0000 0.1176 81.3440 50.0000 29.9254 46.9634 59.2938
12448.0000 0.1165 81.3571 50.0000 29.7335 47.3626 59.0905
12449.0000 0.1161 81.4206 50.0000 30.1545 46.9264 59.3121
12450.0000 0.1183 81.7356 50.0000 30.6122 46.4336 59.8959
12451.0000 0.1274 82.0902 50.0000 30.4183 46.0355 60.7804
12452.0000 0.1220 81.7813 50.0000 30.7529 45.9102 60.2883
12453.0000 0.1274 82.3949 50.0000 30.4002 46.3649 60.9511
12454.0000 0.1311 82.5522 50.0000 29.9846 46.6159 61.1779
12455.0000 0.1289 82.2678 50.0000 29.8951 46.6694 60.7967
12456.0000 0.1459 82.3463 50.0000 29.2786 45.7165 61.9168
12457.0000 0.1487 82.6192 50.0000 28.7664 46.2653 62.1124
12458.0000 0.1487 82.1079 50.0000 29.1749 45.3430 61.9237
12459.0000 0.1575 82.6642 50.0000 28.9018 45.3334 62.7929
12460.0000 0.1561 82.4095 50.0000 29.1839 44.9348 62.6138
12461.0000 0.1429 81.7295 50.0000 29.7061 44.9594 61.4485
12462.0000 0.1485 81.8950 50.0000 29.5093 44.7973 61.8806
12463.0000 0.1376 81.7180 50.0000 29.8919 45.2432 61.1339
12464.0000 0.1294 81.4346 50.0000 29.9254 45.7521 60.3556
12465.0000 0.1387 81.8590 50.0000 29.5847 45.6171 61.1941
12466.0000 0.1414 81.7851 50.0000 29.2436 45.6577 61.2290
12467.0000 0.1348 81.7310 50.0000 29.5557 45.9189 60.8102
12468.0000 0.1260 81.5326 50.0000 29.4906 46.7300 59.9514
12469.0000 0.1338 81.7789 50.0000 29.2476 46.4219 60.6413
12470.0000 0.1255 81.2770 50.0000 29.4848 46.5400 59.7547
12471.0000 0.1117 80.9860 50.0000 30.0607 47.1229 58.6048
12472.0000 0.1128 81.1761 50.0000 30.3945 46.7629 58.9828
12473.0000 0.1168 81.1341 50.0000 30.1972 46.5013 59.2327
12474.0000 0.1143 81.3854 50.0000 30.7792 46.3218 59.4182
12475.0000 0.1259 81.5942 50.0000 29.9494 46.2515 60.1784
12476.0000 0.1210 81.3847 50.0000 30.2642 46.2023 59.7737
12477.0000 0.1264 81.7821 50.0000 30.2232 46.0664 60.4380
12478.0000 0.1204 81.4258 50.0000 30.2658 46.3035 59.7505
12479.0000 0.1329 82.4680 50.0000 29.9051 46.4291 61.2453
12480.0000 0.1257 82.0087 50.0000 30.1844 46.4099 60.5017
12481.0000 0.1179 81.5373 50.0000 30.6408 46.2358 59.7639
12482.0000 0.1134 81.5023 50.0000 30.4697 46.9367 59.2550
12483.0000 0.1219 81.9277 50.0000 30.3753 46.5126 60.2168
12484.0000 0.1221 81.7586 50.0000 30.4400 46.2484 60.1578
12485.0000 0.1226 81.9346 50.0000 30.2737 46.5725 60.2311
12486.0000 0.1177 81.9091 50.0000 30.1710 47.2276 59.7358
12487.0000 0.1210 82.2743 50.0000 30.2606 47.1069 60.2851
12488.0000 0.1232 82.6362 50.0000 30.2074 47.2987 60.6556
12489.0000 0.1263 82.7245 50.0000 30.0306 47.2563 60.8962
12490.0000 0.1281 82.7695 50.0000 30.5496 46.4827 61.2933
12491.0000 0.1195 82.6815 50.0000 30.8509 46.9757 60.6442
12492.0000 0.1157 82.6219 50.0000 30.9287 47.2606 60.3011
12493.0000 0.1230 83.1847 50.0000 30.4742 47.5576 61.0680
12494.0000 0.1249 83.1589 50.0000 30.7622 46.9719 61.3411
12495.0000 0.1108 82.7502 50.0000 31.2818 47.5259 60.0861
12496.0000 0.1126 82.8821 50.0000 31.3697 47.3396 60.3684
12497.0000 0.1152 82.4684 50.0000 31.5130 46.4310 60.4329
12498.0000 0.1154 82.1138 50.0000 31.5614 45.9941 60.2586
12499.0000 0.1171 81.9419 50.0000 31.1321 46.1436 60.1335
12500.0000 0.1352 82.6457 50.0000 30.8508 45.3122 61.8494
12501.0000 0.1312 82.1738 50.0000 31.2204 44.8353 61.3808
12502.0000 0.1336 82.0443 50.0000 31.3408 44.3443 61.5029
12503.0000 0.1384 82.2237 50.0000 30.8009 44.6583 61.7874
12504.0000 0.1358 82.1112 50.0000 30.4910 45.1371 61.4426
12505.0000 0.1382 81.8660 50.0000 30.2087 44.9800 61.3701
12506.0000 0.1429 82.5155 50.0000 30.2828 45.0727 62.1306
12507.0000 0.1586 82.6933 50.0000 30.3333 43.7803 63.2563
12508.0000 0.1535 82.2294 50.0000 30.3529 43.7750 62.6428
12509.0000 0.1525 82.4337 50.0000 30.4252 43.9796 62.7328
12510.0000 0.1620 82.5072 50.0000 30.6622 42.9905 63.3962
12511.0000 0.1674 82.2985 50.0000 30.8321 42.1953 63.5766
12512.0000 0.1609 82.0788 50.0000 31.1760 42.1822 63.1319
12513.0000 0.1490 81.5262 50.0000 31.8360 41.9831 62.2125
12514.0000 0.1517 81.4144 50.0000 31.2368 42.2766 62.1712
12515.0000 0.1529 81.5000 50.0000 31.0853 42.4046 62.2720
12516.0000 0.1513 81.0635 50.0000 31.1051 42.1237 61.8818
12517.0000 0.1611 81.6360 50.0000 31.3406 41.5973 62.8639
12518.0000 0.1642 81.7705 50.0000 31.0600 41.7521 63.0750
12519.0000 0.1515 81.7289 50.0000 31.1199 42.6950 62.3563
12520.0000 0.1547 81.4399 50.0000 30.8081 42.4842 62.2769
12521.0000 0.1508 81.3655 50.0000 30.9305 42.6149 62.0291
12522.0000 0.1476 81.2140 50.0000 30.5979 43.0958 61.6623
12523.0000 0.1536 81.7210 50.0000 29.8777 43.7951 62.1903
12524.0000 0.1621 82.1991 50.0000 30.3810 42.9889 63.1320
12525.0000 0.1574 81.9892 50.0000 30.2414 43.3415 62.6834
12526.0000 0.1564 82.2755 50.0000 29.8755 44.0580 62.7345
12527.0000 0.1559 82.2019 50.0000 30.0654 43.8462 62.6955
12528.0000 0.1524 82.1039 50.0000 29.9115 44.2142 62.3815
12529.0000 0.1516 81.8430 50.0000 30.0699 43.8789 62.1991
12530.0000 0.1457 81.3252 50.0000 30.4977 43.4763 61.5913
12531.0000 0.1379 81.4001 50.0000 30.5452 44.1961 61.1529
12532.0000 0.1483 81.4838 50.0000 30.5173 43.3762 61.8612
12533.0000 0.1416 81.8296 50.0000 30.6460 44.1567 61.7016
12534.0000 0.1401 81.5589 50.0000 30.5484 44.1433 61.4005
12535.0000 0.1368 81.4811 50.0000 30.7936 44.1057 61.2014
12536.0000 0.1322 81.0400 50.0000 30.8154 44.0903 60.6131
12537.0000 0.1221 80.5840 50.0000 30.8543 44.5826 59.6171
12538.0000 0.1286 81.1374 50.0000 30.4286 44.9689 60.2924
12539.0000 0.1124 80.8801 50.0000 31.2763 45.4011 59.1787
12540.0000 0.1112 80.7817 50.0000 31.0272 45.7397 58.9141
12541.0000 0.1143 81.0044 50.0000 31.1511 45.4717 59.3603
12542.0000 0.1129 81.5464 50.0000 31.1576 46.1758 59.5552
12543.0000 0.1140 81.4833 50.0000 31.0016 46.1818 59.5455
12544.0000 0.1224 81.8852 50.0000 31.1844 45.4643 60.5451
12545.0000 0.1272 81.9657 50.0000 31.7069 44.4744 61.1153
12546.0000 0.1237 81.7602 50.0000 31.7030 44.6179 60.7362
12547.0000 0.1278 81.6524 50.0000 31.5335 44.3101 60.9045
12548.0000 0.1359 81.9415 50.0000 31.5698 43.7893 61.6462
12549.0000 0.1382 82.1533 50.0000 31.2350 44.1359 61.8510
12550.0000 0.1340 82.1190 50.0000 30.9513 44.8029 61.4674
12551.0000 0.1293 82.1456 50.0000 31.1215 45.0954 61.2026
12552.0000 0.1204 81.1524 50.0000 31.1937 44.9290 59.9504
12553.0000 0.1117 80.5864 50.0000 31.5483 44.8454 59.0573
12554.0000 0.1195 80.7433 50.0000 31.7209 44.0141 59.7998
12555.0000 0.1228 81.2627 50.0000 31.4151 44.5467 60.2687
12556.0000 0.1264 81.0424 50.0000 31.2152 44.1994 60.3316
12557.0000 0.1200 81.0219 50.0000 31.7221 44.2367 60.0115
12558.0000 0.1190 81.1873 50.0000 31.7034 44.5169 60.0377
12559.0000 0.1183 80.9251 50.0000 31.2866 44.8071 59.6855
12560.0000 0.1174 80.7632 50.0000 30.4879 45.6875 59.2101
12561.0000 0.1049 80.2918 50.0000 31.1444 45.8000 58.1305
12562.0000 0.1048 80.2991 50.0000 31.2570 45.6790 58.1754
12563.0000 0.1067 79.7852 50.0000 30.8899 45.3782 57.8993
12564.0000 0.1129 80.3937 50.0000 31.0497 45.1148 58.8534
12565.0000 0.1131 80.2147 50.0000 30.7389 45.2879 58.6389
12566.0000 0.1084 79.8050 50.0000 30.8731 45.2193 58.0594
12567.0000 0.1100 79.5676 50.0000 31.0112 44.6302 58.1159
12568.0000 0.1089 79.5171 50.0000 31.0692 44.6208 58.0229
12569.0000 0.1050 79.5221 50.0000 31.1202 45.0045 57.7053
12570.0000 0.1075 79.3253 50.0000 30.9931 44.6723 57.7608
12571.0000 0.1084 79.3744 50.0000 30.6492 45.0477 57.7203
12572.0000 0.1170 79.6696 50.0000 30.4906 44.6084 58.5462
12573.0000 0.1115 79.6525 50.0000 30.7360 44.8928 58.1761
12574.0000 0.1073 79.3797 50.0000 30.5494 45.3044 57.5794
12575.0000 0.1095 79.4740 50.0000 30.4384 45.2897 57.7795
12576.0000 0.1169 79.7960 50.0000 30.4527 44.7987 58.5927
12577.0000 0.1131 80.1392 50.0000 30.1783 45.9070 58.3448
12578.0000 0.1215 80.3988 50.0000 29.7090 45.8106 59.0147
12579.0000 0.1236 81.2093 50.0000 29.3416 46.8633 59.4798
12580.0000 0.1216 80.8633 50.0000 29.6595 46.3418 59.2589
12581.0000 0.1161 80.5675 50.0000 29.8289 46.4532 58.6810
12582.0000 0.1222 80.7372 50.0000 29.7301 46.0579 59.2730
12583.0000 0.1220 81.0358 50.0000 29.7548 46.3465 59.4429
12584.0000 0.1147 80.5893 50.0000 30.7144 45.5285 58.9780
12585.0000 0.1152 80.8409 50.0000 30.3475 46.1857 59.0015
12586.0000 0.1245 80.9376 50.0000 30.3437 45.2808 59.8314
12587.0000 0.1156 80.9661 50.0000 30.2711 46.3655 59.0712
12588.0000 0.1249 81.7541 50.0000 29.6989 46.8242 60.0767
12589.0000 0.1341 81.4360 50.0000 29.3904 45.8880 60.5172
12590.0000 0.1321 81.6459 50.0000 29.1847 46.5449 60.3977
12591.0000 0.1299 81.8204 50.0000 28.8472 47.3776 60.1479
12592.0000 0.1398 82.5118 50.0000 28.7062 47.1334 61.3399
12593.0000 0.1367 81.9529 50.0000 29.2917 46.2437 60.9901
12594.0000 0.1316 81.5590 50.0000 29.4991 46.1419 60.4368
12595.0000 0.1282 81.9929 50.0000 29.6507 46.7590 60.4754
12596.0000 0.1339 82.5655 50.0000 29.2085 47.2324 61.0985
12597.0000 0.1291 82.2003 50.0000 29.2979 47.3010 60.5073
12598.0000 0.1420 82.5337 50.0000 29.1736 46.3950 61.7107
12599.0000 0.1480 82.8455 50.0000 29.4491 45.8012 62.4370
12600.0000 0.1547 82.6321 50.0000 29.7664 44.6467 62.8387
12601.0000 0.1508 82.1141 50.0000 29.3119 45.0015 62.1160
12602.0000 0.1536 82.6058 50.0000 29.4695 45.0350 62.6667
12603.0000 0.1471 82.5842 50.0000 29.5118 45.5788 62.2237
12604.0000 0.1467 82.5488 50.0000 29.8887 45.1722 62.2933
12605.0000 0.1401 81.8700 50.0000 30.1735 44.8439 61.4921
12606.0000 0.1442 82.2049 50.0000 30.1946 44.7550 61.9912
12607.0000 0.1434 81.8901 50.0000 30.4515 44.2530 61.8091
12608.0000 0.1381 81.6053 50.0000 30.6547 44.2572 61.3271
12609.0000 0.1334 81.2748 50.0000 30.5781 44.4628 60.7752
12610.0000 0.1321 81.3378 50.0000 30.5918 44.6373 60.7247
12611.0000 0.1369 81.6872 50.0000 30.6193 44.4792 61.2933
12612.0000 0.1228 81.2274 50.0000 31.0201 44.9579 60.1203
12613.0000 0.1212 81.0757 50.0000 30.5539 45.5152 59.7335
12614.0000 0.1295 81.7575 50.0000 30.6436 45.2347 60.8200
12615.0000 0.1242 81.4578 50.0000 30.6537 45.4731 60.2322
12616.0000 0.1263 81.8745 50.0000 30.1817 46.2189 60.4675
12617.0000 0.1176 81.6031 50.0000 30.9116 46.0125 59.8865
12618.0000 0.1188 81.7816 50.0000 31.4100 45.4755 60.2795
12619.0000 0.1186 81.5437 50.0000 30.8327 45.9336 59.9067
12620.0000 0.1232 81.6851 50.0000 30.7756 45.6556 60.3397
12621.0000 0.1179 81.2226 50.0000 30.5829 45.9868 59.5568
12622.0000 0.1252 81.7916 50.0000 30.2879 46.1237 60.3748
12623.0000 0.1216 81.7587 50.0000 30.6370 46.0619 60.2010
12624.0000 0.1105 81.2696 50.0000 30.7622 46.6622 59.0006
12625.0000 0.1155 81.3319 50.0000 30.2482 46.7857 59.2538
12626.0000 0.1149 81.4990 50.0000 30.1863 47.1146 59.2545
12627.0000 0.1070 81.0807 50.0000 30.9254 46.6747 58.6445
12628.0000 0.1105 81.6945 50.0000 30.9641 46.8550 59.3281
12629.0000 0.1115 81.5145 50.0000 30.9177 46.6090 59.2985
12630.0000 0.1210 81.8897 50.0000 30.8162 46.0466 60.2992
12631.0000 0.1160 82.1744 50.0000 30.7582 46.9659 60.0065
12632.0000 0.1072 81.8370 50.0000 31.1482 47.1709 59.1776
12633.0000 0.1059 81.1972 50.0000 30.7454 47.1766 58.4985
12634.0000 0.1022 80.8656 50.0000 31.1480 46.7465 58.1705
12635.0000 0.0964 80.6766 50.0000 31.0268 47.4847 57.3694
12636.0000 0.0947 81.2087 50.0000 31.5079 47.6396 57.7284
12637.0000 0.0925 81.2552 50.0000 31.8348 47.5336 57.7019
12638.0000 0.0951 81.4813 50.0000 31.6827 47.6353 58.0196
12639.0000 0.0988 81.1000 50.0000 31.1633 47.4302 57.9347
12640.0000 0.0929 80.3379 50.0000 31.5311 46.8614 57.1312
12641.0000 0.1024 80.8290 50.0000 30.5426 47.5136 57.8181
12642.0000 0.1061 80.7037 50.0000 30.6168 46.7792 58.2015
12643.0000 0.1017 80.3772 50.0000 30.9044 46.6030 57.7371
12644.0000 0.0956 79.7981 50.0000 31.2621 46.2556 57.0161
12645.0000 0.1022 80.2725 50.0000 31.3724 45.8078 57.9749
12646.0000 0.1093 80.7498 50.0000 31.0494 45.8896 58.7419
12647.0000 0.1013 79.9347 50.0000 31.0819 45.9261 57.5697
12648.0000 0.1018 79.8071 50.0000 31.2721 45.4874 57.6380
12649.0000 0.1049 80.2553 50.0000 31.1573 45.7424 58.1186
12650.0000 0.1043 80.3975 50.0000 31.2985 45.7838 58.2066
12651.0000 0.0990 79.9972 50.0000 31.6855 45.4860 57.6767
12652.0000 0.1071 80.3433 50.0000 31.5055 45.1485 58.5155
12653.0000 0.1022 80.0477 50.0000 31.2840 45.6744 57.8170
12654.0000 0.1021 80.2807 50.0000 31.4837 45.6794 58.0271
12655.0000 0.1000 80.7037 50.0000 31.1416 46.8555 57.8607
12656.0000 0.0910 80.3559 50.0000 31.7503 46.8251 57.0648
12657.0000 0.0920 80.2034 50.0000 31.9526 46.2360 57.2175
12658.0000 0.0945 80.5503 50.0000 32.0872 46.1219 57.7194
12659.0000 0.0938 80.1784 50.0000 31.8041 46.1724 57.3165
12660.0000 0.0902 79.7709 50.0000 31.1273 47.1777 56.2917
12661.0000 0.1041 80.7072 50.0000 30.3805 47.3779 57.8447
12662.0000 0.1025 80.3574 50.0000 30.3949 47.1753 57.5148
12663.0000 0.1020 80.5056 50.0000 30.8670 46.7523 57.8152
12664.0000 0.0958 80.2636 50.0000 30.9667 47.1809 57.0724
12665.0000 0.1020 80.3431 50.0000 31.2040 46.1208 57.9154
12666.0000 0.1088 80.1923 50.0000 30.5694 45.9711 58.1633
12667.0000 0.1102 80.4994 50.0000 30.4538 46.2752 58.4065
12668.0000 0.1141 80.9277 50.0000 30.3611 46.3888 58.9541
12669.0000 0.1207 80.8857 50.0000 30.7150 45.1927 59.6382
12670.0000 0.1272 80.8496 50.0000 30.3765 44.8823 59.9958
12671.0000 0.1275 81.0180 50.0000 30.3292 45.0681 60.1075
12672.0000 0.1224 81.2807 50.0000 30.6502 45.4788 59.9899
12673.0000 0.1232 80.8617 50.0000 31.2264 44.3197 59.9940
12674.0000 0.1263 80.8497 50.0000 30.7503 44.5420 60.0592
12675.0000 0.1201 80.2598 50.0000 30.4068 44.9899 59.1013
12676.0000 0.1344 80.7400 50.0000 30.1611 44.3118 60.3798
12677.0000 0.1325 80.6739 50.0000 30.3781 44.1874 60.2738
12678.0000 0.1385 81.0295 50.0000 29.3751 45.0742 60.5904
12679.0000 0.1360 81.6907 50.0000 29.1455 46.2250 60.7220
12680.0000 0.1418 81.7317 50.0000 29.9134 44.8308 61.4447
12681.0000 0.1315 81.8184 50.0000 30.4781 45.2836 60.9486
12682.0000 0.1198 81.6100 50.0000 30.9920 45.6886 60.1020
12683.0000 0.1172 81.8355 50.0000 31.2660 45.8717 60.1272
12684.0000 0.1143 81.4949 50.0000 31.3203 45.7695 59.7128
12685.0000 0.1179 81.1755 50.0000 30.5865 45.9306 59.5341
12686.0000 0.1124 80.9123 50.0000 30.8853 45.9081 59.0368
12687.0000 0.1107 81.0797 50.0000 30.9021 46.2629 58.9807
12688.0000 0.1166 81.1800 50.0000 30.6266 46.0344 59.4394
12689.0000 0.1154 80.8473 50.0000 30.5380 45.9307 59.1108
12690.0000 0.1064 80.6729 50.0000 31.2171 45.9324 58.5134
12691.0000 0.1121 81.2118 50.0000 31.3201 45.7253 59.3600
12692.0000 0.1077 81.4624 50.0000 32.0904 45.5359 59.4374
12693.0000 0.0961 80.7735 50.0000 32.8592 45.1777 58.3404
12694.0000 0.0961 80.9724 50.0000 32.8165 45.4471 58.4309
12695.0000 0.0935 80.8747 50.0000 32.7051 45.7876 58.0913
12696.0000 0.0870 80.8614 50.0000 33.2176 45.9184 57.6772
12697.0000 0.0863 80.4788 50.0000 32.6736 46.3089 57.1381
12698.0000 0.0937 80.2139 50.0000 32.0710 45.8751 57.4560
12699.0000 0.0944 81.0087 50.0000 31.6454 47.2512 57.6915
12700.0000 0.0953 81.5644 50.0000 31.7913 47.5443 58.1515
12701.0000 0.0960 81.3765 50.0000 31.4185 47.7672 57.9077
12702.0000 0.1005 81.0605 50.0000 30.8246 47.6388 57.8895
12703.0000 0.1104 81.3169 50.0000 30.5531 46.9958 58.9096
12704.0000 0.1080 81.1446 50.0000 30.3058 47.4454 58.4375
12705.0000 0.1059 80.8427 50.0000 30.5468 47.0536 58.2099
12706.0000 0.0989 80.5859 50.0000 31.1894 46.8088 57.7082
12707.0000 0.0974 80.2730 50.0000 31.2605 46.5538 57.4394
12708.0000 0.0920 79.7158 50.0000 31.5833 46.1930 56.7742
12709.0000 0.0964 79.9629 50.0000 30.8689 46.8993 56.9353
12710.0000 0.0956 80.8318 50.0000 30.5856 48.4589 57.0091
12711.0000 0.0918 80.0577 50.0000 30.3490 48.5617 55.9459
12712.0000 0.0949 80.4096 50.0000 29.7770 49.5024 55.9334
12713.0000 0.0951 79.9675 50.0000 29.9956 48.4778 56.0800
12714.0000 0.0942 79.8540 50.0000 30.0564 48.3769 55.9727
12715.0000 0.0935 79.4934 50.0000 30.0177 48.1211 55.7000
12716.0000 0.0986 79.3915 50.0000 29.5391 47.9403 55.9658
12717.0000 0.1001 79.1392 50.0000 29.4902 47.4695 56.0356
12718.0000 0.0910 78.9702 50.0000 29.8149 48.2681 54.9323
12719.0000 0.0819 78.1487 50.0000 30.4057 47.8236 53.8110
12720.0000 0.0835 78.0224 50.0000 30.4791 47.2040 54.1323
12721.0000 0.0773 77.4558 50.0000 30.8210 46.9727 53.3202
12722.0000 0.0839 77.9367 50.0000 30.5686 46.8505 54.2653
12723.0000 0.0829 77.6727 50.0000 30.3848 47.0254 53.8371
12724.0000 0.0851 77.7776 50.0000 29.9678 47.5382 53.7718
12725.0000 0.0806 77.5702 50.0000 30.1807 47.7672 53.1465
12726.0000 0.0764 77.5858 50.0000 30.3712 48.4371 52.4500
12727.0000 0.0700 77.1351 50.0000 31.0223 47.7833 52.0019
12728.0000 0.0718 76.9447 50.0000 30.9667 47.1333 52.3451
12729.0000 0.0715 77.1606 50.0000 31.0402 47.3669 52.4084
12730.0000 0.0666 77.3270 50.0000 31.5970 47.5699 52.1364
12731.0000 0.0657 77.2343 50.0000 31.5400 47.8383 51.7868
12732.0000 0.0695 77.8397 50.0000 31.4825 47.9103 52.6543
12733.0000 0.0670 77.8764 50.0000 31.7083 48.0788 52.4190
12734.0000 0.0698 77.9425 50.0000 31.2098 48.7549 52.1914
12735.0000 0.0773 77.9924 50.0000 30.8003 47.7823 53.3948
12736.0000 0.0806 77.9184 50.0000 30.7800 47.0456 53.9498
12737.0000 0.0763 77.5119 50.0000 31.0295 46.8641 53.3763
12738.0000 0.0815 77.5449 50.0000 31.0196 45.9931 54.1815
12739.0000 0.0979 78.6015 50.0000 30.3313 45.9098 56.1293
12740.0000 0.0907 78.1459 50.0000 30.4677 46.1854 55.1853
12741.0000 0.0883 78.4207 50.0000 30.5504 46.7648 55.0412
12742.0000 0.0863 77.9821 50.0000 30.6091 46.4467 54.6535
12743.0000 0.0890 77.8744 50.0000 29.8780 47.0908 54.3524
12744.0000 0.0852 77.5044 50.0000 30.2925 46.5614 54.0493
12745.0000 0.0847 77.7522 50.0000 30.0244 47.4699 53.7637
12746.0000 0.0937 77.9201 50.0000 29.6377 46.7661 54.8277
12747.0000 0.0934 78.2593 50.0000 29.7369 47.0707 54.9962
12748.0000 0.0921 78.2259 50.0000 30.0210 46.7765 55.0453
12749.0000 0.1016 78.6807 50.0000 29.7438 46.3459 56.1963
12750.0000 0.1034 78.1822 50.0000 29.5170 45.8547 56.0227
12751.0000 0.0960 77.9463 50.0000 30.3709 45.3702 55.6308
12752.0000 0.0958 77.7076 50.0000 30.0573 45.5599 55.3113
12753.0000 0.0940 77.5597 50.0000 30.0561 45.6518 55.0277
12754.0000 0.1010 78.0566 50.0000 29.9866 45.3734 55.9901
12755.0000 0.1049 78.2678 50.0000 30.0223 45.0832 56.4980
12756.0000 0.1036 78.6172 50.0000 29.3883 46.5037 56.1642
12757.0000 0.0997 78.3056 50.0000 29.8159 46.0739 55.8567
12758.0000 0.1034 78.8302 50.0000 29.7745 46.2229 56.4901
12759.0000 0.1001 78.5148 50.0000 30.0250 45.9485 56.1411
12760.0000 0.1026 78.6125 50.0000 29.3693 46.6722 56.0275
12761.0000 0.0974 78.1399 50.0000 29.6338 46.4719 55.3899
12762.0000 0.0988 78.3530 50.0000 29.4373 46.8165 55.5054
12763.0000 0.0979 78.2105 50.0000 29.3965 46.8510 55.2966
12764.0000 0.0989 77.9508 50.0000 29.4112 46.3722 55.3256
12765.0000 0.1028 78.2024 50.0000 28.9745 46.7705 55.5753
12766.0000 0.0957 77.6598 50.0000 29.7713 45.9420 55.0822
12767.0000 0.1079 78.4001 50.0000 29.3219 45.7928 56.4785
12768.0000 0.1076 78.2723 50.0000 29.2662 45.7725 56.3465
12769.0000 0.1065 78.5306 50.0000 29.3604 46.0655 56.4180
12770.0000 0.1079 78.7496 50.0000 29.4793 45.9638 56.7432
12771.0000 0.1029 78.8931 50.0000 29.5965 46.6133 56.3505
12772.0000 0.0991 78.6901 50.0000 29.4759 47.1168 55.7074
12773.0000 0.1011 79.1272 50.0000 29.1103 47.9219 55.8319
12774.0000 0.1011 78.4444 50.0000 29.2424 46.8881 55.6769
12775.0000 0.0963 78.3172 50.0000 29.5233 47.0354 55.2235
12776.0000 0.1084 78.7330 50.0000 28.9880 46.5590 56.4875
12777.0000 0.1063 78.3902 50.0000 29.0353 46.3955 56.1197
12778.0000 0.1078 78.7126 50.0000 29.2174 46.3028 56.5515
12779.0000 0.1075 78.4556 50.0000 28.8571 46.5606 56.1664
12780.0000 0.1045 78.4273 50.0000 29.3966 46.1546 56.1822
12781.0000 0.1049 78.5659 50.0000 29.3735 46.2900 56.2764
12782.0000 0.1034 78.5122 50.0000 29.5923 46.1264 56.2212
12783.0000 0.1028 78.1825 50.0000 29.8931 45.4203 56.1774
12784.0000 0.1045 78.2966 50.0000 30.1049 45.0536 56.5175
12785.0000 0.1040 77.9110 50.0000 30.3395 44.3913 56.3830
12786.0000 0.1080 77.7650 50.0000 30.3382 43.7980 56.6457
12787.0000 0.1030 77.6838 50.0000 30.5504 43.9973 56.2644
12788.0000 0.1081 78.2610 50.0000 30.0098 44.7162 56.7861
12789.0000 0.1171 78.5267 50.0000 29.6521 44.4464 57.5475
12790.0000 0.1028 78.3393 50.0000 30.4125 44.8948 56.5384
12791.0000 0.1062 78.2570 50.0000 30.8624 43.8585 56.9920
12792.0000 0.1082 78.2975 50.0000 30.4743 44.1567 57.0263
12793.0000 0.1098 78.0318 50.0000 30.6277 43.5302 57.0615
12794.0000 0.1066 77.3333 50.0000 30.4454 43.3656 56.3289
12795.0000 0.1145 77.7368 50.0000 30.9076 42.4316 57.3350
12796.0000 0.1150 77.8194 50.0000 31.4340 41.8690 57.5738
12797.0000 0.1179 77.9827 50.0000 31.9801 41.1613 58.0027
12798.0000 0.1154 78.0620 50.0000 31.7961 41.6716 57.8460
12799.0000 0.1146 77.8617 50.0000 31.6918 41.6653 57.6375
12800.0000 0.1067 77.4559 50.0000 31.6523 42.0560 56.8229
12801.0000 0.1017 77.0020 50.0000 31.1104 42.7277 55.9982
12802.0000 0.0909 76.6672 50.0000 31.7023 42.8125 55.1354
12803.0000 0.0943 76.7187 50.0000 31.5575 42.6760 55.3954
12804.0000 0.0920 76.6008 50.0000 31.9392 42.3369 55.2735
12805.0000 0.0936 76.6503 50.0000 31.3246 42.9733 55.2027
12806.0000 0.0893 76.7107 50.0000 31.7303 43.0032 55.0313
12807.0000 0.0836 76.6673 50.0000 31.5673 43.8579 54.3863
12808.0000 0.0877 77.0437 50.0000 31.5730 43.7614 54.9893
12809.0000 0.0916 76.8945 50.0000 31.1445 43.6976 55.0755
12810.0000 0.0892 77.4543 50.0000 31.9455 43.5522 55.5145
12811.0000 0.0856 77.2956 50.0000 32.1890 43.4927 55.1984
12812.0000 0.0884 77.6310 50.0000 31.8274 43.9988 55.4770
12813.0000 0.0984 77.6268 50.0000 31.4331 43.3492 56.2026
12814.0000 0.0979 77.8744 50.0000 31.4017 43.7048 56.2873
12815.0000 0.0970 77.2844 50.0000 31.0988 43.5560 55.7550
12816.0000 0.0957 76.8014 50.0000 31.4848 42.6979 55.5342
12817.0000 0.0941 77.4587 50.0000 31.9617 42.9888 55.9488
12818.0000 0.1026 77.8918 50.0000 31.8701 42.6549 56.8505
12819.0000 0.1017 78.2486 50.0000 31.7334 43.2730 56.9497
12820.0000 0.1029 78.5326 50.0000 32.1824 42.9160 57.3575
12821.0000 0.0976 78.3853 50.0000 32.6608 42.7507 57.0079
12822.0000 0.1037 78.8734 50.0000 32.3999 42.9328 57.6891
12823.0000 0.1026 78.8394 50.0000 32.0458 43.4200 57.4753
12824.0000 0.1096 78.7337 50.0000 31.0841 43.7262 57.6264
12825.0000 0.1077 78.3167 50.0000 31.1035 43.4721 57.2385
12826.0000 0.1130 78.1848 50.0000 31.0527 42.8603 57.5464
12827.0000 0.1038 78.0009 50.0000 31.2104 43.4321 56.7777
12828.0000 0.1035 77.8528 50.0000 31.4253 43.0524 56.7450
12829.0000 0.0948 77.2109 50.0000 31.9777 42.6262 55.8745
12830.0000 0.0905 77.0590 50.0000 31.7579 43.2136 55.3363
12831.0000 0.0856 77.0419 50.0000 32.0191 43.4310 54.9907
12832.0000 0.0867 77.4881 50.0000 31.9061 43.9376 55.2802
12833.0000 0.0867 77.1963 50.0000 31.5611 44.0734 54.9609
12834.0000 0.0833 76.7273 50.0000 31.7854 43.6705 54.4945
12835.0000 0.0823 76.7601 50.0000 31.9611 43.5922 54.5006
12836.0000 0.0773 76.2852 50.0000 32.5386 42.9132 54.0289
12837.0000 0.0852 76.6751 50.0000 32.2968 42.7195 54.8729
12838.0000 0.0783 76.7914 50.0000 32.7525 43.0766 54.4848
12839.0000 0.0815 76.7344 50.0000 32.6925 42.7174 54.7229
12840.0000 0.0737 76.7001 50.0000 32.8038 43.4795 54.0032
12841.0000 0.0686 76.6463 50.0000 32.7446 44.2022 53.3723
12842.0000 0.0722 77.0379 50.0000 32.7522 44.1410 53.9788
12843.0000 0.0676 76.7135 50.0000 32.6802 44.5227 53.2419
12844.0000 0.0666 76.6095 50.0000 32.8569 44.2768 53.1885
12845.0000 0.0756 76.9468 50.0000 31.8734 44.8419 53.7969
12846.0000 0.0688 76.2606 50.0000 31.8839 45.0260 52.6475
12847.0000 0.0693 75.7088 50.0000 31.8366 44.3226 52.4762
12848.0000 0.0645 75.6002 50.0000 31.8745 44.9315 51.7742
12849.0000 0.0633 75.6762 50.0000 32.0269 44.9882 51.7420
12850.0000 0.0648 75.5724 50.0000 31.8202 44.9325 51.7661
12851.0000 0.0681 75.6853 50.0000 31.7730 44.5953 52.2494
12852.0000 0.0662 75.4394 50.0000 31.4226 45.2161 51.5676
12853.0000 0.0733 75.5756 50.0000 31.3390 44.3282 52.5789
12854.0000 0.0727 75.6083 50.0000 31.6083 44.0359 52.7103
12855.0000 0.0701 76.1287 50.0000 31.7965 44.8000 52.7022
12856.0000 0.0687 76.2638 50.0000 31.7504 45.2772 52.5172
12857.0000 0.0738 76.2062 50.0000 31.5930 44.6332 53.0768
12858.0000 0.0722 75.7769 50.0000 31.8742 43.9139 52.8937
12859.0000 0.0747 75.5432 50.0000 31.7835 43.4207 53.0210
12860.0000 0.0677 75.6002 50.0000 32.1855 43.8924 52.4685
12861.0000 0.0687 75.3677 50.0000 32.0648 43.6445 52.4147
12862.0000 0.0711 75.4643 50.0000 31.9164 43.6373 52.6497
12863.0000 0.0726 75.7603 50.0000 32.1766 43.4032 53.1079
12864.0000 0.0725 75.7717 50.0000 31.9732 43.7170 52.9896
12865.0000 0.0685 75.6367 50.0000 31.9036 44.2563 52.3875
12866.0000 0.0670 75.7494 50.0000 32.1080 44.3060 52.3835
12867.0000 0.0759 76.0984 50.0000 31.6849 44.0625 53.3435
12868.0000 0.0726 76.2809 50.0000 32.3273 43.8082 53.4280
12869.0000 0.0745 76.3555 50.0000 32.3584 43.5911 53.6928
12870.0000 0.0648 75.7317 50.0000 32.6711 43.7637 52.4654
12871.0000 0.0688 75.8520 50.0000 32.6527 43.3603 52.9831
12872.0000 0.0679 76.0860 50.0000 33.1427 43.0664 53.2535
12873.0000 0.0660 75.9904 50.0000 33.6138 42.5795 53.2131
12874.0000 0.0612 75.5070 50.0000 33.7367 42.4818 52.5208
12875.0000 0.0602 75.5618 50.0000 33.4563 43.0746 52.2957
12876.0000 0.0611 75.5490 50.0000 33.4869 42.8946 52.4054
12877.0000 0.0584 75.5179 50.0000 33.8008 42.7987 52.2373
12878.0000 0.0562 75.3094 50.0000 33.3749 43.4893 51.6363
12879.0000 0.0537 75.3725 50.0000 34.0659 42.9265 51.7479
12880.0000 0.0574 75.4112 50.0000 33.6240 43.0630 51.9793
12881.0000 0.0595 75.5971 50.0000 33.4869 43.1709 52.2477
12882.0000 0.0566 75.8897 50.0000 33.9333 43.3136 52.2658
12883.0000 0.0516 75.7013 50.0000 33.9300 43.8863 51.5115
12884.0000 0.0541 75.6045 50.0000 33.7026 43.7015 51.6755
12885.0000 0.0578 75.7572 50.0000 34.0141 42.8689 52.3875
12886.0000 0.0570 75.7009 50.0000 34.3886 42.3985 52.4444
12887.0000 0.0572 75.9529 50.0000 34.1420 43.0015 52.4788
12888.0000 0.0644 75.9193 50.0000 33.7540 42.5126 53.0763
12889.0000 0.0595 76.0027 50.0000 33.9983 42.9450 52.6902
12890.0000 0.0576 76.1276 50.0000 33.9503 43.4311 52.5027
12891.0000 0.0619 76.2877 50.0000 33.8586 43.1425 53.0295
12892.0000 0.0681 76.7326 50.0000 33.8203 42.8819 53.9001
12893.0000 0.0722 76.5610 50.0000 33.0207 43.2224 53.8798
12894.0000 0.0680 76.0204 50.0000 33.3717 42.6741 53.3325
12895.0000 0.0730 76.1715 50.0000 33.5134 42.0541 53.9481
12896.0000 0.0719 75.7701 50.0000 33.5788 41.6589 53.6481
12897.0000 0.0805 76.2991 50.0000 33.0468 41.9143 54.5220
12898.0000 0.0765 76.2517 50.0000 32.6783 42.7916 53.9938
12899.0000 0.0746 76.2200 50.0000 32.7349 42.9114 53.8193
12900.0000 0.0712 76.0628 50.0000 33.0016 42.8133 53.5113
12901.0000 0.0779 75.8555 50.0000 32.8709 41.9434 53.9843
12902.0000 0.0664 75.3679 50.0000 33.1557 42.4248 52.7367
12903.0000 0.0703 75.3525 50.0000 33.2609 41.7845 53.1580
12904.0000 0.0661 75.7158 50.0000 33.6072 42.2613 53.0794
12905.0000 0.0689 75.6361 50.0000 32.9194 42.7240 53.0264
12906.0000 0.0681 75.9339 50.0000 32.7322 43.4414 52.9850
12907.0000 0.0660 75.8325 50.0000 32.0340 44.7057 52.2091
12908.0000 0.0639 75.6472 50.0000 32.2379 44.4743 52.0120
12909.0000 0.0669 76.0629 50.0000 32.5162 44.0858 52.7704
12910.0000 0.0714 76.0499 50.0000 32.0312 44.1261 53.0139
12911.0000 0.0728 76.1837 50.0000 32.0339 44.0846 53.2386
12912.0000 0.0707 75.9502 50.0000 32.4214 43.5456 53.1136
12913.0000 0.0695 75.9088 50.0000 32.7419 43.1995 53.1406
12914.0000 0.0686 76.1448 50.0000 32.7899 43.5382 53.1721
12915.0000 0.0649 76.2873 50.0000 33.2038 43.6313 53.0432
12916.0000 0.0773 76.5839 50.0000 32.8643 42.8278 54.3215
12917.0000 0.0707 76.3780 50.0000 32.6679 43.6953 53.4521
12918.0000 0.0686 76.1458 50.0000 32.4873 43.9731 53.0012
12919.0000 0.0648 75.8902 50.0000 32.5352 44.1605 52.4465
12920.0000 0.0691 76.2415 50.0000 32.4005 44.1423 53.0513
12921.0000 0.0649 75.8770 50.0000 32.3605 44.4078 52.3265
12922.0000 0.0707 75.7294 50.0000 32.2177 43.5726 52.8998
12923.0000 0.0715 75.6424 50.0000 32.3458 43.1792 53.0195
12924.0000 0.0765 75.8910 50.0000 32.2861 42.9060 53.6296
12925.0000 0.0716 75.4539 50.0000 32.6442 42.5333 53.0902
12926.0000 0.0726 75.7528 50.0000 32.1675 43.4025 53.1033
12927.0000 0.0733 75.7485 50.0000 32.1747 43.3028 53.1741
12928.0000 0.0683 75.5351 50.0000 32.1018 43.8595 52.4535
12929.0000 0.0649 75.2322 50.0000 31.8333 44.4438 51.6844
12930.0000 0.0679 75.4475 50.0000 31.9378 44.0628 52.2567
12931.0000 0.0680 75.2268 50.0000 32.0869 43.5479 52.2789
12932.0000 0.0679 75.3333 50.0000 32.2068 43.5116 52.3886
12933.0000 0.0768 75.7643 50.0000 31.9260 43.1999 53.4296
12934.0000 0.0764 75.4610 50.0000 31.6641 43.2657 53.1020
12935.0000 0.0809 75.5629 50.0000 31.9773 42.4067 53.7483
12936.0000 0.0773 75.0685 50.0000 31.8840 42.4037 53.1094
12937.0000 0.0747 75.5150 50.0000 31.6578 43.5673 52.9356
12938.0000 0.0804 75.7130 50.0000 31.5631 43.1850 53.5843
12939.0000 0.0813 76.0647 50.0000 31.4706 43.6033 53.7977
12940.0000 0.0817 76.0414 50.0000 31.7259 43.1795 53.9564
12941.0000 0.0790 75.7865 50.0000 31.4469 43.6105 53.4117
12942.0000 0.0771 75.7636 50.0000 31.8986 43.1993 53.4455
12943.0000 0.0842 75.6739 50.0000 31.1683 43.2029 53.7454
12944.0000 0.0903 76.1015 50.0000 31.1001 43.0406 54.5136
12945.0000 0.0873 76.1172 50.0000 31.4857 42.8993 54.4254
12946.0000 0.0897 75.8151 50.0000 31.3759 42.4398 54.4274
12947.0000 0.0919 75.7334 50.0000 30.7305 42.9278 54.2991
12948.0000 0.0813 75.3869 50.0000 30.8231 43.7219 53.1180
12949.0000 0.0793 75.2439 50.0000 31.0079 43.5663 52.9352
12950.0000 0.0765 75.0573 50.0000 31.5700 42.9225 52.8639
12951.0000 0.0727 74.8342 50.0000 31.6603 43.0378 52.3978
12952.0000 0.0757 74.8909 50.0000 31.4478 43.0001 52.6372
12953.0000 0.0809 74.8193 50.0000 31.0288 42.8346 52.9183
12954.0000 0.0834 74.9696 50.0000 30.5783 43.3165 53.0008
12955.0000 0.0796 74.6689 50.0000 30.3667 43.7852 52.3084
12956.0000 0.0752 74.3404 50.0000 30.5469 43.7610 51.7527
12957.0000 0.0670 74.0652 50.0000 31.1044 43.7971 50.9901
12958.0000 0.0610 73.7630 50.0000 31.4249 43.8851 50.2747
12959.0000 0.0629 73.8578 50.0000 31.2850 43.9198 50.4706
12960.0000 0.0575 73.7056 50.0000 31.8493 43.7031 50.0817
12961.0000 0.0604 74.1281 50.0000 31.2078 44.9801 49.9785
12962.0000 0.0635 73.9966 50.0000 30.8913 44.7629 50.1748
12963.0000 0.0628 74.1118 50.0000 30.9116 45.0454 50.0794
12964.0000 0.0603 73.9826 50.0000 31.4301 44.3219 50.2110
12965.0000 0.0606 74.0311 50.0000 31.3550 44.4795 50.1901
12966.0000 0.0673 74.3870 50.0000 31.2469 43.9275 51.2586
12967.0000 0.0613 74.5506 50.0000 31.7501 44.3302 50.8385
12968.0000 0.0632 74.3186 50.0000 31.4521 44.1867 50.8089
12969.0000 0.0632 74.2815 50.0000 31.5617 43.9490 50.8929
12970.0000 0.0657 74.6304 50.0000 31.5342 44.0230 51.3543
12971.0000 0.0745 75.2457 50.0000 31.4131 43.6398 52.6374
12972.0000 0.0691 74.9296 50.0000 31.6048 43.7491 51.9768
12973.0000 0.0649 74.9675 50.0000 31.9673 43.8773 51.7012
12974.0000 0.0664 74.9834 50.0000 32.4599 42.9261 52.2132
12975.0000 0.0687 74.9794 50.0000 32.6537 42.3499 52.5560
12976.0000 0.0712 75.3278 50.0000 32.2291 43.0133 52.7771
12977.0000 0.0636 74.8354 50.0000 33.0819 42.2652 52.1496
12978.0000 0.0660 75.0725 50.0000 32.7036 42.7437 52.3387
12979.0000 0.0645 75.0308 50.0000 32.6282 43.0066 52.1099
12980.0000 0.0755 75.3286 50.0000 32.2895 42.3794 53.2519
12981.0000 0.0770 75.6942 50.0000 32.1799 42.7527 53.5375
12982.0000 0.0873 76.2912 50.0000 31.9578 42.4919 54.7127
12983.0000 0.0793 75.9255 50.0000 32.3479 42.5152 53.9514
12984.0000 0.0889 76.2145 50.0000 31.8686 42.3493 54.7684
12985.0000 0.0745 75.4978 50.0000 32.3596 42.6086 53.2661
12986.0000 0.0705 75.7321 50.0000 32.5717 43.1018 53.0723
12987.0000 0.0701 75.5613 50.0000 32.9283 42.4687 53.1192
12988.0000 0.0710 75.4638 50.0000 32.9130 42.2666 53.1512
12989.0000 0.0707 75.4493 50.0000 32.9072 42.3010 53.1070
12990.0000 0.0693 75.3349 50.0000 32.8338 42.4449 52.8747
12991.0000 0.0717 75.6799 50.0000 32.8091 42.5702 53.2803
12992.0000 0.0777 75.7521 50.0000 32.4987 42.3261 53.7653
12993.0000 0.0745 75.7196 50.0000 32.4757 42.7029 53.4345
12994.0000 0.0724 75.9470 50.0000 32.3237 43.4429 53.2526
12995.0000 0.0706 75.5808 50.0000 32.2708 43.3269 52.8567
12996.0000 0.0759 75.6768 50.0000 32.2933 42.7283 53.4642
12997.0000 0.0837 76.2103 50.0000 32.5040 42.1309 54.5571
12998.0000 0.0822 76.3140 50.0000 32.6770 42.1969 54.5478
12999.0000 0.0890 76.4672 50.0000 32.1747 42.2242 55.0376
13000.0000 0.0842 76.3550 50.0000 32.7581 41.9230 54.7673
13001.0000 0.0873 76.3412 50.0000 33.0722 41.2026 55.1049
13002.0000 0.0825 76.2670 50.0000 33.5671 41.0484 54.8173
13003.0000 0.0893 76.2983 50.0000 33.3148 40.6830 55.2851
13004.0000 0.0789 75.8806 50.0000 33.6861 40.8768 54.3341
13005.0000 0.0792 76.1240 50.0000 33.4474 41.3887 54.4344
13006.0000 0.0780 76.0334 50.0000 33.4713 41.3962 54.2872
13007.0000 0.0749 75.9363 50.0000 33.7362 41.3117 54.0512
13008.0000 0.0853 76.4152 50.0000 33.0683 41.4959 54.9896
13009.0000 0.0728 76.1022 50.0000 33.5920 41.8985 53.9225
13010.0000 0.0657 75.7110 50.0000 34.3235 41.4005 53.2922
13011.0000 0.0695 75.9129 50.0000 33.3864 42.3485 53.4295
13012.0000 0.0642 75.9543 50.0000 33.8334 42.4762 53.1049
13013.0000 0.0662 75.8980 50.0000 33.8980 42.0740 53.3030
13014.0000 0.0719 75.9431 50.0000 33.4715 41.9868 53.7040
13015.0000 0.0695 75.8923 50.0000 33.4875 42.1915 53.4613
13016.0000 0.0687 75.7578 50.0000 33.5653 42.0421 53.3392
13017.0000 0.0639 75.3498 50.0000 33.4979 42.2611 52.6259
13018.0000 0.0765 76.4582 50.0000 32.8784 42.7664 54.1840
13019.0000 0.0753 76.0174 50.0000 32.9341 42.3469 53.8584
13020.0000 0.0832 76.3920 50.0000 33.0403 41.7267 54.7992
13021.0000 0.0789 76.3406 50.0000 32.8847 42.3373 54.3510
13022.0000 0.0765 76.1454 50.0000 32.8935 42.3944 54.0264
13023.0000 0.0749 75.8719 50.0000 32.8991 42.2792 53.7278
13024.0000 0.0741 75.9332 50.0000 32.5295 42.9215 53.5297
13025.0000 0.0702 75.8648 50.0000 32.9018 42.8417 53.2684
13026.0000 0.0724 76.0156 50.0000 32.5639 43.1896 53.4099
13027.0000 0.0746 76.1305 50.0000 32.4852 43.1464 53.6559
13028.0000 0.0768 76.4504 50.0000 32.4646 43.2519 54.0368
13029.0000 0.0824 76.7716 50.0000 32.6501 42.7025 54.8118
13030.0000 0.0790 76.9230 50.0000 32.6644 43.2521 54.5843
13031.0000 0.0779 76.9157 50.0000 32.8961 43.0815 54.5698
13032.0000 0.0881 77.3293 50.0000 32.2484 43.1611 55.4706
13033.0000 0.0798 76.9165 50.0000 33.2237 42.4488 54.8675
13034.0000 0.0823 76.7558 50.0000 32.7225 42.6058 54.8219
13035.0000 0.0842 76.5072 50.0000 32.6333 42.2398 54.8108
13036.0000 0.0839 76.5318 50.0000 32.6305 42.2985 54.8015
13037.0000 0.0839 76.5188 50.0000 32.6177 42.2977 54.7916
13038.0000 0.0902 76.5881 50.0000 32.3565 42.0096 55.2629
13039.0000 0.0882 76.3077 50.0000 32.5130 41.7375 54.9886
13040.0000 0.0855 76.1959 50.0000 32.6418 41.7529 54.7450
13041.0000 0.0834 76.0168 50.0000 32.8192 41.5751 54.5249
13042.0000 0.0870 76.4580 50.0000 33.1778 41.2318 55.1816
13043.0000 0.0830 76.8129 50.0000 32.8751 42.3962 54.9729
13044.0000 0.0885 76.8748 50.0000 32.9990 41.7206 55.4994
13045.0000 0.0890 76.8603 50.0000 33.1935 41.4273 55.5831
13046.0000 0.0851 76.4862 50.0000 33.8684 40.6671 55.2201
13047.0000 0.0885 76.6225 50.0000 33.6956 40.6626 55.5173
13048.0000 0.0956 76.9649 50.0000 33.3338 40.7248 56.1600
13049.0000 0.0964 76.5792 50.0000 33.2334 40.3716 55.9469
13050.0000 0.0919 76.7064 50.0000 33.5268 40.6052 55.7768
13051.0000 0.0848 76.4533 50.0000 33.5060 41.0781 55.0912
13052.0000 0.1019 76.8184 50.0000 33.0109 40.3426 56.4253
13053.0000 0.1074 77.0767 50.0000 32.5456 40.6101 56.8544
13054.0000 0.1033 76.7979 50.0000 32.3283 40.9475 56.3570
13055.0000 0.0992 76.6623 50.0000 31.9278 41.6673 55.8710
13056.0000 0.1061 76.9888 50.0000 31.7250 41.5614 56.5106
13057.0000 0.1068 76.8371 50.0000 31.4445 41.6547 56.3921
13058.0000 0.1015 76.7037 50.0000 31.8476 41.5750 56.0419
13059.0000 0.0998 76.5653 50.0000 32.4031 40.9590 55.9879
13060.0000 0.1021 76.9307 50.0000 32.5384 40.9564 56.4106
13061.0000 0.0998 76.7189 50.0000 33.3379 40.0766 56.2871
13062.0000 0.1023 76.7905 50.0000 32.6382 40.6935 56.3523
13063.0000 0.0901 76.4868 50.0000 32.8901 41.2841 55.3543
13064.0000 0.0917 76.2626 50.0000 33.1471 40.5946 55.4015
13065.0000 0.1028 76.4066 50.0000 32.7609 40.1204 56.1698
13066.0000 0.0988 76.2464 50.0000 33.3778 39.6588 55.9162
13067.0000 0.1013 76.5193 50.0000 33.8000 39.2399 56.3293
13068.0000 0.1036 76.6857 50.0000 33.2161 39.8350 56.4851
13069.0000 0.0968 76.6254 50.0000 33.3778 40.2205 56.0329
13070.0000 0.0867 76.6880 50.0000 33.4878 41.1445 55.3782
13071.0000 0.0885 76.9795 50.0000 33.2498 41.5400 55.6302
13072.0000 0.0948 77.1980 50.0000 33.0790 41.3271 56.1906
13073.0000 0.1025 77.4308 50.0000 32.5844 41.3705 56.7650
13074.0000 0.0882 76.3547 50.0000 32.9141 41.3139 55.1350
13075.0000 0.0851 76.4814 50.0000 33.4337 41.1580 55.1146
13076.0000 0.0925 76.5700 50.0000 32.9783 41.0296 55.6055
13077.0000 0.0962 76.2512 50.0000 32.6926 40.6638 55.6049
13078.0000 0.0962 76.4423 50.0000 33.1407 40.3495 55.8305
13079.0000 0.0996 76.6081 50.0000 33.2390 40.0969 56.1802
13080.0000 0.0930 76.4970 50.0000 34.1048 39.6532 55.8236
13081.0000 0.0971 76.7182 50.0000 33.8442 39.7752 56.1978
13082.0000 0.0974 76.4758 50.0000 33.8084 39.5390 56.0554
13083.0000 0.0885 75.8022 50.0000 34.4619 38.9828 55.1243
13084.0000 0.0829 75.8343 50.0000 34.6850 39.3080 54.7967
13085.0000 0.0881 75.9708 50.0000 33.9706 39.7267 55.1303
13086.0000 0.0854 76.0746 50.0000 33.9089 40.1683 54.9912
13087.0000 0.0805 76.4551 50.0000 34.1098 40.8251 54.9110
13088.0000 0.0939 77.5304 50.0000 33.3680 41.4235 56.4059
13089.0000 0.0942 77.6062 50.0000 33.4870 41.3393 56.5014
13090.0000 0.1017 77.8463 50.0000 33.2246 41.1516 57.1202
13091.0000 0.0922 77.6424 50.0000 33.5923 41.4577 56.4018
13092.0000 0.0881 77.2780 50.0000 33.5001 41.6014 55.8476
13093.0000 0.0903 77.2594 50.0000 33.3272 41.5566 55.9586
13094.0000 0.0868 76.9173 50.0000 33.8579 40.9500 55.6149
13095.0000 0.0874 77.0306 50.0000 34.2111 40.6038 55.8089
13096.0000 0.0777 76.7345 50.0000 34.5652 40.8873 54.9695
13097.0000 0.0768 76.5506 50.0000 34.4209 40.9546 54.7532
13098.0000 0.0762 76.9894 50.0000 34.7993 41.0443 55.0613
13099.0000 0.0863 77.2789 50.0000 34.7302 40.3932 55.9842
13100.0000 0.0936 77.5567 50.0000 34.8755 39.8222 56.6828
13101.0000 0.0965 77.5339 50.0000 34.4083 40.0295 56.7910
13102.0000 0.1007 77.6615 50.0000 34.9860 39.1578 57.2184
13103.0000 0.1146 77.9549 50.0000 34.9086 38.3266 58.2188
13104.0000 0.1004 77.8644 50.0000 35.3499 39.0032 57.3760
13105.0000 0.0973 78.0961 50.0000 35.5303 39.3142 57.3672
13106.0000 0.0954 77.9424 50.0000 35.3501 39.5271 57.1226
13107.0000 0.0969 78.0738 50.0000 35.4325 39.4352 57.3143
13108.0000 0.0840 77.7020 50.0000 35.5198 40.1800 56.2273
13109.0000 0.0886 77.2631 50.0000 35.0927 39.7589 56.1900
13110.0000 0.0818 76.9574 50.0000 34.7822 40.4526 55.4637
13111.0000 0.0883 76.9344 50.0000 34.5237 40.0728 55.8675
13112.0000 0.0786 76.5380 50.0000 34.9943 40.1021 55.0026
13113.0000 0.0755 76.8157 50.0000 35.5495 40.0920 55.0410
13114.0000 0.0657 76.2509 50.0000 35.8245 40.2276 53.9680
13115.0000 0.0753 76.2060 50.0000 35.5379 39.4979 54.6290
13116.0000 0.0776 76.0032 50.0000 35.0725 39.5712 54.5942
13117.0000 0.0728 75.5361 50.0000 34.6791 40.0157 53.8685
13118.0000 0.0662 75.3635 50.0000 35.0237 40.1373 53.3103
13119.0000 0.0726 75.1631 50.0000 34.6491 39.6780 53.6152
13120.0000 0.0696 75.4432 50.0000 35.0548 39.8245 53.6362
13121.0000 0.0759 75.7118 50.0000 34.6381 39.9208 54.2107
13122.0000 0.0676 75.1357 50.0000 35.2973 39.4418 53.3275
13123.0000 0.0640 75.0883 50.0000 35.7375 39.2875 53.0809
13124.0000 0.0585 74.6761 50.0000 36.1445 38.9902 52.4391
13125.0000 0.0606 74.4335 50.0000 36.0577 38.6069 52.4375
13126.0000 0.0683 74.8939 50.0000 36.0820 38.2688 53.3168
13127.0000 0.0643 74.8530 50.0000 36.5743 38.1111 53.0361
13128.0000 0.0626 74.6646 50.0000 36.4991 38.1790 52.7730
13129.0000 0.0654 74.7440 50.0000 36.1871 38.2940 53.0163
13130.0000 0.0649 74.8324 50.0000 36.1059 38.5308 53.0249
13131.0000 0.0740 75.1226 50.0000 36.0802 37.9483 53.8661
13132.0000 0.0711 75.3390 50.0000 35.9308 38.6050 53.8014
13133.0000 0.0667 75.2978 50.0000 35.5185 39.4564 53.3984
13134.0000 0.0687 75.3068 50.0000 35.8104 38.9458 53.5906
13135.0000 0.0727 75.1379 50.0000 35.7240 38.4624 53.7601
13136.0000 0.0754 75.4191 50.0000 35.5093 38.7200 54.1101
13137.0000 0.0702 75.1083 50.0000 36.0104 38.3786 53.5873
13138.0000 0.0736 74.9912 50.0000 35.6473 38.3102 53.7149
13139.0000 0.0766 75.4345 50.0000 35.3400 38.8016 54.1838
13140.0000 0.0752 75.1031 50.0000 35.0633 38.8942 53.8357
13141.0000 0.0705 75.2688 50.0000 36.0882 38.4270 53.7253
13142.0000 0.0758 75.0546 50.0000 35.6175 38.1958 53.9043
13143.0000 0.0792 75.3015 50.0000 36.0415 37.6828 54.3261
13144.0000 0.0741 75.1151 50.0000 36.3346 37.6646 53.8837
13145.0000 0.0807 75.4310 50.0000 36.2931 37.4131 54.5245
13146.0000 0.0938 75.7520 50.0000 35.9698 36.8921 55.5294
13147.0000 0.0854 75.5686 50.0000 35.9594 37.4572 54.9043
13148.0000 0.0824 75.6568 50.0000 36.0544 37.7219 54.7822
13149.0000 0.0871 75.6544 50.0000 35.6369 37.7275 55.0476
13150.0000 0.0883 75.8644 50.0000 36.0169 37.4319 55.2906
13151.0000 0.0834 75.9808 50.0000 36.3524 37.6482 55.0835
13152.0000 0.0922 76.1261 50.0000 36.5097 36.8399 55.7229
13153.0000 0.0921 76.1143 50.0000 35.9317 37.4226 55.6943
13154.0000 0.0886 76.0942 50.0000 36.0640 37.5858 55.4709
13155.0000 0.0973 77.1293 50.0000 36.4260 37.4503 56.7410
13156.0000 0.1021 77.4614 50.0000 36.7211 37.0634 57.2550
13157.0000 0.0972 77.3143 50.0000 36.5740 37.4921 56.8699
13158.0000 0.1001 77.2657 50.0000 36.3904 37.3814 56.9943
13159.0000 0.1084 77.1282 50.0000 35.4499 37.5009 57.3214
13160.0000 0.1061 77.1397 50.0000 35.4471 37.7113 57.2005
13161.0000 0.1052 76.9691 50.0000 35.3452 37.7239 57.0251
13162.0000 0.1093 77.1178 50.0000 36.1219 36.7344 57.3842
13163.0000 0.1049 76.5963 50.0000 35.5802 37.1517 56.7520
13164.0000 0.1126 77.1914 50.0000 35.7357 36.9204 57.6052
13165.0000 0.1127 77.2612 50.0000 35.5547 37.1677 57.6518
13166.0000 0.1171 77.8805 50.0000 34.6918 38.2711 58.2853
13167.0000 0.1285 78.1402 50.0000 34.6223 37.6587 59.0679
13168.0000 0.1279 77.8141 50.0000 34.1402 37.8946 58.7663
13169.0000 0.1334 77.9938 50.0000 33.9604 37.8059 59.1645
13170.0000 0.1297 78.2380 50.0000 34.6087 37.6720 59.1966
13171.0000 0.1250 77.9228 50.0000 35.3997 36.9443 58.7703
13172.0000 0.1181 77.9284 50.0000 35.8773 37.0262 58.4356
13173.0000 0.1218 78.4819 50.0000 35.9623 37.1605 59.0357
13174.0000 0.1106 77.8212 50.0000 36.0086 37.4082 57.9668
13175.0000 0.1147 77.8969 50.0000 35.6057 37.5509 58.2245
13176.0000 0.0992 77.3346 50.0000 35.4885 38.4447 56.9492
13177.0000 0.0937 77.5929 50.0000 35.6872 38.9839 56.8096
13178.0000 0.1010 78.1638 50.0000 35.5466 39.0369 57.6380
13179.0000 0.1081 77.9050 50.0000 35.2097 38.5149 57.8452
13180.0000 0.1093 77.8604 50.0000 34.9622 38.6293 57.8590
13181.0000 0.1088 77.9162 50.0000 35.1420 38.5354 57.8878
13182.0000 0.1052 78.5552 50.0000 35.7886 38.7971 58.1797
13183.0000 0.1059 78.6375 50.0000 35.4419 39.1752 58.2498
13184.0000 0.0979 78.3082 50.0000 35.8485 39.1425 57.5754
13185.0000 0.1008 78.3467 50.0000 35.3588 39.4311 57.7334
13186.0000 0.1134 79.0729 50.0000 35.4074 38.9767 58.9887
13187.0000 0.1165 78.7346 50.0000 34.9924 38.8206 58.8866
13188.0000 0.1164 78.5494 50.0000 34.8336 38.8172 58.7355
13189.0000 0.1023 78.3993 50.0000 35.1613 39.5496 57.8442
13190.0000 0.1060 78.9686 50.0000 35.4095 39.5196 58.4842
13191.0000 0.1049 78.5531 50.0000 36.0679 38.5280 58.1833
13192.0000 0.1027 78.6695 50.0000 36.2753 38.6194 58.1510
13193.0000 0.1089 78.5155 50.0000 35.7415 38.4886 58.3597
13194.0000 0.1127 78.5268 50.0000 35.2985 38.6324 58.5492
13195.0000 0.1067 78.6623 50.0000 35.3468 39.2274 58.3058
13196.0000 0.1082 78.9345 50.0000 34.8905 39.8340 58.5368
13197.0000 0.1181 78.7633 50.0000 34.4071 39.3171 58.9404
13198.0000 0.1199 78.7782 50.0000 34.0969 39.5093 59.0120
13199.0000 0.1215 78.6465 50.0000 34.3087 39.0237 59.0368
13200.0000 0.1283 79.1378 50.0000 33.5467 39.7156 59.6664
13201.0000 0.1294 78.6754 50.0000 33.2743 39.4674 59.3714
13202.0000 0.1255 78.5171 50.0000 32.5973 40.3544 58.9396
13203.0000 0.1188 77.6905 50.0000 32.4105 40.3386 57.9497
13204.0000 0.1186 77.9391 50.0000 32.7934 40.1817 58.1767
13205.0000 0.1141 77.6370 50.0000 32.7808 40.3012 57.6952
13206.0000 0.1112 77.7497 50.0000 32.7322 40.7193 57.5809
13207.0000 0.1216 78.0463 50.0000 31.8207 41.0704 58.2399
13208.0000 0.1312 77.9906 50.0000 32.3789 39.6075 58.8675
13209.0000 0.1237 77.8257 50.0000 32.6729 39.7728 58.3733
13210.0000 0.1228 77.6789 50.0000 32.7493 39.6204 58.2386
13211.0000 0.1206 77.8186 50.0000 33.2137 39.4526 58.2759
13212.0000 0.1283 77.8816 50.0000 33.0256 39.0741 58.7202
13213.0000 0.1186 77.3913 50.0000 33.2174 39.2075 57.8687
13214.0000 0.1121 77.4518 50.0000 33.3304 39.7093 57.5417
13215.0000 0.1147 77.9172 50.0000 33.0718 40.2104 57.9695
13216.0000 0.1022 77.7935 50.0000 33.6108 40.6267 57.1980
13217.0000 0.1041 77.5993 50.0000 33.2542 40.6479 57.1276
13218.0000 0.1020 77.6369 50.0000 33.7035 40.3885 57.0993
13219.0000 0.1067 77.4364 50.0000 33.6123 39.8648 57.2487
13220.0000 0.1011 77.0440 50.0000 33.4777 40.1303 56.6090
13221.0000 0.0916 76.3294 50.0000 33.2694 40.5392 55.4608
13222.0000 0.0760 75.5874 50.0000 33.5509 41.0307 53.8913
13223.0000 0.0829 75.8760 50.0000 33.3538 40.8439 54.5570
13224.0000 0.0796 75.5195 50.0000 33.6952 40.4140 54.1714
13225.0000 0.0736 75.0083 50.0000 33.5121 40.7180 53.3407
13226.0000 0.0832 75.5057 50.0000 32.5839 41.3352 54.1369
13227.0000 0.0881 75.5635 50.0000 32.6718 40.7822 54.5821
13228.0000 0.0964 76.0764 50.0000 32.5199 40.6589 55.4702
13229.0000 0.0968 76.4195 50.0000 32.9272 40.5148 55.8058
13230.0000 0.0966 76.1872 50.0000 32.8954 40.3326 55.6387
13231.0000 0.1016 76.4508 50.0000 33.1224 39.8810 56.1884
13232.0000 0.0912 75.7941 50.0000 32.7926 40.5706 54.9856
13233.0000 0.0904 75.8205 50.0000 33.4719 39.9024 55.1015
13234.0000 0.0811 75.3293 50.0000 33.6399 40.1292 54.1525
13235.0000 0.0847 75.0450 50.0000 33.2827 39.8724 54.1684
13236.0000 0.0914 75.6243 50.0000 32.8476 40.3149 54.9069
13237.0000 0.0928 75.6819 50.0000 33.0008 40.0672 55.0755
13238.0000 0.0876 75.6257 50.0000 33.2103 40.2757 54.7192
13239.0000 0.0967 76.0341 50.0000 32.7409 40.3412 55.5140
13240.0000 0.0901 76.1210 50.0000 33.6332 40.0661 55.2986
13241.0000 0.0953 75.8896 50.0000 33.9239 39.0295 55.5437
13242.0000 0.0859 75.7019 50.0000 33.9789 39.6538 54.8069
13243.0000 0.0902 76.1659 50.0000 34.6125 39.0308 55.4960
13244.0000 0.0815 75.8484 50.0000 34.9277 39.1895 54.7469
13245.0000 0.0788 75.5265 50.0000 34.7541 39.3163 54.3198
13246.0000 0.0907 76.0506 50.0000 34.1963 39.3150 55.3954
13247.0000 0.0756 75.6734 50.0000 34.7681 39.7657 54.1880
13248.0000 0.0724 75.5651 50.0000 35.1037 39.6060 53.9368
13249.0000 0.0797 75.5520 50.0000 34.8008 39.1963 54.4120
13250.0000 0.0773 75.5581 50.0000 34.8197 39.4250 54.2428
13251.0000 0.0822 76.0748 50.0000 35.0136 39.2585 54.9563
13252.0000 0.0871 76.1929 50.0000 35.3123 38.5972 55.3954
13253.0000 0.0912 76.2928 50.0000 34.9146 38.7399 55.6847
13254.0000 0.0872 76.2384 50.0000 35.0774 38.8778 55.4111
13255.0000 0.0841 76.1371 50.0000 35.9517 38.1472 55.2189
13256.0000 0.0905 76.2481 50.0000 35.3181 38.3374 55.6476
13257.0000 0.0890 76.1672 50.0000 35.5774 38.1224 55.5192
13258.0000 0.0890 76.1439 50.0000 35.3598 38.3281 55.4846
13259.0000 0.0806 76.1554 50.0000 35.9617 38.4856 55.0024
13260.0000 0.0812 76.3390 50.0000 35.9877 38.5852 55.1699
13261.0000 0.0828 76.5115 50.0000 36.3291 38.2459 55.4207
13262.0000 0.0756 76.0814 50.0000 36.4859 38.3382 54.6565
13263.0000 0.0639 76.1438 50.0000 36.1200 39.9808 53.8030
13264.0000 0.0715 76.3569 50.0000 36.3659 39.1430 54.5502
13265.0000 0.0681 76.4053 50.0000 36.5982 39.2941 54.3537
13266.0000 0.0646 76.3486 50.0000 36.2624 39.9651 54.0087
13267.0000 0.0609 76.2499 50.0000 36.1155 40.4265 53.6228
13268.0000 0.0599 76.2443 50.0000 36.2939 40.3298 53.5673
13269.0000 0.0593 76.2088 50.0000 36.4245 40.2197 53.5109
13270.0000 0.0700 76.2929 50.0000 36.1570 39.4530 54.3759
13271.0000 0.0636 76.3711 50.0000 36.7219 39.5901 54.0062
13272.0000 0.0620 76.1026 50.0000 36.7272 39.4784 53.7044
13273.0000 0.0686 76.5380 50.0000 36.2273 39.7708 54.4419
13274.0000 0.0611 76.3967 50.0000 36.7641 39.8420 53.8282
13275.0000 0.0723 76.7555 50.0000 35.6251 40.2768 54.7726
13276.0000 0.0732 76.9613 50.0000 36.1104 39.8608 55.0472
13277.0000 0.0738 76.7934 50.0000 35.7866 39.9816 54.9364
13278.0000 0.0812 76.7453 50.0000 34.9451 40.1124 55.3143
13279.0000 0.0723 76.2043 50.0000 34.9489 40.4602 54.3014
13280.0000 0.0678 75.8786 50.0000 35.1195 40.4047 53.7740
13281.0000 0.0696 75.6072 50.0000 35.5413 39.4605 53.8157
13282.0000 0.0603 75.4009 50.0000 36.4574 39.2231 53.0820
13283.0000 0.0703 75.6382 50.0000 36.0999 38.8132 53.9581
13284.0000 0.0650 75.4529 50.0000 36.2417 39.0128 53.4573
13285.0000 0.0689 75.6170 50.0000 36.1411 38.8918 53.8441
13286.0000 0.0700 75.8707 50.0000 36.3980 38.7663 54.1177
13287.0000 0.0708 75.8965 50.0000 36.6166 38.4815 54.2096
13288.0000 0.0752 76.1612 50.0000 36.4522 38.4871 54.6856
13289.0000 0.0611 75.9549 50.0000 36.4542 39.7123 53.5086
13290.0000 0.0550 75.7596 50.0000 36.4822 40.1664 52.8698
13291.0000 0.0584 75.8388 50.0000 36.2657 40.0958 53.1850
13292.0000 0.0538 75.8452 50.0000 36.6150 40.2459 52.8403
13293.0000 0.0542 75.8112 50.0000 36.2800 40.5448 52.7941
13294.0000 0.0524 75.5819 50.0000 36.6584 40.0757 52.5615
13295.0000 0.0519 75.4234 50.0000 36.2827 40.3914 52.3526
13296.0000 0.0633 75.6596 50.0000 36.6118 39.0066 53.5016
13297.0000 0.0621 75.7161 50.0000 36.7758 39.0188 53.4603
13298.0000 0.0543 75.6741 50.0000 37.1656 39.4022 52.8466
13299.0000 0.0499 75.7083 50.0000 37.5136 39.5630 52.5285
13300.0000 0.0502 75.5268 50.0000 36.9727 39.9287 52.3738
13301.0000 0.0561 75.6971 50.0000 36.4016 40.0530 52.9218
13302.0000 0.0631 76.0512 50.0000 36.5187 39.5367 53.7310
13303.0000 0.0700 76.3423 50.0000 36.2841 39.3689 54.4214
13304.0000 0.0552 75.8004 50.0000 36.9956 39.6095 52.9916
13305.0000 0.0580 76.0204 50.0000 36.8542 39.6826 53.3494
13306.0000 0.0572 76.0183 50.0000 37.0104 39.6038 53.2967
13307.0000 0.0543 75.8153 50.0000 36.6309 40.1314 52.8736
13308.0000 0.0515 75.7319 50.0000 36.5520 40.4611 52.5564
13309.0000 0.0578 76.0608 50.0000 36.9062 39.6976 53.3599
13310.0000 0.0640 76.6932 50.0000 37.0029 39.5762 54.2803
13311.0000 0.0624 76.6876 50.0000 37.9223 38.7795 54.2128
13312.0000 0.0578 75.8999 50.0000 37.7207 38.6702 53.3157
13313.0000 0.0551 76.0058 50.0000 37.5178 39.2841 53.1605
13314.0000 0.0541 75.8904 50.0000 37.2927 39.5158 52.9822
13315.0000 0.0561 76.3119 50.0000 37.8195 39.1714 53.4676
13316.0000 0.0634 76.8076 50.0000 37.3671 39.3723 54.3408
13317.0000 0.0629 76.7179 50.0000 37.0462 39.6707 54.2167
13318.0000 0.0645 76.7030 50.0000 37.0740 39.4645 54.3269
13319.0000 0.0708 76.9933 50.0000 36.5012 39.7186 54.9369
13320.0000 0.0704 76.8124 50.0000 37.0072 39.0363 54.8340
13321.0000 0.0736 76.3579 50.0000 36.8009 38.4850 54.7278
13322.0000 0.0851 77.0554 50.0000 36.8349 38.0535 55.9701
13323.0000 0.0823 77.0987 50.0000 36.9243 38.2619 55.8286
13324.0000 0.0814 76.9162 50.0000 36.1566 38.9640 55.5933
13325.0000 0.0868 76.9917 50.0000 35.6629 39.0458 55.9580
13326.0000 0.0831 77.0929 50.0000 35.7968 39.3578 55.7931
13327.0000 0.0934 77.0425 50.0000 36.2803 37.8562 56.4464
13328.0000 0.0940 76.7830 50.0000 35.9027 37.9427 56.2759
13329.0000 0.0826 76.6305 50.0000 36.1514 38.5664 55.4792
13330.0000 0.0881 77.1820 50.0000 36.3900 38.3578 56.2273
13331.0000 0.0926 77.0325 50.0000 36.4130 37.7888 56.3925
13332.0000 0.0892 77.1338 50.0000 36.4091 38.1928 56.2612
13333.0000 0.0902 77.3776 50.0000 36.1220 38.6414 56.4742
13334.0000 0.0872 77.8108 50.0000 36.1130 39.3530 56.5837
13335.0000 0.0950 78.0410 50.0000 36.1795 38.7924 57.2414
13336.0000 0.0918 77.8020 50.0000 36.1566 38.8727 56.8749
13337.0000 0.1056 78.3404 50.0000 35.5107 38.8386 58.0324
13338.0000 0.0936 77.3678 50.0000 35.8882 38.5602 56.6651
13339.0000 0.1014 77.8473 50.0000 36.0623 38.1624 57.4746
13340.0000 0.0995 77.7011 50.0000 36.0112 38.2367 57.2592
13341.0000 0.1074 78.0890 50.0000 35.8137 38.1342 57.9746
13342.0000 0.1117 78.2615 50.0000 36.1086 37.6311 58.3518
13343.0000 0.1038 77.7027 50.0000 36.1069 37.7714 57.5094
13344.0000 0.1063 78.0463 50.0000 35.9297 38.0649 57.8908
13345.0000 0.1062 78.4653 50.0000 36.1296 38.2700 58.1967
13346.0000 0.1032 78.4039 50.0000 36.4850 38.1059 57.9996
13347.0000 0.1009 78.3736 50.0000 36.3680 38.3981 57.8393
13348.0000 0.0944 77.8952 50.0000 35.9839 38.9071 57.0882
13349.0000 0.0875 77.8504 50.0000 36.0239 39.4596 56.6206
13350.0000 0.0706 77.7147 50.0000 36.9555 39.9886 55.4506
13351.0000 0.0762 77.6776 50.0000 36.6863 39.6711 55.8043
13352.0000 0.0757 77.6179 50.0000 36.9120 39.4232 55.7481
13353.0000 0.0782 77.5141 50.0000 36.3502 39.6686 55.7987
13354.0000 0.0748 77.4941 50.0000 36.8502 39.4590 55.5912
13355.0000 0.0806 78.0258 50.0000 36.4216 39.8729 56.3174
13356.0000 0.0821 78.1548 50.0000 36.3354 39.9452 56.5003
13357.0000 0.0755 77.9052 50.0000 36.5690 40.0979 55.8934
13358.0000 0.0759 78.2269 50.0000 36.6736 40.2806 56.1424
13359.0000 0.0867 78.1240 50.0000 36.8983 38.8913 56.8273
13360.0000 0.0837 78.3902 50.0000 36.8658 39.4668 56.8182
13361.0000 0.0906 78.4645 50.0000 36.2284 39.5611 57.2635
13362.0000 0.0901 78.5267 50.0000 36.5996 39.2800 57.3061
13363.0000 0.1051 78.9612 50.0000 35.4924 39.5033 58.4351
13364.0000 0.0818 78.2016 50.0000 35.4711 40.9658 56.3835
13365.0000 0.0835 78.8849 50.0000 35.7135 41.2225 56.9920
13366.0000 0.0857 79.2095 50.0000 36.3035 40.6948 57.4468
13367.0000 0.0841 79.2526 50.0000 35.8837 41.3486 57.3029
13368.0000 0.0899 79.4223 50.0000 35.8155 41.0210 57.8138
13369.0000 0.0849 79.5812 50.0000 35.5631 41.9688 57.5070
13370.0000 0.0920 79.8505 50.0000 35.5252 41.5658 58.1923
13371.0000 0.0934 80.0672 50.0000 35.1173 42.0918 58.3593
13372.0000 0.0923 79.7588 50.0000 35.4382 41.5403 58.1378
13373.0000 0.0875 78.8400 50.0000 35.9493 40.5284 57.2786
13374.0000 0.0766 78.4081 50.0000 35.7476 41.4099 56.1707
13375.0000 0.0763 78.4931 50.0000 35.5025 41.8113 56.1476
13376.0000 0.0702 78.4306 50.0000 36.0459 41.7880 55.7299
13377.0000 0.0662 78.4386 50.0000 36.4552 41.7752 55.4839
13378.0000 0.0589 78.1008 50.0000 36.1242 42.6691 54.5356
13379.0000 0.0652 78.3995 50.0000 36.0150 42.3667 55.2672
13380.0000 0.0662 78.3254 50.0000 35.8930 42.3063 55.2879
13381.0000 0.0583 77.6852 50.0000 36.2816 42.0915 54.2858
13382.0000 0.0572 77.4592 50.0000 36.3057 41.9516 54.0545
13383.0000 0.0567 77.7144 50.0000 36.1178 42.5256 54.0981
13384.0000 0.0564 77.9099 50.0000 36.2921 42.5657 54.2310
13385.0000 0.0574 77.9914 50.0000 36.6048 42.1504 54.4618
13386.0000 0.0543 77.6965 50.0000 36.8179 41.9617 54.0407
13387.0000 0.0458 77.1616 50.0000 36.9635 42.3023 52.8973
13388.0000 0.0533 76.8612 50.0000 36.4109 41.6536 53.3560
13389.0000 0.0489 77.1181 50.0000 36.7484 42.0969 53.1471
13390.0000 0.0529 77.3462 50.0000 36.7328 41.8563 53.6766
13391.0000 0.0533 77.5165 50.0000 36.9683 41.7075 53.8761
13392.0000 0.0498 77.3391 50.0000 36.6353 42.3641 53.3336
13393.0000 0.0441 77.3286 50.0000 37.0861 42.5779 52.8342
13394.0000 0.0424 77.7254 50.0000 37.3724 42.9259 52.9331
13395.0000 0.0420 77.5021 50.0000 37.0420 43.1530 52.6525
13396.0000 0.0432 77.2451 50.0000 37.0088 42.7108 52.6588
13397.0000 0.0463 77.5079 50.0000 36.4811 43.2442 52.9768
13398.0000 0.0396 76.7052 50.0000 36.6855 43.0540 51.8094
13399.0000 0.0330 76.6290 50.0000 37.2724 43.2494 51.1103
13400.0000 0.0359 76.8582 50.0000 37.8891 42.2320 51.8465
13401.0000 0.0339 76.7172 50.0000 37.8920 42.3779 51.5155
13402.0000 0.0286 77.0143 50.0000 38.4640 42.8765 51.1207
13403.0000 0.0228 76.9371 50.0000 39.0260 43.1275 50.3617
13404.0000 0.0267 77.0524 50.0000 38.8947 42.7118 50.9900
13405.0000 0.0256 76.4192 50.0000 38.1314 43.1592 50.2313
13406.0000 0.0268 76.2348 50.0000 37.8271 43.1276 50.2082
13407.0000 0.0273 76.0882 50.0000 37.6594 43.0837 50.1495
13408.0000 0.0272 76.0491 50.0000 37.7286 42.9461 50.1563
13409.0000 0.0220 75.8504 50.0000 38.3653 42.8301 49.4668
13410.0000 0.0243 76.3344 50.0000 38.6229 42.6345 50.1749
13411.0000 0.0290 76.3567 50.0000 38.2985 42.2448 50.7833
13412.0000 0.0300 76.3129 50.0000 38.5524 41.7168 50.9616
13413.0000 0.0309 76.4975 50.0000 38.1568 42.2657 51.0837
13414.0000 0.0270 76.1107 50.0000 38.4909 42.0472 50.4314
13415.0000 0.0258 76.2043 50.0000 38.8020 41.9726 50.3964
13416.0000 0.0248 76.3587 50.0000 38.6149 42.5723 50.2706
13417.0000 0.0286 76.3919 50.0000 38.9701 41.5358 50.9101
13418.0000 0.0259 76.5926 50.0000 38.8148 42.3978 50.6188
13419.0000 0.0267 76.4508 50.0000 38.8201 42.0863 50.6603
13420.0000 0.0295 76.6154 50.0000 38.5011 42.2080 51.0497
13421.0000 0.0218 75.8826 50.0000 38.7071 42.4371 49.5886
13422.0000 0.0286 76.3029 50.0000 38.1134 42.4892 50.6376
13423.0000 0.0276 76.0755 50.0000 38.3715 42.0418 50.4737
13424.0000 0.0258 76.0594 50.0000 38.2533 42.4990 50.1553
13425.0000 0.0246 75.8219 50.0000 38.0105 42.7756 49.7436
13426.0000 0.0232 76.1444 50.0000 38.5252 42.7444 49.8668
13427.0000 0.0241 76.1973 50.0000 38.4149 42.7831 49.9992
13428.0000 0.0204 76.1481 50.0000 38.5685 43.2781 49.3763
13429.0000 0.0176 75.9823 50.0000 38.9441 43.1564 48.9305
13430.0000 0.0195 75.8789 50.0000 38.4905 43.2415 49.0537
13431.0000 0.0210 76.0621 50.0000 38.2840 43.4517 49.3125
13432.0000 0.0267 76.2549 50.0000 37.9034 43.0554 50.2432
13433.0000 0.0278 76.2643 50.0000 37.8537 42.9358 50.3969
13434.0000 0.0271 75.9300 50.0000 38.2889 42.0728 50.2912
13435.0000 0.0325 76.0416 50.0000 37.9225 41.7696 50.9854
13436.0000 0.0350 76.3577 50.0000 37.5278 42.2418 51.3594
13437.0000 0.0412 76.6543 50.0000 36.9597 42.3834 52.0914
13438.0000 0.0361 75.8657 50.0000 37.1192 42.0093 51.1174
13439.0000 0.0359 75.9889 50.0000 36.9631 42.3972 51.0933
13440.0000 0.0368 76.0821 50.0000 37.2097 42.0538 51.3362
13441.0000 0.0312 76.2760 50.0000 37.6422 42.6179 50.8410
13442.0000 0.0307 76.4520 50.0000 37.8696 42.6176 50.9367
13443.0000 0.0356 76.6299 50.0000 38.2935 41.5346 51.7747
13444.0000 0.0399 76.5181 50.0000 38.1153 41.0182 52.1512
13445.0000 0.0422 76.6578 50.0000 37.8714 41.1457 52.4330
13446.0000 0.0417 76.3297 50.0000 37.4197 41.3705 52.1007
13447.0000 0.0383 76.4317 50.0000 37.4047 41.9906 51.7638
13448.0000 0.0407 76.3485 50.0000 37.1416 41.8721 51.9261
13449.0000 0.0379 76.0853 50.0000 37.2262 41.8708 51.4784
13450.0000 0.0441 76.3405 50.0000 37.4425 41.0300 52.3686
13451.0000 0.0359 75.7281 50.0000 37.6705 41.1983 51.1700
13452.0000 0.0378 75.6754 50.0000 37.1497 41.5049 51.2250
13453.0000 0.0359 76.0475 50.0000 37.9028 41.2842 51.4024
13454.0000 0.0405 76.1251 50.0000 37.9429 40.7039 51.9476
13455.0000 0.0387 76.4198 50.0000 38.1081 41.0795 51.9638
13456.0000 0.0350 76.3287 50.0000 38.2840 41.2980 51.5254
13457.0000 0.0430 76.7375 50.0000 37.9008 41.0911 52.5708
13458.0000 0.0436 77.1451 50.0000 37.6508 41.7529 52.8249
13459.0000 0.0447 77.0913 50.0000 37.7150 41.4685 52.9245
13460.0000 0.0452 77.3441 50.0000 38.1039 41.2412 53.1918
13461.0000 0.0511 77.6485 50.0000 37.5471 41.4617 53.8556
13462.0000 0.0570 77.6125 50.0000 37.5674 40.6919 54.3742
13463.0000 0.0440 77.3959 50.0000 38.4034 41.1117 53.1519
13464.0000 0.0476 77.3134 50.0000 37.6600 41.4058 53.3353
13465.0000 0.0492 77.3932 50.0000 37.5240 41.4475 53.5141
13466.0000 0.0470 77.3999 50.0000 37.1986 42.1153 53.2289
13467.0000 0.0437 77.4559 50.0000 37.6314 42.1142 53.0065
13468.0000 0.0388 77.3783 50.0000 37.8530 42.4459 52.4681
13469.0000 0.0352 77.2387 50.0000 37.8432 42.8538 51.9351
13470.0000 0.0386 77.2738 50.0000 37.7608 42.4770 52.3552
13471.0000 0.0426 77.1509 50.0000 37.2825 42.3493 52.6196
13472.0000 0.0409 77.0543 50.0000 37.2122 42.5679 52.3506
13473.0000 0.0416 77.2929 50.0000 37.0039 43.0175 52.4824
13474.0000 0.0424 77.0360 50.0000 36.9575 42.6457 52.4407
13475.0000 0.0387 76.8208 50.0000 36.9857 42.9263 51.8731
13476.0000 0.0364 76.7622 50.0000 37.2448 42.8768 51.6415
13477.0000 0.0369 77.0271 50.0000 37.1596 43.2385 51.7954
13478.0000 0.0349 76.9996 50.0000 37.6214 42.9080 51.6960
13479.0000 0.0424 77.8968 50.0000 37.2986 43.2249 52.9936
13480.0000 0.0446 77.7979 50.0000 36.9913 43.1728 53.1062
13481.0000 0.0509 77.6574 50.0000 36.1497 43.2009 53.4561
13482.0000 0.0508 77.7661 50.0000 36.5844 42.7824 53.6546
13483.0000 0.0565 77.8397 50.0000 36.2975 42.4666 54.2042
13484.0000 0.0572 77.8086 50.0000 35.9871 42.7275 54.1616
13485.0000 0.0601 78.0282 50.0000 35.4775 43.2371 54.4086
13486.0000 0.0634 77.7312 50.0000 35.5280 42.4346 54.5821
13487.0000 0.0556 77.4773 50.0000 35.8225 42.7748 53.7569
13488.0000 0.0527 77.1663 50.0000 36.3053 42.1919 53.4454
13489.0000 0.0590 77.1399 50.0000 35.8855 41.8849 53.9300
13490.0000 0.0574 77.6265 50.0000 36.6571 41.6888 54.2603
13491.0000 0.0475 77.1549 50.0000 37.0092 42.0046 53.0925
13492.0000 0.0481 77.4846 50.0000 37.4328 41.7859 53.4470
13493.0000 0.0539 77.1684 50.0000 36.3644 41.9652 53.5865
13494.0000 0.0445 77.4219 50.0000 37.2715 42.3940 52.9881
13495.0000 0.0400 77.0705 50.0000 37.6379 42.1793 52.3847
13496.0000 0.0486 78.0300 50.0000 37.6246 42.1092 53.8505
13497.0000 0.0502 77.5452 50.0000 37.2806 41.7644 53.6577
13498.0000 0.0553 78.0602 50.0000 37.0872 41.9260 54.4072
13499.0000 0.0506 77.4571 50.0000 37.0721 41.8690 53.5933
13500.0000 0.0480 77.4021 50.0000 37.0913 42.1138 53.3081
13501.0000 0.0503 77.0655 50.0000 36.6682 41.9538 53.2392
13502.0000 0.0570 76.9223 50.0000 36.9476 40.6513 53.8459
13503.0000 0.0550 77.0271 50.0000 36.7801 41.1891 53.7015
13504.0000 0.0563 77.1682 50.0000 36.7685 41.1995 53.9037
13505.0000 0.0534 77.0392 50.0000 36.6714 41.5290 53.5311
13506.0000 0.0503 77.1536 50.0000 36.7162 41.9930 53.3027
13507.0000 0.0506 76.7714 50.0000 37.3801 40.7575 53.2484
13508.0000 0.0522 76.9275 50.0000 37.1623 40.9776 53.4569
13509.0000 0.0532 76.9865 50.0000 37.1798 40.9011 53.5881
13510.0000 0.0567 77.0618 50.0000 36.5778 41.2600 53.8349
13511.0000 0.0467 76.2699 50.0000 36.8190 41.3515 52.4548
13512.0000 0.0462 75.5372 50.0000 36.1437 41.4044 51.8188
13513.0000 0.0518 76.3718 50.0000 35.8025 42.0363 52.7616
13514.0000 0.0419 76.0009 50.0000 35.7182 43.1656 51.3526
13515.0000 0.0448 76.4140 50.0000 35.6866 43.2516 51.9120
13516.0000 0.0394 76.1459 50.0000 35.9643 43.4245 51.1770
13517.0000 0.0426 76.3954 50.0000 35.3780 44.0684 51.4066
13518.0000 0.0438 76.2385 50.0000 35.4080 43.6099 51.5438
13519.0000 0.0396 76.7271 50.0000 35.6943 44.5791 51.2413
13520.0000 0.0455 76.9060 50.0000 35.1961 44.4963 51.9216
13521.0000 0.0502 77.0245 50.0000 35.0046 44.1310 52.5348
13522.0000 0.0507 76.9426 50.0000 35.0395 43.9000 52.5850
13523.0000 0.0497 76.6927 50.0000 34.8075 44.1077 52.1988
13524.0000 0.0478 76.5714 50.0000 35.5490 43.1665 52.3078
13525.0000 0.0544 77.0923 50.0000 35.7445 42.5881 53.4022
13526.0000 0.0530 77.0264 50.0000 35.9494 42.4357 53.2909
13527.0000 0.0489 76.8317 50.0000 36.7993 41.7100 53.0018
13528.0000 0.0507 76.8519 50.0000 36.1572 42.2810 53.0206
13529.0000 0.0520 76.9380 50.0000 36.5389 41.7436 53.3089
13530.0000 0.0521 76.8819 50.0000 36.6521 41.5305 53.3167
13531.0000 0.0562 76.9110 50.0000 36.2989 41.4821 53.6370
13532.0000 0.0490 76.4560 50.0000 36.4909 41.6463 52.7211
13533.0000 0.0486 76.2362 50.0000 36.0865 41.9584 52.4330
13534.0000 0.0540 76.2386 50.0000 36.1394 41.1973 53.0004
13535.0000 0.0501 76.5062 50.0000 35.9961 42.1753 52.7136
13536.0000 0.0499 76.5876 50.0000 36.4094 41.7832 52.8600
13537.0000 0.0551 77.0445 50.0000 36.7646 41.2097 53.7214
13538.0000 0.0529 77.0353 50.0000 36.1667 42.1926 53.3497
13539.0000 0.0530 76.7566 50.0000 35.9120 42.1782 53.1310
13540.0000 0.0462 76.0545 50.0000 35.9109 42.2984 52.0148
13541.0000 0.0496 76.3943 50.0000 35.8021 42.3584 52.5363
13542.0000 0.0504 76.2337 50.0000 35.4127 42.5687 52.3968
13543.0000 0.0520 76.2846 50.0000 35.0842 42.8485 52.4638
13544.0000 0.0573 76.3926 50.0000 35.2256 42.0715 53.1505
13545.0000 0.0525 76.3656 50.0000 35.0398 42.9337 52.5415
13546.0000 0.0554 76.6206 50.0000 35.7778 41.8805 53.2606
13547.0000 0.0426 76.0265 50.0000 36.1491 42.4830 51.6573
13548.0000 0.0466 75.7758 50.0000 35.8207 42.0332 51.8851
13549.0000 0.0487 76.0314 50.0000 35.8492 42.0038 52.2617
13550.0000 0.0475 76.0232 50.0000 35.5193 42.6038 51.9886
13551.0000 0.0472 75.8877 50.0000 35.7369 42.1872 51.9814
13552.0000 0.0466 75.5688 50.0000 35.5630 42.1337 51.6785
13553.0000 0.0373 75.5075 50.0000 35.8787 43.0920 50.5685
13554.0000 0.0400 75.4200 50.0000 35.8727 42.5400 50.9085
13555.0000 0.0349 75.1737 50.0000 36.1105 42.7516 50.1939
13556.0000 0.0429 75.1515 50.0000 35.9204 41.7065 51.1668
13557.0000 0.0418 74.8759 50.0000 35.8729 41.5982 50.8834
13558.0000 0.0376 75.2564 50.0000 36.5676 41.7786 50.8025
13559.0000 0.0323 75.3053 50.0000 36.9043 42.2396 50.2472
13560.0000 0.0359 75.3122 50.0000 36.8674 41.7127 50.7225
13561.0000 0.0397 75.3446 50.0000 36.6933 41.4126 51.1411
13562.0000 0.0369 75.4830 50.0000 36.9357 41.6772 50.9553
13563.0000 0.0415 75.7181 50.0000 37.2305 40.9327 51.6878
13564.0000 0.0395 75.8865 50.0000 37.3537 41.2544 51.5901
13565.0000 0.0400 76.1269 50.0000 37.5786 41.1885 51.8330
13566.0000 0.0402 76.3603 50.0000 37.8706 41.0836 52.0466
13567.0000 0.0437 76.4512 50.0000 37.3798 41.2782 52.3798
13568.0000 0.0458 76.7519 50.0000 37.3155 41.4121 52.7583
13569.0000 0.0440 76.5626 50.0000 37.5869 41.1267 52.5134
13570.0000 0.0369 76.5520 50.0000 37.8452 41.7839 51.7886
13571.0000 0.0410 76.9094 50.0000 37.5661 41.9469 52.3861
13572.0000 0.0383 76.9616 50.0000 37.7944 42.1203 52.1589
13573.0000 0.0426 76.5311 50.0000 37.2288 41.6949 52.2740
13574.0000 0.0443 76.5761 50.0000 37.4044 41.3152 52.5154
13575.0000 0.0446 76.5395 50.0000 38.0750 40.4690 52.6388
13576.0000 0.0475 76.2537 50.0000 38.4504 39.4228 52.7451
13577.0000 0.0530 76.7195 50.0000 37.7998 39.9567 53.4837
13578.0000 0.0478 76.6762 50.0000 37.9592 40.3534 53.0088
13579.0000 0.0474 76.8832 50.0000 38.4555 40.0924 53.1488
13580.0000 0.0619 77.2271 50.0000 37.6619 39.6552 54.5258
13581.0000 0.0613 77.0622 50.0000 37.9766 39.2183 54.3901
13582.0000 0.0593 76.8027 50.0000 37.2051 39.9860 53.9959
13583.0000 0.0494 76.5451 50.0000 37.7010 40.3073 53.0388
13584.0000 0.0565 76.6901 50.0000 36.9036 40.5150 53.6473
13585.0000 0.0545 76.4995 50.0000 37.0664 40.3515 53.3855
13586.0000 0.0549 76.5872 50.0000 36.3460 41.2200 53.3430
13587.0000 0.0637 76.7991 50.0000 36.4161 40.3623 54.2481
13588.0000 0.0599 76.5020 50.0000 36.1782 40.7335 53.7074
13589.0000 0.0551 76.6698 50.0000 36.3744 41.2613 53.4103
13590.0000 0.0564 76.9801 50.0000 36.2564 41.5830 53.6867
13591.0000 0.0529 76.5476 50.0000 37.1118 40.5402 53.2799
13592.0000 0.0450 76.2101 50.0000 37.6523 40.5357 52.4133
13593.0000 0.0466 76.1526 50.0000 37.1231 40.8680 52.4490
13594.0000 0.0418 76.0141 50.0000 38.1107 40.2297 52.0316
13595.0000 0.0437 75.9444 50.0000 38.3172 39.6912 52.1915
13596.0000 0.0537 75.9164 50.0000 37.3242 39.5533 52.9693
13597.0000 0.0600 76.3356 50.0000 36.6272 40.0511 53.6795
13598.0000 0.0681 76.9030 50.0000 36.0043 40.4515 54.6026
13599.0000 0.0645 76.7889 50.0000 36.3422 40.3481 54.2937
13600.0000 0.0665 77.2496 50.0000 36.3987 40.5545 54.7537
13601.0000 0.0553 76.8630 50.0000 37.0428 40.6809 53.6733
13602.0000 0.0596 76.5524 50.0000 36.9883 39.9200 53.8379
13603.0000 0.0539 76.3719 50.0000 37.2600 40.0753 53.2760
13604.0000 0.0544 76.1348 50.0000 37.4033 39.6190 53.1773
13605.0000 0.0597 76.2324 50.0000 37.4938 39.0416 53.6782
13606.0000 0.0523 75.9377 50.0000 37.5234 39.5146 52.8878
13607.0000 0.0483 75.9612 50.0000 37.5057 40.0273 52.5475
13608.0000 0.0533 76.3560 50.0000 37.7165 39.6354 53.2611
13609.0000 0.0445 75.9363 50.0000 37.8064 40.1288 52.2175
13610.0000 0.0391 75.5983 50.0000 37.4806 40.8375 51.4063
13611.0000 0.0384 75.6663 50.0000 37.7664 40.6713 51.4288
13612.0000 0.0313 75.1373 50.0000 38.1455 40.6482 50.3811
13613.0000 0.0267 75.0454 50.0000 38.2462 41.1511 49.7557
13614.0000 0.0265 75.1617 50.0000 38.5926 40.9057 49.8660
13615.0000 0.0367 75.5732 50.0000 38.0256 40.5028 51.2336
13616.0000 0.0425 75.7962 50.0000 36.7064 41.5214 51.7077
13617.0000 0.0430 76.0879 50.0000 36.4454 42.1118 51.8431
13618.0000 0.0395 75.7411 50.0000 36.8254 41.7339 51.3702
13619.0000 0.0376 75.7941 50.0000 37.1983 41.6003 51.2879
13620.0000 0.0387 75.6728 50.0000 37.0746 41.4619 51.3104
13621.0000 0.0405 75.7417 50.0000 37.1963 41.1299 51.5905
13622.0000 0.0460 75.5264 50.0000 37.1703 40.2129 52.0146
13623.0000 0.0461 75.4940 50.0000 37.1279 40.2146 51.9966
13624.0000 0.0436 75.5839 50.0000 36.7921 41.0189 51.7370
13625.0000 0.0396 75.2238 50.0000 37.1241 40.7563 51.1796
13626.0000 0.0430 75.3924 50.0000 36.7551 40.9304 51.5537
13627.0000 0.0467 75.7649 50.0000 36.9276 40.6551 52.1903
13628.0000 0.0417 75.6998 50.0000 37.2731 40.8357 51.7071
13629.0000 0.0409 75.8122 50.0000 37.9024 40.3523 51.7937
13630.0000 0.0384 75.5441 50.0000 37.8883 40.4067 51.3681
13631.0000 0.0352 75.4265 50.0000 38.2612 40.2953 51.0052
13632.0000 0.0389 75.4507 50.0000 37.4642 40.7168 51.2971
13633.0000 0.0360 75.4138 50.0000 37.5225 41.0035 50.9707
13634.0000 0.0317 75.2345 50.0000 37.4918 41.4838 50.3358
13635.0000 0.0307 75.1766 50.0000 37.6796 41.3480 50.2207
13636.0000 0.0296 75.2716 50.0000 37.6200 41.7016 50.1151
13637.0000 0.0286 74.8916 50.0000 37.0804 42.1320 49.5852
13638.0000 0.0273 75.0240 50.0000 36.5602 43.3737 49.0986
13639.0000 0.0299 74.8926 50.0000 36.4261 42.8519 49.4547
13640.0000 0.0326 75.2331 50.0000 36.5351 42.6288 50.0799
13641.0000 0.0267 75.0448 50.0000 36.7040 43.3088 49.0804
13642.0000 0.0276 75.1525 50.0000 36.8763 42.9640 49.4179
13643.0000 0.0275 74.9129 50.0000 36.8976 42.6378 49.3207
13644.0000 0.0258 74.9915 50.0000 36.8345 43.2019 48.9953
13645.0000 0.0341 75.1456 50.0000 36.3257 42.5516 50.1665
13646.0000 0.0435 75.4141 50.0000 35.4588 42.5474 51.1827
13647.0000 0.0325 74.7756 50.0000 36.2877 42.4172 49.7531
13648.0000 0.0410 75.1260 50.0000 36.0251 41.8208 50.9620
13649.0000 0.0356 75.1174 50.0000 36.0683 42.6126 50.2581
13650.0000 0.0351 75.2475 50.0000 36.6161 42.0890 50.4971
13651.0000 0.0329 74.7094 50.0000 36.3820 42.1274 49.8311
13652.0000 0.0312 74.4959 50.0000 35.8257 43.0274 49.1406
13653.0000 0.0323 74.8704 50.0000 35.7336 43.4543 49.4005
13654.0000 0.0326 74.7812 50.0000 35.4565 43.7624 49.1926
13655.0000 0.0317 74.7961 50.0000 36.0208 43.0091 49.4689
13656.0000 0.0268 74.7130 50.0000 36.4929 43.1577 48.8643
13657.0000 0.0348 75.0181 50.0000 36.2116 42.4323 50.1591
13658.0000 0.0374 75.2143 50.0000 36.4920 41.8612 50.7264
13659.0000 0.0369 75.2287 50.0000 36.7067 41.6784 50.7434
13660.0000 0.0390 75.1220 50.0000 36.5547 41.4241 50.9030
13661.0000 0.0324 75.0503 50.0000 36.8470 41.9998 50.1086
13662.0000 0.0337 74.6451 50.0000 36.4214 41.8494 49.9400
13663.0000 0.0372 75.1763 50.0000 36.3507 42.0254 50.6357
13664.0000 0.0320 74.8375 50.0000 36.5719 42.1697 49.8483
13665.0000 0.0366 74.9476 50.0000 36.4037 41.7842 50.4579
13666.0000 0.0344 74.9764 50.0000 36.4998 42.0348 50.2224
13667.0000 0.0370 75.4891 50.0000 36.1508 42.7227 50.6606
13668.0000 0.0370 75.3360 50.0000 36.2036 42.4553 50.6197
13669.0000 0.0427 75.6741 50.0000 35.7979 42.5202 51.3528
13670.0000 0.0340 75.3848 50.0000 36.2289 43.0141 50.2008
13671.0000 0.0402 75.4401 50.0000 36.2642 41.9944 51.1135
13672.0000 0.0345 75.4253 50.0000 36.6218 42.4132 50.4871
13673.0000 0.0372 75.6173 50.0000 36.2138 42.7602 50.7750
13674.0000 0.0308 75.3596 50.0000 36.4911 43.2063 49.8065
13675.0000 0.0294 75.3292 50.0000 36.6385 43.2112 49.6478
13676.0000 0.0315 75.3606 50.0000 36.6382 42.8292 50.0253
13677.0000 0.0340 75.5114 50.0000 36.9266 42.1862 50.5839
13678.0000 0.0362 75.3285 50.0000 36.7032 41.9002 50.7112
13679.0000 0.0415 75.5203 50.0000 36.9486 41.0429 51.5130
13680.0000 0.0406 75.4490 50.0000 36.5060 41.6345 51.2487
13681.0000 0.0386 75.5734 50.0000 36.7470 41.7694 51.1499
13682.0000 0.0417 75.3955 50.0000 36.3026 41.6674 51.2878
13683.0000 0.0393 75.5934 50.0000 36.7233 41.7220 51.2352
13684.0000 0.0424 76.0034 50.0000 36.6470 41.8481 51.7905
13685.0000 0.0478 75.8230 50.0000 36.7484 40.7966 52.2908
13686.0000 0.0418 75.7149 50.0000 36.5194 41.7533 51.5339
13687.0000 0.0350 75.8821 50.0000 37.0256 42.3334 50.9419
13688.0000 0.0332 75.9978 50.0000 37.4751 42.1655 50.9250
13689.0000 0.0337 75.8831 50.0000 37.1345 42.4090 50.8011
13690.0000 0.0403 76.4452 50.0000 36.9375 42.2987 51.8682
13691.0000 0.0413 76.3436 50.0000 36.7062 42.3270 51.8596
13692.0000 0.0464 76.8556 50.0000 36.3430 42.6495 52.6023
13693.0000 0.0464 76.8413 50.0000 36.4228 42.5246 52.6272
13694.0000 0.0427 76.9328 50.0000 36.7910 42.7002 52.3620
13695.0000 0.0465 76.8318 50.0000 36.3897 42.5432 52.6211
13696.0000 0.0452 76.8650 50.0000 36.1233 43.1373 52.3691
13697.0000 0.0448 77.0912 50.0000 36.9092 42.4344 52.7265
13698.0000 0.0325 76.6718 50.0000 37.4757 43.1161 51.1384
13699.0000 0.0359 76.8614 50.0000 37.0159 43.4050 51.5121
13700.0000 0.0409 76.6744 50.0000 36.6321 42.8822 51.9440
13701.0000 0.0424 76.5889 50.0000 36.0496 43.3476 51.8389
13702.0000 0.0498 76.5561 50.0000 35.4851 42.9383 52.5160
13703.0000 0.0545 76.8758 50.0000 35.0008 43.2991 53.0097
13704.0000 0.0506 76.6944 50.0000 35.7046 42.7003 52.7627
13705.0000 0.0464 76.5321 50.0000 36.4736 42.1081 52.4761
13706.0000 0.0483 76.6787 50.0000 36.6327 41.8259 52.8040
13707.0000 0.0546 76.7476 50.0000 36.6841 41.0440 53.4777
13708.0000 0.0517 77.0061 50.0000 36.7279 41.6267 53.3688
13709.0000 0.0549 77.3071 50.0000 36.5881 41.7247 53.8215
13710.0000 0.0574 77.3907 50.0000 36.8630 41.2040 54.1542
13711.0000 0.0575 77.0488 50.0000 36.2157 41.5721 53.8211
13712.0000 0.0648 77.2115 50.0000 36.1333 40.9965 54.5462
13713.0000 0.0615 77.2695 50.0000 36.4271 41.0943 54.3590
13714.0000 0.0661 77.4273 50.0000 36.2844 40.9070 54.8184
13715.0000 0.0657 76.9753 50.0000 36.0928 40.6941 54.4656
13716.0000 0.0636 76.8756 50.0000 35.9909 40.9381 54.2087
13717.0000 0.0725 77.2859 50.0000 34.9431 41.5880 54.9776
13718.0000 0.0740 77.4761 50.0000 35.1927 41.3424 55.2704
13719.0000 0.0693 77.1096 50.0000 34.8481 41.8800 54.5671
13720.0000 0.0701 77.5458 50.0000 35.1616 41.8803 54.9823
13721.0000 0.0695 77.3169 50.0000 35.3012 41.5396 54.8287
13722.0000 0.0734 77.3898 50.0000 34.9779 41.5600 55.1226
13723.0000 0.0761 77.8604 50.0000 35.2844 41.4127 55.6977
13724.0000 0.0651 77.4216 50.0000 35.6524 41.7419 54.5950
13725.0000 0.0593 77.1412 50.0000 35.4545 42.3740 53.8348
13726.0000 0.0597 77.4249 50.0000 35.5060 42.5702 54.0530
13727.0000 0.0596 77.0379 50.0000 35.7060 41.9088 53.8849
13728.0000 0.0636 77.3587 50.0000 35.8544 41.6086 54.4753
13729.0000 0.0578 77.2661 50.0000 36.4719 41.4725 54.0359
13730.0000 0.0605 77.5365 50.0000 36.8658 40.9906 54.5214
13731.0000 0.0543 77.2941 50.0000 37.0748 41.2205 53.8582
13732.0000 0.0527 76.8463 50.0000 36.4736 41.6381 53.3038
13733.0000 0.0496 76.8422 50.0000 36.6823 41.7696 53.0513
13734.0000 0.0418 76.7582 50.0000 37.0405 42.3101 52.2463
13735.0000 0.0425 76.5239 50.0000 37.0257 41.9521 52.2017
13736.0000 0.0443 76.6931 50.0000 36.6132 42.4157 52.3661
13737.0000 0.0481 76.9168 50.0000 36.5150 42.2685 52.8794
13738.0000 0.0520 76.8203 50.0000 36.3105 41.8955 53.1759
13739.0000 0.0581 76.9477 50.0000 36.1967 41.4095 53.8144
13740.0000 0.0527 76.9412 50.0000 35.7230 42.6778 53.1265
13741.0000 0.0475 76.3204 50.0000 35.9315 42.4027 52.3042
13742.0000 0.0436 76.0169 50.0000 35.8234 42.7710 51.6324
13743.0000 0.0494 76.7691 50.0000 35.7049 42.9586 52.6614
13744.0000 0.0517 76.5621 50.0000 35.3925 42.8060 52.6951
13745.0000 0.0462 76.1653 50.0000 35.7565 42.6352 52.0084
13746.0000 0.0409 76.2322 50.0000 36.0751 43.1155 51.4878
13747.0000 0.0392 76.1887 50.0000 36.1812 43.1809 51.2937
13748.0000 0.0363 75.9020 50.0000 36.1638 43.3543 50.7318
13749.0000 0.0360 75.8900 50.0000 36.1714 43.3824 50.6842
13750.0000 0.0344 75.8562 50.0000 36.3871 43.3185 50.5337
13751.0000 0.0359 76.0639 50.0000 36.4757 43.1808 50.8986
13752.0000 0.0411 76.1749 50.0000 35.9969 43.1130 51.4598
13753.0000 0.0421 75.8959 50.0000 35.6924 43.0483 51.3136
13754.0000 0.0429 75.4908 50.0000 35.7650 42.3207 51.2706
13755.0000 0.0384 75.3186 50.0000 36.0493 42.4294 50.7256
13756.0000 0.0437 75.5531 50.0000 35.5312 42.5928 51.2997
13757.0000 0.0426 75.7475 50.0000 35.8341 42.5819 51.3846
13758.0000 0.0341 75.6347 50.0000 35.9650 43.7549 50.1261
13759.0000 0.0334 75.8389 50.0000 36.0923 43.9700 50.1550
13760.0000 0.0370 76.0590 50.0000 35.8524 43.9259 50.6961
13761.0000 0.0431 76.1087 50.0000 35.2965 43.7404 51.3174
13762.0000 0.0418 75.9058 50.0000 35.0581 44.0918 50.8777
13763.0000 0.0400 75.9057 50.0000 35.0451 44.4868 50.5416
13764.0000 0.0388 75.5844 50.0000 35.0774 44.2159 50.2745
13765.0000 0.0347 75.3461 50.0000 35.5277 43.9788 49.8065
13766.0000 0.0377 75.3850 50.0000 35.3231 43.7438 50.2162
13767.0000 0.0372 74.9986 50.0000 34.7087 44.4312 49.4567
13768.0000 0.0394 75.1130 50.0000 34.4320 44.6407 49.6348
13769.0000 0.0435 75.1058 50.0000 34.0374 44.4534 50.0623
13770.0000 0.0351 75.0850 50.0000 34.8146 44.9248 49.0659
13771.0000 0.0338 74.7463 50.0000 35.0162 44.2934 48.9792
13772.0000 0.0443 75.3471 50.0000 34.3119 44.1206 50.5296
13773.0000 0.0409 75.2115 50.0000 34.2885 44.7221 49.8096
13774.0000 0.0402 75.0617 50.0000 34.2966 44.6266 49.6636
13775.0000 0.0426 75.4584 50.0000 34.1243 45.0112 50.0349
13776.0000 0.0410 75.5352 50.0000 34.5297 44.7009 50.1507
13777.0000 0.0428 75.8135 50.0000 34.9852 43.8866 50.9674
13778.0000 0.0448 75.8531 50.0000 35.0482 43.4885 51.3231
13779.0000 0.0376 75.7620 50.0000 35.1843 44.5426 50.1788
13780.0000 0.0402 75.7313 50.0000 35.2801 43.8017 50.7144
13781.0000 0.0366 75.7223 50.0000 35.2988 44.5049 50.0717
13782.0000 0.0358 75.5859 50.0000 35.3041 44.4911 49.8737
13783.0000 0.0374 75.6730 50.0000 35.4158 44.0524 50.3140
13784.0000 0.0414 76.1334 50.0000 35.4271 43.8612 51.1605
13785.0000 0.0422 76.1032 50.0000 35.5694 43.4694 51.3511
13786.0000 0.0474 76.0308 50.0000 35.4129 42.7665 51.9389
13787.0000 0.0403 75.3498 50.0000 35.0972 43.5707 50.4715
13788.0000 0.0389 75.1842 50.0000 35.8182 42.5086 50.6234
13789.0000 0.0410 75.1169 50.0000 35.6255 42.3481 50.7937
13790.0000 0.0440 75.2349 50.0000 35.4323 42.3001 51.1424
13791.0000 0.0477 75.5786 50.0000 35.0136 42.7298 51.5784
13792.0000 0.0508 75.4918 50.0000 35.1235 42.0268 51.9528
13793.0000 0.0478 75.9408 50.0000 35.0116 43.1655 51.7487
13794.0000 0.0453 75.8148 50.0000 35.1402 43.2170 51.4330
13795.0000 0.0440 75.5600 50.0000 35.1678 43.0748 51.1576
13796.0000 0.0483 75.8553 50.0000 34.6212 43.5571 51.5575
13797.0000 0.0445 75.6303 50.0000 35.0122 43.3085 51.1708
13798.0000 0.0487 76.0148 50.0000 34.5990 43.7269 51.6635
13799.0000 0.0465 76.0123 50.0000 34.4684 44.3257 51.2350
13800.0000 0.0429 76.1364 50.0000 35.2024 43.9459 51.2474
13801.0000 0.0407 75.5431 50.0000 35.0323 43.8546 50.5596
13802.0000 0.0437 75.4873 50.0000 34.3611 44.3379 50.5153
13803.0000 0.0502 75.8440 50.0000 34.2102 43.8583 51.5599
13804.0000 0.0526 75.8606 50.0000 34.0794 43.6799 51.8217
13805.0000 0.0489 75.6755 50.0000 34.3610 43.6217 51.4126
13806.0000 0.0466 75.8564 50.0000 34.6531 43.8055 51.3268
13807.0000 0.0504 75.8270 50.0000 34.4517 43.4312 51.7353
13808.0000 0.0490 75.6208 50.0000 34.5739 43.2092 51.5375
13809.0000 0.0417 75.6136 50.0000 34.8118 44.1301 50.5775
13810.0000 0.0386 75.4215 50.0000 35.2469 43.7440 50.3242
13811.0000 0.0409 75.5953 50.0000 34.9464 44.0324 50.5426
13812.0000 0.0402 75.5657 50.0000 34.9723 44.0827 50.4363
13813.0000 0.0443 75.7301 50.0000 35.2432 43.1324 51.3085
13814.0000 0.0495 76.2543 50.0000 35.2232 42.9851 52.2142
13815.0000 0.0526 76.4864 50.0000 34.8589 43.3115 52.5275
13816.0000 0.0483 76.1298 50.0000 35.0241 43.3019 51.9038
13817.0000 0.0434 76.1435 50.0000 35.4038 43.5615 51.4471
13818.0000 0.0446 76.4781 50.0000 35.4482 43.7095 51.7862
13819.0000 0.0454 76.5407 50.0000 35.4838 43.6128 51.9356
13820.0000 0.0426 76.2645 50.0000 35.9215 43.0818 51.6710
13821.0000 0.0425 76.5130 50.0000 36.1336 43.1118 51.8648
13822.0000 0.0396 76.4580 50.0000 36.2901 43.2913 51.5240
13823.0000 0.0400 76.8559 50.0000 35.8054 44.4790 51.4434
13824.0000 0.0341 76.4186 50.0000 36.3104 44.2414 50.6365
13825.0000 0.0395 76.7422 50.0000 35.8369 44.3748 51.3416
13826.0000 0.0357 76.7167 50.0000 35.7894 45.2554 50.5620
13827.0000 0.0387 76.5536 50.0000 35.6945 44.5114 51.0400
13828.0000 0.0330 76.2754 50.0000 36.5463 43.8974 50.5502
13829.0000 0.0288 76.6710 50.0000 37.4365 43.8822 50.5105
13830.0000 0.0325 76.7129 50.0000 37.1785 43.5906 51.0146
13831.0000 0.0339 76.7284 50.0000 37.1309 43.4117 51.2247
13832.0000 0.0357 76.6761 50.0000 37.1708 42.9907 51.4719
13833.0000 0.0339 76.8519 50.0000 37.3520 43.2577 51.3791
13834.0000 0.0331 77.0240 50.0000 37.2769 43.7298 51.2916
13835.0000 0.0321 76.6159 50.0000 36.8596 44.0408 50.7127
13836.0000 0.0296 76.4153 50.0000 37.0253 44.0198 50.3059
13837.0000 0.0272 75.8674 50.0000 36.6857 44.4002 49.3827
13838.0000 0.0227 75.4138 50.0000 37.0190 44.3208 48.5026
13839.0000 0.0183 75.2881 50.0000 37.8011 43.8988 48.0861
13840.0000 0.0140 75.0203 50.0000 38.3819 43.7686 47.3201
13841.0000 0.0124 75.0134 50.0000 38.7433 43.6041 47.1662
13842.0000 0.0135 75.2596 50.0000 38.3740 44.4051 47.1130
13843.0000 0.0154 75.4047 50.0000 38.2536 44.1531 47.6763
13844.0000 0.0192 75.7991 50.0000 38.3289 43.4614 48.8621
13845.0000 0.0188 75.6972 50.0000 38.4897 43.1645 48.8408
13846.0000 0.0227 76.0910 50.0000 38.1455 43.3199 49.5797
13847.0000 0.0279 76.1944 50.0000 37.7865 42.9194 50.3557
13848.0000 0.0271 76.3472 50.0000 37.5549 43.6175 50.1601
13849.0000 0.0281 76.5115 50.0000 37.6734 43.4482 50.4676
13850.0000 0.0309 76.5726 50.0000 37.5246 43.2144 50.8703
13851.0000 0.0237 76.2008 50.0000 38.2358 43.1210 49.8515
13852.0000 0.0223 76.5218 50.0000 38.1247 44.0323 49.6311
13853.0000 0.0195 76.5494 50.0000 38.6006 43.9822 49.3495
13854.0000 0.0267 76.9576 50.0000 37.7920 44.1464 50.4514
13855.0000 0.0234 76.8109 50.0000 37.9255 44.5075 49.8062
13856.0000 0.0215 76.7186 50.0000 37.8834 45.0042 49.2465
13857.0000 0.0186 76.3645 50.0000 38.3958 44.3463 48.8949
13858.0000 0.0145 75.8323 50.0000 38.7844 44.0949 47.9785
13859.0000 0.0176 76.3303 50.0000 38.7160 44.0075 48.8950
13860.0000 0.0155 76.0727 50.0000 39.2939 43.2651 48.6947
13861.0000 0.0164 76.1882 50.0000 39.6178 42.7471 49.0689
13862.0000 0.0205 76.0694 50.0000 38.8536 42.7384 49.5013
13863.0000 0.0194 76.0935 50.0000 39.3337 42.3570 49.4870
13864.0000 0.0203 76.4600 50.0000 39.0501 43.0038 49.7182
13865.0000 0.0177 76.2709 50.0000 39.5113 42.7039 49.3201
13866.0000 0.0206 75.9446 50.0000 39.2266 42.0918 49.5694
13867.0000 0.0217 76.1862 50.0000 39.0036 42.4399 49.8188
13868.0000 0.0181 76.2169 50.0000 39.8761 42.0990 49.4629
13869.0000 0.0190 76.8461 50.0000 39.7628 42.8093 49.9160
13870.0000 0.0214 76.7617 50.0000 39.5276 42.5348 50.2068
13871.0000 0.0220 76.5515 50.0000 38.8980 42.9783 49.9993
13872.0000 0.0193 76.7228 50.0000 38.9612 43.7142 49.5730
13873.0000 0.0191 76.5515 50.0000 39.1695 43.2150 49.5817
13874.0000 0.0188 76.5765 50.0000 39.3177 43.1212 49.5847
13875.0000 0.0189 76.8832 50.0000 38.8414 44.2276 49.4600
13876.0000 0.0257 76.8380 50.0000 38.1716 43.6121 50.4479
13877.0000 0.0251 76.6640 50.0000 38.6795 42.8015 50.4905
13878.0000 0.0254 76.6468 50.0000 38.5685 42.8719 50.4897
13879.0000 0.0263 76.5880 50.0000 38.6489 42.5440 50.6161
13880.0000 0.0287 76.8333 50.0000 38.7258 42.3196 51.1147
13881.0000 0.0245 76.3291 50.0000 39.3460 41.6838 50.4032
13882.0000 0.0206 76.1920 50.0000 38.9252 42.7854 49.5929
13883.0000 0.0219 76.6552 50.0000 39.0086 42.9899 50.0622
13884.0000 0.0253 77.4196 50.0000 38.7900 43.5578 50.9101
13885.0000 0.0236 77.2818 50.0000 39.2927 43.0457 50.7507
13886.0000 0.0184 76.9568 50.0000 39.4668 43.4886 49.7339
13887.0000 0.0195 76.7016 50.0000 39.1819 43.3140 49.7173
13888.0000 0.0198 76.8544 50.0000 39.5898 42.8865 49.9999
13889.0000 0.0258 76.8912 50.0000 39.0331 42.5005 50.8171
13890.0000 0.0219 76.9147 50.0000 39.4985 42.6607 50.3567
13891.0000 0.0225 77.1448 50.0000 39.2837 43.0984 50.5038
13892.0000 0.0245 76.6857 50.0000 39.2730 42.1871 50.5824
13893.0000 0.0269 76.9897 50.0000 38.9252 42.5654 50.9944
13894.0000 0.0274 77.2639 50.0000 39.5546 42.0284 51.3689
13895.0000 0.0272 77.1097 50.0000 39.4638 41.9890 51.2389
13896.0000 0.0254 77.5509 50.0000 39.3694 42.9420 51.1877
13897.0000 0.0302 77.6931 50.0000 39.1683 42.5305 51.8962
13898.0000 0.0273 77.7901 50.0000 39.5853 42.6136 51.6564
13899.0000 0.0267 77.4855 50.0000 38.3052 44.0664 50.9398
13900.0000 0.0278 77.4530 50.0000 38.4753 43.5615 51.1959
13901.0000 0.0228 77.1062 50.0000 38.6377 43.8959 50.2557
13902.0000 0.0245 76.5998 50.0000 38.3434 43.3007 50.2232
13903.0000 0.0198 76.7180 50.0000 39.1483 43.3219 49.7622
13904.0000 0.0206 76.9134 50.0000 39.1225 43.4273 49.9917
13905.0000 0.0175 76.8325 50.0000 39.9748 42.8291 49.7083
13906.0000 0.0200 77.0195 50.0000 39.4406 43.2408 50.0667
13907.0000 0.0223 76.7223 50.0000 39.1799 42.7604 50.2275
13908.0000 0.0256 76.5257 50.0000 38.3274 43.0145 50.3681
13909.0000 0.0258 76.5025 50.0000 38.1910 43.1476 50.3226
13910.0000 0.0289 76.5152 50.0000 37.6853 43.2774 50.6109
13911.0000 0.0255 75.9997 50.0000 37.2523 43.9858 49.5325
13912.0000 0.0269 76.0974 50.0000 37.1783 43.9363 49.7815
13913.0000 0.0261 75.9043 50.0000 37.5815 43.1993 49.8288
13914.0000 0.0292 75.8804 50.0000 37.0420 43.3614 50.0552
13915.0000 0.0290 76.1374 50.0000 37.4923 43.0528 50.3756
13916.0000 0.0270 75.9758 50.0000 37.4497 43.2966 49.9525
13917.0000 0.0298 76.1949 50.0000 37.2732 43.2889 50.4227
13918.0000 0.0270 75.9789 50.0000 37.5249 43.1976 49.9864
13919.0000 0.0253 76.0246 50.0000 37.6127 43.4896 49.7361
13920.0000 0.0220 75.8518 50.0000 37.8332 43.6653 49.1476
13921.0000 0.0211 75.6992 50.0000 38.0077 43.3636 49.0447
13922.0000 0.0227 76.1545 50.0000 38.1352 43.4176 49.5996
13923.0000 0.0254 76.3655 50.0000 38.1494 43.1035 50.1837
13924.0000 0.0226 76.3310 50.0000 38.6018 42.9984 49.8745
13925.0000 0.0220 76.2309 50.0000 38.6305 42.9410 49.7484
13926.0000 0.0253 75.9993 50.0000 38.2542 42.5130 50.0515
13927.0000 0.0233 76.2866 50.0000 38.3872 43.0905 49.8927
13928.0000 0.0173 75.7585 50.0000 39.0239 42.8129 48.8215
13929.0000 0.0230 76.0355 50.0000 38.1572 43.1724 49.6141
13930.0000 0.0203 75.7491 50.0000 38.8246 42.4172 49.3088
13931.0000 0.0173 75.4373 50.0000 39.1630 42.2093 48.7384
13932.0000 0.0199 75.3516 50.0000 39.0501 41.7364 49.1022
13933.0000 0.0173 75.5124 50.0000 39.3104 42.1227 48.8108
13934.0000 0.0201 75.8020 50.0000 39.1732 42.0688 49.4129
13935.0000 0.0276 75.7700 50.0000 38.5596 41.4561 50.3552
13936.0000 0.0272 75.7889 50.0000 38.8733 41.1768 50.3715
13937.0000 0.0209 75.8089 50.0000 39.4069 41.6399 49.6004
13938.0000 0.0269 76.2613 50.0000 39.8436 40.6873 50.7228
13939.0000 0.0274 76.1074 50.0000 39.4232 40.8861 50.6604
13940.0000 0.0231 76.2978 50.0000 40.0277 41.1282 50.2753
13941.0000 0.0257 76.4845 50.0000 39.7158 41.2485 50.7060
13942.0000 0.0264 76.0163 50.0000 39.1704 41.2299 50.4406
13943.0000 0.0273 76.3531 50.0000 39.5265 41.0567 50.8114
13944.0000 0.0316 76.5439 50.0000 39.3006 40.8716 51.4193
13945.0000 0.0320 76.3229 50.0000 39.0149 40.8967 51.2882
13946.0000 0.0336 76.0273 50.0000 38.2630 41.1857 51.1842
13947.0000 0.0342 75.9640 50.0000 38.1603 41.1375 51.2058
13948.0000 0.0337 75.9089 50.0000 38.0948 41.2319 51.0967
13949.0000 0.0302 76.0536 50.0000 38.2229 41.7863 50.7648
13950.0000 0.0314 76.3243 50.0000 37.8809 42.3270 50.9790
13951.0000 0.0321 76.5377 50.0000 37.6454 42.7914 51.0857
13952.0000 0.0350 76.4768 50.0000 37.6145 42.2833 51.4389
13953.0000 0.0349 76.6756 50.0000 37.8452 42.2343 51.6057
13954.0000 0.0405 76.9953 50.0000 37.2322 42.5248 52.2846
13955.0000 0.0402 77.0521 50.0000 37.6350 42.1331 52.3969
13956.0000 0.0538 77.2343 50.0000 36.5802 41.7965 53.6663
13957.0000 0.0526 77.3836 50.0000 36.3904 42.3474 53.5785
13958.0000 0.0514 77.6773 50.0000 36.4047 42.8252 53.6140
13959.0000 0.0508 78.0023 50.0000 36.7998 42.7743 53.8562
13960.0000 0.0526 77.9285 50.0000 36.1333 43.2994 53.7810
13961.0000 0.0586 78.1696 50.0000 35.9235 43.0327 54.4810
13962.0000 0.0666 78.6257 50.0000 35.9156 42.5569 55.5067
13963.0000 0.0613 78.4097 50.0000 36.1078 42.7271 54.9427
13964.0000 0.0525 78.3129 50.0000 36.6551 43.0822 54.1595
13965.0000 0.0546 78.4214 50.0000 36.2476 43.4397 54.3049
13966.0000 0.0620 79.0945 50.0000 35.7369 43.8675 55.2671
13967.0000 0.0566 78.8928 50.0000 36.0976 43.9057 54.7113
13968.0000 0.0483 78.2910 50.0000 36.6994 43.5867 53.6921
13969.0000 0.0483 78.4869 50.0000 36.5343 44.0395 53.7211
13970.0000 0.0455 78.9603 50.0000 37.6027 43.6071 54.0296
13971.0000 0.0493 78.9498 50.0000 37.3266 43.4017 54.3700
13972.0000 0.0526 79.0625 50.0000 37.5022 42.8758 54.8282
13973.0000 0.0431 79.0456 50.0000 37.7894 43.8224 53.8495
13974.0000 0.0467 79.1353 50.0000 37.7493 43.4572 54.3034
13975.0000 0.0457 78.9720 50.0000 37.8718 43.2586 54.1387
13976.0000 0.0461 79.2709 50.0000 37.9567 43.4348 54.3745
13977.0000 0.0447 79.1034 50.0000 37.9428 43.4589 54.1203
13978.0000 0.0416 78.9965 50.0000 37.8753 43.8807 53.6693
13979.0000 0.0361 78.3308 50.0000 38.5725 43.0710 52.8467
13980.0000 0.0453 78.4900 50.0000 37.6141 43.0821 53.7567
13981.0000 0.0383 78.6021 50.0000 37.8370 43.9947 53.0199
13982.0000 0.0432 78.5414 50.0000 37.0582 44.1827 53.3228
13983.0000 0.0407 78.5359 50.0000 37.5224 43.9550 53.1781
13984.0000 0.0479 78.8932 50.0000 37.0754 43.8626 54.0890
13985.0000 0.0506 78.8286 50.0000 36.7495 43.8223 54.2497
13986.0000 0.0546 79.1517 50.0000 36.2800 44.2477 54.6891
13987.0000 0.0538 79.1355 50.0000 35.9376 44.8124 54.4313
13988.0000 0.0564 79.3065 50.0000 36.2788 44.1662 54.9793
13989.0000 0.0525 78.9663 50.0000 36.3265 44.2663 54.3742
13990.0000 0.0500 79.1298 50.0000 36.5422 44.5367 54.2464
13991.0000 0.0429 78.6323 50.0000 36.8540 44.6381 53.2191
13992.0000 0.0523 79.3743 50.0000 37.2906 43.5167 54.9179
13993.0000 0.0494 79.1626 50.0000 37.0313 44.0136 54.3894
13994.0000 0.0473 79.3606 50.0000 37.3374 44.1544 54.3545
13995.0000 0.0451 79.3580 50.0000 37.0811 44.8486 53.9563
13996.0000 0.0407 79.0210 50.0000 37.3845 44.7264 53.3504
13997.0000 0.0421 78.7592 50.0000 36.9610 44.7779 53.2149
13998.0000 0.0460 79.0900 50.0000 37.3042 44.0772 54.0446
13999.0000 0.0494 79.0532 50.0000 37.2809 43.5676 54.4187
14000.0000 0.0454 78.8524 50.0000 37.3272 43.8491 53.8668
14001.0000 0.0398 78.8001 50.0000 38.0264 43.7423 53.3860
14002.0000 0.0392 78.3278 50.0000 37.8286 43.5261 53.0067
14003.0000 0.0364 78.7694 50.0000 38.7194 43.3459 53.1655
14004.0000 0.0373 78.6998 50.0000 38.7524 43.0881 53.2478
14005.0000 0.0406 78.8543 50.0000 38.3533 43.2686 53.6176
14006.0000 0.0388 78.6440 50.0000 38.5701 43.0223 53.3509
14007.0000 0.0317 78.7047 50.0000 39.4954 43.0636 52.7263
14008.0000 0.0324 78.4667 50.0000 39.4332 42.7517 52.6720
14009.0000 0.0360 78.8072 50.0000 39.6437 42.3472 53.3448
14010.0000 0.0389 79.4342 50.0000 39.5994 42.6815 54.0367
14011.0000 0.0291 78.7706 50.0000 40.0856 42.8577 52.5468
14012.0000 0.0283 78.7490 50.0000 39.5292 43.6498 52.2833
14013.0000 0.0288 78.5205 50.0000 39.5248 43.2953 52.2377
14014.0000 0.0268 78.3789 50.0000 39.4286 43.6004 51.8426
14015.0000 0.0269 78.4040 50.0000 39.8973 43.0240 52.0031
14016.0000 0.0267 78.1179 50.0000 39.4091 43.3345 51.6862
14017.0000 0.0263 77.9611 50.0000 39.8856 42.6351 51.6654
14018.0000 0.0202 77.7473 50.0000 39.9284 43.4651 50.6078
14019.0000 0.0281 77.9902 50.0000 39.3340 43.0235 51.8100
14020.0000 0.0301 78.3541 50.0000 38.9637 43.5790 52.1734
14021.0000 0.0323 78.5474 50.0000 39.3885 42.9186 52.6899
14022.0000 0.0270 78.3262 50.0000 39.9207 42.8831 51.9843
14023.0000 0.0265 78.1762 50.0000 39.7283 43.0350 51.7800
14024.0000 0.0267 77.4523 50.0000 39.0251 43.0218 51.2350
14025.0000 0.0252 77.5426 50.0000 38.8127 43.7081 50.9513
14026.0000 0.0242 77.2584 50.0000 38.9516 43.3452 50.7230
14027.0000 0.0252 77.5233 50.0000 38.7828 43.7292 50.9265
14028.0000 0.0293 77.6026 50.0000 38.6330 43.2509 51.5656
14029.0000 0.0268 77.8090 50.0000 39.0020 43.4707 51.4138
14030.0000 0.0257 77.7341 50.0000 39.2560 43.2426 51.2995
14031.0000 0.0236 77.7661 50.0000 39.7208 43.0714 51.1339
14032.0000 0.0259 78.2443 50.0000 39.6929 43.2555 51.7263
14033.0000 0.0296 78.5952 50.0000 39.3093 43.5091 52.3349
14034.0000 0.0336 78.6089 50.0000 39.2209 42.9873 52.8505
14035.0000 0.0348 78.3763 50.0000 38.6598 43.2160 52.7318
14036.0000 0.0275 77.7591 50.0000 38.9698 43.3146 51.4944
14037.0000 0.0265 77.6016 50.0000 38.9591 43.3315 51.2502
14038.0000 0.0237 77.6194 50.0000 39.0464 43.7800 50.8278
14039.0000 0.0225 77.4155 50.0000 38.5640 44.5174 50.2412
14040.0000 0.0182 77.3036 50.0000 39.8611 43.4141 50.0216
14041.0000 0.0223 77.3985 50.0000 39.2584 43.4830 50.5820
14042.0000 0.0267 77.7191 50.0000 38.5649 43.9760 51.1773
14043.0000 0.0253 77.7806 50.0000 39.6253 42.8980 51.3753
14044.0000 0.0234 77.9776 50.0000 39.3331 43.8813 51.0671
14045.0000 0.0221 78.1388 50.0000 39.8852 43.6059 51.1211
14046.0000 0.0242 78.2106 50.0000 39.5210 43.7560 51.3849
14047.0000 0.0238 78.3369 50.0000 39.2309 44.4098 51.2384
14048.0000 0.0212 77.8098 50.0000 38.8697 44.8877 50.2853
14049.0000 0.0232 77.4141 50.0000 38.5900 44.3055 50.4062
14050.0000 0.0197 77.6662 50.0000 38.7360 45.3467 49.7518
14051.0000 0.0219 77.4323 50.0000 38.6504 44.5358 50.1844
14052.0000 0.0242 77.6030 50.0000 38.6841 44.1690 50.7431
14053.0000 0.0236 77.3062 50.0000 38.2565 44.6048 50.2306
14054.0000 0.0200 77.1913 50.0000 38.6610 44.6793 49.6748
14055.0000 0.0244 77.0430 50.0000 38.0917 44.3190 50.2043
14056.0000 0.0232 77.6494 50.0000 38.2601 45.1846 50.2389
14057.0000 0.0197 77.3922 50.0000 38.6460 45.0974 49.6212
14058.0000 0.0167 77.1579 50.0000 38.9090 45.2003 48.9527
14059.0000 0.0138 76.9593 50.0000 39.5885 44.5655 48.6766
14060.0000 0.0131 77.1435 50.0000 40.1451 44.1034 48.9324
14061.0000 0.0094 76.9110 50.0000 40.5744 44.2737 48.0505
14062.0000 0.0100 76.6020 50.0000 40.2867 44.1103 47.9494
14063.0000 0.0096 76.2119 50.0000 39.8233 44.5648 47.2899
14064.0000 0.0114 76.4302 50.0000 39.8174 44.1782 48.0045
14065.0000 0.0199 77.3052 50.0000 38.7920 44.6308 49.7932
14066.0000 0.0222 77.3303 50.0000 38.4829 44.5942 50.1040
14067.0000 0.0238 77.3492 50.0000 38.2777 44.5734 50.3084
14068.0000 0.0190 77.3507 50.0000 38.5947 45.3701 49.3471
14069.0000 0.0170 77.0783 50.0000 38.6186 45.6062 48.6800
14070.0000 0.0187 77.2741 50.0000 38.2429 46.2285 48.7001
14071.0000 0.0209 77.2175 50.0000 37.7228 46.6345 48.6289
14072.0000 0.0234 77.0547 50.0000 37.3420 46.2010 49.0762
14073.0000 0.0206 77.2167 50.0000 37.7667 46.6870 48.5429
14074.0000 0.0216 77.3756 50.0000 37.5408 47.5465 48.1353
14075.0000 0.0236 77.3861 50.0000 37.2347 47.3267 48.6043
14076.0000 0.0217 77.2583 50.0000 37.5863 46.7656 48.6734
14077.0000 0.0201 77.5527 50.0000 37.9605 47.1736 48.4570
14078.0000 0.0202 77.3396 50.0000 37.8564 46.9479 48.4171
14079.0000 0.0177 77.0489 50.0000 38.2127 46.5069 48.0981
14080.0000 0.0199 76.9411 50.0000 37.7217 46.6090 48.2141
14081.0000 0.0147 76.8052 50.0000 38.6544 46.3620 47.4915
14082.0000 0.0179 77.1865 50.0000 38.3557 46.1648 48.5326
14083.0000 0.0187 77.4047 50.0000 38.1942 46.7692 48.4286
14084.0000 0.0203 77.7580 50.0000 37.9802 47.5606 48.3921
14085.0000 0.0216 77.9287 50.0000 37.8184 48.0171 48.3427
14086.0000 0.0198 77.7151 50.0000 38.0927 47.2683 48.5211
14087.0000 0.0169 77.6240 50.0000 38.5630 47.3273 47.9427
14088.0000 0.0186 77.4318 50.0000 38.3026 46.4789 48.6653
14089.0000 0.0182 77.3425 50.0000 38.2477 46.7182 48.3362
14090.0000 0.0207 77.9308 50.0000 38.3476 46.3091 49.5796
14091.0000 0.0200 78.0358 50.0000 38.3723 46.7666 49.2954
14092.0000 0.0206 78.2298 50.0000 38.3639 46.9362 49.4479
14093.0000 0.0229 78.7670 50.0000 38.3634 46.9210 50.3081
14094.0000 0.0251 78.9222 50.0000 38.1093 46.9954 50.6737
14095.0000 0.0222 78.7126 50.0000 38.2705 47.4000 49.8426
14096.0000 0.0248 78.1796 50.0000 37.5548 47.2592 49.6816
14097.0000 0.0236 77.7110 50.0000 37.5213 46.9296 49.2824
14098.0000 0.0272 78.1757 50.0000 37.1678 47.3016 49.9255
14099.0000 0.0270 78.3230 50.0000 37.3713 47.0731 50.2195
14100.0000 0.0283 78.7625 50.0000 37.8043 46.3349 51.2586
14101.0000 0.0301 78.5631 50.0000 37.4780 46.1831 51.3292
14102.0000 0.0258 78.2021 50.0000 38.0498 45.7207 50.7681
14103.0000 0.0277 78.5693 50.0000 38.2485 45.3982 51.4702
14104.0000 0.0261 79.0574 50.0000 39.0563 45.1331 51.8429
14105.0000 0.0301 78.8619 50.0000 38.5446 44.8107 52.2064
14106.0000 0.0323 79.2468 50.0000 38.3849 45.1092 52.6481
14107.0000 0.0301 79.4785 50.0000 39.0985 44.7955 52.7400
14108.0000 0.0291 79.6752 50.0000 39.2662 44.9920 52.7450
14109.0000 0.0297 79.3348 50.0000 38.8990 44.9727 52.5199
14110.0000 0.0310 79.7554 50.0000 38.7315 45.5077 52.8190
14111.0000 0.0370 80.1236 50.0000 38.4918 45.1756 53.8269
14112.0000 0.0335 79.6588 50.0000 38.9360 44.6030 53.2925
14113.0000 0.0275 79.6480 50.0000 39.1813 45.4185 52.4003
14114.0000 0.0272 79.6675 50.0000 39.3462 45.2592 52.4443
14115.0000 0.0344 79.6388 50.0000 38.5732 44.9317 53.2501
14116.0000 0.0353 79.3490 50.0000 37.8971 45.3759 52.9254
14117.0000 0.0374 79.4698 50.0000 37.9912 44.9971 53.3609
14118.0000 0.0360 79.7910 50.0000 37.8642 45.8738 53.1837
14119.0000 0.0362 79.9921 50.0000 37.7076 46.3549 53.1798
14120.0000 0.0357 80.2422 50.0000 37.9753 46.3631 53.3588
14121.0000 0.0336 79.5398 50.0000 37.9394 45.9206 52.7113
14122.0000 0.0332 79.1998 50.0000 38.4456 44.7805 52.8134
14123.0000 0.0343 78.7912 50.0000 38.3100 44.2667 52.7338
14124.0000 0.0331 78.2478 50.0000 37.7320 44.6296 52.0310
14125.0000 0.0325 78.6521 50.0000 37.6033 45.4995 51.9802
14126.0000 0.0279 78.4894 50.0000 37.8500 45.9489 51.1533
14127.0000 0.0206 77.6038 50.0000 38.6089 45.2211 49.8674
14128.0000 0.0184 77.1950 50.0000 38.6360 45.2276 49.2015
14129.0000 0.0183 77.3077 50.0000 38.6144 45.5212 49.1247
14130.0000 0.0206 77.8956 50.0000 38.2693 46.5259 49.3815
14131.0000 0.0198 78.0084 50.0000 38.6130 46.1754 49.6203
14132.0000 0.0164 77.8182 50.0000 39.0344 46.2104 48.9549
14133.0000 0.0157 77.8861 50.0000 39.0486 46.7918 48.4972
14134.0000 0.0171 77.7942 50.0000 38.6494 47.1693 48.3034
14135.0000 0.0169 77.7110 50.0000 38.6324 47.1550 48.1970
14136.0000 0.0224 77.6306 50.0000 37.5513 47.5678 48.5150
14137.0000 0.0235 77.5271 50.0000 37.3384 47.2941 48.7808
14138.0000 0.0279 77.5509 50.0000 36.5665 47.9495 48.7634
14139.0000 0.0256 77.4047 50.0000 36.8523 47.9707 48.2930
14140.0000 0.0212 77.2525 50.0000 37.6023 47.0980 48.3300
14141.0000 0.0232 76.8837 50.0000 37.2142 46.3776 48.7372
14142.0000 0.0241 77.1390 50.0000 37.6869 45.2633 49.8132
14143.0000 0.0213 77.0707 50.0000 38.1665 45.0336 49.5498
14144.0000 0.0299 77.4768 50.0000 37.1341 45.2566 50.7499
14145.0000 0.0285 77.4196 50.0000 36.9866 45.8634 50.2228
14146.0000 0.0284 77.2610 50.0000 37.1091 45.3994 50.3098
14147.0000 0.0310 77.1803 50.0000 36.5893 45.5869 50.3970
14148.0000 0.0390 77.4659 50.0000 36.0352 45.1268 51.6333
14149.0000 0.0413 77.6030 50.0000 35.9845 44.9424 52.0339
14150.0000 0.0466 77.8568 50.0000 35.3151 45.3708 52.4978
14151.0000 0.0423 77.7299 50.0000 35.9313 45.0009 52.2091
14152.0000 0.0421 77.7438 50.0000 36.0026 44.9383 52.2347
14153.0000 0.0434 78.0007 50.0000 36.0820 44.9107 52.5854
14154.0000 0.0491 78.2656 50.0000 35.6256 44.9521 53.2505
14155.0000 0.0505 77.8150 50.0000 35.3840 44.5148 53.1185
14156.0000 0.0515 77.5861 50.0000 34.6716 45.1564 52.7103
14157.0000 0.0546 77.9534 50.0000 35.0180 44.5597 53.5249
14158.0000 0.0534 77.4948 50.0000 34.7446 44.5954 53.0047
14159.0000 0.0492 77.0635 50.0000 34.9841 44.3815 52.3944
14160.0000 0.0533 77.0613 50.0000 34.4560 44.5043 52.6364
14161.0000 0.0537 77.1468 50.0000 34.4327 44.5866 52.7072
14162.0000 0.0460 76.5640 50.0000 34.7488 44.6926 51.5474
14163.0000 0.0473 76.7052 50.0000 34.5594 44.9555 51.6560
14164.0000 0.0485 77.4348 50.0000 34.7717 45.3509 52.2530
14165.0000 0.0522 77.6031 50.0000 34.7364 44.9500 52.8689
14166.0000 0.0533 77.5537 50.0000 34.2686 45.4622 52.6633
14167.0000 0.0506 77.1924 50.0000 34.9744 44.3256 52.6375
14168.0000 0.0566 77.6451 50.0000 34.7952 44.1984 53.5215
14169.0000 0.0581 77.6651 50.0000 35.1874 43.4721 53.8878
14170.0000 0.0581 77.5771 50.0000 35.0767 43.5106 53.8020
14171.0000 0.0541 77.4604 50.0000 35.1408 43.8706 53.2973
14172.0000 0.0609 77.7379 50.0000 34.8905 43.5706 54.1058
14173.0000 0.0605 77.7117 50.0000 34.8854 43.6053 54.0434
14174.0000 0.0536 77.3754 50.0000 35.3639 43.5343 53.3021
14175.0000 0.0548 77.1952 50.0000 35.5599 42.8939 53.4294
14176.0000 0.0578 77.5310 50.0000 35.1096 43.4551 53.7589
14177.0000 0.0600 77.2800 50.0000 34.7391 43.3590 53.7158
14178.0000 0.0649 77.8484 50.0000 34.1280 44.1778 54.2585
14179.0000 0.0685 78.2112 50.0000 34.1520 44.0845 54.8378
14180.0000 0.0644 77.9148 50.0000 34.0545 44.4369 54.1883
14181.0000 0.0703 78.1288 50.0000 33.7851 44.2448 54.8185
14182.0000 0.0715 77.6696 50.0000 33.5439 43.8810 54.6062
14183.0000 0.0727 77.8001 50.0000 33.5028 43.9253 54.7813
14184.0000 0.0712 78.1641 50.0000 33.5059 44.5426 54.7991
14185.0000 0.0665 78.0377 50.0000 33.3876 45.2480 54.1088
14186.0000 0.0641 77.7824 50.0000 33.6388 44.9245 53.8546
14187.0000 0.0758 78.1390 50.0000 33.2201 44.2875 55.1430
14188.0000 0.0787 78.7022 50.0000 32.9858 44.8651 55.6156
14189.0000 0.0776 79.0020 50.0000 33.3699 44.8326 55.8373
14190.0000 0.0769 78.7690 50.0000 33.5643 44.4090 55.7300
14191.0000 0.0732 79.0297 50.0000 33.7311 44.9592 55.5570
14192.0000 0.0809 79.2766 50.0000 33.3860 44.6970 56.3235
14193.0000 0.0746 78.8618 50.0000 33.5834 44.7826 55.5505
14194.0000 0.0673 78.8057 50.0000 33.9412 45.2395 54.8791
14195.0000 0.0723 78.8162 50.0000 33.6069 45.0137 55.2841
14196.0000 0.0753 79.1104 50.0000 34.0156 44.3985 55.9480
14197.0000 0.0806 79.2493 50.0000 33.5906 44.4445 56.3632
14198.0000 0.0752 78.8580 50.0000 33.7298 44.5039 55.6803
14199.0000 0.0750 79.1061 50.0000 33.7027 44.8546 55.7671
14200.0000 0.0652 78.3768 50.0000 34.2183 44.6393 54.5836
14201.0000 0.0657 78.4083 50.0000 34.2655 44.5427 54.6779
14202.0000 0.0728 78.5775 50.0000 33.7256 44.5078 55.2817
14203.0000 0.0763 78.8461 50.0000 33.5820 44.5420 55.7223
14204.0000 0.0819 79.0018 50.0000 33.3963 44.2580 56.2779
14205.0000 0.0805 78.7713 50.0000 33.3222 44.2715 55.9873
14206.0000 0.0799 78.4871 50.0000 33.1894 44.2036 55.7201
14207.0000 0.0764 78.2282 50.0000 33.2920 44.2231 55.2777
14208.0000 0.0660 77.7999 50.0000 33.9526 44.2127 54.2705
14209.0000 0.0715 78.2374 50.0000 33.1969 45.0200 54.7015
14210.0000 0.0757 78.0317 50.0000 32.9884 44.5027 54.9565
14211.0000 0.0721 77.9812 50.0000 33.4814 44.2492 54.7911
14212.0000 0.0692 78.0880 50.0000 33.3136 45.0119 54.4231
14213.0000 0.0681 77.8912 50.0000 33.7473 44.3199 54.4417
14214.0000 0.0724 78.2430 50.0000 33.5423 44.4277 54.9823
14215.0000 0.0685 77.8424 50.0000 33.3738 44.7335 54.2637
14216.0000 0.0655 77.9055 50.0000 33.7881 44.6484 54.1679
14217.0000 0.0623 77.4745 50.0000 33.8034 44.5853 53.5889
14218.0000 0.0584 77.0607 50.0000 33.8955 44.5283 52.9780
14219.0000 0.0567 76.7060 50.0000 33.9827 44.2241 52.6614
14220.0000 0.0622 76.9982 50.0000 33.9905 43.7527 53.4702
14221.0000 0.0624 76.9480 50.0000 33.8960 43.7886 53.4286
14222.0000 0.0645 77.4839 50.0000 34.4115 43.4246 54.1655
14223.0000 0.0619 77.3227 50.0000 34.4788 43.5005 53.8304
14224.0000 0.0542 77.2500 50.0000 34.5143 44.5002 52.8777
14225.0000 0.0541 77.4131 50.0000 34.4575 44.8262 52.8780
14226.0000 0.0593 77.6458 50.0000 34.0111 44.9451 53.4046
14227.0000 0.0585 77.6919 50.0000 34.1417 44.9400 53.3926
14228.0000 0.0590 77.5561 50.0000 34.1082 44.7344 53.3892
14229.0000 0.0585 77.3596 50.0000 34.2489 44.3652 53.3221
14230.0000 0.0546 77.1366 50.0000 34.8133 43.8566 53.0538
14231.0000 0.0549 77.2240 50.0000 34.8715 43.8437 53.1532
14232.0000 0.0532 76.7436 50.0000 34.3824 44.2294 52.4517
14233.0000 0.0488 76.2426 50.0000 34.5859 44.0253 51.7543
14234.0000 0.0519 76.3558 50.0000 34.1858 44.2715 51.9768
14235.0000 0.0486 76.5286 50.0000 34.2288 45.0388 51.5414
14236.0000 0.0442 76.4283 50.0000 34.5951 45.1515 51.0471
14237.0000 0.0404 76.6486 50.0000 34.8753 45.8444 50.5668
14238.0000 0.0442 76.8917 50.0000 34.7019 45.6122 51.2604
14239.0000 0.0457 77.0129 50.0000 34.4682 45.9302 51.3162
14240.0000 0.0468 77.2039 50.0000 34.3900 46.1097 51.4942
14241.0000 0.0436 76.9081 50.0000 34.8918 45.4086 51.3369
14242.0000 0.0481 76.9833 50.0000 34.7004 44.9308 51.9956
14243.0000 0.0465 76.6544 50.0000 34.9366 44.4145 51.7946
14244.0000 0.0512 76.8233 50.0000 34.2539 44.8883 52.0916
14245.0000 0.0566 77.4295 50.0000 34.0574 45.0565 52.9655
14246.0000 0.0571 77.5880 50.0000 33.9471 45.3482 53.0191
14247.0000 0.0612 77.9159 50.0000 33.5749 45.6682 53.4606
14248.0000 0.0600 77.4942 50.0000 33.4573 45.5290 53.0384
14249.0000 0.0608 77.2909 50.0000 33.2464 45.4743 52.9211
14250.0000 0.0596 76.8780 50.0000 33.3421 44.9891 52.6736
14251.0000 0.0580 76.4424 50.0000 33.1162 45.0639 52.1153
14252.0000 0.0528 76.4863 50.0000 33.5633 45.3426 51.6499
14253.0000 0.0523 76.6657 50.0000 34.0532 44.8204 52.0494
14254.0000 0.0520 76.2578 50.0000 33.8703 44.6460 51.7183
14255.0000 0.0462 76.3280 50.0000 34.5043 44.7538 51.3080
14256.0000 0.0433 76.2718 50.0000 34.3795 45.5497 50.6031
14257.0000 0.0460 76.6965 50.0000 34.4578 45.3956 51.3250
14258.0000 0.0496 76.7136 50.0000 34.4181 44.7704 51.9228
14259.0000 0.0497 77.1565 50.0000 34.3828 45.4033 52.0528
14260.0000 0.0554 77.2534 50.0000 34.0046 45.1182 52.6889
14261.0000 0.0461 77.0413 50.0000 34.7509 45.3293 51.7009
14262.0000 0.0472 77.2181 50.0000 34.7622 45.3290 51.9567
14263.0000 0.0526 77.4526 50.0000 34.4463 45.1443 52.6720
14264.0000 0.0487 77.6123 50.0000 34.8118 45.4868 52.3714
14265.0000 0.0477 77.1086 50.0000 34.5385 45.4734 51.8170
14266.0000 0.0484 77.5065 50.0000 34.7209 45.5512 52.2189
14267.0000 0.0555 77.3159 50.0000 33.9620 45.2441 52.7001
14268.0000 0.0601 77.2758 50.0000 33.7667 44.7321 53.2015
14269.0000 0.0513 77.0235 50.0000 34.5705 44.6133 52.4132
14270.0000 0.0527 77.3917 50.0000 34.4063 45.1233 52.6267
14271.0000 0.0544 77.4349 50.0000 34.4121 44.8709 52.9016
14272.0000 0.0559 77.5568 50.0000 34.5842 44.5096 53.2719
14273.0000 0.0594 77.5447 50.0000 34.2453 44.4555 53.5177
14274.0000 0.0594 77.4542 50.0000 33.8680 44.9144 53.2429
14275.0000 0.0624 77.6072 50.0000 34.2099 44.1305 53.8986
14276.0000 0.0636 77.4966 50.0000 33.6089 44.6944 53.6524
14277.0000 0.0601 77.2589 50.0000 33.8945 44.5137 53.2788
14278.0000 0.0592 77.3985 50.0000 34.3847 44.0992 53.5115
14279.0000 0.0639 77.6802 50.0000 33.8247 44.5608 53.8929
14280.0000 0.0551 77.1382 50.0000 34.1640 44.7533 52.7283
14281.0000 0.0609 76.9693 50.0000 34.1462 43.6812 53.3879
14282.0000 0.0590 76.8255 50.0000 34.0778 43.8891 53.0529
14283.0000 0.0663 77.2247 50.0000 33.5343 44.0816 53.8137
14284.0000 0.0713 77.7879 50.0000 33.3946 44.2497 54.5685
14285.0000 0.0665 77.4698 50.0000 33.3624 44.5962 53.8489
14286.0000 0.0607 78.1071 50.0000 34.5730 44.4716 54.1082
14287.0000 0.0661 77.9734 50.0000 34.4606 43.7186 54.5986
14288.0000 0.0653 77.9346 50.0000 34.7632 43.3794 54.6219
14289.0000 0.0653 78.4180 50.0000 34.8549 43.8080 54.9125
14290.0000 0.0691 78.3377 50.0000 34.1777 44.1068 54.9843
14291.0000 0.0685 78.2947 50.0000 34.3845 43.8699 54.9836
14292.0000 0.0577 78.1338 50.0000 34.8420 44.5689 53.8938
14293.0000 0.0670 78.2231 50.0000 34.0787 44.4042 54.6422
14294.0000 0.0671 78.2592 50.0000 34.5979 43.7260 54.9138
14295.0000 0.0718 78.5076 50.0000 34.2913 43.8031 55.3971
14296.0000 0.0717 78.5395 50.0000 34.0695 44.1462 55.3068
14297.0000 0.0762 78.5401 50.0000 33.7650 43.9796 55.6262
14298.0000 0.0784 78.5121 50.0000 33.5784 43.9072 55.7566
14299.0000 0.0781 78.8325 50.0000 33.8824 43.9170 56.0164
14300.0000 0.0777 79.2460 50.0000 33.9674 44.3134 56.2358
14301.0000 0.0849 79.5619 50.0000 33.5931 44.2630 56.9420
14302.0000 0.0762 79.3312 50.0000 33.7269 44.9090 56.0278
14303.0000 0.0808 79.4673 50.0000 33.1886 45.1912 56.3145
14304.0000 0.0835 79.6957 50.0000 32.7455 45.6980 56.4874
14305.0000 0.0800 79.2684 50.0000 33.1682 45.0979 56.1206
14306.0000 0.0783 79.4558 50.0000 33.1275 45.5942 56.0086
14307.0000 0.0793 79.4210 50.0000 32.7894 45.8906 55.9160
14308.0000 0.0801 79.3732 50.0000 32.9245 45.5435 56.0523
14309.0000 0.0863 79.1521 50.0000 32.8323 44.6133 56.5399
14310.0000 0.0810 78.9778 50.0000 32.5738 45.4473 55.7762
14311.0000 0.0791 78.8692 50.0000 32.4757 45.7303 55.4474
14312.0000 0.0764 78.7610 50.0000 32.4389 46.0601 55.0407
14313.0000 0.0719 78.4645 50.0000 32.8411 45.7761 54.6140
14314.0000 0.0760 79.1397 50.0000 32.4900 46.5091 55.1761
14315.0000 0.0724 79.0182 50.0000 32.6107 46.7438 54.7306
14316.0000 0.0756 79.0228 50.0000 32.3199 46.6981 54.9484
14317.0000 0.0747 79.2855 50.0000 32.3811 47.0777 54.9667
14318.0000 0.0717 79.1427 50.0000 32.5168 47.1965 54.5777
14319.0000 0.0777 79.4332 50.0000 32.1199 47.1828 55.2424
14320.0000 0.0706 79.1939 50.0000 32.5709 47.3814 54.4593
14321.0000 0.0759 79.5432 50.0000 32.3779 47.2073 55.2292
14322.0000 0.0790 79.8018 50.0000 32.2811 47.1726 55.6867
14323.0000 0.0891 80.1447 50.0000 31.5589 47.1402 56.6128
14324.0000 0.0917 80.0021 50.0000 31.7672 46.3035 56.9839
14325.0000 0.0903 79.8239 50.0000 31.6292 46.4876 56.6600
14326.0000 0.0896 79.6299 50.0000 31.0489 47.2223 56.0977
14327.0000 0.0866 79.4185 50.0000 30.9965 47.5381 55.5576
14328.0000 0.0864 79.3299 50.0000 31.2740 47.0059 55.7280
14329.0000 0.0876 79.5657 50.0000 31.0498 47.4719 55.7945
14330.0000 0.0915 79.7953 50.0000 30.6546 47.7575 56.0964
14331.0000 0.0979 79.7972 50.0000 29.9888 47.8179 56.4067
14332.0000 0.0918 79.5278 50.0000 30.7485 47.2352 56.1073
14333.0000 0.0913 79.4921 50.0000 30.7777 47.2185 56.0548
14334.0000 0.0925 79.5074 50.0000 31.2972 46.3002 56.5526
14335.0000 0.0881 78.7785 50.0000 31.3159 46.0437 55.7256
14336.0000 0.0959 79.3239 50.0000 31.1372 45.8635 56.7388
14337.0000 0.1023 79.3925 50.0000 30.4517 46.0570 57.0493
14338.0000 0.1015 79.4541 50.0000 30.8548 45.6758 57.2247
14339.0000 0.1031 79.6651 50.0000 30.9559 45.5872 57.5332
14340.0000 0.1019 80.0465 50.0000 31.2806 45.7118 57.7875
14341.0000 0.1004 79.6724 50.0000 31.4102 45.3297 57.5006
14342.0000 0.0979 79.8641 50.0000 31.8362 45.2803 57.5711
14343.0000 0.0833 79.2915 50.0000 32.4543 45.6608 56.1156
14344.0000 0.0778 78.7209 50.0000 32.7025 45.4147 55.3627
14345.0000 0.0899 78.8804 50.0000 32.1834 44.7179 56.4505
14346.0000 0.0856 78.8504 50.0000 32.1657 45.2532 55.9901
14347.0000 0.0946 79.1422 50.0000 31.6289 45.1600 56.7773
14348.0000 0.0926 79.1277 50.0000 31.8236 45.1423 56.6624
14349.0000 0.0906 78.9950 50.0000 31.9012 45.1357 56.4383
14350.0000 0.0949 79.2169 50.0000 31.5882 45.2685 56.8178
14351.0000 0.1052 79.8619 50.0000 31.9390 44.3333 58.2441
14352.0000 0.1033 79.5337 50.0000 31.5219 44.7100 57.7321
14353.0000 0.0919 79.0805 50.0000 31.7468 45.2791 56.5303
14354.0000 0.0893 78.7665 50.0000 31.3118 45.8649 55.8583
14355.0000 0.0856 78.7420 50.0000 31.3375 46.3193 55.4327
14356.0000 0.0930 79.2450 50.0000 31.0654 46.2551 56.3486
14357.0000 0.0858 79.2684 50.0000 31.3993 46.8256 55.7218
14358.0000 0.0780 78.9738 50.0000 32.0148 46.7237 55.0346
14359.0000 0.0715 78.6664 50.0000 32.5508 46.5484 54.4251
14360.0000 0.0712 78.5060 50.0000 32.5399 46.4117 54.3166
14361.0000 0.0766 78.6005 50.0000 32.2518 46.1229 54.8684
14362.0000 0.0764 78.8048 50.0000 32.4769 46.0528 55.0871
14363.0000 0.0871 79.3269 50.0000 32.3762 45.3145 56.4901
14364.0000 0.0815 79.0551 50.0000 32.4815 45.5942 55.8197
14365.0000 0.0748 78.7792 50.0000 32.6058 46.0588 54.9691
14366.0000 0.0691 78.6746 50.0000 32.9962 46.2333 54.4374
14367.0000 0.0762 79.0961 50.0000 32.9621 45.7120 55.4987
14368.0000 0.0747 79.0680 50.0000 32.5769 46.4866 55.0408
14369.0000 0.0683 78.8119 50.0000 33.0491 46.4579 54.4126
14370.0000 0.0678 78.7733 50.0000 33.2564 46.1552 54.4880
14371.0000 0.0651 78.2603 50.0000 33.4192 45.7019 54.0294
14372.0000 0.0712 78.8251 50.0000 33.0505 45.9909 54.8261
14373.0000 0.0708 78.8671 50.0000 33.4532 45.5031 55.0487
14374.0000 0.0702 78.7080 50.0000 33.9051 44.7661 55.1488
14375.0000 0.0659 78.6203 50.0000 34.0249 45.0974 54.6780
14376.0000 0.0606 78.3591 50.0000 34.7049 44.5978 54.2841
14377.0000 0.0673 78.3193 50.0000 33.9120 44.6970 54.6449
14378.0000 0.0649 78.3900 50.0000 33.4917 45.7883 54.0993
14379.0000 0.0660 78.4463 50.0000 33.2995 45.9718 54.1439
14380.0000 0.0690 78.2453 50.0000 33.1117 45.5314 54.3400
14381.0000 0.0675 77.8532 50.0000 33.2424 45.0890 54.0652
14382.0000 0.0648 77.7502 50.0000 33.4700 45.0273 53.8275
14383.0000 0.0734 77.8710 50.0000 32.5868 45.1993 54.3968
14384.0000 0.0735 77.6732 50.0000 32.4009 45.2337 54.1961
14385.0000 0.0739 77.7604 50.0000 32.7760 44.7202 54.5207
14386.0000 0.0728 77.9449 50.0000 32.7782 45.1039 54.4668
14387.0000 0.0756 78.0323 50.0000 33.0136 44.4709 54.9680
14388.0000 0.0751 78.0880 50.0000 33.0570 44.5427 54.9628
14389.0000 0.0818 78.2178 50.0000 32.5591 44.4999 55.4769
14390.0000 0.0805 77.9832 50.0000 32.6919 44.2246 55.2884
14391.0000 0.0872 78.0401 50.0000 32.3350 43.9260 55.8141
14392.0000 0.0775 77.6476 50.0000 32.5870 44.3673 54.7612
14393.0000 0.0684 77.0705 50.0000 33.0222 44.3368 53.6995
14394.0000 0.0651 76.9468 50.0000 32.9507 44.7835 53.1931
14395.0000 0.0582 76.7369 50.0000 33.6244 44.5876 52.6299
14396.0000 0.0593 77.0136 50.0000 33.6011 44.7877 52.8784
14397.0000 0.0656 77.3036 50.0000 33.5129 44.3003 53.7608
14398.0000 0.0597 77.3292 50.0000 33.2908 45.6401 52.8063
14399.0000 0.0615 77.6807 50.0000 33.0877 46.1378 53.0170
14400.0000 0.0640 77.3594 50.0000 33.0555 45.3144 53.2769
14401.0000 0.0616 77.2904 50.0000 33.4752 44.9606 53.2143
14402.0000 0.0614 77.4102 50.0000 33.2377 45.5326 53.0507
14403.0000 0.0561 77.0319 50.0000 33.7072 45.1991 52.4860
14404.0000 0.0543 76.7683 50.0000 33.4497 45.6453 51.8749
14405.0000 0.0543 77.1081 50.0000 33.8434 45.3930 52.3427
14406.0000 0.0562 77.4655 50.0000 33.5713 46.0043 52.5116
14407.0000 0.0573 77.6247 50.0000 33.4616 46.2133 52.6333
14408.0000 0.0617 77.3409 50.0000 33.3747 45.1710 53.1726
14409.0000 0.0737 77.6258 50.0000 32.9427 44.3559 54.5260
14410.0000 0.0743 77.6694 50.0000 33.0698 44.1596 54.6705
14411.0000 0.0708 77.1507 50.0000 33.6019 43.3045 54.2942
14412.0000 0.0720 77.3956 50.0000 33.5081 43.5458 54.5074
14413.0000 0.0653 77.1409 50.0000 33.9558 43.5428 53.8678
14414.0000 0.0690 77.3918 50.0000 33.8081 43.5412 54.3201
14415.0000 0.0705 77.2336 50.0000 33.6224 43.4134 54.3124
14416.0000 0.0699 77.1465 50.0000 33.4207 43.6555 54.1187
14417.0000 0.0691 77.3982 50.0000 33.5617 43.8663 54.2203
14418.0000 0.0703 77.0213 50.0000 33.1308 43.8604 53.9527
14419.0000 0.0745 77.2357 50.0000 33.0545 43.6515 54.4730
14420.0000 0.0686 77.0814 50.0000 33.6064 43.4990 54.0369
14421.0000 0.0680 77.0811 50.0000 33.8290 43.2824 54.0715
14422.0000 0.0685 77.4351 50.0000 34.1676 43.1813 54.4440
14423.0000 0.0698 77.6797 50.0000 34.4435 42.9357 54.8116
14424.0000 0.0737 77.9057 50.0000 34.2235 42.9949 55.2221
14425.0000 0.0771 77.7832 50.0000 33.5472 43.2980 55.2277
14426.0000 0.0706 77.5571 50.0000 33.8273 43.4879 54.5859
14427.0000 0.0739 77.3723 50.0000 33.4453 43.3687 54.6538
14428.0000 0.0676 77.0479 50.0000 34.0919 42.9546 54.1205
14429.0000 0.0699 77.2078 50.0000 34.0869 42.8543 54.4300
14430.0000 0.0729 77.4554 50.0000 33.6532 43.3091 54.6911
14431.0000 0.0701 77.0833 50.0000 33.8442 42.9998 54.2902
14432.0000 0.0575 76.7947 50.0000 34.0855 44.0592 52.8620
14433.0000 0.0625 77.0596 50.0000 34.0427 43.7065 53.5632
14434.0000 0.0656 77.1248 50.0000 33.9462 43.4956 53.8891
14435.0000 0.0687 77.1134 50.0000 33.8781 43.1632 54.1820
14436.0000 0.0712 77.0037 50.0000 34.0046 42.5735 54.4128
14437.0000 0.0801 77.3321 50.0000 32.9130 43.2518 55.0115
14438.0000 0.0802 77.3041 50.0000 32.8953 43.2322 54.9981
14439.0000 0.0743 77.1863 50.0000 33.1022 43.5519 54.4536
14440.0000 0.0726 77.2078 50.0000 33.7424 42.9609 54.5607
14441.0000 0.0661 77.1028 50.0000 34.4175 42.7797 54.1311
14442.0000 0.0762 77.2797 50.0000 33.9679 42.3381 55.0075
14443.0000 0.0723 76.9618 50.0000 34.3400 41.9799 54.6038
14444.0000 0.0765 76.9288 50.0000 34.1692 41.6781 54.8948
14445.0000 0.0770 77.0845 50.0000 33.6560 42.4076 54.8716
14446.0000 0.0634 76.8250 50.0000 34.3034 42.9586 53.6648
14447.0000 0.0647 76.8347 50.0000 34.0236 43.1689 53.6881
14448.0000 0.0573 76.2700 50.0000 34.7176 42.5779 52.9049
14449.0000 0.0522 76.1342 50.0000 34.4189 43.5794 52.0826
14450.0000 0.0568 76.7568 50.0000 34.2084 43.9425 52.8247
14451.0000 0.0620 76.6785 50.0000 34.0392 43.3385 53.3171
14452.0000 0.0559 76.5488 50.0000 34.6594 43.1797 52.8580
14453.0000 0.0618 76.4475 50.0000 34.4051 42.6002 53.3454
14454.0000 0.0605 76.4472 50.0000 34.4646 42.6944 53.2311
14455.0000 0.0525 76.0743 50.0000 34.8528 42.8405 52.3190
14456.0000 0.0611 76.2238 50.0000 34.1245 42.8084 53.0380
14457.0000 0.0514 75.7606 50.0000 34.5678 43.0316 51.8943
14458.0000 0.0539 75.9165 50.0000 34.5739 42.8307 52.2828
14459.0000 0.0518 75.9278 50.0000 34.3127 43.5451 51.8796
14460.0000 0.0581 75.9409 50.0000 34.1211 42.8962 52.5612
14461.0000 0.0628 75.9580 50.0000 34.0695 42.3526 53.0579
14462.0000 0.0628 76.0552 50.0000 34.0465 42.4986 53.0952
14463.0000 0.0635 76.2639 50.0000 34.0070 42.7005 53.2576
14464.0000 0.0567 76.1870 50.0000 34.1020 43.4102 52.5078
14465.0000 0.0638 76.4488 50.0000 33.2924 43.8598 53.0316
14466.0000 0.0722 76.8082 50.0000 33.1479 43.3326 54.0648
14467.0000 0.0703 76.5580 50.0000 33.5578 42.7562 53.9158
14468.0000 0.0717 76.6858 50.0000 33.9269 42.2582 54.2579
14469.0000 0.0582 76.0257 50.0000 34.6031 42.3303 52.8270
14470.0000 0.0614 76.2363 50.0000 34.3953 42.4228 53.1906
14471.0000 0.0654 76.5946 50.0000 34.5946 42.0760 53.8475
14472.0000 0.0727 76.9598 50.0000 34.1351 42.1834 54.5726
14473.0000 0.0670 77.1139 50.0000 34.3516 42.7632 54.2018
14474.0000 0.0695 77.0673 50.0000 33.8294 43.0709 54.2203
14475.0000 0.0683 76.8535 50.0000 33.4672 43.4707 53.8210
14476.0000 0.0642 76.8016 50.0000 33.5389 43.8761 53.3715
14477.0000 0.0558 76.5321 50.0000 34.3841 43.5682 52.6945
14478.0000 0.0572 76.3943 50.0000 34.4754 43.0653 52.8481
14479.0000 0.0572 76.0146 50.0000 35.0351 41.8897 52.8773
14480.0000 0.0623 76.3729 50.0000 34.4117 42.4459 53.3572
14481.0000 0.0629 76.7085 50.0000 34.6730 42.4110 53.6963
14482.0000 0.0698 77.1377 50.0000 34.7743 41.9401 54.6077
14483.0000 0.0658 76.8204 50.0000 34.8075 42.0217 54.0739
14484.0000 0.0635 76.7613 50.0000 35.1036 41.8714 53.9151
14485.0000 0.0670 76.9677 50.0000 35.6944 40.9921 54.4940
14486.0000 0.0711 77.2497 50.0000 35.9103 40.6021 55.0403
14487.0000 0.0674 76.9410 50.0000 35.7111 40.8972 54.5166
14488.0000 0.0625 76.6464 50.0000 35.7606 41.0736 53.9333
14489.0000 0.0553 76.4195 50.0000 35.9065 41.5189 53.1682
14490.0000 0.0480 75.9897 50.0000 35.7256 42.2129 52.1171
14491.0000 0.0502 76.1309 50.0000 35.5899 42.2463 52.3881
14492.0000 0.0512 76.4283 50.0000 35.2456 42.9192 52.5069
14493.0000 0.0433 75.9362 50.0000 36.0727 42.3792 51.6630
14494.0000 0.0429 75.9530 50.0000 35.4925 43.2691 51.3510
14495.0000 0.0418 76.0358 50.0000 36.3974 42.2904 51.6545
14496.0000 0.0435 76.1117 50.0000 36.0813 42.5381 51.7846
14497.0000 0.0396 75.7703 50.0000 36.2137 42.5503 51.1780
14498.0000 0.0484 76.0072 50.0000 35.5927 42.3488 52.1232
14499.0000 0.0511 75.6893 50.0000 35.0874 42.2743 52.0638
14500.0000 0.0578 75.7712 50.0000 34.3345 42.4454 52.5435
14501.0000 0.0569 75.6582 50.0000 34.1828 42.6361 52.3247
14502.0000 0.0627 75.9076 50.0000 33.7113 42.7773 52.8736
14503.0000 0.0663 76.1686 50.0000 34.1206 42.0848 53.5380
14504.0000 0.0629 75.8214 50.0000 34.2002 42.0130 53.0484
14505.0000 0.0635 76.1368 50.0000 33.8856 42.7028 53.1512
14506.0000 0.0563 76.1744 50.0000 34.5265 42.8603 52.6637
14507.0000 0.0616 76.6721 50.0000 34.4519 42.8255 53.4570
14508.0000 0.0660 76.8985 50.0000 34.7430 42.1624 54.1168
14509.0000 0.0648 76.8539 50.0000 34.7613 42.2296 53.9891
14510.0000 0.0550 76.3606 50.0000 34.8957 42.7677 52.7650
14511.0000 0.0589 77.0920 50.0000 34.9183 43.0514 53.5767
14512.0000 0.0539 77.2129 50.0000 35.4965 43.1147 53.3193
14513.0000 0.0510 76.6660 50.0000 35.4476 42.9486 52.6930
14514.0000 0.0512 76.8196 50.0000 35.4372 43.1216 52.7825
14515.0000 0.0523 77.0390 50.0000 35.2897 43.4193 52.9566
14516.0000 0.0580 76.9861 50.0000 34.3950 43.7705 53.1789
14517.0000 0.0546 76.5733 50.0000 34.3439 43.8490 52.5475
14518.0000 0.0581 76.6873 50.0000 33.9228 44.0844 52.7897
14519.0000 0.0539 76.3970 50.0000 33.9491 44.3484 52.1266
14520.0000 0.0575 76.7641 50.0000 34.0623 44.0599 52.8318
14521.0000 0.0540 76.2745 50.0000 34.4331 43.4523 52.3838
14522.0000 0.0502 76.2748 50.0000 34.6339 43.7547 51.9987
14523.0000 0.0508 76.3820 50.0000 35.0361 43.2110 52.3401
14524.0000 0.0542 76.5626 50.0000 34.6414 43.4658 52.6548
14525.0000 0.0529 76.5322 50.0000 34.5634 43.7478 52.4279
14526.0000 0.0520 76.4077 50.0000 34.4555 43.9021 52.1877
14527.0000 0.0527 76.4489 50.0000 34.4028 43.9090 52.2771
14528.0000 0.0444 76.2611 50.0000 34.9590 44.2428 51.3439
14529.0000 0.0450 76.5026 50.0000 35.0016 44.3815 51.5540
14530.0000 0.0440 76.4744 50.0000 35.1932 44.2140 51.5257
14531.0000 0.0420 76.4360 50.0000 35.3862 44.2255 51.3263
14532.0000 0.0416 76.3840 50.0000 35.4408 44.1315 51.2920
14533.0000 0.0355 75.9119 50.0000 35.8980 43.9528 50.4192
14534.0000 0.0398 76.0567 50.0000 35.1843 44.4834 50.6746
14535.0000 0.0424 76.3146 50.0000 35.0824 44.4868 51.1280
14536.0000 0.0426 76.4356 50.0000 35.1985 44.4099 51.2956
14537.0000 0.0410 76.2250 50.0000 35.0366 44.7353 50.8079
14538.0000 0.0409 76.3490 50.0000 34.8961 45.2132 50.6675
14539.0000 0.0383 76.0560 50.0000 34.9266 45.3500 50.0802
14540.0000 0.0523 76.6407 50.0000 34.0132 44.8492 52.0140
14541.0000 0.0533 76.6491 50.0000 33.6151 45.3743 51.8293
14542.0000 0.0536 76.7754 50.0000 33.9318 44.9297 52.1960
14543.0000 0.0521 76.6769 50.0000 33.9694 45.0167 51.9512
14544.0000 0.0576 76.9613 50.0000 34.0010 44.3754 52.8942
14545.0000 0.0608 76.9504 50.0000 34.1662 43.6473 53.3755
14546.0000 0.0616 76.9469 50.0000 33.7342 44.1355 53.2436
14547.0000 0.0542 76.6771 50.0000 33.8277 44.8605 52.1784
14548.0000 0.0524 76.2350 50.0000 33.9260 44.4417 51.8241
14549.0000 0.0487 76.3218 50.0000 34.2283 44.7278 51.5059
14550.0000 0.0533 76.2681 50.0000 33.9438 44.3052 51.9778
14551.0000 0.0582 76.8538 50.0000 34.0120 44.1373 52.9300
14552.0000 0.0480 76.5506 50.0000 34.9828 43.9435 52.0112
14553.0000 0.0623 77.0200 50.0000 34.1456 43.5418 53.5748
14554.0000 0.0647 76.9369 50.0000 34.0049 43.3120 53.7311
14555.0000 0.0598 76.8154 50.0000 34.4946 43.1778 53.3517
14556.0000 0.0613 76.8276 50.0000 34.6436 42.7978 53.5784
14557.0000 0.0572 76.9206 50.0000 35.0804 42.8789 53.3624
14558.0000 0.0554 76.8994 50.0000 34.9513 43.2748 53.0963
14559.0000 0.0576 76.8341 50.0000 34.7211 43.2023 53.2118
14560.0000 0.0534 76.8102 50.0000 34.7195 43.7793 52.7043
14561.0000 0.0479 76.8423 50.0000 35.1053 44.1353 52.1960
14562.0000 0.0555 76.9276 50.0000 34.2245 44.3376 52.7325
14563.0000 0.0520 77.1590 50.0000 34.0477 45.5593 52.1403
14564.0000 0.0592 76.9797 50.0000 33.4324 45.0367 52.7243
14565.0000 0.0585 77.0582 50.0000 33.8187 44.6324 52.9359
14566.0000 0.0633 77.0870 50.0000 33.6426 44.1918 53.4571
14567.0000 0.0561 76.8186 50.0000 33.6641 44.9914 52.3793
14568.0000 0.0610 76.9327 50.0000 33.8569 44.0369 53.2269
14569.0000 0.0696 77.3041 50.0000 32.9102 44.5957 53.8894
14570.0000 0.0642 76.9670 50.0000 33.0361 44.8203 53.1383
14571.0000 0.0622 76.4549 50.0000 32.2729 45.8163 52.0064
14572.0000 0.0597 76.7293 50.0000 32.7878 45.7220 52.1713
14573.0000 0.0625 77.1138 50.0000 32.5561 46.1348 52.5188
14574.0000 0.0586 77.2170 50.0000 32.9646 46.3083 52.2623
14575.0000 0.0595 77.5160 50.0000 32.9773 46.5254 52.5034
14576.0000 0.0507 77.0553 50.0000 33.8528 46.0522 51.6789
14577.0000 0.0487 77.1189 50.0000 33.8899 46.5799 51.2749
14578.0000 0.0538 76.7323 50.0000 33.2668 46.0637 51.5685
14579.0000 0.0585 77.1490 50.0000 32.8113 46.5413 52.0509
14580.0000 0.0632 77.5289 50.0000 32.2025 47.3285 52.2853
14581.0000 0.0606 77.1762 50.0000 32.3590 47.0937 51.8772
14582.0000 0.0694 78.1699 50.0000 32.0624 47.1697 53.4561
14583.0000 0.0670 78.1577 50.0000 32.5765 46.6579 53.5765
14584.0000 0.0677 77.6201 50.0000 32.2285 46.4241 53.2072
14585.0000 0.0697 78.1952 50.0000 32.3084 46.6844 53.7701
14586.0000 0.0799 78.5781 50.0000 31.8875 46.1520 55.0245
14587.0000 0.0782 78.8980 50.0000 31.9990 46.6360 55.0094
14588.0000 0.0713 78.4682 50.0000 32.2846 46.7909 54.0885
14589.0000 0.0747 78.7139 50.0000 32.6959 45.8703 54.9797
14590.0000 0.0812 79.1959 50.0000 32.4487 45.8547 55.8250
14591.0000 0.0860 79.6707 50.0000 32.2934 45.9650 56.4958
14592.0000 0.0854 79.5671 50.0000 32.0510 46.2707 56.2377
14593.0000 0.0909 79.5687 50.0000 31.7461 45.9541 56.6709
14594.0000 0.0918 79.5841 50.0000 31.8657 45.6885 56.8398
14595.0000 0.0949 79.5780 50.0000 31.2448 46.1226 56.8255
14596.0000 0.0948 79.4179 50.0000 31.9107 45.0711 57.0745
14597.0000 0.0953 79.3501 50.0000 31.6784 45.2426 56.9740
14598.0000 0.0912 79.2430 50.0000 31.6510 45.6814 56.4879
14599.0000 0.0942 79.9801 50.0000 31.1118 46.8653 56.8552
14600.0000 0.1001 80.1223 50.0000 30.4654 47.1384 57.1789
14601.0000 0.0993 80.1608 50.0000 30.8558 46.7343 57.3549
14602.0000 0.0964 79.6341 50.0000 30.5670 46.9543 56.5910
14603.0000 0.1115 80.0597 50.0000 29.6141 46.7517 57.8518
14604.0000 0.1095 79.8998 50.0000 29.7538 46.6363 57.6520
14605.0000 0.1114 79.9638 50.0000 29.6261 46.6436 57.8003
14606.0000 0.1099 80.1927 50.0000 30.1625 46.3656 58.0631
14607.0000 0.1153 80.3897 50.0000 30.4297 45.6074 58.7920
14608.0000 0.1132 80.3849 50.0000 30.4837 45.7750 58.6270
14609.0000 0.1154 80.4261 50.0000 30.1213 46.0153 58.6827
14610.0000 0.1108 80.2956 50.0000 30.4241 46.0261 58.3383
14611.0000 0.1210 80.6077 50.0000 30.2755 45.3942 59.3327
14612.0000 0.1231 81.2484 50.0000 29.9121 46.2507 59.7281
14613.0000 0.1168 80.4544 50.0000 29.8514 46.2191 58.6993
14614.0000 0.1174 80.2772 50.0000 29.7542 46.0943 58.6041
14615.0000 0.1202 80.7455 50.0000 29.3754 46.7325 58.9321
14616.0000 0.1185 80.7534 50.0000 29.8417 46.3458 59.0140
14617.0000 0.1160 80.8815 50.0000 29.9160 46.6869 58.8828
14618.0000 0.1126 80.3525 50.0000 30.1902 46.1800 58.4164
14619.0000 0.1104 80.2634 50.0000 30.6259 45.7889 58.3750
14620.0000 0.1104 80.1674 50.0000 29.9607 46.5414 57.9919
14621.0000 0.1145 80.7852 50.0000 29.7055 47.0361 58.5784
14622.0000 0.1162 80.7638 50.0000 29.3862 47.2259 58.5572
14623.0000 0.1118 80.6791 50.0000 29.6393 47.3508 58.2110
14624.0000 0.1099 80.5361 50.0000 29.8244 47.1898 58.0491
14625.0000 0.1024 80.2122 50.0000 30.0584 47.5143 57.2092
14626.0000 0.0970 80.0207 50.0000 30.9979 46.6860 57.1215
14627.0000 0.0929 79.8137 50.0000 31.2999 46.5891 56.7451
14628.0000 0.0886 79.6351 50.0000 31.2671 47.0542 56.1251
14629.0000 0.0842 79.6666 50.0000 31.2029 47.9208 55.4684
14630.0000 0.0836 79.5089 50.0000 30.8705 48.4381 54.9766
14631.0000 0.0866 79.4886 50.0000 30.7235 48.1125 55.3145
14632.0000 0.0893 79.4420 50.0000 30.4681 48.0030 55.4837
14633.0000 0.0946 79.9409 50.0000 30.5456 47.6219 56.4771
14634.0000 0.1041 80.8054 50.0000 29.8041 48.3389 57.4854
14635.0000 0.1056 80.5532 50.0000 29.5612 48.1905 57.3815
14636.0000 0.0994 80.5649 50.0000 30.1740 48.2053 57.0656
14637.0000 0.0986 80.4859 50.0000 30.3891 47.9001 57.0969
14638.0000 0.0920 80.2156 50.0000 30.9065 47.7847 56.5327
14639.0000 0.0895 80.2620 50.0000 30.6222 48.7503 55.9257
14640.0000 0.0924 80.5338 50.0000 30.4033 48.9607 56.2510
14641.0000 0.0971 80.4698 50.0000 30.5864 47.7972 57.0551
14642.0000 0.0900 80.3575 50.0000 30.7005 48.6471 56.1095
14643.0000 0.0903 80.2592 50.0000 30.3619 49.0781 55.7766
14644.0000 0.0828 79.7108 50.0000 30.6550 49.3593 54.5687
14645.0000 0.0783 79.0343 50.0000 30.9618 48.7390 53.9657
14646.0000 0.0749 78.4001 50.0000 31.0051 48.5429 53.1868
14647.0000 0.0751 78.5943 50.0000 31.1266 48.4846 53.4551
14648.0000 0.0748 78.3451 50.0000 31.2290 47.9448 53.5164
14649.0000 0.0844 78.8104 50.0000 30.7625 47.5567 54.8007
14650.0000 0.0858 78.7923 50.0000 30.4967 47.7543 54.7513
14651.0000 0.0822 78.1568 50.0000 30.6207 47.3565 54.1130
14652.0000 0.0851 78.8220 50.0000 30.6239 47.6812 54.7868
14653.0000 0.0853 78.5316 50.0000 30.4651 47.5549 54.5676
14654.0000 0.0834 78.2077 50.0000 30.3203 47.7663 53.9954
14655.0000 0.0936 78.5768 50.0000 29.4922 47.8653 54.8948
14656.0000 0.0949 78.5718 50.0000 29.0176 48.5186 54.5661
14657.0000 0.0898 77.9008 50.0000 29.4519 47.7714 54.0279
14658.0000 0.0911 78.1029 50.0000 29.3928 47.9074 54.2310
14659.0000 0.0966 78.9284 50.0000 29.2099 48.2920 55.1756
14660.0000 0.0941 78.2697 50.0000 29.4740 47.4148 54.8567
14661.0000 0.0955 78.3015 50.0000 29.4256 47.2991 55.0278
14662.0000 0.1014 78.9511 50.0000 29.4893 47.0546 56.1206
14663.0000 0.0958 78.6895 50.0000 29.4723 47.6637 55.2412
14664.0000 0.0909 78.5357 50.0000 30.1937 47.0649 55.1461
14665.0000 0.0886 78.0005 50.0000 30.4334 46.3873 54.8280
14666.0000 0.0895 78.0435 50.0000 30.5697 46.0903 55.0633
14667.0000 0.0888 78.2858 50.0000 30.7704 46.1652 55.2324
14668.0000 0.0885 78.3757 50.0000 30.5326 46.7068 55.0362
14669.0000 0.0974 78.5754 50.0000 30.3849 45.8720 56.0946
14670.0000 0.0956 78.5994 50.0000 30.6837 45.7157 56.0932
14671.0000 0.1023 79.0107 50.0000 30.2119 45.9646 56.7202
14672.0000 0.1053 79.0566 50.0000 29.9409 45.9954 56.9027
14673.0000 0.1027 78.8286 50.0000 30.2573 45.6407 56.7042
14674.0000 0.1059 79.1992 50.0000 30.0154 45.9732 57.0793
14675.0000 0.1068 79.1122 50.0000 29.9126 45.9119 57.0621
14676.0000 0.1045 79.1016 50.0000 30.3966 45.5357 57.0930
14677.0000 0.1070 79.4886 50.0000 30.1010 46.0434 57.3792
14678.0000 0.1042 79.1188 50.0000 30.4038 45.5808 57.0770
14679.0000 0.1039 79.4538 50.0000 30.5964 45.7327 57.3174
14680.0000 0.1017 79.4323 50.0000 30.6315 45.9332 57.1082
14681.0000 0.1033 79.3015 50.0000 30.6478 45.5727 57.2064
14682.0000 0.1116 79.8327 50.0000 30.3596 45.5344 58.1220
14683.0000 0.1081 80.2189 50.0000 30.5265 46.1406 58.0883
14684.0000 0.1105 80.4156 50.0000 30.4697 46.1360 58.3930
14685.0000 0.1139 80.2977 50.0000 30.1891 45.9646 58.5115
14686.0000 0.1106 80.0213 50.0000 30.1663 46.0934 58.0414
14687.0000 0.1025 79.6319 50.0000 30.6694 45.9942 57.3163
14688.0000 0.1084 80.3663 50.0000 30.1401 46.7694 57.9909
14689.0000 0.1070 79.9933 50.0000 30.7727 45.7041 57.9923
14690.0000 0.0978 79.6324 50.0000 31.0471 46.0863 57.0389
14691.0000 0.0916 79.4965 50.0000 31.4206 46.2260 56.5296
14692.0000 0.0887 79.3433 50.0000 31.7528 45.9733 56.3346
14693.0000 0.0853 79.3393 50.0000 31.7763 46.4137 55.9532
14694.0000 0.0984 79.7483 50.0000 31.1187 46.0386 57.2003
14695.0000 0.0942 79.0202 50.0000 31.9221 44.7035 56.8047
14696.0000 0.0871 78.6835 50.0000 32.4134 44.5504 56.1758
14697.0000 0.1049 79.4098 50.0000 31.4350 44.5097 57.7637
14698.0000 0.1066 79.4987 50.0000 31.2022 44.6975 57.8671
14699.0000 0.1086 79.6754 50.0000 30.6966 45.2871 57.9221
14700.0000 0.1132 80.2633 50.0000 30.9143 45.1172 58.7447
14701.0000 0.1088 79.7768 50.0000 31.3358 44.5792 58.2675
14702.0000 0.1124 79.9559 50.0000 31.4285 44.2792 58.6903
14703.0000 0.1145 79.7159 50.0000 31.2329 44.0481 58.6421
14704.0000 0.1157 79.6421 50.0000 31.1895 43.9000 58.6760
14705.0000 0.1169 80.0780 50.0000 31.3696 44.0107 59.0888
14706.0000 0.1315 80.3107 50.0000 31.1192 43.1245 60.1805
14707.0000 0.1254 79.8058 50.0000 31.3124 42.9819 59.5068
14708.0000 0.1291 80.3581 50.0000 31.0047 43.5177 60.0194
14709.0000 0.1173 79.5583 50.0000 31.1720 43.6782 58.7371
14710.0000 0.1215 80.0860 50.0000 31.0152 43.9689 59.3174
14711.0000 0.1238 80.1898 50.0000 30.7724 44.1149 59.4755
14712.0000 0.1262 80.3586 50.0000 30.8904 43.9158 59.7887
14713.0000 0.1080 79.3657 50.0000 31.9171 43.5544 58.1655
14714.0000 0.1094 79.2185 50.0000 32.1445 43.0037 58.2493
14715.0000 0.1224 79.4646 50.0000 31.6928 42.5135 59.1843
14716.0000 0.1339 79.9506 50.0000 31.6135 42.0361 60.2135
14717.0000 0.1239 79.6010 50.0000 31.7807 42.4085 59.3955
14718.0000 0.1186 79.4452 50.0000 31.6701 42.8768 58.9078
14719.0000 0.1254 79.9656 50.0000 31.7922 42.6139 59.7312
14720.0000 0.1225 80.2212 50.0000 31.6541 43.2812 59.6675
14721.0000 0.1158 80.4490 50.0000 31.8859 43.8962 59.4009
14722.0000 0.1144 80.2641 50.0000 32.1325 43.5714 59.2567
14723.0000 0.1209 80.5629 50.0000 31.9608 43.4288 59.8566
14724.0000 0.1215 81.0055 50.0000 31.7477 44.0473 60.1150
14725.0000 0.1289 80.8436 50.0000 31.7347 43.2063 60.5129
14726.0000 0.1415 80.9553 50.0000 30.8776 43.0952 61.1812
14727.0000 0.1328 80.4129 50.0000 31.2835 42.9223 60.3760
14728.0000 0.1395 80.4783 50.0000 30.8739 42.8293 60.7389
14729.0000 0.1404 80.6682 50.0000 30.8194 42.9843 60.9088
14730.0000 0.1362 80.3759 50.0000 30.7543 43.1568 60.4314
14731.0000 0.1282 80.1447 50.0000 31.5655 42.7794 59.9726
14732.0000 0.1231 80.2960 50.0000 31.5553 43.4144 59.7236
14733.0000 0.1212 80.2004 50.0000 31.3912 43.6840 59.4844
14734.0000 0.1284 79.9817 50.0000 31.4820 42.6929 59.8604
14735.0000 0.1339 79.7758 50.0000 31.0154 42.5049 59.9630
14736.0000 0.1249 80.1491 50.0000 31.1068 43.5987 59.6272
14737.0000 0.1144 79.3586 50.0000 31.1235 43.8211 58.3852
14738.0000 0.1135 79.3206 50.0000 31.0646 43.9495 58.2682
14739.0000 0.1139 79.3332 50.0000 31.3863 43.5427 58.4182
14740.0000 0.1178 79.3523 50.0000 30.9205 43.7096 58.5677
14741.0000 0.1137 78.9990 50.0000 31.4248 43.1797 58.2137
14742.0000 0.1174 79.0780 50.0000 31.8829 42.3848 58.6543
14743.0000 0.1123 79.3151 50.0000 31.8541 43.1490 58.4325
14744.0000 0.1250 80.1585 50.0000 31.3434 43.3276 59.7134
14745.0000 0.1142 79.3549 50.0000 31.7286 43.1428 58.5594
14746.0000 0.1219 79.5162 50.0000 31.6819 42.6183 59.1841
14747.0000 0.1249 79.8150 50.0000 31.7979 42.5100 59.6005
14748.0000 0.1239 79.4650 50.0000 31.8431 42.2155 59.3175
14749.0000 0.1226 79.6461 50.0000 32.1987 42.1204 59.4359
14750.0000 0.1223 79.4526 50.0000 32.2510 41.9026 59.3022
14751.0000 0.1211 79.2777 50.0000 32.0496 42.0566 59.0679
14752.0000 0.1201 78.9463 50.0000 32.0707 41.8079 58.7885
14753.0000 0.1295 79.3689 50.0000 31.5303 41.9565 59.5392
14754.0000 0.1311 79.3681 50.0000 31.4217 41.9338 59.6115
14755.0000 0.1282 79.3033 50.0000 31.8986 41.6148 59.4953
14756.0000 0.1308 79.2431 50.0000 32.1096 41.1054 59.6556
14757.0000 0.1394 79.8138 50.0000 31.6666 41.3790 60.4587
14758.0000 0.1310 78.8102 50.0000 31.8924 40.9089 59.3328
14759.0000 0.1389 79.0235 50.0000 31.4752 40.8808 59.8564
14760.0000 0.1299 78.6595 50.0000 31.5045 41.2726 59.0877
14761.0000 0.1298 78.9249 50.0000 30.6138 42.4944 59.0438
14762.0000 0.1294 79.0698 50.0000 30.6556 42.6256 59.1213
14763.0000 0.1298 78.9841 50.0000 30.7590 42.3944 59.1192
14764.0000 0.1307 79.0267 50.0000 30.2386 42.9245 59.0621
14765.0000 0.1374 79.0952 50.0000 29.7832 42.8826 59.4146
14766.0000 0.1240 78.6410 50.0000 30.2083 43.2123 58.3486
14767.0000 0.1332 78.9288 50.0000 30.1681 42.6826 59.1426
14768.0000 0.1325 78.7867 50.0000 30.0434 42.7415 58.9738
14769.0000 0.1225 78.1028 50.0000 30.9190 42.0271 58.1187
14770.0000 0.1260 78.3683 50.0000 30.7798 42.1255 58.4777
14771.0000 0.1275 78.7566 50.0000 30.1958 43.0096 58.6599
14772.0000 0.1250 78.5542 50.0000 30.4783 42.7249 58.4501
14773.0000 0.1265 78.8078 50.0000 30.9186 42.3531 58.8297
14774.0000 0.1176 78.7479 50.0000 31.5161 42.4531 58.3585
14775.0000 0.1259 79.0295 50.0000 31.2408 42.2707 59.0158
14776.0000 0.1234 78.9534 50.0000 31.7468 41.8701 58.9294
14777.0000 0.1293 79.6613 50.0000 31.8314 41.9272 59.7895
14778.0000 0.1262 79.5754 50.0000 31.8526 42.1046 59.5388
14779.0000 0.1234 79.7176 50.0000 31.5966 42.7682 59.3922
14780.0000 0.1181 79.8892 50.0000 32.1196 42.8615 59.2748
14781.0000 0.1171 80.0119 50.0000 31.7685 43.4664 59.1890
14782.0000 0.1176 79.6541 50.0000 32.0182 42.7913 59.0636
14783.0000 0.1199 79.9914 50.0000 31.8111 43.1312 59.3834
14784.0000 0.1334 80.3268 50.0000 31.2288 42.8469 60.3432
14785.0000 0.1410 81.0648 50.0000 30.8103 43.3109 61.2077
14786.0000 0.1385 81.3997 50.0000 31.2043 43.4345 61.3649
14787.0000 0.1297 80.6088 50.0000 30.7973 43.9266 60.1644
14788.0000 0.1338 80.5040 50.0000 30.6702 43.5815 60.3398
14789.0000 0.1228 80.3008 50.0000 31.5059 43.5015 59.6927
14790.0000 0.1304 80.5752 50.0000 31.3977 43.1767 60.3516
14791.0000 0.1323 80.2649 50.0000 31.1456 42.9737 60.2136
14792.0000 0.1247 79.9307 50.0000 30.9650 43.5601 59.4358
14793.0000 0.1289 79.8263 50.0000 31.1829 42.8296 59.7117
14794.0000 0.1232 79.4487 50.0000 30.7905 43.4299 58.9736
14795.0000 0.1261 79.6154 50.0000 30.8526 43.2472 59.2993
14796.0000 0.1253 79.6274 50.0000 30.9084 43.2710 59.2690
14797.0000 0.1105 78.9093 50.0000 31.3379 43.5151 57.8882
14798.0000 0.1075 78.9086 50.0000 31.6289 43.4828 57.7531
14799.0000 0.1086 78.8057 50.0000 31.8142 43.0454 57.8385
14800.0000 0.1115 79.5514 50.0000 31.6604 43.6900 58.4570
14801.0000 0.1175 79.6117 50.0000 31.9235 42.8648 59.0044
14802.0000 0.1080 79.1769 50.0000 32.7183 42.4496 58.2798
14803.0000 0.1102 79.2659 50.0000 32.2812 42.8133 58.3784
14804.0000 0.1230 79.7184 50.0000 32.1141 42.2453 59.4898
14805.0000 0.1141 79.8301 50.0000 32.4536 42.8090 59.0507
14806.0000 0.1137 80.1261 50.0000 32.5848 42.9930 59.2455
14807.0000 0.1085 80.1654 50.0000 33.0527 43.0102 59.0265
14808.0000 0.1166 80.1522 50.0000 32.8903 42.4034 59.5362
14809.0000 0.1246 80.6032 50.0000 32.9375 42.0671 60.3520
14810.0000 0.1153 80.3961 50.0000 33.6528 41.9342 59.7707
14811.0000 0.1223 80.8548 50.0000 33.5438 41.8675 60.4931
14812.0000 0.1005 79.8453 50.0000 33.3770 43.1210 58.3251
14813.0000 0.0941 79.4689 50.0000 33.2360 43.5643 57.5571
14814.0000 0.1025 79.7874 50.0000 32.8409 43.4739 58.2883
14815.0000 0.1052 79.6944 50.0000 32.3590 43.6615 58.2904
14816.0000 0.0974 79.5823 50.0000 32.7734 43.8811 57.7382
14817.0000 0.0944 79.4027 50.0000 32.3577 44.5366 57.2212
14818.0000 0.0982 79.5860 50.0000 32.4683 44.1661 57.6983
14819.0000 0.1070 79.2434 50.0000 31.8102 43.6615 57.9767
14820.0000 0.1018 79.5513 50.0000 31.9337 44.3872 57.7792
14821.0000 0.1052 79.6008 50.0000 31.7804 44.2505 58.0361
14822.0000 0.1042 79.8713 50.0000 31.5678 44.9072 58.0193
14823.0000 0.1005 80.2480 50.0000 31.8328 45.3967 58.0134
14824.0000 0.1002 80.5255 50.0000 31.9885 45.5270 58.2099
14825.0000 0.0989 80.1318 50.0000 31.7136 45.6076 57.7521
14826.0000 0.1063 79.7509 50.0000 31.5427 44.5713 58.1263
14827.0000 0.0932 78.9208 50.0000 31.4880 45.2853 56.4469
14828.0000 0.0937 78.8964 50.0000 31.4344 45.2688 56.4559
14829.0000 0.0888 78.5153 50.0000 31.3321 45.6103 55.7014
14830.0000 0.0888 78.4990 50.0000 31.2030 45.7858 55.6069
14831.0000 0.0861 78.5697 50.0000 31.6366 45.6128 55.6039
14832.0000 0.0906 78.5547 50.0000 31.3963 45.3225 55.9552
14833.0000 0.1006 78.7286 50.0000 30.7694 45.1186 56.7075
14834.0000 0.1028 78.6715 50.0000 30.7134 44.8641 56.8604
14835.0000 0.0993 78.7415 50.0000 31.4033 44.4635 56.8951
14836.0000 0.1116 78.6602 50.0000 31.2503 43.2510 57.7945
14837.0000 0.1197 78.6188 50.0000 31.2336 42.4479 58.3400
14838.0000 0.1230 78.7578 50.0000 30.9948 42.5407 58.5868
14839.0000 0.1269 79.2356 50.0000 30.6463 43.0269 59.0574
14840.0000 0.1282 79.4425 50.0000 31.0725 42.6354 59.3956
14841.0000 0.1219 78.8264 50.0000 31.1694 42.5190 58.6020
14842.0000 0.1093 78.7859 50.0000 31.6250 43.1787 57.8159
14843.0000 0.0950 78.1079 50.0000 31.6885 43.9127 56.2881
14844.0000 0.1021 78.1849 50.0000 31.7590 43.1431 56.9466
14845.0000 0.1062 78.6038 50.0000 31.9101 42.9734 57.5639
14846.0000 0.1139 78.7909 50.0000 31.7387 42.6029 58.1863
14847.0000 0.1106 78.6488 50.0000 31.6775 42.8481 57.8465
14848.0000 0.1261 79.8644 50.0000 31.1762 43.1263 59.5524
14849.0000 0.1330 79.7631 50.0000 30.9174 42.6826 59.8704
14850.0000 0.1249 79.6704 50.0000 31.3562 42.8562 59.3928
14851.0000 0.1269 79.2942 50.0000 32.0106 41.5958 59.4363
14852.0000 0.1242 79.6699 50.0000 31.8655 42.3560 59.4798
14853.0000 0.1188 79.4526 50.0000 31.7822 42.7377 58.9584
14854.0000 0.1112 79.2757 50.0000 31.7780 43.3015 58.3075
14855.0000 0.1119 79.2498 50.0000 32.1524 42.7798 58.4520
14856.0000 0.1060 78.8963 50.0000 32.0690 43.1086 57.7741
14857.0000 0.0968 78.6236 50.0000 32.2738 43.5414 56.9581
14858.0000 0.0916 78.2147 50.0000 32.7519 43.0981 56.4570
14859.0000 0.0885 78.4597 50.0000 32.4923 44.0332 56.2250
14860.0000 0.0904 78.0214 50.0000 32.6173 43.1888 56.1976
14861.0000 0.0831 78.1730 50.0000 32.8482 43.9056 55.7164
14862.0000 0.0841 78.1641 50.0000 32.5232 44.1965 55.6644
14863.0000 0.0828 78.4908 50.0000 32.5428 44.6997 55.7110
14864.0000 0.0829 78.9703 50.0000 31.9483 46.0810 55.6072
14865.0000 0.0784 78.4203 50.0000 32.1818 45.7285 54.9816
14866.0000 0.0822 78.2799 50.0000 31.4272 46.1399 54.8743
14867.0000 0.0871 78.8145 50.0000 31.3281 46.2089 55.6329
14868.0000 0.0909 78.8314 50.0000 31.5786 45.3461 56.2220
14869.0000 0.0845 78.1646 50.0000 31.7035 45.2626 55.2801
14870.0000 0.0828 78.0813 50.0000 31.5711 45.5962 54.9631
14871.0000 0.0779 77.8592 50.0000 32.0859 45.2787 54.6112
14872.0000 0.0761 77.5809 50.0000 31.9457 45.4132 54.1840
14873.0000 0.0758 77.2760 50.0000 32.8742 43.7757 54.5395
14874.0000 0.0832 77.4535 50.0000 31.9574 44.2635 54.9410
14875.0000 0.0822 77.2521 50.0000 32.2322 43.7983 54.8697
14876.0000 0.0844 77.1568 50.0000 32.1694 43.5013 55.0085
14877.0000 0.0882 77.3865 50.0000 31.7823 43.8072 55.3127
14878.0000 0.0868 77.0202 50.0000 32.2920 42.9180 55.2032
14879.0000 0.0865 77.0112 50.0000 32.0166 43.2920 55.0588
14880.0000 0.0893 76.8935 50.0000 31.8205 43.0929 55.1640
14881.0000 0.0730 76.4238 50.0000 32.6324 43.4881 53.7076
14882.0000 0.0782 76.9311 50.0000 32.6811 43.3370 54.5183
14883.0000 0.0785 77.0671 50.0000 32.9491 43.1044 54.7330
14884.0000 0.0765 77.2536 50.0000 33.3887 42.9962 54.8145
14885.0000 0.0783 77.3083 50.0000 33.4547 42.7561 55.0388
14886.0000 0.0791 77.4206 50.0000 33.6376 42.5569 55.2392
14887.0000 0.0861 77.9138 50.0000 33.1991 42.8365 55.9770
14888.0000 0.0933 78.1135 50.0000 33.0156 42.4953 56.6201
14889.0000 0.0894 78.1756 50.0000 33.0482 42.9384 56.3520
14890.0000 0.0860 77.7572 50.0000 33.5820 42.2296 55.9919
14891.0000 0.0858 78.0599 50.0000 33.5023 42.6668 56.1292
14892.0000 0.0927 78.4011 50.0000 33.5929 42.1827 56.9110
14893.0000 0.0858 77.9920 50.0000 33.7735 42.2680 56.1739
14894.0000 0.0926 78.4291 50.0000 33.6969 42.1036 56.9467
14895.0000 0.0928 78.1957 50.0000 33.6702 41.8803 56.8061
14896.0000 0.0902 78.3438 50.0000 34.0436 41.8608 56.8020
14897.0000 0.0904 78.4592 50.0000 34.0937 41.9049 56.8986
14898.0000 0.0866 78.1918 50.0000 34.0473 42.0771 56.4292
14899.0000 0.0842 77.8698 50.0000 34.4350 41.5451 56.1422
14900.0000 0.0836 78.0792 50.0000 34.2201 42.0759 56.1691
14901.0000 0.0932 78.2260 50.0000 33.5693 41.9826 56.8320
14902.0000 0.0977 78.6709 50.0000 33.5176 42.0407 57.4305
14903.0000 0.0939 78.5890 50.0000 33.8693 41.9433 57.1826
14904.0000 0.1060 79.0209 50.0000 33.2342 41.9071 58.1686
14905.0000 0.1127 78.8967 50.0000 32.6485 41.8025 58.4065
14906.0000 0.1043 78.4627 50.0000 32.6768 42.1349 57.5610
14907.0000 0.0995 78.4231 50.0000 32.9201 42.2965 57.2491
14908.0000 0.0969 78.6151 50.0000 33.1552 42.4863 57.2362
14909.0000 0.0936 79.2408 50.0000 34.1279 42.3471 57.6291
14910.0000 0.0957 79.0520 50.0000 33.3710 42.8087 57.4719
14911.0000 0.0901 78.6501 50.0000 33.2618 43.1098 56.7543
14912.0000 0.1031 79.4296 50.0000 33.8422 41.9219 58.3637
14913.0000 0.1089 79.2566 50.0000 33.5733 41.4973 58.5868
14914.0000 0.1104 79.1639 50.0000 33.2734 41.5927 58.5650
14915.0000 0.1020 78.9326 50.0000 33.9903 41.3612 58.0023
14916.0000 0.1070 78.7443 50.0000 34.1290 40.5661 58.2259
14917.0000 0.1130 79.5089 50.0000 33.8758 41.0424 59.0729
14918.0000 0.1250 79.6089 50.0000 33.4707 40.5161 59.7975
14919.0000 0.1253 79.9855 50.0000 33.6463 40.6663 60.0988
14920.0000 0.1289 80.4811 50.0000 33.7488 40.7179 60.6654
14921.0000 0.1232 80.2046 50.0000 34.0909 40.5912 60.1909
14922.0000 0.1393 81.2618 50.0000 33.6850 40.6471 61.7787
14923.0000 0.1396 80.9280 50.0000 33.9989 39.9866 61.5995
14924.0000 0.1376 80.8571 50.0000 33.7417 40.3480 61.4118
14925.0000 0.1471 81.6915 50.0000 33.8755 40.2078 62.5243
14926.0000 0.1434 81.3416 50.0000 34.7679 39.2842 62.1643
14927.0000 0.1292 81.0134 50.0000 35.1384 39.7589 61.2185
14928.0000 0.1267 80.6168 50.0000 35.5347 39.1880 60.8330
14929.0000 0.1265 80.4839 50.0000 34.9742 39.6574 60.6775
14930.0000 0.1246 80.0734 50.0000 34.6612 39.7537 60.2494
14931.0000 0.1202 79.5293 50.0000 34.6316 39.6386 59.6184
14932.0000 0.1150 79.6899 50.0000 35.0276 39.8252 59.4770
14933.0000 0.1127 79.6461 50.0000 35.2975 39.7049 59.3389
14934.0000 0.1100 79.6562 50.0000 35.1704 40.0839 59.1729
14935.0000 0.1115 80.0587 50.0000 35.3071 40.1954 59.5579
14936.0000 0.1135 80.1058 50.0000 34.7692 40.6284 59.6437
14937.0000 0.1048 79.5811 50.0000 34.7270 40.9505 58.7387
14938.0000 0.0965 79.2872 50.0000 35.0693 41.0612 58.0567
14939.0000 0.1026 79.4310 50.0000 34.9772 40.7345 58.5369
14940.0000 0.1073 80.0117 50.0000 34.8951 40.9570 59.2176
14941.0000 0.0995 79.9331 50.0000 35.6437 40.8071 58.7674
14942.0000 0.0955 79.8997 50.0000 35.1777 41.6509 58.4097
14943.0000 0.0986 80.2997 50.0000 35.2360 41.6881 58.8946
14944.0000 0.1097 81.0733 50.0000 34.9884 41.6727 60.1005
14945.0000 0.1093 80.6297 50.0000 34.7227 41.5637 59.7322
14946.0000 0.1143 81.2844 50.0000 34.9704 41.4831 60.5258
14947.0000 0.1199 81.2955 50.0000 34.2178 41.7880 60.7607
14948.0000 0.1241 81.0606 50.0000 34.9279 40.4541 60.9453
14949.0000 0.1336 81.0342 50.0000 34.3750 40.1944 61.3947
14950.0000 0.1227 80.5732 50.0000 34.7386 40.3042 60.5049
14951.0000 0.1342 81.3025 50.0000 34.1444 40.6367 61.5866
14952.0000 0.1226 80.7470 50.0000 34.2909 40.9484 60.5594
14953.0000 0.1144 80.2573 50.0000 34.5114 40.9649 59.7668
14954.0000 0.1063 80.0042 50.0000 34.6157 41.3471 59.1003
14955.0000 0.0980 80.1684 50.0000 34.6990 42.2062 58.6650
14956.0000 0.0990 79.9087 50.0000 34.4018 42.1758 58.5075
14957.0000 0.1016 80.3595 50.0000 34.0044 42.8221 58.8864
14958.0000 0.0962 79.6957 50.0000 34.4786 42.1528 58.1873
14959.0000 0.1033 80.2718 50.0000 35.1971 41.2615 59.1795
14960.0000 0.1057 80.7847 50.0000 35.2120 41.5210 59.6849
14961.0000 0.1087 80.7412 50.0000 34.8442 41.6021 59.7854
14962.0000 0.1120 81.1764 50.0000 34.9297 41.6322 60.3016
14963.0000 0.1029 80.6351 50.0000 35.0120 41.8564 59.3652
14964.0000 0.0955 80.4578 50.0000 35.0852 42.3221 58.7480
14965.0000 0.1081 80.7879 50.0000 34.2128 42.3836 59.6641
14966.0000 0.1073 80.8758 50.0000 33.7914 43.0162 59.5705
14967.0000 0.1088 80.7022 50.0000 33.7691 42.7228 59.5588
14968.0000 0.1159 80.8112 50.0000 33.6239 42.3195 60.0745
14969.0000 0.1186 80.8125 50.0000 33.7659 41.9221 60.2749
14970.0000 0.1212 81.0969 50.0000 34.0964 41.6039 60.6899
14971.0000 0.1256 81.3861 50.0000 34.1908 41.3983 61.1627
14972.0000 0.1293 81.3241 50.0000 33.7448 41.4858 61.2684
14973.0000 0.1293 81.5589 50.0000 33.5732 41.8878 61.4012
14974.0000 0.1340 81.2050 50.0000 33.2525 41.4793 61.3841
14975.0000 0.1383 81.1659 50.0000 32.5925 41.7719 61.4878
14976.0000 0.1359 81.4644 50.0000 32.4682 42.3820 61.5308
14977.0000 0.1216 81.1997 50.0000 32.6724 43.1970 60.4972
14978.0000 0.1262 81.3378 50.0000 32.2731 43.3444 60.7910
14979.0000 0.1187 81.2362 50.0000 32.6825 43.4954 60.3268
14980.0000 0.1054 80.7141 50.0000 33.4114 43.4618 59.2412
14981.0000 0.1052 80.7704 50.0000 33.5908 43.3365 59.3082
14982.0000 0.0980 80.3788 50.0000 33.6919 43.5653 58.5463
14983.0000 0.0938 80.0662 50.0000 33.8153 43.5345 58.0677
14984.0000 0.0916 79.9740 50.0000 34.0082 43.4489 57.8919
14985.0000 0.0815 79.6617 50.0000 34.4554 43.7018 56.9997
14986.0000 0.0795 79.5288 50.0000 34.1002 44.2311 56.6182
14987.0000 0.0877 79.8340 50.0000 33.6089 44.2169 57.3479
14988.0000 0.0891 79.6786 50.0000 33.9819 43.4398 57.5056
14989.0000 0.0870 79.6737 50.0000 34.2897 43.3004 57.4211
14990.0000 0.0970 79.6745 50.0000 34.1991 42.3692 58.1662
14991.0000 0.0934 79.2704 50.0000 34.7479 41.7017 57.7698
14992.0000 0.0923 79.4477 50.0000 34.9318 41.7804 57.8455
14993.0000 0.0868 79.5410 50.0000 35.2166 42.1191 57.5547
14994.0000 0.0948 79.9585 50.0000 35.1607 41.8008 58.3933
14995.0000 0.0854 79.9969 50.0000 35.3534 42.5731 57.7682
14996.0000 0.0895 79.8712 50.0000 34.9299 42.5003 57.9054
14997.0000 0.0940 79.6793 50.0000 35.3698 41.3651 58.1953
14998.0000 0.0894 79.7401 50.0000 35.4589 41.7888 57.9210
14999.0000 0.0782 78.9537 50.0000 35.8922 41.6415 56.6693
15000.0000 0.0779 78.6808 50.0000 35.1441 42.2442 56.3115
15001.0000 0.0738 78.2568 50.0000 34.9784 42.4457 55.6686
15002.0000 0.0744 78.7537 50.0000 34.7957 43.1356 55.9529
15003.0000 0.0701 78.5513 50.0000 35.2896 42.8142 55.6048
15004.0000 0.0720 78.6609 50.0000 34.8205 43.2884 55.6883
15005.0000 0.0703 78.5827 50.0000 34.7338 43.5151 55.4548
15006.0000 0.0704 78.2156 50.0000 34.6330 43.2159 55.2324
15007.0000 0.0634 77.7113 50.0000 34.9326 43.1537 54.3738
15008.0000 0.0613 77.6058 50.0000 34.8310 43.4475 54.0535
15009.0000 0.0477 77.2976 50.0000 35.8785 43.6101 52.7808
15010.0000 0.0519 77.5918 50.0000 35.5093 43.8427 53.2672
15011.0000 0.0485 77.5141 50.0000 35.6906 44.0152 52.8893
15012.0000 0.0493 77.5566 50.0000 36.2514 43.1714 53.2644
15013.0000 0.0497 77.6018 50.0000 35.9926 43.5101 53.2300
15014.0000 0.0471 77.6623 50.0000 36.3184 43.5311 53.0796
15015.0000 0.0484 77.5281 50.0000 35.9681 43.6493 53.0249
15016.0000 0.0542 77.3466 50.0000 35.7471 42.9048 53.5147
15017.0000 0.0591 77.4596 50.0000 35.1382 43.1700 53.8670
15018.0000 0.0632 77.8685 50.0000 34.8230 43.4959 54.3964
15019.0000 0.0547 77.7377 50.0000 35.0944 44.1749 53.4800
15020.0000 0.0606 77.9153 50.0000 35.0051 43.6599 54.2148
15021.0000 0.0609 77.4302 50.0000 34.2942 44.0169 53.6828
15022.0000 0.0576 76.9905 50.0000 34.3392 43.9106 53.1057
15023.0000 0.0527 77.1988 50.0000 34.4386 44.8166 52.5843
15024.0000 0.0512 77.6429 50.0000 35.1608 44.5133 53.0161
15025.0000 0.0493 77.3835 50.0000 35.1177 44.5622 52.6228
15026.0000 0.0502 77.7454 50.0000 35.2900 44.6210 52.9899
15027.0000 0.0555 78.2217 50.0000 34.6319 45.3348 53.5166
15028.0000 0.0520 77.6462 50.0000 34.9159 44.7501 52.9834
15029.0000 0.0585 77.8987 50.0000 34.6999 44.3652 53.8130
15030.0000 0.0580 77.6693 50.0000 34.9496 43.8131 53.7723
15031.0000 0.0475 77.4659 50.0000 35.1246 44.9960 52.3697
15032.0000 0.0445 77.5480 50.0000 35.5166 45.0256 52.2013
15033.0000 0.0517 77.9012 50.0000 35.2126 44.6797 53.2203
15034.0000 0.0528 77.4476 50.0000 34.7603 44.6186 52.9059
15035.0000 0.0536 77.8022 50.0000 35.1356 44.3602 53.3932
15036.0000 0.0548 77.6420 50.0000 35.1849 43.9209 53.4907
15037.0000 0.0541 77.3739 50.0000 35.8703 42.7892 53.5644
15038.0000 0.0546 77.4328 50.0000 36.2194 42.3504 53.7629
15039.0000 0.0571 77.4121 50.0000 35.9866 42.2927 53.9345
15040.0000 0.0626 77.1302 50.0000 35.8410 41.4894 54.2506
15041.0000 0.0623 77.0145 50.0000 35.3520 41.9864 54.0242
15042.0000 0.0668 76.9394 50.0000 35.5425 41.1585 54.4278
15043.0000 0.0583 76.9887 50.0000 35.9267 41.7449 53.7949
15044.0000 0.0523 77.2317 50.0000 35.5564 43.2812 53.1716
15045.0000 0.0504 77.3704 50.0000 35.8545 43.3246 53.1377
15046.0000 0.0429 77.0811 50.0000 36.9859 42.5862 52.5352
15047.0000 0.0396 76.9895 50.0000 36.9202 43.0744 52.0469
15048.0000 0.0456 77.0359 50.0000 36.4519 42.8361 52.6389
15049.0000 0.0480 77.0604 50.0000 36.7715 42.1187 53.0299
15050.0000 0.0420 76.4742 50.0000 36.4877 42.6607 51.9328
15051.0000 0.0431 76.4896 50.0000 36.6148 42.3457 52.1234
15052.0000 0.0367 76.8066 50.0000 37.3059 42.8062 51.7219
15053.0000 0.0373 76.1929 50.0000 36.8005 42.6407 51.3113
15054.0000 0.0384 76.3994 50.0000 36.1979 43.5585 51.2760
15055.0000 0.0417 76.2079 50.0000 36.0644 42.9692 51.5815
15056.0000 0.0441 76.5533 50.0000 35.7620 43.4296 51.9168
15057.0000 0.0422 76.7160 50.0000 35.8953 43.7558 51.7911
15058.0000 0.0402 76.8312 50.0000 36.6761 43.1242 51.9442
15059.0000 0.0437 76.4671 50.0000 36.2694 42.6907 52.0505
15060.0000 0.0469 76.5357 50.0000 35.4612 43.3917 52.1285
15061.0000 0.0479 76.5693 50.0000 35.4845 43.2389 52.2887
15062.0000 0.0470 76.9174 50.0000 35.7700 43.3990 52.4721
15063.0000 0.0468 77.0486 50.0000 36.0887 43.1500 52.6515
15064.0000 0.0524 76.7655 50.0000 35.7454 42.4768 53.0182
15065.0000 0.0549 76.5946 50.0000 35.3627 42.4337 53.0622
15066.0000 0.0521 76.4609 50.0000 35.6170 42.3287 52.7823
15067.0000 0.0510 76.3409 50.0000 35.5553 42.4273 52.5707
15068.0000 0.0448 76.6318 50.0000 35.4759 43.8284 51.8938
15069.0000 0.0486 76.5812 50.0000 34.7681 44.2046 51.9790
15070.0000 0.0445 76.3252 50.0000 35.3919 43.6295 51.6663
15071.0000 0.0474 76.8450 50.0000 35.2326 44.0369 52.1974
15072.0000 0.0437 76.2873 50.0000 35.2231 43.9768 51.4307
15073.0000 0.0423 75.8559 50.0000 35.3383 43.4884 51.1281
15074.0000 0.0395 75.7900 50.0000 35.3999 43.8193 50.7035
15075.0000 0.0452 76.3578 50.0000 35.1802 43.8662 51.6587
15076.0000 0.0434 76.5228 50.0000 35.3796 44.0934 51.5732
15077.0000 0.0448 76.7155 50.0000 35.5839 43.7721 51.9909
15078.0000 0.0447 76.9003 50.0000 35.5857 44.0347 52.0409
15079.0000 0.0449 76.8790 50.0000 35.3999 44.2540 51.9501
15080.0000 0.0401 76.5500 50.0000 35.7759 44.1129 51.3229
15081.0000 0.0412 76.4912 50.0000 35.2894 44.6246 51.1292
15082.0000 0.0360 76.2918 50.0000 35.8479 44.4557 50.5872
15083.0000 0.0373 76.2378 50.0000 35.7665 44.2438 50.7488
15084.0000 0.0399 76.3152 50.0000 35.3743 44.4914 50.9234
15085.0000 0.0374 75.9769 50.0000 35.4623 44.3857 50.4462
15086.0000 0.0348 76.1515 50.0000 36.1587 43.9923 50.5595
15087.0000 0.0332 76.0394 50.0000 36.0543 44.3506 50.1508
15088.0000 0.0294 75.9763 50.0000 36.6451 44.0883 49.8574
15089.0000 0.0276 76.2139 50.0000 36.7627 44.6773 49.6086
15090.0000 0.0349 76.5288 50.0000 35.9552 44.8614 50.5108
15091.0000 0.0390 76.8562 50.0000 35.2420 45.7541 50.7093
15092.0000 0.0342 77.1541 50.0000 35.8189 46.3235 50.2383
15093.0000 0.0379 77.2851 50.0000 35.4436 46.3183 50.7086
15094.0000 0.0366 76.9510 50.0000 35.3020 46.4959 50.1334
15095.0000 0.0431 76.9445 50.0000 34.7692 45.8255 51.1037
15096.0000 0.0467 77.2544 50.0000 34.5936 45.8051 51.7050
15097.0000 0.0466 77.3934 50.0000 35.1427 45.0236 52.2265
15098.0000 0.0462 77.5418 50.0000 35.1315 45.3169 52.2004
15099.0000 0.0436 77.7445 50.0000 35.5892 45.3348 52.1764
15100.0000 0.0509 77.7247 50.0000 34.6019 45.5768 52.5985
15101.0000 0.0523 77.8214 50.0000 34.6142 45.4163 52.8715
15102.0000 0.0542 77.5083 50.0000 34.1678 45.3878 52.7262
15103.0000 0.0488 77.2257 50.0000 34.3965 45.6771 51.9066
15104.0000 0.0463 76.9074 50.0000 34.6693 45.2487 51.6269
15105.0000 0.0447 76.6944 50.0000 34.6887 45.2546 51.2908
15106.0000 0.0386 76.1913 50.0000 35.0302 45.2585 50.2959
15107.0000 0.0355 75.9082 50.0000 35.1145 45.4786 49.6058
15108.0000 0.0380 75.9087 50.0000 35.1364 44.7695 50.2320
15109.0000 0.0344 75.6939 50.0000 35.5527 44.5014 49.8517
15110.0000 0.0356 75.4523 50.0000 35.6100 43.7865 50.0771
15111.0000 0.0295 75.2411 50.0000 36.1095 43.9746 49.2296
15112.0000 0.0320 75.5936 50.0000 36.3310 43.5295 49.9963
15113.0000 0.0328 75.6950 50.0000 36.2994 43.5504 50.1543
15114.0000 0.0332 75.6637 50.0000 35.8183 44.2513 49.8385
15115.0000 0.0308 75.2005 50.0000 35.8802 44.0199 49.2948
15116.0000 0.0329 75.3942 50.0000 35.9067 43.7666 49.7944
15117.0000 0.0305 75.4661 50.0000 36.4613 43.4567 49.7716
15118.0000 0.0281 75.3290 50.0000 36.4443 43.8272 49.2489
15119.0000 0.0224 75.0111 50.0000 37.1332 43.5568 48.4830
15120.0000 0.0255 75.3202 50.0000 36.8969 43.6335 49.0699
15121.0000 0.0248 75.8851 50.0000 37.2463 44.0021 49.3465
15122.0000 0.0288 76.1866 50.0000 36.9944 43.9224 50.0663
15123.0000 0.0265 76.1430 50.0000 36.9728 44.4718 49.5280
15124.0000 0.0248 75.6753 50.0000 37.2074 43.7837 49.2478
15125.0000 0.0276 76.1729 50.0000 36.7483 44.6379 49.5916
15126.0000 0.0340 76.5274 50.0000 36.2359 44.5581 50.5764
15127.0000 0.0339 76.4270 50.0000 36.5090 43.9743 50.7389
15128.0000 0.0293 76.3711 50.0000 36.7607 44.4871 50.0210
15129.0000 0.0254 75.9865 50.0000 37.0011 44.4766 49.2615
15130.0000 0.0296 76.2667 50.0000 36.7625 44.2643 50.0580
15131.0000 0.0257 76.2103 50.0000 37.4447 43.9083 49.7792
15132.0000 0.0245 76.3351 50.0000 37.5128 44.2623 49.6052
15133.0000 0.0274 76.3242 50.0000 37.2490 44.0089 50.0110
15134.0000 0.0303 76.2023 50.0000 37.0799 43.4911 50.4023
15135.0000 0.0300 76.3070 50.0000 37.1598 43.5840 50.4216
15136.0000 0.0280 76.3050 50.0000 37.3687 43.6587 50.1990
15137.0000 0.0310 76.3480 50.0000 37.0628 43.5777 50.5603
15138.0000 0.0276 76.4451 50.0000 37.9918 43.0064 50.5067
15139.0000 0.0241 76.9243 50.0000 37.8647 44.5949 49.9491
15140.0000 0.0221 76.7922 50.0000 37.9455 44.8127 49.4874
15141.0000 0.0235 77.0933 50.0000 37.7063 45.3362 49.6613
15142.0000 0.0225 76.6473 50.0000 37.7301 44.8811 49.3653
15143.0000 0.0178 76.4367 50.0000 38.3567 44.7933 48.6302
15144.0000 0.0207 76.3505 50.0000 38.1652 44.1470 49.2328
15145.0000 0.0214 76.5935 50.0000 38.2060 44.2357 49.4982
15146.0000 0.0261 76.6431 50.0000 37.8050 43.8364 50.2326
15147.0000 0.0225 76.5353 50.0000 38.2504 43.8103 49.7516
15148.0000 0.0237 76.4127 50.0000 38.1614 43.5008 49.9028
15149.0000 0.0216 76.6328 50.0000 38.2937 44.0972 49.6147
15150.0000 0.0215 76.5709 50.0000 38.2371 44.1255 49.5375
15151.0000 0.0253 76.6604 50.0000 37.9894 43.7548 50.1910
15152.0000 0.0220 76.2348 50.0000 38.3802 43.3133 49.6253
15153.0000 0.0276 76.4247 50.0000 37.5967 43.5548 50.3010
15154.0000 0.0314 76.1542 50.0000 36.8803 43.5302 50.4423
15155.0000 0.0324 75.8581 50.0000 36.7477 43.1542 50.4160
15156.0000 0.0309 75.8036 50.0000 36.6842 43.4742 50.1044
15157.0000 0.0253 75.2508 50.0000 37.0365 43.3517 49.1082
15158.0000 0.0309 75.6343 50.0000 36.3730 43.7421 49.8416
15159.0000 0.0317 75.5988 50.0000 36.0368 44.1128 49.7050
15160.0000 0.0308 75.5275 50.0000 36.3113 43.7124 49.7505
15161.0000 0.0329 75.4955 50.0000 36.0799 43.6190 49.9519
15162.0000 0.0275 75.5515 50.0000 36.5339 44.1292 49.2537
15163.0000 0.0270 75.5234 50.0000 36.4684 44.3478 49.0623
15164.0000 0.0272 75.8564 50.0000 36.4292 44.9299 49.0755
15165.0000 0.0264 75.7590 50.0000 36.4568 44.9501 48.8858
15166.0000 0.0192 75.6133 50.0000 37.4397 44.9462 47.9112
15167.0000 0.0252 75.8075 50.0000 36.8714 44.4917 49.0690
15168.0000 0.0263 76.2676 50.0000 37.3405 44.0336 49.8345
15169.0000 0.0270 76.0200 50.0000 36.9196 44.2548 49.5732
15170.0000 0.0261 76.1023 50.0000 37.2257 44.0451 49.6572
15171.0000 0.0234 76.2940 50.0000 37.7163 44.1403 49.4964
15172.0000 0.0261 76.3468 50.0000 37.1029 44.6296 49.6025
15173.0000 0.0278 76.6288 50.0000 36.7114 45.3798 49.6480
15174.0000 0.0299 76.5029 50.0000 36.5082 45.0036 49.9452
15175.0000 0.0265 76.1987 50.0000 36.9740 44.5471 49.5451
15176.0000 0.0235 76.0853 50.0000 37.3612 44.4565 49.1603
15177.0000 0.0251 75.6371 50.0000 36.9506 44.1100 49.0911
15178.0000 0.0242 75.7878 50.0000 37.0977 44.3081 49.0341
15179.0000 0.0202 75.7624 50.0000 37.7646 44.1384 48.6373
15180.0000 0.0193 75.7767 50.0000 38.0615 43.8531 48.6862
15181.0000 0.0210 75.5655 50.0000 37.5816 43.9494 48.6437
15182.0000 0.0216 75.6382 50.0000 37.2938 44.4448 48.5280
15183.0000 0.0199 74.9935 50.0000 37.3979 43.7477 48.0787
15184.0000 0.0184 75.0859 50.0000 37.4827 44.2111 47.7317
15185.0000 0.0226 75.2673 50.0000 37.0811 43.9917 48.5272
15186.0000 0.0214 75.2988 50.0000 37.3142 43.9184 48.4637
15187.0000 0.0278 75.5705 50.0000 37.3318 42.7993 49.8545
15188.0000 0.0251 75.2445 50.0000 37.4564 42.7318 49.3229
15189.0000 0.0308 75.3444 50.0000 37.1524 42.2097 50.1481
15190.0000 0.0360 75.7637 50.0000 36.5179 42.7255 50.8047
15191.0000 0.0393 75.9876 50.0000 36.1755 42.9218 51.2169
15192.0000 0.0423 76.2436 50.0000 36.1570 42.7837 51.7234
15193.0000 0.0345 75.4522 50.0000 36.8467 42.1355 50.5960
15194.0000 0.0294 75.3217 50.0000 37.3623 42.1506 50.0075
15195.0000 0.0325 75.3548 50.0000 37.2704 41.7883 50.4281
15196.0000 0.0323 75.2856 50.0000 37.1561 41.8801 50.3330
15197.0000 0.0334 74.9148 50.0000 36.7608 41.7824 50.1507
15198.0000 0.0303 74.5829 50.0000 37.3032 41.1787 49.7534
15199.0000 0.0318 74.7808 50.0000 37.1281 41.3976 49.9992
15200.0000 0.0347 75.0506 50.0000 36.5749 41.9716 50.3315
15201.0000 0.0322 75.1074 50.0000 37.0825 41.7818 50.2025
15202.0000 0.0306 74.9443 50.0000 37.5916 41.1979 50.0624
15203.0000 0.0341 75.0386 50.0000 37.4705 40.9232 50.5178
15204.0000 0.0372 75.0797 50.0000 37.3788 40.6375 50.8762
15205.0000 0.0380 74.9850 50.0000 37.3952 40.3967 50.9162
15206.0000 0.0345 75.3137 50.0000 37.4318 41.2243 50.7106
15207.0000 0.0327 75.2284 50.0000 37.5571 41.2468 50.4726
15208.0000 0.0278 74.8763 50.0000 37.3979 41.8235 49.5849
15209.0000 0.0281 74.8942 50.0000 37.1304 42.1652 49.5234
15210.0000 0.0303 74.8740 50.0000 37.2092 41.6549 49.8645
15211.0000 0.0307 75.1248 50.0000 37.2346 41.8559 50.0539
15212.0000 0.0308 74.9623 50.0000 37.2434 41.6194 50.0009
15213.0000 0.0253 74.9957 50.0000 37.4869 42.3152 49.2800
15214.0000 0.0267 75.1421 50.0000 37.4608 42.2807 49.5516
15215.0000 0.0276 74.9547 50.0000 37.5722 41.7267 49.6530
15216.0000 0.0298 74.9212 50.0000 37.5476 41.3596 49.9275
15217.0000 0.0310 74.8165 50.0000 37.6884 40.8692 50.0680
15218.0000 0.0267 74.8947 50.0000 37.8551 41.4477 49.5813
15219.0000 0.0261 74.8657 50.0000 37.9991 41.3351 49.5211
15220.0000 0.0269 74.6690 50.0000 37.3049 41.8584 49.3121
15221.0000 0.0263 74.6386 50.0000 36.9431 42.4480 49.0336
15222.0000 0.0258 74.6354 50.0000 37.2043 42.1636 49.0767
15223.0000 0.0236 74.6459 50.0000 37.2138 42.6161 48.6930
15224.0000 0.0222 75.2239 50.0000 37.6712 43.0018 48.8913
15225.0000 0.0235 75.6676 50.0000 37.9062 42.9557 49.4319
15226.0000 0.0233 75.6941 50.0000 37.7451 43.2732 49.3188
15227.0000 0.0212 75.7145 50.0000 38.2885 42.9337 49.2278
15228.0000 0.0233 75.8588 50.0000 38.1912 42.8319 49.6127
15229.0000 0.0212 75.6304 50.0000 38.3281 42.7737 49.2069
15230.0000 0.0246 75.8528 50.0000 37.7243 43.2387 49.6078
15231.0000 0.0283 75.9482 50.0000 37.7473 42.5865 50.2957
15232.0000 0.0269 76.2820 50.0000 37.8482 43.1244 50.2668
15233.0000 0.0228 76.0159 50.0000 38.0985 43.2700 49.5442
15234.0000 0.0234 75.8457 50.0000 37.7850 43.4015 49.4083
15235.0000 0.0205 75.6892 50.0000 38.2246 43.1566 49.0433
15236.0000 0.0227 75.9948 50.0000 37.8766 43.6009 49.3917
15237.0000 0.0196 75.4176 50.0000 37.8748 43.5755 48.5231
15238.0000 0.0230 75.6601 50.0000 37.5565 43.5919 49.1294
15239.0000 0.0251 75.8087 50.0000 37.2574 43.8156 49.3866
15240.0000 0.0245 76.1066 50.0000 37.5612 43.8535 49.5806
15241.0000 0.0261 75.6933 50.0000 37.5724 42.9320 49.7457
15242.0000 0.0289 75.3890 50.0000 37.1422 42.6305 49.8658
15243.0000 0.0262 75.0918 50.0000 37.6181 42.0789 49.5280
15244.0000 0.0340 74.7653 50.0000 36.7271 41.5374 50.1559
15245.0000 0.0369 75.2700 50.0000 36.7832 41.6262 50.7919
15246.0000 0.0327 75.0677 50.0000 37.3185 41.3440 50.3305
15247.0000 0.0362 75.1747 50.0000 36.4315 42.0732 50.5355
15248.0000 0.0314 74.9672 50.0000 36.6606 42.3284 49.8436
15249.0000 0.0332 75.3783 50.0000 36.7061 42.4579 50.3177
15250.0000 0.0275 74.8098 50.0000 37.0434 42.2920 49.3526
15251.0000 0.0300 75.0485 50.0000 36.7002 42.6336 49.6765
15252.0000 0.0228 74.6989 50.0000 37.4255 42.5458 48.6736
15253.0000 0.0191 74.5718 50.0000 37.7579 42.7021 48.0815
15254.0000 0.0171 74.5041 50.0000 37.9657 42.7724 47.7493
15255.0000 0.0169 74.2884 50.0000 37.9682 42.5189 47.6374
15256.0000 0.0159 74.4719 50.0000 38.3256 42.4719 47.6798
15257.0000 0.0174 74.6016 50.0000 38.6317 41.8496 48.1829
15258.0000 0.0206 74.6924 50.0000 38.0421 42.1099 48.5645
15259.0000 0.0219 74.4279 50.0000 37.7837 41.8664 48.5707
15260.0000 0.0246 74.4540 50.0000 37.4851 41.7734 48.9208
15261.0000 0.0238 74.7115 50.0000 37.7103 41.9469 48.9918
15262.0000 0.0254 74.8804 50.0000 37.5998 42.0027 49.2859
15263.0000 0.0284 74.9537 50.0000 37.6012 41.5563 49.7722
15264.0000 0.0254 74.5588 50.0000 38.2702 40.7615 49.3245
15265.0000 0.0267 74.6162 50.0000 38.4433 40.4313 49.5480
15266.0000 0.0263 74.1333 50.0000 38.4454 39.9506 49.2102
15267.0000 0.0236 74.1244 50.0000 38.7028 40.0717 48.8957
15268.0000 0.0227 74.3823 50.0000 38.0920 41.2333 48.8011
15269.0000 0.0155 74.3857 50.0000 39.0367 41.4731 47.8473
15270.0000 0.0169 74.5227 50.0000 39.6551 40.6285 48.2745
15271.0000 0.0252 75.0169 50.0000 39.3199 40.1342 49.7063
15272.0000 0.0290 74.6725 50.0000 38.4269 40.1523 49.8713
15273.0000 0.0266 74.7395 50.0000 38.5998 40.4083 49.6309
15274.0000 0.0218 74.5462 50.0000 38.8519 40.6865 48.9109
15275.0000 0.0235 74.6702 50.0000 38.6948 40.7051 49.2081
15276.0000 0.0244 74.7579 50.0000 38.4817 40.9098 49.3386
15277.0000 0.0322 75.1395 50.0000 37.9280 40.7714 50.4490
15278.0000 0.0339 75.1781 50.0000 37.8768 40.6324 50.6567
15279.0000 0.0347 75.2280 50.0000 37.6522 40.8377 50.7331
15280.0000 0.0313 75.2123 50.0000 37.9550 40.9633 50.3817
15281.0000 0.0332 75.0345 50.0000 37.4519 41.0700 50.4061
15282.0000 0.0314 75.2604 50.0000 37.1220 42.0477 50.1805
15283.0000 0.0317 75.7815 50.0000 37.1156 42.6446 50.4650
15284.0000 0.0317 75.8640 50.0000 37.3562 42.4182 50.6019
15285.0000 0.0304 76.0630 50.0000 37.0588 43.3289 50.3471
15286.0000 0.0356 76.1743 50.0000 36.6208 43.1612 50.9761
15287.0000 0.0333 75.8152 50.0000 36.9554 42.6357 50.6403
15288.0000 0.0369 76.1637 50.0000 36.9070 42.5196 51.2920
15289.0000 0.0393 76.7503 50.0000 37.0845 42.6179 51.9525
15290.0000 0.0337 76.5698 50.0000 37.5785 42.6382 51.3106
15291.0000 0.0331 76.7476 50.0000 37.7007 42.8014 51.3507
15292.0000 0.0330 76.4274 50.0000 37.6120 42.5482 51.1481
15293.0000 0.0345 76.7190 50.0000 37.9792 42.1757 51.6197
15294.0000 0.0372 76.9690 50.0000 37.8957 42.1597 52.0644
15295.0000 0.0362 76.7943 50.0000 37.6785 42.3807 51.7840
15296.0000 0.0339 76.8734 50.0000 37.7301 42.7715 51.5418
15297.0000 0.0389 77.0430 50.0000 37.8190 42.0877 52.2874
15298.0000 0.0359 77.1110 50.0000 38.0384 42.3493 52.0166
15299.0000 0.0348 77.1313 50.0000 37.7564 42.9066 51.7950
15300.0000 0.0338 77.5621 50.0000 37.8187 43.5163 51.8840
15301.0000 0.0390 77.6008 50.0000 38.3369 42.0920 52.7297
15302.0000 0.0404 77.5649 50.0000 38.2507 41.9484 52.8538
15303.0000 0.0483 78.2615 50.0000 38.0125 41.9397 54.0460
15304.0000 0.0388 77.7894 50.0000 38.4244 42.2306 52.8331
15305.0000 0.0385 77.4964 50.0000 38.5285 41.8140 52.6577
15306.0000 0.0501 78.5625 50.0000 37.4800 42.6778 54.2763
15307.0000 0.0392 78.5725 50.0000 38.6037 42.8433 53.3651
15308.0000 0.0390 78.6473 50.0000 38.5751 42.9843 53.3827
15309.0000 0.0403 78.6589 50.0000 38.2879 43.1608 53.4641
15310.0000 0.0369 78.4162 50.0000 38.6976 42.8919 53.0273
15311.0000 0.0332 78.0106 50.0000 38.7048 42.9903 52.3396
15312.0000 0.0342 78.0313 50.0000 39.2694 42.1759 52.6117
15313.0000 0.0342 78.3919 50.0000 39.6778 42.1197 52.8856
15314.0000 0.0296 77.9243 50.0000 39.2997 42.7329 51.9772
15315.0000 0.0299 77.9185 50.0000 38.7476 43.3697 51.8554
15316.0000 0.0324 77.7808 50.0000 38.3412 43.3137 51.9974
15317.0000 0.0300 77.8112 50.0000 38.4851 43.5786 51.7144
15318.0000 0.0300 77.8220 50.0000 38.3072 43.8462 51.6365
15319.0000 0.0310 78.0081 50.0000 37.9875 44.3426 51.7296
15320.0000 0.0341 77.8407 50.0000 38.2557 43.2108 52.2350
15321.0000 0.0290 78.0707 50.0000 38.8501 43.5889 51.8238
15322.0000 0.0283 77.7734 50.0000 38.6707 43.5889 51.5101
15323.0000 0.0277 77.9416 50.0000 39.3333 43.0388 51.7248
15324.0000 0.0248 77.8376 50.0000 39.4361 43.2999 51.2700
15325.0000 0.0209 77.8053 50.0000 40.2170 43.0172 50.8505
15326.0000 0.0232 77.7975 50.0000 40.5973 42.1541 51.2577
15327.0000 0.0218 78.1492 50.0000 40.5194 42.8977 51.2374
15328.0000 0.0258 78.0793 50.0000 39.6367 43.1639 51.5964
15329.0000 0.0265 78.4205 50.0000 39.3137 43.8521 51.7804
15330.0000 0.0259 78.4392 50.0000 39.4939 43.7636 51.7464
15331.0000 0.0246 78.6978 50.0000 39.7364 43.9905 51.7609
15332.0000 0.0322 78.8250 50.0000 38.6488 44.2035 52.5899
15333.0000 0.0291 78.4929 50.0000 38.6034 44.4363 51.9261
15334.0000 0.0294 78.3980 50.0000 38.4611 44.4585 51.8694
15335.0000 0.0312 78.6971 50.0000 38.3225 44.7068 52.2104
15336.0000 0.0297 78.5062 50.0000 38.6744 44.2324 52.0673
15337.0000 0.0294 78.8253 50.0000 38.5503 44.8774 52.0895
15338.0000 0.0321 78.8514 50.0000 38.5636 44.3767 52.5462
15339.0000 0.0365 79.2068 50.0000 38.6630 43.9209 53.3840
15340.0000 0.0386 78.9826 50.0000 38.2331 43.8670 53.4056
15341.0000 0.0345 78.8667 50.0000 38.5354 44.0111 52.8961
15342.0000 0.0389 78.6965 50.0000 38.1117 43.6392 53.2566
15343.0000 0.0391 78.4531 50.0000 37.7864 43.7509 53.0371
15344.0000 0.0412 78.8726 50.0000 37.7619 43.9448 53.5143
15345.0000 0.0393 79.0380 50.0000 38.0108 44.1205 53.4375
15346.0000 0.0398 78.5862 50.0000 38.2508 43.2013 53.3509
15347.0000 0.0430 78.7565 50.0000 38.2628 42.9160 53.8216
15348.0000 0.0444 78.7030 50.0000 37.7746 43.2509 53.8201
15349.0000 0.0446 78.5288 50.0000 37.6860 43.1387 53.7176
15350.0000 0.0423 78.2988 50.0000 37.6930 43.1928 53.3322
15351.0000 0.0396 78.2279 50.0000 37.9999 43.1279 53.0622
15352.0000 0.0413 78.2980 50.0000 37.8925 43.0951 53.2686
15353.0000 0.0427 78.1399 50.0000 37.8568 42.7471 53.3421
15354.0000 0.0411 77.8053 50.0000 37.8799 42.5722 52.9753
15355.0000 0.0358 77.9339 50.0000 38.2261 43.0820 52.5015
15356.0000 0.0366 77.8423 50.0000 38.0610 43.0585 52.5047
15357.0000 0.0318 77.6568 50.0000 38.3447 43.2702 51.8454
15358.0000 0.0345 77.7826 50.0000 38.0706 43.3181 52.1948
15359.0000 0.0307 78.0474 50.0000 38.2158 44.1166 51.8139
15360.0000 0.0304 78.1244 50.0000 37.6594 45.1429 51.4520
15361.0000 0.0328 77.8570 50.0000 37.7417 44.1620 51.8362
15362.0000 0.0312 77.6457 50.0000 37.6292 44.3814 51.4120
15363.0000 0.0344 77.7994 50.0000 37.1385 44.7032 51.7215
15364.0000 0.0331 77.7205 50.0000 37.1127 44.9041 51.4465
15365.0000 0.0330 77.4198 50.0000 36.6539 45.3201 50.9549
15366.0000 0.0381 77.5600 50.0000 36.0134 45.4938 51.4676
15367.0000 0.0334 77.3704 50.0000 36.5930 45.2492 50.9867
15368.0000 0.0301 77.4691 50.0000 37.1988 45.0895 50.8395
15369.0000 0.0359 77.4269 50.0000 36.6836 44.6358 51.5451
15370.0000 0.0384 77.4636 50.0000 36.5088 44.4704 51.8662
15371.0000 0.0355 76.9961 50.0000 36.7886 43.9728 51.3945
15372.0000 0.0353 76.8476 50.0000 36.7440 43.8898 51.2749
15373.0000 0.0450 76.8542 50.0000 36.5249 42.6126 52.5039
15374.0000 0.0452 77.1530 50.0000 36.8900 42.4648 52.8058
15375.0000 0.0428 77.0664 50.0000 36.5473 43.1604 52.3517
15376.0000 0.0413 76.9570 50.0000 37.0755 42.5720 52.3012
15377.0000 0.0353 76.8511 50.0000 37.9108 42.2914 51.7717
15378.0000 0.0371 76.6765 50.0000 37.7580 42.0117 51.8522
15379.0000 0.0352 76.8620 50.0000 38.5681 41.5254 51.9221
15380.0000 0.0304 76.5194 50.0000 38.4478 42.0160 51.1043
15381.0000 0.0299 76.6035 50.0000 37.9177 42.8840 50.9050
15382.0000 0.0210 76.3187 50.0000 39.5604 42.0455 49.9168
15383.0000 0.0238 76.2704 50.0000 39.7978 41.2342 50.3293
15384.0000 0.0254 76.2122 50.0000 39.2437 41.5302 50.4329
15385.0000 0.0251 76.4828 50.0000 38.9359 42.2533 50.4804
15386.0000 0.0273 76.4117 50.0000 39.0961 41.6193 50.7748
15387.0000 0.0200 76.3259 50.0000 40.0876 41.6227 49.8616
15388.0000 0.0184 76.3681 50.0000 40.1507 41.8936 49.6481
15389.0000 0.0266 76.9150 50.0000 39.9530 41.3240 51.1077
15390.0000 0.0260 76.7762 50.0000 39.2970 42.0049 50.8519
15391.0000 0.0280 76.6942 50.0000 39.1704 41.7291 51.0525
15392.0000 0.0230 77.0290 50.0000 40.0726 41.9130 50.7045
15393.0000 0.0292 77.4615 50.0000 40.0566 41.4139 51.7749
15394.0000 0.0310 77.1136 50.0000 40.1516 40.6789 51.7647
15395.0000 0.0318 76.9911 50.0000 39.9662 40.6240 51.7689
15396.0000 0.0309 76.7556 50.0000 39.9270 40.5415 51.5136
15397.0000 0.0327 77.3155 50.0000 39.4371 41.4072 52.0369
15398.0000 0.0319 77.5017 50.0000 39.3642 41.8147 52.0433
15399.0000 0.0284 77.4332 50.0000 39.6125 41.9983 51.6032
15400.0000 0.0275 77.2553 50.0000 39.6467 41.8993 51.3903
15401.0000 0.0266 77.3219 50.0000 40.0137 41.7005 51.3679
15402.0000 0.0294 77.6356 50.0000 39.7706 41.8878 51.8749
15403.0000 0.0283 77.6714 50.0000 40.1494 41.6738 51.8089
15404.0000 0.0264 77.6698 50.0000 40.3796 41.7286 51.5829
15405.0000 0.0256 77.7925 50.0000 40.7840 41.5470 51.5963
15406.0000 0.0258 77.4180 50.0000 40.5963 41.3184 51.3641
15407.0000 0.0254 77.6108 50.0000 40.3176 41.8814 51.4187
15408.0000 0.0268 77.6572 50.0000 39.6187 42.5074 51.5181
15409.0000 0.0325 77.6468 50.0000 39.1978 42.0832 52.1686
15410.0000 0.0384 77.8311 50.0000 39.0449 41.6117 52.9305
15411.0000 0.0291 77.4744 50.0000 39.7943 41.7349 51.7387
15412.0000 0.0337 77.7125 50.0000 39.7769 41.3289 52.4305
15413.0000 0.0354 77.6961 50.0000 38.6392 42.3606 52.4335
15414.0000 0.0348 77.7878 50.0000 39.1994 41.8934 52.5290
15415.0000 0.0295 77.7930 50.0000 39.2477 42.6588 51.8806
15416.0000 0.0244 78.0364 50.0000 39.3716 43.7077 51.2756
15417.0000 0.0204 77.7134 50.0000 39.8537 43.4731 50.6078
15418.0000 0.0235 77.9365 50.0000 39.7340 43.2914 51.1972
15419.0000 0.0224 77.7029 50.0000 39.9359 42.9602 50.9637
15420.0000 0.0180 77.8168 50.0000 40.4776 43.2923 50.4262
15421.0000 0.0187 77.7612 50.0000 40.5745 42.9598 50.5467
15422.0000 0.0186 77.7216 50.0000 40.9392 42.5189 50.5645
15423.0000 0.0189 77.4227 50.0000 40.7708 42.2947 50.4300
15424.0000 0.0256 77.5874 50.0000 40.0157 42.1733 51.3806
15425.0000 0.0244 77.4469 50.0000 39.5970 42.7022 51.0550
15426.0000 0.0356 77.7110 50.0000 38.6416 42.3481 52.4640
15427.0000 0.0319 77.2283 50.0000 39.3093 41.5770 51.8685
15428.0000 0.0229 77.1009 50.0000 39.9270 42.1663 50.7187
15429.0000 0.0301 77.2672 50.0000 39.5287 41.6381 51.7104
15430.0000 0.0271 77.3125 50.0000 39.7825 41.8817 51.3858
15431.0000 0.0236 77.5825 50.0000 40.2972 42.1856 51.1425
15432.0000 0.0248 77.2358 50.0000 40.3925 41.4867 51.1143
15433.0000 0.0274 77.5203 50.0000 40.2462 41.5499 51.6067
15434.0000 0.0273 77.2920 50.0000 39.9570 41.6342 51.4207
15435.0000 0.0245 77.5238 50.0000 40.4284 41.8098 51.2584
15436.0000 0.0248 77.5853 50.0000 39.7219 42.6485 51.2128
15437.0000 0.0197 77.4852 50.0000 40.4361 42.6091 50.5305
15438.0000 0.0265 77.5786 50.0000 39.3644 42.7719 51.3755
15439.0000 0.0246 77.7873 50.0000 39.5475 43.1416 51.2413
15440.0000 0.0244 77.9034 50.0000 39.2977 43.6421 51.1859
15441.0000 0.0264 77.8346 50.0000 38.9324 43.6670 51.3390
15442.0000 0.0248 77.6216 50.0000 39.2236 43.3169 51.0908
15443.0000 0.0251 78.0362 50.0000 38.6850 44.5475 51.0748
15444.0000 0.0170 77.9718 50.0000 39.6335 44.9672 49.8672
15445.0000 0.0225 78.1122 50.0000 39.2508 44.3850 50.9005
15446.0000 0.0199 77.7510 50.0000 39.4184 44.2506 50.3318
15447.0000 0.0213 77.7523 50.0000 40.0951 43.0240 50.8600
15448.0000 0.0209 77.7752 50.0000 39.5263 43.8932 50.5969
15449.0000 0.0251 77.6459 50.0000 39.8605 42.4957 51.3238
15450.0000 0.0190 77.9143 50.0000 40.7277 42.9038 50.7067
15451.0000 0.0218 78.2052 50.0000 40.7194 42.7223 51.3108
15452.0000 0.0188 77.5908 50.0000 40.7897 42.4825 50.5151
15453.0000 0.0201 77.7543 50.0000 40.7594 42.4742 50.7970
15454.0000 0.0160 77.4722 50.0000 41.1947 42.4403 50.0375
15455.0000 0.0127 77.3420 50.0000 40.8954 43.3869 49.2639
15456.0000 0.0121 77.2782 50.0000 40.5674 43.9372 48.9462
15457.0000 0.0132 77.5066 50.0000 40.8422 43.5380 49.4331
15458.0000 0.0186 77.7789 50.0000 40.0392 43.6810 50.3824
15459.0000 0.0171 77.5554 50.0000 39.8618 44.0022 49.8968
15460.0000 0.0193 77.8560 50.0000 40.3985 43.1658 50.6579
15461.0000 0.0241 77.5515 50.0000 40.2394 42.1239 51.1918
15462.0000 0.0222 77.3202 50.0000 40.4423 41.9667 50.8097
15463.0000 0.0276 77.4510 50.0000 39.7931 41.9385 51.5395
15464.0000 0.0248 77.6047 50.0000 40.2288 42.0799 51.3168
15465.0000 0.0263 77.2956 50.0000 39.6727 42.1072 51.2607
15466.0000 0.0237 77.1545 50.0000 39.3927 42.7421 50.7361
15467.0000 0.0198 77.4358 50.0000 40.4460 42.5253 50.5176
15468.0000 0.0215 77.2192 50.0000 40.1475 42.3064 50.6077
15469.0000 0.0211 77.4384 50.0000 39.9936 42.8158 50.6362
15470.0000 0.0187 77.3927 50.0000 39.8502 43.4292 50.1546
15471.0000 0.0210 77.0839 50.0000 39.1667 43.4893 50.1656
15472.0000 0.0164 76.5928 50.0000 39.8021 43.0228 49.3081
15473.0000 0.0169 76.4383 50.0000 39.0466 43.8044 48.9831
15474.0000 0.0209 76.5654 50.0000 38.6373 43.6104 49.6744
15475.0000 0.0266 76.6710 50.0000 37.8540 43.6852 50.3699
15476.0000 0.0225 76.5011 50.0000 37.9642 44.2288 49.5475
15477.0000 0.0242 76.6501 50.0000 38.0708 43.8554 50.0255
15478.0000 0.0229 76.3999 50.0000 37.7980 44.2649 49.4861
15479.0000 0.0216 76.1404 50.0000 37.8292 44.1715 49.1445
15480.0000 0.0214 76.0302 50.0000 37.7303 44.2437 48.9848
15481.0000 0.0223 76.4647 50.0000 37.7205 44.6730 49.2781
15482.0000 0.0228 76.3488 50.0000 37.6811 44.4294 49.3488
15483.0000 0.0218 76.2318 50.0000 38.0478 43.8795 49.3786
15484.0000 0.0227 76.5637 50.0000 38.0184 44.1623 49.6617
15485.0000 0.0285 76.6764 50.0000 37.3992 44.0102 50.4349
15486.0000 0.0267 76.5162 50.0000 37.6673 43.7585 50.2105
15487.0000 0.0275 76.8083 50.0000 38.4487 42.8433 50.8494
15488.0000 0.0216 76.2384 50.0000 38.3406 43.4696 49.5246
15489.0000 0.0197 76.3361 50.0000 38.7149 43.4631 49.3894
15490.0000 0.0216 76.5602 50.0000 38.5372 43.6084 49.7458
15491.0000 0.0234 77.0517 50.0000 38.2739 44.2716 50.1208
15492.0000 0.0255 76.7048 50.0000 37.9365 43.8496 50.2162
15493.0000 0.0231 75.7708 50.0000 37.5555 43.7470 49.1629
15494.0000 0.0235 75.4761 50.0000 37.1999 43.8393 48.8970
15495.0000 0.0252 75.5553 50.0000 36.7297 44.3816 48.8857
15496.0000 0.0268 75.5586 50.0000 36.3568 44.7220 48.8594
15497.0000 0.0259 75.4545 50.0000 36.4551 44.6033 48.7335
15498.0000 0.0289 75.6466 50.0000 36.6214 43.7857 49.6396
15499.0000 0.0274 75.7142 50.0000 36.8792 43.7912 49.5469
15500.0000 0.0258 76.2082 50.0000 37.3143 44.1035 49.7013
15501.0000 0.0270 76.2400 50.0000 36.7170 44.9829 49.4058
15502.0000 0.0281 75.9176 50.0000 36.7303 44.1766 49.6264
15503.0000 0.0321 76.1065 50.0000 36.1365 44.5766 49.9928
15504.0000 0.0357 76.4641 50.0000 36.0953 44.3444 50.7687
15505.0000 0.0308 76.1544 50.0000 36.6533 44.0087 50.1923
15506.0000 0.0324 76.2034 50.0000 36.5184 43.9669 50.4012
15507.0000 0.0267 75.9341 50.0000 37.4121 43.3615 49.8609
15508.0000 0.0282 75.9926 50.0000 37.2663 43.3573 50.0623
15509.0000 0.0295 76.2289 50.0000 37.4917 43.0857 50.4861
15510.0000 0.0278 76.6090 50.0000 37.5590 43.8198 50.3794
15511.0000 0.0267 76.5691 50.0000 37.5038 44.0764 50.1355
15512.0000 0.0251 76.4271 50.0000 37.7144 43.9077 49.9083
15513.0000 0.0262 76.6935 50.0000 37.6633 44.1019 50.1835
15514.0000 0.0300 77.2624 50.0000 37.1260 44.9432 50.7074
15515.0000 0.0291 76.8843 50.0000 37.2647 44.3694 50.5361
15516.0000 0.0270 76.5533 50.0000 37.3492 44.2651 50.0604
15517.0000 0.0266 76.7509 50.0000 37.7869 43.8964 50.3584
15518.0000 0.0234 76.6438 50.0000 38.0339 44.0897 49.8376
15519.0000 0.0233 76.4382 50.0000 37.8522 44.1326 49.6219
15520.0000 0.0234 76.6148 50.0000 37.6146 44.7930 49.4829
15521.0000 0.0248 77.0853 50.0000 37.5463 45.2586 49.8405
15522.0000 0.0247 77.0738 50.0000 37.5709 45.2183 49.8408
15523.0000 0.0216 76.8044 50.0000 38.1187 44.6364 49.5325
15524.0000 0.0228 77.0711 50.0000 38.1513 44.6398 49.9171
15525.0000 0.0229 76.8410 50.0000 38.5025 43.7360 50.0925
15526.0000 0.0278 77.0109 50.0000 38.0557 43.5951 50.8126
15527.0000 0.0197 76.8025 50.0000 38.7930 43.9864 49.5876
15528.0000 0.0187 76.3669 50.0000 38.5144 44.1002 49.0278
15529.0000 0.0210 76.6496 50.0000 38.1788 44.4791 49.3877
15530.0000 0.0178 76.4419 50.0000 38.5717 44.3594 48.8654
15531.0000 0.0229 76.8133 50.0000 37.9352 44.6353 49.6880
15532.0000 0.0244 76.6255 50.0000 37.9466 43.9598 49.9906
15533.0000 0.0246 77.0110 50.0000 38.3278 43.8393 50.3963
15534.0000 0.0201 77.3144 50.0000 38.9976 44.2522 49.9844
15535.0000 0.0178 77.4231 50.0000 39.1196 44.8284 49.5420
15536.0000 0.0180 77.2407 50.0000 39.5880 43.7696 49.8311
15537.0000 0.0155 77.1587 50.0000 40.3077 43.2523 49.5781
15538.0000 0.0120 77.0774 50.0000 40.4118 43.9216 48.7720
15539.0000 0.0105 76.8188 50.0000 40.1726 44.4289 48.0973
15540.0000 0.0130 77.6077 50.0000 39.7765 45.5633 48.6289
15541.0000 0.0103 77.3779 50.0000 40.2305 45.3417 48.0933
15542.0000 0.0107 77.2559 50.0000 40.0216 45.4273 47.9907
15543.0000 0.0103 77.3722 50.0000 40.4013 44.9646 48.2947
15544.0000 0.0133 77.1114 50.0000 39.5623 45.0375 48.5038
15545.0000 0.0112 77.3314 50.0000 39.9867 45.3974 48.1693
15546.0000 0.0139 77.1294 50.0000 39.1096 45.9130 48.0768
15547.0000 0.0103 76.9848 50.0000 39.7590 45.9434 47.2767
15548.0000 0.0129 76.8379 50.0000 39.0766 46.0914 47.4622
15549.0000 0.0120 76.8780 50.0000 39.3320 45.9230 47.4794
15550.0000 0.0122 77.1596 50.0000 39.4133 46.1732 47.6259
15551.0000 0.0101 76.8635 50.0000 39.7267 45.9533 47.0964
15552.0000 0.0074 76.5244 50.0000 40.3388 45.2102 46.7419
15553.0000 0.0078 76.4793 50.0000 40.1087 45.5788 46.5075
15554.0000 0.0084 76.8901 50.0000 40.2596 45.4741 47.1525
15555.0000 0.0099 76.9708 50.0000 39.8708 45.7786 47.3196
15556.0000 0.0091 76.6472 50.0000 39.9200 45.4587 47.0605
15557.0000 0.0101 76.2323 50.0000 39.7961 44.3957 47.5043
15558.0000 0.0089 76.1262 50.0000 39.9232 44.5168 47.1125
15559.0000 0.0106 75.9973 50.0000 39.4132 44.6359 47.2211
15560.0000 0.0114 75.7832 50.0000 39.3387 44.0481 47.4903
15561.0000 0.0135 75.8305 50.0000 38.7434 44.5565 47.5807
15562.0000 0.0145 75.9539 50.0000 38.5577 44.7972 47.7024
15563.0000 0.0172 75.9824 50.0000 38.1744 44.6224 48.2169
15564.0000 0.0184 75.7013 50.0000 37.9880 44.1675 48.3408
15565.0000 0.0163 76.0594 50.0000 38.1763 45.1747 47.8211
15566.0000 0.0155 75.9312 50.0000 38.1721 45.3215 47.4805
15567.0000 0.0138 75.6802 50.0000 38.3551 45.2140 47.0327
15568.0000 0.0119 75.6008 50.0000 38.6851 45.2001 46.6464
15569.0000 0.0109 75.5881 50.0000 38.8408 45.5771 46.1268
15570.0000 0.0108 75.5911 50.0000 38.8393 45.7288 45.9826
15571.0000 0.0105 75.5670 50.0000 39.0230 44.9248 46.5761
15572.0000 0.0098 75.8024 50.0000 39.3668 44.8510 46.7402
15573.0000 0.0119 75.8329 50.0000 38.7340 45.6741 46.5208
15574.0000 0.0143 76.0431 50.0000 38.3584 45.7528 47.0942
15575.0000 0.0149 75.9098 50.0000 38.2514 45.4056 47.3018
15576.0000 0.0097 75.7490 50.0000 39.3812 44.7721 46.7170
15577.0000 0.0123 75.7270 50.0000 39.1484 43.9945 47.6073
15578.0000 0.0134 75.8375 50.0000 38.7041 44.7111 47.4788
15579.0000 0.0155 75.9171 50.0000 38.2378 45.0758 47.6387
15580.0000 0.0125 76.0540 50.0000 38.7788 45.5320 46.9814
15581.0000 0.0134 76.3361 50.0000 38.7308 45.7638 47.2526
15582.0000 0.0137 75.5928 50.0000 38.3690 44.9958 47.0900
15583.0000 0.0163 75.8297 50.0000 37.8781 45.6517 47.2368
15584.0000 0.0159 75.9750 50.0000 38.0222 45.7178 47.2905
15585.0000 0.0134 75.9440 50.0000 38.4652 45.8377 46.7634
15586.0000 0.0139 76.0741 50.0000 38.4212 46.1186 46.7349
15587.0000 0.0158 76.2030 50.0000 38.1174 46.0444 47.2638
15588.0000 0.0194 76.4220 50.0000 37.9124 45.1749 48.6025
15589.0000 0.0171 76.6422 50.0000 38.4602 45.1841 48.5102
15590.0000 0.0197 76.5687 50.0000 38.0018 45.1237 48.8105
15591.0000 0.0194 76.5840 50.0000 37.9530 45.3554 48.6575
15592.0000 0.0271 77.1499 50.0000 37.6306 44.5925 50.4733
15593.0000 0.0280 77.4447 50.0000 37.6765 44.7302 50.7678
15594.0000 0.0284 77.0446 50.0000 37.6144 44.1841 50.6832
15595.0000 0.0309 77.0085 50.0000 37.3214 44.0733 50.9408
15596.0000 0.0296 76.8466 50.0000 37.6983 43.5483 50.8703
15597.0000 0.0216 76.5987 50.0000 38.3024 44.0232 49.6211
15598.0000 0.0206 76.3015 50.0000 38.1246 44.1593 49.1771
15599.0000 0.0220 76.1977 50.0000 37.5757 44.6267 49.0165
15600.0000 0.0255 76.3196 50.0000 36.9605 45.0389 49.2961
15601.0000 0.0255 76.5247 50.0000 37.0489 45.1947 49.4049
15602.0000 0.0202 75.7229 50.0000 37.3726 44.9025 48.1769
15603.0000 0.0200 75.3544 50.0000 37.4655 44.1499 48.2225
15604.0000 0.0182 75.3959 50.0000 37.7317 44.2433 47.9936
15605.0000 0.0176 75.2326 50.0000 37.8500 43.9429 47.9202
15606.0000 0.0195 75.3298 50.0000 37.4347 44.3506 48.0235
15607.0000 0.0207 75.6690 50.0000 37.2932 44.8256 48.2252
15608.0000 0.0220 75.8990 50.0000 37.2277 44.8917 48.5746
15609.0000 0.0205 75.5908 50.0000 37.4217 44.4672 48.3348
15610.0000 0.0204 75.3138 50.0000 37.1918 44.5436 48.0085
15611.0000 0.0189 75.7839 50.0000 38.1446 43.8317 48.6515
15612.0000 0.0209 75.8890 50.0000 38.4822 42.9547 49.3269
15613.0000 0.0172 75.8934 50.0000 39.0521 42.9796 48.8621
15614.0000 0.0188 75.8428 50.0000 38.8234 42.8583 49.0718
15615.0000 0.0118 75.5558 50.0000 39.4673 43.3353 47.6767
15616.0000 0.0132 75.6623 50.0000 39.2724 43.3697 47.9743
15617.0000 0.0183 76.2678 50.0000 38.5027 44.0899 48.8916
15618.0000 0.0181 76.0930 50.0000 38.8672 43.2990 49.0375
15619.0000 0.0188 76.3130 50.0000 39.3765 42.6964 49.4993
15620.0000 0.0181 76.3459 50.0000 39.5713 42.6339 49.4487
15621.0000 0.0157 76.3657 50.0000 39.5011 43.3018 48.9524
15622.0000 0.0217 76.8649 50.0000 38.9416 43.3889 50.0916
15623.0000 0.0211 77.0311 50.0000 39.0685 43.5377 50.1189
15624.0000 0.0243 76.9302 50.0000 38.4086 43.6758 50.3533
15625.0000 0.0266 77.2068 50.0000 37.7326 44.6069 50.4715
15626.0000 0.0226 77.0684 50.0000 37.9089 45.1658 49.6236
15627.0000 0.0265 76.8197 50.0000 37.2574 44.9414 49.9341
15628.0000 0.0349 77.6104 50.0000 36.8262 44.8552 51.5288
15629.0000 0.0296 77.1748 50.0000 37.3816 44.4832 50.7919
15630.0000 0.0295 77.0542 50.0000 37.5738 44.0280 50.8636
15631.0000 0.0291 77.4462 50.0000 38.0156 43.9553 51.1923
15632.0000 0.0311 77.5561 50.0000 37.9046 43.8768 51.5074
15633.0000 0.0317 77.1605 50.0000 37.6026 43.6938 51.2898
15634.0000 0.0344 77.0568 50.0000 37.0088 43.9283 51.3654
15635.0000 0.0369 76.6275 50.0000 36.1104 44.2810 51.0588
15636.0000 0.0405 76.9146 50.0000 35.6083 44.8034 51.3863
15637.0000 0.0391 77.3527 50.0000 36.0797 44.8796 51.6481
15638.0000 0.0443 77.7604 50.0000 35.6666 45.0922 52.3572
15639.0000 0.0475 77.7176 50.0000 35.0711 45.4075 52.4233
15640.0000 0.0458 77.2044 50.0000 35.0520 45.0742 51.9633
15641.0000 0.0374 77.1961 50.0000 35.6140 45.9080 50.8265
15642.0000 0.0313 76.8705 50.0000 36.2662 45.6987 50.0546
15643.0000 0.0291 76.7301 50.0000 36.6270 45.3448 49.8980
15644.0000 0.0232 76.8327 50.0000 37.4019 45.6938 49.1572
15645.0000 0.0252 76.9287 50.0000 37.1528 45.7374 49.4548
15646.0000 0.0231 76.6108 50.0000 37.3784 45.3856 49.1143
15647.0000 0.0258 76.8302 50.0000 37.2392 45.1882 49.7409
15648.0000 0.0273 76.8786 50.0000 37.1585 45.0095 50.0371
15649.0000 0.0248 76.8674 50.0000 37.4761 45.0641 49.7329
15650.0000 0.0252 77.1330 50.0000 37.8247 44.6862 50.2189
15651.0000 0.0313 77.3525 50.0000 37.2474 44.5717 51.0824
15652.0000 0.0361 77.8780 50.0000 36.7613 45.0807 51.7815
15653.0000 0.0370 78.1960 50.0000 36.6661 45.4747 51.9834
15654.0000 0.0342 77.8611 50.0000 36.5330 45.8950 51.1991
15655.0000 0.0317 77.9781 50.0000 36.8123 46.1829 50.9174
15656.0000 0.0296 77.8565 50.0000 37.0375 46.1231 50.6212
15657.0000 0.0361 78.0356 50.0000 36.4276 45.8899 51.5432
15658.0000 0.0347 77.9940 50.0000 36.9909 45.1501 51.7321
15659.0000 0.0296 77.7849 50.0000 37.3763 45.3491 50.9604
15660.0000 0.0240 78.1693 50.0000 38.2282 45.8172 50.4959
15661.0000 0.0328 78.9177 50.0000 37.1005 46.7732 51.6123
15662.0000 0.0331 78.6980 50.0000 36.8525 46.8727 51.3636
15663.0000 0.0345 78.5445 50.0000 36.6276 46.7018 51.4451
15664.0000 0.0296 78.3807 50.0000 37.0441 47.0411 50.5807
15665.0000 0.0267 77.7686 50.0000 37.2321 46.5010 49.9938
15666.0000 0.0329 77.9472 50.0000 36.1947 47.2983 50.2850
15667.0000 0.0328 78.5807 50.0000 36.8247 46.8340 51.2392
15668.0000 0.0330 78.2180 50.0000 36.6726 46.5157 51.0829
15669.0000 0.0362 78.9136 50.0000 36.5293 47.0072 51.8004
15670.0000 0.0302 78.3370 50.0000 37.0750 46.6495 50.8523
15671.0000 0.0335 78.1299 50.0000 36.9260 45.7293 51.4740
15672.0000 0.0370 77.8855 50.0000 36.2110 45.8687 51.4876
15673.0000 0.0399 77.5871 50.0000 36.0198 45.1400 51.8142
15674.0000 0.0383 77.6399 50.0000 35.6442 46.3212 51.1058
15675.0000 0.0401 77.2609 50.0000 35.2883 45.9898 51.0776
15676.0000 0.0376 77.4493 50.0000 35.5365 46.4439 50.7790
15677.0000 0.0363 77.1752 50.0000 36.0360 45.3102 51.0333
15678.0000 0.0357 77.1665 50.0000 35.7370 46.0861 50.5333
15679.0000 0.0360 77.0269 50.0000 35.8681 45.4978 50.7600
15680.0000 0.0383 77.1757 50.0000 35.5610 45.7520 50.9731
15681.0000 0.0328 76.5824 50.0000 35.9165 45.5820 49.9715
15682.0000 0.0330 76.4001 50.0000 35.9839 45.0702 50.1080
15683.0000 0.0281 76.2286 50.0000 36.1913 45.8596 48.9683
15684.0000 0.0234 76.0268 50.0000 36.8424 45.6052 48.4033
15685.0000 0.0227 75.8702 50.0000 37.1696 44.7360 48.7175
15686.0000 0.0216 75.4327 50.0000 36.8525 45.1946 47.8481
15687.0000 0.0202 75.7127 50.0000 37.0754 45.8610 47.4826
15688.0000 0.0207 75.8693 50.0000 37.0152 46.2680 47.3847
15689.0000 0.0266 76.1836 50.0000 36.2332 46.3746 48.3787
15690.0000 0.0304 76.7290 50.0000 35.9537 46.6346 49.1924
15691.0000 0.0306 76.7974 50.0000 35.8076 47.3979 48.6733
15692.0000 0.0302 76.9863 50.0000 36.2848 46.2465 49.7148
15693.0000 0.0309 76.9995 50.0000 36.2628 46.0838 49.9022
15694.0000 0.0305 76.9712 50.0000 36.1075 46.6042 49.4860
15695.0000 0.0278 76.7861 50.0000 36.6960 45.6842 49.6233
15696.0000 0.0244 76.6130 50.0000 37.4146 44.8963 49.5381
15697.0000 0.0231 76.5272 50.0000 37.4754 45.0470 49.2218
15698.0000 0.0251 76.6305 50.0000 37.5330 44.5068 49.8261
15699.0000 0.0238 76.5695 50.0000 37.5123 44.8029 49.4815
15700.0000 0.0239 76.4104 50.0000 37.6856 44.2245 49.6240
15701.0000 0.0267 76.5258 50.0000 37.3711 44.2470 50.0180
15702.0000 0.0219 76.5627 50.0000 37.6095 45.2039 49.0304
15703.0000 0.0222 76.6771 50.0000 37.5231 45.4813 49.0189
15704.0000 0.0230 77.0223 50.0000 37.6169 45.5915 49.3843
15705.0000 0.0242 76.9680 50.0000 37.5751 45.2072 49.6839
15706.0000 0.0188 76.4892 50.0000 37.8645 45.7117 48.2423
15707.0000 0.0189 76.6683 50.0000 37.8857 45.9825 48.2525
15708.0000 0.0195 76.7581 50.0000 37.7883 46.1923 48.2714
15709.0000 0.0202 76.9473 50.0000 37.8262 46.0615 48.6662
15710.0000 0.0175 76.3636 50.0000 38.1780 45.2058 48.2729
15711.0000 0.0174 76.4586 50.0000 38.1078 45.6294 48.0798
15712.0000 0.0168 76.4154 50.0000 38.3563 45.1279 48.2864
15713.0000 0.0185 76.4779 50.0000 37.9685 45.5143 48.3292
15714.0000 0.0210 76.2528 50.0000 37.5764 45.0740 48.6912
15715.0000 0.0190 76.5005 50.0000 38.1991 44.8119 48.8369
15716.0000 0.0217 76.5882 50.0000 37.7435 45.0118 49.1438
15717.0000 0.0200 76.2928 50.0000 37.9785 44.5916 48.8857
15718.0000 0.0190 76.1300 50.0000 37.8733 44.9079 48.4218
15719.0000 0.0179 76.4309 50.0000 38.1994 45.0875 48.4727
15720.0000 0.0214 76.6439 50.0000 37.5785 45.6232 48.7920
15721.0000 0.0211 76.6315 50.0000 37.7738 45.2131 49.0031
15722.0000 0.0243 76.6457 50.0000 37.1609 45.5586 49.1736
15723.0000 0.0228 76.8787 50.0000 37.6391 45.3704 49.3474
15724.0000 0.0310 77.3136 50.0000 37.0370 44.9308 50.8613
15725.0000 0.0313 77.8115 50.0000 36.9364 45.7875 50.9297
15726.0000 0.0276 77.7532 50.0000 37.1997 46.2246 50.2496
15727.0000 0.0271 77.6703 50.0000 37.3034 46.0276 50.2254
15728.0000 0.0296 77.8883 50.0000 37.0407 46.1855 50.6110
15729.0000 0.0331 77.9921 50.0000 36.7050 46.0622 51.1251
15730.0000 0.0357 77.9159 50.0000 36.4066 45.8492 51.4130
15731.0000 0.0298 77.7026 50.0000 36.9263 46.0614 50.5221
15732.0000 0.0324 77.8818 50.0000 36.8024 45.8585 51.0700
15733.0000 0.0259 77.7681 50.0000 37.6696 45.7657 50.3427
15734.0000 0.0256 77.8632 50.0000 37.5565 46.2890 50.0950
15735.0000 0.0278 77.7601 50.0000 37.4323 45.6801 50.5843
15736.0000 0.0310 77.9379 50.0000 36.8462 46.2582 50.7627
15737.0000 0.0304 77.4308 50.0000 37.0110 45.2995 50.7314
15738.0000 0.0325 77.3003 50.0000 37.0194 44.6198 51.1270
15739.0000 0.0314 77.0904 50.0000 36.7303 45.0799 50.6124
15740.0000 0.0323 76.9585 50.0000 36.6961 44.7381 50.7396
15741.0000 0.0325 77.3363 50.0000 36.6475 45.3154 50.8368
15742.0000 0.0283 76.9251 50.0000 36.8734 45.3605 50.0025
15743.0000 0.0281 76.9864 50.0000 36.5747 46.2531 49.4959
15744.0000 0.0286 77.7086 50.0000 36.8902 46.5754 50.0846
15745.0000 0.0279 77.6228 50.0000 37.1763 45.9637 50.3048
15746.0000 0.0268 77.7591 50.0000 37.3673 46.1292 50.2222
15747.0000 0.0235 77.3985 50.0000 37.8860 45.4481 49.8965
15748.0000 0.0226 77.3324 50.0000 38.0014 45.4009 49.7488
15749.0000 0.0268 77.7490 50.0000 37.4100 46.0210 50.2740
15750.0000 0.0294 77.8660 50.0000 36.8732 46.6061 50.3126
15751.0000 0.0310 78.1043 50.0000 37.0477 46.1075 51.0082
15752.0000 0.0274 77.8498 50.0000 37.3741 46.0784 50.4038
15753.0000 0.0282 77.9431 50.0000 37.6766 45.3771 50.9561
15754.0000 0.0301 77.4425 50.0000 37.1628 45.1169 50.8009
15755.0000 0.0311 77.5449 50.0000 37.1758 45.0031 51.0480
15756.0000 0.0304 77.5434 50.0000 37.2849 44.9610 51.0033
15757.0000 0.0287 77.2926 50.0000 37.2821 45.0321 50.5599
15758.0000 0.0357 77.8321 50.0000 36.7290 45.1456 51.6787
15759.0000 0.0348 77.5837 50.0000 36.5858 45.2392 51.3237
15760.0000 0.0329 77.1403 50.0000 36.9046 44.4964 51.0758
15761.0000 0.0355 77.0716 50.0000 36.2929 44.8904 51.0658
15762.0000 0.0311 76.9056 50.0000 36.7535 44.8443 50.5236
15763.0000 0.0289 76.9081 50.0000 36.8406 45.2527 50.0981
15764.0000 0.0293 76.9603 50.0000 36.7239 45.4498 50.0855
15765.0000 0.0278 77.1704 50.0000 37.0705 45.4818 50.1243
15766.0000 0.0269 77.1575 50.0000 37.4217 45.0391 50.2432
15767.0000 0.0268 77.1098 50.0000 37.1230 45.5788 49.9037
15768.0000 0.0257 77.4225 50.0000 37.1747 46.4211 49.5719
15769.0000 0.0251 77.4133 50.0000 37.3247 46.2170 49.6354
15770.0000 0.0255 77.8548 50.0000 37.5115 46.4224 49.9922
15771.0000 0.0244 77.3713 50.0000 37.2684 46.6470 49.2081
15772.0000 0.0213 77.1907 50.0000 37.6861 46.4622 48.7794
15773.0000 0.0177 77.2129 50.0000 38.2545 46.7443 48.0977
15774.0000 0.0199 77.2159 50.0000 37.9020 46.6140 48.5064
15775.0000 0.0212 76.9475 50.0000 37.4907 46.6824 48.3335
15776.0000 0.0186 77.1797 50.0000 38.0371 46.9510 48.0154
15777.0000 0.0192 77.1556 50.0000 37.9427 46.8066 48.1921
15778.0000 0.0217 77.2260 50.0000 37.5393 46.9286 48.5012
15779.0000 0.0233 76.6913 50.0000 37.0176 46.6122 48.3586
15780.0000 0.0274 77.2074 50.0000 36.7558 46.4703 49.5026
15781.0000 0.0246 76.9267 50.0000 36.8307 47.1881 48.3166
15782.0000 0.0199 77.2872 50.0000 37.8142 47.4754 47.8486
15783.0000 0.0207 77.3096 50.0000 37.7142 47.1936 48.2409
15784.0000 0.0209 77.0342 50.0000 37.6132 46.6529 48.4047
15785.0000 0.0227 77.0929 50.0000 37.7245 45.5722 49.4303
15786.0000 0.0191 76.7604 50.0000 38.0590 45.5611 48.6607
15787.0000 0.0205 76.9527 50.0000 38.0470 45.3856 49.1354
15788.0000 0.0228 77.0968 50.0000 37.5731 45.8942 49.2534
15789.0000 0.0210 76.9910 50.0000 37.7483 45.9812 48.8712
15790.0000 0.0222 77.0355 50.0000 37.7145 45.6615 49.2657
15791.0000 0.0267 77.1498 50.0000 37.0009 45.9784 49.6892
15792.0000 0.0272 77.3798 50.0000 37.0725 46.0316 49.9435
15793.0000 0.0276 77.6072 50.0000 37.1315 46.1343 50.1573
15794.0000 0.0340 77.7674 50.0000 36.2619 46.4041 50.7889
15795.0000 0.0330 77.7154 50.0000 36.1307 46.9944 50.2572
15796.0000 0.0315 77.8684 50.0000 36.4755 46.9040 50.3294
15797.0000 0.0328 77.7671 50.0000 36.3829 46.4832 50.6293
15798.0000 0.0310 77.1475 50.0000 36.3223 46.1558 50.0207
15799.0000 0.0333 77.6489 50.0000 36.0586 46.9452 50.2521
15800.0000 0.0346 77.7552 50.0000 36.0596 46.6474 50.6912
15801.0000 0.0344 77.7214 50.0000 36.2731 46.1846 50.9104
15802.0000 0.0292 77.4995 50.0000 36.9353 45.8818 50.3669
15803.0000 0.0272 77.3292 50.0000 37.1462 45.7630 50.0571
15804.0000 0.0264 76.8790 50.0000 36.9866 45.6298 49.6014
15805.0000 0.0215 76.8659 50.0000 37.7578 45.5318 49.0874
15806.0000 0.0204 76.8062 50.0000 37.8447 45.6381 48.8276
15807.0000 0.0195 76.7386 50.0000 37.9560 45.6210 48.6506
15808.0000 0.0165 76.5616 50.0000 38.2529 45.9278 47.8440
15809.0000 0.0175 77.0452 50.0000 38.2156 46.6373 47.9635
15810.0000 0.0178 77.0267 50.0000 38.1534 46.6461 47.9746
15811.0000 0.0173 77.0425 50.0000 38.4551 45.8682 48.5063
15812.0000 0.0187 77.3130 50.0000 38.1616 46.6463 48.4265
15813.0000 0.0223 77.3510 50.0000 37.5181 46.8710 48.7716
15814.0000 0.0186 77.4676 50.0000 38.2625 46.7382 48.5053
15815.0000 0.0239 77.7512 50.0000 37.5489 46.7772 49.4694
15816.0000 0.0262 77.7229 50.0000 37.3425 46.3343 49.9952
15817.0000 0.0262 78.1044 50.0000 37.5239 46.5616 50.2421
15818.0000 0.0231 77.9249 50.0000 37.8825 46.5425 49.7092
15819.0000 0.0234 77.4827 50.0000 37.7363 45.9705 49.6614
15820.0000 0.0218 77.7577 50.0000 37.9658 46.5525 49.3733
15821.0000 0.0191 77.8950 50.0000 38.4511 46.7408 49.0351
15822.0000 0.0187 78.2174 50.0000 38.8613 46.3694 49.5746
15823.0000 0.0180 78.2370 50.0000 38.9087 46.6300 49.3233
15824.0000 0.0199 78.0613 50.0000 38.6928 46.0368 49.7698
15825.0000 0.0222 77.7492 50.0000 39.0519 44.2721 50.5951
15826.0000 0.0225 77.4878 50.0000 38.6914 44.3958 50.3622
15827.0000 0.0209 77.5363 50.0000 38.5307 45.1926 49.8488
15828.0000 0.0221 77.4019 50.0000 38.3556 44.9612 49.9839
15829.0000 0.0240 77.4393 50.0000 38.0784 45.0083 50.2108
15830.0000 0.0239 77.2887 50.0000 37.7958 45.3312 49.9010
15831.0000 0.0235 77.7344 50.0000 37.9348 45.8882 49.9786
15832.0000 0.0209 78.0981 50.0000 38.4564 46.2496 49.8136
15833.0000 0.0219 78.0008 50.0000 38.0723 46.6583 49.5744
15834.0000 0.0232 78.2561 50.0000 37.9754 46.8713 49.8495
15835.0000 0.0221 78.1934 50.0000 38.0261 47.1386 49.4589
15836.0000 0.0202 78.0026 50.0000 38.4152 46.4824 49.4779
15837.0000 0.0193 78.0790 50.0000 38.3894 47.3324 48.8081
15838.0000 0.0184 78.0171 50.0000 38.6364 46.7785 49.0477
15839.0000 0.0233 77.8487 50.0000 37.7193 46.7746 49.4956
15840.0000 0.0208 77.5836 50.0000 38.3402 45.6679 49.6354
15841.0000 0.0290 77.5426 50.0000 37.2620 45.3676 50.6574
15842.0000 0.0250 77.4457 50.0000 37.3737 46.2181 49.6482
15843.0000 0.0259 77.5106 50.0000 37.3064 46.1443 49.8681
15844.0000 0.0230 77.5035 50.0000 37.6992 46.2587 49.4539
15845.0000 0.0245 77.6573 50.0000 37.7519 45.8399 50.0415
15846.0000 0.0225 77.1847 50.0000 38.0054 45.1811 49.7166
15847.0000 0.0242 77.3668 50.0000 37.7982 45.3742 49.9809
15848.0000 0.0194 77.1041 50.0000 38.4295 45.1847 49.2602
15849.0000 0.0210 77.0966 50.0000 38.1405 45.2215 49.4389
15850.0000 0.0211 77.3387 50.0000 37.9452 46.1098 49.1459
15851.0000 0.0214 77.1585 50.0000 37.8027 46.0010 49.0744
15852.0000 0.0203 77.2028 50.0000 38.1634 45.5951 49.2434
15853.0000 0.0226 77.3845 50.0000 37.6766 46.2617 49.2818
15854.0000 0.0152 76.9549 50.0000 38.7330 46.0132 48.0061
15855.0000 0.0165 77.4356 50.0000 38.5802 46.9979 47.9482
15856.0000 0.0187 77.3857 50.0000 38.1194 47.1441 48.0926
15857.0000 0.0210 77.3595 50.0000 37.7335 46.8854 48.6049
15858.0000 0.0174 77.4446 50.0000 38.6274 46.1249 48.7656
15859.0000 0.0195 77.8081 50.0000 38.5078 46.1632 49.3984
15860.0000 0.0192 77.4875 50.0000 38.1673 46.7267 48.6230
15861.0000 0.0196 77.2055 50.0000 37.9193 46.7385 48.3562
15862.0000 0.0178 77.1972 50.0000 38.4983 45.7913 48.7898
15863.0000 0.0181 77.0095 50.0000 38.2193 46.0904 48.4295
15864.0000 0.0187 76.8345 50.0000 37.9643 46.1770 48.2693
15865.0000 0.0225 76.7156 50.0000 37.5230 45.4489 49.1091
15866.0000 0.0233 76.6240 50.0000 37.3477 45.4270 49.1200
15867.0000 0.0234 76.9585 50.0000 37.4190 45.8100 49.2329
15868.0000 0.0232 77.3510 50.0000 37.4813 46.4807 49.1720
15869.0000 0.0222 77.3052 50.0000 37.8614 45.7932 49.4529
15870.0000 0.0212 77.2002 50.0000 37.7516 46.3244 48.8748
15871.0000 0.0258 77.4435 50.0000 36.9921 47.0333 49.1625
15872.0000 0.0225 77.0038 50.0000 37.2712 46.8774 48.4040
15873.0000 0.0181 76.6220 50.0000 37.8442 46.7175 47.4998
15874.0000 0.0199 76.8698 50.0000 37.7334 46.3759 48.3160
15875.0000 0.0195 76.6707 50.0000 37.9279 45.5687 48.6145
15876.0000 0.0189 76.5260 50.0000 37.9630 45.4586 48.4620
15877.0000 0.0176 76.7152 50.0000 38.3861 45.2599 48.6134
15878.0000 0.0165 76.5856 50.0000 38.5305 45.1558 48.3912
15879.0000 0.0190 76.9915 50.0000 39.0583 44.0074 49.6538
15880.0000 0.0192 76.7159 50.0000 38.9764 43.7004 49.5626
15881.0000 0.0215 77.0613 50.0000 38.8794 43.7792 50.1021
15882.0000 0.0159 76.9457 50.0000 39.1964 44.5783 48.9598
15883.0000 0.0148 76.6545 50.0000 38.9272 45.0284 48.3014
15884.0000 0.0154 76.6983 50.0000 38.9712 44.7932 48.5535
15885.0000 0.0122 76.4404 50.0000 39.2144 45.1773 47.5855
15886.0000 0.0138 76.4261 50.0000 38.7914 45.4612 47.6388
15887.0000 0.0147 76.4984 50.0000 38.7395 45.2439 48.0026
15888.0000 0.0169 76.6718 50.0000 38.5806 45.0085 48.6245
15889.0000 0.0137 76.6776 50.0000 38.8588 45.8965 47.5705
15890.0000 0.0129 76.8417 50.0000 39.3164 45.2936 48.0350
15891.0000 0.0100 76.3977 50.0000 39.8121 44.6895 47.4810
15892.0000 0.0086 76.5108 50.0000 40.0591 45.0920 47.0732
15893.0000 0.0088 76.5538 50.0000 39.8514 45.9052 46.5301
15894.0000 0.0078 76.6144 50.0000 40.2771 45.2946 46.8608
15895.0000 0.0075 76.4729 50.0000 40.4925 44.5731 47.1349
15896.0000 0.0131 76.7479 50.0000 40.0561 43.7003 48.7446
15897.0000 0.0159 76.6106 50.0000 39.4250 43.7141 49.0299
15898.0000 0.0183 77.2407 50.0000 39.2912 44.1531 49.7276
15899.0000 0.0176 76.7560 50.0000 39.2020 43.8104 49.3490
15900.0000 0.0183 76.7155 50.0000 39.0214 43.8653 49.3806
15901.0000 0.0232 76.6890 50.0000 38.5280 43.4187 50.1159
15902.0000 0.0251 76.8490 50.0000 38.3057 43.5611 50.4071
15903.0000 0.0261 76.9301 50.0000 38.3335 43.4257 50.6260
15904.0000 0.0270 76.6098 50.0000 38.3150 42.8820 50.6177
15905.0000 0.0312 76.5444 50.0000 37.9753 42.5094 51.0869
15906.0000 0.0290 76.4894 50.0000 38.3630 42.3078 50.8818
15907.0000 0.0304 76.1941 50.0000 38.3153 41.7924 50.9006
15908.0000 0.0319 76.2559 50.0000 37.8200 42.2464 50.9888
15909.0000 0.0273 75.9982 50.0000 37.8853 42.6444 50.2184
15910.0000 0.0253 76.0263 50.0000 38.1104 42.7512 49.9993
15911.0000 0.0264 76.2013 50.0000 37.9903 42.9292 50.2042
15912.0000 0.0264 75.9759 50.0000 38.1043 42.4845 50.1544
15913.0000 0.0294 76.1636 50.0000 38.1008 42.2003 50.6789
15914.0000 0.0344 76.5884 50.0000 37.7655 42.3075 51.4745
15915.0000 0.0333 76.1945 50.0000 37.7234 42.0751 51.1100
15916.0000 0.0428 76.1664 50.0000 36.5652 42.0751 51.9036
15917.0000 0.0389 76.0135 50.0000 36.9576 41.9669 51.4875
15918.0000 0.0331 75.8906 50.0000 37.1830 42.4478 50.7444
15919.0000 0.0359 75.9791 50.0000 36.7544 42.6679 51.0038
15920.0000 0.0339 75.4895 50.0000 36.5233 42.7235 50.3926
15921.0000 0.0334 75.7359 50.0000 37.0056 42.4461 50.6443
15922.0000 0.0347 75.6427 50.0000 36.9512 42.1923 50.7566
15923.0000 0.0306 75.4191 50.0000 37.2514 42.2044 50.1912
15924.0000 0.0292 75.5432 50.0000 37.3629 42.4476 50.0898
15925.0000 0.0299 75.5750 50.0000 37.1801 42.6240 50.1240
15926.0000 0.0333 75.2253 50.0000 36.6110 42.3750 50.2279
15927.0000 0.0277 75.1459 50.0000 36.9404 42.8333 49.4734
15928.0000 0.0358 74.9971 50.0000 36.1180 42.3604 50.2559
15929.0000 0.0417 75.0519 50.0000 35.4762 42.3621 50.7906
15930.0000 0.0445 75.1549 50.0000 35.3001 42.3114 51.1069
15931.0000 0.0370 74.9724 50.0000 36.4869 41.6307 50.5613
15932.0000 0.0316 74.9674 50.0000 36.5603 42.4272 49.8337
15933.0000 0.0291 74.9401 50.0000 36.8383 42.4525 49.5656
15934.0000 0.0262 74.8502 50.0000 37.4912 41.9595 49.3595
15935.0000 0.0264 74.7445 50.0000 37.2862 42.0733 49.2577
15936.0000 0.0262 74.8081 50.0000 37.0125 42.5870 49.1190
15937.0000 0.0215 74.6960 50.0000 37.7720 42.3022 48.6137
15938.0000 0.0200 74.1312 50.0000 37.6915 42.0019 48.0689
15939.0000 0.0250 74.4621 50.0000 36.9186 42.5191 48.7211
15940.0000 0.0221 74.3126 50.0000 37.5679 41.9725 48.4699
15941.0000 0.0214 74.1967 50.0000 37.1106 42.6628 48.0399
15942.0000 0.0227 74.9828 50.0000 37.0535 43.5832 48.4764
15943.0000 0.0225 74.9394 50.0000 37.1948 43.3223 48.5350
15944.0000 0.0231 74.9795 50.0000 36.7494 44.0722 48.2602
15945.0000 0.0200 75.1287 50.0000 37.5710 43.5765 48.3096
15946.0000 0.0195 75.2625 50.0000 38.0432 43.1126 48.5640
15947.0000 0.0219 75.1799 50.0000 37.6310 43.0760 48.7893
15948.0000 0.0278 75.0111 50.0000 37.6854 41.6173 49.7440
15949.0000 0.0265 74.6086 50.0000 37.3953 41.7325 49.2589
15950.0000 0.0214 74.5976 50.0000 38.0074 41.8638 48.6586
15951.0000 0.0247 74.5862 50.0000 37.5037 41.9040 48.9962
15952.0000 0.0282 74.5376 50.0000 37.3974 41.3481 49.4734
15953.0000 0.0234 74.6955 50.0000 37.8683 41.7759 48.9916
15954.0000 0.0264 74.7802 50.0000 37.3745 42.0020 49.3057
15955.0000 0.0213 74.7545 50.0000 38.5019 41.4313 48.8803
15956.0000 0.0240 74.7416 50.0000 38.6585 40.7598 49.2998
15957.0000 0.0247 74.9745 50.0000 37.9281 41.7965 49.3527
15958.0000 0.0218 74.6756 50.0000 38.3174 41.4724 48.8698
15959.0000 0.0209 74.7323 50.0000 38.3857 41.6235 48.7744
15960.0000 0.0208 74.9525 50.0000 38.5329 41.7220 48.9118
15961.0000 0.0290 75.2727 50.0000 37.9322 41.4150 50.1191
15962.0000 0.0268 74.8820 50.0000 37.7378 41.5652 49.5531
15963.0000 0.0207 74.7720 50.0000 38.2988 41.8356 48.7220
15964.0000 0.0206 74.8624 50.0000 38.2772 41.9815 48.7523
15965.0000 0.0210 74.7445 50.0000 37.8776 42.3131 48.5966
15966.0000 0.0237 74.8098 50.0000 37.5496 42.3101 48.9529
15967.0000 0.0208 74.8555 50.0000 37.9914 42.3467 48.6493
15968.0000 0.0180 74.5828 50.0000 38.1218 42.4103 48.0697
15969.0000 0.0184 74.8394 50.0000 37.6442 43.4776 47.8909
15970.0000 0.0209 75.1084 50.0000 37.4957 43.4599 48.4416
15971.0000 0.0224 74.8277 50.0000 37.0305 43.4759 48.3505
15972.0000 0.0234 74.7139 50.0000 36.8833 43.3011 48.4438
15973.0000 0.0300 74.8055 50.0000 36.2630 42.9801 49.3313
15974.0000 0.0290 74.4344 50.0000 35.8981 43.3031 48.7508
15975.0000 0.0279 74.7968 50.0000 35.9928 43.9355 48.6699
15976.0000 0.0322 74.6555 50.0000 35.7947 43.0905 49.3496
15977.0000 0.0361 74.9848 50.0000 35.7716 42.7966 50.1155
15978.0000 0.0359 74.8703 50.0000 36.0631 42.2722 50.1805
15979.0000 0.0287 74.7238 50.0000 37.0304 41.9755 49.5021
15980.0000 0.0309 74.9058 50.0000 36.9636 41.9189 49.8737
15981.0000 0.0321 74.8996 50.0000 36.9339 41.7379 50.0378
15982.0000 0.0277 74.7745 50.0000 37.1106 42.1140 49.4008
15983.0000 0.0240 74.4957 50.0000 37.6744 41.6761 48.9219
15984.0000 0.0251 74.5726 50.0000 37.6623 41.5939 49.1179
15985.0000 0.0275 74.6519 50.0000 36.8732 42.3372 49.2020
15986.0000 0.0250 74.5021 50.0000 37.1797 42.1973 48.8633
15987.0000 0.0224 74.5976 50.0000 37.7888 41.9720 48.7356
15988.0000 0.0233 74.7290 50.0000 37.4616 42.4175 48.8037
15989.0000 0.0260 74.9324 50.0000 37.3583 42.2910 49.3020
15990.0000 0.0251 74.9634 50.0000 37.1938 42.7585 49.0697
15991.0000 0.0272 75.1755 50.0000 36.8126 43.1896 49.3035
15992.0000 0.0231 74.9363 50.0000 37.0584 43.3966 48.5680
15993.0000 0.0241 74.9597 50.0000 37.5151 42.4838 49.0581
15994.0000 0.0193 74.9904 50.0000 37.8533 43.0801 48.3197
15995.0000 0.0216 74.9958 50.0000 37.3340 43.3974 48.4479
15996.0000 0.0223 75.0133 50.0000 36.7894 44.2958 48.0771
15997.0000 0.0242 75.1460 50.0000 36.3545 44.9037 48.0514
15998.0000 0.0171 74.7109 50.0000 37.2015 44.8999 46.7094
15999.0000 0.0218 75.0389 50.0000 36.5834 45.0838 47.5389
16000.0000 0.0260 75.2782 50.0000 36.2450 44.7638 48.4697
16001.0000 0.0274 75.0719 50.0000 36.3896 43.7116 48.9989
16002.0000 0.0287 74.7470 50.0000 35.9504 43.7305 48.8091
16003.0000 0.0276 74.8676 50.0000 35.8067 44.5396 48.3658
16004.0000 0.0290 74.8406 50.0000 35.7451 44.2066 48.6742
16005.0000 0.0316 74.5606 50.0000 35.6675 43.3008 49.1137
16006.0000 0.0291 74.9513 50.0000 35.9637 43.9180 48.9440
16007.0000 0.0248 74.8698 50.0000 36.5271 43.8369 48.4725
16008.0000 0.0248 74.9840 50.0000 36.9603 43.2131 48.8791
16009.0000 0.0211 74.4723 50.0000 37.3116 42.7933 48.1944
16010.0000 0.0217 74.5365 50.0000 37.4441 42.5475 48.4081
16011.0000 0.0254 74.8247 50.0000 36.5552 43.5477 48.6421
16012.0000 0.0273 74.9055 50.0000 36.4629 43.3855 48.9794
16013.0000 0.0267 75.1457 50.0000 36.8255 43.2304 49.2127
16014.0000 0.0260 75.2510 50.0000 37.2657 42.8435 49.3804
16015.0000 0.0305 75.2189 50.0000 36.3800 43.2550 49.6324
16016.0000 0.0295 75.1263 50.0000 36.2908 43.4929 49.3489
16017.0000 0.0276 75.2550 50.0000 36.5883 43.5794 49.2488
16018.0000 0.0296 75.2773 50.0000 36.6295 43.1215 49.6537
16019.0000 0.0333 75.3314 50.0000 36.2263 43.0795 50.0663
16020.0000 0.0286 75.4271 50.0000 36.6405 43.5036 49.5394
16021.0000 0.0295 75.4976 50.0000 36.9658 42.9125 49.9193
16022.0000 0.0250 75.6977 50.0000 37.2767 43.6436 49.3541
16023.0000 0.0278 75.7472 50.0000 36.6158 44.2109 49.4197
16024.0000 0.0249 75.5481 50.0000 37.1764 43.6319 49.2106
16025.0000 0.0259 75.6132 50.0000 36.7788 44.1925 49.1091
16026.0000 0.0261 75.7158 50.0000 36.9670 43.9437 49.3485
16027.0000 0.0232 75.6694 50.0000 37.4393 43.7775 49.0682
16028.0000 0.0228 75.4767 50.0000 37.2968 43.8303 48.8322
16029.0000 0.0230 75.5294 50.0000 37.3623 43.7554 48.9307
16030.0000 0.0304 75.6070 50.0000 36.5586 43.5012 49.8751
16031.0000 0.0267 75.4865 50.0000 37.2704 42.9986 49.6009
16032.0000 0.0281 75.6417 50.0000 37.3153 42.8560 49.9260
16033.0000 0.0306 75.7308 50.0000 37.2856 42.5408 50.3508
16034.0000 0.0298 75.6645 50.0000 37.3775 42.4745 50.2390
16035.0000 0.0336 75.8991 50.0000 36.7526 42.9766 50.6254
16036.0000 0.0322 75.9259 50.0000 37.6109 42.0787 50.7893
16037.0000 0.0335 76.0566 50.0000 37.7235 41.8737 51.0699
16038.0000 0.0315 76.0144 50.0000 37.9035 41.9205 50.8348
16039.0000 0.0348 76.1401 50.0000 37.5137 42.0435 51.2093
16040.0000 0.0364 76.2692 50.0000 37.4897 41.9699 51.4786
16041.0000 0.0308 75.7909 50.0000 37.9105 41.7571 50.6300
16042.0000 0.0317 75.7854 50.0000 37.7349 41.8374 50.6867
16043.0000 0.0287 75.8307 50.0000 37.7270 42.3931 50.2970
16044.0000 0.0262 75.6586 50.0000 38.0912 42.1464 49.9696
16045.0000 0.0282 75.8125 50.0000 37.7056 42.4880 50.2056
16046.0000 0.0270 75.8532 50.0000 37.8183 42.6084 50.0800
16047.0000 0.0265 75.4632 50.0000 37.7424 42.3289 49.7842
16048.0000 0.0263 75.3057 50.0000 37.3950 42.6525 49.5310
16049.0000 0.0323 75.5393 50.0000 36.9329 42.4943 50.3625
16050.0000 0.0316 75.4244 50.0000 37.0407 42.3326 50.2472
16051.0000 0.0309 75.4616 50.0000 36.7746 42.8805 50.0335
16052.0000 0.0298 75.6968 50.0000 36.8270 43.3277 49.9648
16053.0000 0.0344 75.7893 50.0000 36.5458 42.9886 50.6004
16054.0000 0.0321 75.9279 50.0000 37.0855 42.8057 50.5706
16055.0000 0.0289 75.9098 50.0000 37.3053 43.0532 50.1701
16056.0000 0.0285 76.0227 50.0000 37.5876 42.8706 50.2866
16057.0000 0.0290 76.6982 50.0000 37.2310 44.1905 50.4348
16058.0000 0.0275 76.7801 50.0000 37.1160 44.8698 50.0429
16059.0000 0.0307 77.0747 50.0000 36.7691 45.1600 50.4888
16060.0000 0.0299 76.9957 50.0000 36.9752 44.8539 50.4906
16061.0000 0.0328 77.2353 50.0000 36.6074 45.1881 50.8255
16062.0000 0.0333 77.2460 50.0000 36.4845 45.3107 50.8209
16063.0000 0.0379 77.3127 50.0000 35.9190 45.3559 51.2828
16064.0000 0.0369 77.0223 50.0000 35.8823 45.2486 50.9653
16065.0000 0.0402 76.9062 50.0000 35.1302 45.7483 50.8678
16066.0000 0.0436 77.3382 50.0000 34.9580 45.9186 51.4842
16067.0000 0.0370 77.0094 50.0000 35.5177 45.9503 50.5718
16068.0000 0.0346 77.1353 50.0000 35.9812 45.8166 50.5575
16069.0000 0.0351 77.1184 50.0000 35.9159 45.7715 50.6189
16070.0000 0.0443 77.6502 50.0000 35.2879 45.6005 52.0087
16071.0000 0.0398 77.5371 50.0000 35.7838 45.5133 51.5757
16072.0000 0.0421 77.7338 50.0000 35.5435 45.7232 51.8516
16073.0000 0.0432 77.8656 50.0000 35.5376 45.6701 52.0997
16074.0000 0.0365 77.8229 50.0000 35.6821 47.1030 50.6409
16075.0000 0.0314 77.3066 50.0000 36.2064 46.5918 49.9461
16076.0000 0.0303 76.8974 50.0000 36.1535 46.4204 49.5105
16077.0000 0.0279 76.8199 50.0000 36.4849 46.2992 49.2598
16078.0000 0.0284 77.1636 50.0000 36.5168 46.6865 49.4076
16079.0000 0.0265 76.8442 50.0000 36.4770 47.2156 48.4267
16080.0000 0.0261 77.1514 50.0000 36.7041 47.3466 48.6154
16081.0000 0.0250 77.3740 50.0000 37.0208 47.2335 48.8385
16082.0000 0.0252 77.0596 50.0000 36.8037 47.2751 48.4637
16083.0000 0.0269 77.4578 50.0000 36.8687 46.8886 49.4153
16084.0000 0.0279 77.5138 50.0000 36.8387 46.6184 49.7797
16085.0000 0.0269 77.3531 50.0000 36.8627 46.6884 49.4453
16086.0000 0.0290 77.7255 50.0000 36.5830 47.3958 49.5639
16087.0000 0.0243 77.7325 50.0000 37.3523 47.2389 49.1491
16088.0000 0.0274 78.3385 50.0000 37.0865 47.9334 49.6376
16089.0000 0.0265 78.0674 50.0000 37.0565 47.9885 49.1776
16090.0000 0.0229 77.9614 50.0000 37.7678 47.0640 49.3614
16091.0000 0.0239 77.9124 50.0000 37.5091 47.3280 49.2288
16092.0000 0.0226 77.8574 50.0000 37.6561 47.5033 48.8594
16093.0000 0.0242 78.2991 50.0000 37.6774 47.4035 49.6394
16094.0000 0.0202 78.2062 50.0000 38.2445 47.7242 48.7439
16095.0000 0.0264 78.7643 50.0000 37.4092 48.4120 49.6049
16096.0000 0.0292 79.1675 50.0000 37.1640 48.6240 50.2200
16097.0000 0.0237 78.7441 50.0000 37.8444 48.5016 49.1532
16098.0000 0.0228 78.6250 50.0000 38.0180 47.8170 49.4980
16099.0000 0.0206 78.8995 50.0000 38.5010 48.1146 49.2726
16100.0000 0.0231 79.0376 50.0000 38.2063 47.9328 49.8965
16101.0000 0.0240 79.1226 50.0000 38.1195 47.8566 50.1700
16102.0000 0.0252 79.0228 50.0000 37.8988 47.7373 50.2935
16103.0000 0.0254 78.6315 50.0000 37.9155 46.8183 50.5309
16104.0000 0.0247 78.3786 50.0000 37.8851 46.7332 50.2386
16105.0000 0.0278 78.4424 50.0000 37.7394 46.1292 51.0003
16106.0000 0.0271 78.3120 50.0000 37.7617 46.0655 50.8409
16107.0000 0.0282 78.1387 50.0000 37.4796 46.0727 50.7765
16108.0000 0.0277 78.0705 50.0000 37.8116 45.4550 50.9816
16109.0000 0.0329 78.3294 50.0000 37.5718 45.0245 51.9292
16110.0000 0.0321 78.1196 50.0000 37.2267 45.4972 51.4475
16111.0000 0.0341 78.0732 50.0000 37.0044 45.3569 51.6609
16112.0000 0.0340 77.8197 50.0000 36.8266 45.3408 51.4190
16113.0000 0.0355 77.7465 50.0000 36.9024 44.7912 51.7347
16114.0000 0.0316 77.9898 50.0000 37.2286 45.4179 51.3193
16115.0000 0.0297 77.6361 50.0000 37.2277 45.3876 50.8077
16116.0000 0.0353 77.3979 50.0000 36.5119 45.0129 51.2948
16117.0000 0.0370 77.3750 50.0000 36.3740 44.8542 51.4968
16118.0000 0.0363 77.4849 50.0000 36.3000 45.2870 51.3352
16119.0000 0.0311 77.7522 50.0000 36.9503 45.7276 50.8830
16120.0000 0.0314 77.4767 50.0000 36.6806 45.7644 50.6241
16121.0000 0.0327 77.0929 50.0000 36.5934 45.0229 50.7659
16122.0000 0.0365 77.3015 50.0000 35.9038 45.7222 50.9501
16123.0000 0.0383 77.0328 50.0000 35.2706 46.1665 50.5836
16124.0000 0.0333 77.0178 50.0000 35.9632 46.0441 50.1829
16125.0000 0.0308 76.9702 50.0000 36.0960 46.5122 49.5793
16126.0000 0.0301 77.1460 50.0000 36.0846 47.3319 49.0825
16127.0000 0.0284 77.2272 50.0000 36.4629 47.0155 49.2345
16128.0000 0.0286 77.4102 50.0000 36.7089 46.5060 49.8194
16129.0000 0.0272 77.5077 50.0000 37.1317 46.1075 50.0279
16130.0000 0.0272 77.6334 50.0000 37.0325 46.6155 49.8249
16131.0000 0.0243 77.3858 50.0000 37.4205 46.2471 49.4921
16132.0000 0.0264 77.5394 50.0000 37.2282 46.2164 49.9045
16133.0000 0.0261 77.2168 50.0000 36.9951 46.3542 49.4478
16134.0000 0.0256 77.1408 50.0000 36.8833 46.7879 49.0022
16135.0000 0.0241 77.3849 50.0000 37.2449 46.9300 48.9777
16136.0000 0.0276 77.5170 50.0000 36.8359 46.7637 49.6503
16137.0000 0.0266 77.1020 50.0000 36.9518 46.0327 49.6011
16138.0000 0.0284 77.3376 50.0000 36.6584 46.5770 49.6774
16139.0000 0.0323 77.6192 50.0000 36.4639 46.2022 50.6012
16140.0000 0.0316 77.7343 50.0000 36.5501 46.4263 50.5105
16141.0000 0.0356 77.9964 50.0000 36.2200 46.3758 51.1941
16142.0000 0.0334 77.9764 50.0000 36.7458 45.8532 51.2595
16143.0000 0.0364 77.7497 50.0000 36.8052 44.7580 51.8374
16144.0000 0.0328 77.7123 50.0000 37.4881 44.3616 51.6324
16145.0000 0.0393 77.8107 50.0000 36.8388 44.2534 52.3360
16146.0000 0.0440 77.6469 50.0000 36.7249 43.4351 52.8555
16147.0000 0.0428 77.6838 50.0000 36.5877 43.8612 52.6527
16148.0000 0.0456 77.6247 50.0000 36.6496 43.2645 53.0149
16149.0000 0.0420 77.5936 50.0000 36.8688 43.4949 52.6275
16150.0000 0.0403 77.7177 50.0000 37.3133 43.3141 52.6464
16151.0000 0.0389 77.9089 50.0000 37.3881 43.6676 52.5839
16152.0000 0.0373 78.1486 50.0000 37.3639 44.2617 52.4599
16153.0000 0.0400 77.8802 50.0000 36.6675 44.4788 52.3685
16154.0000 0.0377 77.9664 50.0000 37.0508 44.4176 52.2789
16155.0000 0.0309 78.0613 50.0000 38.2220 44.0925 51.8507
16156.0000 0.0341 78.3660 50.0000 37.6473 44.7266 52.1865
16157.0000 0.0336 78.2984 50.0000 37.2859 45.3070 51.8429
16158.0000 0.0308 78.2634 50.0000 37.3165 45.8594 51.2791
16159.0000 0.0273 78.1826 50.0000 37.7684 45.8073 50.8699
16160.0000 0.0244 77.6843 50.0000 37.7743 45.8886 50.0219
16161.0000 0.0312 78.0460 50.0000 37.0147 46.0298 51.0131
16162.0000 0.0353 78.5399 50.0000 36.7238 46.2709 51.7580
16163.0000 0.0331 78.0564 50.0000 36.6945 46.1641 51.1389
16164.0000 0.0323 77.7392 50.0000 36.9554 45.3979 51.1539
16165.0000 0.0389 78.0259 50.0000 36.4455 45.2230 52.1022
16166.0000 0.0313 77.4056 50.0000 37.2925 44.5636 51.1370
16167.0000 0.0257 77.2213 50.0000 37.4612 45.3812 50.0034
16168.0000 0.0283 77.1948 50.0000 36.8646 45.8417 49.9857
16169.0000 0.0314 77.2775 50.0000 36.2831 46.3501 50.0702
16170.0000 0.0339 77.5689 50.0000 36.1447 46.3656 50.6036
16171.0000 0.0359 77.3789 50.0000 35.9335 45.9344 50.8558
16172.0000 0.0404 77.6358 50.0000 35.7858 45.5023 51.7323
16173.0000 0.0352 77.2502 50.0000 36.3927 45.0389 51.1339
16174.0000 0.0373 77.1303 50.0000 36.0656 44.9773 51.2386
16175.0000 0.0380 77.3003 50.0000 36.0782 45.0443 51.4267
16176.0000 0.0412 77.4694 50.0000 35.6926 45.2778 51.7442
16177.0000 0.0431 77.6000 50.0000 35.6483 45.1402 52.0896
16178.0000 0.0422 77.2796 50.0000 35.9529 44.3863 52.0517
16179.0000 0.0387 76.8917 50.0000 36.2010 44.1439 51.5087
16180.0000 0.0384 76.8885 50.0000 36.6089 43.5819 51.6938
16181.0000 0.0354 76.7644 50.0000 36.6517 43.9117 51.1976
16182.0000 0.0447 77.3588 50.0000 36.3152 43.5477 52.6230
16183.0000 0.0440 77.0410 50.0000 36.6244 42.8512 52.5142
16184.0000 0.0382 76.5613 50.0000 36.8886 42.8221 51.6444
16185.0000 0.0352 76.2908 50.0000 37.6164 42.0223 51.3753
16186.0000 0.0379 76.5490 50.0000 37.3811 42.2076 51.7777
16187.0000 0.0374 76.5264 50.0000 36.9717 42.8017 51.5500
16188.0000 0.0325 76.7507 50.0000 37.6141 43.0146 51.2406
16189.0000 0.0340 76.7553 50.0000 37.9232 42.3746 51.5520
16190.0000 0.0361 76.6691 50.0000 37.6360 42.3097 51.6873
16191.0000 0.0344 76.4680 50.0000 37.1602 42.9719 51.1849
16192.0000 0.0336 76.2065 50.0000 37.0797 42.8869 50.9238
16193.0000 0.0382 76.6434 50.0000 37.1809 42.5385 51.7906
16194.0000 0.0425 76.9867 50.0000 37.4813 41.9312 52.5726
16195.0000 0.0387 76.8687 50.0000 37.6084 42.1824 52.1061
16196.0000 0.0339 76.4548 50.0000 38.3360 41.5358 51.4826
16197.0000 0.0284 76.2398 50.0000 38.2789 42.2217 50.6414
16198.0000 0.0323 75.8919 50.0000 37.7014 41.8993 50.8195
16199.0000 0.0341 76.1120 50.0000 37.8034 41.7580 51.1880
16200.0000 0.0376 76.5441 50.0000 37.6031 41.9670 51.8052
16201.0000 0.0368 76.6918 50.0000 37.8246 41.9894 51.8443
16202.0000 0.0358 76.7497 50.0000 37.7733 42.2633 51.7447
16203.0000 0.0373 76.8324 50.0000 37.4522 42.5420 51.8722
16204.0000 0.0400 77.1687 50.0000 36.8489 43.3252 52.1544
16205.0000 0.0435 77.0955 50.0000 36.5315 43.1209 52.4381
16206.0000 0.0390 76.9325 50.0000 36.6231 43.5169 51.8039
16207.0000 0.0360 76.6150 50.0000 36.8394 43.3294 51.3350
16208.0000 0.0327 76.8248 50.0000 37.1940 43.6810 51.0942
16209.0000 0.0280 76.4266 50.0000 37.9589 42.9439 50.5566
16210.0000 0.0342 76.8204 50.0000 37.4610 43.0283 51.4453
16211.0000 0.0362 76.9105 50.0000 37.5570 42.6805 51.7983
16212.0000 0.0374 77.1140 50.0000 37.5464 42.7400 52.0589
16213.0000 0.0381 76.9729 50.0000 36.9779 43.2213 51.8593
16214.0000 0.0365 76.5483 50.0000 36.9205 43.0445 51.4168
16215.0000 0.0334 76.6851 50.0000 37.0904 43.5095 51.1061
16216.0000 0.0333 76.7604 50.0000 36.9620 43.8298 51.0385
16217.0000 0.0403 76.9451 50.0000 36.6089 43.3362 51.9838
16218.0000 0.0370 76.8973 50.0000 36.5198 43.9847 51.4280
16219.0000 0.0337 76.4157 50.0000 36.0585 44.7779 50.3397
16220.0000 0.0280 76.3816 50.0000 36.5462 45.2899 49.4707
16221.0000 0.0291 76.3608 50.0000 36.3371 45.3747 49.5148
16222.0000 0.0269 76.7252 50.0000 36.8190 45.5840 49.5300
16223.0000 0.0252 76.8624 50.0000 37.2761 45.3417 49.6231
16224.0000 0.0289 77.0985 50.0000 36.8263 45.5590 50.1236
16225.0000 0.0283 77.1110 50.0000 36.7133 46.0641 49.7628
16226.0000 0.0270 77.2015 50.0000 36.9766 46.0180 49.7509
16227.0000 0.0245 77.2015 50.0000 37.1807 46.5073 49.1399
16228.0000 0.0250 76.9370 50.0000 37.1203 45.9258 49.3174
16229.0000 0.0241 77.0790 50.0000 37.1713 46.4673 48.9925
16230.0000 0.0234 76.7913 50.0000 37.1613 46.2042 48.7966
16231.0000 0.0239 76.8568 50.0000 36.9994 46.6883 48.5614
16232.0000 0.0249 77.2883 50.0000 37.0048 47.1231 48.8215
16233.0000 0.0273 77.1731 50.0000 36.6043 46.9929 49.0660
16234.0000 0.0286 77.0236 50.0000 36.2997 47.0625 48.9907
16235.0000 0.0291 77.0316 50.0000 36.1866 47.2382 48.9178
16236.0000 0.0243 77.2376 50.0000 37.0723 47.1570 48.6572
16237.0000 0.0284 77.2536 50.0000 36.6745 46.3670 49.7312
16238.0000 0.0298 77.0304 50.0000 36.3144 46.4081 49.6108
16239.0000 0.0280 76.9638 50.0000 36.5820 46.2416 49.4662
16240.0000 0.0283 76.8447 50.0000 36.3589 46.5391 49.1656
16241.0000 0.0296 76.5718 50.0000 36.1796 45.9753 49.4020
16242.0000 0.0286 76.6942 50.0000 36.3531 46.1146 49.3345
16243.0000 0.0296 77.1074 50.0000 36.5963 45.8800 50.0128
16244.0000 0.0342 77.6629 50.0000 35.8867 47.1116 50.2411
16245.0000 0.0325 77.8789 50.0000 36.2205 47.2573 50.1991
16246.0000 0.0323 77.3174 50.0000 36.1218 46.5180 50.0927
16247.0000 0.0313 77.6457 50.0000 36.2998 47.0596 49.9657
16248.0000 0.0376 77.4486 50.0000 35.7662 45.9351 51.0788
16249.0000 0.0354 77.4912 50.0000 36.1977 45.7116 51.0398
16250.0000 0.0295 77.2305 50.0000 36.6955 45.8994 50.1123
16251.0000 0.0308 77.7005 50.0000 37.1217 45.3912 50.9802
16252.0000 0.0332 77.4133 50.0000 36.7097 45.1565 51.0500
16253.0000 0.0342 77.3687 50.0000 36.3688 45.4904 50.9298
16254.0000 0.0392 77.3849 50.0000 36.2647 44.5950 51.8129
16255.0000 0.0368 77.1889 50.0000 36.1555 45.0113 51.2337
16256.0000 0.0384 77.0378 50.0000 36.1880 44.4130 51.5048
16257.0000 0.0365 76.7481 50.0000 36.0938 44.5622 51.0071
16258.0000 0.0273 76.3078 50.0000 36.8394 44.7664 49.6156
16259.0000 0.0292 76.4013 50.0000 36.8292 44.4145 50.0811
16260.0000 0.0280 76.5314 50.0000 37.0677 44.4746 50.0505
16261.0000 0.0266 76.5961 50.0000 37.2208 44.6553 49.8746
16262.0000 0.0309 76.7158 50.0000 36.6595 44.7813 50.3590
16263.0000 0.0257 76.4895 50.0000 36.9094 45.3975 49.2686
16264.0000 0.0273 76.7426 50.0000 37.0590 44.9772 49.9310
16265.0000 0.0252 76.4163 50.0000 37.1448 44.9127 49.4222
16266.0000 0.0233 76.2848 50.0000 37.2387 45.0923 48.9829
16267.0000 0.0268 76.2549 50.0000 36.5769 45.3882 49.1615
16268.0000 0.0259 76.1983 50.0000 36.5412 45.7344 48.7780
16269.0000 0.0287 76.4996 50.0000 36.3457 45.7484 49.3788
16270.0000 0.0289 76.0812 50.0000 36.0999 45.5419 49.1028
16271.0000 0.0245 76.0863 50.0000 36.7645 45.4501 48.7010
16272.0000 0.0289 75.8392 50.0000 35.9542 45.4894 48.8835
16273.0000 0.0294 75.6631 50.0000 35.7583 45.4915 48.7521
16274.0000 0.0297 75.7305 50.0000 36.0234 44.8564 49.2475
16275.0000 0.0254 75.7038 50.0000 36.3510 45.5060 48.3619
16276.0000 0.0255 75.3640 50.0000 36.0674 45.6644 47.8920
16277.0000 0.0284 75.7938 50.0000 36.1177 45.1419 49.0144
16278.0000 0.0321 75.9619 50.0000 35.7236 45.1868 49.5195
16279.0000 0.0298 76.0460 50.0000 36.3538 44.6326 49.6923
16280.0000 0.0295 75.5509 50.0000 36.1917 44.2910 49.3600
16281.0000 0.0264 75.5793 50.0000 36.5232 44.4948 48.9745
16282.0000 0.0314 75.8729 50.0000 36.0045 44.6555 49.6615
16283.0000 0.0348 76.3374 50.0000 35.9006 44.6914 50.4106
16284.0000 0.0312 76.2165 50.0000 36.2557 44.7187 49.9472
16285.0000 0.0324 76.1242 50.0000 36.0493 44.6860 49.9850
16286.0000 0.0307 76.6714 50.0000 36.5603 44.9581 50.2057
16287.0000 0.0307 76.4460 50.0000 36.0103 45.7799 49.5121
16288.0000 0.0307 76.2988 50.0000 35.9031 45.8109 49.3340
16289.0000 0.0352 76.4989 50.0000 35.8997 44.8411 50.5230
16290.0000 0.0339 76.4545 50.0000 35.8378 45.2364 50.1459
16291.0000 0.0372 76.4593 50.0000 35.6382 44.8034 50.6814
16292.0000 0.0402 76.4211 50.0000 35.1096 45.0699 50.7563
16293.0000 0.0376 75.8607 50.0000 35.5465 44.0483 50.5077
16294.0000 0.0394 76.1709 50.0000 35.9290 43.4993 51.1755
16295.0000 0.0451 76.0485 50.0000 34.9719 43.8078 51.3927
16296.0000 0.0456 76.0135 50.0000 34.9112 43.7693 51.4151
16297.0000 0.0449 76.1909 50.0000 34.5792 44.6926 51.1067
16298.0000 0.0429 76.4778 50.0000 35.0741 44.6177 51.2632
16299.0000 0.0409 76.7673 50.0000 35.0487 45.5247 50.9148
16300.0000 0.0419 77.0505 50.0000 34.8444 46.1566 50.9137
16301.0000 0.0393 77.0116 50.0000 35.3874 45.6103 50.9727
16302.0000 0.0380 76.8104 50.0000 35.5871 45.2294 50.8693
16303.0000 0.0387 76.6183 50.0000 35.2563 45.4201 50.6396
16304.0000 0.0334 76.4008 50.0000 35.9528 45.0422 50.1565
16305.0000 0.0328 76.2069 50.0000 35.7469 45.3365 49.7418
16306.0000 0.0349 76.2354 50.0000 35.3914 45.5654 49.8306
16307.0000 0.0319 76.0375 50.0000 35.7149 45.3900 49.4559
16308.0000 0.0329 75.5951 50.0000 35.5552 44.7271 49.4968
16309.0000 0.0311 76.0301 50.0000 36.1396 44.7019 49.7619
16310.0000 0.0345 76.1230 50.0000 35.8623 44.5357 50.2511
16311.0000 0.0368 75.7385 50.0000 35.4103 44.2725 50.2232
16312.0000 0.0417 76.1983 50.0000 35.4090 43.9220 51.2176
16313.0000 0.0384 76.2831 50.0000 35.8404 43.9727 50.9998
16314.0000 0.0328 76.0896 50.0000 36.6996 43.4438 50.5510
16315.0000 0.0300 76.4165 50.0000 37.0494 43.8893 50.4040
16316.0000 0.0332 76.7057 50.0000 37.1595 43.4763 51.1150
16317.0000 0.0245 76.4414 50.0000 37.7972 43.9437 49.8358
16318.0000 0.0206 76.3758 50.0000 38.2390 44.0600 49.2926
16319.0000 0.0185 76.0775 50.0000 38.3413 44.0458 48.7616
16320.0000 0.0218 76.3170 50.0000 38.0462 44.0148 49.3909
16321.0000 0.0238 76.4854 50.0000 38.1980 43.5194 49.9700
16322.0000 0.0247 76.2866 50.0000 37.8560 43.5810 49.8724
16323.0000 0.0245 76.5165 50.0000 37.9508 43.7903 49.9692
16324.0000 0.0177 76.4411 50.0000 39.1105 43.4936 49.2130
16325.0000 0.0144 76.4364 50.0000 39.7460 43.3761 48.7984
16326.0000 0.0141 76.5307 50.0000 39.5924 43.8331 48.6627
16327.0000 0.0129 76.5192 50.0000 40.2247 43.2067 48.6861
16328.0000 0.0140 76.7387 50.0000 40.6967 42.5977 49.1736
16329.0000 0.0147 76.8506 50.0000 40.8573 42.3925 49.3920
16330.0000 0.0139 76.7741 50.0000 40.4827 42.9292 49.1171
16331.0000 0.0124 76.4803 50.0000 40.6106 42.7665 48.6934
16332.0000 0.0136 76.7830 50.0000 40.7903 42.6328 49.1347
16333.0000 0.0129 77.1869 50.0000 40.8125 43.2524 49.2076
16334.0000 0.0139 77.3932 50.0000 40.6956 43.4088 49.4899
16335.0000 0.0157 77.0685 50.0000 40.3829 43.0110 49.5867
16336.0000 0.0178 77.4033 50.0000 41.0404 42.1947 50.2650
16337.0000 0.0184 77.2964 50.0000 40.9417 42.0683 50.2869
16338.0000 0.0225 77.3433 50.0000 40.3379 42.0456 50.8626
16339.0000 0.0224 77.2643 50.0000 40.0017 42.3709 50.7381
16340.0000 0.0223 77.6352 50.0000 40.7841 41.9247 51.0509
16341.0000 0.0238 77.7647 50.0000 41.1455 41.4374 51.3551
16342.0000 0.0239 78.0897 50.0000 41.2763 41.6316 51.5856
16343.0000 0.0316 78.7757 50.0000 40.8570 41.6324 52.9440
16344.0000 0.0247 78.3779 50.0000 41.0174 42.0913 51.8554
16345.0000 0.0269 78.5710 50.0000 41.2705 41.6802 52.2773
16346.0000 0.0273 78.2456 50.0000 40.7268 41.8472 52.0818
16347.0000 0.0262 78.3011 50.0000 40.4066 42.4279 51.9447
16348.0000 0.0306 77.9147 50.0000 39.7629 42.0327 52.1811
16349.0000 0.0287 78.0680 50.0000 40.2614 41.9289 52.1114
16350.0000 0.0276 78.1283 50.0000 39.9778 42.4985 51.9585
16351.0000 0.0273 77.9192 50.0000 39.0319 43.4703 51.5583
16352.0000 0.0281 77.8228 50.0000 39.2342 42.9584 51.6880
16353.0000 0.0345 77.7834 50.0000 38.4360 42.8472 52.3169
16354.0000 0.0355 77.3924 50.0000 38.2984 42.4125 52.1918
16355.0000 0.0324 76.7269 50.0000 38.6271 41.7286 51.5139
16356.0000 0.0291 77.1089 50.0000 39.0426 42.1898 51.3953
16357.0000 0.0369 76.8731 50.0000 38.6489 41.2117 52.1279
16358.0000 0.0332 76.4107 50.0000 38.8391 41.0146 51.4579
16359.0000 0.0374 76.2587 50.0000 38.3398 40.8123 51.7668
16360.0000 0.0419 76.1367 50.0000 37.9625 40.5093 52.1023
16361.0000 0.0354 76.2940 50.0000 38.1881 41.3123 51.5338
16362.0000 0.0328 76.0714 50.0000 38.4806 41.0997 51.1559
16363.0000 0.0399 76.6757 50.0000 37.7782 41.5834 52.1803
16364.0000 0.0406 76.9810 50.0000 37.4907 42.1814 52.3569
16365.0000 0.0488 76.9617 50.0000 37.4675 41.0886 53.2073
16366.0000 0.0517 77.0914 50.0000 37.5878 40.7425 53.5751
16367.0000 0.0519 76.6612 50.0000 36.9942 40.9253 53.2305
16368.0000 0.0496 76.4020 50.0000 37.4219 40.4389 52.9298
16369.0000 0.0466 76.1764 50.0000 36.8257 41.2464 52.3970
16370.0000 0.0426 76.0080 50.0000 37.0626 41.3074 51.9354
16371.0000 0.0412 75.8416 50.0000 37.2614 41.0828 51.7277
16372.0000 0.0493 75.9164 50.0000 36.8062 40.6484 52.5005
16373.0000 0.0440 75.7899 50.0000 36.7965 41.1912 51.8980
16374.0000 0.0416 75.8608 50.0000 36.9084 41.4633 51.7052
16375.0000 0.0404 75.5626 50.0000 36.7567 41.4819 51.3605
16376.0000 0.0360 75.5853 50.0000 37.0763 41.7494 50.9457
16377.0000 0.0387 76.0133 50.0000 37.1910 41.7076 51.5299
16378.0000 0.0394 76.2526 50.0000 37.2377 41.8268 51.7526
16379.0000 0.0407 76.3182 50.0000 36.7099 42.3813 51.7753
16380.0000 0.0424 76.3439 50.0000 36.8013 42.0370 52.0282
16381.0000 0.0396 76.2332 50.0000 36.9694 42.1155 51.6822
16382.0000 0.0428 75.8795 50.0000 36.9361 41.2904 51.8509
16383.0000 0.0387 75.9513 50.0000 36.9762 41.9033 51.4342
16384.0000 0.0410 75.8902 50.0000 36.9386 41.5491 51.6579
16385.0000 0.0411 75.9216 50.0000 36.1491 42.5926 51.4121
16386.0000 0.0464 76.3339 50.0000 35.9143 42.5980 52.1770
16387.0000 0.0487 76.3832 50.0000 35.9006 42.3441 52.4644
16388.0000 0.0432 76.5308 50.0000 36.7740 42.1833 52.2035
16389.0000 0.0447 76.6830 50.0000 36.5033 42.4898 52.3681
16390.0000 0.0470 76.5060 50.0000 36.2646 42.2608 52.4602
16391.0000 0.0454 76.2930 50.0000 35.9879 42.6059 52.0598
16392.0000 0.0514 76.1666 50.0000 35.1266 42.7289 52.3614
16393.0000 0.0478 75.9547 50.0000 35.2374 42.8596 51.8699
16394.0000 0.0416 75.5164 50.0000 35.4331 43.0231 50.9533
16395.0000 0.0445 75.5819 50.0000 35.3003 42.8234 51.3095
16396.0000 0.0512 75.8208 50.0000 35.1679 42.3030 52.1773
16397.0000 0.0502 75.7084 50.0000 35.2029 42.2676 52.0190
16398.0000 0.0538 76.0329 50.0000 35.2126 42.1321 52.5924
16399.0000 0.0478 75.6611 50.0000 35.7393 41.8432 51.9273
16400.0000 0.0530 75.7418 50.0000 35.7976 41.1808 52.5309
16401.0000 0.0504 75.4949 50.0000 35.9974 40.9895 52.1874
16402.0000 0.0545 76.0378 50.0000 35.5264 41.6498 52.7724
16403.0000 0.0488 76.0783 50.0000 36.4855 41.2544 52.4862
16404.0000 0.0519 76.0076 50.0000 36.1215 41.2195 52.6625
16405.0000 0.0546 76.0972 50.0000 36.1946 40.9063 52.9850
16406.0000 0.0595 76.6683 50.0000 36.4261 40.6801 53.8173
16407.0000 0.0541 76.3736 50.0000 37.0503 40.2872 53.2649
16408.0000 0.0612 76.1657 50.0000 36.3772 40.0139 53.6359
16409.0000 0.0592 76.0256 50.0000 36.6672 39.7618 53.4266
16410.0000 0.0560 76.1153 50.0000 37.2639 39.5698 53.2838
16411.0000 0.0547 76.2075 50.0000 37.0831 40.0048 53.2169
16412.0000 0.0530 75.9659 50.0000 37.0583 39.9761 52.9096
16413.0000 0.0524 76.1793 50.0000 36.9352 40.4040 52.9774
16414.0000 0.0428 75.7429 50.0000 37.7364 40.2157 51.9196
16415.0000 0.0478 75.5247 50.0000 37.2481 39.9038 52.1942
16416.0000 0.0503 75.7334 50.0000 37.0471 40.0533 52.5243
16417.0000 0.0493 75.4496 50.0000 36.7087 40.2418 52.2084
16418.0000 0.0497 75.4581 50.0000 36.7412 40.1646 52.2571
16419.0000 0.0514 75.8386 50.0000 36.9516 40.1350 52.6807
16420.0000 0.0428 75.8061 50.0000 37.5090 40.5405 51.9241
16421.0000 0.0389 75.5542 50.0000 37.9762 40.2449 51.4451
16422.0000 0.0426 75.6221 50.0000 37.3828 40.5037 51.7752
16423.0000 0.0453 75.3808 50.0000 36.9912 40.3397 51.8327
16424.0000 0.0390 75.3371 50.0000 37.7409 40.2646 51.2841
16425.0000 0.0395 75.8183 50.0000 37.6214 40.8540 51.6139
16426.0000 0.0388 75.4649 50.0000 37.1288 41.1377 51.2260
16427.0000 0.0403 75.3804 50.0000 37.5474 40.3553 51.4183
16428.0000 0.0396 75.0204 50.0000 37.0977 40.5652 51.0519
16429.0000 0.0402 75.3339 50.0000 37.9851 39.8290 51.4391
16430.0000 0.0473 75.6527 50.0000 37.6660 39.6507 52.2727
16431.0000 0.0464 75.3852 50.0000 37.2780 39.8875 51.9833
16432.0000 0.0509 75.6578 50.0000 37.5722 39.3368 52.5838
16433.0000 0.0554 75.5946 50.0000 36.7595 39.6360 52.8420
16434.0000 0.0524 75.7750 50.0000 36.7914 40.1347 52.7016
16435.0000 0.0535 75.5766 50.0000 36.8812 39.6915 52.6896
16436.0000 0.0572 75.7949 50.0000 36.5174 39.9104 53.0897
16437.0000 0.0615 76.1016 50.0000 36.4771 39.7981 53.6376
16438.0000 0.0594 75.7700 50.0000 36.7243 39.4145 53.2815
16439.0000 0.0680 76.0566 50.0000 35.9295 39.6615 54.0429
16440.0000 0.0663 76.2741 50.0000 36.3866 39.5708 54.1101
16441.0000 0.0612 76.0089 50.0000 36.1939 40.0536 53.5076
16442.0000 0.0525 76.4494 50.0000 36.9608 40.6514 53.1589
16443.0000 0.0596 76.3230 50.0000 36.1649 40.5998 53.5627
16444.0000 0.0566 76.1776 50.0000 36.1658 40.7861 53.2124
16445.0000 0.0601 76.2749 50.0000 35.7645 40.9482 53.4978
16446.0000 0.0698 76.7468 50.0000 36.1449 39.9555 54.6551
16447.0000 0.0739 76.8055 50.0000 35.6096 40.1784 54.9249
16448.0000 0.0684 76.3447 50.0000 35.2846 40.6392 54.1475
16449.0000 0.0639 76.2680 50.0000 35.7706 40.5005 53.8237
16450.0000 0.0650 76.6965 50.0000 35.2556 41.4349 54.0606
16451.0000 0.0680 76.7756 50.0000 35.5958 40.7906 54.4385
16452.0000 0.0677 76.2050 50.0000 35.8438 39.9484 54.0976
16453.0000 0.0582 75.9068 50.0000 37.1063 39.2728 53.3162
16454.0000 0.0589 75.6124 50.0000 36.7534 39.2678 53.1457
16455.0000 0.0653 75.6278 50.0000 36.3322 39.0659 53.6040
16456.0000 0.0638 75.9081 50.0000 36.2081 39.6414 53.6617
16457.0000 0.0614 75.8404 50.0000 36.6598 39.3358 53.4837
16458.0000 0.0668 76.4074 50.0000 37.0439 38.9493 54.3028
16459.0000 0.0539 76.0791 50.0000 37.2924 39.7338 53.0899
16460.0000 0.0536 75.8393 50.0000 37.5216 39.2683 52.9313
16461.0000 0.0469 75.2934 50.0000 38.0840 38.8779 52.0309
16462.0000 0.0520 75.5386 50.0000 37.7167 38.9285 52.6127
16463.0000 0.0426 75.3969 50.0000 37.4639 40.1663 51.6509
16464.0000 0.0399 75.1248 50.0000 37.5305 40.1494 51.2173
16465.0000 0.0381 75.6121 50.0000 37.5480 40.9116 51.3184
16466.0000 0.0365 75.2458 50.0000 37.5800 40.6819 50.9378
16467.0000 0.0398 75.4195 50.0000 37.6911 40.3062 51.4091
16468.0000 0.0370 75.9541 50.0000 37.8002 41.1497 51.4478
16469.0000 0.0347 75.7317 50.0000 37.8116 41.2152 51.0576
16470.0000 0.0363 76.1857 50.0000 37.8948 41.3993 51.5203
16471.0000 0.0382 76.3946 50.0000 37.9005 41.3568 51.8584
16472.0000 0.0390 75.9868 50.0000 38.0591 40.6191 51.7260
16473.0000 0.0438 75.6734 50.0000 37.0411 40.7963 51.8660
16474.0000 0.0420 75.8403 50.0000 37.3047 40.9116 51.8300
16475.0000 0.0502 76.2544 50.0000 37.2338 40.4096 52.8720
16476.0000 0.0456 75.9398 50.0000 37.2948 40.5672 52.2518
16477.0000 0.0423 76.0381 50.0000 37.1848 41.2371 51.9478
16478.0000 0.0454 76.1087 50.0000 37.0884 41.0207 52.2903
16479.0000 0.0455 75.7982 50.0000 36.8617 40.9320 52.0687
16480.0000 0.0560 76.1444 50.0000 37.0237 39.8510 53.2834
16481.0000 0.0489 76.3770 50.0000 37.2480 40.6911 52.8230
16482.0000 0.0487 76.3850 50.0000 37.4812 40.4548 52.8511
16483.0000 0.0387 75.8966 50.0000 37.1808 41.5917 51.4588
16484.0000 0.0399 76.3808 50.0000 37.3147 41.8087 51.9005
16485.0000 0.0489 76.3525 50.0000 36.9788 40.9740 52.7579
16486.0000 0.0477 76.3470 50.0000 37.1488 40.9237 52.6696
16487.0000 0.0541 76.5851 50.0000 36.4801 41.1667 53.2897
16488.0000 0.0546 76.6574 50.0000 36.5336 41.1232 53.3903
16489.0000 0.0518 76.7053 50.0000 36.9431 41.0395 53.2417
16490.0000 0.0515 76.8748 50.0000 36.6296 41.6344 53.2408
16491.0000 0.0485 76.9165 50.0000 37.1976 41.3842 53.1021
16492.0000 0.0515 76.6813 50.0000 37.3378 40.6064 53.2637
16493.0000 0.0527 76.9659 50.0000 36.8643 41.3073 53.4649
16494.0000 0.0521 76.9067 50.0000 36.7364 41.4623 53.3474
16495.0000 0.0489 76.5197 50.0000 36.3820 41.8694 52.7122
16496.0000 0.0455 76.3971 50.0000 36.3207 42.2716 52.2536
16497.0000 0.0453 76.2574 50.0000 36.6028 41.7886 52.2411
16498.0000 0.0445 76.0890 50.0000 36.7262 41.5564 52.0940
16499.0000 0.0487 75.9563 50.0000 36.0744 41.6384 52.2899
16500.0000 0.0442 75.6066 50.0000 36.0523 41.8837 51.5980
16501.0000 0.0458 75.8190 50.0000 35.8996 42.0992 51.8402
16502.0000 0.0515 75.6668 50.0000 36.0794 40.9428 52.4160
16503.0000 0.0539 75.4715 50.0000 35.8142 40.7499 52.4666
16504.0000 0.0554 75.4374 50.0000 35.7933 40.5613 52.5777
16505.0000 0.0534 75.7525 50.0000 36.1708 40.6931 52.6705
16506.0000 0.0569 75.7983 50.0000 36.1831 40.3230 53.0114
16507.0000 0.0672 76.1335 50.0000 35.6276 40.1624 53.9810
16508.0000 0.0658 76.4634 50.0000 35.8857 40.3706 54.1210
16509.0000 0.0649 76.6964 50.0000 36.2170 40.3402 54.2525
16510.0000 0.0693 76.7500 50.0000 36.0830 40.0792 54.6098
16511.0000 0.0691 76.8860 50.0000 36.2464 40.0619 54.7056
16512.0000 0.0656 76.7252 50.0000 36.3215 40.1847 54.3387
16513.0000 0.0616 76.4856 50.0000 36.8216 39.8135 53.9360
16514.0000 0.0614 76.4632 50.0000 36.6862 39.9594 53.8888
16515.0000 0.0632 76.4118 50.0000 36.5028 39.9097 53.9771
16516.0000 0.0590 76.3551 50.0000 36.4104 40.4225 53.5762
16517.0000 0.0488 76.1449 50.0000 36.7822 40.9849 52.5866
16518.0000 0.0552 76.3343 50.0000 37.0708 40.1005 53.3350
16519.0000 0.0468 75.9983 50.0000 37.2499 40.5307 52.3970
16520.0000 0.0489 76.3839 50.0000 37.1841 40.7709 52.8165
16521.0000 0.0492 76.3560 50.0000 36.6418 41.3317 52.7191
16522.0000 0.0466 76.0952 50.0000 36.2275 41.8835 52.1903
16523.0000 0.0475 76.0419 50.0000 36.1163 41.8477 52.2183
16524.0000 0.0542 76.3527 50.0000 35.5919 41.9693 52.9295
16525.0000 0.0485 76.0657 50.0000 35.7509 42.1953 52.2246
16526.0000 0.0527 75.9777 50.0000 35.8433 41.4198 52.6524
16527.0000 0.0476 75.5867 50.0000 35.5873 41.9863 51.8078
16528.0000 0.0522 75.6347 50.0000 35.3738 41.6873 52.2635
16529.0000 0.0538 75.7386 50.0000 35.9991 40.8328 52.6601
16530.0000 0.0494 75.0581 50.0000 35.7591 40.9192 51.7748
16531.0000 0.0434 75.0948 50.0000 35.9525 41.5297 51.2048
16532.0000 0.0491 75.1984 50.0000 34.9077 42.2133 51.5198
16533.0000 0.0449 75.2743 50.0000 35.6704 41.8875 51.3739
16534.0000 0.0446 75.5006 50.0000 35.6513 42.2284 51.4402
16535.0000 0.0435 75.6507 50.0000 36.0909 41.9800 51.5574
16536.0000 0.0365 75.3836 50.0000 36.4692 42.2304 50.6880
16537.0000 0.0386 75.6385 50.0000 36.3427 42.3867 51.0271
16538.0000 0.0420 75.5774 50.0000 36.1709 42.0167 51.3635
16539.0000 0.0451 75.8954 50.0000 36.3536 41.7082 51.9514
16540.0000 0.0422 75.6672 50.0000 36.5516 41.6023 51.5631
16541.0000 0.0433 75.9425 50.0000 36.2849 42.1077 51.7457
16542.0000 0.0485 75.9245 50.0000 36.1862 41.4839 52.2892
16543.0000 0.0469 75.9372 50.0000 36.4354 41.4140 52.1901
16544.0000 0.0519 75.9283 50.0000 36.2313 40.9990 52.6449
16545.0000 0.0453 75.6828 50.0000 36.7558 40.9470 51.9638
16546.0000 0.0408 75.4241 50.0000 36.7687 41.2542 51.3318
16547.0000 0.0403 75.2963 50.0000 36.1621 41.9468 51.0126
16548.0000 0.0365 75.1810 50.0000 36.4836 41.9738 50.5899
16549.0000 0.0377 74.8421 50.0000 35.9573 42.0772 50.3778
16550.0000 0.0401 75.3270 50.0000 35.8848 42.3881 50.8889
16551.0000 0.0394 75.1016 50.0000 36.2579 41.7232 50.8409
16552.0000 0.0472 75.5039 50.0000 35.6972 41.7956 51.7657
16553.0000 0.0433 75.1388 50.0000 35.7740 41.8180 51.1597
16554.0000 0.0455 75.4136 50.0000 35.3931 42.3408 51.3983
16555.0000 0.0504 75.5010 50.0000 34.8047 42.5298 51.7712
16556.0000 0.0494 75.8372 50.0000 34.9459 42.8834 51.8756
16557.0000 0.0540 75.9873 50.0000 34.6132 42.8507 52.3432
16558.0000 0.0523 76.1187 50.0000 34.1739 43.9188 51.9360
16559.0000 0.0448 75.4081 50.0000 34.7462 43.3821 50.9616
16560.0000 0.0464 75.5860 50.0000 34.3366 43.9847 50.9862
16561.0000 0.0448 75.6537 50.0000 34.5349 44.0429 50.9024
16562.0000 0.0448 75.6466 50.0000 34.3815 44.2963 50.7756
16563.0000 0.0433 76.0501 50.0000 34.7241 44.5709 50.9047
16564.0000 0.0395 75.8770 50.0000 35.1786 44.2981 50.5714
16565.0000 0.0394 75.8772 50.0000 35.3607 44.0246 50.6833
16566.0000 0.0385 75.7242 50.0000 35.2013 44.2620 50.3578
16567.0000 0.0452 76.3057 50.0000 35.1710 43.8127 51.6334
16568.0000 0.0428 76.1061 50.0000 35.3617 43.6754 51.3240
16569.0000 0.0469 76.3083 50.0000 35.1749 43.5220 51.8799
16570.0000 0.0498 76.1805 50.0000 35.0974 43.0330 52.1516
16571.0000 0.0514 76.0576 50.0000 34.4682 43.5374 51.9730
16572.0000 0.0584 76.1772 50.0000 33.9645 43.3458 52.6358
16573.0000 0.0620 75.9419 50.0000 33.9534 42.5869 52.9216
16574.0000 0.0608 75.8545 50.0000 33.8547 42.7790 52.7041
16575.0000 0.0588 75.8436 50.0000 34.1101 42.6978 52.5895
16576.0000 0.0574 75.8179 50.0000 34.5798 42.2320 52.6218
16577.0000 0.0555 75.5296 50.0000 34.9264 41.6989 52.4029
16578.0000 0.0563 75.5357 50.0000 35.1513 41.3247 52.5576
16579.0000 0.0508 75.3642 50.0000 35.1599 41.8316 51.9004
16580.0000 0.0549 75.5783 50.0000 35.2893 41.3754 52.4864
16581.0000 0.0497 75.6856 50.0000 35.2305 42.2767 51.9596
16582.0000 0.0487 75.9074 50.0000 35.9382 41.7519 52.2222
16583.0000 0.0539 75.9407 50.0000 35.2487 41.9717 52.5633
16584.0000 0.0495 75.6128 50.0000 36.0031 41.2246 52.1690
16585.0000 0.0548 75.8276 50.0000 35.5272 41.3828 52.6793
16586.0000 0.0497 75.9521 50.0000 35.4916 42.2398 52.2003
16587.0000 0.0430 75.5215 50.0000 35.6603 42.4783 51.2585
16588.0000 0.0318 75.6521 50.0000 36.6123 43.2061 50.1598
16589.0000 0.0305 75.4156 50.0000 36.5351 43.2533 49.8182
16590.0000 0.0306 74.9652 50.0000 36.3658 42.9153 49.5539
16591.0000 0.0327 75.2435 50.0000 36.0053 43.4364 49.7844
16592.0000 0.0356 75.3861 50.0000 35.3974 44.0744 49.8752
16593.0000 0.0415 75.8786 50.0000 35.1622 43.9415 50.8953
16594.0000 0.0365 75.5125 50.0000 35.7599 43.4464 50.3566
16595.0000 0.0349 75.6698 50.0000 35.2827 44.8819 49.6656
16596.0000 0.0327 75.7797 50.0000 35.3892 45.4906 49.2013
16597.0000 0.0338 75.9434 50.0000 35.6311 44.8819 49.8342
16598.0000 0.0333 75.7922 50.0000 35.7535 44.5218 49.8392
16599.0000 0.0351 76.0709 50.0000 36.2509 43.6646 50.6562
16600.0000 0.0364 76.3441 50.0000 36.2929 43.7209 50.9875
16601.0000 0.0350 76.4325 50.0000 36.3636 43.9944 50.8342
16602.0000 0.0313 76.0827 50.0000 36.6650 43.7801 50.2748
16603.0000 0.0282 76.2564 50.0000 37.0798 44.0160 50.0272
16604.0000 0.0311 76.1521 50.0000 36.9642 43.4581 50.4398
16605.0000 0.0325 76.4412 50.0000 36.9513 43.5789 50.7812
16606.0000 0.0263 76.0599 50.0000 37.3687 43.6908 49.7977
16607.0000 0.0274 75.9699 50.0000 37.6486 42.9329 50.1075
16608.0000 0.0224 75.7950 50.0000 37.4330 44.1835 48.9027
16609.0000 0.0242 75.8158 50.0000 37.4590 43.7008 49.3467
16610.0000 0.0229 76.0089 50.0000 37.7519 43.7919 49.3398
16611.0000 0.0278 75.7361 50.0000 37.2961 43.0567 49.9106
16612.0000 0.0253 75.3599 50.0000 37.5857 42.6438 49.4766
16613.0000 0.0256 75.4808 50.0000 37.5926 42.7263 49.5844
16614.0000 0.0228 75.5056 50.0000 38.0949 42.6083 49.3398
16615.0000 0.0252 75.7652 50.0000 37.6336 43.1309 49.6367
16616.0000 0.0274 76.1411 50.0000 38.1473 42.4569 50.3951
16617.0000 0.0309 76.0891 50.0000 38.0903 41.8721 50.8469
16618.0000 0.0295 75.9386 50.0000 38.1730 41.8156 50.6059
16619.0000 0.0292 76.2117 50.0000 38.3673 41.9487 50.7591
16620.0000 0.0306 76.4422 50.0000 38.4809 41.8493 51.1006
16621.0000 0.0384 76.4899 50.0000 37.3990 42.0437 51.8107
16622.0000 0.0386 76.5004 50.0000 37.8016 41.5449 51.9362
16623.0000 0.0358 76.7080 50.0000 38.8919 40.9155 51.9370
16624.0000 0.0332 76.5318 50.0000 39.2268 40.7122 51.5838
16625.0000 0.0292 76.7389 50.0000 39.4240 41.3097 51.2651
16626.0000 0.0337 77.1005 50.0000 38.9893 41.5359 51.9528
16627.0000 0.0331 77.0431 50.0000 39.0380 41.5012 51.8587
16628.0000 0.0268 76.9813 50.0000 39.2558 42.1592 51.0656
16629.0000 0.0318 77.3457 50.0000 38.9259 42.1662 51.8569
16630.0000 0.0339 77.2601 50.0000 38.5372 42.2128 51.9816
16631.0000 0.0282 77.0429 50.0000 38.8230 42.5241 51.1868
16632.0000 0.0364 77.3878 50.0000 38.0892 42.5275 52.2446
16633.0000 0.0430 77.9000 50.0000 37.7055 42.6282 53.1935
16634.0000 0.0466 77.9387 50.0000 37.1927 42.7964 53.4754
16635.0000 0.0459 77.6980 50.0000 37.2383 42.5553 53.2854
16636.0000 0.0449 77.9291 50.0000 37.1225 43.1158 53.2531
16637.0000 0.0443 78.1241 50.0000 37.2277 43.2959 53.3192
16638.0000 0.0510 78.0952 50.0000 36.9954 42.6168 53.9815
16639.0000 0.0528 78.0529 50.0000 37.0125 42.3091 54.1505
16640.0000 0.0517 78.0156 50.0000 36.6656 42.8371 53.9172
16641.0000 0.0525 78.0849 50.0000 36.9903 42.4107 54.1322
16642.0000 0.0542 78.3423 50.0000 37.4844 41.9076 54.5544
16643.0000 0.0556 78.5847 50.0000 37.0292 42.5308 54.7313
16644.0000 0.0569 78.3856 50.0000 36.8278 42.3850 54.6949
16645.0000 0.0441 78.2412 50.0000 38.0039 42.4901 53.5908
16646.0000 0.0364 77.6809 50.0000 38.4784 42.3936 52.5025
16647.0000 0.0326 77.5715 50.0000 38.2061 43.2115 51.8690
16648.0000 0.0279 77.0526 50.0000 38.7886 42.6279 51.1411
16649.0000 0.0335 77.1387 50.0000 38.1016 42.6682 51.7502
16650.0000 0.0310 76.9504 50.0000 38.4178 42.4596 51.4064
16651.0000 0.0344 76.9933 50.0000 37.9152 42.5979 51.7284
16652.0000 0.0305 76.6158 50.0000 37.6231 43.2036 50.8717
16653.0000 0.0337 76.8737 50.0000 37.5122 43.0991 51.4284
16654.0000 0.0336 76.7201 50.0000 37.5781 42.8465 51.3618
16655.0000 0.0339 76.6902 50.0000 37.0994 43.4228 51.1809
16656.0000 0.0344 76.6768 50.0000 37.1833 43.1911 51.2958
16657.0000 0.0340 76.6946 50.0000 37.4856 42.8693 51.3723
16658.0000 0.0358 76.6306 50.0000 37.3200 42.7146 51.5260
16659.0000 0.0332 76.7710 50.0000 37.7715 42.7127 51.4074
16660.0000 0.0296 76.4816 50.0000 38.1061 42.5355 50.8734
16661.0000 0.0323 76.4471 50.0000 38.0392 42.1294 51.2084
16662.0000 0.0295 76.3056 50.0000 38.2370 42.1795 50.8070
16663.0000 0.0318 76.6729 50.0000 37.7836 42.8169 51.1649
16664.0000 0.0257 76.4346 50.0000 38.3869 42.8051 50.3629
16665.0000 0.0345 76.4217 50.0000 37.8014 42.0577 51.4051
16666.0000 0.0285 76.3232 50.0000 38.9078 41.5415 50.8499
16667.0000 0.0371 76.7868 50.0000 38.8997 40.8085 52.1316
16668.0000 0.0351 76.7307 50.0000 38.8943 41.0294 51.8789
16669.0000 0.0372 76.9624 50.0000 38.8819 41.0149 52.2416
16670.0000 0.0370 76.7227 50.0000 38.6418 41.0464 52.0421
16671.0000 0.0335 76.7277 50.0000 39.4497 40.6457 51.7570
16672.0000 0.0308 75.9888 50.0000 39.3667 40.3225 50.9770
16673.0000 0.0378 76.4330 50.0000 39.4150 39.7973 52.0062
16674.0000 0.0382 76.5665 50.0000 39.4393 39.8655 52.1317
16675.0000 0.0351 76.6938 50.0000 39.5766 40.2591 51.9118
16676.0000 0.0294 76.6098 50.0000 39.5399 41.0133 51.2208
16677.0000 0.0270 76.2462 50.0000 39.1175 41.4491 50.6486
16678.0000 0.0278 76.3108 50.0000 39.3990 41.0838 50.8250
16679.0000 0.0325 76.1722 50.0000 39.0384 40.6240 51.2630
16680.0000 0.0386 76.0026 50.0000 38.0955 40.6443 51.7027
16681.0000 0.0349 76.0737 50.0000 38.4952 40.7749 51.4076
16682.0000 0.0381 76.4818 50.0000 39.2159 40.0200 52.0575
16683.0000 0.0355 76.3290 50.0000 38.8204 40.6236 51.6606
16684.0000 0.0394 76.6835 50.0000 37.9776 41.4242 52.1736
16685.0000 0.0402 76.8110 50.0000 38.1373 41.2750 52.3626
16686.0000 0.0382 76.5922 50.0000 38.5176 40.8729 52.0785
16687.0000 0.0333 76.3948 50.0000 38.4273 41.4505 51.3941
16688.0000 0.0267 76.4188 50.0000 38.9458 41.9046 50.6662
16689.0000 0.0263 76.1764 50.0000 39.0347 41.5826 50.4978
16690.0000 0.0259 75.6150 50.0000 39.0364 41.0021 50.1260
16691.0000 0.0330 76.0523 50.0000 38.3601 41.1801 51.1533
16692.0000 0.0274 75.7606 50.0000 38.7449 41.2665 50.3545
16693.0000 0.0286 75.4783 50.0000 38.3618 41.1940 50.2832
16694.0000 0.0289 75.4817 50.0000 38.5220 40.9704 50.3485
16695.0000 0.0340 75.5517 50.0000 39.0626 39.7332 51.0240
16696.0000 0.0360 75.8493 50.0000 38.9630 39.8903 51.4176
16697.0000 0.0345 75.8232 50.0000 39.0392 39.9736 51.2562
16698.0000 0.0377 75.5379 50.0000 38.4912 39.8229 51.3667
16699.0000 0.0330 75.7654 50.0000 38.6446 40.5451 51.0205
16700.0000 0.0273 75.6126 50.0000 39.3193 40.4793 50.3259
16701.0000 0.0253 75.7506 50.0000 38.9709 41.3358 50.1077
16702.0000 0.0245 75.8356 50.0000 39.4183 41.0413 50.1283
16703.0000 0.0311 76.2308 50.0000 38.9842 40.9476 51.1338
16704.0000 0.0362 76.3961 50.0000 38.7140 40.7160 51.7668
16705.0000 0.0359 76.0717 50.0000 38.5728 40.5575 51.5183
16706.0000 0.0356 75.9100 50.0000 38.0509 41.0005 51.3169
16707.0000 0.0391 76.3366 50.0000 38.1297 40.9097 51.9596
16708.0000 0.0370 75.9021 50.0000 37.9934 40.8612 51.4586
16709.0000 0.0394 75.9653 50.0000 37.6869 40.9554 51.7019
16710.0000 0.0429 76.4330 50.0000 38.0357 40.6176 52.3975
16711.0000 0.0441 76.7749 50.0000 38.1246 40.7405 52.7362
16712.0000 0.0368 76.5902 50.0000 38.4156 41.1761 51.9117
16713.0000 0.0326 76.6157 50.0000 39.0959 41.0368 51.5505
16714.0000 0.0319 76.5061 50.0000 39.1400 40.9644 51.4117
16715.0000 0.0349 76.3848 50.0000 38.8504 40.7321 51.6350
16716.0000 0.0360 76.5187 50.0000 38.7724 40.8141 51.8268
16717.0000 0.0394 76.1086 50.0000 38.2394 40.4947 51.8695
16718.0000 0.0326 75.7048 50.0000 38.3511 40.8561 50.9038
16719.0000 0.0352 75.4541 50.0000 37.9683 40.6546 50.9797
16720.0000 0.0358 75.6925 50.0000 37.9743 40.8279 51.1897
16721.0000 0.0296 75.2168 50.0000 37.8168 41.4044 50.1312
16722.0000 0.0308 75.0580 50.0000 37.5005 41.4124 50.1241
16723.0000 0.0332 75.5530 50.0000 37.2406 41.9463 50.6153
16724.0000 0.0271 75.3692 50.0000 38.4153 41.2452 50.0361
16725.0000 0.0273 75.5726 50.0000 38.9249 40.8632 50.2620
16726.0000 0.0277 75.0708 50.0000 38.6171 40.5783 49.9774
16727.0000 0.0329 75.0468 50.0000 37.8547 40.6493 50.4647
16728.0000 0.0327 74.9825 50.0000 37.9346 40.5174 50.4152
16729.0000 0.0312 75.0227 50.0000 38.1941 40.4894 50.3012
16730.0000 0.0333 74.9203 50.0000 37.9272 40.3759 50.4416
16731.0000 0.0374 75.1376 50.0000 37.9043 40.0659 51.0259
16732.0000 0.0379 75.3110 50.0000 37.8131 40.2946 51.1689
16733.0000 0.0402 75.1646 50.0000 37.5953 40.0804 51.2821
16734.0000 0.0419 75.2373 50.0000 37.4999 40.0426 51.4878
16735.0000 0.0333 75.3592 50.0000 37.9910 40.7842 50.7183
16736.0000 0.0430 75.5542 50.0000 36.9546 40.8787 51.6888
16737.0000 0.0419 76.0794 50.0000 37.2678 41.2462 51.9417
16738.0000 0.0374 76.0321 50.0000 37.3557 41.7162 51.4314
16739.0000 0.0390 75.7953 50.0000 37.0877 41.5367 51.4211
16740.0000 0.0346 75.6784 50.0000 37.2513 41.8663 50.8603
16741.0000 0.0392 76.0691 50.0000 36.7589 42.2544 51.4768
16742.0000 0.0442 76.0059 50.0000 36.4838 41.7958 51.9512
16743.0000 0.0412 76.1108 50.0000 36.3313 42.5580 51.5918
16744.0000 0.0418 76.3134 50.0000 36.4556 42.5361 51.8209
16745.0000 0.0404 76.2361 50.0000 36.1983 43.0159 51.4905
16746.0000 0.0368 76.0652 50.0000 36.7750 42.5943 51.1785
16747.0000 0.0391 76.1295 50.0000 36.5918 42.5584 51.4346
16748.0000 0.0462 76.4199 50.0000 36.1999 42.3510 52.3063
16749.0000 0.0443 76.2374 50.0000 36.1965 42.4159 51.9890
16750.0000 0.0434 76.2580 50.0000 36.5714 42.0942 52.0182
16751.0000 0.0473 76.3727 50.0000 36.2272 42.1074 52.4151
16752.0000 0.0544 76.9092 50.0000 35.8081 42.3015 53.3234
16753.0000 0.0472 76.8314 50.0000 36.1014 42.8298 52.5866
16754.0000 0.0460 76.6525 50.0000 35.8807 43.0882 52.2645
16755.0000 0.0461 76.5898 50.0000 35.9088 42.9543 52.2636
16756.0000 0.0451 76.5492 50.0000 35.6169 43.4789 51.9692
16757.0000 0.0470 76.5969 50.0000 35.8479 42.9120 52.3505
16758.0000 0.0470 76.4926 50.0000 35.6335 43.0853 52.2019
16759.0000 0.0439 76.1811 50.0000 35.7615 43.0124 51.7167
16760.0000 0.0400 75.7814 50.0000 36.0971 42.6754 51.1725
16761.0000 0.0473 76.0348 50.0000 35.5581 42.5867 51.9931
16762.0000 0.0479 76.0293 50.0000 35.5656 42.4819 52.0656
16763.0000 0.0463 76.3755 50.0000 36.0120 42.5350 52.2218
16764.0000 0.0488 76.4133 50.0000 36.2049 41.9868 52.5861
16765.0000 0.0455 76.2866 50.0000 36.5791 41.8222 52.2734
16766.0000 0.0459 76.3189 50.0000 36.0929 42.4176 52.1787
16767.0000 0.0469 76.2216 50.0000 36.2956 41.9009 52.3133
16768.0000 0.0460 75.9216 50.0000 36.4655 41.4795 52.0942
16769.0000 0.0568 76.5225 50.0000 35.9115 41.4339 53.3788
16770.0000 0.0507 76.7654 50.0000 35.9231 42.4897 52.8874
16771.0000 0.0451 76.3115 50.0000 36.2551 42.3113 52.1417
16772.0000 0.0419 76.0087 50.0000 35.6525 43.2810 51.3126
16773.0000 0.0430 75.7572 50.0000 35.8467 42.5172 51.4438
16774.0000 0.0440 75.7696 50.0000 36.2465 41.8571 51.7223
16775.0000 0.0458 75.8345 50.0000 35.6502 42.4555 51.7442
16776.0000 0.0429 75.5900 50.0000 35.6310 42.6250 51.2580
16777.0000 0.0325 75.1422 50.0000 36.0117 43.3364 49.7137
16778.0000 0.0274 74.8202 50.0000 36.3089 43.4994 48.8623
16779.0000 0.0314 74.8933 50.0000 36.0294 43.1835 49.4579
16780.0000 0.0365 75.3370 50.0000 35.6448 43.3865 50.2267
16781.0000 0.0361 75.5781 50.0000 35.9392 43.3106 50.4442
16782.0000 0.0403 75.9507 50.0000 36.0662 42.8643 51.2874
16783.0000 0.0355 76.0414 50.0000 35.9713 43.9998 50.5210
16784.0000 0.0380 76.5137 50.0000 35.5976 44.7816 50.8111
16785.0000 0.0448 76.6927 50.0000 34.9317 44.7916 51.5291
16786.0000 0.0445 76.6170 50.0000 35.2431 44.2262 51.6927
16787.0000 0.0470 77.0109 50.0000 35.1292 44.4660 52.1477
16788.0000 0.0426 76.5653 50.0000 35.1643 44.6549 51.2996
16789.0000 0.0418 76.2293 50.0000 35.3509 44.0395 51.2029
16790.0000 0.0503 76.5036 50.0000 35.1225 43.3088 52.3790
16791.0000 0.0474 76.1200 50.0000 35.1519 43.2405 51.8542
16792.0000 0.0487 76.4405 50.0000 34.7362 44.0544 51.9207
16793.0000 0.0518 76.3916 50.0000 34.8518 43.3320 52.3772
16794.0000 0.0499 76.5447 50.0000 34.9787 43.6233 52.2741
16795.0000 0.0500 76.5168 50.0000 34.6165 44.1258 52.0522
16796.0000 0.0545 76.7220 50.0000 34.4249 43.9371 52.6377
16797.0000 0.0539 76.9150 50.0000 34.0647 44.8469 52.3857
16798.0000 0.0510 76.6019 50.0000 34.6399 44.0199 52.2511
16799.0000 0.0458 76.7629 50.0000 35.2854 44.1164 51.9733
16800.0000 0.0428 76.7283 50.0000 35.5233 44.2393 51.6548
16801.0000 0.0415 76.2844 50.0000 35.6623 43.6763 51.3799
16802.0000 0.0361 76.5324 50.0000 36.1555 44.2419 50.9180
16803.0000 0.0328 76.4941 50.0000 36.1509 44.9338 50.2535
16804.0000 0.0329 76.1335 50.0000 35.6379 45.4274 49.6246
16805.0000 0.0361 76.4210 50.0000 35.4272 45.4523 50.1914
16806.0000 0.0381 76.3466 50.0000 35.1217 45.4327 50.3104
16807.0000 0.0354 76.2681 50.0000 35.5968 45.0293 50.2201
16808.0000 0.0352 76.2035 50.0000 35.4025 45.4007 49.9241
16809.0000 0.0377 76.0968 50.0000 35.0022 45.4060 50.0386
16810.0000 0.0399 76.3734 50.0000 34.8854 45.5300 50.4274
16811.0000 0.0374 76.4906 50.0000 35.0335 46.0964 49.9859
16812.0000 0.0392 76.2839 50.0000 34.7143 45.9805 49.9994
16813.0000 0.0348 76.4934 50.0000 35.2798 46.3771 49.5555
16814.0000 0.0390 76.6775 50.0000 34.9522 46.1188 50.3075
16815.0000 0.0388 76.5211 50.0000 34.9295 45.9565 50.2335
16816.0000 0.0398 76.3938 50.0000 34.8005 45.7526 50.3153
16817.0000 0.0437 76.9925 50.0000 34.7851 45.7234 51.2564
16818.0000 0.0426 77.0495 50.0000 34.9161 45.8184 51.1681
16819.0000 0.0463 77.3100 50.0000 34.2801 46.6536 51.2362
16820.0000 0.0389 76.5940 50.0000 34.8726 46.2042 50.1569
16821.0000 0.0421 76.5649 50.0000 34.2050 46.8981 49.9277
16822.0000 0.0372 76.0850 50.0000 34.7044 46.3462 49.3615
16823.0000 0.0425 76.8033 50.0000 34.6760 45.9539 50.8386
16824.0000 0.0425 76.8715 50.0000 34.7156 45.9918 50.8804
16825.0000 0.0417 76.9060 50.0000 34.8586 45.9343 50.8866
16826.0000 0.0450 76.7096 50.0000 34.4475 45.6633 51.1136
16827.0000 0.0391 76.2659 50.0000 34.6783 46.0684 49.9161
16828.0000 0.0387 76.2523 50.0000 34.6802 46.1806 49.7901
16829.0000 0.0406 76.4630 50.0000 34.2637 47.1901 49.4538
16830.0000 0.0450 76.6771 50.0000 33.6854 47.7902 49.6062
16831.0000 0.0462 76.5307 50.0000 33.5213 47.4373 49.8294
16832.0000 0.0445 76.4214 50.0000 33.7257 47.2450 49.7064
16833.0000 0.0460 76.3997 50.0000 33.5396 47.1531 49.8858
16834.0000 0.0448 76.3677 50.0000 33.7000 47.0630 49.8137
16835.0000 0.0460 76.1991 50.0000 33.4240 47.1742 49.6361
16836.0000 0.0471 76.1263 50.0000 33.1019 47.9372 49.0052
16837.0000 0.0458 76.0401 50.0000 33.2441 47.7983 48.9107
16838.0000 0.0444 75.5040 50.0000 33.1858 47.4531 48.4536
16839.0000 0.0492 75.9342 50.0000 32.7361 47.8819 49.0069
16840.0000 0.0518 76.0594 50.0000 32.4286 48.2435 49.0508
16841.0000 0.0559 76.4059 50.0000 32.1881 47.7872 50.1815
16842.0000 0.0564 76.4824 50.0000 32.4060 47.0158 50.8815
16843.0000 0.0541 76.2393 50.0000 32.6104 46.7337 50.6454
16844.0000 0.0545 76.6151 50.0000 32.9005 46.5265 51.2125
16845.0000 0.0535 76.3735 50.0000 32.7311 46.8447 50.6671
16846.0000 0.0475 75.8691 50.0000 33.1973 46.6079 49.8172
16847.0000 0.0505 76.2826 50.0000 33.2557 46.2118 50.7697
16848.0000 0.0499 75.8314 50.0000 33.4152 45.3174 50.7952
16849.0000 0.0530 75.8169 50.0000 33.0411 45.3502 50.9887
16850.0000 0.0548 75.9587 50.0000 32.9483 45.3467 51.2621
16851.0000 0.0590 76.2508 50.0000 32.7130 45.3483 51.8418
16852.0000 0.0505 75.7701 50.0000 33.3119 45.2974 50.7894
16853.0000 0.0486 75.5752 50.0000 33.6696 44.7288 50.7672
16854.0000 0.0494 75.4400 50.0000 33.5138 44.6448 50.7431
16855.0000 0.0513 75.7368 50.0000 33.6514 44.4496 51.2629
16856.0000 0.0527 75.9132 50.0000 33.4800 44.7163 51.4038
16857.0000 0.0565 76.2667 50.0000 33.3220 44.7605 51.9880
16858.0000 0.0491 75.9802 50.0000 33.7901 44.9659 51.0811
16859.0000 0.0510 75.8546 50.0000 33.7030 44.5624 51.3051
16860.0000 0.0517 75.8469 50.0000 33.6355 44.5361 51.3609
16861.0000 0.0466 75.8762 50.0000 34.5464 43.9948 51.2661
16862.0000 0.0430 75.6423 50.0000 35.1010 43.4516 51.0062
16863.0000 0.0389 75.4480 50.0000 35.3240 43.5944 50.4395
16864.0000 0.0351 75.3918 50.0000 36.1174 42.9954 50.3076
16865.0000 0.0336 75.2793 50.0000 35.5485 44.0851 49.5961
16866.0000 0.0351 75.3371 50.0000 35.1898 44.5178 49.5533
16867.0000 0.0363 75.6425 50.0000 34.7258 45.7413 49.2305
16868.0000 0.0369 75.5731 50.0000 34.7297 45.4027 49.4342
16869.0000 0.0331 75.4080 50.0000 35.1803 45.2101 49.0384
16870.0000 0.0340 75.9681 50.0000 35.2473 45.7589 49.3448
16871.0000 0.0400 75.5887 50.0000 34.3769 45.3579 49.7448
16872.0000 0.0431 75.9917 50.0000 34.1189 45.7556 50.1704
16873.0000 0.0451 76.0071 50.0000 33.9551 45.6163 50.4310
16874.0000 0.0398 76.2162 50.0000 35.1976 44.6845 50.7280
16875.0000 0.0380 75.9815 50.0000 34.8324 45.5254 49.8732
16876.0000 0.0441 76.2289 50.0000 34.6041 44.8632 50.9971
16877.0000 0.0462 76.6045 50.0000 34.5612 45.0367 51.4341
16878.0000 0.0497 77.2041 50.0000 34.2241 45.7816 51.8963
16879.0000 0.0494 76.9497 50.0000 34.1119 45.6937 51.6693
16880.0000 0.0490 76.8182 50.0000 34.2474 45.3374 51.6979
16881.0000 0.0450 76.5897 50.0000 34.8749 44.6990 51.4949
16882.0000 0.0518 76.8171 50.0000 34.5330 44.3362 52.3702
16883.0000 0.0518 76.6292 50.0000 34.4637 44.1890 52.2648
16884.0000 0.0464 76.3760 50.0000 34.4622 44.8592 51.3158
16885.0000 0.0412 75.9857 50.0000 34.9640 44.4819 50.7219
16886.0000 0.0403 76.2839 50.0000 35.1365 44.7874 50.7815
16887.0000 0.0417 76.1549 50.0000 34.8195 44.8865 50.7186
16888.0000 0.0394 76.3104 50.0000 35.1381 45.0260 50.6088
16889.0000 0.0415 76.1124 50.0000 34.5345 45.4375 50.3577
16890.0000 0.0431 76.3497 50.0000 34.4882 45.4920 50.6982
16891.0000 0.0464 76.6325 50.0000 34.3056 45.5189 51.2220
16892.0000 0.0447 76.5116 50.0000 34.4171 45.5124 50.9717
16893.0000 0.0460 76.7696 50.0000 34.6245 45.1866 51.5061
16894.0000 0.0401 76.5155 50.0000 34.7671 45.9617 50.3328
16895.0000 0.0378 76.3005 50.0000 34.9932 45.7338 50.0566
16896.0000 0.0367 76.7417 50.0000 35.5184 45.5992 50.4820
16897.0000 0.0377 76.4801 50.0000 35.4455 45.0903 50.5933
16898.0000 0.0408 76.0913 50.0000 35.1409 44.3929 50.8357
16899.0000 0.0395 76.2721 50.0000 35.1392 44.9434 50.6237
16900.0000 0.0384 76.3397 50.0000 35.5413 44.5409 50.8003
16901.0000 0.0411 76.5745 50.0000 35.4632 44.4475 51.2877
16902.0000 0.0459 76.5558 50.0000 35.2764 43.8605 51.8905
16903.0000 0.0475 76.9305 50.0000 35.4975 43.7390 52.3940
16904.0000 0.0522 77.2226 50.0000 34.6750 44.5569 52.6845
16905.0000 0.0542 77.2696 50.0000 34.9640 43.8690 53.1377
16906.0000 0.0575 77.0999 50.0000 34.6305 43.6506 53.2892
16907.0000 0.0585 77.2470 50.0000 35.1064 43.0355 53.6896
16908.0000 0.0578 77.0078 50.0000 34.9942 43.0045 53.4436
16909.0000 0.0570 76.9980 50.0000 35.5852 42.3434 53.5670
16910.0000 0.0650 77.2503 50.0000 35.2859 41.9994 54.3927
16911.0000 0.0570 76.7836 50.0000 35.5695 42.1242 53.4423
16912.0000 0.0594 76.8373 50.0000 35.4336 42.0483 53.6691
16913.0000 0.0614 76.3658 50.0000 34.8975 41.9310 53.4387
16914.0000 0.0612 76.1338 50.0000 34.7712 41.8576 53.2471
16915.0000 0.0606 76.2586 50.0000 34.8355 41.9879 53.2811
16916.0000 0.0647 76.3381 50.0000 34.6564 41.8070 53.6527
16917.0000 0.0616 76.3961 50.0000 34.8194 42.0480 53.4409
16918.0000 0.0663 76.0081 50.0000 34.2617 41.7341 53.4943
16919.0000 0.0641 76.1572 50.0000 34.5496 41.8063 53.4648
16920.0000 0.0666 76.4959 50.0000 34.2158 42.2914 53.7805
16921.0000 0.0724 76.6233 50.0000 34.1791 41.8021 54.3646
16922.0000 0.0740 76.4774 50.0000 33.4724 42.3248 54.1940
16923.0000 0.0733 76.5661 50.0000 33.8411 42.0439 54.3088
16924.0000 0.0738 76.5495 50.0000 33.6710 42.1851 54.2816
16925.0000 0.0788 77.0545 50.0000 33.4260 42.4539 54.9342
16926.0000 0.0750 77.3616 50.0000 34.1149 42.3820 54.9978
16927.0000 0.0759 77.3859 50.0000 33.8055 42.6837 54.9897
16928.0000 0.0741 77.4053 50.0000 34.5094 42.0526 55.0660
16929.0000 0.0667 77.2396 50.0000 35.1545 41.9465 54.5033
16930.0000 0.0627 77.1283 50.0000 35.1012 42.3764 54.0456
16931.0000 0.0613 76.8791 50.0000 35.5582 41.7156 53.9056
16932.0000 0.0599 77.1114 50.0000 35.5801 42.1055 53.9199
16933.0000 0.0579 76.7316 50.0000 35.5088 42.0197 53.4903
16934.0000 0.0589 76.8339 50.0000 35.0163 42.6264 53.4817
16935.0000 0.0503 76.6108 50.0000 35.5496 42.8430 52.6301
16936.0000 0.0560 76.5775 50.0000 35.1325 42.5670 53.0835
16937.0000 0.0522 76.4647 50.0000 35.1143 42.9841 52.5946
16938.0000 0.0507 76.3659 50.0000 34.9050 43.3910 52.2552
16939.0000 0.0472 76.2737 50.0000 35.8532 42.4922 52.2171
16940.0000 0.0478 76.5163 50.0000 35.9024 42.6350 52.4215
16941.0000 0.0470 76.3523 50.0000 35.8381 42.6349 52.2262
16942.0000 0.0443 76.2321 50.0000 35.8645 42.8544 51.8514
16943.0000 0.0422 76.1835 50.0000 36.0722 42.8462 51.6422
16944.0000 0.0460 76.0845 50.0000 35.9250 42.3447 52.0112
16945.0000 0.0419 76.4369 50.0000 35.7572 43.6563 51.5572
16946.0000 0.0377 75.9022 50.0000 35.5831 44.0256 50.5641
16947.0000 0.0389 75.9296 50.0000 35.5030 43.9477 50.7291
16948.0000 0.0347 75.4017 50.0000 35.7641 43.6335 50.0245
16949.0000 0.0314 75.2251 50.0000 35.8216 44.0215 49.3734
16950.0000 0.0329 75.2256 50.0000 35.6111 44.0472 49.5033
16951.0000 0.0326 75.2936 50.0000 35.6443 44.1776 49.4667
16952.0000 0.0316 75.3419 50.0000 35.7987 44.1915 49.4163
16953.0000 0.0285 75.3988 50.0000 36.4548 43.8230 49.3515
16954.0000 0.0346 75.5708 50.0000 35.5281 44.3253 49.8395
16955.0000 0.0333 75.6681 50.0000 35.5013 44.8486 49.5372
16956.0000 0.0328 75.9994 50.0000 35.7510 44.9974 49.7294
16957.0000 0.0306 75.9605 50.0000 35.7664 45.5662 49.1374
16958.0000 0.0270 75.9088 50.0000 36.1032 45.9889 48.4121
16959.0000 0.0287 76.0191 50.0000 35.8935 46.1273 48.6090
16960.0000 0.0347 76.3727 50.0000 35.4206 45.7857 49.8180
16961.0000 0.0367 76.7373 50.0000 35.2866 46.1236 50.1605
16962.0000 0.0363 76.3664 50.0000 35.2194 45.7763 49.9595
16963.0000 0.0329 76.2665 50.0000 35.6790 45.5530 49.6841
16964.0000 0.0386 75.8889 50.0000 34.9567 44.9411 50.1741
16965.0000 0.0417 76.1115 50.0000 34.5591 45.3269 50.4391
16966.0000 0.0485 76.4225 50.0000 34.0320 45.2689 51.3122
16967.0000 0.0444 76.2306 50.0000 34.3214 45.3389 50.7694
16968.0000 0.0448 76.2474 50.0000 34.7999 44.4029 51.2934
16969.0000 0.0456 76.1675 50.0000 34.7195 44.2897 51.3270
16970.0000 0.0444 76.3419 50.0000 35.3461 43.7305 51.6371
16971.0000 0.0440 76.1499 50.0000 35.2437 43.7175 51.4342
16972.0000 0.0448 76.2470 50.0000 35.0284 44.0387 51.4509
16973.0000 0.0415 76.3056 50.0000 35.1876 44.4660 51.0603
16974.0000 0.0449 76.8056 50.0000 34.7674 45.2073 51.4454
16975.0000 0.0384 76.4307 50.0000 35.5351 44.6854 50.8146
16976.0000 0.0380 76.6498 50.0000 35.9024 44.4447 51.0967
16977.0000 0.0396 76.9666 50.0000 35.8257 44.6836 51.4174
16978.0000 0.0390 76.9099 50.0000 36.3523 43.8867 51.6489
16979.0000 0.0389 77.0612 50.0000 36.2839 44.1927 51.6616
16980.0000 0.0360 76.7822 50.0000 36.6063 43.8891 51.2760
16981.0000 0.0397 77.0135 50.0000 36.1753 44.1651 51.6901
16982.0000 0.0398 77.2420 50.0000 36.4626 43.9976 51.9713
16983.0000 0.0459 77.7651 50.0000 36.3216 43.8356 52.9773
16984.0000 0.0474 77.8564 50.0000 36.2913 43.7625 53.1921
16985.0000 0.0452 78.4579 50.0000 36.8814 44.0073 53.4674
16986.0000 0.0442 78.3461 50.0000 37.4101 43.3306 53.4888
16987.0000 0.0406 78.0933 50.0000 37.4932 43.4692 52.9457
16988.0000 0.0421 78.5081 50.0000 37.4864 43.7444 53.3359
16989.0000 0.0407 78.4442 50.0000 37.8849 43.3626 53.2720
16990.0000 0.0425 78.3258 50.0000 37.8848 42.9648 53.4200
16991.0000 0.0366 78.3372 50.0000 38.1519 43.5345 52.7816
16992.0000 0.0400 78.9341 50.0000 38.3815 43.4112 53.5997
16993.0000 0.0398 78.6885 50.0000 38.2928 43.2603 53.4236
16994.0000 0.0366 78.2553 50.0000 38.7212 42.7234 52.9082
16995.0000 0.0405 78.5018 50.0000 38.2885 42.9577 53.3962
16996.0000 0.0411 78.5492 50.0000 38.3574 42.8359 53.5142
16997.0000 0.0450 79.0672 50.0000 37.9848 43.3190 54.1502
16998.0000 0.0433 79.3845 50.0000 38.3676 43.4623 54.2296
16999.0000 0.0322 78.9983 50.0000 39.0757 43.8509 52.8291
17000.0000 0.0287 78.9136 50.0000 39.0037 44.4836 52.2233
17001.0000 0.0336 79.0889 50.0000 38.9904 43.8247 53.0491
17002.0000 0.0341 79.0990 50.0000 39.4147 43.2326 53.2359
17003.0000 0.0354 79.1072 50.0000 38.7982 43.8006 53.2368
17004.0000 0.0390 79.0480 50.0000 37.9902 44.2059 53.3963
17005.0000 0.0403 79.5507 50.0000 37.9409 44.6744 53.7866
17006.0000 0.0411 79.6623 50.0000 38.0837 44.4769 54.0140
17007.0000 0.0414 79.6781 50.0000 37.6278 45.0805 53.8562
17008.0000 0.0403 80.3561 50.0000 37.7761 45.9074 54.0608
17009.0000 0.0414 80.1118 50.0000 37.6477 45.6022 54.0462
17010.0000 0.0410 80.3158 50.0000 37.7962 45.7143 54.1506
17011.0000 0.0425 79.9899 50.0000 37.6379 45.2673 54.1539
17012.0000 0.0445 79.8901 50.0000 37.4020 45.1396 54.2765
17013.0000 0.0415 80.2625 50.0000 37.9414 45.3408 54.2839
17014.0000 0.0392 80.4009 50.0000 38.2339 45.5032 54.1473
17015.0000 0.0354 80.1117 50.0000 38.7991 45.0241 53.7154
17016.0000 0.0346 79.7988 50.0000 38.5533 45.1113 53.3522
17017.0000 0.0345 80.1520 50.0000 38.8270 45.1824 53.6223
17018.0000 0.0328 80.0044 50.0000 38.7027 45.5153 53.2087
17019.0000 0.0353 80.0756 50.0000 38.3437 45.6488 53.4606
17020.0000 0.0365 80.0255 50.0000 38.2696 45.4710 53.5902
17021.0000 0.0376 80.1654 50.0000 38.2955 45.3954 53.8442
17022.0000 0.0317 79.8447 50.0000 39.2267 44.7631 53.2231
17023.0000 0.0347 79.8886 50.0000 39.0238 44.5686 53.6001
17024.0000 0.0361 80.1594 50.0000 38.7546 45.0172 53.8244
17025.0000 0.0332 80.3749 50.0000 39.1921 45.1982 53.6770
17026.0000 0.0284 79.9552 50.0000 39.8177 44.7104 52.9941
17027.0000 0.0395 80.1296 50.0000 38.5419 44.6979 54.1976
17028.0000 0.0379 80.1331 50.0000 38.1514 45.5109 53.8009
17029.0000 0.0391 80.3319 50.0000 38.1369 45.5766 54.0515
17030.0000 0.0384 80.3655 50.0000 38.2916 45.5190 54.0405
17031.0000 0.0388 80.0227 50.0000 37.9919 45.4524 53.7990
17032.0000 0.0390 80.3185 50.0000 38.2152 45.4578 54.0763
17033.0000 0.0442 80.1798 50.0000 37.4799 45.4320 54.4058
17034.0000 0.0417 80.0493 50.0000 38.0505 44.8999 54.2591
17035.0000 0.0396 80.3629 50.0000 38.6767 44.7782 54.3803
17036.0000 0.0348 80.4048 50.0000 38.8750 45.3826 53.7967
17037.0000 0.0302 80.5676 50.0000 39.4337 45.6614 53.3962
17038.0000 0.0369 80.3254 50.0000 38.5253 45.4018 53.9133
17039.0000 0.0367 80.0427 50.0000 38.5048 45.1172 53.7462
17040.0000 0.0350 80.4991 50.0000 38.9468 45.3634 53.9019
17041.0000 0.0404 80.2764 50.0000 38.3000 45.0508 54.2939
17042.0000 0.0457 80.0868 50.0000 37.8926 44.5254 54.7315
17043.0000 0.0376 79.8137 50.0000 38.3967 44.8191 53.7324
17044.0000 0.0466 80.7039 50.0000 37.8079 45.2227 55.1234
17045.0000 0.0495 81.1182 50.0000 38.0271 44.9887 55.7685
17046.0000 0.0591 81.5502 50.0000 37.5058 44.7862 56.9030
17047.0000 0.0488 81.5259 50.0000 38.0525 45.5376 55.8999
17048.0000 0.0514 81.6554 50.0000 37.6435 45.8282 56.1279
17049.0000 0.0434 80.9716 50.0000 38.1615 45.5841 54.9744
17050.0000 0.0483 80.9527 50.0000 37.4200 45.7938 55.2813
17051.0000 0.0513 81.1202 50.0000 37.1435 45.8954 55.6278
17052.0000 0.0472 81.0164 50.0000 37.6289 45.7459 55.2724
17053.0000 0.0492 80.9251 50.0000 37.3982 45.6372 55.3850
17054.0000 0.0458 80.4863 50.0000 37.4840 45.5427 54.7618
17055.0000 0.0414 80.3344 50.0000 37.5218 46.0734 54.0645
17056.0000 0.0392 80.6729 50.0000 38.0098 46.1658 54.1488
17057.0000 0.0421 80.9094 50.0000 37.9069 46.1026 54.6255
17058.0000 0.0390 80.4117 50.0000 38.2965 45.4629 54.1529
17059.0000 0.0463 80.9134 50.0000 37.5484 45.8824 55.0628
17060.0000 0.0474 80.6427 50.0000 37.7458 45.1106 55.1682
17061.0000 0.0449 80.6913 50.0000 37.8982 45.3587 54.9309
17062.0000 0.0415 80.8527 50.0000 38.4800 45.3097 54.8040
17063.0000 0.0503 80.6245 50.0000 38.0578 44.2651 55.6104
17064.0000 0.0491 80.5078 50.0000 37.5515 44.9575 55.2288
17065.0000 0.0460 80.4422 50.0000 37.9680 44.7952 54.9796
17066.0000 0.0532 80.4176 50.0000 37.3646 44.4866 55.6041
17067.0000 0.0509 80.7939 50.0000 37.5053 45.0736 55.5822
17068.0000 0.0468 80.3135 50.0000 37.4241 45.2431 54.7974
17069.0000 0.0547 80.2354 50.0000 36.7146 44.9137 55.4303
17070.0000 0.0527 79.8657 50.0000 36.7306 44.7513 55.0157
17071.0000 0.0544 79.5695 50.0000 36.5700 44.3785 54.9954
17072.0000 0.0545 79.5954 50.0000 36.6808 44.2386 55.0717
17073.0000 0.0540 79.5089 50.0000 36.8401 44.0132 55.0210
17074.0000 0.0539 79.3825 50.0000 36.9793 43.7010 54.9940
17075.0000 0.0585 79.3029 50.0000 36.6579 43.4040 55.3285
17076.0000 0.0674 79.2454 50.0000 35.8459 43.2189 55.9199
17077.0000 0.0669 78.9501 50.0000 35.8302 42.9762 55.6989
17078.0000 0.0660 78.7599 50.0000 35.4612 43.3337 55.3878
17079.0000 0.0573 78.7802 50.0000 36.4299 43.2612 54.8421
17080.0000 0.0505 78.8795 50.0000 36.9989 43.5653 54.3610
17081.0000 0.0523 79.1583 50.0000 36.9303 43.7297 54.6800
17082.0000 0.0568 78.7186 50.0000 36.7746 42.8228 54.8676
17083.0000 0.0536 78.7825 50.0000 36.7223 43.3808 54.5551
17084.0000 0.0528 78.6525 50.0000 36.5315 43.5849 54.3325
17085.0000 0.0546 78.6607 50.0000 36.6446 43.2098 54.5673
17086.0000 0.0534 78.4290 50.0000 36.9793 42.6971 54.4114
17087.0000 0.0522 78.6734 50.0000 36.4812 43.7552 54.2596
17088.0000 0.0563 78.6394 50.0000 36.4392 43.2223 54.6642
17089.0000 0.0537 78.4060 50.0000 36.4822 43.2408 54.2842
17090.0000 0.0489 78.0284 50.0000 36.6515 43.2665 53.6015
17091.0000 0.0555 78.5525 50.0000 36.4930 43.1577 54.5544
17092.0000 0.0553 78.9838 50.0000 36.2739 43.9506 54.6899
17093.0000 0.0571 78.7979 50.0000 35.9867 43.8631 54.6818
17094.0000 0.0661 78.8578 50.0000 35.3967 43.5138 55.4271
17095.0000 0.0601 78.5821 50.0000 35.2414 44.1858 54.5967
17096.0000 0.0663 78.8738 50.0000 35.0018 44.0106 55.3084
17097.0000 0.0616 78.5651 50.0000 35.6526 43.4300 54.9109
17098.0000 0.0590 78.7295 50.0000 35.8627 43.6947 54.7994
17099.0000 0.0504 78.4755 50.0000 35.6685 44.9326 53.5464
17100.0000 0.0490 78.3942 50.0000 36.1345 44.3850 53.5717
17101.0000 0.0581 79.3625 50.0000 35.5829 44.9302 54.8957
17102.0000 0.0602 79.1910 50.0000 35.4534 44.5992 55.0017
17103.0000 0.0525 78.7740 50.0000 35.6271 45.0116 53.9445
17104.0000 0.0512 78.5676 50.0000 35.7803 44.7455 53.7631
17105.0000 0.0515 78.6435 50.0000 36.0876 44.3639 53.9845
17106.0000 0.0556 78.8286 50.0000 35.8665 44.2694 54.4771
17107.0000 0.0553 78.7114 50.0000 35.9898 44.0182 54.4298
17108.0000 0.0526 78.4309 50.0000 35.5071 44.7470 53.7435
17109.0000 0.0513 78.3372 50.0000 35.4283 44.9734 53.4690
17110.0000 0.0520 78.7225 50.0000 35.8586 44.6914 53.9821
17111.0000 0.0504 78.4523 50.0000 35.8382 44.6535 53.6325
17112.0000 0.0509 78.3873 50.0000 35.6621 44.7410 53.5819
17113.0000 0.0479 78.8552 50.0000 35.9444 45.4141 53.5136
17114.0000 0.0523 79.3308 50.0000 36.0807 45.0680 54.4099
17115.0000 0.0612 79.6227 50.0000 35.9083 44.3593 55.5213
17116.0000 0.0552 79.4049 50.0000 36.0435 44.7674 54.7895
17117.0000 0.0578 79.4388 50.0000 36.3390 44.0522 55.2214
17118.0000 0.0617 78.9362 50.0000 36.0791 43.3060 55.2613
17119.0000 0.0603 78.6352 50.0000 36.2234 42.9688 55.0004
17120.0000 0.0567 79.0258 50.0000 36.6433 43.3442 54.9875
17121.0000 0.0502 78.3548 50.0000 36.6128 43.5075 53.9080
17122.0000 0.0500 78.4651 50.0000 36.6046 43.6793 53.9351
17123.0000 0.0504 78.4583 50.0000 36.6133 43.5981 53.9849
17124.0000 0.0473 78.0182 50.0000 36.2362 44.0499 53.2295
17125.0000 0.0445 77.9795 50.0000 36.4281 44.1819 52.9315
17126.0000 0.0453 78.4856 50.0000 36.3587 44.7701 53.2322
17127.0000 0.0457 78.0359 50.0000 36.5159 43.9263 53.1663
17128.0000 0.0443 77.7302 50.0000 36.1811 44.2629 52.6660
17129.0000 0.0514 78.1349 50.0000 35.8330 44.1155 53.6179
17130.0000 0.0559 77.9453 50.0000 35.1865 44.1121 53.7728
17131.0000 0.0596 77.6989 50.0000 34.6812 43.9929 53.8420
17132.0000 0.0543 77.3815 50.0000 34.9589 44.0045 53.1918
17133.0000 0.0587 77.5696 50.0000 35.0525 43.4636 53.8450
17134.0000 0.0582 77.2768 50.0000 35.0714 43.1561 53.6587
17135.0000 0.0638 77.3724 50.0000 34.6115 43.1372 54.1084
17136.0000 0.0633 77.6227 50.0000 34.9499 43.0483 54.3198
17137.0000 0.0641 77.9023 50.0000 34.6235 43.6859 54.4199
17138.0000 0.0717 78.1751 50.0000 34.9554 42.6292 55.4276
17139.0000 0.0743 78.1220 50.0000 35.1950 41.9870 55.6906
17140.0000 0.0699 78.0992 50.0000 34.7336 43.0228 55.1553
17141.0000 0.0698 78.2236 50.0000 34.8040 43.0865 55.2374
17142.0000 0.0670 77.9153 50.0000 35.5673 42.1603 55.0297
17143.0000 0.0752 77.9052 50.0000 34.5837 42.3816 55.4706
17144.0000 0.0640 77.4708 50.0000 35.3166 42.3284 54.4314
17145.0000 0.0687 77.5191 50.0000 35.1656 42.0091 54.8436
17146.0000 0.0715 77.4368 50.0000 34.9752 41.8285 54.9870
17147.0000 0.0697 77.2011 50.0000 35.0704 41.6647 54.7186
17148.0000 0.0647 76.7664 50.0000 35.5391 41.2078 54.1477
17149.0000 0.0733 77.3883 50.0000 35.4531 41.0229 55.2192
17150.0000 0.0724 77.1527 50.0000 35.0806 41.2987 54.9208
17151.0000 0.0714 77.4743 50.0000 35.6366 41.1169 55.1516
17152.0000 0.0749 77.5717 50.0000 35.3861 41.1188 55.4476
17153.0000 0.0676 77.1186 50.0000 35.7064 41.0663 54.6433
17154.0000 0.0655 77.1663 50.0000 35.5593 41.5281 54.4572
17155.0000 0.0621 76.8174 50.0000 35.5724 41.5305 53.9513
17156.0000 0.0662 76.8429 50.0000 35.6175 41.0333 54.3368
17157.0000 0.0679 76.4403 50.0000 35.1852 40.9146 54.1399
17158.0000 0.0627 76.1668 50.0000 35.3627 41.0040 53.5680
17159.0000 0.0529 75.7902 50.0000 36.4113 40.5190 52.6933
17160.0000 0.0616 76.0124 50.0000 35.3458 40.9777 53.3796
17161.0000 0.0614 75.8725 50.0000 35.2721 40.9436 53.2554
17162.0000 0.0533 75.7721 50.0000 35.8560 41.1066 52.5929
17163.0000 0.0504 75.9162 50.0000 36.1201 41.3101 52.4604
17164.0000 0.0495 75.9737 50.0000 36.2161 41.3782 52.4238
17165.0000 0.0567 76.4639 50.0000 35.9654 41.3257 53.3422
17166.0000 0.0514 76.4327 50.0000 35.9665 41.9520 52.8053
17167.0000 0.0496 76.4400 50.0000 35.8280 42.3865 52.5624
17168.0000 0.0503 75.9201 50.0000 35.8988 41.6020 52.3871
17169.0000 0.0416 75.6553 50.0000 36.3689 41.9042 51.4303
17170.0000 0.0448 76.0312 50.0000 36.5249 41.6932 52.0418
17171.0000 0.0481 75.8349 50.0000 35.9150 41.7731 52.1157
17172.0000 0.0511 75.9274 50.0000 35.8458 41.5662 52.4623
17173.0000 0.0547 76.2779 50.0000 35.7795 41.5813 53.0014
17174.0000 0.0545 75.7078 50.0000 35.7610 41.0029 52.6458
17175.0000 0.0544 75.7654 50.0000 36.0341 40.7540 52.7356
17176.0000 0.0529 75.8543 50.0000 35.8844 41.2162 52.6062
17177.0000 0.0500 76.0765 50.0000 37.0561 40.4485 52.7105
17178.0000 0.0451 75.7008 50.0000 37.0937 40.5994 52.0226
17179.0000 0.0445 75.9197 50.0000 37.1373 40.8670 52.1009
17180.0000 0.0438 75.5493 50.0000 36.6150 41.1628 51.6979
17181.0000 0.0414 75.8148 50.0000 36.6883 41.7127 51.5936
17182.0000 0.0389 75.5683 50.0000 36.9945 41.4066 51.2589
17183.0000 0.0443 76.2017 50.0000 36.8747 41.5303 52.1746
17184.0000 0.0441 75.5755 50.0000 36.9679 40.7417 51.8184
17185.0000 0.0455 75.3784 50.0000 36.9678 40.3466 51.8405
17186.0000 0.0514 75.4306 50.0000 36.7541 39.9230 52.3933
17187.0000 0.0503 75.5874 50.0000 36.9513 40.0021 52.4203
17188.0000 0.0556 75.7884 50.0000 36.5359 40.0658 52.9504
17189.0000 0.0594 76.1450 50.0000 35.9928 40.6223 53.4080
17190.0000 0.0651 76.0515 50.0000 35.6854 40.2358 53.7724
17191.0000 0.0607 76.1061 50.0000 35.5465 40.9518 53.3998
17192.0000 0.0555 76.1171 50.0000 35.4505 41.7109 52.8893
17193.0000 0.0552 75.5776 50.0000 35.0075 41.6853 52.4289
17194.0000 0.0586 75.9333 50.0000 34.4947 42.3141 52.7778
17195.0000 0.0575 76.0698 50.0000 34.8566 42.1425 52.8738
17196.0000 0.0599 76.5164 50.0000 34.7657 42.4598 53.3223
17197.0000 0.0644 76.3856 50.0000 34.8422 41.6616 53.7131
17198.0000 0.0661 76.4863 50.0000 34.4235 42.0853 53.7960
17199.0000 0.0579 76.2712 50.0000 34.9661 42.1883 53.0548
17200.0000 0.0488 75.5306 50.0000 35.0209 42.5056 51.6883
17201.0000 0.0475 75.6368 50.0000 34.9741 42.8867 51.5603
17202.0000 0.0502 76.0004 50.0000 35.1889 42.6231 52.1639
17203.0000 0.0490 75.5433 50.0000 35.5925 41.7340 51.9446
17204.0000 0.0505 75.5541 50.0000 35.9238 41.1375 52.2074
17205.0000 0.0576 75.5532 50.0000 35.5272 40.7331 52.7913
17206.0000 0.0631 75.7727 50.0000 35.5899 40.2727 53.4133
17207.0000 0.0517 75.3211 50.0000 35.3552 41.4148 52.0393
17208.0000 0.0540 75.5106 50.0000 35.5894 41.0462 52.4447
17209.0000 0.0597 75.6791 50.0000 35.2758 40.9237 52.9923
17210.0000 0.0570 75.5939 50.0000 35.6854 40.6602 52.7990
17211.0000 0.0600 75.9832 50.0000 34.7778 41.8246 53.0534
17212.0000 0.0626 76.1019 50.0000 35.2547 41.0705 53.4959
17213.0000 0.0578 76.1895 50.0000 35.6321 41.2885 53.2019
17214.0000 0.0673 76.4162 50.0000 35.3692 40.7442 54.1143
17215.0000 0.0729 76.6889 50.0000 35.0072 40.8401 54.6605
17216.0000 0.0608 76.0654 50.0000 36.1885 40.1573 53.5138
17217.0000 0.0660 76.3049 50.0000 36.1188 39.9209 54.0758
17218.0000 0.0718 76.6780 50.0000 35.5368 40.3483 54.6686
17219.0000 0.0642 76.7901 50.0000 35.7560 41.0434 54.1633
17220.0000 0.0678 77.1858 50.0000 36.0269 40.7594 54.7575
17221.0000 0.0720 77.4863 50.0000 36.0768 40.5657 55.2902
17222.0000 0.0728 77.6305 50.0000 36.7317 39.9243 55.5277
17223.0000 0.0700 77.7587 50.0000 36.8077 40.2576 55.4160
17224.0000 0.0693 77.6343 50.0000 36.5599 40.4777 55.2450
17225.0000 0.0674 77.1759 50.0000 36.7109 40.0311 54.8263
17226.0000 0.0690 77.1708 50.0000 36.7521 39.8128 54.9506
17227.0000 0.0654 76.9981 50.0000 36.4140 40.3844 54.5145
17228.0000 0.0628 76.7473 50.0000 36.2220 40.6276 54.1066
17229.0000 0.0719 77.0454 50.0000 35.5444 40.7114 54.9105
17230.0000 0.0755 76.8930 50.0000 35.1882 40.5798 55.0237
17231.0000 0.0690 77.0201 50.0000 36.4442 39.9997 54.8082
17232.0000 0.0745 77.2455 50.0000 35.8647 40.2909 55.2922
17233.0000 0.0691 77.3044 50.0000 36.6900 40.0081 55.0378
17234.0000 0.0754 77.3433 50.0000 36.4709 39.6490 55.4960
17235.0000 0.0695 76.9874 50.0000 36.1725 40.2092 54.7890
17236.0000 0.0566 76.7725 50.0000 36.5497 40.9826 53.6522
17237.0000 0.0586 76.9577 50.0000 36.9835 40.4686 54.0092
17238.0000 0.0471 76.1258 50.0000 37.4607 40.3987 52.5335
17239.0000 0.0496 76.2049 50.0000 37.4080 40.2434 52.8044
17240.0000 0.0510 76.2243 50.0000 37.6017 39.8902 52.9625
17241.0000 0.0467 76.2572 50.0000 37.7150 40.3079 52.6119
17242.0000 0.0523 76.1752 50.0000 36.9990 40.3394 52.9762
17243.0000 0.0457 75.5657 50.0000 37.2334 40.2153 52.0248
17244.0000 0.0419 75.6276 50.0000 37.2588 40.7485 51.6805
17245.0000 0.0437 75.9097 50.0000 37.7607 40.2513 52.1175
17246.0000 0.0463 75.7526 50.0000 37.8725 39.6529 52.2664
17247.0000 0.0467 75.4787 50.0000 37.4997 39.7160 52.0907
17248.0000 0.0549 75.4697 50.0000 36.8902 39.4102 52.7411
17249.0000 0.0474 75.6822 50.0000 37.3782 39.9726 52.2767
17250.0000 0.0642 76.0477 50.0000 36.9302 38.9748 53.8552
17251.0000 0.0648 76.1669 50.0000 36.9468 39.0197 53.9795
17252.0000 0.0607 76.0161 50.0000 37.0570 39.1748 53.5776
17253.0000 0.0576 76.3924 50.0000 37.2954 39.6478 53.5994
17254.0000 0.0548 75.6718 50.0000 37.2322 39.2707 52.8941
17255.0000 0.0507 75.5156 50.0000 36.7500 40.1013 52.3826
17256.0000 0.0480 75.3968 50.0000 36.5645 40.5093 52.0260
17257.0000 0.0495 75.7095 50.0000 36.8651 40.3200 52.4136
17258.0000 0.0468 75.6491 50.0000 36.6907 40.7919 52.0826
17259.0000 0.0472 75.6147 50.0000 36.7110 40.6837 52.1029
17260.0000 0.0460 75.5518 50.0000 36.9516 40.4892 51.9932
17261.0000 0.0467 75.3915 50.0000 36.3895 40.8724 51.8568
17262.0000 0.0422 75.3633 50.0000 37.0869 40.6124 51.5249
17263.0000 0.0469 75.2019 50.0000 37.1545 39.7658 51.8994
17264.0000 0.0502 75.3618 50.0000 37.0990 39.6153 52.2848
17265.0000 0.0450 74.9592 50.0000 37.0514 39.8574 51.5506
17266.0000 0.0366 74.6035 50.0000 37.5460 39.9899 50.5646
17267.0000 0.0346 74.5364 50.0000 37.1975 40.6057 50.2314
17268.0000 0.0389 74.3873 50.0000 37.2670 39.7586 50.6350
17269.0000 0.0380 74.3342 50.0000 36.9585 40.1783 50.4515
17270.0000 0.0345 74.3615 50.0000 36.9340 40.7371 50.0600
17271.0000 0.0436 74.9517 50.0000 36.5010 40.6537 51.3099
17272.0000 0.0420 75.3288 50.0000 37.1941 40.4729 51.5069
17273.0000 0.0427 75.6018 50.0000 36.7058 41.2700 51.6246
17274.0000 0.0496 75.6706 50.0000 36.4092 40.7996 52.3050
17275.0000 0.0527 75.6800 50.0000 36.4406 40.3876 52.6155
17276.0000 0.0534 75.4750 50.0000 36.0648 40.5173 52.4800
17277.0000 0.0525 75.4434 50.0000 36.2423 40.3896 52.4108
17278.0000 0.0481 75.3720 50.0000 36.3687 40.7006 51.9781
17279.0000 0.0414 75.1814 50.0000 37.1137 40.4903 51.3357
17280.0000 0.0339 75.0984 50.0000 37.7527 40.6878 50.5866
17281.0000 0.0349 75.1691 50.0000 37.0585 41.4636 50.5751
17282.0000 0.0362 75.1487 50.0000 37.1448 41.1343 50.7501
17283.0000 0.0353 75.2791 50.0000 37.5923 40.8731 50.8247
17284.0000 0.0388 75.1144 50.0000 37.3680 40.4577 51.0781
17285.0000 0.0395 75.1069 50.0000 36.8487 40.9668 51.0387
17286.0000 0.0461 75.4256 50.0000 36.7583 40.5543 51.8961
17287.0000 0.0421 75.2352 50.0000 36.2204 41.5325 51.2199
17288.0000 0.0436 75.6349 50.0000 36.0087 42.0520 51.5329
17289.0000 0.0384 75.2588 50.0000 36.7180 41.4682 50.9516
17290.0000 0.0401 75.2048 50.0000 36.5361 41.3791 51.0750
17291.0000 0.0370 74.9539 50.0000 36.5199 41.5779 50.5536
17292.0000 0.0370 74.8970 50.0000 36.4548 41.5844 50.5108
17293.0000 0.0387 74.8740 50.0000 36.2214 41.6087 50.6246
17294.0000 0.0373 74.3304 50.0000 36.1437 41.2788 50.1469
17295.0000 0.0351 74.0824 50.0000 36.0688 41.4151 49.7196
17296.0000 0.0345 74.0276 50.0000 36.4084 40.9998 49.7347
17297.0000 0.0334 74.6356 50.0000 36.4478 41.8575 49.8998
17298.0000 0.0347 74.8066 50.0000 36.2858 42.0789 50.0873
17299.0000 0.0292 74.8287 50.0000 37.1603 41.8522 49.6672
17300.0000 0.0282 74.9602 50.0000 37.8846 41.2382 49.8318
17301.0000 0.0318 75.0320 50.0000 37.8521 40.7968 50.3254
17302.0000 0.0271 74.8120 50.0000 37.9172 41.2029 49.6130
17303.0000 0.0250 74.8411 50.0000 38.0327 41.4626 49.3514
17304.0000 0.0261 74.7053 50.0000 37.9027 41.2653 49.4109
17305.0000 0.0241 74.5765 50.0000 38.2603 41.0097 49.1530
17306.0000 0.0235 74.6585 50.0000 38.5555 40.8620 49.1697
17307.0000 0.0221 74.2639 50.0000 38.8789 40.2719 48.8029
17308.0000 0.0182 74.0710 50.0000 38.8424 40.7921 48.1018
17309.0000 0.0133 74.0011 50.0000 39.3829 41.0718 47.3103
17310.0000 0.0129 74.2749 50.0000 39.0801 41.8728 47.2883
17311.0000 0.0112 74.3102 50.0000 39.4449 41.8550 47.0559
17312.0000 0.0161 74.8580 50.0000 39.1961 41.7175 48.2394
17313.0000 0.0150 74.5692 50.0000 39.2062 41.5991 47.8848
17314.0000 0.0164 74.5433 50.0000 38.8159 41.7629 48.0197
17315.0000 0.0176 74.4122 50.0000 38.9760 41.1382 48.2255
17316.0000 0.0193 74.5652 50.0000 39.1595 40.7827 48.6135
17317.0000 0.0167 74.5030 50.0000 39.7433 40.5435 48.2430
17318.0000 0.0153 74.4374 50.0000 39.7684 40.7162 47.9749
17319.0000 0.0184 74.5412 50.0000 39.6947 40.3400 48.5119
17320.0000 0.0161 74.6461 50.0000 39.8049 40.7542 48.2360
17321.0000 0.0130 74.2966 50.0000 39.9405 40.8254 47.5187
17322.0000 0.0153 74.4870 50.0000 39.3686 41.2174 47.9536
17323.0000 0.0110 74.4032 50.0000 39.0092 42.6866 46.8185
17324.0000 0.0117 74.6700 50.0000 39.0028 42.8663 47.0836
17325.0000 0.0127 75.0169 50.0000 38.8662 43.3061 47.3450
17326.0000 0.0183 75.2395 50.0000 38.6336 42.4661 48.6318
17327.0000 0.0191 75.0937 50.0000 38.5862 42.1716 48.7004
17328.0000 0.0206 74.8432 50.0000 37.6658 42.8612 48.4326
17329.0000 0.0199 74.8867 50.0000 37.7296 42.9883 48.3374
17330.0000 0.0205 74.9419 50.0000 37.9119 42.6422 48.5863
17331.0000 0.0217 75.3928 50.0000 37.9863 42.8556 49.0359
17332.0000 0.0192 75.4961 50.0000 38.4311 42.8874 48.8199
17333.0000 0.0193 75.1393 50.0000 38.2553 42.6603 48.6059
17334.0000 0.0216 75.3008 50.0000 38.4389 42.1245 49.1750
17335.0000 0.0244 75.2747 50.0000 37.4363 42.9511 49.1935
17336.0000 0.0248 75.2363 50.0000 37.8827 42.1693 49.4686
17337.0000 0.0313 75.3600 50.0000 37.1026 42.2168 50.2023
17338.0000 0.0322 75.4847 50.0000 37.3029 41.9476 50.4661
17339.0000 0.0308 75.4593 50.0000 38.0295 41.2289 50.4781
17340.0000 0.0317 75.6388 50.0000 38.1379 41.1765 50.7073
17341.0000 0.0258 75.4661 50.0000 37.7563 42.4456 49.6787
17342.0000 0.0281 75.3658 50.0000 37.3481 42.4508 49.8302
17343.0000 0.0262 75.2539 50.0000 37.6789 42.2026 49.6224
17344.0000 0.0320 75.3120 50.0000 37.2560 41.8367 50.3347
17345.0000 0.0296 75.0544 50.0000 37.3010 41.8613 49.8941
17346.0000 0.0247 74.8043 50.0000 37.6227 42.0109 49.1457
17347.0000 0.0293 74.6646 50.0000 36.8597 42.0278 49.4957
17348.0000 0.0327 74.7179 50.0000 36.3796 42.1692 49.8102
17349.0000 0.0337 74.4306 50.0000 36.4074 41.6142 49.8265
17350.0000 0.0335 74.2957 50.0000 36.7935 40.9868 49.8615
17351.0000 0.0315 74.2152 50.0000 37.0860 40.8230 49.6589
17352.0000 0.0303 74.5727 50.0000 37.0108 41.5485 49.6490
17353.0000 0.0300 74.7078 50.0000 37.6831 40.9005 49.8838
17354.0000 0.0261 74.5216 50.0000 38.2731 40.6118 49.3895
17355.0000 0.0292 74.3888 50.0000 37.6459 40.7062 49.5933
17356.0000 0.0358 74.4920 50.0000 37.4819 40.0515 50.3988
17357.0000 0.0287 74.2507 50.0000 37.1805 41.2020 49.3272
17358.0000 0.0273 74.5649 50.0000 37.6823 41.1654 49.4507
17359.0000 0.0263 74.5275 50.0000 38.1421 40.7350 49.3982
17360.0000 0.0325 75.2106 50.0000 37.4060 41.4361 50.4031
17361.0000 0.0396 75.5538 50.0000 36.8590 41.4643 51.2884
17362.0000 0.0331 75.2464 50.0000 37.7663 40.9555 50.5803
17363.0000 0.0311 75.5491 50.0000 37.4735 41.9869 50.4034
17364.0000 0.0281 75.4636 50.0000 38.0417 41.6508 50.1277
17365.0000 0.0296 75.5958 50.0000 37.9025 41.7376 50.3597
17366.0000 0.0316 75.6400 50.0000 38.0937 41.2318 50.6973
17367.0000 0.0415 76.0161 50.0000 37.3288 41.1497 51.8816
17368.0000 0.0410 76.1007 50.0000 37.5936 41.0003 51.9328
17369.0000 0.0400 76.0797 50.0000 37.5365 41.1848 51.7972
17370.0000 0.0382 76.3619 50.0000 37.9337 41.2887 51.8403
17371.0000 0.0343 76.4501 50.0000 38.1068 41.7456 51.4762
17372.0000 0.0348 76.6640 50.0000 38.2256 41.7743 51.6825
17373.0000 0.0277 76.6349 50.0000 38.4938 42.5442 50.8048
17374.0000 0.0308 76.5199 50.0000 38.1804 42.2872 51.0817
17375.0000 0.0288 76.2541 50.0000 38.2429 42.2179 50.6933
17376.0000 0.0341 76.4430 50.0000 37.5072 42.5151 51.2758
17377.0000 0.0430 76.5476 50.0000 37.5114 41.3266 52.3883
17378.0000 0.0441 76.5875 50.0000 37.3594 41.4009 52.4966
17379.0000 0.0451 76.7661 50.0000 37.7972 40.9659 52.7845
17380.0000 0.0436 76.8745 50.0000 38.1408 40.8892 52.7546
17381.0000 0.0413 76.7081 50.0000 37.9401 41.2374 52.3848
17382.0000 0.0412 76.5285 50.0000 38.2064 40.7546 52.3063
17383.0000 0.0438 76.3406 50.0000 37.9060 40.5452 52.4128
17384.0000 0.0478 76.5813 50.0000 38.1321 40.0625 52.9682
17385.0000 0.0459 76.3162 50.0000 37.6477 40.5502 52.5594
17386.0000 0.0494 76.6179 50.0000 38.5159 39.5154 53.1540
17387.0000 0.0391 76.2091 50.0000 38.4825 40.3731 51.9321
17388.0000 0.0381 75.9276 50.0000 37.9324 40.8180 51.5754
17389.0000 0.0319 75.9906 50.0000 38.8745 40.6941 51.0621
17390.0000 0.0333 75.8599 50.0000 38.7683 40.4623 51.1326
17391.0000 0.0327 75.9243 50.0000 39.0216 40.3471 51.1265
17392.0000 0.0356 75.9611 50.0000 39.3336 39.6765 51.4658
17393.0000 0.0318 75.7874 50.0000 38.8184 40.5517 50.9158
17394.0000 0.0329 75.3795 50.0000 37.9689 40.8986 50.6728
17395.0000 0.0406 75.3869 50.0000 37.7182 40.1270 51.4814
17396.0000 0.0380 75.2551 50.0000 37.8793 40.1459 51.1547
17397.0000 0.0364 75.1582 50.0000 38.3444 39.7449 50.9785
17398.0000 0.0390 75.0911 50.0000 38.0868 39.6109 51.1767
17399.0000 0.0403 75.0711 50.0000 37.7347 39.8140 51.2504
17400.0000 0.0378 75.0610 50.0000 37.9984 39.8314 51.0268
17401.0000 0.0367 75.1281 50.0000 38.6422 39.3601 51.0078
17402.0000 0.0368 74.8922 50.0000 38.5459 39.1953 50.8604
17403.0000 0.0373 74.5887 50.0000 38.4967 38.8747 50.6975
17404.0000 0.0285 74.2193 50.0000 38.2156 39.9674 49.5044
17405.0000 0.0256 74.1255 50.0000 39.0119 39.4396 49.1648
17406.0000 0.0259 73.9487 50.0000 38.6520 39.5808 49.0693
17407.0000 0.0202 73.7374 50.0000 38.7982 40.0974 48.2089
17408.0000 0.0234 73.6529 50.0000 38.5788 39.7185 48.5681
17409.0000 0.0228 73.9390 50.0000 38.6160 40.0921 48.6662
17410.0000 0.0266 74.0573 50.0000 37.9468 40.3831 49.1298
17411.0000 0.0255 74.0484 50.0000 38.1735 40.2770 49.0278
17412.0000 0.0248 74.0286 50.0000 38.4396 40.0694 48.9600
17413.0000 0.0243 74.3598 50.0000 38.6578 40.2687 49.1262
17414.0000 0.0247 74.2758 50.0000 38.3917 40.4089 49.0927
17415.0000 0.0193 74.0837 50.0000 38.7752 40.6722 48.2768
17416.0000 0.0185 73.9708 50.0000 38.4963 41.0322 48.0216
17417.0000 0.0242 74.5739 50.0000 38.3874 40.8466 49.1857
17418.0000 0.0251 74.8157 50.0000 38.6290 40.6834 49.4980
17419.0000 0.0247 74.8764 50.0000 38.3408 41.1723 49.4095
17420.0000 0.0222 74.6801 50.0000 38.7769 40.8482 49.0397
17421.0000 0.0239 75.4078 50.0000 38.8544 41.3129 49.6982
17422.0000 0.0223 75.1385 50.0000 38.2884 41.9809 49.1671
17423.0000 0.0165 74.6987 50.0000 38.7783 41.9720 48.1092
17424.0000 0.0156 74.3205 50.0000 38.6835 41.8383 47.7146
17425.0000 0.0203 74.4261 50.0000 38.1161 41.7215 48.4326
17426.0000 0.0156 74.3471 50.0000 38.4613 42.1938 47.6225
17427.0000 0.0096 74.3244 50.0000 39.5295 42.2153 46.6840
17428.0000 0.0113 74.6423 50.0000 39.5445 42.1203 47.2608
17429.0000 0.0124 74.6601 50.0000 39.4021 42.0658 47.4561
17430.0000 0.0123 74.4061 50.0000 39.8152 41.2644 47.4158
17431.0000 0.0114 74.0509 50.0000 39.2063 41.8010 46.8943
17432.0000 0.0137 73.8507 50.0000 38.7645 41.5651 47.1550
17433.0000 0.0149 74.3596 50.0000 38.8260 41.8526 47.6471
17434.0000 0.0101 73.8760 50.0000 38.8030 42.5703 46.2576
17435.0000 0.0078 73.8097 50.0000 39.5117 42.1270 45.9566
17436.0000 0.0097 74.2816 50.0000 39.3528 42.3909 46.6060
17437.0000 0.0099 74.4840 50.0000 39.3205 42.6495 46.7203
17438.0000 0.0089 74.3997 50.0000 39.7006 42.2740 46.6057
17439.0000 0.0083 74.4009 50.0000 39.7148 42.4740 46.4132
17440.0000 0.0089 74.3236 50.0000 39.3715 42.7030 46.3717
17441.0000 0.0083 74.1414 50.0000 39.5106 42.4300 46.2120
17442.0000 0.0110 73.9379 50.0000 39.0216 42.0371 46.6584
17443.0000 0.0096 74.1015 50.0000 39.4627 42.0231 46.5595
17444.0000 0.0068 73.9678 50.0000 39.9921 41.9659 45.9426
17445.0000 0.0084 73.9500 50.0000 39.4169 42.2614 46.1399
17446.0000 0.0119 74.0725 50.0000 38.9841 42.0012 46.9348
17447.0000 0.0146 74.2662 50.0000 38.4888 42.2877 47.3901
17448.0000 0.0182 74.0915 50.0000 37.8034 42.1874 47.7564
17449.0000 0.0181 74.2771 50.0000 37.9533 42.2510 47.8694
17450.0000 0.0153 74.1240 50.0000 38.5392 41.8502 47.5149
17451.0000 0.0181 74.1298 50.0000 37.9834 41.9935 47.8439
17452.0000 0.0171 73.8766 50.0000 38.0916 41.7501 47.5785
17453.0000 0.0158 73.8351 50.0000 38.3830 41.5685 47.4387
17454.0000 0.0199 74.3888 50.0000 38.2262 41.6088 48.3855
17455.0000 0.0237 74.4564 50.0000 38.3375 40.8429 49.0494
17456.0000 0.0217 74.7206 50.0000 38.1293 41.7920 48.8134
17457.0000 0.0207 74.7875 50.0000 38.6494 41.3937 48.8462
17458.0000 0.0199 74.5209 50.0000 39.0143 40.8015 48.6465
17459.0000 0.0177 74.6630 50.0000 39.2988 41.0472 48.4282
17460.0000 0.0157 74.5268 50.0000 39.6567 40.8644 48.0801
17461.0000 0.0203 74.6248 50.0000 38.7771 41.1206 48.7268
17462.0000 0.0207 74.4477 50.0000 38.2873 41.4384 48.5737
17463.0000 0.0167 74.2952 50.0000 38.7508 41.4654 47.9455
17464.0000 0.0251 74.6633 50.0000 38.2791 40.9264 49.3391
17465.0000 0.0263 75.0177 50.0000 38.4565 40.9237 49.7393
17466.0000 0.0267 75.0004 50.0000 38.0429 41.3473 49.6810
17467.0000 0.0325 74.8774 50.0000 37.8891 40.4817 50.3217
17468.0000 0.0332 74.8820 50.0000 37.8319 40.4494 50.3975
17469.0000 0.0309 74.6314 50.0000 37.7991 40.5348 49.9800
17470.0000 0.0312 74.6460 50.0000 37.4500 40.9251 49.9466
17471.0000 0.0310 74.6045 50.0000 37.9361 40.3340 49.9985
17472.0000 0.0313 74.4434 50.0000 38.2320 39.7852 49.9728
17473.0000 0.0291 74.4921 50.0000 38.2827 40.1052 49.7502
17474.0000 0.0301 74.4047 50.0000 37.6878 40.5353 49.7250
17475.0000 0.0264 74.7002 50.0000 38.0080 41.0848 49.4728
17476.0000 0.0278 74.7981 50.0000 37.5948 41.4704 49.6145
17477.0000 0.0283 75.0163 50.0000 37.6884 41.5337 49.8195
17478.0000 0.0272 74.6877 50.0000 37.5240 41.5366 49.4461
17479.0000 0.0285 74.7223 50.0000 37.3960 41.5200 49.6090
17480.0000 0.0251 74.3124 50.0000 37.9105 40.9563 49.0684
17481.0000 0.0279 74.3235 50.0000 37.2733 41.3094 49.2770
17482.0000 0.0235 73.9752 50.0000 37.3156 41.6119 48.4596
17483.0000 0.0269 73.8752 50.0000 37.0921 41.1688 48.8554
17484.0000 0.0276 74.1162 50.0000 37.3482 41.0136 49.1549
17485.0000 0.0335 74.0499 50.0000 36.8472 40.6226 49.7542
17486.0000 0.0341 74.0997 50.0000 36.7540 40.7139 49.8226
17487.0000 0.0300 74.0061 50.0000 37.0835 40.8285 49.3432
17488.0000 0.0258 73.6081 50.0000 36.7555 41.5030 48.4219
17489.0000 0.0222 73.4280 50.0000 37.2887 41.2186 47.9818
17490.0000 0.0230 73.4787 50.0000 37.4004 40.9781 48.1780
17491.0000 0.0295 73.6426 50.0000 36.7269 40.9207 48.9885
17492.0000 0.0355 73.8234 50.0000 36.1448 40.9408 49.6720
17493.0000 0.0335 73.7762 50.0000 36.5080 40.7246 49.5137
17494.0000 0.0339 74.0009 50.0000 37.0393 40.2834 49.8145
17495.0000 0.0287 73.8510 50.0000 37.4837 40.3539 49.1987
17496.0000 0.0329 74.1427 50.0000 37.0157 40.6175 49.7714
17497.0000 0.0308 74.1740 50.0000 37.9395 39.8891 49.7116
17498.0000 0.0311 73.8922 50.0000 38.2058 39.2466 49.5992
17499.0000 0.0396 74.2652 50.0000 37.6050 39.1757 50.6602
17500.0000 0.0399 74.1086 50.0000 37.6032 38.9711 50.5898
17501.0000 0.0439 74.1224 50.0000 37.6226 38.4835 50.9675
17502.0000 0.0520 74.6804 50.0000 37.2903 38.4932 52.0084
17503.0000 0.0506 74.3463 50.0000 37.1304 38.4604 51.6673
17504.0000 0.0453 74.3323 50.0000 37.3624 38.8066 51.2190
17505.0000 0.0527 74.5398 50.0000 37.2748 38.2769 51.9774
17506.0000 0.0510 74.6338 50.0000 37.2542 38.5930 51.8933
17507.0000 0.0517 74.6262 50.0000 37.1829 38.5816 51.9418
17508.0000 0.0548 74.5717 50.0000 36.9263 38.4480 52.1454
17509.0000 0.0503 74.5861 50.0000 36.5569 39.3628 51.7422
17510.0000 0.0445 74.4554 50.0000 37.2863 39.1184 51.2161
17511.0000 0.0396 74.6046 50.0000 37.9900 39.1177 50.9158
17512.0000 0.0364 74.4721 50.0000 38.2293 39.1315 50.5305
17513.0000 0.0319 74.5839 50.0000 38.6345 39.4330 50.1515
17514.0000 0.0344 74.8724 50.0000 38.8080 39.2162 50.6153
17515.0000 0.0404 74.5994 50.0000 38.1099 38.8901 50.9929
17516.0000 0.0476 74.8841 50.0000 38.1366 38.3148 51.8190
17517.0000 0.0545 74.9840 50.0000 37.3807 38.4367 52.4204
17518.0000 0.0531 75.2888 50.0000 37.2212 39.0710 52.5018
17519.0000 0.0504 75.2025 50.0000 37.3113 39.1857 52.2280
17520.0000 0.0415 75.0922 50.0000 37.7649 39.6409 51.3931
17521.0000 0.0418 75.0737 50.0000 37.2818 40.1173 51.3491
17522.0000 0.0374 74.7054 50.0000 37.6725 39.8557 50.7267
17523.0000 0.0304 74.3882 50.0000 37.9730 40.1409 49.8033
17524.0000 0.0331 74.3042 50.0000 38.0723 39.5599 50.0663
17525.0000 0.0331 74.3800 50.0000 37.6437 40.1172 50.0594
17526.0000 0.0314 74.1290 50.0000 37.6820 40.0315 49.7258
17527.0000 0.0280 74.0186 50.0000 37.7049 40.3985 49.2450
17528.0000 0.0302 73.9225 50.0000 37.6061 40.0746 49.4402
17529.0000 0.0293 74.4114 50.0000 38.1408 40.1372 49.7126
17530.0000 0.0318 74.2548 50.0000 37.9457 39.8241 49.8792
17531.0000 0.0343 74.4320 50.0000 38.1192 39.4785 50.2842
17532.0000 0.0306 74.2196 50.0000 38.2134 39.6595 49.7535
17533.0000 0.0360 74.6689 50.0000 38.2487 39.3738 50.6181
17534.0000 0.0318 74.7895 50.0000 38.5002 39.8048 50.2671
17535.0000 0.0294 75.0799 50.0000 38.8804 40.0471 50.2149
17536.0000 0.0348 75.0832 50.0000 38.5664 39.6374 50.7839
17537.0000 0.0381 75.2945 50.0000 38.9006 39.0967 51.2587
17538.0000 0.0300 75.3140 50.0000 38.7297 40.3816 50.4136
17539.0000 0.0302 74.9511 50.0000 38.4388 40.2762 50.1792
17540.0000 0.0298 74.9371 50.0000 38.4344 40.3301 50.1184
17541.0000 0.0222 74.8103 50.0000 38.8119 40.9610 49.1164
17542.0000 0.0217 74.8798 50.0000 38.9942 40.9088 49.1214
17543.0000 0.0229 74.6002 50.0000 38.5881 40.8629 49.0547
17544.0000 0.0221 74.2899 50.0000 38.4570 40.7997 48.7384
17545.0000 0.0220 73.9487 50.0000 37.9504 41.0272 48.4246
17546.0000 0.0248 74.4210 50.0000 38.2178 40.7639 49.1548
17547.0000 0.0254 74.3577 50.0000 37.6486 41.2999 49.0506
17548.0000 0.0240 74.5109 50.0000 37.1392 42.4659 48.6745
17549.0000 0.0204 74.3505 50.0000 37.6438 42.2757 48.2048
17550.0000 0.0220 74.5743 50.0000 37.4911 42.4390 48.5250
17551.0000 0.0147 73.9261 50.0000 38.3194 42.0655 47.1931
17552.0000 0.0156 74.5212 50.0000 38.3245 42.6227 47.6229
17553.0000 0.0171 74.3771 50.0000 37.7717 42.9410 47.5533
17554.0000 0.0164 74.5748 50.0000 38.3498 42.4506 47.8397
17555.0000 0.0179 74.4738 50.0000 38.5507 41.7076 48.1732
17556.0000 0.0163 74.7650 50.0000 38.7792 42.1121 48.0889
17557.0000 0.0211 74.6988 50.0000 38.1163 41.8958 48.7012
17558.0000 0.0279 74.8460 50.0000 37.5392 41.5816 49.6356
17559.0000 0.0228 74.7389 50.0000 37.9809 41.7965 48.9531
17560.0000 0.0206 74.5990 50.0000 37.8640 42.2417 48.4454
17561.0000 0.0215 74.9339 50.0000 37.6708 42.7754 48.6442
17562.0000 0.0227 74.9638 50.0000 37.7892 42.3777 48.9457
17563.0000 0.0234 75.2001 50.0000 37.6677 42.7101 49.1126
17564.0000 0.0227 74.8726 50.0000 37.8326 42.1952 48.9301
17565.0000 0.0210 74.6473 50.0000 37.4622 42.8277 48.3175
17566.0000 0.0188 74.4615 50.0000 37.6187 42.8558 47.8824
17567.0000 0.0176 74.9110 50.0000 38.0848 43.0410 48.0486
17568.0000 0.0161 74.9779 50.0000 38.7959 42.4070 48.1479
17569.0000 0.0165 74.9059 50.0000 38.9130 42.0490 48.2551
17570.0000 0.0142 75.2360 50.0000 39.1115 42.7709 47.9728
17571.0000 0.0134 75.0432 50.0000 39.1539 42.6548 47.7392
17572.0000 0.0149 74.9024 50.0000 38.8792 42.4848 47.8937
17573.0000 0.0229 75.1454 50.0000 38.0328 42.2232 49.1685
17574.0000 0.0240 75.1242 50.0000 38.7776 41.0536 49.5434
17575.0000 0.0202 75.1963 50.0000 38.4990 42.1852 48.9155
17576.0000 0.0196 74.8858 50.0000 38.9513 41.3497 48.7942
17577.0000 0.0256 75.3967 50.0000 38.5712 41.3433 49.8765
17578.0000 0.0214 75.4645 50.0000 39.1683 41.4424 49.4294
17579.0000 0.0298 75.6685 50.0000 38.9226 40.5978 50.6218
17580.0000 0.0218 75.4347 50.0000 39.5615 40.8814 49.5378
17581.0000 0.0189 75.3000 50.0000 39.6297 41.1650 49.0410
17582.0000 0.0196 75.5144 50.0000 39.9734 40.9071 49.3068
17583.0000 0.0124 75.4415 50.0000 40.3946 41.7740 48.1106
17584.0000 0.0143 75.0547 50.0000 39.7491 41.6516 48.1494
17585.0000 0.0128 74.7617 50.0000 39.7668 41.6118 47.7113
17586.0000 0.0131 74.4844 50.0000 39.9622 41.0057 47.6391
17587.0000 0.0173 74.4105 50.0000 39.5728 40.5151 48.2642
17588.0000 0.0129 74.2488 50.0000 39.4872 41.3173 47.3976
17589.0000 0.0151 74.6039 50.0000 39.7362 40.9837 48.0324
17590.0000 0.0184 75.0404 50.0000 40.0138 40.5556 48.8385
17591.0000 0.0199 75.3058 50.0000 39.7386 40.8763 49.2030
17592.0000 0.0191 75.4375 50.0000 40.1164 40.7495 49.2033
17593.0000 0.0167 75.1397 50.0000 40.1405 40.8291 48.6589
17594.0000 0.0158 75.0482 50.0000 39.8461 41.2166 48.4326
17595.0000 0.0160 75.4962 50.0000 39.4423 42.1975 48.6143
17596.0000 0.0167 75.5477 50.0000 39.1015 42.5631 48.6509
17597.0000 0.0219 75.7872 50.0000 38.8014 42.1886 49.5809
17598.0000 0.0245 75.5268 50.0000 38.2250 42.1183 49.6910
17599.0000 0.0195 75.2187 50.0000 38.4765 42.4026 48.7795
17600.0000 0.0179 75.3144 50.0000 38.8545 42.3394 48.6823
17601.0000 0.0163 75.4769 50.0000 39.3401 42.2479 48.6233
17602.0000 0.0235 75.8715 50.0000 38.8818 41.8851 49.9032
17603.0000 0.0240 76.2518 50.0000 39.2042 41.8549 50.2547
17604.0000 0.0208 76.0880 50.0000 40.0317 41.2710 49.8353
17605.0000 0.0188 75.8618 50.0000 39.6807 41.7787 49.3457
17606.0000 0.0177 75.6629 50.0000 39.4965 41.9723 49.0227
17607.0000 0.0127 75.7728 50.0000 40.3076 42.2131 48.3205
17608.0000 0.0169 75.6312 50.0000 40.2205 41.2543 48.9946
17609.0000 0.0155 75.9214 50.0000 40.3639 41.6976 48.9502
17610.0000 0.0174 75.9558 50.0000 40.0130 41.7606 49.2371
17611.0000 0.0146 75.9031 50.0000 40.3309 41.8998 48.7760
17612.0000 0.0120 75.7713 50.0000 40.5282 42.1045 48.2283
17613.0000 0.0157 76.1910 50.0000 40.2252 42.1322 49.1108
17614.0000 0.0165 76.0140 50.0000 40.4993 41.4549 49.1877
17615.0000 0.0235 76.0703 50.0000 39.4988 41.3938 50.1308
17616.0000 0.0201 75.7283 50.0000 39.7758 41.2742 49.4884
17617.0000 0.0160 75.7401 50.0000 39.6280 42.2722 48.7774
17618.0000 0.0180 75.9216 50.0000 39.3268 42.4556 49.1428
17619.0000 0.0158 75.7279 50.0000 39.7130 42.1987 48.7530
17620.0000 0.0149 75.2541 50.0000 39.2119 42.4648 48.1907
17621.0000 0.0136 75.1163 50.0000 39.9334 41.6592 48.0863
17622.0000 0.0150 75.3397 50.0000 40.0310 41.5063 48.4853
17623.0000 0.0170 75.1126 50.0000 39.3222 41.6841 48.5604
17624.0000 0.0127 75.1028 50.0000 40.1528 41.5871 47.9447
17625.0000 0.0132 75.1674 50.0000 40.1704 41.5340 48.0770
17626.0000 0.0142 75.3074 50.0000 39.5163 42.2906 48.1785
17627.0000 0.0113 75.0590 50.0000 39.5419 42.6952 47.4069
17628.0000 0.0126 75.2105 50.0000 39.4408 42.6637 47.7583
17629.0000 0.0101 75.2029 50.0000 39.8507 42.7728 47.3063
17630.0000 0.0111 75.3276 50.0000 39.9967 42.4387 47.6808
17631.0000 0.0088 74.8929 50.0000 40.7847 41.5688 47.0912
17632.0000 0.0098 75.1949 50.0000 40.6783 41.7838 47.4729
17633.0000 0.0154 74.9386 50.0000 40.0842 40.9204 48.3175
17634.0000 0.0153 74.9952 50.0000 39.8444 41.2594 48.3153
17635.0000 0.0208 75.0384 50.0000 39.7268 40.4428 49.1621
17636.0000 0.0260 75.3284 50.0000 39.2400 40.4427 49.9898
17637.0000 0.0248 75.2445 50.0000 38.8800 40.9421 49.7375
17638.0000 0.0197 75.0146 50.0000 39.5697 40.7671 48.9844
17639.0000 0.0177 74.9068 50.0000 39.4150 41.1878 48.5907
17640.0000 0.0160 74.8730 50.0000 39.5431 41.3347 48.3090
17641.0000 0.0193 74.8196 50.0000 39.4164 40.7864 48.7933
17642.0000 0.0211 74.9094 50.0000 38.8036 41.2707 49.0146
17643.0000 0.0244 75.1146 50.0000 38.6403 41.1348 49.5687
17644.0000 0.0273 75.4765 50.0000 38.8947 40.7936 50.1975
17645.0000 0.0286 75.3656 50.0000 38.0668 41.4251 50.1483
17646.0000 0.0278 75.3207 50.0000 38.4529 41.0437 50.0999
17647.0000 0.0244 75.0547 50.0000 39.0161 40.6419 49.5902
17648.0000 0.0291 75.5505 50.0000 38.3650 41.1981 50.3857
17649.0000 0.0264 76.0162 50.0000 38.2794 42.3013 50.2369
17650.0000 0.0241 76.1418 50.0000 38.4412 42.6647 49.9957
17651.0000 0.0216 75.8456 50.0000 38.9978 42.0660 49.6205
17652.0000 0.0248 75.7555 50.0000 38.1619 42.4302 49.8222
17653.0000 0.0192 75.1541 50.0000 38.4607 42.3953 48.6986
17654.0000 0.0192 75.3834 50.0000 38.9952 41.9809 48.9861
17655.0000 0.0174 75.4393 50.0000 39.8436 41.3647 48.9136
17656.0000 0.0187 75.7186 50.0000 39.9288 41.3512 49.2857
17657.0000 0.0171 75.5942 50.0000 40.0110 41.4091 48.9784
17658.0000 0.0179 75.6757 50.0000 40.2996 41.0361 49.1811
17659.0000 0.0157 75.5850 50.0000 40.2539 41.3978 48.7744
17660.0000 0.0184 75.9567 50.0000 39.9528 41.6471 49.3833
17661.0000 0.0170 75.5786 50.0000 39.2584 42.3348 48.7715
17662.0000 0.0199 75.5502 50.0000 39.0689 41.9344 49.2235
17663.0000 0.0175 75.1339 50.0000 39.7501 41.0952 48.7465
17664.0000 0.0177 75.5355 50.0000 39.4604 41.8753 48.9382
17665.0000 0.0185 75.3513 50.0000 39.5642 41.3731 48.9975
17666.0000 0.0200 75.5172 50.0000 39.1017 41.8397 49.2275
17667.0000 0.0162 75.0289 50.0000 39.1033 42.0305 48.3084
17668.0000 0.0150 75.1979 50.0000 39.2618 42.2964 48.2105
17669.0000 0.0147 74.6929 50.0000 39.0768 41.9879 47.8441
17670.0000 0.0179 74.6737 50.0000 38.9607 41.4210 48.3995
17671.0000 0.0204 74.9064 50.0000 38.2900 42.0758 48.7285
17672.0000 0.0174 74.9731 50.0000 38.4800 42.5501 48.2675
17673.0000 0.0151 74.6757 50.0000 38.4261 42.8289 47.5982
17674.0000 0.0178 74.3954 50.0000 38.1411 42.1845 47.9625
17675.0000 0.0190 74.3525 50.0000 37.9765 42.1000 48.1006
17676.0000 0.0193 74.6669 50.0000 38.0855 42.2971 48.3280
17677.0000 0.0181 75.1317 50.0000 38.7040 42.2694 48.5806
17678.0000 0.0163 75.3639 50.0000 38.8719 42.7594 48.3769
17679.0000 0.0143 75.2021 50.0000 39.0622 42.7625 47.9675
17680.0000 0.0169 74.7961 50.0000 38.2831 42.7324 47.9876
17681.0000 0.0209 75.2391 50.0000 37.5636 43.5213 48.5365
17682.0000 0.0258 75.0957 50.0000 37.2452 42.6979 49.2853
17683.0000 0.0269 74.9648 50.0000 37.0675 42.5769 49.3248
17684.0000 0.0297 74.9052 50.0000 37.1780 41.8267 49.7907
17685.0000 0.0256 74.9742 50.0000 37.3725 42.4069 49.2553
17686.0000 0.0285 75.2435 50.0000 37.3896 42.1701 49.8527
17687.0000 0.0264 75.2781 50.0000 37.9190 41.8864 49.7441
17688.0000 0.0271 75.5339 50.0000 37.9768 41.9956 49.9950
17689.0000 0.0291 75.8991 50.0000 37.6927 42.4576 50.3714
17690.0000 0.0282 75.6472 50.0000 37.5287 42.5267 50.0557
17691.0000 0.0286 75.3763 50.0000 37.5717 42.0766 49.9950
17692.0000 0.0300 75.5279 50.0000 37.6971 41.8476 50.3207
17693.0000 0.0304 75.4726 50.0000 37.4537 42.0356 50.2626
17694.0000 0.0284 75.5409 50.0000 38.1345 41.5726 50.2385
17695.0000 0.0352 75.5479 50.0000 37.6323 41.1515 50.9692
17696.0000 0.0299 75.3249 50.0000 37.8372 41.4497 50.2405
17697.0000 0.0326 75.2418 50.0000 37.5364 41.3024 50.4625
17698.0000 0.0298 75.0989 50.0000 37.6925 41.3812 50.0671
17699.0000 0.0315 74.9366 50.0000 37.8827 40.6948 50.2426
17700.0000 0.0239 74.8411 50.0000 38.2807 41.3409 49.2617
17701.0000 0.0286 75.1761 50.0000 37.7995 41.5326 49.9768
17702.0000 0.0252 75.0191 50.0000 37.7002 42.0640 49.3678
17703.0000 0.0270 75.3861 50.0000 37.5343 42.4319 49.7371
17704.0000 0.0222 75.2230 50.0000 37.7168 42.9285 48.9192
17705.0000 0.0218 75.5591 50.0000 37.7144 43.4953 48.9383
17706.0000 0.0208 75.4364 50.0000 38.0283 43.0491 48.9006
17707.0000 0.0193 75.5919 50.0000 37.7823 44.1120 48.3813
17708.0000 0.0171 75.2612 50.0000 38.4601 43.0343 48.3024
17709.0000 0.0169 74.9701 50.0000 38.5818 42.5089 48.2178
17710.0000 0.0209 74.7578 50.0000 37.7097 42.6135 48.4850
17711.0000 0.0226 74.7705 50.0000 38.0745 41.7489 48.9692
17712.0000 0.0195 74.7567 50.0000 38.0512 42.4043 48.3998
17713.0000 0.0172 74.7333 50.0000 37.9615 43.0882 47.8267
17714.0000 0.0240 74.8340 50.0000 37.1541 42.8707 48.8038
17715.0000 0.0212 74.6014 50.0000 37.3572 42.8889 48.2738
17716.0000 0.0213 74.4005 50.0000 37.3368 42.6198 48.2177
17717.0000 0.0273 74.7436 50.0000 36.4930 43.1030 48.9592
17718.0000 0.0239 74.6439 50.0000 37.1281 42.6858 48.6943
17719.0000 0.0256 74.8962 50.0000 37.2194 42.5233 49.1520
17720.0000 0.0221 75.1036 50.0000 37.4653 43.1809 48.7064
17721.0000 0.0240 74.6799 50.0000 37.1525 42.6770 48.7385
17722.0000 0.0221 74.8560 50.0000 37.1244 43.4222 48.3705
17723.0000 0.0210 74.7765 50.0000 36.8253 44.2549 47.7172
17724.0000 0.0212 74.8092 50.0000 36.7574 44.4160 47.6712
17725.0000 0.0260 74.6738 50.0000 36.1354 43.9723 48.3410
17726.0000 0.0299 74.6394 50.0000 35.2748 44.6930 48.2625
17727.0000 0.0307 74.4978 50.0000 35.1738 44.4152 48.3737
17728.0000 0.0269 74.6701 50.0000 35.8870 44.2389 48.2770
17729.0000 0.0333 75.3949 50.0000 35.5099 44.4141 49.5059
17730.0000 0.0336 75.1969 50.0000 35.7653 43.5956 49.7477
17731.0000 0.0296 75.2589 50.0000 35.9007 44.3912 49.0354
17732.0000 0.0259 74.9524 50.0000 36.5330 43.6675 48.7479
17733.0000 0.0259 74.8875 50.0000 36.3349 43.9554 48.5369
17734.0000 0.0228 75.2627 50.0000 37.2697 43.5722 48.7536
17735.0000 0.0251 75.4861 50.0000 37.0421 43.7311 49.1286
17736.0000 0.0268 75.5565 50.0000 36.7341 43.9636 49.2604
17737.0000 0.0275 75.8012 50.0000 36.5980 44.3934 49.3521
17738.0000 0.0244 75.7692 50.0000 37.1217 44.1709 49.1110
17739.0000 0.0283 76.0824 50.0000 36.9556 43.9510 49.9112
17740.0000 0.0243 75.6884 50.0000 37.3932 43.5930 49.2965
17741.0000 0.0283 75.5769 50.0000 36.3642 44.2946 49.2697
17742.0000 0.0246 75.0390 50.0000 36.7000 43.8068 48.6306
17743.0000 0.0292 74.9998 50.0000 36.1725 43.5816 49.1646
17744.0000 0.0354 75.2023 50.0000 35.8806 43.0414 50.1538
17745.0000 0.0345 75.2071 50.0000 35.9276 43.1428 50.0402
17746.0000 0.0405 75.5032 50.0000 35.7197 42.7720 50.9450
17747.0000 0.0366 75.0416 50.0000 35.9327 42.5539 50.2916
17748.0000 0.0456 75.1894 50.0000 35.8300 41.4798 51.4691
17749.0000 0.0406 75.0308 50.0000 36.0321 41.7523 50.8729
17750.0000 0.0385 74.9176 50.0000 35.9002 42.1221 50.4931
17751.0000 0.0419 74.9974 50.0000 35.4515 42.3102 50.7705
17752.0000 0.0354 75.0801 50.0000 36.0131 42.6829 50.1821
17753.0000 0.0376 74.6890 50.0000 35.8049 42.1140 50.2281
17754.0000 0.0370 74.7192 50.0000 35.9915 42.0020 50.2334
17755.0000 0.0380 74.7560 50.0000 35.4755 42.6214 50.1334
17756.0000 0.0435 74.7164 50.0000 35.2383 42.0150 50.7498
17757.0000 0.0402 74.7397 50.0000 35.5741 42.0859 50.4904
17758.0000 0.0426 75.1400 50.0000 35.4037 42.4450 50.9021
17759.0000 0.0381 74.8644 50.0000 35.3856 42.8822 50.1363
17760.0000 0.0360 74.8019 50.0000 35.3165 43.3074 49.7246
17761.0000 0.0324 74.8771 50.0000 35.8769 43.2005 49.5292
17762.0000 0.0346 75.0221 50.0000 35.9199 42.8940 49.9818
17763.0000 0.0294 74.5584 50.0000 36.1662 42.9254 49.0751
17764.0000 0.0286 74.6606 50.0000 36.1346 43.2863 48.9367
17765.0000 0.0287 74.6774 50.0000 35.9989 43.5355 48.8410
17766.0000 0.0296 74.9408 50.0000 35.9338 43.8334 49.0257
17767.0000 0.0267 74.5002 50.0000 36.1844 43.4308 48.5257
17768.0000 0.0256 74.4235 50.0000 36.3050 43.3728 48.3694
17769.0000 0.0318 74.9836 50.0000 35.9686 43.3336 49.5075
17770.0000 0.0361 74.9998 50.0000 35.6231 43.0521 50.0248
17771.0000 0.0378 74.7013 50.0000 35.9957 41.8381 50.3406
17772.0000 0.0351 74.6727 50.0000 36.2220 41.9334 50.0557
17773.0000 0.0341 74.4516 50.0000 36.0696 42.0323 49.7525
17774.0000 0.0386 74.4929 50.0000 35.8063 41.7180 50.2664
17775.0000 0.0351 75.0629 50.0000 36.7273 41.7185 50.4491
17776.0000 0.0425 75.2882 50.0000 36.5640 41.1074 51.3962
17777.0000 0.0440 75.8131 50.0000 37.0372 40.9389 51.9603
17778.0000 0.0417 75.3521 50.0000 36.5883 41.2584 51.3516
17779.0000 0.0380 75.2639 50.0000 36.7035 41.5456 50.9065
17780.0000 0.0425 75.2802 50.0000 36.1523 41.6194 51.2634
17781.0000 0.0396 75.5260 50.0000 36.2829 42.1677 51.0843
17782.0000 0.0419 75.4944 50.0000 35.7515 42.5020 51.1352
17783.0000 0.0422 75.6649 50.0000 35.9700 42.3551 51.3555
17784.0000 0.0431 75.4367 50.0000 36.1072 41.7740 51.3994
17785.0000 0.0475 75.3900 50.0000 35.9743 41.2814 51.8203
17786.0000 0.0457 75.2168 50.0000 35.9393 41.3606 51.5289
17787.0000 0.0389 75.0632 50.0000 36.1641 41.8788 50.7228
17788.0000 0.0463 75.2501 50.0000 35.7361 41.5710 51.5497
17789.0000 0.0446 75.0688 50.0000 35.7271 41.6224 51.2491
17790.0000 0.0456 74.4546 50.0000 36.0187 40.4121 51.1176
17791.0000 0.0428 74.4450 50.0000 35.8054 41.0474 50.7459
17792.0000 0.0442 74.6223 50.0000 35.9507 40.8742 51.0425
17793.0000 0.0450 74.6500 50.0000 35.8766 40.8932 51.1198
17794.0000 0.0366 74.4079 50.0000 35.9757 41.7012 50.0330
17795.0000 0.0370 74.5807 50.0000 35.9265 41.9214 50.1415
17796.0000 0.0359 74.2015 50.0000 35.4335 42.3328 49.5809
17797.0000 0.0372 74.1851 50.0000 35.3176 42.2695 49.6929
17798.0000 0.0345 74.3147 50.0000 35.7558 42.2442 49.5946
17799.0000 0.0349 73.9834 50.0000 35.7351 41.7955 49.4942
17800.0000 0.0323 73.6417 50.0000 35.7029 41.8648 48.9462
17801.0000 0.0407 73.8392 50.0000 34.9651 41.7538 49.8628
17802.0000 0.0382 73.4802 50.0000 34.8113 41.9408 49.2796
17803.0000 0.0346 73.2853 50.0000 34.8698 42.2562 48.6750
17804.0000 0.0374 73.5757 50.0000 34.3866 42.9073 48.8866
17805.0000 0.0418 73.8651 50.0000 33.8343 43.4042 49.2683
17806.0000 0.0416 74.2259 50.0000 34.1567 43.3716 49.6156
17807.0000 0.0394 74.5110 50.0000 34.6434 43.3669 49.7095
17808.0000 0.0397 74.5093 50.0000 34.8061 43.0299 49.8859
17809.0000 0.0371 74.3646 50.0000 34.6334 43.6586 49.2397
17810.0000 0.0371 74.4085 50.0000 34.5325 43.9133 49.1503
17811.0000 0.0413 74.5227 50.0000 34.1131 43.9385 49.5918
17812.0000 0.0414 74.6430 50.0000 34.1681 43.9752 49.7021
17813.0000 0.0378 74.2114 50.0000 34.6398 43.2666 49.3499
17814.0000 0.0387 74.5837 50.0000 35.2852 42.5641 50.0597
17815.0000 0.0346 74.6768 50.0000 35.4968 43.1211 49.5699
17816.0000 0.0382 74.5537 50.0000 34.7265 43.5256 49.5768
17817.0000 0.0381 74.5030 50.0000 35.0726 42.8853 49.8143
17818.0000 0.0393 74.7624 50.0000 35.3022 42.6525 50.2388
17819.0000 0.0349 74.3744 50.0000 35.7897 42.2061 49.6919
17820.0000 0.0363 74.4600 50.0000 35.4185 42.6235 49.7300
17821.0000 0.0351 74.2174 50.0000 35.0012 43.2239 49.1410
17822.0000 0.0345 74.2733 50.0000 35.4521 42.6669 49.3884
17823.0000 0.0330 74.5940 50.0000 36.1078 42.3565 49.6631
17824.0000 0.0312 74.3064 50.0000 36.2074 42.1733 49.3140
17825.0000 0.0350 74.4140 50.0000 35.6826 42.4038 49.6600
17826.0000 0.0335 74.4005 50.0000 36.2338 41.8513 49.7094
17827.0000 0.0332 74.3611 50.0000 35.7369 42.5875 49.3838
17828.0000 0.0317 74.5110 50.0000 35.7288 43.1025 49.1682
17829.0000 0.0401 75.1275 50.0000 35.5695 42.5833 50.6519
17830.0000 0.0354 75.0637 50.0000 36.0356 42.6402 50.1777
17831.0000 0.0334 75.4387 50.0000 36.6505 42.5735 50.3511
17832.0000 0.0303 75.5081 50.0000 36.9919 42.7406 50.0631
17833.0000 0.0347 75.8101 50.0000 36.6968 42.7493 50.7249
17834.0000 0.0365 75.7307 50.0000 35.9699 43.3913 50.5816
17835.0000 0.0363 74.9163 50.0000 35.5814 42.9697 50.0002
17836.0000 0.0318 74.8932 50.0000 36.2658 42.7347 49.6743
17837.0000 0.0314 75.1600 50.0000 36.7794 42.3888 49.9949
17838.0000 0.0232 74.8127 50.0000 37.0573 43.2064 48.5480
17839.0000 0.0230 75.0450 50.0000 37.1065 43.5007 48.6061
17840.0000 0.0207 75.1400 50.0000 37.3322 43.8624 48.2536
17841.0000 0.0236 75.2255 50.0000 37.1031 43.6239 48.7770
17842.0000 0.0287 75.2776 50.0000 36.2773 43.9090 49.2207
17843.0000 0.0335 75.7918 50.0000 36.0213 44.0017 50.1070
17844.0000 0.0333 75.7151 50.0000 36.5103 43.1559 50.3721
17845.0000 0.0404 76.2004 50.0000 36.3316 42.7902 51.5316
17846.0000 0.0365 75.9577 50.0000 36.2418 43.2827 50.8203
17847.0000 0.0366 76.1698 50.0000 36.7561 42.7873 51.1867
17848.0000 0.0409 76.3280 50.0000 36.7537 42.3014 51.8239
17849.0000 0.0425 76.5259 50.0000 36.8305 42.2068 52.1374
17850.0000 0.0360 76.1819 50.0000 36.9140 42.6864 51.1753
17851.0000 0.0427 76.0993 50.0000 36.4121 42.2173 51.7973
17852.0000 0.0498 76.0733 50.0000 35.8350 41.9218 52.3981
17853.0000 0.0499 76.2005 50.0000 36.2768 41.5105 52.6059
17854.0000 0.0570 76.3864 50.0000 36.6849 40.3764 53.4682
17855.0000 0.0567 76.1138 50.0000 36.0616 40.8293 53.1586
17856.0000 0.0598 76.7715 50.0000 36.3095 40.8863 53.8869
17857.0000 0.0619 76.3855 50.0000 36.3207 40.2269 53.8270
17858.0000 0.0647 76.6286 50.0000 35.3719 41.2641 54.0189
17859.0000 0.0633 76.7914 50.0000 35.9693 40.8968 54.1349
17860.0000 0.0633 76.7361 50.0000 35.7458 41.1051 54.0467
17861.0000 0.0686 76.8283 50.0000 36.0185 40.3039 54.5972
17862.0000 0.0741 76.7522 50.0000 34.5311 41.3303 54.6837
17863.0000 0.0656 76.4354 50.0000 34.9822 41.4067 53.8897
17864.0000 0.0700 76.5344 50.0000 34.7359 41.3051 54.2662
17865.0000 0.0701 76.6857 50.0000 35.0661 41.0694 54.4460
17866.0000 0.0710 77.0474 50.0000 35.2797 41.1093 54.7874
17867.0000 0.0720 77.1485 50.0000 35.4267 40.9399 54.9615
17868.0000 0.0735 77.5397 50.0000 35.1119 41.5607 55.2473
17869.0000 0.0751 77.4709 50.0000 34.7675 41.7101 55.2560
17870.0000 0.0735 77.3426 50.0000 34.8441 41.6590 55.0662
17871.0000 0.0730 77.1358 50.0000 34.7615 41.5871 54.8825
17872.0000 0.0636 76.7115 50.0000 34.7352 42.2587 53.7803
17873.0000 0.0619 76.6248 50.0000 35.2374 41.7420 53.7335
17874.0000 0.0610 76.4840 50.0000 35.4643 41.4227 53.6306
17875.0000 0.0584 75.9383 50.0000 35.9767 40.5376 53.1884
17876.0000 0.0649 76.1382 50.0000 35.6041 40.4480 53.7897
17877.0000 0.0704 76.1704 50.0000 35.3430 40.1832 54.2043
17878.0000 0.0596 76.0605 50.0000 35.5770 40.9922 53.2834
17879.0000 0.0641 76.0839 50.0000 35.0219 41.1468 53.5646
17880.0000 0.0557 75.7466 50.0000 35.5101 41.1959 52.7207
17881.0000 0.0618 75.8376 50.0000 34.7552 41.4733 53.1356
17882.0000 0.0625 75.7377 50.0000 34.3074 41.8309 53.0036
17883.0000 0.0561 75.3532 50.0000 34.4726 41.9985 52.2100
17884.0000 0.0540 75.4000 50.0000 34.5395 42.2580 52.0235
17885.0000 0.0647 75.9856 50.0000 33.6303 42.7128 53.0889
17886.0000 0.0627 75.9349 50.0000 33.7194 42.8040 52.8861
17887.0000 0.0572 75.6556 50.0000 34.0489 42.7771 52.2931
17888.0000 0.0520 75.5299 50.0000 34.4193 42.8670 51.7928
17889.0000 0.0523 75.6128 50.0000 34.0546 43.4562 51.6636
17890.0000 0.0606 76.0719 50.0000 33.7746 43.1731 52.7474
17891.0000 0.0494 75.2064 50.0000 34.5266 42.7136 51.3757
17892.0000 0.0525 75.0933 50.0000 34.3032 42.4316 51.5932
17893.0000 0.0509 75.2794 50.0000 34.3088 42.8881 51.4830
17894.0000 0.0368 74.9384 50.0000 35.4705 43.0706 50.0253
17895.0000 0.0396 74.8189 50.0000 34.7600 43.5486 49.9313
17896.0000 0.0414 74.3723 50.0000 34.6004 42.8699 49.9622
17897.0000 0.0419 74.3281 50.0000 34.5034 42.8679 49.9652
17898.0000 0.0410 74.4081 50.0000 34.7833 42.7013 50.0328
17899.0000 0.0412 74.2072 50.0000 34.8577 42.2939 50.0288
17900.0000 0.0374 73.7188 50.0000 34.7962 42.4141 49.2415
17901.0000 0.0347 73.3112 50.0000 34.9476 42.1502 48.7499
17902.0000 0.0312 73.7179 50.0000 35.6981 42.1821 48.7918
17903.0000 0.0297 73.4763 50.0000 35.3206 42.7796 48.1781
17904.0000 0.0288 73.4810 50.0000 35.2282 43.1963 47.8801
17905.0000 0.0330 73.8337 50.0000 35.0639 43.0264 48.6895
17906.0000 0.0345 73.9074 50.0000 35.0046 42.8948 48.9594
17907.0000 0.0367 74.1495 50.0000 34.8153 43.1096 49.2708
17908.0000 0.0313 74.1804 50.0000 35.2311 43.6207 48.5668
17909.0000 0.0350 74.4121 50.0000 34.7304 44.0330 48.9087
17910.0000 0.0379 74.5093 50.0000 34.6977 43.5639 49.4964
17911.0000 0.0359 74.5507 50.0000 35.3251 42.9718 49.6323
17912.0000 0.0438 74.9479 50.0000 35.1423 42.3843 50.8506
17913.0000 0.0467 75.2198 50.0000 36.2602 40.8467 51.7181
17914.0000 0.0449 75.3476 50.0000 36.6342 40.7669 51.7036
17915.0000 0.0370 74.9745 50.0000 37.3352 40.5946 50.7872
17916.0000 0.0450 75.2184 50.0000 36.5035 40.7673 51.6075
17917.0000 0.0457 75.4492 50.0000 35.9268 41.6504 51.6438
17918.0000 0.0439 75.2240 50.0000 35.5624 42.1259 51.1798
17919.0000 0.0429 75.1807 50.0000 35.8920 41.7714 51.1767
17920.0000 0.0454 75.7003 50.0000 36.0509 41.8257 51.7829
17921.0000 0.0381 75.3084 50.0000 36.2665 42.1666 50.7748
17922.0000 0.0386 75.1606 50.0000 35.9264 42.3723 50.6261
17923.0000 0.0425 75.0505 50.0000 35.5659 42.1109 50.9345
17924.0000 0.0451 74.8254 50.0000 35.3962 41.6866 51.0703
17925.0000 0.0480 74.6991 50.0000 35.1743 41.4202 51.2552
17926.0000 0.0516 74.8024 50.0000 35.3194 40.8907 51.7289
17927.0000 0.0519 74.7611 50.0000 34.9279 41.2885 51.6189
17928.0000 0.0568 75.0893 50.0000 34.4818 41.6020 52.1410
17929.0000 0.0583 75.4302 50.0000 34.5583 41.7028 52.5007
17930.0000 0.0683 75.8269 50.0000 33.7298 41.9627 53.3961
17931.0000 0.0538 75.3029 50.0000 34.5532 42.1556 51.9568
17932.0000 0.0509 74.9001 50.0000 34.1742 42.6060 51.2531
17933.0000 0.0458 74.6228 50.0000 34.6775 42.3312 50.7356
17934.0000 0.0464 75.0031 50.0000 34.7332 42.6251 51.0115
17935.0000 0.0467 75.1737 50.0000 35.1517 42.2004 51.3281
17936.0000 0.0435 74.8797 50.0000 35.6213 41.6940 50.9872
17937.0000 0.0422 75.0213 50.0000 35.5262 42.1767 50.8645
17938.0000 0.0398 75.2115 50.0000 35.9064 42.2686 50.8022
17939.0000 0.0418 75.2260 50.0000 35.5521 42.4667 50.9076
17940.0000 0.0416 75.2449 50.0000 35.7194 42.2855 50.9692
17941.0000 0.0423 75.2992 50.0000 36.0490 41.7939 51.2223
17942.0000 0.0406 75.3303 50.0000 36.3976 41.6279 51.1565
17943.0000 0.0442 75.4110 50.0000 35.6388 42.1893 51.3493
17944.0000 0.0491 75.5990 50.0000 35.5979 41.7667 51.9956
17945.0000 0.0479 75.3305 50.0000 35.7967 41.3763 51.7812
17946.0000 0.0522 75.4267 50.0000 35.8945 40.8129 52.2980
17947.0000 0.0483 75.4952 50.0000 36.3149 40.8756 52.0571
17948.0000 0.0486 75.3027 50.0000 36.1607 40.8117 51.9357
17949.0000 0.0581 75.5348 50.0000 35.9345 40.1855 52.9088
17950.0000 0.0618 75.7468 50.0000 35.6666 40.2956 53.3078
17951.0000 0.0444 75.2081 50.0000 36.5974 40.7312 51.5544
17952.0000 0.0451 75.2573 50.0000 36.5752 40.7179 51.6523
17953.0000 0.0430 75.4598 50.0000 37.0211 40.6932 51.6496
17954.0000 0.0478 75.6954 50.0000 36.7183 40.6944 52.2066
17955.0000 0.0490 75.6506 50.0000 36.1229 41.1903 52.1682
17956.0000 0.0508 76.0514 50.0000 35.9524 41.6155 52.5299
17957.0000 0.0417 75.7590 50.0000 36.5562 41.7731 51.5566
17958.0000 0.0457 76.0425 50.0000 35.8751 42.4073 51.9332
17959.0000 0.0430 75.5676 50.0000 36.0880 41.9613 51.4527
17960.0000 0.0405 75.6927 50.0000 36.7126 41.6778 51.4250
17961.0000 0.0384 75.8562 50.0000 36.9336 41.8912 51.3341
17962.0000 0.0365 75.7940 50.0000 37.3180 41.6263 51.1796
17963.0000 0.0337 75.5599 50.0000 37.3429 41.7446 50.7168
17964.0000 0.0292 75.3715 50.0000 37.8701 41.5770 50.1804
17965.0000 0.0339 75.7827 50.0000 37.8552 41.3420 50.9985
17966.0000 0.0332 75.5615 50.0000 36.9856 42.2979 50.5221
17967.0000 0.0370 75.6757 50.0000 37.2736 41.4639 51.1687
17968.0000 0.0309 75.4927 50.0000 38.2024 41.0524 50.5413
17969.0000 0.0343 75.5295 50.0000 37.2138 41.7800 50.7373
17970.0000 0.0365 75.7685 50.0000 36.9506 42.0522 51.0601
17971.0000 0.0403 76.0433 50.0000 36.5093 42.3715 51.5200
17972.0000 0.0459 76.1059 50.0000 35.8591 42.4716 51.9846
17973.0000 0.0433 76.5994 50.0000 36.7615 42.2567 52.2535
17974.0000 0.0428 76.0492 50.0000 36.1294 42.5090 51.6830
17975.0000 0.0394 75.3748 50.0000 36.1643 42.1793 50.9354
17976.0000 0.0405 75.3991 50.0000 35.9012 42.3923 50.9806
17977.0000 0.0398 75.7887 50.0000 36.2118 42.5526 51.2046
17978.0000 0.0385 75.9392 50.0000 36.1229 43.0707 51.0570
17979.0000 0.0379 76.1045 50.0000 36.6470 42.6391 51.2913
17980.0000 0.0346 75.9268 50.0000 36.8190 42.7284 50.8284
17981.0000 0.0372 76.0043 50.0000 36.5144 42.8170 51.0887
17982.0000 0.0446 76.0894 50.0000 35.7760 42.7667 51.7753
17983.0000 0.0441 76.2398 50.0000 36.3079 42.3045 52.0054
17984.0000 0.0420 76.6913 50.0000 36.2592 43.2402 51.9338
17985.0000 0.0395 76.4772 50.0000 36.1399 43.5659 51.4265
17986.0000 0.0440 76.4136 50.0000 35.6675 43.4136 51.7893
17987.0000 0.0448 76.1035 50.0000 35.6144 42.9707 51.7385
17988.0000 0.0486 75.9051 50.0000 35.4218 42.4248 52.0289
17989.0000 0.0450 75.5194 50.0000 35.4901 42.4059 51.4332
17990.0000 0.0426 75.3831 50.0000 36.0091 41.9071 51.2812
17991.0000 0.0406 74.8064 50.0000 35.9448 41.6040 50.7256
17992.0000 0.0423 74.6741 50.0000 35.4771 41.8186 50.6834
17993.0000 0.0456 75.0148 50.0000 35.3763 41.8750 51.2076
17994.0000 0.0422 74.7366 50.0000 35.7248 41.5784 50.7990
17995.0000 0.0332 74.5215 50.0000 36.7519 41.3527 49.9269
17996.0000 0.0397 74.5704 50.0000 36.2532 41.0611 50.6007
17997.0000 0.0447 74.7827 50.0000 35.8683 41.0971 51.1561
17998.0000 0.0435 74.4341 50.0000 36.1038 40.5632 50.9076
17999.0000 0.0477 74.3923 50.0000 35.4073 40.8156 51.1334
18000.0000 0.0423 74.1753 50.0000 35.3647 41.3719 50.3953
18001.0000 0.0414 74.2435 50.0000 35.7071 41.1250 50.4563
18002.0000 0.0379 74.2188 50.0000 35.8548 41.4299 50.0642
18003.0000 0.0377 74.2551 50.0000 36.1573 41.1075 50.1661
18004.0000 0.0341 73.9229 50.0000 36.6298 40.6592 49.6959
18005.0000 0.0328 73.9883 50.0000 37.1328 40.3094 49.7048
18006.0000 0.0300 74.0769 50.0000 36.8765 41.1745 49.3170
18007.0000 0.0384 74.6164 50.0000 35.9498 41.7053 50.3577
18008.0000 0.0338 74.6824 50.0000 37.1546 40.9417 50.2073
18009.0000 0.0267 74.1596 50.0000 37.3702 41.1846 49.0605
18010.0000 0.0293 74.4001 50.0000 36.5962 42.0744 49.2528
18011.0000 0.0302 74.3176 50.0000 36.3503 42.1549 49.2415
18012.0000 0.0362 74.6582 50.0000 35.8830 42.2016 50.0527
18013.0000 0.0384 74.7808 50.0000 35.4168 42.6691 50.1713
18014.0000 0.0386 74.7717 50.0000 36.0438 41.7384 50.4932
18015.0000 0.0379 74.7671 50.0000 36.0917 41.7730 50.4234
18016.0000 0.0360 74.7192 50.0000 35.9638 42.2019 50.0855
18017.0000 0.0362 74.7603 50.0000 36.2511 41.8198 50.2600
18018.0000 0.0372 74.9051 50.0000 36.4658 41.5507 50.5427
18019.0000 0.0402 74.7549 50.0000 35.7445 41.8771 50.5661
18020.0000 0.0335 75.0198 50.0000 36.4442 42.3176 50.0900
18021.0000 0.0329 75.1116 50.0000 36.9953 41.7792 50.2752
18022.0000 0.0266 75.1377 50.0000 37.7295 41.9313 49.6380
18023.0000 0.0255 75.0286 50.0000 37.8455 41.8288 49.4709
18024.0000 0.0290 75.1705 50.0000 37.2099 42.2404 49.8174
18025.0000 0.0303 75.4873 50.0000 37.5737 41.9106 50.2996
18026.0000 0.0349 75.6834 50.0000 37.3215 41.7284 50.9297
18027.0000 0.0381 75.7691 50.0000 36.3864 42.5637 51.0422
18028.0000 0.0368 75.6669 50.0000 36.7773 42.1089 50.9878
18029.0000 0.0350 75.4065 50.0000 37.0436 41.7395 50.7122
18030.0000 0.0326 75.1496 50.0000 37.0839 41.7639 50.2794
18031.0000 0.0297 75.3171 50.0000 37.4080 42.0199 50.0763
18032.0000 0.0360 75.2795 50.0000 37.1258 41.3329 50.7963
18033.0000 0.0382 75.4528 50.0000 36.8810 41.5132 51.0840
18034.0000 0.0447 75.7077 50.0000 36.5073 41.3556 51.8515
18035.0000 0.0430 75.7429 50.0000 36.4473 41.7101 51.6609
18036.0000 0.0398 75.2115 50.0000 36.0343 42.0948 50.8560
18037.0000 0.0412 75.0225 50.0000 35.8330 41.9207 50.8628
18038.0000 0.0416 75.3769 50.0000 36.5531 41.3540 51.3360
18039.0000 0.0430 75.9131 50.0000 36.6946 41.5989 51.8251
18040.0000 0.0419 75.7911 50.0000 36.9827 41.2563 51.7153
18041.0000 0.0377 75.9057 50.0000 37.4788 41.3774 51.4288
18042.0000 0.0335 75.6902 50.0000 37.4811 41.7520 50.8030
18043.0000 0.0346 75.6583 50.0000 37.9297 41.0128 51.0242
18044.0000 0.0358 75.9079 50.0000 37.9277 41.1244 51.3057
18045.0000 0.0317 75.8996 50.0000 38.2382 41.3412 50.8870
18046.0000 0.0312 75.3026 50.0000 37.8641 41.1881 50.4017
18047.0000 0.0333 75.1041 50.0000 37.3922 41.2056 50.4434
18048.0000 0.0375 75.2965 50.0000 37.2979 40.9369 51.0157
18049.0000 0.0339 74.8779 50.0000 37.3241 40.9401 50.3739
18050.0000 0.0328 74.7188 50.0000 36.9776 41.3582 50.0506
18051.0000 0.0362 74.9879 50.0000 36.9746 41.1614 50.6142
18052.0000 0.0357 75.0108 50.0000 36.8185 41.4590 50.5189
18053.0000 0.0387 75.1784 50.0000 36.7322 41.3049 50.9552
18054.0000 0.0346 75.1227 50.0000 37.6836 40.6920 50.6708
18055.0000 0.0378 75.1197 50.0000 36.8353 41.2519 50.8370
18056.0000 0.0363 74.9134 50.0000 37.0396 40.9791 50.6043
18057.0000 0.0367 74.8356 50.0000 37.2786 40.5454 50.6630
18058.0000 0.0400 74.8557 50.0000 37.1061 40.3243 50.9947
18059.0000 0.0385 74.7591 50.0000 36.5750 41.0550 50.6525
18060.0000 0.0376 74.4476 50.0000 36.7107 40.6582 50.4151
18061.0000 0.0358 74.5146 50.0000 36.8550 40.8145 50.2823
18062.0000 0.0409 74.6795 50.0000 35.9526 41.3941 50.7047
18063.0000 0.0391 74.6909 50.0000 36.2188 41.3352 50.5799
18064.0000 0.0348 74.8734 50.0000 36.9430 41.2664 50.3819
18065.0000 0.0301 74.4923 50.0000 37.2078 41.2244 49.6510
18066.0000 0.0277 74.2715 50.0000 37.1741 41.4142 49.1855
18067.0000 0.0293 73.9105 50.0000 36.8377 41.1366 49.1276
18068.0000 0.0275 74.0065 50.0000 37.0570 41.2788 48.9878
18069.0000 0.0294 73.9236 50.0000 36.4229 41.6985 48.9827
18070.0000 0.0253 73.6777 50.0000 36.3950 42.2363 48.1655
18071.0000 0.0288 74.1746 50.0000 36.4525 42.0854 49.0092
18072.0000 0.0293 73.8432 50.0000 36.3729 41.6928 48.9035
18073.0000 0.0302 73.6261 50.0000 36.0001 41.7923 48.7668
18074.0000 0.0317 73.6797 50.0000 35.6857 42.0506 48.8567
18075.0000 0.0297 73.5171 50.0000 35.5318 42.4724 48.3565
18076.0000 0.0295 73.3805 50.0000 35.6489 42.1428 48.3512
18077.0000 0.0281 73.5613 50.0000 36.1133 41.9406 48.4570
18078.0000 0.0298 73.5611 50.0000 36.1947 41.4950 48.7785
18079.0000 0.0292 73.4586 50.0000 36.2528 41.3926 48.6679
18080.0000 0.0270 73.2879 50.0000 36.3150 41.4998 48.2711
18081.0000 0.0320 73.6047 50.0000 35.6916 41.8859 48.8808
18082.0000 0.0316 73.4462 50.0000 35.4538 42.1250 48.6092
18083.0000 0.0329 73.8420 50.0000 35.3755 42.5260 48.9159
18084.0000 0.0283 73.8912 50.0000 36.4645 41.8089 48.8084
18085.0000 0.0268 74.0157 50.0000 36.2872 42.5327 48.5030
18086.0000 0.0229 74.0120 50.0000 36.4540 43.1811 47.7941
18087.0000 0.0174 73.6227 50.0000 37.5861 42.0939 47.2831
18088.0000 0.0161 73.9361 50.0000 38.0814 42.0860 47.3827
18089.0000 0.0150 73.9462 50.0000 38.0563 42.4283 47.1126
18090.0000 0.0132 74.1695 50.0000 38.7884 42.0848 47.1747
18091.0000 0.0159 74.3620 50.0000 38.3408 42.3189 47.6320
18092.0000 0.0205 74.1750 50.0000 37.6506 42.0022 48.1682
18093.0000 0.0180 74.2416 50.0000 37.7111 42.5916 47.7036
18094.0000 0.0209 74.5144 50.0000 37.5521 42.5214 48.3132
18095.0000 0.0248 74.3719 50.0000 37.0640 42.2344 48.7205
18096.0000 0.0279 74.1174 50.0000 37.0589 41.3346 49.1068
18097.0000 0.0366 74.2074 50.0000 36.5779 40.6882 50.1325
18098.0000 0.0384 74.2444 50.0000 36.3168 40.7871 50.2965
18099.0000 0.0370 74.2281 50.0000 36.4769 40.7713 50.1691
18100.0000 0.0352 74.2435 50.0000 36.6267 40.8699 50.0023
18101.0000 0.0335 74.2694 50.0000 36.8090 40.9371 49.8517
18102.0000 0.0342 74.7729 50.0000 36.3704 41.9940 50.0468
18103.0000 0.0331 74.7824 50.0000 36.5207 41.9814 49.9621
18104.0000 0.0319 74.6080 50.0000 36.3128 42.2836 49.5966
18105.0000 0.0298 74.3870 50.0000 36.3372 42.3485 49.1897
18106.0000 0.0341 74.7375 50.0000 36.7500 41.4601 50.1617
18107.0000 0.0272 74.4387 50.0000 36.9639 41.9834 49.1141
18108.0000 0.0283 74.3314 50.0000 36.4793 42.3479 49.0007
18109.0000 0.0334 74.5420 50.0000 35.9664 42.4238 49.6302
18110.0000 0.0335 73.9763 50.0000 36.0551 41.5672 49.4439
18111.0000 0.0367 74.2468 50.0000 35.6767 41.8978 49.8431
18112.0000 0.0393 73.9420 50.0000 35.2144 41.7562 49.8376
18113.0000 0.0349 73.9389 50.0000 35.9054 41.5050 49.5489
18114.0000 0.0250 73.3173 50.0000 36.5397 41.5892 48.0688
18115.0000 0.0296 73.3245 50.0000 36.0550 41.4219 48.5874
18116.0000 0.0241 73.4633 50.0000 36.7786 41.6129 48.0891
18117.0000 0.0232 73.1222 50.0000 36.6793 41.4942 47.7464
18118.0000 0.0252 73.1346 50.0000 36.7278 41.0484 48.1120
18119.0000 0.0250 73.4388 50.0000 36.6376 41.6107 48.1611
18120.0000 0.0237 73.3763 50.0000 36.7232 41.6622 47.9557
18121.0000 0.0259 73.1428 50.0000 36.6104 41.0931 48.1757
18122.0000 0.0237 73.1944 50.0000 36.7028 41.4543 47.8735
18123.0000 0.0235 73.1616 50.0000 37.0730 40.9360 47.9838
18124.0000 0.0203 72.8934 50.0000 37.2990 40.9000 47.4282
18125.0000 0.0127 72.4404 50.0000 37.8245 41.3298 45.9213
18126.0000 0.0158 72.3269 50.0000 37.7617 40.5192 46.5126
18127.0000 0.0199 72.5837 50.0000 37.1204 40.8498 47.1356
18128.0000 0.0211 72.8986 50.0000 37.1559 40.9591 47.4973
18129.0000 0.0182 72.8012 50.0000 37.2779 41.2551 46.9935
18130.0000 0.0147 72.5878 50.0000 37.6916 41.1944 46.3828
18131.0000 0.0170 72.7085 50.0000 37.2216 41.5031 46.6752
18132.0000 0.0176 72.6807 50.0000 37.0347 41.6071 46.6879
18133.0000 0.0198 72.6426 50.0000 36.4756 41.9423 46.7688
18134.0000 0.0166 72.9164 50.0000 37.1977 41.9344 46.6331
18135.0000 0.0228 73.1553 50.0000 36.6666 41.6405 47.6795
18136.0000 0.0232 73.3152 50.0000 36.7024 41.7194 47.8283
18137.0000 0.0188 73.1984 50.0000 37.1687 41.8128 47.2036
18138.0000 0.0197 73.2463 50.0000 37.5187 41.1738 47.5613
18139.0000 0.0220 72.9184 50.0000 36.7435 41.3890 47.4759
18140.0000 0.0190 72.8482 50.0000 37.0799 41.4384 47.0617
18141.0000 0.0215 73.0840 50.0000 37.1240 41.1534 47.6390
18142.0000 0.0154 73.3515 50.0000 37.9750 41.6149 46.9737
18143.0000 0.0178 73.4815 50.0000 37.8922 41.3589 47.4673
18144.0000 0.0208 73.3372 50.0000 37.2080 41.4954 47.6660
18145.0000 0.0186 73.0499 50.0000 37.3109 41.4485 47.1827
18146.0000 0.0216 73.2428 50.0000 36.9376 41.5921 47.6468
18147.0000 0.0242 73.2115 50.0000 36.5647 41.5803 47.8960
18148.0000 0.0193 73.1105 50.0000 36.9587 41.9095 47.1467
18149.0000 0.0176 72.9868 50.0000 37.5859 41.2010 47.0834
18150.0000 0.0186 73.0507 50.0000 38.0696 40.4373 47.4546
18151.0000 0.0196 73.1080 50.0000 37.8614 40.5671 47.5985
18152.0000 0.0194 73.0087 50.0000 37.9438 40.3867 47.5337
18153.0000 0.0179 72.7669 50.0000 37.7533 40.6207 47.1134
18154.0000 0.0154 72.6429 50.0000 37.8178 40.9142 46.6137
18155.0000 0.0123 72.1994 50.0000 38.3363 40.3972 45.9472
18156.0000 0.0091 72.3743 50.0000 38.8978 40.7010 45.4800
18157.0000 0.0064 72.1021 50.0000 39.2575 40.6728 44.7581
18158.0000 0.0072 72.0540 50.0000 39.3514 40.2817 44.9514
18159.0000 0.0085 72.2673 50.0000 38.8710 40.7560 45.2830
18160.0000 0.0126 72.2091 50.0000 38.1318 40.6064 45.9482
18161.0000 0.0149 72.2570 50.0000 38.0006 40.3080 46.3929
18162.0000 0.0125 72.2035 50.0000 37.8634 40.9876 45.8228
18163.0000 0.0146 72.1253 50.0000 37.7083 40.5919 46.1784
18164.0000 0.0137 72.2695 50.0000 38.0037 40.5933 46.1604
18165.0000 0.0126 72.0370 50.0000 38.3750 40.0873 45.9314
18166.0000 0.0194 72.4277 50.0000 37.8303 39.8369 47.1981
18167.0000 0.0175 72.4639 50.0000 38.2174 39.7722 46.9961
18168.0000 0.0158 72.4714 50.0000 38.6292 39.6329 46.7880
18169.0000 0.0143 72.5192 50.0000 38.7111 39.8989 46.5678
18170.0000 0.0165 73.0207 50.0000 38.6851 40.0833 47.2103
18171.0000 0.0147 72.7805 50.0000 38.9203 39.8809 46.8159
18172.0000 0.0137 72.8751 50.0000 38.6689 40.4818 46.6553
18173.0000 0.0148 72.7668 50.0000 38.6911 40.1097 46.7891
18174.0000 0.0214 72.8516 50.0000 38.0236 39.7629 47.7543
18175.0000 0.0151 72.3531 50.0000 38.5386 39.7431 46.5857
18176.0000 0.0180 72.5424 50.0000 38.3124 39.6622 47.1325
18177.0000 0.0211 72.3035 50.0000 38.1671 39.0333 47.4075
18178.0000 0.0207 72.4840 50.0000 37.9854 39.4955 47.4463
18179.0000 0.0235 72.3862 50.0000 37.6675 39.2963 47.7150
18180.0000 0.0207 71.9144 50.0000 36.7287 40.3675 46.8311
18181.0000 0.0218 72.0131 50.0000 36.6286 40.4141 47.0206
18182.0000 0.0165 71.9716 50.0000 37.0653 40.8622 46.2207
18183.0000 0.0160 71.9541 50.0000 37.0337 41.0022 46.0946
18184.0000 0.0162 72.1484 50.0000 37.1772 41.0000 46.2844
18185.0000 0.0150 72.5309 50.0000 37.6322 41.1242 46.4041
18186.0000 0.0170 72.5238 50.0000 37.1382 41.3793 46.5640
18187.0000 0.0192 72.6397 50.0000 37.1821 40.9716 47.0673
18188.0000 0.0167 72.6781 50.0000 37.1864 41.5849 46.5830
18189.0000 0.0178 72.6240 50.0000 37.5042 40.7963 46.9398
18190.0000 0.0175 72.5841 50.0000 37.3975 40.9686 46.8129
18191.0000 0.0161 72.7304 50.0000 37.7453 40.9767 46.7536
18192.0000 0.0182 72.6901 50.0000 37.5945 40.6877 47.0640
18193.0000 0.0201 72.8680 50.0000 37.2985 40.9231 47.3695
18194.0000 0.0174 72.6372 50.0000 37.4629 40.9522 46.8574
18195.0000 0.0142 72.7333 50.0000 38.0086 41.0637 46.4678
18196.0000 0.0182 72.7264 50.0000 37.6815 40.6185 47.1102
18197.0000 0.0167 72.7635 50.0000 37.7205 40.9231 46.8720
18198.0000 0.0146 72.8660 50.0000 37.7162 41.5572 46.4752
18199.0000 0.0158 73.0065 50.0000 37.5889 41.6382 46.7256
18200.0000 0.0182 72.9182 50.0000 36.9739 41.8870 46.8559
18201.0000 0.0190 72.8504 50.0000 37.0083 41.5525 47.0208
18202.0000 0.0194 72.7695 50.0000 37.0376 41.2999 47.0950
18203.0000 0.0216 72.8546 50.0000 37.1855 40.7642 47.5743
18204.0000 0.0202 72.5115 50.0000 36.4778 41.6439 46.8303
18205.0000 0.0180 72.2185 50.0000 36.5371 41.6767 46.2992
18206.0000 0.0185 72.1736 50.0000 36.5883 41.4100 46.4278
18207.0000 0.0215 72.2916 50.0000 36.6614 40.7940 47.0942
18208.0000 0.0236 72.7818 50.0000 36.4142 41.3645 47.5414
18209.0000 0.0246 72.9872 50.0000 36.2381 41.6935 47.7031
18210.0000 0.0270 73.3320 50.0000 36.5775 41.1684 48.4235
18211.0000 0.0238 73.4064 50.0000 36.6141 41.8402 47.9303
18212.0000 0.0231 73.1713 50.0000 36.8347 41.3528 47.8246
18213.0000 0.0204 73.1235 50.0000 37.3479 41.1122 47.5602
18214.0000 0.0206 73.1335 50.0000 37.1643 41.3410 47.5209
18215.0000 0.0165 73.0463 50.0000 37.6101 41.4841 46.9075
18216.0000 0.0198 73.0402 50.0000 37.4160 41.0416 47.4394
18217.0000 0.0221 72.5742 50.0000 36.8425 40.7851 47.3944
18218.0000 0.0237 72.5431 50.0000 36.1124 41.4837 47.3022
18219.0000 0.0221 72.3384 50.0000 36.1116 41.5530 46.9271
18220.0000 0.0246 72.2947 50.0000 36.3398 40.6512 47.4703
18221.0000 0.0247 72.0809 50.0000 36.3272 40.3698 47.3949
18222.0000 0.0260 72.3998 50.0000 36.4558 40.3619 47.7872
18223.0000 0.0294 72.3831 50.0000 36.1333 40.2032 48.1393
18224.0000 0.0337 72.8665 50.0000 35.9270 40.3571 48.8883
18225.0000 0.0306 72.5652 50.0000 36.3115 39.9945 48.4523
18226.0000 0.0268 72.2590 50.0000 36.5573 39.9326 47.8571
18227.0000 0.0224 72.3651 50.0000 37.6066 39.5092 47.5550
18228.0000 0.0266 72.5219 50.0000 37.2250 39.4694 48.1237
18229.0000 0.0319 72.8176 50.0000 36.9363 39.3429 48.8901
18230.0000 0.0284 72.7070 50.0000 37.3145 39.3014 48.4699
18231.0000 0.0212 72.6402 50.0000 37.9062 39.6871 47.5885
18232.0000 0.0177 72.8195 50.0000 38.1820 40.1907 47.2179
18233.0000 0.0163 73.1900 50.0000 38.7953 40.1775 47.3019
18234.0000 0.0153 72.6797 50.0000 38.7478 39.8457 46.8324
18235.0000 0.0213 72.7447 50.0000 38.0828 39.5806 47.6955
18236.0000 0.0216 72.9335 50.0000 37.5622 40.3645 47.7398
18237.0000 0.0185 73.2800 50.0000 38.1331 40.6484 47.5766
18238.0000 0.0238 73.8234 50.0000 37.7091 40.8585 48.5644
18239.0000 0.0193 73.7617 50.0000 38.0015 41.2460 47.9107
18240.0000 0.0182 74.0023 50.0000 37.9849 41.8189 47.7982
18241.0000 0.0199 73.8770 50.0000 37.8406 41.4812 48.0126
18242.0000 0.0211 73.3286 50.0000 37.6438 40.8321 47.8828
18243.0000 0.0179 73.0772 50.0000 37.8995 40.8131 47.3094
18244.0000 0.0174 72.7294 50.0000 37.7823 40.6481 47.0085
18245.0000 0.0204 72.8778 50.0000 37.6541 40.4102 47.5432
18246.0000 0.0183 72.8073 50.0000 38.0313 40.2426 47.2764
18247.0000 0.0220 73.1311 50.0000 37.3555 40.8076 47.8275
18248.0000 0.0180 73.0081 50.0000 38.0042 40.5770 47.3219
18249.0000 0.0164 73.0442 50.0000 38.0176 40.9397 47.0537
18250.0000 0.0224 73.4917 50.0000 37.5340 40.9341 48.1315
18251.0000 0.0234 73.4094 50.0000 37.6510 40.5075 48.2751
18252.0000 0.0282 73.9203 50.0000 36.6809 41.5501 48.9113
18253.0000 0.0290 73.8662 50.0000 36.6635 41.3610 49.0027
18254.0000 0.0318 73.8206 50.0000 36.3410 41.2793 49.2426
18255.0000 0.0318 73.7549 50.0000 36.0110 41.6383 49.0840
18256.0000 0.0266 73.4652 50.0000 36.5573 41.4522 48.3985
18257.0000 0.0239 73.1590 50.0000 36.4444 41.7487 47.7608
18258.0000 0.0295 73.2897 50.0000 35.7517 41.8544 48.3881
18259.0000 0.0258 72.9592 50.0000 35.5794 42.4920 47.4509
18260.0000 0.0263 72.9978 50.0000 35.4343 42.7078 47.4251
18261.0000 0.0298 73.1552 50.0000 35.0804 42.7275 47.9104
18262.0000 0.0262 73.0383 50.0000 35.5559 42.5597 47.5294
18263.0000 0.0270 73.0144 50.0000 35.4074 42.5961 47.5708
18264.0000 0.0283 73.1566 50.0000 35.5248 42.2918 47.9716
18265.0000 0.0292 73.1459 50.0000 35.4769 42.1599 48.1068
18266.0000 0.0382 73.3378 50.0000 34.7191 41.9037 49.1639
18267.0000 0.0370 73.4946 50.0000 34.9853 41.8997 49.2128
18268.0000 0.0317 73.4480 50.0000 35.8322 41.5403 48.8372
18269.0000 0.0357 73.5324 50.0000 35.6891 41.1650 49.3837
18270.0000 0.0302 73.4233 50.0000 36.0844 41.4032 48.7306
18271.0000 0.0287 73.4812 50.0000 36.2522 41.5081 48.6039
18272.0000 0.0388 73.7719 50.0000 35.5753 41.1235 49.8553
18273.0000 0.0377 73.9623 50.0000 36.2493 40.6446 50.0443
18274.0000 0.0338 73.7278 50.0000 36.1258 41.1187 49.3960
18275.0000 0.0329 73.8120 50.0000 35.9100 41.6692 49.2176
18276.0000 0.0325 73.9474 50.0000 35.9687 41.8351 49.2371
18277.0000 0.0386 74.2301 50.0000 35.8609 41.3214 50.1662
18278.0000 0.0329 74.0236 50.0000 36.3670 41.2979 49.5118
18279.0000 0.0396 74.1666 50.0000 35.6443 41.3830 50.1759
18280.0000 0.0410 74.1557 50.0000 35.9179 40.8190 50.4261
18281.0000 0.0394 74.2208 50.0000 36.0581 40.9448 50.3195
18282.0000 0.0408 73.9824 50.0000 35.7747 40.8194 50.2726
18283.0000 0.0436 74.2278 50.0000 36.3291 40.0550 50.8484
18284.0000 0.0438 74.4052 50.0000 36.4125 40.1224 50.9946
18285.0000 0.0454 74.3082 50.0000 36.1712 40.1001 51.0425
18286.0000 0.0451 74.3957 50.0000 36.2628 40.1258 51.0848
18287.0000 0.0479 74.3453 50.0000 36.0249 39.9996 51.2783
18288.0000 0.0536 74.4608 50.0000 35.7460 39.7591 51.8252
18289.0000 0.0521 74.6706 50.0000 35.6860 40.2384 51.7984
18290.0000 0.0480 74.4669 50.0000 36.0693 40.0668 51.3710
18291.0000 0.0443 74.1214 50.0000 36.1155 40.0942 50.8144
18292.0000 0.0487 74.3688 50.0000 35.7881 40.1975 51.3233
18293.0000 0.0511 74.4279 50.0000 35.6479 40.1351 51.5550
18294.0000 0.0496 74.4157 50.0000 35.9890 39.9004 51.4825
18295.0000 0.0486 74.7515 50.0000 35.9336 40.4634 51.5682
18296.0000 0.0539 75.2265 50.0000 35.9472 40.3219 52.3542
18297.0000 0.0491 75.1881 50.0000 35.8755 40.9619 51.8489
18298.0000 0.0483 75.1570 50.0000 35.9706 40.9122 51.7771
18299.0000 0.0462 75.2800 50.0000 35.5371 41.8845 51.4770
18300.0000 0.0494 75.1632 50.0000 35.0937 41.8782 51.6154
18301.0000 0.0474 75.0187 50.0000 35.2477 41.7921 51.3694
18302.0000 0.0504 75.0240 50.0000 35.1998 41.4477 51.6881
18303.0000 0.0490 75.2227 50.0000 35.3582 41.6553 51.7019
18304.0000 0.0438 74.7209 50.0000 35.5495 41.5513 50.9208
18305.0000 0.0451 75.1677 50.0000 35.5256 41.9312 51.2824
18306.0000 0.0524 75.3934 50.0000 35.4449 41.2955 52.1776
18307.0000 0.0470 75.1915 50.0000 35.4233 41.8122 51.4849
18308.0000 0.0435 75.0497 50.0000 36.0736 41.3071 51.2335
18309.0000 0.0430 74.6358 50.0000 35.9928 41.0050 50.9274
18310.0000 0.0330 74.4074 50.0000 36.5791 41.4684 49.7876
18311.0000 0.0345 74.5161 50.0000 36.5787 41.3638 50.0368
18312.0000 0.0336 74.5321 50.0000 36.6089 41.4847 49.9385
18313.0000 0.0334 74.6686 50.0000 36.3643 42.0137 49.8787
18314.0000 0.0347 74.8397 50.0000 36.6053 41.6856 50.2329
18315.0000 0.0308 74.6522 50.0000 37.1055 41.4366 49.7910
18316.0000 0.0265 74.4454 50.0000 37.4033 41.5316 49.1756
18317.0000 0.0298 74.5657 50.0000 37.6906 40.7558 49.7839
18318.0000 0.0316 75.0258 50.0000 37.6543 41.0663 50.2453
18319.0000 0.0337 75.1353 50.0000 37.6579 40.8665 50.5681
18320.0000 0.0271 74.7812 50.0000 38.0639 40.9857 49.6341
18321.0000 0.0244 74.4931 50.0000 38.4215 40.6818 49.1732
18322.0000 0.0297 74.3756 50.0000 37.7847 40.4438 49.6824
18323.0000 0.0328 74.4958 50.0000 37.8666 40.0311 50.1324
18324.0000 0.0340 74.6297 50.0000 38.0325 39.8407 50.3571
18325.0000 0.0381 74.8479 50.0000 37.9575 39.6135 50.9138
18326.0000 0.0359 74.7788 50.0000 38.2924 39.4573 50.6822
18327.0000 0.0338 74.3916 50.0000 37.5799 40.1008 50.1377
18328.0000 0.0349 74.3164 50.0000 37.6177 39.8325 50.2116
18329.0000 0.0354 74.3559 50.0000 37.5031 39.9269 50.2809
18330.0000 0.0355 74.4113 50.0000 37.6788 39.7800 50.3478
18331.0000 0.0309 74.4478 50.0000 38.4399 39.6299 49.9431
18332.0000 0.0214 74.1197 50.0000 38.3684 40.8171 48.5342
18333.0000 0.0244 74.3575 50.0000 38.6004 40.3168 49.1286
18334.0000 0.0251 74.6563 50.0000 39.0487 40.0480 49.4461
18335.0000 0.0281 74.5712 50.0000 38.0202 40.6411 49.6349
18336.0000 0.0311 74.3430 50.0000 37.3087 40.7671 49.7292
18337.0000 0.0336 74.2525 50.0000 36.9849 40.6795 49.9071
18338.0000 0.0313 74.4649 50.0000 37.6676 40.4435 49.9050
18339.0000 0.0339 74.5805 50.0000 37.2977 40.6328 50.2007
18340.0000 0.0315 74.5900 50.0000 37.6260 40.6070 49.9902
18341.0000 0.0307 74.6707 50.0000 37.8398 40.5686 49.9805
18342.0000 0.0296 74.4835 50.0000 38.1431 40.1757 49.7877
18343.0000 0.0302 74.5187 50.0000 37.6356 40.7051 49.7965
18344.0000 0.0278 74.2098 50.0000 37.5908 40.7933 49.2944
18345.0000 0.0233 74.4019 50.0000 38.0771 41.1819 48.8858
18346.0000 0.0224 74.5117 50.0000 38.2758 41.2258 48.8610
18347.0000 0.0173 74.1275 50.0000 39.0311 40.7988 48.0304
18348.0000 0.0160 74.5103 50.0000 39.3441 41.1408 48.0755
18349.0000 0.0183 74.6020 50.0000 38.9535 41.2632 48.4296
18350.0000 0.0150 74.0923 50.0000 39.1321 41.1000 47.6354
18351.0000 0.0168 74.3493 50.0000 39.0758 41.1111 48.0706
18352.0000 0.0162 74.4065 50.0000 39.3218 41.0024 48.0513
18353.0000 0.0167 74.3205 50.0000 39.3086 40.8241 48.0808
18354.0000 0.0145 74.3030 50.0000 39.2634 41.3017 47.6810
18355.0000 0.0129 74.7312 50.0000 39.4720 41.9223 47.6364
18356.0000 0.0114 74.5692 50.0000 39.9131 41.5412 47.3480
18357.0000 0.0085 74.2228 50.0000 40.2464 41.4498 46.5956
18358.0000 0.0083 74.6929 50.0000 40.6271 41.6313 46.8540
18359.0000 0.0061 74.5508 50.0000 40.7686 41.9494 46.2168
18360.0000 0.0073 74.4034 50.0000 40.9111 41.2516 46.4806
18361.0000 0.0072 74.1196 50.0000 40.3082 41.6450 46.2024
18362.0000 0.0070 74.5852 50.0000 40.7811 41.6831 46.5013
18363.0000 0.0089 74.8254 50.0000 40.6644 41.5966 47.0635
18364.0000 0.0090 75.0950 50.0000 40.6092 41.9488 47.2276
18365.0000 0.0116 75.3116 50.0000 40.3681 41.8264 47.8832
18366.0000 0.0152 75.7063 50.0000 40.3909 41.4806 48.7790
18367.0000 0.0155 75.4580 50.0000 39.3742 42.3582 48.4703
18368.0000 0.0114 75.2243 50.0000 39.8889 42.3763 47.6636
18369.0000 0.0102 75.3619 50.0000 40.7828 41.7633 47.6656
18370.0000 0.0090 75.1278 50.0000 41.0271 41.5052 47.3105
18371.0000 0.0123 75.0744 50.0000 40.1748 41.6253 47.8486
18372.0000 0.0138 74.7978 50.0000 40.2086 40.9441 47.9746
18373.0000 0.0133 74.6089 50.0000 39.9331 41.1448 47.7383
18374.0000 0.0142 74.6965 50.0000 40.2217 40.7441 47.9761
18375.0000 0.0148 74.5299 50.0000 40.1608 40.5040 47.9713
18376.0000 0.0188 74.8448 50.0000 39.4459 40.8734 48.7353
18377.0000 0.0231 74.9929 50.0000 38.8015 41.0349 49.3409
18378.0000 0.0199 74.4508 50.0000 39.2326 40.4664 48.6435
18379.0000 0.0212 74.8145 50.0000 39.2599 40.6308 49.0409
18380.0000 0.0189 74.8802 50.0000 39.6718 40.6396 48.8019
18381.0000 0.0185 74.7299 50.0000 39.4674 40.7664 48.6311
18382.0000 0.0180 74.8293 50.0000 39.9095 40.5063 48.6405
18383.0000 0.0212 75.0614 50.0000 39.9031 40.2195 49.2376
18384.0000 0.0232 75.0623 50.0000 39.0161 40.8487 49.4315
18385.0000 0.0218 75.1618 50.0000 39.3292 40.8377 49.3436
18386.0000 0.0226 74.8936 50.0000 39.1497 40.6045 49.2709
18387.0000 0.0266 74.8241 50.0000 39.0012 40.0596 49.7270
18388.0000 0.0260 74.6647 50.0000 39.2076 39.7530 49.5709
18389.0000 0.0224 74.9467 50.0000 38.9086 40.9649 49.2443
18390.0000 0.0243 74.8948 50.0000 38.4905 41.0843 49.3943
18391.0000 0.0233 75.0457 50.0000 38.9878 40.8370 49.4384
18392.0000 0.0227 74.9250 50.0000 38.8840 40.9290 49.2607
18393.0000 0.0229 74.9326 50.0000 38.5150 41.3338 49.2240
18394.0000 0.0246 74.7162 50.0000 38.3519 40.9803 49.3179
18395.0000 0.0239 74.7571 50.0000 38.4625 41.0141 49.2657
18396.0000 0.0194 74.7051 50.0000 39.1998 40.8812 48.7130
18397.0000 0.0266 74.4461 50.0000 38.6692 40.0032 49.4638
18398.0000 0.0210 74.3147 50.0000 38.6354 40.7996 48.6350
18399.0000 0.0250 74.3459 50.0000 38.2395 40.6228 49.1409
18400.0000 0.0259 74.4014 50.0000 38.8550 39.8491 49.3753
18401.0000 0.0241 74.5430 50.0000 39.0797 40.0463 49.2517
18402.0000 0.0209 74.2695 50.0000 39.1463 40.1959 48.6602
18403.0000 0.0232 74.5848 50.0000 38.7179 40.6464 49.1089
18404.0000 0.0230 74.3473 50.0000 38.9435 40.1462 48.9817
18405.0000 0.0251 74.1887 50.0000 37.8324 40.9147 48.9761
18406.0000 0.0273 74.1927 50.0000 37.8406 40.5423 49.2846
18407.0000 0.0254 74.1238 50.0000 38.2164 40.3328 49.0623
18408.0000 0.0275 74.1009 50.0000 37.9839 40.2379 49.2857
18409.0000 0.0239 74.0076 50.0000 38.5215 40.1010 48.8378
18410.0000 0.0230 74.5271 50.0000 38.3569 41.0402 48.9769
18411.0000 0.0272 74.5872 50.0000 38.4672 40.2859 49.6042
18412.0000 0.0286 74.7968 50.0000 38.7469 39.9975 49.9345
18413.0000 0.0306 74.6211 50.0000 38.6179 39.6629 50.0382
18414.0000 0.0328 74.4865 50.0000 38.6081 39.2227 50.1920
18415.0000 0.0340 74.5544 50.0000 38.0698 39.7146 50.3170
18416.0000 0.0292 74.6411 50.0000 38.6161 39.8871 49.8909
18417.0000 0.0234 74.5832 50.0000 39.3691 39.8934 49.2061
18418.0000 0.0253 74.4078 50.0000 38.7841 40.0355 49.2897
18419.0000 0.0340 74.6999 50.0000 38.6765 39.2286 50.4511
18420.0000 0.0322 74.7278 50.0000 38.2352 39.9620 50.2528
18421.0000 0.0313 74.7265 50.0000 37.8482 40.5383 50.0820
18422.0000 0.0306 74.7311 50.0000 38.7251 39.6720 50.1122
18423.0000 0.0339 74.8769 50.0000 38.2442 39.8830 50.5301
18424.0000 0.0273 74.6221 50.0000 38.8318 39.9114 49.6752
18425.0000 0.0318 74.9742 50.0000 38.2421 40.2944 50.3492
18426.0000 0.0297 75.1124 50.0000 38.2874 40.7072 50.1883
18427.0000 0.0329 75.0227 50.0000 38.2230 40.2029 50.5087
18428.0000 0.0286 74.8254 50.0000 38.4586 40.3500 49.9165
18429.0000 0.0263 75.0570 50.0000 38.8677 40.5049 49.8218
18430.0000 0.0312 75.1385 50.0000 38.1346 40.6782 50.3670
18431.0000 0.0294 74.7316 50.0000 38.0115 40.6399 49.8833
18432.0000 0.0344 74.9344 50.0000 37.6728 40.5219 50.5361
18433.0000 0.0326 74.7455 50.0000 37.6556 40.5806 50.2211
18434.0000 0.0342 75.1018 50.0000 37.7811 40.6119 50.6315
18435.0000 0.0371 75.5165 50.0000 38.2779 40.1109 51.2704
18436.0000 0.0342 75.0086 50.0000 37.9824 40.2781 50.6094
18437.0000 0.0413 74.9927 50.0000 37.6129 39.7254 51.2940
18438.0000 0.0371 74.8921 50.0000 37.6653 40.1066 50.8096
18439.0000 0.0415 74.8916 50.0000 37.5976 39.6157 51.2423
18440.0000 0.0362 74.6126 50.0000 37.5320 40.0712 50.5241
18441.0000 0.0429 74.4591 50.0000 37.0849 39.5391 51.0444
18442.0000 0.0386 74.3165 50.0000 37.8347 39.1038 50.6198
18443.0000 0.0432 74.2494 50.0000 37.5258 38.8010 50.9831
18444.0000 0.0451 74.3813 50.0000 37.3816 38.8649 51.2319
18445.0000 0.0484 74.2530 50.0000 37.1971 38.5456 51.4211
18446.0000 0.0464 74.4536 50.0000 37.5613 38.5997 51.4057
18447.0000 0.0487 74.1276 50.0000 37.4790 38.0815 51.3811
18448.0000 0.0503 74.0314 50.0000 37.2416 38.0539 51.4355
18449.0000 0.0491 74.2438 50.0000 37.3999 38.2481 51.4827
18450.0000 0.0478 74.0263 50.0000 37.6757 37.8804 51.2397
18451.0000 0.0445 73.9893 50.0000 37.6176 38.2764 50.9339
18452.0000 0.0468 74.1581 50.0000 37.3506 38.4696 51.2293
18453.0000 0.0421 74.3126 50.0000 37.5443 38.9798 50.9251
18454.0000 0.0413 74.1919 50.0000 37.5948 38.8917 50.7789
18455.0000 0.0345 73.7422 50.0000 37.9810 38.8646 49.8488
18456.0000 0.0311 74.0515 50.0000 38.2857 39.3362 49.7040
18457.0000 0.0304 74.0398 50.0000 38.7617 38.9206 49.6448
18458.0000 0.0297 74.0363 50.0000 38.8187 38.9552 49.5679
18459.0000 0.0354 74.2383 50.0000 38.4735 38.7611 50.2860
18460.0000 0.0352 74.0952 50.0000 38.3255 38.7924 50.1637
18461.0000 0.0319 74.1218 50.0000 38.4553 39.1168 49.8508
18462.0000 0.0296 73.9013 50.0000 38.0631 39.6182 49.4267
18463.0000 0.0266 73.6648 50.0000 38.2260 39.6188 48.9451
18464.0000 0.0252 73.6539 50.0000 38.3375 39.6942 48.7803
18465.0000 0.0284 73.8957 50.0000 37.9655 39.8934 49.2718
18466.0000 0.0352 74.1114 50.0000 37.5253 39.6650 50.1103
18467.0000 0.0359 73.9565 50.0000 37.0808 39.8924 50.0317
18468.0000 0.0438 74.5463 50.0000 36.6097 40.0471 51.1186
18469.0000 0.0434 74.4543 50.0000 37.2266 39.3138 51.1083
18470.0000 0.0372 74.3535 50.0000 37.5127 39.6728 50.4709
18471.0000 0.0355 74.0172 50.0000 37.3025 39.7686 50.0553
18472.0000 0.0386 73.9195 50.0000 36.7589 39.8574 50.2421
18473.0000 0.0433 74.0442 50.0000 36.7386 39.4241 50.7796
18474.0000 0.0355 73.7888 50.0000 37.5006 39.2942 49.9446
18475.0000 0.0312 73.8705 50.0000 37.8333 39.6110 49.5627
18476.0000 0.0334 74.0075 50.0000 37.6787 39.6215 49.8754
18477.0000 0.0318 74.0609 50.0000 37.0195 40.6826 49.5934
18478.0000 0.0330 74.2702 50.0000 36.9460 40.8414 49.8301
18479.0000 0.0295 74.2554 50.0000 37.6239 40.5274 49.5564
18480.0000 0.0361 74.6722 50.0000 37.1694 40.5753 50.4779
18481.0000 0.0282 74.1948 50.0000 36.7599 41.7862 49.0661
18482.0000 0.0294 73.8292 50.0000 36.3970 41.6258 48.9214
18483.0000 0.0251 73.7913 50.0000 36.7950 41.8103 48.4064
18484.0000 0.0238 73.6248 50.0000 37.0523 41.4918 48.2305
18485.0000 0.0255 73.8514 50.0000 37.0410 41.4623 48.6095
18486.0000 0.0268 73.8444 50.0000 36.7009 41.6933 48.6591
18487.0000 0.0312 73.8515 50.0000 36.2559 41.5251 49.1449
18488.0000 0.0293 73.9773 50.0000 36.7505 41.3283 49.1327
18489.0000 0.0245 73.9511 50.0000 37.2900 41.4353 48.5936
18490.0000 0.0237 74.1105 50.0000 37.2040 41.8983 48.5053
18491.0000 0.0245 74.2260 50.0000 36.6314 42.7900 48.3390
18492.0000 0.0265 74.2111 50.0000 36.2083 43.0155 48.4346
18493.0000 0.0279 74.0489 50.0000 36.2597 42.3959 48.6936
18494.0000 0.0315 74.5296 50.0000 35.7589 43.1181 49.1610
18495.0000 0.0327 74.5608 50.0000 35.4055 43.5174 49.1122
18496.0000 0.0316 74.4676 50.0000 36.0136 42.6080 49.3255
18497.0000 0.0288 74.4648 50.0000 36.2547 42.7728 49.0009
18498.0000 0.0306 74.5773 50.0000 36.0448 42.8889 49.2249
18499.0000 0.0277 74.3595 50.0000 36.4221 42.5890 48.8769
18500.0000 0.0267 74.5974 50.0000 36.8042 42.5196 49.0134
18501.0000 0.0229 74.4942 50.0000 36.7233 43.4149 48.1240
18502.0000 0.0244 74.8797 50.0000 36.8110 43.4381 48.6317
18503.0000 0.0252 74.8450 50.0000 36.9531 42.9486 48.9046
18504.0000 0.0190 75.0882 50.0000 37.7376 43.5094 48.1772
18505.0000 0.0264 75.3604 50.0000 37.0212 43.2792 49.3510
18506.0000 0.0239 75.2351 50.0000 37.2129 43.3568 48.9460
18507.0000 0.0282 75.6005 50.0000 36.6578 43.8143 49.5173
18508.0000 0.0299 75.9086 50.0000 36.5814 43.9857 49.8917
18509.0000 0.0291 75.8870 50.0000 36.7734 43.8084 49.8736
18510.0000 0.0242 75.8432 50.0000 37.3931 43.8540 49.3028
18511.0000 0.0236 75.8705 50.0000 37.2873 44.2464 49.0739
18512.0000 0.0251 75.7557 50.0000 36.7767 44.6348 48.9299
18513.0000 0.0207 75.4887 50.0000 37.4027 44.2598 48.3803
18514.0000 0.0258 75.3300 50.0000 36.6377 44.0584 48.8993
18515.0000 0.0254 75.1885 50.0000 36.5802 44.0623 48.7208
18516.0000 0.0330 75.9906 50.0000 35.8545 44.7051 49.9047
18517.0000 0.0343 76.0623 50.0000 35.9355 44.3473 50.2735
18518.0000 0.0408 76.2589 50.0000 35.0285 44.8466 50.7663
18519.0000 0.0488 76.8441 50.0000 34.8986 44.3043 52.1942
18520.0000 0.0445 76.9284 50.0000 35.3428 44.4693 51.8781
18521.0000 0.0438 76.6266 50.0000 35.4116 44.1024 51.6976
18522.0000 0.0487 77.0118 50.0000 35.6922 43.3640 52.6921
18523.0000 0.0445 76.6967 50.0000 35.7122 43.6224 52.0010
18524.0000 0.0488 76.7518 50.0000 35.5960 43.1755 52.5323
18525.0000 0.0443 76.2462 50.0000 35.9159 42.8056 51.8768
18526.0000 0.0410 76.2156 50.0000 36.4856 42.5027 51.6831
18527.0000 0.0394 76.0637 50.0000 36.7151 42.2694 51.4877
18528.0000 0.0353 76.1828 50.0000 37.4879 42.0467 51.2889
18529.0000 0.0305 76.1099 50.0000 37.6578 42.5272 50.6561
18530.0000 0.0310 76.0221 50.0000 37.5800 42.4352 50.6592
18531.0000 0.0359 76.4653 50.0000 37.0025 42.9344 51.3263
18532.0000 0.0391 76.5401 50.0000 37.0646 42.4265 51.8130
18533.0000 0.0395 76.3989 50.0000 37.1072 42.1445 51.8043
18534.0000 0.0357 76.1562 50.0000 37.4645 41.9774 51.3232
18535.0000 0.0317 75.9179 50.0000 37.8210 41.8728 50.7914
18536.0000 0.0332 76.3210 50.0000 37.7246 42.2309 51.1692
18537.0000 0.0340 76.4926 50.0000 37.7194 42.3199 51.3556
18538.0000 0.0367 76.4730 50.0000 37.6953 41.9151 51.6750
18539.0000 0.0387 76.9847 50.0000 37.3888 42.5952 52.0995
18540.0000 0.0380 76.6040 50.0000 36.6627 43.2260 51.5319
18541.0000 0.0420 76.5428 50.0000 36.2605 43.0506 51.8712
18542.0000 0.0365 76.1568 50.0000 36.9117 42.5827 51.2259
18543.0000 0.0309 75.8619 50.0000 36.8336 43.3162 50.2197
18544.0000 0.0323 75.7152 50.0000 36.4653 43.4144 50.1823
18545.0000 0.0358 75.9463 50.0000 36.2940 43.3172 50.7367
18546.0000 0.0316 75.8184 50.0000 36.8451 43.0993 50.3321
18547.0000 0.0322 75.3507 50.0000 36.5290 42.8573 50.0661
18548.0000 0.0280 75.5553 50.0000 37.2394 42.8602 49.8481
18549.0000 0.0302 75.5253 50.0000 37.0838 42.6466 50.1012
18550.0000 0.0372 75.9412 50.0000 36.7128 42.4677 51.1441
18551.0000 0.0315 76.1132 50.0000 37.1951 42.9946 50.6084
18552.0000 0.0289 76.1952 50.0000 37.8045 42.7089 50.5221
18553.0000 0.0306 76.3076 50.0000 37.7859 42.5684 50.8233
18554.0000 0.0311 76.0792 50.0000 37.8434 42.1457 50.7904
18555.0000 0.0353 76.7110 50.0000 37.4809 42.6828 51.5551
18556.0000 0.0358 76.6026 50.0000 36.7524 43.4710 51.2591
18557.0000 0.0361 76.3767 50.0000 36.8745 42.9557 51.2686
18558.0000 0.0351 75.9751 50.0000 36.5293 43.1212 50.7779
18559.0000 0.0304 75.9192 50.0000 37.1846 42.9591 50.3543
18560.0000 0.0303 75.8503 50.0000 36.7369 43.5764 50.0477
18561.0000 0.0322 75.8922 50.0000 36.7137 43.2854 50.3796
18562.0000 0.0244 75.4889 50.0000 37.2171 43.5839 49.1316
18563.0000 0.0227 75.5920 50.0000 37.6024 43.4995 49.0714
18564.0000 0.0262 75.9829 50.0000 37.2582 43.7849 49.6801
18565.0000 0.0277 75.7231 50.0000 36.7722 43.9070 49.5376
18566.0000 0.0290 75.7890 50.0000 36.5601 44.0736 49.6472
18567.0000 0.0316 75.8033 50.0000 36.0877 44.3268 49.7890
18568.0000 0.0313 76.1740 50.0000 36.1695 44.7967 49.8748
18569.0000 0.0325 76.3137 50.0000 35.9630 45.1237 49.9430
18570.0000 0.0368 76.4883 50.0000 35.6562 44.9195 50.6096
18571.0000 0.0302 76.1484 50.0000 36.5351 44.3537 49.9651
18572.0000 0.0334 76.3171 50.0000 36.1470 44.5547 50.3246
18573.0000 0.0334 76.2173 50.0000 36.0041 44.6623 50.1802
18574.0000 0.0358 76.2994 50.0000 35.5312 45.1273 50.2260
18575.0000 0.0285 76.0951 50.0000 36.5251 44.7349 49.5497
18576.0000 0.0327 75.8231 50.0000 35.6212 45.0230 49.5298
18577.0000 0.0308 75.7783 50.0000 35.9092 44.8594 49.4015
18578.0000 0.0334 75.8316 50.0000 35.6645 44.7546 49.7545
18579.0000 0.0349 76.0996 50.0000 35.6417 44.8106 50.1280
18580.0000 0.0391 75.8436 50.0000 35.0396 44.5972 50.3544
18581.0000 0.0311 75.2458 50.0000 35.5127 44.7678 48.9554
18582.0000 0.0283 75.1378 50.0000 35.8275 44.7304 48.5929
18583.0000 0.0279 74.9797 50.0000 35.6681 45.0068 48.2092
18584.0000 0.0283 74.7652 50.0000 35.5586 44.7549 48.1915
18585.0000 0.0286 75.1906 50.0000 35.5930 45.3550 48.2669
18586.0000 0.0290 75.1629 50.0000 35.4500 45.5740 48.1225
18587.0000 0.0293 74.8137 50.0000 35.2761 45.2376 48.0233
18588.0000 0.0312 75.4175 50.0000 35.4809 45.1045 48.9334
18589.0000 0.0317 75.6397 50.0000 35.7381 44.7339 49.4270
18590.0000 0.0348 76.0320 50.0000 35.3465 45.3652 49.7342
18591.0000 0.0346 76.3073 50.0000 35.2572 46.1423 49.5038
18592.0000 0.0323 76.3277 50.0000 35.7347 45.7168 49.5876
18593.0000 0.0273 76.1325 50.0000 36.2625 45.7929 48.8283
18594.0000 0.0257 76.5925 50.0000 36.7563 45.9771 49.0050
18595.0000 0.0231 76.3825 50.0000 37.0942 45.7197 48.6623
18596.0000 0.0252 76.0586 50.0000 36.7402 45.2145 48.8950
18597.0000 0.0262 75.8044 50.0000 36.4214 45.1699 48.7798
18598.0000 0.0287 75.8368 50.0000 36.4452 44.4360 49.4814
18599.0000 0.0330 75.9445 50.0000 35.9741 44.4226 50.0008
18600.0000 0.0343 76.2014 50.0000 36.1973 44.1014 50.5121
18601.0000 0.0359 76.4591 50.0000 36.3494 43.8790 50.9837
18602.0000 0.0391 76.5076 50.0000 36.4280 43.2421 51.5416
18603.0000 0.0412 76.7423 50.0000 36.0786 43.6953 51.7537
18604.0000 0.0435 76.9482 50.0000 36.4414 43.0578 52.3361
18605.0000 0.0427 77.2085 50.0000 36.1513 43.9188 52.2052
18606.0000 0.0402 76.8927 50.0000 36.7791 43.0517 52.0225
18607.0000 0.0383 76.6487 50.0000 37.3249 42.3444 51.8538
18608.0000 0.0359 76.6929 50.0000 36.7825 43.5143 51.3358
18609.0000 0.0355 76.9212 50.0000 36.3835 44.5210 51.0979
18610.0000 0.0356 76.8920 50.0000 36.1976 44.7870 50.9533
18611.0000 0.0348 77.0707 50.0000 36.5279 44.6281 51.1267
18612.0000 0.0373 76.6838 50.0000 36.3261 43.9501 51.2758
18613.0000 0.0344 76.4496 50.0000 36.6561 43.6809 50.9200
18614.0000 0.0361 76.4708 50.0000 36.3817 43.8118 51.0362
18615.0000 0.0435 76.7276 50.0000 35.9613 43.4589 52.0119
18616.0000 0.0411 76.2338 50.0000 35.8943 43.3437 51.4248
18617.0000 0.0432 76.3062 50.0000 35.4902 43.6801 51.5279
18618.0000 0.0410 76.5157 50.0000 35.9428 43.6430 51.5563
18619.0000 0.0379 76.4573 50.0000 36.5042 43.2788 51.3820
18620.0000 0.0351 76.4097 50.0000 37.3182 42.5631 51.3241
18621.0000 0.0440 76.7420 50.0000 36.6089 42.5243 52.3527
18622.0000 0.0394 76.1652 50.0000 36.8798 42.1810 51.5925
18623.0000 0.0452 76.5806 50.0000 36.4094 42.4145 52.3446
18624.0000 0.0438 76.3725 50.0000 37.0078 41.6291 52.2513
18625.0000 0.0438 76.5579 50.0000 37.0783 41.7525 52.3741
18626.0000 0.0532 77.0977 50.0000 36.0355 42.3878 53.3740
18627.0000 0.0494 76.7963 50.0000 36.6764 41.7545 53.0008
18628.0000 0.0524 76.9053 50.0000 36.6488 41.5256 53.3564
18629.0000 0.0451 76.6892 50.0000 36.9952 41.8154 52.5743
18630.0000 0.0381 76.2350 50.0000 37.4152 41.7759 51.6396
18631.0000 0.0340 75.9661 50.0000 37.7634 41.6453 51.0925
18632.0000 0.0324 75.9993 50.0000 37.9527 41.6980 50.9584
18633.0000 0.0336 75.8811 50.0000 37.8462 41.5060 51.0182
18634.0000 0.0306 75.9204 50.0000 38.2505 41.5248 50.7591
18635.0000 0.0309 75.8664 50.0000 38.1701 41.5209 50.7422
18636.0000 0.0293 76.0313 50.0000 38.6052 41.4313 50.7331
18637.0000 0.0262 75.7893 50.0000 38.3440 41.9831 50.1116
18638.0000 0.0251 75.7188 50.0000 38.2116 42.2756 49.8597
18639.0000 0.0353 76.4871 50.0000 37.5941 42.2690 51.4809
18640.0000 0.0326 76.1678 50.0000 37.6749 42.2118 50.9931
18641.0000 0.0341 76.3074 50.0000 37.6855 42.1244 51.2655
18642.0000 0.0358 76.3609 50.0000 37.8668 41.7095 51.5501
18643.0000 0.0394 76.2632 50.0000 37.2646 41.8040 51.7672
18644.0000 0.0362 76.2532 50.0000 37.2386 42.3066 51.3612
18645.0000 0.0301 75.9927 50.0000 37.7973 42.2696 50.5918
18646.0000 0.0326 76.1372 50.0000 37.5030 42.3991 50.9187
18647.0000 0.0354 75.9339 50.0000 37.4928 41.7284 51.1761
18648.0000 0.0346 76.4003 50.0000 37.9225 41.8634 51.4427
18649.0000 0.0336 76.5866 50.0000 37.9473 42.2109 51.4174
18650.0000 0.0372 76.5322 50.0000 37.9050 41.6568 51.8179
18651.0000 0.0353 76.5891 50.0000 38.0680 41.8010 51.6661
18652.0000 0.0354 76.5510 50.0000 37.8191 42.0378 51.6003
18653.0000 0.0348 76.5831 50.0000 38.4821 41.3795 51.6899
18654.0000 0.0347 76.2311 50.0000 38.4810 41.0034 51.4695
18655.0000 0.0339 75.9953 50.0000 38.5282 40.7928 51.2524
18656.0000 0.0293 76.1395 50.0000 38.6255 41.5319 50.7976
18657.0000 0.0311 76.3502 50.0000 38.3923 41.7801 51.0863
18658.0000 0.0340 76.6110 50.0000 38.0927 41.9841 51.5319
18659.0000 0.0405 77.0967 50.0000 38.0590 41.6352 52.5540
18660.0000 0.0357 77.1459 50.0000 38.2966 42.1062 52.0762
18661.0000 0.0386 77.4417 50.0000 37.9916 42.3739 52.5195
18662.0000 0.0394 77.3750 50.0000 37.7227 42.5152 52.5009
18663.0000 0.0373 77.0734 50.0000 37.5871 42.6622 52.0332
18664.0000 0.0343 76.6380 50.0000 37.7366 42.4234 51.4742
18665.0000 0.0318 76.2182 50.0000 37.7273 42.3450 50.9192
18666.0000 0.0250 76.0897 50.0000 38.5273 42.3195 50.1432
18667.0000 0.0223 76.5049 50.0000 39.4284 42.1807 50.1915
18668.0000 0.0220 76.2117 50.0000 39.7861 41.4757 50.0505
18669.0000 0.0244 76.0913 50.0000 39.1028 41.7264 50.1972
18670.0000 0.0291 75.9284 50.0000 38.6959 41.2492 50.6582
18671.0000 0.0256 75.8028 50.0000 38.5666 41.8244 50.0940
18672.0000 0.0296 75.9020 50.0000 38.3072 41.5967 50.6299
18673.0000 0.0311 75.7069 50.0000 37.8183 41.7266 50.5985
18674.0000 0.0301 75.2599 50.0000 37.6276 41.6072 50.1702
18675.0000 0.0314 75.1960 50.0000 37.2699 41.7795 50.1982
18676.0000 0.0330 75.1492 50.0000 37.6971 40.9407 50.4994
18677.0000 0.0396 75.1134 50.0000 37.3091 40.4168 51.1521
18678.0000 0.0354 75.1350 50.0000 37.2787 41.0668 50.6861
18679.0000 0.0403 75.5538 50.0000 36.7137 41.5367 51.3342
18680.0000 0.0476 75.7068 50.0000 35.8949 41.7176 51.9877
18681.0000 0.0449 75.7784 50.0000 36.5875 41.3140 51.9314
18682.0000 0.0446 75.7382 50.0000 36.6565 41.2179 51.9005
18683.0000 0.0420 75.9522 50.0000 36.6641 41.8123 51.7321
18684.0000 0.0398 76.0511 50.0000 37.6265 41.0689 51.7819
18685.0000 0.0440 75.6809 50.0000 36.9732 40.8581 51.8768
18686.0000 0.0450 75.6990 50.0000 36.8376 40.9176 51.9527
18687.0000 0.0512 76.1824 50.0000 36.2249 41.3838 52.7152
18688.0000 0.0513 76.0133 50.0000 36.0465 41.3922 52.5867
18689.0000 0.0529 75.8892 50.0000 35.6175 41.5717 52.5582
18690.0000 0.0571 76.0276 50.0000 35.5024 41.3411 53.0160
18691.0000 0.0565 75.7825 50.0000 35.7014 40.9124 52.8638
18692.0000 0.0540 75.9748 50.0000 36.2516 40.7788 52.8686
18693.0000 0.0586 76.0553 50.0000 35.8790 40.7476 53.2611
18694.0000 0.0496 75.7716 50.0000 36.3901 40.9268 52.3650
18695.0000 0.0388 75.5292 50.0000 37.1085 41.2392 51.2538
18696.0000 0.0353 75.4122 50.0000 37.2659 41.4240 50.8164
18697.0000 0.0305 75.2293 50.0000 37.5693 41.5821 50.1889
18698.0000 0.0317 75.1122 50.0000 37.6868 41.1082 50.3156
18699.0000 0.0280 75.1498 50.0000 37.6873 41.7410 49.8483
18700.0000 0.0322 75.4556 50.0000 37.6109 41.5178 50.5494
18701.0000 0.0289 75.2806 50.0000 37.9098 41.4618 50.1092
18702.0000 0.0403 75.5713 50.0000 37.3321 40.8103 51.4962
18703.0000 0.0408 75.4142 50.0000 37.5688 40.2967 51.4982
18704.0000 0.0335 75.3289 50.0000 37.9445 40.7762 50.7145
18705.0000 0.0339 75.2380 50.0000 37.8561 40.7233 50.6882
18706.0000 0.0335 75.7630 50.0000 37.9318 41.2905 50.9539
18707.0000 0.0384 75.8673 50.0000 37.0186 41.7940 51.3685
18708.0000 0.0321 75.5741 50.0000 37.7036 41.5523 50.6290
18709.0000 0.0331 75.5869 50.0000 37.4268 41.7600 50.6824
18710.0000 0.0369 76.0389 50.0000 37.4737 41.6589 51.4020
18711.0000 0.0348 76.0274 50.0000 37.2870 42.1937 51.0836
18712.0000 0.0384 76.2013 50.0000 36.9424 42.2900 51.5117
18713.0000 0.0335 75.8687 50.0000 37.0435 42.5359 50.7399
18714.0000 0.0325 75.8028 50.0000 37.1106 42.5416 50.5873
18715.0000 0.0360 75.6561 50.0000 36.6355 42.4142 50.8206
18716.0000 0.0296 75.7077 50.0000 37.0607 43.0167 50.0772
18717.0000 0.0321 75.6274 50.0000 37.0890 42.4306 50.4337
18718.0000 0.0368 75.5487 50.0000 36.5583 42.2601 50.8447
18719.0000 0.0387 75.6295 50.0000 36.5648 42.0580 51.1269
18720.0000 0.0389 75.2287 50.0000 36.9287 41.1045 51.0494
18721.0000 0.0395 75.2705 50.0000 36.8370 41.1798 51.1166
18722.0000 0.0366 75.3881 50.0000 36.7875 41.7942 50.8261
18723.0000 0.0334 75.2188 50.0000 36.6140 42.3529 50.2345
18724.0000 0.0258 75.1767 50.0000 37.4496 42.5019 49.4233
18725.0000 0.0249 75.1262 50.0000 38.0454 41.7997 49.4901
18726.0000 0.0263 75.3474 50.0000 37.8354 42.0974 49.7345
18727.0000 0.0265 75.0500 50.0000 37.6193 41.9816 49.5462
18728.0000 0.0286 75.2361 50.0000 37.7205 41.7071 49.9815
18729.0000 0.0300 75.0692 50.0000 37.7637 41.2296 50.0940
18730.0000 0.0302 75.0987 50.0000 37.9051 41.0607 50.1700
18731.0000 0.0309 75.3158 50.0000 37.5445 41.6474 50.2830
18732.0000 0.0280 75.3757 50.0000 38.1489 41.4410 50.0880
18733.0000 0.0277 75.1378 50.0000 37.7369 41.7184 49.8115
18734.0000 0.0322 75.2600 50.0000 37.1395 41.8935 50.2957
18735.0000 0.0299 75.2177 50.0000 37.3597 41.9336 50.0354
18736.0000 0.0306 75.5707 50.0000 37.6365 41.8744 50.4079
18737.0000 0.0299 75.3598 50.0000 36.6780 43.0833 49.7760
18738.0000 0.0276 75.1134 50.0000 36.9073 42.8726 49.4148
18739.0000 0.0230 74.7739 50.0000 36.9131 43.4517 48.3787
18740.0000 0.0227 74.4543 50.0000 37.1980 42.5752 48.4470
18741.0000 0.0204 74.2559 50.0000 37.1006 43.0417 47.8007
18742.0000 0.0231 74.4545 50.0000 37.3514 42.2630 48.6023
18743.0000 0.0267 74.3984 50.0000 36.9572 42.0421 49.0077
18744.0000 0.0278 74.5443 50.0000 36.5573 42.6101 49.0386
18745.0000 0.0251 74.6229 50.0000 36.8361 42.8552 48.7351
18746.0000 0.0228 74.5175 50.0000 37.1987 42.6401 48.4864
18747.0000 0.0255 74.1592 50.0000 37.4547 41.2804 48.9149
18748.0000 0.0320 74.5052 50.0000 36.5018 41.8576 49.6648
18749.0000 0.0333 74.6763 50.0000 36.3792 42.0263 49.8687
18750.0000 0.0323 74.6752 50.0000 36.6726 41.7823 49.8572
18751.0000 0.0321 74.6407 50.0000 37.0879 41.2352 49.9538
18752.0000 0.0351 74.9207 50.0000 36.9015 41.3344 50.4267
18753.0000 0.0417 74.8302 50.0000 36.1682 41.1797 50.9476
18754.0000 0.0413 74.6909 50.0000 36.2153 41.0175 50.8404
18755.0000 0.0466 75.2131 50.0000 36.3046 40.7940 51.7188
18756.0000 0.0413 75.1203 50.0000 36.1433 41.6126 51.0403
18757.0000 0.0488 75.5642 50.0000 36.2649 40.9470 52.1359
18758.0000 0.0489 75.4340 50.0000 36.0996 40.9862 52.0311
18759.0000 0.0410 75.7315 50.0000 36.7771 41.5694 51.5237
18760.0000 0.0387 75.4026 50.0000 36.3492 42.0755 50.9309
18761.0000 0.0413 75.0874 50.0000 36.2302 41.4575 51.0565
18762.0000 0.0437 74.7601 50.0000 35.7915 41.2965 51.0160
18763.0000 0.0468 74.9461 50.0000 35.6006 41.3297 51.3943
18764.0000 0.0367 74.8037 50.0000 37.2035 40.5977 50.6292
18765.0000 0.0337 74.7623 50.0000 36.9874 41.2597 50.1894
18766.0000 0.0324 74.7325 50.0000 37.1301 41.2423 50.0538
18767.0000 0.0334 74.7417 50.0000 36.8290 41.4755 50.0973
18768.0000 0.0330 75.2278 50.0000 36.5419 42.5406 50.1419
18769.0000 0.0337 75.4126 50.0000 37.0878 41.8949 50.5606
18770.0000 0.0298 74.7521 50.0000 37.0914 41.7432 49.6951
18771.0000 0.0298 74.6948 50.0000 37.0768 41.6928 49.6622
18772.0000 0.0323 74.8716 50.0000 36.6441 42.0599 49.9393
18773.0000 0.0365 75.1781 50.0000 36.5007 41.9360 50.6045
18774.0000 0.0370 74.9419 50.0000 36.0985 42.1294 50.3816
18775.0000 0.0373 74.9889 50.0000 35.9478 42.3364 50.3857
18776.0000 0.0308 74.6820 50.0000 36.5344 42.2512 49.5729
18777.0000 0.0268 74.7131 50.0000 37.1827 42.0990 49.2664
18778.0000 0.0254 74.4671 50.0000 37.2556 41.9584 48.9577
18779.0000 0.0255 74.6987 50.0000 37.3022 42.1671 49.0956
18780.0000 0.0216 74.6131 50.0000 37.4839 42.5964 48.4522
18781.0000 0.0216 74.5307 50.0000 37.8781 41.9203 48.6083
18782.0000 0.0215 74.4402 50.0000 38.0654 41.5695 48.6245
18783.0000 0.0271 74.4192 50.0000 37.8277 40.8555 49.3772
18784.0000 0.0218 74.1184 50.0000 38.9811 40.0608 48.6739
18785.0000 0.0217 74.3607 50.0000 39.2727 40.0312 48.8331
18786.0000 0.0182 74.5879 50.0000 39.9189 40.1897 48.5244
18787.0000 0.0180 74.6609 50.0000 39.0800 41.2432 48.4355
18788.0000 0.0195 74.9704 50.0000 39.0438 41.3504 48.8497
18789.0000 0.0210 75.3146 50.0000 39.1760 41.3315 49.2873
18790.0000 0.0255 75.4835 50.0000 38.8281 41.1616 49.9586
18791.0000 0.0215 75.6247 50.0000 39.1948 41.5758 49.5410
18792.0000 0.0285 75.8440 50.0000 38.2787 41.7388 50.4473
18793.0000 0.0321 76.4665 50.0000 38.0634 42.1616 51.1927
18794.0000 0.0393 76.5035 50.0000 37.7963 41.4529 52.0182
18795.0000 0.0370 76.0589 50.0000 37.5187 41.6051 51.4424
18796.0000 0.0414 76.2909 50.0000 37.6951 41.0421 52.1049
18797.0000 0.0415 76.1415 50.0000 37.9371 40.5921 52.0633
18798.0000 0.0384 75.8344 50.0000 38.2085 40.3632 51.5925
18799.0000 0.0393 75.6026 50.0000 37.6011 40.6696 51.4576
18800.0000 0.0433 75.7330 50.0000 37.2874 40.6518 51.8899
18801.0000 0.0399 75.6156 50.0000 37.1663 41.1097 51.4431
18802.0000 0.0330 75.6546 50.0000 37.7504 41.4578 50.7914
18803.0000 0.0324 75.5996 50.0000 37.2127 42.1779 50.5128
18804.0000 0.0284 75.2139 50.0000 37.4086 42.1311 49.8268
18805.0000 0.0311 75.5817 50.0000 36.9953 42.6640 50.2368
18806.0000 0.0331 76.1867 50.0000 37.3592 42.5630 50.9617
18807.0000 0.0335 76.2522 50.0000 37.0688 42.9773 50.9241
18808.0000 0.0356 76.4919 50.0000 37.1111 42.8596 51.3501
18809.0000 0.0417 76.5552 50.0000 36.3802 42.9474 51.8912
18810.0000 0.0368 76.2496 50.0000 36.9089 42.6404 51.3179
18811.0000 0.0371 75.8540 50.0000 36.7071 42.3938 51.0802
18812.0000 0.0318 75.9422 50.0000 37.7410 41.9931 50.7879
18813.0000 0.0327 76.1475 50.0000 38.3063 41.3918 51.1643
18814.0000 0.0314 76.2413 50.0000 38.3974 41.5945 51.0713
18815.0000 0.0423 76.8653 50.0000 38.2216 40.9530 52.6330
18816.0000 0.0402 76.6361 50.0000 38.2667 40.9351 52.2787
18817.0000 0.0294 76.0362 50.0000 39.3641 40.5733 50.8505
18818.0000 0.0275 76.1606 50.0000 39.7113 40.6169 50.7318
18819.0000 0.0364 76.6722 50.0000 39.3811 40.2710 52.0193
18820.0000 0.0341 76.1526 50.0000 39.3936 40.0104 51.4445
18821.0000 0.0383 76.0924 50.0000 39.0293 39.7733 51.8156
18822.0000 0.0363 76.4551 50.0000 39.4075 40.0298 51.8657
18823.0000 0.0305 76.3960 50.0000 39.6349 40.5114 51.2274
18824.0000 0.0328 76.1517 50.0000 39.2764 40.3117 51.2973
18825.0000 0.0374 76.4208 50.0000 38.4131 40.9155 51.8700
18826.0000 0.0449 76.6266 50.0000 38.0322 40.5842 52.7078
18827.0000 0.0352 76.2515 50.0000 39.0097 40.3748 51.5984
18828.0000 0.0341 76.0792 50.0000 38.9516 40.3941 51.3726
18829.0000 0.0324 76.6792 50.0000 39.0984 41.1262 51.5718
18830.0000 0.0353 76.6396 50.0000 38.9546 40.8396 51.8487
18831.0000 0.0335 76.5500 50.0000 39.2368 40.6810 51.6278
18832.0000 0.0305 76.4044 50.0000 39.1206 41.0770 51.1849
18833.0000 0.0345 76.6063 50.0000 38.8087 41.0812 51.7180
18834.0000 0.0299 76.8656 50.0000 39.3358 41.4381 51.4189
18835.0000 0.0213 76.4996 50.0000 39.4979 42.2671 50.0559
18836.0000 0.0184 76.2848 50.0000 39.8284 42.1747 49.5415
18837.0000 0.0198 76.2393 50.0000 39.6083 42.1120 49.7011
18838.0000 0.0140 75.9488 50.0000 40.0736 42.4134 48.6152
18839.0000 0.0201 76.1373 50.0000 39.5563 42.0104 49.6722
18840.0000 0.0266 76.0734 50.0000 39.1487 41.2864 50.4972
18841.0000 0.0234 75.9565 50.0000 39.1655 41.6545 50.0035
18842.0000 0.0212 75.9493 50.0000 39.2418 41.9521 49.6830
18843.0000 0.0274 76.4598 50.0000 38.9009 41.8838 50.7795
18844.0000 0.0358 76.6999 50.0000 38.8041 41.0010 51.9234
18845.0000 0.0348 76.9361 50.0000 39.5066 40.6272 52.0366
18846.0000 0.0349 76.4789 50.0000 38.6862 41.0097 51.6779
18847.0000 0.0255 75.6304 50.0000 38.9724 41.1564 50.0725
18848.0000 0.0260 75.5534 50.0000 38.8880 41.0879 50.0781
18849.0000 0.0241 76.0708 50.0000 39.3166 41.4971 50.1892
18850.0000 0.0264 75.8705 50.0000 38.5762 41.7611 50.2416
18851.0000 0.0337 75.8278 50.0000 38.0687 41.1725 51.0436
18852.0000 0.0286 75.8889 50.0000 39.1108 40.8070 50.6386
18853.0000 0.0315 75.5716 50.0000 39.2816 39.8664 50.7808
18854.0000 0.0321 75.9450 50.0000 38.8658 40.6239 51.0567
18855.0000 0.0310 75.8790 50.0000 38.5857 41.0317 50.8445
18856.0000 0.0294 75.3943 50.0000 38.3057 41.0494 50.3181
18857.0000 0.0345 75.7408 50.0000 38.3813 40.6005 51.1384
18858.0000 0.0342 75.7606 50.0000 38.5542 40.4656 51.1446
18859.0000 0.0335 76.2745 50.0000 38.8433 40.8109 51.4147
18860.0000 0.0372 76.3293 50.0000 38.5436 40.6911 51.8150
18861.0000 0.0410 76.3742 50.0000 38.0799 40.7460 52.1795
18862.0000 0.0447 76.8476 50.0000 37.6484 41.2767 52.7673
18863.0000 0.0412 76.5240 50.0000 38.0633 40.9056 52.2861
18864.0000 0.0393 76.1316 50.0000 38.1542 40.6274 51.8623
18865.0000 0.0460 76.5900 50.0000 38.1554 40.2659 52.8096
18866.0000 0.0505 76.8370 50.0000 37.4600 40.7540 53.2896
18867.0000 0.0435 76.5530 50.0000 38.3167 40.3606 52.5662
18868.0000 0.0434 76.4233 50.0000 38.0613 40.5171 52.4426
18869.0000 0.0433 76.7115 50.0000 38.0356 40.8704 52.6075
18870.0000 0.0492 77.0950 50.0000 37.8823 40.7141 53.3942
18871.0000 0.0545 77.3756 50.0000 37.5166 40.7962 53.9921
18872.0000 0.0620 77.7160 50.0000 37.1771 40.6711 54.8042
18873.0000 0.0560 77.3913 50.0000 37.2951 40.8787 54.1056
18874.0000 0.0518 77.7548 50.0000 37.6358 41.3835 54.0071
18875.0000 0.0492 77.3167 50.0000 37.2324 41.7041 53.4077
18876.0000 0.0521 77.4596 50.0000 36.6537 42.1703 53.6486
18877.0000 0.0574 77.4149 50.0000 36.1546 42.0572 54.0103
18878.0000 0.0548 77.1839 50.0000 36.5461 41.6616 53.7220
18879.0000 0.0501 76.9584 50.0000 36.4940 42.0733 53.1096
18880.0000 0.0521 76.7055 50.0000 36.3728 41.6785 53.1381
18881.0000 0.0436 76.4071 50.0000 36.6894 42.0923 52.1552
18882.0000 0.0442 76.5323 50.0000 36.6692 42.1688 52.2912
18883.0000 0.0432 76.4606 50.0000 36.9256 41.9032 52.2192
18884.0000 0.0489 76.7907 50.0000 36.9307 41.5083 53.0093
18885.0000 0.0419 76.4995 50.0000 36.9849 42.0668 52.1026
18886.0000 0.0498 76.8156 50.0000 36.4024 42.0622 52.9744
18887.0000 0.0443 76.6497 50.0000 36.7089 42.2403 52.3774
18888.0000 0.0460 76.3983 50.0000 36.3103 42.2114 52.3112
18889.0000 0.0518 76.7150 50.0000 35.7112 42.5462 52.9124
18890.0000 0.0514 76.4337 50.0000 35.8508 42.0977 52.7695
18891.0000 0.0482 76.6269 50.0000 36.4159 42.0415 52.7074
18892.0000 0.0455 76.9006 50.0000 37.0261 41.9735 52.7351
18893.0000 0.0451 76.7482 50.0000 37.2166 41.6175 52.6611
18894.0000 0.0429 76.8997 50.0000 37.1943 42.1270 52.4924
18895.0000 0.0418 76.8176 50.0000 37.6590 41.6253 52.4413
18896.0000 0.0397 76.9424 50.0000 37.3788 42.4078 52.1970
18897.0000 0.0381 77.4450 50.0000 37.5149 43.0605 52.3082
18898.0000 0.0420 77.4708 50.0000 37.0040 43.1698 52.6193
18899.0000 0.0462 77.7409 50.0000 37.1568 42.6686 53.3143
18900.0000 0.0485 77.5716 50.0000 36.9272 42.4401 53.4095
18901.0000 0.0493 77.2015 50.0000 36.8718 41.9871 53.2693
18902.0000 0.0534 77.6766 50.0000 36.5410 42.3818 53.8720
18903.0000 0.0516 77.5709 50.0000 36.7404 42.2600 53.6795
18904.0000 0.0580 77.9475 50.0000 36.2752 42.4210 54.4094
18905.0000 0.0564 77.4219 50.0000 36.4020 41.8907 53.9833
18906.0000 0.0534 77.4146 50.0000 36.3275 42.3491 53.6645
18907.0000 0.0558 77.3806 50.0000 36.5920 41.6975 53.9454
18908.0000 0.0678 77.9662 50.0000 36.1874 41.3980 55.2757
18909.0000 0.0586 77.4844 50.0000 36.6150 41.4472 54.2707
18910.0000 0.0567 77.6546 50.0000 36.6379 41.8302 54.2046
18911.0000 0.0529 78.0648 50.0000 37.9896 41.1924 54.3515
18912.0000 0.0532 78.1450 50.0000 37.8435 41.3971 54.4132
18913.0000 0.0513 77.9302 50.0000 37.9484 41.2854 54.1162
18914.0000 0.0528 77.6874 50.0000 37.8919 40.9056 54.0950
18915.0000 0.0483 77.3691 50.0000 38.2313 40.7352 53.5257
18916.0000 0.0426 77.0256 50.0000 38.2969 41.0099 52.7681
18917.0000 0.0379 76.7755 50.0000 38.4801 41.1532 52.1553
18918.0000 0.0348 76.3330 50.0000 38.0829 41.5645 51.4667
18919.0000 0.0320 76.3788 50.0000 38.5431 41.4920 51.2500
18920.0000 0.0356 76.3934 50.0000 38.6325 40.8886 51.6876
18921.0000 0.0344 76.1883 50.0000 39.0597 40.3543 51.4832
18922.0000 0.0343 76.4812 50.0000 38.3584 41.4763 51.5531
18923.0000 0.0280 76.3353 50.0000 38.0704 42.6893 50.5505
18924.0000 0.0282 76.3205 50.0000 38.0462 42.6590 50.5719
18925.0000 0.0260 76.2310 50.0000 38.0648 42.9411 50.1827
18926.0000 0.0236 75.9615 50.0000 38.2148 42.8595 49.7277
18927.0000 0.0231 76.1660 50.0000 37.9758 43.5972 49.5821
18928.0000 0.0253 76.5796 50.0000 38.1411 43.4222 50.2415
18929.0000 0.0268 76.7713 50.0000 37.6695 44.0654 50.3297
18930.0000 0.0284 76.6221 50.0000 37.7209 43.4542 50.5945
18931.0000 0.0356 76.8952 50.0000 36.6420 44.0410 51.2896
18932.0000 0.0282 76.8047 50.0000 37.9095 43.4684 50.7182
18933.0000 0.0313 76.7763 50.0000 37.6495 43.2205 51.0794
18934.0000 0.0326 76.3913 50.0000 37.6465 42.5150 51.0964
18935.0000 0.0354 76.4263 50.0000 36.7415 43.3266 51.1258
18936.0000 0.0310 76.3021 50.0000 37.1843 43.3452 50.6018
18937.0000 0.0262 76.1963 50.0000 37.4937 43.7119 49.8936
18938.0000 0.0312 76.4918 50.0000 36.7835 44.1670 50.4703
18939.0000 0.0356 76.5271 50.0000 36.2203 44.2395 50.8661
18940.0000 0.0321 75.9465 50.0000 36.2114 44.2011 50.0287
18941.0000 0.0337 75.6323 50.0000 36.2021 43.4312 50.2333
18942.0000 0.0304 75.5063 50.0000 36.6630 43.1976 49.9099
18943.0000 0.0345 75.5006 50.0000 36.0932 43.2797 50.2442
18944.0000 0.0345 75.5703 50.0000 36.0327 43.4652 50.2323
18945.0000 0.0305 75.5140 50.0000 36.4295 43.5680 49.7703
18946.0000 0.0317 75.3957 50.0000 36.1192 43.6683 49.7292
18947.0000 0.0338 75.0889 50.0000 35.3338 44.1781 49.3777
18948.0000 0.0383 75.1102 50.0000 34.5335 44.6988 49.5074
18949.0000 0.0416 74.9678 50.0000 34.4305 43.9210 50.0565
18950.0000 0.0478 75.1819 50.0000 33.8862 43.9496 50.7196
18951.0000 0.0487 75.2406 50.0000 33.7609 44.0603 50.7940
18952.0000 0.0529 75.6132 50.0000 33.2522 44.6625 51.1557
18953.0000 0.0499 75.6922 50.0000 33.7390 44.5018 51.0937
18954.0000 0.0479 75.8776 50.0000 33.6550 45.3512 50.6755
18955.0000 0.0432 75.6628 50.0000 33.8570 45.8119 49.7980
18956.0000 0.0410 75.6974 50.0000 34.1145 45.8949 49.5979
18957.0000 0.0380 75.4731 50.0000 34.4453 45.6089 49.2904
18958.0000 0.0390 75.6768 50.0000 34.6149 45.2319 49.8284
18959.0000 0.0355 75.6592 50.0000 35.1503 44.9957 49.6404
18960.0000 0.0414 76.1631 50.0000 34.6532 45.2877 50.4876
18961.0000 0.0386 76.0650 50.0000 35.1001 44.9176 50.3615
18962.0000 0.0372 75.8885 50.0000 35.3763 44.4666 50.3021
18963.0000 0.0374 75.7860 50.0000 35.5937 43.9033 50.4887
18964.0000 0.0365 76.4630 50.0000 35.7564 44.7662 50.6365
18965.0000 0.0296 76.4992 50.0000 36.3729 45.3854 49.6921
18966.0000 0.0318 76.5201 50.0000 36.2347 45.0784 50.1030
18967.0000 0.0324 76.4758 50.0000 36.2667 44.7947 50.2664
18968.0000 0.0262 76.1545 50.0000 36.7812 44.9573 49.2492
18969.0000 0.0346 76.9101 50.0000 36.1217 45.1829 50.6843
18970.0000 0.0352 76.8257 50.0000 36.2438 44.6813 50.9132
18971.0000 0.0360 76.5318 50.0000 36.2183 44.1622 50.9417
18972.0000 0.0332 76.6755 50.0000 36.7963 43.9981 50.8854
18973.0000 0.0322 76.5687 50.0000 36.9575 43.8015 50.7773
18974.0000 0.0294 76.7674 50.0000 37.1199 44.3955 50.4420
18975.0000 0.0364 77.1334 50.0000 36.6435 44.2050 51.5046
18976.0000 0.0331 76.6236 50.0000 37.0035 43.6236 50.9793
18977.0000 0.0337 76.5691 50.0000 37.1323 43.2506 51.1214
18978.0000 0.0300 76.4366 50.0000 37.1133 43.8119 50.4546
18979.0000 0.0254 76.6256 50.0000 37.5682 44.3573 49.9254
18980.0000 0.0250 76.8352 50.0000 38.0931 43.8792 50.2709
18981.0000 0.0250 76.5840 50.0000 37.5700 44.3928 49.8285
18982.0000 0.0328 76.6957 50.0000 37.1385 43.5781 51.0285
18983.0000 0.0281 76.6890 50.0000 37.2954 44.2786 50.2957
18984.0000 0.0286 76.6886 50.0000 37.4027 43.9865 50.4715
18985.0000 0.0265 76.2918 50.0000 37.2645 44.1575 49.8189
18986.0000 0.0303 76.5854 50.0000 37.4983 43.3659 50.7798
18987.0000 0.0341 76.8854 50.0000 37.1607 43.5485 51.3223
18988.0000 0.0328 76.6718 50.0000 37.7456 42.6997 51.2891
18989.0000 0.0335 76.3745 50.0000 37.1141 43.0792 50.9882
18990.0000 0.0278 75.9963 50.0000 37.2519 43.4753 49.9764
18991.0000 0.0334 76.2499 50.0000 36.9665 43.1348 50.8617
18992.0000 0.0322 76.3377 50.0000 37.4086 42.8432 50.9167
18993.0000 0.0412 76.3646 50.0000 36.4748 42.6646 51.7772
18994.0000 0.0442 76.4064 50.0000 36.2738 42.5346 52.0860
18995.0000 0.0450 76.5971 50.0000 36.4946 42.3504 52.3613
18996.0000 0.0488 76.2867 50.0000 35.6594 42.5401 52.3298
18997.0000 0.0527 76.2548 50.0000 35.3518 42.3640 52.6341
18998.0000 0.0515 76.4972 50.0000 36.0535 41.9009 52.8799
18999.0000 0.0397 75.8404 50.0000 36.0177 42.9082 51.1212
19000.0000 0.0400 76.1954 50.0000 36.3415 42.8370 51.4784
19001.0000 0.0430 75.7865 50.0000 35.9859 42.3607 51.5188
19002.0000 0.0423 75.5039 50.0000 35.9190 42.2085 51.2748
19003.0000 0.0455 75.4863 50.0000 35.3287 42.5112 51.4088
19004.0000 0.0355 75.3046 50.0000 36.0688 42.8747 50.3148
19005.0000 0.0390 75.6254 50.0000 35.3855 43.7028 50.5681
19006.0000 0.0352 75.3066 50.0000 35.3995 44.0392 49.7846
19007.0000 0.0359 75.4921 50.0000 35.4479 44.0482 50.0225
19008.0000 0.0301 75.1290 50.0000 36.1433 43.5989 49.3676
19009.0000 0.0302 75.3426 50.0000 36.7866 42.8328 49.8859
19010.0000 0.0338 75.3468 50.0000 36.4839 42.6201 50.2951
19011.0000 0.0338 75.4108 50.0000 36.5066 42.6702 50.3320
19012.0000 0.0354 75.4964 50.0000 35.9787 43.2838 50.3165
19013.0000 0.0301 75.5626 50.0000 36.5552 43.5117 49.8012
19014.0000 0.0332 75.4984 50.0000 36.2423 43.3021 50.1142
19015.0000 0.0361 75.6994 50.0000 35.8230 43.6725 50.3966
19016.0000 0.0338 75.5705 50.0000 35.8037 44.0047 49.9257
19017.0000 0.0307 75.4831 50.0000 36.2045 43.8678 49.6240
19018.0000 0.0287 75.1613 50.0000 35.9162 44.4507 48.8198
19019.0000 0.0310 75.0924 50.0000 35.5921 44.3715 49.0229
19020.0000 0.0268 74.9570 50.0000 36.1582 44.1578 48.5924
19021.0000 0.0236 74.5602 50.0000 36.2169 44.3802 47.7281
19022.0000 0.0235 74.7879 50.0000 36.4680 44.2219 48.0389
19023.0000 0.0242 74.4810 50.0000 36.1188 44.2810 47.7709
19024.0000 0.0257 74.6102 50.0000 36.0379 44.1951 48.1118
19025.0000 0.0301 74.7640 50.0000 35.3777 44.5839 48.4804
19026.0000 0.0243 74.6333 50.0000 36.1949 44.3461 47.8903
19027.0000 0.0232 74.7739 50.0000 36.4612 44.3391 47.9141
19028.0000 0.0228 74.7888 50.0000 37.0523 43.2813 48.4481
19029.0000 0.0233 74.7869 50.0000 36.9963 43.2402 48.5245
19030.0000 0.0234 75.2574 50.0000 36.7036 44.5310 48.3064
19031.0000 0.0199 74.8743 50.0000 36.8763 44.7440 47.3738
19032.0000 0.0197 74.6274 50.0000 36.9584 44.1477 47.4796
19033.0000 0.0219 74.6351 50.0000 36.5408 44.3703 47.6071
19034.0000 0.0283 74.6487 50.0000 35.8797 43.8273 48.6235
19035.0000 0.0279 74.3842 50.0000 35.9968 43.3145 48.5911
19036.0000 0.0277 74.1815 50.0000 35.9537 43.1497 48.4595
19037.0000 0.0292 74.7245 50.0000 35.9924 43.4932 48.9555
19038.0000 0.0275 74.7540 50.0000 36.2013 43.5816 48.7675
19039.0000 0.0296 74.9568 50.0000 35.9573 43.8010 49.0620
19040.0000 0.0253 75.0319 50.0000 36.4928 44.0241 48.5791
19041.0000 0.0226 74.8659 50.0000 36.6235 44.3062 47.9644
19042.0000 0.0244 75.0682 50.0000 36.5690 44.1781 48.4380
19043.0000 0.0240 74.6245 50.0000 36.2432 44.3108 47.8728
19044.0000 0.0217 74.4011 50.0000 36.2579 44.8077 47.0443
19045.0000 0.0228 74.8207 50.0000 36.4367 44.6056 47.7581
19046.0000 0.0228 75.1463 50.0000 36.5279 44.9948 47.8346
19047.0000 0.0251 75.2420 50.0000 36.4783 44.4435 48.5332
19048.0000 0.0288 75.4638 50.0000 35.6928 45.5211 48.4627
19049.0000 0.0262 75.3000 50.0000 35.8931 45.7694 47.8219
19050.0000 0.0281 75.2510 50.0000 35.5230 46.0100 47.7902
19051.0000 0.0276 75.5553 50.0000 35.8875 45.6574 48.3332
19052.0000 0.0307 75.2495 50.0000 35.1971 45.8273 48.2029
19053.0000 0.0335 75.3271 50.0000 35.1794 44.9502 49.1535
19054.0000 0.0323 75.6617 50.0000 35.2767 45.7154 48.8912
19055.0000 0.0274 75.3698 50.0000 35.7716 45.7012 48.0874
19056.0000 0.0260 75.5600 50.0000 36.0020 46.1065 47.8264
19057.0000 0.0259 75.3598 50.0000 35.8677 46.3759 47.3485
19058.0000 0.0261 75.6058 50.0000 35.9843 46.2433 47.7800
19059.0000 0.0241 75.3272 50.0000 36.3181 45.4058 47.8905
19060.0000 0.0230 75.0763 50.0000 36.4229 45.1117 47.6944
19061.0000 0.0258 75.4107 50.0000 36.1650 45.3029 48.2340
19062.0000 0.0296 75.4408 50.0000 35.6373 45.3324 48.6444
19063.0000 0.0219 75.4393 50.0000 36.9378 44.8358 48.1294
19064.0000 0.0179 74.9360 50.0000 37.3004 44.5850 47.2891
19065.0000 0.0163 75.0056 50.0000 37.6533 44.5244 47.1768
19066.0000 0.0175 74.8010 50.0000 37.6061 43.7770 47.5872
19067.0000 0.0201 75.0218 50.0000 37.2100 44.1029 47.9439
19068.0000 0.0186 74.7794 50.0000 37.5196 43.5643 47.8161
19069.0000 0.0185 74.4909 50.0000 37.2149 43.7444 47.4381
19070.0000 0.0205 74.5263 50.0000 36.7155 44.2573 47.4072
19071.0000 0.0192 74.5939 50.0000 36.9861 44.2150 47.3425
19072.0000 0.0187 74.4935 50.0000 36.8318 44.6879 46.8582
19073.0000 0.0200 74.6079 50.0000 36.5873 45.1044 46.8326
19074.0000 0.0186 74.7139 50.0000 37.0201 44.6508 47.0956
19075.0000 0.0207 75.0932 50.0000 37.2116 44.0168 48.1332
19076.0000 0.0202 75.0816 50.0000 37.0753 44.4768 47.7963
19077.0000 0.0167 74.9922 50.0000 37.3834 45.1649 46.7594
19078.0000 0.0165 74.9113 50.0000 37.5068 44.6377 47.0364
19079.0000 0.0137 74.4766 50.0000 38.1672 43.4407 46.9354
19080.0000 0.0154 74.6704 50.0000 37.6772 44.2125 46.9186
19081.0000 0.0162 74.5935 50.0000 37.4357 44.3750 46.8361
19082.0000 0.0198 75.0271 50.0000 37.4492 43.7079 48.1274
19083.0000 0.0144 74.6511 50.0000 38.2241 43.3397 47.2586
19084.0000 0.0177 74.6988 50.0000 37.7503 43.2874 47.7601
19085.0000 0.0145 74.6186 50.0000 38.5422 42.7071 47.5241
19086.0000 0.0205 75.1002 50.0000 38.0240 42.6778 48.7117
19087.0000 0.0200 74.9963 50.0000 38.3257 42.2189 48.7150
19088.0000 0.0201 74.8171 50.0000 38.0031 42.4208 48.5164
19089.0000 0.0165 74.4018 50.0000 38.0309 42.6944 47.6074
19090.0000 0.0176 74.5736 50.0000 38.0139 42.6694 47.9113
19091.0000 0.0175 74.5480 50.0000 37.5920 43.4108 47.5368
19092.0000 0.0168 74.5991 50.0000 37.9210 43.0919 47.6458
19093.0000 0.0188 74.8197 50.0000 37.5944 43.4168 47.9544
19094.0000 0.0182 74.9924 50.0000 37.8592 43.3753 48.0533
19095.0000 0.0213 75.1983 50.0000 37.2087 44.0088 48.3066
19096.0000 0.0187 75.3002 50.0000 37.4358 44.5775 47.7653
19097.0000 0.0180 75.2392 50.0000 37.7297 44.0816 47.8980
19098.0000 0.0208 75.5250 50.0000 37.5285 44.0559 48.5254
19099.0000 0.0196 75.2024 50.0000 37.8403 43.3260 48.4392
19100.0000 0.0227 75.2113 50.0000 37.3494 43.4008 48.7661
19101.0000 0.0182 75.0724 50.0000 38.0443 43.1639 48.2222
19102.0000 0.0173 74.7543 50.0000 37.7849 43.4138 47.7048
19103.0000 0.0196 74.8262 50.0000 37.6290 43.1441 48.1830
19104.0000 0.0232 75.1920 50.0000 37.1613 43.5579 48.7400
19105.0000 0.0272 75.1896 50.0000 37.0101 42.8886 49.4398
19106.0000 0.0277 75.0615 50.0000 36.6540 43.1726 49.2629
19107.0000 0.0297 75.4218 50.0000 36.6671 43.2263 49.7539
19108.0000 0.0317 75.3795 50.0000 36.3403 43.2785 49.8840
19109.0000 0.0268 74.9404 50.0000 36.4419 43.5726 48.8824
19110.0000 0.0227 75.2385 50.0000 37.2226 43.6543 48.6787
19111.0000 0.0221 75.4164 50.0000 37.7898 43.1037 49.0066
19112.0000 0.0240 75.4035 50.0000 37.4065 43.2562 49.1461
19113.0000 0.0240 74.9990 50.0000 37.0545 43.2823 48.7694
19114.0000 0.0224 75.0347 50.0000 37.0671 43.7165 48.4263
19115.0000 0.0235 74.9125 50.0000 37.1782 43.0709 48.7295
19116.0000 0.0289 75.3312 50.0000 37.3466 42.2622 49.9393
19117.0000 0.0239 74.9373 50.0000 37.2856 42.8236 48.9032
19118.0000 0.0241 74.5242 50.0000 37.1359 42.4699 48.6939
19119.0000 0.0250 74.5714 50.0000 36.8967 42.7003 48.7464
19120.0000 0.0260 74.7474 50.0000 36.4319 43.5236 48.6374
19121.0000 0.0259 74.6074 50.0000 36.5372 43.1526 48.6740
19122.0000 0.0242 74.6104 50.0000 36.9698 42.8181 48.6473
19123.0000 0.0210 74.4623 50.0000 37.8418 42.0137 48.4510
19124.0000 0.0241 74.8734 50.0000 37.3485 42.6179 48.9369
19125.0000 0.0262 75.2858 50.0000 38.1496 41.6228 49.8007
19126.0000 0.0253 74.9416 50.0000 38.0146 41.5387 49.4538
19127.0000 0.0261 75.0686 50.0000 38.0833 41.4791 49.6431
19128.0000 0.0224 75.0322 50.0000 38.1063 42.0745 49.0660
19129.0000 0.0204 75.2575 50.0000 38.0953 42.8120 48.7808
19130.0000 0.0199 75.3511 50.0000 37.8934 43.3829 48.5777
19131.0000 0.0178 75.4644 50.0000 38.1180 43.7195 48.2753
19132.0000 0.0174 75.1679 50.0000 37.9462 43.7241 47.9426
19133.0000 0.0208 75.5021 50.0000 37.5133 44.0358 48.5197
19134.0000 0.0212 75.9137 50.0000 37.9438 43.7461 49.0860
19135.0000 0.0193 75.5018 50.0000 37.4373 44.6947 47.9725
19136.0000 0.0214 75.6095 50.0000 37.0104 45.1725 48.0258
19137.0000 0.0180 75.4021 50.0000 37.3916 45.3001 47.2785
19138.0000 0.0171 75.1679 50.0000 37.3375 45.6532 46.6037
19139.0000 0.0173 75.3554 50.0000 37.4269 45.5298 46.9542
19140.0000 0.0173 75.2496 50.0000 37.3297 45.6972 46.6986
19141.0000 0.0216 75.0520 50.0000 36.5721 45.2900 47.3720
19142.0000 0.0195 75.4701 50.0000 37.0660 45.8121 47.1498
19143.0000 0.0236 75.6727 50.0000 36.5510 45.6526 48.0230
19144.0000 0.0208 75.7613 50.0000 36.9966 45.9120 47.5722
19145.0000 0.0194 75.6243 50.0000 37.1036 46.2157 46.9730
19146.0000 0.0186 75.9427 50.0000 37.4736 45.9408 47.4601
19147.0000 0.0181 76.0409 50.0000 37.5817 46.1981 47.2818
19148.0000 0.0195 76.1515 50.0000 37.4729 45.8301 47.9002
19149.0000 0.0167 76.0871 50.0000 38.0664 45.3181 47.8171
19150.0000 0.0142 76.0631 50.0000 38.5162 45.3016 47.4327
19151.0000 0.0156 76.3378 50.0000 38.3836 45.4953 47.7948
19152.0000 0.0126 76.3008 50.0000 39.2026 44.7203 47.8024
19153.0000 0.0105 76.2556 50.0000 39.3587 45.4524 46.9030
19154.0000 0.0086 76.3474 50.0000 39.7837 45.8295 46.3231
19155.0000 0.0074 76.2496 50.0000 40.1267 45.2899 46.3969
19156.0000 0.0101 76.4371 50.0000 39.4659 46.0062 46.5672
19157.0000 0.0118 76.0685 50.0000 39.0606 45.0374 47.2474
19158.0000 0.0133 75.9154 50.0000 38.6750 45.0391 47.3166
19159.0000 0.0148 75.7230 50.0000 38.9746 43.4820 48.2107
19160.0000 0.0137 75.9464 50.0000 39.3282 43.5593 48.2051
19161.0000 0.0159 76.5476 50.0000 38.8137 44.6942 48.5332
19162.0000 0.0152 76.4202 50.0000 38.6722 45.0638 48.1015
19163.0000 0.0122 76.3962 50.0000 39.0766 45.4890 47.3302
19164.0000 0.0114 76.5973 50.0000 39.3167 45.7292 47.2248
19165.0000 0.0160 76.5990 50.0000 38.4201 45.7466 47.9431
19166.0000 0.0155 76.8560 50.0000 38.6241 45.9352 48.0103
19167.0000 0.0119 76.6938 50.0000 39.4394 45.2055 47.7800
19168.0000 0.0098 76.7755 50.0000 40.1427 44.7170 47.7853
19169.0000 0.0102 77.0282 50.0000 40.3776 44.4931 48.2012
19170.0000 0.0099 76.5904 50.0000 40.5641 43.6784 48.0920
19171.0000 0.0084 76.5599 50.0000 40.4623 44.3452 47.5154
19172.0000 0.0068 76.7757 50.0000 41.0789 44.2670 47.4074
19173.0000 0.0059 77.0466 50.0000 41.4054 44.5223 47.3238
19174.0000 0.0067 76.9670 50.0000 40.8656 45.0916 47.1240
19175.0000 0.0044 77.3562 50.0000 41.6887 45.4340 46.7097
19176.0000 0.0068 77.6871 50.0000 41.2406 45.4861 47.5974
19177.0000 0.0086 77.8808 50.0000 40.8284 45.7531 48.0117
19178.0000 0.0127 77.9728 50.0000 39.7532 46.5145 48.3306
19179.0000 0.0156 77.6276 50.0000 39.1419 45.9410 48.8199
19180.0000 0.0161 77.4081 50.0000 39.2890 45.0370 49.1941
19181.0000 0.0181 77.5467 50.0000 38.9391 45.2889 49.4586
19182.0000 0.0203 77.7614 50.0000 39.1951 44.5169 50.2874
19183.0000 0.0174 77.5207 50.0000 39.2761 44.8188 49.5796
19184.0000 0.0168 77.7081 50.0000 39.3544 45.1354 49.5235
19185.0000 0.0161 77.9827 50.0000 39.9416 44.7335 49.8485
19186.0000 0.0169 78.2018 50.0000 40.1115 44.5409 50.2264
19187.0000 0.0184 78.1812 50.0000 39.5492 45.0243 50.2093
19188.0000 0.0136 78.1745 50.0000 40.1935 45.3658 49.3728
19189.0000 0.0140 78.3300 50.0000 40.0304 45.7941 49.3565
19190.0000 0.0146 78.0311 50.0000 39.7967 45.5584 49.2900
19191.0000 0.0132 78.4019 50.0000 40.2989 45.6894 49.3491
19192.0000 0.0142 78.1705 50.0000 40.1850 45.1597 49.5621
19193.0000 0.0153 78.0448 50.0000 40.0464 44.8751 49.7344
19194.0000 0.0123 77.9925 50.0000 40.0278 45.9576 48.6673
19195.0000 0.0188 78.1682 50.0000 38.7383 46.5924 49.3838
19196.0000 0.0155 78.2687 50.0000 39.4424 46.4279 49.1399
19197.0000 0.0159 78.1293 50.0000 39.1949 46.6575 48.8982
19198.0000 0.0166 77.6266 50.0000 38.9894 45.8896 48.9884
19199.0000 0.0127 77.7026 50.0000 39.9701 45.4233 48.7525
19200.0000 0.0135 77.6741 50.0000 39.5396 46.0340 48.4845
19201.0000 0.0159 77.7245 50.0000 39.3897 45.4117 49.2679
19202.0000 0.0146 77.9721 50.0000 39.5516 46.0371 48.9479
19203.0000 0.0163 77.8005 50.0000 38.9077 46.6517 48.6079
19204.0000 0.0213 77.9711 50.0000 38.2324 46.4481 49.6019
19205.0000 0.0168 77.9115 50.0000 38.8701 46.7084 48.7611
19206.0000 0.0112 77.2831 50.0000 39.8816 45.5730 48.0130
19207.0000 0.0131 77.2462 50.0000 39.3526 45.8977 48.0807
19208.0000 0.0122 77.3485 50.0000 39.4322 46.6648 47.4372
19209.0000 0.0114 77.3168 50.0000 39.6872 46.1924 47.6348
19210.0000 0.0145 77.2526 50.0000 39.0158 46.1252 48.1478
19211.0000 0.0156 77.3876 50.0000 38.9259 46.1018 48.4587
19212.0000 0.0170 77.2190 50.0000 38.5387 46.1125 48.4889
19213.0000 0.0175 77.1253 50.0000 38.3369 46.3079 48.3133
19214.0000 0.0150 77.5733 50.0000 39.1179 46.2045 48.5031
19215.0000 0.0154 77.1846 50.0000 38.8617 45.9702 48.3111
19216.0000 0.0123 77.5515 50.0000 39.6778 46.0547 48.1547
19217.0000 0.0152 78.0331 50.0000 39.4429 46.1268 49.0483
19218.0000 0.0165 77.7055 50.0000 38.8638 46.4402 48.6934
19219.0000 0.0200 77.7675 50.0000 38.2143 46.7201 49.0377
19220.0000 0.0163 77.7952 50.0000 39.1255 46.0023 49.0416
19221.0000 0.0216 77.8127 50.0000 38.3671 45.7194 49.9251
19222.0000 0.0230 77.6893 50.0000 38.1034 45.6341 50.0129
19223.0000 0.0222 78.0460 50.0000 38.0252 46.7448 49.6003
19224.0000 0.0241 77.9408 50.0000 37.7005 46.6312 49.7892
19225.0000 0.0283 78.4736 50.0000 37.4705 46.6063 50.8126
19226.0000 0.0272 78.4316 50.0000 37.7470 46.2664 50.8537
19227.0000 0.0287 77.8394 50.0000 37.2693 45.8767 50.6489
19228.0000 0.0338 78.2954 50.0000 36.9254 45.9073 51.5674
19229.0000 0.0340 78.4689 50.0000 37.1770 45.6435 51.8836
19230.0000 0.0354 78.0237 50.0000 37.1580 44.7709 51.9861
19231.0000 0.0353 78.3373 50.0000 37.2431 45.0778 52.1313
19232.0000 0.0354 78.1093 50.0000 36.8151 45.4499 51.7689
19233.0000 0.0360 78.4474 50.0000 36.8984 45.6395 52.0533
19234.0000 0.0391 78.1716 50.0000 36.0010 46.1805 51.7889
19235.0000 0.0401 78.5086 50.0000 35.8964 46.6499 51.9503
19236.0000 0.0389 78.5194 50.0000 35.9859 46.7989 51.7704
19237.0000 0.0406 78.4323 50.0000 36.1145 45.9962 52.2657
19238.0000 0.0383 77.8536 50.0000 36.1044 45.7020 51.6622
19239.0000 0.0335 77.6927 50.0000 36.3340 46.2380 50.7744
19240.0000 0.0324 77.6829 50.0000 36.5319 46.1283 50.7171
19241.0000 0.0352 78.1499 50.0000 36.4987 46.1440 51.4391
19242.0000 0.0369 78.1566 50.0000 36.3066 46.1006 51.6238
19243.0000 0.0348 78.5435 50.0000 36.4876 46.9277 51.3374
19244.0000 0.0348 78.0245 50.0000 36.7235 45.6423 51.5364
19245.0000 0.0310 77.8950 50.0000 37.3576 45.2027 51.2715
19246.0000 0.0366 78.1755 50.0000 36.9666 45.0397 52.1183
19247.0000 0.0395 78.0531 50.0000 36.6446 44.8166 52.3538
19248.0000 0.0424 78.2671 50.0000 36.7056 44.4771 52.9171
19249.0000 0.0392 77.6439 50.0000 36.3771 44.7683 51.9720
19250.0000 0.0431 77.7753 50.0000 36.2733 44.3851 52.5663
19251.0000 0.0410 77.5697 50.0000 36.3479 44.3708 52.2218
19252.0000 0.0408 77.1377 50.0000 36.0825 44.2703 51.8499
19253.0000 0.0398 77.5353 50.0000 35.9664 45.1867 51.7329
19254.0000 0.0409 77.6285 50.0000 35.6294 45.6885 51.6651
19255.0000 0.0383 77.4281 50.0000 35.4426 46.4337 50.8217
19256.0000 0.0380 77.4571 50.0000 35.2764 47.0334 50.4285
19257.0000 0.0406 77.8805 50.0000 34.9228 47.9626 50.4515
19258.0000 0.0376 77.8402 50.0000 35.2425 48.2458 49.8939
19259.0000 0.0345 77.5968 50.0000 35.6278 47.7612 49.7070
19260.0000 0.0386 77.8681 50.0000 35.3759 47.2910 50.7500
19261.0000 0.0351 77.8860 50.0000 35.7514 47.6356 50.1888
19262.0000 0.0383 78.0567 50.0000 35.4990 47.4189 50.8343
19263.0000 0.0373 77.7979 50.0000 35.5481 47.1530 50.6502
19264.0000 0.0398 77.6915 50.0000 35.0040 47.6271 50.4218
19265.0000 0.0415 78.0967 50.0000 35.0003 47.7374 50.9432
19266.0000 0.0456 78.5274 50.0000 34.5498 48.4137 51.2736
19267.0000 0.0396 78.1425 50.0000 35.2094 47.9550 50.6643
19268.0000 0.0379 78.1707 50.0000 35.6287 47.4018 50.9344
19269.0000 0.0346 78.4465 50.0000 36.2481 47.4273 50.8979
19270.0000 0.0374 78.3426 50.0000 35.7678 47.5300 50.9815
19271.0000 0.0388 78.4258 50.0000 35.6162 47.5984 51.1516
19272.0000 0.0370 78.1684 50.0000 35.7003 47.5515 50.7409
19273.0000 0.0385 78.0486 50.0000 35.6212 46.9942 51.1298
19274.0000 0.0320 77.6676 50.0000 36.2183 47.0392 50.0780
19275.0000 0.0304 77.5108 50.0000 36.5671 46.4054 50.1728
19276.0000 0.0299 77.1043 50.0000 36.5890 45.8128 50.0750
19277.0000 0.0310 77.0818 50.0000 36.3753 45.9089 50.1081
19278.0000 0.0307 76.9335 50.0000 36.0945 46.5011 49.5338
19279.0000 0.0358 77.3666 50.0000 35.6399 46.6291 50.4095
19280.0000 0.0356 77.3112 50.0000 35.6633 46.5348 50.3951
19281.0000 0.0324 77.0947 50.0000 35.8960 46.6900 49.7504
19282.0000 0.0325 76.8297 50.0000 35.8878 46.1736 49.8285
19283.0000 0.0315 76.7604 50.0000 36.0769 45.8903 49.8467
19284.0000 0.0339 76.6621 50.0000 35.8268 45.5854 50.1546
19285.0000 0.0425 77.2514 50.0000 35.1665 45.6431 51.4567
19286.0000 0.0438 77.9395 50.0000 35.1943 46.3070 51.8804
19287.0000 0.0373 77.6150 50.0000 35.9767 45.8473 51.2619
19288.0000 0.0325 77.7929 50.0000 36.5475 46.2441 50.7691
19289.0000 0.0322 77.8548 50.0000 36.8493 45.7860 51.0602
19290.0000 0.0332 78.2542 50.0000 36.5411 46.8082 50.9654
19291.0000 0.0340 78.3799 50.0000 36.5064 46.8458 51.1484
19292.0000 0.0355 78.2744 50.0000 36.4109 46.4463 51.4186
19293.0000 0.0372 78.0425 50.0000 35.6844 47.2667 50.8244
19294.0000 0.0359 78.3755 50.0000 35.8651 47.9639 50.5557
19295.0000 0.0314 78.3931 50.0000 36.5552 47.7655 50.2759
19296.0000 0.0338 78.2114 50.0000 36.1144 47.7052 50.3686
19297.0000 0.0286 77.9363 50.0000 36.8511 47.1567 49.9230
19298.0000 0.0320 78.2382 50.0000 36.3409 47.8918 50.0692
19299.0000 0.0327 78.1239 50.0000 36.4112 47.0856 50.6016
19300.0000 0.0345 78.1844 50.0000 36.2659 46.9206 50.9513
19301.0000 0.0369 78.3606 50.0000 36.5507 45.9416 51.9017
19302.0000 0.0344 77.9082 50.0000 36.5451 45.9064 51.2519
19303.0000 0.0357 78.0943 50.0000 36.5336 45.8694 51.5753
19304.0000 0.0371 78.0302 50.0000 36.4902 45.5449 51.7962
19305.0000 0.0350 78.4770 50.0000 36.4496 46.8477 51.3358
19306.0000 0.0370 78.6950 50.0000 36.3232 46.8894 51.7196
19307.0000 0.0393 78.9346 50.0000 36.4996 46.3079 52.4788
19308.0000 0.0360 78.8619 50.0000 36.8445 46.3463 52.0932
19309.0000 0.0326 78.6337 50.0000 37.0039 46.5652 51.4359
19310.0000 0.0371 78.8230 50.0000 36.3257 47.0615 51.7564
19311.0000 0.0361 78.5853 50.0000 36.5840 46.4010 51.8094
19312.0000 0.0375 78.7117 50.0000 36.3366 46.7350 51.8750
19313.0000 0.0397 79.0266 50.0000 36.0482 47.2605 52.0786
19314.0000 0.0395 79.3759 50.0000 36.2056 47.5474 52.2392
19315.0000 0.0340 79.1841 50.0000 36.4576 48.6519 50.7341
19316.0000 0.0327 79.3779 50.0000 36.7277 48.8087 50.6917
19317.0000 0.0337 79.1370 50.0000 36.5380 48.3321 50.9081
19318.0000 0.0259 78.5749 50.0000 37.6746 47.1601 50.3047
19319.0000 0.0233 78.2681 50.0000 37.7248 47.8436 49.1296
19320.0000 0.0217 78.1881 50.0000 38.0691 47.2150 49.3443
19321.0000 0.0227 77.8358 50.0000 37.5810 47.8314 48.5617
19322.0000 0.0281 78.1036 50.0000 36.8262 48.0440 49.3537
19323.0000 0.0244 78.1202 50.0000 37.5226 47.4616 49.4187
19324.0000 0.0233 77.4357 50.0000 37.3453 47.1775 48.7431
19325.0000 0.0225 77.7764 50.0000 37.5716 47.9750 48.3317
19326.0000 0.0235 77.6363 50.0000 37.3294 48.0486 48.2207
19327.0000 0.0236 77.6335 50.0000 37.3544 47.4786 48.7586
19328.0000 0.0284 77.7804 50.0000 36.6161 47.8593 49.1787
19329.0000 0.0250 78.0124 50.0000 37.3815 47.3907 49.4235
19330.0000 0.0254 78.4875 50.0000 37.5895 47.4899 49.9202
19331.0000 0.0255 78.6215 50.0000 37.7430 47.2432 50.2483
19332.0000 0.0288 78.7965 50.0000 37.1771 47.8421 50.3773
19333.0000 0.0257 78.6475 50.0000 37.6127 47.6107 50.0393
19334.0000 0.0238 78.6920 50.0000 37.9030 47.8002 49.7086
19335.0000 0.0250 78.2930 50.0000 37.4617 47.7870 49.4248
19336.0000 0.0265 78.2993 50.0000 37.3149 47.4518 49.8669
19337.0000 0.0263 78.3979 50.0000 37.4701 47.2577 50.0893
19338.0000 0.0323 78.9782 50.0000 36.8766 47.5589 51.1451
19339.0000 0.0303 78.9201 50.0000 37.2727 47.1563 51.1410
19340.0000 0.0265 79.1291 50.0000 37.7918 47.6703 50.6038
19341.0000 0.0257 79.1151 50.0000 38.0734 47.1966 50.8143
19342.0000 0.0280 79.1828 50.0000 37.4064 48.3957 50.2845
19343.0000 0.0284 79.4766 50.0000 37.4411 48.7794 50.3514
19344.0000 0.0244 78.8888 50.0000 37.8457 48.1670 49.7100
19345.0000 0.0267 78.8958 50.0000 37.5094 48.0563 50.0817
19346.0000 0.0261 79.3373 50.0000 37.7472 48.6040 50.0720
19347.0000 0.0236 79.4740 50.0000 38.2089 48.9692 49.5804
19348.0000 0.0240 79.4666 50.0000 38.1686 48.6458 49.9168
19349.0000 0.0230 78.9403 50.0000 38.1122 48.1207 49.6329
19350.0000 0.0225 79.6329 50.0000 38.5452 48.4794 50.0540
19351.0000 0.0232 79.9311 50.0000 38.6355 48.4107 50.5241
19352.0000 0.0205 78.1465 49.0000 38.4465 46.5559 49.6115
19353.0000 0.0196 79.5841 50.0000 39.1614 47.8712 50.0836
19354.0000 0.0182 79.9113 50.0000 39.6200 47.8708 50.2440
19355.0000 0.0195 79.6910 50.0000 39.1759 48.1522 49.9727
19356.0000 0.0163 79.6117 50.0000 39.8855 47.5036 49.9057
19357.0000 0.0205 79.7237 50.0000 39.0027 48.2263 50.0887
19358.0000 0.0179 79.3430 50.0000 39.4222 47.4551 49.8921
19359.0000 0.0194 79.5438 50.0000 39.1348 48.0162 49.9013
19360.0000 0.0193 79.5230 50.0000 39.3607 47.2800 50.3909
19361.0000 0.0159 79.3635 50.0000 40.0880 46.6529 50.1500
19362.0000 0.0208 79.5624 50.0000 39.1210 47.3167 50.6050
19363.0000 0.0249 79.7046 50.0000 38.5924 47.2577 51.2851
19364.0000 0.0248 79.8006 50.0000 38.6515 47.3215 51.3309
19365.0000 0.0221 79.8145 50.0000 39.2433 46.9675 51.2286
19366.0000 0.0235 80.0261 50.0000 38.7998 47.8832 51.0486
19367.0000 0.0277 80.1823 50.0000 37.9417 48.9041 50.9708
19368.0000 0.0270 80.6642 50.0000 38.2326 49.4616 50.9758
19369.0000 0.0212 80.0515 50.0000 39.0642 48.3000 50.4910
19370.0000 0.0235 80.3401 50.0000 38.9062 48.2129 51.1504
19371.0000 0.0244 80.1502 50.0000 38.7519 47.8724 51.2892
19372.0000 0.0200 79.8385 50.0000 39.2275 47.9725 50.3391
19373.0000 0.0184 80.0801 50.0000 39.5836 48.3306 50.1010
19374.0000 0.0199 80.3450 50.0000 39.7188 47.6204 51.0885
19375.0000 0.0232 80.0891 50.0000 39.4805 46.5740 51.8308
19376.0000 0.0258 79.7252 50.0000 38.9557 46.2882 51.9226
19377.0000 0.0226 79.6904 50.0000 39.1978 46.7139 51.3020
19378.0000 0.0207 79.6644 50.0000 39.5411 46.5737 51.1254
19379.0000 0.0183 79.2174 50.0000 40.2246 45.3821 50.9690
19380.0000 0.0204 79.3752 50.0000 39.6940 45.9424 51.1284
19381.0000 0.0176 78.7725 50.0000 39.7767 45.7386 50.3081
19382.0000 0.0194 79.0360 50.0000 39.1527 46.8546 50.1837
19383.0000 0.0191 78.7674 50.0000 39.1526 46.4932 50.0976
19384.0000 0.0211 78.6448 50.0000 38.8549 46.2259 50.3833
19385.0000 0.0209 79.0925 50.0000 38.9370 46.8818 50.4145
19386.0000 0.0248 79.1798 50.0000 38.7191 46.1850 51.3538
19387.0000 0.0234 78.6496 50.0000 38.6050 45.9934 50.7939
19388.0000 0.0178 78.6758 50.0000 39.4834 46.0850 50.0710
19389.0000 0.0203 78.9035 50.0000 39.1683 46.2366 50.5350
19390.0000 0.0186 78.7158 50.0000 39.0546 46.8833 49.7279
19391.0000 0.0199 78.5883 50.0000 38.4782 47.8978 49.0036
19392.0000 0.0208 78.4384 50.0000 38.2618 47.7642 49.0631
19393.0000 0.0226 78.3403 50.0000 37.8328 48.3477 48.6661
19394.0000 0.0221 78.5682 50.0000 38.0404 48.2144 49.0026
19395.0000 0.0229 78.6783 50.0000 37.9755 48.1764 49.2663
19396.0000 0.0252 78.5145 50.0000 37.5691 47.7807 49.7000
19397.0000 0.0252 78.4230 50.0000 37.4906 47.8920 49.5072
19398.0000 0.0202 77.9953 50.0000 38.1985 47.2578 48.8962
19399.0000 0.0203 77.8322 50.0000 38.1856 46.8149 49.0722
19400.0000 0.0204 77.6670 50.0000 38.1525 46.4780 49.1563
19401.0000 0.0277 77.9659 50.0000 37.3884 46.1268 50.5284
19402.0000 0.0271 78.1727 50.0000 37.3528 46.8078 50.2471
19403.0000 0.0279 77.8067 50.0000 37.2336 46.1579 50.3685
19404.0000 0.0290 77.6928 50.0000 37.0817 45.9687 50.4777
19405.0000 0.0243 77.5686 50.0000 37.7057 45.8744 49.9070
19406.0000 0.0209 77.5492 50.0000 38.4838 45.2832 49.8227
19407.0000 0.0210 77.5107 50.0000 38.4724 45.2289 49.8209
19408.0000 0.0268 77.5253 50.0000 37.0834 46.4302 49.7918
19409.0000 0.0295 77.4888 50.0000 36.6545 46.4524 50.0313
19410.0000 0.0247 77.2931 50.0000 37.3177 46.1707 49.4963
19411.0000 0.0229 77.1869 50.0000 37.5905 46.0029 49.2797
19412.0000 0.0212 77.1162 50.0000 37.7602 46.1499 48.9005
19413.0000 0.0232 77.3731 50.0000 37.4611 46.6294 49.0812
19414.0000 0.0235 76.8006 50.0000 37.0934 46.4479 48.6314
19415.0000 0.0184 76.9903 50.0000 38.0584 46.4534 48.1783
19416.0000 0.0196 77.0154 50.0000 37.8471 46.5477 48.2938
19417.0000 0.0178 76.9326 50.0000 38.0726 46.7625 47.7742
19418.0000 0.0225 77.4588 50.0000 37.4615 47.3734 48.5002
19419.0000 0.0217 77.5159 50.0000 37.5959 47.7116 48.1546
19420.0000 0.0200 77.3669 50.0000 37.9139 46.9097 48.4525
19421.0000 0.0205 77.1404 50.0000 37.6284 47.5347 47.6991
19422.0000 0.0187 77.0436 50.0000 38.0357 46.4790 48.2566
19423.0000 0.0156 76.6326 50.0000 38.3785 46.3079 47.4892
19424.0000 0.0148 76.6984 50.0000 38.5418 46.4893 47.2855
19425.0000 0.0155 76.4238 50.0000 38.3526 45.8772 47.5916
19426.0000 0.0170 76.2540 50.0000 38.0119 45.6906 47.7717
19427.0000 0.0164 76.2642 50.0000 38.1133 45.7807 47.6208
19428.0000 0.0175 76.1555 50.0000 38.0022 45.2632 48.0284
19429.0000 0.0154 75.6220 50.0000 38.2246 44.5977 47.6300
19430.0000 0.0151 75.5973 50.0000 38.1644 44.8608 47.3913
19431.0000 0.0153 75.5843 50.0000 38.1920 44.6828 47.5163
19432.0000 0.0148 75.8013 50.0000 38.8350 43.8371 48.1247
19433.0000 0.0146 75.9906 50.0000 38.6197 44.6622 47.8370
19434.0000 0.0161 75.7415 50.0000 37.9946 45.1440 47.4891
19435.0000 0.0129 75.2403 50.0000 38.2649 45.1112 46.4960
19436.0000 0.0125 75.4703 50.0000 38.4791 45.2192 46.5870
19437.0000 0.0096 75.3578 50.0000 39.1489 44.6527 46.3928
19438.0000 0.0104 75.3828 50.0000 38.9541 44.8140 46.4420
19439.0000 0.0126 75.4748 50.0000 39.0373 43.7148 47.5557
19440.0000 0.0126 75.5921 50.0000 39.2612 43.4996 47.7547
19441.0000 0.0166 75.4457 50.0000 38.1749 43.9674 47.9750
19442.0000 0.0157 75.3279 50.0000 38.0628 44.3316 47.5419
19443.0000 0.0157 75.7635 50.0000 38.4481 44.2469 48.0006
19444.0000 0.0154 75.4707 50.0000 38.3933 43.9660 47.8411
19445.0000 0.0190 75.6198 50.0000 38.1741 43.5154 48.6570
19446.0000 0.0173 75.5508 50.0000 38.0542 44.1401 48.0776
19447.0000 0.0157 75.3986 50.0000 38.1766 44.2051 47.6803
19448.0000 0.0191 75.4782 50.0000 38.0820 43.4448 48.5724
19449.0000 0.0168 75.2377 50.0000 38.0333 43.8491 47.8688
19450.0000 0.0140 75.4847 50.0000 38.6973 43.8931 47.6850
19451.0000 0.0117 75.3463 50.0000 38.8913 44.1641 47.0539
19452.0000 0.0119 75.5533 50.0000 38.9847 44.2402 47.2367
19453.0000 0.0111 75.4960 50.0000 39.5227 43.3783 47.4967
19454.0000 0.0111 75.8111 50.0000 39.3312 44.2590 47.3447
19455.0000 0.0132 76.0615 50.0000 38.9038 44.7322 47.6536
19456.0000 0.0142 75.8001 50.0000 38.5329 44.7148 47.5548
19457.0000 0.0128 75.7354 50.0000 38.9375 44.2616 47.5461
19458.0000 0.0143 76.1379 50.0000 39.2318 43.8048 48.3632
19459.0000 0.0119 75.7123 50.0000 39.4423 43.5749 47.7273
19460.0000 0.0149 75.8563 50.0000 38.9858 43.6214 48.2852
19461.0000 0.0135 75.4546 50.0000 39.0564 43.3494 47.8417
19462.0000 0.0098 75.2016 50.0000 39.7939 42.9642 47.1784
19463.0000 0.0109 74.9676 50.0000 39.8097 42.2997 47.3926
19464.0000 0.0103 74.6730 50.0000 39.1770 43.0471 46.7779
19465.0000 0.0058 74.7258 50.0000 40.1014 43.3214 45.8157
19466.0000 0.0055 74.9420 50.0000 41.0209 42.3033 46.3035
19467.0000 0.0060 74.7156 50.0000 41.0680 41.8102 46.3438
19468.0000 0.0057 74.6437 50.0000 40.6458 42.3622 46.0982
19469.0000 0.0050 74.5963 50.0000 40.9109 42.1936 45.9414
19470.0000 0.0056 74.4274 50.0000 40.9221 41.7675 46.0466
19471.0000 0.0059 74.7269 50.0000 41.1138 41.8292 46.3042
19472.0000 0.0061 74.5968 50.0000 41.1833 41.5361 46.2964
19473.0000 0.0053 74.2238 50.0000 41.0896 41.4420 45.8626
19474.0000 0.0059 74.2729 50.0000 40.5453 41.9430 45.9709
19475.0000 0.0043 74.0210 50.0000 41.0470 41.5851 45.4416
19476.0000 0.0042 74.1140 50.0000 41.2295 41.5250 45.4828
19477.0000 0.0073 73.9971 50.0000 40.4413 41.2853 46.2126
19478.0000 0.0092 73.9735 50.0000 39.7374 41.6018 46.5006
19479.0000 0.0120 73.8545 50.0000 39.5856 40.9438 47.0220
19480.0000 0.0146 73.6409 50.0000 39.0745 40.7315 47.2982
19481.0000 0.0142 73.8798 50.0000 39.8270 40.2498 47.4551
19482.0000 0.0138 73.7516 50.0000 39.4813 40.5403 47.2970
19483.0000 0.0128 73.7632 50.0000 38.9081 41.4869 46.9682
19484.0000 0.0172 73.7145 50.0000 38.4246 41.0794 47.6432
19485.0000 0.0144 73.9334 50.0000 38.9028 41.3293 47.3772
19486.0000 0.0132 74.0915 50.0000 39.0874 41.5595 47.2709
19487.0000 0.0157 73.8545 50.0000 39.3468 40.4347 47.6586
19488.0000 0.0133 73.5190 50.0000 39.3132 40.5671 47.0513
19489.0000 0.0111 73.4718 50.0000 39.9545 40.3027 46.6630
19490.0000 0.0098 74.1034 50.0000 40.1308 41.1105 46.8056
19491.0000 0.0110 73.8440 50.0000 39.9271 40.7562 46.8796
19492.0000 0.0096 73.8016 50.0000 40.1520 40.8040 46.5782
19493.0000 0.0125 73.4424 50.0000 39.1050 40.9176 46.8010
19494.0000 0.0119 73.2780 50.0000 39.2838 40.6392 46.6358
19495.0000 0.0105 73.6728 50.0000 39.8041 40.8166 46.6618
19496.0000 0.0101 73.7791 50.0000 39.8627 40.9653 46.6494
19497.0000 0.0103 73.8248 50.0000 39.9437 40.8910 46.7174
19498.0000 0.0133 73.9264 50.0000 39.6184 40.6996 47.3184
19499.0000 0.0115 74.0420 50.0000 39.9576 40.8575 47.0773
19500.0000 0.0124 74.1699 50.0000 39.8925 40.8634 47.3281
19501.0000 0.0123 73.9812 50.0000 39.3991 41.2360 47.1224
19502.0000 0.0088 73.8179 50.0000 40.2155 40.9381 46.4314
19503.0000 0.0118 74.2309 50.0000 39.8125 41.1725 47.2231
19504.0000 0.0144 74.1072 50.0000 38.9880 41.4299 47.4908
19505.0000 0.0132 73.9288 50.0000 39.3597 41.0325 47.2505
19506.0000 0.0153 74.3733 50.0000 39.7180 40.6979 47.9328
19507.0000 0.0148 74.2284 50.0000 40.0712 40.2600 47.7837
19508.0000 0.0153 74.3572 50.0000 39.5599 40.8578 47.9024
19509.0000 0.0115 74.3281 50.0000 40.2398 40.8620 47.2834
19510.0000 0.0120 74.3826 50.0000 40.1892 40.8625 47.4116
19511.0000 0.0141 74.3688 50.0000 40.2438 40.3787 47.7567
19512.0000 0.0129 74.2848 50.0000 40.0882 40.6695 47.5096
19513.0000 0.0176 74.4784 50.0000 39.6874 40.4087 48.3640
19514.0000 0.0208 74.4230 50.0000 39.3905 40.1221 48.7584
19515.0000 0.0209 74.5942 50.0000 39.6871 39.9754 48.8999
19516.0000 0.0201 74.5418 50.0000 39.3905 40.3633 48.7410
19517.0000 0.0284 74.7423 50.0000 38.6044 40.1203 49.8646
19518.0000 0.0304 74.9527 50.0000 38.6224 40.0537 50.2187
19519.0000 0.0280 74.7373 50.0000 39.1836 39.5709 49.8442
19520.0000 0.0246 75.0316 50.0000 39.6281 39.9219 49.6548
19521.0000 0.0241 74.8534 50.0000 39.4989 39.9452 49.4696
19522.0000 0.0312 75.2431 50.0000 38.8850 39.9653 50.5199
19523.0000 0.0245 74.9151 50.0000 38.6955 40.8254 49.4795
19524.0000 0.0154 74.6233 50.0000 39.4326 41.2905 48.0500
19525.0000 0.0155 74.7797 50.0000 39.4763 41.4005 48.1625
19526.0000 0.0162 74.9820 50.0000 39.3727 41.6293 48.3641
19527.0000 0.0167 74.7534 50.0000 39.2696 41.3743 48.3129
19528.0000 0.0148 74.3888 50.0000 39.1865 41.4393 47.7586
19529.0000 0.0187 74.6092 50.0000 39.0847 41.0329 48.5306
19530.0000 0.0172 74.8408 50.0000 39.3402 41.2947 48.4586
19531.0000 0.0183 74.9329 50.0000 38.7622 41.9116 48.5372
19532.0000 0.0207 74.8189 50.0000 38.7340 41.3352 48.8768
19533.0000 0.0198 75.0025 50.0000 38.6098 41.8831 48.7900
19534.0000 0.0244 75.2454 50.0000 38.2773 41.7331 49.5486
19535.0000 0.0229 75.1139 50.0000 38.7041 41.3215 49.3622
19536.0000 0.0179 74.8741 50.0000 38.8716 41.7819 48.4707
19537.0000 0.0171 75.3066 50.0000 38.9878 42.3344 48.5679
19538.0000 0.0133 75.0309 50.0000 39.5534 42.1168 47.8679
19539.0000 0.0117 74.8208 50.0000 39.2412 42.6876 47.2869
19540.0000 0.0100 74.6118 50.0000 39.3246 42.8197 46.7651
19541.0000 0.0092 74.7055 50.0000 39.2865 43.3105 46.4939
19542.0000 0.0110 74.6471 50.0000 39.1095 42.8727 46.9529
19543.0000 0.0092 74.5868 50.0000 39.0631 43.6142 46.2068
19544.0000 0.0111 74.6489 50.0000 38.8441 43.3498 46.7374
19545.0000 0.0088 74.4166 50.0000 39.2640 43.0787 46.2644
19546.0000 0.0098 74.4910 50.0000 39.3606 42.6399 46.7063
19547.0000 0.0075 74.1649 50.0000 39.2021 43.4053 45.6028
19548.0000 0.0084 74.6403 50.0000 39.7081 42.7883 46.5145
19549.0000 0.0117 74.6766 50.0000 39.0501 42.8152 47.1014
19550.0000 0.0126 74.3971 50.0000 38.5407 42.9881 46.9208
19551.0000 0.0132 74.2234 50.0000 38.4697 42.6390 47.0224
19552.0000 0.0111 74.2953 50.0000 39.1079 42.3455 46.8745
19553.0000 0.0123 74.4121 50.0000 39.0830 42.2232 47.1899
19554.0000 0.0095 73.9203 50.0000 39.3185 42.0177 46.3981
19555.0000 0.0080 74.0113 50.0000 39.5164 42.3349 46.0856
19556.0000 0.0095 73.8678 50.0000 39.2593 42.0282 46.3551
19557.0000 0.0100 73.6537 50.0000 39.0603 41.8785 46.3179
19558.0000 0.0123 73.2637 50.0000 38.2522 41.9147 46.3412
19559.0000 0.0120 73.0462 50.0000 38.4839 41.3542 46.3095
19560.0000 0.0118 72.9881 50.0000 38.6187 41.1264 46.3085
19561.0000 0.0124 72.9838 50.0000 38.6254 40.9640 46.4399
19562.0000 0.0107 73.1483 50.0000 38.6846 41.5449 46.1324
19563.0000 0.0124 73.4194 50.0000 38.6409 41.5207 46.6189
19564.0000 0.0110 73.1222 50.0000 38.4744 41.7475 46.0838
19565.0000 0.0115 73.1377 50.0000 38.4738 41.6088 46.2342
19566.0000 0.0102 73.1097 50.0000 38.3670 42.1458 45.7901
19567.0000 0.0075 72.7548 50.0000 38.6544 42.1557 44.9664
19568.0000 0.0082 73.1365 50.0000 38.7232 42.3006 45.3886
19569.0000 0.0094 73.0561 50.0000 38.5451 42.0408 45.6512
19570.0000 0.0138 73.2117 50.0000 37.6539 42.4052 46.3027
19571.0000 0.0113 73.4109 50.0000 37.8112 43.4589 45.5061
19572.0000 0.0094 73.5961 50.0000 38.7283 42.5372 45.9031
19573.0000 0.0109 73.3817 50.0000 38.4801 42.1302 46.1433
19574.0000 0.0093 73.2206 50.0000 38.7281 42.0181 45.7807
19575.0000 0.0099 73.5220 50.0000 39.2432 41.4757 46.3166
19576.0000 0.0087 73.3382 50.0000 39.1724 41.7004 45.8814
19577.0000 0.0097 73.6831 50.0000 39.7448 41.1004 46.4790
19578.0000 0.0102 73.9823 50.0000 39.5189 41.6242 46.6805
19579.0000 0.0116 73.8558 50.0000 39.1020 41.6499 46.8081
19580.0000 0.0121 73.7399 50.0000 38.9363 41.5847 46.8215
19581.0000 0.0143 73.6896 50.0000 38.6999 41.3020 47.1870
19582.0000 0.0151 74.0311 50.0000 38.4816 41.8581 47.4096
19583.0000 0.0131 74.2353 50.0000 38.9574 41.9568 47.2529
19584.0000 0.0133 73.8656 50.0000 38.3623 42.3009 46.8519
19585.0000 0.0142 74.1768 50.0000 38.3825 42.4228 47.2152
19586.0000 0.0133 74.0717 50.0000 38.4136 42.5014 46.9536
19587.0000 0.0148 73.7393 50.0000 37.8327 42.5458 46.8617
19588.0000 0.0167 73.9450 50.0000 37.5210 42.8445 47.1634
19589.0000 0.0199 74.2496 50.0000 37.3495 42.7341 47.8729
19590.0000 0.0183 74.0363 50.0000 37.4651 42.6439 47.5314
19591.0000 0.0158 73.9534 50.0000 37.5287 43.1391 46.9013
19592.0000 0.0182 74.2003 50.0000 37.5502 42.7632 47.6128
19593.0000 0.0144 74.0539 50.0000 37.7500 43.3333 46.7027
19594.0000 0.0131 74.1836 50.0000 38.1438 43.2339 46.6807
19595.0000 0.0118 74.4624 50.0000 38.5149 43.4032 46.6628
19596.0000 0.0115 74.4921 50.0000 39.1240 42.4883 47.0439
19597.0000 0.0145 74.7094 50.0000 38.7117 42.5642 47.6569
19598.0000 0.0122 74.4624 50.0000 38.6659 42.9839 46.9252
19599.0000 0.0095 74.3752 50.0000 39.2497 42.7511 46.5132
19600.0000 0.0095 74.7782 50.0000 39.3248 43.2365 46.6471
19601.0000 0.0112 74.9228 50.0000 39.0961 43.2586 47.0490
19602.0000 0.0155 75.1028 50.0000 38.2803 43.5730 47.7120
19603.0000 0.0135 75.0964 50.0000 38.8694 43.1358 47.6230
19604.0000 0.0115 75.0457 50.0000 39.1010 43.3345 47.1709
19605.0000 0.0105 75.0064 50.0000 39.1338 43.5845 46.8497
19606.0000 0.0088 74.7985 50.0000 39.6356 42.9774 46.6559
19607.0000 0.0098 74.7501 50.0000 39.8291 42.2905 47.0398
19608.0000 0.0125 74.7331 50.0000 40.0060 41.3703 47.6766
19609.0000 0.0124 74.9788 50.0000 40.2177 41.4448 47.8193
19610.0000 0.0109 75.1335 50.0000 40.1307 42.0768 47.5828
19611.0000 0.0111 75.0967 50.0000 39.9850 42.1756 47.5597
19612.0000 0.0112 74.5692 50.0000 40.0013 41.4866 47.3214
19613.0000 0.0126 74.8482 50.0000 39.8220 41.7021 47.7221
19614.0000 0.0119 75.1519 50.0000 39.8534 42.1971 47.7381
19615.0000 0.0163 75.5066 50.0000 39.2468 42.4038 48.6093
19616.0000 0.0125 75.2977 50.0000 39.9102 42.1724 47.9418
19617.0000 0.0119 75.1159 50.0000 39.2762 43.0004 47.4421
19618.0000 0.0095 75.2437 50.0000 39.6280 43.3844 47.0002
19619.0000 0.0107 75.1134 50.0000 39.8252 42.5293 47.4049
19620.0000 0.0090 75.1426 50.0000 40.3601 42.3274 47.1791
19621.0000 0.0111 75.0429 50.0000 39.8215 42.3150 47.4882
19622.0000 0.0121 74.7834 50.0000 39.4535 42.2394 47.4533
19623.0000 0.0132 74.5709 50.0000 39.3247 41.8565 47.5649
19624.0000 0.0122 74.4645 50.0000 38.9550 42.4899 47.1389
19625.0000 0.0154 74.5053 50.0000 38.5692 42.2863 47.7005
19626.0000 0.0148 74.6223 50.0000 38.6969 42.4117 47.6685
19627.0000 0.0199 74.7185 50.0000 38.5298 41.6156 48.6462
19628.0000 0.0150 74.3002 50.0000 39.0095 41.5194 47.6962
19629.0000 0.0190 74.8255 50.0000 38.9058 41.4477 48.6547
19630.0000 0.0130 74.4907 50.0000 38.7484 42.6279 47.2258
19631.0000 0.0108 74.1518 50.0000 39.5330 41.6630 46.9023
19632.0000 0.0106 74.1997 50.0000 39.6915 41.5564 46.9387
19633.0000 0.0086 73.9437 50.0000 39.6769 41.8052 46.3221
19634.0000 0.0071 73.5563 50.0000 39.6832 41.7754 45.7229
19635.0000 0.0100 73.9239 50.0000 38.9840 42.3805 46.3561
19636.0000 0.0122 74.1602 50.0000 39.0569 41.9530 47.0557
19637.0000 0.0119 74.2854 50.0000 39.7369 41.2964 47.2642
19638.0000 0.0108 74.2614 50.0000 39.4365 41.9087 46.9381
19639.0000 0.0085 74.4106 50.0000 39.9832 42.0291 46.6030
19640.0000 0.0074 74.3911 50.0000 39.7669 42.7070 46.1383
19641.0000 0.0072 74.3608 50.0000 39.8203 42.6270 46.1174
19642.0000 0.0094 74.2716 50.0000 39.5186 42.2150 46.6095
19643.0000 0.0086 74.1447 50.0000 39.3058 42.6443 46.1947
19644.0000 0.0117 74.3111 50.0000 38.8979 42.5316 46.9057
19645.0000 0.0101 74.2394 50.0000 39.3906 42.1655 46.7112
19646.0000 0.0115 74.5313 50.0000 39.0010 42.7482 46.9727
19647.0000 0.0146 74.2537 50.0000 38.3821 42.4345 47.3260
19648.0000 0.0147 74.7281 50.0000 38.5646 42.7867 47.6063
19649.0000 0.0097 74.5855 50.0000 39.2614 42.9981 46.6122
19650.0000 0.0086 74.5050 50.0000 39.2455 43.3204 46.1966
19651.0000 0.0105 74.1759 50.0000 38.7241 43.0472 46.3622
19652.0000 0.0107 74.0356 50.0000 39.0479 42.2235 46.6230
19653.0000 0.0095 74.0613 50.0000 39.0945 42.5802 46.2994
19654.0000 0.0088 74.0011 50.0000 39.0171 42.8890 45.9822
19655.0000 0.0078 73.8346 50.0000 38.7492 43.8390 45.0354
19656.0000 0.0072 73.7869 50.0000 39.0444 43.2773 45.2451
19657.0000 0.0105 74.1556 50.0000 38.7918 42.8974 46.4120
19658.0000 0.0059 74.8239 50.0000 39.8890 43.9813 45.5317
19659.0000 0.0065 74.8379 50.0000 39.7150 44.0129 45.6760
19660.0000 0.0071 74.5571 50.0000 39.7627 43.0751 46.0677
19661.0000 0.0089 74.6022 50.0000 39.1976 43.4619 46.2612
19662.0000 0.0077 74.5025 50.0000 39.4124 43.4228 45.9538
19663.0000 0.0100 74.5769 50.0000 38.7396 43.9391 46.1554
19664.0000 0.0108 74.7760 50.0000 38.4798 44.7821 45.8837
19665.0000 0.0093 74.7162 50.0000 39.0162 43.8786 46.2051
19666.0000 0.0074 74.6110 50.0000 39.3140 44.0839 45.5833
19667.0000 0.0075 74.5873 50.0000 39.3381 43.8798 45.7203
19668.0000 0.0084 75.0050 50.0000 39.5931 43.5593 46.4836
19669.0000 0.0096 75.0032 50.0000 39.2375 43.7476 46.6053
19670.0000 0.0087 74.7693 50.0000 39.2225 43.8262 46.1661
19671.0000 0.0100 74.9532 50.0000 39.0092 43.9654 46.5114
19672.0000 0.0098 74.7592 50.0000 39.0563 43.6059 46.4981
19673.0000 0.0096 74.6098 50.0000 39.6199 42.4779 46.8243
19674.0000 0.0060 74.9719 50.0000 40.6328 42.6989 46.3311
19675.0000 0.0037 74.9846 50.0000 40.9193 43.3229 45.5129
19676.0000 0.0049 74.9659 50.0000 40.5995 43.2452 45.8412
19677.0000 0.0030 74.6662 50.0000 41.0923 42.9699 45.1670
19678.0000 0.0037 74.9331 50.0000 40.8801 43.3200 45.4661
19679.0000 0.0048 75.2852 50.0000 40.4106 44.3459 45.4785
19680.0000 0.0048 75.2405 50.0000 40.3516 44.4914 45.3144
19681.0000 0.0061 75.2130 50.0000 39.9465 44.5373 45.5819
19682.0000 0.0073 75.1279 50.0000 39.6783 44.1833 46.0181
19683.0000 0.0069 75.0739 50.0000 39.7702 44.0882 45.9418
19684.0000 0.0060 75.0957 50.0000 40.1172 43.8112 45.9408
19685.0000 0.0054 74.9864 50.0000 40.0870 44.1706 45.4418
19686.0000 0.0075 75.0868 50.0000 39.7944 43.7191 46.2933
19687.0000 0.0089 74.9319 50.0000 39.3556 43.7077 46.4281
19688.0000 0.0097 74.9223 50.0000 39.1861 43.6484 46.6113
19689.0000 0.0108 75.1835 50.0000 39.1340 43.7270 47.0004
19690.0000 0.0112 75.2509 50.0000 39.4155 43.1862 47.3716
19691.0000 0.0088 75.2103 50.0000 39.9128 43.1281 46.9418
19692.0000 0.0089 74.6151 50.0000 40.4093 41.6258 46.9233
19693.0000 0.0092 74.4706 50.0000 39.8181 42.1354 46.7439
19694.0000 0.0109 74.5864 50.0000 39.9051 41.6934 47.2479
19695.0000 0.0099 74.2045 50.0000 39.5885 41.8803 46.7451
19696.0000 0.0065 74.0402 50.0000 40.0694 42.0569 45.9088
19697.0000 0.0087 74.1542 50.0000 39.8383 41.8479 46.4812
19698.0000 0.0084 74.1164 50.0000 39.8147 41.9001 46.3941
19699.0000 0.0076 74.0446 50.0000 39.7774 42.1292 46.1031
19700.0000 0.0095 73.9526 50.0000 39.4122 41.9313 46.4482
19701.0000 0.0087 73.8102 50.0000 39.7353 41.5453 46.2930
19702.0000 0.0073 73.9264 50.0000 40.1453 41.5755 46.0971
19703.0000 0.0098 74.0559 50.0000 39.4366 41.9249 46.5976
19704.0000 0.0089 74.3724 50.0000 39.3705 42.7558 46.4020
19705.0000 0.0112 74.8415 50.0000 39.3466 42.7270 47.1964
19706.0000 0.0085 74.8466 50.0000 39.9119 42.6965 46.7554
19707.0000 0.0066 74.8084 50.0000 40.1038 43.0805 46.1741
19708.0000 0.0056 75.0020 50.0000 40.9543 42.4330 46.3409
19709.0000 0.0069 74.7045 50.0000 40.1672 42.6967 46.3070
19710.0000 0.0060 74.6513 50.0000 40.4930 42.4776 46.1389
19711.0000 0.0047 74.8009 50.0000 41.1249 42.2864 45.9976
19712.0000 0.0050 74.6867 50.0000 40.8001 42.4784 45.9243
19713.0000 0.0054 74.8007 50.0000 40.9363 42.2905 46.1616
19714.0000 0.0054 74.9579 50.0000 41.0265 42.3547 46.2773
19715.0000 0.0046 74.5893 50.0000 41.0031 42.2131 45.8297
19716.0000 0.0048 74.7111 50.0000 40.6449 42.8023 45.8006
19717.0000 0.0036 74.7645 50.0000 41.1811 42.6536 45.5468
19718.0000 0.0040 74.8202 50.0000 41.1944 42.5272 45.7441
19719.0000 0.0072 74.4175 50.0000 39.7321 42.8836 46.0469
19720.0000 0.0054 74.3587 50.0000 40.2169 42.7515 45.6521
19721.0000 0.0058 74.2575 50.0000 40.1006 42.6000 45.7313
19722.0000 0.0049 74.3468 50.0000 40.4387 42.5887 45.5891
19723.0000 0.0052 74.1285 50.0000 40.0084 42.8444 45.3731
19724.0000 0.0058 74.2373 50.0000 39.8034 43.1266 45.4638
19725.0000 0.0050 74.0901 50.0000 39.8641 43.2498 45.0516
19726.0000 0.0030 73.7983 50.0000 40.5250 42.6515 44.5506
19727.0000 0.0037 73.9252 50.0000 40.5618 42.3691 44.9949
19728.0000 0.0037 73.9576 50.0000 41.0066 41.7714 45.2033
19729.0000 0.0033 73.6894 50.0000 40.5739 42.1851 44.7696
19730.0000 0.0022 73.7942 50.0000 40.7950 42.7220 44.2288
19731.0000 0.0019 73.8064 50.0000 40.9352 42.7037 44.1372
19732.0000 0.0034 74.0545 50.0000 40.3076 43.2830 44.5639
19733.0000 0.0042 74.1615 50.0000 39.9387 44.0357 44.3361
19734.0000 0.0057 74.4186 50.0000 39.6008 44.2991 44.8051
19735.0000 0.0082 74.1222 50.0000 38.7904 44.0671 45.2493
19736.0000 0.0104 74.5078 50.0000 38.4099 44.7521 45.5339
19737.0000 0.0094 74.4171 50.0000 38.5870 44.6560 45.3299
19738.0000 0.0129 74.4568 50.0000 37.8707 44.6953 45.9561
19739.0000 0.0127 74.3479 50.0000 37.8990 44.3736 46.0680
19740.0000 0.0120 74.5826 50.0000 38.3148 44.0065 46.4540
19741.0000 0.0122 74.5815 50.0000 38.1467 44.4375 46.1795
19742.0000 0.0154 74.9079 50.0000 37.7690 44.4561 46.9931
19743.0000 0.0223 75.1890 50.0000 37.2691 43.6104 48.6059
19744.0000 0.0208 75.4604 50.0000 37.9660 43.1731 48.8767
19745.0000 0.0240 75.7752 50.0000 37.7031 43.2794 49.4697
19746.0000 0.0245 75.5678 50.0000 37.1668 43.7601 49.1342
19747.0000 0.0240 75.5175 50.0000 36.9896 44.1672 48.8254
19748.0000 0.0212 75.0718 50.0000 37.0168 44.2347 48.0501
19749.0000 0.0197 75.1582 50.0000 37.6794 43.5122 48.3291
19750.0000 0.0234 75.1040 50.0000 37.0990 43.4941 48.7088
19751.0000 0.0252 75.1276 50.0000 37.4422 42.5736 49.2922
19752.0000 0.0257 75.3620 50.0000 36.8814 43.6825 49.1023
19753.0000 0.0257 75.4536 50.0000 37.0071 43.6012 49.2206
19754.0000 0.0270 75.5039 50.0000 36.7178 43.8548 49.2888
19755.0000 0.0278 75.6581 50.0000 36.6743 43.9665 49.4580
19756.0000 0.0237 75.2413 50.0000 36.7406 44.3266 48.4411
19757.0000 0.0201 74.9621 50.0000 37.0534 44.3793 47.7161
19758.0000 0.0206 75.2996 50.0000 36.9416 45.1199 47.6398
19759.0000 0.0228 74.7873 50.0000 36.5803 44.2032 47.9698
19760.0000 0.0212 74.7386 50.0000 36.7614 44.2475 47.7140
19761.0000 0.0189 74.2851 50.0000 37.1740 43.3865 47.4761
19762.0000 0.0142 73.9110 50.0000 37.8562 42.9627 46.7327
19763.0000 0.0152 73.6920 50.0000 37.3741 43.2552 46.5045
19764.0000 0.0162 74.3447 50.0000 37.6025 43.4940 47.1324
19765.0000 0.0173 74.7426 50.0000 37.8309 43.3237 47.7320
19766.0000 0.0149 74.4113 50.0000 38.0446 43.1587 47.1909
19767.0000 0.0174 74.3995 50.0000 37.8441 42.7460 47.7063
19768.0000 0.0178 74.5481 50.0000 37.3738 43.7545 47.3937
19769.0000 0.0144 74.4811 50.0000 37.9453 43.6458 46.9323
19770.0000 0.0151 75.0854 50.0000 38.5987 43.1167 47.8425
19771.0000 0.0138 75.2721 50.0000 38.8488 43.3416 47.7302
19772.0000 0.0104 75.0907 50.0000 39.2460 43.5143 46.9560
19773.0000 0.0123 75.1962 50.0000 39.0950 43.2833 47.4615
19774.0000 0.0115 75.0996 50.0000 39.2524 43.1268 47.3211
19775.0000 0.0115 75.5676 50.0000 39.9618 42.6861 47.8687
19776.0000 0.0074 75.0507 50.0000 40.6844 42.2547 46.8181
19777.0000 0.0072 75.0178 50.0000 40.4907 42.5472 46.6680
19778.0000 0.0083 74.8500 50.0000 40.4631 42.0142 46.9049
19779.0000 0.0084 74.6628 50.0000 40.7461 41.4503 46.8631
19780.0000 0.0091 74.9617 50.0000 40.3949 42.0213 47.1351
19781.0000 0.0128 74.8469 50.0000 40.1057 41.3264 47.8092
19782.0000 0.0170 75.0809 50.0000 39.7583 41.1327 48.6264
19783.0000 0.0137 75.1598 50.0000 39.8406 41.8035 48.1061
19784.0000 0.0132 74.9169 50.0000 39.6762 41.8210 47.8471
19785.0000 0.0177 75.0744 50.0000 39.3035 41.5185 48.6581
19786.0000 0.0162 74.8451 50.0000 39.3835 41.4577 48.2906
19787.0000 0.0118 74.5404 50.0000 39.2718 42.2563 47.2059
19788.0000 0.0135 74.2306 50.0000 38.8243 42.0365 47.2841
19789.0000 0.0140 74.4182 50.0000 38.9583 41.9505 47.5445
19790.0000 0.0121 74.3519 50.0000 39.3616 41.8097 47.2315
19791.0000 0.0115 74.4570 50.0000 38.9574 42.6968 46.9378
19792.0000 0.0090 74.4508 50.0000 39.2053 43.1571 46.2961
19793.0000 0.0127 74.4867 50.0000 38.5589 43.0383 47.0019
19794.0000 0.0141 74.5331 50.0000 37.8123 44.2178 46.5855
19795.0000 0.0117 74.3258 50.0000 38.2678 43.8201 46.2568
19796.0000 0.0114 74.1770 50.0000 38.1799 43.9016 46.0127
19797.0000 0.0137 74.3895 50.0000 37.8821 43.9242 46.5769
19798.0000 0.0103 74.0624 50.0000 38.4225 43.6043 45.9088
19799.0000 0.0098 74.0297 50.0000 38.6897 43.1532 46.0577
19800.0000 0.0114 74.5553 50.0000 38.3079 44.3797 46.0592
19801.0000 0.0097 74.5594 50.0000 38.7171 44.1934 45.9026
19802.0000 0.0104 74.7277 50.0000 38.5758 44.5666 45.9343
19803.0000 0.0098 74.9539 50.0000 38.8007 44.8516 45.8358
19804.0000 0.0109 74.5413 50.0000 38.3234 44.7033 45.7092
19805.0000 0.0096 74.8735 50.0000 38.7658 45.1382 45.4510
19806.0000 0.0085 74.8707 50.0000 39.1931 44.2636 45.9376
19807.0000 0.0106 74.8900 50.0000 38.9435 43.7301 46.6862
19808.0000 0.0095 74.7323 50.0000 38.9644 43.9618 46.1957
19809.0000 0.0067 74.7697 50.0000 39.6384 43.9793 45.6632
19810.0000 0.0049 75.1251 50.0000 40.2159 44.7472 44.9905
19811.0000 0.0095 75.9201 50.0000 39.3719 45.4033 46.3924
19812.0000 0.0079 76.0459 50.0000 39.8191 45.5605 46.0614
19813.0000 0.0048 75.5825 50.0000 40.6355 44.3521 45.7642
19814.0000 0.0059 75.9621 50.0000 40.4835 44.7195 46.1681
19815.0000 0.0062 75.6274 50.0000 40.2260 44.4868 46.0684
19816.0000 0.0057 75.8394 50.0000 40.6155 44.2125 46.3385
19817.0000 0.0056 75.7693 50.0000 40.4605 44.6241 45.9632
19818.0000 0.0054 75.9513 50.0000 40.7010 44.4551 46.2145
19819.0000 0.0066 76.1823 50.0000 40.3805 44.8896 46.4552
19820.0000 0.0087 76.0873 50.0000 39.6725 45.3620 46.4506
19821.0000 0.0099 75.8811 50.0000 39.3553 44.9798 46.7538
19822.0000 0.0088 75.8629 50.0000 39.5979 44.9688 46.5295
19823.0000 0.0105 75.7771 50.0000 39.5914 43.8971 47.4102
19824.0000 0.0128 75.8620 50.0000 39.0170 44.2862 47.6597
19825.0000 0.0100 75.6662 50.0000 39.4540 44.2229 47.0435
19826.0000 0.0109 75.5229 50.0000 39.5364 43.4754 47.4391
19827.0000 0.0115 75.1616 50.0000 39.3474 43.0703 47.3920
19828.0000 0.0096 75.1328 50.0000 40.1124 42.4625 47.2533
19829.0000 0.0108 75.1161 50.0000 39.8508 42.4529 47.4562
19830.0000 0.0105 75.2122 50.0000 40.6830 41.6236 47.6366
19831.0000 0.0090 75.0034 50.0000 40.5875 41.8507 47.1877
19832.0000 0.0079 75.1495 50.0000 39.9264 43.3620 46.6162
19833.0000 0.0099 74.9067 50.0000 39.6359 42.7514 47.0354
19834.0000 0.0081 74.9319 50.0000 40.2644 42.4451 46.8186
19835.0000 0.0090 74.7641 50.0000 40.1800 42.0730 46.9584
19836.0000 0.0124 75.0471 50.0000 39.2464 42.8001 47.5389
19837.0000 0.0139 75.2247 50.0000 39.4128 42.3983 48.0394
19838.0000 0.0128 75.1946 50.0000 39.5728 42.4168 47.8438
19839.0000 0.0151 75.0592 50.0000 39.3447 41.9980 48.1877
19840.0000 0.0129 75.0962 50.0000 39.3243 42.5967 47.7342
19841.0000 0.0144 75.0345 50.0000 38.9648 42.6592 47.8760
19842.0000 0.0128 74.9477 50.0000 39.5078 42.1716 47.7268
19843.0000 0.0118 74.8533 50.0000 39.5976 42.1958 47.4823
19844.0000 0.0142 74.8320 50.0000 39.3082 41.9717 47.8860
19845.0000 0.0141 74.9157 50.0000 39.3804 41.9944 47.9377
19846.0000 0.0134 75.0586 50.0000 39.3143 42.4420 47.8211
19847.0000 0.0150 75.3216 50.0000 39.4393 42.2193 48.3263
19848.0000 0.0134 75.6183 50.0000 39.5657 42.8223 48.1554
19849.0000 0.0127 75.6190 50.0000 39.8004 42.6826 48.0870
19850.0000 0.0126 75.6622 50.0000 39.7832 42.7844 48.0787
19851.0000 0.0122 75.5352 50.0000 39.6305 42.9260 47.8786
19852.0000 0.0104 75.0004 50.0000 39.6324 42.7354 47.2020
19853.0000 0.0119 74.9712 50.0000 39.1693 42.9743 47.3250
19854.0000 0.0126 74.5898 50.0000 38.7506 42.8800 47.1523
19855.0000 0.0126 74.5692 50.0000 38.5090 43.2985 46.9347
19856.0000 0.0147 74.7551 50.0000 38.6931 42.6226 47.6915
19857.0000 0.0140 74.7229 50.0000 38.7408 42.6724 47.5577
19858.0000 0.0132 74.9688 50.0000 39.3201 42.3741 47.7356
19859.0000 0.0116 75.1828 50.0000 39.5533 42.7372 47.5555
19860.0000 0.0106 75.0592 50.0000 39.2591 43.3747 47.0239
19861.0000 0.0105 74.9287 50.0000 39.1964 43.3175 46.9207
19862.0000 0.0120 74.8969 50.0000 38.6904 43.6845 46.9496
19863.0000 0.0137 74.9513 50.0000 38.3992 43.7264 47.2356
19864.0000 0.0171 75.2395 50.0000 38.0730 43.6814 47.9933
19865.0000 0.0207 74.8796 50.0000 37.3754 43.3872 48.2451
19866.0000 0.0165 74.8095 50.0000 38.0599 43.2400 47.7305
19867.0000 0.0147 74.4632 50.0000 38.4856 42.5320 47.4833
19868.0000 0.0136 74.6765 50.0000 38.6741 42.8461 47.3826
19869.0000 0.0141 74.9265 50.0000 38.3626 43.6041 47.3389
19870.0000 0.0164 74.7847 50.0000 38.0461 43.2443 47.6988
19871.0000 0.0143 74.5213 50.0000 38.2232 43.1757 47.2046
19872.0000 0.0180 74.5572 50.0000 37.7242 43.0352 47.7874
19873.0000 0.0139 74.8126 50.0000 38.5356 43.1799 47.4071
19874.0000 0.0167 75.1281 50.0000 38.2104 43.3689 47.9932
19875.0000 0.0195 75.1837 50.0000 37.6582 43.6549 48.2566
19876.0000 0.0193 74.8540 50.0000 37.3070 43.9066 47.7862
19877.0000 0.0172 74.7960 50.0000 37.5772 43.9314 47.4598
19878.0000 0.0200 75.0026 50.0000 37.4206 43.6819 48.1349
19879.0000 0.0202 74.9366 50.0000 37.1737 44.0211 47.9140
19880.0000 0.0219 74.7114 50.0000 36.6726 44.1621 47.8186
19881.0000 0.0216 74.4082 50.0000 36.8823 43.3284 47.9472
19882.0000 0.0183 74.4943 50.0000 36.9964 44.3918 47.0110
19883.0000 0.0225 74.5298 50.0000 36.3692 44.3849 47.5601
19884.0000 0.0207 74.4725 50.0000 36.9255 43.6288 47.7409
19885.0000 0.0174 74.2372 50.0000 37.6368 42.8937 47.4844
19886.0000 0.0168 74.2369 50.0000 37.6324 43.0645 47.3325
19887.0000 0.0210 73.9818 50.0000 37.4730 41.9019 48.0970
19888.0000 0.0149 73.7563 50.0000 38.0031 42.2627 47.0067
19889.0000 0.0133 73.8296 50.0000 38.2121 42.4838 46.7522
19890.0000 0.0149 74.1504 50.0000 38.2141 42.4842 47.2552
19891.0000 0.0185 74.0682 50.0000 37.9850 41.8224 47.8970
19892.0000 0.0192 74.3072 50.0000 37.8344 42.2123 48.0442
19893.0000 0.0146 74.2656 50.0000 38.1564 42.8186 47.1809
19894.0000 0.0168 74.0493 50.0000 37.9880 42.1985 47.5342
19895.0000 0.0128 74.0904 50.0000 38.5545 42.4309 46.9314
19896.0000 0.0122 73.9299 50.0000 38.5371 42.4107 46.7102
19897.0000 0.0116 73.8571 50.0000 38.6029 42.3962 46.5538
19898.0000 0.0157 74.0244 50.0000 38.3215 41.9336 47.4621
19899.0000 0.0170 74.1260 50.0000 37.7827 42.5742 47.4822
19900.0000 0.0201 74.1014 50.0000 37.4490 42.3023 47.9490
19901.0000 0.0194 74.0784 50.0000 37.4970 42.3762 47.8105
19902.0000 0.0176 74.1784 50.0000 37.4719 43.0180 47.4104
19903.0000 0.0199 74.3332 50.0000 37.7012 42.2868 48.1234
19904.0000 0.0166 74.0524 50.0000 37.7199 42.6953 47.3084
19905.0000 0.0165 73.9842 50.0000 37.6871 42.6687 47.2517
19906.0000 0.0194 74.0507 50.0000 37.1518 42.9168 47.5541
19907.0000 0.0214 74.0163 50.0000 36.4203 43.7212 47.3333
19908.0000 0.0159 74.3076 50.0000 37.7060 43.3037 47.1664
19909.0000 0.0191 74.7086 50.0000 37.7828 42.8578 48.1357
19910.0000 0.0172 74.3515 50.0000 37.8096 42.8142 47.5975
19911.0000 0.0177 74.3148 50.0000 37.8996 42.4775 47.7700
19912.0000 0.0186 74.2039 50.0000 37.5248 42.7025 47.6928
19913.0000 0.0191 74.5988 50.0000 38.0482 42.2984 48.2510
19914.0000 0.0156 74.2786 50.0000 38.2444 42.4304 47.4799
19915.0000 0.0198 74.5311 50.0000 37.8066 42.4148 48.2341
19916.0000 0.0219 74.6845 50.0000 37.2981 42.9254 48.4153
19917.0000 0.0210 74.7192 50.0000 37.0768 43.6205 48.0158
19918.0000 0.0224 74.5969 50.0000 36.8403 43.4760 48.1386
19919.0000 0.0262 74.6449 50.0000 36.8467 42.6296 48.9582
19920.0000 0.0282 74.8660 50.0000 36.5980 42.9011 49.2443
19921.0000 0.0247 74.6107 50.0000 36.8066 42.9809 48.6279
19922.0000 0.0244 74.4292 50.0000 36.7498 42.8910 48.4718
19923.0000 0.0247 74.5213 50.0000 36.8123 42.8445 48.6068
19924.0000 0.0228 74.1434 50.0000 36.8310 42.7351 48.1085
19925.0000 0.0213 74.3040 50.0000 36.7241 43.5748 47.6829
19926.0000 0.0211 74.4854 50.0000 36.8818 43.6049 47.8166
19927.0000 0.0210 74.6488 50.0000 36.8682 43.9446 47.7709
19928.0000 0.0199 74.2951 50.0000 37.1707 43.1155 47.7405
19929.0000 0.0221 74.7800 50.0000 36.7649 44.0049 47.9996
19930.0000 0.0238 74.8447 50.0000 36.5532 44.0310 48.2376
19931.0000 0.0269 75.3247 50.0000 36.4043 44.2008 48.9369
19932.0000 0.0221 75.2282 50.0000 36.8450 44.6127 48.0774
19933.0000 0.0214 74.8043 50.0000 36.4471 45.2335 47.1299
19934.0000 0.0163 74.4952 50.0000 37.1750 44.9936 46.2938
19935.0000 0.0160 75.0209 50.0000 37.4821 45.3669 46.5304
19936.0000 0.0142 74.4063 50.0000 37.5179 44.9783 45.8875
19937.0000 0.0146 74.2836 50.0000 37.3799 45.0234 45.7569
19938.0000 0.0143 74.4594 50.0000 37.7870 44.0358 46.6603
19939.0000 0.0134 74.5134 50.0000 38.0719 43.8241 46.7143
19940.0000 0.0131 74.7934 50.0000 38.1536 44.3155 46.6315
19941.0000 0.0137 74.4255 50.0000 38.1301 43.4124 46.9108
19942.0000 0.0147 74.2346 50.0000 38.2265 42.6295 47.2466
19943.0000 0.0182 74.6004 50.0000 38.1359 42.3835 48.1093
19944.0000 0.0181 74.8506 50.0000 38.2391 42.5716 48.2497
19945.0000 0.0174 74.7484 50.0000 37.9066 43.1582 47.8308
19946.0000 0.0175 74.7553 50.0000 37.8162 43.3073 47.7783
19947.0000 0.0175 75.0248 50.0000 37.9935 43.3860 47.9882
19948.0000 0.0181 75.2748 50.0000 37.9500 43.6571 48.1681
19949.0000 0.0209 75.1855 50.0000 37.6185 43.3429 48.5705
19950.0000 0.0230 75.3956 50.0000 37.7654 42.9162 49.1576
19951.0000 0.0225 75.1114 50.0000 37.3933 43.2177 48.7410
19952.0000 0.0205 74.7287 50.0000 37.3922 43.1715 48.1915
19953.0000 0.0200 74.9860 50.0000 37.6336 43.2603 48.3235
19954.0000 0.0175 74.9970 50.0000 37.7485 43.8080 47.7542
19955.0000 0.0169 74.9536 50.0000 37.9594 43.5051 47.7957
19956.0000 0.0183 75.0201 50.0000 37.9950 43.1397 48.2013
19957.0000 0.0182 74.5913 50.0000 37.6305 43.1745 47.7888
19958.0000 0.0181 74.7707 50.0000 37.8571 43.0734 47.9810
19959.0000 0.0200 74.8983 50.0000 37.5698 43.2538 48.2429
19960.0000 0.0198 74.9259 50.0000 37.5764 43.3256 48.2161
19961.0000 0.0202 75.0981 50.0000 37.7084 43.2544 48.4444
19962.0000 0.0197 75.0345 50.0000 37.8749 43.0040 48.4388
19963.0000 0.0164 75.2238 50.0000 38.4117 43.2676 48.0736
19964.0000 0.0155 75.4060 50.0000 38.5857 43.4943 48.0151
19965.0000 0.0173 75.5566 50.0000 38.2115 43.8366 48.2393
19966.0000 0.0197 75.9929 50.0000 37.8556 44.4543 48.6384
19967.0000 0.0188 76.1911 50.0000 38.2331 44.3114 48.7833
19968.0000 0.0227 76.6143 50.0000 37.9948 44.2765 49.6562
19969.0000 0.0249 76.4055 50.0000 37.5137 44.2575 49.7172
19970.0000 0.0219 76.2578 50.0000 38.3083 43.4783 49.5718
19971.0000 0.0166 75.7716 50.0000 38.8295 43.2890 48.5765
19972.0000 0.0196 75.6113 50.0000 38.6759 42.5914 49.0634
19973.0000 0.0137 75.3327 50.0000 39.3780 42.6341 48.0284
19974.0000 0.0147 75.4485 50.0000 39.1749 42.8118 48.2177
19975.0000 0.0174 75.5762 50.0000 38.6260 43.1332 48.5729
19976.0000 0.0182 75.3672 50.0000 38.5880 42.7122 48.6503
19977.0000 0.0190 75.0158 50.0000 38.2827 42.5231 48.5139
19978.0000 0.0212 75.1330 50.0000 38.5436 41.8469 49.0734
19979.0000 0.0220 75.2433 50.0000 39.1180 41.1402 49.3844
19980.0000 0.0212 75.7842 50.0000 39.0874 41.9439 49.5593
19981.0000 0.0188 75.8935 50.0000 39.8161 41.6572 49.3879
19982.0000 0.0161 75.8681 50.0000 40.1355 41.7913 48.9754
19983.0000 0.0161 75.9044 50.0000 40.2184 41.7264 49.0191
19984.0000 0.0164 75.7991 50.0000 40.1593 41.6235 48.9920
19985.0000 0.0166 75.6479 50.0000 39.6706 41.9654 48.8646
19986.0000 0.0165 75.5755 50.0000 39.3250 42.3391 48.7094
19987.0000 0.0177 75.5033 50.0000 39.3144 42.0264 48.8765
19988.0000 0.0179 75.5905 50.0000 39.6861 41.6281 49.0513
19989.0000 0.0168 75.2220 50.0000 39.6409 41.4692 48.6546
19990.0000 0.0201 75.4375 50.0000 39.5895 41.1575 49.2905
19991.0000 0.0198 75.4137 50.0000 39.2150 41.6235 49.1619
19992.0000 0.0190 75.2079 50.0000 39.2432 41.4980 48.9296
19993.0000 0.0164 75.4465 50.0000 39.6585 41.7872 48.7156
19994.0000 0.0133 75.2445 50.0000 40.0032 41.7981 48.1081
19995.0000 0.0135 75.4151 50.0000 39.8115 42.1956 48.1874
19996.0000 0.0102 75.1760 50.0000 40.1868 42.2371 47.4604
19997.0000 0.0077 74.8765 50.0000 40.6382 42.0240 46.7869
19998.0000 0.0086 74.7687 50.0000 40.1157 42.2896 46.8260
19999.0000 0.0098 74.5162 50.0000 39.3661 42.6581 46.7254
20000.0000 0.0099 74.6811 50.0000 39.5148 42.6343 46.8847
