# Time(ns) Kappa2 Rg(A) Size L_minor(A) L_mid(A) L_major(A)
# Generated from /data/jychen/MD_projects/curvature_phase/Alpha-Synuclein/martini3001/Martini_alhx/mdrun/M3IDP/W_cluster/alhx_700/TR_Mdvwhole/clus_centered.xtc
# AvgKappa2=0.0959+-0.0370
10000.0000 0.1555 75.1469 49.0000 31.9533 35.5772 57.9682
10001.0000 0.1492 74.6800 49.0000 31.9613 35.6040 57.3405
10002.0000 0.1494 74.4566 49.0000 31.7700 35.5735 57.1750
10003.0000 0.1513 74.3879 49.0000 31.7066 35.4383 57.2047
10004.0000 0.1564 74.6330 49.0000 31.5899 35.4148 57.6016
10005.0000 0.1577 74.7685 49.0000 31.9432 35.0910 57.7804
10006.0000 0.1563 74.9352 49.0000 32.2610 35.0263 57.8591
10007.0000 0.1510 74.5892 49.0000 32.1213 35.2293 57.3643
10008.0000 0.1497 74.2174 49.0000 32.0240 35.0836 57.0248
10009.0000 0.1515 74.3994 49.0000 32.1307 35.0113 57.2459
10010.0000 0.1582 74.6916 49.0000 31.9956 34.9400 57.7435
10011.0000 0.1576 74.8114 49.0000 32.1322 34.9487 57.8174
10012.0000 0.1587 74.8983 49.0000 31.9180 35.1616 57.9194
10013.0000 0.1583 74.7859 49.0000 32.0057 35.0040 57.8212
10014.0000 0.1470 74.5214 49.0000 32.3019 35.2731 57.1475
10015.0000 0.1466 74.6247 49.0000 32.6420 35.0505 57.2259
10016.0000 0.1456 74.4174 49.0000 32.3641 35.2159 57.0119
10017.0000 0.1520 74.4775 49.0000 32.3402 34.8367 57.3360
10018.0000 0.1491 74.5365 49.0000 32.4926 34.9428 57.2619
10019.0000 0.1448 74.3046 49.0000 32.4972 35.0372 56.8990
10020.0000 0.1482 74.5830 49.0000 32.6708 34.8732 57.2635
10021.0000 0.1496 74.3882 49.0000 32.4557 34.8096 57.1710
10022.0000 0.1497 74.2716 49.0000 32.4986 34.6542 57.0894
10023.0000 0.1492 74.2109 49.0000 32.2896 34.8459 57.0122
10024.0000 0.1532 74.1344 49.0000 32.1776 34.6053 57.1225
10025.0000 0.1480 73.9168 49.0000 32.1505 34.8011 56.7355
10026.0000 0.1516 74.1685 49.0000 32.2139 34.7119 57.0816
10027.0000 0.1443 73.8332 49.0000 32.2510 34.8927 56.5129
10028.0000 0.1440 73.6883 49.0000 32.2769 34.7516 56.3958
10029.0000 0.1439 73.5872 49.0000 32.4746 34.4719 56.3219
10030.0000 0.1432 73.9538 49.0000 32.7225 34.6058 56.5760
10031.0000 0.1387 73.9075 49.0000 32.6292 34.9835 56.3367
10032.0000 0.1470 74.0829 49.0000 32.2458 34.9296 56.8191
10033.0000 0.1474 74.1861 49.0000 32.2464 34.9915 56.9153
10034.0000 0.1444 74.2533 49.0000 31.9604 35.5594 56.8121
10035.0000 0.1454 74.0901 49.0000 31.9252 35.3765 56.7330
10036.0000 0.1450 74.0288 49.0000 32.4310 34.8411 56.6974
10037.0000 0.1544 74.1982 49.0000 31.9654 34.7917 57.2112
10038.0000 0.1450 73.9580 49.0000 32.2781 34.9280 56.6387
10039.0000 0.1418 73.6266 49.0000 32.2871 34.8421 56.2534
10040.0000 0.1458 73.6829 49.0000 32.2476 34.6482 56.4692
10041.0000 0.1523 73.8307 49.0000 32.3244 34.2502 56.8597
10042.0000 0.1583 74.0941 49.0000 31.9695 34.4216 57.2978
10043.0000 0.1561 74.2754 49.0000 32.0236 34.6818 57.3454
10044.0000 0.1533 73.9278 49.0000 32.3342 34.2518 56.9792
10045.0000 0.1481 73.7746 49.0000 32.0791 34.7413 56.6275
10046.0000 0.1554 74.0279 49.0000 32.1265 34.4058 57.1337
10047.0000 0.1398 73.7617 49.0000 32.4157 34.9829 56.2690
10048.0000 0.1324 73.5750 49.0000 32.5264 35.2394 55.7986
10049.0000 0.1349 73.6713 49.0000 32.2265 35.4527 55.9644
10050.0000 0.1327 73.8672 49.0000 32.1147 35.9133 55.9932
10051.0000 0.1381 74.1284 49.0000 32.1598 35.7052 56.4437
10052.0000 0.1376 73.8595 49.0000 32.0943 35.5606 56.2194
10053.0000 0.1398 73.8086 49.0000 32.0574 35.3903 56.2811
10054.0000 0.1380 73.7235 49.0000 32.0675 35.4351 56.1354
10055.0000 0.1398 73.6095 49.0000 31.9533 35.3150 56.1266
10056.0000 0.1390 73.6479 49.0000 31.9580 35.3987 56.1216
10057.0000 0.1410 73.7124 49.0000 32.0546 35.2181 56.2646
10058.0000 0.1347 73.6549 49.0000 32.5680 35.1054 55.9642
10059.0000 0.1310 73.7410 49.0000 33.0405 34.9765 55.8812
10060.0000 0.1304 73.7841 49.0000 33.0910 35.0110 55.8866
10061.0000 0.1257 73.6142 49.0000 33.1631 35.1347 55.5411
10062.0000 0.1311 74.0415 49.0000 33.1496 35.1385 56.1118
10063.0000 0.1358 74.2807 49.0000 33.0993 35.0673 56.5009
10064.0000 0.1299 74.0502 49.0000 33.2541 35.1310 56.0661
10065.0000 0.1292 73.9377 49.0000 33.1882 35.1443 55.9482
10066.0000 0.1285 73.8855 49.0000 33.0794 35.2598 55.8709
10067.0000 0.1262 74.2749 49.0000 33.5686 35.3029 56.0681
10068.0000 0.1291 74.3480 49.0000 33.5245 35.1950 56.2587
10069.0000 0.1241 74.2829 49.0000 33.7357 35.2996 55.9802
10070.0000 0.1268 74.2567 49.0000 33.9043 34.9055 56.0906
10071.0000 0.1264 74.3403 49.0000 33.8277 35.0845 56.1360
10072.0000 0.1305 74.0530 49.0000 33.5781 34.7613 56.1071
10073.0000 0.1335 74.3267 49.0000 33.5705 34.8002 56.4485
10074.0000 0.1376 74.6380 49.0000 33.5249 34.8298 56.8665
10075.0000 0.1346 74.4188 49.0000 33.6211 34.7516 56.5694
10076.0000 0.1365 74.5065 49.0000 33.4985 34.8187 56.7162
10077.0000 0.1348 74.5814 49.0000 33.8720 34.6361 56.7046
10078.0000 0.1337 74.4128 49.0000 33.9361 34.5021 56.5262
10079.0000 0.1378 74.3727 49.0000 33.8453 34.2556 56.6776
10080.0000 0.1396 74.3624 49.0000 33.4106 34.5454 56.7461
10081.0000 0.1343 74.1879 49.0000 33.4680 34.7219 56.3749
10082.0000 0.1384 74.2200 49.0000 33.2289 34.6912 56.5771
10083.0000 0.1345 74.1055 49.0000 33.5704 34.5227 56.3278
10084.0000 0.1328 74.0402 49.0000 33.7703 34.3909 56.2030
10085.0000 0.1408 74.3548 49.0000 33.5272 34.3362 56.7943
10086.0000 0.1379 74.2606 49.0000 33.5139 34.4737 56.5952
10087.0000 0.1327 74.1223 49.0000 33.5749 34.6684 56.2578
10088.0000 0.1313 73.9317 49.0000 33.4299 34.7429 56.0469
10089.0000 0.1313 73.9122 49.0000 33.2994 34.8555 56.0291
10090.0000 0.1312 73.8769 49.0000 33.4601 34.6711 56.0011
10091.0000 0.1397 74.0788 49.0000 33.1691 34.5242 56.5292
10092.0000 0.1377 74.1773 49.0000 33.5933 34.3327 56.5246
10093.0000 0.1334 73.7313 49.0000 33.2945 34.5413 55.9882
10094.0000 0.1363 74.0019 49.0000 33.2223 34.6452 56.3229
10095.0000 0.1342 73.9941 49.0000 32.8661 35.1547 56.2058
10096.0000 0.1290 73.9184 49.0000 33.1836 35.1482 55.9230
10097.0000 0.1263 73.8316 49.0000 33.3523 35.1008 55.7374
10098.0000 0.1238 74.0026 49.0000 33.3568 35.4452 55.7436
10099.0000 0.1304 74.2509 49.0000 33.3741 35.1641 56.2393
10100.0000 0.1273 74.5169 49.0000 33.2815 35.7381 56.2841
10101.0000 0.1294 74.4922 49.0000 33.4031 35.4322 56.3728
10102.0000 0.1310 74.3779 49.0000 33.3551 35.2553 56.3611
10103.0000 0.1201 74.0864 49.0000 33.3754 35.7878 55.6247
10104.0000 0.1188 74.0025 49.0000 33.5345 35.6447 55.5092
10105.0000 0.1200 74.1367 49.0000 33.8022 35.4113 55.6750
10106.0000 0.1188 73.9999 49.0000 33.3620 35.8253 55.4934
10107.0000 0.1147 74.1327 49.0000 33.5646 36.0633 55.3942
10108.0000 0.1161 74.2043 49.0000 33.4113 36.1745 55.5100
10109.0000 0.1213 74.2488 49.0000 32.9370 36.2973 55.7723
10110.0000 0.1285 74.3451 49.0000 32.8117 35.9599 56.1914
10111.0000 0.1211 74.1596 49.0000 33.1230 36.0395 55.7106
10112.0000 0.1211 73.9784 49.0000 32.6293 36.3701 55.5460
10113.0000 0.1207 73.9300 49.0000 32.7930 36.1897 55.5029
10114.0000 0.1256 74.2358 49.0000 32.8163 36.0751 55.9699
10115.0000 0.1273 74.0103 49.0000 32.6272 35.9287 55.8759
10116.0000 0.1355 74.4229 49.0000 32.6808 35.6384 56.5743
10117.0000 0.1330 74.4094 49.0000 32.8189 35.6748 56.4534
10118.0000 0.1341 74.4212 49.0000 32.5246 35.9039 56.4940
10119.0000 0.1335 74.4921 49.0000 32.6346 35.9011 56.5258
10120.0000 0.1405 74.7760 49.0000 32.4815 35.7957 57.0531
10121.0000 0.1407 74.5443 49.0000 32.5283 35.5261 56.8916
10122.0000 0.1358 74.7186 49.0000 33.0083 35.5608 56.8222
10123.0000 0.1309 74.5396 49.0000 33.1861 35.5845 56.4675
10124.0000 0.1266 74.4004 49.0000 32.9531 36.0149 56.1466
10125.0000 0.1300 74.4919 49.0000 32.7065 36.0951 56.3602
10126.0000 0.1303 74.4748 49.0000 32.5700 36.1951 56.3525
10127.0000 0.1229 74.0744 49.0000 32.6444 36.3111 55.7034
10128.0000 0.1303 74.4257 49.0000 32.5876 36.1290 56.3199
10129.0000 0.1259 74.5193 49.0000 32.8205 36.3174 56.1871
10130.0000 0.1195 74.1627 49.0000 32.8745 36.4196 55.6146
10131.0000 0.1271 74.2853 49.0000 32.6234 36.2035 56.0654
10132.0000 0.1280 74.0195 49.0000 32.5184 35.9959 55.9083
10133.0000 0.1269 74.2153 49.0000 32.2441 36.5422 55.9724
10134.0000 0.1262 74.1469 49.0000 32.1399 36.6391 55.8781
10135.0000 0.1257 74.2353 49.0000 32.1081 36.7947 55.9115
10136.0000 0.1244 74.4084 49.0000 32.3113 36.8520 55.9868
10137.0000 0.1207 74.3382 49.0000 32.6053 36.7731 55.7745
10138.0000 0.1210 74.3744 49.0000 32.7153 36.6701 55.8262
10139.0000 0.1237 74.2640 49.0000 32.7580 36.3054 55.8926
10140.0000 0.1259 74.3375 49.0000 32.5777 36.3941 56.0378
10141.0000 0.1322 74.3802 49.0000 32.3033 36.2312 56.3579
10142.0000 0.1357 74.3866 49.0000 31.9146 36.3682 56.4994
10143.0000 0.1259 74.2315 49.0000 32.2672 36.6116 55.9351
10144.0000 0.1270 74.2597 49.0000 32.1757 36.6470 56.0020
10145.0000 0.1264 74.3891 49.0000 32.0806 36.9153 56.0521
10146.0000 0.1291 74.4661 49.0000 31.9132 36.9521 56.2253
10147.0000 0.1250 74.1673 49.0000 31.7433 37.1659 55.7839
10148.0000 0.1300 74.4658 49.0000 31.8009 36.9978 56.2585
10149.0000 0.1274 74.4818 49.0000 31.7530 37.2581 56.1349
10150.0000 0.1352 74.8569 49.0000 31.5685 37.2015 56.7718
10151.0000 0.1353 74.8387 49.0000 31.5622 37.1831 56.7633
10152.0000 0.1353 74.6299 49.0000 31.2744 37.2818 56.5827
10153.0000 0.1336 74.7126 49.0000 31.4519 37.3107 56.5744
10154.0000 0.1334 74.2762 49.0000 31.5572 36.8083 56.2695
10155.0000 0.1388 74.2633 49.0000 31.4166 36.5362 56.5079
10156.0000 0.1355 74.2385 49.0000 31.3809 36.7984 56.3247
10157.0000 0.1364 74.1663 49.0000 31.0911 36.9565 56.2867
10158.0000 0.1370 74.1864 49.0000 31.2523 36.7631 56.3506
10159.0000 0.1361 74.0711 49.0000 31.4160 36.5562 56.2424
10160.0000 0.1448 74.3581 49.0000 31.4067 36.1877 56.8612
10161.0000 0.1420 74.6695 49.0000 31.5457 36.5346 56.9704
10162.0000 0.1445 74.6863 49.0000 31.4703 36.4459 57.0908
10163.0000 0.1457 74.5784 49.0000 31.5344 36.1897 57.0774
10164.0000 0.1489 74.6901 49.0000 31.7755 35.8177 57.3238
10165.0000 0.1468 74.7389 49.0000 31.7274 36.0619 57.2609
10166.0000 0.1483 75.1411 49.0000 32.0934 35.9506 57.6520
10167.0000 0.1484 74.7837 49.0000 31.7454 35.9715 57.3662
10168.0000 0.1469 74.7078 49.0000 31.8378 35.9153 57.2512
10169.0000 0.1478 74.8213 49.0000 32.1494 35.6423 57.3958
10170.0000 0.1478 74.9283 49.0000 32.0755 35.8118 57.4711
10171.0000 0.1485 74.8902 49.0000 31.7208 36.0879 57.4457
10172.0000 0.1475 74.7055 49.0000 31.5480 36.1639 57.2522
10173.0000 0.1481 74.5888 49.0000 31.3291 36.2371 57.1739
10174.0000 0.1355 74.3914 49.0000 31.5972 36.7129 56.4611
10175.0000 0.1378 74.3925 49.0000 31.5571 36.5859 56.5673
10176.0000 0.1390 74.4036 49.0000 31.4174 36.6494 56.6186
10177.0000 0.1361 74.2232 49.0000 31.7938 36.3152 56.3865
10178.0000 0.1327 74.1010 49.0000 31.8158 36.4364 56.1347
10179.0000 0.1397 74.4300 49.0000 31.4216 36.6128 56.6746
10180.0000 0.1352 74.2675 49.0000 31.3984 36.8253 56.3356
10181.0000 0.1329 74.3716 49.0000 31.4575 37.0375 56.3008
10182.0000 0.1321 74.4326 49.0000 31.7806 36.8238 56.3402
10183.0000 0.1331 74.4088 49.0000 31.8434 36.6635 56.3778
10184.0000 0.1346 74.6171 49.0000 31.6543 36.9323 56.5837
10185.0000 0.1321 74.6863 49.0000 31.5522 37.2964 56.4931
10186.0000 0.1358 74.6464 49.0000 31.3812 37.1487 56.6329
10187.0000 0.1319 74.2433 49.0000 31.5034 36.9506 56.1627
10188.0000 0.1325 74.2178 49.0000 31.6723 36.7036 56.1960
10189.0000 0.1276 74.0231 49.0000 31.7247 36.8422 55.8177
10190.0000 0.1339 74.1068 49.0000 31.7094 36.4576 56.1888
10191.0000 0.1383 74.1548 49.0000 31.6056 36.2742 56.4287
10192.0000 0.1421 74.1661 49.0000 31.4433 36.1704 56.6007
10193.0000 0.1397 73.9384 49.0000 31.3893 36.1921 56.3180
10194.0000 0.1420 74.2657 49.0000 31.5411 36.1726 56.6753
10195.0000 0.1382 74.0797 49.0000 31.4040 36.4198 56.3488
10196.0000 0.1405 74.1499 49.0000 31.4787 36.2377 56.5167
10197.0000 0.1443 74.3409 49.0000 31.6354 35.9731 56.8482
10198.0000 0.1353 74.1999 49.0000 31.9159 36.2241 56.3455
10199.0000 0.1374 74.2262 49.0000 31.7846 36.2288 56.4512
10200.0000 0.1380 74.6446 49.0000 31.6484 36.7079 56.7691
10201.0000 0.1393 74.7931 49.0000 31.7521 36.6411 56.9495
10202.0000 0.1386 74.7708 49.0000 31.6353 36.7927 56.8874
10203.0000 0.1353 74.5102 49.0000 31.6922 36.7439 56.5443
10204.0000 0.1363 74.2580 49.0000 31.4866 36.6480 56.3895
10205.0000 0.1339 74.1160 49.0000 31.4449 36.7394 56.1659
10206.0000 0.1336 73.8976 49.0000 31.5473 36.4527 56.0073
10207.0000 0.1365 74.1259 49.0000 31.6553 36.3358 56.3231
10208.0000 0.1362 74.2214 49.0000 31.7335 36.3657 56.3856
10209.0000 0.1303 74.0049 49.0000 32.0140 36.3216 55.9693
10210.0000 0.1323 74.1749 49.0000 31.8513 36.4971 56.1727
10211.0000 0.1322 74.1902 49.0000 31.4558 36.9259 56.1356
10212.0000 0.1280 73.8853 49.0000 31.6825 36.7255 55.7359
10213.0000 0.1224 73.6167 49.0000 31.9473 36.6323 55.2889
10214.0000 0.1242 74.1158 49.0000 31.8484 37.0711 55.7185
10215.0000 0.1275 73.9363 49.0000 31.7554 36.7365 55.7548
10216.0000 0.1288 74.0538 49.0000 31.8937 36.6080 55.9161
10217.0000 0.1247 74.0170 49.0000 31.9719 36.8102 55.6896
10218.0000 0.1226 73.8719 49.0000 31.7583 37.0526 55.4579
10219.0000 0.1278 73.8250 49.0000 31.4573 36.9158 55.6578
10220.0000 0.1323 74.0035 49.0000 31.3496 36.8541 55.9955
10221.0000 0.1312 74.2024 49.0000 31.7279 36.7301 56.1269
10222.0000 0.1254 74.1384 49.0000 31.4186 37.4386 55.7469
10223.0000 0.1234 73.7104 49.0000 31.5206 37.0885 55.3544
10224.0000 0.1333 74.1632 49.0000 31.1528 37.1235 56.1384
10225.0000 0.1259 73.9103 49.0000 31.3937 37.2157 55.6071
10226.0000 0.1276 73.9352 49.0000 31.4520 37.0392 55.7251
10227.0000 0.1289 73.7914 49.0000 31.0775 37.1919 55.6428
10228.0000 0.1266 74.2062 49.0000 31.3567 37.4795 55.8445
10229.0000 0.1262 74.0222 49.0000 30.9914 37.7149 55.6454
10230.0000 0.1258 73.8939 49.0000 30.9412 37.6786 55.5272
10231.0000 0.1255 73.9885 49.0000 31.2584 37.4620 55.6220
10232.0000 0.1229 74.0511 49.0000 31.2827 37.6988 55.5316
10233.0000 0.1253 73.9062 49.0000 31.2605 37.3923 55.5584
10234.0000 0.1274 74.1290 49.0000 31.4876 37.2043 55.8523
10235.0000 0.1328 74.1530 49.0000 31.4548 36.8445 56.1404
10236.0000 0.1285 73.9861 49.0000 31.8267 36.6329 55.8484
10237.0000 0.1329 73.9046 49.0000 31.8003 36.2479 56.0064
10238.0000 0.1322 73.8505 49.0000 31.6352 36.4258 55.9131
10239.0000 0.1346 74.2461 49.0000 31.8430 36.3946 56.3378
10240.0000 0.1309 74.0807 49.0000 31.7953 36.5684 56.0336
10241.0000 0.1273 74.0761 49.0000 31.9599 36.6723 55.8658
10242.0000 0.1261 73.8758 49.0000 31.8726 36.6657 55.6543
10243.0000 0.1259 73.9252 49.0000 31.6847 36.9244 55.6562
10244.0000 0.1281 74.1632 49.0000 31.8389 36.8211 55.9525
10245.0000 0.1258 74.0650 49.0000 32.0330 36.7072 55.7861
10246.0000 0.1380 74.4157 49.0000 31.8862 36.2540 56.6269
10247.0000 0.1289 74.2345 49.0000 31.8944 36.7642 56.0527
10248.0000 0.1314 74.4099 49.0000 31.8653 36.7714 56.2966
10249.0000 0.1354 74.7072 49.0000 31.9534 36.6533 56.7159
10250.0000 0.1276 74.3438 49.0000 32.3796 36.4731 56.1095
10251.0000 0.1300 74.5797 49.0000 32.3857 36.4981 56.4020
10252.0000 0.1343 74.6172 49.0000 32.0114 36.5901 56.6053
10253.0000 0.1345 74.5455 49.0000 31.5935 36.9387 56.5191
10254.0000 0.1370 74.6805 49.0000 31.6894 36.7728 56.7514
10255.0000 0.1376 74.8740 49.0000 31.7176 36.8837 56.9185
10256.0000 0.1395 74.4966 49.0000 31.5470 36.5656 56.7228
10257.0000 0.1392 74.5362 49.0000 31.5214 36.6513 56.7339
10258.0000 0.1447 74.6563 49.0000 31.2295 36.6454 57.0561
10259.0000 0.1370 74.3103 49.0000 31.5930 36.5286 56.4763
10260.0000 0.1352 74.4537 49.0000 31.4360 36.9626 56.4704
10261.0000 0.1389 74.4235 49.0000 31.4774 36.6153 56.6335
10262.0000 0.1356 74.4673 49.0000 31.3964 36.9868 56.4945
10263.0000 0.1370 74.3983 49.0000 31.3648 36.8456 56.5133
10264.0000 0.1309 74.1697 49.0000 31.6521 36.8045 56.0778
10265.0000 0.1349 74.5787 49.0000 31.6062 36.9241 56.5653
10266.0000 0.1333 74.5120 49.0000 31.3409 37.2571 56.4066
10267.0000 0.1377 74.4996 49.0000 31.5528 36.6971 56.6386
10268.0000 0.1343 74.3073 49.0000 31.2808 37.0542 56.3034
10269.0000 0.1333 74.0955 49.0000 31.3533 36.8575 56.1127
10270.0000 0.1339 74.1246 49.0000 31.2455 36.9488 56.1513
10271.0000 0.1322 74.0578 49.0000 31.3542 36.9039 56.0319
10272.0000 0.1310 74.0218 49.0000 31.2359 37.0828 55.9321
10273.0000 0.1220 73.8135 49.0000 31.3905 37.4307 55.3355
10274.0000 0.1275 73.9812 49.0000 31.4844 37.0569 55.7560
10275.0000 0.1267 73.8393 49.0000 31.3502 37.1293 55.5952
10276.0000 0.1280 73.9146 49.0000 31.4265 37.0168 55.7269
10277.0000 0.1281 73.7888 49.0000 31.6557 36.6578 55.6679
10278.0000 0.1262 73.8907 49.0000 31.7511 36.7988 55.6557
10279.0000 0.1255 74.0060 49.0000 31.7475 36.9670 55.6995
10280.0000 0.1286 74.1396 49.0000 31.4139 37.1945 55.9144
10281.0000 0.1205 73.9686 49.0000 31.5689 37.5110 55.3867
10282.0000 0.1267 74.0571 49.0000 31.5112 37.1663 55.7688
10283.0000 0.1228 73.5411 49.0000 31.7127 36.7735 55.2296
10284.0000 0.1205 73.7842 49.0000 31.7899 37.1088 55.2851
10285.0000 0.1266 73.8740 49.0000 31.5319 36.9832 55.6359
10286.0000 0.1230 74.0709 49.0000 31.6485 37.3257 55.6027
10287.0000 0.1198 73.7607 49.0000 31.6748 37.2566 55.2204
10288.0000 0.1208 73.6279 49.0000 31.6593 37.0682 55.1787
10289.0000 0.1209 73.9018 49.0000 31.7221 37.2583 55.3805
10290.0000 0.1168 73.7027 49.0000 31.4677 37.6663 54.9830
10291.0000 0.1167 73.9608 49.0000 31.4416 37.9447 55.1528
10292.0000 0.1134 73.7954 49.0000 31.6228 37.8655 54.8814
10293.0000 0.1219 74.0055 49.0000 31.5190 37.4859 55.4814
10294.0000 0.1206 73.8765 49.0000 31.5781 37.4065 55.3291
10295.0000 0.1213 74.1034 49.0000 31.7144 37.4250 55.5417
10296.0000 0.1238 74.1242 49.0000 31.4397 37.5309 55.6540
10297.0000 0.1208 74.1250 49.0000 31.6345 37.5667 55.5204
10298.0000 0.1179 73.9710 49.0000 31.5604 37.7362 55.2415
10299.0000 0.1155 73.6794 49.0000 31.6634 37.5380 54.9271
10300.0000 0.1193 73.7159 49.0000 31.2573 37.6989 55.0981
10301.0000 0.1143 73.7041 49.0000 31.4887 37.8427 54.8515
10302.0000 0.1182 73.6279 49.0000 31.4029 37.5481 55.0006
10303.0000 0.1128 73.2710 49.0000 31.2939 37.7557 54.4411
10304.0000 0.1083 73.0738 49.0000 31.1553 38.0891 54.0217
10305.0000 0.1115 73.0740 49.0000 31.0336 37.9554 54.1859
10306.0000 0.1041 72.6424 49.0000 31.3916 37.7685 53.5260
10307.0000 0.1102 72.7096 49.0000 31.0447 37.6966 53.8691
10308.0000 0.1111 72.8919 49.0000 31.3198 37.4995 54.0933
10309.0000 0.1087 73.0745 49.0000 31.7046 37.4690 54.1367
10310.0000 0.1104 73.2081 49.0000 31.5392 37.6359 54.2977
10311.0000 0.1097 73.1017 49.0000 31.9005 37.2049 54.2403
10312.0000 0.1091 73.0996 49.0000 31.9722 37.1707 54.2187
10313.0000 0.1143 73.2981 49.0000 31.9256 36.9960 54.6321
10314.0000 0.1136 73.0905 49.0000 31.6581 37.1290 54.4190
10315.0000 0.1128 72.9585 49.0000 31.5195 37.2162 54.2625
10316.0000 0.1099 73.0625 49.0000 31.7007 37.3643 54.1950
10317.0000 0.1134 73.0184 49.0000 31.4835 37.2586 54.3348
10318.0000 0.1093 72.9836 49.0000 31.9001 37.1215 54.1386
10319.0000 0.1067 72.9674 49.0000 31.6513 37.5909 53.9384
10320.0000 0.1116 72.8603 49.0000 31.3984 37.3482 54.1098
10321.0000 0.1060 72.6310 49.0000 31.1431 37.8665 53.5863
10322.0000 0.1100 72.5267 49.0000 31.1644 37.4065 53.7556
10323.0000 0.1095 72.4154 49.0000 31.1595 37.3441 53.6515
10324.0000 0.1040 72.4936 49.0000 31.5375 37.4688 53.4490
10325.0000 0.1068 72.3176 49.0000 31.1421 37.4925 53.4258
10326.0000 0.1083 72.5006 49.0000 31.2046 37.4760 53.6484
10327.0000 0.1032 72.3520 49.0000 31.3248 37.6297 53.2690
10328.0000 0.1069 72.3991 49.0000 31.1797 37.5163 53.4975
10329.0000 0.1035 72.3841 49.0000 31.4939 37.4566 53.3348
10330.0000 0.1041 72.3303 49.0000 31.5885 37.2472 53.3524
10331.0000 0.0999 72.1643 49.0000 31.5532 37.4756 52.9873
10332.0000 0.1020 72.1572 49.0000 31.4197 37.4319 53.0878
10333.0000 0.1077 72.3970 49.0000 31.6649 36.9292 53.6181
10334.0000 0.1085 72.3817 49.0000 31.2873 37.2548 53.5938
10335.0000 0.1071 72.2475 49.0000 31.5277 36.9782 53.4632
10336.0000 0.1093 72.2525 49.0000 31.3943 36.9499 53.5679
10337.0000 0.1040 72.0063 49.0000 31.3133 37.2308 53.0873
10338.0000 0.1054 71.9547 49.0000 31.1163 37.2794 53.0990
10339.0000 0.1096 72.2779 49.0000 31.1375 37.2226 53.5633
10340.0000 0.1094 72.1885 49.0000 30.8573 37.4521 53.4448
10341.0000 0.1084 72.1222 49.0000 30.9938 37.3238 53.3661
10342.0000 0.1121 72.1872 49.0000 31.0828 36.9863 53.6364
10343.0000 0.1110 72.1610 49.0000 31.3424 36.7781 53.5933
10344.0000 0.1107 72.2307 49.0000 31.4331 36.7681 53.6408
10345.0000 0.1124 72.1298 49.0000 31.2912 36.6852 53.6448
10346.0000 0.1154 72.3182 49.0000 31.3189 36.5992 53.9402
10347.0000 0.1139 72.3800 49.0000 31.4851 36.6054 53.9221
10348.0000 0.1079 72.2922 49.0000 31.3691 37.1299 53.5119
10349.0000 0.1112 72.3964 49.0000 31.3988 36.9312 53.7721
10350.0000 0.1106 72.2942 49.0000 31.4628 36.8065 53.6826
10351.0000 0.1156 72.4183 49.0000 31.4365 36.5586 54.0335
10352.0000 0.1183 72.4157 49.0000 31.2383 36.5514 54.1498
10353.0000 0.1179 72.3120 49.0000 31.2102 36.5123 54.0537
10354.0000 0.1180 72.3416 49.0000 31.4339 36.3001 54.1065
10355.0000 0.1175 72.1329 49.0000 31.1937 36.3881 53.9075
10356.0000 0.1190 72.3157 49.0000 31.3160 36.3156 54.1298
10357.0000 0.1196 72.3102 49.0000 31.1024 36.4856 54.1314
10358.0000 0.1167 72.3156 49.0000 31.0813 36.7431 53.9763
10359.0000 0.1098 72.3019 49.0000 31.3584 36.9942 53.6250
10360.0000 0.1093 72.2446 49.0000 31.2234 37.1203 53.5393
10361.0000 0.1145 72.4043 49.0000 31.0351 37.0547 53.9088
10362.0000 0.1166 72.5686 49.0000 31.1495 36.9262 54.1513
10363.0000 0.1122 72.4327 49.0000 31.2524 37.0382 53.8326
10364.0000 0.1133 72.6188 49.0000 31.1888 37.1925 54.0136
10365.0000 0.1194 72.7179 49.0000 30.8788 37.1336 54.3644
10366.0000 0.1174 72.6689 49.0000 30.7377 37.3896 54.2032
10367.0000 0.1199 72.7187 49.0000 30.5606 37.4298 54.3422
10368.0000 0.1231 72.8040 49.0000 30.6042 37.2046 54.5859
10369.0000 0.1245 72.9650 49.0000 30.3232 37.5478 54.7225
10370.0000 0.1200 72.9688 49.0000 30.4728 37.7501 54.5049
10371.0000 0.1213 73.1683 49.0000 30.5502 37.7593 54.7222
10372.0000 0.1268 73.2947 49.0000 30.3264 37.6750 55.0728
10373.0000 0.1204 73.3539 49.0000 30.3804 38.1867 54.7685
10374.0000 0.1211 73.2772 49.0000 30.1267 38.3321 54.7045
10375.0000 0.1139 72.9188 49.0000 30.4536 38.2315 54.1117
10376.0000 0.1184 72.9750 49.0000 30.2051 38.1778 54.3641
10377.0000 0.1197 73.1895 49.0000 30.2789 38.2015 54.5943
10378.0000 0.1217 73.2410 49.0000 30.3420 38.0135 54.7593
10379.0000 0.1239 73.3263 49.0000 30.2705 37.9997 54.9224
10380.0000 0.1231 73.4504 49.0000 30.3503 38.0976 54.9762
10381.0000 0.1239 73.3215 49.0000 30.1587 38.1130 54.8990
10382.0000 0.1239 73.4393 49.0000 30.2799 38.0967 55.0009
10383.0000 0.1248 73.6694 49.0000 30.3342 38.1871 55.2157
10384.0000 0.1243 73.5710 49.0000 30.2778 38.1902 55.1132
10385.0000 0.1223 73.5986 49.0000 30.4566 38.1856 55.0546
10386.0000 0.1208 73.6299 49.0000 30.7721 38.0018 55.0481
10387.0000 0.1266 73.7794 49.0000 30.3626 38.1187 55.3938
10388.0000 0.1233 73.5040 49.0000 30.4375 38.0352 55.0428
10389.0000 0.1197 73.5655 49.0000 30.7403 38.0671 54.9346
10390.0000 0.1169 73.4953 49.0000 30.7557 38.2148 54.7291
10391.0000 0.1122 73.0335 49.0000 30.7196 38.1930 54.1432
10392.0000 0.1154 72.9585 49.0000 30.6884 37.8910 54.2719
10393.0000 0.1161 73.2149 49.0000 30.6689 38.1035 54.4790
10394.0000 0.1172 73.2868 49.0000 30.6777 38.0681 54.5954
10395.0000 0.1216 73.5647 49.0000 30.6879 37.9642 55.0339
10396.0000 0.1174 73.6484 49.0000 31.1239 37.9281 54.9258
10397.0000 0.1187 73.7632 49.0000 31.1971 37.8565 55.0875
10398.0000 0.1178 73.7670 49.0000 31.0073 38.1305 55.0107
10399.0000 0.1115 73.4751 49.0000 31.2266 38.1340 54.4912
10400.0000 0.1096 73.5882 49.0000 31.3790 38.2415 54.4809
10401.0000 0.1150 73.6032 49.0000 31.0649 38.1430 54.7495
10402.0000 0.1137 73.6595 49.0000 31.1097 38.2573 54.7201
10403.0000 0.1119 73.6415 49.0000 31.0681 38.4417 54.5902
10404.0000 0.1087 73.5069 49.0000 31.2013 38.4354 54.3365
10405.0000 0.1141 73.5038 49.0000 31.1648 38.0165 54.6471
10406.0000 0.1147 73.4022 49.0000 30.8114 38.2469 54.5501
10407.0000 0.1150 73.4436 49.0000 30.6102 38.4770 54.5573
10408.0000 0.1176 73.5079 49.0000 30.6326 38.2978 54.7571
10409.0000 0.1159 73.3272 49.0000 30.5645 38.3424 54.5212
10410.0000 0.1184 73.6220 49.0000 30.5199 38.4681 54.8538
10411.0000 0.1180 73.7834 49.0000 30.5624 38.6128 54.9451
10412.0000 0.1175 73.9022 49.0000 30.5768 38.7549 54.9968
10413.0000 0.1154 73.9009 49.0000 30.5982 38.9042 54.8777
10414.0000 0.1150 73.8817 49.0000 30.6583 38.8584 54.8507
10415.0000 0.1127 73.7688 49.0000 30.8279 38.7518 54.6788
10416.0000 0.1190 73.9823 49.0000 30.7849 38.4768 55.1833
10417.0000 0.1165 73.8060 49.0000 30.6781 38.6294 54.8995
10418.0000 0.1165 74.0306 49.0000 30.9068 38.6039 55.0912
10419.0000 0.1238 74.0482 49.0000 30.4363 38.5230 55.4323
10420.0000 0.1228 74.0768 49.0000 30.7544 38.2933 55.4541
10421.0000 0.1269 74.1727 49.0000 30.5585 38.2573 55.7149
10422.0000 0.1284 74.2708 49.0000 30.5625 38.2238 55.8662
10423.0000 0.1309 74.1999 49.0000 30.4404 38.0929 55.9279
10424.0000 0.1338 73.9713 49.0000 30.2326 37.8622 55.8945
10425.0000 0.1363 74.2958 49.0000 29.8249 38.4022 56.1748
10426.0000 0.1324 74.3227 49.0000 30.2742 38.2642 56.0642
10427.0000 0.1334 74.5379 49.0000 30.4014 38.2529 56.2883
10428.0000 0.1318 74.6287 49.0000 30.5281 38.3312 56.2868
10429.0000 0.1318 74.3441 49.0000 30.4350 38.1583 56.0776
10430.0000 0.1257 74.3024 49.0000 31.0825 37.9232 55.8261
10431.0000 0.1276 74.1956 49.0000 31.0950 37.6566 55.8576
10432.0000 0.1297 74.1213 49.0000 31.0504 37.4724 55.9076
10433.0000 0.1296 74.1603 49.0000 30.9166 37.6586 55.9083
10434.0000 0.1320 74.0651 49.0000 30.8039 37.4936 55.9552
10435.0000 0.1302 73.9581 49.0000 31.0795 37.2521 55.8225
10436.0000 0.1259 73.8945 49.0000 30.8743 37.7392 55.5241
10437.0000 0.1287 73.7827 49.0000 30.6465 37.6526 55.5604
10438.0000 0.1285 73.6321 49.0000 30.6987 37.4675 55.4569
10439.0000 0.1233 73.6672 49.0000 30.8132 37.7996 55.2142
10440.0000 0.1274 73.7271 49.0000 30.7699 37.5756 55.4705
10441.0000 0.1248 73.7962 49.0000 30.9169 37.6888 55.4039
10442.0000 0.1243 73.6981 49.0000 30.9105 37.6437 55.3073
10443.0000 0.1231 73.4807 49.0000 30.9566 37.4860 55.0990
10444.0000 0.1230 73.3903 49.0000 30.9097 37.4517 55.0280
10445.0000 0.1211 73.2704 49.0000 30.7823 37.6255 54.8209
10446.0000 0.1230 73.2601 49.0000 30.9669 37.2671 54.9478
10447.0000 0.1255 73.5565 49.0000 31.0579 37.2554 55.2992
10448.0000 0.1279 73.5344 49.0000 31.0341 37.0773 55.4028
10449.0000 0.1278 73.6918 49.0000 31.2398 37.0153 55.5376
10450.0000 0.1314 73.7480 49.0000 31.4251 36.6049 55.7791
10451.0000 0.1296 73.7724 49.0000 31.3974 36.7894 55.7056
10452.0000 0.1354 73.8201 49.0000 31.1690 36.6322 55.9998
10453.0000 0.1289 73.9682 49.0000 31.6002 36.8218 55.8290
10454.0000 0.1310 73.7365 49.0000 31.5640 36.4838 55.7648
10455.0000 0.1306 73.7725 49.0000 31.4914 36.6201 55.7642
10456.0000 0.1273 73.6625 49.0000 31.6535 36.5972 55.5416
10457.0000 0.1278 73.3643 49.0000 31.4054 36.5378 55.3264
10458.0000 0.1262 73.6532 49.0000 31.2203 37.1273 55.4224
10459.0000 0.1276 73.6230 49.0000 31.3308 36.8711 55.4909
10460.0000 0.1260 73.8555 49.0000 31.5532 36.9857 55.5976
10461.0000 0.1335 74.0862 49.0000 31.3280 36.8626 56.1112
10462.0000 0.1302 73.8609 49.0000 31.3960 36.8303 55.7965
10463.0000 0.1268 73.8696 49.0000 31.3292 37.1746 55.6170
10464.0000 0.1336 74.1343 49.0000 31.2571 36.9727 56.1419
10465.0000 0.1330 73.8871 49.0000 31.3154 36.7274 55.9441
10466.0000 0.1275 73.8139 49.0000 31.4118 36.9801 55.6261
10467.0000 0.1291 73.8923 49.0000 31.4602 36.8764 55.7715
10468.0000 0.1314 74.0165 49.0000 31.3654 36.9155 55.9634
10469.0000 0.1300 74.1421 49.0000 31.3279 37.1839 55.9730
10470.0000 0.1299 74.2911 49.0000 31.3076 37.3507 56.0707
10471.0000 0.1332 74.4125 49.0000 31.2250 37.2940 56.3149
10472.0000 0.1213 74.0797 49.0000 31.7518 37.3642 55.5296
10473.0000 0.1182 73.8777 49.0000 31.8501 37.3175 55.2349
10474.0000 0.1190 74.0682 49.0000 31.9225 37.3594 55.4195
10475.0000 0.1147 73.9577 49.0000 31.9925 37.5248 55.1191
10476.0000 0.1185 74.0849 49.0000 32.0184 37.3111 55.4191
10477.0000 0.1199 74.1871 49.0000 31.8638 37.4636 55.5419
10478.0000 0.1217 74.2655 49.0000 31.9497 37.3010 55.7065
10479.0000 0.1262 74.4467 49.0000 31.5498 37.5347 56.0185
10480.0000 0.1273 74.3849 49.0000 31.4146 37.5303 56.0153
10481.0000 0.1324 74.3531 49.0000 30.9953 37.5367 56.2020
10482.0000 0.1385 74.6550 49.0000 31.2075 37.1358 56.7485
10483.0000 0.1371 74.5619 49.0000 31.2540 37.1069 56.6194
10484.0000 0.1414 74.5607 49.0000 30.9017 37.1398 56.7893
10485.0000 0.1359 74.5425 49.0000 31.1571 37.2743 56.5371
10486.0000 0.1413 74.7343 49.0000 31.1594 37.0449 56.9384
10487.0000 0.1411 74.6889 49.0000 31.0103 37.1682 56.8798
10488.0000 0.1388 74.7757 49.0000 31.0149 37.4197 56.8265
10489.0000 0.1279 74.3664 49.0000 31.1164 37.7771 55.9913
10490.0000 0.1309 74.6918 49.0000 31.2098 37.7459 56.3920
10491.0000 0.1225 74.2011 49.0000 31.3575 37.7959 55.6236
10492.0000 0.1238 74.1464 49.0000 31.4349 37.5576 55.6684
10493.0000 0.1189 74.1491 49.0000 31.7186 37.6543 55.4453
10494.0000 0.1225 74.1152 49.0000 31.4732 37.5896 55.5834
10495.0000 0.1232 74.2757 49.0000 31.6575 37.4944 55.7570
10496.0000 0.1187 73.8750 49.0000 31.9766 37.1392 55.2783
10497.0000 0.1086 73.3980 49.0000 32.1779 37.2897 54.4181
10498.0000 0.1143 73.7119 49.0000 32.1986 37.1061 54.9530
10499.0000 0.1055 73.4082 49.0000 32.3910 37.3302 54.2775
10500.0000 0.1081 73.4589 49.0000 32.3877 37.1666 54.4600
10501.0000 0.1128 73.5901 49.0000 32.0921 37.2211 54.7740
10502.0000 0.1127 73.5353 49.0000 32.0203 37.2519 54.7215
10503.0000 0.1187 73.7749 49.0000 31.8905 37.1318 55.1993
10504.0000 0.1168 73.8288 49.0000 31.9645 37.2644 55.1391
10505.0000 0.1199 73.9553 49.0000 31.8746 37.2248 55.3869
10506.0000 0.1196 74.1510 49.0000 32.0144 37.2944 55.5209
10507.0000 0.1137 73.8484 49.0000 32.4013 37.0730 55.0394
10508.0000 0.1107 73.7947 49.0000 32.2097 37.4681 54.8117
10509.0000 0.1109 74.0499 49.0000 32.2542 37.6475 55.0066
10510.0000 0.1113 73.9536 49.0000 32.3545 37.4202 54.9732
10511.0000 0.1168 74.4033 49.0000 32.3278 37.4311 55.5848
10512.0000 0.1171 74.2738 49.0000 32.2246 37.3872 55.5010
10513.0000 0.1111 74.0203 49.0000 32.2864 37.5700 55.0007
10514.0000 0.1097 74.0231 49.0000 32.3538 37.6211 54.9300
10515.0000 0.1108 73.9343 49.0000 32.1024 37.7060 54.8997
10516.0000 0.1115 74.0936 49.0000 32.3486 37.5434 55.0811
10517.0000 0.1061 73.8152 49.0000 32.5010 37.5631 54.6021
10518.0000 0.1175 74.3708 49.0000 32.2194 37.4597 55.5851
10519.0000 0.1177 74.4832 49.0000 31.9258 37.8570 55.6357
10520.0000 0.1167 74.3781 49.0000 31.5849 38.1970 55.4570
10521.0000 0.1163 74.4008 49.0000 31.9179 37.9026 55.4988
10522.0000 0.1194 74.6343 49.0000 31.8812 37.9077 55.8290
10523.0000 0.1180 74.5236 49.0000 32.1093 37.6756 55.7074
10524.0000 0.1100 74.2970 49.0000 32.4194 37.7897 55.1449
10525.0000 0.1094 74.3138 49.0000 32.3648 37.9180 55.1116
10526.0000 0.1126 74.1941 49.0000 32.5076 37.3845 55.2306
10527.0000 0.1139 74.4418 49.0000 32.5188 37.5036 55.4760
10528.0000 0.1170 74.3633 49.0000 32.0520 37.6618 55.5352
10529.0000 0.1092 74.0693 49.0000 32.4474 37.6072 54.9465
10530.0000 0.1129 74.0704 49.0000 32.5284 37.2138 55.1675
10531.0000 0.1147 74.2985 49.0000 32.5728 37.2465 55.4254
10532.0000 0.1112 74.4184 49.0000 32.5901 37.6274 55.3187
10533.0000 0.1089 74.4073 49.0000 32.6686 37.7226 55.1926
10534.0000 0.1107 74.5692 49.0000 32.8418 37.5491 55.4261
10535.0000 0.1055 74.3098 49.0000 32.5839 38.0021 54.9189
10536.0000 0.1078 74.3523 49.0000 32.4486 37.9995 55.0581
10537.0000 0.1111 74.0488 49.0000 32.4874 37.3866 55.0458
10538.0000 0.1108 74.0831 49.0000 32.5307 37.3966 55.0595
10539.0000 0.1131 74.0399 49.0000 32.4462 37.2618 55.1427
10540.0000 0.1157 74.1776 49.0000 32.0554 37.5889 55.3340
10541.0000 0.1108 74.1663 49.0000 31.9698 38.0774 55.0335
10542.0000 0.1061 73.7257 49.0000 31.6151 38.4267 54.4000
10543.0000 0.1055 73.9672 49.0000 31.5580 38.7758 54.5131
10544.0000 0.1075 74.1441 49.0000 31.8745 38.4338 54.8107
10545.0000 0.1033 74.1637 49.0000 31.8941 38.7959 54.5701
10546.0000 0.1093 74.2123 49.0000 31.6475 38.5962 54.9203
10547.0000 0.1113 74.2147 49.0000 31.5749 38.4978 55.0342
10548.0000 0.1082 74.0508 49.0000 31.6180 38.5597 54.7446
10549.0000 0.1039 73.7530 49.0000 31.8693 38.3681 54.3299
10550.0000 0.1059 73.5614 49.0000 31.7689 38.1136 54.3082
10551.0000 0.1050 73.7489 49.0000 31.7247 38.4252 54.3687
10552.0000 0.1046 73.6697 49.0000 31.7821 38.3127 54.3071
10553.0000 0.1051 73.6085 49.0000 31.7044 38.2930 54.2834
10554.0000 0.1028 73.6607 49.0000 31.8352 38.4064 54.1976
10555.0000 0.0996 73.7701 49.0000 31.6367 39.0184 54.0252
10556.0000 0.1085 73.8943 49.0000 31.6037 38.3921 54.6591
10557.0000 0.1089 73.8946 49.0000 31.5963 38.3662 54.6820
10558.0000 0.1034 73.6908 49.0000 31.8611 38.3539 54.2603
10559.0000 0.1112 74.1749 49.0000 31.4735 38.5768 54.9833
10560.0000 0.1133 74.1900 49.0000 31.3043 38.6012 55.0831
10561.0000 0.1222 74.2748 49.0000 31.1490 38.1091 55.6254
10562.0000 0.1197 74.2065 49.0000 31.2860 38.1038 55.4606
10563.0000 0.1227 74.3341 49.0000 31.0264 38.2561 55.6722
10564.0000 0.1205 74.4815 49.0000 31.3066 38.2838 55.6933
10565.0000 0.1229 74.5940 49.0000 31.2576 38.2458 55.8971
10566.0000 0.1204 74.6989 49.0000 31.1908 38.6198 55.8174
10567.0000 0.1161 74.3506 49.0000 31.4224 38.3965 55.3746
10568.0000 0.1200 74.3304 49.0000 31.3440 38.1392 55.5694
10569.0000 0.1180 74.1611 49.0000 31.5207 37.9478 55.3740
10570.0000 0.1141 74.1715 49.0000 31.6374 38.1548 55.1788
10571.0000 0.1199 74.3118 49.0000 31.3969 38.0674 55.5639
10572.0000 0.1227 74.6727 49.0000 31.5365 38.0397 55.9860
10573.0000 0.1242 74.5711 49.0000 31.3234 38.0464 55.9658
10574.0000 0.1241 74.4052 49.0000 31.3507 37.8660 55.8519
10575.0000 0.1280 74.6741 49.0000 31.3476 37.8180 56.2437
10576.0000 0.1263 74.5228 49.0000 31.4397 37.7156 56.0601
10577.0000 0.1286 74.9272 49.0000 31.5185 37.8293 56.4767
10578.0000 0.1314 75.1076 49.0000 31.5441 37.7554 56.7508
10579.0000 0.1277 75.0796 49.0000 31.6953 37.8586 56.5604
10580.0000 0.1267 75.2148 49.0000 31.6674 38.1008 56.5931
10581.0000 0.1176 74.5927 49.0000 31.9396 37.9564 55.7068
10582.0000 0.1141 74.5029 49.0000 31.7559 38.3501 55.4212
10583.0000 0.1181 74.4704 49.0000 31.4900 38.2758 55.5804
10584.0000 0.1247 74.4775 49.0000 31.3260 37.9178 55.9270
10585.0000 0.1225 74.3949 49.0000 31.5571 37.7705 55.7865
10586.0000 0.1319 74.8023 49.0000 31.2350 37.7511 56.5208
10587.0000 0.1314 74.7006 49.0000 31.1816 37.7437 56.4208
10588.0000 0.1380 74.7613 49.0000 31.1519 37.3228 56.7963
10589.0000 0.1369 74.5054 49.0000 30.8968 37.4382 56.5228
10590.0000 0.1358 74.5832 49.0000 30.9100 37.5814 56.5231
10591.0000 0.1349 74.3602 49.0000 31.0354 37.3095 56.3404
10592.0000 0.1351 74.3530 49.0000 30.9164 37.4088 56.3306
10593.0000 0.1294 74.3478 49.0000 31.1437 37.6113 56.0629
10594.0000 0.1281 74.3232 49.0000 30.9149 37.9304 55.9418
10595.0000 0.1234 74.1705 49.0000 30.9059 38.1668 55.5822
10596.0000 0.1314 74.3576 49.0000 30.9377 37.6778 56.1452
10597.0000 0.1274 74.2028 49.0000 30.9501 37.8352 55.8269
10598.0000 0.1251 74.0708 49.0000 30.8452 38.0051 55.5938
10599.0000 0.1216 73.8547 49.0000 30.6742 38.2565 55.2272
10600.0000 0.1221 73.8828 49.0000 30.5382 38.3947 55.2444
10601.0000 0.1217 73.6498 49.0000 30.3225 38.4328 55.0251
10602.0000 0.1164 73.3607 49.0000 30.3182 38.5947 54.5257
10603.0000 0.1196 73.3727 49.0000 30.2084 38.4636 54.6952
10604.0000 0.1218 73.4636 49.0000 30.1028 38.4780 54.8649
10605.0000 0.1241 73.4902 49.0000 30.2550 38.1576 55.0404
10606.0000 0.1302 73.4986 49.0000 29.8930 38.0554 55.3194
10607.0000 0.1307 73.5426 49.0000 29.8086 38.1483 55.3595
10608.0000 0.1300 73.5412 49.0000 30.0897 37.9066 55.3715
10609.0000 0.1291 73.5676 49.0000 30.0117 38.0854 55.3262
10610.0000 0.1327 73.7430 49.0000 29.8246 38.1658 55.6048
10611.0000 0.1296 73.5691 49.0000 29.9311 38.1351 55.3376
10612.0000 0.1301 73.6605 49.0000 30.1984 37.8964 55.4778
10613.0000 0.1307 73.4944 49.0000 30.1220 37.7720 55.3838
10614.0000 0.1353 73.6332 49.0000 29.8022 37.8762 55.6692
10615.0000 0.1344 73.3765 49.0000 29.7681 37.7457 55.4368
10616.0000 0.1332 73.6091 49.0000 29.8700 37.9514 55.5498
10617.0000 0.1337 73.6554 49.0000 29.8036 38.0259 55.5958
10618.0000 0.1377 73.6248 49.0000 29.5965 37.9021 55.7502
10619.0000 0.1313 73.3382 49.0000 29.8491 37.8640 55.2615
10620.0000 0.1380 73.5879 49.0000 29.7409 37.6914 55.7675
10621.0000 0.1407 73.8630 49.0000 29.9327 37.5444 56.1265
10622.0000 0.1410 74.0821 49.0000 29.8860 37.7691 56.2893
10623.0000 0.1377 73.8219 49.0000 29.8645 37.8068 55.9324
10624.0000 0.1366 73.7337 49.0000 29.6407 38.0413 55.7758
10625.0000 0.1377 73.6515 49.0000 29.4394 38.0880 55.7420
10626.0000 0.1316 73.4587 49.0000 29.8849 37.9217 55.3626
10627.0000 0.1368 73.6756 49.0000 29.5774 38.0366 55.7358
10628.0000 0.1307 73.5547 49.0000 30.0012 37.9562 55.4035
10629.0000 0.1307 73.3712 49.0000 30.0362 37.7471 55.2839
10630.0000 0.1362 73.5912 49.0000 29.8365 37.7310 55.6939
10631.0000 0.1370 73.4715 49.0000 29.8242 37.5733 55.6492
10632.0000 0.1326 73.2119 49.0000 29.9090 37.5812 55.2548
10633.0000 0.1347 73.2259 49.0000 29.8691 37.4780 55.3649
10634.0000 0.1311 73.0496 49.0000 30.1222 37.3218 55.0997
10635.0000 0.1277 72.8605 49.0000 30.0545 37.4790 54.7787
10636.0000 0.1277 72.9028 49.0000 30.0855 37.4854 54.8136
10637.0000 0.1314 73.0981 49.0000 30.1334 37.3318 55.1512
10638.0000 0.1304 73.1222 49.0000 30.0958 37.4729 55.1079
10639.0000 0.1310 73.2546 49.0000 30.1733 37.4715 55.2422
10640.0000 0.1317 72.9228 49.0000 29.9070 37.3802 55.0093
10641.0000 0.1277 72.9057 49.0000 30.0440 37.5312 54.8089
10642.0000 0.1281 72.8816 49.0000 30.1274 37.3876 54.8291
10643.0000 0.1209 72.6710 49.0000 30.4720 37.3997 54.3489
10644.0000 0.1181 72.4787 49.0000 30.5248 37.3814 54.0744
10645.0000 0.1267 72.7326 49.0000 30.2951 37.1794 54.6803
10646.0000 0.1228 72.5775 49.0000 30.3626 37.2676 54.3758
10647.0000 0.1173 72.5746 49.0000 30.6222 37.4342 54.1113
10648.0000 0.1199 72.5567 49.0000 30.2854 37.5632 54.1874
10649.0000 0.1208 72.7778 49.0000 30.4815 37.4936 54.4216
10650.0000 0.1229 72.9293 49.0000 30.2989 37.6643 54.6083
10651.0000 0.1279 73.1414 49.0000 30.1182 37.6612 54.9926
10652.0000 0.1267 72.9983 49.0000 30.0464 37.7005 54.8145
10653.0000 0.1273 72.8104 49.0000 29.7694 37.7635 54.6722
10654.0000 0.1271 72.8145 49.0000 29.8340 37.7184 54.6736
10655.0000 0.1304 73.0795 49.0000 29.8164 37.7289 55.0284
10656.0000 0.1303 72.8807 49.0000 29.8370 37.5265 54.8918
10657.0000 0.1331 73.0296 49.0000 29.7713 37.5161 55.1320
10658.0000 0.1333 73.0659 49.0000 29.7646 37.5410 55.1668
10659.0000 0.1285 72.9971 49.0000 30.1601 37.4376 54.9306
10660.0000 0.1237 72.8876 49.0000 30.1664 37.7002 54.6012
10661.0000 0.1232 73.2635 49.0000 30.2379 38.0322 54.8341
10662.0000 0.1245 73.2984 49.0000 30.3029 37.8875 54.9447
10663.0000 0.1263 73.3206 49.0000 30.3476 37.7172 55.0667
10664.0000 0.1251 73.3511 49.0000 30.4504 37.7336 55.0394
10665.0000 0.1233 73.2882 49.0000 30.5005 37.7607 54.9091
10666.0000 0.1242 73.2883 49.0000 30.4607 37.7375 54.9473
10667.0000 0.1176 73.1803 49.0000 30.7283 37.8774 54.5567
10668.0000 0.1183 73.3045 49.0000 30.6442 38.0361 54.6602
10669.0000 0.1142 73.2546 49.0000 30.6874 38.2750 54.4018
10670.0000 0.1167 72.9372 49.0000 30.3513 38.1218 54.2712
10671.0000 0.1174 73.0963 49.0000 30.6991 37.8464 54.4820
10672.0000 0.1189 73.0823 49.0000 30.7803 37.6270 54.5693
10673.0000 0.1200 73.3056 49.0000 30.6462 37.8928 54.7599
10674.0000 0.1167 73.1283 49.0000 30.8373 37.7859 54.4889
10675.0000 0.1135 73.1637 49.0000 30.9694 37.9425 54.3525
10676.0000 0.1208 73.5755 49.0000 30.8883 37.8265 55.0311
10677.0000 0.1218 73.5099 49.0000 30.8772 37.7008 55.0359
10678.0000 0.1154 73.3375 49.0000 30.8784 38.0556 54.5591
10679.0000 0.1215 73.5884 49.0000 30.7418 37.9416 55.0511
10680.0000 0.1116 73.4287 49.0000 30.9364 38.3988 54.4082
10681.0000 0.1150 73.5981 49.0000 30.7270 38.5026 54.6816
10682.0000 0.1142 73.8054 49.0000 30.9563 38.5216 54.8181
10683.0000 0.1190 73.8848 49.0000 30.8084 38.3581 55.1222
10684.0000 0.1186 74.0671 49.0000 30.7154 38.6668 55.2031
10685.0000 0.1230 74.1291 49.0000 30.5733 38.5141 55.4712
10686.0000 0.1222 74.1130 49.0000 30.6838 38.4501 55.4330
10687.0000 0.1200 73.7933 49.0000 30.6925 38.3162 55.0934
10688.0000 0.1212 73.9236 49.0000 30.7431 38.2894 55.2584
10689.0000 0.1135 74.0724 49.0000 31.2049 38.5713 55.0021
10690.0000 0.1140 74.0560 49.0000 30.8067 38.9455 54.9408
10691.0000 0.1108 74.0563 49.0000 30.9372 39.0863 54.7675
10692.0000 0.1119 74.0278 49.0000 31.0541 38.8359 54.8410
10693.0000 0.1134 74.2243 49.0000 30.9580 39.0039 55.0412
10694.0000 0.1103 74.1684 49.0000 31.2838 38.8544 54.8873
10695.0000 0.1114 74.1567 49.0000 31.2349 38.8042 54.9347
10696.0000 0.1087 74.2468 49.0000 31.3934 38.9524 54.8613
10697.0000 0.1124 74.2196 49.0000 31.3883 38.6129 55.0670
10698.0000 0.1107 74.3246 49.0000 31.4007 38.8478 55.0362
10699.0000 0.1134 74.1410 49.0000 31.0679 38.7966 55.0136
10700.0000 0.1104 74.1915 49.0000 31.4297 38.7098 54.9372
10701.0000 0.1138 74.2847 49.0000 31.1535 38.8126 55.1476
10702.0000 0.1164 74.1598 49.0000 31.1065 38.5224 55.2094
10703.0000 0.1108 73.9524 49.0000 31.2589 38.6275 54.7700
10704.0000 0.1089 73.9637 49.0000 31.5114 38.5293 54.7096
10705.0000 0.1139 74.0371 49.0000 31.0633 38.6588 54.9733
10706.0000 0.1156 73.9952 49.0000 30.9665 38.5832 55.0245
10707.0000 0.1160 74.1204 49.0000 31.1146 38.5119 55.1593
10708.0000 0.1167 74.1723 49.0000 31.0064 38.6207 55.2139
10709.0000 0.1096 73.9680 49.0000 31.4556 38.5361 54.7428
10710.0000 0.1174 74.2592 49.0000 31.5098 38.1066 55.4026
10711.0000 0.1167 74.3909 49.0000 31.7769 38.0095 55.4933
10712.0000 0.1200 74.5995 49.0000 31.4017 38.3335 55.7634
10713.0000 0.1217 75.1058 49.0000 31.5259 38.5498 56.2220
10714.0000 0.1151 74.7632 49.0000 32.0885 38.1652 55.7071
10715.0000 0.1201 74.9347 49.0000 31.5943 38.4433 56.0279
10716.0000 0.1173 74.5519 49.0000 31.6050 38.2910 55.6140
10717.0000 0.1172 74.6147 49.0000 31.5484 38.4228 55.6394
10718.0000 0.1201 74.5871 49.0000 31.3194 38.3993 55.7479
10719.0000 0.1179 74.3994 49.0000 31.4321 38.2777 55.5169
10720.0000 0.1219 74.3872 49.0000 30.9178 38.4839 55.6466
10721.0000 0.1264 74.7605 49.0000 30.9431 38.4496 56.1542
10722.0000 0.1267 74.8162 49.0000 31.1860 38.2279 56.2452
10723.0000 0.1263 74.8473 49.0000 31.1631 38.3125 56.2417
10724.0000 0.1284 74.7567 49.0000 30.6289 38.6187 56.2053
10725.0000 0.1278 74.4752 49.0000 30.4585 38.5827 55.9484
10726.0000 0.1318 74.7214 49.0000 30.4957 38.4510 56.3455
10727.0000 0.1356 74.6758 49.0000 29.9968 38.6265 56.4327
10728.0000 0.1415 75.3794 49.0000 29.9009 38.9217 57.2108
10729.0000 0.1383 75.3317 49.0000 30.3605 38.6509 57.0895
10730.0000 0.1389 75.3299 49.0000 30.2251 38.7449 57.0953
10731.0000 0.1325 74.9940 49.0000 30.4574 38.6911 56.5637
10732.0000 0.1376 75.3112 49.0000 30.5844 38.4542 57.0758
10733.0000 0.1335 74.9901 49.0000 30.6873 38.3728 56.6510
10734.0000 0.1385 74.9996 49.0000 30.5787 38.1021 56.9044
10735.0000 0.1338 74.9638 49.0000 30.4981 38.5178 56.6199
10736.0000 0.1400 75.1691 49.0000 30.1107 38.6220 57.0270
10737.0000 0.1344 75.1774 49.0000 30.4524 38.7158 56.7924
10738.0000 0.1410 75.4241 49.0000 30.0919 38.8031 57.2502
10739.0000 0.1416 75.5168 49.0000 29.9994 38.9382 57.3293
10740.0000 0.1397 75.7231 49.0000 30.2786 38.9899 57.4193
10741.0000 0.1393 75.5267 49.0000 30.2903 38.8236 57.2670
10742.0000 0.1373 75.3586 49.0000 30.3877 38.7242 57.0609
10743.0000 0.1360 75.3865 49.0000 30.3522 38.8917 57.0027
10744.0000 0.1345 74.9098 49.0000 30.2128 38.7110 56.5696
10745.0000 0.1294 75.0278 49.0000 30.6147 38.8078 56.4435
10746.0000 0.1380 75.3516 49.0000 30.2422 38.8174 57.0656
10747.0000 0.1347 75.3291 49.0000 30.4669 38.8218 56.9132
10748.0000 0.1346 75.4044 49.0000 30.3010 39.0792 56.9253
10749.0000 0.1407 75.5691 49.0000 30.0816 38.9706 57.3330
10750.0000 0.1409 75.6081 49.0000 30.2850 38.7804 57.4064
10751.0000 0.1449 75.6919 49.0000 30.3514 38.4781 57.6844
10752.0000 0.1423 75.3757 49.0000 30.6281 38.1005 57.3739
10753.0000 0.1411 75.3578 49.0000 30.3509 38.4688 57.2518
10754.0000 0.1433 75.4910 49.0000 30.6067 38.1524 57.5023
10755.0000 0.1488 75.6545 49.0000 30.2126 38.2866 57.8354
10756.0000 0.1516 75.8286 49.0000 30.3335 38.1126 58.1143
10757.0000 0.1548 75.9656 49.0000 30.5642 37.7631 58.4000
10758.0000 0.1483 75.9089 49.0000 30.8395 37.9211 58.0781
10759.0000 0.1493 75.5225 49.0000 30.5774 37.7590 57.8181
10760.0000 0.1487 75.6931 49.0000 30.5735 37.9658 57.9077
10761.0000 0.1475 75.5767 49.0000 30.4125 38.1100 57.7455
10762.0000 0.1430 75.3809 49.0000 30.5634 38.1228 57.4004
10763.0000 0.1368 75.3534 49.0000 30.9258 38.2045 57.1153
10764.0000 0.1389 75.6066 49.0000 30.9206 38.2755 57.4044
10765.0000 0.1399 75.3772 49.0000 30.7518 38.1645 57.2671
10766.0000 0.1408 75.6048 49.0000 30.9283 38.1237 57.4988
10767.0000 0.1393 75.6361 49.0000 30.9281 38.2704 57.4426
10768.0000 0.1478 75.6353 49.0000 30.6132 37.9397 57.8282
10769.0000 0.1473 75.7283 49.0000 30.5785 38.0952 57.8661
10770.0000 0.1458 75.6057 49.0000 30.2310 38.4580 57.6480
10771.0000 0.1457 75.5187 49.0000 30.1238 38.4953 57.5652
10772.0000 0.1500 75.5497 49.0000 30.1008 38.2164 57.8031
10773.0000 0.1450 75.6735 49.0000 30.2995 38.5105 57.6659
10774.0000 0.1425 75.5000 49.0000 30.4220 38.4176 57.4355
10775.0000 0.1374 75.3575 49.0000 30.7237 38.3659 57.1216
10776.0000 0.1376 74.9891 49.0000 30.5207 38.2188 56.8434
10777.0000 0.1437 75.5640 49.0000 30.5180 38.2856 57.5569
10778.0000 0.1434 75.4000 49.0000 30.3689 38.3119 57.4029
10779.0000 0.1480 75.6312 49.0000 30.5069 38.0266 57.8220
10780.0000 0.1461 75.4281 49.0000 30.6665 37.8262 57.6033
10781.0000 0.1416 75.3725 49.0000 30.6610 38.1222 57.3378
10782.0000 0.1456 75.3692 49.0000 30.5915 37.8858 57.5268
10783.0000 0.1389 75.0546 49.0000 30.6774 38.0212 56.9779
10784.0000 0.1479 75.2496 49.0000 30.4337 37.7633 57.5346
10785.0000 0.1436 75.0564 49.0000 30.4605 37.8853 57.1867
10786.0000 0.1399 74.9083 49.0000 30.5357 37.9542 56.9060
10787.0000 0.1359 74.7684 49.0000 30.6796 37.9810 56.6262
10788.0000 0.1377 74.8938 49.0000 30.8824 37.7474 56.8374
10789.0000 0.1360 75.0345 49.0000 31.0439 37.8421 56.8721
10790.0000 0.1376 75.0082 49.0000 31.0223 37.7161 56.9328
10791.0000 0.1297 74.8046 49.0000 31.1353 38.0307 56.3913
10792.0000 0.1283 74.8396 49.0000 31.2361 38.0667 56.3578
10793.0000 0.1331 75.2316 49.0000 30.7720 38.5415 56.8105
10794.0000 0.1313 75.1932 49.0000 30.9150 38.5005 56.7097
10795.0000 0.1323 74.9908 49.0000 31.0145 38.1252 56.6409
10796.0000 0.1283 75.0459 49.0000 31.3143 38.1816 56.5107
10797.0000 0.1299 75.2189 49.0000 31.2000 38.3331 56.7012
10798.0000 0.1276 75.2431 49.0000 31.3133 38.4269 56.6072
10799.0000 0.1281 75.0596 49.0000 31.4648 38.0521 56.5328
10800.0000 0.1292 75.0955 49.0000 31.2458 38.2273 56.5837
10801.0000 0.1351 75.3978 49.0000 31.0919 38.2033 57.0843
10802.0000 0.1363 75.6591 49.0000 31.4090 38.0258 57.3743
10803.0000 0.1295 75.2122 49.0000 31.5194 38.0293 56.7202
10804.0000 0.1317 75.1951 49.0000 31.4760 37.8822 56.8199
10805.0000 0.1353 75.3201 49.0000 31.4730 37.7212 57.0936
10806.0000 0.1340 75.4442 49.0000 31.6290 37.7785 57.1333
10807.0000 0.1371 75.6961 49.0000 31.7588 37.6348 57.4883
10808.0000 0.1348 75.6310 49.0000 31.4207 38.1081 57.2762
10809.0000 0.1433 75.7499 49.0000 31.0119 37.9812 57.7385
10810.0000 0.1402 75.7393 49.0000 31.2751 37.9380 57.6109
10811.0000 0.1364 75.6979 49.0000 31.3642 38.0977 57.4023
10812.0000 0.1387 75.6920 49.0000 31.5312 37.7450 57.5359
10813.0000 0.1320 75.4551 49.0000 31.5988 37.9781 57.0320
10814.0000 0.1366 75.4356 49.0000 31.4931 37.7098 57.2424
10815.0000 0.1353 75.3168 49.0000 31.4621 37.7271 57.0913
10816.0000 0.1333 75.0509 49.0000 31.4604 37.6367 56.8010
10817.0000 0.1309 74.8382 49.0000 31.5178 37.5703 56.5319
10818.0000 0.1241 74.5637 49.0000 31.6477 37.7076 56.0027
10819.0000 0.1356 74.8453 49.0000 31.0672 37.6752 56.7206
10820.0000 0.1279 74.5264 49.0000 31.1875 37.8519 56.1139
10821.0000 0.1299 74.7857 49.0000 31.2868 37.8360 56.4135
10822.0000 0.1302 74.8317 49.0000 31.2478 37.8994 56.4535
10823.0000 0.1268 74.7753 49.0000 31.4291 37.9208 56.2634
10824.0000 0.1240 74.8915 49.0000 31.6410 38.0358 56.2216
10825.0000 0.1229 74.9097 49.0000 31.6376 38.1440 56.1744
10826.0000 0.1283 75.0578 49.0000 31.3464 38.1599 56.5234
10827.0000 0.1238 74.8721 49.0000 31.3798 38.3048 56.1595
10828.0000 0.1194 74.8073 49.0000 31.4905 38.4912 55.8830
10829.0000 0.1214 74.8789 49.0000 31.4928 38.3926 56.0452
10830.0000 0.1191 74.9122 49.0000 31.8935 38.1857 56.0044
10831.0000 0.1219 74.9801 49.0000 31.5747 38.3635 56.1542
10832.0000 0.1236 75.2359 49.0000 31.5948 38.4404 56.4318
10833.0000 0.1254 75.2588 49.0000 31.2902 38.6379 56.4970
10834.0000 0.1182 75.0484 49.0000 31.5647 38.7375 55.9941
10835.0000 0.1204 74.8650 49.0000 31.3287 38.6325 55.9537
10836.0000 0.1233 74.9651 49.0000 31.4041 38.4107 56.1976
10837.0000 0.1233 75.1000 49.0000 31.3627 38.5842 56.2819
10838.0000 0.1234 75.2847 49.0000 31.5570 38.5452 56.4465
10839.0000 0.1255 75.0876 49.0000 31.4932 38.2554 56.4167
10840.0000 0.1253 75.1671 49.0000 31.2937 38.5592 56.4268
10841.0000 0.1242 75.2451 49.0000 31.4372 38.5712 56.4429
10842.0000 0.1268 75.6479 49.0000 31.3966 38.7849 56.8560
10843.0000 0.1305 75.6654 49.0000 31.5588 38.3350 57.0939
10844.0000 0.1249 75.3363 49.0000 31.7725 38.2500 56.5951
10845.0000 0.1263 75.4728 49.0000 31.8174 38.2137 56.7759
10846.0000 0.1314 75.7482 49.0000 31.6771 38.2191 57.2158
10847.0000 0.1261 75.4949 49.0000 32.1017 37.9549 56.8189
10848.0000 0.1231 75.1706 49.0000 32.0552 37.9383 56.4249
10849.0000 0.1216 75.2929 49.0000 32.0412 38.1951 56.4227
10850.0000 0.1280 75.5692 49.0000 31.7082 38.2865 56.9161
10851.0000 0.1287 75.6717 49.0000 31.7379 38.2927 57.0314
10852.0000 0.1208 75.4167 49.0000 31.8858 38.5393 56.4420
10853.0000 0.1291 75.6924 49.0000 31.8238 38.1948 57.0766
10854.0000 0.1268 75.3296 49.0000 31.5516 38.3155 56.6654
10855.0000 0.1280 75.5413 49.0000 31.5468 38.4280 56.8733
10856.0000 0.1306 75.9129 49.0000 31.5645 38.5502 57.2742
10857.0000 0.1310 75.7654 49.0000 31.7476 38.1890 57.2196
10858.0000 0.1274 75.3806 49.0000 31.3224 38.5638 56.6920
10859.0000 0.1223 75.3164 49.0000 31.4646 38.7657 56.3893
10860.0000 0.1216 75.1524 49.0000 31.6805 38.4336 56.2768
10861.0000 0.1231 75.4158 49.0000 31.6888 38.5556 56.5405
10862.0000 0.1251 75.3138 49.0000 31.3504 38.6528 56.5268
10863.0000 0.1213 74.9998 49.0000 31.4450 38.5689 56.1126
10864.0000 0.1182 75.0717 49.0000 31.6679 38.6517 56.0263
10865.0000 0.1244 75.0884 49.0000 31.2764 38.5733 56.3218
10866.0000 0.1231 74.8182 49.0000 31.2751 38.4239 56.0645
10867.0000 0.1228 74.9258 49.0000 31.4656 38.3459 56.1550
10868.0000 0.1254 75.1673 49.0000 31.3791 38.4621 56.4459
10869.0000 0.1229 75.1953 49.0000 31.3894 38.6759 56.3313
10870.0000 0.1242 75.4379 49.0000 31.5052 38.6858 56.5836
10871.0000 0.1186 75.5715 49.0000 31.6942 39.0731 56.3899
10872.0000 0.1158 75.2734 49.0000 31.9567 38.7381 56.0733
10873.0000 0.1114 75.2805 49.0000 32.1690 38.8969 55.8511
10874.0000 0.1116 74.8114 49.0000 31.8698 38.7432 55.4980
10875.0000 0.1092 74.9317 49.0000 32.1609 38.7482 55.4888
10876.0000 0.1166 75.1880 49.0000 32.1784 38.3567 56.0941
10877.0000 0.1115 75.1275 49.0000 32.5722 38.3038 55.8212
10878.0000 0.1166 75.1676 49.0000 32.3567 38.1532 56.1030
10879.0000 0.1076 74.8300 49.0000 32.5735 38.3431 55.3923
10880.0000 0.1106 75.1563 49.0000 32.5192 38.4690 55.7773
10881.0000 0.1204 75.2905 49.0000 31.9312 38.4049 56.3393
10882.0000 0.1192 75.2200 49.0000 31.7972 38.5791 56.2018
10883.0000 0.1163 74.9540 49.0000 31.8364 38.5161 55.8664
10884.0000 0.1119 74.6270 49.0000 31.7166 38.6989 55.3682
10885.0000 0.1121 74.7983 49.0000 31.9078 38.6481 55.5248
10886.0000 0.1148 75.0721 49.0000 31.9573 38.6297 55.8775
10887.0000 0.1139 74.8813 49.0000 31.7649 38.7262 55.6640
10888.0000 0.1065 74.6920 49.0000 32.0612 38.8537 55.1486
10889.0000 0.1062 74.8624 49.0000 32.1370 38.9655 55.2565
10890.0000 0.1124 74.8868 49.0000 31.9733 38.6371 55.6139
10891.0000 0.1140 74.9826 49.0000 31.6902 38.8987 55.7225
10892.0000 0.1141 75.2082 49.0000 31.9693 38.8049 55.9322
10893.0000 0.1096 74.8256 49.0000 31.9121 38.8834 55.3947
10894.0000 0.1175 75.0263 49.0000 31.5291 38.8207 55.9270
10895.0000 0.1249 75.2724 49.0000 31.4446 38.5351 56.4997
10896.0000 0.1222 75.3225 49.0000 31.2936 38.9577 56.3603
10897.0000 0.1160 75.0101 49.0000 31.4566 39.0036 55.8186
10898.0000 0.1128 74.5971 49.0000 31.4595 38.8698 55.3549
10899.0000 0.1184 74.6932 49.0000 31.1663 38.8115 55.6902
10900.0000 0.1164 74.8809 49.0000 31.3891 38.9166 55.7438
10901.0000 0.1128 74.4617 49.0000 31.2132 39.0065 55.2157
10902.0000 0.1121 74.2108 49.0000 31.0759 38.9725 54.9789
10903.0000 0.1125 74.4643 49.0000 31.0508 39.2086 55.1677
10904.0000 0.1069 74.0719 49.0000 31.2082 39.1458 54.5922
10905.0000 0.1086 74.3638 49.0000 30.9190 39.6015 54.8244
10906.0000 0.1078 74.2354 49.0000 31.1936 39.2398 54.7548
10907.0000 0.1071 74.2559 49.0000 31.2447 39.2649 54.7355
10908.0000 0.1113 74.3799 49.0000 31.0449 39.2403 55.0344
10909.0000 0.1133 74.4181 49.0000 31.1592 38.9822 55.2046
10910.0000 0.1136 74.2239 49.0000 30.9100 39.0349 55.0457
10911.0000 0.1110 74.2506 49.0000 31.3510 38.8011 54.9976
10912.0000 0.1138 74.1829 49.0000 31.2961 38.5625 55.1052
10913.0000 0.1116 74.2282 49.0000 31.3863 38.6941 55.0226
10914.0000 0.1146 74.1979 49.0000 31.1122 38.7048 55.1298
10915.0000 0.1151 74.4255 49.0000 30.9383 39.0763 55.2722
10916.0000 0.1180 74.7411 49.0000 30.8986 39.1740 55.6498
10917.0000 0.1187 74.6984 49.0000 30.8382 39.1432 55.6476
10918.0000 0.1219 74.8073 49.0000 30.5506 39.2831 55.8537
10919.0000 0.1177 74.5487 49.0000 30.7674 39.1580 55.4754
10920.0000 0.1192 74.4493 49.0000 30.6496 39.0583 55.4775
10921.0000 0.1239 74.3553 49.0000 30.2308 39.0257 55.6039
10922.0000 0.1216 74.3268 49.0000 30.4974 38.9066 55.5037
10923.0000 0.1275 74.5318 49.0000 30.4122 38.7076 55.9626
10924.0000 0.1261 74.6218 49.0000 30.2836 39.0464 55.9169
10925.0000 0.1250 74.6020 49.0000 30.4579 38.9278 55.8785
10926.0000 0.1220 74.5175 49.0000 30.6867 38.8513 55.6934
10927.0000 0.1242 74.7606 49.0000 30.9387 38.6385 56.0268
10928.0000 0.1263 74.9372 49.0000 31.0277 38.5356 56.2839
10929.0000 0.1289 75.0742 49.0000 31.0644 38.4220 56.5234
10930.0000 0.1308 75.0770 49.0000 31.1181 38.2170 56.6364
10931.0000 0.1322 75.1538 49.0000 31.0103 38.2897 56.7482
10932.0000 0.1277 74.6646 49.0000 31.1587 38.0279 56.1944
10933.0000 0.1300 74.9538 49.0000 31.2235 38.0553 56.5240
10934.0000 0.1291 75.0034 49.0000 31.2641 38.1279 56.5185
10935.0000 0.1259 74.8577 49.0000 31.4690 38.0302 56.2769
10936.0000 0.1272 74.9241 49.0000 31.4737 37.9829 56.3944
10937.0000 0.1336 74.9572 49.0000 30.9018 38.1059 56.6710
10938.0000 0.1364 75.1547 49.0000 30.9781 37.9939 56.9653
10939.0000 0.1367 75.2575 49.0000 31.0813 37.9612 57.0664
10940.0000 0.1315 75.1961 49.0000 31.1767 38.2113 56.7659
10941.0000 0.1319 75.0697 49.0000 30.8780 38.3735 56.6523
10942.0000 0.1244 74.7508 49.0000 31.0719 38.4697 56.0562
10943.0000 0.1282 74.8340 49.0000 31.1271 38.1828 56.3321
10944.0000 0.1274 75.0798 49.0000 31.1558 38.4492 56.4619
10945.0000 0.1295 75.2288 49.0000 31.0198 38.5620 56.6578
10946.0000 0.1328 75.4318 49.0000 30.9610 38.5525 56.9656
10947.0000 0.1321 75.3861 49.0000 31.2085 38.3096 56.9340
10948.0000 0.1305 75.4682 49.0000 31.3055 38.4093 56.9223
10949.0000 0.1204 74.9964 49.0000 31.5690 38.5040 56.0830
10950.0000 0.1226 75.4456 49.0000 31.7933 38.5180 56.5472
10951.0000 0.1269 75.5257 49.0000 31.5826 38.4688 56.8052
10952.0000 0.1233 75.0463 49.0000 31.5090 38.3791 56.2688
10953.0000 0.1291 75.5000 49.0000 31.3884 38.4667 56.8799
10954.0000 0.1338 75.4208 49.0000 30.9943 38.4316 57.0146
10955.0000 0.1312 74.9962 49.0000 30.9514 38.2825 56.5765
10956.0000 0.1237 74.7999 49.0000 31.0595 38.5842 56.0500
10957.0000 0.1287 75.0316 49.0000 30.7937 38.6781 56.4403
10958.0000 0.1273 74.9960 49.0000 30.9200 38.6288 56.3575
10959.0000 0.1251 74.8674 49.0000 31.3527 38.2280 56.2206
10960.0000 0.1285 75.0394 49.0000 31.0743 38.4088 56.4806
10961.0000 0.1297 75.0589 49.0000 31.2319 38.1678 56.5829
10962.0000 0.1269 74.8463 49.0000 31.1555 38.2657 56.2765
10963.0000 0.1292 75.0363 49.0000 31.0752 38.3460 56.5187
10964.0000 0.1281 75.2531 49.0000 31.2259 38.4879 56.6273
10965.0000 0.1317 75.3130 49.0000 31.1447 38.3376 56.8532
10966.0000 0.1313 75.1993 49.0000 30.8849 38.5300 56.7141
10967.0000 0.1360 75.4272 49.0000 30.9682 38.2927 57.1305
10968.0000 0.1307 75.1542 49.0000 30.7583 38.6722 56.6263
10969.0000 0.1258 75.3836 49.0000 30.9942 39.0381 56.5516
10970.0000 0.1328 75.4791 49.0000 30.8890 38.6710 56.9871
10971.0000 0.1324 75.5572 49.0000 31.0612 38.5959 57.0477
10972.0000 0.1297 75.4207 49.0000 31.0497 38.6964 56.8048
10973.0000 0.1305 75.4299 49.0000 31.1057 38.5857 56.8616
10974.0000 0.1296 75.6322 49.0000 31.5083 38.4269 57.0160
10975.0000 0.1266 75.6616 49.0000 31.4489 38.7589 56.8630
10976.0000 0.1246 75.7592 49.0000 31.6936 38.7593 56.8567
10977.0000 0.1223 75.4815 49.0000 31.3484 39.0503 56.4784
10978.0000 0.1248 75.5349 49.0000 31.7051 38.5114 56.7202
10979.0000 0.1190 75.2762 49.0000 31.5668 38.8902 56.1925
10980.0000 0.1222 75.6309 49.0000 31.6286 38.8976 56.6272
10981.0000 0.1258 75.7551 49.0000 31.4926 38.8704 56.8872
10982.0000 0.1318 76.0678 49.0000 31.5870 38.5752 57.4502
10983.0000 0.1305 75.9935 49.0000 31.6869 38.5054 57.3436
10984.0000 0.1275 75.9867 49.0000 31.8400 38.5824 57.1978
10985.0000 0.1235 76.0079 49.0000 31.9342 38.8332 57.0035
10986.0000 0.1316 76.3310 49.0000 31.4548 38.9833 57.5962
10987.0000 0.1398 76.5179 49.0000 31.6223 38.3337 58.1854
10988.0000 0.1275 76.1746 49.0000 31.9244 38.6693 57.3418
10989.0000 0.1310 76.1462 49.0000 31.6940 38.6073 57.4736
10990.0000 0.1228 75.8976 49.0000 32.1526 38.5514 56.9249
10991.0000 0.1278 76.0369 49.0000 32.0501 38.3872 57.2785
10992.0000 0.1380 76.2327 49.0000 31.9045 37.9200 57.9275
10993.0000 0.1284 76.0222 49.0000 32.1212 38.2521 57.3096
10994.0000 0.1267 76.0603 49.0000 32.1494 38.3935 57.2497
10995.0000 0.1168 75.7752 49.0000 32.1898 38.8932 56.5068
10996.0000 0.1212 75.8062 49.0000 32.0026 38.7540 56.7499
10997.0000 0.1183 75.4492 49.0000 32.3002 38.3433 56.3833
10998.0000 0.1128 75.2164 49.0000 32.0580 38.8310 55.8744
10999.0000 0.1126 75.2379 49.0000 31.9272 39.0132 55.8513
11000.0000 0.1077 74.9239 49.0000 32.2080 38.8253 55.3970
11001.0000 0.1177 75.1452 49.0000 31.6854 38.7468 56.0494
11002.0000 0.1217 75.5106 49.0000 31.8516 38.5913 56.5513
11003.0000 0.1168 75.1018 49.0000 31.8558 38.5978 55.9973
11004.0000 0.1201 75.6072 49.0000 31.8560 38.8072 56.5300
11005.0000 0.1206 75.7714 49.0000 32.1929 38.5748 56.7178
11006.0000 0.1219 75.9312 49.0000 32.0656 38.7525 56.8823
11007.0000 0.1273 76.1310 49.0000 31.8092 38.7697 57.2801
11008.0000 0.1261 76.2378 49.0000 31.9485 38.8213 57.3098
11009.0000 0.1275 76.1776 49.0000 31.8273 38.7739 57.3292
11010.0000 0.1323 76.1560 49.0000 31.6931 38.5098 57.5524
11011.0000 0.1265 75.9856 49.0000 32.1576 38.3320 57.1870
11012.0000 0.1269 75.8775 49.0000 32.1807 38.1747 57.1357
11013.0000 0.1342 76.1199 49.0000 31.8718 38.1389 57.6528
11014.0000 0.1348 75.9496 49.0000 31.8535 37.9546 57.5599
11015.0000 0.1325 75.9470 49.0000 31.7739 38.2168 57.4268
11016.0000 0.1330 75.8009 49.0000 31.1280 38.7098 57.2571
11017.0000 0.1356 75.8493 49.0000 31.1429 38.5367 57.4296
11018.0000 0.1388 76.2064 49.0000 31.3555 38.3973 57.8782
11019.0000 0.1407 76.3488 49.0000 30.9357 38.8124 58.0148
11020.0000 0.1432 76.5350 49.0000 31.1523 38.5663 58.3076
11021.0000 0.1384 76.4188 49.0000 31.3365 38.6469 58.0023
11022.0000 0.1359 76.4301 49.0000 31.5303 38.6530 57.9081
11023.0000 0.1306 76.1950 49.0000 31.7013 38.6775 57.4870
11024.0000 0.1331 76.1007 49.0000 31.7619 38.3271 57.5633
11025.0000 0.1337 75.9416 49.0000 31.8451 38.0435 57.4952
11026.0000 0.1436 76.2882 49.0000 31.4899 37.9595 58.2010
11027.0000 0.1418 75.9872 49.0000 31.5687 37.7387 57.9074
11028.0000 0.1442 75.9344 49.0000 31.3312 37.7539 57.9571
11029.0000 0.1534 76.2310 49.0000 31.0052 37.6672 58.5750
11030.0000 0.1488 76.1235 49.0000 31.2094 37.7022 58.3035
11031.0000 0.1489 76.2032 49.0000 31.3605 37.6121 58.3848
11032.0000 0.1485 76.1456 49.0000 31.5438 37.4079 58.3419
11033.0000 0.1476 75.8376 49.0000 31.2219 37.5181 58.0424
11034.0000 0.1457 75.7163 49.0000 31.1065 37.6653 57.8503
11035.0000 0.1440 75.7525 49.0000 30.8669 38.0748 57.7580
11036.0000 0.1397 75.3968 49.0000 30.8982 38.0470 57.2923
11037.0000 0.1441 75.5591 49.0000 30.9326 37.8224 57.6352
11038.0000 0.1371 75.2754 49.0000 31.1279 37.8983 57.1066
11039.0000 0.1393 75.3886 49.0000 31.1006 37.8589 57.2966
11040.0000 0.1334 74.9755 49.0000 31.0798 37.9554 56.6988
11041.0000 0.1321 74.8979 49.0000 31.3116 37.7458 56.6086
11042.0000 0.1331 75.1064 49.0000 31.5095 37.6551 56.8350
11043.0000 0.1389 75.0476 49.0000 31.3365 37.3336 57.0645
11044.0000 0.1308 75.0875 49.0000 31.6573 37.6636 56.7221
11045.0000 0.1375 75.0994 49.0000 31.5237 37.2932 57.0560
11046.0000 0.1400 75.2134 49.0000 31.4541 37.2837 57.2506
11047.0000 0.1394 74.9035 49.0000 31.3356 37.1633 56.9869
11048.0000 0.1412 75.0487 49.0000 31.5880 36.9003 57.2089
11049.0000 0.1485 75.8554 49.0000 31.3320 37.3541 58.1121
11050.0000 0.1499 76.1106 49.0000 31.7430 37.0698 58.4041
11051.0000 0.1478 76.0790 49.0000 31.4665 37.4747 58.2540
11052.0000 0.1446 76.1181 49.0000 31.7149 37.4998 58.1541
11053.0000 0.1446 76.1386 49.0000 31.6604 37.5761 58.1613
11054.0000 0.1469 76.0622 49.0000 31.1802 37.8219 58.1615
11055.0000 0.1457 76.0721 49.0000 31.4674 37.6279 58.1455
11056.0000 0.1532 76.5562 49.0000 31.1055 37.8740 58.8120
11057.0000 0.1488 76.2770 49.0000 31.2331 37.8153 58.4182
11058.0000 0.1501 76.5164 49.0000 31.1758 37.9940 58.6454
11059.0000 0.1575 76.7497 49.0000 30.9484 37.8858 59.1387
11060.0000 0.1547 76.5567 49.0000 30.9244 37.9443 58.8629
11061.0000 0.1574 76.3644 49.0000 30.5392 37.9612 58.8033
11062.0000 0.1557 76.2687 49.0000 30.9617 37.5735 58.7071
11063.0000 0.1521 76.3147 49.0000 31.3289 37.5061 58.6151
11064.0000 0.1460 75.9133 49.0000 31.5695 37.3546 58.0589
11065.0000 0.1467 76.1724 49.0000 31.4754 37.6323 58.2695
11066.0000 0.1533 76.5048 49.0000 31.2279 37.6955 58.7950
11067.0000 0.1532 76.4633 49.0000 30.9330 37.9624 58.7252
11068.0000 0.1537 76.4871 49.0000 31.2010 37.6751 58.7993
11069.0000 0.1475 76.4999 49.0000 31.5744 37.7732 58.5532
11070.0000 0.1464 76.0091 49.0000 31.2488 37.7388 58.1092
11071.0000 0.1584 76.4735 49.0000 30.8143 37.7023 58.9678
11072.0000 0.1630 76.3803 49.0000 30.6034 37.4957 59.0885
11073.0000 0.1618 76.2376 49.0000 30.6418 37.4189 58.9329
11074.0000 0.1555 76.0739 49.0000 31.0486 37.3255 58.5665
11075.0000 0.1565 76.1394 49.0000 30.9709 37.3851 58.6547
11076.0000 0.1532 75.8699 49.0000 30.8692 37.4891 58.2915
11077.0000 0.1509 76.1610 49.0000 30.8051 37.9930 58.3786
11078.0000 0.1496 76.1036 49.0000 30.5223 38.3211 58.2378
11079.0000 0.1440 75.7725 49.0000 30.7260 38.2416 57.7493
11080.0000 0.1407 75.8898 49.0000 30.4595 38.8757 57.6208
11081.0000 0.1525 76.0520 49.0000 30.1892 38.3995 58.2923
11082.0000 0.1471 75.9348 49.0000 30.3208 38.5687 57.9586
11083.0000 0.1486 75.5752 49.0000 29.9063 38.5426 57.7208
11084.0000 0.1519 75.6118 49.0000 29.8761 38.3595 57.9061
11085.0000 0.1519 75.7258 49.0000 29.7959 38.5412 57.9757
11086.0000 0.1527 75.7593 49.0000 29.8774 38.4343 58.0484
11087.0000 0.1566 76.0253 49.0000 29.7412 38.5146 58.4117
11088.0000 0.1550 75.9277 49.0000 29.7474 38.5427 58.2630
11089.0000 0.1570 75.5454 49.0000 29.7433 38.0543 58.0889
11090.0000 0.1536 75.7444 49.0000 29.7709 38.4606 58.0663
11091.0000 0.1593 75.8111 49.0000 29.5678 38.3017 58.3613
11092.0000 0.1540 75.7068 49.0000 29.7485 38.4200 58.0556
11093.0000 0.1528 75.6325 49.0000 29.8298 38.3578 57.9581
11094.0000 0.1543 75.9578 49.0000 30.1447 38.2173 58.3123
11095.0000 0.1546 76.0723 49.0000 30.2099 38.2343 58.4166
11096.0000 0.1511 75.8644 49.0000 30.0680 38.4546 58.0738
11097.0000 0.1557 75.9383 49.0000 30.0512 38.1959 58.3491
11098.0000 0.1562 76.1686 49.0000 30.1390 38.2763 58.5510
11099.0000 0.1581 76.0343 49.0000 29.8224 38.3333 58.5012
11100.0000 0.1598 76.0683 49.0000 29.6927 38.3633 58.5917
11101.0000 0.1557 75.8775 49.0000 29.8210 38.3713 58.2731
11102.0000 0.1568 76.0876 49.0000 29.8454 38.4550 58.4790
11103.0000 0.1639 76.0291 49.0000 29.3931 38.3311 58.7128
11104.0000 0.1544 75.6498 49.0000 29.6412 38.4441 58.0202
11105.0000 0.1512 75.5095 49.0000 29.5625 38.6364 57.7492
11106.0000 0.1516 75.5386 49.0000 29.6465 38.5505 57.8016
11107.0000 0.1432 75.1689 49.0000 29.7363 38.7640 57.1269
11108.0000 0.1452 75.1680 49.0000 29.8164 38.5223 57.2472
11109.0000 0.1431 75.2344 49.0000 30.0583 38.5011 57.2222
11110.0000 0.1396 75.3438 49.0000 30.3559 38.5624 57.1678
11111.0000 0.1475 75.4825 49.0000 29.7672 38.6889 57.5734
11112.0000 0.1479 75.4916 49.0000 29.7214 38.7089 57.5955
11113.0000 0.1445 75.0366 49.0000 29.7535 38.5253 57.1054
11114.0000 0.1400 75.1585 49.0000 30.0162 38.7145 57.0001
11115.0000 0.1382 75.1742 49.0000 29.9803 38.9045 56.9103
11116.0000 0.1392 75.2034 49.0000 30.0662 38.7700 56.9952
11117.0000 0.1446 75.3963 49.0000 29.7648 38.8380 57.3608
11118.0000 0.1401 75.3624 49.0000 29.9476 38.9704 57.1309
11119.0000 0.1442 75.5388 49.0000 30.1359 38.6152 57.5048
11120.0000 0.1334 75.3146 49.0000 30.5301 38.8492 56.8414
11121.0000 0.1369 75.2417 49.0000 30.3090 38.7272 56.9464
11122.0000 0.1342 75.2859 49.0000 30.4064 38.8831 56.8465
11123.0000 0.1293 75.3030 49.0000 30.8981 38.7750 56.6776
11124.0000 0.1236 75.1210 49.0000 31.0294 38.9306 56.2561
11125.0000 0.1264 75.2796 49.0000 31.1567 38.7187 56.5432
11126.0000 0.1308 75.3156 49.0000 30.9738 38.5927 56.7774
11127.0000 0.1364 75.5645 49.0000 31.1644 38.1814 57.2796
11128.0000 0.1401 75.7237 49.0000 30.6569 38.5670 57.5050
11129.0000 0.1381 75.7958 49.0000 30.4669 38.9847 57.4191
11130.0000 0.1444 75.9929 49.0000 30.2402 38.9124 57.8470
11131.0000 0.1457 76.0067 49.0000 30.1081 38.9622 57.9005
11132.0000 0.1468 76.1826 49.0000 30.2144 38.9233 58.1021
11133.0000 0.1422 76.0707 49.0000 30.0603 39.3388 57.7546
11134.0000 0.1457 76.1603 49.0000 30.1298 39.0747 58.0151
11135.0000 0.1443 76.1185 49.0000 30.0790 39.1984 57.9031
11136.0000 0.1476 76.2008 49.0000 30.0257 39.0752 58.1219
11137.0000 0.1488 76.3781 49.0000 29.9393 39.2339 58.2919
11138.0000 0.1470 76.1657 49.0000 29.9758 39.1365 58.0603
11139.0000 0.1421 75.9176 49.0000 29.9428 39.3304 57.6197
11140.0000 0.1457 76.0816 49.0000 29.8467 39.2974 57.9076
11141.0000 0.1446 76.2044 49.0000 30.1925 39.1376 57.9981
11142.0000 0.1430 76.1184 49.0000 30.3790 38.9965 57.8826
11143.0000 0.1485 76.2784 49.0000 30.2475 38.8478 58.2609
11144.0000 0.1439 76.1337 49.0000 30.3996 38.9121 57.9488
11145.0000 0.1457 76.0086 49.0000 30.0995 38.9718 57.9010
11146.0000 0.1487 75.8216 49.0000 29.9897 38.6768 57.9105
11147.0000 0.1478 75.7826 49.0000 29.8777 38.8298 57.8150
11148.0000 0.1506 75.8557 49.0000 29.5235 39.0398 57.9511
11149.0000 0.1450 75.6496 49.0000 29.5886 39.2201 57.5253
11150.0000 0.1394 75.5660 49.0000 29.8032 39.3636 57.2057
11151.0000 0.1377 75.2193 49.0000 29.9830 38.9885 56.9109
11152.0000 0.1376 74.9518 49.0000 29.9204 38.8086 56.7136
11153.0000 0.1359 75.3109 49.0000 30.1031 39.0889 56.8999
11154.0000 0.1395 75.7571 49.0000 29.9484 39.3842 57.3683
11155.0000 0.1387 75.6878 49.0000 30.1315 39.1922 57.3123
11156.0000 0.1437 75.9521 49.0000 30.0431 39.1314 57.7483
11157.0000 0.1404 75.7913 49.0000 30.5377 38.7281 57.5491
11158.0000 0.1364 75.6553 49.0000 30.5117 38.9455 57.2363
11159.0000 0.1322 75.5822 49.0000 30.8324 38.8749 57.0156
11160.0000 0.1348 75.8862 49.0000 30.7906 38.9979 57.3569
11161.0000 0.1411 75.7323 49.0000 30.2368 38.9340 57.4914
11162.0000 0.1376 75.8162 49.0000 30.3063 39.2128 57.3758
11163.0000 0.1412 75.9338 49.0000 30.1406 39.2113 57.6191
11164.0000 0.1406 76.0931 49.0000 29.9910 39.5618 57.6676
11165.0000 0.1421 75.9193 49.0000 29.9647 39.3111 57.6237
11166.0000 0.1456 76.1224 49.0000 29.8685 39.3234 57.9325
11167.0000 0.1102 79.5666 50.0000 29.8202 46.1006 57.5877
11168.0000 0.1403 75.9164 49.0000 29.7266 39.6949 57.4800
11169.0000 0.1417 76.0609 49.0000 29.7407 39.7093 57.6535
11170.0000 0.1429 76.1657 49.0000 29.5890 39.8660 57.7617
11171.0000 0.1355 76.2825 49.0000 30.4943 39.6211 57.6132
11172.0000 0.1418 76.4648 49.0000 30.3414 39.4463 58.0539
11173.0000 0.1425 76.5035 49.0000 30.2309 39.5430 58.0966
11174.0000 0.1409 77.0524 49.0000 30.6049 39.7943 58.4536
11175.0000 0.1382 76.7654 49.0000 30.5683 39.7821 58.1024
11176.0000 0.1370 76.8056 49.0000 30.7734 39.6982 58.1047
11177.0000 0.1352 76.4806 49.0000 30.6074 39.7160 57.7504
11178.0000 0.1334 76.4418 49.0000 30.8641 39.5540 57.6736
11179.0000 0.1320 76.4093 49.0000 30.8814 39.6255 57.5721
11180.0000 0.1329 76.4099 49.0000 30.5768 39.8710 57.5659
11181.0000 0.1340 76.5158 49.0000 30.5679 39.8882 57.6992
11182.0000 0.1330 76.3277 49.0000 30.7831 39.5675 57.5564
11183.0000 0.1423 76.7521 49.0000 30.7024 39.3036 58.3394
11184.0000 0.1461 76.8510 49.0000 30.4364 39.3690 58.5644
11185.0000 0.1464 76.5878 49.0000 30.0840 39.4612 58.3391
11186.0000 0.1360 76.3989 49.0000 30.7157 39.4640 57.7575
11187.0000 0.1387 76.5076 49.0000 30.4803 39.5888 57.9405
11188.0000 0.1400 76.3750 49.0000 30.0396 39.8230 57.8350
11189.0000 0.1405 76.2651 49.0000 30.0341 39.6874 57.7861
11190.0000 0.1383 76.1889 49.0000 30.2352 39.5828 57.6522
11191.0000 0.1379 76.1997 49.0000 29.8521 40.0313 57.5564
11192.0000 0.1430 76.4883 49.0000 29.9980 39.7290 58.0705
11193.0000 0.1507 76.6092 49.0000 29.8056 39.4346 58.5279
11194.0000 0.1535 77.0090 49.0000 29.9584 39.4200 58.9825
11195.0000 0.1323 80.7489 50.0000 29.6967 45.0541 60.0719
11196.0000 0.1336 80.9335 50.0000 29.8883 44.8862 60.3502
11197.0000 0.1576 77.4755 49.0000 30.4259 39.0547 59.5940
11198.0000 0.1521 77.6468 49.0000 30.7178 39.3359 59.4822
11199.0000 0.1499 77.7361 49.0000 30.5670 39.7471 59.4031
11200.0000 0.1449 77.1134 49.0000 30.9010 39.2214 58.7647
11201.0000 0.1493 77.4480 49.0000 31.0029 39.0804 59.2430
11202.0000 0.1455 77.4040 49.0000 31.0295 39.3120 59.0179
11203.0000 0.1425 77.0553 49.0000 30.7561 39.5056 58.5738
11204.0000 0.1385 76.9667 49.0000 31.3352 39.1439 58.3929
11205.0000 0.1421 77.0194 49.0000 31.2947 38.9508 58.6128
11206.0000 0.1359 76.8858 49.0000 31.5881 39.0145 58.2365
11207.0000 0.1376 76.9633 49.0000 31.4503 39.0917 58.3615
11208.0000 0.1421 77.0678 49.0000 31.2205 39.0703 58.6365
11209.0000 0.1482 77.2407 49.0000 31.0076 38.9710 59.0417
11210.0000 0.1444 76.9726 49.0000 30.9666 39.0625 58.6512
11211.0000 0.1438 76.8092 49.0000 30.8146 39.1202 58.4783
11212.0000 0.1324 76.3255 49.0000 31.1124 39.2686 57.5811
11213.0000 0.1361 77.0134 49.0000 31.2992 39.4164 58.2904
11214.0000 0.1398 77.0746 49.0000 31.0805 39.4094 58.4927
11215.0000 0.1456 77.2310 49.0000 30.7212 39.4654 58.8500
11216.0000 0.1409 77.1139 49.0000 30.8557 39.5893 58.5420
11217.0000 0.1370 76.8536 49.0000 30.9436 39.5698 58.1652
11218.0000 0.1433 77.3101 49.0000 30.7250 39.7116 58.7863
11219.0000 0.1371 76.7267 49.0000 30.9184 39.4640 58.0830
11220.0000 0.1348 76.7048 49.0000 31.0343 39.5080 57.9622
11221.0000 0.1424 76.9873 49.0000 31.1297 39.0687 58.5800
11222.0000 0.1432 77.0545 49.0000 31.1192 39.0802 58.6663
11223.0000 0.1346 76.7942 49.0000 31.3118 39.3189 58.0598
11224.0000 0.1345 76.6687 49.0000 31.2603 39.2675 57.9564
11225.0000 0.1322 76.9368 49.0000 31.5348 39.4154 58.0625
11226.0000 0.1344 77.1797 49.0000 31.6406 39.3592 58.3646
11227.0000 0.1350 77.2365 49.0000 31.5916 39.4092 58.4326
11228.0000 0.1400 77.4815 49.0000 31.3050 39.5328 58.8264
11229.0000 0.1369 77.6009 49.0000 31.4307 39.7635 58.7612
11230.0000 0.1416 77.8601 49.0000 31.1592 39.9097 59.1482
11231.0000 0.1439 77.9153 49.0000 31.2362 39.6950 59.3246
11232.0000 0.1438 78.0148 49.0000 31.3215 39.7056 59.4032
11233.0000 0.1419 77.9470 49.0000 31.7228 39.3809 59.3173
11234.0000 0.1435 78.0973 49.0000 31.8644 39.2495 59.5258
11235.0000 0.1434 78.2023 49.0000 31.9854 39.2326 59.6098
11236.0000 0.1485 78.7252 49.0000 32.0403 39.2508 60.2533
11237.0000 0.1547 78.8762 49.0000 31.7054 39.2534 60.6251
11238.0000 0.1497 78.8507 49.0000 31.9980 39.3220 60.3933
11239.0000 0.1490 78.8601 49.0000 32.0166 39.3623 60.3694
11240.0000 0.1448 78.8433 49.0000 32.2401 39.4522 60.1694
11241.0000 0.1458 78.9672 49.0000 32.0931 39.6309 60.2929
11242.0000 0.1487 79.0632 49.0000 32.3496 39.2365 60.5392
11243.0000 0.1554 79.4765 49.0000 31.9242 39.5181 61.1202
11244.0000 0.1486 79.4717 49.0000 32.1768 39.7908 60.8037
11245.0000 0.1481 79.4583 49.0000 32.1058 39.8926 60.7571
11246.0000 0.1537 79.3244 49.0000 32.0106 39.4212 60.9397
11247.0000 0.1580 79.2351 49.0000 31.6822 39.3407 61.0470
11248.0000 0.1603 79.3012 49.0000 31.4958 39.4170 61.1800
11249.0000 0.1633 79.1239 49.0000 31.2039 39.3207 61.1620
11250.0000 0.1764 79.4097 49.0000 30.6484 39.1455 61.9210
11251.0000 0.1635 78.9370 49.0000 30.8482 39.4929 60.9898
11252.0000 0.1618 79.2489 49.0000 30.6658 40.0899 61.0967
11253.0000 0.1553 78.7187 49.0000 30.7108 40.0724 60.3961
11254.0000 0.1571 78.6154 49.0000 30.6626 39.8863 60.4092
11255.0000 0.1566 78.7534 49.0000 30.7626 39.9455 60.4989
11256.0000 0.1562 78.5762 49.0000 30.4940 40.0886 60.3095
11257.0000 0.1532 78.5462 49.0000 30.6240 40.1639 60.1543
11258.0000 0.1607 79.0399 49.0000 30.4332 40.2166 60.8585
11259.0000 0.1562 78.8429 49.0000 30.6680 40.1531 60.5261
11260.0000 0.1583 79.1759 49.0000 30.5294 40.4311 60.8450
11261.0000 0.1526 78.8827 49.0000 30.7215 40.4188 60.3737
11262.0000 0.1599 79.4371 49.0000 30.5848 40.4868 61.1199
11263.0000 0.1561 79.4250 49.0000 30.6011 40.7588 60.9149
11264.0000 0.1553 79.5728 49.0000 30.5373 41.0185 60.9655
11265.0000 0.1558 78.9483 49.0000 30.5223 40.4271 60.5547
11266.0000 0.1543 78.9106 49.0000 30.6703 40.3588 60.4763
11267.0000 0.1617 79.1483 49.0000 30.6153 40.0563 61.0136
11268.0000 0.1580 78.6244 49.0000 30.9329 39.5497 60.5044
11269.0000 0.1611 78.5537 49.0000 30.5142 39.6700 60.5464
11270.0000 0.1612 78.6555 49.0000 30.6370 39.6322 60.6411
11271.0000 0.1530 78.6978 49.0000 31.0953 39.8371 60.3277
11272.0000 0.1625 78.8899 49.0000 31.2044 39.1718 60.9547
11273.0000 0.1653 78.7558 49.0000 31.3599 38.6851 61.0123
11274.0000 0.1624 78.8490 49.0000 31.0972 39.2513 60.9054
11275.0000 0.1637 79.0016 49.0000 31.2355 39.1475 61.0989
11276.0000 0.1700 79.2317 49.0000 30.8941 39.2245 61.5196
11277.0000 0.1666 79.1862 49.0000 31.3911 38.9433 61.3879
11278.0000 0.1669 78.9491 49.0000 31.3667 38.7351 61.2264
11279.0000 0.1667 78.8403 49.0000 31.4842 38.5342 61.1527
11280.0000 0.1653 78.5697 49.0000 31.2413 38.6422 60.8601
11281.0000 0.1692 78.8448 49.0000 31.1493 38.6868 61.2336
11282.0000 0.1703 79.3782 49.0000 31.4061 38.8244 61.7028
11283.0000 0.1617 78.7138 49.0000 31.6958 38.5834 60.8487
11284.0000 0.1585 78.7446 49.0000 31.5228 39.0240 60.6972
11285.0000 0.1678 78.9277 49.0000 31.4786 38.5331 61.2689
11286.0000 0.1697 79.1581 49.0000 31.4635 38.6157 61.5214
11287.0000 0.1717 79.0629 49.0000 31.4239 38.4199 61.5418
11288.0000 0.1714 79.0941 49.0000 31.1805 38.7124 61.5224
11289.0000 0.1764 79.3151 49.0000 31.1373 38.5792 61.9112
11290.0000 0.1714 78.7102 49.0000 30.8866 38.6661 61.2066
11291.0000 0.1733 78.7519 49.0000 30.7213 38.7277 61.3044
11292.0000 0.1812 79.1382 49.0000 30.8155 38.4003 61.9570
11293.0000 0.1820 79.2819 49.0000 30.7092 38.5719 62.0868
11294.0000 0.1748 78.9623 49.0000 31.2156 38.3137 61.5848
11295.0000 0.1764 79.1206 49.0000 30.8889 38.6562 61.7385
11296.0000 0.1825 78.9948 49.0000 30.7073 38.2888 61.8968
11297.0000 0.1751 78.7379 49.0000 30.7843 38.5215 61.3847
11298.0000 0.1759 78.5245 49.0000 30.8118 38.2506 61.2668
11299.0000 0.1799 78.5895 49.0000 30.4636 38.3597 61.4559
11300.0000 0.1817 78.4807 49.0000 30.3051 38.2931 61.4366
11301.0000 0.1831 78.6367 49.0000 30.2571 38.3705 61.6112
11302.0000 0.1779 78.5534 49.0000 30.7765 38.1646 61.3751
11303.0000 0.1785 78.9028 49.0000 30.9421 38.2667 61.6758
11304.0000 0.1804 78.9386 49.0000 31.1358 37.9646 61.8107
11305.0000 0.1803 79.0013 49.0000 31.0790 38.0869 61.8441
11306.0000 0.1801 79.0568 49.0000 31.0287 38.1996 61.8708
11307.0000 0.1800 79.0885 49.0000 31.0154 38.2444 61.8903
11308.0000 0.1757 78.7611 49.0000 31.1257 38.1595 61.4683
11309.0000 0.1804 79.1100 49.0000 31.2374 38.0164 61.9466
11310.0000 0.1719 78.7062 49.0000 31.5818 37.9371 61.3028
11311.0000 0.1682 78.7476 49.0000 31.5241 38.3020 61.1586
11312.0000 0.1688 78.7134 49.0000 31.4097 38.3386 61.1505
11313.0000 0.1700 78.4477 49.0000 31.1152 38.3123 60.9759
11314.0000 0.1725 78.5286 49.0000 30.8236 38.4910 61.1154
11315.0000 0.1699 78.3397 49.0000 31.1048 38.2324 60.8923
11316.0000 0.1802 78.5195 49.0000 30.8825 37.8694 61.4612
11317.0000 0.1658 77.8946 49.0000 30.9359 38.3052 60.3594
11318.0000 0.1611 77.7657 49.0000 31.1614 38.3168 60.0691
11319.0000 0.1585 77.9607 49.0000 31.0681 38.7823 60.0714
11320.0000 0.1562 77.8861 49.0000 31.2883 38.6672 59.9344
11321.0000 0.1586 77.9872 49.0000 31.2796 38.5789 60.1270
11322.0000 0.1613 78.2655 49.0000 31.5994 38.3098 60.4924
11323.0000 0.1646 78.3104 49.0000 31.5260 38.1743 60.6742
11324.0000 0.1626 78.1214 49.0000 31.7523 37.9278 60.4667
11325.0000 0.1659 78.3742 49.0000 31.7599 37.9069 60.8021
11326.0000 0.1771 79.0711 49.0000 31.4374 38.0197 61.7935
11327.0000 0.1718 78.6762 49.0000 31.2369 38.2620 61.2391
11328.0000 0.1702 78.4864 49.0000 31.3438 38.1018 61.0404
11329.0000 0.1796 78.6907 49.0000 31.1305 37.8106 61.5912
11330.0000 0.1812 78.7763 49.0000 31.1754 37.7271 61.7290
11331.0000 0.1753 79.0383 49.0000 31.1145 38.4418 61.6536
11332.0000 0.1768 79.1783 49.0000 31.0645 38.5078 61.8170
11333.0000 0.1773 78.9496 49.0000 31.2970 38.0437 61.6945
11334.0000 0.1772 78.9985 49.0000 31.3476 38.0395 61.7340
11335.0000 0.1718 78.9715 49.0000 31.4993 38.2613 61.4846
11336.0000 0.1791 79.2469 49.0000 31.0654 38.3977 61.9728
11337.0000 0.1775 79.4278 49.0000 31.0879 38.6503 62.0360
11338.0000 0.1803 79.4602 49.0000 31.0048 38.5535 62.1792
11339.0000 0.1764 79.4524 49.0000 31.3796 38.4630 62.0372
11340.0000 0.1765 79.3596 49.0000 30.8581 38.8875 61.9152
11341.0000 0.1709 79.0664 49.0000 31.1589 38.7442 61.4777
11342.0000 0.1780 79.1187 49.0000 30.9558 38.4723 61.8174
11343.0000 0.1777 79.0635 49.0000 31.0234 38.3789 61.7709
11344.0000 0.1744 78.7196 49.0000 30.8394 38.5007 61.3466
11345.0000 0.1733 78.6715 49.0000 30.8140 38.5680 61.2553
11346.0000 0.1643 78.7516 49.0000 31.3821 38.7365 60.9628
11347.0000 0.1663 79.1463 49.0000 31.7082 38.6139 61.3815
11348.0000 0.1754 79.5603 49.0000 31.3288 38.6806 62.0657
11349.0000 0.1663 79.0191 49.0000 31.1295 39.0743 61.2223
11350.0000 0.1672 79.0976 49.0000 31.1022 39.1069 61.3167
11351.0000 0.1624 79.0646 49.0000 31.4545 39.0853 61.1077
11352.0000 0.1611 79.0429 49.0000 31.6074 39.0113 61.0481
11353.0000 0.1597 79.0985 49.0000 31.5363 39.2362 61.0128
11354.0000 0.1571 78.8045 49.0000 31.4719 39.2388 60.6629
11355.0000 0.1614 79.0392 49.0000 31.2221 39.3691 61.0118
11356.0000 0.1578 78.9943 49.0000 31.4520 39.3735 60.8325
11357.0000 0.1636 79.0470 49.0000 31.4776 38.9556 61.1559
11358.0000 0.1547 78.4880 49.0000 31.8561 38.7506 60.3651
11359.0000 0.1631 78.5213 49.0000 31.4581 38.5444 60.7480
11360.0000 0.1614 78.4863 49.0000 31.7655 38.3314 60.6775
11361.0000 0.1678 78.6199 49.0000 31.5379 38.2079 61.0459
11362.0000 0.1620 78.5534 49.0000 31.7579 38.3584 60.7512
11363.0000 0.1647 78.3616 49.0000 31.8055 37.9375 60.7428
11364.0000 0.1670 78.5398 49.0000 31.9939 37.7406 60.9963
11365.0000 0.1695 78.3764 49.0000 31.6716 37.7309 60.9603
11366.0000 0.1714 78.6314 49.0000 31.8165 37.6727 61.2484
11367.0000 0.1643 78.5400 49.0000 31.9454 37.9829 60.8713
11368.0000 0.1658 78.5021 49.0000 32.0507 37.7364 60.9203
11369.0000 0.1673 78.4542 49.0000 31.8756 37.7557 60.9386
11370.0000 0.1714 78.7077 49.0000 31.8529 37.7070 61.3064
11371.0000 0.1695 78.4262 49.0000 31.8494 37.6018 61.0113
11372.0000 0.1699 78.6080 49.0000 31.8866 37.6951 61.1681
11373.0000 0.1670 78.5189 49.0000 31.8529 37.8570 60.9710
11374.0000 0.1733 78.9715 49.0000 31.8807 37.7707 61.5914
11375.0000 0.1684 78.6925 49.0000 32.0887 37.6796 61.1807
11376.0000 0.1771 79.0108 49.0000 31.8571 37.5566 61.7846
11377.0000 0.1781 78.8264 49.0000 31.6367 37.5416 61.6713
11378.0000 0.1769 78.6971 49.0000 31.7544 37.4007 61.5311
11379.0000 0.1801 78.8633 49.0000 31.6236 37.4437 61.7846
11380.0000 0.1801 79.0133 49.0000 31.7252 37.4720 61.9068
11381.0000 0.1769 78.6589 49.0000 31.6640 37.4539 61.4966
11382.0000 0.1705 78.4302 49.0000 31.9719 37.4116 61.0694
11383.0000 0.1799 78.6228 49.0000 31.7654 37.1103 61.6063
11384.0000 0.1776 78.8091 49.0000 32.0467 37.1546 61.6718
11385.0000 0.1762 79.0976 49.0000 32.0975 37.4612 61.8291
11386.0000 0.1855 79.2360 49.0000 32.2221 36.7974 62.3380
11387.0000 0.1867 79.3316 49.0000 32.4321 36.5864 62.4748
11388.0000 0.1844 79.4161 49.0000 32.2596 36.9923 62.4324
11389.0000 0.1817 79.2264 49.0000 32.6670 36.6180 62.1997
11390.0000 0.1871 79.3601 49.0000 32.4060 36.6046 62.5138
11391.0000 0.1827 79.1635 49.0000 32.6617 36.4927 62.1962
11392.0000 0.1804 79.2636 49.0000 32.8880 36.5231 62.1865
11393.0000 0.1831 79.6036 49.0000 32.6054 36.9052 62.5429
11394.0000 0.1757 79.1953 49.0000 32.4325 37.2478 61.9082
11395.0000 0.1630 78.7461 49.0000 32.4010 37.8070 61.0062
11396.0000 0.1659 79.0189 49.0000 32.2559 37.9852 61.3243
11397.0000 0.1622 78.6987 49.0000 32.3877 37.8411 60.9309
11398.0000 0.1678 78.8226 49.0000 32.1911 37.7315 61.2623
11399.0000 0.1719 79.1364 49.0000 31.7441 38.1551 61.6366
11400.0000 0.1704 79.4071 49.0000 31.8486 38.3986 61.7795
11401.0000 0.1722 79.6319 49.0000 32.1245 38.1952 62.0514
11402.0000 0.1732 79.7685 49.0000 32.2422 38.1221 62.2107
11403.0000 0.1743 79.9112 49.0000 32.2526 38.1572 62.3666
11404.0000 0.1769 80.1861 49.0000 32.0725 38.3865 62.6710
11405.0000 0.1731 79.9337 49.0000 32.0630 38.4503 62.3132
11406.0000 0.1823 79.9630 49.0000 31.9513 37.9185 62.7326
11407.0000 0.1794 80.1304 49.0000 31.9573 38.2682 62.7308
11408.0000 0.1776 79.8297 49.0000 31.8356 38.2568 62.4154
11409.0000 0.1652 79.4080 49.0000 32.0949 38.5383 61.5658
11410.0000 0.1667 78.8943 49.0000 31.9221 38.1464 61.2384
11411.0000 0.1711 79.0811 49.0000 31.5805 38.3276 61.5426
11412.0000 0.1629 78.7323 49.0000 31.9366 38.2670 60.9465
11413.0000 0.1655 78.9079 49.0000 31.5707 38.5959 61.1564
11414.0000 0.1687 78.8387 49.0000 31.4784 38.3938 61.2419
11415.0000 0.1663 78.7520 49.0000 31.7851 38.1867 61.1012
11416.0000 0.1775 79.3234 49.0000 31.1424 38.5055 61.9652
11417.0000 0.1766 79.0156 49.0000 31.2282 38.2207 61.7046
11418.0000 0.1784 79.1823 49.0000 31.1447 38.3161 61.9009
11419.0000 0.1716 78.8505 49.0000 31.1723 38.4922 61.3518
11420.0000 0.1763 79.2916 49.0000 31.1309 38.5751 61.8868
11421.0000 0.1790 78.9105 49.0000 30.9944 38.1839 61.7107
11422.0000 0.1741 78.9875 49.0000 30.9925 38.6086 61.5456
11423.0000 0.1826 79.0849 49.0000 30.5736 38.4892 61.9537
11424.0000 0.1855 79.0582 49.0000 30.7052 38.1281 62.0777
11425.0000 0.1806 78.9989 49.0000 30.9306 38.2043 61.8430
11426.0000 0.1845 79.1852 49.0000 30.5148 38.4945 62.1072
11427.0000 0.1831 79.2534 49.0000 30.4705 38.6958 62.0909
11428.0000 0.1870 79.3150 49.0000 30.4049 38.5327 62.3028
11429.0000 0.1957 79.9044 49.0000 30.7087 38.1244 63.1524
11430.0000 0.1900 79.6317 49.0000 30.6776 38.3247 62.7002
11431.0000 0.1823 79.2085 49.0000 30.8501 38.3443 62.0643
11432.0000 0.1786 79.4739 49.0000 31.1986 38.5007 62.1324
11433.0000 0.1818 79.3103 49.0000 30.9158 38.4082 62.1221
11434.0000 0.1829 79.1920 49.0000 30.9735 38.1643 62.0927
11435.0000 0.1859 79.3861 49.0000 31.2950 37.8073 62.3970
11436.0000 0.1834 79.1592 49.0000 30.8926 38.1795 62.0818
11437.0000 0.1840 79.4040 49.0000 30.6782 38.5634 62.2633
11438.0000 0.1905 79.3744 49.0000 30.8444 37.9096 62.5442
11439.0000 0.1777 79.1835 49.0000 31.2591 38.2519 61.8844
11440.0000 0.1795 78.9699 49.0000 30.7999 38.3910 61.7555
11441.0000 0.1795 78.7749 49.0000 30.7966 38.2207 61.6136
11442.0000 0.1743 78.7812 49.0000 30.7608 38.6400 61.3775
11443.0000 0.1736 78.7660 49.0000 30.6021 38.8349 61.3143
11444.0000 0.1776 79.0270 49.0000 30.4122 38.9613 61.6635
11445.0000 0.1816 79.0530 49.0000 30.4214 38.6794 61.8694
11446.0000 0.1773 78.8746 49.0000 30.6522 38.6099 61.5705
11447.0000 0.1880 79.3075 49.0000 30.4065 38.4543 62.3410
11448.0000 0.1922 79.6025 49.0000 30.5315 38.2882 62.7566
11449.0000 0.1983 79.5962 49.0000 30.3354 38.0426 62.9927
11450.0000 0.1885 79.2974 49.0000 30.4678 38.3503 62.3622
11451.0000 0.1853 79.2198 49.0000 30.4020 38.5812 62.1529
11452.0000 0.1869 78.9043 49.0000 30.4251 38.1724 61.9924
11453.0000 0.1740 78.3158 49.0000 30.6783 38.3338 61.0141
11454.0000 0.1769 78.5873 49.0000 30.5845 38.4522 61.3349
11455.0000 0.1727 78.5137 49.0000 30.8257 38.4562 61.1171
11456.0000 0.1714 78.7190 49.0000 30.9155 38.6471 61.2153
11457.0000 0.1774 78.7063 49.0000 30.7859 38.3218 61.4683
11458.0000 0.1757 78.6568 49.0000 30.4410 38.7485 61.3089
11459.0000 0.1794 78.7322 49.0000 30.5035 38.4813 61.5426
11460.0000 0.1820 78.5607 49.0000 30.2827 38.3637 61.5058
11461.0000 0.1775 77.9302 49.0000 30.4093 38.0132 60.8554
11462.0000 0.1727 77.9476 49.0000 30.6951 38.0940 60.6834
11463.0000 0.1666 78.2669 49.0000 30.9228 38.5889 60.6663
11464.0000 0.1730 78.1918 49.0000 30.6749 38.3011 60.8772
11465.0000 0.1689 77.8696 49.0000 30.8088 38.1833 60.4692
11466.0000 0.1678 77.9573 49.0000 31.0404 38.1161 60.5063
11467.0000 0.1737 78.0154 49.0000 30.6747 38.0990 60.7777
11468.0000 0.1662 77.5967 49.0000 30.9956 37.9584 60.1638
11469.0000 0.1705 77.6156 49.0000 30.7048 37.9494 60.3427
11470.0000 0.1751 77.7474 49.0000 30.6269 37.8094 60.6391
11471.0000 0.1657 77.8631 49.0000 31.0780 38.1433 60.3482
11472.0000 0.1683 77.9554 49.0000 30.4957 38.6186 60.4620
11473.0000 0.1720 78.0013 49.0000 30.3961 38.4867 60.6551
11474.0000 0.1696 77.9915 49.0000 30.2660 38.7827 60.5190
11475.0000 0.1745 77.9633 49.0000 30.0656 38.5984 60.7001
11476.0000 0.1719 77.7533 49.0000 30.1577 38.5104 60.4404
11477.0000 0.1693 77.7176 49.0000 30.3936 38.4352 60.3240
11478.0000 0.1622 77.5126 49.0000 30.5730 38.6003 59.8624
11479.0000 0.1621 77.5268 49.0000 30.8771 38.3120 59.9100
11480.0000 0.1624 77.4303 49.0000 30.9419 38.1361 59.8639
11481.0000 0.1706 77.6940 49.0000 30.6432 38.0695 60.3992
11482.0000 0.1568 77.2431 49.0000 30.8143 38.5182 59.4418
11483.0000 0.1538 77.1244 49.0000 30.9265 38.5250 59.2245
11484.0000 0.1555 77.1763 49.0000 30.7859 38.5805 59.3293
11485.0000 0.1461 76.7847 49.0000 31.3544 38.3649 58.6594
11486.0000 0.1526 77.0543 49.0000 30.8781 38.5985 59.1106
11487.0000 0.1551 77.2638 49.0000 30.7928 38.6828 59.3729
11488.0000 0.1610 77.4489 49.0000 30.5254 38.6738 59.7567
11489.0000 0.1582 77.3069 49.0000 30.6859 38.6005 59.5377
11490.0000 0.1582 77.5426 49.0000 30.7594 38.7380 59.7166
11491.0000 0.1522 77.5596 49.0000 31.2316 38.7321 59.4970
11492.0000 0.1532 77.9940 49.0000 31.3636 38.9131 59.8762
11493.0000 0.1510 77.8610 49.0000 31.5616 38.7586 59.6990
11494.0000 0.1609 77.9810 49.0000 30.8759 38.8101 60.1789
11495.0000 0.1590 78.0845 49.0000 31.0237 38.8971 60.1808
11496.0000 0.1571 77.7882 49.0000 31.0034 38.7973 59.8713
11497.0000 0.1493 77.7762 49.0000 30.8831 39.5072 59.4521
11498.0000 0.1452 77.7622 49.0000 31.0661 39.6285 59.2575
11499.0000 0.1448 77.8423 49.0000 31.0420 39.7593 59.2876
11500.0000 0.1448 77.9160 49.0000 31.1158 39.7537 59.3494
11501.0000 0.1388 77.6978 49.0000 31.3851 39.7537 58.9200
11502.0000 0.1313 77.4730 49.0000 31.9032 39.6075 58.4422
11503.0000 0.1308 77.6008 49.0000 32.3677 39.2852 58.5738
11504.0000 0.1275 77.4698 49.0000 32.7607 39.0255 58.3550
11505.0000 0.1248 77.3797 49.0000 32.5833 39.3471 58.1184
11506.0000 0.1269 77.3431 49.0000 32.3395 39.3942 58.1739
11507.0000 0.1244 77.0525 49.0000 32.7346 38.9144 57.8895
11508.0000 0.1280 77.2535 49.0000 32.8408 38.6997 58.2402
11509.0000 0.1255 77.2198 49.0000 32.8790 38.8248 58.0905
11510.0000 0.1201 77.0667 49.0000 33.0167 38.9838 57.7013
11511.0000 0.1208 77.2038 49.0000 32.9563 39.1182 57.8280
11512.0000 0.1194 76.9750 49.0000 33.1191 38.8451 57.6137
11513.0000 0.1268 76.9728 49.0000 32.8981 38.4737 57.9853
11514.0000 0.1256 76.9587 49.0000 33.0465 38.4021 57.9296
11515.0000 0.1263 76.7225 49.0000 33.0519 38.1136 57.8037
11516.0000 0.1323 76.7928 49.0000 32.7404 38.0263 58.1309
11517.0000 0.1245 76.4959 49.0000 32.7699 38.3410 57.5128
11518.0000 0.1301 76.4873 49.0000 32.3622 38.3032 57.7569
11519.0000 0.1323 76.4095 49.0000 32.4106 38.0049 57.8238
11520.0000 0.1328 76.5845 49.0000 32.8347 37.6944 58.0190
11521.0000 0.1295 76.2685 49.0000 32.8352 37.6544 57.6270
11522.0000 0.1322 76.5107 49.0000 32.5638 37.9528 57.9057
11523.0000 0.1324 76.6075 49.0000 32.3778 38.2188 57.9630
11524.0000 0.1371 77.0472 49.0000 32.5167 38.1174 58.5321
11525.0000 0.1291 76.7165 49.0000 32.6064 38.3430 57.8970
11526.0000 0.1267 76.5839 49.0000 32.9085 38.1045 57.7076
11527.0000 0.1289 76.4589 49.0000 32.6303 38.0934 57.7072
11528.0000 0.1349 76.6877 49.0000 32.3328 38.1402 58.1456
11529.0000 0.1319 76.6278 49.0000 32.3555 38.3007 57.9483
11530.0000 0.1341 76.7961 49.0000 32.1290 38.5145 58.1550
11531.0000 0.1317 76.7964 49.0000 32.4562 38.3679 58.0705
11532.0000 0.1328 77.0383 49.0000 32.5556 38.4050 58.3102
11533.0000 0.1304 76.7384 49.0000 32.6841 38.1839 57.9873
11534.0000 0.1398 77.0771 49.0000 32.3177 38.1369 58.6687
11535.0000 0.1405 77.1714 49.0000 32.5926 37.8898 58.8006
11536.0000 0.1402 77.1443 49.0000 32.2136 38.2709 58.7271
11537.0000 0.1391 76.7078 49.0000 32.3345 37.8306 58.3730
11538.0000 0.1416 76.7958 49.0000 31.9930 38.0707 58.5206
11539.0000 0.1433 76.6190 49.0000 31.6649 38.1129 58.4398
11540.0000 0.1424 76.4753 49.0000 31.7156 37.9929 58.3021
11541.0000 0.1473 76.6609 49.0000 31.4043 38.1054 58.6399
11542.0000 0.1521 76.8250 49.0000 31.1883 38.1124 58.9645
11543.0000 0.1478 76.9406 49.0000 31.9617 37.7593 58.9283
11544.0000 0.1482 76.8176 49.0000 31.9105 37.6710 58.8520
11545.0000 0.1522 76.8759 49.0000 31.6654 37.6721 59.0595
11546.0000 0.1562 76.9576 49.0000 31.6685 37.4462 59.3073
11547.0000 0.1563 76.8105 49.0000 31.4442 37.5324 59.1814
11548.0000 0.1570 76.8032 49.0000 31.6655 37.2521 59.2310
11549.0000 0.1616 77.0541 49.0000 31.8188 36.9878 59.6389
11550.0000 0.1594 77.1873 49.0000 32.2566 36.8265 59.6757
11551.0000 0.1581 77.0240 49.0000 32.2572 36.7755 59.4957
11552.0000 0.1565 76.8999 49.0000 32.2144 36.8245 59.3278
11553.0000 0.1544 76.9185 49.0000 31.8385 37.3680 59.2148
11554.0000 0.1580 77.1603 49.0000 31.7969 37.3672 59.5514
11555.0000 0.1483 76.9734 49.0000 31.9109 37.8040 58.9700
11556.0000 0.1485 76.8251 49.0000 31.8133 37.7502 58.8636
11557.0000 0.1487 76.7411 49.0000 32.1567 37.3150 58.8451
11558.0000 0.1482 76.7530 49.0000 32.1671 37.3507 58.8322
11559.0000 0.1428 76.8075 49.0000 32.2812 37.6944 58.6212
11560.0000 0.1432 76.7037 49.0000 32.0882 37.7661 58.5451
11561.0000 0.1395 76.8364 49.0000 32.5405 37.7070 58.5076
11562.0000 0.1470 77.0501 49.0000 32.4108 37.4658 59.0133
11563.0000 0.1446 77.1464 49.0000 32.6822 37.4597 58.9933
11564.0000 0.1452 77.0045 49.0000 32.7986 37.1652 58.9296
11565.0000 0.1504 77.2406 49.0000 32.3981 37.3980 59.3115
11566.0000 0.1543 76.9711 49.0000 32.2399 37.0234 59.2824
11567.0000 0.1541 77.1844 49.0000 32.2346 37.2379 59.4281
11568.0000 0.1525 77.4422 49.0000 32.7117 37.1091 59.5832
11569.0000 0.1501 77.3947 49.0000 32.7147 37.2396 59.4383
11570.0000 0.1571 77.4985 49.0000 32.5996 36.9287 59.8294
11571.0000 0.1553 77.4375 49.0000 32.6737 36.9306 59.7087
11572.0000 0.1532 77.3999 49.0000 32.4576 37.2701 59.5666
11573.0000 0.1596 77.6545 49.0000 32.4989 36.9896 60.0485
11574.0000 0.1560 77.6485 49.0000 32.8643 36.8820 59.9077
11575.0000 0.1618 77.7066 49.0000 32.6229 36.7459 60.1980
11576.0000 0.1605 77.1951 49.0000 32.0124 36.9955 59.7128
11577.0000 0.1584 77.2404 49.0000 31.8858 37.3166 59.6394
11578.0000 0.1568 77.2277 49.0000 31.7646 37.5484 59.5421
11579.0000 0.1511 77.2311 49.0000 31.8312 37.9112 59.2804
11580.0000 0.1606 77.5124 49.0000 31.6539 37.6327 59.9164
11581.0000 0.1560 77.5293 49.0000 31.9471 37.6964 59.7424
11582.0000 0.1570 77.2924 49.0000 31.6081 37.7503 59.5815
11583.0000 0.1577 76.9764 49.0000 31.4210 37.5968 59.3681
11584.0000 0.1600 76.9510 49.0000 31.1950 37.6347 59.4302
11585.0000 0.1551 77.0035 49.0000 31.2432 37.9925 59.2451
11586.0000 0.1617 77.3398 49.0000 31.4689 37.5829 59.8221
11587.0000 0.1590 77.2482 49.0000 31.5475 37.6240 59.6363
11588.0000 0.1608 77.3108 49.0000 31.7826 37.3118 59.7884
11589.0000 0.1610 77.6882 49.0000 31.7280 37.6851 60.0718
11590.0000 0.1669 78.0603 49.0000 31.9314 37.3799 60.6345
11591.0000 0.1588 77.5375 49.0000 32.1467 37.2926 59.8992
11592.0000 0.1588 77.5533 49.0000 32.0674 37.3871 59.9033
11593.0000 0.1584 77.4357 49.0000 32.0598 37.3160 59.7995
11594.0000 0.1622 77.7096 49.0000 31.8650 37.4818 60.1541
11595.0000 0.1625 77.5303 49.0000 31.6389 37.5267 60.0140
11596.0000 0.1566 77.3135 49.0000 31.7537 37.6519 59.5937
11597.0000 0.1585 77.3628 49.0000 31.4842 37.8235 59.6920
11598.0000 0.1557 77.3874 49.0000 31.5234 38.0137 59.5822
11599.0000 0.1560 77.6455 49.0000 31.6735 38.0753 59.7987
11600.0000 0.1498 77.2258 49.0000 31.7657 38.0680 59.2080
11601.0000 0.1475 77.0603 49.0000 31.9148 37.9425 58.9923
11602.0000 0.1495 76.5587 49.0000 31.4625 37.7895 58.6796
11603.0000 0.1555 76.9607 49.0000 31.5195 37.6503 59.2615
11604.0000 0.1511 76.7187 49.0000 31.4291 37.8464 58.8695
11605.0000 0.1501 76.5023 49.0000 31.3034 37.8543 58.6494
11606.0000 0.1532 76.4844 49.0000 31.3765 37.5334 58.7930
11607.0000 0.1498 76.3026 49.0000 31.6695 37.3216 58.5341
11608.0000 0.1449 76.2286 49.0000 31.7278 37.5644 58.2500
11609.0000 0.1406 76.0060 49.0000 31.9169 37.4962 57.8987
11610.0000 0.1403 76.3193 49.0000 31.8643 37.8617 58.1017
11611.0000 0.1400 76.3504 49.0000 32.0930 37.6753 58.1378
11612.0000 0.1380 76.0947 49.0000 31.7993 37.9001 57.8168
11613.0000 0.1450 76.3077 49.0000 31.8947 37.4623 58.3281
11614.0000 0.1425 76.4340 49.0000 31.5402 38.1296 58.2538
11615.0000 0.1451 76.5403 49.0000 31.1805 38.3933 58.4136
11616.0000 0.1413 76.0457 49.0000 31.2246 38.1860 57.8775
11617.0000 0.1436 76.0943 49.0000 31.3833 37.8935 58.0475
11618.0000 0.1409 75.9182 49.0000 31.4614 37.8563 57.7984
11619.0000 0.1454 76.0403 49.0000 31.3332 37.7588 58.0915
11620.0000 0.1429 76.2537 49.0000 31.4169 38.0596 58.1298
11621.0000 0.1330 76.0427 49.0000 31.9248 38.1096 57.5409
11622.0000 0.1366 76.0983 49.0000 31.9658 37.8380 57.7705
11623.0000 0.1227 74.1050 48.0000 31.7733 37.2529 55.6258
11624.0000 0.1328 75.7590 49.0000 32.0599 37.7199 57.3480
11625.0000 0.1334 75.5306 49.0000 31.8285 37.6980 57.1899
11626.0000 0.1397 75.7566 49.0000 31.5938 37.6655 57.6386
11627.0000 0.1352 75.4883 49.0000 31.6942 37.6570 57.2357
11628.0000 0.1319 75.0719 49.0000 31.7286 37.4907 56.7761
11629.0000 0.1362 75.1206 49.0000 31.5333 37.4029 57.0069
11630.0000 0.1387 75.1379 49.0000 31.4949 37.2676 57.1394
11631.0000 0.1408 75.1372 49.0000 31.6215 36.9798 57.2554
11632.0000 0.1429 75.0774 49.0000 31.5413 36.8528 57.3030
11633.0000 0.1365 75.0468 49.0000 31.9189 36.9162 57.0123
11634.0000 0.1406 75.0524 49.0000 31.7466 36.7866 57.1993
11635.0000 0.1438 75.0906 49.0000 31.7252 36.6097 57.3746
11636.0000 0.1449 74.8543 49.0000 31.7043 36.3289 57.2557
11637.0000 0.1458 74.7762 49.0000 31.4738 36.4276 57.2181
11638.0000 0.1412 74.5758 49.0000 31.5468 36.5113 56.8618
11639.0000 0.1423 74.4437 49.0000 31.4700 36.3837 56.8131
11640.0000 0.1437 74.2190 49.0000 31.3392 36.2059 56.7050
11641.0000 0.1408 74.0058 49.0000 31.4774 36.0824 56.4277
11642.0000 0.1400 74.1868 49.0000 31.7263 36.0616 56.5392
11643.0000 0.1404 74.2031 49.0000 31.9439 35.8198 56.5918
11644.0000 0.1409 73.9991 49.0000 31.6794 35.8685 56.4424
11645.0000 0.1428 73.7534 49.0000 31.4096 35.7747 56.3309
11646.0000 0.1362 73.9591 49.0000 31.8776 35.9751 56.2099
11647.0000 0.1359 73.7778 49.0000 31.6209 36.0952 56.0394
11648.0000 0.1375 73.9727 49.0000 31.5465 36.2324 56.2494
11649.0000 0.1331 73.7871 49.0000 31.6449 36.2825 55.9171
11650.0000 0.1361 73.9467 49.0000 31.7032 36.1465 56.1823
11651.0000 0.1410 74.0228 49.0000 31.4098 36.1525 56.4428
11652.0000 0.1373 73.9747 49.0000 31.4757 36.3185 56.2361
11653.0000 0.1360 73.8649 49.0000 31.3923 36.4005 56.0853
11654.0000 0.1324 73.8176 49.0000 31.6050 36.4088 55.8977
11655.0000 0.1321 73.9684 49.0000 31.6579 36.5136 55.9987
11656.0000 0.1353 74.0022 49.0000 31.4052 36.5632 56.1531
11657.0000 0.1314 74.0772 49.0000 31.7232 36.6029 56.0473
11658.0000 0.1380 74.3931 49.0000 31.5295 36.5965 56.5767
11659.0000 0.1342 74.3278 49.0000 31.7229 36.6234 56.3649
11660.0000 0.1339 74.4725 49.0000 31.6664 36.8383 56.4476
11661.0000 0.1335 74.2961 49.0000 31.4987 36.8813 56.2806
11662.0000 0.1305 74.1969 49.0000 31.8735 36.6282 56.1038
11663.0000 0.1376 74.4131 49.0000 31.6696 36.5060 56.5832
11664.0000 0.1372 74.4228 49.0000 31.6040 36.6067 56.5676
11665.0000 0.1408 74.3879 49.0000 31.3095 36.6070 56.6850
11666.0000 0.1455 74.3427 49.0000 31.1655 36.3664 56.8597
11667.0000 0.1365 74.3938 49.0000 31.5086 36.7342 56.5000
11668.0000 0.1406 74.4943 49.0000 31.3197 36.7074 56.7542
11669.0000 0.1425 74.3862 49.0000 31.2799 36.5081 56.7630
11670.0000 0.1370 74.0501 49.0000 31.2988 36.5890 56.2587
11671.0000 0.1332 73.9689 49.0000 31.5245 36.5716 56.0368
11672.0000 0.1384 74.1466 49.0000 31.6191 36.2455 56.4289
11673.0000 0.1373 74.2217 49.0000 31.4918 36.5301 56.4152
11674.0000 0.1375 74.3577 49.0000 31.5426 36.5921 56.5256
11675.0000 0.1328 74.1976 49.0000 31.5127 36.8281 56.1776
11676.0000 0.1329 74.4510 49.0000 31.5056 37.0604 56.3638
11677.0000 0.1366 74.7636 49.0000 31.5846 36.9895 56.7784
11678.0000 0.1365 74.6283 49.0000 31.3131 37.1475 56.6475
11679.0000 0.1360 74.4266 49.0000 31.5690 36.7412 56.5049
11680.0000 0.1370 74.3276 49.0000 31.4709 36.6731 56.4735
11681.0000 0.1400 74.4635 49.0000 31.2268 36.8193 56.6925
11682.0000 0.1376 74.4162 49.0000 31.0394 37.1485 56.5183
11683.0000 0.1343 74.2888 49.0000 31.0180 37.3083 56.2565
11684.0000 0.1344 74.1687 49.0000 30.8023 37.4135 56.1467
11685.0000 0.1327 74.2635 49.0000 31.2733 37.1423 56.1916
11686.0000 0.1273 74.1710 49.0000 31.3116 37.4322 55.8547
11687.0000 0.1323 74.2433 49.0000 31.0366 37.3991 56.1257
11688.0000 0.1301 74.3621 49.0000 31.0099 37.7060 56.0926
11689.0000 0.1318 74.2805 49.0000 30.6302 37.8968 56.0644
11690.0000 0.1312 74.2816 49.0000 30.7622 37.8038 56.0564
11691.0000 0.1317 74.2078 49.0000 30.8596 37.5976 56.0437
11692.0000 0.1289 74.1168 49.0000 30.8696 37.7178 55.8367
11693.0000 0.1266 73.9645 49.0000 30.8779 37.7444 55.6116
11694.0000 0.1206 73.5541 49.0000 31.1652 37.5296 55.0497
11695.0000 0.1187 73.5931 49.0000 31.4642 37.4078 55.0146
11696.0000 0.1243 73.9417 49.0000 31.4564 37.3024 55.5553
11697.0000 0.1191 74.0228 49.0000 31.8845 37.3442 55.3911
11698.0000 0.1211 74.0737 49.0000 31.8120 37.3115 55.5225
11699.0000 0.1188 73.8430 49.0000 31.7689 37.3151 55.2368
11700.0000 0.1129 73.6171 49.0000 31.6769 37.6789 54.7389
11701.0000 0.1151 73.6199 49.0000 31.4706 37.7151 54.8367
11702.0000 0.1178 73.7568 49.0000 31.5782 37.5184 55.0931
11703.0000 0.1199 73.9079 49.0000 31.5205 37.5504 55.3065
11704.0000 0.1166 73.7685 49.0000 31.6932 37.5001 55.0552
11705.0000 0.1172 74.1306 49.0000 32.1064 37.3669 55.3918
11706.0000 0.1167 74.0552 49.0000 32.1475 37.2950 55.3154
11707.0000 0.1228 74.1971 49.0000 32.1505 36.9390 55.7411
11708.0000 0.1266 74.2001 49.0000 32.1810 36.6158 55.9403
11709.0000 0.1268 74.1696 49.0000 32.2681 36.4862 55.9344
11710.0000 0.1265 74.3096 49.0000 32.1644 36.7471 56.0091
11711.0000 0.1303 74.5659 49.0000 32.3238 36.5290 56.3993
11712.0000 0.1349 74.6432 49.0000 32.1078 36.4724 56.6609
11713.0000 0.1301 74.7315 49.0000 32.3860 36.6351 56.5138
11714.0000 0.1317 74.7218 49.0000 32.3344 36.5562 56.5816
11715.0000 0.1266 74.2952 49.0000 32.4265 36.4520 56.0316
11716.0000 0.1241 74.3233 49.0000 32.4836 36.6123 55.9313
11717.0000 0.1208 74.1669 49.0000 32.6130 36.5924 55.6607
11718.0000 0.1219 74.0694 49.0000 32.7038 36.3180 55.6573
11719.0000 0.1183 74.0977 49.0000 32.8632 36.4624 55.5066
11720.0000 0.1168 74.0430 49.0000 32.8818 36.5154 55.3876
11721.0000 0.1180 74.0166 49.0000 32.7401 36.5405 55.4196
11722.0000 0.1208 74.1285 49.0000 32.6604 36.5095 55.6363
11723.0000 0.1216 74.0161 49.0000 32.4274 36.5795 55.5769
11724.0000 0.1177 73.7708 49.0000 32.7085 36.3627 55.2271
11725.0000 0.1160 73.6425 49.0000 32.4479 36.6384 55.0271
11726.0000 0.1226 73.8643 49.0000 32.1116 36.6839 55.4893
11727.0000 0.1128 73.5810 49.0000 32.5743 36.7104 54.8218
11728.0000 0.1098 73.5623 49.0000 32.6583 36.8412 54.6587
11729.0000 0.1162 73.8054 49.0000 32.5991 36.6267 55.1636
11730.0000 0.1190 73.8994 49.0000 32.5964 36.4952 55.3778
11731.0000 0.1210 74.3013 49.0000 32.5701 36.7457 55.7640
11732.0000 0.1123 73.9144 49.0000 32.7751 36.8547 55.0533
11733.0000 0.1140 73.8072 49.0000 32.7159 36.6768 55.0634
11734.0000 0.1146 73.7548 49.0000 32.8512 36.4396 55.0702
11735.0000 0.1127 73.7134 49.0000 32.8898 36.5137 54.9425
11736.0000 0.1211 73.9521 49.0000 32.6891 36.2875 55.5298
11737.0000 0.1189 74.1173 49.0000 32.8339 36.4669 55.5471
11738.0000 0.1103 73.9079 49.0000 32.9934 36.7883 54.9585
11739.0000 0.1079 73.9147 49.0000 33.3652 36.6018 54.8676
11740.0000 0.1109 74.0421 49.0000 33.4800 36.3663 55.1255
11741.0000 0.1075 74.0586 49.0000 33.5903 36.5420 54.9641
11742.0000 0.1063 74.0208 49.0000 33.5823 36.6107 54.8722
11743.0000 0.1044 73.8941 49.0000 33.7224 36.4999 54.6890
11744.0000 0.1021 74.0143 49.0000 34.0604 36.4533 54.6733
11745.0000 0.0956 73.7619 49.0000 34.5838 36.2199 54.1562
11746.0000 0.1071 74.2321 49.0000 34.2761 36.0360 55.1086
11747.0000 0.1007 74.2628 49.0000 34.4795 36.3825 54.7946
11748.0000 0.1005 74.2103 49.0000 34.3350 36.4996 54.7362
11749.0000 0.0995 74.0254 49.0000 34.5929 36.1342 54.5657
11750.0000 0.1041 73.9872 49.0000 34.4686 35.8503 54.7794
11751.0000 0.1042 73.6311 49.0000 34.1227 35.8550 54.5124
11752.0000 0.1031 73.6828 49.0000 34.0629 36.0554 54.4875
11753.0000 0.1068 73.7113 49.0000 34.0802 35.7635 54.7072
11754.0000 0.1040 73.6131 49.0000 33.9202 36.0567 54.4815
11755.0000 0.1030 73.5147 49.0000 33.7436 36.2226 54.3480
11756.0000 0.1035 73.7552 49.0000 34.1370 36.0136 54.5666
11757.0000 0.1084 73.9463 49.0000 33.9070 36.0386 54.9507
11758.0000 0.1087 73.9916 49.0000 33.8107 36.1537 54.9955
11759.0000 0.1140 74.0420 49.0000 33.7092 35.8848 55.3010
11760.0000 0.1104 74.1804 49.0000 34.1211 35.8828 55.2350
11761.0000 0.1103 74.2126 49.0000 33.9851 36.0581 55.2480
11762.0000 0.1031 73.6821 49.0000 34.1034 36.0107 54.4907
11763.0000 0.1056 73.8808 49.0000 34.3104 35.7902 54.7743
11764.0000 0.1090 73.9919 49.0000 34.3623 35.5679 55.0360
11765.0000 0.1074 73.9629 49.0000 34.5088 35.5162 54.9386
11766.0000 0.1096 73.9953 49.0000 34.3662 35.5196 55.0694
11767.0000 0.1092 73.8608 49.0000 34.2079 35.5832 54.9461
11768.0000 0.1119 73.6712 49.0000 33.8887 35.5161 54.9328
11769.0000 0.1061 73.5620 49.0000 34.3052 35.4482 54.5705
11770.0000 0.1031 73.4820 49.0000 34.6781 35.2393 54.3619
11771.0000 0.1060 73.6653 49.0000 34.5554 35.3000 54.6481
11772.0000 0.1077 73.4808 49.0000 34.1720 35.3767 54.5911
11773.0000 0.1082 73.5622 49.0000 34.4087 35.1730 54.6837
11774.0000 0.1113 73.5784 49.0000 34.3039 35.0539 54.8475
11775.0000 0.1105 73.3540 49.0000 33.9815 35.2289 54.6351
11776.0000 0.1080 73.1900 49.0000 33.9549 35.2982 54.3864
11777.0000 0.1104 73.0588 49.0000 33.7533 35.1856 54.4084
11778.0000 0.1124 72.9942 49.0000 33.6669 35.0560 54.4588
11779.0000 0.1143 72.9718 49.0000 33.4150 35.1444 54.5270
11780.0000 0.1190 73.3322 49.0000 33.5047 35.0340 55.0243
11781.0000 0.1157 73.0921 49.0000 33.5441 35.0157 54.6913
11782.0000 0.1114 73.1273 49.0000 33.5849 35.3416 54.5035
11783.0000 0.1203 73.5364 49.0000 33.5116 35.1199 55.2374
11784.0000 0.1202 73.3883 49.0000 33.4379 35.0596 55.1232
11785.0000 0.1186 73.7787 49.0000 33.6526 35.3312 55.3399
11786.0000 0.1180 73.7220 49.0000 33.3985 35.5843 55.2560
11787.0000 0.1175 73.9413 49.0000 33.2283 36.0042 55.3796
11788.0000 0.1207 73.8925 49.0000 33.0078 35.9311 55.4936
11789.0000 0.1194 73.8746 49.0000 33.3242 35.6982 55.4309
11790.0000 0.1182 73.8828 49.0000 33.3217 35.7996 55.3780
11791.0000 0.1209 74.1282 49.0000 33.0336 36.1163 55.6721
11792.0000 0.1196 74.0664 49.0000 33.0241 36.1664 55.5629
11793.0000 0.1155 73.8600 49.0000 33.0874 36.2297 55.2081
11794.0000 0.1175 74.0126 49.0000 33.0853 36.2193 55.4202
11795.0000 0.1159 73.6813 49.0000 32.8890 36.2311 55.0868
11796.0000 0.1133 73.8843 49.0000 33.2831 36.2264 55.1251
11797.0000 0.1126 73.6706 49.0000 33.2142 36.1437 54.9346
11798.0000 0.1163 73.7793 49.0000 33.1606 36.0101 55.2000
11799.0000 0.1141 73.6071 49.0000 33.3067 35.8749 54.9696
11800.0000 0.1157 73.8056 49.0000 33.2402 36.0007 55.1934
11801.0000 0.1149 73.9455 49.0000 33.5691 35.8605 55.2727
11802.0000 0.1095 73.6084 49.0000 33.6918 35.8478 54.7539
11803.0000 0.1080 73.6039 49.0000 33.6796 35.9712 54.6744
11804.0000 0.1075 73.5123 49.0000 33.4747 36.1390 54.5663
11805.0000 0.1113 73.6760 49.0000 33.4314 36.0336 54.8823
11806.0000 0.1059 73.4937 49.0000 33.3364 36.3908 54.4583
11807.0000 0.1081 73.6360 49.0000 33.1486 36.5399 54.6651
11808.0000 0.1015 73.4023 49.0000 33.6449 36.3429 54.1767
11809.0000 0.1015 73.5036 49.0000 33.6361 36.4488 54.2482
11810.0000 0.1057 73.4635 49.0000 33.5384 36.1650 54.4442
11811.0000 0.1027 73.4518 49.0000 33.6527 36.2823 54.2795
11812.0000 0.1075 73.4431 49.0000 33.6427 35.8935 54.5317
11813.0000 0.1089 73.9887 49.0000 33.9682 35.9727 55.0133
11814.0000 0.1038 74.0119 49.0000 34.2742 36.0928 54.7755
11815.0000 0.0989 73.6593 49.0000 34.2731 36.1626 54.2524
11816.0000 0.1077 73.9745 49.0000 34.0732 35.9507 54.9435
11817.0000 0.1095 74.1315 49.0000 34.0682 35.9561 55.1543
11818.0000 0.1078 74.0976 49.0000 33.9145 36.2179 55.0320
11819.0000 0.1106 73.9269 49.0000 33.8537 35.8942 55.0520
11820.0000 0.1107 74.0303 49.0000 33.8217 36.0214 55.1274
11821.0000 0.1143 74.2726 49.0000 33.9965 35.7892 55.4958
11822.0000 0.1139 74.1171 49.0000 33.9754 35.6945 55.3617
11823.0000 0.1185 74.1794 49.0000 33.7511 35.6171 55.6315
11824.0000 0.1163 73.9663 49.0000 33.6459 35.6988 55.3586
11825.0000 0.1176 73.7463 49.0000 33.5775 35.4572 55.2617
11826.0000 0.1108 73.5255 49.0000 33.5401 35.8204 54.7536
11827.0000 0.1114 73.5373 49.0000 33.5007 35.8233 54.7917
11828.0000 0.1096 73.6906 49.0000 33.7134 35.8919 54.8223
11829.0000 0.1126 73.7412 49.0000 33.6699 35.7475 55.0111
11830.0000 0.1160 74.0698 49.0000 33.8482 35.6144 55.4279
11831.0000 0.1176 74.1386 49.0000 33.7891 35.6144 55.5558
11832.0000 0.1114 73.7432 49.0000 33.4730 36.0484 54.9376
11833.0000 0.1100 73.7912 49.0000 33.6918 35.9777 54.9145
11834.0000 0.1163 73.7433 49.0000 33.2829 35.8534 55.1803
11835.0000 0.1149 73.5052 49.0000 33.0993 35.9238 54.9267
11836.0000 0.1088 73.6408 49.0000 33.3605 36.2694 54.7227
11837.0000 0.1125 73.9954 49.0000 33.0280 36.6593 55.1413
11838.0000 0.1143 74.3655 49.0000 33.4964 36.3837 55.5378
11839.0000 0.1158 74.2555 49.0000 33.4119 36.2469 55.5309
11840.0000 0.1129 73.7752 49.0000 33.6716 35.7572 55.0494
11841.0000 0.1144 73.5297 49.0000 33.2031 35.8805 54.9250
11842.0000 0.1188 73.7121 49.0000 33.0710 35.8446 55.2715
11843.0000 0.1171 73.9494 49.0000 33.4313 35.8345 55.3783
11844.0000 0.1165 73.8060 49.0000 33.6277 35.5461 55.2538
11845.0000 0.1186 73.8505 49.0000 33.4549 35.6016 55.3823
11846.0000 0.1160 74.1326 49.0000 33.3699 36.1544 55.4522
11847.0000 0.1128 74.1024 49.0000 33.3614 36.3937 55.2601
11848.0000 0.1166 74.2536 49.0000 33.3825 36.2129 55.5683
11849.0000 0.1132 74.5746 49.0000 33.5559 36.6093 55.6339
11850.0000 0.1123 74.3758 49.0000 33.8749 36.1620 55.4667
11851.0000 0.1133 74.5787 49.0000 33.7467 36.4073 55.6565
11852.0000 0.1137 74.2975 49.0000 33.6037 36.2534 55.4671
11853.0000 0.1176 74.4217 49.0000 33.3943 36.2819 55.7408
11854.0000 0.1114 74.1844 49.0000 33.4841 36.4532 55.2567
11855.0000 0.1023 73.7560 49.0000 33.6870 36.5728 54.4754
11856.0000 0.1084 73.9686 49.0000 33.8941 36.0710 54.9676
11857.0000 0.1015 73.9723 49.0000 34.0119 36.5149 54.6054
11858.0000 0.1038 73.6477 49.0000 33.7514 36.2771 54.4866
11859.0000 0.1061 73.9645 49.0000 33.7663 36.3805 54.8365
11860.0000 0.0997 73.6494 49.0000 33.8852 36.4829 54.2681
11861.0000 0.1036 73.6896 49.0000 33.5820 36.5099 54.4926
11862.0000 0.0985 73.5987 49.0000 34.0126 36.3987 54.1762
11863.0000 0.0985 73.5478 49.0000 33.9239 36.4405 54.1345
11864.0000 0.1024 73.6969 49.0000 33.9117 36.2779 54.4532
11865.0000 0.1036 73.7967 49.0000 33.7175 36.4790 54.5745
11866.0000 0.1046 73.6024 49.0000 33.3617 36.5776 54.4645
11867.0000 0.1015 73.7196 49.0000 33.7057 36.5859 54.4056
11868.0000 0.1063 73.8493 49.0000 33.3276 36.7090 54.7305
11869.0000 0.1037 73.9172 49.0000 33.4144 36.9025 54.6392
11870.0000 0.1064 74.2194 49.0000 33.6390 36.7364 55.0216
11871.0000 0.1136 74.2838 49.0000 33.1696 36.6955 55.4194
11872.0000 0.1117 73.9005 49.0000 33.0301 36.6280 55.0335
11873.0000 0.1099 73.9362 49.0000 33.3167 36.5126 54.9854
11874.0000 0.1072 74.0454 49.0000 33.1701 36.9929 54.8998
11875.0000 0.1046 74.0816 49.0000 33.2546 37.1490 54.7920
11876.0000 0.1046 73.9964 49.0000 32.9502 37.3887 54.6976
11877.0000 0.1015 73.9774 49.0000 33.3105 37.2517 54.5470
11878.0000 0.1005 74.0604 49.0000 33.7254 36.9808 54.5890
11879.0000 0.1009 73.9974 49.0000 33.4840 37.1359 54.5470
11880.0000 0.1052 74.0858 49.0000 33.4708 36.8763 54.8502
11881.0000 0.1079 74.4926 49.0000 33.5454 36.9765 55.2864
11882.0000 0.1030 74.3441 49.0000 33.6035 37.1715 54.9193
11883.0000 0.1016 74.1410 49.0000 33.7774 36.9130 54.7119
11884.0000 0.1020 74.0211 49.0000 33.7070 36.8391 54.6428
11885.0000 0.0975 73.7756 49.0000 33.6543 37.0287 54.2135
11886.0000 0.1038 73.8980 49.0000 33.4632 36.8179 54.6405
11887.0000 0.1052 73.7525 49.0000 33.3594 36.6758 54.6028
11888.0000 0.1020 73.4949 49.0000 33.3579 36.6933 54.2434
11889.0000 0.1013 73.7916 49.0000 33.5459 36.8363 54.4331
11890.0000 0.1053 74.0843 49.0000 33.3157 37.0347 54.8360
11891.0000 0.1060 74.1969 49.0000 33.2768 37.1256 54.9502
11892.0000 0.1002 74.1692 49.0000 33.6775 37.1643 54.6417
11893.0000 0.1013 74.1953 49.0000 33.5296 37.2519 54.7084
11894.0000 0.0969 74.0007 49.0000 33.5240 37.4404 54.3181
11895.0000 0.0950 74.1105 49.0000 33.7769 37.4468 54.3068
11896.0000 0.0979 74.4877 49.0000 33.9005 37.4408 54.7482
11897.0000 0.0953 74.3262 49.0000 33.8697 37.5313 54.4851
11898.0000 0.0940 74.1765 49.0000 33.8660 37.5065 54.3002
11899.0000 0.0941 74.3366 49.0000 34.0539 37.4601 54.4334
11900.0000 0.0930 74.4212 49.0000 34.1256 37.5626 54.4335
11901.0000 0.0911 74.2312 49.0000 34.3989 37.2567 54.2118
11902.0000 0.0972 74.8351 49.0000 34.3041 37.4160 54.9869
11903.0000 0.0937 74.8138 49.0000 34.3318 37.6730 54.7648
11904.0000 0.0912 74.9140 49.0000 34.5314 37.7761 54.7051
11905.0000 0.0905 75.0426 49.0000 34.7583 37.7292 54.7700
11906.0000 0.0893 74.5370 49.0000 34.4492 37.6639 54.3180
11907.0000 0.0892 74.6757 49.0000 34.4751 37.7822 54.4099
11908.0000 0.0898 74.6564 49.0000 34.4649 37.7202 54.4328
11909.0000 0.0898 74.4745 49.0000 34.1012 37.9229 54.2717
11910.0000 0.0908 74.4922 49.0000 34.2751 37.6640 54.3665
11911.0000 0.0877 74.2353 49.0000 34.2886 37.6699 54.0014
11912.0000 0.0915 74.3820 49.0000 34.5329 37.2282 54.3527
11913.0000 0.0944 74.5935 49.0000 34.6287 37.0842 54.6791
11914.0000 0.0969 74.4921 49.0000 34.4651 36.9413 54.7410
11915.0000 0.0978 74.6174 49.0000 34.5729 36.8762 54.8873
11916.0000 0.1050 74.6946 49.0000 34.1375 36.7901 55.3209
11917.0000 0.1016 74.6441 49.0000 34.1503 37.0188 55.0918
11918.0000 0.1066 75.3163 49.0000 34.2156 37.1823 55.8508
11919.0000 0.1040 75.0437 49.0000 34.1902 37.1591 55.5139
11920.0000 0.1056 75.0199 49.0000 34.0985 37.0941 55.5815
11921.0000 0.0979 74.6460 49.0000 34.0874 37.3988 54.8762
11922.0000 0.0981 74.3496 49.0000 33.7770 37.4128 54.6558
11923.0000 0.0966 74.0794 49.0000 33.8522 37.2021 54.3856
11924.0000 0.0958 74.3634 49.0000 33.7043 37.7015 54.5209
11925.0000 0.0970 74.2108 49.0000 33.8412 37.3062 54.5001
11926.0000 0.0917 74.3885 49.0000 34.5106 37.2382 54.3690
11927.0000 0.0951 74.7651 49.0000 34.4984 37.3295 54.8287
11928.0000 0.1019 74.8728 49.0000 34.0152 37.3520 55.2605
11929.0000 0.1032 75.2523 49.0000 34.0517 37.5758 55.6007
11930.0000 0.1010 74.9975 49.0000 33.9544 37.6125 55.2903
11931.0000 0.1021 75.3592 49.0000 34.0647 37.7537 55.6172
11932.0000 0.0995 75.5031 49.0000 34.4859 37.6773 55.6045
11933.0000 0.0991 75.2401 49.0000 34.4329 37.5163 55.3893
11934.0000 0.1019 75.0760 49.0000 34.1782 37.3838 55.4139
11935.0000 0.1104 75.3480 49.0000 33.7656 37.3613 56.0477
11936.0000 0.1044 75.2358 49.0000 34.0709 37.4336 55.6626
11937.0000 0.1116 75.6252 49.0000 33.9559 37.3295 56.3266
11938.0000 0.1142 75.7244 49.0000 33.9162 37.2562 56.5319
11939.0000 0.1175 75.5271 49.0000 33.7653 36.9590 56.5533
11940.0000 0.1128 75.5882 49.0000 34.1045 37.0446 56.3751
11941.0000 0.1130 75.6229 49.0000 34.1748 36.9886 56.4159
11942.0000 0.1094 75.3549 49.0000 34.0000 37.2053 56.0190
11943.0000 0.1115 75.4485 49.0000 34.2501 36.8711 56.2132
11944.0000 0.1108 74.9045 49.0000 33.9934 36.6652 55.7746
11945.0000 0.1176 75.0100 49.0000 33.6429 36.5814 56.1824
11946.0000 0.1212 74.9854 49.0000 33.3303 36.5980 56.3249
11947.0000 0.1121 74.6013 49.0000 33.6265 36.6507 55.5998
11948.0000 0.1097 74.6017 49.0000 33.6684 36.8037 55.4738
11949.0000 0.1095 74.4073 49.0000 33.8052 36.4944 55.3336
11950.0000 0.1120 74.4526 49.0000 33.5321 36.6184 55.4786
11951.0000 0.1155 74.5310 49.0000 34.0453 35.8822 55.7517
11952.0000 0.1128 74.3758 49.0000 34.2611 35.7356 55.5059
11953.0000 0.1146 74.3966 49.0000 34.1761 35.6978 55.6104
11954.0000 0.1143 74.2444 49.0000 34.0030 35.7539 55.4768
11955.0000 0.1185 74.5123 49.0000 33.9244 35.7589 55.8796
11956.0000 0.1215 74.3588 49.0000 33.5400 35.7726 55.8983
11957.0000 0.1249 74.7484 49.0000 33.7027 35.7076 56.3597
11958.0000 0.1264 74.9405 49.0000 33.8007 35.6758 56.5759
11959.0000 0.1222 74.6195 49.0000 33.8380 35.6582 56.1387
11960.0000 0.1248 74.7311 49.0000 34.0220 35.3785 56.3525
11961.0000 0.1232 74.4541 49.0000 34.0408 35.2226 56.0714
11962.0000 0.1192 74.2345 49.0000 33.8806 35.4871 55.7094
11963.0000 0.1184 73.9123 49.0000 33.6698 35.4538 55.4294
11964.0000 0.1143 73.8588 49.0000 33.9640 35.4243 55.1968
11965.0000 0.1160 74.0070 49.0000 34.2262 35.1728 55.3938
11966.0000 0.1176 73.9840 49.0000 33.7523 35.5035 55.4429
11967.0000 0.1110 73.8794 49.0000 33.8546 35.8163 55.0384
11968.0000 0.1158 74.1129 49.0000 33.6985 35.8204 55.4440
11969.0000 0.1197 73.9846 49.0000 33.6536 35.4405 55.5439
11970.0000 0.1189 73.9280 49.0000 33.6521 35.4496 55.4637
11971.0000 0.1272 74.3321 49.0000 33.4113 35.4382 56.1524
11972.0000 0.1267 74.6249 49.0000 33.2489 35.9124 56.3355
11973.0000 0.1317 74.5386 49.0000 33.3246 35.3785 56.5140
11974.0000 0.1368 74.5875 49.0000 32.6991 35.6776 56.7553
11975.0000 0.1378 74.4331 49.0000 32.8361 35.3245 56.6945
11976.0000 0.1385 74.4714 49.0000 33.0435 35.1008 56.7631
11977.0000 0.1311 74.4704 49.0000 33.1360 35.5558 56.4236
11978.0000 0.1253 74.0683 49.0000 33.1154 35.6393 55.8510
11979.0000 0.1243 73.8532 49.0000 33.1147 35.5131 55.6465
11980.0000 0.1241 73.6797 49.0000 33.0420 35.4385 55.5071
11981.0000 0.1256 73.4824 49.0000 32.8721 35.3164 55.4243
11982.0000 0.1250 73.6202 49.0000 32.9874 35.3724 55.5028
11983.0000 0.1289 73.6788 49.0000 33.1442 34.9723 55.7402
11984.0000 0.1329 73.8900 49.0000 32.7832 35.2360 56.0661
11985.0000 0.1301 73.6924 49.0000 32.8102 35.2362 55.7896
11986.0000 0.1279 73.7390 49.0000 32.7205 35.5321 55.7160
11987.0000 0.1254 73.8363 49.0000 33.0090 35.5223 55.6810
11988.0000 0.1235 73.8882 49.0000 33.3247 35.3908 55.6455
11989.0000 0.1209 73.5039 49.0000 33.0658 35.4977 55.2212
11990.0000 0.1176 73.4971 49.0000 33.2611 35.5389 55.0682
11991.0000 0.1207 73.7067 49.0000 33.1002 35.6647 55.3632
11992.0000 0.1149 73.5764 49.0000 33.4588 35.6283 54.9965
11993.0000 0.1152 73.7832 49.0000 33.6656 35.5874 55.1736
11994.0000 0.1158 73.7780 49.0000 33.2568 35.9495 55.1798
11995.0000 0.1230 73.8973 49.0000 33.1883 35.5757 55.6212
11996.0000 0.1199 73.7146 49.0000 33.2978 35.5367 55.3375
11997.0000 0.1227 73.8699 49.0000 33.0173 35.7464 55.5771
11998.0000 0.1198 73.8403 49.0000 33.0637 35.8954 55.4139
11999.0000 0.1228 73.9491 49.0000 33.3754 35.4492 55.6588
12000.0000 0.1242 74.0344 49.0000 33.3170 35.4883 55.7823
12001.0000 0.1217 73.8892 49.0000 32.9707 35.8918 55.5367
12002.0000 0.1202 73.6401 49.0000 33.0324 35.7137 55.2833
12003.0000 0.1230 73.6458 49.0000 33.0038 35.5299 55.4263
12004.0000 0.1225 73.7742 49.0000 33.0664 35.6267 55.4976
12005.0000 0.1179 73.5838 49.0000 33.3509 35.5102 55.1482
12006.0000 0.1204 73.5948 49.0000 33.1374 35.5486 55.2666
12007.0000 0.1217 73.7918 49.0000 33.2998 35.4680 55.4830
12008.0000 0.1184 73.7836 49.0000 33.5285 35.4780 55.3279
12009.0000 0.1170 73.8043 49.0000 33.4233 35.7133 55.2676
12010.0000 0.1167 73.5767 49.0000 33.2914 35.6562 55.0803
12011.0000 0.1141 73.5160 49.0000 33.3637 35.7283 54.9086
12012.0000 0.1147 73.8528 49.0000 33.5127 35.8478 55.1912
12013.0000 0.1174 73.7612 49.0000 33.5499 35.5170 55.2600
12014.0000 0.1168 73.7334 49.0000 33.6188 35.4652 55.2142
12015.0000 0.1171 73.8135 49.0000 33.6092 35.5274 55.2871
12016.0000 0.1160 73.7615 49.0000 33.8682 35.3007 55.2048
12017.0000 0.1195 73.8178 49.0000 33.5208 35.4309 55.4082
12018.0000 0.1153 73.7212 49.0000 33.6941 35.4898 55.1362
12019.0000 0.1207 73.8050 49.0000 33.3396 35.5146 55.4470
12020.0000 0.1260 74.0951 49.0000 33.1910 35.5328 55.9094
12021.0000 0.1189 73.7349 49.0000 33.4364 35.4856 55.3138
12022.0000 0.1159 73.6058 49.0000 33.6318 35.3996 55.0780
12023.0000 0.1237 73.9689 49.0000 33.4449 35.3285 55.7202
12024.0000 0.1208 73.9215 49.0000 33.5074 35.4447 55.5457
12025.0000 0.1222 74.0550 49.0000 33.5409 35.4288 55.7131
12026.0000 0.1204 73.8657 49.0000 33.3209 35.6135 55.4756
12027.0000 0.1211 73.7268 49.0000 33.4921 35.2519 55.4187
12028.0000 0.1233 73.9193 49.0000 33.4302 35.3322 55.6607
12029.0000 0.1268 74.2942 49.0000 33.4525 35.3963 56.1041
12030.0000 0.1198 73.9224 49.0000 33.7922 35.2350 55.5077
12031.0000 0.1174 73.8867 49.0000 33.6301 35.5521 55.3563
12032.0000 0.1169 73.9409 49.0000 33.9039 35.3636 55.3823
12033.0000 0.1135 74.0666 49.0000 33.9241 35.7267 55.3048
12034.0000 0.1146 74.3822 49.0000 33.9363 35.9298 55.5886
12035.0000 0.1165 74.1989 49.0000 33.8424 35.6986 55.5497
12036.0000 0.1205 74.5550 49.0000 33.8496 35.7159 56.0092
12037.0000 0.1169 74.5327 49.0000 33.9254 35.9032 55.8135
12038.0000 0.1174 74.3210 49.0000 33.7047 35.8848 55.6767
12039.0000 0.1112 74.0968 49.0000 34.0349 35.8265 55.2126
12040.0000 0.1140 74.2067 49.0000 33.8726 35.8737 55.4288
12041.0000 0.1149 74.3053 49.0000 34.1241 35.6395 55.5577
12042.0000 0.1165 74.3682 49.0000 33.8051 35.9009 55.6684
12043.0000 0.1120 74.0706 49.0000 33.9084 35.8672 55.2287
12044.0000 0.1167 74.0521 49.0000 33.8003 35.5853 55.4521
12045.0000 0.1163 74.0369 49.0000 33.8000 35.6075 55.4178
12046.0000 0.1187 74.0959 49.0000 33.7509 35.5235 55.5801
12047.0000 0.1177 74.0483 49.0000 33.8199 35.4897 55.4964
12048.0000 0.1151 73.9812 49.0000 33.8858 35.5569 55.3233
12049.0000 0.1198 74.4008 49.0000 33.8910 35.5810 55.8647
12050.0000 0.1179 74.3882 49.0000 34.0678 35.5393 55.7669
12051.0000 0.1223 74.4499 49.0000 33.8428 35.4831 56.0214
12052.0000 0.1160 74.2588 49.0000 33.8109 35.8282 55.5655
12053.0000 0.1180 74.2775 49.0000 33.9727 35.5214 55.6887
12054.0000 0.1170 74.1554 49.0000 33.8840 35.5749 55.5457
12055.0000 0.1121 74.1983 49.0000 34.0838 35.7988 55.3365
12056.0000 0.1139 74.3666 49.0000 33.9077 35.9973 55.5415
12057.0000 0.1192 74.4926 49.0000 33.9174 35.6913 55.9008
12058.0000 0.1140 74.3111 49.0000 34.0716 35.7661 55.5163
12059.0000 0.1206 74.3358 49.0000 33.7245 35.6274 55.8493
12060.0000 0.1269 74.5859 49.0000 33.9084 35.1970 56.3423
12061.0000 0.1164 74.1211 49.0000 33.7387 35.7426 55.4806
12062.0000 0.1239 74.3625 49.0000 33.4507 35.6767 56.0179
12063.0000 0.1233 74.3566 49.0000 33.4841 35.6865 55.9838
12064.0000 0.1290 74.6768 49.0000 33.1923 35.8439 56.4811
12065.0000 0.1321 74.6147 49.0000 32.9360 35.8143 56.5678
12066.0000 0.1304 74.5113 49.0000 32.8995 35.8852 56.4075
12067.0000 0.1287 74.3403 49.0000 32.9716 35.7778 56.2077
12068.0000 0.1278 74.7166 49.0000 33.0379 36.1302 56.4417
12069.0000 0.1300 74.7398 49.0000 32.9087 36.1140 56.5583
12070.0000 0.1262 74.5364 49.0000 32.6817 36.4522 56.2034
12071.0000 0.1297 74.7941 49.0000 32.7559 36.3436 56.5717
12072.0000 0.1260 74.6591 49.0000 32.7324 36.5260 56.2887
12073.0000 0.1258 74.5958 49.0000 32.7139 36.5000 56.2324
12074.0000 0.1228 74.5298 49.0000 32.6000 36.7903 56.0216
12075.0000 0.1252 74.6009 49.0000 32.8946 36.3680 56.2193
12076.0000 0.1205 74.5836 49.0000 32.8955 36.7203 55.9662
12077.0000 0.1192 74.5892 49.0000 32.9696 36.7480 55.9119
12078.0000 0.1220 74.8783 49.0000 33.1002 36.6712 56.2704
12079.0000 0.1236 74.7267 49.0000 33.0191 36.4855 56.2372
12080.0000 0.1217 74.8451 49.0000 33.3706 36.3867 56.2511
12081.0000 0.1243 74.8461 49.0000 33.2948 36.2611 56.3784
12082.0000 0.1332 74.9906 49.0000 32.9951 36.0172 56.9006
12083.0000 0.1239 74.9167 49.0000 33.0792 36.5764 56.3954
12084.0000 0.1204 74.6261 49.0000 33.0850 36.5689 56.0103
12085.0000 0.1123 74.5235 49.0000 33.4070 36.7896 55.5361
12086.0000 0.1158 74.6455 49.0000 33.4884 36.5422 55.8135
12087.0000 0.1168 74.3444 49.0000 33.1797 36.4946 55.6268
12088.0000 0.1244 74.4932 49.0000 32.9317 36.2920 56.1037
12089.0000 0.1245 74.5846 49.0000 32.8092 36.4965 56.1642
12090.0000 0.1236 74.2542 49.0000 32.8599 36.2026 55.8863
12091.0000 0.1217 74.1158 49.0000 33.0219 36.0560 55.7016
12092.0000 0.1186 74.0564 49.0000 33.3948 35.8533 55.5308
12093.0000 0.1208 74.4516 49.0000 33.3066 36.1460 55.9212
12094.0000 0.1263 74.7037 49.0000 33.1247 36.1444 56.3647
12095.0000 0.1205 74.4927 49.0000 33.6372 35.8724 55.9543
12096.0000 0.1252 74.8787 49.0000 33.3318 36.1805 56.4516
12097.0000 0.1204 74.7062 49.0000 33.3464 36.3791 56.0855
12098.0000 0.1167 74.5558 49.0000 33.8235 36.0425 55.8164
12099.0000 0.1207 74.6775 49.0000 33.5353 36.1369 56.0913
12100.0000 0.1171 74.5561 49.0000 33.4022 36.4371 55.8143
12101.0000 0.1234 75.1541 49.0000 33.5840 36.3217 56.5773
12102.0000 0.1237 75.0627 49.0000 33.4747 36.3297 56.5155
12103.0000 0.1202 75.0118 49.0000 33.5469 36.4820 56.3066
12104.0000 0.1181 74.9571 49.0000 33.6090 36.5254 56.1685
12105.0000 0.1198 75.0743 49.0000 33.6193 36.4919 56.3404
12106.0000 0.1215 75.2839 49.0000 33.5997 36.5770 56.5760
12107.0000 0.1214 75.5567 49.0000 33.7481 36.6943 56.7751
12108.0000 0.1235 75.3810 49.0000 33.2778 36.8411 56.7241
12109.0000 0.1177 75.4288 49.0000 33.8198 36.7926 56.4981
12110.0000 0.1204 75.4335 49.0000 33.5387 36.8703 56.6210
12111.0000 0.1177 75.4965 49.0000 33.7448 36.9321 56.5423
12112.0000 0.1162 75.4193 49.0000 33.8090 36.9154 56.4117
12113.0000 0.1157 75.3712 49.0000 33.7438 36.9748 56.3475
12114.0000 0.1166 75.4239 49.0000 33.8987 36.7915 56.4449
12115.0000 0.1125 75.5014 49.0000 34.2563 36.8322 56.3059
12116.0000 0.1072 75.2829 49.0000 34.4231 36.8842 55.8759
12117.0000 0.1124 75.3256 49.0000 34.4528 36.4706 56.1859
12118.0000 0.1106 75.0112 49.0000 34.0813 36.6991 55.8419
12119.0000 0.1061 74.5869 49.0000 33.9603 36.7846 55.2884
12120.0000 0.1092 74.7685 49.0000 34.0993 36.5576 55.5977
12121.0000 0.1034 74.7868 49.0000 34.2903 36.8581 55.3057
12122.0000 0.1091 75.0440 49.0000 34.1596 36.7728 55.7896
12123.0000 0.1063 75.0221 49.0000 34.5192 36.6079 55.6470
12124.0000 0.1066 74.8561 49.0000 34.7335 36.2112 55.5497
12125.0000 0.1108 74.7589 49.0000 34.5508 35.9618 55.6946
12126.0000 0.1134 74.8274 49.0000 34.1219 36.2586 55.8583
12127.0000 0.1112 74.6311 49.0000 34.1923 36.1731 55.6075
12128.0000 0.1091 74.6885 49.0000 34.2023 36.3871 55.5388
12129.0000 0.1050 74.4910 49.0000 34.4524 36.2731 55.1924
12130.0000 0.1048 74.3690 49.0000 34.1838 36.4529 55.0763
12131.0000 0.1088 74.3507 49.0000 33.9991 36.2947 55.2701
12132.0000 0.1081 74.4500 49.0000 34.3300 36.1099 55.3203
12133.0000 0.1099 74.5149 49.0000 34.2136 36.1485 55.4544
12134.0000 0.1041 74.4682 49.0000 34.4893 36.2927 55.1257
12135.0000 0.1034 74.5726 49.0000 34.6136 36.3166 55.1731
12136.0000 0.1015 74.3589 49.0000 34.4135 36.4735 54.9058
12137.0000 0.1023 74.5684 49.0000 34.3572 36.6729 55.0920
12138.0000 0.1009 74.7571 49.0000 34.5447 36.7777 55.1606
12139.0000 0.0976 74.6261 49.0000 34.8573 36.6084 54.8986
12140.0000 0.0993 74.7544 49.0000 34.8646 36.5821 55.0856
12141.0000 0.0974 74.6298 49.0000 34.9124 36.5704 54.8939
12142.0000 0.0946 74.5626 49.0000 34.7440 36.9171 54.6768
12143.0000 0.1042 75.0342 49.0000 34.8354 36.4741 55.5542
12144.0000 0.1042 74.8954 49.0000 34.8954 36.2768 55.4583
12145.0000 0.1029 75.3302 49.0000 35.1948 36.5000 55.7110
12146.0000 0.0997 75.1509 49.0000 35.1482 36.6391 55.4062
12147.0000 0.0966 75.1531 49.0000 35.1632 36.8922 55.2315
12148.0000 0.1024 75.1192 49.0000 34.9138 36.6258 55.5200
12149.0000 0.0993 75.0076 49.0000 34.8997 36.7889 55.2696
12150.0000 0.0996 75.4907 49.0000 34.9128 37.2158 55.6321
12151.0000 0.1001 75.3241 49.0000 34.7623 37.1658 55.5338
12152.0000 0.0922 74.9560 49.0000 34.8370 37.4148 54.8172
12153.0000 0.0981 75.3126 49.0000 34.8642 37.2257 55.4141
12154.0000 0.0993 75.3013 49.0000 34.4668 37.5170 55.4508
12155.0000 0.1071 75.6424 49.0000 34.4828 37.1780 56.1294
12156.0000 0.1006 74.9442 49.0000 34.4812 37.0519 55.2705
12157.0000 0.0967 74.7308 49.0000 34.8456 36.7932 54.9249
12158.0000 0.0949 74.6185 49.0000 34.4118 37.2880 54.7116
12159.0000 0.1020 74.7631 49.0000 34.2548 36.9913 55.2067
12160.0000 0.0994 74.8617 49.0000 34.8409 36.6990 55.1685
12161.0000 0.1025 74.7867 49.0000 34.6318 36.5789 55.2782
12162.0000 0.1027 74.5499 49.0000 34.5250 36.4469 55.1120
12163.0000 0.1037 74.7136 49.0000 34.4997 36.5442 55.2849
12164.0000 0.1055 74.8155 49.0000 34.0798 36.9328 55.4246
12165.0000 0.1038 74.8826 49.0000 34.1047 37.1093 55.3821
12166.0000 0.1119 74.9607 49.0000 33.9698 36.6554 55.8707
12167.0000 0.1055 74.6690 49.0000 34.1414 36.7204 55.3303
12168.0000 0.1118 74.7685 49.0000 33.9425 36.5090 55.7255
12169.0000 0.1046 74.7015 49.0000 34.3349 36.6347 55.3112
12170.0000 0.1010 74.6252 49.0000 34.4171 36.7736 55.0644
12171.0000 0.1062 74.7508 49.0000 34.4514 36.4260 55.4430
12172.0000 0.1073 74.6324 49.0000 34.1676 36.5168 55.3993
12173.0000 0.1104 74.5859 49.0000 33.8771 36.5164 55.5153
12174.0000 0.1061 74.4204 49.0000 33.9492 36.6313 55.1724
12175.0000 0.1078 74.3784 49.0000 34.0612 36.3406 55.2390
12176.0000 0.1190 74.5566 49.0000 33.5015 36.1923 55.9147
12177.0000 0.1148 74.7228 49.0000 33.4610 36.7243 55.8139
12178.0000 0.1155 74.6316 49.0000 33.4607 36.5790 55.7873
12179.0000 0.1069 74.2522 49.0000 33.6459 36.7161 55.0751
12180.0000 0.1070 74.4786 49.0000 33.6886 36.8882 55.2394
12181.0000 0.1019 74.1120 49.0000 34.0016 36.6267 54.7262
12182.0000 0.1058 74.4732 49.0000 34.1136 36.5435 55.2004
12183.0000 0.1080 74.5278 49.0000 33.6279 36.9143 55.3253
12184.0000 0.1109 74.5094 49.0000 33.4745 36.8202 55.4561
12185.0000 0.1167 74.6476 49.0000 33.4201 36.5408 55.8580
12186.0000 0.1148 74.5567 49.0000 33.3903 36.6372 55.6911
12187.0000 0.1131 74.6308 49.0000 33.2512 36.9881 55.6416
12188.0000 0.1188 74.9036 49.0000 32.9653 37.0845 56.1122
12189.0000 0.1128 74.6899 49.0000 33.1519 37.1687 55.6599
12190.0000 0.1137 74.7933 49.0000 33.1428 37.2050 55.7797
12191.0000 0.1049 74.2768 49.0000 33.2849 37.2820 54.9473
12192.0000 0.1044 74.3518 49.0000 33.2139 37.4713 54.9630
12193.0000 0.1060 74.3560 49.0000 33.0031 37.5673 55.0301
12194.0000 0.1058 74.3541 49.0000 33.2203 37.3485 55.0458
12195.0000 0.1104 74.7702 49.0000 32.7401 37.8756 55.5347
12196.0000 0.1053 74.6821 49.0000 33.0481 37.8973 55.2180
12197.0000 0.1044 74.8586 49.0000 32.9875 38.2051 55.2812
12198.0000 0.1049 75.0695 49.0000 33.0357 38.3176 55.4601
12199.0000 0.1016 75.1959 49.0000 33.4751 38.2587 55.4085
12200.0000 0.1054 75.3637 49.0000 33.4883 38.0822 55.7492
12201.0000 0.1040 75.2791 49.0000 33.5322 38.0786 55.6107
12202.0000 0.1011 74.9394 49.0000 33.3093 38.2272 55.1823
12203.0000 0.1003 74.9612 49.0000 33.4034 38.2188 55.1609
12204.0000 0.0967 74.7930 49.0000 33.4782 38.2862 54.8394
12205.0000 0.1024 75.1673 49.0000 33.5585 38.0780 55.4438
12206.0000 0.0977 74.9899 49.0000 33.7685 38.0907 55.0661
12207.0000 0.0993 74.9129 49.0000 33.6108 38.0394 55.0932
12208.0000 0.0991 74.6523 49.0000 33.6247 37.7820 54.9078
12209.0000 0.1065 74.9134 49.0000 33.3412 37.7095 55.4831
12210.0000 0.1030 74.7002 49.0000 33.6006 37.5218 55.1655
12211.0000 0.1024 74.4857 49.0000 33.6639 37.2960 54.9897
12212.0000 0.1054 74.8581 49.0000 33.7502 37.3199 55.4246
12213.0000 0.1004 74.8441 49.0000 34.2121 37.2457 55.1718
12214.0000 0.1008 74.9025 49.0000 34.2470 37.2292 55.2405
12215.0000 0.1000 74.5319 49.0000 33.9148 37.2823 54.9073
12216.0000 0.1032 74.7844 49.0000 33.9415 37.2360 55.2644
12217.0000 0.1009 74.6043 49.0000 34.0530 37.1345 55.0202
12218.0000 0.1031 74.5300 49.0000 33.5993 37.3510 55.0519
12219.0000 0.1045 74.5289 49.0000 33.6798 37.1529 55.1352
12220.0000 0.1090 74.8496 49.0000 33.6385 37.1299 55.6084
12221.0000 0.1117 74.8584 49.0000 33.4170 37.1451 55.7434
12222.0000 0.1106 75.1027 49.0000 33.9373 36.9349 55.8971
12223.0000 0.1097 75.2744 49.0000 34.2616 36.8403 55.9926
12224.0000 0.1040 74.9356 49.0000 34.3894 36.8529 55.4489
12225.0000 0.0988 75.1277 49.0000 34.9110 36.9316 55.3303
12226.0000 0.0975 74.8450 49.0000 34.7911 36.8913 55.0489
12227.0000 0.0982 74.8779 49.0000 34.8554 36.8023 55.1125
12228.0000 0.1050 74.9213 49.0000 34.8579 36.2760 55.5175
12229.0000 0.1065 75.0187 49.0000 34.7602 36.3407 55.6677
12230.0000 0.0997 74.5732 49.0000 35.1303 36.1001 54.9892
12231.0000 0.1019 74.8283 49.0000 34.8588 36.4367 55.2857
12232.0000 0.1046 74.8152 49.0000 35.0766 35.9867 55.4248
12233.0000 0.1063 74.7845 49.0000 34.9637 35.9302 55.4913
12234.0000 0.1048 74.7351 49.0000 34.8778 36.0916 55.3739
12235.0000 0.1026 74.5250 49.0000 34.9157 36.0342 55.1036
12236.0000 0.1028 74.5045 49.0000 34.6122 36.3099 55.0864
12237.0000 0.1050 74.6397 49.0000 34.8696 35.9908 55.3159
12238.0000 0.0985 74.4090 49.0000 34.9000 36.2769 54.7967
12239.0000 0.1031 74.6480 49.0000 34.4913 36.5458 55.2003
12240.0000 0.1074 74.6726 49.0000 34.5532 36.1538 55.4525
12241.0000 0.1042 74.5538 49.0000 34.4644 36.3906 55.1924
12242.0000 0.1029 74.3367 49.0000 34.1574 36.6041 54.9486
12243.0000 0.1039 74.4472 49.0000 34.2535 36.5286 55.0885
12244.0000 0.1060 74.7670 49.0000 34.4174 36.4973 55.4391
12245.0000 0.1081 74.5607 49.0000 34.0809 36.4682 55.3882
12246.0000 0.1037 74.5070 49.0000 34.0547 36.8020 55.1106
12247.0000 0.1079 74.5374 49.0000 33.7425 36.8131 55.3358
12248.0000 0.1061 74.6629 49.0000 33.8052 37.0148 55.3323
12249.0000 0.1079 74.7754 49.0000 33.8282 36.9548 55.5099
12250.0000 0.1096 74.7113 49.0000 33.3508 37.2423 55.5203
12251.0000 0.1093 74.6723 49.0000 33.2552 37.3352 55.4628
12252.0000 0.1096 74.7664 49.0000 32.9013 37.7663 55.5088
12253.0000 0.1072 74.5394 49.0000 33.2446 37.3906 55.2527
12254.0000 0.1020 74.2345 49.0000 33.3669 37.4034 54.7576
12255.0000 0.1074 74.3781 49.0000 33.2408 37.2175 55.1544
12256.0000 0.1055 74.3804 49.0000 33.2043 37.4196 55.0426
12257.0000 0.1080 74.3485 49.0000 33.2931 37.0842 55.1728
12258.0000 0.1086 74.0604 49.0000 33.2391 36.8139 54.9985
12259.0000 0.1031 74.2639 49.0000 33.6866 36.9988 54.8765
12260.0000 0.1075 74.2512 49.0000 33.1643 37.1682 55.0626
12261.0000 0.1155 74.4029 49.0000 32.9939 36.8452 55.5844
12262.0000 0.1163 74.5380 49.0000 33.1522 36.7412 55.7399
12263.0000 0.1091 74.4407 49.0000 33.3908 36.9877 55.3026
12264.0000 0.1068 74.6738 49.0000 33.6097 37.1696 55.3623
12265.0000 0.1111 74.6627 49.0000 33.3112 37.1163 55.5632
12266.0000 0.1090 74.6175 49.0000 33.4843 37.0657 55.4319
12267.0000 0.1061 74.6350 49.0000 33.5988 37.2059 55.2922
12268.0000 0.1091 74.8675 49.0000 33.7582 37.0119 55.6386
12269.0000 0.1043 74.4764 49.0000 33.6864 37.1110 55.0885
12270.0000 0.1054 74.7234 49.0000 33.6210 37.3246 55.3180
12271.0000 0.1060 74.7722 49.0000 33.5996 37.3400 55.3867
12272.0000 0.1116 74.6275 49.0000 33.4267 36.9228 55.5755
12273.0000 0.1167 74.8742 49.0000 33.4947 36.6809 56.0247
12274.0000 0.1134 74.6968 49.0000 33.0621 37.2208 55.6877
12275.0000 0.1154 74.7250 49.0000 33.0458 37.0996 55.8160
12276.0000 0.1125 74.8752 49.0000 33.2129 37.3070 55.7798
12277.0000 0.1135 74.9756 49.0000 33.2696 37.2611 55.9113
12278.0000 0.1128 74.5985 49.0000 33.0608 37.1748 55.5873
12279.0000 0.1185 74.6960 49.0000 32.9957 36.8771 55.9541
12280.0000 0.1178 74.8070 49.0000 32.9073 37.1320 55.9858
12281.0000 0.1116 74.5182 49.0000 33.0262 37.2334 55.4608
12282.0000 0.1081 74.4068 49.0000 33.1083 37.3261 55.1994
12283.0000 0.1053 74.5710 49.0000 33.2628 37.5627 55.1676
12284.0000 0.1028 74.3724 49.0000 33.4360 37.3944 54.9085
12285.0000 0.1053 74.4268 49.0000 33.5734 37.0908 55.1040
12286.0000 0.1075 74.6000 49.0000 33.4985 37.1567 55.3389
12287.0000 0.1040 74.5852 49.0000 34.1359 36.7758 55.1836
12288.0000 0.0975 74.6783 49.0000 34.1909 37.3506 54.8886
12289.0000 0.1030 74.8150 49.0000 34.0390 37.1760 55.2863
12290.0000 0.1056 74.5561 49.0000 33.8568 36.9024 55.2317
12291.0000 0.1051 74.5054 49.0000 33.7918 36.9613 55.1637
12292.0000 0.1079 74.4466 49.0000 33.7249 36.7463 55.2688
12293.0000 0.1034 74.2542 49.0000 33.8290 36.8235 54.8937
12294.0000 0.1009 74.3739 49.0000 33.8828 37.0855 54.8462
12295.0000 0.1018 74.3332 49.0000 33.6079 37.2571 54.8439
12296.0000 0.1069 74.6852 49.0000 33.6186 37.1670 55.3740
12297.0000 0.1083 74.5256 49.0000 33.7617 36.7490 55.3509
12298.0000 0.1019 74.5826 49.0000 34.2819 36.7971 55.0753
12299.0000 0.1001 74.3447 49.0000 34.0643 36.9419 54.7910
12300.0000 0.1045 74.4438 49.0000 33.7671 36.9781 55.0843
12301.0000 0.1040 74.3179 49.0000 34.0072 36.6497 54.9860
12302.0000 0.1023 74.0565 49.0000 33.8788 36.6687 54.6992
12303.0000 0.0963 73.9337 49.0000 34.1676 36.7575 54.2922
12304.0000 0.0923 73.8845 49.0000 34.2400 36.9708 54.0343
12305.0000 0.0933 73.8276 49.0000 34.0704 37.0062 54.0394
12306.0000 0.0932 73.8833 49.0000 34.1135 37.0298 54.0722
12307.0000 0.0930 73.6447 49.0000 33.7242 37.2131 53.8647
12308.0000 0.0991 73.6109 49.0000 33.0183 37.3998 54.1259
12309.0000 0.1015 73.5676 49.0000 33.0507 37.1223 54.2381
12310.0000 0.1027 73.7870 49.0000 33.2527 37.0228 54.4803
12311.0000 0.1024 73.6639 49.0000 33.1889 36.9973 54.3697
12312.0000 0.1068 73.7868 49.0000 32.9798 36.9715 54.6803
12313.0000 0.1082 73.9616 49.0000 32.9624 37.0434 54.8779
12314.0000 0.1073 74.0579 49.0000 33.1521 37.0075 54.9176
12315.0000 0.1057 74.1772 49.0000 33.1541 37.2613 54.9058
12316.0000 0.1079 74.1390 49.0000 32.6473 37.5736 54.9451
12317.0000 0.1021 74.2022 49.0000 33.1875 37.5478 54.7240
12318.0000 0.0995 73.9003 49.0000 33.2449 37.4103 54.3737
12319.0000 0.1034 73.8060 49.0000 33.0079 37.2417 54.5056
12320.0000 0.0973 73.8153 49.0000 33.1966 37.5712 54.1765
12321.0000 0.0960 73.6797 49.0000 33.2652 37.4756 54.0158
12322.0000 0.0942 73.7554 49.0000 33.4956 37.4614 53.9866
12323.0000 0.0994 73.7751 49.0000 33.6219 36.9053 54.3170
12324.0000 0.1033 73.8271 49.0000 33.4964 36.7625 54.5614
12325.0000 0.1038 74.0307 49.0000 33.3357 37.0860 54.7166
12326.0000 0.1023 73.8116 49.0000 33.5000 36.8230 54.4973
12327.0000 0.1064 73.7708 49.0000 33.4154 36.5365 54.6867
12328.0000 0.1037 73.6496 49.0000 33.5490 36.4994 54.4658
12329.0000 0.0972 73.3924 49.0000 33.6742 36.6639 53.9282
12330.0000 0.0974 73.6201 49.0000 33.6705 36.8725 54.0983
12331.0000 0.0997 73.7765 49.0000 33.4693 37.0403 54.3212
12332.0000 0.1058 74.3040 49.0000 33.4868 37.0252 55.0351
12333.0000 0.1019 73.8428 49.0000 33.4448 36.9417 54.4933
12334.0000 0.1103 74.2428 49.0000 33.0847 37.0169 55.2009
12335.0000 0.1101 74.5652 49.0000 33.3990 37.0119 55.4490
12336.0000 0.1102 74.4030 49.0000 33.3096 36.9406 55.3324
12337.0000 0.1086 74.1484 49.0000 33.2647 36.8720 55.0627
12338.0000 0.1059 74.0720 49.0000 32.9808 37.3185 54.8293
12339.0000 0.1093 74.0459 49.0000 32.8332 37.1708 54.9827
12340.0000 0.1058 73.8089 49.0000 32.9426 37.1158 54.6347
12341.0000 0.1058 73.6038 49.0000 32.8709 36.9922 54.4848
12342.0000 0.0994 73.4712 49.0000 33.2702 36.9766 54.0726
12343.0000 0.1023 73.5018 49.0000 33.0233 37.0214 54.2346
12344.0000 0.1010 73.4979 49.0000 33.0430 37.1047 54.1603
12345.0000 0.0989 73.3443 49.0000 33.2558 36.9114 53.9535
12346.0000 0.0981 73.5791 49.0000 33.1240 37.3436 54.0569
12347.0000 0.1055 73.5971 49.0000 32.9704 36.9058 54.4743
12348.0000 0.1031 73.7508 49.0000 32.9771 37.2483 54.4451
12349.0000 0.1018 74.1501 49.0000 33.4062 37.2936 54.6942
12350.0000 0.1057 74.4016 49.0000 33.2649 37.3596 55.0755
12351.0000 0.1094 74.4315 49.0000 33.1628 37.1918 55.2906
12352.0000 0.1098 74.5403 49.0000 33.4756 36.9364 55.4197
12353.0000 0.1036 74.3206 49.0000 33.7280 36.9737 54.9447
12354.0000 0.1001 74.2287 49.0000 33.8569 37.0391 54.6966
12355.0000 0.1023 74.1112 49.0000 33.5275 37.0890 54.7064
12356.0000 0.1018 74.4240 49.0000 33.7858 37.1602 54.9233
12357.0000 0.0984 74.4185 49.0000 34.2744 36.9378 54.7630
12358.0000 0.1035 74.6438 49.0000 34.0059 37.0055 55.1896
12359.0000 0.0984 74.4013 49.0000 34.0282 37.1754 54.7324
12360.0000 0.1019 74.6382 49.0000 34.0075 37.1350 55.0940
12361.0000 0.1021 74.4637 49.0000 33.9492 37.0072 54.9796
12362.0000 0.1056 74.6670 49.0000 33.8443 37.0192 55.3110
12363.0000 0.1029 74.6423 49.0000 33.9878 37.0731 55.1532
12364.0000 0.0998 74.5785 49.0000 34.2054 37.0455 54.9507
12365.0000 0.1041 74.6684 49.0000 33.7989 37.1958 55.2220
12366.0000 0.1025 74.5421 49.0000 33.7440 37.2590 55.0421
12367.0000 0.0999 74.5962 49.0000 33.9679 37.3026 54.9480
12368.0000 0.1051 74.5726 49.0000 33.8287 36.9886 55.2135
12369.0000 0.1031 74.4598 49.0000 33.7491 37.1302 55.0147
12370.0000 0.0987 74.0215 49.0000 33.6753 37.1457 54.4551
12371.0000 0.0999 74.0875 49.0000 33.6268 37.1582 54.5662
12372.0000 0.1017 74.2163 49.0000 33.5507 37.2132 54.7502
12373.0000 0.1000 74.4610 49.0000 33.6604 37.4858 54.8291
12374.0000 0.1002 74.5026 49.0000 33.9255 37.2315 54.8954
12375.0000 0.0925 74.3640 49.0000 33.9973 37.6846 54.3512
12376.0000 0.0979 74.6178 49.0000 33.8613 37.6028 54.8384
12377.0000 0.0997 74.6228 49.0000 33.8301 37.4910 54.9410
12378.0000 0.1018 74.4489 49.0000 33.5408 37.4429 54.9152
12379.0000 0.0961 74.3783 49.0000 33.6349 37.7657 54.5396
12380.0000 0.0977 74.5625 49.0000 33.6831 37.7547 54.7686
12381.0000 0.0978 74.3824 49.0000 33.3890 37.8831 54.6149
12382.0000 0.0989 74.6802 49.0000 34.0287 37.4086 54.9525
12383.0000 0.0972 74.4680 49.0000 33.7106 37.6768 54.6766
12384.0000 0.0952 74.3087 49.0000 33.7383 37.6647 54.4507
12385.0000 0.0942 74.2695 49.0000 33.9284 37.5171 54.3809
12386.0000 0.0922 74.1026 49.0000 34.0203 37.4273 54.1572
12387.0000 0.0931 74.2181 49.0000 34.0450 37.4378 54.2926
12388.0000 0.0941 74.3168 49.0000 34.3883 37.0858 54.4525
12389.0000 0.0974 74.3840 49.0000 34.0323 37.2413 54.6614
12390.0000 0.0938 74.2293 49.0000 34.6079 36.7991 54.3884
12391.0000 0.1002 74.2149 49.0000 33.9879 36.8832 54.7019
12392.0000 0.1065 74.2101 49.0000 33.7219 36.6354 55.0257
12393.0000 0.1090 74.2746 49.0000 33.7821 36.4331 55.2098
12394.0000 0.1081 73.9095 49.0000 33.6087 36.3279 54.8940
12395.0000 0.1092 74.1110 49.0000 33.7017 36.3430 55.0983
12396.0000 0.1089 74.3866 49.0000 33.7088 36.6208 55.2811
12397.0000 0.1065 74.2568 49.0000 34.0383 36.3507 55.0827
12398.0000 0.1014 74.1340 49.0000 33.9237 36.7701 54.7082
12399.0000 0.1009 74.2100 49.0000 33.8846 36.9276 54.7294
12400.0000 0.1036 74.3125 49.0000 34.0143 36.6647 54.9643
12401.0000 0.0970 74.3740 49.0000 34.4407 36.8384 54.6650
12402.0000 0.0977 74.3913 49.0000 34.4113 36.8262 54.7153
12403.0000 0.0957 74.3516 49.0000 34.3462 37.0298 54.5646
12404.0000 0.0979 74.4195 49.0000 34.2061 37.0489 54.7320
12405.0000 0.0987 74.3809 49.0000 34.4581 36.6844 54.7669
12406.0000 0.0989 74.1055 49.0000 34.2328 36.6330 54.5689
12407.0000 0.1037 74.0966 49.0000 33.7058 36.7711 54.7914
12408.0000 0.1056 74.3568 49.0000 33.6787 36.8923 55.0785
12409.0000 0.0991 74.0008 49.0000 34.0022 36.7555 54.4885
12410.0000 0.1054 74.2076 49.0000 33.9200 36.5140 54.9812
12411.0000 0.1095 74.5251 49.0000 33.7209 36.6882 55.4154
12412.0000 0.1034 74.4002 49.0000 33.9927 36.7911 55.0118
12413.0000 0.1018 74.3741 49.0000 34.0188 36.8755 54.9038
12414.0000 0.0991 74.2828 49.0000 33.8429 37.1950 54.6729
12415.0000 0.1043 74.1682 49.0000 33.2550 37.2593 54.8340
12416.0000 0.1016 74.1297 49.0000 33.3514 37.3459 54.6642
12417.0000 0.1024 74.0313 49.0000 33.6052 36.9199 54.6648
12418.0000 0.1051 74.1133 49.0000 33.2211 37.1772 54.8361
12419.0000 0.1032 73.8550 49.0000 33.2156 37.0880 54.5506
12420.0000 0.1077 74.0645 49.0000 33.0167 37.1303 54.9253
12421.0000 0.1067 74.0928 49.0000 33.0358 37.2181 54.8925
12422.0000 0.1048 74.0298 49.0000 33.0519 37.2981 54.7433
12423.0000 0.1037 74.1659 49.0000 33.2230 37.3431 54.7933
12424.0000 0.0995 73.9579 49.0000 33.6654 37.0296 54.4539
12425.0000 0.0995 74.0053 49.0000 33.6272 37.1127 54.4852
12426.0000 0.0989 74.0414 49.0000 33.6330 37.1958 54.4740
12427.0000 0.0980 73.7733 49.0000 33.7217 36.9157 54.2455
12428.0000 0.1072 74.0476 49.0000 33.2396 36.9212 54.9091
12429.0000 0.1004 73.8182 49.0000 33.6352 36.8510 54.4042
12430.0000 0.0995 73.9510 49.0000 33.7661 36.9181 54.4578
12431.0000 0.0992 74.0471 49.0000 33.3925 37.4261 54.4720
12432.0000 0.0967 74.0965 49.0000 33.4810 37.6022 54.3635
12433.0000 0.0985 74.2767 49.0000 33.6800 37.4076 54.6202
12434.0000 0.0965 74.1516 49.0000 33.6390 37.5001 54.4115
12435.0000 0.0952 74.0224 49.0000 33.8037 37.3147 54.2609
12436.0000 0.0949 73.7904 49.0000 33.5413 37.3846 54.0591
12437.0000 0.0980 73.6038 49.0000 33.1584 37.3393 54.0723
12438.0000 0.0985 73.8007 49.0000 33.3418 37.3015 54.2537
12439.0000 0.0985 73.7226 49.0000 33.1691 37.4094 54.1791
12440.0000 0.1000 73.6456 49.0000 33.3514 37.0074 54.2384
12441.0000 0.0980 73.4914 49.0000 33.0293 37.3703 53.9770
12442.0000 0.0965 73.4914 49.0000 33.0761 37.4471 53.8950
12443.0000 0.0938 73.4937 49.0000 33.3838 37.3616 53.7675
12444.0000 0.0925 73.3082 49.0000 33.2502 37.4250 53.5526
12445.0000 0.0921 73.4734 49.0000 33.5893 37.2703 53.6751
12446.0000 0.0889 73.1167 49.0000 33.4432 37.3479 53.2234
12447.0000 0.0863 73.2142 49.0000 33.6041 37.5105 53.1417
12448.0000 0.0891 73.3768 49.0000 33.5027 37.5262 53.4182
12449.0000 0.0927 73.3863 49.0000 33.4619 37.2617 53.6415
12450.0000 0.0895 73.3101 49.0000 33.3817 37.5538 53.3830
12451.0000 0.0874 73.0021 49.0000 33.2760 37.5502 53.0283
12452.0000 0.0921 73.2838 49.0000 33.1074 37.5935 53.4897
12453.0000 0.0962 73.2120 49.0000 33.0353 37.2390 53.6835
12454.0000 0.0935 73.0157 49.0000 32.8437 37.4867 53.3604
12455.0000 0.0986 73.2186 49.0000 33.2359 36.8305 53.8503
12456.0000 0.1008 73.4403 49.0000 33.3157 36.7803 54.1363
12457.0000 0.0997 73.4549 49.0000 33.4910 36.7022 54.1010
12458.0000 0.1056 73.6138 49.0000 33.2405 36.6334 54.5165
12459.0000 0.1005 73.3734 49.0000 33.2218 36.8376 54.0644
12460.0000 0.0978 73.3848 49.0000 33.5051 36.7765 53.9466
12461.0000 0.1018 73.5888 49.0000 33.4022 36.7478 54.3066
12462.0000 0.0998 73.1352 49.0000 33.3860 36.4960 53.8718
12463.0000 0.0966 73.2689 49.0000 33.7402 36.5256 53.8127
12464.0000 0.0979 73.3839 49.0000 33.6491 36.6199 53.9621
12465.0000 0.0961 73.1334 49.0000 33.8984 36.2647 53.7054
12466.0000 0.0932 72.9857 49.0000 33.8673 36.3989 53.4325
12467.0000 0.0960 73.0202 49.0000 33.9375 36.1292 53.6179
12468.0000 0.0915 72.9470 49.0000 33.8693 36.5074 53.3043
12469.0000 0.0921 72.9018 49.0000 33.9264 36.3490 53.3144
12470.0000 0.0919 72.6840 49.0000 33.7021 36.3849 53.1344
12471.0000 0.0853 72.6121 49.0000 34.0192 36.5556 52.7152
12472.0000 0.0922 72.7671 49.0000 33.9982 36.1318 53.2322
12473.0000 0.0955 72.8283 49.0000 33.7171 36.2126 53.4394
12474.0000 0.0946 72.9379 49.0000 34.0394 36.0565 53.4901
12475.0000 0.0944 72.7659 49.0000 33.8308 36.1223 53.3436
12476.0000 0.0901 72.7997 49.0000 33.9446 36.3992 53.1286
12477.0000 0.0913 72.8310 49.0000 34.0942 36.1795 53.2257
12478.0000 0.0926 72.6062 49.0000 33.9947 35.9471 53.1397
12479.0000 0.0911 72.3864 49.0000 34.0747 35.7755 52.9039
12480.0000 0.0912 72.2525 49.0000 34.0088 35.7050 52.8108
12481.0000 0.0932 72.4658 49.0000 33.7677 35.9947 53.0605
12482.0000 0.0951 72.4414 49.0000 33.6125 35.9689 53.1432
12483.0000 0.0945 72.4017 49.0000 33.7072 35.8837 53.0867
12484.0000 0.0974 72.4173 49.0000 33.5917 35.7813 53.2499
12485.0000 0.1034 72.6305 49.0000 33.1805 35.9245 53.6998
12486.0000 0.0945 72.5247 49.0000 33.6349 36.0789 53.1680
12487.0000 0.0965 72.5255 49.0000 33.2583 36.3033 53.2533
12488.0000 0.0965 72.5509 49.0000 33.3296 36.2574 53.2746
12489.0000 0.0962 72.6599 49.0000 33.7448 35.9571 53.3651
12490.0000 0.0943 72.3999 49.0000 33.7186 35.8916 53.0716
12491.0000 0.0967 72.5293 49.0000 33.6040 35.9375 53.2894
12492.0000 0.0946 72.6479 49.0000 33.8179 36.0024 53.2719
12493.0000 0.0873 72.5615 49.0000 34.2589 36.0823 52.8164
12494.0000 0.0905 72.5150 49.0000 33.8986 36.1398 52.9455
12495.0000 0.0882 72.4996 49.0000 33.8145 36.4045 52.7966
12496.0000 0.0874 72.4317 49.0000 34.2002 36.0050 52.7289
12497.0000 0.0959 72.6505 49.0000 33.5498 36.1753 53.3277
12498.0000 0.0949 72.7881 49.0000 33.4443 36.5006 53.3600
12499.0000 0.0936 72.8266 49.0000 33.6787 36.4052 53.3303
12500.0000 0.0938 72.8934 49.0000 33.7871 36.3431 53.3954
12501.0000 0.0993 73.2250 49.0000 33.4846 36.5198 53.9165
12502.0000 0.1004 73.0794 49.0000 33.6938 36.0728 53.8895
12503.0000 0.0986 73.0767 49.0000 33.7162 36.1890 53.7938
12504.0000 0.1011 73.0337 49.0000 33.5883 36.0734 53.8930
12505.0000 0.1045 73.1384 49.0000 33.3797 36.1173 54.1346
12506.0000 0.1017 72.9340 49.0000 33.3263 36.2024 53.8341
12507.0000 0.1018 72.8454 49.0000 33.3277 36.1040 53.7793
12508.0000 0.1026 73.0535 49.0000 33.4395 36.1246 53.9781
12509.0000 0.1005 72.9911 49.0000 33.3827 36.2994 53.8113
12510.0000 0.0989 73.1231 49.0000 33.5334 36.4041 53.8260
12511.0000 0.0986 73.1614 49.0000 33.6631 36.3268 53.8493
12512.0000 0.0965 73.2754 49.0000 33.6997 36.5772 53.8119
12513.0000 0.0968 73.0627 49.0000 33.5426 36.5077 53.6679
12514.0000 0.0992 73.0637 49.0000 33.6375 36.2125 53.8097
12515.0000 0.0975 72.9726 49.0000 33.6472 36.2522 53.6530
12516.0000 0.0946 72.8309 49.0000 33.8141 36.1867 53.3992
12517.0000 0.0970 72.6704 49.0000 33.2512 36.4157 53.3784
12518.0000 0.0974 72.8072 49.0000 33.1225 36.6520 53.4829
12519.0000 0.0899 72.3791 49.0000 33.3610 36.6178 52.7723
12520.0000 0.0954 72.7097 49.0000 33.2515 36.5864 53.3149
12521.0000 0.0991 72.8067 49.0000 33.1104 36.5143 53.5839
12522.0000 0.0980 72.6566 49.0000 33.2220 36.3484 53.4235
12523.0000 0.0998 72.5506 49.0000 32.9878 36.3405 53.4300
12524.0000 0.1052 72.6763 49.0000 32.8465 36.1639 53.8064
12525.0000 0.1005 72.7414 49.0000 32.9656 36.4887 53.6017
12526.0000 0.1008 72.7980 49.0000 33.0729 36.4039 53.6702
12527.0000 0.0991 73.0019 49.0000 33.0920 36.7249 53.7166
12528.0000 0.1021 73.0984 49.0000 32.7594 36.9234 53.9153
12529.0000 0.0949 72.8125 49.0000 33.3211 36.6537 53.3654
12530.0000 0.0973 73.0151 49.0000 33.3342 36.6396 53.6430
12531.0000 0.0999 73.2845 49.0000 33.5453 36.4612 53.9992
12532.0000 0.1023 73.3009 49.0000 33.4987 36.3267 54.1408
12533.0000 0.1065 73.5022 49.0000 33.4251 36.2548 54.5061
12534.0000 0.1123 73.7271 49.0000 33.3277 36.1086 54.9647
12535.0000 0.1099 73.7129 49.0000 33.2787 36.3368 54.8248
12536.0000 0.1121 73.5700 49.0000 33.2600 36.0422 54.8387
12537.0000 0.1129 73.6832 49.0000 33.3390 36.0044 54.9673
12538.0000 0.1045 73.4714 49.0000 33.6814 36.1228 54.3944
12539.0000 0.1062 73.4458 49.0000 33.6810 35.9613 54.4670
12540.0000 0.1074 73.5468 49.0000 33.7476 35.8943 54.6062
12541.0000 0.1066 73.4744 49.0000 33.5321 36.1094 54.4995
12542.0000 0.1091 73.4435 49.0000 33.5005 35.9150 54.6057
12543.0000 0.1074 73.4189 49.0000 33.6193 35.9092 54.5033
12544.0000 0.1078 73.4096 49.0000 33.6810 35.8043 54.5217
12545.0000 0.1038 73.1594 49.0000 33.6792 35.8839 54.1327
12546.0000 0.1098 73.2873 49.0000 33.6327 35.5769 54.5359
12547.0000 0.1086 73.3507 49.0000 33.5785 35.7875 54.5166
12548.0000 0.1072 73.3566 49.0000 33.5597 35.9209 54.4484
12549.0000 0.1127 73.5837 49.0000 33.3682 35.9012 54.8838
12550.0000 0.1094 73.7075 49.0000 33.5976 36.0446 54.8159
12551.0000 0.1101 73.2813 49.0000 33.2571 35.9332 54.5244
12552.0000 0.1146 73.4035 49.0000 33.0957 35.8529 54.8390
12553.0000 0.1096 73.2385 49.0000 33.0913 36.1026 54.4559
12554.0000 0.1089 73.1768 49.0000 32.9916 36.1981 54.3699
12555.0000 0.1030 73.0126 49.0000 33.0208 36.4888 53.9355
12556.0000 0.1078 73.2315 49.0000 32.8145 36.5218 54.3343
12557.0000 0.1095 73.3204 49.0000 32.9585 36.3211 54.5014
12558.0000 0.1112 73.2197 49.0000 33.1077 35.9379 54.5296
12559.0000 0.1078 73.1295 49.0000 33.0578 36.1702 54.2846
12560.0000 0.1086 72.9028 49.0000 32.7399 36.2239 54.1364
12561.0000 0.1045 72.8839 49.0000 33.1513 36.1086 53.9373
12562.0000 0.1096 72.7283 49.0000 32.8481 35.8624 54.0769
12563.0000 0.1022 72.5897 49.0000 32.8033 36.3688 53.5773
12564.0000 0.1046 72.5736 49.0000 32.7079 36.2566 53.6896
12565.0000 0.1109 72.7865 49.0000 32.5152 36.1548 54.1615
12566.0000 0.1069 72.6573 49.0000 32.6524 36.2085 53.8688
12567.0000 0.1105 72.6017 49.0000 32.6600 35.8625 54.0204
12568.0000 0.1119 72.7188 49.0000 32.5075 36.0249 54.1618
12569.0000 0.1096 72.7076 49.0000 32.7813 35.9099 54.0579
12570.0000 0.1116 72.7950 49.0000 32.9859 35.6237 54.2401
12571.0000 0.1111 72.5528 49.0000 32.8836 35.5387 54.0330
12572.0000 0.1098 72.5720 49.0000 33.0399 35.5000 53.9890
12573.0000 0.1127 72.7928 49.0000 32.7950 35.7293 54.2835
12574.0000 0.1103 72.6163 49.0000 32.9273 35.6175 54.0399
12575.0000 0.1161 72.6493 49.0000 32.5038 35.6311 54.3308
12576.0000 0.1191 72.9137 49.0000 32.4896 35.6612 54.6728
12577.0000 0.1180 72.6377 49.0000 32.1753 35.8082 54.3945
12578.0000 0.1179 72.7286 49.0000 32.3375 35.7362 54.4670
12579.0000 0.1129 72.7557 49.0000 32.4337 36.0527 54.2371
12580.0000 0.1220 72.9763 49.0000 32.3133 35.6807 54.8478
12581.0000 0.1207 72.9513 49.0000 32.1279 35.9489 54.7482
12582.0000 0.1221 72.8063 49.0000 31.9743 35.8616 54.7024
12583.0000 0.1228 72.7947 49.0000 31.9143 35.8610 54.7223
12584.0000 0.1222 72.7047 49.0000 32.1781 35.5461 54.6536
12585.0000 0.1211 72.8311 49.0000 32.2134 35.7124 54.6926
12586.0000 0.1165 72.3829 49.0000 32.1608 35.7032 54.1317
12587.0000 0.1165 72.4576 49.0000 32.3667 35.5616 54.2021
12588.0000 0.1170 72.3071 49.0000 32.4411 35.2970 54.1296
12589.0000 0.1204 72.4714 49.0000 32.3218 35.3151 54.4083
12590.0000 0.1252 72.6960 49.0000 32.0800 35.4146 54.7850
12591.0000 0.1224 72.7904 49.0000 32.0318 35.7634 54.7119
12592.0000 0.1211 72.7614 49.0000 32.4190 35.4360 54.6583
12593.0000 0.1165 72.6651 49.0000 32.4441 35.6730 54.3602
12594.0000 0.1181 72.6073 49.0000 32.3749 35.5665 54.3941
12595.0000 0.1152 72.6881 49.0000 32.8911 35.3379 54.3413
12596.0000 0.1108 72.3315 49.0000 32.7740 35.4643 53.8517
12597.0000 0.1147 72.3589 49.0000 32.8097 35.1466 54.0745
12598.0000 0.1207 72.6814 49.0000 32.5447 35.2676 54.5860
12599.0000 0.1185 72.7551 49.0000 32.6462 35.3968 54.5399
12600.0000 0.1165 72.4792 49.0000 32.6915 35.2441 54.2434
12601.0000 0.1207 72.6719 49.0000 32.3893 35.4178 54.5685
12602.0000 0.1182 72.8624 49.0000 32.6748 35.4949 54.6022
12603.0000 0.1221 72.8668 49.0000 32.1408 35.7497 54.7586
12604.0000 0.1209 72.9493 49.0000 32.4838 35.5668 54.7851
12605.0000 0.1227 72.7633 49.0000 32.3957 35.3415 54.7357
12606.0000 0.1183 72.7693 49.0000 32.6990 35.3779 54.5394
12607.0000 0.1159 72.6366 49.0000 32.7028 35.4269 54.3280
12608.0000 0.1151 72.8548 49.0000 33.0575 35.3326 54.4668
12609.0000 0.1167 73.0758 49.0000 32.9483 35.5299 54.7002
12610.0000 0.1139 72.6842 49.0000 32.7103 35.6190 54.2616
12611.0000 0.1164 72.8182 49.0000 32.7112 35.5562 54.4814
12612.0000 0.1128 72.7565 49.0000 32.7119 35.7766 54.2538
12613.0000 0.1130 72.5532 49.0000 32.6709 35.6087 54.1165
12614.0000 0.1073 72.3101 49.0000 32.6729 35.8245 53.6455
12615.0000 0.1094 72.3044 49.0000 32.5240 35.8061 53.7404
12616.0000 0.1097 72.5536 49.0000 32.8424 35.6949 53.9563
12617.0000 0.1122 72.5441 49.0000 32.7657 35.5664 54.0749
12618.0000 0.1214 72.6023 49.0000 32.2846 35.4075 54.5446
12619.0000 0.1135 72.5014 49.0000 32.5375 35.6540 54.0976
12620.0000 0.1210 72.9268 49.0000 32.5489 35.4738 54.7768
12621.0000 0.1172 73.2271 49.0000 33.0367 35.5511 54.8352
12622.0000 0.1187 73.2440 49.0000 33.1951 35.2874 54.9324
12623.0000 0.1223 73.4822 49.0000 33.1884 35.2460 55.2800
12624.0000 0.1176 73.3855 49.0000 33.4159 35.2768 54.9942
12625.0000 0.1208 73.4516 49.0000 33.5662 34.9442 55.2028
12626.0000 0.1260 73.6616 49.0000 33.3737 34.9395 55.6010
12627.0000 0.1221 73.4994 49.0000 33.6015 34.8544 55.3017
12628.0000 0.1244 73.6419 49.0000 33.6878 34.7245 55.5200
12629.0000 0.1207 73.4508 49.0000 33.6693 34.8478 55.1998
12630.0000 0.1181 73.5354 49.0000 33.9164 34.8781 55.1420
12631.0000 0.1134 73.3962 49.0000 33.9550 35.0700 54.8101
12632.0000 0.1142 73.5790 49.0000 33.8705 35.2626 54.9837
12633.0000 0.1163 73.8526 49.0000 33.9527 35.2779 55.2891
12634.0000 0.1225 74.2817 49.0000 33.8662 35.2866 55.9080
12635.0000 0.1153 74.1853 49.0000 34.2036 35.4177 55.4902
12636.0000 0.1108 73.9129 49.0000 33.9872 35.7316 55.0567
12637.0000 0.1078 73.9718 49.0000 34.2066 35.8031 54.9534
12638.0000 0.1135 73.9619 49.0000 33.9674 35.5877 55.2277
12639.0000 0.1248 74.4778 49.0000 33.6618 35.5044 56.1540
12640.0000 0.1191 74.5434 49.0000 33.8489 35.8115 55.9331
12641.0000 0.1161 74.3323 49.0000 33.9867 35.7101 55.6326
12642.0000 0.1155 74.3438 49.0000 33.6533 36.1106 55.5922
12643.0000 0.1095 74.1141 49.0000 33.7293 36.2880 55.1218
12644.0000 0.1112 73.9879 49.0000 33.8125 35.9462 55.1253
12645.0000 0.1152 74.0846 49.0000 33.6567 35.8797 55.3932
12646.0000 0.1232 74.3231 49.0000 33.6448 35.4969 55.9635
12647.0000 0.1237 74.5613 49.0000 33.2475 36.0886 56.1391
12648.0000 0.1265 74.7287 49.0000 33.4950 35.7745 56.4149
12649.0000 0.1265 74.5762 49.0000 33.5563 35.5734 56.3038
12650.0000 0.1329 74.8504 49.0000 33.4252 35.4743 56.8059
12651.0000 0.1327 74.9896 49.0000 33.4489 35.5983 56.8979
12652.0000 0.1291 75.0550 49.0000 33.4558 35.9244 56.7750
12653.0000 0.1286 74.8471 49.0000 33.2652 35.9636 56.5874
12654.0000 0.1345 74.9178 49.0000 33.2600 35.5889 56.9199
12655.0000 0.1340 75.1761 49.0000 33.2041 35.9158 57.0876
12656.0000 0.1335 75.2012 49.0000 33.4853 35.6985 57.0927
12657.0000 0.1312 75.0823 49.0000 33.5492 35.6937 56.9013
12658.0000 0.1384 75.2672 49.0000 33.3296 35.5502 57.3627
12659.0000 0.1345 75.1993 49.0000 33.0889 36.0226 57.1177
12660.0000 0.1407 75.2263 49.0000 32.9707 35.6990 57.4240
12661.0000 0.1359 75.0167 49.0000 32.6994 36.1395 57.0280
12662.0000 0.1362 74.8468 49.0000 32.8406 35.8192 56.9256
12663.0000 0.1341 74.6314 49.0000 32.5940 36.0292 56.6514
12664.0000 0.1353 74.5319 49.0000 32.9268 35.5075 56.6572
12665.0000 0.1365 74.6861 49.0000 33.2149 35.2718 56.8391
12666.0000 0.1286 74.3140 49.0000 33.1834 35.5439 56.1967
12667.0000 0.1335 74.4242 49.0000 32.9247 35.5459 56.4927
12668.0000 0.1236 74.4038 49.0000 33.3215 35.8755 56.0227
12669.0000 0.1281 74.5561 49.0000 33.2690 35.7246 56.3519
12670.0000 0.1285 74.7350 49.0000 33.3816 35.7492 56.5065
12671.0000 0.1250 74.7556 49.0000 33.6934 35.7160 56.3695
12672.0000 0.1283 75.0331 49.0000 33.6389 35.7790 56.7297
12673.0000 0.1253 74.8311 49.0000 33.3251 36.1373 56.4200
12674.0000 0.1172 74.6672 49.0000 33.7412 36.1925 55.9180
12675.0000 0.1162 74.6488 49.0000 34.0257 35.9584 55.8721
12676.0000 0.1172 74.6816 49.0000 34.0631 35.8774 55.9451
12677.0000 0.1173 74.6267 49.0000 34.2095 35.6692 55.9156
12678.0000 0.1130 74.6724 49.0000 34.1604 36.1044 55.7270
12679.0000 0.1158 74.5342 49.0000 33.9046 36.0088 55.7602
12680.0000 0.1209 74.7478 49.0000 33.8878 35.8300 56.1699
12681.0000 0.1197 74.5336 49.0000 33.7838 35.8246 55.9509
12682.0000 0.1237 74.7371 49.0000 33.9758 35.5095 56.3059
12683.0000 0.1248 74.7797 49.0000 33.7184 35.7306 56.3772
12684.0000 0.1179 74.4901 49.0000 33.8764 35.8274 55.8351
12685.0000 0.1203 74.7168 49.0000 33.6448 36.0890 56.1089
12686.0000 0.1235 74.7939 49.0000 33.7021 35.8601 56.3236
12687.0000 0.1165 74.5853 49.0000 34.0599 35.8451 55.8393
12688.0000 0.1238 74.6523 49.0000 33.9054 35.4989 56.2425
12689.0000 0.1260 74.9105 49.0000 33.9439 35.5312 56.5414
12690.0000 0.1293 74.9201 49.0000 33.7456 35.4918 56.6974
12691.0000 0.1260 74.6931 49.0000 33.6896 35.5849 56.3718
12692.0000 0.1238 74.5074 49.0000 33.7460 35.5218 56.1317
12693.0000 0.1244 74.7719 49.0000 33.6892 35.7806 56.3526
12694.0000 0.1205 74.4938 49.0000 33.9049 35.5996 55.9683
12695.0000 0.1265 74.9066 49.0000 33.9672 35.4665 56.5628
12696.0000 0.1251 74.8629 49.0000 34.0782 35.4190 56.4679
12697.0000 0.1270 74.7452 49.0000 33.8196 35.4226 56.4652
12698.0000 0.1226 74.4866 49.0000 34.0439 35.2947 56.0674
12699.0000 0.1226 74.6141 49.0000 34.2083 35.2447 56.1683
12700.0000 0.1285 74.8632 49.0000 33.8672 35.3752 56.6225
12701.0000 0.1270 74.9151 49.0000 33.8240 35.5768 56.5906
12702.0000 0.1334 74.9249 49.0000 33.7405 35.1934 56.8924
12703.0000 0.1290 74.7211 49.0000 33.6527 35.4248 56.5317
12704.0000 0.1264 74.6464 49.0000 33.9890 35.2129 56.3638
12705.0000 0.1292 74.6902 49.0000 33.7297 35.3013 56.5222
12706.0000 0.1276 74.5893 49.0000 33.8860 35.1709 56.3765
12707.0000 0.1272 74.5195 49.0000 33.7099 35.3147 56.2998
12708.0000 0.1321 74.6890 49.0000 33.5000 35.3105 56.6512
12709.0000 0.1276 74.2935 49.0000 33.5323 35.2493 56.1481
12710.0000 0.1232 74.3650 49.0000 34.1134 35.0670 56.0065
12711.0000 0.1298 74.5360 49.0000 33.6572 35.1855 56.4339
12712.0000 0.1257 74.2436 49.0000 33.8080 35.0683 56.0299
12713.0000 0.1275 74.0857 49.0000 33.6866 34.9084 55.9938
12714.0000 0.1221 74.1734 49.0000 33.8420 35.2420 55.8069
12715.0000 0.1223 74.1550 49.0000 33.7820 35.2720 55.7999
12716.0000 0.1254 74.6856 49.0000 33.6537 35.6616 56.3349
12717.0000 0.1196 74.5741 49.0000 34.1477 35.5005 55.9906
12718.0000 0.1187 74.6303 49.0000 34.2479 35.5212 55.9911
12719.0000 0.1201 74.3886 49.0000 33.7435 35.7007 55.8614
12720.0000 0.1225 74.7267 49.0000 33.7326 35.8390 56.2295
12721.0000 0.1204 74.4954 49.0000 33.5662 35.9590 55.9448
12722.0000 0.1249 74.7002 49.0000 33.5961 35.7717 56.3188
12723.0000 0.1219 74.9607 49.0000 34.0385 35.7995 56.3816
12724.0000 0.1366 75.3780 49.0000 33.3616 35.7524 57.3639
12725.0000 0.1337 75.4467 49.0000 33.5125 35.8814 57.2857
12726.0000 0.1336 75.6314 49.0000 33.4061 36.1665 57.4118
12727.0000 0.1349 75.5829 49.0000 33.4939 35.9314 57.4445
12728.0000 0.1339 75.3853 49.0000 33.7058 35.6118 57.2596
12729.0000 0.1286 75.3008 49.0000 33.8133 35.8243 56.9516
12730.0000 0.1242 75.3090 49.0000 34.0495 35.9333 56.7527
12731.0000 0.1299 75.7208 49.0000 33.7944 36.1368 57.3211
12732.0000 0.1235 75.8722 49.0000 33.9990 36.5643 57.1289
12733.0000 0.1235 75.6318 49.0000 33.9574 36.3870 56.9478
12734.0000 0.1185 75.2156 49.0000 34.5452 35.7931 56.4169
12735.0000 0.1235 75.2651 49.0000 34.3036 35.6876 56.6966
12736.0000 0.1225 75.3132 49.0000 34.3430 35.7699 56.6846
12737.0000 0.1250 75.4397 49.0000 34.5951 35.4459 56.9027
12738.0000 0.1271 75.4509 49.0000 34.5284 35.3587 57.0122
12739.0000 0.1221 75.4291 49.0000 34.3885 35.8680 56.7491
12740.0000 0.1227 75.4325 49.0000 34.5580 35.6487 56.7889
12741.0000 0.1195 75.3981 49.0000 34.5995 35.8256 56.6063
12742.0000 0.1175 75.5903 49.0000 34.8099 35.9505 56.6544
12743.0000 0.1221 75.6485 49.0000 34.6837 35.7713 56.9224
12744.0000 0.1130 75.4102 49.0000 34.9686 35.9769 56.2988
12745.0000 0.1209 75.8106 49.0000 34.8370 35.8660 56.9847
12746.0000 0.1181 75.4161 49.0000 34.5924 35.9596 56.5497
12747.0000 0.1114 75.5336 49.0000 34.6745 36.5204 56.2963
12748.0000 0.1166 75.5753 49.0000 35.0125 35.8085 56.5995
12749.0000 0.1161 75.7503 49.0000 34.8599 36.1662 56.7001
12750.0000 0.1140 75.8723 49.0000 35.0011 36.3072 56.6861
12751.0000 0.1183 75.9544 49.0000 35.0743 35.9629 56.9696
12752.0000 0.1206 75.7186 49.0000 34.8573 35.7788 56.9048
12753.0000 0.1232 75.7273 49.0000 34.5906 35.8558 57.0305
12754.0000 0.1164 75.9385 49.0000 34.9501 36.2261 56.8578
12755.0000 0.1126 76.2407 49.0000 35.0262 36.7410 56.8850
12756.0000 0.1114 75.8995 49.0000 35.0502 36.4926 56.5730
12757.0000 0.1156 75.9001 49.0000 35.0908 36.1138 56.7913
12758.0000 0.1113 75.6408 49.0000 34.7686 36.5418 56.3682
12759.0000 0.1133 75.6673 49.0000 34.6525 36.5240 56.4867
12760.0000 0.1121 75.3603 49.0000 34.9209 36.0514 56.2139
12761.0000 0.1119 75.3546 49.0000 35.1052 35.8818 56.2000
12762.0000 0.1120 75.4460 49.0000 35.0654 35.9976 56.2733
12763.0000 0.1194 75.4341 49.0000 34.6042 35.8639 56.6272
12764.0000 0.1176 75.6160 49.0000 34.8846 35.8934 56.6790
12765.0000 0.1148 75.6211 49.0000 35.1634 35.8413 56.5463
12766.0000 0.1163 75.6366 49.0000 35.2851 35.6155 56.6339
12767.0000 0.1205 75.5692 49.0000 34.8753 35.6329 56.7866
12768.0000 0.1254 76.0009 49.0000 34.7020 35.8288 57.3428
12769.0000 0.1227 76.0201 49.0000 34.6471 36.1111 57.2242
12770.0000 0.1264 76.1087 49.0000 34.6278 35.9237 57.4712
12771.0000 0.1246 76.0681 49.0000 34.5297 36.1274 57.3487
12772.0000 0.1257 76.2056 49.0000 34.3802 36.3215 57.4983
12773.0000 0.1256 76.0673 49.0000 34.4406 36.1360 57.3956
12774.0000 0.1279 75.9382 49.0000 34.5097 35.7691 57.4131
12775.0000 0.1358 76.1296 49.0000 34.1297 35.7314 57.9150
12776.0000 0.1259 75.9258 49.0000 34.4074 36.0183 57.3022
12777.0000 0.1290 75.9594 49.0000 34.4833 35.7300 57.4814
12778.0000 0.1291 75.9192 49.0000 34.3248 35.8485 57.4492
12779.0000 0.1282 75.9008 49.0000 34.5091 35.7113 57.4000
12780.0000 0.1275 75.7534 49.0000 34.2553 35.8847 57.2489
12781.0000 0.1248 75.6235 49.0000 34.2608 35.9687 57.0208
12782.0000 0.1284 76.0019 49.0000 34.1205 36.1830 57.4706
12783.0000 0.1217 75.9142 49.0000 34.4925 36.2457 57.0918
12784.0000 0.1189 75.6911 49.0000 34.3497 36.4016 56.7817
12785.0000 0.1269 75.9371 49.0000 34.3120 36.0425 57.3591
12786.0000 0.1164 75.4749 49.0000 34.3904 36.3597 56.4955
12787.0000 0.1196 75.5206 49.0000 34.3020 36.2347 56.6902
12788.0000 0.1180 75.6671 49.0000 34.2299 36.5770 56.7093
12789.0000 0.1148 75.6522 49.0000 34.4846 36.5529 56.5505
12790.0000 0.1179 75.5784 49.0000 34.1725 36.5535 56.6407
12791.0000 0.1183 75.5145 49.0000 34.1899 36.4447 56.6152
12792.0000 0.1169 75.0562 49.0000 33.8744 36.4454 56.1933
12793.0000 0.1166 75.1782 49.0000 33.8707 36.5864 56.2670
12794.0000 0.1175 75.1784 49.0000 33.9713 36.4129 56.3191
12795.0000 0.1201 75.1642 49.0000 33.8295 36.3434 56.4302
12796.0000 0.1159 74.6605 49.0000 33.7196 36.3077 55.8474
12797.0000 0.1094 74.4708 49.0000 33.5441 36.8303 55.3554
12798.0000 0.1151 74.6833 49.0000 33.3324 36.7884 55.7957
12799.0000 0.1116 74.8484 49.0000 33.8373 36.7086 55.7656
12800.0000 0.1108 74.6290 49.0000 33.7388 36.6653 55.5593
12801.0000 0.1147 74.7830 49.0000 33.8841 36.3546 55.8811
12802.0000 0.1130 74.8965 49.0000 33.6201 36.8688 55.8557
12803.0000 0.1192 75.0181 49.0000 33.7064 36.4014 56.2719
12804.0000 0.1174 74.9592 49.0000 33.6637 36.5269 56.1375
12805.0000 0.1163 74.8691 49.0000 33.8087 36.3860 56.0215
12806.0000 0.1230 74.7906 49.0000 33.2845 36.3199 56.2729
12807.0000 0.1226 74.7893 49.0000 33.4780 36.1530 56.2639
12808.0000 0.1244 74.8213 49.0000 33.6374 35.8788 56.3867
12809.0000 0.1264 74.7659 49.0000 33.4832 35.8355 56.4325
12810.0000 0.1281 74.4873 49.0000 33.1681 35.7632 56.2959
12811.0000 0.1218 74.4199 49.0000 33.4221 35.9208 55.9551
12812.0000 0.1305 75.0330 49.0000 33.3470 35.9081 56.8202
12813.0000 0.1203 74.5785 49.0000 33.7265 35.8782 56.0110
12814.0000 0.1212 74.4872 49.0000 33.6561 35.7940 55.9858
12815.0000 0.1165 74.4265 49.0000 33.8331 35.9248 55.7138
12816.0000 0.1220 74.4089 49.0000 33.6377 35.6822 55.9640
12817.0000 0.1270 74.6147 49.0000 33.4314 35.6979 56.3503
12818.0000 0.1234 74.7114 49.0000 33.5361 35.9549 56.2527
12819.0000 0.1256 74.7469 49.0000 33.3591 36.0023 56.3747
12820.0000 0.1231 74.3312 49.0000 33.3936 35.7717 55.9498
12821.0000 0.1246 74.2871 49.0000 33.4010 35.6077 55.9914
12822.0000 0.1215 74.1580 49.0000 33.4594 35.6639 55.7491
12823.0000 0.1191 74.1726 49.0000 33.3828 35.9395 55.6374
12824.0000 0.1230 74.4054 49.0000 33.0326 36.2174 55.9760
12825.0000 0.1158 74.4339 49.0000 33.3643 36.4679 55.6535
12826.0000 0.1121 74.2833 49.0000 33.1649 36.8202 55.3388
12827.0000 0.1198 74.5274 49.0000 32.9554 36.6558 55.8984
12828.0000 0.1159 74.7489 49.0000 33.5370 36.5814 55.8970
12829.0000 0.1207 74.8664 49.0000 33.4992 36.3471 56.2288
12830.0000 0.1195 74.8388 49.0000 33.3803 36.5390 56.1383
12831.0000 0.1212 74.5746 49.0000 33.2525 36.2885 56.0249
12832.0000 0.1132 74.5106 49.0000 33.4382 36.6728 55.5772
12833.0000 0.1092 74.7589 49.0000 33.7047 36.9578 55.5608
12834.0000 0.1103 74.5933 49.0000 33.4850 36.9349 55.4863
12835.0000 0.1114 74.6425 49.0000 33.5705 36.8020 55.5890
12836.0000 0.1102 74.4428 49.0000 33.5902 36.6878 55.3845
12837.0000 0.1106 74.5351 49.0000 33.7365 36.6001 55.4776
12838.0000 0.1084 74.7435 49.0000 33.8617 36.8473 55.5179
12839.0000 0.1068 74.7625 49.0000 33.8157 37.0395 55.4437
12840.0000 0.1108 74.9621 49.0000 33.9515 36.7697 55.8087
12841.0000 0.1152 75.0946 49.0000 33.8021 36.6935 56.1266
12842.0000 0.1124 74.6410 49.0000 33.6995 36.5915 55.6479
12843.0000 0.1138 74.9127 49.0000 33.8153 36.6183 55.9243
12844.0000 0.1138 74.7031 49.0000 33.8247 36.4057 55.7770
12845.0000 0.1117 74.6156 49.0000 33.9242 36.3889 55.6101
12846.0000 0.1139 74.7275 49.0000 33.8134 36.4327 55.7989
12847.0000 0.1095 74.5722 49.0000 34.0225 36.4249 55.4681
12848.0000 0.1103 74.6399 49.0000 33.9546 36.4928 55.5561
12849.0000 0.1134 74.8799 49.0000 34.1155 36.3086 55.9001
12850.0000 0.1070 75.0082 49.0000 34.2406 36.8209 55.6599
12851.0000 0.1113 75.0501 49.0000 33.9215 36.8383 55.8998
12852.0000 0.1067 74.9689 49.0000 34.0335 37.0235 55.5997
12853.0000 0.1092 75.1795 49.0000 33.9908 37.0626 55.8833
12854.0000 0.1168 75.2086 49.0000 33.8135 36.6619 56.2929
12855.0000 0.1144 74.9926 49.0000 33.7189 36.7460 56.0060
12856.0000 0.1116 74.8602 49.0000 33.6684 36.8989 55.7580
12857.0000 0.1128 75.0118 49.0000 33.8789 36.7260 55.9481
12858.0000 0.1102 75.0331 49.0000 33.8867 36.9546 55.8213
12859.0000 0.1138 75.0207 49.0000 33.9242 36.6083 56.0097
12860.0000 0.1084 75.2427 49.0000 33.7637 37.4313 55.8604
12861.0000 0.1041 75.1561 49.0000 33.8708 37.5957 55.5676
12862.0000 0.1083 75.2254 49.0000 33.6619 37.5233 55.8367
12863.0000 0.1050 75.0595 49.0000 33.8257 37.4713 55.5487
12864.0000 0.1079 75.0632 49.0000 33.8166 37.2373 55.7163
12865.0000 0.1086 74.9585 49.0000 33.7997 37.0965 55.6795
12866.0000 0.1143 74.9831 49.0000 33.3804 37.0924 55.9675
12867.0000 0.1184 75.3007 49.0000 33.2149 37.2322 56.3979
12868.0000 0.1216 75.7841 49.0000 33.3243 37.3287 56.9148
12869.0000 0.1176 75.8605 49.0000 33.3276 37.7200 56.7564
12870.0000 0.1188 75.7764 49.0000 33.4962 37.3636 56.7805
12871.0000 0.1145 75.5308 49.0000 33.5740 37.3982 56.3831
12872.0000 0.1196 75.8224 49.0000 33.7826 37.0470 56.8796
12873.0000 0.1205 76.1789 49.0000 34.0315 37.0622 57.1969
12874.0000 0.1197 75.6694 49.0000 33.8308 36.8490 56.7757
12875.0000 0.1217 75.5299 49.0000 33.8222 36.5686 56.7764
12876.0000 0.1224 75.8203 49.0000 34.0414 36.5622 57.0360
12877.0000 0.1180 75.6639 49.0000 33.9747 36.8332 56.6927
12878.0000 0.1260 75.9948 49.0000 33.7282 36.7634 57.3243
12879.0000 0.1226 75.8702 49.0000 33.7543 36.8869 57.0639
12880.0000 0.1211 75.9789 49.0000 33.7989 37.0621 57.0686
12881.0000 0.1257 75.9847 49.0000 33.6182 36.8894 57.2945
12882.0000 0.1263 76.1039 49.0000 33.3337 37.2476 57.3871
12883.0000 0.1291 76.1464 49.0000 33.1254 37.2753 57.5460
12884.0000 0.1245 76.0912 49.0000 33.3668 37.3379 57.2923
12885.0000 0.1232 75.9831 49.0000 33.3147 37.3991 57.1390
12886.0000 0.1273 76.1617 49.0000 33.0179 37.5432 57.4538
12887.0000 0.1285 76.1181 49.0000 33.1414 37.2842 57.4934
12888.0000 0.1203 75.8360 49.0000 33.4298 37.3706 56.8945
12889.0000 0.1300 76.1242 49.0000 33.3822 36.9224 57.5957
12890.0000 0.1276 75.8665 49.0000 33.4508 36.8022 57.2919
12891.0000 0.1315 75.8571 49.0000 33.2601 36.6863 57.4646
12892.0000 0.1324 76.0736 49.0000 33.4936 36.5811 57.6818
12893.0000 0.1359 76.0538 49.0000 32.9135 36.8841 57.7966
12894.0000 0.1309 76.0252 49.0000 33.1183 37.0309 57.5476
12895.0000 0.1257 75.9890 49.0000 32.8509 37.6762 57.2333
12896.0000 0.1197 75.8139 49.0000 32.7621 38.0860 56.7789
12897.0000 0.1226 75.6763 49.0000 32.9449 37.5372 56.8550
12898.0000 0.1236 75.7288 49.0000 32.8619 37.5899 56.9380
12899.0000 0.1186 75.5078 49.0000 32.8787 37.7620 56.5194
12900.0000 0.1181 75.4861 49.0000 32.8675 37.7970 56.4736
12901.0000 0.1200 75.3239 49.0000 32.6006 37.7674 56.4315
12902.0000 0.1196 75.5090 49.0000 32.7320 37.8370 56.5560
12903.0000 0.1130 75.3110 49.0000 32.9528 37.9586 56.0803
12904.0000 0.1218 75.5642 49.0000 32.6329 37.8130 56.7029
12905.0000 0.1221 75.5447 49.0000 32.2113 38.2153 56.6482
12906.0000 0.1198 75.6103 49.0000 32.6150 38.0378 56.6242
12907.0000 0.1229 75.7401 49.0000 33.0698 37.4415 56.9306
12908.0000 0.1186 75.8628 49.0000 33.2640 37.7059 56.8061
12909.0000 0.1111 75.5785 49.0000 33.4215 37.8854 56.2122
12910.0000 0.1108 75.4384 49.0000 33.4838 37.7086 56.1057
12911.0000 0.1108 75.5289 49.0000 33.1230 38.1737 56.1272
12912.0000 0.1151 75.4186 49.0000 32.8503 37.9929 56.2616
12913.0000 0.1147 75.5417 49.0000 32.9555 38.0351 56.3366
12914.0000 0.1150 75.6412 49.0000 33.0141 38.0433 56.4303
12915.0000 0.1241 75.7158 49.0000 32.9515 37.4482 56.9624
12916.0000 0.1215 75.6896 49.0000 32.8976 37.6814 56.8047
12917.0000 0.1257 75.7505 49.0000 32.8230 37.4854 57.0582
12918.0000 0.1273 75.9539 49.0000 32.9439 37.4214 57.3004
12919.0000 0.1308 76.2789 49.0000 33.1089 37.2818 57.7263
12920.0000 0.1261 76.2342 49.0000 32.9800 37.7481 57.4374
12921.0000 0.1250 76.3415 49.0000 33.0518 37.8569 57.4670
12922.0000 0.1273 76.3132 49.0000 33.0659 37.6386 57.5646
12923.0000 0.1185 76.0077 49.0000 33.2581 37.8594 56.9011
12924.0000 0.1232 76.2714 49.0000 33.1874 37.8022 57.3315
12925.0000 0.1280 76.3516 49.0000 32.9229 37.7617 57.6169
12926.0000 0.1298 76.8380 49.0000 33.1444 37.8526 58.0750
12927.0000 0.1299 76.6916 49.0000 32.6557 38.2117 57.9230
12928.0000 0.1317 76.7037 49.0000 32.6746 38.0566 58.0303
12929.0000 0.1289 76.7538 49.0000 32.7640 38.2326 57.9304
12930.0000 0.1245 76.6357 49.0000 32.9425 38.2955 57.6305
12931.0000 0.1237 76.6994 49.0000 33.2798 38.0658 57.6737
12932.0000 0.1261 76.9382 49.0000 33.5076 37.8656 57.9908
12933.0000 0.1228 76.8984 49.0000 33.2278 38.3823 57.7587
12934.0000 0.1255 76.7697 49.0000 33.2886 37.9764 57.8208
12935.0000 0.1215 76.6919 49.0000 33.5107 38.0004 57.5730
12936.0000 0.1307 76.8542 49.0000 33.2967 37.6385 58.1484
12937.0000 0.1379 77.4160 49.0000 33.1874 37.7071 58.9068
12938.0000 0.1340 77.2744 49.0000 33.5400 37.5253 58.6366
12939.0000 0.1268 77.1864 49.0000 33.6575 37.8908 58.2169
12940.0000 0.1251 77.2449 49.0000 33.8172 37.9120 58.1881
12941.0000 0.1217 77.0760 49.0000 33.7421 38.1048 57.8809
12942.0000 0.1268 77.1258 49.0000 33.7959 37.6871 58.1885
12943.0000 0.1353 77.4093 49.0000 33.5009 37.5855 58.7981
12944.0000 0.1351 77.1048 49.0000 33.3442 37.4807 58.5535
12945.0000 0.1384 77.5254 49.0000 33.6132 37.3394 59.0433
12946.0000 0.1345 77.1864 49.0000 33.3391 37.6060 58.5835
12947.0000 0.1410 77.3018 49.0000 33.1761 37.3781 58.9729
12948.0000 0.1373 77.1517 49.0000 33.2859 37.4140 58.6909
12949.0000 0.1299 77.0390 49.0000 33.7163 37.4454 58.2758
12950.0000 0.1314 77.0674 49.0000 33.1804 37.9006 58.3265
12951.0000 0.1287 76.7218 49.0000 33.3325 37.6357 57.9546
12952.0000 0.1329 76.5337 49.0000 32.9627 37.5094 57.9992
12953.0000 0.1341 76.5630 49.0000 33.1809 37.2226 58.0982
12954.0000 0.1355 76.4420 49.0000 33.2867 36.8909 58.0899
12955.0000 0.1329 76.2786 49.0000 33.1345 37.0990 57.8290
12956.0000 0.1299 76.2674 49.0000 33.4998 36.9448 57.7023
12957.0000 0.1294 76.6736 49.0000 33.3256 37.5400 57.9568
12958.0000 0.1248 76.3798 49.0000 33.7024 37.2408 57.5425
12959.0000 0.1252 76.1129 49.0000 33.6766 36.9869 57.3675
12960.0000 0.1316 76.2008 49.0000 33.1385 37.1227 57.7089
12961.0000 0.1322 76.3243 49.0000 33.1667 37.1592 57.8323
12962.0000 0.1315 76.3690 49.0000 33.4286 36.9887 57.8497
12963.0000 0.1306 75.9955 49.0000 33.3926 36.7501 57.5299
12964.0000 0.1333 76.0038 49.0000 33.4882 36.4502 57.6758
12965.0000 0.1297 75.8811 49.0000 33.7414 36.3535 57.4272
12966.0000 0.1345 75.6738 49.0000 33.6136 35.9304 57.4947
12967.0000 0.1307 75.5574 49.0000 33.6443 36.0808 57.2290
12968.0000 0.1322 75.4564 49.0000 33.3638 36.1518 57.2152
12969.0000 0.1234 74.9842 49.0000 33.6433 36.1041 56.4558
12970.0000 0.1256 75.2722 49.0000 33.6271 36.2184 56.7747
12971.0000 0.1306 75.3041 49.0000 33.5890 35.9086 57.0355
12972.0000 0.1261 75.2731 49.0000 33.9209 35.8853 56.8124
12973.0000 0.1304 75.5843 49.0000 34.0591 35.7046 57.2551
12974.0000 0.1267 75.5903 49.0000 34.1262 35.9262 57.0841
12975.0000 0.1259 75.5919 49.0000 34.5340 35.5769 57.0599
12976.0000 0.1318 75.7182 49.0000 33.9940 35.7909 57.4166
12977.0000 0.1286 75.7167 49.0000 33.9381 36.0877 57.2617
12978.0000 0.1330 75.9993 49.0000 33.8930 36.0607 57.6782
12979.0000 0.1330 76.3679 49.0000 33.6880 36.6081 57.9398
12980.0000 0.1266 76.3611 49.0000 34.0508 36.7322 57.6394
12981.0000 0.1236 76.0110 49.0000 34.1712 36.5137 57.2429
12982.0000 0.1276 76.2577 49.0000 34.1099 36.4960 57.6177
12983.0000 0.1226 76.3521 49.0000 34.3454 36.7340 57.4513
12984.0000 0.1255 76.5323 49.0000 33.8177 37.2159 57.6934
12985.0000 0.1323 76.4091 49.0000 33.9273 36.4555 57.9508
12986.0000 0.1379 76.2763 49.0000 33.4468 36.3914 58.0953
12987.0000 0.1297 76.1013 49.0000 33.7636 36.5372 57.5887
12988.0000 0.1343 76.1491 49.0000 33.7280 36.2631 57.8455
12989.0000 0.1312 75.8815 49.0000 33.7639 36.2158 57.5015
12990.0000 0.1265 75.6182 49.0000 33.7252 36.3735 57.0762
12991.0000 0.1225 75.1992 49.0000 33.4646 36.5600 56.5544
12992.0000 0.1198 74.9884 49.0000 33.3284 36.7132 56.2549
12993.0000 0.1209 75.4300 49.0000 33.5144 36.8483 56.6451
12994.0000 0.1186 75.2710 49.0000 33.7003 36.6952 56.4224
12995.0000 0.1200 75.0985 49.0000 33.6153 36.5083 56.3644
12996.0000 0.1220 75.2489 49.0000 33.7136 36.3928 56.5806
12997.0000 0.1226 75.0597 49.0000 33.5539 36.3317 56.4632
12998.0000 0.1250 75.3190 49.0000 33.7144 36.2193 56.7842
12999.0000 0.1274 75.3766 49.0000 33.4422 36.3683 56.9262
13000.0000 0.1238 75.2888 49.0000 33.5143 36.4928 56.6875
13001.0000 0.1273 75.3099 49.0000 33.4648 36.2909 56.8742
13002.0000 0.1285 75.4198 49.0000 33.1613 36.6108 56.9923
13003.0000 0.1221 75.4298 49.0000 33.3211 36.9567 56.6883
13004.0000 0.1254 75.5091 49.0000 33.1282 36.9669 56.8999
13005.0000 0.1225 75.9151 49.0000 33.6857 37.0069 57.0865
13006.0000 0.1198 75.8833 49.0000 33.8097 37.0659 56.9324
13007.0000 0.1247 76.1607 49.0000 33.8421 36.9021 57.3881
13008.0000 0.1194 76.0006 49.0000 34.3168 36.6895 57.0291
13009.0000 0.1188 75.7357 49.0000 34.0853 36.7244 56.7927
13010.0000 0.1175 75.6025 49.0000 34.4036 36.3725 56.6496
13011.0000 0.1153 75.4210 49.0000 34.1847 36.5998 56.3931
13012.0000 0.1202 75.3463 49.0000 33.9526 36.3768 56.5775
13013.0000 0.1221 75.5019 49.0000 33.9649 36.3637 56.7855
13014.0000 0.1265 75.6301 49.0000 33.7385 36.3690 57.0870
13015.0000 0.1200 75.6621 49.0000 33.8294 36.8152 56.7888
13016.0000 0.1245 75.6018 49.0000 33.6294 36.6083 56.9608
13017.0000 0.1136 75.6302 49.0000 34.0541 37.0698 56.4453
13018.0000 0.1093 75.4813 49.0000 34.0595 37.2728 56.1081
13019.0000 0.1132 75.6803 49.0000 33.6729 37.5430 56.4285
13020.0000 0.1150 75.6265 49.0000 33.7037 37.3164 56.4882
13021.0000 0.1186 75.6195 49.0000 33.2646 37.4742 56.6345
13022.0000 0.1171 75.4572 49.0000 33.5999 37.0957 56.4690
13023.0000 0.1204 75.7228 49.0000 33.3164 37.3681 56.8118
13024.0000 0.1173 75.4140 49.0000 33.4953 37.1395 56.4447
13025.0000 0.1216 75.3340 49.0000 33.7026 36.5117 56.6237
13026.0000 0.1225 75.6484 49.0000 33.7975 36.6383 56.9038
13027.0000 0.1256 75.6304 49.0000 33.6759 36.5056 57.0371
13028.0000 0.1254 75.5058 49.0000 33.4866 36.5964 56.9252
13029.0000 0.1218 75.5953 49.0000 33.8195 36.6240 56.8293
13030.0000 0.1245 75.3891 49.0000 33.6723 36.3726 56.8043
13031.0000 0.1211 75.5224 49.0000 33.6300 36.8009 56.7306
13032.0000 0.1222 75.7470 49.0000 33.6386 36.9221 56.9457
13033.0000 0.1217 75.9367 49.0000 33.8646 36.9078 57.0735
13034.0000 0.1153 75.7650 49.0000 34.1692 36.9459 56.6375
13035.0000 0.1181 75.7121 49.0000 34.1372 36.7000 56.7458
13036.0000 0.1175 75.6907 49.0000 34.1497 36.7187 56.6976
13037.0000 0.1186 75.8154 49.0000 34.1143 36.7860 56.8416
13038.0000 0.1174 75.7261 49.0000 34.3794 36.5239 56.7319
13039.0000 0.1129 75.8885 49.0000 34.4138 37.0042 56.6166
13040.0000 0.1181 75.8363 49.0000 34.2513 36.7070 56.8383
13041.0000 0.1179 76.1140 49.0000 34.1256 37.1119 57.0219
13042.0000 0.1188 76.0768 49.0000 34.2551 36.8674 57.0531
13043.0000 0.1184 76.0149 49.0000 34.1656 36.9329 56.9819
13044.0000 0.1168 75.9061 49.0000 34.2738 36.8531 56.8234
13045.0000 0.1144 75.6825 49.0000 34.0414 37.0737 56.5205
13046.0000 0.1145 75.5236 49.0000 34.2574 36.6887 56.4285
13047.0000 0.1130 75.2353 49.0000 33.9620 36.8410 56.1220
13048.0000 0.1061 75.3227 49.0000 34.1911 37.2559 55.8254
13049.0000 0.1071 75.0951 49.0000 34.2338 36.9038 55.7264
13050.0000 0.1087 75.1384 49.0000 33.8445 37.2166 55.8145
13051.0000 0.1101 74.9112 49.0000 33.8837 36.8424 55.7335
13052.0000 0.1071 75.1219 49.0000 34.0939 37.0772 55.7332
13053.0000 0.1081 75.1454 49.0000 33.8759 37.2452 55.7857
13054.0000 0.1049 74.9005 49.0000 33.7707 37.3814 55.4279
13055.0000 0.1029 74.6888 49.0000 34.0802 37.0181 55.1962
13056.0000 0.1093 74.7887 49.0000 34.1513 36.5175 55.6193
13057.0000 0.1064 74.5993 49.0000 34.3165 36.4023 55.3382
13058.0000 0.1076 74.5124 49.0000 33.9564 36.5900 55.3194
13059.0000 0.1100 74.2682 49.0000 33.7804 36.3406 55.2631
13060.0000 0.1139 74.5196 49.0000 33.8533 36.1970 55.6498
13061.0000 0.1201 74.4974 49.0000 33.7050 35.8420 55.9392
13062.0000 0.1153 74.5184 49.0000 33.9537 35.9852 55.7243
13063.0000 0.1144 74.8329 49.0000 34.0416 36.2660 55.9098
13064.0000 0.1152 74.8523 49.0000 34.1989 36.0588 55.9737
13065.0000 0.1177 74.9909 49.0000 33.8923 36.3027 56.1877
13066.0000 0.1195 74.9299 49.0000 33.8011 36.1969 56.2294
13067.0000 0.1151 74.8717 49.0000 33.9689 36.3142 55.9747
13068.0000 0.1191 75.0673 49.0000 34.0424 36.1099 56.3231
13069.0000 0.1228 75.2889 49.0000 33.9428 36.1347 56.6621
13070.0000 0.1182 75.1147 49.0000 33.8815 36.3928 56.3012
13071.0000 0.1237 75.4185 49.0000 33.9787 36.1436 56.8070
13072.0000 0.1245 75.3929 49.0000 34.1290 35.9060 56.8337
13073.0000 0.1197 75.2166 49.0000 33.9655 36.2833 56.4570
13074.0000 0.1215 75.2792 49.0000 33.9432 36.2205 56.5941
13075.0000 0.1177 75.2545 49.0000 34.0407 36.3989 56.3879
13076.0000 0.1159 75.1239 49.0000 33.8197 36.6476 56.1852
13077.0000 0.1209 75.3651 49.0000 34.0229 36.2740 56.6263
13078.0000 0.1225 75.4264 49.0000 34.0969 36.1277 56.7569
13079.0000 0.1257 75.5922 49.0000 34.1537 35.9764 57.0386
13080.0000 0.1246 75.3042 49.0000 34.0900 35.8589 56.7691
13081.0000 0.1227 75.1962 49.0000 34.0996 35.8942 56.5977
13082.0000 0.1240 75.2888 49.0000 33.8487 36.1319 56.7199
13083.0000 0.1272 75.3071 49.0000 33.5852 36.1702 56.8762
13084.0000 0.1214 75.1704 49.0000 33.8864 36.1908 56.5025
13085.0000 0.1275 75.0932 49.0000 33.7887 35.7447 56.7418
13086.0000 0.1240 74.7872 49.0000 33.3865 36.1321 56.3288
13087.0000 0.1257 74.6415 49.0000 33.4438 35.8068 56.3094
13088.0000 0.1333 75.0127 49.0000 33.1648 35.8611 56.9296
13089.0000 0.1277 74.9575 49.0000 33.1749 36.2230 56.6211
13090.0000 0.1251 74.8845 49.0000 33.2083 36.3237 56.4402
13091.0000 0.1204 74.5393 49.0000 33.2598 36.3115 55.9587
13092.0000 0.1208 74.3975 49.0000 33.3126 36.0889 55.8825
13093.0000 0.1238 74.2755 49.0000 33.0697 35.9925 55.9265
13094.0000 0.1264 74.5045 49.0000 33.2261 35.8516 56.2282
13095.0000 0.1314 74.6874 49.0000 32.8702 36.0015 56.5832
13096.0000 0.1308 74.6246 49.0000 32.8470 36.0112 56.5075
13097.0000 0.1272 74.6055 49.0000 33.0251 36.0891 56.3284
13098.0000 0.1200 74.4111 49.0000 33.2444 36.2345 55.8470
13099.0000 0.1193 74.4033 49.0000 33.1979 36.3315 55.8012
13100.0000 0.1189 74.4848 49.0000 33.0227 36.6186 55.8262
13101.0000 0.1146 74.4560 49.0000 33.5453 36.3934 55.6232
13102.0000 0.1220 74.6223 49.0000 33.3519 36.1710 56.1053
13103.0000 0.1195 74.5691 49.0000 33.5557 36.1060 55.9546
13104.0000 0.1198 74.3545 49.0000 33.1768 36.2683 55.7897
13105.0000 0.1231 74.5985 49.0000 33.0410 36.3765 56.1247
13106.0000 0.1211 74.5094 49.0000 33.2181 36.2742 55.9678
13107.0000 0.1213 74.3880 49.0000 33.0548 36.3107 55.8792
13108.0000 0.1286 74.5170 49.0000 32.7615 36.1664 56.3156
13109.0000 0.1230 74.5814 49.0000 32.8446 36.5755 56.0878
13110.0000 0.1216 74.6280 49.0000 32.8554 36.7112 56.0548
13111.0000 0.1198 74.4122 49.0000 32.7991 36.7070 55.8031
13112.0000 0.1184 74.2437 49.0000 32.6814 36.7863 55.5951
13113.0000 0.1255 74.5599 49.0000 32.6063 36.6047 56.1792
13114.0000 0.1206 74.2981 49.0000 32.9819 36.3497 55.7773
13115.0000 0.1213 74.2348 49.0000 33.0548 36.1601 55.7731
13116.0000 0.1218 74.2386 49.0000 33.1502 36.0296 55.8059
13117.0000 0.1242 74.2324 49.0000 32.7666 36.2312 55.8937
13118.0000 0.1248 74.2159 49.0000 32.8276 36.1083 55.9154
13119.0000 0.1266 74.2187 49.0000 32.7641 36.0360 56.0031
13120.0000 0.1208 74.5197 49.0000 33.2168 36.3031 55.9636
13121.0000 0.1196 74.9307 49.0000 33.1101 36.9011 56.1841
13122.0000 0.1180 74.7543 49.0000 33.3147 36.6454 55.9951
13123.0000 0.1222 74.7758 49.0000 32.8221 36.8388 56.1875
13124.0000 0.1221 74.4104 49.0000 32.4884 36.8462 55.8908
13125.0000 0.1242 74.7319 49.0000 32.9288 36.5333 56.2661
13126.0000 0.1211 74.7543 49.0000 33.0488 36.6762 56.1323
13127.0000 0.1249 74.9092 49.0000 33.1428 36.4286 56.4438
13128.0000 0.1119 74.5633 49.0000 33.3460 36.9240 55.5369
13129.0000 0.1085 74.6561 49.0000 33.5794 37.0454 55.4400
13130.0000 0.1145 75.0318 49.0000 33.5156 36.9834 56.0242
13131.0000 0.1124 74.9399 49.0000 33.5891 36.9883 55.8537
13132.0000 0.1136 74.9295 49.0000 33.7091 36.7628 55.9162
13133.0000 0.1218 75.0314 49.0000 33.2594 36.6676 56.3827
13134.0000 0.1182 74.7316 49.0000 33.0091 36.9260 55.9615
13135.0000 0.1251 74.9522 49.0000 33.2290 36.3677 56.4894
13136.0000 0.1231 74.9665 49.0000 33.1617 36.6042 56.3951
13137.0000 0.1258 74.9582 49.0000 32.8217 36.7304 56.5008
13138.0000 0.1231 74.7230 49.0000 32.9486 36.5893 56.2063
13139.0000 0.1278 74.9089 49.0000 32.8171 36.5362 56.5640
13140.0000 0.1288 74.8733 49.0000 32.9718 36.2690 56.5988
13141.0000 0.1304 74.6144 49.0000 32.8876 35.9908 56.4834
13142.0000 0.1312 75.0879 49.0000 32.9754 36.2787 56.8742
13143.0000 0.1248 74.4708 49.0000 33.0934 36.0764 56.1180
13144.0000 0.1245 74.3957 49.0000 32.8628 36.2647 56.0324
13145.0000 0.1306 74.9311 49.0000 32.6386 36.5225 56.7054
13146.0000 0.1243 74.6662 49.0000 32.7062 36.6946 56.2037
13147.0000 0.1243 74.5935 49.0000 32.6730 36.6562 56.1515
13148.0000 0.1273 74.8083 49.0000 32.9322 36.3612 56.4767
13149.0000 0.1251 74.8377 49.0000 32.9589 36.5317 56.3900
13150.0000 0.1261 74.5532 49.0000 33.1486 35.9945 56.2472
13151.0000 0.1204 74.2838 49.0000 33.5147 35.8105 55.7894
13152.0000 0.1252 74.6017 49.0000 33.6000 35.6491 56.2636
13153.0000 0.1204 74.5595 49.0000 33.6317 35.9497 55.9968
13154.0000 0.1238 74.5377 49.0000 33.4632 35.8347 56.1423
13155.0000 0.1205 74.2940 49.0000 33.2689 36.0610 55.7888
13156.0000 0.1200 74.1475 49.0000 33.2283 36.0071 55.6527
13157.0000 0.1222 74.3205 49.0000 33.4809 35.7388 55.9044
13158.0000 0.1263 74.2029 49.0000 33.4297 35.3699 56.0133
13159.0000 0.1215 73.8749 49.0000 33.1539 35.7076 55.5273
13160.0000 0.1193 73.9029 49.0000 33.3012 35.7502 55.4490
13161.0000 0.1190 73.6799 49.0000 33.1010 35.7720 55.2577
13162.0000 0.1214 73.8907 49.0000 32.8694 36.0174 55.5174
13163.0000 0.1241 73.9935 49.0000 33.0032 35.7731 55.7325
13164.0000 0.1278 74.3848 49.0000 33.0727 35.7882 56.2006
13165.0000 0.1233 74.2440 49.0000 33.3052 35.7603 55.8939
13166.0000 0.1197 74.3100 49.0000 33.2771 36.1312 55.7598
13167.0000 0.1220 74.3303 49.0000 33.1603 36.0908 55.8824
13168.0000 0.1226 74.3130 49.0000 33.2173 35.9700 55.9033
13169.0000 0.1256 74.0348 49.0000 33.2034 35.4930 55.8474
13170.0000 0.1250 74.1740 49.0000 33.2671 35.6041 55.9234
13171.0000 0.1206 74.2445 49.0000 33.2719 36.0028 55.7586
13172.0000 0.1225 74.3070 49.0000 33.0640 36.1303 55.8829
13173.0000 0.1236 74.2599 49.0000 33.2105 35.8498 55.9141
13174.0000 0.1311 74.3366 49.0000 32.8336 35.7375 56.3091
13175.0000 0.1280 74.3794 49.0000 33.0622 35.7742 56.2084
13176.0000 0.1277 74.2310 49.0000 33.1506 35.5733 56.0876
13177.0000 0.1274 74.1678 49.0000 33.1960 35.4916 56.0288
13178.0000 0.1357 74.3837 49.0000 32.8609 35.4096 56.5619
13179.0000 0.1306 74.5771 49.0000 33.5974 35.2234 56.5002
13180.0000 0.1300 74.5050 49.0000 33.3890 35.4120 56.4107
13181.0000 0.1292 74.2661 49.0000 33.1009 35.5394 56.1848
13182.0000 0.1269 73.9370 49.0000 33.1227 35.3878 55.8325
13183.0000 0.1261 73.9087 49.0000 33.1137 35.4265 55.7759
13184.0000 0.1251 73.7993 49.0000 33.0756 35.4387 55.6456
13185.0000 0.1285 73.7332 49.0000 32.6729 35.5312 55.7369
13186.0000 0.1251 73.7105 49.0000 32.5684 35.8737 55.5482
13187.0000 0.1288 73.9449 49.0000 32.6491 35.7292 55.9044
13188.0000 0.1346 74.1766 49.0000 32.8128 35.3465 56.3569
13189.0000 0.1330 74.1250 49.0000 32.8319 35.3984 56.2453
13190.0000 0.1351 74.3385 49.0000 32.8578 35.4155 56.5006
13191.0000 0.1400 74.7594 49.0000 32.9849 35.3126 57.0437
13192.0000 0.1392 74.7478 49.0000 32.8087 35.5343 56.9924
13193.0000 0.1419 75.3035 49.0000 32.7419 35.9154 57.5211
13194.0000 0.1432 75.2600 49.0000 32.6345 35.8908 57.5405
13195.0000 0.1368 75.2311 49.0000 32.9177 36.0522 57.2397
13196.0000 0.1389 75.4576 49.0000 32.8606 36.1604 57.5018
13197.0000 0.1378 75.3247 49.0000 33.0522 35.9221 57.3669
13198.0000 0.1344 75.1919 49.0000 33.1313 35.9747 57.1137
13199.0000 0.1302 74.7715 49.0000 33.0460 35.9936 56.5969
13200.0000 0.1338 74.8930 49.0000 33.0442 35.8324 56.8602
13201.0000 0.1338 75.0907 49.0000 33.2055 35.8504 57.0154
13202.0000 0.1367 75.2313 49.0000 32.6945 36.2834 57.2218
13203.0000 0.1338 75.5184 49.0000 32.7748 36.6912 57.2939
13204.0000 0.1355 75.6717 49.0000 33.0295 36.4382 57.5109
13205.0000 0.1392 75.7122 49.0000 32.8851 36.3467 57.7047
13206.0000 0.1456 75.6247 49.0000 32.7076 35.9671 57.9282
13207.0000 0.1424 75.5499 49.0000 32.6324 36.2123 57.7199
13208.0000 0.1448 75.6637 49.0000 32.6133 36.1633 57.9101
13209.0000 0.1415 75.4877 49.0000 32.5123 36.3420 57.6246
13210.0000 0.1445 75.5085 49.0000 32.4018 36.2521 57.7705
13211.0000 0.1503 75.6282 49.0000 32.1002 36.2405 58.1020
13212.0000 0.1488 75.5682 49.0000 32.2291 36.1702 57.9962
13213.0000 0.1559 75.7901 49.0000 32.3645 35.7173 58.4889
13214.0000 0.1577 75.6961 49.0000 32.3380 35.5330 58.4941
13215.0000 0.1545 75.6291 49.0000 32.2388 35.7969 58.3010
13216.0000 0.1550 75.3694 49.0000 32.1089 35.6562 58.1223
13217.0000 0.1551 75.2931 49.0000 31.8866 35.8072 58.0529
13218.0000 0.1539 75.5789 49.0000 32.1479 35.8865 58.2309
13219.0000 0.1515 75.3429 49.0000 32.1666 35.8306 57.9485
13220.0000 0.1465 75.0976 49.0000 32.0347 36.0992 57.5350
13221.0000 0.1529 75.3092 49.0000 31.9226 35.9413 57.9711
13222.0000 0.1630 75.7818 49.0000 31.7060 35.8643 58.7484
13223.0000 0.1541 75.6235 49.0000 32.3851 35.6759 58.2868
13224.0000 0.1558 75.6050 49.0000 32.5429 35.3769 58.3571
13225.0000 0.1500 75.5401 49.0000 32.5436 35.7350 58.0538
13226.0000 0.1516 75.6128 49.0000 32.3807 35.8498 58.1685
13227.0000 0.1473 75.3458 49.0000 32.2542 36.0506 57.7669
13228.0000 0.1457 75.2344 49.0000 32.2678 36.0533 57.6121
13229.0000 0.1468 75.3331 49.0000 32.3527 35.9731 57.7435
13230.0000 0.1476 75.4797 49.0000 31.9020 36.5054 57.8516
13231.0000 0.1464 75.3463 49.0000 32.0795 36.2920 57.7136
13232.0000 0.1466 75.2314 49.0000 32.4715 35.7790 57.6648
13233.0000 0.1446 74.9318 49.0000 32.5598 35.5628 57.3579
13234.0000 0.1494 75.4054 49.0000 32.8256 35.3777 57.9385
13235.0000 0.1510 75.4900 49.0000 32.5072 35.6576 58.0565
13236.0000 0.1452 75.4087 49.0000 32.7957 35.7143 57.7530
13237.0000 0.1411 75.0763 49.0000 33.0647 35.4365 57.3361
13238.0000 0.1469 75.0258 49.0000 32.7615 35.2725 57.5448
13239.0000 0.1507 74.9417 49.0000 32.1960 35.4926 57.6191
13240.0000 0.1559 75.6371 49.0000 32.4487 35.4947 58.3796
13241.0000 0.1473 75.3601 49.0000 32.7642 35.5493 57.8092
13242.0000 0.1500 75.4519 49.0000 32.7943 35.4080 57.9982
13243.0000 0.1464 75.2841 49.0000 32.9083 35.3961 57.7223
13244.0000 0.1531 75.4104 49.0000 32.4055 35.5340 58.0857
13245.0000 0.1552 76.1163 49.0000 32.9644 35.4594 58.7338
13246.0000 0.1521 76.1085 49.0000 32.8903 35.7504 58.5888
13247.0000 0.1567 76.2793 49.0000 32.7912 35.6736 58.9124
13248.0000 0.1508 76.1663 49.0000 33.1536 35.6348 58.5859
13249.0000 0.1478 76.0720 49.0000 33.5962 35.3242 58.3991
13250.0000 0.1438 75.9424 49.0000 33.4661 35.6302 58.1185
13251.0000 0.1383 75.8340 49.0000 33.6063 35.7992 57.7913
13252.0000 0.1437 75.8117 49.0000 33.4515 35.5285 58.0184
13253.0000 0.1457 75.8198 49.0000 33.0489 35.8002 58.0927
13254.0000 0.1445 75.4323 49.0000 32.7517 35.8334 57.7350
13255.0000 0.1452 75.6782 49.0000 33.0757 35.6761 57.9691
13256.0000 0.1521 75.9105 49.0000 32.9233 35.5423 58.4398
13257.0000 0.1506 75.6677 49.0000 32.9909 35.3571 58.1987
13258.0000 0.1459 75.6805 49.0000 33.4512 35.2505 58.0169
13259.0000 0.1479 75.4290 49.0000 33.1932 35.1359 57.9069
13260.0000 0.1526 75.6136 49.0000 33.1437 35.0102 58.2512
13261.0000 0.1489 75.6425 49.0000 33.2985 35.1504 58.1158
13262.0000 0.1509 75.6365 49.0000 33.0272 35.2702 58.1902
13263.0000 0.1521 75.5453 49.0000 33.1056 35.0232 58.1764
13264.0000 0.1567 75.9044 49.0000 32.9088 35.2166 58.6369
13265.0000 0.1612 75.6475 49.0000 32.5580 35.0172 58.6202
13266.0000 0.1647 75.6571 49.0000 32.5419 34.7981 58.7716
13267.0000 0.1681 75.5522 49.0000 32.5652 34.4455 58.8315
13268.0000 0.1683 75.2690 49.0000 32.3701 34.3738 58.6177
13269.0000 0.1646 75.3006 49.0000 32.6855 34.3433 58.5011
13270.0000 0.1638 75.5799 49.0000 33.0238 34.3086 58.6913
13271.0000 0.1645 75.4871 49.0000 32.7137 34.4920 58.6381
13272.0000 0.1709 75.4216 49.0000 32.4261 34.2742 58.8409
13273.0000 0.1784 75.6183 49.0000 32.1703 34.1873 59.2826
13274.0000 0.1814 75.6850 49.0000 31.9795 34.2305 59.4458
13275.0000 0.1766 75.4208 49.0000 31.9162 34.3938 59.0484
13276.0000 0.1710 75.4048 49.0000 32.2501 34.4292 58.8255
13277.0000 0.1696 75.2244 49.0000 32.2432 34.3715 58.6318
13278.0000 0.1725 75.2866 49.0000 32.1603 34.3115 58.7920
13279.0000 0.1736 75.2391 49.0000 32.1824 34.1700 58.8016
13280.0000 0.1784 75.2370 49.0000 31.9266 34.1002 58.9785
13281.0000 0.1798 75.3002 49.0000 31.9883 33.9950 59.0865
13282.0000 0.1752 75.0171 49.0000 32.1731 33.8768 58.6926
13283.0000 0.1715 74.9902 49.0000 32.2673 34.0080 58.5304
13284.0000 0.1752 75.2115 49.0000 32.3016 33.9221 58.8444
13285.0000 0.1830 75.6960 49.0000 32.2143 33.9026 59.5209
13286.0000 0.1784 75.4638 49.0000 32.2054 34.0156 59.1653
13287.0000 0.1709 75.1149 49.0000 32.1382 34.2912 58.5961
13288.0000 0.1681 74.9548 49.0000 32.1439 34.3381 58.3600
13289.0000 0.1685 74.9579 49.0000 32.1712 34.2822 58.3817
13290.0000 0.1685 75.0079 49.0000 32.0373 34.4615 58.4141
13291.0000 0.1694 75.0776 49.0000 32.0847 34.4168 58.5039
13292.0000 0.1671 75.1123 49.0000 32.0319 34.6569 58.4356
13293.0000 0.1732 75.4697 49.0000 31.9156 34.6668 58.9516
13294.0000 0.1678 75.5162 49.0000 32.4851 34.5122 58.7905
13295.0000 0.1617 75.4297 49.0000 32.8964 34.4476 58.4878
13296.0000 0.1633 75.3781 49.0000 32.7775 34.4144 58.5077
13297.0000 0.1675 75.3558 49.0000 32.7475 34.1328 58.6605
13298.0000 0.1654 75.4418 49.0000 32.7969 34.3049 58.6430
13299.0000 0.1668 75.6280 49.0000 32.7978 34.3674 58.8453
13300.0000 0.1660 75.3421 49.0000 32.5060 34.4620 58.5846
13301.0000 0.1651 75.3663 49.0000 32.7260 34.3246 58.5739
13302.0000 0.1697 75.9686 49.0000 33.0439 34.2273 59.2269
13303.0000 0.1640 75.8956 49.0000 33.3947 34.2094 58.9462
13304.0000 0.1670 76.1161 49.0000 33.1086 34.4802 59.2334
13305.0000 0.1615 76.1077 49.0000 33.7584 34.2062 59.0143
13306.0000 0.1548 75.9583 49.0000 33.7537 34.5585 58.6179
13307.0000 0.1557 75.8545 49.0000 33.5777 34.5740 58.5754
13308.0000 0.1539 75.9607 49.0000 33.8002 34.5742 58.5850
13309.0000 0.1450 75.5264 49.0000 34.1509 34.4729 57.8755
13310.0000 0.1434 75.6591 49.0000 34.1844 34.6768 57.9073
13311.0000 0.1491 75.5292 49.0000 33.8616 34.4677 58.0519
13312.0000 0.1475 75.2882 49.0000 33.9463 34.2834 57.7980
13313.0000 0.1422 75.3531 49.0000 33.8326 34.8409 57.6155
13314.0000 0.1478 75.3910 49.0000 33.7485 34.5534 57.8871
13315.0000 0.1466 75.7396 49.0000 34.1044 34.6009 58.1047
13316.0000 0.1387 75.2550 49.0000 34.2578 34.5787 57.3936
13317.0000 0.1365 75.1686 49.0000 34.2657 34.6573 57.2280
13318.0000 0.1295 75.0871 49.0000 34.1859 35.1877 56.8438
13319.0000 0.1287 75.1708 49.0000 34.2494 35.2592 56.8718
13320.0000 0.1272 75.2054 49.0000 34.5317 35.1202 56.8330
13321.0000 0.1287 75.0675 49.0000 34.0729 35.3448 56.7884
13322.0000 0.1323 75.0442 49.0000 34.3123 34.8119 56.9424
13323.0000 0.1306 75.2614 49.0000 34.4384 35.0119 57.0302
13324.0000 0.1310 75.2450 49.0000 34.1832 35.2191 57.0344
13325.0000 0.1329 75.5226 49.0000 34.1886 35.3322 57.3275
13326.0000 0.1372 75.6227 49.0000 33.8168 35.4765 57.5902
13327.0000 0.1427 75.5934 49.0000 33.4105 35.4496 57.8051
13328.0000 0.1427 75.4728 49.0000 33.4110 35.3364 57.7165
13329.0000 0.1467 75.8204 49.0000 33.5464 35.2226 58.1613
13330.0000 0.1458 75.7763 49.0000 33.2110 35.5832 58.0767
13331.0000 0.1407 75.6103 49.0000 33.2419 35.7823 57.7193
13332.0000 0.1461 75.7613 49.0000 33.3990 35.3631 58.0838
13333.0000 0.1443 75.8283 49.0000 33.1711 35.7820 58.0452
13334.0000 0.1401 75.6816 49.0000 33.1918 35.9398 57.7438
13335.0000 0.1412 75.3611 49.0000 33.1124 35.6490 57.5501
13336.0000 0.1417 75.7316 49.0000 32.8930 36.1711 57.8358
13337.0000 0.1389 75.4067 49.0000 32.8808 36.0917 57.4666
13338.0000 0.1419 75.5280 49.0000 32.7738 36.0895 57.6881
13339.0000 0.1466 75.5918 49.0000 32.8240 35.7474 57.9553
13340.0000 0.1500 75.6008 49.0000 32.5779 35.7564 58.1003
13341.0000 0.1561 75.6125 49.0000 32.4947 35.4117 58.3725
13342.0000 0.1574 75.6086 49.0000 32.3612 35.4471 58.4202
13343.0000 0.1547 75.4606 49.0000 32.4337 35.4343 58.1959
13344.0000 0.1572 75.2825 49.0000 32.6535 34.8798 58.1773
13345.0000 0.1618 75.6868 49.0000 32.5720 34.9942 58.6768
13346.0000 0.1656 75.7620 49.0000 32.5119 34.8562 58.8889
13347.0000 0.1604 75.7300 49.0000 32.8775 34.8271 58.6616
13348.0000 0.1549 75.7842 49.0000 33.2714 34.8736 58.4815
13349.0000 0.1549 75.2238 49.0000 33.1785 34.4651 58.0514
13350.0000 0.1507 75.2185 49.0000 33.4139 34.5189 57.8773
13351.0000 0.1478 75.1960 49.0000 33.6533 34.4674 57.7399
13352.0000 0.1393 75.1255 49.0000 34.0970 34.5772 57.3206
13353.0000 0.1479 75.3377 49.0000 33.7581 34.4847 57.8530
13354.0000 0.1491 75.3288 49.0000 33.5025 34.6487 57.8920
13355.0000 0.1463 75.4067 49.0000 33.7516 34.6698 57.8360
13356.0000 0.1407 75.4571 49.0000 34.0532 34.8265 57.6304
13357.0000 0.1468 75.7597 49.0000 33.7868 34.9190 58.1261
13358.0000 0.1517 75.7246 49.0000 33.6145 34.7052 58.3081
13359.0000 0.1565 75.9552 49.0000 33.6013 34.5851 58.6857
13360.0000 0.1544 75.6939 49.0000 33.7389 34.3647 58.3979
13361.0000 0.1523 75.7167 49.0000 33.7143 34.5590 58.3270
13362.0000 0.1491 75.5972 49.0000 33.5950 34.8002 58.0970
13363.0000 0.1520 75.6245 49.0000 33.5354 34.6719 58.2435
13364.0000 0.1471 75.4368 49.0000 33.7039 34.6875 57.8924
13365.0000 0.1489 75.4495 49.0000 33.4553 34.8190 57.9741
13366.0000 0.1486 75.4782 49.0000 33.4320 34.8892 57.9828
13367.0000 0.1477 75.4766 49.0000 33.3817 35.0023 57.9414
13368.0000 0.1495 75.5790 49.0000 33.5150 34.8340 58.0993
13369.0000 0.1513 75.7899 49.0000 33.5924 34.8192 58.3377
13370.0000 0.1469 75.8300 49.0000 33.7641 34.9979 58.1835
13371.0000 0.1453 75.6554 49.0000 34.0800 34.6435 57.9838
13372.0000 0.1401 75.6256 49.0000 34.2771 34.7994 57.7349
13373.0000 0.1416 75.4525 49.0000 33.9310 34.8744 57.6675
13374.0000 0.1283 75.2550 49.0000 34.1726 35.4431 56.9151
13375.0000 0.1312 75.1329 49.0000 34.0889 35.1995 56.9552
13376.0000 0.1330 75.4856 49.0000 34.2333 35.2422 57.3075
13377.0000 0.1226 75.0819 49.0000 34.1931 35.6972 56.5140
13378.0000 0.1352 75.4154 49.0000 33.9069 35.3422 57.3476
13379.0000 0.1411 75.5441 49.0000 33.7114 35.2153 57.7090
13380.0000 0.1428 75.4943 49.0000 33.6149 35.1463 57.7423
13381.0000 0.1352 75.5695 49.0000 33.8487 35.5436 57.4600
13382.0000 0.1290 75.3519 49.0000 33.8825 35.7784 57.0070
13383.0000 0.1298 75.2357 49.0000 33.9590 35.5273 56.9649
13384.0000 0.1332 75.5590 49.0000 33.9124 35.6180 57.3627
13385.0000 0.1375 75.8988 49.0000 33.4923 36.0345 57.7963
13386.0000 0.1317 75.5829 49.0000 33.5169 36.1546 57.2908
13387.0000 0.1392 75.9170 49.0000 33.3327 36.0800 57.8840
13388.0000 0.1439 76.0599 49.0000 33.4691 35.7221 58.2140
13389.0000 0.1471 76.3006 49.0000 33.8465 35.3285 58.5499
13390.0000 0.1458 76.4076 49.0000 33.5737 35.7934 58.5642
13391.0000 0.1466 76.1221 49.0000 33.2518 35.8051 58.3686
13392.0000 0.1406 75.7679 49.0000 33.3897 35.7829 57.8401
13393.0000 0.1436 75.8139 49.0000 33.5849 35.4047 58.0199
13394.0000 0.1479 75.8708 49.0000 33.7843 34.9411 58.2591
13395.0000 0.1418 75.7505 49.0000 33.5847 35.4831 57.8892
13396.0000 0.1470 76.1607 49.0000 33.6155 35.4388 58.4341
13397.0000 0.1527 75.9904 49.0000 33.3856 35.1033 58.5466
13398.0000 0.1496 75.8778 49.0000 33.2380 35.3771 58.3192
13399.0000 0.1568 75.9841 49.0000 33.1334 35.0555 58.7100
13400.0000 0.1560 76.0886 49.0000 33.1592 35.1819 58.7552
13401.0000 0.1598 76.2327 49.0000 33.1596 35.0372 59.0277
13402.0000 0.1627 76.3733 49.0000 32.9592 35.1564 59.2504
13403.0000 0.1633 76.6928 49.0000 32.8395 35.5192 59.5126
13404.0000 0.1698 76.4488 49.0000 32.6019 35.0816 59.5888
13405.0000 0.1704 76.5062 49.0000 32.9173 34.7787 59.6664
13406.0000 0.1601 76.2111 49.0000 33.1779 34.9785 59.0242
13407.0000 0.1678 76.4236 49.0000 32.8592 34.9457 59.4949
13408.0000 0.1730 76.4346 49.0000 32.8455 34.6033 59.7162
13409.0000 0.1757 76.4814 49.0000 33.1027 34.2010 59.8657
13410.0000 0.1683 76.3939 49.0000 33.0762 34.6627 59.5021
13411.0000 0.1673 76.4127 49.0000 32.8940 34.9337 59.4686
13412.0000 0.1653 76.3595 49.0000 32.6948 35.2297 59.3355
13413.0000 0.1757 76.2929 49.0000 32.6077 34.5275 59.7093
13414.0000 0.1825 76.6492 49.0000 32.8324 34.1526 60.2556
13415.0000 0.1739 76.2392 49.0000 33.0723 34.1463 59.6043
13416.0000 0.1661 76.3627 49.0000 33.2375 34.6316 59.3901
13417.0000 0.1736 76.7545 49.0000 33.1740 34.5175 59.9940
13418.0000 0.1728 76.5215 49.0000 33.2231 34.3149 59.7851
13419.0000 0.1620 76.1167 49.0000 33.3392 34.6029 59.0330
13420.0000 0.1660 76.1586 49.0000 33.2842 34.4109 59.2300
13421.0000 0.1669 75.9814 49.0000 33.5173 33.9575 59.1324
13422.0000 0.1698 75.9841 49.0000 32.9604 34.3116 59.2445
13423.0000 0.1670 76.1419 49.0000 33.4748 34.1370 59.2595
13424.0000 0.1586 75.9711 49.0000 33.8786 34.1700 58.7900
13425.0000 0.1639 76.2978 49.0000 33.8443 34.1199 59.2601
13426.0000 0.1724 76.9031 49.0000 33.8613 34.0439 60.0709
13427.0000 0.1697 76.4632 49.0000 33.7976 33.9097 59.6193
13428.0000 0.1696 76.4464 49.0000 33.5223 34.1769 59.6007
13429.0000 0.1706 76.4052 49.0000 33.5005 34.0937 59.6078
13430.0000 0.1746 76.4853 49.0000 33.5317 33.8563 59.8279
13431.0000 0.1630 75.9767 49.0000 33.7630 33.9822 58.9724
13432.0000 0.1722 76.4808 49.0000 33.3289 34.2165 59.7304
13433.0000 0.1656 76.2310 49.0000 33.3239 34.4645 59.2695
13434.0000 0.1658 75.9913 49.0000 33.1432 34.4199 59.0887
13435.0000 0.1689 75.8304 49.0000 32.9062 34.2977 59.0856
13436.0000 0.1662 75.6481 49.0000 32.7403 34.4847 58.8346
13437.0000 0.1643 75.3562 49.0000 32.8255 34.2724 58.5359
13438.0000 0.1579 75.0149 49.0000 32.9800 34.2636 58.0134
13439.0000 0.1552 75.1602 49.0000 32.9028 34.6576 58.0113
13440.0000 0.1531 75.2585 49.0000 32.9829 34.8162 57.9983
13441.0000 0.1608 75.8968 49.0000 32.4897 35.3396 58.7864
13442.0000 0.1566 75.6423 49.0000 32.4825 35.4175 58.4144
13443.0000 0.1568 75.4385 49.0000 32.0888 35.6107 58.2507
13444.0000 0.1529 75.4525 49.0000 32.2982 35.6932 58.1025
13445.0000 0.1514 75.3083 49.0000 32.3967 35.5713 57.9351
13446.0000 0.1570 75.2423 49.0000 32.5383 34.9745 58.1330
13447.0000 0.1544 75.0445 49.0000 32.3326 35.1831 57.8656
13448.0000 0.1596 75.1804 49.0000 32.3096 34.9631 58.1873
13449.0000 0.1532 74.8571 49.0000 32.3157 35.1196 57.6705
13450.0000 0.1592 75.0926 49.0000 31.9865 35.2374 58.0869
13451.0000 0.1507 74.6716 49.0000 31.9689 35.4808 57.4017
13452.0000 0.1499 74.8783 49.0000 32.4056 35.2810 57.5490
13453.0000 0.1518 74.8601 49.0000 32.2059 35.3282 57.6085
13454.0000 0.1454 74.7294 49.0000 32.5528 35.3267 57.2436
13455.0000 0.1533 75.0365 49.0000 32.2527 35.3393 57.8046
13456.0000 0.1495 74.7779 49.0000 32.3438 35.2803 57.4535
13457.0000 0.1515 74.8444 49.0000 32.1935 35.3503 57.5814
13458.0000 0.1552 74.8383 49.0000 31.8089 35.4672 57.7152
13459.0000 0.1479 74.6397 49.0000 31.9950 35.6209 57.2587
13460.0000 0.1475 74.5556 49.0000 32.0661 35.5059 57.1808
13461.0000 0.1487 74.9963 49.0000 32.1792 35.7036 57.5691
13462.0000 0.1503 74.9878 49.0000 31.8546 35.9073 57.6119
13463.0000 0.1538 75.1082 49.0000 32.0196 35.5973 57.8690
13464.0000 0.1480 74.8645 49.0000 31.9287 35.8860 57.4234
13465.0000 0.1588 75.3661 49.0000 31.9575 35.5398 58.2726
13466.0000 0.1570 75.2797 49.0000 32.0917 35.4553 58.1385
13467.0000 0.1526 75.2618 49.0000 32.5050 35.3402 57.9554
13468.0000 0.1546 75.2682 49.0000 32.3377 35.3684 58.0401
13469.0000 0.1527 75.1602 49.0000 32.2372 35.5049 57.8724
13470.0000 0.1618 75.4740 49.0000 32.2374 35.1452 58.4970
13471.0000 0.1530 75.5164 49.0000 32.3440 35.6962 58.1581
13472.0000 0.1531 75.4480 49.0000 32.2705 35.7032 58.1059
13473.0000 0.1599 75.6419 49.0000 32.0332 35.6298 58.5329
13474.0000 0.1529 75.3363 49.0000 32.2160 35.6697 58.0117
13475.0000 0.1549 75.2722 49.0000 32.3983 35.2863 58.0614
13476.0000 0.1606 75.5508 49.0000 32.1575 35.3747 58.5018
13477.0000 0.1635 75.4113 49.0000 32.0778 35.1284 58.5139
13478.0000 0.1637 75.4942 49.0000 31.9593 35.3054 58.5790
13479.0000 0.1693 75.6544 49.0000 32.0472 34.9672 58.9395
13480.0000 0.1680 75.7224 49.0000 31.9557 35.2067 58.9339
13481.0000 0.1605 75.6123 49.0000 31.9505 35.6436 58.5314
13482.0000 0.1608 75.4928 49.0000 31.7546 35.7112 58.4424
13483.0000 0.1639 75.5365 49.0000 31.9863 35.3016 58.6211
13484.0000 0.1679 75.5674 49.0000 31.7933 35.2381 58.8039
13485.0000 0.1684 75.5324 49.0000 31.9486 35.0238 58.8028
13486.0000 0.1667 75.6857 49.0000 32.0112 35.2133 58.8526
13487.0000 0.1646 75.6588 49.0000 31.9894 35.3539 58.7455
13488.0000 0.1717 75.9529 49.0000 31.8953 35.2133 59.2585
13489.0000 0.1694 76.0148 49.0000 32.0387 35.2860 59.2171
13490.0000 0.1637 76.1903 49.0000 32.3575 35.5261 59.1257
13491.0000 0.1638 76.2381 49.0000 32.3593 35.5623 59.1646
13492.0000 0.1666 76.4762 49.0000 32.2335 35.7018 59.4558
13493.0000 0.1703 76.3874 49.0000 32.4787 35.1190 59.5552
13494.0000 0.1759 76.4528 49.0000 32.0363 35.2273 59.8142
13495.0000 0.1705 76.5952 49.0000 32.1789 35.5816 59.7101
13496.0000 0.1639 76.4425 49.0000 32.0474 36.0490 59.3035
13497.0000 0.1654 76.3739 49.0000 32.1493 35.7792 59.3232
13498.0000 0.1671 76.6666 49.0000 32.0946 35.9676 59.6157
13499.0000 0.1655 76.7477 49.0000 32.4203 35.8325 59.6252
13500.0000 0.1772 76.8821 49.0000 31.9255 35.6229 60.1882
13501.0000 0.1762 76.8610 49.0000 31.9018 35.6933 60.1321
13502.0000 0.1709 76.9781 49.0000 32.1753 35.8971 60.0147
13503.0000 0.1671 76.7553 49.0000 32.0676 36.0785 59.6774
13504.0000 0.1676 76.7660 49.0000 32.1566 35.9624 59.7133
13505.0000 0.1674 76.9666 49.0000 32.1019 36.2077 59.8526
13506.0000 0.1694 77.0084 49.0000 31.8191 36.3853 59.9496
13507.0000 0.1700 77.1562 49.0000 31.6924 36.6019 60.0747
13508.0000 0.1722 77.1985 49.0000 31.6992 36.4702 60.2054
13509.0000 0.1710 77.0790 49.0000 31.6840 36.4695 60.0606
13510.0000 0.1732 77.0442 49.0000 31.4944 36.4717 60.1142
13511.0000 0.1740 77.0609 49.0000 31.5936 36.3322 60.1681
13512.0000 0.1757 76.9129 49.0000 31.4844 36.1870 60.1234
13513.0000 0.1720 76.9505 49.0000 31.4307 36.5335 59.9900
13514.0000 0.1768 76.9374 49.0000 31.2505 36.3657 60.1690
13515.0000 0.1674 76.5780 49.0000 31.4192 36.5423 59.5121
13516.0000 0.1671 76.5537 49.0000 31.5029 36.4572 59.4887
13517.0000 0.1654 76.4517 49.0000 31.4391 36.5537 59.3318
13518.0000 0.1756 77.0545 49.0000 31.3505 36.4491 60.2163
13519.0000 0.1783 77.1159 49.0000 31.4860 36.1865 60.3823
13520.0000 0.1775 76.9605 49.0000 31.1419 36.4456 60.2064
13521.0000 0.1754 76.6999 49.0000 31.0660 36.4371 59.9176
13522.0000 0.1744 76.5605 49.0000 31.1453 36.3091 59.7756
13523.0000 0.1796 76.8076 49.0000 31.1465 36.1585 60.1820
13524.0000 0.1801 76.9022 49.0000 31.2110 36.1446 60.2776
13525.0000 0.1771 76.7596 49.0000 31.2815 36.1601 60.0496
13526.0000 0.1781 76.6848 49.0000 31.2285 36.0732 60.0339
13527.0000 0.1795 76.8959 49.0000 31.5474 35.8487 60.2711
13528.0000 0.1814 77.0966 49.0000 31.5460 35.8890 60.5038
13529.0000 0.1802 76.9711 49.0000 31.7734 35.6396 60.3724
13530.0000 0.1754 76.5672 49.0000 31.9454 35.4525 59.8761
13531.0000 0.1820 76.5495 49.0000 31.7538 35.1674 60.1230
13532.0000 0.1721 76.4992 49.0000 32.0938 35.4750 59.6962
13533.0000 0.1597 75.9831 49.0000 32.1526 35.8300 58.7865
13534.0000 0.1672 76.3847 49.0000 32.1831 35.6262 59.4107
13535.0000 0.1699 76.2675 49.0000 32.1699 35.3476 59.4338
13536.0000 0.1684 76.3246 49.0000 32.4278 35.2451 59.4277
13537.0000 0.1706 76.3316 49.0000 32.1724 35.3526 59.5117
13538.0000 0.1704 76.0698 49.0000 31.9836 35.3219 59.2961
13539.0000 0.1720 76.3433 49.0000 31.7716 35.6627 59.5571
13540.0000 0.1773 76.3526 49.0000 31.4200 35.6496 59.7629
13541.0000 0.1768 76.2838 49.0000 31.2786 35.7656 59.6799
13542.0000 0.1698 76.0571 49.0000 31.3387 35.9971 59.2181
13543.0000 0.1764 76.2375 49.0000 31.2241 35.8048 59.6258
13544.0000 0.1798 76.1812 49.0000 31.2937 35.4564 59.7254
13545.0000 0.1772 76.1866 49.0000 31.4480 35.4851 59.6342
13546.0000 0.1723 75.8510 49.0000 31.6308 35.3496 59.1884
13547.0000 0.1724 75.9463 49.0000 31.5774 35.4757 59.2636
13548.0000 0.1702 75.9798 49.0000 31.8326 35.4037 59.2131
13549.0000 0.1709 75.7241 49.0000 31.3187 35.6462 59.0138
13550.0000 0.1723 75.9750 49.0000 31.4908 35.5992 59.2725
13551.0000 0.1659 75.7149 49.0000 31.7404 35.5641 58.8259
13552.0000 0.1617 75.4080 49.0000 31.7394 35.5905 58.4148
13553.0000 0.1652 75.6034 49.0000 31.7715 35.4832 58.7145
13554.0000 0.1646 75.3628 49.0000 31.8523 35.2333 58.5115
13555.0000 0.1588 75.5240 49.0000 32.0808 35.5538 58.4006
13556.0000 0.1587 75.5605 49.0000 32.1495 35.5290 58.4251
13557.0000 0.1611 75.3988 49.0000 31.7976 35.5615 58.3890
13558.0000 0.1595 74.8846 49.0000 31.8369 35.1784 57.9361
13559.0000 0.1589 74.9097 49.0000 31.8918 35.1843 57.9348
13560.0000 0.1656 75.1822 49.0000 31.6163 35.2350 58.4060
13561.0000 0.1590 74.9411 49.0000 31.7587 35.3406 57.9534
13562.0000 0.1570 75.0090 49.0000 31.5884 35.7177 57.9031
13563.0000 0.1605 75.2697 49.0000 31.5073 35.7813 58.2452
13564.0000 0.1606 75.3989 49.0000 31.6240 35.7728 58.3542
13565.0000 0.1597 75.2188 49.0000 31.6943 35.6041 58.1867
13566.0000 0.1546 74.9323 49.0000 31.8027 35.6025 57.7572
13567.0000 0.1601 75.1377 49.0000 31.3488 35.8524 58.1165
13568.0000 0.1584 75.2728 49.0000 31.4269 36.0154 58.1484
13569.0000 0.1560 75.2759 49.0000 31.6615 35.9507 58.0651
13570.0000 0.1618 75.4818 49.0000 31.7826 35.6014 58.4800
13571.0000 0.1554 75.2758 49.0000 31.7459 35.9105 58.0437
13572.0000 0.1550 75.2123 49.0000 31.8121 35.8174 57.9827
13573.0000 0.1531 75.0612 49.0000 31.9268 35.7005 57.7957
13574.0000 0.1458 74.8670 49.0000 32.1938 35.7848 57.3417
13575.0000 0.1472 74.8941 49.0000 32.2278 35.6741 57.4270
13576.0000 0.1541 75.3219 49.0000 32.2374 35.5490 58.0552
13577.0000 0.1514 75.1541 49.0000 31.9412 35.8888 57.7918
13578.0000 0.1565 75.4714 49.0000 32.0502 35.7037 58.2577
13579.0000 0.1546 75.3474 49.0000 32.1952 35.5784 58.0937
13580.0000 0.1476 75.2856 49.0000 32.2303 35.9930 57.7376
13581.0000 0.1520 75.4933 49.0000 32.2198 35.8774 58.0856
13582.0000 0.1496 75.2971 49.0000 32.3131 35.7752 57.8416
13583.0000 0.1491 75.1702 49.0000 31.9751 36.0401 57.6998
13584.0000 0.1497 74.9989 49.0000 31.7900 36.0278 57.5867
13585.0000 0.1482 75.1172 49.0000 32.3827 35.6492 57.6463
13586.0000 0.1502 75.0545 49.0000 32.1015 35.7260 57.6743
13587.0000 0.1471 74.8544 49.0000 32.2188 35.6539 57.3927
13588.0000 0.1514 75.1358 49.0000 32.1620 35.6556 57.7900
13589.0000 0.1465 75.0044 49.0000 32.0100 36.0446 57.4614
13590.0000 0.1546 75.3562 49.0000 31.8957 35.8910 58.0780
13591.0000 0.1476 74.9092 49.0000 32.1280 35.7587 57.4499
13592.0000 0.1408 74.9240 49.0000 32.2523 36.1422 57.1589
13593.0000 0.1460 75.3342 49.0000 32.1037 36.2880 57.6868
13594.0000 0.1441 75.0777 49.0000 31.8658 36.4333 57.3920
13595.0000 0.1413 75.0897 49.0000 32.0675 36.4461 57.2872
13596.0000 0.1408 75.0738 49.0000 32.0682 36.4697 57.2509
13597.0000 0.1432 75.1960 49.0000 32.1329 36.3356 57.4599
13598.0000 0.1371 75.3169 49.0000 32.4497 36.5834 57.2826
13599.0000 0.1417 75.1684 49.0000 32.1567 36.4000 57.3697
13600.0000 0.1455 75.4118 49.0000 31.9800 36.5155 57.7134
13601.0000 0.1422 75.1825 49.0000 32.0207 36.5093 57.3948
13602.0000 0.1366 74.9759 49.0000 31.8654 36.8978 56.9608
13603.0000 0.1376 75.1087 49.0000 32.4427 36.3584 57.1564
13604.0000 0.1413 75.2366 49.0000 32.1279 36.5227 57.3972
13605.0000 0.1409 75.2230 49.0000 32.0366 36.6280 57.3633
13606.0000 0.1400 75.1751 49.0000 32.0979 36.5895 57.2908
13607.0000 0.1366 75.0007 49.0000 32.2750 36.5056 57.0155
13608.0000 0.1407 75.0631 49.0000 32.1944 36.3374 57.2501
13609.0000 0.1439 75.1182 49.0000 32.2134 36.1351 57.4395
13610.0000 0.1497 75.4673 49.0000 32.4485 35.7859 57.9808
13611.0000 0.1458 75.2947 49.0000 32.4341 35.9300 57.6746
13612.0000 0.1500 75.6215 49.0000 32.3120 36.0413 58.0997
13613.0000 0.1412 75.1057 49.0000 32.5427 35.9841 57.3323
13614.0000 0.1397 75.0225 49.0000 32.6912 35.8684 57.2112
13615.0000 0.1466 75.5397 49.0000 32.5951 35.9302 57.9035
13616.0000 0.1457 75.6877 49.0000 32.7514 35.9725 57.9823
13617.0000 0.1427 75.8238 49.0000 32.9497 36.1208 57.9556
13618.0000 0.1362 75.6497 49.0000 32.9727 36.4292 57.5204
13619.0000 0.1419 75.6641 49.0000 32.7516 36.2331 57.7888
13620.0000 0.1376 75.4439 49.0000 32.8546 36.2499 57.4308
13621.0000 0.1426 75.3764 49.0000 32.7002 35.9691 57.6067
13622.0000 0.1438 75.3560 49.0000 32.7723 35.7926 57.6489
13623.0000 0.1462 75.5157 49.0000 33.0798 35.4544 57.8908
13624.0000 0.1533 75.8084 49.0000 32.6547 35.6275 58.4060
13625.0000 0.1488 75.2450 49.0000 32.3416 35.7607 57.7668
13626.0000 0.1402 74.9911 49.0000 32.6787 35.8147 57.2109
13627.0000 0.1341 74.6584 49.0000 32.9494 35.6906 56.6957
13628.0000 0.1434 75.2229 49.0000 32.8660 35.6050 57.5377
13629.0000 0.1490 75.5675 49.0000 32.8578 35.5210 58.0437
13630.0000 0.1496 75.4874 49.0000 32.8637 35.3987 58.0109
13631.0000 0.1544 75.7869 49.0000 32.5972 35.5864 58.4353
13632.0000 0.1520 75.8839 49.0000 33.0123 35.4327 58.4215
13633.0000 0.1513 76.0248 49.0000 33.2170 35.4077 58.5039
13634.0000 0.1512 75.8426 49.0000 33.1570 35.3114 58.3593
13635.0000 0.1523 75.5537 49.0000 33.0813 35.0435 58.1888
13636.0000 0.1488 75.5244 49.0000 33.3333 35.0203 58.0207
13637.0000 0.1522 75.7295 49.0000 33.3066 34.9838 58.3246
13638.0000 0.1538 75.9114 49.0000 33.3666 34.9715 58.5338
13639.0000 0.1544 75.9964 49.0000 33.4376 34.9372 58.6240
13640.0000 0.1481 75.8095 49.0000 33.5553 35.1019 58.2150
13641.0000 0.1386 75.6625 49.0000 34.0084 35.2096 57.6934
13642.0000 0.1400 75.5924 49.0000 33.5026 35.5507 57.6882
13643.0000 0.1448 75.7298 49.0000 33.3404 35.4881 58.0000
13644.0000 0.1385 75.6049 49.0000 33.4681 35.7130 57.6244
13645.0000 0.1360 75.5247 49.0000 33.4729 35.8201 57.4496
13646.0000 0.1388 75.6513 49.0000 33.3195 35.8822 57.6663
13647.0000 0.1412 75.5707 49.0000 33.0064 35.9443 57.7019
13648.0000 0.1450 75.5700 49.0000 32.9397 35.7317 57.8710
13649.0000 0.1450 75.7349 49.0000 33.0457 35.7716 58.0012
13650.0000 0.1374 75.4999 49.0000 33.3505 35.8134 57.4925
13651.0000 0.1415 75.3300 49.0000 32.8521 35.8555 57.5303
13652.0000 0.1444 75.4524 49.0000 32.3065 36.3058 57.7168
13653.0000 0.1404 75.0914 49.0000 32.5976 35.9769 57.2868
13654.0000 0.1411 75.1530 49.0000 32.5858 35.9916 57.3650
13655.0000 0.1423 75.2641 49.0000 32.2866 36.3101 57.4789
13656.0000 0.1379 75.1058 49.0000 32.5099 36.2629 57.1751
13657.0000 0.1408 75.0023 49.0000 32.3050 36.1629 57.2187
13658.0000 0.1402 75.0388 49.0000 32.2927 36.2520 57.2171
13659.0000 0.1365 75.0589 49.0000 32.2440 36.5967 57.0512
13660.0000 0.1376 75.1219 49.0000 32.1428 36.6727 57.1424
13661.0000 0.1337 74.8119 49.0000 31.9293 36.9054 56.7038
13662.0000 0.1282 74.4351 49.0000 32.2353 36.6599 56.1919
13663.0000 0.1322 74.6247 49.0000 32.4296 36.3331 56.5426
13664.0000 0.1321 74.4466 49.0000 32.3165 36.2900 56.4002
13665.0000 0.1373 74.7840 49.0000 32.3845 36.1409 56.9011
13666.0000 0.1387 74.8460 49.0000 32.4497 36.0240 57.0194
13667.0000 0.1339 74.6636 49.0000 32.8044 35.8569 56.6816
13668.0000 0.1365 74.5684 49.0000 32.5725 35.8074 56.7214
13669.0000 0.1369 74.3979 49.0000 32.4070 35.7884 56.6041
13670.0000 0.1389 74.7197 49.0000 32.6720 35.6687 56.9501
13671.0000 0.1322 74.6087 49.0000 32.7264 36.0169 56.5528
13672.0000 0.1368 74.7775 49.0000 32.5895 35.9677 56.8852
13673.0000 0.1469 75.1325 49.0000 32.3506 35.7831 57.6012
13674.0000 0.1429 75.0170 49.0000 32.2031 36.1265 57.3183
13675.0000 0.1400 75.0500 49.0000 32.3132 36.2578 57.2165
13676.0000 0.1467 75.0048 49.0000 32.0011 36.0348 57.4729
13677.0000 0.1424 74.9593 49.0000 32.1410 36.1730 57.2483
13678.0000 0.1458 74.9017 49.0000 32.0215 35.9890 57.3558
13679.0000 0.1460 74.7484 49.0000 32.0563 35.7974 57.2561
13680.0000 0.1516 74.6738 49.0000 31.8396 35.5423 57.4383
13681.0000 0.1505 74.5737 49.0000 32.0105 35.3632 57.3237
13682.0000 0.1465 74.6425 49.0000 31.8873 35.8344 57.1891
13683.0000 0.1452 74.9290 49.0000 32.1295 35.9460 57.3579
13684.0000 0.1508 75.0967 49.0000 32.1359 35.6884 57.7333
13685.0000 0.1520 75.2362 49.0000 32.0622 35.8010 57.8860
13686.0000 0.1547 75.3174 49.0000 32.1607 35.5811 58.0722
13687.0000 0.1589 75.2578 49.0000 31.7769 35.6133 58.1864
13688.0000 0.1557 74.9804 49.0000 31.7474 35.6186 57.8401
13689.0000 0.1571 75.0619 49.0000 31.9668 35.3788 57.9721
13690.0000 0.1595 74.9347 49.0000 31.9264 35.1321 57.9798
13691.0000 0.1599 74.9299 49.0000 31.9759 35.0500 57.9959
13692.0000 0.1572 74.9768 49.0000 32.0937 35.1677 57.9202
13693.0000 0.1581 74.8877 49.0000 31.9445 35.1720 57.8848
13694.0000 0.1595 74.8175 49.0000 31.8881 35.0653 57.8898
13695.0000 0.1641 75.1710 49.0000 31.6572 35.2881 58.3374
13696.0000 0.1656 74.9950 49.0000 31.7911 34.8976 58.2729
13697.0000 0.1645 75.0444 49.0000 31.8387 34.9673 58.2687
13698.0000 0.1629 74.9656 49.0000 31.8294 35.0207 58.1402
13699.0000 0.1628 74.6728 49.0000 31.6659 34.9315 57.9059
13700.0000 0.1593 74.7659 49.0000 31.8447 35.0775 57.8397
13701.0000 0.1629 74.9743 49.0000 32.1040 34.7530 58.1610
13702.0000 0.1570 74.7353 49.0000 32.1759 34.8772 57.7378
13703.0000 0.1573 74.6954 49.0000 32.1493 34.8476 57.7189
13704.0000 0.1590 74.5967 49.0000 32.2456 34.5467 57.7184
13705.0000 0.1602 74.6107 49.0000 32.0745 34.6452 57.7728
13706.0000 0.1562 74.5513 49.0000 32.2635 34.6804 57.5693
13707.0000 0.1574 74.8189 49.0000 32.1654 34.9371 57.8157
13708.0000 0.1474 74.2867 49.0000 32.3760 34.9527 56.9965
13709.0000 0.1535 74.4927 49.0000 32.3588 34.7271 57.4117
13710.0000 0.1498 74.4944 49.0000 32.3635 34.9826 57.2559
13711.0000 0.1495 74.2324 49.0000 32.1168 35.0186 57.0320
13712.0000 0.1516 74.4903 49.0000 32.1734 35.0414 57.3217
13713.0000 0.1564 74.7671 49.0000 32.3193 34.8090 57.7400
13714.0000 0.1502 74.5353 49.0000 32.1389 35.2200 57.2901
13715.0000 0.1541 74.9782 49.0000 32.1720 35.3050 57.7950
13716.0000 0.1527 74.9497 49.0000 32.0839 35.4696 57.7060
13717.0000 0.1524 75.0071 49.0000 32.0479 35.5793 57.7331
13718.0000 0.1527 74.7325 49.0000 32.1641 35.1973 57.5463
13719.0000 0.1486 74.6595 49.0000 32.1496 35.4373 57.3118
13720.0000 0.1466 74.5713 49.0000 32.0776 35.5733 57.1529
13721.0000 0.1516 74.7656 49.0000 32.2600 35.2027 57.5322
13722.0000 0.1513 74.4231 49.0000 31.9956 35.1809 57.2485
13723.0000 0.1478 74.2739 49.0000 32.0011 35.2900 56.9839
13724.0000 0.1444 74.1827 49.0000 32.1713 35.2842 56.7724
13725.0000 0.1541 74.7371 49.0000 32.2023 35.0567 57.6166
13726.0000 0.1455 74.3759 49.0000 32.3698 35.1819 56.9754
13727.0000 0.1535 74.7926 49.0000 32.1262 35.2267 57.6275
13728.0000 0.1575 74.9645 49.0000 32.1197 35.1071 57.9266
13729.0000 0.1562 74.8514 49.0000 32.2171 34.9973 57.7927
13730.0000 0.1533 74.9234 49.0000 32.4853 35.0010 57.7335
13731.0000 0.1537 75.0101 49.0000 32.6130 34.9239 57.8206
13732.0000 0.1493 74.6660 49.0000 32.6254 34.9145 57.3722
13733.0000 0.1452 74.5423 49.0000 32.9074 34.8105 57.1129
13734.0000 0.1466 74.4298 49.0000 32.6130 34.9021 57.0792
13735.0000 0.1451 74.3585 49.0000 32.8553 34.7040 56.9680
13736.0000 0.1494 74.7095 49.0000 32.6384 34.9309 57.4114
13737.0000 0.1492 74.8343 49.0000 32.7873 34.9075 57.5032
13738.0000 0.1479 74.8597 49.0000 33.0007 34.8102 57.4733
13739.0000 0.1504 74.8079 49.0000 32.9621 34.6277 57.5383
13740.0000 0.1502 74.8905 49.0000 32.9092 34.7705 57.5898
13741.0000 0.1515 74.6617 49.0000 32.7822 34.5920 57.4725
13742.0000 0.1415 74.3602 49.0000 32.9262 34.8945 56.8126
13743.0000 0.1460 74.5448 49.0000 32.7186 34.9440 57.1431
13744.0000 0.1386 74.5082 49.0000 32.7959 35.3765 56.7839
13745.0000 0.1418 74.5050 49.0000 32.6048 35.3275 56.9201
13746.0000 0.1361 74.2865 49.0000 32.7036 35.4508 56.4996
13747.0000 0.1314 74.2092 49.0000 33.0139 35.4136 56.2403
13748.0000 0.1344 73.9494 49.0000 32.8973 35.0644 56.1851
13749.0000 0.1337 73.8436 49.0000 32.8454 35.0708 56.0723
13750.0000 0.1312 73.7206 49.0000 32.9682 35.0188 55.8705
13751.0000 0.1313 73.8357 49.0000 33.0724 35.0124 55.9647
13752.0000 0.1247 73.4379 49.0000 33.0516 35.1566 55.3600
13753.0000 0.1305 73.7470 49.0000 32.8282 35.2363 55.8509
13754.0000 0.1330 73.5625 49.0000 32.8332 34.8769 55.8303
13755.0000 0.1364 73.8230 49.0000 32.8120 34.8882 56.1785
13756.0000 0.1323 73.8367 49.0000 33.0019 35.0128 56.0075
13757.0000 0.1321 73.8917 49.0000 33.0418 35.0387 56.0403
13758.0000 0.1412 74.1824 49.0000 32.8325 34.8463 56.6638
13759.0000 0.1407 74.2700 49.0000 32.7166 35.0794 56.7019
13760.0000 0.1416 74.4589 49.0000 32.8080 35.0974 56.8853
13761.0000 0.1412 74.2185 49.0000 32.6180 35.1000 56.6784
13762.0000 0.1423 74.4429 49.0000 32.6234 35.2150 56.8979
13763.0000 0.1403 74.5980 49.0000 32.5745 35.5549 56.9175
13764.0000 0.1339 74.4209 49.0000 32.5691 35.8719 56.4883
13765.0000 0.1313 74.3835 49.0000 32.5320 36.0702 56.3339
13766.0000 0.1332 74.2863 49.0000 32.4528 35.9212 56.3466
13767.0000 0.1345 74.1268 49.0000 32.4798 35.6443 56.2967
13768.0000 0.1414 74.3971 49.0000 32.3590 35.5054 56.8083
13769.0000 0.1367 74.0915 49.0000 32.6324 35.2949 56.3822
13770.0000 0.1397 74.3239 49.0000 32.7221 35.1977 56.6959
13771.0000 0.1354 74.1730 49.0000 32.7427 35.3557 56.3873
13772.0000 0.1426 74.6937 49.0000 32.5469 35.5018 57.0917
13773.0000 0.1358 74.4979 49.0000 32.5873 35.7837 56.6351
13774.0000 0.1383 74.6654 49.0000 32.9862 35.3496 56.8968
13775.0000 0.1436 74.6085 49.0000 32.5186 35.3811 57.0714
13776.0000 0.1416 74.5183 49.0000 32.5450 35.4169 56.9160
13777.0000 0.1380 74.4345 49.0000 32.7341 35.4139 56.6994
13778.0000 0.1320 74.0194 49.0000 32.6401 35.5656 56.1121
13779.0000 0.1338 73.8390 49.0000 32.3735 35.5406 56.0448
13780.0000 0.1317 73.9980 49.0000 32.2921 35.9226 56.0579
13781.0000 0.1334 74.1673 49.0000 32.3801 35.8698 56.2643
13782.0000 0.1334 74.1820 49.0000 32.2880 35.9720 56.2714
13783.0000 0.1322 73.9634 49.0000 32.2683 35.8801 56.0532
13784.0000 0.1318 73.7928 49.0000 32.2233 35.7996 55.9055
13785.0000 0.1345 73.8161 49.0000 32.2985 35.5411 56.0576
13786.0000 0.1328 74.0027 49.0000 32.1611 35.9799 56.1027
13787.0000 0.1332 74.1732 49.0000 32.2709 35.9950 56.2550
13788.0000 0.1399 74.5189 49.0000 32.2852 35.8022 56.8238
13789.0000 0.1397 74.4211 49.0000 32.2961 35.7210 56.7404
13790.0000 0.1429 74.4351 49.0000 32.1463 35.6498 56.8884
13791.0000 0.1349 74.2994 49.0000 32.7746 35.4729 56.4615
13792.0000 0.1364 74.5169 49.0000 32.7686 35.5729 56.6882
13793.0000 0.1388 74.8104 49.0000 32.8254 35.6086 57.0186
13794.0000 0.1439 74.8837 49.0000 32.7045 35.4235 57.2988
13795.0000 0.1382 74.9452 49.0000 32.9583 35.6399 57.0993
13796.0000 0.1336 75.0650 49.0000 33.1106 35.9395 56.9807
13797.0000 0.1348 75.0071 49.0000 33.3213 35.5825 57.0057
13798.0000 0.1318 74.8975 49.0000 33.5084 35.5184 56.7915
13799.0000 0.1208 74.4933 49.0000 33.7698 35.7143 55.9763
13800.0000 0.1204 74.3791 49.0000 33.4680 35.9455 55.8575
13801.0000 0.1240 74.5867 49.0000 33.5743 35.7535 56.1928
13802.0000 0.1243 74.2767 49.0000 33.5979 35.4164 55.9811
13803.0000 0.1200 74.1778 49.0000 33.2783 35.9826 55.6790
13804.0000 0.1209 73.9521 49.0000 33.3598 35.6146 55.5665
13805.0000 0.1248 73.9187 49.0000 33.1526 35.4963 55.7216
13806.0000 0.1219 73.6760 49.0000 33.1036 35.5413 55.3996
13807.0000 0.1277 73.6881 49.0000 32.8578 35.3596 55.6776
13808.0000 0.1242 73.4051 49.0000 32.8047 35.4162 55.2979
13809.0000 0.1193 73.2722 49.0000 32.8984 35.5662 54.9686
13810.0000 0.1215 73.3977 49.0000 32.9496 35.4676 55.1687
13811.0000 0.1229 73.4460 49.0000 32.7693 35.5874 55.2632
13812.0000 0.1229 73.7287 49.0000 32.9473 35.6731 55.4781
13813.0000 0.1239 73.9809 49.0000 32.8873 35.8960 55.7052
13814.0000 0.1269 74.1668 49.0000 32.7706 35.9599 55.9794
13815.0000 0.1302 74.0263 49.0000 32.5445 35.8103 56.0212
13816.0000 0.1292 74.1532 49.0000 32.8012 35.7393 56.0847
13817.0000 0.1291 74.1357 49.0000 32.5551 35.9830 56.0490
13818.0000 0.1320 74.0636 49.0000 32.7371 35.5120 56.1480
13819.0000 0.1265 73.8735 49.0000 32.7370 35.7470 55.7471
13820.0000 0.1323 74.0831 49.0000 32.7597 35.4882 56.1756
13821.0000 0.1396 74.3942 49.0000 32.7592 35.2298 56.7468
13822.0000 0.1348 74.3107 49.0000 32.6760 35.5974 56.4551
13823.0000 0.1390 74.2896 49.0000 32.6089 35.3330 56.6320
13824.0000 0.1362 74.0074 49.0000 32.3560 35.5331 56.2812
13825.0000 0.1349 74.2198 49.0000 32.1778 36.0054 56.3630
13826.0000 0.1330 74.2080 49.0000 32.4139 35.8960 56.2819
13827.0000 0.1411 74.5216 49.0000 32.2205 35.7858 56.8743
13828.0000 0.1394 74.5622 49.0000 32.3367 35.8313 56.8329
13829.0000 0.1409 74.6146 49.0000 32.2402 35.8624 56.9368
13830.0000 0.1438 74.8156 49.0000 32.2677 35.8082 57.2183
13831.0000 0.1382 74.3316 49.0000 32.3986 35.6427 56.6138
13832.0000 0.1377 74.6786 49.0000 32.3437 36.0516 56.8424
13833.0000 0.1320 74.4347 49.0000 32.3545 36.2492 56.3888
13834.0000 0.1346 74.5055 49.0000 32.4907 35.9809 56.5756
13835.0000 0.1350 74.2537 49.0000 32.4845 35.7231 56.4113
13836.0000 0.1316 73.9864 49.0000 32.2676 35.9506 56.0387
13837.0000 0.1272 73.7957 49.0000 32.4664 35.9022 55.7025
13838.0000 0.1278 73.7198 49.0000 32.2106 36.0436 55.6591
13839.0000 0.1293 73.6848 49.0000 32.2731 35.8346 55.7115
13840.0000 0.1328 74.0609 49.0000 32.2902 35.9031 56.1544
13841.0000 0.1239 73.4873 49.0000 32.3281 36.0033 55.3086
13842.0000 0.1229 73.6808 49.0000 32.4743 36.1138 55.4083
13843.0000 0.1271 74.0975 49.0000 32.4765 36.1771 55.9190
13844.0000 0.1256 74.2528 49.0000 32.6014 36.3135 55.9639
13845.0000 0.1247 73.9874 49.0000 32.5507 36.1856 55.7242
13846.0000 0.1215 73.9755 49.0000 32.7519 36.2160 55.5706
13847.0000 0.1209 74.1282 49.0000 32.8442 36.3113 55.6573
13848.0000 0.1260 74.0308 49.0000 32.7373 35.9365 55.8336
13849.0000 0.1277 74.4019 49.0000 32.5948 36.3002 56.1740
13850.0000 0.1209 74.1572 49.0000 32.6641 36.5184 55.6664
13851.0000 0.1280 74.2091 49.0000 32.5441 36.1477 56.0465
13852.0000 0.1281 74.0101 49.0000 32.4257 36.0761 55.8980
13853.0000 0.1333 74.5725 49.0000 32.6195 36.0061 56.5737
13854.0000 0.1266 74.3523 49.0000 32.7937 36.1311 56.1016
13855.0000 0.1244 74.5406 49.0000 33.0686 36.1974 56.1472
13856.0000 0.1203 74.3516 49.0000 32.9870 36.4189 55.8003
13857.0000 0.1244 74.4573 49.0000 32.9372 36.2539 56.0776
13858.0000 0.1229 74.4130 49.0000 32.9913 36.2739 55.9739
13859.0000 0.1226 74.2226 49.0000 32.7095 36.4020 55.8031
13860.0000 0.1241 74.1342 49.0000 32.6635 36.2532 55.8093
13861.0000 0.1154 73.9653 49.0000 32.8828 36.5456 55.2631
13862.0000 0.1218 74.0006 49.0000 32.8935 36.0689 55.6160
13863.0000 0.1172 73.9946 49.0000 33.0998 36.2074 55.3953
13864.0000 0.1165 74.2227 49.0000 33.0889 36.4892 55.5219
13865.0000 0.1130 73.9575 49.0000 33.3004 36.3030 55.1623
13866.0000 0.1132 74.2000 49.0000 33.4252 36.3911 55.3543
13867.0000 0.1158 74.3366 49.0000 32.9984 36.7472 55.5579
13868.0000 0.1104 74.3462 49.0000 33.5284 36.6434 55.3214
13869.0000 0.1084 74.0349 49.0000 33.2685 36.7815 54.9682
13870.0000 0.1068 73.8284 49.0000 33.4106 36.5602 54.7515
13871.0000 0.1126 74.3225 49.0000 33.4441 36.5303 55.4154
13872.0000 0.1094 74.2509 49.0000 33.5409 36.6201 55.2012
13873.0000 0.1094 73.8580 49.0000 33.5297 36.2610 54.9173
13874.0000 0.1103 73.6845 49.0000 33.5447 36.0065 54.8425
13875.0000 0.1160 73.6924 49.0000 33.3730 35.7411 55.1306
13876.0000 0.1142 73.7044 49.0000 33.6272 35.6277 55.0655
13877.0000 0.1134 73.7864 49.0000 33.6635 35.7374 55.0821
13878.0000 0.1208 74.1623 49.0000 33.5163 35.6620 55.7218
13879.0000 0.1168 74.3118 49.0000 33.5101 36.1209 55.6291
13880.0000 0.1214 74.5118 49.0000 33.4829 35.9805 56.0027
13881.0000 0.1242 74.6269 49.0000 33.2563 36.1000 56.2138
13882.0000 0.1300 74.7542 49.0000 33.0619 35.9731 56.5778
13883.0000 0.1318 74.8112 49.0000 33.0513 35.8996 56.7058
13884.0000 0.1249 74.9139 49.0000 33.6863 35.8767 56.4818
13885.0000 0.1274 74.9751 49.0000 33.6076 35.8281 56.6405
13886.0000 0.1273 74.7205 49.0000 33.5486 35.6550 56.4479
13887.0000 0.1251 74.7271 49.0000 33.5147 35.8612 56.3460
13888.0000 0.1250 74.7264 49.0000 33.3860 35.9993 56.3334
13889.0000 0.1199 74.7695 49.0000 33.5526 36.2669 56.1196
13890.0000 0.1208 74.8462 49.0000 33.6831 36.1366 56.2277
13891.0000 0.1224 74.9469 49.0000 33.6093 36.1794 56.3783
13892.0000 0.1219 74.8055 49.0000 33.3821 36.3215 56.2338
13893.0000 0.1184 74.6931 49.0000 33.6351 36.2277 55.9937
13894.0000 0.1130 74.7754 49.0000 33.6504 36.7225 55.7716
13895.0000 0.1111 74.5877 49.0000 33.4276 36.9239 55.5207
13896.0000 0.1151 74.5713 49.0000 33.1460 36.8803 55.6962
13897.0000 0.1168 74.6192 49.0000 33.2429 36.6904 55.8279
13898.0000 0.1116 74.4214 49.0000 33.3883 36.7682 55.4244
13899.0000 0.1091 74.4980 49.0000 33.4240 37.0033 55.3492
13900.0000 0.1070 74.0998 49.0000 33.3884 36.8342 54.9476
13901.0000 0.1091 74.2903 49.0000 33.2416 36.9952 55.1851
13902.0000 0.1098 74.0739 49.0000 33.2090 36.7629 55.0690
13903.0000 0.1118 74.1536 49.0000 32.9692 36.9291 55.2090
13904.0000 0.1126 74.0719 49.0000 33.0201 36.7279 55.2031
13905.0000 0.1122 74.0766 49.0000 33.0096 36.7778 55.1824
13906.0000 0.1156 74.1195 49.0000 32.9250 36.6333 55.3864
13907.0000 0.1201 74.2518 49.0000 32.8588 36.4718 55.7085
13908.0000 0.1127 74.2003 49.0000 33.0968 36.7687 55.3023
13909.0000 0.1075 74.3067 49.0000 33.2702 37.1118 55.1117
13910.0000 0.1058 74.1844 49.0000 33.4307 36.9676 54.9464
13911.0000 0.1099 74.3687 49.0000 33.5693 36.6646 55.3129
13912.0000 0.1082 74.1260 49.0000 33.4586 36.6827 55.0415
13913.0000 0.1167 74.3584 49.0000 33.3581 36.3287 55.6474
13914.0000 0.1153 74.3016 49.0000 33.5510 36.1873 55.5477
13915.0000 0.1131 74.3640 49.0000 33.8616 36.1018 55.4982
13916.0000 0.1131 74.4952 49.0000 33.9785 36.1136 55.5950
13917.0000 0.1085 74.2640 49.0000 34.0580 36.1751 55.1957
13918.0000 0.1115 74.5815 49.0000 34.0118 36.2823 55.5804
13919.0000 0.1066 74.2548 49.0000 34.3158 36.0585 55.0998
13920.0000 0.1130 74.3814 49.0000 34.2009 35.7817 55.5208
13921.0000 0.1110 74.1979 49.0000 34.0875 35.8857 55.2773
13922.0000 0.1075 74.4851 49.0000 34.0497 36.4775 55.2996
13923.0000 0.1124 74.5087 49.0000 33.9238 36.2361 55.5667
13924.0000 0.1140 74.1481 49.0000 33.5705 36.1275 55.3693
13925.0000 0.1046 74.2581 49.0000 34.2890 36.2491 54.9957
13926.0000 0.1086 74.4344 49.0000 34.1762 36.2089 55.3297
13927.0000 0.1053 74.6553 49.0000 34.0471 36.8247 55.3006
13928.0000 0.1109 75.0546 49.0000 34.2793 36.5152 55.8996
13929.0000 0.1052 74.6995 49.0000 34.0544 36.8676 55.3271
13930.0000 0.0969 74.2614 49.0000 34.1654 37.0217 54.5607
13931.0000 0.1035 74.4149 49.0000 34.2130 36.5677 55.0441
13932.0000 0.1020 74.5757 49.0000 34.5459 36.5119 55.0909
13933.0000 0.1021 74.2698 49.0000 34.2603 36.4963 54.8659
13934.0000 0.0971 74.2458 49.0000 34.1735 36.9875 54.5575
13935.0000 0.0984 74.2157 49.0000 34.0484 36.9720 54.6054
13936.0000 0.1022 74.5737 49.0000 34.2097 36.8375 55.0812
13937.0000 0.1030 74.6971 49.0000 33.9214 37.1877 55.1912
13938.0000 0.1019 74.7393 49.0000 34.1659 37.0692 55.1773
13939.0000 0.1049 74.3676 49.0000 34.1915 36.4288 55.0856
13940.0000 0.1070 74.5713 49.0000 34.1021 36.5518 55.3344
13941.0000 0.1052 74.6669 49.0000 33.8665 37.0336 55.2875
13942.0000 0.1116 74.9263 49.0000 33.6010 37.0282 55.8018
13943.0000 0.1098 74.7184 49.0000 33.2143 37.3824 55.5177
13944.0000 0.1137 74.8662 49.0000 33.1129 37.3038 55.8293
13945.0000 0.1158 74.8740 49.0000 33.2125 37.0387 55.9569
13946.0000 0.1162 75.0274 49.0000 33.4262 36.9372 56.1020
13947.0000 0.1140 74.8153 49.0000 33.5132 36.8168 55.8455
13948.0000 0.1150 74.5485 49.0000 33.5213 36.4791 55.7052
13949.0000 0.1169 74.9252 49.0000 33.3959 36.8103 56.0670
13950.0000 0.1125 74.5519 49.0000 33.4922 36.7133 55.5732
13951.0000 0.1156 74.7472 49.0000 33.4922 36.6476 55.8782
13952.0000 0.1193 74.7060 49.0000 33.6022 36.2046 56.0455
13953.0000 0.1221 74.7629 49.0000 33.1906 36.4616 56.1999
13954.0000 0.1258 75.0060 49.0000 33.1891 36.4018 56.5623
13955.0000 0.1287 75.2025 49.0000 32.9823 36.5767 56.8308
13956.0000 0.1238 75.2299 49.0000 33.0387 36.9204 56.6115
13957.0000 0.1268 75.2203 49.0000 32.9592 36.7573 56.7510
13958.0000 0.1174 74.8603 49.0000 33.3490 36.7627 56.0394
13959.0000 0.1220 75.0013 49.0000 33.1443 36.7415 56.3623
13960.0000 0.1234 75.1520 49.0000 33.3760 36.5380 56.5583
13961.0000 0.1225 75.2333 49.0000 33.3566 36.7024 56.5714
13962.0000 0.1188 74.7660 49.0000 33.2915 36.6189 56.0417
13963.0000 0.1254 75.2554 49.0000 33.1568 36.6997 56.7198
13964.0000 0.1230 75.1590 49.0000 33.5697 36.3759 56.5574
13965.0000 0.1254 75.1985 49.0000 33.5988 36.1969 56.7073
13966.0000 0.1258 75.1426 49.0000 33.4999 36.2163 56.6793
13967.0000 0.1204 74.8665 49.0000 33.5600 36.3153 56.2132
13968.0000 0.1231 74.9182 49.0000 33.3281 36.3874 56.3732
13969.0000 0.1237 75.0856 49.0000 33.3472 36.4761 56.5270
13970.0000 0.1251 75.1388 49.0000 33.4506 36.3105 56.6432
13971.0000 0.1206 75.0311 49.0000 33.6751 36.3326 56.3524
13972.0000 0.1152 75.0703 49.0000 33.5919 36.8880 56.0929
13973.0000 0.1169 75.2185 49.0000 33.5574 36.9280 56.2854
13974.0000 0.1141 75.2692 49.0000 33.8826 36.8616 56.2018
13975.0000 0.1136 75.3247 49.0000 33.8491 36.9914 56.2112
13976.0000 0.1133 75.3911 49.0000 33.7491 37.1830 56.2339
13977.0000 0.1225 75.7146 49.0000 33.5826 36.9204 56.9368
13978.0000 0.1156 75.4939 49.0000 34.0185 36.8162 56.4504
13979.0000 0.1203 75.9639 49.0000 34.0186 36.8858 57.0323
13980.0000 0.1164 75.7212 49.0000 34.0608 36.9290 56.6552
13981.0000 0.1119 75.6172 49.0000 34.1067 37.1454 56.3465
13982.0000 0.1164 75.5709 49.0000 33.8575 36.9918 56.5352
13983.0000 0.1207 76.0078 49.0000 33.4475 37.4783 57.0423
13984.0000 0.1170 75.9860 49.0000 33.5431 37.6607 56.8367
13985.0000 0.1076 76.0564 49.0000 33.8513 38.1928 56.3913
13986.0000 0.1063 76.0001 49.0000 34.1731 37.9124 56.3105
13987.0000 0.1040 75.9917 49.0000 34.0809 38.1956 56.1633
13988.0000 0.1075 76.1716 49.0000 34.2052 37.9360 56.5064
13989.0000 0.1071 75.9585 49.0000 34.2284 37.7413 56.3356
13990.0000 0.1013 76.0373 49.0000 34.7036 37.8184 56.0989
13991.0000 0.1052 76.0852 49.0000 34.4442 37.7992 56.3363
13992.0000 0.1041 76.1415 49.0000 34.2225 38.1858 56.2867
13993.0000 0.1087 76.3796 49.0000 33.9975 38.2585 56.6948
13994.0000 0.1181 77.0401 49.0000 33.9691 38.1322 57.6820
13995.0000 0.1147 76.8764 49.0000 34.2272 37.9934 57.4019
13996.0000 0.1140 76.6484 49.0000 34.0620 38.0026 57.1888
13997.0000 0.1167 76.4969 49.0000 33.9342 37.7666 57.2182
13998.0000 0.1172 76.4682 49.0000 34.0076 37.6233 57.2308
13999.0000 0.1161 76.0905 49.0000 34.0211 37.3437 56.9015
14000.0000 0.1108 76.0759 49.0000 34.0277 37.7545 56.6061
14001.0000 0.1049 75.7329 49.0000 33.8912 38.0594 56.0208
14002.0000 0.1082 76.1852 49.0000 34.1803 37.9174 56.5523
14003.0000 0.1070 75.7461 49.0000 33.9937 37.7920 56.1575
14004.0000 0.1139 75.6219 49.0000 33.7170 37.3894 56.4258
14005.0000 0.1126 75.4170 49.0000 33.4103 37.6152 56.1834
14006.0000 0.1149 75.4323 49.0000 33.2816 37.5741 56.3076
14007.0000 0.1152 75.5131 49.0000 33.3637 37.5389 56.3908
14008.0000 0.1141 75.2202 49.0000 33.4277 37.2901 56.1258
14009.0000 0.1141 75.4743 49.0000 33.5845 37.3666 56.3222
14010.0000 0.1111 75.3820 49.0000 33.9153 37.1791 56.1241
14011.0000 0.1144 75.2595 49.0000 33.8214 36.8905 56.2068
14012.0000 0.1086 74.9437 49.0000 33.9367 36.9403 55.6800
14013.0000 0.1083 75.0904 49.0000 34.2212 36.8169 55.7852
14014.0000 0.1137 75.2712 49.0000 34.1735 36.5961 56.2019
14015.0000 0.1110 75.3722 49.0000 34.2614 36.8233 56.1352
14016.0000 0.1120 75.5165 49.0000 34.0346 37.1154 56.2746
14017.0000 0.1140 75.2831 49.0000 33.8184 36.9548 56.1980
14018.0000 0.1165 75.4644 49.0000 33.6361 37.1130 56.4457
14019.0000 0.1192 75.7258 49.0000 33.5338 37.2458 56.7683
14020.0000 0.1160 75.7506 49.0000 33.7709 37.2861 56.6341
14021.0000 0.1085 75.5752 49.0000 33.8224 37.6765 56.1083
14022.0000 0.1047 75.4456 49.0000 34.1401 37.5404 55.8320
14023.0000 0.1069 75.5083 49.0000 34.1418 37.4133 56.0008
14024.0000 0.1040 75.0817 49.0000 34.0384 37.3549 55.5271
14025.0000 0.1060 75.1768 49.0000 34.2417 37.0671 55.7233
14026.0000 0.1028 74.9604 49.0000 34.5304 36.8271 55.4118
14027.0000 0.1035 75.1794 49.0000 34.4738 37.0367 55.6038
14028.0000 0.1017 74.9429 49.0000 34.2590 37.1816 55.3199
14029.0000 0.0966 75.0751 49.0000 34.7970 37.1917 55.1563
14030.0000 0.0969 75.0166 49.0000 34.4842 37.4347 55.1088
14031.0000 0.0920 75.0833 49.0000 34.6900 37.7065 54.8846
14032.0000 0.0943 75.0955 49.0000 34.6524 37.5625 55.0237
14033.0000 0.0970 75.0060 49.0000 34.5865 37.3040 55.1188
14034.0000 0.0983 74.9355 49.0000 34.7852 36.9199 55.1565
14035.0000 0.0997 74.8941 49.0000 34.5581 36.9928 55.1941
14036.0000 0.0993 74.9307 49.0000 34.4070 37.2246 55.1823
14037.0000 0.0917 74.6782 49.0000 34.5651 37.4658 54.5748
14038.0000 0.0992 74.5724 49.0000 34.0248 37.2756 54.8989
14039.0000 0.1028 74.7179 49.0000 34.1503 36.9883 55.2121
14040.0000 0.1025 74.8147 49.0000 34.5225 36.7224 55.2892
14041.0000 0.1055 74.9740 49.0000 34.6273 36.5202 55.5727
14042.0000 0.1041 75.0437 49.0000 34.7237 36.5996 55.5544
14043.0000 0.0970 74.7411 49.0000 34.7009 36.9291 54.9392
14044.0000 0.0965 72.9654 48.0000 33.7499 36.2217 53.5993
14045.0000 0.1005 74.9376 49.0000 34.6898 36.8336 55.2770
14046.0000 0.0998 72.7565 48.0000 33.7762 35.7188 53.6362
14047.0000 0.0994 72.7204 48.0000 33.8969 35.5954 53.5931
14048.0000 0.1023 72.9106 48.0000 33.7575 35.6834 53.8802
14049.0000 0.0983 74.6902 49.0000 34.3667 37.1135 54.9558
14050.0000 0.1027 74.7896 49.0000 34.2601 36.9480 55.2683
14051.0000 0.1002 74.9080 49.0000 34.4432 37.0900 55.2196
14052.0000 0.1072 75.0406 49.0000 33.8808 37.2118 55.6638
14053.0000 0.1113 74.8985 49.0000 33.7293 36.8905 55.7783
14054.0000 0.1122 75.0222 49.0000 33.8280 36.8387 55.9188
14055.0000 0.1090 74.4822 49.0000 33.5795 36.8409 55.3422
14056.0000 0.1075 74.5371 49.0000 33.8032 36.7832 55.3183
14057.0000 0.1065 74.4920 49.0000 33.8280 36.7917 55.2367
14058.0000 0.1039 74.2362 49.0000 33.8996 36.6842 54.9190
14059.0000 0.0998 74.0714 49.0000 34.1713 36.5930 54.5880
14060.0000 0.1054 74.0142 49.0000 33.7081 36.5515 54.8257
14061.0000 0.1015 74.1037 49.0000 33.7376 36.9233 54.6790
14062.0000 0.0984 73.9023 49.0000 33.7829 36.9443 54.3635
14063.0000 0.0997 73.9852 49.0000 34.0709 36.6167 54.5179
14064.0000 0.1002 73.9942 49.0000 34.3249 36.3230 54.5672
14065.0000 0.1040 73.9819 49.0000 34.0588 36.2708 54.7518
14066.0000 0.1082 74.4965 49.0000 34.0742 36.4108 55.3438
14067.0000 0.1112 74.6788 49.0000 34.0914 36.3243 55.6349
14068.0000 0.1120 74.7716 49.0000 34.1153 36.3245 55.7446
14069.0000 0.1146 74.8017 49.0000 34.1989 36.0586 55.9062
14070.0000 0.1055 74.6750 49.0000 34.2010 36.6718 55.3338
14071.0000 0.1113 74.8569 49.0000 33.9543 36.6237 55.7618
14072.0000 0.1151 74.7546 49.0000 33.6474 36.5384 55.8664
14073.0000 0.1139 74.5409 49.0000 33.6006 36.4745 55.6504
14074.0000 0.1109 74.2496 49.0000 33.6541 36.3844 55.2864
14075.0000 0.1164 74.1928 49.0000 32.9997 36.5614 55.4875
14076.0000 0.1134 74.4066 49.0000 33.2222 36.7802 55.4963
14077.0000 0.1147 74.2388 49.0000 33.1747 36.5643 55.4427
14078.0000 0.1231 74.5747 49.0000 33.1237 36.2713 56.1124
14079.0000 0.1170 74.4195 49.0000 33.0338 36.6974 55.6806
14080.0000 0.1132 74.3696 49.0000 33.1067 36.8786 55.4505
14081.0000 0.1141 74.3768 49.0000 33.1539 36.7649 55.5073
14082.0000 0.1058 74.1731 49.0000 33.3809 37.0094 54.9333
14083.0000 0.1155 74.2187 49.0000 32.9244 36.7367 55.4510
14084.0000 0.1123 74.1203 49.0000 33.3557 36.4510 55.2498
14085.0000 0.1091 73.9720 49.0000 33.4381 36.4832 54.9794
14086.0000 0.1061 74.0245 49.0000 33.7271 36.4849 54.8721
14087.0000 0.1114 74.2447 49.0000 33.8334 36.1574 55.3192
14088.0000 0.1109 74.3504 49.0000 33.8136 36.3130 55.3714
14089.0000 0.1052 73.9621 49.0000 33.8982 36.3199 54.7920
14090.0000 0.1056 74.0453 49.0000 33.9823 36.2825 54.8772
14091.0000 0.1018 73.8064 49.0000 33.9671 36.3732 54.5032
14092.0000 0.1096 73.9409 49.0000 33.7478 36.0930 55.0058
14093.0000 0.1079 74.0684 49.0000 33.4953 36.6134 54.9877
14094.0000 0.1079 74.1914 49.0000 33.6764 36.5445 55.0887
14095.0000 0.1065 74.1536 49.0000 33.4759 36.8300 54.9697
14096.0000 0.1068 73.9509 49.0000 34.0419 36.0323 54.8777
14097.0000 0.1116 74.3699 49.0000 34.0039 36.0820 55.4320
14098.0000 0.1075 74.1760 49.0000 33.8577 36.3789 55.0665
14099.0000 0.1102 74.1832 49.0000 33.7591 36.2719 55.2070
14100.0000 0.1072 74.2692 49.0000 33.6617 36.6922 55.1043
14101.0000 0.1116 74.4987 49.0000 33.5786 36.6400 55.4982
14102.0000 0.1158 74.7550 49.0000 33.4477 36.6876 55.8890
14103.0000 0.1080 74.5525 49.0000 33.6639 36.8953 55.3494
14104.0000 0.1030 74.5562 49.0000 33.7573 37.2182 55.0806
14105.0000 0.1067 74.6431 49.0000 33.5803 37.1831 55.3297
14106.0000 0.1062 74.7233 49.0000 33.5658 37.3115 55.3603
14107.0000 0.1146 75.0538 49.0000 33.4810 37.0303 56.0433
14108.0000 0.1111 75.1955 49.0000 33.8093 37.1119 55.9823
14109.0000 0.1101 75.1718 49.0000 33.7566 37.2281 55.9049
14110.0000 0.1085 75.1974 49.0000 33.9544 37.1761 55.8542
14111.0000 0.0998 74.9155 49.0000 34.2912 37.2861 55.1924
14112.0000 0.1059 75.2487 49.0000 34.5307 36.8525 55.7844
14113.0000 0.1045 75.2463 49.0000 34.3969 37.0967 55.7018
14114.0000 0.1067 75.2143 49.0000 34.1871 37.1005 55.7852
14115.0000 0.1028 75.0107 49.0000 34.3666 37.0461 55.4358
14116.0000 0.1045 73.5370 48.0000 34.5710 35.2832 54.4759
14117.0000 0.0972 75.0149 49.0000 34.7031 37.1808 55.1409
14118.0000 0.1001 75.2474 49.0000 34.5998 37.2590 55.4688
14119.0000 0.0988 75.3911 49.0000 34.6452 37.4660 55.4962
14120.0000 0.1005 75.6536 49.0000 34.5179 37.7046 55.7705
14121.0000 0.0965 75.5266 49.0000 34.9568 37.4716 55.4812
14122.0000 0.0963 75.5957 49.0000 35.0565 37.4588 55.5211
14123.0000 0.1007 75.4908 49.0000 34.7675 37.2699 55.6870
14124.0000 0.0998 75.5453 49.0000 34.5455 37.6354 55.6532
14125.0000 0.0994 75.4727 49.0000 34.5614 37.5834 55.5799
14126.0000 0.1005 75.1967 49.0000 34.3813 37.4070 55.4364
14127.0000 0.1003 74.9319 49.0000 34.2013 37.3510 55.2265
14128.0000 0.0999 75.0700 49.0000 34.4287 37.2876 55.3155
14129.0000 0.0985 75.1381 49.0000 34.3411 37.5587 55.2790
14130.0000 0.1046 75.1802 49.0000 34.2741 37.1568 55.6481
14131.0000 0.1009 75.2145 49.0000 34.4621 37.3039 55.4798
14132.0000 0.1010 75.0329 49.0000 34.3649 37.2222 55.3488
14133.0000 0.0982 75.2632 49.0000 34.4979 37.5466 55.3597
14134.0000 0.0987 75.2381 49.0000 34.2413 37.7432 55.3511
14135.0000 0.0994 75.3079 49.0000 33.9194 38.0886 55.4076
14136.0000 0.1055 75.3497 49.0000 34.0909 37.4308 55.8061
14137.0000 0.1056 75.2709 49.0000 34.1971 37.2358 55.7652
14138.0000 0.1065 75.3314 49.0000 34.1421 37.2795 55.8513
14139.0000 0.1088 75.4148 49.0000 33.9267 37.3893 56.0215
14140.0000 0.1089 75.1837 49.0000 34.0964 36.9881 55.8740
14141.0000 0.1116 75.1309 49.0000 33.9868 36.8245 55.9777
14142.0000 0.1087 74.9329 49.0000 34.0131 36.8432 55.6832
14143.0000 0.1112 75.0210 49.0000 33.7610 36.9882 55.8589
14144.0000 0.1138 75.3892 49.0000 33.7520 37.1346 56.2615
14145.0000 0.1176 75.4032 49.0000 33.3660 37.2413 56.4396
14146.0000 0.1070 75.2093 49.0000 33.5070 37.7762 55.7376
14147.0000 0.1095 75.2847 49.0000 33.2621 37.8965 55.9041
14148.0000 0.1036 75.3022 49.0000 33.5074 38.1589 55.6019
14149.0000 0.1043 75.4066 49.0000 33.5517 38.1538 55.7201
14150.0000 0.1047 74.9841 49.0000 33.5240 37.7357 55.4506
14151.0000 0.1121 75.2504 49.0000 33.2207 37.6911 56.0213
14152.0000 0.1144 75.1191 49.0000 32.8300 37.7905 56.0085
14153.0000 0.1165 75.3025 49.0000 33.3163 37.2838 56.3064
14154.0000 0.1131 75.3695 49.0000 33.4025 37.5377 56.1762
14155.0000 0.1114 74.9557 49.0000 33.3035 37.3805 55.7847
14156.0000 0.1137 75.2459 49.0000 32.9971 37.7890 56.0814
14157.0000 0.1111 75.3601 49.0000 33.2994 37.7970 56.0506
14158.0000 0.1214 75.7431 49.0000 33.3520 37.2758 56.8787
14159.0000 0.1197 75.6044 49.0000 33.1668 37.4662 56.6770
14160.0000 0.1180 75.6409 49.0000 33.4644 37.3332 56.6384
14161.0000 0.1240 75.8014 49.0000 33.1770 37.3018 57.0414
14162.0000 0.1249 76.0520 49.0000 32.9547 37.6935 57.2459
14163.0000 0.1192 75.8907 49.0000 33.2007 37.7476 56.8527
14164.0000 0.1116 75.9768 49.0000 33.2658 38.3892 56.4990
14165.0000 0.1118 76.2403 49.0000 33.4628 38.4181 56.7175
14166.0000 0.1102 76.2828 49.0000 33.5340 38.5229 56.6614
14167.0000 0.1088 76.0774 49.0000 33.4921 38.4880 56.4334
14168.0000 0.1085 76.1475 49.0000 33.4802 38.5896 56.4656
14169.0000 0.1068 75.8359 49.0000 33.5397 38.3739 56.1570
14170.0000 0.1100 75.9722 49.0000 33.5889 38.1815 56.4424
14171.0000 0.1128 75.5108 49.0000 33.2997 37.8007 56.2506
14172.0000 0.1127 75.6995 49.0000 33.3983 37.8872 56.3874
14173.0000 0.1088 75.5740 49.0000 33.6039 37.8815 56.0999
14174.0000 0.1053 75.4098 49.0000 33.4759 38.1532 55.7704
14175.0000 0.1060 75.2203 49.0000 33.3225 38.0659 55.6659
14176.0000 0.1142 75.4010 49.0000 32.8657 38.0357 56.2000
14177.0000 0.1065 75.0787 49.0000 33.2393 37.9790 55.5838
14178.0000 0.1074 74.9668 49.0000 33.1936 37.8373 55.5566
14179.0000 0.1064 75.0425 49.0000 33.1865 38.0029 55.5501
14180.0000 0.1097 75.4193 49.0000 33.5162 37.7473 56.0346
14181.0000 0.1169 75.5681 49.0000 33.3527 37.4714 56.5157
14182.0000 0.1226 75.4516 49.0000 33.0365 37.2294 56.7055
14183.0000 0.1193 75.5173 49.0000 33.2329 37.3543 56.5959
14184.0000 0.1169 75.8039 49.0000 33.4655 37.5777 56.6939
14185.0000 0.1248 75.9858 49.0000 33.3200 37.2617 57.2292
14186.0000 0.1240 75.9083 49.0000 33.4528 37.1172 57.1427
14187.0000 0.1227 76.3956 49.0000 33.5328 37.6017 57.4278
14188.0000 0.1213 76.0703 49.0000 33.4167 37.5215 57.1152
14189.0000 0.1212 75.7932 49.0000 33.3020 37.3860 56.9023
14190.0000 0.1200 76.1942 49.0000 33.2925 37.8745 57.1199
14191.0000 0.1157 75.7795 49.0000 33.5400 37.5768 56.6179
14192.0000 0.1163 75.9344 49.0000 33.6111 37.5963 56.7701
14193.0000 0.1211 75.9713 49.0000 33.3194 37.5501 57.0215
14194.0000 0.1203 75.9448 49.0000 33.4066 37.4945 56.9717
14195.0000 0.1165 75.8283 49.0000 33.6791 37.4119 56.7098
14196.0000 0.1125 75.6009 49.0000 33.4451 37.7603 56.3123
14197.0000 0.1164 75.7700 49.0000 33.4170 37.6350 56.6392
14198.0000 0.1171 75.3246 49.0000 33.1096 37.4762 56.3301
14199.0000 0.1175 75.1437 49.0000 32.6004 37.7983 56.1701
14200.0000 0.1181 75.4451 49.0000 32.8521 37.7740 56.4432
14201.0000 0.1165 75.3236 49.0000 32.8783 37.7586 56.2756
14202.0000 0.1241 75.6688 49.0000 32.8368 37.5217 56.9177
14203.0000 0.1316 75.9006 49.0000 32.6531 37.3389 57.4498
14204.0000 0.1248 75.7041 49.0000 32.6364 37.7031 56.9602
14205.0000 0.1197 75.5865 49.0000 32.5743 38.0720 56.5929
14206.0000 0.1214 75.6936 49.0000 32.3062 38.3125 56.7273
14207.0000 0.1239 75.5882 49.0000 32.2416 38.0767 56.7822
14208.0000 0.1261 75.4269 49.0000 32.2592 37.7300 56.7892
14209.0000 0.1315 75.2791 49.0000 31.9617 37.4779 56.9280
14210.0000 0.1256 75.0623 49.0000 32.2054 37.4778 56.5028
14211.0000 0.1217 74.7806 49.0000 32.4123 37.3083 56.1219
14212.0000 0.1228 74.9135 49.0000 32.2732 37.4901 56.2581
14213.0000 0.1275 74.9313 49.0000 32.3163 37.0946 56.5185
14214.0000 0.1268 75.0099 49.0000 32.4756 37.0621 56.5528
14215.0000 0.1170 74.5648 49.0000 32.7554 37.1256 55.7556
14216.0000 0.1189 74.5320 49.0000 32.4186 37.2874 55.8005
14217.0000 0.1249 74.7456 49.0000 32.4039 37.0362 56.2602
14218.0000 0.1253 74.8293 49.0000 32.2126 37.2792 56.3209
14219.0000 0.1297 75.0528 49.0000 32.5182 36.8335 56.7343
14220.0000 0.1250 74.8594 49.0000 32.4944 37.0366 56.3590
14221.0000 0.1269 74.7458 49.0000 32.1692 37.1188 56.3407
14222.0000 0.1287 74.9955 49.0000 32.3858 36.9893 56.6329
14223.0000 0.1302 74.9375 49.0000 32.3770 36.8290 56.6655
14224.0000 0.1335 75.0247 49.0000 32.2887 36.7509 56.8816
14225.0000 0.1407 75.6971 49.0000 32.0055 37.1095 57.6939
14226.0000 0.1357 75.3464 49.0000 32.2404 36.9318 57.2161
14227.0000 0.1289 75.2064 49.0000 32.2531 37.3077 56.7791
14228.0000 0.1268 74.9030 49.0000 32.1773 37.2689 56.4457
14229.0000 0.1278 75.0544 49.0000 32.0398 37.4741 56.5889
14230.0000 0.1297 74.9835 49.0000 32.1824 37.1100 56.6540
14231.0000 0.1225 74.8967 49.0000 32.3028 37.4659 56.2348
14232.0000 0.1263 74.6159 49.0000 31.9117 37.3120 56.1871
14233.0000 0.1269 74.5524 49.0000 32.0138 37.0953 56.1882
14234.0000 0.1288 74.6992 49.0000 31.6564 37.4569 56.3456
14235.0000 0.1304 74.6524 49.0000 31.8542 37.0824 56.4197
14236.0000 0.1339 74.6236 49.0000 31.9490 36.6953 56.5809
14237.0000 0.1321 74.6577 49.0000 31.5670 37.2535 56.4754
14238.0000 0.1362 74.8539 49.0000 31.6720 37.0179 56.8301
14239.0000 0.1328 74.3187 49.0000 31.5731 36.8781 56.2709
14240.0000 0.1392 74.3263 49.0000 31.4942 36.4812 56.5830
14241.0000 0.1372 74.4362 49.0000 31.6966 36.5241 56.5868
14242.0000 0.1400 74.5210 49.0000 31.7118 36.3787 56.7832
14243.0000 0.1373 74.4168 49.0000 31.6811 36.5148 56.5759
14244.0000 0.1357 74.2070 49.0000 31.6344 36.4875 56.3437
14245.0000 0.1369 74.0811 49.0000 31.6622 36.2596 56.3094
14246.0000 0.1297 73.8924 49.0000 31.6947 36.5911 55.8267
14247.0000 0.1322 73.9625 49.0000 31.5837 36.5778 55.9909
14248.0000 0.1284 73.7958 49.0000 31.9233 36.3634 55.7174
14249.0000 0.1296 74.0004 49.0000 31.7703 36.6186 55.9087
14250.0000 0.1318 73.9206 49.0000 31.4526 36.7060 55.9254
14251.0000 0.1301 73.8808 49.0000 31.7417 36.5044 55.8415
14252.0000 0.1365 74.1165 49.0000 31.8162 36.1646 56.3303
14253.0000 0.1328 74.0336 49.0000 31.9390 36.2333 56.1072
14254.0000 0.1315 73.8106 49.0000 31.8776 36.1921 55.8744
14255.0000 0.1297 73.6875 49.0000 31.7777 36.3161 55.6882
14256.0000 0.1333 73.8706 49.0000 31.7742 36.2178 55.9958
14257.0000 0.1250 73.5499 49.0000 31.7793 36.5406 55.3575
14258.0000 0.1235 73.3690 49.0000 31.4716 36.8095 55.1145
14259.0000 0.1289 73.5764 49.0000 31.2763 36.7852 55.5169
14260.0000 0.1228 73.3853 49.0000 31.3869 36.9661 55.0797
14261.0000 0.1240 73.6694 49.0000 31.6384 36.8795 55.3723
14262.0000 0.1269 73.7590 49.0000 31.5822 36.7976 55.5778
14263.0000 0.1323 74.3542 49.0000 31.7831 36.7312 56.2957
14264.0000 0.1260 73.9151 49.0000 31.6759 36.9155 55.6536
14265.0000 0.1242 74.1126 49.0000 31.8338 37.0823 55.7152
14266.0000 0.1233 74.0843 49.0000 31.8687 37.0881 55.6537
14267.0000 0.1235 74.1894 49.0000 31.9488 37.0843 55.7503
14268.0000 0.1282 74.2813 49.0000 31.7791 36.9859 56.0343
14269.0000 0.1287 74.0309 49.0000 31.5898 36.9060 55.8624
14270.0000 0.1267 73.8997 49.0000 31.2656 37.2744 55.6259
14271.0000 0.1225 74.0304 49.0000 31.3923 37.5931 55.5138
14272.0000 0.1246 74.0616 49.0000 31.4464 37.4040 55.6523
14273.0000 0.1268 74.2475 49.0000 31.5759 37.2734 55.9137
14274.0000 0.1261 73.8650 49.0000 31.3901 37.1579 55.5876
14275.0000 0.1358 74.5558 49.0000 31.2747 37.1747 56.5553
14276.0000 0.1307 74.2953 49.0000 31.7162 36.8679 56.1661
14277.0000 0.1376 74.7990 49.0000 31.5816 36.9508 56.8518
14278.0000 0.1395 74.7733 49.0000 31.3860 36.9855 56.9037
14279.0000 0.1339 74.5873 49.0000 31.6671 36.9487 56.5265
14280.0000 0.1306 74.4396 49.0000 31.5552 37.1784 56.2431
14281.0000 0.1293 74.2120 49.0000 31.6976 36.9191 56.0327
14282.0000 0.1287 74.1672 49.0000 31.6020 37.0242 55.9579
14283.0000 0.1304 74.3020 49.0000 31.6293 36.9860 56.1462
14284.0000 0.1293 74.2899 49.0000 31.8860 36.7964 56.1097
14285.0000 0.1250 74.0561 49.0000 31.7506 37.0509 55.7085
14286.0000 0.1309 74.2342 49.0000 31.6800 36.8323 56.1291
14287.0000 0.1230 73.9759 49.0000 31.7617 37.1183 55.5505
14288.0000 0.1282 74.3673 49.0000 31.6988 37.1510 56.0846
14289.0000 0.1322 74.5015 49.0000 31.7183 36.9471 56.3856
14290.0000 0.1333 74.5136 49.0000 31.5821 37.0112 56.4360
14291.0000 0.1292 74.2041 49.0000 31.6866 36.9274 56.0230
14292.0000 0.1279 74.2801 49.0000 31.6119 37.1795 55.9991
14293.0000 0.1281 74.3985 49.0000 31.8330 37.0463 56.1192
14294.0000 0.1256 74.1251 49.0000 32.0645 36.7441 55.8235
14295.0000 0.1231 74.3474 49.0000 32.2231 36.9831 55.8699
14296.0000 0.1185 74.0866 49.0000 32.3700 36.9492 55.4596
14297.0000 0.1175 73.8722 49.0000 32.4553 36.7338 55.2665
14298.0000 0.1207 73.8287 49.0000 32.2603 36.6460 55.3807
14299.0000 0.1182 73.6847 49.0000 32.4791 36.4792 55.1708
14300.0000 0.1201 73.8271 49.0000 32.4812 36.4618 55.3710
14301.0000 0.1176 73.8834 49.0000 32.6078 36.5764 55.2961
14302.0000 0.1157 73.8276 49.0000 32.7267 36.5533 55.1665
14303.0000 0.1194 73.9963 49.0000 32.6024 36.5539 55.4649
14304.0000 0.1248 74.0457 49.0000 32.3622 36.4242 55.7561
14305.0000 0.1304 74.0896 49.0000 32.1845 36.2157 56.0522
14306.0000 0.1284 74.1203 49.0000 32.3763 36.2014 55.9916
14307.0000 0.1275 74.0643 49.0000 32.3952 36.1983 55.9085
14308.0000 0.1279 73.7614 49.0000 32.6448 35.6305 55.7273
14309.0000 0.1256 73.6615 49.0000 32.3262 36.0366 55.5193
14310.0000 0.1299 73.8489 49.0000 32.3613 35.8552 55.8642
14311.0000 0.1227 73.6424 49.0000 32.6524 35.9101 55.3850
14312.0000 0.1256 73.6877 49.0000 32.5110 35.8732 55.5520
14313.0000 0.1204 73.6866 49.0000 32.6569 36.1256 55.3009
14314.0000 0.1244 73.8864 49.0000 32.4958 36.1697 55.6326
14315.0000 0.1259 74.0756 49.0000 32.6586 36.0604 55.8593
14316.0000 0.1269 74.0021 49.0000 32.4120 36.1740 55.8319
14317.0000 0.1301 74.4068 49.0000 32.5737 36.1437 56.2935
14318.0000 0.1285 74.2610 49.0000 32.3266 36.3751 56.0940
14319.0000 0.1253 74.0494 49.0000 32.4798 36.2710 55.7924
14320.0000 0.1220 74.0794 49.0000 32.6798 36.3450 55.6671
14321.0000 0.1152 73.9583 49.0000 32.8648 36.5779 55.2431
14322.0000 0.1157 74.0657 49.0000 32.8607 36.6446 55.3451
14323.0000 0.1188 74.0103 49.0000 32.4860 36.7278 55.4369
14324.0000 0.1202 74.0981 49.0000 32.4805 36.7113 55.5682
14325.0000 0.1240 73.8972 49.0000 32.0186 36.7023 55.5746
14326.0000 0.1203 73.7314 49.0000 32.1356 36.7093 55.2816
14327.0000 0.1219 73.7217 49.0000 31.8190 36.9087 55.3189
14328.0000 0.1199 73.9446 49.0000 31.9426 37.1470 55.3858
14329.0000 0.1203 73.7824 49.0000 31.9468 36.9530 55.2967
14330.0000 0.1232 74.0536 49.0000 31.6827 37.2623 55.6027
14331.0000 0.1234 73.8751 49.0000 31.7244 37.0347 55.4935
14332.0000 0.1253 74.0967 49.0000 31.8412 36.9696 55.7647
14333.0000 0.1218 73.9200 49.0000 32.1371 36.7681 55.4930
14334.0000 0.1223 73.8195 49.0000 31.8066 36.9823 55.4073
14335.0000 0.1231 73.6936 49.0000 31.6227 36.9846 55.3435
14336.0000 0.1195 73.6753 49.0000 31.7498 37.1208 55.1548
14337.0000 0.1242 73.8634 49.0000 31.6450 37.0389 55.5204
14338.0000 0.1267 73.9932 49.0000 31.8914 36.7108 55.7696
14339.0000 0.1243 73.9230 49.0000 31.7892 36.9379 55.5847
14340.0000 0.1189 73.5993 49.0000 32.1909 36.6419 55.1178
14341.0000 0.1184 73.8650 49.0000 32.5801 36.5305 55.3181
14342.0000 0.1243 74.2244 49.0000 32.3465 36.6474 55.8564
14343.0000 0.1202 74.0452 49.0000 32.4338 36.7092 55.5263
14344.0000 0.1129 73.7723 49.0000 32.5679 36.8925 54.9603
14345.0000 0.1149 73.7507 49.0000 32.4702 36.8081 55.0456
14346.0000 0.1123 73.8031 49.0000 32.7597 36.7698 54.9698
14347.0000 0.1128 73.9357 49.0000 32.5220 37.1038 55.0647
14348.0000 0.1073 73.7867 49.0000 32.7586 37.1579 54.6868
14349.0000 0.1104 74.0306 49.0000 32.5854 37.3272 55.0036
14350.0000 0.1097 74.0961 49.0000 32.4424 37.5974 54.9923
14351.0000 0.1080 73.7821 49.0000 32.3453 37.5380 54.6670
14352.0000 0.1142 74.0988 49.0000 32.2884 37.3864 55.2299
14353.0000 0.1070 74.0038 49.0000 32.3415 37.8345 54.7644
14354.0000 0.1181 74.2676 49.0000 32.0487 37.4886 55.5263
14355.0000 0.1191 74.1820 49.0000 32.2705 37.0962 55.5469
14356.0000 0.1202 74.2208 49.0000 32.0375 37.2827 55.6087
14357.0000 0.1156 73.9251 49.0000 32.2145 37.1896 55.1732
14358.0000 0.1074 73.8061 49.0000 32.5544 37.3864 54.6792
14359.0000 0.1047 73.7798 49.0000 32.5731 37.5693 54.5068
14360.0000 0.1075 74.0379 49.0000 32.2951 37.8799 54.8064
14361.0000 0.1092 74.0751 49.0000 32.3418 37.7213 54.9384
14362.0000 0.1190 74.5907 49.0000 32.0197 37.7534 55.7959
14363.0000 0.1174 74.4001 49.0000 32.0852 37.6335 55.5845
14364.0000 0.1082 74.2821 49.0000 32.4821 37.8594 55.0401
14365.0000 0.1049 74.1085 49.0000 32.6851 37.7501 54.7603
14366.0000 0.1115 74.2007 49.0000 32.2370 37.7661 55.1385
14367.0000 0.1187 74.2423 49.0000 31.9032 37.5682 55.5224
14368.0000 0.1231 74.5532 49.0000 31.7431 37.6792 55.9539
14369.0000 0.1224 74.5457 49.0000 31.8896 37.5751 55.9305
14370.0000 0.1255 74.6157 49.0000 31.6321 37.6596 56.1130
14371.0000 0.1248 74.6867 49.0000 31.6837 37.7316 56.1299
14372.0000 0.1284 74.8103 49.0000 31.6175 37.6326 56.3977
14373.0000 0.1260 74.8380 49.0000 31.7036 37.7607 56.3005
14374.0000 0.1063 73.2582 48.0000 32.1613 37.3569 54.1929
14375.0000 0.1013 73.0467 48.0000 32.1693 37.5678 53.7552
14376.0000 0.0978 72.8773 48.0000 32.0914 37.7809 53.4214
14377.0000 0.0981 72.7521 48.0000 32.0019 37.7328 53.3383
14378.0000 0.0956 72.7906 48.0000 32.0102 37.9784 53.2115
14379.0000 0.0998 72.6871 48.0000 31.6411 37.9089 53.3402
14380.0000 0.1018 72.6416 48.0000 31.6262 37.7078 53.4294
14381.0000 0.1104 72.9213 48.0000 31.6229 37.2689 54.1159
14382.0000 0.1231 74.4267 49.0000 31.1164 38.2202 55.7702
14383.0000 0.1032 72.6779 48.0000 32.0885 37.1304 53.6072
14384.0000 0.1173 74.0879 49.0000 31.7458 37.6954 55.3198
14385.0000 0.1193 74.0005 49.0000 31.6085 37.5965 55.3487
14386.0000 0.1214 74.4069 49.0000 31.7545 37.6608 55.7647
14387.0000 0.1165 74.1422 49.0000 32.0006 37.5507 55.3441
14388.0000 0.1232 74.2989 49.0000 31.7580 37.4121 55.7861
14389.0000 0.1235 74.4929 49.0000 31.8137 37.5193 55.9409
14390.0000 0.1214 74.5046 49.0000 32.0520 37.4467 55.8690
14391.0000 0.1224 74.4927 49.0000 31.7573 37.6594 55.8785
14392.0000 0.1213 74.2369 49.0000 31.7233 37.5462 55.6330
14393.0000 0.1182 74.2215 49.0000 31.7982 37.6954 55.4686
14394.0000 0.1222 74.2315 49.0000 31.6987 37.4893 55.6782
14395.0000 0.1218 74.3122 49.0000 31.9264 37.3652 55.7392
14396.0000 0.1240 74.2145 49.0000 31.9088 37.1150 55.7862
14397.0000 0.1166 74.0220 49.0000 32.5188 36.8803 55.3319
14398.0000 0.1157 73.9382 49.0000 31.9158 37.5020 55.1528
14399.0000 0.1169 73.9075 49.0000 31.7504 37.5490 55.1752
14400.0000 0.1146 73.8927 49.0000 31.9443 37.5222 55.0616
14401.0000 0.1118 73.6209 49.0000 31.9652 37.4658 54.7227
14402.0000 0.1082 73.4493 49.0000 32.0895 37.4660 54.4185
14403.0000 0.1097 73.3300 49.0000 31.9573 37.3686 54.4023
14404.0000 0.1092 73.5684 49.0000 32.2614 37.3164 54.5802
14405.0000 0.1070 73.4785 49.0000 32.4094 37.2536 54.4141
14406.0000 0.1056 73.5458 49.0000 32.1529 37.7103 54.3426
14407.0000 0.1091 73.6362 49.0000 32.0819 37.5783 54.5977
14408.0000 0.1047 73.1842 49.0000 32.1288 37.4595 54.0412
14409.0000 0.1062 73.6255 49.0000 32.3280 37.5468 54.4597
14410.0000 0.1036 73.9746 49.0000 32.6419 37.7814 54.5830
14411.0000 0.0995 73.7109 49.0000 32.7139 37.7942 54.1729
14412.0000 0.1052 73.8719 49.0000 32.4058 37.7898 54.5789
14413.0000 0.1031 73.8072 49.0000 32.6226 37.6776 54.4396
14414.0000 0.1045 73.8128 49.0000 32.3614 37.8404 54.4901
14415.0000 0.0982 73.9191 49.0000 32.5654 38.2717 54.2107
14416.0000 0.0974 73.8192 49.0000 32.4780 38.3403 54.0784
14417.0000 0.0908 73.6605 49.0000 32.8264 38.3911 53.6136
14418.0000 0.0907 73.5292 49.0000 32.7309 38.3747 53.5034
14419.0000 0.0956 73.3549 49.0000 32.3537 38.1736 53.6373
14420.0000 0.0978 73.6710 49.0000 32.6845 37.9352 54.0375
14421.0000 0.0995 73.9154 49.0000 32.7776 37.9288 54.3188
14422.0000 0.0963 73.6851 49.0000 32.6964 38.0634 53.9595
14423.0000 0.1011 73.4974 49.0000 32.5338 37.6334 54.1031
14424.0000 0.0968 73.6050 49.0000 32.7531 37.8845 53.9416
14425.0000 0.0987 73.5115 49.0000 32.7843 37.5869 54.0032
14426.0000 0.0976 73.3732 49.0000 32.8868 37.4339 53.8590
14427.0000 0.0998 73.3983 49.0000 32.9606 37.1967 54.0122
14428.0000 0.1014 73.7056 49.0000 33.0089 37.3102 54.3221
14429.0000 0.1022 73.6555 49.0000 32.8194 37.3916 54.3129
14430.0000 0.1054 73.4208 49.0000 32.6555 37.0726 54.3126
14431.0000 0.1002 73.0058 49.0000 32.8243 36.9219 53.7511
14432.0000 0.1060 73.1360 49.0000 32.6164 36.7820 54.1491
14433.0000 0.1035 73.1767 49.0000 32.7781 36.8634 54.0510
14434.0000 0.1047 72.9730 49.0000 32.6009 36.7525 53.9583
14435.0000 0.1025 72.9421 49.0000 32.8417 36.6533 53.8378
14436.0000 0.1017 72.8951 49.0000 32.5931 36.9278 53.7375
14437.0000 0.1084 73.1181 49.0000 32.3694 36.8336 54.2380
14438.0000 0.1132 73.3493 49.0000 32.4396 36.5898 54.6715
14439.0000 0.1019 73.1980 49.0000 32.9157 36.8678 53.9932
14440.0000 0.1037 73.0497 49.0000 32.8869 36.6099 53.9855
14441.0000 0.1093 73.3818 49.0000 32.8837 36.4731 54.5277
14442.0000 0.1111 73.4696 49.0000 32.7507 36.5542 54.6713
14443.0000 0.1073 73.3763 49.0000 32.9258 36.5914 54.4154
14444.0000 0.1090 73.1041 49.0000 32.7673 36.3566 54.3020
14445.0000 0.1088 73.0574 49.0000 32.6051 36.4944 54.2444
14446.0000 0.1099 73.1918 49.0000 32.6417 36.4957 54.4025
14447.0000 0.1048 73.1246 49.0000 33.0768 36.3959 54.1153
14448.0000 0.1022 72.9657 49.0000 32.9814 36.5497 53.8548
14449.0000 0.1032 72.8504 49.0000 33.0743 36.2626 53.8358
14450.0000 0.1051 73.1952 49.0000 33.3765 36.1293 54.2054
14451.0000 0.1006 72.9943 49.0000 33.9403 35.7175 53.8562
14452.0000 0.1057 73.0278 49.0000 33.7589 35.5264 54.1413
14453.0000 0.1070 73.0230 49.0000 33.4924 35.6878 54.1940
14454.0000 0.1073 73.0312 49.0000 33.6570 35.5036 54.2241
14455.0000 0.1105 73.2209 49.0000 33.6337 35.4576 54.5237
14456.0000 0.1127 73.2029 49.0000 33.4234 35.4817 54.6131
14457.0000 0.1175 73.4168 49.0000 33.1173 35.6217 54.9942
14458.0000 0.1194 73.4655 49.0000 32.9261 35.7164 55.1125
14459.0000 0.1187 73.6131 49.0000 32.7991 36.0365 55.1768
14460.0000 0.1173 73.4807 49.0000 32.8559 35.9677 55.0111
14461.0000 0.1175 73.5163 49.0000 32.8644 35.9711 55.0514
14462.0000 0.1194 73.3967 49.0000 32.7569 35.8254 55.0509
14463.0000 0.1182 73.1346 49.0000 32.9200 35.5049 54.8118
14464.0000 0.1175 73.1988 49.0000 32.4814 36.0650 54.7936
14465.0000 0.1164 73.0122 49.0000 32.6440 35.8047 54.6183
14466.0000 0.1164 73.2000 49.0000 32.6066 36.0258 54.7466
14467.0000 0.1180 73.2164 49.0000 32.3997 36.1312 54.8218
14468.0000 0.1133 73.0880 49.0000 32.9090 35.8479 54.5323
14469.0000 0.1167 73.2784 49.0000 32.5578 36.1282 54.8129
14470.0000 0.1123 73.4577 49.0000 33.0278 36.1601 54.7507
14471.0000 0.1128 73.3166 49.0000 32.7667 36.2511 54.6583
14472.0000 0.1118 73.2135 49.0000 32.9522 36.0407 54.5476
14473.0000 0.1086 73.2542 49.0000 33.1451 36.1376 54.4211
14474.0000 0.1096 73.2042 49.0000 33.2080 35.9501 54.4397
14475.0000 0.1069 73.1321 49.0000 33.2767 36.0211 54.2535
14476.0000 0.1061 73.1724 49.0000 33.5127 35.8804 54.2559
14477.0000 0.1086 73.1906 49.0000 33.1741 36.0439 54.3799
14478.0000 0.1043 72.9315 49.0000 33.2137 36.1064 53.9646
14479.0000 0.1069 72.9820 49.0000 33.2046 35.9559 54.1388
14480.0000 0.1045 72.9019 49.0000 33.1159 36.1573 53.9507
14481.0000 0.0999 72.7237 49.0000 33.1453 36.3308 53.5743
14482.0000 0.1022 72.7080 49.0000 32.9116 36.3692 53.6708
14483.0000 0.1012 72.4861 49.0000 32.7347 36.4273 53.4390
14484.0000 0.1073 72.6201 49.0000 32.6582 36.1373 53.8629
14485.0000 0.1060 72.4917 49.0000 32.6258 36.1555 53.6972
14486.0000 0.1004 72.1355 49.0000 32.8976 35.9767 53.1692
14487.0000 0.1034 72.5808 49.0000 33.0921 35.9651 53.6599
14488.0000 0.1057 72.9177 49.0000 33.2652 35.9254 54.0351
14489.0000 0.1032 72.7647 49.0000 33.4062 35.8352 53.8012
14490.0000 0.1081 72.9857 49.0000 33.4200 35.6410 54.2194
14491.0000 0.1075 73.0521 49.0000 33.3882 35.7834 54.2346
14492.0000 0.1034 72.7594 49.0000 33.1849 36.0396 53.7945
14493.0000 0.0963 72.6413 49.0000 33.4695 36.2150 53.3388
14494.0000 0.1036 72.7120 49.0000 33.4653 35.6879 53.7911
14495.0000 0.1007 72.7032 49.0000 33.4189 35.9667 53.6220
14496.0000 0.1047 73.0892 49.0000 33.4855 35.9468 54.1163
14497.0000 0.1092 73.0401 49.0000 33.5418 35.4798 54.3229
14498.0000 0.1090 73.0412 49.0000 33.5185 35.5237 54.3102
14499.0000 0.1115 73.0443 49.0000 33.3723 35.4786 54.4337
14500.0000 0.1116 73.0315 49.0000 33.2116 35.6168 54.4246
14501.0000 0.1075 72.8151 49.0000 33.2517 35.6948 54.0578
14502.0000 0.1077 72.8756 49.0000 33.2665 35.7193 54.1140
14503.0000 0.1071 72.9352 49.0000 33.5913 35.4918 54.1433
14504.0000 0.0890 71.4887 48.0000 33.4763 35.6950 52.1137
14505.0000 0.0909 71.8291 48.0000 33.6721 35.6598 52.4785
14506.0000 0.0969 72.0698 48.0000 33.3250 35.7577 52.9612
14507.0000 0.1114 73.1725 49.0000 33.1060 35.8751 54.5085
14508.0000 0.1121 73.3595 49.0000 33.1362 35.9729 54.6768
14509.0000 0.1105 73.2014 49.0000 33.3435 35.7324 54.4963
14510.0000 0.1097 73.0368 49.0000 33.3895 35.5920 54.3390
14511.0000 0.1058 73.0518 49.0000 33.3952 35.9155 54.1424
14512.0000 0.1114 73.1449 49.0000 33.1304 35.8303 54.4862
14513.0000 0.1130 73.0146 49.0000 32.8782 35.8355 54.4607
14514.0000 0.1126 72.9292 49.0000 32.8767 35.7829 54.3817
14515.0000 0.1113 73.0151 49.0000 32.7937 36.0564 54.3665
14516.0000 0.1072 72.8807 49.0000 33.1992 35.8330 54.0870
14517.0000 0.1061 72.8399 49.0000 33.2832 35.7969 54.0043
14518.0000 0.1108 72.9085 49.0000 32.8666 35.9168 54.2717
14519.0000 0.1113 72.8505 49.0000 33.0693 35.6128 54.2710
14520.0000 0.1077 72.7417 49.0000 32.8774 35.9925 53.9905
14521.0000 0.1031 72.6930 49.0000 32.9808 36.2102 53.7155
14522.0000 0.1047 72.8503 49.0000 32.8474 36.3756 53.8983
14523.0000 0.1050 72.7905 49.0000 32.7901 36.3531 53.8676
14524.0000 0.1042 72.8385 49.0000 32.6508 36.6124 53.8414
14525.0000 0.1047 73.0000 49.0000 32.5419 36.8408 53.9701
14526.0000 0.1025 72.8865 49.0000 32.5976 36.8554 53.7729
14527.0000 0.1053 73.3796 49.0000 32.5735 37.1273 54.2688
14528.0000 0.1029 73.2707 49.0000 32.6960 37.0861 54.0758
14529.0000 0.1000 72.9416 49.0000 32.7719 36.9305 53.6900
14530.0000 0.1115 73.1759 49.0000 32.7380 36.2489 54.4881
14531.0000 0.1068 73.2740 49.0000 32.9765 36.4767 54.3238
14532.0000 0.1124 73.5004 49.0000 32.8904 36.3363 54.7741
14533.0000 0.1117 73.5628 49.0000 32.9313 36.4062 54.7870
14534.0000 0.1166 73.5880 49.0000 32.7233 36.2570 55.0437
14535.0000 0.1181 73.6833 49.0000 32.6874 36.2655 55.1868
14536.0000 0.1152 73.6633 49.0000 32.3793 36.7944 54.9912
14537.0000 0.1155 73.7002 49.0000 32.6416 36.5363 55.0577
14538.0000 0.1200 73.8335 49.0000 32.3596 36.6017 55.3585
14539.0000 0.1226 74.1404 49.0000 32.4991 36.5421 55.7251
14540.0000 0.1171 74.2252 49.0000 32.7760 36.7715 55.5245
14541.0000 0.1175 74.1480 49.0000 32.7377 36.7027 55.4894
14542.0000 0.1189 73.8023 49.0000 32.6796 36.3242 55.3116
14543.0000 0.1234 74.0138 49.0000 32.4628 36.3985 55.6720
14544.0000 0.1254 74.0870 49.0000 32.3859 36.3961 55.8154
14545.0000 0.1244 74.0592 49.0000 32.2912 36.5418 55.7381
14546.0000 0.1248 74.0412 49.0000 32.0761 36.7113 55.7270
14547.0000 0.1282 74.0528 49.0000 31.9952 36.5441 55.8986
14548.0000 0.1292 74.0841 49.0000 31.7749 36.7221 55.9491
14549.0000 0.1360 74.3876 49.0000 31.5648 36.7053 56.4792
14550.0000 0.1300 74.3011 49.0000 31.7048 36.9385 56.1338
14551.0000 0.1253 74.2083 49.0000 31.7903 37.1310 55.8350
14552.0000 0.1273 74.1830 49.0000 31.6937 37.0484 55.9110
14553.0000 0.1248 74.2418 49.0000 31.8648 37.1255 55.8407
14554.0000 0.1223 74.3429 49.0000 31.7167 37.5683 55.7632
14555.0000 0.1284 74.4416 49.0000 31.5170 37.3893 56.1273
14556.0000 0.1246 74.6198 49.0000 31.6096 37.7639 56.0611
14557.0000 0.1344 74.6895 49.0000 31.2859 37.3996 56.5772
14558.0000 0.1258 74.3339 49.0000 31.4843 37.5275 55.9102
14559.0000 0.1195 74.2667 49.0000 31.9644 37.4592 55.5935
14560.0000 0.1213 74.4942 49.0000 31.9046 37.5952 55.8398
14561.0000 0.1157 74.0330 49.0000 32.1099 37.3932 55.2411
14562.0000 0.1183 74.2218 49.0000 32.1954 37.2722 55.5259
14563.0000 0.1232 74.2140 49.0000 32.1219 36.9579 55.7675
14564.0000 0.1257 74.3750 49.0000 31.9663 37.0706 55.9962
14565.0000 0.1212 74.4415 49.0000 32.0368 37.4177 55.8131
14566.0000 0.1174 74.3025 49.0000 32.0368 37.5917 55.5101
14567.0000 0.1184 74.4149 49.0000 32.2347 37.4111 55.6679
14568.0000 0.1176 74.4376 49.0000 32.3787 37.3475 55.6573
14569.0000 0.1195 74.4753 49.0000 32.2147 37.4007 55.7671
14570.0000 0.1179 74.6254 49.0000 32.1214 37.7743 55.7698
14571.0000 0.1139 74.3909 49.0000 32.3603 37.6190 55.4223
14572.0000 0.1188 74.5536 49.0000 32.2189 37.5249 55.7859
14573.0000 0.1067 74.0204 49.0000 32.4601 37.7538 54.7724
14574.0000 0.1129 74.3518 49.0000 32.6492 37.3579 55.3770
14575.0000 0.1112 74.5167 49.0000 32.6981 37.6075 55.4008
14576.0000 0.1099 74.6648 49.0000 32.4550 38.1167 55.3952
14577.0000 0.1125 74.7358 49.0000 32.1045 38.3378 55.5424
14578.0000 0.1148 74.6260 49.0000 31.9213 38.2360 55.5705
14579.0000 0.1177 74.6092 49.0000 31.8682 38.0402 55.7126
14580.0000 0.1157 74.8182 49.0000 31.9102 38.3627 55.7477
14581.0000 0.1124 74.5995 49.0000 31.8698 38.4646 55.4064
14582.0000 0.1104 74.4715 49.0000 32.2045 38.1579 55.2526
14583.0000 0.1141 74.4775 49.0000 31.9147 38.1546 55.4309
14584.0000 0.1228 74.5785 49.0000 31.5102 37.9676 55.9243
14585.0000 0.1232 74.4876 49.0000 31.4530 37.9132 55.8722
14586.0000 0.1247 74.4711 49.0000 31.5719 37.6552 55.9575
14587.0000 0.1268 74.6255 49.0000 31.6719 37.5310 56.1896
14588.0000 0.1182 74.3140 49.0000 31.7081 37.8825 55.5164
14589.0000 0.1225 74.4738 49.0000 31.6804 37.7142 55.8600
14590.0000 0.1192 74.2425 49.0000 31.7774 37.6598 55.5327
14591.0000 0.1193 74.0459 49.0000 31.5046 37.7516 55.3631
14592.0000 0.1209 74.0550 49.0000 31.6252 37.5062 55.4732
14593.0000 0.1250 74.2518 49.0000 31.8083 37.1715 55.8555
14594.0000 0.1195 73.9191 49.0000 31.9449 37.1519 55.3471
14595.0000 0.1176 73.7643 49.0000 31.9156 37.1898 55.1315
14596.0000 0.1193 73.7957 49.0000 31.8015 37.2013 55.2317
14597.0000 0.1243 74.3368 49.0000 31.9105 37.2022 55.8898
14598.0000 0.1152 73.9827 49.0000 32.0759 37.4219 55.1741
14599.0000 0.1201 73.7739 49.0000 31.7916 37.1284 55.2573
14600.0000 0.1177 73.7604 49.0000 31.9044 37.1833 55.1372
14601.0000 0.1189 73.9441 49.0000 31.9532 37.2163 55.3324
14602.0000 0.1190 74.1440 49.0000 32.1100 37.2363 55.4955
14603.0000 0.1148 74.1202 49.0000 32.2666 37.3880 55.2704
14604.0000 0.1153 74.1128 49.0000 32.2862 37.3170 55.2969
14605.0000 0.1156 74.1994 49.0000 32.3235 37.3379 55.3770
14606.0000 0.1185 74.3313 49.0000 32.3510 37.2035 55.6278
14607.0000 0.1155 74.5752 49.0000 32.3897 37.6390 55.6388
14608.0000 0.1209 74.7943 49.0000 32.3864 37.4168 56.0829
14609.0000 0.1177 74.7519 49.0000 32.4605 37.5556 55.8905
14610.0000 0.1133 74.7837 49.0000 32.4586 37.9434 55.6718
14611.0000 0.1165 74.9025 49.0000 32.5815 37.6642 55.9485
14612.0000 0.1128 74.8811 49.0000 32.9769 37.5388 55.7722
14613.0000 0.1104 74.6530 49.0000 32.9213 37.5690 55.4781
14614.0000 0.1100 74.7655 49.0000 33.0492 37.5769 55.5482
14615.0000 0.1104 74.6988 49.0000 32.8959 37.6440 55.5041
14616.0000 0.1132 74.7627 49.0000 32.7520 37.6226 55.6895
14617.0000 0.1172 74.9586 49.0000 32.5483 37.7016 56.0177
14618.0000 0.1213 74.7486 49.0000 32.2472 37.4851 56.0566
14619.0000 0.1205 74.8900 49.0000 31.9397 37.9996 56.0749
14620.0000 0.1168 74.6095 49.0000 32.4473 37.5047 55.7418
14621.0000 0.1209 74.4948 49.0000 32.4415 37.0753 55.8788
14622.0000 0.1214 74.4407 49.0000 32.2857 37.1454 55.8504
14623.0000 0.1218 74.4804 49.0000 32.1595 37.2829 55.8845
14624.0000 0.1229 74.6232 49.0000 32.2172 37.2687 56.0511
14625.0000 0.1198 74.7682 49.0000 32.4208 37.4411 56.0119
14626.0000 0.1162 74.6693 49.0000 32.5667 37.4875 55.7638
14627.0000 0.1161 74.7019 49.0000 32.5299 37.5585 55.7811
14628.0000 0.1169 74.6869 49.0000 32.5412 37.4676 55.8156
14629.0000 0.1128 74.4650 49.0000 32.4979 37.6347 55.4306
14630.0000 0.1053 74.0815 49.0000 32.5448 37.8426 54.7434
14631.0000 0.1094 74.7174 49.0000 32.8714 37.7709 55.4574
14632.0000 0.1079 74.6775 49.0000 32.8080 37.9209 55.3387
14633.0000 0.1089 74.9069 49.0000 32.7862 38.0840 55.5493
14634.0000 0.1134 75.0318 49.0000 32.8894 37.7252 55.9005
14635.0000 0.1152 75.2445 49.0000 32.9808 37.6816 56.1614
14636.0000 0.1186 75.4883 49.0000 33.0885 37.5259 56.5283
14637.0000 0.1167 75.6568 49.0000 33.1169 37.8139 56.5449
14638.0000 0.1148 75.5874 49.0000 33.0598 37.9673 56.3825
14639.0000 0.1206 75.5285 49.0000 32.7817 37.7253 56.6279
14640.0000 0.1202 75.4664 49.0000 32.8810 37.5981 56.5720
14641.0000 0.1178 75.3758 49.0000 32.8991 37.6824 56.3844
14642.0000 0.1121 74.9872 49.0000 32.9503 37.7245 55.8052
14643.0000 0.1178 74.9742 49.0000 32.6437 37.5622 56.0768
14644.0000 0.1219 75.1890 49.0000 32.6435 37.4381 56.4462
14645.0000 0.1242 75.2355 49.0000 32.5123 37.4419 56.5812
14646.0000 0.1189 75.1194 49.0000 32.6217 37.6382 56.2326
14647.0000 0.1207 75.1505 49.0000 32.1778 37.9896 56.2936
14648.0000 0.1245 75.1246 49.0000 32.2872 37.5406 56.4972
14649.0000 0.1189 75.0314 49.0000 32.1660 38.0283 56.1151
14650.0000 0.1162 75.3040 49.0000 32.6734 37.9834 56.2174
14651.0000 0.1187 75.3305 49.0000 32.6289 37.8452 56.3718
14652.0000 0.1248 75.8119 49.0000 32.5540 37.8934 57.0243
14653.0000 0.1260 75.7240 49.0000 32.3589 37.9151 57.0041
14654.0000 0.1214 75.3960 49.0000 32.3123 38.0257 56.5201
14655.0000 0.1212 75.4950 49.0000 32.6445 37.7878 56.6208
14656.0000 0.1199 75.3248 49.0000 32.7799 37.5898 56.4474
14657.0000 0.1265 75.4561 49.0000 32.3520 37.6271 56.8434
14658.0000 0.1140 75.0441 49.0000 32.6948 37.8878 55.9213
14659.0000 0.1140 75.1447 49.0000 32.7177 37.9664 55.9896
14660.0000 0.1098 74.6055 49.0000 32.4756 38.0475 55.3508
14661.0000 0.1171 74.8567 49.0000 32.1162 38.0627 55.8865
14662.0000 0.1185 74.7628 49.0000 31.9369 38.0463 55.8748
14663.0000 0.1283 74.9906 49.0000 31.6926 37.7361 56.5256
14664.0000 0.1277 75.0127 49.0000 32.1271 37.3503 56.5660
14665.0000 0.1236 75.0526 49.0000 32.3276 37.5055 56.4017
14666.0000 0.1258 74.8564 49.0000 32.3436 37.1281 56.3815
14667.0000 0.1292 74.7267 49.0000 32.1026 36.9926 56.4363
14668.0000 0.1284 74.6857 49.0000 31.9631 37.1579 56.3525
14669.0000 0.1253 74.7983 49.0000 32.2392 37.2249 56.3002
14670.0000 0.1222 74.7715 49.0000 32.4221 37.2481 56.1441
14671.0000 0.1194 74.6290 49.0000 32.3456 37.4206 55.8833
14672.0000 0.1237 74.8079 49.0000 32.1014 37.5000 56.2092
14673.0000 0.1299 75.1089 49.0000 31.8525 37.5503 56.7163
14674.0000 0.1260 74.9778 49.0000 31.9764 37.6061 56.4354
14675.0000 0.1234 74.7540 49.0000 32.1641 37.4077 56.1631
14676.0000 0.1266 74.8886 49.0000 32.1773 37.2675 56.4274
14677.0000 0.1269 74.7821 49.0000 32.3386 36.9810 56.3825
14678.0000 0.1226 74.5028 49.0000 32.4291 36.9571 55.9749
14679.0000 0.1254 74.7787 49.0000 32.4511 36.9726 56.3188
14680.0000 0.1236 74.6851 49.0000 32.3295 37.1506 56.1471
14681.0000 0.1287 74.7934 49.0000 32.3005 36.8892 56.4794
14682.0000 0.1276 74.7328 49.0000 31.9733 37.2513 56.3475
14683.0000 0.1258 74.8150 49.0000 32.1888 37.2490 56.3355
14684.0000 0.1250 74.7263 49.0000 32.3181 37.0981 56.2431
14685.0000 0.1187 74.6467 49.0000 32.4608 37.3743 55.8712
14686.0000 0.1154 74.6145 49.0000 32.6059 37.4552 55.6892
14687.0000 0.1169 74.3211 49.0000 32.5797 37.0809 55.5625
14688.0000 0.1217 74.3479 49.0000 32.2354 37.0801 55.7992
14689.0000 0.1263 74.5531 49.0000 32.0354 37.1209 56.1599
14690.0000 0.1239 74.5833 49.0000 32.0963 37.2768 56.0620
14691.0000 0.1239 74.5684 49.0000 32.3423 37.0067 56.0796
14692.0000 0.1247 74.6736 49.0000 32.7890 36.5840 56.2373
14693.0000 0.1212 74.4770 49.0000 32.8070 36.6526 55.9206
14694.0000 0.1207 74.2886 49.0000 32.8404 36.4786 55.7639
14695.0000 0.1185 74.0382 49.0000 32.9242 36.3276 55.4794
14696.0000 0.1214 74.2344 49.0000 32.8751 36.3387 55.7627
14697.0000 0.1261 74.3605 49.0000 32.6223 36.3550 56.0677
14698.0000 0.1262 74.4007 49.0000 32.5542 36.4503 56.0987
14699.0000 0.1187 73.8784 49.0000 32.5454 36.5525 55.3419
14700.0000 0.1189 74.0261 49.0000 32.5930 36.6287 55.4607
14701.0000 0.1230 74.1272 49.0000 32.3423 36.6572 55.7231
14702.0000 0.1168 73.7235 49.0000 32.5352 36.5651 55.1327
14703.0000 0.1198 74.0188 49.0000 32.2724 36.8830 55.4700
14704.0000 0.1177 74.0705 49.0000 32.3228 37.0483 55.3994
14705.0000 0.1165 74.2099 49.0000 32.6019 36.9840 55.4654
14706.0000 0.1193 74.0928 49.0000 32.5046 36.7486 55.5223
14707.0000 0.1130 74.0605 49.0000 32.5106 37.2207 55.1601
14708.0000 0.1168 73.9560 49.0000 32.1994 37.1360 55.2594
14709.0000 0.1143 73.7131 49.0000 32.1502 37.1556 54.9494
14710.0000 0.1116 73.7600 49.0000 32.3555 37.2023 54.8603
14711.0000 0.1147 73.7158 49.0000 32.2809 36.9906 54.9877
14712.0000 0.1196 73.6246 49.0000 31.9526 36.8580 55.1462
14713.0000 0.1209 73.5505 49.0000 32.0416 36.5924 55.1726
14714.0000 0.1190 73.4243 49.0000 32.0757 36.5798 54.9927
14715.0000 0.1163 73.1579 49.0000 31.9210 36.7026 54.6447
14716.0000 0.1086 73.1100 49.0000 32.1742 37.0107 54.2226
14717.0000 0.1137 73.1567 49.0000 32.4139 36.3918 54.5607
14718.0000 0.1154 73.4019 49.0000 32.3640 36.5490 54.8140
14719.0000 0.1117 73.2539 49.0000 32.1320 36.9423 54.4879
14720.0000 0.1136 73.6301 49.0000 32.4473 36.8202 54.8893
14721.0000 0.1104 73.6687 49.0000 32.6569 36.8998 54.7633
14722.0000 0.1139 73.5733 49.0000 32.2780 36.9193 54.8463
14723.0000 0.1161 73.7453 49.0000 32.3019 36.8810 55.0886
14724.0000 0.1169 73.6896 49.0000 32.4264 36.6378 55.1031
14725.0000 0.1223 73.7200 49.0000 32.0531 36.6321 55.3654
14726.0000 0.1232 73.6842 49.0000 31.9645 36.6179 55.3784
14727.0000 0.1185 73.9245 49.0000 32.1812 36.9926 55.3241
14728.0000 0.1143 74.0052 49.0000 32.2571 37.3283 55.1620
14729.0000 0.1200 74.0127 49.0000 31.9794 37.1612 55.4459
14730.0000 0.1136 73.6797 49.0000 32.0474 37.2855 54.8766
14731.0000 0.1140 73.4517 49.0000 31.6828 37.4224 54.6892
14732.0000 0.1106 73.2635 49.0000 31.8834 37.3034 54.4008
14733.0000 0.1126 73.6706 49.0000 32.0197 37.3915 54.8086
14734.0000 0.1107 73.3167 49.0000 32.0203 37.2052 54.4593
14735.0000 0.1129 73.4701 49.0000 31.8864 37.3100 54.6724
14736.0000 0.1162 73.6047 49.0000 31.7785 37.2915 54.9284
14737.0000 0.1112 73.5649 49.0000 31.7886 37.6505 54.6234
14738.0000 0.1089 73.7118 49.0000 31.8534 37.9144 54.6012
14739.0000 0.1107 73.5723 49.0000 31.8051 37.6813 54.6026
14740.0000 0.1111 73.3820 49.0000 31.7249 37.5497 54.4837
14741.0000 0.1158 73.2911 49.0000 31.3634 37.4590 54.6329
14742.0000 0.1139 73.4073 49.0000 31.2973 37.7921 54.5973
14743.0000 0.1121 73.4231 49.0000 31.1595 38.1103 54.4761
14744.0000 0.1162 73.5689 49.0000 31.1451 37.9246 54.8096
14745.0000 0.1162 73.3731 49.0000 30.9611 37.9316 54.6463
14746.0000 0.1126 73.3202 49.0000 31.1242 38.0054 54.4309
14747.0000 0.1153 73.3875 49.0000 30.9102 38.0768 54.5935
14748.0000 0.1172 73.4485 49.0000 30.8798 38.0110 54.7383
14749.0000 0.1164 73.4267 49.0000 30.8356 38.1038 54.6694
14750.0000 0.1166 73.3880 49.0000 31.1059 37.7635 54.7004
14751.0000 0.1193 73.3578 49.0000 30.8763 37.7537 54.7967
14752.0000 0.1143 73.2273 49.0000 31.2328 37.6544 54.4876
14753.0000 0.1139 73.3450 49.0000 31.1802 37.8608 54.5330
14754.0000 0.1154 73.4823 49.0000 31.1395 37.9137 54.7041
14755.0000 0.1204 73.3557 49.0000 31.0715 37.4594 54.8855
14756.0000 0.1204 73.4476 49.0000 30.9813 37.6412 54.9348
14757.0000 0.1165 73.4584 49.0000 31.0462 37.9030 54.7323
14758.0000 0.1173 73.5486 49.0000 31.0339 37.9368 54.8370
14759.0000 0.1132 73.3265 49.0000 31.2403 37.8395 54.4884
14760.0000 0.1125 73.2976 49.0000 31.3716 37.7256 54.4532
14761.0000 0.1174 73.3382 49.0000 31.0438 37.7123 54.7043
14762.0000 0.1113 73.0444 49.0000 31.3792 37.5694 54.2161
14763.0000 0.1105 73.0565 49.0000 31.2172 37.8255 54.1477
14764.0000 0.1067 72.9086 49.0000 31.2811 37.9320 53.8361
14765.0000 0.1135 73.1522 49.0000 31.2151 37.6708 54.3854
14766.0000 0.1108 73.0949 49.0000 31.2049 37.8454 54.1927
14767.0000 0.1104 72.8767 49.0000 31.0720 37.8118 53.9983
14768.0000 0.1095 72.9624 49.0000 31.2588 37.7726 54.0336
14769.0000 0.1057 72.9981 49.0000 31.5036 37.8642 53.8753
14770.0000 0.1091 73.4543 49.0000 31.6502 37.8643 54.4067
14771.0000 0.1095 73.2768 49.0000 31.5217 37.7940 54.2908
14772.0000 0.1099 73.2915 49.0000 31.7124 37.5709 54.3544
14773.0000 0.1110 73.1065 49.0000 31.5584 37.4664 54.2669
14774.0000 0.1064 73.2790 49.0000 31.8884 37.6676 54.1673
14775.0000 0.1165 73.3526 49.0000 31.1283 37.7058 54.6800
14776.0000 0.1151 73.2933 49.0000 31.3854 37.4903 54.6017
14777.0000 0.1125 73.2239 49.0000 31.7311 37.2744 54.4563
14778.0000 0.1117 73.1755 49.0000 31.5265 37.5081 54.3495
14779.0000 0.1105 73.0916 49.0000 31.5121 37.5404 54.2225
14780.0000 0.1056 73.1786 49.0000 31.5535 37.9970 53.9973
14781.0000 0.1069 72.9730 49.0000 31.2614 37.9990 53.8875
14782.0000 0.1072 73.1717 49.0000 31.3490 38.0756 54.0517
14783.0000 0.1116 73.0138 49.0000 31.1899 37.7201 54.1793
14784.0000 0.1165 73.2825 49.0000 31.2401 37.5211 54.6493
14785.0000 0.1131 73.1901 49.0000 31.1243 37.8325 54.3761
14786.0000 0.1114 72.9970 49.0000 31.1181 37.7922 54.1477
14787.0000 0.1095 73.1537 49.0000 31.6548 37.5279 54.2318
14788.0000 0.1118 73.2927 49.0000 31.5319 37.6048 54.4375
14789.0000 0.1084 73.0467 49.0000 31.5029 37.6805 54.0700
14790.0000 0.1065 73.0104 49.0000 31.8587 37.4222 53.9920
14791.0000 0.1075 73.1919 49.0000 31.7790 37.6018 54.1596
14792.0000 0.1061 72.2909 48.0000 31.3775 37.2705 53.4073
14793.0000 0.1144 73.3017 49.0000 31.0671 37.8999 54.5121
14794.0000 0.1110 73.0806 49.0000 31.0458 37.9888 54.1644
14795.0000 0.1101 73.0505 49.0000 31.0724 38.0075 54.0954
14796.0000 0.1143 73.2006 49.0000 31.0463 37.8301 54.4366
14797.0000 0.1051 72.9249 49.0000 31.3675 37.9909 53.7662
14798.0000 0.1049 73.1054 49.0000 31.5213 38.0163 53.9034
14799.0000 0.1087 73.2093 49.0000 31.5109 37.8069 54.1969
14800.0000 0.1098 73.1283 49.0000 31.2922 37.8664 54.1727
14801.0000 0.1036 72.9776 49.0000 31.4688 38.0576 53.7313
14802.0000 0.1041 72.9054 49.0000 31.3809 38.0423 53.6957
14803.0000 0.1061 72.9884 49.0000 31.2552 38.0865 53.8502
14804.0000 0.1057 73.0370 49.0000 31.1216 38.3161 53.8304
14805.0000 0.1075 72.9299 49.0000 31.1440 38.0346 53.8720
14806.0000 0.1065 72.8950 49.0000 31.1522 38.0704 53.7947
14807.0000 0.1082 72.8505 49.0000 31.2803 37.7464 53.8883
14808.0000 0.1091 73.0081 49.0000 31.1486 37.9695 54.0209
14809.0000 0.1092 72.9229 49.0000 31.1656 37.8606 53.9726
14810.0000 0.1090 72.1794 48.0000 30.9883 37.3322 53.4405
14811.0000 0.1077 72.8545 49.0000 31.1360 37.9476 53.8358
14812.0000 0.1082 72.9992 49.0000 31.4708 37.6900 54.0178
14813.0000 0.1073 72.8155 49.0000 31.3974 37.6638 53.8306
14814.0000 0.1105 72.7817 49.0000 31.2561 37.5099 53.9745
14815.0000 0.1061 71.8296 48.0000 31.0318 37.1875 53.0434
14816.0000 0.1053 71.8726 48.0000 31.2013 37.1090 53.0573
14817.0000 0.1125 73.2659 49.0000 31.4619 37.5945 54.4490
14818.0000 0.1143 73.2970 49.0000 31.4406 37.5013 54.5673
14819.0000 0.1186 72.5232 48.0000 30.8549 37.0355 54.1845
14820.0000 0.1221 73.5497 49.0000 31.3310 37.2327 55.1512
14821.0000 0.1123 71.8595 48.0000 30.8791 36.8690 53.3943
14822.0000 0.1117 72.0809 48.0000 31.0747 36.9249 53.5403
14823.0000 0.1101 72.1432 48.0000 31.0678 37.1234 53.4910
14824.0000 0.1093 71.9233 48.0000 31.1012 36.9414 53.3011
14825.0000 0.1249 73.3121 49.0000 30.9787 37.1574 55.0845
14826.0000 0.1175 71.9155 48.0000 30.5619 36.8489 53.6653
14827.0000 0.1138 71.9159 48.0000 30.8417 36.8431 53.5096
14828.0000 0.1112 71.7988 48.0000 31.0996 36.6690 53.3223
14829.0000 0.1232 73.4449 49.0000 31.2239 37.1624 55.1196
14830.0000 0.1054 71.8489 48.0000 31.1866 37.0943 53.0441
14831.0000 0.1144 73.2002 49.0000 31.4323 37.4117 54.5036
14832.0000 0.1019 71.5195 48.0000 30.8803 37.3982 52.5625
14833.0000 0.1164 73.2748 49.0000 31.0033 37.7723 54.6008
14834.0000 0.1194 73.4263 49.0000 30.8437 37.8452 54.8436
14835.0000 0.1155 73.2631 49.0000 30.7968 38.0566 54.5045
14836.0000 0.1163 73.4163 49.0000 30.9548 37.9728 54.6793
14837.0000 0.1131 73.3310 49.0000 31.1345 37.9585 54.4724
14838.0000 0.1163 73.6291 49.0000 31.3983 37.7086 54.8949
14839.0000 0.1190 73.7933 49.0000 31.3210 37.7291 55.1449
14840.0000 0.1163 73.6369 49.0000 31.5014 37.6049 54.9175
14841.0000 0.1181 73.6595 49.0000 31.4513 37.5303 55.0275
14842.0000 0.1181 73.6619 49.0000 31.3621 37.6273 55.0153
14843.0000 0.1088 73.1767 49.0000 31.5627 37.7072 54.1921
14844.0000 0.1096 73.3522 49.0000 31.6818 37.6873 54.3735
14845.0000 0.1067 73.4303 49.0000 31.7657 37.9208 54.2675
14846.0000 0.1126 73.5453 49.0000 31.3887 37.9403 54.6279
14847.0000 0.0992 71.5892 48.0000 30.9431 37.6343 52.4519
14848.0000 0.0992 71.3554 48.0000 31.0541 37.2749 52.3241
14849.0000 0.1066 73.6085 49.0000 32.2194 37.6170 54.4526
14850.0000 0.0992 71.7932 48.0000 31.1360 37.6221 52.6249
14851.0000 0.1068 74.0164 49.0000 32.3337 37.8799 54.7546
14852.0000 0.1056 74.3137 49.0000 32.2425 38.3671 54.8718
14853.0000 0.1005 71.8933 48.0000 31.0321 37.7249 52.7493
14854.0000 0.1065 74.2916 49.0000 32.2720 38.2374 54.9151
14855.0000 0.1087 74.6326 49.0000 32.0785 38.5884 55.2442
14856.0000 0.1080 74.4794 49.0000 31.9945 38.5910 55.0842
14857.0000 0.0982 74.0460 49.0000 32.4521 38.5208 54.2754
14858.0000 0.0997 74.4049 49.0000 32.6385 38.5424 54.6379
14859.0000 0.1045 74.7664 49.0000 32.5126 38.6169 55.1514
14860.0000 0.1044 72.7152 48.0000 31.1606 38.0645 53.5501
14861.0000 0.1026 72.8542 48.0000 31.0520 38.4793 53.5057
14862.0000 0.0985 72.5346 48.0000 31.0760 38.5021 53.0391
14863.0000 0.1028 74.7905 49.0000 32.3829 38.9307 55.0396
14864.0000 0.0984 72.2578 48.0000 31.0607 38.2422 52.8579
14865.0000 0.1040 74.3986 49.0000 32.8696 37.9177 54.9271
14866.0000 0.1064 72.4594 48.0000 31.0307 37.7854 53.4764
14867.0000 0.1055 74.5095 49.0000 32.9063 37.8572 55.0969
14868.0000 0.1083 74.7941 49.0000 32.9327 37.8729 55.4549
14869.0000 0.1046 74.7608 49.0000 32.9088 38.1750 55.2165
14870.0000 0.1026 74.5549 49.0000 32.8425 38.2230 54.9436
14871.0000 0.0991 72.3340 48.0000 31.3851 37.9002 53.0167
14872.0000 0.0973 71.9750 48.0000 31.0103 38.1118 52.5951
14873.0000 0.0992 71.7302 48.0000 30.8984 37.8211 52.5364
14874.0000 0.0967 71.8103 48.0000 31.0835 37.9182 52.4666
14875.0000 0.0937 71.8351 48.0000 31.1420 38.1486 52.2987
14876.0000 0.0929 71.6717 48.0000 31.0443 38.1674 52.1185
14877.0000 0.0967 71.8677 48.0000 30.9958 38.0752 52.4833
14878.0000 0.1004 73.6433 49.0000 32.5790 37.7918 54.1639
14879.0000 0.0997 71.8270 48.0000 30.7101 38.0832 52.5897
14880.0000 0.0957 71.9126 48.0000 31.1652 38.0168 52.4869
14881.0000 0.1000 73.4759 49.0000 32.2195 38.0449 53.9741
14882.0000 0.1062 73.8369 49.0000 32.0222 38.0821 54.5547
14883.0000 0.1016 73.9195 49.0000 32.2940 38.2712 54.3738
14884.0000 0.1048 74.1073 49.0000 32.1496 38.3321 54.6712
14885.0000 0.0986 73.7767 49.0000 32.2329 38.4545 54.0860
14886.0000 0.1019 73.9069 49.0000 32.1703 38.3634 54.3650
14887.0000 0.1058 74.1215 49.0000 32.2455 38.1601 54.7542
14888.0000 0.1028 73.9428 49.0000 32.1111 38.3839 54.4342
14889.0000 0.1055 74.1662 49.0000 32.3432 38.1266 54.7806
14890.0000 0.1065 74.3129 49.0000 32.3219 38.2028 54.9386
14891.0000 0.1067 74.3027 49.0000 32.2982 38.1992 54.9413
14892.0000 0.1030 74.0217 49.0000 32.2667 38.2795 54.5229
14893.0000 0.1031 73.9856 49.0000 32.2232 38.2846 54.4961
14894.0000 0.1084 73.8977 49.0000 31.8342 38.1628 54.6906
14895.0000 0.1056 73.7288 49.0000 31.9086 38.1523 54.4259
14896.0000 0.1000 73.5160 49.0000 32.1568 38.1613 53.9839
14897.0000 0.0993 73.7093 49.0000 32.2593 38.3009 54.0873
14898.0000 0.0980 73.5331 49.0000 32.4442 38.0403 53.9206
14899.0000 0.0997 73.8214 49.0000 32.4789 38.1373 54.2242
14900.0000 0.1048 73.9056 49.0000 32.1557 38.1254 54.5390
14901.0000 0.1054 73.8742 49.0000 32.3766 37.8129 54.5832
14902.0000 0.1036 73.8973 49.0000 32.3835 37.9756 54.4974
14903.0000 0.1022 73.7445 49.0000 32.5452 37.7769 54.3320
14904.0000 0.0991 73.6364 49.0000 32.7569 37.7052 54.1074
14905.0000 0.0990 73.4801 49.0000 32.5562 37.7792 53.9643
14906.0000 0.1047 73.5900 49.0000 32.3279 37.6419 54.3459
14907.0000 0.0998 73.2941 49.0000 32.4111 37.6772 53.8699
14908.0000 0.0912 72.4675 48.0000 31.7462 38.3405 52.6661
14909.0000 0.0987 73.6685 49.0000 32.2178 38.3557 54.0177
14910.0000 0.0935 73.5260 49.0000 32.4786 38.3934 53.6391
14911.0000 0.0986 73.5280 49.0000 32.1115 38.3411 53.8998
14912.0000 0.0992 73.5671 49.0000 32.2226 38.2053 53.9830
14913.0000 0.0992 73.7188 49.0000 32.3516 38.2172 54.1045
14914.0000 0.0953 73.5644 49.0000 32.2948 38.4752 53.7441
14915.0000 0.0901 73.2454 49.0000 32.6150 38.2710 53.2587
14916.0000 0.0900 73.2106 49.0000 32.8019 38.0401 53.2614
14917.0000 0.0923 73.2125 49.0000 32.5328 38.1302 53.3645
14918.0000 0.0859 73.0814 49.0000 32.8265 38.2526 52.9155
14919.0000 0.0884 73.1079 49.0000 32.5585 38.3497 53.0472
14920.0000 0.0872 73.3411 49.0000 32.6030 38.6491 53.1244
14921.0000 0.0853 73.2823 49.0000 32.6427 38.7252 52.9632
14922.0000 0.0838 73.3927 49.0000 32.7189 38.8926 52.9465
14923.0000 0.0874 73.7174 49.0000 32.6898 38.9210 53.3928
14924.0000 0.0897 73.7254 49.0000 32.7615 38.6309 53.5702
14925.0000 0.0900 73.9869 49.0000 32.7575 38.8715 53.7589
14926.0000 0.0855 74.0580 49.0000 33.0030 39.0968 53.5427
14927.0000 0.0919 74.6297 49.0000 33.3597 38.6853 54.4075
14928.0000 0.0895 74.4464 49.0000 33.4586 38.6171 54.1434
14929.0000 0.0814 74.4556 49.0000 34.0791 38.7073 53.7029
14930.0000 0.0774 74.3515 49.0000 34.0822 38.9829 53.3561
14931.0000 0.0785 74.6093 49.0000 34.2039 39.0062 53.6205
14932.0000 0.0779 74.6599 49.0000 34.2932 39.0157 53.6270
14933.0000 0.0766 74.4679 49.0000 34.4174 38.8115 53.4283
14934.0000 0.0762 74.3331 49.0000 34.2140 38.9369 53.2797
14935.0000 0.0831 74.4569 49.0000 33.9528 38.6795 53.8046
14936.0000 0.0841 74.6530 49.0000 33.8335 38.9148 53.9815
14937.0000 0.0832 74.2991 49.0000 33.7806 38.7030 53.6777
14938.0000 0.0878 74.2585 49.0000 33.5825 38.4481 53.9284
14939.0000 0.0573 76.5312 50.0000 36.2670 40.9648 53.5127
14940.0000 0.0854 74.2804 49.0000 34.2455 37.9739 53.8777
14941.0000 0.0637 76.9114 50.0000 36.4510 40.4375 54.3277
14942.0000 0.0615 76.9173 50.0000 36.3573 40.7917 54.1337
14943.0000 0.0886 74.3957 49.0000 34.7550 37.2643 54.2050
14944.0000 0.0861 74.5386 49.0000 34.7522 37.6332 54.1483
14945.0000 0.0885 74.4383 49.0000 34.5705 37.5032 54.2167
14946.0000 0.0885 74.6055 49.0000 34.9362 37.2894 54.3595
14947.0000 0.0874 74.7651 49.0000 34.9929 37.4885 54.4053
14948.0000 0.0861 74.7023 49.0000 34.9442 37.5951 54.2766
14949.0000 0.0841 74.5904 49.0000 34.9944 37.6065 54.0821
14950.0000 0.0828 74.7173 49.0000 35.1083 37.7348 54.0940
14951.0000 0.0774 74.3548 49.0000 35.2293 37.7497 53.5022
14952.0000 0.0782 74.6123 49.0000 35.1656 37.9979 53.7265
14953.0000 0.0729 74.2509 49.0000 35.2756 38.0227 53.1329
14954.0000 0.0793 74.7005 49.0000 35.3150 37.8251 53.8728
14955.0000 0.0772 74.4775 49.0000 35.4761 37.6283 53.5953
14956.0000 0.0799 74.8685 49.0000 35.4225 37.8258 54.0346
14957.0000 0.0807 74.9484 49.0000 35.7178 37.5258 54.1602
14958.0000 0.0795 74.7333 49.0000 35.3808 37.7692 53.9143
14959.0000 0.0822 74.8091 49.0000 34.9136 38.0918 54.0967
14960.0000 0.0816 74.5681 49.0000 34.5986 38.2371 53.8634
14961.0000 0.0818 74.5510 49.0000 34.8025 37.9857 53.8862
14962.0000 0.0798 74.6030 49.0000 34.7083 38.3251 53.7785
14963.0000 0.0790 74.7200 49.0000 34.7433 38.4803 53.8075
14964.0000 0.0795 74.5700 49.0000 34.4962 38.5523 53.7067
14965.0000 0.0797 74.5912 49.0000 34.2825 38.7793 53.7096
14966.0000 0.0848 74.7387 49.0000 34.4366 38.2890 54.1659
14967.0000 0.0831 74.8521 49.0000 34.6083 38.3732 54.1535
14968.0000 0.0852 74.9275 49.0000 34.4232 38.4512 54.3201
14969.0000 0.0812 75.1290 49.0000 34.7548 38.6710 54.2312
14970.0000 0.0859 75.3342 49.0000 34.6785 38.5259 54.6662
14971.0000 0.0842 75.4420 49.0000 34.6232 38.8481 54.6219
14972.0000 0.0860 75.6084 49.0000 34.7163 38.7518 54.8608
14973.0000 0.0750 74.4784 48.0000 34.0918 39.3384 53.2661
14974.0000 0.0837 75.6868 49.0000 34.9008 38.8423 54.7878
14975.0000 0.0780 75.4765 49.0000 34.8482 39.2318 54.2510
14976.0000 0.0787 75.5628 49.0000 35.4261 38.6367 54.4238
14977.0000 0.0757 75.7242 49.0000 35.6451 38.8497 54.3533
14978.0000 0.0746 75.5713 49.0000 35.6269 38.8226 54.1716
14979.0000 0.0715 75.8117 49.0000 36.1878 38.7780 54.1675
14980.0000 0.0722 75.7581 49.0000 36.3530 38.4814 54.1935
14981.0000 0.0670 75.6267 49.0000 36.4344 38.7821 53.7390
14982.0000 0.0673 75.4384 49.0000 36.3770 38.6135 53.6346
14983.0000 0.0638 75.6339 49.0000 36.7290 38.8009 53.5346
14984.0000 0.0556 74.0045 48.0000 35.9296 38.8409 51.7409
14985.0000 0.0672 75.0198 49.0000 35.6728 38.9547 53.2724
14986.0000 0.0675 75.1766 49.0000 36.0737 38.6480 53.4467
14987.0000 0.0672 75.1212 49.0000 36.0125 38.6904 53.3792
14988.0000 0.0673 75.0605 49.0000 35.7638 38.8818 53.3221
14989.0000 0.0651 75.1512 49.0000 35.7704 39.2018 53.2109
14990.0000 0.0662 75.1961 49.0000 35.7716 39.1262 53.3290
14991.0000 0.0629 75.2500 49.0000 35.9294 39.3615 53.1255
14992.0000 0.0642 75.1076 49.0000 35.4748 39.5712 53.0736
14993.0000 0.0636 75.2616 49.0000 35.9060 39.3249 53.1848
14994.0000 0.0530 74.1016 48.0000 35.6987 39.4980 51.5418
14995.0000 0.0681 75.6910 49.0000 35.8025 39.4096 53.7977
14996.0000 0.0714 75.7211 49.0000 35.7519 39.1578 54.0569
14997.0000 0.0716 75.6738 49.0000 35.4972 39.3674 54.0063
14998.0000 0.0669 75.7408 49.0000 35.9982 39.3779 53.7604
14999.0000 0.0672 75.6442 49.0000 36.1517 39.0792 53.7393
15000.0000 0.0692 75.8399 49.0000 35.9241 39.3231 53.9893
15001.0000 0.0707 75.7201 49.0000 35.6091 39.3906 53.9806
15002.0000 0.0722 75.8971 49.0000 35.5628 39.4684 54.2024
15003.0000 0.0726 75.7666 49.0000 35.4845 39.3808 54.1348
15004.0000 0.0768 75.6691 49.0000 35.0644 39.3186 54.3170
15005.0000 0.0738 75.8746 49.0000 35.1760 39.7045 54.2509
15006.0000 0.0728 75.8455 49.0000 35.3288 39.6062 54.1827
15007.0000 0.0603 74.8049 48.0000 35.4044 39.7540 52.5541
15008.0000 0.0700 75.6677 49.0000 35.7186 39.2870 53.9102
15009.0000 0.0669 75.8862 49.0000 36.0404 39.4822 53.8606
15010.0000 0.0662 75.6362 49.0000 35.8548 39.4941 53.6235
15011.0000 0.0722 75.6536 49.0000 35.7860 38.9699 54.0756
15012.0000 0.0679 75.3682 49.0000 36.0373 38.8469 53.5966
15013.0000 0.0726 75.2496 49.0000 35.8429 38.4587 53.8398
15014.0000 0.0740 75.1291 49.0000 36.0041 38.0390 53.8621
15015.0000 0.0738 74.8038 49.0000 35.7001 38.0404 53.6101
15016.0000 0.0742 74.9422 49.0000 35.7246 38.1207 53.7298
15017.0000 0.0746 75.1349 49.0000 35.6052 38.4024 53.8774
15018.0000 0.0772 75.2224 49.0000 35.3466 38.5142 54.0896
15019.0000 0.0819 75.2152 49.0000 35.0064 38.4232 54.3649
15020.0000 0.0792 75.2052 49.0000 35.0099 38.6721 54.1719
15021.0000 0.0850 75.4688 49.0000 34.8305 38.5812 54.7162
15022.0000 0.0829 75.3946 49.0000 35.1216 38.3913 54.5612
15023.0000 0.0813 75.4747 49.0000 35.1859 38.5487 54.5196
15024.0000 0.0814 75.3902 49.0000 35.1213 38.5269 54.4596
15025.0000 0.0788 75.3565 49.0000 35.5840 38.2486 54.3087
15026.0000 0.0809 75.3997 49.0000 35.2844 38.4058 54.4529
15027.0000 0.0778 75.5925 49.0000 35.5631 38.6018 54.4003
15028.0000 0.0760 75.3997 49.0000 35.3698 38.7867 54.1265
15029.0000 0.0775 75.7383 49.0000 35.6296 38.7127 54.4807
15030.0000 0.0747 75.2248 49.0000 35.3571 38.7548 53.9138
15031.0000 0.0730 75.1719 49.0000 35.8997 38.2883 53.8149
15032.0000 0.0770 75.0861 49.0000 35.9768 37.7338 54.0347
15033.0000 0.0771 75.0893 49.0000 35.8374 37.8717 54.0353
15034.0000 0.0728 74.8603 49.0000 36.0864 37.7982 53.6016
15035.0000 0.0720 75.0810 49.0000 35.7526 38.4477 53.6719
15036.0000 0.0680 75.0701 49.0000 36.3718 38.1803 53.4311
15037.0000 0.0689 75.0140 49.0000 36.0977 38.3167 53.4405
15038.0000 0.0693 75.1223 49.0000 35.9274 38.5729 53.5230
15039.0000 0.0748 75.6138 49.0000 36.2470 38.1944 54.2659
15040.0000 0.0744 75.4843 49.0000 36.2623 38.0821 54.1543
15041.0000 0.0725 75.4065 49.0000 36.1753 38.2809 53.9635
15042.0000 0.0656 75.1023 49.0000 36.6757 38.1352 53.3007
15043.0000 0.0743 75.4870 49.0000 36.6722 37.6715 54.1692
15044.0000 0.0752 75.4325 49.0000 36.5785 37.6358 54.1813
15045.0000 0.0768 75.7321 49.0000 36.5067 37.8486 54.4986
15046.0000 0.0784 75.7603 49.0000 36.5913 37.6474 54.6203
15047.0000 0.0761 75.5716 49.0000 36.2017 38.0695 54.3251
15048.0000 0.0770 75.4634 49.0000 35.8654 38.2271 54.2869
15049.0000 0.0824 75.8396 49.0000 36.0386 37.9227 54.9067
15050.0000 0.0768 75.4962 49.0000 36.2283 37.9026 54.3193
15051.0000 0.0763 75.7528 49.0000 36.2487 38.1830 54.4663
15052.0000 0.0703 75.7852 49.0000 36.2590 38.7988 54.0679
15053.0000 0.0700 75.8814 49.0000 36.4241 38.7449 54.1304
15054.0000 0.0708 75.5152 49.0000 36.1068 38.6286 53.9136
15055.0000 0.0709 75.8884 49.0000 36.2126 38.8918 54.1768
15056.0000 0.0708 75.5488 49.0000 35.7702 39.0289 53.8968
15057.0000 0.0749 75.7810 49.0000 35.6312 39.0048 54.3305
15058.0000 0.0758 75.5862 49.0000 35.4702 38.8916 54.2455
15059.0000 0.0784 75.1604 49.0000 34.9296 38.7896 54.0775
15060.0000 0.0763 75.0484 49.0000 35.0551 38.7421 53.8743
15061.0000 0.0753 75.1229 49.0000 35.2647 38.6915 53.8779
15062.0000 0.0727 75.0125 49.0000 35.5325 38.5445 53.6530
15063.0000 0.0702 75.1518 49.0000 35.7108 38.7414 53.5877
15064.0000 0.0645 74.8448 49.0000 35.7070 39.0065 52.9646
15065.0000 0.0664 74.7300 49.0000 35.5330 38.8859 53.0081
15066.0000 0.0704 74.9540 49.0000 35.6313 38.6060 53.4611
15067.0000 0.0714 75.0866 49.0000 35.6892 38.5793 53.6276
15068.0000 0.0767 75.2621 49.0000 35.7388 38.1862 54.1196
15069.0000 0.0725 75.1185 49.0000 35.9623 38.2163 53.7496
15070.0000 0.0750 74.9545 49.0000 35.5980 38.1923 53.7802
15071.0000 0.0754 74.7278 49.0000 35.4233 38.1065 53.6407
15072.0000 0.0764 74.7726 49.0000 35.1716 38.3207 53.7162
15073.0000 0.0759 74.6354 49.0000 35.6204 37.7562 53.6293
15074.0000 0.0725 74.8785 49.0000 36.0715 37.8606 53.5930
15075.0000 0.0725 74.6028 49.0000 35.7323 37.9372 53.3811
15076.0000 0.0744 74.7040 49.0000 35.8318 37.7538 53.5856
15077.0000 0.0745 74.6341 49.0000 36.0660 37.4241 53.5623
15078.0000 0.0749 74.5946 49.0000 35.7096 37.7214 53.5376
15079.0000 0.0774 74.7594 49.0000 35.7167 37.6434 53.8168
15080.0000 0.0786 75.0776 49.0000 35.9246 37.6330 54.1279
15081.0000 0.0759 74.7921 49.0000 35.7040 37.8293 53.7404
15082.0000 0.0804 74.6155 49.0000 35.2210 37.7369 53.8784
15083.0000 0.0783 74.8285 49.0000 35.3607 37.9974 53.8992
15084.0000 0.0787 74.4606 49.0000 35.0482 37.9204 53.6474
15085.0000 0.0839 74.7409 49.0000 34.8586 37.9189 54.1593
15086.0000 0.0837 74.6379 49.0000 34.8685 37.8263 54.0757
15087.0000 0.0848 74.5498 49.0000 35.1294 37.3692 54.1031
15088.0000 0.0847 74.7669 49.0000 35.3524 37.3568 54.2658
15089.0000 0.0852 74.7355 49.0000 34.9268 37.7215 54.2458
15090.0000 0.0886 74.9587 49.0000 34.7383 37.8401 54.5910
15091.0000 0.0877 74.6266 49.0000 34.5912 37.7444 54.2949
15092.0000 0.0876 74.5453 49.0000 34.8661 37.3839 54.2568
15093.0000 0.0851 74.7395 49.0000 34.7284 37.9441 54.2234
15094.0000 0.0879 74.7906 49.0000 34.6521 37.8249 54.4256
15095.0000 0.0869 74.7443 49.0000 34.6572 37.8680 54.3287
15096.0000 0.0824 74.5261 49.0000 34.7418 37.9692 53.9025
15097.0000 0.0893 74.3335 49.0000 34.3837 37.5305 54.1728
15098.0000 0.0842 74.3174 49.0000 34.8357 37.4955 53.8855
15099.0000 0.0866 74.5789 49.0000 35.1196 37.2454 54.2348
15100.0000 0.0865 74.9132 49.0000 35.3708 37.3190 54.4810
15101.0000 0.0827 74.8377 49.0000 35.5791 37.3746 54.2028
15102.0000 0.0854 74.4528 49.0000 35.3292 37.0124 54.0846
15103.0000 0.0929 74.8830 49.0000 35.1096 37.0003 54.8248
15104.0000 0.0862 74.8493 49.0000 35.0474 37.6173 54.3970
15105.0000 0.0906 74.8796 49.0000 34.8404 37.4733 54.6704
15106.0000 0.0916 74.7263 49.0000 34.8075 37.2718 54.6194
15107.0000 0.0908 74.7469 49.0000 34.2069 37.9942 54.5291
15108.0000 0.0897 74.7166 49.0000 34.2911 37.9708 54.4509
15109.0000 0.0965 75.1857 49.0000 34.1111 38.0222 55.1692
15110.0000 0.0913 74.8860 49.0000 34.2776 38.0098 54.6647
15111.0000 0.0983 75.1152 49.0000 33.9015 38.0186 55.2048
15112.0000 0.0925 75.1567 49.0000 34.4524 37.9835 54.9438
15113.0000 0.0933 75.1789 49.0000 34.5369 37.8486 55.0141
15114.0000 0.0906 75.0133 49.0000 34.5878 37.8707 54.7403
15115.0000 0.0921 75.1038 49.0000 34.4536 37.9718 54.8787
15116.0000 0.0990 75.6300 49.0000 34.3095 38.0298 55.6461
15117.0000 0.0997 75.7899 49.0000 34.2574 38.1779 55.7941
15118.0000 0.0944 75.7703 49.0000 34.3037 38.5863 55.4571
15119.0000 0.0950 75.9148 49.0000 34.6520 38.3050 55.6330
15120.0000 0.0928 75.4340 49.0000 34.1956 38.5048 55.1211
15121.0000 0.0966 75.5249 49.0000 34.1108 38.3506 55.4049
15122.0000 0.0979 75.7665 49.0000 33.7047 38.9031 55.5977
15123.0000 0.0927 75.6346 49.0000 34.0160 38.9135 55.2200
15124.0000 0.0942 75.6710 49.0000 34.3943 38.4014 55.3937
15125.0000 0.0955 75.9434 49.0000 34.3937 38.5556 55.6591
15126.0000 0.0887 75.6539 49.0000 34.9663 38.2750 55.0990
15127.0000 0.0874 75.5815 49.0000 34.9425 38.3512 54.9616
15128.0000 0.0859 75.5066 49.0000 34.7103 38.6630 54.7870
15129.0000 0.0826 75.2724 49.0000 34.9167 38.5157 54.4361
15130.0000 0.0817 75.1761 49.0000 35.1277 38.2734 54.3382
15131.0000 0.0853 75.1712 49.0000 35.0034 38.0725 54.5524
15132.0000 0.0828 75.1430 49.0000 35.4664 37.7875 54.4125
15133.0000 0.0829 75.1780 49.0000 35.6583 37.6158 54.4542
15134.0000 0.0825 75.4152 49.0000 35.3264 38.2267 54.5731
15135.0000 0.0826 75.1535 49.0000 35.1040 38.1941 54.3781
15136.0000 0.0856 75.2103 49.0000 34.8132 38.2851 54.5792
15137.0000 0.0832 74.9722 49.0000 34.9566 38.1154 54.2778
15138.0000 0.0800 74.9624 49.0000 35.0821 38.2703 54.0740
15139.0000 0.0796 74.8041 49.0000 35.2765 37.9450 53.9573
15140.0000 0.0807 74.7566 49.0000 35.0133 38.0724 53.9732
15141.0000 0.0832 74.8295 49.0000 34.9704 37.9519 54.1865
15142.0000 0.0817 74.8414 49.0000 35.0412 38.0324 54.1008
15143.0000 0.0755 74.6619 49.0000 35.0874 38.3853 53.5709
15144.0000 0.0754 74.7580 49.0000 34.9387 38.6549 53.6082
15145.0000 0.0789 75.0188 49.0000 34.8968 38.6309 54.0156
15146.0000 0.0783 74.9018 49.0000 34.8433 38.6208 53.8948
15147.0000 0.0755 74.6910 49.0000 35.0481 38.4565 53.5861
15148.0000 0.0759 74.6323 49.0000 35.2058 38.1886 53.5925
15149.0000 0.0770 74.5940 49.0000 35.1930 38.0605 53.6388
15150.0000 0.0758 74.5469 49.0000 35.1889 38.1344 53.5233
15151.0000 0.0800 74.5584 49.0000 35.0286 37.9221 53.7947
15152.0000 0.0767 74.4097 49.0000 35.3266 37.7668 53.5023
15153.0000 0.0730 74.5564 49.0000 35.7543 37.8192 53.3854
15154.0000 0.0737 74.9503 49.0000 35.9113 37.9778 53.7179
15155.0000 0.0711 74.6507 49.0000 36.2861 37.5424 53.3537
15156.0000 0.0719 74.4234 49.0000 36.1385 37.3880 53.2446
15157.0000 0.0733 74.3367 49.0000 35.8036 37.5183 53.2581
15158.0000 0.0760 74.1527 49.0000 35.8381 37.0395 53.3135
15159.0000 0.0750 74.0955 49.0000 36.0295 36.8805 53.2152
15160.0000 0.0673 73.7768 49.0000 36.0664 37.2582 52.4790
15161.0000 0.0660 73.6202 49.0000 35.9442 37.3469 52.2797
15162.0000 0.0637 73.7800 49.0000 36.3094 37.3609 52.2425
15163.0000 0.0651 73.8950 49.0000 36.0886 37.5668 52.4101
15164.0000 0.0662 74.0057 49.0000 35.8665 37.8056 52.5469
15165.0000 0.0688 73.8695 49.0000 35.6346 37.6472 52.6267
15166.0000 0.0668 73.7724 49.0000 35.4595 37.9326 52.4034
15167.0000 0.0654 74.0662 49.0000 35.6657 38.1582 52.5139
15168.0000 0.0686 74.0959 49.0000 35.7661 37.7670 52.7697
15169.0000 0.0649 73.9987 49.0000 36.0704 37.7135 52.4636
15170.0000 0.0643 73.9659 49.0000 35.7729 38.0461 52.3808
15171.0000 0.0653 73.9524 49.0000 35.8807 37.8205 52.4512
15172.0000 0.0617 73.7342 49.0000 35.9415 37.8966 52.0459
15173.0000 0.0629 73.7601 49.0000 35.7350 38.0211 52.1341
15174.0000 0.0640 73.6304 49.0000 35.5258 38.0031 52.1068
15175.0000 0.0629 73.7547 49.0000 35.5420 38.2178 52.1145
15176.0000 0.0718 74.2619 49.0000 35.5155 37.8866 53.0857
15177.0000 0.0728 73.9774 49.0000 35.4129 37.6100 52.9535
15178.0000 0.0662 73.7841 49.0000 35.5711 37.8915 52.3739
15179.0000 0.0689 74.0266 49.0000 35.4596 37.9894 52.7197
15180.0000 0.0675 73.8008 49.0000 35.3826 37.9770 52.4631
15181.0000 0.0680 73.7879 49.0000 35.5852 37.7030 52.5056
15182.0000 0.0702 73.7149 49.0000 35.2114 37.8070 52.5802
15183.0000 0.0652 73.5099 49.0000 35.3533 37.9417 52.0986
15184.0000 0.0703 73.7638 49.0000 34.8310 38.2557 52.5776
15185.0000 0.0695 73.9969 49.0000 35.1065 38.2770 52.7062
15186.0000 0.0683 73.8685 49.0000 34.9716 38.4074 52.5207
15187.0000 0.0646 73.8482 49.0000 35.3000 38.4096 52.2702
15188.0000 0.0601 73.6126 49.0000 35.1572 38.7926 51.7487
15189.0000 0.0667 73.9317 49.0000 34.9590 38.6535 52.4372
15190.0000 0.0647 73.7350 49.0000 34.8813 38.7329 52.1528
15191.0000 0.0676 74.2089 49.0000 34.6191 39.2297 52.6261
15192.0000 0.0747 74.1238 49.0000 34.2735 38.8006 53.0488
15193.0000 0.0737 74.1729 49.0000 34.2102 39.0236 52.9947
15194.0000 0.0721 74.2429 49.0000 34.2116 39.2544 52.9213
15195.0000 0.0681 74.2645 49.0000 34.5178 39.3505 52.6808
15196.0000 0.0675 74.2206 49.0000 34.3929 39.5073 52.5833
15197.0000 0.0692 74.1440 49.0000 34.1778 39.4882 52.6297
15198.0000 0.0673 74.3367 49.0000 34.6583 39.3495 52.6913
15199.0000 0.0677 74.5007 49.0000 34.4485 39.7156 52.7856
15200.0000 0.0648 74.4682 49.0000 34.6838 39.7232 52.5797
15201.0000 0.0644 73.9480 49.0000 34.3573 39.5927 52.1565
15202.0000 0.0656 74.3364 49.0000 34.1762 40.0877 52.4486
15203.0000 0.0687 74.1727 49.0000 33.8676 39.9349 52.5335
15204.0000 0.0678 74.0376 49.0000 33.9981 39.7374 52.4083
15205.0000 0.0717 74.3255 49.0000 33.7079 39.9647 52.8288
15206.0000 0.0718 73.9703 49.0000 33.6331 39.6569 52.6094
15207.0000 0.0671 73.7742 49.0000 33.8393 39.7148 52.1562
15208.0000 0.0681 73.9564 49.0000 33.9506 39.6733 52.3730
15209.0000 0.0712 73.8896 49.0000 34.0219 39.1871 52.5980
15210.0000 0.0662 73.6639 49.0000 34.1868 39.2890 52.0962
15211.0000 0.0673 73.7910 49.0000 34.0188 39.5019 52.2248
15212.0000 0.0717 73.9938 49.0000 33.7879 39.5155 52.6496
15213.0000 0.0692 74.0511 49.0000 34.0400 39.5527 52.5398
15214.0000 0.0671 73.7779 49.0000 33.9278 39.6149 52.1799
15215.0000 0.0711 73.9330 49.0000 33.7206 39.5929 52.5491
15216.0000 0.0689 73.9143 49.0000 33.9094 39.5845 52.4074
15217.0000 0.0655 73.6405 49.0000 34.1111 39.4278 52.0077
15218.0000 0.0726 73.7107 49.0000 33.5108 39.4437 52.4832
15219.0000 0.0795 74.3663 49.0000 33.3063 39.6608 53.3673
15220.0000 0.0743 74.1603 49.0000 33.7592 39.4563 52.9459
15221.0000 0.0708 73.9629 49.0000 33.9235 39.4276 52.5849
15222.0000 0.0773 74.1512 49.0000 33.6659 39.2453 53.1490
15223.0000 0.0767 74.2103 49.0000 33.7472 39.2763 53.1570
15224.0000 0.0849 74.6776 49.0000 33.5562 39.1734 54.0016
15225.0000 0.0856 74.4783 49.0000 33.5468 38.9145 53.9193
15226.0000 0.0800 74.1782 49.0000 33.8438 38.8098 53.3929
15227.0000 0.0803 74.1572 49.0000 34.1277 38.4493 53.4438
15228.0000 0.0816 74.1275 49.0000 33.8254 38.6323 53.4628
15229.0000 0.0790 73.9588 49.0000 34.0664 38.4397 53.2144
15230.0000 0.0832 74.1878 49.0000 34.0683 38.2737 53.6498
15231.0000 0.0815 74.1059 49.0000 33.8987 38.5396 53.4534
15232.0000 0.0779 73.7165 49.0000 33.8021 38.5842 52.9414
15233.0000 0.0813 73.7712 49.0000 33.8769 38.2321 53.2246
15234.0000 0.0836 74.0158 49.0000 33.8481 38.3053 53.5289
15235.0000 0.0824 73.7201 49.0000 33.7298 38.2398 53.2415
15236.0000 0.0811 73.4976 49.0000 33.9212 37.9326 53.0318
15237.0000 0.0813 73.3939 49.0000 33.8596 37.8672 52.9741
15238.0000 0.0797 73.2898 49.0000 33.7190 38.0701 52.7739
15239.0000 0.0826 73.3895 49.0000 33.5895 38.0408 53.0157
15240.0000 0.0793 73.1813 49.0000 33.3852 38.3595 52.6259
15241.0000 0.0803 73.0802 49.0000 33.3562 38.1933 52.6246
15242.0000 0.0787 72.9162 49.0000 33.5314 37.9859 52.4355
15243.0000 0.0860 72.8163 49.0000 33.1070 37.6707 52.7926
15244.0000 0.0863 72.6278 49.0000 33.1091 37.4501 52.6884
15245.0000 0.0803 72.5586 49.0000 33.4663 37.5408 52.3015
15246.0000 0.0808 72.5752 49.0000 33.4735 37.5009 52.3486
15247.0000 0.0805 72.5550 49.0000 33.1815 37.8280 52.2710
15248.0000 0.0792 72.3962 49.0000 33.2728 37.6882 52.0934
15249.0000 0.0789 72.7050 49.0000 33.5499 37.7280 52.3165
15250.0000 0.0778 72.8896 49.0000 33.3748 38.2223 52.3266
15251.0000 0.0792 73.0104 49.0000 33.5087 38.0633 52.5249
15252.0000 0.0802 73.3614 49.0000 33.6675 38.1477 52.8502
15253.0000 0.0790 73.2500 49.0000 33.6744 38.1461 52.6922
15254.0000 0.0804 73.0572 49.0000 33.4698 38.0412 52.6307
15255.0000 0.0779 72.9705 49.0000 33.4796 38.1765 52.4057
15256.0000 0.0837 73.1469 49.0000 33.3568 37.9426 52.8976
15257.0000 0.0814 73.0358 49.0000 33.4906 37.9001 52.6895
15258.0000 0.0841 73.3138 49.0000 33.6198 37.7875 53.0729
15259.0000 0.0848 73.4764 49.0000 33.7466 37.7569 53.2388
15260.0000 0.0883 73.6619 49.0000 33.8332 37.5302 53.5992
15261.0000 0.0853 73.4749 49.0000 33.7595 37.6924 53.2742
15262.0000 0.0911 73.5054 49.0000 33.5646 37.4105 53.6369
15263.0000 0.0848 73.3899 49.0000 33.6624 37.7609 53.1699
15264.0000 0.0863 73.5744 49.0000 33.4621 38.0198 53.3664
15265.0000 0.0860 73.7802 49.0000 33.6743 38.0266 53.5120
15266.0000 0.0831 73.6026 49.0000 33.3785 38.4397 53.1564
15267.0000 0.0818 73.5480 49.0000 33.2343 38.6642 53.0082
15268.0000 0.0835 73.3841 49.0000 33.0536 38.5351 52.9881
15269.0000 0.0898 73.6490 49.0000 32.8881 38.4069 53.5486
15270.0000 0.0854 73.2551 49.0000 33.0418 38.2421 53.0291
15271.0000 0.0873 73.4669 49.0000 33.2101 38.0931 53.3235
15272.0000 0.0878 73.4369 49.0000 32.8918 38.3733 53.2785
15273.0000 0.0927 73.6424 49.0000 32.8831 38.1407 53.7327
15274.0000 0.0889 73.4212 49.0000 32.9309 38.2078 53.3516
15275.0000 0.0896 73.4673 49.0000 32.7692 38.3718 53.3970
15276.0000 0.0903 73.3114 49.0000 32.6603 38.2707 53.3218
15277.0000 0.0946 73.4582 49.0000 32.7477 37.9319 53.7110
15278.0000 0.0895 73.1011 49.0000 32.9093 37.8542 53.1771
15279.0000 0.0806 72.9649 49.0000 33.2187 38.2047 52.5432
15280.0000 0.0793 72.7796 49.0000 33.1979 38.1547 52.3353
15281.0000 0.0852 72.8533 49.0000 32.9523 37.9520 52.7389
15282.0000 0.0816 72.8095 49.0000 32.9770 38.2178 52.4703
15283.0000 0.0810 73.0824 49.0000 33.3753 38.1126 52.6741
15284.0000 0.0770 72.9733 49.0000 33.5662 38.1710 52.3583
15285.0000 0.0743 72.5599 49.0000 33.6673 37.8933 51.9186
15286.0000 0.0758 72.4906 49.0000 33.3960 37.9703 51.9409
15287.0000 0.0723 72.4555 49.0000 33.2525 38.4431 51.6353
15288.0000 0.0748 72.4183 49.0000 33.0812 38.3460 51.7653
15289.0000 0.0707 72.5239 49.0000 33.4651 38.4333 51.6012
15290.0000 0.0732 72.8779 49.0000 33.6691 38.3225 52.0477
15291.0000 0.0722 72.7285 49.0000 33.7938 38.1284 51.9003
15292.0000 0.0724 72.9497 49.0000 34.0214 38.0914 52.0888
15293.0000 0.0750 72.9518 49.0000 33.8910 37.9823 52.2562
15294.0000 0.0749 72.8998 49.0000 33.6699 38.1809 52.1817
15295.0000 0.0736 72.7047 49.0000 33.4612 38.3442 51.9235
15296.0000 0.0728 72.7940 49.0000 33.5287 38.4364 51.9369
15297.0000 0.0783 72.9539 49.0000 33.2268 38.4038 52.3774
15298.0000 0.0779 72.8089 49.0000 33.1845 38.3342 52.2534
15299.0000 0.0647 74.9531 50.0000 35.9409 38.8517 53.0732
15300.0000 0.0585 74.8631 50.0000 36.6195 38.6835 52.6030
15301.0000 0.0631 74.9141 50.0000 36.4818 38.3972 52.9797
15302.0000 0.0774 72.9870 49.0000 33.8042 37.8853 52.4317
15303.0000 0.0736 72.9038 49.0000 34.0633 37.8806 52.1509
15304.0000 0.0786 72.9609 49.0000 34.1017 37.4227 52.5349
15305.0000 0.0758 72.7047 49.0000 33.9337 37.6030 52.1584
15306.0000 0.0672 74.8333 50.0000 36.3526 38.0389 53.2124
15307.0000 0.0660 74.8416 50.0000 36.1529 38.3742 53.1192
15308.0000 0.0645 74.8082 50.0000 36.1426 38.5037 52.9853
15309.0000 0.0764 73.1769 49.0000 33.8131 38.1688 52.4850
15310.0000 0.0688 72.8721 49.0000 34.3453 38.0146 51.8231
15311.0000 0.0725 72.8594 49.0000 34.0944 37.9103 52.0468
15312.0000 0.0662 74.6943 50.0000 35.8277 38.5524 53.0030
15313.0000 0.0745 73.1202 49.0000 34.3017 37.7607 52.3840
15314.0000 0.0821 73.5062 49.0000 33.9873 37.7778 53.1118
15315.0000 0.0705 74.9154 50.0000 36.0454 38.1111 53.4845
15316.0000 0.0662 75.0432 50.0000 36.6304 38.0598 53.3024
15317.0000 0.0846 73.4196 49.0000 33.7703 37.6929 53.1907
15318.0000 0.0868 73.5516 49.0000 33.6804 37.7193 53.4110
15319.0000 0.0857 73.3772 49.0000 33.5138 37.8246 53.2009
15320.0000 0.0658 74.7969 50.0000 37.0004 37.4768 53.1134
15321.0000 0.0648 74.6880 50.0000 36.7366 37.7266 52.9662
15322.0000 0.0819 73.2788 49.0000 33.9411 37.6116 52.9448
15323.0000 0.0605 74.6274 50.0000 36.8080 38.0282 52.6143
15324.0000 0.0598 74.7119 50.0000 37.4084 37.5704 52.6398
15325.0000 0.0632 74.8433 50.0000 37.0447 37.7325 52.9667
15326.0000 0.0636 74.6811 50.0000 36.9462 37.6261 52.8822
15327.0000 0.0816 73.4398 49.0000 34.0165 37.7188 53.0431
15328.0000 0.0759 75.0357 50.0000 36.3094 37.4479 53.9411
15329.0000 0.0780 75.2664 50.0000 36.4211 37.3646 54.2441
15330.0000 0.0782 74.9791 50.0000 36.1552 37.3315 54.0465
15331.0000 0.0742 74.6753 50.0000 36.1672 37.3883 53.5766
15332.0000 0.0713 74.8531 50.0000 36.4682 37.5376 53.5162
15333.0000 0.0657 74.4562 50.0000 36.2186 37.9412 52.8431
15334.0000 0.0740 74.9257 50.0000 36.2060 37.6250 53.7340
15335.0000 0.0684 74.6679 50.0000 36.5847 37.5146 53.1932
15336.0000 0.0713 75.0398 50.0000 36.8832 37.3022 53.6578
15337.0000 0.0717 75.1487 50.0000 36.9246 37.3312 53.7614
15338.0000 0.0715 75.1319 50.0000 37.0446 37.2142 53.7365
15339.0000 0.0729 75.0790 50.0000 36.7886 37.2834 53.7904
15340.0000 0.0709 75.1359 50.0000 37.1137 37.2019 53.7028
15341.0000 0.0703 74.9413 50.0000 36.4179 37.7773 53.5052
15342.0000 0.0750 75.1343 50.0000 36.3959 37.5376 53.9577
15343.0000 0.0777 74.9512 50.0000 36.1702 37.3403 53.9917
15344.0000 0.0734 75.0489 50.0000 36.5061 37.4918 53.7960
15345.0000 0.0732 75.3294 50.0000 36.7158 37.5817 53.9824
15346.0000 0.0718 75.1660 50.0000 36.3159 37.9576 53.7615
15347.0000 0.0724 75.0064 50.0000 36.2038 37.8569 53.6851
15348.0000 0.0735 75.0516 50.0000 35.9175 38.0993 53.7690
15349.0000 0.0761 74.7137 50.0000 35.2924 38.1689 53.6630
15350.0000 0.0791 74.3417 50.0000 34.9741 37.8422 53.5861
15351.0000 0.0845 74.3214 50.0000 34.6516 37.6640 53.8921
15352.0000 0.0793 74.1020 50.0000 34.7459 37.8268 53.4131
15353.0000 0.0811 74.1671 50.0000 35.0903 37.3629 53.6046
15354.0000 0.0898 74.4969 50.0000 34.7164 37.2998 54.3442
15355.0000 0.0819 74.3040 50.0000 35.1070 37.4061 53.7528
15356.0000 0.0841 74.1972 50.0000 35.0611 37.1458 53.8158
15357.0000 0.0837 74.0055 50.0000 34.8252 37.2446 53.6363
15358.0000 0.0826 73.8797 50.0000 34.9792 37.0527 53.4954
15359.0000 0.0776 73.6967 50.0000 35.0203 37.2837 53.0538
15360.0000 0.0817 73.7048 50.0000 34.7254 37.2248 53.2997
15361.0000 0.0838 73.8385 50.0000 34.4036 37.5067 53.4955
15362.0000 0.0830 73.7014 50.0000 34.1536 37.7094 53.3237
15363.0000 0.0872 73.8371 50.0000 34.1812 37.4386 53.6835
15364.0000 0.0853 73.5423 50.0000 34.2145 37.2801 53.3670
15365.0000 0.0855 73.4848 50.0000 34.2529 37.1595 53.3473
15366.0000 0.0903 73.4016 50.0000 33.8753 37.0526 53.5477
15367.0000 0.0852 73.5830 50.0000 34.1212 37.4262 53.3806
15368.0000 0.0855 73.7443 50.0000 34.2016 37.4740 53.5179
15369.0000 0.0903 73.9069 50.0000 34.1538 37.2610 53.9200
15370.0000 0.0879 73.6903 50.0000 34.2504 37.1550 53.6346
15371.0000 0.0861 73.7975 50.0000 34.4909 37.1708 53.6170
15372.0000 0.0856 73.8132 50.0000 34.1349 37.6005 53.5668
15373.0000 0.0855 73.6213 50.0000 34.2026 37.3531 53.4324
15374.0000 0.0830 73.5346 50.0000 34.1514 37.5467 53.2096
15375.0000 0.0894 73.6337 50.0000 33.9504 37.2847 53.6576
15376.0000 0.0911 73.6543 50.0000 34.0950 37.0038 53.7885
15377.0000 0.0918 73.3887 50.0000 33.7716 37.0135 53.6225
15378.0000 0.0994 73.6047 50.0000 33.6195 36.7419 54.1979
15379.0000 0.0932 73.6174 50.0000 34.1102 36.7713 53.8877
15380.0000 0.0948 73.5145 50.0000 33.8306 36.8179 53.8917
15381.0000 0.0925 73.3396 50.0000 34.0291 36.6361 53.6518
15382.0000 0.0975 73.8066 50.0000 33.9703 36.7354 54.2581
15383.0000 0.0992 73.7602 50.0000 34.0202 36.4935 54.3269
15384.0000 0.0945 73.5202 50.0000 33.9554 36.7260 53.8837
15385.0000 0.0944 73.5326 50.0000 33.7942 36.9123 53.8746
15386.0000 0.0922 73.6797 50.0000 33.7659 37.2724 53.8454
15387.0000 0.0978 73.7968 50.0000 33.6472 37.0367 54.2413
15388.0000 0.0984 73.8707 50.0000 33.4946 37.2180 54.3121
15389.0000 0.1009 74.0480 50.0000 33.2704 37.4106 54.5585
15390.0000 0.0961 74.2988 50.0000 33.3631 37.9720 54.4550
15391.0000 0.0937 74.0851 50.0000 33.3030 38.0426 54.1504
15392.0000 0.0979 74.0952 50.0000 33.3465 37.6332 54.4230
15393.0000 0.0942 73.7941 50.0000 33.4661 37.5311 54.0093
15394.0000 0.0948 73.8060 50.0000 33.3354 37.6312 54.0368
15395.0000 0.0934 73.7330 50.0000 33.1630 37.8649 53.8796
15396.0000 0.0903 73.2129 50.0000 33.2277 37.5528 53.3463
15397.0000 0.0939 73.4492 50.0000 33.2353 37.4644 53.7273
15398.0000 0.0959 73.8181 50.0000 33.5279 37.3400 54.1362
15399.0000 0.0907 73.8232 50.0000 33.6483 37.6767 53.8343
15400.0000 0.0897 73.7778 50.0000 33.9302 37.4230 53.7720
15401.0000 0.0861 73.7011 50.0000 33.8649 37.7338 53.4900
15402.0000 0.0896 73.5300 50.0000 33.4897 37.6512 53.5489
15403.0000 0.0894 73.3704 50.0000 33.4005 37.6078 53.4161
15404.0000 0.0839 73.1036 50.0000 33.4004 37.8339 52.8880
15405.0000 0.0844 73.1998 50.0000 33.7491 37.5056 53.0334
15406.0000 0.0891 73.2705 50.0000 33.1605 37.7888 53.3006
15407.0000 0.0894 73.4480 50.0000 33.6551 37.4067 53.5041
15408.0000 0.0923 73.5196 50.0000 33.7464 37.1302 53.7370
15409.0000 0.0958 73.7348 50.0000 33.6412 37.1471 54.0850
15410.0000 0.0902 73.6834 50.0000 33.8309 37.3889 53.7288
15411.0000 0.0923 73.5304 50.0000 33.8138 37.0696 53.7511
15412.0000 0.0922 73.7670 50.0000 34.0605 37.0499 53.9330
15413.0000 0.0879 73.7988 50.0000 34.1693 37.3468 53.7024
15414.0000 0.0843 73.6462 50.0000 34.3211 37.3545 53.3897
15415.0000 0.0901 73.6443 50.0000 34.1393 37.0312 53.7278
15416.0000 0.0903 73.6543 50.0000 33.9663 37.2072 53.7295
15417.0000 0.0917 73.7854 50.0000 34.0049 37.1753 53.9068
15418.0000 0.0911 73.8900 50.0000 33.8368 37.5088 53.9248
15419.0000 0.0914 73.9155 50.0000 33.9914 37.3452 53.9762
15420.0000 0.0868 73.9725 50.0000 34.3034 37.4788 53.7638
15421.0000 0.0887 74.0667 50.0000 34.3973 37.3002 53.9574
15422.0000 0.0903 74.0914 50.0000 34.2840 37.3054 54.0598
15423.0000 0.0900 74.0397 50.0000 34.4902 37.0625 54.0248
15424.0000 0.0875 74.0364 50.0000 34.5643 37.2088 53.8720
15425.0000 0.0878 74.2742 50.0000 34.6445 37.3338 54.0611
15426.0000 0.0868 74.1712 50.0000 34.4418 37.5269 53.9153
15427.0000 0.0854 74.2380 50.0000 34.8934 37.2454 53.9121
15428.0000 0.0902 74.3393 50.0000 34.7267 37.0973 54.2603
15429.0000 0.0843 74.3516 50.0000 35.1099 37.2346 53.9355
15430.0000 0.0904 74.5792 50.0000 34.7799 37.2605 54.4433
15431.0000 0.0886 74.5965 50.0000 34.7305 37.4851 54.3442
15432.0000 0.0915 74.5913 50.0000 34.6168 37.3466 54.5048
15433.0000 0.0928 74.3251 50.0000 34.4550 37.1353 54.3879
15434.0000 0.0956 74.6759 50.0000 34.5576 37.1298 54.8055
15435.0000 0.0876 74.6375 50.0000 34.9336 37.4007 54.3285
15436.0000 0.0832 74.3990 50.0000 34.7703 37.7383 53.8708
15437.0000 0.0775 74.0567 50.0000 34.7683 37.9261 53.2650
15438.0000 0.0760 74.0862 50.0000 34.9995 37.8534 53.2064
15439.0000 0.0795 74.0987 50.0000 34.7018 37.8501 53.4208
15440.0000 0.0809 74.0497 50.0000 34.5022 37.8778 53.4624
15441.0000 0.0812 73.8523 50.0000 34.3021 37.8693 53.3239
15442.0000 0.0801 73.6080 50.0000 34.2623 37.7696 53.0820
15443.0000 0.0824 73.8899 50.0000 34.0521 38.0635 53.3980
15444.0000 0.0822 73.8043 50.0000 34.1268 37.9170 53.3361
15445.0000 0.0815 73.8150 50.0000 34.2271 37.8867 53.3081
15446.0000 0.0812 73.8164 50.0000 34.2634 37.8774 53.2934
15447.0000 0.0799 73.9082 50.0000 34.3377 38.0097 53.2785
15448.0000 0.0764 73.6902 50.0000 34.3728 38.0835 52.8999
15449.0000 0.0751 73.1121 50.0000 34.0285 37.9845 52.3891
15450.0000 0.0779 73.3204 50.0000 33.9345 38.0377 52.7017
15451.0000 0.0763 73.0669 50.0000 34.1848 37.6575 52.4603
15452.0000 0.0812 73.2387 50.0000 33.9378 37.6435 52.8687
15453.0000 0.0803 73.3105 50.0000 33.9017 37.8393 52.8517
15454.0000 0.0859 73.5782 50.0000 33.7388 37.7605 53.3815
15455.0000 0.0820 73.6409 50.0000 33.9359 37.9743 53.1911
15456.0000 0.0813 73.4974 50.0000 33.7400 38.1099 53.0199
15457.0000 0.0839 73.6263 50.0000 33.9301 37.7939 53.3029
15458.0000 0.0823 73.2817 50.0000 33.5998 37.9499 52.9251
15459.0000 0.0861 73.5912 50.0000 33.7905 37.7023 53.4079
15460.0000 0.0787 73.2011 50.0000 34.0438 37.7182 52.6950
15461.0000 0.0863 73.3274 50.0000 33.4781 37.7533 53.2053
15462.0000 0.0900 73.5177 50.0000 33.5427 37.5457 53.5729
15463.0000 0.0898 73.5282 50.0000 33.5658 37.5482 53.5711
15464.0000 0.0913 73.5358 50.0000 33.4234 37.5777 53.6499
15465.0000 0.0981 74.1227 50.0000 33.3795 37.6073 54.4580
15466.0000 0.0962 73.8111 50.0000 33.2911 37.5581 54.1218
15467.0000 0.0938 73.6410 50.0000 33.1199 37.7890 53.8336
15468.0000 0.0957 73.7168 50.0000 33.0956 37.7199 54.0006
15469.0000 0.0916 73.6125 50.0000 33.3534 37.6986 53.7138
15470.0000 0.0960 73.6774 50.0000 33.5808 37.1434 54.0468
15471.0000 0.0985 73.8131 50.0000 33.3983 37.2497 54.2714
15472.0000 0.0973 73.7339 50.0000 33.4879 37.1809 54.1556
15473.0000 0.0967 73.6310 50.0000 33.5402 37.0757 54.0553
15474.0000 0.0938 73.6437 50.0000 33.6503 37.2196 53.9050
15475.0000 0.0946 73.7142 50.0000 33.7968 37.0690 54.0134
15476.0000 0.0967 73.8228 50.0000 33.6641 37.1357 54.1985
15477.0000 0.0894 73.6054 50.0000 33.8768 37.3278 53.6354
15478.0000 0.0918 73.9681 50.0000 33.8686 37.4848 54.0285
15479.0000 0.0925 73.8574 50.0000 33.9101 37.2767 53.9950
15480.0000 0.0871 73.5133 50.0000 34.0861 37.2189 53.4519
15481.0000 0.0880 73.5276 50.0000 34.1399 37.1011 53.5189
15482.0000 0.0862 73.7033 50.0000 34.1917 37.3833 53.5312
15483.0000 0.0857 73.5644 50.0000 34.3080 37.1606 53.4208
15484.0000 0.0825 73.6440 50.0000 34.7267 37.0929 53.3068
15485.0000 0.0884 73.7101 50.0000 34.5968 36.7679 53.7063
15486.0000 0.0875 73.5950 50.0000 34.5844 36.7502 53.5683
15487.0000 0.0868 73.7266 50.0000 34.8291 36.6861 53.6348
15488.0000 0.0898 73.6695 50.0000 34.3050 36.9143 53.7373
15489.0000 0.0937 73.6145 50.0000 33.7136 37.1399 53.8805
15490.0000 0.0957 73.9437 50.0000 33.6133 37.3950 54.2165
15491.0000 0.0978 74.1182 50.0000 33.9135 37.0713 54.4894
15492.0000 0.0984 74.0075 50.0000 33.7661 37.0636 54.4357
15493.0000 0.1040 74.3869 50.0000 33.7076 37.0218 55.0145
15494.0000 0.1030 74.2122 50.0000 33.6948 36.9529 54.8324
15495.0000 0.0947 74.1729 50.0000 33.8695 37.4393 54.3394
15496.0000 0.0917 74.0648 50.0000 33.9633 37.4900 54.0980
15497.0000 0.0990 74.3501 50.0000 33.7746 37.3406 54.7074
15498.0000 0.1011 74.2246 50.0000 33.6370 37.1878 54.7257
15499.0000 0.0962 74.3194 50.0000 34.1088 37.2027 54.5520
15500.0000 0.1055 74.5631 50.0000 33.8717 36.8988 55.2345
15501.0000 0.1000 74.6409 50.0000 33.9995 37.3065 54.9866
15502.0000 0.0983 74.5863 50.0000 34.0444 37.3476 54.8566
15503.0000 0.0930 74.4388 50.0000 34.2621 37.4373 54.4581
15504.0000 0.1032 74.8029 50.0000 33.9073 37.2866 55.2764
15505.0000 0.1046 75.0825 50.0000 33.9318 37.4165 55.5519
15506.0000 0.1050 75.0399 50.0000 34.3164 36.9443 55.5741
15507.0000 0.1031 74.9947 50.0000 34.4442 36.9251 55.4467
15508.0000 0.0975 74.7421 50.0000 34.3168 37.2879 54.9395
15509.0000 0.0982 74.7320 50.0000 34.4886 37.0363 54.9884
15510.0000 0.0940 74.5949 50.0000 34.3371 37.4255 54.6323
15511.0000 0.0968 74.6590 50.0000 34.3543 37.2282 54.8434
15512.0000 0.0968 74.6954 50.0000 34.3186 37.3016 54.8656
15513.0000 0.0971 74.7814 50.0000 34.7049 36.9551 54.9741
15514.0000 0.0917 74.6048 50.0000 34.7928 37.1582 54.5400
15515.0000 0.0905 74.5717 50.0000 34.8777 37.1464 54.4484
15516.0000 0.0888 74.6029 50.0000 34.9113 37.2838 54.3757
15517.0000 0.0914 74.4406 50.0000 34.5865 37.2367 54.3931
15518.0000 0.0871 74.3214 50.0000 34.7588 37.3201 54.0621
15519.0000 0.0893 74.6442 50.0000 34.5564 37.6562 54.4023
15520.0000 0.0910 74.7325 50.0000 34.7353 37.4026 54.5843
15521.0000 0.0925 74.8380 50.0000 34.7199 37.3938 54.7445
15522.0000 0.0949 75.2681 50.0000 34.4438 37.8946 55.1626
15523.0000 0.0960 74.9464 50.0000 34.3514 37.5810 54.9964
15524.0000 0.0979 75.0491 50.0000 34.4149 37.4471 55.1879
15525.0000 0.1016 75.0505 50.0000 34.1143 37.4501 55.3740
15526.0000 0.0966 74.7845 50.0000 33.9561 37.7864 54.8807
15527.0000 0.0961 74.6517 50.0000 34.0574 37.5858 54.7747
15528.0000 0.0882 74.5949 50.0000 34.5092 37.7569 54.2949
15529.0000 0.0851 74.5238 50.0000 34.4565 38.0203 54.0463
15530.0000 0.0886 74.5895 50.0000 34.5030 37.7220 54.3157
15531.0000 0.0848 74.6946 50.0000 34.7654 37.8868 54.1778
15532.0000 0.0861 74.5804 50.0000 34.4402 37.9996 54.1493
15533.0000 0.0863 74.8378 50.0000 34.4338 38.2525 54.3300
15534.0000 0.0925 74.7574 50.0000 34.2543 37.7974 54.6505
15535.0000 0.0882 74.7009 50.0000 34.0229 38.3794 54.3110
15536.0000 0.0861 74.5816 50.0000 34.2742 38.1779 54.1307
15537.0000 0.0843 74.5995 50.0000 34.2425 38.4029 54.0163
15538.0000 0.0856 74.3761 50.0000 33.9621 38.3527 53.9208
15539.0000 0.0833 74.2831 50.0000 33.8444 38.6010 53.6890
15540.0000 0.0845 74.0902 50.0000 33.9921 38.1406 53.6580
15541.0000 0.0882 74.3239 50.0000 33.7477 38.2971 54.0227
15542.0000 0.0898 74.6033 50.0000 33.8923 38.2772 54.3307
15543.0000 0.0858 74.4797 50.0000 33.7997 38.6213 53.9740
15544.0000 0.0855 74.3841 50.0000 33.7661 38.5834 53.8904
15545.0000 0.0884 74.5829 50.0000 33.7980 38.4817 54.2168
15546.0000 0.0909 74.7797 50.0000 33.8945 38.3447 54.5238
15547.0000 0.0880 74.5441 50.0000 33.6577 38.6382 54.1394
15548.0000 0.0831 74.2192 50.0000 33.7716 38.6383 53.6195
15549.0000 0.0780 74.1391 50.0000 34.0020 38.7961 53.2478
15550.0000 0.0740 73.9111 50.0000 34.3019 38.6186 52.8662
15551.0000 0.0751 73.8129 50.0000 33.9954 38.7501 52.8307
15552.0000 0.0791 73.7703 50.0000 33.6821 38.6604 53.0372
15553.0000 0.0845 73.8976 50.0000 33.6039 38.3638 53.4776
15554.0000 0.0869 73.7912 50.0000 32.9912 38.7022 53.4683
15555.0000 0.0881 73.8133 50.0000 33.2375 38.3443 53.6040
15556.0000 0.0889 73.8282 50.0000 33.0596 38.4831 53.6350
15557.0000 0.0859 73.6571 50.0000 33.3072 38.3086 53.3708
15558.0000 0.0846 73.5415 50.0000 33.3840 38.2286 53.2207
15559.0000 0.0838 73.8423 50.0000 33.8517 38.1036 53.4309
15560.0000 0.0811 74.1259 50.0000 34.1851 38.2818 53.4839
15561.0000 0.0807 74.2534 50.0000 34.1636 38.4717 53.5383
15562.0000 0.0850 74.5572 50.0000 33.9999 38.5577 54.0008
15563.0000 0.0899 74.8380 50.0000 34.0492 38.3300 54.5179
15564.0000 0.0926 75.1254 50.0000 34.2412 38.1670 54.9057
15565.0000 0.0914 75.1726 50.0000 34.1710 38.3971 54.8536
15566.0000 0.0960 75.2927 50.0000 34.1156 38.1630 55.2151
15567.0000 0.0916 75.3206 50.0000 34.3903 38.2944 54.9913
15568.0000 0.0892 75.0584 50.0000 34.4386 38.1984 54.6684
15569.0000 0.0919 75.5395 50.0000 34.8350 38.0196 55.2019
15570.0000 0.0965 75.5084 50.0000 34.6182 37.8062 55.4418
15571.0000 0.0912 75.2491 50.0000 34.8109 37.8215 54.9560
15572.0000 0.0962 75.6132 50.0000 34.6214 37.9327 55.4961
15573.0000 0.0965 75.3407 50.0000 34.5515 37.7152 55.3171
15574.0000 0.0950 75.0796 50.0000 34.4473 37.6967 55.0389
15575.0000 0.0867 74.7547 50.0000 34.7366 37.8095 54.3330
15576.0000 0.0902 75.0343 50.0000 34.6906 37.8216 54.7378
15577.0000 0.0861 74.9970 50.0000 34.7638 38.0715 54.4664
15578.0000 0.0872 74.8439 50.0000 34.7856 37.7997 54.4312
15579.0000 0.0828 74.8487 50.0000 35.1300 37.8401 54.1879
15580.0000 0.0853 74.9445 50.0000 35.0389 37.8073 54.4018
15581.0000 0.0883 75.0074 50.0000 34.7857 37.8672 54.6089
15582.0000 0.0911 75.1833 50.0000 34.8222 37.7517 54.9066
15583.0000 0.0906 75.1675 50.0000 34.7260 37.8757 54.8606
15584.0000 0.0901 74.9872 50.0000 34.4833 37.9978 54.6823
15585.0000 0.0959 74.9898 50.0000 34.1659 37.8276 55.0022
15586.0000 0.0961 74.9488 50.0000 34.2803 37.6436 55.0013
15587.0000 0.0893 74.9165 50.0000 34.5337 37.9504 54.5863
15588.0000 0.0887 74.9519 50.0000 34.6865 37.8783 54.5881
15589.0000 0.0889 74.9775 50.0000 34.7140 37.8531 54.6233
15590.0000 0.0956 75.4068 50.0000 34.4714 37.9389 55.3041
15591.0000 0.0899 75.3563 50.0000 34.7835 38.0646 54.9523
15592.0000 0.0918 75.3388 50.0000 34.7209 37.9508 55.0467
15593.0000 0.0941 75.2519 50.0000 34.8965 37.4725 55.1443
15594.0000 0.0846 75.0103 50.0000 34.9815 37.9957 54.3982
15595.0000 0.0880 75.0456 50.0000 34.7384 37.9775 54.6150
15596.0000 0.0871 75.1890 50.0000 34.9416 37.9884 54.6749
15597.0000 0.0880 75.5022 50.0000 35.1005 38.0530 54.9591
15598.0000 0.0799 75.3688 50.0000 35.4215 38.3248 54.3782
15599.0000 0.0817 75.2769 50.0000 35.4009 38.0922 54.4277
15600.0000 0.0869 75.6675 50.0000 35.0726 38.3414 55.0038
15601.0000 0.0853 75.7003 50.0000 35.2700 38.3189 54.9384
15602.0000 0.0868 75.5368 50.0000 35.5279 37.7505 54.9407
15603.0000 0.0883 75.4991 50.0000 35.3081 37.8053 54.9928
15604.0000 0.0895 75.5058 50.0000 35.2256 37.7856 55.0684
15605.0000 0.0863 75.1659 50.0000 35.1209 37.8490 54.6250
15606.0000 0.0935 75.6288 50.0000 34.9372 37.8535 55.3735
15607.0000 0.0911 75.8735 50.0000 35.2291 38.0054 55.4191
15608.0000 0.0875 75.4783 50.0000 35.2474 37.9142 54.9282
15609.0000 0.0858 75.6413 50.0000 35.3025 38.1811 54.9321
15610.0000 0.0833 75.5347 50.0000 35.5693 38.0246 54.7215
15611.0000 0.0848 75.4947 50.0000 35.1327 38.3034 54.7539
15612.0000 0.0883 75.7896 50.0000 35.2519 38.1521 55.1886
15613.0000 0.0880 75.4658 50.0000 34.6822 38.4585 54.8924
15614.0000 0.0894 75.4030 50.0000 34.4172 38.5499 54.9088
15615.0000 0.0945 75.8283 50.0000 34.4677 38.4548 55.5260
15616.0000 0.0966 76.2069 50.0000 34.6656 38.4360 55.9327
15617.0000 0.0997 76.2691 50.0000 34.6172 38.2724 56.1592
15618.0000 0.0978 76.0480 50.0000 34.6078 38.2329 55.8913
15619.0000 0.0963 75.7598 50.0000 34.4332 38.2659 55.5845
15620.0000 0.0985 75.8842 50.0000 34.3771 38.2537 55.7968
15621.0000 0.1036 76.1025 50.0000 34.0728 38.3467 56.2153
15622.0000 0.1029 76.1325 50.0000 34.3047 38.1941 56.2188
15623.0000 0.0975 75.7074 50.0000 34.6006 37.9365 55.6348
15624.0000 0.1035 75.8073 50.0000 34.3466 37.7762 56.0358
15625.0000 0.1011 75.8301 50.0000 34.3348 38.0182 55.9100
15626.0000 0.1018 76.0881 50.0000 34.5388 37.9951 56.1502
15627.0000 0.0972 76.2222 50.0000 34.8159 38.2342 55.9984
15628.0000 0.1001 76.5368 50.0000 34.8445 38.2629 56.3888
15629.0000 0.0971 76.6770 50.0000 34.9631 38.5377 56.3186
15630.0000 0.0940 76.6252 50.0000 34.9341 38.7947 56.0892
15631.0000 0.1050 77.0858 50.0000 34.8703 38.3432 57.0621
15632.0000 0.1041 76.9476 50.0000 34.7270 38.4361 56.9002
15633.0000 0.1051 76.7129 50.0000 34.6619 38.1953 56.7850
15634.0000 0.1049 76.7570 50.0000 35.0421 37.8558 56.8386
15635.0000 0.1045 76.6420 50.0000 34.8837 37.9471 56.7199
15636.0000 0.0962 76.2474 50.0000 34.9259 38.2317 55.9659
15637.0000 0.0933 75.8447 50.0000 34.8971 38.1273 55.5060
15638.0000 0.0957 75.8127 50.0000 34.5333 38.2626 55.5966
15639.0000 0.0971 75.7502 50.0000 34.4707 38.1447 55.6313
15640.0000 0.1043 75.8653 50.0000 34.0640 38.0622 56.0933
15641.0000 0.1019 76.0638 50.0000 34.1121 38.4127 56.0940
15642.0000 0.0985 76.1880 50.0000 34.6391 38.2748 56.0338
15643.0000 0.0943 76.1312 50.0000 34.7336 38.4929 55.7479
15644.0000 0.0866 76.0689 50.0000 35.1828 38.6532 55.2682
15645.0000 0.0911 76.2420 50.0000 35.1259 38.4737 55.6668
15646.0000 0.0885 76.1226 50.0000 35.0177 38.7094 55.4075
15647.0000 0.0855 76.0620 50.0000 35.2068 38.7219 55.1953
15648.0000 0.0844 76.2727 50.0000 35.2512 38.9970 55.2640
15649.0000 0.0841 76.4688 50.0000 35.0711 39.4147 55.3532
15650.0000 0.0810 76.4939 50.0000 35.3131 39.4786 55.1883
15651.0000 0.0809 76.7307 50.0000 35.5429 39.4759 55.3711
15652.0000 0.0840 76.9138 50.0000 35.5239 39.3858 55.7005
15653.0000 0.0862 76.5719 50.0000 34.9943 39.4027 55.5525
15654.0000 0.0844 76.6295 50.0000 35.4849 39.0975 55.5364
15655.0000 0.0819 76.6782 50.0000 35.6407 39.2252 55.4136
15656.0000 0.0832 76.5820 50.0000 35.4755 39.1807 55.4181
15657.0000 0.0850 76.6204 50.0000 35.4779 39.0470 55.5638
15658.0000 0.0826 76.4741 50.0000 35.5245 39.0768 55.3110
15659.0000 0.0817 76.2831 50.0000 35.5023 38.9901 55.1224
15660.0000 0.0813 76.2627 50.0000 35.4944 39.0132 55.0829
15661.0000 0.0798 76.2309 50.0000 35.8143 38.7890 54.9899
15662.0000 0.0765 75.8611 50.0000 35.4046 39.1717 54.4702
15663.0000 0.0811 76.1149 50.0000 35.1996 39.2058 54.9306
15664.0000 0.0805 76.0226 50.0000 34.9390 39.4507 54.7936
15665.0000 0.0809 75.9713 50.0000 34.6698 39.6531 54.7474
15666.0000 0.0808 76.0503 50.0000 34.7312 39.6780 54.8001
15667.0000 0.0853 76.1897 50.0000 34.3763 39.7705 55.1493
15668.0000 0.0848 76.0361 50.0000 34.5587 39.4682 55.0405
15669.0000 0.0820 75.9926 50.0000 34.8813 39.3384 54.8694
15670.0000 0.0784 75.7522 50.0000 34.9797 39.3395 54.4722
15671.0000 0.0855 76.0329 50.0000 34.7091 39.2344 55.1085
15672.0000 0.0856 75.7671 50.0000 34.4650 39.2177 54.9071
15673.0000 0.0819 75.4287 50.0000 34.3797 39.3247 54.4159
15674.0000 0.0817 75.6425 50.0000 34.2008 39.7538 54.5136
15675.0000 0.0817 75.9137 50.0000 34.2671 39.9581 54.6992
15676.0000 0.0867 76.1152 50.0000 34.2499 39.6993 55.1764
15677.0000 0.0838 75.7808 50.0000 34.3547 39.5240 54.7754
15678.0000 0.0838 76.1264 50.0000 34.8386 39.3421 55.0790
15679.0000 0.0832 76.2496 50.0000 34.7970 39.5756 55.1086
15680.0000 0.0861 76.3109 50.0000 34.5411 39.6386 55.3086
15681.0000 0.0869 76.3823 50.0000 34.8927 39.2506 55.4630
15682.0000 0.0858 76.1432 50.0000 35.0527 38.9471 55.2470
15683.0000 0.0826 75.7600 50.0000 35.1693 38.7323 54.7952
15684.0000 0.0836 75.5949 50.0000 34.9842 38.6716 54.7284
15685.0000 0.0801 75.4480 50.0000 35.3120 38.5050 54.4319
15686.0000 0.0768 75.3289 50.0000 35.5441 38.4545 54.1509
15687.0000 0.0755 75.2651 50.0000 35.7776 38.2637 54.0434
15688.0000 0.0779 75.3709 50.0000 35.4745 38.4611 54.2502
15689.0000 0.0784 75.4847 50.0000 35.2830 38.7349 54.3383
15690.0000 0.0777 75.1211 50.0000 35.4978 38.2094 54.0660
15691.0000 0.0828 74.9352 50.0000 34.7055 38.3848 54.1980
15692.0000 0.0809 74.9283 50.0000 34.6751 38.5868 54.0643
15693.0000 0.0808 75.0498 50.0000 34.9813 38.3906 54.1751
15694.0000 0.0794 75.0044 50.0000 35.0383 38.4187 54.0554
15695.0000 0.0816 75.0159 50.0000 34.8833 38.3868 54.1940
15696.0000 0.0742 74.7869 50.0000 34.8996 38.8471 53.5350
15697.0000 0.0775 74.4977 50.0000 34.2601 38.9269 53.4869
15698.0000 0.0743 74.5836 50.0000 34.4980 39.0696 53.3495
15699.0000 0.0703 74.2313 50.0000 34.9001 38.6608 52.8924
15700.0000 0.0649 74.1808 50.0000 35.1996 38.8270 52.5000
15701.0000 0.0640 74.3635 50.0000 35.5413 38.7441 52.5894
15702.0000 0.0645 74.4611 50.0000 35.4164 38.9254 52.6777
15703.0000 0.0612 74.5565 50.0000 35.8098 38.9445 52.5324
15704.0000 0.0638 74.5347 50.0000 35.7554 38.7107 52.7111
15705.0000 0.0630 74.3987 50.0000 35.6789 38.7300 52.5563
15706.0000 0.0570 74.3747 50.0000 35.7482 39.2738 52.0696
15707.0000 0.0581 74.4094 50.0000 35.5309 39.4375 52.1441
15708.0000 0.0593 74.3550 50.0000 35.5653 39.2093 52.2150
15709.0000 0.0617 74.4365 50.0000 35.5619 39.0351 52.4634
15710.0000 0.0647 74.4108 50.0000 35.0452 39.2693 52.5997
15711.0000 0.0666 74.6277 50.0000 35.0453 39.2981 52.8846
15712.0000 0.0665 74.5563 50.0000 35.1142 39.1539 52.8452
15713.0000 0.0664 74.9303 50.0000 35.2207 39.4384 53.0911
15714.0000 0.0675 75.2435 50.0000 35.4575 39.3835 53.4162
15715.0000 0.0627 75.1085 50.0000 36.1299 39.0131 53.0462
15716.0000 0.0655 75.6084 50.0000 36.2049 39.1576 53.5958
15717.0000 0.0686 75.5507 50.0000 36.0145 38.9885 53.7659
15718.0000 0.0656 75.4953 50.0000 36.5520 38.6613 53.5611
15719.0000 0.0655 75.8050 50.0000 36.7945 38.7343 53.7793
15720.0000 0.0650 75.7530 50.0000 36.7991 38.7255 53.7092
15721.0000 0.0649 76.0279 50.0000 37.1675 38.6276 53.9142
15722.0000 0.0614 76.1926 50.0000 37.3954 38.9271 53.7734
15723.0000 0.0650 76.0238 50.0000 36.7968 39.0081 53.8886
15724.0000 0.0710 76.1855 50.0000 36.3729 39.0132 54.3987
15725.0000 0.0669 75.8464 50.0000 36.5107 38.9355 53.8857
15726.0000 0.0633 75.7817 50.0000 36.7438 38.9892 53.5967
15727.0000 0.0615 75.9788 50.0000 37.0607 39.0444 53.6174
15728.0000 0.0587 75.8065 50.0000 37.1460 39.0789 53.2883
15729.0000 0.0597 76.1024 50.0000 37.3882 39.0210 53.5823
15730.0000 0.0629 76.0441 50.0000 36.9343 39.1028 53.7543
15731.0000 0.0595 75.9532 50.0000 37.0505 39.2444 53.4417
15732.0000 0.0591 75.7778 50.0000 37.0822 39.0689 53.2993
15733.0000 0.0604 75.6226 50.0000 37.0833 38.7715 53.2952
15734.0000 0.0613 75.6880 50.0000 36.8633 38.9769 53.3908
15735.0000 0.0606 75.4085 50.0000 36.4597 39.1982 53.1096
15736.0000 0.0594 75.3255 50.0000 36.6805 38.9935 52.9904
15737.0000 0.0564 74.8636 50.0000 36.7338 38.7859 52.4485
15738.0000 0.0571 74.9123 50.0000 36.3770 39.1396 52.5039
15739.0000 0.0567 75.3597 50.0000 36.6880 39.3230 52.7899
15740.0000 0.0560 75.2355 50.0000 36.7690 39.1727 52.6680
15741.0000 0.0588 75.4124 50.0000 36.4611 39.3893 52.9726
15742.0000 0.0668 75.6618 50.0000 36.0228 39.2790 53.7050
15743.0000 0.0618 75.2451 50.0000 35.9364 39.4601 53.0405
15744.0000 0.0599 75.3134 50.0000 36.3075 39.3330 52.9792
15745.0000 0.0612 75.1494 50.0000 36.2149 39.1234 52.9648
15746.0000 0.0680 75.1933 50.0000 36.0209 38.6757 53.4857
15747.0000 0.0718 75.1454 50.0000 35.9509 38.3220 53.7196
15748.0000 0.0664 75.3779 50.0000 36.1704 38.8682 53.5051
15749.0000 0.0673 75.6911 50.0000 36.3407 38.9119 53.7993
15750.0000 0.0704 75.6968 50.0000 36.0902 38.8759 54.0016
15751.0000 0.0663 75.9974 50.0000 36.3107 39.3660 53.9209
15752.0000 0.0667 75.9326 50.0000 36.6456 38.9010 53.9404
15753.0000 0.0661 76.0810 50.0000 36.7854 38.9625 54.0101
15754.0000 0.0660 76.2635 50.0000 36.6941 39.2562 54.1167
15755.0000 0.0675 76.1782 50.0000 36.5439 39.1805 54.1531
15756.0000 0.0692 76.1880 50.0000 36.4711 39.0913 54.2802
15757.0000 0.0709 76.2801 50.0000 36.3234 39.1737 54.4490
15758.0000 0.0729 76.0946 50.0000 35.9410 39.1917 54.4303
15759.0000 0.0724 76.1151 50.0000 36.2078 38.9731 54.4390
15760.0000 0.0744 76.1162 50.0000 36.1912 38.7924 54.5804
15761.0000 0.0738 76.5935 50.0000 36.5286 38.9797 54.8891
15762.0000 0.0720 76.4258 50.0000 36.7397 38.7651 54.6659
15763.0000 0.0733 76.4470 50.0000 36.7060 38.6949 54.7678
15764.0000 0.0752 76.4316 50.0000 36.5893 38.6214 54.8762
15765.0000 0.0712 76.3788 50.0000 36.7566 38.7823 54.5767
15766.0000 0.0703 76.1365 50.0000 36.5509 38.8382 54.3359
15767.0000 0.0711 76.3462 50.0000 36.6626 38.8617 54.5378
15768.0000 0.0731 76.2640 50.0000 36.5632 38.6781 54.6198
15769.0000 0.0765 76.0444 50.0000 36.2630 38.4426 54.6801
15770.0000 0.0754 75.6806 50.0000 36.0871 38.3670 54.3438
15771.0000 0.0852 75.6846 50.0000 35.5894 37.9761 54.9488
15772.0000 0.0825 75.7060 50.0000 35.6230 38.2112 54.7933
15773.0000 0.0827 76.3014 50.0000 35.8753 38.5199 55.2367
15774.0000 0.0751 75.8663 50.0000 35.8546 38.8306 54.4272
15775.0000 0.0682 76.1648 50.0000 36.4543 39.1820 54.1935
15776.0000 0.0718 75.9551 50.0000 36.2709 38.8044 54.2937
15777.0000 0.0706 75.7722 50.0000 35.9025 39.1355 54.0449
15778.0000 0.0697 76.0510 50.0000 36.1458 39.2492 54.1916
15779.0000 0.0656 75.8592 50.0000 36.3527 39.2442 53.7866
15780.0000 0.0717 75.9927 50.0000 35.7278 39.4310 54.2550
15781.0000 0.0698 75.9747 50.0000 35.9764 39.3412 54.1307
15782.0000 0.0701 76.1853 50.0000 36.1204 39.3709 54.3089
15783.0000 0.0753 76.5316 50.0000 35.8140 39.5304 54.8797
15784.0000 0.0731 76.4025 50.0000 35.9326 39.4957 54.6468
15785.0000 0.0780 76.5128 50.0000 35.8926 39.1608 55.0668
15786.0000 0.0745 76.2322 50.0000 36.1076 38.9961 54.6526
15787.0000 0.0759 76.4782 50.0000 35.8181 39.4105 54.8889
15788.0000 0.0789 76.2989 50.0000 35.7241 39.0349 54.9689
15789.0000 0.0795 76.1675 50.0000 35.1805 39.4305 54.8549
15790.0000 0.0804 76.3711 50.0000 35.1544 39.5818 55.0454
15791.0000 0.0753 75.9729 50.0000 35.1359 39.7002 54.4173
15792.0000 0.0807 76.3859 50.0000 35.1997 39.5188 55.0822
15793.0000 0.0840 76.3445 50.0000 34.8287 39.5550 55.2344
15794.0000 0.0815 76.1406 50.0000 35.0560 39.3416 54.9610
15795.0000 0.0843 76.5221 50.0000 35.1799 39.3310 55.4173
15796.0000 0.0848 76.3896 50.0000 35.0972 39.2353 55.3547
15797.0000 0.0855 76.2005 50.0000 35.0166 39.0714 55.2611
15798.0000 0.0870 76.2084 50.0000 35.2301 38.7069 55.3925
15799.0000 0.0843 75.9576 50.0000 35.2993 38.6345 55.0535
15800.0000 0.0872 76.6034 50.0000 35.7496 38.5343 55.7239
15801.0000 0.0855 76.7083 50.0000 35.6559 38.8986 55.6751
15802.0000 0.0830 76.8549 50.0000 35.7080 39.2282 55.6127
15803.0000 0.0819 76.6967 50.0000 35.6135 39.2740 55.4222
15804.0000 0.0834 76.6696 50.0000 35.3868 39.3416 55.4819
15805.0000 0.0821 76.6736 50.0000 35.4681 39.3857 55.4041
15806.0000 0.0780 76.5028 50.0000 35.4326 39.6448 55.0046
15807.0000 0.0803 76.1161 50.0000 34.9931 39.5049 54.8498
15808.0000 0.0804 76.0979 50.0000 35.3120 39.1292 54.8895
15809.0000 0.0778 75.9798 50.0000 35.5227 39.0416 54.6518
15810.0000 0.0743 75.9993 50.0000 35.5749 39.3466 54.4258
15811.0000 0.0704 75.7913 50.0000 35.9538 39.1124 54.0543
15812.0000 0.0708 75.5245 50.0000 35.3972 39.4013 53.8379
15813.0000 0.0713 75.4455 50.0000 35.2059 39.4834 53.7925
15814.0000 0.0747 75.5708 50.0000 35.2348 39.2417 54.1253
15815.0000 0.0763 75.6250 50.0000 35.2362 39.1335 54.2782
15816.0000 0.0780 75.7410 50.0000 35.1396 39.1889 54.4623
15817.0000 0.0755 75.7409 50.0000 35.2553 39.3073 54.3018
15818.0000 0.0782 75.7118 50.0000 34.9494 39.3425 54.4333
15819.0000 0.0806 75.9027 50.0000 34.5389 39.7532 54.6623
15820.0000 0.0765 75.4990 50.0000 34.5668 39.7154 54.1103
15821.0000 0.0706 75.3368 50.0000 35.1142 39.5481 53.6523
15822.0000 0.0738 75.7306 50.0000 34.9831 39.7730 54.1240
15823.0000 0.0762 75.7869 50.0000 34.8042 39.7815 54.3116
15824.0000 0.0770 75.9329 50.0000 34.7414 39.9234 54.4516
15825.0000 0.0784 75.8734 50.0000 34.5769 39.9048 54.4868
15826.0000 0.0760 75.9553 50.0000 35.0534 39.6988 54.4470
15827.0000 0.0726 75.8627 50.0000 35.4264 39.5346 54.1953
15828.0000 0.0724 75.9253 50.0000 35.5923 39.4394 54.2437
15829.0000 0.0737 75.5693 50.0000 35.3061 39.2610 54.0626
15830.0000 0.0691 75.4018 50.0000 35.5067 39.3325 53.6438
15831.0000 0.0668 75.4710 50.0000 35.7424 39.3821 53.5482
15832.0000 0.0666 75.7279 50.0000 35.8057 39.5998 53.7077
15833.0000 0.0729 75.7963 50.0000 35.4660 39.4012 54.1737
15834.0000 0.0770 75.8220 50.0000 35.3586 39.1304 54.4753
15835.0000 0.0828 75.9574 50.0000 35.1211 38.9684 54.9318
15836.0000 0.0860 76.3649 50.0000 35.2000 38.9879 55.4302
15837.0000 0.0864 76.2966 50.0000 35.1237 38.9665 55.3995
15838.0000 0.0912 76.1744 50.0000 34.7357 38.8120 55.5842
15839.0000 0.0903 75.9658 50.0000 34.4223 39.0200 55.3476
15840.0000 0.0902 75.9752 50.0000 34.5766 38.8761 55.3655
15841.0000 0.0880 75.6960 50.0000 34.4488 38.9338 55.0211
15842.0000 0.0890 75.9239 50.0000 34.5320 38.9844 55.2466
15843.0000 0.0927 75.8140 50.0000 34.0819 39.0139 55.3543
15844.0000 0.0926 75.9687 50.0000 34.3799 38.8569 55.4924
15845.0000 0.0903 75.9355 50.0000 34.2107 39.2214 55.2947
15846.0000 0.0912 75.7275 50.0000 34.4133 38.7092 55.2447
15847.0000 0.0960 75.7084 50.0000 34.0011 38.6979 55.4812
15848.0000 0.0982 76.0967 50.0000 34.3258 38.5385 55.9217
15849.0000 0.0992 75.8739 50.0000 33.9031 38.6867 55.7743
15850.0000 0.0925 75.6692 50.0000 34.1454 38.8227 55.2514
15851.0000 0.0954 75.7765 50.0000 33.8244 39.0070 55.4657
15852.0000 0.0851 75.1580 50.0000 34.2913 38.8345 54.4492
15853.0000 0.0897 75.7633 50.0000 34.2922 39.0193 55.1509
15854.0000 0.0851 75.4614 50.0000 34.0863 39.3648 54.6165
15855.0000 0.0855 75.6138 50.0000 34.1550 39.4094 54.7519
15856.0000 0.0879 75.6362 50.0000 33.9716 39.4017 54.9023
15857.0000 0.0842 75.4108 50.0000 33.9409 39.5611 54.4952
15858.0000 0.0808 75.5581 50.0000 34.2164 39.7469 54.3917
15859.0000 0.0808 75.5025 50.0000 34.1684 39.7344 54.3536
15860.0000 0.0830 75.6284 50.0000 33.6779 40.2013 54.4914
15861.0000 0.0853 75.3797 50.0000 33.7145 39.6783 54.5075
15862.0000 0.0888 75.2411 50.0000 33.4362 39.5078 54.6111
15863.0000 0.0921 75.1573 50.0000 33.2078 39.3705 54.7342
15864.0000 0.0910 75.1276 50.0000 33.1600 39.4904 54.6359
15865.0000 0.1007 75.4389 50.0000 32.7035 39.4153 55.3890
15866.0000 0.1007 75.7483 50.0000 32.8634 39.5495 55.6206
15867.0000 0.0990 75.7961 50.0000 32.8123 39.8066 55.5323
15868.0000 0.1079 75.9533 50.0000 32.9042 39.0659 56.2145
15869.0000 0.1012 75.8711 50.0000 33.0266 39.4476 55.7634
15870.0000 0.1033 75.5878 50.0000 32.7691 39.2551 55.6664
15871.0000 0.1069 75.7360 50.0000 32.7806 39.0741 55.9874
15872.0000 0.1092 75.7262 50.0000 32.7072 38.9399 56.1104
15873.0000 0.1110 75.9977 50.0000 32.4819 39.2910 56.3631
15874.0000 0.1086 75.6564 50.0000 32.4595 39.1945 55.9827
15875.0000 0.1032 75.9122 50.0000 32.7612 39.5992 55.8682
15876.0000 0.1049 75.8426 50.0000 32.4811 39.6768 55.8823
15877.0000 0.1019 75.6032 50.0000 32.4217 39.7766 55.5202
15878.0000 0.1033 75.7997 50.0000 32.5202 39.7354 55.7595
15879.0000 0.1051 75.8621 50.0000 32.5360 39.6197 55.9174
15880.0000 0.1018 75.8528 50.0000 32.8926 39.5154 55.7697
15881.0000 0.1036 75.7461 50.0000 32.6789 39.4873 55.7702
15882.0000 0.1036 75.6499 50.0000 32.5195 39.5634 55.6788
15883.0000 0.1015 75.5676 50.0000 32.9142 39.2433 55.5614
15884.0000 0.1063 75.6276 50.0000 32.5959 39.2163 55.8491
15885.0000 0.1061 75.6715 50.0000 32.6933 39.1707 55.8836
15886.0000 0.1062 75.5928 50.0000 32.7782 38.9944 55.8507
15887.0000 0.1025 75.6241 50.0000 33.0766 39.0294 55.6924
15888.0000 0.1006 75.4667 50.0000 33.1175 38.9953 55.4781
15889.0000 0.0985 75.6102 50.0000 33.1694 39.2782 55.4428
15890.0000 0.1020 75.4619 50.0000 33.0223 38.9773 55.5410
15891.0000 0.1011 75.2637 50.0000 33.0709 38.8070 55.3621
15892.0000 0.1046 75.3489 50.0000 32.9246 38.7352 55.6149
15893.0000 0.1020 75.2053 50.0000 32.9044 38.8453 55.3550
15894.0000 0.1040 75.0314 50.0000 32.7894 38.6277 55.3396
15895.0000 0.1022 74.9433 50.0000 32.6880 38.8067 55.1546
15896.0000 0.1073 74.9894 50.0000 32.5837 38.5158 55.4819
15897.0000 0.1081 74.7732 50.0000 32.2314 38.6133 55.3279
15898.0000 0.1065 74.6597 50.0000 32.2760 38.5932 55.1624
15899.0000 0.1069 74.6471 50.0000 32.4132 38.4017 55.1985
15900.0000 0.0930 74.2825 50.0000 33.1455 38.4662 54.2182
15901.0000 0.0938 74.7064 50.0000 33.3498 38.5990 54.5798
15902.0000 0.0929 74.7534 50.0000 33.3844 38.6938 54.5558
15903.0000 0.0888 74.5283 50.0000 33.2156 39.0264 54.1122
15904.0000 0.0841 74.2266 50.0000 33.4528 38.9034 53.6379
15905.0000 0.0864 74.4803 50.0000 33.3340 39.0740 53.9387
15906.0000 0.0871 74.5901 50.0000 33.3535 39.0985 54.0605
15907.0000 0.0882 74.5558 50.0000 33.2911 39.0294 54.1015
15908.0000 0.0860 74.5514 50.0000 33.4049 39.1074 53.9689
15909.0000 0.0915 75.0355 50.0000 33.0684 39.4486 54.5950
15910.0000 0.0913 74.9275 50.0000 33.2667 39.1465 54.5436
15911.0000 0.0870 74.6913 50.0000 33.4704 39.0844 54.1381
15912.0000 0.0924 75.1217 50.0000 33.4315 39.0551 54.7751
15913.0000 0.0855 74.7569 50.0000 33.4938 39.2703 54.0796
15914.0000 0.0906 74.9400 50.0000 33.7161 38.7303 54.5820
15915.0000 0.0925 74.6696 50.0000 33.2864 38.7500 54.4610
15916.0000 0.0882 74.3056 50.0000 33.3570 38.7024 53.9515
15917.0000 0.0982 74.7983 50.0000 33.0572 38.6125 54.8734
15918.0000 0.1000 74.3194 50.0000 32.7739 38.2846 54.6217
15919.0000 0.0958 74.2896 50.0000 33.1923 38.1802 54.4012
15920.0000 0.0985 74.2270 50.0000 32.8635 38.2330 54.4782
15921.0000 0.0970 73.9000 50.0000 32.8772 38.0242 54.1706
15922.0000 0.0953 73.9889 50.0000 33.0175 38.1097 54.1465
15923.0000 0.0928 73.8479 50.0000 33.0589 38.1475 53.9018
15924.0000 0.0971 73.9432 50.0000 32.9231 38.0092 54.2123
15925.0000 0.0941 73.7501 50.0000 32.8683 38.1404 53.8893
15926.0000 0.0985 73.6470 50.0000 32.4116 38.1422 54.0235
15927.0000 0.0955 73.5066 50.0000 32.5788 38.0831 53.7728
15928.0000 0.0981 73.7173 50.0000 32.4571 38.1991 54.0518
15929.0000 0.1005 73.6069 50.0000 32.4356 37.9021 54.1233
15930.0000 0.0996 73.5751 50.0000 32.4396 37.9430 54.0490
15931.0000 0.0999 73.8789 50.0000 32.6331 38.0134 54.2969
15932.0000 0.1023 73.8028 50.0000 32.0505 38.3580 54.2980
15933.0000 0.1051 73.7621 50.0000 32.2699 37.8364 54.4785
15934.0000 0.1076 73.9788 50.0000 32.0992 38.0242 54.7417
15935.0000 0.1032 73.6613 50.0000 32.1568 38.0232 54.2785
15936.0000 0.1033 73.8604 50.0000 32.1193 38.2505 54.4115
15937.0000 0.1097 74.1436 50.0000 32.1892 37.9059 54.9934
15938.0000 0.1087 74.0422 50.0000 32.1693 37.9135 54.8630
15939.0000 0.1115 74.1779 50.0000 31.8670 38.1324 55.0706
15940.0000 0.1116 74.2583 50.0000 31.9974 38.0662 55.1491
15941.0000 0.1104 73.9677 50.0000 31.7763 38.1238 54.8458
15942.0000 0.1126 74.5000 50.0000 32.1964 38.0098 55.3975
15943.0000 0.1143 74.2706 50.0000 31.9962 37.8551 55.3114
15944.0000 0.1074 74.1567 50.0000 32.4495 37.8352 54.9067
15945.0000 0.1095 74.4216 50.0000 32.4187 37.9540 55.2005
15946.0000 0.1143 74.4623 50.0000 32.0785 37.9515 55.4552
15947.0000 0.1100 74.4691 50.0000 32.3874 37.9914 55.2572
15948.0000 0.1137 74.4839 50.0000 32.1549 37.9459 55.4439
15949.0000 0.1130 74.8868 50.0000 32.2129 38.3281 55.6895
15950.0000 0.1212 74.8556 50.0000 31.9070 37.9486 56.0821
15951.0000 0.1125 74.8940 50.0000 32.5688 37.9988 55.7178
15952.0000 0.1108 74.8450 50.0000 32.4834 38.1835 55.5754
15953.0000 0.1060 74.4776 50.0000 32.4388 38.2794 55.0393
15954.0000 0.1126 74.5261 50.0000 32.1102 38.1217 55.4058
15955.0000 0.1170 74.4718 50.0000 31.6798 38.1637 55.5515
15956.0000 0.1246 74.7029 50.0000 31.2030 38.2671 56.0583
15957.0000 0.1162 74.3386 50.0000 31.2793 38.5237 55.3512
15958.0000 0.1211 74.6733 50.0000 31.2995 38.4216 55.8590
15959.0000 0.1116 74.3286 50.0000 31.4231 38.7531 55.0957
15960.0000 0.1060 74.4512 50.0000 31.3615 39.4312 54.8144
15961.0000 0.1141 74.2916 50.0000 31.1853 38.7605 55.1755
15962.0000 0.1201 74.3016 50.0000 30.9645 38.5003 55.4946
15963.0000 0.1155 74.5285 50.0000 31.1030 38.9620 55.3991
15964.0000 0.1148 74.5479 50.0000 31.1087 39.0329 55.3721
15965.0000 0.1163 74.6610 50.0000 31.1670 38.9490 55.5505
15966.0000 0.1120 74.4639 50.0000 31.3485 38.9346 55.1928
15967.0000 0.1104 74.3295 50.0000 31.4052 38.8762 55.0202
15968.0000 0.1062 74.0569 50.0000 31.4772 38.8945 54.5970
15969.0000 0.1089 74.2819 50.0000 31.4152 38.9481 54.8992
15970.0000 0.1114 74.4231 50.0000 31.1128 39.2022 55.0815
15971.0000 0.1079 74.3676 50.0000 31.2610 39.2930 54.8576
15972.0000 0.1061 74.3761 50.0000 31.3353 39.3789 54.7650
15973.0000 0.1064 74.4652 50.0000 31.2038 39.5866 54.8115
15974.0000 0.1073 74.4911 50.0000 30.8224 39.9561 54.7943
15975.0000 0.1086 74.2072 50.0000 30.8595 39.5094 54.7120
15976.0000 0.1097 74.2908 50.0000 30.9971 39.3479 54.8639
15977.0000 0.1133 74.4757 50.0000 30.8055 39.4188 55.1707
15978.0000 0.1165 74.6741 50.0000 30.3266 39.8638 55.3841
15979.0000 0.1110 74.4682 50.0000 30.4844 39.9776 54.9365
15980.0000 0.1099 74.5708 50.0000 30.4979 40.1613 54.9340
15981.0000 0.1049 74.3423 50.0000 30.5894 40.2945 54.4740
15982.0000 0.1019 74.3116 50.0000 30.8567 40.2389 54.3224
15983.0000 0.1037 74.3737 50.0000 30.9155 40.0603 54.5055
15984.0000 0.1023 74.2943 50.0000 30.8273 40.2137 54.3339
15985.0000 0.1038 74.4364 50.0000 30.6306 40.4406 54.4711
15986.0000 0.1068 74.6270 50.0000 30.7299 40.2459 54.8191
15987.0000 0.1093 74.7678 50.0000 30.7998 40.0740 55.0969
15988.0000 0.1076 74.8223 50.0000 30.8732 40.1999 55.0380
15989.0000 0.1059 75.0236 50.0000 31.2600 40.1280 55.1462
15990.0000 0.1051 74.6203 50.0000 30.9502 40.1384 54.7648
15991.0000 0.1066 74.7041 50.0000 31.0500 39.9762 54.9410
15992.0000 0.1032 74.6449 50.0000 31.1213 40.1503 54.6926
15993.0000 0.1018 74.5487 50.0000 31.1524 40.1465 54.5462
15994.0000 0.0988 74.3339 50.0000 31.5556 39.7501 54.3111
15995.0000 0.1023 74.2695 50.0000 31.4822 39.4461 54.4871
15996.0000 0.1061 74.2907 50.0000 31.1842 39.4617 54.6757
15997.0000 0.1071 74.1557 50.0000 31.1148 39.3124 54.6395
15998.0000 0.1066 74.2688 50.0000 31.2909 39.2717 54.7218
15999.0000 0.1077 74.1560 50.0000 31.2696 39.0865 54.7135
16000.0000 0.1108 74.5526 50.0000 31.2092 39.2743 55.1507
16001.0000 0.1066 74.3550 50.0000 31.1841 39.4815 54.7488
16002.0000 0.1044 74.1835 50.0000 31.2640 39.4167 54.5168
16003.0000 0.1076 74.1529 50.0000 31.0863 39.2925 54.6662
16004.0000 0.1121 74.3100 50.0000 30.8587 39.3034 54.9997
16005.0000 0.1094 74.2863 50.0000 31.1172 39.2353 54.8705
16006.0000 0.1106 74.3085 50.0000 31.2067 39.0500 54.9817
16007.0000 0.1108 74.5486 50.0000 31.2261 39.2531 55.1508
16008.0000 0.1125 74.6584 50.0000 31.4375 38.9812 55.3718
16009.0000 0.1152 74.6193 50.0000 31.4055 38.7523 55.4978
16010.0000 0.1153 74.5628 50.0000 30.8635 39.2752 55.3580
16011.0000 0.1163 74.3826 50.0000 30.6430 39.2510 55.2552
16012.0000 0.1153 74.6348 50.0000 30.9559 39.2368 55.4307
16013.0000 0.1113 74.6185 50.0000 31.0582 39.4585 55.1936
16014.0000 0.1123 74.5190 50.0000 30.9483 39.3921 55.1683
16015.0000 0.1111 74.6072 50.0000 31.1179 39.4035 55.1839
16016.0000 0.1084 74.5106 50.0000 30.9300 39.7558 54.9057
16017.0000 0.1132 74.6838 50.0000 31.0855 39.3314 55.3570
16018.0000 0.1175 74.6605 50.0000 30.8235 39.2232 55.5485
16019.0000 0.1184 74.7937 50.0000 30.6868 39.4225 55.6623
16020.0000 0.1168 75.1034 50.0000 31.0766 39.4400 55.8503
16021.0000 0.1196 74.9988 50.0000 30.7936 39.4058 55.8905
16022.0000 0.1165 74.8432 50.0000 30.6642 39.6604 55.5722
16023.0000 0.1143 74.6117 50.0000 30.9536 39.3066 55.3514
16024.0000 0.1136 74.2930 50.0000 30.7823 39.2438 55.0620
16025.0000 0.1133 74.3065 50.0000 30.8178 39.2456 55.0591
16026.0000 0.1086 74.0849 50.0000 30.8313 39.4209 54.6260
16027.0000 0.1100 74.4211 50.0000 30.4825 40.0226 54.8407
16028.0000 0.1069 74.1505 50.0000 30.3785 40.1490 54.4381
16029.0000 0.1065 74.2165 50.0000 30.4755 40.1443 54.4772
16030.0000 0.1069 74.0383 50.0000 30.3720 40.0465 54.3645
16031.0000 0.1094 74.1012 50.0000 30.5455 39.6890 54.6146
16032.0000 0.1106 74.0275 50.0000 30.4103 39.6563 54.6138
16033.0000 0.1097 74.1507 50.0000 30.4763 39.7825 54.6524
16034.0000 0.1086 74.0942 50.0000 30.6467 39.6380 54.5854
16035.0000 0.1046 73.9415 50.0000 31.0169 39.4335 54.3166
16036.0000 0.1030 73.8279 50.0000 31.1523 39.3091 54.1747
16037.0000 0.1010 73.6793 50.0000 31.2034 39.2885 53.9574
16038.0000 0.1042 73.6033 50.0000 31.0496 39.0872 54.0884
16039.0000 0.0961 73.4814 50.0000 31.2410 39.4964 53.5121
16040.0000 0.0949 73.4668 50.0000 31.4111 39.3984 53.4647
16041.0000 0.0970 73.6895 50.0000 31.4080 39.4381 53.7430
16042.0000 0.0957 73.5983 50.0000 31.4627 39.4044 53.6107
16043.0000 0.1004 73.8864 50.0000 31.3805 39.3502 54.0928
16044.0000 0.1053 73.6155 50.0000 31.1115 38.9350 54.1791
16045.0000 0.1084 73.7454 50.0000 30.9763 38.9432 54.4268
16046.0000 0.1073 73.4412 50.0000 30.8538 38.8737 54.1340
16047.0000 0.1051 73.2356 50.0000 31.2532 38.4230 53.9478
16048.0000 0.1115 73.5076 50.0000 30.6647 38.7841 54.3951
16049.0000 0.1105 73.5907 50.0000 30.7249 38.8817 54.4039
16050.0000 0.1153 73.5322 50.0000 30.8149 38.3216 54.6706
16051.0000 0.1127 73.2642 50.0000 30.8840 38.2045 54.3529
16052.0000 0.1142 73.3648 50.0000 30.9325 38.1212 54.5192
16053.0000 0.1170 73.4953 50.0000 30.7911 38.1681 54.7419
16054.0000 0.1195 73.4558 50.0000 30.9327 37.7758 54.8808
16055.0000 0.1233 73.6392 50.0000 30.8801 37.7019 55.2062
16056.0000 0.1217 73.7953 50.0000 31.0577 37.7926 55.2529
16057.0000 0.1221 74.0391 50.0000 31.0259 38.0214 55.4396
16058.0000 0.1227 74.3309 50.0000 31.2361 38.0298 55.7057
16059.0000 0.1187 74.0352 50.0000 31.3532 37.9460 55.3017
16060.0000 0.1176 73.5895 50.0000 31.1150 37.8601 54.8988
16061.0000 0.1178 73.4194 50.0000 31.0595 37.7423 54.7835
16062.0000 0.1162 73.5990 50.0000 31.3317 37.7572 54.8592
16063.0000 0.1176 73.5159 50.0000 31.2960 37.5966 54.8784
16064.0000 0.1181 73.5643 50.0000 31.1480 37.7648 54.9120
16065.0000 0.1164 73.6413 50.0000 31.5698 37.5267 54.9376
16066.0000 0.1172 73.7272 50.0000 31.3975 37.7256 55.0153
16067.0000 0.1178 73.9135 50.0000 31.4875 37.7634 55.1875
16068.0000 0.1143 73.8732 50.0000 31.8666 37.6051 55.0239
16069.0000 0.1188 73.9585 50.0000 31.8069 37.3928 55.3169
16070.0000 0.1242 73.9371 50.0000 31.4778 37.2877 55.5471
16071.0000 0.1161 73.4790 50.0000 31.4775 37.4920 54.7967
16072.0000 0.1230 73.7838 50.0000 31.5321 37.1742 55.3881
16073.0000 0.1241 73.6433 50.0000 31.3117 37.1849 55.3190
16074.0000 0.1273 73.9652 50.0000 31.3315 37.2185 55.7132
16075.0000 0.1230 73.7692 50.0000 31.5168 37.1788 55.3744
16076.0000 0.1266 73.6424 50.0000 31.2905 37.0160 55.4430
16077.0000 0.1202 73.6303 50.0000 31.7480 37.0268 55.1589
16078.0000 0.1151 73.4705 50.0000 31.5712 37.4679 54.7479
16079.0000 0.1180 73.3416 50.0000 31.4203 37.2693 54.7974
16080.0000 0.1194 73.3448 50.0000 31.5250 37.0490 54.8909
16081.0000 0.1221 73.5138 50.0000 31.2306 37.3041 55.1120
16082.0000 0.1234 73.5279 50.0000 31.0668 37.3894 55.1656
16083.0000 0.1267 73.4442 50.0000 30.9708 37.1468 55.2717
16084.0000 0.1226 73.2460 50.0000 30.9860 37.2692 54.9168
16085.0000 0.1255 73.3724 50.0000 30.8549 37.3007 55.1375
16086.0000 0.1215 73.3629 50.0000 31.1771 37.2668 54.9662
16087.0000 0.1218 73.3568 50.0000 31.1359 37.2767 54.9747
16088.0000 0.1254 73.5060 50.0000 30.8775 37.4054 55.2318
16089.0000 0.1218 73.3311 50.0000 30.9734 37.4258 54.9309
16090.0000 0.1208 73.3425 50.0000 31.3225 37.1453 54.9386
16091.0000 0.1191 73.4376 50.0000 31.3902 37.3050 54.9188
16092.0000 0.1197 73.6738 50.0000 31.6131 37.2455 55.1472
16093.0000 0.1210 73.6039 50.0000 31.3822 37.3232 55.1332
16094.0000 0.1240 73.7494 50.0000 31.2341 37.3759 55.3755
16095.0000 0.1187 73.3859 50.0000 31.4430 37.2330 54.8684
16096.0000 0.1170 73.4311 50.0000 31.6221 37.2262 54.8304
16097.0000 0.1112 73.0190 50.0000 31.4469 37.4841 54.2016
16098.0000 0.1076 73.1135 50.0000 31.7926 37.5064 54.1118
16099.0000 0.1108 73.3070 50.0000 31.7162 37.5115 54.4140
16100.0000 0.1116 73.3595 50.0000 31.7667 37.4371 54.5065
16101.0000 0.1084 73.4334 50.0000 32.2100 37.3075 54.4346
16102.0000 0.1104 73.2277 50.0000 32.1114 37.0431 54.3964
16103.0000 0.1073 73.2503 50.0000 32.0523 37.3849 54.2275
16104.0000 0.1055 73.3235 50.0000 32.1290 37.5265 54.1832
16105.0000 0.1039 73.3059 50.0000 32.0891 37.6883 54.0706
16106.0000 0.1102 73.7535 50.0000 32.0374 37.6507 54.7321
16107.0000 0.1091 73.6233 50.0000 32.1953 37.4469 54.6038
16108.0000 0.1039 73.3913 50.0000 32.5045 37.3240 54.1909
16109.0000 0.0990 73.2799 50.0000 32.8543 37.2648 53.8691
16110.0000 0.1030 73.3651 50.0000 32.4879 37.3905 54.1196
16111.0000 0.1014 73.0893 50.0000 32.1809 37.5901 53.7905
16112.0000 0.1036 73.4644 50.0000 31.9919 37.9763 54.1419
16113.0000 0.1039 73.7124 50.0000 31.8825 38.3070 54.3102
16114.0000 0.1022 73.6582 50.0000 31.9943 38.2799 54.1900
16115.0000 0.1011 73.7348 50.0000 31.9752 38.4773 54.1655
16116.0000 0.0984 73.6001 50.0000 32.0420 38.5104 53.9188
16117.0000 0.1011 73.7962 50.0000 32.1823 38.3072 54.2470
16118.0000 0.1024 73.9074 50.0000 32.1779 38.3135 54.3964
16119.0000 0.1000 74.1268 50.0000 32.2429 38.6747 54.4007
16120.0000 0.1046 74.0878 50.0000 32.1723 38.3029 54.6520
16121.0000 0.1054 73.9485 50.0000 32.2564 38.0076 54.6198
16122.0000 0.0968 73.8304 50.0000 32.4215 38.4622 54.0410
16123.0000 0.0940 74.2091 50.0000 32.9521 38.5162 54.2000
16124.0000 0.0944 74.2838 50.0000 32.8641 38.6490 54.2612
16125.0000 0.0972 74.2021 50.0000 32.6698 38.5338 54.3487
16126.0000 0.0985 74.2040 50.0000 32.6660 38.4196 54.4343
16127.0000 0.0971 74.5127 50.0000 32.9284 38.5689 54.5921
16128.0000 0.0937 74.6146 50.0000 32.8758 39.0323 54.4335
16129.0000 0.0969 74.7008 50.0000 32.7195 39.0004 54.6682
16130.0000 0.0955 74.8898 50.0000 32.9733 39.0432 54.7438
16131.0000 0.0979 75.1207 50.0000 33.1109 38.9076 55.0726
16132.0000 0.0946 75.0825 50.0000 32.9284 39.3647 54.8044
16133.0000 0.0965 74.8375 50.0000 32.4068 39.5220 54.6668
16134.0000 0.0970 74.7270 50.0000 32.3512 39.4264 54.6177
16135.0000 0.0944 74.4796 50.0000 32.2582 39.5193 54.2664
16136.0000 0.1003 74.5867 50.0000 31.9721 39.4008 54.6675
16137.0000 0.0994 74.3260 50.0000 31.9169 39.2871 54.4259
16138.0000 0.1035 74.4209 50.0000 31.8271 39.1111 54.7341
16139.0000 0.1047 74.4028 50.0000 32.0882 38.7028 54.8472
16140.0000 0.0972 74.2491 50.0000 32.4066 38.8613 54.3373
16141.0000 0.1014 74.2617 50.0000 32.2728 38.6476 54.5860
16142.0000 0.0982 74.2272 50.0000 32.2687 38.9076 54.3563
16143.0000 0.0990 74.2009 50.0000 31.9845 39.1172 54.3380
16144.0000 0.0971 73.9254 50.0000 31.8731 39.1435 54.0080
16145.0000 0.1010 74.3169 50.0000 31.9883 39.0500 54.5422
16146.0000 0.1057 74.6326 50.0000 32.0140 38.9168 55.0510
16147.0000 0.1023 74.4211 50.0000 32.0609 38.9619 54.7043
16148.0000 0.1016 74.2628 50.0000 32.2643 38.6378 54.5995
16149.0000 0.1013 74.4684 50.0000 32.2592 38.8775 54.7122
16150.0000 0.1013 74.4355 50.0000 32.2785 38.8243 54.6939
16151.0000 0.1000 74.4424 50.0000 32.0994 39.1466 54.5788
16152.0000 0.1004 74.2209 50.0000 32.1694 38.8107 54.4757
16153.0000 0.1006 74.2306 50.0000 32.2300 38.7320 54.5091
16154.0000 0.1014 74.2762 50.0000 32.2561 38.6782 54.5940
16155.0000 0.1030 74.3360 50.0000 32.1792 38.6834 54.7169
16156.0000 0.0994 74.3886 50.0000 32.3177 38.9073 54.5476
16157.0000 0.1028 74.5327 50.0000 32.1829 38.8958 54.8315
16158.0000 0.1043 74.4415 50.0000 32.3787 38.4578 54.9013
16159.0000 0.0984 74.3012 50.0000 32.7769 38.4098 54.5072
16160.0000 0.0988 74.3654 50.0000 32.6039 38.6213 54.5490
16161.0000 0.0961 74.5665 50.0000 32.8898 38.7529 54.5586
16162.0000 0.0926 74.7114 50.0000 33.1376 38.9437 54.4709
16163.0000 0.0925 74.8040 50.0000 32.8117 39.4063 54.4626
16164.0000 0.0930 74.8094 50.0000 32.7531 39.4366 54.4834
16165.0000 0.0940 74.8576 50.0000 32.6619 39.4872 54.5676
16166.0000 0.0953 74.9114 50.0000 32.5352 39.5688 54.6580
16167.0000 0.0955 75.0040 50.0000 32.5176 39.6625 54.7275
16168.0000 0.0948 74.8847 50.0000 32.6187 39.4914 54.6275
16169.0000 0.0952 74.8817 50.0000 32.5752 39.4954 54.6465
16170.0000 0.0959 75.0898 50.0000 32.4127 39.8239 54.7900
16171.0000 0.0997 75.2057 50.0000 32.3586 39.6524 55.1045
16172.0000 0.1006 75.0253 50.0000 32.1408 39.6295 55.0024
16173.0000 0.1019 74.9692 50.0000 32.1367 39.4552 55.0536
16174.0000 0.1011 74.8790 50.0000 32.0890 39.4914 54.9326
16175.0000 0.1041 75.0950 50.0000 32.0436 39.4896 55.2542
16176.0000 0.1018 74.9144 50.0000 32.2108 39.3329 55.0232
16177.0000 0.1117 75.3142 50.0000 31.9520 39.1380 55.8526
16178.0000 0.1130 75.4508 50.0000 31.9805 39.1256 56.0291
16179.0000 0.1143 75.5423 50.0000 31.8051 39.2948 56.1337
16180.0000 0.1110 75.5208 50.0000 31.6673 39.7052 55.8934
16181.0000 0.1134 75.4663 50.0000 31.4299 39.7070 55.9525
16182.0000 0.1130 75.4444 50.0000 31.4323 39.7103 55.9192
16183.0000 0.1151 75.4236 50.0000 31.2318 39.7326 55.9876
16184.0000 0.1146 75.4678 50.0000 31.2225 39.8245 55.9871
16185.0000 0.1104 75.3645 50.0000 31.4515 39.8440 55.7052
16186.0000 0.1104 75.1973 50.0000 31.6974 39.4121 55.6471
16187.0000 0.1136 75.1314 50.0000 31.3024 39.4993 55.7197
16188.0000 0.1123 75.0398 50.0000 31.3559 39.4650 55.5905
16189.0000 0.1073 74.9143 50.0000 31.8949 39.1904 55.3080
16190.0000 0.1083 74.7052 50.0000 31.3095 39.5322 55.1162
16191.0000 0.1104 74.9391 50.0000 31.4234 39.4593 55.4203
16192.0000 0.1102 74.9464 50.0000 31.6317 39.2484 55.4614
16193.0000 0.1008 74.9110 50.0000 31.7828 39.8908 54.8657
16194.0000 0.1028 74.5054 50.0000 31.6901 39.4055 54.7174
16195.0000 0.1039 74.3657 50.0000 31.5141 39.3649 54.6583
16196.0000 0.1000 74.0140 50.0000 31.2580 39.6510 54.1184
16197.0000 0.1000 73.8702 50.0000 31.1119 39.6782 53.9860
16198.0000 0.1002 73.8331 50.0000 31.3026 39.4004 54.0285
16199.0000 0.1003 73.8817 50.0000 31.4936 39.2290 54.1086
16200.0000 0.1026 74.2055 50.0000 31.7813 39.0226 54.5312
16201.0000 0.1091 74.4125 50.0000 31.4350 39.0411 54.9987
16202.0000 0.1079 74.1467 50.0000 31.4626 38.8530 54.7566
16203.0000 0.1026 74.1458 50.0000 31.9271 38.8084 54.5176
16204.0000 0.0997 74.3282 50.0000 32.1825 38.9623 54.5061
16205.0000 0.0923 73.9642 50.0000 32.1080 39.3651 53.7603
16206.0000 0.0898 73.7547 50.0000 32.2154 39.2642 53.4813
16207.0000 0.0922 73.7973 50.0000 32.0677 39.2488 53.6398
16208.0000 0.0894 73.3459 50.0000 31.9426 39.1922 53.1343
16209.0000 0.0901 73.5377 50.0000 32.0779 39.1673 53.3359
16210.0000 0.0891 73.3071 50.0000 32.0317 39.0775 53.1117
16211.0000 0.0943 73.6239 50.0000 32.1219 38.8156 53.6845
16212.0000 0.0931 73.5811 50.0000 32.2572 38.7297 53.6065
16213.0000 0.0926 73.2159 50.0000 32.1316 38.5413 53.3169
16214.0000 0.0917 73.1900 50.0000 32.1299 38.6075 53.2344
16215.0000 0.0946 73.3819 50.0000 32.1378 38.5204 53.5561
16216.0000 0.0970 73.1816 50.0000 31.9716 38.2876 53.5483
16217.0000 0.0905 73.0891 50.0000 31.9188 38.8464 53.0488
16218.0000 0.0919 73.1053 50.0000 31.8762 38.7802 53.1450
16219.0000 0.0892 73.1005 50.0000 31.8936 39.0093 52.9600
16220.0000 0.0879 72.9299 50.0000 31.8509 39.0076 52.7513
16221.0000 0.0921 73.2175 50.0000 31.6483 39.1335 53.1766
16222.0000 0.0883 72.9066 50.0000 31.7795 39.0247 52.7495
16223.0000 0.0917 72.9660 50.0000 31.6378 38.9312 52.9854
16224.0000 0.0895 72.8636 50.0000 31.4703 39.2286 52.7243
16225.0000 0.0873 72.9896 50.0000 31.9191 39.0479 52.7628
16226.0000 0.0912 72.9094 50.0000 31.8146 38.7129 52.9616
16227.0000 0.0875 72.7317 50.0000 31.9705 38.7083 52.6256
16228.0000 0.0892 72.9654 50.0000 32.1808 38.5446 52.9402
16229.0000 0.0863 73.0549 50.0000 32.2503 38.8321 52.8110
16230.0000 0.0898 72.8914 50.0000 32.2709 38.3134 52.9511
16231.0000 0.0840 72.9361 50.0000 32.6961 38.4302 52.6665
16232.0000 0.0862 72.9642 50.0000 32.4555 38.5171 52.7906
16233.0000 0.0848 72.8611 50.0000 32.2834 38.7416 52.5891
16234.0000 0.0865 72.8480 50.0000 32.5089 38.3109 52.7473
16235.0000 0.0892 72.9178 50.0000 32.2911 38.3794 52.9274
16236.0000 0.0919 73.0408 50.0000 32.3403 38.2011 53.1953
16237.0000 0.0852 73.0188 50.0000 32.7092 38.3899 52.8021
16238.0000 0.0878 72.9246 50.0000 32.5629 38.2081 52.8942
16239.0000 0.0942 73.0902 50.0000 32.4223 37.9517 53.3914
16240.0000 0.0967 72.9998 50.0000 32.3097 37.7658 53.4677
16241.0000 0.0948 73.3307 50.0000 32.5013 38.0557 53.5987
16242.0000 0.0944 73.3378 50.0000 32.4034 38.2076 53.5597
16243.0000 0.0953 73.3880 50.0000 32.4695 38.1042 53.6618
16244.0000 0.0966 73.2178 50.0000 32.4611 37.8302 53.6283
16245.0000 0.0986 73.1978 50.0000 32.1919 37.9240 53.6970
16246.0000 0.0946 73.0969 50.0000 32.4765 37.8683 53.4269
16247.0000 0.0954 72.8447 50.0000 32.2205 37.8178 53.2729
16248.0000 0.0933 72.9953 50.0000 32.3935 37.9749 53.2624
16249.0000 0.0898 73.2172 50.0000 32.8844 37.9711 53.2689
16250.0000 0.0870 73.3056 50.0000 33.3376 37.8231 53.2140
16251.0000 0.0925 73.2152 50.0000 32.8806 37.7307 53.4389
16252.0000 0.0875 73.2245 50.0000 32.8370 38.2390 53.1163
16253.0000 0.0879 73.4650 50.0000 32.8814 38.4001 53.3043
16254.0000 0.0867 73.5830 50.0000 32.9241 38.5889 53.3044
16255.0000 0.0860 73.7132 50.0000 33.1802 38.4958 53.3927
16256.0000 0.0830 73.3365 50.0000 33.1182 38.4622 52.9347
16257.0000 0.0838 73.8131 50.0000 33.4854 38.4735 53.3562
16258.0000 0.0837 73.1141 50.0000 33.0851 38.2113 52.8294
16259.0000 0.0852 72.9765 50.0000 33.0472 37.9675 52.8386
16260.0000 0.0827 72.9253 50.0000 33.1696 38.0122 52.6587
16261.0000 0.0878 73.1079 50.0000 32.9032 38.0210 53.0711
16262.0000 0.0852 72.8433 50.0000 33.0938 37.7862 52.7555
16263.0000 0.0875 72.9704 50.0000 32.5432 38.3048 52.8995
16264.0000 0.0931 73.1100 50.0000 32.2606 38.2533 53.3011
16265.0000 0.0900 72.9477 50.0000 32.2474 38.3815 52.9938
16266.0000 0.0838 72.9114 50.0000 32.5604 38.5752 52.6103
16267.0000 0.0839 72.7645 50.0000 32.5815 38.3902 52.5291
16268.0000 0.0834 72.5976 50.0000 32.3597 38.5128 52.3453
16269.0000 0.0859 72.4065 50.0000 32.2828 38.1666 52.3817
16270.0000 0.0846 72.6962 50.0000 32.9031 37.8996 52.5903
16271.0000 0.0812 72.3885 50.0000 32.9407 37.8593 52.1697
16272.0000 0.0766 72.4655 50.0000 33.1358 38.1617 51.9322
16273.0000 0.0814 72.7681 50.0000 32.8784 38.3023 52.4132
16274.0000 0.0812 72.7369 50.0000 33.0944 38.0497 52.4178
16275.0000 0.0762 72.2530 50.0000 33.2239 37.8796 51.7861
16276.0000 0.0757 72.3862 50.0000 33.1954 38.0982 51.8301
16277.0000 0.0771 72.5691 50.0000 32.9927 38.3815 52.0060
16278.0000 0.0736 72.5338 50.0000 33.1958 38.4650 51.7653
16279.0000 0.0734 72.4909 50.0000 33.1934 38.4409 51.7245
16280.0000 0.0761 72.8182 50.0000 33.1660 38.5429 52.1243
16281.0000 0.0734 72.6861 50.0000 33.3180 38.5006 51.8738
16282.0000 0.0741 72.8244 50.0000 33.3870 38.5018 52.0222
16283.0000 0.0748 72.5693 50.0000 32.9183 38.6949 51.8208
16284.0000 0.0757 72.8847 50.0000 33.1706 38.6440 52.1395
16285.0000 0.0756 72.9051 50.0000 33.3380 38.4944 52.1720
16286.0000 0.0749 73.0128 50.0000 33.4314 38.5654 52.2103
16287.0000 0.0734 73.0728 50.0000 33.5440 38.6539 52.1566
16288.0000 0.0742 73.3891 50.0000 33.7971 38.6224 52.4598
16289.0000 0.0746 73.1100 50.0000 33.8106 38.2736 52.3168
16290.0000 0.0789 72.9483 50.0000 33.2322 38.3354 52.4163
16291.0000 0.0798 72.9852 50.0000 33.2335 38.2845 52.5040
16292.0000 0.0862 73.1877 50.0000 32.8868 38.2671 53.0143
16293.0000 0.0804 72.8179 50.0000 32.9793 38.3375 52.3932
16294.0000 0.0840 72.9173 50.0000 32.5518 38.5764 52.6230
16295.0000 0.0860 72.9940 50.0000 32.4840 38.5338 52.8020
16296.0000 0.0760 72.8410 50.0000 32.8400 38.9522 52.0584
16297.0000 0.0739 73.0257 50.0000 33.0703 39.0971 52.0626
16298.0000 0.0751 73.0983 50.0000 33.0127 39.1171 52.1860
16299.0000 0.0741 73.2541 50.0000 33.2132 39.1522 52.2509
16300.0000 0.0757 73.2655 50.0000 32.9538 39.2927 52.3255
16301.0000 0.0781 72.8879 50.0000 32.5862 39.0824 52.1858
16302.0000 0.0763 72.6707 50.0000 32.9706 38.5955 52.0035
16303.0000 0.0754 72.6377 50.0000 32.9244 38.7015 51.9078
16304.0000 0.0761 72.6780 50.0000 32.6613 38.9719 51.9280
16305.0000 0.0736 72.5510 50.0000 32.5402 39.2378 51.6253
16306.0000 0.0752 72.5399 50.0000 32.4091 39.2113 51.7122
16307.0000 0.0791 72.7588 50.0000 32.3212 39.1482 52.1210
16308.0000 0.0782 72.8636 50.0000 32.2668 39.4160 52.0993
16309.0000 0.0769 72.4261 50.0000 32.2823 39.0629 51.7444
16310.0000 0.0821 72.5231 50.0000 32.0070 38.9683 52.1212
16311.0000 0.0817 72.5845 50.0000 32.2327 38.8145 52.1823
16312.0000 0.0839 72.9952 50.0000 32.3493 38.8909 52.6243
16313.0000 0.0850 72.7346 50.0000 32.3343 38.5379 52.5323
16314.0000 0.0871 72.7293 50.0000 32.1945 38.4898 52.6460
16315.0000 0.0880 72.5934 50.0000 31.8086 38.6994 52.5393
16316.0000 0.0922 72.4161 50.0000 31.5139 38.4568 52.6501
16317.0000 0.0948 72.6865 50.0000 31.5169 38.4950 52.9919
16318.0000 0.0926 72.8749 50.0000 31.8518 38.5141 53.0365
16319.0000 0.0866 72.7625 50.0000 31.8919 38.9095 52.5675
16320.0000 0.0859 73.0747 50.0000 32.0401 39.1349 52.7428
16321.0000 0.0789 72.5902 50.0000 32.1778 39.1629 51.9634
16322.0000 0.0818 72.8253 50.0000 32.1464 39.1498 52.3204
16323.0000 0.0877 72.9216 50.0000 31.7098 39.1843 52.6938
16324.0000 0.0867 73.0143 50.0000 31.8498 39.2118 52.7172
16325.0000 0.0865 72.8514 50.0000 31.9043 39.0048 52.6124
16326.0000 0.0804 72.6761 50.0000 32.2564 39.0120 52.1480
16327.0000 0.0824 72.6910 50.0000 32.1876 38.9094 52.2876
16328.0000 0.0835 72.8863 50.0000 32.1471 39.0470 52.4816
16329.0000 0.0844 72.8786 50.0000 32.1416 38.9558 52.5419
16330.0000 0.0870 72.8483 50.0000 32.1371 38.6888 52.6996
16331.0000 0.0826 72.6837 50.0000 32.2167 38.8430 52.3089
16332.0000 0.0833 72.7696 50.0000 32.2607 38.8129 52.4234
16333.0000 0.0827 72.8257 50.0000 32.2100 38.9967 52.3961
16334.0000 0.0795 72.5619 50.0000 32.1771 39.0758 51.9899
16335.0000 0.0788 72.6630 50.0000 32.5066 38.8655 52.0836
16336.0000 0.0739 72.3737 50.0000 32.4267 39.1469 51.5168
16337.0000 0.0765 72.4718 50.0000 32.1464 39.3175 51.7002
16338.0000 0.0752 72.4154 50.0000 32.3735 39.1249 51.6255
16339.0000 0.0730 72.3698 50.0000 32.5789 39.0603 51.4811
16340.0000 0.0786 72.6987 50.0000 32.5446 38.8781 52.1003
16341.0000 0.0773 72.7792 50.0000 32.5262 39.1118 52.0493
16342.0000 0.0696 72.7704 50.0000 33.4783 38.7902 51.6726
16343.0000 0.0700 72.8921 50.0000 33.5954 38.7516 51.7969
16344.0000 0.0685 73.0209 50.0000 33.6996 38.9238 51.7815
16345.0000 0.0727 73.2150 50.0000 33.2141 39.2483 52.1233
16346.0000 0.0700 73.0430 50.0000 33.4968 39.0250 51.8680
16347.0000 0.0715 73.1120 50.0000 33.3599 39.0921 52.0028
16348.0000 0.0769 73.1672 50.0000 32.8601 39.1780 52.3329
16349.0000 0.0719 73.0131 50.0000 32.8202 39.5822 51.8362
16350.0000 0.0740 73.0336 50.0000 33.0244 39.1447 52.0671
16351.0000 0.0779 73.3521 50.0000 33.3895 38.6731 52.6314
16352.0000 0.0737 73.2290 50.0000 33.4247 38.9168 52.2567
16353.0000 0.0754 73.4731 50.0000 33.3293 39.1099 52.5154
16354.0000 0.0741 73.3114 50.0000 33.4185 38.9724 52.3346
16355.0000 0.0771 73.3802 50.0000 33.1491 39.0533 52.5417
16356.0000 0.0749 73.2231 50.0000 33.0987 39.1680 52.2682
16357.0000 0.0774 73.2233 50.0000 33.2420 38.7526 52.4868
16358.0000 0.0746 73.1169 50.0000 33.3427 38.8043 52.2357
16359.0000 0.0811 73.2313 50.0000 32.9982 38.6697 52.7124
16360.0000 0.0835 73.3587 50.0000 33.0290 38.5376 52.9664
16361.0000 0.0847 73.4848 50.0000 32.9437 38.6521 53.1106
16362.0000 0.0899 73.5479 50.0000 32.4841 38.7367 53.4185
16363.0000 0.0890 73.5085 50.0000 32.6959 38.5519 53.3689
16364.0000 0.0906 73.4426 50.0000 32.4426 38.6134 53.3882
16365.0000 0.0943 73.6797 50.0000 32.5177 38.4348 53.7966
16366.0000 0.0898 73.6502 50.0000 32.8434 38.4543 53.5438
16367.0000 0.0863 73.6332 50.0000 32.9647 38.6285 53.3200
16368.0000 0.0869 73.5871 50.0000 33.0224 38.4658 53.3383
16369.0000 0.0849 73.5673 50.0000 33.1230 38.5206 53.2088
16370.0000 0.0857 73.3585 50.0000 32.8587 38.5210 53.0840
16371.0000 0.0871 73.6019 50.0000 33.0106 38.4749 53.3594
16372.0000 0.0899 73.3191 50.0000 32.7608 38.1980 53.3229
16373.0000 0.0873 73.4719 50.0000 32.7533 38.6041 53.2453
16374.0000 0.0890 73.7196 50.0000 33.0671 38.3561 53.5719
16375.0000 0.0881 73.5690 50.0000 32.9528 38.4063 53.3992
16376.0000 0.0895 73.4304 50.0000 33.1195 37.9616 53.4233
16377.0000 0.0929 73.5713 50.0000 32.9618 37.9682 53.7091
16378.0000 0.0888 73.2822 50.0000 33.0915 37.9030 53.2785
16379.0000 0.0928 73.4085 50.0000 32.7047 38.0918 53.5559
16380.0000 0.0885 73.1397 50.0000 33.1630 37.7070 53.1772
16381.0000 0.0850 73.1134 50.0000 33.2543 37.9006 52.9458
16382.0000 0.0898 73.1164 50.0000 32.9229 37.8323 53.2054
16383.0000 0.0869 72.9190 50.0000 33.1274 37.6716 52.9208
16384.0000 0.0866 72.9177 50.0000 33.3479 37.4614 52.9296
16385.0000 0.0835 73.0053 50.0000 33.6127 37.5448 52.8237
16386.0000 0.0828 72.9052 50.0000 33.4717 37.6546 52.6968
16387.0000 0.0816 72.7573 50.0000 33.4982 37.5924 52.5196
16388.0000 0.0824 72.6592 50.0000 33.4320 37.4854 52.5025
16389.0000 0.0872 72.9559 50.0000 33.3232 37.4710 52.9911
16390.0000 0.0856 72.8098 50.0000 33.3213 37.4650 52.7952
16391.0000 0.0834 72.9699 50.0000 33.5698 37.5579 52.7928
16392.0000 0.0826 73.1284 50.0000 33.5413 37.8285 52.8371
16393.0000 0.0826 73.1781 50.0000 33.5973 37.8188 52.8771
16394.0000 0.0844 73.3325 50.0000 33.5939 37.8132 53.0968
16395.0000 0.0874 73.4184 50.0000 33.4583 37.7659 53.3343
16396.0000 0.0866 73.4394 50.0000 33.8448 37.4461 53.3448
16397.0000 0.0820 73.1864 50.0000 33.8139 37.6474 52.8729
16398.0000 0.0850 73.2471 50.0000 33.6567 37.6026 53.0886
16399.0000 0.0917 73.6348 50.0000 33.5574 37.5010 53.7556
16400.0000 0.0949 73.7985 50.0000 33.5468 37.3933 54.0608
16401.0000 0.0975 74.0625 50.0000 33.4541 37.5268 54.3858
16402.0000 0.0909 73.9369 50.0000 33.6176 37.8057 53.9190
16403.0000 0.0884 73.7547 50.0000 33.6580 37.8047 53.6442
16404.0000 0.0931 74.0004 50.0000 33.4825 37.8146 54.0837
16405.0000 0.0926 74.1773 50.0000 33.8436 37.6534 54.2134
16406.0000 0.0900 74.0238 50.0000 34.0891 37.4692 53.9770
16407.0000 0.0928 74.0598 50.0000 34.0162 37.3341 54.1656
16408.0000 0.0919 74.1473 50.0000 33.9496 37.5701 54.1640
16409.0000 0.0920 74.3765 50.0000 34.1051 37.6238 54.3430
16410.0000 0.0898 74.3252 50.0000 33.9869 37.8931 54.1594
16411.0000 0.0890 74.2015 50.0000 33.9554 37.8759 54.0214
16412.0000 0.0881 74.1167 50.0000 33.7248 38.1227 53.8756
16413.0000 0.0878 74.1611 50.0000 34.1975 37.6895 53.9435
16414.0000 0.0866 74.4947 50.0000 34.2727 38.0454 54.1053
16415.0000 0.0876 74.2468 50.0000 34.2628 37.7196 53.9989
16416.0000 0.0899 73.9565 50.0000 34.0926 37.4115 53.9226
16417.0000 0.0930 74.0904 50.0000 33.9185 37.4514 54.1878
16418.0000 0.0895 74.1137 50.0000 33.9241 37.7772 53.9896
16419.0000 0.0915 73.9288 50.0000 33.4961 37.8711 53.9376
16420.0000 0.0899 73.8658 50.0000 33.8092 37.6151 53.8350
16421.0000 0.0905 73.8330 50.0000 33.5176 37.8469 53.8098
16422.0000 0.0976 73.7819 50.0000 33.2942 37.4066 54.1850
16423.0000 0.0986 73.8268 50.0000 33.3567 37.3013 54.2802
16424.0000 0.1019 74.0402 50.0000 33.4830 37.0945 54.6336
16425.0000 0.1012 73.9743 50.0000 33.5845 36.9826 54.5579
16426.0000 0.1004 74.0610 50.0000 33.5867 37.1395 54.5676
16427.0000 0.0992 74.0369 50.0000 33.4992 37.3058 54.4752
16428.0000 0.0965 74.0819 50.0000 33.9108 37.1462 54.3907
16429.0000 0.1007 74.1346 50.0000 33.4448 37.3283 54.6259
16430.0000 0.0922 73.5607 50.0000 33.5769 37.3559 53.7430
16431.0000 0.0948 73.5607 50.0000 33.2162 37.5172 53.8546
16432.0000 0.0968 73.4214 50.0000 33.1841 37.2421 53.8753
16433.0000 0.1000 73.4770 50.0000 32.9988 37.2197 54.0799
16434.0000 0.1016 73.6654 50.0000 32.9578 37.3132 54.2964
16435.0000 0.0957 73.1051 50.0000 32.8695 37.3576 53.5571
16436.0000 0.0993 73.2846 50.0000 32.6718 37.4319 53.8706
16437.0000 0.0948 73.4443 50.0000 33.2054 37.4120 53.7756
16438.0000 0.0933 73.3450 50.0000 33.2576 37.3853 53.6262
16439.0000 0.0920 73.3677 50.0000 33.2452 37.5375 53.5585
16440.0000 0.0958 73.3673 50.0000 33.0125 37.4566 53.7582
16441.0000 0.0954 73.5464 50.0000 32.8873 37.7999 53.8392
16442.0000 0.0905 73.6167 50.0000 33.4310 37.7166 53.6587
16443.0000 0.0968 73.9113 50.0000 33.2520 37.6527 54.2167
16444.0000 0.0987 74.2109 50.0000 33.2735 37.7578 54.5388
16445.0000 0.0967 74.1281 50.0000 33.0253 38.1124 54.3300
16446.0000 0.0976 73.9438 50.0000 32.9910 37.8922 54.2536
16447.0000 0.0945 73.9276 50.0000 32.8000 38.3574 54.0200
16448.0000 0.1009 74.0574 50.0000 32.6720 38.0568 54.4860
16449.0000 0.0978 74.1141 50.0000 32.6855 38.3713 54.3341
16450.0000 0.0994 74.3709 50.0000 32.6274 38.5522 54.5913
16451.0000 0.1008 74.5120 50.0000 32.6724 38.5172 54.7812
16452.0000 0.1030 74.4964 50.0000 32.7614 38.2164 54.9174
16453.0000 0.0996 74.3155 50.0000 32.6863 38.4138 54.5783
16454.0000 0.0958 74.1065 50.0000 32.7593 38.4666 54.2119
16455.0000 0.0958 73.9276 50.0000 33.0719 37.9441 54.1459
16456.0000 0.1011 74.2543 50.0000 32.9436 37.9429 54.6696
16457.0000 0.0966 73.9735 50.0000 32.9334 38.0724 54.2029
16458.0000 0.0956 74.1328 50.0000 33.0514 38.1910 54.2653
16459.0000 0.0885 73.7697 50.0000 33.0940 38.4159 53.5815
16460.0000 0.0845 73.5234 50.0000 32.8552 38.8040 53.1081
16461.0000 0.0881 73.7265 50.0000 32.9990 38.5184 53.5070
16462.0000 0.0864 73.6035 50.0000 32.9405 38.6121 53.3058
16463.0000 0.0893 73.8671 50.0000 33.0370 38.5122 53.6816
16464.0000 0.0872 74.0150 50.0000 33.3043 38.5601 53.6858
16465.0000 0.0872 73.9891 50.0000 33.1699 38.6775 53.6489
16466.0000 0.0850 73.9052 50.0000 33.0754 38.9057 53.4261
16467.0000 0.0898 74.2811 50.0000 32.9791 38.9478 53.9734
16468.0000 0.0889 74.2733 50.0000 33.0345 38.9596 53.9203
16469.0000 0.0918 74.2693 50.0000 32.9688 38.7568 54.1008
16470.0000 0.0918 74.5644 50.0000 32.9491 39.0762 54.2887
16471.0000 0.0838 73.9152 50.0000 32.9849 39.1313 53.3310
16472.0000 0.0849 73.6379 50.0000 32.9226 38.8086 53.2215
16473.0000 0.0880 73.7676 50.0000 32.8582 38.7254 53.5007
16474.0000 0.0885 74.1566 50.0000 33.2285 38.6686 53.8499
16475.0000 0.0903 74.1138 50.0000 32.9453 38.7628 53.8972
16476.0000 0.0949 73.9184 50.0000 32.8481 38.2559 54.0501
16477.0000 0.0937 74.0874 50.0000 32.7053 38.6932 54.0569
16478.0000 0.0914 74.2971 50.0000 32.5723 39.2619 54.0149
16479.0000 0.0901 74.2083 50.0000 32.5219 39.3560 53.8545
16480.0000 0.0890 74.0938 50.0000 32.7158 39.1257 53.7471
16481.0000 0.0886 74.0122 50.0000 32.5355 39.2833 53.6291
16482.0000 0.0918 74.1088 50.0000 32.6406 38.9629 53.9314
16483.0000 0.0874 74.2117 50.0000 32.8873 39.2016 53.7498
16484.0000 0.0863 74.1738 50.0000 33.1649 38.9544 53.7066
16485.0000 0.0861 74.1879 50.0000 33.1440 39.0108 53.6981
16486.0000 0.0877 74.3515 50.0000 33.3843 38.7641 53.9535
16487.0000 0.0914 74.4469 50.0000 33.2890 38.6244 54.2433
16488.0000 0.0912 74.5279 50.0000 33.3115 38.6972 54.2888
16489.0000 0.0922 74.8534 50.0000 33.4365 38.8028 54.5837
16490.0000 0.0953 75.0692 50.0000 33.4236 38.7525 54.9226
16491.0000 0.0907 74.7604 50.0000 33.2929 38.9979 54.4046
16492.0000 0.0887 74.5241 50.0000 33.2724 38.9749 54.1086
16493.0000 0.0886 74.6461 50.0000 33.2280 39.1519 54.1762
16494.0000 0.0863 74.8660 50.0000 33.5717 39.2157 54.2217
16495.0000 0.0874 74.8371 50.0000 33.7756 38.8575 54.3130
16496.0000 0.0840 74.5408 50.0000 33.7754 38.8733 53.8926
16497.0000 0.0843 74.5151 50.0000 33.3841 39.2547 53.8245
16498.0000 0.0794 74.1741 50.0000 33.5849 39.1610 53.2941
16499.0000 0.0803 74.0836 50.0000 33.4116 39.1679 53.2721
16500.0000 0.0826 74.2321 50.0000 33.6655 38.8201 53.5727
16501.0000 0.0867 74.3360 50.0000 33.3825 38.8495 53.8718
16502.0000 0.0835 74.4240 50.0000 33.4496 39.1644 53.7235
16503.0000 0.0826 74.1535 50.0000 33.2268 39.2279 53.4405
16504.0000 0.0835 74.0501 50.0000 33.1516 39.1152 53.4266
16505.0000 0.0780 74.2176 50.0000 33.5590 39.3688 53.2179
16506.0000 0.0789 74.1270 50.0000 33.3972 39.3687 53.1935
16507.0000 0.0853 74.1148 50.0000 33.3092 38.8311 53.6251
16508.0000 0.0839 74.1676 50.0000 33.4521 38.8629 53.5861
16509.0000 0.0806 73.9122 50.0000 33.3406 39.0425 53.1704
16510.0000 0.0824 74.0969 50.0000 33.1412 39.2790 53.3776
16511.0000 0.0825 73.6455 50.0000 32.8781 39.0987 53.0469
16512.0000 0.0803 73.6499 50.0000 33.1338 39.0313 52.9435
16513.0000 0.0823 73.6227 50.0000 33.0555 38.8974 53.0531
16514.0000 0.0800 73.6775 50.0000 33.0198 39.2209 52.9131
16515.0000 0.0790 73.4125 50.0000 33.3950 38.6167 52.7534
16516.0000 0.0816 73.4196 50.0000 33.3436 38.4359 52.9276
16517.0000 0.0763 73.5306 50.0000 33.5128 38.8706 52.6567
16518.0000 0.0779 73.5336 50.0000 33.1646 39.1122 52.7022
16519.0000 0.0767 73.5377 50.0000 33.4082 38.9629 52.6648
16520.0000 0.0761 73.7098 50.0000 33.7434 38.8262 52.7925
16521.0000 0.0748 73.8345 50.0000 33.7349 39.0970 52.7722
16522.0000 0.0771 74.0257 50.0000 33.9684 38.8015 53.1074
16523.0000 0.0797 73.9285 50.0000 33.8705 38.5598 53.2104
16524.0000 0.0823 73.9299 50.0000 33.6838 38.5114 53.3658
16525.0000 0.0839 73.6960 50.0000 33.5168 38.3075 53.2941
16526.0000 0.0802 73.8968 50.0000 33.5383 38.8411 53.1723
16527.0000 0.0796 73.6381 50.0000 33.5447 38.6274 52.9645
16528.0000 0.0769 73.4973 50.0000 33.5082 38.7877 52.6742
16529.0000 0.0817 73.3814 50.0000 33.3856 38.3399 52.9178
16530.0000 0.0815 73.3440 50.0000 33.3946 38.3083 52.8830
16531.0000 0.0848 73.4615 50.0000 33.1138 38.4336 53.1313
16532.0000 0.0816 73.2838 50.0000 33.3329 38.3110 52.8365
16533.0000 0.0838 73.3450 50.0000 33.3747 38.1184 53.0340
16534.0000 0.0824 73.3038 50.0000 33.4044 38.1730 52.9189
16535.0000 0.0856 73.4709 50.0000 33.2002 38.2704 53.2080
16536.0000 0.0858 73.3656 50.0000 32.9355 38.4339 53.1094
16537.0000 0.0848 73.2804 50.0000 33.0287 38.3388 53.0024
16538.0000 0.0865 72.9398 50.0000 33.0213 37.8426 52.8936
16539.0000 0.0893 73.2465 50.0000 32.7309 38.2200 53.2257
16540.0000 0.0899 73.2506 50.0000 32.7275 38.1647 53.2730
16541.0000 0.0855 73.5192 50.0000 33.0612 38.4775 53.2119
16542.0000 0.0828 73.3919 50.0000 33.2204 38.4270 52.9731
16543.0000 0.0809 73.1341 50.0000 33.3179 38.2338 52.6943
16544.0000 0.0829 73.2867 50.0000 33.3173 38.2004 52.9305
16545.0000 0.0856 73.3812 50.0000 33.3145 38.0562 53.1664
16546.0000 0.0858 73.0484 50.0000 33.2970 37.7193 52.9588
16547.0000 0.0787 72.6708 50.0000 33.3668 37.9153 52.2506
16548.0000 0.0825 72.9428 50.0000 33.0785 38.1537 52.6380
16549.0000 0.0817 72.8095 50.0000 33.0020 38.1768 52.4845
16550.0000 0.0842 73.1096 50.0000 33.0440 38.2043 52.8540
16551.0000 0.0873 73.0526 50.0000 33.2307 37.6532 53.0531
16552.0000 0.0885 73.1736 50.0000 33.3642 37.5259 53.2260
16553.0000 0.0896 73.2640 50.0000 33.1900 37.7070 53.3312
16554.0000 0.0847 73.3076 50.0000 33.7797 37.5601 53.1242
16555.0000 0.0833 73.1914 50.0000 33.7873 37.5631 52.9567
16556.0000 0.0873 73.2437 50.0000 33.6015 37.4510 53.2260
16557.0000 0.0916 73.3990 50.0000 33.0034 37.8624 53.5222
16558.0000 0.0918 73.4604 50.0000 32.9778 37.9338 53.5717
16559.0000 0.0895 73.6883 50.0000 33.3264 37.9969 53.6242
16560.0000 0.0883 73.2883 50.0000 33.3555 37.6707 53.2870
16561.0000 0.0856 73.1754 50.0000 33.5791 37.5627 53.0672
16562.0000 0.0781 73.1576 50.0000 33.8990 37.8854 52.6079
16563.0000 0.0788 73.2212 50.0000 33.7955 37.9989 52.6811
16564.0000 0.0809 73.3633 50.0000 34.0324 37.6895 52.9478
16565.0000 0.0805 72.9819 50.0000 33.5836 37.8225 52.6114
16566.0000 0.0815 72.8852 50.0000 33.6352 37.5825 52.6164
16567.0000 0.0811 72.8208 50.0000 33.6795 37.4993 52.5582
16568.0000 0.0822 72.6453 50.0000 33.5287 37.3884 52.4908
16569.0000 0.0849 72.7176 50.0000 33.3398 37.4220 52.6867
16570.0000 0.0815 72.5915 50.0000 33.5568 37.3631 52.4163
16571.0000 0.0797 72.5855 50.0000 33.8755 37.1822 52.3315
16572.0000 0.0816 72.6970 50.0000 33.9353 37.0597 52.5341
16573.0000 0.0785 72.6879 50.0000 33.6673 37.6273 52.2898
16574.0000 0.0794 72.7878 50.0000 33.4581 37.8691 52.3884
16575.0000 0.0791 72.5333 50.0000 33.2863 37.8260 52.1756
16576.0000 0.0816 72.8359 50.0000 33.5757 37.5838 52.5851
16577.0000 0.0840 73.1110 50.0000 33.4868 37.7386 52.9117
16578.0000 0.0889 72.8967 50.0000 33.3536 37.2293 53.0607
16579.0000 0.0875 73.1083 50.0000 33.6413 37.2580 53.1501
16580.0000 0.0813 72.8579 50.0000 33.7438 37.4539 52.6006
16581.0000 0.0822 72.8064 50.0000 33.6719 37.3988 52.6148
16582.0000 0.0815 72.7204 50.0000 33.7474 37.2900 52.5245
16583.0000 0.0783 72.5549 50.0000 34.0960 37.0424 52.2450
16584.0000 0.0783 72.2901 50.0000 33.8084 37.0825 52.0359
16585.0000 0.0787 72.3229 50.0000 34.1414 36.7237 52.1185
16586.0000 0.0840 72.7116 50.0000 33.8788 36.9197 52.6892
16587.0000 0.0837 72.3900 50.0000 33.8551 36.6516 52.4482
16588.0000 0.0798 72.0912 50.0000 33.9259 36.6248 52.0077
16589.0000 0.0780 72.0492 50.0000 33.9217 36.7471 51.8658
16590.0000 0.0770 72.3706 50.0000 33.9238 37.1626 52.0156
16591.0000 0.0713 72.2563 50.0000 34.1492 37.3425 51.5785
16592.0000 0.0769 72.4592 50.0000 33.6963 37.5064 52.0401
16593.0000 0.0772 72.5906 50.0000 33.6911 37.6192 52.1450
16594.0000 0.0773 72.6682 50.0000 34.0647 37.2895 52.2470
16595.0000 0.0762 72.6064 50.0000 34.0268 37.3646 52.1320
16596.0000 0.0814 72.8763 50.0000 33.8949 37.3031 52.6362
16597.0000 0.0827 72.8447 50.0000 33.9166 37.1278 52.7024
16598.0000 0.0829 72.8546 50.0000 33.5843 37.4737 52.6841
16599.0000 0.0862 72.9694 50.0000 33.3318 37.5593 52.9417
16600.0000 0.0861 72.7562 50.0000 33.6116 37.0583 52.8242
16601.0000 0.0896 73.0522 50.0000 33.7851 36.8620 53.2577
16602.0000 0.0900 72.9434 50.0000 33.7043 36.7998 53.2027
16603.0000 0.0896 72.7163 50.0000 33.6636 36.6564 53.0163
16604.0000 0.0911 72.7584 50.0000 33.4531 36.7904 53.1144
16605.0000 0.0896 73.0003 50.0000 33.8028 36.7926 53.2232
16606.0000 0.0871 72.9962 50.0000 33.8151 36.9923 53.0712
16607.0000 0.0837 72.9037 50.0000 33.9643 37.0465 52.8103
16608.0000 0.0882 72.9558 50.0000 34.1688 36.4879 53.1383
16609.0000 0.0898 73.1057 50.0000 33.9391 36.7350 53.3209
16610.0000 0.0847 72.9794 50.0000 34.0152 36.9776 52.9303
16611.0000 0.0845 73.2144 50.0000 33.8920 37.3622 53.0636
16612.0000 0.0823 72.9602 50.0000 33.9050 37.2941 52.7522
16613.0000 0.0802 72.6037 50.0000 33.6820 37.3616 52.3539
16614.0000 0.0851 72.5567 50.0000 33.4259 37.1490 52.6036
16615.0000 0.0796 72.5883 50.0000 33.5941 37.4982 52.2913
16616.0000 0.0774 72.2797 50.0000 33.7841 37.1852 51.9639
16617.0000 0.0788 72.1312 50.0000 33.7981 36.8873 51.9607
16618.0000 0.0762 72.5574 50.0000 34.2179 37.1122 52.1191
16619.0000 0.0759 72.3601 50.0000 34.2024 36.9601 51.9627
16620.0000 0.0790 72.6545 50.0000 34.0536 37.1298 52.3489
16621.0000 0.0779 72.6038 50.0000 34.1317 37.0983 52.2499
16622.0000 0.0785 73.0493 50.0000 34.2602 37.3530 52.6042
16623.0000 0.0797 72.8035 50.0000 34.1812 37.0822 52.5063
16624.0000 0.0809 72.7882 50.0000 33.8984 37.2581 52.5438
16625.0000 0.0781 72.6390 50.0000 34.2708 36.9681 52.3000
16626.0000 0.0822 72.4279 50.0000 33.7923 36.8817 52.3795
16627.0000 0.0765 72.4594 50.0000 34.1047 37.1069 52.0606
16628.0000 0.0767 72.5946 50.0000 34.1186 37.2086 52.1672
16629.0000 0.0796 72.6851 50.0000 34.2564 36.8912 52.4276
16630.0000 0.0822 72.6633 50.0000 34.0315 36.8698 52.5589
16631.0000 0.0798 72.4992 50.0000 34.1931 36.7536 52.3081
16632.0000 0.0839 72.5485 50.0000 33.9385 36.7016 52.5782
16633.0000 0.0907 72.7759 50.0000 33.7303 36.5537 53.1266
16634.0000 0.0831 72.5083 50.0000 33.7464 36.9378 52.4807
16635.0000 0.0851 72.5584 50.0000 33.7172 36.8402 52.6372
16636.0000 0.0850 72.6049 50.0000 34.0227 36.5683 52.6943
16637.0000 0.0864 72.7566 50.0000 34.0482 36.5764 52.8811
16638.0000 0.0860 72.7008 50.0000 34.2732 36.3144 52.8395
16639.0000 0.0868 72.4410 50.0000 33.9198 36.3575 52.6809
16640.0000 0.0900 72.6839 50.0000 33.8250 36.4207 53.0316
16641.0000 0.0896 72.5146 50.0000 33.6936 36.4292 52.8775
16642.0000 0.0936 72.7074 50.0000 33.5817 36.3931 53.2370
16643.0000 0.0874 72.3060 50.0000 33.6140 36.4965 52.5953
16644.0000 0.0910 72.5233 50.0000 33.5327 36.4829 52.9546
16645.0000 0.0924 72.5516 50.0000 33.4255 36.5059 53.0452
16646.0000 0.0933 72.4585 50.0000 33.3902 36.3750 53.0301
16647.0000 0.0911 72.6226 50.0000 33.7697 36.3263 53.0475
16648.0000 0.0927 72.7629 50.0000 33.8910 36.1961 53.2511
16649.0000 0.0914 72.5644 50.0000 33.6861 36.3298 53.0188
16650.0000 0.0894 72.5543 50.0000 33.6892 36.4847 52.8964
16651.0000 0.0876 72.4866 50.0000 33.6471 36.6199 52.7368
16652.0000 0.0849 72.4649 50.0000 33.8723 36.6003 52.5762
16653.0000 0.0836 72.5145 50.0000 33.6325 37.0217 52.5034
16654.0000 0.0844 72.5835 50.0000 33.7463 36.8904 52.6179
16655.0000 0.0856 72.5185 50.0000 33.7401 36.7316 52.6434
16656.0000 0.0817 72.3978 50.0000 33.9735 36.7114 52.3403
16657.0000 0.0856 72.4589 50.0000 33.7831 36.6204 52.6112
16658.0000 0.0853 72.3969 50.0000 33.9658 36.3985 52.5622
16659.0000 0.0821 72.5750 50.0000 33.8535 36.9744 52.4782
16660.0000 0.0846 72.5984 50.0000 34.0263 36.5955 52.6642
16661.0000 0.0854 72.5667 50.0000 34.0623 36.4564 52.6936
16662.0000 0.0866 72.6839 50.0000 34.0019 36.5273 52.8449
16663.0000 0.0873 72.5666 50.0000 33.8360 36.5311 52.7875
16664.0000 0.0852 72.6260 50.0000 33.7791 36.8303 52.6976
16665.0000 0.0891 72.8751 50.0000 33.7674 36.7501 53.1033
16666.0000 0.0843 72.6713 50.0000 33.9292 36.8001 52.6848
16667.0000 0.0824 72.7723 50.0000 34.1999 36.7790 52.6639
16668.0000 0.0852 72.8848 50.0000 34.0217 36.8364 52.8942
16669.0000 0.0821 72.7533 50.0000 34.0253 36.9750 52.6134
16670.0000 0.0855 72.8101 50.0000 33.6601 37.1176 52.8261
16671.0000 0.0858 73.1205 50.0000 34.0305 37.0094 53.0928
16672.0000 0.0792 72.9560 50.0000 34.0495 37.4146 52.5677
16673.0000 0.0775 72.8119 50.0000 34.0916 37.3842 52.3619
16674.0000 0.0787 72.5344 50.0000 34.0923 36.9939 52.2533
16675.0000 0.0852 72.6716 50.0000 33.8497 36.8022 52.7348
16676.0000 0.0871 72.8687 50.0000 33.8582 36.8217 52.9871
16677.0000 0.0878 72.6438 50.0000 33.7036 36.7029 52.8591
16678.0000 0.0868 72.4944 50.0000 33.6496 36.6922 52.6956
16679.0000 0.0861 72.7085 50.0000 33.8718 36.7397 52.8151
16680.0000 0.0935 72.9972 50.0000 33.6397 36.6213 53.4402
16681.0000 0.0926 72.9752 50.0000 33.5674 36.7506 53.3666
16682.0000 0.0902 72.7888 50.0000 33.2367 37.1309 53.0549
16683.0000 0.0865 72.8422 50.0000 33.3863 37.3458 52.8833
16684.0000 0.0887 72.8978 50.0000 33.3381 37.2564 53.0530
16685.0000 0.0890 72.9970 50.0000 33.3900 37.2740 53.1443
16686.0000 0.0958 73.2375 50.0000 33.3584 36.9550 53.7148
16687.0000 0.0958 72.9532 50.0000 33.1142 36.9374 53.4906
16688.0000 0.0984 73.1639 50.0000 33.0847 36.9557 53.7832
16689.0000 0.0968 73.2417 50.0000 33.3089 36.9309 53.7677
16690.0000 0.0973 73.0620 50.0000 33.1660 36.8620 53.6588
16691.0000 0.1000 73.2647 50.0000 33.1517 36.8508 53.9509
16692.0000 0.0949 73.2505 50.0000 33.2889 37.1245 53.6587
16693.0000 0.0972 73.4600 50.0000 33.5945 36.8117 53.9692
16694.0000 0.0960 73.4533 50.0000 33.4353 37.0694 53.8825
16695.0000 0.0940 73.3549 50.0000 33.4888 37.0951 53.6973
16696.0000 0.0948 73.4365 50.0000 33.5896 36.9975 53.8130
16697.0000 0.0903 73.2814 50.0000 33.7564 37.0617 53.4519
16698.0000 0.0937 73.5225 50.0000 33.7724 36.9869 53.8234
16699.0000 0.0913 73.3858 50.0000 33.8195 37.0099 53.5910
16700.0000 0.0903 73.2887 50.0000 33.6552 37.1718 53.4492
16701.0000 0.0934 73.3071 50.0000 33.4906 37.0938 53.6317
16702.0000 0.0980 73.3483 50.0000 33.5151 36.7180 53.9305
16703.0000 0.0998 73.5341 50.0000 33.2973 36.9729 54.1438
16704.0000 0.0963 73.3406 50.0000 33.6834 36.6737 53.8453
16705.0000 0.0971 73.7455 50.0000 33.4762 37.2256 54.1480
16706.0000 0.0946 73.5162 50.0000 33.3740 37.3183 53.8345
16707.0000 0.0961 73.4911 50.0000 33.3363 37.2066 53.9009
16708.0000 0.1004 73.7668 50.0000 33.2117 37.2383 54.3308
16709.0000 0.1030 73.7246 50.0000 33.1828 37.0148 54.4438
16710.0000 0.1008 73.3123 50.0000 33.2504 36.7247 54.0407
16711.0000 0.0980 73.1420 50.0000 33.3884 36.6505 53.7746
16712.0000 0.0959 73.1456 50.0000 33.3750 36.8459 53.6541
16713.0000 0.0931 72.8708 50.0000 33.4024 36.7803 53.3070
16714.0000 0.0924 72.8956 50.0000 33.2478 37.0283 53.2659
16715.0000 0.0978 72.8952 50.0000 33.2807 36.5312 53.5872
16716.0000 0.0975 72.9401 50.0000 33.0652 36.8286 53.5781
16717.0000 0.0957 72.8138 50.0000 32.8632 37.0751 53.3600
16718.0000 0.1013 73.0425 50.0000 32.4772 37.2291 53.8000
16719.0000 0.0945 72.8166 50.0000 32.6646 37.3894 53.2664
16720.0000 0.0942 72.8569 50.0000 32.8192 37.2952 53.2926
16721.0000 0.0887 72.6467 50.0000 33.4604 36.8828 52.8924
16722.0000 0.0953 73.0837 50.0000 33.1100 37.1098 53.5519
16723.0000 0.0973 73.2242 50.0000 33.1607 37.0256 53.7704
16724.0000 0.1011 72.9907 50.0000 32.8942 36.7597 53.7991
16725.0000 0.1012 72.9462 50.0000 32.9372 36.6641 53.7776
16726.0000 0.0983 72.9911 50.0000 32.9984 36.8865 53.6488
16727.0000 0.1001 72.7507 50.0000 32.9603 36.5403 53.5825
16728.0000 0.0988 72.5906 50.0000 32.8966 36.5527 53.3957
16729.0000 0.1034 72.7983 50.0000 32.7608 36.5210 53.7824
16730.0000 0.1002 72.6185 50.0000 32.6050 36.7727 53.4615
16731.0000 0.1011 72.7510 50.0000 32.4917 36.9475 53.5899
16732.0000 0.1020 72.9103 50.0000 32.6900 36.8220 53.7719
16733.0000 0.1022 72.9138 50.0000 32.9828 36.5012 53.8165
16734.0000 0.1074 72.9857 50.0000 32.8891 36.2405 54.1466
16735.0000 0.1069 72.8637 50.0000 32.7326 36.3237 54.0211
16736.0000 0.1015 72.6143 50.0000 32.8810 36.3707 53.5617
16737.0000 0.1025 72.7728 50.0000 32.9029 36.4243 53.7265
16738.0000 0.1099 72.8990 50.0000 32.6862 36.1706 54.1994
16739.0000 0.1096 72.9744 50.0000 32.6994 36.2546 54.2366
16740.0000 0.1123 73.3004 50.0000 32.6911 36.3590 54.6101
16741.0000 0.1075 73.4117 50.0000 32.7232 36.8208 54.4307
16742.0000 0.1053 73.2441 50.0000 32.8142 36.7441 54.2015
16743.0000 0.1055 73.3181 50.0000 32.9944 36.6063 54.2853
16744.0000 0.1008 73.1274 50.0000 33.0836 36.7191 53.8963
16745.0000 0.1014 72.8557 50.0000 33.0150 36.4782 53.7337
16746.0000 0.1004 73.1070 50.0000 32.8364 36.9894 53.8348
16747.0000 0.1060 73.4108 50.0000 32.8624 36.7931 54.3643
16748.0000 0.1070 73.1531 50.0000 32.8765 36.4461 54.2419
16749.0000 0.1041 73.0579 50.0000 33.2526 36.2025 54.0472
16750.0000 0.1086 73.2818 50.0000 32.9823 36.3363 54.4248
16751.0000 0.1067 73.1313 50.0000 33.1102 36.2079 54.2300
16752.0000 0.1088 73.3674 50.0000 32.7991 36.5880 54.4822
16753.0000 0.1098 73.3764 50.0000 32.8472 36.4685 54.5453
16754.0000 0.1050 73.1719 50.0000 32.9384 36.5660 54.1489
16755.0000 0.1038 73.1436 50.0000 32.7761 36.8029 54.0487
16756.0000 0.0977 73.0706 50.0000 33.1072 36.8966 53.6830
16757.0000 0.1037 73.3860 50.0000 33.1783 36.6303 54.2488
16758.0000 0.1064 73.0424 50.0000 32.6162 36.6594 54.1060
16759.0000 0.1071 73.0176 50.0000 32.6537 36.5398 54.1308
16760.0000 0.1101 73.3064 50.0000 32.8987 36.3260 54.5153
16761.0000 0.1055 73.0062 50.0000 32.7369 36.5752 54.0413
16762.0000 0.0995 73.2016 50.0000 32.9759 37.0113 53.8631
16763.0000 0.1067 73.4493 50.0000 32.8116 36.8276 54.4236
16764.0000 0.1053 73.3630 50.0000 32.8380 36.8286 54.2904
16765.0000 0.1014 73.3891 50.0000 33.0961 36.9072 54.1153
16766.0000 0.1028 73.5071 50.0000 32.9496 37.0581 54.2615
16767.0000 0.0993 73.3629 50.0000 33.2880 36.8583 53.9953
16768.0000 0.0944 73.2330 50.0000 33.2012 37.2450 53.6056
16769.0000 0.0954 73.3950 50.0000 33.0885 37.4373 53.7627
16770.0000 0.0915 73.2997 50.0000 33.1485 37.6209 53.4667
16771.0000 0.0903 73.3132 50.0000 33.2503 37.6297 53.4158
16772.0000 0.0882 73.1192 50.0000 33.3443 37.5167 53.1702
16773.0000 0.0896 73.4492 50.0000 33.0712 38.0232 53.4352
16774.0000 0.0921 73.6627 50.0000 33.1265 37.9530 53.7439
16775.0000 0.0904 73.6414 50.0000 33.1479 38.0568 53.6279
16776.0000 0.0901 73.6909 50.0000 33.3747 37.8878 53.6749
16777.0000 0.0900 73.5428 50.0000 33.5758 37.5343 53.5947
16778.0000 0.0913 73.6269 50.0000 33.7655 37.3008 53.7538
16779.0000 0.0886 73.6597 50.0000 33.7411 37.6004 53.6051
16780.0000 0.0885 73.4292 50.0000 33.6128 37.5192 53.4261
16781.0000 0.0901 73.3829 50.0000 33.5705 37.3717 53.4922
16782.0000 0.0896 73.4127 50.0000 33.3888 37.6408 53.4583
16783.0000 0.0904 73.2837 50.0000 33.1908 37.6506 53.3976
16784.0000 0.0857 73.2388 50.0000 33.2564 37.9590 53.0758
16785.0000 0.0848 73.6164 50.0000 33.5738 38.0820 53.3098
16786.0000 0.0840 73.5842 50.0000 33.6861 38.0060 53.2487
16787.0000 0.0907 73.7904 50.0000 33.3679 37.9426 53.7770
16788.0000 0.0867 73.5573 50.0000 33.4133 38.0267 53.3686
16789.0000 0.0863 73.4581 50.0000 33.2530 38.1299 53.2583
16790.0000 0.0867 73.4355 50.0000 33.6615 37.6281 53.3273
16791.0000 0.0883 73.4693 50.0000 33.4142 37.7851 53.4183
16792.0000 0.0835 73.3152 50.0000 33.9738 37.4647 53.0782
16793.0000 0.0830 73.3088 50.0000 33.6750 37.8294 53.0011
16794.0000 0.0905 73.7014 50.0000 33.4715 37.7588 53.7199
16795.0000 0.0913 73.8875 50.0000 33.3894 37.9655 53.8807
16796.0000 0.0878 73.5856 50.0000 33.5519 37.8003 53.4812
16797.0000 0.0847 73.4568 50.0000 33.6671 37.8277 53.2118
16798.0000 0.0849 73.5017 50.0000 33.8451 37.6619 53.2784
16799.0000 0.0845 73.2474 50.0000 33.3454 37.9855 53.0129
16800.0000 0.0857 73.2992 50.0000 33.1453 38.1445 53.0958
16801.0000 0.0836 73.2465 50.0000 33.3438 38.0669 52.9542
16802.0000 0.0828 73.1557 50.0000 33.5597 37.8126 52.8746
16803.0000 0.0821 73.2084 50.0000 33.5429 37.9564 52.8551
16804.0000 0.0812 73.0202 50.0000 33.6222 37.7623 52.6830
16805.0000 0.0783 73.3935 50.0000 33.9569 38.0480 52.7814
16806.0000 0.0790 73.7018 50.0000 33.9337 38.3265 53.0239
16807.0000 0.0798 73.5483 50.0000 33.8445 38.1822 52.9719
16808.0000 0.0777 73.5288 50.0000 33.9004 38.3099 52.8167
16809.0000 0.0753 73.3779 50.0000 33.9747 38.3010 52.5649
16810.0000 0.0798 73.6846 50.0000 33.7141 38.4679 53.0377
16811.0000 0.0817 73.7838 50.0000 33.5905 38.5289 53.2095
16812.0000 0.0773 73.5380 50.0000 33.5778 38.7111 52.7429
16813.0000 0.0805 73.6096 50.0000 33.5170 38.5429 53.0041
16814.0000 0.0769 73.5687 50.0000 33.7258 38.6138 52.7626
16815.0000 0.0759 73.5052 50.0000 33.6027 38.7840 52.6277
16816.0000 0.0739 73.2430 50.0000 33.7655 38.5333 52.3413
16817.0000 0.0723 73.3276 50.0000 34.0418 38.4714 52.3263
16818.0000 0.0759 73.4955 50.0000 33.7911 38.5680 52.6522
16819.0000 0.0808 73.9221 50.0000 33.8285 38.4931 53.2765
16820.0000 0.0866 73.9960 50.0000 33.4764 38.4051 53.6637
16821.0000 0.0830 73.9545 50.0000 33.5985 38.5666 53.4137
16822.0000 0.0827 73.6408 50.0000 33.4064 38.4848 53.1592
16823.0000 0.0863 73.8206 50.0000 33.3406 38.4048 53.5067
16824.0000 0.0776 73.7544 50.0000 33.6706 38.8019 52.9190
16825.0000 0.0798 73.7626 50.0000 33.5601 38.7211 53.0596
16826.0000 0.0821 74.2006 50.0000 33.4941 39.0231 53.4890
16827.0000 0.0807 74.2796 50.0000 33.8978 38.7896 53.5142
16828.0000 0.0803 74.2447 50.0000 34.0824 38.5871 53.4949
16829.0000 0.0754 74.0383 50.0000 33.8973 39.0620 52.9793
16830.0000 0.0789 74.0629 50.0000 33.8732 38.7673 53.2449
16831.0000 0.0789 74.2859 50.0000 33.8127 39.0670 53.3748
16832.0000 0.0827 74.2003 50.0000 33.5940 38.8505 53.5516
16833.0000 0.0810 74.0535 50.0000 33.6266 38.8324 53.3406
16834.0000 0.0758 73.9430 50.0000 33.8485 38.9801 52.9376
16835.0000 0.0751 73.6944 50.0000 34.0022 38.6155 52.7595
16836.0000 0.0791 73.8525 50.0000 33.8791 38.5224 53.1265
16837.0000 0.0775 73.8183 50.0000 34.0618 38.4445 53.0184
16838.0000 0.0833 74.1068 50.0000 34.1195 38.1232 53.6125
16839.0000 0.0745 73.7188 50.0000 34.0416 38.6586 52.7365
16840.0000 0.0764 73.8317 50.0000 33.7235 38.9427 52.8896
16841.0000 0.0713 73.8634 50.0000 34.1709 38.9848 52.6150
16842.0000 0.0679 73.6658 50.0000 34.2042 39.0939 52.2340
16843.0000 0.0707 73.6814 50.0000 34.1934 38.8274 52.4614
16844.0000 0.0692 73.8225 50.0000 34.6035 38.6700 52.5070
16845.0000 0.0690 74.0462 50.0000 34.6751 38.8478 52.6434
16846.0000 0.0669 74.0119 50.0000 34.9133 38.7689 52.4957
16847.0000 0.0689 74.1484 50.0000 35.1211 38.4744 52.7656
16848.0000 0.0664 74.2559 50.0000 35.0413 38.9275 52.6374
16849.0000 0.0591 73.7254 50.0000 35.1331 39.0412 51.7387
16850.0000 0.0602 73.9323 50.0000 35.1228 39.1546 51.9547
16851.0000 0.0609 73.9499 50.0000 35.2291 38.9773 52.0411
16852.0000 0.0581 73.9043 50.0000 35.1377 39.3416 51.7632
16853.0000 0.0601 73.8394 50.0000 34.5704 39.7048 51.7752
16854.0000 0.0583 73.5607 50.0000 34.6039 39.5671 51.4606
16855.0000 0.0568 73.6756 50.0000 34.9741 39.4254 51.4834
16856.0000 0.0584 73.4938 50.0000 34.8936 39.1496 51.4887
16857.0000 0.0569 73.4375 50.0000 35.3021 38.7904 51.4017
16858.0000 0.0580 73.2929 50.0000 35.0146 38.8414 51.3534
16859.0000 0.0516 73.2217 50.0000 34.9788 39.5297 50.7474
16860.0000 0.0532 73.2199 50.0000 35.0088 39.3080 50.8962
16861.0000 0.0547 73.0558 50.0000 34.9059 39.0768 50.9091
16862.0000 0.0510 73.0045 50.0000 34.9805 39.3670 50.5594
16863.0000 0.0503 73.1413 50.0000 34.8923 39.7066 50.5525
16864.0000 0.0492 73.0816 50.0000 34.7065 40.0002 50.3623
16865.0000 0.0524 73.1413 50.0000 34.6206 39.7712 50.6884
16866.0000 0.0582 73.3316 50.0000 34.5307 39.4071 51.3053
16867.0000 0.0575 73.1568 50.0000 34.3497 39.5190 51.0908
16868.0000 0.0583 73.0247 50.0000 34.2756 39.3700 51.0666
16869.0000 0.0567 73.1180 50.0000 34.1285 39.8258 50.9450
16870.0000 0.0594 73.1683 50.0000 34.0798 39.6262 51.2048
16871.0000 0.0573 73.1686 50.0000 34.0197 39.9478 50.9949
16872.0000 0.0614 73.2684 50.0000 33.5262 40.1791 51.2825
16873.0000 0.0566 73.1027 50.0000 33.5592 40.5377 50.7393
16874.0000 0.0521 73.0952 50.0000 33.7615 40.8415 50.3492
16875.0000 0.0535 73.2556 50.0000 33.9113 40.6532 50.6333
16876.0000 0.0525 72.9778 50.0000 33.8218 40.5839 50.3467
16877.0000 0.0503 72.9742 50.0000 34.0233 40.6050 50.1884
16878.0000 0.0457 72.8271 50.0000 34.3290 40.6611 49.7190
16879.0000 0.0499 73.1426 50.0000 34.1113 40.7336 50.2695
16880.0000 0.0519 72.7937 50.0000 33.7452 40.5414 50.1655
16881.0000 0.0520 72.9021 50.0000 33.7181 40.6932 50.2182
16882.0000 0.0534 72.9200 50.0000 33.7331 40.5073 50.3841
16883.0000 0.0541 72.9269 50.0000 33.7649 40.3904 50.4667
16884.0000 0.0555 72.8491 50.0000 33.8087 40.0640 50.5850
16885.0000 0.0528 72.6506 50.0000 34.0484 39.8750 50.2871
16886.0000 0.0530 72.7217 50.0000 33.8716 40.1553 50.2864
16887.0000 0.0533 72.5942 50.0000 33.8531 39.9908 50.2456
16888.0000 0.0530 72.5277 50.0000 33.5183 40.3811 50.0616
16889.0000 0.0573 72.4798 50.0000 33.4127 39.9318 50.4219
16890.0000 0.0586 72.5448 50.0000 33.6429 39.5570 50.6571
16891.0000 0.0607 72.5645 50.0000 33.5663 39.4343 50.8316
16892.0000 0.0643 72.7248 50.0000 33.3737 39.4331 51.1872
16893.0000 0.0641 72.6557 50.0000 33.3976 39.3583 51.1309
16894.0000 0.0632 72.7805 50.0000 33.3880 39.6058 51.1236
16895.0000 0.0632 73.0415 50.0000 33.6291 39.5946 51.3460
16896.0000 0.0626 72.8487 50.0000 33.6341 39.4505 51.1796
16897.0000 0.0641 73.0590 50.0000 33.5872 39.5628 51.4228
16898.0000 0.0684 73.4148 50.0000 33.7260 39.3220 52.0199
16899.0000 0.0651 73.4351 50.0000 33.8868 39.5151 51.7973
16900.0000 0.0667 73.6445 50.0000 33.9103 39.5318 52.0657
16901.0000 0.0710 73.5844 50.0000 34.1312 38.7661 52.4111
16902.0000 0.0670 73.3961 50.0000 33.8775 39.2730 51.9320
16903.0000 0.0615 73.3831 50.0000 34.2152 39.4606 51.5486
16904.0000 0.0602 73.3430 50.0000 34.2983 39.4658 51.4322
16905.0000 0.0586 73.1436 50.0000 34.5570 39.1360 51.2267
16906.0000 0.0605 73.1684 50.0000 34.2244 39.3336 51.3339
16907.0000 0.0585 73.3175 50.0000 34.2181 39.7369 51.2402
16908.0000 0.0576 73.2018 50.0000 34.5225 39.3436 51.1740
16909.0000 0.0584 73.4085 50.0000 34.7506 39.2191 51.4107
16910.0000 0.0613 73.6443 50.0000 34.7432 39.1601 51.7965
16911.0000 0.0592 73.5488 50.0000 34.4942 39.5787 51.5082
16912.0000 0.0543 73.1688 50.0000 34.5873 39.6190 50.8697
16913.0000 0.0544 73.2675 50.0000 34.7280 39.5428 50.9752
16914.0000 0.0566 73.2485 50.0000 34.5180 39.5152 51.1116
16915.0000 0.0586 73.2498 50.0000 34.7822 38.9922 51.3356
16916.0000 0.0545 73.2828 50.0000 35.1947 39.0168 51.0822
16917.0000 0.0554 73.3577 50.0000 35.3616 38.8044 51.2360
16918.0000 0.0590 73.2156 50.0000 34.8833 38.7969 51.3662
16919.0000 0.0619 73.5473 50.0000 35.1213 38.5705 51.8461
16920.0000 0.0628 73.6976 50.0000 35.3016 38.4316 52.0398
16921.0000 0.0646 73.4512 50.0000 35.1373 38.1716 51.9941
16922.0000 0.0661 73.7009 50.0000 35.0074 38.4211 52.2505
16923.0000 0.0650 73.6148 50.0000 34.7962 38.6772 52.0811
16924.0000 0.0629 73.4820 50.0000 35.0657 38.4543 51.8775
16925.0000 0.0670 73.6838 50.0000 35.1664 38.1378 52.3271
16926.0000 0.0631 73.3888 50.0000 35.1851 38.2042 51.8494
16927.0000 0.0588 73.2960 50.0000 35.2458 38.4909 51.4634
16928.0000 0.0609 73.3243 50.0000 35.0747 38.4875 51.6229
16929.0000 0.0628 73.2869 50.0000 35.2747 38.0361 51.7680
16930.0000 0.0661 73.4423 50.0000 34.8804 38.2893 52.0678
16931.0000 0.0638 73.3667 50.0000 35.1865 38.1146 51.8832
16932.0000 0.0602 73.4146 50.0000 35.3971 38.3025 51.6689
16933.0000 0.0581 73.4179 50.0000 35.2990 38.6356 51.4923
16934.0000 0.0609 73.4979 50.0000 35.3410 38.3760 51.7710
16935.0000 0.0579 73.4638 50.0000 35.1752 38.8501 51.4812
16936.0000 0.0636 73.3784 50.0000 34.7035 38.6722 51.8124
16937.0000 0.0647 73.2678 50.0000 34.3372 38.8518 51.7654
16938.0000 0.0583 73.1106 50.0000 34.9200 38.7168 51.2519
16939.0000 0.0603 73.1710 50.0000 34.9254 38.5630 51.4501
16940.0000 0.0603 73.2926 50.0000 35.1145 38.4784 51.5577
16941.0000 0.0621 73.5345 50.0000 35.1864 38.4582 51.8672
16942.0000 0.0648 73.5223 50.0000 35.1788 38.1804 52.0600
16943.0000 0.0649 73.6031 50.0000 35.2117 38.2142 52.1270
16944.0000 0.0638 73.5869 50.0000 35.1471 38.3863 52.0212
16945.0000 0.0635 73.6044 50.0000 35.1436 38.4358 52.0118
16946.0000 0.0624 73.6060 50.0000 35.0797 38.6199 51.9207
16947.0000 0.0686 73.5890 50.0000 34.7392 38.3463 52.3267
16948.0000 0.0688 73.6333 50.0000 34.4451 38.6968 52.3255
16949.0000 0.0669 73.2576 50.0000 34.2721 38.6846 51.9192
16950.0000 0.0683 73.5318 50.0000 34.2554 38.8501 52.1935
16951.0000 0.0777 73.7669 50.0000 34.0345 38.4031 52.9944
16952.0000 0.0734 73.6768 50.0000 34.0483 38.7127 52.6337
16953.0000 0.0729 73.9042 50.0000 34.1707 38.8694 52.7576
16954.0000 0.0724 73.8728 50.0000 34.4282 38.5978 52.7456
16955.0000 0.0724 73.8137 50.0000 34.3800 38.5899 52.7001
16956.0000 0.0804 73.8616 50.0000 33.7838 38.5138 53.2061
16957.0000 0.0838 73.7753 50.0000 33.7363 38.1586 53.3721
16958.0000 0.0832 72.8098 49.0000 32.7943 38.2697 52.5474
16959.0000 0.0763 73.4804 50.0000 33.7409 38.5675 52.6637
16960.0000 0.0743 73.5227 50.0000 34.0601 38.4538 52.6004
16961.0000 0.0757 73.4960 50.0000 33.7602 38.6238 52.6319
16962.0000 0.0702 73.2745 50.0000 34.1975 38.4488 52.1668
16963.0000 0.0687 73.5394 50.0000 34.3047 38.7634 52.2363
16964.0000 0.0687 73.3528 50.0000 34.1419 38.7475 52.0921
16965.0000 0.0712 73.6726 50.0000 34.0502 38.9329 52.4640
16966.0000 0.0730 73.4267 50.0000 33.5908 39.0065 52.3606
16967.0000 0.0726 73.5540 50.0000 33.7055 39.0522 52.4314
16968.0000 0.0707 73.6863 50.0000 34.3826 38.6284 52.4915
16969.0000 0.0683 74.0041 50.0000 34.6630 38.8852 52.5644
16970.0000 0.0663 73.6859 50.0000 34.5124 38.9324 52.1802
16971.0000 0.0618 73.4913 50.0000 34.5477 39.1631 51.7076
16972.0000 0.0640 73.5769 50.0000 34.6165 38.9435 51.9487
16973.0000 0.0634 73.5862 50.0000 34.5632 39.0700 51.9023
16974.0000 0.0597 73.3668 50.0000 34.7767 38.9949 51.5041
16975.0000 0.0590 73.6821 50.0000 35.0853 39.0655 51.6910
16976.0000 0.0581 73.3457 50.0000 34.7382 39.1986 51.3452
16977.0000 0.0621 73.5929 50.0000 34.7280 39.0368 51.8267
16978.0000 0.0638 73.5629 50.0000 34.8112 38.7330 51.9562
16979.0000 0.0664 73.3827 50.0000 34.4047 38.7251 51.9779
16980.0000 0.0663 73.4651 50.0000 34.7154 38.4711 52.0763
16981.0000 0.0642 73.3206 50.0000 35.1859 38.0254 51.8837
16982.0000 0.0675 73.5587 50.0000 34.9474 38.1900 52.2598
16983.0000 0.0660 73.5356 50.0000 35.4688 37.7565 52.1910
16984.0000 0.0689 73.4648 50.0000 35.1267 37.7613 52.3190
16985.0000 0.0665 73.6412 50.0000 35.3618 37.9297 52.2868
16986.0000 0.0685 74.0337 50.0000 35.2478 38.2617 52.6746
16987.0000 0.0682 73.6625 50.0000 34.6861 38.5145 52.3419
16988.0000 0.0726 73.6519 50.0000 34.5145 38.2536 52.6310
16989.0000 0.0711 73.6929 50.0000 34.7189 38.2239 52.5754
16990.0000 0.0691 73.6996 50.0000 34.5646 38.5956 52.4147
16991.0000 0.0738 74.1983 50.0000 34.7054 38.4933 53.0960
16992.0000 0.0736 74.4576 50.0000 34.9878 38.4736 53.2877
16993.0000 0.0733 74.1388 50.0000 34.5357 38.6672 52.9971
16994.0000 0.0755 74.1166 50.0000 34.4600 38.5113 53.1287
16995.0000 0.0736 73.6383 50.0000 34.2183 38.4713 52.6466
16996.0000 0.0693 73.8258 50.0000 34.4556 38.8313 52.4899
16997.0000 0.0696 73.5150 50.0000 34.3740 38.5644 52.3037
16998.0000 0.0699 73.3405 50.0000 34.6648 38.0412 52.2498
16999.0000 0.0702 73.3035 50.0000 34.2470 38.4246 52.1929
17000.0000 0.0650 73.2490 50.0000 34.4925 38.6327 51.7995
17001.0000 0.0642 73.2283 50.0000 34.5392 38.6394 51.7341
17002.0000 0.0626 73.1422 50.0000 34.4497 38.8121 51.5424
17003.0000 0.0694 73.0760 50.0000 34.0678 38.4728 51.9551
17004.0000 0.0691 73.0771 50.0000 34.1994 38.3543 51.9578
17005.0000 0.0725 73.2092 50.0000 33.9598 38.4198 52.2517
17006.0000 0.0727 73.2569 50.0000 33.9520 38.4587 52.2949
17007.0000 0.0701 73.2394 50.0000 34.2914 38.3254 52.1467
17008.0000 0.0736 73.3509 50.0000 34.0783 38.3274 52.4407
17009.0000 0.0738 73.2851 50.0000 33.7266 38.6272 52.3561
17010.0000 0.0704 73.2468 50.0000 33.7891 38.8597 52.0894
17011.0000 0.0708 73.0019 50.0000 33.8442 38.5042 51.9739
17012.0000 0.0671 73.2200 50.0000 34.2606 38.6355 51.9103
17013.0000 0.0671 73.4647 50.0000 34.6386 38.4791 52.1209
17014.0000 0.0641 73.0615 50.0000 34.3749 38.6590 51.5928
17015.0000 0.0621 72.8309 50.0000 34.1263 38.9108 51.2414
17016.0000 0.0614 73.0359 50.0000 33.9667 39.3923 51.2713
17017.0000 0.0564 72.8975 50.0000 34.2183 39.5164 50.8096
17018.0000 0.0568 72.7029 50.0000 34.0894 39.4049 50.7039
17019.0000 0.0618 72.9519 50.0000 34.0821 39.1247 51.2801
17020.0000 0.0622 73.1764 50.0000 34.3296 39.0325 51.5046
17021.0000 0.0635 73.3342 50.0000 34.2005 39.2125 51.6779
17022.0000 0.0596 73.2472 50.0000 34.5122 39.1790 51.3717
17023.0000 0.0609 73.5753 50.0000 34.3860 39.5376 51.6498
17024.0000 0.0619 73.4172 50.0000 34.6042 39.0095 51.6807
17025.0000 0.0600 73.3012 50.0000 34.6048 39.0954 51.4502
17026.0000 0.0592 73.0163 50.0000 34.8582 38.5886 51.2561
17027.0000 0.0573 73.2508 50.0000 35.0748 38.7992 51.2841
17028.0000 0.0596 73.1240 50.0000 34.5682 38.9881 51.3038
17029.0000 0.0622 73.3975 50.0000 34.9460 38.5732 51.7502
17030.0000 0.0636 73.2589 50.0000 35.1829 38.0221 51.8010
17031.0000 0.0671 73.1919 50.0000 34.6970 38.1273 51.9565
17032.0000 0.0648 73.1019 50.0000 34.6401 38.3250 51.7218
17033.0000 0.0647 73.1353 50.0000 34.7201 38.2870 51.7436
17034.0000 0.0666 73.2660 50.0000 34.5096 38.4634 51.9380
17035.0000 0.0644 73.2313 50.0000 34.5729 38.5782 51.7616
17036.0000 0.0637 73.2651 50.0000 35.1687 38.0373 51.8083
17037.0000 0.0654 73.3331 50.0000 35.2160 37.8795 51.9877
17038.0000 0.0641 72.7908 50.0000 34.8826 37.8092 51.4993
17039.0000 0.0622 72.8236 50.0000 34.8870 38.0392 51.3730
17040.0000 0.0646 72.8749 50.0000 34.7499 37.9918 51.5734
17041.0000 0.0659 73.0671 50.0000 34.6874 38.1267 51.7874
17042.0000 0.0638 72.6676 50.0000 34.5562 38.0697 51.3531
17043.0000 0.0645 72.7641 50.0000 34.5231 38.1388 51.4607
17044.0000 0.0590 72.7555 50.0000 35.0869 38.0837 51.1068
17045.0000 0.0599 72.9835 50.0000 35.1396 38.1682 51.3321
17046.0000 0.0619 72.9574 50.0000 34.7651 38.3381 51.4234
17047.0000 0.0637 73.1833 50.0000 34.9184 38.2201 51.7273
17048.0000 0.0662 73.1138 50.0000 34.6344 38.2024 51.8331
17049.0000 0.0636 72.8845 50.0000 34.5930 38.2797 51.4795
17050.0000 0.0679 72.9448 50.0000 34.4077 38.1070 51.8161
17051.0000 0.0646 72.8591 50.0000 34.5830 38.1560 51.5420
17052.0000 0.0609 73.0264 50.0000 34.4770 38.8457 51.3343
17053.0000 0.0591 72.6935 50.0000 34.6249 38.5154 51.0101
17054.0000 0.0649 72.9115 50.0000 34.6274 38.1299 51.6057
17055.0000 0.0620 72.8667 50.0000 34.6928 38.3166 51.3596
17056.0000 0.0589 72.6423 50.0000 34.6002 38.5153 50.9540
17057.0000 0.0605 72.9089 50.0000 34.6590 38.5588 51.2609
17058.0000 0.0581 72.7501 50.0000 34.8754 38.3985 51.0082
17059.0000 0.0533 72.9464 50.0000 35.4392 38.5086 50.8166
17060.0000 0.0540 72.5948 50.0000 35.0583 38.4861 50.5940
17061.0000 0.0546 72.4374 50.0000 34.7234 38.6198 50.4972
17062.0000 0.0554 72.2860 50.0000 34.4311 38.7089 50.4122
17063.0000 0.0517 72.2236 50.0000 34.7481 38.6983 50.1125
17064.0000 0.0510 72.5616 50.0000 35.0245 38.8267 50.3087
17065.0000 0.0512 72.4829 50.0000 35.2402 38.4769 50.3133
17066.0000 0.0524 72.3406 50.0000 34.9906 38.4701 50.2879
17067.0000 0.0537 72.5677 50.0000 34.9997 38.5476 50.5487
17068.0000 0.0547 72.3442 50.0000 34.6450 38.6037 50.4298
17069.0000 0.0566 72.3163 50.0000 34.6087 38.4030 50.5677
17070.0000 0.0565 72.3784 50.0000 34.6183 38.4710 50.5983
17071.0000 0.0598 72.6360 50.0000 34.7899 38.1912 51.0597
17072.0000 0.0546 72.2645 50.0000 34.5492 38.6405 50.3530
17073.0000 0.0523 72.3436 50.0000 34.9322 38.5496 50.2720
17074.0000 0.0545 72.4368 50.0000 35.0556 38.2565 50.5434
17075.0000 0.0547 72.2859 50.0000 34.8681 38.2886 50.4326
17076.0000 0.0547 72.3070 50.0000 34.8588 38.3253 50.4415
17077.0000 0.0539 72.2577 50.0000 34.9812 38.2166 50.3686
17078.0000 0.0566 72.3568 50.0000 34.7162 38.3272 50.6096
17079.0000 0.0561 72.5400 50.0000 34.5337 38.7836 50.6489
17080.0000 0.0596 72.7862 50.0000 34.4644 38.7471 51.0754
17081.0000 0.0571 72.6510 50.0000 34.4950 38.8429 50.7886
17082.0000 0.0615 72.5514 50.0000 34.2182 38.5705 51.0406
17083.0000 0.0597 72.6329 50.0000 34.3436 38.7098 50.9667
17084.0000 0.0589 72.5322 50.0000 34.2451 38.7954 50.8242
17085.0000 0.0608 72.3746 50.0000 34.2378 38.4312 50.8813
17086.0000 0.0600 72.3828 50.0000 34.4099 38.3304 50.8528
17087.0000 0.0603 72.2662 50.0000 34.2458 38.3565 50.7781
17088.0000 0.0604 72.6185 50.0000 34.6254 38.2971 51.0672
17089.0000 0.0568 72.8075 50.0000 34.9613 38.5077 50.9490
17090.0000 0.0546 72.6693 50.0000 34.7796 38.8122 50.6441
17091.0000 0.0542 72.6535 50.0000 34.8458 38.7682 50.6096
17092.0000 0.0542 72.3082 50.0000 34.9235 38.3082 50.4114
17093.0000 0.0541 72.3414 50.0000 34.9159 38.3645 50.4215
17094.0000 0.0561 72.2371 50.0000 34.7126 38.2516 50.4980
17095.0000 0.0637 72.1547 50.0000 34.5561 37.5435 51.0163
17096.0000 0.0624 72.3374 50.0000 34.7211 37.6834 51.0598
17097.0000 0.0610 72.3939 50.0000 34.7073 37.9016 50.9878
17098.0000 0.0607 72.6947 50.0000 34.7543 38.2034 51.1581
17099.0000 0.0658 72.7793 50.0000 34.5483 37.9912 51.5743
17100.0000 0.0581 72.6839 50.0000 34.8941 38.3087 50.9685
17101.0000 0.0562 72.3755 50.0000 34.9905 38.0805 50.6335
17102.0000 0.0605 72.2843 50.0000 34.5990 37.9576 50.8640
17103.0000 0.0616 72.3568 50.0000 34.2198 38.3444 50.9335
17104.0000 0.0583 72.1080 50.0000 34.3870 38.2451 50.5412
17105.0000 0.0579 72.2251 50.0000 34.4303 38.3641 50.5888
17106.0000 0.0654 72.2103 50.0000 34.2701 37.7439 51.1398
17107.0000 0.0620 71.9001 50.0000 34.1361 37.9127 50.6654
17108.0000 0.0678 72.0964 50.0000 33.9977 37.6822 51.2064
17109.0000 0.0663 72.1255 50.0000 33.9934 37.8747 51.1082
17110.0000 0.0685 72.2640 50.0000 33.9111 37.8849 51.3503
17111.0000 0.0678 72.2088 50.0000 33.9159 37.8935 51.2631
17112.0000 0.0667 72.3869 50.0000 34.1180 37.9638 51.3281
17113.0000 0.0683 72.5007 50.0000 34.2154 37.8193 51.5301
17114.0000 0.0648 72.2459 50.0000 34.2617 37.8550 51.1137
17115.0000 0.0656 72.2960 50.0000 34.4892 37.5713 51.2407
17116.0000 0.0613 71.8845 50.0000 34.3948 37.6824 50.6401
17117.0000 0.0647 72.1386 50.0000 34.4927 37.4948 51.0723
17118.0000 0.0646 72.1675 50.0000 34.4795 37.5544 51.0782
17119.0000 0.0640 72.1326 50.0000 34.8553 37.1690 51.0556
17120.0000 0.0640 72.1112 50.0000 34.7241 37.2874 51.0285
17121.0000 0.0621 72.0774 50.0000 34.8781 37.2785 50.8821
17122.0000 0.0603 71.8376 50.0000 34.9942 37.0876 50.6019
17123.0000 0.0600 71.6198 50.0000 34.9586 36.9338 50.4300
17124.0000 0.0610 71.5369 50.0000 35.0330 36.6671 50.4554
17125.0000 0.0573 71.3582 50.0000 35.2749 36.6022 50.0795
17126.0000 0.0600 71.4404 50.0000 34.8149 36.9017 50.2983
17127.0000 0.0570 71.2731 50.0000 34.4693 37.4001 49.9294
17128.0000 0.0586 71.2868 50.0000 34.6385 37.0738 50.0750
17129.0000 0.0579 71.3254 50.0000 34.5893 37.2329 50.0460
17130.0000 0.0556 71.4689 50.0000 34.7965 37.4055 49.9783
17131.0000 0.0570 71.5924 50.0000 34.7792 37.4079 50.1651
17132.0000 0.0569 71.4030 50.0000 34.5716 37.4368 50.0167
17133.0000 0.0619 71.5778 50.0000 34.4285 37.2622 50.4935
17134.0000 0.0595 71.5640 50.0000 34.2000 37.7494 50.2668
17135.0000 0.0622 71.7597 50.0000 34.4286 37.4217 50.6334
17136.0000 0.0632 71.9547 50.0000 34.2990 37.6711 50.8129
17137.0000 0.0659 72.1245 50.0000 34.4500 37.4048 51.1470
17138.0000 0.0660 72.0062 50.0000 34.4475 37.2764 51.0757
17139.0000 0.0654 71.8641 50.0000 34.4874 37.1522 50.9389
17140.0000 0.0686 72.2715 50.0000 34.6886 37.0399 51.4579
17141.0000 0.0616 72.0248 50.0000 34.5255 37.6532 50.7720
17142.0000 0.0671 72.5618 50.0000 34.3244 37.8847 51.4956
17143.0000 0.0704 72.5129 50.0000 34.0332 37.8188 51.6682
17144.0000 0.0758 72.7282 50.0000 33.8166 37.7584 52.1548
17145.0000 0.0760 72.3206 50.0000 33.6531 37.4950 51.8832
17146.0000 0.0762 72.4527 50.0000 33.7759 37.4789 51.9992
17147.0000 0.0793 72.3228 50.0000 33.4414 37.4236 52.0743
17148.0000 0.0749 72.2495 50.0000 33.4530 37.7529 51.7262
17149.0000 0.0774 72.3976 50.0000 33.6969 37.3962 52.0333
17150.0000 0.0737 72.1290 50.0000 33.7766 37.3843 51.6154
17151.0000 0.0677 71.9235 50.0000 34.1577 37.3400 51.1073
17152.0000 0.0756 72.1386 50.0000 33.8356 37.1511 51.7584
17153.0000 0.0736 72.0979 50.0000 33.8205 37.3189 51.5905
17154.0000 0.0750 72.2100 50.0000 33.8526 37.2637 51.7658
17155.0000 0.0728 71.8903 50.0000 33.8997 37.0893 51.4141
17156.0000 0.0692 71.6991 50.0000 33.7996 37.3491 51.0235
17157.0000 0.0679 71.6244 50.0000 34.0276 37.1548 50.9087
17158.0000 0.0699 71.8290 50.0000 33.8685 37.3375 51.1688
17159.0000 0.0726 71.6359 50.0000 33.6933 37.0776 51.2027
17160.0000 0.0738 71.5468 50.0000 33.8689 36.6788 51.2496
17161.0000 0.0784 71.8278 50.0000 33.5493 36.8829 51.7042
17162.0000 0.0746 71.5839 50.0000 33.8095 36.7076 51.3198
17163.0000 0.0761 71.6450 50.0000 33.8681 36.5730 51.4623
17164.0000 0.0787 71.8036 50.0000 33.7978 36.5703 51.7308
17165.0000 0.0752 71.5831 50.0000 33.9870 36.4679 51.3723
17166.0000 0.0735 71.4361 50.0000 33.9873 36.4698 51.1658
17167.0000 0.0724 71.6422 50.0000 34.2621 36.4951 51.2525
17168.0000 0.0690 71.4295 50.0000 34.4498 36.3997 50.8965
17169.0000 0.0690 71.5970 50.0000 34.3593 36.6660 51.0018
17170.0000 0.0660 71.5073 50.0000 34.2606 36.9663 50.7246
17171.0000 0.0665 71.3378 50.0000 34.1946 36.8085 50.6453
17172.0000 0.0667 71.3522 50.0000 34.1258 36.8788 50.6609
17173.0000 0.0644 71.3327 50.0000 34.0278 37.1921 50.4699
17174.0000 0.0666 71.3519 50.0000 34.0486 36.9764 50.6413
17175.0000 0.0652 71.5566 50.0000 34.2444 37.1078 50.7019
17176.0000 0.0698 71.6215 50.0000 34.1626 36.8228 51.0551
17177.0000 0.0684 71.6000 50.0000 33.9440 37.1667 50.9215
17178.0000 0.0780 71.7781 50.0000 33.7662 36.6393 51.6672
17179.0000 0.0800 72.0402 50.0000 33.8273 36.6592 51.9770
17180.0000 0.0809 72.0580 50.0000 33.8749 36.5485 52.0486
17181.0000 0.0790 72.3106 50.0000 34.2181 36.6074 52.1329
17182.0000 0.0745 72.2476 50.0000 34.2872 36.8857 51.8030
17183.0000 0.0718 72.1751 50.0000 34.2486 37.1059 51.5697
17184.0000 0.0735 72.2326 50.0000 34.2905 36.9590 51.7275
17185.0000 0.0722 72.2870 50.0000 34.2349 37.1980 51.6690
17186.0000 0.0677 72.2816 50.0000 34.4148 37.4304 51.3733
17187.0000 0.0663 72.2723 50.0000 34.5490 37.4190 51.2783
17188.0000 0.0641 72.2749 50.0000 34.7288 37.4401 51.1449
17189.0000 0.0677 72.1782 50.0000 34.4883 37.2437 51.3142
17190.0000 0.0706 72.4386 50.0000 34.4030 37.3232 51.6795
17191.0000 0.0671 72.0326 50.0000 34.3100 37.3455 51.1550
17192.0000 0.0710 71.7931 50.0000 34.2952 36.7376 51.2683
17193.0000 0.0719 72.0970 50.0000 34.0832 37.1958 51.5051
17194.0000 0.0716 72.2154 50.0000 34.2605 37.1541 51.5835
17195.0000 0.0717 71.9412 50.0000 33.9855 37.1621 51.3761
17196.0000 0.0716 71.9292 50.0000 33.9398 37.2009 51.3614
17197.0000 0.0721 71.6965 50.0000 33.6373 37.2486 51.2001
17198.0000 0.0736 71.7586 50.0000 33.4749 37.3395 51.3273
17199.0000 0.0725 71.7080 50.0000 33.8575 36.9784 51.2670
17200.0000 0.0696 71.8210 50.0000 33.9946 37.2291 51.1529
17201.0000 0.0705 72.0363 50.0000 34.2167 37.1250 51.3826
17202.0000 0.0690 72.0458 50.0000 34.2615 37.2275 51.2919
17203.0000 0.0675 72.1302 50.0000 34.5490 37.1486 51.2748
17204.0000 0.0673 71.9522 50.0000 34.3093 37.2461 51.1148
17205.0000 0.0637 72.0011 50.0000 34.5260 37.4163 50.9129
17206.0000 0.0661 72.0580 50.0000 34.6052 37.1491 51.1348
17207.0000 0.0679 71.9840 50.0000 34.3163 37.2129 51.1789
17208.0000 0.0676 71.7977 50.0000 34.1497 37.2303 51.0158
17209.0000 0.0660 71.8964 50.0000 34.4059 37.2108 50.9970
17210.0000 0.0698 72.0925 50.0000 34.2541 37.2046 51.3789
17211.0000 0.0698 71.9410 50.0000 34.2309 37.0795 51.2723
17212.0000 0.0695 72.0617 50.0000 34.5241 36.9194 51.3609
17213.0000 0.0689 72.1339 50.0000 34.3958 37.1786 51.3613
17214.0000 0.0655 72.1787 50.0000 34.5596 37.3907 51.1599
17215.0000 0.0663 72.2477 50.0000 34.4934 37.4491 51.2593
17216.0000 0.0666 72.1808 50.0000 34.5638 37.2797 51.2409
17217.0000 0.0694 72.1740 50.0000 34.2774 37.3072 51.4036
17218.0000 0.0662 72.0513 50.0000 34.4236 37.3330 51.1141
17219.0000 0.0639 72.0159 50.0000 34.6520 37.2820 50.9468
17220.0000 0.0645 72.1223 50.0000 34.4285 37.5682 51.0385
17221.0000 0.0656 72.2963 50.0000 34.4628 37.6039 51.2349
17222.0000 0.0654 72.1855 50.0000 34.4642 37.5083 51.1478
17223.0000 0.0635 72.2212 50.0000 34.6017 37.5870 51.0474
17224.0000 0.0641 72.1467 50.0000 34.6724 37.3663 51.0561
17225.0000 0.0641 72.1475 50.0000 34.6408 37.4074 51.0486
17226.0000 0.0645 72.1628 50.0000 34.7899 37.2179 51.1073
17227.0000 0.0664 72.0185 50.0000 34.4791 37.2187 51.1138
17228.0000 0.0621 71.9634 50.0000 34.6186 37.4445 50.7759
17229.0000 0.0636 72.1751 50.0000 34.7228 37.3917 51.0435
17230.0000 0.0663 72.3307 50.0000 34.7554 37.2528 51.3422
17231.0000 0.0637 72.2476 50.0000 34.6349 37.5591 51.0829
17232.0000 0.0629 72.0674 50.0000 34.6833 37.3976 50.9136
17233.0000 0.0631 72.3408 50.0000 34.7544 37.5863 51.1136
17234.0000 0.0646 72.1482 50.0000 34.4394 37.5794 51.0596
17235.0000 0.0717 72.4921 50.0000 34.1537 37.5416 51.7615
17236.0000 0.0708 72.3744 50.0000 34.1780 37.4816 51.6241
17237.0000 0.0676 72.1614 50.0000 33.7377 38.0617 51.1892
17238.0000 0.0720 72.0039 50.0000 33.5970 37.6181 51.3876
17239.0000 0.0711 71.9577 50.0000 33.8221 37.4127 51.3251
17240.0000 0.0755 72.2262 50.0000 33.8330 37.2551 51.8074
17241.0000 0.0773 72.2911 50.0000 33.6909 37.3028 51.9560
17242.0000 0.0717 71.9800 50.0000 33.6738 37.5398 51.3611
17243.0000 0.0723 72.1283 50.0000 33.9050 37.3836 51.5307
17244.0000 0.0667 71.2864 49.0000 33.6618 37.3145 50.5594
17245.0000 0.0744 72.3136 50.0000 33.9867 37.2801 51.8108
17246.0000 0.0757 72.1456 50.0000 33.9966 36.9802 51.7850
17247.0000 0.0750 72.3000 50.0000 34.0992 37.0898 51.8544
17248.0000 0.0727 72.2677 50.0000 34.4188 36.9309 51.7114
17249.0000 0.0721 72.4392 50.0000 34.3072 37.2804 51.7748
17250.0000 0.0678 72.3176 50.0000 34.0508 37.8523 51.3574
17251.0000 0.0717 72.4660 50.0000 33.9816 37.7006 51.7227
17252.0000 0.0690 72.2273 50.0000 33.8807 37.8287 51.3602
17253.0000 0.0714 72.1321 50.0000 33.8693 37.5067 51.4699
17254.0000 0.0724 72.2320 50.0000 34.0044 37.3680 51.6217
17255.0000 0.0725 72.2846 50.0000 34.3523 37.0391 51.7019
17256.0000 0.0723 72.5638 50.0000 34.4293 37.2634 51.8802
17257.0000 0.0691 72.5357 50.0000 34.3942 37.5822 51.6337
17258.0000 0.0662 72.3887 50.0000 34.2001 37.9278 51.3026
17259.0000 0.0659 72.4778 50.0000 34.2872 37.9541 51.3508
17260.0000 0.0673 72.5897 50.0000 34.2416 37.9835 51.5173
17261.0000 0.0647 72.7171 50.0000 34.1396 38.4976 51.3829
17262.0000 0.0701 72.9822 50.0000 34.1257 38.2324 51.9627
17263.0000 0.0698 72.7246 50.0000 34.2626 37.8461 51.7939
17264.0000 0.0737 72.9007 50.0000 34.2786 37.6327 52.1850
17265.0000 0.0738 72.9205 50.0000 34.2007 37.7295 52.1937
17266.0000 0.0702 72.9032 50.0000 34.2521 38.0013 51.9382
17267.0000 0.0652 72.6903 50.0000 34.6276 37.8711 51.4839
17268.0000 0.0731 72.8269 50.0000 34.1239 37.7840 52.0739
17269.0000 0.0724 72.6211 50.0000 34.3895 37.3547 51.9213
17270.0000 0.0710 72.7184 50.0000 34.6252 37.3384 51.9125
17271.0000 0.0694 72.6624 50.0000 34.5793 37.4762 51.7652
17272.0000 0.0670 72.7562 50.0000 34.4757 37.9226 51.6408
17273.0000 0.0696 72.4918 50.0000 34.1913 37.7074 51.6156
17274.0000 0.0682 72.5502 50.0000 34.5481 37.5166 51.5991
17275.0000 0.0687 72.5685 50.0000 34.3299 37.7264 51.6174
17276.0000 0.0647 72.3311 50.0000 34.2733 37.9408 51.1628
17277.0000 0.0712 72.5134 50.0000 34.2577 37.5036 51.7502
17278.0000 0.0702 72.3965 50.0000 34.1803 37.5619 51.5952
17279.0000 0.0737 72.5719 50.0000 34.0899 37.4997 51.9454
17280.0000 0.0732 72.6169 50.0000 34.0738 37.6164 51.9346
17281.0000 0.0724 72.8823 50.0000 34.5116 37.4855 52.1116
17282.0000 0.0705 72.8040 50.0000 34.3070 37.8113 51.9014
17283.0000 0.0685 72.5834 50.0000 34.3631 37.7175 51.6228
17284.0000 0.0657 72.3161 50.0000 34.4835 37.5882 51.2605
17285.0000 0.0666 72.2991 50.0000 34.1589 37.8388 51.2695
17286.0000 0.0618 72.1186 50.0000 34.4709 37.7928 50.8385
17287.0000 0.0621 72.3465 50.0000 34.5118 37.9615 51.0087
17288.0000 0.0643 72.6761 50.0000 34.4856 38.1010 51.3894
17289.0000 0.0625 72.4925 50.0000 34.7295 37.8337 51.1629
17290.0000 0.0610 72.4539 50.0000 34.6772 38.0010 51.0195
17291.0000 0.0656 72.9037 50.0000 34.7108 37.9630 51.6616
17292.0000 0.0643 72.6993 50.0000 34.6646 37.9301 51.4281
17293.0000 0.0674 72.9682 50.0000 34.7267 37.8298 51.8395
17294.0000 0.0671 72.9657 50.0000 34.6977 37.8906 51.8108
17295.0000 0.0640 72.6322 50.0000 34.8735 37.6644 51.3874
17296.0000 0.0635 72.4583 50.0000 34.8598 37.5474 51.2367
17297.0000 0.0628 72.4641 50.0000 34.5092 38.0165 51.1361
17298.0000 0.0612 72.4854 50.0000 34.8220 37.8603 51.0702
17299.0000 0.0619 72.2342 50.0000 34.8499 37.4892 50.9689
17300.0000 0.0576 72.2362 50.0000 35.0098 37.7662 50.6567
17301.0000 0.0620 72.4603 50.0000 35.0175 37.5374 51.1392
17302.0000 0.0586 72.5414 50.0000 35.2420 37.7327 50.9559
17303.0000 0.0645 72.5316 50.0000 34.8333 37.5597 51.3492
17304.0000 0.0682 72.8145 50.0000 34.6573 37.6748 51.7825
17305.0000 0.0678 72.7342 50.0000 34.7543 37.5211 51.7162
17306.0000 0.0711 72.9001 50.0000 34.5313 37.6146 52.0303
17307.0000 0.0705 72.8162 50.0000 34.4875 37.6330 51.9285
17308.0000 0.0647 72.6099 50.0000 34.8728 37.5718 51.4242
17309.0000 0.0677 72.7965 50.0000 34.7696 37.5765 51.7534
17310.0000 0.0689 72.7973 50.0000 34.7304 37.5013 51.8354
17311.0000 0.0653 72.7640 50.0000 35.0750 37.4579 51.5872
17312.0000 0.0642 72.8104 50.0000 35.1116 37.5759 51.5421
17313.0000 0.0623 72.6030 50.0000 35.1481 37.5089 51.2727
17314.0000 0.0620 72.8304 50.0000 35.2363 37.6836 51.4064
17315.0000 0.0658 72.8441 50.0000 34.9721 37.5979 51.6684
17316.0000 0.0682 73.1667 50.0000 34.8506 37.8272 52.0375
17317.0000 0.0693 72.9674 50.0000 34.7048 37.6647 51.9729
17318.0000 0.0706 73.0519 50.0000 34.6706 37.6651 52.1140
17319.0000 0.0687 72.9434 50.0000 34.7020 37.7042 51.9124
17320.0000 0.0676 72.6590 50.0000 34.5934 37.6370 51.6341
17321.0000 0.0668 72.8133 50.0000 34.6254 37.8417 51.6804
17322.0000 0.0666 72.9642 50.0000 34.3345 38.3439 51.7172
17323.0000 0.0651 73.1169 50.0000 34.6767 38.2702 51.7590
17324.0000 0.0592 72.5780 50.0000 34.7579 38.2349 50.9662
17325.0000 0.0619 72.8679 50.0000 34.9582 38.0304 51.3940
17326.0000 0.0627 72.9244 50.0000 34.9393 38.0339 51.4843
17327.0000 0.0630 73.4162 50.0000 35.5240 37.8809 51.8942
17328.0000 0.0599 73.1973 50.0000 35.7017 37.7809 51.5348
17329.0000 0.0645 73.4422 50.0000 35.7475 37.5217 52.0384
17330.0000 0.0642 73.2362 50.0000 35.3685 37.7386 51.8498
17331.0000 0.0641 73.3812 50.0000 35.6274 37.6247 51.9603
17332.0000 0.0706 73.2341 50.0000 35.0709 37.4257 52.2741
17333.0000 0.0640 72.6863 50.0000 34.9467 37.6456 51.4281
17334.0000 0.0618 72.3637 50.0000 34.9604 37.5134 51.0590
17335.0000 0.0636 72.0616 50.0000 34.8860 37.0992 50.9852
17336.0000 0.0649 72.3346 50.0000 34.9181 37.2226 51.2592
17337.0000 0.0671 72.1867 50.0000 34.6489 37.1377 51.2949
17338.0000 0.0637 72.1921 50.0000 35.0221 37.0883 51.0842
17339.0000 0.0623 72.2518 50.0000 35.0839 37.2213 51.0295
17340.0000 0.0613 72.1918 50.0000 35.4487 36.8715 50.9464
17341.0000 0.0597 72.3989 50.0000 35.6225 37.0630 50.9801
17342.0000 0.0638 72.4382 50.0000 35.2387 37.1014 51.2739
17343.0000 0.0580 72.4453 50.0000 35.4553 37.4664 50.8677
17344.0000 0.0628 72.5311 50.0000 35.3966 37.1224 51.2813
17345.0000 0.0584 72.5070 50.0000 35.4411 37.5025 50.9387
17346.0000 0.0557 72.4230 50.0000 35.5669 37.5569 50.6909
17347.0000 0.0594 72.4577 50.0000 35.4872 37.2942 50.9894
17348.0000 0.0593 72.2352 50.0000 35.2353 37.3401 50.8144
17349.0000 0.0576 72.4521 50.0000 35.4715 37.4964 50.8438
17350.0000 0.0557 72.1249 50.0000 35.6138 37.1983 50.4970
17351.0000 0.0533 71.9451 50.0000 35.7968 37.0759 50.2002
17352.0000 0.0504 71.8754 50.0000 35.8400 37.2636 49.9299
17353.0000 0.0502 71.8309 50.0000 35.9050 37.1773 49.8834
17354.0000 0.0481 71.7965 50.0000 35.9401 37.3285 49.6953
17355.0000 0.0480 71.9786 50.0000 36.2219 37.2377 49.8221
17356.0000 0.0497 71.8957 50.0000 35.8642 37.3358 49.8878
17357.0000 0.0467 71.6334 50.0000 35.9261 37.3326 49.4666
17358.0000 0.0486 71.5717 50.0000 35.4693 37.5343 49.5542
17359.0000 0.0516 71.6212 50.0000 35.3129 37.4293 49.8160
17360.0000 0.0554 71.7089 50.0000 35.2111 37.2239 50.1669
17361.0000 0.0567 71.6888 50.0000 34.9620 37.3346 50.2302
17362.0000 0.0553 71.6907 50.0000 35.2711 37.1588 50.1471
17363.0000 0.0564 71.7962 50.0000 35.0513 37.3891 50.2807
17364.0000 0.0538 71.5693 50.0000 35.0168 37.4579 49.9289
17365.0000 0.0570 71.6230 50.0000 34.7905 37.4241 50.1888
17366.0000 0.0557 71.7136 50.0000 34.8840 37.5522 50.1575
17367.0000 0.0560 71.7616 50.0000 35.1223 37.3096 50.2408
17368.0000 0.0541 71.7304 50.0000 35.1917 37.4070 50.0749
17369.0000 0.0522 71.4189 50.0000 35.1539 37.3257 49.7157
17370.0000 0.0524 71.5768 50.0000 35.3049 37.3038 49.8521
17371.0000 0.0550 71.6208 50.0000 35.2383 37.1476 50.0785
17372.0000 0.0562 71.5951 50.0000 35.3089 36.9223 50.1585
17373.0000 0.0544 71.5819 50.0000 35.4811 36.9153 50.0232
17374.0000 0.0535 71.6253 50.0000 35.5501 36.9767 49.9909
17375.0000 0.0558 71.8119 50.0000 35.5354 36.9483 50.2892
17376.0000 0.0526 71.5885 50.0000 35.7092 36.8713 49.9027
17377.0000 0.0507 71.6308 50.0000 35.6133 37.2179 49.7745
17378.0000 0.0534 71.7182 50.0000 35.5842 37.0559 50.0412
17379.0000 0.0511 71.6119 50.0000 35.5460 37.2265 49.7888
17380.0000 0.0523 71.9521 50.0000 35.6674 37.3185 50.1227
17381.0000 0.0548 72.0176 50.0000 35.6219 37.1766 50.3540
17382.0000 0.0532 72.1218 50.0000 35.8004 37.2669 50.3097
17383.0000 0.0550 72.5594 50.0000 35.8589 37.4660 50.7474
17384.0000 0.0557 72.5267 50.0000 35.7835 37.4388 50.7740
17385.0000 0.0569 72.7105 50.0000 35.7888 37.4976 50.9893
17386.0000 0.0587 72.6106 50.0000 35.4772 37.5417 51.0323
17387.0000 0.0594 72.5824 50.0000 35.1560 37.7757 51.0417
17388.0000 0.0581 72.6075 50.0000 35.4389 37.6339 50.9865
17389.0000 0.0572 72.8144 50.0000 35.5345 37.8449 51.0587
17390.0000 0.0590 72.5890 50.0000 35.2413 37.7386 51.0198
17391.0000 0.0579 72.8908 50.0000 35.5846 37.7948 51.1699
17392.0000 0.0572 72.5614 50.0000 35.7403 37.3597 50.9121
17393.0000 0.0495 72.2257 50.0000 35.8761 37.6968 50.0841
17394.0000 0.0481 72.2808 50.0000 35.9194 37.8597 50.0096
17395.0000 0.0509 72.3707 50.0000 36.2302 37.3167 50.3225
17396.0000 0.0541 72.3232 50.0000 35.7092 37.4753 50.5084
17397.0000 0.0505 72.3976 50.0000 35.8224 37.8154 50.2808
17398.0000 0.0472 72.2798 50.0000 35.9465 37.9295 49.9357
17399.0000 0.0496 72.3017 50.0000 36.0920 37.5359 50.1594
17400.0000 0.0514 72.3835 50.0000 35.8064 37.7237 50.3408
17401.0000 0.0499 72.2125 50.0000 35.6232 37.9079 50.0862
17402.0000 0.0526 72.1153 50.0000 35.4181 37.7330 50.2235
17403.0000 0.0500 72.1425 50.0000 35.6846 37.7541 50.0577
17404.0000 0.0517 72.5640 50.0000 35.8800 37.7991 50.4915
17405.0000 0.0472 72.3833 50.0000 36.0970 37.8774 50.0165
17406.0000 0.0485 72.1753 50.0000 35.4645 38.1972 49.9251
17407.0000 0.0534 72.6830 50.0000 35.7164 37.9216 50.6864
17408.0000 0.0550 72.7472 50.0000 35.6527 37.8862 50.8495
17409.0000 0.0543 72.6259 50.0000 35.3971 38.1112 50.6864
17410.0000 0.0562 72.8267 50.0000 35.2340 38.2916 50.9514
17411.0000 0.0540 72.8250 50.0000 35.4494 38.2928 50.7985
17412.0000 0.0521 72.6865 50.0000 35.7068 38.0786 50.5804
17413.0000 0.0511 72.7688 50.0000 35.6922 38.2841 50.5538
17414.0000 0.0538 72.7660 50.0000 35.7250 37.9543 50.7748
17415.0000 0.0555 72.9373 50.0000 35.8089 37.8550 51.0351
17416.0000 0.0558 73.0108 50.0000 36.1523 37.5393 51.1311
17417.0000 0.0507 72.8675 50.0000 36.3287 37.7583 50.6381
17418.0000 0.0509 72.8460 50.0000 36.1151 37.9369 50.6263
17419.0000 0.0523 72.8630 50.0000 35.5259 38.4401 50.6882
17420.0000 0.0530 72.8699 50.0000 35.5839 38.3031 50.7611
17421.0000 0.0510 72.8740 50.0000 36.0100 38.0647 50.6456
17422.0000 0.0521 72.8004 50.0000 36.1996 37.6715 50.6986
17423.0000 0.0514 72.6936 50.0000 36.3676 37.4535 50.5865
17424.0000 0.0512 72.6263 50.0000 36.1246 37.6623 50.5089
17425.0000 0.0547 72.6438 50.0000 35.9033 37.5431 50.7799
17426.0000 0.0509 72.6364 50.0000 35.8148 38.0322 50.4668
17427.0000 0.0511 72.6497 50.0000 35.7736 38.0690 50.4874
17428.0000 0.0504 72.7247 50.0000 35.8558 38.1371 50.4857
17429.0000 0.0523 72.7396 50.0000 35.8423 37.9664 50.6452
17430.0000 0.0533 72.8863 50.0000 36.2308 37.5987 50.8534
17431.0000 0.0560 72.9444 50.0000 36.2298 37.3733 51.1031
17432.0000 0.0575 72.7241 50.0000 35.7763 37.4610 51.0443
17433.0000 0.0591 72.9083 50.0000 35.5490 37.7289 51.2680
17434.0000 0.0632 73.0722 50.0000 35.7640 37.2548 51.6968
17435.0000 0.0574 72.9206 50.0000 35.9197 37.5273 51.1750
17436.0000 0.0574 73.0144 50.0000 35.6389 37.9198 51.2159
17437.0000 0.0574 72.9808 50.0000 35.8231 37.6940 51.2061
17438.0000 0.0559 73.0160 50.0000 36.0308 37.6635 51.1329
17439.0000 0.0530 72.8574 50.0000 36.0461 37.7958 50.7973
17440.0000 0.0492 72.8594 50.0000 36.2239 38.0253 50.5015
17441.0000 0.0497 72.7498 50.0000 36.3510 37.7153 50.4846
17442.0000 0.0452 72.9138 50.0000 36.6493 38.0770 50.2334
17443.0000 0.0464 72.6271 50.0000 36.4592 37.8468 50.1303
17444.0000 0.0440 72.4539 50.0000 36.6989 37.6843 49.8263
17445.0000 0.0431 72.4425 50.0000 36.6801 37.7955 49.7391
17446.0000 0.0465 72.4776 50.0000 36.5450 37.5868 50.0469
17447.0000 0.0501 72.7691 50.0000 36.8027 37.2265 50.5479
17448.0000 0.0491 72.6474 50.0000 36.6424 37.3743 50.3800
17449.0000 0.0498 72.9423 50.0000 36.6762 37.5668 50.6376
17450.0000 0.0474 73.1494 50.0000 36.6845 38.0442 50.5739
17451.0000 0.0460 73.1196 50.0000 36.3945 38.4779 50.4121
17452.0000 0.0464 73.3300 50.0000 37.0348 37.9733 50.6334
17453.0000 0.0454 72.9496 50.0000 36.5823 38.1632 50.2687
17454.0000 0.0458 73.1099 50.0000 36.4460 38.4345 50.3938
17455.0000 0.0468 73.1101 50.0000 36.3040 38.4700 50.4694
17456.0000 0.0481 73.0780 50.0000 35.9463 38.6770 50.5208
17457.0000 0.0473 72.9664 50.0000 35.7799 38.8398 50.3524
17458.0000 0.0471 72.8871 50.0000 36.1244 38.3963 50.3317
17459.0000 0.0482 73.0437 50.0000 36.1166 38.4442 50.5273
17460.0000 0.0437 73.2335 50.0000 36.5715 38.6852 50.2904
17461.0000 0.0433 72.9807 50.0000 36.4420 38.6021 50.0804
17462.0000 0.0454 73.0935 50.0000 36.5264 38.3778 50.3550
17463.0000 0.0429 73.2269 50.0000 36.7216 38.6111 50.2283
17464.0000 0.0456 73.2172 50.0000 36.4827 38.5371 50.4446
17465.0000 0.0448 73.0282 50.0000 36.1067 38.8448 50.2046
17466.0000 0.0440 73.2643 50.0000 36.4990 38.7590 50.3312
17467.0000 0.0419 73.0408 50.0000 36.3230 38.9629 49.9749
17468.0000 0.0441 72.6649 50.0000 36.1877 38.4384 49.9312
17469.0000 0.0451 72.8254 50.0000 36.2882 38.3868 50.1314
17470.0000 0.0450 72.8154 50.0000 36.3019 38.3724 50.1180
17471.0000 0.0443 72.6699 50.0000 36.4217 38.1722 49.9726
17472.0000 0.0426 72.8446 50.0000 36.6008 38.3594 49.9527
17473.0000 0.0415 72.7881 50.0000 36.5757 38.4625 49.8092
17474.0000 0.0428 72.7578 50.0000 36.2955 38.5776 49.8808
17475.0000 0.0432 73.0911 50.0000 36.7128 38.4346 50.1723
17476.0000 0.0413 72.6871 50.0000 36.8961 38.0385 49.7511
17477.0000 0.0453 72.9280 50.0000 36.7006 38.0281 50.2537
17478.0000 0.0419 72.7688 50.0000 36.6214 38.3409 49.8412
17479.0000 0.0442 72.8855 50.0000 36.5693 38.2463 50.1219
17480.0000 0.0455 73.1695 50.0000 36.7038 38.2616 50.4247
17481.0000 0.0472 73.1124 50.0000 36.6934 38.0152 50.5358
17482.0000 0.0441 73.1739 50.0000 36.8776 38.2462 50.3159
17483.0000 0.0407 73.0269 50.0000 37.0061 38.3494 49.9279
17484.0000 0.0414 72.9570 50.0000 36.5966 38.6389 49.9043
17485.0000 0.0431 72.8029 50.0000 36.4893 38.3831 49.9552
17486.0000 0.0436 72.7395 50.0000 36.4294 38.3169 49.9574
17487.0000 0.0455 72.9819 50.0000 36.2410 38.5528 50.2656
17488.0000 0.0453 72.8255 50.0000 36.2492 38.4052 50.1457
17489.0000 0.0453 73.0745 50.0000 36.2845 38.6352 50.3055
17490.0000 0.0464 73.0170 50.0000 36.1857 38.5519 50.3569
17491.0000 0.0485 73.0009 50.0000 36.0101 38.4827 50.5123
17492.0000 0.0456 73.1773 50.0000 36.4153 38.5610 50.4172
17493.0000 0.0437 72.9464 50.0000 36.3889 38.5765 50.0887
17494.0000 0.0447 73.0448 50.0000 36.1931 38.7708 50.2238
17495.0000 0.0501 73.0775 50.0000 35.9350 38.4683 50.6872
17496.0000 0.0515 73.2816 50.0000 35.8119 38.6619 50.9211
17497.0000 0.0501 73.2084 50.0000 36.1415 38.3730 50.8014
17498.0000 0.0498 73.2605 50.0000 36.2119 38.3922 50.8118
17499.0000 0.0476 73.2020 50.0000 36.1058 38.6933 50.5740
17500.0000 0.0495 73.2485 50.0000 36.2582 38.3631 50.7834
17501.0000 0.0474 72.9223 50.0000 36.1769 38.3402 50.3877
17502.0000 0.0469 72.8888 50.0000 36.1536 38.3927 50.3159
17503.0000 0.0488 73.0388 50.0000 35.9609 38.5472 50.5528
17504.0000 0.0487 72.9846 50.0000 35.7241 38.7642 50.4765
17505.0000 0.0484 72.8843 50.0000 35.5513 38.8798 50.3645
17506.0000 0.0481 72.6998 50.0000 35.9038 38.3208 50.2762
17507.0000 0.0481 72.7830 50.0000 35.9765 38.3355 50.3334
17508.0000 0.0523 72.6626 50.0000 35.5810 38.1674 50.5678
17509.0000 0.0501 72.7472 50.0000 35.6161 38.4601 50.4427
17510.0000 0.0513 73.0687 50.0000 35.7290 38.5491 50.7588
17511.0000 0.0531 73.1836 50.0000 36.1741 37.9856 51.0329
17512.0000 0.0529 72.9063 50.0000 35.9945 37.9079 50.8203
17513.0000 0.0518 72.7345 50.0000 35.8508 37.9965 50.6092
17514.0000 0.0556 73.1320 50.0000 35.8487 38.0096 51.1705
17515.0000 0.0585 73.1120 50.0000 35.7609 37.7745 51.3771
17516.0000 0.0562 73.1434 50.0000 36.0181 37.7807 51.2373
17517.0000 0.0571 73.0930 50.0000 36.3994 37.2373 51.2938
17518.0000 0.0555 72.7845 50.0000 36.1422 37.3523 50.9523
17519.0000 0.0602 72.8421 50.0000 36.1024 36.9719 51.3388
17520.0000 0.0586 72.9429 50.0000 36.2832 37.0505 51.2977
17521.0000 0.0577 72.8989 50.0000 36.2594 37.1212 51.2008
17522.0000 0.0600 72.7555 50.0000 36.1009 36.8989 51.2695
17523.0000 0.0609 72.9084 50.0000 36.0579 37.0120 51.4352
17524.0000 0.0587 72.9962 50.0000 36.2269 37.1457 51.3445
17525.0000 0.0579 72.7416 50.0000 35.9301 37.2791 51.0944
17526.0000 0.0589 72.6722 50.0000 35.8938 37.1468 51.1175
17527.0000 0.0553 72.7748 50.0000 36.0004 37.5091 50.9236
17528.0000 0.0539 72.9826 50.0000 36.0302 37.8395 50.9555
17529.0000 0.0554 72.8147 50.0000 35.7078 37.8524 50.9325
17530.0000 0.0543 72.8566 50.0000 36.1220 37.5702 50.9094
17531.0000 0.0579 73.0524 50.0000 35.8513 37.6826 51.2968
17532.0000 0.0608 73.0580 50.0000 35.4945 37.7695 51.4886
17533.0000 0.0601 72.9329 50.0000 35.7122 37.4788 51.3730
17534.0000 0.0582 73.0966 50.0000 36.2383 37.2875 51.3764
17535.0000 0.0549 72.6935 50.0000 36.2008 37.2601 50.8481
17536.0000 0.0581 72.8086 50.0000 36.0691 37.1850 51.1605
17537.0000 0.0582 72.8433 50.0000 36.1115 37.1601 51.1979
17538.0000 0.0523 72.6626 50.0000 36.1972 37.5058 50.6254
17539.0000 0.0522 72.7393 50.0000 36.3031 37.4829 50.6766
17540.0000 0.0551 72.7719 50.0000 36.5171 36.9935 50.9287
17541.0000 0.0549 72.8484 50.0000 36.3104 37.3044 50.9591
17542.0000 0.0582 72.6340 50.0000 35.7808 37.2952 51.0343
17543.0000 0.0576 72.6208 50.0000 35.8890 37.2319 50.9857
17544.0000 0.0578 72.7707 50.0000 35.6500 37.6104 51.0892
17545.0000 0.0599 72.8103 50.0000 35.5714 37.5261 51.2621
17546.0000 0.0632 73.0911 50.0000 35.7959 37.2381 51.7134
17547.0000 0.0597 72.9846 50.0000 35.9726 37.2964 51.3974
17548.0000 0.0584 72.9599 50.0000 36.0262 37.3507 51.2854
17549.0000 0.0563 72.9835 50.0000 36.0610 37.5609 51.1407
17550.0000 0.0531 72.8730 50.0000 36.0632 37.7777 50.8210
17551.0000 0.0545 72.6830 50.0000 35.9222 37.5801 50.7952
17552.0000 0.0523 72.7691 50.0000 36.2221 37.5913 50.6971
17553.0000 0.0505 72.7059 50.0000 36.3242 37.6163 50.5145
17554.0000 0.0499 72.8416 50.0000 36.2235 37.9268 50.5501
17555.0000 0.0498 72.8042 50.0000 36.2236 37.8975 50.5182
17556.0000 0.0503 73.0797 50.0000 36.3688 37.9791 50.7497
17557.0000 0.0513 72.8243 50.0000 36.3313 37.6429 50.6599
17558.0000 0.0515 73.0863 50.0000 36.3871 37.8308 50.8568
17559.0000 0.0531 73.1132 50.0000 36.2471 37.8322 50.9942
17560.0000 0.0525 73.1669 50.0000 35.9672 38.2589 50.9510
17561.0000 0.0528 73.2307 50.0000 36.2116 38.0311 51.0401
17562.0000 0.0494 73.2571 50.0000 36.4304 38.2027 50.7935
17563.0000 0.0472 73.1726 50.0000 36.8111 37.9563 50.5815
17564.0000 0.0494 73.1820 50.0000 36.5327 38.0082 50.7576
17565.0000 0.0495 73.0726 50.0000 36.5177 37.9054 50.6877
17566.0000 0.0476 72.9891 50.0000 36.6807 37.8556 50.4866
17567.0000 0.0491 72.8814 50.0000 36.1892 38.0982 50.5031
17568.0000 0.0502 72.9195 50.0000 35.9104 38.3085 50.5981
17569.0000 0.0500 73.0521 50.0000 35.7846 38.6104 50.6488
17570.0000 0.0519 73.0413 50.0000 35.8571 38.3027 50.8155
17571.0000 0.0538 73.1626 50.0000 35.9885 38.0821 51.0622
17572.0000 0.0551 73.2466 50.0000 35.8634 38.1632 51.2099
17573.0000 0.0580 73.5358 50.0000 35.6093 38.4399 51.5932
17574.0000 0.0586 73.3144 50.0000 35.8131 37.9170 51.5241
17575.0000 0.0556 73.2762 50.0000 35.6792 38.3445 51.2455
17576.0000 0.0555 73.3064 50.0000 35.7445 38.3159 51.2646
17577.0000 0.0553 73.3662 50.0000 35.7223 38.4220 51.2861
17578.0000 0.0492 73.4520 50.0000 36.3605 38.4978 50.9022
17579.0000 0.0530 73.7946 50.0000 36.1865 38.6213 51.4254
17580.0000 0.0519 73.6064 50.0000 36.3515 38.3657 51.2303
17581.0000 0.0553 73.8748 50.0000 36.2780 38.3635 51.6684
17582.0000 0.0533 74.1520 50.0000 36.9190 38.1901 51.7400
17583.0000 0.0510 73.9518 50.0000 37.0704 38.0760 51.4283
17584.0000 0.0538 74.2343 50.0000 36.7979 38.3438 51.8306
17585.0000 0.0515 74.2118 50.0000 36.5703 38.8130 51.6097
17586.0000 0.0520 74.2037 50.0000 36.5179 38.8081 51.6388
17587.0000 0.0535 74.3317 50.0000 36.6665 38.6173 51.8602
17588.0000 0.0523 73.9257 50.0000 36.6368 38.3534 51.4954
17589.0000 0.0570 73.8820 50.0000 36.5015 37.9527 51.8245
17590.0000 0.0547 74.0424 50.0000 36.4676 38.3936 51.7525
17591.0000 0.0538 74.0184 50.0000 36.7133 38.2071 51.6825
17592.0000 0.0542 74.2852 50.0000 36.7437 38.4152 51.8890
17593.0000 0.0520 74.2792 50.0000 37.0412 38.3370 51.7264
17594.0000 0.0545 74.4615 50.0000 37.0561 38.2335 52.0534
17595.0000 0.0495 74.1255 50.0000 37.2830 38.1922 51.4385
17596.0000 0.0502 74.2047 50.0000 37.3685 38.1129 51.5494
17597.0000 0.0502 74.1053 50.0000 37.6146 37.7665 51.4823
17598.0000 0.0561 73.8860 50.0000 36.8727 37.6600 51.7810
17599.0000 0.0564 74.0439 50.0000 36.7447 37.9198 51.9078
17600.0000 0.0591 74.1854 50.0000 36.6361 37.9053 52.1963
17601.0000 0.0623 74.2680 50.0000 36.7447 37.5474 52.4953
17602.0000 0.0618 73.9095 50.0000 36.4639 37.5268 52.1990
17603.0000 0.0616 73.9633 50.0000 36.6668 37.3931 52.2291
17604.0000 0.0585 74.0998 50.0000 36.9202 37.5821 52.1082
17605.0000 0.0613 74.4606 50.0000 36.6292 37.9636 52.5494
17606.0000 0.0602 74.2732 50.0000 36.5913 37.9285 52.3356
17607.0000 0.0598 74.2392 50.0000 36.8032 37.7126 52.2948
17608.0000 0.0593 74.0336 50.0000 36.4383 37.9312 52.1003
17609.0000 0.0628 74.0372 50.0000 36.3723 37.6438 52.3594
17610.0000 0.0604 73.9786 50.0000 36.5693 37.6298 52.1489
17611.0000 0.0618 74.1107 50.0000 36.4032 37.7876 52.3383
17612.0000 0.0636 73.9383 50.0000 36.3821 37.4525 52.3501
17613.0000 0.0615 73.6874 50.0000 36.0099 37.7960 52.0055
17614.0000 0.0594 73.7994 50.0000 36.3813 37.7378 51.9482
17615.0000 0.0641 73.6727 50.0000 35.7537 37.7871 52.1677
17616.0000 0.0661 73.6720 50.0000 35.9406 37.3948 52.3208
17617.0000 0.0697 73.6551 50.0000 35.6754 37.3032 52.5434
17618.0000 0.0667 73.6301 50.0000 35.8821 37.3592 52.3275
17619.0000 0.0662 73.7627 50.0000 35.9970 37.4196 52.3920
17620.0000 0.0662 73.5191 50.0000 36.1404 37.0241 52.2317
17621.0000 0.0632 73.5814 50.0000 35.9931 37.5331 52.0576
17622.0000 0.0660 73.5552 50.0000 36.0166 37.2060 52.2388
17623.0000 0.0666 73.5565 50.0000 36.1931 36.9677 52.2878
17624.0000 0.0636 73.7153 50.0000 36.1746 37.4412 52.1872
17625.0000 0.0730 73.8946 50.0000 36.0200 36.8794 52.9423
17626.0000 0.0695 73.9438 50.0000 36.1471 37.1246 52.7526
17627.0000 0.0711 74.2737 50.0000 36.2757 37.1775 53.0894
17628.0000 0.0635 73.8712 50.0000 36.3654 37.4164 52.2927
17629.0000 0.0680 73.9976 50.0000 36.1998 37.2761 52.6851
17630.0000 0.0605 73.6525 50.0000 36.3633 37.4955 51.9277
17631.0000 0.0691 73.7657 50.0000 36.2334 36.8993 52.6019
17632.0000 0.0680 73.7734 50.0000 36.3177 36.9276 52.5346
17633.0000 0.0711 73.4503 50.0000 35.9796 36.6494 52.5094
17634.0000 0.0633 73.2312 50.0000 35.9556 37.2126 51.8192
17635.0000 0.0684 73.5837 50.0000 35.8705 37.1559 52.4148
17636.0000 0.0664 73.8894 50.0000 36.0999 37.4243 52.4963
17637.0000 0.0673 73.9820 50.0000 36.0149 37.5126 52.6219
17638.0000 0.0640 73.9612 50.0000 35.9771 37.8589 52.3700
17639.0000 0.0669 74.1761 50.0000 35.7552 38.0221 52.7065
17640.0000 0.0660 74.1488 50.0000 35.8174 38.0213 52.6265
17641.0000 0.0659 74.2605 50.0000 36.0394 37.9056 52.7157
17642.0000 0.0683 74.4578 50.0000 36.1669 37.7450 53.0211
17643.0000 0.0692 74.5868 50.0000 35.9391 38.0189 53.1613
17644.0000 0.0715 74.3224 50.0000 35.6839 37.7971 53.1211
17645.0000 0.0744 74.4638 50.0000 35.8117 37.5314 53.4207
17646.0000 0.0752 74.4593 50.0000 35.8931 37.3613 53.4791
17647.0000 0.0763 74.5226 50.0000 35.6582 37.5670 53.5802
17648.0000 0.0775 74.3242 50.0000 35.4721 37.4528 53.5081
17649.0000 0.0806 74.6033 50.0000 35.2441 37.6811 53.8855
17650.0000 0.0793 74.4976 50.0000 35.3977 37.5385 53.7378
17651.0000 0.0811 74.3380 50.0000 35.2668 37.3451 53.7376
17652.0000 0.0810 74.3003 50.0000 35.1646 37.4268 53.6957
17653.0000 0.0875 74.2281 50.0000 34.9770 36.9673 54.0356
17654.0000 0.0804 73.9947 50.0000 35.0167 37.3321 53.4355
17655.0000 0.0826 74.0190 50.0000 35.0893 37.0757 53.5998
17656.0000 0.0838 74.4574 50.0000 35.1897 37.3053 53.9805
17657.0000 0.0797 74.2976 50.0000 35.3323 37.3671 53.6234
17658.0000 0.0804 74.4231 50.0000 35.2995 37.4607 53.7534
17659.0000 0.0764 74.2052 50.0000 35.5418 37.3637 53.3587
17660.0000 0.0800 74.3779 50.0000 35.5497 37.1940 53.7112
17661.0000 0.0847 74.3816 50.0000 35.4300 36.8987 53.9984
17662.0000 0.0812 74.3646 50.0000 35.6400 36.9779 53.7822
17663.0000 0.0850 74.2652 50.0000 35.1456 37.0518 53.9191
17664.0000 0.0852 74.1048 50.0000 34.8729 37.1572 53.8029
17665.0000 0.0862 74.2895 50.0000 35.1306 36.9777 54.0131
17666.0000 0.0827 74.2642 50.0000 35.1972 37.1996 53.7821
17667.0000 0.0812 74.5506 50.0000 35.3820 37.4331 53.8949
17668.0000 0.0828 74.4379 50.0000 35.2315 37.3253 53.9125
17669.0000 0.0874 74.6196 50.0000 35.2627 37.0668 54.3202
17670.0000 0.0891 74.9511 50.0000 35.3127 37.1847 54.6625
17671.0000 0.0889 74.7775 50.0000 35.1628 37.1927 54.5156
17672.0000 0.0834 74.6709 50.0000 35.5768 37.1525 54.1270
17673.0000 0.0821 74.6956 50.0000 35.7573 37.1047 54.0749
17674.0000 0.0757 74.5400 50.0000 36.0481 37.2436 53.5692
17675.0000 0.0796 74.3712 50.0000 35.8601 36.9054 53.6947
17676.0000 0.0814 74.3964 50.0000 36.0641 36.5652 53.8256
17677.0000 0.0827 74.3212 50.0000 36.0609 36.3766 53.8516
17678.0000 0.0761 73.9503 50.0000 36.1587 36.5059 53.1837
17679.0000 0.0809 73.8828 50.0000 35.8742 36.2980 53.4245
17680.0000 0.0778 73.9459 50.0000 35.8935 36.6113 53.2847
17681.0000 0.0777 74.0866 50.0000 36.2475 36.4028 53.3833
17682.0000 0.0740 73.8398 50.0000 35.9301 36.8191 52.9689
17683.0000 0.0731 73.7425 50.0000 36.0420 36.6989 52.8406
17684.0000 0.0706 73.9693 50.0000 36.1996 36.9913 52.8459
17685.0000 0.0742 74.2673 50.0000 36.2684 36.8881 53.2870
17686.0000 0.0716 74.3320 50.0000 36.4929 36.9650 53.1705
17687.0000 0.0742 74.3904 50.0000 36.3313 36.9401 53.3798
17688.0000 0.0795 74.7414 50.0000 36.2760 36.8529 53.9647
17689.0000 0.0783 74.8446 50.0000 36.5210 36.8221 53.9636
17690.0000 0.0793 74.5516 50.0000 36.3109 36.6539 53.8141
17691.0000 0.0811 74.7953 50.0000 36.1787 36.8635 54.0973
17692.0000 0.0799 74.8156 50.0000 36.3514 36.8207 54.0387
17693.0000 0.0830 74.9972 50.0000 36.2848 36.7810 54.3613
17694.0000 0.0805 74.7183 50.0000 36.3331 36.6831 54.0100
17695.0000 0.0855 74.7605 50.0000 35.8184 36.8031 54.3296
17696.0000 0.0865 74.6281 50.0000 35.6023 36.8014 54.2908
17697.0000 0.0884 74.3998 50.0000 35.3738 36.6479 54.2305
17698.0000 0.0916 74.5311 50.0000 35.5778 36.2890 54.5180
17699.0000 0.0882 74.2438 50.0000 35.7604 36.1203 54.1171
17700.0000 0.0874 74.3381 50.0000 35.8049 36.2348 54.1406
17701.0000 0.0897 74.5687 50.0000 35.8200 36.2471 54.4387
17702.0000 0.0842 74.2305 50.0000 35.9303 36.2819 53.8777
17703.0000 0.0852 74.5660 50.0000 36.0536 36.3991 54.1788
17704.0000 0.0837 74.2578 50.0000 35.9484 36.3340 53.8681
17705.0000 0.0821 74.4711 50.0000 36.0981 36.5419 53.9218
17706.0000 0.0787 74.4133 50.0000 36.3075 36.5719 53.6805
17707.0000 0.0810 74.4236 50.0000 36.2645 36.4230 53.8248
17708.0000 0.0792 74.6105 50.0000 36.2350 36.7995 53.8475
17709.0000 0.0798 74.6345 50.0000 36.2276 36.7708 53.9052
17710.0000 0.0830 74.7689 50.0000 36.0501 36.8013 54.1890
17711.0000 0.0846 74.4856 50.0000 35.8941 36.5342 54.0830
17712.0000 0.0852 74.0507 50.0000 35.5910 36.3660 53.7988
17713.0000 0.0833 74.2526 50.0000 35.7237 36.5962 53.8329
17714.0000 0.0814 73.9878 50.0000 35.7200 36.5091 53.5291
17715.0000 0.0848 74.2912 50.0000 35.9596 36.2587 53.9573
17716.0000 0.0847 74.2719 50.0000 35.5725 36.6418 53.9286
17717.0000 0.0845 74.2195 50.0000 35.5421 36.6413 53.8768
17718.0000 0.0812 74.0063 50.0000 35.2990 36.9735 53.5152
17719.0000 0.0847 74.3268 50.0000 35.2364 37.0411 53.9521
17720.0000 0.0816 74.4752 50.0000 35.8455 36.8424 53.8915
17721.0000 0.0815 74.4057 50.0000 35.6574 36.9765 53.8284
17722.0000 0.0730 74.1639 50.0000 35.8424 37.3263 53.1259
17723.0000 0.0717 74.1889 50.0000 35.8113 37.5128 53.0503
17724.0000 0.0724 74.0763 50.0000 35.9442 37.1910 53.0296
17725.0000 0.0710 73.9185 50.0000 36.0877 37.0165 52.8337
17726.0000 0.0713 74.1616 50.0000 36.1005 37.2231 53.0202
17727.0000 0.0697 73.8480 50.0000 35.9073 37.2569 52.6889
17728.0000 0.0716 73.8608 50.0000 36.1981 36.7979 52.8302
17729.0000 0.0710 73.7645 50.0000 35.8601 37.0999 52.7148
17730.0000 0.0731 73.7641 50.0000 35.5909 37.1785 52.8412
17731.0000 0.0739 73.3381 50.0000 35.3576 36.9152 52.5888
17732.0000 0.0723 73.3384 50.0000 35.0771 37.3643 52.4598
17733.0000 0.0716 73.1983 50.0000 35.2746 37.0795 52.3336
17734.0000 0.0742 73.5114 50.0000 35.1979 37.2305 52.7154
17735.0000 0.0722 73.5846 50.0000 35.4484 37.2312 52.6492
17736.0000 0.0713 73.5834 50.0000 35.7068 37.0458 52.6038
17737.0000 0.0735 73.8087 50.0000 35.7128 37.0579 52.9059
17738.0000 0.0732 73.6992 50.0000 35.8802 36.8037 52.8174
17739.0000 0.0787 74.0283 50.0000 35.5886 36.9254 53.3869
17740.0000 0.0804 74.0443 50.0000 35.3430 37.0401 53.4927
17741.0000 0.0829 74.0792 50.0000 35.0299 37.1733 53.6544
17742.0000 0.0783 73.7045 50.0000 35.1555 37.0893 53.1115
17743.0000 0.0787 73.6144 50.0000 35.1268 36.9888 53.0756
17744.0000 0.0771 73.4984 50.0000 34.9577 37.2020 52.8771
17745.0000 0.0778 73.1915 50.0000 35.1039 36.6757 52.7219
17746.0000 0.0748 73.2640 50.0000 35.4132 36.6994 52.5993
17747.0000 0.0693 73.3284 50.0000 35.5345 37.1551 52.2863
17748.0000 0.0692 73.1035 50.0000 35.3963 37.0807 52.1177
17749.0000 0.0680 73.3800 50.0000 35.8107 37.0523 52.2431
17750.0000 0.0680 73.1699 50.0000 35.8234 36.8286 52.0978
17751.0000 0.0683 73.3156 50.0000 35.9303 36.8354 52.2240
17752.0000 0.0657 73.0789 50.0000 35.8576 36.9233 51.8789
17753.0000 0.0740 73.2631 50.0000 35.8033 36.3779 52.5571
17754.0000 0.0724 73.2360 50.0000 35.7889 36.5154 52.4337
17755.0000 0.0716 73.2439 50.0000 35.7100 36.6791 52.3843
17756.0000 0.0683 73.2401 50.0000 35.9041 36.7810 52.1743
17757.0000 0.0691 73.3369 50.0000 35.8109 36.9040 52.2874
17758.0000 0.0772 73.4003 50.0000 35.3039 36.7279 52.8423
17759.0000 0.0744 73.3181 50.0000 35.3706 36.8388 52.6058
17760.0000 0.0740 73.2038 50.0000 35.4362 36.6915 52.5054
17761.0000 0.0789 73.2772 50.0000 35.1991 36.5613 52.8568
17762.0000 0.0814 73.5627 50.0000 35.3995 36.4188 53.2168
17763.0000 0.0791 73.7124 50.0000 35.4747 36.6950 53.1841
17764.0000 0.0750 73.6994 50.0000 35.7719 36.7548 52.9250
17765.0000 0.0752 73.7350 50.0000 35.7228 36.8194 52.9629
17766.0000 0.0756 73.5294 50.0000 35.4702 36.8375 52.8340
17767.0000 0.0741 73.3076 50.0000 35.5362 36.6877 52.5852
17768.0000 0.0731 73.4776 50.0000 35.7296 36.7504 52.6476
17769.0000 0.0792 73.6667 50.0000 35.6250 36.4855 53.1644
17770.0000 0.0798 73.6923 50.0000 35.7468 36.3366 53.2200
17771.0000 0.0775 73.4919 50.0000 35.6431 36.4495 52.9345
17772.0000 0.0777 73.4375 50.0000 35.4679 36.5526 52.9055
17773.0000 0.0783 73.3241 50.0000 35.5536 36.2975 52.8664
17774.0000 0.0753 73.2179 50.0000 35.6689 36.3547 52.6016
17775.0000 0.0760 73.3041 50.0000 35.5020 36.5373 52.7079
17776.0000 0.0756 73.1228 50.0000 35.5336 36.3661 52.5529
17777.0000 0.0784 73.1819 50.0000 35.7690 35.9335 52.7726
17778.0000 0.0816 73.3538 50.0000 35.6973 35.8908 53.0880
17779.0000 0.0795 73.2616 50.0000 35.4882 36.1951 52.8939
17780.0000 0.0867 73.5844 50.0000 35.2404 36.1351 53.5446
17781.0000 0.0843 73.6325 50.0000 35.1811 36.4548 53.4330
17782.0000 0.0839 73.8324 50.0000 35.4757 36.3863 53.5606
17783.0000 0.0847 73.3931 50.0000 35.1463 36.2128 53.2909
17784.0000 0.0823 73.0467 50.0000 35.2829 35.9447 52.9047
17785.0000 0.0779 73.1109 50.0000 35.5857 36.0910 52.6907
17786.0000 0.0826 73.3220 50.0000 35.4511 36.0200 53.1215
17787.0000 0.0805 73.4115 50.0000 35.6917 36.0521 53.0622
17788.0000 0.0791 73.6408 50.0000 35.7638 36.3248 53.1453
17789.0000 0.0757 73.6577 50.0000 35.7404 36.6738 52.9445
17790.0000 0.0747 73.6059 50.0000 35.7644 36.6937 52.8423
17791.0000 0.0736 73.4510 50.0000 35.2546 37.1681 52.6375
17792.0000 0.0761 73.4547 50.0000 35.1699 37.0238 52.8007
17793.0000 0.0781 73.2896 50.0000 35.0200 36.8276 52.8081
17794.0000 0.0755 73.2562 50.0000 35.2575 36.7879 52.6310
17795.0000 0.0807 73.1468 50.0000 34.6404 36.8444 52.8486
17796.0000 0.0816 73.5278 50.0000 35.0172 36.7520 53.1923
17797.0000 0.0810 73.5284 50.0000 34.8856 36.9479 53.1439
17798.0000 0.0816 73.3129 50.0000 34.6226 36.9516 53.0153
17799.0000 0.0790 73.1061 50.0000 34.5170 37.0958 52.6971
17800.0000 0.0792 73.0522 50.0000 34.3119 37.2314 52.6607
17801.0000 0.0781 73.1277 50.0000 34.2561 37.4757 52.6284
17802.0000 0.0786 73.0946 50.0000 34.3243 37.3212 52.6479
17803.0000 0.0811 73.0040 50.0000 34.2881 37.0412 52.7434
17804.0000 0.0753 72.7841 50.0000 34.6624 36.9568 52.2517
17805.0000 0.0716 72.8354 50.0000 34.7943 37.2160 52.0512
17806.0000 0.0747 72.9077 50.0000 34.6565 37.1384 52.2991
17807.0000 0.0735 73.0798 50.0000 34.7881 37.2864 52.3467
17808.0000 0.0732 73.0747 50.0000 34.8694 37.2252 52.3290
17809.0000 0.0723 73.1040 50.0000 34.9377 37.2702 52.2923
17810.0000 0.0669 72.9115 50.0000 35.1490 37.3757 51.8044
17811.0000 0.0685 72.9949 50.0000 34.9299 37.5335 51.9557
17812.0000 0.0711 72.9702 50.0000 34.7023 37.5009 52.0968
17813.0000 0.0708 72.9607 50.0000 34.6984 37.5261 52.0681
17814.0000 0.0708 73.1354 50.0000 35.0385 37.3400 52.2189
17815.0000 0.0737 73.3329 50.0000 35.0088 37.2946 52.5472
17816.0000 0.0717 73.2495 50.0000 35.0940 37.3136 52.3602
17817.0000 0.0715 73.1161 50.0000 34.8376 37.4679 52.2347
17818.0000 0.0682 73.2541 50.0000 35.0040 37.7484 52.1146
17819.0000 0.0727 73.4031 50.0000 34.8990 37.5736 52.5195
17820.0000 0.0710 73.2641 50.0000 34.7483 37.7559 52.2941
17821.0000 0.0715 73.0949 50.0000 34.4774 37.8265 52.1855
17822.0000 0.0674 73.1158 50.0000 34.6814 38.0363 51.9265
17823.0000 0.0658 72.9663 50.0000 34.7874 37.9264 51.7252
17824.0000 0.0673 72.8118 50.0000 34.6337 37.7838 51.7152
17825.0000 0.0706 73.2138 50.0000 34.8944 37.5919 52.2446
17826.0000 0.0693 72.8945 50.0000 35.0630 37.2113 51.9568
17827.0000 0.0745 72.9175 50.0000 34.8436 36.9790 52.3015
17828.0000 0.0748 72.7998 50.0000 34.3028 37.4000 52.1956
17829.0000 0.0775 72.8703 50.0000 34.3705 37.1473 52.4293
17830.0000 0.0763 73.1488 50.0000 34.4434 37.4586 52.5476
17831.0000 0.0761 73.1321 50.0000 34.4841 37.4201 52.5251
17832.0000 0.0721 73.2807 50.0000 35.1500 37.2407 52.4182
17833.0000 0.0707 73.0395 50.0000 34.9835 37.3142 52.1399
17834.0000 0.0693 73.0709 50.0000 35.2241 37.2209 52.0886
17835.0000 0.0698 73.0197 50.0000 35.2063 37.1459 52.0824
17836.0000 0.0667 73.1460 50.0000 35.4220 37.3423 51.9729
17837.0000 0.0645 73.3946 50.0000 35.5465 37.6831 51.9924
17838.0000 0.0644 73.1213 50.0000 35.4354 37.5273 51.7954
17839.0000 0.0682 73.1723 50.0000 35.1908 37.4662 52.0776
17840.0000 0.0685 73.5773 50.0000 35.3739 37.6530 52.3885
17841.0000 0.0734 73.5892 50.0000 35.1102 37.4805 52.7053
17842.0000 0.0738 73.4368 50.0000 35.3425 37.0451 52.6454
17843.0000 0.0758 73.3778 50.0000 35.1244 37.0216 52.7255
17844.0000 0.0732 73.3776 50.0000 35.3925 36.9872 52.5699
17845.0000 0.0735 73.2716 50.0000 35.2790 36.9694 52.5107
17846.0000 0.0718 73.2459 50.0000 35.3266 37.0522 52.3844
17847.0000 0.0701 73.1733 50.0000 35.3141 37.1593 52.2151
17848.0000 0.0720 73.1938 50.0000 34.9510 37.3756 52.3339
17849.0000 0.0700 73.2037 50.0000 35.2588 37.2508 52.2300
17850.0000 0.0659 73.0276 50.0000 35.1403 37.6026 51.8096
17851.0000 0.0606 73.0860 50.0000 35.7862 37.5076 51.5180
17852.0000 0.0630 73.1301 50.0000 35.7759 37.3208 51.7229
17853.0000 0.0642 73.2619 50.0000 35.6925 37.4253 51.8912
17854.0000 0.0630 73.1451 50.0000 35.6679 37.4529 51.7232
17855.0000 0.0618 73.2420 50.0000 36.0428 37.2796 51.7256
17856.0000 0.0634 73.2486 50.0000 36.0488 37.1245 51.8422
17857.0000 0.0602 73.0928 50.0000 35.9207 37.4106 51.5044
17858.0000 0.0624 72.8954 50.0000 35.8228 37.0981 51.5189
17859.0000 0.0661 73.2122 50.0000 35.7196 37.1613 51.9921
17860.0000 0.0656 73.2875 50.0000 35.6570 37.3455 52.0090
17861.0000 0.0660 73.4265 50.0000 35.9124 37.1876 52.1423
17862.0000 0.0662 73.4551 50.0000 35.9016 37.2104 52.1739
17863.0000 0.0649 73.3655 50.0000 35.9014 37.2445 52.0233
17864.0000 0.0657 73.4448 50.0000 35.7949 37.3559 52.1288
17865.0000 0.0670 73.3183 50.0000 35.6280 37.2720 52.1251
17866.0000 0.0729 73.5612 50.0000 35.6592 36.9199 52.6933
17867.0000 0.0734 73.5316 50.0000 35.5509 36.9594 52.6975
17868.0000 0.0726 73.4649 50.0000 35.9018 36.6037 52.6148
17869.0000 0.0725 73.6453 50.0000 36.0053 36.6955 52.7322
17870.0000 0.0693 73.2771 50.0000 35.9293 36.7028 52.2640
17871.0000 0.0653 73.0291 50.0000 36.0170 36.7420 51.8272
17872.0000 0.0660 72.9989 50.0000 35.9754 36.6877 51.8519
17873.0000 0.0650 72.7955 50.0000 35.5873 36.9800 51.6257
17874.0000 0.0610 73.0235 50.0000 36.0217 37.1576 51.5187
17875.0000 0.0647 73.1433 50.0000 35.7485 37.2000 51.8474
17876.0000 0.0660 73.1408 50.0000 35.7078 37.1084 51.9375
17877.0000 0.0699 73.4292 50.0000 35.6470 37.0848 52.4009
17878.0000 0.0657 73.4563 50.0000 36.0304 37.1223 52.1496
17879.0000 0.0646 73.2814 50.0000 36.0159 37.0675 51.9521
17880.0000 0.0637 73.0439 50.0000 35.8812 37.0599 51.7157
17881.0000 0.0618 73.0202 50.0000 35.9527 37.1418 51.5736
17882.0000 0.0604 72.9458 50.0000 35.9593 37.1991 51.4222
17883.0000 0.0592 72.6608 50.0000 35.6434 37.3648 51.1177
17884.0000 0.0667 73.2264 50.0000 35.7754 37.0588 52.0467
17885.0000 0.0630 72.9109 50.0000 35.9588 36.9107 51.5807
17886.0000 0.0602 72.9477 50.0000 36.1290 37.0474 51.4154
17887.0000 0.0612 72.8251 50.0000 35.9571 36.9998 51.3964
17888.0000 0.0637 72.8524 50.0000 35.9303 36.8141 51.5868
17889.0000 0.0668 72.8445 50.0000 35.7944 36.6409 51.7932
17890.0000 0.0693 72.9288 50.0000 35.3426 36.9521 52.0006
17891.0000 0.0702 72.6190 50.0000 35.2353 36.6666 51.8416
17892.0000 0.0746 72.6549 50.0000 35.3684 36.1598 52.1564
17893.0000 0.0740 72.9740 50.0000 35.2519 36.6516 52.3371
17894.0000 0.0746 73.0717 50.0000 34.9349 37.0283 52.4207
17895.0000 0.0717 73.1009 50.0000 35.0450 37.2126 52.2572
17896.0000 0.0732 72.9746 50.0000 35.1378 36.8468 52.2776
17897.0000 0.0732 72.9159 50.0000 35.1628 36.7616 52.2388
17898.0000 0.0723 73.0585 50.0000 34.9488 37.2147 52.2608
17899.0000 0.0796 73.4017 50.0000 34.6809 37.1654 52.9507
17900.0000 0.0814 73.3580 50.0000 34.4586 37.1886 53.0189
17901.0000 0.0852 73.6646 50.0000 34.2778 37.3379 53.4545
17902.0000 0.0824 73.6915 50.0000 34.4588 37.4268 53.3129
17903.0000 0.0814 73.7131 50.0000 34.6152 37.3803 53.2741
17904.0000 0.0905 73.9967 50.0000 34.3610 37.1098 54.0157
17905.0000 0.0862 73.8641 50.0000 34.6090 37.1036 53.6791
17906.0000 0.0838 73.8570 50.0000 34.3906 37.5390 53.5068
17907.0000 0.0840 74.0574 50.0000 34.5719 37.5297 53.6731
17908.0000 0.0843 74.1146 50.0000 34.5098 37.6240 53.7261
17909.0000 0.0837 74.1496 50.0000 34.5358 37.6919 53.7101
17910.0000 0.0871 74.3999 50.0000 34.7539 37.4007 54.1174
17911.0000 0.0864 74.1696 50.0000 34.4249 37.5809 53.8862
17912.0000 0.0850 74.0857 50.0000 34.2686 37.7942 53.7211
17913.0000 0.0814 74.0540 50.0000 34.0399 38.3419 53.4339
17914.0000 0.0880 74.5304 50.0000 33.8923 38.3671 54.1669
17915.0000 0.0842 74.3388 50.0000 33.6834 38.7551 53.7562
17916.0000 0.0848 74.0913 50.0000 34.0421 38.0588 53.6861
17917.0000 0.0908 74.1130 50.0000 33.8859 37.7008 54.0660
17918.0000 0.0921 74.1723 50.0000 34.1174 37.4039 54.2077
17919.0000 0.0923 74.1606 50.0000 34.1650 37.3262 54.2153
17920.0000 0.0978 74.4751 50.0000 33.7970 37.5379 54.7285
17921.0000 0.0962 74.4370 50.0000 33.8201 37.6219 54.6046
17922.0000 0.0929 74.4388 50.0000 33.7194 38.0199 54.3932
17923.0000 0.0862 74.4775 50.0000 34.0328 38.3305 54.0319
17924.0000 0.0895 74.3301 50.0000 33.8624 38.0649 54.1235
17925.0000 0.0922 74.5041 50.0000 33.5896 38.2883 54.3747
17926.0000 0.0900 74.1159 50.0000 33.4750 38.2202 53.9611
17927.0000 0.0862 73.8625 50.0000 33.3915 38.4025 53.5343
17928.0000 0.0881 73.8549 50.0000 33.2779 38.3377 53.6409
17929.0000 0.0907 74.0506 50.0000 33.1724 38.4165 53.9190
17930.0000 0.0879 74.0126 50.0000 33.4873 38.2893 53.7624
17931.0000 0.0817 73.7116 50.0000 33.7011 38.3293 53.1836
17932.0000 0.0831 73.6373 50.0000 33.7496 38.0685 53.2372
17933.0000 0.0840 73.4883 50.0000 33.4603 38.1518 53.1544
17934.0000 0.0862 73.2784 50.0000 33.1803 38.0420 53.1186
17935.0000 0.0843 73.1989 50.0000 33.3094 37.9896 52.9656
17936.0000 0.0880 73.4516 50.0000 33.2357 37.9941 53.3570
17937.0000 0.0926 73.5826 50.0000 32.8208 38.1610 53.6744
17938.0000 0.0865 73.3438 50.0000 33.0457 38.2300 53.1579
17939.0000 0.0912 73.5528 50.0000 32.8211 38.2506 53.5694
17940.0000 0.0906 73.7823 50.0000 33.0317 38.3078 53.7145
17941.0000 0.0874 73.3984 50.0000 32.9460 38.3119 53.2362
17942.0000 0.0923 73.6285 50.0000 32.6554 38.4151 53.6570
17943.0000 0.0910 73.1886 50.0000 32.4342 38.3312 53.2477
17944.0000 0.0937 73.1319 50.0000 31.7938 38.7397 53.2603
17945.0000 0.0885 73.0723 50.0000 32.1769 38.7328 52.9526
17946.0000 0.0891 73.2257 50.0000 32.3958 38.5840 53.1393
17947.0000 0.0855 73.1597 50.0000 32.3077 38.9581 52.8282
17948.0000 0.0882 73.4068 50.0000 32.4207 38.8263 53.1975
17949.0000 0.0878 73.3105 50.0000 32.4935 38.6813 53.1259
17950.0000 0.0860 73.0979 50.0000 32.5866 38.5307 52.8848
17951.0000 0.0796 73.1147 50.0000 33.0258 38.6704 52.5325
17952.0000 0.0797 73.2369 50.0000 33.1121 38.6868 52.6362
17953.0000 0.0787 73.4536 50.0000 33.1371 38.9796 52.7063
17954.0000 0.0811 73.3535 50.0000 32.9070 38.9021 52.7683
17955.0000 0.0778 73.3769 50.0000 33.0789 39.0610 52.5756
17956.0000 0.0813 73.4130 50.0000 32.8524 39.0026 52.8108
17957.0000 0.0819 73.5747 50.0000 32.9374 39.0159 52.9729
17958.0000 0.0810 73.6497 50.0000 32.8068 39.3390 52.9192
17959.0000 0.0847 73.9412 50.0000 32.8094 39.2705 53.3729
17960.0000 0.0778 73.6009 50.0000 33.3079 39.0313 52.7658
17961.0000 0.0750 73.6334 50.0000 33.6231 38.9873 52.6437
17962.0000 0.0751 73.9342 50.0000 33.6657 39.2477 52.8441
17963.0000 0.0748 74.0114 50.0000 33.4668 39.5877 52.8250
17964.0000 0.0700 73.7712 50.0000 33.6448 39.6248 52.3459
17965.0000 0.0676 73.7768 50.0000 33.7998 39.7030 52.1945
17966.0000 0.0709 73.9126 50.0000 33.5874 39.7520 52.4856
17967.0000 0.0679 73.7464 50.0000 33.4439 40.0678 52.1019
17968.0000 0.0733 73.8242 50.0000 33.1003 39.9709 52.5044
17969.0000 0.0745 73.9314 50.0000 33.2526 39.7754 52.7069
17970.0000 0.0803 74.0227 50.0000 33.1560 39.3957 53.1791
17971.0000 0.0743 73.9081 50.0000 33.3129 39.7079 52.6872
17972.0000 0.0729 73.8032 50.0000 33.4523 39.5828 52.5457
17973.0000 0.0733 73.6736 50.0000 33.4173 39.4434 52.4910
17974.0000 0.0714 73.8630 50.0000 33.8470 39.3386 52.5604
17975.0000 0.0708 73.9041 50.0000 33.6651 39.6586 52.4945
17976.0000 0.0700 73.9076 50.0000 33.6611 39.7564 52.4280
17977.0000 0.0755 74.1705 50.0000 33.6443 39.4756 53.0189
17978.0000 0.0655 74.0702 50.0000 33.9611 40.0647 52.2290
17979.0000 0.0666 73.8609 50.0000 34.0779 39.5862 52.2213
17980.0000 0.0646 73.9103 50.0000 33.9373 40.0163 52.0546
17981.0000 0.0697 73.9967 50.0000 33.6640 39.8765 52.4605
17982.0000 0.0669 73.6621 50.0000 33.8075 39.6538 52.0647
17983.0000 0.0606 73.4550 50.0000 33.9255 39.9872 51.4366
17984.0000 0.0645 73.6036 50.0000 33.9421 39.6972 51.8609
17985.0000 0.0688 73.5790 50.0000 33.8533 39.3083 52.1793
17986.0000 0.0643 73.3699 50.0000 34.0462 39.3383 51.7348
17987.0000 0.0636 73.4567 50.0000 34.0930 39.4607 51.7341
17988.0000 0.0627 73.5344 50.0000 34.5735 39.0810 51.8137
17989.0000 0.0692 73.4812 50.0000 33.9977 38.9930 52.1842
17990.0000 0.0666 73.6067 50.0000 34.4966 38.8303 52.1549
17991.0000 0.0651 73.4764 50.0000 34.3683 38.9984 51.9300
17992.0000 0.0667 73.4843 50.0000 34.2636 38.9580 52.0406
17993.0000 0.0657 73.4068 50.0000 34.5247 38.6820 51.9644
17994.0000 0.0644 73.3957 50.0000 34.3640 38.9895 51.8254
17995.0000 0.0616 73.3395 50.0000 34.6188 38.9407 51.6124
17996.0000 0.0613 73.2286 50.0000 34.7167 38.7459 51.5358
17997.0000 0.0582 73.2036 50.0000 34.9373 38.8059 51.3055
17998.0000 0.0608 73.2477 50.0000 34.5985 38.9556 51.4843
17999.0000 0.0559 73.1471 50.0000 34.9905 38.9356 51.0899
18000.0000 0.0555 73.2595 50.0000 34.9565 39.1494 51.1109
18001.0000 0.0548 73.4017 50.0000 35.3214 38.9611 51.2079
18002.0000 0.0576 73.2609 50.0000 35.0991 38.7481 51.3205
18003.0000 0.0559 73.5358 50.0000 34.9993 39.3523 51.3221
18004.0000 0.0541 73.4992 50.0000 35.0034 39.5088 51.1464
18005.0000 0.0593 73.2238 50.0000 34.8661 38.7851 51.3984
18006.0000 0.0616 73.7870 50.0000 34.9514 39.0447 51.9465
18007.0000 0.0596 73.5541 50.0000 35.0421 38.9073 51.6573
18008.0000 0.0599 73.9051 50.0000 34.8412 39.4811 51.8584
18009.0000 0.0586 73.9231 50.0000 35.1884 39.2532 51.8226
18010.0000 0.0578 73.8494 50.0000 35.1173 39.3365 51.7026
18011.0000 0.0590 73.8734 50.0000 35.2279 39.1015 51.8396
18012.0000 0.0606 73.9676 50.0000 35.1593 39.1084 52.0150
18013.0000 0.0569 73.4421 50.0000 35.1827 38.9262 51.3875
18014.0000 0.0604 73.3797 50.0000 34.8165 38.8881 51.5761
18015.0000 0.0629 73.5925 50.0000 34.8600 38.8053 51.9114
18016.0000 0.0664 73.3881 50.0000 34.4513 38.6794 51.9887
18017.0000 0.0697 73.4217 50.0000 34.4975 38.3218 52.2696
18018.0000 0.0708 73.6804 50.0000 34.5022 38.4727 52.5191
18019.0000 0.0721 74.0326 50.0000 34.6341 38.5718 52.8538
18020.0000 0.0747 74.1774 50.0000 34.5147 38.5925 53.1191
18021.0000 0.0763 74.0725 50.0000 34.3088 38.5537 53.1343
18022.0000 0.0822 74.4493 50.0000 33.8728 38.8452 53.7250
18023.0000 0.0834 74.6606 50.0000 34.1872 38.6026 53.9934
18024.0000 0.0820 74.3756 50.0000 34.2168 38.4181 53.7121
18025.0000 0.0755 74.4944 50.0000 34.5338 38.8137 53.3884
18026.0000 0.0768 74.4604 50.0000 34.5560 38.6350 53.4562
18027.0000 0.0798 74.5248 50.0000 34.3380 38.6469 53.6774
18028.0000 0.0776 74.5087 50.0000 34.4692 38.6982 53.5338
18029.0000 0.0777 74.6511 50.0000 34.9427 38.3166 53.6995
18030.0000 0.0756 74.7238 50.0000 34.8654 38.6808 53.5896
18031.0000 0.0704 74.4650 50.0000 35.1194 38.6510 53.0826
18032.0000 0.0721 74.3739 50.0000 34.8634 38.6699 53.1099
18033.0000 0.0755 74.4046 50.0000 34.6065 38.6445 53.3390
18034.0000 0.0785 74.8981 50.0000 34.7746 38.6795 53.8920
18035.0000 0.0758 74.9875 50.0000 35.2742 38.4896 53.8276
18036.0000 0.0764 74.8415 50.0000 35.2195 38.3395 53.7673
18037.0000 0.0800 75.1423 50.0000 34.9818 38.5606 54.1823
18038.0000 0.0819 75.1596 50.0000 34.8188 38.5728 54.3025
18039.0000 0.0864 75.0410 50.0000 34.6634 38.2003 54.5007
18040.0000 0.0858 75.0496 50.0000 34.4858 38.4535 54.4472
18041.0000 0.0858 75.1203 50.0000 34.6176 38.3818 54.5116
18042.0000 0.0843 74.9889 50.0000 34.4781 38.5384 54.3083
18043.0000 0.0834 75.0265 50.0000 34.7674 38.3505 54.3088
18044.0000 0.0829 75.0971 50.0000 34.6459 38.5987 54.3082
18045.0000 0.0832 74.9129 50.0000 34.8548 38.1609 54.2295
18046.0000 0.0753 74.5602 50.0000 35.0587 38.3362 53.4831
18047.0000 0.0740 74.8431 50.0000 35.4489 38.3330 53.6232
18048.0000 0.0749 74.6977 50.0000 35.0998 38.4677 53.5537
18049.0000 0.0736 74.7836 50.0000 35.2723 38.5026 53.5350
18050.0000 0.0693 74.5999 50.0000 35.2514 38.7646 53.1017
18051.0000 0.0727 74.7705 50.0000 35.0670 38.7923 53.4425
18052.0000 0.0769 75.0465 50.0000 35.2958 38.4239 53.9424
18053.0000 0.0761 75.1821 50.0000 35.3067 38.6252 53.9804
18054.0000 0.0720 75.0720 50.0000 35.5729 38.6296 53.6482
18055.0000 0.0730 75.3072 50.0000 35.3451 39.0186 53.8465
18056.0000 0.0729 75.2150 50.0000 34.9588 39.3547 53.7251
18057.0000 0.0754 75.4049 50.0000 35.3697 38.8559 54.0842
18058.0000 0.0719 75.0770 50.0000 35.5340 38.6846 53.6414
18059.0000 0.0730 75.1951 50.0000 35.3692 38.8748 53.7780
18060.0000 0.0733 75.5179 50.0000 35.5999 38.9263 54.0402
18061.0000 0.0729 74.9689 50.0000 35.5183 38.4964 53.6358
18062.0000 0.0768 75.1641 50.0000 35.2585 38.5933 54.0096
18063.0000 0.0769 74.8570 50.0000 35.0191 38.5252 53.7870
18064.0000 0.0694 74.6394 50.0000 35.6030 38.4095 53.1807
18065.0000 0.0680 74.6719 50.0000 35.7630 38.4094 53.1190
18066.0000 0.0653 74.6795 50.0000 36.2064 38.2243 52.9625
18067.0000 0.0641 74.7232 50.0000 36.3211 38.2725 52.9108
18068.0000 0.0634 74.9590 50.0000 36.6090 38.2766 53.0427
18069.0000 0.0594 74.8169 50.0000 36.7991 38.3507 52.6556
18070.0000 0.0559 74.5479 50.0000 36.8004 38.4424 52.2045
18071.0000 0.0540 74.4101 50.0000 36.6476 38.6661 51.9495
18072.0000 0.0544 74.5905 50.0000 36.7867 38.6579 52.1157
18073.0000 0.0547 74.6687 50.0000 36.8646 38.6301 52.1932
18074.0000 0.0535 74.9740 50.0000 37.0767 38.8533 52.3149
18075.0000 0.0546 75.2802 50.0000 36.6956 39.4590 52.5692
18076.0000 0.0554 75.1086 50.0000 36.9783 38.8839 52.5542
18077.0000 0.0551 74.9330 50.0000 36.8396 38.8874 52.3981
18078.0000 0.0527 74.8500 50.0000 36.8817 39.0186 52.1518
18079.0000 0.0536 75.0011 50.0000 37.0543 38.8962 52.3377
18080.0000 0.0528 74.9902 50.0000 36.8597 39.1767 52.2502
18081.0000 0.0554 75.1642 50.0000 37.2744 38.6349 52.6082
18082.0000 0.0541 75.1554 50.0000 37.1875 38.8593 52.4916
18083.0000 0.0565 75.4576 50.0000 37.2629 38.8279 52.8936
18084.0000 0.0576 75.3280 50.0000 37.2361 38.6079 52.8887
18085.0000 0.0594 75.4369 50.0000 37.3706 38.3905 53.1068
18086.0000 0.0567 75.1801 50.0000 37.5388 38.2397 52.7316
18087.0000 0.0539 74.9432 50.0000 37.3755 38.4662 52.3440
18088.0000 0.0591 74.9823 50.0000 37.4509 37.8718 52.7779
18089.0000 0.0588 74.8221 50.0000 37.1971 37.9987 52.6386
18090.0000 0.0553 74.6375 50.0000 37.1462 38.2303 52.2433
18091.0000 0.0599 74.9610 50.0000 37.1592 38.0717 52.8099
18092.0000 0.0553 74.8577 50.0000 37.3461 38.2565 52.3964
18093.0000 0.0530 74.7020 50.0000 37.5384 38.1432 52.1187
18094.0000 0.0508 74.8024 50.0000 37.3992 38.6302 52.0039
18095.0000 0.0524 74.9391 50.0000 37.4614 38.5364 52.2251
18096.0000 0.0515 74.5272 50.0000 37.0708 38.6086 51.8598
18097.0000 0.0559 74.6481 50.0000 36.9829 38.3563 52.2819
18098.0000 0.0605 74.7067 50.0000 36.5408 38.3875 52.6523
18099.0000 0.0631 74.8891 50.0000 36.3491 38.5084 52.9549
18100.0000 0.0633 74.7730 50.0000 36.1486 38.5876 52.8704
18101.0000 0.0622 74.7050 50.0000 36.1555 38.6215 52.7446
18102.0000 0.0577 74.5989 50.0000 36.3352 38.7986 52.3394
18103.0000 0.0633 74.7310 50.0000 36.3112 38.3720 52.8565
18104.0000 0.0654 74.6552 50.0000 35.6099 38.8289 52.8929
18105.0000 0.0619 74.6324 50.0000 35.9283 38.8246 52.6480
18106.0000 0.0633 74.5913 50.0000 35.8979 38.6613 52.7305
18107.0000 0.0661 74.9432 50.0000 35.7687 38.8758 53.1579
18108.0000 0.0658 74.3715 50.0000 35.5047 38.6033 52.7287
18109.0000 0.0636 74.6317 50.0000 35.5232 39.0807 52.7323
18110.0000 0.0640 74.5479 50.0000 35.5717 38.8997 52.7149
18111.0000 0.0625 74.3188 50.0000 35.2806 39.1450 52.4045
18112.0000 0.0590 74.0853 50.0000 35.5123 39.0168 52.0115
18113.0000 0.0610 74.4188 50.0000 35.5685 39.0887 52.3938
18114.0000 0.0604 74.1326 50.0000 35.4745 38.9543 52.1515
18115.0000 0.0577 74.4800 50.0000 35.9956 39.0419 52.2237
18116.0000 0.0576 74.6353 50.0000 35.9034 39.3158 52.3034
18117.0000 0.0601 74.6776 50.0000 35.5763 39.4474 52.4878
18118.0000 0.0590 74.6011 50.0000 35.6435 39.4193 52.3543
18119.0000 0.0564 74.7355 50.0000 35.8835 39.5807 52.2604
18120.0000 0.0591 74.7133 50.0000 35.5397 39.6375 52.4202
18121.0000 0.0596 74.4625 50.0000 35.3087 39.5801 52.2625
18122.0000 0.0594 74.3389 50.0000 35.2947 39.4888 52.1650
18123.0000 0.0509 74.5538 50.0000 35.9445 39.9473 51.6766
18124.0000 0.0564 74.4101 50.0000 35.6498 39.4926 52.0221
18125.0000 0.0586 74.5341 50.0000 35.1319 39.9699 52.1870
18126.0000 0.0568 74.3277 50.0000 35.3661 39.6773 51.9573
18127.0000 0.0549 74.5558 50.0000 36.0874 39.3232 52.0572
18128.0000 0.0541 74.4794 50.0000 35.8926 39.5592 51.9034
18129.0000 0.0517 74.7043 50.0000 36.2655 39.6601 51.8905
18130.0000 0.0563 74.8668 50.0000 36.1430 39.4361 52.3785
18131.0000 0.0551 74.5517 50.0000 36.3455 39.0202 52.0998
18132.0000 0.0550 74.7185 50.0000 36.3167 39.2393 52.1942
18133.0000 0.0573 74.8773 50.0000 36.1730 39.3114 52.4665
18134.0000 0.0519 74.7890 50.0000 36.2044 39.7925 51.9539
18135.0000 0.0546 75.2992 50.0000 36.4939 39.6988 52.5564
18136.0000 0.0574 75.4966 50.0000 36.6610 39.4171 52.9340
18137.0000 0.0587 75.3886 50.0000 36.2996 39.5584 52.9237
18138.0000 0.0564 75.2162 50.0000 36.5194 39.3879 52.6537
18139.0000 0.0528 75.0251 50.0000 36.6412 39.4559 52.2439
18140.0000 0.0561 75.0468 50.0000 36.4489 39.3140 52.5158
18141.0000 0.0505 74.8852 50.0000 36.3779 39.8590 51.9202
18142.0000 0.0512 74.9862 50.0000 36.5951 39.6449 52.0770
18143.0000 0.0478 74.8861 50.0000 36.6138 39.9271 51.7028
18144.0000 0.0503 75.1778 50.0000 37.1209 39.3736 52.1868
18145.0000 0.0547 75.1335 50.0000 36.7157 39.2712 52.4860
18146.0000 0.0551 75.1512 50.0000 36.8599 39.0916 52.5443
18147.0000 0.0579 74.9077 50.0000 36.8396 38.5534 52.6083
18148.0000 0.0582 75.0428 50.0000 36.7838 38.7212 52.7166
18149.0000 0.0574 74.8665 50.0000 36.7198 38.6968 52.5281
18150.0000 0.0580 75.0431 50.0000 36.9096 38.6073 52.7126
18151.0000 0.0568 75.0952 50.0000 37.1343 38.5546 52.6677
18152.0000 0.0541 74.7848 50.0000 37.2251 38.4351 52.2476
18153.0000 0.0502 74.9288 50.0000 37.3968 38.8315 52.0377
18154.0000 0.0482 74.7424 50.0000 37.3584 38.9030 51.7429
18155.0000 0.0514 74.4685 50.0000 36.8891 38.7587 51.7931
18156.0000 0.0501 74.3654 50.0000 37.2298 38.4374 51.6403
18157.0000 0.0520 74.4719 50.0000 36.9306 38.6493 51.8500
18158.0000 0.0495 74.4287 50.0000 37.3009 38.4886 51.6421
18159.0000 0.0504 74.3592 50.0000 36.8296 38.8220 51.6306
18160.0000 0.0509 74.6921 50.0000 36.8201 39.1271 51.8870
18161.0000 0.0502 74.9638 50.0000 37.2211 39.0544 52.0471
18162.0000 0.0478 74.5590 50.0000 37.0623 39.0813 51.5566
18163.0000 0.0441 74.9211 50.0000 37.3008 39.6442 51.4796
18164.0000 0.0466 74.8108 50.0000 37.5181 38.9919 51.6593
18165.0000 0.0539 74.7392 50.0000 36.5649 39.1136 52.1448
18166.0000 0.0534 74.6320 50.0000 36.3897 39.2433 52.0163
18167.0000 0.0543 74.6313 50.0000 36.7809 38.7236 52.1295
18168.0000 0.0519 74.7108 50.0000 36.8749 38.9724 51.9913
18169.0000 0.0557 74.5222 50.0000 36.5575 38.6928 52.1534
18170.0000 0.0554 74.6303 50.0000 36.5925 38.7985 52.2049
18171.0000 0.0533 74.7332 50.0000 36.9167 38.7942 52.1269
18172.0000 0.0544 74.9445 50.0000 36.9748 38.8290 52.3627
18173.0000 0.0541 74.6128 50.0000 36.6861 38.8204 52.0977
18174.0000 0.0563 74.4741 50.0000 36.7296 38.3903 52.1872
18175.0000 0.0552 74.8331 50.0000 36.7790 38.8368 52.3355
18176.0000 0.0557 74.5640 50.0000 36.4966 38.7992 52.1767
18177.0000 0.0533 74.5748 50.0000 36.4257 39.1567 51.9742
18178.0000 0.0545 74.5729 50.0000 36.3053 39.1560 52.0562
18179.0000 0.0512 74.1941 50.0000 36.4648 38.9439 51.5601
18180.0000 0.0472 74.0800 50.0000 36.8534 38.8694 51.1746
18181.0000 0.0527 74.1903 50.0000 36.4461 38.7896 51.6841
18182.0000 0.0504 74.1343 50.0000 36.4417 39.0020 51.4465
18183.0000 0.0505 74.0682 50.0000 36.5083 38.8455 51.4225
18184.0000 0.0473 74.4012 50.0000 36.5622 39.5117 51.3573
18185.0000 0.0456 74.2833 50.0000 36.6373 39.5135 51.1312
18186.0000 0.0429 74.1231 50.0000 36.7464 39.5440 50.7956
18187.0000 0.0435 74.0607 50.0000 36.5877 39.5891 50.7842
18188.0000 0.0397 74.1206 50.0000 37.2593 39.3781 50.5468
18189.0000 0.0447 74.1110 50.0000 37.0370 38.9955 50.9907
18190.0000 0.0400 73.8039 50.0000 37.0276 39.2568 50.3475
18191.0000 0.0410 73.8824 50.0000 36.9507 39.2928 50.4909
18192.0000 0.0368 73.9319 50.0000 37.3432 39.4504 50.1506
18193.0000 0.0393 73.8749 50.0000 37.0488 39.4001 50.3241
18194.0000 0.0391 74.0281 50.0000 37.0383 39.6010 50.3993
18195.0000 0.0388 74.2305 50.0000 37.0682 39.8268 50.4969
18196.0000 0.0356 74.2668 50.0000 37.2791 40.0639 50.2066
18197.0000 0.0385 74.5140 50.0000 37.6969 39.4801 50.7209
18198.0000 0.0381 74.1870 50.0000 37.2205 39.6957 50.4242
18199.0000 0.0377 74.2780 50.0000 37.3288 39.7294 50.4515
18200.0000 0.0337 74.2005 50.0000 37.5116 39.9830 49.9995
18201.0000 0.0398 74.5033 50.0000 37.1486 39.9063 50.7761
18202.0000 0.0378 74.4537 50.0000 37.2354 40.0240 50.5467
18203.0000 0.0378 74.5103 50.0000 37.1246 40.2093 50.5645
18204.0000 0.0351 74.3206 50.0000 37.5160 39.9159 50.2277
18205.0000 0.0360 74.4411 50.0000 37.6577 39.7665 50.4182
18206.0000 0.0391 74.0450 50.0000 36.9939 39.6649 50.4064
18207.0000 0.0417 73.9615 50.0000 36.9270 39.3151 50.6066
18208.0000 0.0388 73.8609 50.0000 37.2242 39.2540 50.2884
18209.0000 0.0450 74.1950 50.0000 37.3246 38.7369 51.1002
18210.0000 0.0458 74.4106 50.0000 36.8794 39.3520 51.2666
18211.0000 0.0463 74.2534 50.0000 37.0761 38.9121 51.2326
18212.0000 0.0477 73.9502 50.0000 36.4359 39.1183 51.0962
18213.0000 0.0488 74.1366 50.0000 36.7079 38.8935 51.3426
18214.0000 0.0419 73.8767 50.0000 37.1759 38.9309 50.5975
18215.0000 0.0463 74.0113 50.0000 37.0948 38.6415 51.0733
18216.0000 0.0439 73.8097 50.0000 37.0416 38.7678 50.7232
18217.0000 0.0486 73.9399 50.0000 36.6886 38.7359 51.1917
18218.0000 0.0450 73.9488 50.0000 36.6919 39.1661 50.8738
18219.0000 0.0482 74.2679 50.0000 37.0348 38.7568 51.4010
18220.0000 0.0451 74.1453 50.0000 37.2694 38.7399 51.0660
18221.0000 0.0455 73.8582 50.0000 37.0596 38.6033 50.9058
18222.0000 0.0501 73.6167 50.0000 36.5813 38.3405 51.1003
18223.0000 0.0524 73.7108 50.0000 36.6588 38.0968 51.3619
18224.0000 0.0526 73.9891 50.0000 36.6084 38.4249 51.5534
18225.0000 0.0530 73.9515 50.0000 36.5474 38.4030 51.5588
18226.0000 0.0523 73.9277 50.0000 36.5754 38.4233 51.4897
18227.0000 0.0477 74.1966 50.0000 36.9688 38.8098 51.3054
18228.0000 0.0497 74.2591 50.0000 37.1664 38.4362 51.5338
18229.0000 0.0457 73.9408 50.0000 37.3467 38.3738 50.9894
18230.0000 0.0416 74.0066 50.0000 37.1790 39.1010 50.6538
18231.0000 0.0423 74.0700 50.0000 37.7476 38.4820 50.7999
18232.0000 0.0482 74.0218 50.0000 37.2960 38.2212 51.2580
18233.0000 0.0431 73.8998 50.0000 37.7240 38.2381 50.7536
18234.0000 0.0435 73.9150 50.0000 37.3916 38.5477 50.7874
18235.0000 0.0415 73.9927 50.0000 37.4954 38.7593 50.6629
18236.0000 0.0452 74.0609 50.0000 37.3233 38.5799 51.0252
18237.0000 0.0479 74.1432 50.0000 37.1282 38.5540 51.3060
18238.0000 0.0500 74.2191 50.0000 36.8370 38.7123 51.5059
18239.0000 0.0512 74.2054 50.0000 36.8381 38.5522 51.6054
18240.0000 0.0495 74.0381 50.0000 36.8281 38.5799 51.3509
18241.0000 0.0514 74.2429 50.0000 36.5705 38.8657 51.6145
18242.0000 0.0488 74.0790 50.0000 36.7076 38.8383 51.3015
18243.0000 0.0516 74.0686 50.0000 36.5380 38.6845 51.5233
18244.0000 0.0448 74.0140 50.0000 37.0499 38.8671 50.9384
18245.0000 0.0464 74.2709 50.0000 37.0112 38.9956 51.2415
18246.0000 0.0471 73.9813 50.0000 37.1656 38.4431 51.1280
18247.0000 0.0461 73.9688 50.0000 37.2083 38.4962 51.0388
18248.0000 0.0469 73.8132 50.0000 37.1974 38.2491 51.0073
18249.0000 0.0472 73.8711 50.0000 37.1079 38.3742 51.0624
18250.0000 0.0413 73.4878 50.0000 37.3476 38.4079 50.3035
18251.0000 0.0404 73.7955 50.0000 37.6529 38.5260 50.4358
18252.0000 0.0449 73.8598 50.0000 37.2048 38.5301 50.8577
18253.0000 0.0431 73.8064 50.0000 37.4646 38.4124 50.6780
18254.0000 0.0417 73.6541 50.0000 37.6966 38.1743 50.4641
18255.0000 0.0403 73.5595 50.0000 37.5010 38.4509 50.2613
18256.0000 0.0445 73.9877 50.0000 37.4983 38.4011 50.9255
18257.0000 0.0431 73.7359 50.0000 37.5638 38.2324 50.6382
18258.0000 0.0444 73.5036 50.0000 37.4346 37.9757 50.5893
18259.0000 0.0414 73.3220 50.0000 37.5349 38.0290 50.2100
18260.0000 0.0432 73.2319 50.0000 37.1558 38.1123 50.2972
18261.0000 0.0426 73.3361 50.0000 36.8671 38.5994 50.2900
18262.0000 0.0452 73.5191 50.0000 36.7857 38.5744 50.6348
18263.0000 0.0430 73.3697 50.0000 36.8759 38.5746 50.3516
18264.0000 0.0422 73.5163 50.0000 37.2733 38.4125 50.3967
18265.0000 0.0368 73.3269 50.0000 37.3287 38.8198 49.7638
18266.0000 0.0386 73.3936 50.0000 37.2047 38.7932 49.9751
18267.0000 0.0349 73.2822 50.0000 37.5276 38.8034 49.5607
18268.0000 0.0343 73.4974 50.0000 37.6560 38.9694 49.6516
18269.0000 0.0372 73.4378 50.0000 37.5116 38.6927 49.8886
18270.0000 0.0358 73.1755 50.0000 37.6344 38.4534 49.5948
18271.0000 0.0357 73.1717 50.0000 37.8287 38.2622 49.5892
18272.0000 0.0374 73.2266 50.0000 37.5495 38.3926 49.7812
18273.0000 0.0364 73.3468 50.0000 37.6317 38.5622 49.7651
18274.0000 0.0365 73.2283 50.0000 37.4197 38.6548 49.6786
18275.0000 0.0348 73.4337 50.0000 37.4631 39.0414 49.6467
18276.0000 0.0372 73.2110 50.0000 37.5139 38.4423 49.7468
18277.0000 0.0372 73.3226 50.0000 37.5886 38.4801 49.8256
18278.0000 0.0359 73.5982 50.0000 37.9364 38.5797 49.8912
18279.0000 0.0327 73.5600 50.0000 38.2133 38.6651 49.5563
18280.0000 0.0317 73.5667 50.0000 38.2730 38.7484 49.4550
18281.0000 0.0326 73.4722 50.0000 38.0546 38.7472 49.4839
18282.0000 0.0340 73.5741 50.0000 37.7312 39.0082 49.6776
18283.0000 0.0355 73.7295 50.0000 38.0530 38.6454 49.9454
18284.0000 0.0410 73.6603 50.0000 37.4308 38.5412 50.3919
18285.0000 0.0413 73.5467 50.0000 37.5732 38.2409 50.3488
18286.0000 0.0427 73.5138 50.0000 37.5798 38.0298 50.4556
18287.0000 0.0417 73.4330 50.0000 37.6722 37.9716 50.3128
18288.0000 0.0457 73.2851 50.0000 37.1410 37.8931 50.5506
18289.0000 0.0443 73.3245 50.0000 37.2582 37.9789 50.4571
18290.0000 0.0463 73.7129 50.0000 37.4161 37.9910 50.8951
18291.0000 0.0430 73.5097 50.0000 37.6010 37.9650 50.4826
18292.0000 0.0434 73.4801 50.0000 37.4373 38.0660 50.4851
18293.0000 0.0442 73.5681 50.0000 37.3352 38.1653 50.6138
18294.0000 0.0425 73.6893 50.0000 37.5325 38.2859 50.5532
18295.0000 0.0413 73.7169 50.0000 37.6129 38.3775 50.4640
18296.0000 0.0410 73.7186 50.0000 37.7198 38.3049 50.4420
18297.0000 0.0431 73.7356 50.0000 37.4976 38.3011 50.6350
18298.0000 0.0403 73.5426 50.0000 37.4759 38.4498 50.2562
18299.0000 0.0495 72.7639 49.0000 35.6306 38.5379 50.3972
18300.0000 0.0382 73.9747 50.0000 37.7250 38.9142 50.3465
18301.0000 0.0384 73.4877 50.0000 37.4698 38.6351 50.0379
18302.0000 0.0380 73.7367 50.0000 37.0628 39.3951 50.1146
18303.0000 0.0378 73.8973 50.0000 36.9044 39.7773 50.1661
18304.0000 0.0366 73.8971 50.0000 36.9713 39.8640 50.0477
18305.0000 0.0489 72.4032 49.0000 35.5877 38.2630 50.1167
18306.0000 0.0381 73.8767 50.0000 36.6356 40.0332 50.1292
18307.0000 0.0382 73.8196 50.0000 36.4813 40.1343 50.0768
18308.0000 0.0406 73.8591 50.0000 36.2875 40.0797 50.3190
18309.0000 0.0394 73.8809 50.0000 36.4552 40.0732 50.2349
18310.0000 0.0370 73.8270 50.0000 36.7846 39.9474 50.0152
18311.0000 0.0374 73.8479 50.0000 36.7914 39.9101 50.0709
18312.0000 0.0367 73.4734 50.0000 36.5361 39.8796 49.7300
18313.0000 0.0372 73.6058 50.0000 36.4933 40.0099 49.8524
18314.0000 0.0382 73.5806 50.0000 36.5012 39.8382 49.9468
18315.0000 0.0365 73.7055 50.0000 36.6688 40.0171 49.8651
18316.0000 0.0397 73.6753 50.0000 36.5897 39.6427 50.1767
18317.0000 0.0382 73.3557 50.0000 37.0600 38.9604 49.8969
18318.0000 0.0396 73.5341 50.0000 37.1544 38.8671 50.1614
18319.0000 0.0382 73.3474 50.0000 37.2274 38.7662 49.9114
18320.0000 0.0380 73.4344 50.0000 36.9587 39.1805 49.9154
18321.0000 0.0400 73.2627 50.0000 36.6173 39.1219 49.9607
18322.0000 0.0431 73.4849 50.0000 36.7483 38.8306 50.4161
18323.0000 0.0443 73.0754 50.0000 36.9252 38.0626 50.2771
18324.0000 0.0403 73.0504 50.0000 37.3935 38.0237 49.9228
18325.0000 0.0401 72.8898 50.0000 37.2255 38.0457 49.7966
18326.0000 0.0437 72.9909 50.0000 36.9489 38.0204 50.1687
18327.0000 0.0381 72.7637 50.0000 37.2742 38.1113 49.5250
18328.0000 0.0420 72.6869 50.0000 36.9363 37.9084 49.8201
18329.0000 0.0403 72.7691 50.0000 37.2791 37.8467 49.7317
18330.0000 0.0397 72.6481 50.0000 37.0939 37.9824 49.5896
18331.0000 0.0387 72.8086 50.0000 37.5742 37.7733 49.6231
18332.0000 0.0428 72.7592 50.0000 37.1865 37.6384 49.9441
18333.0000 0.0410 72.6735 50.0000 37.2995 37.6467 49.7283
18334.0000 0.0458 72.8511 50.0000 37.1201 37.4603 50.2604
18335.0000 0.0439 72.5846 50.0000 37.1598 37.3630 49.9168
18336.0000 0.0441 72.4407 50.0000 36.9753 37.3765 49.8345
18337.0000 0.0485 72.5017 50.0000 36.6297 37.3004 50.2338
18338.0000 0.0454 72.5177 50.0000 36.6947 37.5905 49.9927
18339.0000 0.0461 72.7770 50.0000 36.6844 37.7957 50.2218
18340.0000 0.0471 72.9109 50.0000 36.4135 38.1057 50.3787
18341.0000 0.0463 72.7609 50.0000 36.4053 38.0547 50.2060
18342.0000 0.0465 72.8496 50.0000 36.6161 37.9010 50.2974
18343.0000 0.0477 72.7839 50.0000 36.5055 37.8071 50.3534
18344.0000 0.0479 72.5709 50.0000 36.4887 37.5842 50.2249
18345.0000 0.0472 72.8207 50.0000 36.9167 37.4781 50.3528
18346.0000 0.0453 72.8856 50.0000 36.6891 38.0025 50.2198
18347.0000 0.0483 72.8843 50.0000 36.3072 38.0557 50.4547
18348.0000 0.0517 73.1550 50.0000 36.1679 38.1133 50.9010
18349.0000 0.0498 72.9524 50.0000 36.4695 37.7905 50.6351
18350.0000 0.0470 72.8730 50.0000 36.5128 37.9748 50.3507
18351.0000 0.0489 73.0605 50.0000 36.3080 38.1769 50.6170
18352.0000 0.0446 72.9096 50.0000 36.8121 37.9780 50.1831
18353.0000 0.0466 72.9129 50.0000 36.4061 38.1734 50.3356
18354.0000 0.0449 72.7693 50.0000 36.5917 38.0222 50.1071
18355.0000 0.0457 72.5123 50.0000 36.6555 37.5904 50.0137
18356.0000 0.0441 72.4255 50.0000 36.6955 37.6472 49.8154
18357.0000 0.0443 72.3231 50.0000 36.3940 37.8292 49.7500
18358.0000 0.0447 72.2588 50.0000 36.6654 37.4357 49.7549
18359.0000 0.0426 72.1690 50.0000 36.4739 37.7854 49.5003
18360.0000 0.0439 72.4270 50.0000 36.2463 38.1491 49.7646
18361.0000 0.0433 72.2756 50.0000 36.0804 38.2335 49.6001
18362.0000 0.0451 72.5023 50.0000 35.9736 38.3884 49.8880
18363.0000 0.0466 72.5468 50.0000 36.1730 38.0351 50.0787
18364.0000 0.0493 72.6768 50.0000 36.0015 38.0595 50.3715
18365.0000 0.0461 72.6294 50.0000 36.0586 38.3140 50.0683
18366.0000 0.0460 72.5293 50.0000 36.0024 38.2797 49.9899
18367.0000 0.0471 72.4965 50.0000 36.0857 38.0273 50.0749
18368.0000 0.0461 72.5483 50.0000 36.0287 38.2511 50.0204
18369.0000 0.0481 72.6246 50.0000 35.8568 38.2962 50.2199
18370.0000 0.0498 72.8341 50.0000 35.9756 38.1951 50.5144
18371.0000 0.0464 72.5250 50.0000 36.0394 38.1882 50.0270
18372.0000 0.0476 72.5737 50.0000 35.8140 38.3410 50.1424
18373.0000 0.0443 72.5090 50.0000 36.0696 38.3839 49.8318
18374.0000 0.0455 72.2325 50.0000 35.9539 38.0683 49.7560
18375.0000 0.0456 72.2636 50.0000 35.9596 38.0898 49.7806
18376.0000 0.0456 72.4338 50.0000 35.8956 38.3420 49.8804
18377.0000 0.0428 72.4775 50.0000 35.9870 38.6182 49.6644
18378.0000 0.0430 72.5182 50.0000 35.9192 38.7105 49.7011
18379.0000 0.0421 72.6056 50.0000 36.0852 38.7357 49.6888
18380.0000 0.0430 72.8027 50.0000 35.9719 38.9669 49.8782
18381.0000 0.0400 72.6857 50.0000 36.1213 39.0387 49.5424
18382.0000 0.0398 72.3892 50.0000 36.2255 38.6251 49.3560
18383.0000 0.0364 72.1942 50.0000 36.3926 38.6587 48.9191
18384.0000 0.0395 72.1536 50.0000 36.1978 38.4317 49.1820
18385.0000 0.0431 72.4767 50.0000 35.6146 39.0057 49.6289
18386.0000 0.0402 72.4029 50.0000 35.9437 38.9054 49.3620
18387.0000 0.0416 72.5849 50.0000 35.9742 38.9032 49.6080
18388.0000 0.0435 72.3442 50.0000 35.5442 38.8841 49.5814
18389.0000 0.0429 72.3788 50.0000 35.5996 38.9422 49.5466
18390.0000 0.0417 72.4039 50.0000 35.5249 39.2030 49.4311
18391.0000 0.0446 72.4192 50.0000 35.5183 38.8635 49.7254
18392.0000 0.0445 72.1323 50.0000 35.3344 38.7722 49.5103
18393.0000 0.0431 72.3129 50.0000 35.6252 38.8129 49.5335
18394.0000 0.0475 72.4157 50.0000 35.4770 38.5586 49.9864
18395.0000 0.0511 72.5833 50.0000 35.5796 38.2167 50.4173
18396.0000 0.0462 72.3273 50.0000 35.3232 38.7932 49.7855
18397.0000 0.0439 72.3837 50.0000 35.5886 38.8343 49.6462
18398.0000 0.0436 72.3241 50.0000 35.9209 38.4236 49.6396
18399.0000 0.0429 72.4251 50.0000 36.0590 38.4714 49.6498
18400.0000 0.0415 72.2882 50.0000 36.5293 37.9784 49.4858
18401.0000 0.0441 72.3373 50.0000 36.0785 38.2077 49.7112
18402.0000 0.0421 72.2254 50.0000 36.1750 38.2252 49.4643
18403.0000 0.0401 72.1027 50.0000 36.3754 38.1186 49.2200
18404.0000 0.0385 72.1293 50.0000 36.4509 38.2590 49.0940
18405.0000 0.0427 72.2996 50.0000 36.2237 38.1715 49.5784
18406.0000 0.0444 72.3337 50.0000 35.9364 38.3253 49.7184
18407.0000 0.0437 72.3919 50.0000 36.0661 38.3341 49.7023
18408.0000 0.0449 72.1766 50.0000 35.9726 38.0557 49.6709
18409.0000 0.0420 72.1484 50.0000 36.2084 38.1104 49.4159
18410.0000 0.0397 72.2185 50.0000 36.1830 38.4993 49.2352
18411.0000 0.0432 72.0296 50.0000 36.0606 38.0031 49.4334
18412.0000 0.0419 72.1245 50.0000 36.3145 37.9880 49.3974
18413.0000 0.0398 72.1489 50.0000 36.3068 38.2732 49.2182
18414.0000 0.0400 71.9970 50.0000 36.3318 38.0658 49.1381
18415.0000 0.0412 72.2877 50.0000 36.3080 38.2481 49.4400
18416.0000 0.0428 72.3260 50.0000 36.1850 38.2311 49.5992
18417.0000 0.0429 72.4947 50.0000 36.5577 37.9996 49.7498
18418.0000 0.0436 72.6241 50.0000 36.5955 38.0156 49.8983
18419.0000 0.0476 72.7033 50.0000 36.1481 38.1178 50.2604
18420.0000 0.0491 72.9876 50.0000 36.0816 38.3163 50.5683
18421.0000 0.0464 72.5580 50.0000 36.0232 38.2389 50.0477
18422.0000 0.0458 72.2009 50.0000 36.0628 37.8788 49.7759
18423.0000 0.0492 72.2549 50.0000 35.5955 38.0638 50.0488
18424.0000 0.0482 72.2911 50.0000 35.8274 37.9604 50.0140
18425.0000 0.0461 72.2286 50.0000 35.9988 37.9459 49.8113
18426.0000 0.0479 72.4259 50.0000 35.5877 38.4065 50.0397
18427.0000 0.0476 72.0293 50.0000 35.5820 38.0113 49.7723
18428.0000 0.0449 72.0735 50.0000 35.6694 38.2776 49.5692
18429.0000 0.0457 71.8360 50.0000 35.6188 37.9839 49.4868
18430.0000 0.0454 72.2265 50.0000 35.6041 38.4607 49.6970
18431.0000 0.0453 72.0067 50.0000 35.4546 38.3965 49.5343
18432.0000 0.0498 71.9954 50.0000 35.1714 38.1870 49.8805
18433.0000 0.0537 72.2585 50.0000 35.0097 38.2044 50.3590
18434.0000 0.0470 71.9964 50.0000 35.1929 38.4809 49.6403
18435.0000 0.0503 72.2026 50.0000 35.1600 38.3659 50.0505
18436.0000 0.0496 72.4139 50.0000 35.4817 38.3080 50.1729
18437.0000 0.0473 72.5029 50.0000 35.8967 38.2086 50.0819
18438.0000 0.0472 72.4527 50.0000 35.7368 38.3469 50.0179
18439.0000 0.0449 72.4424 50.0000 35.8204 38.5174 49.8117
18440.0000 0.0441 72.3273 50.0000 35.9595 38.3349 49.6849
18441.0000 0.0465 72.2195 50.0000 35.7845 38.1285 49.8130
18442.0000 0.0448 72.0886 50.0000 35.8203 38.1472 49.5829
18443.0000 0.0480 72.0883 50.0000 35.7769 37.8207 49.8632
18444.0000 0.0492 71.9871 50.0000 35.7463 37.6164 49.8935
18445.0000 0.0446 71.9527 50.0000 35.8974 37.9394 49.4891
18446.0000 0.0459 71.9352 50.0000 35.9636 37.7004 49.5982
18447.0000 0.0432 71.7560 50.0000 35.8449 37.9486 49.2339
18448.0000 0.0424 71.6585 50.0000 35.8678 37.9071 49.1069
18449.0000 0.0453 71.7320 50.0000 35.6649 37.8771 49.3844
18450.0000 0.0448 71.7203 50.0000 35.6256 37.9562 49.3351
18451.0000 0.0454 71.9810 50.0000 35.8324 37.9445 49.5734
18452.0000 0.0461 72.1151 50.0000 35.8085 38.0350 49.7159
18453.0000 0.0435 71.7302 50.0000 35.7509 37.9858 49.2359
18454.0000 0.0444 71.8435 50.0000 35.9105 37.8318 49.4033
18455.0000 0.0412 71.6896 50.0000 36.2162 37.7103 49.0481
18456.0000 0.0424 71.8465 50.0000 35.9413 38.0299 49.2328
18457.0000 0.0413 72.1414 50.0000 36.1015 38.3112 49.3287
18458.0000 0.0417 72.0215 50.0000 35.5976 38.6927 49.2217
18459.0000 0.0451 72.1043 50.0000 35.5261 38.4559 49.5790
18460.0000 0.0407 72.0115 50.0000 35.8924 38.4760 49.1629
18461.0000 0.0421 71.7250 50.0000 36.0975 37.7658 49.1446
18462.0000 0.0503 72.2852 50.0000 35.6429 37.9194 50.1683
18463.0000 0.0469 72.1501 50.0000 35.8706 37.9129 49.8152
18464.0000 0.0460 72.4376 50.0000 36.1208 38.0529 49.9448
18465.0000 0.0433 72.3431 50.0000 35.8276 38.5841 49.6102
18466.0000 0.0447 72.2663 50.0000 35.6479 38.5421 49.6603
18467.0000 0.0477 72.4985 50.0000 35.5549 38.5429 50.0632
18468.0000 0.0456 72.1859 50.0000 35.7597 38.2252 49.7079
18469.0000 0.0463 72.0585 50.0000 35.3176 38.4970 49.6293
18470.0000 0.0513 72.3746 50.0000 35.3384 38.2332 50.2744
18471.0000 0.0504 72.3174 50.0000 35.6116 37.9802 50.1909
18472.0000 0.0482 72.3426 50.0000 35.5476 38.3187 50.0151
18473.0000 0.0519 72.8620 50.0000 35.4618 38.5548 50.6444
18474.0000 0.0494 72.7326 50.0000 35.4447 38.7163 50.3463
18475.0000 0.0517 72.6637 50.0000 35.4178 38.4120 50.4986
18476.0000 0.0535 72.8386 50.0000 35.4921 38.3186 50.7687
18477.0000 0.0494 72.6010 50.0000 35.7837 38.1958 50.3141
18478.0000 0.0502 72.3920 50.0000 35.4861 38.2165 50.2079
18479.0000 0.0514 72.3806 50.0000 35.4167 38.1495 50.2913
18480.0000 0.0497 72.4264 50.0000 35.5167 38.2755 50.1909
18481.0000 0.0518 72.3456 50.0000 35.1798 38.3266 50.2727
18482.0000 0.0516 72.3572 50.0000 35.2891 38.2426 50.2767
18483.0000 0.0520 72.4268 50.0000 35.2555 38.3001 50.3566
18484.0000 0.0524 72.6176 50.0000 35.4520 38.2461 50.5342
18485.0000 0.0521 72.4121 50.0000 35.4562 38.0541 50.3811
18486.0000 0.0493 72.3979 50.0000 35.4401 38.3715 50.1306
18487.0000 0.0527 72.5174 50.0000 35.4448 38.1170 50.4928
18488.0000 0.0462 72.0084 50.0000 35.4225 38.3360 49.6066
18489.0000 0.0441 72.1699 50.0000 35.8476 38.2870 49.5736
18490.0000 0.0425 72.2395 50.0000 35.9128 38.4838 49.4754
18491.0000 0.0492 72.6413 50.0000 35.3944 38.6998 50.2625
18492.0000 0.0457 72.5046 50.0000 35.6529 38.6768 49.8989
18493.0000 0.0446 72.5356 50.0000 35.6497 38.8489 49.8125
18494.0000 0.0452 72.4397 50.0000 35.7083 38.5973 49.8265
18495.0000 0.0394 72.2469 50.0000 35.8956 38.8940 49.1769
18496.0000 0.0419 72.6130 50.0000 35.7903 39.0995 49.6280
18497.0000 0.0429 72.7800 50.0000 36.0867 38.8255 49.8724
18498.0000 0.0429 72.6890 50.0000 36.2576 38.5341 49.8418
18499.0000 0.0426 72.7874 50.0000 36.2146 38.7196 49.8729
18500.0000 0.0461 72.9006 50.0000 35.7774 38.9205 50.1963
18501.0000 0.0483 73.0670 50.0000 35.8435 38.7601 50.5143
18502.0000 0.0453 73.0033 50.0000 36.1387 38.7178 50.2435
18503.0000 0.0455 73.2204 50.0000 35.8618 39.2472 50.3470
18504.0000 0.0457 73.0761 50.0000 35.7288 39.2173 50.2551
18505.0000 0.0480 73.0523 50.0000 35.7066 38.9287 50.4601
18506.0000 0.0475 73.3103 50.0000 35.7324 39.2483 50.5685
18507.0000 0.0485 73.0814 50.0000 35.7926 38.8049 50.5367
18508.0000 0.0471 73.1644 50.0000 36.0387 38.7840 50.4980
18509.0000 0.0434 73.1189 50.0000 36.2054 38.9973 50.1473
18510.0000 0.0428 73.0817 50.0000 36.6708 38.5225 50.1219
18511.0000 0.0454 73.2125 50.0000 36.4234 38.6121 50.4233
18512.0000 0.0457 73.1967 50.0000 36.3775 38.6138 50.4322
18513.0000 0.0438 72.7334 50.0000 36.4124 38.3011 49.9731
18514.0000 0.0439 72.9723 50.0000 36.3403 38.6253 50.1240
18515.0000 0.0447 73.0438 50.0000 36.0768 38.9059 50.2015
18516.0000 0.0455 72.8046 50.0000 36.0875 38.5379 50.1301
18517.0000 0.0449 72.6418 50.0000 36.3123 38.1814 50.0043
18518.0000 0.0421 72.5662 50.0000 36.3765 38.3722 49.7008
18519.0000 0.0385 72.3461 50.0000 36.4630 38.4843 49.2278
18520.0000 0.0404 72.4277 50.0000 36.0348 38.8114 49.4060
18521.0000 0.0405 72.4344 50.0000 36.0724 38.7540 49.4333
18522.0000 0.0367 72.3877 50.0000 36.4748 38.7383 49.0806
18523.0000 0.0354 72.3347 50.0000 36.7314 38.5632 48.9488
18524.0000 0.0369 72.6124 50.0000 36.4300 39.0127 49.2283
18525.0000 0.0361 72.5220 50.0000 36.4823 38.9647 49.0941
18526.0000 0.0356 72.5275 50.0000 36.5236 38.9855 49.0551
18527.0000 0.0390 72.8157 50.0000 36.3073 39.0991 49.5496
18528.0000 0.0391 72.8434 50.0000 36.3747 39.0493 49.5802
18529.0000 0.0365 72.7431 50.0000 36.4675 39.1683 49.2699
18530.0000 0.0420 73.1978 50.0000 36.3892 39.0563 50.0834
18531.0000 0.0440 73.1767 50.0000 36.3232 38.8514 50.2596
18532.0000 0.0430 73.4296 50.0000 36.4612 39.0956 50.3391
18533.0000 0.0422 73.3729 50.0000 36.8521 38.7113 50.2686
18534.0000 0.0407 73.4327 50.0000 36.8418 38.9677 50.1654
18535.0000 0.0394 73.5935 50.0000 36.8640 39.2831 50.1386
18536.0000 0.0436 73.9085 50.0000 36.9006 39.0580 50.7472
18537.0000 0.0429 73.6611 50.0000 36.8885 38.8876 50.5267
18538.0000 0.0428 73.8508 50.0000 37.1777 38.7984 50.6601
18539.0000 0.0437 73.9421 50.0000 37.1785 38.7849 50.8028
18540.0000 0.0469 73.8681 50.0000 37.0159 38.4959 51.0332
18541.0000 0.0417 73.8776 50.0000 37.3017 38.8203 50.5911
18542.0000 0.0434 73.6584 50.0000 36.9523 38.7592 50.5749
18543.0000 0.0425 73.9304 50.0000 37.3151 38.7657 50.7002
18544.0000 0.0438 73.8119 50.0000 37.0101 38.8129 50.7150
18545.0000 0.0450 73.6829 50.0000 36.5434 39.0366 50.6940
18546.0000 0.0477 73.5443 50.0000 36.4495 38.6753 50.8372
18547.0000 0.0457 73.7150 50.0000 36.4498 39.0930 50.7646
18548.0000 0.0420 73.3813 50.0000 36.9874 38.5931 50.2725
18549.0000 0.0420 73.5530 50.0000 36.6355 39.1665 50.3376
18550.0000 0.0413 73.5292 50.0000 36.5422 39.3269 50.2455
18551.0000 0.0455 73.6117 50.0000 36.4447 39.0090 50.6831
18552.0000 0.0463 73.5820 50.0000 36.2676 39.0740 50.7168
18553.0000 0.0449 73.5109 50.0000 36.1589 39.2921 50.5225
18554.0000 0.0504 73.5972 50.0000 35.9995 38.9153 51.0509
18555.0000 0.0516 73.8681 50.0000 36.2465 38.7890 51.3626
18556.0000 0.0480 73.8531 50.0000 36.5182 38.8927 51.0692
18557.0000 0.0467 74.0286 50.0000 36.6526 39.0879 51.0779
18558.0000 0.0461 73.8148 50.0000 36.6714 38.9096 50.8909
18559.0000 0.0462 73.8979 50.0000 36.6690 38.9877 50.9533
18560.0000 0.0442 73.8071 50.0000 36.6723 39.1230 50.7150
18561.0000 0.0439 74.0500 50.0000 36.6628 39.4351 50.8342
18562.0000 0.0464 73.9560 50.0000 36.5485 39.1570 50.9943
18563.0000 0.0484 74.2605 50.0000 36.5941 39.2007 51.3692
18564.0000 0.0450 74.1033 50.0000 36.8302 39.1785 50.9890
18565.0000 0.0451 73.9755 50.0000 36.8291 39.0318 50.9168
18566.0000 0.0481 74.2006 50.0000 36.7595 38.9940 51.3219
18567.0000 0.0484 73.9639 50.0000 36.8155 38.6441 51.2046
18568.0000 0.0517 74.3470 50.0000 36.7284 38.7676 51.7260
18569.0000 0.0494 74.2314 50.0000 36.8577 38.7618 51.4717
18570.0000 0.0486 74.3810 50.0000 36.9333 38.9321 51.5049
18571.0000 0.0495 74.6264 50.0000 36.8171 39.2142 51.7286
18572.0000 0.0471 74.6904 50.0000 37.1638 39.1858 51.5944
18573.0000 0.0484 74.7858 50.0000 36.8644 39.4601 51.7382
18574.0000 0.0488 74.5002 50.0000 36.9055 39.0620 51.5986
18575.0000 0.0509 74.6832 50.0000 36.8255 39.1025 51.8889
18576.0000 0.0534 74.7019 50.0000 36.9028 38.7647 52.1139
18577.0000 0.0535 74.3338 50.0000 36.7415 38.5418 51.8662
18578.0000 0.0562 74.4216 50.0000 36.8816 38.1923 52.1505
18579.0000 0.0528 74.2848 50.0000 37.1856 38.1052 51.8022
18580.0000 0.0545 74.3398 50.0000 37.0742 38.0925 51.9699
18581.0000 0.0489 74.2243 50.0000 37.0350 38.6258 51.4365
18582.0000 0.0468 74.2773 50.0000 36.9236 39.0392 51.2806
18583.0000 0.0487 74.2418 50.0000 36.4926 39.2508 51.3761
18584.0000 0.0520 74.4582 50.0000 36.6932 38.8881 51.8204
18585.0000 0.0499 74.2740 50.0000 36.7745 38.8405 51.5332
18586.0000 0.0521 74.5569 50.0000 36.7399 38.9341 51.8945
18587.0000 0.0519 74.6280 50.0000 36.6148 39.1596 51.9155
18588.0000 0.0558 74.8386 50.0000 36.5930 38.9750 52.3710
18589.0000 0.0622 74.9805 50.0000 36.4253 38.6137 52.9552
18590.0000 0.0607 74.6934 50.0000 36.4779 38.4192 52.6539
18591.0000 0.0639 74.8551 50.0000 36.4210 38.3174 52.9959
18592.0000 0.0670 74.9892 50.0000 36.0623 38.5237 53.2805
18593.0000 0.0636 74.7975 50.0000 36.1287 38.6001 52.9095
18594.0000 0.0669 74.7827 50.0000 36.1597 38.2131 53.1477
18595.0000 0.0629 74.5330 50.0000 36.3169 38.2002 52.6972
18596.0000 0.0657 74.4226 50.0000 36.1021 38.0277 52.8134
18597.0000 0.0682 74.7133 50.0000 35.9902 38.1933 53.1795
18598.0000 0.0696 74.7828 50.0000 36.1702 37.9366 53.3386
18599.0000 0.0701 74.7560 50.0000 36.1308 37.8993 53.3542
18600.0000 0.0673 74.4273 50.0000 36.2080 37.7654 52.9355
18601.0000 0.0628 74.3869 50.0000 36.8000 37.5654 52.6119
18602.0000 0.0613 74.3421 50.0000 36.5225 37.9575 52.4603
18603.0000 0.0616 74.5722 50.0000 36.7172 37.9568 52.6511
18604.0000 0.0633 74.7074 50.0000 36.9501 37.6830 52.8760
18605.0000 0.0592 74.8419 50.0000 36.8045 38.3884 52.6599
18606.0000 0.0595 74.7338 50.0000 36.7895 38.2584 52.6116
18607.0000 0.0612 74.6046 50.0000 36.3115 38.4513 52.6195
18608.0000 0.0672 74.5058 50.0000 36.1454 37.9234 52.9758
18609.0000 0.0691 74.8040 50.0000 36.2809 37.8924 53.3245
18610.0000 0.0634 74.6534 50.0000 36.4365 38.1439 52.8257
18611.0000 0.0622 74.5940 50.0000 36.4919 38.1491 52.6997
18612.0000 0.0598 74.3014 50.0000 36.5607 38.0254 52.3266
18613.0000 0.0538 74.3394 50.0000 36.6700 38.5916 51.8879
18614.0000 0.0486 74.2856 50.0000 36.6451 39.1408 51.4148
18615.0000 0.0548 74.4445 50.0000 36.3218 38.9666 52.0030
18616.0000 0.0581 74.5518 50.0000 36.3335 38.7090 52.3398
18617.0000 0.0620 75.0463 50.0000 36.3893 38.7438 52.9781
18618.0000 0.0640 75.0408 50.0000 36.1598 38.7799 53.1010
18619.0000 0.0672 75.3653 50.0000 36.2261 38.7083 53.5656
18620.0000 0.0670 75.1633 50.0000 36.0409 38.7238 53.3951
18621.0000 0.0648 75.3969 50.0000 36.4210 38.7789 53.4266
18622.0000 0.0678 75.2658 50.0000 36.2864 38.4848 53.5458
18623.0000 0.0665 75.2135 50.0000 36.2577 38.5984 53.4098
18624.0000 0.0679 75.1602 50.0000 36.3854 38.2684 53.4853
18625.0000 0.0676 75.0157 50.0000 36.3623 38.1759 53.3642
18626.0000 0.0671 75.2891 50.0000 36.7943 38.0509 53.5421
18627.0000 0.0696 75.2135 50.0000 36.5256 38.0082 53.6501
18628.0000 0.0668 74.8897 50.0000 36.7475 37.7278 53.2418
18629.0000 0.0663 74.6624 50.0000 36.4182 37.8847 53.0371
18630.0000 0.0696 74.8781 50.0000 36.4259 37.7739 53.4137
18631.0000 0.0674 74.7837 50.0000 36.5311 37.7856 53.2008
18632.0000 0.0605 74.8180 50.0000 36.6900 38.3472 52.7359
18633.0000 0.0566 74.4347 50.0000 36.6154 38.4443 52.1716
18634.0000 0.0534 74.0797 50.0000 36.8416 38.1777 51.7007
18635.0000 0.0520 73.7987 50.0000 37.0054 37.8759 51.4030
18636.0000 0.0523 73.8671 50.0000 36.8112 38.1168 51.4626
18637.0000 0.0498 73.9561 50.0000 37.1392 38.1411 51.3365
18638.0000 0.0523 73.9580 50.0000 36.9669 38.0406 51.5379
18639.0000 0.0556 74.2763 50.0000 36.9523 38.0342 52.0086
18640.0000 0.0566 74.2989 50.0000 36.8854 38.0191 52.0993
18641.0000 0.0557 74.1344 50.0000 36.9367 37.8964 51.9178
18642.0000 0.0517 74.2575 50.0000 36.9732 38.4118 51.6884
18643.0000 0.0510 74.2767 50.0000 36.8623 38.6325 51.6307
18644.0000 0.0492 74.4186 50.0000 36.9009 38.9415 51.5752
18645.0000 0.0491 74.6001 50.0000 37.0370 38.9988 51.6965
18646.0000 0.0510 74.7295 50.0000 37.0446 38.9044 51.9485
18647.0000 0.0528 74.8929 50.0000 36.8409 39.0991 52.1821
18648.0000 0.0527 74.7532 50.0000 36.3918 39.4470 52.0347
18649.0000 0.0567 74.5827 50.0000 35.9347 39.3238 52.2007
18650.0000 0.0571 74.7536 50.0000 36.2151 39.1488 52.3826
18651.0000 0.0538 74.5434 50.0000 36.3579 39.1393 51.9899
18652.0000 0.0511 74.5151 50.0000 36.3098 39.4756 51.7278
18653.0000 0.0505 74.5775 50.0000 36.2524 39.6788 51.7025
18654.0000 0.0452 74.2976 50.0000 36.4213 39.8255 51.0641
18655.0000 0.0437 74.0055 50.0000 36.2680 39.8651 50.7170
18656.0000 0.0481 74.0033 50.0000 36.0540 39.5603 51.1036
18657.0000 0.0477 73.8813 50.0000 36.1232 39.4009 51.0013
18658.0000 0.0406 73.4692 50.0000 36.4218 39.4956 50.1126
18659.0000 0.0365 73.3728 50.0000 36.6230 39.6908 49.6685
18660.0000 0.0379 73.5167 50.0000 36.5583 39.7395 49.8895
18661.0000 0.0403 74.0257 50.0000 36.8562 39.6461 50.4937
18662.0000 0.0384 73.8724 50.0000 37.0041 39.5567 50.2305
18663.0000 0.0405 73.8665 50.0000 36.9382 39.3608 50.4238
18664.0000 0.0424 73.9978 50.0000 36.8784 39.3242 50.6879
18665.0000 0.0412 73.8208 50.0000 36.3149 39.9312 50.3610
18666.0000 0.0416 73.9469 50.0000 36.5513 39.7441 50.5228
18667.0000 0.0462 73.9397 50.0000 35.7123 40.1303 50.8062
18668.0000 0.0476 73.8014 50.0000 35.8441 39.6453 50.8930
18669.0000 0.0522 73.9995 50.0000 35.6137 39.5786 51.3918
18670.0000 0.0510 73.8132 50.0000 35.5767 39.5603 51.1632
18671.0000 0.0526 73.7364 50.0000 35.4486 39.4319 51.2403
18672.0000 0.0476 73.6932 50.0000 35.8097 39.5664 50.8217
18673.0000 0.0492 73.6118 50.0000 35.8194 39.2747 50.9232
18674.0000 0.0522 73.6348 50.0000 35.6989 39.0851 51.1862
18675.0000 0.0479 73.5746 50.0000 35.8830 39.3142 50.7940
18676.0000 0.0448 73.4352 50.0000 36.1648 39.2181 50.4656
18677.0000 0.0492 73.5756 50.0000 36.3479 38.6420 50.9804
18678.0000 0.0516 73.9790 50.0000 36.3198 38.8350 51.4355
18679.0000 0.0499 72.1094 49.0000 35.7587 37.6481 50.0370
18680.0000 0.0528 72.1409 49.0000 35.5748 37.5657 50.2748
18681.0000 0.0477 73.9462 50.0000 36.7992 38.7249 51.1297
18682.0000 0.0517 74.1261 50.0000 36.8492 38.4089 51.5903
18683.0000 0.0530 74.4499 50.0000 36.7610 38.6931 51.9062
18684.0000 0.0474 74.1001 50.0000 37.0584 38.6464 51.2246
18685.0000 0.0457 73.8883 50.0000 37.1317 38.5367 50.9475
18686.0000 0.0511 73.8622 50.0000 37.0428 37.9976 51.3774
18687.0000 0.0518 74.1730 50.0000 37.4232 37.8500 51.6577
18688.0000 0.0487 74.4034 50.0000 37.5971 38.2496 51.5684
18689.0000 0.0485 74.6821 50.0000 37.8985 38.2550 51.7462
18690.0000 0.0504 74.4999 50.0000 37.5842 38.1745 51.7723
18691.0000 0.0553 74.4886 50.0000 37.0818 38.1540 52.1322
18692.0000 0.0523 74.4877 50.0000 37.5559 37.9794 51.9186
18693.0000 0.0527 74.4923 50.0000 37.4625 38.0444 51.9451
18694.0000 0.0521 74.2667 50.0000 37.2480 38.0954 51.7385
18695.0000 0.0525 74.3874 50.0000 37.0476 38.3855 51.8413
18696.0000 0.0524 74.6910 50.0000 37.2169 38.5282 52.0501
18697.0000 0.0534 74.8953 50.0000 36.9135 38.9490 52.2463
18698.0000 0.0534 74.6902 50.0000 36.7241 38.9469 52.0875
18699.0000 0.0513 74.5666 50.0000 36.9605 38.7910 51.8590
18700.0000 0.0523 74.5892 50.0000 36.7342 38.9468 51.9354
18701.0000 0.0502 74.4398 50.0000 36.8873 38.8586 51.6781
18702.0000 0.0488 74.1723 50.0000 36.9422 38.6794 51.3878
18703.0000 0.0507 74.4291 50.0000 36.8125 38.8732 51.7050
18704.0000 0.0522 74.5878 50.0000 36.8134 38.8750 51.9311
18705.0000 0.0533 74.5074 50.0000 36.9287 38.5453 51.9796
18706.0000 0.0508 73.9972 50.0000 36.9978 38.2149 51.4429
18707.0000 0.0498 73.9592 50.0000 36.7487 38.5527 51.3146
18708.0000 0.0526 74.0407 50.0000 36.8247 38.2475 51.6052
18709.0000 0.0523 74.4945 50.0000 37.2651 38.2929 51.9076
18710.0000 0.0508 74.3536 50.0000 37.0862 38.4989 51.6808
18711.0000 0.0441 74.1411 50.0000 36.9467 39.1964 50.9459
18712.0000 0.0491 74.1088 50.0000 36.7641 38.7681 51.3571
18713.0000 0.0442 74.1324 50.0000 37.1511 38.9485 50.9747
18714.0000 0.0451 73.8327 50.0000 36.7996 38.9006 50.8311
18715.0000 0.0431 73.8328 50.0000 36.9517 38.9821 50.6580
18716.0000 0.0402 74.0891 50.0000 37.0863 39.4751 50.5521
18717.0000 0.0408 74.0403 50.0000 37.2301 39.1905 50.5964
18718.0000 0.0396 74.2992 50.0000 37.2452 39.6003 50.6457
18719.0000 0.0428 74.5102 50.0000 37.2696 39.4000 51.0920
18720.0000 0.0435 74.0653 50.0000 37.2459 38.8594 50.8760
18721.0000 0.0409 74.3767 50.0000 37.4835 39.2537 50.8531
18722.0000 0.0422 74.1373 50.0000 37.4485 38.8784 50.8175
18723.0000 0.0452 74.2596 50.0000 37.4498 38.6512 51.1673
18724.0000 0.0486 74.3469 50.0000 37.3266 38.4774 51.5139
18725.0000 0.0441 74.3991 50.0000 37.8280 38.5337 51.1803
18726.0000 0.0501 72.8466 49.0000 36.3447 37.7834 50.5777
18727.0000 0.0437 74.5887 50.0000 37.7676 38.8400 51.2693
18728.0000 0.0495 74.5093 50.0000 37.3678 38.5088 51.6948
18729.0000 0.0507 74.8289 50.0000 37.3608 38.7175 52.0047
18730.0000 0.0501 74.9894 50.0000 37.2748 39.0431 52.0542
18731.0000 0.0497 74.7824 50.0000 37.0186 39.1350 51.8698
18732.0000 0.0524 74.5316 50.0000 36.8763 38.7220 51.9202
18733.0000 0.0519 74.9491 50.0000 37.2498 38.8181 52.1821
18734.0000 0.0553 75.1339 50.0000 37.2078 38.6848 52.5754
18735.0000 0.0525 74.9162 50.0000 37.2750 38.6979 52.2062
18736.0000 0.0515 74.9364 50.0000 37.4862 38.6023 52.1547
18737.0000 0.0508 74.8205 50.0000 37.2472 38.8159 52.0008
18738.0000 0.0504 74.3143 50.0000 37.2132 38.3708 51.6282
18739.0000 0.0520 74.5054 50.0000 37.6081 37.9812 51.9049
18740.0000 0.0496 74.4347 50.0000 37.5761 38.2048 51.6619
18741.0000 0.0510 74.4441 50.0000 37.5079 38.1341 51.7772
18742.0000 0.0502 73.0763 49.0000 36.6453 37.6992 50.7548
18743.0000 0.0509 74.8665 50.0000 37.5854 38.4964 52.0610
18744.0000 0.0492 74.8213 50.0000 37.8745 38.3368 51.9042
18745.0000 0.0571 74.7525 50.0000 37.3319 37.9743 52.4616
18746.0000 0.0564 75.0872 50.0000 37.1358 38.5929 52.6271
18747.0000 0.0539 74.5993 50.0000 37.2869 38.2032 52.1081
18748.0000 0.0535 74.6388 50.0000 36.9234 38.6680 52.0806
18749.0000 0.0485 74.6186 50.0000 37.3386 38.7641 51.6827
18750.0000 0.0461 74.6639 50.0000 37.5217 38.8942 51.5175
18751.0000 0.0448 74.7975 50.0000 37.4487 39.2680 51.4809
18752.0000 0.0448 74.3651 50.0000 37.6038 38.6546 51.2049
18753.0000 0.0475 74.3654 50.0000 37.3804 38.5757 51.4280
18754.0000 0.0486 74.5204 50.0000 37.2004 38.7998 51.6138
18755.0000 0.0434 74.1984 50.0000 37.2985 38.9591 50.9550
18756.0000 0.0496 74.3121 50.0000 37.2815 38.3795 51.5694
18757.0000 0.0505 74.3305 50.0000 37.3135 38.2685 51.6551
18758.0000 0.0535 74.5022 50.0000 37.1535 38.2794 52.0086
18759.0000 0.0476 74.1095 50.0000 37.3852 38.2926 51.2665
18760.0000 0.0418 73.7934 50.0000 37.6972 38.3049 50.5680
18761.0000 0.0427 73.9374 50.0000 37.4950 38.5555 50.7379
18762.0000 0.0433 73.8749 50.0000 37.4061 38.5200 50.7394
18763.0000 0.0417 74.0785 50.0000 37.7720 38.5438 50.7472
18764.0000 0.0395 73.9637 50.0000 37.5403 38.9263 50.4588
18765.0000 0.0371 73.9765 50.0000 37.5252 39.2615 50.2287
18766.0000 0.0376 74.1671 50.0000 38.0401 38.8572 50.4364
18767.0000 0.0310 72.2947 49.0000 37.1849 38.6195 48.5009
18768.0000 0.0367 74.4525 50.0000 38.1474 39.1609 50.5409
18769.0000 0.0333 74.3146 50.0000 38.2593 39.3486 50.1057
18770.0000 0.0311 74.2863 50.0000 38.0450 39.8509 49.8291
18771.0000 0.0337 74.6544 50.0000 38.1814 39.7364 50.3634
18772.0000 0.0303 72.8642 49.0000 37.6739 38.8145 48.8191
18773.0000 0.0327 74.5516 50.0000 38.0618 39.8982 50.1734
18774.0000 0.0374 73.1215 49.0000 37.5268 38.3161 49.7028
18775.0000 0.0322 74.4840 50.0000 38.1559 39.7903 50.0871
18776.0000 0.0303 74.5129 50.0000 38.1149 40.1311 49.8891
18777.0000 0.0352 73.2061 49.0000 37.6229 38.5812 49.5495
18778.0000 0.0317 74.8316 50.0000 38.0841 40.3237 50.2333
18779.0000 0.0338 74.7253 50.0000 37.8197 40.2018 50.3721
18780.0000 0.0321 74.9054 50.0000 38.1992 40.2156 50.3422
18781.0000 0.0296 74.5438 50.0000 38.3386 40.0259 49.8484
18782.0000 0.0284 74.5670 50.0000 38.2093 40.3726 49.7025
18783.0000 0.0291 74.5648 50.0000 37.9669 40.5351 49.7527
18784.0000 0.0335 72.8580 49.0000 37.6356 38.4077 49.1599
18785.0000 0.0338 72.7084 49.0000 37.3060 38.5670 49.0648
18786.0000 0.0248 74.0353 50.0000 38.3190 40.2118 48.9479
18787.0000 0.0252 74.2239 50.0000 38.5154 40.1395 49.1382
18788.0000 0.0273 74.4169 50.0000 38.7764 39.7469 49.5424
18789.0000 0.0274 73.9553 50.0000 38.3686 39.6588 49.2384
18790.0000 0.0290 73.9513 50.0000 38.3095 39.4948 49.4098
18791.0000 0.0291 73.7610 50.0000 38.4232 39.1524 49.3096
18792.0000 0.0263 73.7173 50.0000 38.5625 39.3591 48.9697
18793.0000 0.0217 73.4946 50.0000 38.9287 39.4379 48.2770
18794.0000 0.0237 73.6991 50.0000 38.7209 39.5703 48.6461
18795.0000 0.0189 72.6948 49.0000 38.2638 39.7397 47.3411
18796.0000 0.0214 73.5341 50.0000 38.2665 40.2541 48.1929
18797.0000 0.0213 73.3976 50.0000 38.3160 40.0676 48.1007
18798.0000 0.0233 73.3430 50.0000 38.1470 39.8557 48.3273
18799.0000 0.0257 73.1615 50.0000 37.7006 39.7793 48.4652
18800.0000 0.0263 73.2970 50.0000 37.9069 39.6117 48.6460
18801.0000 0.0276 73.0326 50.0000 37.8248 39.2167 48.6323
18802.0000 0.0292 73.4234 50.0000 37.7667 39.4744 49.0555
18803.0000 0.0297 73.3685 50.0000 37.7560 39.3532 49.0790
18804.0000 0.0297 73.3122 50.0000 37.5314 39.5419 49.0154
18805.0000 0.0324 73.3689 50.0000 37.4513 39.3044 49.3513
18806.0000 0.0302 73.1961 50.0000 37.6504 39.2117 49.0159
18807.0000 0.0332 73.5581 50.0000 37.6149 39.2239 49.5722
18808.0000 0.0320 73.3368 50.0000 37.6224 39.1493 49.2968
18809.0000 0.0311 73.1803 50.0000 37.4850 39.2476 49.0903
18810.0000 0.0334 73.3337 50.0000 37.2343 39.3726 49.4089
18811.0000 0.0332 73.4861 50.0000 37.3337 39.4550 49.4945
18812.0000 0.0358 73.2121 50.0000 36.9073 39.2828 49.5451
18813.0000 0.0348 73.0617 50.0000 37.0528 39.0913 49.3656
18814.0000 0.0363 73.0229 50.0000 36.7047 39.2387 49.4513
18815.0000 0.0306 72.8222 50.0000 36.8902 39.5987 48.7250
18816.0000 0.0271 72.5693 50.0000 37.0093 39.6988 48.1727
18817.0000 0.0265 72.7625 50.0000 37.2598 39.7063 48.2648
18818.0000 0.0283 72.7526 50.0000 37.3595 39.3096 48.4970
18819.0000 0.0304 73.0345 50.0000 37.2206 39.4885 48.8808
18820.0000 0.0318 73.0566 50.0000 37.1375 39.4053 49.0438
18821.0000 0.0295 72.7900 50.0000 37.1355 39.4306 48.6268
18822.0000 0.0286 72.7147 50.0000 37.1311 39.4932 48.4664
18823.0000 0.0283 72.8843 50.0000 37.3579 39.4654 48.5695
18824.0000 0.0282 72.7521 50.0000 37.3157 39.3814 48.4718
18825.0000 0.0238 72.6980 50.0000 37.4061 39.8938 47.8985
18826.0000 0.0238 72.7981 50.0000 37.4457 39.9779 47.9496
18827.0000 0.0232 72.9054 50.0000 37.7018 39.8908 47.9843
18828.0000 0.0256 72.9888 50.0000 37.4263 39.9177 48.3034
18829.0000 0.0259 72.7507 50.0000 37.0832 39.9994 48.1410
18830.0000 0.0302 72.8527 50.0000 36.8465 39.7425 48.6866
18831.0000 0.0304 72.8209 50.0000 36.8457 39.6672 48.7010
18832.0000 0.0310 73.0506 50.0000 36.7907 39.9077 48.8898
18833.0000 0.0315 72.7403 50.0000 36.8321 39.4426 48.7733
18834.0000 0.0304 72.7165 50.0000 36.8372 39.5592 48.6394
18835.0000 0.0301 72.7168 50.0000 36.7390 39.7284 48.5760
18836.0000 0.0277 72.7480 50.0000 37.1922 39.5968 48.3849
18837.0000 0.0240 72.5918 50.0000 37.6040 39.5180 47.8941
18838.0000 0.0275 72.7782 50.0000 37.1222 39.7374 48.3689
18839.0000 0.0306 72.8349 50.0000 36.9912 39.4903 48.7554
18840.0000 0.0286 72.9769 50.0000 37.1867 39.7150 48.6363
18841.0000 0.0294 73.0566 50.0000 37.0241 39.8890 48.7376
18842.0000 0.0272 73.1588 50.0000 37.3142 39.9877 48.5886
18843.0000 0.0299 73.2765 50.0000 37.0946 39.9775 48.9411
18844.0000 0.0291 73.1745 50.0000 37.2665 39.7809 48.8181
18845.0000 0.0383 71.9367 49.0000 36.6353 37.8787 48.9688
18846.0000 0.0280 73.3513 50.0000 37.4405 39.9391 48.8211
18847.0000 0.0272 73.3341 50.0000 37.6024 39.8535 48.7406
18848.0000 0.0284 73.4720 50.0000 37.8541 39.5537 48.9969
18849.0000 0.0275 73.5672 50.0000 37.9391 39.6869 48.9664
18850.0000 0.0285 73.6148 50.0000 37.7877 39.7633 49.0928
18851.0000 0.0265 73.6288 50.0000 37.9845 39.8570 48.8856
18852.0000 0.0246 73.6163 50.0000 38.3811 39.7091 48.6769
18853.0000 0.0266 73.7258 50.0000 38.1673 39.7529 48.9741
18854.0000 0.0230 73.4901 50.0000 38.5609 39.6182 48.4175
18855.0000 0.0237 73.5701 50.0000 38.3584 39.8098 48.5425
18856.0000 0.0231 73.5348 50.0000 38.4905 39.7273 48.4519
18857.0000 0.0226 73.5906 50.0000 38.7830 39.5525 48.4464
18858.0000 0.0233 73.5775 50.0000 38.1883 40.0740 48.4703
18859.0000 0.0210 73.3053 50.0000 38.1148 40.2363 47.9788
18860.0000 0.0226 73.5332 50.0000 38.3300 39.9783 48.3702
18861.0000 0.0251 73.4775 50.0000 38.0946 39.7796 48.6347
18862.0000 0.0224 73.3310 50.0000 37.9867 40.1818 48.1651
18863.0000 0.0202 73.2955 50.0000 38.1022 40.3914 47.8434
18864.0000 0.0209 73.3110 50.0000 37.9271 40.4965 47.9173
18865.0000 0.0225 73.2861 50.0000 37.7331 40.4169 48.0992
18866.0000 0.0213 73.3487 50.0000 37.7652 40.6600 47.9644
18867.0000 0.0209 73.3536 50.0000 37.5596 41.0182 47.8282
18868.0000 0.0232 73.5232 50.0000 37.4918 40.8858 48.2533
18869.0000 0.0230 73.4437 50.0000 37.3855 40.9484 48.1616
18870.0000 0.0244 73.1052 50.0000 37.1503 40.5926 48.1298
18871.0000 0.0257 73.2751 50.0000 36.9306 40.8548 48.3348
18872.0000 0.0358 72.2168 49.0000 36.3536 38.8108 48.8611
18873.0000 0.0386 72.4039 49.0000 36.1867 38.8376 49.2391
18874.0000 0.0359 72.2735 49.0000 36.6089 38.5730 48.9426
18875.0000 0.0372 72.3052 49.0000 36.5509 38.4987 49.0911
18876.0000 0.0254 73.3931 50.0000 36.7723 41.2789 48.2742
18877.0000 0.0237 73.5619 50.0000 36.8640 41.7020 48.0972
18878.0000 0.0252 73.5473 50.0000 36.8515 41.3885 48.3546
18879.0000 0.0341 72.2125 49.0000 37.2002 38.1066 48.7717
18880.0000 0.0241 73.3917 50.0000 37.1478 40.9996 48.2226
18881.0000 0.0332 71.9940 49.0000 36.8787 38.3280 48.5187
18882.0000 0.0323 71.8670 49.0000 37.0372 38.1445 48.3540
18883.0000 0.0318 71.9075 49.0000 36.6793 38.6398 48.2937
18884.0000 0.0327 72.0179 49.0000 36.4161 38.9382 48.4176
18885.0000 0.0332 71.8905 49.0000 36.5825 38.5386 48.4225
18886.0000 0.0243 73.2327 50.0000 36.8274 41.2138 48.0437
18887.0000 0.0271 73.2802 50.0000 36.6828 40.9440 48.4556
18888.0000 0.0339 72.0801 49.0000 36.9171 38.2875 48.6491
18889.0000 0.0316 71.8983 49.0000 37.0679 38.2276 48.3114
18890.0000 0.0345 71.9132 49.0000 36.8535 38.0960 48.6007
18891.0000 0.0293 72.7203 50.0000 36.6731 39.9382 48.4589
18892.0000 0.0330 72.9520 50.0000 36.8368 39.4629 49.0686
18893.0000 0.0298 72.8140 50.0000 36.5286 40.1389 48.5428
18894.0000 0.0277 72.6460 50.0000 36.6901 40.0790 48.2177
18895.0000 0.0278 72.5547 50.0000 36.5244 40.1610 48.1379
18896.0000 0.0296 72.3755 50.0000 36.3499 39.8793 48.2342
18897.0000 0.0309 72.4368 50.0000 36.4038 39.6865 48.4442
18898.0000 0.0301 72.6219 50.0000 36.4457 39.9805 48.4481
18899.0000 0.0323 72.6185 50.0000 36.3634 39.7423 48.7001
18900.0000 0.0308 72.4900 50.0000 36.1764 40.0462 48.3980
18901.0000 0.0321 72.3182 50.0000 35.8942 39.9970 48.3919
18902.0000 0.0304 72.3203 50.0000 36.1775 39.9125 48.2536
18903.0000 0.0275 72.4695 50.0000 36.1390 40.6137 47.9200
18904.0000 0.0281 72.3702 50.0000 36.0608 40.4869 47.9362
18905.0000 0.0341 72.7215 50.0000 35.6839 40.4411 48.7811
18906.0000 0.0339 72.6361 50.0000 35.5528 40.5496 48.6594
18907.0000 0.0348 72.7358 50.0000 35.7872 40.2234 48.9065
18908.0000 0.0335 72.5548 50.0000 35.7206 40.2844 48.6354
18909.0000 0.0318 72.4973 50.0000 35.9375 40.2071 48.4535
18910.0000 0.0328 72.6127 50.0000 35.9535 40.1711 48.6439
18911.0000 0.0312 72.6670 50.0000 35.9289 40.5172 48.4559
18912.0000 0.0310 72.5024 50.0000 36.0953 40.1401 48.3994
18913.0000 0.0327 72.7193 50.0000 36.1418 40.0704 48.7466
18914.0000 0.0346 72.7415 50.0000 36.1680 39.7873 48.9916
18915.0000 0.0323 72.6599 50.0000 36.2063 39.9868 48.6787
18916.0000 0.0302 72.6162 50.0000 36.4107 39.9937 48.4548
18917.0000 0.0302 72.9376 50.0000 36.6081 40.1297 48.6759
18918.0000 0.0306 73.0259 50.0000 36.1988 40.6953 48.6448
18919.0000 0.0280 73.1662 50.0000 36.3963 41.0380 48.4199
18920.0000 0.0327 72.9321 50.0000 36.1100 40.3659 48.8441
18921.0000 0.0323 73.0167 50.0000 36.3266 40.2510 48.9048
18922.0000 0.0328 72.9920 50.0000 35.9640 40.6078 48.8408
18923.0000 0.0365 72.8496 50.0000 35.5940 40.3531 49.1096
18924.0000 0.0331 72.6849 50.0000 35.9179 40.2448 48.7170
18925.0000 0.0353 72.8718 50.0000 35.8079 40.2858 49.0423
18926.0000 0.0415 73.2088 50.0000 35.8271 39.7823 49.9331
18927.0000 0.0404 73.2004 50.0000 35.6890 40.0822 49.7796
18928.0000 0.0404 73.3357 50.0000 35.6949 40.2336 49.8524
18929.0000 0.0372 73.1442 50.0000 35.7419 40.4059 49.3959
18930.0000 0.0358 73.1827 50.0000 35.8993 40.4538 49.2995
18931.0000 0.0338 73.0695 50.0000 36.2062 40.2312 49.0889
18932.0000 0.0356 73.1353 50.0000 35.7174 40.6676 49.1851
18933.0000 0.0365 73.1832 50.0000 36.1337 40.0579 49.4520
18934.0000 0.0353 73.4007 50.0000 36.3230 40.2477 49.4816
18935.0000 0.0385 73.2478 50.0000 35.9596 40.0628 49.6701
18936.0000 0.0359 72.9455 50.0000 36.1039 39.9102 49.2416
18937.0000 0.0361 72.8454 50.0000 36.0740 39.8073 49.1985
18938.0000 0.0406 72.7046 50.0000 35.4447 39.7829 49.4667
18939.0000 0.0394 72.5533 50.0000 35.4328 39.7872 49.2491
18940.0000 0.0370 72.5245 50.0000 35.4742 40.0426 48.9691
18941.0000 0.0398 72.6164 50.0000 35.2651 40.0177 49.2758
18942.0000 0.0440 71.8372 49.0000 35.1240 38.7500 49.2476
18943.0000 0.0391 72.5403 50.0000 35.1043 40.2356 49.1007
18944.0000 0.0393 72.5163 50.0000 35.1326 40.1440 49.1200
18945.0000 0.0370 72.6115 50.0000 35.3255 40.3396 48.9618
18946.0000 0.0408 72.9564 50.0000 35.1658 40.4016 49.5350
18947.0000 0.0395 72.6602 50.0000 35.4084 39.9388 49.3015
18948.0000 0.0432 72.8175 50.0000 35.1677 39.9110 49.7266
18949.0000 0.0432 72.7699 50.0000 35.0346 40.0260 49.6583
18950.0000 0.0419 72.7427 50.0000 35.1235 40.0594 49.5287
18951.0000 0.0389 72.8360 50.0000 35.2900 40.3814 49.2853
18952.0000 0.0373 72.5864 50.0000 35.6939 39.8076 49.0926
18953.0000 0.0386 72.7818 50.0000 35.5891 39.9798 49.3176
18954.0000 0.0328 72.6758 50.0000 35.9718 40.2207 48.6836
18955.0000 0.0341 72.6962 50.0000 35.3415 40.8722 48.6331
18956.0000 0.0347 72.6817 50.0000 35.6394 40.3599 48.8216
18957.0000 0.0391 72.8006 50.0000 35.1194 40.5325 49.2308
18958.0000 0.0356 72.5654 50.0000 35.3622 40.4451 48.7796
18959.0000 0.0353 72.4857 50.0000 35.2670 40.5204 48.6674
18960.0000 0.0372 72.5560 50.0000 35.2226 40.3813 48.9192
18961.0000 0.0329 72.5355 50.0000 35.5913 40.5303 48.4969
18962.0000 0.0301 72.4474 50.0000 35.5731 40.9149 48.0537
18963.0000 0.0301 72.6521 50.0000 35.9401 40.6713 48.2958
18964.0000 0.0311 72.4847 50.0000 35.9760 40.2502 48.3703
18965.0000 0.0338 72.5276 50.0000 35.7542 40.1616 48.6717
18966.0000 0.0332 72.7363 50.0000 35.7595 40.4970 48.7013
18967.0000 0.0320 73.0123 50.0000 35.8030 40.9834 48.6754
18968.0000 0.0334 73.2167 50.0000 35.8400 40.9499 48.9825
18969.0000 0.0319 73.1327 50.0000 35.7884 41.1575 48.7200
18970.0000 0.0308 73.1497 50.0000 36.0462 41.0157 48.6750
18971.0000 0.0292 73.0611 50.0000 36.1728 41.0009 48.4601
18972.0000 0.0299 73.1990 50.0000 36.1997 41.0123 48.6381
18973.0000 0.0348 73.3157 50.0000 36.1496 40.4432 49.3229
18974.0000 0.0303 73.2701 50.0000 36.4657 40.6829 48.8227
18975.0000 0.0307 73.6966 50.0000 36.5600 41.0028 49.1257
18976.0000 0.0295 73.4770 50.0000 36.4646 41.0627 48.8166
18977.0000 0.0314 73.4282 50.0000 36.2795 40.9494 48.9760
18978.0000 0.0307 73.5873 50.0000 36.3416 41.1721 48.9821
18979.0000 0.0279 73.7799 50.0000 36.4749 41.7275 48.7019
18980.0000 0.0278 73.4314 50.0000 36.5804 41.1574 48.5809
18981.0000 0.0287 73.4404 50.0000 36.5122 41.0913 48.7017
18982.0000 0.0292 73.7510 50.0000 36.7335 41.1046 48.9926
18983.0000 0.0303 73.4959 50.0000 36.3659 41.0876 48.8976
18984.0000 0.0289 73.2317 50.0000 36.5954 40.7082 48.6466
18985.0000 0.0306 73.5233 50.0000 36.3985 41.0355 48.9582
18986.0000 0.0298 73.6094 50.0000 36.4167 41.2459 48.8973
18987.0000 0.0313 73.6430 50.0000 36.6130 40.7860 49.1862
18988.0000 0.0314 73.6572 50.0000 36.4581 40.9772 49.1635
18989.0000 0.0313 74.0894 50.0000 36.8541 40.9984 49.4989
18990.0000 0.0321 73.9400 50.0000 37.0726 40.4385 49.5730
18991.0000 0.0342 73.9971 50.0000 36.8721 40.4244 49.8185
18992.0000 0.0317 73.5845 50.0000 36.7288 40.4988 49.2496
18993.0000 0.0305 73.5990 50.0000 36.9613 40.4199 49.1621
18994.0000 0.0336 73.7381 50.0000 36.7214 40.4052 49.5608
18995.0000 0.0358 73.8352 50.0000 36.5390 40.4187 49.8284
18996.0000 0.0367 74.1361 50.0000 36.3747 40.8365 50.0542
18997.0000 0.0396 74.0130 50.0000 35.6594 41.1826 50.1032
18998.0000 0.0370 73.9952 50.0000 35.8635 41.2966 49.8367
18999.0000 0.0367 73.8788 50.0000 35.8136 41.2680 49.7234
19000.0000 0.0390 74.1368 50.0000 35.6350 41.4509 50.0823
19001.0000 0.0381 73.9357 50.0000 35.8333 41.0837 49.9459
19002.0000 0.0371 74.1088 50.0000 35.9706 41.2613 49.9573
19003.0000 0.0338 74.0422 50.0000 36.4285 41.0992 49.6596
19004.0000 0.0330 74.2889 50.0000 36.5189 41.4086 49.7046
19005.0000 0.0308 74.4187 50.0000 37.0971 41.1728 49.6663
19006.0000 0.0285 74.5029 50.0000 37.4815 41.1604 49.5141
19007.0000 0.0274 74.8714 50.0000 37.7390 41.4554 49.6280
19008.0000 0.0299 74.7158 50.0000 37.5552 41.0819 49.8431
19009.0000 0.0325 74.6985 50.0000 37.1994 41.0950 50.0727
19010.0000 0.0361 74.8471 50.0000 37.1761 40.7671 50.5773
19011.0000 0.0364 74.7388 50.0000 36.9173 40.9110 50.4905
19012.0000 0.0386 74.7520 50.0000 36.6877 40.8858 50.6973
19013.0000 0.0363 74.6144 50.0000 36.9768 40.7152 50.4212
19014.0000 0.0338 74.4645 50.0000 37.0797 40.7842 50.0671
19015.0000 0.0342 74.3411 50.0000 37.1357 40.5060 50.0680
19016.0000 0.0394 74.5659 50.0000 36.9918 40.2035 50.7481
19017.0000 0.0368 74.7119 50.0000 37.2826 40.3836 50.6068
19018.0000 0.0390 74.7929 50.0000 36.8772 40.6555 50.8053
19019.0000 0.0390 74.5968 50.0000 36.8163 40.5030 50.6829
19020.0000 0.0382 74.5358 50.0000 36.8684 40.4867 50.5681
19021.0000 0.0401 74.5173 50.0000 36.3735 40.7986 50.6486
19022.0000 0.0424 74.6647 50.0000 36.5250 40.4724 51.0169
19023.0000 0.0481 74.7579 50.0000 36.1505 40.2745 51.5737
19024.0000 0.0457 74.7504 50.0000 36.1698 40.5563 51.3279
19025.0000 0.0482 74.7824 50.0000 36.1808 40.2590 51.6001
19026.0000 0.0449 74.8302 50.0000 36.4750 40.3882 51.3608
19027.0000 0.0426 74.7537 50.0000 36.3959 40.6891 51.0671
19028.0000 0.0410 74.5976 50.0000 36.8167 40.2310 50.8999
19029.0000 0.0399 74.8088 50.0000 36.8064 40.6242 50.9051
19030.0000 0.0392 74.7980 50.0000 36.8844 40.6266 50.8307
19031.0000 0.0464 74.8514 50.0000 36.2260 40.5081 51.4733
19032.0000 0.0434 74.8601 50.0000 36.6107 40.4494 51.2596
19033.0000 0.0395 74.6641 50.0000 36.7937 40.5312 50.7758
19034.0000 0.0418 75.0096 50.0000 36.7415 40.6819 51.2004
19035.0000 0.0441 75.1102 50.0000 36.5900 40.6636 51.4701
19036.0000 0.0431 75.2712 50.0000 36.2825 41.3501 51.3761
19037.0000 0.0420 74.9926 50.0000 36.4786 40.9469 51.1522
19038.0000 0.0389 75.2704 50.0000 36.6871 41.4425 51.0118
19039.0000 0.0392 75.1553 50.0000 36.2686 41.8033 50.8467
19040.0000 0.0390 75.1257 50.0000 35.9109 42.2779 50.6642
19041.0000 0.0400 75.1290 50.0000 35.7980 42.2870 50.7413
19042.0000 0.0427 75.1417 50.0000 35.6044 42.1429 51.0155
19043.0000 0.0427 74.9878 50.0000 35.7353 41.7828 50.9937
19044.0000 0.0416 75.0906 50.0000 35.8110 41.9708 50.9374
19045.0000 0.0382 75.0157 50.0000 36.2674 41.7938 50.6489
19046.0000 0.0363 74.8259 50.0000 36.0921 42.1016 50.2366
19047.0000 0.0372 75.1829 50.0000 36.0452 42.4695 50.4932
19048.0000 0.0362 75.5002 50.0000 36.2457 42.7418 50.5932
19049.0000 0.0370 75.0535 50.0000 35.7760 42.7203 50.2801
19050.0000 0.0359 75.1965 50.0000 36.0144 42.7506 50.2977
19051.0000 0.0365 75.3795 50.0000 36.3489 42.3887 50.6362
19052.0000 0.0382 75.3861 50.0000 36.0075 42.5944 50.7173
19053.0000 0.0362 75.2616 50.0000 36.0313 42.7447 50.3879
19054.0000 0.0335 75.2504 50.0000 36.0944 43.1496 49.9794
19055.0000 0.0330 75.2862 50.0000 36.2389 43.0523 50.0126
19056.0000 0.0346 75.2416 50.0000 36.3574 42.5322 50.3036
19057.0000 0.0301 74.7251 50.0000 36.7109 42.1718 49.5752
19058.0000 0.0310 74.6033 50.0000 36.6809 41.9077 49.6377
19059.0000 0.0280 74.3767 50.0000 37.0468 41.6450 49.2456
19060.0000 0.0297 74.6581 50.0000 37.1701 41.5352 49.6693
19061.0000 0.0287 74.4077 50.0000 37.1486 41.4387 49.3895
19062.0000 0.0299 74.5594 50.0000 36.9875 41.6254 49.5818
19063.0000 0.0315 74.6457 50.0000 37.0173 41.4247 49.8567
19064.0000 0.0330 74.6970 50.0000 36.6821 41.6758 49.9719
19065.0000 0.0350 74.7377 50.0000 36.6896 41.4060 50.2508
19066.0000 0.0350 74.6429 50.0000 36.5448 41.4751 50.1582
19067.0000 0.0343 74.9593 50.0000 36.6309 41.8496 50.2561
19068.0000 0.0368 74.9521 50.0000 36.4736 41.6679 50.5102
19069.0000 0.0371 74.8603 50.0000 36.4764 41.5027 50.5080
19070.0000 0.0368 74.9721 50.0000 36.5028 41.6425 50.5397
19071.0000 0.0353 74.8408 50.0000 36.2929 42.0030 50.1967
19072.0000 0.0343 74.5823 50.0000 36.1590 42.0424 49.8747
19073.0000 0.0345 74.7379 50.0000 36.1981 42.1515 49.9871
19074.0000 0.0369 74.8661 50.0000 35.9487 42.2594 50.2669
19075.0000 0.0369 74.8175 50.0000 36.0591 42.0323 50.3059
19076.0000 0.0374 75.0879 50.0000 36.1423 42.1702 50.5332
19077.0000 0.0344 74.7367 50.0000 36.3738 41.9207 50.0517
19078.0000 0.0368 75.1483 50.0000 36.2089 42.2472 50.5110
19079.0000 0.0363 74.6345 50.0000 36.2396 41.6728 50.2034
19080.0000 0.0356 74.7463 50.0000 36.0014 42.2406 50.0664
19081.0000 0.0352 74.6078 50.0000 36.2209 41.8344 50.0426
19082.0000 0.0389 74.5218 50.0000 35.6893 41.8623 50.2724
19083.0000 0.0376 74.4419 50.0000 35.7666 41.8751 50.0883
19084.0000 0.0373 74.5931 50.0000 35.8899 41.9330 50.1764
19085.0000 0.0389 74.6337 50.0000 35.8321 41.8069 50.3829
19086.0000 0.0381 74.4357 50.0000 35.6093 41.9982 50.0879
19087.0000 0.0435 74.6699 50.0000 35.6333 41.4275 50.8883
19088.0000 0.0450 74.5954 50.0000 35.5022 41.2972 50.9766
19089.0000 0.0436 74.2405 50.0000 35.3261 41.3120 50.5672
19090.0000 0.0441 74.0313 50.0000 35.2309 41.1177 50.4852
19091.0000 0.0477 73.9392 50.0000 34.9755 40.8369 50.7550
19092.0000 0.0458 74.0556 50.0000 35.4658 40.6166 50.7612
19093.0000 0.0452 74.3159 50.0000 35.4680 40.9856 50.8434
19094.0000 0.0459 74.4473 50.0000 35.7109 40.7473 51.0568
19095.0000 0.0488 74.5721 50.0000 35.1373 41.2149 51.2610
19096.0000 0.0499 74.5447 50.0000 35.3549 40.7720 51.4255
19097.0000 0.0509 74.8237 50.0000 35.3994 40.9027 51.6956
19098.0000 0.0516 74.7248 50.0000 35.4042 40.6920 51.7157
19099.0000 0.0546 74.7018 50.0000 35.4581 40.2335 52.0033
19100.0000 0.0544 74.9583 50.0000 35.3902 40.6282 52.1117
19101.0000 0.0555 74.7026 50.0000 35.2265 40.4084 52.0263
19102.0000 0.0560 75.0354 50.0000 35.1848 40.7666 52.2534
19103.0000 0.0560 75.2099 50.0000 35.4094 40.6878 52.4138
19104.0000 0.0565 75.3173 50.0000 35.5942 40.5233 52.5700
19105.0000 0.0577 75.1931 50.0000 35.4005 40.4817 52.5551
19106.0000 0.0623 75.2837 50.0000 34.9668 40.5547 52.9176
19107.0000 0.0564 74.9111 50.0000 35.1950 40.5638 52.2262
19108.0000 0.0543 75.2014 50.0000 35.4077 40.8841 52.2498
19109.0000 0.0566 75.2567 50.0000 35.5520 40.4930 52.5352
19110.0000 0.0549 75.1287 50.0000 35.3348 40.8176 52.2465
19111.0000 0.0566 75.1663 50.0000 35.5594 40.3962 52.4753
19112.0000 0.0576 74.9961 50.0000 35.7907 39.8277 52.5090
19113.0000 0.0553 74.8642 50.0000 35.8914 39.8305 52.2493
19114.0000 0.0593 75.1797 50.0000 35.6775 39.9639 52.7446
19115.0000 0.0581 75.0828 50.0000 35.4675 40.2321 52.5439
19116.0000 0.0541 75.1875 50.0000 35.9812 40.2175 52.3551
19117.0000 0.0534 75.4044 50.0000 36.1523 40.3444 52.4515
19118.0000 0.0541 75.5050 50.0000 36.2983 40.1999 52.6062
19119.0000 0.0497 75.1980 50.0000 36.3512 40.3295 52.0275
19120.0000 0.0477 75.2869 50.0000 36.6565 40.3281 51.9429
19121.0000 0.0464 74.8110 50.0000 36.1222 40.5887 51.4241
19122.0000 0.0469 75.0784 50.0000 36.1804 40.7491 51.6455
19123.0000 0.0433 75.1372 50.0000 36.5980 40.7842 51.4086
19124.0000 0.0450 75.0896 50.0000 36.3187 40.8433 51.4901
19125.0000 0.0467 74.8423 50.0000 36.0274 40.7029 51.4458
19126.0000 0.0507 75.2620 50.0000 36.4294 40.1928 52.1710
19127.0000 0.0495 75.3272 50.0000 36.4207 40.4172 52.0977
19128.0000 0.0539 75.5554 50.0000 36.4485 40.1112 52.6423
19129.0000 0.0537 75.7533 50.0000 36.3719 40.4320 52.7342
19130.0000 0.0524 75.7913 50.0000 36.3566 40.6469 52.6341
19131.0000 0.0542 76.1593 50.0000 36.2700 40.9273 53.0065
19132.0000 0.0577 76.0829 50.0000 36.1008 40.6277 53.2422
19133.0000 0.0582 75.9615 50.0000 35.8393 40.7486 53.1531
19134.0000 0.0596 76.0955 50.0000 35.8024 40.7721 53.3512
19135.0000 0.0575 76.0059 50.0000 35.8883 40.8177 53.1304
19136.0000 0.0598 76.1240 50.0000 35.8206 40.7541 53.3935
19137.0000 0.0593 76.0930 50.0000 35.7025 40.9134 53.3064
19138.0000 0.0636 76.2176 50.0000 35.6041 40.6721 53.7332
19139.0000 0.0625 76.0359 50.0000 35.3536 40.8901 53.4751
19140.0000 0.0611 76.1832 50.0000 35.4734 41.0749 53.4637
19141.0000 0.0654 76.1526 50.0000 35.5560 40.4548 53.8368
19142.0000 0.0661 76.2991 50.0000 35.2978 40.8350 53.9271
19143.0000 0.0612 76.0657 50.0000 35.7396 40.6268 53.4616
19144.0000 0.0590 75.9832 50.0000 35.7095 40.8272 53.2111
19145.0000 0.0567 75.8138 50.0000 36.0988 40.4573 52.9888
19146.0000 0.0615 76.2329 50.0000 36.2286 40.2097 53.6854
19147.0000 0.0624 76.0866 50.0000 36.3078 39.8710 53.6770
19148.0000 0.0657 76.1275 50.0000 36.3830 39.4863 53.9676
19149.0000 0.0678 76.1390 50.0000 36.3477 39.3159 54.1317
19150.0000 0.0641 75.8140 50.0000 36.6069 39.0813 53.6689
19151.0000 0.0670 75.9970 50.0000 36.3651 39.2324 53.9809
19152.0000 0.0687 75.6312 50.0000 36.3063 38.7489 53.8558
19153.0000 0.0651 75.7863 50.0000 36.6075 38.9541 53.7218
19154.0000 0.0638 75.7006 50.0000 37.0383 38.5456 53.6003
19155.0000 0.0667 75.8028 50.0000 36.6017 38.8131 53.8509
19156.0000 0.0663 75.7911 50.0000 36.6520 38.7928 53.8148
19157.0000 0.0663 75.3512 50.0000 36.2466 38.7696 53.4875
19158.0000 0.0649 75.3568 50.0000 36.3339 38.8269 53.3944
19159.0000 0.0672 75.0501 50.0000 35.9343 38.7000 53.3250
19160.0000 0.0679 75.3572 50.0000 36.0433 38.8227 53.5947
19161.0000 0.0603 75.1311 50.0000 36.4382 38.9606 52.9057
19162.0000 0.0594 75.0639 50.0000 36.3218 39.1110 52.7793
19163.0000 0.0580 75.2383 50.0000 36.2953 39.4779 52.7726
19164.0000 0.0603 75.1343 50.0000 35.7823 39.6871 52.8178
19165.0000 0.0667 75.3378 50.0000 35.8280 39.1588 53.4670
19166.0000 0.0617 75.1929 50.0000 35.8114 39.5640 52.9736
19167.0000 0.0610 75.4931 50.0000 36.1007 39.6327 53.1526
19168.0000 0.0635 75.6505 50.0000 35.9271 39.7216 53.4270
19169.0000 0.0643 75.8740 50.0000 35.7751 40.0322 53.6137
19170.0000 0.0616 75.7927 50.0000 35.9143 40.0943 53.3586
19171.0000 0.0590 75.4027 50.0000 35.9963 39.8693 52.9176
19172.0000 0.0554 75.4909 50.0000 36.4267 39.8868 52.7353
19173.0000 0.0573 75.7523 50.0000 36.2779 40.1241 53.0320
19174.0000 0.0552 75.6443 50.0000 36.3304 40.1802 52.7988
19175.0000 0.0579 75.7758 50.0000 36.4848 39.8409 53.1370
19176.0000 0.0553 75.8538 50.0000 36.5391 40.1599 52.9705
19177.0000 0.0518 75.4163 50.0000 36.3560 40.3055 52.3577
19178.0000 0.0570 75.7182 50.0000 36.1514 40.2569 52.9689
19179.0000 0.0549 75.8874 50.0000 36.1309 40.7129 52.8765
19180.0000 0.0550 76.2092 50.0000 36.2533 40.9060 53.1060
19181.0000 0.0600 76.2541 50.0000 36.2399 40.3881 53.5738
19182.0000 0.0589 76.3594 50.0000 36.2338 40.6414 53.5364
19183.0000 0.0529 76.3087 50.0000 36.5474 40.9340 53.0256
19184.0000 0.0542 76.4014 50.0000 36.3969 41.0522 53.1711
19185.0000 0.0591 76.3385 50.0000 36.0508 40.8019 53.5081
19186.0000 0.0651 76.1185 50.0000 35.7757 40.2058 53.8296
19187.0000 0.0615 76.2698 50.0000 35.9089 40.6179 53.6454
19188.0000 0.0609 76.4421 50.0000 36.4232 40.2861 53.7939
19189.0000 0.0617 76.5553 50.0000 36.1895 40.5736 53.8963
19190.0000 0.0617 76.4670 50.0000 36.2316 40.4420 53.8416
19191.0000 0.0603 76.4732 50.0000 36.5833 40.2041 53.7907
19192.0000 0.0588 76.3148 50.0000 36.8252 39.9362 53.6000
19193.0000 0.0589 76.1405 50.0000 36.6273 39.9580 53.4713
19194.0000 0.0532 76.1871 50.0000 36.9806 40.2690 53.0595
19195.0000 0.0485 76.1119 50.0000 36.9034 40.8412 52.5657
19196.0000 0.0512 76.1614 50.0000 36.7967 40.6827 52.8345
19197.0000 0.0506 76.3670 50.0000 37.1630 40.5633 52.9665
19198.0000 0.0586 76.8692 50.0000 36.6742 40.7176 53.9069
19199.0000 0.0600 77.0263 50.0000 36.5224 40.8918 54.1019
19200.0000 0.0596 77.1641 50.0000 36.7499 40.8271 54.1932
19201.0000 0.0560 76.9627 50.0000 36.9665 40.7878 53.7875
19202.0000 0.0502 76.8351 50.0000 37.1951 41.0875 53.2163
19203.0000 0.0556 77.0197 50.0000 36.8255 41.0606 53.7582
19204.0000 0.0600 77.0591 50.0000 36.9739 40.4221 54.1950
19205.0000 0.0573 76.7710 50.0000 36.8632 40.5474 53.7662
19206.0000 0.0554 76.6732 50.0000 36.7781 40.7594 53.5240
19207.0000 0.0567 76.8433 50.0000 36.8156 40.7532 53.7464
19208.0000 0.0617 76.9774 50.0000 36.7386 40.4123 54.2462
19209.0000 0.0600 77.2257 50.0000 37.0934 40.4707 54.3140
19210.0000 0.0585 77.2389 50.0000 37.0340 40.7183 54.1880
19211.0000 0.0583 76.9565 50.0000 36.9245 40.5617 53.9781
19212.0000 0.0547 76.6813 50.0000 37.1393 40.4458 53.5240
19213.0000 0.0535 76.4523 50.0000 37.0697 40.4245 53.2603
19214.0000 0.0565 76.6286 50.0000 36.7637 40.6043 53.5879
19215.0000 0.0550 76.3728 50.0000 36.6420 40.6410 53.2775
19216.0000 0.0595 76.5438 50.0000 36.3876 40.5873 53.7361
19217.0000 0.0569 76.2512 50.0000 36.1240 40.8739 53.2788
19218.0000 0.0592 76.3942 50.0000 36.5092 40.3283 53.6356
19219.0000 0.0617 76.6688 50.0000 36.4916 40.3570 54.0164
19220.0000 0.0590 76.6314 50.0000 36.8412 40.2330 53.8182
19221.0000 0.0609 76.7967 50.0000 36.8166 40.2245 54.0764
19222.0000 0.0607 76.9928 50.0000 37.0580 40.1867 54.2184
19223.0000 0.0648 76.8517 50.0000 36.3781 40.3344 54.3687
19224.0000 0.0589 76.4508 50.0000 36.3694 40.5847 53.6179
19225.0000 0.0603 76.6788 50.0000 36.3386 40.7025 53.8744
19226.0000 0.0592 77.0482 50.0000 36.8809 40.6112 54.1013
19227.0000 0.0489 76.5753 50.0000 37.4586 40.6661 52.9801
19228.0000 0.0541 76.7401 50.0000 36.6709 41.1105 53.4249
19229.0000 0.0555 76.8011 50.0000 36.7114 40.9652 53.5959
19230.0000 0.0625 76.9819 50.0000 36.2372 40.8842 54.2361
19231.0000 0.0606 77.3119 50.0000 36.4522 41.2091 54.3156
19232.0000 0.0565 77.0249 50.0000 36.9132 40.8579 53.8598
19233.0000 0.0598 77.2317 50.0000 36.9541 40.6493 54.2841
19234.0000 0.0655 76.8745 50.0000 36.3142 40.3582 54.4259
19235.0000 0.0655 76.8451 50.0000 36.3324 40.3038 54.4126
19236.0000 0.0630 76.6581 50.0000 36.5172 40.1801 54.1158
19237.0000 0.0614 76.7041 50.0000 36.7064 40.1947 54.0420
19238.0000 0.0643 76.5765 50.0000 36.3948 40.0860 54.1525
19239.0000 0.0666 77.0004 50.0000 36.5096 40.1557 54.6226
19240.0000 0.0705 76.7407 50.0000 36.4805 39.5126 54.7454
19241.0000 0.0682 76.5977 50.0000 36.4065 39.6881 54.4668
19242.0000 0.0672 76.4416 50.0000 36.5332 39.4889 54.3072
19243.0000 0.0729 76.8154 50.0000 36.2586 39.5845 54.9453
19244.0000 0.0770 77.1121 50.0000 36.2116 39.5277 55.4307
19245.0000 0.0814 77.5913 50.0000 36.2532 39.5365 56.0623
19246.0000 0.0764 77.3334 50.0000 36.4319 39.5781 55.5585
19247.0000 0.0766 77.6947 50.0000 36.7255 39.6110 55.8451
19248.0000 0.0712 77.3889 50.0000 36.9072 39.6540 55.2671
19249.0000 0.0731 77.2767 50.0000 36.8740 39.3807 55.3277
19250.0000 0.0724 77.2557 50.0000 36.8917 39.4050 55.2693
19251.0000 0.0670 76.8579 50.0000 36.9085 39.5359 54.6059
19252.0000 0.0732 77.2029 50.0000 36.7064 39.4687 55.2734
19253.0000 0.0662 76.7220 50.0000 37.1415 39.2370 54.4724
19254.0000 0.0743 77.2977 50.0000 36.9219 39.2278 55.4336
19255.0000 0.0769 77.4124 50.0000 36.8580 39.1534 55.6882
19256.0000 0.0783 77.5970 50.0000 37.1544 38.8946 55.9290
19257.0000 0.0772 77.8230 50.0000 37.3674 39.0094 56.0211
19258.0000 0.0816 77.9394 50.0000 37.1736 38.9058 56.3828
19259.0000 0.0775 78.1094 50.0000 37.5390 39.0905 56.2479
19260.0000 0.0808 78.5759 50.0000 38.0011 38.7586 56.8143
19261.0000 0.0757 78.2386 50.0000 38.1710 38.7471 56.2398
19262.0000 0.0738 78.4838 50.0000 37.9277 39.4248 56.2751
19263.0000 0.0663 78.1003 50.0000 38.1428 39.5741 55.4858
19264.0000 0.0689 78.4706 50.0000 38.1934 39.6332 55.9295
19265.0000 0.0698 78.6801 50.0000 38.0316 39.9173 56.1317
19266.0000 0.0696 78.8409 50.0000 37.9921 40.1404 56.2249
19267.0000 0.0709 78.8256 50.0000 37.7353 40.2651 56.2871
19268.0000 0.0524 75.8187 49.0000 37.5162 39.3941 52.8120
19269.0000 0.0672 79.0453 50.0000 37.7135 40.9056 56.1479
19270.0000 0.0767 79.3152 50.0000 37.5686 40.3499 57.0210
19271.0000 0.0684 78.9703 50.0000 37.7517 40.6549 56.1987
19272.0000 0.0717 79.1735 50.0000 37.7478 40.5267 56.5786
19273.0000 0.0723 78.6755 50.0000 37.6531 40.0565 56.2811
19274.0000 0.0700 78.7851 50.0000 37.6901 40.3642 56.1897
19275.0000 0.0565 76.3007 49.0000 37.6343 39.3157 53.4764
19276.0000 0.0617 78.3975 50.0000 37.6203 40.9361 55.2732
19277.0000 0.0516 76.0464 49.0000 37.3110 39.9404 52.8745
19278.0000 0.0592 78.2228 50.0000 37.4987 41.1649 54.9373
19279.0000 0.0590 77.8630 50.0000 37.2146 41.1265 54.6473
19280.0000 0.0522 75.7526 49.0000 36.9382 39.9730 52.6895
19281.0000 0.0616 77.9547 50.0000 37.0629 41.0989 54.9014
19282.0000 0.0638 77.7806 50.0000 36.9347 40.8041 54.9606
19283.0000 0.0697 77.9135 50.0000 36.5984 40.6762 55.4664
19284.0000 0.0625 77.7846 50.0000 37.0610 40.8150 54.8732
19285.0000 0.0631 77.8746 50.0000 36.7010 41.2497 54.9177
19286.0000 0.0631 78.1256 50.0000 37.0865 41.0784 55.1432
19287.0000 0.0596 78.1501 50.0000 37.1584 41.4234 54.8707
19288.0000 0.0626 78.1374 50.0000 37.0329 41.2050 55.1014
19289.0000 0.0625 78.0015 50.0000 37.0449 41.0662 55.0043
19290.0000 0.0630 77.5384 50.0000 36.9861 40.5837 54.7466
19291.0000 0.0688 77.5992 50.0000 36.6410 40.4015 55.1977
19292.0000 0.0658 77.8610 50.0000 36.8892 40.7265 55.1623
19293.0000 0.0675 78.0785 50.0000 36.7807 40.8804 55.4277
19294.0000 0.0656 77.7865 50.0000 36.8495 40.7077 55.0975
19295.0000 0.0638 77.9742 50.0000 36.9789 40.9565 55.0917
19296.0000 0.0646 78.0075 50.0000 37.2651 40.5966 55.2123
19297.0000 0.0752 78.3877 50.0000 36.7771 40.3979 56.2147
19298.0000 0.0764 78.9354 50.0000 36.9335 40.6638 56.6849
19299.0000 0.0749 78.6574 50.0000 36.6796 40.8102 56.3571
19300.0000 0.0630 75.7273 49.0000 36.3945 39.3432 53.4993
19301.0000 0.0620 76.0123 49.0000 36.9546 39.1430 53.6661
19302.0000 0.0724 78.1318 50.0000 36.8803 40.3107 55.8522
19303.0000 0.0728 78.2369 50.0000 36.8782 40.3808 55.9500
19304.0000 0.0641 75.8066 49.0000 36.3461 39.3562 53.6348
19305.0000 0.0729 77.8842 50.0000 36.8738 40.0218 55.7183
19306.0000 0.0683 77.6587 50.0000 36.6460 40.5152 55.1949
19307.0000 0.0721 77.4064 50.0000 36.4373 40.0842 55.2931
19308.0000 0.0671 77.7560 50.0000 37.1263 40.2147 55.2305
19309.0000 0.0734 77.8267 50.0000 36.4139 40.4022 55.6658
19310.0000 0.0748 77.8483 50.0000 36.1590 40.5609 55.7467
19311.0000 0.0746 78.0529 50.0000 36.6679 40.2374 55.9345
19312.0000 0.0698 77.8214 50.0000 36.9072 40.2389 55.4514
19313.0000 0.0720 77.8064 50.0000 36.9484 39.9465 55.6141
19314.0000 0.0727 77.5300 50.0000 36.8741 39.6747 55.4718
19315.0000 0.0728 77.4144 50.0000 36.9219 39.5020 55.4018
19316.0000 0.0687 77.4021 50.0000 36.8600 39.9736 55.0866
19317.0000 0.0672 77.1958 50.0000 36.7918 39.9899 54.8303
19318.0000 0.0661 77.2635 50.0000 36.6422 40.3412 54.7684
19319.0000 0.0631 76.9239 50.0000 36.4419 40.5297 54.2828
19320.0000 0.0518 74.4676 49.0000 36.4444 39.1924 51.7802
19321.0000 0.0662 76.9732 50.0000 36.4107 40.2808 54.5581
19322.0000 0.0659 77.2530 50.0000 36.8069 40.1689 54.7699
19323.0000 0.0540 74.9458 49.0000 36.4531 39.4381 52.2752
19324.0000 0.0565 74.9818 49.0000 36.7037 38.9234 52.5364
19325.0000 0.0691 77.0287 50.0000 36.2080 40.2497 54.7939
19326.0000 0.0651 76.8751 50.0000 36.5202 40.1706 54.4277
19327.0000 0.0625 76.7735 50.0000 36.7619 40.0854 54.1839
19328.0000 0.0611 76.7728 50.0000 37.0243 39.9486 54.1051
19329.0000 0.0609 77.1032 50.0000 37.1619 40.1665 54.3190
19330.0000 0.0622 77.2792 50.0000 36.9390 40.4549 54.5068
19331.0000 0.0590 77.1919 50.0000 37.2542 40.3762 54.2262
19332.0000 0.0615 77.4034 50.0000 37.3900 40.1684 54.5873
19333.0000 0.0614 77.7232 50.0000 37.5552 40.3285 54.8098
19334.0000 0.0646 77.9350 50.0000 37.5674 40.1890 55.2032
19335.0000 0.0629 78.0767 50.0000 37.4955 40.5975 55.1534
19336.0000 0.0674 78.6509 50.0000 37.6439 40.5538 55.8953
19337.0000 0.0733 78.4275 50.0000 37.2668 40.1103 56.1536
19338.0000 0.0690 78.4855 50.0000 37.9128 39.9310 55.9294
19339.0000 0.0702 78.5755 50.0000 37.8964 39.9176 56.0763
19340.0000 0.0654 78.6861 50.0000 38.6737 39.7190 55.8412
19341.0000 0.0635 78.2895 50.0000 38.6296 39.5587 55.4266
19342.0000 0.0617 78.4003 50.0000 38.7426 39.7445 55.3715
19343.0000 0.0583 78.5306 50.0000 38.5574 40.4441 55.1784
19344.0000 0.0536 78.0003 50.0000 38.3916 40.6008 54.4216
19345.0000 0.0534 77.7609 50.0000 38.5835 40.1716 54.2615
19346.0000 0.0575 78.1462 50.0000 38.4232 40.2803 54.8451
19347.0000 0.0566 78.1376 50.0000 38.5557 40.2345 54.7734
19348.0000 0.0559 77.8761 50.0000 38.5539 40.0440 54.5414
19349.0000 0.0560 77.7484 50.0000 38.5448 39.9110 54.4631
19350.0000 0.0553 77.4731 50.0000 38.5246 39.7247 54.2206
19351.0000 0.0549 77.9153 50.0000 38.9662 39.7684 54.5060
19352.0000 0.0580 77.6935 50.0000 38.5579 39.6128 54.5930
19353.0000 0.0579 77.6836 50.0000 38.4300 39.7500 54.5694
19354.0000 0.0543 77.4424 50.0000 37.9729 40.3911 54.0734
19355.0000 0.0580 77.7105 50.0000 37.9391 40.2862 54.5579
19356.0000 0.0555 77.4891 50.0000 38.1384 40.1221 54.2240
19357.0000 0.0554 77.2857 50.0000 37.9053 40.1648 54.0653
19358.0000 0.0562 77.1835 50.0000 37.6379 40.2615 54.0341
19359.0000 0.0587 77.1779 50.0000 37.5445 40.0725 54.2313
19360.0000 0.0618 77.2897 50.0000 37.1258 40.3064 54.5048
19361.0000 0.0611 77.4153 50.0000 37.0263 40.6197 54.5180
19362.0000 0.0602 77.3513 50.0000 36.7751 40.9408 54.3568
19363.0000 0.0502 76.8165 50.0000 36.9388 41.3660 53.1522
19364.0000 0.0503 77.0794 50.0000 36.9778 41.5999 53.3229
19365.0000 0.0534 77.1426 50.0000 36.7692 41.5281 53.6136
19366.0000 0.0495 76.7713 50.0000 36.9922 41.3459 53.0654
19367.0000 0.0478 76.9321 50.0000 37.3631 41.2970 53.0764
19368.0000 0.0486 76.9103 50.0000 36.8213 41.8137 53.0188
19369.0000 0.0493 76.8523 50.0000 36.7169 41.7824 53.0319
19370.0000 0.0479 76.6816 50.0000 36.7799 41.7053 52.8013
19371.0000 0.0492 76.6371 50.0000 36.2539 42.1176 52.7732
19372.0000 0.0504 76.5851 50.0000 35.8418 42.4274 52.7311
19373.0000 0.0506 76.8115 50.0000 36.3024 42.0730 53.0283
19374.0000 0.0485 76.5020 50.0000 36.3975 41.8841 52.6640
19375.0000 0.0479 76.3465 50.0000 36.4065 41.7825 52.5126
19376.0000 0.0471 76.1857 50.0000 36.2917 41.8407 52.3118
19377.0000 0.0532 76.2981 50.0000 35.8865 41.6707 52.8877
19378.0000 0.0538 76.3843 50.0000 36.0658 41.4732 53.0452
19379.0000 0.0517 76.4364 50.0000 36.2362 41.5912 52.9116
19380.0000 0.0532 76.1613 50.0000 35.6892 41.7537 52.7585
19381.0000 0.0539 76.1719 50.0000 35.5480 41.8531 52.7903
19382.0000 0.0508 75.9455 50.0000 35.6071 41.9357 52.3570
19383.0000 0.0537 75.9381 50.0000 35.7530 41.3625 52.7017
19384.0000 0.0531 75.9514 50.0000 35.5299 41.7259 52.5851
19385.0000 0.0508 75.8403 50.0000 35.6112 41.8006 52.3098
19386.0000 0.0520 75.7815 50.0000 35.4981 41.7273 52.3599
19387.0000 0.0506 76.0086 50.0000 35.7302 41.8757 52.4127
19388.0000 0.0518 75.8500 50.0000 35.8020 41.4510 52.4715
19389.0000 0.0512 75.7319 50.0000 36.0406 41.1074 52.4078
19390.0000 0.0514 75.9029 50.0000 35.9971 41.3232 52.5152
19391.0000 0.0527 75.9582 50.0000 36.0305 41.1732 52.6898
19392.0000 0.0545 75.5734 50.0000 35.6688 40.9565 52.5514
19393.0000 0.0562 75.4503 50.0000 35.5474 40.7673 52.6038
19394.0000 0.0482 75.2086 50.0000 35.9026 41.0605 51.7820
19395.0000 0.0521 75.5542 50.0000 35.7734 41.1163 52.3274
19396.0000 0.0501 75.8615 50.0000 35.9281 41.5233 52.3446
19397.0000 0.0521 75.6980 50.0000 35.7289 41.3334 52.3945
19398.0000 0.0569 75.6986 50.0000 35.4431 41.0776 52.7892
19399.0000 0.0561 75.6770 50.0000 35.2249 41.4156 52.6400
19400.0000 0.0583 75.9421 50.0000 35.3529 41.2800 53.0409
19401.0000 0.0545 76.0130 50.0000 35.3139 41.8896 52.6892
19402.0000 0.0524 75.9031 50.0000 35.2938 42.0609 52.4071
19403.0000 0.0524 75.9330 50.0000 35.2635 42.1357 52.4108
19404.0000 0.0541 76.0059 50.0000 35.2677 41.9875 52.6321
19405.0000 0.0525 75.9692 50.0000 35.4693 41.9016 52.5120
19406.0000 0.0540 75.8997 50.0000 35.7653 41.2685 52.7116
19407.0000 0.0516 75.4619 50.0000 35.3016 41.6619 52.0825
19408.0000 0.0529 75.6104 50.0000 35.2678 41.6928 52.2956
19409.0000 0.0586 75.6763 50.0000 35.1022 41.2638 52.8397
19410.0000 0.0586 75.9317 50.0000 35.1244 41.5132 52.9958
19411.0000 0.0637 76.2777 50.0000 34.8746 41.5880 53.5955
19412.0000 0.0592 76.2902 50.0000 35.4650 41.4264 53.3505
19413.0000 0.0557 76.2861 50.0000 35.6410 41.6332 53.0656
19414.0000 0.0533 76.1396 50.0000 35.4212 42.0610 52.6636
19415.0000 0.0578 76.5905 50.0000 35.4802 41.9084 53.3943
19416.0000 0.0602 76.4623 50.0000 35.2192 41.7943 53.4727
19417.0000 0.0611 76.6011 50.0000 35.0291 42.0738 53.5769
19418.0000 0.0591 76.3749 50.0000 35.2220 41.8266 53.3204
19419.0000 0.0640 76.5280 50.0000 35.0147 41.6534 53.8098
19420.0000 0.0622 76.4971 50.0000 35.1836 41.6328 53.6715
19421.0000 0.0625 76.4945 50.0000 34.9951 41.8262 53.6406
19422.0000 0.0622 76.1768 50.0000 34.8584 41.6810 53.3899
19423.0000 0.0574 76.1297 50.0000 35.2073 41.7803 53.0150
19424.0000 0.0552 75.9801 50.0000 35.2880 41.7981 52.7319
19425.0000 0.0556 76.1431 50.0000 35.3060 41.9037 52.8709
19426.0000 0.0542 76.0644 50.0000 35.4344 41.8322 52.7283
19427.0000 0.0473 75.4558 50.0000 35.5632 41.9038 51.7002
19428.0000 0.0519 75.8958 50.0000 35.7489 41.5573 52.4899
19429.0000 0.0558 75.8028 50.0000 35.3040 41.5022 52.6998
19430.0000 0.0604 75.6417 50.0000 35.0840 41.0301 52.9840
19431.0000 0.0598 75.7978 50.0000 35.2973 41.0197 53.0735
19432.0000 0.0579 75.7180 50.0000 34.9129 41.6234 52.7428
19433.0000 0.0582 75.5643 50.0000 35.1326 41.1413 52.7547
19434.0000 0.0536 74.9933 50.0000 35.1160 41.0989 51.9782
19435.0000 0.0485 74.7240 50.0000 35.1261 41.4436 51.3056
19436.0000 0.0535 74.9433 50.0000 35.1490 41.0192 51.9468
19437.0000 0.0549 74.7973 50.0000 34.8854 40.9974 51.9313
19438.0000 0.0550 74.9886 50.0000 34.8442 41.2509 52.0340
19439.0000 0.0509 74.7505 50.0000 35.2254 41.0359 51.6029
19440.0000 0.0498 74.5910 50.0000 34.9130 41.3876 51.3027
19441.0000 0.0500 75.0238 50.0000 34.8801 41.9097 51.5318
19442.0000 0.0482 75.1587 50.0000 35.1936 41.9111 51.5140
19443.0000 0.0521 75.2413 50.0000 35.1639 41.5086 51.9788
19444.0000 0.0548 75.4729 50.0000 35.0781 41.5319 52.3525
19445.0000 0.0526 75.2016 50.0000 35.1399 41.4275 52.0022
19446.0000 0.0509 74.9061 50.0000 35.0422 41.4386 51.6315
19447.0000 0.0519 75.0752 50.0000 35.1185 41.4112 51.8468
19448.0000 0.0570 75.3874 50.0000 34.8569 41.4371 52.4520
19449.0000 0.0552 75.7399 50.0000 35.1870 41.6535 52.5680
19450.0000 0.0559 75.9692 50.0000 35.2657 41.7268 52.7875
19451.0000 0.0558 75.8295 50.0000 35.3735 41.4465 52.7354
19452.0000 0.0556 75.5417 50.0000 35.2092 41.3535 52.5047
19453.0000 0.0530 75.6413 50.0000 35.2515 41.7398 52.3137
19454.0000 0.0541 75.5576 50.0000 35.1013 41.6946 52.3299
19455.0000 0.0502 75.2873 50.0000 35.3951 41.5251 51.8752
19456.0000 0.0474 74.9119 50.0000 35.2905 41.6095 51.3325
19457.0000 0.0540 74.9187 50.0000 35.1196 40.9653 51.9737
19458.0000 0.0506 74.9907 50.0000 35.2964 41.2617 51.7227
19459.0000 0.0491 75.2974 50.0000 35.6599 41.3441 51.8530
19460.0000 0.0492 75.5714 50.0000 35.7707 41.5046 52.0467
19461.0000 0.0493 75.6395 50.0000 35.7698 41.5817 52.0847
19462.0000 0.0508 75.6520 50.0000 35.7917 41.3703 52.2559
19463.0000 0.0501 75.9666 50.0000 35.8962 41.6811 52.3935
19464.0000 0.0483 75.9961 50.0000 36.0282 41.7973 52.2528
19465.0000 0.0517 76.2160 50.0000 36.0948 41.5121 52.7522
19466.0000 0.0509 76.1745 50.0000 36.2257 41.4147 52.6789
19467.0000 0.0516 76.2289 50.0000 36.1868 41.4307 52.7717
19468.0000 0.0489 76.5120 50.0000 36.3397 41.9163 52.6929
19469.0000 0.0536 76.5368 50.0000 36.0000 41.7452 53.0963
19470.0000 0.0524 75.9800 50.0000 35.6764 41.6668 52.5740
19471.0000 0.0519 75.7520 50.0000 35.8693 41.2362 52.4532
19472.0000 0.0512 75.8123 50.0000 35.6911 41.6205 52.3581
19473.0000 0.0496 75.8065 50.0000 36.3440 41.0284 52.3680
19474.0000 0.0488 76.1305 50.0000 36.5355 41.2622 52.5209
19475.0000 0.0505 76.3595 50.0000 36.3578 41.5132 52.7782
19476.0000 0.0492 75.9484 50.0000 36.3021 41.2806 52.4044
19477.0000 0.0488 76.0137 50.0000 36.2731 41.4390 52.3943
19478.0000 0.0492 76.1639 50.0000 36.0997 41.7805 52.4608
19479.0000 0.0511 76.6513 50.0000 36.2310 41.9118 52.9730
19480.0000 0.0435 76.0900 50.0000 36.4291 42.0630 51.8971
19481.0000 0.0430 76.2400 50.0000 37.0474 41.5296 52.1087
19482.0000 0.0433 76.1811 50.0000 36.6848 41.8779 52.0002
19483.0000 0.0441 76.2944 50.0000 37.0560 41.4382 52.2548
19484.0000 0.0427 76.3020 50.0000 36.9023 41.8258 52.0655
19485.0000 0.0440 76.3672 50.0000 36.9643 41.6430 52.2633
19486.0000 0.0475 76.2984 50.0000 36.7790 41.3289 52.5421
19487.0000 0.0444 76.0615 50.0000 36.7378 41.5218 52.0733
19488.0000 0.0424 76.1447 50.0000 36.8887 41.7109 51.9369
19489.0000 0.0395 76.0422 50.0000 37.0529 41.7915 51.6039
19490.0000 0.0444 76.1821 50.0000 36.7932 41.5902 52.1558
19491.0000 0.0459 76.3783 50.0000 36.9457 41.4244 52.4659
19492.0000 0.0466 76.3618 50.0000 37.0470 41.1979 52.5488
19493.0000 0.0445 76.1358 50.0000 37.2079 41.0249 52.2417
19494.0000 0.0474 76.3732 50.0000 37.0603 41.0883 52.6418
19495.0000 0.0437 76.4125 50.0000 37.5617 41.0282 52.3897
19496.0000 0.0410 76.3118 50.0000 37.5149 41.3332 52.0356
19497.0000 0.0422 76.3471 50.0000 37.6079 41.1029 52.2023
19498.0000 0.0466 76.6744 50.0000 37.5765 40.9324 52.8347
19499.0000 0.0451 76.6074 50.0000 37.4334 41.2082 52.6243
19500.0000 0.0468 76.5795 50.0000 37.2084 41.2149 52.7379
19501.0000 0.0445 76.2520 50.0000 37.1824 41.1825 52.3053
19502.0000 0.0470 76.3916 50.0000 37.0446 41.1840 52.6047
19503.0000 0.0450 76.7231 50.0000 37.2806 41.5282 52.6497
19504.0000 0.0465 76.9311 50.0000 37.4116 41.4102 52.9524
19505.0000 0.0465 76.5568 50.0000 37.3968 41.0148 52.7276
19506.0000 0.0420 76.2396 50.0000 37.4486 41.1947 52.0872
19507.0000 0.0397 76.2438 50.0000 37.7380 41.1752 51.8995
19508.0000 0.0392 76.4841 50.0000 37.8504 41.3749 52.0123
19509.0000 0.0369 76.5340 50.0000 38.1092 41.4530 51.8343
19510.0000 0.0384 76.7161 50.0000 37.9497 41.6395 52.0704
19511.0000 0.0362 76.9507 50.0000 38.1328 41.9984 51.9945
19512.0000 0.0351 76.5362 50.0000 37.7336 42.1753 51.5287
19513.0000 0.0341 76.4413 50.0000 37.7884 42.1618 51.3586
19514.0000 0.0345 76.5062 50.0000 38.1754 41.6906 51.5532
19515.0000 0.0336 76.5438 50.0000 38.2489 41.7832 51.4796
19516.0000 0.0354 76.5284 50.0000 38.1493 41.6184 51.6636
19517.0000 0.0327 76.7135 50.0000 38.4606 41.8603 51.5117
19518.0000 0.0368 76.9309 50.0000 38.1953 41.8201 52.0631
19519.0000 0.0354 77.0271 50.0000 38.2571 42.0540 51.9715
19520.0000 0.0319 76.8900 50.0000 38.4773 42.1682 51.5112
19521.0000 0.0344 77.0041 50.0000 38.1376 42.3325 51.7987
19522.0000 0.0340 77.2205 50.0000 38.3497 42.3763 51.9283
19523.0000 0.0379 77.2400 50.0000 38.3176 41.8618 52.3962
19524.0000 0.0318 77.2667 50.0000 38.8592 42.1575 51.7963
19525.0000 0.0383 77.3626 50.0000 38.1219 42.1783 52.4660
19526.0000 0.0407 77.2497 50.0000 37.9385 41.9219 52.6378
19527.0000 0.0405 77.2229 50.0000 37.9365 41.9261 52.5965
19528.0000 0.0443 77.4772 50.0000 37.5786 42.1125 53.0764
19529.0000 0.0412 77.3043 50.0000 37.8718 42.0032 52.7011
19530.0000 0.0435 77.4177 50.0000 37.6141 42.1196 52.9586
19531.0000 0.0471 77.8024 50.0000 37.0689 42.7290 53.4167
19532.0000 0.0472 77.7641 50.0000 37.5502 42.0737 53.5447
19533.0000 0.0434 77.5780 50.0000 37.6719 42.2344 53.0606
19534.0000 0.0414 77.7236 50.0000 37.9263 42.3760 52.9795
19535.0000 0.0404 77.5237 50.0000 38.0889 42.0907 52.7971
19536.0000 0.0407 77.7761 50.0000 37.9863 42.4716 52.9369
19537.0000 0.0456 78.2819 50.0000 37.7904 42.5925 53.7198
19538.0000 0.0418 78.2158 50.0000 38.1314 42.6373 53.3457
19539.0000 0.0430 78.0939 50.0000 38.1733 42.2701 53.4293
19540.0000 0.0422 78.5223 50.0000 38.2705 42.7563 53.6007
19541.0000 0.0387 78.1790 50.0000 38.6051 42.4691 53.0847
19542.0000 0.0421 78.2213 50.0000 38.1915 42.5175 53.4064
19543.0000 0.0428 77.8302 50.0000 38.1728 42.0058 53.2531
19544.0000 0.0340 74.8647 49.0000 36.6469 41.7670 50.1722
19545.0000 0.0420 77.8821 50.0000 38.0932 42.2763 53.1719
19546.0000 0.0360 77.8127 50.0000 38.8013 42.2128 52.6057
19547.0000 0.0326 77.7104 50.0000 39.1334 42.2147 52.2053
19548.0000 0.0322 77.5238 50.0000 38.7401 42.5288 51.9658
19549.0000 0.0337 77.9133 50.0000 38.9491 42.4960 52.4170
19550.0000 0.0351 78.1294 50.0000 38.7124 42.8176 52.6518
19551.0000 0.0335 77.7224 50.0000 38.8367 42.4367 52.2647
19552.0000 0.0330 77.5951 50.0000 38.9897 42.1923 52.1595
19553.0000 0.0374 77.8502 50.0000 38.9692 41.8545 52.8229
19554.0000 0.0376 77.9261 50.0000 38.9937 41.8810 52.8956
19555.0000 0.0389 77.8145 50.0000 38.5472 42.0968 52.8873
19556.0000 0.0418 78.2147 50.0000 38.3001 42.4338 53.3855
19557.0000 0.0429 78.5967 50.0000 38.5789 42.3697 53.7951
19558.0000 0.0404 78.7161 50.0000 38.7890 42.6131 53.6262
19559.0000 0.0386 78.2676 50.0000 38.7263 42.4364 53.1531
19560.0000 0.0359 78.1017 50.0000 39.1152 42.1892 52.8199
19561.0000 0.0238 76.6111 49.0000 39.8714 41.5279 50.5465
19562.0000 0.0344 77.9755 50.0000 39.3434 41.9975 52.6164
19563.0000 0.0360 77.9889 50.0000 39.1904 41.9647 52.7764
19564.0000 0.0362 77.7712 50.0000 39.1250 41.7639 52.6628
19565.0000 0.0344 77.5729 50.0000 39.1261 41.8015 52.3387
19566.0000 0.0358 77.9151 50.0000 38.8246 42.3339 52.6427
19567.0000 0.0371 77.6380 50.0000 38.5362 42.1626 52.5827
19568.0000 0.0358 77.2102 50.0000 38.5372 41.8706 52.1839
19569.0000 0.0340 77.3458 50.0000 38.7549 42.0360 52.0904
19570.0000 0.0284 77.0248 50.0000 39.0371 42.2144 51.2531
19571.0000 0.0261 76.8924 50.0000 39.3556 42.0587 50.9376
19572.0000 0.0277 76.8908 50.0000 39.3112 41.8416 51.1479
19573.0000 0.0302 76.9672 50.0000 38.8496 42.0721 51.4257
19574.0000 0.0375 77.5266 50.0000 38.5786 41.9286 52.5743
19575.0000 0.0315 76.9998 50.0000 38.7895 41.9777 51.5967
19576.0000 0.0341 77.2248 50.0000 38.6859 41.9695 52.0156
19577.0000 0.0341 77.1983 50.0000 38.8300 41.7593 52.0382
19578.0000 0.0347 77.1739 50.0000 38.8440 41.6422 52.0853
19579.0000 0.0323 76.9211 50.0000 38.9607 41.5758 51.6757
19580.0000 0.0356 77.3029 50.0000 38.9402 41.5340 52.2908
19581.0000 0.0384 77.3200 50.0000 38.4636 41.7132 52.5256
19582.0000 0.0326 77.2629 50.0000 39.2014 41.6324 51.9572
19583.0000 0.0335 77.3871 50.0000 39.3016 41.5303 52.1477
19584.0000 0.0327 77.3525 50.0000 39.2326 41.6896 52.0211
19585.0000 0.0327 77.4211 50.0000 39.2633 41.7220 52.0739
19586.0000 0.0320 77.3862 50.0000 39.1062 41.9793 51.9333
19587.0000 0.0350 77.4466 50.0000 38.9937 41.7250 52.3116
19588.0000 0.0354 77.2318 50.0000 38.9771 41.4428 52.2306
19589.0000 0.0374 77.2054 50.0000 38.9205 41.2092 52.4182
19590.0000 0.0356 77.2565 50.0000 39.3218 41.0672 52.3054
19591.0000 0.0368 77.3557 50.0000 38.8153 41.5774 52.4271
19592.0000 0.0382 77.3898 50.0000 39.0544 41.1468 52.6391
19593.0000 0.0396 77.6370 50.0000 38.6291 41.7055 52.8767
19594.0000 0.0356 77.2438 50.0000 38.9000 41.5190 52.2453
19595.0000 0.0383 77.7221 50.0000 38.9772 41.5868 52.8398
19596.0000 0.0380 77.9534 50.0000 38.8405 42.0399 52.9226
19597.0000 0.0382 78.0898 50.0000 38.9838 42.0015 53.0486
19598.0000 0.0417 77.8926 50.0000 38.9453 41.3452 53.3020
19599.0000 0.0386 77.8252 50.0000 39.2694 41.3297 52.9767
19600.0000 0.0390 77.4201 50.0000 38.9685 41.1723 52.7273
19601.0000 0.0425 77.7975 50.0000 38.8100 41.2916 53.3032
19602.0000 0.0420 77.7715 50.0000 38.5423 41.6294 53.1967
19603.0000 0.0438 77.8790 50.0000 38.2221 41.8720 53.3942
19604.0000 0.0428 77.6923 50.0000 38.2358 41.7847 53.1804
19605.0000 0.0436 77.6057 50.0000 37.9483 41.9111 53.1604
19606.0000 0.0478 77.8847 50.0000 37.9053 41.7174 53.7483
19607.0000 0.0474 78.0231 50.0000 38.2000 41.5931 53.8367
19608.0000 0.0513 78.1848 50.0000 37.7833 41.7454 54.2458
19609.0000 0.0475 78.1642 50.0000 37.9522 42.0149 53.8890
19610.0000 0.0462 77.9032 50.0000 37.8835 41.9743 53.5902
19611.0000 0.0459 77.7800 50.0000 37.5476 42.2770 53.4093
19612.0000 0.0430 77.3810 50.0000 37.7206 42.0182 52.9098
19613.0000 0.0414 77.3876 50.0000 37.5451 42.4594 52.6917
19614.0000 0.0446 77.8174 50.0000 37.7932 42.1975 53.3534
19615.0000 0.0423 77.9404 50.0000 37.7919 42.6675 53.1598
19616.0000 0.0427 78.0853 50.0000 37.9247 42.6078 53.3255
19617.0000 0.0387 78.0235 50.0000 37.9678 43.0682 52.8321
19618.0000 0.0365 77.8154 50.0000 37.9831 43.1411 52.4535
19619.0000 0.0392 77.6371 50.0000 37.6923 42.8899 52.6048
19620.0000 0.0416 77.6977 50.0000 37.1430 43.3166 52.7352
19621.0000 0.0384 77.5072 50.0000 37.4788 43.1421 52.3590
19622.0000 0.0406 77.4344 50.0000 37.3692 42.8622 52.5591
19623.0000 0.0406 77.1146 50.0000 37.5163 42.3053 52.4352
19624.0000 0.0387 77.1830 50.0000 37.6087 42.5463 52.2744
19625.0000 0.0408 77.5107 50.0000 37.6092 42.6055 52.7089
19626.0000 0.0410 77.7775 50.0000 37.7287 42.7394 52.9077
19627.0000 0.0368 77.2107 50.0000 38.3188 41.9832 52.2550
19628.0000 0.0389 77.2698 50.0000 38.1140 41.9929 52.4838
19629.0000 0.0367 77.0736 50.0000 38.2309 41.9466 52.1461
19630.0000 0.0347 77.2172 50.0000 38.3495 42.2638 52.0151
19631.0000 0.0379 77.6671 50.0000 38.1303 42.5775 52.5872
19632.0000 0.0384 77.4009 50.0000 38.3863 41.8937 52.5576
19633.0000 0.0415 77.4585 50.0000 38.2926 41.6297 52.9195
19634.0000 0.0385 77.5996 50.0000 38.5737 41.8867 52.7188
19635.0000 0.0377 77.7169 50.0000 38.7231 41.9570 52.7261
19636.0000 0.0394 77.7994 50.0000 38.5113 42.0517 52.9271
19637.0000 0.0371 77.5762 50.0000 38.1844 42.5168 52.4628
19638.0000 0.0366 77.6999 50.0000 38.5793 42.2644 52.5607
19639.0000 0.0324 75.1132 49.0000 37.0799 41.7620 50.2295
19640.0000 0.0389 77.4337 50.0000 38.4131 41.8265 52.6399
19641.0000 0.0335 77.4749 50.0000 38.7192 42.3029 52.0926
19642.0000 0.0352 75.4316 49.0000 36.8799 41.9464 50.6982
19643.0000 0.0385 77.8444 50.0000 38.7804 41.9186 52.9023
19644.0000 0.0364 77.8195 50.0000 38.9727 41.9702 52.6831
19645.0000 0.0361 78.0722 50.0000 39.3688 41.8428 52.8635
19646.0000 0.0367 78.1311 50.0000 39.2468 41.9520 52.9546
19647.0000 0.0303 78.3560 50.0000 40.1460 42.1349 52.4653
19648.0000 0.0307 78.0039 50.0000 40.1493 41.6894 52.2937
19649.0000 0.0266 77.8250 50.0000 40.2643 41.9930 51.6925
19650.0000 0.0306 77.7101 50.0000 39.6081 41.9771 52.0383
19651.0000 0.0307 75.7541 49.0000 37.4564 42.3169 50.4478
19652.0000 0.0273 75.6194 49.0000 37.7863 42.3129 50.0012
19653.0000 0.0280 75.6137 49.0000 37.6641 42.3486 50.0545
19654.0000 0.0259 77.7435 50.0000 39.7935 42.5482 51.4799
19655.0000 0.0157 76.2635 49.0000 39.9982 42.5008 49.0912
19656.0000 0.0249 77.4901 50.0000 39.6244 42.6296 51.1600
19657.0000 0.0230 77.3452 50.0000 39.6869 42.7328 50.8050
19658.0000 0.0262 77.1026 50.0000 39.2001 42.4710 51.0332
19659.0000 0.0268 77.4308 50.0000 39.3548 42.5599 51.3360
19660.0000 0.0225 77.3978 50.0000 39.5087 43.1091 50.7059
19661.0000 0.0239 76.8866 50.0000 39.1980 42.6347 50.5702
19662.0000 0.0258 77.1144 50.0000 38.9971 42.8133 50.9203
19663.0000 0.0253 77.1413 50.0000 38.8982 43.0705 50.8197
19664.0000 0.0279 77.3448 50.0000 38.8108 42.9564 51.2902
19665.0000 0.0284 77.7120 50.0000 38.6375 43.5474 51.4774
19666.0000 0.0326 77.6446 50.0000 38.5756 42.8103 52.0373
19667.0000 0.0330 77.4885 50.0000 38.5568 42.5905 51.9990
19668.0000 0.0323 77.0858 50.0000 38.3962 42.4338 51.6462
19669.0000 0.0352 77.2338 50.0000 37.9655 42.6950 51.9694
19670.0000 0.0355 77.3576 50.0000 37.9705 42.7860 52.0749
19671.0000 0.0346 77.1688 50.0000 37.7741 42.9511 51.8009
19672.0000 0.0340 76.8128 50.0000 37.3898 43.1498 51.3839
19673.0000 0.0352 77.0970 50.0000 37.5448 43.0845 51.7500
19674.0000 0.0323 76.5822 50.0000 37.4371 43.0855 51.0582
19675.0000 0.0344 76.9034 50.0000 37.3862 43.1970 51.4823
19676.0000 0.0364 76.3155 50.0000 37.0672 42.5723 51.3583
19677.0000 0.0337 76.5058 50.0000 37.1440 43.1644 51.0911
19678.0000 0.0337 76.6540 50.0000 37.2618 43.1816 51.2127
19679.0000 0.0307 76.6137 50.0000 37.8004 42.9112 50.9845
19680.0000 0.0325 77.2045 50.0000 37.5693 43.6422 51.4240
19681.0000 0.0339 76.8309 50.0000 37.3960 43.1749 51.3853
19682.0000 0.0326 77.3584 50.0000 37.7834 43.5102 51.6101
19683.0000 0.0322 77.2596 50.0000 37.7436 43.5144 51.4875
19684.0000 0.0286 77.4004 50.0000 38.0243 43.9790 51.0962
19685.0000 0.0286 77.1937 50.0000 37.8905 43.9034 50.9477
19686.0000 0.0310 76.9437 50.0000 37.8628 43.1712 51.2152
19687.0000 0.0294 76.8351 50.0000 38.2317 42.8354 51.0597
19688.0000 0.0327 76.9198 50.0000 38.0643 42.5914 51.5145
19689.0000 0.0272 76.9437 50.0000 38.6647 42.7770 50.9462
19690.0000 0.0305 77.1787 50.0000 38.6872 42.4667 51.5405
19691.0000 0.0297 76.9379 50.0000 38.5969 42.4286 51.2791
19692.0000 0.0309 76.7016 50.0000 38.6837 41.8652 51.3227
19693.0000 0.0344 77.2432 50.0000 38.4728 42.1959 52.0180
19694.0000 0.0362 77.2005 50.0000 38.2622 42.1361 52.1581
19695.0000 0.0354 77.5384 50.0000 38.2145 42.6998 52.2358
19696.0000 0.0350 77.0808 50.0000 37.7215 42.8630 51.7813
19697.0000 0.0341 77.2241 50.0000 38.2502 42.4895 51.9147
19698.0000 0.0322 76.8704 50.0000 38.1013 42.5749 51.4269
19699.0000 0.0326 77.2126 50.0000 38.3633 42.5702 51.7477
19700.0000 0.0319 77.4455 50.0000 38.3972 42.9244 51.7779
19701.0000 0.0308 77.4203 50.0000 38.3973 43.0722 51.6171
19702.0000 0.0320 77.5961 50.0000 38.1956 43.3547 51.7939
19703.0000 0.0315 77.5704 50.0000 37.9454 43.7552 51.6023
19704.0000 0.0343 77.9335 50.0000 37.9686 43.6723 52.1991
19705.0000 0.0295 77.4874 50.0000 38.0115 43.9427 51.2685
19706.0000 0.0273 77.3668 50.0000 38.2677 43.8394 50.9835
19707.0000 0.0279 77.4703 50.0000 38.3362 43.7632 51.1543
19708.0000 0.0271 78.0229 50.0000 38.7854 43.9638 51.4824
19709.0000 0.0275 77.9746 50.0000 38.9839 43.5697 51.5943
19710.0000 0.0274 77.4590 50.0000 38.6205 43.4469 51.1931
19711.0000 0.0280 77.7068 50.0000 38.8447 43.3392 51.4894
19712.0000 0.0248 77.8561 50.0000 39.1096 43.7637 51.1542
19713.0000 0.0270 77.9545 50.0000 38.9328 43.7078 51.4856
19714.0000 0.0275 77.7698 50.0000 39.2072 43.0345 51.5652
19715.0000 0.0290 77.8722 50.0000 38.8647 43.3347 51.7274
19716.0000 0.0291 77.8766 50.0000 38.9564 43.1990 51.7784
19717.0000 0.0260 77.9679 50.0000 39.1594 43.5945 51.4301
19718.0000 0.0267 77.8146 50.0000 38.9344 43.5873 51.3750
19719.0000 0.0270 77.9208 50.0000 38.9977 43.5747 51.4983
19720.0000 0.0245 77.7877 50.0000 39.3443 43.4115 51.1702
19721.0000 0.0310 77.5714 50.0000 38.4935 43.1039 51.7458
19722.0000 0.0305 77.5286 50.0000 38.3176 43.3723 51.5877
19723.0000 0.0335 77.9917 50.0000 38.2506 43.4971 52.2264
19724.0000 0.0297 78.0475 50.0000 38.7854 43.5228 51.8928
19725.0000 0.0301 78.0377 50.0000 38.7788 43.4440 51.9490
19726.0000 0.0303 77.7944 50.0000 38.8800 42.9971 51.8802
19727.0000 0.0280 77.6239 50.0000 38.8847 43.1697 51.4765
19728.0000 0.0265 77.5391 50.0000 38.7481 43.5266 51.1500
19729.0000 0.0244 77.3453 50.0000 38.7865 43.6606 50.7115
19730.0000 0.0257 77.3546 50.0000 38.8538 43.3226 50.9634
19731.0000 0.0312 77.7375 50.0000 38.6130 43.1143 51.8972
19732.0000 0.0298 77.7746 50.0000 38.8831 43.0499 51.8044
19733.0000 0.0307 77.6661 50.0000 38.8463 42.8095 51.8684
19734.0000 0.0323 77.6522 50.0000 38.6262 42.8089 52.0122
19735.0000 0.0388 77.5685 50.0000 37.8357 42.6861 52.5665
19736.0000 0.0341 77.6875 50.0000 38.5884 42.6077 52.2577
19737.0000 0.0347 77.8228 50.0000 38.7829 42.4364 52.4541
19738.0000 0.0353 77.7226 50.0000 38.7821 42.2363 52.4677
19739.0000 0.0352 77.2890 50.0000 38.4777 42.1216 52.1424
19740.0000 0.0341 77.4088 50.0000 38.3686 42.5620 52.0427
19741.0000 0.0349 77.5995 50.0000 38.4510 42.5559 52.2705
19742.0000 0.0385 77.6350 50.0000 38.3448 42.1866 52.6988
19743.0000 0.0397 77.6397 50.0000 38.1155 42.2998 52.7812
19744.0000 0.0410 77.5741 50.0000 38.2473 41.8853 52.9198
19745.0000 0.0386 77.3591 50.0000 37.9018 42.3935 52.4468
19746.0000 0.0312 77.0860 50.0000 38.3043 42.7323 51.4682
19747.0000 0.0306 77.0988 50.0000 38.3842 42.7512 51.4121
19748.0000 0.0338 76.8714 50.0000 38.3083 42.0577 51.6994
19749.0000 0.0325 76.9628 50.0000 38.5310 42.1008 51.6349
19750.0000 0.0359 76.8406 50.0000 38.3885 41.6097 51.9561
19751.0000 0.0375 77.0054 50.0000 38.4630 41.4860 52.2431
19752.0000 0.0369 77.0735 50.0000 38.3767 41.7414 52.2035
19753.0000 0.0347 77.2222 50.0000 38.3492 42.2686 52.0189
19754.0000 0.0358 77.0989 50.0000 38.2047 42.1361 52.0499
19755.0000 0.0354 76.9724 50.0000 38.4174 41.8003 51.9768
19756.0000 0.0362 77.1134 50.0000 38.4477 41.8161 52.1504
19757.0000 0.0341 76.7390 50.0000 38.3381 41.8255 51.6691
19758.0000 0.0370 76.8313 50.0000 38.0890 41.7993 52.0106
19759.0000 0.0382 76.5518 50.0000 37.8605 41.5879 51.9347
19760.0000 0.0423 76.7173 50.0000 37.6088 41.4976 52.4315
19761.0000 0.0450 76.6883 50.0000 37.7128 40.9915 52.7119
19762.0000 0.0429 76.9178 50.0000 37.8595 41.3486 52.6621
19763.0000 0.0418 76.9603 50.0000 38.0335 41.3460 52.6009
19764.0000 0.0352 76.4299 50.0000 38.2911 41.3704 51.6121
19765.0000 0.0349 76.5456 50.0000 38.2778 41.5557 51.6445
19766.0000 0.0380 76.6300 50.0000 38.0464 41.4744 52.0049
19767.0000 0.0405 76.5354 50.0000 37.8491 41.2593 52.1803
19768.0000 0.0404 76.8003 50.0000 37.8253 41.6012 52.3152
19769.0000 0.0396 76.4327 50.0000 37.7419 41.3886 52.0047
19770.0000 0.0386 76.5527 50.0000 38.1190 41.2290 52.0329
19771.0000 0.0392 76.8417 50.0000 38.0817 41.5024 52.2683
19772.0000 0.0388 76.5145 50.0000 38.0250 41.2605 52.0206
19773.0000 0.0404 76.1683 50.0000 37.3026 41.5038 51.8417
19774.0000 0.0420 76.4341 50.0000 37.1603 41.7516 52.1353
19775.0000 0.0430 76.2617 50.0000 37.1458 41.4433 52.1390
19776.0000 0.0447 76.2644 50.0000 37.0669 41.3095 52.3051
19777.0000 0.0466 77.0048 50.0000 36.9320 42.0549 52.8881
19778.0000 0.0475 76.7035 50.0000 36.7948 41.7613 52.7784
19779.0000 0.0465 76.8638 50.0000 37.0093 41.8076 52.8250
19780.0000 0.0456 77.2185 50.0000 37.5626 41.6643 53.0644
19781.0000 0.0411 77.0629 50.0000 38.0293 41.5504 52.5930
19782.0000 0.0494 77.2173 50.0000 37.7505 40.9701 53.4684
19783.0000 0.0519 77.4930 50.0000 37.6032 41.1235 53.8518
19784.0000 0.0497 77.2924 50.0000 37.7770 40.9841 53.5474
19785.0000 0.0460 77.1579 50.0000 37.8868 41.1747 53.1279
19786.0000 0.0441 77.2209 50.0000 37.9834 41.3808 52.9902
19787.0000 0.0479 77.2720 50.0000 38.0204 40.9164 53.3972
19788.0000 0.0494 77.5434 50.0000 38.1593 40.8670 53.7283
19789.0000 0.0427 77.3891 50.0000 38.5577 41.1070 53.0339
19790.0000 0.0435 77.6940 50.0000 38.4107 41.4993 53.2801
19791.0000 0.0413 77.5213 50.0000 38.5166 41.4744 52.9708
19792.0000 0.0424 77.6525 50.0000 38.5625 41.4149 53.1756
19793.0000 0.0431 77.4596 50.0000 38.6128 41.0628 53.1308
19794.0000 0.0419 77.2822 50.0000 38.7719 40.8537 52.9174
19795.0000 0.0440 77.2723 50.0000 38.2522 41.1431 53.0568
19796.0000 0.0429 77.6122 50.0000 38.4158 41.4801 53.1722
19797.0000 0.0384 77.1597 50.0000 38.4823 41.5084 52.4383
19798.0000 0.0434 77.7646 50.0000 38.5437 41.4346 53.3375
19799.0000 0.0495 78.1036 50.0000 38.3015 41.3030 54.1039
19800.0000 0.0475 78.3320 50.0000 38.4073 41.6783 54.0712
19801.0000 0.0533 78.5445 50.0000 38.1721 41.4539 54.7149
19802.0000 0.0521 78.3969 50.0000 38.2285 41.3786 54.5204
19803.0000 0.0507 78.2023 50.0000 38.2369 41.3331 54.2689
19804.0000 0.0496 78.0536 50.0000 38.3828 41.1427 54.0962
19805.0000 0.0531 78.2579 50.0000 38.4400 40.8826 54.5462
19806.0000 0.0510 78.4165 50.0000 38.3123 41.4337 54.4479
19807.0000 0.0520 78.3832 50.0000 38.2500 41.3489 54.5082
19808.0000 0.0522 78.4675 50.0000 38.4240 41.2195 54.6049
19809.0000 0.0504 78.8228 50.0000 38.9181 41.2816 54.7197
19810.0000 0.0504 78.7419 50.0000 38.5695 41.5715 54.6306
19811.0000 0.0448 78.2881 50.0000 38.8834 41.4360 53.8532
19812.0000 0.0423 78.1186 50.0000 39.1197 41.3195 53.5245
19813.0000 0.0434 78.1767 50.0000 38.9888 41.3907 53.6496
19814.0000 0.0467 77.9743 50.0000 38.2817 41.5309 53.7559
19815.0000 0.0460 77.9479 50.0000 38.1578 41.7311 53.6505
19816.0000 0.0524 78.0736 50.0000 37.6639 41.6232 54.2626
19817.0000 0.0528 77.9968 50.0000 37.2013 42.0244 54.1620
19818.0000 0.0445 77.9877 50.0000 38.2431 41.8687 53.5402
19819.0000 0.0459 77.9872 50.0000 38.2191 41.7227 53.6705
19820.0000 0.0448 78.0367 50.0000 38.6783 41.3958 53.6667
19821.0000 0.0453 77.9933 50.0000 38.5045 41.4764 53.6662
19822.0000 0.0430 77.5852 50.0000 38.3810 41.4704 53.1655
19823.0000 0.0478 77.7921 50.0000 38.2765 41.1977 53.7520
19824.0000 0.0517 77.9924 50.0000 38.2696 40.9429 54.2396
19825.0000 0.0533 78.1586 50.0000 38.1376 41.0833 54.4651
19826.0000 0.0499 78.3529 50.0000 38.5337 41.2582 54.3331
19827.0000 0.0504 78.1719 50.0000 38.3590 41.2019 54.2387
19828.0000 0.0465 78.0383 50.0000 38.4873 41.3936 53.8078
19829.0000 0.0487 78.0675 50.0000 38.3194 41.3389 54.0116
19830.0000 0.0470 78.1416 50.0000 38.3124 41.6436 53.8895
19831.0000 0.0452 77.8333 50.0000 38.3135 41.5290 53.5298
19832.0000 0.0451 77.7896 50.0000 38.3217 41.4882 53.4921
19833.0000 0.0405 77.6380 50.0000 38.8313 41.3571 53.0035
19834.0000 0.0378 77.5394 50.0000 38.6118 41.8609 52.6227
19835.0000 0.0391 77.4390 50.0000 38.4124 41.7992 52.6698
19836.0000 0.0383 77.3487 50.0000 38.3927 41.8352 52.5227
19837.0000 0.0397 77.8725 50.0000 38.2942 42.3531 52.9518
19838.0000 0.0421 77.8219 50.0000 38.1114 42.1688 53.1560
19839.0000 0.0376 77.7013 50.0000 38.5383 42.1645 52.6729
19840.0000 0.0437 77.6620 50.0000 37.9716 41.9406 53.2027
19841.0000 0.0437 77.7801 50.0000 37.9887 42.0487 53.2777
19842.0000 0.0459 77.8791 50.0000 38.1011 41.7374 53.5859
19843.0000 0.0438 77.6756 50.0000 37.8739 42.0538 53.2029
19844.0000 0.0445 77.1298 50.0000 37.6958 41.5639 52.9196
19845.0000 0.0432 77.2580 50.0000 37.6627 41.9146 52.8534
19846.0000 0.0453 77.3359 50.0000 37.7647 41.5994 53.1428
19847.0000 0.0461 77.3076 50.0000 37.9344 41.2788 53.2307
19848.0000 0.0445 77.2385 50.0000 38.2133 41.0942 53.0734
19849.0000 0.0429 76.9967 50.0000 37.9425 41.3463 52.7194
19850.0000 0.0424 77.2423 50.0000 38.4909 41.0563 52.9075
19851.0000 0.0408 77.4903 50.0000 38.7685 41.2254 52.9359
19852.0000 0.0377 77.4289 50.0000 38.7151 41.6336 52.5644
19853.0000 0.0398 77.3441 50.0000 38.6988 41.2783 52.7315
19854.0000 0.0428 77.3030 50.0000 38.2667 41.3245 52.9499
19855.0000 0.0473 77.3068 50.0000 38.0872 40.9570 53.3688
19856.0000 0.0490 77.1744 50.0000 37.5415 41.2131 53.3667
19857.0000 0.0527 77.2954 50.0000 37.4647 40.9722 53.7797
19858.0000 0.0548 77.3712 50.0000 37.4172 40.8594 54.0071
19859.0000 0.0540 77.1211 50.0000 37.3166 40.7993 53.7639
19860.0000 0.0557 77.2566 50.0000 37.1760 40.8990 53.9796
19861.0000 0.0547 77.2372 50.0000 37.0634 41.1222 53.8596
19862.0000 0.0542 77.2471 50.0000 37.3203 40.9027 53.8636
19863.0000 0.0539 77.3867 50.0000 37.2654 41.1554 53.9094
19864.0000 0.0571 77.3979 50.0000 37.2184 40.8485 54.1907
19865.0000 0.0507 77.2124 50.0000 37.3364 41.2798 53.5138
19866.0000 0.0537 77.3279 50.0000 37.2533 41.1265 53.8555
19867.0000 0.0555 77.3630 50.0000 37.2219 40.9881 54.0327
19868.0000 0.0530 77.2415 50.0000 37.2809 41.0866 53.7426
19869.0000 0.0491 77.1034 50.0000 37.7138 40.9206 53.3677
19870.0000 0.0488 76.8826 50.0000 37.5043 40.9578 53.1679
19871.0000 0.0442 76.9738 50.0000 38.2234 40.8334 52.8825
19872.0000 0.0470 77.2035 50.0000 38.1421 40.8225 53.2830
19873.0000 0.0454 77.1460 50.0000 38.0811 41.0221 53.0897
19874.0000 0.0449 77.4990 50.0000 37.9785 41.5844 53.2398
19875.0000 0.0438 77.2615 50.0000 37.9987 41.4488 52.9853
19876.0000 0.0425 77.0826 50.0000 38.0713 41.3426 52.7550
19877.0000 0.0446 77.0128 50.0000 37.8057 41.2905 52.8848
19878.0000 0.0462 77.3117 50.0000 37.8823 41.3216 53.2405
19879.0000 0.0444 77.0347 50.0000 37.7595 41.3983 52.8654
19880.0000 0.0399 76.6844 50.0000 37.7887 41.5755 52.1919
19881.0000 0.0405 76.6801 50.0000 38.1840 41.0294 52.3299
19882.0000 0.0378 76.4796 50.0000 37.9634 41.4327 51.8771
19883.0000 0.0450 76.6625 50.0000 37.3464 41.3853 52.6274
19884.0000 0.0452 76.9160 50.0000 37.3173 41.6761 52.7882
19885.0000 0.0448 76.6096 50.0000 37.3107 41.3884 52.5733
19886.0000 0.0447 76.7060 50.0000 37.3202 41.5010 52.6183
19887.0000 0.0476 76.4551 50.0000 36.8459 41.4095 52.6594
19888.0000 0.0444 76.1509 50.0000 37.0598 41.2383 52.2008
19889.0000 0.0468 76.1273 50.0000 36.9919 40.9679 52.4270
19890.0000 0.0470 75.9742 50.0000 36.5252 41.3238 52.2526
19891.0000 0.0441 75.9582 50.0000 36.7439 41.4285 51.9924
19892.0000 0.0473 75.9715 50.0000 36.3787 41.4662 52.2380
19893.0000 0.0493 75.4102 49.0000 36.1167 40.8884 52.0617
19894.0000 0.0430 75.7634 50.0000 36.5864 41.5626 51.7114
19895.0000 0.0429 75.8724 50.0000 36.8129 41.4203 51.8245
19896.0000 0.0434 75.8438 50.0000 36.3782 41.8609 51.7356
19897.0000 0.0441 75.8394 50.0000 36.3897 41.7297 51.8270
19898.0000 0.0399 75.5386 50.0000 36.8666 41.3904 51.3203
19899.0000 0.0439 75.5844 50.0000 36.6527 41.1439 51.7375
19900.0000 0.0432 75.8777 50.0000 36.6650 41.5642 51.8219
19901.0000 0.0418 76.1852 50.0000 36.8658 41.8676 51.8864
19902.0000 0.0467 76.2664 50.0000 36.6080 41.5943 52.4055
19903.0000 0.0428 76.3920 50.0000 37.0689 41.7139 52.1688
19904.0000 0.0407 76.0187 50.0000 37.0599 41.5906 51.7264
19905.0000 0.0425 76.0562 50.0000 37.0404 41.4106 51.9396
19906.0000 0.0448 76.3416 50.0000 36.9594 41.5188 52.3281
19907.0000 0.0436 76.2866 50.0000 37.1110 41.4347 52.2071
19908.0000 0.0431 76.2087 50.0000 37.2613 41.2258 52.1516
19909.0000 0.0475 76.0679 50.0000 37.0204 40.7889 52.4603
19910.0000 0.0506 75.0102 49.0000 36.4710 39.8831 52.0167
19911.0000 0.0388 75.6099 50.0000 37.6602 40.6766 51.4196
19912.0000 0.0451 75.8180 50.0000 37.0972 40.7267 52.0914
19913.0000 0.0413 75.3981 50.0000 37.0196 40.8484 51.4377
19914.0000 0.0402 75.5207 50.0000 37.1334 41.0019 51.4134
19915.0000 0.0412 75.5696 50.0000 37.1762 40.8659 51.5624
19916.0000 0.0372 75.1582 50.0000 37.1433 40.9973 50.8758
19917.0000 0.0389 75.4831 50.0000 37.2924 40.9461 51.2874
19918.0000 0.0410 75.3853 50.0000 36.8193 41.1198 51.3463
19919.0000 0.0412 75.7685 50.0000 37.0647 41.2344 51.6410
19920.0000 0.0371 75.4927 50.0000 37.2390 41.2815 51.0709
19921.0000 0.0369 75.6277 50.0000 37.4474 41.2130 51.1735
19922.0000 0.0385 75.8026 50.0000 37.2103 41.4734 51.3943
19923.0000 0.0409 75.7330 50.0000 36.9400 41.3797 51.5620
19924.0000 0.0384 75.5985 50.0000 37.1558 41.3192 51.2572
19925.0000 0.0407 75.5334 50.0000 36.8745 41.2648 51.4080
19926.0000 0.0403 75.7829 50.0000 37.2319 41.1621 51.5996
19927.0000 0.0379 75.6059 50.0000 37.2961 41.2265 51.2409
19928.0000 0.0380 75.3537 50.0000 37.1600 41.0863 51.0806
19929.0000 0.0352 75.5366 50.0000 37.1686 41.6988 50.8477
19930.0000 0.0390 75.4561 50.0000 36.8687 41.4253 51.1690
19931.0000 0.0376 75.7490 50.0000 37.1085 41.6600 51.2378
19932.0000 0.0351 75.9156 50.0000 37.2782 42.0245 51.0633
19933.0000 0.0350 75.4674 50.0000 37.1542 41.6700 50.7790
19934.0000 0.0349 75.4955 50.0000 37.2509 41.6032 50.8047
19935.0000 0.0342 75.4297 50.0000 37.2259 41.6531 50.6842
19936.0000 0.0382 75.1631 50.0000 36.8671 41.1971 50.9226
19937.0000 0.0337 75.2366 50.0000 37.2333 41.5051 50.5129
19938.0000 0.0320 74.8132 50.0000 36.9416 41.6362 49.9876
19939.0000 0.0317 74.7553 50.0000 37.2885 41.1777 50.0233
19940.0000 0.0319 75.0878 50.0000 37.4811 41.2939 50.2809
19941.0000 0.0309 75.1528 50.0000 37.4509 41.5749 50.1687
19942.0000 0.0300 74.9979 50.0000 37.8384 41.0534 50.0755
19943.0000 0.0331 75.0576 50.0000 37.6574 40.8620 50.4565
19944.0000 0.0284 74.8118 50.0000 38.1704 40.6948 49.8373
19945.0000 0.0267 74.8683 50.0000 38.3411 40.8255 49.6841
19946.0000 0.0294 74.9745 50.0000 37.9696 40.9653 50.0133
19947.0000 0.0296 74.9082 50.0000 37.9996 40.8142 50.0146
19948.0000 0.0267 74.6676 50.0000 38.2885 40.6521 49.5645
19949.0000 0.0283 74.6540 50.0000 38.0240 40.6957 49.7118
19950.0000 0.0289 75.1322 50.0000 38.4184 40.6879 50.1334
19951.0000 0.0303 75.1672 50.0000 38.0958 40.8910 50.2666
19952.0000 0.0285 75.1498 50.0000 38.4765 40.7044 50.1020
19953.0000 0.0258 74.8402 50.0000 38.6903 40.5342 49.6094
19954.0000 0.0297 75.0553 50.0000 38.2166 40.7242 50.1431
19955.0000 0.0282 75.1229 50.0000 38.4081 40.8106 50.0277
19956.0000 0.0289 75.3011 50.0000 38.5596 40.7177 50.2542
19957.0000 0.0288 74.9967 50.0000 38.3812 40.6007 50.0298
19958.0000 0.0322 75.1857 50.0000 38.1304 40.5897 50.5117
19959.0000 0.0290 74.8029 50.0000 38.4708 40.2495 49.9545
19960.0000 0.0268 74.6190 50.0000 38.2559 40.6215 49.5417
19961.0000 0.0260 74.4532 50.0000 38.2870 40.5279 49.3444
19962.0000 0.0279 74.4636 50.0000 38.0168 40.5591 49.5429
19963.0000 0.0268 74.2987 50.0000 37.8553 40.7335 49.2753
19964.0000 0.0283 74.2255 50.0000 37.7766 40.5093 49.4100
19965.0000 0.0308 74.0892 50.0000 37.9395 39.7827 49.6703
19966.0000 0.0330 74.2014 50.0000 37.4693 40.1372 49.9089
19967.0000 0.0324 74.3824 50.0000 37.7376 40.1173 49.9921
19968.0000 0.0351 74.7570 50.0000 37.8898 39.9843 50.5393
19969.0000 0.0326 74.7274 50.0000 38.0677 40.0988 50.2705
19970.0000 0.0308 74.7301 50.0000 38.4254 39.9663 50.1075
19971.0000 0.0294 74.8456 50.0000 38.6101 40.0930 50.0368
19972.0000 0.0297 74.8605 50.0000 38.6942 39.9728 50.0903
19973.0000 0.0334 74.7351 50.0000 38.3264 39.7117 50.3924
19974.0000 0.0336 74.7133 50.0000 38.4598 39.5158 50.4125
19975.0000 0.0321 74.5574 50.0000 38.3505 39.6734 50.1404
19976.0000 0.0287 74.3491 50.0000 38.6898 39.5586 49.6588
19977.0000 0.0283 74.1094 50.0000 38.5939 39.4631 49.4508
19978.0000 0.0301 74.0631 50.0000 38.0886 39.6936 49.5885
19979.0000 0.0299 74.2058 50.0000 38.3675 39.5766 49.6803
19980.0000 0.0289 74.4395 50.0000 38.4102 39.9297 49.7143
19981.0000 0.0286 74.4239 50.0000 38.6046 39.7447 49.6885
19982.0000 0.0253 74.1366 50.0000 38.6332 39.8971 49.1114
19983.0000 0.0256 74.4093 50.0000 38.7815 39.9954 49.3265
19984.0000 0.0278 73.9941 50.0000 38.2063 39.8300 49.2847
19985.0000 0.0291 74.2385 50.0000 37.9833 40.1543 49.5605
19986.0000 0.0280 74.0889 50.0000 38.1906 39.9258 49.3616
19987.0000 0.0247 74.0960 50.0000 38.4854 40.1093 48.9931
19988.0000 0.0264 74.0881 50.0000 38.4817 39.8334 49.2088
19989.0000 0.0255 73.9724 50.0000 38.6012 39.7247 49.0287
19990.0000 0.0265 73.9344 50.0000 38.0453 40.1314 49.0746
19991.0000 0.0252 73.7187 50.0000 38.1321 39.9930 48.7950
19992.0000 0.0234 73.6176 50.0000 38.0391 40.2786 48.4790
19993.0000 0.0255 73.5813 50.0000 37.7854 40.1903 48.6950
19994.0000 0.0250 73.8277 50.0000 38.0492 40.2558 48.8084
19995.0000 0.0258 73.8616 50.0000 38.2046 39.9900 48.9566
19996.0000 0.0245 73.7536 50.0000 38.4264 39.8277 48.7521
19997.0000 0.0237 74.1375 50.0000 38.6885 40.0888 48.9128
19998.0000 0.0236 73.7926 50.0000 38.7794 39.6231 48.6981
19999.0000 0.0258 74.2125 50.0000 38.8725 39.6488 49.2382
20000.0000 0.0239 74.0164 50.0000 38.9377 39.6551 48.8851
