group,group_label,observable,contact_mode,contact_label,event_unit,chain_selection,chain_filter_method,time_ps,survival_mean,survival_std,t_1e_ps,t_01_ps,mean_lifetime_ps,contact_cutoff_nm,cluster_dist_cutoff_A,radius_limit_A,nac_start,nac_end,triplet_size
G1_Wcluster_alhx0,$\mathrm{IDP}_{50}$,Cter_antisymmetric_BB_contact_survival,antisymmetric_nac_bb,Any 1 antisymmetric C-ter BB,chain_pair,all,largest_cluster,0.0,1.0,0.0,1107.5371821954382,3631.0339499731185,2066.610434698278,0.8,8.0,100.0,96,140,3
G1_Wcluster_alhx0,$\mathrm{IDP}_{50}$,Cter_antisymmetric_BB_contact_survival,antisymmetric_nac_bb,Any 1 antisymmetric C-ter BB,chain_pair,all,largest_cluster,1000.0,0.38734218447394836,0.0010063195086138417,1107.5371821954382,3631.0339499731185,2066.610434698278,0.8,8.0,100.0,96,140,3
G1_Wcluster_alhx0,$\mathrm{IDP}_{50}$,Cter_antisymmetric_BB_contact_survival,antisymmetric_nac_bb,Any 1 antisymmetric C-ter BB,chain_pair,all,largest_cluster,2000.0,0.2063560092258895,0.0019262096122016582,1107.5371821954382,3631.0339499731185,2066.610434698278,0.8,8.0,100.0,96,140,3
G1_Wcluster_alhx0,$\mathrm{IDP}_{50}$,Cter_antisymmetric_BB_contact_survival,antisymmetric_nac_bb,Any 1 antisymmetric C-ter BB,chain_pair,all,largest_cluster,3000.0,0.12760379483608456,0.0027765976557143513,1107.5371821954382,3631.0339499731185,2066.610434698278,0.8,8.0,100.0,96,140,3
G1_Wcluster_alhx0,$\mathrm{IDP}_{50}$,Cter_antisymmetric_BB_contact_survival,antisymmetric_nac_bb,Any 1 antisymmetric C-ter BB,chain_pair,all,largest_cluster,4000.0,0.08386003931031538,0.0023664037619048994,1107.5371821954382,3631.0339499731185,2066.610434698278,0.8,8.0,100.0,96,140,3
G1_Wcluster_alhx0,$\mathrm{IDP}_{50}$,Cter_antisymmetric_BB_contact_survival,antisymmetric_nac_bb,Any 1 antisymmetric C-ter BB,chain_pair,all,largest_cluster,5000.0,0.05834170070966969,0.0025739063359488854,1107.5371821954382,3631.0339499731185,2066.610434698278,0.8,8.0,100.0,96,140,3
G1_Wcluster_alhx0,$\mathrm{IDP}_{50}$,Cter_antisymmetric_BB_contact_survival,antisymmetric_nac_bb,Any 1 antisymmetric C-ter BB,chain_pair,all,largest_cluster,6000.0,0.04239433540944545,0.0019488265210701225,1107.5371821954382,3631.0339499731185,2066.610434698278,0.8,8.0,100.0,96,140,3
G1_Wcluster_alhx0,$\mathrm{IDP}_{50}$,Cter_antisymmetric_BB_contact_survival,antisymmetric_nac_bb,Any 1 antisymmetric C-ter BB,chain_pair,all,largest_cluster,7000.0,0.03124127524732839,0.0015955721449225258,1107.5371821954382,3631.0339499731185,2066.610434698278,0.8,8.0,100.0,96,140,3
G1_Wcluster_alhx0,$\mathrm{IDP}_{50}$,Cter_antisymmetric_BB_contact_survival,antisymmetric_nac_bb,Any 1 antisymmetric C-ter BB,chain_pair,all,largest_cluster,8000.0,0.02385750857829136,0.0013611870345299826,1107.5371821954382,3631.0339499731185,2066.610434698278,0.8,8.0,100.0,96,140,3
G1_Wcluster_alhx0,$\mathrm{IDP}_{50}$,Cter_antisymmetric_BB_contact_survival,antisymmetric_nac_bb,Any 1 antisymmetric C-ter BB,chain_pair,all,largest_cluster,9000.0,0.018484333206460576,0.0006407086048161631,1107.5371821954382,3631.0339499731185,2066.610434698278,0.8,8.0,100.0,96,140,3
G1_Wcluster_alhx0,$\mathrm{IDP}_{50}$,Cter_antisymmetric_BB_contact_survival,antisymmetric_nac_bb,Any 1 antisymmetric C-ter BB,chain_pair,all,largest_cluster,10000.0,0.014387312617181016,0.0002536087213482405,1107.5371821954382,3631.0339499731185,2066.610434698278,0.8,8.0,100.0,96,140,3
G1_Wcluster_alhx0,$\mathrm{IDP}_{50}$,Cter_antisymmetric_BB_contact_survival,antisymmetric_nac_bb,Any 1 antisymmetric C-ter BB,chain_pair,all,largest_cluster,11000.0,0.011449086383137073,0.0003339428108469154,1107.5371821954382,3631.0339499731185,2066.610434698278,0.8,8.0,100.0,96,140,3
G1_Wcluster_alhx0,$\mathrm{IDP}_{50}$,Cter_antisymmetric_BB_contact_survival,antisymmetric_nac_bb,Any 1 antisymmetric C-ter BB,chain_pair,all,largest_cluster,12000.0,0.00930648349973618,0.0003457271746179715,1107.5371821954382,3631.0339499731185,2066.610434698278,0.8,8.0,100.0,96,140,3
G1_Wcluster_alhx0,$\mathrm{IDP}_{50}$,Cter_antisymmetric_BB_contact_survival,antisymmetric_nac_bb,Any 1 antisymmetric C-ter BB,chain_pair,all,largest_cluster,13000.0,0.0076549432937052485,0.0004302895245098442,1107.5371821954382,3631.0339499731185,2066.610434698278,0.8,8.0,100.0,96,140,3
G1_Wcluster_alhx0,$\mathrm{IDP}_{50}$,Cter_antisymmetric_BB_contact_survival,antisymmetric_nac_bb,Any 1 antisymmetric C-ter BB,chain_pair,all,largest_cluster,14000.0,0.0062588287412310775,0.0003583768466658566,1107.5371821954382,3631.0339499731185,2066.610434698278,0.8,8.0,100.0,96,140,3
G1_Wcluster_alhx0,$\mathrm{IDP}_{50}$,Cter_antisymmetric_BB_contact_survival,antisymmetric_nac_bb,Any 1 antisymmetric C-ter BB,chain_pair,all,largest_cluster,15000.0,0.005183932408220596,0.0003715047405248379,1107.5371821954382,3631.0339499731185,2066.610434698278,0.8,8.0,100.0,96,140,3
G1_Wcluster_alhx0,$\mathrm{IDP}_{50}$,Cter_antisymmetric_BB_contact_survival,antisymmetric_nac_bb,Any 1 antisymmetric C-ter BB,chain_pair,all,largest_cluster,16000.0,0.004556923726518486,0.0002381601689003539,1107.5371821954382,3631.0339499731185,2066.610434698278,0.8,8.0,100.0,96,140,3
G1_Wcluster_alhx0,$\mathrm{IDP}_{50}$,Cter_antisymmetric_BB_contact_survival,antisymmetric_nac_bb,Any 1 antisymmetric C-ter BB,chain_pair,all,largest_cluster,17000.0,0.0037890305025762966,9.502435703801899e-05,1107.5371821954382,3631.0339499731185,2066.610434698278,0.8,8.0,100.0,96,140,3
G1_Wcluster_alhx0,$\mathrm{IDP}_{50}$,Cter_antisymmetric_BB_contact_survival,antisymmetric_nac_bb,Any 1 antisymmetric C-ter BB,chain_pair,all,largest_cluster,18000.0,0.0033371721027892734,9.55115166644044e-05,1107.5371821954382,3631.0339499731185,2066.610434698278,0.8,8.0,100.0,96,140,3
G1_Wcluster_alhx0,$\mathrm{IDP}_{50}$,Cter_antisymmetric_BB_contact_survival,antisymmetric_nac_bb,Any 1 antisymmetric C-ter BB,chain_pair,all,largest_cluster,19000.0,0.0028164857460043456,2.02995094097812e-05,1107.5371821954382,3631.0339499731185,2066.610434698278,0.8,8.0,100.0,96,140,3
G1_Wcluster_alhx0,$\mathrm{IDP}_{50}$,Cter_antisymmetric_BB_contact_survival,antisymmetric_nac_bb,Any 1 antisymmetric C-ter BB,chain_pair,all,largest_cluster,20000.0,0.0026036670472223858,9.042714163632956e-05,1107.5371821954382,3631.0339499731185,2066.610434698278,0.8,8.0,100.0,96,140,3
G1_Wcluster_alhx0,$\mathrm{IDP}_{50}$,Cter_antisymmetric_BB_contact_survival,antisymmetric_nac_bb,Any 1 antisymmetric C-ter BB,chain_pair,all,largest_cluster,21000.0,0.0022380095346199395,7.548022621971165e-05,1107.5371821954382,3631.0339499731185,2066.610434698278,0.8,8.0,100.0,96,140,3
G1_Wcluster_alhx0,$\mathrm{IDP}_{50}$,Cter_antisymmetric_BB_contact_survival,antisymmetric_nac_bb,Any 1 antisymmetric C-ter BB,chain_pair,all,largest_cluster,22000.0,0.001752740349989741,0.00015860499913410012,1107.5371821954382,3631.0339499731185,2066.610434698278,0.8,8.0,100.0,96,140,3
G1_Wcluster_alhx0,$\mathrm{IDP}_{50}$,Cter_antisymmetric_BB_contact_survival,antisymmetric_nac_bb,Any 1 antisymmetric C-ter BB,chain_pair,all,largest_cluster,23000.0,0.0014751772772859746,9.334162478956747e-05,1107.5371821954382,3631.0339499731185,2066.610434698278,0.8,8.0,100.0,96,140,3
G1_Wcluster_alhx0,$\mathrm{IDP}_{50}$,Cter_antisymmetric_BB_contact_survival,antisymmetric_nac_bb,Any 1 antisymmetric C-ter BB,chain_pair,all,largest_cluster,24000.0,0.0012259028084670124,5.513703284010083e-05,1107.5371821954382,3631.0339499731185,2066.610434698278,0.8,8.0,100.0,96,140,3
G1_Wcluster_alhx0,$\mathrm{IDP}_{50}$,Cter_antisymmetric_BB_contact_survival,antisymmetric_nac_bb,Any 1 antisymmetric C-ter BB,chain_pair,all,largest_cluster,25000.0,0.0011164742840058571,1.8076144564041654e-05,1107.5371821954382,3631.0339499731185,2066.610434698278,0.8,8.0,100.0,96,140,3
G1_Wcluster_alhx0,$\mathrm{IDP}_{50}$,Cter_antisymmetric_BB_contact_survival,antisymmetric_nac_bb,Any 1 antisymmetric C-ter BB,chain_pair,all,largest_cluster,26000.0,0.0010749575473606296,4.464807710982092e-05,1107.5371821954382,3631.0339499731185,2066.610434698278,0.8,8.0,100.0,96,140,3
G1_Wcluster_alhx0,$\mathrm{IDP}_{50}$,Cter_antisymmetric_BB_contact_survival,antisymmetric_nac_bb,Any 1 antisymmetric C-ter BB,chain_pair,all,largest_cluster,27000.0,0.00080043945985069,0.00010040719995338899,1107.5371821954382,3631.0339499731185,2066.610434698278,0.8,8.0,100.0,96,140,3
G1_Wcluster_alhx0,$\mathrm{IDP}_{50}$,Cter_antisymmetric_BB_contact_survival,antisymmetric_nac_bb,Any 1 antisymmetric C-ter BB,chain_pair,all,largest_cluster,28000.0,0.0006221217640414816,0.000143861764079648,1107.5371821954382,3631.0339499731185,2066.610434698278,0.8,8.0,100.0,96,140,3
G1_Wcluster_alhx0,$\mathrm{IDP}_{50}$,Cter_antisymmetric_BB_contact_survival,antisymmetric_nac_bb,Any 1 antisymmetric C-ter BB,chain_pair,all,largest_cluster,29000.0,0.0004995263211700502,0.00010859916557618367,1107.5371821954382,3631.0339499731185,2066.610434698278,0.8,8.0,100.0,96,140,3
G1_Wcluster_alhx0,$\mathrm{IDP}_{50}$,Cter_antisymmetric_BB_contact_survival,antisymmetric_nac_bb,Any 1 antisymmetric C-ter BB,chain_pair,all,largest_cluster,30000.0,0.00043569811643022195,0.00011187943054348496,1107.5371821954382,3631.0339499731185,2066.610434698278,0.8,8.0,100.0,96,140,3
G1_Wcluster_alhx0,$\mathrm{IDP}_{50}$,Cter_antisymmetric_BB_contact_survival,antisymmetric_nac_bb,Any 1 antisymmetric C-ter BB,chain_pair,all,largest_cluster,31000.0,0.00039924234639321924,0.00010516105947657031,1107.5371821954382,3631.0339499731185,2066.610434698278,0.8,8.0,100.0,96,140,3
G1_Wcluster_alhx0,$\mathrm{IDP}_{50}$,Cter_antisymmetric_BB_contact_survival,antisymmetric_nac_bb,Any 1 antisymmetric C-ter BB,chain_pair,all,largest_cluster,32000.0,0.0003587029932801174,8.016491697672051e-05,1107.5371821954382,3631.0339499731185,2066.610434698278,0.8,8.0,100.0,96,140,3
G1_Wcluster_alhx0,$\mathrm{IDP}_{50}$,Cter_antisymmetric_BB_contact_survival,antisymmetric_nac_bb,Any 1 antisymmetric C-ter BB,chain_pair,all,largest_cluster,33000.0,0.0002958521720724148,2.7560599108890038e-05,1107.5371821954382,3631.0339499731185,2066.610434698278,0.8,8.0,100.0,96,140,3
G1_Wcluster_alhx0,$\mathrm{IDP}_{50}$,Cter_antisymmetric_BB_contact_survival,antisymmetric_nac_bb,Any 1 antisymmetric C-ter BB,chain_pair,all,largest_cluster,34000.0,0.0002958521720724148,2.7560599108890038e-05,1107.5371821954382,3631.0339499731185,2066.610434698278,0.8,8.0,100.0,96,140,3
G1_Wcluster_alhx0,$\mathrm{IDP}_{50}$,Cter_antisymmetric_BB_contact_survival,antisymmetric_nac_bb,Any 1 antisymmetric C-ter BB,chain_pair,all,largest_cluster,35000.0,0.0002593964020354122,7.108672820154044e-05,1107.5371821954382,3631.0339499731185,2066.610434698278,0.8,8.0,100.0,96,140,3
G1_Wcluster_alhx0,$\mathrm{IDP}_{50}$,Cter_antisymmetric_BB_contact_survival,antisymmetric_nac_bb,Any 1 antisymmetric C-ter BB,chain_pair,all,largest_cluster,36000.0,0.0002593964020354122,7.108672820154044e-05,1107.5371821954382,3631.0339499731185,2066.610434698278,0.8,8.0,100.0,96,140,3
G1_Wcluster_alhx0,$\mathrm{IDP}_{50}$,Cter_antisymmetric_BB_contact_survival,antisymmetric_nac_bb,Any 1 antisymmetric C-ter BB,chain_pair,all,largest_cluster,37000.0,0.00023610755040868588,7.21336131314772e-05,1107.5371821954382,3631.0339499731185,2066.610434698278,0.8,8.0,100.0,96,140,3
G1_Wcluster_alhx0,$\mathrm{IDP}_{50}$,Cter_antisymmetric_BB_contact_survival,antisymmetric_nac_bb,Any 1 antisymmetric C-ter BB,chain_pair,all,largest_cluster,38000.0,0.00023610755040868588,7.21336131314772e-05,1107.5371821954382,3631.0339499731185,2066.610434698278,0.8,8.0,100.0,96,140,3
G1_Wcluster_alhx0,$\mathrm{IDP}_{50}$,Cter_antisymmetric_BB_contact_survival,antisymmetric_nac_bb,Any 1 antisymmetric C-ter BB,chain_pair,all,largest_cluster,39000.0,0.00021379608231408527,4.243377499184279e-05,1107.5371821954382,3631.0339499731185,2066.610434698278,0.8,8.0,100.0,96,140,3
G1_Wcluster_alhx0,$\mathrm{IDP}_{50}$,Cter_antisymmetric_BB_contact_survival,antisymmetric_nac_bb,Any 1 antisymmetric C-ter BB,chain_pair,all,largest_cluster,40000.0,0.00021379608231408527,4.243377499184279e-05,1107.5371821954382,3631.0339499731185,2066.610434698278,0.8,8.0,100.0,96,140,3
G1_Wcluster_alhx0,$\mathrm{IDP}_{50}$,Cter_antisymmetric_BB_contact_survival,antisymmetric_nac_bb,Any 1 antisymmetric C-ter BB,chain_pair,all,largest_cluster,41000.0,0.00015094526110638273,4.266407659155544e-05,1107.5371821954382,3631.0339499731185,2066.610434698278,0.8,8.0,100.0,96,140,3
G1_Wcluster_alhx0,$\mathrm{IDP}_{50}$,Cter_antisymmetric_BB_contact_survival,antisymmetric_nac_bb,Any 1 antisymmetric C-ter BB,chain_pair,all,largest_cluster,42000.0,0.00015094526110638273,4.266407659155544e-05,1107.5371821954382,3631.0339499731185,2066.610434698278,0.8,8.0,100.0,96,140,3
G1_Wcluster_alhx0,$\mathrm{IDP}_{50}$,Cter_antisymmetric_BB_contact_survival,antisymmetric_nac_bb,Any 1 antisymmetric C-ter BB,chain_pair,all,largest_cluster,43000.0,0.00015094526110638273,4.266407659155544e-05,1107.5371821954382,3631.0339499731185,2066.610434698278,0.8,8.0,100.0,96,140,3
G1_Wcluster_alhx0,$\mathrm{IDP}_{50}$,Cter_antisymmetric_BB_contact_survival,antisymmetric_nac_bb,Any 1 antisymmetric C-ter BB,chain_pair,all,largest_cluster,44000.0,0.00015094526110638273,4.266407659155544e-05,1107.5371821954382,3631.0339499731185,2066.610434698278,0.8,8.0,100.0,96,140,3
G1_Wcluster_alhx0,$\mathrm{IDP}_{50}$,Cter_antisymmetric_BB_contact_survival,antisymmetric_nac_bb,Any 1 antisymmetric C-ter BB,chain_pair,all,largest_cluster,45000.0,0.00012765640947965643,1.3152081556596814e-05,1107.5371821954382,3631.0339499731185,2066.610434698278,0.8,8.0,100.0,96,140,3
G1_Wcluster_alhx0,$\mathrm{IDP}_{50}$,Cter_antisymmetric_BB_contact_survival,antisymmetric_nac_bb,Any 1 antisymmetric C-ter BB,chain_pair,all,largest_cluster,46000.0,0.00012765640947965643,1.3152081556596814e-05,1107.5371821954382,3631.0339499731185,2066.610434698278,0.8,8.0,100.0,96,140,3
G1_Wcluster_alhx0,$\mathrm{IDP}_{50}$,Cter_antisymmetric_BB_contact_survival,antisymmetric_nac_bb,Any 1 antisymmetric C-ter BB,chain_pair,all,largest_cluster,47000.0,0.00010534494138505579,2.985573610314795e-05,1107.5371821954382,3631.0339499731185,2066.610434698278,0.8,8.0,100.0,96,140,3
G1_Wcluster_alhx0,$\mathrm{IDP}_{50}$,Cter_antisymmetric_BB_contact_survival,antisymmetric_nac_bb,Any 1 antisymmetric C-ter BB,chain_pair,all,largest_cluster,48000.0,0.00010534494138505579,2.985573610314795e-05,1107.5371821954382,3631.0339499731185,2066.610434698278,0.8,8.0,100.0,96,140,3
G1_Wcluster_alhx0,$\mathrm{IDP}_{50}$,Cter_antisymmetric_BB_contact_survival,antisymmetric_nac_bb,Any 1 antisymmetric C-ter BB,chain_pair,all,largest_cluster,49000.0,8.205608975832951e-05,1.9349012802455335e-05,1107.5371821954382,3631.0339499731185,2066.610434698278,0.8,8.0,100.0,96,140,3
G1_Wcluster_alhx0,$\mathrm{IDP}_{50}$,Cter_antisymmetric_BB_contact_survival,antisymmetric_nac_bb,Any 1 antisymmetric C-ter BB,chain_pair,all,largest_cluster,50000.0,8.205608975832951e-05,1.9349012802455335e-05,1107.5371821954382,3631.0339499731185,2066.610434698278,0.8,8.0,100.0,96,140,3
G1_Wcluster_alhx0,$\mathrm{IDP}_{50}$,Cter_antisymmetric_BB_contact_survival,antisymmetric_nac_bb,Any 1 antisymmetric C-ter BB,chain_pair,all,largest_cluster,51000.0,8.205608975832951e-05,1.9349012802455335e-05,1107.5371821954382,3631.0339499731185,2066.610434698278,0.8,8.0,100.0,96,140,3
G1_Wcluster_alhx0,$\mathrm{IDP}_{50}$,Cter_antisymmetric_BB_contact_survival,antisymmetric_nac_bb,Any 1 antisymmetric C-ter BB,chain_pair,all,largest_cluster,52000.0,8.205608975832951e-05,1.9349012802455335e-05,1107.5371821954382,3631.0339499731185,2066.610434698278,0.8,8.0,100.0,96,140,3
G1_Wcluster_alhx0,$\mathrm{IDP}_{50}$,Cter_antisymmetric_BB_contact_survival,antisymmetric_nac_bb,Any 1 antisymmetric C-ter BB,chain_pair,all,largest_cluster,53000.0,8.205608975832951e-05,1.9349012802455335e-05,1107.5371821954382,3631.0339499731185,2066.610434698278,0.8,8.0,100.0,96,140,3
G1_Wcluster_alhx0,$\mathrm{IDP}_{50}$,Cter_antisymmetric_BB_contact_survival,antisymmetric_nac_bb,Any 1 antisymmetric C-ter BB,chain_pair,all,largest_cluster,54000.0,5.876723813160324e-05,4.5020951288983614e-05,1107.5371821954382,3631.0339499731185,2066.610434698278,0.8,8.0,100.0,96,140,3
G1_Wcluster_alhx0,$\mathrm{IDP}_{50}$,Cter_antisymmetric_BB_contact_survival,antisymmetric_nac_bb,Any 1 antisymmetric C-ter BB,chain_pair,all,largest_cluster,55000.0,4.053935311310193e-05,2.909867783119176e-05,1107.5371821954382,3631.0339499731185,2066.610434698278,0.8,8.0,100.0,96,140,3
G1_Wcluster_alhx0,$\mathrm{IDP}_{50}$,Cter_antisymmetric_BB_contact_survival,antisymmetric_nac_bb,Any 1 antisymmetric C-ter BB,chain_pair,all,largest_cluster,56000.0,4.053935311310193e-05,2.909867783119176e-05,1107.5371821954382,3631.0339499731185,2066.610434698278,0.8,8.0,100.0,96,140,3
G1_Wcluster_alhx0,$\mathrm{IDP}_{50}$,Cter_antisymmetric_BB_contact_survival,antisymmetric_nac_bb,Any 1 antisymmetric C-ter BB,chain_pair,all,largest_cluster,57000.0,2.2311468094600625e-05,3.1553180775838805e-05,1107.5371821954382,3631.0339499731185,2066.610434698278,0.8,8.0,100.0,96,140,3
G1_Wcluster_alhx0,$\mathrm{IDP}_{50}$,Cter_antisymmetric_BB_contact_survival,antisymmetric_nac_bb,Any 1 antisymmetric C-ter BB,chain_pair,all,largest_cluster,58000.0,2.2311468094600625e-05,3.1553180775838805e-05,1107.5371821954382,3631.0339499731185,2066.610434698278,0.8,8.0,100.0,96,140,3
G1_Wcluster_alhx0,$\mathrm{IDP}_{50}$,Cter_antisymmetric_BB_contact_survival,antisymmetric_nac_bb,Any 1 antisymmetric C-ter BB,chain_pair,all,largest_cluster,59000.0,2.2311468094600625e-05,3.1553180775838805e-05,1107.5371821954382,3631.0339499731185,2066.610434698278,0.8,8.0,100.0,96,140,3
G1_Wcluster_alhx0,$\mathrm{IDP}_{50}$,Cter_antisymmetric_BB_contact_survival,antisymmetric_nac_bb,Any 1 antisymmetric C-ter BB,chain_pair,all,largest_cluster,60000.0,2.2311468094600625e-05,3.1553180775838805e-05,1107.5371821954382,3631.0339499731185,2066.610434698278,0.8,8.0,100.0,96,140,3
G1_Wcluster_alhx0,$\mathrm{IDP}_{50}$,Cter_antisymmetric_BB_contact_survival,antisymmetric_nac_bb,Any 1 antisymmetric C-ter BB,chain_pair,all,largest_cluster,61000.0,2.2311468094600625e-05,3.1553180775838805e-05,1107.5371821954382,3631.0339499731185,2066.610434698278,0.8,8.0,100.0,96,140,3
G1_Wcluster_alhx0,$\mathrm{IDP}_{50}$,Cter_antisymmetric_BB_contact_survival,antisymmetric_nac_bb,Any 1 antisymmetric C-ter BB,chain_pair,all,largest_cluster,62000.0,2.2311468094600625e-05,3.1553180775838805e-05,1107.5371821954382,3631.0339499731185,2066.610434698278,0.8,8.0,100.0,96,140,3
G1_Wcluster_alhx0,$\mathrm{IDP}_{50}$,Cter_antisymmetric_BB_contact_survival,antisymmetric_nac_bb,Any 1 antisymmetric C-ter BB,chain_pair,all,largest_cluster,63000.0,2.2311468094600625e-05,3.1553180775838805e-05,1107.5371821954382,3631.0339499731185,2066.610434698278,0.8,8.0,100.0,96,140,3
G2_Wcluster_alhx700,$\mathrm{Hel}_{50}$,Cter_antisymmetric_BB_contact_survival,antisymmetric_nac_bb,Any 1 antisymmetric C-ter BB,chain_pair,all,largest_cluster,0.0,1.0,0.0,1300.7769299327165,4490.184078881924,2572.199259632295,0.8,8.0,100.0,96,140,3
G2_Wcluster_alhx700,$\mathrm{Hel}_{50}$,Cter_antisymmetric_BB_contact_survival,antisymmetric_nac_bb,Any 1 antisymmetric C-ter BB,chain_pair,all,largest_cluster,1000.0,0.4221916428551819,0.007746720177914805,1300.7769299327165,4490.184078881924,2572.199259632295,0.8,8.0,100.0,96,140,3
G2_Wcluster_alhx700,$\mathrm{Hel}_{50}$,Cter_antisymmetric_BB_contact_survival,antisymmetric_nac_bb,Any 1 antisymmetric C-ter BB,chain_pair,all,largest_cluster,2000.0,0.24161861255033382,0.0035452754865920124,1300.7769299327165,4490.184078881924,2572.199259632295,0.8,8.0,100.0,96,140,3
G2_Wcluster_alhx700,$\mathrm{Hel}_{50}$,Cter_antisymmetric_BB_contact_survival,antisymmetric_nac_bb,Any 1 antisymmetric C-ter BB,chain_pair,all,largest_cluster,3000.0,0.1594908152391586,0.0010023754292733025,1300.7769299327165,4490.184078881924,2572.199259632295,0.8,8.0,100.0,96,140,3
G2_Wcluster_alhx700,$\mathrm{Hel}_{50}$,Cter_antisymmetric_BB_contact_survival,antisymmetric_nac_bb,Any 1 antisymmetric C-ter BB,chain_pair,all,largest_cluster,4000.0,0.1140753818849372,0.0017254983011541919,1300.7769299327165,4490.184078881924,2572.199259632295,0.8,8.0,100.0,96,140,3
G2_Wcluster_alhx700,$\mathrm{Hel}_{50}$,Cter_antisymmetric_BB_contact_survival,antisymmetric_nac_bb,Any 1 antisymmetric C-ter BB,chain_pair,all,largest_cluster,5000.0,0.08536089993553936,0.0008790221980842654,1300.7769299327165,4490.184078881924,2572.199259632295,0.8,8.0,100.0,96,140,3
G2_Wcluster_alhx700,$\mathrm{Hel}_{50}$,Cter_antisymmetric_BB_contact_survival,antisymmetric_nac_bb,Any 1 antisymmetric C-ter BB,chain_pair,all,largest_cluster,6000.0,0.06769420489185993,0.00044585235293944633,1300.7769299327165,4490.184078881924,2572.199259632295,0.8,8.0,100.0,96,140,3
G2_Wcluster_alhx700,$\mathrm{Hel}_{50}$,Cter_antisymmetric_BB_contact_survival,antisymmetric_nac_bb,Any 1 antisymmetric C-ter BB,chain_pair,all,largest_cluster,7000.0,0.055208993115949234,0.0009743317915870193,1300.7769299327165,4490.184078881924,2572.199259632295,0.8,8.0,100.0,96,140,3
G2_Wcluster_alhx700,$\mathrm{Hel}_{50}$,Cter_antisymmetric_BB_contact_survival,antisymmetric_nac_bb,Any 1 antisymmetric C-ter BB,chain_pair,all,largest_cluster,8000.0,0.04532302934663194,0.0011767667543075568,1300.7769299327165,4490.184078881924,2572.199259632295,0.8,8.0,100.0,96,140,3
G2_Wcluster_alhx700,$\mathrm{Hel}_{50}$,Cter_antisymmetric_BB_contact_survival,antisymmetric_nac_bb,Any 1 antisymmetric C-ter BB,chain_pair,all,largest_cluster,9000.0,0.03852649750954555,0.0014479642299379152,1300.7769299327165,4490.184078881924,2572.199259632295,0.8,8.0,100.0,96,140,3
G2_Wcluster_alhx700,$\mathrm{Hel}_{50}$,Cter_antisymmetric_BB_contact_survival,antisymmetric_nac_bb,Any 1 antisymmetric C-ter BB,chain_pair,all,largest_cluster,10000.0,0.03246668831960737,0.0017484640196304294,1300.7769299327165,4490.184078881924,2572.199259632295,0.8,8.0,100.0,96,140,3
G2_Wcluster_alhx700,$\mathrm{Hel}_{50}$,Cter_antisymmetric_BB_contact_survival,antisymmetric_nac_bb,Any 1 antisymmetric C-ter BB,chain_pair,all,largest_cluster,11000.0,0.02732680104707888,0.002242363313316431,1300.7769299327165,4490.184078881924,2572.199259632295,0.8,8.0,100.0,96,140,3
G2_Wcluster_alhx700,$\mathrm{Hel}_{50}$,Cter_antisymmetric_BB_contact_survival,antisymmetric_nac_bb,Any 1 antisymmetric C-ter BB,chain_pair,all,largest_cluster,12000.0,0.023810661424737423,0.002323458066272377,1300.7769299327165,4490.184078881924,2572.199259632295,0.8,8.0,100.0,96,140,3
G2_Wcluster_alhx700,$\mathrm{Hel}_{50}$,Cter_antisymmetric_BB_contact_survival,antisymmetric_nac_bb,Any 1 antisymmetric C-ter BB,chain_pair,all,largest_cluster,13000.0,0.020851235537095055,0.0023352542241684626,1300.7769299327165,4490.184078881924,2572.199259632295,0.8,8.0,100.0,96,140,3
G2_Wcluster_alhx700,$\mathrm{Hel}_{50}$,Cter_antisymmetric_BB_contact_survival,antisymmetric_nac_bb,Any 1 antisymmetric C-ter BB,chain_pair,all,largest_cluster,14000.0,0.0185125110118585,0.0022181566310854376,1300.7769299327165,4490.184078881924,2572.199259632295,0.8,8.0,100.0,96,140,3
G2_Wcluster_alhx700,$\mathrm{Hel}_{50}$,Cter_antisymmetric_BB_contact_survival,antisymmetric_nac_bb,Any 1 antisymmetric C-ter BB,chain_pair,all,largest_cluster,15000.0,0.01581737874770397,0.0019481844153724187,1300.7769299327165,4490.184078881924,2572.199259632295,0.8,8.0,100.0,96,140,3
G2_Wcluster_alhx700,$\mathrm{Hel}_{50}$,Cter_antisymmetric_BB_contact_survival,antisymmetric_nac_bb,Any 1 antisymmetric C-ter BB,chain_pair,all,largest_cluster,16000.0,0.014344512465696296,0.0017961017825437373,1300.7769299327165,4490.184078881924,2572.199259632295,0.8,8.0,100.0,96,140,3
G2_Wcluster_alhx700,$\mathrm{Hel}_{50}$,Cter_antisymmetric_BB_contact_survival,antisymmetric_nac_bb,Any 1 antisymmetric C-ter BB,chain_pair,all,largest_cluster,17000.0,0.013096664493270604,0.0016533047329012846,1300.7769299327165,4490.184078881924,2572.199259632295,0.8,8.0,100.0,96,140,3
G2_Wcluster_alhx700,$\mathrm{Hel}_{50}$,Cter_antisymmetric_BB_contact_survival,antisymmetric_nac_bb,Any 1 antisymmetric C-ter BB,chain_pair,all,largest_cluster,18000.0,0.011887222158272802,0.0013701322279827265,1300.7769299327165,4490.184078881924,2572.199259632295,0.8,8.0,100.0,96,140,3
G2_Wcluster_alhx700,$\mathrm{Hel}_{50}$,Cter_antisymmetric_BB_contact_survival,antisymmetric_nac_bb,Any 1 antisymmetric C-ter BB,chain_pair,all,largest_cluster,19000.0,0.010792576235360849,0.0015017477747875049,1300.7769299327165,4490.184078881924,2572.199259632295,0.8,8.0,100.0,96,140,3
G2_Wcluster_alhx700,$\mathrm{Hel}_{50}$,Cter_antisymmetric_BB_contact_survival,antisymmetric_nac_bb,Any 1 antisymmetric C-ter BB,chain_pair,all,largest_cluster,20000.0,0.009788659499071766,0.0013639529245894665,1300.7769299327165,4490.184078881924,2572.199259632295,0.8,8.0,100.0,96,140,3
G2_Wcluster_alhx700,$\mathrm{Hel}_{50}$,Cter_antisymmetric_BB_contact_survival,antisymmetric_nac_bb,Any 1 antisymmetric C-ter BB,chain_pair,all,largest_cluster,21000.0,0.008895545216627368,0.0013154657618509437,1300.7769299327165,4490.184078881924,2572.199259632295,0.8,8.0,100.0,96,140,3
G2_Wcluster_alhx700,$\mathrm{Hel}_{50}$,Cter_antisymmetric_BB_contact_survival,antisymmetric_nac_bb,Any 1 antisymmetric C-ter BB,chain_pair,all,largest_cluster,22000.0,0.007838725146824661,0.0014043331301985412,1300.7769299327165,4490.184078881924,2572.199259632295,0.8,8.0,100.0,96,140,3
G2_Wcluster_alhx700,$\mathrm{Hel}_{50}$,Cter_antisymmetric_BB_contact_survival,antisymmetric_nac_bb,Any 1 antisymmetric C-ter BB,chain_pair,all,largest_cluster,23000.0,0.007058377259320951,0.0015221960662330906,1300.7769299327165,4490.184078881924,2572.199259632295,0.8,8.0,100.0,96,140,3
G2_Wcluster_alhx700,$\mathrm{Hel}_{50}$,Cter_antisymmetric_BB_contact_survival,antisymmetric_nac_bb,Any 1 antisymmetric C-ter BB,chain_pair,all,largest_cluster,24000.0,0.0066004459317463154,0.0014312884744402837,1300.7769299327165,4490.184078881924,2572.199259632295,0.8,8.0,100.0,96,140,3
G2_Wcluster_alhx700,$\mathrm{Hel}_{50}$,Cter_antisymmetric_BB_contact_survival,antisymmetric_nac_bb,Any 1 antisymmetric C-ter BB,chain_pair,all,largest_cluster,25000.0,0.006179470780802961,0.00144562866960312,1300.7769299327165,4490.184078881924,2572.199259632295,0.8,8.0,100.0,96,140,3
G2_Wcluster_alhx700,$\mathrm{Hel}_{50}$,Cter_antisymmetric_BB_contact_survival,antisymmetric_nac_bb,Any 1 antisymmetric C-ter BB,chain_pair,all,largest_cluster,26000.0,0.0057401624876236255,0.001385773193515163,1300.7769299327165,4490.184078881924,2572.199259632295,0.8,8.0,100.0,96,140,3
G2_Wcluster_alhx700,$\mathrm{Hel}_{50}$,Cter_antisymmetric_BB_contact_survival,antisymmetric_nac_bb,Any 1 antisymmetric C-ter BB,chain_pair,all,largest_cluster,27000.0,0.005242731258003061,0.0012427460229735986,1300.7769299327165,4490.184078881924,2572.199259632295,0.8,8.0,100.0,96,140,3
G2_Wcluster_alhx700,$\mathrm{Hel}_{50}$,Cter_antisymmetric_BB_contact_survival,antisymmetric_nac_bb,Any 1 antisymmetric C-ter BB,chain_pair,all,largest_cluster,28000.0,0.004774071604443789,0.0011913835119614147,1300.7769299327165,4490.184078881924,2572.199259632295,0.8,8.0,100.0,96,140,3
G2_Wcluster_alhx700,$\mathrm{Hel}_{50}$,Cter_antisymmetric_BB_contact_survival,antisymmetric_nac_bb,Any 1 antisymmetric C-ter BB,chain_pair,all,largest_cluster,29000.0,0.004250188708066413,0.001173276181886987,1300.7769299327165,4490.184078881924,2572.199259632295,0.8,8.0,100.0,96,140,3
G2_Wcluster_alhx700,$\mathrm{Hel}_{50}$,Cter_antisymmetric_BB_contact_survival,antisymmetric_nac_bb,Any 1 antisymmetric C-ter BB,chain_pair,all,largest_cluster,30000.0,0.003983865067433409,0.0011993735068100905,1300.7769299327165,4490.184078881924,2572.199259632295,0.8,8.0,100.0,96,140,3
G2_Wcluster_alhx700,$\mathrm{Hel}_{50}$,Cter_antisymmetric_BB_contact_survival,antisymmetric_nac_bb,Any 1 antisymmetric C-ter BB,chain_pair,all,largest_cluster,31000.0,0.003689349635057758,0.0010336503198531155,1300.7769299327165,4490.184078881924,2572.199259632295,0.8,8.0,100.0,96,140,3
G2_Wcluster_alhx700,$\mathrm{Hel}_{50}$,Cter_antisymmetric_BB_contact_survival,antisymmetric_nac_bb,Any 1 antisymmetric C-ter BB,chain_pair,all,largest_cluster,32000.0,0.003317218555367608,0.0009157477319457202,1300.7769299327165,4490.184078881924,2572.199259632295,0.8,8.0,100.0,96,140,3
G2_Wcluster_alhx700,$\mathrm{Hel}_{50}$,Cter_antisymmetric_BB_contact_survival,antisymmetric_nac_bb,Any 1 antisymmetric C-ter BB,chain_pair,all,largest_cluster,33000.0,0.003121261714006238,0.0009443590869590076,1300.7769299327165,4490.184078881924,2572.199259632295,0.8,8.0,100.0,96,140,3
G2_Wcluster_alhx700,$\mathrm{Hel}_{50}$,Cter_antisymmetric_BB_contact_survival,antisymmetric_nac_bb,Any 1 antisymmetric C-ter BB,chain_pair,all,largest_cluster,34000.0,0.002877330477869629,0.000955429779422893,1300.7769299327165,4490.184078881924,2572.199259632295,0.8,8.0,100.0,96,140,3
G2_Wcluster_alhx700,$\mathrm{Hel}_{50}$,Cter_antisymmetric_BB_contact_survival,antisymmetric_nac_bb,Any 1 antisymmetric C-ter BB,chain_pair,all,largest_cluster,35000.0,0.002803484200656224,0.0009529513355939986,1300.7769299327165,4490.184078881924,2572.199259632295,0.8,8.0,100.0,96,140,3
G2_Wcluster_alhx700,$\mathrm{Hel}_{50}$,Cter_antisymmetric_BB_contact_survival,antisymmetric_nac_bb,Any 1 antisymmetric C-ter BB,chain_pair,all,largest_cluster,36000.0,0.002630209655950571,0.0009120284122129513,1300.7769299327165,4490.184078881924,2572.199259632295,0.8,8.0,100.0,96,140,3
G2_Wcluster_alhx700,$\mathrm{Hel}_{50}$,Cter_antisymmetric_BB_contact_survival,antisymmetric_nac_bb,Any 1 antisymmetric C-ter BB,chain_pair,all,largest_cluster,37000.0,0.0024572250034042404,0.0008205712917174134,1300.7769299327165,4490.184078881924,2572.199259632295,0.8,8.0,100.0,96,140,3
G2_Wcluster_alhx700,$\mathrm{Hel}_{50}$,Cter_antisymmetric_BB_contact_survival,antisymmetric_nac_bb,Any 1 antisymmetric C-ter BB,chain_pair,all,largest_cluster,38000.0,0.0023124321426005573,0.0009206726772978355,1300.7769299327165,4490.184078881924,2572.199259632295,0.8,8.0,100.0,96,140,3
G2_Wcluster_alhx700,$\mathrm{Hel}_{50}$,Cter_antisymmetric_BB_contact_survival,antisymmetric_nac_bb,Any 1 antisymmetric C-ter BB,chain_pair,all,largest_cluster,39000.0,0.002135968012112455,0.0008254857683277573,1300.7769299327165,4490.184078881924,2572.199259632295,0.8,8.0,100.0,96,140,3
G2_Wcluster_alhx700,$\mathrm{Hel}_{50}$,Cter_antisymmetric_BB_contact_survival,antisymmetric_nac_bb,Any 1 antisymmetric C-ter BB,chain_pair,all,largest_cluster,40000.0,0.0020842242472361226,0.0008597385401956158,1300.7769299327165,4490.184078881924,2572.199259632295,0.8,8.0,100.0,96,140,3
G2_Wcluster_alhx700,$\mathrm{Hel}_{50}$,Cter_antisymmetric_BB_contact_survival,antisymmetric_nac_bb,Any 1 antisymmetric C-ter BB,chain_pair,all,largest_cluster,41000.0,0.0019368215849686358,0.0008014622581468981,1300.7769299327165,4490.184078881924,2572.199259632295,0.8,8.0,100.0,96,140,3
G2_Wcluster_alhx700,$\mathrm{Hel}_{50}$,Cter_antisymmetric_BB_contact_survival,antisymmetric_nac_bb,Any 1 antisymmetric C-ter BB,chain_pair,all,largest_cluster,42000.0,0.0018121012193568662,0.000674088271072701,1300.7769299327165,4490.184078881924,2572.199259632295,0.8,8.0,100.0,96,140,3
G2_Wcluster_alhx700,$\mathrm{Hel}_{50}$,Cter_antisymmetric_BB_contact_survival,antisymmetric_nac_bb,Any 1 antisymmetric C-ter BB,chain_pair,all,largest_cluster,43000.0,0.0017161524298063893,0.0006401218138656559,1300.7769299327165,4490.184078881924,2572.199259632295,0.8,8.0,100.0,96,140,3
G2_Wcluster_alhx700,$\mathrm{Hel}_{50}$,Cter_antisymmetric_BB_contact_survival,antisymmetric_nac_bb,Any 1 antisymmetric C-ter BB,chain_pair,all,largest_cluster,44000.0,0.001668178035031151,0.0006252475515112045,1300.7769299327165,4490.184078881924,2572.199259632295,0.8,8.0,100.0,96,140,3
G2_Wcluster_alhx700,$\mathrm{Hel}_{50}$,Cter_antisymmetric_BB_contact_survival,antisymmetric_nac_bb,Any 1 antisymmetric C-ter BB,chain_pair,all,largest_cluster,45000.0,0.00154664725520183,0.0005659617394020003,1300.7769299327165,4490.184078881924,2572.199259632295,0.8,8.0,100.0,96,140,3
G2_Wcluster_alhx700,$\mathrm{Hel}_{50}$,Cter_antisymmetric_BB_contact_survival,antisymmetric_nac_bb,Any 1 antisymmetric C-ter BB,chain_pair,all,largest_cluster,46000.0,0.0015242548507054352,0.0005903071831527215,1300.7769299327165,4490.184078881924,2572.199259632295,0.8,8.0,100.0,96,140,3
G2_Wcluster_alhx700,$\mathrm{Hel}_{50}$,Cter_antisymmetric_BB_contact_survival,antisymmetric_nac_bb,Any 1 antisymmetric C-ter BB,chain_pair,all,largest_cluster,47000.0,0.0014506984656513528,0.0005494892135762559,1300.7769299327165,4490.184078881924,2572.199259632295,0.8,8.0,100.0,96,140,3
G2_Wcluster_alhx700,$\mathrm{Hel}_{50}$,Cter_antisymmetric_BB_contact_survival,antisymmetric_nac_bb,Any 1 antisymmetric C-ter BB,chain_pair,all,largest_cluster,48000.0,0.0013579392618833248,0.0005997622441156007,1300.7769299327165,4490.184078881924,2572.199259632295,0.8,8.0,100.0,96,140,3
G2_Wcluster_alhx700,$\mathrm{Hel}_{50}$,Cter_antisymmetric_BB_contact_survival,antisymmetric_nac_bb,Any 1 antisymmetric C-ter BB,chain_pair,all,largest_cluster,49000.0,0.0013061954970069924,0.0006008484290127009,1300.7769299327165,4490.184078881924,2572.199259632295,0.8,8.0,100.0,96,140,3
G2_Wcluster_alhx700,$\mathrm{Hel}_{50}$,Cter_antisymmetric_BB_contact_survival,antisymmetric_nac_bb,Any 1 antisymmetric C-ter BB,chain_pair,all,largest_cluster,50000.0,0.0012544517321306599,0.0006107639385571063,1300.7769299327165,4490.184078881924,2572.199259632295,0.8,8.0,100.0,96,140,3
G2_Wcluster_alhx700,$\mathrm{Hel}_{50}$,Cter_antisymmetric_BB_contact_survival,antisymmetric_nac_bb,Any 1 antisymmetric C-ter BB,chain_pair,all,largest_cluster,51000.0,0.0012064773373554214,0.0006012204957965643,1300.7769299327165,4490.184078881924,2572.199259632295,0.8,8.0,100.0,96,140,3
G2_Wcluster_alhx700,$\mathrm{Hel}_{50}$,Cter_antisymmetric_BB_contact_survival,antisymmetric_nac_bb,Any 1 antisymmetric C-ter BB,chain_pair,all,largest_cluster,52000.0,0.001155313356797734,0.0005347646489202418,1300.7769299327165,4490.184078881924,2572.199259632295,0.8,8.0,100.0,96,140,3
G2_Wcluster_alhx700,$\mathrm{Hel}_{50}$,Cter_antisymmetric_BB_contact_survival,antisymmetric_nac_bb,Any 1 antisymmetric C-ter BB,chain_pair,all,largest_cluster,53000.0,0.0011329209523013393,0.0005609352974326069,1300.7769299327165,4490.184078881924,2572.199259632295,0.8,8.0,100.0,96,140,3
G2_Wcluster_alhx700,$\mathrm{Hel}_{50}$,Cter_antisymmetric_BB_contact_survival,antisymmetric_nac_bb,Any 1 antisymmetric C-ter BB,chain_pair,all,largest_cluster,54000.0,0.0010555951971461632,0.0005358936563696547,1300.7769299327165,4490.184078881924,2572.199259632295,0.8,8.0,100.0,96,140,3
G2_Wcluster_alhx700,$\mathrm{Hel}_{50}$,Cter_antisymmetric_BB_contact_survival,antisymmetric_nac_bb,Any 1 antisymmetric C-ter BB,chain_pair,all,largest_cluster,55000.0,0.0010044312165884757,0.0004688384268470214,1300.7769299327165,4490.184078881924,2572.199259632295,0.8,8.0,100.0,96,140,3
G2_Wcluster_alhx700,$\mathrm{Hel}_{50}$,Cter_antisymmetric_BB_contact_survival,antisymmetric_nac_bb,Any 1 antisymmetric C-ter BB,chain_pair,all,largest_cluster,56000.0,0.0009532672360307884,0.00040361855961485685,1300.7769299327165,4490.184078881924,2572.199259632295,0.8,8.0,100.0,96,140,3
G2_Wcluster_alhx700,$\mathrm{Hel}_{50}$,Cter_antisymmetric_BB_contact_survival,antisymmetric_nac_bb,Any 1 antisymmetric C-ter BB,chain_pair,all,largest_cluster,57000.0,0.0009052928412555498,0.0003998414960770671,1300.7769299327165,4490.184078881924,2572.199259632295,0.8,8.0,100.0,96,140,3
G2_Wcluster_alhx700,$\mathrm{Hel}_{50}$,Cter_antisymmetric_BB_contact_survival,antisymmetric_nac_bb,Any 1 antisymmetric C-ter BB,chain_pair,all,largest_cluster,58000.0,0.0009052928412555498,0.0003998414960770671,1300.7769299327165,4490.184078881924,2572.199259632295,0.8,8.0,100.0,96,140,3
G2_Wcluster_alhx700,$\mathrm{Hel}_{50}$,Cter_antisymmetric_BB_contact_survival,antisymmetric_nac_bb,Any 1 antisymmetric C-ter BB,chain_pair,all,largest_cluster,59000.0,0.0008538389685385398,0.0003680841013426277,1300.7769299327165,4490.184078881924,2572.199259632295,0.8,8.0,100.0,96,140,3
G2_Wcluster_alhx700,$\mathrm{Hel}_{50}$,Cter_antisymmetric_BB_contact_survival,antisymmetric_nac_bb,Any 1 antisymmetric C-ter BB,chain_pair,all,largest_cluster,60000.0,0.0008026749879808526,0.00030755099416804045,1300.7769299327165,4490.184078881924,2572.199259632295,0.8,8.0,100.0,96,140,3
G2_Wcluster_alhx700,$\mathrm{Hel}_{50}$,Cter_antisymmetric_BB_contact_survival,antisymmetric_nac_bb,Any 1 antisymmetric C-ter BB,chain_pair,all,largest_cluster,61000.0,0.0008026749879808526,0.00030755099416804045,1300.7769299327165,4490.184078881924,2572.199259632295,0.8,8.0,100.0,96,140,3
G2_Wcluster_alhx700,$\mathrm{Hel}_{50}$,Cter_antisymmetric_BB_contact_survival,antisymmetric_nac_bb,Any 1 antisymmetric C-ter BB,chain_pair,all,largest_cluster,62000.0,0.000754700593205614,0.00030954609758657023,1300.7769299327165,4490.184078881924,2572.199259632295,0.8,8.0,100.0,96,140,3
G2_Wcluster_alhx700,$\mathrm{Hel}_{50}$,Cter_antisymmetric_BB_contact_survival,antisymmetric_nac_bb,Any 1 antisymmetric C-ter BB,chain_pair,all,largest_cluster,63000.0,0.0007291186029267704,0.0002841977100986559,1300.7769299327165,4490.184078881924,2572.199259632295,0.8,8.0,100.0,96,140,3
G2_Wcluster_alhx700,$\mathrm{Hel}_{50}$,Cter_antisymmetric_BB_contact_survival,antisymmetric_nac_bb,Any 1 antisymmetric C-ter BB,chain_pair,all,largest_cluster,64000.0,0.0007032467204886043,0.0002750581842536006,1300.7769299327165,4490.184078881924,2572.199259632295,0.8,8.0,100.0,96,140,3
G2_Wcluster_alhx700,$\mathrm{Hel}_{50}$,Cter_antisymmetric_BB_contact_survival,antisymmetric_nac_bb,Any 1 antisymmetric C-ter BB,chain_pair,all,largest_cluster,65000.0,0.0007032467204886043,0.0002750581842536006,1300.7769299327165,4490.184078881924,2572.199259632295,0.8,8.0,100.0,96,140,3
G2_Wcluster_alhx700,$\mathrm{Hel}_{50}$,Cter_antisymmetric_BB_contact_survival,antisymmetric_nac_bb,Any 1 antisymmetric C-ter BB,chain_pair,all,largest_cluster,66000.0,0.0007032467204886043,0.0002750581842536006,1300.7769299327165,4490.184078881924,2572.199259632295,0.8,8.0,100.0,96,140,3
G2_Wcluster_alhx700,$\mathrm{Hel}_{50}$,Cter_antisymmetric_BB_contact_survival,antisymmetric_nac_bb,Any 1 antisymmetric C-ter BB,chain_pair,all,largest_cluster,67000.0,0.0006773748380504381,0.0002705976500785491,1300.7769299327165,4490.184078881924,2572.199259632295,0.8,8.0,100.0,96,140,3
G2_Wcluster_alhx700,$\mathrm{Hel}_{50}$,Cter_antisymmetric_BB_contact_survival,antisymmetric_nac_bb,Any 1 antisymmetric C-ter BB,chain_pair,all,largest_cluster,68000.0,0.0006259209653334281,0.00023887814522332635,1300.7769299327165,4490.184078881924,2572.199259632295,0.8,8.0,100.0,96,140,3
G2_Wcluster_alhx700,$\mathrm{Hel}_{50}$,Cter_antisymmetric_BB_contact_survival,antisymmetric_nac_bb,Any 1 antisymmetric C-ter BB,chain_pair,all,largest_cluster,69000.0,0.0006003389750545844,0.00020803052781364877,1300.7769299327165,4490.184078881924,2572.199259632295,0.8,8.0,100.0,96,140,3
G2_Wcluster_alhx700,$\mathrm{Hel}_{50}$,Cter_antisymmetric_BB_contact_survival,antisymmetric_nac_bb,Any 1 antisymmetric C-ter BB,chain_pair,all,largest_cluster,70000.0,0.0006003389750545844,0.00020803052781364877,1300.7769299327165,4490.184078881924,2572.199259632295,0.8,8.0,100.0,96,140,3
G2_Wcluster_alhx700,$\mathrm{Hel}_{50}$,Cter_antisymmetric_BB_contact_survival,antisymmetric_nac_bb,Any 1 antisymmetric C-ter BB,chain_pair,all,largest_cluster,71000.0,0.0005744670926164182,0.0002086868501669682,1300.7769299327165,4490.184078881924,2572.199259632295,0.8,8.0,100.0,96,140,3
G2_Wcluster_alhx700,$\mathrm{Hel}_{50}$,Cter_antisymmetric_BB_contact_survival,antisymmetric_nac_bb,Any 1 antisymmetric C-ter BB,chain_pair,all,largest_cluster,72000.0,0.0005744670926164182,0.0002086868501669682,1300.7769299327165,4490.184078881924,2572.199259632295,0.8,8.0,100.0,96,140,3
G2_Wcluster_alhx700,$\mathrm{Hel}_{50}$,Cter_antisymmetric_BB_contact_survival,antisymmetric_nac_bb,Any 1 antisymmetric C-ter BB,chain_pair,all,largest_cluster,73000.0,0.0005744670926164182,0.0002086868501669682,1300.7769299327165,4490.184078881924,2572.199259632295,0.8,8.0,100.0,96,140,3
G2_Wcluster_alhx700,$\mathrm{Hel}_{50}$,Cter_antisymmetric_BB_contact_survival,antisymmetric_nac_bb,Any 1 antisymmetric C-ter BB,chain_pair,all,largest_cluster,74000.0,0.0005488851023375744,0.00017623330583675052,1300.7769299327165,4490.184078881924,2572.199259632295,0.8,8.0,100.0,96,140,3
G2_Wcluster_alhx700,$\mathrm{Hel}_{50}$,Cter_antisymmetric_BB_contact_survival,antisymmetric_nac_bb,Any 1 antisymmetric C-ter BB,chain_pair,all,largest_cluster,75000.0,0.0004974312296205646,0.00014658584106196735,1300.7769299327165,4490.184078881924,2572.199259632295,0.8,8.0,100.0,96,140,3
G2_Wcluster_alhx700,$\mathrm{Hel}_{50}$,Cter_antisymmetric_BB_contact_survival,antisymmetric_nac_bb,Any 1 antisymmetric C-ter BB,chain_pair,all,largest_cluster,76000.0,0.0004526464206277749,0.00019992074803853354,1300.7769299327165,4490.184078881924,2572.199259632295,0.8,8.0,100.0,96,140,3
G2_Wcluster_alhx700,$\mathrm{Hel}_{50}$,Cter_antisymmetric_BB_contact_survival,antisymmetric_nac_bb,Any 1 antisymmetric C-ter BB,chain_pair,all,largest_cluster,77000.0,0.00042706443034893124,0.0001705775787616787,1300.7769299327165,4490.184078881924,2572.199259632295,0.8,8.0,100.0,96,140,3
G2_Wcluster_alhx700,$\mathrm{Hel}_{50}$,Cter_antisymmetric_BB_contact_survival,antisymmetric_nac_bb,Any 1 antisymmetric C-ter BB,chain_pair,all,largest_cluster,78000.0,0.0003756105576319213,0.00013732820144883164,1300.7769299327165,4490.184078881924,2572.199259632295,0.8,8.0,100.0,96,140,3
G2_Wcluster_alhx700,$\mathrm{Hel}_{50}$,Cter_antisymmetric_BB_contact_survival,antisymmetric_nac_bb,Any 1 antisymmetric C-ter BB,chain_pair,all,largest_cluster,79000.0,0.0003276361628566828,0.0001398301940958507,1300.7769299327165,4490.184078881924,2572.199259632295,0.8,8.0,100.0,96,140,3
G2_Wcluster_alhx700,$\mathrm{Hel}_{50}$,Cter_antisymmetric_BB_contact_survival,antisymmetric_nac_bb,Any 1 antisymmetric C-ter BB,chain_pair,all,largest_cluster,80000.0,0.00030176428041851663,0.0001332804986923557,1300.7769299327165,4490.184078881924,2572.199259632295,0.8,8.0,100.0,96,140,3
G2_Wcluster_alhx700,$\mathrm{Hel}_{50}$,Cter_antisymmetric_BB_contact_survival,antisymmetric_nac_bb,Any 1 antisymmetric C-ter BB,chain_pair,all,largest_cluster,81000.0,0.00025031040770150673,0.00010255325576025043,1300.7769299327165,4490.184078881924,2572.199259632295,0.8,8.0,100.0,96,140,3
G2_Wcluster_alhx700,$\mathrm{Hel}_{50}$,Cter_antisymmetric_BB_contact_survival,antisymmetric_nac_bb,Any 1 antisymmetric C-ter BB,chain_pair,all,largest_cluster,82000.0,0.00025031040770150673,0.00010255325576025043,1300.7769299327165,4490.184078881924,2572.199259632295,0.8,8.0,100.0,96,140,3
G2_Wcluster_alhx700,$\mathrm{Hel}_{50}$,Cter_antisymmetric_BB_contact_survival,antisymmetric_nac_bb,Any 1 antisymmetric C-ter BB,chain_pair,all,largest_cluster,83000.0,0.00025031040770150673,0.00010255325576025043,1300.7769299327165,4490.184078881924,2572.199259632295,0.8,8.0,100.0,96,140,3
G2_Wcluster_alhx700,$\mathrm{Hel}_{50}$,Cter_antisymmetric_BB_contact_survival,antisymmetric_nac_bb,Any 1 antisymmetric C-ter BB,chain_pair,all,largest_cluster,84000.0,0.00025031040770150673,0.00010255325576025043,1300.7769299327165,4490.184078881924,2572.199259632295,0.8,8.0,100.0,96,140,3
G2_Wcluster_alhx700,$\mathrm{Hel}_{50}$,Cter_antisymmetric_BB_contact_survival,antisymmetric_nac_bb,Any 1 antisymmetric C-ter BB,chain_pair,all,largest_cluster,85000.0,0.00025031040770150673,0.00010255325576025043,1300.7769299327165,4490.184078881924,2572.199259632295,0.8,8.0,100.0,96,140,3
G2_Wcluster_alhx700,$\mathrm{Hel}_{50}$,Cter_antisymmetric_BB_contact_survival,antisymmetric_nac_bb,Any 1 antisymmetric C-ter BB,chain_pair,all,largest_cluster,86000.0,0.00025031040770150673,0.00010255325576025043,1300.7769299327165,4490.184078881924,2572.199259632295,0.8,8.0,100.0,96,140,3
G2_Wcluster_alhx700,$\mathrm{Hel}_{50}$,Cter_antisymmetric_BB_contact_survival,antisymmetric_nac_bb,Any 1 antisymmetric C-ter BB,chain_pair,all,largest_cluster,87000.0,0.00025031040770150673,0.00010255325576025043,1300.7769299327165,4490.184078881924,2572.199259632295,0.8,8.0,100.0,96,140,3
G2_Wcluster_alhx700,$\mathrm{Hel}_{50}$,Cter_antisymmetric_BB_contact_survival,antisymmetric_nac_bb,Any 1 antisymmetric C-ter BB,chain_pair,all,largest_cluster,88000.0,0.00022443852526334054,0.00011295797596860668,1300.7769299327165,4490.184078881924,2572.199259632295,0.8,8.0,100.0,96,140,3
G2_Wcluster_alhx700,$\mathrm{Hel}_{50}$,Cter_antisymmetric_BB_contact_survival,antisymmetric_nac_bb,Any 1 antisymmetric C-ter BB,chain_pair,all,largest_cluster,89000.0,0.00022443852526334054,0.00011295797596860668,1300.7769299327165,4490.184078881924,2572.199259632295,0.8,8.0,100.0,96,140,3
G2_Wcluster_alhx700,$\mathrm{Hel}_{50}$,Cter_antisymmetric_BB_contact_survival,antisymmetric_nac_bb,Any 1 antisymmetric C-ter BB,chain_pair,all,largest_cluster,90000.0,0.00022443852526334054,0.00011295797596860668,1300.7769299327165,4490.184078881924,2572.199259632295,0.8,8.0,100.0,96,140,3
G2_Wcluster_alhx700,$\mathrm{Hel}_{50}$,Cter_antisymmetric_BB_contact_survival,antisymmetric_nac_bb,Any 1 antisymmetric C-ter BB,chain_pair,all,largest_cluster,91000.0,0.00022443852526334054,0.00011295797596860668,1300.7769299327165,4490.184078881924,2572.199259632295,0.8,8.0,100.0,96,140,3
G2_Wcluster_alhx700,$\mathrm{Hel}_{50}$,Cter_antisymmetric_BB_contact_survival,antisymmetric_nac_bb,Any 1 antisymmetric C-ter BB,chain_pair,all,largest_cluster,92000.0,0.0001988565349844968,7.693115319779118e-05,1300.7769299327165,4490.184078881924,2572.199259632295,0.8,8.0,100.0,96,140,3
G2_Wcluster_alhx700,$\mathrm{Hel}_{50}$,Cter_antisymmetric_BB_contact_survival,antisymmetric_nac_bb,Any 1 antisymmetric C-ter BB,chain_pair,all,largest_cluster,93000.0,0.00017327454470565315,4.117102423145582e-05,1300.7769299327165,4490.184078881924,2572.199259632295,0.8,8.0,100.0,96,140,3
G2_Wcluster_alhx700,$\mathrm{Hel}_{50}$,Cter_antisymmetric_BB_contact_survival,antisymmetric_nac_bb,Any 1 antisymmetric C-ter BB,chain_pair,all,largest_cluster,94000.0,0.00017327454470565315,4.117102423145582e-05,1300.7769299327165,4490.184078881924,2572.199259632295,0.8,8.0,100.0,96,140,3
G2_Wcluster_alhx700,$\mathrm{Hel}_{50}$,Cter_antisymmetric_BB_contact_survival,antisymmetric_nac_bb,Any 1 antisymmetric C-ter BB,chain_pair,all,largest_cluster,95000.0,0.00017327454470565315,4.117102423145582e-05,1300.7769299327165,4490.184078881924,2572.199259632295,0.8,8.0,100.0,96,140,3
G2_Wcluster_alhx700,$\mathrm{Hel}_{50}$,Cter_antisymmetric_BB_contact_survival,antisymmetric_nac_bb,Any 1 antisymmetric C-ter BB,chain_pair,all,largest_cluster,96000.0,0.00017327454470565315,4.117102423145582e-05,1300.7769299327165,4490.184078881924,2572.199259632295,0.8,8.0,100.0,96,140,3
G2_Wcluster_alhx700,$\mathrm{Hel}_{50}$,Cter_antisymmetric_BB_contact_survival,antisymmetric_nac_bb,Any 1 antisymmetric C-ter BB,chain_pair,all,largest_cluster,97000.0,0.00017327454470565315,4.117102423145582e-05,1300.7769299327165,4490.184078881924,2572.199259632295,0.8,8.0,100.0,96,140,3
G2_Wcluster_alhx700,$\mathrm{Hel}_{50}$,Cter_antisymmetric_BB_contact_survival,antisymmetric_nac_bb,Any 1 antisymmetric C-ter BB,chain_pair,all,largest_cluster,98000.0,0.00017327454470565315,4.117102423145582e-05,1300.7769299327165,4490.184078881924,2572.199259632295,0.8,8.0,100.0,96,140,3
G2_Wcluster_alhx700,$\mathrm{Hel}_{50}$,Cter_antisymmetric_BB_contact_survival,antisymmetric_nac_bb,Any 1 antisymmetric C-ter BB,chain_pair,all,largest_cluster,99000.0,0.00015088214020925832,6.664024934617785e-05,1300.7769299327165,4490.184078881924,2572.199259632295,0.8,8.0,100.0,96,140,3
G2_Wcluster_alhx700,$\mathrm{Hel}_{50}$,Cter_antisymmetric_BB_contact_survival,antisymmetric_nac_bb,Any 1 antisymmetric C-ter BB,chain_pair,all,largest_cluster,100000.0,0.00015088214020925832,6.664024934617785e-05,1300.7769299327165,4490.184078881924,2572.199259632295,0.8,8.0,100.0,96,140,3
G2_Wcluster_alhx700,$\mathrm{Hel}_{50}$,Cter_antisymmetric_BB_contact_survival,antisymmetric_nac_bb,Any 1 antisymmetric C-ter BB,chain_pair,all,largest_cluster,101000.0,0.00015088214020925832,6.664024934617785e-05,1300.7769299327165,4490.184078881924,2572.199259632295,0.8,8.0,100.0,96,140,3
G2_Wcluster_alhx700,$\mathrm{Hel}_{50}$,Cter_antisymmetric_BB_contact_survival,antisymmetric_nac_bb,Any 1 antisymmetric C-ter BB,chain_pair,all,largest_cluster,102000.0,0.00015088214020925832,6.664024934617785e-05,1300.7769299327165,4490.184078881924,2572.199259632295,0.8,8.0,100.0,96,140,3
G2_Wcluster_alhx700,$\mathrm{Hel}_{50}$,Cter_antisymmetric_BB_contact_survival,antisymmetric_nac_bb,Any 1 antisymmetric C-ter BB,chain_pair,all,largest_cluster,103000.0,0.00015088214020925832,6.664024934617785e-05,1300.7769299327165,4490.184078881924,2572.199259632295,0.8,8.0,100.0,96,140,3
G2_Wcluster_alhx700,$\mathrm{Hel}_{50}$,Cter_antisymmetric_BB_contact_survival,antisymmetric_nac_bb,Any 1 antisymmetric C-ter BB,chain_pair,all,largest_cluster,104000.0,0.00015088214020925832,6.664024934617785e-05,1300.7769299327165,4490.184078881924,2572.199259632295,0.8,8.0,100.0,96,140,3
G2_Wcluster_alhx700,$\mathrm{Hel}_{50}$,Cter_antisymmetric_BB_contact_survival,antisymmetric_nac_bb,Any 1 antisymmetric C-ter BB,chain_pair,all,largest_cluster,105000.0,0.00015088214020925832,6.664024934617785e-05,1300.7769299327165,4490.184078881924,2572.199259632295,0.8,8.0,100.0,96,140,3
G2_Wcluster_alhx700,$\mathrm{Hel}_{50}$,Cter_antisymmetric_BB_contact_survival,antisymmetric_nac_bb,Any 1 antisymmetric C-ter BB,chain_pair,all,largest_cluster,106000.0,0.00015088214020925832,6.664024934617785e-05,1300.7769299327165,4490.184078881924,2572.199259632295,0.8,8.0,100.0,96,140,3
G2_Wcluster_alhx700,$\mathrm{Hel}_{50}$,Cter_antisymmetric_BB_contact_survival,antisymmetric_nac_bb,Any 1 antisymmetric C-ter BB,chain_pair,all,largest_cluster,107000.0,0.00015088214020925832,6.664024934617785e-05,1300.7769299327165,4490.184078881924,2572.199259632295,0.8,8.0,100.0,96,140,3
G2_Wcluster_alhx700,$\mathrm{Hel}_{50}$,Cter_antisymmetric_BB_contact_survival,antisymmetric_nac_bb,Any 1 antisymmetric C-ter BB,chain_pair,all,largest_cluster,108000.0,0.00015088214020925832,6.664024934617785e-05,1300.7769299327165,4490.184078881924,2572.199259632295,0.8,8.0,100.0,96,140,3
G2_Wcluster_alhx700,$\mathrm{Hel}_{50}$,Cter_antisymmetric_BB_contact_survival,antisymmetric_nac_bb,Any 1 antisymmetric C-ter BB,chain_pair,all,largest_cluster,109000.0,0.00015088214020925832,6.664024934617785e-05,1300.7769299327165,4490.184078881924,2572.199259632295,0.8,8.0,100.0,96,140,3
G2_Wcluster_alhx700,$\mathrm{Hel}_{50}$,Cter_antisymmetric_BB_contact_survival,antisymmetric_nac_bb,Any 1 antisymmetric C-ter BB,chain_pair,all,largest_cluster,110000.0,0.00015088214020925832,6.664024934617785e-05,1300.7769299327165,4490.184078881924,2572.199259632295,0.8,8.0,100.0,96,140,3
G2_Wcluster_alhx700,$\mathrm{Hel}_{50}$,Cter_antisymmetric_BB_contact_survival,antisymmetric_nac_bb,Any 1 antisymmetric C-ter BB,chain_pair,all,largest_cluster,111000.0,0.00015088214020925832,6.664024934617785e-05,1300.7769299327165,4490.184078881924,2572.199259632295,0.8,8.0,100.0,96,140,3
G2_Wcluster_alhx700,$\mathrm{Hel}_{50}$,Cter_antisymmetric_BB_contact_survival,antisymmetric_nac_bb,Any 1 antisymmetric C-ter BB,chain_pair,all,largest_cluster,112000.0,0.00015088214020925832,6.664024934617785e-05,1300.7769299327165,4490.184078881924,2572.199259632295,0.8,8.0,100.0,96,140,3
G2_Wcluster_alhx700,$\mathrm{Hel}_{50}$,Cter_antisymmetric_BB_contact_survival,antisymmetric_nac_bb,Any 1 antisymmetric C-ter BB,chain_pair,all,largest_cluster,113000.0,0.00015088214020925832,6.664024934617785e-05,1300.7769299327165,4490.184078881924,2572.199259632295,0.8,8.0,100.0,96,140,3
G2_Wcluster_alhx700,$\mathrm{Hel}_{50}$,Cter_antisymmetric_BB_contact_survival,antisymmetric_nac_bb,Any 1 antisymmetric C-ter BB,chain_pair,all,largest_cluster,114000.0,0.00015088214020925832,6.664024934617785e-05,1300.7769299327165,4490.184078881924,2572.199259632295,0.8,8.0,100.0,96,140,3
G2_Wcluster_alhx700,$\mathrm{Hel}_{50}$,Cter_antisymmetric_BB_contact_survival,antisymmetric_nac_bb,Any 1 antisymmetric C-ter BB,chain_pair,all,largest_cluster,115000.0,0.00015088214020925832,6.664024934617785e-05,1300.7769299327165,4490.184078881924,2572.199259632295,0.8,8.0,100.0,96,140,3
G2_Wcluster_alhx700,$\mathrm{Hel}_{50}$,Cter_antisymmetric_BB_contact_survival,antisymmetric_nac_bb,Any 1 antisymmetric C-ter BB,chain_pair,all,largest_cluster,116000.0,0.00015088214020925832,6.664024934617785e-05,1300.7769299327165,4490.184078881924,2572.199259632295,0.8,8.0,100.0,96,140,3
G2_Wcluster_alhx700,$\mathrm{Hel}_{50}$,Cter_antisymmetric_BB_contact_survival,antisymmetric_nac_bb,Any 1 antisymmetric C-ter BB,chain_pair,all,largest_cluster,117000.0,0.00015088214020925832,6.664024934617785e-05,1300.7769299327165,4490.184078881924,2572.199259632295,0.8,8.0,100.0,96,140,3
G2_Wcluster_alhx700,$\mathrm{Hel}_{50}$,Cter_antisymmetric_BB_contact_survival,antisymmetric_nac_bb,Any 1 antisymmetric C-ter BB,chain_pair,all,largest_cluster,118000.0,0.00015088214020925832,6.664024934617785e-05,1300.7769299327165,4490.184078881924,2572.199259632295,0.8,8.0,100.0,96,140,3
G2_Wcluster_alhx700,$\mathrm{Hel}_{50}$,Cter_antisymmetric_BB_contact_survival,antisymmetric_nac_bb,Any 1 antisymmetric C-ter BB,chain_pair,all,largest_cluster,119000.0,0.00015088214020925832,6.664024934617785e-05,1300.7769299327165,4490.184078881924,2572.199259632295,0.8,8.0,100.0,96,140,3
G2_Wcluster_alhx700,$\mathrm{Hel}_{50}$,Cter_antisymmetric_BB_contact_survival,antisymmetric_nac_bb,Any 1 antisymmetric C-ter BB,chain_pair,all,largest_cluster,120000.0,0.00015088214020925832,6.664024934617785e-05,1300.7769299327165,4490.184078881924,2572.199259632295,0.8,8.0,100.0,96,140,3
G2_Wcluster_alhx700,$\mathrm{Hel}_{50}$,Cter_antisymmetric_BB_contact_survival,antisymmetric_nac_bb,Any 1 antisymmetric C-ter BB,chain_pair,all,largest_cluster,121000.0,0.00015088214020925832,6.664024934617785e-05,1300.7769299327165,4490.184078881924,2572.199259632295,0.8,8.0,100.0,96,140,3
G2_Wcluster_alhx700,$\mathrm{Hel}_{50}$,Cter_antisymmetric_BB_contact_survival,antisymmetric_nac_bb,Any 1 antisymmetric C-ter BB,chain_pair,all,largest_cluster,122000.0,0.00015088214020925832,6.664024934617785e-05,1300.7769299327165,4490.184078881924,2572.199259632295,0.8,8.0,100.0,96,140,3
G2_Wcluster_alhx700,$\mathrm{Hel}_{50}$,Cter_antisymmetric_BB_contact_survival,antisymmetric_nac_bb,Any 1 antisymmetric C-ter BB,chain_pair,all,largest_cluster,123000.0,0.00015088214020925832,6.664024934617785e-05,1300.7769299327165,4490.184078881924,2572.199259632295,0.8,8.0,100.0,96,140,3
G2_Wcluster_alhx700,$\mathrm{Hel}_{50}$,Cter_antisymmetric_BB_contact_survival,antisymmetric_nac_bb,Any 1 antisymmetric C-ter BB,chain_pair,all,largest_cluster,124000.0,0.00015088214020925832,6.664024934617785e-05,1300.7769299327165,4490.184078881924,2572.199259632295,0.8,8.0,100.0,96,140,3
G2_Wcluster_alhx700,$\mathrm{Hel}_{50}$,Cter_antisymmetric_BB_contact_survival,antisymmetric_nac_bb,Any 1 antisymmetric C-ter BB,chain_pair,all,largest_cluster,125000.0,0.00015088214020925832,6.664024934617785e-05,1300.7769299327165,4490.184078881924,2572.199259632295,0.8,8.0,100.0,96,140,3
G2_Wcluster_alhx700,$\mathrm{Hel}_{50}$,Cter_antisymmetric_BB_contact_survival,antisymmetric_nac_bb,Any 1 antisymmetric C-ter BB,chain_pair,all,largest_cluster,126000.0,0.00015088214020925832,6.664024934617785e-05,1300.7769299327165,4490.184078881924,2572.199259632295,0.8,8.0,100.0,96,140,3
G2_Wcluster_alhx700,$\mathrm{Hel}_{50}$,Cter_antisymmetric_BB_contact_survival,antisymmetric_nac_bb,Any 1 antisymmetric C-ter BB,chain_pair,all,largest_cluster,127000.0,0.00015088214020925832,6.664024934617785e-05,1300.7769299327165,4490.184078881924,2572.199259632295,0.8,8.0,100.0,96,140,3
G2_Wcluster_alhx700,$\mathrm{Hel}_{50}$,Cter_antisymmetric_BB_contact_survival,antisymmetric_nac_bb,Any 1 antisymmetric C-ter BB,chain_pair,all,largest_cluster,128000.0,0.00015088214020925832,6.664024934617785e-05,1300.7769299327165,4490.184078881924,2572.199259632295,0.8,8.0,100.0,96,140,3
G2_Wcluster_alhx700,$\mathrm{Hel}_{50}$,Cter_antisymmetric_BB_contact_survival,antisymmetric_nac_bb,Any 1 antisymmetric C-ter BB,chain_pair,all,largest_cluster,129000.0,0.00015088214020925832,6.664024934617785e-05,1300.7769299327165,4490.184078881924,2572.199259632295,0.8,8.0,100.0,96,140,3
G2_Wcluster_alhx700,$\mathrm{Hel}_{50}$,Cter_antisymmetric_BB_contact_survival,antisymmetric_nac_bb,Any 1 antisymmetric C-ter BB,chain_pair,all,largest_cluster,130000.0,0.00015088214020925832,6.664024934617785e-05,1300.7769299327165,4490.184078881924,2572.199259632295,0.8,8.0,100.0,96,140,3
G2_Wcluster_alhx700,$\mathrm{Hel}_{50}$,Cter_antisymmetric_BB_contact_survival,antisymmetric_nac_bb,Any 1 antisymmetric C-ter BB,chain_pair,all,largest_cluster,131000.0,0.00015088214020925832,6.664024934617785e-05,1300.7769299327165,4490.184078881924,2572.199259632295,0.8,8.0,100.0,96,140,3
G2_Wcluster_alhx700,$\mathrm{Hel}_{50}$,Cter_antisymmetric_BB_contact_survival,antisymmetric_nac_bb,Any 1 antisymmetric C-ter BB,chain_pair,all,largest_cluster,132000.0,0.00015088214020925832,6.664024934617785e-05,1300.7769299327165,4490.184078881924,2572.199259632295,0.8,8.0,100.0,96,140,3
G2_Wcluster_alhx700,$\mathrm{Hel}_{50}$,Cter_antisymmetric_BB_contact_survival,antisymmetric_nac_bb,Any 1 antisymmetric C-ter BB,chain_pair,all,largest_cluster,133000.0,0.00015088214020925832,6.664024934617785e-05,1300.7769299327165,4490.184078881924,2572.199259632295,0.8,8.0,100.0,96,140,3
G2_Wcluster_alhx700,$\mathrm{Hel}_{50}$,Cter_antisymmetric_BB_contact_survival,antisymmetric_nac_bb,Any 1 antisymmetric C-ter BB,chain_pair,all,largest_cluster,134000.0,0.00015088214020925832,6.664024934617785e-05,1300.7769299327165,4490.184078881924,2572.199259632295,0.8,8.0,100.0,96,140,3
G2_Wcluster_alhx700,$\mathrm{Hel}_{50}$,Cter_antisymmetric_BB_contact_survival,antisymmetric_nac_bb,Any 1 antisymmetric C-ter BB,chain_pair,all,largest_cluster,135000.0,0.00015088214020925832,6.664024934617785e-05,1300.7769299327165,4490.184078881924,2572.199259632295,0.8,8.0,100.0,96,140,3
G2_Wcluster_alhx700,$\mathrm{Hel}_{50}$,Cter_antisymmetric_BB_contact_survival,antisymmetric_nac_bb,Any 1 antisymmetric C-ter BB,chain_pair,all,largest_cluster,136000.0,0.00015088214020925832,6.664024934617785e-05,1300.7769299327165,4490.184078881924,2572.199259632295,0.8,8.0,100.0,96,140,3
G2_Wcluster_alhx700,$\mathrm{Hel}_{50}$,Cter_antisymmetric_BB_contact_survival,antisymmetric_nac_bb,Any 1 antisymmetric C-ter BB,chain_pair,all,largest_cluster,137000.0,0.00015088214020925832,6.664024934617785e-05,1300.7769299327165,4490.184078881924,2572.199259632295,0.8,8.0,100.0,96,140,3
G2_Wcluster_alhx700,$\mathrm{Hel}_{50}$,Cter_antisymmetric_BB_contact_survival,antisymmetric_nac_bb,Any 1 antisymmetric C-ter BB,chain_pair,all,largest_cluster,138000.0,0.0001253001499304146,4.1105256294783756e-05,1300.7769299327165,4490.184078881924,2572.199259632295,0.8,8.0,100.0,96,140,3
G2_Wcluster_alhx700,$\mathrm{Hel}_{50}$,Cter_antisymmetric_BB_contact_survival,antisymmetric_nac_bb,Any 1 antisymmetric C-ter BB,chain_pair,all,largest_cluster,139000.0,0.0001253001499304146,4.1105256294783756e-05,1300.7769299327165,4490.184078881924,2572.199259632295,0.8,8.0,100.0,96,140,3
G2_Wcluster_alhx700,$\mathrm{Hel}_{50}$,Cter_antisymmetric_BB_contact_survival,antisymmetric_nac_bb,Any 1 antisymmetric C-ter BB,chain_pair,all,largest_cluster,140000.0,0.0001253001499304146,4.1105256294783756e-05,1300.7769299327165,4490.184078881924,2572.199259632295,0.8,8.0,100.0,96,140,3
G2_Wcluster_alhx700,$\mathrm{Hel}_{50}$,Cter_antisymmetric_BB_contact_survival,antisymmetric_nac_bb,Any 1 antisymmetric C-ter BB,chain_pair,all,largest_cluster,141000.0,0.0001253001499304146,4.1105256294783756e-05,1300.7769299327165,4490.184078881924,2572.199259632295,0.8,8.0,100.0,96,140,3
G2_Wcluster_alhx700,$\mathrm{Hel}_{50}$,Cter_antisymmetric_BB_contact_survival,antisymmetric_nac_bb,Any 1 antisymmetric C-ter BB,chain_pair,all,largest_cluster,142000.0,0.0001253001499304146,4.1105256294783756e-05,1300.7769299327165,4490.184078881924,2572.199259632295,0.8,8.0,100.0,96,140,3
G2_Wcluster_alhx700,$\mathrm{Hel}_{50}$,Cter_antisymmetric_BB_contact_survival,antisymmetric_nac_bb,Any 1 antisymmetric C-ter BB,chain_pair,all,largest_cluster,143000.0,0.0001253001499304146,4.1105256294783756e-05,1300.7769299327165,4490.184078881924,2572.199259632295,0.8,8.0,100.0,96,140,3
G2_Wcluster_alhx700,$\mathrm{Hel}_{50}$,Cter_antisymmetric_BB_contact_survival,antisymmetric_nac_bb,Any 1 antisymmetric C-ter BB,chain_pair,all,largest_cluster,144000.0,0.0001253001499304146,4.1105256294783756e-05,1300.7769299327165,4490.184078881924,2572.199259632295,0.8,8.0,100.0,96,140,3
G2_Wcluster_alhx700,$\mathrm{Hel}_{50}$,Cter_antisymmetric_BB_contact_survival,antisymmetric_nac_bb,Any 1 antisymmetric C-ter BB,chain_pair,all,largest_cluster,145000.0,0.00010290774543401979,7.277022921456776e-05,1300.7769299327165,4490.184078881924,2572.199259632295,0.8,8.0,100.0,96,140,3
G2_Wcluster_alhx700,$\mathrm{Hel}_{50}$,Cter_antisymmetric_BB_contact_survival,antisymmetric_nac_bb,Any 1 antisymmetric C-ter BB,chain_pair,all,largest_cluster,146000.0,0.00010290774543401979,7.277022921456776e-05,1300.7769299327165,4490.184078881924,2572.199259632295,0.8,8.0,100.0,96,140,3
G2_Wcluster_alhx700,$\mathrm{Hel}_{50}$,Cter_antisymmetric_BB_contact_survival,antisymmetric_nac_bb,Any 1 antisymmetric C-ter BB,chain_pair,all,largest_cluster,147000.0,0.00010290774543401979,7.277022921456776e-05,1300.7769299327165,4490.184078881924,2572.199259632295,0.8,8.0,100.0,96,140,3
G2_Wcluster_alhx700,$\mathrm{Hel}_{50}$,Cter_antisymmetric_BB_contact_survival,antisymmetric_nac_bb,Any 1 antisymmetric C-ter BB,chain_pair,all,largest_cluster,148000.0,7.732575515517608e-05,6.337423672356007e-05,1300.7769299327165,4490.184078881924,2572.199259632295,0.8,8.0,100.0,96,140,3
G2_Wcluster_alhx700,$\mathrm{Hel}_{50}$,Cter_antisymmetric_BB_contact_survival,antisymmetric_nac_bb,Any 1 antisymmetric C-ter BB,chain_pair,all,largest_cluster,149000.0,7.732575515517608e-05,6.337423672356007e-05,1300.7769299327165,4490.184078881924,2572.199259632295,0.8,8.0,100.0,96,140,3
G2_Wcluster_alhx700,$\mathrm{Hel}_{50}$,Cter_antisymmetric_BB_contact_survival,antisymmetric_nac_bb,Any 1 antisymmetric C-ter BB,chain_pair,all,largest_cluster,150000.0,7.732575515517608e-05,6.337423672356007e-05,1300.7769299327165,4490.184078881924,2572.199259632295,0.8,8.0,100.0,96,140,3
G2_Wcluster_alhx700,$\mathrm{Hel}_{50}$,Cter_antisymmetric_BB_contact_survival,antisymmetric_nac_bb,Any 1 antisymmetric C-ter BB,chain_pair,all,largest_cluster,151000.0,7.732575515517608e-05,6.337423672356007e-05,1300.7769299327165,4490.184078881924,2572.199259632295,0.8,8.0,100.0,96,140,3
G2_Wcluster_alhx700,$\mathrm{Hel}_{50}$,Cter_antisymmetric_BB_contact_survival,antisymmetric_nac_bb,Any 1 antisymmetric C-ter BB,chain_pair,all,largest_cluster,152000.0,7.732575515517608e-05,6.337423672356007e-05,1300.7769299327165,4490.184078881924,2572.199259632295,0.8,8.0,100.0,96,140,3
G2_Wcluster_alhx700,$\mathrm{Hel}_{50}$,Cter_antisymmetric_BB_contact_survival,antisymmetric_nac_bb,Any 1 antisymmetric C-ter BB,chain_pair,all,largest_cluster,153000.0,7.732575515517608e-05,6.337423672356007e-05,1300.7769299327165,4490.184078881924,2572.199259632295,0.8,8.0,100.0,96,140,3
G2_Wcluster_alhx700,$\mathrm{Hel}_{50}$,Cter_antisymmetric_BB_contact_survival,antisymmetric_nac_bb,Any 1 antisymmetric C-ter BB,chain_pair,all,largest_cluster,154000.0,7.732575515517608e-05,6.337423672356007e-05,1300.7769299327165,4490.184078881924,2572.199259632295,0.8,8.0,100.0,96,140,3
G2_Wcluster_alhx700,$\mathrm{Hel}_{50}$,Cter_antisymmetric_BB_contact_survival,antisymmetric_nac_bb,Any 1 antisymmetric C-ter BB,chain_pair,all,largest_cluster,155000.0,7.732575515517608e-05,6.337423672356007e-05,1300.7769299327165,4490.184078881924,2572.199259632295,0.8,8.0,100.0,96,140,3
G2_Wcluster_alhx700,$\mathrm{Hel}_{50}$,Cter_antisymmetric_BB_contact_survival,antisymmetric_nac_bb,Any 1 antisymmetric C-ter BB,chain_pair,all,largest_cluster,156000.0,7.732575515517608e-05,6.337423672356007e-05,1300.7769299327165,4490.184078881924,2572.199259632295,0.8,8.0,100.0,96,140,3
G2_Wcluster_alhx700,$\mathrm{Hel}_{50}$,Cter_antisymmetric_BB_contact_survival,antisymmetric_nac_bb,Any 1 antisymmetric C-ter BB,chain_pair,all,largest_cluster,157000.0,7.732575515517608e-05,6.337423672356007e-05,1300.7769299327165,4490.184078881924,2572.199259632295,0.8,8.0,100.0,96,140,3
G2_Wcluster_alhx700,$\mathrm{Hel}_{50}$,Cter_antisymmetric_BB_contact_survival,antisymmetric_nac_bb,Any 1 antisymmetric C-ter BB,chain_pair,all,largest_cluster,158000.0,7.732575515517608e-05,6.337423672356007e-05,1300.7769299327165,4490.184078881924,2572.199259632295,0.8,8.0,100.0,96,140,3
G2_Wcluster_alhx700,$\mathrm{Hel}_{50}$,Cter_antisymmetric_BB_contact_survival,antisymmetric_nac_bb,Any 1 antisymmetric C-ter BB,chain_pair,all,largest_cluster,159000.0,7.732575515517608e-05,6.337423672356007e-05,1300.7769299327165,4490.184078881924,2572.199259632295,0.8,8.0,100.0,96,140,3
G2_Wcluster_alhx700,$\mathrm{Hel}_{50}$,Cter_antisymmetric_BB_contact_survival,antisymmetric_nac_bb,Any 1 antisymmetric C-ter BB,chain_pair,all,largest_cluster,160000.0,7.732575515517608e-05,6.337423672356007e-05,1300.7769299327165,4490.184078881924,2572.199259632295,0.8,8.0,100.0,96,140,3
G2_Wcluster_alhx700,$\mathrm{Hel}_{50}$,Cter_antisymmetric_BB_contact_survival,antisymmetric_nac_bb,Any 1 antisymmetric C-ter BB,chain_pair,all,largest_cluster,161000.0,7.732575515517608e-05,6.337423672356007e-05,1300.7769299327165,4490.184078881924,2572.199259632295,0.8,8.0,100.0,96,140,3
G2_Wcluster_alhx700,$\mathrm{Hel}_{50}$,Cter_antisymmetric_BB_contact_survival,antisymmetric_nac_bb,Any 1 antisymmetric C-ter BB,chain_pair,all,largest_cluster,162000.0,7.732575515517608e-05,6.337423672356007e-05,1300.7769299327165,4490.184078881924,2572.199259632295,0.8,8.0,100.0,96,140,3
G2_Wcluster_alhx700,$\mathrm{Hel}_{50}$,Cter_antisymmetric_BB_contact_survival,antisymmetric_nac_bb,Any 1 antisymmetric C-ter BB,chain_pair,all,largest_cluster,163000.0,7.732575515517608e-05,6.337423672356007e-05,1300.7769299327165,4490.184078881924,2572.199259632295,0.8,8.0,100.0,96,140,3
G2_Wcluster_alhx700,$\mathrm{Hel}_{50}$,Cter_antisymmetric_BB_contact_survival,antisymmetric_nac_bb,Any 1 antisymmetric C-ter BB,chain_pair,all,largest_cluster,164000.0,7.732575515517608e-05,6.337423672356007e-05,1300.7769299327165,4490.184078881924,2572.199259632295,0.8,8.0,100.0,96,140,3
G2_Wcluster_alhx700,$\mathrm{Hel}_{50}$,Cter_antisymmetric_BB_contact_survival,antisymmetric_nac_bb,Any 1 antisymmetric C-ter BB,chain_pair,all,largest_cluster,165000.0,7.732575515517608e-05,6.337423672356007e-05,1300.7769299327165,4490.184078881924,2572.199259632295,0.8,8.0,100.0,96,140,3
G2_Wcluster_alhx700,$\mathrm{Hel}_{50}$,Cter_antisymmetric_BB_contact_survival,antisymmetric_nac_bb,Any 1 antisymmetric C-ter BB,chain_pair,all,largest_cluster,166000.0,7.732575515517608e-05,6.337423672356007e-05,1300.7769299327165,4490.184078881924,2572.199259632295,0.8,8.0,100.0,96,140,3
G2_Wcluster_alhx700,$\mathrm{Hel}_{50}$,Cter_antisymmetric_BB_contact_survival,antisymmetric_nac_bb,Any 1 antisymmetric C-ter BB,chain_pair,all,largest_cluster,167000.0,7.732575515517608e-05,6.337423672356007e-05,1300.7769299327165,4490.184078881924,2572.199259632295,0.8,8.0,100.0,96,140,3
G2_Wcluster_alhx700,$\mathrm{Hel}_{50}$,Cter_antisymmetric_BB_contact_survival,antisymmetric_nac_bb,Any 1 antisymmetric C-ter BB,chain_pair,all,largest_cluster,168000.0,7.732575515517608e-05,6.337423672356007e-05,1300.7769299327165,4490.184078881924,2572.199259632295,0.8,8.0,100.0,96,140,3
G2_Wcluster_alhx700,$\mathrm{Hel}_{50}$,Cter_antisymmetric_BB_contact_survival,antisymmetric_nac_bb,Any 1 antisymmetric C-ter BB,chain_pair,all,largest_cluster,169000.0,7.732575515517608e-05,6.337423672356007e-05,1300.7769299327165,4490.184078881924,2572.199259632295,0.8,8.0,100.0,96,140,3
G2_Wcluster_alhx700,$\mathrm{Hel}_{50}$,Cter_antisymmetric_BB_contact_survival,antisymmetric_nac_bb,Any 1 antisymmetric C-ter BB,chain_pair,all,largest_cluster,170000.0,7.732575515517608e-05,6.337423672356007e-05,1300.7769299327165,4490.184078881924,2572.199259632295,0.8,8.0,100.0,96,140,3
G2_Wcluster_alhx700,$\mathrm{Hel}_{50}$,Cter_antisymmetric_BB_contact_survival,antisymmetric_nac_bb,Any 1 antisymmetric C-ter BB,chain_pair,all,largest_cluster,171000.0,7.732575515517608e-05,6.337423672356007e-05,1300.7769299327165,4490.184078881924,2572.199259632295,0.8,8.0,100.0,96,140,3
G2_Wcluster_alhx700,$\mathrm{Hel}_{50}$,Cter_antisymmetric_BB_contact_survival,antisymmetric_nac_bb,Any 1 antisymmetric C-ter BB,chain_pair,all,largest_cluster,172000.0,5.1453872717009896e-05,3.638511460728388e-05,1300.7769299327165,4490.184078881924,2572.199259632295,0.8,8.0,100.0,96,140,3
G2_Wcluster_alhx700,$\mathrm{Hel}_{50}$,Cter_antisymmetric_BB_contact_survival,antisymmetric_nac_bb,Any 1 antisymmetric C-ter BB,chain_pair,all,largest_cluster,173000.0,5.1453872717009896e-05,3.638511460728388e-05,1300.7769299327165,4490.184078881924,2572.199259632295,0.8,8.0,100.0,96,140,3
G2_Wcluster_alhx700,$\mathrm{Hel}_{50}$,Cter_antisymmetric_BB_contact_survival,antisymmetric_nac_bb,Any 1 antisymmetric C-ter BB,chain_pair,all,largest_cluster,174000.0,5.1453872717009896e-05,3.638511460728388e-05,1300.7769299327165,4490.184078881924,2572.199259632295,0.8,8.0,100.0,96,140,3
G2_Wcluster_alhx700,$\mathrm{Hel}_{50}$,Cter_antisymmetric_BB_contact_survival,antisymmetric_nac_bb,Any 1 antisymmetric C-ter BB,chain_pair,all,largest_cluster,175000.0,5.1453872717009896e-05,3.638511460728388e-05,1300.7769299327165,4490.184078881924,2572.199259632295,0.8,8.0,100.0,96,140,3
G2_Wcluster_alhx700,$\mathrm{Hel}_{50}$,Cter_antisymmetric_BB_contact_survival,antisymmetric_nac_bb,Any 1 antisymmetric C-ter BB,chain_pair,all,largest_cluster,176000.0,5.1453872717009896e-05,3.638511460728388e-05,1300.7769299327165,4490.184078881924,2572.199259632295,0.8,8.0,100.0,96,140,3
G2_Wcluster_alhx700,$\mathrm{Hel}_{50}$,Cter_antisymmetric_BB_contact_survival,antisymmetric_nac_bb,Any 1 antisymmetric C-ter BB,chain_pair,all,largest_cluster,177000.0,2.58718824381662e-05,3.6588367028176944e-05,1300.7769299327165,4490.184078881924,2572.199259632295,0.8,8.0,100.0,96,140,3
G2_Wcluster_alhx700,$\mathrm{Hel}_{50}$,Cter_antisymmetric_BB_contact_survival,antisymmetric_nac_bb,Any 1 antisymmetric C-ter BB,chain_pair,all,largest_cluster,178000.0,2.58718824381662e-05,3.6588367028176944e-05,1300.7769299327165,4490.184078881924,2572.199259632295,0.8,8.0,100.0,96,140,3
G2_Wcluster_alhx700,$\mathrm{Hel}_{50}$,Cter_antisymmetric_BB_contact_survival,antisymmetric_nac_bb,Any 1 antisymmetric C-ter BB,chain_pair,all,largest_cluster,179000.0,2.58718824381662e-05,3.6588367028176944e-05,1300.7769299327165,4490.184078881924,2572.199259632295,0.8,8.0,100.0,96,140,3
G2_Wcluster_alhx700,$\mathrm{Hel}_{50}$,Cter_antisymmetric_BB_contact_survival,antisymmetric_nac_bb,Any 1 antisymmetric C-ter BB,chain_pair,all,largest_cluster,180000.0,2.58718824381662e-05,3.6588367028176944e-05,1300.7769299327165,4490.184078881924,2572.199259632295,0.8,8.0,100.0,96,140,3
G2_Wcluster_alhx700,$\mathrm{Hel}_{50}$,Cter_antisymmetric_BB_contact_survival,antisymmetric_nac_bb,Any 1 antisymmetric C-ter BB,chain_pair,all,largest_cluster,181000.0,2.58718824381662e-05,3.6588367028176944e-05,1300.7769299327165,4490.184078881924,2572.199259632295,0.8,8.0,100.0,96,140,3
G2_Wcluster_alhx700,$\mathrm{Hel}_{50}$,Cter_antisymmetric_BB_contact_survival,antisymmetric_nac_bb,Any 1 antisymmetric C-ter BB,chain_pair,all,largest_cluster,182000.0,2.58718824381662e-05,3.6588367028176944e-05,1300.7769299327165,4490.184078881924,2572.199259632295,0.8,8.0,100.0,96,140,3
G2_Wcluster_alhx700,$\mathrm{Hel}_{50}$,Cter_antisymmetric_BB_contact_survival,antisymmetric_nac_bb,Any 1 antisymmetric C-ter BB,chain_pair,all,largest_cluster,183000.0,2.58718824381662e-05,3.6588367028176944e-05,1300.7769299327165,4490.184078881924,2572.199259632295,0.8,8.0,100.0,96,140,3
G2_Wcluster_alhx700,$\mathrm{Hel}_{50}$,Cter_antisymmetric_BB_contact_survival,antisymmetric_nac_bb,Any 1 antisymmetric C-ter BB,chain_pair,all,largest_cluster,184000.0,2.58718824381662e-05,3.6588367028176944e-05,1300.7769299327165,4490.184078881924,2572.199259632295,0.8,8.0,100.0,96,140,3
G2_Wcluster_alhx700,$\mathrm{Hel}_{50}$,Cter_antisymmetric_BB_contact_survival,antisymmetric_nac_bb,Any 1 antisymmetric C-ter BB,chain_pair,all,largest_cluster,185000.0,2.58718824381662e-05,3.6588367028176944e-05,1300.7769299327165,4490.184078881924,2572.199259632295,0.8,8.0,100.0,96,140,3
G2_Wcluster_alhx700,$\mathrm{Hel}_{50}$,Cter_antisymmetric_BB_contact_survival,antisymmetric_nac_bb,Any 1 antisymmetric C-ter BB,chain_pair,all,largest_cluster,186000.0,2.58718824381662e-05,3.6588367028176944e-05,1300.7769299327165,4490.184078881924,2572.199259632295,0.8,8.0,100.0,96,140,3
G2_Wcluster_alhx700,$\mathrm{Hel}_{50}$,Cter_antisymmetric_BB_contact_survival,antisymmetric_nac_bb,Any 1 antisymmetric C-ter BB,chain_pair,all,largest_cluster,187000.0,2.58718824381662e-05,3.6588367028176944e-05,1300.7769299327165,4490.184078881924,2572.199259632295,0.8,8.0,100.0,96,140,3
G2_Wcluster_alhx700,$\mathrm{Hel}_{50}$,Cter_antisymmetric_BB_contact_survival,antisymmetric_nac_bb,Any 1 antisymmetric C-ter BB,chain_pair,all,largest_cluster,188000.0,2.58718824381662e-05,3.6588367028176944e-05,1300.7769299327165,4490.184078881924,2572.199259632295,0.8,8.0,100.0,96,140,3
G2_Wcluster_alhx700,$\mathrm{Hel}_{50}$,Cter_antisymmetric_BB_contact_survival,antisymmetric_nac_bb,Any 1 antisymmetric C-ter BB,chain_pair,all,largest_cluster,189000.0,2.58718824381662e-05,3.6588367028176944e-05,1300.7769299327165,4490.184078881924,2572.199259632295,0.8,8.0,100.0,96,140,3
G2_Wcluster_alhx700,$\mathrm{Hel}_{50}$,Cter_antisymmetric_BB_contact_survival,antisymmetric_nac_bb,Any 1 antisymmetric C-ter BB,chain_pair,all,largest_cluster,190000.0,2.58718824381662e-05,3.6588367028176944e-05,1300.7769299327165,4490.184078881924,2572.199259632295,0.8,8.0,100.0,96,140,3
G2_Wcluster_alhx700,$\mathrm{Hel}_{50}$,Cter_antisymmetric_BB_contact_survival,antisymmetric_nac_bb,Any 1 antisymmetric C-ter BB,chain_pair,all,largest_cluster,191000.0,2.58718824381662e-05,3.6588367028176944e-05,1300.7769299327165,4490.184078881924,2572.199259632295,0.8,8.0,100.0,96,140,3
G2_Wcluster_alhx700,$\mathrm{Hel}_{50}$,Cter_antisymmetric_BB_contact_survival,antisymmetric_nac_bb,Any 1 antisymmetric C-ter BB,chain_pair,all,largest_cluster,192000.0,2.58718824381662e-05,3.6588367028176944e-05,1300.7769299327165,4490.184078881924,2572.199259632295,0.8,8.0,100.0,96,140,3
G2_Wcluster_alhx700,$\mathrm{Hel}_{50}$,Cter_antisymmetric_BB_contact_survival,antisymmetric_nac_bb,Any 1 antisymmetric C-ter BB,chain_pair,all,largest_cluster,193000.0,2.58718824381662e-05,3.6588367028176944e-05,1300.7769299327165,4490.184078881924,2572.199259632295,0.8,8.0,100.0,96,140,3
G2_Wcluster_alhx700,$\mathrm{Hel}_{50}$,Cter_antisymmetric_BB_contact_survival,antisymmetric_nac_bb,Any 1 antisymmetric C-ter BB,chain_pair,all,largest_cluster,194000.0,2.58718824381662e-05,3.6588367028176944e-05,1300.7769299327165,4490.184078881924,2572.199259632295,0.8,8.0,100.0,96,140,3
G2_Wcluster_alhx700,$\mathrm{Hel}_{50}$,Cter_antisymmetric_BB_contact_survival,antisymmetric_nac_bb,Any 1 antisymmetric C-ter BB,chain_pair,all,largest_cluster,195000.0,2.58718824381662e-05,3.6588367028176944e-05,1300.7769299327165,4490.184078881924,2572.199259632295,0.8,8.0,100.0,96,140,3
G2_Wcluster_alhx700,$\mathrm{Hel}_{50}$,Cter_antisymmetric_BB_contact_survival,antisymmetric_nac_bb,Any 1 antisymmetric C-ter BB,chain_pair,all,largest_cluster,196000.0,2.58718824381662e-05,3.6588367028176944e-05,1300.7769299327165,4490.184078881924,2572.199259632295,0.8,8.0,100.0,96,140,3
G2_Wcluster_alhx700,$\mathrm{Hel}_{50}$,Cter_antisymmetric_BB_contact_survival,antisymmetric_nac_bb,Any 1 antisymmetric C-ter BB,chain_pair,all,largest_cluster,197000.0,2.58718824381662e-05,3.6588367028176944e-05,1300.7769299327165,4490.184078881924,2572.199259632295,0.8,8.0,100.0,96,140,3
G2_Wcluster_alhx700,$\mathrm{Hel}_{50}$,Cter_antisymmetric_BB_contact_survival,antisymmetric_nac_bb,Any 1 antisymmetric C-ter BB,chain_pair,all,largest_cluster,198000.0,2.58718824381662e-05,3.6588367028176944e-05,1300.7769299327165,4490.184078881924,2572.199259632295,0.8,8.0,100.0,96,140,3
G2_Wcluster_alhx700,$\mathrm{Hel}_{50}$,Cter_antisymmetric_BB_contact_survival,antisymmetric_nac_bb,Any 1 antisymmetric C-ter BB,chain_pair,all,largest_cluster,199000.0,2.58718824381662e-05,3.6588367028176944e-05,1300.7769299327165,4490.184078881924,2572.199259632295,0.8,8.0,100.0,96,140,3
G2_Wcluster_alhx700,$\mathrm{Hel}_{50}$,Cter_antisymmetric_BB_contact_survival,antisymmetric_nac_bb,Any 1 antisymmetric C-ter BB,chain_pair,all,largest_cluster,200000.0,2.58718824381662e-05,3.6588367028176944e-05,1300.7769299327165,4490.184078881924,2572.199259632295,0.8,8.0,100.0,96,140,3
G2_Wcluster_alhx700,$\mathrm{Hel}_{50}$,Cter_antisymmetric_BB_contact_survival,antisymmetric_nac_bb,Any 1 antisymmetric C-ter BB,chain_pair,all,largest_cluster,201000.0,2.58718824381662e-05,3.6588367028176944e-05,1300.7769299327165,4490.184078881924,2572.199259632295,0.8,8.0,100.0,96,140,3
G2_Wcluster_alhx700,$\mathrm{Hel}_{50}$,Cter_antisymmetric_BB_contact_survival,antisymmetric_nac_bb,Any 1 antisymmetric C-ter BB,chain_pair,all,largest_cluster,202000.0,2.58718824381662e-05,3.6588367028176944e-05,1300.7769299327165,4490.184078881924,2572.199259632295,0.8,8.0,100.0,96,140,3
G2_Wcluster_alhx700,$\mathrm{Hel}_{50}$,Cter_antisymmetric_BB_contact_survival,antisymmetric_nac_bb,Any 1 antisymmetric C-ter BB,chain_pair,all,largest_cluster,203000.0,2.58718824381662e-05,3.6588367028176944e-05,1300.7769299327165,4490.184078881924,2572.199259632295,0.8,8.0,100.0,96,140,3
G2_Wcluster_alhx700,$\mathrm{Hel}_{50}$,Cter_antisymmetric_BB_contact_survival,antisymmetric_nac_bb,Any 1 antisymmetric C-ter BB,chain_pair,all,largest_cluster,204000.0,2.58718824381662e-05,3.6588367028176944e-05,1300.7769299327165,4490.184078881924,2572.199259632295,0.8,8.0,100.0,96,140,3
G2_Wcluster_alhx700,$\mathrm{Hel}_{50}$,Cter_antisymmetric_BB_contact_survival,antisymmetric_nac_bb,Any 1 antisymmetric C-ter BB,chain_pair,all,largest_cluster,205000.0,2.58718824381662e-05,3.6588367028176944e-05,1300.7769299327165,4490.184078881924,2572.199259632295,0.8,8.0,100.0,96,140,3
G2_Wcluster_alhx700,$\mathrm{Hel}_{50}$,Cter_antisymmetric_BB_contact_survival,antisymmetric_nac_bb,Any 1 antisymmetric C-ter BB,chain_pair,all,largest_cluster,206000.0,2.58718824381662e-05,3.6588367028176944e-05,1300.7769299327165,4490.184078881924,2572.199259632295,0.8,8.0,100.0,96,140,3
G2_Wcluster_alhx700,$\mathrm{Hel}_{50}$,Cter_antisymmetric_BB_contact_survival,antisymmetric_nac_bb,Any 1 antisymmetric C-ter BB,chain_pair,all,largest_cluster,207000.0,2.58718824381662e-05,3.6588367028176944e-05,1300.7769299327165,4490.184078881924,2572.199259632295,0.8,8.0,100.0,96,140,3
G2_Wcluster_alhx700,$\mathrm{Hel}_{50}$,Cter_antisymmetric_BB_contact_survival,antisymmetric_nac_bb,Any 1 antisymmetric C-ter BB,chain_pair,all,largest_cluster,208000.0,2.58718824381662e-05,3.6588367028176944e-05,1300.7769299327165,4490.184078881924,2572.199259632295,0.8,8.0,100.0,96,140,3
G2_Wcluster_alhx700,$\mathrm{Hel}_{50}$,Cter_antisymmetric_BB_contact_survival,antisymmetric_nac_bb,Any 1 antisymmetric C-ter BB,chain_pair,all,largest_cluster,209000.0,2.58718824381662e-05,3.6588367028176944e-05,1300.7769299327165,4490.184078881924,2572.199259632295,0.8,8.0,100.0,96,140,3
G2_Wcluster_alhx700,$\mathrm{Hel}_{50}$,Cter_antisymmetric_BB_contact_survival,antisymmetric_nac_bb,Any 1 antisymmetric C-ter BB,chain_pair,all,largest_cluster,210000.0,2.58718824381662e-05,3.6588367028176944e-05,1300.7769299327165,4490.184078881924,2572.199259632295,0.8,8.0,100.0,96,140,3
G2_Wcluster_alhx700,$\mathrm{Hel}_{50}$,Cter_antisymmetric_BB_contact_survival,antisymmetric_nac_bb,Any 1 antisymmetric C-ter BB,chain_pair,all,largest_cluster,211000.0,2.58718824381662e-05,3.6588367028176944e-05,1300.7769299327165,4490.184078881924,2572.199259632295,0.8,8.0,100.0,96,140,3
G2_Wcluster_alhx700,$\mathrm{Hel}_{50}$,Cter_antisymmetric_BB_contact_survival,antisymmetric_nac_bb,Any 1 antisymmetric C-ter BB,chain_pair,all,largest_cluster,212000.0,2.58718824381662e-05,3.6588367028176944e-05,1300.7769299327165,4490.184078881924,2572.199259632295,0.8,8.0,100.0,96,140,3
G2_Wcluster_alhx700,$\mathrm{Hel}_{50}$,Cter_antisymmetric_BB_contact_survival,antisymmetric_nac_bb,Any 1 antisymmetric C-ter BB,chain_pair,all,largest_cluster,213000.0,2.58718824381662e-05,3.6588367028176944e-05,1300.7769299327165,4490.184078881924,2572.199259632295,0.8,8.0,100.0,96,140,3
G2_Wcluster_alhx700,$\mathrm{Hel}_{50}$,Cter_antisymmetric_BB_contact_survival,antisymmetric_nac_bb,Any 1 antisymmetric C-ter BB,chain_pair,all,largest_cluster,214000.0,2.58718824381662e-05,3.6588367028176944e-05,1300.7769299327165,4490.184078881924,2572.199259632295,0.8,8.0,100.0,96,140,3
G2_Wcluster_alhx700,$\mathrm{Hel}_{50}$,Cter_antisymmetric_BB_contact_survival,antisymmetric_nac_bb,Any 1 antisymmetric C-ter BB,chain_pair,all,largest_cluster,215000.0,2.58718824381662e-05,3.6588367028176944e-05,1300.7769299327165,4490.184078881924,2572.199259632295,0.8,8.0,100.0,96,140,3
G2_Wcluster_alhx700,$\mathrm{Hel}_{50}$,Cter_antisymmetric_BB_contact_survival,antisymmetric_nac_bb,Any 1 antisymmetric C-ter BB,chain_pair,all,largest_cluster,216000.0,2.58718824381662e-05,3.6588367028176944e-05,1300.7769299327165,4490.184078881924,2572.199259632295,0.8,8.0,100.0,96,140,3
G2_Wcluster_alhx700,$\mathrm{Hel}_{50}$,Cter_antisymmetric_BB_contact_survival,antisymmetric_nac_bb,Any 1 antisymmetric C-ter BB,chain_pair,all,largest_cluster,217000.0,2.58718824381662e-05,3.6588367028176944e-05,1300.7769299327165,4490.184078881924,2572.199259632295,0.8,8.0,100.0,96,140,3
G2_Wcluster_alhx700,$\mathrm{Hel}_{50}$,Cter_antisymmetric_BB_contact_survival,antisymmetric_nac_bb,Any 1 antisymmetric C-ter BB,chain_pair,all,largest_cluster,218000.0,2.58718824381662e-05,3.6588367028176944e-05,1300.7769299327165,4490.184078881924,2572.199259632295,0.8,8.0,100.0,96,140,3
G2_Wcluster_alhx700,$\mathrm{Hel}_{50}$,Cter_antisymmetric_BB_contact_survival,antisymmetric_nac_bb,Any 1 antisymmetric C-ter BB,chain_pair,all,largest_cluster,219000.0,2.58718824381662e-05,3.6588367028176944e-05,1300.7769299327165,4490.184078881924,2572.199259632295,0.8,8.0,100.0,96,140,3
G2_Wcluster_alhx700,$\mathrm{Hel}_{50}$,Cter_antisymmetric_BB_contact_survival,antisymmetric_nac_bb,Any 1 antisymmetric C-ter BB,chain_pair,all,largest_cluster,220000.0,2.58718824381662e-05,3.6588367028176944e-05,1300.7769299327165,4490.184078881924,2572.199259632295,0.8,8.0,100.0,96,140,3
G2_Wcluster_alhx700,$\mathrm{Hel}_{50}$,Cter_antisymmetric_BB_contact_survival,antisymmetric_nac_bb,Any 1 antisymmetric C-ter BB,chain_pair,all,largest_cluster,221000.0,2.58718824381662e-05,3.6588367028176944e-05,1300.7769299327165,4490.184078881924,2572.199259632295,0.8,8.0,100.0,96,140,3
G2_Wcluster_alhx700,$\mathrm{Hel}_{50}$,Cter_antisymmetric_BB_contact_survival,antisymmetric_nac_bb,Any 1 antisymmetric C-ter BB,chain_pair,all,largest_cluster,222000.0,2.58718824381662e-05,3.6588367028176944e-05,1300.7769299327165,4490.184078881924,2572.199259632295,0.8,8.0,100.0,96,140,3
G2_Wcluster_alhx700,$\mathrm{Hel}_{50}$,Cter_antisymmetric_BB_contact_survival,antisymmetric_nac_bb,Any 1 antisymmetric C-ter BB,chain_pair,all,largest_cluster,223000.0,2.58718824381662e-05,3.6588367028176944e-05,1300.7769299327165,4490.184078881924,2572.199259632295,0.8,8.0,100.0,96,140,3
G2_Wcluster_alhx700,$\mathrm{Hel}_{50}$,Cter_antisymmetric_BB_contact_survival,antisymmetric_nac_bb,Any 1 antisymmetric C-ter BB,chain_pair,all,largest_cluster,224000.0,2.58718824381662e-05,3.6588367028176944e-05,1300.7769299327165,4490.184078881924,2572.199259632295,0.8,8.0,100.0,96,140,3
G2_Wcluster_alhx700,$\mathrm{Hel}_{50}$,Cter_antisymmetric_BB_contact_survival,antisymmetric_nac_bb,Any 1 antisymmetric C-ter BB,chain_pair,all,largest_cluster,225000.0,2.58718824381662e-05,3.6588367028176944e-05,1300.7769299327165,4490.184078881924,2572.199259632295,0.8,8.0,100.0,96,140,3
G2_Wcluster_alhx700,$\mathrm{Hel}_{50}$,Cter_antisymmetric_BB_contact_survival,antisymmetric_nac_bb,Any 1 antisymmetric C-ter BB,chain_pair,all,largest_cluster,226000.0,2.58718824381662e-05,3.6588367028176944e-05,1300.7769299327165,4490.184078881924,2572.199259632295,0.8,8.0,100.0,96,140,3
G2_Wcluster_alhx700,$\mathrm{Hel}_{50}$,Cter_antisymmetric_BB_contact_survival,antisymmetric_nac_bb,Any 1 antisymmetric C-ter BB,chain_pair,all,largest_cluster,227000.0,2.58718824381662e-05,3.6588367028176944e-05,1300.7769299327165,4490.184078881924,2572.199259632295,0.8,8.0,100.0,96,140,3
G2_Wcluster_alhx700,$\mathrm{Hel}_{50}$,Cter_antisymmetric_BB_contact_survival,antisymmetric_nac_bb,Any 1 antisymmetric C-ter BB,chain_pair,all,largest_cluster,228000.0,2.58718824381662e-05,3.6588367028176944e-05,1300.7769299327165,4490.184078881924,2572.199259632295,0.8,8.0,100.0,96,140,3
G2_Wcluster_alhx700,$\mathrm{Hel}_{50}$,Cter_antisymmetric_BB_contact_survival,antisymmetric_nac_bb,Any 1 antisymmetric C-ter BB,chain_pair,all,largest_cluster,229000.0,2.58718824381662e-05,3.6588367028176944e-05,1300.7769299327165,4490.184078881924,2572.199259632295,0.8,8.0,100.0,96,140,3
G2_Wcluster_alhx700,$\mathrm{Hel}_{50}$,Cter_antisymmetric_BB_contact_survival,antisymmetric_nac_bb,Any 1 antisymmetric C-ter BB,chain_pair,all,largest_cluster,230000.0,2.58718824381662e-05,3.6588367028176944e-05,1300.7769299327165,4490.184078881924,2572.199259632295,0.8,8.0,100.0,96,140,3
G2_Wcluster_alhx700,$\mathrm{Hel}_{50}$,Cter_antisymmetric_BB_contact_survival,antisymmetric_nac_bb,Any 1 antisymmetric C-ter BB,chain_pair,all,largest_cluster,231000.0,2.58718824381662e-05,3.6588367028176944e-05,1300.7769299327165,4490.184078881924,2572.199259632295,0.8,8.0,100.0,96,140,3
G2_Wcluster_alhx700,$\mathrm{Hel}_{50}$,Cter_antisymmetric_BB_contact_survival,antisymmetric_nac_bb,Any 1 antisymmetric C-ter BB,chain_pair,all,largest_cluster,232000.0,2.58718824381662e-05,3.6588367028176944e-05,1300.7769299327165,4490.184078881924,2572.199259632295,0.8,8.0,100.0,96,140,3
G2_Wcluster_alhx700,$\mathrm{Hel}_{50}$,Cter_antisymmetric_BB_contact_survival,antisymmetric_nac_bb,Any 1 antisymmetric C-ter BB,chain_pair,all,largest_cluster,233000.0,2.58718824381662e-05,3.6588367028176944e-05,1300.7769299327165,4490.184078881924,2572.199259632295,0.8,8.0,100.0,96,140,3
G2_Wcluster_alhx700,$\mathrm{Hel}_{50}$,Cter_antisymmetric_BB_contact_survival,antisymmetric_nac_bb,Any 1 antisymmetric C-ter BB,chain_pair,all,largest_cluster,234000.0,2.58718824381662e-05,3.6588367028176944e-05,1300.7769299327165,4490.184078881924,2572.199259632295,0.8,8.0,100.0,96,140,3
G2_Wcluster_alhx700,$\mathrm{Hel}_{50}$,Cter_antisymmetric_BB_contact_survival,antisymmetric_nac_bb,Any 1 antisymmetric C-ter BB,chain_pair,all,largest_cluster,235000.0,2.58718824381662e-05,3.6588367028176944e-05,1300.7769299327165,4490.184078881924,2572.199259632295,0.8,8.0,100.0,96,140,3
G2_Wcluster_alhx700,$\mathrm{Hel}_{50}$,Cter_antisymmetric_BB_contact_survival,antisymmetric_nac_bb,Any 1 antisymmetric C-ter BB,chain_pair,all,largest_cluster,236000.0,2.58718824381662e-05,3.6588367028176944e-05,1300.7769299327165,4490.184078881924,2572.199259632295,0.8,8.0,100.0,96,140,3
G2_Wcluster_alhx700,$\mathrm{Hel}_{50}$,Cter_antisymmetric_BB_contact_survival,antisymmetric_nac_bb,Any 1 antisymmetric C-ter BB,chain_pair,all,largest_cluster,237000.0,2.58718824381662e-05,3.6588367028176944e-05,1300.7769299327165,4490.184078881924,2572.199259632295,0.8,8.0,100.0,96,140,3
G2_Wcluster_alhx700,$\mathrm{Hel}_{50}$,Cter_antisymmetric_BB_contact_survival,antisymmetric_nac_bb,Any 1 antisymmetric C-ter BB,chain_pair,all,largest_cluster,238000.0,2.58718824381662e-05,3.6588367028176944e-05,1300.7769299327165,4490.184078881924,2572.199259632295,0.8,8.0,100.0,96,140,3
G2_Wcluster_alhx700,$\mathrm{Hel}_{50}$,Cter_antisymmetric_BB_contact_survival,antisymmetric_nac_bb,Any 1 antisymmetric C-ter BB,chain_pair,all,largest_cluster,239000.0,2.58718824381662e-05,3.6588367028176944e-05,1300.7769299327165,4490.184078881924,2572.199259632295,0.8,8.0,100.0,96,140,3
G2_Wcluster_alhx700,$\mathrm{Hel}_{50}$,Cter_antisymmetric_BB_contact_survival,antisymmetric_nac_bb,Any 1 antisymmetric C-ter BB,chain_pair,all,largest_cluster,240000.0,2.58718824381662e-05,3.6588367028176944e-05,1300.7769299327165,4490.184078881924,2572.199259632295,0.8,8.0,100.0,96,140,3
G2_Wcluster_alhx700,$\mathrm{Hel}_{50}$,Cter_antisymmetric_BB_contact_survival,antisymmetric_nac_bb,Any 1 antisymmetric C-ter BB,chain_pair,all,largest_cluster,241000.0,2.58718824381662e-05,3.6588367028176944e-05,1300.7769299327165,4490.184078881924,2572.199259632295,0.8,8.0,100.0,96,140,3
G2_Wcluster_alhx700,$\mathrm{Hel}_{50}$,Cter_antisymmetric_BB_contact_survival,antisymmetric_nac_bb,Any 1 antisymmetric C-ter BB,chain_pair,all,largest_cluster,242000.0,2.58718824381662e-05,3.6588367028176944e-05,1300.7769299327165,4490.184078881924,2572.199259632295,0.8,8.0,100.0,96,140,3
G2_Wcluster_alhx700,$\mathrm{Hel}_{50}$,Cter_antisymmetric_BB_contact_survival,antisymmetric_nac_bb,Any 1 antisymmetric C-ter BB,chain_pair,all,largest_cluster,243000.0,2.58718824381662e-05,3.6588367028176944e-05,1300.7769299327165,4490.184078881924,2572.199259632295,0.8,8.0,100.0,96,140,3
G2_Wcluster_alhx700,$\mathrm{Hel}_{50}$,Cter_antisymmetric_BB_contact_survival,antisymmetric_nac_bb,Any 1 antisymmetric C-ter BB,chain_pair,all,largest_cluster,244000.0,2.58718824381662e-05,3.6588367028176944e-05,1300.7769299327165,4490.184078881924,2572.199259632295,0.8,8.0,100.0,96,140,3
G2_Wcluster_alhx700,$\mathrm{Hel}_{50}$,Cter_antisymmetric_BB_contact_survival,antisymmetric_nac_bb,Any 1 antisymmetric C-ter BB,chain_pair,all,largest_cluster,245000.0,2.58718824381662e-05,3.6588367028176944e-05,1300.7769299327165,4490.184078881924,2572.199259632295,0.8,8.0,100.0,96,140,3
G2_Wcluster_alhx700,$\mathrm{Hel}_{50}$,Cter_antisymmetric_BB_contact_survival,antisymmetric_nac_bb,Any 1 antisymmetric C-ter BB,chain_pair,all,largest_cluster,246000.0,2.58718824381662e-05,3.6588367028176944e-05,1300.7769299327165,4490.184078881924,2572.199259632295,0.8,8.0,100.0,96,140,3
G2_Wcluster_alhx700,$\mathrm{Hel}_{50}$,Cter_antisymmetric_BB_contact_survival,antisymmetric_nac_bb,Any 1 antisymmetric C-ter BB,chain_pair,all,largest_cluster,247000.0,2.58718824381662e-05,3.6588367028176944e-05,1300.7769299327165,4490.184078881924,2572.199259632295,0.8,8.0,100.0,96,140,3
G2_Wcluster_alhx700,$\mathrm{Hel}_{50}$,Cter_antisymmetric_BB_contact_survival,antisymmetric_nac_bb,Any 1 antisymmetric C-ter BB,chain_pair,all,largest_cluster,248000.0,2.58718824381662e-05,3.6588367028176944e-05,1300.7769299327165,4490.184078881924,2572.199259632295,0.8,8.0,100.0,96,140,3
G2_Wcluster_alhx700,$\mathrm{Hel}_{50}$,Cter_antisymmetric_BB_contact_survival,antisymmetric_nac_bb,Any 1 antisymmetric C-ter BB,chain_pair,all,largest_cluster,249000.0,2.58718824381662e-05,3.6588367028176944e-05,1300.7769299327165,4490.184078881924,2572.199259632295,0.8,8.0,100.0,96,140,3
G2_Wcluster_alhx700,$\mathrm{Hel}_{50}$,Cter_antisymmetric_BB_contact_survival,antisymmetric_nac_bb,Any 1 antisymmetric C-ter BB,chain_pair,all,largest_cluster,250000.0,2.58718824381662e-05,3.6588367028176944e-05,1300.7769299327165,4490.184078881924,2572.199259632295,0.8,8.0,100.0,96,140,3
G2_Wcluster_alhx700,$\mathrm{Hel}_{50}$,Cter_antisymmetric_BB_contact_survival,antisymmetric_nac_bb,Any 1 antisymmetric C-ter BB,chain_pair,all,largest_cluster,251000.0,2.58718824381662e-05,3.6588367028176944e-05,1300.7769299327165,4490.184078881924,2572.199259632295,0.8,8.0,100.0,96,140,3
G2_Wcluster_alhx700,$\mathrm{Hel}_{50}$,Cter_antisymmetric_BB_contact_survival,antisymmetric_nac_bb,Any 1 antisymmetric C-ter BB,chain_pair,all,largest_cluster,252000.0,2.58718824381662e-05,3.6588367028176944e-05,1300.7769299327165,4490.184078881924,2572.199259632295,0.8,8.0,100.0,96,140,3
G2_Wcluster_alhx700,$\mathrm{Hel}_{50}$,Cter_antisymmetric_BB_contact_survival,antisymmetric_nac_bb,Any 1 antisymmetric C-ter BB,chain_pair,all,largest_cluster,253000.0,2.58718824381662e-05,3.6588367028176944e-05,1300.7769299327165,4490.184078881924,2572.199259632295,0.8,8.0,100.0,96,140,3
G2_Wcluster_alhx700,$\mathrm{Hel}_{50}$,Cter_antisymmetric_BB_contact_survival,antisymmetric_nac_bb,Any 1 antisymmetric C-ter BB,chain_pair,all,largest_cluster,254000.0,2.58718824381662e-05,3.6588367028176944e-05,1300.7769299327165,4490.184078881924,2572.199259632295,0.8,8.0,100.0,96,140,3
G2_Wcluster_alhx700,$\mathrm{Hel}_{50}$,Cter_antisymmetric_BB_contact_survival,antisymmetric_nac_bb,Any 1 antisymmetric C-ter BB,chain_pair,all,largest_cluster,255000.0,2.58718824381662e-05,3.6588367028176944e-05,1300.7769299327165,4490.184078881924,2572.199259632295,0.8,8.0,100.0,96,140,3
G2_Wcluster_alhx700,$\mathrm{Hel}_{50}$,Cter_antisymmetric_BB_contact_survival,antisymmetric_nac_bb,Any 1 antisymmetric C-ter BB,chain_pair,all,largest_cluster,256000.0,2.58718824381662e-05,3.6588367028176944e-05,1300.7769299327165,4490.184078881924,2572.199259632295,0.8,8.0,100.0,96,140,3
G2_Wcluster_alhx700,$\mathrm{Hel}_{50}$,Cter_antisymmetric_BB_contact_survival,antisymmetric_nac_bb,Any 1 antisymmetric C-ter BB,chain_pair,all,largest_cluster,257000.0,2.58718824381662e-05,3.6588367028176944e-05,1300.7769299327165,4490.184078881924,2572.199259632295,0.8,8.0,100.0,96,140,3
G2_Wcluster_alhx700,$\mathrm{Hel}_{50}$,Cter_antisymmetric_BB_contact_survival,antisymmetric_nac_bb,Any 1 antisymmetric C-ter BB,chain_pair,all,largest_cluster,258000.0,2.58718824381662e-05,3.6588367028176944e-05,1300.7769299327165,4490.184078881924,2572.199259632295,0.8,8.0,100.0,96,140,3
G2_Wcluster_alhx700,$\mathrm{Hel}_{50}$,Cter_antisymmetric_BB_contact_survival,antisymmetric_nac_bb,Any 1 antisymmetric C-ter BB,chain_pair,all,largest_cluster,259000.0,2.58718824381662e-05,3.6588367028176944e-05,1300.7769299327165,4490.184078881924,2572.199259632295,0.8,8.0,100.0,96,140,3
G2_Wcluster_alhx700,$\mathrm{Hel}_{50}$,Cter_antisymmetric_BB_contact_survival,antisymmetric_nac_bb,Any 1 antisymmetric C-ter BB,chain_pair,all,largest_cluster,260000.0,2.58718824381662e-05,3.6588367028176944e-05,1300.7769299327165,4490.184078881924,2572.199259632295,0.8,8.0,100.0,96,140,3
G2_Wcluster_alhx700,$\mathrm{Hel}_{50}$,Cter_antisymmetric_BB_contact_survival,antisymmetric_nac_bb,Any 1 antisymmetric C-ter BB,chain_pair,all,largest_cluster,261000.0,2.58718824381662e-05,3.6588367028176944e-05,1300.7769299327165,4490.184078881924,2572.199259632295,0.8,8.0,100.0,96,140,3
G2_Wcluster_alhx700,$\mathrm{Hel}_{50}$,Cter_antisymmetric_BB_contact_survival,antisymmetric_nac_bb,Any 1 antisymmetric C-ter BB,chain_pair,all,largest_cluster,262000.0,2.58718824381662e-05,3.6588367028176944e-05,1300.7769299327165,4490.184078881924,2572.199259632295,0.8,8.0,100.0,96,140,3
G2_Wcluster_alhx700,$\mathrm{Hel}_{50}$,Cter_antisymmetric_BB_contact_survival,antisymmetric_nac_bb,Any 1 antisymmetric C-ter BB,chain_pair,all,largest_cluster,263000.0,2.58718824381662e-05,3.6588367028176944e-05,1300.7769299327165,4490.184078881924,2572.199259632295,0.8,8.0,100.0,96,140,3
G2_Wcluster_alhx700,$\mathrm{Hel}_{50}$,Cter_antisymmetric_BB_contact_survival,antisymmetric_nac_bb,Any 1 antisymmetric C-ter BB,chain_pair,all,largest_cluster,264000.0,2.58718824381662e-05,3.6588367028176944e-05,1300.7769299327165,4490.184078881924,2572.199259632295,0.8,8.0,100.0,96,140,3
G2_Wcluster_alhx700,$\mathrm{Hel}_{50}$,Cter_antisymmetric_BB_contact_survival,antisymmetric_nac_bb,Any 1 antisymmetric C-ter BB,chain_pair,all,largest_cluster,265000.0,2.58718824381662e-05,3.6588367028176944e-05,1300.7769299327165,4490.184078881924,2572.199259632295,0.8,8.0,100.0,96,140,3
G2_Wcluster_alhx700,$\mathrm{Hel}_{50}$,Cter_antisymmetric_BB_contact_survival,antisymmetric_nac_bb,Any 1 antisymmetric C-ter BB,chain_pair,all,largest_cluster,266000.0,2.58718824381662e-05,3.6588367028176944e-05,1300.7769299327165,4490.184078881924,2572.199259632295,0.8,8.0,100.0,96,140,3
G2_Wcluster_alhx700,$\mathrm{Hel}_{50}$,Cter_antisymmetric_BB_contact_survival,antisymmetric_nac_bb,Any 1 antisymmetric C-ter BB,chain_pair,all,largest_cluster,267000.0,2.58718824381662e-05,3.6588367028176944e-05,1300.7769299327165,4490.184078881924,2572.199259632295,0.8,8.0,100.0,96,140,3
G2_Wcluster_alhx700,$\mathrm{Hel}_{50}$,Cter_antisymmetric_BB_contact_survival,antisymmetric_nac_bb,Any 1 antisymmetric C-ter BB,chain_pair,all,largest_cluster,268000.0,2.58718824381662e-05,3.6588367028176944e-05,1300.7769299327165,4490.184078881924,2572.199259632295,0.8,8.0,100.0,96,140,3
G2_Wcluster_alhx700,$\mathrm{Hel}_{50}$,Cter_antisymmetric_BB_contact_survival,antisymmetric_nac_bb,Any 1 antisymmetric C-ter BB,chain_pair,all,largest_cluster,269000.0,2.58718824381662e-05,3.6588367028176944e-05,1300.7769299327165,4490.184078881924,2572.199259632295,0.8,8.0,100.0,96,140,3
G2_Wcluster_alhx700,$\mathrm{Hel}_{50}$,Cter_antisymmetric_BB_contact_survival,antisymmetric_nac_bb,Any 1 antisymmetric C-ter BB,chain_pair,all,largest_cluster,270000.0,2.58718824381662e-05,3.6588367028176944e-05,1300.7769299327165,4490.184078881924,2572.199259632295,0.8,8.0,100.0,96,140,3
G2_Wcluster_alhx700,$\mathrm{Hel}_{50}$,Cter_antisymmetric_BB_contact_survival,antisymmetric_nac_bb,Any 1 antisymmetric C-ter BB,chain_pair,all,largest_cluster,271000.0,2.58718824381662e-05,3.6588367028176944e-05,1300.7769299327165,4490.184078881924,2572.199259632295,0.8,8.0,100.0,96,140,3
G2_Wcluster_alhx700,$\mathrm{Hel}_{50}$,Cter_antisymmetric_BB_contact_survival,antisymmetric_nac_bb,Any 1 antisymmetric C-ter BB,chain_pair,all,largest_cluster,272000.0,2.58718824381662e-05,3.6588367028176944e-05,1300.7769299327165,4490.184078881924,2572.199259632295,0.8,8.0,100.0,96,140,3
G2_Wcluster_alhx700,$\mathrm{Hel}_{50}$,Cter_antisymmetric_BB_contact_survival,antisymmetric_nac_bb,Any 1 antisymmetric C-ter BB,chain_pair,all,largest_cluster,273000.0,2.58718824381662e-05,3.6588367028176944e-05,1300.7769299327165,4490.184078881924,2572.199259632295,0.8,8.0,100.0,96,140,3
G2_Wcluster_alhx700,$\mathrm{Hel}_{50}$,Cter_antisymmetric_BB_contact_survival,antisymmetric_nac_bb,Any 1 antisymmetric C-ter BB,chain_pair,all,largest_cluster,274000.0,2.58718824381662e-05,3.6588367028176944e-05,1300.7769299327165,4490.184078881924,2572.199259632295,0.8,8.0,100.0,96,140,3
G2_Wcluster_alhx700,$\mathrm{Hel}_{50}$,Cter_antisymmetric_BB_contact_survival,antisymmetric_nac_bb,Any 1 antisymmetric C-ter BB,chain_pair,all,largest_cluster,275000.0,2.58718824381662e-05,3.6588367028176944e-05,1300.7769299327165,4490.184078881924,2572.199259632295,0.8,8.0,100.0,96,140,3
G2_Wcluster_alhx700,$\mathrm{Hel}_{50}$,Cter_antisymmetric_BB_contact_survival,antisymmetric_nac_bb,Any 1 antisymmetric C-ter BB,chain_pair,all,largest_cluster,276000.0,2.58718824381662e-05,3.6588367028176944e-05,1300.7769299327165,4490.184078881924,2572.199259632295,0.8,8.0,100.0,96,140,3
G2_Wcluster_alhx700,$\mathrm{Hel}_{50}$,Cter_antisymmetric_BB_contact_survival,antisymmetric_nac_bb,Any 1 antisymmetric C-ter BB,chain_pair,all,largest_cluster,277000.0,2.58718824381662e-05,3.6588367028176944e-05,1300.7769299327165,4490.184078881924,2572.199259632295,0.8,8.0,100.0,96,140,3
G2_Wcluster_alhx700,$\mathrm{Hel}_{50}$,Cter_antisymmetric_BB_contact_survival,antisymmetric_nac_bb,Any 1 antisymmetric C-ter BB,chain_pair,all,largest_cluster,278000.0,2.58718824381662e-05,3.6588367028176944e-05,1300.7769299327165,4490.184078881924,2572.199259632295,0.8,8.0,100.0,96,140,3
G2_Wcluster_alhx700,$\mathrm{Hel}_{50}$,Cter_antisymmetric_BB_contact_survival,antisymmetric_nac_bb,Any 1 antisymmetric C-ter BB,chain_pair,all,largest_cluster,279000.0,2.58718824381662e-05,3.6588367028176944e-05,1300.7769299327165,4490.184078881924,2572.199259632295,0.8,8.0,100.0,96,140,3
G2_Wcluster_alhx700,$\mathrm{Hel}_{50}$,Cter_antisymmetric_BB_contact_survival,antisymmetric_nac_bb,Any 1 antisymmetric C-ter BB,chain_pair,all,largest_cluster,280000.0,2.58718824381662e-05,3.6588367028176944e-05,1300.7769299327165,4490.184078881924,2572.199259632295,0.8,8.0,100.0,96,140,3
G2_Wcluster_alhx700,$\mathrm{Hel}_{50}$,Cter_antisymmetric_BB_contact_survival,antisymmetric_nac_bb,Any 1 antisymmetric C-ter BB,chain_pair,all,largest_cluster,281000.0,2.58718824381662e-05,3.6588367028176944e-05,1300.7769299327165,4490.184078881924,2572.199259632295,0.8,8.0,100.0,96,140,3
G2_Wcluster_alhx700,$\mathrm{Hel}_{50}$,Cter_antisymmetric_BB_contact_survival,antisymmetric_nac_bb,Any 1 antisymmetric C-ter BB,chain_pair,all,largest_cluster,282000.0,2.58718824381662e-05,3.6588367028176944e-05,1300.7769299327165,4490.184078881924,2572.199259632295,0.8,8.0,100.0,96,140,3
G2_Wcluster_alhx700,$\mathrm{Hel}_{50}$,Cter_antisymmetric_BB_contact_survival,antisymmetric_nac_bb,Any 1 antisymmetric C-ter BB,chain_pair,all,largest_cluster,283000.0,2.58718824381662e-05,3.6588367028176944e-05,1300.7769299327165,4490.184078881924,2572.199259632295,0.8,8.0,100.0,96,140,3
G2_Wcluster_alhx700,$\mathrm{Hel}_{50}$,Cter_antisymmetric_BB_contact_survival,antisymmetric_nac_bb,Any 1 antisymmetric C-ter BB,chain_pair,all,largest_cluster,284000.0,2.58718824381662e-05,3.6588367028176944e-05,1300.7769299327165,4490.184078881924,2572.199259632295,0.8,8.0,100.0,96,140,3
G2_Wcluster_alhx700,$\mathrm{Hel}_{50}$,Cter_antisymmetric_BB_contact_survival,antisymmetric_nac_bb,Any 1 antisymmetric C-ter BB,chain_pair,all,largest_cluster,285000.0,2.58718824381662e-05,3.6588367028176944e-05,1300.7769299327165,4490.184078881924,2572.199259632295,0.8,8.0,100.0,96,140,3
G2_Wcluster_alhx700,$\mathrm{Hel}_{50}$,Cter_antisymmetric_BB_contact_survival,antisymmetric_nac_bb,Any 1 antisymmetric C-ter BB,chain_pair,all,largest_cluster,286000.0,2.58718824381662e-05,3.6588367028176944e-05,1300.7769299327165,4490.184078881924,2572.199259632295,0.8,8.0,100.0,96,140,3
G2_Wcluster_alhx700,$\mathrm{Hel}_{50}$,Cter_antisymmetric_BB_contact_survival,antisymmetric_nac_bb,Any 1 antisymmetric C-ter BB,chain_pair,all,largest_cluster,287000.0,2.58718824381662e-05,3.6588367028176944e-05,1300.7769299327165,4490.184078881924,2572.199259632295,0.8,8.0,100.0,96,140,3
G2_Wcluster_alhx700,$\mathrm{Hel}_{50}$,Cter_antisymmetric_BB_contact_survival,antisymmetric_nac_bb,Any 1 antisymmetric C-ter BB,chain_pair,all,largest_cluster,288000.0,2.58718824381662e-05,3.6588367028176944e-05,1300.7769299327165,4490.184078881924,2572.199259632295,0.8,8.0,100.0,96,140,3
G2_Wcluster_alhx700,$\mathrm{Hel}_{50}$,Cter_antisymmetric_BB_contact_survival,antisymmetric_nac_bb,Any 1 antisymmetric C-ter BB,chain_pair,all,largest_cluster,289000.0,2.58718824381662e-05,3.6588367028176944e-05,1300.7769299327165,4490.184078881924,2572.199259632295,0.8,8.0,100.0,96,140,3
G2_Wcluster_alhx700,$\mathrm{Hel}_{50}$,Cter_antisymmetric_BB_contact_survival,antisymmetric_nac_bb,Any 1 antisymmetric C-ter BB,chain_pair,all,largest_cluster,290000.0,2.58718824381662e-05,3.6588367028176944e-05,1300.7769299327165,4490.184078881924,2572.199259632295,0.8,8.0,100.0,96,140,3
G2_Wcluster_alhx700,$\mathrm{Hel}_{50}$,Cter_antisymmetric_BB_contact_survival,antisymmetric_nac_bb,Any 1 antisymmetric C-ter BB,chain_pair,all,largest_cluster,291000.0,2.58718824381662e-05,3.6588367028176944e-05,1300.7769299327165,4490.184078881924,2572.199259632295,0.8,8.0,100.0,96,140,3
G2_Wcluster_alhx700,$\mathrm{Hel}_{50}$,Cter_antisymmetric_BB_contact_survival,antisymmetric_nac_bb,Any 1 antisymmetric C-ter BB,chain_pair,all,largest_cluster,292000.0,2.58718824381662e-05,3.6588367028176944e-05,1300.7769299327165,4490.184078881924,2572.199259632295,0.8,8.0,100.0,96,140,3
G2_Wcluster_alhx700,$\mathrm{Hel}_{50}$,Cter_antisymmetric_BB_contact_survival,antisymmetric_nac_bb,Any 1 antisymmetric C-ter BB,chain_pair,all,largest_cluster,293000.0,2.58718824381662e-05,3.6588367028176944e-05,1300.7769299327165,4490.184078881924,2572.199259632295,0.8,8.0,100.0,96,140,3
G2_Wcluster_alhx700,$\mathrm{Hel}_{50}$,Cter_antisymmetric_BB_contact_survival,antisymmetric_nac_bb,Any 1 antisymmetric C-ter BB,chain_pair,all,largest_cluster,294000.0,2.58718824381662e-05,3.6588367028176944e-05,1300.7769299327165,4490.184078881924,2572.199259632295,0.8,8.0,100.0,96,140,3
G2_Wcluster_alhx700,$\mathrm{Hel}_{50}$,Cter_antisymmetric_BB_contact_survival,antisymmetric_nac_bb,Any 1 antisymmetric C-ter BB,chain_pair,all,largest_cluster,295000.0,2.58718824381662e-05,3.6588367028176944e-05,1300.7769299327165,4490.184078881924,2572.199259632295,0.8,8.0,100.0,96,140,3
G2_Wcluster_alhx700,$\mathrm{Hel}_{50}$,Cter_antisymmetric_BB_contact_survival,antisymmetric_nac_bb,Any 1 antisymmetric C-ter BB,chain_pair,all,largest_cluster,296000.0,2.58718824381662e-05,3.6588367028176944e-05,1300.7769299327165,4490.184078881924,2572.199259632295,0.8,8.0,100.0,96,140,3
G2_Wcluster_alhx700,$\mathrm{Hel}_{50}$,Cter_antisymmetric_BB_contact_survival,antisymmetric_nac_bb,Any 1 antisymmetric C-ter BB,chain_pair,all,largest_cluster,297000.0,2.58718824381662e-05,3.6588367028176944e-05,1300.7769299327165,4490.184078881924,2572.199259632295,0.8,8.0,100.0,96,140,3
G2_Wcluster_alhx700,$\mathrm{Hel}_{50}$,Cter_antisymmetric_BB_contact_survival,antisymmetric_nac_bb,Any 1 antisymmetric C-ter BB,chain_pair,all,largest_cluster,298000.0,2.58718824381662e-05,3.6588367028176944e-05,1300.7769299327165,4490.184078881924,2572.199259632295,0.8,8.0,100.0,96,140,3
G2_Wcluster_alhx700,$\mathrm{Hel}_{50}$,Cter_antisymmetric_BB_contact_survival,antisymmetric_nac_bb,Any 1 antisymmetric C-ter BB,chain_pair,all,largest_cluster,299000.0,2.58718824381662e-05,3.6588367028176944e-05,1300.7769299327165,4490.184078881924,2572.199259632295,0.8,8.0,100.0,96,140,3
G2_Wcluster_alhx700,$\mathrm{Hel}_{50}$,Cter_antisymmetric_BB_contact_survival,antisymmetric_nac_bb,Any 1 antisymmetric C-ter BB,chain_pair,all,largest_cluster,300000.0,2.58718824381662e-05,3.6588367028176944e-05,1300.7769299327165,4490.184078881924,2572.199259632295,0.8,8.0,100.0,96,140,3
G2_Wcluster_alhx700,$\mathrm{Hel}_{50}$,Cter_antisymmetric_BB_contact_survival,antisymmetric_nac_bb,Any 1 antisymmetric C-ter BB,chain_pair,all,largest_cluster,301000.0,2.58718824381662e-05,3.6588367028176944e-05,1300.7769299327165,4490.184078881924,2572.199259632295,0.8,8.0,100.0,96,140,3
G2_Wcluster_alhx700,$\mathrm{Hel}_{50}$,Cter_antisymmetric_BB_contact_survival,antisymmetric_nac_bb,Any 1 antisymmetric C-ter BB,chain_pair,all,largest_cluster,302000.0,2.58718824381662e-05,3.6588367028176944e-05,1300.7769299327165,4490.184078881924,2572.199259632295,0.8,8.0,100.0,96,140,3
G2_Wcluster_alhx700,$\mathrm{Hel}_{50}$,Cter_antisymmetric_BB_contact_survival,antisymmetric_nac_bb,Any 1 antisymmetric C-ter BB,chain_pair,all,largest_cluster,303000.0,2.58718824381662e-05,3.6588367028176944e-05,1300.7769299327165,4490.184078881924,2572.199259632295,0.8,8.0,100.0,96,140,3
G2_Wcluster_alhx700,$\mathrm{Hel}_{50}$,Cter_antisymmetric_BB_contact_survival,antisymmetric_nac_bb,Any 1 antisymmetric C-ter BB,chain_pair,all,largest_cluster,304000.0,2.58718824381662e-05,3.6588367028176944e-05,1300.7769299327165,4490.184078881924,2572.199259632295,0.8,8.0,100.0,96,140,3
G2_Wcluster_alhx700,$\mathrm{Hel}_{50}$,Cter_antisymmetric_BB_contact_survival,antisymmetric_nac_bb,Any 1 antisymmetric C-ter BB,chain_pair,all,largest_cluster,305000.0,2.58718824381662e-05,3.6588367028176944e-05,1300.7769299327165,4490.184078881924,2572.199259632295,0.8,8.0,100.0,96,140,3
G2_Wcluster_alhx700,$\mathrm{Hel}_{50}$,Cter_antisymmetric_BB_contact_survival,antisymmetric_nac_bb,Any 1 antisymmetric C-ter BB,chain_pair,all,largest_cluster,306000.0,2.58718824381662e-05,3.6588367028176944e-05,1300.7769299327165,4490.184078881924,2572.199259632295,0.8,8.0,100.0,96,140,3
G2_Wcluster_alhx700,$\mathrm{Hel}_{50}$,Cter_antisymmetric_BB_contact_survival,antisymmetric_nac_bb,Any 1 antisymmetric C-ter BB,chain_pair,all,largest_cluster,307000.0,2.58718824381662e-05,3.6588367028176944e-05,1300.7769299327165,4490.184078881924,2572.199259632295,0.8,8.0,100.0,96,140,3
G2_Wcluster_alhx700,$\mathrm{Hel}_{50}$,Cter_antisymmetric_BB_contact_survival,antisymmetric_nac_bb,Any 1 antisymmetric C-ter BB,chain_pair,all,largest_cluster,308000.0,2.58718824381662e-05,3.6588367028176944e-05,1300.7769299327165,4490.184078881924,2572.199259632295,0.8,8.0,100.0,96,140,3
G2_Wcluster_alhx700,$\mathrm{Hel}_{50}$,Cter_antisymmetric_BB_contact_survival,antisymmetric_nac_bb,Any 1 antisymmetric C-ter BB,chain_pair,all,largest_cluster,309000.0,2.58718824381662e-05,3.6588367028176944e-05,1300.7769299327165,4490.184078881924,2572.199259632295,0.8,8.0,100.0,96,140,3
G2_Wcluster_alhx700,$\mathrm{Hel}_{50}$,Cter_antisymmetric_BB_contact_survival,antisymmetric_nac_bb,Any 1 antisymmetric C-ter BB,chain_pair,all,largest_cluster,310000.0,2.58718824381662e-05,3.6588367028176944e-05,1300.7769299327165,4490.184078881924,2572.199259632295,0.8,8.0,100.0,96,140,3
G2_Wcluster_alhx700,$\mathrm{Hel}_{50}$,Cter_antisymmetric_BB_contact_survival,antisymmetric_nac_bb,Any 1 antisymmetric C-ter BB,chain_pair,all,largest_cluster,311000.0,2.58718824381662e-05,3.6588367028176944e-05,1300.7769299327165,4490.184078881924,2572.199259632295,0.8,8.0,100.0,96,140,3
G2_Wcluster_alhx700,$\mathrm{Hel}_{50}$,Cter_antisymmetric_BB_contact_survival,antisymmetric_nac_bb,Any 1 antisymmetric C-ter BB,chain_pair,all,largest_cluster,312000.0,2.58718824381662e-05,3.6588367028176944e-05,1300.7769299327165,4490.184078881924,2572.199259632295,0.8,8.0,100.0,96,140,3
G2_Wcluster_alhx700,$\mathrm{Hel}_{50}$,Cter_antisymmetric_BB_contact_survival,antisymmetric_nac_bb,Any 1 antisymmetric C-ter BB,chain_pair,all,largest_cluster,313000.0,2.58718824381662e-05,3.6588367028176944e-05,1300.7769299327165,4490.184078881924,2572.199259632295,0.8,8.0,100.0,96,140,3
G2_Wcluster_alhx700,$\mathrm{Hel}_{50}$,Cter_antisymmetric_BB_contact_survival,antisymmetric_nac_bb,Any 1 antisymmetric C-ter BB,chain_pair,all,largest_cluster,314000.0,2.58718824381662e-05,3.6588367028176944e-05,1300.7769299327165,4490.184078881924,2572.199259632295,0.8,8.0,100.0,96,140,3
G2_Wcluster_alhx700,$\mathrm{Hel}_{50}$,Cter_antisymmetric_BB_contact_survival,antisymmetric_nac_bb,Any 1 antisymmetric C-ter BB,chain_pair,all,largest_cluster,315000.0,2.58718824381662e-05,3.6588367028176944e-05,1300.7769299327165,4490.184078881924,2572.199259632295,0.8,8.0,100.0,96,140,3
G2_Wcluster_alhx700,$\mathrm{Hel}_{50}$,Cter_antisymmetric_BB_contact_survival,antisymmetric_nac_bb,Any 1 antisymmetric C-ter BB,chain_pair,all,largest_cluster,316000.0,2.58718824381662e-05,3.6588367028176944e-05,1300.7769299327165,4490.184078881924,2572.199259632295,0.8,8.0,100.0,96,140,3
G2_Wcluster_alhx700,$\mathrm{Hel}_{50}$,Cter_antisymmetric_BB_contact_survival,antisymmetric_nac_bb,Any 1 antisymmetric C-ter BB,chain_pair,all,largest_cluster,317000.0,2.58718824381662e-05,3.6588367028176944e-05,1300.7769299327165,4490.184078881924,2572.199259632295,0.8,8.0,100.0,96,140,3
G2_Wcluster_alhx700,$\mathrm{Hel}_{50}$,Cter_antisymmetric_BB_contact_survival,antisymmetric_nac_bb,Any 1 antisymmetric C-ter BB,chain_pair,all,largest_cluster,318000.0,2.58718824381662e-05,3.6588367028176944e-05,1300.7769299327165,4490.184078881924,2572.199259632295,0.8,8.0,100.0,96,140,3
G2_Wcluster_alhx700,$\mathrm{Hel}_{50}$,Cter_antisymmetric_BB_contact_survival,antisymmetric_nac_bb,Any 1 antisymmetric C-ter BB,chain_pair,all,largest_cluster,319000.0,2.58718824381662e-05,3.6588367028176944e-05,1300.7769299327165,4490.184078881924,2572.199259632295,0.8,8.0,100.0,96,140,3
G2_Wcluster_alhx700,$\mathrm{Hel}_{50}$,Cter_antisymmetric_BB_contact_survival,antisymmetric_nac_bb,Any 1 antisymmetric C-ter BB,chain_pair,all,largest_cluster,320000.0,2.58718824381662e-05,3.6588367028176944e-05,1300.7769299327165,4490.184078881924,2572.199259632295,0.8,8.0,100.0,96,140,3
G2_Wcluster_alhx700,$\mathrm{Hel}_{50}$,Cter_antisymmetric_BB_contact_survival,antisymmetric_nac_bb,Any 1 antisymmetric C-ter BB,chain_pair,all,largest_cluster,321000.0,2.58718824381662e-05,3.6588367028176944e-05,1300.7769299327165,4490.184078881924,2572.199259632295,0.8,8.0,100.0,96,140,3
G2_Wcluster_alhx700,$\mathrm{Hel}_{50}$,Cter_antisymmetric_BB_contact_survival,antisymmetric_nac_bb,Any 1 antisymmetric C-ter BB,chain_pair,all,largest_cluster,322000.0,2.58718824381662e-05,3.6588367028176944e-05,1300.7769299327165,4490.184078881924,2572.199259632295,0.8,8.0,100.0,96,140,3
G2_Wcluster_alhx700,$\mathrm{Hel}_{50}$,Cter_antisymmetric_BB_contact_survival,antisymmetric_nac_bb,Any 1 antisymmetric C-ter BB,chain_pair,all,largest_cluster,323000.0,2.58718824381662e-05,3.6588367028176944e-05,1300.7769299327165,4490.184078881924,2572.199259632295,0.8,8.0,100.0,96,140,3
G2_Wcluster_alhx700,$\mathrm{Hel}_{50}$,Cter_antisymmetric_BB_contact_survival,antisymmetric_nac_bb,Any 1 antisymmetric C-ter BB,chain_pair,all,largest_cluster,324000.0,2.58718824381662e-05,3.6588367028176944e-05,1300.7769299327165,4490.184078881924,2572.199259632295,0.8,8.0,100.0,96,140,3
G2_Wcluster_alhx700,$\mathrm{Hel}_{50}$,Cter_antisymmetric_BB_contact_survival,antisymmetric_nac_bb,Any 1 antisymmetric C-ter BB,chain_pair,all,largest_cluster,325000.0,2.58718824381662e-05,3.6588367028176944e-05,1300.7769299327165,4490.184078881924,2572.199259632295,0.8,8.0,100.0,96,140,3
G2_Wcluster_alhx700,$\mathrm{Hel}_{50}$,Cter_antisymmetric_BB_contact_survival,antisymmetric_nac_bb,Any 1 antisymmetric C-ter BB,chain_pair,all,largest_cluster,326000.0,2.58718824381662e-05,3.6588367028176944e-05,1300.7769299327165,4490.184078881924,2572.199259632295,0.8,8.0,100.0,96,140,3
G2_Wcluster_alhx700,$\mathrm{Hel}_{50}$,Cter_antisymmetric_BB_contact_survival,antisymmetric_nac_bb,Any 1 antisymmetric C-ter BB,chain_pair,all,largest_cluster,327000.0,2.58718824381662e-05,3.6588367028176944e-05,1300.7769299327165,4490.184078881924,2572.199259632295,0.8,8.0,100.0,96,140,3
G2_Wcluster_alhx700,$\mathrm{Hel}_{50}$,Cter_antisymmetric_BB_contact_survival,antisymmetric_nac_bb,Any 1 antisymmetric C-ter BB,chain_pair,all,largest_cluster,328000.0,2.58718824381662e-05,3.6588367028176944e-05,1300.7769299327165,4490.184078881924,2572.199259632295,0.8,8.0,100.0,96,140,3
G2_Wcluster_alhx700,$\mathrm{Hel}_{50}$,Cter_antisymmetric_BB_contact_survival,antisymmetric_nac_bb,Any 1 antisymmetric C-ter BB,chain_pair,all,largest_cluster,329000.0,2.58718824381662e-05,3.6588367028176944e-05,1300.7769299327165,4490.184078881924,2572.199259632295,0.8,8.0,100.0,96,140,3
G2_Wcluster_alhx700,$\mathrm{Hel}_{50}$,Cter_antisymmetric_BB_contact_survival,antisymmetric_nac_bb,Any 1 antisymmetric C-ter BB,chain_pair,all,largest_cluster,330000.0,2.58718824381662e-05,3.6588367028176944e-05,1300.7769299327165,4490.184078881924,2572.199259632295,0.8,8.0,100.0,96,140,3
G2_Wcluster_alhx700,$\mathrm{Hel}_{50}$,Cter_antisymmetric_BB_contact_survival,antisymmetric_nac_bb,Any 1 antisymmetric C-ter BB,chain_pair,all,largest_cluster,331000.0,2.58718824381662e-05,3.6588367028176944e-05,1300.7769299327165,4490.184078881924,2572.199259632295,0.8,8.0,100.0,96,140,3
G2_Wcluster_alhx700,$\mathrm{Hel}_{50}$,Cter_antisymmetric_BB_contact_survival,antisymmetric_nac_bb,Any 1 antisymmetric C-ter BB,chain_pair,all,largest_cluster,332000.0,2.58718824381662e-05,3.6588367028176944e-05,1300.7769299327165,4490.184078881924,2572.199259632295,0.8,8.0,100.0,96,140,3
G2_Wcluster_alhx700,$\mathrm{Hel}_{50}$,Cter_antisymmetric_BB_contact_survival,antisymmetric_nac_bb,Any 1 antisymmetric C-ter BB,chain_pair,all,largest_cluster,333000.0,2.58718824381662e-05,3.6588367028176944e-05,1300.7769299327165,4490.184078881924,2572.199259632295,0.8,8.0,100.0,96,140,3
G2_Wcluster_alhx700,$\mathrm{Hel}_{50}$,Cter_antisymmetric_BB_contact_survival,antisymmetric_nac_bb,Any 1 antisymmetric C-ter BB,chain_pair,all,largest_cluster,334000.0,2.58718824381662e-05,3.6588367028176944e-05,1300.7769299327165,4490.184078881924,2572.199259632295,0.8,8.0,100.0,96,140,3
G2_Wcluster_alhx700,$\mathrm{Hel}_{50}$,Cter_antisymmetric_BB_contact_survival,antisymmetric_nac_bb,Any 1 antisymmetric C-ter BB,chain_pair,all,largest_cluster,335000.0,2.58718824381662e-05,3.6588367028176944e-05,1300.7769299327165,4490.184078881924,2572.199259632295,0.8,8.0,100.0,96,140,3
G2_Wcluster_alhx700,$\mathrm{Hel}_{50}$,Cter_antisymmetric_BB_contact_survival,antisymmetric_nac_bb,Any 1 antisymmetric C-ter BB,chain_pair,all,largest_cluster,336000.0,2.58718824381662e-05,3.6588367028176944e-05,1300.7769299327165,4490.184078881924,2572.199259632295,0.8,8.0,100.0,96,140,3
G2_Wcluster_alhx700,$\mathrm{Hel}_{50}$,Cter_antisymmetric_BB_contact_survival,antisymmetric_nac_bb,Any 1 antisymmetric C-ter BB,chain_pair,all,largest_cluster,337000.0,2.58718824381662e-05,3.6588367028176944e-05,1300.7769299327165,4490.184078881924,2572.199259632295,0.8,8.0,100.0,96,140,3
G2_Wcluster_alhx700,$\mathrm{Hel}_{50}$,Cter_antisymmetric_BB_contact_survival,antisymmetric_nac_bb,Any 1 antisymmetric C-ter BB,chain_pair,all,largest_cluster,338000.0,2.58718824381662e-05,3.6588367028176944e-05,1300.7769299327165,4490.184078881924,2572.199259632295,0.8,8.0,100.0,96,140,3
G2_Wcluster_alhx700,$\mathrm{Hel}_{50}$,Cter_antisymmetric_BB_contact_survival,antisymmetric_nac_bb,Any 1 antisymmetric C-ter BB,chain_pair,all,largest_cluster,339000.0,2.58718824381662e-05,3.6588367028176944e-05,1300.7769299327165,4490.184078881924,2572.199259632295,0.8,8.0,100.0,96,140,3
G2_Wcluster_alhx700,$\mathrm{Hel}_{50}$,Cter_antisymmetric_BB_contact_survival,antisymmetric_nac_bb,Any 1 antisymmetric C-ter BB,chain_pair,all,largest_cluster,340000.0,2.58718824381662e-05,3.6588367028176944e-05,1300.7769299327165,4490.184078881924,2572.199259632295,0.8,8.0,100.0,96,140,3
G2_Wcluster_alhx700,$\mathrm{Hel}_{50}$,Cter_antisymmetric_BB_contact_survival,antisymmetric_nac_bb,Any 1 antisymmetric C-ter BB,chain_pair,all,largest_cluster,341000.0,2.58718824381662e-05,3.6588367028176944e-05,1300.7769299327165,4490.184078881924,2572.199259632295,0.8,8.0,100.0,96,140,3
G2_Wcluster_alhx700,$\mathrm{Hel}_{50}$,Cter_antisymmetric_BB_contact_survival,antisymmetric_nac_bb,Any 1 antisymmetric C-ter BB,chain_pair,all,largest_cluster,342000.0,2.58718824381662e-05,3.6588367028176944e-05,1300.7769299327165,4490.184078881924,2572.199259632295,0.8,8.0,100.0,96,140,3
G2_Wcluster_alhx700,$\mathrm{Hel}_{50}$,Cter_antisymmetric_BB_contact_survival,antisymmetric_nac_bb,Any 1 antisymmetric C-ter BB,chain_pair,all,largest_cluster,343000.0,2.58718824381662e-05,3.6588367028176944e-05,1300.7769299327165,4490.184078881924,2572.199259632295,0.8,8.0,100.0,96,140,3
G2_Wcluster_alhx700,$\mathrm{Hel}_{50}$,Cter_antisymmetric_BB_contact_survival,antisymmetric_nac_bb,Any 1 antisymmetric C-ter BB,chain_pair,all,largest_cluster,344000.0,2.58718824381662e-05,3.6588367028176944e-05,1300.7769299327165,4490.184078881924,2572.199259632295,0.8,8.0,100.0,96,140,3
G2_Wcluster_alhx700,$\mathrm{Hel}_{50}$,Cter_antisymmetric_BB_contact_survival,antisymmetric_nac_bb,Any 1 antisymmetric C-ter BB,chain_pair,all,largest_cluster,345000.0,2.58718824381662e-05,3.6588367028176944e-05,1300.7769299327165,4490.184078881924,2572.199259632295,0.8,8.0,100.0,96,140,3
G2_Wcluster_alhx700,$\mathrm{Hel}_{50}$,Cter_antisymmetric_BB_contact_survival,antisymmetric_nac_bb,Any 1 antisymmetric C-ter BB,chain_pair,all,largest_cluster,346000.0,2.58718824381662e-05,3.6588367028176944e-05,1300.7769299327165,4490.184078881924,2572.199259632295,0.8,8.0,100.0,96,140,3
G2_Wcluster_alhx700,$\mathrm{Hel}_{50}$,Cter_antisymmetric_BB_contact_survival,antisymmetric_nac_bb,Any 1 antisymmetric C-ter BB,chain_pair,all,largest_cluster,347000.0,2.58718824381662e-05,3.6588367028176944e-05,1300.7769299327165,4490.184078881924,2572.199259632295,0.8,8.0,100.0,96,140,3
G2_Wcluster_alhx700,$\mathrm{Hel}_{50}$,Cter_antisymmetric_BB_contact_survival,antisymmetric_nac_bb,Any 1 antisymmetric C-ter BB,chain_pair,all,largest_cluster,348000.0,2.58718824381662e-05,3.6588367028176944e-05,1300.7769299327165,4490.184078881924,2572.199259632295,0.8,8.0,100.0,96,140,3
G2_Wcluster_alhx700,$\mathrm{Hel}_{50}$,Cter_antisymmetric_BB_contact_survival,antisymmetric_nac_bb,Any 1 antisymmetric C-ter BB,chain_pair,all,largest_cluster,349000.0,2.58718824381662e-05,3.6588367028176944e-05,1300.7769299327165,4490.184078881924,2572.199259632295,0.8,8.0,100.0,96,140,3
G2_Wcluster_alhx700,$\mathrm{Hel}_{50}$,Cter_antisymmetric_BB_contact_survival,antisymmetric_nac_bb,Any 1 antisymmetric C-ter BB,chain_pair,all,largest_cluster,350000.0,2.58718824381662e-05,3.6588367028176944e-05,1300.7769299327165,4490.184078881924,2572.199259632295,0.8,8.0,100.0,96,140,3
G2_Wcluster_alhx700,$\mathrm{Hel}_{50}$,Cter_antisymmetric_BB_contact_survival,antisymmetric_nac_bb,Any 1 antisymmetric C-ter BB,chain_pair,all,largest_cluster,351000.0,2.58718824381662e-05,3.6588367028176944e-05,1300.7769299327165,4490.184078881924,2572.199259632295,0.8,8.0,100.0,96,140,3
G2_Wcluster_alhx700,$\mathrm{Hel}_{50}$,Cter_antisymmetric_BB_contact_survival,antisymmetric_nac_bb,Any 1 antisymmetric C-ter BB,chain_pair,all,largest_cluster,352000.0,2.58718824381662e-05,3.6588367028176944e-05,1300.7769299327165,4490.184078881924,2572.199259632295,0.8,8.0,100.0,96,140,3
G2_Wcluster_alhx700,$\mathrm{Hel}_{50}$,Cter_antisymmetric_BB_contact_survival,antisymmetric_nac_bb,Any 1 antisymmetric C-ter BB,chain_pair,all,largest_cluster,353000.0,2.58718824381662e-05,3.6588367028176944e-05,1300.7769299327165,4490.184078881924,2572.199259632295,0.8,8.0,100.0,96,140,3
G2_Wcluster_alhx700,$\mathrm{Hel}_{50}$,Cter_antisymmetric_BB_contact_survival,antisymmetric_nac_bb,Any 1 antisymmetric C-ter BB,chain_pair,all,largest_cluster,354000.0,2.58718824381662e-05,3.6588367028176944e-05,1300.7769299327165,4490.184078881924,2572.199259632295,0.8,8.0,100.0,96,140,3
G2_Wcluster_alhx700,$\mathrm{Hel}_{50}$,Cter_antisymmetric_BB_contact_survival,antisymmetric_nac_bb,Any 1 antisymmetric C-ter BB,chain_pair,all,largest_cluster,355000.0,2.58718824381662e-05,3.6588367028176944e-05,1300.7769299327165,4490.184078881924,2572.199259632295,0.8,8.0,100.0,96,140,3
G2_Wcluster_alhx700,$\mathrm{Hel}_{50}$,Cter_antisymmetric_BB_contact_survival,antisymmetric_nac_bb,Any 1 antisymmetric C-ter BB,chain_pair,all,largest_cluster,356000.0,2.58718824381662e-05,3.6588367028176944e-05,1300.7769299327165,4490.184078881924,2572.199259632295,0.8,8.0,100.0,96,140,3
G2_Wcluster_alhx700,$\mathrm{Hel}_{50}$,Cter_antisymmetric_BB_contact_survival,antisymmetric_nac_bb,Any 1 antisymmetric C-ter BB,chain_pair,all,largest_cluster,357000.0,2.58718824381662e-05,3.6588367028176944e-05,1300.7769299327165,4490.184078881924,2572.199259632295,0.8,8.0,100.0,96,140,3
G2_Wcluster_alhx700,$\mathrm{Hel}_{50}$,Cter_antisymmetric_BB_contact_survival,antisymmetric_nac_bb,Any 1 antisymmetric C-ter BB,chain_pair,all,largest_cluster,358000.0,2.58718824381662e-05,3.6588367028176944e-05,1300.7769299327165,4490.184078881924,2572.199259632295,0.8,8.0,100.0,96,140,3
G2_Wcluster_alhx700,$\mathrm{Hel}_{50}$,Cter_antisymmetric_BB_contact_survival,antisymmetric_nac_bb,Any 1 antisymmetric C-ter BB,chain_pair,all,largest_cluster,359000.0,2.58718824381662e-05,3.6588367028176944e-05,1300.7769299327165,4490.184078881924,2572.199259632295,0.8,8.0,100.0,96,140,3
G2_Wcluster_alhx700,$\mathrm{Hel}_{50}$,Cter_antisymmetric_BB_contact_survival,antisymmetric_nac_bb,Any 1 antisymmetric C-ter BB,chain_pair,all,largest_cluster,360000.0,2.58718824381662e-05,3.6588367028176944e-05,1300.7769299327165,4490.184078881924,2572.199259632295,0.8,8.0,100.0,96,140,3
G2_Wcluster_alhx700,$\mathrm{Hel}_{50}$,Cter_antisymmetric_BB_contact_survival,antisymmetric_nac_bb,Any 1 antisymmetric C-ter BB,chain_pair,all,largest_cluster,361000.0,2.58718824381662e-05,3.6588367028176944e-05,1300.7769299327165,4490.184078881924,2572.199259632295,0.8,8.0,100.0,96,140,3
G2_Wcluster_alhx700,$\mathrm{Hel}_{50}$,Cter_antisymmetric_BB_contact_survival,antisymmetric_nac_bb,Any 1 antisymmetric C-ter BB,chain_pair,all,largest_cluster,362000.0,2.58718824381662e-05,3.6588367028176944e-05,1300.7769299327165,4490.184078881924,2572.199259632295,0.8,8.0,100.0,96,140,3
G2_Wcluster_alhx700,$\mathrm{Hel}_{50}$,Cter_antisymmetric_BB_contact_survival,antisymmetric_nac_bb,Any 1 antisymmetric C-ter BB,chain_pair,all,largest_cluster,363000.0,2.58718824381662e-05,3.6588367028176944e-05,1300.7769299327165,4490.184078881924,2572.199259632295,0.8,8.0,100.0,96,140,3
G2_Wcluster_alhx700,$\mathrm{Hel}_{50}$,Cter_antisymmetric_BB_contact_survival,antisymmetric_nac_bb,Any 1 antisymmetric C-ter BB,chain_pair,all,largest_cluster,364000.0,2.58718824381662e-05,3.6588367028176944e-05,1300.7769299327165,4490.184078881924,2572.199259632295,0.8,8.0,100.0,96,140,3
G2_Wcluster_alhx700,$\mathrm{Hel}_{50}$,Cter_antisymmetric_BB_contact_survival,antisymmetric_nac_bb,Any 1 antisymmetric C-ter BB,chain_pair,all,largest_cluster,365000.0,2.58718824381662e-05,3.6588367028176944e-05,1300.7769299327165,4490.184078881924,2572.199259632295,0.8,8.0,100.0,96,140,3
G2_Wcluster_alhx700,$\mathrm{Hel}_{50}$,Cter_antisymmetric_BB_contact_survival,antisymmetric_nac_bb,Any 1 antisymmetric C-ter BB,chain_pair,all,largest_cluster,366000.0,2.58718824381662e-05,3.6588367028176944e-05,1300.7769299327165,4490.184078881924,2572.199259632295,0.8,8.0,100.0,96,140,3
G2_Wcluster_alhx700,$\mathrm{Hel}_{50}$,Cter_antisymmetric_BB_contact_survival,antisymmetric_nac_bb,Any 1 antisymmetric C-ter BB,chain_pair,all,largest_cluster,367000.0,2.58718824381662e-05,3.6588367028176944e-05,1300.7769299327165,4490.184078881924,2572.199259632295,0.8,8.0,100.0,96,140,3
G2_Wcluster_alhx700,$\mathrm{Hel}_{50}$,Cter_antisymmetric_BB_contact_survival,antisymmetric_nac_bb,Any 1 antisymmetric C-ter BB,chain_pair,all,largest_cluster,368000.0,2.58718824381662e-05,3.6588367028176944e-05,1300.7769299327165,4490.184078881924,2572.199259632295,0.8,8.0,100.0,96,140,3
G2_Wcluster_alhx700,$\mathrm{Hel}_{50}$,Cter_antisymmetric_BB_contact_survival,antisymmetric_nac_bb,Any 1 antisymmetric C-ter BB,chain_pair,all,largest_cluster,369000.0,2.58718824381662e-05,3.6588367028176944e-05,1300.7769299327165,4490.184078881924,2572.199259632295,0.8,8.0,100.0,96,140,3
G2_Wcluster_alhx700,$\mathrm{Hel}_{50}$,Cter_antisymmetric_BB_contact_survival,antisymmetric_nac_bb,Any 1 antisymmetric C-ter BB,chain_pair,all,largest_cluster,370000.0,2.58718824381662e-05,3.6588367028176944e-05,1300.7769299327165,4490.184078881924,2572.199259632295,0.8,8.0,100.0,96,140,3
G2_Wcluster_alhx700,$\mathrm{Hel}_{50}$,Cter_antisymmetric_BB_contact_survival,antisymmetric_nac_bb,Any 1 antisymmetric C-ter BB,chain_pair,all,largest_cluster,371000.0,2.58718824381662e-05,3.6588367028176944e-05,1300.7769299327165,4490.184078881924,2572.199259632295,0.8,8.0,100.0,96,140,3
G2_Wcluster_alhx700,$\mathrm{Hel}_{50}$,Cter_antisymmetric_BB_contact_survival,antisymmetric_nac_bb,Any 1 antisymmetric C-ter BB,chain_pair,all,largest_cluster,372000.0,2.58718824381662e-05,3.6588367028176944e-05,1300.7769299327165,4490.184078881924,2572.199259632295,0.8,8.0,100.0,96,140,3
G2_Wcluster_alhx700,$\mathrm{Hel}_{50}$,Cter_antisymmetric_BB_contact_survival,antisymmetric_nac_bb,Any 1 antisymmetric C-ter BB,chain_pair,all,largest_cluster,373000.0,2.58718824381662e-05,3.6588367028176944e-05,1300.7769299327165,4490.184078881924,2572.199259632295,0.8,8.0,100.0,96,140,3
G2_Wcluster_alhx700,$\mathrm{Hel}_{50}$,Cter_antisymmetric_BB_contact_survival,antisymmetric_nac_bb,Any 1 antisymmetric C-ter BB,chain_pair,all,largest_cluster,374000.0,2.58718824381662e-05,3.6588367028176944e-05,1300.7769299327165,4490.184078881924,2572.199259632295,0.8,8.0,100.0,96,140,3
G2_Wcluster_alhx700,$\mathrm{Hel}_{50}$,Cter_antisymmetric_BB_contact_survival,antisymmetric_nac_bb,Any 1 antisymmetric C-ter BB,chain_pair,all,largest_cluster,375000.0,2.58718824381662e-05,3.6588367028176944e-05,1300.7769299327165,4490.184078881924,2572.199259632295,0.8,8.0,100.0,96,140,3
G2_Wcluster_alhx700,$\mathrm{Hel}_{50}$,Cter_antisymmetric_BB_contact_survival,antisymmetric_nac_bb,Any 1 antisymmetric C-ter BB,chain_pair,all,largest_cluster,376000.0,2.58718824381662e-05,3.6588367028176944e-05,1300.7769299327165,4490.184078881924,2572.199259632295,0.8,8.0,100.0,96,140,3
G2_Wcluster_alhx700,$\mathrm{Hel}_{50}$,Cter_antisymmetric_BB_contact_survival,antisymmetric_nac_bb,Any 1 antisymmetric C-ter BB,chain_pair,all,largest_cluster,377000.0,2.58718824381662e-05,3.6588367028176944e-05,1300.7769299327165,4490.184078881924,2572.199259632295,0.8,8.0,100.0,96,140,3
G2_Wcluster_alhx700,$\mathrm{Hel}_{50}$,Cter_antisymmetric_BB_contact_survival,antisymmetric_nac_bb,Any 1 antisymmetric C-ter BB,chain_pair,all,largest_cluster,378000.0,2.58718824381662e-05,3.6588367028176944e-05,1300.7769299327165,4490.184078881924,2572.199259632295,0.8,8.0,100.0,96,140,3
G2_Wcluster_alhx700,$\mathrm{Hel}_{50}$,Cter_antisymmetric_BB_contact_survival,antisymmetric_nac_bb,Any 1 antisymmetric C-ter BB,chain_pair,all,largest_cluster,379000.0,2.58718824381662e-05,3.6588367028176944e-05,1300.7769299327165,4490.184078881924,2572.199259632295,0.8,8.0,100.0,96,140,3
G2_Wcluster_alhx700,$\mathrm{Hel}_{50}$,Cter_antisymmetric_BB_contact_survival,antisymmetric_nac_bb,Any 1 antisymmetric C-ter BB,chain_pair,all,largest_cluster,380000.0,2.58718824381662e-05,3.6588367028176944e-05,1300.7769299327165,4490.184078881924,2572.199259632295,0.8,8.0,100.0,96,140,3
G2_Wcluster_alhx700,$\mathrm{Hel}_{50}$,Cter_antisymmetric_BB_contact_survival,antisymmetric_nac_bb,Any 1 antisymmetric C-ter BB,chain_pair,all,largest_cluster,381000.0,2.58718824381662e-05,3.6588367028176944e-05,1300.7769299327165,4490.184078881924,2572.199259632295,0.8,8.0,100.0,96,140,3
G2_Wcluster_alhx700,$\mathrm{Hel}_{50}$,Cter_antisymmetric_BB_contact_survival,antisymmetric_nac_bb,Any 1 antisymmetric C-ter BB,chain_pair,all,largest_cluster,382000.0,2.58718824381662e-05,3.6588367028176944e-05,1300.7769299327165,4490.184078881924,2572.199259632295,0.8,8.0,100.0,96,140,3
G2_Wcluster_alhx700,$\mathrm{Hel}_{50}$,Cter_antisymmetric_BB_contact_survival,antisymmetric_nac_bb,Any 1 antisymmetric C-ter BB,chain_pair,all,largest_cluster,383000.0,2.58718824381662e-05,3.6588367028176944e-05,1300.7769299327165,4490.184078881924,2572.199259632295,0.8,8.0,100.0,96,140,3
G2_Wcluster_alhx700,$\mathrm{Hel}_{50}$,Cter_antisymmetric_BB_contact_survival,antisymmetric_nac_bb,Any 1 antisymmetric C-ter BB,chain_pair,all,largest_cluster,384000.0,2.58718824381662e-05,3.6588367028176944e-05,1300.7769299327165,4490.184078881924,2572.199259632295,0.8,8.0,100.0,96,140,3
G2_Wcluster_alhx700,$\mathrm{Hel}_{50}$,Cter_antisymmetric_BB_contact_survival,antisymmetric_nac_bb,Any 1 antisymmetric C-ter BB,chain_pair,all,largest_cluster,385000.0,2.58718824381662e-05,3.6588367028176944e-05,1300.7769299327165,4490.184078881924,2572.199259632295,0.8,8.0,100.0,96,140,3
G2_Wcluster_alhx700,$\mathrm{Hel}_{50}$,Cter_antisymmetric_BB_contact_survival,antisymmetric_nac_bb,Any 1 antisymmetric C-ter BB,chain_pair,all,largest_cluster,386000.0,2.58718824381662e-05,3.6588367028176944e-05,1300.7769299327165,4490.184078881924,2572.199259632295,0.8,8.0,100.0,96,140,3
G2_Wcluster_alhx700,$\mathrm{Hel}_{50}$,Cter_antisymmetric_BB_contact_survival,antisymmetric_nac_bb,Any 1 antisymmetric C-ter BB,chain_pair,all,largest_cluster,387000.0,2.58718824381662e-05,3.6588367028176944e-05,1300.7769299327165,4490.184078881924,2572.199259632295,0.8,8.0,100.0,96,140,3
G2_Wcluster_alhx700,$\mathrm{Hel}_{50}$,Cter_antisymmetric_BB_contact_survival,antisymmetric_nac_bb,Any 1 antisymmetric C-ter BB,chain_pair,all,largest_cluster,388000.0,2.58718824381662e-05,3.6588367028176944e-05,1300.7769299327165,4490.184078881924,2572.199259632295,0.8,8.0,100.0,96,140,3
G2_Wcluster_alhx700,$\mathrm{Hel}_{50}$,Cter_antisymmetric_BB_contact_survival,antisymmetric_nac_bb,Any 1 antisymmetric C-ter BB,chain_pair,all,largest_cluster,389000.0,2.58718824381662e-05,3.6588367028176944e-05,1300.7769299327165,4490.184078881924,2572.199259632295,0.8,8.0,100.0,96,140,3
G2_Wcluster_alhx700,$\mathrm{Hel}_{50}$,Cter_antisymmetric_BB_contact_survival,antisymmetric_nac_bb,Any 1 antisymmetric C-ter BB,chain_pair,all,largest_cluster,390000.0,2.58718824381662e-05,3.6588367028176944e-05,1300.7769299327165,4490.184078881924,2572.199259632295,0.8,8.0,100.0,96,140,3
G2_Wcluster_alhx700,$\mathrm{Hel}_{50}$,Cter_antisymmetric_BB_contact_survival,antisymmetric_nac_bb,Any 1 antisymmetric C-ter BB,chain_pair,all,largest_cluster,391000.0,2.58718824381662e-05,3.6588367028176944e-05,1300.7769299327165,4490.184078881924,2572.199259632295,0.8,8.0,100.0,96,140,3
G2_Wcluster_alhx700,$\mathrm{Hel}_{50}$,Cter_antisymmetric_BB_contact_survival,antisymmetric_nac_bb,Any 1 antisymmetric C-ter BB,chain_pair,all,largest_cluster,392000.0,2.58718824381662e-05,3.6588367028176944e-05,1300.7769299327165,4490.184078881924,2572.199259632295,0.8,8.0,100.0,96,140,3
G2_Wcluster_alhx700,$\mathrm{Hel}_{50}$,Cter_antisymmetric_BB_contact_survival,antisymmetric_nac_bb,Any 1 antisymmetric C-ter BB,chain_pair,all,largest_cluster,393000.0,2.58718824381662e-05,3.6588367028176944e-05,1300.7769299327165,4490.184078881924,2572.199259632295,0.8,8.0,100.0,96,140,3
G2_Wcluster_alhx700,$\mathrm{Hel}_{50}$,Cter_antisymmetric_BB_contact_survival,antisymmetric_nac_bb,Any 1 antisymmetric C-ter BB,chain_pair,all,largest_cluster,394000.0,2.58718824381662e-05,3.6588367028176944e-05,1300.7769299327165,4490.184078881924,2572.199259632295,0.8,8.0,100.0,96,140,3
G2_Wcluster_alhx700,$\mathrm{Hel}_{50}$,Cter_antisymmetric_BB_contact_survival,antisymmetric_nac_bb,Any 1 antisymmetric C-ter BB,chain_pair,all,largest_cluster,395000.0,2.58718824381662e-05,3.6588367028176944e-05,1300.7769299327165,4490.184078881924,2572.199259632295,0.8,8.0,100.0,96,140,3
G2_Wcluster_alhx700,$\mathrm{Hel}_{50}$,Cter_antisymmetric_BB_contact_survival,antisymmetric_nac_bb,Any 1 antisymmetric C-ter BB,chain_pair,all,largest_cluster,396000.0,2.58718824381662e-05,3.6588367028176944e-05,1300.7769299327165,4490.184078881924,2572.199259632295,0.8,8.0,100.0,96,140,3
G2_Wcluster_alhx700,$\mathrm{Hel}_{50}$,Cter_antisymmetric_BB_contact_survival,antisymmetric_nac_bb,Any 1 antisymmetric C-ter BB,chain_pair,all,largest_cluster,397000.0,2.58718824381662e-05,3.6588367028176944e-05,1300.7769299327165,4490.184078881924,2572.199259632295,0.8,8.0,100.0,96,140,3
G2_Wcluster_alhx700,$\mathrm{Hel}_{50}$,Cter_antisymmetric_BB_contact_survival,antisymmetric_nac_bb,Any 1 antisymmetric C-ter BB,chain_pair,all,largest_cluster,398000.0,2.58718824381662e-05,3.6588367028176944e-05,1300.7769299327165,4490.184078881924,2572.199259632295,0.8,8.0,100.0,96,140,3
G2_Wcluster_alhx700,$\mathrm{Hel}_{50}$,Cter_antisymmetric_BB_contact_survival,antisymmetric_nac_bb,Any 1 antisymmetric C-ter BB,chain_pair,all,largest_cluster,399000.0,2.58718824381662e-05,3.6588367028176944e-05,1300.7769299327165,4490.184078881924,2572.199259632295,0.8,8.0,100.0,96,140,3
G2_Wcluster_alhx700,$\mathrm{Hel}_{50}$,Cter_antisymmetric_BB_contact_survival,antisymmetric_nac_bb,Any 1 antisymmetric C-ter BB,chain_pair,all,largest_cluster,400000.0,2.58718824381662e-05,3.6588367028176944e-05,1300.7769299327165,4490.184078881924,2572.199259632295,0.8,8.0,100.0,96,140,3
G2_Wcluster_alhx700,$\mathrm{Hel}_{50}$,Cter_antisymmetric_BB_contact_survival,antisymmetric_nac_bb,Any 1 antisymmetric C-ter BB,chain_pair,all,largest_cluster,401000.0,2.58718824381662e-05,3.6588367028176944e-05,1300.7769299327165,4490.184078881924,2572.199259632295,0.8,8.0,100.0,96,140,3
G2_Wcluster_alhx700,$\mathrm{Hel}_{50}$,Cter_antisymmetric_BB_contact_survival,antisymmetric_nac_bb,Any 1 antisymmetric C-ter BB,chain_pair,all,largest_cluster,402000.0,2.58718824381662e-05,3.6588367028176944e-05,1300.7769299327165,4490.184078881924,2572.199259632295,0.8,8.0,100.0,96,140,3
G3_Onmem_plus,$\mathrm{IDP}_{50}$-Mem,Cter_antisymmetric_BB_contact_survival,antisymmetric_nac_bb,Any 1 antisymmetric C-ter BB,chain_pair,last_40,largest_cluster,0.0,1.0,0.0,1171.0503292735445,3778.0960139065783,2121.997942749945,0.8,8.0,100.0,96,140,3
G3_Onmem_plus,$\mathrm{IDP}_{50}$-Mem,Cter_antisymmetric_BB_contact_survival,antisymmetric_nac_bb,Any 1 antisymmetric C-ter BB,chain_pair,last_40,largest_cluster,1000.0,0.39933708860515793,0.004300754773700256,1171.0503292735445,3778.0960139065783,2121.997942749945,0.8,8.0,100.0,96,140,3
G3_Onmem_plus,$\mathrm{IDP}_{50}$-Mem,Cter_antisymmetric_BB_contact_survival,antisymmetric_nac_bb,Any 1 antisymmetric C-ter BB,chain_pair,last_40,largest_cluster,2000.0,0.21542836672594787,0.004240297039709907,1171.0503292735445,3778.0960139065783,2121.997942749945,0.8,8.0,100.0,96,140,3
G3_Onmem_plus,$\mathrm{IDP}_{50}$-Mem,Cter_antisymmetric_BB_contact_survival,antisymmetric_nac_bb,Any 1 antisymmetric C-ter BB,chain_pair,last_40,largest_cluster,3000.0,0.13488869587561836,0.004526079840682994,1171.0503292735445,3778.0960139065783,2121.997942749945,0.8,8.0,100.0,96,140,3
G3_Onmem_plus,$\mathrm{IDP}_{50}$-Mem,Cter_antisymmetric_BB_contact_survival,antisymmetric_nac_bb,Any 1 antisymmetric C-ter BB,chain_pair,last_40,largest_cluster,4000.0,0.09005014735195603,0.003469502124913977,1171.0503292735445,3778.0960139065783,2121.997942749945,0.8,8.0,100.0,96,140,3
G3_Onmem_plus,$\mathrm{IDP}_{50}$-Mem,Cter_antisymmetric_BB_contact_survival,antisymmetric_nac_bb,Any 1 antisymmetric C-ter BB,chain_pair,last_40,largest_cluster,5000.0,0.0632562438418241,0.0023771492512251477,1171.0503292735445,3778.0960139065783,2121.997942749945,0.8,8.0,100.0,96,140,3
G3_Onmem_plus,$\mathrm{IDP}_{50}$-Mem,Cter_antisymmetric_BB_contact_survival,antisymmetric_nac_bb,Any 1 antisymmetric C-ter BB,chain_pair,last_40,largest_cluster,6000.0,0.04626418993787296,0.0013644484719600356,1171.0503292735445,3778.0960139065783,2121.997942749945,0.8,8.0,100.0,96,140,3
G3_Onmem_plus,$\mathrm{IDP}_{50}$-Mem,Cter_antisymmetric_BB_contact_survival,antisymmetric_nac_bb,Any 1 antisymmetric C-ter BB,chain_pair,last_40,largest_cluster,7000.0,0.03493217404151624,0.0019036868812261337,1171.0503292735445,3778.0960139065783,2121.997942749945,0.8,8.0,100.0,96,140,3
G3_Onmem_plus,$\mathrm{IDP}_{50}$-Mem,Cter_antisymmetric_BB_contact_survival,antisymmetric_nac_bb,Any 1 antisymmetric C-ter BB,chain_pair,last_40,largest_cluster,8000.0,0.026742280819597054,0.0017703376650124384,1171.0503292735445,3778.0960139065783,2121.997942749945,0.8,8.0,100.0,96,140,3
G3_Onmem_plus,$\mathrm{IDP}_{50}$-Mem,Cter_antisymmetric_BB_contact_survival,antisymmetric_nac_bb,Any 1 antisymmetric C-ter BB,chain_pair,last_40,largest_cluster,9000.0,0.020718816063224083,0.0017926424102468906,1171.0503292735445,3778.0960139065783,2121.997942749945,0.8,8.0,100.0,96,140,3
G3_Onmem_plus,$\mathrm{IDP}_{50}$-Mem,Cter_antisymmetric_BB_contact_survival,antisymmetric_nac_bb,Any 1 antisymmetric C-ter BB,chain_pair,last_40,largest_cluster,10000.0,0.015980017231229795,0.0020197415278146854,1171.0503292735445,3778.0960139065783,2121.997942749945,0.8,8.0,100.0,96,140,3
G3_Onmem_plus,$\mathrm{IDP}_{50}$-Mem,Cter_antisymmetric_BB_contact_survival,antisymmetric_nac_bb,Any 1 antisymmetric C-ter BB,chain_pair,last_40,largest_cluster,11000.0,0.01282471973649608,0.0016113716053353473,1171.0503292735445,3778.0960139065783,2121.997942749945,0.8,8.0,100.0,96,140,3
G3_Onmem_plus,$\mathrm{IDP}_{50}$-Mem,Cter_antisymmetric_BB_contact_survival,antisymmetric_nac_bb,Any 1 antisymmetric C-ter BB,chain_pair,last_40,largest_cluster,12000.0,0.01038770473013457,0.0018717171103446398,1171.0503292735445,3778.0960139065783,2121.997942749945,0.8,8.0,100.0,96,140,3
G3_Onmem_plus,$\mathrm{IDP}_{50}$-Mem,Cter_antisymmetric_BB_contact_survival,antisymmetric_nac_bb,Any 1 antisymmetric C-ter BB,chain_pair,last_40,largest_cluster,13000.0,0.008234651617144297,0.001444071963697095,1171.0503292735445,3778.0960139065783,2121.997942749945,0.8,8.0,100.0,96,140,3
G3_Onmem_plus,$\mathrm{IDP}_{50}$-Mem,Cter_antisymmetric_BB_contact_survival,antisymmetric_nac_bb,Any 1 antisymmetric C-ter BB,chain_pair,last_40,largest_cluster,14000.0,0.006451784668894415,0.001353610789142486,1171.0503292735445,3778.0960139065783,2121.997942749945,0.8,8.0,100.0,96,140,3
G3_Onmem_plus,$\mathrm{IDP}_{50}$-Mem,Cter_antisymmetric_BB_contact_survival,antisymmetric_nac_bb,Any 1 antisymmetric C-ter BB,chain_pair,last_40,largest_cluster,15000.0,0.005213335494900266,0.0007744045209397853,1171.0503292735445,3778.0960139065783,2121.997942749945,0.8,8.0,100.0,96,140,3
G3_Onmem_plus,$\mathrm{IDP}_{50}$-Mem,Cter_antisymmetric_BB_contact_survival,antisymmetric_nac_bb,Any 1 antisymmetric C-ter BB,chain_pair,last_40,largest_cluster,16000.0,0.004371284289545751,0.0007666294123773463,1171.0503292735445,3778.0960139065783,2121.997942749945,0.8,8.0,100.0,96,140,3
G3_Onmem_plus,$\mathrm{IDP}_{50}$-Mem,Cter_antisymmetric_BB_contact_survival,antisymmetric_nac_bb,Any 1 antisymmetric C-ter BB,chain_pair,last_40,largest_cluster,17000.0,0.003928421211805903,0.0005260341370984657,1171.0503292735445,3778.0960139065783,2121.997942749945,0.8,8.0,100.0,96,140,3
G3_Onmem_plus,$\mathrm{IDP}_{50}$-Mem,Cter_antisymmetric_BB_contact_survival,antisymmetric_nac_bb,Any 1 antisymmetric C-ter BB,chain_pair,last_40,largest_cluster,18000.0,0.003084996018854502,0.0005899765405252303,1171.0503292735445,3778.0960139065783,2121.997942749945,0.8,8.0,100.0,96,140,3
G3_Onmem_plus,$\mathrm{IDP}_{50}$-Mem,Cter_antisymmetric_BB_contact_survival,antisymmetric_nac_bb,Any 1 antisymmetric C-ter BB,chain_pair,last_40,largest_cluster,19000.0,0.002376048915824156,0.0004999132492204928,1171.0503292735445,3778.0960139065783,2121.997942749945,0.8,8.0,100.0,96,140,3
G3_Onmem_plus,$\mathrm{IDP}_{50}$-Mem,Cter_antisymmetric_BB_contact_survival,antisymmetric_nac_bb,Any 1 antisymmetric C-ter BB,chain_pair,last_40,largest_cluster,20000.0,0.0020577896414508677,0.00044217139986469603,1171.0503292735445,3778.0960139065783,2121.997942749945,0.8,8.0,100.0,96,140,3
G3_Onmem_plus,$\mathrm{IDP}_{50}$-Mem,Cter_antisymmetric_BB_contact_survival,antisymmetric_nac_bb,Any 1 antisymmetric C-ter BB,chain_pair,last_40,largest_cluster,21000.0,0.001797706298639896,0.0004313718791712072,1171.0503292735445,3778.0960139065783,2121.997942749945,0.8,8.0,100.0,96,140,3
G3_Onmem_plus,$\mathrm{IDP}_{50}$-Mem,Cter_antisymmetric_BB_contact_survival,antisymmetric_nac_bb,Any 1 antisymmetric C-ter BB,chain_pair,last_40,largest_cluster,22000.0,0.0015388727640679668,0.0003727126990755081,1171.0503292735445,3778.0960139065783,2121.997942749945,0.8,8.0,100.0,96,140,3
G3_Onmem_plus,$\mathrm{IDP}_{50}$-Mem,Cter_antisymmetric_BB_contact_survival,antisymmetric_nac_bb,Any 1 antisymmetric C-ter BB,chain_pair,last_40,largest_cluster,23000.0,0.00134534147241908,0.0003377370750261509,1171.0503292735445,3778.0960139065783,2121.997942749945,0.8,8.0,100.0,96,140,3
G3_Onmem_plus,$\mathrm{IDP}_{50}$-Mem,Cter_antisymmetric_BB_contact_survival,antisymmetric_nac_bb,Any 1 antisymmetric C-ter BB,chain_pair,last_40,largest_cluster,24000.0,0.001249200730714158,0.00031227151876476295,1171.0503292735445,3778.0960139065783,2121.997942749945,0.8,8.0,100.0,96,140,3
G3_Onmem_plus,$\mathrm{IDP}_{50}$-Mem,Cter_antisymmetric_BB_contact_survival,antisymmetric_nac_bb,Any 1 antisymmetric C-ter BB,chain_pair,last_40,largest_cluster,25000.0,0.0009951180703827126,0.0002006718717017558,1171.0503292735445,3778.0960139065783,2121.997942749945,0.8,8.0,100.0,96,140,3
G3_Onmem_plus,$\mathrm{IDP}_{50}$-Mem,Cter_antisymmetric_BB_contact_survival,antisymmetric_nac_bb,Any 1 antisymmetric C-ter BB,chain_pair,last_40,largest_cluster,26000.0,0.0008717640752551955,0.00013960350034752342,1171.0503292735445,3778.0960139065783,2121.997942749945,0.8,8.0,100.0,96,140,3
G3_Onmem_plus,$\mathrm{IDP}_{50}$-Mem,Cter_antisymmetric_BB_contact_survival,antisymmetric_nac_bb,Any 1 antisymmetric C-ter BB,chain_pair,last_40,largest_cluster,27000.0,0.0007054460370289041,0.00022549989831228265,1171.0503292735445,3778.0960139065783,2121.997942749945,0.8,8.0,100.0,96,140,3
G3_Onmem_plus,$\mathrm{IDP}_{50}$-Mem,Cter_antisymmetric_BB_contact_survival,antisymmetric_nac_bb,Any 1 antisymmetric C-ter BB,chain_pair,last_40,largest_cluster,28000.0,0.0006733577300079826,0.00019079594920072058,1171.0503292735445,3778.0960139065783,2121.997942749945,0.8,8.0,100.0,96,140,3
G3_Onmem_plus,$\mathrm{IDP}_{50}$-Mem,Cter_antisymmetric_BB_contact_survival,antisymmetric_nac_bb,Any 1 antisymmetric C-ter BB,chain_pair,last_40,largest_cluster,29000.0,0.0006425192312261032,0.0001848977527638604,1171.0503292735445,3778.0960139065783,2121.997942749945,0.8,8.0,100.0,96,140,3
G3_Onmem_plus,$\mathrm{IDP}_{50}$-Mem,Cter_antisymmetric_BB_contact_survival,antisymmetric_nac_bb,Any 1 antisymmetric C-ter BB,chain_pair,last_40,largest_cluster,30000.0,0.0005154158113814593,7.260268703372275e-05,1171.0503292735445,3778.0960139065783,2121.997942749945,0.8,8.0,100.0,96,140,3
G3_Onmem_plus,$\mathrm{IDP}_{50}$-Mem,Cter_antisymmetric_BB_contact_survival,antisymmetric_nac_bb,Any 1 antisymmetric C-ter BB,chain_pair,last_40,largest_cluster,31000.0,0.0005154158113814593,7.260268703372275e-05,1171.0503292735445,3778.0960139065783,2121.997942749945,0.8,8.0,100.0,96,140,3
G3_Onmem_plus,$\mathrm{IDP}_{50}$-Mem,Cter_antisymmetric_BB_contact_survival,antisymmetric_nac_bb,Any 1 antisymmetric C-ter BB,chain_pair,last_40,largest_cluster,32000.0,0.0005154158113814593,7.260268703372275e-05,1171.0503292735445,3778.0960139065783,2121.997942749945,0.8,8.0,100.0,96,140,3
G3_Onmem_plus,$\mathrm{IDP}_{50}$-Mem,Cter_antisymmetric_BB_contact_survival,antisymmetric_nac_bb,Any 1 antisymmetric C-ter BB,chain_pair,last_40,largest_cluster,33000.0,0.00045373881381770065,8.935836387620576e-05,1171.0503292735445,3778.0960139065783,2121.997942749945,0.8,8.0,100.0,96,140,3
G3_Onmem_plus,$\mathrm{IDP}_{50}$-Mem,Cter_antisymmetric_BB_contact_survival,antisymmetric_nac_bb,Any 1 antisymmetric C-ter BB,chain_pair,last_40,largest_cluster,34000.0,0.00035634826387373627,8.936982383739662e-05,1171.0503292735445,3778.0960139065783,2121.997942749945,0.8,8.0,100.0,96,140,3
G3_Onmem_plus,$\mathrm{IDP}_{50}$-Mem,Cter_antisymmetric_BB_contact_survival,antisymmetric_nac_bb,Any 1 antisymmetric C-ter BB,chain_pair,last_40,largest_cluster,35000.0,0.00032425995685281473,4.500806459628164e-05,1171.0503292735445,3778.0960139065783,2121.997942749945,0.8,8.0,100.0,96,140,3
G3_Onmem_plus,$\mathrm{IDP}_{50}$-Mem,Cter_antisymmetric_BB_contact_survival,antisymmetric_nac_bb,Any 1 antisymmetric C-ter BB,chain_pair,last_40,largest_cluster,36000.0,0.0002897962127116512,7.329499090293962e-05,1171.0503292735445,3778.0960139065783,2121.997942749945,0.8,8.0,100.0,96,140,3
G3_Onmem_plus,$\mathrm{IDP}_{50}$-Mem,Cter_antisymmetric_BB_contact_survival,antisymmetric_nac_bb,Any 1 antisymmetric C-ter BB,chain_pair,last_40,largest_cluster,37000.0,0.0002897962127116512,7.329499090293962e-05,1171.0503292735445,3778.0960139065783,2121.997942749945,0.8,8.0,100.0,96,140,3
G3_Onmem_plus,$\mathrm{IDP}_{50}$-Mem,Cter_antisymmetric_BB_contact_survival,antisymmetric_nac_bb,Any 1 antisymmetric C-ter BB,chain_pair,last_40,largest_cluster,38000.0,0.0002897962127116512,7.329499090293962e-05,1171.0503292735445,3778.0960139065783,2121.997942749945,0.8,8.0,100.0,96,140,3
G3_Onmem_plus,$\mathrm{IDP}_{50}$-Mem,Cter_antisymmetric_BB_contact_survival,antisymmetric_nac_bb,Any 1 antisymmetric C-ter BB,chain_pair,last_40,largest_cluster,39000.0,0.00022686940690885032,4.467918193810288e-05,1171.0503292735445,3778.0960139065783,2121.997942749945,0.8,8.0,100.0,96,140,3
G3_Onmem_plus,$\mathrm{IDP}_{50}$-Mem,Cter_antisymmetric_BB_contact_survival,antisymmetric_nac_bb,Any 1 antisymmetric C-ter BB,chain_pair,last_40,largest_cluster,40000.0,0.00016394260110604944,5.0840651611685136e-05,1171.0503292735445,3778.0960139065783,2121.997942749945,0.8,8.0,100.0,96,140,3
G3_Onmem_plus,$\mathrm{IDP}_{50}$-Mem,Cter_antisymmetric_BB_contact_survival,antisymmetric_nac_bb,Any 1 antisymmetric C-ter BB,chain_pair,last_40,largest_cluster,41000.0,0.00013185429408512787,5.300432451989438e-05,1171.0503292735445,3778.0960139065783,2121.997942749945,0.8,8.0,100.0,96,140,3
G3_Onmem_plus,$\mathrm{IDP}_{50}$-Mem,Cter_antisymmetric_BB_contact_survival,antisymmetric_nac_bb,Any 1 antisymmetric C-ter BB,chain_pair,last_40,largest_cluster,42000.0,0.00013185429408512787,5.300432451989438e-05,1171.0503292735445,3778.0960139065783,2121.997942749945,0.8,8.0,100.0,96,140,3
G3_Onmem_plus,$\mathrm{IDP}_{50}$-Mem,Cter_antisymmetric_BB_contact_survival,antisymmetric_nac_bb,Any 1 antisymmetric C-ter BB,chain_pair,last_40,largest_cluster,43000.0,9.739054994396436e-05,4.510778875273404e-06,1171.0503292735445,3778.0960139065783,2121.997942749945,0.8,8.0,100.0,96,140,3
G3_Onmem_plus,$\mathrm{IDP}_{50}$-Mem,Cter_antisymmetric_BB_contact_survival,antisymmetric_nac_bb,Any 1 antisymmetric C-ter BB,chain_pair,last_40,largest_cluster,44000.0,9.739054994396436e-05,4.510778875273404e-06,1171.0503292735445,3778.0960139065783,2121.997942749945,0.8,8.0,100.0,96,140,3
G3_Onmem_plus,$\mathrm{IDP}_{50}$-Mem,Cter_antisymmetric_BB_contact_survival,antisymmetric_nac_bb,Any 1 antisymmetric C-ter BB,chain_pair,last_40,largest_cluster,45000.0,9.739054994396436e-05,4.510778875273404e-06,1171.0503292735445,3778.0960139065783,2121.997942749945,0.8,8.0,100.0,96,140,3
G3_Onmem_plus,$\mathrm{IDP}_{50}$-Mem,Cter_antisymmetric_BB_contact_survival,antisymmetric_nac_bb,Any 1 antisymmetric C-ter BB,chain_pair,last_40,largest_cluster,46000.0,9.739054994396436e-05,4.510778875273404e-06,1171.0503292735445,3778.0960139065783,2121.997942749945,0.8,8.0,100.0,96,140,3
G3_Onmem_plus,$\mathrm{IDP}_{50}$-Mem,Cter_antisymmetric_BB_contact_survival,antisymmetric_nac_bb,Any 1 antisymmetric C-ter BB,chain_pair,last_40,largest_cluster,47000.0,9.739054994396436e-05,4.510778875273404e-06,1171.0503292735445,3778.0960139065783,2121.997942749945,0.8,8.0,100.0,96,140,3
G3_Onmem_plus,$\mathrm{IDP}_{50}$-Mem,Cter_antisymmetric_BB_contact_survival,antisymmetric_nac_bb,Any 1 antisymmetric C-ter BB,chain_pair,last_40,largest_cluster,48000.0,9.739054994396436e-05,4.510778875273404e-06,1171.0503292735445,3778.0960139065783,2121.997942749945,0.8,8.0,100.0,96,140,3
G3_Onmem_plus,$\mathrm{IDP}_{50}$-Mem,Cter_antisymmetric_BB_contact_survival,antisymmetric_nac_bb,Any 1 antisymmetric C-ter BB,chain_pair,last_40,largest_cluster,49000.0,9.739054994396436e-05,4.510778875273404e-06,1171.0503292735445,3778.0960139065783,2121.997942749945,0.8,8.0,100.0,96,140,3
G3_Onmem_plus,$\mathrm{IDP}_{50}$-Mem,Cter_antisymmetric_BB_contact_survival,antisymmetric_nac_bb,Any 1 antisymmetric C-ter BB,chain_pair,last_40,largest_cluster,50000.0,9.739054994396436e-05,4.510778875273404e-06,1171.0503292735445,3778.0960139065783,2121.997942749945,0.8,8.0,100.0,96,140,3
G3_Onmem_plus,$\mathrm{IDP}_{50}$-Mem,Cter_antisymmetric_BB_contact_survival,antisymmetric_nac_bb,Any 1 antisymmetric C-ter BB,chain_pair,last_40,largest_cluster,51000.0,9.739054994396436e-05,4.510778875273404e-06,1171.0503292735445,3778.0960139065783,2121.997942749945,0.8,8.0,100.0,96,140,3
G3_Onmem_plus,$\mathrm{IDP}_{50}$-Mem,Cter_antisymmetric_BB_contact_survival,antisymmetric_nac_bb,Any 1 antisymmetric C-ter BB,chain_pair,last_40,largest_cluster,52000.0,6.292680580280087e-05,4.452229189095361e-05,1171.0503292735445,3778.0960139065783,2121.997942749945,0.8,8.0,100.0,96,140,3
G3_Onmem_plus,$\mathrm{IDP}_{50}$-Mem,Cter_antisymmetric_BB_contact_survival,antisymmetric_nac_bb,Any 1 antisymmetric C-ter BB,chain_pair,last_40,largest_cluster,53000.0,6.292680580280087e-05,4.452229189095361e-05,1171.0503292735445,3778.0960139065783,2121.997942749945,0.8,8.0,100.0,96,140,3
G3_Onmem_plus,$\mathrm{IDP}_{50}$-Mem,Cter_antisymmetric_BB_contact_survival,antisymmetric_nac_bb,Any 1 antisymmetric C-ter BB,chain_pair,last_40,largest_cluster,54000.0,6.292680580280087e-05,4.452229189095361e-05,1171.0503292735445,3778.0960139065783,2121.997942749945,0.8,8.0,100.0,96,140,3
G3_Onmem_plus,$\mathrm{IDP}_{50}$-Mem,Cter_antisymmetric_BB_contact_survival,antisymmetric_nac_bb,Any 1 antisymmetric C-ter BB,chain_pair,last_40,largest_cluster,55000.0,6.292680580280087e-05,4.452229189095361e-05,1171.0503292735445,3778.0960139065783,2121.997942749945,0.8,8.0,100.0,96,140,3
G3_Onmem_plus,$\mathrm{IDP}_{50}$-Mem,Cter_antisymmetric_BB_contact_survival,antisymmetric_nac_bb,Any 1 antisymmetric C-ter BB,chain_pair,last_40,largest_cluster,56000.0,6.292680580280087e-05,4.452229189095361e-05,1171.0503292735445,3778.0960139065783,2121.997942749945,0.8,8.0,100.0,96,140,3
G3_Onmem_plus,$\mathrm{IDP}_{50}$-Mem,Cter_antisymmetric_BB_contact_survival,antisymmetric_nac_bb,Any 1 antisymmetric C-ter BB,chain_pair,last_40,largest_cluster,57000.0,6.292680580280087e-05,4.452229189095361e-05,1171.0503292735445,3778.0960139065783,2121.997942749945,0.8,8.0,100.0,96,140,3
G3_Onmem_plus,$\mathrm{IDP}_{50}$-Mem,Cter_antisymmetric_BB_contact_survival,antisymmetric_nac_bb,Any 1 antisymmetric C-ter BB,chain_pair,last_40,largest_cluster,58000.0,6.292680580280087e-05,4.452229189095361e-05,1171.0503292735445,3778.0960139065783,2121.997942749945,0.8,8.0,100.0,96,140,3
G3_Onmem_plus,$\mathrm{IDP}_{50}$-Mem,Cter_antisymmetric_BB_contact_survival,antisymmetric_nac_bb,Any 1 antisymmetric C-ter BB,chain_pair,last_40,largest_cluster,59000.0,3.208830702092157e-05,4.53797189825791e-05,1171.0503292735445,3778.0960139065783,2121.997942749945,0.8,8.0,100.0,96,140,3
G3_Onmem_plus,$\mathrm{IDP}_{50}$-Mem,Cter_antisymmetric_BB_contact_survival,antisymmetric_nac_bb,Any 1 antisymmetric C-ter BB,chain_pair,last_40,largest_cluster,60000.0,3.208830702092157e-05,4.53797189825791e-05,1171.0503292735445,3778.0960139065783,2121.997942749945,0.8,8.0,100.0,96,140,3
G3_Onmem_plus,$\mathrm{IDP}_{50}$-Mem,Cter_antisymmetric_BB_contact_survival,antisymmetric_nac_bb,Any 1 antisymmetric C-ter BB,chain_pair,last_40,largest_cluster,61000.0,3.208830702092157e-05,4.53797189825791e-05,1171.0503292735445,3778.0960139065783,2121.997942749945,0.8,8.0,100.0,96,140,3
G3_Onmem_plus,$\mathrm{IDP}_{50}$-Mem,Cter_antisymmetric_BB_contact_survival,antisymmetric_nac_bb,Any 1 antisymmetric C-ter BB,chain_pair,last_40,largest_cluster,62000.0,3.208830702092157e-05,4.53797189825791e-05,1171.0503292735445,3778.0960139065783,2121.997942749945,0.8,8.0,100.0,96,140,3
G4_Onmem_wall,$\mathrm{Hel}_{10}\mathrm{IDP}_{40}$-Mem,Cter_antisymmetric_BB_contact_survival,antisymmetric_nac_bb,Any 1 antisymmetric C-ter BB,chain_pair,all,largest_cluster,0.0,1.0,0.0,1148.692043135925,3781.708881816422,2137.2170690981716,0.8,8.0,100.0,96,140,3
G4_Onmem_wall,$\mathrm{Hel}_{10}\mathrm{IDP}_{40}$-Mem,Cter_antisymmetric_BB_contact_survival,antisymmetric_nac_bb,Any 1 antisymmetric C-ter BB,chain_pair,all,largest_cluster,1000.0,0.3947692103904874,0.0023133157189187186,1148.692043135925,3781.708881816422,2137.2170690981716,0.8,8.0,100.0,96,140,3
G4_Onmem_wall,$\mathrm{Hel}_{10}\mathrm{IDP}_{40}$-Mem,Cter_antisymmetric_BB_contact_survival,antisymmetric_nac_bb,Any 1 antisymmetric C-ter BB,chain_pair,all,largest_cluster,2000.0,0.21392719186724904,0.0032955826163695153,1148.692043135925,3781.708881816422,2137.2170690981716,0.8,8.0,100.0,96,140,3
G4_Onmem_wall,$\mathrm{Hel}_{10}\mathrm{IDP}_{40}$-Mem,Cter_antisymmetric_BB_contact_survival,antisymmetric_nac_bb,Any 1 antisymmetric C-ter BB,chain_pair,all,largest_cluster,3000.0,0.13412252943928427,0.0030618128331883136,1148.692043135925,3781.708881816422,2137.2170690981716,0.8,8.0,100.0,96,140,3
G4_Onmem_wall,$\mathrm{Hel}_{10}\mathrm{IDP}_{40}$-Mem,Cter_antisymmetric_BB_contact_survival,antisymmetric_nac_bb,Any 1 antisymmetric C-ter BB,chain_pair,all,largest_cluster,4000.0,0.09047133110571122,0.0026643188852704023,1148.692043135925,3781.708881816422,2137.2170690981716,0.8,8.0,100.0,96,140,3
G4_Onmem_wall,$\mathrm{Hel}_{10}\mathrm{IDP}_{40}$-Mem,Cter_antisymmetric_BB_contact_survival,antisymmetric_nac_bb,Any 1 antisymmetric C-ter BB,chain_pair,all,largest_cluster,5000.0,0.06478707044383814,0.002646017171269479,1148.692043135925,3781.708881816422,2137.2170690981716,0.8,8.0,100.0,96,140,3
G4_Onmem_wall,$\mathrm{Hel}_{10}\mathrm{IDP}_{40}$-Mem,Cter_antisymmetric_BB_contact_survival,antisymmetric_nac_bb,Any 1 antisymmetric C-ter BB,chain_pair,all,largest_cluster,6000.0,0.04766791824032976,0.0021915000159033566,1148.692043135925,3781.708881816422,2137.2170690981716,0.8,8.0,100.0,96,140,3
G4_Onmem_wall,$\mathrm{Hel}_{10}\mathrm{IDP}_{40}$-Mem,Cter_antisymmetric_BB_contact_survival,antisymmetric_nac_bb,Any 1 antisymmetric C-ter BB,chain_pair,all,largest_cluster,7000.0,0.03576498535493045,0.0019930858530556395,1148.692043135925,3781.708881816422,2137.2170690981716,0.8,8.0,100.0,96,140,3
G4_Onmem_wall,$\mathrm{Hel}_{10}\mathrm{IDP}_{40}$-Mem,Cter_antisymmetric_BB_contact_survival,antisymmetric_nac_bb,Any 1 antisymmetric C-ter BB,chain_pair,all,largest_cluster,8000.0,0.027377800765589,0.0010870807557147694,1148.692043135925,3781.708881816422,2137.2170690981716,0.8,8.0,100.0,96,140,3
G4_Onmem_wall,$\mathrm{Hel}_{10}\mathrm{IDP}_{40}$-Mem,Cter_antisymmetric_BB_contact_survival,antisymmetric_nac_bb,Any 1 antisymmetric C-ter BB,chain_pair,all,largest_cluster,9000.0,0.021543167431728318,0.0013322563877306683,1148.692043135925,3781.708881816422,2137.2170690981716,0.8,8.0,100.0,96,140,3
G4_Onmem_wall,$\mathrm{Hel}_{10}\mathrm{IDP}_{40}$-Mem,Cter_antisymmetric_BB_contact_survival,antisymmetric_nac_bb,Any 1 antisymmetric C-ter BB,chain_pair,all,largest_cluster,10000.0,0.01676708059766842,0.0005824127535361397,1148.692043135925,3781.708881816422,2137.2170690981716,0.8,8.0,100.0,96,140,3
G4_Onmem_wall,$\mathrm{Hel}_{10}\mathrm{IDP}_{40}$-Mem,Cter_antisymmetric_BB_contact_survival,antisymmetric_nac_bb,Any 1 antisymmetric C-ter BB,chain_pair,all,largest_cluster,11000.0,0.013352944698032483,0.0005196778178002691,1148.692043135925,3781.708881816422,2137.2170690981716,0.8,8.0,100.0,96,140,3
G4_Onmem_wall,$\mathrm{Hel}_{10}\mathrm{IDP}_{40}$-Mem,Cter_antisymmetric_BB_contact_survival,antisymmetric_nac_bb,Any 1 antisymmetric C-ter BB,chain_pair,all,largest_cluster,12000.0,0.010303074159922194,0.0005375447109410605,1148.692043135925,3781.708881816422,2137.2170690981716,0.8,8.0,100.0,96,140,3
G4_Onmem_wall,$\mathrm{Hel}_{10}\mathrm{IDP}_{40}$-Mem,Cter_antisymmetric_BB_contact_survival,antisymmetric_nac_bb,Any 1 antisymmetric C-ter BB,chain_pair,all,largest_cluster,13000.0,0.00885972667018495,0.0005695295347462604,1148.692043135925,3781.708881816422,2137.2170690981716,0.8,8.0,100.0,96,140,3
G4_Onmem_wall,$\mathrm{Hel}_{10}\mathrm{IDP}_{40}$-Mem,Cter_antisymmetric_BB_contact_survival,antisymmetric_nac_bb,Any 1 antisymmetric C-ter BB,chain_pair,all,largest_cluster,14000.0,0.007536110303401261,0.000666026628750712,1148.692043135925,3781.708881816422,2137.2170690981716,0.8,8.0,100.0,96,140,3
G4_Onmem_wall,$\mathrm{Hel}_{10}\mathrm{IDP}_{40}$-Mem,Cter_antisymmetric_BB_contact_survival,antisymmetric_nac_bb,Any 1 antisymmetric C-ter BB,chain_pair,all,largest_cluster,15000.0,0.006442141453341162,0.0005854336484565855,1148.692043135925,3781.708881816422,2137.2170690981716,0.8,8.0,100.0,96,140,3
G4_Onmem_wall,$\mathrm{Hel}_{10}\mathrm{IDP}_{40}$-Mem,Cter_antisymmetric_BB_contact_survival,antisymmetric_nac_bb,Any 1 antisymmetric C-ter BB,chain_pair,all,largest_cluster,16000.0,0.005355103521616379,0.00045877369864881517,1148.692043135925,3781.708881816422,2137.2170690981716,0.8,8.0,100.0,96,140,3
G4_Onmem_wall,$\mathrm{Hel}_{10}\mathrm{IDP}_{40}$-Mem,Cter_antisymmetric_BB_contact_survival,antisymmetric_nac_bb,Any 1 antisymmetric C-ter BB,chain_pair,all,largest_cluster,17000.0,0.004685847242878159,0.00038844185563843587,1148.692043135925,3781.708881816422,2137.2170690981716,0.8,8.0,100.0,96,140,3
G4_Onmem_wall,$\mathrm{Hel}_{10}\mathrm{IDP}_{40}$-Mem,Cter_antisymmetric_BB_contact_survival,antisymmetric_nac_bb,Any 1 antisymmetric C-ter BB,chain_pair,all,largest_cluster,18000.0,0.0038688979789384664,0.0003332935739156798,1148.692043135925,3781.708881816422,2137.2170690981716,0.8,8.0,100.0,96,140,3
G4_Onmem_wall,$\mathrm{Hel}_{10}\mathrm{IDP}_{40}$-Mem,Cter_antisymmetric_BB_contact_survival,antisymmetric_nac_bb,Any 1 antisymmetric C-ter BB,chain_pair,all,largest_cluster,19000.0,0.0034010796969250255,0.00037076875569939043,1148.692043135925,3781.708881816422,2137.2170690981716,0.8,8.0,100.0,96,140,3
G4_Onmem_wall,$\mathrm{Hel}_{10}\mathrm{IDP}_{40}$-Mem,Cter_antisymmetric_BB_contact_survival,antisymmetric_nac_bb,Any 1 antisymmetric C-ter BB,chain_pair,all,largest_cluster,20000.0,0.0030114980950930238,0.00041444980864880965,1148.692043135925,3781.708881816422,2137.2170690981716,0.8,8.0,100.0,96,140,3
G4_Onmem_wall,$\mathrm{Hel}_{10}\mathrm{IDP}_{40}$-Mem,Cter_antisymmetric_BB_contact_survival,antisymmetric_nac_bb,Any 1 antisymmetric C-ter BB,chain_pair,all,largest_cluster,21000.0,0.0024899348015562754,0.00033574476293693673,1148.692043135925,3781.708881816422,2137.2170690981716,0.8,8.0,100.0,96,140,3
G4_Onmem_wall,$\mathrm{Hel}_{10}\mathrm{IDP}_{40}$-Mem,Cter_antisymmetric_BB_contact_survival,antisymmetric_nac_bb,Any 1 antisymmetric C-ter BB,chain_pair,all,largest_cluster,22000.0,0.002037827813039559,0.00020959488985859373,1148.692043135925,3781.708881816422,2137.2170690981716,0.8,8.0,100.0,96,140,3
G4_Onmem_wall,$\mathrm{Hel}_{10}\mathrm{IDP}_{40}$-Mem,Cter_antisymmetric_BB_contact_survival,antisymmetric_nac_bb,Any 1 antisymmetric C-ter BB,chain_pair,all,largest_cluster,23000.0,0.00180552520553016,0.00021213418972541688,1148.692043135925,3781.708881816422,2137.2170690981716,0.8,8.0,100.0,96,140,3
G4_Onmem_wall,$\mathrm{Hel}_{10}\mathrm{IDP}_{40}$-Mem,Cter_antisymmetric_BB_contact_survival,antisymmetric_nac_bb,Any 1 antisymmetric C-ter BB,chain_pair,all,largest_cluster,24000.0,0.0015750815236910984,0.00017848550310304632,1148.692043135925,3781.708881816422,2137.2170690981716,0.8,8.0,100.0,96,140,3
G4_Onmem_wall,$\mathrm{Hel}_{10}\mathrm{IDP}_{40}$-Mem,Cter_antisymmetric_BB_contact_survival,antisymmetric_nac_bb,Any 1 antisymmetric C-ter BB,chain_pair,all,largest_cluster,25000.0,0.0015548562137382236,0.0001936056036156622,1148.692043135925,3781.708881816422,2137.2170690981716,0.8,8.0,100.0,96,140,3
G4_Onmem_wall,$\mathrm{Hel}_{10}\mathrm{IDP}_{40}$-Mem,Cter_antisymmetric_BB_contact_survival,antisymmetric_nac_bb,Any 1 antisymmetric C-ter BB,chain_pair,all,largest_cluster,26000.0,0.0014167492376578814,0.00022935270953821033,1148.692043135925,3781.708881816422,2137.2170690981716,0.8,8.0,100.0,96,140,3
G4_Onmem_wall,$\mathrm{Hel}_{10}\mathrm{IDP}_{40}$-Mem,Cter_antisymmetric_BB_contact_survival,antisymmetric_nac_bb,Any 1 antisymmetric C-ter BB,chain_pair,all,largest_cluster,27000.0,0.001171399896281817,0.00015824518146082125,1148.692043135925,3781.708881816422,2137.2170690981716,0.8,8.0,100.0,96,140,3
G4_Onmem_wall,$\mathrm{Hel}_{10}\mathrm{IDP}_{40}$-Mem,Cter_antisymmetric_BB_contact_survival,antisymmetric_nac_bb,Any 1 antisymmetric C-ter BB,chain_pair,all,largest_cluster,28000.0,0.0009859208508046547,3.1494266148088195e-05,1148.692043135925,3781.708881816422,2137.2170690981716,0.8,8.0,100.0,96,140,3
G4_Onmem_wall,$\mathrm{Hel}_{10}\mathrm{IDP}_{40}$-Mem,Cter_antisymmetric_BB_contact_survival,antisymmetric_nac_bb,Any 1 antisymmetric C-ter BB,chain_pair,all,largest_cluster,29000.0,0.0009111448953687501,4.534743248724864e-05,1148.692043135925,3781.708881816422,2137.2170690981716,0.8,8.0,100.0,96,140,3
G4_Onmem_wall,$\mathrm{Hel}_{10}\mathrm{IDP}_{40}$-Mem,Cter_antisymmetric_BB_contact_survival,antisymmetric_nac_bb,Any 1 antisymmetric C-ter BB,chain_pair,all,largest_cluster,30000.0,0.0007536182432952557,0.00018227567700906952,1148.692043135925,3781.708881816422,2137.2170690981716,0.8,8.0,100.0,96,140,3
G4_Onmem_wall,$\mathrm{Hel}_{10}\mathrm{IDP}_{40}$-Mem,Cter_antisymmetric_BB_contact_survival,antisymmetric_nac_bb,Any 1 antisymmetric C-ter BB,chain_pair,all,largest_cluster,31000.0,0.0007333929333423807,0.00018060993100674254,1148.692043135925,3781.708881816422,2137.2170690981716,0.8,8.0,100.0,96,140,3
G4_Onmem_wall,$\mathrm{Hel}_{10}\mathrm{IDP}_{40}$-Mem,Cter_antisymmetric_BB_contact_survival,antisymmetric_nac_bb,Any 1 antisymmetric C-ter BB,chain_pair,all,largest_cluster,32000.0,0.0006841619382752234,0.00014552817734346123,1148.692043135925,3781.708881816422,2137.2170690981716,0.8,8.0,100.0,96,140,3
G4_Onmem_wall,$\mathrm{Hel}_{10}\mathrm{IDP}_{40}$-Mem,Cter_antisymmetric_BB_contact_survival,antisymmetric_nac_bb,Any 1 antisymmetric C-ter BB,chain_pair,all,largest_cluster,33000.0,0.0006147056332551909,0.0001197898838670603,1148.692043135925,3781.708881816422,2137.2170690981716,0.8,8.0,100.0,96,140,3
G4_Onmem_wall,$\mathrm{Hel}_{10}\mathrm{IDP}_{40}$-Mem,Cter_antisymmetric_BB_contact_survival,antisymmetric_nac_bb,Any 1 antisymmetric C-ter BB,chain_pair,all,largest_cluster,34000.0,0.0005513746126107537,0.00011609770189171768,1148.692043135925,3781.708881816422,2137.2170690981716,0.8,8.0,100.0,96,140,3
G4_Onmem_wall,$\mathrm{Hel}_{10}\mathrm{IDP}_{40}$-Mem,Cter_antisymmetric_BB_contact_survival,antisymmetric_nac_bb,Any 1 antisymmetric C-ter BB,chain_pair,all,largest_cluster,35000.0,0.00046781828201344146,0.00012318210943920924,1148.692043135925,3781.708881816422,2137.2170690981716,0.8,8.0,100.0,96,140,3
G4_Onmem_wall,$\mathrm{Hel}_{10}\mathrm{IDP}_{40}$-Mem,Cter_antisymmetric_BB_contact_survival,antisymmetric_nac_bb,Any 1 antisymmetric C-ter BB,chain_pair,all,largest_cluster,36000.0,0.0004132676365304116,0.00016479188529341842,1148.692043135925,3781.708881816422,2137.2170690981716,0.8,8.0,100.0,96,140,3
G4_Onmem_wall,$\mathrm{Hel}_{10}\mathrm{IDP}_{40}$-Mem,Cter_antisymmetric_BB_contact_survival,antisymmetric_nac_bb,Any 1 antisymmetric C-ter BB,chain_pair,all,largest_cluster,37000.0,0.0003350309563489718,9.576824338296658e-05,1148.692043135925,3781.708881816422,2137.2170690981716,0.8,8.0,100.0,96,140,3
G4_Onmem_wall,$\mathrm{Hel}_{10}\mathrm{IDP}_{40}$-Mem,Cter_antisymmetric_BB_contact_survival,antisymmetric_nac_bb,Any 1 antisymmetric C-ter BB,chain_pair,all,largest_cluster,38000.0,0.0003148056463960968,9.389152667379461e-05,1148.692043135925,3781.708881816422,2137.2170690981716,0.8,8.0,100.0,96,140,3
G4_Onmem_wall,$\mathrm{Hel}_{10}\mathrm{IDP}_{40}$-Mem,Cter_antisymmetric_BB_contact_survival,antisymmetric_nac_bb,Any 1 antisymmetric C-ter BB,chain_pair,all,largest_cluster,39000.0,0.0003148056463960968,9.389152667379461e-05,1148.692043135925,3781.708881816422,2137.2170690981716,0.8,8.0,100.0,96,140,3
G4_Onmem_wall,$\mathrm{Hel}_{10}\mathrm{IDP}_{40}$-Mem,Cter_antisymmetric_BB_contact_survival,antisymmetric_nac_bb,Any 1 antisymmetric C-ter BB,chain_pair,all,largest_cluster,40000.0,0.0002743550264903467,0.0001140723516649315,1148.692043135925,3781.708881816422,2137.2170690981716,0.8,8.0,100.0,96,140,3
G4_Onmem_wall,$\mathrm{Hel}_{10}\mathrm{IDP}_{40}$-Mem,Cter_antisymmetric_BB_contact_survival,antisymmetric_nac_bb,Any 1 antisymmetric C-ter BB,chain_pair,all,largest_cluster,41000.0,0.00024002969096019187,0.00014165052594015327,1148.692043135925,3781.708881816422,2137.2170690981716,0.8,8.0,100.0,96,140,3
G4_Onmem_wall,$\mathrm{Hel}_{10}\mathrm{IDP}_{40}$-Mem,Cter_antisymmetric_BB_contact_survival,antisymmetric_nac_bb,Any 1 antisymmetric C-ter BB,chain_pair,all,largest_cluster,42000.0,0.00024002969096019187,0.00014165052594015327,1148.692043135925,3781.708881816422,2137.2170690981716,0.8,8.0,100.0,96,140,3
G4_Onmem_wall,$\mathrm{Hel}_{10}\mathrm{IDP}_{40}$-Mem,Cter_antisymmetric_BB_contact_survival,antisymmetric_nac_bb,Any 1 antisymmetric C-ter BB,chain_pair,all,largest_cluster,43000.0,0.00021102400584590948,0.00010213759952481959,1148.692043135925,3781.708881816422,2137.2170690981716,0.8,8.0,100.0,96,140,3
G4_Onmem_wall,$\mathrm{Hel}_{10}\mathrm{IDP}_{40}$-Mem,Cter_antisymmetric_BB_contact_survival,antisymmetric_nac_bb,Any 1 antisymmetric C-ter BB,chain_pair,all,largest_cluster,44000.0,0.00021102400584590948,0.00010213759952481959,1148.692043135925,3781.708881816422,2137.2170690981716,0.8,8.0,100.0,96,140,3
G4_Onmem_wall,$\mathrm{Hel}_{10}\mathrm{IDP}_{40}$-Mem,Cter_antisymmetric_BB_contact_survival,antisymmetric_nac_bb,Any 1 antisymmetric C-ter BB,chain_pair,all,largest_cluster,45000.0,0.00021102400584590948,0.00010213759952481959,1148.692043135925,3781.708881816422,2137.2170690981716,0.8,8.0,100.0,96,140,3
G4_Onmem_wall,$\mathrm{Hel}_{10}\mathrm{IDP}_{40}$-Mem,Cter_antisymmetric_BB_contact_survival,antisymmetric_nac_bb,Any 1 antisymmetric C-ter BB,chain_pair,all,largest_cluster,46000.0,0.00019079869589303447,0.00011145909781222995,1148.692043135925,3781.708881816422,2137.2170690981716,0.8,8.0,100.0,96,140,3
G4_Onmem_wall,$\mathrm{Hel}_{10}\mathrm{IDP}_{40}$-Mem,Cter_antisymmetric_BB_contact_survival,antisymmetric_nac_bb,Any 1 antisymmetric C-ter BB,chain_pair,all,largest_cluster,47000.0,0.00016179301077875205,7.058590053841154e-05,1148.692043135925,3781.708881816422,2137.2170690981716,0.8,8.0,100.0,96,140,3
G4_Onmem_wall,$\mathrm{Hel}_{10}\mathrm{IDP}_{40}$-Mem,Cter_antisymmetric_BB_contact_survival,antisymmetric_nac_bb,Any 1 antisymmetric C-ter BB,chain_pair,all,largest_cluster,48000.0,0.00016179301077875205,7.058590053841154e-05,1148.692043135925,3781.708881816422,2137.2170690981716,0.8,8.0,100.0,96,140,3
G4_Onmem_wall,$\mathrm{Hel}_{10}\mathrm{IDP}_{40}$-Mem,Cter_antisymmetric_BB_contact_survival,antisymmetric_nac_bb,Any 1 antisymmetric C-ter BB,chain_pair,all,largest_cluster,49000.0,0.00016179301077875205,7.058590053841154e-05,1148.692043135925,3781.708881816422,2137.2170690981716,0.8,8.0,100.0,96,140,3
G4_Onmem_wall,$\mathrm{Hel}_{10}\mathrm{IDP}_{40}$-Mem,Cter_antisymmetric_BB_contact_survival,antisymmetric_nac_bb,Any 1 antisymmetric C-ter BB,chain_pair,all,largest_cluster,50000.0,0.00016179301077875205,7.058590053841154e-05,1148.692043135925,3781.708881816422,2137.2170690981716,0.8,8.0,100.0,96,140,3
G4_Onmem_wall,$\mathrm{Hel}_{10}\mathrm{IDP}_{40}$-Mem,Cter_antisymmetric_BB_contact_survival,antisymmetric_nac_bb,Any 1 antisymmetric C-ter BB,chain_pair,all,largest_cluster,51000.0,0.00016179301077875205,7.058590053841154e-05,1148.692043135925,3781.708881816422,2137.2170690981716,0.8,8.0,100.0,96,140,3
G4_Onmem_wall,$\mathrm{Hel}_{10}\mathrm{IDP}_{40}$-Mem,Cter_antisymmetric_BB_contact_survival,antisymmetric_nac_bb,Any 1 antisymmetric C-ter BB,chain_pair,all,largest_cluster,52000.0,0.00014156770082587704,8.623436270036494e-05,1148.692043135925,3781.708881816422,2137.2170690981716,0.8,8.0,100.0,96,140,3
G4_Onmem_wall,$\mathrm{Hel}_{10}\mathrm{IDP}_{40}$-Mem,Cter_antisymmetric_BB_contact_survival,antisymmetric_nac_bb,Any 1 antisymmetric C-ter BB,chain_pair,all,largest_cluster,53000.0,0.00014156770082587704,8.623436270036494e-05,1148.692043135925,3781.708881816422,2137.2170690981716,0.8,8.0,100.0,96,140,3
G4_Onmem_wall,$\mathrm{Hel}_{10}\mathrm{IDP}_{40}$-Mem,Cter_antisymmetric_BB_contact_survival,antisymmetric_nac_bb,Any 1 antisymmetric C-ter BB,chain_pair,all,largest_cluster,54000.0,0.00014156770082587704,8.623436270036494e-05,1148.692043135925,3781.708881816422,2137.2170690981716,0.8,8.0,100.0,96,140,3
G4_Onmem_wall,$\mathrm{Hel}_{10}\mathrm{IDP}_{40}$-Mem,Cter_antisymmetric_BB_contact_survival,antisymmetric_nac_bb,Any 1 antisymmetric C-ter BB,chain_pair,all,largest_cluster,55000.0,0.00011256201571159465,4.677205695896095e-05,1148.692043135925,3781.708881816422,2137.2170690981716,0.8,8.0,100.0,96,140,3
G4_Onmem_wall,$\mathrm{Hel}_{10}\mathrm{IDP}_{40}$-Mem,Cter_antisymmetric_BB_contact_survival,antisymmetric_nac_bb,Any 1 antisymmetric C-ter BB,chain_pair,all,largest_cluster,56000.0,7.823668018143983e-05,7.21260604056782e-05,1148.692043135925,3781.708881816422,2137.2170690981716,0.8,8.0,100.0,96,140,3
G4_Onmem_wall,$\mathrm{Hel}_{10}\mathrm{IDP}_{40}$-Mem,Cter_antisymmetric_BB_contact_survival,antisymmetric_nac_bb,Any 1 antisymmetric C-ter BB,chain_pair,all,largest_cluster,57000.0,4.923099506715743e-05,3.643470762355352e-05,1148.692043135925,3781.708881816422,2137.2170690981716,0.8,8.0,100.0,96,140,3
G4_Onmem_wall,$\mathrm{Hel}_{10}\mathrm{IDP}_{40}$-Mem,Cter_antisymmetric_BB_contact_survival,antisymmetric_nac_bb,Any 1 antisymmetric C-ter BB,chain_pair,all,largest_cluster,58000.0,4.923099506715743e-05,3.643470762355352e-05,1148.692043135925,3781.708881816422,2137.2170690981716,0.8,8.0,100.0,96,140,3
G4_Onmem_wall,$\mathrm{Hel}_{10}\mathrm{IDP}_{40}$-Mem,Cter_antisymmetric_BB_contact_survival,antisymmetric_nac_bb,Any 1 antisymmetric C-ter BB,chain_pair,all,largest_cluster,59000.0,4.923099506715743e-05,3.643470762355352e-05,1148.692043135925,3781.708881816422,2137.2170690981716,0.8,8.0,100.0,96,140,3
G4_Onmem_wall,$\mathrm{Hel}_{10}\mathrm{IDP}_{40}$-Mem,Cter_antisymmetric_BB_contact_survival,antisymmetric_nac_bb,Any 1 antisymmetric C-ter BB,chain_pair,all,largest_cluster,60000.0,4.923099506715743e-05,3.643470762355352e-05,1148.692043135925,3781.708881816422,2137.2170690981716,0.8,8.0,100.0,96,140,3
G4_Onmem_wall,$\mathrm{Hel}_{10}\mathrm{IDP}_{40}$-Mem,Cter_antisymmetric_BB_contact_survival,antisymmetric_nac_bb,Any 1 antisymmetric C-ter BB,chain_pair,all,largest_cluster,61000.0,4.923099506715743e-05,3.643470762355352e-05,1148.692043135925,3781.708881816422,2137.2170690981716,0.8,8.0,100.0,96,140,3
G4_Onmem_wall,$\mathrm{Hel}_{10}\mathrm{IDP}_{40}$-Mem,Cter_antisymmetric_BB_contact_survival,antisymmetric_nac_bb,Any 1 antisymmetric C-ter BB,chain_pair,all,largest_cluster,62000.0,4.923099506715743e-05,3.643470762355352e-05,1148.692043135925,3781.708881816422,2137.2170690981716,0.8,8.0,100.0,96,140,3
G4_Onmem_wall,$\mathrm{Hel}_{10}\mathrm{IDP}_{40}$-Mem,Cter_antisymmetric_BB_contact_survival,antisymmetric_nac_bb,Any 1 antisymmetric C-ter BB,chain_pair,all,largest_cluster,63000.0,4.923099506715743e-05,3.643470762355352e-05,1148.692043135925,3781.708881816422,2137.2170690981716,0.8,8.0,100.0,96,140,3
G4_Onmem_wall,$\mathrm{Hel}_{10}\mathrm{IDP}_{40}$-Mem,Cter_antisymmetric_BB_contact_survival,antisymmetric_nac_bb,Any 1 antisymmetric C-ter BB,chain_pair,all,largest_cluster,64000.0,4.923099506715743e-05,3.643470762355352e-05,1148.692043135925,3781.708881816422,2137.2170690981716,0.8,8.0,100.0,96,140,3
G4_Onmem_wall,$\mathrm{Hel}_{10}\mathrm{IDP}_{40}$-Mem,Cter_antisymmetric_BB_contact_survival,antisymmetric_nac_bb,Any 1 antisymmetric C-ter BB,chain_pair,all,largest_cluster,65000.0,4.923099506715743e-05,3.643470762355352e-05,1148.692043135925,3781.708881816422,2137.2170690981716,0.8,8.0,100.0,96,140,3
G4_Onmem_wall,$\mathrm{Hel}_{10}\mathrm{IDP}_{40}$-Mem,Cter_antisymmetric_BB_contact_survival,antisymmetric_nac_bb,Any 1 antisymmetric C-ter BB,chain_pair,all,largest_cluster,66000.0,4.923099506715743e-05,3.643470762355352e-05,1148.692043135925,3781.708881816422,2137.2170690981716,0.8,8.0,100.0,96,140,3
G4_Onmem_wall,$\mathrm{Hel}_{10}\mathrm{IDP}_{40}$-Mem,Cter_antisymmetric_BB_contact_survival,antisymmetric_nac_bb,Any 1 antisymmetric C-ter BB,chain_pair,all,largest_cluster,67000.0,4.923099506715743e-05,3.643470762355352e-05,1148.692043135925,3781.708881816422,2137.2170690981716,0.8,8.0,100.0,96,140,3
G4_Onmem_wall,$\mathrm{Hel}_{10}\mathrm{IDP}_{40}$-Mem,Cter_antisymmetric_BB_contact_survival,antisymmetric_nac_bb,Any 1 antisymmetric C-ter BB,chain_pair,all,largest_cluster,68000.0,4.923099506715743e-05,3.643470762355352e-05,1148.692043135925,3781.708881816422,2137.2170690981716,0.8,8.0,100.0,96,140,3
G4_Onmem_wall,$\mathrm{Hel}_{10}\mathrm{IDP}_{40}$-Mem,Cter_antisymmetric_BB_contact_survival,antisymmetric_nac_bb,Any 1 antisymmetric C-ter BB,chain_pair,all,largest_cluster,69000.0,4.923099506715743e-05,3.643470762355352e-05,1148.692043135925,3781.708881816422,2137.2170690981716,0.8,8.0,100.0,96,140,3
G4_Onmem_wall,$\mathrm{Hel}_{10}\mathrm{IDP}_{40}$-Mem,Cter_antisymmetric_BB_contact_survival,antisymmetric_nac_bb,Any 1 antisymmetric C-ter BB,chain_pair,all,largest_cluster,70000.0,4.923099506715743e-05,3.643470762355352e-05,1148.692043135925,3781.708881816422,2137.2170690981716,0.8,8.0,100.0,96,140,3
G4_Onmem_wall,$\mathrm{Hel}_{10}\mathrm{IDP}_{40}$-Mem,Cter_antisymmetric_BB_contact_survival,antisymmetric_nac_bb,Any 1 antisymmetric C-ter BB,chain_pair,all,largest_cluster,71000.0,4.923099506715743e-05,3.643470762355352e-05,1148.692043135925,3781.708881816422,2137.2170690981716,0.8,8.0,100.0,96,140,3
G4_Onmem_wall,$\mathrm{Hel}_{10}\mathrm{IDP}_{40}$-Mem,Cter_antisymmetric_BB_contact_survival,antisymmetric_nac_bb,Any 1 antisymmetric C-ter BB,chain_pair,all,largest_cluster,72000.0,4.923099506715743e-05,3.643470762355352e-05,1148.692043135925,3781.708881816422,2137.2170690981716,0.8,8.0,100.0,96,140,3
G4_Onmem_wall,$\mathrm{Hel}_{10}\mathrm{IDP}_{40}$-Mem,Cter_antisymmetric_BB_contact_survival,antisymmetric_nac_bb,Any 1 antisymmetric C-ter BB,chain_pair,all,largest_cluster,73000.0,4.923099506715743e-05,3.643470762355352e-05,1148.692043135925,3781.708881816422,2137.2170690981716,0.8,8.0,100.0,96,140,3
G4_Onmem_wall,$\mathrm{Hel}_{10}\mathrm{IDP}_{40}$-Mem,Cter_antisymmetric_BB_contact_survival,antisymmetric_nac_bb,Any 1 antisymmetric C-ter BB,chain_pair,all,largest_cluster,74000.0,4.923099506715743e-05,3.643470762355352e-05,1148.692043135925,3781.708881816422,2137.2170690981716,0.8,8.0,100.0,96,140,3
G4_Onmem_wall,$\mathrm{Hel}_{10}\mathrm{IDP}_{40}$-Mem,Cter_antisymmetric_BB_contact_survival,antisymmetric_nac_bb,Any 1 antisymmetric C-ter BB,chain_pair,all,largest_cluster,75000.0,2.022530995287503e-05,2.860290763855541e-05,1148.692043135925,3781.708881816422,2137.2170690981716,0.8,8.0,100.0,96,140,3
G4_Onmem_wall,$\mathrm{Hel}_{10}\mathrm{IDP}_{40}$-Mem,Cter_antisymmetric_BB_contact_survival,antisymmetric_nac_bb,Any 1 antisymmetric C-ter BB,chain_pair,all,largest_cluster,76000.0,2.022530995287503e-05,2.860290763855541e-05,1148.692043135925,3781.708881816422,2137.2170690981716,0.8,8.0,100.0,96,140,3
G4_Onmem_wall,$\mathrm{Hel}_{10}\mathrm{IDP}_{40}$-Mem,Cter_antisymmetric_BB_contact_survival,antisymmetric_nac_bb,Any 1 antisymmetric C-ter BB,chain_pair,all,largest_cluster,77000.0,2.022530995287503e-05,2.860290763855541e-05,1148.692043135925,3781.708881816422,2137.2170690981716,0.8,8.0,100.0,96,140,3
G4_Onmem_wall,$\mathrm{Hel}_{10}\mathrm{IDP}_{40}$-Mem,Cter_antisymmetric_BB_contact_survival,antisymmetric_nac_bb,Any 1 antisymmetric C-ter BB,chain_pair,all,largest_cluster,78000.0,2.022530995287503e-05,2.860290763855541e-05,1148.692043135925,3781.708881816422,2137.2170690981716,0.8,8.0,100.0,96,140,3
G4_Onmem_wall,$\mathrm{Hel}_{10}\mathrm{IDP}_{40}$-Mem,Cter_antisymmetric_BB_contact_survival,antisymmetric_nac_bb,Any 1 antisymmetric C-ter BB,chain_pair,all,largest_cluster,79000.0,2.022530995287503e-05,2.860290763855541e-05,1148.692043135925,3781.708881816422,2137.2170690981716,0.8,8.0,100.0,96,140,3
G4_Onmem_wall,$\mathrm{Hel}_{10}\mathrm{IDP}_{40}$-Mem,Cter_antisymmetric_BB_contact_survival,antisymmetric_nac_bb,Any 1 antisymmetric C-ter BB,chain_pair,all,largest_cluster,80000.0,2.022530995287503e-05,2.860290763855541e-05,1148.692043135925,3781.708881816422,2137.2170690981716,0.8,8.0,100.0,96,140,3
G4_Onmem_wall,$\mathrm{Hel}_{10}\mathrm{IDP}_{40}$-Mem,Cter_antisymmetric_BB_contact_survival,antisymmetric_nac_bb,Any 1 antisymmetric C-ter BB,chain_pair,all,largest_cluster,81000.0,2.022530995287503e-05,2.860290763855541e-05,1148.692043135925,3781.708881816422,2137.2170690981716,0.8,8.0,100.0,96,140,3
G4_Onmem_wall,$\mathrm{Hel}_{10}\mathrm{IDP}_{40}$-Mem,Cter_antisymmetric_BB_contact_survival,antisymmetric_nac_bb,Any 1 antisymmetric C-ter BB,chain_pair,all,largest_cluster,82000.0,2.022530995287503e-05,2.860290763855541e-05,1148.692043135925,3781.708881816422,2137.2170690981716,0.8,8.0,100.0,96,140,3
G4_Onmem_wall,$\mathrm{Hel}_{10}\mathrm{IDP}_{40}$-Mem,Cter_antisymmetric_BB_contact_survival,antisymmetric_nac_bb,Any 1 antisymmetric C-ter BB,chain_pair,all,largest_cluster,83000.0,2.022530995287503e-05,2.860290763855541e-05,1148.692043135925,3781.708881816422,2137.2170690981716,0.8,8.0,100.0,96,140,3
