group,replicate,variant,contact,pair_type,lifetime_frames,count,event_status
G4_Onmem_wall,2,banded_sym_w4,one,all,1,10153,persistent_chain
G4_Onmem_wall,2,banded_sym_w4,one,all,2,3889,persistent_chain
G4_Onmem_wall,2,banded_sym_w4,one,all,3,2008,persistent_chain
G4_Onmem_wall,2,banded_sym_w4,one,all,4,1168,persistent_chain
G4_Onmem_wall,2,banded_sym_w4,one,all,5,769,persistent_chain
G4_Onmem_wall,2,banded_sym_w4,one,all,6,512,persistent_chain
G4_Onmem_wall,2,banded_sym_w4,one,all,7,339,persistent_chain
G4_Onmem_wall,2,banded_sym_w4,one,all,8,252,persistent_chain
G4_Onmem_wall,2,banded_sym_w4,one,all,9,202,persistent_chain
G4_Onmem_wall,2,banded_sym_w4,one,all,10,145,persistent_chain
G4_Onmem_wall,2,banded_sym_w4,one,all,11,130,persistent_chain
G4_Onmem_wall,2,banded_sym_w4,one,all,12,98,persistent_chain
G4_Onmem_wall,2,banded_sym_w4,one,all,13,78,persistent_chain
G4_Onmem_wall,2,banded_sym_w4,one,all,14,86,persistent_chain
G4_Onmem_wall,2,banded_sym_w4,one,all,15,61,persistent_chain
G4_Onmem_wall,2,banded_sym_w4,one,all,16,32,persistent_chain
G4_Onmem_wall,2,banded_sym_w4,one,all,17,33,persistent_chain
G4_Onmem_wall,2,banded_sym_w4,one,all,18,28,persistent_chain
G4_Onmem_wall,2,banded_sym_w4,one,all,19,21,persistent_chain
G4_Onmem_wall,2,banded_sym_w4,one,all,20,21,persistent_chain
G4_Onmem_wall,2,banded_sym_w4,one,all,21,17,persistent_chain
G4_Onmem_wall,2,banded_sym_w4,one,all,22,16,persistent_chain
G4_Onmem_wall,2,banded_sym_w4,one,all,23,12,persistent_chain
G4_Onmem_wall,2,banded_sym_w4,one,all,24,11,persistent_chain
G4_Onmem_wall,2,banded_sym_w4,one,all,25,12,persistent_chain
G4_Onmem_wall,2,banded_sym_w4,one,all,26,10,persistent_chain
G4_Onmem_wall,2,banded_sym_w4,one,all,27,6,persistent_chain
G4_Onmem_wall,2,banded_sym_w4,one,all,28,7,persistent_chain
G4_Onmem_wall,2,banded_sym_w4,one,all,29,4,persistent_chain
G4_Onmem_wall,2,banded_sym_w4,one,all,30,10,persistent_chain
G4_Onmem_wall,2,banded_sym_w4,one,all,31,6,persistent_chain
G4_Onmem_wall,2,banded_sym_w4,one,all,32,3,persistent_chain
G4_Onmem_wall,2,banded_sym_w4,one,all,33,1,persistent_chain
G4_Onmem_wall,2,banded_sym_w4,one,all,34,2,persistent_chain
G4_Onmem_wall,2,banded_sym_w4,one,all,35,3,persistent_chain
G4_Onmem_wall,2,banded_sym_w4,one,all,36,3,persistent_chain
G4_Onmem_wall,2,banded_sym_w4,one,all,37,1,persistent_chain
G4_Onmem_wall,2,banded_sym_w4,one,all,38,1,persistent_chain
G4_Onmem_wall,2,banded_sym_w4,one,all,39,1,persistent_chain
G4_Onmem_wall,2,banded_sym_w4,one,all,41,3,persistent_chain
G4_Onmem_wall,2,banded_sym_w4,one,all,42,1,persistent_chain
G4_Onmem_wall,2,banded_sym_w4,one,all,44,1,persistent_chain
G4_Onmem_wall,2,banded_sym_w4,one,all,46,3,persistent_chain
G4_Onmem_wall,2,banded_sym_w4,one,all,47,3,persistent_chain
G4_Onmem_wall,2,banded_sym_w4,one,all,48,2,persistent_chain
G4_Onmem_wall,2,banded_sym_w4,one,all,49,2,persistent_chain
G4_Onmem_wall,2,banded_sym_w4,one,all,50,2,persistent_chain
G4_Onmem_wall,2,banded_sym_w4,one,all,55,1,persistent_chain
G4_Onmem_wall,2,banded_sym_w4,one,all,57,1,persistent_chain
G4_Onmem_wall,2,banded_sym_w4,one,all,58,1,persistent_chain
G4_Onmem_wall,2,banded_sym_w4,one,all,63,1,persistent_chain
G4_Onmem_wall,2,banded_sym_w4,one,all,66,1,persistent_chain
G4_Onmem_wall,2,banded_sym_w4,one,all,80,1,persistent_chain
G4_Onmem_wall,2,banded_sym_w4,one,all,81,1,persistent_chain
G4_Onmem_wall,2,banded_sym_w4,one,all,100,1,persistent_chain
G4_Onmem_wall,2,banded_sym_w4,one,all,124,1,persistent_chain
G4_Onmem_wall,2,banded_sym_w4,one,all,267,1,persistent_chain
G4_Onmem_wall,2,banded_sym_w4,one,all,428,1,persistent_chain
G4_Onmem_wall,2,banded_sym_w4,one,Hel-Hel,1,34,persistent_chain
G4_Onmem_wall,2,banded_sym_w4,one,Hel-Hel,2,12,persistent_chain
G4_Onmem_wall,2,banded_sym_w4,one,Hel-Hel,3,9,persistent_chain
G4_Onmem_wall,2,banded_sym_w4,one,Hel-Hel,4,1,persistent_chain
G4_Onmem_wall,2,banded_sym_w4,one,Hel-Hel,5,4,persistent_chain
G4_Onmem_wall,2,banded_sym_w4,one,Hel-Hel,6,2,persistent_chain
G4_Onmem_wall,2,banded_sym_w4,one,Hel-Hel,7,2,persistent_chain
G4_Onmem_wall,2,banded_sym_w4,one,Hel-Hel,9,3,persistent_chain
G4_Onmem_wall,2,banded_sym_w4,one,Hel-Hel,11,1,persistent_chain
G4_Onmem_wall,2,banded_sym_w4,one,Hel-Hel,12,1,persistent_chain
G4_Onmem_wall,2,banded_sym_w4,one,Hel-Hel,20,1,persistent_chain
G4_Onmem_wall,2,banded_sym_w4,one,Hel-Hel,24,1,persistent_chain
G4_Onmem_wall,2,banded_sym_w4,one,Hel-Hel,28,1,persistent_chain
G4_Onmem_wall,2,banded_sym_w4,one,Hel-Hel,31,1,persistent_chain
G4_Onmem_wall,2,banded_sym_w4,one,Hel-Hel,36,1,persistent_chain
G4_Onmem_wall,2,banded_sym_w4,one,Hel-Hel,48,1,persistent_chain
G4_Onmem_wall,2,banded_sym_w4,one,Hel-Hel,55,1,persistent_chain
G4_Onmem_wall,2,banded_sym_w4,one,Hel-Hel,66,1,persistent_chain
G4_Onmem_wall,2,banded_sym_w4,one,Hel-Hel,80,1,persistent_chain
G4_Onmem_wall,2,banded_sym_w4,one,Hel-Hel,100,1,persistent_chain
G4_Onmem_wall,2,banded_sym_w4,one,Hel-Hel,124,1,persistent_chain
G4_Onmem_wall,2,banded_sym_w4,one,Hel-Hel,267,1,persistent_chain
G4_Onmem_wall,2,banded_sym_w4,one,Hel-Hel,428,1,persistent_chain
G4_Onmem_wall,2,banded_sym_w4,one,Hel-IDP,1,626,persistent_chain
G4_Onmem_wall,2,banded_sym_w4,one,Hel-IDP,2,204,persistent_chain
G4_Onmem_wall,2,banded_sym_w4,one,Hel-IDP,3,150,persistent_chain
G4_Onmem_wall,2,banded_sym_w4,one,Hel-IDP,4,66,persistent_chain
G4_Onmem_wall,2,banded_sym_w4,one,Hel-IDP,5,47,persistent_chain
G4_Onmem_wall,2,banded_sym_w4,one,Hel-IDP,6,31,persistent_chain
G4_Onmem_wall,2,banded_sym_w4,one,Hel-IDP,7,14,persistent_chain
G4_Onmem_wall,2,banded_sym_w4,one,Hel-IDP,8,18,persistent_chain
G4_Onmem_wall,2,banded_sym_w4,one,Hel-IDP,9,16,persistent_chain
G4_Onmem_wall,2,banded_sym_w4,one,Hel-IDP,10,12,persistent_chain
G4_Onmem_wall,2,banded_sym_w4,one,Hel-IDP,11,11,persistent_chain
G4_Onmem_wall,2,banded_sym_w4,one,Hel-IDP,12,14,persistent_chain
G4_Onmem_wall,2,banded_sym_w4,one,Hel-IDP,13,6,persistent_chain
G4_Onmem_wall,2,banded_sym_w4,one,Hel-IDP,14,6,persistent_chain
G4_Onmem_wall,2,banded_sym_w4,one,Hel-IDP,15,4,persistent_chain
G4_Onmem_wall,2,banded_sym_w4,one,Hel-IDP,16,2,persistent_chain
G4_Onmem_wall,2,banded_sym_w4,one,Hel-IDP,17,6,persistent_chain
G4_Onmem_wall,2,banded_sym_w4,one,Hel-IDP,18,2,persistent_chain
G4_Onmem_wall,2,banded_sym_w4,one,Hel-IDP,19,1,persistent_chain
G4_Onmem_wall,2,banded_sym_w4,one,Hel-IDP,21,1,persistent_chain
G4_Onmem_wall,2,banded_sym_w4,one,Hel-IDP,22,1,persistent_chain
G4_Onmem_wall,2,banded_sym_w4,one,Hel-IDP,23,1,persistent_chain
G4_Onmem_wall,2,banded_sym_w4,one,Hel-IDP,24,2,persistent_chain
G4_Onmem_wall,2,banded_sym_w4,one,Hel-IDP,26,2,persistent_chain
G4_Onmem_wall,2,banded_sym_w4,one,Hel-IDP,28,1,persistent_chain
G4_Onmem_wall,2,banded_sym_w4,one,Hel-IDP,29,2,persistent_chain
G4_Onmem_wall,2,banded_sym_w4,one,Hel-IDP,30,3,persistent_chain
G4_Onmem_wall,2,banded_sym_w4,one,Hel-IDP,34,1,persistent_chain
G4_Onmem_wall,2,banded_sym_w4,one,Hel-IDP,35,1,persistent_chain
G4_Onmem_wall,2,banded_sym_w4,one,Hel-IDP,38,1,persistent_chain
G4_Onmem_wall,2,banded_sym_w4,one,Hel-IDP,46,1,persistent_chain
G4_Onmem_wall,2,banded_sym_w4,one,IDP-IDP,1,9493,persistent_chain
G4_Onmem_wall,2,banded_sym_w4,one,IDP-IDP,2,3673,persistent_chain
G4_Onmem_wall,2,banded_sym_w4,one,IDP-IDP,3,1849,persistent_chain
G4_Onmem_wall,2,banded_sym_w4,one,IDP-IDP,4,1101,persistent_chain
G4_Onmem_wall,2,banded_sym_w4,one,IDP-IDP,5,718,persistent_chain
G4_Onmem_wall,2,banded_sym_w4,one,IDP-IDP,6,479,persistent_chain
G4_Onmem_wall,2,banded_sym_w4,one,IDP-IDP,7,323,persistent_chain
G4_Onmem_wall,2,banded_sym_w4,one,IDP-IDP,8,234,persistent_chain
G4_Onmem_wall,2,banded_sym_w4,one,IDP-IDP,9,183,persistent_chain
G4_Onmem_wall,2,banded_sym_w4,one,IDP-IDP,10,133,persistent_chain
G4_Onmem_wall,2,banded_sym_w4,one,IDP-IDP,11,118,persistent_chain
G4_Onmem_wall,2,banded_sym_w4,one,IDP-IDP,12,83,persistent_chain
G4_Onmem_wall,2,banded_sym_w4,one,IDP-IDP,13,72,persistent_chain
G4_Onmem_wall,2,banded_sym_w4,one,IDP-IDP,14,80,persistent_chain
G4_Onmem_wall,2,banded_sym_w4,one,IDP-IDP,15,57,persistent_chain
G4_Onmem_wall,2,banded_sym_w4,one,IDP-IDP,16,30,persistent_chain
G4_Onmem_wall,2,banded_sym_w4,one,IDP-IDP,17,27,persistent_chain
G4_Onmem_wall,2,banded_sym_w4,one,IDP-IDP,18,26,persistent_chain
G4_Onmem_wall,2,banded_sym_w4,one,IDP-IDP,19,20,persistent_chain
G4_Onmem_wall,2,banded_sym_w4,one,IDP-IDP,20,20,persistent_chain
G4_Onmem_wall,2,banded_sym_w4,one,IDP-IDP,21,16,persistent_chain
G4_Onmem_wall,2,banded_sym_w4,one,IDP-IDP,22,15,persistent_chain
G4_Onmem_wall,2,banded_sym_w4,one,IDP-IDP,23,11,persistent_chain
G4_Onmem_wall,2,banded_sym_w4,one,IDP-IDP,24,8,persistent_chain
G4_Onmem_wall,2,banded_sym_w4,one,IDP-IDP,25,12,persistent_chain
G4_Onmem_wall,2,banded_sym_w4,one,IDP-IDP,26,8,persistent_chain
G4_Onmem_wall,2,banded_sym_w4,one,IDP-IDP,27,6,persistent_chain
G4_Onmem_wall,2,banded_sym_w4,one,IDP-IDP,28,5,persistent_chain
G4_Onmem_wall,2,banded_sym_w4,one,IDP-IDP,29,2,persistent_chain
G4_Onmem_wall,2,banded_sym_w4,one,IDP-IDP,30,7,persistent_chain
G4_Onmem_wall,2,banded_sym_w4,one,IDP-IDP,31,5,persistent_chain
G4_Onmem_wall,2,banded_sym_w4,one,IDP-IDP,32,3,persistent_chain
G4_Onmem_wall,2,banded_sym_w4,one,IDP-IDP,33,1,persistent_chain
G4_Onmem_wall,2,banded_sym_w4,one,IDP-IDP,34,1,persistent_chain
G4_Onmem_wall,2,banded_sym_w4,one,IDP-IDP,35,2,persistent_chain
G4_Onmem_wall,2,banded_sym_w4,one,IDP-IDP,36,2,persistent_chain
G4_Onmem_wall,2,banded_sym_w4,one,IDP-IDP,37,1,persistent_chain
G4_Onmem_wall,2,banded_sym_w4,one,IDP-IDP,39,1,persistent_chain
G4_Onmem_wall,2,banded_sym_w4,one,IDP-IDP,41,3,persistent_chain
G4_Onmem_wall,2,banded_sym_w4,one,IDP-IDP,42,1,persistent_chain
G4_Onmem_wall,2,banded_sym_w4,one,IDP-IDP,44,1,persistent_chain
G4_Onmem_wall,2,banded_sym_w4,one,IDP-IDP,46,2,persistent_chain
G4_Onmem_wall,2,banded_sym_w4,one,IDP-IDP,47,3,persistent_chain
G4_Onmem_wall,2,banded_sym_w4,one,IDP-IDP,48,1,persistent_chain
G4_Onmem_wall,2,banded_sym_w4,one,IDP-IDP,49,2,persistent_chain
G4_Onmem_wall,2,banded_sym_w4,one,IDP-IDP,50,2,persistent_chain
G4_Onmem_wall,2,banded_sym_w4,one,IDP-IDP,57,1,persistent_chain
G4_Onmem_wall,2,banded_sym_w4,one,IDP-IDP,58,1,persistent_chain
G4_Onmem_wall,2,banded_sym_w4,one,IDP-IDP,63,1,persistent_chain
G4_Onmem_wall,2,banded_sym_w4,one,IDP-IDP,81,1,persistent_chain
G4_Onmem_wall,2,banded_sym_w4,three,all,1,7565,persistent_chain
G4_Onmem_wall,2,banded_sym_w4,three,all,2,2467,persistent_chain
G4_Onmem_wall,2,banded_sym_w4,three,all,3,1165,persistent_chain
G4_Onmem_wall,2,banded_sym_w4,three,all,4,571,persistent_chain
G4_Onmem_wall,2,banded_sym_w4,three,all,5,374,persistent_chain
G4_Onmem_wall,2,banded_sym_w4,three,all,6,227,persistent_chain
G4_Onmem_wall,2,banded_sym_w4,three,all,7,135,persistent_chain
G4_Onmem_wall,2,banded_sym_w4,three,all,8,91,persistent_chain
G4_Onmem_wall,2,banded_sym_w4,three,all,9,65,persistent_chain
G4_Onmem_wall,2,banded_sym_w4,three,all,10,56,persistent_chain
G4_Onmem_wall,2,banded_sym_w4,three,all,11,33,persistent_chain
G4_Onmem_wall,2,banded_sym_w4,three,all,12,26,persistent_chain
G4_Onmem_wall,2,banded_sym_w4,three,all,13,24,persistent_chain
G4_Onmem_wall,2,banded_sym_w4,three,all,14,19,persistent_chain
G4_Onmem_wall,2,banded_sym_w4,three,all,15,11,persistent_chain
G4_Onmem_wall,2,banded_sym_w4,three,all,16,12,persistent_chain
G4_Onmem_wall,2,banded_sym_w4,three,all,17,6,persistent_chain
G4_Onmem_wall,2,banded_sym_w4,three,all,18,2,persistent_chain
G4_Onmem_wall,2,banded_sym_w4,three,all,19,6,persistent_chain
G4_Onmem_wall,2,banded_sym_w4,three,all,20,3,persistent_chain
G4_Onmem_wall,2,banded_sym_w4,three,all,21,5,persistent_chain
G4_Onmem_wall,2,banded_sym_w4,three,all,22,4,persistent_chain
G4_Onmem_wall,2,banded_sym_w4,three,all,23,7,persistent_chain
G4_Onmem_wall,2,banded_sym_w4,three,all,24,3,persistent_chain
G4_Onmem_wall,2,banded_sym_w4,three,all,25,3,persistent_chain
G4_Onmem_wall,2,banded_sym_w4,three,all,26,2,persistent_chain
G4_Onmem_wall,2,banded_sym_w4,three,all,27,2,persistent_chain
G4_Onmem_wall,2,banded_sym_w4,three,all,28,2,persistent_chain
G4_Onmem_wall,2,banded_sym_w4,three,all,29,4,persistent_chain
G4_Onmem_wall,2,banded_sym_w4,three,all,30,1,persistent_chain
G4_Onmem_wall,2,banded_sym_w4,three,all,32,1,persistent_chain
G4_Onmem_wall,2,banded_sym_w4,three,all,35,2,persistent_chain
G4_Onmem_wall,2,banded_sym_w4,three,all,41,1,persistent_chain
G4_Onmem_wall,2,banded_sym_w4,three,all,46,1,persistent_chain
G4_Onmem_wall,2,banded_sym_w4,three,all,47,1,persistent_chain
G4_Onmem_wall,2,banded_sym_w4,three,all,55,1,persistent_chain
G4_Onmem_wall,2,banded_sym_w4,three,all,84,1,persistent_chain
G4_Onmem_wall,2,banded_sym_w4,three,all,181,1,persistent_chain
G4_Onmem_wall,2,banded_sym_w4,three,Hel-Hel,1,78,persistent_chain
G4_Onmem_wall,2,banded_sym_w4,three,Hel-Hel,2,19,persistent_chain
G4_Onmem_wall,2,banded_sym_w4,three,Hel-Hel,3,9,persistent_chain
G4_Onmem_wall,2,banded_sym_w4,three,Hel-Hel,4,7,persistent_chain
G4_Onmem_wall,2,banded_sym_w4,three,Hel-Hel,5,3,persistent_chain
G4_Onmem_wall,2,banded_sym_w4,three,Hel-Hel,6,4,persistent_chain
G4_Onmem_wall,2,banded_sym_w4,three,Hel-Hel,8,4,persistent_chain
G4_Onmem_wall,2,banded_sym_w4,three,Hel-Hel,9,1,persistent_chain
G4_Onmem_wall,2,banded_sym_w4,three,Hel-Hel,12,3,persistent_chain
G4_Onmem_wall,2,banded_sym_w4,three,Hel-Hel,17,1,persistent_chain
G4_Onmem_wall,2,banded_sym_w4,three,Hel-Hel,18,1,persistent_chain
G4_Onmem_wall,2,banded_sym_w4,three,Hel-Hel,21,1,persistent_chain
G4_Onmem_wall,2,banded_sym_w4,three,Hel-Hel,25,2,persistent_chain
G4_Onmem_wall,2,banded_sym_w4,three,Hel-Hel,26,1,persistent_chain
G4_Onmem_wall,2,banded_sym_w4,three,Hel-Hel,29,3,persistent_chain
G4_Onmem_wall,2,banded_sym_w4,three,Hel-Hel,47,1,persistent_chain
G4_Onmem_wall,2,banded_sym_w4,three,Hel-Hel,84,1,persistent_chain
G4_Onmem_wall,2,banded_sym_w4,three,Hel-Hel,181,1,persistent_chain
G4_Onmem_wall,2,banded_sym_w4,three,Hel-IDP,1,406,persistent_chain
G4_Onmem_wall,2,banded_sym_w4,three,Hel-IDP,2,149,persistent_chain
G4_Onmem_wall,2,banded_sym_w4,three,Hel-IDP,3,52,persistent_chain
G4_Onmem_wall,2,banded_sym_w4,three,Hel-IDP,4,23,persistent_chain
G4_Onmem_wall,2,banded_sym_w4,three,Hel-IDP,5,17,persistent_chain
G4_Onmem_wall,2,banded_sym_w4,three,Hel-IDP,6,15,persistent_chain
G4_Onmem_wall,2,banded_sym_w4,three,Hel-IDP,7,12,persistent_chain
G4_Onmem_wall,2,banded_sym_w4,three,Hel-IDP,8,5,persistent_chain
G4_Onmem_wall,2,banded_sym_w4,three,Hel-IDP,9,2,persistent_chain
G4_Onmem_wall,2,banded_sym_w4,three,Hel-IDP,10,8,persistent_chain
G4_Onmem_wall,2,banded_sym_w4,three,Hel-IDP,11,5,persistent_chain
G4_Onmem_wall,2,banded_sym_w4,three,Hel-IDP,12,4,persistent_chain
G4_Onmem_wall,2,banded_sym_w4,three,Hel-IDP,13,2,persistent_chain
G4_Onmem_wall,2,banded_sym_w4,three,Hel-IDP,14,1,persistent_chain
G4_Onmem_wall,2,banded_sym_w4,three,Hel-IDP,15,2,persistent_chain
G4_Onmem_wall,2,banded_sym_w4,three,Hel-IDP,17,1,persistent_chain
G4_Onmem_wall,2,banded_sym_w4,three,Hel-IDP,22,2,persistent_chain
G4_Onmem_wall,2,banded_sym_w4,three,Hel-IDP,24,1,persistent_chain
G4_Onmem_wall,2,banded_sym_w4,three,IDP-IDP,1,7081,persistent_chain
G4_Onmem_wall,2,banded_sym_w4,three,IDP-IDP,2,2299,persistent_chain
G4_Onmem_wall,2,banded_sym_w4,three,IDP-IDP,3,1104,persistent_chain
G4_Onmem_wall,2,banded_sym_w4,three,IDP-IDP,4,541,persistent_chain
G4_Onmem_wall,2,banded_sym_w4,three,IDP-IDP,5,354,persistent_chain
G4_Onmem_wall,2,banded_sym_w4,three,IDP-IDP,6,208,persistent_chain
G4_Onmem_wall,2,banded_sym_w4,three,IDP-IDP,7,123,persistent_chain
G4_Onmem_wall,2,banded_sym_w4,three,IDP-IDP,8,82,persistent_chain
G4_Onmem_wall,2,banded_sym_w4,three,IDP-IDP,9,62,persistent_chain
G4_Onmem_wall,2,banded_sym_w4,three,IDP-IDP,10,48,persistent_chain
G4_Onmem_wall,2,banded_sym_w4,three,IDP-IDP,11,28,persistent_chain
G4_Onmem_wall,2,banded_sym_w4,three,IDP-IDP,12,19,persistent_chain
G4_Onmem_wall,2,banded_sym_w4,three,IDP-IDP,13,22,persistent_chain
G4_Onmem_wall,2,banded_sym_w4,three,IDP-IDP,14,18,persistent_chain
G4_Onmem_wall,2,banded_sym_w4,three,IDP-IDP,15,9,persistent_chain
G4_Onmem_wall,2,banded_sym_w4,three,IDP-IDP,16,12,persistent_chain
G4_Onmem_wall,2,banded_sym_w4,three,IDP-IDP,17,4,persistent_chain
G4_Onmem_wall,2,banded_sym_w4,three,IDP-IDP,18,1,persistent_chain
G4_Onmem_wall,2,banded_sym_w4,three,IDP-IDP,19,6,persistent_chain
G4_Onmem_wall,2,banded_sym_w4,three,IDP-IDP,20,3,persistent_chain
G4_Onmem_wall,2,banded_sym_w4,three,IDP-IDP,21,4,persistent_chain
G4_Onmem_wall,2,banded_sym_w4,three,IDP-IDP,22,2,persistent_chain
G4_Onmem_wall,2,banded_sym_w4,three,IDP-IDP,23,7,persistent_chain
G4_Onmem_wall,2,banded_sym_w4,three,IDP-IDP,24,2,persistent_chain
G4_Onmem_wall,2,banded_sym_w4,three,IDP-IDP,25,1,persistent_chain
G4_Onmem_wall,2,banded_sym_w4,three,IDP-IDP,26,1,persistent_chain
G4_Onmem_wall,2,banded_sym_w4,three,IDP-IDP,27,2,persistent_chain
G4_Onmem_wall,2,banded_sym_w4,three,IDP-IDP,28,2,persistent_chain
G4_Onmem_wall,2,banded_sym_w4,three,IDP-IDP,29,1,persistent_chain
G4_Onmem_wall,2,banded_sym_w4,three,IDP-IDP,30,1,persistent_chain
G4_Onmem_wall,2,banded_sym_w4,three,IDP-IDP,32,1,persistent_chain
G4_Onmem_wall,2,banded_sym_w4,three,IDP-IDP,35,2,persistent_chain
G4_Onmem_wall,2,banded_sym_w4,three,IDP-IDP,41,1,persistent_chain
G4_Onmem_wall,2,banded_sym_w4,three,IDP-IDP,46,1,persistent_chain
G4_Onmem_wall,2,banded_sym_w4,three,IDP-IDP,55,1,persistent_chain
G4_Onmem_wall,2,banded_sym_w4,triplet,all,1,5153,persistent_chain
G4_Onmem_wall,2,banded_sym_w4,triplet,all,2,1385,persistent_chain
G4_Onmem_wall,2,banded_sym_w4,triplet,all,3,590,persistent_chain
G4_Onmem_wall,2,banded_sym_w4,triplet,all,4,259,persistent_chain
G4_Onmem_wall,2,banded_sym_w4,triplet,all,5,166,persistent_chain
G4_Onmem_wall,2,banded_sym_w4,triplet,all,6,93,persistent_chain
G4_Onmem_wall,2,banded_sym_w4,triplet,all,7,42,persistent_chain
G4_Onmem_wall,2,banded_sym_w4,triplet,all,8,32,persistent_chain
G4_Onmem_wall,2,banded_sym_w4,triplet,all,9,22,persistent_chain
G4_Onmem_wall,2,banded_sym_w4,triplet,all,10,16,persistent_chain
G4_Onmem_wall,2,banded_sym_w4,triplet,all,11,14,persistent_chain
G4_Onmem_wall,2,banded_sym_w4,triplet,all,12,5,persistent_chain
G4_Onmem_wall,2,banded_sym_w4,triplet,all,13,5,persistent_chain
G4_Onmem_wall,2,banded_sym_w4,triplet,all,14,2,persistent_chain
G4_Onmem_wall,2,banded_sym_w4,triplet,all,15,2,persistent_chain
G4_Onmem_wall,2,banded_sym_w4,triplet,all,16,4,persistent_chain
G4_Onmem_wall,2,banded_sym_w4,triplet,all,17,1,persistent_chain
G4_Onmem_wall,2,banded_sym_w4,triplet,all,18,1,persistent_chain
G4_Onmem_wall,2,banded_sym_w4,triplet,all,19,2,persistent_chain
G4_Onmem_wall,2,banded_sym_w4,triplet,all,21,1,persistent_chain
G4_Onmem_wall,2,banded_sym_w4,triplet,all,22,1,persistent_chain
G4_Onmem_wall,2,banded_sym_w4,triplet,all,25,2,persistent_chain
G4_Onmem_wall,2,banded_sym_w4,triplet,all,26,2,persistent_chain
G4_Onmem_wall,2,banded_sym_w4,triplet,all,27,1,persistent_chain
G4_Onmem_wall,2,banded_sym_w4,triplet,all,35,1,persistent_chain
G4_Onmem_wall,2,banded_sym_w4,triplet,Hel-Hel,1,10,persistent_chain
G4_Onmem_wall,2,banded_sym_w4,triplet,Hel-Hel,2,2,persistent_chain
G4_Onmem_wall,2,banded_sym_w4,triplet,Hel-Hel,5,2,persistent_chain
G4_Onmem_wall,2,banded_sym_w4,triplet,Hel-IDP,1,206,persistent_chain
G4_Onmem_wall,2,banded_sym_w4,triplet,Hel-IDP,2,55,persistent_chain
G4_Onmem_wall,2,banded_sym_w4,triplet,Hel-IDP,3,27,persistent_chain
G4_Onmem_wall,2,banded_sym_w4,triplet,Hel-IDP,4,13,persistent_chain
G4_Onmem_wall,2,banded_sym_w4,triplet,Hel-IDP,5,12,persistent_chain
G4_Onmem_wall,2,banded_sym_w4,triplet,Hel-IDP,6,4,persistent_chain
G4_Onmem_wall,2,banded_sym_w4,triplet,Hel-IDP,7,5,persistent_chain
G4_Onmem_wall,2,banded_sym_w4,triplet,Hel-IDP,8,1,persistent_chain
G4_Onmem_wall,2,banded_sym_w4,triplet,Hel-IDP,10,3,persistent_chain
G4_Onmem_wall,2,banded_sym_w4,triplet,Hel-IDP,11,2,persistent_chain
G4_Onmem_wall,2,banded_sym_w4,triplet,IDP-IDP,1,4937,persistent_chain
G4_Onmem_wall,2,banded_sym_w4,triplet,IDP-IDP,2,1328,persistent_chain
G4_Onmem_wall,2,banded_sym_w4,triplet,IDP-IDP,3,563,persistent_chain
G4_Onmem_wall,2,banded_sym_w4,triplet,IDP-IDP,4,246,persistent_chain
G4_Onmem_wall,2,banded_sym_w4,triplet,IDP-IDP,5,152,persistent_chain
G4_Onmem_wall,2,banded_sym_w4,triplet,IDP-IDP,6,89,persistent_chain
G4_Onmem_wall,2,banded_sym_w4,triplet,IDP-IDP,7,37,persistent_chain
G4_Onmem_wall,2,banded_sym_w4,triplet,IDP-IDP,8,31,persistent_chain
G4_Onmem_wall,2,banded_sym_w4,triplet,IDP-IDP,9,22,persistent_chain
G4_Onmem_wall,2,banded_sym_w4,triplet,IDP-IDP,10,13,persistent_chain
G4_Onmem_wall,2,banded_sym_w4,triplet,IDP-IDP,11,12,persistent_chain
G4_Onmem_wall,2,banded_sym_w4,triplet,IDP-IDP,12,5,persistent_chain
G4_Onmem_wall,2,banded_sym_w4,triplet,IDP-IDP,13,5,persistent_chain
G4_Onmem_wall,2,banded_sym_w4,triplet,IDP-IDP,14,2,persistent_chain
G4_Onmem_wall,2,banded_sym_w4,triplet,IDP-IDP,15,2,persistent_chain
G4_Onmem_wall,2,banded_sym_w4,triplet,IDP-IDP,16,4,persistent_chain
G4_Onmem_wall,2,banded_sym_w4,triplet,IDP-IDP,17,1,persistent_chain
G4_Onmem_wall,2,banded_sym_w4,triplet,IDP-IDP,18,1,persistent_chain
G4_Onmem_wall,2,banded_sym_w4,triplet,IDP-IDP,19,2,persistent_chain
G4_Onmem_wall,2,banded_sym_w4,triplet,IDP-IDP,21,1,persistent_chain
G4_Onmem_wall,2,banded_sym_w4,triplet,IDP-IDP,22,1,persistent_chain
G4_Onmem_wall,2,banded_sym_w4,triplet,IDP-IDP,25,2,persistent_chain
G4_Onmem_wall,2,banded_sym_w4,triplet,IDP-IDP,26,2,persistent_chain
G4_Onmem_wall,2,banded_sym_w4,triplet,IDP-IDP,27,1,persistent_chain
G4_Onmem_wall,2,banded_sym_w4,triplet,IDP-IDP,35,1,persistent_chain
G4_Onmem_wall,2,banded_sym_w6,one,all,1,11174,persistent_chain
G4_Onmem_wall,2,banded_sym_w6,one,all,2,4511,persistent_chain
G4_Onmem_wall,2,banded_sym_w6,one,all,3,2286,persistent_chain
G4_Onmem_wall,2,banded_sym_w6,one,all,4,1426,persistent_chain
G4_Onmem_wall,2,banded_sym_w6,one,all,5,922,persistent_chain
G4_Onmem_wall,2,banded_sym_w6,one,all,6,660,persistent_chain
G4_Onmem_wall,2,banded_sym_w6,one,all,7,449,persistent_chain
G4_Onmem_wall,2,banded_sym_w6,one,all,8,337,persistent_chain
G4_Onmem_wall,2,banded_sym_w6,one,all,9,250,persistent_chain
G4_Onmem_wall,2,banded_sym_w6,one,all,10,215,persistent_chain
G4_Onmem_wall,2,banded_sym_w6,one,all,11,153,persistent_chain
G4_Onmem_wall,2,banded_sym_w6,one,all,12,125,persistent_chain
G4_Onmem_wall,2,banded_sym_w6,one,all,13,108,persistent_chain
G4_Onmem_wall,2,banded_sym_w6,one,all,14,95,persistent_chain
G4_Onmem_wall,2,banded_sym_w6,one,all,15,83,persistent_chain
G4_Onmem_wall,2,banded_sym_w6,one,all,16,69,persistent_chain
G4_Onmem_wall,2,banded_sym_w6,one,all,17,50,persistent_chain
G4_Onmem_wall,2,banded_sym_w6,one,all,18,39,persistent_chain
G4_Onmem_wall,2,banded_sym_w6,one,all,19,46,persistent_chain
G4_Onmem_wall,2,banded_sym_w6,one,all,20,35,persistent_chain
G4_Onmem_wall,2,banded_sym_w6,one,all,21,25,persistent_chain
G4_Onmem_wall,2,banded_sym_w6,one,all,22,30,persistent_chain
G4_Onmem_wall,2,banded_sym_w6,one,all,23,17,persistent_chain
G4_Onmem_wall,2,banded_sym_w6,one,all,24,17,persistent_chain
G4_Onmem_wall,2,banded_sym_w6,one,all,25,19,persistent_chain
G4_Onmem_wall,2,banded_sym_w6,one,all,26,15,persistent_chain
G4_Onmem_wall,2,banded_sym_w6,one,all,27,11,persistent_chain
G4_Onmem_wall,2,banded_sym_w6,one,all,28,9,persistent_chain
G4_Onmem_wall,2,banded_sym_w6,one,all,29,10,persistent_chain
G4_Onmem_wall,2,banded_sym_w6,one,all,30,9,persistent_chain
G4_Onmem_wall,2,banded_sym_w6,one,all,31,9,persistent_chain
G4_Onmem_wall,2,banded_sym_w6,one,all,32,4,persistent_chain
G4_Onmem_wall,2,banded_sym_w6,one,all,33,9,persistent_chain
G4_Onmem_wall,2,banded_sym_w6,one,all,34,5,persistent_chain
G4_Onmem_wall,2,banded_sym_w6,one,all,35,7,persistent_chain
G4_Onmem_wall,2,banded_sym_w6,one,all,36,4,persistent_chain
G4_Onmem_wall,2,banded_sym_w6,one,all,37,5,persistent_chain
G4_Onmem_wall,2,banded_sym_w6,one,all,38,3,persistent_chain
G4_Onmem_wall,2,banded_sym_w6,one,all,39,4,persistent_chain
G4_Onmem_wall,2,banded_sym_w6,one,all,40,4,persistent_chain
G4_Onmem_wall,2,banded_sym_w6,one,all,41,2,persistent_chain
G4_Onmem_wall,2,banded_sym_w6,one,all,42,1,persistent_chain
G4_Onmem_wall,2,banded_sym_w6,one,all,43,4,persistent_chain
G4_Onmem_wall,2,banded_sym_w6,one,all,44,2,persistent_chain
G4_Onmem_wall,2,banded_sym_w6,one,all,46,2,persistent_chain
G4_Onmem_wall,2,banded_sym_w6,one,all,47,3,persistent_chain
G4_Onmem_wall,2,banded_sym_w6,one,all,48,1,persistent_chain
G4_Onmem_wall,2,banded_sym_w6,one,all,49,3,persistent_chain
G4_Onmem_wall,2,banded_sym_w6,one,all,50,1,persistent_chain
G4_Onmem_wall,2,banded_sym_w6,one,all,51,2,persistent_chain
G4_Onmem_wall,2,banded_sym_w6,one,all,53,1,persistent_chain
G4_Onmem_wall,2,banded_sym_w6,one,all,54,3,persistent_chain
G4_Onmem_wall,2,banded_sym_w6,one,all,55,1,persistent_chain
G4_Onmem_wall,2,banded_sym_w6,one,all,56,1,persistent_chain
G4_Onmem_wall,2,banded_sym_w6,one,all,57,2,persistent_chain
G4_Onmem_wall,2,banded_sym_w6,one,all,59,3,persistent_chain
G4_Onmem_wall,2,banded_sym_w6,one,all,61,1,persistent_chain
G4_Onmem_wall,2,banded_sym_w6,one,all,62,1,persistent_chain
G4_Onmem_wall,2,banded_sym_w6,one,all,63,1,persistent_chain
G4_Onmem_wall,2,banded_sym_w6,one,all,66,2,persistent_chain
G4_Onmem_wall,2,banded_sym_w6,one,all,69,1,persistent_chain
G4_Onmem_wall,2,banded_sym_w6,one,all,75,1,persistent_chain
G4_Onmem_wall,2,banded_sym_w6,one,all,78,1,persistent_chain
G4_Onmem_wall,2,banded_sym_w6,one,all,80,1,persistent_chain
G4_Onmem_wall,2,banded_sym_w6,one,all,81,1,persistent_chain
G4_Onmem_wall,2,banded_sym_w6,one,all,82,1,persistent_chain
G4_Onmem_wall,2,banded_sym_w6,one,all,107,1,persistent_chain
G4_Onmem_wall,2,banded_sym_w6,one,all,124,1,persistent_chain
G4_Onmem_wall,2,banded_sym_w6,one,all,267,1,persistent_chain
G4_Onmem_wall,2,banded_sym_w6,one,all,428,1,persistent_chain
G4_Onmem_wall,2,banded_sym_w6,one,Hel-Hel,1,35,persistent_chain
G4_Onmem_wall,2,banded_sym_w6,one,Hel-Hel,2,13,persistent_chain
G4_Onmem_wall,2,banded_sym_w6,one,Hel-Hel,3,8,persistent_chain
G4_Onmem_wall,2,banded_sym_w6,one,Hel-Hel,4,5,persistent_chain
G4_Onmem_wall,2,banded_sym_w6,one,Hel-Hel,5,4,persistent_chain
G4_Onmem_wall,2,banded_sym_w6,one,Hel-Hel,6,1,persistent_chain
G4_Onmem_wall,2,banded_sym_w6,one,Hel-Hel,7,2,persistent_chain
G4_Onmem_wall,2,banded_sym_w6,one,Hel-Hel,9,2,persistent_chain
G4_Onmem_wall,2,banded_sym_w6,one,Hel-Hel,10,1,persistent_chain
G4_Onmem_wall,2,banded_sym_w6,one,Hel-Hel,11,1,persistent_chain
G4_Onmem_wall,2,banded_sym_w6,one,Hel-Hel,12,1,persistent_chain
G4_Onmem_wall,2,banded_sym_w6,one,Hel-Hel,13,1,persistent_chain
G4_Onmem_wall,2,banded_sym_w6,one,Hel-Hel,20,1,persistent_chain
G4_Onmem_wall,2,banded_sym_w6,one,Hel-Hel,24,1,persistent_chain
G4_Onmem_wall,2,banded_sym_w6,one,Hel-Hel,28,1,persistent_chain
G4_Onmem_wall,2,banded_sym_w6,one,Hel-Hel,31,1,persistent_chain
G4_Onmem_wall,2,banded_sym_w6,one,Hel-Hel,36,1,persistent_chain
G4_Onmem_wall,2,banded_sym_w6,one,Hel-Hel,50,1,persistent_chain
G4_Onmem_wall,2,banded_sym_w6,one,Hel-Hel,55,1,persistent_chain
G4_Onmem_wall,2,banded_sym_w6,one,Hel-Hel,66,1,persistent_chain
G4_Onmem_wall,2,banded_sym_w6,one,Hel-Hel,80,1,persistent_chain
G4_Onmem_wall,2,banded_sym_w6,one,Hel-Hel,107,1,persistent_chain
G4_Onmem_wall,2,banded_sym_w6,one,Hel-Hel,124,1,persistent_chain
G4_Onmem_wall,2,banded_sym_w6,one,Hel-Hel,267,1,persistent_chain
G4_Onmem_wall,2,banded_sym_w6,one,Hel-Hel,428,1,persistent_chain
G4_Onmem_wall,2,banded_sym_w6,one,Hel-IDP,1,682,persistent_chain
G4_Onmem_wall,2,banded_sym_w6,one,Hel-IDP,2,252,persistent_chain
G4_Onmem_wall,2,banded_sym_w6,one,Hel-IDP,3,140,persistent_chain
G4_Onmem_wall,2,banded_sym_w6,one,Hel-IDP,4,105,persistent_chain
G4_Onmem_wall,2,banded_sym_w6,one,Hel-IDP,5,53,persistent_chain
G4_Onmem_wall,2,banded_sym_w6,one,Hel-IDP,6,43,persistent_chain
G4_Onmem_wall,2,banded_sym_w6,one,Hel-IDP,7,23,persistent_chain
G4_Onmem_wall,2,banded_sym_w6,one,Hel-IDP,8,26,persistent_chain
G4_Onmem_wall,2,banded_sym_w6,one,Hel-IDP,9,20,persistent_chain
G4_Onmem_wall,2,banded_sym_w6,one,Hel-IDP,10,19,persistent_chain
G4_Onmem_wall,2,banded_sym_w6,one,Hel-IDP,11,12,persistent_chain
G4_Onmem_wall,2,banded_sym_w6,one,Hel-IDP,12,14,persistent_chain
G4_Onmem_wall,2,banded_sym_w6,one,Hel-IDP,13,6,persistent_chain
G4_Onmem_wall,2,banded_sym_w6,one,Hel-IDP,14,3,persistent_chain
G4_Onmem_wall,2,banded_sym_w6,one,Hel-IDP,15,7,persistent_chain
G4_Onmem_wall,2,banded_sym_w6,one,Hel-IDP,16,6,persistent_chain
G4_Onmem_wall,2,banded_sym_w6,one,Hel-IDP,17,5,persistent_chain
G4_Onmem_wall,2,banded_sym_w6,one,Hel-IDP,18,4,persistent_chain
G4_Onmem_wall,2,banded_sym_w6,one,Hel-IDP,19,4,persistent_chain
G4_Onmem_wall,2,banded_sym_w6,one,Hel-IDP,20,2,persistent_chain
G4_Onmem_wall,2,banded_sym_w6,one,Hel-IDP,21,3,persistent_chain
G4_Onmem_wall,2,banded_sym_w6,one,Hel-IDP,22,3,persistent_chain
G4_Onmem_wall,2,banded_sym_w6,one,Hel-IDP,24,2,persistent_chain
G4_Onmem_wall,2,banded_sym_w6,one,Hel-IDP,25,1,persistent_chain
G4_Onmem_wall,2,banded_sym_w6,one,Hel-IDP,26,1,persistent_chain
G4_Onmem_wall,2,banded_sym_w6,one,Hel-IDP,27,1,persistent_chain
G4_Onmem_wall,2,banded_sym_w6,one,Hel-IDP,29,1,persistent_chain
G4_Onmem_wall,2,banded_sym_w6,one,Hel-IDP,30,3,persistent_chain
G4_Onmem_wall,2,banded_sym_w6,one,Hel-IDP,31,1,persistent_chain
G4_Onmem_wall,2,banded_sym_w6,one,Hel-IDP,32,1,persistent_chain
G4_Onmem_wall,2,banded_sym_w6,one,Hel-IDP,34,1,persistent_chain
G4_Onmem_wall,2,banded_sym_w6,one,Hel-IDP,35,2,persistent_chain
G4_Onmem_wall,2,banded_sym_w6,one,Hel-IDP,38,1,persistent_chain
G4_Onmem_wall,2,banded_sym_w6,one,Hel-IDP,39,2,persistent_chain
G4_Onmem_wall,2,banded_sym_w6,one,Hel-IDP,43,1,persistent_chain
G4_Onmem_wall,2,banded_sym_w6,one,Hel-IDP,48,1,persistent_chain
G4_Onmem_wall,2,banded_sym_w6,one,Hel-IDP,53,1,persistent_chain
G4_Onmem_wall,2,banded_sym_w6,one,IDP-IDP,1,10457,persistent_chain
G4_Onmem_wall,2,banded_sym_w6,one,IDP-IDP,2,4246,persistent_chain
G4_Onmem_wall,2,banded_sym_w6,one,IDP-IDP,3,2138,persistent_chain
G4_Onmem_wall,2,banded_sym_w6,one,IDP-IDP,4,1316,persistent_chain
G4_Onmem_wall,2,banded_sym_w6,one,IDP-IDP,5,865,persistent_chain
G4_Onmem_wall,2,banded_sym_w6,one,IDP-IDP,6,616,persistent_chain
G4_Onmem_wall,2,banded_sym_w6,one,IDP-IDP,7,424,persistent_chain
G4_Onmem_wall,2,banded_sym_w6,one,IDP-IDP,8,311,persistent_chain
G4_Onmem_wall,2,banded_sym_w6,one,IDP-IDP,9,228,persistent_chain
G4_Onmem_wall,2,banded_sym_w6,one,IDP-IDP,10,195,persistent_chain
G4_Onmem_wall,2,banded_sym_w6,one,IDP-IDP,11,140,persistent_chain
G4_Onmem_wall,2,banded_sym_w6,one,IDP-IDP,12,110,persistent_chain
G4_Onmem_wall,2,banded_sym_w6,one,IDP-IDP,13,101,persistent_chain
G4_Onmem_wall,2,banded_sym_w6,one,IDP-IDP,14,92,persistent_chain
G4_Onmem_wall,2,banded_sym_w6,one,IDP-IDP,15,76,persistent_chain
G4_Onmem_wall,2,banded_sym_w6,one,IDP-IDP,16,63,persistent_chain
G4_Onmem_wall,2,banded_sym_w6,one,IDP-IDP,17,45,persistent_chain
G4_Onmem_wall,2,banded_sym_w6,one,IDP-IDP,18,35,persistent_chain
G4_Onmem_wall,2,banded_sym_w6,one,IDP-IDP,19,42,persistent_chain
G4_Onmem_wall,2,banded_sym_w6,one,IDP-IDP,20,32,persistent_chain
G4_Onmem_wall,2,banded_sym_w6,one,IDP-IDP,21,22,persistent_chain
G4_Onmem_wall,2,banded_sym_w6,one,IDP-IDP,22,27,persistent_chain
G4_Onmem_wall,2,banded_sym_w6,one,IDP-IDP,23,17,persistent_chain
G4_Onmem_wall,2,banded_sym_w6,one,IDP-IDP,24,14,persistent_chain
G4_Onmem_wall,2,banded_sym_w6,one,IDP-IDP,25,18,persistent_chain
G4_Onmem_wall,2,banded_sym_w6,one,IDP-IDP,26,14,persistent_chain
G4_Onmem_wall,2,banded_sym_w6,one,IDP-IDP,27,10,persistent_chain
G4_Onmem_wall,2,banded_sym_w6,one,IDP-IDP,28,8,persistent_chain
G4_Onmem_wall,2,banded_sym_w6,one,IDP-IDP,29,9,persistent_chain
G4_Onmem_wall,2,banded_sym_w6,one,IDP-IDP,30,6,persistent_chain
G4_Onmem_wall,2,banded_sym_w6,one,IDP-IDP,31,7,persistent_chain
G4_Onmem_wall,2,banded_sym_w6,one,IDP-IDP,32,3,persistent_chain
G4_Onmem_wall,2,banded_sym_w6,one,IDP-IDP,33,9,persistent_chain
G4_Onmem_wall,2,banded_sym_w6,one,IDP-IDP,34,4,persistent_chain
G4_Onmem_wall,2,banded_sym_w6,one,IDP-IDP,35,5,persistent_chain
G4_Onmem_wall,2,banded_sym_w6,one,IDP-IDP,36,3,persistent_chain
G4_Onmem_wall,2,banded_sym_w6,one,IDP-IDP,37,5,persistent_chain
G4_Onmem_wall,2,banded_sym_w6,one,IDP-IDP,38,2,persistent_chain
G4_Onmem_wall,2,banded_sym_w6,one,IDP-IDP,39,2,persistent_chain
G4_Onmem_wall,2,banded_sym_w6,one,IDP-IDP,40,4,persistent_chain
G4_Onmem_wall,2,banded_sym_w6,one,IDP-IDP,41,2,persistent_chain
G4_Onmem_wall,2,banded_sym_w6,one,IDP-IDP,42,1,persistent_chain
G4_Onmem_wall,2,banded_sym_w6,one,IDP-IDP,43,3,persistent_chain
G4_Onmem_wall,2,banded_sym_w6,one,IDP-IDP,44,2,persistent_chain
G4_Onmem_wall,2,banded_sym_w6,one,IDP-IDP,46,2,persistent_chain
G4_Onmem_wall,2,banded_sym_w6,one,IDP-IDP,47,3,persistent_chain
G4_Onmem_wall,2,banded_sym_w6,one,IDP-IDP,49,3,persistent_chain
G4_Onmem_wall,2,banded_sym_w6,one,IDP-IDP,51,2,persistent_chain
G4_Onmem_wall,2,banded_sym_w6,one,IDP-IDP,54,3,persistent_chain
G4_Onmem_wall,2,banded_sym_w6,one,IDP-IDP,56,1,persistent_chain
G4_Onmem_wall,2,banded_sym_w6,one,IDP-IDP,57,2,persistent_chain
G4_Onmem_wall,2,banded_sym_w6,one,IDP-IDP,59,3,persistent_chain
G4_Onmem_wall,2,banded_sym_w6,one,IDP-IDP,61,1,persistent_chain
G4_Onmem_wall,2,banded_sym_w6,one,IDP-IDP,62,1,persistent_chain
G4_Onmem_wall,2,banded_sym_w6,one,IDP-IDP,63,1,persistent_chain
G4_Onmem_wall,2,banded_sym_w6,one,IDP-IDP,66,1,persistent_chain
G4_Onmem_wall,2,banded_sym_w6,one,IDP-IDP,69,1,persistent_chain
G4_Onmem_wall,2,banded_sym_w6,one,IDP-IDP,75,1,persistent_chain
G4_Onmem_wall,2,banded_sym_w6,one,IDP-IDP,78,1,persistent_chain
G4_Onmem_wall,2,banded_sym_w6,one,IDP-IDP,81,1,persistent_chain
G4_Onmem_wall,2,banded_sym_w6,one,IDP-IDP,82,1,persistent_chain
G4_Onmem_wall,2,banded_sym_w6,three,all,1,8906,persistent_chain
G4_Onmem_wall,2,banded_sym_w6,three,all,2,3152,persistent_chain
G4_Onmem_wall,2,banded_sym_w6,three,all,3,1504,persistent_chain
G4_Onmem_wall,2,banded_sym_w6,three,all,4,819,persistent_chain
G4_Onmem_wall,2,banded_sym_w6,three,all,5,519,persistent_chain
G4_Onmem_wall,2,banded_sym_w6,three,all,6,366,persistent_chain
G4_Onmem_wall,2,banded_sym_w6,three,all,7,219,persistent_chain
G4_Onmem_wall,2,banded_sym_w6,three,all,8,156,persistent_chain
G4_Onmem_wall,2,banded_sym_w6,three,all,9,110,persistent_chain
G4_Onmem_wall,2,banded_sym_w6,three,all,10,91,persistent_chain
G4_Onmem_wall,2,banded_sym_w6,three,all,11,61,persistent_chain
G4_Onmem_wall,2,banded_sym_w6,three,all,12,45,persistent_chain
G4_Onmem_wall,2,banded_sym_w6,three,all,13,39,persistent_chain
G4_Onmem_wall,2,banded_sym_w6,three,all,14,29,persistent_chain
G4_Onmem_wall,2,banded_sym_w6,three,all,15,26,persistent_chain
G4_Onmem_wall,2,banded_sym_w6,three,all,16,18,persistent_chain
G4_Onmem_wall,2,banded_sym_w6,three,all,17,19,persistent_chain
G4_Onmem_wall,2,banded_sym_w6,three,all,18,10,persistent_chain
G4_Onmem_wall,2,banded_sym_w6,three,all,19,13,persistent_chain
G4_Onmem_wall,2,banded_sym_w6,three,all,20,7,persistent_chain
G4_Onmem_wall,2,banded_sym_w6,three,all,21,6,persistent_chain
G4_Onmem_wall,2,banded_sym_w6,three,all,22,4,persistent_chain
G4_Onmem_wall,2,banded_sym_w6,three,all,23,4,persistent_chain
G4_Onmem_wall,2,banded_sym_w6,three,all,24,7,persistent_chain
G4_Onmem_wall,2,banded_sym_w6,three,all,25,9,persistent_chain
G4_Onmem_wall,2,banded_sym_w6,three,all,26,4,persistent_chain
G4_Onmem_wall,2,banded_sym_w6,three,all,27,4,persistent_chain
G4_Onmem_wall,2,banded_sym_w6,three,all,29,2,persistent_chain
G4_Onmem_wall,2,banded_sym_w6,three,all,30,2,persistent_chain
G4_Onmem_wall,2,banded_sym_w6,three,all,31,3,persistent_chain
G4_Onmem_wall,2,banded_sym_w6,three,all,32,1,persistent_chain
G4_Onmem_wall,2,banded_sym_w6,three,all,33,2,persistent_chain
G4_Onmem_wall,2,banded_sym_w6,three,all,35,2,persistent_chain
G4_Onmem_wall,2,banded_sym_w6,three,all,36,1,persistent_chain
G4_Onmem_wall,2,banded_sym_w6,three,all,37,1,persistent_chain
G4_Onmem_wall,2,banded_sym_w6,three,all,38,1,persistent_chain
G4_Onmem_wall,2,banded_sym_w6,three,all,39,2,persistent_chain
G4_Onmem_wall,2,banded_sym_w6,three,all,40,1,persistent_chain
G4_Onmem_wall,2,banded_sym_w6,three,all,41,1,persistent_chain
G4_Onmem_wall,2,banded_sym_w6,three,all,46,2,persistent_chain
G4_Onmem_wall,2,banded_sym_w6,three,all,47,1,persistent_chain
G4_Onmem_wall,2,banded_sym_w6,three,all,48,2,persistent_chain
G4_Onmem_wall,2,banded_sym_w6,three,all,49,1,persistent_chain
G4_Onmem_wall,2,banded_sym_w6,three,all,55,1,persistent_chain
G4_Onmem_wall,2,banded_sym_w6,three,all,70,1,persistent_chain
G4_Onmem_wall,2,banded_sym_w6,three,all,81,1,persistent_chain
G4_Onmem_wall,2,banded_sym_w6,three,all,86,1,persistent_chain
G4_Onmem_wall,2,banded_sym_w6,three,all,260,1,persistent_chain
G4_Onmem_wall,2,banded_sym_w6,three,Hel-Hel,1,68,persistent_chain
G4_Onmem_wall,2,banded_sym_w6,three,Hel-Hel,2,30,persistent_chain
G4_Onmem_wall,2,banded_sym_w6,three,Hel-Hel,3,12,persistent_chain
G4_Onmem_wall,2,banded_sym_w6,three,Hel-Hel,4,13,persistent_chain
G4_Onmem_wall,2,banded_sym_w6,three,Hel-Hel,5,3,persistent_chain
G4_Onmem_wall,2,banded_sym_w6,three,Hel-Hel,6,4,persistent_chain
G4_Onmem_wall,2,banded_sym_w6,three,Hel-Hel,7,1,persistent_chain
G4_Onmem_wall,2,banded_sym_w6,three,Hel-Hel,8,3,persistent_chain
G4_Onmem_wall,2,banded_sym_w6,three,Hel-Hel,9,1,persistent_chain
G4_Onmem_wall,2,banded_sym_w6,three,Hel-Hel,10,1,persistent_chain
G4_Onmem_wall,2,banded_sym_w6,three,Hel-Hel,11,1,persistent_chain
G4_Onmem_wall,2,banded_sym_w6,three,Hel-Hel,13,2,persistent_chain
G4_Onmem_wall,2,banded_sym_w6,three,Hel-Hel,15,1,persistent_chain
G4_Onmem_wall,2,banded_sym_w6,three,Hel-Hel,17,1,persistent_chain
G4_Onmem_wall,2,banded_sym_w6,three,Hel-Hel,20,2,persistent_chain
G4_Onmem_wall,2,banded_sym_w6,three,Hel-Hel,25,1,persistent_chain
G4_Onmem_wall,2,banded_sym_w6,three,Hel-Hel,26,1,persistent_chain
G4_Onmem_wall,2,banded_sym_w6,three,Hel-Hel,27,1,persistent_chain
G4_Onmem_wall,2,banded_sym_w6,three,Hel-Hel,30,1,persistent_chain
G4_Onmem_wall,2,banded_sym_w6,three,Hel-Hel,36,1,persistent_chain
G4_Onmem_wall,2,banded_sym_w6,three,Hel-Hel,47,1,persistent_chain
G4_Onmem_wall,2,banded_sym_w6,three,Hel-Hel,55,1,persistent_chain
G4_Onmem_wall,2,banded_sym_w6,three,Hel-Hel,70,1,persistent_chain
G4_Onmem_wall,2,banded_sym_w6,three,Hel-Hel,86,1,persistent_chain
G4_Onmem_wall,2,banded_sym_w6,three,Hel-Hel,260,1,persistent_chain
G4_Onmem_wall,2,banded_sym_w6,three,Hel-IDP,1,487,persistent_chain
G4_Onmem_wall,2,banded_sym_w6,three,Hel-IDP,2,158,persistent_chain
G4_Onmem_wall,2,banded_sym_w6,three,Hel-IDP,3,81,persistent_chain
G4_Onmem_wall,2,banded_sym_w6,three,Hel-IDP,4,43,persistent_chain
G4_Onmem_wall,2,banded_sym_w6,three,Hel-IDP,5,32,persistent_chain
G4_Onmem_wall,2,banded_sym_w6,three,Hel-IDP,6,27,persistent_chain
G4_Onmem_wall,2,banded_sym_w6,three,Hel-IDP,7,20,persistent_chain
G4_Onmem_wall,2,banded_sym_w6,three,Hel-IDP,8,14,persistent_chain
G4_Onmem_wall,2,banded_sym_w6,three,Hel-IDP,9,8,persistent_chain
G4_Onmem_wall,2,banded_sym_w6,three,Hel-IDP,10,4,persistent_chain
G4_Onmem_wall,2,banded_sym_w6,three,Hel-IDP,11,7,persistent_chain
G4_Onmem_wall,2,banded_sym_w6,three,Hel-IDP,12,4,persistent_chain
G4_Onmem_wall,2,banded_sym_w6,three,Hel-IDP,13,4,persistent_chain
G4_Onmem_wall,2,banded_sym_w6,three,Hel-IDP,14,1,persistent_chain
G4_Onmem_wall,2,banded_sym_w6,three,Hel-IDP,15,1,persistent_chain
G4_Onmem_wall,2,banded_sym_w6,three,Hel-IDP,17,1,persistent_chain
G4_Onmem_wall,2,banded_sym_w6,three,Hel-IDP,18,1,persistent_chain
G4_Onmem_wall,2,banded_sym_w6,three,Hel-IDP,19,1,persistent_chain
G4_Onmem_wall,2,banded_sym_w6,three,Hel-IDP,20,1,persistent_chain
G4_Onmem_wall,2,banded_sym_w6,three,Hel-IDP,22,1,persistent_chain
G4_Onmem_wall,2,banded_sym_w6,three,Hel-IDP,24,2,persistent_chain
G4_Onmem_wall,2,banded_sym_w6,three,Hel-IDP,25,2,persistent_chain
G4_Onmem_wall,2,banded_sym_w6,three,Hel-IDP,29,1,persistent_chain
G4_Onmem_wall,2,banded_sym_w6,three,Hel-IDP,31,1,persistent_chain
G4_Onmem_wall,2,banded_sym_w6,three,Hel-IDP,35,1,persistent_chain
G4_Onmem_wall,2,banded_sym_w6,three,IDP-IDP,1,8351,persistent_chain
G4_Onmem_wall,2,banded_sym_w6,three,IDP-IDP,2,2964,persistent_chain
G4_Onmem_wall,2,banded_sym_w6,three,IDP-IDP,3,1411,persistent_chain
G4_Onmem_wall,2,banded_sym_w6,three,IDP-IDP,4,763,persistent_chain
G4_Onmem_wall,2,banded_sym_w6,three,IDP-IDP,5,484,persistent_chain
G4_Onmem_wall,2,banded_sym_w6,three,IDP-IDP,6,335,persistent_chain
G4_Onmem_wall,2,banded_sym_w6,three,IDP-IDP,7,198,persistent_chain
G4_Onmem_wall,2,banded_sym_w6,three,IDP-IDP,8,139,persistent_chain
G4_Onmem_wall,2,banded_sym_w6,three,IDP-IDP,9,101,persistent_chain
G4_Onmem_wall,2,banded_sym_w6,three,IDP-IDP,10,86,persistent_chain
G4_Onmem_wall,2,banded_sym_w6,three,IDP-IDP,11,53,persistent_chain
G4_Onmem_wall,2,banded_sym_w6,three,IDP-IDP,12,41,persistent_chain
G4_Onmem_wall,2,banded_sym_w6,three,IDP-IDP,13,33,persistent_chain
G4_Onmem_wall,2,banded_sym_w6,three,IDP-IDP,14,28,persistent_chain
G4_Onmem_wall,2,banded_sym_w6,three,IDP-IDP,15,24,persistent_chain
G4_Onmem_wall,2,banded_sym_w6,three,IDP-IDP,16,18,persistent_chain
G4_Onmem_wall,2,banded_sym_w6,three,IDP-IDP,17,17,persistent_chain
G4_Onmem_wall,2,banded_sym_w6,three,IDP-IDP,18,9,persistent_chain
G4_Onmem_wall,2,banded_sym_w6,three,IDP-IDP,19,12,persistent_chain
G4_Onmem_wall,2,banded_sym_w6,three,IDP-IDP,20,4,persistent_chain
G4_Onmem_wall,2,banded_sym_w6,three,IDP-IDP,21,6,persistent_chain
G4_Onmem_wall,2,banded_sym_w6,three,IDP-IDP,22,3,persistent_chain
G4_Onmem_wall,2,banded_sym_w6,three,IDP-IDP,23,4,persistent_chain
G4_Onmem_wall,2,banded_sym_w6,three,IDP-IDP,24,5,persistent_chain
G4_Onmem_wall,2,banded_sym_w6,three,IDP-IDP,25,6,persistent_chain
G4_Onmem_wall,2,banded_sym_w6,three,IDP-IDP,26,3,persistent_chain
G4_Onmem_wall,2,banded_sym_w6,three,IDP-IDP,27,3,persistent_chain
G4_Onmem_wall,2,banded_sym_w6,three,IDP-IDP,29,1,persistent_chain
G4_Onmem_wall,2,banded_sym_w6,three,IDP-IDP,30,1,persistent_chain
G4_Onmem_wall,2,banded_sym_w6,three,IDP-IDP,31,2,persistent_chain
G4_Onmem_wall,2,banded_sym_w6,three,IDP-IDP,32,1,persistent_chain
G4_Onmem_wall,2,banded_sym_w6,three,IDP-IDP,33,2,persistent_chain
G4_Onmem_wall,2,banded_sym_w6,three,IDP-IDP,35,1,persistent_chain
G4_Onmem_wall,2,banded_sym_w6,three,IDP-IDP,37,1,persistent_chain
G4_Onmem_wall,2,banded_sym_w6,three,IDP-IDP,38,1,persistent_chain
G4_Onmem_wall,2,banded_sym_w6,three,IDP-IDP,39,2,persistent_chain
G4_Onmem_wall,2,banded_sym_w6,three,IDP-IDP,40,1,persistent_chain
G4_Onmem_wall,2,banded_sym_w6,three,IDP-IDP,41,1,persistent_chain
G4_Onmem_wall,2,banded_sym_w6,three,IDP-IDP,46,2,persistent_chain
G4_Onmem_wall,2,banded_sym_w6,three,IDP-IDP,48,2,persistent_chain
G4_Onmem_wall,2,banded_sym_w6,three,IDP-IDP,49,1,persistent_chain
G4_Onmem_wall,2,banded_sym_w6,three,IDP-IDP,81,1,persistent_chain
G4_Onmem_wall,2,banded_sym_w6,triplet,all,1,6516,persistent_chain
G4_Onmem_wall,2,banded_sym_w6,triplet,all,2,1890,persistent_chain
G4_Onmem_wall,2,banded_sym_w6,triplet,all,3,823,persistent_chain
G4_Onmem_wall,2,banded_sym_w6,triplet,all,4,400,persistent_chain
G4_Onmem_wall,2,banded_sym_w6,triplet,all,5,230,persistent_chain
G4_Onmem_wall,2,banded_sym_w6,triplet,all,6,135,persistent_chain
G4_Onmem_wall,2,banded_sym_w6,triplet,all,7,70,persistent_chain
G4_Onmem_wall,2,banded_sym_w6,triplet,all,8,44,persistent_chain
G4_Onmem_wall,2,banded_sym_w6,triplet,all,9,41,persistent_chain
G4_Onmem_wall,2,banded_sym_w6,triplet,all,10,28,persistent_chain
G4_Onmem_wall,2,banded_sym_w6,triplet,all,11,18,persistent_chain
G4_Onmem_wall,2,banded_sym_w6,triplet,all,12,8,persistent_chain
G4_Onmem_wall,2,banded_sym_w6,triplet,all,13,8,persistent_chain
G4_Onmem_wall,2,banded_sym_w6,triplet,all,14,6,persistent_chain
G4_Onmem_wall,2,banded_sym_w6,triplet,all,15,4,persistent_chain
G4_Onmem_wall,2,banded_sym_w6,triplet,all,16,6,persistent_chain
G4_Onmem_wall,2,banded_sym_w6,triplet,all,17,2,persistent_chain
G4_Onmem_wall,2,banded_sym_w6,triplet,all,18,2,persistent_chain
G4_Onmem_wall,2,banded_sym_w6,triplet,all,19,2,persistent_chain
G4_Onmem_wall,2,banded_sym_w6,triplet,all,20,1,persistent_chain
G4_Onmem_wall,2,banded_sym_w6,triplet,all,21,1,persistent_chain
G4_Onmem_wall,2,banded_sym_w6,triplet,all,22,1,persistent_chain
G4_Onmem_wall,2,banded_sym_w6,triplet,all,23,3,persistent_chain
G4_Onmem_wall,2,banded_sym_w6,triplet,all,25,2,persistent_chain
G4_Onmem_wall,2,banded_sym_w6,triplet,all,26,2,persistent_chain
G4_Onmem_wall,2,banded_sym_w6,triplet,all,31,2,persistent_chain
G4_Onmem_wall,2,banded_sym_w6,triplet,all,53,1,persistent_chain
G4_Onmem_wall,2,banded_sym_w6,triplet,Hel-Hel,1,12,persistent_chain
G4_Onmem_wall,2,banded_sym_w6,triplet,Hel-Hel,2,2,persistent_chain
G4_Onmem_wall,2,banded_sym_w6,triplet,Hel-Hel,3,1,persistent_chain
G4_Onmem_wall,2,banded_sym_w6,triplet,Hel-Hel,5,2,persistent_chain
G4_Onmem_wall,2,banded_sym_w6,triplet,Hel-IDP,1,291,persistent_chain
G4_Onmem_wall,2,banded_sym_w6,triplet,Hel-IDP,2,81,persistent_chain
G4_Onmem_wall,2,banded_sym_w6,triplet,Hel-IDP,3,37,persistent_chain
G4_Onmem_wall,2,banded_sym_w6,triplet,Hel-IDP,4,18,persistent_chain
G4_Onmem_wall,2,banded_sym_w6,triplet,Hel-IDP,5,15,persistent_chain
G4_Onmem_wall,2,banded_sym_w6,triplet,Hel-IDP,6,7,persistent_chain
G4_Onmem_wall,2,banded_sym_w6,triplet,Hel-IDP,7,4,persistent_chain
G4_Onmem_wall,2,banded_sym_w6,triplet,Hel-IDP,8,2,persistent_chain
G4_Onmem_wall,2,banded_sym_w6,triplet,Hel-IDP,9,1,persistent_chain
G4_Onmem_wall,2,banded_sym_w6,triplet,Hel-IDP,10,2,persistent_chain
G4_Onmem_wall,2,banded_sym_w6,triplet,Hel-IDP,11,3,persistent_chain
G4_Onmem_wall,2,banded_sym_w6,triplet,Hel-IDP,13,1,persistent_chain
G4_Onmem_wall,2,banded_sym_w6,triplet,IDP-IDP,1,6213,persistent_chain
G4_Onmem_wall,2,banded_sym_w6,triplet,IDP-IDP,2,1807,persistent_chain
G4_Onmem_wall,2,banded_sym_w6,triplet,IDP-IDP,3,785,persistent_chain
G4_Onmem_wall,2,banded_sym_w6,triplet,IDP-IDP,4,382,persistent_chain
G4_Onmem_wall,2,banded_sym_w6,triplet,IDP-IDP,5,213,persistent_chain
G4_Onmem_wall,2,banded_sym_w6,triplet,IDP-IDP,6,128,persistent_chain
G4_Onmem_wall,2,banded_sym_w6,triplet,IDP-IDP,7,66,persistent_chain
G4_Onmem_wall,2,banded_sym_w6,triplet,IDP-IDP,8,42,persistent_chain
G4_Onmem_wall,2,banded_sym_w6,triplet,IDP-IDP,9,40,persistent_chain
G4_Onmem_wall,2,banded_sym_w6,triplet,IDP-IDP,10,26,persistent_chain
G4_Onmem_wall,2,banded_sym_w6,triplet,IDP-IDP,11,15,persistent_chain
G4_Onmem_wall,2,banded_sym_w6,triplet,IDP-IDP,12,8,persistent_chain
G4_Onmem_wall,2,banded_sym_w6,triplet,IDP-IDP,13,7,persistent_chain
G4_Onmem_wall,2,banded_sym_w6,triplet,IDP-IDP,14,6,persistent_chain
G4_Onmem_wall,2,banded_sym_w6,triplet,IDP-IDP,15,4,persistent_chain
G4_Onmem_wall,2,banded_sym_w6,triplet,IDP-IDP,16,6,persistent_chain
G4_Onmem_wall,2,banded_sym_w6,triplet,IDP-IDP,17,2,persistent_chain
G4_Onmem_wall,2,banded_sym_w6,triplet,IDP-IDP,18,2,persistent_chain
G4_Onmem_wall,2,banded_sym_w6,triplet,IDP-IDP,19,2,persistent_chain
G4_Onmem_wall,2,banded_sym_w6,triplet,IDP-IDP,20,1,persistent_chain
G4_Onmem_wall,2,banded_sym_w6,triplet,IDP-IDP,21,1,persistent_chain
G4_Onmem_wall,2,banded_sym_w6,triplet,IDP-IDP,22,1,persistent_chain
G4_Onmem_wall,2,banded_sym_w6,triplet,IDP-IDP,23,3,persistent_chain
G4_Onmem_wall,2,banded_sym_w6,triplet,IDP-IDP,25,2,persistent_chain
G4_Onmem_wall,2,banded_sym_w6,triplet,IDP-IDP,26,2,persistent_chain
G4_Onmem_wall,2,banded_sym_w6,triplet,IDP-IDP,31,2,persistent_chain
G4_Onmem_wall,2,banded_sym_w6,triplet,IDP-IDP,53,1,persistent_chain
G4_Onmem_wall,2,banded_sym_w8,one,all,1,12248,persistent_chain
G4_Onmem_wall,2,banded_sym_w8,one,all,2,4882,persistent_chain
G4_Onmem_wall,2,banded_sym_w8,one,all,3,2504,persistent_chain
G4_Onmem_wall,2,banded_sym_w8,one,all,4,1637,persistent_chain
G4_Onmem_wall,2,banded_sym_w8,one,all,5,1028,persistent_chain
G4_Onmem_wall,2,banded_sym_w8,one,all,6,775,persistent_chain
G4_Onmem_wall,2,banded_sym_w8,one,all,7,537,persistent_chain
G4_Onmem_wall,2,banded_sym_w8,one,all,8,420,persistent_chain
G4_Onmem_wall,2,banded_sym_w8,one,all,9,320,persistent_chain
G4_Onmem_wall,2,banded_sym_w8,one,all,10,257,persistent_chain
G4_Onmem_wall,2,banded_sym_w8,one,all,11,207,persistent_chain
G4_Onmem_wall,2,banded_sym_w8,one,all,12,161,persistent_chain
G4_Onmem_wall,2,banded_sym_w8,one,all,13,119,persistent_chain
G4_Onmem_wall,2,banded_sym_w8,one,all,14,113,persistent_chain
G4_Onmem_wall,2,banded_sym_w8,one,all,15,98,persistent_chain
G4_Onmem_wall,2,banded_sym_w8,one,all,16,68,persistent_chain
G4_Onmem_wall,2,banded_sym_w8,one,all,17,75,persistent_chain
G4_Onmem_wall,2,banded_sym_w8,one,all,18,49,persistent_chain
G4_Onmem_wall,2,banded_sym_w8,one,all,19,50,persistent_chain
G4_Onmem_wall,2,banded_sym_w8,one,all,20,46,persistent_chain
G4_Onmem_wall,2,banded_sym_w8,one,all,21,38,persistent_chain
G4_Onmem_wall,2,banded_sym_w8,one,all,22,33,persistent_chain
G4_Onmem_wall,2,banded_sym_w8,one,all,23,20,persistent_chain
G4_Onmem_wall,2,banded_sym_w8,one,all,24,22,persistent_chain
G4_Onmem_wall,2,banded_sym_w8,one,all,25,28,persistent_chain
G4_Onmem_wall,2,banded_sym_w8,one,all,26,25,persistent_chain
G4_Onmem_wall,2,banded_sym_w8,one,all,27,15,persistent_chain
G4_Onmem_wall,2,banded_sym_w8,one,all,28,11,persistent_chain
G4_Onmem_wall,2,banded_sym_w8,one,all,29,8,persistent_chain
G4_Onmem_wall,2,banded_sym_w8,one,all,30,12,persistent_chain
G4_Onmem_wall,2,banded_sym_w8,one,all,31,11,persistent_chain
G4_Onmem_wall,2,banded_sym_w8,one,all,32,12,persistent_chain
G4_Onmem_wall,2,banded_sym_w8,one,all,33,10,persistent_chain
G4_Onmem_wall,2,banded_sym_w8,one,all,34,14,persistent_chain
G4_Onmem_wall,2,banded_sym_w8,one,all,35,10,persistent_chain
G4_Onmem_wall,2,banded_sym_w8,one,all,36,6,persistent_chain
G4_Onmem_wall,2,banded_sym_w8,one,all,37,4,persistent_chain
G4_Onmem_wall,2,banded_sym_w8,one,all,38,6,persistent_chain
G4_Onmem_wall,2,banded_sym_w8,one,all,39,6,persistent_chain
G4_Onmem_wall,2,banded_sym_w8,one,all,40,8,persistent_chain
G4_Onmem_wall,2,banded_sym_w8,one,all,41,3,persistent_chain
G4_Onmem_wall,2,banded_sym_w8,one,all,42,2,persistent_chain
G4_Onmem_wall,2,banded_sym_w8,one,all,43,5,persistent_chain
G4_Onmem_wall,2,banded_sym_w8,one,all,44,4,persistent_chain
G4_Onmem_wall,2,banded_sym_w8,one,all,45,1,persistent_chain
G4_Onmem_wall,2,banded_sym_w8,one,all,46,2,persistent_chain
G4_Onmem_wall,2,banded_sym_w8,one,all,47,2,persistent_chain
G4_Onmem_wall,2,banded_sym_w8,one,all,48,1,persistent_chain
G4_Onmem_wall,2,banded_sym_w8,one,all,49,5,persistent_chain
G4_Onmem_wall,2,banded_sym_w8,one,all,50,1,persistent_chain
G4_Onmem_wall,2,banded_sym_w8,one,all,52,1,persistent_chain
G4_Onmem_wall,2,banded_sym_w8,one,all,53,3,persistent_chain
G4_Onmem_wall,2,banded_sym_w8,one,all,54,2,persistent_chain
G4_Onmem_wall,2,banded_sym_w8,one,all,55,2,persistent_chain
G4_Onmem_wall,2,banded_sym_w8,one,all,57,3,persistent_chain
G4_Onmem_wall,2,banded_sym_w8,one,all,59,4,persistent_chain
G4_Onmem_wall,2,banded_sym_w8,one,all,61,1,persistent_chain
G4_Onmem_wall,2,banded_sym_w8,one,all,62,2,persistent_chain
G4_Onmem_wall,2,banded_sym_w8,one,all,63,3,persistent_chain
G4_Onmem_wall,2,banded_sym_w8,one,all,65,1,persistent_chain
G4_Onmem_wall,2,banded_sym_w8,one,all,66,3,persistent_chain
G4_Onmem_wall,2,banded_sym_w8,one,all,67,1,persistent_chain
G4_Onmem_wall,2,banded_sym_w8,one,all,74,1,persistent_chain
G4_Onmem_wall,2,banded_sym_w8,one,all,75,1,persistent_chain
G4_Onmem_wall,2,banded_sym_w8,one,all,79,1,persistent_chain
G4_Onmem_wall,2,banded_sym_w8,one,all,80,1,persistent_chain
G4_Onmem_wall,2,banded_sym_w8,one,all,81,1,persistent_chain
G4_Onmem_wall,2,banded_sym_w8,one,all,85,2,persistent_chain
G4_Onmem_wall,2,banded_sym_w8,one,all,87,1,persistent_chain
G4_Onmem_wall,2,banded_sym_w8,one,all,107,1,persistent_chain
G4_Onmem_wall,2,banded_sym_w8,one,all,164,1,persistent_chain
G4_Onmem_wall,2,banded_sym_w8,one,all,210,1,persistent_chain
G4_Onmem_wall,2,banded_sym_w8,one,all,275,1,persistent_chain
G4_Onmem_wall,2,banded_sym_w8,one,all,555,1,persistent_chain
G4_Onmem_wall,2,banded_sym_w8,one,Hel-Hel,1,30,persistent_chain
G4_Onmem_wall,2,banded_sym_w8,one,Hel-Hel,2,11,persistent_chain
G4_Onmem_wall,2,banded_sym_w8,one,Hel-Hel,3,9,persistent_chain
G4_Onmem_wall,2,banded_sym_w8,one,Hel-Hel,4,6,persistent_chain
G4_Onmem_wall,2,banded_sym_w8,one,Hel-Hel,5,2,persistent_chain
G4_Onmem_wall,2,banded_sym_w8,one,Hel-Hel,6,2,persistent_chain
G4_Onmem_wall,2,banded_sym_w8,one,Hel-Hel,7,1,persistent_chain
G4_Onmem_wall,2,banded_sym_w8,one,Hel-Hel,9,1,persistent_chain
G4_Onmem_wall,2,banded_sym_w8,one,Hel-Hel,10,2,persistent_chain
G4_Onmem_wall,2,banded_sym_w8,one,Hel-Hel,11,1,persistent_chain
G4_Onmem_wall,2,banded_sym_w8,one,Hel-Hel,12,2,persistent_chain
G4_Onmem_wall,2,banded_sym_w8,one,Hel-Hel,13,1,persistent_chain
G4_Onmem_wall,2,banded_sym_w8,one,Hel-Hel,21,1,persistent_chain
G4_Onmem_wall,2,banded_sym_w8,one,Hel-Hel,26,1,persistent_chain
G4_Onmem_wall,2,banded_sym_w8,one,Hel-Hel,28,1,persistent_chain
G4_Onmem_wall,2,banded_sym_w8,one,Hel-Hel,32,1,persistent_chain
G4_Onmem_wall,2,banded_sym_w8,one,Hel-Hel,36,1,persistent_chain
G4_Onmem_wall,2,banded_sym_w8,one,Hel-Hel,50,1,persistent_chain
G4_Onmem_wall,2,banded_sym_w8,one,Hel-Hel,53,1,persistent_chain
G4_Onmem_wall,2,banded_sym_w8,one,Hel-Hel,55,1,persistent_chain
G4_Onmem_wall,2,banded_sym_w8,one,Hel-Hel,66,1,persistent_chain
G4_Onmem_wall,2,banded_sym_w8,one,Hel-Hel,81,1,persistent_chain
G4_Onmem_wall,2,banded_sym_w8,one,Hel-Hel,107,1,persistent_chain
G4_Onmem_wall,2,banded_sym_w8,one,Hel-Hel,275,1,persistent_chain
G4_Onmem_wall,2,banded_sym_w8,one,Hel-Hel,555,1,persistent_chain
G4_Onmem_wall,2,banded_sym_w8,one,Hel-IDP,1,735,persistent_chain
G4_Onmem_wall,2,banded_sym_w8,one,Hel-IDP,2,269,persistent_chain
G4_Onmem_wall,2,banded_sym_w8,one,Hel-IDP,3,164,persistent_chain
G4_Onmem_wall,2,banded_sym_w8,one,Hel-IDP,4,97,persistent_chain
G4_Onmem_wall,2,banded_sym_w8,one,Hel-IDP,5,76,persistent_chain
G4_Onmem_wall,2,banded_sym_w8,one,Hel-IDP,6,53,persistent_chain
G4_Onmem_wall,2,banded_sym_w8,one,Hel-IDP,7,26,persistent_chain
G4_Onmem_wall,2,banded_sym_w8,one,Hel-IDP,8,28,persistent_chain
G4_Onmem_wall,2,banded_sym_w8,one,Hel-IDP,9,25,persistent_chain
G4_Onmem_wall,2,banded_sym_w8,one,Hel-IDP,10,15,persistent_chain
G4_Onmem_wall,2,banded_sym_w8,one,Hel-IDP,11,17,persistent_chain
G4_Onmem_wall,2,banded_sym_w8,one,Hel-IDP,12,12,persistent_chain
G4_Onmem_wall,2,banded_sym_w8,one,Hel-IDP,13,10,persistent_chain
G4_Onmem_wall,2,banded_sym_w8,one,Hel-IDP,14,4,persistent_chain
G4_Onmem_wall,2,banded_sym_w8,one,Hel-IDP,15,5,persistent_chain
G4_Onmem_wall,2,banded_sym_w8,one,Hel-IDP,16,6,persistent_chain
G4_Onmem_wall,2,banded_sym_w8,one,Hel-IDP,17,7,persistent_chain
G4_Onmem_wall,2,banded_sym_w8,one,Hel-IDP,18,5,persistent_chain
G4_Onmem_wall,2,banded_sym_w8,one,Hel-IDP,19,3,persistent_chain
G4_Onmem_wall,2,banded_sym_w8,one,Hel-IDP,20,5,persistent_chain
G4_Onmem_wall,2,banded_sym_w8,one,Hel-IDP,21,4,persistent_chain
G4_Onmem_wall,2,banded_sym_w8,one,Hel-IDP,22,3,persistent_chain
G4_Onmem_wall,2,banded_sym_w8,one,Hel-IDP,23,1,persistent_chain
G4_Onmem_wall,2,banded_sym_w8,one,Hel-IDP,24,3,persistent_chain
G4_Onmem_wall,2,banded_sym_w8,one,Hel-IDP,25,1,persistent_chain
G4_Onmem_wall,2,banded_sym_w8,one,Hel-IDP,26,1,persistent_chain
G4_Onmem_wall,2,banded_sym_w8,one,Hel-IDP,27,2,persistent_chain
G4_Onmem_wall,2,banded_sym_w8,one,Hel-IDP,29,1,persistent_chain
G4_Onmem_wall,2,banded_sym_w8,one,Hel-IDP,30,4,persistent_chain
G4_Onmem_wall,2,banded_sym_w8,one,Hel-IDP,31,1,persistent_chain
G4_Onmem_wall,2,banded_sym_w8,one,Hel-IDP,32,2,persistent_chain
G4_Onmem_wall,2,banded_sym_w8,one,Hel-IDP,34,3,persistent_chain
G4_Onmem_wall,2,banded_sym_w8,one,Hel-IDP,35,2,persistent_chain
G4_Onmem_wall,2,banded_sym_w8,one,Hel-IDP,38,2,persistent_chain
G4_Onmem_wall,2,banded_sym_w8,one,Hel-IDP,39,2,persistent_chain
G4_Onmem_wall,2,banded_sym_w8,one,Hel-IDP,40,1,persistent_chain
G4_Onmem_wall,2,banded_sym_w8,one,Hel-IDP,43,1,persistent_chain
G4_Onmem_wall,2,banded_sym_w8,one,Hel-IDP,48,1,persistent_chain
G4_Onmem_wall,2,banded_sym_w8,one,Hel-IDP,55,1,persistent_chain
G4_Onmem_wall,2,banded_sym_w8,one,Hel-IDP,57,1,persistent_chain
G4_Onmem_wall,2,banded_sym_w8,one,IDP-IDP,1,11483,persistent_chain
G4_Onmem_wall,2,banded_sym_w8,one,IDP-IDP,2,4602,persistent_chain
G4_Onmem_wall,2,banded_sym_w8,one,IDP-IDP,3,2331,persistent_chain
G4_Onmem_wall,2,banded_sym_w8,one,IDP-IDP,4,1534,persistent_chain
G4_Onmem_wall,2,banded_sym_w8,one,IDP-IDP,5,950,persistent_chain
G4_Onmem_wall,2,banded_sym_w8,one,IDP-IDP,6,720,persistent_chain
G4_Onmem_wall,2,banded_sym_w8,one,IDP-IDP,7,510,persistent_chain
G4_Onmem_wall,2,banded_sym_w8,one,IDP-IDP,8,392,persistent_chain
G4_Onmem_wall,2,banded_sym_w8,one,IDP-IDP,9,294,persistent_chain
G4_Onmem_wall,2,banded_sym_w8,one,IDP-IDP,10,240,persistent_chain
G4_Onmem_wall,2,banded_sym_w8,one,IDP-IDP,11,189,persistent_chain
G4_Onmem_wall,2,banded_sym_w8,one,IDP-IDP,12,147,persistent_chain
G4_Onmem_wall,2,banded_sym_w8,one,IDP-IDP,13,108,persistent_chain
G4_Onmem_wall,2,banded_sym_w8,one,IDP-IDP,14,109,persistent_chain
G4_Onmem_wall,2,banded_sym_w8,one,IDP-IDP,15,93,persistent_chain
G4_Onmem_wall,2,banded_sym_w8,one,IDP-IDP,16,62,persistent_chain
G4_Onmem_wall,2,banded_sym_w8,one,IDP-IDP,17,68,persistent_chain
G4_Onmem_wall,2,banded_sym_w8,one,IDP-IDP,18,44,persistent_chain
G4_Onmem_wall,2,banded_sym_w8,one,IDP-IDP,19,47,persistent_chain
G4_Onmem_wall,2,banded_sym_w8,one,IDP-IDP,20,41,persistent_chain
G4_Onmem_wall,2,banded_sym_w8,one,IDP-IDP,21,33,persistent_chain
G4_Onmem_wall,2,banded_sym_w8,one,IDP-IDP,22,30,persistent_chain
G4_Onmem_wall,2,banded_sym_w8,one,IDP-IDP,23,19,persistent_chain
G4_Onmem_wall,2,banded_sym_w8,one,IDP-IDP,24,19,persistent_chain
G4_Onmem_wall,2,banded_sym_w8,one,IDP-IDP,25,27,persistent_chain
G4_Onmem_wall,2,banded_sym_w8,one,IDP-IDP,26,23,persistent_chain
G4_Onmem_wall,2,banded_sym_w8,one,IDP-IDP,27,13,persistent_chain
G4_Onmem_wall,2,banded_sym_w8,one,IDP-IDP,28,10,persistent_chain
G4_Onmem_wall,2,banded_sym_w8,one,IDP-IDP,29,7,persistent_chain
G4_Onmem_wall,2,banded_sym_w8,one,IDP-IDP,30,8,persistent_chain
G4_Onmem_wall,2,banded_sym_w8,one,IDP-IDP,31,10,persistent_chain
G4_Onmem_wall,2,banded_sym_w8,one,IDP-IDP,32,9,persistent_chain
G4_Onmem_wall,2,banded_sym_w8,one,IDP-IDP,33,10,persistent_chain
G4_Onmem_wall,2,banded_sym_w8,one,IDP-IDP,34,11,persistent_chain
G4_Onmem_wall,2,banded_sym_w8,one,IDP-IDP,35,8,persistent_chain
G4_Onmem_wall,2,banded_sym_w8,one,IDP-IDP,36,5,persistent_chain
G4_Onmem_wall,2,banded_sym_w8,one,IDP-IDP,37,4,persistent_chain
G4_Onmem_wall,2,banded_sym_w8,one,IDP-IDP,38,4,persistent_chain
G4_Onmem_wall,2,banded_sym_w8,one,IDP-IDP,39,4,persistent_chain
G4_Onmem_wall,2,banded_sym_w8,one,IDP-IDP,40,7,persistent_chain
G4_Onmem_wall,2,banded_sym_w8,one,IDP-IDP,41,3,persistent_chain
G4_Onmem_wall,2,banded_sym_w8,one,IDP-IDP,42,2,persistent_chain
G4_Onmem_wall,2,banded_sym_w8,one,IDP-IDP,43,4,persistent_chain
G4_Onmem_wall,2,banded_sym_w8,one,IDP-IDP,44,4,persistent_chain
G4_Onmem_wall,2,banded_sym_w8,one,IDP-IDP,45,1,persistent_chain
G4_Onmem_wall,2,banded_sym_w8,one,IDP-IDP,46,2,persistent_chain
G4_Onmem_wall,2,banded_sym_w8,one,IDP-IDP,47,2,persistent_chain
G4_Onmem_wall,2,banded_sym_w8,one,IDP-IDP,49,5,persistent_chain
G4_Onmem_wall,2,banded_sym_w8,one,IDP-IDP,52,1,persistent_chain
G4_Onmem_wall,2,banded_sym_w8,one,IDP-IDP,53,2,persistent_chain
G4_Onmem_wall,2,banded_sym_w8,one,IDP-IDP,54,2,persistent_chain
G4_Onmem_wall,2,banded_sym_w8,one,IDP-IDP,57,2,persistent_chain
G4_Onmem_wall,2,banded_sym_w8,one,IDP-IDP,59,4,persistent_chain
G4_Onmem_wall,2,banded_sym_w8,one,IDP-IDP,61,1,persistent_chain
G4_Onmem_wall,2,banded_sym_w8,one,IDP-IDP,62,2,persistent_chain
G4_Onmem_wall,2,banded_sym_w8,one,IDP-IDP,63,3,persistent_chain
G4_Onmem_wall,2,banded_sym_w8,one,IDP-IDP,65,1,persistent_chain
G4_Onmem_wall,2,banded_sym_w8,one,IDP-IDP,66,2,persistent_chain
G4_Onmem_wall,2,banded_sym_w8,one,IDP-IDP,67,1,persistent_chain
G4_Onmem_wall,2,banded_sym_w8,one,IDP-IDP,74,1,persistent_chain
G4_Onmem_wall,2,banded_sym_w8,one,IDP-IDP,75,1,persistent_chain
G4_Onmem_wall,2,banded_sym_w8,one,IDP-IDP,79,1,persistent_chain
G4_Onmem_wall,2,banded_sym_w8,one,IDP-IDP,80,1,persistent_chain
G4_Onmem_wall,2,banded_sym_w8,one,IDP-IDP,85,2,persistent_chain
G4_Onmem_wall,2,banded_sym_w8,one,IDP-IDP,87,1,persistent_chain
G4_Onmem_wall,2,banded_sym_w8,one,IDP-IDP,164,1,persistent_chain
G4_Onmem_wall,2,banded_sym_w8,one,IDP-IDP,210,1,persistent_chain
G4_Onmem_wall,2,banded_sym_w8,three,all,1,9993,persistent_chain
G4_Onmem_wall,2,banded_sym_w8,three,all,2,3708,persistent_chain
G4_Onmem_wall,2,banded_sym_w8,three,all,3,1844,persistent_chain
G4_Onmem_wall,2,banded_sym_w8,three,all,4,1024,persistent_chain
G4_Onmem_wall,2,banded_sym_w8,three,all,5,599,persistent_chain
G4_Onmem_wall,2,banded_sym_w8,three,all,6,455,persistent_chain
G4_Onmem_wall,2,banded_sym_w8,three,all,7,279,persistent_chain
G4_Onmem_wall,2,banded_sym_w8,three,all,8,206,persistent_chain
G4_Onmem_wall,2,banded_sym_w8,three,all,9,132,persistent_chain
G4_Onmem_wall,2,banded_sym_w8,three,all,10,113,persistent_chain
G4_Onmem_wall,2,banded_sym_w8,three,all,11,91,persistent_chain
G4_Onmem_wall,2,banded_sym_w8,three,all,12,56,persistent_chain
G4_Onmem_wall,2,banded_sym_w8,three,all,13,56,persistent_chain
G4_Onmem_wall,2,banded_sym_w8,three,all,14,45,persistent_chain
G4_Onmem_wall,2,banded_sym_w8,three,all,15,33,persistent_chain
G4_Onmem_wall,2,banded_sym_w8,three,all,16,29,persistent_chain
G4_Onmem_wall,2,banded_sym_w8,three,all,17,18,persistent_chain
G4_Onmem_wall,2,banded_sym_w8,three,all,18,20,persistent_chain
G4_Onmem_wall,2,banded_sym_w8,three,all,19,14,persistent_chain
G4_Onmem_wall,2,banded_sym_w8,three,all,20,9,persistent_chain
G4_Onmem_wall,2,banded_sym_w8,three,all,21,13,persistent_chain
G4_Onmem_wall,2,banded_sym_w8,three,all,22,11,persistent_chain
G4_Onmem_wall,2,banded_sym_w8,three,all,23,6,persistent_chain
G4_Onmem_wall,2,banded_sym_w8,three,all,24,13,persistent_chain
G4_Onmem_wall,2,banded_sym_w8,three,all,25,9,persistent_chain
G4_Onmem_wall,2,banded_sym_w8,three,all,26,1,persistent_chain
G4_Onmem_wall,2,banded_sym_w8,three,all,27,10,persistent_chain
G4_Onmem_wall,2,banded_sym_w8,three,all,28,1,persistent_chain
G4_Onmem_wall,2,banded_sym_w8,three,all,29,5,persistent_chain
G4_Onmem_wall,2,banded_sym_w8,three,all,30,1,persistent_chain
G4_Onmem_wall,2,banded_sym_w8,three,all,31,6,persistent_chain
G4_Onmem_wall,2,banded_sym_w8,three,all,32,4,persistent_chain
G4_Onmem_wall,2,banded_sym_w8,three,all,33,6,persistent_chain
G4_Onmem_wall,2,banded_sym_w8,three,all,35,2,persistent_chain
G4_Onmem_wall,2,banded_sym_w8,three,all,36,3,persistent_chain
G4_Onmem_wall,2,banded_sym_w8,three,all,37,2,persistent_chain
G4_Onmem_wall,2,banded_sym_w8,three,all,38,1,persistent_chain
G4_Onmem_wall,2,banded_sym_w8,three,all,39,2,persistent_chain
G4_Onmem_wall,2,banded_sym_w8,three,all,41,1,persistent_chain
G4_Onmem_wall,2,banded_sym_w8,three,all,42,1,persistent_chain
G4_Onmem_wall,2,banded_sym_w8,three,all,46,2,persistent_chain
G4_Onmem_wall,2,banded_sym_w8,three,all,47,2,persistent_chain
G4_Onmem_wall,2,banded_sym_w8,three,all,51,1,persistent_chain
G4_Onmem_wall,2,banded_sym_w8,three,all,52,1,persistent_chain
G4_Onmem_wall,2,banded_sym_w8,three,all,54,1,persistent_chain
G4_Onmem_wall,2,banded_sym_w8,three,all,55,1,persistent_chain
G4_Onmem_wall,2,banded_sym_w8,three,all,57,2,persistent_chain
G4_Onmem_wall,2,banded_sym_w8,three,all,58,1,persistent_chain
G4_Onmem_wall,2,banded_sym_w8,three,all,64,1,persistent_chain
G4_Onmem_wall,2,banded_sym_w8,three,all,70,1,persistent_chain
G4_Onmem_wall,2,banded_sym_w8,three,all,76,1,persistent_chain
G4_Onmem_wall,2,banded_sym_w8,three,all,83,1,persistent_chain
G4_Onmem_wall,2,banded_sym_w8,three,all,108,1,persistent_chain
G4_Onmem_wall,2,banded_sym_w8,three,all,122,1,persistent_chain
G4_Onmem_wall,2,banded_sym_w8,three,all,125,1,persistent_chain
G4_Onmem_wall,2,banded_sym_w8,three,all,163,1,persistent_chain
G4_Onmem_wall,2,banded_sym_w8,three,all,262,1,persistent_chain
G4_Onmem_wall,2,banded_sym_w8,three,Hel-Hel,1,32,persistent_chain
G4_Onmem_wall,2,banded_sym_w8,three,Hel-Hel,2,10,persistent_chain
G4_Onmem_wall,2,banded_sym_w8,three,Hel-Hel,3,5,persistent_chain
G4_Onmem_wall,2,banded_sym_w8,three,Hel-Hel,4,6,persistent_chain
G4_Onmem_wall,2,banded_sym_w8,three,Hel-Hel,5,3,persistent_chain
G4_Onmem_wall,2,banded_sym_w8,three,Hel-Hel,6,2,persistent_chain
G4_Onmem_wall,2,banded_sym_w8,three,Hel-Hel,7,2,persistent_chain
G4_Onmem_wall,2,banded_sym_w8,three,Hel-Hel,9,2,persistent_chain
G4_Onmem_wall,2,banded_sym_w8,three,Hel-Hel,11,1,persistent_chain
G4_Onmem_wall,2,banded_sym_w8,three,Hel-Hel,13,2,persistent_chain
G4_Onmem_wall,2,banded_sym_w8,three,Hel-Hel,20,1,persistent_chain
G4_Onmem_wall,2,banded_sym_w8,three,Hel-Hel,24,1,persistent_chain
G4_Onmem_wall,2,banded_sym_w8,three,Hel-Hel,27,2,persistent_chain
G4_Onmem_wall,2,banded_sym_w8,three,Hel-Hel,33,1,persistent_chain
G4_Onmem_wall,2,banded_sym_w8,three,Hel-Hel,36,1,persistent_chain
G4_Onmem_wall,2,banded_sym_w8,three,Hel-Hel,47,1,persistent_chain
G4_Onmem_wall,2,banded_sym_w8,three,Hel-Hel,55,1,persistent_chain
G4_Onmem_wall,2,banded_sym_w8,three,Hel-Hel,70,1,persistent_chain
G4_Onmem_wall,2,banded_sym_w8,three,Hel-Hel,76,1,persistent_chain
G4_Onmem_wall,2,banded_sym_w8,three,Hel-Hel,108,1,persistent_chain
G4_Onmem_wall,2,banded_sym_w8,three,Hel-Hel,122,1,persistent_chain
G4_Onmem_wall,2,banded_sym_w8,three,Hel-Hel,125,1,persistent_chain
G4_Onmem_wall,2,banded_sym_w8,three,Hel-Hel,163,1,persistent_chain
G4_Onmem_wall,2,banded_sym_w8,three,Hel-Hel,262,1,persistent_chain
G4_Onmem_wall,2,banded_sym_w8,three,Hel-IDP,1,565,persistent_chain
G4_Onmem_wall,2,banded_sym_w8,three,Hel-IDP,2,188,persistent_chain
G4_Onmem_wall,2,banded_sym_w8,three,Hel-IDP,3,95,persistent_chain
G4_Onmem_wall,2,banded_sym_w8,three,Hel-IDP,4,65,persistent_chain
G4_Onmem_wall,2,banded_sym_w8,three,Hel-IDP,5,31,persistent_chain
G4_Onmem_wall,2,banded_sym_w8,three,Hel-IDP,6,28,persistent_chain
G4_Onmem_wall,2,banded_sym_w8,three,Hel-IDP,7,23,persistent_chain
G4_Onmem_wall,2,banded_sym_w8,three,Hel-IDP,8,21,persistent_chain
G4_Onmem_wall,2,banded_sym_w8,three,Hel-IDP,9,8,persistent_chain
G4_Onmem_wall,2,banded_sym_w8,three,Hel-IDP,10,9,persistent_chain
G4_Onmem_wall,2,banded_sym_w8,three,Hel-IDP,11,7,persistent_chain
G4_Onmem_wall,2,banded_sym_w8,three,Hel-IDP,12,3,persistent_chain
G4_Onmem_wall,2,banded_sym_w8,three,Hel-IDP,13,6,persistent_chain
G4_Onmem_wall,2,banded_sym_w8,three,Hel-IDP,14,3,persistent_chain
G4_Onmem_wall,2,banded_sym_w8,three,Hel-IDP,15,2,persistent_chain
G4_Onmem_wall,2,banded_sym_w8,three,Hel-IDP,16,3,persistent_chain
G4_Onmem_wall,2,banded_sym_w8,three,Hel-IDP,17,2,persistent_chain
G4_Onmem_wall,2,banded_sym_w8,three,Hel-IDP,18,2,persistent_chain
G4_Onmem_wall,2,banded_sym_w8,three,Hel-IDP,19,1,persistent_chain
G4_Onmem_wall,2,banded_sym_w8,three,Hel-IDP,20,1,persistent_chain
G4_Onmem_wall,2,banded_sym_w8,three,Hel-IDP,22,1,persistent_chain
G4_Onmem_wall,2,banded_sym_w8,three,Hel-IDP,23,1,persistent_chain
G4_Onmem_wall,2,banded_sym_w8,three,Hel-IDP,24,2,persistent_chain
G4_Onmem_wall,2,banded_sym_w8,three,Hel-IDP,25,2,persistent_chain
G4_Onmem_wall,2,banded_sym_w8,three,Hel-IDP,29,1,persistent_chain
G4_Onmem_wall,2,banded_sym_w8,three,Hel-IDP,30,1,persistent_chain
G4_Onmem_wall,2,banded_sym_w8,three,Hel-IDP,32,1,persistent_chain
G4_Onmem_wall,2,banded_sym_w8,three,Hel-IDP,35,2,persistent_chain
G4_Onmem_wall,2,banded_sym_w8,three,IDP-IDP,1,9396,persistent_chain
G4_Onmem_wall,2,banded_sym_w8,three,IDP-IDP,2,3510,persistent_chain
G4_Onmem_wall,2,banded_sym_w8,three,IDP-IDP,3,1744,persistent_chain
G4_Onmem_wall,2,banded_sym_w8,three,IDP-IDP,4,953,persistent_chain
G4_Onmem_wall,2,banded_sym_w8,three,IDP-IDP,5,565,persistent_chain
G4_Onmem_wall,2,banded_sym_w8,three,IDP-IDP,6,425,persistent_chain
G4_Onmem_wall,2,banded_sym_w8,three,IDP-IDP,7,254,persistent_chain
G4_Onmem_wall,2,banded_sym_w8,three,IDP-IDP,8,185,persistent_chain
G4_Onmem_wall,2,banded_sym_w8,three,IDP-IDP,9,122,persistent_chain
G4_Onmem_wall,2,banded_sym_w8,three,IDP-IDP,10,104,persistent_chain
G4_Onmem_wall,2,banded_sym_w8,three,IDP-IDP,11,83,persistent_chain
G4_Onmem_wall,2,banded_sym_w8,three,IDP-IDP,12,53,persistent_chain
G4_Onmem_wall,2,banded_sym_w8,three,IDP-IDP,13,48,persistent_chain
G4_Onmem_wall,2,banded_sym_w8,three,IDP-IDP,14,42,persistent_chain
G4_Onmem_wall,2,banded_sym_w8,three,IDP-IDP,15,31,persistent_chain
G4_Onmem_wall,2,banded_sym_w8,three,IDP-IDP,16,26,persistent_chain
G4_Onmem_wall,2,banded_sym_w8,three,IDP-IDP,17,16,persistent_chain
G4_Onmem_wall,2,banded_sym_w8,three,IDP-IDP,18,18,persistent_chain
G4_Onmem_wall,2,banded_sym_w8,three,IDP-IDP,19,13,persistent_chain
G4_Onmem_wall,2,banded_sym_w8,three,IDP-IDP,20,7,persistent_chain
G4_Onmem_wall,2,banded_sym_w8,three,IDP-IDP,21,13,persistent_chain
G4_Onmem_wall,2,banded_sym_w8,three,IDP-IDP,22,10,persistent_chain
G4_Onmem_wall,2,banded_sym_w8,three,IDP-IDP,23,5,persistent_chain
G4_Onmem_wall,2,banded_sym_w8,three,IDP-IDP,24,10,persistent_chain
G4_Onmem_wall,2,banded_sym_w8,three,IDP-IDP,25,7,persistent_chain
G4_Onmem_wall,2,banded_sym_w8,three,IDP-IDP,26,1,persistent_chain
G4_Onmem_wall,2,banded_sym_w8,three,IDP-IDP,27,8,persistent_chain
G4_Onmem_wall,2,banded_sym_w8,three,IDP-IDP,28,1,persistent_chain
G4_Onmem_wall,2,banded_sym_w8,three,IDP-IDP,29,4,persistent_chain
G4_Onmem_wall,2,banded_sym_w8,three,IDP-IDP,31,6,persistent_chain
G4_Onmem_wall,2,banded_sym_w8,three,IDP-IDP,32,3,persistent_chain
G4_Onmem_wall,2,banded_sym_w8,three,IDP-IDP,33,5,persistent_chain
G4_Onmem_wall,2,banded_sym_w8,three,IDP-IDP,36,2,persistent_chain
G4_Onmem_wall,2,banded_sym_w8,three,IDP-IDP,37,2,persistent_chain
G4_Onmem_wall,2,banded_sym_w8,three,IDP-IDP,38,1,persistent_chain
G4_Onmem_wall,2,banded_sym_w8,three,IDP-IDP,39,2,persistent_chain
G4_Onmem_wall,2,banded_sym_w8,three,IDP-IDP,41,1,persistent_chain
G4_Onmem_wall,2,banded_sym_w8,three,IDP-IDP,42,1,persistent_chain
G4_Onmem_wall,2,banded_sym_w8,three,IDP-IDP,46,2,persistent_chain
G4_Onmem_wall,2,banded_sym_w8,three,IDP-IDP,47,1,persistent_chain
G4_Onmem_wall,2,banded_sym_w8,three,IDP-IDP,51,1,persistent_chain
G4_Onmem_wall,2,banded_sym_w8,three,IDP-IDP,52,1,persistent_chain
G4_Onmem_wall,2,banded_sym_w8,three,IDP-IDP,54,1,persistent_chain
G4_Onmem_wall,2,banded_sym_w8,three,IDP-IDP,57,2,persistent_chain
G4_Onmem_wall,2,banded_sym_w8,three,IDP-IDP,58,1,persistent_chain
G4_Onmem_wall,2,banded_sym_w8,three,IDP-IDP,64,1,persistent_chain
G4_Onmem_wall,2,banded_sym_w8,three,IDP-IDP,83,1,persistent_chain
G4_Onmem_wall,2,banded_sym_w8,triplet,all,1,7668,persistent_chain
G4_Onmem_wall,2,banded_sym_w8,triplet,all,2,2306,persistent_chain
G4_Onmem_wall,2,banded_sym_w8,triplet,all,3,1012,persistent_chain
G4_Onmem_wall,2,banded_sym_w8,triplet,all,4,491,persistent_chain
G4_Onmem_wall,2,banded_sym_w8,triplet,all,5,297,persistent_chain
G4_Onmem_wall,2,banded_sym_w8,triplet,all,6,179,persistent_chain
G4_Onmem_wall,2,banded_sym_w8,triplet,all,7,93,persistent_chain
G4_Onmem_wall,2,banded_sym_w8,triplet,all,8,61,persistent_chain
G4_Onmem_wall,2,banded_sym_w8,triplet,all,9,51,persistent_chain
G4_Onmem_wall,2,banded_sym_w8,triplet,all,10,41,persistent_chain
G4_Onmem_wall,2,banded_sym_w8,triplet,all,11,20,persistent_chain
G4_Onmem_wall,2,banded_sym_w8,triplet,all,12,14,persistent_chain
G4_Onmem_wall,2,banded_sym_w8,triplet,all,13,9,persistent_chain
G4_Onmem_wall,2,banded_sym_w8,triplet,all,14,9,persistent_chain
G4_Onmem_wall,2,banded_sym_w8,triplet,all,15,7,persistent_chain
G4_Onmem_wall,2,banded_sym_w8,triplet,all,16,6,persistent_chain
G4_Onmem_wall,2,banded_sym_w8,triplet,all,17,2,persistent_chain
G4_Onmem_wall,2,banded_sym_w8,triplet,all,18,4,persistent_chain
G4_Onmem_wall,2,banded_sym_w8,triplet,all,19,2,persistent_chain
G4_Onmem_wall,2,banded_sym_w8,triplet,all,20,1,persistent_chain
G4_Onmem_wall,2,banded_sym_w8,triplet,all,21,2,persistent_chain
G4_Onmem_wall,2,banded_sym_w8,triplet,all,23,3,persistent_chain
G4_Onmem_wall,2,banded_sym_w8,triplet,all,24,3,persistent_chain
G4_Onmem_wall,2,banded_sym_w8,triplet,all,25,2,persistent_chain
G4_Onmem_wall,2,banded_sym_w8,triplet,all,26,1,persistent_chain
G4_Onmem_wall,2,banded_sym_w8,triplet,all,28,1,persistent_chain
G4_Onmem_wall,2,banded_sym_w8,triplet,all,31,2,persistent_chain
G4_Onmem_wall,2,banded_sym_w8,triplet,all,77,1,persistent_chain
G4_Onmem_wall,2,banded_sym_w8,triplet,Hel-Hel,1,29,persistent_chain
G4_Onmem_wall,2,banded_sym_w8,triplet,Hel-Hel,2,4,persistent_chain
G4_Onmem_wall,2,banded_sym_w8,triplet,Hel-Hel,3,2,persistent_chain
G4_Onmem_wall,2,banded_sym_w8,triplet,Hel-Hel,5,2,persistent_chain
G4_Onmem_wall,2,banded_sym_w8,triplet,Hel-IDP,1,335,persistent_chain
G4_Onmem_wall,2,banded_sym_w8,triplet,Hel-IDP,2,98,persistent_chain
G4_Onmem_wall,2,banded_sym_w8,triplet,Hel-IDP,3,45,persistent_chain
G4_Onmem_wall,2,banded_sym_w8,triplet,Hel-IDP,4,29,persistent_chain
G4_Onmem_wall,2,banded_sym_w8,triplet,Hel-IDP,5,17,persistent_chain
G4_Onmem_wall,2,banded_sym_w8,triplet,Hel-IDP,6,8,persistent_chain
G4_Onmem_wall,2,banded_sym_w8,triplet,Hel-IDP,7,5,persistent_chain
G4_Onmem_wall,2,banded_sym_w8,triplet,Hel-IDP,8,4,persistent_chain
G4_Onmem_wall,2,banded_sym_w8,triplet,Hel-IDP,9,2,persistent_chain
G4_Onmem_wall,2,banded_sym_w8,triplet,Hel-IDP,10,3,persistent_chain
G4_Onmem_wall,2,banded_sym_w8,triplet,Hel-IDP,11,3,persistent_chain
G4_Onmem_wall,2,banded_sym_w8,triplet,Hel-IDP,12,1,persistent_chain
G4_Onmem_wall,2,banded_sym_w8,triplet,Hel-IDP,13,1,persistent_chain
G4_Onmem_wall,2,banded_sym_w8,triplet,Hel-IDP,16,1,persistent_chain
G4_Onmem_wall,2,banded_sym_w8,triplet,Hel-IDP,17,1,persistent_chain
G4_Onmem_wall,2,banded_sym_w8,triplet,IDP-IDP,1,7304,persistent_chain
G4_Onmem_wall,2,banded_sym_w8,triplet,IDP-IDP,2,2204,persistent_chain
G4_Onmem_wall,2,banded_sym_w8,triplet,IDP-IDP,3,965,persistent_chain
G4_Onmem_wall,2,banded_sym_w8,triplet,IDP-IDP,4,462,persistent_chain
G4_Onmem_wall,2,banded_sym_w8,triplet,IDP-IDP,5,278,persistent_chain
G4_Onmem_wall,2,banded_sym_w8,triplet,IDP-IDP,6,171,persistent_chain
G4_Onmem_wall,2,banded_sym_w8,triplet,IDP-IDP,7,88,persistent_chain
G4_Onmem_wall,2,banded_sym_w8,triplet,IDP-IDP,8,57,persistent_chain
G4_Onmem_wall,2,banded_sym_w8,triplet,IDP-IDP,9,49,persistent_chain
G4_Onmem_wall,2,banded_sym_w8,triplet,IDP-IDP,10,38,persistent_chain
G4_Onmem_wall,2,banded_sym_w8,triplet,IDP-IDP,11,17,persistent_chain
G4_Onmem_wall,2,banded_sym_w8,triplet,IDP-IDP,12,13,persistent_chain
G4_Onmem_wall,2,banded_sym_w8,triplet,IDP-IDP,13,8,persistent_chain
G4_Onmem_wall,2,banded_sym_w8,triplet,IDP-IDP,14,9,persistent_chain
G4_Onmem_wall,2,banded_sym_w8,triplet,IDP-IDP,15,7,persistent_chain
G4_Onmem_wall,2,banded_sym_w8,triplet,IDP-IDP,16,5,persistent_chain
G4_Onmem_wall,2,banded_sym_w8,triplet,IDP-IDP,17,1,persistent_chain
G4_Onmem_wall,2,banded_sym_w8,triplet,IDP-IDP,18,4,persistent_chain
G4_Onmem_wall,2,banded_sym_w8,triplet,IDP-IDP,19,2,persistent_chain
G4_Onmem_wall,2,banded_sym_w8,triplet,IDP-IDP,20,1,persistent_chain
G4_Onmem_wall,2,banded_sym_w8,triplet,IDP-IDP,21,2,persistent_chain
G4_Onmem_wall,2,banded_sym_w8,triplet,IDP-IDP,23,3,persistent_chain
G4_Onmem_wall,2,banded_sym_w8,triplet,IDP-IDP,24,3,persistent_chain
G4_Onmem_wall,2,banded_sym_w8,triplet,IDP-IDP,25,2,persistent_chain
G4_Onmem_wall,2,banded_sym_w8,triplet,IDP-IDP,26,1,persistent_chain
G4_Onmem_wall,2,banded_sym_w8,triplet,IDP-IDP,28,1,persistent_chain
G4_Onmem_wall,2,banded_sym_w8,triplet,IDP-IDP,31,2,persistent_chain
G4_Onmem_wall,2,banded_sym_w8,triplet,IDP-IDP,77,1,persistent_chain
G4_Onmem_wall,2,banded_sym_w10,one,all,1,13191,persistent_chain
G4_Onmem_wall,2,banded_sym_w10,one,all,2,5206,persistent_chain
G4_Onmem_wall,2,banded_sym_w10,one,all,3,2781,persistent_chain
G4_Onmem_wall,2,banded_sym_w10,one,all,4,1764,persistent_chain
G4_Onmem_wall,2,banded_sym_w10,one,all,5,1165,persistent_chain
G4_Onmem_wall,2,banded_sym_w10,one,all,6,875,persistent_chain
G4_Onmem_wall,2,banded_sym_w10,one,all,7,608,persistent_chain
G4_Onmem_wall,2,banded_sym_w10,one,all,8,472,persistent_chain
G4_Onmem_wall,2,banded_sym_w10,one,all,9,346,persistent_chain
G4_Onmem_wall,2,banded_sym_w10,one,all,10,283,persistent_chain
G4_Onmem_wall,2,banded_sym_w10,one,all,11,263,persistent_chain
G4_Onmem_wall,2,banded_sym_w10,one,all,12,191,persistent_chain
G4_Onmem_wall,2,banded_sym_w10,one,all,13,147,persistent_chain
G4_Onmem_wall,2,banded_sym_w10,one,all,14,130,persistent_chain
G4_Onmem_wall,2,banded_sym_w10,one,all,15,117,persistent_chain
G4_Onmem_wall,2,banded_sym_w10,one,all,16,82,persistent_chain
G4_Onmem_wall,2,banded_sym_w10,one,all,17,74,persistent_chain
G4_Onmem_wall,2,banded_sym_w10,one,all,18,68,persistent_chain
G4_Onmem_wall,2,banded_sym_w10,one,all,19,65,persistent_chain
G4_Onmem_wall,2,banded_sym_w10,one,all,20,51,persistent_chain
G4_Onmem_wall,2,banded_sym_w10,one,all,21,42,persistent_chain
G4_Onmem_wall,2,banded_sym_w10,one,all,22,51,persistent_chain
G4_Onmem_wall,2,banded_sym_w10,one,all,23,25,persistent_chain
G4_Onmem_wall,2,banded_sym_w10,one,all,24,27,persistent_chain
G4_Onmem_wall,2,banded_sym_w10,one,all,25,37,persistent_chain
G4_Onmem_wall,2,banded_sym_w10,one,all,26,27,persistent_chain
G4_Onmem_wall,2,banded_sym_w10,one,all,27,19,persistent_chain
G4_Onmem_wall,2,banded_sym_w10,one,all,28,16,persistent_chain
G4_Onmem_wall,2,banded_sym_w10,one,all,29,14,persistent_chain
G4_Onmem_wall,2,banded_sym_w10,one,all,30,16,persistent_chain
G4_Onmem_wall,2,banded_sym_w10,one,all,31,13,persistent_chain
G4_Onmem_wall,2,banded_sym_w10,one,all,32,15,persistent_chain
G4_Onmem_wall,2,banded_sym_w10,one,all,33,14,persistent_chain
G4_Onmem_wall,2,banded_sym_w10,one,all,34,17,persistent_chain
G4_Onmem_wall,2,banded_sym_w10,one,all,35,8,persistent_chain
G4_Onmem_wall,2,banded_sym_w10,one,all,36,8,persistent_chain
G4_Onmem_wall,2,banded_sym_w10,one,all,37,5,persistent_chain
G4_Onmem_wall,2,banded_sym_w10,one,all,38,6,persistent_chain
G4_Onmem_wall,2,banded_sym_w10,one,all,39,8,persistent_chain
G4_Onmem_wall,2,banded_sym_w10,one,all,40,6,persistent_chain
G4_Onmem_wall,2,banded_sym_w10,one,all,41,3,persistent_chain
G4_Onmem_wall,2,banded_sym_w10,one,all,42,4,persistent_chain
G4_Onmem_wall,2,banded_sym_w10,one,all,43,10,persistent_chain
G4_Onmem_wall,2,banded_sym_w10,one,all,44,4,persistent_chain
G4_Onmem_wall,2,banded_sym_w10,one,all,45,1,persistent_chain
G4_Onmem_wall,2,banded_sym_w10,one,all,46,2,persistent_chain
G4_Onmem_wall,2,banded_sym_w10,one,all,47,2,persistent_chain
G4_Onmem_wall,2,banded_sym_w10,one,all,49,2,persistent_chain
G4_Onmem_wall,2,banded_sym_w10,one,all,50,4,persistent_chain
G4_Onmem_wall,2,banded_sym_w10,one,all,51,2,persistent_chain
G4_Onmem_wall,2,banded_sym_w10,one,all,52,1,persistent_chain
G4_Onmem_wall,2,banded_sym_w10,one,all,53,4,persistent_chain
G4_Onmem_wall,2,banded_sym_w10,one,all,54,1,persistent_chain
G4_Onmem_wall,2,banded_sym_w10,one,all,55,3,persistent_chain
G4_Onmem_wall,2,banded_sym_w10,one,all,57,4,persistent_chain
G4_Onmem_wall,2,banded_sym_w10,one,all,59,5,persistent_chain
G4_Onmem_wall,2,banded_sym_w10,one,all,62,3,persistent_chain
G4_Onmem_wall,2,banded_sym_w10,one,all,63,3,persistent_chain
G4_Onmem_wall,2,banded_sym_w10,one,all,65,1,persistent_chain
G4_Onmem_wall,2,banded_sym_w10,one,all,66,3,persistent_chain
G4_Onmem_wall,2,banded_sym_w10,one,all,67,1,persistent_chain
G4_Onmem_wall,2,banded_sym_w10,one,all,68,1,persistent_chain
G4_Onmem_wall,2,banded_sym_w10,one,all,69,2,persistent_chain
G4_Onmem_wall,2,banded_sym_w10,one,all,70,2,persistent_chain
G4_Onmem_wall,2,banded_sym_w10,one,all,74,3,persistent_chain
G4_Onmem_wall,2,banded_sym_w10,one,all,75,1,persistent_chain
G4_Onmem_wall,2,banded_sym_w10,one,all,79,1,persistent_chain
G4_Onmem_wall,2,banded_sym_w10,one,all,80,1,persistent_chain
G4_Onmem_wall,2,banded_sym_w10,one,all,81,1,persistent_chain
G4_Onmem_wall,2,banded_sym_w10,one,all,85,1,persistent_chain
G4_Onmem_wall,2,banded_sym_w10,one,all,86,1,persistent_chain
G4_Onmem_wall,2,banded_sym_w10,one,all,87,1,persistent_chain
G4_Onmem_wall,2,banded_sym_w10,one,all,94,1,persistent_chain
G4_Onmem_wall,2,banded_sym_w10,one,all,107,1,persistent_chain
G4_Onmem_wall,2,banded_sym_w10,one,all,167,1,persistent_chain
G4_Onmem_wall,2,banded_sym_w10,one,all,260,1,persistent_chain
G4_Onmem_wall,2,banded_sym_w10,one,all,282,1,persistent_chain
G4_Onmem_wall,2,banded_sym_w10,one,all,555,1,persistent_chain
G4_Onmem_wall,2,banded_sym_w10,one,Hel-Hel,1,30,persistent_chain
G4_Onmem_wall,2,banded_sym_w10,one,Hel-Hel,2,11,persistent_chain
G4_Onmem_wall,2,banded_sym_w10,one,Hel-Hel,3,11,persistent_chain
G4_Onmem_wall,2,banded_sym_w10,one,Hel-Hel,4,4,persistent_chain
G4_Onmem_wall,2,banded_sym_w10,one,Hel-Hel,5,1,persistent_chain
G4_Onmem_wall,2,banded_sym_w10,one,Hel-Hel,6,2,persistent_chain
G4_Onmem_wall,2,banded_sym_w10,one,Hel-Hel,7,1,persistent_chain
G4_Onmem_wall,2,banded_sym_w10,one,Hel-Hel,11,1,persistent_chain
G4_Onmem_wall,2,banded_sym_w10,one,Hel-Hel,12,1,persistent_chain
G4_Onmem_wall,2,banded_sym_w10,one,Hel-Hel,13,2,persistent_chain
G4_Onmem_wall,2,banded_sym_w10,one,Hel-Hel,15,1,persistent_chain
G4_Onmem_wall,2,banded_sym_w10,one,Hel-Hel,16,1,persistent_chain
G4_Onmem_wall,2,banded_sym_w10,one,Hel-Hel,21,1,persistent_chain
G4_Onmem_wall,2,banded_sym_w10,one,Hel-Hel,22,1,persistent_chain
G4_Onmem_wall,2,banded_sym_w10,one,Hel-Hel,28,1,persistent_chain
G4_Onmem_wall,2,banded_sym_w10,one,Hel-Hel,32,1,persistent_chain
G4_Onmem_wall,2,banded_sym_w10,one,Hel-Hel,36,2,persistent_chain
G4_Onmem_wall,2,banded_sym_w10,one,Hel-Hel,50,1,persistent_chain
G4_Onmem_wall,2,banded_sym_w10,one,Hel-Hel,53,1,persistent_chain
G4_Onmem_wall,2,banded_sym_w10,one,Hel-Hel,55,1,persistent_chain
G4_Onmem_wall,2,banded_sym_w10,one,Hel-Hel,66,1,persistent_chain
G4_Onmem_wall,2,banded_sym_w10,one,Hel-Hel,81,1,persistent_chain
G4_Onmem_wall,2,banded_sym_w10,one,Hel-Hel,107,1,persistent_chain
G4_Onmem_wall,2,banded_sym_w10,one,Hel-Hel,282,1,persistent_chain
G4_Onmem_wall,2,banded_sym_w10,one,Hel-Hel,555,1,persistent_chain
G4_Onmem_wall,2,banded_sym_w10,one,Hel-IDP,1,797,persistent_chain
G4_Onmem_wall,2,banded_sym_w10,one,Hel-IDP,2,295,persistent_chain
G4_Onmem_wall,2,banded_sym_w10,one,Hel-IDP,3,171,persistent_chain
G4_Onmem_wall,2,banded_sym_w10,one,Hel-IDP,4,104,persistent_chain
G4_Onmem_wall,2,banded_sym_w10,one,Hel-IDP,5,77,persistent_chain
G4_Onmem_wall,2,banded_sym_w10,one,Hel-IDP,6,51,persistent_chain
G4_Onmem_wall,2,banded_sym_w10,one,Hel-IDP,7,34,persistent_chain
G4_Onmem_wall,2,banded_sym_w10,one,Hel-IDP,8,30,persistent_chain
G4_Onmem_wall,2,banded_sym_w10,one,Hel-IDP,9,23,persistent_chain
G4_Onmem_wall,2,banded_sym_w10,one,Hel-IDP,10,17,persistent_chain
G4_Onmem_wall,2,banded_sym_w10,one,Hel-IDP,11,20,persistent_chain
G4_Onmem_wall,2,banded_sym_w10,one,Hel-IDP,12,11,persistent_chain
G4_Onmem_wall,2,banded_sym_w10,one,Hel-IDP,13,11,persistent_chain
G4_Onmem_wall,2,banded_sym_w10,one,Hel-IDP,14,5,persistent_chain
G4_Onmem_wall,2,banded_sym_w10,one,Hel-IDP,15,4,persistent_chain
G4_Onmem_wall,2,banded_sym_w10,one,Hel-IDP,16,9,persistent_chain
G4_Onmem_wall,2,banded_sym_w10,one,Hel-IDP,17,4,persistent_chain
G4_Onmem_wall,2,banded_sym_w10,one,Hel-IDP,18,7,persistent_chain
G4_Onmem_wall,2,banded_sym_w10,one,Hel-IDP,19,9,persistent_chain
G4_Onmem_wall,2,banded_sym_w10,one,Hel-IDP,20,6,persistent_chain
G4_Onmem_wall,2,banded_sym_w10,one,Hel-IDP,21,5,persistent_chain
G4_Onmem_wall,2,banded_sym_w10,one,Hel-IDP,22,4,persistent_chain
G4_Onmem_wall,2,banded_sym_w10,one,Hel-IDP,23,2,persistent_chain
G4_Onmem_wall,2,banded_sym_w10,one,Hel-IDP,24,4,persistent_chain
G4_Onmem_wall,2,banded_sym_w10,one,Hel-IDP,25,1,persistent_chain
G4_Onmem_wall,2,banded_sym_w10,one,Hel-IDP,26,4,persistent_chain
G4_Onmem_wall,2,banded_sym_w10,one,Hel-IDP,27,2,persistent_chain
G4_Onmem_wall,2,banded_sym_w10,one,Hel-IDP,29,1,persistent_chain
G4_Onmem_wall,2,banded_sym_w10,one,Hel-IDP,30,4,persistent_chain
G4_Onmem_wall,2,banded_sym_w10,one,Hel-IDP,32,4,persistent_chain
G4_Onmem_wall,2,banded_sym_w10,one,Hel-IDP,33,1,persistent_chain
G4_Onmem_wall,2,banded_sym_w10,one,Hel-IDP,34,5,persistent_chain
G4_Onmem_wall,2,banded_sym_w10,one,Hel-IDP,35,1,persistent_chain
G4_Onmem_wall,2,banded_sym_w10,one,Hel-IDP,36,1,persistent_chain
G4_Onmem_wall,2,banded_sym_w10,one,Hel-IDP,38,1,persistent_chain
G4_Onmem_wall,2,banded_sym_w10,one,Hel-IDP,39,2,persistent_chain
G4_Onmem_wall,2,banded_sym_w10,one,Hel-IDP,40,1,persistent_chain
G4_Onmem_wall,2,banded_sym_w10,one,Hel-IDP,43,1,persistent_chain
G4_Onmem_wall,2,banded_sym_w10,one,Hel-IDP,47,1,persistent_chain
G4_Onmem_wall,2,banded_sym_w10,one,Hel-IDP,50,1,persistent_chain
G4_Onmem_wall,2,banded_sym_w10,one,Hel-IDP,51,1,persistent_chain
G4_Onmem_wall,2,banded_sym_w10,one,Hel-IDP,55,1,persistent_chain
G4_Onmem_wall,2,banded_sym_w10,one,Hel-IDP,59,1,persistent_chain
G4_Onmem_wall,2,banded_sym_w10,one,Hel-IDP,62,1,persistent_chain
G4_Onmem_wall,2,banded_sym_w10,one,IDP-IDP,1,12364,persistent_chain
G4_Onmem_wall,2,banded_sym_w10,one,IDP-IDP,2,4900,persistent_chain
G4_Onmem_wall,2,banded_sym_w10,one,IDP-IDP,3,2599,persistent_chain
G4_Onmem_wall,2,banded_sym_w10,one,IDP-IDP,4,1656,persistent_chain
G4_Onmem_wall,2,banded_sym_w10,one,IDP-IDP,5,1087,persistent_chain
G4_Onmem_wall,2,banded_sym_w10,one,IDP-IDP,6,822,persistent_chain
G4_Onmem_wall,2,banded_sym_w10,one,IDP-IDP,7,573,persistent_chain
G4_Onmem_wall,2,banded_sym_w10,one,IDP-IDP,8,442,persistent_chain
G4_Onmem_wall,2,banded_sym_w10,one,IDP-IDP,9,323,persistent_chain
G4_Onmem_wall,2,banded_sym_w10,one,IDP-IDP,10,266,persistent_chain
G4_Onmem_wall,2,banded_sym_w10,one,IDP-IDP,11,242,persistent_chain
G4_Onmem_wall,2,banded_sym_w10,one,IDP-IDP,12,179,persistent_chain
G4_Onmem_wall,2,banded_sym_w10,one,IDP-IDP,13,134,persistent_chain
G4_Onmem_wall,2,banded_sym_w10,one,IDP-IDP,14,125,persistent_chain
G4_Onmem_wall,2,banded_sym_w10,one,IDP-IDP,15,112,persistent_chain
G4_Onmem_wall,2,banded_sym_w10,one,IDP-IDP,16,72,persistent_chain
G4_Onmem_wall,2,banded_sym_w10,one,IDP-IDP,17,70,persistent_chain
G4_Onmem_wall,2,banded_sym_w10,one,IDP-IDP,18,61,persistent_chain
G4_Onmem_wall,2,banded_sym_w10,one,IDP-IDP,19,56,persistent_chain
G4_Onmem_wall,2,banded_sym_w10,one,IDP-IDP,20,45,persistent_chain
G4_Onmem_wall,2,banded_sym_w10,one,IDP-IDP,21,36,persistent_chain
G4_Onmem_wall,2,banded_sym_w10,one,IDP-IDP,22,46,persistent_chain
G4_Onmem_wall,2,banded_sym_w10,one,IDP-IDP,23,23,persistent_chain
G4_Onmem_wall,2,banded_sym_w10,one,IDP-IDP,24,23,persistent_chain
G4_Onmem_wall,2,banded_sym_w10,one,IDP-IDP,25,36,persistent_chain
G4_Onmem_wall,2,banded_sym_w10,one,IDP-IDP,26,23,persistent_chain
G4_Onmem_wall,2,banded_sym_w10,one,IDP-IDP,27,17,persistent_chain
G4_Onmem_wall,2,banded_sym_w10,one,IDP-IDP,28,15,persistent_chain
G4_Onmem_wall,2,banded_sym_w10,one,IDP-IDP,29,13,persistent_chain
G4_Onmem_wall,2,banded_sym_w10,one,IDP-IDP,30,12,persistent_chain
G4_Onmem_wall,2,banded_sym_w10,one,IDP-IDP,31,13,persistent_chain
G4_Onmem_wall,2,banded_sym_w10,one,IDP-IDP,32,10,persistent_chain
G4_Onmem_wall,2,banded_sym_w10,one,IDP-IDP,33,13,persistent_chain
G4_Onmem_wall,2,banded_sym_w10,one,IDP-IDP,34,12,persistent_chain
G4_Onmem_wall,2,banded_sym_w10,one,IDP-IDP,35,7,persistent_chain
G4_Onmem_wall,2,banded_sym_w10,one,IDP-IDP,36,5,persistent_chain
G4_Onmem_wall,2,banded_sym_w10,one,IDP-IDP,37,5,persistent_chain
G4_Onmem_wall,2,banded_sym_w10,one,IDP-IDP,38,5,persistent_chain
G4_Onmem_wall,2,banded_sym_w10,one,IDP-IDP,39,6,persistent_chain
G4_Onmem_wall,2,banded_sym_w10,one,IDP-IDP,40,5,persistent_chain
G4_Onmem_wall,2,banded_sym_w10,one,IDP-IDP,41,3,persistent_chain
G4_Onmem_wall,2,banded_sym_w10,one,IDP-IDP,42,4,persistent_chain
G4_Onmem_wall,2,banded_sym_w10,one,IDP-IDP,43,9,persistent_chain
G4_Onmem_wall,2,banded_sym_w10,one,IDP-IDP,44,4,persistent_chain
G4_Onmem_wall,2,banded_sym_w10,one,IDP-IDP,45,1,persistent_chain
G4_Onmem_wall,2,banded_sym_w10,one,IDP-IDP,46,2,persistent_chain
G4_Onmem_wall,2,banded_sym_w10,one,IDP-IDP,47,1,persistent_chain
G4_Onmem_wall,2,banded_sym_w10,one,IDP-IDP,49,2,persistent_chain
G4_Onmem_wall,2,banded_sym_w10,one,IDP-IDP,50,2,persistent_chain
G4_Onmem_wall,2,banded_sym_w10,one,IDP-IDP,51,1,persistent_chain
G4_Onmem_wall,2,banded_sym_w10,one,IDP-IDP,52,1,persistent_chain
G4_Onmem_wall,2,banded_sym_w10,one,IDP-IDP,53,3,persistent_chain
G4_Onmem_wall,2,banded_sym_w10,one,IDP-IDP,54,1,persistent_chain
G4_Onmem_wall,2,banded_sym_w10,one,IDP-IDP,55,1,persistent_chain
G4_Onmem_wall,2,banded_sym_w10,one,IDP-IDP,57,4,persistent_chain
G4_Onmem_wall,2,banded_sym_w10,one,IDP-IDP,59,4,persistent_chain
G4_Onmem_wall,2,banded_sym_w10,one,IDP-IDP,62,2,persistent_chain
G4_Onmem_wall,2,banded_sym_w10,one,IDP-IDP,63,3,persistent_chain
G4_Onmem_wall,2,banded_sym_w10,one,IDP-IDP,65,1,persistent_chain
G4_Onmem_wall,2,banded_sym_w10,one,IDP-IDP,66,2,persistent_chain
G4_Onmem_wall,2,banded_sym_w10,one,IDP-IDP,67,1,persistent_chain
G4_Onmem_wall,2,banded_sym_w10,one,IDP-IDP,68,1,persistent_chain
G4_Onmem_wall,2,banded_sym_w10,one,IDP-IDP,69,2,persistent_chain
G4_Onmem_wall,2,banded_sym_w10,one,IDP-IDP,70,2,persistent_chain
G4_Onmem_wall,2,banded_sym_w10,one,IDP-IDP,74,3,persistent_chain
G4_Onmem_wall,2,banded_sym_w10,one,IDP-IDP,75,1,persistent_chain
G4_Onmem_wall,2,banded_sym_w10,one,IDP-IDP,79,1,persistent_chain
G4_Onmem_wall,2,banded_sym_w10,one,IDP-IDP,80,1,persistent_chain
G4_Onmem_wall,2,banded_sym_w10,one,IDP-IDP,85,1,persistent_chain
G4_Onmem_wall,2,banded_sym_w10,one,IDP-IDP,86,1,persistent_chain
G4_Onmem_wall,2,banded_sym_w10,one,IDP-IDP,87,1,persistent_chain
G4_Onmem_wall,2,banded_sym_w10,one,IDP-IDP,94,1,persistent_chain
G4_Onmem_wall,2,banded_sym_w10,one,IDP-IDP,167,1,persistent_chain
G4_Onmem_wall,2,banded_sym_w10,one,IDP-IDP,260,1,persistent_chain
G4_Onmem_wall,2,banded_sym_w10,three,all,1,10912,persistent_chain
G4_Onmem_wall,2,banded_sym_w10,three,all,2,4189,persistent_chain
G4_Onmem_wall,2,banded_sym_w10,three,all,3,2070,persistent_chain
G4_Onmem_wall,2,banded_sym_w10,three,all,4,1169,persistent_chain
G4_Onmem_wall,2,banded_sym_w10,three,all,5,747,persistent_chain
G4_Onmem_wall,2,banded_sym_w10,three,all,6,532,persistent_chain
G4_Onmem_wall,2,banded_sym_w10,three,all,7,324,persistent_chain
G4_Onmem_wall,2,banded_sym_w10,three,all,8,284,persistent_chain
G4_Onmem_wall,2,banded_sym_w10,three,all,9,152,persistent_chain
G4_Onmem_wall,2,banded_sym_w10,three,all,10,146,persistent_chain
G4_Onmem_wall,2,banded_sym_w10,three,all,11,107,persistent_chain
G4_Onmem_wall,2,banded_sym_w10,three,all,12,76,persistent_chain
G4_Onmem_wall,2,banded_sym_w10,three,all,13,65,persistent_chain
G4_Onmem_wall,2,banded_sym_w10,three,all,14,58,persistent_chain
G4_Onmem_wall,2,banded_sym_w10,three,all,15,35,persistent_chain
G4_Onmem_wall,2,banded_sym_w10,three,all,16,35,persistent_chain
G4_Onmem_wall,2,banded_sym_w10,three,all,17,24,persistent_chain
G4_Onmem_wall,2,banded_sym_w10,three,all,18,26,persistent_chain
G4_Onmem_wall,2,banded_sym_w10,three,all,19,16,persistent_chain
G4_Onmem_wall,2,banded_sym_w10,three,all,20,15,persistent_chain
G4_Onmem_wall,2,banded_sym_w10,three,all,21,13,persistent_chain
G4_Onmem_wall,2,banded_sym_w10,three,all,22,13,persistent_chain
G4_Onmem_wall,2,banded_sym_w10,three,all,23,9,persistent_chain
G4_Onmem_wall,2,banded_sym_w10,three,all,24,14,persistent_chain
G4_Onmem_wall,2,banded_sym_w10,three,all,25,15,persistent_chain
G4_Onmem_wall,2,banded_sym_w10,three,all,26,6,persistent_chain
G4_Onmem_wall,2,banded_sym_w10,three,all,27,8,persistent_chain
G4_Onmem_wall,2,banded_sym_w10,three,all,28,4,persistent_chain
G4_Onmem_wall,2,banded_sym_w10,three,all,29,7,persistent_chain
G4_Onmem_wall,2,banded_sym_w10,three,all,30,2,persistent_chain
G4_Onmem_wall,2,banded_sym_w10,three,all,31,8,persistent_chain
G4_Onmem_wall,2,banded_sym_w10,three,all,32,4,persistent_chain
G4_Onmem_wall,2,banded_sym_w10,three,all,33,3,persistent_chain
G4_Onmem_wall,2,banded_sym_w10,three,all,34,3,persistent_chain
G4_Onmem_wall,2,banded_sym_w10,three,all,35,4,persistent_chain
G4_Onmem_wall,2,banded_sym_w10,three,all,36,3,persistent_chain
G4_Onmem_wall,2,banded_sym_w10,three,all,37,3,persistent_chain
G4_Onmem_wall,2,banded_sym_w10,three,all,38,1,persistent_chain
G4_Onmem_wall,2,banded_sym_w10,three,all,39,4,persistent_chain
G4_Onmem_wall,2,banded_sym_w10,three,all,40,1,persistent_chain
G4_Onmem_wall,2,banded_sym_w10,three,all,41,1,persistent_chain
G4_Onmem_wall,2,banded_sym_w10,three,all,44,2,persistent_chain
G4_Onmem_wall,2,banded_sym_w10,three,all,46,1,persistent_chain
G4_Onmem_wall,2,banded_sym_w10,three,all,47,3,persistent_chain
G4_Onmem_wall,2,banded_sym_w10,three,all,48,1,persistent_chain
G4_Onmem_wall,2,banded_sym_w10,three,all,52,1,persistent_chain
G4_Onmem_wall,2,banded_sym_w10,three,all,54,1,persistent_chain
G4_Onmem_wall,2,banded_sym_w10,three,all,55,1,persistent_chain
G4_Onmem_wall,2,banded_sym_w10,three,all,56,1,persistent_chain
G4_Onmem_wall,2,banded_sym_w10,three,all,57,2,persistent_chain
G4_Onmem_wall,2,banded_sym_w10,three,all,58,1,persistent_chain
G4_Onmem_wall,2,banded_sym_w10,three,all,60,1,persistent_chain
G4_Onmem_wall,2,banded_sym_w10,three,all,65,1,persistent_chain
G4_Onmem_wall,2,banded_sym_w10,three,all,70,1,persistent_chain
G4_Onmem_wall,2,banded_sym_w10,three,all,78,1,persistent_chain
G4_Onmem_wall,2,banded_sym_w10,three,all,122,1,persistent_chain
G4_Onmem_wall,2,banded_sym_w10,three,all,132,1,persistent_chain
G4_Onmem_wall,2,banded_sym_w10,three,all,163,1,persistent_chain
G4_Onmem_wall,2,banded_sym_w10,three,all,262,1,persistent_chain
G4_Onmem_wall,2,banded_sym_w10,three,all,272,1,persistent_chain
G4_Onmem_wall,2,banded_sym_w10,three,Hel-Hel,1,33,persistent_chain
G4_Onmem_wall,2,banded_sym_w10,three,Hel-Hel,2,8,persistent_chain
G4_Onmem_wall,2,banded_sym_w10,three,Hel-Hel,3,4,persistent_chain
G4_Onmem_wall,2,banded_sym_w10,three,Hel-Hel,4,8,persistent_chain
G4_Onmem_wall,2,banded_sym_w10,three,Hel-Hel,5,1,persistent_chain
G4_Onmem_wall,2,banded_sym_w10,three,Hel-Hel,6,2,persistent_chain
G4_Onmem_wall,2,banded_sym_w10,three,Hel-Hel,7,4,persistent_chain
G4_Onmem_wall,2,banded_sym_w10,three,Hel-Hel,9,1,persistent_chain
G4_Onmem_wall,2,banded_sym_w10,three,Hel-Hel,11,1,persistent_chain
G4_Onmem_wall,2,banded_sym_w10,three,Hel-Hel,14,1,persistent_chain
G4_Onmem_wall,2,banded_sym_w10,three,Hel-Hel,20,1,persistent_chain
G4_Onmem_wall,2,banded_sym_w10,three,Hel-Hel,24,1,persistent_chain
G4_Onmem_wall,2,banded_sym_w10,three,Hel-Hel,27,1,persistent_chain
G4_Onmem_wall,2,banded_sym_w10,three,Hel-Hel,28,1,persistent_chain
G4_Onmem_wall,2,banded_sym_w10,three,Hel-Hel,29,1,persistent_chain
G4_Onmem_wall,2,banded_sym_w10,three,Hel-Hel,33,1,persistent_chain
G4_Onmem_wall,2,banded_sym_w10,three,Hel-Hel,36,1,persistent_chain
G4_Onmem_wall,2,banded_sym_w10,three,Hel-Hel,47,1,persistent_chain
G4_Onmem_wall,2,banded_sym_w10,three,Hel-Hel,55,1,persistent_chain
G4_Onmem_wall,2,banded_sym_w10,three,Hel-Hel,70,1,persistent_chain
G4_Onmem_wall,2,banded_sym_w10,three,Hel-Hel,78,1,persistent_chain
G4_Onmem_wall,2,banded_sym_w10,three,Hel-Hel,122,1,persistent_chain
G4_Onmem_wall,2,banded_sym_w10,three,Hel-Hel,132,1,persistent_chain
G4_Onmem_wall,2,banded_sym_w10,three,Hel-Hel,262,1,persistent_chain
G4_Onmem_wall,2,banded_sym_w10,three,Hel-Hel,272,1,persistent_chain
G4_Onmem_wall,2,banded_sym_w10,three,Hel-IDP,1,609,persistent_chain
G4_Onmem_wall,2,banded_sym_w10,three,Hel-IDP,2,209,persistent_chain
G4_Onmem_wall,2,banded_sym_w10,three,Hel-IDP,3,108,persistent_chain
G4_Onmem_wall,2,banded_sym_w10,three,Hel-IDP,4,80,persistent_chain
G4_Onmem_wall,2,banded_sym_w10,three,Hel-IDP,5,45,persistent_chain
G4_Onmem_wall,2,banded_sym_w10,three,Hel-IDP,6,38,persistent_chain
G4_Onmem_wall,2,banded_sym_w10,three,Hel-IDP,7,24,persistent_chain
G4_Onmem_wall,2,banded_sym_w10,three,Hel-IDP,8,26,persistent_chain
G4_Onmem_wall,2,banded_sym_w10,three,Hel-IDP,9,11,persistent_chain
G4_Onmem_wall,2,banded_sym_w10,three,Hel-IDP,10,12,persistent_chain
G4_Onmem_wall,2,banded_sym_w10,three,Hel-IDP,11,10,persistent_chain
G4_Onmem_wall,2,banded_sym_w10,three,Hel-IDP,12,4,persistent_chain
G4_Onmem_wall,2,banded_sym_w10,three,Hel-IDP,13,8,persistent_chain
G4_Onmem_wall,2,banded_sym_w10,three,Hel-IDP,14,3,persistent_chain
G4_Onmem_wall,2,banded_sym_w10,three,Hel-IDP,15,2,persistent_chain
G4_Onmem_wall,2,banded_sym_w10,three,Hel-IDP,16,2,persistent_chain
G4_Onmem_wall,2,banded_sym_w10,three,Hel-IDP,17,4,persistent_chain
G4_Onmem_wall,2,banded_sym_w10,three,Hel-IDP,18,3,persistent_chain
G4_Onmem_wall,2,banded_sym_w10,three,Hel-IDP,19,3,persistent_chain
G4_Onmem_wall,2,banded_sym_w10,three,Hel-IDP,20,1,persistent_chain
G4_Onmem_wall,2,banded_sym_w10,three,Hel-IDP,22,2,persistent_chain
G4_Onmem_wall,2,banded_sym_w10,three,Hel-IDP,23,2,persistent_chain
G4_Onmem_wall,2,banded_sym_w10,three,Hel-IDP,24,3,persistent_chain
G4_Onmem_wall,2,banded_sym_w10,three,Hel-IDP,25,2,persistent_chain
G4_Onmem_wall,2,banded_sym_w10,three,Hel-IDP,31,2,persistent_chain
G4_Onmem_wall,2,banded_sym_w10,three,Hel-IDP,35,2,persistent_chain
G4_Onmem_wall,2,banded_sym_w10,three,Hel-IDP,39,1,persistent_chain
G4_Onmem_wall,2,banded_sym_w10,three,IDP-IDP,1,10270,persistent_chain
G4_Onmem_wall,2,banded_sym_w10,three,IDP-IDP,2,3972,persistent_chain
G4_Onmem_wall,2,banded_sym_w10,three,IDP-IDP,3,1958,persistent_chain
G4_Onmem_wall,2,banded_sym_w10,three,IDP-IDP,4,1081,persistent_chain
G4_Onmem_wall,2,banded_sym_w10,three,IDP-IDP,5,701,persistent_chain
G4_Onmem_wall,2,banded_sym_w10,three,IDP-IDP,6,492,persistent_chain
G4_Onmem_wall,2,banded_sym_w10,three,IDP-IDP,7,296,persistent_chain
G4_Onmem_wall,2,banded_sym_w10,three,IDP-IDP,8,258,persistent_chain
G4_Onmem_wall,2,banded_sym_w10,three,IDP-IDP,9,140,persistent_chain
G4_Onmem_wall,2,banded_sym_w10,three,IDP-IDP,10,134,persistent_chain
G4_Onmem_wall,2,banded_sym_w10,three,IDP-IDP,11,96,persistent_chain
G4_Onmem_wall,2,banded_sym_w10,three,IDP-IDP,12,72,persistent_chain
G4_Onmem_wall,2,banded_sym_w10,three,IDP-IDP,13,57,persistent_chain
G4_Onmem_wall,2,banded_sym_w10,three,IDP-IDP,14,54,persistent_chain
G4_Onmem_wall,2,banded_sym_w10,three,IDP-IDP,15,33,persistent_chain
G4_Onmem_wall,2,banded_sym_w10,three,IDP-IDP,16,33,persistent_chain
G4_Onmem_wall,2,banded_sym_w10,three,IDP-IDP,17,20,persistent_chain
G4_Onmem_wall,2,banded_sym_w10,three,IDP-IDP,18,23,persistent_chain
G4_Onmem_wall,2,banded_sym_w10,three,IDP-IDP,19,13,persistent_chain
G4_Onmem_wall,2,banded_sym_w10,three,IDP-IDP,20,13,persistent_chain
G4_Onmem_wall,2,banded_sym_w10,three,IDP-IDP,21,13,persistent_chain
G4_Onmem_wall,2,banded_sym_w10,three,IDP-IDP,22,11,persistent_chain
G4_Onmem_wall,2,banded_sym_w10,three,IDP-IDP,23,7,persistent_chain
G4_Onmem_wall,2,banded_sym_w10,three,IDP-IDP,24,10,persistent_chain
G4_Onmem_wall,2,banded_sym_w10,three,IDP-IDP,25,13,persistent_chain
G4_Onmem_wall,2,banded_sym_w10,three,IDP-IDP,26,6,persistent_chain
G4_Onmem_wall,2,banded_sym_w10,three,IDP-IDP,27,7,persistent_chain
G4_Onmem_wall,2,banded_sym_w10,three,IDP-IDP,28,3,persistent_chain
G4_Onmem_wall,2,banded_sym_w10,three,IDP-IDP,29,6,persistent_chain
G4_Onmem_wall,2,banded_sym_w10,three,IDP-IDP,30,2,persistent_chain
G4_Onmem_wall,2,banded_sym_w10,three,IDP-IDP,31,6,persistent_chain
G4_Onmem_wall,2,banded_sym_w10,three,IDP-IDP,32,4,persistent_chain
G4_Onmem_wall,2,banded_sym_w10,three,IDP-IDP,33,2,persistent_chain
G4_Onmem_wall,2,banded_sym_w10,three,IDP-IDP,34,3,persistent_chain
G4_Onmem_wall,2,banded_sym_w10,three,IDP-IDP,35,2,persistent_chain
G4_Onmem_wall,2,banded_sym_w10,three,IDP-IDP,36,2,persistent_chain
G4_Onmem_wall,2,banded_sym_w10,three,IDP-IDP,37,3,persistent_chain
G4_Onmem_wall,2,banded_sym_w10,three,IDP-IDP,38,1,persistent_chain
G4_Onmem_wall,2,banded_sym_w10,three,IDP-IDP,39,3,persistent_chain
G4_Onmem_wall,2,banded_sym_w10,three,IDP-IDP,40,1,persistent_chain
G4_Onmem_wall,2,banded_sym_w10,three,IDP-IDP,41,1,persistent_chain
G4_Onmem_wall,2,banded_sym_w10,three,IDP-IDP,44,2,persistent_chain
G4_Onmem_wall,2,banded_sym_w10,three,IDP-IDP,46,1,persistent_chain
G4_Onmem_wall,2,banded_sym_w10,three,IDP-IDP,47,2,persistent_chain
G4_Onmem_wall,2,banded_sym_w10,three,IDP-IDP,48,1,persistent_chain
G4_Onmem_wall,2,banded_sym_w10,three,IDP-IDP,52,1,persistent_chain
G4_Onmem_wall,2,banded_sym_w10,three,IDP-IDP,54,1,persistent_chain
G4_Onmem_wall,2,banded_sym_w10,three,IDP-IDP,56,1,persistent_chain
G4_Onmem_wall,2,banded_sym_w10,three,IDP-IDP,57,2,persistent_chain
G4_Onmem_wall,2,banded_sym_w10,three,IDP-IDP,58,1,persistent_chain
G4_Onmem_wall,2,banded_sym_w10,three,IDP-IDP,60,1,persistent_chain
G4_Onmem_wall,2,banded_sym_w10,three,IDP-IDP,65,1,persistent_chain
G4_Onmem_wall,2,banded_sym_w10,three,IDP-IDP,163,1,persistent_chain
G4_Onmem_wall,2,banded_sym_w10,triplet,all,1,8744,persistent_chain
G4_Onmem_wall,2,banded_sym_w10,triplet,all,2,2717,persistent_chain
G4_Onmem_wall,2,banded_sym_w10,triplet,all,3,1171,persistent_chain
G4_Onmem_wall,2,banded_sym_w10,triplet,all,4,567,persistent_chain
G4_Onmem_wall,2,banded_sym_w10,triplet,all,5,335,persistent_chain
G4_Onmem_wall,2,banded_sym_w10,triplet,all,6,218,persistent_chain
G4_Onmem_wall,2,banded_sym_w10,triplet,all,7,125,persistent_chain
G4_Onmem_wall,2,banded_sym_w10,triplet,all,8,71,persistent_chain
G4_Onmem_wall,2,banded_sym_w10,triplet,all,9,56,persistent_chain
G4_Onmem_wall,2,banded_sym_w10,triplet,all,10,45,persistent_chain
G4_Onmem_wall,2,banded_sym_w10,triplet,all,11,26,persistent_chain
G4_Onmem_wall,2,banded_sym_w10,triplet,all,12,21,persistent_chain
G4_Onmem_wall,2,banded_sym_w10,triplet,all,13,18,persistent_chain
G4_Onmem_wall,2,banded_sym_w10,triplet,all,14,10,persistent_chain
G4_Onmem_wall,2,banded_sym_w10,triplet,all,15,7,persistent_chain
G4_Onmem_wall,2,banded_sym_w10,triplet,all,16,6,persistent_chain
G4_Onmem_wall,2,banded_sym_w10,triplet,all,17,4,persistent_chain
G4_Onmem_wall,2,banded_sym_w10,triplet,all,18,5,persistent_chain
G4_Onmem_wall,2,banded_sym_w10,triplet,all,19,3,persistent_chain
G4_Onmem_wall,2,banded_sym_w10,triplet,all,20,2,persistent_chain
G4_Onmem_wall,2,banded_sym_w10,triplet,all,21,3,persistent_chain
G4_Onmem_wall,2,banded_sym_w10,triplet,all,22,1,persistent_chain
G4_Onmem_wall,2,banded_sym_w10,triplet,all,23,4,persistent_chain
G4_Onmem_wall,2,banded_sym_w10,triplet,all,24,3,persistent_chain
G4_Onmem_wall,2,banded_sym_w10,triplet,all,25,2,persistent_chain
G4_Onmem_wall,2,banded_sym_w10,triplet,all,26,2,persistent_chain
G4_Onmem_wall,2,banded_sym_w10,triplet,all,28,1,persistent_chain
G4_Onmem_wall,2,banded_sym_w10,triplet,all,31,2,persistent_chain
G4_Onmem_wall,2,banded_sym_w10,triplet,all,32,1,persistent_chain
G4_Onmem_wall,2,banded_sym_w10,triplet,all,77,1,persistent_chain
G4_Onmem_wall,2,banded_sym_w10,triplet,Hel-Hel,1,29,persistent_chain
G4_Onmem_wall,2,banded_sym_w10,triplet,Hel-Hel,2,4,persistent_chain
G4_Onmem_wall,2,banded_sym_w10,triplet,Hel-Hel,3,3,persistent_chain
G4_Onmem_wall,2,banded_sym_w10,triplet,Hel-Hel,5,2,persistent_chain
G4_Onmem_wall,2,banded_sym_w10,triplet,Hel-IDP,1,370,persistent_chain
G4_Onmem_wall,2,banded_sym_w10,triplet,Hel-IDP,2,123,persistent_chain
G4_Onmem_wall,2,banded_sym_w10,triplet,Hel-IDP,3,58,persistent_chain
G4_Onmem_wall,2,banded_sym_w10,triplet,Hel-IDP,4,27,persistent_chain
G4_Onmem_wall,2,banded_sym_w10,triplet,Hel-IDP,5,21,persistent_chain
G4_Onmem_wall,2,banded_sym_w10,triplet,Hel-IDP,6,10,persistent_chain
G4_Onmem_wall,2,banded_sym_w10,triplet,Hel-IDP,7,10,persistent_chain
G4_Onmem_wall,2,banded_sym_w10,triplet,Hel-IDP,8,2,persistent_chain
G4_Onmem_wall,2,banded_sym_w10,triplet,Hel-IDP,9,6,persistent_chain
G4_Onmem_wall,2,banded_sym_w10,triplet,Hel-IDP,10,2,persistent_chain
G4_Onmem_wall,2,banded_sym_w10,triplet,Hel-IDP,11,4,persistent_chain
G4_Onmem_wall,2,banded_sym_w10,triplet,Hel-IDP,12,2,persistent_chain
G4_Onmem_wall,2,banded_sym_w10,triplet,Hel-IDP,13,1,persistent_chain
G4_Onmem_wall,2,banded_sym_w10,triplet,Hel-IDP,16,1,persistent_chain
G4_Onmem_wall,2,banded_sym_w10,triplet,Hel-IDP,17,1,persistent_chain
G4_Onmem_wall,2,banded_sym_w10,triplet,IDP-IDP,1,8345,persistent_chain
G4_Onmem_wall,2,banded_sym_w10,triplet,IDP-IDP,2,2590,persistent_chain
G4_Onmem_wall,2,banded_sym_w10,triplet,IDP-IDP,3,1110,persistent_chain
G4_Onmem_wall,2,banded_sym_w10,triplet,IDP-IDP,4,540,persistent_chain
G4_Onmem_wall,2,banded_sym_w10,triplet,IDP-IDP,5,312,persistent_chain
G4_Onmem_wall,2,banded_sym_w10,triplet,IDP-IDP,6,208,persistent_chain
G4_Onmem_wall,2,banded_sym_w10,triplet,IDP-IDP,7,115,persistent_chain
G4_Onmem_wall,2,banded_sym_w10,triplet,IDP-IDP,8,69,persistent_chain
G4_Onmem_wall,2,banded_sym_w10,triplet,IDP-IDP,9,50,persistent_chain
G4_Onmem_wall,2,banded_sym_w10,triplet,IDP-IDP,10,43,persistent_chain
G4_Onmem_wall,2,banded_sym_w10,triplet,IDP-IDP,11,22,persistent_chain
G4_Onmem_wall,2,banded_sym_w10,triplet,IDP-IDP,12,19,persistent_chain
G4_Onmem_wall,2,banded_sym_w10,triplet,IDP-IDP,13,17,persistent_chain
G4_Onmem_wall,2,banded_sym_w10,triplet,IDP-IDP,14,10,persistent_chain
G4_Onmem_wall,2,banded_sym_w10,triplet,IDP-IDP,15,7,persistent_chain
G4_Onmem_wall,2,banded_sym_w10,triplet,IDP-IDP,16,5,persistent_chain
G4_Onmem_wall,2,banded_sym_w10,triplet,IDP-IDP,17,3,persistent_chain
G4_Onmem_wall,2,banded_sym_w10,triplet,IDP-IDP,18,5,persistent_chain
G4_Onmem_wall,2,banded_sym_w10,triplet,IDP-IDP,19,3,persistent_chain
G4_Onmem_wall,2,banded_sym_w10,triplet,IDP-IDP,20,2,persistent_chain
G4_Onmem_wall,2,banded_sym_w10,triplet,IDP-IDP,21,3,persistent_chain
G4_Onmem_wall,2,banded_sym_w10,triplet,IDP-IDP,22,1,persistent_chain
G4_Onmem_wall,2,banded_sym_w10,triplet,IDP-IDP,23,4,persistent_chain
G4_Onmem_wall,2,banded_sym_w10,triplet,IDP-IDP,24,3,persistent_chain
G4_Onmem_wall,2,banded_sym_w10,triplet,IDP-IDP,25,2,persistent_chain
G4_Onmem_wall,2,banded_sym_w10,triplet,IDP-IDP,26,2,persistent_chain
G4_Onmem_wall,2,banded_sym_w10,triplet,IDP-IDP,28,1,persistent_chain
G4_Onmem_wall,2,banded_sym_w10,triplet,IDP-IDP,31,2,persistent_chain
G4_Onmem_wall,2,banded_sym_w10,triplet,IDP-IDP,32,1,persistent_chain
G4_Onmem_wall,2,banded_sym_w10,triplet,IDP-IDP,77,1,persistent_chain
G4_Onmem_wall,2,banded_anti_w4,one,all,1,9930,persistent_chain
G4_Onmem_wall,2,banded_anti_w4,one,all,2,3661,persistent_chain
G4_Onmem_wall,2,banded_anti_w4,one,all,3,1876,persistent_chain
G4_Onmem_wall,2,banded_anti_w4,one,all,4,1112,persistent_chain
G4_Onmem_wall,2,banded_anti_w4,one,all,5,755,persistent_chain
G4_Onmem_wall,2,banded_anti_w4,one,all,6,466,persistent_chain
G4_Onmem_wall,2,banded_anti_w4,one,all,7,323,persistent_chain
G4_Onmem_wall,2,banded_anti_w4,one,all,8,237,persistent_chain
G4_Onmem_wall,2,banded_anti_w4,one,all,9,185,persistent_chain
G4_Onmem_wall,2,banded_anti_w4,one,all,10,129,persistent_chain
G4_Onmem_wall,2,banded_anti_w4,one,all,11,102,persistent_chain
G4_Onmem_wall,2,banded_anti_w4,one,all,12,80,persistent_chain
G4_Onmem_wall,2,banded_anti_w4,one,all,13,64,persistent_chain
G4_Onmem_wall,2,banded_anti_w4,one,all,14,49,persistent_chain
G4_Onmem_wall,2,banded_anti_w4,one,all,15,37,persistent_chain
G4_Onmem_wall,2,banded_anti_w4,one,all,16,29,persistent_chain
G4_Onmem_wall,2,banded_anti_w4,one,all,17,20,persistent_chain
G4_Onmem_wall,2,banded_anti_w4,one,all,18,26,persistent_chain
G4_Onmem_wall,2,banded_anti_w4,one,all,19,19,persistent_chain
G4_Onmem_wall,2,banded_anti_w4,one,all,20,19,persistent_chain
G4_Onmem_wall,2,banded_anti_w4,one,all,21,4,persistent_chain
G4_Onmem_wall,2,banded_anti_w4,one,all,22,7,persistent_chain
G4_Onmem_wall,2,banded_anti_w4,one,all,23,4,persistent_chain
G4_Onmem_wall,2,banded_anti_w4,one,all,24,7,persistent_chain
G4_Onmem_wall,2,banded_anti_w4,one,all,25,8,persistent_chain
G4_Onmem_wall,2,banded_anti_w4,one,all,26,5,persistent_chain
G4_Onmem_wall,2,banded_anti_w4,one,all,27,3,persistent_chain
G4_Onmem_wall,2,banded_anti_w4,one,all,28,3,persistent_chain
G4_Onmem_wall,2,banded_anti_w4,one,all,29,3,persistent_chain
G4_Onmem_wall,2,banded_anti_w4,one,all,30,4,persistent_chain
G4_Onmem_wall,2,banded_anti_w4,one,all,31,2,persistent_chain
G4_Onmem_wall,2,banded_anti_w4,one,all,32,3,persistent_chain
G4_Onmem_wall,2,banded_anti_w4,one,all,33,1,persistent_chain
G4_Onmem_wall,2,banded_anti_w4,one,all,34,1,persistent_chain
G4_Onmem_wall,2,banded_anti_w4,one,all,35,4,persistent_chain
G4_Onmem_wall,2,banded_anti_w4,one,all,36,2,persistent_chain
G4_Onmem_wall,2,banded_anti_w4,one,all,37,1,persistent_chain
G4_Onmem_wall,2,banded_anti_w4,one,all,38,1,persistent_chain
G4_Onmem_wall,2,banded_anti_w4,one,all,40,2,persistent_chain
G4_Onmem_wall,2,banded_anti_w4,one,all,41,1,persistent_chain
G4_Onmem_wall,2,banded_anti_w4,one,all,42,3,persistent_chain
G4_Onmem_wall,2,banded_anti_w4,one,all,49,1,persistent_chain
G4_Onmem_wall,2,banded_anti_w4,one,all,52,1,persistent_chain
G4_Onmem_wall,2,banded_anti_w4,one,all,54,1,persistent_chain
G4_Onmem_wall,2,banded_anti_w4,one,all,59,1,persistent_chain
G4_Onmem_wall,2,banded_anti_w4,one,all,64,1,persistent_chain
G4_Onmem_wall,2,banded_anti_w4,one,all,77,1,persistent_chain
G4_Onmem_wall,2,banded_anti_w4,one,all,299,1,persistent_chain
G4_Onmem_wall,2,banded_anti_w4,one,all,717,1,persistent_chain
G4_Onmem_wall,2,banded_anti_w4,one,Hel-Hel,1,19,persistent_chain
G4_Onmem_wall,2,banded_anti_w4,one,Hel-Hel,2,7,persistent_chain
G4_Onmem_wall,2,banded_anti_w4,one,Hel-Hel,3,3,persistent_chain
G4_Onmem_wall,2,banded_anti_w4,one,Hel-Hel,4,1,persistent_chain
G4_Onmem_wall,2,banded_anti_w4,one,Hel-Hel,5,4,persistent_chain
G4_Onmem_wall,2,banded_anti_w4,one,Hel-Hel,7,1,persistent_chain
G4_Onmem_wall,2,banded_anti_w4,one,Hel-Hel,9,3,persistent_chain
G4_Onmem_wall,2,banded_anti_w4,one,Hel-Hel,11,1,persistent_chain
G4_Onmem_wall,2,banded_anti_w4,one,Hel-Hel,12,1,persistent_chain
G4_Onmem_wall,2,banded_anti_w4,one,Hel-Hel,13,1,persistent_chain
G4_Onmem_wall,2,banded_anti_w4,one,Hel-Hel,19,1,persistent_chain
G4_Onmem_wall,2,banded_anti_w4,one,Hel-Hel,20,1,persistent_chain
G4_Onmem_wall,2,banded_anti_w4,one,Hel-Hel,25,1,persistent_chain
G4_Onmem_wall,2,banded_anti_w4,one,Hel-Hel,28,1,persistent_chain
G4_Onmem_wall,2,banded_anti_w4,one,Hel-Hel,36,1,persistent_chain
G4_Onmem_wall,2,banded_anti_w4,one,Hel-Hel,37,1,persistent_chain
G4_Onmem_wall,2,banded_anti_w4,one,Hel-Hel,49,1,persistent_chain
G4_Onmem_wall,2,banded_anti_w4,one,Hel-Hel,59,1,persistent_chain
G4_Onmem_wall,2,banded_anti_w4,one,Hel-Hel,299,1,persistent_chain
G4_Onmem_wall,2,banded_anti_w4,one,Hel-Hel,717,1,persistent_chain
G4_Onmem_wall,2,banded_anti_w4,one,Hel-IDP,1,464,persistent_chain
G4_Onmem_wall,2,banded_anti_w4,one,Hel-IDP,2,197,persistent_chain
G4_Onmem_wall,2,banded_anti_w4,one,Hel-IDP,3,99,persistent_chain
G4_Onmem_wall,2,banded_anti_w4,one,Hel-IDP,4,47,persistent_chain
G4_Onmem_wall,2,banded_anti_w4,one,Hel-IDP,5,45,persistent_chain
G4_Onmem_wall,2,banded_anti_w4,one,Hel-IDP,6,19,persistent_chain
G4_Onmem_wall,2,banded_anti_w4,one,Hel-IDP,7,15,persistent_chain
G4_Onmem_wall,2,banded_anti_w4,one,Hel-IDP,8,12,persistent_chain
G4_Onmem_wall,2,banded_anti_w4,one,Hel-IDP,9,7,persistent_chain
G4_Onmem_wall,2,banded_anti_w4,one,Hel-IDP,10,10,persistent_chain
G4_Onmem_wall,2,banded_anti_w4,one,Hel-IDP,11,11,persistent_chain
G4_Onmem_wall,2,banded_anti_w4,one,Hel-IDP,12,3,persistent_chain
G4_Onmem_wall,2,banded_anti_w4,one,Hel-IDP,13,6,persistent_chain
G4_Onmem_wall,2,banded_anti_w4,one,Hel-IDP,14,3,persistent_chain
G4_Onmem_wall,2,banded_anti_w4,one,Hel-IDP,15,2,persistent_chain
G4_Onmem_wall,2,banded_anti_w4,one,Hel-IDP,16,1,persistent_chain
G4_Onmem_wall,2,banded_anti_w4,one,Hel-IDP,17,3,persistent_chain
G4_Onmem_wall,2,banded_anti_w4,one,Hel-IDP,18,1,persistent_chain
G4_Onmem_wall,2,banded_anti_w4,one,Hel-IDP,19,3,persistent_chain
G4_Onmem_wall,2,banded_anti_w4,one,Hel-IDP,20,1,persistent_chain
G4_Onmem_wall,2,banded_anti_w4,one,Hel-IDP,21,1,persistent_chain
G4_Onmem_wall,2,banded_anti_w4,one,Hel-IDP,25,1,persistent_chain
G4_Onmem_wall,2,banded_anti_w4,one,Hel-IDP,26,2,persistent_chain
G4_Onmem_wall,2,banded_anti_w4,one,Hel-IDP,30,1,persistent_chain
G4_Onmem_wall,2,banded_anti_w4,one,Hel-IDP,31,2,persistent_chain
G4_Onmem_wall,2,banded_anti_w4,one,Hel-IDP,42,2,persistent_chain
G4_Onmem_wall,2,banded_anti_w4,one,IDP-IDP,1,9447,persistent_chain
G4_Onmem_wall,2,banded_anti_w4,one,IDP-IDP,2,3457,persistent_chain
G4_Onmem_wall,2,banded_anti_w4,one,IDP-IDP,3,1774,persistent_chain
G4_Onmem_wall,2,banded_anti_w4,one,IDP-IDP,4,1064,persistent_chain
G4_Onmem_wall,2,banded_anti_w4,one,IDP-IDP,5,706,persistent_chain
G4_Onmem_wall,2,banded_anti_w4,one,IDP-IDP,6,447,persistent_chain
G4_Onmem_wall,2,banded_anti_w4,one,IDP-IDP,7,307,persistent_chain
G4_Onmem_wall,2,banded_anti_w4,one,IDP-IDP,8,225,persistent_chain
G4_Onmem_wall,2,banded_anti_w4,one,IDP-IDP,9,175,persistent_chain
G4_Onmem_wall,2,banded_anti_w4,one,IDP-IDP,10,119,persistent_chain
G4_Onmem_wall,2,banded_anti_w4,one,IDP-IDP,11,90,persistent_chain
G4_Onmem_wall,2,banded_anti_w4,one,IDP-IDP,12,76,persistent_chain
G4_Onmem_wall,2,banded_anti_w4,one,IDP-IDP,13,57,persistent_chain
G4_Onmem_wall,2,banded_anti_w4,one,IDP-IDP,14,46,persistent_chain
G4_Onmem_wall,2,banded_anti_w4,one,IDP-IDP,15,35,persistent_chain
G4_Onmem_wall,2,banded_anti_w4,one,IDP-IDP,16,28,persistent_chain
G4_Onmem_wall,2,banded_anti_w4,one,IDP-IDP,17,17,persistent_chain
G4_Onmem_wall,2,banded_anti_w4,one,IDP-IDP,18,25,persistent_chain
G4_Onmem_wall,2,banded_anti_w4,one,IDP-IDP,19,15,persistent_chain
G4_Onmem_wall,2,banded_anti_w4,one,IDP-IDP,20,17,persistent_chain
G4_Onmem_wall,2,banded_anti_w4,one,IDP-IDP,21,3,persistent_chain
G4_Onmem_wall,2,banded_anti_w4,one,IDP-IDP,22,7,persistent_chain
G4_Onmem_wall,2,banded_anti_w4,one,IDP-IDP,23,4,persistent_chain
G4_Onmem_wall,2,banded_anti_w4,one,IDP-IDP,24,7,persistent_chain
G4_Onmem_wall,2,banded_anti_w4,one,IDP-IDP,25,6,persistent_chain
G4_Onmem_wall,2,banded_anti_w4,one,IDP-IDP,26,3,persistent_chain
G4_Onmem_wall,2,banded_anti_w4,one,IDP-IDP,27,3,persistent_chain
G4_Onmem_wall,2,banded_anti_w4,one,IDP-IDP,28,2,persistent_chain
G4_Onmem_wall,2,banded_anti_w4,one,IDP-IDP,29,3,persistent_chain
G4_Onmem_wall,2,banded_anti_w4,one,IDP-IDP,30,3,persistent_chain
G4_Onmem_wall,2,banded_anti_w4,one,IDP-IDP,32,3,persistent_chain
G4_Onmem_wall,2,banded_anti_w4,one,IDP-IDP,33,1,persistent_chain
G4_Onmem_wall,2,banded_anti_w4,one,IDP-IDP,34,1,persistent_chain
G4_Onmem_wall,2,banded_anti_w4,one,IDP-IDP,35,4,persistent_chain
G4_Onmem_wall,2,banded_anti_w4,one,IDP-IDP,36,1,persistent_chain
G4_Onmem_wall,2,banded_anti_w4,one,IDP-IDP,38,1,persistent_chain
G4_Onmem_wall,2,banded_anti_w4,one,IDP-IDP,40,2,persistent_chain
G4_Onmem_wall,2,banded_anti_w4,one,IDP-IDP,41,1,persistent_chain
G4_Onmem_wall,2,banded_anti_w4,one,IDP-IDP,42,1,persistent_chain
G4_Onmem_wall,2,banded_anti_w4,one,IDP-IDP,52,1,persistent_chain
G4_Onmem_wall,2,banded_anti_w4,one,IDP-IDP,54,1,persistent_chain
G4_Onmem_wall,2,banded_anti_w4,one,IDP-IDP,64,1,persistent_chain
G4_Onmem_wall,2,banded_anti_w4,one,IDP-IDP,77,1,persistent_chain
G4_Onmem_wall,2,banded_anti_w4,three,all,1,6971,persistent_chain
G4_Onmem_wall,2,banded_anti_w4,three,all,2,2234,persistent_chain
G4_Onmem_wall,2,banded_anti_w4,three,all,3,993,persistent_chain
G4_Onmem_wall,2,banded_anti_w4,three,all,4,503,persistent_chain
G4_Onmem_wall,2,banded_anti_w4,three,all,5,274,persistent_chain
G4_Onmem_wall,2,banded_anti_w4,three,all,6,181,persistent_chain
G4_Onmem_wall,2,banded_anti_w4,three,all,7,118,persistent_chain
G4_Onmem_wall,2,banded_anti_w4,three,all,8,67,persistent_chain
G4_Onmem_wall,2,banded_anti_w4,three,all,9,64,persistent_chain
G4_Onmem_wall,2,banded_anti_w4,three,all,10,35,persistent_chain
G4_Onmem_wall,2,banded_anti_w4,three,all,11,30,persistent_chain
G4_Onmem_wall,2,banded_anti_w4,three,all,12,19,persistent_chain
G4_Onmem_wall,2,banded_anti_w4,three,all,13,15,persistent_chain
G4_Onmem_wall,2,banded_anti_w4,three,all,14,16,persistent_chain
G4_Onmem_wall,2,banded_anti_w4,three,all,15,9,persistent_chain
G4_Onmem_wall,2,banded_anti_w4,three,all,16,7,persistent_chain
G4_Onmem_wall,2,banded_anti_w4,three,all,17,7,persistent_chain
G4_Onmem_wall,2,banded_anti_w4,three,all,18,4,persistent_chain
G4_Onmem_wall,2,banded_anti_w4,three,all,19,3,persistent_chain
G4_Onmem_wall,2,banded_anti_w4,three,all,20,2,persistent_chain
G4_Onmem_wall,2,banded_anti_w4,three,all,22,2,persistent_chain
G4_Onmem_wall,2,banded_anti_w4,three,all,23,3,persistent_chain
G4_Onmem_wall,2,banded_anti_w4,three,all,24,1,persistent_chain
G4_Onmem_wall,2,banded_anti_w4,three,all,25,1,persistent_chain
G4_Onmem_wall,2,banded_anti_w4,three,all,27,2,persistent_chain
G4_Onmem_wall,2,banded_anti_w4,three,all,29,1,persistent_chain
G4_Onmem_wall,2,banded_anti_w4,three,all,30,1,persistent_chain
G4_Onmem_wall,2,banded_anti_w4,three,all,31,1,persistent_chain
G4_Onmem_wall,2,banded_anti_w4,three,all,34,1,persistent_chain
G4_Onmem_wall,2,banded_anti_w4,three,all,35,1,persistent_chain
G4_Onmem_wall,2,banded_anti_w4,three,all,37,1,persistent_chain
G4_Onmem_wall,2,banded_anti_w4,three,all,65,1,persistent_chain
G4_Onmem_wall,2,banded_anti_w4,three,all,88,1,persistent_chain
G4_Onmem_wall,2,banded_anti_w4,three,all,294,1,persistent_chain
G4_Onmem_wall,2,banded_anti_w4,three,all,547,1,persistent_chain
G4_Onmem_wall,2,banded_anti_w4,three,Hel-Hel,1,15,persistent_chain
G4_Onmem_wall,2,banded_anti_w4,three,Hel-Hel,2,7,persistent_chain
G4_Onmem_wall,2,banded_anti_w4,three,Hel-Hel,3,4,persistent_chain
G4_Onmem_wall,2,banded_anti_w4,three,Hel-Hel,4,2,persistent_chain
G4_Onmem_wall,2,banded_anti_w4,three,Hel-Hel,5,2,persistent_chain
G4_Onmem_wall,2,banded_anti_w4,three,Hel-Hel,6,2,persistent_chain
G4_Onmem_wall,2,banded_anti_w4,three,Hel-Hel,7,2,persistent_chain
G4_Onmem_wall,2,banded_anti_w4,three,Hel-Hel,11,1,persistent_chain
G4_Onmem_wall,2,banded_anti_w4,three,Hel-Hel,12,1,persistent_chain
G4_Onmem_wall,2,banded_anti_w4,three,Hel-Hel,17,1,persistent_chain
G4_Onmem_wall,2,banded_anti_w4,three,Hel-Hel,19,1,persistent_chain
G4_Onmem_wall,2,banded_anti_w4,three,Hel-Hel,27,1,persistent_chain
G4_Onmem_wall,2,banded_anti_w4,three,Hel-Hel,29,1,persistent_chain
G4_Onmem_wall,2,banded_anti_w4,three,Hel-Hel,35,1,persistent_chain
G4_Onmem_wall,2,banded_anti_w4,three,Hel-Hel,65,1,persistent_chain
G4_Onmem_wall,2,banded_anti_w4,three,Hel-Hel,88,1,persistent_chain
G4_Onmem_wall,2,banded_anti_w4,three,Hel-Hel,294,1,persistent_chain
G4_Onmem_wall,2,banded_anti_w4,three,Hel-Hel,547,1,persistent_chain
G4_Onmem_wall,2,banded_anti_w4,three,Hel-IDP,1,279,persistent_chain
G4_Onmem_wall,2,banded_anti_w4,three,Hel-IDP,2,93,persistent_chain
G4_Onmem_wall,2,banded_anti_w4,three,Hel-IDP,3,46,persistent_chain
G4_Onmem_wall,2,banded_anti_w4,three,Hel-IDP,4,20,persistent_chain
G4_Onmem_wall,2,banded_anti_w4,three,Hel-IDP,5,12,persistent_chain
G4_Onmem_wall,2,banded_anti_w4,three,Hel-IDP,6,12,persistent_chain
G4_Onmem_wall,2,banded_anti_w4,three,Hel-IDP,7,7,persistent_chain
G4_Onmem_wall,2,banded_anti_w4,three,Hel-IDP,8,3,persistent_chain
G4_Onmem_wall,2,banded_anti_w4,three,Hel-IDP,9,6,persistent_chain
G4_Onmem_wall,2,banded_anti_w4,three,Hel-IDP,10,4,persistent_chain
G4_Onmem_wall,2,banded_anti_w4,three,Hel-IDP,11,2,persistent_chain
G4_Onmem_wall,2,banded_anti_w4,three,Hel-IDP,13,1,persistent_chain
G4_Onmem_wall,2,banded_anti_w4,three,Hel-IDP,14,1,persistent_chain
G4_Onmem_wall,2,banded_anti_w4,three,Hel-IDP,16,1,persistent_chain
G4_Onmem_wall,2,banded_anti_w4,three,Hel-IDP,19,1,persistent_chain
G4_Onmem_wall,2,banded_anti_w4,three,Hel-IDP,24,1,persistent_chain
G4_Onmem_wall,2,banded_anti_w4,three,IDP-IDP,1,6677,persistent_chain
G4_Onmem_wall,2,banded_anti_w4,three,IDP-IDP,2,2134,persistent_chain
G4_Onmem_wall,2,banded_anti_w4,three,IDP-IDP,3,943,persistent_chain
G4_Onmem_wall,2,banded_anti_w4,three,IDP-IDP,4,481,persistent_chain
G4_Onmem_wall,2,banded_anti_w4,three,IDP-IDP,5,260,persistent_chain
G4_Onmem_wall,2,banded_anti_w4,three,IDP-IDP,6,167,persistent_chain
G4_Onmem_wall,2,banded_anti_w4,three,IDP-IDP,7,109,persistent_chain
G4_Onmem_wall,2,banded_anti_w4,three,IDP-IDP,8,64,persistent_chain
G4_Onmem_wall,2,banded_anti_w4,three,IDP-IDP,9,58,persistent_chain
G4_Onmem_wall,2,banded_anti_w4,three,IDP-IDP,10,31,persistent_chain
G4_Onmem_wall,2,banded_anti_w4,three,IDP-IDP,11,27,persistent_chain
G4_Onmem_wall,2,banded_anti_w4,three,IDP-IDP,12,18,persistent_chain
G4_Onmem_wall,2,banded_anti_w4,three,IDP-IDP,13,14,persistent_chain
G4_Onmem_wall,2,banded_anti_w4,three,IDP-IDP,14,15,persistent_chain
G4_Onmem_wall,2,banded_anti_w4,three,IDP-IDP,15,9,persistent_chain
G4_Onmem_wall,2,banded_anti_w4,three,IDP-IDP,16,6,persistent_chain
G4_Onmem_wall,2,banded_anti_w4,three,IDP-IDP,17,6,persistent_chain
G4_Onmem_wall,2,banded_anti_w4,three,IDP-IDP,18,4,persistent_chain
G4_Onmem_wall,2,banded_anti_w4,three,IDP-IDP,19,1,persistent_chain
G4_Onmem_wall,2,banded_anti_w4,three,IDP-IDP,20,2,persistent_chain
G4_Onmem_wall,2,banded_anti_w4,three,IDP-IDP,22,2,persistent_chain
G4_Onmem_wall,2,banded_anti_w4,three,IDP-IDP,23,3,persistent_chain
G4_Onmem_wall,2,banded_anti_w4,three,IDP-IDP,25,1,persistent_chain
G4_Onmem_wall,2,banded_anti_w4,three,IDP-IDP,27,1,persistent_chain
G4_Onmem_wall,2,banded_anti_w4,three,IDP-IDP,30,1,persistent_chain
G4_Onmem_wall,2,banded_anti_w4,three,IDP-IDP,31,1,persistent_chain
G4_Onmem_wall,2,banded_anti_w4,three,IDP-IDP,34,1,persistent_chain
G4_Onmem_wall,2,banded_anti_w4,three,IDP-IDP,37,1,persistent_chain
G4_Onmem_wall,2,banded_anti_w4,triplet,all,1,4692,persistent_chain
G4_Onmem_wall,2,banded_anti_w4,triplet,all,2,1315,persistent_chain
G4_Onmem_wall,2,banded_anti_w4,triplet,all,3,494,persistent_chain
G4_Onmem_wall,2,banded_anti_w4,triplet,all,4,204,persistent_chain
G4_Onmem_wall,2,banded_anti_w4,triplet,all,5,123,persistent_chain
G4_Onmem_wall,2,banded_anti_w4,triplet,all,6,60,persistent_chain
G4_Onmem_wall,2,banded_anti_w4,triplet,all,7,31,persistent_chain
G4_Onmem_wall,2,banded_anti_w4,triplet,all,8,28,persistent_chain
G4_Onmem_wall,2,banded_anti_w4,triplet,all,9,20,persistent_chain
G4_Onmem_wall,2,banded_anti_w4,triplet,all,10,15,persistent_chain
G4_Onmem_wall,2,banded_anti_w4,triplet,all,11,5,persistent_chain
G4_Onmem_wall,2,banded_anti_w4,triplet,all,12,4,persistent_chain
G4_Onmem_wall,2,banded_anti_w4,triplet,all,13,4,persistent_chain
G4_Onmem_wall,2,banded_anti_w4,triplet,all,14,1,persistent_chain
G4_Onmem_wall,2,banded_anti_w4,triplet,all,17,3,persistent_chain
G4_Onmem_wall,2,banded_anti_w4,triplet,all,18,1,persistent_chain
G4_Onmem_wall,2,banded_anti_w4,triplet,all,19,1,persistent_chain
G4_Onmem_wall,2,banded_anti_w4,triplet,all,22,1,persistent_chain
G4_Onmem_wall,2,banded_anti_w4,triplet,all,47,1,persistent_chain
G4_Onmem_wall,2,banded_anti_w4,triplet,Hel-Hel,1,72,persistent_chain
G4_Onmem_wall,2,banded_anti_w4,triplet,Hel-Hel,2,26,persistent_chain
G4_Onmem_wall,2,banded_anti_w4,triplet,Hel-Hel,3,13,persistent_chain
G4_Onmem_wall,2,banded_anti_w4,triplet,Hel-Hel,4,2,persistent_chain
G4_Onmem_wall,2,banded_anti_w4,triplet,Hel-Hel,5,1,persistent_chain
G4_Onmem_wall,2,banded_anti_w4,triplet,Hel-Hel,6,2,persistent_chain
G4_Onmem_wall,2,banded_anti_w4,triplet,Hel-Hel,7,1,persistent_chain
G4_Onmem_wall,2,banded_anti_w4,triplet,Hel-Hel,8,2,persistent_chain
G4_Onmem_wall,2,banded_anti_w4,triplet,Hel-Hel,10,2,persistent_chain
G4_Onmem_wall,2,banded_anti_w4,triplet,Hel-Hel,47,1,persistent_chain
G4_Onmem_wall,2,banded_anti_w4,triplet,Hel-IDP,1,129,persistent_chain
G4_Onmem_wall,2,banded_anti_w4,triplet,Hel-IDP,2,37,persistent_chain
G4_Onmem_wall,2,banded_anti_w4,triplet,Hel-IDP,3,9,persistent_chain
G4_Onmem_wall,2,banded_anti_w4,triplet,Hel-IDP,4,10,persistent_chain
G4_Onmem_wall,2,banded_anti_w4,triplet,Hel-IDP,5,7,persistent_chain
G4_Onmem_wall,2,banded_anti_w4,triplet,Hel-IDP,6,3,persistent_chain
G4_Onmem_wall,2,banded_anti_w4,triplet,Hel-IDP,9,1,persistent_chain
G4_Onmem_wall,2,banded_anti_w4,triplet,IDP-IDP,1,4491,persistent_chain
G4_Onmem_wall,2,banded_anti_w4,triplet,IDP-IDP,2,1252,persistent_chain
G4_Onmem_wall,2,banded_anti_w4,triplet,IDP-IDP,3,472,persistent_chain
G4_Onmem_wall,2,banded_anti_w4,triplet,IDP-IDP,4,192,persistent_chain
G4_Onmem_wall,2,banded_anti_w4,triplet,IDP-IDP,5,115,persistent_chain
G4_Onmem_wall,2,banded_anti_w4,triplet,IDP-IDP,6,55,persistent_chain
G4_Onmem_wall,2,banded_anti_w4,triplet,IDP-IDP,7,30,persistent_chain
G4_Onmem_wall,2,banded_anti_w4,triplet,IDP-IDP,8,26,persistent_chain
G4_Onmem_wall,2,banded_anti_w4,triplet,IDP-IDP,9,19,persistent_chain
G4_Onmem_wall,2,banded_anti_w4,triplet,IDP-IDP,10,13,persistent_chain
G4_Onmem_wall,2,banded_anti_w4,triplet,IDP-IDP,11,5,persistent_chain
G4_Onmem_wall,2,banded_anti_w4,triplet,IDP-IDP,12,4,persistent_chain
G4_Onmem_wall,2,banded_anti_w4,triplet,IDP-IDP,13,4,persistent_chain
G4_Onmem_wall,2,banded_anti_w4,triplet,IDP-IDP,14,1,persistent_chain
G4_Onmem_wall,2,banded_anti_w4,triplet,IDP-IDP,17,3,persistent_chain
G4_Onmem_wall,2,banded_anti_w4,triplet,IDP-IDP,18,1,persistent_chain
G4_Onmem_wall,2,banded_anti_w4,triplet,IDP-IDP,19,1,persistent_chain
G4_Onmem_wall,2,banded_anti_w4,triplet,IDP-IDP,22,1,persistent_chain
G4_Onmem_wall,2,banded_anti_w6,one,all,1,11281,persistent_chain
G4_Onmem_wall,2,banded_anti_w6,one,all,2,4248,persistent_chain
G4_Onmem_wall,2,banded_anti_w6,one,all,3,2273,persistent_chain
G4_Onmem_wall,2,banded_anti_w6,one,all,4,1348,persistent_chain
G4_Onmem_wall,2,banded_anti_w6,one,all,5,925,persistent_chain
G4_Onmem_wall,2,banded_anti_w6,one,all,6,646,persistent_chain
G4_Onmem_wall,2,banded_anti_w6,one,all,7,458,persistent_chain
G4_Onmem_wall,2,banded_anti_w6,one,all,8,306,persistent_chain
G4_Onmem_wall,2,banded_anti_w6,one,all,9,257,persistent_chain
G4_Onmem_wall,2,banded_anti_w6,one,all,10,223,persistent_chain
G4_Onmem_wall,2,banded_anti_w6,one,all,11,159,persistent_chain
G4_Onmem_wall,2,banded_anti_w6,one,all,12,113,persistent_chain
G4_Onmem_wall,2,banded_anti_w6,one,all,13,87,persistent_chain
G4_Onmem_wall,2,banded_anti_w6,one,all,14,72,persistent_chain
G4_Onmem_wall,2,banded_anti_w6,one,all,15,56,persistent_chain
G4_Onmem_wall,2,banded_anti_w6,one,all,16,45,persistent_chain
G4_Onmem_wall,2,banded_anti_w6,one,all,17,33,persistent_chain
G4_Onmem_wall,2,banded_anti_w6,one,all,18,41,persistent_chain
G4_Onmem_wall,2,banded_anti_w6,one,all,19,36,persistent_chain
G4_Onmem_wall,2,banded_anti_w6,one,all,20,28,persistent_chain
G4_Onmem_wall,2,banded_anti_w6,one,all,21,15,persistent_chain
G4_Onmem_wall,2,banded_anti_w6,one,all,22,15,persistent_chain
G4_Onmem_wall,2,banded_anti_w6,one,all,23,16,persistent_chain
G4_Onmem_wall,2,banded_anti_w6,one,all,24,7,persistent_chain
G4_Onmem_wall,2,banded_anti_w6,one,all,25,13,persistent_chain
G4_Onmem_wall,2,banded_anti_w6,one,all,26,9,persistent_chain
G4_Onmem_wall,2,banded_anti_w6,one,all,27,6,persistent_chain
G4_Onmem_wall,2,banded_anti_w6,one,all,28,8,persistent_chain
G4_Onmem_wall,2,banded_anti_w6,one,all,29,9,persistent_chain
G4_Onmem_wall,2,banded_anti_w6,one,all,30,3,persistent_chain
G4_Onmem_wall,2,banded_anti_w6,one,all,31,5,persistent_chain
G4_Onmem_wall,2,banded_anti_w6,one,all,32,4,persistent_chain
G4_Onmem_wall,2,banded_anti_w6,one,all,33,2,persistent_chain
G4_Onmem_wall,2,banded_anti_w6,one,all,34,3,persistent_chain
G4_Onmem_wall,2,banded_anti_w6,one,all,35,3,persistent_chain
G4_Onmem_wall,2,banded_anti_w6,one,all,36,4,persistent_chain
G4_Onmem_wall,2,banded_anti_w6,one,all,37,3,persistent_chain
G4_Onmem_wall,2,banded_anti_w6,one,all,38,3,persistent_chain
G4_Onmem_wall,2,banded_anti_w6,one,all,39,2,persistent_chain
G4_Onmem_wall,2,banded_anti_w6,one,all,40,4,persistent_chain
G4_Onmem_wall,2,banded_anti_w6,one,all,41,2,persistent_chain
G4_Onmem_wall,2,banded_anti_w6,one,all,42,2,persistent_chain
G4_Onmem_wall,2,banded_anti_w6,one,all,43,4,persistent_chain
G4_Onmem_wall,2,banded_anti_w6,one,all,44,2,persistent_chain
G4_Onmem_wall,2,banded_anti_w6,one,all,45,3,persistent_chain
G4_Onmem_wall,2,banded_anti_w6,one,all,54,2,persistent_chain
G4_Onmem_wall,2,banded_anti_w6,one,all,55,1,persistent_chain
G4_Onmem_wall,2,banded_anti_w6,one,all,60,1,persistent_chain
G4_Onmem_wall,2,banded_anti_w6,one,all,74,1,persistent_chain
G4_Onmem_wall,2,banded_anti_w6,one,all,83,1,persistent_chain
G4_Onmem_wall,2,banded_anti_w6,one,all,88,1,persistent_chain
G4_Onmem_wall,2,banded_anti_w6,one,all,94,1,persistent_chain
G4_Onmem_wall,2,banded_anti_w6,one,all,96,1,persistent_chain
G4_Onmem_wall,2,banded_anti_w6,one,all,152,1,persistent_chain
G4_Onmem_wall,2,banded_anti_w6,one,all,299,1,persistent_chain
G4_Onmem_wall,2,banded_anti_w6,one,all,717,1,persistent_chain
G4_Onmem_wall,2,banded_anti_w6,one,Hel-Hel,1,20,persistent_chain
G4_Onmem_wall,2,banded_anti_w6,one,Hel-Hel,2,9,persistent_chain
G4_Onmem_wall,2,banded_anti_w6,one,Hel-Hel,3,2,persistent_chain
G4_Onmem_wall,2,banded_anti_w6,one,Hel-Hel,5,6,persistent_chain
G4_Onmem_wall,2,banded_anti_w6,one,Hel-Hel,7,2,persistent_chain
G4_Onmem_wall,2,banded_anti_w6,one,Hel-Hel,9,2,persistent_chain
G4_Onmem_wall,2,banded_anti_w6,one,Hel-Hel,11,1,persistent_chain
G4_Onmem_wall,2,banded_anti_w6,one,Hel-Hel,12,1,persistent_chain
G4_Onmem_wall,2,banded_anti_w6,one,Hel-Hel,16,1,persistent_chain
G4_Onmem_wall,2,banded_anti_w6,one,Hel-Hel,19,1,persistent_chain
G4_Onmem_wall,2,banded_anti_w6,one,Hel-Hel,20,1,persistent_chain
G4_Onmem_wall,2,banded_anti_w6,one,Hel-Hel,25,1,persistent_chain
G4_Onmem_wall,2,banded_anti_w6,one,Hel-Hel,28,1,persistent_chain
G4_Onmem_wall,2,banded_anti_w6,one,Hel-Hel,37,1,persistent_chain
G4_Onmem_wall,2,banded_anti_w6,one,Hel-Hel,38,1,persistent_chain
G4_Onmem_wall,2,banded_anti_w6,one,Hel-Hel,55,1,persistent_chain
G4_Onmem_wall,2,banded_anti_w6,one,Hel-Hel,74,1,persistent_chain
G4_Onmem_wall,2,banded_anti_w6,one,Hel-Hel,299,1,persistent_chain
G4_Onmem_wall,2,banded_anti_w6,one,Hel-Hel,717,1,persistent_chain
G4_Onmem_wall,2,banded_anti_w6,one,Hel-IDP,1,570,persistent_chain
G4_Onmem_wall,2,banded_anti_w6,one,Hel-IDP,2,222,persistent_chain
G4_Onmem_wall,2,banded_anti_w6,one,Hel-IDP,3,111,persistent_chain
G4_Onmem_wall,2,banded_anti_w6,one,Hel-IDP,4,69,persistent_chain
G4_Onmem_wall,2,banded_anti_w6,one,Hel-IDP,5,54,persistent_chain
G4_Onmem_wall,2,banded_anti_w6,one,Hel-IDP,6,24,persistent_chain
G4_Onmem_wall,2,banded_anti_w6,one,Hel-IDP,7,17,persistent_chain
G4_Onmem_wall,2,banded_anti_w6,one,Hel-IDP,8,18,persistent_chain
G4_Onmem_wall,2,banded_anti_w6,one,Hel-IDP,9,12,persistent_chain
G4_Onmem_wall,2,banded_anti_w6,one,Hel-IDP,10,12,persistent_chain
G4_Onmem_wall,2,banded_anti_w6,one,Hel-IDP,11,11,persistent_chain
G4_Onmem_wall,2,banded_anti_w6,one,Hel-IDP,12,4,persistent_chain
G4_Onmem_wall,2,banded_anti_w6,one,Hel-IDP,13,7,persistent_chain
G4_Onmem_wall,2,banded_anti_w6,one,Hel-IDP,14,3,persistent_chain
G4_Onmem_wall,2,banded_anti_w6,one,Hel-IDP,15,3,persistent_chain
G4_Onmem_wall,2,banded_anti_w6,one,Hel-IDP,16,4,persistent_chain
G4_Onmem_wall,2,banded_anti_w6,one,Hel-IDP,17,3,persistent_chain
G4_Onmem_wall,2,banded_anti_w6,one,Hel-IDP,18,3,persistent_chain
G4_Onmem_wall,2,banded_anti_w6,one,Hel-IDP,19,5,persistent_chain
G4_Onmem_wall,2,banded_anti_w6,one,Hel-IDP,20,3,persistent_chain
G4_Onmem_wall,2,banded_anti_w6,one,Hel-IDP,21,1,persistent_chain
G4_Onmem_wall,2,banded_anti_w6,one,Hel-IDP,22,1,persistent_chain
G4_Onmem_wall,2,banded_anti_w6,one,Hel-IDP,23,2,persistent_chain
G4_Onmem_wall,2,banded_anti_w6,one,Hel-IDP,24,1,persistent_chain
G4_Onmem_wall,2,banded_anti_w6,one,Hel-IDP,25,2,persistent_chain
G4_Onmem_wall,2,banded_anti_w6,one,Hel-IDP,26,2,persistent_chain
G4_Onmem_wall,2,banded_anti_w6,one,Hel-IDP,28,1,persistent_chain
G4_Onmem_wall,2,banded_anti_w6,one,Hel-IDP,31,1,persistent_chain
G4_Onmem_wall,2,banded_anti_w6,one,Hel-IDP,32,1,persistent_chain
G4_Onmem_wall,2,banded_anti_w6,one,Hel-IDP,35,1,persistent_chain
G4_Onmem_wall,2,banded_anti_w6,one,Hel-IDP,38,1,persistent_chain
G4_Onmem_wall,2,banded_anti_w6,one,Hel-IDP,43,2,persistent_chain
G4_Onmem_wall,2,banded_anti_w6,one,IDP-IDP,1,10691,persistent_chain
G4_Onmem_wall,2,banded_anti_w6,one,IDP-IDP,2,4017,persistent_chain
G4_Onmem_wall,2,banded_anti_w6,one,IDP-IDP,3,2160,persistent_chain
G4_Onmem_wall,2,banded_anti_w6,one,IDP-IDP,4,1279,persistent_chain
G4_Onmem_wall,2,banded_anti_w6,one,IDP-IDP,5,865,persistent_chain
G4_Onmem_wall,2,banded_anti_w6,one,IDP-IDP,6,622,persistent_chain
G4_Onmem_wall,2,banded_anti_w6,one,IDP-IDP,7,439,persistent_chain
G4_Onmem_wall,2,banded_anti_w6,one,IDP-IDP,8,288,persistent_chain
G4_Onmem_wall,2,banded_anti_w6,one,IDP-IDP,9,243,persistent_chain
G4_Onmem_wall,2,banded_anti_w6,one,IDP-IDP,10,211,persistent_chain
G4_Onmem_wall,2,banded_anti_w6,one,IDP-IDP,11,147,persistent_chain
G4_Onmem_wall,2,banded_anti_w6,one,IDP-IDP,12,108,persistent_chain
G4_Onmem_wall,2,banded_anti_w6,one,IDP-IDP,13,80,persistent_chain
G4_Onmem_wall,2,banded_anti_w6,one,IDP-IDP,14,69,persistent_chain
G4_Onmem_wall,2,banded_anti_w6,one,IDP-IDP,15,53,persistent_chain
G4_Onmem_wall,2,banded_anti_w6,one,IDP-IDP,16,40,persistent_chain
G4_Onmem_wall,2,banded_anti_w6,one,IDP-IDP,17,30,persistent_chain
G4_Onmem_wall,2,banded_anti_w6,one,IDP-IDP,18,38,persistent_chain
G4_Onmem_wall,2,banded_anti_w6,one,IDP-IDP,19,30,persistent_chain
G4_Onmem_wall,2,banded_anti_w6,one,IDP-IDP,20,24,persistent_chain
G4_Onmem_wall,2,banded_anti_w6,one,IDP-IDP,21,14,persistent_chain
G4_Onmem_wall,2,banded_anti_w6,one,IDP-IDP,22,14,persistent_chain
G4_Onmem_wall,2,banded_anti_w6,one,IDP-IDP,23,14,persistent_chain
G4_Onmem_wall,2,banded_anti_w6,one,IDP-IDP,24,6,persistent_chain
G4_Onmem_wall,2,banded_anti_w6,one,IDP-IDP,25,10,persistent_chain
G4_Onmem_wall,2,banded_anti_w6,one,IDP-IDP,26,7,persistent_chain
G4_Onmem_wall,2,banded_anti_w6,one,IDP-IDP,27,6,persistent_chain
G4_Onmem_wall,2,banded_anti_w6,one,IDP-IDP,28,6,persistent_chain
G4_Onmem_wall,2,banded_anti_w6,one,IDP-IDP,29,9,persistent_chain
G4_Onmem_wall,2,banded_anti_w6,one,IDP-IDP,30,3,persistent_chain
G4_Onmem_wall,2,banded_anti_w6,one,IDP-IDP,31,4,persistent_chain
G4_Onmem_wall,2,banded_anti_w6,one,IDP-IDP,32,3,persistent_chain
G4_Onmem_wall,2,banded_anti_w6,one,IDP-IDP,33,2,persistent_chain
G4_Onmem_wall,2,banded_anti_w6,one,IDP-IDP,34,3,persistent_chain
G4_Onmem_wall,2,banded_anti_w6,one,IDP-IDP,35,2,persistent_chain
G4_Onmem_wall,2,banded_anti_w6,one,IDP-IDP,36,4,persistent_chain
G4_Onmem_wall,2,banded_anti_w6,one,IDP-IDP,37,2,persistent_chain
G4_Onmem_wall,2,banded_anti_w6,one,IDP-IDP,38,1,persistent_chain
G4_Onmem_wall,2,banded_anti_w6,one,IDP-IDP,39,2,persistent_chain
G4_Onmem_wall,2,banded_anti_w6,one,IDP-IDP,40,4,persistent_chain
G4_Onmem_wall,2,banded_anti_w6,one,IDP-IDP,41,2,persistent_chain
G4_Onmem_wall,2,banded_anti_w6,one,IDP-IDP,42,2,persistent_chain
G4_Onmem_wall,2,banded_anti_w6,one,IDP-IDP,43,2,persistent_chain
G4_Onmem_wall,2,banded_anti_w6,one,IDP-IDP,44,2,persistent_chain
G4_Onmem_wall,2,banded_anti_w6,one,IDP-IDP,45,3,persistent_chain
G4_Onmem_wall,2,banded_anti_w6,one,IDP-IDP,54,2,persistent_chain
G4_Onmem_wall,2,banded_anti_w6,one,IDP-IDP,60,1,persistent_chain
G4_Onmem_wall,2,banded_anti_w6,one,IDP-IDP,83,1,persistent_chain
G4_Onmem_wall,2,banded_anti_w6,one,IDP-IDP,88,1,persistent_chain
G4_Onmem_wall,2,banded_anti_w6,one,IDP-IDP,94,1,persistent_chain
G4_Onmem_wall,2,banded_anti_w6,one,IDP-IDP,96,1,persistent_chain
G4_Onmem_wall,2,banded_anti_w6,one,IDP-IDP,152,1,persistent_chain
G4_Onmem_wall,2,banded_anti_w6,three,all,1,8618,persistent_chain
G4_Onmem_wall,2,banded_anti_w6,three,all,2,2976,persistent_chain
G4_Onmem_wall,2,banded_anti_w6,three,all,3,1412,persistent_chain
G4_Onmem_wall,2,banded_anti_w6,three,all,4,727,persistent_chain
G4_Onmem_wall,2,banded_anti_w6,three,all,5,474,persistent_chain
G4_Onmem_wall,2,banded_anti_w6,three,all,6,292,persistent_chain
G4_Onmem_wall,2,banded_anti_w6,three,all,7,197,persistent_chain
G4_Onmem_wall,2,banded_anti_w6,three,all,8,142,persistent_chain
G4_Onmem_wall,2,banded_anti_w6,three,all,9,91,persistent_chain
G4_Onmem_wall,2,banded_anti_w6,three,all,10,70,persistent_chain
G4_Onmem_wall,2,banded_anti_w6,three,all,11,50,persistent_chain
G4_Onmem_wall,2,banded_anti_w6,three,all,12,43,persistent_chain
G4_Onmem_wall,2,banded_anti_w6,three,all,13,35,persistent_chain
G4_Onmem_wall,2,banded_anti_w6,three,all,14,25,persistent_chain
G4_Onmem_wall,2,banded_anti_w6,three,all,15,15,persistent_chain
G4_Onmem_wall,2,banded_anti_w6,three,all,16,14,persistent_chain
G4_Onmem_wall,2,banded_anti_w6,three,all,17,11,persistent_chain
G4_Onmem_wall,2,banded_anti_w6,three,all,18,7,persistent_chain
G4_Onmem_wall,2,banded_anti_w6,three,all,19,6,persistent_chain
G4_Onmem_wall,2,banded_anti_w6,three,all,20,9,persistent_chain
G4_Onmem_wall,2,banded_anti_w6,three,all,21,1,persistent_chain
G4_Onmem_wall,2,banded_anti_w6,three,all,22,3,persistent_chain
G4_Onmem_wall,2,banded_anti_w6,three,all,23,4,persistent_chain
G4_Onmem_wall,2,banded_anti_w6,three,all,24,4,persistent_chain
G4_Onmem_wall,2,banded_anti_w6,three,all,25,5,persistent_chain
G4_Onmem_wall,2,banded_anti_w6,three,all,26,1,persistent_chain
G4_Onmem_wall,2,banded_anti_w6,three,all,27,3,persistent_chain
G4_Onmem_wall,2,banded_anti_w6,three,all,28,1,persistent_chain
G4_Onmem_wall,2,banded_anti_w6,three,all,29,3,persistent_chain
G4_Onmem_wall,2,banded_anti_w6,three,all,30,2,persistent_chain
G4_Onmem_wall,2,banded_anti_w6,three,all,31,2,persistent_chain
G4_Onmem_wall,2,banded_anti_w6,three,all,32,1,persistent_chain
G4_Onmem_wall,2,banded_anti_w6,three,all,35,2,persistent_chain
G4_Onmem_wall,2,banded_anti_w6,three,all,38,1,persistent_chain
G4_Onmem_wall,2,banded_anti_w6,three,all,43,1,persistent_chain
G4_Onmem_wall,2,banded_anti_w6,three,all,49,1,persistent_chain
G4_Onmem_wall,2,banded_anti_w6,three,all,62,1,persistent_chain
G4_Onmem_wall,2,banded_anti_w6,three,all,65,1,persistent_chain
G4_Onmem_wall,2,banded_anti_w6,three,all,100,1,persistent_chain
G4_Onmem_wall,2,banded_anti_w6,three,all,294,1,persistent_chain
G4_Onmem_wall,2,banded_anti_w6,three,all,547,1,persistent_chain
G4_Onmem_wall,2,banded_anti_w6,three,Hel-Hel,1,13,persistent_chain
G4_Onmem_wall,2,banded_anti_w6,three,Hel-Hel,2,5,persistent_chain
G4_Onmem_wall,2,banded_anti_w6,three,Hel-Hel,3,4,persistent_chain
G4_Onmem_wall,2,banded_anti_w6,three,Hel-Hel,4,1,persistent_chain
G4_Onmem_wall,2,banded_anti_w6,three,Hel-Hel,5,2,persistent_chain
G4_Onmem_wall,2,banded_anti_w6,three,Hel-Hel,6,3,persistent_chain
G4_Onmem_wall,2,banded_anti_w6,three,Hel-Hel,7,2,persistent_chain
G4_Onmem_wall,2,banded_anti_w6,three,Hel-Hel,8,1,persistent_chain
G4_Onmem_wall,2,banded_anti_w6,three,Hel-Hel,9,1,persistent_chain
G4_Onmem_wall,2,banded_anti_w6,three,Hel-Hel,12,1,persistent_chain
G4_Onmem_wall,2,banded_anti_w6,three,Hel-Hel,19,1,persistent_chain
G4_Onmem_wall,2,banded_anti_w6,three,Hel-Hel,22,1,persistent_chain
G4_Onmem_wall,2,banded_anti_w6,three,Hel-Hel,25,1,persistent_chain
G4_Onmem_wall,2,banded_anti_w6,three,Hel-Hel,27,1,persistent_chain
G4_Onmem_wall,2,banded_anti_w6,three,Hel-Hel,29,1,persistent_chain
G4_Onmem_wall,2,banded_anti_w6,three,Hel-Hel,49,1,persistent_chain
G4_Onmem_wall,2,banded_anti_w6,three,Hel-Hel,62,1,persistent_chain
G4_Onmem_wall,2,banded_anti_w6,three,Hel-Hel,65,1,persistent_chain
G4_Onmem_wall,2,banded_anti_w6,three,Hel-Hel,100,1,persistent_chain
G4_Onmem_wall,2,banded_anti_w6,three,Hel-Hel,294,1,persistent_chain
G4_Onmem_wall,2,banded_anti_w6,three,Hel-Hel,547,1,persistent_chain
G4_Onmem_wall,2,banded_anti_w6,three,Hel-IDP,1,371,persistent_chain
G4_Onmem_wall,2,banded_anti_w6,three,Hel-IDP,2,128,persistent_chain
G4_Onmem_wall,2,banded_anti_w6,three,Hel-IDP,3,60,persistent_chain
G4_Onmem_wall,2,banded_anti_w6,three,Hel-IDP,4,32,persistent_chain
G4_Onmem_wall,2,banded_anti_w6,three,Hel-IDP,5,22,persistent_chain
G4_Onmem_wall,2,banded_anti_w6,three,Hel-IDP,6,15,persistent_chain
G4_Onmem_wall,2,banded_anti_w6,three,Hel-IDP,7,11,persistent_chain
G4_Onmem_wall,2,banded_anti_w6,three,Hel-IDP,8,6,persistent_chain
G4_Onmem_wall,2,banded_anti_w6,three,Hel-IDP,9,11,persistent_chain
G4_Onmem_wall,2,banded_anti_w6,three,Hel-IDP,10,4,persistent_chain
G4_Onmem_wall,2,banded_anti_w6,three,Hel-IDP,11,4,persistent_chain
G4_Onmem_wall,2,banded_anti_w6,three,Hel-IDP,12,4,persistent_chain
G4_Onmem_wall,2,banded_anti_w6,three,Hel-IDP,13,1,persistent_chain
G4_Onmem_wall,2,banded_anti_w6,three,Hel-IDP,14,2,persistent_chain
G4_Onmem_wall,2,banded_anti_w6,three,Hel-IDP,15,1,persistent_chain
G4_Onmem_wall,2,banded_anti_w6,three,Hel-IDP,16,1,persistent_chain
G4_Onmem_wall,2,banded_anti_w6,three,Hel-IDP,19,1,persistent_chain
G4_Onmem_wall,2,banded_anti_w6,three,Hel-IDP,24,2,persistent_chain
G4_Onmem_wall,2,banded_anti_w6,three,Hel-IDP,25,1,persistent_chain
G4_Onmem_wall,2,banded_anti_w6,three,IDP-IDP,1,8234,persistent_chain
G4_Onmem_wall,2,banded_anti_w6,three,IDP-IDP,2,2843,persistent_chain
G4_Onmem_wall,2,banded_anti_w6,three,IDP-IDP,3,1348,persistent_chain
G4_Onmem_wall,2,banded_anti_w6,three,IDP-IDP,4,694,persistent_chain
G4_Onmem_wall,2,banded_anti_w6,three,IDP-IDP,5,450,persistent_chain
G4_Onmem_wall,2,banded_anti_w6,three,IDP-IDP,6,274,persistent_chain
G4_Onmem_wall,2,banded_anti_w6,three,IDP-IDP,7,184,persistent_chain
G4_Onmem_wall,2,banded_anti_w6,three,IDP-IDP,8,135,persistent_chain
G4_Onmem_wall,2,banded_anti_w6,three,IDP-IDP,9,79,persistent_chain
G4_Onmem_wall,2,banded_anti_w6,three,IDP-IDP,10,66,persistent_chain
G4_Onmem_wall,2,banded_anti_w6,three,IDP-IDP,11,46,persistent_chain
G4_Onmem_wall,2,banded_anti_w6,three,IDP-IDP,12,38,persistent_chain
G4_Onmem_wall,2,banded_anti_w6,three,IDP-IDP,13,34,persistent_chain
G4_Onmem_wall,2,banded_anti_w6,three,IDP-IDP,14,23,persistent_chain
G4_Onmem_wall,2,banded_anti_w6,three,IDP-IDP,15,14,persistent_chain
G4_Onmem_wall,2,banded_anti_w6,three,IDP-IDP,16,13,persistent_chain
G4_Onmem_wall,2,banded_anti_w6,three,IDP-IDP,17,11,persistent_chain
G4_Onmem_wall,2,banded_anti_w6,three,IDP-IDP,18,7,persistent_chain
G4_Onmem_wall,2,banded_anti_w6,three,IDP-IDP,19,4,persistent_chain
G4_Onmem_wall,2,banded_anti_w6,three,IDP-IDP,20,9,persistent_chain
G4_Onmem_wall,2,banded_anti_w6,three,IDP-IDP,21,1,persistent_chain
G4_Onmem_wall,2,banded_anti_w6,three,IDP-IDP,22,2,persistent_chain
G4_Onmem_wall,2,banded_anti_w6,three,IDP-IDP,23,4,persistent_chain
G4_Onmem_wall,2,banded_anti_w6,three,IDP-IDP,24,2,persistent_chain
G4_Onmem_wall,2,banded_anti_w6,three,IDP-IDP,25,3,persistent_chain
G4_Onmem_wall,2,banded_anti_w6,three,IDP-IDP,26,1,persistent_chain
G4_Onmem_wall,2,banded_anti_w6,three,IDP-IDP,27,2,persistent_chain
G4_Onmem_wall,2,banded_anti_w6,three,IDP-IDP,28,1,persistent_chain
G4_Onmem_wall,2,banded_anti_w6,three,IDP-IDP,29,2,persistent_chain
G4_Onmem_wall,2,banded_anti_w6,three,IDP-IDP,30,2,persistent_chain
G4_Onmem_wall,2,banded_anti_w6,three,IDP-IDP,31,2,persistent_chain
G4_Onmem_wall,2,banded_anti_w6,three,IDP-IDP,32,1,persistent_chain
G4_Onmem_wall,2,banded_anti_w6,three,IDP-IDP,35,2,persistent_chain
G4_Onmem_wall,2,banded_anti_w6,three,IDP-IDP,38,1,persistent_chain
G4_Onmem_wall,2,banded_anti_w6,three,IDP-IDP,43,1,persistent_chain
G4_Onmem_wall,2,banded_anti_w6,triplet,all,1,6193,persistent_chain
G4_Onmem_wall,2,banded_anti_w6,triplet,all,2,1822,persistent_chain
G4_Onmem_wall,2,banded_anti_w6,triplet,all,3,725,persistent_chain
G4_Onmem_wall,2,banded_anti_w6,triplet,all,4,318,persistent_chain
G4_Onmem_wall,2,banded_anti_w6,triplet,all,5,211,persistent_chain
G4_Onmem_wall,2,banded_anti_w6,triplet,all,6,101,persistent_chain
G4_Onmem_wall,2,banded_anti_w6,triplet,all,7,55,persistent_chain
G4_Onmem_wall,2,banded_anti_w6,triplet,all,8,50,persistent_chain
G4_Onmem_wall,2,banded_anti_w6,triplet,all,9,30,persistent_chain
G4_Onmem_wall,2,banded_anti_w6,triplet,all,10,19,persistent_chain
G4_Onmem_wall,2,banded_anti_w6,triplet,all,11,14,persistent_chain
G4_Onmem_wall,2,banded_anti_w6,triplet,all,12,6,persistent_chain
G4_Onmem_wall,2,banded_anti_w6,triplet,all,13,5,persistent_chain
G4_Onmem_wall,2,banded_anti_w6,triplet,all,14,3,persistent_chain
G4_Onmem_wall,2,banded_anti_w6,triplet,all,15,3,persistent_chain
G4_Onmem_wall,2,banded_anti_w6,triplet,all,17,3,persistent_chain
G4_Onmem_wall,2,banded_anti_w6,triplet,all,19,1,persistent_chain
G4_Onmem_wall,2,banded_anti_w6,triplet,all,21,1,persistent_chain
G4_Onmem_wall,2,banded_anti_w6,triplet,all,22,1,persistent_chain
G4_Onmem_wall,2,banded_anti_w6,triplet,all,23,1,persistent_chain
G4_Onmem_wall,2,banded_anti_w6,triplet,all,25,2,persistent_chain
G4_Onmem_wall,2,banded_anti_w6,triplet,all,58,1,persistent_chain
G4_Onmem_wall,2,banded_anti_w6,triplet,Hel-Hel,1,78,persistent_chain
G4_Onmem_wall,2,banded_anti_w6,triplet,Hel-Hel,2,27,persistent_chain
G4_Onmem_wall,2,banded_anti_w6,triplet,Hel-Hel,3,14,persistent_chain
G4_Onmem_wall,2,banded_anti_w6,triplet,Hel-Hel,4,2,persistent_chain
G4_Onmem_wall,2,banded_anti_w6,triplet,Hel-Hel,5,1,persistent_chain
G4_Onmem_wall,2,banded_anti_w6,triplet,Hel-Hel,6,2,persistent_chain
G4_Onmem_wall,2,banded_anti_w6,triplet,Hel-Hel,7,1,persistent_chain
G4_Onmem_wall,2,banded_anti_w6,triplet,Hel-Hel,8,2,persistent_chain
G4_Onmem_wall,2,banded_anti_w6,triplet,Hel-Hel,10,1,persistent_chain
G4_Onmem_wall,2,banded_anti_w6,triplet,Hel-Hel,58,1,persistent_chain
G4_Onmem_wall,2,banded_anti_w6,triplet,Hel-IDP,1,174,persistent_chain
G4_Onmem_wall,2,banded_anti_w6,triplet,Hel-IDP,2,51,persistent_chain
G4_Onmem_wall,2,banded_anti_w6,triplet,Hel-IDP,3,15,persistent_chain
G4_Onmem_wall,2,banded_anti_w6,triplet,Hel-IDP,4,7,persistent_chain
G4_Onmem_wall,2,banded_anti_w6,triplet,Hel-IDP,5,9,persistent_chain
G4_Onmem_wall,2,banded_anti_w6,triplet,Hel-IDP,6,3,persistent_chain
G4_Onmem_wall,2,banded_anti_w6,triplet,Hel-IDP,7,2,persistent_chain
G4_Onmem_wall,2,banded_anti_w6,triplet,Hel-IDP,8,1,persistent_chain
G4_Onmem_wall,2,banded_anti_w6,triplet,Hel-IDP,9,2,persistent_chain
G4_Onmem_wall,2,banded_anti_w6,triplet,Hel-IDP,11,1,persistent_chain
G4_Onmem_wall,2,banded_anti_w6,triplet,Hel-IDP,15,1,persistent_chain
G4_Onmem_wall,2,banded_anti_w6,triplet,IDP-IDP,1,5941,persistent_chain
G4_Onmem_wall,2,banded_anti_w6,triplet,IDP-IDP,2,1744,persistent_chain
G4_Onmem_wall,2,banded_anti_w6,triplet,IDP-IDP,3,696,persistent_chain
G4_Onmem_wall,2,banded_anti_w6,triplet,IDP-IDP,4,309,persistent_chain
G4_Onmem_wall,2,banded_anti_w6,triplet,IDP-IDP,5,201,persistent_chain
G4_Onmem_wall,2,banded_anti_w6,triplet,IDP-IDP,6,96,persistent_chain
G4_Onmem_wall,2,banded_anti_w6,triplet,IDP-IDP,7,52,persistent_chain
G4_Onmem_wall,2,banded_anti_w6,triplet,IDP-IDP,8,47,persistent_chain
G4_Onmem_wall,2,banded_anti_w6,triplet,IDP-IDP,9,28,persistent_chain
G4_Onmem_wall,2,banded_anti_w6,triplet,IDP-IDP,10,18,persistent_chain
G4_Onmem_wall,2,banded_anti_w6,triplet,IDP-IDP,11,13,persistent_chain
G4_Onmem_wall,2,banded_anti_w6,triplet,IDP-IDP,12,6,persistent_chain
G4_Onmem_wall,2,banded_anti_w6,triplet,IDP-IDP,13,5,persistent_chain
G4_Onmem_wall,2,banded_anti_w6,triplet,IDP-IDP,14,3,persistent_chain
G4_Onmem_wall,2,banded_anti_w6,triplet,IDP-IDP,15,2,persistent_chain
G4_Onmem_wall,2,banded_anti_w6,triplet,IDP-IDP,17,3,persistent_chain
G4_Onmem_wall,2,banded_anti_w6,triplet,IDP-IDP,19,1,persistent_chain
G4_Onmem_wall,2,banded_anti_w6,triplet,IDP-IDP,21,1,persistent_chain
G4_Onmem_wall,2,banded_anti_w6,triplet,IDP-IDP,22,1,persistent_chain
G4_Onmem_wall,2,banded_anti_w6,triplet,IDP-IDP,23,1,persistent_chain
G4_Onmem_wall,2,banded_anti_w6,triplet,IDP-IDP,25,2,persistent_chain
G4_Onmem_wall,2,banded_anti_w8,one,all,1,12360,persistent_chain
G4_Onmem_wall,2,banded_anti_w8,one,all,2,4861,persistent_chain
G4_Onmem_wall,2,banded_anti_w8,one,all,3,2622,persistent_chain
G4_Onmem_wall,2,banded_anti_w8,one,all,4,1626,persistent_chain
G4_Onmem_wall,2,banded_anti_w8,one,all,5,1072,persistent_chain
G4_Onmem_wall,2,banded_anti_w8,one,all,6,772,persistent_chain
G4_Onmem_wall,2,banded_anti_w8,one,all,7,541,persistent_chain
G4_Onmem_wall,2,banded_anti_w8,one,all,8,400,persistent_chain
G4_Onmem_wall,2,banded_anti_w8,one,all,9,311,persistent_chain
G4_Onmem_wall,2,banded_anti_w8,one,all,10,285,persistent_chain
G4_Onmem_wall,2,banded_anti_w8,one,all,11,196,persistent_chain
G4_Onmem_wall,2,banded_anti_w8,one,all,12,141,persistent_chain
G4_Onmem_wall,2,banded_anti_w8,one,all,13,120,persistent_chain
G4_Onmem_wall,2,banded_anti_w8,one,all,14,100,persistent_chain
G4_Onmem_wall,2,banded_anti_w8,one,all,15,84,persistent_chain
G4_Onmem_wall,2,banded_anti_w8,one,all,16,63,persistent_chain
G4_Onmem_wall,2,banded_anti_w8,one,all,17,47,persistent_chain
G4_Onmem_wall,2,banded_anti_w8,one,all,18,63,persistent_chain
G4_Onmem_wall,2,banded_anti_w8,one,all,19,48,persistent_chain
G4_Onmem_wall,2,banded_anti_w8,one,all,20,40,persistent_chain
G4_Onmem_wall,2,banded_anti_w8,one,all,21,23,persistent_chain
G4_Onmem_wall,2,banded_anti_w8,one,all,22,27,persistent_chain
G4_Onmem_wall,2,banded_anti_w8,one,all,23,25,persistent_chain
G4_Onmem_wall,2,banded_anti_w8,one,all,24,16,persistent_chain
G4_Onmem_wall,2,banded_anti_w8,one,all,25,23,persistent_chain
G4_Onmem_wall,2,banded_anti_w8,one,all,26,15,persistent_chain
G4_Onmem_wall,2,banded_anti_w8,one,all,27,8,persistent_chain
G4_Onmem_wall,2,banded_anti_w8,one,all,28,10,persistent_chain
G4_Onmem_wall,2,banded_anti_w8,one,all,29,11,persistent_chain
G4_Onmem_wall,2,banded_anti_w8,one,all,30,13,persistent_chain
G4_Onmem_wall,2,banded_anti_w8,one,all,31,7,persistent_chain
G4_Onmem_wall,2,banded_anti_w8,one,all,32,6,persistent_chain
G4_Onmem_wall,2,banded_anti_w8,one,all,33,5,persistent_chain
G4_Onmem_wall,2,banded_anti_w8,one,all,34,5,persistent_chain
G4_Onmem_wall,2,banded_anti_w8,one,all,35,4,persistent_chain
G4_Onmem_wall,2,banded_anti_w8,one,all,36,4,persistent_chain
G4_Onmem_wall,2,banded_anti_w8,one,all,37,2,persistent_chain
G4_Onmem_wall,2,banded_anti_w8,one,all,38,4,persistent_chain
G4_Onmem_wall,2,banded_anti_w8,one,all,39,3,persistent_chain
G4_Onmem_wall,2,banded_anti_w8,one,all,40,4,persistent_chain
G4_Onmem_wall,2,banded_anti_w8,one,all,41,7,persistent_chain
G4_Onmem_wall,2,banded_anti_w8,one,all,42,3,persistent_chain
G4_Onmem_wall,2,banded_anti_w8,one,all,43,3,persistent_chain
G4_Onmem_wall,2,banded_anti_w8,one,all,44,1,persistent_chain
G4_Onmem_wall,2,banded_anti_w8,one,all,45,3,persistent_chain
G4_Onmem_wall,2,banded_anti_w8,one,all,47,1,persistent_chain
G4_Onmem_wall,2,banded_anti_w8,one,all,49,3,persistent_chain
G4_Onmem_wall,2,banded_anti_w8,one,all,50,1,persistent_chain
G4_Onmem_wall,2,banded_anti_w8,one,all,51,1,persistent_chain
G4_Onmem_wall,2,banded_anti_w8,one,all,52,1,persistent_chain
G4_Onmem_wall,2,banded_anti_w8,one,all,53,2,persistent_chain
G4_Onmem_wall,2,banded_anti_w8,one,all,54,1,persistent_chain
G4_Onmem_wall,2,banded_anti_w8,one,all,55,1,persistent_chain
G4_Onmem_wall,2,banded_anti_w8,one,all,56,1,persistent_chain
G4_Onmem_wall,2,banded_anti_w8,one,all,58,1,persistent_chain
G4_Onmem_wall,2,banded_anti_w8,one,all,59,1,persistent_chain
G4_Onmem_wall,2,banded_anti_w8,one,all,60,1,persistent_chain
G4_Onmem_wall,2,banded_anti_w8,one,all,62,1,persistent_chain
G4_Onmem_wall,2,banded_anti_w8,one,all,65,1,persistent_chain
G4_Onmem_wall,2,banded_anti_w8,one,all,80,1,persistent_chain
G4_Onmem_wall,2,banded_anti_w8,one,all,83,2,persistent_chain
G4_Onmem_wall,2,banded_anti_w8,one,all,94,1,persistent_chain
G4_Onmem_wall,2,banded_anti_w8,one,all,95,1,persistent_chain
G4_Onmem_wall,2,banded_anti_w8,one,all,104,1,persistent_chain
G4_Onmem_wall,2,banded_anti_w8,one,all,152,1,persistent_chain
G4_Onmem_wall,2,banded_anti_w8,one,all,299,1,persistent_chain
G4_Onmem_wall,2,banded_anti_w8,one,all,717,1,persistent_chain
G4_Onmem_wall,2,banded_anti_w8,one,Hel-Hel,1,40,persistent_chain
G4_Onmem_wall,2,banded_anti_w8,one,Hel-Hel,2,20,persistent_chain
G4_Onmem_wall,2,banded_anti_w8,one,Hel-Hel,3,7,persistent_chain
G4_Onmem_wall,2,banded_anti_w8,one,Hel-Hel,4,2,persistent_chain
G4_Onmem_wall,2,banded_anti_w8,one,Hel-Hel,5,5,persistent_chain
G4_Onmem_wall,2,banded_anti_w8,one,Hel-Hel,6,3,persistent_chain
G4_Onmem_wall,2,banded_anti_w8,one,Hel-Hel,7,2,persistent_chain
G4_Onmem_wall,2,banded_anti_w8,one,Hel-Hel,9,3,persistent_chain
G4_Onmem_wall,2,banded_anti_w8,one,Hel-Hel,11,1,persistent_chain
G4_Onmem_wall,2,banded_anti_w8,one,Hel-Hel,12,2,persistent_chain
G4_Onmem_wall,2,banded_anti_w8,one,Hel-Hel,16,1,persistent_chain
G4_Onmem_wall,2,banded_anti_w8,one,Hel-Hel,19,1,persistent_chain
G4_Onmem_wall,2,banded_anti_w8,one,Hel-Hel,20,1,persistent_chain
G4_Onmem_wall,2,banded_anti_w8,one,Hel-Hel,26,1,persistent_chain
G4_Onmem_wall,2,banded_anti_w8,one,Hel-Hel,28,1,persistent_chain
G4_Onmem_wall,2,banded_anti_w8,one,Hel-Hel,37,1,persistent_chain
G4_Onmem_wall,2,banded_anti_w8,one,Hel-Hel,38,1,persistent_chain
G4_Onmem_wall,2,banded_anti_w8,one,Hel-Hel,53,2,persistent_chain
G4_Onmem_wall,2,banded_anti_w8,one,Hel-Hel,55,1,persistent_chain
G4_Onmem_wall,2,banded_anti_w8,one,Hel-Hel,83,1,persistent_chain
G4_Onmem_wall,2,banded_anti_w8,one,Hel-Hel,299,1,persistent_chain
G4_Onmem_wall,2,banded_anti_w8,one,Hel-Hel,717,1,persistent_chain
G4_Onmem_wall,2,banded_anti_w8,one,Hel-IDP,1,666,persistent_chain
G4_Onmem_wall,2,banded_anti_w8,one,Hel-IDP,2,250,persistent_chain
G4_Onmem_wall,2,banded_anti_w8,one,Hel-IDP,3,103,persistent_chain
G4_Onmem_wall,2,banded_anti_w8,one,Hel-IDP,4,81,persistent_chain
G4_Onmem_wall,2,banded_anti_w8,one,Hel-IDP,5,62,persistent_chain
G4_Onmem_wall,2,banded_anti_w8,one,Hel-IDP,6,41,persistent_chain
G4_Onmem_wall,2,banded_anti_w8,one,Hel-IDP,7,23,persistent_chain
G4_Onmem_wall,2,banded_anti_w8,one,Hel-IDP,8,24,persistent_chain
G4_Onmem_wall,2,banded_anti_w8,one,Hel-IDP,9,21,persistent_chain
G4_Onmem_wall,2,banded_anti_w8,one,Hel-IDP,10,19,persistent_chain
G4_Onmem_wall,2,banded_anti_w8,one,Hel-IDP,11,12,persistent_chain
G4_Onmem_wall,2,banded_anti_w8,one,Hel-IDP,12,9,persistent_chain
G4_Onmem_wall,2,banded_anti_w8,one,Hel-IDP,13,7,persistent_chain
G4_Onmem_wall,2,banded_anti_w8,one,Hel-IDP,14,7,persistent_chain
G4_Onmem_wall,2,banded_anti_w8,one,Hel-IDP,15,4,persistent_chain
G4_Onmem_wall,2,banded_anti_w8,one,Hel-IDP,16,2,persistent_chain
G4_Onmem_wall,2,banded_anti_w8,one,Hel-IDP,17,3,persistent_chain
G4_Onmem_wall,2,banded_anti_w8,one,Hel-IDP,18,3,persistent_chain
G4_Onmem_wall,2,banded_anti_w8,one,Hel-IDP,19,6,persistent_chain
G4_Onmem_wall,2,banded_anti_w8,one,Hel-IDP,20,2,persistent_chain
G4_Onmem_wall,2,banded_anti_w8,one,Hel-IDP,21,1,persistent_chain
G4_Onmem_wall,2,banded_anti_w8,one,Hel-IDP,22,2,persistent_chain
G4_Onmem_wall,2,banded_anti_w8,one,Hel-IDP,23,1,persistent_chain
G4_Onmem_wall,2,banded_anti_w8,one,Hel-IDP,24,3,persistent_chain
G4_Onmem_wall,2,banded_anti_w8,one,Hel-IDP,25,1,persistent_chain
G4_Onmem_wall,2,banded_anti_w8,one,Hel-IDP,26,4,persistent_chain
G4_Onmem_wall,2,banded_anti_w8,one,Hel-IDP,27,2,persistent_chain
G4_Onmem_wall,2,banded_anti_w8,one,Hel-IDP,28,3,persistent_chain
G4_Onmem_wall,2,banded_anti_w8,one,Hel-IDP,30,1,persistent_chain
G4_Onmem_wall,2,banded_anti_w8,one,Hel-IDP,31,1,persistent_chain
G4_Onmem_wall,2,banded_anti_w8,one,Hel-IDP,32,1,persistent_chain
G4_Onmem_wall,2,banded_anti_w8,one,Hel-IDP,35,1,persistent_chain
G4_Onmem_wall,2,banded_anti_w8,one,Hel-IDP,38,1,persistent_chain
G4_Onmem_wall,2,banded_anti_w8,one,Hel-IDP,43,2,persistent_chain
G4_Onmem_wall,2,banded_anti_w8,one,IDP-IDP,1,11654,persistent_chain
G4_Onmem_wall,2,banded_anti_w8,one,IDP-IDP,2,4591,persistent_chain
G4_Onmem_wall,2,banded_anti_w8,one,IDP-IDP,3,2512,persistent_chain
G4_Onmem_wall,2,banded_anti_w8,one,IDP-IDP,4,1543,persistent_chain
G4_Onmem_wall,2,banded_anti_w8,one,IDP-IDP,5,1005,persistent_chain
G4_Onmem_wall,2,banded_anti_w8,one,IDP-IDP,6,728,persistent_chain
G4_Onmem_wall,2,banded_anti_w8,one,IDP-IDP,7,516,persistent_chain
G4_Onmem_wall,2,banded_anti_w8,one,IDP-IDP,8,376,persistent_chain
G4_Onmem_wall,2,banded_anti_w8,one,IDP-IDP,9,287,persistent_chain
G4_Onmem_wall,2,banded_anti_w8,one,IDP-IDP,10,266,persistent_chain
G4_Onmem_wall,2,banded_anti_w8,one,IDP-IDP,11,183,persistent_chain
G4_Onmem_wall,2,banded_anti_w8,one,IDP-IDP,12,130,persistent_chain
G4_Onmem_wall,2,banded_anti_w8,one,IDP-IDP,13,113,persistent_chain
G4_Onmem_wall,2,banded_anti_w8,one,IDP-IDP,14,93,persistent_chain
G4_Onmem_wall,2,banded_anti_w8,one,IDP-IDP,15,80,persistent_chain
G4_Onmem_wall,2,banded_anti_w8,one,IDP-IDP,16,60,persistent_chain
G4_Onmem_wall,2,banded_anti_w8,one,IDP-IDP,17,44,persistent_chain
G4_Onmem_wall,2,banded_anti_w8,one,IDP-IDP,18,60,persistent_chain
G4_Onmem_wall,2,banded_anti_w8,one,IDP-IDP,19,41,persistent_chain
G4_Onmem_wall,2,banded_anti_w8,one,IDP-IDP,20,37,persistent_chain
G4_Onmem_wall,2,banded_anti_w8,one,IDP-IDP,21,22,persistent_chain
G4_Onmem_wall,2,banded_anti_w8,one,IDP-IDP,22,25,persistent_chain
G4_Onmem_wall,2,banded_anti_w8,one,IDP-IDP,23,24,persistent_chain
G4_Onmem_wall,2,banded_anti_w8,one,IDP-IDP,24,13,persistent_chain
G4_Onmem_wall,2,banded_anti_w8,one,IDP-IDP,25,22,persistent_chain
G4_Onmem_wall,2,banded_anti_w8,one,IDP-IDP,26,10,persistent_chain
G4_Onmem_wall,2,banded_anti_w8,one,IDP-IDP,27,6,persistent_chain
G4_Onmem_wall,2,banded_anti_w8,one,IDP-IDP,28,6,persistent_chain
G4_Onmem_wall,2,banded_anti_w8,one,IDP-IDP,29,11,persistent_chain
G4_Onmem_wall,2,banded_anti_w8,one,IDP-IDP,30,12,persistent_chain
G4_Onmem_wall,2,banded_anti_w8,one,IDP-IDP,31,6,persistent_chain
G4_Onmem_wall,2,banded_anti_w8,one,IDP-IDP,32,5,persistent_chain
G4_Onmem_wall,2,banded_anti_w8,one,IDP-IDP,33,5,persistent_chain
G4_Onmem_wall,2,banded_anti_w8,one,IDP-IDP,34,5,persistent_chain
G4_Onmem_wall,2,banded_anti_w8,one,IDP-IDP,35,3,persistent_chain
G4_Onmem_wall,2,banded_anti_w8,one,IDP-IDP,36,4,persistent_chain
G4_Onmem_wall,2,banded_anti_w8,one,IDP-IDP,37,1,persistent_chain
G4_Onmem_wall,2,banded_anti_w8,one,IDP-IDP,38,2,persistent_chain
G4_Onmem_wall,2,banded_anti_w8,one,IDP-IDP,39,3,persistent_chain
G4_Onmem_wall,2,banded_anti_w8,one,IDP-IDP,40,4,persistent_chain
G4_Onmem_wall,2,banded_anti_w8,one,IDP-IDP,41,7,persistent_chain
G4_Onmem_wall,2,banded_anti_w8,one,IDP-IDP,42,3,persistent_chain
G4_Onmem_wall,2,banded_anti_w8,one,IDP-IDP,43,1,persistent_chain
G4_Onmem_wall,2,banded_anti_w8,one,IDP-IDP,44,1,persistent_chain
G4_Onmem_wall,2,banded_anti_w8,one,IDP-IDP,45,3,persistent_chain
G4_Onmem_wall,2,banded_anti_w8,one,IDP-IDP,47,1,persistent_chain
G4_Onmem_wall,2,banded_anti_w8,one,IDP-IDP,49,3,persistent_chain
G4_Onmem_wall,2,banded_anti_w8,one,IDP-IDP,50,1,persistent_chain
G4_Onmem_wall,2,banded_anti_w8,one,IDP-IDP,51,1,persistent_chain
G4_Onmem_wall,2,banded_anti_w8,one,IDP-IDP,52,1,persistent_chain
G4_Onmem_wall,2,banded_anti_w8,one,IDP-IDP,54,1,persistent_chain
G4_Onmem_wall,2,banded_anti_w8,one,IDP-IDP,56,1,persistent_chain
G4_Onmem_wall,2,banded_anti_w8,one,IDP-IDP,58,1,persistent_chain
G4_Onmem_wall,2,banded_anti_w8,one,IDP-IDP,59,1,persistent_chain
G4_Onmem_wall,2,banded_anti_w8,one,IDP-IDP,60,1,persistent_chain
G4_Onmem_wall,2,banded_anti_w8,one,IDP-IDP,62,1,persistent_chain
G4_Onmem_wall,2,banded_anti_w8,one,IDP-IDP,65,1,persistent_chain
G4_Onmem_wall,2,banded_anti_w8,one,IDP-IDP,80,1,persistent_chain
G4_Onmem_wall,2,banded_anti_w8,one,IDP-IDP,83,1,persistent_chain
G4_Onmem_wall,2,banded_anti_w8,one,IDP-IDP,94,1,persistent_chain
G4_Onmem_wall,2,banded_anti_w8,one,IDP-IDP,95,1,persistent_chain
G4_Onmem_wall,2,banded_anti_w8,one,IDP-IDP,104,1,persistent_chain
G4_Onmem_wall,2,banded_anti_w8,one,IDP-IDP,152,1,persistent_chain
G4_Onmem_wall,2,banded_anti_w8,three,all,1,9950,persistent_chain
G4_Onmem_wall,2,banded_anti_w8,three,all,2,3621,persistent_chain
G4_Onmem_wall,2,banded_anti_w8,three,all,3,1775,persistent_chain
G4_Onmem_wall,2,banded_anti_w8,three,all,4,948,persistent_chain
G4_Onmem_wall,2,banded_anti_w8,three,all,5,604,persistent_chain
G4_Onmem_wall,2,banded_anti_w8,three,all,6,408,persistent_chain
G4_Onmem_wall,2,banded_anti_w8,three,all,7,280,persistent_chain
G4_Onmem_wall,2,banded_anti_w8,three,all,8,174,persistent_chain
G4_Onmem_wall,2,banded_anti_w8,three,all,9,135,persistent_chain
G4_Onmem_wall,2,banded_anti_w8,three,all,10,98,persistent_chain
G4_Onmem_wall,2,banded_anti_w8,three,all,11,89,persistent_chain
G4_Onmem_wall,2,banded_anti_w8,three,all,12,59,persistent_chain
G4_Onmem_wall,2,banded_anti_w8,three,all,13,48,persistent_chain
G4_Onmem_wall,2,banded_anti_w8,three,all,14,37,persistent_chain
G4_Onmem_wall,2,banded_anti_w8,three,all,15,27,persistent_chain
G4_Onmem_wall,2,banded_anti_w8,three,all,16,21,persistent_chain
G4_Onmem_wall,2,banded_anti_w8,three,all,17,18,persistent_chain
G4_Onmem_wall,2,banded_anti_w8,three,all,18,12,persistent_chain
G4_Onmem_wall,2,banded_anti_w8,three,all,19,14,persistent_chain
G4_Onmem_wall,2,banded_anti_w8,three,all,20,11,persistent_chain
G4_Onmem_wall,2,banded_anti_w8,three,all,21,5,persistent_chain
G4_Onmem_wall,2,banded_anti_w8,three,all,22,9,persistent_chain
G4_Onmem_wall,2,banded_anti_w8,three,all,23,2,persistent_chain
G4_Onmem_wall,2,banded_anti_w8,three,all,24,5,persistent_chain
G4_Onmem_wall,2,banded_anti_w8,three,all,25,2,persistent_chain
G4_Onmem_wall,2,banded_anti_w8,three,all,26,1,persistent_chain
G4_Onmem_wall,2,banded_anti_w8,three,all,27,3,persistent_chain
G4_Onmem_wall,2,banded_anti_w8,three,all,28,5,persistent_chain
G4_Onmem_wall,2,banded_anti_w8,three,all,29,5,persistent_chain
G4_Onmem_wall,2,banded_anti_w8,three,all,30,2,persistent_chain
G4_Onmem_wall,2,banded_anti_w8,three,all,31,2,persistent_chain
G4_Onmem_wall,2,banded_anti_w8,three,all,32,1,persistent_chain
G4_Onmem_wall,2,banded_anti_w8,three,all,33,1,persistent_chain
G4_Onmem_wall,2,banded_anti_w8,three,all,34,2,persistent_chain
G4_Onmem_wall,2,banded_anti_w8,three,all,35,1,persistent_chain
G4_Onmem_wall,2,banded_anti_w8,three,all,36,2,persistent_chain
G4_Onmem_wall,2,banded_anti_w8,three,all,38,1,persistent_chain
G4_Onmem_wall,2,banded_anti_w8,three,all,39,1,persistent_chain
G4_Onmem_wall,2,banded_anti_w8,three,all,40,1,persistent_chain
G4_Onmem_wall,2,banded_anti_w8,three,all,43,1,persistent_chain
G4_Onmem_wall,2,banded_anti_w8,three,all,45,1,persistent_chain
G4_Onmem_wall,2,banded_anti_w8,three,all,46,1,persistent_chain
G4_Onmem_wall,2,banded_anti_w8,three,all,49,1,persistent_chain
G4_Onmem_wall,2,banded_anti_w8,three,all,65,1,persistent_chain
G4_Onmem_wall,2,banded_anti_w8,three,all,76,1,persistent_chain
G4_Onmem_wall,2,banded_anti_w8,three,all,100,1,persistent_chain
G4_Onmem_wall,2,banded_anti_w8,three,all,108,1,persistent_chain
G4_Onmem_wall,2,banded_anti_w8,three,all,294,1,persistent_chain
G4_Onmem_wall,2,banded_anti_w8,three,all,547,1,persistent_chain
G4_Onmem_wall,2,banded_anti_w8,three,Hel-Hel,1,23,persistent_chain
G4_Onmem_wall,2,banded_anti_w8,three,Hel-Hel,2,9,persistent_chain
G4_Onmem_wall,2,banded_anti_w8,three,Hel-Hel,3,4,persistent_chain
G4_Onmem_wall,2,banded_anti_w8,three,Hel-Hel,4,2,persistent_chain
G4_Onmem_wall,2,banded_anti_w8,three,Hel-Hel,5,3,persistent_chain
G4_Onmem_wall,2,banded_anti_w8,three,Hel-Hel,6,4,persistent_chain
G4_Onmem_wall,2,banded_anti_w8,three,Hel-Hel,7,3,persistent_chain
G4_Onmem_wall,2,banded_anti_w8,three,Hel-Hel,9,1,persistent_chain
G4_Onmem_wall,2,banded_anti_w8,three,Hel-Hel,10,1,persistent_chain
G4_Onmem_wall,2,banded_anti_w8,three,Hel-Hel,11,1,persistent_chain
G4_Onmem_wall,2,banded_anti_w8,three,Hel-Hel,12,1,persistent_chain
G4_Onmem_wall,2,banded_anti_w8,three,Hel-Hel,19,2,persistent_chain
G4_Onmem_wall,2,banded_anti_w8,three,Hel-Hel,22,1,persistent_chain
G4_Onmem_wall,2,banded_anti_w8,three,Hel-Hel,27,2,persistent_chain
G4_Onmem_wall,2,banded_anti_w8,three,Hel-Hel,29,1,persistent_chain
G4_Onmem_wall,2,banded_anti_w8,three,Hel-Hel,33,1,persistent_chain
G4_Onmem_wall,2,banded_anti_w8,three,Hel-Hel,49,1,persistent_chain
G4_Onmem_wall,2,banded_anti_w8,three,Hel-Hel,65,1,persistent_chain
G4_Onmem_wall,2,banded_anti_w8,three,Hel-Hel,76,1,persistent_chain
G4_Onmem_wall,2,banded_anti_w8,three,Hel-Hel,100,1,persistent_chain
G4_Onmem_wall,2,banded_anti_w8,three,Hel-Hel,294,1,persistent_chain
G4_Onmem_wall,2,banded_anti_w8,three,Hel-Hel,547,1,persistent_chain
G4_Onmem_wall,2,banded_anti_w8,three,Hel-IDP,1,446,persistent_chain
G4_Onmem_wall,2,banded_anti_w8,three,Hel-IDP,2,160,persistent_chain
G4_Onmem_wall,2,banded_anti_w8,three,Hel-IDP,3,79,persistent_chain
G4_Onmem_wall,2,banded_anti_w8,three,Hel-IDP,4,45,persistent_chain
G4_Onmem_wall,2,banded_anti_w8,three,Hel-IDP,5,34,persistent_chain
G4_Onmem_wall,2,banded_anti_w8,three,Hel-IDP,6,18,persistent_chain
G4_Onmem_wall,2,banded_anti_w8,three,Hel-IDP,7,19,persistent_chain
G4_Onmem_wall,2,banded_anti_w8,three,Hel-IDP,8,9,persistent_chain
G4_Onmem_wall,2,banded_anti_w8,three,Hel-IDP,9,10,persistent_chain
G4_Onmem_wall,2,banded_anti_w8,three,Hel-IDP,10,5,persistent_chain
G4_Onmem_wall,2,banded_anti_w8,three,Hel-IDP,11,7,persistent_chain
G4_Onmem_wall,2,banded_anti_w8,three,Hel-IDP,12,3,persistent_chain
G4_Onmem_wall,2,banded_anti_w8,three,Hel-IDP,13,2,persistent_chain
G4_Onmem_wall,2,banded_anti_w8,three,Hel-IDP,14,1,persistent_chain
G4_Onmem_wall,2,banded_anti_w8,three,Hel-IDP,15,2,persistent_chain
G4_Onmem_wall,2,banded_anti_w8,three,Hel-IDP,16,2,persistent_chain
G4_Onmem_wall,2,banded_anti_w8,three,Hel-IDP,17,2,persistent_chain
G4_Onmem_wall,2,banded_anti_w8,three,Hel-IDP,19,3,persistent_chain
G4_Onmem_wall,2,banded_anti_w8,three,Hel-IDP,20,1,persistent_chain
G4_Onmem_wall,2,banded_anti_w8,three,Hel-IDP,22,1,persistent_chain
G4_Onmem_wall,2,banded_anti_w8,three,Hel-IDP,24,1,persistent_chain
G4_Onmem_wall,2,banded_anti_w8,three,Hel-IDP,25,1,persistent_chain
G4_Onmem_wall,2,banded_anti_w8,three,Hel-IDP,30,1,persistent_chain
G4_Onmem_wall,2,banded_anti_w8,three,IDP-IDP,1,9481,persistent_chain
G4_Onmem_wall,2,banded_anti_w8,three,IDP-IDP,2,3452,persistent_chain
G4_Onmem_wall,2,banded_anti_w8,three,IDP-IDP,3,1692,persistent_chain
G4_Onmem_wall,2,banded_anti_w8,three,IDP-IDP,4,901,persistent_chain
G4_Onmem_wall,2,banded_anti_w8,three,IDP-IDP,5,567,persistent_chain
G4_Onmem_wall,2,banded_anti_w8,three,IDP-IDP,6,386,persistent_chain
G4_Onmem_wall,2,banded_anti_w8,three,IDP-IDP,7,258,persistent_chain
G4_Onmem_wall,2,banded_anti_w8,three,IDP-IDP,8,165,persistent_chain
G4_Onmem_wall,2,banded_anti_w8,three,IDP-IDP,9,124,persistent_chain
G4_Onmem_wall,2,banded_anti_w8,three,IDP-IDP,10,92,persistent_chain
G4_Onmem_wall,2,banded_anti_w8,three,IDP-IDP,11,81,persistent_chain
G4_Onmem_wall,2,banded_anti_w8,three,IDP-IDP,12,55,persistent_chain
G4_Onmem_wall,2,banded_anti_w8,three,IDP-IDP,13,46,persistent_chain
G4_Onmem_wall,2,banded_anti_w8,three,IDP-IDP,14,36,persistent_chain
G4_Onmem_wall,2,banded_anti_w8,three,IDP-IDP,15,25,persistent_chain
G4_Onmem_wall,2,banded_anti_w8,three,IDP-IDP,16,19,persistent_chain
G4_Onmem_wall,2,banded_anti_w8,three,IDP-IDP,17,16,persistent_chain
G4_Onmem_wall,2,banded_anti_w8,three,IDP-IDP,18,12,persistent_chain
G4_Onmem_wall,2,banded_anti_w8,three,IDP-IDP,19,9,persistent_chain
G4_Onmem_wall,2,banded_anti_w8,three,IDP-IDP,20,10,persistent_chain
G4_Onmem_wall,2,banded_anti_w8,three,IDP-IDP,21,5,persistent_chain
G4_Onmem_wall,2,banded_anti_w8,three,IDP-IDP,22,7,persistent_chain
G4_Onmem_wall,2,banded_anti_w8,three,IDP-IDP,23,2,persistent_chain
G4_Onmem_wall,2,banded_anti_w8,three,IDP-IDP,24,4,persistent_chain
G4_Onmem_wall,2,banded_anti_w8,three,IDP-IDP,25,1,persistent_chain
G4_Onmem_wall,2,banded_anti_w8,three,IDP-IDP,26,1,persistent_chain
G4_Onmem_wall,2,banded_anti_w8,three,IDP-IDP,27,1,persistent_chain
G4_Onmem_wall,2,banded_anti_w8,three,IDP-IDP,28,5,persistent_chain
G4_Onmem_wall,2,banded_anti_w8,three,IDP-IDP,29,4,persistent_chain
G4_Onmem_wall,2,banded_anti_w8,three,IDP-IDP,30,1,persistent_chain
G4_Onmem_wall,2,banded_anti_w8,three,IDP-IDP,31,2,persistent_chain
G4_Onmem_wall,2,banded_anti_w8,three,IDP-IDP,32,1,persistent_chain
G4_Onmem_wall,2,banded_anti_w8,three,IDP-IDP,34,2,persistent_chain
G4_Onmem_wall,2,banded_anti_w8,three,IDP-IDP,35,1,persistent_chain
G4_Onmem_wall,2,banded_anti_w8,three,IDP-IDP,36,2,persistent_chain
G4_Onmem_wall,2,banded_anti_w8,three,IDP-IDP,38,1,persistent_chain
G4_Onmem_wall,2,banded_anti_w8,three,IDP-IDP,39,1,persistent_chain
G4_Onmem_wall,2,banded_anti_w8,three,IDP-IDP,40,1,persistent_chain
G4_Onmem_wall,2,banded_anti_w8,three,IDP-IDP,43,1,persistent_chain
G4_Onmem_wall,2,banded_anti_w8,three,IDP-IDP,45,1,persistent_chain
G4_Onmem_wall,2,banded_anti_w8,three,IDP-IDP,46,1,persistent_chain
G4_Onmem_wall,2,banded_anti_w8,three,IDP-IDP,108,1,persistent_chain
G4_Onmem_wall,2,banded_anti_w8,triplet,all,1,7605,persistent_chain
G4_Onmem_wall,2,banded_anti_w8,triplet,all,2,2316,persistent_chain
G4_Onmem_wall,2,banded_anti_w8,triplet,all,3,952,persistent_chain
G4_Onmem_wall,2,banded_anti_w8,triplet,all,4,430,persistent_chain
G4_Onmem_wall,2,banded_anti_w8,triplet,all,5,250,persistent_chain
G4_Onmem_wall,2,banded_anti_w8,triplet,all,6,135,persistent_chain
G4_Onmem_wall,2,banded_anti_w8,triplet,all,7,85,persistent_chain
G4_Onmem_wall,2,banded_anti_w8,triplet,all,8,66,persistent_chain
G4_Onmem_wall,2,banded_anti_w8,triplet,all,9,40,persistent_chain
G4_Onmem_wall,2,banded_anti_w8,triplet,all,10,26,persistent_chain
G4_Onmem_wall,2,banded_anti_w8,triplet,all,11,17,persistent_chain
G4_Onmem_wall,2,banded_anti_w8,triplet,all,12,10,persistent_chain
G4_Onmem_wall,2,banded_anti_w8,triplet,all,13,7,persistent_chain
G4_Onmem_wall,2,banded_anti_w8,triplet,all,14,5,persistent_chain
G4_Onmem_wall,2,banded_anti_w8,triplet,all,15,4,persistent_chain
G4_Onmem_wall,2,banded_anti_w8,triplet,all,17,4,persistent_chain
G4_Onmem_wall,2,banded_anti_w8,triplet,all,19,3,persistent_chain
G4_Onmem_wall,2,banded_anti_w8,triplet,all,21,3,persistent_chain
G4_Onmem_wall,2,banded_anti_w8,triplet,all,22,1,persistent_chain
G4_Onmem_wall,2,banded_anti_w8,triplet,all,23,1,persistent_chain
G4_Onmem_wall,2,banded_anti_w8,triplet,all,25,1,persistent_chain
G4_Onmem_wall,2,banded_anti_w8,triplet,all,26,1,persistent_chain
G4_Onmem_wall,2,banded_anti_w8,triplet,all,29,1,persistent_chain
G4_Onmem_wall,2,banded_anti_w8,triplet,all,58,1,persistent_chain
G4_Onmem_wall,2,banded_anti_w8,triplet,Hel-Hel,1,79,persistent_chain
G4_Onmem_wall,2,banded_anti_w8,triplet,Hel-Hel,2,28,persistent_chain
G4_Onmem_wall,2,banded_anti_w8,triplet,Hel-Hel,3,15,persistent_chain
G4_Onmem_wall,2,banded_anti_w8,triplet,Hel-Hel,4,3,persistent_chain
G4_Onmem_wall,2,banded_anti_w8,triplet,Hel-Hel,5,1,persistent_chain
G4_Onmem_wall,2,banded_anti_w8,triplet,Hel-Hel,6,2,persistent_chain
G4_Onmem_wall,2,banded_anti_w8,triplet,Hel-Hel,7,1,persistent_chain
G4_Onmem_wall,2,banded_anti_w8,triplet,Hel-Hel,8,2,persistent_chain
G4_Onmem_wall,2,banded_anti_w8,triplet,Hel-Hel,9,1,persistent_chain
G4_Onmem_wall,2,banded_anti_w8,triplet,Hel-Hel,10,1,persistent_chain
G4_Onmem_wall,2,banded_anti_w8,triplet,Hel-Hel,58,1,persistent_chain
G4_Onmem_wall,2,banded_anti_w8,triplet,Hel-IDP,1,224,persistent_chain
G4_Onmem_wall,2,banded_anti_w8,triplet,Hel-IDP,2,67,persistent_chain
G4_Onmem_wall,2,banded_anti_w8,triplet,Hel-IDP,3,23,persistent_chain
G4_Onmem_wall,2,banded_anti_w8,triplet,Hel-IDP,4,10,persistent_chain
G4_Onmem_wall,2,banded_anti_w8,triplet,Hel-IDP,5,8,persistent_chain
G4_Onmem_wall,2,banded_anti_w8,triplet,Hel-IDP,6,3,persistent_chain
G4_Onmem_wall,2,banded_anti_w8,triplet,Hel-IDP,7,4,persistent_chain
G4_Onmem_wall,2,banded_anti_w8,triplet,Hel-IDP,8,1,persistent_chain
G4_Onmem_wall,2,banded_anti_w8,triplet,Hel-IDP,9,2,persistent_chain
G4_Onmem_wall,2,banded_anti_w8,triplet,Hel-IDP,11,2,persistent_chain
G4_Onmem_wall,2,banded_anti_w8,triplet,Hel-IDP,15,1,persistent_chain
G4_Onmem_wall,2,banded_anti_w8,triplet,IDP-IDP,1,7302,persistent_chain
G4_Onmem_wall,2,banded_anti_w8,triplet,IDP-IDP,2,2221,persistent_chain
G4_Onmem_wall,2,banded_anti_w8,triplet,IDP-IDP,3,914,persistent_chain
G4_Onmem_wall,2,banded_anti_w8,triplet,IDP-IDP,4,417,persistent_chain
G4_Onmem_wall,2,banded_anti_w8,triplet,IDP-IDP,5,241,persistent_chain
G4_Onmem_wall,2,banded_anti_w8,triplet,IDP-IDP,6,130,persistent_chain
G4_Onmem_wall,2,banded_anti_w8,triplet,IDP-IDP,7,80,persistent_chain
G4_Onmem_wall,2,banded_anti_w8,triplet,IDP-IDP,8,63,persistent_chain
G4_Onmem_wall,2,banded_anti_w8,triplet,IDP-IDP,9,37,persistent_chain
G4_Onmem_wall,2,banded_anti_w8,triplet,IDP-IDP,10,25,persistent_chain
G4_Onmem_wall,2,banded_anti_w8,triplet,IDP-IDP,11,15,persistent_chain
G4_Onmem_wall,2,banded_anti_w8,triplet,IDP-IDP,12,10,persistent_chain
G4_Onmem_wall,2,banded_anti_w8,triplet,IDP-IDP,13,7,persistent_chain
G4_Onmem_wall,2,banded_anti_w8,triplet,IDP-IDP,14,5,persistent_chain
G4_Onmem_wall,2,banded_anti_w8,triplet,IDP-IDP,15,3,persistent_chain
G4_Onmem_wall,2,banded_anti_w8,triplet,IDP-IDP,17,4,persistent_chain
G4_Onmem_wall,2,banded_anti_w8,triplet,IDP-IDP,19,3,persistent_chain
G4_Onmem_wall,2,banded_anti_w8,triplet,IDP-IDP,21,3,persistent_chain
G4_Onmem_wall,2,banded_anti_w8,triplet,IDP-IDP,22,1,persistent_chain
G4_Onmem_wall,2,banded_anti_w8,triplet,IDP-IDP,23,1,persistent_chain
G4_Onmem_wall,2,banded_anti_w8,triplet,IDP-IDP,25,1,persistent_chain
G4_Onmem_wall,2,banded_anti_w8,triplet,IDP-IDP,26,1,persistent_chain
G4_Onmem_wall,2,banded_anti_w8,triplet,IDP-IDP,29,1,persistent_chain
G4_Onmem_wall,2,banded_anti_w10,one,all,1,13268,persistent_chain
G4_Onmem_wall,2,banded_anti_w10,one,all,2,5367,persistent_chain
G4_Onmem_wall,2,banded_anti_w10,one,all,3,2838,persistent_chain
G4_Onmem_wall,2,banded_anti_w10,one,all,4,1768,persistent_chain
G4_Onmem_wall,2,banded_anti_w10,one,all,5,1201,persistent_chain
G4_Onmem_wall,2,banded_anti_w10,one,all,6,897,persistent_chain
G4_Onmem_wall,2,banded_anti_w10,one,all,7,645,persistent_chain
G4_Onmem_wall,2,banded_anti_w10,one,all,8,472,persistent_chain
G4_Onmem_wall,2,banded_anti_w10,one,all,9,347,persistent_chain
G4_Onmem_wall,2,banded_anti_w10,one,all,10,330,persistent_chain
G4_Onmem_wall,2,banded_anti_w10,one,all,11,231,persistent_chain
G4_Onmem_wall,2,banded_anti_w10,one,all,12,181,persistent_chain
G4_Onmem_wall,2,banded_anti_w10,one,all,13,151,persistent_chain
G4_Onmem_wall,2,banded_anti_w10,one,all,14,133,persistent_chain
G4_Onmem_wall,2,banded_anti_w10,one,all,15,105,persistent_chain
G4_Onmem_wall,2,banded_anti_w10,one,all,16,89,persistent_chain
G4_Onmem_wall,2,banded_anti_w10,one,all,17,58,persistent_chain
G4_Onmem_wall,2,banded_anti_w10,one,all,18,77,persistent_chain
G4_Onmem_wall,2,banded_anti_w10,one,all,19,61,persistent_chain
G4_Onmem_wall,2,banded_anti_w10,one,all,20,43,persistent_chain
G4_Onmem_wall,2,banded_anti_w10,one,all,21,43,persistent_chain
G4_Onmem_wall,2,banded_anti_w10,one,all,22,38,persistent_chain
G4_Onmem_wall,2,banded_anti_w10,one,all,23,33,persistent_chain
G4_Onmem_wall,2,banded_anti_w10,one,all,24,21,persistent_chain
G4_Onmem_wall,2,banded_anti_w10,one,all,25,26,persistent_chain
G4_Onmem_wall,2,banded_anti_w10,one,all,26,22,persistent_chain
G4_Onmem_wall,2,banded_anti_w10,one,all,27,20,persistent_chain
G4_Onmem_wall,2,banded_anti_w10,one,all,28,17,persistent_chain
G4_Onmem_wall,2,banded_anti_w10,one,all,29,18,persistent_chain
G4_Onmem_wall,2,banded_anti_w10,one,all,30,12,persistent_chain
G4_Onmem_wall,2,banded_anti_w10,one,all,31,9,persistent_chain
G4_Onmem_wall,2,banded_anti_w10,one,all,32,15,persistent_chain
G4_Onmem_wall,2,banded_anti_w10,one,all,33,7,persistent_chain
G4_Onmem_wall,2,banded_anti_w10,one,all,34,11,persistent_chain
G4_Onmem_wall,2,banded_anti_w10,one,all,35,4,persistent_chain
G4_Onmem_wall,2,banded_anti_w10,one,all,36,6,persistent_chain
G4_Onmem_wall,2,banded_anti_w10,one,all,37,2,persistent_chain
G4_Onmem_wall,2,banded_anti_w10,one,all,38,9,persistent_chain
G4_Onmem_wall,2,banded_anti_w10,one,all,39,8,persistent_chain
G4_Onmem_wall,2,banded_anti_w10,one,all,40,6,persistent_chain
G4_Onmem_wall,2,banded_anti_w10,one,all,41,5,persistent_chain
G4_Onmem_wall,2,banded_anti_w10,one,all,42,1,persistent_chain
G4_Onmem_wall,2,banded_anti_w10,one,all,43,4,persistent_chain
G4_Onmem_wall,2,banded_anti_w10,one,all,44,6,persistent_chain
G4_Onmem_wall,2,banded_anti_w10,one,all,45,4,persistent_chain
G4_Onmem_wall,2,banded_anti_w10,one,all,46,1,persistent_chain
G4_Onmem_wall,2,banded_anti_w10,one,all,49,3,persistent_chain
G4_Onmem_wall,2,banded_anti_w10,one,all,50,3,persistent_chain
G4_Onmem_wall,2,banded_anti_w10,one,all,51,1,persistent_chain
G4_Onmem_wall,2,banded_anti_w10,one,all,52,2,persistent_chain
G4_Onmem_wall,2,banded_anti_w10,one,all,53,2,persistent_chain
G4_Onmem_wall,2,banded_anti_w10,one,all,54,2,persistent_chain
G4_Onmem_wall,2,banded_anti_w10,one,all,55,2,persistent_chain
G4_Onmem_wall,2,banded_anti_w10,one,all,56,1,persistent_chain
G4_Onmem_wall,2,banded_anti_w10,one,all,57,1,persistent_chain
G4_Onmem_wall,2,banded_anti_w10,one,all,58,1,persistent_chain
G4_Onmem_wall,2,banded_anti_w10,one,all,59,1,persistent_chain
G4_Onmem_wall,2,banded_anti_w10,one,all,60,1,persistent_chain
G4_Onmem_wall,2,banded_anti_w10,one,all,62,1,persistent_chain
G4_Onmem_wall,2,banded_anti_w10,one,all,66,1,persistent_chain
G4_Onmem_wall,2,banded_anti_w10,one,all,69,1,persistent_chain
G4_Onmem_wall,2,banded_anti_w10,one,all,72,2,persistent_chain
G4_Onmem_wall,2,banded_anti_w10,one,all,83,3,persistent_chain
G4_Onmem_wall,2,banded_anti_w10,one,all,95,1,persistent_chain
G4_Onmem_wall,2,banded_anti_w10,one,all,113,1,persistent_chain
G4_Onmem_wall,2,banded_anti_w10,one,all,117,1,persistent_chain
G4_Onmem_wall,2,banded_anti_w10,one,all,122,1,persistent_chain
G4_Onmem_wall,2,banded_anti_w10,one,all,152,1,persistent_chain
G4_Onmem_wall,2,banded_anti_w10,one,all,156,1,persistent_chain
G4_Onmem_wall,2,banded_anti_w10,one,all,299,1,persistent_chain
G4_Onmem_wall,2,banded_anti_w10,one,all,717,1,persistent_chain
G4_Onmem_wall,2,banded_anti_w10,one,Hel-Hel,1,27,persistent_chain
G4_Onmem_wall,2,banded_anti_w10,one,Hel-Hel,2,13,persistent_chain
G4_Onmem_wall,2,banded_anti_w10,one,Hel-Hel,3,4,persistent_chain
G4_Onmem_wall,2,banded_anti_w10,one,Hel-Hel,5,7,persistent_chain
G4_Onmem_wall,2,banded_anti_w10,one,Hel-Hel,6,1,persistent_chain
G4_Onmem_wall,2,banded_anti_w10,one,Hel-Hel,7,2,persistent_chain
G4_Onmem_wall,2,banded_anti_w10,one,Hel-Hel,9,2,persistent_chain
G4_Onmem_wall,2,banded_anti_w10,one,Hel-Hel,11,1,persistent_chain
G4_Onmem_wall,2,banded_anti_w10,one,Hel-Hel,12,2,persistent_chain
G4_Onmem_wall,2,banded_anti_w10,one,Hel-Hel,16,1,persistent_chain
G4_Onmem_wall,2,banded_anti_w10,one,Hel-Hel,19,1,persistent_chain
G4_Onmem_wall,2,banded_anti_w10,one,Hel-Hel,20,1,persistent_chain
G4_Onmem_wall,2,banded_anti_w10,one,Hel-Hel,26,1,persistent_chain
G4_Onmem_wall,2,banded_anti_w10,one,Hel-Hel,28,1,persistent_chain
G4_Onmem_wall,2,banded_anti_w10,one,Hel-Hel,37,1,persistent_chain
G4_Onmem_wall,2,banded_anti_w10,one,Hel-Hel,38,1,persistent_chain
G4_Onmem_wall,2,banded_anti_w10,one,Hel-Hel,53,2,persistent_chain
G4_Onmem_wall,2,banded_anti_w10,one,Hel-Hel,55,1,persistent_chain
G4_Onmem_wall,2,banded_anti_w10,one,Hel-Hel,83,1,persistent_chain
G4_Onmem_wall,2,banded_anti_w10,one,Hel-Hel,117,1,persistent_chain
G4_Onmem_wall,2,banded_anti_w10,one,Hel-Hel,299,1,persistent_chain
G4_Onmem_wall,2,banded_anti_w10,one,Hel-Hel,717,1,persistent_chain
G4_Onmem_wall,2,banded_anti_w10,one,Hel-IDP,1,713,persistent_chain
G4_Onmem_wall,2,banded_anti_w10,one,Hel-IDP,2,293,persistent_chain
G4_Onmem_wall,2,banded_anti_w10,one,Hel-IDP,3,125,persistent_chain
G4_Onmem_wall,2,banded_anti_w10,one,Hel-IDP,4,85,persistent_chain
G4_Onmem_wall,2,banded_anti_w10,one,Hel-IDP,5,61,persistent_chain
G4_Onmem_wall,2,banded_anti_w10,one,Hel-IDP,6,42,persistent_chain
G4_Onmem_wall,2,banded_anti_w10,one,Hel-IDP,7,26,persistent_chain
G4_Onmem_wall,2,banded_anti_w10,one,Hel-IDP,8,30,persistent_chain
G4_Onmem_wall,2,banded_anti_w10,one,Hel-IDP,9,19,persistent_chain
G4_Onmem_wall,2,banded_anti_w10,one,Hel-IDP,10,24,persistent_chain
G4_Onmem_wall,2,banded_anti_w10,one,Hel-IDP,11,21,persistent_chain
G4_Onmem_wall,2,banded_anti_w10,one,Hel-IDP,12,9,persistent_chain
G4_Onmem_wall,2,banded_anti_w10,one,Hel-IDP,13,13,persistent_chain
G4_Onmem_wall,2,banded_anti_w10,one,Hel-IDP,14,10,persistent_chain
G4_Onmem_wall,2,banded_anti_w10,one,Hel-IDP,15,7,persistent_chain
G4_Onmem_wall,2,banded_anti_w10,one,Hel-IDP,16,4,persistent_chain
G4_Onmem_wall,2,banded_anti_w10,one,Hel-IDP,17,3,persistent_chain
G4_Onmem_wall,2,banded_anti_w10,one,Hel-IDP,18,5,persistent_chain
G4_Onmem_wall,2,banded_anti_w10,one,Hel-IDP,19,8,persistent_chain
G4_Onmem_wall,2,banded_anti_w10,one,Hel-IDP,20,1,persistent_chain
G4_Onmem_wall,2,banded_anti_w10,one,Hel-IDP,21,2,persistent_chain
G4_Onmem_wall,2,banded_anti_w10,one,Hel-IDP,22,3,persistent_chain
G4_Onmem_wall,2,banded_anti_w10,one,Hel-IDP,24,3,persistent_chain
G4_Onmem_wall,2,banded_anti_w10,one,Hel-IDP,25,1,persistent_chain
G4_Onmem_wall,2,banded_anti_w10,one,Hel-IDP,26,4,persistent_chain
G4_Onmem_wall,2,banded_anti_w10,one,Hel-IDP,27,1,persistent_chain
G4_Onmem_wall,2,banded_anti_w10,one,Hel-IDP,28,3,persistent_chain
G4_Onmem_wall,2,banded_anti_w10,one,Hel-IDP,30,1,persistent_chain
G4_Onmem_wall,2,banded_anti_w10,one,Hel-IDP,31,2,persistent_chain
G4_Onmem_wall,2,banded_anti_w10,one,Hel-IDP,32,2,persistent_chain
G4_Onmem_wall,2,banded_anti_w10,one,Hel-IDP,34,1,persistent_chain
G4_Onmem_wall,2,banded_anti_w10,one,Hel-IDP,35,1,persistent_chain
G4_Onmem_wall,2,banded_anti_w10,one,Hel-IDP,38,2,persistent_chain
G4_Onmem_wall,2,banded_anti_w10,one,Hel-IDP,43,2,persistent_chain
G4_Onmem_wall,2,banded_anti_w10,one,Hel-IDP,44,1,persistent_chain
G4_Onmem_wall,2,banded_anti_w10,one,IDP-IDP,1,12528,persistent_chain
G4_Onmem_wall,2,banded_anti_w10,one,IDP-IDP,2,5061,persistent_chain
G4_Onmem_wall,2,banded_anti_w10,one,IDP-IDP,3,2709,persistent_chain
G4_Onmem_wall,2,banded_anti_w10,one,IDP-IDP,4,1683,persistent_chain
G4_Onmem_wall,2,banded_anti_w10,one,IDP-IDP,5,1133,persistent_chain
G4_Onmem_wall,2,banded_anti_w10,one,IDP-IDP,6,854,persistent_chain
G4_Onmem_wall,2,banded_anti_w10,one,IDP-IDP,7,617,persistent_chain
G4_Onmem_wall,2,banded_anti_w10,one,IDP-IDP,8,442,persistent_chain
G4_Onmem_wall,2,banded_anti_w10,one,IDP-IDP,9,326,persistent_chain
G4_Onmem_wall,2,banded_anti_w10,one,IDP-IDP,10,306,persistent_chain
G4_Onmem_wall,2,banded_anti_w10,one,IDP-IDP,11,209,persistent_chain
G4_Onmem_wall,2,banded_anti_w10,one,IDP-IDP,12,170,persistent_chain
G4_Onmem_wall,2,banded_anti_w10,one,IDP-IDP,13,138,persistent_chain
G4_Onmem_wall,2,banded_anti_w10,one,IDP-IDP,14,123,persistent_chain
G4_Onmem_wall,2,banded_anti_w10,one,IDP-IDP,15,98,persistent_chain
G4_Onmem_wall,2,banded_anti_w10,one,IDP-IDP,16,84,persistent_chain
G4_Onmem_wall,2,banded_anti_w10,one,IDP-IDP,17,55,persistent_chain
G4_Onmem_wall,2,banded_anti_w10,one,IDP-IDP,18,72,persistent_chain
G4_Onmem_wall,2,banded_anti_w10,one,IDP-IDP,19,52,persistent_chain
G4_Onmem_wall,2,banded_anti_w10,one,IDP-IDP,20,41,persistent_chain
G4_Onmem_wall,2,banded_anti_w10,one,IDP-IDP,21,41,persistent_chain
G4_Onmem_wall,2,banded_anti_w10,one,IDP-IDP,22,35,persistent_chain
G4_Onmem_wall,2,banded_anti_w10,one,IDP-IDP,23,33,persistent_chain
G4_Onmem_wall,2,banded_anti_w10,one,IDP-IDP,24,18,persistent_chain
G4_Onmem_wall,2,banded_anti_w10,one,IDP-IDP,25,25,persistent_chain
G4_Onmem_wall,2,banded_anti_w10,one,IDP-IDP,26,17,persistent_chain
G4_Onmem_wall,2,banded_anti_w10,one,IDP-IDP,27,19,persistent_chain
G4_Onmem_wall,2,banded_anti_w10,one,IDP-IDP,28,13,persistent_chain
G4_Onmem_wall,2,banded_anti_w10,one,IDP-IDP,29,18,persistent_chain
G4_Onmem_wall,2,banded_anti_w10,one,IDP-IDP,30,11,persistent_chain
G4_Onmem_wall,2,banded_anti_w10,one,IDP-IDP,31,7,persistent_chain
G4_Onmem_wall,2,banded_anti_w10,one,IDP-IDP,32,13,persistent_chain
G4_Onmem_wall,2,banded_anti_w10,one,IDP-IDP,33,7,persistent_chain
G4_Onmem_wall,2,banded_anti_w10,one,IDP-IDP,34,10,persistent_chain
G4_Onmem_wall,2,banded_anti_w10,one,IDP-IDP,35,3,persistent_chain
G4_Onmem_wall,2,banded_anti_w10,one,IDP-IDP,36,6,persistent_chain
G4_Onmem_wall,2,banded_anti_w10,one,IDP-IDP,37,1,persistent_chain
G4_Onmem_wall,2,banded_anti_w10,one,IDP-IDP,38,6,persistent_chain
G4_Onmem_wall,2,banded_anti_w10,one,IDP-IDP,39,8,persistent_chain
G4_Onmem_wall,2,banded_anti_w10,one,IDP-IDP,40,6,persistent_chain
G4_Onmem_wall,2,banded_anti_w10,one,IDP-IDP,41,5,persistent_chain
G4_Onmem_wall,2,banded_anti_w10,one,IDP-IDP,42,1,persistent_chain
G4_Onmem_wall,2,banded_anti_w10,one,IDP-IDP,43,2,persistent_chain
G4_Onmem_wall,2,banded_anti_w10,one,IDP-IDP,44,5,persistent_chain
G4_Onmem_wall,2,banded_anti_w10,one,IDP-IDP,45,4,persistent_chain
G4_Onmem_wall,2,banded_anti_w10,one,IDP-IDP,46,1,persistent_chain
G4_Onmem_wall,2,banded_anti_w10,one,IDP-IDP,49,3,persistent_chain
G4_Onmem_wall,2,banded_anti_w10,one,IDP-IDP,50,3,persistent_chain
G4_Onmem_wall,2,banded_anti_w10,one,IDP-IDP,51,1,persistent_chain
G4_Onmem_wall,2,banded_anti_w10,one,IDP-IDP,52,2,persistent_chain
G4_Onmem_wall,2,banded_anti_w10,one,IDP-IDP,54,2,persistent_chain
G4_Onmem_wall,2,banded_anti_w10,one,IDP-IDP,55,1,persistent_chain
G4_Onmem_wall,2,banded_anti_w10,one,IDP-IDP,56,1,persistent_chain
G4_Onmem_wall,2,banded_anti_w10,one,IDP-IDP,57,1,persistent_chain
G4_Onmem_wall,2,banded_anti_w10,one,IDP-IDP,58,1,persistent_chain
G4_Onmem_wall,2,banded_anti_w10,one,IDP-IDP,59,1,persistent_chain
G4_Onmem_wall,2,banded_anti_w10,one,IDP-IDP,60,1,persistent_chain
G4_Onmem_wall,2,banded_anti_w10,one,IDP-IDP,62,1,persistent_chain
G4_Onmem_wall,2,banded_anti_w10,one,IDP-IDP,66,1,persistent_chain
G4_Onmem_wall,2,banded_anti_w10,one,IDP-IDP,69,1,persistent_chain
G4_Onmem_wall,2,banded_anti_w10,one,IDP-IDP,72,2,persistent_chain
G4_Onmem_wall,2,banded_anti_w10,one,IDP-IDP,83,2,persistent_chain
G4_Onmem_wall,2,banded_anti_w10,one,IDP-IDP,95,1,persistent_chain
G4_Onmem_wall,2,banded_anti_w10,one,IDP-IDP,113,1,persistent_chain
G4_Onmem_wall,2,banded_anti_w10,one,IDP-IDP,122,1,persistent_chain
G4_Onmem_wall,2,banded_anti_w10,one,IDP-IDP,152,1,persistent_chain
G4_Onmem_wall,2,banded_anti_w10,one,IDP-IDP,156,1,persistent_chain
G4_Onmem_wall,2,banded_anti_w10,three,all,1,11156,persistent_chain
G4_Onmem_wall,2,banded_anti_w10,three,all,2,4193,persistent_chain
G4_Onmem_wall,2,banded_anti_w10,three,all,3,2035,persistent_chain
G4_Onmem_wall,2,banded_anti_w10,three,all,4,1151,persistent_chain
G4_Onmem_wall,2,banded_anti_w10,three,all,5,745,persistent_chain
G4_Onmem_wall,2,banded_anti_w10,three,all,6,516,persistent_chain
G4_Onmem_wall,2,banded_anti_w10,three,all,7,365,persistent_chain
G4_Onmem_wall,2,banded_anti_w10,three,all,8,226,persistent_chain
G4_Onmem_wall,2,banded_anti_w10,three,all,9,169,persistent_chain
G4_Onmem_wall,2,banded_anti_w10,three,all,10,141,persistent_chain
G4_Onmem_wall,2,banded_anti_w10,three,all,11,95,persistent_chain
G4_Onmem_wall,2,banded_anti_w10,three,all,12,86,persistent_chain
G4_Onmem_wall,2,banded_anti_w10,three,all,13,75,persistent_chain
G4_Onmem_wall,2,banded_anti_w10,three,all,14,46,persistent_chain
G4_Onmem_wall,2,banded_anti_w10,three,all,15,38,persistent_chain
G4_Onmem_wall,2,banded_anti_w10,three,all,16,26,persistent_chain
G4_Onmem_wall,2,banded_anti_w10,three,all,17,28,persistent_chain
G4_Onmem_wall,2,banded_anti_w10,three,all,18,20,persistent_chain
G4_Onmem_wall,2,banded_anti_w10,three,all,19,16,persistent_chain
G4_Onmem_wall,2,banded_anti_w10,three,all,20,18,persistent_chain
G4_Onmem_wall,2,banded_anti_w10,three,all,21,11,persistent_chain
G4_Onmem_wall,2,banded_anti_w10,three,all,22,8,persistent_chain
G4_Onmem_wall,2,banded_anti_w10,three,all,23,7,persistent_chain
G4_Onmem_wall,2,banded_anti_w10,three,all,24,8,persistent_chain
G4_Onmem_wall,2,banded_anti_w10,three,all,25,3,persistent_chain
G4_Onmem_wall,2,banded_anti_w10,three,all,26,3,persistent_chain
G4_Onmem_wall,2,banded_anti_w10,three,all,27,4,persistent_chain
G4_Onmem_wall,2,banded_anti_w10,three,all,28,6,persistent_chain
G4_Onmem_wall,2,banded_anti_w10,three,all,29,6,persistent_chain
G4_Onmem_wall,2,banded_anti_w10,three,all,30,1,persistent_chain
G4_Onmem_wall,2,banded_anti_w10,three,all,31,3,persistent_chain
G4_Onmem_wall,2,banded_anti_w10,three,all,35,1,persistent_chain
G4_Onmem_wall,2,banded_anti_w10,three,all,36,1,persistent_chain
G4_Onmem_wall,2,banded_anti_w10,three,all,37,1,persistent_chain
G4_Onmem_wall,2,banded_anti_w10,three,all,38,1,persistent_chain
G4_Onmem_wall,2,banded_anti_w10,three,all,39,4,persistent_chain
G4_Onmem_wall,2,banded_anti_w10,three,all,40,1,persistent_chain
G4_Onmem_wall,2,banded_anti_w10,three,all,43,1,persistent_chain
G4_Onmem_wall,2,banded_anti_w10,three,all,45,1,persistent_chain
G4_Onmem_wall,2,banded_anti_w10,three,all,46,2,persistent_chain
G4_Onmem_wall,2,banded_anti_w10,three,all,47,2,persistent_chain
G4_Onmem_wall,2,banded_anti_w10,three,all,49,1,persistent_chain
G4_Onmem_wall,2,banded_anti_w10,three,all,53,1,persistent_chain
G4_Onmem_wall,2,banded_anti_w10,three,all,55,1,persistent_chain
G4_Onmem_wall,2,banded_anti_w10,three,all,60,1,persistent_chain
G4_Onmem_wall,2,banded_anti_w10,three,all,65,1,persistent_chain
G4_Onmem_wall,2,banded_anti_w10,three,all,78,1,persistent_chain
G4_Onmem_wall,2,banded_anti_w10,three,all,79,1,persistent_chain
G4_Onmem_wall,2,banded_anti_w10,three,all,100,1,persistent_chain
G4_Onmem_wall,2,banded_anti_w10,three,all,110,1,persistent_chain
G4_Onmem_wall,2,banded_anti_w10,three,all,114,1,persistent_chain
G4_Onmem_wall,2,banded_anti_w10,three,all,294,1,persistent_chain
G4_Onmem_wall,2,banded_anti_w10,three,all,547,1,persistent_chain
G4_Onmem_wall,2,banded_anti_w10,three,Hel-Hel,1,18,persistent_chain
G4_Onmem_wall,2,banded_anti_w10,three,Hel-Hel,2,9,persistent_chain
G4_Onmem_wall,2,banded_anti_w10,three,Hel-Hel,3,4,persistent_chain
G4_Onmem_wall,2,banded_anti_w10,three,Hel-Hel,4,1,persistent_chain
G4_Onmem_wall,2,banded_anti_w10,three,Hel-Hel,5,3,persistent_chain
G4_Onmem_wall,2,banded_anti_w10,three,Hel-Hel,6,2,persistent_chain
G4_Onmem_wall,2,banded_anti_w10,three,Hel-Hel,7,4,persistent_chain
G4_Onmem_wall,2,banded_anti_w10,three,Hel-Hel,9,1,persistent_chain
G4_Onmem_wall,2,banded_anti_w10,three,Hel-Hel,12,1,persistent_chain
G4_Onmem_wall,2,banded_anti_w10,three,Hel-Hel,15,1,persistent_chain
G4_Onmem_wall,2,banded_anti_w10,three,Hel-Hel,19,1,persistent_chain
G4_Onmem_wall,2,banded_anti_w10,three,Hel-Hel,22,1,persistent_chain
G4_Onmem_wall,2,banded_anti_w10,three,Hel-Hel,26,1,persistent_chain
G4_Onmem_wall,2,banded_anti_w10,three,Hel-Hel,27,1,persistent_chain
G4_Onmem_wall,2,banded_anti_w10,three,Hel-Hel,28,1,persistent_chain
G4_Onmem_wall,2,banded_anti_w10,three,Hel-Hel,29,1,persistent_chain
G4_Onmem_wall,2,banded_anti_w10,three,Hel-Hel,49,1,persistent_chain
G4_Onmem_wall,2,banded_anti_w10,three,Hel-Hel,53,1,persistent_chain
G4_Onmem_wall,2,banded_anti_w10,three,Hel-Hel,65,1,persistent_chain
G4_Onmem_wall,2,banded_anti_w10,three,Hel-Hel,78,1,persistent_chain
G4_Onmem_wall,2,banded_anti_w10,three,Hel-Hel,100,1,persistent_chain
G4_Onmem_wall,2,banded_anti_w10,three,Hel-Hel,114,1,persistent_chain
G4_Onmem_wall,2,banded_anti_w10,three,Hel-Hel,294,1,persistent_chain
G4_Onmem_wall,2,banded_anti_w10,three,Hel-Hel,547,1,persistent_chain
G4_Onmem_wall,2,banded_anti_w10,three,Hel-IDP,1,512,persistent_chain
G4_Onmem_wall,2,banded_anti_w10,three,Hel-IDP,2,182,persistent_chain
G4_Onmem_wall,2,banded_anti_w10,three,Hel-IDP,3,86,persistent_chain
G4_Onmem_wall,2,banded_anti_w10,three,Hel-IDP,4,60,persistent_chain
G4_Onmem_wall,2,banded_anti_w10,three,Hel-IDP,5,41,persistent_chain
G4_Onmem_wall,2,banded_anti_w10,three,Hel-IDP,6,33,persistent_chain
G4_Onmem_wall,2,banded_anti_w10,three,Hel-IDP,7,18,persistent_chain
G4_Onmem_wall,2,banded_anti_w10,three,Hel-IDP,8,16,persistent_chain
G4_Onmem_wall,2,banded_anti_w10,three,Hel-IDP,9,13,persistent_chain
G4_Onmem_wall,2,banded_anti_w10,three,Hel-IDP,10,8,persistent_chain
G4_Onmem_wall,2,banded_anti_w10,three,Hel-IDP,11,6,persistent_chain
G4_Onmem_wall,2,banded_anti_w10,three,Hel-IDP,12,5,persistent_chain
G4_Onmem_wall,2,banded_anti_w10,three,Hel-IDP,13,4,persistent_chain
G4_Onmem_wall,2,banded_anti_w10,three,Hel-IDP,15,1,persistent_chain
G4_Onmem_wall,2,banded_anti_w10,three,Hel-IDP,16,3,persistent_chain
G4_Onmem_wall,2,banded_anti_w10,three,Hel-IDP,17,3,persistent_chain
G4_Onmem_wall,2,banded_anti_w10,three,Hel-IDP,19,1,persistent_chain
G4_Onmem_wall,2,banded_anti_w10,three,Hel-IDP,20,1,persistent_chain
G4_Onmem_wall,2,banded_anti_w10,three,Hel-IDP,21,2,persistent_chain
G4_Onmem_wall,2,banded_anti_w10,three,Hel-IDP,22,1,persistent_chain
G4_Onmem_wall,2,banded_anti_w10,three,Hel-IDP,24,2,persistent_chain
G4_Onmem_wall,2,banded_anti_w10,three,Hel-IDP,25,2,persistent_chain
G4_Onmem_wall,2,banded_anti_w10,three,Hel-IDP,27,1,persistent_chain
G4_Onmem_wall,2,banded_anti_w10,three,Hel-IDP,35,1,persistent_chain
G4_Onmem_wall,2,banded_anti_w10,three,IDP-IDP,1,10626,persistent_chain
G4_Onmem_wall,2,banded_anti_w10,three,IDP-IDP,2,4002,persistent_chain
G4_Onmem_wall,2,banded_anti_w10,three,IDP-IDP,3,1945,persistent_chain
G4_Onmem_wall,2,banded_anti_w10,three,IDP-IDP,4,1090,persistent_chain
G4_Onmem_wall,2,banded_anti_w10,three,IDP-IDP,5,701,persistent_chain
G4_Onmem_wall,2,banded_anti_w10,three,IDP-IDP,6,481,persistent_chain
G4_Onmem_wall,2,banded_anti_w10,three,IDP-IDP,7,343,persistent_chain
G4_Onmem_wall,2,banded_anti_w10,three,IDP-IDP,8,210,persistent_chain
G4_Onmem_wall,2,banded_anti_w10,three,IDP-IDP,9,155,persistent_chain
G4_Onmem_wall,2,banded_anti_w10,three,IDP-IDP,10,133,persistent_chain
G4_Onmem_wall,2,banded_anti_w10,three,IDP-IDP,11,89,persistent_chain
G4_Onmem_wall,2,banded_anti_w10,three,IDP-IDP,12,80,persistent_chain
G4_Onmem_wall,2,banded_anti_w10,three,IDP-IDP,13,71,persistent_chain
G4_Onmem_wall,2,banded_anti_w10,three,IDP-IDP,14,46,persistent_chain
G4_Onmem_wall,2,banded_anti_w10,three,IDP-IDP,15,36,persistent_chain
G4_Onmem_wall,2,banded_anti_w10,three,IDP-IDP,16,23,persistent_chain
G4_Onmem_wall,2,banded_anti_w10,three,IDP-IDP,17,25,persistent_chain
G4_Onmem_wall,2,banded_anti_w10,three,IDP-IDP,18,20,persistent_chain
G4_Onmem_wall,2,banded_anti_w10,three,IDP-IDP,19,14,persistent_chain
G4_Onmem_wall,2,banded_anti_w10,three,IDP-IDP,20,17,persistent_chain
G4_Onmem_wall,2,banded_anti_w10,three,IDP-IDP,21,9,persistent_chain
G4_Onmem_wall,2,banded_anti_w10,three,IDP-IDP,22,6,persistent_chain
G4_Onmem_wall,2,banded_anti_w10,three,IDP-IDP,23,7,persistent_chain
G4_Onmem_wall,2,banded_anti_w10,three,IDP-IDP,24,6,persistent_chain
G4_Onmem_wall,2,banded_anti_w10,three,IDP-IDP,25,1,persistent_chain
G4_Onmem_wall,2,banded_anti_w10,three,IDP-IDP,26,2,persistent_chain
G4_Onmem_wall,2,banded_anti_w10,three,IDP-IDP,27,2,persistent_chain
G4_Onmem_wall,2,banded_anti_w10,three,IDP-IDP,28,5,persistent_chain
G4_Onmem_wall,2,banded_anti_w10,three,IDP-IDP,29,5,persistent_chain
G4_Onmem_wall,2,banded_anti_w10,three,IDP-IDP,30,1,persistent_chain
G4_Onmem_wall,2,banded_anti_w10,three,IDP-IDP,31,3,persistent_chain
G4_Onmem_wall,2,banded_anti_w10,three,IDP-IDP,36,1,persistent_chain
G4_Onmem_wall,2,banded_anti_w10,three,IDP-IDP,37,1,persistent_chain
G4_Onmem_wall,2,banded_anti_w10,three,IDP-IDP,38,1,persistent_chain
G4_Onmem_wall,2,banded_anti_w10,three,IDP-IDP,39,4,persistent_chain
G4_Onmem_wall,2,banded_anti_w10,three,IDP-IDP,40,1,persistent_chain
G4_Onmem_wall,2,banded_anti_w10,three,IDP-IDP,43,1,persistent_chain
G4_Onmem_wall,2,banded_anti_w10,three,IDP-IDP,45,1,persistent_chain
G4_Onmem_wall,2,banded_anti_w10,three,IDP-IDP,46,2,persistent_chain
G4_Onmem_wall,2,banded_anti_w10,three,IDP-IDP,47,2,persistent_chain
G4_Onmem_wall,2,banded_anti_w10,three,IDP-IDP,55,1,persistent_chain
G4_Onmem_wall,2,banded_anti_w10,three,IDP-IDP,60,1,persistent_chain
G4_Onmem_wall,2,banded_anti_w10,three,IDP-IDP,79,1,persistent_chain
G4_Onmem_wall,2,banded_anti_w10,three,IDP-IDP,110,1,persistent_chain
G4_Onmem_wall,2,banded_anti_w10,triplet,all,1,8852,persistent_chain
G4_Onmem_wall,2,banded_anti_w10,triplet,all,2,2807,persistent_chain
G4_Onmem_wall,2,banded_anti_w10,triplet,all,3,1169,persistent_chain
G4_Onmem_wall,2,banded_anti_w10,triplet,all,4,554,persistent_chain
G4_Onmem_wall,2,banded_anti_w10,triplet,all,5,330,persistent_chain
G4_Onmem_wall,2,banded_anti_w10,triplet,all,6,178,persistent_chain
G4_Onmem_wall,2,banded_anti_w10,triplet,all,7,97,persistent_chain
G4_Onmem_wall,2,banded_anti_w10,triplet,all,8,78,persistent_chain
G4_Onmem_wall,2,banded_anti_w10,triplet,all,9,52,persistent_chain
G4_Onmem_wall,2,banded_anti_w10,triplet,all,10,40,persistent_chain
G4_Onmem_wall,2,banded_anti_w10,triplet,all,11,21,persistent_chain
G4_Onmem_wall,2,banded_anti_w10,triplet,all,12,13,persistent_chain
G4_Onmem_wall,2,banded_anti_w10,triplet,all,13,12,persistent_chain
G4_Onmem_wall,2,banded_anti_w10,triplet,all,14,6,persistent_chain
G4_Onmem_wall,2,banded_anti_w10,triplet,all,15,4,persistent_chain
G4_Onmem_wall,2,banded_anti_w10,triplet,all,16,2,persistent_chain
G4_Onmem_wall,2,banded_anti_w10,triplet,all,17,4,persistent_chain
G4_Onmem_wall,2,banded_anti_w10,triplet,all,19,2,persistent_chain
G4_Onmem_wall,2,banded_anti_w10,triplet,all,21,3,persistent_chain
G4_Onmem_wall,2,banded_anti_w10,triplet,all,22,1,persistent_chain
G4_Onmem_wall,2,banded_anti_w10,triplet,all,23,2,persistent_chain
G4_Onmem_wall,2,banded_anti_w10,triplet,all,25,1,persistent_chain
G4_Onmem_wall,2,banded_anti_w10,triplet,all,26,3,persistent_chain
G4_Onmem_wall,2,banded_anti_w10,triplet,all,28,1,persistent_chain
G4_Onmem_wall,2,banded_anti_w10,triplet,all,29,1,persistent_chain
G4_Onmem_wall,2,banded_anti_w10,triplet,all,58,1,persistent_chain
G4_Onmem_wall,2,banded_anti_w10,triplet,Hel-Hel,1,92,persistent_chain
G4_Onmem_wall,2,banded_anti_w10,triplet,Hel-Hel,2,29,persistent_chain
G4_Onmem_wall,2,banded_anti_w10,triplet,Hel-Hel,3,15,persistent_chain
G4_Onmem_wall,2,banded_anti_w10,triplet,Hel-Hel,4,3,persistent_chain
G4_Onmem_wall,2,banded_anti_w10,triplet,Hel-Hel,5,1,persistent_chain
G4_Onmem_wall,2,banded_anti_w10,triplet,Hel-Hel,6,2,persistent_chain
G4_Onmem_wall,2,banded_anti_w10,triplet,Hel-Hel,7,1,persistent_chain
G4_Onmem_wall,2,banded_anti_w10,triplet,Hel-Hel,8,2,persistent_chain
G4_Onmem_wall,2,banded_anti_w10,triplet,Hel-Hel,9,1,persistent_chain
G4_Onmem_wall,2,banded_anti_w10,triplet,Hel-Hel,10,1,persistent_chain
G4_Onmem_wall,2,banded_anti_w10,triplet,Hel-Hel,58,1,persistent_chain
G4_Onmem_wall,2,banded_anti_w10,triplet,Hel-IDP,1,276,persistent_chain
G4_Onmem_wall,2,banded_anti_w10,triplet,Hel-IDP,2,79,persistent_chain
G4_Onmem_wall,2,banded_anti_w10,triplet,Hel-IDP,3,31,persistent_chain
G4_Onmem_wall,2,banded_anti_w10,triplet,Hel-IDP,4,10,persistent_chain
G4_Onmem_wall,2,banded_anti_w10,triplet,Hel-IDP,5,10,persistent_chain
G4_Onmem_wall,2,banded_anti_w10,triplet,Hel-IDP,6,4,persistent_chain
G4_Onmem_wall,2,banded_anti_w10,triplet,Hel-IDP,7,4,persistent_chain
G4_Onmem_wall,2,banded_anti_w10,triplet,Hel-IDP,8,2,persistent_chain
G4_Onmem_wall,2,banded_anti_w10,triplet,Hel-IDP,9,4,persistent_chain
G4_Onmem_wall,2,banded_anti_w10,triplet,Hel-IDP,11,3,persistent_chain
G4_Onmem_wall,2,banded_anti_w10,triplet,Hel-IDP,15,1,persistent_chain
G4_Onmem_wall,2,banded_anti_w10,triplet,IDP-IDP,1,8484,persistent_chain
G4_Onmem_wall,2,banded_anti_w10,triplet,IDP-IDP,2,2699,persistent_chain
G4_Onmem_wall,2,banded_anti_w10,triplet,IDP-IDP,3,1123,persistent_chain
G4_Onmem_wall,2,banded_anti_w10,triplet,IDP-IDP,4,541,persistent_chain
G4_Onmem_wall,2,banded_anti_w10,triplet,IDP-IDP,5,319,persistent_chain
G4_Onmem_wall,2,banded_anti_w10,triplet,IDP-IDP,6,172,persistent_chain
G4_Onmem_wall,2,banded_anti_w10,triplet,IDP-IDP,7,92,persistent_chain
G4_Onmem_wall,2,banded_anti_w10,triplet,IDP-IDP,8,74,persistent_chain
G4_Onmem_wall,2,banded_anti_w10,triplet,IDP-IDP,9,47,persistent_chain
G4_Onmem_wall,2,banded_anti_w10,triplet,IDP-IDP,10,39,persistent_chain
G4_Onmem_wall,2,banded_anti_w10,triplet,IDP-IDP,11,18,persistent_chain
G4_Onmem_wall,2,banded_anti_w10,triplet,IDP-IDP,12,13,persistent_chain
G4_Onmem_wall,2,banded_anti_w10,triplet,IDP-IDP,13,12,persistent_chain
G4_Onmem_wall,2,banded_anti_w10,triplet,IDP-IDP,14,6,persistent_chain
G4_Onmem_wall,2,banded_anti_w10,triplet,IDP-IDP,15,3,persistent_chain
G4_Onmem_wall,2,banded_anti_w10,triplet,IDP-IDP,16,2,persistent_chain
G4_Onmem_wall,2,banded_anti_w10,triplet,IDP-IDP,17,4,persistent_chain
G4_Onmem_wall,2,banded_anti_w10,triplet,IDP-IDP,19,2,persistent_chain
G4_Onmem_wall,2,banded_anti_w10,triplet,IDP-IDP,21,3,persistent_chain
G4_Onmem_wall,2,banded_anti_w10,triplet,IDP-IDP,22,1,persistent_chain
G4_Onmem_wall,2,banded_anti_w10,triplet,IDP-IDP,23,2,persistent_chain
G4_Onmem_wall,2,banded_anti_w10,triplet,IDP-IDP,25,1,persistent_chain
G4_Onmem_wall,2,banded_anti_w10,triplet,IDP-IDP,26,3,persistent_chain
G4_Onmem_wall,2,banded_anti_w10,triplet,IDP-IDP,28,1,persistent_chain
G4_Onmem_wall,2,banded_anti_w10,triplet,IDP-IDP,29,1,persistent_chain
