group,replicate,variant,contact,pair_type,lifetime_frames,count,event_status
G4_Onmem_wall,1,banded_sym_w4,one,all,1,11845,persistent_chain
G4_Onmem_wall,1,banded_sym_w4,one,all,2,4477,persistent_chain
G4_Onmem_wall,1,banded_sym_w4,one,all,3,2319,persistent_chain
G4_Onmem_wall,1,banded_sym_w4,one,all,4,1331,persistent_chain
G4_Onmem_wall,1,banded_sym_w4,one,all,5,876,persistent_chain
G4_Onmem_wall,1,banded_sym_w4,one,all,6,587,persistent_chain
G4_Onmem_wall,1,banded_sym_w4,one,all,7,420,persistent_chain
G4_Onmem_wall,1,banded_sym_w4,one,all,8,322,persistent_chain
G4_Onmem_wall,1,banded_sym_w4,one,all,9,258,persistent_chain
G4_Onmem_wall,1,banded_sym_w4,one,all,10,183,persistent_chain
G4_Onmem_wall,1,banded_sym_w4,one,all,11,118,persistent_chain
G4_Onmem_wall,1,banded_sym_w4,one,all,12,104,persistent_chain
G4_Onmem_wall,1,banded_sym_w4,one,all,13,99,persistent_chain
G4_Onmem_wall,1,banded_sym_w4,one,all,14,67,persistent_chain
G4_Onmem_wall,1,banded_sym_w4,one,all,15,62,persistent_chain
G4_Onmem_wall,1,banded_sym_w4,one,all,16,42,persistent_chain
G4_Onmem_wall,1,banded_sym_w4,one,all,17,48,persistent_chain
G4_Onmem_wall,1,banded_sym_w4,one,all,18,44,persistent_chain
G4_Onmem_wall,1,banded_sym_w4,one,all,19,25,persistent_chain
G4_Onmem_wall,1,banded_sym_w4,one,all,20,31,persistent_chain
G4_Onmem_wall,1,banded_sym_w4,one,all,21,15,persistent_chain
G4_Onmem_wall,1,banded_sym_w4,one,all,22,10,persistent_chain
G4_Onmem_wall,1,banded_sym_w4,one,all,23,14,persistent_chain
G4_Onmem_wall,1,banded_sym_w4,one,all,24,10,persistent_chain
G4_Onmem_wall,1,banded_sym_w4,one,all,25,15,persistent_chain
G4_Onmem_wall,1,banded_sym_w4,one,all,26,11,persistent_chain
G4_Onmem_wall,1,banded_sym_w4,one,all,27,7,persistent_chain
G4_Onmem_wall,1,banded_sym_w4,one,all,28,7,persistent_chain
G4_Onmem_wall,1,banded_sym_w4,one,all,29,6,persistent_chain
G4_Onmem_wall,1,banded_sym_w4,one,all,30,6,persistent_chain
G4_Onmem_wall,1,banded_sym_w4,one,all,31,5,persistent_chain
G4_Onmem_wall,1,banded_sym_w4,one,all,32,4,persistent_chain
G4_Onmem_wall,1,banded_sym_w4,one,all,33,4,persistent_chain
G4_Onmem_wall,1,banded_sym_w4,one,all,34,3,persistent_chain
G4_Onmem_wall,1,banded_sym_w4,one,all,35,2,persistent_chain
G4_Onmem_wall,1,banded_sym_w4,one,all,36,8,persistent_chain
G4_Onmem_wall,1,banded_sym_w4,one,all,37,2,persistent_chain
G4_Onmem_wall,1,banded_sym_w4,one,all,38,3,persistent_chain
G4_Onmem_wall,1,banded_sym_w4,one,all,40,3,persistent_chain
G4_Onmem_wall,1,banded_sym_w4,one,all,41,1,persistent_chain
G4_Onmem_wall,1,banded_sym_w4,one,all,42,1,persistent_chain
G4_Onmem_wall,1,banded_sym_w4,one,all,43,4,persistent_chain
G4_Onmem_wall,1,banded_sym_w4,one,all,44,1,persistent_chain
G4_Onmem_wall,1,banded_sym_w4,one,all,46,2,persistent_chain
G4_Onmem_wall,1,banded_sym_w4,one,all,50,2,persistent_chain
G4_Onmem_wall,1,banded_sym_w4,one,all,51,1,persistent_chain
G4_Onmem_wall,1,banded_sym_w4,one,all,52,2,persistent_chain
G4_Onmem_wall,1,banded_sym_w4,one,all,55,1,persistent_chain
G4_Onmem_wall,1,banded_sym_w4,one,all,56,1,persistent_chain
G4_Onmem_wall,1,banded_sym_w4,one,all,57,1,persistent_chain
G4_Onmem_wall,1,banded_sym_w4,one,all,64,1,persistent_chain
G4_Onmem_wall,1,banded_sym_w4,one,all,73,1,persistent_chain
G4_Onmem_wall,1,banded_sym_w4,one,all,87,1,persistent_chain
G4_Onmem_wall,1,banded_sym_w4,one,all,119,1,persistent_chain
G4_Onmem_wall,1,banded_sym_w4,one,Hel-IDP,1,1309,persistent_chain
G4_Onmem_wall,1,banded_sym_w4,one,Hel-IDP,2,456,persistent_chain
G4_Onmem_wall,1,banded_sym_w4,one,Hel-IDP,3,259,persistent_chain
G4_Onmem_wall,1,banded_sym_w4,one,Hel-IDP,4,164,persistent_chain
G4_Onmem_wall,1,banded_sym_w4,one,Hel-IDP,5,105,persistent_chain
G4_Onmem_wall,1,banded_sym_w4,one,Hel-IDP,6,75,persistent_chain
G4_Onmem_wall,1,banded_sym_w4,one,Hel-IDP,7,65,persistent_chain
G4_Onmem_wall,1,banded_sym_w4,one,Hel-IDP,8,44,persistent_chain
G4_Onmem_wall,1,banded_sym_w4,one,Hel-IDP,9,38,persistent_chain
G4_Onmem_wall,1,banded_sym_w4,one,Hel-IDP,10,29,persistent_chain
G4_Onmem_wall,1,banded_sym_w4,one,Hel-IDP,11,19,persistent_chain
G4_Onmem_wall,1,banded_sym_w4,one,Hel-IDP,12,16,persistent_chain
G4_Onmem_wall,1,banded_sym_w4,one,Hel-IDP,13,15,persistent_chain
G4_Onmem_wall,1,banded_sym_w4,one,Hel-IDP,14,13,persistent_chain
G4_Onmem_wall,1,banded_sym_w4,one,Hel-IDP,15,7,persistent_chain
G4_Onmem_wall,1,banded_sym_w4,one,Hel-IDP,16,6,persistent_chain
G4_Onmem_wall,1,banded_sym_w4,one,Hel-IDP,17,8,persistent_chain
G4_Onmem_wall,1,banded_sym_w4,one,Hel-IDP,18,11,persistent_chain
G4_Onmem_wall,1,banded_sym_w4,one,Hel-IDP,19,3,persistent_chain
G4_Onmem_wall,1,banded_sym_w4,one,Hel-IDP,20,5,persistent_chain
G4_Onmem_wall,1,banded_sym_w4,one,Hel-IDP,21,5,persistent_chain
G4_Onmem_wall,1,banded_sym_w4,one,Hel-IDP,22,4,persistent_chain
G4_Onmem_wall,1,banded_sym_w4,one,Hel-IDP,23,8,persistent_chain
G4_Onmem_wall,1,banded_sym_w4,one,Hel-IDP,24,3,persistent_chain
G4_Onmem_wall,1,banded_sym_w4,one,Hel-IDP,25,2,persistent_chain
G4_Onmem_wall,1,banded_sym_w4,one,Hel-IDP,26,5,persistent_chain
G4_Onmem_wall,1,banded_sym_w4,one,Hel-IDP,27,2,persistent_chain
G4_Onmem_wall,1,banded_sym_w4,one,Hel-IDP,28,1,persistent_chain
G4_Onmem_wall,1,banded_sym_w4,one,Hel-IDP,30,1,persistent_chain
G4_Onmem_wall,1,banded_sym_w4,one,Hel-IDP,31,1,persistent_chain
G4_Onmem_wall,1,banded_sym_w4,one,Hel-IDP,32,1,persistent_chain
G4_Onmem_wall,1,banded_sym_w4,one,Hel-IDP,33,1,persistent_chain
G4_Onmem_wall,1,banded_sym_w4,one,Hel-IDP,34,1,persistent_chain
G4_Onmem_wall,1,banded_sym_w4,one,Hel-IDP,36,2,persistent_chain
G4_Onmem_wall,1,banded_sym_w4,one,Hel-IDP,37,1,persistent_chain
G4_Onmem_wall,1,banded_sym_w4,one,Hel-IDP,38,1,persistent_chain
G4_Onmem_wall,1,banded_sym_w4,one,Hel-IDP,40,3,persistent_chain
G4_Onmem_wall,1,banded_sym_w4,one,Hel-IDP,42,1,persistent_chain
G4_Onmem_wall,1,banded_sym_w4,one,Hel-IDP,43,1,persistent_chain
G4_Onmem_wall,1,banded_sym_w4,one,Hel-IDP,52,1,persistent_chain
G4_Onmem_wall,1,banded_sym_w4,one,Hel-IDP,57,1,persistent_chain
G4_Onmem_wall,1,banded_sym_w4,one,Hel-IDP,64,1,persistent_chain
G4_Onmem_wall,1,banded_sym_w4,one,Hel-IDP,119,1,persistent_chain
G4_Onmem_wall,1,banded_sym_w4,one,IDP-IDP,1,10536,persistent_chain
G4_Onmem_wall,1,banded_sym_w4,one,IDP-IDP,2,4021,persistent_chain
G4_Onmem_wall,1,banded_sym_w4,one,IDP-IDP,3,2060,persistent_chain
G4_Onmem_wall,1,banded_sym_w4,one,IDP-IDP,4,1167,persistent_chain
G4_Onmem_wall,1,banded_sym_w4,one,IDP-IDP,5,771,persistent_chain
G4_Onmem_wall,1,banded_sym_w4,one,IDP-IDP,6,512,persistent_chain
G4_Onmem_wall,1,banded_sym_w4,one,IDP-IDP,7,355,persistent_chain
G4_Onmem_wall,1,banded_sym_w4,one,IDP-IDP,8,278,persistent_chain
G4_Onmem_wall,1,banded_sym_w4,one,IDP-IDP,9,220,persistent_chain
G4_Onmem_wall,1,banded_sym_w4,one,IDP-IDP,10,154,persistent_chain
G4_Onmem_wall,1,banded_sym_w4,one,IDP-IDP,11,99,persistent_chain
G4_Onmem_wall,1,banded_sym_w4,one,IDP-IDP,12,88,persistent_chain
G4_Onmem_wall,1,banded_sym_w4,one,IDP-IDP,13,84,persistent_chain
G4_Onmem_wall,1,banded_sym_w4,one,IDP-IDP,14,54,persistent_chain
G4_Onmem_wall,1,banded_sym_w4,one,IDP-IDP,15,55,persistent_chain
G4_Onmem_wall,1,banded_sym_w4,one,IDP-IDP,16,36,persistent_chain
G4_Onmem_wall,1,banded_sym_w4,one,IDP-IDP,17,40,persistent_chain
G4_Onmem_wall,1,banded_sym_w4,one,IDP-IDP,18,33,persistent_chain
G4_Onmem_wall,1,banded_sym_w4,one,IDP-IDP,19,22,persistent_chain
G4_Onmem_wall,1,banded_sym_w4,one,IDP-IDP,20,26,persistent_chain
G4_Onmem_wall,1,banded_sym_w4,one,IDP-IDP,21,10,persistent_chain
G4_Onmem_wall,1,banded_sym_w4,one,IDP-IDP,22,6,persistent_chain
G4_Onmem_wall,1,banded_sym_w4,one,IDP-IDP,23,6,persistent_chain
G4_Onmem_wall,1,banded_sym_w4,one,IDP-IDP,24,7,persistent_chain
G4_Onmem_wall,1,banded_sym_w4,one,IDP-IDP,25,13,persistent_chain
G4_Onmem_wall,1,banded_sym_w4,one,IDP-IDP,26,6,persistent_chain
G4_Onmem_wall,1,banded_sym_w4,one,IDP-IDP,27,5,persistent_chain
G4_Onmem_wall,1,banded_sym_w4,one,IDP-IDP,28,6,persistent_chain
G4_Onmem_wall,1,banded_sym_w4,one,IDP-IDP,29,6,persistent_chain
G4_Onmem_wall,1,banded_sym_w4,one,IDP-IDP,30,5,persistent_chain
G4_Onmem_wall,1,banded_sym_w4,one,IDP-IDP,31,4,persistent_chain
G4_Onmem_wall,1,banded_sym_w4,one,IDP-IDP,32,3,persistent_chain
G4_Onmem_wall,1,banded_sym_w4,one,IDP-IDP,33,3,persistent_chain
G4_Onmem_wall,1,banded_sym_w4,one,IDP-IDP,34,2,persistent_chain
G4_Onmem_wall,1,banded_sym_w4,one,IDP-IDP,35,2,persistent_chain
G4_Onmem_wall,1,banded_sym_w4,one,IDP-IDP,36,6,persistent_chain
G4_Onmem_wall,1,banded_sym_w4,one,IDP-IDP,37,1,persistent_chain
G4_Onmem_wall,1,banded_sym_w4,one,IDP-IDP,38,2,persistent_chain
G4_Onmem_wall,1,banded_sym_w4,one,IDP-IDP,41,1,persistent_chain
G4_Onmem_wall,1,banded_sym_w4,one,IDP-IDP,43,3,persistent_chain
G4_Onmem_wall,1,banded_sym_w4,one,IDP-IDP,44,1,persistent_chain
G4_Onmem_wall,1,banded_sym_w4,one,IDP-IDP,46,2,persistent_chain
G4_Onmem_wall,1,banded_sym_w4,one,IDP-IDP,50,2,persistent_chain
G4_Onmem_wall,1,banded_sym_w4,one,IDP-IDP,51,1,persistent_chain
G4_Onmem_wall,1,banded_sym_w4,one,IDP-IDP,52,1,persistent_chain
G4_Onmem_wall,1,banded_sym_w4,one,IDP-IDP,55,1,persistent_chain
G4_Onmem_wall,1,banded_sym_w4,one,IDP-IDP,56,1,persistent_chain
G4_Onmem_wall,1,banded_sym_w4,one,IDP-IDP,73,1,persistent_chain
G4_Onmem_wall,1,banded_sym_w4,one,IDP-IDP,87,1,persistent_chain
G4_Onmem_wall,1,banded_sym_w4,three,all,1,8454,persistent_chain
G4_Onmem_wall,1,banded_sym_w4,three,all,2,2786,persistent_chain
G4_Onmem_wall,1,banded_sym_w4,three,all,3,1305,persistent_chain
G4_Onmem_wall,1,banded_sym_w4,three,all,4,720,persistent_chain
G4_Onmem_wall,1,banded_sym_w4,three,all,5,403,persistent_chain
G4_Onmem_wall,1,banded_sym_w4,three,all,6,256,persistent_chain
G4_Onmem_wall,1,banded_sym_w4,three,all,7,159,persistent_chain
G4_Onmem_wall,1,banded_sym_w4,three,all,8,117,persistent_chain
G4_Onmem_wall,1,banded_sym_w4,three,all,9,68,persistent_chain
G4_Onmem_wall,1,banded_sym_w4,three,all,10,52,persistent_chain
G4_Onmem_wall,1,banded_sym_w4,three,all,11,41,persistent_chain
G4_Onmem_wall,1,banded_sym_w4,three,all,12,46,persistent_chain
G4_Onmem_wall,1,banded_sym_w4,three,all,13,29,persistent_chain
G4_Onmem_wall,1,banded_sym_w4,three,all,14,15,persistent_chain
G4_Onmem_wall,1,banded_sym_w4,three,all,15,18,persistent_chain
G4_Onmem_wall,1,banded_sym_w4,three,all,16,17,persistent_chain
G4_Onmem_wall,1,banded_sym_w4,three,all,17,8,persistent_chain
G4_Onmem_wall,1,banded_sym_w4,three,all,18,5,persistent_chain
G4_Onmem_wall,1,banded_sym_w4,three,all,19,5,persistent_chain
G4_Onmem_wall,1,banded_sym_w4,three,all,20,8,persistent_chain
G4_Onmem_wall,1,banded_sym_w4,three,all,21,3,persistent_chain
G4_Onmem_wall,1,banded_sym_w4,three,all,22,7,persistent_chain
G4_Onmem_wall,1,banded_sym_w4,three,all,23,2,persistent_chain
G4_Onmem_wall,1,banded_sym_w4,three,all,24,3,persistent_chain
G4_Onmem_wall,1,banded_sym_w4,three,all,25,1,persistent_chain
G4_Onmem_wall,1,banded_sym_w4,three,all,26,5,persistent_chain
G4_Onmem_wall,1,banded_sym_w4,three,all,27,1,persistent_chain
G4_Onmem_wall,1,banded_sym_w4,three,all,28,3,persistent_chain
G4_Onmem_wall,1,banded_sym_w4,three,all,29,1,persistent_chain
G4_Onmem_wall,1,banded_sym_w4,three,all,30,1,persistent_chain
G4_Onmem_wall,1,banded_sym_w4,three,all,31,1,persistent_chain
G4_Onmem_wall,1,banded_sym_w4,three,all,32,2,persistent_chain
G4_Onmem_wall,1,banded_sym_w4,three,all,33,1,persistent_chain
G4_Onmem_wall,1,banded_sym_w4,three,all,43,1,persistent_chain
G4_Onmem_wall,1,banded_sym_w4,three,all,48,1,persistent_chain
G4_Onmem_wall,1,banded_sym_w4,three,all,93,1,persistent_chain
G4_Onmem_wall,1,banded_sym_w4,three,Hel-IDP,1,896,persistent_chain
G4_Onmem_wall,1,banded_sym_w4,three,Hel-IDP,2,285,persistent_chain
G4_Onmem_wall,1,banded_sym_w4,three,Hel-IDP,3,143,persistent_chain
G4_Onmem_wall,1,banded_sym_w4,three,Hel-IDP,4,75,persistent_chain
G4_Onmem_wall,1,banded_sym_w4,three,Hel-IDP,5,53,persistent_chain
G4_Onmem_wall,1,banded_sym_w4,three,Hel-IDP,6,41,persistent_chain
G4_Onmem_wall,1,banded_sym_w4,three,Hel-IDP,7,22,persistent_chain
G4_Onmem_wall,1,banded_sym_w4,three,Hel-IDP,8,22,persistent_chain
G4_Onmem_wall,1,banded_sym_w4,three,Hel-IDP,9,10,persistent_chain
G4_Onmem_wall,1,banded_sym_w4,three,Hel-IDP,10,10,persistent_chain
G4_Onmem_wall,1,banded_sym_w4,three,Hel-IDP,11,6,persistent_chain
G4_Onmem_wall,1,banded_sym_w4,three,Hel-IDP,12,13,persistent_chain
G4_Onmem_wall,1,banded_sym_w4,three,Hel-IDP,13,7,persistent_chain
G4_Onmem_wall,1,banded_sym_w4,three,Hel-IDP,14,2,persistent_chain
G4_Onmem_wall,1,banded_sym_w4,three,Hel-IDP,15,7,persistent_chain
G4_Onmem_wall,1,banded_sym_w4,three,Hel-IDP,16,4,persistent_chain
G4_Onmem_wall,1,banded_sym_w4,three,Hel-IDP,17,3,persistent_chain
G4_Onmem_wall,1,banded_sym_w4,three,Hel-IDP,18,1,persistent_chain
G4_Onmem_wall,1,banded_sym_w4,three,Hel-IDP,19,1,persistent_chain
G4_Onmem_wall,1,banded_sym_w4,three,Hel-IDP,20,4,persistent_chain
G4_Onmem_wall,1,banded_sym_w4,three,Hel-IDP,22,1,persistent_chain
G4_Onmem_wall,1,banded_sym_w4,three,Hel-IDP,28,2,persistent_chain
G4_Onmem_wall,1,banded_sym_w4,three,Hel-IDP,32,1,persistent_chain
G4_Onmem_wall,1,banded_sym_w4,three,Hel-IDP,33,1,persistent_chain
G4_Onmem_wall,1,banded_sym_w4,three,Hel-IDP,93,1,persistent_chain
G4_Onmem_wall,1,banded_sym_w4,three,IDP-IDP,1,7558,persistent_chain
G4_Onmem_wall,1,banded_sym_w4,three,IDP-IDP,2,2501,persistent_chain
G4_Onmem_wall,1,banded_sym_w4,three,IDP-IDP,3,1162,persistent_chain
G4_Onmem_wall,1,banded_sym_w4,three,IDP-IDP,4,645,persistent_chain
G4_Onmem_wall,1,banded_sym_w4,three,IDP-IDP,5,350,persistent_chain
G4_Onmem_wall,1,banded_sym_w4,three,IDP-IDP,6,215,persistent_chain
G4_Onmem_wall,1,banded_sym_w4,three,IDP-IDP,7,137,persistent_chain
G4_Onmem_wall,1,banded_sym_w4,three,IDP-IDP,8,95,persistent_chain
G4_Onmem_wall,1,banded_sym_w4,three,IDP-IDP,9,58,persistent_chain
G4_Onmem_wall,1,banded_sym_w4,three,IDP-IDP,10,42,persistent_chain
G4_Onmem_wall,1,banded_sym_w4,three,IDP-IDP,11,35,persistent_chain
G4_Onmem_wall,1,banded_sym_w4,three,IDP-IDP,12,33,persistent_chain
G4_Onmem_wall,1,banded_sym_w4,three,IDP-IDP,13,22,persistent_chain
G4_Onmem_wall,1,banded_sym_w4,three,IDP-IDP,14,13,persistent_chain
G4_Onmem_wall,1,banded_sym_w4,three,IDP-IDP,15,11,persistent_chain
G4_Onmem_wall,1,banded_sym_w4,three,IDP-IDP,16,13,persistent_chain
G4_Onmem_wall,1,banded_sym_w4,three,IDP-IDP,17,5,persistent_chain
G4_Onmem_wall,1,banded_sym_w4,three,IDP-IDP,18,4,persistent_chain
G4_Onmem_wall,1,banded_sym_w4,three,IDP-IDP,19,4,persistent_chain
G4_Onmem_wall,1,banded_sym_w4,three,IDP-IDP,20,4,persistent_chain
G4_Onmem_wall,1,banded_sym_w4,three,IDP-IDP,21,3,persistent_chain
G4_Onmem_wall,1,banded_sym_w4,three,IDP-IDP,22,6,persistent_chain
G4_Onmem_wall,1,banded_sym_w4,three,IDP-IDP,23,2,persistent_chain
G4_Onmem_wall,1,banded_sym_w4,three,IDP-IDP,24,3,persistent_chain
G4_Onmem_wall,1,banded_sym_w4,three,IDP-IDP,25,1,persistent_chain
G4_Onmem_wall,1,banded_sym_w4,three,IDP-IDP,26,5,persistent_chain
G4_Onmem_wall,1,banded_sym_w4,three,IDP-IDP,27,1,persistent_chain
G4_Onmem_wall,1,banded_sym_w4,three,IDP-IDP,28,1,persistent_chain
G4_Onmem_wall,1,banded_sym_w4,three,IDP-IDP,29,1,persistent_chain
G4_Onmem_wall,1,banded_sym_w4,three,IDP-IDP,30,1,persistent_chain
G4_Onmem_wall,1,banded_sym_w4,three,IDP-IDP,31,1,persistent_chain
G4_Onmem_wall,1,banded_sym_w4,three,IDP-IDP,32,1,persistent_chain
G4_Onmem_wall,1,banded_sym_w4,three,IDP-IDP,43,1,persistent_chain
G4_Onmem_wall,1,banded_sym_w4,three,IDP-IDP,48,1,persistent_chain
G4_Onmem_wall,1,banded_sym_w4,triplet,all,1,5576,persistent_chain
G4_Onmem_wall,1,banded_sym_w4,triplet,all,2,1633,persistent_chain
G4_Onmem_wall,1,banded_sym_w4,triplet,all,3,640,persistent_chain
G4_Onmem_wall,1,banded_sym_w4,triplet,all,4,315,persistent_chain
G4_Onmem_wall,1,banded_sym_w4,triplet,all,5,170,persistent_chain
G4_Onmem_wall,1,banded_sym_w4,triplet,all,6,81,persistent_chain
G4_Onmem_wall,1,banded_sym_w4,triplet,all,7,57,persistent_chain
G4_Onmem_wall,1,banded_sym_w4,triplet,all,8,42,persistent_chain
G4_Onmem_wall,1,banded_sym_w4,triplet,all,9,28,persistent_chain
G4_Onmem_wall,1,banded_sym_w4,triplet,all,10,19,persistent_chain
G4_Onmem_wall,1,banded_sym_w4,triplet,all,11,13,persistent_chain
G4_Onmem_wall,1,banded_sym_w4,triplet,all,12,9,persistent_chain
G4_Onmem_wall,1,banded_sym_w4,triplet,all,13,4,persistent_chain
G4_Onmem_wall,1,banded_sym_w4,triplet,all,14,2,persistent_chain
G4_Onmem_wall,1,banded_sym_w4,triplet,all,15,6,persistent_chain
G4_Onmem_wall,1,banded_sym_w4,triplet,all,16,3,persistent_chain
G4_Onmem_wall,1,banded_sym_w4,triplet,all,17,2,persistent_chain
G4_Onmem_wall,1,banded_sym_w4,triplet,all,19,2,persistent_chain
G4_Onmem_wall,1,banded_sym_w4,triplet,all,20,1,persistent_chain
G4_Onmem_wall,1,banded_sym_w4,triplet,all,21,2,persistent_chain
G4_Onmem_wall,1,banded_sym_w4,triplet,all,22,1,persistent_chain
G4_Onmem_wall,1,banded_sym_w4,triplet,all,23,2,persistent_chain
G4_Onmem_wall,1,banded_sym_w4,triplet,all,25,1,persistent_chain
G4_Onmem_wall,1,banded_sym_w4,triplet,all,27,1,persistent_chain
G4_Onmem_wall,1,banded_sym_w4,triplet,all,33,1,persistent_chain
G4_Onmem_wall,1,banded_sym_w4,triplet,all,36,1,persistent_chain
G4_Onmem_wall,1,banded_sym_w4,triplet,Hel-IDP,1,416,persistent_chain
G4_Onmem_wall,1,banded_sym_w4,triplet,Hel-IDP,2,133,persistent_chain
G4_Onmem_wall,1,banded_sym_w4,triplet,Hel-IDP,3,68,persistent_chain
G4_Onmem_wall,1,banded_sym_w4,triplet,Hel-IDP,4,34,persistent_chain
G4_Onmem_wall,1,banded_sym_w4,triplet,Hel-IDP,5,14,persistent_chain
G4_Onmem_wall,1,banded_sym_w4,triplet,Hel-IDP,6,16,persistent_chain
G4_Onmem_wall,1,banded_sym_w4,triplet,Hel-IDP,7,7,persistent_chain
G4_Onmem_wall,1,banded_sym_w4,triplet,Hel-IDP,8,7,persistent_chain
G4_Onmem_wall,1,banded_sym_w4,triplet,Hel-IDP,9,7,persistent_chain
G4_Onmem_wall,1,banded_sym_w4,triplet,Hel-IDP,10,4,persistent_chain
G4_Onmem_wall,1,banded_sym_w4,triplet,Hel-IDP,12,3,persistent_chain
G4_Onmem_wall,1,banded_sym_w4,triplet,Hel-IDP,13,1,persistent_chain
G4_Onmem_wall,1,banded_sym_w4,triplet,Hel-IDP,14,1,persistent_chain
G4_Onmem_wall,1,banded_sym_w4,triplet,Hel-IDP,19,1,persistent_chain
G4_Onmem_wall,1,banded_sym_w4,triplet,Hel-IDP,20,1,persistent_chain
G4_Onmem_wall,1,banded_sym_w4,triplet,Hel-IDP,21,1,persistent_chain
G4_Onmem_wall,1,banded_sym_w4,triplet,Hel-IDP,33,1,persistent_chain
G4_Onmem_wall,1,banded_sym_w4,triplet,IDP-IDP,1,5160,persistent_chain
G4_Onmem_wall,1,banded_sym_w4,triplet,IDP-IDP,2,1500,persistent_chain
G4_Onmem_wall,1,banded_sym_w4,triplet,IDP-IDP,3,572,persistent_chain
G4_Onmem_wall,1,banded_sym_w4,triplet,IDP-IDP,4,281,persistent_chain
G4_Onmem_wall,1,banded_sym_w4,triplet,IDP-IDP,5,156,persistent_chain
G4_Onmem_wall,1,banded_sym_w4,triplet,IDP-IDP,6,65,persistent_chain
G4_Onmem_wall,1,banded_sym_w4,triplet,IDP-IDP,7,50,persistent_chain
G4_Onmem_wall,1,banded_sym_w4,triplet,IDP-IDP,8,35,persistent_chain
G4_Onmem_wall,1,banded_sym_w4,triplet,IDP-IDP,9,21,persistent_chain
G4_Onmem_wall,1,banded_sym_w4,triplet,IDP-IDP,10,15,persistent_chain
G4_Onmem_wall,1,banded_sym_w4,triplet,IDP-IDP,11,13,persistent_chain
G4_Onmem_wall,1,banded_sym_w4,triplet,IDP-IDP,12,6,persistent_chain
G4_Onmem_wall,1,banded_sym_w4,triplet,IDP-IDP,13,3,persistent_chain
G4_Onmem_wall,1,banded_sym_w4,triplet,IDP-IDP,14,1,persistent_chain
G4_Onmem_wall,1,banded_sym_w4,triplet,IDP-IDP,15,6,persistent_chain
G4_Onmem_wall,1,banded_sym_w4,triplet,IDP-IDP,16,3,persistent_chain
G4_Onmem_wall,1,banded_sym_w4,triplet,IDP-IDP,17,2,persistent_chain
G4_Onmem_wall,1,banded_sym_w4,triplet,IDP-IDP,19,1,persistent_chain
G4_Onmem_wall,1,banded_sym_w4,triplet,IDP-IDP,21,1,persistent_chain
G4_Onmem_wall,1,banded_sym_w4,triplet,IDP-IDP,22,1,persistent_chain
G4_Onmem_wall,1,banded_sym_w4,triplet,IDP-IDP,23,2,persistent_chain
G4_Onmem_wall,1,banded_sym_w4,triplet,IDP-IDP,25,1,persistent_chain
G4_Onmem_wall,1,banded_sym_w4,triplet,IDP-IDP,27,1,persistent_chain
G4_Onmem_wall,1,banded_sym_w4,triplet,IDP-IDP,36,1,persistent_chain
G4_Onmem_wall,1,banded_sym_w6,one,all,1,13356,persistent_chain
G4_Onmem_wall,1,banded_sym_w6,one,all,2,5123,persistent_chain
G4_Onmem_wall,1,banded_sym_w6,one,all,3,2625,persistent_chain
G4_Onmem_wall,1,banded_sym_w6,one,all,4,1632,persistent_chain
G4_Onmem_wall,1,banded_sym_w6,one,all,5,1124,persistent_chain
G4_Onmem_wall,1,banded_sym_w6,one,all,6,750,persistent_chain
G4_Onmem_wall,1,banded_sym_w6,one,all,7,555,persistent_chain
G4_Onmem_wall,1,banded_sym_w6,one,all,8,370,persistent_chain
G4_Onmem_wall,1,banded_sym_w6,one,all,9,319,persistent_chain
G4_Onmem_wall,1,banded_sym_w6,one,all,10,241,persistent_chain
G4_Onmem_wall,1,banded_sym_w6,one,all,11,203,persistent_chain
G4_Onmem_wall,1,banded_sym_w6,one,all,12,148,persistent_chain
G4_Onmem_wall,1,banded_sym_w6,one,all,13,137,persistent_chain
G4_Onmem_wall,1,banded_sym_w6,one,all,14,91,persistent_chain
G4_Onmem_wall,1,banded_sym_w6,one,all,15,79,persistent_chain
G4_Onmem_wall,1,banded_sym_w6,one,all,16,65,persistent_chain
G4_Onmem_wall,1,banded_sym_w6,one,all,17,67,persistent_chain
G4_Onmem_wall,1,banded_sym_w6,one,all,18,72,persistent_chain
G4_Onmem_wall,1,banded_sym_w6,one,all,19,33,persistent_chain
G4_Onmem_wall,1,banded_sym_w6,one,all,20,40,persistent_chain
G4_Onmem_wall,1,banded_sym_w6,one,all,21,30,persistent_chain
G4_Onmem_wall,1,banded_sym_w6,one,all,22,25,persistent_chain
G4_Onmem_wall,1,banded_sym_w6,one,all,23,31,persistent_chain
G4_Onmem_wall,1,banded_sym_w6,one,all,24,10,persistent_chain
G4_Onmem_wall,1,banded_sym_w6,one,all,25,19,persistent_chain
G4_Onmem_wall,1,banded_sym_w6,one,all,26,22,persistent_chain
G4_Onmem_wall,1,banded_sym_w6,one,all,27,11,persistent_chain
G4_Onmem_wall,1,banded_sym_w6,one,all,28,11,persistent_chain
G4_Onmem_wall,1,banded_sym_w6,one,all,29,14,persistent_chain
G4_Onmem_wall,1,banded_sym_w6,one,all,30,12,persistent_chain
G4_Onmem_wall,1,banded_sym_w6,one,all,31,15,persistent_chain
G4_Onmem_wall,1,banded_sym_w6,one,all,32,4,persistent_chain
G4_Onmem_wall,1,banded_sym_w6,one,all,33,5,persistent_chain
G4_Onmem_wall,1,banded_sym_w6,one,all,34,7,persistent_chain
G4_Onmem_wall,1,banded_sym_w6,one,all,35,5,persistent_chain
G4_Onmem_wall,1,banded_sym_w6,one,all,36,8,persistent_chain
G4_Onmem_wall,1,banded_sym_w6,one,all,37,6,persistent_chain
G4_Onmem_wall,1,banded_sym_w6,one,all,38,3,persistent_chain
G4_Onmem_wall,1,banded_sym_w6,one,all,39,1,persistent_chain
G4_Onmem_wall,1,banded_sym_w6,one,all,40,10,persistent_chain
G4_Onmem_wall,1,banded_sym_w6,one,all,41,1,persistent_chain
G4_Onmem_wall,1,banded_sym_w6,one,all,42,4,persistent_chain
G4_Onmem_wall,1,banded_sym_w6,one,all,43,5,persistent_chain
G4_Onmem_wall,1,banded_sym_w6,one,all,44,1,persistent_chain
G4_Onmem_wall,1,banded_sym_w6,one,all,45,1,persistent_chain
G4_Onmem_wall,1,banded_sym_w6,one,all,46,1,persistent_chain
G4_Onmem_wall,1,banded_sym_w6,one,all,48,1,persistent_chain
G4_Onmem_wall,1,banded_sym_w6,one,all,49,1,persistent_chain
G4_Onmem_wall,1,banded_sym_w6,one,all,51,4,persistent_chain
G4_Onmem_wall,1,banded_sym_w6,one,all,52,2,persistent_chain
G4_Onmem_wall,1,banded_sym_w6,one,all,55,1,persistent_chain
G4_Onmem_wall,1,banded_sym_w6,one,all,56,3,persistent_chain
G4_Onmem_wall,1,banded_sym_w6,one,all,58,2,persistent_chain
G4_Onmem_wall,1,banded_sym_w6,one,all,59,1,persistent_chain
G4_Onmem_wall,1,banded_sym_w6,one,all,61,2,persistent_chain
G4_Onmem_wall,1,banded_sym_w6,one,all,63,1,persistent_chain
G4_Onmem_wall,1,banded_sym_w6,one,all,64,1,persistent_chain
G4_Onmem_wall,1,banded_sym_w6,one,all,67,1,persistent_chain
G4_Onmem_wall,1,banded_sym_w6,one,all,73,1,persistent_chain
G4_Onmem_wall,1,banded_sym_w6,one,all,82,1,persistent_chain
G4_Onmem_wall,1,banded_sym_w6,one,all,86,1,persistent_chain
G4_Onmem_wall,1,banded_sym_w6,one,all,87,1,persistent_chain
G4_Onmem_wall,1,banded_sym_w6,one,all,131,1,persistent_chain
G4_Onmem_wall,1,banded_sym_w6,one,Hel-IDP,1,1400,persistent_chain
G4_Onmem_wall,1,banded_sym_w6,one,Hel-IDP,2,541,persistent_chain
G4_Onmem_wall,1,banded_sym_w6,one,Hel-IDP,3,283,persistent_chain
G4_Onmem_wall,1,banded_sym_w6,one,Hel-IDP,4,188,persistent_chain
G4_Onmem_wall,1,banded_sym_w6,one,Hel-IDP,5,132,persistent_chain
G4_Onmem_wall,1,banded_sym_w6,one,Hel-IDP,6,99,persistent_chain
G4_Onmem_wall,1,banded_sym_w6,one,Hel-IDP,7,66,persistent_chain
G4_Onmem_wall,1,banded_sym_w6,one,Hel-IDP,8,51,persistent_chain
G4_Onmem_wall,1,banded_sym_w6,one,Hel-IDP,9,38,persistent_chain
G4_Onmem_wall,1,banded_sym_w6,one,Hel-IDP,10,40,persistent_chain
G4_Onmem_wall,1,banded_sym_w6,one,Hel-IDP,11,29,persistent_chain
G4_Onmem_wall,1,banded_sym_w6,one,Hel-IDP,12,22,persistent_chain
G4_Onmem_wall,1,banded_sym_w6,one,Hel-IDP,13,17,persistent_chain
G4_Onmem_wall,1,banded_sym_w6,one,Hel-IDP,14,15,persistent_chain
G4_Onmem_wall,1,banded_sym_w6,one,Hel-IDP,15,12,persistent_chain
G4_Onmem_wall,1,banded_sym_w6,one,Hel-IDP,16,10,persistent_chain
G4_Onmem_wall,1,banded_sym_w6,one,Hel-IDP,17,8,persistent_chain
G4_Onmem_wall,1,banded_sym_w6,one,Hel-IDP,18,16,persistent_chain
G4_Onmem_wall,1,banded_sym_w6,one,Hel-IDP,19,2,persistent_chain
G4_Onmem_wall,1,banded_sym_w6,one,Hel-IDP,20,6,persistent_chain
G4_Onmem_wall,1,banded_sym_w6,one,Hel-IDP,21,5,persistent_chain
G4_Onmem_wall,1,banded_sym_w6,one,Hel-IDP,22,3,persistent_chain
G4_Onmem_wall,1,banded_sym_w6,one,Hel-IDP,23,11,persistent_chain
G4_Onmem_wall,1,banded_sym_w6,one,Hel-IDP,24,4,persistent_chain
G4_Onmem_wall,1,banded_sym_w6,one,Hel-IDP,25,2,persistent_chain
G4_Onmem_wall,1,banded_sym_w6,one,Hel-IDP,26,8,persistent_chain
G4_Onmem_wall,1,banded_sym_w6,one,Hel-IDP,27,3,persistent_chain
G4_Onmem_wall,1,banded_sym_w6,one,Hel-IDP,28,2,persistent_chain
G4_Onmem_wall,1,banded_sym_w6,one,Hel-IDP,29,2,persistent_chain
G4_Onmem_wall,1,banded_sym_w6,one,Hel-IDP,30,3,persistent_chain
G4_Onmem_wall,1,banded_sym_w6,one,Hel-IDP,31,3,persistent_chain
G4_Onmem_wall,1,banded_sym_w6,one,Hel-IDP,33,1,persistent_chain
G4_Onmem_wall,1,banded_sym_w6,one,Hel-IDP,34,1,persistent_chain
G4_Onmem_wall,1,banded_sym_w6,one,Hel-IDP,35,2,persistent_chain
G4_Onmem_wall,1,banded_sym_w6,one,Hel-IDP,36,2,persistent_chain
G4_Onmem_wall,1,banded_sym_w6,one,Hel-IDP,37,3,persistent_chain
G4_Onmem_wall,1,banded_sym_w6,one,Hel-IDP,40,3,persistent_chain
G4_Onmem_wall,1,banded_sym_w6,one,Hel-IDP,42,1,persistent_chain
G4_Onmem_wall,1,banded_sym_w6,one,Hel-IDP,43,1,persistent_chain
G4_Onmem_wall,1,banded_sym_w6,one,Hel-IDP,49,1,persistent_chain
G4_Onmem_wall,1,banded_sym_w6,one,Hel-IDP,51,2,persistent_chain
G4_Onmem_wall,1,banded_sym_w6,one,Hel-IDP,52,1,persistent_chain
G4_Onmem_wall,1,banded_sym_w6,one,Hel-IDP,58,1,persistent_chain
G4_Onmem_wall,1,banded_sym_w6,one,Hel-IDP,63,1,persistent_chain
G4_Onmem_wall,1,banded_sym_w6,one,Hel-IDP,64,1,persistent_chain
G4_Onmem_wall,1,banded_sym_w6,one,Hel-IDP,131,1,persistent_chain
G4_Onmem_wall,1,banded_sym_w6,one,IDP-IDP,1,11956,persistent_chain
G4_Onmem_wall,1,banded_sym_w6,one,IDP-IDP,2,4582,persistent_chain
G4_Onmem_wall,1,banded_sym_w6,one,IDP-IDP,3,2342,persistent_chain
G4_Onmem_wall,1,banded_sym_w6,one,IDP-IDP,4,1444,persistent_chain
G4_Onmem_wall,1,banded_sym_w6,one,IDP-IDP,5,992,persistent_chain
G4_Onmem_wall,1,banded_sym_w6,one,IDP-IDP,6,651,persistent_chain
G4_Onmem_wall,1,banded_sym_w6,one,IDP-IDP,7,489,persistent_chain
G4_Onmem_wall,1,banded_sym_w6,one,IDP-IDP,8,319,persistent_chain
G4_Onmem_wall,1,banded_sym_w6,one,IDP-IDP,9,281,persistent_chain
G4_Onmem_wall,1,banded_sym_w6,one,IDP-IDP,10,201,persistent_chain
G4_Onmem_wall,1,banded_sym_w6,one,IDP-IDP,11,174,persistent_chain
G4_Onmem_wall,1,banded_sym_w6,one,IDP-IDP,12,126,persistent_chain
G4_Onmem_wall,1,banded_sym_w6,one,IDP-IDP,13,120,persistent_chain
G4_Onmem_wall,1,banded_sym_w6,one,IDP-IDP,14,76,persistent_chain
G4_Onmem_wall,1,banded_sym_w6,one,IDP-IDP,15,67,persistent_chain
G4_Onmem_wall,1,banded_sym_w6,one,IDP-IDP,16,55,persistent_chain
G4_Onmem_wall,1,banded_sym_w6,one,IDP-IDP,17,59,persistent_chain
G4_Onmem_wall,1,banded_sym_w6,one,IDP-IDP,18,56,persistent_chain
G4_Onmem_wall,1,banded_sym_w6,one,IDP-IDP,19,31,persistent_chain
G4_Onmem_wall,1,banded_sym_w6,one,IDP-IDP,20,34,persistent_chain
G4_Onmem_wall,1,banded_sym_w6,one,IDP-IDP,21,25,persistent_chain
G4_Onmem_wall,1,banded_sym_w6,one,IDP-IDP,22,22,persistent_chain
G4_Onmem_wall,1,banded_sym_w6,one,IDP-IDP,23,20,persistent_chain
G4_Onmem_wall,1,banded_sym_w6,one,IDP-IDP,24,6,persistent_chain
G4_Onmem_wall,1,banded_sym_w6,one,IDP-IDP,25,17,persistent_chain
G4_Onmem_wall,1,banded_sym_w6,one,IDP-IDP,26,14,persistent_chain
G4_Onmem_wall,1,banded_sym_w6,one,IDP-IDP,27,8,persistent_chain
G4_Onmem_wall,1,banded_sym_w6,one,IDP-IDP,28,9,persistent_chain
G4_Onmem_wall,1,banded_sym_w6,one,IDP-IDP,29,12,persistent_chain
G4_Onmem_wall,1,banded_sym_w6,one,IDP-IDP,30,9,persistent_chain
G4_Onmem_wall,1,banded_sym_w6,one,IDP-IDP,31,12,persistent_chain
G4_Onmem_wall,1,banded_sym_w6,one,IDP-IDP,32,4,persistent_chain
G4_Onmem_wall,1,banded_sym_w6,one,IDP-IDP,33,4,persistent_chain
G4_Onmem_wall,1,banded_sym_w6,one,IDP-IDP,34,6,persistent_chain
G4_Onmem_wall,1,banded_sym_w6,one,IDP-IDP,35,3,persistent_chain
G4_Onmem_wall,1,banded_sym_w6,one,IDP-IDP,36,6,persistent_chain
G4_Onmem_wall,1,banded_sym_w6,one,IDP-IDP,37,3,persistent_chain
G4_Onmem_wall,1,banded_sym_w6,one,IDP-IDP,38,3,persistent_chain
G4_Onmem_wall,1,banded_sym_w6,one,IDP-IDP,39,1,persistent_chain
G4_Onmem_wall,1,banded_sym_w6,one,IDP-IDP,40,7,persistent_chain
G4_Onmem_wall,1,banded_sym_w6,one,IDP-IDP,41,1,persistent_chain
G4_Onmem_wall,1,banded_sym_w6,one,IDP-IDP,42,3,persistent_chain
G4_Onmem_wall,1,banded_sym_w6,one,IDP-IDP,43,4,persistent_chain
G4_Onmem_wall,1,banded_sym_w6,one,IDP-IDP,44,1,persistent_chain
G4_Onmem_wall,1,banded_sym_w6,one,IDP-IDP,45,1,persistent_chain
G4_Onmem_wall,1,banded_sym_w6,one,IDP-IDP,46,1,persistent_chain
G4_Onmem_wall,1,banded_sym_w6,one,IDP-IDP,48,1,persistent_chain
G4_Onmem_wall,1,banded_sym_w6,one,IDP-IDP,51,2,persistent_chain
G4_Onmem_wall,1,banded_sym_w6,one,IDP-IDP,52,1,persistent_chain
G4_Onmem_wall,1,banded_sym_w6,one,IDP-IDP,55,1,persistent_chain
G4_Onmem_wall,1,banded_sym_w6,one,IDP-IDP,56,3,persistent_chain
G4_Onmem_wall,1,banded_sym_w6,one,IDP-IDP,58,1,persistent_chain
G4_Onmem_wall,1,banded_sym_w6,one,IDP-IDP,59,1,persistent_chain
G4_Onmem_wall,1,banded_sym_w6,one,IDP-IDP,61,2,persistent_chain
G4_Onmem_wall,1,banded_sym_w6,one,IDP-IDP,67,1,persistent_chain
G4_Onmem_wall,1,banded_sym_w6,one,IDP-IDP,73,1,persistent_chain
G4_Onmem_wall,1,banded_sym_w6,one,IDP-IDP,82,1,persistent_chain
G4_Onmem_wall,1,banded_sym_w6,one,IDP-IDP,86,1,persistent_chain
G4_Onmem_wall,1,banded_sym_w6,one,IDP-IDP,87,1,persistent_chain
G4_Onmem_wall,1,banded_sym_w6,three,all,1,10264,persistent_chain
G4_Onmem_wall,1,banded_sym_w6,three,all,2,3549,persistent_chain
G4_Onmem_wall,1,banded_sym_w6,three,all,3,1688,persistent_chain
G4_Onmem_wall,1,banded_sym_w6,three,all,4,1007,persistent_chain
G4_Onmem_wall,1,banded_sym_w6,three,all,5,624,persistent_chain
G4_Onmem_wall,1,banded_sym_w6,three,all,6,390,persistent_chain
G4_Onmem_wall,1,banded_sym_w6,three,all,7,248,persistent_chain
G4_Onmem_wall,1,banded_sym_w6,three,all,8,183,persistent_chain
G4_Onmem_wall,1,banded_sym_w6,three,all,9,121,persistent_chain
G4_Onmem_wall,1,banded_sym_w6,three,all,10,99,persistent_chain
G4_Onmem_wall,1,banded_sym_w6,three,all,11,80,persistent_chain
G4_Onmem_wall,1,banded_sym_w6,three,all,12,64,persistent_chain
G4_Onmem_wall,1,banded_sym_w6,three,all,13,37,persistent_chain
G4_Onmem_wall,1,banded_sym_w6,three,all,14,34,persistent_chain
G4_Onmem_wall,1,banded_sym_w6,three,all,15,31,persistent_chain
G4_Onmem_wall,1,banded_sym_w6,three,all,16,29,persistent_chain
G4_Onmem_wall,1,banded_sym_w6,three,all,17,22,persistent_chain
G4_Onmem_wall,1,banded_sym_w6,three,all,18,10,persistent_chain
G4_Onmem_wall,1,banded_sym_w6,three,all,19,13,persistent_chain
G4_Onmem_wall,1,banded_sym_w6,three,all,20,11,persistent_chain
G4_Onmem_wall,1,banded_sym_w6,three,all,21,16,persistent_chain
G4_Onmem_wall,1,banded_sym_w6,three,all,22,6,persistent_chain
G4_Onmem_wall,1,banded_sym_w6,three,all,23,4,persistent_chain
G4_Onmem_wall,1,banded_sym_w6,three,all,24,2,persistent_chain
G4_Onmem_wall,1,banded_sym_w6,three,all,25,2,persistent_chain
G4_Onmem_wall,1,banded_sym_w6,three,all,26,5,persistent_chain
G4_Onmem_wall,1,banded_sym_w6,three,all,27,5,persistent_chain
G4_Onmem_wall,1,banded_sym_w6,three,all,28,3,persistent_chain
G4_Onmem_wall,1,banded_sym_w6,three,all,29,3,persistent_chain
G4_Onmem_wall,1,banded_sym_w6,three,all,30,2,persistent_chain
G4_Onmem_wall,1,banded_sym_w6,three,all,31,6,persistent_chain
G4_Onmem_wall,1,banded_sym_w6,three,all,32,3,persistent_chain
G4_Onmem_wall,1,banded_sym_w6,three,all,33,2,persistent_chain
G4_Onmem_wall,1,banded_sym_w6,three,all,34,2,persistent_chain
G4_Onmem_wall,1,banded_sym_w6,three,all,35,1,persistent_chain
G4_Onmem_wall,1,banded_sym_w6,three,all,41,3,persistent_chain
G4_Onmem_wall,1,banded_sym_w6,three,all,44,1,persistent_chain
G4_Onmem_wall,1,banded_sym_w6,three,all,46,1,persistent_chain
G4_Onmem_wall,1,banded_sym_w6,three,all,53,1,persistent_chain
G4_Onmem_wall,1,banded_sym_w6,three,all,104,1,persistent_chain
G4_Onmem_wall,1,banded_sym_w6,three,Hel-IDP,1,1062,persistent_chain
G4_Onmem_wall,1,banded_sym_w6,three,Hel-IDP,2,379,persistent_chain
G4_Onmem_wall,1,banded_sym_w6,three,Hel-IDP,3,179,persistent_chain
G4_Onmem_wall,1,banded_sym_w6,three,Hel-IDP,4,105,persistent_chain
G4_Onmem_wall,1,banded_sym_w6,three,Hel-IDP,5,69,persistent_chain
G4_Onmem_wall,1,banded_sym_w6,three,Hel-IDP,6,52,persistent_chain
G4_Onmem_wall,1,banded_sym_w6,three,Hel-IDP,7,44,persistent_chain
G4_Onmem_wall,1,banded_sym_w6,three,Hel-IDP,8,28,persistent_chain
G4_Onmem_wall,1,banded_sym_w6,three,Hel-IDP,9,13,persistent_chain
G4_Onmem_wall,1,banded_sym_w6,three,Hel-IDP,10,14,persistent_chain
G4_Onmem_wall,1,banded_sym_w6,three,Hel-IDP,11,12,persistent_chain
G4_Onmem_wall,1,banded_sym_w6,three,Hel-IDP,12,13,persistent_chain
G4_Onmem_wall,1,banded_sym_w6,three,Hel-IDP,13,11,persistent_chain
G4_Onmem_wall,1,banded_sym_w6,three,Hel-IDP,14,3,persistent_chain
G4_Onmem_wall,1,banded_sym_w6,three,Hel-IDP,15,9,persistent_chain
G4_Onmem_wall,1,banded_sym_w6,three,Hel-IDP,16,7,persistent_chain
G4_Onmem_wall,1,banded_sym_w6,three,Hel-IDP,17,7,persistent_chain
G4_Onmem_wall,1,banded_sym_w6,three,Hel-IDP,18,1,persistent_chain
G4_Onmem_wall,1,banded_sym_w6,three,Hel-IDP,19,3,persistent_chain
G4_Onmem_wall,1,banded_sym_w6,three,Hel-IDP,20,4,persistent_chain
G4_Onmem_wall,1,banded_sym_w6,three,Hel-IDP,21,4,persistent_chain
G4_Onmem_wall,1,banded_sym_w6,three,Hel-IDP,22,2,persistent_chain
G4_Onmem_wall,1,banded_sym_w6,three,Hel-IDP,23,2,persistent_chain
G4_Onmem_wall,1,banded_sym_w6,three,Hel-IDP,26,1,persistent_chain
G4_Onmem_wall,1,banded_sym_w6,three,Hel-IDP,28,1,persistent_chain
G4_Onmem_wall,1,banded_sym_w6,three,Hel-IDP,31,2,persistent_chain
G4_Onmem_wall,1,banded_sym_w6,three,Hel-IDP,32,1,persistent_chain
G4_Onmem_wall,1,banded_sym_w6,three,Hel-IDP,41,3,persistent_chain
G4_Onmem_wall,1,banded_sym_w6,three,Hel-IDP,104,1,persistent_chain
G4_Onmem_wall,1,banded_sym_w6,three,IDP-IDP,1,9202,persistent_chain
G4_Onmem_wall,1,banded_sym_w6,three,IDP-IDP,2,3170,persistent_chain
G4_Onmem_wall,1,banded_sym_w6,three,IDP-IDP,3,1509,persistent_chain
G4_Onmem_wall,1,banded_sym_w6,three,IDP-IDP,4,902,persistent_chain
G4_Onmem_wall,1,banded_sym_w6,three,IDP-IDP,5,555,persistent_chain
G4_Onmem_wall,1,banded_sym_w6,three,IDP-IDP,6,338,persistent_chain
G4_Onmem_wall,1,banded_sym_w6,three,IDP-IDP,7,204,persistent_chain
G4_Onmem_wall,1,banded_sym_w6,three,IDP-IDP,8,155,persistent_chain
G4_Onmem_wall,1,banded_sym_w6,three,IDP-IDP,9,108,persistent_chain
G4_Onmem_wall,1,banded_sym_w6,three,IDP-IDP,10,85,persistent_chain
G4_Onmem_wall,1,banded_sym_w6,three,IDP-IDP,11,68,persistent_chain
G4_Onmem_wall,1,banded_sym_w6,three,IDP-IDP,12,51,persistent_chain
G4_Onmem_wall,1,banded_sym_w6,three,IDP-IDP,13,26,persistent_chain
G4_Onmem_wall,1,banded_sym_w6,three,IDP-IDP,14,31,persistent_chain
G4_Onmem_wall,1,banded_sym_w6,three,IDP-IDP,15,22,persistent_chain
G4_Onmem_wall,1,banded_sym_w6,three,IDP-IDP,16,22,persistent_chain
G4_Onmem_wall,1,banded_sym_w6,three,IDP-IDP,17,15,persistent_chain
G4_Onmem_wall,1,banded_sym_w6,three,IDP-IDP,18,9,persistent_chain
G4_Onmem_wall,1,banded_sym_w6,three,IDP-IDP,19,10,persistent_chain
G4_Onmem_wall,1,banded_sym_w6,three,IDP-IDP,20,7,persistent_chain
G4_Onmem_wall,1,banded_sym_w6,three,IDP-IDP,21,12,persistent_chain
G4_Onmem_wall,1,banded_sym_w6,three,IDP-IDP,22,4,persistent_chain
G4_Onmem_wall,1,banded_sym_w6,three,IDP-IDP,23,2,persistent_chain
G4_Onmem_wall,1,banded_sym_w6,three,IDP-IDP,24,2,persistent_chain
G4_Onmem_wall,1,banded_sym_w6,three,IDP-IDP,25,2,persistent_chain
G4_Onmem_wall,1,banded_sym_w6,three,IDP-IDP,26,4,persistent_chain
G4_Onmem_wall,1,banded_sym_w6,three,IDP-IDP,27,5,persistent_chain
G4_Onmem_wall,1,banded_sym_w6,three,IDP-IDP,28,2,persistent_chain
G4_Onmem_wall,1,banded_sym_w6,three,IDP-IDP,29,3,persistent_chain
G4_Onmem_wall,1,banded_sym_w6,three,IDP-IDP,30,2,persistent_chain
G4_Onmem_wall,1,banded_sym_w6,three,IDP-IDP,31,4,persistent_chain
G4_Onmem_wall,1,banded_sym_w6,three,IDP-IDP,32,2,persistent_chain
G4_Onmem_wall,1,banded_sym_w6,three,IDP-IDP,33,2,persistent_chain
G4_Onmem_wall,1,banded_sym_w6,three,IDP-IDP,34,2,persistent_chain
G4_Onmem_wall,1,banded_sym_w6,three,IDP-IDP,35,1,persistent_chain
G4_Onmem_wall,1,banded_sym_w6,three,IDP-IDP,44,1,persistent_chain
G4_Onmem_wall,1,banded_sym_w6,three,IDP-IDP,46,1,persistent_chain
G4_Onmem_wall,1,banded_sym_w6,three,IDP-IDP,53,1,persistent_chain
G4_Onmem_wall,1,banded_sym_w6,triplet,all,1,7266,persistent_chain
G4_Onmem_wall,1,banded_sym_w6,triplet,all,2,2192,persistent_chain
G4_Onmem_wall,1,banded_sym_w6,triplet,all,3,927,persistent_chain
G4_Onmem_wall,1,banded_sym_w6,triplet,all,4,445,persistent_chain
G4_Onmem_wall,1,banded_sym_w6,triplet,all,5,270,persistent_chain
G4_Onmem_wall,1,banded_sym_w6,triplet,all,6,138,persistent_chain
G4_Onmem_wall,1,banded_sym_w6,triplet,all,7,83,persistent_chain
G4_Onmem_wall,1,banded_sym_w6,triplet,all,8,60,persistent_chain
G4_Onmem_wall,1,banded_sym_w6,triplet,all,9,38,persistent_chain
G4_Onmem_wall,1,banded_sym_w6,triplet,all,10,22,persistent_chain
G4_Onmem_wall,1,banded_sym_w6,triplet,all,11,19,persistent_chain
G4_Onmem_wall,1,banded_sym_w6,triplet,all,12,20,persistent_chain
G4_Onmem_wall,1,banded_sym_w6,triplet,all,13,3,persistent_chain
G4_Onmem_wall,1,banded_sym_w6,triplet,all,14,4,persistent_chain
G4_Onmem_wall,1,banded_sym_w6,triplet,all,15,9,persistent_chain
G4_Onmem_wall,1,banded_sym_w6,triplet,all,16,4,persistent_chain
G4_Onmem_wall,1,banded_sym_w6,triplet,all,17,5,persistent_chain
G4_Onmem_wall,1,banded_sym_w6,triplet,all,18,1,persistent_chain
G4_Onmem_wall,1,banded_sym_w6,triplet,all,19,2,persistent_chain
G4_Onmem_wall,1,banded_sym_w6,triplet,all,20,2,persistent_chain
G4_Onmem_wall,1,banded_sym_w6,triplet,all,21,5,persistent_chain
G4_Onmem_wall,1,banded_sym_w6,triplet,all,22,1,persistent_chain
G4_Onmem_wall,1,banded_sym_w6,triplet,all,23,3,persistent_chain
G4_Onmem_wall,1,banded_sym_w6,triplet,all,25,1,persistent_chain
G4_Onmem_wall,1,banded_sym_w6,triplet,all,27,1,persistent_chain
G4_Onmem_wall,1,banded_sym_w6,triplet,all,34,1,persistent_chain
G4_Onmem_wall,1,banded_sym_w6,triplet,all,36,1,persistent_chain
G4_Onmem_wall,1,banded_sym_w6,triplet,Hel-IDP,1,525,persistent_chain
G4_Onmem_wall,1,banded_sym_w6,triplet,Hel-IDP,2,188,persistent_chain
G4_Onmem_wall,1,banded_sym_w6,triplet,Hel-IDP,3,85,persistent_chain
G4_Onmem_wall,1,banded_sym_w6,triplet,Hel-IDP,4,42,persistent_chain
G4_Onmem_wall,1,banded_sym_w6,triplet,Hel-IDP,5,24,persistent_chain
G4_Onmem_wall,1,banded_sym_w6,triplet,Hel-IDP,6,15,persistent_chain
G4_Onmem_wall,1,banded_sym_w6,triplet,Hel-IDP,7,11,persistent_chain
G4_Onmem_wall,1,banded_sym_w6,triplet,Hel-IDP,8,7,persistent_chain
G4_Onmem_wall,1,banded_sym_w6,triplet,Hel-IDP,9,8,persistent_chain
G4_Onmem_wall,1,banded_sym_w6,triplet,Hel-IDP,10,5,persistent_chain
G4_Onmem_wall,1,banded_sym_w6,triplet,Hel-IDP,11,3,persistent_chain
G4_Onmem_wall,1,banded_sym_w6,triplet,Hel-IDP,12,4,persistent_chain
G4_Onmem_wall,1,banded_sym_w6,triplet,Hel-IDP,14,1,persistent_chain
G4_Onmem_wall,1,banded_sym_w6,triplet,Hel-IDP,15,1,persistent_chain
G4_Onmem_wall,1,banded_sym_w6,triplet,Hel-IDP,17,2,persistent_chain
G4_Onmem_wall,1,banded_sym_w6,triplet,Hel-IDP,21,3,persistent_chain
G4_Onmem_wall,1,banded_sym_w6,triplet,Hel-IDP,34,1,persistent_chain
G4_Onmem_wall,1,banded_sym_w6,triplet,IDP-IDP,1,6741,persistent_chain
G4_Onmem_wall,1,banded_sym_w6,triplet,IDP-IDP,2,2004,persistent_chain
G4_Onmem_wall,1,banded_sym_w6,triplet,IDP-IDP,3,842,persistent_chain
G4_Onmem_wall,1,banded_sym_w6,triplet,IDP-IDP,4,403,persistent_chain
G4_Onmem_wall,1,banded_sym_w6,triplet,IDP-IDP,5,246,persistent_chain
G4_Onmem_wall,1,banded_sym_w6,triplet,IDP-IDP,6,123,persistent_chain
G4_Onmem_wall,1,banded_sym_w6,triplet,IDP-IDP,7,72,persistent_chain
G4_Onmem_wall,1,banded_sym_w6,triplet,IDP-IDP,8,53,persistent_chain
G4_Onmem_wall,1,banded_sym_w6,triplet,IDP-IDP,9,30,persistent_chain
G4_Onmem_wall,1,banded_sym_w6,triplet,IDP-IDP,10,17,persistent_chain
G4_Onmem_wall,1,banded_sym_w6,triplet,IDP-IDP,11,16,persistent_chain
G4_Onmem_wall,1,banded_sym_w6,triplet,IDP-IDP,12,16,persistent_chain
G4_Onmem_wall,1,banded_sym_w6,triplet,IDP-IDP,13,3,persistent_chain
G4_Onmem_wall,1,banded_sym_w6,triplet,IDP-IDP,14,3,persistent_chain
G4_Onmem_wall,1,banded_sym_w6,triplet,IDP-IDP,15,8,persistent_chain
G4_Onmem_wall,1,banded_sym_w6,triplet,IDP-IDP,16,4,persistent_chain
G4_Onmem_wall,1,banded_sym_w6,triplet,IDP-IDP,17,3,persistent_chain
G4_Onmem_wall,1,banded_sym_w6,triplet,IDP-IDP,18,1,persistent_chain
G4_Onmem_wall,1,banded_sym_w6,triplet,IDP-IDP,19,2,persistent_chain
G4_Onmem_wall,1,banded_sym_w6,triplet,IDP-IDP,20,2,persistent_chain
G4_Onmem_wall,1,banded_sym_w6,triplet,IDP-IDP,21,2,persistent_chain
G4_Onmem_wall,1,banded_sym_w6,triplet,IDP-IDP,22,1,persistent_chain
G4_Onmem_wall,1,banded_sym_w6,triplet,IDP-IDP,23,3,persistent_chain
G4_Onmem_wall,1,banded_sym_w6,triplet,IDP-IDP,25,1,persistent_chain
G4_Onmem_wall,1,banded_sym_w6,triplet,IDP-IDP,27,1,persistent_chain
G4_Onmem_wall,1,banded_sym_w6,triplet,IDP-IDP,36,1,persistent_chain
G4_Onmem_wall,1,banded_sym_w8,one,all,1,14401,persistent_chain
G4_Onmem_wall,1,banded_sym_w8,one,all,2,5662,persistent_chain
G4_Onmem_wall,1,banded_sym_w8,one,all,3,2991,persistent_chain
G4_Onmem_wall,1,banded_sym_w8,one,all,4,1857,persistent_chain
G4_Onmem_wall,1,banded_sym_w8,one,all,5,1235,persistent_chain
G4_Onmem_wall,1,banded_sym_w8,one,all,6,890,persistent_chain
G4_Onmem_wall,1,banded_sym_w8,one,all,7,677,persistent_chain
G4_Onmem_wall,1,banded_sym_w8,one,all,8,462,persistent_chain
G4_Onmem_wall,1,banded_sym_w8,one,all,9,393,persistent_chain
G4_Onmem_wall,1,banded_sym_w8,one,all,10,283,persistent_chain
G4_Onmem_wall,1,banded_sym_w8,one,all,11,245,persistent_chain
G4_Onmem_wall,1,banded_sym_w8,one,all,12,186,persistent_chain
G4_Onmem_wall,1,banded_sym_w8,one,all,13,168,persistent_chain
G4_Onmem_wall,1,banded_sym_w8,one,all,14,131,persistent_chain
G4_Onmem_wall,1,banded_sym_w8,one,all,15,102,persistent_chain
G4_Onmem_wall,1,banded_sym_w8,one,all,16,77,persistent_chain
G4_Onmem_wall,1,banded_sym_w8,one,all,17,88,persistent_chain
G4_Onmem_wall,1,banded_sym_w8,one,all,18,80,persistent_chain
G4_Onmem_wall,1,banded_sym_w8,one,all,19,61,persistent_chain
G4_Onmem_wall,1,banded_sym_w8,one,all,20,49,persistent_chain
G4_Onmem_wall,1,banded_sym_w8,one,all,21,29,persistent_chain
G4_Onmem_wall,1,banded_sym_w8,one,all,22,32,persistent_chain
G4_Onmem_wall,1,banded_sym_w8,one,all,23,38,persistent_chain
G4_Onmem_wall,1,banded_sym_w8,one,all,24,21,persistent_chain
G4_Onmem_wall,1,banded_sym_w8,one,all,25,20,persistent_chain
G4_Onmem_wall,1,banded_sym_w8,one,all,26,16,persistent_chain
G4_Onmem_wall,1,banded_sym_w8,one,all,27,24,persistent_chain
G4_Onmem_wall,1,banded_sym_w8,one,all,28,12,persistent_chain
G4_Onmem_wall,1,banded_sym_w8,one,all,29,22,persistent_chain
G4_Onmem_wall,1,banded_sym_w8,one,all,30,12,persistent_chain
G4_Onmem_wall,1,banded_sym_w8,one,all,31,13,persistent_chain
G4_Onmem_wall,1,banded_sym_w8,one,all,32,11,persistent_chain
G4_Onmem_wall,1,banded_sym_w8,one,all,33,13,persistent_chain
G4_Onmem_wall,1,banded_sym_w8,one,all,34,8,persistent_chain
G4_Onmem_wall,1,banded_sym_w8,one,all,35,7,persistent_chain
G4_Onmem_wall,1,banded_sym_w8,one,all,36,10,persistent_chain
G4_Onmem_wall,1,banded_sym_w8,one,all,37,9,persistent_chain
G4_Onmem_wall,1,banded_sym_w8,one,all,38,9,persistent_chain
G4_Onmem_wall,1,banded_sym_w8,one,all,39,7,persistent_chain
G4_Onmem_wall,1,banded_sym_w8,one,all,40,9,persistent_chain
G4_Onmem_wall,1,banded_sym_w8,one,all,41,4,persistent_chain
G4_Onmem_wall,1,banded_sym_w8,one,all,42,3,persistent_chain
G4_Onmem_wall,1,banded_sym_w8,one,all,43,4,persistent_chain
G4_Onmem_wall,1,banded_sym_w8,one,all,44,2,persistent_chain
G4_Onmem_wall,1,banded_sym_w8,one,all,45,4,persistent_chain
G4_Onmem_wall,1,banded_sym_w8,one,all,46,3,persistent_chain
G4_Onmem_wall,1,banded_sym_w8,one,all,47,3,persistent_chain
G4_Onmem_wall,1,banded_sym_w8,one,all,48,2,persistent_chain
G4_Onmem_wall,1,banded_sym_w8,one,all,49,2,persistent_chain
G4_Onmem_wall,1,banded_sym_w8,one,all,50,1,persistent_chain
G4_Onmem_wall,1,banded_sym_w8,one,all,51,4,persistent_chain
G4_Onmem_wall,1,banded_sym_w8,one,all,52,1,persistent_chain
G4_Onmem_wall,1,banded_sym_w8,one,all,54,1,persistent_chain
G4_Onmem_wall,1,banded_sym_w8,one,all,55,1,persistent_chain
G4_Onmem_wall,1,banded_sym_w8,one,all,56,3,persistent_chain
G4_Onmem_wall,1,banded_sym_w8,one,all,58,2,persistent_chain
G4_Onmem_wall,1,banded_sym_w8,one,all,59,1,persistent_chain
G4_Onmem_wall,1,banded_sym_w8,one,all,60,1,persistent_chain
G4_Onmem_wall,1,banded_sym_w8,one,all,61,4,persistent_chain
G4_Onmem_wall,1,banded_sym_w8,one,all,62,1,persistent_chain
G4_Onmem_wall,1,banded_sym_w8,one,all,63,1,persistent_chain
G4_Onmem_wall,1,banded_sym_w8,one,all,64,1,persistent_chain
G4_Onmem_wall,1,banded_sym_w8,one,all,66,1,persistent_chain
G4_Onmem_wall,1,banded_sym_w8,one,all,67,2,persistent_chain
G4_Onmem_wall,1,banded_sym_w8,one,all,69,1,persistent_chain
G4_Onmem_wall,1,banded_sym_w8,one,all,73,1,persistent_chain
G4_Onmem_wall,1,banded_sym_w8,one,all,80,1,persistent_chain
G4_Onmem_wall,1,banded_sym_w8,one,all,82,2,persistent_chain
G4_Onmem_wall,1,banded_sym_w8,one,all,85,1,persistent_chain
G4_Onmem_wall,1,banded_sym_w8,one,all,86,1,persistent_chain
G4_Onmem_wall,1,banded_sym_w8,one,all,87,1,persistent_chain
G4_Onmem_wall,1,banded_sym_w8,one,all,121,1,persistent_chain
G4_Onmem_wall,1,banded_sym_w8,one,all,125,1,persistent_chain
G4_Onmem_wall,1,banded_sym_w8,one,all,137,1,persistent_chain
G4_Onmem_wall,1,banded_sym_w8,one,all,147,1,persistent_chain
G4_Onmem_wall,1,banded_sym_w8,one,Hel-IDP,1,1458,persistent_chain
G4_Onmem_wall,1,banded_sym_w8,one,Hel-IDP,2,568,persistent_chain
G4_Onmem_wall,1,banded_sym_w8,one,Hel-IDP,3,356,persistent_chain
G4_Onmem_wall,1,banded_sym_w8,one,Hel-IDP,4,221,persistent_chain
G4_Onmem_wall,1,banded_sym_w8,one,Hel-IDP,5,124,persistent_chain
G4_Onmem_wall,1,banded_sym_w8,one,Hel-IDP,6,119,persistent_chain
G4_Onmem_wall,1,banded_sym_w8,one,Hel-IDP,7,83,persistent_chain
G4_Onmem_wall,1,banded_sym_w8,one,Hel-IDP,8,64,persistent_chain
G4_Onmem_wall,1,banded_sym_w8,one,Hel-IDP,9,44,persistent_chain
G4_Onmem_wall,1,banded_sym_w8,one,Hel-IDP,10,39,persistent_chain
G4_Onmem_wall,1,banded_sym_w8,one,Hel-IDP,11,41,persistent_chain
G4_Onmem_wall,1,banded_sym_w8,one,Hel-IDP,12,21,persistent_chain
G4_Onmem_wall,1,banded_sym_w8,one,Hel-IDP,13,21,persistent_chain
G4_Onmem_wall,1,banded_sym_w8,one,Hel-IDP,14,15,persistent_chain
G4_Onmem_wall,1,banded_sym_w8,one,Hel-IDP,15,17,persistent_chain
G4_Onmem_wall,1,banded_sym_w8,one,Hel-IDP,16,11,persistent_chain
G4_Onmem_wall,1,banded_sym_w8,one,Hel-IDP,17,13,persistent_chain
G4_Onmem_wall,1,banded_sym_w8,one,Hel-IDP,18,16,persistent_chain
G4_Onmem_wall,1,banded_sym_w8,one,Hel-IDP,19,4,persistent_chain
G4_Onmem_wall,1,banded_sym_w8,one,Hel-IDP,20,7,persistent_chain
G4_Onmem_wall,1,banded_sym_w8,one,Hel-IDP,21,6,persistent_chain
G4_Onmem_wall,1,banded_sym_w8,one,Hel-IDP,22,6,persistent_chain
G4_Onmem_wall,1,banded_sym_w8,one,Hel-IDP,23,7,persistent_chain
G4_Onmem_wall,1,banded_sym_w8,one,Hel-IDP,24,5,persistent_chain
G4_Onmem_wall,1,banded_sym_w8,one,Hel-IDP,25,4,persistent_chain
G4_Onmem_wall,1,banded_sym_w8,one,Hel-IDP,26,6,persistent_chain
G4_Onmem_wall,1,banded_sym_w8,one,Hel-IDP,27,7,persistent_chain
G4_Onmem_wall,1,banded_sym_w8,one,Hel-IDP,28,1,persistent_chain
G4_Onmem_wall,1,banded_sym_w8,one,Hel-IDP,29,3,persistent_chain
G4_Onmem_wall,1,banded_sym_w8,one,Hel-IDP,30,4,persistent_chain
G4_Onmem_wall,1,banded_sym_w8,one,Hel-IDP,31,4,persistent_chain
G4_Onmem_wall,1,banded_sym_w8,one,Hel-IDP,32,2,persistent_chain
G4_Onmem_wall,1,banded_sym_w8,one,Hel-IDP,33,1,persistent_chain
G4_Onmem_wall,1,banded_sym_w8,one,Hel-IDP,35,2,persistent_chain
G4_Onmem_wall,1,banded_sym_w8,one,Hel-IDP,36,1,persistent_chain
G4_Onmem_wall,1,banded_sym_w8,one,Hel-IDP,37,2,persistent_chain
G4_Onmem_wall,1,banded_sym_w8,one,Hel-IDP,38,2,persistent_chain
G4_Onmem_wall,1,banded_sym_w8,one,Hel-IDP,40,2,persistent_chain
G4_Onmem_wall,1,banded_sym_w8,one,Hel-IDP,45,2,persistent_chain
G4_Onmem_wall,1,banded_sym_w8,one,Hel-IDP,46,1,persistent_chain
G4_Onmem_wall,1,banded_sym_w8,one,Hel-IDP,49,1,persistent_chain
G4_Onmem_wall,1,banded_sym_w8,one,Hel-IDP,51,2,persistent_chain
G4_Onmem_wall,1,banded_sym_w8,one,Hel-IDP,52,1,persistent_chain
G4_Onmem_wall,1,banded_sym_w8,one,Hel-IDP,54,1,persistent_chain
G4_Onmem_wall,1,banded_sym_w8,one,Hel-IDP,56,1,persistent_chain
G4_Onmem_wall,1,banded_sym_w8,one,Hel-IDP,58,1,persistent_chain
G4_Onmem_wall,1,banded_sym_w8,one,Hel-IDP,60,1,persistent_chain
G4_Onmem_wall,1,banded_sym_w8,one,Hel-IDP,61,1,persistent_chain
G4_Onmem_wall,1,banded_sym_w8,one,Hel-IDP,62,1,persistent_chain
G4_Onmem_wall,1,banded_sym_w8,one,Hel-IDP,64,1,persistent_chain
G4_Onmem_wall,1,banded_sym_w8,one,Hel-IDP,67,1,persistent_chain
G4_Onmem_wall,1,banded_sym_w8,one,Hel-IDP,121,1,persistent_chain
G4_Onmem_wall,1,banded_sym_w8,one,Hel-IDP,147,1,persistent_chain
G4_Onmem_wall,1,banded_sym_w8,one,IDP-IDP,1,12943,persistent_chain
G4_Onmem_wall,1,banded_sym_w8,one,IDP-IDP,2,5094,persistent_chain
G4_Onmem_wall,1,banded_sym_w8,one,IDP-IDP,3,2635,persistent_chain
G4_Onmem_wall,1,banded_sym_w8,one,IDP-IDP,4,1636,persistent_chain
G4_Onmem_wall,1,banded_sym_w8,one,IDP-IDP,5,1111,persistent_chain
G4_Onmem_wall,1,banded_sym_w8,one,IDP-IDP,6,771,persistent_chain
G4_Onmem_wall,1,banded_sym_w8,one,IDP-IDP,7,594,persistent_chain
G4_Onmem_wall,1,banded_sym_w8,one,IDP-IDP,8,398,persistent_chain
G4_Onmem_wall,1,banded_sym_w8,one,IDP-IDP,9,349,persistent_chain
G4_Onmem_wall,1,banded_sym_w8,one,IDP-IDP,10,244,persistent_chain
G4_Onmem_wall,1,banded_sym_w8,one,IDP-IDP,11,204,persistent_chain
G4_Onmem_wall,1,banded_sym_w8,one,IDP-IDP,12,165,persistent_chain
G4_Onmem_wall,1,banded_sym_w8,one,IDP-IDP,13,147,persistent_chain
G4_Onmem_wall,1,banded_sym_w8,one,IDP-IDP,14,116,persistent_chain
G4_Onmem_wall,1,banded_sym_w8,one,IDP-IDP,15,85,persistent_chain
G4_Onmem_wall,1,banded_sym_w8,one,IDP-IDP,16,66,persistent_chain
G4_Onmem_wall,1,banded_sym_w8,one,IDP-IDP,17,75,persistent_chain
G4_Onmem_wall,1,banded_sym_w8,one,IDP-IDP,18,64,persistent_chain
G4_Onmem_wall,1,banded_sym_w8,one,IDP-IDP,19,57,persistent_chain
G4_Onmem_wall,1,banded_sym_w8,one,IDP-IDP,20,42,persistent_chain
G4_Onmem_wall,1,banded_sym_w8,one,IDP-IDP,21,23,persistent_chain
G4_Onmem_wall,1,banded_sym_w8,one,IDP-IDP,22,26,persistent_chain
G4_Onmem_wall,1,banded_sym_w8,one,IDP-IDP,23,31,persistent_chain
G4_Onmem_wall,1,banded_sym_w8,one,IDP-IDP,24,16,persistent_chain
G4_Onmem_wall,1,banded_sym_w8,one,IDP-IDP,25,16,persistent_chain
G4_Onmem_wall,1,banded_sym_w8,one,IDP-IDP,26,10,persistent_chain
G4_Onmem_wall,1,banded_sym_w8,one,IDP-IDP,27,17,persistent_chain
G4_Onmem_wall,1,banded_sym_w8,one,IDP-IDP,28,11,persistent_chain
G4_Onmem_wall,1,banded_sym_w8,one,IDP-IDP,29,19,persistent_chain
G4_Onmem_wall,1,banded_sym_w8,one,IDP-IDP,30,8,persistent_chain
G4_Onmem_wall,1,banded_sym_w8,one,IDP-IDP,31,9,persistent_chain
G4_Onmem_wall,1,banded_sym_w8,one,IDP-IDP,32,9,persistent_chain
G4_Onmem_wall,1,banded_sym_w8,one,IDP-IDP,33,12,persistent_chain
G4_Onmem_wall,1,banded_sym_w8,one,IDP-IDP,34,8,persistent_chain
G4_Onmem_wall,1,banded_sym_w8,one,IDP-IDP,35,5,persistent_chain
G4_Onmem_wall,1,banded_sym_w8,one,IDP-IDP,36,9,persistent_chain
G4_Onmem_wall,1,banded_sym_w8,one,IDP-IDP,37,7,persistent_chain
G4_Onmem_wall,1,banded_sym_w8,one,IDP-IDP,38,7,persistent_chain
G4_Onmem_wall,1,banded_sym_w8,one,IDP-IDP,39,7,persistent_chain
G4_Onmem_wall,1,banded_sym_w8,one,IDP-IDP,40,7,persistent_chain
G4_Onmem_wall,1,banded_sym_w8,one,IDP-IDP,41,4,persistent_chain
G4_Onmem_wall,1,banded_sym_w8,one,IDP-IDP,42,3,persistent_chain
G4_Onmem_wall,1,banded_sym_w8,one,IDP-IDP,43,4,persistent_chain
G4_Onmem_wall,1,banded_sym_w8,one,IDP-IDP,44,2,persistent_chain
G4_Onmem_wall,1,banded_sym_w8,one,IDP-IDP,45,2,persistent_chain
G4_Onmem_wall,1,banded_sym_w8,one,IDP-IDP,46,2,persistent_chain
G4_Onmem_wall,1,banded_sym_w8,one,IDP-IDP,47,3,persistent_chain
G4_Onmem_wall,1,banded_sym_w8,one,IDP-IDP,48,2,persistent_chain
G4_Onmem_wall,1,banded_sym_w8,one,IDP-IDP,49,1,persistent_chain
G4_Onmem_wall,1,banded_sym_w8,one,IDP-IDP,50,1,persistent_chain
G4_Onmem_wall,1,banded_sym_w8,one,IDP-IDP,51,2,persistent_chain
G4_Onmem_wall,1,banded_sym_w8,one,IDP-IDP,55,1,persistent_chain
G4_Onmem_wall,1,banded_sym_w8,one,IDP-IDP,56,2,persistent_chain
G4_Onmem_wall,1,banded_sym_w8,one,IDP-IDP,58,1,persistent_chain
G4_Onmem_wall,1,banded_sym_w8,one,IDP-IDP,59,1,persistent_chain
G4_Onmem_wall,1,banded_sym_w8,one,IDP-IDP,61,3,persistent_chain
G4_Onmem_wall,1,banded_sym_w8,one,IDP-IDP,63,1,persistent_chain
G4_Onmem_wall,1,banded_sym_w8,one,IDP-IDP,66,1,persistent_chain
G4_Onmem_wall,1,banded_sym_w8,one,IDP-IDP,67,1,persistent_chain
G4_Onmem_wall,1,banded_sym_w8,one,IDP-IDP,69,1,persistent_chain
G4_Onmem_wall,1,banded_sym_w8,one,IDP-IDP,73,1,persistent_chain
G4_Onmem_wall,1,banded_sym_w8,one,IDP-IDP,80,1,persistent_chain
G4_Onmem_wall,1,banded_sym_w8,one,IDP-IDP,82,2,persistent_chain
G4_Onmem_wall,1,banded_sym_w8,one,IDP-IDP,85,1,persistent_chain
G4_Onmem_wall,1,banded_sym_w8,one,IDP-IDP,86,1,persistent_chain
G4_Onmem_wall,1,banded_sym_w8,one,IDP-IDP,87,1,persistent_chain
G4_Onmem_wall,1,banded_sym_w8,one,IDP-IDP,125,1,persistent_chain
G4_Onmem_wall,1,banded_sym_w8,one,IDP-IDP,137,1,persistent_chain
G4_Onmem_wall,1,banded_sym_w8,three,all,1,11814,persistent_chain
G4_Onmem_wall,1,banded_sym_w8,three,all,2,4277,persistent_chain
G4_Onmem_wall,1,banded_sym_w8,three,all,3,2036,persistent_chain
G4_Onmem_wall,1,banded_sym_w8,three,all,4,1244,persistent_chain
G4_Onmem_wall,1,banded_sym_w8,three,all,5,751,persistent_chain
G4_Onmem_wall,1,banded_sym_w8,three,all,6,497,persistent_chain
G4_Onmem_wall,1,banded_sym_w8,three,all,7,349,persistent_chain
G4_Onmem_wall,1,banded_sym_w8,three,all,8,229,persistent_chain
G4_Onmem_wall,1,banded_sym_w8,three,all,9,176,persistent_chain
G4_Onmem_wall,1,banded_sym_w8,three,all,10,124,persistent_chain
G4_Onmem_wall,1,banded_sym_w8,three,all,11,108,persistent_chain
G4_Onmem_wall,1,banded_sym_w8,three,all,12,87,persistent_chain
G4_Onmem_wall,1,banded_sym_w8,three,all,13,55,persistent_chain
G4_Onmem_wall,1,banded_sym_w8,three,all,14,41,persistent_chain
G4_Onmem_wall,1,banded_sym_w8,three,all,15,44,persistent_chain
G4_Onmem_wall,1,banded_sym_w8,three,all,16,27,persistent_chain
G4_Onmem_wall,1,banded_sym_w8,three,all,17,28,persistent_chain
G4_Onmem_wall,1,banded_sym_w8,three,all,18,18,persistent_chain
G4_Onmem_wall,1,banded_sym_w8,three,all,19,16,persistent_chain
G4_Onmem_wall,1,banded_sym_w8,three,all,20,17,persistent_chain
G4_Onmem_wall,1,banded_sym_w8,three,all,21,13,persistent_chain
G4_Onmem_wall,1,banded_sym_w8,three,all,22,14,persistent_chain
G4_Onmem_wall,1,banded_sym_w8,three,all,23,8,persistent_chain
G4_Onmem_wall,1,banded_sym_w8,three,all,24,4,persistent_chain
G4_Onmem_wall,1,banded_sym_w8,three,all,25,6,persistent_chain
G4_Onmem_wall,1,banded_sym_w8,three,all,26,6,persistent_chain
G4_Onmem_wall,1,banded_sym_w8,three,all,27,10,persistent_chain
G4_Onmem_wall,1,banded_sym_w8,three,all,28,3,persistent_chain
G4_Onmem_wall,1,banded_sym_w8,three,all,29,5,persistent_chain
G4_Onmem_wall,1,banded_sym_w8,three,all,30,4,persistent_chain
G4_Onmem_wall,1,banded_sym_w8,three,all,31,5,persistent_chain
G4_Onmem_wall,1,banded_sym_w8,three,all,32,3,persistent_chain
G4_Onmem_wall,1,banded_sym_w8,three,all,33,3,persistent_chain
G4_Onmem_wall,1,banded_sym_w8,three,all,34,1,persistent_chain
G4_Onmem_wall,1,banded_sym_w8,three,all,35,1,persistent_chain
G4_Onmem_wall,1,banded_sym_w8,three,all,36,1,persistent_chain
G4_Onmem_wall,1,banded_sym_w8,three,all,37,1,persistent_chain
G4_Onmem_wall,1,banded_sym_w8,three,all,38,4,persistent_chain
G4_Onmem_wall,1,banded_sym_w8,three,all,39,2,persistent_chain
G4_Onmem_wall,1,banded_sym_w8,three,all,41,2,persistent_chain
G4_Onmem_wall,1,banded_sym_w8,three,all,43,1,persistent_chain
G4_Onmem_wall,1,banded_sym_w8,three,all,44,1,persistent_chain
G4_Onmem_wall,1,banded_sym_w8,three,all,45,1,persistent_chain
G4_Onmem_wall,1,banded_sym_w8,three,all,50,1,persistent_chain
G4_Onmem_wall,1,banded_sym_w8,three,all,53,1,persistent_chain
G4_Onmem_wall,1,banded_sym_w8,three,all,54,1,persistent_chain
G4_Onmem_wall,1,banded_sym_w8,three,all,59,1,persistent_chain
G4_Onmem_wall,1,banded_sym_w8,three,all,61,1,persistent_chain
G4_Onmem_wall,1,banded_sym_w8,three,all,123,1,persistent_chain
G4_Onmem_wall,1,banded_sym_w8,three,Hel-IDP,1,1257,persistent_chain
G4_Onmem_wall,1,banded_sym_w8,three,Hel-IDP,2,441,persistent_chain
G4_Onmem_wall,1,banded_sym_w8,three,Hel-IDP,3,237,persistent_chain
G4_Onmem_wall,1,banded_sym_w8,three,Hel-IDP,4,134,persistent_chain
G4_Onmem_wall,1,banded_sym_w8,three,Hel-IDP,5,84,persistent_chain
G4_Onmem_wall,1,banded_sym_w8,three,Hel-IDP,6,57,persistent_chain
G4_Onmem_wall,1,banded_sym_w8,three,Hel-IDP,7,60,persistent_chain
G4_Onmem_wall,1,banded_sym_w8,three,Hel-IDP,8,32,persistent_chain
G4_Onmem_wall,1,banded_sym_w8,three,Hel-IDP,9,22,persistent_chain
G4_Onmem_wall,1,banded_sym_w8,three,Hel-IDP,10,16,persistent_chain
G4_Onmem_wall,1,banded_sym_w8,three,Hel-IDP,11,16,persistent_chain
G4_Onmem_wall,1,banded_sym_w8,three,Hel-IDP,12,11,persistent_chain
G4_Onmem_wall,1,banded_sym_w8,three,Hel-IDP,13,10,persistent_chain
G4_Onmem_wall,1,banded_sym_w8,three,Hel-IDP,14,6,persistent_chain
G4_Onmem_wall,1,banded_sym_w8,three,Hel-IDP,15,10,persistent_chain
G4_Onmem_wall,1,banded_sym_w8,three,Hel-IDP,16,6,persistent_chain
G4_Onmem_wall,1,banded_sym_w8,three,Hel-IDP,17,8,persistent_chain
G4_Onmem_wall,1,banded_sym_w8,three,Hel-IDP,18,1,persistent_chain
G4_Onmem_wall,1,banded_sym_w8,three,Hel-IDP,19,5,persistent_chain
G4_Onmem_wall,1,banded_sym_w8,three,Hel-IDP,20,6,persistent_chain
G4_Onmem_wall,1,banded_sym_w8,three,Hel-IDP,21,3,persistent_chain
G4_Onmem_wall,1,banded_sym_w8,three,Hel-IDP,22,5,persistent_chain
G4_Onmem_wall,1,banded_sym_w8,three,Hel-IDP,23,1,persistent_chain
G4_Onmem_wall,1,banded_sym_w8,three,Hel-IDP,24,2,persistent_chain
G4_Onmem_wall,1,banded_sym_w8,three,Hel-IDP,25,1,persistent_chain
G4_Onmem_wall,1,banded_sym_w8,three,Hel-IDP,26,1,persistent_chain
G4_Onmem_wall,1,banded_sym_w8,three,Hel-IDP,27,1,persistent_chain
G4_Onmem_wall,1,banded_sym_w8,three,Hel-IDP,28,1,persistent_chain
G4_Onmem_wall,1,banded_sym_w8,three,Hel-IDP,29,1,persistent_chain
G4_Onmem_wall,1,banded_sym_w8,three,Hel-IDP,31,3,persistent_chain
G4_Onmem_wall,1,banded_sym_w8,three,Hel-IDP,32,2,persistent_chain
G4_Onmem_wall,1,banded_sym_w8,three,Hel-IDP,38,1,persistent_chain
G4_Onmem_wall,1,banded_sym_w8,three,Hel-IDP,41,1,persistent_chain
G4_Onmem_wall,1,banded_sym_w8,three,Hel-IDP,43,1,persistent_chain
G4_Onmem_wall,1,banded_sym_w8,three,Hel-IDP,53,1,persistent_chain
G4_Onmem_wall,1,banded_sym_w8,three,Hel-IDP,123,1,persistent_chain
G4_Onmem_wall,1,banded_sym_w8,three,IDP-IDP,1,10557,persistent_chain
G4_Onmem_wall,1,banded_sym_w8,three,IDP-IDP,2,3836,persistent_chain
G4_Onmem_wall,1,banded_sym_w8,three,IDP-IDP,3,1799,persistent_chain
G4_Onmem_wall,1,banded_sym_w8,three,IDP-IDP,4,1110,persistent_chain
G4_Onmem_wall,1,banded_sym_w8,three,IDP-IDP,5,667,persistent_chain
G4_Onmem_wall,1,banded_sym_w8,three,IDP-IDP,6,440,persistent_chain
G4_Onmem_wall,1,banded_sym_w8,three,IDP-IDP,7,289,persistent_chain
G4_Onmem_wall,1,banded_sym_w8,three,IDP-IDP,8,197,persistent_chain
G4_Onmem_wall,1,banded_sym_w8,three,IDP-IDP,9,154,persistent_chain
G4_Onmem_wall,1,banded_sym_w8,three,IDP-IDP,10,108,persistent_chain
G4_Onmem_wall,1,banded_sym_w8,three,IDP-IDP,11,92,persistent_chain
G4_Onmem_wall,1,banded_sym_w8,three,IDP-IDP,12,76,persistent_chain
G4_Onmem_wall,1,banded_sym_w8,three,IDP-IDP,13,45,persistent_chain
G4_Onmem_wall,1,banded_sym_w8,three,IDP-IDP,14,35,persistent_chain
G4_Onmem_wall,1,banded_sym_w8,three,IDP-IDP,15,34,persistent_chain
G4_Onmem_wall,1,banded_sym_w8,three,IDP-IDP,16,21,persistent_chain
G4_Onmem_wall,1,banded_sym_w8,three,IDP-IDP,17,20,persistent_chain
G4_Onmem_wall,1,banded_sym_w8,three,IDP-IDP,18,17,persistent_chain
G4_Onmem_wall,1,banded_sym_w8,three,IDP-IDP,19,11,persistent_chain
G4_Onmem_wall,1,banded_sym_w8,three,IDP-IDP,20,11,persistent_chain
G4_Onmem_wall,1,banded_sym_w8,three,IDP-IDP,21,10,persistent_chain
G4_Onmem_wall,1,banded_sym_w8,three,IDP-IDP,22,9,persistent_chain
G4_Onmem_wall,1,banded_sym_w8,three,IDP-IDP,23,7,persistent_chain
G4_Onmem_wall,1,banded_sym_w8,three,IDP-IDP,24,2,persistent_chain
G4_Onmem_wall,1,banded_sym_w8,three,IDP-IDP,25,5,persistent_chain
G4_Onmem_wall,1,banded_sym_w8,three,IDP-IDP,26,5,persistent_chain
G4_Onmem_wall,1,banded_sym_w8,three,IDP-IDP,27,9,persistent_chain
G4_Onmem_wall,1,banded_sym_w8,three,IDP-IDP,28,2,persistent_chain
G4_Onmem_wall,1,banded_sym_w8,three,IDP-IDP,29,4,persistent_chain
G4_Onmem_wall,1,banded_sym_w8,three,IDP-IDP,30,4,persistent_chain
G4_Onmem_wall,1,banded_sym_w8,three,IDP-IDP,31,2,persistent_chain
G4_Onmem_wall,1,banded_sym_w8,three,IDP-IDP,32,1,persistent_chain
G4_Onmem_wall,1,banded_sym_w8,three,IDP-IDP,33,3,persistent_chain
G4_Onmem_wall,1,banded_sym_w8,three,IDP-IDP,34,1,persistent_chain
G4_Onmem_wall,1,banded_sym_w8,three,IDP-IDP,35,1,persistent_chain
G4_Onmem_wall,1,banded_sym_w8,three,IDP-IDP,36,1,persistent_chain
G4_Onmem_wall,1,banded_sym_w8,three,IDP-IDP,37,1,persistent_chain
G4_Onmem_wall,1,banded_sym_w8,three,IDP-IDP,38,3,persistent_chain
G4_Onmem_wall,1,banded_sym_w8,three,IDP-IDP,39,2,persistent_chain
G4_Onmem_wall,1,banded_sym_w8,three,IDP-IDP,41,1,persistent_chain
G4_Onmem_wall,1,banded_sym_w8,three,IDP-IDP,44,1,persistent_chain
G4_Onmem_wall,1,banded_sym_w8,three,IDP-IDP,45,1,persistent_chain
G4_Onmem_wall,1,banded_sym_w8,three,IDP-IDP,50,1,persistent_chain
G4_Onmem_wall,1,banded_sym_w8,three,IDP-IDP,54,1,persistent_chain
G4_Onmem_wall,1,banded_sym_w8,three,IDP-IDP,59,1,persistent_chain
G4_Onmem_wall,1,banded_sym_w8,three,IDP-IDP,61,1,persistent_chain
G4_Onmem_wall,1,banded_sym_w8,triplet,all,1,8734,persistent_chain
G4_Onmem_wall,1,banded_sym_w8,triplet,all,2,2658,persistent_chain
G4_Onmem_wall,1,banded_sym_w8,triplet,all,3,1132,persistent_chain
G4_Onmem_wall,1,banded_sym_w8,triplet,all,4,542,persistent_chain
G4_Onmem_wall,1,banded_sym_w8,triplet,all,5,327,persistent_chain
G4_Onmem_wall,1,banded_sym_w8,triplet,all,6,177,persistent_chain
G4_Onmem_wall,1,banded_sym_w8,triplet,all,7,134,persistent_chain
G4_Onmem_wall,1,banded_sym_w8,triplet,all,8,68,persistent_chain
G4_Onmem_wall,1,banded_sym_w8,triplet,all,9,49,persistent_chain
G4_Onmem_wall,1,banded_sym_w8,triplet,all,10,31,persistent_chain
G4_Onmem_wall,1,banded_sym_w8,triplet,all,11,17,persistent_chain
G4_Onmem_wall,1,banded_sym_w8,triplet,all,12,20,persistent_chain
G4_Onmem_wall,1,banded_sym_w8,triplet,all,13,9,persistent_chain
G4_Onmem_wall,1,banded_sym_w8,triplet,all,14,8,persistent_chain
G4_Onmem_wall,1,banded_sym_w8,triplet,all,15,10,persistent_chain
G4_Onmem_wall,1,banded_sym_w8,triplet,all,16,6,persistent_chain
G4_Onmem_wall,1,banded_sym_w8,triplet,all,17,7,persistent_chain
G4_Onmem_wall,1,banded_sym_w8,triplet,all,18,2,persistent_chain
G4_Onmem_wall,1,banded_sym_w8,triplet,all,19,3,persistent_chain
G4_Onmem_wall,1,banded_sym_w8,triplet,all,20,2,persistent_chain
G4_Onmem_wall,1,banded_sym_w8,triplet,all,21,6,persistent_chain
G4_Onmem_wall,1,banded_sym_w8,triplet,all,22,2,persistent_chain
G4_Onmem_wall,1,banded_sym_w8,triplet,all,23,2,persistent_chain
G4_Onmem_wall,1,banded_sym_w8,triplet,all,25,1,persistent_chain
G4_Onmem_wall,1,banded_sym_w8,triplet,all,27,2,persistent_chain
G4_Onmem_wall,1,banded_sym_w8,triplet,all,28,2,persistent_chain
G4_Onmem_wall,1,banded_sym_w8,triplet,all,29,1,persistent_chain
G4_Onmem_wall,1,banded_sym_w8,triplet,all,32,1,persistent_chain
G4_Onmem_wall,1,banded_sym_w8,triplet,all,34,1,persistent_chain
G4_Onmem_wall,1,banded_sym_w8,triplet,all,36,1,persistent_chain
G4_Onmem_wall,1,banded_sym_w8,triplet,Hel-IDP,1,646,persistent_chain
G4_Onmem_wall,1,banded_sym_w8,triplet,Hel-IDP,2,224,persistent_chain
G4_Onmem_wall,1,banded_sym_w8,triplet,Hel-IDP,3,98,persistent_chain
G4_Onmem_wall,1,banded_sym_w8,triplet,Hel-IDP,4,46,persistent_chain
G4_Onmem_wall,1,banded_sym_w8,triplet,Hel-IDP,5,29,persistent_chain
G4_Onmem_wall,1,banded_sym_w8,triplet,Hel-IDP,6,21,persistent_chain
G4_Onmem_wall,1,banded_sym_w8,triplet,Hel-IDP,7,22,persistent_chain
G4_Onmem_wall,1,banded_sym_w8,triplet,Hel-IDP,8,7,persistent_chain
G4_Onmem_wall,1,banded_sym_w8,triplet,Hel-IDP,9,5,persistent_chain
G4_Onmem_wall,1,banded_sym_w8,triplet,Hel-IDP,10,4,persistent_chain
G4_Onmem_wall,1,banded_sym_w8,triplet,Hel-IDP,11,3,persistent_chain
G4_Onmem_wall,1,banded_sym_w8,triplet,Hel-IDP,12,6,persistent_chain
G4_Onmem_wall,1,banded_sym_w8,triplet,Hel-IDP,14,2,persistent_chain
G4_Onmem_wall,1,banded_sym_w8,triplet,Hel-IDP,15,1,persistent_chain
G4_Onmem_wall,1,banded_sym_w8,triplet,Hel-IDP,17,2,persistent_chain
G4_Onmem_wall,1,banded_sym_w8,triplet,Hel-IDP,18,1,persistent_chain
G4_Onmem_wall,1,banded_sym_w8,triplet,Hel-IDP,21,2,persistent_chain
G4_Onmem_wall,1,banded_sym_w8,triplet,Hel-IDP,22,1,persistent_chain
G4_Onmem_wall,1,banded_sym_w8,triplet,Hel-IDP,28,1,persistent_chain
G4_Onmem_wall,1,banded_sym_w8,triplet,Hel-IDP,29,1,persistent_chain
G4_Onmem_wall,1,banded_sym_w8,triplet,Hel-IDP,34,1,persistent_chain
G4_Onmem_wall,1,banded_sym_w8,triplet,IDP-IDP,1,8088,persistent_chain
G4_Onmem_wall,1,banded_sym_w8,triplet,IDP-IDP,2,2434,persistent_chain
G4_Onmem_wall,1,banded_sym_w8,triplet,IDP-IDP,3,1034,persistent_chain
G4_Onmem_wall,1,banded_sym_w8,triplet,IDP-IDP,4,496,persistent_chain
G4_Onmem_wall,1,banded_sym_w8,triplet,IDP-IDP,5,298,persistent_chain
G4_Onmem_wall,1,banded_sym_w8,triplet,IDP-IDP,6,156,persistent_chain
G4_Onmem_wall,1,banded_sym_w8,triplet,IDP-IDP,7,112,persistent_chain
G4_Onmem_wall,1,banded_sym_w8,triplet,IDP-IDP,8,61,persistent_chain
G4_Onmem_wall,1,banded_sym_w8,triplet,IDP-IDP,9,44,persistent_chain
G4_Onmem_wall,1,banded_sym_w8,triplet,IDP-IDP,10,27,persistent_chain
G4_Onmem_wall,1,banded_sym_w8,triplet,IDP-IDP,11,14,persistent_chain
G4_Onmem_wall,1,banded_sym_w8,triplet,IDP-IDP,12,14,persistent_chain
G4_Onmem_wall,1,banded_sym_w8,triplet,IDP-IDP,13,9,persistent_chain
G4_Onmem_wall,1,banded_sym_w8,triplet,IDP-IDP,14,6,persistent_chain
G4_Onmem_wall,1,banded_sym_w8,triplet,IDP-IDP,15,9,persistent_chain
G4_Onmem_wall,1,banded_sym_w8,triplet,IDP-IDP,16,6,persistent_chain
G4_Onmem_wall,1,banded_sym_w8,triplet,IDP-IDP,17,5,persistent_chain
G4_Onmem_wall,1,banded_sym_w8,triplet,IDP-IDP,18,1,persistent_chain
G4_Onmem_wall,1,banded_sym_w8,triplet,IDP-IDP,19,3,persistent_chain
G4_Onmem_wall,1,banded_sym_w8,triplet,IDP-IDP,20,2,persistent_chain
G4_Onmem_wall,1,banded_sym_w8,triplet,IDP-IDP,21,4,persistent_chain
G4_Onmem_wall,1,banded_sym_w8,triplet,IDP-IDP,22,1,persistent_chain
G4_Onmem_wall,1,banded_sym_w8,triplet,IDP-IDP,23,2,persistent_chain
G4_Onmem_wall,1,banded_sym_w8,triplet,IDP-IDP,25,1,persistent_chain
G4_Onmem_wall,1,banded_sym_w8,triplet,IDP-IDP,27,2,persistent_chain
G4_Onmem_wall,1,banded_sym_w8,triplet,IDP-IDP,28,1,persistent_chain
G4_Onmem_wall,1,banded_sym_w8,triplet,IDP-IDP,32,1,persistent_chain
G4_Onmem_wall,1,banded_sym_w8,triplet,IDP-IDP,36,1,persistent_chain
G4_Onmem_wall,1,banded_sym_w10,one,all,1,15437,persistent_chain
G4_Onmem_wall,1,banded_sym_w10,one,all,2,6203,persistent_chain
G4_Onmem_wall,1,banded_sym_w10,one,all,3,3300,persistent_chain
G4_Onmem_wall,1,banded_sym_w10,one,all,4,2028,persistent_chain
G4_Onmem_wall,1,banded_sym_w10,one,all,5,1404,persistent_chain
G4_Onmem_wall,1,banded_sym_w10,one,all,6,1003,persistent_chain
G4_Onmem_wall,1,banded_sym_w10,one,all,7,708,persistent_chain
G4_Onmem_wall,1,banded_sym_w10,one,all,8,542,persistent_chain
G4_Onmem_wall,1,banded_sym_w10,one,all,9,454,persistent_chain
G4_Onmem_wall,1,banded_sym_w10,one,all,10,302,persistent_chain
G4_Onmem_wall,1,banded_sym_w10,one,all,11,284,persistent_chain
G4_Onmem_wall,1,banded_sym_w10,one,all,12,204,persistent_chain
G4_Onmem_wall,1,banded_sym_w10,one,all,13,184,persistent_chain
G4_Onmem_wall,1,banded_sym_w10,one,all,14,148,persistent_chain
G4_Onmem_wall,1,banded_sym_w10,one,all,15,115,persistent_chain
G4_Onmem_wall,1,banded_sym_w10,one,all,16,93,persistent_chain
G4_Onmem_wall,1,banded_sym_w10,one,all,17,114,persistent_chain
G4_Onmem_wall,1,banded_sym_w10,one,all,18,97,persistent_chain
G4_Onmem_wall,1,banded_sym_w10,one,all,19,74,persistent_chain
G4_Onmem_wall,1,banded_sym_w10,one,all,20,63,persistent_chain
G4_Onmem_wall,1,banded_sym_w10,one,all,21,37,persistent_chain
G4_Onmem_wall,1,banded_sym_w10,one,all,22,45,persistent_chain
G4_Onmem_wall,1,banded_sym_w10,one,all,23,45,persistent_chain
G4_Onmem_wall,1,banded_sym_w10,one,all,24,39,persistent_chain
G4_Onmem_wall,1,banded_sym_w10,one,all,25,27,persistent_chain
G4_Onmem_wall,1,banded_sym_w10,one,all,26,23,persistent_chain
G4_Onmem_wall,1,banded_sym_w10,one,all,27,22,persistent_chain
G4_Onmem_wall,1,banded_sym_w10,one,all,28,18,persistent_chain
G4_Onmem_wall,1,banded_sym_w10,one,all,29,25,persistent_chain
G4_Onmem_wall,1,banded_sym_w10,one,all,30,17,persistent_chain
G4_Onmem_wall,1,banded_sym_w10,one,all,31,16,persistent_chain
G4_Onmem_wall,1,banded_sym_w10,one,all,32,14,persistent_chain
G4_Onmem_wall,1,banded_sym_w10,one,all,33,19,persistent_chain
G4_Onmem_wall,1,banded_sym_w10,one,all,34,11,persistent_chain
G4_Onmem_wall,1,banded_sym_w10,one,all,35,6,persistent_chain
G4_Onmem_wall,1,banded_sym_w10,one,all,36,11,persistent_chain
G4_Onmem_wall,1,banded_sym_w10,one,all,37,15,persistent_chain
G4_Onmem_wall,1,banded_sym_w10,one,all,38,8,persistent_chain
G4_Onmem_wall,1,banded_sym_w10,one,all,39,6,persistent_chain
G4_Onmem_wall,1,banded_sym_w10,one,all,40,8,persistent_chain
G4_Onmem_wall,1,banded_sym_w10,one,all,41,3,persistent_chain
G4_Onmem_wall,1,banded_sym_w10,one,all,42,7,persistent_chain
G4_Onmem_wall,1,banded_sym_w10,one,all,43,6,persistent_chain
G4_Onmem_wall,1,banded_sym_w10,one,all,44,5,persistent_chain
G4_Onmem_wall,1,banded_sym_w10,one,all,45,6,persistent_chain
G4_Onmem_wall,1,banded_sym_w10,one,all,46,3,persistent_chain
G4_Onmem_wall,1,banded_sym_w10,one,all,47,5,persistent_chain
G4_Onmem_wall,1,banded_sym_w10,one,all,48,4,persistent_chain
G4_Onmem_wall,1,banded_sym_w10,one,all,49,2,persistent_chain
G4_Onmem_wall,1,banded_sym_w10,one,all,50,3,persistent_chain
G4_Onmem_wall,1,banded_sym_w10,one,all,51,5,persistent_chain
G4_Onmem_wall,1,banded_sym_w10,one,all,52,2,persistent_chain
G4_Onmem_wall,1,banded_sym_w10,one,all,54,2,persistent_chain
G4_Onmem_wall,1,banded_sym_w10,one,all,55,1,persistent_chain
G4_Onmem_wall,1,banded_sym_w10,one,all,56,1,persistent_chain
G4_Onmem_wall,1,banded_sym_w10,one,all,57,1,persistent_chain
G4_Onmem_wall,1,banded_sym_w10,one,all,58,1,persistent_chain
G4_Onmem_wall,1,banded_sym_w10,one,all,59,3,persistent_chain
G4_Onmem_wall,1,banded_sym_w10,one,all,60,4,persistent_chain
G4_Onmem_wall,1,banded_sym_w10,one,all,61,3,persistent_chain
G4_Onmem_wall,1,banded_sym_w10,one,all,62,2,persistent_chain
G4_Onmem_wall,1,banded_sym_w10,one,all,64,2,persistent_chain
G4_Onmem_wall,1,banded_sym_w10,one,all,65,1,persistent_chain
G4_Onmem_wall,1,banded_sym_w10,one,all,66,1,persistent_chain
G4_Onmem_wall,1,banded_sym_w10,one,all,67,2,persistent_chain
G4_Onmem_wall,1,banded_sym_w10,one,all,68,1,persistent_chain
G4_Onmem_wall,1,banded_sym_w10,one,all,69,1,persistent_chain
G4_Onmem_wall,1,banded_sym_w10,one,all,71,1,persistent_chain
G4_Onmem_wall,1,banded_sym_w10,one,all,73,2,persistent_chain
G4_Onmem_wall,1,banded_sym_w10,one,all,75,1,persistent_chain
G4_Onmem_wall,1,banded_sym_w10,one,all,80,1,persistent_chain
G4_Onmem_wall,1,banded_sym_w10,one,all,81,1,persistent_chain
G4_Onmem_wall,1,banded_sym_w10,one,all,82,1,persistent_chain
G4_Onmem_wall,1,banded_sym_w10,one,all,85,1,persistent_chain
G4_Onmem_wall,1,banded_sym_w10,one,all,86,1,persistent_chain
G4_Onmem_wall,1,banded_sym_w10,one,all,87,2,persistent_chain
G4_Onmem_wall,1,banded_sym_w10,one,all,120,1,persistent_chain
G4_Onmem_wall,1,banded_sym_w10,one,all,137,1,persistent_chain
G4_Onmem_wall,1,banded_sym_w10,one,all,147,1,persistent_chain
G4_Onmem_wall,1,banded_sym_w10,one,all,158,1,persistent_chain
G4_Onmem_wall,1,banded_sym_w10,one,all,159,1,persistent_chain
G4_Onmem_wall,1,banded_sym_w10,one,Hel-IDP,1,1603,persistent_chain
G4_Onmem_wall,1,banded_sym_w10,one,Hel-IDP,2,623,persistent_chain
G4_Onmem_wall,1,banded_sym_w10,one,Hel-IDP,3,364,persistent_chain
G4_Onmem_wall,1,banded_sym_w10,one,Hel-IDP,4,232,persistent_chain
G4_Onmem_wall,1,banded_sym_w10,one,Hel-IDP,5,151,persistent_chain
G4_Onmem_wall,1,banded_sym_w10,one,Hel-IDP,6,108,persistent_chain
G4_Onmem_wall,1,banded_sym_w10,one,Hel-IDP,7,78,persistent_chain
G4_Onmem_wall,1,banded_sym_w10,one,Hel-IDP,8,80,persistent_chain
G4_Onmem_wall,1,banded_sym_w10,one,Hel-IDP,9,53,persistent_chain
G4_Onmem_wall,1,banded_sym_w10,one,Hel-IDP,10,36,persistent_chain
G4_Onmem_wall,1,banded_sym_w10,one,Hel-IDP,11,42,persistent_chain
G4_Onmem_wall,1,banded_sym_w10,one,Hel-IDP,12,26,persistent_chain
G4_Onmem_wall,1,banded_sym_w10,one,Hel-IDP,13,25,persistent_chain
G4_Onmem_wall,1,banded_sym_w10,one,Hel-IDP,14,17,persistent_chain
G4_Onmem_wall,1,banded_sym_w10,one,Hel-IDP,15,16,persistent_chain
G4_Onmem_wall,1,banded_sym_w10,one,Hel-IDP,16,19,persistent_chain
G4_Onmem_wall,1,banded_sym_w10,one,Hel-IDP,17,17,persistent_chain
G4_Onmem_wall,1,banded_sym_w10,one,Hel-IDP,18,12,persistent_chain
G4_Onmem_wall,1,banded_sym_w10,one,Hel-IDP,19,9,persistent_chain
G4_Onmem_wall,1,banded_sym_w10,one,Hel-IDP,20,8,persistent_chain
G4_Onmem_wall,1,banded_sym_w10,one,Hel-IDP,21,7,persistent_chain
G4_Onmem_wall,1,banded_sym_w10,one,Hel-IDP,22,9,persistent_chain
G4_Onmem_wall,1,banded_sym_w10,one,Hel-IDP,23,6,persistent_chain
G4_Onmem_wall,1,banded_sym_w10,one,Hel-IDP,24,8,persistent_chain
G4_Onmem_wall,1,banded_sym_w10,one,Hel-IDP,25,6,persistent_chain
G4_Onmem_wall,1,banded_sym_w10,one,Hel-IDP,26,6,persistent_chain
G4_Onmem_wall,1,banded_sym_w10,one,Hel-IDP,27,7,persistent_chain
G4_Onmem_wall,1,banded_sym_w10,one,Hel-IDP,28,2,persistent_chain
G4_Onmem_wall,1,banded_sym_w10,one,Hel-IDP,29,5,persistent_chain
G4_Onmem_wall,1,banded_sym_w10,one,Hel-IDP,30,4,persistent_chain
G4_Onmem_wall,1,banded_sym_w10,one,Hel-IDP,31,5,persistent_chain
G4_Onmem_wall,1,banded_sym_w10,one,Hel-IDP,32,1,persistent_chain
G4_Onmem_wall,1,banded_sym_w10,one,Hel-IDP,33,2,persistent_chain
G4_Onmem_wall,1,banded_sym_w10,one,Hel-IDP,35,3,persistent_chain
G4_Onmem_wall,1,banded_sym_w10,one,Hel-IDP,36,1,persistent_chain
G4_Onmem_wall,1,banded_sym_w10,one,Hel-IDP,37,3,persistent_chain
G4_Onmem_wall,1,banded_sym_w10,one,Hel-IDP,38,2,persistent_chain
G4_Onmem_wall,1,banded_sym_w10,one,Hel-IDP,40,3,persistent_chain
G4_Onmem_wall,1,banded_sym_w10,one,Hel-IDP,43,1,persistent_chain
G4_Onmem_wall,1,banded_sym_w10,one,Hel-IDP,44,1,persistent_chain
G4_Onmem_wall,1,banded_sym_w10,one,Hel-IDP,45,3,persistent_chain
G4_Onmem_wall,1,banded_sym_w10,one,Hel-IDP,49,1,persistent_chain
G4_Onmem_wall,1,banded_sym_w10,one,Hel-IDP,50,1,persistent_chain
G4_Onmem_wall,1,banded_sym_w10,one,Hel-IDP,51,2,persistent_chain
G4_Onmem_wall,1,banded_sym_w10,one,Hel-IDP,52,2,persistent_chain
G4_Onmem_wall,1,banded_sym_w10,one,Hel-IDP,54,1,persistent_chain
G4_Onmem_wall,1,banded_sym_w10,one,Hel-IDP,58,1,persistent_chain
G4_Onmem_wall,1,banded_sym_w10,one,Hel-IDP,59,1,persistent_chain
G4_Onmem_wall,1,banded_sym_w10,one,Hel-IDP,60,1,persistent_chain
G4_Onmem_wall,1,banded_sym_w10,one,Hel-IDP,61,2,persistent_chain
G4_Onmem_wall,1,banded_sym_w10,one,Hel-IDP,62,1,persistent_chain
G4_Onmem_wall,1,banded_sym_w10,one,Hel-IDP,64,1,persistent_chain
G4_Onmem_wall,1,banded_sym_w10,one,Hel-IDP,67,1,persistent_chain
G4_Onmem_wall,1,banded_sym_w10,one,Hel-IDP,69,1,persistent_chain
G4_Onmem_wall,1,banded_sym_w10,one,Hel-IDP,147,1,persistent_chain
G4_Onmem_wall,1,banded_sym_w10,one,Hel-IDP,158,1,persistent_chain
G4_Onmem_wall,1,banded_sym_w10,one,IDP-IDP,1,13834,persistent_chain
G4_Onmem_wall,1,banded_sym_w10,one,IDP-IDP,2,5580,persistent_chain
G4_Onmem_wall,1,banded_sym_w10,one,IDP-IDP,3,2936,persistent_chain
G4_Onmem_wall,1,banded_sym_w10,one,IDP-IDP,4,1796,persistent_chain
G4_Onmem_wall,1,banded_sym_w10,one,IDP-IDP,5,1253,persistent_chain
G4_Onmem_wall,1,banded_sym_w10,one,IDP-IDP,6,895,persistent_chain
G4_Onmem_wall,1,banded_sym_w10,one,IDP-IDP,7,630,persistent_chain
G4_Onmem_wall,1,banded_sym_w10,one,IDP-IDP,8,462,persistent_chain
G4_Onmem_wall,1,banded_sym_w10,one,IDP-IDP,9,401,persistent_chain
G4_Onmem_wall,1,banded_sym_w10,one,IDP-IDP,10,266,persistent_chain
G4_Onmem_wall,1,banded_sym_w10,one,IDP-IDP,11,242,persistent_chain
G4_Onmem_wall,1,banded_sym_w10,one,IDP-IDP,12,178,persistent_chain
G4_Onmem_wall,1,banded_sym_w10,one,IDP-IDP,13,159,persistent_chain
G4_Onmem_wall,1,banded_sym_w10,one,IDP-IDP,14,131,persistent_chain
G4_Onmem_wall,1,banded_sym_w10,one,IDP-IDP,15,99,persistent_chain
G4_Onmem_wall,1,banded_sym_w10,one,IDP-IDP,16,74,persistent_chain
G4_Onmem_wall,1,banded_sym_w10,one,IDP-IDP,17,97,persistent_chain
G4_Onmem_wall,1,banded_sym_w10,one,IDP-IDP,18,85,persistent_chain
G4_Onmem_wall,1,banded_sym_w10,one,IDP-IDP,19,65,persistent_chain
G4_Onmem_wall,1,banded_sym_w10,one,IDP-IDP,20,55,persistent_chain
G4_Onmem_wall,1,banded_sym_w10,one,IDP-IDP,21,30,persistent_chain
G4_Onmem_wall,1,banded_sym_w10,one,IDP-IDP,22,36,persistent_chain
G4_Onmem_wall,1,banded_sym_w10,one,IDP-IDP,23,39,persistent_chain
G4_Onmem_wall,1,banded_sym_w10,one,IDP-IDP,24,31,persistent_chain
G4_Onmem_wall,1,banded_sym_w10,one,IDP-IDP,25,21,persistent_chain
G4_Onmem_wall,1,banded_sym_w10,one,IDP-IDP,26,17,persistent_chain
G4_Onmem_wall,1,banded_sym_w10,one,IDP-IDP,27,15,persistent_chain
G4_Onmem_wall,1,banded_sym_w10,one,IDP-IDP,28,16,persistent_chain
G4_Onmem_wall,1,banded_sym_w10,one,IDP-IDP,29,20,persistent_chain
G4_Onmem_wall,1,banded_sym_w10,one,IDP-IDP,30,13,persistent_chain
G4_Onmem_wall,1,banded_sym_w10,one,IDP-IDP,31,11,persistent_chain
G4_Onmem_wall,1,banded_sym_w10,one,IDP-IDP,32,13,persistent_chain
G4_Onmem_wall,1,banded_sym_w10,one,IDP-IDP,33,17,persistent_chain
G4_Onmem_wall,1,banded_sym_w10,one,IDP-IDP,34,11,persistent_chain
G4_Onmem_wall,1,banded_sym_w10,one,IDP-IDP,35,3,persistent_chain
G4_Onmem_wall,1,banded_sym_w10,one,IDP-IDP,36,10,persistent_chain
G4_Onmem_wall,1,banded_sym_w10,one,IDP-IDP,37,12,persistent_chain
G4_Onmem_wall,1,banded_sym_w10,one,IDP-IDP,38,6,persistent_chain
G4_Onmem_wall,1,banded_sym_w10,one,IDP-IDP,39,6,persistent_chain
G4_Onmem_wall,1,banded_sym_w10,one,IDP-IDP,40,5,persistent_chain
G4_Onmem_wall,1,banded_sym_w10,one,IDP-IDP,41,3,persistent_chain
G4_Onmem_wall,1,banded_sym_w10,one,IDP-IDP,42,7,persistent_chain
G4_Onmem_wall,1,banded_sym_w10,one,IDP-IDP,43,5,persistent_chain
G4_Onmem_wall,1,banded_sym_w10,one,IDP-IDP,44,4,persistent_chain
G4_Onmem_wall,1,banded_sym_w10,one,IDP-IDP,45,3,persistent_chain
G4_Onmem_wall,1,banded_sym_w10,one,IDP-IDP,46,3,persistent_chain
G4_Onmem_wall,1,banded_sym_w10,one,IDP-IDP,47,5,persistent_chain
G4_Onmem_wall,1,banded_sym_w10,one,IDP-IDP,48,4,persistent_chain
G4_Onmem_wall,1,banded_sym_w10,one,IDP-IDP,49,1,persistent_chain
G4_Onmem_wall,1,banded_sym_w10,one,IDP-IDP,50,2,persistent_chain
G4_Onmem_wall,1,banded_sym_w10,one,IDP-IDP,51,3,persistent_chain
G4_Onmem_wall,1,banded_sym_w10,one,IDP-IDP,54,1,persistent_chain
G4_Onmem_wall,1,banded_sym_w10,one,IDP-IDP,55,1,persistent_chain
G4_Onmem_wall,1,banded_sym_w10,one,IDP-IDP,56,1,persistent_chain
G4_Onmem_wall,1,banded_sym_w10,one,IDP-IDP,57,1,persistent_chain
G4_Onmem_wall,1,banded_sym_w10,one,IDP-IDP,59,2,persistent_chain
G4_Onmem_wall,1,banded_sym_w10,one,IDP-IDP,60,3,persistent_chain
G4_Onmem_wall,1,banded_sym_w10,one,IDP-IDP,61,1,persistent_chain
G4_Onmem_wall,1,banded_sym_w10,one,IDP-IDP,62,1,persistent_chain
G4_Onmem_wall,1,banded_sym_w10,one,IDP-IDP,64,1,persistent_chain
G4_Onmem_wall,1,banded_sym_w10,one,IDP-IDP,65,1,persistent_chain
G4_Onmem_wall,1,banded_sym_w10,one,IDP-IDP,66,1,persistent_chain
G4_Onmem_wall,1,banded_sym_w10,one,IDP-IDP,67,1,persistent_chain
G4_Onmem_wall,1,banded_sym_w10,one,IDP-IDP,68,1,persistent_chain
G4_Onmem_wall,1,banded_sym_w10,one,IDP-IDP,71,1,persistent_chain
G4_Onmem_wall,1,banded_sym_w10,one,IDP-IDP,73,2,persistent_chain
G4_Onmem_wall,1,banded_sym_w10,one,IDP-IDP,75,1,persistent_chain
G4_Onmem_wall,1,banded_sym_w10,one,IDP-IDP,80,1,persistent_chain
G4_Onmem_wall,1,banded_sym_w10,one,IDP-IDP,81,1,persistent_chain
G4_Onmem_wall,1,banded_sym_w10,one,IDP-IDP,82,1,persistent_chain
G4_Onmem_wall,1,banded_sym_w10,one,IDP-IDP,85,1,persistent_chain
G4_Onmem_wall,1,banded_sym_w10,one,IDP-IDP,86,1,persistent_chain
G4_Onmem_wall,1,banded_sym_w10,one,IDP-IDP,87,2,persistent_chain
G4_Onmem_wall,1,banded_sym_w10,one,IDP-IDP,120,1,persistent_chain
G4_Onmem_wall,1,banded_sym_w10,one,IDP-IDP,137,1,persistent_chain
G4_Onmem_wall,1,banded_sym_w10,one,IDP-IDP,159,1,persistent_chain
G4_Onmem_wall,1,banded_sym_w10,three,all,1,13025,persistent_chain
G4_Onmem_wall,1,banded_sym_w10,three,all,2,4815,persistent_chain
G4_Onmem_wall,1,banded_sym_w10,three,all,3,2370,persistent_chain
G4_Onmem_wall,1,banded_sym_w10,three,all,4,1408,persistent_chain
G4_Onmem_wall,1,banded_sym_w10,three,all,5,899,persistent_chain
G4_Onmem_wall,1,banded_sym_w10,three,all,6,581,persistent_chain
G4_Onmem_wall,1,banded_sym_w10,three,all,7,424,persistent_chain
G4_Onmem_wall,1,banded_sym_w10,three,all,8,284,persistent_chain
G4_Onmem_wall,1,banded_sym_w10,three,all,9,219,persistent_chain
G4_Onmem_wall,1,banded_sym_w10,three,all,10,146,persistent_chain
G4_Onmem_wall,1,banded_sym_w10,three,all,11,134,persistent_chain
G4_Onmem_wall,1,banded_sym_w10,three,all,12,109,persistent_chain
G4_Onmem_wall,1,banded_sym_w10,three,all,13,81,persistent_chain
G4_Onmem_wall,1,banded_sym_w10,three,all,14,57,persistent_chain
G4_Onmem_wall,1,banded_sym_w10,three,all,15,48,persistent_chain
G4_Onmem_wall,1,banded_sym_w10,three,all,16,42,persistent_chain
G4_Onmem_wall,1,banded_sym_w10,three,all,17,39,persistent_chain
G4_Onmem_wall,1,banded_sym_w10,three,all,18,24,persistent_chain
G4_Onmem_wall,1,banded_sym_w10,three,all,19,21,persistent_chain
G4_Onmem_wall,1,banded_sym_w10,three,all,20,22,persistent_chain
G4_Onmem_wall,1,banded_sym_w10,three,all,21,18,persistent_chain
G4_Onmem_wall,1,banded_sym_w10,three,all,22,13,persistent_chain
G4_Onmem_wall,1,banded_sym_w10,three,all,23,18,persistent_chain
G4_Onmem_wall,1,banded_sym_w10,three,all,24,4,persistent_chain
G4_Onmem_wall,1,banded_sym_w10,three,all,25,4,persistent_chain
G4_Onmem_wall,1,banded_sym_w10,three,all,26,7,persistent_chain
G4_Onmem_wall,1,banded_sym_w10,three,all,27,11,persistent_chain
G4_Onmem_wall,1,banded_sym_w10,three,all,28,7,persistent_chain
G4_Onmem_wall,1,banded_sym_w10,three,all,29,3,persistent_chain
G4_Onmem_wall,1,banded_sym_w10,three,all,30,7,persistent_chain
G4_Onmem_wall,1,banded_sym_w10,three,all,31,6,persistent_chain
G4_Onmem_wall,1,banded_sym_w10,three,all,32,2,persistent_chain
G4_Onmem_wall,1,banded_sym_w10,three,all,33,2,persistent_chain
G4_Onmem_wall,1,banded_sym_w10,three,all,34,2,persistent_chain
G4_Onmem_wall,1,banded_sym_w10,three,all,35,2,persistent_chain
G4_Onmem_wall,1,banded_sym_w10,three,all,36,5,persistent_chain
G4_Onmem_wall,1,banded_sym_w10,three,all,37,2,persistent_chain
G4_Onmem_wall,1,banded_sym_w10,three,all,38,4,persistent_chain
G4_Onmem_wall,1,banded_sym_w10,three,all,39,2,persistent_chain
G4_Onmem_wall,1,banded_sym_w10,three,all,41,3,persistent_chain
G4_Onmem_wall,1,banded_sym_w10,three,all,42,2,persistent_chain
G4_Onmem_wall,1,banded_sym_w10,three,all,43,1,persistent_chain
G4_Onmem_wall,1,banded_sym_w10,three,all,44,1,persistent_chain
G4_Onmem_wall,1,banded_sym_w10,three,all,47,2,persistent_chain
G4_Onmem_wall,1,banded_sym_w10,three,all,48,1,persistent_chain
G4_Onmem_wall,1,banded_sym_w10,three,all,51,1,persistent_chain
G4_Onmem_wall,1,banded_sym_w10,three,all,53,2,persistent_chain
G4_Onmem_wall,1,banded_sym_w10,three,all,54,1,persistent_chain
G4_Onmem_wall,1,banded_sym_w10,three,all,55,1,persistent_chain
G4_Onmem_wall,1,banded_sym_w10,three,all,59,1,persistent_chain
G4_Onmem_wall,1,banded_sym_w10,three,all,61,1,persistent_chain
G4_Onmem_wall,1,banded_sym_w10,three,all,129,1,persistent_chain
G4_Onmem_wall,1,banded_sym_w10,three,Hel-IDP,1,1339,persistent_chain
G4_Onmem_wall,1,banded_sym_w10,three,Hel-IDP,2,496,persistent_chain
G4_Onmem_wall,1,banded_sym_w10,three,Hel-IDP,3,263,persistent_chain
G4_Onmem_wall,1,banded_sym_w10,three,Hel-IDP,4,163,persistent_chain
G4_Onmem_wall,1,banded_sym_w10,three,Hel-IDP,5,104,persistent_chain
G4_Onmem_wall,1,banded_sym_w10,three,Hel-IDP,6,71,persistent_chain
G4_Onmem_wall,1,banded_sym_w10,three,Hel-IDP,7,67,persistent_chain
G4_Onmem_wall,1,banded_sym_w10,three,Hel-IDP,8,41,persistent_chain
G4_Onmem_wall,1,banded_sym_w10,three,Hel-IDP,9,25,persistent_chain
G4_Onmem_wall,1,banded_sym_w10,three,Hel-IDP,10,24,persistent_chain
G4_Onmem_wall,1,banded_sym_w10,three,Hel-IDP,11,23,persistent_chain
G4_Onmem_wall,1,banded_sym_w10,three,Hel-IDP,12,10,persistent_chain
G4_Onmem_wall,1,banded_sym_w10,three,Hel-IDP,13,11,persistent_chain
G4_Onmem_wall,1,banded_sym_w10,three,Hel-IDP,14,12,persistent_chain
G4_Onmem_wall,1,banded_sym_w10,three,Hel-IDP,15,7,persistent_chain
G4_Onmem_wall,1,banded_sym_w10,three,Hel-IDP,16,12,persistent_chain
G4_Onmem_wall,1,banded_sym_w10,three,Hel-IDP,17,8,persistent_chain
G4_Onmem_wall,1,banded_sym_w10,three,Hel-IDP,18,4,persistent_chain
G4_Onmem_wall,1,banded_sym_w10,three,Hel-IDP,19,3,persistent_chain
G4_Onmem_wall,1,banded_sym_w10,three,Hel-IDP,20,7,persistent_chain
G4_Onmem_wall,1,banded_sym_w10,three,Hel-IDP,21,2,persistent_chain
G4_Onmem_wall,1,banded_sym_w10,three,Hel-IDP,22,4,persistent_chain
G4_Onmem_wall,1,banded_sym_w10,three,Hel-IDP,23,4,persistent_chain
G4_Onmem_wall,1,banded_sym_w10,three,Hel-IDP,24,3,persistent_chain
G4_Onmem_wall,1,banded_sym_w10,three,Hel-IDP,26,1,persistent_chain
G4_Onmem_wall,1,banded_sym_w10,three,Hel-IDP,27,1,persistent_chain
G4_Onmem_wall,1,banded_sym_w10,three,Hel-IDP,28,3,persistent_chain
G4_Onmem_wall,1,banded_sym_w10,three,Hel-IDP,29,1,persistent_chain
G4_Onmem_wall,1,banded_sym_w10,three,Hel-IDP,30,1,persistent_chain
G4_Onmem_wall,1,banded_sym_w10,three,Hel-IDP,31,3,persistent_chain
G4_Onmem_wall,1,banded_sym_w10,three,Hel-IDP,33,1,persistent_chain
G4_Onmem_wall,1,banded_sym_w10,three,Hel-IDP,35,1,persistent_chain
G4_Onmem_wall,1,banded_sym_w10,three,Hel-IDP,36,1,persistent_chain
G4_Onmem_wall,1,banded_sym_w10,three,Hel-IDP,39,1,persistent_chain
G4_Onmem_wall,1,banded_sym_w10,three,Hel-IDP,42,1,persistent_chain
G4_Onmem_wall,1,banded_sym_w10,three,Hel-IDP,43,1,persistent_chain
G4_Onmem_wall,1,banded_sym_w10,three,Hel-IDP,47,2,persistent_chain
G4_Onmem_wall,1,banded_sym_w10,three,Hel-IDP,53,1,persistent_chain
G4_Onmem_wall,1,banded_sym_w10,three,Hel-IDP,129,1,persistent_chain
G4_Onmem_wall,1,banded_sym_w10,three,IDP-IDP,1,11686,persistent_chain
G4_Onmem_wall,1,banded_sym_w10,three,IDP-IDP,2,4319,persistent_chain
G4_Onmem_wall,1,banded_sym_w10,three,IDP-IDP,3,2107,persistent_chain
G4_Onmem_wall,1,banded_sym_w10,three,IDP-IDP,4,1245,persistent_chain
G4_Onmem_wall,1,banded_sym_w10,three,IDP-IDP,5,795,persistent_chain
G4_Onmem_wall,1,banded_sym_w10,three,IDP-IDP,6,510,persistent_chain
G4_Onmem_wall,1,banded_sym_w10,three,IDP-IDP,7,357,persistent_chain
G4_Onmem_wall,1,banded_sym_w10,three,IDP-IDP,8,243,persistent_chain
G4_Onmem_wall,1,banded_sym_w10,three,IDP-IDP,9,194,persistent_chain
G4_Onmem_wall,1,banded_sym_w10,three,IDP-IDP,10,122,persistent_chain
G4_Onmem_wall,1,banded_sym_w10,three,IDP-IDP,11,111,persistent_chain
G4_Onmem_wall,1,banded_sym_w10,three,IDP-IDP,12,99,persistent_chain
G4_Onmem_wall,1,banded_sym_w10,three,IDP-IDP,13,70,persistent_chain
G4_Onmem_wall,1,banded_sym_w10,three,IDP-IDP,14,45,persistent_chain
G4_Onmem_wall,1,banded_sym_w10,three,IDP-IDP,15,41,persistent_chain
G4_Onmem_wall,1,banded_sym_w10,three,IDP-IDP,16,30,persistent_chain
G4_Onmem_wall,1,banded_sym_w10,three,IDP-IDP,17,31,persistent_chain
G4_Onmem_wall,1,banded_sym_w10,three,IDP-IDP,18,20,persistent_chain
G4_Onmem_wall,1,banded_sym_w10,three,IDP-IDP,19,18,persistent_chain
G4_Onmem_wall,1,banded_sym_w10,three,IDP-IDP,20,15,persistent_chain
G4_Onmem_wall,1,banded_sym_w10,three,IDP-IDP,21,16,persistent_chain
G4_Onmem_wall,1,banded_sym_w10,three,IDP-IDP,22,9,persistent_chain
G4_Onmem_wall,1,banded_sym_w10,three,IDP-IDP,23,14,persistent_chain
G4_Onmem_wall,1,banded_sym_w10,three,IDP-IDP,24,1,persistent_chain
G4_Onmem_wall,1,banded_sym_w10,three,IDP-IDP,25,4,persistent_chain
G4_Onmem_wall,1,banded_sym_w10,three,IDP-IDP,26,6,persistent_chain
G4_Onmem_wall,1,banded_sym_w10,three,IDP-IDP,27,10,persistent_chain
G4_Onmem_wall,1,banded_sym_w10,three,IDP-IDP,28,4,persistent_chain
G4_Onmem_wall,1,banded_sym_w10,three,IDP-IDP,29,2,persistent_chain
G4_Onmem_wall,1,banded_sym_w10,three,IDP-IDP,30,6,persistent_chain
G4_Onmem_wall,1,banded_sym_w10,three,IDP-IDP,31,3,persistent_chain
G4_Onmem_wall,1,banded_sym_w10,three,IDP-IDP,32,2,persistent_chain
G4_Onmem_wall,1,banded_sym_w10,three,IDP-IDP,33,1,persistent_chain
G4_Onmem_wall,1,banded_sym_w10,three,IDP-IDP,34,2,persistent_chain
G4_Onmem_wall,1,banded_sym_w10,three,IDP-IDP,35,1,persistent_chain
G4_Onmem_wall,1,banded_sym_w10,three,IDP-IDP,36,4,persistent_chain
G4_Onmem_wall,1,banded_sym_w10,three,IDP-IDP,37,2,persistent_chain
G4_Onmem_wall,1,banded_sym_w10,three,IDP-IDP,38,4,persistent_chain
G4_Onmem_wall,1,banded_sym_w10,three,IDP-IDP,39,1,persistent_chain
G4_Onmem_wall,1,banded_sym_w10,three,IDP-IDP,41,3,persistent_chain
G4_Onmem_wall,1,banded_sym_w10,three,IDP-IDP,42,1,persistent_chain
G4_Onmem_wall,1,banded_sym_w10,three,IDP-IDP,44,1,persistent_chain
G4_Onmem_wall,1,banded_sym_w10,three,IDP-IDP,48,1,persistent_chain
G4_Onmem_wall,1,banded_sym_w10,three,IDP-IDP,51,1,persistent_chain
G4_Onmem_wall,1,banded_sym_w10,three,IDP-IDP,53,1,persistent_chain
G4_Onmem_wall,1,banded_sym_w10,three,IDP-IDP,54,1,persistent_chain
G4_Onmem_wall,1,banded_sym_w10,three,IDP-IDP,55,1,persistent_chain
G4_Onmem_wall,1,banded_sym_w10,three,IDP-IDP,59,1,persistent_chain
G4_Onmem_wall,1,banded_sym_w10,three,IDP-IDP,61,1,persistent_chain
G4_Onmem_wall,1,banded_sym_w10,triplet,all,1,10017,persistent_chain
G4_Onmem_wall,1,banded_sym_w10,triplet,all,2,3146,persistent_chain
G4_Onmem_wall,1,banded_sym_w10,triplet,all,3,1355,persistent_chain
G4_Onmem_wall,1,banded_sym_w10,triplet,all,4,668,persistent_chain
G4_Onmem_wall,1,banded_sym_w10,triplet,all,5,385,persistent_chain
G4_Onmem_wall,1,banded_sym_w10,triplet,all,6,217,persistent_chain
G4_Onmem_wall,1,banded_sym_w10,triplet,all,7,149,persistent_chain
G4_Onmem_wall,1,banded_sym_w10,triplet,all,8,81,persistent_chain
G4_Onmem_wall,1,banded_sym_w10,triplet,all,9,60,persistent_chain
G4_Onmem_wall,1,banded_sym_w10,triplet,all,10,40,persistent_chain
G4_Onmem_wall,1,banded_sym_w10,triplet,all,11,24,persistent_chain
G4_Onmem_wall,1,banded_sym_w10,triplet,all,12,17,persistent_chain
G4_Onmem_wall,1,banded_sym_w10,triplet,all,13,12,persistent_chain
G4_Onmem_wall,1,banded_sym_w10,triplet,all,14,9,persistent_chain
G4_Onmem_wall,1,banded_sym_w10,triplet,all,15,15,persistent_chain
G4_Onmem_wall,1,banded_sym_w10,triplet,all,16,8,persistent_chain
G4_Onmem_wall,1,banded_sym_w10,triplet,all,17,6,persistent_chain
G4_Onmem_wall,1,banded_sym_w10,triplet,all,18,4,persistent_chain
G4_Onmem_wall,1,banded_sym_w10,triplet,all,19,5,persistent_chain
G4_Onmem_wall,1,banded_sym_w10,triplet,all,20,4,persistent_chain
G4_Onmem_wall,1,banded_sym_w10,triplet,all,21,5,persistent_chain
G4_Onmem_wall,1,banded_sym_w10,triplet,all,22,3,persistent_chain
G4_Onmem_wall,1,banded_sym_w10,triplet,all,23,2,persistent_chain
G4_Onmem_wall,1,banded_sym_w10,triplet,all,25,1,persistent_chain
G4_Onmem_wall,1,banded_sym_w10,triplet,all,27,2,persistent_chain
G4_Onmem_wall,1,banded_sym_w10,triplet,all,28,3,persistent_chain
G4_Onmem_wall,1,banded_sym_w10,triplet,all,36,2,persistent_chain
G4_Onmem_wall,1,banded_sym_w10,triplet,all,105,1,persistent_chain
G4_Onmem_wall,1,banded_sym_w10,triplet,Hel-IDP,1,760,persistent_chain
G4_Onmem_wall,1,banded_sym_w10,triplet,Hel-IDP,2,260,persistent_chain
G4_Onmem_wall,1,banded_sym_w10,triplet,Hel-IDP,3,123,persistent_chain
G4_Onmem_wall,1,banded_sym_w10,triplet,Hel-IDP,4,57,persistent_chain
G4_Onmem_wall,1,banded_sym_w10,triplet,Hel-IDP,5,33,persistent_chain
G4_Onmem_wall,1,banded_sym_w10,triplet,Hel-IDP,6,24,persistent_chain
G4_Onmem_wall,1,banded_sym_w10,triplet,Hel-IDP,7,23,persistent_chain
G4_Onmem_wall,1,banded_sym_w10,triplet,Hel-IDP,8,10,persistent_chain
G4_Onmem_wall,1,banded_sym_w10,triplet,Hel-IDP,9,6,persistent_chain
G4_Onmem_wall,1,banded_sym_w10,triplet,Hel-IDP,10,4,persistent_chain
G4_Onmem_wall,1,banded_sym_w10,triplet,Hel-IDP,11,5,persistent_chain
G4_Onmem_wall,1,banded_sym_w10,triplet,Hel-IDP,12,3,persistent_chain
G4_Onmem_wall,1,banded_sym_w10,triplet,Hel-IDP,14,1,persistent_chain
G4_Onmem_wall,1,banded_sym_w10,triplet,Hel-IDP,15,2,persistent_chain
G4_Onmem_wall,1,banded_sym_w10,triplet,Hel-IDP,17,1,persistent_chain
G4_Onmem_wall,1,banded_sym_w10,triplet,Hel-IDP,18,2,persistent_chain
G4_Onmem_wall,1,banded_sym_w10,triplet,Hel-IDP,19,1,persistent_chain
G4_Onmem_wall,1,banded_sym_w10,triplet,Hel-IDP,20,1,persistent_chain
G4_Onmem_wall,1,banded_sym_w10,triplet,Hel-IDP,21,2,persistent_chain
G4_Onmem_wall,1,banded_sym_w10,triplet,Hel-IDP,22,1,persistent_chain
G4_Onmem_wall,1,banded_sym_w10,triplet,Hel-IDP,28,1,persistent_chain
G4_Onmem_wall,1,banded_sym_w10,triplet,Hel-IDP,105,1,persistent_chain
G4_Onmem_wall,1,banded_sym_w10,triplet,IDP-IDP,1,9257,persistent_chain
G4_Onmem_wall,1,banded_sym_w10,triplet,IDP-IDP,2,2886,persistent_chain
G4_Onmem_wall,1,banded_sym_w10,triplet,IDP-IDP,3,1232,persistent_chain
G4_Onmem_wall,1,banded_sym_w10,triplet,IDP-IDP,4,611,persistent_chain
G4_Onmem_wall,1,banded_sym_w10,triplet,IDP-IDP,5,352,persistent_chain
G4_Onmem_wall,1,banded_sym_w10,triplet,IDP-IDP,6,193,persistent_chain
G4_Onmem_wall,1,banded_sym_w10,triplet,IDP-IDP,7,126,persistent_chain
G4_Onmem_wall,1,banded_sym_w10,triplet,IDP-IDP,8,71,persistent_chain
G4_Onmem_wall,1,banded_sym_w10,triplet,IDP-IDP,9,54,persistent_chain
G4_Onmem_wall,1,banded_sym_w10,triplet,IDP-IDP,10,36,persistent_chain
G4_Onmem_wall,1,banded_sym_w10,triplet,IDP-IDP,11,19,persistent_chain
G4_Onmem_wall,1,banded_sym_w10,triplet,IDP-IDP,12,14,persistent_chain
G4_Onmem_wall,1,banded_sym_w10,triplet,IDP-IDP,13,12,persistent_chain
G4_Onmem_wall,1,banded_sym_w10,triplet,IDP-IDP,14,8,persistent_chain
G4_Onmem_wall,1,banded_sym_w10,triplet,IDP-IDP,15,13,persistent_chain
G4_Onmem_wall,1,banded_sym_w10,triplet,IDP-IDP,16,8,persistent_chain
G4_Onmem_wall,1,banded_sym_w10,triplet,IDP-IDP,17,5,persistent_chain
G4_Onmem_wall,1,banded_sym_w10,triplet,IDP-IDP,18,2,persistent_chain
G4_Onmem_wall,1,banded_sym_w10,triplet,IDP-IDP,19,4,persistent_chain
G4_Onmem_wall,1,banded_sym_w10,triplet,IDP-IDP,20,3,persistent_chain
G4_Onmem_wall,1,banded_sym_w10,triplet,IDP-IDP,21,3,persistent_chain
G4_Onmem_wall,1,banded_sym_w10,triplet,IDP-IDP,22,2,persistent_chain
G4_Onmem_wall,1,banded_sym_w10,triplet,IDP-IDP,23,2,persistent_chain
G4_Onmem_wall,1,banded_sym_w10,triplet,IDP-IDP,25,1,persistent_chain
G4_Onmem_wall,1,banded_sym_w10,triplet,IDP-IDP,27,2,persistent_chain
G4_Onmem_wall,1,banded_sym_w10,triplet,IDP-IDP,28,2,persistent_chain
G4_Onmem_wall,1,banded_sym_w10,triplet,IDP-IDP,36,2,persistent_chain
G4_Onmem_wall,1,banded_anti_w4,one,all,1,11667,persistent_chain
G4_Onmem_wall,1,banded_anti_w4,one,all,2,4343,persistent_chain
G4_Onmem_wall,1,banded_anti_w4,one,all,3,2292,persistent_chain
G4_Onmem_wall,1,banded_anti_w4,one,all,4,1411,persistent_chain
G4_Onmem_wall,1,banded_anti_w4,one,all,5,910,persistent_chain
G4_Onmem_wall,1,banded_anti_w4,one,all,6,593,persistent_chain
G4_Onmem_wall,1,banded_anti_w4,one,all,7,399,persistent_chain
G4_Onmem_wall,1,banded_anti_w4,one,all,8,317,persistent_chain
G4_Onmem_wall,1,banded_anti_w4,one,all,9,223,persistent_chain
G4_Onmem_wall,1,banded_anti_w4,one,all,10,186,persistent_chain
G4_Onmem_wall,1,banded_anti_w4,one,all,11,130,persistent_chain
G4_Onmem_wall,1,banded_anti_w4,one,all,12,113,persistent_chain
G4_Onmem_wall,1,banded_anti_w4,one,all,13,89,persistent_chain
G4_Onmem_wall,1,banded_anti_w4,one,all,14,61,persistent_chain
G4_Onmem_wall,1,banded_anti_w4,one,all,15,55,persistent_chain
G4_Onmem_wall,1,banded_anti_w4,one,all,16,42,persistent_chain
G4_Onmem_wall,1,banded_anti_w4,one,all,17,36,persistent_chain
G4_Onmem_wall,1,banded_anti_w4,one,all,18,34,persistent_chain
G4_Onmem_wall,1,banded_anti_w4,one,all,19,25,persistent_chain
G4_Onmem_wall,1,banded_anti_w4,one,all,20,19,persistent_chain
G4_Onmem_wall,1,banded_anti_w4,one,all,21,15,persistent_chain
G4_Onmem_wall,1,banded_anti_w4,one,all,22,11,persistent_chain
G4_Onmem_wall,1,banded_anti_w4,one,all,23,8,persistent_chain
G4_Onmem_wall,1,banded_anti_w4,one,all,24,13,persistent_chain
G4_Onmem_wall,1,banded_anti_w4,one,all,25,5,persistent_chain
G4_Onmem_wall,1,banded_anti_w4,one,all,26,10,persistent_chain
G4_Onmem_wall,1,banded_anti_w4,one,all,27,6,persistent_chain
G4_Onmem_wall,1,banded_anti_w4,one,all,28,2,persistent_chain
G4_Onmem_wall,1,banded_anti_w4,one,all,29,4,persistent_chain
G4_Onmem_wall,1,banded_anti_w4,one,all,30,5,persistent_chain
G4_Onmem_wall,1,banded_anti_w4,one,all,31,6,persistent_chain
G4_Onmem_wall,1,banded_anti_w4,one,all,32,5,persistent_chain
G4_Onmem_wall,1,banded_anti_w4,one,all,33,5,persistent_chain
G4_Onmem_wall,1,banded_anti_w4,one,all,34,2,persistent_chain
G4_Onmem_wall,1,banded_anti_w4,one,all,35,2,persistent_chain
G4_Onmem_wall,1,banded_anti_w4,one,all,36,4,persistent_chain
G4_Onmem_wall,1,banded_anti_w4,one,all,37,1,persistent_chain
G4_Onmem_wall,1,banded_anti_w4,one,all,38,1,persistent_chain
G4_Onmem_wall,1,banded_anti_w4,one,all,39,1,persistent_chain
G4_Onmem_wall,1,banded_anti_w4,one,all,40,1,persistent_chain
G4_Onmem_wall,1,banded_anti_w4,one,all,41,2,persistent_chain
G4_Onmem_wall,1,banded_anti_w4,one,all,42,1,persistent_chain
G4_Onmem_wall,1,banded_anti_w4,one,all,43,1,persistent_chain
G4_Onmem_wall,1,banded_anti_w4,one,all,45,1,persistent_chain
G4_Onmem_wall,1,banded_anti_w4,one,all,46,1,persistent_chain
G4_Onmem_wall,1,banded_anti_w4,one,all,47,2,persistent_chain
G4_Onmem_wall,1,banded_anti_w4,one,all,48,1,persistent_chain
G4_Onmem_wall,1,banded_anti_w4,one,all,56,1,persistent_chain
G4_Onmem_wall,1,banded_anti_w4,one,all,58,1,persistent_chain
G4_Onmem_wall,1,banded_anti_w4,one,all,67,1,persistent_chain
G4_Onmem_wall,1,banded_anti_w4,one,all,73,1,persistent_chain
G4_Onmem_wall,1,banded_anti_w4,one,all,94,1,persistent_chain
G4_Onmem_wall,1,banded_anti_w4,one,all,101,1,persistent_chain
G4_Onmem_wall,1,banded_anti_w4,one,Hel-IDP,1,1106,persistent_chain
G4_Onmem_wall,1,banded_anti_w4,one,Hel-IDP,2,374,persistent_chain
G4_Onmem_wall,1,banded_anti_w4,one,Hel-IDP,3,254,persistent_chain
G4_Onmem_wall,1,banded_anti_w4,one,Hel-IDP,4,162,persistent_chain
G4_Onmem_wall,1,banded_anti_w4,one,Hel-IDP,5,108,persistent_chain
G4_Onmem_wall,1,banded_anti_w4,one,Hel-IDP,6,65,persistent_chain
G4_Onmem_wall,1,banded_anti_w4,one,Hel-IDP,7,49,persistent_chain
G4_Onmem_wall,1,banded_anti_w4,one,Hel-IDP,8,44,persistent_chain
G4_Onmem_wall,1,banded_anti_w4,one,Hel-IDP,9,29,persistent_chain
G4_Onmem_wall,1,banded_anti_w4,one,Hel-IDP,10,21,persistent_chain
G4_Onmem_wall,1,banded_anti_w4,one,Hel-IDP,11,23,persistent_chain
G4_Onmem_wall,1,banded_anti_w4,one,Hel-IDP,12,20,persistent_chain
G4_Onmem_wall,1,banded_anti_w4,one,Hel-IDP,13,17,persistent_chain
G4_Onmem_wall,1,banded_anti_w4,one,Hel-IDP,14,11,persistent_chain
G4_Onmem_wall,1,banded_anti_w4,one,Hel-IDP,15,14,persistent_chain
G4_Onmem_wall,1,banded_anti_w4,one,Hel-IDP,16,8,persistent_chain
G4_Onmem_wall,1,banded_anti_w4,one,Hel-IDP,17,5,persistent_chain
G4_Onmem_wall,1,banded_anti_w4,one,Hel-IDP,18,4,persistent_chain
G4_Onmem_wall,1,banded_anti_w4,one,Hel-IDP,19,6,persistent_chain
G4_Onmem_wall,1,banded_anti_w4,one,Hel-IDP,20,5,persistent_chain
G4_Onmem_wall,1,banded_anti_w4,one,Hel-IDP,21,2,persistent_chain
G4_Onmem_wall,1,banded_anti_w4,one,Hel-IDP,22,4,persistent_chain
G4_Onmem_wall,1,banded_anti_w4,one,Hel-IDP,23,5,persistent_chain
G4_Onmem_wall,1,banded_anti_w4,one,Hel-IDP,24,3,persistent_chain
G4_Onmem_wall,1,banded_anti_w4,one,Hel-IDP,25,1,persistent_chain
G4_Onmem_wall,1,banded_anti_w4,one,Hel-IDP,26,1,persistent_chain
G4_Onmem_wall,1,banded_anti_w4,one,Hel-IDP,27,2,persistent_chain
G4_Onmem_wall,1,banded_anti_w4,one,Hel-IDP,29,2,persistent_chain
G4_Onmem_wall,1,banded_anti_w4,one,Hel-IDP,30,1,persistent_chain
G4_Onmem_wall,1,banded_anti_w4,one,Hel-IDP,31,2,persistent_chain
G4_Onmem_wall,1,banded_anti_w4,one,Hel-IDP,33,2,persistent_chain
G4_Onmem_wall,1,banded_anti_w4,one,Hel-IDP,34,1,persistent_chain
G4_Onmem_wall,1,banded_anti_w4,one,Hel-IDP,37,1,persistent_chain
G4_Onmem_wall,1,banded_anti_w4,one,Hel-IDP,41,1,persistent_chain
G4_Onmem_wall,1,banded_anti_w4,one,Hel-IDP,48,1,persistent_chain
G4_Onmem_wall,1,banded_anti_w4,one,Hel-IDP,56,1,persistent_chain
G4_Onmem_wall,1,banded_anti_w4,one,Hel-IDP,58,1,persistent_chain
G4_Onmem_wall,1,banded_anti_w4,one,Hel-IDP,101,1,persistent_chain
G4_Onmem_wall,1,banded_anti_w4,one,IDP-IDP,1,10561,persistent_chain
G4_Onmem_wall,1,banded_anti_w4,one,IDP-IDP,2,3969,persistent_chain
G4_Onmem_wall,1,banded_anti_w4,one,IDP-IDP,3,2038,persistent_chain
G4_Onmem_wall,1,banded_anti_w4,one,IDP-IDP,4,1249,persistent_chain
G4_Onmem_wall,1,banded_anti_w4,one,IDP-IDP,5,802,persistent_chain
G4_Onmem_wall,1,banded_anti_w4,one,IDP-IDP,6,528,persistent_chain
G4_Onmem_wall,1,banded_anti_w4,one,IDP-IDP,7,350,persistent_chain
G4_Onmem_wall,1,banded_anti_w4,one,IDP-IDP,8,273,persistent_chain
G4_Onmem_wall,1,banded_anti_w4,one,IDP-IDP,9,194,persistent_chain
G4_Onmem_wall,1,banded_anti_w4,one,IDP-IDP,10,165,persistent_chain
G4_Onmem_wall,1,banded_anti_w4,one,IDP-IDP,11,107,persistent_chain
G4_Onmem_wall,1,banded_anti_w4,one,IDP-IDP,12,93,persistent_chain
G4_Onmem_wall,1,banded_anti_w4,one,IDP-IDP,13,72,persistent_chain
G4_Onmem_wall,1,banded_anti_w4,one,IDP-IDP,14,50,persistent_chain
G4_Onmem_wall,1,banded_anti_w4,one,IDP-IDP,15,41,persistent_chain
G4_Onmem_wall,1,banded_anti_w4,one,IDP-IDP,16,34,persistent_chain
G4_Onmem_wall,1,banded_anti_w4,one,IDP-IDP,17,31,persistent_chain
G4_Onmem_wall,1,banded_anti_w4,one,IDP-IDP,18,30,persistent_chain
G4_Onmem_wall,1,banded_anti_w4,one,IDP-IDP,19,19,persistent_chain
G4_Onmem_wall,1,banded_anti_w4,one,IDP-IDP,20,14,persistent_chain
G4_Onmem_wall,1,banded_anti_w4,one,IDP-IDP,21,13,persistent_chain
G4_Onmem_wall,1,banded_anti_w4,one,IDP-IDP,22,7,persistent_chain
G4_Onmem_wall,1,banded_anti_w4,one,IDP-IDP,23,3,persistent_chain
G4_Onmem_wall,1,banded_anti_w4,one,IDP-IDP,24,10,persistent_chain
G4_Onmem_wall,1,banded_anti_w4,one,IDP-IDP,25,4,persistent_chain
G4_Onmem_wall,1,banded_anti_w4,one,IDP-IDP,26,9,persistent_chain
G4_Onmem_wall,1,banded_anti_w4,one,IDP-IDP,27,4,persistent_chain
G4_Onmem_wall,1,banded_anti_w4,one,IDP-IDP,28,2,persistent_chain
G4_Onmem_wall,1,banded_anti_w4,one,IDP-IDP,29,2,persistent_chain
G4_Onmem_wall,1,banded_anti_w4,one,IDP-IDP,30,4,persistent_chain
G4_Onmem_wall,1,banded_anti_w4,one,IDP-IDP,31,4,persistent_chain
G4_Onmem_wall,1,banded_anti_w4,one,IDP-IDP,32,5,persistent_chain
G4_Onmem_wall,1,banded_anti_w4,one,IDP-IDP,33,3,persistent_chain
G4_Onmem_wall,1,banded_anti_w4,one,IDP-IDP,34,1,persistent_chain
G4_Onmem_wall,1,banded_anti_w4,one,IDP-IDP,35,2,persistent_chain
G4_Onmem_wall,1,banded_anti_w4,one,IDP-IDP,36,4,persistent_chain
G4_Onmem_wall,1,banded_anti_w4,one,IDP-IDP,38,1,persistent_chain
G4_Onmem_wall,1,banded_anti_w4,one,IDP-IDP,39,1,persistent_chain
G4_Onmem_wall,1,banded_anti_w4,one,IDP-IDP,40,1,persistent_chain
G4_Onmem_wall,1,banded_anti_w4,one,IDP-IDP,41,1,persistent_chain
G4_Onmem_wall,1,banded_anti_w4,one,IDP-IDP,42,1,persistent_chain
G4_Onmem_wall,1,banded_anti_w4,one,IDP-IDP,43,1,persistent_chain
G4_Onmem_wall,1,banded_anti_w4,one,IDP-IDP,45,1,persistent_chain
G4_Onmem_wall,1,banded_anti_w4,one,IDP-IDP,46,1,persistent_chain
G4_Onmem_wall,1,banded_anti_w4,one,IDP-IDP,47,2,persistent_chain
G4_Onmem_wall,1,banded_anti_w4,one,IDP-IDP,67,1,persistent_chain
G4_Onmem_wall,1,banded_anti_w4,one,IDP-IDP,73,1,persistent_chain
G4_Onmem_wall,1,banded_anti_w4,one,IDP-IDP,94,1,persistent_chain
G4_Onmem_wall,1,banded_anti_w4,three,all,1,8603,persistent_chain
G4_Onmem_wall,1,banded_anti_w4,three,all,2,2744,persistent_chain
G4_Onmem_wall,1,banded_anti_w4,three,all,3,1287,persistent_chain
G4_Onmem_wall,1,banded_anti_w4,three,all,4,670,persistent_chain
G4_Onmem_wall,1,banded_anti_w4,three,all,5,417,persistent_chain
G4_Onmem_wall,1,banded_anti_w4,three,all,6,223,persistent_chain
G4_Onmem_wall,1,banded_anti_w4,three,all,7,150,persistent_chain
G4_Onmem_wall,1,banded_anti_w4,three,all,8,95,persistent_chain
G4_Onmem_wall,1,banded_anti_w4,three,all,9,80,persistent_chain
G4_Onmem_wall,1,banded_anti_w4,three,all,10,55,persistent_chain
G4_Onmem_wall,1,banded_anti_w4,three,all,11,35,persistent_chain
G4_Onmem_wall,1,banded_anti_w4,three,all,12,36,persistent_chain
G4_Onmem_wall,1,banded_anti_w4,three,all,13,19,persistent_chain
G4_Onmem_wall,1,banded_anti_w4,three,all,14,17,persistent_chain
G4_Onmem_wall,1,banded_anti_w4,three,all,15,5,persistent_chain
G4_Onmem_wall,1,banded_anti_w4,three,all,16,9,persistent_chain
G4_Onmem_wall,1,banded_anti_w4,three,all,17,8,persistent_chain
G4_Onmem_wall,1,banded_anti_w4,three,all,18,10,persistent_chain
G4_Onmem_wall,1,banded_anti_w4,three,all,19,9,persistent_chain
G4_Onmem_wall,1,banded_anti_w4,three,all,20,2,persistent_chain
G4_Onmem_wall,1,banded_anti_w4,three,all,21,1,persistent_chain
G4_Onmem_wall,1,banded_anti_w4,three,all,22,1,persistent_chain
G4_Onmem_wall,1,banded_anti_w4,three,all,23,2,persistent_chain
G4_Onmem_wall,1,banded_anti_w4,three,all,24,1,persistent_chain
G4_Onmem_wall,1,banded_anti_w4,three,all,25,2,persistent_chain
G4_Onmem_wall,1,banded_anti_w4,three,all,26,1,persistent_chain
G4_Onmem_wall,1,banded_anti_w4,three,all,29,2,persistent_chain
G4_Onmem_wall,1,banded_anti_w4,three,all,32,1,persistent_chain
G4_Onmem_wall,1,banded_anti_w4,three,all,34,1,persistent_chain
G4_Onmem_wall,1,banded_anti_w4,three,all,37,1,persistent_chain
G4_Onmem_wall,1,banded_anti_w4,three,all,40,1,persistent_chain
G4_Onmem_wall,1,banded_anti_w4,three,all,52,1,persistent_chain
G4_Onmem_wall,1,banded_anti_w4,three,all,57,1,persistent_chain
G4_Onmem_wall,1,banded_anti_w4,three,all,76,1,persistent_chain
G4_Onmem_wall,1,banded_anti_w4,three,Hel-IDP,1,814,persistent_chain
G4_Onmem_wall,1,banded_anti_w4,three,Hel-IDP,2,262,persistent_chain
G4_Onmem_wall,1,banded_anti_w4,three,Hel-IDP,3,147,persistent_chain
G4_Onmem_wall,1,banded_anti_w4,three,Hel-IDP,4,73,persistent_chain
G4_Onmem_wall,1,banded_anti_w4,three,Hel-IDP,5,52,persistent_chain
G4_Onmem_wall,1,banded_anti_w4,three,Hel-IDP,6,32,persistent_chain
G4_Onmem_wall,1,banded_anti_w4,three,Hel-IDP,7,25,persistent_chain
G4_Onmem_wall,1,banded_anti_w4,three,Hel-IDP,8,12,persistent_chain
G4_Onmem_wall,1,banded_anti_w4,three,Hel-IDP,9,12,persistent_chain
G4_Onmem_wall,1,banded_anti_w4,three,Hel-IDP,10,8,persistent_chain
G4_Onmem_wall,1,banded_anti_w4,three,Hel-IDP,11,6,persistent_chain
G4_Onmem_wall,1,banded_anti_w4,three,Hel-IDP,12,11,persistent_chain
G4_Onmem_wall,1,banded_anti_w4,three,Hel-IDP,13,4,persistent_chain
G4_Onmem_wall,1,banded_anti_w4,three,Hel-IDP,14,2,persistent_chain
G4_Onmem_wall,1,banded_anti_w4,three,Hel-IDP,15,3,persistent_chain
G4_Onmem_wall,1,banded_anti_w4,three,Hel-IDP,16,4,persistent_chain
G4_Onmem_wall,1,banded_anti_w4,three,Hel-IDP,17,3,persistent_chain
G4_Onmem_wall,1,banded_anti_w4,three,Hel-IDP,18,4,persistent_chain
G4_Onmem_wall,1,banded_anti_w4,three,Hel-IDP,19,2,persistent_chain
G4_Onmem_wall,1,banded_anti_w4,three,Hel-IDP,23,2,persistent_chain
G4_Onmem_wall,1,banded_anti_w4,three,Hel-IDP,37,1,persistent_chain
G4_Onmem_wall,1,banded_anti_w4,three,Hel-IDP,40,1,persistent_chain
G4_Onmem_wall,1,banded_anti_w4,three,IDP-IDP,1,7789,persistent_chain
G4_Onmem_wall,1,banded_anti_w4,three,IDP-IDP,2,2482,persistent_chain
G4_Onmem_wall,1,banded_anti_w4,three,IDP-IDP,3,1140,persistent_chain
G4_Onmem_wall,1,banded_anti_w4,three,IDP-IDP,4,597,persistent_chain
G4_Onmem_wall,1,banded_anti_w4,three,IDP-IDP,5,365,persistent_chain
G4_Onmem_wall,1,banded_anti_w4,three,IDP-IDP,6,191,persistent_chain
G4_Onmem_wall,1,banded_anti_w4,three,IDP-IDP,7,125,persistent_chain
G4_Onmem_wall,1,banded_anti_w4,three,IDP-IDP,8,83,persistent_chain
G4_Onmem_wall,1,banded_anti_w4,three,IDP-IDP,9,68,persistent_chain
G4_Onmem_wall,1,banded_anti_w4,three,IDP-IDP,10,47,persistent_chain
G4_Onmem_wall,1,banded_anti_w4,three,IDP-IDP,11,29,persistent_chain
G4_Onmem_wall,1,banded_anti_w4,three,IDP-IDP,12,25,persistent_chain
G4_Onmem_wall,1,banded_anti_w4,three,IDP-IDP,13,15,persistent_chain
G4_Onmem_wall,1,banded_anti_w4,three,IDP-IDP,14,15,persistent_chain
G4_Onmem_wall,1,banded_anti_w4,three,IDP-IDP,15,2,persistent_chain
G4_Onmem_wall,1,banded_anti_w4,three,IDP-IDP,16,5,persistent_chain
G4_Onmem_wall,1,banded_anti_w4,three,IDP-IDP,17,5,persistent_chain
G4_Onmem_wall,1,banded_anti_w4,three,IDP-IDP,18,6,persistent_chain
G4_Onmem_wall,1,banded_anti_w4,three,IDP-IDP,19,7,persistent_chain
G4_Onmem_wall,1,banded_anti_w4,three,IDP-IDP,20,2,persistent_chain
G4_Onmem_wall,1,banded_anti_w4,three,IDP-IDP,21,1,persistent_chain
G4_Onmem_wall,1,banded_anti_w4,three,IDP-IDP,22,1,persistent_chain
G4_Onmem_wall,1,banded_anti_w4,three,IDP-IDP,24,1,persistent_chain
G4_Onmem_wall,1,banded_anti_w4,three,IDP-IDP,25,2,persistent_chain
G4_Onmem_wall,1,banded_anti_w4,three,IDP-IDP,26,1,persistent_chain
G4_Onmem_wall,1,banded_anti_w4,three,IDP-IDP,29,2,persistent_chain
G4_Onmem_wall,1,banded_anti_w4,three,IDP-IDP,32,1,persistent_chain
G4_Onmem_wall,1,banded_anti_w4,three,IDP-IDP,34,1,persistent_chain
G4_Onmem_wall,1,banded_anti_w4,three,IDP-IDP,52,1,persistent_chain
G4_Onmem_wall,1,banded_anti_w4,three,IDP-IDP,57,1,persistent_chain
G4_Onmem_wall,1,banded_anti_w4,three,IDP-IDP,76,1,persistent_chain
G4_Onmem_wall,1,banded_anti_w4,triplet,all,1,5892,persistent_chain
G4_Onmem_wall,1,banded_anti_w4,triplet,all,2,1608,persistent_chain
G4_Onmem_wall,1,banded_anti_w4,triplet,all,3,628,persistent_chain
G4_Onmem_wall,1,banded_anti_w4,triplet,all,4,264,persistent_chain
G4_Onmem_wall,1,banded_anti_w4,triplet,all,5,166,persistent_chain
G4_Onmem_wall,1,banded_anti_w4,triplet,all,6,89,persistent_chain
G4_Onmem_wall,1,banded_anti_w4,triplet,all,7,52,persistent_chain
G4_Onmem_wall,1,banded_anti_w4,triplet,all,8,40,persistent_chain
G4_Onmem_wall,1,banded_anti_w4,triplet,all,9,11,persistent_chain
G4_Onmem_wall,1,banded_anti_w4,triplet,all,10,12,persistent_chain
G4_Onmem_wall,1,banded_anti_w4,triplet,all,11,4,persistent_chain
G4_Onmem_wall,1,banded_anti_w4,triplet,all,12,8,persistent_chain
G4_Onmem_wall,1,banded_anti_w4,triplet,all,13,4,persistent_chain
G4_Onmem_wall,1,banded_anti_w4,triplet,all,14,4,persistent_chain
G4_Onmem_wall,1,banded_anti_w4,triplet,all,15,4,persistent_chain
G4_Onmem_wall,1,banded_anti_w4,triplet,all,16,1,persistent_chain
G4_Onmem_wall,1,banded_anti_w4,triplet,all,18,3,persistent_chain
G4_Onmem_wall,1,banded_anti_w4,triplet,all,19,1,persistent_chain
G4_Onmem_wall,1,banded_anti_w4,triplet,all,21,1,persistent_chain
G4_Onmem_wall,1,banded_anti_w4,triplet,all,22,1,persistent_chain
G4_Onmem_wall,1,banded_anti_w4,triplet,all,26,1,persistent_chain
G4_Onmem_wall,1,banded_anti_w4,triplet,all,33,1,persistent_chain
G4_Onmem_wall,1,banded_anti_w4,triplet,all,36,1,persistent_chain
G4_Onmem_wall,1,banded_anti_w4,triplet,Hel-IDP,1,442,persistent_chain
G4_Onmem_wall,1,banded_anti_w4,triplet,Hel-IDP,2,127,persistent_chain
G4_Onmem_wall,1,banded_anti_w4,triplet,Hel-IDP,3,40,persistent_chain
G4_Onmem_wall,1,banded_anti_w4,triplet,Hel-IDP,4,29,persistent_chain
G4_Onmem_wall,1,banded_anti_w4,triplet,Hel-IDP,5,18,persistent_chain
G4_Onmem_wall,1,banded_anti_w4,triplet,Hel-IDP,6,5,persistent_chain
G4_Onmem_wall,1,banded_anti_w4,triplet,Hel-IDP,7,6,persistent_chain
G4_Onmem_wall,1,banded_anti_w4,triplet,Hel-IDP,8,5,persistent_chain
G4_Onmem_wall,1,banded_anti_w4,triplet,Hel-IDP,9,1,persistent_chain
G4_Onmem_wall,1,banded_anti_w4,triplet,Hel-IDP,10,2,persistent_chain
G4_Onmem_wall,1,banded_anti_w4,triplet,Hel-IDP,11,2,persistent_chain
G4_Onmem_wall,1,banded_anti_w4,triplet,Hel-IDP,13,1,persistent_chain
G4_Onmem_wall,1,banded_anti_w4,triplet,Hel-IDP,14,1,persistent_chain
G4_Onmem_wall,1,banded_anti_w4,triplet,Hel-IDP,15,2,persistent_chain
G4_Onmem_wall,1,banded_anti_w4,triplet,Hel-IDP,21,1,persistent_chain
G4_Onmem_wall,1,banded_anti_w4,triplet,IDP-IDP,1,5450,persistent_chain
G4_Onmem_wall,1,banded_anti_w4,triplet,IDP-IDP,2,1481,persistent_chain
G4_Onmem_wall,1,banded_anti_w4,triplet,IDP-IDP,3,588,persistent_chain
G4_Onmem_wall,1,banded_anti_w4,triplet,IDP-IDP,4,235,persistent_chain
G4_Onmem_wall,1,banded_anti_w4,triplet,IDP-IDP,5,148,persistent_chain
G4_Onmem_wall,1,banded_anti_w4,triplet,IDP-IDP,6,84,persistent_chain
G4_Onmem_wall,1,banded_anti_w4,triplet,IDP-IDP,7,46,persistent_chain
G4_Onmem_wall,1,banded_anti_w4,triplet,IDP-IDP,8,35,persistent_chain
G4_Onmem_wall,1,banded_anti_w4,triplet,IDP-IDP,9,10,persistent_chain
G4_Onmem_wall,1,banded_anti_w4,triplet,IDP-IDP,10,10,persistent_chain
G4_Onmem_wall,1,banded_anti_w4,triplet,IDP-IDP,11,2,persistent_chain
G4_Onmem_wall,1,banded_anti_w4,triplet,IDP-IDP,12,8,persistent_chain
G4_Onmem_wall,1,banded_anti_w4,triplet,IDP-IDP,13,3,persistent_chain
G4_Onmem_wall,1,banded_anti_w4,triplet,IDP-IDP,14,3,persistent_chain
G4_Onmem_wall,1,banded_anti_w4,triplet,IDP-IDP,15,2,persistent_chain
G4_Onmem_wall,1,banded_anti_w4,triplet,IDP-IDP,16,1,persistent_chain
G4_Onmem_wall,1,banded_anti_w4,triplet,IDP-IDP,18,3,persistent_chain
G4_Onmem_wall,1,banded_anti_w4,triplet,IDP-IDP,19,1,persistent_chain
G4_Onmem_wall,1,banded_anti_w4,triplet,IDP-IDP,22,1,persistent_chain
G4_Onmem_wall,1,banded_anti_w4,triplet,IDP-IDP,26,1,persistent_chain
G4_Onmem_wall,1,banded_anti_w4,triplet,IDP-IDP,33,1,persistent_chain
G4_Onmem_wall,1,banded_anti_w4,triplet,IDP-IDP,36,1,persistent_chain
G4_Onmem_wall,1,banded_anti_w6,one,all,1,13131,persistent_chain
G4_Onmem_wall,1,banded_anti_w6,one,all,2,5101,persistent_chain
G4_Onmem_wall,1,banded_anti_w6,one,all,3,2631,persistent_chain
G4_Onmem_wall,1,banded_anti_w6,one,all,4,1661,persistent_chain
G4_Onmem_wall,1,banded_anti_w6,one,all,5,1106,persistent_chain
G4_Onmem_wall,1,banded_anti_w6,one,all,6,778,persistent_chain
G4_Onmem_wall,1,banded_anti_w6,one,all,7,502,persistent_chain
G4_Onmem_wall,1,banded_anti_w6,one,all,8,413,persistent_chain
G4_Onmem_wall,1,banded_anti_w6,one,all,9,318,persistent_chain
G4_Onmem_wall,1,banded_anti_w6,one,all,10,272,persistent_chain
G4_Onmem_wall,1,banded_anti_w6,one,all,11,187,persistent_chain
G4_Onmem_wall,1,banded_anti_w6,one,all,12,168,persistent_chain
G4_Onmem_wall,1,banded_anti_w6,one,all,13,139,persistent_chain
G4_Onmem_wall,1,banded_anti_w6,one,all,14,95,persistent_chain
G4_Onmem_wall,1,banded_anti_w6,one,all,15,88,persistent_chain
G4_Onmem_wall,1,banded_anti_w6,one,all,16,70,persistent_chain
G4_Onmem_wall,1,banded_anti_w6,one,all,17,54,persistent_chain
G4_Onmem_wall,1,banded_anti_w6,one,all,18,49,persistent_chain
G4_Onmem_wall,1,banded_anti_w6,one,all,19,42,persistent_chain
G4_Onmem_wall,1,banded_anti_w6,one,all,20,37,persistent_chain
G4_Onmem_wall,1,banded_anti_w6,one,all,21,36,persistent_chain
G4_Onmem_wall,1,banded_anti_w6,one,all,22,31,persistent_chain
G4_Onmem_wall,1,banded_anti_w6,one,all,23,20,persistent_chain
G4_Onmem_wall,1,banded_anti_w6,one,all,24,19,persistent_chain
G4_Onmem_wall,1,banded_anti_w6,one,all,25,16,persistent_chain
G4_Onmem_wall,1,banded_anti_w6,one,all,26,9,persistent_chain
G4_Onmem_wall,1,banded_anti_w6,one,all,27,19,persistent_chain
G4_Onmem_wall,1,banded_anti_w6,one,all,28,11,persistent_chain
G4_Onmem_wall,1,banded_anti_w6,one,all,29,8,persistent_chain
G4_Onmem_wall,1,banded_anti_w6,one,all,30,6,persistent_chain
G4_Onmem_wall,1,banded_anti_w6,one,all,31,7,persistent_chain
G4_Onmem_wall,1,banded_anti_w6,one,all,32,8,persistent_chain
G4_Onmem_wall,1,banded_anti_w6,one,all,33,10,persistent_chain
G4_Onmem_wall,1,banded_anti_w6,one,all,34,5,persistent_chain
G4_Onmem_wall,1,banded_anti_w6,one,all,35,6,persistent_chain
G4_Onmem_wall,1,banded_anti_w6,one,all,36,5,persistent_chain
G4_Onmem_wall,1,banded_anti_w6,one,all,37,3,persistent_chain
G4_Onmem_wall,1,banded_anti_w6,one,all,38,2,persistent_chain
G4_Onmem_wall,1,banded_anti_w6,one,all,39,3,persistent_chain
G4_Onmem_wall,1,banded_anti_w6,one,all,40,1,persistent_chain
G4_Onmem_wall,1,banded_anti_w6,one,all,41,3,persistent_chain
G4_Onmem_wall,1,banded_anti_w6,one,all,42,2,persistent_chain
G4_Onmem_wall,1,banded_anti_w6,one,all,43,1,persistent_chain
G4_Onmem_wall,1,banded_anti_w6,one,all,44,3,persistent_chain
G4_Onmem_wall,1,banded_anti_w6,one,all,46,2,persistent_chain
G4_Onmem_wall,1,banded_anti_w6,one,all,47,3,persistent_chain
G4_Onmem_wall,1,banded_anti_w6,one,all,48,1,persistent_chain
G4_Onmem_wall,1,banded_anti_w6,one,all,49,1,persistent_chain
G4_Onmem_wall,1,banded_anti_w6,one,all,50,2,persistent_chain
G4_Onmem_wall,1,banded_anti_w6,one,all,51,5,persistent_chain
G4_Onmem_wall,1,banded_anti_w6,one,all,54,2,persistent_chain
G4_Onmem_wall,1,banded_anti_w6,one,all,56,1,persistent_chain
G4_Onmem_wall,1,banded_anti_w6,one,all,57,1,persistent_chain
G4_Onmem_wall,1,banded_anti_w6,one,all,58,1,persistent_chain
G4_Onmem_wall,1,banded_anti_w6,one,all,59,2,persistent_chain
G4_Onmem_wall,1,banded_anti_w6,one,all,60,1,persistent_chain
G4_Onmem_wall,1,banded_anti_w6,one,all,62,1,persistent_chain
G4_Onmem_wall,1,banded_anti_w6,one,all,66,1,persistent_chain
G4_Onmem_wall,1,banded_anti_w6,one,all,67,2,persistent_chain
G4_Onmem_wall,1,banded_anti_w6,one,all,73,1,persistent_chain
G4_Onmem_wall,1,banded_anti_w6,one,all,74,2,persistent_chain
G4_Onmem_wall,1,banded_anti_w6,one,all,87,1,persistent_chain
G4_Onmem_wall,1,banded_anti_w6,one,all,96,1,persistent_chain
G4_Onmem_wall,1,banded_anti_w6,one,all,111,1,persistent_chain
G4_Onmem_wall,1,banded_anti_w6,one,Hel-IDP,1,1251,persistent_chain
G4_Onmem_wall,1,banded_anti_w6,one,Hel-IDP,2,431,persistent_chain
G4_Onmem_wall,1,banded_anti_w6,one,Hel-IDP,3,270,persistent_chain
G4_Onmem_wall,1,banded_anti_w6,one,Hel-IDP,4,167,persistent_chain
G4_Onmem_wall,1,banded_anti_w6,one,Hel-IDP,5,123,persistent_chain
G4_Onmem_wall,1,banded_anti_w6,one,Hel-IDP,6,80,persistent_chain
G4_Onmem_wall,1,banded_anti_w6,one,Hel-IDP,7,65,persistent_chain
G4_Onmem_wall,1,banded_anti_w6,one,Hel-IDP,8,70,persistent_chain
G4_Onmem_wall,1,banded_anti_w6,one,Hel-IDP,9,37,persistent_chain
G4_Onmem_wall,1,banded_anti_w6,one,Hel-IDP,10,36,persistent_chain
G4_Onmem_wall,1,banded_anti_w6,one,Hel-IDP,11,28,persistent_chain
G4_Onmem_wall,1,banded_anti_w6,one,Hel-IDP,12,27,persistent_chain
G4_Onmem_wall,1,banded_anti_w6,one,Hel-IDP,13,20,persistent_chain
G4_Onmem_wall,1,banded_anti_w6,one,Hel-IDP,14,12,persistent_chain
G4_Onmem_wall,1,banded_anti_w6,one,Hel-IDP,15,14,persistent_chain
G4_Onmem_wall,1,banded_anti_w6,one,Hel-IDP,16,13,persistent_chain
G4_Onmem_wall,1,banded_anti_w6,one,Hel-IDP,17,7,persistent_chain
G4_Onmem_wall,1,banded_anti_w6,one,Hel-IDP,18,8,persistent_chain
G4_Onmem_wall,1,banded_anti_w6,one,Hel-IDP,19,7,persistent_chain
G4_Onmem_wall,1,banded_anti_w6,one,Hel-IDP,20,10,persistent_chain
G4_Onmem_wall,1,banded_anti_w6,one,Hel-IDP,21,6,persistent_chain
G4_Onmem_wall,1,banded_anti_w6,one,Hel-IDP,22,7,persistent_chain
G4_Onmem_wall,1,banded_anti_w6,one,Hel-IDP,23,5,persistent_chain
G4_Onmem_wall,1,banded_anti_w6,one,Hel-IDP,24,5,persistent_chain
G4_Onmem_wall,1,banded_anti_w6,one,Hel-IDP,25,2,persistent_chain
G4_Onmem_wall,1,banded_anti_w6,one,Hel-IDP,26,1,persistent_chain
G4_Onmem_wall,1,banded_anti_w6,one,Hel-IDP,27,6,persistent_chain
G4_Onmem_wall,1,banded_anti_w6,one,Hel-IDP,28,2,persistent_chain
G4_Onmem_wall,1,banded_anti_w6,one,Hel-IDP,29,2,persistent_chain
G4_Onmem_wall,1,banded_anti_w6,one,Hel-IDP,30,1,persistent_chain
G4_Onmem_wall,1,banded_anti_w6,one,Hel-IDP,32,4,persistent_chain
G4_Onmem_wall,1,banded_anti_w6,one,Hel-IDP,33,2,persistent_chain
G4_Onmem_wall,1,banded_anti_w6,one,Hel-IDP,34,1,persistent_chain
G4_Onmem_wall,1,banded_anti_w6,one,Hel-IDP,41,1,persistent_chain
G4_Onmem_wall,1,banded_anti_w6,one,Hel-IDP,46,1,persistent_chain
G4_Onmem_wall,1,banded_anti_w6,one,Hel-IDP,51,1,persistent_chain
G4_Onmem_wall,1,banded_anti_w6,one,Hel-IDP,54,1,persistent_chain
G4_Onmem_wall,1,banded_anti_w6,one,Hel-IDP,57,1,persistent_chain
G4_Onmem_wall,1,banded_anti_w6,one,Hel-IDP,58,1,persistent_chain
G4_Onmem_wall,1,banded_anti_w6,one,Hel-IDP,66,1,persistent_chain
G4_Onmem_wall,1,banded_anti_w6,one,Hel-IDP,67,1,persistent_chain
G4_Onmem_wall,1,banded_anti_w6,one,Hel-IDP,111,1,persistent_chain
G4_Onmem_wall,1,banded_anti_w6,one,IDP-IDP,1,11880,persistent_chain
G4_Onmem_wall,1,banded_anti_w6,one,IDP-IDP,2,4670,persistent_chain
G4_Onmem_wall,1,banded_anti_w6,one,IDP-IDP,3,2361,persistent_chain
G4_Onmem_wall,1,banded_anti_w6,one,IDP-IDP,4,1494,persistent_chain
G4_Onmem_wall,1,banded_anti_w6,one,IDP-IDP,5,983,persistent_chain
G4_Onmem_wall,1,banded_anti_w6,one,IDP-IDP,6,698,persistent_chain
G4_Onmem_wall,1,banded_anti_w6,one,IDP-IDP,7,437,persistent_chain
G4_Onmem_wall,1,banded_anti_w6,one,IDP-IDP,8,343,persistent_chain
G4_Onmem_wall,1,banded_anti_w6,one,IDP-IDP,9,281,persistent_chain
G4_Onmem_wall,1,banded_anti_w6,one,IDP-IDP,10,236,persistent_chain
G4_Onmem_wall,1,banded_anti_w6,one,IDP-IDP,11,159,persistent_chain
G4_Onmem_wall,1,banded_anti_w6,one,IDP-IDP,12,141,persistent_chain
G4_Onmem_wall,1,banded_anti_w6,one,IDP-IDP,13,119,persistent_chain
G4_Onmem_wall,1,banded_anti_w6,one,IDP-IDP,14,83,persistent_chain
G4_Onmem_wall,1,banded_anti_w6,one,IDP-IDP,15,74,persistent_chain
G4_Onmem_wall,1,banded_anti_w6,one,IDP-IDP,16,57,persistent_chain
G4_Onmem_wall,1,banded_anti_w6,one,IDP-IDP,17,47,persistent_chain
G4_Onmem_wall,1,banded_anti_w6,one,IDP-IDP,18,41,persistent_chain
G4_Onmem_wall,1,banded_anti_w6,one,IDP-IDP,19,35,persistent_chain
G4_Onmem_wall,1,banded_anti_w6,one,IDP-IDP,20,27,persistent_chain
G4_Onmem_wall,1,banded_anti_w6,one,IDP-IDP,21,30,persistent_chain
G4_Onmem_wall,1,banded_anti_w6,one,IDP-IDP,22,24,persistent_chain
G4_Onmem_wall,1,banded_anti_w6,one,IDP-IDP,23,15,persistent_chain
G4_Onmem_wall,1,banded_anti_w6,one,IDP-IDP,24,14,persistent_chain
G4_Onmem_wall,1,banded_anti_w6,one,IDP-IDP,25,14,persistent_chain
G4_Onmem_wall,1,banded_anti_w6,one,IDP-IDP,26,8,persistent_chain
G4_Onmem_wall,1,banded_anti_w6,one,IDP-IDP,27,13,persistent_chain
G4_Onmem_wall,1,banded_anti_w6,one,IDP-IDP,28,9,persistent_chain
G4_Onmem_wall,1,banded_anti_w6,one,IDP-IDP,29,6,persistent_chain
G4_Onmem_wall,1,banded_anti_w6,one,IDP-IDP,30,5,persistent_chain
G4_Onmem_wall,1,banded_anti_w6,one,IDP-IDP,31,7,persistent_chain
G4_Onmem_wall,1,banded_anti_w6,one,IDP-IDP,32,4,persistent_chain
G4_Onmem_wall,1,banded_anti_w6,one,IDP-IDP,33,8,persistent_chain
G4_Onmem_wall,1,banded_anti_w6,one,IDP-IDP,34,4,persistent_chain
G4_Onmem_wall,1,banded_anti_w6,one,IDP-IDP,35,6,persistent_chain
G4_Onmem_wall,1,banded_anti_w6,one,IDP-IDP,36,5,persistent_chain
G4_Onmem_wall,1,banded_anti_w6,one,IDP-IDP,37,3,persistent_chain
G4_Onmem_wall,1,banded_anti_w6,one,IDP-IDP,38,2,persistent_chain
G4_Onmem_wall,1,banded_anti_w6,one,IDP-IDP,39,3,persistent_chain
G4_Onmem_wall,1,banded_anti_w6,one,IDP-IDP,40,1,persistent_chain
G4_Onmem_wall,1,banded_anti_w6,one,IDP-IDP,41,2,persistent_chain
G4_Onmem_wall,1,banded_anti_w6,one,IDP-IDP,42,2,persistent_chain
G4_Onmem_wall,1,banded_anti_w6,one,IDP-IDP,43,1,persistent_chain
G4_Onmem_wall,1,banded_anti_w6,one,IDP-IDP,44,3,persistent_chain
G4_Onmem_wall,1,banded_anti_w6,one,IDP-IDP,46,1,persistent_chain
G4_Onmem_wall,1,banded_anti_w6,one,IDP-IDP,47,3,persistent_chain
G4_Onmem_wall,1,banded_anti_w6,one,IDP-IDP,48,1,persistent_chain
G4_Onmem_wall,1,banded_anti_w6,one,IDP-IDP,49,1,persistent_chain
G4_Onmem_wall,1,banded_anti_w6,one,IDP-IDP,50,2,persistent_chain
G4_Onmem_wall,1,banded_anti_w6,one,IDP-IDP,51,4,persistent_chain
G4_Onmem_wall,1,banded_anti_w6,one,IDP-IDP,54,1,persistent_chain
G4_Onmem_wall,1,banded_anti_w6,one,IDP-IDP,56,1,persistent_chain
G4_Onmem_wall,1,banded_anti_w6,one,IDP-IDP,59,2,persistent_chain
G4_Onmem_wall,1,banded_anti_w6,one,IDP-IDP,60,1,persistent_chain
G4_Onmem_wall,1,banded_anti_w6,one,IDP-IDP,62,1,persistent_chain
G4_Onmem_wall,1,banded_anti_w6,one,IDP-IDP,67,1,persistent_chain
G4_Onmem_wall,1,banded_anti_w6,one,IDP-IDP,73,1,persistent_chain
G4_Onmem_wall,1,banded_anti_w6,one,IDP-IDP,74,2,persistent_chain
G4_Onmem_wall,1,banded_anti_w6,one,IDP-IDP,87,1,persistent_chain
G4_Onmem_wall,1,banded_anti_w6,one,IDP-IDP,96,1,persistent_chain
G4_Onmem_wall,1,banded_anti_w6,three,all,1,10352,persistent_chain
G4_Onmem_wall,1,banded_anti_w6,three,all,2,3617,persistent_chain
G4_Onmem_wall,1,banded_anti_w6,three,all,3,1839,persistent_chain
G4_Onmem_wall,1,banded_anti_w6,three,all,4,995,persistent_chain
G4_Onmem_wall,1,banded_anti_w6,three,all,5,626,persistent_chain
G4_Onmem_wall,1,banded_anti_w6,three,all,6,388,persistent_chain
G4_Onmem_wall,1,banded_anti_w6,three,all,7,270,persistent_chain
G4_Onmem_wall,1,banded_anti_w6,three,all,8,187,persistent_chain
G4_Onmem_wall,1,banded_anti_w6,three,all,9,128,persistent_chain
G4_Onmem_wall,1,banded_anti_w6,three,all,10,84,persistent_chain
G4_Onmem_wall,1,banded_anti_w6,three,all,11,66,persistent_chain
G4_Onmem_wall,1,banded_anti_w6,three,all,12,56,persistent_chain
G4_Onmem_wall,1,banded_anti_w6,three,all,13,41,persistent_chain
G4_Onmem_wall,1,banded_anti_w6,three,all,14,32,persistent_chain
G4_Onmem_wall,1,banded_anti_w6,three,all,15,24,persistent_chain
G4_Onmem_wall,1,banded_anti_w6,three,all,16,22,persistent_chain
G4_Onmem_wall,1,banded_anti_w6,three,all,17,9,persistent_chain
G4_Onmem_wall,1,banded_anti_w6,three,all,18,12,persistent_chain
G4_Onmem_wall,1,banded_anti_w6,three,all,19,11,persistent_chain
G4_Onmem_wall,1,banded_anti_w6,three,all,20,9,persistent_chain
G4_Onmem_wall,1,banded_anti_w6,three,all,21,9,persistent_chain
G4_Onmem_wall,1,banded_anti_w6,three,all,22,3,persistent_chain
G4_Onmem_wall,1,banded_anti_w6,three,all,23,7,persistent_chain
G4_Onmem_wall,1,banded_anti_w6,three,all,24,7,persistent_chain
G4_Onmem_wall,1,banded_anti_w6,three,all,25,4,persistent_chain
G4_Onmem_wall,1,banded_anti_w6,three,all,26,3,persistent_chain
G4_Onmem_wall,1,banded_anti_w6,three,all,27,1,persistent_chain
G4_Onmem_wall,1,banded_anti_w6,three,all,28,2,persistent_chain
G4_Onmem_wall,1,banded_anti_w6,three,all,29,1,persistent_chain
G4_Onmem_wall,1,banded_anti_w6,three,all,31,1,persistent_chain
G4_Onmem_wall,1,banded_anti_w6,three,all,32,3,persistent_chain
G4_Onmem_wall,1,banded_anti_w6,three,all,34,1,persistent_chain
G4_Onmem_wall,1,banded_anti_w6,three,all,37,2,persistent_chain
G4_Onmem_wall,1,banded_anti_w6,three,all,40,1,persistent_chain
G4_Onmem_wall,1,banded_anti_w6,three,all,42,1,persistent_chain
G4_Onmem_wall,1,banded_anti_w6,three,all,43,1,persistent_chain
G4_Onmem_wall,1,banded_anti_w6,three,all,44,1,persistent_chain
G4_Onmem_wall,1,banded_anti_w6,three,all,52,1,persistent_chain
G4_Onmem_wall,1,banded_anti_w6,three,all,53,1,persistent_chain
G4_Onmem_wall,1,banded_anti_w6,three,all,58,1,persistent_chain
G4_Onmem_wall,1,banded_anti_w6,three,all,71,1,persistent_chain
G4_Onmem_wall,1,banded_anti_w6,three,all,93,1,persistent_chain
G4_Onmem_wall,1,banded_anti_w6,three,Hel-IDP,1,994,persistent_chain
G4_Onmem_wall,1,banded_anti_w6,three,Hel-IDP,2,342,persistent_chain
G4_Onmem_wall,1,banded_anti_w6,three,Hel-IDP,3,212,persistent_chain
G4_Onmem_wall,1,banded_anti_w6,three,Hel-IDP,4,108,persistent_chain
G4_Onmem_wall,1,banded_anti_w6,three,Hel-IDP,5,83,persistent_chain
G4_Onmem_wall,1,banded_anti_w6,three,Hel-IDP,6,48,persistent_chain
G4_Onmem_wall,1,banded_anti_w6,three,Hel-IDP,7,40,persistent_chain
G4_Onmem_wall,1,banded_anti_w6,three,Hel-IDP,8,25,persistent_chain
G4_Onmem_wall,1,banded_anti_w6,three,Hel-IDP,9,19,persistent_chain
G4_Onmem_wall,1,banded_anti_w6,three,Hel-IDP,10,11,persistent_chain
G4_Onmem_wall,1,banded_anti_w6,three,Hel-IDP,11,17,persistent_chain
G4_Onmem_wall,1,banded_anti_w6,three,Hel-IDP,12,17,persistent_chain
G4_Onmem_wall,1,banded_anti_w6,three,Hel-IDP,13,7,persistent_chain
G4_Onmem_wall,1,banded_anti_w6,three,Hel-IDP,14,4,persistent_chain
G4_Onmem_wall,1,banded_anti_w6,three,Hel-IDP,15,6,persistent_chain
G4_Onmem_wall,1,banded_anti_w6,three,Hel-IDP,16,7,persistent_chain
G4_Onmem_wall,1,banded_anti_w6,three,Hel-IDP,17,2,persistent_chain
G4_Onmem_wall,1,banded_anti_w6,three,Hel-IDP,18,2,persistent_chain
G4_Onmem_wall,1,banded_anti_w6,three,Hel-IDP,19,5,persistent_chain
G4_Onmem_wall,1,banded_anti_w6,three,Hel-IDP,20,1,persistent_chain
G4_Onmem_wall,1,banded_anti_w6,three,Hel-IDP,22,1,persistent_chain
G4_Onmem_wall,1,banded_anti_w6,three,Hel-IDP,23,1,persistent_chain
G4_Onmem_wall,1,banded_anti_w6,three,Hel-IDP,24,1,persistent_chain
G4_Onmem_wall,1,banded_anti_w6,three,Hel-IDP,25,1,persistent_chain
G4_Onmem_wall,1,banded_anti_w6,three,Hel-IDP,28,1,persistent_chain
G4_Onmem_wall,1,banded_anti_w6,three,Hel-IDP,32,1,persistent_chain
G4_Onmem_wall,1,banded_anti_w6,three,Hel-IDP,37,1,persistent_chain
G4_Onmem_wall,1,banded_anti_w6,three,Hel-IDP,53,1,persistent_chain
G4_Onmem_wall,1,banded_anti_w6,three,Hel-IDP,58,1,persistent_chain
G4_Onmem_wall,1,banded_anti_w6,three,IDP-IDP,1,9358,persistent_chain
G4_Onmem_wall,1,banded_anti_w6,three,IDP-IDP,2,3275,persistent_chain
G4_Onmem_wall,1,banded_anti_w6,three,IDP-IDP,3,1627,persistent_chain
G4_Onmem_wall,1,banded_anti_w6,three,IDP-IDP,4,887,persistent_chain
G4_Onmem_wall,1,banded_anti_w6,three,IDP-IDP,5,543,persistent_chain
G4_Onmem_wall,1,banded_anti_w6,three,IDP-IDP,6,340,persistent_chain
G4_Onmem_wall,1,banded_anti_w6,three,IDP-IDP,7,230,persistent_chain
G4_Onmem_wall,1,banded_anti_w6,three,IDP-IDP,8,162,persistent_chain
G4_Onmem_wall,1,banded_anti_w6,three,IDP-IDP,9,109,persistent_chain
G4_Onmem_wall,1,banded_anti_w6,three,IDP-IDP,10,73,persistent_chain
G4_Onmem_wall,1,banded_anti_w6,three,IDP-IDP,11,49,persistent_chain
G4_Onmem_wall,1,banded_anti_w6,three,IDP-IDP,12,39,persistent_chain
G4_Onmem_wall,1,banded_anti_w6,three,IDP-IDP,13,34,persistent_chain
G4_Onmem_wall,1,banded_anti_w6,three,IDP-IDP,14,28,persistent_chain
G4_Onmem_wall,1,banded_anti_w6,three,IDP-IDP,15,18,persistent_chain
G4_Onmem_wall,1,banded_anti_w6,three,IDP-IDP,16,15,persistent_chain
G4_Onmem_wall,1,banded_anti_w6,three,IDP-IDP,17,7,persistent_chain
G4_Onmem_wall,1,banded_anti_w6,three,IDP-IDP,18,10,persistent_chain
G4_Onmem_wall,1,banded_anti_w6,three,IDP-IDP,19,6,persistent_chain
G4_Onmem_wall,1,banded_anti_w6,three,IDP-IDP,20,8,persistent_chain
G4_Onmem_wall,1,banded_anti_w6,three,IDP-IDP,21,9,persistent_chain
G4_Onmem_wall,1,banded_anti_w6,three,IDP-IDP,22,2,persistent_chain
G4_Onmem_wall,1,banded_anti_w6,three,IDP-IDP,23,6,persistent_chain
G4_Onmem_wall,1,banded_anti_w6,three,IDP-IDP,24,6,persistent_chain
G4_Onmem_wall,1,banded_anti_w6,three,IDP-IDP,25,3,persistent_chain
G4_Onmem_wall,1,banded_anti_w6,three,IDP-IDP,26,3,persistent_chain
G4_Onmem_wall,1,banded_anti_w6,three,IDP-IDP,27,1,persistent_chain
G4_Onmem_wall,1,banded_anti_w6,three,IDP-IDP,28,1,persistent_chain
G4_Onmem_wall,1,banded_anti_w6,three,IDP-IDP,29,1,persistent_chain
G4_Onmem_wall,1,banded_anti_w6,three,IDP-IDP,31,1,persistent_chain
G4_Onmem_wall,1,banded_anti_w6,three,IDP-IDP,32,2,persistent_chain
G4_Onmem_wall,1,banded_anti_w6,three,IDP-IDP,34,1,persistent_chain
G4_Onmem_wall,1,banded_anti_w6,three,IDP-IDP,37,1,persistent_chain
G4_Onmem_wall,1,banded_anti_w6,three,IDP-IDP,40,1,persistent_chain
G4_Onmem_wall,1,banded_anti_w6,three,IDP-IDP,42,1,persistent_chain
G4_Onmem_wall,1,banded_anti_w6,three,IDP-IDP,43,1,persistent_chain
G4_Onmem_wall,1,banded_anti_w6,three,IDP-IDP,44,1,persistent_chain
G4_Onmem_wall,1,banded_anti_w6,three,IDP-IDP,52,1,persistent_chain
G4_Onmem_wall,1,banded_anti_w6,three,IDP-IDP,71,1,persistent_chain
G4_Onmem_wall,1,banded_anti_w6,three,IDP-IDP,93,1,persistent_chain
G4_Onmem_wall,1,banded_anti_w6,triplet,all,1,7757,persistent_chain
G4_Onmem_wall,1,banded_anti_w6,triplet,all,2,2239,persistent_chain
G4_Onmem_wall,1,banded_anti_w6,triplet,all,3,942,persistent_chain
G4_Onmem_wall,1,banded_anti_w6,triplet,all,4,419,persistent_chain
G4_Onmem_wall,1,banded_anti_w6,triplet,all,5,258,persistent_chain
G4_Onmem_wall,1,banded_anti_w6,triplet,all,6,137,persistent_chain
G4_Onmem_wall,1,banded_anti_w6,triplet,all,7,91,persistent_chain
G4_Onmem_wall,1,banded_anti_w6,triplet,all,8,50,persistent_chain
G4_Onmem_wall,1,banded_anti_w6,triplet,all,9,32,persistent_chain
G4_Onmem_wall,1,banded_anti_w6,triplet,all,10,19,persistent_chain
G4_Onmem_wall,1,banded_anti_w6,triplet,all,11,9,persistent_chain
G4_Onmem_wall,1,banded_anti_w6,triplet,all,12,8,persistent_chain
G4_Onmem_wall,1,banded_anti_w6,triplet,all,13,10,persistent_chain
G4_Onmem_wall,1,banded_anti_w6,triplet,all,14,5,persistent_chain
G4_Onmem_wall,1,banded_anti_w6,triplet,all,15,6,persistent_chain
G4_Onmem_wall,1,banded_anti_w6,triplet,all,16,3,persistent_chain
G4_Onmem_wall,1,banded_anti_w6,triplet,all,17,2,persistent_chain
G4_Onmem_wall,1,banded_anti_w6,triplet,all,18,3,persistent_chain
G4_Onmem_wall,1,banded_anti_w6,triplet,all,20,1,persistent_chain
G4_Onmem_wall,1,banded_anti_w6,triplet,all,21,2,persistent_chain
G4_Onmem_wall,1,banded_anti_w6,triplet,all,22,1,persistent_chain
G4_Onmem_wall,1,banded_anti_w6,triplet,all,24,1,persistent_chain
G4_Onmem_wall,1,banded_anti_w6,triplet,all,25,1,persistent_chain
G4_Onmem_wall,1,banded_anti_w6,triplet,all,26,1,persistent_chain
G4_Onmem_wall,1,banded_anti_w6,triplet,all,31,1,persistent_chain
G4_Onmem_wall,1,banded_anti_w6,triplet,all,33,2,persistent_chain
G4_Onmem_wall,1,banded_anti_w6,triplet,all,50,1,persistent_chain
G4_Onmem_wall,1,banded_anti_w6,triplet,Hel-IDP,1,604,persistent_chain
G4_Onmem_wall,1,banded_anti_w6,triplet,Hel-IDP,2,188,persistent_chain
G4_Onmem_wall,1,banded_anti_w6,triplet,Hel-IDP,3,63,persistent_chain
G4_Onmem_wall,1,banded_anti_w6,triplet,Hel-IDP,4,43,persistent_chain
G4_Onmem_wall,1,banded_anti_w6,triplet,Hel-IDP,5,26,persistent_chain
G4_Onmem_wall,1,banded_anti_w6,triplet,Hel-IDP,6,6,persistent_chain
G4_Onmem_wall,1,banded_anti_w6,triplet,Hel-IDP,7,9,persistent_chain
G4_Onmem_wall,1,banded_anti_w6,triplet,Hel-IDP,8,4,persistent_chain
G4_Onmem_wall,1,banded_anti_w6,triplet,Hel-IDP,9,3,persistent_chain
G4_Onmem_wall,1,banded_anti_w6,triplet,Hel-IDP,10,2,persistent_chain
G4_Onmem_wall,1,banded_anti_w6,triplet,Hel-IDP,11,2,persistent_chain
G4_Onmem_wall,1,banded_anti_w6,triplet,Hel-IDP,12,1,persistent_chain
G4_Onmem_wall,1,banded_anti_w6,triplet,Hel-IDP,13,1,persistent_chain
G4_Onmem_wall,1,banded_anti_w6,triplet,Hel-IDP,14,1,persistent_chain
G4_Onmem_wall,1,banded_anti_w6,triplet,Hel-IDP,15,3,persistent_chain
G4_Onmem_wall,1,banded_anti_w6,triplet,Hel-IDP,16,1,persistent_chain
G4_Onmem_wall,1,banded_anti_w6,triplet,Hel-IDP,21,1,persistent_chain
G4_Onmem_wall,1,banded_anti_w6,triplet,Hel-IDP,25,1,persistent_chain
G4_Onmem_wall,1,banded_anti_w6,triplet,IDP-IDP,1,7153,persistent_chain
G4_Onmem_wall,1,banded_anti_w6,triplet,IDP-IDP,2,2051,persistent_chain
G4_Onmem_wall,1,banded_anti_w6,triplet,IDP-IDP,3,879,persistent_chain
G4_Onmem_wall,1,banded_anti_w6,triplet,IDP-IDP,4,376,persistent_chain
G4_Onmem_wall,1,banded_anti_w6,triplet,IDP-IDP,5,232,persistent_chain
G4_Onmem_wall,1,banded_anti_w6,triplet,IDP-IDP,6,131,persistent_chain
G4_Onmem_wall,1,banded_anti_w6,triplet,IDP-IDP,7,82,persistent_chain
G4_Onmem_wall,1,banded_anti_w6,triplet,IDP-IDP,8,46,persistent_chain
G4_Onmem_wall,1,banded_anti_w6,triplet,IDP-IDP,9,29,persistent_chain
G4_Onmem_wall,1,banded_anti_w6,triplet,IDP-IDP,10,17,persistent_chain
G4_Onmem_wall,1,banded_anti_w6,triplet,IDP-IDP,11,7,persistent_chain
G4_Onmem_wall,1,banded_anti_w6,triplet,IDP-IDP,12,7,persistent_chain
G4_Onmem_wall,1,banded_anti_w6,triplet,IDP-IDP,13,9,persistent_chain
G4_Onmem_wall,1,banded_anti_w6,triplet,IDP-IDP,14,4,persistent_chain
G4_Onmem_wall,1,banded_anti_w6,triplet,IDP-IDP,15,3,persistent_chain
G4_Onmem_wall,1,banded_anti_w6,triplet,IDP-IDP,16,2,persistent_chain
G4_Onmem_wall,1,banded_anti_w6,triplet,IDP-IDP,17,2,persistent_chain
G4_Onmem_wall,1,banded_anti_w6,triplet,IDP-IDP,18,3,persistent_chain
G4_Onmem_wall,1,banded_anti_w6,triplet,IDP-IDP,20,1,persistent_chain
G4_Onmem_wall,1,banded_anti_w6,triplet,IDP-IDP,21,1,persistent_chain
G4_Onmem_wall,1,banded_anti_w6,triplet,IDP-IDP,22,1,persistent_chain
G4_Onmem_wall,1,banded_anti_w6,triplet,IDP-IDP,24,1,persistent_chain
G4_Onmem_wall,1,banded_anti_w6,triplet,IDP-IDP,26,1,persistent_chain
G4_Onmem_wall,1,banded_anti_w6,triplet,IDP-IDP,31,1,persistent_chain
G4_Onmem_wall,1,banded_anti_w6,triplet,IDP-IDP,33,2,persistent_chain
G4_Onmem_wall,1,banded_anti_w6,triplet,IDP-IDP,50,1,persistent_chain
G4_Onmem_wall,1,banded_anti_w8,one,all,1,14380,persistent_chain
G4_Onmem_wall,1,banded_anti_w8,one,all,2,5780,persistent_chain
G4_Onmem_wall,1,banded_anti_w8,one,all,3,2963,persistent_chain
G4_Onmem_wall,1,banded_anti_w8,one,all,4,1912,persistent_chain
G4_Onmem_wall,1,banded_anti_w8,one,all,5,1295,persistent_chain
G4_Onmem_wall,1,banded_anti_w8,one,all,6,926,persistent_chain
G4_Onmem_wall,1,banded_anti_w8,one,all,7,618,persistent_chain
G4_Onmem_wall,1,banded_anti_w8,one,all,8,486,persistent_chain
G4_Onmem_wall,1,banded_anti_w8,one,all,9,365,persistent_chain
G4_Onmem_wall,1,banded_anti_w8,one,all,10,342,persistent_chain
G4_Onmem_wall,1,banded_anti_w8,one,all,11,239,persistent_chain
G4_Onmem_wall,1,banded_anti_w8,one,all,12,219,persistent_chain
G4_Onmem_wall,1,banded_anti_w8,one,all,13,148,persistent_chain
G4_Onmem_wall,1,banded_anti_w8,one,all,14,111,persistent_chain
G4_Onmem_wall,1,banded_anti_w8,one,all,15,133,persistent_chain
G4_Onmem_wall,1,banded_anti_w8,one,all,16,88,persistent_chain
G4_Onmem_wall,1,banded_anti_w8,one,all,17,81,persistent_chain
G4_Onmem_wall,1,banded_anti_w8,one,all,18,67,persistent_chain
G4_Onmem_wall,1,banded_anti_w8,one,all,19,56,persistent_chain
G4_Onmem_wall,1,banded_anti_w8,one,all,20,55,persistent_chain
G4_Onmem_wall,1,banded_anti_w8,one,all,21,40,persistent_chain
G4_Onmem_wall,1,banded_anti_w8,one,all,22,36,persistent_chain
G4_Onmem_wall,1,banded_anti_w8,one,all,23,28,persistent_chain
G4_Onmem_wall,1,banded_anti_w8,one,all,24,28,persistent_chain
G4_Onmem_wall,1,banded_anti_w8,one,all,25,33,persistent_chain
G4_Onmem_wall,1,banded_anti_w8,one,all,26,24,persistent_chain
G4_Onmem_wall,1,banded_anti_w8,one,all,27,19,persistent_chain
G4_Onmem_wall,1,banded_anti_w8,one,all,28,14,persistent_chain
G4_Onmem_wall,1,banded_anti_w8,one,all,29,19,persistent_chain
G4_Onmem_wall,1,banded_anti_w8,one,all,30,13,persistent_chain
G4_Onmem_wall,1,banded_anti_w8,one,all,31,12,persistent_chain
G4_Onmem_wall,1,banded_anti_w8,one,all,32,12,persistent_chain
G4_Onmem_wall,1,banded_anti_w8,one,all,33,16,persistent_chain
G4_Onmem_wall,1,banded_anti_w8,one,all,34,6,persistent_chain
G4_Onmem_wall,1,banded_anti_w8,one,all,35,9,persistent_chain
G4_Onmem_wall,1,banded_anti_w8,one,all,36,7,persistent_chain
G4_Onmem_wall,1,banded_anti_w8,one,all,37,7,persistent_chain
G4_Onmem_wall,1,banded_anti_w8,one,all,38,6,persistent_chain
G4_Onmem_wall,1,banded_anti_w8,one,all,39,5,persistent_chain
G4_Onmem_wall,1,banded_anti_w8,one,all,40,2,persistent_chain
G4_Onmem_wall,1,banded_anti_w8,one,all,41,4,persistent_chain
G4_Onmem_wall,1,banded_anti_w8,one,all,42,2,persistent_chain
G4_Onmem_wall,1,banded_anti_w8,one,all,43,4,persistent_chain
G4_Onmem_wall,1,banded_anti_w8,one,all,44,7,persistent_chain
G4_Onmem_wall,1,banded_anti_w8,one,all,45,3,persistent_chain
G4_Onmem_wall,1,banded_anti_w8,one,all,46,5,persistent_chain
G4_Onmem_wall,1,banded_anti_w8,one,all,47,3,persistent_chain
G4_Onmem_wall,1,banded_anti_w8,one,all,48,3,persistent_chain
G4_Onmem_wall,1,banded_anti_w8,one,all,49,1,persistent_chain
G4_Onmem_wall,1,banded_anti_w8,one,all,50,2,persistent_chain
G4_Onmem_wall,1,banded_anti_w8,one,all,51,3,persistent_chain
G4_Onmem_wall,1,banded_anti_w8,one,all,52,2,persistent_chain
G4_Onmem_wall,1,banded_anti_w8,one,all,53,2,persistent_chain
G4_Onmem_wall,1,banded_anti_w8,one,all,54,2,persistent_chain
G4_Onmem_wall,1,banded_anti_w8,one,all,58,3,persistent_chain
G4_Onmem_wall,1,banded_anti_w8,one,all,59,4,persistent_chain
G4_Onmem_wall,1,banded_anti_w8,one,all,60,1,persistent_chain
G4_Onmem_wall,1,banded_anti_w8,one,all,62,1,persistent_chain
G4_Onmem_wall,1,banded_anti_w8,one,all,63,2,persistent_chain
G4_Onmem_wall,1,banded_anti_w8,one,all,64,1,persistent_chain
G4_Onmem_wall,1,banded_anti_w8,one,all,66,1,persistent_chain
G4_Onmem_wall,1,banded_anti_w8,one,all,67,2,persistent_chain
G4_Onmem_wall,1,banded_anti_w8,one,all,68,1,persistent_chain
G4_Onmem_wall,1,banded_anti_w8,one,all,69,1,persistent_chain
G4_Onmem_wall,1,banded_anti_w8,one,all,70,1,persistent_chain
G4_Onmem_wall,1,banded_anti_w8,one,all,71,1,persistent_chain
G4_Onmem_wall,1,banded_anti_w8,one,all,74,1,persistent_chain
G4_Onmem_wall,1,banded_anti_w8,one,all,75,1,persistent_chain
G4_Onmem_wall,1,banded_anti_w8,one,all,88,1,persistent_chain
G4_Onmem_wall,1,banded_anti_w8,one,all,95,1,persistent_chain
G4_Onmem_wall,1,banded_anti_w8,one,all,96,1,persistent_chain
G4_Onmem_wall,1,banded_anti_w8,one,all,98,1,persistent_chain
G4_Onmem_wall,1,banded_anti_w8,one,all,119,2,persistent_chain
G4_Onmem_wall,1,banded_anti_w8,one,all,126,1,persistent_chain
G4_Onmem_wall,1,banded_anti_w8,one,all,128,1,persistent_chain
G4_Onmem_wall,1,banded_anti_w8,one,Hel-Hel,1,1,persistent_chain
G4_Onmem_wall,1,banded_anti_w8,one,Hel-IDP,1,1389,persistent_chain
G4_Onmem_wall,1,banded_anti_w8,one,Hel-IDP,2,522,persistent_chain
G4_Onmem_wall,1,banded_anti_w8,one,Hel-IDP,3,266,persistent_chain
G4_Onmem_wall,1,banded_anti_w8,one,Hel-IDP,4,197,persistent_chain
G4_Onmem_wall,1,banded_anti_w8,one,Hel-IDP,5,136,persistent_chain
G4_Onmem_wall,1,banded_anti_w8,one,Hel-IDP,6,81,persistent_chain
G4_Onmem_wall,1,banded_anti_w8,one,Hel-IDP,7,63,persistent_chain
G4_Onmem_wall,1,banded_anti_w8,one,Hel-IDP,8,71,persistent_chain
G4_Onmem_wall,1,banded_anti_w8,one,Hel-IDP,9,44,persistent_chain
G4_Onmem_wall,1,banded_anti_w8,one,Hel-IDP,10,52,persistent_chain
G4_Onmem_wall,1,banded_anti_w8,one,Hel-IDP,11,27,persistent_chain
G4_Onmem_wall,1,banded_anti_w8,one,Hel-IDP,12,27,persistent_chain
G4_Onmem_wall,1,banded_anti_w8,one,Hel-IDP,13,25,persistent_chain
G4_Onmem_wall,1,banded_anti_w8,one,Hel-IDP,14,14,persistent_chain
G4_Onmem_wall,1,banded_anti_w8,one,Hel-IDP,15,21,persistent_chain
G4_Onmem_wall,1,banded_anti_w8,one,Hel-IDP,16,13,persistent_chain
G4_Onmem_wall,1,banded_anti_w8,one,Hel-IDP,17,8,persistent_chain
G4_Onmem_wall,1,banded_anti_w8,one,Hel-IDP,18,10,persistent_chain
G4_Onmem_wall,1,banded_anti_w8,one,Hel-IDP,19,9,persistent_chain
G4_Onmem_wall,1,banded_anti_w8,one,Hel-IDP,20,10,persistent_chain
G4_Onmem_wall,1,banded_anti_w8,one,Hel-IDP,21,9,persistent_chain
G4_Onmem_wall,1,banded_anti_w8,one,Hel-IDP,22,10,persistent_chain
G4_Onmem_wall,1,banded_anti_w8,one,Hel-IDP,23,4,persistent_chain
G4_Onmem_wall,1,banded_anti_w8,one,Hel-IDP,24,8,persistent_chain
G4_Onmem_wall,1,banded_anti_w8,one,Hel-IDP,25,3,persistent_chain
G4_Onmem_wall,1,banded_anti_w8,one,Hel-IDP,26,5,persistent_chain
G4_Onmem_wall,1,banded_anti_w8,one,Hel-IDP,27,3,persistent_chain
G4_Onmem_wall,1,banded_anti_w8,one,Hel-IDP,28,1,persistent_chain
G4_Onmem_wall,1,banded_anti_w8,one,Hel-IDP,29,6,persistent_chain
G4_Onmem_wall,1,banded_anti_w8,one,Hel-IDP,30,2,persistent_chain
G4_Onmem_wall,1,banded_anti_w8,one,Hel-IDP,31,4,persistent_chain
G4_Onmem_wall,1,banded_anti_w8,one,Hel-IDP,32,2,persistent_chain
G4_Onmem_wall,1,banded_anti_w8,one,Hel-IDP,33,6,persistent_chain
G4_Onmem_wall,1,banded_anti_w8,one,Hel-IDP,34,1,persistent_chain
G4_Onmem_wall,1,banded_anti_w8,one,Hel-IDP,35,1,persistent_chain
G4_Onmem_wall,1,banded_anti_w8,one,Hel-IDP,37,2,persistent_chain
G4_Onmem_wall,1,banded_anti_w8,one,Hel-IDP,41,2,persistent_chain
G4_Onmem_wall,1,banded_anti_w8,one,Hel-IDP,43,1,persistent_chain
G4_Onmem_wall,1,banded_anti_w8,one,Hel-IDP,45,1,persistent_chain
G4_Onmem_wall,1,banded_anti_w8,one,Hel-IDP,46,1,persistent_chain
G4_Onmem_wall,1,banded_anti_w8,one,Hel-IDP,47,1,persistent_chain
G4_Onmem_wall,1,banded_anti_w8,one,Hel-IDP,51,1,persistent_chain
G4_Onmem_wall,1,banded_anti_w8,one,Hel-IDP,54,1,persistent_chain
G4_Onmem_wall,1,banded_anti_w8,one,Hel-IDP,58,1,persistent_chain
G4_Onmem_wall,1,banded_anti_w8,one,Hel-IDP,66,1,persistent_chain
G4_Onmem_wall,1,banded_anti_w8,one,Hel-IDP,70,1,persistent_chain
G4_Onmem_wall,1,banded_anti_w8,one,Hel-IDP,119,1,persistent_chain
G4_Onmem_wall,1,banded_anti_w8,one,Hel-IDP,126,1,persistent_chain
G4_Onmem_wall,1,banded_anti_w8,one,Hel-IDP,128,1,persistent_chain
G4_Onmem_wall,1,banded_anti_w8,one,IDP-IDP,1,12990,persistent_chain
G4_Onmem_wall,1,banded_anti_w8,one,IDP-IDP,2,5258,persistent_chain
G4_Onmem_wall,1,banded_anti_w8,one,IDP-IDP,3,2697,persistent_chain
G4_Onmem_wall,1,banded_anti_w8,one,IDP-IDP,4,1715,persistent_chain
G4_Onmem_wall,1,banded_anti_w8,one,IDP-IDP,5,1159,persistent_chain
G4_Onmem_wall,1,banded_anti_w8,one,IDP-IDP,6,845,persistent_chain
G4_Onmem_wall,1,banded_anti_w8,one,IDP-IDP,7,555,persistent_chain
G4_Onmem_wall,1,banded_anti_w8,one,IDP-IDP,8,415,persistent_chain
G4_Onmem_wall,1,banded_anti_w8,one,IDP-IDP,9,321,persistent_chain
G4_Onmem_wall,1,banded_anti_w8,one,IDP-IDP,10,290,persistent_chain
G4_Onmem_wall,1,banded_anti_w8,one,IDP-IDP,11,212,persistent_chain
G4_Onmem_wall,1,banded_anti_w8,one,IDP-IDP,12,192,persistent_chain
G4_Onmem_wall,1,banded_anti_w8,one,IDP-IDP,13,123,persistent_chain
G4_Onmem_wall,1,banded_anti_w8,one,IDP-IDP,14,97,persistent_chain
G4_Onmem_wall,1,banded_anti_w8,one,IDP-IDP,15,112,persistent_chain
G4_Onmem_wall,1,banded_anti_w8,one,IDP-IDP,16,75,persistent_chain
G4_Onmem_wall,1,banded_anti_w8,one,IDP-IDP,17,73,persistent_chain
G4_Onmem_wall,1,banded_anti_w8,one,IDP-IDP,18,57,persistent_chain
G4_Onmem_wall,1,banded_anti_w8,one,IDP-IDP,19,47,persistent_chain
G4_Onmem_wall,1,banded_anti_w8,one,IDP-IDP,20,45,persistent_chain
G4_Onmem_wall,1,banded_anti_w8,one,IDP-IDP,21,31,persistent_chain
G4_Onmem_wall,1,banded_anti_w8,one,IDP-IDP,22,26,persistent_chain
G4_Onmem_wall,1,banded_anti_w8,one,IDP-IDP,23,24,persistent_chain
G4_Onmem_wall,1,banded_anti_w8,one,IDP-IDP,24,20,persistent_chain
G4_Onmem_wall,1,banded_anti_w8,one,IDP-IDP,25,30,persistent_chain
G4_Onmem_wall,1,banded_anti_w8,one,IDP-IDP,26,19,persistent_chain
G4_Onmem_wall,1,banded_anti_w8,one,IDP-IDP,27,16,persistent_chain
G4_Onmem_wall,1,banded_anti_w8,one,IDP-IDP,28,13,persistent_chain
G4_Onmem_wall,1,banded_anti_w8,one,IDP-IDP,29,13,persistent_chain
G4_Onmem_wall,1,banded_anti_w8,one,IDP-IDP,30,11,persistent_chain
G4_Onmem_wall,1,banded_anti_w8,one,IDP-IDP,31,8,persistent_chain
G4_Onmem_wall,1,banded_anti_w8,one,IDP-IDP,32,10,persistent_chain
G4_Onmem_wall,1,banded_anti_w8,one,IDP-IDP,33,10,persistent_chain
G4_Onmem_wall,1,banded_anti_w8,one,IDP-IDP,34,5,persistent_chain
G4_Onmem_wall,1,banded_anti_w8,one,IDP-IDP,35,8,persistent_chain
G4_Onmem_wall,1,banded_anti_w8,one,IDP-IDP,36,7,persistent_chain
G4_Onmem_wall,1,banded_anti_w8,one,IDP-IDP,37,5,persistent_chain
G4_Onmem_wall,1,banded_anti_w8,one,IDP-IDP,38,6,persistent_chain
G4_Onmem_wall,1,banded_anti_w8,one,IDP-IDP,39,5,persistent_chain
G4_Onmem_wall,1,banded_anti_w8,one,IDP-IDP,40,2,persistent_chain
G4_Onmem_wall,1,banded_anti_w8,one,IDP-IDP,41,2,persistent_chain
G4_Onmem_wall,1,banded_anti_w8,one,IDP-IDP,42,2,persistent_chain
G4_Onmem_wall,1,banded_anti_w8,one,IDP-IDP,43,3,persistent_chain
G4_Onmem_wall,1,banded_anti_w8,one,IDP-IDP,44,7,persistent_chain
G4_Onmem_wall,1,banded_anti_w8,one,IDP-IDP,45,2,persistent_chain
G4_Onmem_wall,1,banded_anti_w8,one,IDP-IDP,46,4,persistent_chain
G4_Onmem_wall,1,banded_anti_w8,one,IDP-IDP,47,2,persistent_chain
G4_Onmem_wall,1,banded_anti_w8,one,IDP-IDP,48,3,persistent_chain
G4_Onmem_wall,1,banded_anti_w8,one,IDP-IDP,49,1,persistent_chain
G4_Onmem_wall,1,banded_anti_w8,one,IDP-IDP,50,2,persistent_chain
G4_Onmem_wall,1,banded_anti_w8,one,IDP-IDP,51,2,persistent_chain
G4_Onmem_wall,1,banded_anti_w8,one,IDP-IDP,52,2,persistent_chain
G4_Onmem_wall,1,banded_anti_w8,one,IDP-IDP,53,2,persistent_chain
G4_Onmem_wall,1,banded_anti_w8,one,IDP-IDP,54,1,persistent_chain
G4_Onmem_wall,1,banded_anti_w8,one,IDP-IDP,58,2,persistent_chain
G4_Onmem_wall,1,banded_anti_w8,one,IDP-IDP,59,4,persistent_chain
G4_Onmem_wall,1,banded_anti_w8,one,IDP-IDP,60,1,persistent_chain
G4_Onmem_wall,1,banded_anti_w8,one,IDP-IDP,62,1,persistent_chain
G4_Onmem_wall,1,banded_anti_w8,one,IDP-IDP,63,2,persistent_chain
G4_Onmem_wall,1,banded_anti_w8,one,IDP-IDP,64,1,persistent_chain
G4_Onmem_wall,1,banded_anti_w8,one,IDP-IDP,67,2,persistent_chain
G4_Onmem_wall,1,banded_anti_w8,one,IDP-IDP,68,1,persistent_chain
G4_Onmem_wall,1,banded_anti_w8,one,IDP-IDP,69,1,persistent_chain
G4_Onmem_wall,1,banded_anti_w8,one,IDP-IDP,71,1,persistent_chain
G4_Onmem_wall,1,banded_anti_w8,one,IDP-IDP,74,1,persistent_chain
G4_Onmem_wall,1,banded_anti_w8,one,IDP-IDP,75,1,persistent_chain
G4_Onmem_wall,1,banded_anti_w8,one,IDP-IDP,88,1,persistent_chain
G4_Onmem_wall,1,banded_anti_w8,one,IDP-IDP,95,1,persistent_chain
G4_Onmem_wall,1,banded_anti_w8,one,IDP-IDP,96,1,persistent_chain
G4_Onmem_wall,1,banded_anti_w8,one,IDP-IDP,98,1,persistent_chain
G4_Onmem_wall,1,banded_anti_w8,one,IDP-IDP,119,1,persistent_chain
G4_Onmem_wall,1,banded_anti_w8,three,all,1,11942,persistent_chain
G4_Onmem_wall,1,banded_anti_w8,three,all,2,4287,persistent_chain
G4_Onmem_wall,1,banded_anti_w8,three,all,3,2156,persistent_chain
G4_Onmem_wall,1,banded_anti_w8,three,all,4,1207,persistent_chain
G4_Onmem_wall,1,banded_anti_w8,three,all,5,820,persistent_chain
G4_Onmem_wall,1,banded_anti_w8,three,all,6,530,persistent_chain
G4_Onmem_wall,1,banded_anti_w8,three,all,7,355,persistent_chain
G4_Onmem_wall,1,banded_anti_w8,three,all,8,260,persistent_chain
G4_Onmem_wall,1,banded_anti_w8,three,all,9,191,persistent_chain
G4_Onmem_wall,1,banded_anti_w8,three,all,10,133,persistent_chain
G4_Onmem_wall,1,banded_anti_w8,three,all,11,104,persistent_chain
G4_Onmem_wall,1,banded_anti_w8,three,all,12,92,persistent_chain
G4_Onmem_wall,1,banded_anti_w8,three,all,13,57,persistent_chain
G4_Onmem_wall,1,banded_anti_w8,three,all,14,43,persistent_chain
G4_Onmem_wall,1,banded_anti_w8,three,all,15,46,persistent_chain
G4_Onmem_wall,1,banded_anti_w8,three,all,16,34,persistent_chain
G4_Onmem_wall,1,banded_anti_w8,three,all,17,23,persistent_chain
G4_Onmem_wall,1,banded_anti_w8,three,all,18,15,persistent_chain
G4_Onmem_wall,1,banded_anti_w8,three,all,19,19,persistent_chain
G4_Onmem_wall,1,banded_anti_w8,three,all,20,12,persistent_chain
G4_Onmem_wall,1,banded_anti_w8,three,all,21,9,persistent_chain
G4_Onmem_wall,1,banded_anti_w8,three,all,22,14,persistent_chain
G4_Onmem_wall,1,banded_anti_w8,three,all,23,15,persistent_chain
G4_Onmem_wall,1,banded_anti_w8,three,all,24,6,persistent_chain
G4_Onmem_wall,1,banded_anti_w8,three,all,25,9,persistent_chain
G4_Onmem_wall,1,banded_anti_w8,three,all,26,7,persistent_chain
G4_Onmem_wall,1,banded_anti_w8,three,all,27,2,persistent_chain
G4_Onmem_wall,1,banded_anti_w8,three,all,28,3,persistent_chain
G4_Onmem_wall,1,banded_anti_w8,three,all,29,1,persistent_chain
G4_Onmem_wall,1,banded_anti_w8,three,all,30,4,persistent_chain
G4_Onmem_wall,1,banded_anti_w8,three,all,31,2,persistent_chain
G4_Onmem_wall,1,banded_anti_w8,three,all,32,4,persistent_chain
G4_Onmem_wall,1,banded_anti_w8,three,all,33,1,persistent_chain
G4_Onmem_wall,1,banded_anti_w8,three,all,34,1,persistent_chain
G4_Onmem_wall,1,banded_anti_w8,three,all,35,1,persistent_chain
G4_Onmem_wall,1,banded_anti_w8,three,all,36,1,persistent_chain
G4_Onmem_wall,1,banded_anti_w8,three,all,37,3,persistent_chain
G4_Onmem_wall,1,banded_anti_w8,three,all,38,1,persistent_chain
G4_Onmem_wall,1,banded_anti_w8,three,all,39,2,persistent_chain
G4_Onmem_wall,1,banded_anti_w8,three,all,40,2,persistent_chain
G4_Onmem_wall,1,banded_anti_w8,three,all,43,2,persistent_chain
G4_Onmem_wall,1,banded_anti_w8,three,all,44,2,persistent_chain
G4_Onmem_wall,1,banded_anti_w8,three,all,52,1,persistent_chain
G4_Onmem_wall,1,banded_anti_w8,three,all,59,1,persistent_chain
G4_Onmem_wall,1,banded_anti_w8,three,all,63,1,persistent_chain
G4_Onmem_wall,1,banded_anti_w8,three,all,66,1,persistent_chain
G4_Onmem_wall,1,banded_anti_w8,three,all,79,1,persistent_chain
G4_Onmem_wall,1,banded_anti_w8,three,all,96,1,persistent_chain
G4_Onmem_wall,1,banded_anti_w8,three,Hel-IDP,1,1115,persistent_chain
G4_Onmem_wall,1,banded_anti_w8,three,Hel-IDP,2,406,persistent_chain
G4_Onmem_wall,1,banded_anti_w8,three,Hel-IDP,3,245,persistent_chain
G4_Onmem_wall,1,banded_anti_w8,three,Hel-IDP,4,125,persistent_chain
G4_Onmem_wall,1,banded_anti_w8,three,Hel-IDP,5,85,persistent_chain
G4_Onmem_wall,1,banded_anti_w8,three,Hel-IDP,6,57,persistent_chain
G4_Onmem_wall,1,banded_anti_w8,three,Hel-IDP,7,56,persistent_chain
G4_Onmem_wall,1,banded_anti_w8,three,Hel-IDP,8,39,persistent_chain
G4_Onmem_wall,1,banded_anti_w8,three,Hel-IDP,9,26,persistent_chain
G4_Onmem_wall,1,banded_anti_w8,three,Hel-IDP,10,15,persistent_chain
G4_Onmem_wall,1,banded_anti_w8,three,Hel-IDP,11,22,persistent_chain
G4_Onmem_wall,1,banded_anti_w8,three,Hel-IDP,12,23,persistent_chain
G4_Onmem_wall,1,banded_anti_w8,three,Hel-IDP,13,14,persistent_chain
G4_Onmem_wall,1,banded_anti_w8,three,Hel-IDP,14,7,persistent_chain
G4_Onmem_wall,1,banded_anti_w8,three,Hel-IDP,15,7,persistent_chain
G4_Onmem_wall,1,banded_anti_w8,three,Hel-IDP,16,8,persistent_chain
G4_Onmem_wall,1,banded_anti_w8,three,Hel-IDP,17,6,persistent_chain
G4_Onmem_wall,1,banded_anti_w8,three,Hel-IDP,18,4,persistent_chain
G4_Onmem_wall,1,banded_anti_w8,three,Hel-IDP,19,8,persistent_chain
G4_Onmem_wall,1,banded_anti_w8,three,Hel-IDP,20,2,persistent_chain
G4_Onmem_wall,1,banded_anti_w8,three,Hel-IDP,22,2,persistent_chain
G4_Onmem_wall,1,banded_anti_w8,three,Hel-IDP,23,2,persistent_chain
G4_Onmem_wall,1,banded_anti_w8,three,Hel-IDP,24,2,persistent_chain
G4_Onmem_wall,1,banded_anti_w8,three,Hel-IDP,25,2,persistent_chain
G4_Onmem_wall,1,banded_anti_w8,three,Hel-IDP,28,1,persistent_chain
G4_Onmem_wall,1,banded_anti_w8,three,Hel-IDP,30,1,persistent_chain
G4_Onmem_wall,1,banded_anti_w8,three,Hel-IDP,32,2,persistent_chain
G4_Onmem_wall,1,banded_anti_w8,three,Hel-IDP,37,1,persistent_chain
G4_Onmem_wall,1,banded_anti_w8,three,Hel-IDP,40,1,persistent_chain
G4_Onmem_wall,1,banded_anti_w8,three,Hel-IDP,59,1,persistent_chain
G4_Onmem_wall,1,banded_anti_w8,three,Hel-IDP,63,1,persistent_chain
G4_Onmem_wall,1,banded_anti_w8,three,IDP-IDP,1,10827,persistent_chain
G4_Onmem_wall,1,banded_anti_w8,three,IDP-IDP,2,3881,persistent_chain
G4_Onmem_wall,1,banded_anti_w8,three,IDP-IDP,3,1911,persistent_chain
G4_Onmem_wall,1,banded_anti_w8,three,IDP-IDP,4,1082,persistent_chain
G4_Onmem_wall,1,banded_anti_w8,three,IDP-IDP,5,735,persistent_chain
G4_Onmem_wall,1,banded_anti_w8,three,IDP-IDP,6,473,persistent_chain
G4_Onmem_wall,1,banded_anti_w8,three,IDP-IDP,7,299,persistent_chain
G4_Onmem_wall,1,banded_anti_w8,three,IDP-IDP,8,221,persistent_chain
G4_Onmem_wall,1,banded_anti_w8,three,IDP-IDP,9,165,persistent_chain
G4_Onmem_wall,1,banded_anti_w8,three,IDP-IDP,10,118,persistent_chain
G4_Onmem_wall,1,banded_anti_w8,three,IDP-IDP,11,82,persistent_chain
G4_Onmem_wall,1,banded_anti_w8,three,IDP-IDP,12,69,persistent_chain
G4_Onmem_wall,1,banded_anti_w8,three,IDP-IDP,13,43,persistent_chain
G4_Onmem_wall,1,banded_anti_w8,three,IDP-IDP,14,36,persistent_chain
G4_Onmem_wall,1,banded_anti_w8,three,IDP-IDP,15,39,persistent_chain
G4_Onmem_wall,1,banded_anti_w8,three,IDP-IDP,16,26,persistent_chain
G4_Onmem_wall,1,banded_anti_w8,three,IDP-IDP,17,17,persistent_chain
G4_Onmem_wall,1,banded_anti_w8,three,IDP-IDP,18,11,persistent_chain
G4_Onmem_wall,1,banded_anti_w8,three,IDP-IDP,19,11,persistent_chain
G4_Onmem_wall,1,banded_anti_w8,three,IDP-IDP,20,10,persistent_chain
G4_Onmem_wall,1,banded_anti_w8,three,IDP-IDP,21,9,persistent_chain
G4_Onmem_wall,1,banded_anti_w8,three,IDP-IDP,22,12,persistent_chain
G4_Onmem_wall,1,banded_anti_w8,three,IDP-IDP,23,13,persistent_chain
G4_Onmem_wall,1,banded_anti_w8,three,IDP-IDP,24,4,persistent_chain
G4_Onmem_wall,1,banded_anti_w8,three,IDP-IDP,25,7,persistent_chain
G4_Onmem_wall,1,banded_anti_w8,three,IDP-IDP,26,7,persistent_chain
G4_Onmem_wall,1,banded_anti_w8,three,IDP-IDP,27,2,persistent_chain
G4_Onmem_wall,1,banded_anti_w8,three,IDP-IDP,28,2,persistent_chain
G4_Onmem_wall,1,banded_anti_w8,three,IDP-IDP,29,1,persistent_chain
G4_Onmem_wall,1,banded_anti_w8,three,IDP-IDP,30,3,persistent_chain
G4_Onmem_wall,1,banded_anti_w8,three,IDP-IDP,31,2,persistent_chain
G4_Onmem_wall,1,banded_anti_w8,three,IDP-IDP,32,2,persistent_chain
G4_Onmem_wall,1,banded_anti_w8,three,IDP-IDP,33,1,persistent_chain
G4_Onmem_wall,1,banded_anti_w8,three,IDP-IDP,34,1,persistent_chain
G4_Onmem_wall,1,banded_anti_w8,three,IDP-IDP,35,1,persistent_chain
G4_Onmem_wall,1,banded_anti_w8,three,IDP-IDP,36,1,persistent_chain
G4_Onmem_wall,1,banded_anti_w8,three,IDP-IDP,37,2,persistent_chain
G4_Onmem_wall,1,banded_anti_w8,three,IDP-IDP,38,1,persistent_chain
G4_Onmem_wall,1,banded_anti_w8,three,IDP-IDP,39,2,persistent_chain
G4_Onmem_wall,1,banded_anti_w8,three,IDP-IDP,40,1,persistent_chain
G4_Onmem_wall,1,banded_anti_w8,three,IDP-IDP,43,2,persistent_chain
G4_Onmem_wall,1,banded_anti_w8,three,IDP-IDP,44,2,persistent_chain
G4_Onmem_wall,1,banded_anti_w8,three,IDP-IDP,52,1,persistent_chain
G4_Onmem_wall,1,banded_anti_w8,three,IDP-IDP,66,1,persistent_chain
G4_Onmem_wall,1,banded_anti_w8,three,IDP-IDP,79,1,persistent_chain
G4_Onmem_wall,1,banded_anti_w8,three,IDP-IDP,96,1,persistent_chain
G4_Onmem_wall,1,banded_anti_w8,triplet,all,1,9395,persistent_chain
G4_Onmem_wall,1,banded_anti_w8,triplet,all,2,2757,persistent_chain
G4_Onmem_wall,1,banded_anti_w8,triplet,all,3,1217,persistent_chain
G4_Onmem_wall,1,banded_anti_w8,triplet,all,4,575,persistent_chain
G4_Onmem_wall,1,banded_anti_w8,triplet,all,5,337,persistent_chain
G4_Onmem_wall,1,banded_anti_w8,triplet,all,6,189,persistent_chain
G4_Onmem_wall,1,banded_anti_w8,triplet,all,7,114,persistent_chain
G4_Onmem_wall,1,banded_anti_w8,triplet,all,8,69,persistent_chain
G4_Onmem_wall,1,banded_anti_w8,triplet,all,9,48,persistent_chain
G4_Onmem_wall,1,banded_anti_w8,triplet,all,10,32,persistent_chain
G4_Onmem_wall,1,banded_anti_w8,triplet,all,11,19,persistent_chain
G4_Onmem_wall,1,banded_anti_w8,triplet,all,12,16,persistent_chain
G4_Onmem_wall,1,banded_anti_w8,triplet,all,13,17,persistent_chain
G4_Onmem_wall,1,banded_anti_w8,triplet,all,14,5,persistent_chain
G4_Onmem_wall,1,banded_anti_w8,triplet,all,15,8,persistent_chain
G4_Onmem_wall,1,banded_anti_w8,triplet,all,16,8,persistent_chain
G4_Onmem_wall,1,banded_anti_w8,triplet,all,17,3,persistent_chain
G4_Onmem_wall,1,banded_anti_w8,triplet,all,18,5,persistent_chain
G4_Onmem_wall,1,banded_anti_w8,triplet,all,20,1,persistent_chain
G4_Onmem_wall,1,banded_anti_w8,triplet,all,21,1,persistent_chain
G4_Onmem_wall,1,banded_anti_w8,triplet,all,22,2,persistent_chain
G4_Onmem_wall,1,banded_anti_w8,triplet,all,23,1,persistent_chain
G4_Onmem_wall,1,banded_anti_w8,triplet,all,24,2,persistent_chain
G4_Onmem_wall,1,banded_anti_w8,triplet,all,26,1,persistent_chain
G4_Onmem_wall,1,banded_anti_w8,triplet,all,32,1,persistent_chain
G4_Onmem_wall,1,banded_anti_w8,triplet,all,33,1,persistent_chain
G4_Onmem_wall,1,banded_anti_w8,triplet,all,40,1,persistent_chain
G4_Onmem_wall,1,banded_anti_w8,triplet,all,42,1,persistent_chain
G4_Onmem_wall,1,banded_anti_w8,triplet,all,50,1,persistent_chain
G4_Onmem_wall,1,banded_anti_w8,triplet,Hel-IDP,1,733,persistent_chain
G4_Onmem_wall,1,banded_anti_w8,triplet,Hel-IDP,2,219,persistent_chain
G4_Onmem_wall,1,banded_anti_w8,triplet,Hel-IDP,3,88,persistent_chain
G4_Onmem_wall,1,banded_anti_w8,triplet,Hel-IDP,4,57,persistent_chain
G4_Onmem_wall,1,banded_anti_w8,triplet,Hel-IDP,5,33,persistent_chain
G4_Onmem_wall,1,banded_anti_w8,triplet,Hel-IDP,6,14,persistent_chain
G4_Onmem_wall,1,banded_anti_w8,triplet,Hel-IDP,7,12,persistent_chain
G4_Onmem_wall,1,banded_anti_w8,triplet,Hel-IDP,8,5,persistent_chain
G4_Onmem_wall,1,banded_anti_w8,triplet,Hel-IDP,9,5,persistent_chain
G4_Onmem_wall,1,banded_anti_w8,triplet,Hel-IDP,10,4,persistent_chain
G4_Onmem_wall,1,banded_anti_w8,triplet,Hel-IDP,11,5,persistent_chain
G4_Onmem_wall,1,banded_anti_w8,triplet,Hel-IDP,12,1,persistent_chain
G4_Onmem_wall,1,banded_anti_w8,triplet,Hel-IDP,13,1,persistent_chain
G4_Onmem_wall,1,banded_anti_w8,triplet,Hel-IDP,15,2,persistent_chain
G4_Onmem_wall,1,banded_anti_w8,triplet,Hel-IDP,16,2,persistent_chain
G4_Onmem_wall,1,banded_anti_w8,triplet,Hel-IDP,22,1,persistent_chain
G4_Onmem_wall,1,banded_anti_w8,triplet,Hel-IDP,40,1,persistent_chain
G4_Onmem_wall,1,banded_anti_w8,triplet,IDP-IDP,1,8662,persistent_chain
G4_Onmem_wall,1,banded_anti_w8,triplet,IDP-IDP,2,2538,persistent_chain
G4_Onmem_wall,1,banded_anti_w8,triplet,IDP-IDP,3,1129,persistent_chain
G4_Onmem_wall,1,banded_anti_w8,triplet,IDP-IDP,4,518,persistent_chain
G4_Onmem_wall,1,banded_anti_w8,triplet,IDP-IDP,5,304,persistent_chain
G4_Onmem_wall,1,banded_anti_w8,triplet,IDP-IDP,6,175,persistent_chain
G4_Onmem_wall,1,banded_anti_w8,triplet,IDP-IDP,7,102,persistent_chain
G4_Onmem_wall,1,banded_anti_w8,triplet,IDP-IDP,8,64,persistent_chain
G4_Onmem_wall,1,banded_anti_w8,triplet,IDP-IDP,9,43,persistent_chain
G4_Onmem_wall,1,banded_anti_w8,triplet,IDP-IDP,10,28,persistent_chain
G4_Onmem_wall,1,banded_anti_w8,triplet,IDP-IDP,11,14,persistent_chain
G4_Onmem_wall,1,banded_anti_w8,triplet,IDP-IDP,12,15,persistent_chain
G4_Onmem_wall,1,banded_anti_w8,triplet,IDP-IDP,13,16,persistent_chain
G4_Onmem_wall,1,banded_anti_w8,triplet,IDP-IDP,14,5,persistent_chain
G4_Onmem_wall,1,banded_anti_w8,triplet,IDP-IDP,15,6,persistent_chain
G4_Onmem_wall,1,banded_anti_w8,triplet,IDP-IDP,16,6,persistent_chain
G4_Onmem_wall,1,banded_anti_w8,triplet,IDP-IDP,17,3,persistent_chain
G4_Onmem_wall,1,banded_anti_w8,triplet,IDP-IDP,18,5,persistent_chain
G4_Onmem_wall,1,banded_anti_w8,triplet,IDP-IDP,20,1,persistent_chain
G4_Onmem_wall,1,banded_anti_w8,triplet,IDP-IDP,21,1,persistent_chain
G4_Onmem_wall,1,banded_anti_w8,triplet,IDP-IDP,22,1,persistent_chain
G4_Onmem_wall,1,banded_anti_w8,triplet,IDP-IDP,23,1,persistent_chain
G4_Onmem_wall,1,banded_anti_w8,triplet,IDP-IDP,24,2,persistent_chain
G4_Onmem_wall,1,banded_anti_w8,triplet,IDP-IDP,26,1,persistent_chain
G4_Onmem_wall,1,banded_anti_w8,triplet,IDP-IDP,32,1,persistent_chain
G4_Onmem_wall,1,banded_anti_w8,triplet,IDP-IDP,33,1,persistent_chain
G4_Onmem_wall,1,banded_anti_w8,triplet,IDP-IDP,42,1,persistent_chain
G4_Onmem_wall,1,banded_anti_w8,triplet,IDP-IDP,50,1,persistent_chain
G4_Onmem_wall,1,banded_anti_w10,one,all,1,15451,persistent_chain
G4_Onmem_wall,1,banded_anti_w10,one,all,2,6292,persistent_chain
G4_Onmem_wall,1,banded_anti_w10,one,all,3,3326,persistent_chain
G4_Onmem_wall,1,banded_anti_w10,one,all,4,2031,persistent_chain
G4_Onmem_wall,1,banded_anti_w10,one,all,5,1474,persistent_chain
G4_Onmem_wall,1,banded_anti_w10,one,all,6,1022,persistent_chain
G4_Onmem_wall,1,banded_anti_w10,one,all,7,718,persistent_chain
G4_Onmem_wall,1,banded_anti_w10,one,all,8,581,persistent_chain
G4_Onmem_wall,1,banded_anti_w10,one,all,9,406,persistent_chain
G4_Onmem_wall,1,banded_anti_w10,one,all,10,372,persistent_chain
G4_Onmem_wall,1,banded_anti_w10,one,all,11,293,persistent_chain
G4_Onmem_wall,1,banded_anti_w10,one,all,12,267,persistent_chain
G4_Onmem_wall,1,banded_anti_w10,one,all,13,190,persistent_chain
G4_Onmem_wall,1,banded_anti_w10,one,all,14,154,persistent_chain
G4_Onmem_wall,1,banded_anti_w10,one,all,15,158,persistent_chain
G4_Onmem_wall,1,banded_anti_w10,one,all,16,119,persistent_chain
G4_Onmem_wall,1,banded_anti_w10,one,all,17,93,persistent_chain
G4_Onmem_wall,1,banded_anti_w10,one,all,18,89,persistent_chain
G4_Onmem_wall,1,banded_anti_w10,one,all,19,74,persistent_chain
G4_Onmem_wall,1,banded_anti_w10,one,all,20,74,persistent_chain
G4_Onmem_wall,1,banded_anti_w10,one,all,21,50,persistent_chain
G4_Onmem_wall,1,banded_anti_w10,one,all,22,46,persistent_chain
G4_Onmem_wall,1,banded_anti_w10,one,all,23,34,persistent_chain
G4_Onmem_wall,1,banded_anti_w10,one,all,24,31,persistent_chain
G4_Onmem_wall,1,banded_anti_w10,one,all,25,38,persistent_chain
G4_Onmem_wall,1,banded_anti_w10,one,all,26,24,persistent_chain
G4_Onmem_wall,1,banded_anti_w10,one,all,27,28,persistent_chain
G4_Onmem_wall,1,banded_anti_w10,one,all,28,22,persistent_chain
G4_Onmem_wall,1,banded_anti_w10,one,all,29,18,persistent_chain
G4_Onmem_wall,1,banded_anti_w10,one,all,30,19,persistent_chain
G4_Onmem_wall,1,banded_anti_w10,one,all,31,18,persistent_chain
G4_Onmem_wall,1,banded_anti_w10,one,all,32,13,persistent_chain
G4_Onmem_wall,1,banded_anti_w10,one,all,33,20,persistent_chain
G4_Onmem_wall,1,banded_anti_w10,one,all,34,17,persistent_chain
G4_Onmem_wall,1,banded_anti_w10,one,all,35,16,persistent_chain
G4_Onmem_wall,1,banded_anti_w10,one,all,36,12,persistent_chain
G4_Onmem_wall,1,banded_anti_w10,one,all,37,8,persistent_chain
G4_Onmem_wall,1,banded_anti_w10,one,all,38,4,persistent_chain
G4_Onmem_wall,1,banded_anti_w10,one,all,39,7,persistent_chain
G4_Onmem_wall,1,banded_anti_w10,one,all,40,9,persistent_chain
G4_Onmem_wall,1,banded_anti_w10,one,all,41,7,persistent_chain
G4_Onmem_wall,1,banded_anti_w10,one,all,42,2,persistent_chain
G4_Onmem_wall,1,banded_anti_w10,one,all,43,6,persistent_chain
G4_Onmem_wall,1,banded_anti_w10,one,all,44,4,persistent_chain
G4_Onmem_wall,1,banded_anti_w10,one,all,45,3,persistent_chain
G4_Onmem_wall,1,banded_anti_w10,one,all,46,6,persistent_chain
G4_Onmem_wall,1,banded_anti_w10,one,all,47,6,persistent_chain
G4_Onmem_wall,1,banded_anti_w10,one,all,48,4,persistent_chain
G4_Onmem_wall,1,banded_anti_w10,one,all,49,1,persistent_chain
G4_Onmem_wall,1,banded_anti_w10,one,all,50,1,persistent_chain
G4_Onmem_wall,1,banded_anti_w10,one,all,51,6,persistent_chain
G4_Onmem_wall,1,banded_anti_w10,one,all,52,3,persistent_chain
G4_Onmem_wall,1,banded_anti_w10,one,all,53,1,persistent_chain
G4_Onmem_wall,1,banded_anti_w10,one,all,54,4,persistent_chain
G4_Onmem_wall,1,banded_anti_w10,one,all,56,1,persistent_chain
G4_Onmem_wall,1,banded_anti_w10,one,all,57,1,persistent_chain
G4_Onmem_wall,1,banded_anti_w10,one,all,58,2,persistent_chain
G4_Onmem_wall,1,banded_anti_w10,one,all,59,4,persistent_chain
G4_Onmem_wall,1,banded_anti_w10,one,all,60,2,persistent_chain
G4_Onmem_wall,1,banded_anti_w10,one,all,63,1,persistent_chain
G4_Onmem_wall,1,banded_anti_w10,one,all,64,2,persistent_chain
G4_Onmem_wall,1,banded_anti_w10,one,all,65,2,persistent_chain
G4_Onmem_wall,1,banded_anti_w10,one,all,66,3,persistent_chain
G4_Onmem_wall,1,banded_anti_w10,one,all,67,1,persistent_chain
G4_Onmem_wall,1,banded_anti_w10,one,all,68,1,persistent_chain
G4_Onmem_wall,1,banded_anti_w10,one,all,69,2,persistent_chain
G4_Onmem_wall,1,banded_anti_w10,one,all,70,2,persistent_chain
G4_Onmem_wall,1,banded_anti_w10,one,all,71,1,persistent_chain
G4_Onmem_wall,1,banded_anti_w10,one,all,73,1,persistent_chain
G4_Onmem_wall,1,banded_anti_w10,one,all,74,2,persistent_chain
G4_Onmem_wall,1,banded_anti_w10,one,all,75,1,persistent_chain
G4_Onmem_wall,1,banded_anti_w10,one,all,77,3,persistent_chain
G4_Onmem_wall,1,banded_anti_w10,one,all,78,1,persistent_chain
G4_Onmem_wall,1,banded_anti_w10,one,all,81,1,persistent_chain
G4_Onmem_wall,1,banded_anti_w10,one,all,88,1,persistent_chain
G4_Onmem_wall,1,banded_anti_w10,one,all,93,1,persistent_chain
G4_Onmem_wall,1,banded_anti_w10,one,all,96,1,persistent_chain
G4_Onmem_wall,1,banded_anti_w10,one,all,98,1,persistent_chain
G4_Onmem_wall,1,banded_anti_w10,one,all,103,1,persistent_chain
G4_Onmem_wall,1,banded_anti_w10,one,all,105,1,persistent_chain
G4_Onmem_wall,1,banded_anti_w10,one,all,121,1,persistent_chain
G4_Onmem_wall,1,banded_anti_w10,one,all,126,1,persistent_chain
G4_Onmem_wall,1,banded_anti_w10,one,all,128,1,persistent_chain
G4_Onmem_wall,1,banded_anti_w10,one,all,189,1,persistent_chain
G4_Onmem_wall,1,banded_anti_w10,one,all,221,1,persistent_chain
G4_Onmem_wall,1,banded_anti_w10,one,Hel-Hel,1,2,persistent_chain
G4_Onmem_wall,1,banded_anti_w10,one,Hel-Hel,2,1,persistent_chain
G4_Onmem_wall,1,banded_anti_w10,one,Hel-IDP,1,1532,persistent_chain
G4_Onmem_wall,1,banded_anti_w10,one,Hel-IDP,2,577,persistent_chain
G4_Onmem_wall,1,banded_anti_w10,one,Hel-IDP,3,315,persistent_chain
G4_Onmem_wall,1,banded_anti_w10,one,Hel-IDP,4,221,persistent_chain
G4_Onmem_wall,1,banded_anti_w10,one,Hel-IDP,5,143,persistent_chain
G4_Onmem_wall,1,banded_anti_w10,one,Hel-IDP,6,96,persistent_chain
G4_Onmem_wall,1,banded_anti_w10,one,Hel-IDP,7,76,persistent_chain
G4_Onmem_wall,1,banded_anti_w10,one,Hel-IDP,8,81,persistent_chain
G4_Onmem_wall,1,banded_anti_w10,one,Hel-IDP,9,42,persistent_chain
G4_Onmem_wall,1,banded_anti_w10,one,Hel-IDP,10,52,persistent_chain
G4_Onmem_wall,1,banded_anti_w10,one,Hel-IDP,11,35,persistent_chain
G4_Onmem_wall,1,banded_anti_w10,one,Hel-IDP,12,30,persistent_chain
G4_Onmem_wall,1,banded_anti_w10,one,Hel-IDP,13,24,persistent_chain
G4_Onmem_wall,1,banded_anti_w10,one,Hel-IDP,14,21,persistent_chain
G4_Onmem_wall,1,banded_anti_w10,one,Hel-IDP,15,21,persistent_chain
G4_Onmem_wall,1,banded_anti_w10,one,Hel-IDP,16,17,persistent_chain
G4_Onmem_wall,1,banded_anti_w10,one,Hel-IDP,17,14,persistent_chain
G4_Onmem_wall,1,banded_anti_w10,one,Hel-IDP,18,12,persistent_chain
G4_Onmem_wall,1,banded_anti_w10,one,Hel-IDP,19,12,persistent_chain
G4_Onmem_wall,1,banded_anti_w10,one,Hel-IDP,20,10,persistent_chain
G4_Onmem_wall,1,banded_anti_w10,one,Hel-IDP,21,9,persistent_chain
G4_Onmem_wall,1,banded_anti_w10,one,Hel-IDP,22,13,persistent_chain
G4_Onmem_wall,1,banded_anti_w10,one,Hel-IDP,23,5,persistent_chain
G4_Onmem_wall,1,banded_anti_w10,one,Hel-IDP,24,10,persistent_chain
G4_Onmem_wall,1,banded_anti_w10,one,Hel-IDP,25,4,persistent_chain
G4_Onmem_wall,1,banded_anti_w10,one,Hel-IDP,26,2,persistent_chain
G4_Onmem_wall,1,banded_anti_w10,one,Hel-IDP,27,5,persistent_chain
G4_Onmem_wall,1,banded_anti_w10,one,Hel-IDP,28,2,persistent_chain
G4_Onmem_wall,1,banded_anti_w10,one,Hel-IDP,29,4,persistent_chain
G4_Onmem_wall,1,banded_anti_w10,one,Hel-IDP,30,1,persistent_chain
G4_Onmem_wall,1,banded_anti_w10,one,Hel-IDP,31,7,persistent_chain
G4_Onmem_wall,1,banded_anti_w10,one,Hel-IDP,32,4,persistent_chain
G4_Onmem_wall,1,banded_anti_w10,one,Hel-IDP,33,5,persistent_chain
G4_Onmem_wall,1,banded_anti_w10,one,Hel-IDP,34,2,persistent_chain
G4_Onmem_wall,1,banded_anti_w10,one,Hel-IDP,36,1,persistent_chain
G4_Onmem_wall,1,banded_anti_w10,one,Hel-IDP,37,1,persistent_chain
G4_Onmem_wall,1,banded_anti_w10,one,Hel-IDP,39,1,persistent_chain
G4_Onmem_wall,1,banded_anti_w10,one,Hel-IDP,40,3,persistent_chain
G4_Onmem_wall,1,banded_anti_w10,one,Hel-IDP,42,2,persistent_chain
G4_Onmem_wall,1,banded_anti_w10,one,Hel-IDP,43,1,persistent_chain
G4_Onmem_wall,1,banded_anti_w10,one,Hel-IDP,45,1,persistent_chain
G4_Onmem_wall,1,banded_anti_w10,one,Hel-IDP,46,2,persistent_chain
G4_Onmem_wall,1,banded_anti_w10,one,Hel-IDP,47,1,persistent_chain
G4_Onmem_wall,1,banded_anti_w10,one,Hel-IDP,48,1,persistent_chain
G4_Onmem_wall,1,banded_anti_w10,one,Hel-IDP,49,1,persistent_chain
G4_Onmem_wall,1,banded_anti_w10,one,Hel-IDP,51,1,persistent_chain
G4_Onmem_wall,1,banded_anti_w10,one,Hel-IDP,52,1,persistent_chain
G4_Onmem_wall,1,banded_anti_w10,one,Hel-IDP,54,1,persistent_chain
G4_Onmem_wall,1,banded_anti_w10,one,Hel-IDP,58,1,persistent_chain
G4_Onmem_wall,1,banded_anti_w10,one,Hel-IDP,66,1,persistent_chain
G4_Onmem_wall,1,banded_anti_w10,one,Hel-IDP,73,1,persistent_chain
G4_Onmem_wall,1,banded_anti_w10,one,Hel-IDP,75,1,persistent_chain
G4_Onmem_wall,1,banded_anti_w10,one,Hel-IDP,78,1,persistent_chain
G4_Onmem_wall,1,banded_anti_w10,one,Hel-IDP,121,1,persistent_chain
G4_Onmem_wall,1,banded_anti_w10,one,Hel-IDP,126,1,persistent_chain
G4_Onmem_wall,1,banded_anti_w10,one,Hel-IDP,128,1,persistent_chain
G4_Onmem_wall,1,banded_anti_w10,one,IDP-IDP,1,13917,persistent_chain
G4_Onmem_wall,1,banded_anti_w10,one,IDP-IDP,2,5714,persistent_chain
G4_Onmem_wall,1,banded_anti_w10,one,IDP-IDP,3,3011,persistent_chain
G4_Onmem_wall,1,banded_anti_w10,one,IDP-IDP,4,1810,persistent_chain
G4_Onmem_wall,1,banded_anti_w10,one,IDP-IDP,5,1331,persistent_chain
G4_Onmem_wall,1,banded_anti_w10,one,IDP-IDP,6,926,persistent_chain
G4_Onmem_wall,1,banded_anti_w10,one,IDP-IDP,7,642,persistent_chain
G4_Onmem_wall,1,banded_anti_w10,one,IDP-IDP,8,500,persistent_chain
G4_Onmem_wall,1,banded_anti_w10,one,IDP-IDP,9,364,persistent_chain
G4_Onmem_wall,1,banded_anti_w10,one,IDP-IDP,10,320,persistent_chain
G4_Onmem_wall,1,banded_anti_w10,one,IDP-IDP,11,258,persistent_chain
G4_Onmem_wall,1,banded_anti_w10,one,IDP-IDP,12,237,persistent_chain
G4_Onmem_wall,1,banded_anti_w10,one,IDP-IDP,13,166,persistent_chain
G4_Onmem_wall,1,banded_anti_w10,one,IDP-IDP,14,133,persistent_chain
G4_Onmem_wall,1,banded_anti_w10,one,IDP-IDP,15,137,persistent_chain
G4_Onmem_wall,1,banded_anti_w10,one,IDP-IDP,16,102,persistent_chain
G4_Onmem_wall,1,banded_anti_w10,one,IDP-IDP,17,79,persistent_chain
G4_Onmem_wall,1,banded_anti_w10,one,IDP-IDP,18,77,persistent_chain
G4_Onmem_wall,1,banded_anti_w10,one,IDP-IDP,19,62,persistent_chain
G4_Onmem_wall,1,banded_anti_w10,one,IDP-IDP,20,64,persistent_chain
G4_Onmem_wall,1,banded_anti_w10,one,IDP-IDP,21,41,persistent_chain
G4_Onmem_wall,1,banded_anti_w10,one,IDP-IDP,22,33,persistent_chain
G4_Onmem_wall,1,banded_anti_w10,one,IDP-IDP,23,29,persistent_chain
G4_Onmem_wall,1,banded_anti_w10,one,IDP-IDP,24,21,persistent_chain
G4_Onmem_wall,1,banded_anti_w10,one,IDP-IDP,25,34,persistent_chain
G4_Onmem_wall,1,banded_anti_w10,one,IDP-IDP,26,22,persistent_chain
G4_Onmem_wall,1,banded_anti_w10,one,IDP-IDP,27,23,persistent_chain
G4_Onmem_wall,1,banded_anti_w10,one,IDP-IDP,28,20,persistent_chain
G4_Onmem_wall,1,banded_anti_w10,one,IDP-IDP,29,14,persistent_chain
G4_Onmem_wall,1,banded_anti_w10,one,IDP-IDP,30,18,persistent_chain
G4_Onmem_wall,1,banded_anti_w10,one,IDP-IDP,31,11,persistent_chain
G4_Onmem_wall,1,banded_anti_w10,one,IDP-IDP,32,9,persistent_chain
G4_Onmem_wall,1,banded_anti_w10,one,IDP-IDP,33,15,persistent_chain
G4_Onmem_wall,1,banded_anti_w10,one,IDP-IDP,34,15,persistent_chain
G4_Onmem_wall,1,banded_anti_w10,one,IDP-IDP,35,16,persistent_chain
G4_Onmem_wall,1,banded_anti_w10,one,IDP-IDP,36,11,persistent_chain
G4_Onmem_wall,1,banded_anti_w10,one,IDP-IDP,37,7,persistent_chain
G4_Onmem_wall,1,banded_anti_w10,one,IDP-IDP,38,4,persistent_chain
G4_Onmem_wall,1,banded_anti_w10,one,IDP-IDP,39,6,persistent_chain
G4_Onmem_wall,1,banded_anti_w10,one,IDP-IDP,40,6,persistent_chain
G4_Onmem_wall,1,banded_anti_w10,one,IDP-IDP,41,7,persistent_chain
G4_Onmem_wall,1,banded_anti_w10,one,IDP-IDP,43,5,persistent_chain
G4_Onmem_wall,1,banded_anti_w10,one,IDP-IDP,44,4,persistent_chain
G4_Onmem_wall,1,banded_anti_w10,one,IDP-IDP,45,2,persistent_chain
G4_Onmem_wall,1,banded_anti_w10,one,IDP-IDP,46,4,persistent_chain
G4_Onmem_wall,1,banded_anti_w10,one,IDP-IDP,47,5,persistent_chain
G4_Onmem_wall,1,banded_anti_w10,one,IDP-IDP,48,3,persistent_chain
G4_Onmem_wall,1,banded_anti_w10,one,IDP-IDP,50,1,persistent_chain
G4_Onmem_wall,1,banded_anti_w10,one,IDP-IDP,51,5,persistent_chain
G4_Onmem_wall,1,banded_anti_w10,one,IDP-IDP,52,2,persistent_chain
G4_Onmem_wall,1,banded_anti_w10,one,IDP-IDP,53,1,persistent_chain
G4_Onmem_wall,1,banded_anti_w10,one,IDP-IDP,54,3,persistent_chain
G4_Onmem_wall,1,banded_anti_w10,one,IDP-IDP,56,1,persistent_chain
G4_Onmem_wall,1,banded_anti_w10,one,IDP-IDP,57,1,persistent_chain
G4_Onmem_wall,1,banded_anti_w10,one,IDP-IDP,58,1,persistent_chain
G4_Onmem_wall,1,banded_anti_w10,one,IDP-IDP,59,4,persistent_chain
G4_Onmem_wall,1,banded_anti_w10,one,IDP-IDP,60,2,persistent_chain
G4_Onmem_wall,1,banded_anti_w10,one,IDP-IDP,63,1,persistent_chain
G4_Onmem_wall,1,banded_anti_w10,one,IDP-IDP,64,2,persistent_chain
G4_Onmem_wall,1,banded_anti_w10,one,IDP-IDP,65,2,persistent_chain
G4_Onmem_wall,1,banded_anti_w10,one,IDP-IDP,66,2,persistent_chain
G4_Onmem_wall,1,banded_anti_w10,one,IDP-IDP,67,1,persistent_chain
G4_Onmem_wall,1,banded_anti_w10,one,IDP-IDP,68,1,persistent_chain
G4_Onmem_wall,1,banded_anti_w10,one,IDP-IDP,69,2,persistent_chain
G4_Onmem_wall,1,banded_anti_w10,one,IDP-IDP,70,2,persistent_chain
G4_Onmem_wall,1,banded_anti_w10,one,IDP-IDP,71,1,persistent_chain
G4_Onmem_wall,1,banded_anti_w10,one,IDP-IDP,74,2,persistent_chain
G4_Onmem_wall,1,banded_anti_w10,one,IDP-IDP,77,3,persistent_chain
G4_Onmem_wall,1,banded_anti_w10,one,IDP-IDP,81,1,persistent_chain
G4_Onmem_wall,1,banded_anti_w10,one,IDP-IDP,88,1,persistent_chain
G4_Onmem_wall,1,banded_anti_w10,one,IDP-IDP,93,1,persistent_chain
G4_Onmem_wall,1,banded_anti_w10,one,IDP-IDP,96,1,persistent_chain
G4_Onmem_wall,1,banded_anti_w10,one,IDP-IDP,98,1,persistent_chain
G4_Onmem_wall,1,banded_anti_w10,one,IDP-IDP,103,1,persistent_chain
G4_Onmem_wall,1,banded_anti_w10,one,IDP-IDP,105,1,persistent_chain
G4_Onmem_wall,1,banded_anti_w10,one,IDP-IDP,189,1,persistent_chain
G4_Onmem_wall,1,banded_anti_w10,one,IDP-IDP,221,1,persistent_chain
G4_Onmem_wall,1,banded_anti_w10,three,all,1,13339,persistent_chain
G4_Onmem_wall,1,banded_anti_w10,three,all,2,4882,persistent_chain
G4_Onmem_wall,1,banded_anti_w10,three,all,3,2516,persistent_chain
G4_Onmem_wall,1,banded_anti_w10,three,all,4,1457,persistent_chain
G4_Onmem_wall,1,banded_anti_w10,three,all,5,958,persistent_chain
G4_Onmem_wall,1,banded_anti_w10,three,all,6,627,persistent_chain
G4_Onmem_wall,1,banded_anti_w10,three,all,7,411,persistent_chain
G4_Onmem_wall,1,banded_anti_w10,three,all,8,349,persistent_chain
G4_Onmem_wall,1,banded_anti_w10,three,all,9,251,persistent_chain
G4_Onmem_wall,1,banded_anti_w10,three,all,10,186,persistent_chain
G4_Onmem_wall,1,banded_anti_w10,three,all,11,134,persistent_chain
G4_Onmem_wall,1,banded_anti_w10,three,all,12,117,persistent_chain
G4_Onmem_wall,1,banded_anti_w10,three,all,13,74,persistent_chain
G4_Onmem_wall,1,banded_anti_w10,three,all,14,60,persistent_chain
G4_Onmem_wall,1,banded_anti_w10,three,all,15,53,persistent_chain
G4_Onmem_wall,1,banded_anti_w10,three,all,16,49,persistent_chain
G4_Onmem_wall,1,banded_anti_w10,three,all,17,37,persistent_chain
G4_Onmem_wall,1,banded_anti_w10,three,all,18,25,persistent_chain
G4_Onmem_wall,1,banded_anti_w10,three,all,19,25,persistent_chain
G4_Onmem_wall,1,banded_anti_w10,three,all,20,18,persistent_chain
G4_Onmem_wall,1,banded_anti_w10,three,all,21,12,persistent_chain
G4_Onmem_wall,1,banded_anti_w10,three,all,22,15,persistent_chain
G4_Onmem_wall,1,banded_anti_w10,three,all,23,13,persistent_chain
G4_Onmem_wall,1,banded_anti_w10,three,all,24,8,persistent_chain
G4_Onmem_wall,1,banded_anti_w10,three,all,25,21,persistent_chain
G4_Onmem_wall,1,banded_anti_w10,three,all,26,8,persistent_chain
G4_Onmem_wall,1,banded_anti_w10,three,all,27,5,persistent_chain
G4_Onmem_wall,1,banded_anti_w10,three,all,28,10,persistent_chain
G4_Onmem_wall,1,banded_anti_w10,three,all,29,4,persistent_chain
G4_Onmem_wall,1,banded_anti_w10,three,all,30,5,persistent_chain
G4_Onmem_wall,1,banded_anti_w10,three,all,31,3,persistent_chain
G4_Onmem_wall,1,banded_anti_w10,three,all,32,3,persistent_chain
G4_Onmem_wall,1,banded_anti_w10,three,all,33,2,persistent_chain
G4_Onmem_wall,1,banded_anti_w10,three,all,34,3,persistent_chain
G4_Onmem_wall,1,banded_anti_w10,three,all,35,1,persistent_chain
G4_Onmem_wall,1,banded_anti_w10,three,all,36,2,persistent_chain
G4_Onmem_wall,1,banded_anti_w10,three,all,37,3,persistent_chain
G4_Onmem_wall,1,banded_anti_w10,three,all,39,2,persistent_chain
G4_Onmem_wall,1,banded_anti_w10,three,all,40,2,persistent_chain
G4_Onmem_wall,1,banded_anti_w10,three,all,41,1,persistent_chain
G4_Onmem_wall,1,banded_anti_w10,three,all,43,2,persistent_chain
G4_Onmem_wall,1,banded_anti_w10,three,all,44,2,persistent_chain
G4_Onmem_wall,1,banded_anti_w10,three,all,45,1,persistent_chain
G4_Onmem_wall,1,banded_anti_w10,three,all,46,1,persistent_chain
G4_Onmem_wall,1,banded_anti_w10,three,all,47,1,persistent_chain
G4_Onmem_wall,1,banded_anti_w10,three,all,48,2,persistent_chain
G4_Onmem_wall,1,banded_anti_w10,three,all,49,1,persistent_chain
G4_Onmem_wall,1,banded_anti_w10,three,all,50,1,persistent_chain
G4_Onmem_wall,1,banded_anti_w10,three,all,52,1,persistent_chain
G4_Onmem_wall,1,banded_anti_w10,three,all,54,1,persistent_chain
G4_Onmem_wall,1,banded_anti_w10,three,all,60,1,persistent_chain
G4_Onmem_wall,1,banded_anti_w10,three,all,66,1,persistent_chain
G4_Onmem_wall,1,banded_anti_w10,three,all,70,1,persistent_chain
G4_Onmem_wall,1,banded_anti_w10,three,all,87,1,persistent_chain
G4_Onmem_wall,1,banded_anti_w10,three,all,96,1,persistent_chain
G4_Onmem_wall,1,banded_anti_w10,three,all,106,1,persistent_chain
G4_Onmem_wall,1,banded_anti_w10,three,Hel-IDP,1,1267,persistent_chain
G4_Onmem_wall,1,banded_anti_w10,three,Hel-IDP,2,455,persistent_chain
G4_Onmem_wall,1,banded_anti_w10,three,Hel-IDP,3,282,persistent_chain
G4_Onmem_wall,1,banded_anti_w10,three,Hel-IDP,4,147,persistent_chain
G4_Onmem_wall,1,banded_anti_w10,three,Hel-IDP,5,93,persistent_chain
G4_Onmem_wall,1,banded_anti_w10,three,Hel-IDP,6,65,persistent_chain
G4_Onmem_wall,1,banded_anti_w10,three,Hel-IDP,7,60,persistent_chain
G4_Onmem_wall,1,banded_anti_w10,three,Hel-IDP,8,45,persistent_chain
G4_Onmem_wall,1,banded_anti_w10,three,Hel-IDP,9,35,persistent_chain
G4_Onmem_wall,1,banded_anti_w10,three,Hel-IDP,10,22,persistent_chain
G4_Onmem_wall,1,banded_anti_w10,three,Hel-IDP,11,24,persistent_chain
G4_Onmem_wall,1,banded_anti_w10,three,Hel-IDP,12,23,persistent_chain
G4_Onmem_wall,1,banded_anti_w10,three,Hel-IDP,13,13,persistent_chain
G4_Onmem_wall,1,banded_anti_w10,three,Hel-IDP,14,11,persistent_chain
G4_Onmem_wall,1,banded_anti_w10,three,Hel-IDP,15,9,persistent_chain
G4_Onmem_wall,1,banded_anti_w10,three,Hel-IDP,16,13,persistent_chain
G4_Onmem_wall,1,banded_anti_w10,three,Hel-IDP,17,8,persistent_chain
G4_Onmem_wall,1,banded_anti_w10,three,Hel-IDP,18,4,persistent_chain
G4_Onmem_wall,1,banded_anti_w10,three,Hel-IDP,19,9,persistent_chain
G4_Onmem_wall,1,banded_anti_w10,three,Hel-IDP,20,4,persistent_chain
G4_Onmem_wall,1,banded_anti_w10,three,Hel-IDP,21,2,persistent_chain
G4_Onmem_wall,1,banded_anti_w10,three,Hel-IDP,22,4,persistent_chain
G4_Onmem_wall,1,banded_anti_w10,three,Hel-IDP,23,4,persistent_chain
G4_Onmem_wall,1,banded_anti_w10,three,Hel-IDP,24,1,persistent_chain
G4_Onmem_wall,1,banded_anti_w10,three,Hel-IDP,25,3,persistent_chain
G4_Onmem_wall,1,banded_anti_w10,three,Hel-IDP,27,1,persistent_chain
G4_Onmem_wall,1,banded_anti_w10,three,Hel-IDP,28,1,persistent_chain
G4_Onmem_wall,1,banded_anti_w10,three,Hel-IDP,29,2,persistent_chain
G4_Onmem_wall,1,banded_anti_w10,three,Hel-IDP,30,2,persistent_chain
G4_Onmem_wall,1,banded_anti_w10,three,Hel-IDP,32,1,persistent_chain
G4_Onmem_wall,1,banded_anti_w10,three,Hel-IDP,37,1,persistent_chain
G4_Onmem_wall,1,banded_anti_w10,three,Hel-IDP,39,1,persistent_chain
G4_Onmem_wall,1,banded_anti_w10,three,Hel-IDP,49,1,persistent_chain
G4_Onmem_wall,1,banded_anti_w10,three,Hel-IDP,54,1,persistent_chain
G4_Onmem_wall,1,banded_anti_w10,three,Hel-IDP,60,1,persistent_chain
G4_Onmem_wall,1,banded_anti_w10,three,Hel-IDP,106,1,persistent_chain
G4_Onmem_wall,1,banded_anti_w10,three,IDP-IDP,1,12072,persistent_chain
G4_Onmem_wall,1,banded_anti_w10,three,IDP-IDP,2,4427,persistent_chain
G4_Onmem_wall,1,banded_anti_w10,three,IDP-IDP,3,2234,persistent_chain
G4_Onmem_wall,1,banded_anti_w10,three,IDP-IDP,4,1310,persistent_chain
G4_Onmem_wall,1,banded_anti_w10,three,IDP-IDP,5,865,persistent_chain
G4_Onmem_wall,1,banded_anti_w10,three,IDP-IDP,6,562,persistent_chain
G4_Onmem_wall,1,banded_anti_w10,three,IDP-IDP,7,351,persistent_chain
G4_Onmem_wall,1,banded_anti_w10,three,IDP-IDP,8,304,persistent_chain
G4_Onmem_wall,1,banded_anti_w10,three,IDP-IDP,9,216,persistent_chain
G4_Onmem_wall,1,banded_anti_w10,three,IDP-IDP,10,164,persistent_chain
G4_Onmem_wall,1,banded_anti_w10,three,IDP-IDP,11,110,persistent_chain
G4_Onmem_wall,1,banded_anti_w10,three,IDP-IDP,12,94,persistent_chain
G4_Onmem_wall,1,banded_anti_w10,three,IDP-IDP,13,61,persistent_chain
G4_Onmem_wall,1,banded_anti_w10,three,IDP-IDP,14,49,persistent_chain
G4_Onmem_wall,1,banded_anti_w10,three,IDP-IDP,15,44,persistent_chain
G4_Onmem_wall,1,banded_anti_w10,three,IDP-IDP,16,36,persistent_chain
G4_Onmem_wall,1,banded_anti_w10,three,IDP-IDP,17,29,persistent_chain
G4_Onmem_wall,1,banded_anti_w10,three,IDP-IDP,18,21,persistent_chain
G4_Onmem_wall,1,banded_anti_w10,three,IDP-IDP,19,16,persistent_chain
G4_Onmem_wall,1,banded_anti_w10,three,IDP-IDP,20,14,persistent_chain
G4_Onmem_wall,1,banded_anti_w10,three,IDP-IDP,21,10,persistent_chain
G4_Onmem_wall,1,banded_anti_w10,three,IDP-IDP,22,11,persistent_chain
G4_Onmem_wall,1,banded_anti_w10,three,IDP-IDP,23,9,persistent_chain
G4_Onmem_wall,1,banded_anti_w10,three,IDP-IDP,24,7,persistent_chain
G4_Onmem_wall,1,banded_anti_w10,three,IDP-IDP,25,18,persistent_chain
G4_Onmem_wall,1,banded_anti_w10,three,IDP-IDP,26,8,persistent_chain
G4_Onmem_wall,1,banded_anti_w10,three,IDP-IDP,27,4,persistent_chain
G4_Onmem_wall,1,banded_anti_w10,three,IDP-IDP,28,9,persistent_chain
G4_Onmem_wall,1,banded_anti_w10,three,IDP-IDP,29,2,persistent_chain
G4_Onmem_wall,1,banded_anti_w10,three,IDP-IDP,30,3,persistent_chain
G4_Onmem_wall,1,banded_anti_w10,three,IDP-IDP,31,3,persistent_chain
G4_Onmem_wall,1,banded_anti_w10,three,IDP-IDP,32,2,persistent_chain
G4_Onmem_wall,1,banded_anti_w10,three,IDP-IDP,33,2,persistent_chain
G4_Onmem_wall,1,banded_anti_w10,three,IDP-IDP,34,3,persistent_chain
G4_Onmem_wall,1,banded_anti_w10,three,IDP-IDP,35,1,persistent_chain
G4_Onmem_wall,1,banded_anti_w10,three,IDP-IDP,36,2,persistent_chain
G4_Onmem_wall,1,banded_anti_w10,three,IDP-IDP,37,2,persistent_chain
G4_Onmem_wall,1,banded_anti_w10,three,IDP-IDP,39,1,persistent_chain
G4_Onmem_wall,1,banded_anti_w10,three,IDP-IDP,40,2,persistent_chain
G4_Onmem_wall,1,banded_anti_w10,three,IDP-IDP,41,1,persistent_chain
G4_Onmem_wall,1,banded_anti_w10,three,IDP-IDP,43,2,persistent_chain
G4_Onmem_wall,1,banded_anti_w10,three,IDP-IDP,44,2,persistent_chain
G4_Onmem_wall,1,banded_anti_w10,three,IDP-IDP,45,1,persistent_chain
G4_Onmem_wall,1,banded_anti_w10,three,IDP-IDP,46,1,persistent_chain
G4_Onmem_wall,1,banded_anti_w10,three,IDP-IDP,47,1,persistent_chain
G4_Onmem_wall,1,banded_anti_w10,three,IDP-IDP,48,2,persistent_chain
G4_Onmem_wall,1,banded_anti_w10,three,IDP-IDP,50,1,persistent_chain
G4_Onmem_wall,1,banded_anti_w10,three,IDP-IDP,52,1,persistent_chain
G4_Onmem_wall,1,banded_anti_w10,three,IDP-IDP,66,1,persistent_chain
G4_Onmem_wall,1,banded_anti_w10,three,IDP-IDP,70,1,persistent_chain
G4_Onmem_wall,1,banded_anti_w10,three,IDP-IDP,87,1,persistent_chain
G4_Onmem_wall,1,banded_anti_w10,three,IDP-IDP,96,1,persistent_chain
G4_Onmem_wall,1,banded_anti_w10,triplet,all,1,10877,persistent_chain
G4_Onmem_wall,1,banded_anti_w10,triplet,all,2,3341,persistent_chain
G4_Onmem_wall,1,banded_anti_w10,triplet,all,3,1444,persistent_chain
G4_Onmem_wall,1,banded_anti_w10,triplet,all,4,712,persistent_chain
G4_Onmem_wall,1,banded_anti_w10,triplet,all,5,406,persistent_chain
G4_Onmem_wall,1,banded_anti_w10,triplet,all,6,250,persistent_chain
G4_Onmem_wall,1,banded_anti_w10,triplet,all,7,148,persistent_chain
G4_Onmem_wall,1,banded_anti_w10,triplet,all,8,91,persistent_chain
G4_Onmem_wall,1,banded_anti_w10,triplet,all,9,61,persistent_chain
G4_Onmem_wall,1,banded_anti_w10,triplet,all,10,35,persistent_chain
G4_Onmem_wall,1,banded_anti_w10,triplet,all,11,26,persistent_chain
G4_Onmem_wall,1,banded_anti_w10,triplet,all,12,21,persistent_chain
G4_Onmem_wall,1,banded_anti_w10,triplet,all,13,18,persistent_chain
G4_Onmem_wall,1,banded_anti_w10,triplet,all,14,13,persistent_chain
G4_Onmem_wall,1,banded_anti_w10,triplet,all,15,9,persistent_chain
G4_Onmem_wall,1,banded_anti_w10,triplet,all,16,10,persistent_chain
G4_Onmem_wall,1,banded_anti_w10,triplet,all,17,4,persistent_chain
G4_Onmem_wall,1,banded_anti_w10,triplet,all,18,8,persistent_chain
G4_Onmem_wall,1,banded_anti_w10,triplet,all,19,1,persistent_chain
G4_Onmem_wall,1,banded_anti_w10,triplet,all,20,2,persistent_chain
G4_Onmem_wall,1,banded_anti_w10,triplet,all,21,3,persistent_chain
G4_Onmem_wall,1,banded_anti_w10,triplet,all,22,2,persistent_chain
G4_Onmem_wall,1,banded_anti_w10,triplet,all,23,2,persistent_chain
G4_Onmem_wall,1,banded_anti_w10,triplet,all,24,3,persistent_chain
G4_Onmem_wall,1,banded_anti_w10,triplet,all,26,1,persistent_chain
G4_Onmem_wall,1,banded_anti_w10,triplet,all,27,1,persistent_chain
G4_Onmem_wall,1,banded_anti_w10,triplet,all,33,1,persistent_chain
G4_Onmem_wall,1,banded_anti_w10,triplet,all,38,1,persistent_chain
G4_Onmem_wall,1,banded_anti_w10,triplet,all,40,1,persistent_chain
G4_Onmem_wall,1,banded_anti_w10,triplet,all,42,1,persistent_chain
G4_Onmem_wall,1,banded_anti_w10,triplet,all,50,1,persistent_chain
G4_Onmem_wall,1,banded_anti_w10,triplet,Hel-IDP,1,831,persistent_chain
G4_Onmem_wall,1,banded_anti_w10,triplet,Hel-IDP,2,274,persistent_chain
G4_Onmem_wall,1,banded_anti_w10,triplet,Hel-IDP,3,95,persistent_chain
G4_Onmem_wall,1,banded_anti_w10,triplet,Hel-IDP,4,67,persistent_chain
G4_Onmem_wall,1,banded_anti_w10,triplet,Hel-IDP,5,40,persistent_chain
G4_Onmem_wall,1,banded_anti_w10,triplet,Hel-IDP,6,22,persistent_chain
G4_Onmem_wall,1,banded_anti_w10,triplet,Hel-IDP,7,15,persistent_chain
G4_Onmem_wall,1,banded_anti_w10,triplet,Hel-IDP,8,7,persistent_chain
G4_Onmem_wall,1,banded_anti_w10,triplet,Hel-IDP,9,7,persistent_chain
G4_Onmem_wall,1,banded_anti_w10,triplet,Hel-IDP,10,3,persistent_chain
G4_Onmem_wall,1,banded_anti_w10,triplet,Hel-IDP,11,4,persistent_chain
G4_Onmem_wall,1,banded_anti_w10,triplet,Hel-IDP,12,3,persistent_chain
G4_Onmem_wall,1,banded_anti_w10,triplet,Hel-IDP,13,1,persistent_chain
G4_Onmem_wall,1,banded_anti_w10,triplet,Hel-IDP,14,1,persistent_chain
G4_Onmem_wall,1,banded_anti_w10,triplet,Hel-IDP,15,2,persistent_chain
G4_Onmem_wall,1,banded_anti_w10,triplet,Hel-IDP,16,2,persistent_chain
G4_Onmem_wall,1,banded_anti_w10,triplet,Hel-IDP,20,1,persistent_chain
G4_Onmem_wall,1,banded_anti_w10,triplet,Hel-IDP,24,1,persistent_chain
G4_Onmem_wall,1,banded_anti_w10,triplet,Hel-IDP,40,1,persistent_chain
G4_Onmem_wall,1,banded_anti_w10,triplet,IDP-IDP,1,10046,persistent_chain
G4_Onmem_wall,1,banded_anti_w10,triplet,IDP-IDP,2,3067,persistent_chain
G4_Onmem_wall,1,banded_anti_w10,triplet,IDP-IDP,3,1349,persistent_chain
G4_Onmem_wall,1,banded_anti_w10,triplet,IDP-IDP,4,645,persistent_chain
G4_Onmem_wall,1,banded_anti_w10,triplet,IDP-IDP,5,366,persistent_chain
G4_Onmem_wall,1,banded_anti_w10,triplet,IDP-IDP,6,228,persistent_chain
G4_Onmem_wall,1,banded_anti_w10,triplet,IDP-IDP,7,133,persistent_chain
G4_Onmem_wall,1,banded_anti_w10,triplet,IDP-IDP,8,84,persistent_chain
G4_Onmem_wall,1,banded_anti_w10,triplet,IDP-IDP,9,54,persistent_chain
G4_Onmem_wall,1,banded_anti_w10,triplet,IDP-IDP,10,32,persistent_chain
G4_Onmem_wall,1,banded_anti_w10,triplet,IDP-IDP,11,22,persistent_chain
G4_Onmem_wall,1,banded_anti_w10,triplet,IDP-IDP,12,18,persistent_chain
G4_Onmem_wall,1,banded_anti_w10,triplet,IDP-IDP,13,17,persistent_chain
G4_Onmem_wall,1,banded_anti_w10,triplet,IDP-IDP,14,12,persistent_chain
G4_Onmem_wall,1,banded_anti_w10,triplet,IDP-IDP,15,7,persistent_chain
G4_Onmem_wall,1,banded_anti_w10,triplet,IDP-IDP,16,8,persistent_chain
G4_Onmem_wall,1,banded_anti_w10,triplet,IDP-IDP,17,4,persistent_chain
G4_Onmem_wall,1,banded_anti_w10,triplet,IDP-IDP,18,8,persistent_chain
G4_Onmem_wall,1,banded_anti_w10,triplet,IDP-IDP,19,1,persistent_chain
G4_Onmem_wall,1,banded_anti_w10,triplet,IDP-IDP,20,1,persistent_chain
G4_Onmem_wall,1,banded_anti_w10,triplet,IDP-IDP,21,3,persistent_chain
G4_Onmem_wall,1,banded_anti_w10,triplet,IDP-IDP,22,2,persistent_chain
G4_Onmem_wall,1,banded_anti_w10,triplet,IDP-IDP,23,2,persistent_chain
G4_Onmem_wall,1,banded_anti_w10,triplet,IDP-IDP,24,2,persistent_chain
G4_Onmem_wall,1,banded_anti_w10,triplet,IDP-IDP,26,1,persistent_chain
G4_Onmem_wall,1,banded_anti_w10,triplet,IDP-IDP,27,1,persistent_chain
G4_Onmem_wall,1,banded_anti_w10,triplet,IDP-IDP,33,1,persistent_chain
G4_Onmem_wall,1,banded_anti_w10,triplet,IDP-IDP,38,1,persistent_chain
G4_Onmem_wall,1,banded_anti_w10,triplet,IDP-IDP,42,1,persistent_chain
G4_Onmem_wall,1,banded_anti_w10,triplet,IDP-IDP,50,1,persistent_chain
