group,replicate,variant,contact,pair_type,lifetime_frames,count,event_status
G4_Onmem_wall,3,banded_sym_w4,one,all,1,16889,persistent_chain
G4_Onmem_wall,3,banded_sym_w4,one,all,2,6381,persistent_chain
G4_Onmem_wall,3,banded_sym_w4,one,all,3,3312,persistent_chain
G4_Onmem_wall,3,banded_sym_w4,one,all,4,2034,persistent_chain
G4_Onmem_wall,3,banded_sym_w4,one,all,5,1205,persistent_chain
G4_Onmem_wall,3,banded_sym_w4,one,all,6,948,persistent_chain
G4_Onmem_wall,3,banded_sym_w4,one,all,7,634,persistent_chain
G4_Onmem_wall,3,banded_sym_w4,one,all,8,446,persistent_chain
G4_Onmem_wall,3,banded_sym_w4,one,all,9,325,persistent_chain
G4_Onmem_wall,3,banded_sym_w4,one,all,10,244,persistent_chain
G4_Onmem_wall,3,banded_sym_w4,one,all,11,202,persistent_chain
G4_Onmem_wall,3,banded_sym_w4,one,all,12,146,persistent_chain
G4_Onmem_wall,3,banded_sym_w4,one,all,13,137,persistent_chain
G4_Onmem_wall,3,banded_sym_w4,one,all,14,134,persistent_chain
G4_Onmem_wall,3,banded_sym_w4,one,all,15,114,persistent_chain
G4_Onmem_wall,3,banded_sym_w4,one,all,16,74,persistent_chain
G4_Onmem_wall,3,banded_sym_w4,one,all,17,73,persistent_chain
G4_Onmem_wall,3,banded_sym_w4,one,all,18,64,persistent_chain
G4_Onmem_wall,3,banded_sym_w4,one,all,19,30,persistent_chain
G4_Onmem_wall,3,banded_sym_w4,one,all,20,36,persistent_chain
G4_Onmem_wall,3,banded_sym_w4,one,all,21,27,persistent_chain
G4_Onmem_wall,3,banded_sym_w4,one,all,22,25,persistent_chain
G4_Onmem_wall,3,banded_sym_w4,one,all,23,20,persistent_chain
G4_Onmem_wall,3,banded_sym_w4,one,all,24,23,persistent_chain
G4_Onmem_wall,3,banded_sym_w4,one,all,25,19,persistent_chain
G4_Onmem_wall,3,banded_sym_w4,one,all,26,12,persistent_chain
G4_Onmem_wall,3,banded_sym_w4,one,all,27,23,persistent_chain
G4_Onmem_wall,3,banded_sym_w4,one,all,28,20,persistent_chain
G4_Onmem_wall,3,banded_sym_w4,one,all,29,8,persistent_chain
G4_Onmem_wall,3,banded_sym_w4,one,all,30,4,persistent_chain
G4_Onmem_wall,3,banded_sym_w4,one,all,31,8,persistent_chain
G4_Onmem_wall,3,banded_sym_w4,one,all,32,7,persistent_chain
G4_Onmem_wall,3,banded_sym_w4,one,all,33,9,persistent_chain
G4_Onmem_wall,3,banded_sym_w4,one,all,34,6,persistent_chain
G4_Onmem_wall,3,banded_sym_w4,one,all,35,3,persistent_chain
G4_Onmem_wall,3,banded_sym_w4,one,all,36,4,persistent_chain
G4_Onmem_wall,3,banded_sym_w4,one,all,37,3,persistent_chain
G4_Onmem_wall,3,banded_sym_w4,one,all,38,6,persistent_chain
G4_Onmem_wall,3,banded_sym_w4,one,all,39,3,persistent_chain
G4_Onmem_wall,3,banded_sym_w4,one,all,40,4,persistent_chain
G4_Onmem_wall,3,banded_sym_w4,one,all,41,1,persistent_chain
G4_Onmem_wall,3,banded_sym_w4,one,all,42,2,persistent_chain
G4_Onmem_wall,3,banded_sym_w4,one,all,43,2,persistent_chain
G4_Onmem_wall,3,banded_sym_w4,one,all,44,4,persistent_chain
G4_Onmem_wall,3,banded_sym_w4,one,all,45,3,persistent_chain
G4_Onmem_wall,3,banded_sym_w4,one,all,46,4,persistent_chain
G4_Onmem_wall,3,banded_sym_w4,one,all,47,1,persistent_chain
G4_Onmem_wall,3,banded_sym_w4,one,all,48,2,persistent_chain
G4_Onmem_wall,3,banded_sym_w4,one,all,49,1,persistent_chain
G4_Onmem_wall,3,banded_sym_w4,one,all,52,1,persistent_chain
G4_Onmem_wall,3,banded_sym_w4,one,all,53,1,persistent_chain
G4_Onmem_wall,3,banded_sym_w4,one,all,54,1,persistent_chain
G4_Onmem_wall,3,banded_sym_w4,one,all,55,2,persistent_chain
G4_Onmem_wall,3,banded_sym_w4,one,all,59,1,persistent_chain
G4_Onmem_wall,3,banded_sym_w4,one,all,60,1,persistent_chain
G4_Onmem_wall,3,banded_sym_w4,one,all,61,1,persistent_chain
G4_Onmem_wall,3,banded_sym_w4,one,all,64,1,persistent_chain
G4_Onmem_wall,3,banded_sym_w4,one,all,69,2,persistent_chain
G4_Onmem_wall,3,banded_sym_w4,one,all,73,2,persistent_chain
G4_Onmem_wall,3,banded_sym_w4,one,all,78,1,persistent_chain
G4_Onmem_wall,3,banded_sym_w4,one,Hel-Hel,1,22,persistent_chain
G4_Onmem_wall,3,banded_sym_w4,one,Hel-Hel,2,9,persistent_chain
G4_Onmem_wall,3,banded_sym_w4,one,Hel-Hel,3,5,persistent_chain
G4_Onmem_wall,3,banded_sym_w4,one,Hel-Hel,4,6,persistent_chain
G4_Onmem_wall,3,banded_sym_w4,one,Hel-Hel,5,5,persistent_chain
G4_Onmem_wall,3,banded_sym_w4,one,Hel-Hel,6,2,persistent_chain
G4_Onmem_wall,3,banded_sym_w4,one,Hel-Hel,7,2,persistent_chain
G4_Onmem_wall,3,banded_sym_w4,one,Hel-Hel,9,3,persistent_chain
G4_Onmem_wall,3,banded_sym_w4,one,Hel-Hel,10,1,persistent_chain
G4_Onmem_wall,3,banded_sym_w4,one,Hel-Hel,11,1,persistent_chain
G4_Onmem_wall,3,banded_sym_w4,one,Hel-Hel,12,1,persistent_chain
G4_Onmem_wall,3,banded_sym_w4,one,Hel-Hel,13,1,persistent_chain
G4_Onmem_wall,3,banded_sym_w4,one,Hel-Hel,18,1,persistent_chain
G4_Onmem_wall,3,banded_sym_w4,one,Hel-Hel,37,1,persistent_chain
G4_Onmem_wall,3,banded_sym_w4,one,Hel-Hel,40,1,persistent_chain
G4_Onmem_wall,3,banded_sym_w4,one,Hel-Hel,64,1,persistent_chain
G4_Onmem_wall,3,banded_sym_w4,one,Hel-IDP,1,1888,persistent_chain
G4_Onmem_wall,3,banded_sym_w4,one,Hel-IDP,2,676,persistent_chain
G4_Onmem_wall,3,banded_sym_w4,one,Hel-IDP,3,421,persistent_chain
G4_Onmem_wall,3,banded_sym_w4,one,Hel-IDP,4,258,persistent_chain
G4_Onmem_wall,3,banded_sym_w4,one,Hel-IDP,5,151,persistent_chain
G4_Onmem_wall,3,banded_sym_w4,one,Hel-IDP,6,150,persistent_chain
G4_Onmem_wall,3,banded_sym_w4,one,Hel-IDP,7,109,persistent_chain
G4_Onmem_wall,3,banded_sym_w4,one,Hel-IDP,8,60,persistent_chain
G4_Onmem_wall,3,banded_sym_w4,one,Hel-IDP,9,49,persistent_chain
G4_Onmem_wall,3,banded_sym_w4,one,Hel-IDP,10,36,persistent_chain
G4_Onmem_wall,3,banded_sym_w4,one,Hel-IDP,11,39,persistent_chain
G4_Onmem_wall,3,banded_sym_w4,one,Hel-IDP,12,19,persistent_chain
G4_Onmem_wall,3,banded_sym_w4,one,Hel-IDP,13,19,persistent_chain
G4_Onmem_wall,3,banded_sym_w4,one,Hel-IDP,14,32,persistent_chain
G4_Onmem_wall,3,banded_sym_w4,one,Hel-IDP,15,20,persistent_chain
G4_Onmem_wall,3,banded_sym_w4,one,Hel-IDP,16,19,persistent_chain
G4_Onmem_wall,3,banded_sym_w4,one,Hel-IDP,17,21,persistent_chain
G4_Onmem_wall,3,banded_sym_w4,one,Hel-IDP,18,7,persistent_chain
G4_Onmem_wall,3,banded_sym_w4,one,Hel-IDP,19,3,persistent_chain
G4_Onmem_wall,3,banded_sym_w4,one,Hel-IDP,20,7,persistent_chain
G4_Onmem_wall,3,banded_sym_w4,one,Hel-IDP,21,7,persistent_chain
G4_Onmem_wall,3,banded_sym_w4,one,Hel-IDP,22,7,persistent_chain
G4_Onmem_wall,3,banded_sym_w4,one,Hel-IDP,23,2,persistent_chain
G4_Onmem_wall,3,banded_sym_w4,one,Hel-IDP,24,7,persistent_chain
G4_Onmem_wall,3,banded_sym_w4,one,Hel-IDP,25,3,persistent_chain
G4_Onmem_wall,3,banded_sym_w4,one,Hel-IDP,26,1,persistent_chain
G4_Onmem_wall,3,banded_sym_w4,one,Hel-IDP,27,8,persistent_chain
G4_Onmem_wall,3,banded_sym_w4,one,Hel-IDP,28,4,persistent_chain
G4_Onmem_wall,3,banded_sym_w4,one,Hel-IDP,29,4,persistent_chain
G4_Onmem_wall,3,banded_sym_w4,one,Hel-IDP,30,2,persistent_chain
G4_Onmem_wall,3,banded_sym_w4,one,Hel-IDP,31,4,persistent_chain
G4_Onmem_wall,3,banded_sym_w4,one,Hel-IDP,32,1,persistent_chain
G4_Onmem_wall,3,banded_sym_w4,one,Hel-IDP,34,2,persistent_chain
G4_Onmem_wall,3,banded_sym_w4,one,Hel-IDP,35,1,persistent_chain
G4_Onmem_wall,3,banded_sym_w4,one,Hel-IDP,36,1,persistent_chain
G4_Onmem_wall,3,banded_sym_w4,one,Hel-IDP,37,1,persistent_chain
G4_Onmem_wall,3,banded_sym_w4,one,Hel-IDP,38,1,persistent_chain
G4_Onmem_wall,3,banded_sym_w4,one,Hel-IDP,41,1,persistent_chain
G4_Onmem_wall,3,banded_sym_w4,one,Hel-IDP,42,1,persistent_chain
G4_Onmem_wall,3,banded_sym_w4,one,Hel-IDP,43,1,persistent_chain
G4_Onmem_wall,3,banded_sym_w4,one,Hel-IDP,44,2,persistent_chain
G4_Onmem_wall,3,banded_sym_w4,one,Hel-IDP,45,1,persistent_chain
G4_Onmem_wall,3,banded_sym_w4,one,Hel-IDP,46,1,persistent_chain
G4_Onmem_wall,3,banded_sym_w4,one,Hel-IDP,47,1,persistent_chain
G4_Onmem_wall,3,banded_sym_w4,one,Hel-IDP,48,1,persistent_chain
G4_Onmem_wall,3,banded_sym_w4,one,Hel-IDP,55,1,persistent_chain
G4_Onmem_wall,3,banded_sym_w4,one,Hel-IDP,60,1,persistent_chain
G4_Onmem_wall,3,banded_sym_w4,one,Hel-IDP,69,2,persistent_chain
G4_Onmem_wall,3,banded_sym_w4,one,IDP-IDP,1,14979,persistent_chain
G4_Onmem_wall,3,banded_sym_w4,one,IDP-IDP,2,5696,persistent_chain
G4_Onmem_wall,3,banded_sym_w4,one,IDP-IDP,3,2886,persistent_chain
G4_Onmem_wall,3,banded_sym_w4,one,IDP-IDP,4,1770,persistent_chain
G4_Onmem_wall,3,banded_sym_w4,one,IDP-IDP,5,1049,persistent_chain
G4_Onmem_wall,3,banded_sym_w4,one,IDP-IDP,6,796,persistent_chain
G4_Onmem_wall,3,banded_sym_w4,one,IDP-IDP,7,523,persistent_chain
G4_Onmem_wall,3,banded_sym_w4,one,IDP-IDP,8,386,persistent_chain
G4_Onmem_wall,3,banded_sym_w4,one,IDP-IDP,9,273,persistent_chain
G4_Onmem_wall,3,banded_sym_w4,one,IDP-IDP,10,207,persistent_chain
G4_Onmem_wall,3,banded_sym_w4,one,IDP-IDP,11,162,persistent_chain
G4_Onmem_wall,3,banded_sym_w4,one,IDP-IDP,12,126,persistent_chain
G4_Onmem_wall,3,banded_sym_w4,one,IDP-IDP,13,117,persistent_chain
G4_Onmem_wall,3,banded_sym_w4,one,IDP-IDP,14,102,persistent_chain
G4_Onmem_wall,3,banded_sym_w4,one,IDP-IDP,15,94,persistent_chain
G4_Onmem_wall,3,banded_sym_w4,one,IDP-IDP,16,55,persistent_chain
G4_Onmem_wall,3,banded_sym_w4,one,IDP-IDP,17,52,persistent_chain
G4_Onmem_wall,3,banded_sym_w4,one,IDP-IDP,18,56,persistent_chain
G4_Onmem_wall,3,banded_sym_w4,one,IDP-IDP,19,27,persistent_chain
G4_Onmem_wall,3,banded_sym_w4,one,IDP-IDP,20,29,persistent_chain
G4_Onmem_wall,3,banded_sym_w4,one,IDP-IDP,21,20,persistent_chain
G4_Onmem_wall,3,banded_sym_w4,one,IDP-IDP,22,18,persistent_chain
G4_Onmem_wall,3,banded_sym_w4,one,IDP-IDP,23,18,persistent_chain
G4_Onmem_wall,3,banded_sym_w4,one,IDP-IDP,24,16,persistent_chain
G4_Onmem_wall,3,banded_sym_w4,one,IDP-IDP,25,16,persistent_chain
G4_Onmem_wall,3,banded_sym_w4,one,IDP-IDP,26,11,persistent_chain
G4_Onmem_wall,3,banded_sym_w4,one,IDP-IDP,27,15,persistent_chain
G4_Onmem_wall,3,banded_sym_w4,one,IDP-IDP,28,16,persistent_chain
G4_Onmem_wall,3,banded_sym_w4,one,IDP-IDP,29,4,persistent_chain
G4_Onmem_wall,3,banded_sym_w4,one,IDP-IDP,30,2,persistent_chain
G4_Onmem_wall,3,banded_sym_w4,one,IDP-IDP,31,4,persistent_chain
G4_Onmem_wall,3,banded_sym_w4,one,IDP-IDP,32,6,persistent_chain
G4_Onmem_wall,3,banded_sym_w4,one,IDP-IDP,33,9,persistent_chain
G4_Onmem_wall,3,banded_sym_w4,one,IDP-IDP,34,4,persistent_chain
G4_Onmem_wall,3,banded_sym_w4,one,IDP-IDP,35,2,persistent_chain
G4_Onmem_wall,3,banded_sym_w4,one,IDP-IDP,36,3,persistent_chain
G4_Onmem_wall,3,banded_sym_w4,one,IDP-IDP,37,1,persistent_chain
G4_Onmem_wall,3,banded_sym_w4,one,IDP-IDP,38,5,persistent_chain
G4_Onmem_wall,3,banded_sym_w4,one,IDP-IDP,39,3,persistent_chain
G4_Onmem_wall,3,banded_sym_w4,one,IDP-IDP,40,3,persistent_chain
G4_Onmem_wall,3,banded_sym_w4,one,IDP-IDP,42,1,persistent_chain
G4_Onmem_wall,3,banded_sym_w4,one,IDP-IDP,43,1,persistent_chain
G4_Onmem_wall,3,banded_sym_w4,one,IDP-IDP,44,2,persistent_chain
G4_Onmem_wall,3,banded_sym_w4,one,IDP-IDP,45,2,persistent_chain
G4_Onmem_wall,3,banded_sym_w4,one,IDP-IDP,46,3,persistent_chain
G4_Onmem_wall,3,banded_sym_w4,one,IDP-IDP,48,1,persistent_chain
G4_Onmem_wall,3,banded_sym_w4,one,IDP-IDP,49,1,persistent_chain
G4_Onmem_wall,3,banded_sym_w4,one,IDP-IDP,52,1,persistent_chain
G4_Onmem_wall,3,banded_sym_w4,one,IDP-IDP,53,1,persistent_chain
G4_Onmem_wall,3,banded_sym_w4,one,IDP-IDP,54,1,persistent_chain
G4_Onmem_wall,3,banded_sym_w4,one,IDP-IDP,55,1,persistent_chain
G4_Onmem_wall,3,banded_sym_w4,one,IDP-IDP,59,1,persistent_chain
G4_Onmem_wall,3,banded_sym_w4,one,IDP-IDP,61,1,persistent_chain
G4_Onmem_wall,3,banded_sym_w4,one,IDP-IDP,73,2,persistent_chain
G4_Onmem_wall,3,banded_sym_w4,one,IDP-IDP,78,1,persistent_chain
G4_Onmem_wall,3,banded_sym_w4,three,all,1,11997,persistent_chain
G4_Onmem_wall,3,banded_sym_w4,three,all,2,4022,persistent_chain
G4_Onmem_wall,3,banded_sym_w4,three,all,3,1914,persistent_chain
G4_Onmem_wall,3,banded_sym_w4,three,all,4,993,persistent_chain
G4_Onmem_wall,3,banded_sym_w4,three,all,5,607,persistent_chain
G4_Onmem_wall,3,banded_sym_w4,three,all,6,359,persistent_chain
G4_Onmem_wall,3,banded_sym_w4,three,all,7,286,persistent_chain
G4_Onmem_wall,3,banded_sym_w4,three,all,8,151,persistent_chain
G4_Onmem_wall,3,banded_sym_w4,three,all,9,154,persistent_chain
G4_Onmem_wall,3,banded_sym_w4,three,all,10,97,persistent_chain
G4_Onmem_wall,3,banded_sym_w4,three,all,11,65,persistent_chain
G4_Onmem_wall,3,banded_sym_w4,three,all,12,59,persistent_chain
G4_Onmem_wall,3,banded_sym_w4,three,all,13,27,persistent_chain
G4_Onmem_wall,3,banded_sym_w4,three,all,14,26,persistent_chain
G4_Onmem_wall,3,banded_sym_w4,three,all,15,25,persistent_chain
G4_Onmem_wall,3,banded_sym_w4,three,all,16,14,persistent_chain
G4_Onmem_wall,3,banded_sym_w4,three,all,17,22,persistent_chain
G4_Onmem_wall,3,banded_sym_w4,three,all,18,16,persistent_chain
G4_Onmem_wall,3,banded_sym_w4,three,all,19,6,persistent_chain
G4_Onmem_wall,3,banded_sym_w4,three,all,20,7,persistent_chain
G4_Onmem_wall,3,banded_sym_w4,three,all,21,9,persistent_chain
G4_Onmem_wall,3,banded_sym_w4,three,all,22,4,persistent_chain
G4_Onmem_wall,3,banded_sym_w4,three,all,23,8,persistent_chain
G4_Onmem_wall,3,banded_sym_w4,three,all,24,3,persistent_chain
G4_Onmem_wall,3,banded_sym_w4,three,all,25,2,persistent_chain
G4_Onmem_wall,3,banded_sym_w4,three,all,26,4,persistent_chain
G4_Onmem_wall,3,banded_sym_w4,three,all,27,1,persistent_chain
G4_Onmem_wall,3,banded_sym_w4,three,all,28,1,persistent_chain
G4_Onmem_wall,3,banded_sym_w4,three,all,29,2,persistent_chain
G4_Onmem_wall,3,banded_sym_w4,three,all,30,2,persistent_chain
G4_Onmem_wall,3,banded_sym_w4,three,all,31,4,persistent_chain
G4_Onmem_wall,3,banded_sym_w4,three,all,32,2,persistent_chain
G4_Onmem_wall,3,banded_sym_w4,three,all,33,2,persistent_chain
G4_Onmem_wall,3,banded_sym_w4,three,all,34,1,persistent_chain
G4_Onmem_wall,3,banded_sym_w4,three,all,36,1,persistent_chain
G4_Onmem_wall,3,banded_sym_w4,three,all,37,2,persistent_chain
G4_Onmem_wall,3,banded_sym_w4,three,all,40,1,persistent_chain
G4_Onmem_wall,3,banded_sym_w4,three,all,42,1,persistent_chain
G4_Onmem_wall,3,banded_sym_w4,three,all,43,1,persistent_chain
G4_Onmem_wall,3,banded_sym_w4,three,all,47,1,persistent_chain
G4_Onmem_wall,3,banded_sym_w4,three,Hel-Hel,1,17,persistent_chain
G4_Onmem_wall,3,banded_sym_w4,three,Hel-Hel,2,2,persistent_chain
G4_Onmem_wall,3,banded_sym_w4,three,Hel-Hel,3,3,persistent_chain
G4_Onmem_wall,3,banded_sym_w4,three,Hel-Hel,4,1,persistent_chain
G4_Onmem_wall,3,banded_sym_w4,three,Hel-Hel,5,2,persistent_chain
G4_Onmem_wall,3,banded_sym_w4,three,Hel-Hel,6,1,persistent_chain
G4_Onmem_wall,3,banded_sym_w4,three,Hel-Hel,20,1,persistent_chain
G4_Onmem_wall,3,banded_sym_w4,three,Hel-Hel,22,1,persistent_chain
G4_Onmem_wall,3,banded_sym_w4,three,Hel-Hel,34,1,persistent_chain
G4_Onmem_wall,3,banded_sym_w4,three,Hel-Hel,37,1,persistent_chain
G4_Onmem_wall,3,banded_sym_w4,three,Hel-IDP,1,1342,persistent_chain
G4_Onmem_wall,3,banded_sym_w4,three,Hel-IDP,2,507,persistent_chain
G4_Onmem_wall,3,banded_sym_w4,three,Hel-IDP,3,224,persistent_chain
G4_Onmem_wall,3,banded_sym_w4,three,Hel-IDP,4,143,persistent_chain
G4_Onmem_wall,3,banded_sym_w4,three,Hel-IDP,5,80,persistent_chain
G4_Onmem_wall,3,banded_sym_w4,three,Hel-IDP,6,64,persistent_chain
G4_Onmem_wall,3,banded_sym_w4,three,Hel-IDP,7,50,persistent_chain
G4_Onmem_wall,3,banded_sym_w4,three,Hel-IDP,8,18,persistent_chain
G4_Onmem_wall,3,banded_sym_w4,three,Hel-IDP,9,30,persistent_chain
G4_Onmem_wall,3,banded_sym_w4,three,Hel-IDP,10,11,persistent_chain
G4_Onmem_wall,3,banded_sym_w4,three,Hel-IDP,11,13,persistent_chain
G4_Onmem_wall,3,banded_sym_w4,three,Hel-IDP,12,15,persistent_chain
G4_Onmem_wall,3,banded_sym_w4,three,Hel-IDP,13,2,persistent_chain
G4_Onmem_wall,3,banded_sym_w4,three,Hel-IDP,14,7,persistent_chain
G4_Onmem_wall,3,banded_sym_w4,three,Hel-IDP,15,6,persistent_chain
G4_Onmem_wall,3,banded_sym_w4,three,Hel-IDP,16,5,persistent_chain
G4_Onmem_wall,3,banded_sym_w4,three,Hel-IDP,17,7,persistent_chain
G4_Onmem_wall,3,banded_sym_w4,three,Hel-IDP,18,3,persistent_chain
G4_Onmem_wall,3,banded_sym_w4,three,Hel-IDP,19,2,persistent_chain
G4_Onmem_wall,3,banded_sym_w4,three,Hel-IDP,20,3,persistent_chain
G4_Onmem_wall,3,banded_sym_w4,three,Hel-IDP,21,3,persistent_chain
G4_Onmem_wall,3,banded_sym_w4,three,Hel-IDP,22,3,persistent_chain
G4_Onmem_wall,3,banded_sym_w4,three,Hel-IDP,23,2,persistent_chain
G4_Onmem_wall,3,banded_sym_w4,three,Hel-IDP,24,1,persistent_chain
G4_Onmem_wall,3,banded_sym_w4,three,Hel-IDP,29,1,persistent_chain
G4_Onmem_wall,3,banded_sym_w4,three,Hel-IDP,31,1,persistent_chain
G4_Onmem_wall,3,banded_sym_w4,three,Hel-IDP,32,1,persistent_chain
G4_Onmem_wall,3,banded_sym_w4,three,Hel-IDP,33,1,persistent_chain
G4_Onmem_wall,3,banded_sym_w4,three,Hel-IDP,36,1,persistent_chain
G4_Onmem_wall,3,banded_sym_w4,three,Hel-IDP,43,1,persistent_chain
G4_Onmem_wall,3,banded_sym_w4,three,IDP-IDP,1,10638,persistent_chain
G4_Onmem_wall,3,banded_sym_w4,three,IDP-IDP,2,3513,persistent_chain
G4_Onmem_wall,3,banded_sym_w4,three,IDP-IDP,3,1687,persistent_chain
G4_Onmem_wall,3,banded_sym_w4,three,IDP-IDP,4,849,persistent_chain
G4_Onmem_wall,3,banded_sym_w4,three,IDP-IDP,5,525,persistent_chain
G4_Onmem_wall,3,banded_sym_w4,three,IDP-IDP,6,294,persistent_chain
G4_Onmem_wall,3,banded_sym_w4,three,IDP-IDP,7,236,persistent_chain
G4_Onmem_wall,3,banded_sym_w4,three,IDP-IDP,8,133,persistent_chain
G4_Onmem_wall,3,banded_sym_w4,three,IDP-IDP,9,124,persistent_chain
G4_Onmem_wall,3,banded_sym_w4,three,IDP-IDP,10,86,persistent_chain
G4_Onmem_wall,3,banded_sym_w4,three,IDP-IDP,11,52,persistent_chain
G4_Onmem_wall,3,banded_sym_w4,three,IDP-IDP,12,44,persistent_chain
G4_Onmem_wall,3,banded_sym_w4,three,IDP-IDP,13,25,persistent_chain
G4_Onmem_wall,3,banded_sym_w4,three,IDP-IDP,14,19,persistent_chain
G4_Onmem_wall,3,banded_sym_w4,three,IDP-IDP,15,19,persistent_chain
G4_Onmem_wall,3,banded_sym_w4,three,IDP-IDP,16,9,persistent_chain
G4_Onmem_wall,3,banded_sym_w4,three,IDP-IDP,17,15,persistent_chain
G4_Onmem_wall,3,banded_sym_w4,three,IDP-IDP,18,13,persistent_chain
G4_Onmem_wall,3,banded_sym_w4,three,IDP-IDP,19,4,persistent_chain
G4_Onmem_wall,3,banded_sym_w4,three,IDP-IDP,20,3,persistent_chain
G4_Onmem_wall,3,banded_sym_w4,three,IDP-IDP,21,6,persistent_chain
G4_Onmem_wall,3,banded_sym_w4,three,IDP-IDP,23,6,persistent_chain
G4_Onmem_wall,3,banded_sym_w4,three,IDP-IDP,24,2,persistent_chain
G4_Onmem_wall,3,banded_sym_w4,three,IDP-IDP,25,2,persistent_chain
G4_Onmem_wall,3,banded_sym_w4,three,IDP-IDP,26,4,persistent_chain
G4_Onmem_wall,3,banded_sym_w4,three,IDP-IDP,27,1,persistent_chain
G4_Onmem_wall,3,banded_sym_w4,three,IDP-IDP,28,1,persistent_chain
G4_Onmem_wall,3,banded_sym_w4,three,IDP-IDP,29,1,persistent_chain
G4_Onmem_wall,3,banded_sym_w4,three,IDP-IDP,30,2,persistent_chain
G4_Onmem_wall,3,banded_sym_w4,three,IDP-IDP,31,3,persistent_chain
G4_Onmem_wall,3,banded_sym_w4,three,IDP-IDP,32,1,persistent_chain
G4_Onmem_wall,3,banded_sym_w4,three,IDP-IDP,33,1,persistent_chain
G4_Onmem_wall,3,banded_sym_w4,three,IDP-IDP,37,1,persistent_chain
G4_Onmem_wall,3,banded_sym_w4,three,IDP-IDP,40,1,persistent_chain
G4_Onmem_wall,3,banded_sym_w4,three,IDP-IDP,42,1,persistent_chain
G4_Onmem_wall,3,banded_sym_w4,three,IDP-IDP,47,1,persistent_chain
G4_Onmem_wall,3,banded_sym_w4,triplet,all,1,8117,persistent_chain
G4_Onmem_wall,3,banded_sym_w4,triplet,all,2,2374,persistent_chain
G4_Onmem_wall,3,banded_sym_w4,triplet,all,3,921,persistent_chain
G4_Onmem_wall,3,banded_sym_w4,triplet,all,4,458,persistent_chain
G4_Onmem_wall,3,banded_sym_w4,triplet,all,5,258,persistent_chain
G4_Onmem_wall,3,banded_sym_w4,triplet,all,6,170,persistent_chain
G4_Onmem_wall,3,banded_sym_w4,triplet,all,7,91,persistent_chain
G4_Onmem_wall,3,banded_sym_w4,triplet,all,8,48,persistent_chain
G4_Onmem_wall,3,banded_sym_w4,triplet,all,9,46,persistent_chain
G4_Onmem_wall,3,banded_sym_w4,triplet,all,10,31,persistent_chain
G4_Onmem_wall,3,banded_sym_w4,triplet,all,11,19,persistent_chain
G4_Onmem_wall,3,banded_sym_w4,triplet,all,12,18,persistent_chain
G4_Onmem_wall,3,banded_sym_w4,triplet,all,13,7,persistent_chain
G4_Onmem_wall,3,banded_sym_w4,triplet,all,14,5,persistent_chain
G4_Onmem_wall,3,banded_sym_w4,triplet,all,15,2,persistent_chain
G4_Onmem_wall,3,banded_sym_w4,triplet,all,16,4,persistent_chain
G4_Onmem_wall,3,banded_sym_w4,triplet,all,17,1,persistent_chain
G4_Onmem_wall,3,banded_sym_w4,triplet,all,18,2,persistent_chain
G4_Onmem_wall,3,banded_sym_w4,triplet,all,19,1,persistent_chain
G4_Onmem_wall,3,banded_sym_w4,triplet,all,20,2,persistent_chain
G4_Onmem_wall,3,banded_sym_w4,triplet,all,21,2,persistent_chain
G4_Onmem_wall,3,banded_sym_w4,triplet,all,23,2,persistent_chain
G4_Onmem_wall,3,banded_sym_w4,triplet,all,24,2,persistent_chain
G4_Onmem_wall,3,banded_sym_w4,triplet,all,32,1,persistent_chain
G4_Onmem_wall,3,banded_sym_w4,triplet,all,34,1,persistent_chain
G4_Onmem_wall,3,banded_sym_w4,triplet,Hel-Hel,1,5,persistent_chain
G4_Onmem_wall,3,banded_sym_w4,triplet,Hel-Hel,2,8,persistent_chain
G4_Onmem_wall,3,banded_sym_w4,triplet,Hel-Hel,3,5,persistent_chain
G4_Onmem_wall,3,banded_sym_w4,triplet,Hel-Hel,4,1,persistent_chain
G4_Onmem_wall,3,banded_sym_w4,triplet,Hel-Hel,5,2,persistent_chain
G4_Onmem_wall,3,banded_sym_w4,triplet,Hel-Hel,6,1,persistent_chain
G4_Onmem_wall,3,banded_sym_w4,triplet,Hel-Hel,13,1,persistent_chain
G4_Onmem_wall,3,banded_sym_w4,triplet,Hel-IDP,1,743,persistent_chain
G4_Onmem_wall,3,banded_sym_w4,triplet,Hel-IDP,2,232,persistent_chain
G4_Onmem_wall,3,banded_sym_w4,triplet,Hel-IDP,3,97,persistent_chain
G4_Onmem_wall,3,banded_sym_w4,triplet,Hel-IDP,4,48,persistent_chain
G4_Onmem_wall,3,banded_sym_w4,triplet,Hel-IDP,5,26,persistent_chain
G4_Onmem_wall,3,banded_sym_w4,triplet,Hel-IDP,6,17,persistent_chain
G4_Onmem_wall,3,banded_sym_w4,triplet,Hel-IDP,7,9,persistent_chain
G4_Onmem_wall,3,banded_sym_w4,triplet,Hel-IDP,8,7,persistent_chain
G4_Onmem_wall,3,banded_sym_w4,triplet,Hel-IDP,9,6,persistent_chain
G4_Onmem_wall,3,banded_sym_w4,triplet,Hel-IDP,10,3,persistent_chain
G4_Onmem_wall,3,banded_sym_w4,triplet,Hel-IDP,11,5,persistent_chain
G4_Onmem_wall,3,banded_sym_w4,triplet,Hel-IDP,12,3,persistent_chain
G4_Onmem_wall,3,banded_sym_w4,triplet,Hel-IDP,13,1,persistent_chain
G4_Onmem_wall,3,banded_sym_w4,triplet,Hel-IDP,14,2,persistent_chain
G4_Onmem_wall,3,banded_sym_w4,triplet,Hel-IDP,15,1,persistent_chain
G4_Onmem_wall,3,banded_sym_w4,triplet,Hel-IDP,16,2,persistent_chain
G4_Onmem_wall,3,banded_sym_w4,triplet,Hel-IDP,20,1,persistent_chain
G4_Onmem_wall,3,banded_sym_w4,triplet,Hel-IDP,21,1,persistent_chain
G4_Onmem_wall,3,banded_sym_w4,triplet,Hel-IDP,23,1,persistent_chain
G4_Onmem_wall,3,banded_sym_w4,triplet,Hel-IDP,32,1,persistent_chain
G4_Onmem_wall,3,banded_sym_w4,triplet,IDP-IDP,1,7369,persistent_chain
G4_Onmem_wall,3,banded_sym_w4,triplet,IDP-IDP,2,2134,persistent_chain
G4_Onmem_wall,3,banded_sym_w4,triplet,IDP-IDP,3,819,persistent_chain
G4_Onmem_wall,3,banded_sym_w4,triplet,IDP-IDP,4,409,persistent_chain
G4_Onmem_wall,3,banded_sym_w4,triplet,IDP-IDP,5,230,persistent_chain
G4_Onmem_wall,3,banded_sym_w4,triplet,IDP-IDP,6,152,persistent_chain
G4_Onmem_wall,3,banded_sym_w4,triplet,IDP-IDP,7,82,persistent_chain
G4_Onmem_wall,3,banded_sym_w4,triplet,IDP-IDP,8,41,persistent_chain
G4_Onmem_wall,3,banded_sym_w4,triplet,IDP-IDP,9,40,persistent_chain
G4_Onmem_wall,3,banded_sym_w4,triplet,IDP-IDP,10,28,persistent_chain
G4_Onmem_wall,3,banded_sym_w4,triplet,IDP-IDP,11,14,persistent_chain
G4_Onmem_wall,3,banded_sym_w4,triplet,IDP-IDP,12,15,persistent_chain
G4_Onmem_wall,3,banded_sym_w4,triplet,IDP-IDP,13,5,persistent_chain
G4_Onmem_wall,3,banded_sym_w4,triplet,IDP-IDP,14,3,persistent_chain
G4_Onmem_wall,3,banded_sym_w4,triplet,IDP-IDP,15,1,persistent_chain
G4_Onmem_wall,3,banded_sym_w4,triplet,IDP-IDP,16,2,persistent_chain
G4_Onmem_wall,3,banded_sym_w4,triplet,IDP-IDP,17,1,persistent_chain
G4_Onmem_wall,3,banded_sym_w4,triplet,IDP-IDP,18,2,persistent_chain
G4_Onmem_wall,3,banded_sym_w4,triplet,IDP-IDP,19,1,persistent_chain
G4_Onmem_wall,3,banded_sym_w4,triplet,IDP-IDP,20,1,persistent_chain
G4_Onmem_wall,3,banded_sym_w4,triplet,IDP-IDP,21,1,persistent_chain
G4_Onmem_wall,3,banded_sym_w4,triplet,IDP-IDP,23,1,persistent_chain
G4_Onmem_wall,3,banded_sym_w4,triplet,IDP-IDP,24,2,persistent_chain
G4_Onmem_wall,3,banded_sym_w4,triplet,IDP-IDP,34,1,persistent_chain
G4_Onmem_wall,3,banded_sym_w6,one,all,1,18891,persistent_chain
G4_Onmem_wall,3,banded_sym_w6,one,all,2,7392,persistent_chain
G4_Onmem_wall,3,banded_sym_w6,one,all,3,3906,persistent_chain
G4_Onmem_wall,3,banded_sym_w6,one,all,4,2482,persistent_chain
G4_Onmem_wall,3,banded_sym_w6,one,all,5,1561,persistent_chain
G4_Onmem_wall,3,banded_sym_w6,one,all,6,1135,persistent_chain
G4_Onmem_wall,3,banded_sym_w6,one,all,7,819,persistent_chain
G4_Onmem_wall,3,banded_sym_w6,one,all,8,575,persistent_chain
G4_Onmem_wall,3,banded_sym_w6,one,all,9,451,persistent_chain
G4_Onmem_wall,3,banded_sym_w6,one,all,10,357,persistent_chain
G4_Onmem_wall,3,banded_sym_w6,one,all,11,265,persistent_chain
G4_Onmem_wall,3,banded_sym_w6,one,all,12,202,persistent_chain
G4_Onmem_wall,3,banded_sym_w6,one,all,13,175,persistent_chain
G4_Onmem_wall,3,banded_sym_w6,one,all,14,164,persistent_chain
G4_Onmem_wall,3,banded_sym_w6,one,all,15,161,persistent_chain
G4_Onmem_wall,3,banded_sym_w6,one,all,16,122,persistent_chain
G4_Onmem_wall,3,banded_sym_w6,one,all,17,110,persistent_chain
G4_Onmem_wall,3,banded_sym_w6,one,all,18,81,persistent_chain
G4_Onmem_wall,3,banded_sym_w6,one,all,19,69,persistent_chain
G4_Onmem_wall,3,banded_sym_w6,one,all,20,56,persistent_chain
G4_Onmem_wall,3,banded_sym_w6,one,all,21,42,persistent_chain
G4_Onmem_wall,3,banded_sym_w6,one,all,22,52,persistent_chain
G4_Onmem_wall,3,banded_sym_w6,one,all,23,34,persistent_chain
G4_Onmem_wall,3,banded_sym_w6,one,all,24,35,persistent_chain
G4_Onmem_wall,3,banded_sym_w6,one,all,25,24,persistent_chain
G4_Onmem_wall,3,banded_sym_w6,one,all,26,28,persistent_chain
G4_Onmem_wall,3,banded_sym_w6,one,all,27,23,persistent_chain
G4_Onmem_wall,3,banded_sym_w6,one,all,28,23,persistent_chain
G4_Onmem_wall,3,banded_sym_w6,one,all,29,17,persistent_chain
G4_Onmem_wall,3,banded_sym_w6,one,all,30,16,persistent_chain
G4_Onmem_wall,3,banded_sym_w6,one,all,31,9,persistent_chain
G4_Onmem_wall,3,banded_sym_w6,one,all,32,16,persistent_chain
G4_Onmem_wall,3,banded_sym_w6,one,all,33,11,persistent_chain
G4_Onmem_wall,3,banded_sym_w6,one,all,34,7,persistent_chain
G4_Onmem_wall,3,banded_sym_w6,one,all,35,8,persistent_chain
G4_Onmem_wall,3,banded_sym_w6,one,all,36,13,persistent_chain
G4_Onmem_wall,3,banded_sym_w6,one,all,37,8,persistent_chain
G4_Onmem_wall,3,banded_sym_w6,one,all,38,4,persistent_chain
G4_Onmem_wall,3,banded_sym_w6,one,all,39,8,persistent_chain
G4_Onmem_wall,3,banded_sym_w6,one,all,40,6,persistent_chain
G4_Onmem_wall,3,banded_sym_w6,one,all,41,10,persistent_chain
G4_Onmem_wall,3,banded_sym_w6,one,all,42,9,persistent_chain
G4_Onmem_wall,3,banded_sym_w6,one,all,43,3,persistent_chain
G4_Onmem_wall,3,banded_sym_w6,one,all,44,4,persistent_chain
G4_Onmem_wall,3,banded_sym_w6,one,all,45,7,persistent_chain
G4_Onmem_wall,3,banded_sym_w6,one,all,46,3,persistent_chain
G4_Onmem_wall,3,banded_sym_w6,one,all,47,4,persistent_chain
G4_Onmem_wall,3,banded_sym_w6,one,all,48,3,persistent_chain
G4_Onmem_wall,3,banded_sym_w6,one,all,49,3,persistent_chain
G4_Onmem_wall,3,banded_sym_w6,one,all,51,2,persistent_chain
G4_Onmem_wall,3,banded_sym_w6,one,all,52,1,persistent_chain
G4_Onmem_wall,3,banded_sym_w6,one,all,53,1,persistent_chain
G4_Onmem_wall,3,banded_sym_w6,one,all,54,2,persistent_chain
G4_Onmem_wall,3,banded_sym_w6,one,all,55,1,persistent_chain
G4_Onmem_wall,3,banded_sym_w6,one,all,56,5,persistent_chain
G4_Onmem_wall,3,banded_sym_w6,one,all,57,1,persistent_chain
G4_Onmem_wall,3,banded_sym_w6,one,all,58,2,persistent_chain
G4_Onmem_wall,3,banded_sym_w6,one,all,59,1,persistent_chain
G4_Onmem_wall,3,banded_sym_w6,one,all,60,1,persistent_chain
G4_Onmem_wall,3,banded_sym_w6,one,all,61,1,persistent_chain
G4_Onmem_wall,3,banded_sym_w6,one,all,63,2,persistent_chain
G4_Onmem_wall,3,banded_sym_w6,one,all,64,2,persistent_chain
G4_Onmem_wall,3,banded_sym_w6,one,all,65,1,persistent_chain
G4_Onmem_wall,3,banded_sym_w6,one,all,66,1,persistent_chain
G4_Onmem_wall,3,banded_sym_w6,one,all,69,2,persistent_chain
G4_Onmem_wall,3,banded_sym_w6,one,all,70,2,persistent_chain
G4_Onmem_wall,3,banded_sym_w6,one,all,72,1,persistent_chain
G4_Onmem_wall,3,banded_sym_w6,one,all,73,2,persistent_chain
G4_Onmem_wall,3,banded_sym_w6,one,all,74,1,persistent_chain
G4_Onmem_wall,3,banded_sym_w6,one,all,78,2,persistent_chain
G4_Onmem_wall,3,banded_sym_w6,one,all,85,2,persistent_chain
G4_Onmem_wall,3,banded_sym_w6,one,all,87,1,persistent_chain
G4_Onmem_wall,3,banded_sym_w6,one,all,94,1,persistent_chain
G4_Onmem_wall,3,banded_sym_w6,one,all,100,1,persistent_chain
G4_Onmem_wall,3,banded_sym_w6,one,Hel-Hel,1,28,persistent_chain
G4_Onmem_wall,3,banded_sym_w6,one,Hel-Hel,2,15,persistent_chain
G4_Onmem_wall,3,banded_sym_w6,one,Hel-Hel,3,4,persistent_chain
G4_Onmem_wall,3,banded_sym_w6,one,Hel-Hel,4,3,persistent_chain
G4_Onmem_wall,3,banded_sym_w6,one,Hel-Hel,5,4,persistent_chain
G4_Onmem_wall,3,banded_sym_w6,one,Hel-Hel,6,2,persistent_chain
G4_Onmem_wall,3,banded_sym_w6,one,Hel-Hel,7,2,persistent_chain
G4_Onmem_wall,3,banded_sym_w6,one,Hel-Hel,9,1,persistent_chain
G4_Onmem_wall,3,banded_sym_w6,one,Hel-Hel,11,1,persistent_chain
G4_Onmem_wall,3,banded_sym_w6,one,Hel-Hel,13,1,persistent_chain
G4_Onmem_wall,3,banded_sym_w6,one,Hel-Hel,20,1,persistent_chain
G4_Onmem_wall,3,banded_sym_w6,one,Hel-Hel,37,2,persistent_chain
G4_Onmem_wall,3,banded_sym_w6,one,Hel-Hel,40,1,persistent_chain
G4_Onmem_wall,3,banded_sym_w6,one,Hel-Hel,43,1,persistent_chain
G4_Onmem_wall,3,banded_sym_w6,one,Hel-Hel,44,1,persistent_chain
G4_Onmem_wall,3,banded_sym_w6,one,Hel-Hel,64,1,persistent_chain
G4_Onmem_wall,3,banded_sym_w6,one,Hel-IDP,1,2068,persistent_chain
G4_Onmem_wall,3,banded_sym_w6,one,Hel-IDP,2,773,persistent_chain
G4_Onmem_wall,3,banded_sym_w6,one,Hel-IDP,3,459,persistent_chain
G4_Onmem_wall,3,banded_sym_w6,one,Hel-IDP,4,289,persistent_chain
G4_Onmem_wall,3,banded_sym_w6,one,Hel-IDP,5,178,persistent_chain
G4_Onmem_wall,3,banded_sym_w6,one,Hel-IDP,6,144,persistent_chain
G4_Onmem_wall,3,banded_sym_w6,one,Hel-IDP,7,135,persistent_chain
G4_Onmem_wall,3,banded_sym_w6,one,Hel-IDP,8,79,persistent_chain
G4_Onmem_wall,3,banded_sym_w6,one,Hel-IDP,9,60,persistent_chain
G4_Onmem_wall,3,banded_sym_w6,one,Hel-IDP,10,51,persistent_chain
G4_Onmem_wall,3,banded_sym_w6,one,Hel-IDP,11,38,persistent_chain
G4_Onmem_wall,3,banded_sym_w6,one,Hel-IDP,12,26,persistent_chain
G4_Onmem_wall,3,banded_sym_w6,one,Hel-IDP,13,28,persistent_chain
G4_Onmem_wall,3,banded_sym_w6,one,Hel-IDP,14,27,persistent_chain
G4_Onmem_wall,3,banded_sym_w6,one,Hel-IDP,15,32,persistent_chain
G4_Onmem_wall,3,banded_sym_w6,one,Hel-IDP,16,21,persistent_chain
G4_Onmem_wall,3,banded_sym_w6,one,Hel-IDP,17,20,persistent_chain
G4_Onmem_wall,3,banded_sym_w6,one,Hel-IDP,18,20,persistent_chain
G4_Onmem_wall,3,banded_sym_w6,one,Hel-IDP,19,11,persistent_chain
G4_Onmem_wall,3,banded_sym_w6,one,Hel-IDP,20,8,persistent_chain
G4_Onmem_wall,3,banded_sym_w6,one,Hel-IDP,21,11,persistent_chain
G4_Onmem_wall,3,banded_sym_w6,one,Hel-IDP,22,8,persistent_chain
G4_Onmem_wall,3,banded_sym_w6,one,Hel-IDP,23,8,persistent_chain
G4_Onmem_wall,3,banded_sym_w6,one,Hel-IDP,24,11,persistent_chain
G4_Onmem_wall,3,banded_sym_w6,one,Hel-IDP,25,7,persistent_chain
G4_Onmem_wall,3,banded_sym_w6,one,Hel-IDP,26,4,persistent_chain
G4_Onmem_wall,3,banded_sym_w6,one,Hel-IDP,27,4,persistent_chain
G4_Onmem_wall,3,banded_sym_w6,one,Hel-IDP,28,4,persistent_chain
G4_Onmem_wall,3,banded_sym_w6,one,Hel-IDP,29,5,persistent_chain
G4_Onmem_wall,3,banded_sym_w6,one,Hel-IDP,30,3,persistent_chain
G4_Onmem_wall,3,banded_sym_w6,one,Hel-IDP,31,3,persistent_chain
G4_Onmem_wall,3,banded_sym_w6,one,Hel-IDP,32,5,persistent_chain
G4_Onmem_wall,3,banded_sym_w6,one,Hel-IDP,33,2,persistent_chain
G4_Onmem_wall,3,banded_sym_w6,one,Hel-IDP,34,4,persistent_chain
G4_Onmem_wall,3,banded_sym_w6,one,Hel-IDP,35,3,persistent_chain
G4_Onmem_wall,3,banded_sym_w6,one,Hel-IDP,36,2,persistent_chain
G4_Onmem_wall,3,banded_sym_w6,one,Hel-IDP,37,4,persistent_chain
G4_Onmem_wall,3,banded_sym_w6,one,Hel-IDP,39,1,persistent_chain
G4_Onmem_wall,3,banded_sym_w6,one,Hel-IDP,40,1,persistent_chain
G4_Onmem_wall,3,banded_sym_w6,one,Hel-IDP,41,1,persistent_chain
G4_Onmem_wall,3,banded_sym_w6,one,Hel-IDP,42,5,persistent_chain
G4_Onmem_wall,3,banded_sym_w6,one,Hel-IDP,44,1,persistent_chain
G4_Onmem_wall,3,banded_sym_w6,one,Hel-IDP,45,2,persistent_chain
G4_Onmem_wall,3,banded_sym_w6,one,Hel-IDP,46,1,persistent_chain
G4_Onmem_wall,3,banded_sym_w6,one,Hel-IDP,47,1,persistent_chain
G4_Onmem_wall,3,banded_sym_w6,one,Hel-IDP,51,1,persistent_chain
G4_Onmem_wall,3,banded_sym_w6,one,Hel-IDP,54,1,persistent_chain
G4_Onmem_wall,3,banded_sym_w6,one,Hel-IDP,56,2,persistent_chain
G4_Onmem_wall,3,banded_sym_w6,one,Hel-IDP,69,1,persistent_chain
G4_Onmem_wall,3,banded_sym_w6,one,Hel-IDP,73,1,persistent_chain
G4_Onmem_wall,3,banded_sym_w6,one,Hel-IDP,74,1,persistent_chain
G4_Onmem_wall,3,banded_sym_w6,one,Hel-IDP,78,1,persistent_chain
G4_Onmem_wall,3,banded_sym_w6,one,Hel-IDP,87,1,persistent_chain
G4_Onmem_wall,3,banded_sym_w6,one,Hel-IDP,94,1,persistent_chain
G4_Onmem_wall,3,banded_sym_w6,one,Hel-IDP,100,1,persistent_chain
G4_Onmem_wall,3,banded_sym_w6,one,IDP-IDP,1,16795,persistent_chain
G4_Onmem_wall,3,banded_sym_w6,one,IDP-IDP,2,6604,persistent_chain
G4_Onmem_wall,3,banded_sym_w6,one,IDP-IDP,3,3443,persistent_chain
G4_Onmem_wall,3,banded_sym_w6,one,IDP-IDP,4,2190,persistent_chain
G4_Onmem_wall,3,banded_sym_w6,one,IDP-IDP,5,1379,persistent_chain
G4_Onmem_wall,3,banded_sym_w6,one,IDP-IDP,6,989,persistent_chain
G4_Onmem_wall,3,banded_sym_w6,one,IDP-IDP,7,682,persistent_chain
G4_Onmem_wall,3,banded_sym_w6,one,IDP-IDP,8,496,persistent_chain
G4_Onmem_wall,3,banded_sym_w6,one,IDP-IDP,9,390,persistent_chain
G4_Onmem_wall,3,banded_sym_w6,one,IDP-IDP,10,306,persistent_chain
G4_Onmem_wall,3,banded_sym_w6,one,IDP-IDP,11,226,persistent_chain
G4_Onmem_wall,3,banded_sym_w6,one,IDP-IDP,12,176,persistent_chain
G4_Onmem_wall,3,banded_sym_w6,one,IDP-IDP,13,146,persistent_chain
G4_Onmem_wall,3,banded_sym_w6,one,IDP-IDP,14,137,persistent_chain
G4_Onmem_wall,3,banded_sym_w6,one,IDP-IDP,15,129,persistent_chain
G4_Onmem_wall,3,banded_sym_w6,one,IDP-IDP,16,101,persistent_chain
G4_Onmem_wall,3,banded_sym_w6,one,IDP-IDP,17,90,persistent_chain
G4_Onmem_wall,3,banded_sym_w6,one,IDP-IDP,18,61,persistent_chain
G4_Onmem_wall,3,banded_sym_w6,one,IDP-IDP,19,58,persistent_chain
G4_Onmem_wall,3,banded_sym_w6,one,IDP-IDP,20,47,persistent_chain
G4_Onmem_wall,3,banded_sym_w6,one,IDP-IDP,21,31,persistent_chain
G4_Onmem_wall,3,banded_sym_w6,one,IDP-IDP,22,44,persistent_chain
G4_Onmem_wall,3,banded_sym_w6,one,IDP-IDP,23,26,persistent_chain
G4_Onmem_wall,3,banded_sym_w6,one,IDP-IDP,24,24,persistent_chain
G4_Onmem_wall,3,banded_sym_w6,one,IDP-IDP,25,17,persistent_chain
G4_Onmem_wall,3,banded_sym_w6,one,IDP-IDP,26,24,persistent_chain
G4_Onmem_wall,3,banded_sym_w6,one,IDP-IDP,27,19,persistent_chain
G4_Onmem_wall,3,banded_sym_w6,one,IDP-IDP,28,19,persistent_chain
G4_Onmem_wall,3,banded_sym_w6,one,IDP-IDP,29,12,persistent_chain
G4_Onmem_wall,3,banded_sym_w6,one,IDP-IDP,30,13,persistent_chain
G4_Onmem_wall,3,banded_sym_w6,one,IDP-IDP,31,6,persistent_chain
G4_Onmem_wall,3,banded_sym_w6,one,IDP-IDP,32,11,persistent_chain
G4_Onmem_wall,3,banded_sym_w6,one,IDP-IDP,33,9,persistent_chain
G4_Onmem_wall,3,banded_sym_w6,one,IDP-IDP,34,3,persistent_chain
G4_Onmem_wall,3,banded_sym_w6,one,IDP-IDP,35,5,persistent_chain
G4_Onmem_wall,3,banded_sym_w6,one,IDP-IDP,36,11,persistent_chain
G4_Onmem_wall,3,banded_sym_w6,one,IDP-IDP,37,2,persistent_chain
G4_Onmem_wall,3,banded_sym_w6,one,IDP-IDP,38,4,persistent_chain
G4_Onmem_wall,3,banded_sym_w6,one,IDP-IDP,39,7,persistent_chain
G4_Onmem_wall,3,banded_sym_w6,one,IDP-IDP,40,4,persistent_chain
G4_Onmem_wall,3,banded_sym_w6,one,IDP-IDP,41,9,persistent_chain
G4_Onmem_wall,3,banded_sym_w6,one,IDP-IDP,42,4,persistent_chain
G4_Onmem_wall,3,banded_sym_w6,one,IDP-IDP,43,2,persistent_chain
G4_Onmem_wall,3,banded_sym_w6,one,IDP-IDP,44,2,persistent_chain
G4_Onmem_wall,3,banded_sym_w6,one,IDP-IDP,45,5,persistent_chain
G4_Onmem_wall,3,banded_sym_w6,one,IDP-IDP,46,2,persistent_chain
G4_Onmem_wall,3,banded_sym_w6,one,IDP-IDP,47,3,persistent_chain
G4_Onmem_wall,3,banded_sym_w6,one,IDP-IDP,48,3,persistent_chain
G4_Onmem_wall,3,banded_sym_w6,one,IDP-IDP,49,3,persistent_chain
G4_Onmem_wall,3,banded_sym_w6,one,IDP-IDP,51,1,persistent_chain
G4_Onmem_wall,3,banded_sym_w6,one,IDP-IDP,52,1,persistent_chain
G4_Onmem_wall,3,banded_sym_w6,one,IDP-IDP,53,1,persistent_chain
G4_Onmem_wall,3,banded_sym_w6,one,IDP-IDP,54,1,persistent_chain
G4_Onmem_wall,3,banded_sym_w6,one,IDP-IDP,55,1,persistent_chain
G4_Onmem_wall,3,banded_sym_w6,one,IDP-IDP,56,3,persistent_chain
G4_Onmem_wall,3,banded_sym_w6,one,IDP-IDP,57,1,persistent_chain
G4_Onmem_wall,3,banded_sym_w6,one,IDP-IDP,58,2,persistent_chain
G4_Onmem_wall,3,banded_sym_w6,one,IDP-IDP,59,1,persistent_chain
G4_Onmem_wall,3,banded_sym_w6,one,IDP-IDP,60,1,persistent_chain
G4_Onmem_wall,3,banded_sym_w6,one,IDP-IDP,61,1,persistent_chain
G4_Onmem_wall,3,banded_sym_w6,one,IDP-IDP,63,2,persistent_chain
G4_Onmem_wall,3,banded_sym_w6,one,IDP-IDP,64,1,persistent_chain
G4_Onmem_wall,3,banded_sym_w6,one,IDP-IDP,65,1,persistent_chain
G4_Onmem_wall,3,banded_sym_w6,one,IDP-IDP,66,1,persistent_chain
G4_Onmem_wall,3,banded_sym_w6,one,IDP-IDP,69,1,persistent_chain
G4_Onmem_wall,3,banded_sym_w6,one,IDP-IDP,70,2,persistent_chain
G4_Onmem_wall,3,banded_sym_w6,one,IDP-IDP,72,1,persistent_chain
G4_Onmem_wall,3,banded_sym_w6,one,IDP-IDP,73,1,persistent_chain
G4_Onmem_wall,3,banded_sym_w6,one,IDP-IDP,78,1,persistent_chain
G4_Onmem_wall,3,banded_sym_w6,one,IDP-IDP,85,2,persistent_chain
G4_Onmem_wall,3,banded_sym_w6,three,all,1,14704,persistent_chain
G4_Onmem_wall,3,banded_sym_w6,three,all,2,5159,persistent_chain
G4_Onmem_wall,3,banded_sym_w6,three,all,3,2550,persistent_chain
G4_Onmem_wall,3,banded_sym_w6,three,all,4,1412,persistent_chain
G4_Onmem_wall,3,banded_sym_w6,three,all,5,869,persistent_chain
G4_Onmem_wall,3,banded_sym_w6,three,all,6,562,persistent_chain
G4_Onmem_wall,3,banded_sym_w6,three,all,7,395,persistent_chain
G4_Onmem_wall,3,banded_sym_w6,three,all,8,270,persistent_chain
G4_Onmem_wall,3,banded_sym_w6,three,all,9,217,persistent_chain
G4_Onmem_wall,3,banded_sym_w6,three,all,10,165,persistent_chain
G4_Onmem_wall,3,banded_sym_w6,three,all,11,99,persistent_chain
G4_Onmem_wall,3,banded_sym_w6,three,all,12,101,persistent_chain
G4_Onmem_wall,3,banded_sym_w6,three,all,13,52,persistent_chain
G4_Onmem_wall,3,banded_sym_w6,three,all,14,45,persistent_chain
G4_Onmem_wall,3,banded_sym_w6,three,all,15,52,persistent_chain
G4_Onmem_wall,3,banded_sym_w6,three,all,16,29,persistent_chain
G4_Onmem_wall,3,banded_sym_w6,three,all,17,35,persistent_chain
G4_Onmem_wall,3,banded_sym_w6,three,all,18,34,persistent_chain
G4_Onmem_wall,3,banded_sym_w6,three,all,19,17,persistent_chain
G4_Onmem_wall,3,banded_sym_w6,three,all,20,17,persistent_chain
G4_Onmem_wall,3,banded_sym_w6,three,all,21,15,persistent_chain
G4_Onmem_wall,3,banded_sym_w6,three,all,22,15,persistent_chain
G4_Onmem_wall,3,banded_sym_w6,three,all,23,10,persistent_chain
G4_Onmem_wall,3,banded_sym_w6,three,all,24,7,persistent_chain
G4_Onmem_wall,3,banded_sym_w6,three,all,25,10,persistent_chain
G4_Onmem_wall,3,banded_sym_w6,three,all,26,4,persistent_chain
G4_Onmem_wall,3,banded_sym_w6,three,all,27,4,persistent_chain
G4_Onmem_wall,3,banded_sym_w6,three,all,28,7,persistent_chain
G4_Onmem_wall,3,banded_sym_w6,three,all,29,7,persistent_chain
G4_Onmem_wall,3,banded_sym_w6,three,all,30,5,persistent_chain
G4_Onmem_wall,3,banded_sym_w6,three,all,31,3,persistent_chain
G4_Onmem_wall,3,banded_sym_w6,three,all,32,5,persistent_chain
G4_Onmem_wall,3,banded_sym_w6,three,all,33,2,persistent_chain
G4_Onmem_wall,3,banded_sym_w6,three,all,34,1,persistent_chain
G4_Onmem_wall,3,banded_sym_w6,three,all,35,3,persistent_chain
G4_Onmem_wall,3,banded_sym_w6,three,all,36,3,persistent_chain
G4_Onmem_wall,3,banded_sym_w6,three,all,37,2,persistent_chain
G4_Onmem_wall,3,banded_sym_w6,three,all,38,1,persistent_chain
G4_Onmem_wall,3,banded_sym_w6,three,all,39,2,persistent_chain
G4_Onmem_wall,3,banded_sym_w6,three,all,40,1,persistent_chain
G4_Onmem_wall,3,banded_sym_w6,three,all,41,2,persistent_chain
G4_Onmem_wall,3,banded_sym_w6,three,all,43,1,persistent_chain
G4_Onmem_wall,3,banded_sym_w6,three,all,44,1,persistent_chain
G4_Onmem_wall,3,banded_sym_w6,three,all,47,1,persistent_chain
G4_Onmem_wall,3,banded_sym_w6,three,all,53,1,persistent_chain
G4_Onmem_wall,3,banded_sym_w6,three,all,59,1,persistent_chain
G4_Onmem_wall,3,banded_sym_w6,three,all,60,2,persistent_chain
G4_Onmem_wall,3,banded_sym_w6,three,Hel-Hel,1,26,persistent_chain
G4_Onmem_wall,3,banded_sym_w6,three,Hel-Hel,2,9,persistent_chain
G4_Onmem_wall,3,banded_sym_w6,three,Hel-Hel,3,9,persistent_chain
G4_Onmem_wall,3,banded_sym_w6,three,Hel-Hel,4,6,persistent_chain
G4_Onmem_wall,3,banded_sym_w6,three,Hel-Hel,5,3,persistent_chain
G4_Onmem_wall,3,banded_sym_w6,three,Hel-Hel,6,1,persistent_chain
G4_Onmem_wall,3,banded_sym_w6,three,Hel-Hel,8,1,persistent_chain
G4_Onmem_wall,3,banded_sym_w6,three,Hel-Hel,9,1,persistent_chain
G4_Onmem_wall,3,banded_sym_w6,three,Hel-Hel,22,1,persistent_chain
G4_Onmem_wall,3,banded_sym_w6,three,Hel-Hel,35,1,persistent_chain
G4_Onmem_wall,3,banded_sym_w6,three,Hel-Hel,59,1,persistent_chain
G4_Onmem_wall,3,banded_sym_w6,three,Hel-IDP,1,1619,persistent_chain
G4_Onmem_wall,3,banded_sym_w6,three,Hel-IDP,2,592,persistent_chain
G4_Onmem_wall,3,banded_sym_w6,three,Hel-IDP,3,320,persistent_chain
G4_Onmem_wall,3,banded_sym_w6,three,Hel-IDP,4,188,persistent_chain
G4_Onmem_wall,3,banded_sym_w6,three,Hel-IDP,5,109,persistent_chain
G4_Onmem_wall,3,banded_sym_w6,three,Hel-IDP,6,92,persistent_chain
G4_Onmem_wall,3,banded_sym_w6,three,Hel-IDP,7,75,persistent_chain
G4_Onmem_wall,3,banded_sym_w6,three,Hel-IDP,8,34,persistent_chain
G4_Onmem_wall,3,banded_sym_w6,three,Hel-IDP,9,38,persistent_chain
G4_Onmem_wall,3,banded_sym_w6,three,Hel-IDP,10,25,persistent_chain
G4_Onmem_wall,3,banded_sym_w6,three,Hel-IDP,11,17,persistent_chain
G4_Onmem_wall,3,banded_sym_w6,three,Hel-IDP,12,18,persistent_chain
G4_Onmem_wall,3,banded_sym_w6,three,Hel-IDP,13,12,persistent_chain
G4_Onmem_wall,3,banded_sym_w6,three,Hel-IDP,14,12,persistent_chain
G4_Onmem_wall,3,banded_sym_w6,three,Hel-IDP,15,11,persistent_chain
G4_Onmem_wall,3,banded_sym_w6,three,Hel-IDP,16,3,persistent_chain
G4_Onmem_wall,3,banded_sym_w6,three,Hel-IDP,17,12,persistent_chain
G4_Onmem_wall,3,banded_sym_w6,three,Hel-IDP,18,9,persistent_chain
G4_Onmem_wall,3,banded_sym_w6,three,Hel-IDP,19,1,persistent_chain
G4_Onmem_wall,3,banded_sym_w6,three,Hel-IDP,20,7,persistent_chain
G4_Onmem_wall,3,banded_sym_w6,three,Hel-IDP,21,2,persistent_chain
G4_Onmem_wall,3,banded_sym_w6,three,Hel-IDP,22,2,persistent_chain
G4_Onmem_wall,3,banded_sym_w6,three,Hel-IDP,23,2,persistent_chain
G4_Onmem_wall,3,banded_sym_w6,three,Hel-IDP,24,2,persistent_chain
G4_Onmem_wall,3,banded_sym_w6,three,Hel-IDP,25,1,persistent_chain
G4_Onmem_wall,3,banded_sym_w6,three,Hel-IDP,27,3,persistent_chain
G4_Onmem_wall,3,banded_sym_w6,three,Hel-IDP,28,1,persistent_chain
G4_Onmem_wall,3,banded_sym_w6,three,Hel-IDP,29,5,persistent_chain
G4_Onmem_wall,3,banded_sym_w6,three,Hel-IDP,30,1,persistent_chain
G4_Onmem_wall,3,banded_sym_w6,three,Hel-IDP,31,1,persistent_chain
G4_Onmem_wall,3,banded_sym_w6,three,Hel-IDP,33,1,persistent_chain
G4_Onmem_wall,3,banded_sym_w6,three,Hel-IDP,35,1,persistent_chain
G4_Onmem_wall,3,banded_sym_w6,three,Hel-IDP,36,1,persistent_chain
G4_Onmem_wall,3,banded_sym_w6,three,Hel-IDP,37,1,persistent_chain
G4_Onmem_wall,3,banded_sym_w6,three,Hel-IDP,39,1,persistent_chain
G4_Onmem_wall,3,banded_sym_w6,three,Hel-IDP,43,1,persistent_chain
G4_Onmem_wall,3,banded_sym_w6,three,Hel-IDP,60,1,persistent_chain
G4_Onmem_wall,3,banded_sym_w6,three,IDP-IDP,1,13059,persistent_chain
G4_Onmem_wall,3,banded_sym_w6,three,IDP-IDP,2,4558,persistent_chain
G4_Onmem_wall,3,banded_sym_w6,three,IDP-IDP,3,2221,persistent_chain
G4_Onmem_wall,3,banded_sym_w6,three,IDP-IDP,4,1218,persistent_chain
G4_Onmem_wall,3,banded_sym_w6,three,IDP-IDP,5,757,persistent_chain
G4_Onmem_wall,3,banded_sym_w6,three,IDP-IDP,6,469,persistent_chain
G4_Onmem_wall,3,banded_sym_w6,three,IDP-IDP,7,320,persistent_chain
G4_Onmem_wall,3,banded_sym_w6,three,IDP-IDP,8,235,persistent_chain
G4_Onmem_wall,3,banded_sym_w6,three,IDP-IDP,9,178,persistent_chain
G4_Onmem_wall,3,banded_sym_w6,three,IDP-IDP,10,140,persistent_chain
G4_Onmem_wall,3,banded_sym_w6,three,IDP-IDP,11,82,persistent_chain
G4_Onmem_wall,3,banded_sym_w6,three,IDP-IDP,12,83,persistent_chain
G4_Onmem_wall,3,banded_sym_w6,three,IDP-IDP,13,40,persistent_chain
G4_Onmem_wall,3,banded_sym_w6,three,IDP-IDP,14,33,persistent_chain
G4_Onmem_wall,3,banded_sym_w6,three,IDP-IDP,15,41,persistent_chain
G4_Onmem_wall,3,banded_sym_w6,three,IDP-IDP,16,26,persistent_chain
G4_Onmem_wall,3,banded_sym_w6,three,IDP-IDP,17,23,persistent_chain
G4_Onmem_wall,3,banded_sym_w6,three,IDP-IDP,18,25,persistent_chain
G4_Onmem_wall,3,banded_sym_w6,three,IDP-IDP,19,16,persistent_chain
G4_Onmem_wall,3,banded_sym_w6,three,IDP-IDP,20,10,persistent_chain
G4_Onmem_wall,3,banded_sym_w6,three,IDP-IDP,21,13,persistent_chain
G4_Onmem_wall,3,banded_sym_w6,three,IDP-IDP,22,12,persistent_chain
G4_Onmem_wall,3,banded_sym_w6,three,IDP-IDP,23,8,persistent_chain
G4_Onmem_wall,3,banded_sym_w6,three,IDP-IDP,24,5,persistent_chain
G4_Onmem_wall,3,banded_sym_w6,three,IDP-IDP,25,9,persistent_chain
G4_Onmem_wall,3,banded_sym_w6,three,IDP-IDP,26,4,persistent_chain
G4_Onmem_wall,3,banded_sym_w6,three,IDP-IDP,27,1,persistent_chain
G4_Onmem_wall,3,banded_sym_w6,three,IDP-IDP,28,6,persistent_chain
G4_Onmem_wall,3,banded_sym_w6,three,IDP-IDP,29,2,persistent_chain
G4_Onmem_wall,3,banded_sym_w6,three,IDP-IDP,30,4,persistent_chain
G4_Onmem_wall,3,banded_sym_w6,three,IDP-IDP,31,2,persistent_chain
G4_Onmem_wall,3,banded_sym_w6,three,IDP-IDP,32,5,persistent_chain
G4_Onmem_wall,3,banded_sym_w6,three,IDP-IDP,33,1,persistent_chain
G4_Onmem_wall,3,banded_sym_w6,three,IDP-IDP,34,1,persistent_chain
G4_Onmem_wall,3,banded_sym_w6,three,IDP-IDP,35,1,persistent_chain
G4_Onmem_wall,3,banded_sym_w6,three,IDP-IDP,36,2,persistent_chain
G4_Onmem_wall,3,banded_sym_w6,three,IDP-IDP,37,1,persistent_chain
G4_Onmem_wall,3,banded_sym_w6,three,IDP-IDP,38,1,persistent_chain
G4_Onmem_wall,3,banded_sym_w6,three,IDP-IDP,39,1,persistent_chain
G4_Onmem_wall,3,banded_sym_w6,three,IDP-IDP,40,1,persistent_chain
G4_Onmem_wall,3,banded_sym_w6,three,IDP-IDP,41,2,persistent_chain
G4_Onmem_wall,3,banded_sym_w6,three,IDP-IDP,44,1,persistent_chain
G4_Onmem_wall,3,banded_sym_w6,three,IDP-IDP,47,1,persistent_chain
G4_Onmem_wall,3,banded_sym_w6,three,IDP-IDP,53,1,persistent_chain
G4_Onmem_wall,3,banded_sym_w6,three,IDP-IDP,60,1,persistent_chain
G4_Onmem_wall,3,banded_sym_w6,triplet,all,1,10426,persistent_chain
G4_Onmem_wall,3,banded_sym_w6,triplet,all,2,3281,persistent_chain
G4_Onmem_wall,3,banded_sym_w6,triplet,all,3,1280,persistent_chain
G4_Onmem_wall,3,banded_sym_w6,triplet,all,4,672,persistent_chain
G4_Onmem_wall,3,banded_sym_w6,triplet,all,5,384,persistent_chain
G4_Onmem_wall,3,banded_sym_w6,triplet,all,6,226,persistent_chain
G4_Onmem_wall,3,banded_sym_w6,triplet,all,7,137,persistent_chain
G4_Onmem_wall,3,banded_sym_w6,triplet,all,8,81,persistent_chain
G4_Onmem_wall,3,banded_sym_w6,triplet,all,9,70,persistent_chain
G4_Onmem_wall,3,banded_sym_w6,triplet,all,10,46,persistent_chain
G4_Onmem_wall,3,banded_sym_w6,triplet,all,11,25,persistent_chain
G4_Onmem_wall,3,banded_sym_w6,triplet,all,12,34,persistent_chain
G4_Onmem_wall,3,banded_sym_w6,triplet,all,13,11,persistent_chain
G4_Onmem_wall,3,banded_sym_w6,triplet,all,14,13,persistent_chain
G4_Onmem_wall,3,banded_sym_w6,triplet,all,15,15,persistent_chain
G4_Onmem_wall,3,banded_sym_w6,triplet,all,16,8,persistent_chain
G4_Onmem_wall,3,banded_sym_w6,triplet,all,17,10,persistent_chain
G4_Onmem_wall,3,banded_sym_w6,triplet,all,18,4,persistent_chain
G4_Onmem_wall,3,banded_sym_w6,triplet,all,19,3,persistent_chain
G4_Onmem_wall,3,banded_sym_w6,triplet,all,20,2,persistent_chain
G4_Onmem_wall,3,banded_sym_w6,triplet,all,21,4,persistent_chain
G4_Onmem_wall,3,banded_sym_w6,triplet,all,22,1,persistent_chain
G4_Onmem_wall,3,banded_sym_w6,triplet,all,23,1,persistent_chain
G4_Onmem_wall,3,banded_sym_w6,triplet,all,24,1,persistent_chain
G4_Onmem_wall,3,banded_sym_w6,triplet,all,25,1,persistent_chain
G4_Onmem_wall,3,banded_sym_w6,triplet,all,26,1,persistent_chain
G4_Onmem_wall,3,banded_sym_w6,triplet,all,27,1,persistent_chain
G4_Onmem_wall,3,banded_sym_w6,triplet,all,32,1,persistent_chain
G4_Onmem_wall,3,banded_sym_w6,triplet,all,34,1,persistent_chain
G4_Onmem_wall,3,banded_sym_w6,triplet,all,41,1,persistent_chain
G4_Onmem_wall,3,banded_sym_w6,triplet,Hel-Hel,1,7,persistent_chain
G4_Onmem_wall,3,banded_sym_w6,triplet,Hel-Hel,2,7,persistent_chain
G4_Onmem_wall,3,banded_sym_w6,triplet,Hel-Hel,3,5,persistent_chain
G4_Onmem_wall,3,banded_sym_w6,triplet,Hel-Hel,4,1,persistent_chain
G4_Onmem_wall,3,banded_sym_w6,triplet,Hel-Hel,5,3,persistent_chain
G4_Onmem_wall,3,banded_sym_w6,triplet,Hel-Hel,6,2,persistent_chain
G4_Onmem_wall,3,banded_sym_w6,triplet,Hel-Hel,13,1,persistent_chain
G4_Onmem_wall,3,banded_sym_w6,triplet,Hel-IDP,1,905,persistent_chain
G4_Onmem_wall,3,banded_sym_w6,triplet,Hel-IDP,2,327,persistent_chain
G4_Onmem_wall,3,banded_sym_w6,triplet,Hel-IDP,3,134,persistent_chain
G4_Onmem_wall,3,banded_sym_w6,triplet,Hel-IDP,4,81,persistent_chain
G4_Onmem_wall,3,banded_sym_w6,triplet,Hel-IDP,5,35,persistent_chain
G4_Onmem_wall,3,banded_sym_w6,triplet,Hel-IDP,6,21,persistent_chain
G4_Onmem_wall,3,banded_sym_w6,triplet,Hel-IDP,7,13,persistent_chain
G4_Onmem_wall,3,banded_sym_w6,triplet,Hel-IDP,8,10,persistent_chain
G4_Onmem_wall,3,banded_sym_w6,triplet,Hel-IDP,9,8,persistent_chain
G4_Onmem_wall,3,banded_sym_w6,triplet,Hel-IDP,10,2,persistent_chain
G4_Onmem_wall,3,banded_sym_w6,triplet,Hel-IDP,11,4,persistent_chain
G4_Onmem_wall,3,banded_sym_w6,triplet,Hel-IDP,12,7,persistent_chain
G4_Onmem_wall,3,banded_sym_w6,triplet,Hel-IDP,13,1,persistent_chain
G4_Onmem_wall,3,banded_sym_w6,triplet,Hel-IDP,14,3,persistent_chain
G4_Onmem_wall,3,banded_sym_w6,triplet,Hel-IDP,15,5,persistent_chain
G4_Onmem_wall,3,banded_sym_w6,triplet,Hel-IDP,16,2,persistent_chain
G4_Onmem_wall,3,banded_sym_w6,triplet,Hel-IDP,18,1,persistent_chain
G4_Onmem_wall,3,banded_sym_w6,triplet,Hel-IDP,20,1,persistent_chain
G4_Onmem_wall,3,banded_sym_w6,triplet,Hel-IDP,21,2,persistent_chain
G4_Onmem_wall,3,banded_sym_w6,triplet,Hel-IDP,23,1,persistent_chain
G4_Onmem_wall,3,banded_sym_w6,triplet,Hel-IDP,32,1,persistent_chain
G4_Onmem_wall,3,banded_sym_w6,triplet,Hel-IDP,41,1,persistent_chain
G4_Onmem_wall,3,banded_sym_w6,triplet,IDP-IDP,1,9514,persistent_chain
G4_Onmem_wall,3,banded_sym_w6,triplet,IDP-IDP,2,2947,persistent_chain
G4_Onmem_wall,3,banded_sym_w6,triplet,IDP-IDP,3,1141,persistent_chain
G4_Onmem_wall,3,banded_sym_w6,triplet,IDP-IDP,4,590,persistent_chain
G4_Onmem_wall,3,banded_sym_w6,triplet,IDP-IDP,5,346,persistent_chain
G4_Onmem_wall,3,banded_sym_w6,triplet,IDP-IDP,6,203,persistent_chain
G4_Onmem_wall,3,banded_sym_w6,triplet,IDP-IDP,7,124,persistent_chain
G4_Onmem_wall,3,banded_sym_w6,triplet,IDP-IDP,8,71,persistent_chain
G4_Onmem_wall,3,banded_sym_w6,triplet,IDP-IDP,9,62,persistent_chain
G4_Onmem_wall,3,banded_sym_w6,triplet,IDP-IDP,10,44,persistent_chain
G4_Onmem_wall,3,banded_sym_w6,triplet,IDP-IDP,11,21,persistent_chain
G4_Onmem_wall,3,banded_sym_w6,triplet,IDP-IDP,12,27,persistent_chain
G4_Onmem_wall,3,banded_sym_w6,triplet,IDP-IDP,13,9,persistent_chain
G4_Onmem_wall,3,banded_sym_w6,triplet,IDP-IDP,14,10,persistent_chain
G4_Onmem_wall,3,banded_sym_w6,triplet,IDP-IDP,15,10,persistent_chain
G4_Onmem_wall,3,banded_sym_w6,triplet,IDP-IDP,16,6,persistent_chain
G4_Onmem_wall,3,banded_sym_w6,triplet,IDP-IDP,17,10,persistent_chain
G4_Onmem_wall,3,banded_sym_w6,triplet,IDP-IDP,18,3,persistent_chain
G4_Onmem_wall,3,banded_sym_w6,triplet,IDP-IDP,19,3,persistent_chain
G4_Onmem_wall,3,banded_sym_w6,triplet,IDP-IDP,20,1,persistent_chain
G4_Onmem_wall,3,banded_sym_w6,triplet,IDP-IDP,21,2,persistent_chain
G4_Onmem_wall,3,banded_sym_w6,triplet,IDP-IDP,22,1,persistent_chain
G4_Onmem_wall,3,banded_sym_w6,triplet,IDP-IDP,24,1,persistent_chain
G4_Onmem_wall,3,banded_sym_w6,triplet,IDP-IDP,25,1,persistent_chain
G4_Onmem_wall,3,banded_sym_w6,triplet,IDP-IDP,26,1,persistent_chain
G4_Onmem_wall,3,banded_sym_w6,triplet,IDP-IDP,27,1,persistent_chain
G4_Onmem_wall,3,banded_sym_w6,triplet,IDP-IDP,34,1,persistent_chain
G4_Onmem_wall,3,banded_sym_w8,one,all,1,20848,persistent_chain
G4_Onmem_wall,3,banded_sym_w8,one,all,2,8193,persistent_chain
G4_Onmem_wall,3,banded_sym_w8,one,all,3,4462,persistent_chain
G4_Onmem_wall,3,banded_sym_w8,one,all,4,2765,persistent_chain
G4_Onmem_wall,3,banded_sym_w8,one,all,5,1797,persistent_chain
G4_Onmem_wall,3,banded_sym_w8,one,all,6,1349,persistent_chain
G4_Onmem_wall,3,banded_sym_w8,one,all,7,962,persistent_chain
G4_Onmem_wall,3,banded_sym_w8,one,all,8,692,persistent_chain
G4_Onmem_wall,3,banded_sym_w8,one,all,9,557,persistent_chain
G4_Onmem_wall,3,banded_sym_w8,one,all,10,394,persistent_chain
G4_Onmem_wall,3,banded_sym_w8,one,all,11,321,persistent_chain
G4_Onmem_wall,3,banded_sym_w8,one,all,12,256,persistent_chain
G4_Onmem_wall,3,banded_sym_w8,one,all,13,231,persistent_chain
G4_Onmem_wall,3,banded_sym_w8,one,all,14,197,persistent_chain
G4_Onmem_wall,3,banded_sym_w8,one,all,15,187,persistent_chain
G4_Onmem_wall,3,banded_sym_w8,one,all,16,138,persistent_chain
G4_Onmem_wall,3,banded_sym_w8,one,all,17,125,persistent_chain
G4_Onmem_wall,3,banded_sym_w8,one,all,18,113,persistent_chain
G4_Onmem_wall,3,banded_sym_w8,one,all,19,72,persistent_chain
G4_Onmem_wall,3,banded_sym_w8,one,all,20,73,persistent_chain
G4_Onmem_wall,3,banded_sym_w8,one,all,21,69,persistent_chain
G4_Onmem_wall,3,banded_sym_w8,one,all,22,62,persistent_chain
G4_Onmem_wall,3,banded_sym_w8,one,all,23,43,persistent_chain
G4_Onmem_wall,3,banded_sym_w8,one,all,24,49,persistent_chain
G4_Onmem_wall,3,banded_sym_w8,one,all,25,35,persistent_chain
G4_Onmem_wall,3,banded_sym_w8,one,all,26,44,persistent_chain
G4_Onmem_wall,3,banded_sym_w8,one,all,27,28,persistent_chain
G4_Onmem_wall,3,banded_sym_w8,one,all,28,34,persistent_chain
G4_Onmem_wall,3,banded_sym_w8,one,all,29,27,persistent_chain
G4_Onmem_wall,3,banded_sym_w8,one,all,30,17,persistent_chain
G4_Onmem_wall,3,banded_sym_w8,one,all,31,20,persistent_chain
G4_Onmem_wall,3,banded_sym_w8,one,all,32,25,persistent_chain
G4_Onmem_wall,3,banded_sym_w8,one,all,33,14,persistent_chain
G4_Onmem_wall,3,banded_sym_w8,one,all,34,17,persistent_chain
G4_Onmem_wall,3,banded_sym_w8,one,all,35,17,persistent_chain
G4_Onmem_wall,3,banded_sym_w8,one,all,36,11,persistent_chain
G4_Onmem_wall,3,banded_sym_w8,one,all,37,11,persistent_chain
G4_Onmem_wall,3,banded_sym_w8,one,all,38,6,persistent_chain
G4_Onmem_wall,3,banded_sym_w8,one,all,39,12,persistent_chain
G4_Onmem_wall,3,banded_sym_w8,one,all,40,11,persistent_chain
G4_Onmem_wall,3,banded_sym_w8,one,all,41,11,persistent_chain
G4_Onmem_wall,3,banded_sym_w8,one,all,42,8,persistent_chain
G4_Onmem_wall,3,banded_sym_w8,one,all,43,6,persistent_chain
G4_Onmem_wall,3,banded_sym_w8,one,all,44,9,persistent_chain
G4_Onmem_wall,3,banded_sym_w8,one,all,45,6,persistent_chain
G4_Onmem_wall,3,banded_sym_w8,one,all,46,4,persistent_chain
G4_Onmem_wall,3,banded_sym_w8,one,all,47,2,persistent_chain
G4_Onmem_wall,3,banded_sym_w8,one,all,48,4,persistent_chain
G4_Onmem_wall,3,banded_sym_w8,one,all,49,5,persistent_chain
G4_Onmem_wall,3,banded_sym_w8,one,all,50,2,persistent_chain
G4_Onmem_wall,3,banded_sym_w8,one,all,51,2,persistent_chain
G4_Onmem_wall,3,banded_sym_w8,one,all,52,9,persistent_chain
G4_Onmem_wall,3,banded_sym_w8,one,all,53,2,persistent_chain
G4_Onmem_wall,3,banded_sym_w8,one,all,54,3,persistent_chain
G4_Onmem_wall,3,banded_sym_w8,one,all,55,3,persistent_chain
G4_Onmem_wall,3,banded_sym_w8,one,all,56,5,persistent_chain
G4_Onmem_wall,3,banded_sym_w8,one,all,57,1,persistent_chain
G4_Onmem_wall,3,banded_sym_w8,one,all,58,2,persistent_chain
G4_Onmem_wall,3,banded_sym_w8,one,all,60,1,persistent_chain
G4_Onmem_wall,3,banded_sym_w8,one,all,61,2,persistent_chain
G4_Onmem_wall,3,banded_sym_w8,one,all,62,1,persistent_chain
G4_Onmem_wall,3,banded_sym_w8,one,all,63,2,persistent_chain
G4_Onmem_wall,3,banded_sym_w8,one,all,64,3,persistent_chain
G4_Onmem_wall,3,banded_sym_w8,one,all,65,3,persistent_chain
G4_Onmem_wall,3,banded_sym_w8,one,all,66,2,persistent_chain
G4_Onmem_wall,3,banded_sym_w8,one,all,67,4,persistent_chain
G4_Onmem_wall,3,banded_sym_w8,one,all,68,2,persistent_chain
G4_Onmem_wall,3,banded_sym_w8,one,all,71,2,persistent_chain
G4_Onmem_wall,3,banded_sym_w8,one,all,72,1,persistent_chain
G4_Onmem_wall,3,banded_sym_w8,one,all,73,3,persistent_chain
G4_Onmem_wall,3,banded_sym_w8,one,all,74,1,persistent_chain
G4_Onmem_wall,3,banded_sym_w8,one,all,75,1,persistent_chain
G4_Onmem_wall,3,banded_sym_w8,one,all,77,1,persistent_chain
G4_Onmem_wall,3,banded_sym_w8,one,all,78,4,persistent_chain
G4_Onmem_wall,3,banded_sym_w8,one,all,79,1,persistent_chain
G4_Onmem_wall,3,banded_sym_w8,one,all,80,1,persistent_chain
G4_Onmem_wall,3,banded_sym_w8,one,all,83,1,persistent_chain
G4_Onmem_wall,3,banded_sym_w8,one,all,84,1,persistent_chain
G4_Onmem_wall,3,banded_sym_w8,one,all,85,1,persistent_chain
G4_Onmem_wall,3,banded_sym_w8,one,all,87,1,persistent_chain
G4_Onmem_wall,3,banded_sym_w8,one,all,88,1,persistent_chain
G4_Onmem_wall,3,banded_sym_w8,one,all,97,1,persistent_chain
G4_Onmem_wall,3,banded_sym_w8,one,all,100,1,persistent_chain
G4_Onmem_wall,3,banded_sym_w8,one,all,114,1,persistent_chain
G4_Onmem_wall,3,banded_sym_w8,one,all,123,1,persistent_chain
G4_Onmem_wall,3,banded_sym_w8,one,all,124,1,persistent_chain
G4_Onmem_wall,3,banded_sym_w8,one,all,134,1,persistent_chain
G4_Onmem_wall,3,banded_sym_w8,one,all,138,1,persistent_chain
G4_Onmem_wall,3,banded_sym_w8,one,Hel-Hel,1,31,persistent_chain
G4_Onmem_wall,3,banded_sym_w8,one,Hel-Hel,2,17,persistent_chain
G4_Onmem_wall,3,banded_sym_w8,one,Hel-Hel,3,8,persistent_chain
G4_Onmem_wall,3,banded_sym_w8,one,Hel-Hel,4,4,persistent_chain
G4_Onmem_wall,3,banded_sym_w8,one,Hel-Hel,5,5,persistent_chain
G4_Onmem_wall,3,banded_sym_w8,one,Hel-Hel,6,1,persistent_chain
G4_Onmem_wall,3,banded_sym_w8,one,Hel-Hel,7,2,persistent_chain
G4_Onmem_wall,3,banded_sym_w8,one,Hel-Hel,9,1,persistent_chain
G4_Onmem_wall,3,banded_sym_w8,one,Hel-Hel,20,1,persistent_chain
G4_Onmem_wall,3,banded_sym_w8,one,Hel-Hel,35,1,persistent_chain
G4_Onmem_wall,3,banded_sym_w8,one,Hel-Hel,37,2,persistent_chain
G4_Onmem_wall,3,banded_sym_w8,one,Hel-Hel,40,1,persistent_chain
G4_Onmem_wall,3,banded_sym_w8,one,Hel-Hel,44,1,persistent_chain
G4_Onmem_wall,3,banded_sym_w8,one,Hel-Hel,49,1,persistent_chain
G4_Onmem_wall,3,banded_sym_w8,one,Hel-Hel,64,1,persistent_chain
G4_Onmem_wall,3,banded_sym_w8,one,Hel-IDP,1,2270,persistent_chain
G4_Onmem_wall,3,banded_sym_w8,one,Hel-IDP,2,838,persistent_chain
G4_Onmem_wall,3,banded_sym_w8,one,Hel-IDP,3,487,persistent_chain
G4_Onmem_wall,3,banded_sym_w8,one,Hel-IDP,4,329,persistent_chain
G4_Onmem_wall,3,banded_sym_w8,one,Hel-IDP,5,186,persistent_chain
G4_Onmem_wall,3,banded_sym_w8,one,Hel-IDP,6,178,persistent_chain
G4_Onmem_wall,3,banded_sym_w8,one,Hel-IDP,7,136,persistent_chain
G4_Onmem_wall,3,banded_sym_w8,one,Hel-IDP,8,88,persistent_chain
G4_Onmem_wall,3,banded_sym_w8,one,Hel-IDP,9,70,persistent_chain
G4_Onmem_wall,3,banded_sym_w8,one,Hel-IDP,10,68,persistent_chain
G4_Onmem_wall,3,banded_sym_w8,one,Hel-IDP,11,43,persistent_chain
G4_Onmem_wall,3,banded_sym_w8,one,Hel-IDP,12,38,persistent_chain
G4_Onmem_wall,3,banded_sym_w8,one,Hel-IDP,13,36,persistent_chain
G4_Onmem_wall,3,banded_sym_w8,one,Hel-IDP,14,30,persistent_chain
G4_Onmem_wall,3,banded_sym_w8,one,Hel-IDP,15,33,persistent_chain
G4_Onmem_wall,3,banded_sym_w8,one,Hel-IDP,16,17,persistent_chain
G4_Onmem_wall,3,banded_sym_w8,one,Hel-IDP,17,20,persistent_chain
G4_Onmem_wall,3,banded_sym_w8,one,Hel-IDP,18,21,persistent_chain
G4_Onmem_wall,3,banded_sym_w8,one,Hel-IDP,19,12,persistent_chain
G4_Onmem_wall,3,banded_sym_w8,one,Hel-IDP,20,8,persistent_chain
G4_Onmem_wall,3,banded_sym_w8,one,Hel-IDP,21,16,persistent_chain
G4_Onmem_wall,3,banded_sym_w8,one,Hel-IDP,22,6,persistent_chain
G4_Onmem_wall,3,banded_sym_w8,one,Hel-IDP,23,8,persistent_chain
G4_Onmem_wall,3,banded_sym_w8,one,Hel-IDP,24,13,persistent_chain
G4_Onmem_wall,3,banded_sym_w8,one,Hel-IDP,25,10,persistent_chain
G4_Onmem_wall,3,banded_sym_w8,one,Hel-IDP,26,11,persistent_chain
G4_Onmem_wall,3,banded_sym_w8,one,Hel-IDP,27,6,persistent_chain
G4_Onmem_wall,3,banded_sym_w8,one,Hel-IDP,28,6,persistent_chain
G4_Onmem_wall,3,banded_sym_w8,one,Hel-IDP,29,4,persistent_chain
G4_Onmem_wall,3,banded_sym_w8,one,Hel-IDP,30,3,persistent_chain
G4_Onmem_wall,3,banded_sym_w8,one,Hel-IDP,31,7,persistent_chain
G4_Onmem_wall,3,banded_sym_w8,one,Hel-IDP,32,11,persistent_chain
G4_Onmem_wall,3,banded_sym_w8,one,Hel-IDP,33,3,persistent_chain
G4_Onmem_wall,3,banded_sym_w8,one,Hel-IDP,34,5,persistent_chain
G4_Onmem_wall,3,banded_sym_w8,one,Hel-IDP,35,4,persistent_chain
G4_Onmem_wall,3,banded_sym_w8,one,Hel-IDP,36,3,persistent_chain
G4_Onmem_wall,3,banded_sym_w8,one,Hel-IDP,37,4,persistent_chain
G4_Onmem_wall,3,banded_sym_w8,one,Hel-IDP,39,1,persistent_chain
G4_Onmem_wall,3,banded_sym_w8,one,Hel-IDP,40,1,persistent_chain
G4_Onmem_wall,3,banded_sym_w8,one,Hel-IDP,41,2,persistent_chain
G4_Onmem_wall,3,banded_sym_w8,one,Hel-IDP,42,3,persistent_chain
G4_Onmem_wall,3,banded_sym_w8,one,Hel-IDP,44,1,persistent_chain
G4_Onmem_wall,3,banded_sym_w8,one,Hel-IDP,45,2,persistent_chain
G4_Onmem_wall,3,banded_sym_w8,one,Hel-IDP,48,1,persistent_chain
G4_Onmem_wall,3,banded_sym_w8,one,Hel-IDP,50,1,persistent_chain
G4_Onmem_wall,3,banded_sym_w8,one,Hel-IDP,51,1,persistent_chain
G4_Onmem_wall,3,banded_sym_w8,one,Hel-IDP,52,1,persistent_chain
G4_Onmem_wall,3,banded_sym_w8,one,Hel-IDP,54,3,persistent_chain
G4_Onmem_wall,3,banded_sym_w8,one,Hel-IDP,55,1,persistent_chain
G4_Onmem_wall,3,banded_sym_w8,one,Hel-IDP,56,2,persistent_chain
G4_Onmem_wall,3,banded_sym_w8,one,Hel-IDP,58,1,persistent_chain
G4_Onmem_wall,3,banded_sym_w8,one,Hel-IDP,67,1,persistent_chain
G4_Onmem_wall,3,banded_sym_w8,one,Hel-IDP,68,1,persistent_chain
G4_Onmem_wall,3,banded_sym_w8,one,Hel-IDP,71,1,persistent_chain
G4_Onmem_wall,3,banded_sym_w8,one,Hel-IDP,73,2,persistent_chain
G4_Onmem_wall,3,banded_sym_w8,one,Hel-IDP,74,1,persistent_chain
G4_Onmem_wall,3,banded_sym_w8,one,Hel-IDP,78,1,persistent_chain
G4_Onmem_wall,3,banded_sym_w8,one,Hel-IDP,80,1,persistent_chain
G4_Onmem_wall,3,banded_sym_w8,one,Hel-IDP,87,1,persistent_chain
G4_Onmem_wall,3,banded_sym_w8,one,Hel-IDP,97,1,persistent_chain
G4_Onmem_wall,3,banded_sym_w8,one,Hel-IDP,100,1,persistent_chain
G4_Onmem_wall,3,banded_sym_w8,one,Hel-IDP,124,1,persistent_chain
G4_Onmem_wall,3,banded_sym_w8,one,IDP-IDP,1,18547,persistent_chain
G4_Onmem_wall,3,banded_sym_w8,one,IDP-IDP,2,7338,persistent_chain
G4_Onmem_wall,3,banded_sym_w8,one,IDP-IDP,3,3967,persistent_chain
G4_Onmem_wall,3,banded_sym_w8,one,IDP-IDP,4,2432,persistent_chain
G4_Onmem_wall,3,banded_sym_w8,one,IDP-IDP,5,1606,persistent_chain
G4_Onmem_wall,3,banded_sym_w8,one,IDP-IDP,6,1170,persistent_chain
G4_Onmem_wall,3,banded_sym_w8,one,IDP-IDP,7,824,persistent_chain
G4_Onmem_wall,3,banded_sym_w8,one,IDP-IDP,8,604,persistent_chain
G4_Onmem_wall,3,banded_sym_w8,one,IDP-IDP,9,486,persistent_chain
G4_Onmem_wall,3,banded_sym_w8,one,IDP-IDP,10,326,persistent_chain
G4_Onmem_wall,3,banded_sym_w8,one,IDP-IDP,11,278,persistent_chain
G4_Onmem_wall,3,banded_sym_w8,one,IDP-IDP,12,218,persistent_chain
G4_Onmem_wall,3,banded_sym_w8,one,IDP-IDP,13,195,persistent_chain
G4_Onmem_wall,3,banded_sym_w8,one,IDP-IDP,14,167,persistent_chain
G4_Onmem_wall,3,banded_sym_w8,one,IDP-IDP,15,154,persistent_chain
G4_Onmem_wall,3,banded_sym_w8,one,IDP-IDP,16,121,persistent_chain
G4_Onmem_wall,3,banded_sym_w8,one,IDP-IDP,17,105,persistent_chain
G4_Onmem_wall,3,banded_sym_w8,one,IDP-IDP,18,92,persistent_chain
G4_Onmem_wall,3,banded_sym_w8,one,IDP-IDP,19,60,persistent_chain
G4_Onmem_wall,3,banded_sym_w8,one,IDP-IDP,20,64,persistent_chain
G4_Onmem_wall,3,banded_sym_w8,one,IDP-IDP,21,53,persistent_chain
G4_Onmem_wall,3,banded_sym_w8,one,IDP-IDP,22,56,persistent_chain
G4_Onmem_wall,3,banded_sym_w8,one,IDP-IDP,23,35,persistent_chain
G4_Onmem_wall,3,banded_sym_w8,one,IDP-IDP,24,36,persistent_chain
G4_Onmem_wall,3,banded_sym_w8,one,IDP-IDP,25,25,persistent_chain
G4_Onmem_wall,3,banded_sym_w8,one,IDP-IDP,26,33,persistent_chain
G4_Onmem_wall,3,banded_sym_w8,one,IDP-IDP,27,22,persistent_chain
G4_Onmem_wall,3,banded_sym_w8,one,IDP-IDP,28,28,persistent_chain
G4_Onmem_wall,3,banded_sym_w8,one,IDP-IDP,29,23,persistent_chain
G4_Onmem_wall,3,banded_sym_w8,one,IDP-IDP,30,14,persistent_chain
G4_Onmem_wall,3,banded_sym_w8,one,IDP-IDP,31,13,persistent_chain
G4_Onmem_wall,3,banded_sym_w8,one,IDP-IDP,32,14,persistent_chain
G4_Onmem_wall,3,banded_sym_w8,one,IDP-IDP,33,11,persistent_chain
G4_Onmem_wall,3,banded_sym_w8,one,IDP-IDP,34,12,persistent_chain
G4_Onmem_wall,3,banded_sym_w8,one,IDP-IDP,35,12,persistent_chain
G4_Onmem_wall,3,banded_sym_w8,one,IDP-IDP,36,8,persistent_chain
G4_Onmem_wall,3,banded_sym_w8,one,IDP-IDP,37,5,persistent_chain
G4_Onmem_wall,3,banded_sym_w8,one,IDP-IDP,38,6,persistent_chain
G4_Onmem_wall,3,banded_sym_w8,one,IDP-IDP,39,11,persistent_chain
G4_Onmem_wall,3,banded_sym_w8,one,IDP-IDP,40,9,persistent_chain
G4_Onmem_wall,3,banded_sym_w8,one,IDP-IDP,41,9,persistent_chain
G4_Onmem_wall,3,banded_sym_w8,one,IDP-IDP,42,5,persistent_chain
G4_Onmem_wall,3,banded_sym_w8,one,IDP-IDP,43,6,persistent_chain
G4_Onmem_wall,3,banded_sym_w8,one,IDP-IDP,44,7,persistent_chain
G4_Onmem_wall,3,banded_sym_w8,one,IDP-IDP,45,4,persistent_chain
G4_Onmem_wall,3,banded_sym_w8,one,IDP-IDP,46,4,persistent_chain
G4_Onmem_wall,3,banded_sym_w8,one,IDP-IDP,47,2,persistent_chain
G4_Onmem_wall,3,banded_sym_w8,one,IDP-IDP,48,3,persistent_chain
G4_Onmem_wall,3,banded_sym_w8,one,IDP-IDP,49,4,persistent_chain
G4_Onmem_wall,3,banded_sym_w8,one,IDP-IDP,50,1,persistent_chain
G4_Onmem_wall,3,banded_sym_w8,one,IDP-IDP,51,1,persistent_chain
G4_Onmem_wall,3,banded_sym_w8,one,IDP-IDP,52,8,persistent_chain
G4_Onmem_wall,3,banded_sym_w8,one,IDP-IDP,53,2,persistent_chain
G4_Onmem_wall,3,banded_sym_w8,one,IDP-IDP,55,2,persistent_chain
G4_Onmem_wall,3,banded_sym_w8,one,IDP-IDP,56,3,persistent_chain
G4_Onmem_wall,3,banded_sym_w8,one,IDP-IDP,57,1,persistent_chain
G4_Onmem_wall,3,banded_sym_w8,one,IDP-IDP,58,1,persistent_chain
G4_Onmem_wall,3,banded_sym_w8,one,IDP-IDP,60,1,persistent_chain
G4_Onmem_wall,3,banded_sym_w8,one,IDP-IDP,61,2,persistent_chain
G4_Onmem_wall,3,banded_sym_w8,one,IDP-IDP,62,1,persistent_chain
G4_Onmem_wall,3,banded_sym_w8,one,IDP-IDP,63,2,persistent_chain
G4_Onmem_wall,3,banded_sym_w8,one,IDP-IDP,64,2,persistent_chain
G4_Onmem_wall,3,banded_sym_w8,one,IDP-IDP,65,3,persistent_chain
G4_Onmem_wall,3,banded_sym_w8,one,IDP-IDP,66,2,persistent_chain
G4_Onmem_wall,3,banded_sym_w8,one,IDP-IDP,67,3,persistent_chain
G4_Onmem_wall,3,banded_sym_w8,one,IDP-IDP,68,1,persistent_chain
G4_Onmem_wall,3,banded_sym_w8,one,IDP-IDP,71,1,persistent_chain
G4_Onmem_wall,3,banded_sym_w8,one,IDP-IDP,72,1,persistent_chain
G4_Onmem_wall,3,banded_sym_w8,one,IDP-IDP,73,1,persistent_chain
G4_Onmem_wall,3,banded_sym_w8,one,IDP-IDP,75,1,persistent_chain
G4_Onmem_wall,3,banded_sym_w8,one,IDP-IDP,77,1,persistent_chain
G4_Onmem_wall,3,banded_sym_w8,one,IDP-IDP,78,3,persistent_chain
G4_Onmem_wall,3,banded_sym_w8,one,IDP-IDP,79,1,persistent_chain
G4_Onmem_wall,3,banded_sym_w8,one,IDP-IDP,83,1,persistent_chain
G4_Onmem_wall,3,banded_sym_w8,one,IDP-IDP,84,1,persistent_chain
G4_Onmem_wall,3,banded_sym_w8,one,IDP-IDP,85,1,persistent_chain
G4_Onmem_wall,3,banded_sym_w8,one,IDP-IDP,88,1,persistent_chain
G4_Onmem_wall,3,banded_sym_w8,one,IDP-IDP,114,1,persistent_chain
G4_Onmem_wall,3,banded_sym_w8,one,IDP-IDP,123,1,persistent_chain
G4_Onmem_wall,3,banded_sym_w8,one,IDP-IDP,134,1,persistent_chain
G4_Onmem_wall,3,banded_sym_w8,one,IDP-IDP,138,1,persistent_chain
G4_Onmem_wall,3,banded_sym_w8,three,all,1,16696,persistent_chain
G4_Onmem_wall,3,banded_sym_w8,three,all,2,6147,persistent_chain
G4_Onmem_wall,3,banded_sym_w8,three,all,3,3106,persistent_chain
G4_Onmem_wall,3,banded_sym_w8,three,all,4,1734,persistent_chain
G4_Onmem_wall,3,banded_sym_w8,three,all,5,1149,persistent_chain
G4_Onmem_wall,3,banded_sym_w8,three,all,6,715,persistent_chain
G4_Onmem_wall,3,banded_sym_w8,three,all,7,512,persistent_chain
G4_Onmem_wall,3,banded_sym_w8,three,all,8,354,persistent_chain
G4_Onmem_wall,3,banded_sym_w8,three,all,9,272,persistent_chain
G4_Onmem_wall,3,banded_sym_w8,three,all,10,211,persistent_chain
G4_Onmem_wall,3,banded_sym_w8,three,all,11,159,persistent_chain
G4_Onmem_wall,3,banded_sym_w8,three,all,12,120,persistent_chain
G4_Onmem_wall,3,banded_sym_w8,three,all,13,83,persistent_chain
G4_Onmem_wall,3,banded_sym_w8,three,all,14,81,persistent_chain
G4_Onmem_wall,3,banded_sym_w8,three,all,15,68,persistent_chain
G4_Onmem_wall,3,banded_sym_w8,three,all,16,44,persistent_chain
G4_Onmem_wall,3,banded_sym_w8,three,all,17,58,persistent_chain
G4_Onmem_wall,3,banded_sym_w8,three,all,18,39,persistent_chain
G4_Onmem_wall,3,banded_sym_w8,three,all,19,29,persistent_chain
G4_Onmem_wall,3,banded_sym_w8,three,all,20,23,persistent_chain
G4_Onmem_wall,3,banded_sym_w8,three,all,21,20,persistent_chain
G4_Onmem_wall,3,banded_sym_w8,three,all,22,16,persistent_chain
G4_Onmem_wall,3,banded_sym_w8,three,all,23,14,persistent_chain
G4_Onmem_wall,3,banded_sym_w8,three,all,24,16,persistent_chain
G4_Onmem_wall,3,banded_sym_w8,three,all,25,12,persistent_chain
G4_Onmem_wall,3,banded_sym_w8,three,all,26,9,persistent_chain
G4_Onmem_wall,3,banded_sym_w8,three,all,27,5,persistent_chain
G4_Onmem_wall,3,banded_sym_w8,three,all,28,10,persistent_chain
G4_Onmem_wall,3,banded_sym_w8,three,all,29,10,persistent_chain
G4_Onmem_wall,3,banded_sym_w8,three,all,30,7,persistent_chain
G4_Onmem_wall,3,banded_sym_w8,three,all,31,2,persistent_chain
G4_Onmem_wall,3,banded_sym_w8,three,all,32,5,persistent_chain
G4_Onmem_wall,3,banded_sym_w8,three,all,33,6,persistent_chain
G4_Onmem_wall,3,banded_sym_w8,three,all,34,3,persistent_chain
G4_Onmem_wall,3,banded_sym_w8,three,all,35,5,persistent_chain
G4_Onmem_wall,3,banded_sym_w8,three,all,36,5,persistent_chain
G4_Onmem_wall,3,banded_sym_w8,three,all,37,4,persistent_chain
G4_Onmem_wall,3,banded_sym_w8,three,all,38,5,persistent_chain
G4_Onmem_wall,3,banded_sym_w8,three,all,39,2,persistent_chain
G4_Onmem_wall,3,banded_sym_w8,three,all,41,2,persistent_chain
G4_Onmem_wall,3,banded_sym_w8,three,all,42,4,persistent_chain
G4_Onmem_wall,3,banded_sym_w8,three,all,43,1,persistent_chain
G4_Onmem_wall,3,banded_sym_w8,three,all,44,2,persistent_chain
G4_Onmem_wall,3,banded_sym_w8,three,all,45,2,persistent_chain
G4_Onmem_wall,3,banded_sym_w8,three,all,46,1,persistent_chain
G4_Onmem_wall,3,banded_sym_w8,three,all,47,1,persistent_chain
G4_Onmem_wall,3,banded_sym_w8,three,all,48,2,persistent_chain
G4_Onmem_wall,3,banded_sym_w8,three,all,59,1,persistent_chain
G4_Onmem_wall,3,banded_sym_w8,three,all,60,1,persistent_chain
G4_Onmem_wall,3,banded_sym_w8,three,all,65,1,persistent_chain
G4_Onmem_wall,3,banded_sym_w8,three,all,70,1,persistent_chain
G4_Onmem_wall,3,banded_sym_w8,three,all,94,1,persistent_chain
G4_Onmem_wall,3,banded_sym_w8,three,Hel-Hel,1,16,persistent_chain
G4_Onmem_wall,3,banded_sym_w8,three,Hel-Hel,2,8,persistent_chain
G4_Onmem_wall,3,banded_sym_w8,three,Hel-Hel,3,2,persistent_chain
G4_Onmem_wall,3,banded_sym_w8,three,Hel-Hel,4,5,persistent_chain
G4_Onmem_wall,3,banded_sym_w8,three,Hel-Hel,5,4,persistent_chain
G4_Onmem_wall,3,banded_sym_w8,three,Hel-Hel,6,2,persistent_chain
G4_Onmem_wall,3,banded_sym_w8,three,Hel-Hel,7,1,persistent_chain
G4_Onmem_wall,3,banded_sym_w8,three,Hel-Hel,8,1,persistent_chain
G4_Onmem_wall,3,banded_sym_w8,three,Hel-Hel,13,1,persistent_chain
G4_Onmem_wall,3,banded_sym_w8,three,Hel-Hel,14,1,persistent_chain
G4_Onmem_wall,3,banded_sym_w8,three,Hel-Hel,15,1,persistent_chain
G4_Onmem_wall,3,banded_sym_w8,three,Hel-Hel,19,1,persistent_chain
G4_Onmem_wall,3,banded_sym_w8,three,Hel-Hel,22,1,persistent_chain
G4_Onmem_wall,3,banded_sym_w8,three,Hel-Hel,35,1,persistent_chain
G4_Onmem_wall,3,banded_sym_w8,three,Hel-Hel,37,1,persistent_chain
G4_Onmem_wall,3,banded_sym_w8,three,Hel-Hel,59,1,persistent_chain
G4_Onmem_wall,3,banded_sym_w8,three,Hel-IDP,1,1792,persistent_chain
G4_Onmem_wall,3,banded_sym_w8,three,Hel-IDP,2,662,persistent_chain
G4_Onmem_wall,3,banded_sym_w8,three,Hel-IDP,3,373,persistent_chain
G4_Onmem_wall,3,banded_sym_w8,three,Hel-IDP,4,218,persistent_chain
G4_Onmem_wall,3,banded_sym_w8,three,Hel-IDP,5,151,persistent_chain
G4_Onmem_wall,3,banded_sym_w8,three,Hel-IDP,6,104,persistent_chain
G4_Onmem_wall,3,banded_sym_w8,three,Hel-IDP,7,101,persistent_chain
G4_Onmem_wall,3,banded_sym_w8,three,Hel-IDP,8,40,persistent_chain
G4_Onmem_wall,3,banded_sym_w8,three,Hel-IDP,9,37,persistent_chain
G4_Onmem_wall,3,banded_sym_w8,three,Hel-IDP,10,30,persistent_chain
G4_Onmem_wall,3,banded_sym_w8,three,Hel-IDP,11,31,persistent_chain
G4_Onmem_wall,3,banded_sym_w8,three,Hel-IDP,12,24,persistent_chain
G4_Onmem_wall,3,banded_sym_w8,three,Hel-IDP,13,17,persistent_chain
G4_Onmem_wall,3,banded_sym_w8,three,Hel-IDP,14,18,persistent_chain
G4_Onmem_wall,3,banded_sym_w8,three,Hel-IDP,15,11,persistent_chain
G4_Onmem_wall,3,banded_sym_w8,three,Hel-IDP,16,10,persistent_chain
G4_Onmem_wall,3,banded_sym_w8,three,Hel-IDP,17,19,persistent_chain
G4_Onmem_wall,3,banded_sym_w8,three,Hel-IDP,18,9,persistent_chain
G4_Onmem_wall,3,banded_sym_w8,three,Hel-IDP,19,7,persistent_chain
G4_Onmem_wall,3,banded_sym_w8,three,Hel-IDP,20,6,persistent_chain
G4_Onmem_wall,3,banded_sym_w8,three,Hel-IDP,21,5,persistent_chain
G4_Onmem_wall,3,banded_sym_w8,three,Hel-IDP,22,3,persistent_chain
G4_Onmem_wall,3,banded_sym_w8,three,Hel-IDP,23,2,persistent_chain
G4_Onmem_wall,3,banded_sym_w8,three,Hel-IDP,24,4,persistent_chain
G4_Onmem_wall,3,banded_sym_w8,three,Hel-IDP,25,2,persistent_chain
G4_Onmem_wall,3,banded_sym_w8,three,Hel-IDP,26,2,persistent_chain
G4_Onmem_wall,3,banded_sym_w8,three,Hel-IDP,27,1,persistent_chain
G4_Onmem_wall,3,banded_sym_w8,three,Hel-IDP,28,3,persistent_chain
G4_Onmem_wall,3,banded_sym_w8,three,Hel-IDP,29,6,persistent_chain
G4_Onmem_wall,3,banded_sym_w8,three,Hel-IDP,30,1,persistent_chain
G4_Onmem_wall,3,banded_sym_w8,three,Hel-IDP,33,1,persistent_chain
G4_Onmem_wall,3,banded_sym_w8,three,Hel-IDP,34,2,persistent_chain
G4_Onmem_wall,3,banded_sym_w8,three,Hel-IDP,35,2,persistent_chain
G4_Onmem_wall,3,banded_sym_w8,three,Hel-IDP,36,1,persistent_chain
G4_Onmem_wall,3,banded_sym_w8,three,Hel-IDP,38,2,persistent_chain
G4_Onmem_wall,3,banded_sym_w8,three,Hel-IDP,42,3,persistent_chain
G4_Onmem_wall,3,banded_sym_w8,three,Hel-IDP,44,1,persistent_chain
G4_Onmem_wall,3,banded_sym_w8,three,Hel-IDP,45,1,persistent_chain
G4_Onmem_wall,3,banded_sym_w8,three,Hel-IDP,94,1,persistent_chain
G4_Onmem_wall,3,banded_sym_w8,three,IDP-IDP,1,14888,persistent_chain
G4_Onmem_wall,3,banded_sym_w8,three,IDP-IDP,2,5477,persistent_chain
G4_Onmem_wall,3,banded_sym_w8,three,IDP-IDP,3,2731,persistent_chain
G4_Onmem_wall,3,banded_sym_w8,three,IDP-IDP,4,1511,persistent_chain
G4_Onmem_wall,3,banded_sym_w8,three,IDP-IDP,5,994,persistent_chain
G4_Onmem_wall,3,banded_sym_w8,three,IDP-IDP,6,609,persistent_chain
G4_Onmem_wall,3,banded_sym_w8,three,IDP-IDP,7,410,persistent_chain
G4_Onmem_wall,3,banded_sym_w8,three,IDP-IDP,8,313,persistent_chain
G4_Onmem_wall,3,banded_sym_w8,three,IDP-IDP,9,235,persistent_chain
G4_Onmem_wall,3,banded_sym_w8,three,IDP-IDP,10,181,persistent_chain
G4_Onmem_wall,3,banded_sym_w8,three,IDP-IDP,11,128,persistent_chain
G4_Onmem_wall,3,banded_sym_w8,three,IDP-IDP,12,96,persistent_chain
G4_Onmem_wall,3,banded_sym_w8,three,IDP-IDP,13,65,persistent_chain
G4_Onmem_wall,3,banded_sym_w8,three,IDP-IDP,14,62,persistent_chain
G4_Onmem_wall,3,banded_sym_w8,three,IDP-IDP,15,56,persistent_chain
G4_Onmem_wall,3,banded_sym_w8,three,IDP-IDP,16,34,persistent_chain
G4_Onmem_wall,3,banded_sym_w8,three,IDP-IDP,17,39,persistent_chain
G4_Onmem_wall,3,banded_sym_w8,three,IDP-IDP,18,30,persistent_chain
G4_Onmem_wall,3,banded_sym_w8,three,IDP-IDP,19,21,persistent_chain
G4_Onmem_wall,3,banded_sym_w8,three,IDP-IDP,20,17,persistent_chain
G4_Onmem_wall,3,banded_sym_w8,three,IDP-IDP,21,15,persistent_chain
G4_Onmem_wall,3,banded_sym_w8,three,IDP-IDP,22,12,persistent_chain
G4_Onmem_wall,3,banded_sym_w8,three,IDP-IDP,23,12,persistent_chain
G4_Onmem_wall,3,banded_sym_w8,three,IDP-IDP,24,12,persistent_chain
G4_Onmem_wall,3,banded_sym_w8,three,IDP-IDP,25,10,persistent_chain
G4_Onmem_wall,3,banded_sym_w8,three,IDP-IDP,26,7,persistent_chain
G4_Onmem_wall,3,banded_sym_w8,three,IDP-IDP,27,4,persistent_chain
G4_Onmem_wall,3,banded_sym_w8,three,IDP-IDP,28,7,persistent_chain
G4_Onmem_wall,3,banded_sym_w8,three,IDP-IDP,29,4,persistent_chain
G4_Onmem_wall,3,banded_sym_w8,three,IDP-IDP,30,6,persistent_chain
G4_Onmem_wall,3,banded_sym_w8,three,IDP-IDP,31,2,persistent_chain
G4_Onmem_wall,3,banded_sym_w8,three,IDP-IDP,32,5,persistent_chain
G4_Onmem_wall,3,banded_sym_w8,three,IDP-IDP,33,5,persistent_chain
G4_Onmem_wall,3,banded_sym_w8,three,IDP-IDP,34,1,persistent_chain
G4_Onmem_wall,3,banded_sym_w8,three,IDP-IDP,35,2,persistent_chain
G4_Onmem_wall,3,banded_sym_w8,three,IDP-IDP,36,4,persistent_chain
G4_Onmem_wall,3,banded_sym_w8,three,IDP-IDP,37,3,persistent_chain
G4_Onmem_wall,3,banded_sym_w8,three,IDP-IDP,38,3,persistent_chain
G4_Onmem_wall,3,banded_sym_w8,three,IDP-IDP,39,2,persistent_chain
G4_Onmem_wall,3,banded_sym_w8,three,IDP-IDP,41,2,persistent_chain
G4_Onmem_wall,3,banded_sym_w8,three,IDP-IDP,42,1,persistent_chain
G4_Onmem_wall,3,banded_sym_w8,three,IDP-IDP,43,1,persistent_chain
G4_Onmem_wall,3,banded_sym_w8,three,IDP-IDP,44,1,persistent_chain
G4_Onmem_wall,3,banded_sym_w8,three,IDP-IDP,45,1,persistent_chain
G4_Onmem_wall,3,banded_sym_w8,three,IDP-IDP,46,1,persistent_chain
G4_Onmem_wall,3,banded_sym_w8,three,IDP-IDP,47,1,persistent_chain
G4_Onmem_wall,3,banded_sym_w8,three,IDP-IDP,48,2,persistent_chain
G4_Onmem_wall,3,banded_sym_w8,three,IDP-IDP,60,1,persistent_chain
G4_Onmem_wall,3,banded_sym_w8,three,IDP-IDP,65,1,persistent_chain
G4_Onmem_wall,3,banded_sym_w8,three,IDP-IDP,70,1,persistent_chain
G4_Onmem_wall,3,banded_sym_w8,triplet,all,1,12477,persistent_chain
G4_Onmem_wall,3,banded_sym_w8,triplet,all,2,3978,persistent_chain
G4_Onmem_wall,3,banded_sym_w8,triplet,all,3,1664,persistent_chain
G4_Onmem_wall,3,banded_sym_w8,triplet,all,4,870,persistent_chain
G4_Onmem_wall,3,banded_sym_w8,triplet,all,5,524,persistent_chain
G4_Onmem_wall,3,banded_sym_w8,triplet,all,6,296,persistent_chain
G4_Onmem_wall,3,banded_sym_w8,triplet,all,7,173,persistent_chain
G4_Onmem_wall,3,banded_sym_w8,triplet,all,8,112,persistent_chain
G4_Onmem_wall,3,banded_sym_w8,triplet,all,9,85,persistent_chain
G4_Onmem_wall,3,banded_sym_w8,triplet,all,10,62,persistent_chain
G4_Onmem_wall,3,banded_sym_w8,triplet,all,11,38,persistent_chain
G4_Onmem_wall,3,banded_sym_w8,triplet,all,12,36,persistent_chain
G4_Onmem_wall,3,banded_sym_w8,triplet,all,13,14,persistent_chain
G4_Onmem_wall,3,banded_sym_w8,triplet,all,14,17,persistent_chain
G4_Onmem_wall,3,banded_sym_w8,triplet,all,15,13,persistent_chain
G4_Onmem_wall,3,banded_sym_w8,triplet,all,16,8,persistent_chain
G4_Onmem_wall,3,banded_sym_w8,triplet,all,17,13,persistent_chain
G4_Onmem_wall,3,banded_sym_w8,triplet,all,18,8,persistent_chain
G4_Onmem_wall,3,banded_sym_w8,triplet,all,19,5,persistent_chain
G4_Onmem_wall,3,banded_sym_w8,triplet,all,20,4,persistent_chain
G4_Onmem_wall,3,banded_sym_w8,triplet,all,21,4,persistent_chain
G4_Onmem_wall,3,banded_sym_w8,triplet,all,22,5,persistent_chain
G4_Onmem_wall,3,banded_sym_w8,triplet,all,23,1,persistent_chain
G4_Onmem_wall,3,banded_sym_w8,triplet,all,26,1,persistent_chain
G4_Onmem_wall,3,banded_sym_w8,triplet,all,27,2,persistent_chain
G4_Onmem_wall,3,banded_sym_w8,triplet,all,29,1,persistent_chain
G4_Onmem_wall,3,banded_sym_w8,triplet,all,30,1,persistent_chain
G4_Onmem_wall,3,banded_sym_w8,triplet,all,31,1,persistent_chain
G4_Onmem_wall,3,banded_sym_w8,triplet,all,32,1,persistent_chain
G4_Onmem_wall,3,banded_sym_w8,triplet,all,34,1,persistent_chain
G4_Onmem_wall,3,banded_sym_w8,triplet,all,41,1,persistent_chain
G4_Onmem_wall,3,banded_sym_w8,triplet,Hel-Hel,1,10,persistent_chain
G4_Onmem_wall,3,banded_sym_w8,triplet,Hel-Hel,2,8,persistent_chain
G4_Onmem_wall,3,banded_sym_w8,triplet,Hel-Hel,3,5,persistent_chain
G4_Onmem_wall,3,banded_sym_w8,triplet,Hel-Hel,4,1,persistent_chain
G4_Onmem_wall,3,banded_sym_w8,triplet,Hel-Hel,5,3,persistent_chain
G4_Onmem_wall,3,banded_sym_w8,triplet,Hel-Hel,6,2,persistent_chain
G4_Onmem_wall,3,banded_sym_w8,triplet,Hel-Hel,13,1,persistent_chain
G4_Onmem_wall,3,banded_sym_w8,triplet,Hel-IDP,1,1128,persistent_chain
G4_Onmem_wall,3,banded_sym_w8,triplet,Hel-IDP,2,394,persistent_chain
G4_Onmem_wall,3,banded_sym_w8,triplet,Hel-IDP,3,157,persistent_chain
G4_Onmem_wall,3,banded_sym_w8,triplet,Hel-IDP,4,109,persistent_chain
G4_Onmem_wall,3,banded_sym_w8,triplet,Hel-IDP,5,52,persistent_chain
G4_Onmem_wall,3,banded_sym_w8,triplet,Hel-IDP,6,24,persistent_chain
G4_Onmem_wall,3,banded_sym_w8,triplet,Hel-IDP,7,16,persistent_chain
G4_Onmem_wall,3,banded_sym_w8,triplet,Hel-IDP,8,16,persistent_chain
G4_Onmem_wall,3,banded_sym_w8,triplet,Hel-IDP,9,10,persistent_chain
G4_Onmem_wall,3,banded_sym_w8,triplet,Hel-IDP,10,7,persistent_chain
G4_Onmem_wall,3,banded_sym_w8,triplet,Hel-IDP,11,8,persistent_chain
G4_Onmem_wall,3,banded_sym_w8,triplet,Hel-IDP,12,9,persistent_chain
G4_Onmem_wall,3,banded_sym_w8,triplet,Hel-IDP,13,1,persistent_chain
G4_Onmem_wall,3,banded_sym_w8,triplet,Hel-IDP,14,3,persistent_chain
G4_Onmem_wall,3,banded_sym_w8,triplet,Hel-IDP,15,5,persistent_chain
G4_Onmem_wall,3,banded_sym_w8,triplet,Hel-IDP,16,2,persistent_chain
G4_Onmem_wall,3,banded_sym_w8,triplet,Hel-IDP,19,1,persistent_chain
G4_Onmem_wall,3,banded_sym_w8,triplet,Hel-IDP,20,1,persistent_chain
G4_Onmem_wall,3,banded_sym_w8,triplet,Hel-IDP,21,1,persistent_chain
G4_Onmem_wall,3,banded_sym_w8,triplet,Hel-IDP,23,1,persistent_chain
G4_Onmem_wall,3,banded_sym_w8,triplet,Hel-IDP,29,1,persistent_chain
G4_Onmem_wall,3,banded_sym_w8,triplet,Hel-IDP,32,1,persistent_chain
G4_Onmem_wall,3,banded_sym_w8,triplet,Hel-IDP,41,1,persistent_chain
G4_Onmem_wall,3,banded_sym_w8,triplet,IDP-IDP,1,11339,persistent_chain
G4_Onmem_wall,3,banded_sym_w8,triplet,IDP-IDP,2,3576,persistent_chain
G4_Onmem_wall,3,banded_sym_w8,triplet,IDP-IDP,3,1502,persistent_chain
G4_Onmem_wall,3,banded_sym_w8,triplet,IDP-IDP,4,760,persistent_chain
G4_Onmem_wall,3,banded_sym_w8,triplet,IDP-IDP,5,469,persistent_chain
G4_Onmem_wall,3,banded_sym_w8,triplet,IDP-IDP,6,270,persistent_chain
G4_Onmem_wall,3,banded_sym_w8,triplet,IDP-IDP,7,157,persistent_chain
G4_Onmem_wall,3,banded_sym_w8,triplet,IDP-IDP,8,96,persistent_chain
G4_Onmem_wall,3,banded_sym_w8,triplet,IDP-IDP,9,75,persistent_chain
G4_Onmem_wall,3,banded_sym_w8,triplet,IDP-IDP,10,55,persistent_chain
G4_Onmem_wall,3,banded_sym_w8,triplet,IDP-IDP,11,30,persistent_chain
G4_Onmem_wall,3,banded_sym_w8,triplet,IDP-IDP,12,27,persistent_chain
G4_Onmem_wall,3,banded_sym_w8,triplet,IDP-IDP,13,12,persistent_chain
G4_Onmem_wall,3,banded_sym_w8,triplet,IDP-IDP,14,14,persistent_chain
G4_Onmem_wall,3,banded_sym_w8,triplet,IDP-IDP,15,8,persistent_chain
G4_Onmem_wall,3,banded_sym_w8,triplet,IDP-IDP,16,6,persistent_chain
G4_Onmem_wall,3,banded_sym_w8,triplet,IDP-IDP,17,13,persistent_chain
G4_Onmem_wall,3,banded_sym_w8,triplet,IDP-IDP,18,8,persistent_chain
G4_Onmem_wall,3,banded_sym_w8,triplet,IDP-IDP,19,4,persistent_chain
G4_Onmem_wall,3,banded_sym_w8,triplet,IDP-IDP,20,3,persistent_chain
G4_Onmem_wall,3,banded_sym_w8,triplet,IDP-IDP,21,3,persistent_chain
G4_Onmem_wall,3,banded_sym_w8,triplet,IDP-IDP,22,5,persistent_chain
G4_Onmem_wall,3,banded_sym_w8,triplet,IDP-IDP,26,1,persistent_chain
G4_Onmem_wall,3,banded_sym_w8,triplet,IDP-IDP,27,2,persistent_chain
G4_Onmem_wall,3,banded_sym_w8,triplet,IDP-IDP,30,1,persistent_chain
G4_Onmem_wall,3,banded_sym_w8,triplet,IDP-IDP,31,1,persistent_chain
G4_Onmem_wall,3,banded_sym_w8,triplet,IDP-IDP,34,1,persistent_chain
G4_Onmem_wall,3,banded_sym_w10,one,all,1,22603,persistent_chain
G4_Onmem_wall,3,banded_sym_w10,one,all,2,8959,persistent_chain
G4_Onmem_wall,3,banded_sym_w10,one,all,3,4880,persistent_chain
G4_Onmem_wall,3,banded_sym_w10,one,all,4,3105,persistent_chain
G4_Onmem_wall,3,banded_sym_w10,one,all,5,2024,persistent_chain
G4_Onmem_wall,3,banded_sym_w10,one,all,6,1464,persistent_chain
G4_Onmem_wall,3,banded_sym_w10,one,all,7,1091,persistent_chain
G4_Onmem_wall,3,banded_sym_w10,one,all,8,815,persistent_chain
G4_Onmem_wall,3,banded_sym_w10,one,all,9,634,persistent_chain
G4_Onmem_wall,3,banded_sym_w10,one,all,10,466,persistent_chain
G4_Onmem_wall,3,banded_sym_w10,one,all,11,400,persistent_chain
G4_Onmem_wall,3,banded_sym_w10,one,all,12,303,persistent_chain
G4_Onmem_wall,3,banded_sym_w10,one,all,13,291,persistent_chain
G4_Onmem_wall,3,banded_sym_w10,one,all,14,233,persistent_chain
G4_Onmem_wall,3,banded_sym_w10,one,all,15,201,persistent_chain
G4_Onmem_wall,3,banded_sym_w10,one,all,16,167,persistent_chain
G4_Onmem_wall,3,banded_sym_w10,one,all,17,140,persistent_chain
G4_Onmem_wall,3,banded_sym_w10,one,all,18,124,persistent_chain
G4_Onmem_wall,3,banded_sym_w10,one,all,19,79,persistent_chain
G4_Onmem_wall,3,banded_sym_w10,one,all,20,81,persistent_chain
G4_Onmem_wall,3,banded_sym_w10,one,all,21,79,persistent_chain
G4_Onmem_wall,3,banded_sym_w10,one,all,22,77,persistent_chain
G4_Onmem_wall,3,banded_sym_w10,one,all,23,54,persistent_chain
G4_Onmem_wall,3,banded_sym_w10,one,all,24,49,persistent_chain
G4_Onmem_wall,3,banded_sym_w10,one,all,25,39,persistent_chain
G4_Onmem_wall,3,banded_sym_w10,one,all,26,44,persistent_chain
G4_Onmem_wall,3,banded_sym_w10,one,all,27,38,persistent_chain
G4_Onmem_wall,3,banded_sym_w10,one,all,28,44,persistent_chain
G4_Onmem_wall,3,banded_sym_w10,one,all,29,37,persistent_chain
G4_Onmem_wall,3,banded_sym_w10,one,all,30,22,persistent_chain
G4_Onmem_wall,3,banded_sym_w10,one,all,31,26,persistent_chain
G4_Onmem_wall,3,banded_sym_w10,one,all,32,33,persistent_chain
G4_Onmem_wall,3,banded_sym_w10,one,all,33,21,persistent_chain
G4_Onmem_wall,3,banded_sym_w10,one,all,34,20,persistent_chain
G4_Onmem_wall,3,banded_sym_w10,one,all,35,19,persistent_chain
G4_Onmem_wall,3,banded_sym_w10,one,all,36,19,persistent_chain
G4_Onmem_wall,3,banded_sym_w10,one,all,37,9,persistent_chain
G4_Onmem_wall,3,banded_sym_w10,one,all,38,18,persistent_chain
G4_Onmem_wall,3,banded_sym_w10,one,all,39,13,persistent_chain
G4_Onmem_wall,3,banded_sym_w10,one,all,40,12,persistent_chain
G4_Onmem_wall,3,banded_sym_w10,one,all,41,12,persistent_chain
G4_Onmem_wall,3,banded_sym_w10,one,all,42,10,persistent_chain
G4_Onmem_wall,3,banded_sym_w10,one,all,43,9,persistent_chain
G4_Onmem_wall,3,banded_sym_w10,one,all,44,10,persistent_chain
G4_Onmem_wall,3,banded_sym_w10,one,all,45,7,persistent_chain
G4_Onmem_wall,3,banded_sym_w10,one,all,46,5,persistent_chain
G4_Onmem_wall,3,banded_sym_w10,one,all,47,7,persistent_chain
G4_Onmem_wall,3,banded_sym_w10,one,all,48,7,persistent_chain
G4_Onmem_wall,3,banded_sym_w10,one,all,49,2,persistent_chain
G4_Onmem_wall,3,banded_sym_w10,one,all,50,2,persistent_chain
G4_Onmem_wall,3,banded_sym_w10,one,all,51,5,persistent_chain
G4_Onmem_wall,3,banded_sym_w10,one,all,52,10,persistent_chain
G4_Onmem_wall,3,banded_sym_w10,one,all,53,6,persistent_chain
G4_Onmem_wall,3,banded_sym_w10,one,all,54,5,persistent_chain
G4_Onmem_wall,3,banded_sym_w10,one,all,55,4,persistent_chain
G4_Onmem_wall,3,banded_sym_w10,one,all,56,5,persistent_chain
G4_Onmem_wall,3,banded_sym_w10,one,all,57,3,persistent_chain
G4_Onmem_wall,3,banded_sym_w10,one,all,58,3,persistent_chain
G4_Onmem_wall,3,banded_sym_w10,one,all,59,3,persistent_chain
G4_Onmem_wall,3,banded_sym_w10,one,all,60,2,persistent_chain
G4_Onmem_wall,3,banded_sym_w10,one,all,61,2,persistent_chain
G4_Onmem_wall,3,banded_sym_w10,one,all,62,1,persistent_chain
G4_Onmem_wall,3,banded_sym_w10,one,all,63,2,persistent_chain
G4_Onmem_wall,3,banded_sym_w10,one,all,64,2,persistent_chain
G4_Onmem_wall,3,banded_sym_w10,one,all,65,3,persistent_chain
G4_Onmem_wall,3,banded_sym_w10,one,all,66,2,persistent_chain
G4_Onmem_wall,3,banded_sym_w10,one,all,67,4,persistent_chain
G4_Onmem_wall,3,banded_sym_w10,one,all,68,3,persistent_chain
G4_Onmem_wall,3,banded_sym_w10,one,all,69,2,persistent_chain
G4_Onmem_wall,3,banded_sym_w10,one,all,70,1,persistent_chain
G4_Onmem_wall,3,banded_sym_w10,one,all,71,4,persistent_chain
G4_Onmem_wall,3,banded_sym_w10,one,all,72,2,persistent_chain
G4_Onmem_wall,3,banded_sym_w10,one,all,73,3,persistent_chain
G4_Onmem_wall,3,banded_sym_w10,one,all,74,2,persistent_chain
G4_Onmem_wall,3,banded_sym_w10,one,all,75,1,persistent_chain
G4_Onmem_wall,3,banded_sym_w10,one,all,76,1,persistent_chain
G4_Onmem_wall,3,banded_sym_w10,one,all,77,1,persistent_chain
G4_Onmem_wall,3,banded_sym_w10,one,all,78,2,persistent_chain
G4_Onmem_wall,3,banded_sym_w10,one,all,79,1,persistent_chain
G4_Onmem_wall,3,banded_sym_w10,one,all,80,1,persistent_chain
G4_Onmem_wall,3,banded_sym_w10,one,all,81,2,persistent_chain
G4_Onmem_wall,3,banded_sym_w10,one,all,83,1,persistent_chain
G4_Onmem_wall,3,banded_sym_w10,one,all,84,2,persistent_chain
G4_Onmem_wall,3,banded_sym_w10,one,all,85,1,persistent_chain
G4_Onmem_wall,3,banded_sym_w10,one,all,87,1,persistent_chain
G4_Onmem_wall,3,banded_sym_w10,one,all,89,2,persistent_chain
G4_Onmem_wall,3,banded_sym_w10,one,all,91,1,persistent_chain
G4_Onmem_wall,3,banded_sym_w10,one,all,92,1,persistent_chain
G4_Onmem_wall,3,banded_sym_w10,one,all,93,2,persistent_chain
G4_Onmem_wall,3,banded_sym_w10,one,all,100,2,persistent_chain
G4_Onmem_wall,3,banded_sym_w10,one,all,114,1,persistent_chain
G4_Onmem_wall,3,banded_sym_w10,one,all,124,1,persistent_chain
G4_Onmem_wall,3,banded_sym_w10,one,all,141,1,persistent_chain
G4_Onmem_wall,3,banded_sym_w10,one,all,146,1,persistent_chain
G4_Onmem_wall,3,banded_sym_w10,one,all,158,1,persistent_chain
G4_Onmem_wall,3,banded_sym_w10,one,all,168,1,persistent_chain
G4_Onmem_wall,3,banded_sym_w10,one,Hel-Hel,1,38,persistent_chain
G4_Onmem_wall,3,banded_sym_w10,one,Hel-Hel,2,16,persistent_chain
G4_Onmem_wall,3,banded_sym_w10,one,Hel-Hel,3,8,persistent_chain
G4_Onmem_wall,3,banded_sym_w10,one,Hel-Hel,4,6,persistent_chain
G4_Onmem_wall,3,banded_sym_w10,one,Hel-Hel,5,5,persistent_chain
G4_Onmem_wall,3,banded_sym_w10,one,Hel-Hel,6,2,persistent_chain
G4_Onmem_wall,3,banded_sym_w10,one,Hel-Hel,7,3,persistent_chain
G4_Onmem_wall,3,banded_sym_w10,one,Hel-Hel,8,1,persistent_chain
G4_Onmem_wall,3,banded_sym_w10,one,Hel-Hel,9,1,persistent_chain
G4_Onmem_wall,3,banded_sym_w10,one,Hel-Hel,10,1,persistent_chain
G4_Onmem_wall,3,banded_sym_w10,one,Hel-Hel,20,1,persistent_chain
G4_Onmem_wall,3,banded_sym_w10,one,Hel-Hel,35,1,persistent_chain
G4_Onmem_wall,3,banded_sym_w10,one,Hel-Hel,37,1,persistent_chain
G4_Onmem_wall,3,banded_sym_w10,one,Hel-Hel,39,1,persistent_chain
G4_Onmem_wall,3,banded_sym_w10,one,Hel-Hel,47,1,persistent_chain
G4_Onmem_wall,3,banded_sym_w10,one,Hel-Hel,51,1,persistent_chain
G4_Onmem_wall,3,banded_sym_w10,one,Hel-Hel,59,1,persistent_chain
G4_Onmem_wall,3,banded_sym_w10,one,Hel-Hel,64,1,persistent_chain
G4_Onmem_wall,3,banded_sym_w10,one,Hel-IDP,1,2374,persistent_chain
G4_Onmem_wall,3,banded_sym_w10,one,Hel-IDP,2,888,persistent_chain
G4_Onmem_wall,3,banded_sym_w10,one,Hel-IDP,3,536,persistent_chain
G4_Onmem_wall,3,banded_sym_w10,one,Hel-IDP,4,323,persistent_chain
G4_Onmem_wall,3,banded_sym_w10,one,Hel-IDP,5,226,persistent_chain
G4_Onmem_wall,3,banded_sym_w10,one,Hel-IDP,6,186,persistent_chain
G4_Onmem_wall,3,banded_sym_w10,one,Hel-IDP,7,151,persistent_chain
G4_Onmem_wall,3,banded_sym_w10,one,Hel-IDP,8,95,persistent_chain
G4_Onmem_wall,3,banded_sym_w10,one,Hel-IDP,9,84,persistent_chain
G4_Onmem_wall,3,banded_sym_w10,one,Hel-IDP,10,71,persistent_chain
G4_Onmem_wall,3,banded_sym_w10,one,Hel-IDP,11,55,persistent_chain
G4_Onmem_wall,3,banded_sym_w10,one,Hel-IDP,12,48,persistent_chain
G4_Onmem_wall,3,banded_sym_w10,one,Hel-IDP,13,45,persistent_chain
G4_Onmem_wall,3,banded_sym_w10,one,Hel-IDP,14,24,persistent_chain
G4_Onmem_wall,3,banded_sym_w10,one,Hel-IDP,15,33,persistent_chain
G4_Onmem_wall,3,banded_sym_w10,one,Hel-IDP,16,21,persistent_chain
G4_Onmem_wall,3,banded_sym_w10,one,Hel-IDP,17,21,persistent_chain
G4_Onmem_wall,3,banded_sym_w10,one,Hel-IDP,18,20,persistent_chain
G4_Onmem_wall,3,banded_sym_w10,one,Hel-IDP,19,10,persistent_chain
G4_Onmem_wall,3,banded_sym_w10,one,Hel-IDP,20,9,persistent_chain
G4_Onmem_wall,3,banded_sym_w10,one,Hel-IDP,21,19,persistent_chain
G4_Onmem_wall,3,banded_sym_w10,one,Hel-IDP,22,10,persistent_chain
G4_Onmem_wall,3,banded_sym_w10,one,Hel-IDP,23,11,persistent_chain
G4_Onmem_wall,3,banded_sym_w10,one,Hel-IDP,24,13,persistent_chain
G4_Onmem_wall,3,banded_sym_w10,one,Hel-IDP,25,7,persistent_chain
G4_Onmem_wall,3,banded_sym_w10,one,Hel-IDP,26,8,persistent_chain
G4_Onmem_wall,3,banded_sym_w10,one,Hel-IDP,27,8,persistent_chain
G4_Onmem_wall,3,banded_sym_w10,one,Hel-IDP,28,11,persistent_chain
G4_Onmem_wall,3,banded_sym_w10,one,Hel-IDP,29,8,persistent_chain
G4_Onmem_wall,3,banded_sym_w10,one,Hel-IDP,30,3,persistent_chain
G4_Onmem_wall,3,banded_sym_w10,one,Hel-IDP,31,6,persistent_chain
G4_Onmem_wall,3,banded_sym_w10,one,Hel-IDP,32,14,persistent_chain
G4_Onmem_wall,3,banded_sym_w10,one,Hel-IDP,33,4,persistent_chain
G4_Onmem_wall,3,banded_sym_w10,one,Hel-IDP,34,4,persistent_chain
G4_Onmem_wall,3,banded_sym_w10,one,Hel-IDP,35,5,persistent_chain
G4_Onmem_wall,3,banded_sym_w10,one,Hel-IDP,36,7,persistent_chain
G4_Onmem_wall,3,banded_sym_w10,one,Hel-IDP,37,2,persistent_chain
G4_Onmem_wall,3,banded_sym_w10,one,Hel-IDP,38,3,persistent_chain
G4_Onmem_wall,3,banded_sym_w10,one,Hel-IDP,39,3,persistent_chain
G4_Onmem_wall,3,banded_sym_w10,one,Hel-IDP,40,1,persistent_chain
G4_Onmem_wall,3,banded_sym_w10,one,Hel-IDP,41,3,persistent_chain
G4_Onmem_wall,3,banded_sym_w10,one,Hel-IDP,42,3,persistent_chain
G4_Onmem_wall,3,banded_sym_w10,one,Hel-IDP,43,1,persistent_chain
G4_Onmem_wall,3,banded_sym_w10,one,Hel-IDP,44,1,persistent_chain
G4_Onmem_wall,3,banded_sym_w10,one,Hel-IDP,45,1,persistent_chain
G4_Onmem_wall,3,banded_sym_w10,one,Hel-IDP,46,1,persistent_chain
G4_Onmem_wall,3,banded_sym_w10,one,Hel-IDP,47,2,persistent_chain
G4_Onmem_wall,3,banded_sym_w10,one,Hel-IDP,48,1,persistent_chain
G4_Onmem_wall,3,banded_sym_w10,one,Hel-IDP,50,1,persistent_chain
G4_Onmem_wall,3,banded_sym_w10,one,Hel-IDP,51,2,persistent_chain
G4_Onmem_wall,3,banded_sym_w10,one,Hel-IDP,52,1,persistent_chain
G4_Onmem_wall,3,banded_sym_w10,one,Hel-IDP,53,1,persistent_chain
G4_Onmem_wall,3,banded_sym_w10,one,Hel-IDP,54,3,persistent_chain
G4_Onmem_wall,3,banded_sym_w10,one,Hel-IDP,55,1,persistent_chain
G4_Onmem_wall,3,banded_sym_w10,one,Hel-IDP,56,2,persistent_chain
G4_Onmem_wall,3,banded_sym_w10,one,Hel-IDP,58,1,persistent_chain
G4_Onmem_wall,3,banded_sym_w10,one,Hel-IDP,59,1,persistent_chain
G4_Onmem_wall,3,banded_sym_w10,one,Hel-IDP,60,1,persistent_chain
G4_Onmem_wall,3,banded_sym_w10,one,Hel-IDP,63,1,persistent_chain
G4_Onmem_wall,3,banded_sym_w10,one,Hel-IDP,65,1,persistent_chain
G4_Onmem_wall,3,banded_sym_w10,one,Hel-IDP,67,1,persistent_chain
G4_Onmem_wall,3,banded_sym_w10,one,Hel-IDP,71,1,persistent_chain
G4_Onmem_wall,3,banded_sym_w10,one,Hel-IDP,73,2,persistent_chain
G4_Onmem_wall,3,banded_sym_w10,one,Hel-IDP,74,1,persistent_chain
G4_Onmem_wall,3,banded_sym_w10,one,Hel-IDP,78,1,persistent_chain
G4_Onmem_wall,3,banded_sym_w10,one,Hel-IDP,81,1,persistent_chain
G4_Onmem_wall,3,banded_sym_w10,one,Hel-IDP,87,1,persistent_chain
G4_Onmem_wall,3,banded_sym_w10,one,Hel-IDP,92,1,persistent_chain
G4_Onmem_wall,3,banded_sym_w10,one,Hel-IDP,93,1,persistent_chain
G4_Onmem_wall,3,banded_sym_w10,one,Hel-IDP,100,1,persistent_chain
G4_Onmem_wall,3,banded_sym_w10,one,Hel-IDP,124,1,persistent_chain
G4_Onmem_wall,3,banded_sym_w10,one,Hel-IDP,146,1,persistent_chain
G4_Onmem_wall,3,banded_sym_w10,one,IDP-IDP,1,20191,persistent_chain
G4_Onmem_wall,3,banded_sym_w10,one,IDP-IDP,2,8055,persistent_chain
G4_Onmem_wall,3,banded_sym_w10,one,IDP-IDP,3,4336,persistent_chain
G4_Onmem_wall,3,banded_sym_w10,one,IDP-IDP,4,2776,persistent_chain
G4_Onmem_wall,3,banded_sym_w10,one,IDP-IDP,5,1793,persistent_chain
G4_Onmem_wall,3,banded_sym_w10,one,IDP-IDP,6,1276,persistent_chain
G4_Onmem_wall,3,banded_sym_w10,one,IDP-IDP,7,937,persistent_chain
G4_Onmem_wall,3,banded_sym_w10,one,IDP-IDP,8,719,persistent_chain
G4_Onmem_wall,3,banded_sym_w10,one,IDP-IDP,9,549,persistent_chain
G4_Onmem_wall,3,banded_sym_w10,one,IDP-IDP,10,394,persistent_chain
G4_Onmem_wall,3,banded_sym_w10,one,IDP-IDP,11,345,persistent_chain
G4_Onmem_wall,3,banded_sym_w10,one,IDP-IDP,12,255,persistent_chain
G4_Onmem_wall,3,banded_sym_w10,one,IDP-IDP,13,246,persistent_chain
G4_Onmem_wall,3,banded_sym_w10,one,IDP-IDP,14,209,persistent_chain
G4_Onmem_wall,3,banded_sym_w10,one,IDP-IDP,15,168,persistent_chain
G4_Onmem_wall,3,banded_sym_w10,one,IDP-IDP,16,146,persistent_chain
G4_Onmem_wall,3,banded_sym_w10,one,IDP-IDP,17,119,persistent_chain
G4_Onmem_wall,3,banded_sym_w10,one,IDP-IDP,18,104,persistent_chain
G4_Onmem_wall,3,banded_sym_w10,one,IDP-IDP,19,69,persistent_chain
G4_Onmem_wall,3,banded_sym_w10,one,IDP-IDP,20,71,persistent_chain
G4_Onmem_wall,3,banded_sym_w10,one,IDP-IDP,21,60,persistent_chain
G4_Onmem_wall,3,banded_sym_w10,one,IDP-IDP,22,67,persistent_chain
G4_Onmem_wall,3,banded_sym_w10,one,IDP-IDP,23,43,persistent_chain
G4_Onmem_wall,3,banded_sym_w10,one,IDP-IDP,24,36,persistent_chain
G4_Onmem_wall,3,banded_sym_w10,one,IDP-IDP,25,32,persistent_chain
G4_Onmem_wall,3,banded_sym_w10,one,IDP-IDP,26,36,persistent_chain
G4_Onmem_wall,3,banded_sym_w10,one,IDP-IDP,27,30,persistent_chain
G4_Onmem_wall,3,banded_sym_w10,one,IDP-IDP,28,33,persistent_chain
G4_Onmem_wall,3,banded_sym_w10,one,IDP-IDP,29,29,persistent_chain
G4_Onmem_wall,3,banded_sym_w10,one,IDP-IDP,30,19,persistent_chain
G4_Onmem_wall,3,banded_sym_w10,one,IDP-IDP,31,20,persistent_chain
G4_Onmem_wall,3,banded_sym_w10,one,IDP-IDP,32,19,persistent_chain
G4_Onmem_wall,3,banded_sym_w10,one,IDP-IDP,33,17,persistent_chain
G4_Onmem_wall,3,banded_sym_w10,one,IDP-IDP,34,16,persistent_chain
G4_Onmem_wall,3,banded_sym_w10,one,IDP-IDP,35,13,persistent_chain
G4_Onmem_wall,3,banded_sym_w10,one,IDP-IDP,36,12,persistent_chain
G4_Onmem_wall,3,banded_sym_w10,one,IDP-IDP,37,6,persistent_chain
G4_Onmem_wall,3,banded_sym_w10,one,IDP-IDP,38,15,persistent_chain
G4_Onmem_wall,3,banded_sym_w10,one,IDP-IDP,39,9,persistent_chain
G4_Onmem_wall,3,banded_sym_w10,one,IDP-IDP,40,11,persistent_chain
G4_Onmem_wall,3,banded_sym_w10,one,IDP-IDP,41,9,persistent_chain
G4_Onmem_wall,3,banded_sym_w10,one,IDP-IDP,42,7,persistent_chain
G4_Onmem_wall,3,banded_sym_w10,one,IDP-IDP,43,8,persistent_chain
G4_Onmem_wall,3,banded_sym_w10,one,IDP-IDP,44,9,persistent_chain
G4_Onmem_wall,3,banded_sym_w10,one,IDP-IDP,45,6,persistent_chain
G4_Onmem_wall,3,banded_sym_w10,one,IDP-IDP,46,4,persistent_chain
G4_Onmem_wall,3,banded_sym_w10,one,IDP-IDP,47,4,persistent_chain
G4_Onmem_wall,3,banded_sym_w10,one,IDP-IDP,48,6,persistent_chain
G4_Onmem_wall,3,banded_sym_w10,one,IDP-IDP,49,2,persistent_chain
G4_Onmem_wall,3,banded_sym_w10,one,IDP-IDP,50,1,persistent_chain
G4_Onmem_wall,3,banded_sym_w10,one,IDP-IDP,51,2,persistent_chain
G4_Onmem_wall,3,banded_sym_w10,one,IDP-IDP,52,9,persistent_chain
G4_Onmem_wall,3,banded_sym_w10,one,IDP-IDP,53,5,persistent_chain
G4_Onmem_wall,3,banded_sym_w10,one,IDP-IDP,54,2,persistent_chain
G4_Onmem_wall,3,banded_sym_w10,one,IDP-IDP,55,3,persistent_chain
G4_Onmem_wall,3,banded_sym_w10,one,IDP-IDP,56,3,persistent_chain
G4_Onmem_wall,3,banded_sym_w10,one,IDP-IDP,57,3,persistent_chain
G4_Onmem_wall,3,banded_sym_w10,one,IDP-IDP,58,2,persistent_chain
G4_Onmem_wall,3,banded_sym_w10,one,IDP-IDP,59,1,persistent_chain
G4_Onmem_wall,3,banded_sym_w10,one,IDP-IDP,60,1,persistent_chain
G4_Onmem_wall,3,banded_sym_w10,one,IDP-IDP,61,2,persistent_chain
G4_Onmem_wall,3,banded_sym_w10,one,IDP-IDP,62,1,persistent_chain
G4_Onmem_wall,3,banded_sym_w10,one,IDP-IDP,63,1,persistent_chain
G4_Onmem_wall,3,banded_sym_w10,one,IDP-IDP,64,1,persistent_chain
G4_Onmem_wall,3,banded_sym_w10,one,IDP-IDP,65,2,persistent_chain
G4_Onmem_wall,3,banded_sym_w10,one,IDP-IDP,66,2,persistent_chain
G4_Onmem_wall,3,banded_sym_w10,one,IDP-IDP,67,3,persistent_chain
G4_Onmem_wall,3,banded_sym_w10,one,IDP-IDP,68,3,persistent_chain
G4_Onmem_wall,3,banded_sym_w10,one,IDP-IDP,69,2,persistent_chain
G4_Onmem_wall,3,banded_sym_w10,one,IDP-IDP,70,1,persistent_chain
G4_Onmem_wall,3,banded_sym_w10,one,IDP-IDP,71,3,persistent_chain
G4_Onmem_wall,3,banded_sym_w10,one,IDP-IDP,72,2,persistent_chain
G4_Onmem_wall,3,banded_sym_w10,one,IDP-IDP,73,1,persistent_chain
G4_Onmem_wall,3,banded_sym_w10,one,IDP-IDP,74,1,persistent_chain
G4_Onmem_wall,3,banded_sym_w10,one,IDP-IDP,75,1,persistent_chain
G4_Onmem_wall,3,banded_sym_w10,one,IDP-IDP,76,1,persistent_chain
G4_Onmem_wall,3,banded_sym_w10,one,IDP-IDP,77,1,persistent_chain
G4_Onmem_wall,3,banded_sym_w10,one,IDP-IDP,78,1,persistent_chain
G4_Onmem_wall,3,banded_sym_w10,one,IDP-IDP,79,1,persistent_chain
G4_Onmem_wall,3,banded_sym_w10,one,IDP-IDP,80,1,persistent_chain
G4_Onmem_wall,3,banded_sym_w10,one,IDP-IDP,81,1,persistent_chain
G4_Onmem_wall,3,banded_sym_w10,one,IDP-IDP,83,1,persistent_chain
G4_Onmem_wall,3,banded_sym_w10,one,IDP-IDP,84,2,persistent_chain
G4_Onmem_wall,3,banded_sym_w10,one,IDP-IDP,85,1,persistent_chain
G4_Onmem_wall,3,banded_sym_w10,one,IDP-IDP,89,2,persistent_chain
G4_Onmem_wall,3,banded_sym_w10,one,IDP-IDP,91,1,persistent_chain
G4_Onmem_wall,3,banded_sym_w10,one,IDP-IDP,93,1,persistent_chain
G4_Onmem_wall,3,banded_sym_w10,one,IDP-IDP,100,1,persistent_chain
G4_Onmem_wall,3,banded_sym_w10,one,IDP-IDP,114,1,persistent_chain
G4_Onmem_wall,3,banded_sym_w10,one,IDP-IDP,141,1,persistent_chain
G4_Onmem_wall,3,banded_sym_w10,one,IDP-IDP,158,1,persistent_chain
G4_Onmem_wall,3,banded_sym_w10,one,IDP-IDP,168,1,persistent_chain
G4_Onmem_wall,3,banded_sym_w10,three,all,1,18698,persistent_chain
G4_Onmem_wall,3,banded_sym_w10,three,all,2,7017,persistent_chain
G4_Onmem_wall,3,banded_sym_w10,three,all,3,3573,persistent_chain
G4_Onmem_wall,3,banded_sym_w10,three,all,4,2061,persistent_chain
G4_Onmem_wall,3,banded_sym_w10,three,all,5,1315,persistent_chain
G4_Onmem_wall,3,banded_sym_w10,three,all,6,854,persistent_chain
G4_Onmem_wall,3,banded_sym_w10,three,all,7,613,persistent_chain
G4_Onmem_wall,3,banded_sym_w10,three,all,8,426,persistent_chain
G4_Onmem_wall,3,banded_sym_w10,three,all,9,347,persistent_chain
G4_Onmem_wall,3,banded_sym_w10,three,all,10,252,persistent_chain
G4_Onmem_wall,3,banded_sym_w10,three,all,11,197,persistent_chain
G4_Onmem_wall,3,banded_sym_w10,three,all,12,149,persistent_chain
G4_Onmem_wall,3,banded_sym_w10,three,all,13,103,persistent_chain
G4_Onmem_wall,3,banded_sym_w10,three,all,14,81,persistent_chain
G4_Onmem_wall,3,banded_sym_w10,three,all,15,90,persistent_chain
G4_Onmem_wall,3,banded_sym_w10,three,all,16,60,persistent_chain
G4_Onmem_wall,3,banded_sym_w10,three,all,17,69,persistent_chain
G4_Onmem_wall,3,banded_sym_w10,three,all,18,48,persistent_chain
G4_Onmem_wall,3,banded_sym_w10,three,all,19,33,persistent_chain
G4_Onmem_wall,3,banded_sym_w10,three,all,20,32,persistent_chain
G4_Onmem_wall,3,banded_sym_w10,three,all,21,29,persistent_chain
G4_Onmem_wall,3,banded_sym_w10,three,all,22,25,persistent_chain
G4_Onmem_wall,3,banded_sym_w10,three,all,23,10,persistent_chain
G4_Onmem_wall,3,banded_sym_w10,three,all,24,24,persistent_chain
G4_Onmem_wall,3,banded_sym_w10,three,all,25,17,persistent_chain
G4_Onmem_wall,3,banded_sym_w10,three,all,26,16,persistent_chain
G4_Onmem_wall,3,banded_sym_w10,three,all,27,9,persistent_chain
G4_Onmem_wall,3,banded_sym_w10,three,all,28,13,persistent_chain
G4_Onmem_wall,3,banded_sym_w10,three,all,29,7,persistent_chain
G4_Onmem_wall,3,banded_sym_w10,three,all,30,12,persistent_chain
G4_Onmem_wall,3,banded_sym_w10,three,all,31,9,persistent_chain
G4_Onmem_wall,3,banded_sym_w10,three,all,32,4,persistent_chain
G4_Onmem_wall,3,banded_sym_w10,three,all,33,3,persistent_chain
G4_Onmem_wall,3,banded_sym_w10,three,all,34,5,persistent_chain
G4_Onmem_wall,3,banded_sym_w10,three,all,35,6,persistent_chain
G4_Onmem_wall,3,banded_sym_w10,three,all,36,5,persistent_chain
G4_Onmem_wall,3,banded_sym_w10,three,all,37,5,persistent_chain
G4_Onmem_wall,3,banded_sym_w10,three,all,38,2,persistent_chain
G4_Onmem_wall,3,banded_sym_w10,three,all,39,3,persistent_chain
G4_Onmem_wall,3,banded_sym_w10,three,all,40,3,persistent_chain
G4_Onmem_wall,3,banded_sym_w10,three,all,41,2,persistent_chain
G4_Onmem_wall,3,banded_sym_w10,three,all,42,4,persistent_chain
G4_Onmem_wall,3,banded_sym_w10,three,all,43,2,persistent_chain
G4_Onmem_wall,3,banded_sym_w10,three,all,44,3,persistent_chain
G4_Onmem_wall,3,banded_sym_w10,three,all,45,4,persistent_chain
G4_Onmem_wall,3,banded_sym_w10,three,all,46,2,persistent_chain
G4_Onmem_wall,3,banded_sym_w10,three,all,47,3,persistent_chain
G4_Onmem_wall,3,banded_sym_w10,three,all,49,1,persistent_chain
G4_Onmem_wall,3,banded_sym_w10,three,all,50,1,persistent_chain
G4_Onmem_wall,3,banded_sym_w10,three,all,51,1,persistent_chain
G4_Onmem_wall,3,banded_sym_w10,three,all,56,2,persistent_chain
G4_Onmem_wall,3,banded_sym_w10,three,all,59,1,persistent_chain
G4_Onmem_wall,3,banded_sym_w10,three,all,60,1,persistent_chain
G4_Onmem_wall,3,banded_sym_w10,three,all,63,1,persistent_chain
G4_Onmem_wall,3,banded_sym_w10,three,all,64,1,persistent_chain
G4_Onmem_wall,3,banded_sym_w10,three,all,65,1,persistent_chain
G4_Onmem_wall,3,banded_sym_w10,three,all,67,1,persistent_chain
G4_Onmem_wall,3,banded_sym_w10,three,all,69,1,persistent_chain
G4_Onmem_wall,3,banded_sym_w10,three,all,70,1,persistent_chain
G4_Onmem_wall,3,banded_sym_w10,three,all,72,1,persistent_chain
G4_Onmem_wall,3,banded_sym_w10,three,all,121,1,persistent_chain
G4_Onmem_wall,3,banded_sym_w10,three,Hel-Hel,1,20,persistent_chain
G4_Onmem_wall,3,banded_sym_w10,three,Hel-Hel,2,7,persistent_chain
G4_Onmem_wall,3,banded_sym_w10,three,Hel-Hel,3,4,persistent_chain
G4_Onmem_wall,3,banded_sym_w10,three,Hel-Hel,4,5,persistent_chain
G4_Onmem_wall,3,banded_sym_w10,three,Hel-Hel,5,4,persistent_chain
G4_Onmem_wall,3,banded_sym_w10,three,Hel-Hel,6,2,persistent_chain
G4_Onmem_wall,3,banded_sym_w10,three,Hel-Hel,8,2,persistent_chain
G4_Onmem_wall,3,banded_sym_w10,three,Hel-Hel,13,1,persistent_chain
G4_Onmem_wall,3,banded_sym_w10,three,Hel-Hel,22,1,persistent_chain
G4_Onmem_wall,3,banded_sym_w10,three,Hel-Hel,31,1,persistent_chain
G4_Onmem_wall,3,banded_sym_w10,three,Hel-Hel,34,1,persistent_chain
G4_Onmem_wall,3,banded_sym_w10,three,Hel-Hel,35,1,persistent_chain
G4_Onmem_wall,3,banded_sym_w10,three,Hel-Hel,37,1,persistent_chain
G4_Onmem_wall,3,banded_sym_w10,three,Hel-Hel,59,1,persistent_chain
G4_Onmem_wall,3,banded_sym_w10,three,Hel-IDP,1,1980,persistent_chain
G4_Onmem_wall,3,banded_sym_w10,three,Hel-IDP,2,712,persistent_chain
G4_Onmem_wall,3,banded_sym_w10,three,Hel-IDP,3,412,persistent_chain
G4_Onmem_wall,3,banded_sym_w10,three,Hel-IDP,4,252,persistent_chain
G4_Onmem_wall,3,banded_sym_w10,three,Hel-IDP,5,154,persistent_chain
G4_Onmem_wall,3,banded_sym_w10,three,Hel-IDP,6,133,persistent_chain
G4_Onmem_wall,3,banded_sym_w10,three,Hel-IDP,7,100,persistent_chain
G4_Onmem_wall,3,banded_sym_w10,three,Hel-IDP,8,56,persistent_chain
G4_Onmem_wall,3,banded_sym_w10,three,Hel-IDP,9,36,persistent_chain
G4_Onmem_wall,3,banded_sym_w10,three,Hel-IDP,10,34,persistent_chain
G4_Onmem_wall,3,banded_sym_w10,three,Hel-IDP,11,39,persistent_chain
G4_Onmem_wall,3,banded_sym_w10,three,Hel-IDP,12,27,persistent_chain
G4_Onmem_wall,3,banded_sym_w10,three,Hel-IDP,13,21,persistent_chain
G4_Onmem_wall,3,banded_sym_w10,three,Hel-IDP,14,20,persistent_chain
G4_Onmem_wall,3,banded_sym_w10,three,Hel-IDP,15,16,persistent_chain
G4_Onmem_wall,3,banded_sym_w10,three,Hel-IDP,16,11,persistent_chain
G4_Onmem_wall,3,banded_sym_w10,three,Hel-IDP,17,25,persistent_chain
G4_Onmem_wall,3,banded_sym_w10,three,Hel-IDP,18,12,persistent_chain
G4_Onmem_wall,3,banded_sym_w10,three,Hel-IDP,19,7,persistent_chain
G4_Onmem_wall,3,banded_sym_w10,three,Hel-IDP,20,7,persistent_chain
G4_Onmem_wall,3,banded_sym_w10,three,Hel-IDP,21,6,persistent_chain
G4_Onmem_wall,3,banded_sym_w10,three,Hel-IDP,22,9,persistent_chain
G4_Onmem_wall,3,banded_sym_w10,three,Hel-IDP,23,3,persistent_chain
G4_Onmem_wall,3,banded_sym_w10,three,Hel-IDP,24,7,persistent_chain
G4_Onmem_wall,3,banded_sym_w10,three,Hel-IDP,25,3,persistent_chain
G4_Onmem_wall,3,banded_sym_w10,three,Hel-IDP,26,4,persistent_chain
G4_Onmem_wall,3,banded_sym_w10,three,Hel-IDP,27,2,persistent_chain
G4_Onmem_wall,3,banded_sym_w10,three,Hel-IDP,28,4,persistent_chain
G4_Onmem_wall,3,banded_sym_w10,three,Hel-IDP,29,4,persistent_chain
G4_Onmem_wall,3,banded_sym_w10,three,Hel-IDP,30,4,persistent_chain
G4_Onmem_wall,3,banded_sym_w10,three,Hel-IDP,31,1,persistent_chain
G4_Onmem_wall,3,banded_sym_w10,three,Hel-IDP,32,1,persistent_chain
G4_Onmem_wall,3,banded_sym_w10,three,Hel-IDP,34,2,persistent_chain
G4_Onmem_wall,3,banded_sym_w10,three,Hel-IDP,35,3,persistent_chain
G4_Onmem_wall,3,banded_sym_w10,three,Hel-IDP,36,1,persistent_chain
G4_Onmem_wall,3,banded_sym_w10,three,Hel-IDP,38,2,persistent_chain
G4_Onmem_wall,3,banded_sym_w10,three,Hel-IDP,39,1,persistent_chain
G4_Onmem_wall,3,banded_sym_w10,three,Hel-IDP,42,2,persistent_chain
G4_Onmem_wall,3,banded_sym_w10,three,Hel-IDP,45,2,persistent_chain
G4_Onmem_wall,3,banded_sym_w10,three,Hel-IDP,50,1,persistent_chain
G4_Onmem_wall,3,banded_sym_w10,three,Hel-IDP,56,1,persistent_chain
G4_Onmem_wall,3,banded_sym_w10,three,Hel-IDP,72,1,persistent_chain
G4_Onmem_wall,3,banded_sym_w10,three,Hel-IDP,121,1,persistent_chain
G4_Onmem_wall,3,banded_sym_w10,three,IDP-IDP,1,16698,persistent_chain
G4_Onmem_wall,3,banded_sym_w10,three,IDP-IDP,2,6298,persistent_chain
G4_Onmem_wall,3,banded_sym_w10,three,IDP-IDP,3,3157,persistent_chain
G4_Onmem_wall,3,banded_sym_w10,three,IDP-IDP,4,1804,persistent_chain
G4_Onmem_wall,3,banded_sym_w10,three,IDP-IDP,5,1157,persistent_chain
G4_Onmem_wall,3,banded_sym_w10,three,IDP-IDP,6,719,persistent_chain
G4_Onmem_wall,3,banded_sym_w10,three,IDP-IDP,7,513,persistent_chain
G4_Onmem_wall,3,banded_sym_w10,three,IDP-IDP,8,368,persistent_chain
G4_Onmem_wall,3,banded_sym_w10,three,IDP-IDP,9,311,persistent_chain
G4_Onmem_wall,3,banded_sym_w10,three,IDP-IDP,10,218,persistent_chain
G4_Onmem_wall,3,banded_sym_w10,three,IDP-IDP,11,158,persistent_chain
G4_Onmem_wall,3,banded_sym_w10,three,IDP-IDP,12,122,persistent_chain
G4_Onmem_wall,3,banded_sym_w10,three,IDP-IDP,13,81,persistent_chain
G4_Onmem_wall,3,banded_sym_w10,three,IDP-IDP,14,61,persistent_chain
G4_Onmem_wall,3,banded_sym_w10,three,IDP-IDP,15,74,persistent_chain
G4_Onmem_wall,3,banded_sym_w10,three,IDP-IDP,16,49,persistent_chain
G4_Onmem_wall,3,banded_sym_w10,three,IDP-IDP,17,44,persistent_chain
G4_Onmem_wall,3,banded_sym_w10,three,IDP-IDP,18,36,persistent_chain
G4_Onmem_wall,3,banded_sym_w10,three,IDP-IDP,19,26,persistent_chain
G4_Onmem_wall,3,banded_sym_w10,three,IDP-IDP,20,25,persistent_chain
G4_Onmem_wall,3,banded_sym_w10,three,IDP-IDP,21,23,persistent_chain
G4_Onmem_wall,3,banded_sym_w10,three,IDP-IDP,22,15,persistent_chain
G4_Onmem_wall,3,banded_sym_w10,three,IDP-IDP,23,7,persistent_chain
G4_Onmem_wall,3,banded_sym_w10,three,IDP-IDP,24,17,persistent_chain
G4_Onmem_wall,3,banded_sym_w10,three,IDP-IDP,25,14,persistent_chain
G4_Onmem_wall,3,banded_sym_w10,three,IDP-IDP,26,12,persistent_chain
G4_Onmem_wall,3,banded_sym_w10,three,IDP-IDP,27,7,persistent_chain
G4_Onmem_wall,3,banded_sym_w10,three,IDP-IDP,28,9,persistent_chain
G4_Onmem_wall,3,banded_sym_w10,three,IDP-IDP,29,3,persistent_chain
G4_Onmem_wall,3,banded_sym_w10,three,IDP-IDP,30,8,persistent_chain
G4_Onmem_wall,3,banded_sym_w10,three,IDP-IDP,31,7,persistent_chain
G4_Onmem_wall,3,banded_sym_w10,three,IDP-IDP,32,3,persistent_chain
G4_Onmem_wall,3,banded_sym_w10,three,IDP-IDP,33,3,persistent_chain
G4_Onmem_wall,3,banded_sym_w10,three,IDP-IDP,34,2,persistent_chain
G4_Onmem_wall,3,banded_sym_w10,three,IDP-IDP,35,2,persistent_chain
G4_Onmem_wall,3,banded_sym_w10,three,IDP-IDP,36,4,persistent_chain
G4_Onmem_wall,3,banded_sym_w10,three,IDP-IDP,37,4,persistent_chain
G4_Onmem_wall,3,banded_sym_w10,three,IDP-IDP,39,2,persistent_chain
G4_Onmem_wall,3,banded_sym_w10,three,IDP-IDP,40,3,persistent_chain
G4_Onmem_wall,3,banded_sym_w10,three,IDP-IDP,41,2,persistent_chain
G4_Onmem_wall,3,banded_sym_w10,three,IDP-IDP,42,2,persistent_chain
G4_Onmem_wall,3,banded_sym_w10,three,IDP-IDP,43,2,persistent_chain
G4_Onmem_wall,3,banded_sym_w10,three,IDP-IDP,44,3,persistent_chain
G4_Onmem_wall,3,banded_sym_w10,three,IDP-IDP,45,2,persistent_chain
G4_Onmem_wall,3,banded_sym_w10,three,IDP-IDP,46,2,persistent_chain
G4_Onmem_wall,3,banded_sym_w10,three,IDP-IDP,47,3,persistent_chain
G4_Onmem_wall,3,banded_sym_w10,three,IDP-IDP,49,1,persistent_chain
G4_Onmem_wall,3,banded_sym_w10,three,IDP-IDP,51,1,persistent_chain
G4_Onmem_wall,3,banded_sym_w10,three,IDP-IDP,56,1,persistent_chain
G4_Onmem_wall,3,banded_sym_w10,three,IDP-IDP,60,1,persistent_chain
G4_Onmem_wall,3,banded_sym_w10,three,IDP-IDP,63,1,persistent_chain
G4_Onmem_wall,3,banded_sym_w10,three,IDP-IDP,64,1,persistent_chain
G4_Onmem_wall,3,banded_sym_w10,three,IDP-IDP,65,1,persistent_chain
G4_Onmem_wall,3,banded_sym_w10,three,IDP-IDP,67,1,persistent_chain
G4_Onmem_wall,3,banded_sym_w10,three,IDP-IDP,69,1,persistent_chain
G4_Onmem_wall,3,banded_sym_w10,three,IDP-IDP,70,1,persistent_chain
G4_Onmem_wall,3,banded_sym_w10,triplet,all,1,14396,persistent_chain
G4_Onmem_wall,3,banded_sym_w10,triplet,all,2,4641,persistent_chain
G4_Onmem_wall,3,banded_sym_w10,triplet,all,3,1978,persistent_chain
G4_Onmem_wall,3,banded_sym_w10,triplet,all,4,1040,persistent_chain
G4_Onmem_wall,3,banded_sym_w10,triplet,all,5,627,persistent_chain
G4_Onmem_wall,3,banded_sym_w10,triplet,all,6,365,persistent_chain
G4_Onmem_wall,3,banded_sym_w10,triplet,all,7,206,persistent_chain
G4_Onmem_wall,3,banded_sym_w10,triplet,all,8,140,persistent_chain
G4_Onmem_wall,3,banded_sym_w10,triplet,all,9,100,persistent_chain
G4_Onmem_wall,3,banded_sym_w10,triplet,all,10,75,persistent_chain
G4_Onmem_wall,3,banded_sym_w10,triplet,all,11,42,persistent_chain
G4_Onmem_wall,3,banded_sym_w10,triplet,all,12,39,persistent_chain
G4_Onmem_wall,3,banded_sym_w10,triplet,all,13,20,persistent_chain
G4_Onmem_wall,3,banded_sym_w10,triplet,all,14,21,persistent_chain
G4_Onmem_wall,3,banded_sym_w10,triplet,all,15,18,persistent_chain
G4_Onmem_wall,3,banded_sym_w10,triplet,all,16,10,persistent_chain
G4_Onmem_wall,3,banded_sym_w10,triplet,all,17,16,persistent_chain
G4_Onmem_wall,3,banded_sym_w10,triplet,all,18,10,persistent_chain
G4_Onmem_wall,3,banded_sym_w10,triplet,all,19,6,persistent_chain
G4_Onmem_wall,3,banded_sym_w10,triplet,all,20,2,persistent_chain
G4_Onmem_wall,3,banded_sym_w10,triplet,all,21,2,persistent_chain
G4_Onmem_wall,3,banded_sym_w10,triplet,all,22,9,persistent_chain
G4_Onmem_wall,3,banded_sym_w10,triplet,all,23,3,persistent_chain
G4_Onmem_wall,3,banded_sym_w10,triplet,all,24,3,persistent_chain
G4_Onmem_wall,3,banded_sym_w10,triplet,all,26,2,persistent_chain
G4_Onmem_wall,3,banded_sym_w10,triplet,all,27,2,persistent_chain
G4_Onmem_wall,3,banded_sym_w10,triplet,all,29,1,persistent_chain
G4_Onmem_wall,3,banded_sym_w10,triplet,all,31,1,persistent_chain
G4_Onmem_wall,3,banded_sym_w10,triplet,all,32,1,persistent_chain
G4_Onmem_wall,3,banded_sym_w10,triplet,all,33,1,persistent_chain
G4_Onmem_wall,3,banded_sym_w10,triplet,all,34,2,persistent_chain
G4_Onmem_wall,3,banded_sym_w10,triplet,all,35,1,persistent_chain
G4_Onmem_wall,3,banded_sym_w10,triplet,all,40,1,persistent_chain
G4_Onmem_wall,3,banded_sym_w10,triplet,all,41,1,persistent_chain
G4_Onmem_wall,3,banded_sym_w10,triplet,Hel-Hel,1,13,persistent_chain
G4_Onmem_wall,3,banded_sym_w10,triplet,Hel-Hel,2,9,persistent_chain
G4_Onmem_wall,3,banded_sym_w10,triplet,Hel-Hel,3,6,persistent_chain
G4_Onmem_wall,3,banded_sym_w10,triplet,Hel-Hel,4,2,persistent_chain
G4_Onmem_wall,3,banded_sym_w10,triplet,Hel-Hel,5,3,persistent_chain
G4_Onmem_wall,3,banded_sym_w10,triplet,Hel-Hel,6,2,persistent_chain
G4_Onmem_wall,3,banded_sym_w10,triplet,Hel-Hel,13,1,persistent_chain
G4_Onmem_wall,3,banded_sym_w10,triplet,Hel-IDP,1,1286,persistent_chain
G4_Onmem_wall,3,banded_sym_w10,triplet,Hel-IDP,2,463,persistent_chain
G4_Onmem_wall,3,banded_sym_w10,triplet,Hel-IDP,3,183,persistent_chain
G4_Onmem_wall,3,banded_sym_w10,triplet,Hel-IDP,4,127,persistent_chain
G4_Onmem_wall,3,banded_sym_w10,triplet,Hel-IDP,5,66,persistent_chain
G4_Onmem_wall,3,banded_sym_w10,triplet,Hel-IDP,6,32,persistent_chain
G4_Onmem_wall,3,banded_sym_w10,triplet,Hel-IDP,7,20,persistent_chain
G4_Onmem_wall,3,banded_sym_w10,triplet,Hel-IDP,8,16,persistent_chain
G4_Onmem_wall,3,banded_sym_w10,triplet,Hel-IDP,9,10,persistent_chain
G4_Onmem_wall,3,banded_sym_w10,triplet,Hel-IDP,10,8,persistent_chain
G4_Onmem_wall,3,banded_sym_w10,triplet,Hel-IDP,11,9,persistent_chain
G4_Onmem_wall,3,banded_sym_w10,triplet,Hel-IDP,12,8,persistent_chain
G4_Onmem_wall,3,banded_sym_w10,triplet,Hel-IDP,13,1,persistent_chain
G4_Onmem_wall,3,banded_sym_w10,triplet,Hel-IDP,14,4,persistent_chain
G4_Onmem_wall,3,banded_sym_w10,triplet,Hel-IDP,15,6,persistent_chain
G4_Onmem_wall,3,banded_sym_w10,triplet,Hel-IDP,16,1,persistent_chain
G4_Onmem_wall,3,banded_sym_w10,triplet,Hel-IDP,18,2,persistent_chain
G4_Onmem_wall,3,banded_sym_w10,triplet,Hel-IDP,19,1,persistent_chain
G4_Onmem_wall,3,banded_sym_w10,triplet,Hel-IDP,20,1,persistent_chain
G4_Onmem_wall,3,banded_sym_w10,triplet,Hel-IDP,21,1,persistent_chain
G4_Onmem_wall,3,banded_sym_w10,triplet,Hel-IDP,22,2,persistent_chain
G4_Onmem_wall,3,banded_sym_w10,triplet,Hel-IDP,23,1,persistent_chain
G4_Onmem_wall,3,banded_sym_w10,triplet,Hel-IDP,24,1,persistent_chain
G4_Onmem_wall,3,banded_sym_w10,triplet,Hel-IDP,29,1,persistent_chain
G4_Onmem_wall,3,banded_sym_w10,triplet,Hel-IDP,32,1,persistent_chain
G4_Onmem_wall,3,banded_sym_w10,triplet,Hel-IDP,35,1,persistent_chain
G4_Onmem_wall,3,banded_sym_w10,triplet,Hel-IDP,41,1,persistent_chain
G4_Onmem_wall,3,banded_sym_w10,triplet,IDP-IDP,1,13097,persistent_chain
G4_Onmem_wall,3,banded_sym_w10,triplet,IDP-IDP,2,4169,persistent_chain
G4_Onmem_wall,3,banded_sym_w10,triplet,IDP-IDP,3,1789,persistent_chain
G4_Onmem_wall,3,banded_sym_w10,triplet,IDP-IDP,4,911,persistent_chain
G4_Onmem_wall,3,banded_sym_w10,triplet,IDP-IDP,5,558,persistent_chain
G4_Onmem_wall,3,banded_sym_w10,triplet,IDP-IDP,6,331,persistent_chain
G4_Onmem_wall,3,banded_sym_w10,triplet,IDP-IDP,7,186,persistent_chain
G4_Onmem_wall,3,banded_sym_w10,triplet,IDP-IDP,8,124,persistent_chain
G4_Onmem_wall,3,banded_sym_w10,triplet,IDP-IDP,9,90,persistent_chain
G4_Onmem_wall,3,banded_sym_w10,triplet,IDP-IDP,10,67,persistent_chain
G4_Onmem_wall,3,banded_sym_w10,triplet,IDP-IDP,11,33,persistent_chain
G4_Onmem_wall,3,banded_sym_w10,triplet,IDP-IDP,12,31,persistent_chain
G4_Onmem_wall,3,banded_sym_w10,triplet,IDP-IDP,13,18,persistent_chain
G4_Onmem_wall,3,banded_sym_w10,triplet,IDP-IDP,14,17,persistent_chain
G4_Onmem_wall,3,banded_sym_w10,triplet,IDP-IDP,15,12,persistent_chain
G4_Onmem_wall,3,banded_sym_w10,triplet,IDP-IDP,16,9,persistent_chain
G4_Onmem_wall,3,banded_sym_w10,triplet,IDP-IDP,17,16,persistent_chain
G4_Onmem_wall,3,banded_sym_w10,triplet,IDP-IDP,18,8,persistent_chain
G4_Onmem_wall,3,banded_sym_w10,triplet,IDP-IDP,19,5,persistent_chain
G4_Onmem_wall,3,banded_sym_w10,triplet,IDP-IDP,20,1,persistent_chain
G4_Onmem_wall,3,banded_sym_w10,triplet,IDP-IDP,21,1,persistent_chain
G4_Onmem_wall,3,banded_sym_w10,triplet,IDP-IDP,22,7,persistent_chain
G4_Onmem_wall,3,banded_sym_w10,triplet,IDP-IDP,23,2,persistent_chain
G4_Onmem_wall,3,banded_sym_w10,triplet,IDP-IDP,24,2,persistent_chain
G4_Onmem_wall,3,banded_sym_w10,triplet,IDP-IDP,26,2,persistent_chain
G4_Onmem_wall,3,banded_sym_w10,triplet,IDP-IDP,27,2,persistent_chain
G4_Onmem_wall,3,banded_sym_w10,triplet,IDP-IDP,31,1,persistent_chain
G4_Onmem_wall,3,banded_sym_w10,triplet,IDP-IDP,33,1,persistent_chain
G4_Onmem_wall,3,banded_sym_w10,triplet,IDP-IDP,34,2,persistent_chain
G4_Onmem_wall,3,banded_sym_w10,triplet,IDP-IDP,40,1,persistent_chain
G4_Onmem_wall,3,banded_anti_w4,one,all,1,17289,persistent_chain
G4_Onmem_wall,3,banded_anti_w4,one,all,2,6463,persistent_chain
G4_Onmem_wall,3,banded_anti_w4,one,all,3,3292,persistent_chain
G4_Onmem_wall,3,banded_anti_w4,one,all,4,1972,persistent_chain
G4_Onmem_wall,3,banded_anti_w4,one,all,5,1289,persistent_chain
G4_Onmem_wall,3,banded_anti_w4,one,all,6,921,persistent_chain
G4_Onmem_wall,3,banded_anti_w4,one,all,7,584,persistent_chain
G4_Onmem_wall,3,banded_anti_w4,one,all,8,534,persistent_chain
G4_Onmem_wall,3,banded_anti_w4,one,all,9,330,persistent_chain
G4_Onmem_wall,3,banded_anti_w4,one,all,10,266,persistent_chain
G4_Onmem_wall,3,banded_anti_w4,one,all,11,235,persistent_chain
G4_Onmem_wall,3,banded_anti_w4,one,all,12,177,persistent_chain
G4_Onmem_wall,3,banded_anti_w4,one,all,13,100,persistent_chain
G4_Onmem_wall,3,banded_anti_w4,one,all,14,100,persistent_chain
G4_Onmem_wall,3,banded_anti_w4,one,all,15,96,persistent_chain
G4_Onmem_wall,3,banded_anti_w4,one,all,16,60,persistent_chain
G4_Onmem_wall,3,banded_anti_w4,one,all,17,59,persistent_chain
G4_Onmem_wall,3,banded_anti_w4,one,all,18,43,persistent_chain
G4_Onmem_wall,3,banded_anti_w4,one,all,19,43,persistent_chain
G4_Onmem_wall,3,banded_anti_w4,one,all,20,28,persistent_chain
G4_Onmem_wall,3,banded_anti_w4,one,all,21,23,persistent_chain
G4_Onmem_wall,3,banded_anti_w4,one,all,22,23,persistent_chain
G4_Onmem_wall,3,banded_anti_w4,one,all,23,15,persistent_chain
G4_Onmem_wall,3,banded_anti_w4,one,all,24,12,persistent_chain
G4_Onmem_wall,3,banded_anti_w4,one,all,25,15,persistent_chain
G4_Onmem_wall,3,banded_anti_w4,one,all,26,11,persistent_chain
G4_Onmem_wall,3,banded_anti_w4,one,all,27,6,persistent_chain
G4_Onmem_wall,3,banded_anti_w4,one,all,28,11,persistent_chain
G4_Onmem_wall,3,banded_anti_w4,one,all,29,8,persistent_chain
G4_Onmem_wall,3,banded_anti_w4,one,all,30,5,persistent_chain
G4_Onmem_wall,3,banded_anti_w4,one,all,31,8,persistent_chain
G4_Onmem_wall,3,banded_anti_w4,one,all,32,8,persistent_chain
G4_Onmem_wall,3,banded_anti_w4,one,all,33,2,persistent_chain
G4_Onmem_wall,3,banded_anti_w4,one,all,34,3,persistent_chain
G4_Onmem_wall,3,banded_anti_w4,one,all,35,5,persistent_chain
G4_Onmem_wall,3,banded_anti_w4,one,all,36,6,persistent_chain
G4_Onmem_wall,3,banded_anti_w4,one,all,37,2,persistent_chain
G4_Onmem_wall,3,banded_anti_w4,one,all,38,2,persistent_chain
G4_Onmem_wall,3,banded_anti_w4,one,all,40,2,persistent_chain
G4_Onmem_wall,3,banded_anti_w4,one,all,42,1,persistent_chain
G4_Onmem_wall,3,banded_anti_w4,one,all,43,3,persistent_chain
G4_Onmem_wall,3,banded_anti_w4,one,all,44,2,persistent_chain
G4_Onmem_wall,3,banded_anti_w4,one,all,45,1,persistent_chain
G4_Onmem_wall,3,banded_anti_w4,one,all,46,2,persistent_chain
G4_Onmem_wall,3,banded_anti_w4,one,all,47,1,persistent_chain
G4_Onmem_wall,3,banded_anti_w4,one,all,51,2,persistent_chain
G4_Onmem_wall,3,banded_anti_w4,one,all,53,1,persistent_chain
G4_Onmem_wall,3,banded_anti_w4,one,all,54,1,persistent_chain
G4_Onmem_wall,3,banded_anti_w4,one,all,67,2,persistent_chain
G4_Onmem_wall,3,banded_anti_w4,one,all,70,1,persistent_chain
G4_Onmem_wall,3,banded_anti_w4,one,all,71,1,persistent_chain
G4_Onmem_wall,3,banded_anti_w4,one,all,75,1,persistent_chain
G4_Onmem_wall,3,banded_anti_w4,one,all,82,1,persistent_chain
G4_Onmem_wall,3,banded_anti_w4,one,all,86,1,persistent_chain
G4_Onmem_wall,3,banded_anti_w4,one,all,99,1,persistent_chain
G4_Onmem_wall,3,banded_anti_w4,one,all,103,1,persistent_chain
G4_Onmem_wall,3,banded_anti_w4,one,all,142,1,persistent_chain
G4_Onmem_wall,3,banded_anti_w4,one,Hel-Hel,1,2,persistent_chain
G4_Onmem_wall,3,banded_anti_w4,one,Hel-Hel,2,2,persistent_chain
G4_Onmem_wall,3,banded_anti_w4,one,Hel-Hel,4,1,persistent_chain
G4_Onmem_wall,3,banded_anti_w4,one,Hel-Hel,6,1,persistent_chain
G4_Onmem_wall,3,banded_anti_w4,one,Hel-Hel,142,1,persistent_chain
G4_Onmem_wall,3,banded_anti_w4,one,Hel-IDP,1,1628,persistent_chain
G4_Onmem_wall,3,banded_anti_w4,one,Hel-IDP,2,611,persistent_chain
G4_Onmem_wall,3,banded_anti_w4,one,Hel-IDP,3,301,persistent_chain
G4_Onmem_wall,3,banded_anti_w4,one,Hel-IDP,4,193,persistent_chain
G4_Onmem_wall,3,banded_anti_w4,one,Hel-IDP,5,141,persistent_chain
G4_Onmem_wall,3,banded_anti_w4,one,Hel-IDP,6,89,persistent_chain
G4_Onmem_wall,3,banded_anti_w4,one,Hel-IDP,7,76,persistent_chain
G4_Onmem_wall,3,banded_anti_w4,one,Hel-IDP,8,61,persistent_chain
G4_Onmem_wall,3,banded_anti_w4,one,Hel-IDP,9,31,persistent_chain
G4_Onmem_wall,3,banded_anti_w4,one,Hel-IDP,10,23,persistent_chain
G4_Onmem_wall,3,banded_anti_w4,one,Hel-IDP,11,22,persistent_chain
G4_Onmem_wall,3,banded_anti_w4,one,Hel-IDP,12,31,persistent_chain
G4_Onmem_wall,3,banded_anti_w4,one,Hel-IDP,13,8,persistent_chain
G4_Onmem_wall,3,banded_anti_w4,one,Hel-IDP,14,14,persistent_chain
G4_Onmem_wall,3,banded_anti_w4,one,Hel-IDP,15,11,persistent_chain
G4_Onmem_wall,3,banded_anti_w4,one,Hel-IDP,16,12,persistent_chain
G4_Onmem_wall,3,banded_anti_w4,one,Hel-IDP,17,3,persistent_chain
G4_Onmem_wall,3,banded_anti_w4,one,Hel-IDP,18,5,persistent_chain
G4_Onmem_wall,3,banded_anti_w4,one,Hel-IDP,19,9,persistent_chain
G4_Onmem_wall,3,banded_anti_w4,one,Hel-IDP,20,3,persistent_chain
G4_Onmem_wall,3,banded_anti_w4,one,Hel-IDP,21,3,persistent_chain
G4_Onmem_wall,3,banded_anti_w4,one,Hel-IDP,22,2,persistent_chain
G4_Onmem_wall,3,banded_anti_w4,one,Hel-IDP,23,1,persistent_chain
G4_Onmem_wall,3,banded_anti_w4,one,Hel-IDP,24,2,persistent_chain
G4_Onmem_wall,3,banded_anti_w4,one,Hel-IDP,25,2,persistent_chain
G4_Onmem_wall,3,banded_anti_w4,one,Hel-IDP,26,1,persistent_chain
G4_Onmem_wall,3,banded_anti_w4,one,Hel-IDP,27,1,persistent_chain
G4_Onmem_wall,3,banded_anti_w4,one,Hel-IDP,29,1,persistent_chain
G4_Onmem_wall,3,banded_anti_w4,one,Hel-IDP,31,2,persistent_chain
G4_Onmem_wall,3,banded_anti_w4,one,Hel-IDP,32,2,persistent_chain
G4_Onmem_wall,3,banded_anti_w4,one,Hel-IDP,36,1,persistent_chain
G4_Onmem_wall,3,banded_anti_w4,one,Hel-IDP,40,1,persistent_chain
G4_Onmem_wall,3,banded_anti_w4,one,Hel-IDP,42,1,persistent_chain
G4_Onmem_wall,3,banded_anti_w4,one,Hel-IDP,43,1,persistent_chain
G4_Onmem_wall,3,banded_anti_w4,one,Hel-IDP,54,1,persistent_chain
G4_Onmem_wall,3,banded_anti_w4,one,Hel-IDP,82,1,persistent_chain
G4_Onmem_wall,3,banded_anti_w4,one,IDP-IDP,1,15659,persistent_chain
G4_Onmem_wall,3,banded_anti_w4,one,IDP-IDP,2,5850,persistent_chain
G4_Onmem_wall,3,banded_anti_w4,one,IDP-IDP,3,2991,persistent_chain
G4_Onmem_wall,3,banded_anti_w4,one,IDP-IDP,4,1778,persistent_chain
G4_Onmem_wall,3,banded_anti_w4,one,IDP-IDP,5,1148,persistent_chain
G4_Onmem_wall,3,banded_anti_w4,one,IDP-IDP,6,831,persistent_chain
G4_Onmem_wall,3,banded_anti_w4,one,IDP-IDP,7,508,persistent_chain
G4_Onmem_wall,3,banded_anti_w4,one,IDP-IDP,8,473,persistent_chain
G4_Onmem_wall,3,banded_anti_w4,one,IDP-IDP,9,299,persistent_chain
G4_Onmem_wall,3,banded_anti_w4,one,IDP-IDP,10,243,persistent_chain
G4_Onmem_wall,3,banded_anti_w4,one,IDP-IDP,11,213,persistent_chain
G4_Onmem_wall,3,banded_anti_w4,one,IDP-IDP,12,146,persistent_chain
G4_Onmem_wall,3,banded_anti_w4,one,IDP-IDP,13,92,persistent_chain
G4_Onmem_wall,3,banded_anti_w4,one,IDP-IDP,14,86,persistent_chain
G4_Onmem_wall,3,banded_anti_w4,one,IDP-IDP,15,85,persistent_chain
G4_Onmem_wall,3,banded_anti_w4,one,IDP-IDP,16,48,persistent_chain
G4_Onmem_wall,3,banded_anti_w4,one,IDP-IDP,17,56,persistent_chain
G4_Onmem_wall,3,banded_anti_w4,one,IDP-IDP,18,38,persistent_chain
G4_Onmem_wall,3,banded_anti_w4,one,IDP-IDP,19,34,persistent_chain
G4_Onmem_wall,3,banded_anti_w4,one,IDP-IDP,20,25,persistent_chain
G4_Onmem_wall,3,banded_anti_w4,one,IDP-IDP,21,20,persistent_chain
G4_Onmem_wall,3,banded_anti_w4,one,IDP-IDP,22,21,persistent_chain
G4_Onmem_wall,3,banded_anti_w4,one,IDP-IDP,23,14,persistent_chain
G4_Onmem_wall,3,banded_anti_w4,one,IDP-IDP,24,10,persistent_chain
G4_Onmem_wall,3,banded_anti_w4,one,IDP-IDP,25,13,persistent_chain
G4_Onmem_wall,3,banded_anti_w4,one,IDP-IDP,26,10,persistent_chain
G4_Onmem_wall,3,banded_anti_w4,one,IDP-IDP,27,5,persistent_chain
G4_Onmem_wall,3,banded_anti_w4,one,IDP-IDP,28,11,persistent_chain
G4_Onmem_wall,3,banded_anti_w4,one,IDP-IDP,29,7,persistent_chain
G4_Onmem_wall,3,banded_anti_w4,one,IDP-IDP,30,5,persistent_chain
G4_Onmem_wall,3,banded_anti_w4,one,IDP-IDP,31,6,persistent_chain
G4_Onmem_wall,3,banded_anti_w4,one,IDP-IDP,32,6,persistent_chain
G4_Onmem_wall,3,banded_anti_w4,one,IDP-IDP,33,2,persistent_chain
G4_Onmem_wall,3,banded_anti_w4,one,IDP-IDP,34,3,persistent_chain
G4_Onmem_wall,3,banded_anti_w4,one,IDP-IDP,35,5,persistent_chain
G4_Onmem_wall,3,banded_anti_w4,one,IDP-IDP,36,5,persistent_chain
G4_Onmem_wall,3,banded_anti_w4,one,IDP-IDP,37,2,persistent_chain
G4_Onmem_wall,3,banded_anti_w4,one,IDP-IDP,38,2,persistent_chain
G4_Onmem_wall,3,banded_anti_w4,one,IDP-IDP,40,1,persistent_chain
G4_Onmem_wall,3,banded_anti_w4,one,IDP-IDP,43,2,persistent_chain
G4_Onmem_wall,3,banded_anti_w4,one,IDP-IDP,44,2,persistent_chain
G4_Onmem_wall,3,banded_anti_w4,one,IDP-IDP,45,1,persistent_chain
G4_Onmem_wall,3,banded_anti_w4,one,IDP-IDP,46,2,persistent_chain
G4_Onmem_wall,3,banded_anti_w4,one,IDP-IDP,47,1,persistent_chain
G4_Onmem_wall,3,banded_anti_w4,one,IDP-IDP,51,2,persistent_chain
G4_Onmem_wall,3,banded_anti_w4,one,IDP-IDP,53,1,persistent_chain
G4_Onmem_wall,3,banded_anti_w4,one,IDP-IDP,67,2,persistent_chain
G4_Onmem_wall,3,banded_anti_w4,one,IDP-IDP,70,1,persistent_chain
G4_Onmem_wall,3,banded_anti_w4,one,IDP-IDP,71,1,persistent_chain
G4_Onmem_wall,3,banded_anti_w4,one,IDP-IDP,75,1,persistent_chain
G4_Onmem_wall,3,banded_anti_w4,one,IDP-IDP,86,1,persistent_chain
G4_Onmem_wall,3,banded_anti_w4,one,IDP-IDP,99,1,persistent_chain
G4_Onmem_wall,3,banded_anti_w4,one,IDP-IDP,103,1,persistent_chain
G4_Onmem_wall,3,banded_anti_w4,three,all,1,12334,persistent_chain
G4_Onmem_wall,3,banded_anti_w4,three,all,2,3972,persistent_chain
G4_Onmem_wall,3,banded_anti_w4,three,all,3,1945,persistent_chain
G4_Onmem_wall,3,banded_anti_w4,three,all,4,1071,persistent_chain
G4_Onmem_wall,3,banded_anti_w4,three,all,5,537,persistent_chain
G4_Onmem_wall,3,banded_anti_w4,three,all,6,386,persistent_chain
G4_Onmem_wall,3,banded_anti_w4,three,all,7,229,persistent_chain
G4_Onmem_wall,3,banded_anti_w4,three,all,8,154,persistent_chain
G4_Onmem_wall,3,banded_anti_w4,three,all,9,124,persistent_chain
G4_Onmem_wall,3,banded_anti_w4,three,all,10,74,persistent_chain
G4_Onmem_wall,3,banded_anti_w4,three,all,11,56,persistent_chain
G4_Onmem_wall,3,banded_anti_w4,three,all,12,35,persistent_chain
G4_Onmem_wall,3,banded_anti_w4,three,all,13,30,persistent_chain
G4_Onmem_wall,3,banded_anti_w4,three,all,14,28,persistent_chain
G4_Onmem_wall,3,banded_anti_w4,three,all,15,27,persistent_chain
G4_Onmem_wall,3,banded_anti_w4,three,all,16,12,persistent_chain
G4_Onmem_wall,3,banded_anti_w4,three,all,17,6,persistent_chain
G4_Onmem_wall,3,banded_anti_w4,three,all,18,8,persistent_chain
G4_Onmem_wall,3,banded_anti_w4,three,all,19,8,persistent_chain
G4_Onmem_wall,3,banded_anti_w4,three,all,20,6,persistent_chain
G4_Onmem_wall,3,banded_anti_w4,three,all,21,5,persistent_chain
G4_Onmem_wall,3,banded_anti_w4,three,all,22,4,persistent_chain
G4_Onmem_wall,3,banded_anti_w4,three,all,23,1,persistent_chain
G4_Onmem_wall,3,banded_anti_w4,three,all,24,2,persistent_chain
G4_Onmem_wall,3,banded_anti_w4,three,all,25,1,persistent_chain
G4_Onmem_wall,3,banded_anti_w4,three,all,27,1,persistent_chain
G4_Onmem_wall,3,banded_anti_w4,three,all,28,1,persistent_chain
G4_Onmem_wall,3,banded_anti_w4,three,all,29,1,persistent_chain
G4_Onmem_wall,3,banded_anti_w4,three,all,30,3,persistent_chain
G4_Onmem_wall,3,banded_anti_w4,three,all,31,3,persistent_chain
G4_Onmem_wall,3,banded_anti_w4,three,all,32,2,persistent_chain
G4_Onmem_wall,3,banded_anti_w4,three,all,34,1,persistent_chain
G4_Onmem_wall,3,banded_anti_w4,three,all,35,1,persistent_chain
G4_Onmem_wall,3,banded_anti_w4,three,all,36,1,persistent_chain
G4_Onmem_wall,3,banded_anti_w4,three,all,38,1,persistent_chain
G4_Onmem_wall,3,banded_anti_w4,three,all,39,1,persistent_chain
G4_Onmem_wall,3,banded_anti_w4,three,all,40,1,persistent_chain
G4_Onmem_wall,3,banded_anti_w4,three,all,43,1,persistent_chain
G4_Onmem_wall,3,banded_anti_w4,three,all,51,1,persistent_chain
G4_Onmem_wall,3,banded_anti_w4,three,all,52,1,persistent_chain
G4_Onmem_wall,3,banded_anti_w4,three,all,141,1,persistent_chain
G4_Onmem_wall,3,banded_anti_w4,three,Hel-Hel,3,1,persistent_chain
G4_Onmem_wall,3,banded_anti_w4,three,Hel-Hel,141,1,persistent_chain
G4_Onmem_wall,3,banded_anti_w4,three,Hel-IDP,1,1046,persistent_chain
G4_Onmem_wall,3,banded_anti_w4,three,Hel-IDP,2,323,persistent_chain
G4_Onmem_wall,3,banded_anti_w4,three,Hel-IDP,3,168,persistent_chain
G4_Onmem_wall,3,banded_anti_w4,three,Hel-IDP,4,102,persistent_chain
G4_Onmem_wall,3,banded_anti_w4,three,Hel-IDP,5,56,persistent_chain
G4_Onmem_wall,3,banded_anti_w4,three,Hel-IDP,6,30,persistent_chain
G4_Onmem_wall,3,banded_anti_w4,three,Hel-IDP,7,29,persistent_chain
G4_Onmem_wall,3,banded_anti_w4,three,Hel-IDP,8,20,persistent_chain
G4_Onmem_wall,3,banded_anti_w4,three,Hel-IDP,9,10,persistent_chain
G4_Onmem_wall,3,banded_anti_w4,three,Hel-IDP,10,9,persistent_chain
G4_Onmem_wall,3,banded_anti_w4,three,Hel-IDP,11,2,persistent_chain
G4_Onmem_wall,3,banded_anti_w4,three,Hel-IDP,12,1,persistent_chain
G4_Onmem_wall,3,banded_anti_w4,three,Hel-IDP,13,4,persistent_chain
G4_Onmem_wall,3,banded_anti_w4,three,Hel-IDP,14,3,persistent_chain
G4_Onmem_wall,3,banded_anti_w4,three,Hel-IDP,15,4,persistent_chain
G4_Onmem_wall,3,banded_anti_w4,three,Hel-IDP,16,2,persistent_chain
G4_Onmem_wall,3,banded_anti_w4,three,Hel-IDP,18,1,persistent_chain
G4_Onmem_wall,3,banded_anti_w4,three,Hel-IDP,19,1,persistent_chain
G4_Onmem_wall,3,banded_anti_w4,three,Hel-IDP,20,1,persistent_chain
G4_Onmem_wall,3,banded_anti_w4,three,Hel-IDP,21,2,persistent_chain
G4_Onmem_wall,3,banded_anti_w4,three,Hel-IDP,22,1,persistent_chain
G4_Onmem_wall,3,banded_anti_w4,three,Hel-IDP,25,1,persistent_chain
G4_Onmem_wall,3,banded_anti_w4,three,Hel-IDP,30,1,persistent_chain
G4_Onmem_wall,3,banded_anti_w4,three,Hel-IDP,34,1,persistent_chain
G4_Onmem_wall,3,banded_anti_w4,three,Hel-IDP,39,1,persistent_chain
G4_Onmem_wall,3,banded_anti_w4,three,IDP-IDP,1,11288,persistent_chain
G4_Onmem_wall,3,banded_anti_w4,three,IDP-IDP,2,3649,persistent_chain
G4_Onmem_wall,3,banded_anti_w4,three,IDP-IDP,3,1776,persistent_chain
G4_Onmem_wall,3,banded_anti_w4,three,IDP-IDP,4,969,persistent_chain
G4_Onmem_wall,3,banded_anti_w4,three,IDP-IDP,5,481,persistent_chain
G4_Onmem_wall,3,banded_anti_w4,three,IDP-IDP,6,356,persistent_chain
G4_Onmem_wall,3,banded_anti_w4,three,IDP-IDP,7,200,persistent_chain
G4_Onmem_wall,3,banded_anti_w4,three,IDP-IDP,8,134,persistent_chain
G4_Onmem_wall,3,banded_anti_w4,three,IDP-IDP,9,114,persistent_chain
G4_Onmem_wall,3,banded_anti_w4,three,IDP-IDP,10,65,persistent_chain
G4_Onmem_wall,3,banded_anti_w4,three,IDP-IDP,11,54,persistent_chain
G4_Onmem_wall,3,banded_anti_w4,three,IDP-IDP,12,34,persistent_chain
G4_Onmem_wall,3,banded_anti_w4,three,IDP-IDP,13,26,persistent_chain
G4_Onmem_wall,3,banded_anti_w4,three,IDP-IDP,14,25,persistent_chain
G4_Onmem_wall,3,banded_anti_w4,three,IDP-IDP,15,23,persistent_chain
G4_Onmem_wall,3,banded_anti_w4,three,IDP-IDP,16,10,persistent_chain
G4_Onmem_wall,3,banded_anti_w4,three,IDP-IDP,17,6,persistent_chain
G4_Onmem_wall,3,banded_anti_w4,three,IDP-IDP,18,7,persistent_chain
G4_Onmem_wall,3,banded_anti_w4,three,IDP-IDP,19,7,persistent_chain
G4_Onmem_wall,3,banded_anti_w4,three,IDP-IDP,20,5,persistent_chain
G4_Onmem_wall,3,banded_anti_w4,three,IDP-IDP,21,3,persistent_chain
G4_Onmem_wall,3,banded_anti_w4,three,IDP-IDP,22,3,persistent_chain
G4_Onmem_wall,3,banded_anti_w4,three,IDP-IDP,23,1,persistent_chain
G4_Onmem_wall,3,banded_anti_w4,three,IDP-IDP,24,2,persistent_chain
G4_Onmem_wall,3,banded_anti_w4,three,IDP-IDP,27,1,persistent_chain
G4_Onmem_wall,3,banded_anti_w4,three,IDP-IDP,28,1,persistent_chain
G4_Onmem_wall,3,banded_anti_w4,three,IDP-IDP,29,1,persistent_chain
G4_Onmem_wall,3,banded_anti_w4,three,IDP-IDP,30,2,persistent_chain
G4_Onmem_wall,3,banded_anti_w4,three,IDP-IDP,31,3,persistent_chain
G4_Onmem_wall,3,banded_anti_w4,three,IDP-IDP,32,2,persistent_chain
G4_Onmem_wall,3,banded_anti_w4,three,IDP-IDP,35,1,persistent_chain
G4_Onmem_wall,3,banded_anti_w4,three,IDP-IDP,36,1,persistent_chain
G4_Onmem_wall,3,banded_anti_w4,three,IDP-IDP,38,1,persistent_chain
G4_Onmem_wall,3,banded_anti_w4,three,IDP-IDP,40,1,persistent_chain
G4_Onmem_wall,3,banded_anti_w4,three,IDP-IDP,43,1,persistent_chain
G4_Onmem_wall,3,banded_anti_w4,three,IDP-IDP,51,1,persistent_chain
G4_Onmem_wall,3,banded_anti_w4,three,IDP-IDP,52,1,persistent_chain
G4_Onmem_wall,3,banded_anti_w4,triplet,all,1,8285,persistent_chain
G4_Onmem_wall,3,banded_anti_w4,triplet,all,2,2297,persistent_chain
G4_Onmem_wall,3,banded_anti_w4,triplet,all,3,939,persistent_chain
G4_Onmem_wall,3,banded_anti_w4,triplet,all,4,458,persistent_chain
G4_Onmem_wall,3,banded_anti_w4,triplet,all,5,232,persistent_chain
G4_Onmem_wall,3,banded_anti_w4,triplet,all,6,134,persistent_chain
G4_Onmem_wall,3,banded_anti_w4,triplet,all,7,64,persistent_chain
G4_Onmem_wall,3,banded_anti_w4,triplet,all,8,57,persistent_chain
G4_Onmem_wall,3,banded_anti_w4,triplet,all,9,33,persistent_chain
G4_Onmem_wall,3,banded_anti_w4,triplet,all,10,30,persistent_chain
G4_Onmem_wall,3,banded_anti_w4,triplet,all,11,17,persistent_chain
G4_Onmem_wall,3,banded_anti_w4,triplet,all,12,10,persistent_chain
G4_Onmem_wall,3,banded_anti_w4,triplet,all,13,11,persistent_chain
G4_Onmem_wall,3,banded_anti_w4,triplet,all,14,3,persistent_chain
G4_Onmem_wall,3,banded_anti_w4,triplet,all,15,3,persistent_chain
G4_Onmem_wall,3,banded_anti_w4,triplet,all,16,3,persistent_chain
G4_Onmem_wall,3,banded_anti_w4,triplet,all,17,6,persistent_chain
G4_Onmem_wall,3,banded_anti_w4,triplet,all,18,1,persistent_chain
G4_Onmem_wall,3,banded_anti_w4,triplet,all,19,2,persistent_chain
G4_Onmem_wall,3,banded_anti_w4,triplet,all,20,4,persistent_chain
G4_Onmem_wall,3,banded_anti_w4,triplet,all,21,1,persistent_chain
G4_Onmem_wall,3,banded_anti_w4,triplet,all,23,2,persistent_chain
G4_Onmem_wall,3,banded_anti_w4,triplet,all,25,1,persistent_chain
G4_Onmem_wall,3,banded_anti_w4,triplet,all,27,1,persistent_chain
G4_Onmem_wall,3,banded_anti_w4,triplet,all,28,1,persistent_chain
G4_Onmem_wall,3,banded_anti_w4,triplet,all,33,1,persistent_chain
G4_Onmem_wall,3,banded_anti_w4,triplet,all,36,1,persistent_chain
G4_Onmem_wall,3,banded_anti_w4,triplet,all,41,1,persistent_chain
G4_Onmem_wall,3,banded_anti_w4,triplet,Hel-Hel,1,5,persistent_chain
G4_Onmem_wall,3,banded_anti_w4,triplet,Hel-Hel,2,6,persistent_chain
G4_Onmem_wall,3,banded_anti_w4,triplet,Hel-Hel,3,3,persistent_chain
G4_Onmem_wall,3,banded_anti_w4,triplet,Hel-Hel,4,1,persistent_chain
G4_Onmem_wall,3,banded_anti_w4,triplet,Hel-Hel,8,1,persistent_chain
G4_Onmem_wall,3,banded_anti_w4,triplet,Hel-Hel,12,1,persistent_chain
G4_Onmem_wall,3,banded_anti_w4,triplet,Hel-Hel,16,1,persistent_chain
G4_Onmem_wall,3,banded_anti_w4,triplet,Hel-Hel,36,1,persistent_chain
G4_Onmem_wall,3,banded_anti_w4,triplet,Hel-IDP,1,492,persistent_chain
G4_Onmem_wall,3,banded_anti_w4,triplet,Hel-IDP,2,142,persistent_chain
G4_Onmem_wall,3,banded_anti_w4,triplet,Hel-IDP,3,55,persistent_chain
G4_Onmem_wall,3,banded_anti_w4,triplet,Hel-IDP,4,29,persistent_chain
G4_Onmem_wall,3,banded_anti_w4,triplet,Hel-IDP,5,15,persistent_chain
G4_Onmem_wall,3,banded_anti_w4,triplet,Hel-IDP,6,9,persistent_chain
G4_Onmem_wall,3,banded_anti_w4,triplet,Hel-IDP,7,6,persistent_chain
G4_Onmem_wall,3,banded_anti_w4,triplet,Hel-IDP,8,4,persistent_chain
G4_Onmem_wall,3,banded_anti_w4,triplet,Hel-IDP,9,3,persistent_chain
G4_Onmem_wall,3,banded_anti_w4,triplet,Hel-IDP,10,2,persistent_chain
G4_Onmem_wall,3,banded_anti_w4,triplet,Hel-IDP,13,1,persistent_chain
G4_Onmem_wall,3,banded_anti_w4,triplet,Hel-IDP,17,1,persistent_chain
G4_Onmem_wall,3,banded_anti_w4,triplet,Hel-IDP,19,1,persistent_chain
G4_Onmem_wall,3,banded_anti_w4,triplet,Hel-IDP,20,2,persistent_chain
G4_Onmem_wall,3,banded_anti_w4,triplet,IDP-IDP,1,7788,persistent_chain
G4_Onmem_wall,3,banded_anti_w4,triplet,IDP-IDP,2,2149,persistent_chain
G4_Onmem_wall,3,banded_anti_w4,triplet,IDP-IDP,3,881,persistent_chain
G4_Onmem_wall,3,banded_anti_w4,triplet,IDP-IDP,4,428,persistent_chain
G4_Onmem_wall,3,banded_anti_w4,triplet,IDP-IDP,5,217,persistent_chain
G4_Onmem_wall,3,banded_anti_w4,triplet,IDP-IDP,6,125,persistent_chain
G4_Onmem_wall,3,banded_anti_w4,triplet,IDP-IDP,7,58,persistent_chain
G4_Onmem_wall,3,banded_anti_w4,triplet,IDP-IDP,8,52,persistent_chain
G4_Onmem_wall,3,banded_anti_w4,triplet,IDP-IDP,9,30,persistent_chain
G4_Onmem_wall,3,banded_anti_w4,triplet,IDP-IDP,10,28,persistent_chain
G4_Onmem_wall,3,banded_anti_w4,triplet,IDP-IDP,11,17,persistent_chain
G4_Onmem_wall,3,banded_anti_w4,triplet,IDP-IDP,12,9,persistent_chain
G4_Onmem_wall,3,banded_anti_w4,triplet,IDP-IDP,13,10,persistent_chain
G4_Onmem_wall,3,banded_anti_w4,triplet,IDP-IDP,14,3,persistent_chain
G4_Onmem_wall,3,banded_anti_w4,triplet,IDP-IDP,15,3,persistent_chain
G4_Onmem_wall,3,banded_anti_w4,triplet,IDP-IDP,16,2,persistent_chain
G4_Onmem_wall,3,banded_anti_w4,triplet,IDP-IDP,17,5,persistent_chain
G4_Onmem_wall,3,banded_anti_w4,triplet,IDP-IDP,18,1,persistent_chain
G4_Onmem_wall,3,banded_anti_w4,triplet,IDP-IDP,19,1,persistent_chain
G4_Onmem_wall,3,banded_anti_w4,triplet,IDP-IDP,20,2,persistent_chain
G4_Onmem_wall,3,banded_anti_w4,triplet,IDP-IDP,21,1,persistent_chain
G4_Onmem_wall,3,banded_anti_w4,triplet,IDP-IDP,23,2,persistent_chain
G4_Onmem_wall,3,banded_anti_w4,triplet,IDP-IDP,25,1,persistent_chain
G4_Onmem_wall,3,banded_anti_w4,triplet,IDP-IDP,27,1,persistent_chain
G4_Onmem_wall,3,banded_anti_w4,triplet,IDP-IDP,28,1,persistent_chain
G4_Onmem_wall,3,banded_anti_w4,triplet,IDP-IDP,33,1,persistent_chain
G4_Onmem_wall,3,banded_anti_w4,triplet,IDP-IDP,41,1,persistent_chain
G4_Onmem_wall,3,banded_anti_w6,one,all,1,19341,persistent_chain
G4_Onmem_wall,3,banded_anti_w6,one,all,2,7525,persistent_chain
G4_Onmem_wall,3,banded_anti_w6,one,all,3,3917,persistent_chain
G4_Onmem_wall,3,banded_anti_w6,one,all,4,2478,persistent_chain
G4_Onmem_wall,3,banded_anti_w6,one,all,5,1568,persistent_chain
G4_Onmem_wall,3,banded_anti_w6,one,all,6,1161,persistent_chain
G4_Onmem_wall,3,banded_anti_w6,one,all,7,778,persistent_chain
G4_Onmem_wall,3,banded_anti_w6,one,all,8,639,persistent_chain
G4_Onmem_wall,3,banded_anti_w6,one,all,9,463,persistent_chain
G4_Onmem_wall,3,banded_anti_w6,one,all,10,385,persistent_chain
G4_Onmem_wall,3,banded_anti_w6,one,all,11,313,persistent_chain
G4_Onmem_wall,3,banded_anti_w6,one,all,12,267,persistent_chain
G4_Onmem_wall,3,banded_anti_w6,one,all,13,162,persistent_chain
G4_Onmem_wall,3,banded_anti_w6,one,all,14,141,persistent_chain
G4_Onmem_wall,3,banded_anti_w6,one,all,15,134,persistent_chain
G4_Onmem_wall,3,banded_anti_w6,one,all,16,113,persistent_chain
G4_Onmem_wall,3,banded_anti_w6,one,all,17,92,persistent_chain
G4_Onmem_wall,3,banded_anti_w6,one,all,18,79,persistent_chain
G4_Onmem_wall,3,banded_anti_w6,one,all,19,59,persistent_chain
G4_Onmem_wall,3,banded_anti_w6,one,all,20,53,persistent_chain
G4_Onmem_wall,3,banded_anti_w6,one,all,21,35,persistent_chain
G4_Onmem_wall,3,banded_anti_w6,one,all,22,29,persistent_chain
G4_Onmem_wall,3,banded_anti_w6,one,all,23,28,persistent_chain
G4_Onmem_wall,3,banded_anti_w6,one,all,24,32,persistent_chain
G4_Onmem_wall,3,banded_anti_w6,one,all,25,34,persistent_chain
G4_Onmem_wall,3,banded_anti_w6,one,all,26,31,persistent_chain
G4_Onmem_wall,3,banded_anti_w6,one,all,27,16,persistent_chain
G4_Onmem_wall,3,banded_anti_w6,one,all,28,29,persistent_chain
G4_Onmem_wall,3,banded_anti_w6,one,all,29,17,persistent_chain
G4_Onmem_wall,3,banded_anti_w6,one,all,30,12,persistent_chain
G4_Onmem_wall,3,banded_anti_w6,one,all,31,16,persistent_chain
G4_Onmem_wall,3,banded_anti_w6,one,all,32,9,persistent_chain
G4_Onmem_wall,3,banded_anti_w6,one,all,33,12,persistent_chain
G4_Onmem_wall,3,banded_anti_w6,one,all,34,8,persistent_chain
G4_Onmem_wall,3,banded_anti_w6,one,all,35,8,persistent_chain
G4_Onmem_wall,3,banded_anti_w6,one,all,36,6,persistent_chain
G4_Onmem_wall,3,banded_anti_w6,one,all,37,4,persistent_chain
G4_Onmem_wall,3,banded_anti_w6,one,all,38,5,persistent_chain
G4_Onmem_wall,3,banded_anti_w6,one,all,39,4,persistent_chain
G4_Onmem_wall,3,banded_anti_w6,one,all,40,7,persistent_chain
G4_Onmem_wall,3,banded_anti_w6,one,all,41,4,persistent_chain
G4_Onmem_wall,3,banded_anti_w6,one,all,42,1,persistent_chain
G4_Onmem_wall,3,banded_anti_w6,one,all,43,4,persistent_chain
G4_Onmem_wall,3,banded_anti_w6,one,all,44,5,persistent_chain
G4_Onmem_wall,3,banded_anti_w6,one,all,45,1,persistent_chain
G4_Onmem_wall,3,banded_anti_w6,one,all,46,7,persistent_chain
G4_Onmem_wall,3,banded_anti_w6,one,all,47,3,persistent_chain
G4_Onmem_wall,3,banded_anti_w6,one,all,48,2,persistent_chain
G4_Onmem_wall,3,banded_anti_w6,one,all,51,4,persistent_chain
G4_Onmem_wall,3,banded_anti_w6,one,all,53,1,persistent_chain
G4_Onmem_wall,3,banded_anti_w6,one,all,54,1,persistent_chain
G4_Onmem_wall,3,banded_anti_w6,one,all,55,2,persistent_chain
G4_Onmem_wall,3,banded_anti_w6,one,all,56,2,persistent_chain
G4_Onmem_wall,3,banded_anti_w6,one,all,59,3,persistent_chain
G4_Onmem_wall,3,banded_anti_w6,one,all,61,1,persistent_chain
G4_Onmem_wall,3,banded_anti_w6,one,all,65,1,persistent_chain
G4_Onmem_wall,3,banded_anti_w6,one,all,68,1,persistent_chain
G4_Onmem_wall,3,banded_anti_w6,one,all,70,2,persistent_chain
G4_Onmem_wall,3,banded_anti_w6,one,all,73,2,persistent_chain
G4_Onmem_wall,3,banded_anti_w6,one,all,78,1,persistent_chain
G4_Onmem_wall,3,banded_anti_w6,one,all,80,1,persistent_chain
G4_Onmem_wall,3,banded_anti_w6,one,all,84,1,persistent_chain
G4_Onmem_wall,3,banded_anti_w6,one,all,87,2,persistent_chain
G4_Onmem_wall,3,banded_anti_w6,one,all,100,1,persistent_chain
G4_Onmem_wall,3,banded_anti_w6,one,all,103,1,persistent_chain
G4_Onmem_wall,3,banded_anti_w6,one,all,143,1,persistent_chain
G4_Onmem_wall,3,banded_anti_w6,one,all,163,1,persistent_chain
G4_Onmem_wall,3,banded_anti_w6,one,Hel-Hel,1,4,persistent_chain
G4_Onmem_wall,3,banded_anti_w6,one,Hel-Hel,2,2,persistent_chain
G4_Onmem_wall,3,banded_anti_w6,one,Hel-Hel,3,1,persistent_chain
G4_Onmem_wall,3,banded_anti_w6,one,Hel-Hel,4,1,persistent_chain
G4_Onmem_wall,3,banded_anti_w6,one,Hel-Hel,7,1,persistent_chain
G4_Onmem_wall,3,banded_anti_w6,one,Hel-Hel,9,1,persistent_chain
G4_Onmem_wall,3,banded_anti_w6,one,Hel-Hel,143,1,persistent_chain
G4_Onmem_wall,3,banded_anti_w6,one,Hel-IDP,1,1735,persistent_chain
G4_Onmem_wall,3,banded_anti_w6,one,Hel-IDP,2,727,persistent_chain
G4_Onmem_wall,3,banded_anti_w6,one,Hel-IDP,3,353,persistent_chain
G4_Onmem_wall,3,banded_anti_w6,one,Hel-IDP,4,226,persistent_chain
G4_Onmem_wall,3,banded_anti_w6,one,Hel-IDP,5,156,persistent_chain
G4_Onmem_wall,3,banded_anti_w6,one,Hel-IDP,6,107,persistent_chain
G4_Onmem_wall,3,banded_anti_w6,one,Hel-IDP,7,92,persistent_chain
G4_Onmem_wall,3,banded_anti_w6,one,Hel-IDP,8,68,persistent_chain
G4_Onmem_wall,3,banded_anti_w6,one,Hel-IDP,9,44,persistent_chain
G4_Onmem_wall,3,banded_anti_w6,one,Hel-IDP,10,40,persistent_chain
G4_Onmem_wall,3,banded_anti_w6,one,Hel-IDP,11,39,persistent_chain
G4_Onmem_wall,3,banded_anti_w6,one,Hel-IDP,12,36,persistent_chain
G4_Onmem_wall,3,banded_anti_w6,one,Hel-IDP,13,17,persistent_chain
G4_Onmem_wall,3,banded_anti_w6,one,Hel-IDP,14,15,persistent_chain
G4_Onmem_wall,3,banded_anti_w6,one,Hel-IDP,15,20,persistent_chain
G4_Onmem_wall,3,banded_anti_w6,one,Hel-IDP,16,14,persistent_chain
G4_Onmem_wall,3,banded_anti_w6,one,Hel-IDP,17,13,persistent_chain
G4_Onmem_wall,3,banded_anti_w6,one,Hel-IDP,18,13,persistent_chain
G4_Onmem_wall,3,banded_anti_w6,one,Hel-IDP,19,9,persistent_chain
G4_Onmem_wall,3,banded_anti_w6,one,Hel-IDP,20,6,persistent_chain
G4_Onmem_wall,3,banded_anti_w6,one,Hel-IDP,21,7,persistent_chain
G4_Onmem_wall,3,banded_anti_w6,one,Hel-IDP,22,4,persistent_chain
G4_Onmem_wall,3,banded_anti_w6,one,Hel-IDP,23,3,persistent_chain
G4_Onmem_wall,3,banded_anti_w6,one,Hel-IDP,24,5,persistent_chain
G4_Onmem_wall,3,banded_anti_w6,one,Hel-IDP,25,5,persistent_chain
G4_Onmem_wall,3,banded_anti_w6,one,Hel-IDP,26,4,persistent_chain
G4_Onmem_wall,3,banded_anti_w6,one,Hel-IDP,27,1,persistent_chain
G4_Onmem_wall,3,banded_anti_w6,one,Hel-IDP,28,2,persistent_chain
G4_Onmem_wall,3,banded_anti_w6,one,Hel-IDP,30,1,persistent_chain
G4_Onmem_wall,3,banded_anti_w6,one,Hel-IDP,31,3,persistent_chain
G4_Onmem_wall,3,banded_anti_w6,one,Hel-IDP,32,2,persistent_chain
G4_Onmem_wall,3,banded_anti_w6,one,Hel-IDP,33,1,persistent_chain
G4_Onmem_wall,3,banded_anti_w6,one,Hel-IDP,36,1,persistent_chain
G4_Onmem_wall,3,banded_anti_w6,one,Hel-IDP,40,1,persistent_chain
G4_Onmem_wall,3,banded_anti_w6,one,Hel-IDP,41,1,persistent_chain
G4_Onmem_wall,3,banded_anti_w6,one,Hel-IDP,42,1,persistent_chain
G4_Onmem_wall,3,banded_anti_w6,one,Hel-IDP,44,1,persistent_chain
G4_Onmem_wall,3,banded_anti_w6,one,Hel-IDP,46,1,persistent_chain
G4_Onmem_wall,3,banded_anti_w6,one,Hel-IDP,51,2,persistent_chain
G4_Onmem_wall,3,banded_anti_w6,one,Hel-IDP,56,1,persistent_chain
G4_Onmem_wall,3,banded_anti_w6,one,Hel-IDP,61,1,persistent_chain
G4_Onmem_wall,3,banded_anti_w6,one,Hel-IDP,87,1,persistent_chain
G4_Onmem_wall,3,banded_anti_w6,one,IDP-IDP,1,17602,persistent_chain
G4_Onmem_wall,3,banded_anti_w6,one,IDP-IDP,2,6796,persistent_chain
G4_Onmem_wall,3,banded_anti_w6,one,IDP-IDP,3,3563,persistent_chain
G4_Onmem_wall,3,banded_anti_w6,one,IDP-IDP,4,2251,persistent_chain
G4_Onmem_wall,3,banded_anti_w6,one,IDP-IDP,5,1412,persistent_chain
G4_Onmem_wall,3,banded_anti_w6,one,IDP-IDP,6,1054,persistent_chain
G4_Onmem_wall,3,banded_anti_w6,one,IDP-IDP,7,685,persistent_chain
G4_Onmem_wall,3,banded_anti_w6,one,IDP-IDP,8,571,persistent_chain
G4_Onmem_wall,3,banded_anti_w6,one,IDP-IDP,9,418,persistent_chain
G4_Onmem_wall,3,banded_anti_w6,one,IDP-IDP,10,345,persistent_chain
G4_Onmem_wall,3,banded_anti_w6,one,IDP-IDP,11,274,persistent_chain
G4_Onmem_wall,3,banded_anti_w6,one,IDP-IDP,12,231,persistent_chain
G4_Onmem_wall,3,banded_anti_w6,one,IDP-IDP,13,145,persistent_chain
G4_Onmem_wall,3,banded_anti_w6,one,IDP-IDP,14,126,persistent_chain
G4_Onmem_wall,3,banded_anti_w6,one,IDP-IDP,15,114,persistent_chain
G4_Onmem_wall,3,banded_anti_w6,one,IDP-IDP,16,99,persistent_chain
G4_Onmem_wall,3,banded_anti_w6,one,IDP-IDP,17,79,persistent_chain
G4_Onmem_wall,3,banded_anti_w6,one,IDP-IDP,18,66,persistent_chain
G4_Onmem_wall,3,banded_anti_w6,one,IDP-IDP,19,50,persistent_chain
G4_Onmem_wall,3,banded_anti_w6,one,IDP-IDP,20,47,persistent_chain
G4_Onmem_wall,3,banded_anti_w6,one,IDP-IDP,21,28,persistent_chain
G4_Onmem_wall,3,banded_anti_w6,one,IDP-IDP,22,25,persistent_chain
G4_Onmem_wall,3,banded_anti_w6,one,IDP-IDP,23,25,persistent_chain
G4_Onmem_wall,3,banded_anti_w6,one,IDP-IDP,24,27,persistent_chain
G4_Onmem_wall,3,banded_anti_w6,one,IDP-IDP,25,29,persistent_chain
G4_Onmem_wall,3,banded_anti_w6,one,IDP-IDP,26,27,persistent_chain
G4_Onmem_wall,3,banded_anti_w6,one,IDP-IDP,27,15,persistent_chain
G4_Onmem_wall,3,banded_anti_w6,one,IDP-IDP,28,27,persistent_chain
G4_Onmem_wall,3,banded_anti_w6,one,IDP-IDP,29,17,persistent_chain
G4_Onmem_wall,3,banded_anti_w6,one,IDP-IDP,30,11,persistent_chain
G4_Onmem_wall,3,banded_anti_w6,one,IDP-IDP,31,13,persistent_chain
G4_Onmem_wall,3,banded_anti_w6,one,IDP-IDP,32,7,persistent_chain
G4_Onmem_wall,3,banded_anti_w6,one,IDP-IDP,33,11,persistent_chain
G4_Onmem_wall,3,banded_anti_w6,one,IDP-IDP,34,8,persistent_chain
G4_Onmem_wall,3,banded_anti_w6,one,IDP-IDP,35,8,persistent_chain
G4_Onmem_wall,3,banded_anti_w6,one,IDP-IDP,36,5,persistent_chain
G4_Onmem_wall,3,banded_anti_w6,one,IDP-IDP,37,4,persistent_chain
G4_Onmem_wall,3,banded_anti_w6,one,IDP-IDP,38,5,persistent_chain
G4_Onmem_wall,3,banded_anti_w6,one,IDP-IDP,39,4,persistent_chain
G4_Onmem_wall,3,banded_anti_w6,one,IDP-IDP,40,6,persistent_chain
G4_Onmem_wall,3,banded_anti_w6,one,IDP-IDP,41,3,persistent_chain
G4_Onmem_wall,3,banded_anti_w6,one,IDP-IDP,43,4,persistent_chain
G4_Onmem_wall,3,banded_anti_w6,one,IDP-IDP,44,4,persistent_chain
G4_Onmem_wall,3,banded_anti_w6,one,IDP-IDP,45,1,persistent_chain
G4_Onmem_wall,3,banded_anti_w6,one,IDP-IDP,46,6,persistent_chain
G4_Onmem_wall,3,banded_anti_w6,one,IDP-IDP,47,3,persistent_chain
G4_Onmem_wall,3,banded_anti_w6,one,IDP-IDP,48,2,persistent_chain
G4_Onmem_wall,3,banded_anti_w6,one,IDP-IDP,51,2,persistent_chain
G4_Onmem_wall,3,banded_anti_w6,one,IDP-IDP,53,1,persistent_chain
G4_Onmem_wall,3,banded_anti_w6,one,IDP-IDP,54,1,persistent_chain
G4_Onmem_wall,3,banded_anti_w6,one,IDP-IDP,55,2,persistent_chain
G4_Onmem_wall,3,banded_anti_w6,one,IDP-IDP,56,1,persistent_chain
G4_Onmem_wall,3,banded_anti_w6,one,IDP-IDP,59,3,persistent_chain
G4_Onmem_wall,3,banded_anti_w6,one,IDP-IDP,65,1,persistent_chain
G4_Onmem_wall,3,banded_anti_w6,one,IDP-IDP,68,1,persistent_chain
G4_Onmem_wall,3,banded_anti_w6,one,IDP-IDP,70,2,persistent_chain
G4_Onmem_wall,3,banded_anti_w6,one,IDP-IDP,73,2,persistent_chain
G4_Onmem_wall,3,banded_anti_w6,one,IDP-IDP,78,1,persistent_chain
G4_Onmem_wall,3,banded_anti_w6,one,IDP-IDP,80,1,persistent_chain
G4_Onmem_wall,3,banded_anti_w6,one,IDP-IDP,84,1,persistent_chain
G4_Onmem_wall,3,banded_anti_w6,one,IDP-IDP,87,1,persistent_chain
G4_Onmem_wall,3,banded_anti_w6,one,IDP-IDP,100,1,persistent_chain
G4_Onmem_wall,3,banded_anti_w6,one,IDP-IDP,103,1,persistent_chain
G4_Onmem_wall,3,banded_anti_w6,one,IDP-IDP,163,1,persistent_chain
G4_Onmem_wall,3,banded_anti_w6,three,all,1,15138,persistent_chain
G4_Onmem_wall,3,banded_anti_w6,three,all,2,5234,persistent_chain
G4_Onmem_wall,3,banded_anti_w6,three,all,3,2571,persistent_chain
G4_Onmem_wall,3,banded_anti_w6,three,all,4,1548,persistent_chain
G4_Onmem_wall,3,banded_anti_w6,three,all,5,866,persistent_chain
G4_Onmem_wall,3,banded_anti_w6,three,all,6,574,persistent_chain
G4_Onmem_wall,3,banded_anti_w6,three,all,7,385,persistent_chain
G4_Onmem_wall,3,banded_anti_w6,three,all,8,309,persistent_chain
G4_Onmem_wall,3,banded_anti_w6,three,all,9,194,persistent_chain
G4_Onmem_wall,3,banded_anti_w6,three,all,10,156,persistent_chain
G4_Onmem_wall,3,banded_anti_w6,three,all,11,116,persistent_chain
G4_Onmem_wall,3,banded_anti_w6,three,all,12,80,persistent_chain
G4_Onmem_wall,3,banded_anti_w6,three,all,13,49,persistent_chain
G4_Onmem_wall,3,banded_anti_w6,three,all,14,45,persistent_chain
G4_Onmem_wall,3,banded_anti_w6,three,all,15,52,persistent_chain
G4_Onmem_wall,3,banded_anti_w6,three,all,16,30,persistent_chain
G4_Onmem_wall,3,banded_anti_w6,three,all,17,26,persistent_chain
G4_Onmem_wall,3,banded_anti_w6,three,all,18,18,persistent_chain
G4_Onmem_wall,3,banded_anti_w6,three,all,19,12,persistent_chain
G4_Onmem_wall,3,banded_anti_w6,three,all,20,13,persistent_chain
G4_Onmem_wall,3,banded_anti_w6,three,all,21,7,persistent_chain
G4_Onmem_wall,3,banded_anti_w6,three,all,22,8,persistent_chain
G4_Onmem_wall,3,banded_anti_w6,three,all,23,6,persistent_chain
G4_Onmem_wall,3,banded_anti_w6,three,all,24,6,persistent_chain
G4_Onmem_wall,3,banded_anti_w6,three,all,25,6,persistent_chain
G4_Onmem_wall,3,banded_anti_w6,three,all,26,8,persistent_chain
G4_Onmem_wall,3,banded_anti_w6,three,all,28,3,persistent_chain
G4_Onmem_wall,3,banded_anti_w6,three,all,29,3,persistent_chain
G4_Onmem_wall,3,banded_anti_w6,three,all,31,3,persistent_chain
G4_Onmem_wall,3,banded_anti_w6,three,all,32,2,persistent_chain
G4_Onmem_wall,3,banded_anti_w6,three,all,33,1,persistent_chain
G4_Onmem_wall,3,banded_anti_w6,three,all,35,1,persistent_chain
G4_Onmem_wall,3,banded_anti_w6,three,all,37,2,persistent_chain
G4_Onmem_wall,3,banded_anti_w6,three,all,38,5,persistent_chain
G4_Onmem_wall,3,banded_anti_w6,three,all,39,1,persistent_chain
G4_Onmem_wall,3,banded_anti_w6,three,all,40,1,persistent_chain
G4_Onmem_wall,3,banded_anti_w6,three,all,42,1,persistent_chain
G4_Onmem_wall,3,banded_anti_w6,three,all,48,1,persistent_chain
G4_Onmem_wall,3,banded_anti_w6,three,all,49,1,persistent_chain
G4_Onmem_wall,3,banded_anti_w6,three,all,51,1,persistent_chain
G4_Onmem_wall,3,banded_anti_w6,three,all,52,1,persistent_chain
G4_Onmem_wall,3,banded_anti_w6,three,all,60,1,persistent_chain
G4_Onmem_wall,3,banded_anti_w6,three,all,64,1,persistent_chain
G4_Onmem_wall,3,banded_anti_w6,three,all,65,1,persistent_chain
G4_Onmem_wall,3,banded_anti_w6,three,all,141,1,persistent_chain
G4_Onmem_wall,3,banded_anti_w6,three,Hel-Hel,1,3,persistent_chain
G4_Onmem_wall,3,banded_anti_w6,three,Hel-Hel,3,1,persistent_chain
G4_Onmem_wall,3,banded_anti_w6,three,Hel-Hel,6,1,persistent_chain
G4_Onmem_wall,3,banded_anti_w6,three,Hel-Hel,141,1,persistent_chain
G4_Onmem_wall,3,banded_anti_w6,three,Hel-IDP,1,1324,persistent_chain
G4_Onmem_wall,3,banded_anti_w6,three,Hel-IDP,2,422,persistent_chain
G4_Onmem_wall,3,banded_anti_w6,three,Hel-IDP,3,233,persistent_chain
G4_Onmem_wall,3,banded_anti_w6,three,Hel-IDP,4,146,persistent_chain
G4_Onmem_wall,3,banded_anti_w6,three,Hel-IDP,5,91,persistent_chain
G4_Onmem_wall,3,banded_anti_w6,three,Hel-IDP,6,56,persistent_chain
G4_Onmem_wall,3,banded_anti_w6,three,Hel-IDP,7,45,persistent_chain
G4_Onmem_wall,3,banded_anti_w6,three,Hel-IDP,8,37,persistent_chain
G4_Onmem_wall,3,banded_anti_w6,three,Hel-IDP,9,16,persistent_chain
G4_Onmem_wall,3,banded_anti_w6,three,Hel-IDP,10,18,persistent_chain
G4_Onmem_wall,3,banded_anti_w6,three,Hel-IDP,11,12,persistent_chain
G4_Onmem_wall,3,banded_anti_w6,three,Hel-IDP,12,8,persistent_chain
G4_Onmem_wall,3,banded_anti_w6,three,Hel-IDP,13,5,persistent_chain
G4_Onmem_wall,3,banded_anti_w6,three,Hel-IDP,14,5,persistent_chain
G4_Onmem_wall,3,banded_anti_w6,three,Hel-IDP,15,8,persistent_chain
G4_Onmem_wall,3,banded_anti_w6,three,Hel-IDP,16,1,persistent_chain
G4_Onmem_wall,3,banded_anti_w6,three,Hel-IDP,17,1,persistent_chain
G4_Onmem_wall,3,banded_anti_w6,three,Hel-IDP,19,2,persistent_chain
G4_Onmem_wall,3,banded_anti_w6,three,Hel-IDP,20,2,persistent_chain
G4_Onmem_wall,3,banded_anti_w6,three,Hel-IDP,21,1,persistent_chain
G4_Onmem_wall,3,banded_anti_w6,three,Hel-IDP,22,1,persistent_chain
G4_Onmem_wall,3,banded_anti_w6,three,Hel-IDP,23,1,persistent_chain
G4_Onmem_wall,3,banded_anti_w6,three,Hel-IDP,24,1,persistent_chain
G4_Onmem_wall,3,banded_anti_w6,three,Hel-IDP,25,1,persistent_chain
G4_Onmem_wall,3,banded_anti_w6,three,Hel-IDP,29,1,persistent_chain
G4_Onmem_wall,3,banded_anti_w6,three,Hel-IDP,38,1,persistent_chain
G4_Onmem_wall,3,banded_anti_w6,three,Hel-IDP,39,1,persistent_chain
G4_Onmem_wall,3,banded_anti_w6,three,Hel-IDP,40,1,persistent_chain
G4_Onmem_wall,3,banded_anti_w6,three,Hel-IDP,48,1,persistent_chain
G4_Onmem_wall,3,banded_anti_w6,three,IDP-IDP,1,13811,persistent_chain
G4_Onmem_wall,3,banded_anti_w6,three,IDP-IDP,2,4812,persistent_chain
G4_Onmem_wall,3,banded_anti_w6,three,IDP-IDP,3,2337,persistent_chain
G4_Onmem_wall,3,banded_anti_w6,three,IDP-IDP,4,1402,persistent_chain
G4_Onmem_wall,3,banded_anti_w6,three,IDP-IDP,5,775,persistent_chain
G4_Onmem_wall,3,banded_anti_w6,three,IDP-IDP,6,517,persistent_chain
G4_Onmem_wall,3,banded_anti_w6,three,IDP-IDP,7,340,persistent_chain
G4_Onmem_wall,3,banded_anti_w6,three,IDP-IDP,8,272,persistent_chain
G4_Onmem_wall,3,banded_anti_w6,three,IDP-IDP,9,178,persistent_chain
G4_Onmem_wall,3,banded_anti_w6,three,IDP-IDP,10,138,persistent_chain
G4_Onmem_wall,3,banded_anti_w6,three,IDP-IDP,11,104,persistent_chain
G4_Onmem_wall,3,banded_anti_w6,three,IDP-IDP,12,72,persistent_chain
G4_Onmem_wall,3,banded_anti_w6,three,IDP-IDP,13,44,persistent_chain
G4_Onmem_wall,3,banded_anti_w6,three,IDP-IDP,14,40,persistent_chain
G4_Onmem_wall,3,banded_anti_w6,three,IDP-IDP,15,44,persistent_chain
G4_Onmem_wall,3,banded_anti_w6,three,IDP-IDP,16,29,persistent_chain
G4_Onmem_wall,3,banded_anti_w6,three,IDP-IDP,17,25,persistent_chain
G4_Onmem_wall,3,banded_anti_w6,three,IDP-IDP,18,18,persistent_chain
G4_Onmem_wall,3,banded_anti_w6,three,IDP-IDP,19,10,persistent_chain
G4_Onmem_wall,3,banded_anti_w6,three,IDP-IDP,20,11,persistent_chain
G4_Onmem_wall,3,banded_anti_w6,three,IDP-IDP,21,6,persistent_chain
G4_Onmem_wall,3,banded_anti_w6,three,IDP-IDP,22,7,persistent_chain
G4_Onmem_wall,3,banded_anti_w6,three,IDP-IDP,23,5,persistent_chain
G4_Onmem_wall,3,banded_anti_w6,three,IDP-IDP,24,5,persistent_chain
G4_Onmem_wall,3,banded_anti_w6,three,IDP-IDP,25,5,persistent_chain
G4_Onmem_wall,3,banded_anti_w6,three,IDP-IDP,26,8,persistent_chain
G4_Onmem_wall,3,banded_anti_w6,three,IDP-IDP,28,3,persistent_chain
G4_Onmem_wall,3,banded_anti_w6,three,IDP-IDP,29,2,persistent_chain
G4_Onmem_wall,3,banded_anti_w6,three,IDP-IDP,31,3,persistent_chain
G4_Onmem_wall,3,banded_anti_w6,three,IDP-IDP,32,2,persistent_chain
G4_Onmem_wall,3,banded_anti_w6,three,IDP-IDP,33,1,persistent_chain
G4_Onmem_wall,3,banded_anti_w6,three,IDP-IDP,35,1,persistent_chain
G4_Onmem_wall,3,banded_anti_w6,three,IDP-IDP,37,2,persistent_chain
G4_Onmem_wall,3,banded_anti_w6,three,IDP-IDP,38,4,persistent_chain
G4_Onmem_wall,3,banded_anti_w6,three,IDP-IDP,42,1,persistent_chain
G4_Onmem_wall,3,banded_anti_w6,three,IDP-IDP,49,1,persistent_chain
G4_Onmem_wall,3,banded_anti_w6,three,IDP-IDP,51,1,persistent_chain
G4_Onmem_wall,3,banded_anti_w6,three,IDP-IDP,52,1,persistent_chain
G4_Onmem_wall,3,banded_anti_w6,three,IDP-IDP,60,1,persistent_chain
G4_Onmem_wall,3,banded_anti_w6,three,IDP-IDP,64,1,persistent_chain
G4_Onmem_wall,3,banded_anti_w6,three,IDP-IDP,65,1,persistent_chain
G4_Onmem_wall,3,banded_anti_w6,triplet,all,1,10856,persistent_chain
G4_Onmem_wall,3,banded_anti_w6,triplet,all,2,3134,persistent_chain
G4_Onmem_wall,3,banded_anti_w6,triplet,all,3,1392,persistent_chain
G4_Onmem_wall,3,banded_anti_w6,triplet,all,4,719,persistent_chain
G4_Onmem_wall,3,banded_anti_w6,triplet,all,5,360,persistent_chain
G4_Onmem_wall,3,banded_anti_w6,triplet,all,6,213,persistent_chain
G4_Onmem_wall,3,banded_anti_w6,triplet,all,7,118,persistent_chain
G4_Onmem_wall,3,banded_anti_w6,triplet,all,8,80,persistent_chain
G4_Onmem_wall,3,banded_anti_w6,triplet,all,9,56,persistent_chain
G4_Onmem_wall,3,banded_anti_w6,triplet,all,10,45,persistent_chain
G4_Onmem_wall,3,banded_anti_w6,triplet,all,11,30,persistent_chain
G4_Onmem_wall,3,banded_anti_w6,triplet,all,12,18,persistent_chain
G4_Onmem_wall,3,banded_anti_w6,triplet,all,13,13,persistent_chain
G4_Onmem_wall,3,banded_anti_w6,triplet,all,14,5,persistent_chain
G4_Onmem_wall,3,banded_anti_w6,triplet,all,15,5,persistent_chain
G4_Onmem_wall,3,banded_anti_w6,triplet,all,16,7,persistent_chain
G4_Onmem_wall,3,banded_anti_w6,triplet,all,17,10,persistent_chain
G4_Onmem_wall,3,banded_anti_w6,triplet,all,18,4,persistent_chain
G4_Onmem_wall,3,banded_anti_w6,triplet,all,19,3,persistent_chain
G4_Onmem_wall,3,banded_anti_w6,triplet,all,20,3,persistent_chain
G4_Onmem_wall,3,banded_anti_w6,triplet,all,21,3,persistent_chain
G4_Onmem_wall,3,banded_anti_w6,triplet,all,22,4,persistent_chain
G4_Onmem_wall,3,banded_anti_w6,triplet,all,23,1,persistent_chain
G4_Onmem_wall,3,banded_anti_w6,triplet,all,28,2,persistent_chain
G4_Onmem_wall,3,banded_anti_w6,triplet,all,32,1,persistent_chain
G4_Onmem_wall,3,banded_anti_w6,triplet,all,33,3,persistent_chain
G4_Onmem_wall,3,banded_anti_w6,triplet,all,34,1,persistent_chain
G4_Onmem_wall,3,banded_anti_w6,triplet,all,35,1,persistent_chain
G4_Onmem_wall,3,banded_anti_w6,triplet,all,36,1,persistent_chain
G4_Onmem_wall,3,banded_anti_w6,triplet,all,41,1,persistent_chain
G4_Onmem_wall,3,banded_anti_w6,triplet,Hel-Hel,1,7,persistent_chain
G4_Onmem_wall,3,banded_anti_w6,triplet,Hel-Hel,2,6,persistent_chain
G4_Onmem_wall,3,banded_anti_w6,triplet,Hel-Hel,3,2,persistent_chain
G4_Onmem_wall,3,banded_anti_w6,triplet,Hel-Hel,4,1,persistent_chain
G4_Onmem_wall,3,banded_anti_w6,triplet,Hel-Hel,8,1,persistent_chain
G4_Onmem_wall,3,banded_anti_w6,triplet,Hel-Hel,9,1,persistent_chain
G4_Onmem_wall,3,banded_anti_w6,triplet,Hel-Hel,12,1,persistent_chain
G4_Onmem_wall,3,banded_anti_w6,triplet,Hel-Hel,16,1,persistent_chain
G4_Onmem_wall,3,banded_anti_w6,triplet,Hel-Hel,36,1,persistent_chain
G4_Onmem_wall,3,banded_anti_w6,triplet,Hel-IDP,1,686,persistent_chain
G4_Onmem_wall,3,banded_anti_w6,triplet,Hel-IDP,2,176,persistent_chain
G4_Onmem_wall,3,banded_anti_w6,triplet,Hel-IDP,3,91,persistent_chain
G4_Onmem_wall,3,banded_anti_w6,triplet,Hel-IDP,4,47,persistent_chain
G4_Onmem_wall,3,banded_anti_w6,triplet,Hel-IDP,5,27,persistent_chain
G4_Onmem_wall,3,banded_anti_w6,triplet,Hel-IDP,6,14,persistent_chain
G4_Onmem_wall,3,banded_anti_w6,triplet,Hel-IDP,7,9,persistent_chain
G4_Onmem_wall,3,banded_anti_w6,triplet,Hel-IDP,8,5,persistent_chain
G4_Onmem_wall,3,banded_anti_w6,triplet,Hel-IDP,9,7,persistent_chain
G4_Onmem_wall,3,banded_anti_w6,triplet,Hel-IDP,10,3,persistent_chain
G4_Onmem_wall,3,banded_anti_w6,triplet,Hel-IDP,12,2,persistent_chain
G4_Onmem_wall,3,banded_anti_w6,triplet,Hel-IDP,15,1,persistent_chain
G4_Onmem_wall,3,banded_anti_w6,triplet,Hel-IDP,16,1,persistent_chain
G4_Onmem_wall,3,banded_anti_w6,triplet,Hel-IDP,17,2,persistent_chain
G4_Onmem_wall,3,banded_anti_w6,triplet,Hel-IDP,19,1,persistent_chain
G4_Onmem_wall,3,banded_anti_w6,triplet,Hel-IDP,20,1,persistent_chain
G4_Onmem_wall,3,banded_anti_w6,triplet,Hel-IDP,21,1,persistent_chain
G4_Onmem_wall,3,banded_anti_w6,triplet,Hel-IDP,33,1,persistent_chain
G4_Onmem_wall,3,banded_anti_w6,triplet,IDP-IDP,1,10163,persistent_chain
G4_Onmem_wall,3,banded_anti_w6,triplet,IDP-IDP,2,2952,persistent_chain
G4_Onmem_wall,3,banded_anti_w6,triplet,IDP-IDP,3,1299,persistent_chain
G4_Onmem_wall,3,banded_anti_w6,triplet,IDP-IDP,4,671,persistent_chain
G4_Onmem_wall,3,banded_anti_w6,triplet,IDP-IDP,5,333,persistent_chain
G4_Onmem_wall,3,banded_anti_w6,triplet,IDP-IDP,6,199,persistent_chain
G4_Onmem_wall,3,banded_anti_w6,triplet,IDP-IDP,7,109,persistent_chain
G4_Onmem_wall,3,banded_anti_w6,triplet,IDP-IDP,8,74,persistent_chain
G4_Onmem_wall,3,banded_anti_w6,triplet,IDP-IDP,9,48,persistent_chain
G4_Onmem_wall,3,banded_anti_w6,triplet,IDP-IDP,10,42,persistent_chain
G4_Onmem_wall,3,banded_anti_w6,triplet,IDP-IDP,11,30,persistent_chain
G4_Onmem_wall,3,banded_anti_w6,triplet,IDP-IDP,12,15,persistent_chain
G4_Onmem_wall,3,banded_anti_w6,triplet,IDP-IDP,13,13,persistent_chain
G4_Onmem_wall,3,banded_anti_w6,triplet,IDP-IDP,14,5,persistent_chain
G4_Onmem_wall,3,banded_anti_w6,triplet,IDP-IDP,15,4,persistent_chain
G4_Onmem_wall,3,banded_anti_w6,triplet,IDP-IDP,16,5,persistent_chain
G4_Onmem_wall,3,banded_anti_w6,triplet,IDP-IDP,17,8,persistent_chain
G4_Onmem_wall,3,banded_anti_w6,triplet,IDP-IDP,18,4,persistent_chain
G4_Onmem_wall,3,banded_anti_w6,triplet,IDP-IDP,19,2,persistent_chain
G4_Onmem_wall,3,banded_anti_w6,triplet,IDP-IDP,20,2,persistent_chain
G4_Onmem_wall,3,banded_anti_w6,triplet,IDP-IDP,21,2,persistent_chain
G4_Onmem_wall,3,banded_anti_w6,triplet,IDP-IDP,22,4,persistent_chain
G4_Onmem_wall,3,banded_anti_w6,triplet,IDP-IDP,23,1,persistent_chain
G4_Onmem_wall,3,banded_anti_w6,triplet,IDP-IDP,28,2,persistent_chain
G4_Onmem_wall,3,banded_anti_w6,triplet,IDP-IDP,32,1,persistent_chain
G4_Onmem_wall,3,banded_anti_w6,triplet,IDP-IDP,33,2,persistent_chain
G4_Onmem_wall,3,banded_anti_w6,triplet,IDP-IDP,34,1,persistent_chain
G4_Onmem_wall,3,banded_anti_w6,triplet,IDP-IDP,35,1,persistent_chain
G4_Onmem_wall,3,banded_anti_w6,triplet,IDP-IDP,41,1,persistent_chain
G4_Onmem_wall,3,banded_anti_w8,one,all,1,21500,persistent_chain
G4_Onmem_wall,3,banded_anti_w8,one,all,2,8426,persistent_chain
G4_Onmem_wall,3,banded_anti_w8,one,all,3,4492,persistent_chain
G4_Onmem_wall,3,banded_anti_w8,one,all,4,2892,persistent_chain
G4_Onmem_wall,3,banded_anti_w8,one,all,5,1847,persistent_chain
G4_Onmem_wall,3,banded_anti_w8,one,all,6,1291,persistent_chain
G4_Onmem_wall,3,banded_anti_w8,one,all,7,973,persistent_chain
G4_Onmem_wall,3,banded_anti_w8,one,all,8,741,persistent_chain
G4_Onmem_wall,3,banded_anti_w8,one,all,9,607,persistent_chain
G4_Onmem_wall,3,banded_anti_w8,one,all,10,458,persistent_chain
G4_Onmem_wall,3,banded_anti_w8,one,all,11,368,persistent_chain
G4_Onmem_wall,3,banded_anti_w8,one,all,12,276,persistent_chain
G4_Onmem_wall,3,banded_anti_w8,one,all,13,240,persistent_chain
G4_Onmem_wall,3,banded_anti_w8,one,all,14,199,persistent_chain
G4_Onmem_wall,3,banded_anti_w8,one,all,15,164,persistent_chain
G4_Onmem_wall,3,banded_anti_w8,one,all,16,152,persistent_chain
G4_Onmem_wall,3,banded_anti_w8,one,all,17,112,persistent_chain
G4_Onmem_wall,3,banded_anti_w8,one,all,18,106,persistent_chain
G4_Onmem_wall,3,banded_anti_w8,one,all,19,87,persistent_chain
G4_Onmem_wall,3,banded_anti_w8,one,all,20,67,persistent_chain
G4_Onmem_wall,3,banded_anti_w8,one,all,21,62,persistent_chain
G4_Onmem_wall,3,banded_anti_w8,one,all,22,58,persistent_chain
G4_Onmem_wall,3,banded_anti_w8,one,all,23,46,persistent_chain
G4_Onmem_wall,3,banded_anti_w8,one,all,24,48,persistent_chain
G4_Onmem_wall,3,banded_anti_w8,one,all,25,44,persistent_chain
G4_Onmem_wall,3,banded_anti_w8,one,all,26,39,persistent_chain
G4_Onmem_wall,3,banded_anti_w8,one,all,27,28,persistent_chain
G4_Onmem_wall,3,banded_anti_w8,one,all,28,39,persistent_chain
G4_Onmem_wall,3,banded_anti_w8,one,all,29,24,persistent_chain
G4_Onmem_wall,3,banded_anti_w8,one,all,30,17,persistent_chain
G4_Onmem_wall,3,banded_anti_w8,one,all,31,18,persistent_chain
G4_Onmem_wall,3,banded_anti_w8,one,all,32,17,persistent_chain
G4_Onmem_wall,3,banded_anti_w8,one,all,33,14,persistent_chain
G4_Onmem_wall,3,banded_anti_w8,one,all,34,13,persistent_chain
G4_Onmem_wall,3,banded_anti_w8,one,all,35,12,persistent_chain
G4_Onmem_wall,3,banded_anti_w8,one,all,36,11,persistent_chain
G4_Onmem_wall,3,banded_anti_w8,one,all,37,9,persistent_chain
G4_Onmem_wall,3,banded_anti_w8,one,all,38,7,persistent_chain
G4_Onmem_wall,3,banded_anti_w8,one,all,39,3,persistent_chain
G4_Onmem_wall,3,banded_anti_w8,one,all,40,11,persistent_chain
G4_Onmem_wall,3,banded_anti_w8,one,all,41,5,persistent_chain
G4_Onmem_wall,3,banded_anti_w8,one,all,42,3,persistent_chain
G4_Onmem_wall,3,banded_anti_w8,one,all,43,4,persistent_chain
G4_Onmem_wall,3,banded_anti_w8,one,all,44,12,persistent_chain
G4_Onmem_wall,3,banded_anti_w8,one,all,45,2,persistent_chain
G4_Onmem_wall,3,banded_anti_w8,one,all,46,10,persistent_chain
G4_Onmem_wall,3,banded_anti_w8,one,all,47,5,persistent_chain
G4_Onmem_wall,3,banded_anti_w8,one,all,48,3,persistent_chain
G4_Onmem_wall,3,banded_anti_w8,one,all,49,2,persistent_chain
G4_Onmem_wall,3,banded_anti_w8,one,all,50,3,persistent_chain
G4_Onmem_wall,3,banded_anti_w8,one,all,51,3,persistent_chain
G4_Onmem_wall,3,banded_anti_w8,one,all,52,3,persistent_chain
G4_Onmem_wall,3,banded_anti_w8,one,all,53,3,persistent_chain
G4_Onmem_wall,3,banded_anti_w8,one,all,54,1,persistent_chain
G4_Onmem_wall,3,banded_anti_w8,one,all,55,4,persistent_chain
G4_Onmem_wall,3,banded_anti_w8,one,all,56,2,persistent_chain
G4_Onmem_wall,3,banded_anti_w8,one,all,57,1,persistent_chain
G4_Onmem_wall,3,banded_anti_w8,one,all,58,3,persistent_chain
G4_Onmem_wall,3,banded_anti_w8,one,all,59,3,persistent_chain
G4_Onmem_wall,3,banded_anti_w8,one,all,60,1,persistent_chain
G4_Onmem_wall,3,banded_anti_w8,one,all,61,2,persistent_chain
G4_Onmem_wall,3,banded_anti_w8,one,all,62,1,persistent_chain
G4_Onmem_wall,3,banded_anti_w8,one,all,63,2,persistent_chain
G4_Onmem_wall,3,banded_anti_w8,one,all,65,1,persistent_chain
G4_Onmem_wall,3,banded_anti_w8,one,all,66,1,persistent_chain
G4_Onmem_wall,3,banded_anti_w8,one,all,69,1,persistent_chain
G4_Onmem_wall,3,banded_anti_w8,one,all,70,1,persistent_chain
G4_Onmem_wall,3,banded_anti_w8,one,all,71,1,persistent_chain
G4_Onmem_wall,3,banded_anti_w8,one,all,73,1,persistent_chain
G4_Onmem_wall,3,banded_anti_w8,one,all,77,1,persistent_chain
G4_Onmem_wall,3,banded_anti_w8,one,all,78,1,persistent_chain
G4_Onmem_wall,3,banded_anti_w8,one,all,84,2,persistent_chain
G4_Onmem_wall,3,banded_anti_w8,one,all,85,1,persistent_chain
G4_Onmem_wall,3,banded_anti_w8,one,all,86,1,persistent_chain
G4_Onmem_wall,3,banded_anti_w8,one,all,88,2,persistent_chain
G4_Onmem_wall,3,banded_anti_w8,one,all,98,1,persistent_chain
G4_Onmem_wall,3,banded_anti_w8,one,all,100,1,persistent_chain
G4_Onmem_wall,3,banded_anti_w8,one,all,113,1,persistent_chain
G4_Onmem_wall,3,banded_anti_w8,one,all,129,1,persistent_chain
G4_Onmem_wall,3,banded_anti_w8,one,all,137,1,persistent_chain
G4_Onmem_wall,3,banded_anti_w8,one,all,140,1,persistent_chain
G4_Onmem_wall,3,banded_anti_w8,one,all,160,1,persistent_chain
G4_Onmem_wall,3,banded_anti_w8,one,all,163,1,persistent_chain
G4_Onmem_wall,3,banded_anti_w8,one,Hel-Hel,1,14,persistent_chain
G4_Onmem_wall,3,banded_anti_w8,one,Hel-Hel,2,4,persistent_chain
G4_Onmem_wall,3,banded_anti_w8,one,Hel-Hel,3,1,persistent_chain
G4_Onmem_wall,3,banded_anti_w8,one,Hel-Hel,4,3,persistent_chain
G4_Onmem_wall,3,banded_anti_w8,one,Hel-Hel,10,1,persistent_chain
G4_Onmem_wall,3,banded_anti_w8,one,Hel-Hel,11,1,persistent_chain
G4_Onmem_wall,3,banded_anti_w8,one,Hel-Hel,16,1,persistent_chain
G4_Onmem_wall,3,banded_anti_w8,one,Hel-Hel,160,1,persistent_chain
G4_Onmem_wall,3,banded_anti_w8,one,Hel-IDP,1,1931,persistent_chain
G4_Onmem_wall,3,banded_anti_w8,one,Hel-IDP,2,787,persistent_chain
G4_Onmem_wall,3,banded_anti_w8,one,Hel-IDP,3,436,persistent_chain
G4_Onmem_wall,3,banded_anti_w8,one,Hel-IDP,4,244,persistent_chain
G4_Onmem_wall,3,banded_anti_w8,one,Hel-IDP,5,184,persistent_chain
G4_Onmem_wall,3,banded_anti_w8,one,Hel-IDP,6,127,persistent_chain
G4_Onmem_wall,3,banded_anti_w8,one,Hel-IDP,7,98,persistent_chain
G4_Onmem_wall,3,banded_anti_w8,one,Hel-IDP,8,62,persistent_chain
G4_Onmem_wall,3,banded_anti_w8,one,Hel-IDP,9,54,persistent_chain
G4_Onmem_wall,3,banded_anti_w8,one,Hel-IDP,10,47,persistent_chain
G4_Onmem_wall,3,banded_anti_w8,one,Hel-IDP,11,45,persistent_chain
G4_Onmem_wall,3,banded_anti_w8,one,Hel-IDP,12,44,persistent_chain
G4_Onmem_wall,3,banded_anti_w8,one,Hel-IDP,13,17,persistent_chain
G4_Onmem_wall,3,banded_anti_w8,one,Hel-IDP,14,23,persistent_chain
G4_Onmem_wall,3,banded_anti_w8,one,Hel-IDP,15,24,persistent_chain
G4_Onmem_wall,3,banded_anti_w8,one,Hel-IDP,16,20,persistent_chain
G4_Onmem_wall,3,banded_anti_w8,one,Hel-IDP,17,14,persistent_chain
G4_Onmem_wall,3,banded_anti_w8,one,Hel-IDP,18,14,persistent_chain
G4_Onmem_wall,3,banded_anti_w8,one,Hel-IDP,19,13,persistent_chain
G4_Onmem_wall,3,banded_anti_w8,one,Hel-IDP,20,7,persistent_chain
G4_Onmem_wall,3,banded_anti_w8,one,Hel-IDP,21,11,persistent_chain
G4_Onmem_wall,3,banded_anti_w8,one,Hel-IDP,22,8,persistent_chain
G4_Onmem_wall,3,banded_anti_w8,one,Hel-IDP,23,8,persistent_chain
G4_Onmem_wall,3,banded_anti_w8,one,Hel-IDP,24,6,persistent_chain
G4_Onmem_wall,3,banded_anti_w8,one,Hel-IDP,25,9,persistent_chain
G4_Onmem_wall,3,banded_anti_w8,one,Hel-IDP,26,5,persistent_chain
G4_Onmem_wall,3,banded_anti_w8,one,Hel-IDP,27,4,persistent_chain
G4_Onmem_wall,3,banded_anti_w8,one,Hel-IDP,28,1,persistent_chain
G4_Onmem_wall,3,banded_anti_w8,one,Hel-IDP,29,2,persistent_chain
G4_Onmem_wall,3,banded_anti_w8,one,Hel-IDP,30,2,persistent_chain
G4_Onmem_wall,3,banded_anti_w8,one,Hel-IDP,31,3,persistent_chain
G4_Onmem_wall,3,banded_anti_w8,one,Hel-IDP,32,2,persistent_chain
G4_Onmem_wall,3,banded_anti_w8,one,Hel-IDP,33,1,persistent_chain
G4_Onmem_wall,3,banded_anti_w8,one,Hel-IDP,34,1,persistent_chain
G4_Onmem_wall,3,banded_anti_w8,one,Hel-IDP,36,3,persistent_chain
G4_Onmem_wall,3,banded_anti_w8,one,Hel-IDP,37,2,persistent_chain
G4_Onmem_wall,3,banded_anti_w8,one,Hel-IDP,40,2,persistent_chain
G4_Onmem_wall,3,banded_anti_w8,one,Hel-IDP,41,1,persistent_chain
G4_Onmem_wall,3,banded_anti_w8,one,Hel-IDP,42,1,persistent_chain
G4_Onmem_wall,3,banded_anti_w8,one,Hel-IDP,44,3,persistent_chain
G4_Onmem_wall,3,banded_anti_w8,one,Hel-IDP,46,1,persistent_chain
G4_Onmem_wall,3,banded_anti_w8,one,Hel-IDP,51,1,persistent_chain
G4_Onmem_wall,3,banded_anti_w8,one,Hel-IDP,52,1,persistent_chain
G4_Onmem_wall,3,banded_anti_w8,one,Hel-IDP,54,1,persistent_chain
G4_Onmem_wall,3,banded_anti_w8,one,Hel-IDP,58,1,persistent_chain
G4_Onmem_wall,3,banded_anti_w8,one,Hel-IDP,61,1,persistent_chain
G4_Onmem_wall,3,banded_anti_w8,one,Hel-IDP,88,1,persistent_chain
G4_Onmem_wall,3,banded_anti_w8,one,IDP-IDP,1,19555,persistent_chain
G4_Onmem_wall,3,banded_anti_w8,one,IDP-IDP,2,7635,persistent_chain
G4_Onmem_wall,3,banded_anti_w8,one,IDP-IDP,3,4055,persistent_chain
G4_Onmem_wall,3,banded_anti_w8,one,IDP-IDP,4,2645,persistent_chain
G4_Onmem_wall,3,banded_anti_w8,one,IDP-IDP,5,1663,persistent_chain
G4_Onmem_wall,3,banded_anti_w8,one,IDP-IDP,6,1164,persistent_chain
G4_Onmem_wall,3,banded_anti_w8,one,IDP-IDP,7,875,persistent_chain
G4_Onmem_wall,3,banded_anti_w8,one,IDP-IDP,8,679,persistent_chain
G4_Onmem_wall,3,banded_anti_w8,one,IDP-IDP,9,553,persistent_chain
G4_Onmem_wall,3,banded_anti_w8,one,IDP-IDP,10,410,persistent_chain
G4_Onmem_wall,3,banded_anti_w8,one,IDP-IDP,11,322,persistent_chain
G4_Onmem_wall,3,banded_anti_w8,one,IDP-IDP,12,232,persistent_chain
G4_Onmem_wall,3,banded_anti_w8,one,IDP-IDP,13,223,persistent_chain
G4_Onmem_wall,3,banded_anti_w8,one,IDP-IDP,14,176,persistent_chain
G4_Onmem_wall,3,banded_anti_w8,one,IDP-IDP,15,140,persistent_chain
G4_Onmem_wall,3,banded_anti_w8,one,IDP-IDP,16,131,persistent_chain
G4_Onmem_wall,3,banded_anti_w8,one,IDP-IDP,17,98,persistent_chain
G4_Onmem_wall,3,banded_anti_w8,one,IDP-IDP,18,92,persistent_chain
G4_Onmem_wall,3,banded_anti_w8,one,IDP-IDP,19,74,persistent_chain
G4_Onmem_wall,3,banded_anti_w8,one,IDP-IDP,20,60,persistent_chain
G4_Onmem_wall,3,banded_anti_w8,one,IDP-IDP,21,51,persistent_chain
G4_Onmem_wall,3,banded_anti_w8,one,IDP-IDP,22,50,persistent_chain
G4_Onmem_wall,3,banded_anti_w8,one,IDP-IDP,23,38,persistent_chain
G4_Onmem_wall,3,banded_anti_w8,one,IDP-IDP,24,42,persistent_chain
G4_Onmem_wall,3,banded_anti_w8,one,IDP-IDP,25,35,persistent_chain
G4_Onmem_wall,3,banded_anti_w8,one,IDP-IDP,26,34,persistent_chain
G4_Onmem_wall,3,banded_anti_w8,one,IDP-IDP,27,24,persistent_chain
G4_Onmem_wall,3,banded_anti_w8,one,IDP-IDP,28,38,persistent_chain
G4_Onmem_wall,3,banded_anti_w8,one,IDP-IDP,29,22,persistent_chain
G4_Onmem_wall,3,banded_anti_w8,one,IDP-IDP,30,15,persistent_chain
G4_Onmem_wall,3,banded_anti_w8,one,IDP-IDP,31,15,persistent_chain
G4_Onmem_wall,3,banded_anti_w8,one,IDP-IDP,32,15,persistent_chain
G4_Onmem_wall,3,banded_anti_w8,one,IDP-IDP,33,13,persistent_chain
G4_Onmem_wall,3,banded_anti_w8,one,IDP-IDP,34,12,persistent_chain
G4_Onmem_wall,3,banded_anti_w8,one,IDP-IDP,35,12,persistent_chain
G4_Onmem_wall,3,banded_anti_w8,one,IDP-IDP,36,8,persistent_chain
G4_Onmem_wall,3,banded_anti_w8,one,IDP-IDP,37,7,persistent_chain
G4_Onmem_wall,3,banded_anti_w8,one,IDP-IDP,38,7,persistent_chain
G4_Onmem_wall,3,banded_anti_w8,one,IDP-IDP,39,3,persistent_chain
G4_Onmem_wall,3,banded_anti_w8,one,IDP-IDP,40,9,persistent_chain
G4_Onmem_wall,3,banded_anti_w8,one,IDP-IDP,41,4,persistent_chain
G4_Onmem_wall,3,banded_anti_w8,one,IDP-IDP,42,2,persistent_chain
G4_Onmem_wall,3,banded_anti_w8,one,IDP-IDP,43,4,persistent_chain
G4_Onmem_wall,3,banded_anti_w8,one,IDP-IDP,44,9,persistent_chain
G4_Onmem_wall,3,banded_anti_w8,one,IDP-IDP,45,2,persistent_chain
G4_Onmem_wall,3,banded_anti_w8,one,IDP-IDP,46,9,persistent_chain
G4_Onmem_wall,3,banded_anti_w8,one,IDP-IDP,47,5,persistent_chain
G4_Onmem_wall,3,banded_anti_w8,one,IDP-IDP,48,3,persistent_chain
G4_Onmem_wall,3,banded_anti_w8,one,IDP-IDP,49,2,persistent_chain
G4_Onmem_wall,3,banded_anti_w8,one,IDP-IDP,50,3,persistent_chain
G4_Onmem_wall,3,banded_anti_w8,one,IDP-IDP,51,2,persistent_chain
G4_Onmem_wall,3,banded_anti_w8,one,IDP-IDP,52,2,persistent_chain
G4_Onmem_wall,3,banded_anti_w8,one,IDP-IDP,53,3,persistent_chain
G4_Onmem_wall,3,banded_anti_w8,one,IDP-IDP,55,4,persistent_chain
G4_Onmem_wall,3,banded_anti_w8,one,IDP-IDP,56,2,persistent_chain
G4_Onmem_wall,3,banded_anti_w8,one,IDP-IDP,57,1,persistent_chain
G4_Onmem_wall,3,banded_anti_w8,one,IDP-IDP,58,2,persistent_chain
G4_Onmem_wall,3,banded_anti_w8,one,IDP-IDP,59,3,persistent_chain
G4_Onmem_wall,3,banded_anti_w8,one,IDP-IDP,60,1,persistent_chain
G4_Onmem_wall,3,banded_anti_w8,one,IDP-IDP,61,1,persistent_chain
G4_Onmem_wall,3,banded_anti_w8,one,IDP-IDP,62,1,persistent_chain
G4_Onmem_wall,3,banded_anti_w8,one,IDP-IDP,63,2,persistent_chain
G4_Onmem_wall,3,banded_anti_w8,one,IDP-IDP,65,1,persistent_chain
G4_Onmem_wall,3,banded_anti_w8,one,IDP-IDP,66,1,persistent_chain
G4_Onmem_wall,3,banded_anti_w8,one,IDP-IDP,69,1,persistent_chain
G4_Onmem_wall,3,banded_anti_w8,one,IDP-IDP,70,1,persistent_chain
G4_Onmem_wall,3,banded_anti_w8,one,IDP-IDP,71,1,persistent_chain
G4_Onmem_wall,3,banded_anti_w8,one,IDP-IDP,73,1,persistent_chain
G4_Onmem_wall,3,banded_anti_w8,one,IDP-IDP,77,1,persistent_chain
G4_Onmem_wall,3,banded_anti_w8,one,IDP-IDP,78,1,persistent_chain
G4_Onmem_wall,3,banded_anti_w8,one,IDP-IDP,84,2,persistent_chain
G4_Onmem_wall,3,banded_anti_w8,one,IDP-IDP,85,1,persistent_chain
G4_Onmem_wall,3,banded_anti_w8,one,IDP-IDP,86,1,persistent_chain
G4_Onmem_wall,3,banded_anti_w8,one,IDP-IDP,88,1,persistent_chain
G4_Onmem_wall,3,banded_anti_w8,one,IDP-IDP,98,1,persistent_chain
G4_Onmem_wall,3,banded_anti_w8,one,IDP-IDP,100,1,persistent_chain
G4_Onmem_wall,3,banded_anti_w8,one,IDP-IDP,113,1,persistent_chain
G4_Onmem_wall,3,banded_anti_w8,one,IDP-IDP,129,1,persistent_chain
G4_Onmem_wall,3,banded_anti_w8,one,IDP-IDP,137,1,persistent_chain
G4_Onmem_wall,3,banded_anti_w8,one,IDP-IDP,140,1,persistent_chain
G4_Onmem_wall,3,banded_anti_w8,one,IDP-IDP,163,1,persistent_chain
G4_Onmem_wall,3,banded_anti_w8,three,all,1,17503,persistent_chain
G4_Onmem_wall,3,banded_anti_w8,three,all,2,6413,persistent_chain
G4_Onmem_wall,3,banded_anti_w8,three,all,3,3146,persistent_chain
G4_Onmem_wall,3,banded_anti_w8,three,all,4,1886,persistent_chain
G4_Onmem_wall,3,banded_anti_w8,three,all,5,1140,persistent_chain
G4_Onmem_wall,3,banded_anti_w8,three,all,6,755,persistent_chain
G4_Onmem_wall,3,banded_anti_w8,three,all,7,513,persistent_chain
G4_Onmem_wall,3,banded_anti_w8,three,all,8,397,persistent_chain
G4_Onmem_wall,3,banded_anti_w8,three,all,9,268,persistent_chain
G4_Onmem_wall,3,banded_anti_w8,three,all,10,189,persistent_chain
G4_Onmem_wall,3,banded_anti_w8,three,all,11,150,persistent_chain
G4_Onmem_wall,3,banded_anti_w8,three,all,12,141,persistent_chain
G4_Onmem_wall,3,banded_anti_w8,three,all,13,89,persistent_chain
G4_Onmem_wall,3,banded_anti_w8,three,all,14,72,persistent_chain
G4_Onmem_wall,3,banded_anti_w8,three,all,15,71,persistent_chain
G4_Onmem_wall,3,banded_anti_w8,three,all,16,52,persistent_chain
G4_Onmem_wall,3,banded_anti_w8,three,all,17,45,persistent_chain
G4_Onmem_wall,3,banded_anti_w8,three,all,18,25,persistent_chain
G4_Onmem_wall,3,banded_anti_w8,three,all,19,21,persistent_chain
G4_Onmem_wall,3,banded_anti_w8,three,all,20,26,persistent_chain
G4_Onmem_wall,3,banded_anti_w8,three,all,21,15,persistent_chain
G4_Onmem_wall,3,banded_anti_w8,three,all,22,16,persistent_chain
G4_Onmem_wall,3,banded_anti_w8,three,all,23,15,persistent_chain
G4_Onmem_wall,3,banded_anti_w8,three,all,24,7,persistent_chain
G4_Onmem_wall,3,banded_anti_w8,three,all,25,7,persistent_chain
G4_Onmem_wall,3,banded_anti_w8,three,all,26,14,persistent_chain
G4_Onmem_wall,3,banded_anti_w8,three,all,27,6,persistent_chain
G4_Onmem_wall,3,banded_anti_w8,three,all,28,5,persistent_chain
G4_Onmem_wall,3,banded_anti_w8,three,all,29,3,persistent_chain
G4_Onmem_wall,3,banded_anti_w8,three,all,30,3,persistent_chain
G4_Onmem_wall,3,banded_anti_w8,three,all,31,2,persistent_chain
G4_Onmem_wall,3,banded_anti_w8,three,all,32,3,persistent_chain
G4_Onmem_wall,3,banded_anti_w8,three,all,33,2,persistent_chain
G4_Onmem_wall,3,banded_anti_w8,three,all,34,2,persistent_chain
G4_Onmem_wall,3,banded_anti_w8,three,all,35,2,persistent_chain
G4_Onmem_wall,3,banded_anti_w8,three,all,36,2,persistent_chain
G4_Onmem_wall,3,banded_anti_w8,three,all,37,1,persistent_chain
G4_Onmem_wall,3,banded_anti_w8,three,all,38,6,persistent_chain
G4_Onmem_wall,3,banded_anti_w8,three,all,39,1,persistent_chain
G4_Onmem_wall,3,banded_anti_w8,three,all,41,1,persistent_chain
G4_Onmem_wall,3,banded_anti_w8,three,all,42,1,persistent_chain
G4_Onmem_wall,3,banded_anti_w8,three,all,44,1,persistent_chain
G4_Onmem_wall,3,banded_anti_w8,three,all,47,2,persistent_chain
G4_Onmem_wall,3,banded_anti_w8,three,all,48,1,persistent_chain
G4_Onmem_wall,3,banded_anti_w8,three,all,49,1,persistent_chain
G4_Onmem_wall,3,banded_anti_w8,three,all,51,1,persistent_chain
G4_Onmem_wall,3,banded_anti_w8,three,all,52,2,persistent_chain
G4_Onmem_wall,3,banded_anti_w8,three,all,53,2,persistent_chain
G4_Onmem_wall,3,banded_anti_w8,three,all,54,1,persistent_chain
G4_Onmem_wall,3,banded_anti_w8,three,all,59,1,persistent_chain
G4_Onmem_wall,3,banded_anti_w8,three,all,64,1,persistent_chain
G4_Onmem_wall,3,banded_anti_w8,three,all,66,1,persistent_chain
G4_Onmem_wall,3,banded_anti_w8,three,all,70,1,persistent_chain
G4_Onmem_wall,3,banded_anti_w8,three,all,75,1,persistent_chain
G4_Onmem_wall,3,banded_anti_w8,three,all,143,1,persistent_chain
G4_Onmem_wall,3,banded_anti_w8,three,Hel-Hel,1,2,persistent_chain
G4_Onmem_wall,3,banded_anti_w8,three,Hel-Hel,2,3,persistent_chain
G4_Onmem_wall,3,banded_anti_w8,three,Hel-Hel,4,1,persistent_chain
G4_Onmem_wall,3,banded_anti_w8,three,Hel-Hel,9,1,persistent_chain
G4_Onmem_wall,3,banded_anti_w8,three,Hel-Hel,143,1,persistent_chain
G4_Onmem_wall,3,banded_anti_w8,three,Hel-IDP,1,1517,persistent_chain
G4_Onmem_wall,3,banded_anti_w8,three,Hel-IDP,2,544,persistent_chain
G4_Onmem_wall,3,banded_anti_w8,three,Hel-IDP,3,273,persistent_chain
G4_Onmem_wall,3,banded_anti_w8,three,Hel-IDP,4,172,persistent_chain
G4_Onmem_wall,3,banded_anti_w8,three,Hel-IDP,5,107,persistent_chain
G4_Onmem_wall,3,banded_anti_w8,three,Hel-IDP,6,81,persistent_chain
G4_Onmem_wall,3,banded_anti_w8,three,Hel-IDP,7,62,persistent_chain
G4_Onmem_wall,3,banded_anti_w8,three,Hel-IDP,8,42,persistent_chain
G4_Onmem_wall,3,banded_anti_w8,three,Hel-IDP,9,29,persistent_chain
G4_Onmem_wall,3,banded_anti_w8,three,Hel-IDP,10,21,persistent_chain
G4_Onmem_wall,3,banded_anti_w8,three,Hel-IDP,11,18,persistent_chain
G4_Onmem_wall,3,banded_anti_w8,three,Hel-IDP,12,19,persistent_chain
G4_Onmem_wall,3,banded_anti_w8,three,Hel-IDP,13,13,persistent_chain
G4_Onmem_wall,3,banded_anti_w8,three,Hel-IDP,14,8,persistent_chain
G4_Onmem_wall,3,banded_anti_w8,three,Hel-IDP,15,9,persistent_chain
G4_Onmem_wall,3,banded_anti_w8,three,Hel-IDP,16,4,persistent_chain
G4_Onmem_wall,3,banded_anti_w8,three,Hel-IDP,17,4,persistent_chain
G4_Onmem_wall,3,banded_anti_w8,three,Hel-IDP,18,1,persistent_chain
G4_Onmem_wall,3,banded_anti_w8,three,Hel-IDP,19,4,persistent_chain
G4_Onmem_wall,3,banded_anti_w8,three,Hel-IDP,20,5,persistent_chain
G4_Onmem_wall,3,banded_anti_w8,three,Hel-IDP,21,3,persistent_chain
G4_Onmem_wall,3,banded_anti_w8,three,Hel-IDP,22,2,persistent_chain
G4_Onmem_wall,3,banded_anti_w8,three,Hel-IDP,23,1,persistent_chain
G4_Onmem_wall,3,banded_anti_w8,three,Hel-IDP,25,1,persistent_chain
G4_Onmem_wall,3,banded_anti_w8,three,Hel-IDP,26,1,persistent_chain
G4_Onmem_wall,3,banded_anti_w8,three,Hel-IDP,27,1,persistent_chain
G4_Onmem_wall,3,banded_anti_w8,three,Hel-IDP,29,1,persistent_chain
G4_Onmem_wall,3,banded_anti_w8,three,Hel-IDP,30,2,persistent_chain
G4_Onmem_wall,3,banded_anti_w8,three,Hel-IDP,38,1,persistent_chain
G4_Onmem_wall,3,banded_anti_w8,three,Hel-IDP,39,1,persistent_chain
G4_Onmem_wall,3,banded_anti_w8,three,Hel-IDP,41,1,persistent_chain
G4_Onmem_wall,3,banded_anti_w8,three,Hel-IDP,52,1,persistent_chain
G4_Onmem_wall,3,banded_anti_w8,three,IDP-IDP,1,15984,persistent_chain
G4_Onmem_wall,3,banded_anti_w8,three,IDP-IDP,2,5866,persistent_chain
G4_Onmem_wall,3,banded_anti_w8,three,IDP-IDP,3,2873,persistent_chain
G4_Onmem_wall,3,banded_anti_w8,three,IDP-IDP,4,1713,persistent_chain
G4_Onmem_wall,3,banded_anti_w8,three,IDP-IDP,5,1033,persistent_chain
G4_Onmem_wall,3,banded_anti_w8,three,IDP-IDP,6,674,persistent_chain
G4_Onmem_wall,3,banded_anti_w8,three,IDP-IDP,7,451,persistent_chain
G4_Onmem_wall,3,banded_anti_w8,three,IDP-IDP,8,355,persistent_chain
G4_Onmem_wall,3,banded_anti_w8,three,IDP-IDP,9,238,persistent_chain
G4_Onmem_wall,3,banded_anti_w8,three,IDP-IDP,10,168,persistent_chain
G4_Onmem_wall,3,banded_anti_w8,three,IDP-IDP,11,132,persistent_chain
G4_Onmem_wall,3,banded_anti_w8,three,IDP-IDP,12,122,persistent_chain
G4_Onmem_wall,3,banded_anti_w8,three,IDP-IDP,13,76,persistent_chain
G4_Onmem_wall,3,banded_anti_w8,three,IDP-IDP,14,64,persistent_chain
G4_Onmem_wall,3,banded_anti_w8,three,IDP-IDP,15,62,persistent_chain
G4_Onmem_wall,3,banded_anti_w8,three,IDP-IDP,16,48,persistent_chain
G4_Onmem_wall,3,banded_anti_w8,three,IDP-IDP,17,41,persistent_chain
G4_Onmem_wall,3,banded_anti_w8,three,IDP-IDP,18,24,persistent_chain
G4_Onmem_wall,3,banded_anti_w8,three,IDP-IDP,19,17,persistent_chain
G4_Onmem_wall,3,banded_anti_w8,three,IDP-IDP,20,21,persistent_chain
G4_Onmem_wall,3,banded_anti_w8,three,IDP-IDP,21,12,persistent_chain
G4_Onmem_wall,3,banded_anti_w8,three,IDP-IDP,22,14,persistent_chain
G4_Onmem_wall,3,banded_anti_w8,three,IDP-IDP,23,14,persistent_chain
G4_Onmem_wall,3,banded_anti_w8,three,IDP-IDP,24,7,persistent_chain
G4_Onmem_wall,3,banded_anti_w8,three,IDP-IDP,25,6,persistent_chain
G4_Onmem_wall,3,banded_anti_w8,three,IDP-IDP,26,13,persistent_chain
G4_Onmem_wall,3,banded_anti_w8,three,IDP-IDP,27,5,persistent_chain
G4_Onmem_wall,3,banded_anti_w8,three,IDP-IDP,28,5,persistent_chain
G4_Onmem_wall,3,banded_anti_w8,three,IDP-IDP,29,2,persistent_chain
G4_Onmem_wall,3,banded_anti_w8,three,IDP-IDP,30,1,persistent_chain
G4_Onmem_wall,3,banded_anti_w8,three,IDP-IDP,31,2,persistent_chain
G4_Onmem_wall,3,banded_anti_w8,three,IDP-IDP,32,3,persistent_chain
G4_Onmem_wall,3,banded_anti_w8,three,IDP-IDP,33,2,persistent_chain
G4_Onmem_wall,3,banded_anti_w8,three,IDP-IDP,34,2,persistent_chain
G4_Onmem_wall,3,banded_anti_w8,three,IDP-IDP,35,2,persistent_chain
G4_Onmem_wall,3,banded_anti_w8,three,IDP-IDP,36,2,persistent_chain
G4_Onmem_wall,3,banded_anti_w8,three,IDP-IDP,37,1,persistent_chain
G4_Onmem_wall,3,banded_anti_w8,three,IDP-IDP,38,5,persistent_chain
G4_Onmem_wall,3,banded_anti_w8,three,IDP-IDP,42,1,persistent_chain
G4_Onmem_wall,3,banded_anti_w8,three,IDP-IDP,44,1,persistent_chain
G4_Onmem_wall,3,banded_anti_w8,three,IDP-IDP,47,2,persistent_chain
G4_Onmem_wall,3,banded_anti_w8,three,IDP-IDP,48,1,persistent_chain
G4_Onmem_wall,3,banded_anti_w8,three,IDP-IDP,49,1,persistent_chain
G4_Onmem_wall,3,banded_anti_w8,three,IDP-IDP,51,1,persistent_chain
G4_Onmem_wall,3,banded_anti_w8,three,IDP-IDP,52,1,persistent_chain
G4_Onmem_wall,3,banded_anti_w8,three,IDP-IDP,53,2,persistent_chain
G4_Onmem_wall,3,banded_anti_w8,three,IDP-IDP,54,1,persistent_chain
G4_Onmem_wall,3,banded_anti_w8,three,IDP-IDP,59,1,persistent_chain
G4_Onmem_wall,3,banded_anti_w8,three,IDP-IDP,64,1,persistent_chain
G4_Onmem_wall,3,banded_anti_w8,three,IDP-IDP,66,1,persistent_chain
G4_Onmem_wall,3,banded_anti_w8,three,IDP-IDP,70,1,persistent_chain
G4_Onmem_wall,3,banded_anti_w8,three,IDP-IDP,75,1,persistent_chain
G4_Onmem_wall,3,banded_anti_w8,triplet,all,1,13126,persistent_chain
G4_Onmem_wall,3,banded_anti_w8,triplet,all,2,4039,persistent_chain
G4_Onmem_wall,3,banded_anti_w8,triplet,all,3,1819,persistent_chain
G4_Onmem_wall,3,banded_anti_w8,triplet,all,4,924,persistent_chain
G4_Onmem_wall,3,banded_anti_w8,triplet,all,5,458,persistent_chain
G4_Onmem_wall,3,banded_anti_w8,triplet,all,6,262,persistent_chain
G4_Onmem_wall,3,banded_anti_w8,triplet,all,7,165,persistent_chain
G4_Onmem_wall,3,banded_anti_w8,triplet,all,8,115,persistent_chain
G4_Onmem_wall,3,banded_anti_w8,triplet,all,9,77,persistent_chain
G4_Onmem_wall,3,banded_anti_w8,triplet,all,10,67,persistent_chain
G4_Onmem_wall,3,banded_anti_w8,triplet,all,11,39,persistent_chain
G4_Onmem_wall,3,banded_anti_w8,triplet,all,12,23,persistent_chain
G4_Onmem_wall,3,banded_anti_w8,triplet,all,13,23,persistent_chain
G4_Onmem_wall,3,banded_anti_w8,triplet,all,14,13,persistent_chain
G4_Onmem_wall,3,banded_anti_w8,triplet,all,15,9,persistent_chain
G4_Onmem_wall,3,banded_anti_w8,triplet,all,16,12,persistent_chain
G4_Onmem_wall,3,banded_anti_w8,triplet,all,17,14,persistent_chain
G4_Onmem_wall,3,banded_anti_w8,triplet,all,18,6,persistent_chain
G4_Onmem_wall,3,banded_anti_w8,triplet,all,19,3,persistent_chain
G4_Onmem_wall,3,banded_anti_w8,triplet,all,20,4,persistent_chain
G4_Onmem_wall,3,banded_anti_w8,triplet,all,21,5,persistent_chain
G4_Onmem_wall,3,banded_anti_w8,triplet,all,22,4,persistent_chain
G4_Onmem_wall,3,banded_anti_w8,triplet,all,23,1,persistent_chain
G4_Onmem_wall,3,banded_anti_w8,triplet,all,24,1,persistent_chain
G4_Onmem_wall,3,banded_anti_w8,triplet,all,26,1,persistent_chain
G4_Onmem_wall,3,banded_anti_w8,triplet,all,27,1,persistent_chain
G4_Onmem_wall,3,banded_anti_w8,triplet,all,28,2,persistent_chain
G4_Onmem_wall,3,banded_anti_w8,triplet,all,32,1,persistent_chain
G4_Onmem_wall,3,banded_anti_w8,triplet,all,33,3,persistent_chain
G4_Onmem_wall,3,banded_anti_w8,triplet,all,35,1,persistent_chain
G4_Onmem_wall,3,banded_anti_w8,triplet,all,37,1,persistent_chain
G4_Onmem_wall,3,banded_anti_w8,triplet,all,41,2,persistent_chain
G4_Onmem_wall,3,banded_anti_w8,triplet,all,42,1,persistent_chain
G4_Onmem_wall,3,banded_anti_w8,triplet,Hel-Hel,1,4,persistent_chain
G4_Onmem_wall,3,banded_anti_w8,triplet,Hel-Hel,2,3,persistent_chain
G4_Onmem_wall,3,banded_anti_w8,triplet,Hel-Hel,3,1,persistent_chain
G4_Onmem_wall,3,banded_anti_w8,triplet,Hel-Hel,4,4,persistent_chain
G4_Onmem_wall,3,banded_anti_w8,triplet,Hel-Hel,7,1,persistent_chain
G4_Onmem_wall,3,banded_anti_w8,triplet,Hel-Hel,8,1,persistent_chain
G4_Onmem_wall,3,banded_anti_w8,triplet,Hel-Hel,9,1,persistent_chain
G4_Onmem_wall,3,banded_anti_w8,triplet,Hel-Hel,12,1,persistent_chain
G4_Onmem_wall,3,banded_anti_w8,triplet,Hel-Hel,16,1,persistent_chain
G4_Onmem_wall,3,banded_anti_w8,triplet,Hel-Hel,41,1,persistent_chain
G4_Onmem_wall,3,banded_anti_w8,triplet,Hel-IDP,1,824,persistent_chain
G4_Onmem_wall,3,banded_anti_w8,triplet,Hel-IDP,2,255,persistent_chain
G4_Onmem_wall,3,banded_anti_w8,triplet,Hel-IDP,3,124,persistent_chain
G4_Onmem_wall,3,banded_anti_w8,triplet,Hel-IDP,4,60,persistent_chain
G4_Onmem_wall,3,banded_anti_w8,triplet,Hel-IDP,5,31,persistent_chain
G4_Onmem_wall,3,banded_anti_w8,triplet,Hel-IDP,6,20,persistent_chain
G4_Onmem_wall,3,banded_anti_w8,triplet,Hel-IDP,7,18,persistent_chain
G4_Onmem_wall,3,banded_anti_w8,triplet,Hel-IDP,8,7,persistent_chain
G4_Onmem_wall,3,banded_anti_w8,triplet,Hel-IDP,9,8,persistent_chain
G4_Onmem_wall,3,banded_anti_w8,triplet,Hel-IDP,10,4,persistent_chain
G4_Onmem_wall,3,banded_anti_w8,triplet,Hel-IDP,11,4,persistent_chain
G4_Onmem_wall,3,banded_anti_w8,triplet,Hel-IDP,13,1,persistent_chain
G4_Onmem_wall,3,banded_anti_w8,triplet,Hel-IDP,14,2,persistent_chain
G4_Onmem_wall,3,banded_anti_w8,triplet,Hel-IDP,15,1,persistent_chain
G4_Onmem_wall,3,banded_anti_w8,triplet,Hel-IDP,16,1,persistent_chain
G4_Onmem_wall,3,banded_anti_w8,triplet,Hel-IDP,17,3,persistent_chain
G4_Onmem_wall,3,banded_anti_w8,triplet,Hel-IDP,18,1,persistent_chain
G4_Onmem_wall,3,banded_anti_w8,triplet,Hel-IDP,19,1,persistent_chain
G4_Onmem_wall,3,banded_anti_w8,triplet,Hel-IDP,21,2,persistent_chain
G4_Onmem_wall,3,banded_anti_w8,triplet,Hel-IDP,22,1,persistent_chain
G4_Onmem_wall,3,banded_anti_w8,triplet,Hel-IDP,33,1,persistent_chain
G4_Onmem_wall,3,banded_anti_w8,triplet,IDP-IDP,1,12298,persistent_chain
G4_Onmem_wall,3,banded_anti_w8,triplet,IDP-IDP,2,3781,persistent_chain
G4_Onmem_wall,3,banded_anti_w8,triplet,IDP-IDP,3,1694,persistent_chain
G4_Onmem_wall,3,banded_anti_w8,triplet,IDP-IDP,4,860,persistent_chain
G4_Onmem_wall,3,banded_anti_w8,triplet,IDP-IDP,5,427,persistent_chain
G4_Onmem_wall,3,banded_anti_w8,triplet,IDP-IDP,6,242,persistent_chain
G4_Onmem_wall,3,banded_anti_w8,triplet,IDP-IDP,7,146,persistent_chain
G4_Onmem_wall,3,banded_anti_w8,triplet,IDP-IDP,8,107,persistent_chain
G4_Onmem_wall,3,banded_anti_w8,triplet,IDP-IDP,9,68,persistent_chain
G4_Onmem_wall,3,banded_anti_w8,triplet,IDP-IDP,10,63,persistent_chain
G4_Onmem_wall,3,banded_anti_w8,triplet,IDP-IDP,11,35,persistent_chain
G4_Onmem_wall,3,banded_anti_w8,triplet,IDP-IDP,12,22,persistent_chain
G4_Onmem_wall,3,banded_anti_w8,triplet,IDP-IDP,13,22,persistent_chain
G4_Onmem_wall,3,banded_anti_w8,triplet,IDP-IDP,14,11,persistent_chain
G4_Onmem_wall,3,banded_anti_w8,triplet,IDP-IDP,15,8,persistent_chain
G4_Onmem_wall,3,banded_anti_w8,triplet,IDP-IDP,16,10,persistent_chain
G4_Onmem_wall,3,banded_anti_w8,triplet,IDP-IDP,17,11,persistent_chain
G4_Onmem_wall,3,banded_anti_w8,triplet,IDP-IDP,18,5,persistent_chain
G4_Onmem_wall,3,banded_anti_w8,triplet,IDP-IDP,19,2,persistent_chain
G4_Onmem_wall,3,banded_anti_w8,triplet,IDP-IDP,20,4,persistent_chain
G4_Onmem_wall,3,banded_anti_w8,triplet,IDP-IDP,21,3,persistent_chain
G4_Onmem_wall,3,banded_anti_w8,triplet,IDP-IDP,22,3,persistent_chain
G4_Onmem_wall,3,banded_anti_w8,triplet,IDP-IDP,23,1,persistent_chain
G4_Onmem_wall,3,banded_anti_w8,triplet,IDP-IDP,24,1,persistent_chain
G4_Onmem_wall,3,banded_anti_w8,triplet,IDP-IDP,26,1,persistent_chain
G4_Onmem_wall,3,banded_anti_w8,triplet,IDP-IDP,27,1,persistent_chain
G4_Onmem_wall,3,banded_anti_w8,triplet,IDP-IDP,28,2,persistent_chain
G4_Onmem_wall,3,banded_anti_w8,triplet,IDP-IDP,32,1,persistent_chain
G4_Onmem_wall,3,banded_anti_w8,triplet,IDP-IDP,33,2,persistent_chain
G4_Onmem_wall,3,banded_anti_w8,triplet,IDP-IDP,35,1,persistent_chain
G4_Onmem_wall,3,banded_anti_w8,triplet,IDP-IDP,37,1,persistent_chain
G4_Onmem_wall,3,banded_anti_w8,triplet,IDP-IDP,41,1,persistent_chain
G4_Onmem_wall,3,banded_anti_w8,triplet,IDP-IDP,42,1,persistent_chain
G4_Onmem_wall,3,banded_anti_w10,one,all,1,23082,persistent_chain
G4_Onmem_wall,3,banded_anti_w10,one,all,2,9205,persistent_chain
G4_Onmem_wall,3,banded_anti_w10,one,all,3,4983,persistent_chain
G4_Onmem_wall,3,banded_anti_w10,one,all,4,3220,persistent_chain
G4_Onmem_wall,3,banded_anti_w10,one,all,5,2131,persistent_chain
G4_Onmem_wall,3,banded_anti_w10,one,all,6,1547,persistent_chain
G4_Onmem_wall,3,banded_anti_w10,one,all,7,1135,persistent_chain
G4_Onmem_wall,3,banded_anti_w10,one,all,8,908,persistent_chain
G4_Onmem_wall,3,banded_anti_w10,one,all,9,689,persistent_chain
G4_Onmem_wall,3,banded_anti_w10,one,all,10,530,persistent_chain
G4_Onmem_wall,3,banded_anti_w10,one,all,11,457,persistent_chain
G4_Onmem_wall,3,banded_anti_w10,one,all,12,345,persistent_chain
G4_Onmem_wall,3,banded_anti_w10,one,all,13,268,persistent_chain
G4_Onmem_wall,3,banded_anti_w10,one,all,14,235,persistent_chain
G4_Onmem_wall,3,banded_anti_w10,one,all,15,197,persistent_chain
G4_Onmem_wall,3,banded_anti_w10,one,all,16,182,persistent_chain
G4_Onmem_wall,3,banded_anti_w10,one,all,17,158,persistent_chain
G4_Onmem_wall,3,banded_anti_w10,one,all,18,124,persistent_chain
G4_Onmem_wall,3,banded_anti_w10,one,all,19,94,persistent_chain
G4_Onmem_wall,3,banded_anti_w10,one,all,20,80,persistent_chain
G4_Onmem_wall,3,banded_anti_w10,one,all,21,89,persistent_chain
G4_Onmem_wall,3,banded_anti_w10,one,all,22,71,persistent_chain
G4_Onmem_wall,3,banded_anti_w10,one,all,23,57,persistent_chain
G4_Onmem_wall,3,banded_anti_w10,one,all,24,60,persistent_chain
G4_Onmem_wall,3,banded_anti_w10,one,all,25,60,persistent_chain
G4_Onmem_wall,3,banded_anti_w10,one,all,26,46,persistent_chain
G4_Onmem_wall,3,banded_anti_w10,one,all,27,38,persistent_chain
G4_Onmem_wall,3,banded_anti_w10,one,all,28,49,persistent_chain
G4_Onmem_wall,3,banded_anti_w10,one,all,29,37,persistent_chain
G4_Onmem_wall,3,banded_anti_w10,one,all,30,17,persistent_chain
G4_Onmem_wall,3,banded_anti_w10,one,all,31,35,persistent_chain
G4_Onmem_wall,3,banded_anti_w10,one,all,32,20,persistent_chain
G4_Onmem_wall,3,banded_anti_w10,one,all,33,21,persistent_chain
G4_Onmem_wall,3,banded_anti_w10,one,all,34,12,persistent_chain
G4_Onmem_wall,3,banded_anti_w10,one,all,35,14,persistent_chain
G4_Onmem_wall,3,banded_anti_w10,one,all,36,10,persistent_chain
G4_Onmem_wall,3,banded_anti_w10,one,all,37,16,persistent_chain
G4_Onmem_wall,3,banded_anti_w10,one,all,38,14,persistent_chain
G4_Onmem_wall,3,banded_anti_w10,one,all,39,6,persistent_chain
G4_Onmem_wall,3,banded_anti_w10,one,all,40,10,persistent_chain
G4_Onmem_wall,3,banded_anti_w10,one,all,41,7,persistent_chain
G4_Onmem_wall,3,banded_anti_w10,one,all,42,8,persistent_chain
G4_Onmem_wall,3,banded_anti_w10,one,all,43,10,persistent_chain
G4_Onmem_wall,3,banded_anti_w10,one,all,44,10,persistent_chain
G4_Onmem_wall,3,banded_anti_w10,one,all,45,5,persistent_chain
G4_Onmem_wall,3,banded_anti_w10,one,all,46,14,persistent_chain
G4_Onmem_wall,3,banded_anti_w10,one,all,47,9,persistent_chain
G4_Onmem_wall,3,banded_anti_w10,one,all,48,2,persistent_chain
G4_Onmem_wall,3,banded_anti_w10,one,all,49,2,persistent_chain
G4_Onmem_wall,3,banded_anti_w10,one,all,50,5,persistent_chain
G4_Onmem_wall,3,banded_anti_w10,one,all,51,9,persistent_chain
G4_Onmem_wall,3,banded_anti_w10,one,all,52,4,persistent_chain
G4_Onmem_wall,3,banded_anti_w10,one,all,53,2,persistent_chain
G4_Onmem_wall,3,banded_anti_w10,one,all,54,1,persistent_chain
G4_Onmem_wall,3,banded_anti_w10,one,all,55,1,persistent_chain
G4_Onmem_wall,3,banded_anti_w10,one,all,56,4,persistent_chain
G4_Onmem_wall,3,banded_anti_w10,one,all,57,5,persistent_chain
G4_Onmem_wall,3,banded_anti_w10,one,all,58,2,persistent_chain
G4_Onmem_wall,3,banded_anti_w10,one,all,59,3,persistent_chain
G4_Onmem_wall,3,banded_anti_w10,one,all,60,2,persistent_chain
G4_Onmem_wall,3,banded_anti_w10,one,all,61,2,persistent_chain
G4_Onmem_wall,3,banded_anti_w10,one,all,62,2,persistent_chain
G4_Onmem_wall,3,banded_anti_w10,one,all,63,2,persistent_chain
G4_Onmem_wall,3,banded_anti_w10,one,all,65,2,persistent_chain
G4_Onmem_wall,3,banded_anti_w10,one,all,66,1,persistent_chain
G4_Onmem_wall,3,banded_anti_w10,one,all,67,1,persistent_chain
G4_Onmem_wall,3,banded_anti_w10,one,all,68,1,persistent_chain
G4_Onmem_wall,3,banded_anti_w10,one,all,70,3,persistent_chain
G4_Onmem_wall,3,banded_anti_w10,one,all,71,1,persistent_chain
G4_Onmem_wall,3,banded_anti_w10,one,all,73,1,persistent_chain
G4_Onmem_wall,3,banded_anti_w10,one,all,75,1,persistent_chain
G4_Onmem_wall,3,banded_anti_w10,one,all,76,1,persistent_chain
G4_Onmem_wall,3,banded_anti_w10,one,all,77,1,persistent_chain
G4_Onmem_wall,3,banded_anti_w10,one,all,78,1,persistent_chain
G4_Onmem_wall,3,banded_anti_w10,one,all,79,1,persistent_chain
G4_Onmem_wall,3,banded_anti_w10,one,all,80,1,persistent_chain
G4_Onmem_wall,3,banded_anti_w10,one,all,82,2,persistent_chain
G4_Onmem_wall,3,banded_anti_w10,one,all,84,1,persistent_chain
G4_Onmem_wall,3,banded_anti_w10,one,all,88,2,persistent_chain
G4_Onmem_wall,3,banded_anti_w10,one,all,92,1,persistent_chain
G4_Onmem_wall,3,banded_anti_w10,one,all,93,1,persistent_chain
G4_Onmem_wall,3,banded_anti_w10,one,all,95,2,persistent_chain
G4_Onmem_wall,3,banded_anti_w10,one,all,100,1,persistent_chain
G4_Onmem_wall,3,banded_anti_w10,one,all,102,1,persistent_chain
G4_Onmem_wall,3,banded_anti_w10,one,all,108,1,persistent_chain
G4_Onmem_wall,3,banded_anti_w10,one,all,114,1,persistent_chain
G4_Onmem_wall,3,banded_anti_w10,one,all,129,1,persistent_chain
G4_Onmem_wall,3,banded_anti_w10,one,all,134,1,persistent_chain
G4_Onmem_wall,3,banded_anti_w10,one,all,137,1,persistent_chain
G4_Onmem_wall,3,banded_anti_w10,one,all,140,1,persistent_chain
G4_Onmem_wall,3,banded_anti_w10,one,all,160,1,persistent_chain
G4_Onmem_wall,3,banded_anti_w10,one,all,163,1,persistent_chain
G4_Onmem_wall,3,banded_anti_w10,one,Hel-Hel,1,21,persistent_chain
G4_Onmem_wall,3,banded_anti_w10,one,Hel-Hel,2,6,persistent_chain
G4_Onmem_wall,3,banded_anti_w10,one,Hel-Hel,3,2,persistent_chain
G4_Onmem_wall,3,banded_anti_w10,one,Hel-Hel,4,3,persistent_chain
G4_Onmem_wall,3,banded_anti_w10,one,Hel-Hel,10,1,persistent_chain
G4_Onmem_wall,3,banded_anti_w10,one,Hel-Hel,11,1,persistent_chain
G4_Onmem_wall,3,banded_anti_w10,one,Hel-Hel,16,1,persistent_chain
G4_Onmem_wall,3,banded_anti_w10,one,Hel-Hel,160,1,persistent_chain
G4_Onmem_wall,3,banded_anti_w10,one,Hel-IDP,1,2088,persistent_chain
G4_Onmem_wall,3,banded_anti_w10,one,Hel-IDP,2,828,persistent_chain
G4_Onmem_wall,3,banded_anti_w10,one,Hel-IDP,3,486,persistent_chain
G4_Onmem_wall,3,banded_anti_w10,one,Hel-IDP,4,272,persistent_chain
G4_Onmem_wall,3,banded_anti_w10,one,Hel-IDP,5,202,persistent_chain
G4_Onmem_wall,3,banded_anti_w10,one,Hel-IDP,6,153,persistent_chain
G4_Onmem_wall,3,banded_anti_w10,one,Hel-IDP,7,122,persistent_chain
G4_Onmem_wall,3,banded_anti_w10,one,Hel-IDP,8,77,persistent_chain
G4_Onmem_wall,3,banded_anti_w10,one,Hel-IDP,9,69,persistent_chain
G4_Onmem_wall,3,banded_anti_w10,one,Hel-IDP,10,57,persistent_chain
G4_Onmem_wall,3,banded_anti_w10,one,Hel-IDP,11,43,persistent_chain
G4_Onmem_wall,3,banded_anti_w10,one,Hel-IDP,12,49,persistent_chain
G4_Onmem_wall,3,banded_anti_w10,one,Hel-IDP,13,20,persistent_chain
G4_Onmem_wall,3,banded_anti_w10,one,Hel-IDP,14,23,persistent_chain
G4_Onmem_wall,3,banded_anti_w10,one,Hel-IDP,15,29,persistent_chain
G4_Onmem_wall,3,banded_anti_w10,one,Hel-IDP,16,21,persistent_chain
G4_Onmem_wall,3,banded_anti_w10,one,Hel-IDP,17,25,persistent_chain
G4_Onmem_wall,3,banded_anti_w10,one,Hel-IDP,18,10,persistent_chain
G4_Onmem_wall,3,banded_anti_w10,one,Hel-IDP,19,20,persistent_chain
G4_Onmem_wall,3,banded_anti_w10,one,Hel-IDP,20,7,persistent_chain
G4_Onmem_wall,3,banded_anti_w10,one,Hel-IDP,21,15,persistent_chain
G4_Onmem_wall,3,banded_anti_w10,one,Hel-IDP,22,8,persistent_chain
G4_Onmem_wall,3,banded_anti_w10,one,Hel-IDP,23,7,persistent_chain
G4_Onmem_wall,3,banded_anti_w10,one,Hel-IDP,24,8,persistent_chain
G4_Onmem_wall,3,banded_anti_w10,one,Hel-IDP,25,11,persistent_chain
G4_Onmem_wall,3,banded_anti_w10,one,Hel-IDP,26,4,persistent_chain
G4_Onmem_wall,3,banded_anti_w10,one,Hel-IDP,27,7,persistent_chain
G4_Onmem_wall,3,banded_anti_w10,one,Hel-IDP,28,7,persistent_chain
G4_Onmem_wall,3,banded_anti_w10,one,Hel-IDP,29,3,persistent_chain
G4_Onmem_wall,3,banded_anti_w10,one,Hel-IDP,30,1,persistent_chain
G4_Onmem_wall,3,banded_anti_w10,one,Hel-IDP,31,6,persistent_chain
G4_Onmem_wall,3,banded_anti_w10,one,Hel-IDP,32,2,persistent_chain
G4_Onmem_wall,3,banded_anti_w10,one,Hel-IDP,33,3,persistent_chain
G4_Onmem_wall,3,banded_anti_w10,one,Hel-IDP,34,1,persistent_chain
G4_Onmem_wall,3,banded_anti_w10,one,Hel-IDP,37,3,persistent_chain
G4_Onmem_wall,3,banded_anti_w10,one,Hel-IDP,38,3,persistent_chain
G4_Onmem_wall,3,banded_anti_w10,one,Hel-IDP,39,1,persistent_chain
G4_Onmem_wall,3,banded_anti_w10,one,Hel-IDP,40,2,persistent_chain
G4_Onmem_wall,3,banded_anti_w10,one,Hel-IDP,41,1,persistent_chain
G4_Onmem_wall,3,banded_anti_w10,one,Hel-IDP,42,1,persistent_chain
G4_Onmem_wall,3,banded_anti_w10,one,Hel-IDP,44,1,persistent_chain
G4_Onmem_wall,3,banded_anti_w10,one,Hel-IDP,46,2,persistent_chain
G4_Onmem_wall,3,banded_anti_w10,one,Hel-IDP,47,2,persistent_chain
G4_Onmem_wall,3,banded_anti_w10,one,Hel-IDP,51,2,persistent_chain
G4_Onmem_wall,3,banded_anti_w10,one,Hel-IDP,56,3,persistent_chain
G4_Onmem_wall,3,banded_anti_w10,one,Hel-IDP,61,1,persistent_chain
G4_Onmem_wall,3,banded_anti_w10,one,Hel-IDP,66,1,persistent_chain
G4_Onmem_wall,3,banded_anti_w10,one,Hel-IDP,70,1,persistent_chain
G4_Onmem_wall,3,banded_anti_w10,one,Hel-IDP,88,1,persistent_chain
G4_Onmem_wall,3,banded_anti_w10,one,IDP-IDP,1,20973,persistent_chain
G4_Onmem_wall,3,banded_anti_w10,one,IDP-IDP,2,8371,persistent_chain
G4_Onmem_wall,3,banded_anti_w10,one,IDP-IDP,3,4495,persistent_chain
G4_Onmem_wall,3,banded_anti_w10,one,IDP-IDP,4,2945,persistent_chain
G4_Onmem_wall,3,banded_anti_w10,one,IDP-IDP,5,1929,persistent_chain
G4_Onmem_wall,3,banded_anti_w10,one,IDP-IDP,6,1394,persistent_chain
G4_Onmem_wall,3,banded_anti_w10,one,IDP-IDP,7,1013,persistent_chain
G4_Onmem_wall,3,banded_anti_w10,one,IDP-IDP,8,831,persistent_chain
G4_Onmem_wall,3,banded_anti_w10,one,IDP-IDP,9,620,persistent_chain
G4_Onmem_wall,3,banded_anti_w10,one,IDP-IDP,10,472,persistent_chain
G4_Onmem_wall,3,banded_anti_w10,one,IDP-IDP,11,413,persistent_chain
G4_Onmem_wall,3,banded_anti_w10,one,IDP-IDP,12,296,persistent_chain
G4_Onmem_wall,3,banded_anti_w10,one,IDP-IDP,13,248,persistent_chain
G4_Onmem_wall,3,banded_anti_w10,one,IDP-IDP,14,212,persistent_chain
G4_Onmem_wall,3,banded_anti_w10,one,IDP-IDP,15,168,persistent_chain
G4_Onmem_wall,3,banded_anti_w10,one,IDP-IDP,16,160,persistent_chain
G4_Onmem_wall,3,banded_anti_w10,one,IDP-IDP,17,133,persistent_chain
G4_Onmem_wall,3,banded_anti_w10,one,IDP-IDP,18,114,persistent_chain
G4_Onmem_wall,3,banded_anti_w10,one,IDP-IDP,19,74,persistent_chain
G4_Onmem_wall,3,banded_anti_w10,one,IDP-IDP,20,73,persistent_chain
G4_Onmem_wall,3,banded_anti_w10,one,IDP-IDP,21,74,persistent_chain
G4_Onmem_wall,3,banded_anti_w10,one,IDP-IDP,22,63,persistent_chain
G4_Onmem_wall,3,banded_anti_w10,one,IDP-IDP,23,50,persistent_chain
G4_Onmem_wall,3,banded_anti_w10,one,IDP-IDP,24,52,persistent_chain
G4_Onmem_wall,3,banded_anti_w10,one,IDP-IDP,25,49,persistent_chain
G4_Onmem_wall,3,banded_anti_w10,one,IDP-IDP,26,42,persistent_chain
G4_Onmem_wall,3,banded_anti_w10,one,IDP-IDP,27,31,persistent_chain
G4_Onmem_wall,3,banded_anti_w10,one,IDP-IDP,28,42,persistent_chain
G4_Onmem_wall,3,banded_anti_w10,one,IDP-IDP,29,34,persistent_chain
G4_Onmem_wall,3,banded_anti_w10,one,IDP-IDP,30,16,persistent_chain
G4_Onmem_wall,3,banded_anti_w10,one,IDP-IDP,31,29,persistent_chain
G4_Onmem_wall,3,banded_anti_w10,one,IDP-IDP,32,18,persistent_chain
G4_Onmem_wall,3,banded_anti_w10,one,IDP-IDP,33,18,persistent_chain
G4_Onmem_wall,3,banded_anti_w10,one,IDP-IDP,34,11,persistent_chain
G4_Onmem_wall,3,banded_anti_w10,one,IDP-IDP,35,14,persistent_chain
G4_Onmem_wall,3,banded_anti_w10,one,IDP-IDP,36,10,persistent_chain
G4_Onmem_wall,3,banded_anti_w10,one,IDP-IDP,37,13,persistent_chain
G4_Onmem_wall,3,banded_anti_w10,one,IDP-IDP,38,11,persistent_chain
G4_Onmem_wall,3,banded_anti_w10,one,IDP-IDP,39,5,persistent_chain
G4_Onmem_wall,3,banded_anti_w10,one,IDP-IDP,40,8,persistent_chain
G4_Onmem_wall,3,banded_anti_w10,one,IDP-IDP,41,6,persistent_chain
G4_Onmem_wall,3,banded_anti_w10,one,IDP-IDP,42,7,persistent_chain
G4_Onmem_wall,3,banded_anti_w10,one,IDP-IDP,43,10,persistent_chain
G4_Onmem_wall,3,banded_anti_w10,one,IDP-IDP,44,9,persistent_chain
G4_Onmem_wall,3,banded_anti_w10,one,IDP-IDP,45,5,persistent_chain
G4_Onmem_wall,3,banded_anti_w10,one,IDP-IDP,46,12,persistent_chain
G4_Onmem_wall,3,banded_anti_w10,one,IDP-IDP,47,7,persistent_chain
G4_Onmem_wall,3,banded_anti_w10,one,IDP-IDP,48,2,persistent_chain
G4_Onmem_wall,3,banded_anti_w10,one,IDP-IDP,49,2,persistent_chain
G4_Onmem_wall,3,banded_anti_w10,one,IDP-IDP,50,5,persistent_chain
G4_Onmem_wall,3,banded_anti_w10,one,IDP-IDP,51,7,persistent_chain
G4_Onmem_wall,3,banded_anti_w10,one,IDP-IDP,52,4,persistent_chain
G4_Onmem_wall,3,banded_anti_w10,one,IDP-IDP,53,2,persistent_chain
G4_Onmem_wall,3,banded_anti_w10,one,IDP-IDP,54,1,persistent_chain
G4_Onmem_wall,3,banded_anti_w10,one,IDP-IDP,55,1,persistent_chain
G4_Onmem_wall,3,banded_anti_w10,one,IDP-IDP,56,1,persistent_chain
G4_Onmem_wall,3,banded_anti_w10,one,IDP-IDP,57,5,persistent_chain
G4_Onmem_wall,3,banded_anti_w10,one,IDP-IDP,58,2,persistent_chain
G4_Onmem_wall,3,banded_anti_w10,one,IDP-IDP,59,3,persistent_chain
G4_Onmem_wall,3,banded_anti_w10,one,IDP-IDP,60,2,persistent_chain
G4_Onmem_wall,3,banded_anti_w10,one,IDP-IDP,61,1,persistent_chain
G4_Onmem_wall,3,banded_anti_w10,one,IDP-IDP,62,2,persistent_chain
G4_Onmem_wall,3,banded_anti_w10,one,IDP-IDP,63,2,persistent_chain
G4_Onmem_wall,3,banded_anti_w10,one,IDP-IDP,65,2,persistent_chain
G4_Onmem_wall,3,banded_anti_w10,one,IDP-IDP,67,1,persistent_chain
G4_Onmem_wall,3,banded_anti_w10,one,IDP-IDP,68,1,persistent_chain
G4_Onmem_wall,3,banded_anti_w10,one,IDP-IDP,70,2,persistent_chain
G4_Onmem_wall,3,banded_anti_w10,one,IDP-IDP,71,1,persistent_chain
G4_Onmem_wall,3,banded_anti_w10,one,IDP-IDP,73,1,persistent_chain
G4_Onmem_wall,3,banded_anti_w10,one,IDP-IDP,75,1,persistent_chain
G4_Onmem_wall,3,banded_anti_w10,one,IDP-IDP,76,1,persistent_chain
G4_Onmem_wall,3,banded_anti_w10,one,IDP-IDP,77,1,persistent_chain
G4_Onmem_wall,3,banded_anti_w10,one,IDP-IDP,78,1,persistent_chain
G4_Onmem_wall,3,banded_anti_w10,one,IDP-IDP,79,1,persistent_chain
G4_Onmem_wall,3,banded_anti_w10,one,IDP-IDP,80,1,persistent_chain
G4_Onmem_wall,3,banded_anti_w10,one,IDP-IDP,82,2,persistent_chain
G4_Onmem_wall,3,banded_anti_w10,one,IDP-IDP,84,1,persistent_chain
G4_Onmem_wall,3,banded_anti_w10,one,IDP-IDP,88,1,persistent_chain
G4_Onmem_wall,3,banded_anti_w10,one,IDP-IDP,92,1,persistent_chain
G4_Onmem_wall,3,banded_anti_w10,one,IDP-IDP,93,1,persistent_chain
G4_Onmem_wall,3,banded_anti_w10,one,IDP-IDP,95,2,persistent_chain
G4_Onmem_wall,3,banded_anti_w10,one,IDP-IDP,100,1,persistent_chain
G4_Onmem_wall,3,banded_anti_w10,one,IDP-IDP,102,1,persistent_chain
G4_Onmem_wall,3,banded_anti_w10,one,IDP-IDP,108,1,persistent_chain
G4_Onmem_wall,3,banded_anti_w10,one,IDP-IDP,114,1,persistent_chain
G4_Onmem_wall,3,banded_anti_w10,one,IDP-IDP,129,1,persistent_chain
G4_Onmem_wall,3,banded_anti_w10,one,IDP-IDP,134,1,persistent_chain
G4_Onmem_wall,3,banded_anti_w10,one,IDP-IDP,137,1,persistent_chain
G4_Onmem_wall,3,banded_anti_w10,one,IDP-IDP,140,1,persistent_chain
G4_Onmem_wall,3,banded_anti_w10,one,IDP-IDP,163,1,persistent_chain
G4_Onmem_wall,3,banded_anti_w10,three,all,1,19503,persistent_chain
G4_Onmem_wall,3,banded_anti_w10,three,all,2,7285,persistent_chain
G4_Onmem_wall,3,banded_anti_w10,three,all,3,3733,persistent_chain
G4_Onmem_wall,3,banded_anti_w10,three,all,4,2229,persistent_chain
G4_Onmem_wall,3,banded_anti_w10,three,all,5,1332,persistent_chain
G4_Onmem_wall,3,banded_anti_w10,three,all,6,934,persistent_chain
G4_Onmem_wall,3,banded_anti_w10,three,all,7,632,persistent_chain
G4_Onmem_wall,3,banded_anti_w10,three,all,8,476,persistent_chain
G4_Onmem_wall,3,banded_anti_w10,three,all,9,356,persistent_chain
G4_Onmem_wall,3,banded_anti_w10,three,all,10,263,persistent_chain
G4_Onmem_wall,3,banded_anti_w10,three,all,11,196,persistent_chain
G4_Onmem_wall,3,banded_anti_w10,three,all,12,186,persistent_chain
G4_Onmem_wall,3,banded_anti_w10,three,all,13,109,persistent_chain
G4_Onmem_wall,3,banded_anti_w10,three,all,14,98,persistent_chain
G4_Onmem_wall,3,banded_anti_w10,three,all,15,92,persistent_chain
G4_Onmem_wall,3,banded_anti_w10,three,all,16,51,persistent_chain
G4_Onmem_wall,3,banded_anti_w10,three,all,17,51,persistent_chain
G4_Onmem_wall,3,banded_anti_w10,three,all,18,41,persistent_chain
G4_Onmem_wall,3,banded_anti_w10,three,all,19,25,persistent_chain
G4_Onmem_wall,3,banded_anti_w10,three,all,20,34,persistent_chain
G4_Onmem_wall,3,banded_anti_w10,three,all,21,29,persistent_chain
G4_Onmem_wall,3,banded_anti_w10,three,all,22,23,persistent_chain
G4_Onmem_wall,3,banded_anti_w10,three,all,23,23,persistent_chain
G4_Onmem_wall,3,banded_anti_w10,three,all,24,20,persistent_chain
G4_Onmem_wall,3,banded_anti_w10,three,all,25,9,persistent_chain
G4_Onmem_wall,3,banded_anti_w10,three,all,26,22,persistent_chain
G4_Onmem_wall,3,banded_anti_w10,three,all,27,13,persistent_chain
G4_Onmem_wall,3,banded_anti_w10,three,all,28,6,persistent_chain
G4_Onmem_wall,3,banded_anti_w10,three,all,29,6,persistent_chain
G4_Onmem_wall,3,banded_anti_w10,three,all,30,7,persistent_chain
G4_Onmem_wall,3,banded_anti_w10,three,all,31,2,persistent_chain
G4_Onmem_wall,3,banded_anti_w10,three,all,32,4,persistent_chain
G4_Onmem_wall,3,banded_anti_w10,three,all,33,2,persistent_chain
G4_Onmem_wall,3,banded_anti_w10,three,all,34,6,persistent_chain
G4_Onmem_wall,3,banded_anti_w10,three,all,35,7,persistent_chain
G4_Onmem_wall,3,banded_anti_w10,three,all,36,2,persistent_chain
G4_Onmem_wall,3,banded_anti_w10,three,all,37,3,persistent_chain
G4_Onmem_wall,3,banded_anti_w10,three,all,38,5,persistent_chain
G4_Onmem_wall,3,banded_anti_w10,three,all,39,2,persistent_chain
G4_Onmem_wall,3,banded_anti_w10,three,all,40,2,persistent_chain
G4_Onmem_wall,3,banded_anti_w10,three,all,41,2,persistent_chain
G4_Onmem_wall,3,banded_anti_w10,three,all,42,2,persistent_chain
G4_Onmem_wall,3,banded_anti_w10,three,all,43,2,persistent_chain
G4_Onmem_wall,3,banded_anti_w10,three,all,44,1,persistent_chain
G4_Onmem_wall,3,banded_anti_w10,three,all,45,1,persistent_chain
G4_Onmem_wall,3,banded_anti_w10,three,all,49,1,persistent_chain
G4_Onmem_wall,3,banded_anti_w10,three,all,50,1,persistent_chain
G4_Onmem_wall,3,banded_anti_w10,three,all,51,2,persistent_chain
G4_Onmem_wall,3,banded_anti_w10,three,all,52,3,persistent_chain
G4_Onmem_wall,3,banded_anti_w10,three,all,53,2,persistent_chain
G4_Onmem_wall,3,banded_anti_w10,three,all,54,1,persistent_chain
G4_Onmem_wall,3,banded_anti_w10,three,all,55,1,persistent_chain
G4_Onmem_wall,3,banded_anti_w10,three,all,57,1,persistent_chain
G4_Onmem_wall,3,banded_anti_w10,three,all,60,1,persistent_chain
G4_Onmem_wall,3,banded_anti_w10,three,all,64,1,persistent_chain
G4_Onmem_wall,3,banded_anti_w10,three,all,66,1,persistent_chain
G4_Onmem_wall,3,banded_anti_w10,three,all,75,2,persistent_chain
G4_Onmem_wall,3,banded_anti_w10,three,all,89,1,persistent_chain
G4_Onmem_wall,3,banded_anti_w10,three,all,143,1,persistent_chain
G4_Onmem_wall,3,banded_anti_w10,three,Hel-Hel,1,7,persistent_chain
G4_Onmem_wall,3,banded_anti_w10,three,Hel-Hel,2,6,persistent_chain
G4_Onmem_wall,3,banded_anti_w10,three,Hel-Hel,3,2,persistent_chain
G4_Onmem_wall,3,banded_anti_w10,three,Hel-Hel,4,1,persistent_chain
G4_Onmem_wall,3,banded_anti_w10,three,Hel-Hel,9,1,persistent_chain
G4_Onmem_wall,3,banded_anti_w10,three,Hel-Hel,143,1,persistent_chain
G4_Onmem_wall,3,banded_anti_w10,three,Hel-IDP,1,1654,persistent_chain
G4_Onmem_wall,3,banded_anti_w10,three,Hel-IDP,2,625,persistent_chain
G4_Onmem_wall,3,banded_anti_w10,three,Hel-IDP,3,328,persistent_chain
G4_Onmem_wall,3,banded_anti_w10,three,Hel-IDP,4,194,persistent_chain
G4_Onmem_wall,3,banded_anti_w10,three,Hel-IDP,5,128,persistent_chain
G4_Onmem_wall,3,banded_anti_w10,three,Hel-IDP,6,98,persistent_chain
G4_Onmem_wall,3,banded_anti_w10,three,Hel-IDP,7,64,persistent_chain
G4_Onmem_wall,3,banded_anti_w10,three,Hel-IDP,8,44,persistent_chain
G4_Onmem_wall,3,banded_anti_w10,three,Hel-IDP,9,41,persistent_chain
G4_Onmem_wall,3,banded_anti_w10,three,Hel-IDP,10,28,persistent_chain
G4_Onmem_wall,3,banded_anti_w10,three,Hel-IDP,11,26,persistent_chain
G4_Onmem_wall,3,banded_anti_w10,three,Hel-IDP,12,22,persistent_chain
G4_Onmem_wall,3,banded_anti_w10,three,Hel-IDP,13,16,persistent_chain
G4_Onmem_wall,3,banded_anti_w10,three,Hel-IDP,14,11,persistent_chain
G4_Onmem_wall,3,banded_anti_w10,three,Hel-IDP,15,9,persistent_chain
G4_Onmem_wall,3,banded_anti_w10,three,Hel-IDP,16,9,persistent_chain
G4_Onmem_wall,3,banded_anti_w10,three,Hel-IDP,17,6,persistent_chain
G4_Onmem_wall,3,banded_anti_w10,three,Hel-IDP,18,3,persistent_chain
G4_Onmem_wall,3,banded_anti_w10,three,Hel-IDP,19,4,persistent_chain
G4_Onmem_wall,3,banded_anti_w10,three,Hel-IDP,20,5,persistent_chain
G4_Onmem_wall,3,banded_anti_w10,three,Hel-IDP,21,9,persistent_chain
G4_Onmem_wall,3,banded_anti_w10,three,Hel-IDP,22,2,persistent_chain
G4_Onmem_wall,3,banded_anti_w10,three,Hel-IDP,23,3,persistent_chain
G4_Onmem_wall,3,banded_anti_w10,three,Hel-IDP,24,1,persistent_chain
G4_Onmem_wall,3,banded_anti_w10,three,Hel-IDP,25,1,persistent_chain
G4_Onmem_wall,3,banded_anti_w10,three,Hel-IDP,26,1,persistent_chain
G4_Onmem_wall,3,banded_anti_w10,three,Hel-IDP,27,2,persistent_chain
G4_Onmem_wall,3,banded_anti_w10,three,Hel-IDP,29,4,persistent_chain
G4_Onmem_wall,3,banded_anti_w10,three,Hel-IDP,30,2,persistent_chain
G4_Onmem_wall,3,banded_anti_w10,three,Hel-IDP,35,1,persistent_chain
G4_Onmem_wall,3,banded_anti_w10,three,Hel-IDP,36,1,persistent_chain
G4_Onmem_wall,3,banded_anti_w10,three,Hel-IDP,37,1,persistent_chain
G4_Onmem_wall,3,banded_anti_w10,three,Hel-IDP,38,1,persistent_chain
G4_Onmem_wall,3,banded_anti_w10,three,Hel-IDP,39,1,persistent_chain
G4_Onmem_wall,3,banded_anti_w10,three,Hel-IDP,43,1,persistent_chain
G4_Onmem_wall,3,banded_anti_w10,three,Hel-IDP,50,1,persistent_chain
G4_Onmem_wall,3,banded_anti_w10,three,Hel-IDP,52,1,persistent_chain
G4_Onmem_wall,3,banded_anti_w10,three,IDP-IDP,1,17842,persistent_chain
G4_Onmem_wall,3,banded_anti_w10,three,IDP-IDP,2,6654,persistent_chain
G4_Onmem_wall,3,banded_anti_w10,three,IDP-IDP,3,3403,persistent_chain
G4_Onmem_wall,3,banded_anti_w10,three,IDP-IDP,4,2034,persistent_chain
G4_Onmem_wall,3,banded_anti_w10,three,IDP-IDP,5,1204,persistent_chain
G4_Onmem_wall,3,banded_anti_w10,three,IDP-IDP,6,836,persistent_chain
G4_Onmem_wall,3,banded_anti_w10,three,IDP-IDP,7,568,persistent_chain
G4_Onmem_wall,3,banded_anti_w10,three,IDP-IDP,8,432,persistent_chain
G4_Onmem_wall,3,banded_anti_w10,three,IDP-IDP,9,314,persistent_chain
G4_Onmem_wall,3,banded_anti_w10,three,IDP-IDP,10,235,persistent_chain
G4_Onmem_wall,3,banded_anti_w10,three,IDP-IDP,11,170,persistent_chain
G4_Onmem_wall,3,banded_anti_w10,three,IDP-IDP,12,164,persistent_chain
G4_Onmem_wall,3,banded_anti_w10,three,IDP-IDP,13,93,persistent_chain
G4_Onmem_wall,3,banded_anti_w10,three,IDP-IDP,14,87,persistent_chain
G4_Onmem_wall,3,banded_anti_w10,three,IDP-IDP,15,83,persistent_chain
G4_Onmem_wall,3,banded_anti_w10,three,IDP-IDP,16,42,persistent_chain
G4_Onmem_wall,3,banded_anti_w10,three,IDP-IDP,17,45,persistent_chain
G4_Onmem_wall,3,banded_anti_w10,three,IDP-IDP,18,38,persistent_chain
G4_Onmem_wall,3,banded_anti_w10,three,IDP-IDP,19,21,persistent_chain
G4_Onmem_wall,3,banded_anti_w10,three,IDP-IDP,20,29,persistent_chain
G4_Onmem_wall,3,banded_anti_w10,three,IDP-IDP,21,20,persistent_chain
G4_Onmem_wall,3,banded_anti_w10,three,IDP-IDP,22,21,persistent_chain
G4_Onmem_wall,3,banded_anti_w10,three,IDP-IDP,23,20,persistent_chain
G4_Onmem_wall,3,banded_anti_w10,three,IDP-IDP,24,19,persistent_chain
G4_Onmem_wall,3,banded_anti_w10,three,IDP-IDP,25,8,persistent_chain
G4_Onmem_wall,3,banded_anti_w10,three,IDP-IDP,26,21,persistent_chain
G4_Onmem_wall,3,banded_anti_w10,three,IDP-IDP,27,11,persistent_chain
G4_Onmem_wall,3,banded_anti_w10,three,IDP-IDP,28,6,persistent_chain
G4_Onmem_wall,3,banded_anti_w10,three,IDP-IDP,29,2,persistent_chain
G4_Onmem_wall,3,banded_anti_w10,three,IDP-IDP,30,5,persistent_chain
G4_Onmem_wall,3,banded_anti_w10,three,IDP-IDP,31,2,persistent_chain
G4_Onmem_wall,3,banded_anti_w10,three,IDP-IDP,32,4,persistent_chain
G4_Onmem_wall,3,banded_anti_w10,three,IDP-IDP,33,2,persistent_chain
G4_Onmem_wall,3,banded_anti_w10,three,IDP-IDP,34,6,persistent_chain
G4_Onmem_wall,3,banded_anti_w10,three,IDP-IDP,35,6,persistent_chain
G4_Onmem_wall,3,banded_anti_w10,three,IDP-IDP,36,1,persistent_chain
G4_Onmem_wall,3,banded_anti_w10,three,IDP-IDP,37,2,persistent_chain
G4_Onmem_wall,3,banded_anti_w10,three,IDP-IDP,38,4,persistent_chain
G4_Onmem_wall,3,banded_anti_w10,three,IDP-IDP,39,1,persistent_chain
G4_Onmem_wall,3,banded_anti_w10,three,IDP-IDP,40,2,persistent_chain
G4_Onmem_wall,3,banded_anti_w10,three,IDP-IDP,41,2,persistent_chain
G4_Onmem_wall,3,banded_anti_w10,three,IDP-IDP,42,2,persistent_chain
G4_Onmem_wall,3,banded_anti_w10,three,IDP-IDP,43,1,persistent_chain
G4_Onmem_wall,3,banded_anti_w10,three,IDP-IDP,44,1,persistent_chain
G4_Onmem_wall,3,banded_anti_w10,three,IDP-IDP,45,1,persistent_chain
G4_Onmem_wall,3,banded_anti_w10,three,IDP-IDP,49,1,persistent_chain
G4_Onmem_wall,3,banded_anti_w10,three,IDP-IDP,51,2,persistent_chain
G4_Onmem_wall,3,banded_anti_w10,three,IDP-IDP,52,2,persistent_chain
G4_Onmem_wall,3,banded_anti_w10,three,IDP-IDP,53,2,persistent_chain
G4_Onmem_wall,3,banded_anti_w10,three,IDP-IDP,54,1,persistent_chain
G4_Onmem_wall,3,banded_anti_w10,three,IDP-IDP,55,1,persistent_chain
G4_Onmem_wall,3,banded_anti_w10,three,IDP-IDP,57,1,persistent_chain
G4_Onmem_wall,3,banded_anti_w10,three,IDP-IDP,60,1,persistent_chain
G4_Onmem_wall,3,banded_anti_w10,three,IDP-IDP,64,1,persistent_chain
G4_Onmem_wall,3,banded_anti_w10,three,IDP-IDP,66,1,persistent_chain
G4_Onmem_wall,3,banded_anti_w10,three,IDP-IDP,75,2,persistent_chain
G4_Onmem_wall,3,banded_anti_w10,three,IDP-IDP,89,1,persistent_chain
G4_Onmem_wall,3,banded_anti_w10,triplet,all,1,15154,persistent_chain
G4_Onmem_wall,3,banded_anti_w10,triplet,all,2,4862,persistent_chain
G4_Onmem_wall,3,banded_anti_w10,triplet,all,3,2140,persistent_chain
G4_Onmem_wall,3,banded_anti_w10,triplet,all,4,1171,persistent_chain
G4_Onmem_wall,3,banded_anti_w10,triplet,all,5,564,persistent_chain
G4_Onmem_wall,3,banded_anti_w10,triplet,all,6,339,persistent_chain
G4_Onmem_wall,3,banded_anti_w10,triplet,all,7,212,persistent_chain
G4_Onmem_wall,3,banded_anti_w10,triplet,all,8,153,persistent_chain
G4_Onmem_wall,3,banded_anti_w10,triplet,all,9,101,persistent_chain
G4_Onmem_wall,3,banded_anti_w10,triplet,all,10,85,persistent_chain
G4_Onmem_wall,3,banded_anti_w10,triplet,all,11,52,persistent_chain
G4_Onmem_wall,3,banded_anti_w10,triplet,all,12,39,persistent_chain
G4_Onmem_wall,3,banded_anti_w10,triplet,all,13,25,persistent_chain
G4_Onmem_wall,3,banded_anti_w10,triplet,all,14,21,persistent_chain
G4_Onmem_wall,3,banded_anti_w10,triplet,all,15,12,persistent_chain
G4_Onmem_wall,3,banded_anti_w10,triplet,all,16,14,persistent_chain
G4_Onmem_wall,3,banded_anti_w10,triplet,all,17,16,persistent_chain
G4_Onmem_wall,3,banded_anti_w10,triplet,all,18,8,persistent_chain
G4_Onmem_wall,3,banded_anti_w10,triplet,all,19,6,persistent_chain
G4_Onmem_wall,3,banded_anti_w10,triplet,all,20,4,persistent_chain
G4_Onmem_wall,3,banded_anti_w10,triplet,all,21,4,persistent_chain
G4_Onmem_wall,3,banded_anti_w10,triplet,all,22,8,persistent_chain
G4_Onmem_wall,3,banded_anti_w10,triplet,all,23,3,persistent_chain
G4_Onmem_wall,3,banded_anti_w10,triplet,all,25,2,persistent_chain
G4_Onmem_wall,3,banded_anti_w10,triplet,all,26,2,persistent_chain
G4_Onmem_wall,3,banded_anti_w10,triplet,all,28,2,persistent_chain
G4_Onmem_wall,3,banded_anti_w10,triplet,all,32,2,persistent_chain
G4_Onmem_wall,3,banded_anti_w10,triplet,all,33,3,persistent_chain
G4_Onmem_wall,3,banded_anti_w10,triplet,all,35,1,persistent_chain
G4_Onmem_wall,3,banded_anti_w10,triplet,all,37,1,persistent_chain
G4_Onmem_wall,3,banded_anti_w10,triplet,all,41,2,persistent_chain
G4_Onmem_wall,3,banded_anti_w10,triplet,all,42,1,persistent_chain
G4_Onmem_wall,3,banded_anti_w10,triplet,Hel-Hel,1,6,persistent_chain
G4_Onmem_wall,3,banded_anti_w10,triplet,Hel-Hel,2,4,persistent_chain
G4_Onmem_wall,3,banded_anti_w10,triplet,Hel-Hel,3,1,persistent_chain
G4_Onmem_wall,3,banded_anti_w10,triplet,Hel-Hel,4,4,persistent_chain
G4_Onmem_wall,3,banded_anti_w10,triplet,Hel-Hel,7,1,persistent_chain
G4_Onmem_wall,3,banded_anti_w10,triplet,Hel-Hel,8,1,persistent_chain
G4_Onmem_wall,3,banded_anti_w10,triplet,Hel-Hel,9,1,persistent_chain
G4_Onmem_wall,3,banded_anti_w10,triplet,Hel-Hel,12,1,persistent_chain
G4_Onmem_wall,3,banded_anti_w10,triplet,Hel-Hel,16,1,persistent_chain
G4_Onmem_wall,3,banded_anti_w10,triplet,Hel-Hel,41,1,persistent_chain
G4_Onmem_wall,3,banded_anti_w10,triplet,Hel-IDP,1,985,persistent_chain
G4_Onmem_wall,3,banded_anti_w10,triplet,Hel-IDP,2,296,persistent_chain
G4_Onmem_wall,3,banded_anti_w10,triplet,Hel-IDP,3,139,persistent_chain
G4_Onmem_wall,3,banded_anti_w10,triplet,Hel-IDP,4,75,persistent_chain
G4_Onmem_wall,3,banded_anti_w10,triplet,Hel-IDP,5,36,persistent_chain
G4_Onmem_wall,3,banded_anti_w10,triplet,Hel-IDP,6,27,persistent_chain
G4_Onmem_wall,3,banded_anti_w10,triplet,Hel-IDP,7,17,persistent_chain
G4_Onmem_wall,3,banded_anti_w10,triplet,Hel-IDP,8,16,persistent_chain
G4_Onmem_wall,3,banded_anti_w10,triplet,Hel-IDP,9,12,persistent_chain
G4_Onmem_wall,3,banded_anti_w10,triplet,Hel-IDP,10,7,persistent_chain
G4_Onmem_wall,3,banded_anti_w10,triplet,Hel-IDP,11,5,persistent_chain
G4_Onmem_wall,3,banded_anti_w10,triplet,Hel-IDP,12,1,persistent_chain
G4_Onmem_wall,3,banded_anti_w10,triplet,Hel-IDP,13,1,persistent_chain
G4_Onmem_wall,3,banded_anti_w10,triplet,Hel-IDP,14,4,persistent_chain
G4_Onmem_wall,3,banded_anti_w10,triplet,Hel-IDP,15,1,persistent_chain
G4_Onmem_wall,3,banded_anti_w10,triplet,Hel-IDP,16,3,persistent_chain
G4_Onmem_wall,3,banded_anti_w10,triplet,Hel-IDP,17,3,persistent_chain
G4_Onmem_wall,3,banded_anti_w10,triplet,Hel-IDP,18,1,persistent_chain
G4_Onmem_wall,3,banded_anti_w10,triplet,Hel-IDP,19,2,persistent_chain
G4_Onmem_wall,3,banded_anti_w10,triplet,Hel-IDP,20,1,persistent_chain
G4_Onmem_wall,3,banded_anti_w10,triplet,Hel-IDP,21,2,persistent_chain
G4_Onmem_wall,3,banded_anti_w10,triplet,Hel-IDP,23,1,persistent_chain
G4_Onmem_wall,3,banded_anti_w10,triplet,Hel-IDP,33,1,persistent_chain
G4_Onmem_wall,3,banded_anti_w10,triplet,IDP-IDP,1,14163,persistent_chain
G4_Onmem_wall,3,banded_anti_w10,triplet,IDP-IDP,2,4562,persistent_chain
G4_Onmem_wall,3,banded_anti_w10,triplet,IDP-IDP,3,2000,persistent_chain
G4_Onmem_wall,3,banded_anti_w10,triplet,IDP-IDP,4,1092,persistent_chain
G4_Onmem_wall,3,banded_anti_w10,triplet,IDP-IDP,5,528,persistent_chain
G4_Onmem_wall,3,banded_anti_w10,triplet,IDP-IDP,6,312,persistent_chain
G4_Onmem_wall,3,banded_anti_w10,triplet,IDP-IDP,7,194,persistent_chain
G4_Onmem_wall,3,banded_anti_w10,triplet,IDP-IDP,8,136,persistent_chain
G4_Onmem_wall,3,banded_anti_w10,triplet,IDP-IDP,9,88,persistent_chain
G4_Onmem_wall,3,banded_anti_w10,triplet,IDP-IDP,10,78,persistent_chain
G4_Onmem_wall,3,banded_anti_w10,triplet,IDP-IDP,11,47,persistent_chain
G4_Onmem_wall,3,banded_anti_w10,triplet,IDP-IDP,12,37,persistent_chain
G4_Onmem_wall,3,banded_anti_w10,triplet,IDP-IDP,13,24,persistent_chain
G4_Onmem_wall,3,banded_anti_w10,triplet,IDP-IDP,14,17,persistent_chain
G4_Onmem_wall,3,banded_anti_w10,triplet,IDP-IDP,15,11,persistent_chain
G4_Onmem_wall,3,banded_anti_w10,triplet,IDP-IDP,16,10,persistent_chain
G4_Onmem_wall,3,banded_anti_w10,triplet,IDP-IDP,17,13,persistent_chain
G4_Onmem_wall,3,banded_anti_w10,triplet,IDP-IDP,18,7,persistent_chain
G4_Onmem_wall,3,banded_anti_w10,triplet,IDP-IDP,19,4,persistent_chain
G4_Onmem_wall,3,banded_anti_w10,triplet,IDP-IDP,20,3,persistent_chain
G4_Onmem_wall,3,banded_anti_w10,triplet,IDP-IDP,21,2,persistent_chain
G4_Onmem_wall,3,banded_anti_w10,triplet,IDP-IDP,22,8,persistent_chain
G4_Onmem_wall,3,banded_anti_w10,triplet,IDP-IDP,23,2,persistent_chain
G4_Onmem_wall,3,banded_anti_w10,triplet,IDP-IDP,25,2,persistent_chain
G4_Onmem_wall,3,banded_anti_w10,triplet,IDP-IDP,26,2,persistent_chain
G4_Onmem_wall,3,banded_anti_w10,triplet,IDP-IDP,28,2,persistent_chain
G4_Onmem_wall,3,banded_anti_w10,triplet,IDP-IDP,32,2,persistent_chain
G4_Onmem_wall,3,banded_anti_w10,triplet,IDP-IDP,33,2,persistent_chain
G4_Onmem_wall,3,banded_anti_w10,triplet,IDP-IDP,35,1,persistent_chain
G4_Onmem_wall,3,banded_anti_w10,triplet,IDP-IDP,37,1,persistent_chain
G4_Onmem_wall,3,banded_anti_w10,triplet,IDP-IDP,41,1,persistent_chain
G4_Onmem_wall,3,banded_anti_w10,triplet,IDP-IDP,42,1,persistent_chain
