group,group_label,observable,contact_mode,contact_label,event_unit,chain_selection,chain_filter_method,time_ps,survival_mean,survival_std,t_1e_ps,t_01_ps,mean_lifetime_ps,contact_cutoff_nm,cluster_dist_cutoff_A,radius_limit_A,nac_start,nac_end,triplet_size
G1_Wcluster_alhx0,$\mathrm{IDP}_{50}$,NAC_antisymmetric_BB_contact_survival,antisymmetric_nac_bb,Any 1 antisymmetric NAC BB,chain_pair,all,largest_cluster,0.0,1.0,0.0,1029.147654230252,3056.4922411077478,1858.2582666141855,0.8,8.0,100.0,61,95,3
G1_Wcluster_alhx0,$\mathrm{IDP}_{50}$,NAC_antisymmetric_BB_contact_survival,antisymmetric_nac_bb,Any 1 antisymmetric NAC BB,chain_pair,all,largest_cluster,1000.0,0.37341148620097003,0.0015142850739697652,1029.147654230252,3056.4922411077478,1858.2582666141855,0.8,8.0,100.0,61,95,3
G1_Wcluster_alhx0,$\mathrm{IDP}_{50}$,NAC_antisymmetric_BB_contact_survival,antisymmetric_nac_bb,Any 1 antisymmetric NAC BB,chain_pair,all,largest_cluster,2000.0,0.18361765285070195,0.002556061101831864,1029.147654230252,3056.4922411077478,1858.2582666141855,0.8,8.0,100.0,61,95,3
G1_Wcluster_alhx0,$\mathrm{IDP}_{50}$,NAC_antisymmetric_BB_contact_survival,antisymmetric_nac_bb,Any 1 antisymmetric NAC BB,chain_pair,all,largest_cluster,3000.0,0.10228194777683965,0.002645176148406051,1029.147654230252,3056.4922411077478,1858.2582666141855,0.8,8.0,100.0,61,95,3
G1_Wcluster_alhx0,$\mathrm{IDP}_{50}$,NAC_antisymmetric_BB_contact_survival,antisymmetric_nac_bb,Any 1 antisymmetric NAC BB,chain_pair,all,largest_cluster,4000.0,0.06188794442180775,0.0012058491215739665,1029.147654230252,3056.4922411077478,1858.2582666141855,0.8,8.0,100.0,61,95,3
G1_Wcluster_alhx0,$\mathrm{IDP}_{50}$,NAC_antisymmetric_BB_contact_survival,antisymmetric_nac_bb,Any 1 antisymmetric NAC BB,chain_pair,all,largest_cluster,5000.0,0.03965536953685683,0.0004278103369605154,1029.147654230252,3056.4922411077478,1858.2582666141855,0.8,8.0,100.0,61,95,3
G1_Wcluster_alhx0,$\mathrm{IDP}_{50}$,NAC_antisymmetric_BB_contact_survival,antisymmetric_nac_bb,Any 1 antisymmetric NAC BB,chain_pair,all,largest_cluster,6000.0,0.02629772496902581,0.0010034450185983223,1029.147654230252,3056.4922411077478,1858.2582666141855,0.8,8.0,100.0,61,95,3
G1_Wcluster_alhx0,$\mathrm{IDP}_{50}$,NAC_antisymmetric_BB_contact_survival,antisymmetric_nac_bb,Any 1 antisymmetric NAC BB,chain_pair,all,largest_cluster,7000.0,0.018015535361098834,0.0007080685143160884,1029.147654230252,3056.4922411077478,1858.2582666141855,0.8,8.0,100.0,61,95,3
G1_Wcluster_alhx0,$\mathrm{IDP}_{50}$,NAC_antisymmetric_BB_contact_survival,antisymmetric_nac_bb,Any 1 antisymmetric NAC BB,chain_pair,all,largest_cluster,8000.0,0.0127328095759179,0.0006685784033437504,1029.147654230252,3056.4922411077478,1858.2582666141855,0.8,8.0,100.0,61,95,3
G1_Wcluster_alhx0,$\mathrm{IDP}_{50}$,NAC_antisymmetric_BB_contact_survival,antisymmetric_nac_bb,Any 1 antisymmetric NAC BB,chain_pair,all,largest_cluster,9000.0,0.009183906289200973,0.0004601041576342079,1029.147654230252,3056.4922411077478,1858.2582666141855,0.8,8.0,100.0,61,95,3
G1_Wcluster_alhx0,$\mathrm{IDP}_{50}$,NAC_antisymmetric_BB_contact_survival,antisymmetric_nac_bb,Any 1 antisymmetric NAC BB,chain_pair,all,largest_cluster,10000.0,0.006946820904432564,0.0005586477239720573,1029.147654230252,3056.4922411077478,1858.2582666141855,0.8,8.0,100.0,61,95,3
G1_Wcluster_alhx0,$\mathrm{IDP}_{50}$,NAC_antisymmetric_BB_contact_survival,antisymmetric_nac_bb,Any 1 antisymmetric NAC BB,chain_pair,all,largest_cluster,11000.0,0.005097560400932657,0.00030193042941360835,1029.147654230252,3056.4922411077478,1858.2582666141855,0.8,8.0,100.0,61,95,3
G1_Wcluster_alhx0,$\mathrm{IDP}_{50}$,NAC_antisymmetric_BB_contact_survival,antisymmetric_nac_bb,Any 1 antisymmetric NAC BB,chain_pair,all,largest_cluster,12000.0,0.0038503262653880803,8.74534252432736e-05,1029.147654230252,3056.4922411077478,1858.2582666141855,0.8,8.0,100.0,61,95,3
G1_Wcluster_alhx0,$\mathrm{IDP}_{50}$,NAC_antisymmetric_BB_contact_survival,antisymmetric_nac_bb,Any 1 antisymmetric NAC BB,chain_pair,all,largest_cluster,13000.0,0.003060322977849247,0.00011507614075560239,1029.147654230252,3056.4922411077478,1858.2582666141855,0.8,8.0,100.0,61,95,3
G1_Wcluster_alhx0,$\mathrm{IDP}_{50}$,NAC_antisymmetric_BB_contact_survival,antisymmetric_nac_bb,Any 1 antisymmetric NAC BB,chain_pair,all,largest_cluster,14000.0,0.0023473968308158366,0.00010927948642556932,1029.147654230252,3056.4922411077478,1858.2582666141855,0.8,8.0,100.0,61,95,3
G1_Wcluster_alhx0,$\mathrm{IDP}_{50}$,NAC_antisymmetric_BB_contact_survival,antisymmetric_nac_bb,Any 1 antisymmetric NAC BB,chain_pair,all,largest_cluster,15000.0,0.0018549941145688566,1.4909315619926818e-05,1029.147654230252,3056.4922411077478,1858.2582666141855,0.8,8.0,100.0,61,95,3
G1_Wcluster_alhx0,$\mathrm{IDP}_{50}$,NAC_antisymmetric_BB_contact_survival,antisymmetric_nac_bb,Any 1 antisymmetric NAC BB,chain_pair,all,largest_cluster,16000.0,0.001505680611928557,3.4049968664018604e-05,1029.147654230252,3056.4922411077478,1858.2582666141855,0.8,8.0,100.0,61,95,3
G1_Wcluster_alhx0,$\mathrm{IDP}_{50}$,NAC_antisymmetric_BB_contact_survival,antisymmetric_nac_bb,Any 1 antisymmetric NAC BB,chain_pair,all,largest_cluster,17000.0,0.0011246342127424127,0.00011493505536219192,1029.147654230252,3056.4922411077478,1858.2582666141855,0.8,8.0,100.0,61,95,3
G1_Wcluster_alhx0,$\mathrm{IDP}_{50}$,NAC_antisymmetric_BB_contact_survival,antisymmetric_nac_bb,Any 1 antisymmetric NAC BB,chain_pair,all,largest_cluster,18000.0,0.0008884360515250137,8.5964727474638e-05,1029.147654230252,3056.4922411077478,1858.2582666141855,0.8,8.0,100.0,61,95,3
G1_Wcluster_alhx0,$\mathrm{IDP}_{50}$,NAC_antisymmetric_BB_contact_survival,antisymmetric_nac_bb,Any 1 antisymmetric NAC BB,chain_pair,all,largest_cluster,19000.0,0.0007149895300506458,0.00011176580197450254,1029.147654230252,3056.4922411077478,1858.2582666141855,0.8,8.0,100.0,61,95,3
G1_Wcluster_alhx0,$\mathrm{IDP}_{50}$,NAC_antisymmetric_BB_contact_survival,antisymmetric_nac_bb,Any 1 antisymmetric NAC BB,chain_pair,all,largest_cluster,20000.0,0.0004925812545841443,6.66336759012703e-05,1029.147654230252,3056.4922411077478,1858.2582666141855,0.8,8.0,100.0,61,95,3
G1_Wcluster_alhx0,$\mathrm{IDP}_{50}$,NAC_antisymmetric_BB_contact_survival,antisymmetric_nac_bb,Any 1 antisymmetric NAC BB,chain_pair,all,largest_cluster,21000.0,0.00041257439838524463,8.314089916926378e-05,1029.147654230252,3056.4922411077478,1858.2582666141855,0.8,8.0,100.0,61,95,3
G1_Wcluster_alhx0,$\mathrm{IDP}_{50}$,NAC_antisymmetric_BB_contact_survival,antisymmetric_nac_bb,Any 1 antisymmetric NAC BB,chain_pair,all,largest_cluster,22000.0,0.00038015370750032183,0.00011701871831966504,1029.147654230252,3056.4922411077478,1858.2582666141855,0.8,8.0,100.0,61,95,3
G1_Wcluster_alhx0,$\mathrm{IDP}_{50}$,NAC_antisymmetric_BB_contact_survival,antisymmetric_nac_bb,Any 1 antisymmetric NAC BB,chain_pair,all,largest_cluster,23000.0,0.00031740206775729077,8.274681460195207e-05,1029.147654230252,3056.4922411077478,1858.2582666141855,0.8,8.0,100.0,61,95,3
G1_Wcluster_alhx0,$\mathrm{IDP}_{50}$,NAC_antisymmetric_BB_contact_survival,antisymmetric_nac_bb,Any 1 antisymmetric NAC BB,chain_pair,all,largest_cluster,24000.0,0.00023793082656988453,5.602386314401051e-06,1029.147654230252,3056.4922411077478,1858.2582666141855,0.8,8.0,100.0,61,95,3
G1_Wcluster_alhx0,$\mathrm{IDP}_{50}$,NAC_antisymmetric_BB_contact_survival,antisymmetric_nac_bb,Any 1 antisymmetric NAC BB,chain_pair,all,largest_cluster,25000.0,0.00022189901946458764,2.1535586145719702e-05,1029.147654230252,3056.4922411077478,1858.2582666141855,0.8,8.0,100.0,61,95,3
G1_Wcluster_alhx0,$\mathrm{IDP}_{50}$,NAC_antisymmetric_BB_contact_survival,antisymmetric_nac_bb,Any 1 antisymmetric NAC BB,chain_pair,all,largest_cluster,26000.0,0.00020568867402212627,1.7326067245008996e-05,1029.147654230252,3056.4922411077478,1858.2582666141855,0.8,8.0,100.0,61,95,3
G1_Wcluster_alhx0,$\mathrm{IDP}_{50}$,NAC_antisymmetric_BB_contact_survival,antisymmetric_nac_bb,Any 1 antisymmetric NAC BB,chain_pair,all,largest_cluster,27000.0,0.0001894783285796649,3.446309532199838e-05,1029.147654230252,3056.4922411077478,1858.2582666141855,0.8,8.0,100.0,61,95,3
G1_Wcluster_alhx0,$\mathrm{IDP}_{50}$,NAC_antisymmetric_BB_contact_survival,antisymmetric_nac_bb,Any 1 antisymmetric NAC BB,chain_pair,all,largest_cluster,28000.0,0.00014257995760476628,3.8961637626343234e-05,1029.147654230252,3056.4922411077478,1858.2582666141855,0.8,8.0,100.0,61,95,3
G1_Wcluster_alhx0,$\mathrm{IDP}_{50}$,NAC_antisymmetric_BB_contact_survival,antisymmetric_nac_bb,Any 1 antisymmetric NAC BB,chain_pair,all,largest_cluster,29000.0,0.0001101592667198435,8.0985714051817e-05,1029.147654230252,3056.4922411077478,1858.2582666141855,0.8,8.0,100.0,61,95,3
G1_Wcluster_alhx0,$\mathrm{IDP}_{50}$,NAC_antisymmetric_BB_contact_survival,antisymmetric_nac_bb,Any 1 antisymmetric NAC BB,chain_pair,all,largest_cluster,30000.0,0.0001101592667198435,8.0985714051817e-05,1029.147654230252,3056.4922411077478,1858.2582666141855,0.8,8.0,100.0,61,95,3
G1_Wcluster_alhx0,$\mathrm{IDP}_{50}$,NAC_antisymmetric_BB_contact_survival,antisymmetric_nac_bb,Any 1 antisymmetric NAC BB,chain_pair,all,largest_cluster,31000.0,0.0001101592667198435,8.0985714051817e-05,1029.147654230252,3056.4922411077478,1858.2582666141855,0.8,8.0,100.0,61,95,3
G1_Wcluster_alhx0,$\mathrm{IDP}_{50}$,NAC_antisymmetric_BB_contact_survival,antisymmetric_nac_bb,Any 1 antisymmetric NAC BB,chain_pair,all,largest_cluster,32000.0,0.0001101592667198435,8.0985714051817e-05,1029.147654230252,3056.4922411077478,1858.2582666141855,0.8,8.0,100.0,61,95,3
G1_Wcluster_alhx0,$\mathrm{IDP}_{50}$,NAC_antisymmetric_BB_contact_survival,antisymmetric_nac_bb,Any 1 antisymmetric NAC BB,chain_pair,all,largest_cluster,33000.0,0.0001101592667198435,8.0985714051817e-05,1029.147654230252,3056.4922411077478,1858.2582666141855,0.8,8.0,100.0,61,95,3
G1_Wcluster_alhx0,$\mathrm{IDP}_{50}$,NAC_antisymmetric_BB_contact_survival,antisymmetric_nac_bb,Any 1 antisymmetric NAC BB,chain_pair,all,largest_cluster,34000.0,9.481525395362489e-05,7.856358333157742e-05,1029.147654230252,3056.4922411077478,1858.2582666141855,0.8,8.0,100.0,61,95,3
G1_Wcluster_alhx0,$\mathrm{IDP}_{50}$,NAC_antisymmetric_BB_contact_survival,antisymmetric_nac_bb,Any 1 antisymmetric NAC BB,chain_pair,all,largest_cluster,35000.0,7.878344684832796e-05,5.964848607126882e-05,1029.147654230252,3056.4922411077478,1858.2582666141855,0.8,8.0,100.0,61,95,3
G1_Wcluster_alhx0,$\mathrm{IDP}_{50}$,NAC_antisymmetric_BB_contact_survival,antisymmetric_nac_bb,Any 1 antisymmetric NAC BB,chain_pair,all,largest_cluster,36000.0,7.878344684832796e-05,5.964848607126882e-05,1029.147654230252,3056.4922411077478,1858.2582666141855,0.8,8.0,100.0,61,95,3
G1_Wcluster_alhx0,$\mathrm{IDP}_{50}$,NAC_antisymmetric_BB_contact_survival,antisymmetric_nac_bb,Any 1 antisymmetric NAC BB,chain_pair,all,largest_cluster,37000.0,7.878344684832796e-05,5.964848607126882e-05,1029.147654230252,3056.4922411077478,1858.2582666141855,0.8,8.0,100.0,61,95,3
G1_Wcluster_alhx0,$\mathrm{IDP}_{50}$,NAC_antisymmetric_BB_contact_survival,antisymmetric_nac_bb,Any 1 antisymmetric NAC BB,chain_pair,all,largest_cluster,38000.0,4.740762697681244e-05,3.928179166578871e-05,1029.147654230252,3056.4922411077478,1858.2582666141855,0.8,8.0,100.0,61,95,3
G1_Wcluster_alhx0,$\mathrm{IDP}_{50}$,NAC_antisymmetric_BB_contact_survival,antisymmetric_nac_bb,Any 1 antisymmetric NAC BB,chain_pair,all,largest_cluster,39000.0,4.740762697681244e-05,3.928179166578871e-05,1029.147654230252,3056.4922411077478,1858.2582666141855,0.8,8.0,100.0,61,95,3
G1_Wcluster_alhx0,$\mathrm{IDP}_{50}$,NAC_antisymmetric_BB_contact_survival,antisymmetric_nac_bb,Any 1 antisymmetric NAC BB,chain_pair,all,largest_cluster,40000.0,4.740762697681244e-05,3.928179166578871e-05,1029.147654230252,3056.4922411077478,1858.2582666141855,0.8,8.0,100.0,61,95,3
G1_Wcluster_alhx0,$\mathrm{IDP}_{50}$,NAC_antisymmetric_BB_contact_survival,antisymmetric_nac_bb,Any 1 antisymmetric NAC BB,chain_pair,all,largest_cluster,41000.0,4.740762697681244e-05,3.928179166578871e-05,1029.147654230252,3056.4922411077478,1858.2582666141855,0.8,8.0,100.0,61,95,3
G1_Wcluster_alhx0,$\mathrm{IDP}_{50}$,NAC_antisymmetric_BB_contact_survival,antisymmetric_nac_bb,Any 1 antisymmetric NAC BB,chain_pair,all,largest_cluster,42000.0,4.740762697681244e-05,3.928179166578871e-05,1029.147654230252,3056.4922411077478,1858.2582666141855,0.8,8.0,100.0,61,95,3
G1_Wcluster_alhx0,$\mathrm{IDP}_{50}$,NAC_antisymmetric_BB_contact_survival,antisymmetric_nac_bb,Any 1 antisymmetric NAC BB,chain_pair,all,largest_cluster,43000.0,3.137581987151553e-05,2.220204107473447e-05,1029.147654230252,3056.4922411077478,1858.2582666141855,0.8,8.0,100.0,61,95,3
G1_Wcluster_alhx0,$\mathrm{IDP}_{50}$,NAC_antisymmetric_BB_contact_survival,antisymmetric_nac_bb,Any 1 antisymmetric NAC BB,chain_pair,all,largest_cluster,44000.0,1.603180710529691e-05,2.267239903766024e-05,1029.147654230252,3056.4922411077478,1858.2582666141855,0.8,8.0,100.0,61,95,3
G1_Wcluster_alhx0,$\mathrm{IDP}_{50}$,NAC_antisymmetric_BB_contact_survival,antisymmetric_nac_bb,Any 1 antisymmetric NAC BB,chain_pair,all,largest_cluster,45000.0,1.603180710529691e-05,2.267239903766024e-05,1029.147654230252,3056.4922411077478,1858.2582666141855,0.8,8.0,100.0,61,95,3
G2_Wcluster_alhx700,$\mathrm{Hel}_{50}$,NAC_antisymmetric_BB_contact_survival,antisymmetric_nac_bb,Any 1 antisymmetric NAC BB,chain_pair,all,largest_cluster,0.0,1.0,0.0,1934.4791075070375,9347.442116882818,7052.98641091508,0.8,8.0,100.0,61,95,3
G2_Wcluster_alhx700,$\mathrm{Hel}_{50}$,NAC_antisymmetric_BB_contact_survival,antisymmetric_nac_bb,Any 1 antisymmetric NAC BB,chain_pair,all,largest_cluster,1000.0,0.5316656294789318,0.0159679831689444,1934.4791075070375,9347.442116882818,7052.98641091508,0.8,8.0,100.0,61,95,3
G2_Wcluster_alhx700,$\mathrm{Hel}_{50}$,NAC_antisymmetric_BB_contact_survival,antisymmetric_nac_bb,Any 1 antisymmetric NAC BB,chain_pair,all,largest_cluster,2000.0,0.3563955918807333,0.020308037468063846,1934.4791075070375,9347.442116882818,7052.98641091508,0.8,8.0,100.0,61,95,3
G2_Wcluster_alhx700,$\mathrm{Hel}_{50}$,NAC_antisymmetric_BB_contact_survival,antisymmetric_nac_bb,Any 1 antisymmetric NAC BB,chain_pair,all,largest_cluster,3000.0,0.26887078101482165,0.0195034661403769,1934.4791075070375,9347.442116882818,7052.98641091508,0.8,8.0,100.0,61,95,3
G2_Wcluster_alhx700,$\mathrm{Hel}_{50}$,NAC_antisymmetric_BB_contact_survival,antisymmetric_nac_bb,Any 1 antisymmetric NAC BB,chain_pair,all,largest_cluster,4000.0,0.21490323921625398,0.016943795736846345,1934.4791075070375,9347.442116882818,7052.98641091508,0.8,8.0,100.0,61,95,3
G2_Wcluster_alhx700,$\mathrm{Hel}_{50}$,NAC_antisymmetric_BB_contact_survival,antisymmetric_nac_bb,Any 1 antisymmetric NAC BB,chain_pair,all,largest_cluster,5000.0,0.17550864568929056,0.01724282513439572,1934.4791075070375,9347.442116882818,7052.98641091508,0.8,8.0,100.0,61,95,3
G2_Wcluster_alhx700,$\mathrm{Hel}_{50}$,NAC_antisymmetric_BB_contact_survival,antisymmetric_nac_bb,Any 1 antisymmetric NAC BB,chain_pair,all,largest_cluster,6000.0,0.15075834850024822,0.01636815287333303,1934.4791075070375,9347.442116882818,7052.98641091508,0.8,8.0,100.0,61,95,3
G2_Wcluster_alhx700,$\mathrm{Hel}_{50}$,NAC_antisymmetric_BB_contact_survival,antisymmetric_nac_bb,Any 1 antisymmetric NAC BB,chain_pair,all,largest_cluster,7000.0,0.13118602592561282,0.015114582151499405,1934.4791075070375,9347.442116882818,7052.98641091508,0.8,8.0,100.0,61,95,3
G2_Wcluster_alhx700,$\mathrm{Hel}_{50}$,NAC_antisymmetric_BB_contact_survival,antisymmetric_nac_bb,Any 1 antisymmetric NAC BB,chain_pair,all,largest_cluster,8000.0,0.11498408241136532,0.01598910204611744,1934.4791075070375,9347.442116882818,7052.98641091508,0.8,8.0,100.0,61,95,3
G2_Wcluster_alhx700,$\mathrm{Hel}_{50}$,NAC_antisymmetric_BB_contact_survival,antisymmetric_nac_bb,Any 1 antisymmetric NAC BB,chain_pair,all,largest_cluster,9000.0,0.1036361230553553,0.01624763891957201,1934.4791075070375,9347.442116882818,7052.98641091508,0.8,8.0,100.0,61,95,3
G2_Wcluster_alhx700,$\mathrm{Hel}_{50}$,NAC_antisymmetric_BB_contact_survival,antisymmetric_nac_bb,Any 1 antisymmetric NAC BB,chain_pair,all,largest_cluster,10000.0,0.09317071636264379,0.015908387783140014,1934.4791075070375,9347.442116882818,7052.98641091508,0.8,8.0,100.0,61,95,3
G2_Wcluster_alhx700,$\mathrm{Hel}_{50}$,NAC_antisymmetric_BB_contact_survival,antisymmetric_nac_bb,Any 1 antisymmetric NAC BB,chain_pair,all,largest_cluster,11000.0,0.08450219100127,0.015418002835495966,1934.4791075070375,9347.442116882818,7052.98641091508,0.8,8.0,100.0,61,95,3
G2_Wcluster_alhx700,$\mathrm{Hel}_{50}$,NAC_antisymmetric_BB_contact_survival,antisymmetric_nac_bb,Any 1 antisymmetric NAC BB,chain_pair,all,largest_cluster,12000.0,0.07835356655051205,0.014747626663218442,1934.4791075070375,9347.442116882818,7052.98641091508,0.8,8.0,100.0,61,95,3
G2_Wcluster_alhx700,$\mathrm{Hel}_{50}$,NAC_antisymmetric_BB_contact_survival,antisymmetric_nac_bb,Any 1 antisymmetric NAC BB,chain_pair,all,largest_cluster,13000.0,0.07280151938713413,0.013690535940292148,1934.4791075070375,9347.442116882818,7052.98641091508,0.8,8.0,100.0,61,95,3
G2_Wcluster_alhx700,$\mathrm{Hel}_{50}$,NAC_antisymmetric_BB_contact_survival,antisymmetric_nac_bb,Any 1 antisymmetric NAC BB,chain_pair,all,largest_cluster,14000.0,0.06741758219403989,0.014159625723196461,1934.4791075070375,9347.442116882818,7052.98641091508,0.8,8.0,100.0,61,95,3
G2_Wcluster_alhx700,$\mathrm{Hel}_{50}$,NAC_antisymmetric_BB_contact_survival,antisymmetric_nac_bb,Any 1 antisymmetric NAC BB,chain_pair,all,largest_cluster,15000.0,0.06272025122856136,0.012458733546933842,1934.4791075070375,9347.442116882818,7052.98641091508,0.8,8.0,100.0,61,95,3
G2_Wcluster_alhx700,$\mathrm{Hel}_{50}$,NAC_antisymmetric_BB_contact_survival,antisymmetric_nac_bb,Any 1 antisymmetric NAC BB,chain_pair,all,largest_cluster,16000.0,0.058134995734164883,0.012325170822486697,1934.4791075070375,9347.442116882818,7052.98641091508,0.8,8.0,100.0,61,95,3
G2_Wcluster_alhx700,$\mathrm{Hel}_{50}$,NAC_antisymmetric_BB_contact_survival,antisymmetric_nac_bb,Any 1 antisymmetric NAC BB,chain_pair,all,largest_cluster,17000.0,0.054408109035802454,0.012030289990261882,1934.4791075070375,9347.442116882818,7052.98641091508,0.8,8.0,100.0,61,95,3
G2_Wcluster_alhx700,$\mathrm{Hel}_{50}$,NAC_antisymmetric_BB_contact_survival,antisymmetric_nac_bb,Any 1 antisymmetric NAC BB,chain_pair,all,largest_cluster,18000.0,0.05066853187240903,0.010946661252159432,1934.4791075070375,9347.442116882818,7052.98641091508,0.8,8.0,100.0,61,95,3
G2_Wcluster_alhx700,$\mathrm{Hel}_{50}$,NAC_antisymmetric_BB_contact_survival,antisymmetric_nac_bb,Any 1 antisymmetric NAC BB,chain_pair,all,largest_cluster,19000.0,0.04846987246873971,0.010305857280972455,1934.4791075070375,9347.442116882818,7052.98641091508,0.8,8.0,100.0,61,95,3
G2_Wcluster_alhx700,$\mathrm{Hel}_{50}$,NAC_antisymmetric_BB_contact_survival,antisymmetric_nac_bb,Any 1 antisymmetric NAC BB,chain_pair,all,largest_cluster,20000.0,0.046491081483940634,0.00961345610654913,1934.4791075070375,9347.442116882818,7052.98641091508,0.8,8.0,100.0,61,95,3
G2_Wcluster_alhx700,$\mathrm{Hel}_{50}$,NAC_antisymmetric_BB_contact_survival,antisymmetric_nac_bb,Any 1 antisymmetric NAC BB,chain_pair,all,largest_cluster,21000.0,0.04449735006800839,0.009091439018494709,1934.4791075070375,9347.442116882818,7052.98641091508,0.8,8.0,100.0,61,95,3
G2_Wcluster_alhx700,$\mathrm{Hel}_{50}$,NAC_antisymmetric_BB_contact_survival,antisymmetric_nac_bb,Any 1 antisymmetric NAC BB,chain_pair,all,largest_cluster,22000.0,0.04211787191667001,0.0087781714187125,1934.4791075070375,9347.442116882818,7052.98641091508,0.8,8.0,100.0,61,95,3
G2_Wcluster_alhx700,$\mathrm{Hel}_{50}$,NAC_antisymmetric_BB_contact_survival,antisymmetric_nac_bb,Any 1 antisymmetric NAC BB,chain_pair,all,largest_cluster,23000.0,0.040399657065373004,0.008852445561844873,1934.4791075070375,9347.442116882818,7052.98641091508,0.8,8.0,100.0,61,95,3
G2_Wcluster_alhx700,$\mathrm{Hel}_{50}$,NAC_antisymmetric_BB_contact_survival,antisymmetric_nac_bb,Any 1 antisymmetric NAC BB,chain_pair,all,largest_cluster,24000.0,0.03904859592021431,0.008394214973264959,1934.4791075070375,9347.442116882818,7052.98641091508,0.8,8.0,100.0,61,95,3
G2_Wcluster_alhx700,$\mathrm{Hel}_{50}$,NAC_antisymmetric_BB_contact_survival,antisymmetric_nac_bb,Any 1 antisymmetric NAC BB,chain_pair,all,largest_cluster,25000.0,0.03792548109706844,0.0076417475579870645,1934.4791075070375,9347.442116882818,7052.98641091508,0.8,8.0,100.0,61,95,3
G2_Wcluster_alhx700,$\mathrm{Hel}_{50}$,NAC_antisymmetric_BB_contact_survival,antisymmetric_nac_bb,Any 1 antisymmetric NAC BB,chain_pair,all,largest_cluster,26000.0,0.03663110268862496,0.007174348882615541,1934.4791075070375,9347.442116882818,7052.98641091508,0.8,8.0,100.0,61,95,3
G2_Wcluster_alhx700,$\mathrm{Hel}_{50}$,NAC_antisymmetric_BB_contact_survival,antisymmetric_nac_bb,Any 1 antisymmetric NAC BB,chain_pair,all,largest_cluster,27000.0,0.03553978865525303,0.007192479338755374,1934.4791075070375,9347.442116882818,7052.98641091508,0.8,8.0,100.0,61,95,3
G2_Wcluster_alhx700,$\mathrm{Hel}_{50}$,NAC_antisymmetric_BB_contact_survival,antisymmetric_nac_bb,Any 1 antisymmetric NAC BB,chain_pair,all,largest_cluster,28000.0,0.03436864260885166,0.007340945244220241,1934.4791075070375,9347.442116882818,7052.98641091508,0.8,8.0,100.0,61,95,3
G2_Wcluster_alhx700,$\mathrm{Hel}_{50}$,NAC_antisymmetric_BB_contact_survival,antisymmetric_nac_bb,Any 1 antisymmetric NAC BB,chain_pair,all,largest_cluster,29000.0,0.0329582060925969,0.006965350011991215,1934.4791075070375,9347.442116882818,7052.98641091508,0.8,8.0,100.0,61,95,3
G2_Wcluster_alhx700,$\mathrm{Hel}_{50}$,NAC_antisymmetric_BB_contact_survival,antisymmetric_nac_bb,Any 1 antisymmetric NAC BB,chain_pair,all,largest_cluster,30000.0,0.032079897950104595,0.006865217674086709,1934.4791075070375,9347.442116882818,7052.98641091508,0.8,8.0,100.0,61,95,3
G2_Wcluster_alhx700,$\mathrm{Hel}_{50}$,NAC_antisymmetric_BB_contact_survival,antisymmetric_nac_bb,Any 1 antisymmetric NAC BB,chain_pair,all,largest_cluster,31000.0,0.030614125014325057,0.006428937690342065,1934.4791075070375,9347.442116882818,7052.98641091508,0.8,8.0,100.0,61,95,3
G2_Wcluster_alhx700,$\mathrm{Hel}_{50}$,NAC_antisymmetric_BB_contact_survival,antisymmetric_nac_bb,Any 1 antisymmetric NAC BB,chain_pair,all,largest_cluster,32000.0,0.030219340412022556,0.006318709045834208,1934.4791075070375,9347.442116882818,7052.98641091508,0.8,8.0,100.0,61,95,3
G2_Wcluster_alhx700,$\mathrm{Hel}_{50}$,NAC_antisymmetric_BB_contact_survival,antisymmetric_nac_bb,Any 1 antisymmetric NAC BB,chain_pair,all,largest_cluster,33000.0,0.029650985943478245,0.00600287669358261,1934.4791075070375,9347.442116882818,7052.98641091508,0.8,8.0,100.0,61,95,3
G2_Wcluster_alhx700,$\mathrm{Hel}_{50}$,NAC_antisymmetric_BB_contact_survival,antisymmetric_nac_bb,Any 1 antisymmetric NAC BB,chain_pair,all,largest_cluster,34000.0,0.028764468955804905,0.00585148563829816,1934.4791075070375,9347.442116882818,7052.98641091508,0.8,8.0,100.0,61,95,3
G2_Wcluster_alhx700,$\mathrm{Hel}_{50}$,NAC_antisymmetric_BB_contact_survival,antisymmetric_nac_bb,Any 1 antisymmetric NAC BB,chain_pair,all,largest_cluster,35000.0,0.02802619721915342,0.005806555499730485,1934.4791075070375,9347.442116882818,7052.98641091508,0.8,8.0,100.0,61,95,3
G2_Wcluster_alhx700,$\mathrm{Hel}_{50}$,NAC_antisymmetric_BB_contact_survival,antisymmetric_nac_bb,Any 1 antisymmetric NAC BB,chain_pair,all,largest_cluster,36000.0,0.027069920676297227,0.005475257498366905,1934.4791075070375,9347.442116882818,7052.98641091508,0.8,8.0,100.0,61,95,3
G2_Wcluster_alhx700,$\mathrm{Hel}_{50}$,NAC_antisymmetric_BB_contact_survival,antisymmetric_nac_bb,Any 1 antisymmetric NAC BB,chain_pair,all,largest_cluster,37000.0,0.026379162867426125,0.0048215453454623775,1934.4791075070375,9347.442116882818,7052.98641091508,0.8,8.0,100.0,61,95,3
G2_Wcluster_alhx700,$\mathrm{Hel}_{50}$,NAC_antisymmetric_BB_contact_survival,antisymmetric_nac_bb,Any 1 antisymmetric NAC BB,chain_pair,all,largest_cluster,38000.0,0.025737838913842997,0.004710524668398499,1934.4791075070375,9347.442116882818,7052.98641091508,0.8,8.0,100.0,61,95,3
G2_Wcluster_alhx700,$\mathrm{Hel}_{50}$,NAC_antisymmetric_BB_contact_survival,antisymmetric_nac_bb,Any 1 antisymmetric NAC BB,chain_pair,all,largest_cluster,39000.0,0.025049387385916114,0.0045915604476894955,1934.4791075070375,9347.442116882818,7052.98641091508,0.8,8.0,100.0,61,95,3
G2_Wcluster_alhx700,$\mathrm{Hel}_{50}$,NAC_antisymmetric_BB_contact_survival,antisymmetric_nac_bb,Any 1 antisymmetric NAC BB,chain_pair,all,largest_cluster,40000.0,0.02451187374339195,0.004499477400771718,1934.4791075070375,9347.442116882818,7052.98641091508,0.8,8.0,100.0,61,95,3
G2_Wcluster_alhx700,$\mathrm{Hel}_{50}$,NAC_antisymmetric_BB_contact_survival,antisymmetric_nac_bb,Any 1 antisymmetric NAC BB,chain_pair,all,largest_cluster,41000.0,0.023822075898274644,0.004427338278990694,1934.4791075070375,9347.442116882818,7052.98641091508,0.8,8.0,100.0,61,95,3
G2_Wcluster_alhx700,$\mathrm{Hel}_{50}$,NAC_antisymmetric_BB_contact_survival,antisymmetric_nac_bb,Any 1 antisymmetric NAC BB,chain_pair,all,largest_cluster,42000.0,0.023425944978781723,0.004355942846003023,1934.4791075070375,9347.442116882818,7052.98641091508,0.8,8.0,100.0,61,95,3
G2_Wcluster_alhx700,$\mathrm{Hel}_{50}$,NAC_antisymmetric_BB_contact_survival,antisymmetric_nac_bb,Any 1 antisymmetric NAC BB,chain_pair,all,largest_cluster,43000.0,0.023029814059288795,0.004286307944548124,1934.4791075070375,9347.442116882818,7052.98641091508,0.8,8.0,100.0,61,95,3
G2_Wcluster_alhx700,$\mathrm{Hel}_{50}$,NAC_antisymmetric_BB_contact_survival,antisymmetric_nac_bb,Any 1 antisymmetric NAC BB,chain_pair,all,largest_cluster,44000.0,0.02260284231377573,0.0040000068847548835,1934.4791075070375,9347.442116882818,7052.98641091508,0.8,8.0,100.0,61,95,3
G2_Wcluster_alhx700,$\mathrm{Hel}_{50}$,NAC_antisymmetric_BB_contact_survival,antisymmetric_nac_bb,Any 1 antisymmetric NAC BB,chain_pair,all,largest_cluster,45000.0,0.022111109928404885,0.0039531694538055264,1934.4791075070375,9347.442116882818,7052.98641091508,0.8,8.0,100.0,61,95,3
G2_Wcluster_alhx700,$\mathrm{Hel}_{50}$,NAC_antisymmetric_BB_contact_survival,antisymmetric_nac_bb,Any 1 antisymmetric NAC BB,chain_pair,all,largest_cluster,46000.0,0.021607129746281723,0.003996754743151229,1934.4791075070375,9347.442116882818,7052.98641091508,0.8,8.0,100.0,61,95,3
G2_Wcluster_alhx700,$\mathrm{Hel}_{50}$,NAC_antisymmetric_BB_contact_survival,antisymmetric_nac_bb,Any 1 antisymmetric NAC BB,chain_pair,all,largest_cluster,47000.0,0.021196058395655623,0.004100749313450587,1934.4791075070375,9347.442116882818,7052.98641091508,0.8,8.0,100.0,61,95,3
G2_Wcluster_alhx700,$\mathrm{Hel}_{50}$,NAC_antisymmetric_BB_contact_survival,antisymmetric_nac_bb,Any 1 antisymmetric NAC BB,chain_pair,all,largest_cluster,48000.0,0.020611417178787707,0.00400326111301665,1934.4791075070375,9347.442116882818,7052.98641091508,0.8,8.0,100.0,61,95,3
G2_Wcluster_alhx700,$\mathrm{Hel}_{50}$,NAC_antisymmetric_BB_contact_survival,antisymmetric_nac_bb,Any 1 antisymmetric NAC BB,chain_pair,all,largest_cluster,49000.0,0.020379818258640246,0.0038327543629626836,1934.4791075070375,9347.442116882818,7052.98641091508,0.8,8.0,100.0,61,95,3
G2_Wcluster_alhx700,$\mathrm{Hel}_{50}$,NAC_antisymmetric_BB_contact_survival,antisymmetric_nac_bb,Any 1 antisymmetric NAC BB,chain_pair,all,largest_cluster,50000.0,0.019933867130422722,0.0038567376484791565,1934.4791075070375,9347.442116882818,7052.98641091508,0.8,8.0,100.0,61,95,3
G2_Wcluster_alhx700,$\mathrm{Hel}_{50}$,NAC_antisymmetric_BB_contact_survival,antisymmetric_nac_bb,Any 1 antisymmetric NAC BB,chain_pair,all,largest_cluster,51000.0,0.019477014522643304,0.003907333553993912,1934.4791075070375,9347.442116882818,7052.98641091508,0.8,8.0,100.0,61,95,3
G2_Wcluster_alhx700,$\mathrm{Hel}_{50}$,NAC_antisymmetric_BB_contact_survival,antisymmetric_nac_bb,Any 1 antisymmetric NAC BB,chain_pair,all,largest_cluster,52000.0,0.019141605291436877,0.0037069421092000452,1934.4791075070375,9347.442116882818,7052.98641091508,0.8,8.0,100.0,61,95,3
G2_Wcluster_alhx700,$\mathrm{Hel}_{50}$,NAC_antisymmetric_BB_contact_survival,antisymmetric_nac_bb,Any 1 antisymmetric NAC BB,chain_pair,all,largest_cluster,53000.0,0.018544716277816644,0.0036961614859560145,1934.4791075070375,9347.442116882818,7052.98641091508,0.8,8.0,100.0,61,95,3
G2_Wcluster_alhx700,$\mathrm{Hel}_{50}$,NAC_antisymmetric_BB_contact_survival,antisymmetric_nac_bb,Any 1 antisymmetric NAC BB,chain_pair,all,largest_cluster,54000.0,0.018194366615477044,0.003676112096366262,1934.4791075070375,9347.442116882818,7052.98641091508,0.8,8.0,100.0,61,95,3
G2_Wcluster_alhx700,$\mathrm{Hel}_{50}$,NAC_antisymmetric_BB_contact_survival,antisymmetric_nac_bb,Any 1 antisymmetric NAC BB,chain_pair,all,largest_cluster,55000.0,0.01786985886383251,0.003448303933014404,1934.4791075070375,9347.442116882818,7052.98641091508,0.8,8.0,100.0,61,95,3
G2_Wcluster_alhx700,$\mathrm{Hel}_{50}$,NAC_antisymmetric_BB_contact_survival,antisymmetric_nac_bb,Any 1 antisymmetric NAC BB,chain_pair,all,largest_cluster,56000.0,0.01731740479017517,0.0035509125589873697,1934.4791075070375,9347.442116882818,7052.98641091508,0.8,8.0,100.0,61,95,3
G2_Wcluster_alhx700,$\mathrm{Hel}_{50}$,NAC_antisymmetric_BB_contact_survival,antisymmetric_nac_bb,Any 1 antisymmetric NAC BB,chain_pair,all,largest_cluster,57000.0,0.016980649241778317,0.0033990343183857305,1934.4791075070375,9347.442116882818,7052.98641091508,0.8,8.0,100.0,61,95,3
G2_Wcluster_alhx700,$\mathrm{Hel}_{50}$,NAC_antisymmetric_BB_contact_survival,antisymmetric_nac_bb,Any 1 antisymmetric NAC BB,chain_pair,all,largest_cluster,58000.0,0.01682701872199475,0.00347322798214927,1934.4791075070375,9347.442116882818,7052.98641091508,0.8,8.0,100.0,61,95,3
G2_Wcluster_alhx700,$\mathrm{Hel}_{50}$,NAC_antisymmetric_BB_contact_survival,antisymmetric_nac_bb,Any 1 antisymmetric NAC BB,chain_pair,all,largest_cluster,59000.0,0.016444481916444577,0.0032642547957862597,1934.4791075070375,9347.442116882818,7052.98641091508,0.8,8.0,100.0,61,95,3
G2_Wcluster_alhx700,$\mathrm{Hel}_{50}$,NAC_antisymmetric_BB_contact_survival,antisymmetric_nac_bb,Any 1 antisymmetric NAC BB,chain_pair,all,largest_cluster,60000.0,0.016141259828448724,0.003242403500564919,1934.4791075070375,9347.442116882818,7052.98641091508,0.8,8.0,100.0,61,95,3
G2_Wcluster_alhx700,$\mathrm{Hel}_{50}$,NAC_antisymmetric_BB_contact_survival,antisymmetric_nac_bb,Any 1 antisymmetric NAC BB,chain_pair,all,largest_cluster,61000.0,0.01597538151191284,0.003388266915216643,1934.4791075070375,9347.442116882818,7052.98641091508,0.8,8.0,100.0,61,95,3
G2_Wcluster_alhx700,$\mathrm{Hel}_{50}$,NAC_antisymmetric_BB_contact_survival,antisymmetric_nac_bb,Any 1 antisymmetric NAC BB,chain_pair,all,largest_cluster,62000.0,0.01562503184957324,0.00336727241747856,1934.4791075070375,9347.442116882818,7052.98641091508,0.8,8.0,100.0,61,95,3
G2_Wcluster_alhx700,$\mathrm{Hel}_{50}$,NAC_antisymmetric_BB_contact_survival,antisymmetric_nac_bb,Any 1 antisymmetric NAC BB,chain_pair,all,largest_cluster,63000.0,0.015241148726832639,0.0032146769853320977,1934.4791075070375,9347.442116882818,7052.98641091508,0.8,8.0,100.0,61,95,3
G2_Wcluster_alhx700,$\mathrm{Hel}_{50}$,NAC_antisymmetric_BB_contact_survival,antisymmetric_nac_bb,Any 1 antisymmetric NAC BB,chain_pair,all,largest_cluster,64000.0,0.014925678842084468,0.003280366877774516,1934.4791075070375,9347.442116882818,7052.98641091508,0.8,8.0,100.0,61,95,3
G2_Wcluster_alhx700,$\mathrm{Hel}_{50}$,NAC_antisymmetric_BB_contact_survival,antisymmetric_nac_bb,Any 1 antisymmetric NAC BB,chain_pair,all,largest_cluster,65000.0,0.014646952347593256,0.0031034820569690214,1934.4791075070375,9347.442116882818,7052.98641091508,0.8,8.0,100.0,61,95,3
G2_Wcluster_alhx700,$\mathrm{Hel}_{50}$,NAC_antisymmetric_BB_contact_survival,antisymmetric_nac_bb,Any 1 antisymmetric NAC BB,chain_pair,all,largest_cluster,66000.0,0.014368225853102046,0.00292918628652702,1934.4791075070375,9347.442116882818,7052.98641091508,0.8,8.0,100.0,61,95,3
G2_Wcluster_alhx700,$\mathrm{Hel}_{50}$,NAC_antisymmetric_BB_contact_survival,antisymmetric_nac_bb,Any 1 antisymmetric NAC BB,chain_pair,all,largest_cluster,67000.0,0.01383475116214916,0.0026973215012390237,1934.4791075070375,9347.442116882818,7052.98641091508,0.8,8.0,100.0,61,95,3
G2_Wcluster_alhx700,$\mathrm{Hel}_{50}$,NAC_antisymmetric_BB_contact_survival,antisymmetric_nac_bb,Any 1 antisymmetric NAC BB,chain_pair,all,largest_cluster,68000.0,0.0136366857024027,0.0026632144277220237,1934.4791075070375,9347.442116882818,7052.98641091508,0.8,8.0,100.0,61,95,3
G2_Wcluster_alhx700,$\mathrm{Hel}_{50}$,NAC_antisymmetric_BB_contact_survival,antisymmetric_nac_bb,Any 1 antisymmetric NAC BB,chain_pair,all,largest_cluster,69000.0,0.013309485316377314,0.002528819809130319,1934.4791075070375,9347.442116882818,7052.98641091508,0.8,8.0,100.0,61,95,3
G2_Wcluster_alhx700,$\mathrm{Hel}_{50}$,NAC_antisymmetric_BB_contact_survival,antisymmetric_nac_bb,Any 1 antisymmetric NAC BB,chain_pair,all,largest_cluster,70000.0,0.012957789336847285,0.002560888089993202,1934.4791075070375,9347.442116882818,7052.98641091508,0.8,8.0,100.0,61,95,3
G2_Wcluster_alhx700,$\mathrm{Hel}_{50}$,NAC_antisymmetric_BB_contact_survival,antisymmetric_nac_bb,Any 1 antisymmetric NAC BB,chain_pair,all,largest_cluster,71000.0,0.012864880505350215,0.002504579370452504,1934.4791075070375,9347.442116882818,7052.98641091508,0.8,8.0,100.0,61,95,3
G2_Wcluster_alhx700,$\mathrm{Hel}_{50}$,NAC_antisymmetric_BB_contact_survival,antisymmetric_nac_bb,Any 1 antisymmetric NAC BB,chain_pair,all,largest_cluster,72000.0,0.012619687471260008,0.0024652942743989916,1934.4791075070375,9347.442116882818,7052.98641091508,0.8,8.0,100.0,61,95,3
G2_Wcluster_alhx700,$\mathrm{Hel}_{50}$,NAC_antisymmetric_BB_contact_survival,antisymmetric_nac_bb,Any 1 antisymmetric NAC BB,chain_pair,all,largest_cluster,73000.0,0.012467403268666868,0.0024818742183728075,1934.4791075070375,9347.442116882818,7052.98641091508,0.8,8.0,100.0,61,95,3
G2_Wcluster_alhx700,$\mathrm{Hel}_{50}$,NAC_antisymmetric_BB_contact_survival,antisymmetric_nac_bb,Any 1 antisymmetric NAC BB,chain_pair,all,largest_cluster,74000.0,0.012188676774175658,0.002316759385462306,1934.4791075070375,9347.442116882818,7052.98641091508,0.8,8.0,100.0,61,95,3
G2_Wcluster_alhx700,$\mathrm{Hel}_{50}$,NAC_antisymmetric_BB_contact_survival,antisymmetric_nac_bb,Any 1 antisymmetric NAC BB,chain_pair,all,largest_cluster,75000.0,0.011975670883296022,0.002464928979198844,1934.4791075070375,9347.442116882818,7052.98641091508,0.8,8.0,100.0,61,95,3
G2_Wcluster_alhx700,$\mathrm{Hel}_{50}$,NAC_antisymmetric_BB_contact_survival,antisymmetric_nac_bb,Any 1 antisymmetric NAC BB,chain_pair,all,largest_cluster,76000.0,0.011730477849205813,0.002427614182079068,1934.4791075070375,9347.442116882818,7052.98641091508,0.8,8.0,100.0,61,95,3
G2_Wcluster_alhx700,$\mathrm{Hel}_{50}$,NAC_antisymmetric_BB_contact_survival,antisymmetric_nac_bb,Any 1 antisymmetric NAC BB,chain_pair,all,largest_cluster,77000.0,0.011730477849205813,0.002427614182079068,1934.4791075070375,9347.442116882818,7052.98641091508,0.8,8.0,100.0,61,95,3
G2_Wcluster_alhx700,$\mathrm{Hel}_{50}$,NAC_antisymmetric_BB_contact_survival,antisymmetric_nac_bb,Any 1 antisymmetric NAC BB,chain_pair,all,largest_cluster,78000.0,0.011517471958326177,0.002576846395220579,1934.4791075070375,9347.442116882818,7052.98641091508,0.8,8.0,100.0,61,95,3
G2_Wcluster_alhx700,$\mathrm{Hel}_{50}$,NAC_antisymmetric_BB_contact_survival,antisymmetric_nac_bb,Any 1 antisymmetric NAC BB,chain_pair,all,largest_cluster,79000.0,0.011331654295332038,0.0024730303413865967,1934.4791075070375,9347.442116882818,7052.98641091508,0.8,8.0,100.0,61,95,3
G2_Wcluster_alhx700,$\mathrm{Hel}_{50}$,NAC_antisymmetric_BB_contact_survival,antisymmetric_nac_bb,Any 1 antisymmetric NAC BB,chain_pair,all,largest_cluster,80000.0,0.011097362740803722,0.002458917217673695,1934.4791075070375,9347.442116882818,7052.98641091508,0.8,8.0,100.0,61,95,3
G2_Wcluster_alhx700,$\mathrm{Hel}_{50}$,NAC_antisymmetric_BB_contact_survival,antisymmetric_nac_bb,Any 1 antisymmetric NAC BB,chain_pair,all,largest_cluster,81000.0,0.011050235166459971,0.0024746510573510263,1934.4791075070375,9347.442116882818,7052.98641091508,0.8,8.0,100.0,61,95,3
G2_Wcluster_alhx700,$\mathrm{Hel}_{50}$,NAC_antisymmetric_BB_contact_survival,antisymmetric_nac_bb,Any 1 antisymmetric NAC BB,chain_pair,all,largest_cluster,82000.0,0.01077285498915919,0.0022591521691949215,1934.4791075070375,9347.442116882818,7052.98641091508,0.8,8.0,100.0,61,95,3
G2_Wcluster_alhx700,$\mathrm{Hel}_{50}$,NAC_antisymmetric_BB_contact_survival,antisymmetric_nac_bb,Any 1 antisymmetric NAC BB,chain_pair,all,largest_cluster,83000.0,0.010681292474852546,0.0021337891179407267,1934.4791075070375,9347.442116882818,7052.98641091508,0.8,8.0,100.0,61,95,3
G2_Wcluster_alhx700,$\mathrm{Hel}_{50}$,NAC_antisymmetric_BB_contact_survival,antisymmetric_nac_bb,Any 1 antisymmetric NAC BB,chain_pair,all,largest_cluster,84000.0,0.010529008272259409,0.002147894226952435,1934.4791075070375,9347.442116882818,7052.98641091508,0.8,8.0,100.0,61,95,3
G2_Wcluster_alhx700,$\mathrm{Hel}_{50}$,NAC_antisymmetric_BB_contact_survival,antisymmetric_nac_bb,Any 1 antisymmetric NAC BB,chain_pair,all,largest_cluster,85000.0,0.010388971866418588,0.0021223266411850455,1934.4791075070375,9347.442116882818,7052.98641091508,0.8,8.0,100.0,61,95,3
G2_Wcluster_alhx700,$\mathrm{Hel}_{50}$,NAC_antisymmetric_BB_contact_survival,antisymmetric_nac_bb,Any 1 antisymmetric NAC BB,chain_pair,all,largest_cluster,86000.0,0.01027022112422645,0.002238643545138476,1934.4791075070375,9347.442116882818,7052.98641091508,0.8,8.0,100.0,61,95,3
G2_Wcluster_alhx700,$\mathrm{Hel}_{50}$,NAC_antisymmetric_BB_contact_survival,antisymmetric_nac_bb,Any 1 antisymmetric NAC BB,chain_pair,all,largest_cluster,87000.0,0.01008574977842274,0.0020682222958029995,1934.4791075070375,9347.442116882818,7052.98641091508,0.8,8.0,100.0,61,95,3
G2_Wcluster_alhx700,$\mathrm{Hel}_{50}$,NAC_antisymmetric_BB_contact_survival,antisymmetric_nac_bb,Any 1 antisymmetric NAC BB,chain_pair,all,largest_cluster,88000.0,0.010039968521269418,0.002005769444019432,1934.4791075070375,9347.442116882818,7052.98641091508,0.8,8.0,100.0,61,95,3
G2_Wcluster_alhx700,$\mathrm{Hel}_{50}$,NAC_antisymmetric_BB_contact_survival,antisymmetric_nac_bb,Any 1 antisymmetric NAC BB,chain_pair,all,largest_cluster,89000.0,0.009899932115428597,0.0019798482489497625,1934.4791075070375,9347.442116882818,7052.98641091508,0.8,8.0,100.0,61,95,3
G2_Wcluster_alhx700,$\mathrm{Hel}_{50}$,NAC_antisymmetric_BB_contact_survival,antisymmetric_nac_bb,Any 1 antisymmetric NAC BB,chain_pair,all,largest_cluster,90000.0,0.009715460769624885,0.0018104732730115929,1934.4791075070375,9347.442116882818,7052.98641091508,0.8,8.0,100.0,61,95,3
G2_Wcluster_alhx700,$\mathrm{Hel}_{50}$,NAC_antisymmetric_BB_contact_survival,antisymmetric_nac_bb,Any 1 antisymmetric NAC BB,chain_pair,all,largest_cluster,91000.0,0.009622551938127815,0.001768805290485093,1934.4791075070375,9347.442116882818,7052.98641091508,0.8,8.0,100.0,61,95,3
G2_Wcluster_alhx700,$\mathrm{Hel}_{50}$,NAC_antisymmetric_BB_contact_survival,antisymmetric_nac_bb,Any 1 antisymmetric NAC BB,chain_pair,all,largest_cluster,92000.0,0.009576770680974494,0.00170507520089585,1934.4791075070375,9347.442116882818,7052.98641091508,0.8,8.0,100.0,61,95,3
G2_Wcluster_alhx700,$\mathrm{Hel}_{50}$,NAC_antisymmetric_BB_contact_survival,antisymmetric_nac_bb,Any 1 antisymmetric NAC BB,chain_pair,all,largest_cluster,93000.0,0.009425832795571782,0.001634383707971249,1934.4791075070375,9347.442116882818,7052.98641091508,0.8,8.0,100.0,61,95,3
G2_Wcluster_alhx700,$\mathrm{Hel}_{50}$,NAC_antisymmetric_BB_contact_survival,antisymmetric_nac_bb,Any 1 antisymmetric NAC BB,chain_pair,all,largest_cluster,94000.0,0.009425832795571782,0.001634383707971249,1934.4791075070375,9347.442116882818,7052.98641091508,0.8,8.0,100.0,61,95,3
G2_Wcluster_alhx700,$\mathrm{Hel}_{50}$,NAC_antisymmetric_BB_contact_survival,antisymmetric_nac_bb,Any 1 antisymmetric NAC BB,chain_pair,all,largest_cluster,95000.0,0.009380051538418461,0.0015714750757669788,1934.4791075070375,9347.442116882818,7052.98641091508,0.8,8.0,100.0,61,95,3
G2_Wcluster_alhx700,$\mathrm{Hel}_{50}$,NAC_antisymmetric_BB_contact_survival,antisymmetric_nac_bb,Any 1 antisymmetric NAC BB,chain_pair,all,largest_cluster,96000.0,0.009261300796226321,0.0016923604927669364,1934.4791075070375,9347.442116882818,7052.98641091508,0.8,8.0,100.0,61,95,3
G2_Wcluster_alhx700,$\mathrm{Hel}_{50}$,NAC_antisymmetric_BB_contact_survival,antisymmetric_nac_bb,Any 1 antisymmetric NAC BB,chain_pair,all,largest_cluster,97000.0,0.009167045647538825,0.0017248978296407706,1934.4791075070375,9347.442116882818,7052.98641091508,0.8,8.0,100.0,61,95,3
G2_Wcluster_alhx700,$\mathrm{Hel}_{50}$,NAC_antisymmetric_BB_contact_survival,antisymmetric_nac_bb,Any 1 antisymmetric NAC BB,chain_pair,all,largest_cluster,98000.0,0.009121264390385504,0.0016620699957190478,1934.4791075070375,9347.442116882818,7052.98641091508,0.8,8.0,100.0,61,95,3
G2_Wcluster_alhx700,$\mathrm{Hel}_{50}$,NAC_antisymmetric_BB_contact_survival,antisymmetric_nac_bb,Any 1 antisymmetric NAC BB,chain_pair,all,largest_cluster,99000.0,0.00897032650498279,0.0015977988531249003,1934.4791075070375,9347.442116882818,7052.98641091508,0.8,8.0,100.0,61,95,3
G2_Wcluster_alhx700,$\mathrm{Hel}_{50}$,NAC_antisymmetric_BB_contact_survival,antisymmetric_nac_bb,Any 1 antisymmetric NAC BB,chain_pair,all,largest_cluster,100000.0,0.008831636416332401,0.0014889360209222582,1934.4791075070375,9347.442116882818,7052.98641091508,0.8,8.0,100.0,61,95,3
G2_Wcluster_alhx700,$\mathrm{Hel}_{50}$,NAC_antisymmetric_BB_contact_survival,antisymmetric_nac_bb,Any 1 antisymmetric NAC BB,chain_pair,all,largest_cluster,101000.0,0.00869160001049158,0.001462128516689867,1934.4791075070375,9347.442116882818,7052.98641091508,0.8,8.0,100.0,61,95,3
G2_Wcluster_alhx700,$\mathrm{Hel}_{50}$,NAC_antisymmetric_BB_contact_survival,antisymmetric_nac_bb,Any 1 antisymmetric NAC BB,chain_pair,all,largest_cluster,102000.0,0.008644472436147833,0.0014838817476605607,1934.4791075070375,9347.442116882818,7052.98641091508,0.8,8.0,100.0,61,95,3
G2_Wcluster_alhx700,$\mathrm{Hel}_{50}$,NAC_antisymmetric_BB_contact_survival,antisymmetric_nac_bb,Any 1 antisymmetric NAC BB,chain_pair,all,largest_cluster,103000.0,0.008478594119611944,0.0016156874979232475,1934.4791075070375,9347.442116882818,7052.98641091508,0.8,8.0,100.0,61,95,3
G2_Wcluster_alhx700,$\mathrm{Hel}_{50}$,NAC_antisymmetric_BB_contact_survival,antisymmetric_nac_bb,Any 1 antisymmetric NAC BB,chain_pair,all,largest_cluster,104000.0,0.008432812862458623,0.0015524390913255533,1934.4791075070375,9347.442116882818,7052.98641091508,0.8,8.0,100.0,61,95,3
G2_Wcluster_alhx700,$\mathrm{Hel}_{50}$,NAC_antisymmetric_BB_contact_survival,antisymmetric_nac_bb,Any 1 antisymmetric NAC BB,chain_pair,all,largest_cluster,105000.0,0.008387031605305302,0.0014893192631642443,1934.4791075070375,9347.442116882818,7052.98641091508,0.8,8.0,100.0,61,95,3
G2_Wcluster_alhx700,$\mathrm{Hel}_{50}$,NAC_antisymmetric_BB_contact_survival,antisymmetric_nac_bb,Any 1 antisymmetric NAC BB,chain_pair,all,largest_cluster,106000.0,0.008387031605305302,0.0014893192631642443,1934.4791075070375,9347.442116882818,7052.98641091508,0.8,8.0,100.0,61,95,3
G2_Wcluster_alhx700,$\mathrm{Hel}_{50}$,NAC_antisymmetric_BB_contact_survival,antisymmetric_nac_bb,Any 1 antisymmetric NAC BB,chain_pair,all,largest_cluster,107000.0,0.00823609371990259,0.0014235254416703222,1934.4791075070375,9347.442116882818,7052.98641091508,0.8,8.0,100.0,61,95,3
G2_Wcluster_alhx700,$\mathrm{Hel}_{50}$,NAC_antisymmetric_BB_contact_survival,antisymmetric_nac_bb,Any 1 antisymmetric NAC BB,chain_pair,all,largest_cluster,108000.0,0.0080974036312522,0.0013150742126529051,1934.4791075070375,9347.442116882818,7052.98641091508,0.8,8.0,100.0,61,95,3
G2_Wcluster_alhx700,$\mathrm{Hel}_{50}$,NAC_antisymmetric_BB_contact_survival,antisymmetric_nac_bb,Any 1 antisymmetric NAC BB,chain_pair,all,largest_cluster,109000.0,0.0080974036312522,0.0013150742126529051,1934.4791075070375,9347.442116882818,7052.98641091508,0.8,8.0,100.0,61,95,3
G2_Wcluster_alhx700,$\mathrm{Hel}_{50}$,NAC_antisymmetric_BB_contact_survival,antisymmetric_nac_bb,Any 1 antisymmetric NAC BB,chain_pair,all,largest_cluster,110000.0,0.008051622374098878,0.0012528334736932425,1934.4791075070375,9347.442116882818,7052.98641091508,0.8,8.0,100.0,61,95,3
G2_Wcluster_alhx700,$\mathrm{Hel}_{50}$,NAC_antisymmetric_BB_contact_survival,antisymmetric_nac_bb,Any 1 antisymmetric NAC BB,chain_pair,all,largest_cluster,111000.0,0.007958713542601808,0.0012073003018491315,1934.4791075070375,9347.442116882818,7052.98641091508,0.8,8.0,100.0,61,95,3
G2_Wcluster_alhx700,$\mathrm{Hel}_{50}$,NAC_antisymmetric_BB_contact_survival,antisymmetric_nac_bb,Any 1 antisymmetric NAC BB,chain_pair,all,largest_cluster,112000.0,0.0077348061721602785,0.0013346377994632747,1934.4791075070375,9347.442116882818,7052.98641091508,0.8,8.0,100.0,61,95,3
G2_Wcluster_alhx700,$\mathrm{Hel}_{50}$,NAC_antisymmetric_BB_contact_survival,antisymmetric_nac_bb,Any 1 antisymmetric NAC BB,chain_pair,all,largest_cluster,113000.0,0.007629649543910887,0.0013437793238285792,1934.4791075070375,9347.442116882818,7052.98641091508,0.8,8.0,100.0,61,95,3
G2_Wcluster_alhx700,$\mathrm{Hel}_{50}$,NAC_antisymmetric_BB_contact_survival,antisymmetric_nac_bb,Any 1 antisymmetric NAC BB,chain_pair,all,largest_cluster,114000.0,0.007538087029604244,0.001228583114365517,1934.4791075070375,9347.442116882818,7052.98641091508,0.8,8.0,100.0,61,95,3
G2_Wcluster_alhx700,$\mathrm{Hel}_{50}$,NAC_antisymmetric_BB_contact_survival,antisymmetric_nac_bb,Any 1 antisymmetric NAC BB,chain_pair,all,largest_cluster,115000.0,0.007446524515297602,0.0011165235522654993,1934.4791075070375,9347.442116882818,7052.98641091508,0.8,8.0,100.0,61,95,3
G2_Wcluster_alhx700,$\mathrm{Hel}_{50}$,NAC_antisymmetric_BB_contact_survival,antisymmetric_nac_bb,Any 1 antisymmetric NAC BB,chain_pair,all,largest_cluster,116000.0,0.007353615683800531,0.0010599642048922484,1934.4791075070375,9347.442116882818,7052.98641091508,0.8,8.0,100.0,61,95,3
G2_Wcluster_alhx700,$\mathrm{Hel}_{50}$,NAC_antisymmetric_BB_contact_survival,antisymmetric_nac_bb,Any 1 antisymmetric NAC BB,chain_pair,all,largest_cluster,117000.0,0.007306488109456783,0.0010621335573397853,1934.4791075070375,9347.442116882818,7052.98641091508,0.8,8.0,100.0,61,95,3
G2_Wcluster_alhx700,$\mathrm{Hel}_{50}$,NAC_antisymmetric_BB_contact_survival,antisymmetric_nac_bb,Any 1 antisymmetric NAC BB,chain_pair,all,largest_cluster,118000.0,0.007306488109456783,0.0010621335573397853,1934.4791075070375,9347.442116882818,7052.98641091508,0.8,8.0,100.0,61,95,3
G2_Wcluster_alhx700,$\mathrm{Hel}_{50}$,NAC_antisymmetric_BB_contact_survival,antisymmetric_nac_bb,Any 1 antisymmetric NAC BB,chain_pair,all,largest_cluster,119000.0,0.007306488109456783,0.0010621335573397853,1934.4791075070375,9347.442116882818,7052.98641091508,0.8,8.0,100.0,61,95,3
G2_Wcluster_alhx700,$\mathrm{Hel}_{50}$,NAC_antisymmetric_BB_contact_survival,antisymmetric_nac_bb,Any 1 antisymmetric NAC BB,chain_pair,all,largest_cluster,120000.0,0.007247112738360714,0.0011329787162601573,1934.4791075070375,9347.442116882818,7052.98641091508,0.8,8.0,100.0,61,95,3
G2_Wcluster_alhx700,$\mathrm{Hel}_{50}$,NAC_antisymmetric_BB_contact_survival,antisymmetric_nac_bb,Any 1 antisymmetric NAC BB,chain_pair,all,largest_cluster,121000.0,0.0071877373672646445,0.0012055105093448776,1934.4791075070375,9347.442116882818,7052.98641091508,0.8,8.0,100.0,61,95,3
G2_Wcluster_alhx700,$\mathrm{Hel}_{50}$,NAC_antisymmetric_BB_contact_survival,antisymmetric_nac_bb,Any 1 antisymmetric NAC BB,chain_pair,all,largest_cluster,122000.0,0.007141956110111323,0.0011503545780345357,1934.4791075070375,9347.442116882818,7052.98641091508,0.8,8.0,100.0,61,95,3
G2_Wcluster_alhx700,$\mathrm{Hel}_{50}$,NAC_antisymmetric_BB_contact_survival,antisymmetric_nac_bb,Any 1 antisymmetric NAC BB,chain_pair,all,largest_cluster,123000.0,0.0070961748529580005,0.0010962478808623694,1934.4791075070375,9347.442116882818,7052.98641091508,0.8,8.0,100.0,61,95,3
G2_Wcluster_alhx700,$\mathrm{Hel}_{50}$,NAC_antisymmetric_BB_contact_survival,antisymmetric_nac_bb,Any 1 antisymmetric NAC BB,chain_pair,all,largest_cluster,124000.0,0.006989671907518184,0.001167334966714007,1934.4791075070375,9347.442116882818,7052.98641091508,0.8,8.0,100.0,61,95,3
G2_Wcluster_alhx700,$\mathrm{Hel}_{50}$,NAC_antisymmetric_BB_contact_survival,antisymmetric_nac_bb,Any 1 antisymmetric NAC BB,chain_pair,all,largest_cluster,125000.0,0.006849635501677366,0.001110812631183421,1934.4791075070375,9347.442116882818,7052.98641091508,0.8,8.0,100.0,61,95,3
G2_Wcluster_alhx700,$\mathrm{Hel}_{50}$,NAC_antisymmetric_BB_contact_survival,antisymmetric_nac_bb,Any 1 antisymmetric NAC BB,chain_pair,all,largest_cluster,126000.0,0.006849635501677366,0.001110812631183421,1934.4791075070375,9347.442116882818,7052.98641091508,0.8,8.0,100.0,61,95,3
G2_Wcluster_alhx700,$\mathrm{Hel}_{50}$,NAC_antisymmetric_BB_contact_survival,antisymmetric_nac_bb,Any 1 antisymmetric NAC BB,chain_pair,all,largest_cluster,127000.0,0.006849635501677366,0.001110812631183421,1934.4791075070375,9347.442116882818,7052.98641091508,0.8,8.0,100.0,61,95,3
G2_Wcluster_alhx700,$\mathrm{Hel}_{50}$,NAC_antisymmetric_BB_contact_survival,antisymmetric_nac_bb,Any 1 antisymmetric NAC BB,chain_pair,all,largest_cluster,128000.0,0.0067122917302174,0.0009431561289126883,1934.4791075070375,9347.442116882818,7052.98641091508,0.8,8.0,100.0,61,95,3
G2_Wcluster_alhx700,$\mathrm{Hel}_{50}$,NAC_antisymmetric_BB_contact_survival,antisymmetric_nac_bb,Any 1 antisymmetric NAC BB,chain_pair,all,largest_cluster,129000.0,0.006652916359121332,0.001018799845310444,1934.4791075070375,9347.442116882818,7052.98641091508,0.8,8.0,100.0,61,95,3
G2_Wcluster_alhx700,$\mathrm{Hel}_{50}$,NAC_antisymmetric_BB_contact_survival,antisymmetric_nac_bb,Any 1 antisymmetric NAC BB,chain_pair,all,largest_cluster,130000.0,0.006560007527624261,0.0009602317532556895,1934.4791075070375,9347.442116882818,7052.98641091508,0.8,8.0,100.0,61,95,3
G2_Wcluster_alhx700,$\mathrm{Hel}_{50}$,NAC_antisymmetric_BB_contact_survival,antisymmetric_nac_bb,Any 1 antisymmetric NAC BB,chain_pair,all,largest_cluster,131000.0,0.006500632156528192,0.0010361097467615165,1934.4791075070375,9347.442116882818,7052.98641091508,0.8,8.0,100.0,61,95,3
G2_Wcluster_alhx700,$\mathrm{Hel}_{50}$,NAC_antisymmetric_BB_contact_survival,antisymmetric_nac_bb,Any 1 antisymmetric NAC BB,chain_pair,all,largest_cluster,132000.0,0.006441256785432122,0.001113150274436977,1934.4791075070375,9347.442116882818,7052.98641091508,0.8,8.0,100.0,61,95,3
G2_Wcluster_alhx700,$\mathrm{Hel}_{50}$,NAC_antisymmetric_BB_contact_survival,antisymmetric_nac_bb,Any 1 antisymmetric NAC BB,chain_pair,all,largest_cluster,133000.0,0.0063012203795913034,0.0010486062883819955,1934.4791075070375,9347.442116882818,7052.98641091508,0.8,8.0,100.0,61,95,3
G2_Wcluster_alhx700,$\mathrm{Hel}_{50}$,NAC_antisymmetric_BB_contact_survival,antisymmetric_nac_bb,Any 1 antisymmetric NAC BB,chain_pair,all,largest_cluster,134000.0,0.006209657865284661,0.00094177714141001,1934.4791075070375,9347.442116882818,7052.98641091508,0.8,8.0,100.0,61,95,3
G2_Wcluster_alhx700,$\mathrm{Hel}_{50}$,NAC_antisymmetric_BB_contact_survival,antisymmetric_nac_bb,Any 1 antisymmetric NAC BB,chain_pair,all,largest_cluster,135000.0,0.00616387660813134,0.0008906201452615553,1934.4791075070375,9347.442116882818,7052.98641091508,0.8,8.0,100.0,61,95,3
G2_Wcluster_alhx700,$\mathrm{Hel}_{50}$,NAC_antisymmetric_BB_contact_survival,antisymmetric_nac_bb,Any 1 antisymmetric NAC BB,chain_pair,all,largest_cluster,136000.0,0.00616387660813134,0.0008906201452615553,1934.4791075070375,9347.442116882818,7052.98641091508,0.8,8.0,100.0,61,95,3
G2_Wcluster_alhx700,$\mathrm{Hel}_{50}$,NAC_antisymmetric_BB_contact_survival,antisymmetric_nac_bb,Any 1 antisymmetric NAC BB,chain_pair,all,largest_cluster,137000.0,0.006118095350978019,0.000841337028921925,1934.4791075070375,9347.442116882818,7052.98641091508,0.8,8.0,100.0,61,95,3
G2_Wcluster_alhx700,$\mathrm{Hel}_{50}$,NAC_antisymmetric_BB_contact_survival,antisymmetric_nac_bb,Any 1 antisymmetric NAC BB,chain_pair,all,largest_cluster,138000.0,0.006072314093824698,0.000794276679344663,1934.4791075070375,9347.442116882818,7052.98641091508,0.8,8.0,100.0,61,95,3
G2_Wcluster_alhx700,$\mathrm{Hel}_{50}$,NAC_antisymmetric_BB_contact_survival,antisymmetric_nac_bb,Any 1 antisymmetric NAC BB,chain_pair,all,largest_cluster,139000.0,0.0059349703223647325,0.0006710141197132492,1934.4791075070375,9347.442116882818,7052.98641091508,0.8,8.0,100.0,61,95,3
G2_Wcluster_alhx700,$\mathrm{Hel}_{50}$,NAC_antisymmetric_BB_contact_survival,antisymmetric_nac_bb,Any 1 antisymmetric NAC BB,chain_pair,all,largest_cluster,140000.0,0.0059349703223647325,0.0006710141197132492,1934.4791075070375,9347.442116882818,7052.98641091508,0.8,8.0,100.0,61,95,3
G2_Wcluster_alhx700,$\mathrm{Hel}_{50}$,NAC_antisymmetric_BB_contact_survival,antisymmetric_nac_bb,Any 1 antisymmetric NAC BB,chain_pair,all,largest_cluster,141000.0,0.005889189065211411,0.0006378261299717783,1934.4791075070375,9347.442116882818,7052.98641091508,0.8,8.0,100.0,61,95,3
G2_Wcluster_alhx700,$\mathrm{Hel}_{50}$,NAC_antisymmetric_BB_contact_survival,antisymmetric_nac_bb,Any 1 antisymmetric NAC BB,chain_pair,all,largest_cluster,142000.0,0.005797626550904769,0.0005874501686047053,1934.4791075070375,9347.442116882818,7052.98641091508,0.8,8.0,100.0,61,95,3
G2_Wcluster_alhx700,$\mathrm{Hel}_{50}$,NAC_antisymmetric_BB_contact_survival,antisymmetric_nac_bb,Any 1 antisymmetric NAC BB,chain_pair,all,largest_cluster,143000.0,0.005751845293751448,0.0005716738632230692,1934.4791075070375,9347.442116882818,7052.98641091508,0.8,8.0,100.0,61,95,3
G2_Wcluster_alhx700,$\mathrm{Hel}_{50}$,NAC_antisymmetric_BB_contact_survival,antisymmetric_nac_bb,Any 1 antisymmetric NAC BB,chain_pair,all,largest_cluster,144000.0,0.005706064036598127,0.0005629458279597019,1934.4791075070375,9347.442116882818,7052.98641091508,0.8,8.0,100.0,61,95,3
G2_Wcluster_alhx700,$\mathrm{Hel}_{50}$,NAC_antisymmetric_BB_contact_survival,antisymmetric_nac_bb,Any 1 antisymmetric NAC BB,chain_pair,all,largest_cluster,145000.0,0.005611808887910627,0.0004593293343577311,1934.4791075070375,9347.442116882818,7052.98641091508,0.8,8.0,100.0,61,95,3
G2_Wcluster_alhx700,$\mathrm{Hel}_{50}$,NAC_antisymmetric_BB_contact_survival,antisymmetric_nac_bb,Any 1 antisymmetric NAC BB,chain_pair,all,largest_cluster,146000.0,0.005611808887910627,0.0004593293343577311,1934.4791075070375,9347.442116882818,7052.98641091508,0.8,8.0,100.0,61,95,3
G2_Wcluster_alhx700,$\mathrm{Hel}_{50}$,NAC_antisymmetric_BB_contact_survival,antisymmetric_nac_bb,Any 1 antisymmetric NAC BB,chain_pair,all,largest_cluster,147000.0,0.005425991224916489,0.00033379504030118086,1934.4791075070375,9347.442116882818,7052.98641091508,0.8,8.0,100.0,61,95,3
G2_Wcluster_alhx700,$\mathrm{Hel}_{50}$,NAC_antisymmetric_BB_contact_survival,antisymmetric_nac_bb,Any 1 antisymmetric NAC BB,chain_pair,all,largest_cluster,148000.0,0.00536661585382042,0.0004129618081764999,1934.4791075070375,9347.442116882818,7052.98641091508,0.8,8.0,100.0,61,95,3
G2_Wcluster_alhx700,$\mathrm{Hel}_{50}$,NAC_antisymmetric_BB_contact_survival,antisymmetric_nac_bb,Any 1 antisymmetric NAC BB,chain_pair,all,largest_cluster,149000.0,0.00536661585382042,0.0004129618081764999,1934.4791075070375,9347.442116882818,7052.98641091508,0.8,8.0,100.0,61,95,3
G2_Wcluster_alhx700,$\mathrm{Hel}_{50}$,NAC_antisymmetric_BB_contact_survival,antisymmetric_nac_bb,Any 1 antisymmetric NAC BB,chain_pair,all,largest_cluster,150000.0,0.00536661585382042,0.0004129618081764999,1934.4791075070375,9347.442116882818,7052.98641091508,0.8,8.0,100.0,61,95,3
G2_Wcluster_alhx700,$\mathrm{Hel}_{50}$,NAC_antisymmetric_BB_contact_survival,antisymmetric_nac_bb,Any 1 antisymmetric NAC BB,chain_pair,all,largest_cluster,151000.0,0.005319488279476671,0.0003666641705466925,1934.4791075070375,9347.442116882818,7052.98641091508,0.8,8.0,100.0,61,95,3
G2_Wcluster_alhx700,$\mathrm{Hel}_{50}$,NAC_antisymmetric_BB_contact_survival,antisymmetric_nac_bb,Any 1 antisymmetric NAC BB,chain_pair,all,largest_cluster,152000.0,0.005319488279476671,0.0003666641705466925,1934.4791075070375,9347.442116882818,7052.98641091508,0.8,8.0,100.0,61,95,3
G2_Wcluster_alhx700,$\mathrm{Hel}_{50}$,NAC_antisymmetric_BB_contact_survival,antisymmetric_nac_bb,Any 1 antisymmetric NAC BB,chain_pair,all,largest_cluster,153000.0,0.00527370702232335,0.00035025496584648453,1934.4791075070375,9347.442116882818,7052.98641091508,0.8,8.0,100.0,61,95,3
G2_Wcluster_alhx700,$\mathrm{Hel}_{50}$,NAC_antisymmetric_BB_contact_survival,antisymmetric_nac_bb,Any 1 antisymmetric NAC BB,chain_pair,all,largest_cluster,154000.0,0.00521433165122728,0.0004299600135565656,1934.4791075070375,9347.442116882818,7052.98641091508,0.8,8.0,100.0,61,95,3
G2_Wcluster_alhx700,$\mathrm{Hel}_{50}$,NAC_antisymmetric_BB_contact_survival,antisymmetric_nac_bb,Any 1 antisymmetric NAC BB,chain_pair,all,largest_cluster,155000.0,0.005168550394073958,0.0004195815488742305,1934.4791075070375,9347.442116882818,7052.98641091508,0.8,8.0,100.0,61,95,3
G2_Wcluster_alhx700,$\mathrm{Hel}_{50}$,NAC_antisymmetric_BB_contact_survival,antisymmetric_nac_bb,Any 1 antisymmetric NAC BB,chain_pair,all,largest_cluster,156000.0,0.00512142281973021,0.00036689398377307995,1934.4791075070375,9347.442116882818,7052.98641091508,0.8,8.0,100.0,61,95,3
G2_Wcluster_alhx700,$\mathrm{Hel}_{50}$,NAC_antisymmetric_BB_contact_survival,antisymmetric_nac_bb,Any 1 antisymmetric NAC BB,chain_pair,all,largest_cluster,157000.0,0.005074295245386461,0.0003194647829670214,1934.4791075070375,9347.442116882818,7052.98641091508,0.8,8.0,100.0,61,95,3
G2_Wcluster_alhx700,$\mathrm{Hel}_{50}$,NAC_antisymmetric_BB_contact_survival,antisymmetric_nac_bb,Any 1 antisymmetric NAC BB,chain_pair,all,largest_cluster,158000.0,0.005027167671042713,0.0002799791650061722,1934.4791075070375,9347.442116882818,7052.98641091508,0.8,8.0,100.0,61,95,3
G2_Wcluster_alhx700,$\mathrm{Hel}_{50}$,NAC_antisymmetric_BB_contact_survival,antisymmetric_nac_bb,Any 1 antisymmetric NAC BB,chain_pair,all,largest_cluster,159000.0,0.005027167671042713,0.0002799791650061722,1934.4791075070375,9347.442116882818,7052.98641091508,0.8,8.0,100.0,61,95,3
G2_Wcluster_alhx700,$\mathrm{Hel}_{50}$,NAC_antisymmetric_BB_contact_survival,antisymmetric_nac_bb,Any 1 antisymmetric NAC BB,chain_pair,all,largest_cluster,160000.0,0.0049813864138893915,0.00025497006130442696,1934.4791075070375,9347.442116882818,7052.98641091508,0.8,8.0,100.0,61,95,3
G2_Wcluster_alhx700,$\mathrm{Hel}_{50}$,NAC_antisymmetric_BB_contact_survival,antisymmetric_nac_bb,Any 1 antisymmetric NAC BB,chain_pair,all,largest_cluster,161000.0,0.004889823899582749,0.00025180074044391803,1934.4791075070375,9347.442116882818,7052.98641091508,0.8,8.0,100.0,61,95,3
G2_Wcluster_alhx700,$\mathrm{Hel}_{50}$,NAC_antisymmetric_BB_contact_survival,antisymmetric_nac_bb,Any 1 antisymmetric NAC BB,chain_pair,all,largest_cluster,162000.0,0.004889823899582749,0.00025180074044391803,1934.4791075070375,9347.442116882818,7052.98641091508,0.8,8.0,100.0,61,95,3
G2_Wcluster_alhx700,$\mathrm{Hel}_{50}$,NAC_antisymmetric_BB_contact_survival,antisymmetric_nac_bb,Any 1 antisymmetric NAC BB,chain_pair,all,largest_cluster,163000.0,0.00483044852848668,0.0003180517056420837,1934.4791075070375,9347.442116882818,7052.98641091508,0.8,8.0,100.0,61,95,3
G2_Wcluster_alhx700,$\mathrm{Hel}_{50}$,NAC_antisymmetric_BB_contact_survival,antisymmetric_nac_bb,Any 1 antisymmetric NAC BB,chain_pair,all,largest_cluster,164000.0,0.00483044852848668,0.0003180517056420837,1934.4791075070375,9347.442116882818,7052.98641091508,0.8,8.0,100.0,61,95,3
G2_Wcluster_alhx700,$\mathrm{Hel}_{50}$,NAC_antisymmetric_BB_contact_survival,antisymmetric_nac_bb,Any 1 antisymmetric NAC BB,chain_pair,all,largest_cluster,165000.0,0.00483044852848668,0.0003180517056420837,1934.4791075070375,9347.442116882818,7052.98641091508,0.8,8.0,100.0,61,95,3
G2_Wcluster_alhx700,$\mathrm{Hel}_{50}$,NAC_antisymmetric_BB_contact_survival,antisymmetric_nac_bb,Any 1 antisymmetric NAC BB,chain_pair,all,largest_cluster,166000.0,0.004723945583046862,0.0003377695851907245,1934.4791075070375,9347.442116882818,7052.98641091508,0.8,8.0,100.0,61,95,3
G2_Wcluster_alhx700,$\mathrm{Hel}_{50}$,NAC_antisymmetric_BB_contact_survival,antisymmetric_nac_bb,Any 1 antisymmetric NAC BB,chain_pair,all,largest_cluster,167000.0,0.004723945583046862,0.0003377695851907245,1934.4791075070375,9347.442116882818,7052.98641091508,0.8,8.0,100.0,61,95,3
G2_Wcluster_alhx700,$\mathrm{Hel}_{50}$,NAC_antisymmetric_BB_contact_survival,antisymmetric_nac_bb,Any 1 antisymmetric NAC BB,chain_pair,all,largest_cluster,168000.0,0.00467816432589354,0.00033267482374148397,1934.4791075070375,9347.442116882818,7052.98641091508,0.8,8.0,100.0,61,95,3
G2_Wcluster_alhx700,$\mathrm{Hel}_{50}$,NAC_antisymmetric_BB_contact_survival,antisymmetric_nac_bb,Any 1 antisymmetric NAC BB,chain_pair,all,largest_cluster,169000.0,0.00467816432589354,0.00033267482374148397,1934.4791075070375,9347.442116882818,7052.98641091508,0.8,8.0,100.0,61,95,3
G2_Wcluster_alhx700,$\mathrm{Hel}_{50}$,NAC_antisymmetric_BB_contact_survival,antisymmetric_nac_bb,Any 1 antisymmetric NAC BB,chain_pair,all,largest_cluster,170000.0,0.004539474237243149,0.0002932698059806299,1934.4791075070375,9347.442116882818,7052.98641091508,0.8,8.0,100.0,61,95,3
G2_Wcluster_alhx700,$\mathrm{Hel}_{50}$,NAC_antisymmetric_BB_contact_survival,antisymmetric_nac_bb,Any 1 antisymmetric NAC BB,chain_pair,all,largest_cluster,171000.0,0.004539474237243149,0.0002932698059806299,1934.4791075070375,9347.442116882818,7052.98641091508,0.8,8.0,100.0,61,95,3
G2_Wcluster_alhx700,$\mathrm{Hel}_{50}$,NAC_antisymmetric_BB_contact_survival,antisymmetric_nac_bb,Any 1 antisymmetric NAC BB,chain_pair,all,largest_cluster,172000.0,0.004493692980089827,0.00032160128676640167,1934.4791075070375,9347.442116882818,7052.98641091508,0.8,8.0,100.0,61,95,3
G2_Wcluster_alhx700,$\mathrm{Hel}_{50}$,NAC_antisymmetric_BB_contact_survival,antisymmetric_nac_bb,Any 1 antisymmetric NAC BB,chain_pair,all,largest_cluster,173000.0,0.004493692980089827,0.00032160128676640167,1934.4791075070375,9347.442116882818,7052.98641091508,0.8,8.0,100.0,61,95,3
G2_Wcluster_alhx700,$\mathrm{Hel}_{50}$,NAC_antisymmetric_BB_contact_survival,antisymmetric_nac_bb,Any 1 antisymmetric NAC BB,chain_pair,all,largest_cluster,174000.0,0.004493692980089827,0.00032160128676640167,1934.4791075070375,9347.442116882818,7052.98641091508,0.8,8.0,100.0,61,95,3
G2_Wcluster_alhx700,$\mathrm{Hel}_{50}$,NAC_antisymmetric_BB_contact_survival,antisymmetric_nac_bb,Any 1 antisymmetric NAC BB,chain_pair,all,largest_cluster,175000.0,0.004446565405746079,0.0002549732708164141,1934.4791075070375,9347.442116882818,7052.98641091508,0.8,8.0,100.0,61,95,3
G2_Wcluster_alhx700,$\mathrm{Hel}_{50}$,NAC_antisymmetric_BB_contact_survival,antisymmetric_nac_bb,Any 1 antisymmetric NAC BB,chain_pair,all,largest_cluster,176000.0,0.004446565405746079,0.0002549732708164141,1934.4791075070375,9347.442116882818,7052.98641091508,0.8,8.0,100.0,61,95,3
G2_Wcluster_alhx700,$\mathrm{Hel}_{50}$,NAC_antisymmetric_BB_contact_survival,antisymmetric_nac_bb,Any 1 antisymmetric NAC BB,chain_pair,all,largest_cluster,177000.0,0.004446565405746079,0.0002549732708164141,1934.4791075070375,9347.442116882818,7052.98641091508,0.8,8.0,100.0,61,95,3
G2_Wcluster_alhx700,$\mathrm{Hel}_{50}$,NAC_antisymmetric_BB_contact_survival,antisymmetric_nac_bb,Any 1 antisymmetric NAC BB,chain_pair,all,largest_cluster,178000.0,0.004399437831402331,0.00018835971720603615,1934.4791075070375,9347.442116882818,7052.98641091508,0.8,8.0,100.0,61,95,3
G2_Wcluster_alhx700,$\mathrm{Hel}_{50}$,NAC_antisymmetric_BB_contact_survival,antisymmetric_nac_bb,Any 1 antisymmetric NAC BB,chain_pair,all,largest_cluster,179000.0,0.004399437831402331,0.00018835971720603615,1934.4791075070375,9347.442116882818,7052.98641091508,0.8,8.0,100.0,61,95,3
G2_Wcluster_alhx700,$\mathrm{Hel}_{50}$,NAC_antisymmetric_BB_contact_survival,antisymmetric_nac_bb,Any 1 antisymmetric NAC BB,chain_pair,all,largest_cluster,180000.0,0.004352310257058582,0.00012178436005972766,1934.4791075070375,9347.442116882818,7052.98641091508,0.8,8.0,100.0,61,95,3
G2_Wcluster_alhx700,$\mathrm{Hel}_{50}$,NAC_antisymmetric_BB_contact_survival,antisymmetric_nac_bb,Any 1 antisymmetric NAC BB,chain_pair,all,largest_cluster,181000.0,0.004352310257058582,0.00012178436005972766,1934.4791075070375,9347.442116882818,7052.98641091508,0.8,8.0,100.0,61,95,3
G2_Wcluster_alhx700,$\mathrm{Hel}_{50}$,NAC_antisymmetric_BB_contact_survival,antisymmetric_nac_bb,Any 1 antisymmetric NAC BB,chain_pair,all,largest_cluster,182000.0,0.004305182682714833,5.5385112606900664e-05,1934.4791075070375,9347.442116882818,7052.98641091508,0.8,8.0,100.0,61,95,3
G2_Wcluster_alhx700,$\mathrm{Hel}_{50}$,NAC_antisymmetric_BB_contact_survival,antisymmetric_nac_bb,Any 1 antisymmetric NAC BB,chain_pair,all,largest_cluster,183000.0,0.004212273851217763,6.6452469265723e-05,1934.4791075070375,9347.442116882818,7052.98641091508,0.8,8.0,100.0,61,95,3
G2_Wcluster_alhx700,$\mathrm{Hel}_{50}$,NAC_antisymmetric_BB_contact_survival,antisymmetric_nac_bb,Any 1 antisymmetric NAC BB,chain_pair,all,largest_cluster,184000.0,0.004212273851217763,6.6452469265723e-05,1934.4791075070375,9347.442116882818,7052.98641091508,0.8,8.0,100.0,61,95,3
G2_Wcluster_alhx700,$\mathrm{Hel}_{50}$,NAC_antisymmetric_BB_contact_survival,antisymmetric_nac_bb,Any 1 antisymmetric NAC BB,chain_pair,all,largest_cluster,185000.0,0.004212273851217763,6.6452469265723e-05,1934.4791075070375,9347.442116882818,7052.98641091508,0.8,8.0,100.0,61,95,3
G2_Wcluster_alhx700,$\mathrm{Hel}_{50}$,NAC_antisymmetric_BB_contact_survival,antisymmetric_nac_bb,Any 1 antisymmetric NAC BB,chain_pair,all,largest_cluster,186000.0,0.004212273851217763,6.6452469265723e-05,1934.4791075070375,9347.442116882818,7052.98641091508,0.8,8.0,100.0,61,95,3
G2_Wcluster_alhx700,$\mathrm{Hel}_{50}$,NAC_antisymmetric_BB_contact_survival,antisymmetric_nac_bb,Any 1 antisymmetric NAC BB,chain_pair,all,largest_cluster,187000.0,0.004212273851217763,6.6452469265723e-05,1934.4791075070375,9347.442116882818,7052.98641091508,0.8,8.0,100.0,61,95,3
G2_Wcluster_alhx700,$\mathrm{Hel}_{50}$,NAC_antisymmetric_BB_contact_survival,antisymmetric_nac_bb,Any 1 antisymmetric NAC BB,chain_pair,all,largest_cluster,188000.0,0.004212273851217763,6.6452469265723e-05,1934.4791075070375,9347.442116882818,7052.98641091508,0.8,8.0,100.0,61,95,3
G2_Wcluster_alhx700,$\mathrm{Hel}_{50}$,NAC_antisymmetric_BB_contact_survival,antisymmetric_nac_bb,Any 1 antisymmetric NAC BB,chain_pair,all,largest_cluster,189000.0,0.004165146276874015,7.813423016163326e-05,1934.4791075070375,9347.442116882818,7052.98641091508,0.8,8.0,100.0,61,95,3
G2_Wcluster_alhx700,$\mathrm{Hel}_{50}$,NAC_antisymmetric_BB_contact_survival,antisymmetric_nac_bb,Any 1 antisymmetric NAC BB,chain_pair,all,largest_cluster,190000.0,0.004165146276874015,7.813423016163326e-05,1934.4791075070375,9347.442116882818,7052.98641091508,0.8,8.0,100.0,61,95,3
G2_Wcluster_alhx700,$\mathrm{Hel}_{50}$,NAC_antisymmetric_BB_contact_survival,antisymmetric_nac_bb,Any 1 antisymmetric NAC BB,chain_pair,all,largest_cluster,191000.0,0.004165146276874015,7.813423016163326e-05,1934.4791075070375,9347.442116882818,7052.98641091508,0.8,8.0,100.0,61,95,3
G2_Wcluster_alhx700,$\mathrm{Hel}_{50}$,NAC_antisymmetric_BB_contact_survival,antisymmetric_nac_bb,Any 1 antisymmetric NAC BB,chain_pair,all,largest_cluster,192000.0,0.004118018702530267,0.00012914340180006262,1934.4791075070375,9347.442116882818,7052.98641091508,0.8,8.0,100.0,61,95,3
G2_Wcluster_alhx700,$\mathrm{Hel}_{50}$,NAC_antisymmetric_BB_contact_survival,antisymmetric_nac_bb,Any 1 antisymmetric NAC BB,chain_pair,all,largest_cluster,193000.0,0.004072237445376945,0.0001437351050720798,1934.4791075070375,9347.442116882818,7052.98641091508,0.8,8.0,100.0,61,95,3
G2_Wcluster_alhx700,$\mathrm{Hel}_{50}$,NAC_antisymmetric_BB_contact_survival,antisymmetric_nac_bb,Any 1 antisymmetric NAC BB,chain_pair,all,largest_cluster,194000.0,0.004072237445376945,0.0001437351050720798,1934.4791075070375,9347.442116882818,7052.98641091508,0.8,8.0,100.0,61,95,3
G2_Wcluster_alhx700,$\mathrm{Hel}_{50}$,NAC_antisymmetric_BB_contact_survival,antisymmetric_nac_bb,Any 1 antisymmetric NAC BB,chain_pair,all,largest_cluster,195000.0,0.004012862074280876,6.024344839223906e-05,1934.4791075070375,9347.442116882818,7052.98641091508,0.8,8.0,100.0,61,95,3
G2_Wcluster_alhx700,$\mathrm{Hel}_{50}$,NAC_antisymmetric_BB_contact_survival,antisymmetric_nac_bb,Any 1 antisymmetric NAC BB,chain_pair,all,largest_cluster,196000.0,0.003967080817127554,0.00010275296120543628,1934.4791075070375,9347.442116882818,7052.98641091508,0.8,8.0,100.0,61,95,3
G2_Wcluster_alhx700,$\mathrm{Hel}_{50}$,NAC_antisymmetric_BB_contact_survival,antisymmetric_nac_bb,Any 1 antisymmetric NAC BB,chain_pair,all,largest_cluster,197000.0,0.003921299559974232,0.00016084390888354338,1934.4791075070375,9347.442116882818,7052.98641091508,0.8,8.0,100.0,61,95,3
G2_Wcluster_alhx700,$\mathrm{Hel}_{50}$,NAC_antisymmetric_BB_contact_survival,antisymmetric_nac_bb,Any 1 antisymmetric NAC BB,chain_pair,all,largest_cluster,198000.0,0.003874171985630484,0.000163664487147595,1934.4791075070375,9347.442116882818,7052.98641091508,0.8,8.0,100.0,61,95,3
G2_Wcluster_alhx700,$\mathrm{Hel}_{50}$,NAC_antisymmetric_BB_contact_survival,antisymmetric_nac_bb,Any 1 antisymmetric NAC BB,chain_pair,all,largest_cluster,199000.0,0.003828390728477163,0.00021486561187822567,1934.4791075070375,9347.442116882818,7052.98641091508,0.8,8.0,100.0,61,95,3
G2_Wcluster_alhx700,$\mathrm{Hel}_{50}$,NAC_antisymmetric_BB_contact_survival,antisymmetric_nac_bb,Any 1 antisymmetric NAC BB,chain_pair,all,largest_cluster,200000.0,0.0037826094713238416,0.00027190456415528873,1934.4791075070375,9347.442116882818,7052.98641091508,0.8,8.0,100.0,61,95,3
G2_Wcluster_alhx700,$\mathrm{Hel}_{50}$,NAC_antisymmetric_BB_contact_survival,antisymmetric_nac_bb,Any 1 antisymmetric NAC BB,chain_pair,all,largest_cluster,201000.0,0.0037354818969800928,0.00027404595963223706,1934.4791075070375,9347.442116882818,7052.98641091508,0.8,8.0,100.0,61,95,3
G2_Wcluster_alhx700,$\mathrm{Hel}_{50}$,NAC_antisymmetric_BB_contact_survival,antisymmetric_nac_bb,Any 1 antisymmetric NAC BB,chain_pair,all,largest_cluster,202000.0,0.0037354818969800928,0.00027404595963223706,1934.4791075070375,9347.442116882818,7052.98641091508,0.8,8.0,100.0,61,95,3
G2_Wcluster_alhx700,$\mathrm{Hel}_{50}$,NAC_antisymmetric_BB_contact_survival,antisymmetric_nac_bb,Any 1 antisymmetric NAC BB,chain_pair,all,largest_cluster,203000.0,0.0036883543226363443,0.00029181212625100424,1934.4791075070375,9347.442116882818,7052.98641091508,0.8,8.0,100.0,61,95,3
G2_Wcluster_alhx700,$\mathrm{Hel}_{50}$,NAC_antisymmetric_BB_contact_survival,antisymmetric_nac_bb,Any 1 antisymmetric NAC BB,chain_pair,all,largest_cluster,204000.0,0.0036883543226363443,0.00029181212625100424,1934.4791075070375,9347.442116882818,7052.98641091508,0.8,8.0,100.0,61,95,3
G2_Wcluster_alhx700,$\mathrm{Hel}_{50}$,NAC_antisymmetric_BB_contact_survival,antisymmetric_nac_bb,Any 1 antisymmetric NAC BB,chain_pair,all,largest_cluster,205000.0,0.0036883543226363443,0.00029181212625100424,1934.4791075070375,9347.442116882818,7052.98641091508,0.8,8.0,100.0,61,95,3
G2_Wcluster_alhx700,$\mathrm{Hel}_{50}$,NAC_antisymmetric_BB_contact_survival,antisymmetric_nac_bb,Any 1 antisymmetric NAC BB,chain_pair,all,largest_cluster,206000.0,0.0036883543226363443,0.00029181212625100424,1934.4791075070375,9347.442116882818,7052.98641091508,0.8,8.0,100.0,61,95,3
G2_Wcluster_alhx700,$\mathrm{Hel}_{50}$,NAC_antisymmetric_BB_contact_survival,antisymmetric_nac_bb,Any 1 antisymmetric NAC BB,chain_pair,all,largest_cluster,207000.0,0.0036883543226363443,0.00029181212625100424,1934.4791075070375,9347.442116882818,7052.98641091508,0.8,8.0,100.0,61,95,3
G2_Wcluster_alhx700,$\mathrm{Hel}_{50}$,NAC_antisymmetric_BB_contact_survival,antisymmetric_nac_bb,Any 1 antisymmetric NAC BB,chain_pair,all,largest_cluster,208000.0,0.0036883543226363443,0.00029181212625100424,1934.4791075070375,9347.442116882818,7052.98641091508,0.8,8.0,100.0,61,95,3
G2_Wcluster_alhx700,$\mathrm{Hel}_{50}$,NAC_antisymmetric_BB_contact_survival,antisymmetric_nac_bb,Any 1 antisymmetric NAC BB,chain_pair,all,largest_cluster,209000.0,0.0036883543226363443,0.00029181212625100424,1934.4791075070375,9347.442116882818,7052.98641091508,0.8,8.0,100.0,61,95,3
G2_Wcluster_alhx700,$\mathrm{Hel}_{50}$,NAC_antisymmetric_BB_contact_survival,antisymmetric_nac_bb,Any 1 antisymmetric NAC BB,chain_pair,all,largest_cluster,210000.0,0.0036412267482925954,0.00032263211110739206,1934.4791075070375,9347.442116882818,7052.98641091508,0.8,8.0,100.0,61,95,3
G2_Wcluster_alhx700,$\mathrm{Hel}_{50}$,NAC_antisymmetric_BB_contact_survival,antisymmetric_nac_bb,Any 1 antisymmetric NAC BB,chain_pair,all,largest_cluster,211000.0,0.0036412267482925954,0.00032263211110739206,1934.4791075070375,9347.442116882818,7052.98641091508,0.8,8.0,100.0,61,95,3
G2_Wcluster_alhx700,$\mathrm{Hel}_{50}$,NAC_antisymmetric_BB_contact_survival,antisymmetric_nac_bb,Any 1 antisymmetric NAC BB,chain_pair,all,largest_cluster,212000.0,0.003594099173948847,0.0003631978445175511,1934.4791075070375,9347.442116882818,7052.98641091508,0.8,8.0,100.0,61,95,3
G2_Wcluster_alhx700,$\mathrm{Hel}_{50}$,NAC_antisymmetric_BB_contact_survival,antisymmetric_nac_bb,Any 1 antisymmetric NAC BB,chain_pair,all,largest_cluster,213000.0,0.003594099173948847,0.0003631978445175511,1934.4791075070375,9347.442116882818,7052.98641091508,0.8,8.0,100.0,61,95,3
G2_Wcluster_alhx700,$\mathrm{Hel}_{50}$,NAC_antisymmetric_BB_contact_survival,antisymmetric_nac_bb,Any 1 antisymmetric NAC BB,chain_pair,all,largest_cluster,214000.0,0.003594099173948847,0.0003631978445175511,1934.4791075070375,9347.442116882818,7052.98641091508,0.8,8.0,100.0,61,95,3
G2_Wcluster_alhx700,$\mathrm{Hel}_{50}$,NAC_antisymmetric_BB_contact_survival,antisymmetric_nac_bb,Any 1 antisymmetric NAC BB,chain_pair,all,largest_cluster,215000.0,0.003546971599605099,0.0004106311026467432,1934.4791075070375,9347.442116882818,7052.98641091508,0.8,8.0,100.0,61,95,3
G2_Wcluster_alhx700,$\mathrm{Hel}_{50}$,NAC_antisymmetric_BB_contact_survival,antisymmetric_nac_bb,Any 1 antisymmetric NAC BB,chain_pair,all,largest_cluster,216000.0,0.003546971599605099,0.0004106311026467432,1934.4791075070375,9347.442116882818,7052.98641091508,0.8,8.0,100.0,61,95,3
G2_Wcluster_alhx700,$\mathrm{Hel}_{50}$,NAC_antisymmetric_BB_contact_survival,antisymmetric_nac_bb,Any 1 antisymmetric NAC BB,chain_pair,all,largest_cluster,217000.0,0.003546971599605099,0.0004106311026467432,1934.4791075070375,9347.442116882818,7052.98641091508,0.8,8.0,100.0,61,95,3
G2_Wcluster_alhx700,$\mathrm{Hel}_{50}$,NAC_antisymmetric_BB_contact_survival,antisymmetric_nac_bb,Any 1 antisymmetric NAC BB,chain_pair,all,largest_cluster,218000.0,0.003501190342451777,0.00042800801549418825,1934.4791075070375,9347.442116882818,7052.98641091508,0.8,8.0,100.0,61,95,3
G2_Wcluster_alhx700,$\mathrm{Hel}_{50}$,NAC_antisymmetric_BB_contact_survival,antisymmetric_nac_bb,Any 1 antisymmetric NAC BB,chain_pair,all,largest_cluster,219000.0,0.0034554090852984554,0.00045403470596400516,1934.4791075070375,9347.442116882818,7052.98641091508,0.8,8.0,100.0,61,95,3
G2_Wcluster_alhx700,$\mathrm{Hel}_{50}$,NAC_antisymmetric_BB_contact_survival,antisymmetric_nac_bb,Any 1 antisymmetric NAC BB,chain_pair,all,largest_cluster,220000.0,0.003396033714202386,0.0003701631930057637,1934.4791075070375,9347.442116882818,7052.98641091508,0.8,8.0,100.0,61,95,3
G2_Wcluster_alhx700,$\mathrm{Hel}_{50}$,NAC_antisymmetric_BB_contact_survival,antisymmetric_nac_bb,Any 1 antisymmetric NAC BB,chain_pair,all,largest_cluster,221000.0,0.003396033714202386,0.0003701631930057637,1934.4791075070375,9347.442116882818,7052.98641091508,0.8,8.0,100.0,61,95,3
G2_Wcluster_alhx700,$\mathrm{Hel}_{50}$,NAC_antisymmetric_BB_contact_survival,antisymmetric_nac_bb,Any 1 antisymmetric NAC BB,chain_pair,all,largest_cluster,222000.0,0.003396033714202386,0.0003701631930057637,1934.4791075070375,9347.442116882818,7052.98641091508,0.8,8.0,100.0,61,95,3
G2_Wcluster_alhx700,$\mathrm{Hel}_{50}$,NAC_antisymmetric_BB_contact_survival,antisymmetric_nac_bb,Any 1 antisymmetric NAC BB,chain_pair,all,largest_cluster,223000.0,0.003336658343106317,0.00028634909370174,1934.4791075070375,9347.442116882818,7052.98641091508,0.8,8.0,100.0,61,95,3
G2_Wcluster_alhx700,$\mathrm{Hel}_{50}$,NAC_antisymmetric_BB_contact_survival,antisymmetric_nac_bb,Any 1 antisymmetric NAC BB,chain_pair,all,largest_cluster,224000.0,0.0032772829720102473,0.0002026636529883375,1934.4791075070375,9347.442116882818,7052.98641091508,0.8,8.0,100.0,61,95,3
G2_Wcluster_alhx700,$\mathrm{Hel}_{50}$,NAC_antisymmetric_BB_contact_survival,antisymmetric_nac_bb,Any 1 antisymmetric NAC BB,chain_pair,all,largest_cluster,225000.0,0.003172126343760857,0.0001544187865819689,1934.4791075070375,9347.442116882818,7052.98641091508,0.8,8.0,100.0,61,95,3
G2_Wcluster_alhx700,$\mathrm{Hel}_{50}$,NAC_antisymmetric_BB_contact_survival,antisymmetric_nac_bb,Any 1 antisymmetric NAC BB,chain_pair,all,largest_cluster,226000.0,0.003172126343760857,0.0001544187865819689,1934.4791075070375,9347.442116882818,7052.98641091508,0.8,8.0,100.0,61,95,3
G2_Wcluster_alhx700,$\mathrm{Hel}_{50}$,NAC_antisymmetric_BB_contact_survival,antisymmetric_nac_bb,Any 1 antisymmetric NAC BB,chain_pair,all,largest_cluster,227000.0,0.003172126343760857,0.0001544187865819689,1934.4791075070375,9347.442116882818,7052.98641091508,0.8,8.0,100.0,61,95,3
G2_Wcluster_alhx700,$\mathrm{Hel}_{50}$,NAC_antisymmetric_BB_contact_survival,antisymmetric_nac_bb,Any 1 antisymmetric NAC BB,chain_pair,all,largest_cluster,228000.0,0.003172126343760857,0.0001544187865819689,1934.4791075070375,9347.442116882818,7052.98641091508,0.8,8.0,100.0,61,95,3
G2_Wcluster_alhx700,$\mathrm{Hel}_{50}$,NAC_antisymmetric_BB_contact_survival,antisymmetric_nac_bb,Any 1 antisymmetric NAC BB,chain_pair,all,largest_cluster,229000.0,0.003172126343760857,0.0001544187865819689,1934.4791075070375,9347.442116882818,7052.98641091508,0.8,8.0,100.0,61,95,3
G2_Wcluster_alhx700,$\mathrm{Hel}_{50}$,NAC_antisymmetric_BB_contact_survival,antisymmetric_nac_bb,Any 1 antisymmetric NAC BB,chain_pair,all,largest_cluster,230000.0,0.003172126343760857,0.0001544187865819689,1934.4791075070375,9347.442116882818,7052.98641091508,0.8,8.0,100.0,61,95,3
G2_Wcluster_alhx700,$\mathrm{Hel}_{50}$,NAC_antisymmetric_BB_contact_survival,antisymmetric_nac_bb,Any 1 antisymmetric NAC BB,chain_pair,all,largest_cluster,231000.0,0.003172126343760857,0.0001544187865819689,1934.4791075070375,9347.442116882818,7052.98641091508,0.8,8.0,100.0,61,95,3
G2_Wcluster_alhx700,$\mathrm{Hel}_{50}$,NAC_antisymmetric_BB_contact_survival,antisymmetric_nac_bb,Any 1 antisymmetric NAC BB,chain_pair,all,largest_cluster,232000.0,0.003126345086607535,0.00020450664911566817,1934.4791075070375,9347.442116882818,7052.98641091508,0.8,8.0,100.0,61,95,3
G2_Wcluster_alhx700,$\mathrm{Hel}_{50}$,NAC_antisymmetric_BB_contact_survival,antisymmetric_nac_bb,Any 1 antisymmetric NAC BB,chain_pair,all,largest_cluster,233000.0,0.003126345086607535,0.00020450664911566817,1934.4791075070375,9347.442116882818,7052.98641091508,0.8,8.0,100.0,61,95,3
G2_Wcluster_alhx700,$\mathrm{Hel}_{50}$,NAC_antisymmetric_BB_contact_survival,antisymmetric_nac_bb,Any 1 antisymmetric NAC BB,chain_pair,all,largest_cluster,234000.0,0.003126345086607535,0.00020450664911566817,1934.4791075070375,9347.442116882818,7052.98641091508,0.8,8.0,100.0,61,95,3
G2_Wcluster_alhx700,$\mathrm{Hel}_{50}$,NAC_antisymmetric_BB_contact_survival,antisymmetric_nac_bb,Any 1 antisymmetric NAC BB,chain_pair,all,largest_cluster,235000.0,0.003126345086607535,0.00020450664911566817,1934.4791075070375,9347.442116882818,7052.98641091508,0.8,8.0,100.0,61,95,3
G2_Wcluster_alhx700,$\mathrm{Hel}_{50}$,NAC_antisymmetric_BB_contact_survival,antisymmetric_nac_bb,Any 1 antisymmetric NAC BB,chain_pair,all,largest_cluster,236000.0,0.003126345086607535,0.00020450664911566817,1934.4791075070375,9347.442116882818,7052.98641091508,0.8,8.0,100.0,61,95,3
G2_Wcluster_alhx700,$\mathrm{Hel}_{50}$,NAC_antisymmetric_BB_contact_survival,antisymmetric_nac_bb,Any 1 antisymmetric NAC BB,chain_pair,all,largest_cluster,237000.0,0.003126345086607535,0.00020450664911566817,1934.4791075070375,9347.442116882818,7052.98641091508,0.8,8.0,100.0,61,95,3
G2_Wcluster_alhx700,$\mathrm{Hel}_{50}$,NAC_antisymmetric_BB_contact_survival,antisymmetric_nac_bb,Any 1 antisymmetric NAC BB,chain_pair,all,largest_cluster,238000.0,0.003080563829454214,0.0002611215644900753,1934.4791075070375,9347.442116882818,7052.98641091508,0.8,8.0,100.0,61,95,3
G2_Wcluster_alhx700,$\mathrm{Hel}_{50}$,NAC_antisymmetric_BB_contact_survival,antisymmetric_nac_bb,Any 1 antisymmetric NAC BB,chain_pair,all,largest_cluster,239000.0,0.003080563829454214,0.0002611215644900753,1934.4791075070375,9347.442116882818,7052.98641091508,0.8,8.0,100.0,61,95,3
G2_Wcluster_alhx700,$\mathrm{Hel}_{50}$,NAC_antisymmetric_BB_contact_survival,antisymmetric_nac_bb,Any 1 antisymmetric NAC BB,chain_pair,all,largest_cluster,240000.0,0.003080563829454214,0.0002611215644900753,1934.4791075070375,9347.442116882818,7052.98641091508,0.8,8.0,100.0,61,95,3
G2_Wcluster_alhx700,$\mathrm{Hel}_{50}$,NAC_antisymmetric_BB_contact_survival,antisymmetric_nac_bb,Any 1 antisymmetric NAC BB,chain_pair,all,largest_cluster,241000.0,0.003080563829454214,0.0002611215644900753,1934.4791075070375,9347.442116882818,7052.98641091508,0.8,8.0,100.0,61,95,3
G2_Wcluster_alhx700,$\mathrm{Hel}_{50}$,NAC_antisymmetric_BB_contact_survival,antisymmetric_nac_bb,Any 1 antisymmetric NAC BB,chain_pair,all,largest_cluster,242000.0,0.003080563829454214,0.0002611215644900753,1934.4791075070375,9347.442116882818,7052.98641091508,0.8,8.0,100.0,61,95,3
G2_Wcluster_alhx700,$\mathrm{Hel}_{50}$,NAC_antisymmetric_BB_contact_survival,antisymmetric_nac_bb,Any 1 antisymmetric NAC BB,chain_pair,all,largest_cluster,243000.0,0.003080563829454214,0.0002611215644900753,1934.4791075070375,9347.442116882818,7052.98641091508,0.8,8.0,100.0,61,95,3
G2_Wcluster_alhx700,$\mathrm{Hel}_{50}$,NAC_antisymmetric_BB_contact_survival,antisymmetric_nac_bb,Any 1 antisymmetric NAC BB,chain_pair,all,largest_cluster,244000.0,0.003080563829454214,0.0002611215644900753,1934.4791075070375,9347.442116882818,7052.98641091508,0.8,8.0,100.0,61,95,3
G2_Wcluster_alhx700,$\mathrm{Hel}_{50}$,NAC_antisymmetric_BB_contact_survival,antisymmetric_nac_bb,Any 1 antisymmetric NAC BB,chain_pair,all,largest_cluster,245000.0,0.003080563829454214,0.0002611215644900753,1934.4791075070375,9347.442116882818,7052.98641091508,0.8,8.0,100.0,61,95,3
G2_Wcluster_alhx700,$\mathrm{Hel}_{50}$,NAC_antisymmetric_BB_contact_survival,antisymmetric_nac_bb,Any 1 antisymmetric NAC BB,chain_pair,all,largest_cluster,246000.0,0.003080563829454214,0.0002611215644900753,1934.4791075070375,9347.442116882818,7052.98641091508,0.8,8.0,100.0,61,95,3
G2_Wcluster_alhx700,$\mathrm{Hel}_{50}$,NAC_antisymmetric_BB_contact_survival,antisymmetric_nac_bb,Any 1 antisymmetric NAC BB,chain_pair,all,largest_cluster,247000.0,0.003080563829454214,0.0002611215644900753,1934.4791075070375,9347.442116882818,7052.98641091508,0.8,8.0,100.0,61,95,3
G2_Wcluster_alhx700,$\mathrm{Hel}_{50}$,NAC_antisymmetric_BB_contact_survival,antisymmetric_nac_bb,Any 1 antisymmetric NAC BB,chain_pair,all,largest_cluster,248000.0,0.0029876549979571437,0.0003166109216455568,1934.4791075070375,9347.442116882818,7052.98641091508,0.8,8.0,100.0,61,95,3
G2_Wcluster_alhx700,$\mathrm{Hel}_{50}$,NAC_antisymmetric_BB_contact_survival,antisymmetric_nac_bb,Any 1 antisymmetric NAC BB,chain_pair,all,largest_cluster,249000.0,0.0029876549979571437,0.0003166109216455568,1934.4791075070375,9347.442116882818,7052.98641091508,0.8,8.0,100.0,61,95,3
G2_Wcluster_alhx700,$\mathrm{Hel}_{50}$,NAC_antisymmetric_BB_contact_survival,antisymmetric_nac_bb,Any 1 antisymmetric NAC BB,chain_pair,all,largest_cluster,250000.0,0.0029876549979571437,0.0003166109216455568,1934.4791075070375,9347.442116882818,7052.98641091508,0.8,8.0,100.0,61,95,3
G2_Wcluster_alhx700,$\mathrm{Hel}_{50}$,NAC_antisymmetric_BB_contact_survival,antisymmetric_nac_bb,Any 1 antisymmetric NAC BB,chain_pair,all,largest_cluster,251000.0,0.002896092483650501,0.00043157121226316403,1934.4791075070375,9347.442116882818,7052.98641091508,0.8,8.0,100.0,61,95,3
G2_Wcluster_alhx700,$\mathrm{Hel}_{50}$,NAC_antisymmetric_BB_contact_survival,antisymmetric_nac_bb,Any 1 antisymmetric NAC BB,chain_pair,all,largest_cluster,252000.0,0.002896092483650501,0.00043157121226316403,1934.4791075070375,9347.442116882818,7052.98641091508,0.8,8.0,100.0,61,95,3
G2_Wcluster_alhx700,$\mathrm{Hel}_{50}$,NAC_antisymmetric_BB_contact_survival,antisymmetric_nac_bb,Any 1 antisymmetric NAC BB,chain_pair,all,largest_cluster,253000.0,0.002896092483650501,0.00043157121226316403,1934.4791075070375,9347.442116882818,7052.98641091508,0.8,8.0,100.0,61,95,3
G2_Wcluster_alhx700,$\mathrm{Hel}_{50}$,NAC_antisymmetric_BB_contact_survival,antisymmetric_nac_bb,Any 1 antisymmetric NAC BB,chain_pair,all,largest_cluster,254000.0,0.002896092483650501,0.00043157121226316403,1934.4791075070375,9347.442116882818,7052.98641091508,0.8,8.0,100.0,61,95,3
G2_Wcluster_alhx700,$\mathrm{Hel}_{50}$,NAC_antisymmetric_BB_contact_survival,antisymmetric_nac_bb,Any 1 antisymmetric NAC BB,chain_pair,all,largest_cluster,255000.0,0.002896092483650501,0.00043157121226316403,1934.4791075070375,9347.442116882818,7052.98641091508,0.8,8.0,100.0,61,95,3
G2_Wcluster_alhx700,$\mathrm{Hel}_{50}$,NAC_antisymmetric_BB_contact_survival,antisymmetric_nac_bb,Any 1 antisymmetric NAC BB,chain_pair,all,largest_cluster,256000.0,0.002896092483650501,0.00043157121226316403,1934.4791075070375,9347.442116882818,7052.98641091508,0.8,8.0,100.0,61,95,3
G2_Wcluster_alhx700,$\mathrm{Hel}_{50}$,NAC_antisymmetric_BB_contact_survival,antisymmetric_nac_bb,Any 1 antisymmetric NAC BB,chain_pair,all,largest_cluster,257000.0,0.002896092483650501,0.00043157121226316403,1934.4791075070375,9347.442116882818,7052.98641091508,0.8,8.0,100.0,61,95,3
G2_Wcluster_alhx700,$\mathrm{Hel}_{50}$,NAC_antisymmetric_BB_contact_survival,antisymmetric_nac_bb,Any 1 antisymmetric NAC BB,chain_pair,all,largest_cluster,258000.0,0.002896092483650501,0.00043157121226316403,1934.4791075070375,9347.442116882818,7052.98641091508,0.8,8.0,100.0,61,95,3
G2_Wcluster_alhx700,$\mathrm{Hel}_{50}$,NAC_antisymmetric_BB_contact_survival,antisymmetric_nac_bb,Any 1 antisymmetric NAC BB,chain_pair,all,largest_cluster,259000.0,0.002896092483650501,0.00043157121226316403,1934.4791075070375,9347.442116882818,7052.98641091508,0.8,8.0,100.0,61,95,3
G2_Wcluster_alhx700,$\mathrm{Hel}_{50}$,NAC_antisymmetric_BB_contact_survival,antisymmetric_nac_bb,Any 1 antisymmetric NAC BB,chain_pair,all,largest_cluster,260000.0,0.002896092483650501,0.00043157121226316403,1934.4791075070375,9347.442116882818,7052.98641091508,0.8,8.0,100.0,61,95,3
G2_Wcluster_alhx700,$\mathrm{Hel}_{50}$,NAC_antisymmetric_BB_contact_survival,antisymmetric_nac_bb,Any 1 antisymmetric NAC BB,chain_pair,all,largest_cluster,261000.0,0.002896092483650501,0.00043157121226316403,1934.4791075070375,9347.442116882818,7052.98641091508,0.8,8.0,100.0,61,95,3
G2_Wcluster_alhx700,$\mathrm{Hel}_{50}$,NAC_antisymmetric_BB_contact_survival,antisymmetric_nac_bb,Any 1 antisymmetric NAC BB,chain_pair,all,largest_cluster,262000.0,0.0028489649093067526,0.00042874271333324157,1934.4791075070375,9347.442116882818,7052.98641091508,0.8,8.0,100.0,61,95,3
G2_Wcluster_alhx700,$\mathrm{Hel}_{50}$,NAC_antisymmetric_BB_contact_survival,antisymmetric_nac_bb,Any 1 antisymmetric NAC BB,chain_pair,all,largest_cluster,263000.0,0.002803183652153431,0.0004848570447565124,1934.4791075070375,9347.442116882818,7052.98641091508,0.8,8.0,100.0,61,95,3
G2_Wcluster_alhx700,$\mathrm{Hel}_{50}$,NAC_antisymmetric_BB_contact_survival,antisymmetric_nac_bb,Any 1 antisymmetric NAC BB,chain_pair,all,largest_cluster,264000.0,0.002803183652153431,0.0004848570447565124,1934.4791075070375,9347.442116882818,7052.98641091508,0.8,8.0,100.0,61,95,3
G2_Wcluster_alhx700,$\mathrm{Hel}_{50}$,NAC_antisymmetric_BB_contact_survival,antisymmetric_nac_bb,Any 1 antisymmetric NAC BB,chain_pair,all,largest_cluster,265000.0,0.002803183652153431,0.0004848570447565124,1934.4791075070375,9347.442116882818,7052.98641091508,0.8,8.0,100.0,61,95,3
G2_Wcluster_alhx700,$\mathrm{Hel}_{50}$,NAC_antisymmetric_BB_contact_survival,antisymmetric_nac_bb,Any 1 antisymmetric NAC BB,chain_pair,all,largest_cluster,266000.0,0.002803183652153431,0.0004848570447565124,1934.4791075070375,9347.442116882818,7052.98641091508,0.8,8.0,100.0,61,95,3
G2_Wcluster_alhx700,$\mathrm{Hel}_{50}$,NAC_antisymmetric_BB_contact_survival,antisymmetric_nac_bb,Any 1 antisymmetric NAC BB,chain_pair,all,largest_cluster,267000.0,0.002803183652153431,0.0004848570447565124,1934.4791075070375,9347.442116882818,7052.98641091508,0.8,8.0,100.0,61,95,3
G2_Wcluster_alhx700,$\mathrm{Hel}_{50}$,NAC_antisymmetric_BB_contact_survival,antisymmetric_nac_bb,Any 1 antisymmetric NAC BB,chain_pair,all,largest_cluster,268000.0,0.002803183652153431,0.0004848570447565124,1934.4791075070375,9347.442116882818,7052.98641091508,0.8,8.0,100.0,61,95,3
G2_Wcluster_alhx700,$\mathrm{Hel}_{50}$,NAC_antisymmetric_BB_contact_survival,antisymmetric_nac_bb,Any 1 antisymmetric NAC BB,chain_pair,all,largest_cluster,269000.0,0.002803183652153431,0.0004848570447565124,1934.4791075070375,9347.442116882818,7052.98641091508,0.8,8.0,100.0,61,95,3
G2_Wcluster_alhx700,$\mathrm{Hel}_{50}$,NAC_antisymmetric_BB_contact_survival,antisymmetric_nac_bb,Any 1 antisymmetric NAC BB,chain_pair,all,largest_cluster,270000.0,0.002803183652153431,0.0004848570447565124,1934.4791075070375,9347.442116882818,7052.98641091508,0.8,8.0,100.0,61,95,3
G2_Wcluster_alhx700,$\mathrm{Hel}_{50}$,NAC_antisymmetric_BB_contact_survival,antisymmetric_nac_bb,Any 1 antisymmetric NAC BB,chain_pair,all,largest_cluster,271000.0,0.0027438082810573618,0.000416074281169796,1934.4791075070375,9347.442116882818,7052.98641091508,0.8,8.0,100.0,61,95,3
G2_Wcluster_alhx700,$\mathrm{Hel}_{50}$,NAC_antisymmetric_BB_contact_survival,antisymmetric_nac_bb,Any 1 antisymmetric NAC BB,chain_pair,all,largest_cluster,272000.0,0.0027438082810573618,0.000416074281169796,1934.4791075070375,9347.442116882818,7052.98641091508,0.8,8.0,100.0,61,95,3
G2_Wcluster_alhx700,$\mathrm{Hel}_{50}$,NAC_antisymmetric_BB_contact_survival,antisymmetric_nac_bb,Any 1 antisymmetric NAC BB,chain_pair,all,largest_cluster,273000.0,0.0027438082810573618,0.000416074281169796,1934.4791075070375,9347.442116882818,7052.98641091508,0.8,8.0,100.0,61,95,3
G2_Wcluster_alhx700,$\mathrm{Hel}_{50}$,NAC_antisymmetric_BB_contact_survival,antisymmetric_nac_bb,Any 1 antisymmetric NAC BB,chain_pair,all,largest_cluster,274000.0,0.0026980270239040406,0.0004767923896470445,1934.4791075070375,9347.442116882818,7052.98641091508,0.8,8.0,100.0,61,95,3
G2_Wcluster_alhx700,$\mathrm{Hel}_{50}$,NAC_antisymmetric_BB_contact_survival,antisymmetric_nac_bb,Any 1 antisymmetric NAC BB,chain_pair,all,largest_cluster,275000.0,0.0026980270239040406,0.0004767923896470445,1934.4791075070375,9347.442116882818,7052.98641091508,0.8,8.0,100.0,61,95,3
G2_Wcluster_alhx700,$\mathrm{Hel}_{50}$,NAC_antisymmetric_BB_contact_survival,antisymmetric_nac_bb,Any 1 antisymmetric NAC BB,chain_pair,all,largest_cluster,276000.0,0.002638651652807971,0.00041716617424237623,1934.4791075070375,9347.442116882818,7052.98641091508,0.8,8.0,100.0,61,95,3
G2_Wcluster_alhx700,$\mathrm{Hel}_{50}$,NAC_antisymmetric_BB_contact_survival,antisymmetric_nac_bb,Any 1 antisymmetric NAC BB,chain_pair,all,largest_cluster,277000.0,0.002638651652807971,0.00041716617424237623,1934.4791075070375,9347.442116882818,7052.98641091508,0.8,8.0,100.0,61,95,3
G2_Wcluster_alhx700,$\mathrm{Hel}_{50}$,NAC_antisymmetric_BB_contact_survival,antisymmetric_nac_bb,Any 1 antisymmetric NAC BB,chain_pair,all,largest_cluster,278000.0,0.002638651652807971,0.00041716617424237623,1934.4791075070375,9347.442116882818,7052.98641091508,0.8,8.0,100.0,61,95,3
G2_Wcluster_alhx700,$\mathrm{Hel}_{50}$,NAC_antisymmetric_BB_contact_survival,antisymmetric_nac_bb,Any 1 antisymmetric NAC BB,chain_pair,all,largest_cluster,279000.0,0.002638651652807971,0.00041716617424237623,1934.4791075070375,9347.442116882818,7052.98641091508,0.8,8.0,100.0,61,95,3
G2_Wcluster_alhx700,$\mathrm{Hel}_{50}$,NAC_antisymmetric_BB_contact_survival,antisymmetric_nac_bb,Any 1 antisymmetric NAC BB,chain_pair,all,largest_cluster,280000.0,0.002638651652807971,0.00041716617424237623,1934.4791075070375,9347.442116882818,7052.98641091508,0.8,8.0,100.0,61,95,3
G2_Wcluster_alhx700,$\mathrm{Hel}_{50}$,NAC_antisymmetric_BB_contact_survival,antisymmetric_nac_bb,Any 1 antisymmetric NAC BB,chain_pair,all,largest_cluster,281000.0,0.002638651652807971,0.00041716617424237623,1934.4791075070375,9347.442116882818,7052.98641091508,0.8,8.0,100.0,61,95,3
G2_Wcluster_alhx700,$\mathrm{Hel}_{50}$,NAC_antisymmetric_BB_contact_survival,antisymmetric_nac_bb,Any 1 antisymmetric NAC BB,chain_pair,all,largest_cluster,282000.0,0.002638651652807971,0.00041716617424237623,1934.4791075070375,9347.442116882818,7052.98641091508,0.8,8.0,100.0,61,95,3
G2_Wcluster_alhx700,$\mathrm{Hel}_{50}$,NAC_antisymmetric_BB_contact_survival,antisymmetric_nac_bb,Any 1 antisymmetric NAC BB,chain_pair,all,largest_cluster,283000.0,0.002638651652807971,0.00041716617424237623,1934.4791075070375,9347.442116882818,7052.98641091508,0.8,8.0,100.0,61,95,3
G2_Wcluster_alhx700,$\mathrm{Hel}_{50}$,NAC_antisymmetric_BB_contact_survival,antisymmetric_nac_bb,Any 1 antisymmetric NAC BB,chain_pair,all,largest_cluster,284000.0,0.002638651652807971,0.00041716617424237623,1934.4791075070375,9347.442116882818,7052.98641091508,0.8,8.0,100.0,61,95,3
G2_Wcluster_alhx700,$\mathrm{Hel}_{50}$,NAC_antisymmetric_BB_contact_survival,antisymmetric_nac_bb,Any 1 antisymmetric NAC BB,chain_pair,all,largest_cluster,285000.0,0.002638651652807971,0.00041716617424237623,1934.4791075070375,9347.442116882818,7052.98641091508,0.8,8.0,100.0,61,95,3
G2_Wcluster_alhx700,$\mathrm{Hel}_{50}$,NAC_antisymmetric_BB_contact_survival,antisymmetric_nac_bb,Any 1 antisymmetric NAC BB,chain_pair,all,largest_cluster,286000.0,0.0025792762817119018,0.0003671865871867951,1934.4791075070375,9347.442116882818,7052.98641091508,0.8,8.0,100.0,61,95,3
G2_Wcluster_alhx700,$\mathrm{Hel}_{50}$,NAC_antisymmetric_BB_contact_survival,antisymmetric_nac_bb,Any 1 antisymmetric NAC BB,chain_pair,all,largest_cluster,287000.0,0.0025792762817119018,0.0003671865871867951,1934.4791075070375,9347.442116882818,7052.98641091508,0.8,8.0,100.0,61,95,3
G2_Wcluster_alhx700,$\mathrm{Hel}_{50}$,NAC_antisymmetric_BB_contact_survival,antisymmetric_nac_bb,Any 1 antisymmetric NAC BB,chain_pair,all,largest_cluster,288000.0,0.0025792762817119018,0.0003671865871867951,1934.4791075070375,9347.442116882818,7052.98641091508,0.8,8.0,100.0,61,95,3
G2_Wcluster_alhx700,$\mathrm{Hel}_{50}$,NAC_antisymmetric_BB_contact_survival,antisymmetric_nac_bb,Any 1 antisymmetric NAC BB,chain_pair,all,largest_cluster,289000.0,0.0025792762817119018,0.0003671865871867951,1934.4791075070375,9347.442116882818,7052.98641091508,0.8,8.0,100.0,61,95,3
G2_Wcluster_alhx700,$\mathrm{Hel}_{50}$,NAC_antisymmetric_BB_contact_survival,antisymmetric_nac_bb,Any 1 antisymmetric NAC BB,chain_pair,all,largest_cluster,290000.0,0.0025792762817119018,0.0003671865871867951,1934.4791075070375,9347.442116882818,7052.98641091508,0.8,8.0,100.0,61,95,3
G2_Wcluster_alhx700,$\mathrm{Hel}_{50}$,NAC_antisymmetric_BB_contact_survival,antisymmetric_nac_bb,Any 1 antisymmetric NAC BB,chain_pair,all,largest_cluster,291000.0,0.0025792762817119018,0.0003671865871867951,1934.4791075070375,9347.442116882818,7052.98641091508,0.8,8.0,100.0,61,95,3
G2_Wcluster_alhx700,$\mathrm{Hel}_{50}$,NAC_antisymmetric_BB_contact_survival,antisymmetric_nac_bb,Any 1 antisymmetric NAC BB,chain_pair,all,largest_cluster,292000.0,0.0025792762817119018,0.0003671865871867951,1934.4791075070375,9347.442116882818,7052.98641091508,0.8,8.0,100.0,61,95,3
G2_Wcluster_alhx700,$\mathrm{Hel}_{50}$,NAC_antisymmetric_BB_contact_survival,antisymmetric_nac_bb,Any 1 antisymmetric NAC BB,chain_pair,all,largest_cluster,293000.0,0.0025792762817119018,0.0003671865871867951,1934.4791075070375,9347.442116882818,7052.98641091508,0.8,8.0,100.0,61,95,3
G2_Wcluster_alhx700,$\mathrm{Hel}_{50}$,NAC_antisymmetric_BB_contact_survival,antisymmetric_nac_bb,Any 1 antisymmetric NAC BB,chain_pair,all,largest_cluster,294000.0,0.0025792762817119018,0.0003671865871867951,1934.4791075070375,9347.442116882818,7052.98641091508,0.8,8.0,100.0,61,95,3
G2_Wcluster_alhx700,$\mathrm{Hel}_{50}$,NAC_antisymmetric_BB_contact_survival,antisymmetric_nac_bb,Any 1 antisymmetric NAC BB,chain_pair,all,largest_cluster,295000.0,0.0025792762817119018,0.0003671865871867951,1934.4791075070375,9347.442116882818,7052.98641091508,0.8,8.0,100.0,61,95,3
G2_Wcluster_alhx700,$\mathrm{Hel}_{50}$,NAC_antisymmetric_BB_contact_survival,antisymmetric_nac_bb,Any 1 antisymmetric NAC BB,chain_pair,all,largest_cluster,296000.0,0.0025792762817119018,0.0003671865871867951,1934.4791075070375,9347.442116882818,7052.98641091508,0.8,8.0,100.0,61,95,3
G2_Wcluster_alhx700,$\mathrm{Hel}_{50}$,NAC_antisymmetric_BB_contact_survival,antisymmetric_nac_bb,Any 1 antisymmetric NAC BB,chain_pair,all,largest_cluster,297000.0,0.0025792762817119018,0.0003671865871867951,1934.4791075070375,9347.442116882818,7052.98641091508,0.8,8.0,100.0,61,95,3
G2_Wcluster_alhx700,$\mathrm{Hel}_{50}$,NAC_antisymmetric_BB_contact_survival,antisymmetric_nac_bb,Any 1 antisymmetric NAC BB,chain_pair,all,largest_cluster,298000.0,0.0025792762817119018,0.0003671865871867951,1934.4791075070375,9347.442116882818,7052.98641091508,0.8,8.0,100.0,61,95,3
G2_Wcluster_alhx700,$\mathrm{Hel}_{50}$,NAC_antisymmetric_BB_contact_survival,antisymmetric_nac_bb,Any 1 antisymmetric NAC BB,chain_pair,all,largest_cluster,299000.0,0.0025792762817119018,0.0003671865871867951,1934.4791075070375,9347.442116882818,7052.98641091508,0.8,8.0,100.0,61,95,3
G2_Wcluster_alhx700,$\mathrm{Hel}_{50}$,NAC_antisymmetric_BB_contact_survival,antisymmetric_nac_bb,Any 1 antisymmetric NAC BB,chain_pair,all,largest_cluster,300000.0,0.002532148707368153,0.0003403778549682124,1934.4791075070375,9347.442116882818,7052.98641091508,0.8,8.0,100.0,61,95,3
G2_Wcluster_alhx700,$\mathrm{Hel}_{50}$,NAC_antisymmetric_BB_contact_survival,antisymmetric_nac_bb,Any 1 antisymmetric NAC BB,chain_pair,all,largest_cluster,301000.0,0.002532148707368153,0.0003403778549682124,1934.4791075070375,9347.442116882818,7052.98641091508,0.8,8.0,100.0,61,95,3
G2_Wcluster_alhx700,$\mathrm{Hel}_{50}$,NAC_antisymmetric_BB_contact_survival,antisymmetric_nac_bb,Any 1 antisymmetric NAC BB,chain_pair,all,largest_cluster,302000.0,0.002532148707368153,0.0003403778549682124,1934.4791075070375,9347.442116882818,7052.98641091508,0.8,8.0,100.0,61,95,3
G2_Wcluster_alhx700,$\mathrm{Hel}_{50}$,NAC_antisymmetric_BB_contact_survival,antisymmetric_nac_bb,Any 1 antisymmetric NAC BB,chain_pair,all,largest_cluster,303000.0,0.0024863674502148317,0.00040406152727315335,1934.4791075070375,9347.442116882818,7052.98641091508,0.8,8.0,100.0,61,95,3
G2_Wcluster_alhx700,$\mathrm{Hel}_{50}$,NAC_antisymmetric_BB_contact_survival,antisymmetric_nac_bb,Any 1 antisymmetric NAC BB,chain_pair,all,largest_cluster,304000.0,0.00244058619306151,0.00046803637200330833,1934.4791075070375,9347.442116882818,7052.98641091508,0.8,8.0,100.0,61,95,3
G2_Wcluster_alhx700,$\mathrm{Hel}_{50}$,NAC_antisymmetric_BB_contact_survival,antisymmetric_nac_bb,Any 1 antisymmetric NAC BB,chain_pair,all,largest_cluster,305000.0,0.00244058619306151,0.00046803637200330833,1934.4791075070375,9347.442116882818,7052.98641091508,0.8,8.0,100.0,61,95,3
G2_Wcluster_alhx700,$\mathrm{Hel}_{50}$,NAC_antisymmetric_BB_contact_survival,antisymmetric_nac_bb,Any 1 antisymmetric NAC BB,chain_pair,all,largest_cluster,306000.0,0.00244058619306151,0.00046803637200330833,1934.4791075070375,9347.442116882818,7052.98641091508,0.8,8.0,100.0,61,95,3
G2_Wcluster_alhx700,$\mathrm{Hel}_{50}$,NAC_antisymmetric_BB_contact_survival,antisymmetric_nac_bb,Any 1 antisymmetric NAC BB,chain_pair,all,largest_cluster,307000.0,0.0023934586187177617,0.0004475968437275037,1934.4791075070375,9347.442116882818,7052.98641091508,0.8,8.0,100.0,61,95,3
G2_Wcluster_alhx700,$\mathrm{Hel}_{50}$,NAC_antisymmetric_BB_contact_survival,antisymmetric_nac_bb,Any 1 antisymmetric NAC BB,chain_pair,all,largest_cluster,308000.0,0.0023934586187177617,0.0004475968437275037,1934.4791075070375,9347.442116882818,7052.98641091508,0.8,8.0,100.0,61,95,3
G2_Wcluster_alhx700,$\mathrm{Hel}_{50}$,NAC_antisymmetric_BB_contact_survival,antisymmetric_nac_bb,Any 1 antisymmetric NAC BB,chain_pair,all,largest_cluster,309000.0,0.0023934586187177617,0.0004475968437275037,1934.4791075070375,9347.442116882818,7052.98641091508,0.8,8.0,100.0,61,95,3
G2_Wcluster_alhx700,$\mathrm{Hel}_{50}$,NAC_antisymmetric_BB_contact_survival,antisymmetric_nac_bb,Any 1 antisymmetric NAC BB,chain_pair,all,largest_cluster,310000.0,0.0023463310443740133,0.0004364766391981701,1934.4791075070375,9347.442116882818,7052.98641091508,0.8,8.0,100.0,61,95,3
G2_Wcluster_alhx700,$\mathrm{Hel}_{50}$,NAC_antisymmetric_BB_contact_survival,antisymmetric_nac_bb,Any 1 antisymmetric NAC BB,chain_pair,all,largest_cluster,311000.0,0.0023463310443740133,0.0004364766391981701,1934.4791075070375,9347.442116882818,7052.98641091508,0.8,8.0,100.0,61,95,3
G2_Wcluster_alhx700,$\mathrm{Hel}_{50}$,NAC_antisymmetric_BB_contact_survival,antisymmetric_nac_bb,Any 1 antisymmetric NAC BB,chain_pair,all,largest_cluster,312000.0,0.0023463310443740133,0.0004364766391981701,1934.4791075070375,9347.442116882818,7052.98641091508,0.8,8.0,100.0,61,95,3
G2_Wcluster_alhx700,$\mathrm{Hel}_{50}$,NAC_antisymmetric_BB_contact_survival,antisymmetric_nac_bb,Any 1 antisymmetric NAC BB,chain_pair,all,largest_cluster,313000.0,0.0023463310443740133,0.0004364766391981701,1934.4791075070375,9347.442116882818,7052.98641091508,0.8,8.0,100.0,61,95,3
G2_Wcluster_alhx700,$\mathrm{Hel}_{50}$,NAC_antisymmetric_BB_contact_survival,antisymmetric_nac_bb,Any 1 antisymmetric NAC BB,chain_pair,all,largest_cluster,314000.0,0.0023463310443740133,0.0004364766391981701,1934.4791075070375,9347.442116882818,7052.98641091508,0.8,8.0,100.0,61,95,3
G2_Wcluster_alhx700,$\mathrm{Hel}_{50}$,NAC_antisymmetric_BB_contact_survival,antisymmetric_nac_bb,Any 1 antisymmetric NAC BB,chain_pair,all,largest_cluster,315000.0,0.0023463310443740133,0.0004364766391981701,1934.4791075070375,9347.442116882818,7052.98641091508,0.8,8.0,100.0,61,95,3
G2_Wcluster_alhx700,$\mathrm{Hel}_{50}$,NAC_antisymmetric_BB_contact_survival,antisymmetric_nac_bb,Any 1 antisymmetric NAC BB,chain_pair,all,largest_cluster,316000.0,0.0023463310443740133,0.0004364766391981701,1934.4791075070375,9347.442116882818,7052.98641091508,0.8,8.0,100.0,61,95,3
G2_Wcluster_alhx700,$\mathrm{Hel}_{50}$,NAC_antisymmetric_BB_contact_survival,antisymmetric_nac_bb,Any 1 antisymmetric NAC BB,chain_pair,all,largest_cluster,317000.0,0.0023463310443740133,0.0004364766391981701,1934.4791075070375,9347.442116882818,7052.98641091508,0.8,8.0,100.0,61,95,3
G2_Wcluster_alhx700,$\mathrm{Hel}_{50}$,NAC_antisymmetric_BB_contact_survival,antisymmetric_nac_bb,Any 1 antisymmetric NAC BB,chain_pair,all,largest_cluster,318000.0,0.0023463310443740133,0.0004364766391981701,1934.4791075070375,9347.442116882818,7052.98641091508,0.8,8.0,100.0,61,95,3
G2_Wcluster_alhx700,$\mathrm{Hel}_{50}$,NAC_antisymmetric_BB_contact_survival,antisymmetric_nac_bb,Any 1 antisymmetric NAC BB,chain_pair,all,largest_cluster,319000.0,0.0023463310443740133,0.0004364766391981701,1934.4791075070375,9347.442116882818,7052.98641091508,0.8,8.0,100.0,61,95,3
G2_Wcluster_alhx700,$\mathrm{Hel}_{50}$,NAC_antisymmetric_BB_contact_survival,antisymmetric_nac_bb,Any 1 antisymmetric NAC BB,chain_pair,all,largest_cluster,320000.0,0.0023463310443740133,0.0004364766391981701,1934.4791075070375,9347.442116882818,7052.98641091508,0.8,8.0,100.0,61,95,3
G2_Wcluster_alhx700,$\mathrm{Hel}_{50}$,NAC_antisymmetric_BB_contact_survival,antisymmetric_nac_bb,Any 1 antisymmetric NAC BB,chain_pair,all,largest_cluster,321000.0,0.0023463310443740133,0.0004364766391981701,1934.4791075070375,9347.442116882818,7052.98641091508,0.8,8.0,100.0,61,95,3
G2_Wcluster_alhx700,$\mathrm{Hel}_{50}$,NAC_antisymmetric_BB_contact_survival,antisymmetric_nac_bb,Any 1 antisymmetric NAC BB,chain_pair,all,largest_cluster,322000.0,0.0023463310443740133,0.0004364766391981701,1934.4791075070375,9347.442116882818,7052.98641091508,0.8,8.0,100.0,61,95,3
G2_Wcluster_alhx700,$\mathrm{Hel}_{50}$,NAC_antisymmetric_BB_contact_survival,antisymmetric_nac_bb,Any 1 antisymmetric NAC BB,chain_pair,all,largest_cluster,323000.0,0.0023463310443740133,0.0004364766391981701,1934.4791075070375,9347.442116882818,7052.98641091508,0.8,8.0,100.0,61,95,3
G2_Wcluster_alhx700,$\mathrm{Hel}_{50}$,NAC_antisymmetric_BB_contact_survival,antisymmetric_nac_bb,Any 1 antisymmetric NAC BB,chain_pair,all,largest_cluster,324000.0,0.0023463310443740133,0.0004364766391981701,1934.4791075070375,9347.442116882818,7052.98641091508,0.8,8.0,100.0,61,95,3
G2_Wcluster_alhx700,$\mathrm{Hel}_{50}$,NAC_antisymmetric_BB_contact_survival,antisymmetric_nac_bb,Any 1 antisymmetric NAC BB,chain_pair,all,largest_cluster,325000.0,0.0023463310443740133,0.0004364766391981701,1934.4791075070375,9347.442116882818,7052.98641091508,0.8,8.0,100.0,61,95,3
G2_Wcluster_alhx700,$\mathrm{Hel}_{50}$,NAC_antisymmetric_BB_contact_survival,antisymmetric_nac_bb,Any 1 antisymmetric NAC BB,chain_pair,all,largest_cluster,326000.0,0.0023463310443740133,0.0004364766391981701,1934.4791075070375,9347.442116882818,7052.98641091508,0.8,8.0,100.0,61,95,3
G2_Wcluster_alhx700,$\mathrm{Hel}_{50}$,NAC_antisymmetric_BB_contact_survival,antisymmetric_nac_bb,Any 1 antisymmetric NAC BB,chain_pair,all,largest_cluster,327000.0,0.0023463310443740133,0.0004364766391981701,1934.4791075070375,9347.442116882818,7052.98641091508,0.8,8.0,100.0,61,95,3
G2_Wcluster_alhx700,$\mathrm{Hel}_{50}$,NAC_antisymmetric_BB_contact_survival,antisymmetric_nac_bb,Any 1 antisymmetric NAC BB,chain_pair,all,largest_cluster,328000.0,0.0023463310443740133,0.0004364766391981701,1934.4791075070375,9347.442116882818,7052.98641091508,0.8,8.0,100.0,61,95,3
G2_Wcluster_alhx700,$\mathrm{Hel}_{50}$,NAC_antisymmetric_BB_contact_survival,antisymmetric_nac_bb,Any 1 antisymmetric NAC BB,chain_pair,all,largest_cluster,329000.0,0.0023463310443740133,0.0004364766391981701,1934.4791075070375,9347.442116882818,7052.98641091508,0.8,8.0,100.0,61,95,3
G2_Wcluster_alhx700,$\mathrm{Hel}_{50}$,NAC_antisymmetric_BB_contact_survival,antisymmetric_nac_bb,Any 1 antisymmetric NAC BB,chain_pair,all,largest_cluster,330000.0,0.0023463310443740133,0.0004364766391981701,1934.4791075070375,9347.442116882818,7052.98641091508,0.8,8.0,100.0,61,95,3
G2_Wcluster_alhx700,$\mathrm{Hel}_{50}$,NAC_antisymmetric_BB_contact_survival,antisymmetric_nac_bb,Any 1 antisymmetric NAC BB,chain_pair,all,largest_cluster,331000.0,0.0023463310443740133,0.0004364766391981701,1934.4791075070375,9347.442116882818,7052.98641091508,0.8,8.0,100.0,61,95,3
G2_Wcluster_alhx700,$\mathrm{Hel}_{50}$,NAC_antisymmetric_BB_contact_survival,antisymmetric_nac_bb,Any 1 antisymmetric NAC BB,chain_pair,all,largest_cluster,332000.0,0.0023463310443740133,0.0004364766391981701,1934.4791075070375,9347.442116882818,7052.98641091508,0.8,8.0,100.0,61,95,3
G2_Wcluster_alhx700,$\mathrm{Hel}_{50}$,NAC_antisymmetric_BB_contact_survival,antisymmetric_nac_bb,Any 1 antisymmetric NAC BB,chain_pair,all,largest_cluster,333000.0,0.0023463310443740133,0.0004364766391981701,1934.4791075070375,9347.442116882818,7052.98641091508,0.8,8.0,100.0,61,95,3
G2_Wcluster_alhx700,$\mathrm{Hel}_{50}$,NAC_antisymmetric_BB_contact_survival,antisymmetric_nac_bb,Any 1 antisymmetric NAC BB,chain_pair,all,largest_cluster,334000.0,0.0023463310443740133,0.0004364766391981701,1934.4791075070375,9347.442116882818,7052.98641091508,0.8,8.0,100.0,61,95,3
G2_Wcluster_alhx700,$\mathrm{Hel}_{50}$,NAC_antisymmetric_BB_contact_survival,antisymmetric_nac_bb,Any 1 antisymmetric NAC BB,chain_pair,all,largest_cluster,335000.0,0.0023463310443740133,0.0004364766391981701,1934.4791075070375,9347.442116882818,7052.98641091508,0.8,8.0,100.0,61,95,3
G2_Wcluster_alhx700,$\mathrm{Hel}_{50}$,NAC_antisymmetric_BB_contact_survival,antisymmetric_nac_bb,Any 1 antisymmetric NAC BB,chain_pair,all,largest_cluster,336000.0,0.0023463310443740133,0.0004364766391981701,1934.4791075070375,9347.442116882818,7052.98641091508,0.8,8.0,100.0,61,95,3
G2_Wcluster_alhx700,$\mathrm{Hel}_{50}$,NAC_antisymmetric_BB_contact_survival,antisymmetric_nac_bb,Any 1 antisymmetric NAC BB,chain_pair,all,largest_cluster,337000.0,0.0023463310443740133,0.0004364766391981701,1934.4791075070375,9347.442116882818,7052.98641091508,0.8,8.0,100.0,61,95,3
G2_Wcluster_alhx700,$\mathrm{Hel}_{50}$,NAC_antisymmetric_BB_contact_survival,antisymmetric_nac_bb,Any 1 antisymmetric NAC BB,chain_pair,all,largest_cluster,338000.0,0.0023463310443740133,0.0004364766391981701,1934.4791075070375,9347.442116882818,7052.98641091508,0.8,8.0,100.0,61,95,3
G2_Wcluster_alhx700,$\mathrm{Hel}_{50}$,NAC_antisymmetric_BB_contact_survival,antisymmetric_nac_bb,Any 1 antisymmetric NAC BB,chain_pair,all,largest_cluster,339000.0,0.0023463310443740133,0.0004364766391981701,1934.4791075070375,9347.442116882818,7052.98641091508,0.8,8.0,100.0,61,95,3
G2_Wcluster_alhx700,$\mathrm{Hel}_{50}$,NAC_antisymmetric_BB_contact_survival,antisymmetric_nac_bb,Any 1 antisymmetric NAC BB,chain_pair,all,largest_cluster,340000.0,0.0023463310443740133,0.0004364766391981701,1934.4791075070375,9347.442116882818,7052.98641091508,0.8,8.0,100.0,61,95,3
G2_Wcluster_alhx700,$\mathrm{Hel}_{50}$,NAC_antisymmetric_BB_contact_survival,antisymmetric_nac_bb,Any 1 antisymmetric NAC BB,chain_pair,all,largest_cluster,341000.0,0.0023463310443740133,0.0004364766391981701,1934.4791075070375,9347.442116882818,7052.98641091508,0.8,8.0,100.0,61,95,3
G2_Wcluster_alhx700,$\mathrm{Hel}_{50}$,NAC_antisymmetric_BB_contact_survival,antisymmetric_nac_bb,Any 1 antisymmetric NAC BB,chain_pair,all,largest_cluster,342000.0,0.0023463310443740133,0.0004364766391981701,1934.4791075070375,9347.442116882818,7052.98641091508,0.8,8.0,100.0,61,95,3
G2_Wcluster_alhx700,$\mathrm{Hel}_{50}$,NAC_antisymmetric_BB_contact_survival,antisymmetric_nac_bb,Any 1 antisymmetric NAC BB,chain_pair,all,largest_cluster,343000.0,0.0023463310443740133,0.0004364766391981701,1934.4791075070375,9347.442116882818,7052.98641091508,0.8,8.0,100.0,61,95,3
G2_Wcluster_alhx700,$\mathrm{Hel}_{50}$,NAC_antisymmetric_BB_contact_survival,antisymmetric_nac_bb,Any 1 antisymmetric NAC BB,chain_pair,all,largest_cluster,344000.0,0.0023463310443740133,0.0004364766391981701,1934.4791075070375,9347.442116882818,7052.98641091508,0.8,8.0,100.0,61,95,3
G2_Wcluster_alhx700,$\mathrm{Hel}_{50}$,NAC_antisymmetric_BB_contact_survival,antisymmetric_nac_bb,Any 1 antisymmetric NAC BB,chain_pair,all,largest_cluster,345000.0,0.0023463310443740133,0.0004364766391981701,1934.4791075070375,9347.442116882818,7052.98641091508,0.8,8.0,100.0,61,95,3
G2_Wcluster_alhx700,$\mathrm{Hel}_{50}$,NAC_antisymmetric_BB_contact_survival,antisymmetric_nac_bb,Any 1 antisymmetric NAC BB,chain_pair,all,largest_cluster,346000.0,0.0023463310443740133,0.0004364766391981701,1934.4791075070375,9347.442116882818,7052.98641091508,0.8,8.0,100.0,61,95,3
G2_Wcluster_alhx700,$\mathrm{Hel}_{50}$,NAC_antisymmetric_BB_contact_survival,antisymmetric_nac_bb,Any 1 antisymmetric NAC BB,chain_pair,all,largest_cluster,347000.0,0.0023463310443740133,0.0004364766391981701,1934.4791075070375,9347.442116882818,7052.98641091508,0.8,8.0,100.0,61,95,3
G2_Wcluster_alhx700,$\mathrm{Hel}_{50}$,NAC_antisymmetric_BB_contact_survival,antisymmetric_nac_bb,Any 1 antisymmetric NAC BB,chain_pair,all,largest_cluster,348000.0,0.0023463310443740133,0.0004364766391981701,1934.4791075070375,9347.442116882818,7052.98641091508,0.8,8.0,100.0,61,95,3
G2_Wcluster_alhx700,$\mathrm{Hel}_{50}$,NAC_antisymmetric_BB_contact_survival,antisymmetric_nac_bb,Any 1 antisymmetric NAC BB,chain_pair,all,largest_cluster,349000.0,0.002286955673277944,0.00037114626280050357,1934.4791075070375,9347.442116882818,7052.98641091508,0.8,8.0,100.0,61,95,3
G2_Wcluster_alhx700,$\mathrm{Hel}_{50}$,NAC_antisymmetric_BB_contact_survival,antisymmetric_nac_bb,Any 1 antisymmetric NAC BB,chain_pair,all,largest_cluster,350000.0,0.002286955673277944,0.00037114626280050357,1934.4791075070375,9347.442116882818,7052.98641091508,0.8,8.0,100.0,61,95,3
G2_Wcluster_alhx700,$\mathrm{Hel}_{50}$,NAC_antisymmetric_BB_contact_survival,antisymmetric_nac_bb,Any 1 antisymmetric NAC BB,chain_pair,all,largest_cluster,351000.0,0.002286955673277944,0.00037114626280050357,1934.4791075070375,9347.442116882818,7052.98641091508,0.8,8.0,100.0,61,95,3
G2_Wcluster_alhx700,$\mathrm{Hel}_{50}$,NAC_antisymmetric_BB_contact_survival,antisymmetric_nac_bb,Any 1 antisymmetric NAC BB,chain_pair,all,largest_cluster,352000.0,0.0022411744161246225,0.00043342677979910386,1934.4791075070375,9347.442116882818,7052.98641091508,0.8,8.0,100.0,61,95,3
G2_Wcluster_alhx700,$\mathrm{Hel}_{50}$,NAC_antisymmetric_BB_contact_survival,antisymmetric_nac_bb,Any 1 antisymmetric NAC BB,chain_pair,all,largest_cluster,353000.0,0.0022411744161246225,0.00043342677979910386,1934.4791075070375,9347.442116882818,7052.98641091508,0.8,8.0,100.0,61,95,3
G2_Wcluster_alhx700,$\mathrm{Hel}_{50}$,NAC_antisymmetric_BB_contact_survival,antisymmetric_nac_bb,Any 1 antisymmetric NAC BB,chain_pair,all,largest_cluster,354000.0,0.0022411744161246225,0.00043342677979910386,1934.4791075070375,9347.442116882818,7052.98641091508,0.8,8.0,100.0,61,95,3
G2_Wcluster_alhx700,$\mathrm{Hel}_{50}$,NAC_antisymmetric_BB_contact_survival,antisymmetric_nac_bb,Any 1 antisymmetric NAC BB,chain_pair,all,largest_cluster,355000.0,0.0022411744161246225,0.00043342677979910386,1934.4791075070375,9347.442116882818,7052.98641091508,0.8,8.0,100.0,61,95,3
G2_Wcluster_alhx700,$\mathrm{Hel}_{50}$,NAC_antisymmetric_BB_contact_survival,antisymmetric_nac_bb,Any 1 antisymmetric NAC BB,chain_pair,all,largest_cluster,356000.0,0.0022411744161246225,0.00043342677979910386,1934.4791075070375,9347.442116882818,7052.98641091508,0.8,8.0,100.0,61,95,3
G2_Wcluster_alhx700,$\mathrm{Hel}_{50}$,NAC_antisymmetric_BB_contact_survival,antisymmetric_nac_bb,Any 1 antisymmetric NAC BB,chain_pair,all,largest_cluster,357000.0,0.0021953931589713013,0.0004963382843680462,1934.4791075070375,9347.442116882818,7052.98641091508,0.8,8.0,100.0,61,95,3
G2_Wcluster_alhx700,$\mathrm{Hel}_{50}$,NAC_antisymmetric_BB_contact_survival,antisymmetric_nac_bb,Any 1 antisymmetric NAC BB,chain_pair,all,largest_cluster,358000.0,0.0021953931589713013,0.0004963382843680462,1934.4791075070375,9347.442116882818,7052.98641091508,0.8,8.0,100.0,61,95,3
G2_Wcluster_alhx700,$\mathrm{Hel}_{50}$,NAC_antisymmetric_BB_contact_survival,antisymmetric_nac_bb,Any 1 antisymmetric NAC BB,chain_pair,all,largest_cluster,359000.0,0.0021953931589713013,0.0004963382843680462,1934.4791075070375,9347.442116882818,7052.98641091508,0.8,8.0,100.0,61,95,3
G2_Wcluster_alhx700,$\mathrm{Hel}_{50}$,NAC_antisymmetric_BB_contact_survival,antisymmetric_nac_bb,Any 1 antisymmetric NAC BB,chain_pair,all,largest_cluster,360000.0,0.0021953931589713013,0.0004963382843680462,1934.4791075070375,9347.442116882818,7052.98641091508,0.8,8.0,100.0,61,95,3
G2_Wcluster_alhx700,$\mathrm{Hel}_{50}$,NAC_antisymmetric_BB_contact_survival,antisymmetric_nac_bb,Any 1 antisymmetric NAC BB,chain_pair,all,largest_cluster,361000.0,0.0021953931589713013,0.0004963382843680462,1934.4791075070375,9347.442116882818,7052.98641091508,0.8,8.0,100.0,61,95,3
G2_Wcluster_alhx700,$\mathrm{Hel}_{50}$,NAC_antisymmetric_BB_contact_survival,antisymmetric_nac_bb,Any 1 antisymmetric NAC BB,chain_pair,all,largest_cluster,362000.0,0.0021953931589713013,0.0004963382843680462,1934.4791075070375,9347.442116882818,7052.98641091508,0.8,8.0,100.0,61,95,3
G2_Wcluster_alhx700,$\mathrm{Hel}_{50}$,NAC_antisymmetric_BB_contact_survival,antisymmetric_nac_bb,Any 1 antisymmetric NAC BB,chain_pair,all,largest_cluster,363000.0,0.0021953931589713013,0.0004963382843680462,1934.4791075070375,9347.442116882818,7052.98641091508,0.8,8.0,100.0,61,95,3
G2_Wcluster_alhx700,$\mathrm{Hel}_{50}$,NAC_antisymmetric_BB_contact_survival,antisymmetric_nac_bb,Any 1 antisymmetric NAC BB,chain_pair,all,largest_cluster,364000.0,0.0021482655846275524,0.00048080970747606055,1934.4791075070375,9347.442116882818,7052.98641091508,0.8,8.0,100.0,61,95,3
G2_Wcluster_alhx700,$\mathrm{Hel}_{50}$,NAC_antisymmetric_BB_contact_survival,antisymmetric_nac_bb,Any 1 antisymmetric NAC BB,chain_pair,all,largest_cluster,365000.0,0.0021482655846275524,0.00048080970747606055,1934.4791075070375,9347.442116882818,7052.98641091508,0.8,8.0,100.0,61,95,3
G2_Wcluster_alhx700,$\mathrm{Hel}_{50}$,NAC_antisymmetric_BB_contact_survival,antisymmetric_nac_bb,Any 1 antisymmetric NAC BB,chain_pair,all,largest_cluster,366000.0,0.0021482655846275524,0.00048080970747606055,1934.4791075070375,9347.442116882818,7052.98641091508,0.8,8.0,100.0,61,95,3
G2_Wcluster_alhx700,$\mathrm{Hel}_{50}$,NAC_antisymmetric_BB_contact_survival,antisymmetric_nac_bb,Any 1 antisymmetric NAC BB,chain_pair,all,largest_cluster,367000.0,0.0020417626391877343,0.00040516877388859613,1934.4791075070375,9347.442116882818,7052.98641091508,0.8,8.0,100.0,61,95,3
G2_Wcluster_alhx700,$\mathrm{Hel}_{50}$,NAC_antisymmetric_BB_contact_survival,antisymmetric_nac_bb,Any 1 antisymmetric NAC BB,chain_pair,all,largest_cluster,368000.0,0.0020417626391877343,0.00040516877388859613,1934.4791075070375,9347.442116882818,7052.98641091508,0.8,8.0,100.0,61,95,3
G2_Wcluster_alhx700,$\mathrm{Hel}_{50}$,NAC_antisymmetric_BB_contact_survival,antisymmetric_nac_bb,Any 1 antisymmetric NAC BB,chain_pair,all,largest_cluster,369000.0,0.0020417626391877343,0.00040516877388859613,1934.4791075070375,9347.442116882818,7052.98641091508,0.8,8.0,100.0,61,95,3
G2_Wcluster_alhx700,$\mathrm{Hel}_{50}$,NAC_antisymmetric_BB_contact_survival,antisymmetric_nac_bb,Any 1 antisymmetric NAC BB,chain_pair,all,largest_cluster,370000.0,0.0020417626391877343,0.00040516877388859613,1934.4791075070375,9347.442116882818,7052.98641091508,0.8,8.0,100.0,61,95,3
G2_Wcluster_alhx700,$\mathrm{Hel}_{50}$,NAC_antisymmetric_BB_contact_survival,antisymmetric_nac_bb,Any 1 antisymmetric NAC BB,chain_pair,all,largest_cluster,371000.0,0.0020417626391877343,0.00040516877388859613,1934.4791075070375,9347.442116882818,7052.98641091508,0.8,8.0,100.0,61,95,3
G2_Wcluster_alhx700,$\mathrm{Hel}_{50}$,NAC_antisymmetric_BB_contact_survival,antisymmetric_nac_bb,Any 1 antisymmetric NAC BB,chain_pair,all,largest_cluster,372000.0,0.0020417626391877343,0.00040516877388859613,1934.4791075070375,9347.442116882818,7052.98641091508,0.8,8.0,100.0,61,95,3
G2_Wcluster_alhx700,$\mathrm{Hel}_{50}$,NAC_antisymmetric_BB_contact_survival,antisymmetric_nac_bb,Any 1 antisymmetric NAC BB,chain_pair,all,largest_cluster,373000.0,0.0020417626391877343,0.00040516877388859613,1934.4791075070375,9347.442116882818,7052.98641091508,0.8,8.0,100.0,61,95,3
G2_Wcluster_alhx700,$\mathrm{Hel}_{50}$,NAC_antisymmetric_BB_contact_survival,antisymmetric_nac_bb,Any 1 antisymmetric NAC BB,chain_pair,all,largest_cluster,374000.0,0.0020417626391877343,0.00040516877388859613,1934.4791075070375,9347.442116882818,7052.98641091508,0.8,8.0,100.0,61,95,3
G2_Wcluster_alhx700,$\mathrm{Hel}_{50}$,NAC_antisymmetric_BB_contact_survival,antisymmetric_nac_bb,Any 1 antisymmetric NAC BB,chain_pair,all,largest_cluster,375000.0,0.0020417626391877343,0.00040516877388859613,1934.4791075070375,9347.442116882818,7052.98641091508,0.8,8.0,100.0,61,95,3
G2_Wcluster_alhx700,$\mathrm{Hel}_{50}$,NAC_antisymmetric_BB_contact_survival,antisymmetric_nac_bb,Any 1 antisymmetric NAC BB,chain_pair,all,largest_cluster,376000.0,0.001995981382034413,0.000465802052139444,1934.4791075070375,9347.442116882818,7052.98641091508,0.8,8.0,100.0,61,95,3
G2_Wcluster_alhx700,$\mathrm{Hel}_{50}$,NAC_antisymmetric_BB_contact_survival,antisymmetric_nac_bb,Any 1 antisymmetric NAC BB,chain_pair,all,largest_cluster,377000.0,0.0019488538076906647,0.00045788027532117924,1934.4791075070375,9347.442116882818,7052.98641091508,0.8,8.0,100.0,61,95,3
G2_Wcluster_alhx700,$\mathrm{Hel}_{50}$,NAC_antisymmetric_BB_contact_survival,antisymmetric_nac_bb,Any 1 antisymmetric NAC BB,chain_pair,all,largest_cluster,378000.0,0.0019488538076906647,0.00045788027532117924,1934.4791075070375,9347.442116882818,7052.98641091508,0.8,8.0,100.0,61,95,3
G2_Wcluster_alhx700,$\mathrm{Hel}_{50}$,NAC_antisymmetric_BB_contact_survival,antisymmetric_nac_bb,Any 1 antisymmetric NAC BB,chain_pair,all,largest_cluster,379000.0,0.0019488538076906647,0.00045788027532117924,1934.4791075070375,9347.442116882818,7052.98641091508,0.8,8.0,100.0,61,95,3
G2_Wcluster_alhx700,$\mathrm{Hel}_{50}$,NAC_antisymmetric_BB_contact_survival,antisymmetric_nac_bb,Any 1 antisymmetric NAC BB,chain_pair,all,largest_cluster,380000.0,0.0019488538076906647,0.00045788027532117924,1934.4791075070375,9347.442116882818,7052.98641091508,0.8,8.0,100.0,61,95,3
G2_Wcluster_alhx700,$\mathrm{Hel}_{50}$,NAC_antisymmetric_BB_contact_survival,antisymmetric_nac_bb,Any 1 antisymmetric NAC BB,chain_pair,all,largest_cluster,381000.0,0.0019488538076906647,0.00045788027532117924,1934.4791075070375,9347.442116882818,7052.98641091508,0.8,8.0,100.0,61,95,3
G2_Wcluster_alhx700,$\mathrm{Hel}_{50}$,NAC_antisymmetric_BB_contact_survival,antisymmetric_nac_bb,Any 1 antisymmetric NAC BB,chain_pair,all,largest_cluster,382000.0,0.0019488538076906647,0.00045788027532117924,1934.4791075070375,9347.442116882818,7052.98641091508,0.8,8.0,100.0,61,95,3
G2_Wcluster_alhx700,$\mathrm{Hel}_{50}$,NAC_antisymmetric_BB_contact_survival,antisymmetric_nac_bb,Any 1 antisymmetric NAC BB,chain_pair,all,largest_cluster,383000.0,0.0019488538076906647,0.00045788027532117924,1934.4791075070375,9347.442116882818,7052.98641091508,0.8,8.0,100.0,61,95,3
G2_Wcluster_alhx700,$\mathrm{Hel}_{50}$,NAC_antisymmetric_BB_contact_survival,antisymmetric_nac_bb,Any 1 antisymmetric NAC BB,chain_pair,all,largest_cluster,384000.0,0.0019488538076906647,0.00045788027532117924,1934.4791075070375,9347.442116882818,7052.98641091508,0.8,8.0,100.0,61,95,3
G2_Wcluster_alhx700,$\mathrm{Hel}_{50}$,NAC_antisymmetric_BB_contact_survival,antisymmetric_nac_bb,Any 1 antisymmetric NAC BB,chain_pair,all,largest_cluster,385000.0,0.0019488538076906647,0.00045788027532117924,1934.4791075070375,9347.442116882818,7052.98641091508,0.8,8.0,100.0,61,95,3
G2_Wcluster_alhx700,$\mathrm{Hel}_{50}$,NAC_antisymmetric_BB_contact_survival,antisymmetric_nac_bb,Any 1 antisymmetric NAC BB,chain_pair,all,largest_cluster,386000.0,0.0019488538076906647,0.00045788027532117924,1934.4791075070375,9347.442116882818,7052.98641091508,0.8,8.0,100.0,61,95,3
G2_Wcluster_alhx700,$\mathrm{Hel}_{50}$,NAC_antisymmetric_BB_contact_survival,antisymmetric_nac_bb,Any 1 antisymmetric NAC BB,chain_pair,all,largest_cluster,387000.0,0.0019488538076906647,0.00045788027532117924,1934.4791075070375,9347.442116882818,7052.98641091508,0.8,8.0,100.0,61,95,3
G2_Wcluster_alhx700,$\mathrm{Hel}_{50}$,NAC_antisymmetric_BB_contact_survival,antisymmetric_nac_bb,Any 1 antisymmetric NAC BB,chain_pair,all,largest_cluster,388000.0,0.0019488538076906647,0.00045788027532117924,1934.4791075070375,9347.442116882818,7052.98641091508,0.8,8.0,100.0,61,95,3
G2_Wcluster_alhx700,$\mathrm{Hel}_{50}$,NAC_antisymmetric_BB_contact_survival,antisymmetric_nac_bb,Any 1 antisymmetric NAC BB,chain_pair,all,largest_cluster,389000.0,0.0019488538076906647,0.00045788027532117924,1934.4791075070375,9347.442116882818,7052.98641091508,0.8,8.0,100.0,61,95,3
G2_Wcluster_alhx700,$\mathrm{Hel}_{50}$,NAC_antisymmetric_BB_contact_survival,antisymmetric_nac_bb,Any 1 antisymmetric NAC BB,chain_pair,all,largest_cluster,390000.0,0.0019488538076906647,0.00045788027532117924,1934.4791075070375,9347.442116882818,7052.98641091508,0.8,8.0,100.0,61,95,3
G2_Wcluster_alhx700,$\mathrm{Hel}_{50}$,NAC_antisymmetric_BB_contact_survival,antisymmetric_nac_bb,Any 1 antisymmetric NAC BB,chain_pair,all,largest_cluster,391000.0,0.001903072550537343,0.0005162680871380635,1934.4791075070375,9347.442116882818,7052.98641091508,0.8,8.0,100.0,61,95,3
G2_Wcluster_alhx700,$\mathrm{Hel}_{50}$,NAC_antisymmetric_BB_contact_survival,antisymmetric_nac_bb,Any 1 antisymmetric NAC BB,chain_pair,all,largest_cluster,392000.0,0.001903072550537343,0.0005162680871380635,1934.4791075070375,9347.442116882818,7052.98641091508,0.8,8.0,100.0,61,95,3
G2_Wcluster_alhx700,$\mathrm{Hel}_{50}$,NAC_antisymmetric_BB_contact_survival,antisymmetric_nac_bb,Any 1 antisymmetric NAC BB,chain_pair,all,largest_cluster,393000.0,0.001903072550537343,0.0005162680871380635,1934.4791075070375,9347.442116882818,7052.98641091508,0.8,8.0,100.0,61,95,3
G2_Wcluster_alhx700,$\mathrm{Hel}_{50}$,NAC_antisymmetric_BB_contact_survival,antisymmetric_nac_bb,Any 1 antisymmetric NAC BB,chain_pair,all,largest_cluster,394000.0,0.001903072550537343,0.0005162680871380635,1934.4791075070375,9347.442116882818,7052.98641091508,0.8,8.0,100.0,61,95,3
G2_Wcluster_alhx700,$\mathrm{Hel}_{50}$,NAC_antisymmetric_BB_contact_survival,antisymmetric_nac_bb,Any 1 antisymmetric NAC BB,chain_pair,all,largest_cluster,395000.0,0.001903072550537343,0.0005162680871380635,1934.4791075070375,9347.442116882818,7052.98641091508,0.8,8.0,100.0,61,95,3
G2_Wcluster_alhx700,$\mathrm{Hel}_{50}$,NAC_antisymmetric_BB_contact_survival,antisymmetric_nac_bb,Any 1 antisymmetric NAC BB,chain_pair,all,largest_cluster,396000.0,0.001903072550537343,0.0005162680871380635,1934.4791075070375,9347.442116882818,7052.98641091508,0.8,8.0,100.0,61,95,3
G2_Wcluster_alhx700,$\mathrm{Hel}_{50}$,NAC_antisymmetric_BB_contact_survival,antisymmetric_nac_bb,Any 1 antisymmetric NAC BB,chain_pair,all,largest_cluster,397000.0,0.001903072550537343,0.0005162680871380635,1934.4791075070375,9347.442116882818,7052.98641091508,0.8,8.0,100.0,61,95,3
G2_Wcluster_alhx700,$\mathrm{Hel}_{50}$,NAC_antisymmetric_BB_contact_survival,antisymmetric_nac_bb,Any 1 antisymmetric NAC BB,chain_pair,all,largest_cluster,398000.0,0.001903072550537343,0.0005162680871380635,1934.4791075070375,9347.442116882818,7052.98641091508,0.8,8.0,100.0,61,95,3
G2_Wcluster_alhx700,$\mathrm{Hel}_{50}$,NAC_antisymmetric_BB_contact_survival,antisymmetric_nac_bb,Any 1 antisymmetric NAC BB,chain_pair,all,largest_cluster,399000.0,0.001903072550537343,0.0005162680871380635,1934.4791075070375,9347.442116882818,7052.98641091508,0.8,8.0,100.0,61,95,3
G2_Wcluster_alhx700,$\mathrm{Hel}_{50}$,NAC_antisymmetric_BB_contact_survival,antisymmetric_nac_bb,Any 1 antisymmetric NAC BB,chain_pair,all,largest_cluster,400000.0,0.001903072550537343,0.0005162680871380635,1934.4791075070375,9347.442116882818,7052.98641091508,0.8,8.0,100.0,61,95,3
G2_Wcluster_alhx700,$\mathrm{Hel}_{50}$,NAC_antisymmetric_BB_contact_survival,antisymmetric_nac_bb,Any 1 antisymmetric NAC BB,chain_pair,all,largest_cluster,401000.0,0.001903072550537343,0.0005162680871380635,1934.4791075070375,9347.442116882818,7052.98641091508,0.8,8.0,100.0,61,95,3
G2_Wcluster_alhx700,$\mathrm{Hel}_{50}$,NAC_antisymmetric_BB_contact_survival,antisymmetric_nac_bb,Any 1 antisymmetric NAC BB,chain_pair,all,largest_cluster,402000.0,0.001903072550537343,0.0005162680871380635,1934.4791075070375,9347.442116882818,7052.98641091508,0.8,8.0,100.0,61,95,3
G2_Wcluster_alhx700,$\mathrm{Hel}_{50}$,NAC_antisymmetric_BB_contact_survival,antisymmetric_nac_bb,Any 1 antisymmetric NAC BB,chain_pair,all,largest_cluster,403000.0,0.0018572912933840218,0.0005760163392581374,1934.4791075070375,9347.442116882818,7052.98641091508,0.8,8.0,100.0,61,95,3
G2_Wcluster_alhx700,$\mathrm{Hel}_{50}$,NAC_antisymmetric_BB_contact_survival,antisymmetric_nac_bb,Any 1 antisymmetric NAC BB,chain_pair,all,largest_cluster,404000.0,0.0018572912933840218,0.0005760163392581374,1934.4791075070375,9347.442116882818,7052.98641091508,0.8,8.0,100.0,61,95,3
G2_Wcluster_alhx700,$\mathrm{Hel}_{50}$,NAC_antisymmetric_BB_contact_survival,antisymmetric_nac_bb,Any 1 antisymmetric NAC BB,chain_pair,all,largest_cluster,405000.0,0.0018572912933840218,0.0005760163392581374,1934.4791075070375,9347.442116882818,7052.98641091508,0.8,8.0,100.0,61,95,3
G2_Wcluster_alhx700,$\mathrm{Hel}_{50}$,NAC_antisymmetric_BB_contact_survival,antisymmetric_nac_bb,Any 1 antisymmetric NAC BB,chain_pair,all,largest_cluster,406000.0,0.0018572912933840218,0.0005760163392581374,1934.4791075070375,9347.442116882818,7052.98641091508,0.8,8.0,100.0,61,95,3
G2_Wcluster_alhx700,$\mathrm{Hel}_{50}$,NAC_antisymmetric_BB_contact_survival,antisymmetric_nac_bb,Any 1 antisymmetric NAC BB,chain_pair,all,largest_cluster,407000.0,0.0018572912933840218,0.0005760163392581374,1934.4791075070375,9347.442116882818,7052.98641091508,0.8,8.0,100.0,61,95,3
G2_Wcluster_alhx700,$\mathrm{Hel}_{50}$,NAC_antisymmetric_BB_contact_survival,antisymmetric_nac_bb,Any 1 antisymmetric NAC BB,chain_pair,all,largest_cluster,408000.0,0.0018572912933840218,0.0005760163392581374,1934.4791075070375,9347.442116882818,7052.98641091508,0.8,8.0,100.0,61,95,3
G2_Wcluster_alhx700,$\mathrm{Hel}_{50}$,NAC_antisymmetric_BB_contact_survival,antisymmetric_nac_bb,Any 1 antisymmetric NAC BB,chain_pair,all,largest_cluster,409000.0,0.0018572912933840218,0.0005760163392581374,1934.4791075070375,9347.442116882818,7052.98641091508,0.8,8.0,100.0,61,95,3
G2_Wcluster_alhx700,$\mathrm{Hel}_{50}$,NAC_antisymmetric_BB_contact_survival,antisymmetric_nac_bb,Any 1 antisymmetric NAC BB,chain_pair,all,largest_cluster,410000.0,0.0018572912933840218,0.0005760163392581374,1934.4791075070375,9347.442116882818,7052.98641091508,0.8,8.0,100.0,61,95,3
G2_Wcluster_alhx700,$\mathrm{Hel}_{50}$,NAC_antisymmetric_BB_contact_survival,antisymmetric_nac_bb,Any 1 antisymmetric NAC BB,chain_pair,all,largest_cluster,411000.0,0.0018572912933840218,0.0005760163392581374,1934.4791075070375,9347.442116882818,7052.98641091508,0.8,8.0,100.0,61,95,3
G2_Wcluster_alhx700,$\mathrm{Hel}_{50}$,NAC_antisymmetric_BB_contact_survival,antisymmetric_nac_bb,Any 1 antisymmetric NAC BB,chain_pair,all,largest_cluster,412000.0,0.0018572912933840218,0.0005760163392581374,1934.4791075070375,9347.442116882818,7052.98641091508,0.8,8.0,100.0,61,95,3
G2_Wcluster_alhx700,$\mathrm{Hel}_{50}$,NAC_antisymmetric_BB_contact_survival,antisymmetric_nac_bb,Any 1 antisymmetric NAC BB,chain_pair,all,largest_cluster,413000.0,0.0018572912933840218,0.0005760163392581374,1934.4791075070375,9347.442116882818,7052.98641091508,0.8,8.0,100.0,61,95,3
G2_Wcluster_alhx700,$\mathrm{Hel}_{50}$,NAC_antisymmetric_BB_contact_survival,antisymmetric_nac_bb,Any 1 antisymmetric NAC BB,chain_pair,all,largest_cluster,414000.0,0.0018572912933840218,0.0005760163392581374,1934.4791075070375,9347.442116882818,7052.98641091508,0.8,8.0,100.0,61,95,3
G2_Wcluster_alhx700,$\mathrm{Hel}_{50}$,NAC_antisymmetric_BB_contact_survival,antisymmetric_nac_bb,Any 1 antisymmetric NAC BB,chain_pair,all,largest_cluster,415000.0,0.0018572912933840218,0.0005760163392581374,1934.4791075070375,9347.442116882818,7052.98641091508,0.8,8.0,100.0,61,95,3
G2_Wcluster_alhx700,$\mathrm{Hel}_{50}$,NAC_antisymmetric_BB_contact_survival,antisymmetric_nac_bb,Any 1 antisymmetric NAC BB,chain_pair,all,largest_cluster,416000.0,0.0018572912933840218,0.0005760163392581374,1934.4791075070375,9347.442116882818,7052.98641091508,0.8,8.0,100.0,61,95,3
G2_Wcluster_alhx700,$\mathrm{Hel}_{50}$,NAC_antisymmetric_BB_contact_survival,antisymmetric_nac_bb,Any 1 antisymmetric NAC BB,chain_pair,all,largest_cluster,417000.0,0.0017979159222879526,0.0005130924846842211,1934.4791075070375,9347.442116882818,7052.98641091508,0.8,8.0,100.0,61,95,3
G2_Wcluster_alhx700,$\mathrm{Hel}_{50}$,NAC_antisymmetric_BB_contact_survival,antisymmetric_nac_bb,Any 1 antisymmetric NAC BB,chain_pair,all,largest_cluster,418000.0,0.0017979159222879526,0.0005130924846842211,1934.4791075070375,9347.442116882818,7052.98641091508,0.8,8.0,100.0,61,95,3
G2_Wcluster_alhx700,$\mathrm{Hel}_{50}$,NAC_antisymmetric_BB_contact_survival,antisymmetric_nac_bb,Any 1 antisymmetric NAC BB,chain_pair,all,largest_cluster,419000.0,0.0017979159222879526,0.0005130924846842211,1934.4791075070375,9347.442116882818,7052.98641091508,0.8,8.0,100.0,61,95,3
G2_Wcluster_alhx700,$\mathrm{Hel}_{50}$,NAC_antisymmetric_BB_contact_survival,antisymmetric_nac_bb,Any 1 antisymmetric NAC BB,chain_pair,all,largest_cluster,420000.0,0.001752134665134631,0.0005757370223420466,1934.4791075070375,9347.442116882818,7052.98641091508,0.8,8.0,100.0,61,95,3
G2_Wcluster_alhx700,$\mathrm{Hel}_{50}$,NAC_antisymmetric_BB_contact_survival,antisymmetric_nac_bb,Any 1 antisymmetric NAC BB,chain_pair,all,largest_cluster,421000.0,0.001752134665134631,0.0005757370223420466,1934.4791075070375,9347.442116882818,7052.98641091508,0.8,8.0,100.0,61,95,3
G2_Wcluster_alhx700,$\mathrm{Hel}_{50}$,NAC_antisymmetric_BB_contact_survival,antisymmetric_nac_bb,Any 1 antisymmetric NAC BB,chain_pair,all,largest_cluster,422000.0,0.001752134665134631,0.0005757370223420466,1934.4791075070375,9347.442116882818,7052.98641091508,0.8,8.0,100.0,61,95,3
G2_Wcluster_alhx700,$\mathrm{Hel}_{50}$,NAC_antisymmetric_BB_contact_survival,antisymmetric_nac_bb,Any 1 antisymmetric NAC BB,chain_pair,all,largest_cluster,423000.0,0.001752134665134631,0.0005757370223420466,1934.4791075070375,9347.442116882818,7052.98641091508,0.8,8.0,100.0,61,95,3
G2_Wcluster_alhx700,$\mathrm{Hel}_{50}$,NAC_antisymmetric_BB_contact_survival,antisymmetric_nac_bb,Any 1 antisymmetric NAC BB,chain_pair,all,largest_cluster,424000.0,0.001752134665134631,0.0005757370223420466,1934.4791075070375,9347.442116882818,7052.98641091508,0.8,8.0,100.0,61,95,3
G2_Wcluster_alhx700,$\mathrm{Hel}_{50}$,NAC_antisymmetric_BB_contact_survival,antisymmetric_nac_bb,Any 1 antisymmetric NAC BB,chain_pair,all,largest_cluster,425000.0,0.001752134665134631,0.0005757370223420466,1934.4791075070375,9347.442116882818,7052.98641091508,0.8,8.0,100.0,61,95,3
G2_Wcluster_alhx700,$\mathrm{Hel}_{50}$,NAC_antisymmetric_BB_contact_survival,antisymmetric_nac_bb,Any 1 antisymmetric NAC BB,chain_pair,all,largest_cluster,426000.0,0.001752134665134631,0.0005757370223420466,1934.4791075070375,9347.442116882818,7052.98641091508,0.8,8.0,100.0,61,95,3
G2_Wcluster_alhx700,$\mathrm{Hel}_{50}$,NAC_antisymmetric_BB_contact_survival,antisymmetric_nac_bb,Any 1 antisymmetric NAC BB,chain_pair,all,largest_cluster,427000.0,0.001752134665134631,0.0005757370223420466,1934.4791075070375,9347.442116882818,7052.98641091508,0.8,8.0,100.0,61,95,3
G2_Wcluster_alhx700,$\mathrm{Hel}_{50}$,NAC_antisymmetric_BB_contact_survival,antisymmetric_nac_bb,Any 1 antisymmetric NAC BB,chain_pair,all,largest_cluster,428000.0,0.001752134665134631,0.0005757370223420466,1934.4791075070375,9347.442116882818,7052.98641091508,0.8,8.0,100.0,61,95,3
G2_Wcluster_alhx700,$\mathrm{Hel}_{50}$,NAC_antisymmetric_BB_contact_survival,antisymmetric_nac_bb,Any 1 antisymmetric NAC BB,chain_pair,all,largest_cluster,429000.0,0.001752134665134631,0.0005757370223420466,1934.4791075070375,9347.442116882818,7052.98641091508,0.8,8.0,100.0,61,95,3
G2_Wcluster_alhx700,$\mathrm{Hel}_{50}$,NAC_antisymmetric_BB_contact_survival,antisymmetric_nac_bb,Any 1 antisymmetric NAC BB,chain_pair,all,largest_cluster,430000.0,0.0017050070907908825,0.000560801350452167,1934.4791075070375,9347.442116882818,7052.98641091508,0.8,8.0,100.0,61,95,3
G2_Wcluster_alhx700,$\mathrm{Hel}_{50}$,NAC_antisymmetric_BB_contact_survival,antisymmetric_nac_bb,Any 1 antisymmetric NAC BB,chain_pair,all,largest_cluster,431000.0,0.0017050070907908825,0.000560801350452167,1934.4791075070375,9347.442116882818,7052.98641091508,0.8,8.0,100.0,61,95,3
G2_Wcluster_alhx700,$\mathrm{Hel}_{50}$,NAC_antisymmetric_BB_contact_survival,antisymmetric_nac_bb,Any 1 antisymmetric NAC BB,chain_pair,all,largest_cluster,432000.0,0.0017050070907908825,0.000560801350452167,1934.4791075070375,9347.442116882818,7052.98641091508,0.8,8.0,100.0,61,95,3
G2_Wcluster_alhx700,$\mathrm{Hel}_{50}$,NAC_antisymmetric_BB_contact_survival,antisymmetric_nac_bb,Any 1 antisymmetric NAC BB,chain_pair,all,largest_cluster,433000.0,0.0017050070907908825,0.000560801350452167,1934.4791075070375,9347.442116882818,7052.98641091508,0.8,8.0,100.0,61,95,3
G2_Wcluster_alhx700,$\mathrm{Hel}_{50}$,NAC_antisymmetric_BB_contact_survival,antisymmetric_nac_bb,Any 1 antisymmetric NAC BB,chain_pair,all,largest_cluster,434000.0,0.0017050070907908825,0.000560801350452167,1934.4791075070375,9347.442116882818,7052.98641091508,0.8,8.0,100.0,61,95,3
G2_Wcluster_alhx700,$\mathrm{Hel}_{50}$,NAC_antisymmetric_BB_contact_survival,antisymmetric_nac_bb,Any 1 antisymmetric NAC BB,chain_pair,all,largest_cluster,435000.0,0.0017050070907908825,0.000560801350452167,1934.4791075070375,9347.442116882818,7052.98641091508,0.8,8.0,100.0,61,95,3
G2_Wcluster_alhx700,$\mathrm{Hel}_{50}$,NAC_antisymmetric_BB_contact_survival,antisymmetric_nac_bb,Any 1 antisymmetric NAC BB,chain_pair,all,largest_cluster,436000.0,0.0016578795164471337,0.0005535406249741424,1934.4791075070375,9347.442116882818,7052.98641091508,0.8,8.0,100.0,61,95,3
G2_Wcluster_alhx700,$\mathrm{Hel}_{50}$,NAC_antisymmetric_BB_contact_survival,antisymmetric_nac_bb,Any 1 antisymmetric NAC BB,chain_pair,all,largest_cluster,437000.0,0.0016578795164471337,0.0005535406249741424,1934.4791075070375,9347.442116882818,7052.98641091508,0.8,8.0,100.0,61,95,3
G2_Wcluster_alhx700,$\mathrm{Hel}_{50}$,NAC_antisymmetric_BB_contact_survival,antisymmetric_nac_bb,Any 1 antisymmetric NAC BB,chain_pair,all,largest_cluster,438000.0,0.0016578795164471337,0.0005535406249741424,1934.4791075070375,9347.442116882818,7052.98641091508,0.8,8.0,100.0,61,95,3
G2_Wcluster_alhx700,$\mathrm{Hel}_{50}$,NAC_antisymmetric_BB_contact_survival,antisymmetric_nac_bb,Any 1 antisymmetric NAC BB,chain_pair,all,largest_cluster,439000.0,0.0016578795164471337,0.0005535406249741424,1934.4791075070375,9347.442116882818,7052.98641091508,0.8,8.0,100.0,61,95,3
G2_Wcluster_alhx700,$\mathrm{Hel}_{50}$,NAC_antisymmetric_BB_contact_survival,antisymmetric_nac_bb,Any 1 antisymmetric NAC BB,chain_pair,all,largest_cluster,440000.0,0.0016578795164471337,0.0005535406249741424,1934.4791075070375,9347.442116882818,7052.98641091508,0.8,8.0,100.0,61,95,3
G2_Wcluster_alhx700,$\mathrm{Hel}_{50}$,NAC_antisymmetric_BB_contact_survival,antisymmetric_nac_bb,Any 1 antisymmetric NAC BB,chain_pair,all,largest_cluster,441000.0,0.0016107519421033854,0.0005542565519492362,1934.4791075070375,9347.442116882818,7052.98641091508,0.8,8.0,100.0,61,95,3
G2_Wcluster_alhx700,$\mathrm{Hel}_{50}$,NAC_antisymmetric_BB_contact_survival,antisymmetric_nac_bb,Any 1 antisymmetric NAC BB,chain_pair,all,largest_cluster,442000.0,0.0016107519421033854,0.0005542565519492362,1934.4791075070375,9347.442116882818,7052.98641091508,0.8,8.0,100.0,61,95,3
G2_Wcluster_alhx700,$\mathrm{Hel}_{50}$,NAC_antisymmetric_BB_contact_survival,antisymmetric_nac_bb,Any 1 antisymmetric NAC BB,chain_pair,all,largest_cluster,443000.0,0.0016107519421033854,0.0005542565519492362,1934.4791075070375,9347.442116882818,7052.98641091508,0.8,8.0,100.0,61,95,3
G2_Wcluster_alhx700,$\mathrm{Hel}_{50}$,NAC_antisymmetric_BB_contact_survival,antisymmetric_nac_bb,Any 1 antisymmetric NAC BB,chain_pair,all,largest_cluster,444000.0,0.0016107519421033854,0.0005542565519492362,1934.4791075070375,9347.442116882818,7052.98641091508,0.8,8.0,100.0,61,95,3
G2_Wcluster_alhx700,$\mathrm{Hel}_{50}$,NAC_antisymmetric_BB_contact_survival,antisymmetric_nac_bb,Any 1 antisymmetric NAC BB,chain_pair,all,largest_cluster,445000.0,0.0016107519421033854,0.0005542565519492362,1934.4791075070375,9347.442116882818,7052.98641091508,0.8,8.0,100.0,61,95,3
G2_Wcluster_alhx700,$\mathrm{Hel}_{50}$,NAC_antisymmetric_BB_contact_survival,antisymmetric_nac_bb,Any 1 antisymmetric NAC BB,chain_pair,all,largest_cluster,446000.0,0.0016107519421033854,0.0005542565519492362,1934.4791075070375,9347.442116882818,7052.98641091508,0.8,8.0,100.0,61,95,3
G2_Wcluster_alhx700,$\mathrm{Hel}_{50}$,NAC_antisymmetric_BB_contact_survival,antisymmetric_nac_bb,Any 1 antisymmetric NAC BB,chain_pair,all,largest_cluster,447000.0,0.0016107519421033854,0.0005542565519492362,1934.4791075070375,9347.442116882818,7052.98641091508,0.8,8.0,100.0,61,95,3
G2_Wcluster_alhx700,$\mathrm{Hel}_{50}$,NAC_antisymmetric_BB_contact_survival,antisymmetric_nac_bb,Any 1 antisymmetric NAC BB,chain_pair,all,largest_cluster,448000.0,0.0015649706849500636,0.0006089728096232282,1934.4791075070375,9347.442116882818,7052.98641091508,0.8,8.0,100.0,61,95,3
G2_Wcluster_alhx700,$\mathrm{Hel}_{50}$,NAC_antisymmetric_BB_contact_survival,antisymmetric_nac_bb,Any 1 antisymmetric NAC BB,chain_pair,all,largest_cluster,449000.0,0.0015649706849500636,0.0006089728096232282,1934.4791075070375,9347.442116882818,7052.98641091508,0.8,8.0,100.0,61,95,3
G2_Wcluster_alhx700,$\mathrm{Hel}_{50}$,NAC_antisymmetric_BB_contact_survival,antisymmetric_nac_bb,Any 1 antisymmetric NAC BB,chain_pair,all,largest_cluster,450000.0,0.0015055953138539944,0.0005373604717084021,1934.4791075070375,9347.442116882818,7052.98641091508,0.8,8.0,100.0,61,95,3
G2_Wcluster_alhx700,$\mathrm{Hel}_{50}$,NAC_antisymmetric_BB_contact_survival,antisymmetric_nac_bb,Any 1 antisymmetric NAC BB,chain_pair,all,largest_cluster,451000.0,0.0015055953138539944,0.0005373604717084021,1934.4791075070375,9347.442116882818,7052.98641091508,0.8,8.0,100.0,61,95,3
G2_Wcluster_alhx700,$\mathrm{Hel}_{50}$,NAC_antisymmetric_BB_contact_survival,antisymmetric_nac_bb,Any 1 antisymmetric NAC BB,chain_pair,all,largest_cluster,452000.0,0.0015055953138539944,0.0005373604717084021,1934.4791075070375,9347.442116882818,7052.98641091508,0.8,8.0,100.0,61,95,3
G2_Wcluster_alhx700,$\mathrm{Hel}_{50}$,NAC_antisymmetric_BB_contact_survival,antisymmetric_nac_bb,Any 1 antisymmetric NAC BB,chain_pair,all,largest_cluster,453000.0,0.0015055953138539944,0.0005373604717084021,1934.4791075070375,9347.442116882818,7052.98641091508,0.8,8.0,100.0,61,95,3
G2_Wcluster_alhx700,$\mathrm{Hel}_{50}$,NAC_antisymmetric_BB_contact_survival,antisymmetric_nac_bb,Any 1 antisymmetric NAC BB,chain_pair,all,largest_cluster,454000.0,0.0015055953138539944,0.0005373604717084021,1934.4791075070375,9347.442116882818,7052.98641091508,0.8,8.0,100.0,61,95,3
G2_Wcluster_alhx700,$\mathrm{Hel}_{50}$,NAC_antisymmetric_BB_contact_survival,antisymmetric_nac_bb,Any 1 antisymmetric NAC BB,chain_pair,all,largest_cluster,455000.0,0.0015055953138539944,0.0005373604717084021,1934.4791075070375,9347.442116882818,7052.98641091508,0.8,8.0,100.0,61,95,3
G2_Wcluster_alhx700,$\mathrm{Hel}_{50}$,NAC_antisymmetric_BB_contact_survival,antisymmetric_nac_bb,Any 1 antisymmetric NAC BB,chain_pair,all,largest_cluster,456000.0,0.0015055953138539944,0.0005373604717084021,1934.4791075070375,9347.442116882818,7052.98641091508,0.8,8.0,100.0,61,95,3
G2_Wcluster_alhx700,$\mathrm{Hel}_{50}$,NAC_antisymmetric_BB_contact_survival,antisymmetric_nac_bb,Any 1 antisymmetric NAC BB,chain_pair,all,largest_cluster,457000.0,0.0015055953138539944,0.0005373604717084021,1934.4791075070375,9347.442116882818,7052.98641091508,0.8,8.0,100.0,61,95,3
G2_Wcluster_alhx700,$\mathrm{Hel}_{50}$,NAC_antisymmetric_BB_contact_survival,antisymmetric_nac_bb,Any 1 antisymmetric NAC BB,chain_pair,all,largest_cluster,458000.0,0.0015055953138539944,0.0005373604717084021,1934.4791075070375,9347.442116882818,7052.98641091508,0.8,8.0,100.0,61,95,3
G2_Wcluster_alhx700,$\mathrm{Hel}_{50}$,NAC_antisymmetric_BB_contact_survival,antisymmetric_nac_bb,Any 1 antisymmetric NAC BB,chain_pair,all,largest_cluster,459000.0,0.0015055953138539944,0.0005373604717084021,1934.4791075070375,9347.442116882818,7052.98641091508,0.8,8.0,100.0,61,95,3
G2_Wcluster_alhx700,$\mathrm{Hel}_{50}$,NAC_antisymmetric_BB_contact_survival,antisymmetric_nac_bb,Any 1 antisymmetric NAC BB,chain_pair,all,largest_cluster,460000.0,0.0015055953138539944,0.0005373604717084021,1934.4791075070375,9347.442116882818,7052.98641091508,0.8,8.0,100.0,61,95,3
G2_Wcluster_alhx700,$\mathrm{Hel}_{50}$,NAC_antisymmetric_BB_contact_survival,antisymmetric_nac_bb,Any 1 antisymmetric NAC BB,chain_pair,all,largest_cluster,461000.0,0.0015055953138539944,0.0005373604717084021,1934.4791075070375,9347.442116882818,7052.98641091508,0.8,8.0,100.0,61,95,3
G2_Wcluster_alhx700,$\mathrm{Hel}_{50}$,NAC_antisymmetric_BB_contact_survival,antisymmetric_nac_bb,Any 1 antisymmetric NAC BB,chain_pair,all,largest_cluster,462000.0,0.0014462199427579252,0.00046985786044305764,1934.4791075070375,9347.442116882818,7052.98641091508,0.8,8.0,100.0,61,95,3
G2_Wcluster_alhx700,$\mathrm{Hel}_{50}$,NAC_antisymmetric_BB_contact_survival,antisymmetric_nac_bb,Any 1 antisymmetric NAC BB,chain_pair,all,largest_cluster,463000.0,0.0014462199427579252,0.00046985786044305764,1934.4791075070375,9347.442116882818,7052.98641091508,0.8,8.0,100.0,61,95,3
G2_Wcluster_alhx700,$\mathrm{Hel}_{50}$,NAC_antisymmetric_BB_contact_survival,antisymmetric_nac_bb,Any 1 antisymmetric NAC BB,chain_pair,all,largest_cluster,464000.0,0.0014462199427579252,0.00046985786044305764,1934.4791075070375,9347.442116882818,7052.98641091508,0.8,8.0,100.0,61,95,3
G2_Wcluster_alhx700,$\mathrm{Hel}_{50}$,NAC_antisymmetric_BB_contact_survival,antisymmetric_nac_bb,Any 1 antisymmetric NAC BB,chain_pair,all,largest_cluster,465000.0,0.0014462199427579252,0.00046985786044305764,1934.4791075070375,9347.442116882818,7052.98641091508,0.8,8.0,100.0,61,95,3
G2_Wcluster_alhx700,$\mathrm{Hel}_{50}$,NAC_antisymmetric_BB_contact_survival,antisymmetric_nac_bb,Any 1 antisymmetric NAC BB,chain_pair,all,largest_cluster,466000.0,0.0014462199427579252,0.00046985786044305764,1934.4791075070375,9347.442116882818,7052.98641091508,0.8,8.0,100.0,61,95,3
G2_Wcluster_alhx700,$\mathrm{Hel}_{50}$,NAC_antisymmetric_BB_contact_survival,antisymmetric_nac_bb,Any 1 antisymmetric NAC BB,chain_pair,all,largest_cluster,467000.0,0.0014462199427579252,0.00046985786044305764,1934.4791075070375,9347.442116882818,7052.98641091508,0.8,8.0,100.0,61,95,3
G2_Wcluster_alhx700,$\mathrm{Hel}_{50}$,NAC_antisymmetric_BB_contact_survival,antisymmetric_nac_bb,Any 1 antisymmetric NAC BB,chain_pair,all,largest_cluster,468000.0,0.0014462199427579252,0.00046985786044305764,1934.4791075070375,9347.442116882818,7052.98641091508,0.8,8.0,100.0,61,95,3
G2_Wcluster_alhx700,$\mathrm{Hel}_{50}$,NAC_antisymmetric_BB_contact_survival,antisymmetric_nac_bb,Any 1 antisymmetric NAC BB,chain_pair,all,largest_cluster,469000.0,0.0014462199427579252,0.00046985786044305764,1934.4791075070375,9347.442116882818,7052.98641091508,0.8,8.0,100.0,61,95,3
G2_Wcluster_alhx700,$\mathrm{Hel}_{50}$,NAC_antisymmetric_BB_contact_survival,antisymmetric_nac_bb,Any 1 antisymmetric NAC BB,chain_pair,all,largest_cluster,470000.0,0.0014462199427579252,0.00046985786044305764,1934.4791075070375,9347.442116882818,7052.98641091508,0.8,8.0,100.0,61,95,3
G2_Wcluster_alhx700,$\mathrm{Hel}_{50}$,NAC_antisymmetric_BB_contact_survival,antisymmetric_nac_bb,Any 1 antisymmetric NAC BB,chain_pair,all,largest_cluster,471000.0,0.0013533111112608552,0.0005213238644747544,1934.4791075070375,9347.442116882818,7052.98641091508,0.8,8.0,100.0,61,95,3
G2_Wcluster_alhx700,$\mathrm{Hel}_{50}$,NAC_antisymmetric_BB_contact_survival,antisymmetric_nac_bb,Any 1 antisymmetric NAC BB,chain_pair,all,largest_cluster,472000.0,0.001306183536917107,0.0005201121344467406,1934.4791075070375,9347.442116882818,7052.98641091508,0.8,8.0,100.0,61,95,3
G2_Wcluster_alhx700,$\mathrm{Hel}_{50}$,NAC_antisymmetric_BB_contact_survival,antisymmetric_nac_bb,Any 1 antisymmetric NAC BB,chain_pair,all,largest_cluster,473000.0,0.0012590559625733583,0.0005273885912500372,1934.4791075070375,9347.442116882818,7052.98641091508,0.8,8.0,100.0,61,95,3
G2_Wcluster_alhx700,$\mathrm{Hel}_{50}$,NAC_antisymmetric_BB_contact_survival,antisymmetric_nac_bb,Any 1 antisymmetric NAC BB,chain_pair,all,largest_cluster,474000.0,0.0012590559625733583,0.0005273885912500372,1934.4791075070375,9347.442116882818,7052.98641091508,0.8,8.0,100.0,61,95,3
G2_Wcluster_alhx700,$\mathrm{Hel}_{50}$,NAC_antisymmetric_BB_contact_survival,antisymmetric_nac_bb,Any 1 antisymmetric NAC BB,chain_pair,all,largest_cluster,475000.0,0.0012590559625733583,0.0005273885912500372,1934.4791075070375,9347.442116882818,7052.98641091508,0.8,8.0,100.0,61,95,3
G2_Wcluster_alhx700,$\mathrm{Hel}_{50}$,NAC_antisymmetric_BB_contact_survival,antisymmetric_nac_bb,Any 1 antisymmetric NAC BB,chain_pair,all,largest_cluster,476000.0,0.0012590559625733583,0.0005273885912500372,1934.4791075070375,9347.442116882818,7052.98641091508,0.8,8.0,100.0,61,95,3
G2_Wcluster_alhx700,$\mathrm{Hel}_{50}$,NAC_antisymmetric_BB_contact_survival,antisymmetric_nac_bb,Any 1 antisymmetric NAC BB,chain_pair,all,largest_cluster,477000.0,0.0012132747054200367,0.0005785630454700737,1934.4791075070375,9347.442116882818,7052.98641091508,0.8,8.0,100.0,61,95,3
G2_Wcluster_alhx700,$\mathrm{Hel}_{50}$,NAC_antisymmetric_BB_contact_survival,antisymmetric_nac_bb,Any 1 antisymmetric NAC BB,chain_pair,all,largest_cluster,478000.0,0.0011538993343239675,0.000503174571094609,1934.4791075070375,9347.442116882818,7052.98641091508,0.8,8.0,100.0,61,95,3
G2_Wcluster_alhx700,$\mathrm{Hel}_{50}$,NAC_antisymmetric_BB_contact_survival,antisymmetric_nac_bb,Any 1 antisymmetric NAC BB,chain_pair,all,largest_cluster,479000.0,0.001108118077170646,0.000559221115624097,1934.4791075070375,9347.442116882818,7052.98641091508,0.8,8.0,100.0,61,95,3
G2_Wcluster_alhx700,$\mathrm{Hel}_{50}$,NAC_antisymmetric_BB_contact_survival,antisymmetric_nac_bb,Any 1 antisymmetric NAC BB,chain_pair,all,largest_cluster,480000.0,0.0010487427060745767,0.0004897375706214856,1934.4791075070375,9347.442116882818,7052.98641091508,0.8,8.0,100.0,61,95,3
G2_Wcluster_alhx700,$\mathrm{Hel}_{50}$,NAC_antisymmetric_BB_contact_survival,antisymmetric_nac_bb,Any 1 antisymmetric NAC BB,chain_pair,all,largest_cluster,481000.0,0.0010487427060745767,0.0004897375706214856,1934.4791075070375,9347.442116882818,7052.98641091508,0.8,8.0,100.0,61,95,3
G2_Wcluster_alhx700,$\mathrm{Hel}_{50}$,NAC_antisymmetric_BB_contact_survival,antisymmetric_nac_bb,Any 1 antisymmetric NAC BB,chain_pair,all,largest_cluster,482000.0,0.0010487427060745767,0.0004897375706214856,1934.4791075070375,9347.442116882818,7052.98641091508,0.8,8.0,100.0,61,95,3
G2_Wcluster_alhx700,$\mathrm{Hel}_{50}$,NAC_antisymmetric_BB_contact_survival,antisymmetric_nac_bb,Any 1 antisymmetric NAC BB,chain_pair,all,largest_cluster,483000.0,0.0010487427060745767,0.0004897375706214856,1934.4791075070375,9347.442116882818,7052.98641091508,0.8,8.0,100.0,61,95,3
G2_Wcluster_alhx700,$\mathrm{Hel}_{50}$,NAC_antisymmetric_BB_contact_survival,antisymmetric_nac_bb,Any 1 antisymmetric NAC BB,chain_pair,all,largest_cluster,484000.0,0.0010487427060745767,0.0004897375706214856,1934.4791075070375,9347.442116882818,7052.98641091508,0.8,8.0,100.0,61,95,3
G2_Wcluster_alhx700,$\mathrm{Hel}_{50}$,NAC_antisymmetric_BB_contact_survival,antisymmetric_nac_bb,Any 1 antisymmetric NAC BB,chain_pair,all,largest_cluster,485000.0,0.0010487427060745767,0.0004897375706214856,1934.4791075070375,9347.442116882818,7052.98641091508,0.8,8.0,100.0,61,95,3
G2_Wcluster_alhx700,$\mathrm{Hel}_{50}$,NAC_antisymmetric_BB_contact_survival,antisymmetric_nac_bb,Any 1 antisymmetric NAC BB,chain_pair,all,largest_cluster,486000.0,0.0010487427060745767,0.0004897375706214856,1934.4791075070375,9347.442116882818,7052.98641091508,0.8,8.0,100.0,61,95,3
G2_Wcluster_alhx700,$\mathrm{Hel}_{50}$,NAC_antisymmetric_BB_contact_survival,antisymmetric_nac_bb,Any 1 antisymmetric NAC BB,chain_pair,all,largest_cluster,487000.0,0.0010487427060745767,0.0004897375706214856,1934.4791075070375,9347.442116882818,7052.98641091508,0.8,8.0,100.0,61,95,3
G2_Wcluster_alhx700,$\mathrm{Hel}_{50}$,NAC_antisymmetric_BB_contact_survival,antisymmetric_nac_bb,Any 1 antisymmetric NAC BB,chain_pair,all,largest_cluster,488000.0,0.0010487427060745767,0.0004897375706214856,1934.4791075070375,9347.442116882818,7052.98641091508,0.8,8.0,100.0,61,95,3
G2_Wcluster_alhx700,$\mathrm{Hel}_{50}$,NAC_antisymmetric_BB_contact_survival,antisymmetric_nac_bb,Any 1 antisymmetric NAC BB,chain_pair,all,largest_cluster,489000.0,0.0010016151317308283,0.0004863392927289001,1934.4791075070375,9347.442116882818,7052.98641091508,0.8,8.0,100.0,61,95,3
G2_Wcluster_alhx700,$\mathrm{Hel}_{50}$,NAC_antisymmetric_BB_contact_survival,antisymmetric_nac_bb,Any 1 antisymmetric NAC BB,chain_pair,all,largest_cluster,490000.0,0.0010016151317308283,0.0004863392927289001,1934.4791075070375,9347.442116882818,7052.98641091508,0.8,8.0,100.0,61,95,3
G2_Wcluster_alhx700,$\mathrm{Hel}_{50}$,NAC_antisymmetric_BB_contact_survival,antisymmetric_nac_bb,Any 1 antisymmetric NAC BB,chain_pair,all,largest_cluster,491000.0,0.0010016151317308283,0.0004863392927289001,1934.4791075070375,9347.442116882818,7052.98641091508,0.8,8.0,100.0,61,95,3
G2_Wcluster_alhx700,$\mathrm{Hel}_{50}$,NAC_antisymmetric_BB_contact_survival,antisymmetric_nac_bb,Any 1 antisymmetric NAC BB,chain_pair,all,largest_cluster,492000.0,0.0010016151317308283,0.0004863392927289001,1934.4791075070375,9347.442116882818,7052.98641091508,0.8,8.0,100.0,61,95,3
G2_Wcluster_alhx700,$\mathrm{Hel}_{50}$,NAC_antisymmetric_BB_contact_survival,antisymmetric_nac_bb,Any 1 antisymmetric NAC BB,chain_pair,all,largest_cluster,493000.0,0.0010016151317308283,0.0004863392927289001,1934.4791075070375,9347.442116882818,7052.98641091508,0.8,8.0,100.0,61,95,3
G2_Wcluster_alhx700,$\mathrm{Hel}_{50}$,NAC_antisymmetric_BB_contact_survival,antisymmetric_nac_bb,Any 1 antisymmetric NAC BB,chain_pair,all,largest_cluster,494000.0,0.0010016151317308283,0.0004863392927289001,1934.4791075070375,9347.442116882818,7052.98641091508,0.8,8.0,100.0,61,95,3
G2_Wcluster_alhx700,$\mathrm{Hel}_{50}$,NAC_antisymmetric_BB_contact_survival,antisymmetric_nac_bb,Any 1 antisymmetric NAC BB,chain_pair,all,largest_cluster,495000.0,0.0010016151317308283,0.0004863392927289001,1934.4791075070375,9347.442116882818,7052.98641091508,0.8,8.0,100.0,61,95,3
G2_Wcluster_alhx700,$\mathrm{Hel}_{50}$,NAC_antisymmetric_BB_contact_survival,antisymmetric_nac_bb,Any 1 antisymmetric NAC BB,chain_pair,all,largest_cluster,496000.0,0.0010016151317308283,0.0004863392927289001,1934.4791075070375,9347.442116882818,7052.98641091508,0.8,8.0,100.0,61,95,3
G2_Wcluster_alhx700,$\mathrm{Hel}_{50}$,NAC_antisymmetric_BB_contact_survival,antisymmetric_nac_bb,Any 1 antisymmetric NAC BB,chain_pair,all,largest_cluster,497000.0,0.0010016151317308283,0.0004863392927289001,1934.4791075070375,9347.442116882818,7052.98641091508,0.8,8.0,100.0,61,95,3
G2_Wcluster_alhx700,$\mathrm{Hel}_{50}$,NAC_antisymmetric_BB_contact_survival,antisymmetric_nac_bb,Any 1 antisymmetric NAC BB,chain_pair,all,largest_cluster,498000.0,0.0010016151317308283,0.0004863392927289001,1934.4791075070375,9347.442116882818,7052.98641091508,0.8,8.0,100.0,61,95,3
G2_Wcluster_alhx700,$\mathrm{Hel}_{50}$,NAC_antisymmetric_BB_contact_survival,antisymmetric_nac_bb,Any 1 antisymmetric NAC BB,chain_pair,all,largest_cluster,499000.0,0.0010016151317308283,0.0004863392927289001,1934.4791075070375,9347.442116882818,7052.98641091508,0.8,8.0,100.0,61,95,3
G2_Wcluster_alhx700,$\mathrm{Hel}_{50}$,NAC_antisymmetric_BB_contact_survival,antisymmetric_nac_bb,Any 1 antisymmetric NAC BB,chain_pair,all,largest_cluster,500000.0,0.0010016151317308283,0.0004863392927289001,1934.4791075070375,9347.442116882818,7052.98641091508,0.8,8.0,100.0,61,95,3
G2_Wcluster_alhx700,$\mathrm{Hel}_{50}$,NAC_antisymmetric_BB_contact_survival,antisymmetric_nac_bb,Any 1 antisymmetric NAC BB,chain_pair,all,largest_cluster,501000.0,0.0010016151317308283,0.0004863392927289001,1934.4791075070375,9347.442116882818,7052.98641091508,0.8,8.0,100.0,61,95,3
G2_Wcluster_alhx700,$\mathrm{Hel}_{50}$,NAC_antisymmetric_BB_contact_survival,antisymmetric_nac_bb,Any 1 antisymmetric NAC BB,chain_pair,all,largest_cluster,502000.0,0.0010016151317308283,0.0004863392927289001,1934.4791075070375,9347.442116882818,7052.98641091508,0.8,8.0,100.0,61,95,3
G2_Wcluster_alhx700,$\mathrm{Hel}_{50}$,NAC_antisymmetric_BB_contact_survival,antisymmetric_nac_bb,Any 1 antisymmetric NAC BB,chain_pair,all,largest_cluster,503000.0,0.0010016151317308283,0.0004863392927289001,1934.4791075070375,9347.442116882818,7052.98641091508,0.8,8.0,100.0,61,95,3
G2_Wcluster_alhx700,$\mathrm{Hel}_{50}$,NAC_antisymmetric_BB_contact_survival,antisymmetric_nac_bb,Any 1 antisymmetric NAC BB,chain_pair,all,largest_cluster,504000.0,0.0010016151317308283,0.0004863392927289001,1934.4791075070375,9347.442116882818,7052.98641091508,0.8,8.0,100.0,61,95,3
G2_Wcluster_alhx700,$\mathrm{Hel}_{50}$,NAC_antisymmetric_BB_contact_survival,antisymmetric_nac_bb,Any 1 antisymmetric NAC BB,chain_pair,all,largest_cluster,505000.0,0.0010016151317308283,0.0004863392927289001,1934.4791075070375,9347.442116882818,7052.98641091508,0.8,8.0,100.0,61,95,3
G2_Wcluster_alhx700,$\mathrm{Hel}_{50}$,NAC_antisymmetric_BB_contact_survival,antisymmetric_nac_bb,Any 1 antisymmetric NAC BB,chain_pair,all,largest_cluster,506000.0,0.0010016151317308283,0.0004863392927289001,1934.4791075070375,9347.442116882818,7052.98641091508,0.8,8.0,100.0,61,95,3
G2_Wcluster_alhx700,$\mathrm{Hel}_{50}$,NAC_antisymmetric_BB_contact_survival,antisymmetric_nac_bb,Any 1 antisymmetric NAC BB,chain_pair,all,largest_cluster,507000.0,0.0010016151317308283,0.0004863392927289001,1934.4791075070375,9347.442116882818,7052.98641091508,0.8,8.0,100.0,61,95,3
G2_Wcluster_alhx700,$\mathrm{Hel}_{50}$,NAC_antisymmetric_BB_contact_survival,antisymmetric_nac_bb,Any 1 antisymmetric NAC BB,chain_pair,all,largest_cluster,508000.0,0.0010016151317308283,0.0004863392927289001,1934.4791075070375,9347.442116882818,7052.98641091508,0.8,8.0,100.0,61,95,3
G2_Wcluster_alhx700,$\mathrm{Hel}_{50}$,NAC_antisymmetric_BB_contact_survival,antisymmetric_nac_bb,Any 1 antisymmetric NAC BB,chain_pair,all,largest_cluster,509000.0,0.0010016151317308283,0.0004863392927289001,1934.4791075070375,9347.442116882818,7052.98641091508,0.8,8.0,100.0,61,95,3
G2_Wcluster_alhx700,$\mathrm{Hel}_{50}$,NAC_antisymmetric_BB_contact_survival,antisymmetric_nac_bb,Any 1 antisymmetric NAC BB,chain_pair,all,largest_cluster,510000.0,0.0010016151317308283,0.0004863392927289001,1934.4791075070375,9347.442116882818,7052.98641091508,0.8,8.0,100.0,61,95,3
G2_Wcluster_alhx700,$\mathrm{Hel}_{50}$,NAC_antisymmetric_BB_contact_survival,antisymmetric_nac_bb,Any 1 antisymmetric NAC BB,chain_pair,all,largest_cluster,511000.0,0.0010016151317308283,0.0004863392927289001,1934.4791075070375,9347.442116882818,7052.98641091508,0.8,8.0,100.0,61,95,3
G2_Wcluster_alhx700,$\mathrm{Hel}_{50}$,NAC_antisymmetric_BB_contact_survival,antisymmetric_nac_bb,Any 1 antisymmetric NAC BB,chain_pair,all,largest_cluster,512000.0,0.0010016151317308283,0.0004863392927289001,1934.4791075070375,9347.442116882818,7052.98641091508,0.8,8.0,100.0,61,95,3
G2_Wcluster_alhx700,$\mathrm{Hel}_{50}$,NAC_antisymmetric_BB_contact_survival,antisymmetric_nac_bb,Any 1 antisymmetric NAC BB,chain_pair,all,largest_cluster,513000.0,0.0010016151317308283,0.0004863392927289001,1934.4791075070375,9347.442116882818,7052.98641091508,0.8,8.0,100.0,61,95,3
G2_Wcluster_alhx700,$\mathrm{Hel}_{50}$,NAC_antisymmetric_BB_contact_survival,antisymmetric_nac_bb,Any 1 antisymmetric NAC BB,chain_pair,all,largest_cluster,514000.0,0.0010016151317308283,0.0004863392927289001,1934.4791075070375,9347.442116882818,7052.98641091508,0.8,8.0,100.0,61,95,3
G2_Wcluster_alhx700,$\mathrm{Hel}_{50}$,NAC_antisymmetric_BB_contact_survival,antisymmetric_nac_bb,Any 1 antisymmetric NAC BB,chain_pair,all,largest_cluster,515000.0,0.0010016151317308283,0.0004863392927289001,1934.4791075070375,9347.442116882818,7052.98641091508,0.8,8.0,100.0,61,95,3
G2_Wcluster_alhx700,$\mathrm{Hel}_{50}$,NAC_antisymmetric_BB_contact_survival,antisymmetric_nac_bb,Any 1 antisymmetric NAC BB,chain_pair,all,largest_cluster,516000.0,0.0010016151317308283,0.0004863392927289001,1934.4791075070375,9347.442116882818,7052.98641091508,0.8,8.0,100.0,61,95,3
G2_Wcluster_alhx700,$\mathrm{Hel}_{50}$,NAC_antisymmetric_BB_contact_survival,antisymmetric_nac_bb,Any 1 antisymmetric NAC BB,chain_pair,all,largest_cluster,517000.0,0.0010016151317308283,0.0004863392927289001,1934.4791075070375,9347.442116882818,7052.98641091508,0.8,8.0,100.0,61,95,3
G2_Wcluster_alhx700,$\mathrm{Hel}_{50}$,NAC_antisymmetric_BB_contact_survival,antisymmetric_nac_bb,Any 1 antisymmetric NAC BB,chain_pair,all,largest_cluster,518000.0,0.0010016151317308283,0.0004863392927289001,1934.4791075070375,9347.442116882818,7052.98641091508,0.8,8.0,100.0,61,95,3
G2_Wcluster_alhx700,$\mathrm{Hel}_{50}$,NAC_antisymmetric_BB_contact_survival,antisymmetric_nac_bb,Any 1 antisymmetric NAC BB,chain_pair,all,largest_cluster,519000.0,0.0010016151317308283,0.0004863392927289001,1934.4791075070375,9347.442116882818,7052.98641091508,0.8,8.0,100.0,61,95,3
G2_Wcluster_alhx700,$\mathrm{Hel}_{50}$,NAC_antisymmetric_BB_contact_survival,antisymmetric_nac_bb,Any 1 antisymmetric NAC BB,chain_pair,all,largest_cluster,520000.0,0.0010016151317308283,0.0004863392927289001,1934.4791075070375,9347.442116882818,7052.98641091508,0.8,8.0,100.0,61,95,3
G2_Wcluster_alhx700,$\mathrm{Hel}_{50}$,NAC_antisymmetric_BB_contact_survival,antisymmetric_nac_bb,Any 1 antisymmetric NAC BB,chain_pair,all,largest_cluster,521000.0,0.0010016151317308283,0.0004863392927289001,1934.4791075070375,9347.442116882818,7052.98641091508,0.8,8.0,100.0,61,95,3
G2_Wcluster_alhx700,$\mathrm{Hel}_{50}$,NAC_antisymmetric_BB_contact_survival,antisymmetric_nac_bb,Any 1 antisymmetric NAC BB,chain_pair,all,largest_cluster,522000.0,0.0010016151317308283,0.0004863392927289001,1934.4791075070375,9347.442116882818,7052.98641091508,0.8,8.0,100.0,61,95,3
G2_Wcluster_alhx700,$\mathrm{Hel}_{50}$,NAC_antisymmetric_BB_contact_survival,antisymmetric_nac_bb,Any 1 antisymmetric NAC BB,chain_pair,all,largest_cluster,523000.0,0.0010016151317308283,0.0004863392927289001,1934.4791075070375,9347.442116882818,7052.98641091508,0.8,8.0,100.0,61,95,3
G2_Wcluster_alhx700,$\mathrm{Hel}_{50}$,NAC_antisymmetric_BB_contact_survival,antisymmetric_nac_bb,Any 1 antisymmetric NAC BB,chain_pair,all,largest_cluster,524000.0,0.0010016151317308283,0.0004863392927289001,1934.4791075070375,9347.442116882818,7052.98641091508,0.8,8.0,100.0,61,95,3
G2_Wcluster_alhx700,$\mathrm{Hel}_{50}$,NAC_antisymmetric_BB_contact_survival,antisymmetric_nac_bb,Any 1 antisymmetric NAC BB,chain_pair,all,largest_cluster,525000.0,0.0010016151317308283,0.0004863392927289001,1934.4791075070375,9347.442116882818,7052.98641091508,0.8,8.0,100.0,61,95,3
G2_Wcluster_alhx700,$\mathrm{Hel}_{50}$,NAC_antisymmetric_BB_contact_survival,antisymmetric_nac_bb,Any 1 antisymmetric NAC BB,chain_pair,all,largest_cluster,526000.0,0.0010016151317308283,0.0004863392927289001,1934.4791075070375,9347.442116882818,7052.98641091508,0.8,8.0,100.0,61,95,3
G2_Wcluster_alhx700,$\mathrm{Hel}_{50}$,NAC_antisymmetric_BB_contact_survival,antisymmetric_nac_bb,Any 1 antisymmetric NAC BB,chain_pair,all,largest_cluster,527000.0,0.0010016151317308283,0.0004863392927289001,1934.4791075070375,9347.442116882818,7052.98641091508,0.8,8.0,100.0,61,95,3
G2_Wcluster_alhx700,$\mathrm{Hel}_{50}$,NAC_antisymmetric_BB_contact_survival,antisymmetric_nac_bb,Any 1 antisymmetric NAC BB,chain_pair,all,largest_cluster,528000.0,0.0010016151317308283,0.0004863392927289001,1934.4791075070375,9347.442116882818,7052.98641091508,0.8,8.0,100.0,61,95,3
G2_Wcluster_alhx700,$\mathrm{Hel}_{50}$,NAC_antisymmetric_BB_contact_survival,antisymmetric_nac_bb,Any 1 antisymmetric NAC BB,chain_pair,all,largest_cluster,529000.0,0.0010016151317308283,0.0004863392927289001,1934.4791075070375,9347.442116882818,7052.98641091508,0.8,8.0,100.0,61,95,3
G2_Wcluster_alhx700,$\mathrm{Hel}_{50}$,NAC_antisymmetric_BB_contact_survival,antisymmetric_nac_bb,Any 1 antisymmetric NAC BB,chain_pair,all,largest_cluster,530000.0,0.0009422397606347588,0.0004149046202569575,1934.4791075070375,9347.442116882818,7052.98641091508,0.8,8.0,100.0,61,95,3
G2_Wcluster_alhx700,$\mathrm{Hel}_{50}$,NAC_antisymmetric_BB_contact_survival,antisymmetric_nac_bb,Any 1 antisymmetric NAC BB,chain_pair,all,largest_cluster,531000.0,0.0008951121862910103,0.0004148692108453569,1934.4791075070375,9347.442116882818,7052.98641091508,0.8,8.0,100.0,61,95,3
G2_Wcluster_alhx700,$\mathrm{Hel}_{50}$,NAC_antisymmetric_BB_contact_survival,antisymmetric_nac_bb,Any 1 antisymmetric NAC BB,chain_pair,all,largest_cluster,532000.0,0.0008951121862910103,0.0004148692108453569,1934.4791075070375,9347.442116882818,7052.98641091508,0.8,8.0,100.0,61,95,3
G2_Wcluster_alhx700,$\mathrm{Hel}_{50}$,NAC_antisymmetric_BB_contact_survival,antisymmetric_nac_bb,Any 1 antisymmetric NAC BB,chain_pair,all,largest_cluster,533000.0,0.0008951121862910103,0.0004148692108453569,1934.4791075070375,9347.442116882818,7052.98641091508,0.8,8.0,100.0,61,95,3
G2_Wcluster_alhx700,$\mathrm{Hel}_{50}$,NAC_antisymmetric_BB_contact_survival,antisymmetric_nac_bb,Any 1 antisymmetric NAC BB,chain_pair,all,largest_cluster,534000.0,0.0008951121862910103,0.0004148692108453569,1934.4791075070375,9347.442116882818,7052.98641091508,0.8,8.0,100.0,61,95,3
G2_Wcluster_alhx700,$\mathrm{Hel}_{50}$,NAC_antisymmetric_BB_contact_survival,antisymmetric_nac_bb,Any 1 antisymmetric NAC BB,chain_pair,all,largest_cluster,535000.0,0.0008951121862910103,0.0004148692108453569,1934.4791075070375,9347.442116882818,7052.98641091508,0.8,8.0,100.0,61,95,3
G2_Wcluster_alhx700,$\mathrm{Hel}_{50}$,NAC_antisymmetric_BB_contact_survival,antisymmetric_nac_bb,Any 1 antisymmetric NAC BB,chain_pair,all,largest_cluster,536000.0,0.0008951121862910103,0.0004148692108453569,1934.4791075070375,9347.442116882818,7052.98641091508,0.8,8.0,100.0,61,95,3
G2_Wcluster_alhx700,$\mathrm{Hel}_{50}$,NAC_antisymmetric_BB_contact_survival,antisymmetric_nac_bb,Any 1 antisymmetric NAC BB,chain_pair,all,largest_cluster,537000.0,0.0008951121862910103,0.0004148692108453569,1934.4791075070375,9347.442116882818,7052.98641091508,0.8,8.0,100.0,61,95,3
G2_Wcluster_alhx700,$\mathrm{Hel}_{50}$,NAC_antisymmetric_BB_contact_survival,antisymmetric_nac_bb,Any 1 antisymmetric NAC BB,chain_pair,all,largest_cluster,538000.0,0.0008951121862910103,0.0004148692108453569,1934.4791075070375,9347.442116882818,7052.98641091508,0.8,8.0,100.0,61,95,3
G2_Wcluster_alhx700,$\mathrm{Hel}_{50}$,NAC_antisymmetric_BB_contact_survival,antisymmetric_nac_bb,Any 1 antisymmetric NAC BB,chain_pair,all,largest_cluster,539000.0,0.0008951121862910103,0.0004148692108453569,1934.4791075070375,9347.442116882818,7052.98641091508,0.8,8.0,100.0,61,95,3
G2_Wcluster_alhx700,$\mathrm{Hel}_{50}$,NAC_antisymmetric_BB_contact_survival,antisymmetric_nac_bb,Any 1 antisymmetric NAC BB,chain_pair,all,largest_cluster,540000.0,0.0008951121862910103,0.0004148692108453569,1934.4791075070375,9347.442116882818,7052.98641091508,0.8,8.0,100.0,61,95,3
G2_Wcluster_alhx700,$\mathrm{Hel}_{50}$,NAC_antisymmetric_BB_contact_survival,antisymmetric_nac_bb,Any 1 antisymmetric NAC BB,chain_pair,all,largest_cluster,541000.0,0.0008951121862910103,0.0004148692108453569,1934.4791075070375,9347.442116882818,7052.98641091508,0.8,8.0,100.0,61,95,3
G2_Wcluster_alhx700,$\mathrm{Hel}_{50}$,NAC_antisymmetric_BB_contact_survival,antisymmetric_nac_bb,Any 1 antisymmetric NAC BB,chain_pair,all,largest_cluster,542000.0,0.0008951121862910103,0.0004148692108453569,1934.4791075070375,9347.442116882818,7052.98641091508,0.8,8.0,100.0,61,95,3
G2_Wcluster_alhx700,$\mathrm{Hel}_{50}$,NAC_antisymmetric_BB_contact_survival,antisymmetric_nac_bb,Any 1 antisymmetric NAC BB,chain_pair,all,largest_cluster,543000.0,0.0008951121862910103,0.0004148692108453569,1934.4791075070375,9347.442116882818,7052.98641091508,0.8,8.0,100.0,61,95,3
G2_Wcluster_alhx700,$\mathrm{Hel}_{50}$,NAC_antisymmetric_BB_contact_survival,antisymmetric_nac_bb,Any 1 antisymmetric NAC BB,chain_pair,all,largest_cluster,544000.0,0.0008951121862910103,0.0004148692108453569,1934.4791075070375,9347.442116882818,7052.98641091508,0.8,8.0,100.0,61,95,3
G2_Wcluster_alhx700,$\mathrm{Hel}_{50}$,NAC_antisymmetric_BB_contact_survival,antisymmetric_nac_bb,Any 1 antisymmetric NAC BB,chain_pair,all,largest_cluster,545000.0,0.0008951121862910103,0.0004148692108453569,1934.4791075070375,9347.442116882818,7052.98641091508,0.8,8.0,100.0,61,95,3
G2_Wcluster_alhx700,$\mathrm{Hel}_{50}$,NAC_antisymmetric_BB_contact_survival,antisymmetric_nac_bb,Any 1 antisymmetric NAC BB,chain_pair,all,largest_cluster,546000.0,0.0008951121862910103,0.0004148692108453569,1934.4791075070375,9347.442116882818,7052.98641091508,0.8,8.0,100.0,61,95,3
G2_Wcluster_alhx700,$\mathrm{Hel}_{50}$,NAC_antisymmetric_BB_contact_survival,antisymmetric_nac_bb,Any 1 antisymmetric NAC BB,chain_pair,all,largest_cluster,547000.0,0.0008951121862910103,0.0004148692108453569,1934.4791075070375,9347.442116882818,7052.98641091508,0.8,8.0,100.0,61,95,3
G2_Wcluster_alhx700,$\mathrm{Hel}_{50}$,NAC_antisymmetric_BB_contact_survival,antisymmetric_nac_bb,Any 1 antisymmetric NAC BB,chain_pair,all,largest_cluster,548000.0,0.0008951121862910103,0.0004148692108453569,1934.4791075070375,9347.442116882818,7052.98641091508,0.8,8.0,100.0,61,95,3
G2_Wcluster_alhx700,$\mathrm{Hel}_{50}$,NAC_antisymmetric_BB_contact_survival,antisymmetric_nac_bb,Any 1 antisymmetric NAC BB,chain_pair,all,largest_cluster,549000.0,0.0008951121862910103,0.0004148692108453569,1934.4791075070375,9347.442116882818,7052.98641091508,0.8,8.0,100.0,61,95,3
G2_Wcluster_alhx700,$\mathrm{Hel}_{50}$,NAC_antisymmetric_BB_contact_survival,antisymmetric_nac_bb,Any 1 antisymmetric NAC BB,chain_pair,all,largest_cluster,550000.0,0.0008951121862910103,0.0004148692108453569,1934.4791075070375,9347.442116882818,7052.98641091508,0.8,8.0,100.0,61,95,3
G2_Wcluster_alhx700,$\mathrm{Hel}_{50}$,NAC_antisymmetric_BB_contact_survival,antisymmetric_nac_bb,Any 1 antisymmetric NAC BB,chain_pair,all,largest_cluster,551000.0,0.0008493309291376888,0.0004696172999008378,1934.4791075070375,9347.442116882818,7052.98641091508,0.8,8.0,100.0,61,95,3
G2_Wcluster_alhx700,$\mathrm{Hel}_{50}$,NAC_antisymmetric_BB_contact_survival,antisymmetric_nac_bb,Any 1 antisymmetric NAC BB,chain_pair,all,largest_cluster,552000.0,0.0008493309291376888,0.0004696172999008378,1934.4791075070375,9347.442116882818,7052.98641091508,0.8,8.0,100.0,61,95,3
G2_Wcluster_alhx700,$\mathrm{Hel}_{50}$,NAC_antisymmetric_BB_contact_survival,antisymmetric_nac_bb,Any 1 antisymmetric NAC BB,chain_pair,all,largest_cluster,553000.0,0.0008493309291376888,0.0004696172999008378,1934.4791075070375,9347.442116882818,7052.98641091508,0.8,8.0,100.0,61,95,3
G2_Wcluster_alhx700,$\mathrm{Hel}_{50}$,NAC_antisymmetric_BB_contact_survival,antisymmetric_nac_bb,Any 1 antisymmetric NAC BB,chain_pair,all,largest_cluster,554000.0,0.0008493309291376888,0.0004696172999008378,1934.4791075070375,9347.442116882818,7052.98641091508,0.8,8.0,100.0,61,95,3
G2_Wcluster_alhx700,$\mathrm{Hel}_{50}$,NAC_antisymmetric_BB_contact_survival,antisymmetric_nac_bb,Any 1 antisymmetric NAC BB,chain_pair,all,largest_cluster,555000.0,0.0008493309291376888,0.0004696172999008378,1934.4791075070375,9347.442116882818,7052.98641091508,0.8,8.0,100.0,61,95,3
G2_Wcluster_alhx700,$\mathrm{Hel}_{50}$,NAC_antisymmetric_BB_contact_survival,antisymmetric_nac_bb,Any 1 antisymmetric NAC BB,chain_pair,all,largest_cluster,556000.0,0.0008493309291376888,0.0004696172999008378,1934.4791075070375,9347.442116882818,7052.98641091508,0.8,8.0,100.0,61,95,3
G2_Wcluster_alhx700,$\mathrm{Hel}_{50}$,NAC_antisymmetric_BB_contact_survival,antisymmetric_nac_bb,Any 1 antisymmetric NAC BB,chain_pair,all,largest_cluster,557000.0,0.0008493309291376888,0.0004696172999008378,1934.4791075070375,9347.442116882818,7052.98641091508,0.8,8.0,100.0,61,95,3
G2_Wcluster_alhx700,$\mathrm{Hel}_{50}$,NAC_antisymmetric_BB_contact_survival,antisymmetric_nac_bb,Any 1 antisymmetric NAC BB,chain_pair,all,largest_cluster,558000.0,0.0008493309291376888,0.0004696172999008378,1934.4791075070375,9347.442116882818,7052.98641091508,0.8,8.0,100.0,61,95,3
G2_Wcluster_alhx700,$\mathrm{Hel}_{50}$,NAC_antisymmetric_BB_contact_survival,antisymmetric_nac_bb,Any 1 antisymmetric NAC BB,chain_pair,all,largest_cluster,559000.0,0.0008493309291376888,0.0004696172999008378,1934.4791075070375,9347.442116882818,7052.98641091508,0.8,8.0,100.0,61,95,3
G2_Wcluster_alhx700,$\mathrm{Hel}_{50}$,NAC_antisymmetric_BB_contact_survival,antisymmetric_nac_bb,Any 1 antisymmetric NAC BB,chain_pair,all,largest_cluster,560000.0,0.0008493309291376888,0.0004696172999008378,1934.4791075070375,9347.442116882818,7052.98641091508,0.8,8.0,100.0,61,95,3
G2_Wcluster_alhx700,$\mathrm{Hel}_{50}$,NAC_antisymmetric_BB_contact_survival,antisymmetric_nac_bb,Any 1 antisymmetric NAC BB,chain_pair,all,largest_cluster,561000.0,0.0008493309291376888,0.0004696172999008378,1934.4791075070375,9347.442116882818,7052.98641091508,0.8,8.0,100.0,61,95,3
G2_Wcluster_alhx700,$\mathrm{Hel}_{50}$,NAC_antisymmetric_BB_contact_survival,antisymmetric_nac_bb,Any 1 antisymmetric NAC BB,chain_pair,all,largest_cluster,562000.0,0.0008493309291376888,0.0004696172999008378,1934.4791075070375,9347.442116882818,7052.98641091508,0.8,8.0,100.0,61,95,3
G2_Wcluster_alhx700,$\mathrm{Hel}_{50}$,NAC_antisymmetric_BB_contact_survival,antisymmetric_nac_bb,Any 1 antisymmetric NAC BB,chain_pair,all,largest_cluster,563000.0,0.0008493309291376888,0.0004696172999008378,1934.4791075070375,9347.442116882818,7052.98641091508,0.8,8.0,100.0,61,95,3
G2_Wcluster_alhx700,$\mathrm{Hel}_{50}$,NAC_antisymmetric_BB_contact_survival,antisymmetric_nac_bb,Any 1 antisymmetric NAC BB,chain_pair,all,largest_cluster,564000.0,0.0008493309291376888,0.0004696172999008378,1934.4791075070375,9347.442116882818,7052.98641091508,0.8,8.0,100.0,61,95,3
G2_Wcluster_alhx700,$\mathrm{Hel}_{50}$,NAC_antisymmetric_BB_contact_survival,antisymmetric_nac_bb,Any 1 antisymmetric NAC BB,chain_pair,all,largest_cluster,565000.0,0.0008493309291376888,0.0004696172999008378,1934.4791075070375,9347.442116882818,7052.98641091508,0.8,8.0,100.0,61,95,3
G2_Wcluster_alhx700,$\mathrm{Hel}_{50}$,NAC_antisymmetric_BB_contact_survival,antisymmetric_nac_bb,Any 1 antisymmetric NAC BB,chain_pair,all,largest_cluster,566000.0,0.0008493309291376888,0.0004696172999008378,1934.4791075070375,9347.442116882818,7052.98641091508,0.8,8.0,100.0,61,95,3
G2_Wcluster_alhx700,$\mathrm{Hel}_{50}$,NAC_antisymmetric_BB_contact_survival,antisymmetric_nac_bb,Any 1 antisymmetric NAC BB,chain_pair,all,largest_cluster,567000.0,0.0008493309291376888,0.0004696172999008378,1934.4791075070375,9347.442116882818,7052.98641091508,0.8,8.0,100.0,61,95,3
G2_Wcluster_alhx700,$\mathrm{Hel}_{50}$,NAC_antisymmetric_BB_contact_survival,antisymmetric_nac_bb,Any 1 antisymmetric NAC BB,chain_pair,all,largest_cluster,568000.0,0.0008493309291376888,0.0004696172999008378,1934.4791075070375,9347.442116882818,7052.98641091508,0.8,8.0,100.0,61,95,3
G2_Wcluster_alhx700,$\mathrm{Hel}_{50}$,NAC_antisymmetric_BB_contact_survival,antisymmetric_nac_bb,Any 1 antisymmetric NAC BB,chain_pair,all,largest_cluster,569000.0,0.0008493309291376888,0.0004696172999008378,1934.4791075070375,9347.442116882818,7052.98641091508,0.8,8.0,100.0,61,95,3
G2_Wcluster_alhx700,$\mathrm{Hel}_{50}$,NAC_antisymmetric_BB_contact_survival,antisymmetric_nac_bb,Any 1 antisymmetric NAC BB,chain_pair,all,largest_cluster,570000.0,0.0008493309291376888,0.0004696172999008378,1934.4791075070375,9347.442116882818,7052.98641091508,0.8,8.0,100.0,61,95,3
G2_Wcluster_alhx700,$\mathrm{Hel}_{50}$,NAC_antisymmetric_BB_contact_survival,antisymmetric_nac_bb,Any 1 antisymmetric NAC BB,chain_pair,all,largest_cluster,571000.0,0.0008493309291376888,0.0004696172999008378,1934.4791075070375,9347.442116882818,7052.98641091508,0.8,8.0,100.0,61,95,3
G2_Wcluster_alhx700,$\mathrm{Hel}_{50}$,NAC_antisymmetric_BB_contact_survival,antisymmetric_nac_bb,Any 1 antisymmetric NAC BB,chain_pair,all,largest_cluster,572000.0,0.0008493309291376888,0.0004696172999008378,1934.4791075070375,9347.442116882818,7052.98641091508,0.8,8.0,100.0,61,95,3
G2_Wcluster_alhx700,$\mathrm{Hel}_{50}$,NAC_antisymmetric_BB_contact_survival,antisymmetric_nac_bb,Any 1 antisymmetric NAC BB,chain_pair,all,largest_cluster,573000.0,0.0008493309291376888,0.0004696172999008378,1934.4791075070375,9347.442116882818,7052.98641091508,0.8,8.0,100.0,61,95,3
G2_Wcluster_alhx700,$\mathrm{Hel}_{50}$,NAC_antisymmetric_BB_contact_survival,antisymmetric_nac_bb,Any 1 antisymmetric NAC BB,chain_pair,all,largest_cluster,574000.0,0.0008493309291376888,0.0004696172999008378,1934.4791075070375,9347.442116882818,7052.98641091508,0.8,8.0,100.0,61,95,3
G2_Wcluster_alhx700,$\mathrm{Hel}_{50}$,NAC_antisymmetric_BB_contact_survival,antisymmetric_nac_bb,Any 1 antisymmetric NAC BB,chain_pair,all,largest_cluster,575000.0,0.0008493309291376888,0.0004696172999008378,1934.4791075070375,9347.442116882818,7052.98641091508,0.8,8.0,100.0,61,95,3
G2_Wcluster_alhx700,$\mathrm{Hel}_{50}$,NAC_antisymmetric_BB_contact_survival,antisymmetric_nac_bb,Any 1 antisymmetric NAC BB,chain_pair,all,largest_cluster,576000.0,0.0008493309291376888,0.0004696172999008378,1934.4791075070375,9347.442116882818,7052.98641091508,0.8,8.0,100.0,61,95,3
G2_Wcluster_alhx700,$\mathrm{Hel}_{50}$,NAC_antisymmetric_BB_contact_survival,antisymmetric_nac_bb,Any 1 antisymmetric NAC BB,chain_pair,all,largest_cluster,577000.0,0.0008493309291376888,0.0004696172999008378,1934.4791075070375,9347.442116882818,7052.98641091508,0.8,8.0,100.0,61,95,3
G2_Wcluster_alhx700,$\mathrm{Hel}_{50}$,NAC_antisymmetric_BB_contact_survival,antisymmetric_nac_bb,Any 1 antisymmetric NAC BB,chain_pair,all,largest_cluster,578000.0,0.0007899555580416195,0.0003990351998250019,1934.4791075070375,9347.442116882818,7052.98641091508,0.8,8.0,100.0,61,95,3
G2_Wcluster_alhx700,$\mathrm{Hel}_{50}$,NAC_antisymmetric_BB_contact_survival,antisymmetric_nac_bb,Any 1 antisymmetric NAC BB,chain_pair,all,largest_cluster,579000.0,0.0007899555580416195,0.0003990351998250019,1934.4791075070375,9347.442116882818,7052.98641091508,0.8,8.0,100.0,61,95,3
G2_Wcluster_alhx700,$\mathrm{Hel}_{50}$,NAC_antisymmetric_BB_contact_survival,antisymmetric_nac_bb,Any 1 antisymmetric NAC BB,chain_pair,all,largest_cluster,580000.0,0.0007899555580416195,0.0003990351998250019,1934.4791075070375,9347.442116882818,7052.98641091508,0.8,8.0,100.0,61,95,3
G2_Wcluster_alhx700,$\mathrm{Hel}_{50}$,NAC_antisymmetric_BB_contact_survival,antisymmetric_nac_bb,Any 1 antisymmetric NAC BB,chain_pair,all,largest_cluster,581000.0,0.0007305801869455501,0.0003346931606767439,1934.4791075070375,9347.442116882818,7052.98641091508,0.8,8.0,100.0,61,95,3
G2_Wcluster_alhx700,$\mathrm{Hel}_{50}$,NAC_antisymmetric_BB_contact_survival,antisymmetric_nac_bb,Any 1 antisymmetric NAC BB,chain_pair,all,largest_cluster,582000.0,0.0007305801869455501,0.0003346931606767439,1934.4791075070375,9347.442116882818,7052.98641091508,0.8,8.0,100.0,61,95,3
G2_Wcluster_alhx700,$\mathrm{Hel}_{50}$,NAC_antisymmetric_BB_contact_survival,antisymmetric_nac_bb,Any 1 antisymmetric NAC BB,chain_pair,all,largest_cluster,583000.0,0.0007305801869455501,0.0003346931606767439,1934.4791075070375,9347.442116882818,7052.98641091508,0.8,8.0,100.0,61,95,3
G2_Wcluster_alhx700,$\mathrm{Hel}_{50}$,NAC_antisymmetric_BB_contact_survival,antisymmetric_nac_bb,Any 1 antisymmetric NAC BB,chain_pair,all,largest_cluster,584000.0,0.0007305801869455501,0.0003346931606767439,1934.4791075070375,9347.442116882818,7052.98641091508,0.8,8.0,100.0,61,95,3
G2_Wcluster_alhx700,$\mathrm{Hel}_{50}$,NAC_antisymmetric_BB_contact_survival,antisymmetric_nac_bb,Any 1 antisymmetric NAC BB,chain_pair,all,largest_cluster,585000.0,0.0007305801869455501,0.0003346931606767439,1934.4791075070375,9347.442116882818,7052.98641091508,0.8,8.0,100.0,61,95,3
G2_Wcluster_alhx700,$\mathrm{Hel}_{50}$,NAC_antisymmetric_BB_contact_survival,antisymmetric_nac_bb,Any 1 antisymmetric NAC BB,chain_pair,all,largest_cluster,586000.0,0.0007305801869455501,0.0003346931606767439,1934.4791075070375,9347.442116882818,7052.98641091508,0.8,8.0,100.0,61,95,3
G2_Wcluster_alhx700,$\mathrm{Hel}_{50}$,NAC_antisymmetric_BB_contact_survival,antisymmetric_nac_bb,Any 1 antisymmetric NAC BB,chain_pair,all,largest_cluster,587000.0,0.0007305801869455501,0.0003346931606767439,1934.4791075070375,9347.442116882818,7052.98641091508,0.8,8.0,100.0,61,95,3
G2_Wcluster_alhx700,$\mathrm{Hel}_{50}$,NAC_antisymmetric_BB_contact_survival,antisymmetric_nac_bb,Any 1 antisymmetric NAC BB,chain_pair,all,largest_cluster,588000.0,0.0007305801869455501,0.0003346931606767439,1934.4791075070375,9347.442116882818,7052.98641091508,0.8,8.0,100.0,61,95,3
G2_Wcluster_alhx700,$\mathrm{Hel}_{50}$,NAC_antisymmetric_BB_contact_survival,antisymmetric_nac_bb,Any 1 antisymmetric NAC BB,chain_pair,all,largest_cluster,589000.0,0.0006834526126018016,0.0003246015634475786,1934.4791075070375,9347.442116882818,7052.98641091508,0.8,8.0,100.0,61,95,3
G2_Wcluster_alhx700,$\mathrm{Hel}_{50}$,NAC_antisymmetric_BB_contact_survival,antisymmetric_nac_bb,Any 1 antisymmetric NAC BB,chain_pair,all,largest_cluster,590000.0,0.0006834526126018016,0.0003246015634475786,1934.4791075070375,9347.442116882818,7052.98641091508,0.8,8.0,100.0,61,95,3
G2_Wcluster_alhx700,$\mathrm{Hel}_{50}$,NAC_antisymmetric_BB_contact_survival,antisymmetric_nac_bb,Any 1 antisymmetric NAC BB,chain_pair,all,largest_cluster,591000.0,0.0006834526126018016,0.0003246015634475786,1934.4791075070375,9347.442116882818,7052.98641091508,0.8,8.0,100.0,61,95,3
G2_Wcluster_alhx700,$\mathrm{Hel}_{50}$,NAC_antisymmetric_BB_contact_survival,antisymmetric_nac_bb,Any 1 antisymmetric NAC BB,chain_pair,all,largest_cluster,592000.0,0.0006834526126018016,0.0003246015634475786,1934.4791075070375,9347.442116882818,7052.98641091508,0.8,8.0,100.0,61,95,3
G2_Wcluster_alhx700,$\mathrm{Hel}_{50}$,NAC_antisymmetric_BB_contact_survival,antisymmetric_nac_bb,Any 1 antisymmetric NAC BB,chain_pair,all,largest_cluster,593000.0,0.0006834526126018016,0.0003246015634475786,1934.4791075070375,9347.442116882818,7052.98641091508,0.8,8.0,100.0,61,95,3
G2_Wcluster_alhx700,$\mathrm{Hel}_{50}$,NAC_antisymmetric_BB_contact_survival,antisymmetric_nac_bb,Any 1 antisymmetric NAC BB,chain_pair,all,largest_cluster,594000.0,0.0006834526126018016,0.0003246015634475786,1934.4791075070375,9347.442116882818,7052.98641091508,0.8,8.0,100.0,61,95,3
G2_Wcluster_alhx700,$\mathrm{Hel}_{50}$,NAC_antisymmetric_BB_contact_survival,antisymmetric_nac_bb,Any 1 antisymmetric NAC BB,chain_pair,all,largest_cluster,595000.0,0.0006834526126018016,0.0003246015634475786,1934.4791075070375,9347.442116882818,7052.98641091508,0.8,8.0,100.0,61,95,3
G2_Wcluster_alhx700,$\mathrm{Hel}_{50}$,NAC_antisymmetric_BB_contact_survival,antisymmetric_nac_bb,Any 1 antisymmetric NAC BB,chain_pair,all,largest_cluster,596000.0,0.0006834526126018016,0.0003246015634475786,1934.4791075070375,9347.442116882818,7052.98641091508,0.8,8.0,100.0,61,95,3
G2_Wcluster_alhx700,$\mathrm{Hel}_{50}$,NAC_antisymmetric_BB_contact_survival,antisymmetric_nac_bb,Any 1 antisymmetric NAC BB,chain_pair,all,largest_cluster,597000.0,0.0006834526126018016,0.0003246015634475786,1934.4791075070375,9347.442116882818,7052.98641091508,0.8,8.0,100.0,61,95,3
G2_Wcluster_alhx700,$\mathrm{Hel}_{50}$,NAC_antisymmetric_BB_contact_survival,antisymmetric_nac_bb,Any 1 antisymmetric NAC BB,chain_pair,all,largest_cluster,598000.0,0.0006834526126018016,0.0003246015634475786,1934.4791075070375,9347.442116882818,7052.98641091508,0.8,8.0,100.0,61,95,3
G2_Wcluster_alhx700,$\mathrm{Hel}_{50}$,NAC_antisymmetric_BB_contact_survival,antisymmetric_nac_bb,Any 1 antisymmetric NAC BB,chain_pair,all,largest_cluster,599000.0,0.0006834526126018016,0.0003246015634475786,1934.4791075070375,9347.442116882818,7052.98641091508,0.8,8.0,100.0,61,95,3
G2_Wcluster_alhx700,$\mathrm{Hel}_{50}$,NAC_antisymmetric_BB_contact_survival,antisymmetric_nac_bb,Any 1 antisymmetric NAC BB,chain_pair,all,largest_cluster,600000.0,0.0006834526126018016,0.0003246015634475786,1934.4791075070375,9347.442116882818,7052.98641091508,0.8,8.0,100.0,61,95,3
G2_Wcluster_alhx700,$\mathrm{Hel}_{50}$,NAC_antisymmetric_BB_contact_survival,antisymmetric_nac_bb,Any 1 antisymmetric NAC BB,chain_pair,all,largest_cluster,601000.0,0.0006834526126018016,0.0003246015634475786,1934.4791075070375,9347.442116882818,7052.98641091508,0.8,8.0,100.0,61,95,3
G2_Wcluster_alhx700,$\mathrm{Hel}_{50}$,NAC_antisymmetric_BB_contact_survival,antisymmetric_nac_bb,Any 1 antisymmetric NAC BB,chain_pair,all,largest_cluster,602000.0,0.0006834526126018016,0.0003246015634475786,1934.4791075070375,9347.442116882818,7052.98641091508,0.8,8.0,100.0,61,95,3
G2_Wcluster_alhx700,$\mathrm{Hel}_{50}$,NAC_antisymmetric_BB_contact_survival,antisymmetric_nac_bb,Any 1 antisymmetric NAC BB,chain_pair,all,largest_cluster,603000.0,0.0006363250382580531,0.0003280196201990641,1934.4791075070375,9347.442116882818,7052.98641091508,0.8,8.0,100.0,61,95,3
G2_Wcluster_alhx700,$\mathrm{Hel}_{50}$,NAC_antisymmetric_BB_contact_survival,antisymmetric_nac_bb,Any 1 antisymmetric NAC BB,chain_pair,all,largest_cluster,604000.0,0.0006363250382580531,0.0003280196201990641,1934.4791075070375,9347.442116882818,7052.98641091508,0.8,8.0,100.0,61,95,3
G2_Wcluster_alhx700,$\mathrm{Hel}_{50}$,NAC_antisymmetric_BB_contact_survival,antisymmetric_nac_bb,Any 1 antisymmetric NAC BB,chain_pair,all,largest_cluster,605000.0,0.0006363250382580531,0.0003280196201990641,1934.4791075070375,9347.442116882818,7052.98641091508,0.8,8.0,100.0,61,95,3
G2_Wcluster_alhx700,$\mathrm{Hel}_{50}$,NAC_antisymmetric_BB_contact_survival,antisymmetric_nac_bb,Any 1 antisymmetric NAC BB,chain_pair,all,largest_cluster,606000.0,0.0006363250382580531,0.0003280196201990641,1934.4791075070375,9347.442116882818,7052.98641091508,0.8,8.0,100.0,61,95,3
G2_Wcluster_alhx700,$\mathrm{Hel}_{50}$,NAC_antisymmetric_BB_contact_survival,antisymmetric_nac_bb,Any 1 antisymmetric NAC BB,chain_pair,all,largest_cluster,607000.0,0.0006363250382580531,0.0003280196201990641,1934.4791075070375,9347.442116882818,7052.98641091508,0.8,8.0,100.0,61,95,3
G2_Wcluster_alhx700,$\mathrm{Hel}_{50}$,NAC_antisymmetric_BB_contact_survival,antisymmetric_nac_bb,Any 1 antisymmetric NAC BB,chain_pair,all,largest_cluster,608000.0,0.0006363250382580531,0.0003280196201990641,1934.4791075070375,9347.442116882818,7052.98641091508,0.8,8.0,100.0,61,95,3
G2_Wcluster_alhx700,$\mathrm{Hel}_{50}$,NAC_antisymmetric_BB_contact_survival,antisymmetric_nac_bb,Any 1 antisymmetric NAC BB,chain_pair,all,largest_cluster,609000.0,0.0006363250382580531,0.0003280196201990641,1934.4791075070375,9347.442116882818,7052.98641091508,0.8,8.0,100.0,61,95,3
G2_Wcluster_alhx700,$\mathrm{Hel}_{50}$,NAC_antisymmetric_BB_contact_survival,antisymmetric_nac_bb,Any 1 antisymmetric NAC BB,chain_pair,all,largest_cluster,610000.0,0.0006363250382580531,0.0003280196201990641,1934.4791075070375,9347.442116882818,7052.98641091508,0.8,8.0,100.0,61,95,3
G2_Wcluster_alhx700,$\mathrm{Hel}_{50}$,NAC_antisymmetric_BB_contact_survival,antisymmetric_nac_bb,Any 1 antisymmetric NAC BB,chain_pair,all,largest_cluster,611000.0,0.0006363250382580531,0.0003280196201990641,1934.4791075070375,9347.442116882818,7052.98641091508,0.8,8.0,100.0,61,95,3
G2_Wcluster_alhx700,$\mathrm{Hel}_{50}$,NAC_antisymmetric_BB_contact_survival,antisymmetric_nac_bb,Any 1 antisymmetric NAC BB,chain_pair,all,largest_cluster,612000.0,0.0006363250382580531,0.0003280196201990641,1934.4791075070375,9347.442116882818,7052.98641091508,0.8,8.0,100.0,61,95,3
G2_Wcluster_alhx700,$\mathrm{Hel}_{50}$,NAC_antisymmetric_BB_contact_survival,antisymmetric_nac_bb,Any 1 antisymmetric NAC BB,chain_pair,all,largest_cluster,613000.0,0.0006363250382580531,0.0003280196201990641,1934.4791075070375,9347.442116882818,7052.98641091508,0.8,8.0,100.0,61,95,3
G2_Wcluster_alhx700,$\mathrm{Hel}_{50}$,NAC_antisymmetric_BB_contact_survival,antisymmetric_nac_bb,Any 1 antisymmetric NAC BB,chain_pair,all,largest_cluster,614000.0,0.0006363250382580531,0.0003280196201990641,1934.4791075070375,9347.442116882818,7052.98641091508,0.8,8.0,100.0,61,95,3
G2_Wcluster_alhx700,$\mathrm{Hel}_{50}$,NAC_antisymmetric_BB_contact_survival,antisymmetric_nac_bb,Any 1 antisymmetric NAC BB,chain_pair,all,largest_cluster,615000.0,0.0006363250382580531,0.0003280196201990641,1934.4791075070375,9347.442116882818,7052.98641091508,0.8,8.0,100.0,61,95,3
G2_Wcluster_alhx700,$\mathrm{Hel}_{50}$,NAC_antisymmetric_BB_contact_survival,antisymmetric_nac_bb,Any 1 antisymmetric NAC BB,chain_pair,all,largest_cluster,616000.0,0.0006363250382580531,0.0003280196201990641,1934.4791075070375,9347.442116882818,7052.98641091508,0.8,8.0,100.0,61,95,3
G2_Wcluster_alhx700,$\mathrm{Hel}_{50}$,NAC_antisymmetric_BB_contact_survival,antisymmetric_nac_bb,Any 1 antisymmetric NAC BB,chain_pair,all,largest_cluster,617000.0,0.0006363250382580531,0.0003280196201990641,1934.4791075070375,9347.442116882818,7052.98641091508,0.8,8.0,100.0,61,95,3
G2_Wcluster_alhx700,$\mathrm{Hel}_{50}$,NAC_antisymmetric_BB_contact_survival,antisymmetric_nac_bb,Any 1 antisymmetric NAC BB,chain_pair,all,largest_cluster,618000.0,0.0006363250382580531,0.0003280196201990641,1934.4791075070375,9347.442116882818,7052.98641091508,0.8,8.0,100.0,61,95,3
G2_Wcluster_alhx700,$\mathrm{Hel}_{50}$,NAC_antisymmetric_BB_contact_survival,antisymmetric_nac_bb,Any 1 antisymmetric NAC BB,chain_pair,all,largest_cluster,619000.0,0.0006363250382580531,0.0003280196201990641,1934.4791075070375,9347.442116882818,7052.98641091508,0.8,8.0,100.0,61,95,3
G2_Wcluster_alhx700,$\mathrm{Hel}_{50}$,NAC_antisymmetric_BB_contact_survival,antisymmetric_nac_bb,Any 1 antisymmetric NAC BB,chain_pair,all,largest_cluster,620000.0,0.0006363250382580531,0.0003280196201990641,1934.4791075070375,9347.442116882818,7052.98641091508,0.8,8.0,100.0,61,95,3
G2_Wcluster_alhx700,$\mathrm{Hel}_{50}$,NAC_antisymmetric_BB_contact_survival,antisymmetric_nac_bb,Any 1 antisymmetric NAC BB,chain_pair,all,largest_cluster,621000.0,0.0006363250382580531,0.0003280196201990641,1934.4791075070375,9347.442116882818,7052.98641091508,0.8,8.0,100.0,61,95,3
G2_Wcluster_alhx700,$\mathrm{Hel}_{50}$,NAC_antisymmetric_BB_contact_survival,antisymmetric_nac_bb,Any 1 antisymmetric NAC BB,chain_pair,all,largest_cluster,622000.0,0.0006363250382580531,0.0003280196201990641,1934.4791075070375,9347.442116882818,7052.98641091508,0.8,8.0,100.0,61,95,3
G2_Wcluster_alhx700,$\mathrm{Hel}_{50}$,NAC_antisymmetric_BB_contact_survival,antisymmetric_nac_bb,Any 1 antisymmetric NAC BB,chain_pair,all,largest_cluster,623000.0,0.0006363250382580531,0.0003280196201990641,1934.4791075070375,9347.442116882818,7052.98641091508,0.8,8.0,100.0,61,95,3
G2_Wcluster_alhx700,$\mathrm{Hel}_{50}$,NAC_antisymmetric_BB_contact_survival,antisymmetric_nac_bb,Any 1 antisymmetric NAC BB,chain_pair,all,largest_cluster,624000.0,0.0006363250382580531,0.0003280196201990641,1934.4791075070375,9347.442116882818,7052.98641091508,0.8,8.0,100.0,61,95,3
G2_Wcluster_alhx700,$\mathrm{Hel}_{50}$,NAC_antisymmetric_BB_contact_survival,antisymmetric_nac_bb,Any 1 antisymmetric NAC BB,chain_pair,all,largest_cluster,625000.0,0.0006363250382580531,0.0003280196201990641,1934.4791075070375,9347.442116882818,7052.98641091508,0.8,8.0,100.0,61,95,3
G2_Wcluster_alhx700,$\mathrm{Hel}_{50}$,NAC_antisymmetric_BB_contact_survival,antisymmetric_nac_bb,Any 1 antisymmetric NAC BB,chain_pair,all,largest_cluster,626000.0,0.0006363250382580531,0.0003280196201990641,1934.4791075070375,9347.442116882818,7052.98641091508,0.8,8.0,100.0,61,95,3
G2_Wcluster_alhx700,$\mathrm{Hel}_{50}$,NAC_antisymmetric_BB_contact_survival,antisymmetric_nac_bb,Any 1 antisymmetric NAC BB,chain_pair,all,largest_cluster,627000.0,0.0006363250382580531,0.0003280196201990641,1934.4791075070375,9347.442116882818,7052.98641091508,0.8,8.0,100.0,61,95,3
G2_Wcluster_alhx700,$\mathrm{Hel}_{50}$,NAC_antisymmetric_BB_contact_survival,antisymmetric_nac_bb,Any 1 antisymmetric NAC BB,chain_pair,all,largest_cluster,628000.0,0.0006363250382580531,0.0003280196201990641,1934.4791075070375,9347.442116882818,7052.98641091508,0.8,8.0,100.0,61,95,3
G2_Wcluster_alhx700,$\mathrm{Hel}_{50}$,NAC_antisymmetric_BB_contact_survival,antisymmetric_nac_bb,Any 1 antisymmetric NAC BB,chain_pair,all,largest_cluster,629000.0,0.0006363250382580531,0.0003280196201990641,1934.4791075070375,9347.442116882818,7052.98641091508,0.8,8.0,100.0,61,95,3
G2_Wcluster_alhx700,$\mathrm{Hel}_{50}$,NAC_antisymmetric_BB_contact_survival,antisymmetric_nac_bb,Any 1 antisymmetric NAC BB,chain_pair,all,largest_cluster,630000.0,0.0006363250382580531,0.0003280196201990641,1934.4791075070375,9347.442116882818,7052.98641091508,0.8,8.0,100.0,61,95,3
G2_Wcluster_alhx700,$\mathrm{Hel}_{50}$,NAC_antisymmetric_BB_contact_survival,antisymmetric_nac_bb,Any 1 antisymmetric NAC BB,chain_pair,all,largest_cluster,631000.0,0.0006363250382580531,0.0003280196201990641,1934.4791075070375,9347.442116882818,7052.98641091508,0.8,8.0,100.0,61,95,3
G2_Wcluster_alhx700,$\mathrm{Hel}_{50}$,NAC_antisymmetric_BB_contact_survival,antisymmetric_nac_bb,Any 1 antisymmetric NAC BB,chain_pair,all,largest_cluster,632000.0,0.0006363250382580531,0.0003280196201990641,1934.4791075070375,9347.442116882818,7052.98641091508,0.8,8.0,100.0,61,95,3
G2_Wcluster_alhx700,$\mathrm{Hel}_{50}$,NAC_antisymmetric_BB_contact_survival,antisymmetric_nac_bb,Any 1 antisymmetric NAC BB,chain_pair,all,largest_cluster,633000.0,0.0006363250382580531,0.0003280196201990641,1934.4791075070375,9347.442116882818,7052.98641091508,0.8,8.0,100.0,61,95,3
G2_Wcluster_alhx700,$\mathrm{Hel}_{50}$,NAC_antisymmetric_BB_contact_survival,antisymmetric_nac_bb,Any 1 antisymmetric NAC BB,chain_pair,all,largest_cluster,634000.0,0.0006363250382580531,0.0003280196201990641,1934.4791075070375,9347.442116882818,7052.98641091508,0.8,8.0,100.0,61,95,3
G2_Wcluster_alhx700,$\mathrm{Hel}_{50}$,NAC_antisymmetric_BB_contact_survival,antisymmetric_nac_bb,Any 1 antisymmetric NAC BB,chain_pair,all,largest_cluster,635000.0,0.0006363250382580531,0.0003280196201990641,1934.4791075070375,9347.442116882818,7052.98641091508,0.8,8.0,100.0,61,95,3
G2_Wcluster_alhx700,$\mathrm{Hel}_{50}$,NAC_antisymmetric_BB_contact_survival,antisymmetric_nac_bb,Any 1 antisymmetric NAC BB,chain_pair,all,largest_cluster,636000.0,0.0006363250382580531,0.0003280196201990641,1934.4791075070375,9347.442116882818,7052.98641091508,0.8,8.0,100.0,61,95,3
G2_Wcluster_alhx700,$\mathrm{Hel}_{50}$,NAC_antisymmetric_BB_contact_survival,antisymmetric_nac_bb,Any 1 antisymmetric NAC BB,chain_pair,all,largest_cluster,637000.0,0.0006363250382580531,0.0003280196201990641,1934.4791075070375,9347.442116882818,7052.98641091508,0.8,8.0,100.0,61,95,3
G2_Wcluster_alhx700,$\mathrm{Hel}_{50}$,NAC_antisymmetric_BB_contact_survival,antisymmetric_nac_bb,Any 1 antisymmetric NAC BB,chain_pair,all,largest_cluster,638000.0,0.0006363250382580531,0.0003280196201990641,1934.4791075070375,9347.442116882818,7052.98641091508,0.8,8.0,100.0,61,95,3
G2_Wcluster_alhx700,$\mathrm{Hel}_{50}$,NAC_antisymmetric_BB_contact_survival,antisymmetric_nac_bb,Any 1 antisymmetric NAC BB,chain_pair,all,largest_cluster,639000.0,0.0006363250382580531,0.0003280196201990641,1934.4791075070375,9347.442116882818,7052.98641091508,0.8,8.0,100.0,61,95,3
G2_Wcluster_alhx700,$\mathrm{Hel}_{50}$,NAC_antisymmetric_BB_contact_survival,antisymmetric_nac_bb,Any 1 antisymmetric NAC BB,chain_pair,all,largest_cluster,640000.0,0.0006363250382580531,0.0003280196201990641,1934.4791075070375,9347.442116882818,7052.98641091508,0.8,8.0,100.0,61,95,3
G2_Wcluster_alhx700,$\mathrm{Hel}_{50}$,NAC_antisymmetric_BB_contact_survival,antisymmetric_nac_bb,Any 1 antisymmetric NAC BB,chain_pair,all,largest_cluster,641000.0,0.0006363250382580531,0.0003280196201990641,1934.4791075070375,9347.442116882818,7052.98641091508,0.8,8.0,100.0,61,95,3
G2_Wcluster_alhx700,$\mathrm{Hel}_{50}$,NAC_antisymmetric_BB_contact_survival,antisymmetric_nac_bb,Any 1 antisymmetric NAC BB,chain_pair,all,largest_cluster,642000.0,0.0006363250382580531,0.0003280196201990641,1934.4791075070375,9347.442116882818,7052.98641091508,0.8,8.0,100.0,61,95,3
G2_Wcluster_alhx700,$\mathrm{Hel}_{50}$,NAC_antisymmetric_BB_contact_survival,antisymmetric_nac_bb,Any 1 antisymmetric NAC BB,chain_pair,all,largest_cluster,643000.0,0.0005891974639143045,0.00034454549849412687,1934.4791075070375,9347.442116882818,7052.98641091508,0.8,8.0,100.0,61,95,3
G2_Wcluster_alhx700,$\mathrm{Hel}_{50}$,NAC_antisymmetric_BB_contact_survival,antisymmetric_nac_bb,Any 1 antisymmetric NAC BB,chain_pair,all,largest_cluster,644000.0,0.0005891974639143045,0.00034454549849412687,1934.4791075070375,9347.442116882818,7052.98641091508,0.8,8.0,100.0,61,95,3
G2_Wcluster_alhx700,$\mathrm{Hel}_{50}$,NAC_antisymmetric_BB_contact_survival,antisymmetric_nac_bb,Any 1 antisymmetric NAC BB,chain_pair,all,largest_cluster,645000.0,0.0005891974639143045,0.00034454549849412687,1934.4791075070375,9347.442116882818,7052.98641091508,0.8,8.0,100.0,61,95,3
G2_Wcluster_alhx700,$\mathrm{Hel}_{50}$,NAC_antisymmetric_BB_contact_survival,antisymmetric_nac_bb,Any 1 antisymmetric NAC BB,chain_pair,all,largest_cluster,646000.0,0.0005891974639143045,0.00034454549849412687,1934.4791075070375,9347.442116882818,7052.98641091508,0.8,8.0,100.0,61,95,3
G2_Wcluster_alhx700,$\mathrm{Hel}_{50}$,NAC_antisymmetric_BB_contact_survival,antisymmetric_nac_bb,Any 1 antisymmetric NAC BB,chain_pair,all,largest_cluster,647000.0,0.0005891974639143045,0.00034454549849412687,1934.4791075070375,9347.442116882818,7052.98641091508,0.8,8.0,100.0,61,95,3
G2_Wcluster_alhx700,$\mathrm{Hel}_{50}$,NAC_antisymmetric_BB_contact_survival,antisymmetric_nac_bb,Any 1 antisymmetric NAC BB,chain_pair,all,largest_cluster,648000.0,0.0005891974639143045,0.00034454549849412687,1934.4791075070375,9347.442116882818,7052.98641091508,0.8,8.0,100.0,61,95,3
G2_Wcluster_alhx700,$\mathrm{Hel}_{50}$,NAC_antisymmetric_BB_contact_survival,antisymmetric_nac_bb,Any 1 antisymmetric NAC BB,chain_pair,all,largest_cluster,649000.0,0.0005891974639143045,0.00034454549849412687,1934.4791075070375,9347.442116882818,7052.98641091508,0.8,8.0,100.0,61,95,3
G2_Wcluster_alhx700,$\mathrm{Hel}_{50}$,NAC_antisymmetric_BB_contact_survival,antisymmetric_nac_bb,Any 1 antisymmetric NAC BB,chain_pair,all,largest_cluster,650000.0,0.0005891974639143045,0.00034454549849412687,1934.4791075070375,9347.442116882818,7052.98641091508,0.8,8.0,100.0,61,95,3
G2_Wcluster_alhx700,$\mathrm{Hel}_{50}$,NAC_antisymmetric_BB_contact_survival,antisymmetric_nac_bb,Any 1 antisymmetric NAC BB,chain_pair,all,largest_cluster,651000.0,0.0005891974639143045,0.00034454549849412687,1934.4791075070375,9347.442116882818,7052.98641091508,0.8,8.0,100.0,61,95,3
G2_Wcluster_alhx700,$\mathrm{Hel}_{50}$,NAC_antisymmetric_BB_contact_survival,antisymmetric_nac_bb,Any 1 antisymmetric NAC BB,chain_pair,all,largest_cluster,652000.0,0.0005891974639143045,0.00034454549849412687,1934.4791075070375,9347.442116882818,7052.98641091508,0.8,8.0,100.0,61,95,3
G2_Wcluster_alhx700,$\mathrm{Hel}_{50}$,NAC_antisymmetric_BB_contact_survival,antisymmetric_nac_bb,Any 1 antisymmetric NAC BB,chain_pair,all,largest_cluster,653000.0,0.0005891974639143045,0.00034454549849412687,1934.4791075070375,9347.442116882818,7052.98641091508,0.8,8.0,100.0,61,95,3
G2_Wcluster_alhx700,$\mathrm{Hel}_{50}$,NAC_antisymmetric_BB_contact_survival,antisymmetric_nac_bb,Any 1 antisymmetric NAC BB,chain_pair,all,largest_cluster,654000.0,0.0005891974639143045,0.00034454549849412687,1934.4791075070375,9347.442116882818,7052.98641091508,0.8,8.0,100.0,61,95,3
G2_Wcluster_alhx700,$\mathrm{Hel}_{50}$,NAC_antisymmetric_BB_contact_survival,antisymmetric_nac_bb,Any 1 antisymmetric NAC BB,chain_pair,all,largest_cluster,655000.0,0.0005891974639143045,0.00034454549849412687,1934.4791075070375,9347.442116882818,7052.98641091508,0.8,8.0,100.0,61,95,3
G2_Wcluster_alhx700,$\mathrm{Hel}_{50}$,NAC_antisymmetric_BB_contact_survival,antisymmetric_nac_bb,Any 1 antisymmetric NAC BB,chain_pair,all,largest_cluster,656000.0,0.0005891974639143045,0.00034454549849412687,1934.4791075070375,9347.442116882818,7052.98641091508,0.8,8.0,100.0,61,95,3
G2_Wcluster_alhx700,$\mathrm{Hel}_{50}$,NAC_antisymmetric_BB_contact_survival,antisymmetric_nac_bb,Any 1 antisymmetric NAC BB,chain_pair,all,largest_cluster,657000.0,0.0005891974639143045,0.00034454549849412687,1934.4791075070375,9347.442116882818,7052.98641091508,0.8,8.0,100.0,61,95,3
G2_Wcluster_alhx700,$\mathrm{Hel}_{50}$,NAC_antisymmetric_BB_contact_survival,antisymmetric_nac_bb,Any 1 antisymmetric NAC BB,chain_pair,all,largest_cluster,658000.0,0.0005891974639143045,0.00034454549849412687,1934.4791075070375,9347.442116882818,7052.98641091508,0.8,8.0,100.0,61,95,3
G2_Wcluster_alhx700,$\mathrm{Hel}_{50}$,NAC_antisymmetric_BB_contact_survival,antisymmetric_nac_bb,Any 1 antisymmetric NAC BB,chain_pair,all,largest_cluster,659000.0,0.0005891974639143045,0.00034454549849412687,1934.4791075070375,9347.442116882818,7052.98641091508,0.8,8.0,100.0,61,95,3
G2_Wcluster_alhx700,$\mathrm{Hel}_{50}$,NAC_antisymmetric_BB_contact_survival,antisymmetric_nac_bb,Any 1 antisymmetric NAC BB,chain_pair,all,largest_cluster,660000.0,0.0005891974639143045,0.00034454549849412687,1934.4791075070375,9347.442116882818,7052.98641091508,0.8,8.0,100.0,61,95,3
G2_Wcluster_alhx700,$\mathrm{Hel}_{50}$,NAC_antisymmetric_BB_contact_survival,antisymmetric_nac_bb,Any 1 antisymmetric NAC BB,chain_pair,all,largest_cluster,661000.0,0.0005891974639143045,0.00034454549849412687,1934.4791075070375,9347.442116882818,7052.98641091508,0.8,8.0,100.0,61,95,3
G2_Wcluster_alhx700,$\mathrm{Hel}_{50}$,NAC_antisymmetric_BB_contact_survival,antisymmetric_nac_bb,Any 1 antisymmetric NAC BB,chain_pair,all,largest_cluster,662000.0,0.0005891974639143045,0.00034454549849412687,1934.4791075070375,9347.442116882818,7052.98641091508,0.8,8.0,100.0,61,95,3
G2_Wcluster_alhx700,$\mathrm{Hel}_{50}$,NAC_antisymmetric_BB_contact_survival,antisymmetric_nac_bb,Any 1 antisymmetric NAC BB,chain_pair,all,largest_cluster,663000.0,0.0005891974639143045,0.00034454549849412687,1934.4791075070375,9347.442116882818,7052.98641091508,0.8,8.0,100.0,61,95,3
G2_Wcluster_alhx700,$\mathrm{Hel}_{50}$,NAC_antisymmetric_BB_contact_survival,antisymmetric_nac_bb,Any 1 antisymmetric NAC BB,chain_pair,all,largest_cluster,664000.0,0.0005891974639143045,0.00034454549849412687,1934.4791075070375,9347.442116882818,7052.98641091508,0.8,8.0,100.0,61,95,3
G2_Wcluster_alhx700,$\mathrm{Hel}_{50}$,NAC_antisymmetric_BB_contact_survival,antisymmetric_nac_bb,Any 1 antisymmetric NAC BB,chain_pair,all,largest_cluster,665000.0,0.0005891974639143045,0.00034454549849412687,1934.4791075070375,9347.442116882818,7052.98641091508,0.8,8.0,100.0,61,95,3
G2_Wcluster_alhx700,$\mathrm{Hel}_{50}$,NAC_antisymmetric_BB_contact_survival,antisymmetric_nac_bb,Any 1 antisymmetric NAC BB,chain_pair,all,largest_cluster,666000.0,0.0005891974639143045,0.00034454549849412687,1934.4791075070375,9347.442116882818,7052.98641091508,0.8,8.0,100.0,61,95,3
G2_Wcluster_alhx700,$\mathrm{Hel}_{50}$,NAC_antisymmetric_BB_contact_survival,antisymmetric_nac_bb,Any 1 antisymmetric NAC BB,chain_pair,all,largest_cluster,667000.0,0.0005891974639143045,0.00034454549849412687,1934.4791075070375,9347.442116882818,7052.98641091508,0.8,8.0,100.0,61,95,3
G2_Wcluster_alhx700,$\mathrm{Hel}_{50}$,NAC_antisymmetric_BB_contact_survival,antisymmetric_nac_bb,Any 1 antisymmetric NAC BB,chain_pair,all,largest_cluster,668000.0,0.0005891974639143045,0.00034454549849412687,1934.4791075070375,9347.442116882818,7052.98641091508,0.8,8.0,100.0,61,95,3
G2_Wcluster_alhx700,$\mathrm{Hel}_{50}$,NAC_antisymmetric_BB_contact_survival,antisymmetric_nac_bb,Any 1 antisymmetric NAC BB,chain_pair,all,largest_cluster,669000.0,0.0005891974639143045,0.00034454549849412687,1934.4791075070375,9347.442116882818,7052.98641091508,0.8,8.0,100.0,61,95,3
G2_Wcluster_alhx700,$\mathrm{Hel}_{50}$,NAC_antisymmetric_BB_contact_survival,antisymmetric_nac_bb,Any 1 antisymmetric NAC BB,chain_pair,all,largest_cluster,670000.0,0.0005891974639143045,0.00034454549849412687,1934.4791075070375,9347.442116882818,7052.98641091508,0.8,8.0,100.0,61,95,3
G2_Wcluster_alhx700,$\mathrm{Hel}_{50}$,NAC_antisymmetric_BB_contact_survival,antisymmetric_nac_bb,Any 1 antisymmetric NAC BB,chain_pair,all,largest_cluster,671000.0,0.0005891974639143045,0.00034454549849412687,1934.4791075070375,9347.442116882818,7052.98641091508,0.8,8.0,100.0,61,95,3
G2_Wcluster_alhx700,$\mathrm{Hel}_{50}$,NAC_antisymmetric_BB_contact_survival,antisymmetric_nac_bb,Any 1 antisymmetric NAC BB,chain_pair,all,largest_cluster,672000.0,0.0005891974639143045,0.00034454549849412687,1934.4791075070375,9347.442116882818,7052.98641091508,0.8,8.0,100.0,61,95,3
G2_Wcluster_alhx700,$\mathrm{Hel}_{50}$,NAC_antisymmetric_BB_contact_survival,antisymmetric_nac_bb,Any 1 antisymmetric NAC BB,chain_pair,all,largest_cluster,673000.0,0.0005891974639143045,0.00034454549849412687,1934.4791075070375,9347.442116882818,7052.98641091508,0.8,8.0,100.0,61,95,3
G2_Wcluster_alhx700,$\mathrm{Hel}_{50}$,NAC_antisymmetric_BB_contact_survival,antisymmetric_nac_bb,Any 1 antisymmetric NAC BB,chain_pair,all,largest_cluster,674000.0,0.0005891974639143045,0.00034454549849412687,1934.4791075070375,9347.442116882818,7052.98641091508,0.8,8.0,100.0,61,95,3
G2_Wcluster_alhx700,$\mathrm{Hel}_{50}$,NAC_antisymmetric_BB_contact_survival,antisymmetric_nac_bb,Any 1 antisymmetric NAC BB,chain_pair,all,largest_cluster,675000.0,0.0005891974639143045,0.00034454549849412687,1934.4791075070375,9347.442116882818,7052.98641091508,0.8,8.0,100.0,61,95,3
G2_Wcluster_alhx700,$\mathrm{Hel}_{50}$,NAC_antisymmetric_BB_contact_survival,antisymmetric_nac_bb,Any 1 antisymmetric NAC BB,chain_pair,all,largest_cluster,676000.0,0.0005891974639143045,0.00034454549849412687,1934.4791075070375,9347.442116882818,7052.98641091508,0.8,8.0,100.0,61,95,3
G2_Wcluster_alhx700,$\mathrm{Hel}_{50}$,NAC_antisymmetric_BB_contact_survival,antisymmetric_nac_bb,Any 1 antisymmetric NAC BB,chain_pair,all,largest_cluster,677000.0,0.0005891974639143045,0.00034454549849412687,1934.4791075070375,9347.442116882818,7052.98641091508,0.8,8.0,100.0,61,95,3
G2_Wcluster_alhx700,$\mathrm{Hel}_{50}$,NAC_antisymmetric_BB_contact_survival,antisymmetric_nac_bb,Any 1 antisymmetric NAC BB,chain_pair,all,largest_cluster,678000.0,0.0005891974639143045,0.00034454549849412687,1934.4791075070375,9347.442116882818,7052.98641091508,0.8,8.0,100.0,61,95,3
G2_Wcluster_alhx700,$\mathrm{Hel}_{50}$,NAC_antisymmetric_BB_contact_survival,antisymmetric_nac_bb,Any 1 antisymmetric NAC BB,chain_pair,all,largest_cluster,679000.0,0.0005891974639143045,0.00034454549849412687,1934.4791075070375,9347.442116882818,7052.98641091508,0.8,8.0,100.0,61,95,3
G2_Wcluster_alhx700,$\mathrm{Hel}_{50}$,NAC_antisymmetric_BB_contact_survival,antisymmetric_nac_bb,Any 1 antisymmetric NAC BB,chain_pair,all,largest_cluster,680000.0,0.0005891974639143045,0.00034454549849412687,1934.4791075070375,9347.442116882818,7052.98641091508,0.8,8.0,100.0,61,95,3
G2_Wcluster_alhx700,$\mathrm{Hel}_{50}$,NAC_antisymmetric_BB_contact_survival,antisymmetric_nac_bb,Any 1 antisymmetric NAC BB,chain_pair,all,largest_cluster,681000.0,0.0005891974639143045,0.00034454549849412687,1934.4791075070375,9347.442116882818,7052.98641091508,0.8,8.0,100.0,61,95,3
G2_Wcluster_alhx700,$\mathrm{Hel}_{50}$,NAC_antisymmetric_BB_contact_survival,antisymmetric_nac_bb,Any 1 antisymmetric NAC BB,chain_pair,all,largest_cluster,682000.0,0.0005891974639143045,0.00034454549849412687,1934.4791075070375,9347.442116882818,7052.98641091508,0.8,8.0,100.0,61,95,3
G2_Wcluster_alhx700,$\mathrm{Hel}_{50}$,NAC_antisymmetric_BB_contact_survival,antisymmetric_nac_bb,Any 1 antisymmetric NAC BB,chain_pair,all,largest_cluster,683000.0,0.0005891974639143045,0.00034454549849412687,1934.4791075070375,9347.442116882818,7052.98641091508,0.8,8.0,100.0,61,95,3
G2_Wcluster_alhx700,$\mathrm{Hel}_{50}$,NAC_antisymmetric_BB_contact_survival,antisymmetric_nac_bb,Any 1 antisymmetric NAC BB,chain_pair,all,largest_cluster,684000.0,0.0005891974639143045,0.00034454549849412687,1934.4791075070375,9347.442116882818,7052.98641091508,0.8,8.0,100.0,61,95,3
G2_Wcluster_alhx700,$\mathrm{Hel}_{50}$,NAC_antisymmetric_BB_contact_survival,antisymmetric_nac_bb,Any 1 antisymmetric NAC BB,chain_pair,all,largest_cluster,685000.0,0.0005891974639143045,0.00034454549849412687,1934.4791075070375,9347.442116882818,7052.98641091508,0.8,8.0,100.0,61,95,3
G2_Wcluster_alhx700,$\mathrm{Hel}_{50}$,NAC_antisymmetric_BB_contact_survival,antisymmetric_nac_bb,Any 1 antisymmetric NAC BB,chain_pair,all,largest_cluster,686000.0,0.0005891974639143045,0.00034454549849412687,1934.4791075070375,9347.442116882818,7052.98641091508,0.8,8.0,100.0,61,95,3
G2_Wcluster_alhx700,$\mathrm{Hel}_{50}$,NAC_antisymmetric_BB_contact_survival,antisymmetric_nac_bb,Any 1 antisymmetric NAC BB,chain_pair,all,largest_cluster,687000.0,0.0005891974639143045,0.00034454549849412687,1934.4791075070375,9347.442116882818,7052.98641091508,0.8,8.0,100.0,61,95,3
G2_Wcluster_alhx700,$\mathrm{Hel}_{50}$,NAC_antisymmetric_BB_contact_survival,antisymmetric_nac_bb,Any 1 antisymmetric NAC BB,chain_pair,all,largest_cluster,688000.0,0.0005891974639143045,0.00034454549849412687,1934.4791075070375,9347.442116882818,7052.98641091508,0.8,8.0,100.0,61,95,3
G2_Wcluster_alhx700,$\mathrm{Hel}_{50}$,NAC_antisymmetric_BB_contact_survival,antisymmetric_nac_bb,Any 1 antisymmetric NAC BB,chain_pair,all,largest_cluster,689000.0,0.0005891974639143045,0.00034454549849412687,1934.4791075070375,9347.442116882818,7052.98641091508,0.8,8.0,100.0,61,95,3
G2_Wcluster_alhx700,$\mathrm{Hel}_{50}$,NAC_antisymmetric_BB_contact_survival,antisymmetric_nac_bb,Any 1 antisymmetric NAC BB,chain_pair,all,largest_cluster,690000.0,0.0005891974639143045,0.00034454549849412687,1934.4791075070375,9347.442116882818,7052.98641091508,0.8,8.0,100.0,61,95,3
G2_Wcluster_alhx700,$\mathrm{Hel}_{50}$,NAC_antisymmetric_BB_contact_survival,antisymmetric_nac_bb,Any 1 antisymmetric NAC BB,chain_pair,all,largest_cluster,691000.0,0.0005891974639143045,0.00034454549849412687,1934.4791075070375,9347.442116882818,7052.98641091508,0.8,8.0,100.0,61,95,3
G2_Wcluster_alhx700,$\mathrm{Hel}_{50}$,NAC_antisymmetric_BB_contact_survival,antisymmetric_nac_bb,Any 1 antisymmetric NAC BB,chain_pair,all,largest_cluster,692000.0,0.0005891974639143045,0.00034454549849412687,1934.4791075070375,9347.442116882818,7052.98641091508,0.8,8.0,100.0,61,95,3
G2_Wcluster_alhx700,$\mathrm{Hel}_{50}$,NAC_antisymmetric_BB_contact_survival,antisymmetric_nac_bb,Any 1 antisymmetric NAC BB,chain_pair,all,largest_cluster,693000.0,0.0005891974639143045,0.00034454549849412687,1934.4791075070375,9347.442116882818,7052.98641091508,0.8,8.0,100.0,61,95,3
G2_Wcluster_alhx700,$\mathrm{Hel}_{50}$,NAC_antisymmetric_BB_contact_survival,antisymmetric_nac_bb,Any 1 antisymmetric NAC BB,chain_pair,all,largest_cluster,694000.0,0.0005891974639143045,0.00034454549849412687,1934.4791075070375,9347.442116882818,7052.98641091508,0.8,8.0,100.0,61,95,3
G2_Wcluster_alhx700,$\mathrm{Hel}_{50}$,NAC_antisymmetric_BB_contact_survival,antisymmetric_nac_bb,Any 1 antisymmetric NAC BB,chain_pair,all,largest_cluster,695000.0,0.0005891974639143045,0.00034454549849412687,1934.4791075070375,9347.442116882818,7052.98641091508,0.8,8.0,100.0,61,95,3
G2_Wcluster_alhx700,$\mathrm{Hel}_{50}$,NAC_antisymmetric_BB_contact_survival,antisymmetric_nac_bb,Any 1 antisymmetric NAC BB,chain_pair,all,largest_cluster,696000.0,0.0005891974639143045,0.00034454549849412687,1934.4791075070375,9347.442116882818,7052.98641091508,0.8,8.0,100.0,61,95,3
G2_Wcluster_alhx700,$\mathrm{Hel}_{50}$,NAC_antisymmetric_BB_contact_survival,antisymmetric_nac_bb,Any 1 antisymmetric NAC BB,chain_pair,all,largest_cluster,697000.0,0.0005891974639143045,0.00034454549849412687,1934.4791075070375,9347.442116882818,7052.98641091508,0.8,8.0,100.0,61,95,3
G2_Wcluster_alhx700,$\mathrm{Hel}_{50}$,NAC_antisymmetric_BB_contact_survival,antisymmetric_nac_bb,Any 1 antisymmetric NAC BB,chain_pair,all,largest_cluster,698000.0,0.0005891974639143045,0.00034454549849412687,1934.4791075070375,9347.442116882818,7052.98641091508,0.8,8.0,100.0,61,95,3
G2_Wcluster_alhx700,$\mathrm{Hel}_{50}$,NAC_antisymmetric_BB_contact_survival,antisymmetric_nac_bb,Any 1 antisymmetric NAC BB,chain_pair,all,largest_cluster,699000.0,0.0005891974639143045,0.00034454549849412687,1934.4791075070375,9347.442116882818,7052.98641091508,0.8,8.0,100.0,61,95,3
G2_Wcluster_alhx700,$\mathrm{Hel}_{50}$,NAC_antisymmetric_BB_contact_survival,antisymmetric_nac_bb,Any 1 antisymmetric NAC BB,chain_pair,all,largest_cluster,700000.0,0.0005891974639143045,0.00034454549849412687,1934.4791075070375,9347.442116882818,7052.98641091508,0.8,8.0,100.0,61,95,3
G2_Wcluster_alhx700,$\mathrm{Hel}_{50}$,NAC_antisymmetric_BB_contact_survival,antisymmetric_nac_bb,Any 1 antisymmetric NAC BB,chain_pair,all,largest_cluster,701000.0,0.0005891974639143045,0.00034454549849412687,1934.4791075070375,9347.442116882818,7052.98641091508,0.8,8.0,100.0,61,95,3
G2_Wcluster_alhx700,$\mathrm{Hel}_{50}$,NAC_antisymmetric_BB_contact_survival,antisymmetric_nac_bb,Any 1 antisymmetric NAC BB,chain_pair,all,largest_cluster,702000.0,0.0005891974639143045,0.00034454549849412687,1934.4791075070375,9347.442116882818,7052.98641091508,0.8,8.0,100.0,61,95,3
G2_Wcluster_alhx700,$\mathrm{Hel}_{50}$,NAC_antisymmetric_BB_contact_survival,antisymmetric_nac_bb,Any 1 antisymmetric NAC BB,chain_pair,all,largest_cluster,703000.0,0.0005891974639143045,0.00034454549849412687,1934.4791075070375,9347.442116882818,7052.98641091508,0.8,8.0,100.0,61,95,3
G2_Wcluster_alhx700,$\mathrm{Hel}_{50}$,NAC_antisymmetric_BB_contact_survival,antisymmetric_nac_bb,Any 1 antisymmetric NAC BB,chain_pair,all,largest_cluster,704000.0,0.0005891974639143045,0.00034454549849412687,1934.4791075070375,9347.442116882818,7052.98641091508,0.8,8.0,100.0,61,95,3
G2_Wcluster_alhx700,$\mathrm{Hel}_{50}$,NAC_antisymmetric_BB_contact_survival,antisymmetric_nac_bb,Any 1 antisymmetric NAC BB,chain_pair,all,largest_cluster,705000.0,0.0005891974639143045,0.00034454549849412687,1934.4791075070375,9347.442116882818,7052.98641091508,0.8,8.0,100.0,61,95,3
G2_Wcluster_alhx700,$\mathrm{Hel}_{50}$,NAC_antisymmetric_BB_contact_survival,antisymmetric_nac_bb,Any 1 antisymmetric NAC BB,chain_pair,all,largest_cluster,706000.0,0.0005891974639143045,0.00034454549849412687,1934.4791075070375,9347.442116882818,7052.98641091508,0.8,8.0,100.0,61,95,3
G2_Wcluster_alhx700,$\mathrm{Hel}_{50}$,NAC_antisymmetric_BB_contact_survival,antisymmetric_nac_bb,Any 1 antisymmetric NAC BB,chain_pair,all,largest_cluster,707000.0,0.0005891974639143045,0.00034454549849412687,1934.4791075070375,9347.442116882818,7052.98641091508,0.8,8.0,100.0,61,95,3
G2_Wcluster_alhx700,$\mathrm{Hel}_{50}$,NAC_antisymmetric_BB_contact_survival,antisymmetric_nac_bb,Any 1 antisymmetric NAC BB,chain_pair,all,largest_cluster,708000.0,0.0005891974639143045,0.00034454549849412687,1934.4791075070375,9347.442116882818,7052.98641091508,0.8,8.0,100.0,61,95,3
G2_Wcluster_alhx700,$\mathrm{Hel}_{50}$,NAC_antisymmetric_BB_contact_survival,antisymmetric_nac_bb,Any 1 antisymmetric NAC BB,chain_pair,all,largest_cluster,709000.0,0.0005891974639143045,0.00034454549849412687,1934.4791075070375,9347.442116882818,7052.98641091508,0.8,8.0,100.0,61,95,3
G2_Wcluster_alhx700,$\mathrm{Hel}_{50}$,NAC_antisymmetric_BB_contact_survival,antisymmetric_nac_bb,Any 1 antisymmetric NAC BB,chain_pair,all,largest_cluster,710000.0,0.0005891974639143045,0.00034454549849412687,1934.4791075070375,9347.442116882818,7052.98641091508,0.8,8.0,100.0,61,95,3
G2_Wcluster_alhx700,$\mathrm{Hel}_{50}$,NAC_antisymmetric_BB_contact_survival,antisymmetric_nac_bb,Any 1 antisymmetric NAC BB,chain_pair,all,largest_cluster,711000.0,0.0005891974639143045,0.00034454549849412687,1934.4791075070375,9347.442116882818,7052.98641091508,0.8,8.0,100.0,61,95,3
G2_Wcluster_alhx700,$\mathrm{Hel}_{50}$,NAC_antisymmetric_BB_contact_survival,antisymmetric_nac_bb,Any 1 antisymmetric NAC BB,chain_pair,all,largest_cluster,712000.0,0.0005891974639143045,0.00034454549849412687,1934.4791075070375,9347.442116882818,7052.98641091508,0.8,8.0,100.0,61,95,3
G2_Wcluster_alhx700,$\mathrm{Hel}_{50}$,NAC_antisymmetric_BB_contact_survival,antisymmetric_nac_bb,Any 1 antisymmetric NAC BB,chain_pair,all,largest_cluster,713000.0,0.0005891974639143045,0.00034454549849412687,1934.4791075070375,9347.442116882818,7052.98641091508,0.8,8.0,100.0,61,95,3
G2_Wcluster_alhx700,$\mathrm{Hel}_{50}$,NAC_antisymmetric_BB_contact_survival,antisymmetric_nac_bb,Any 1 antisymmetric NAC BB,chain_pair,all,largest_cluster,714000.0,0.0005891974639143045,0.00034454549849412687,1934.4791075070375,9347.442116882818,7052.98641091508,0.8,8.0,100.0,61,95,3
G2_Wcluster_alhx700,$\mathrm{Hel}_{50}$,NAC_antisymmetric_BB_contact_survival,antisymmetric_nac_bb,Any 1 antisymmetric NAC BB,chain_pair,all,largest_cluster,715000.0,0.0005891974639143045,0.00034454549849412687,1934.4791075070375,9347.442116882818,7052.98641091508,0.8,8.0,100.0,61,95,3
G2_Wcluster_alhx700,$\mathrm{Hel}_{50}$,NAC_antisymmetric_BB_contact_survival,antisymmetric_nac_bb,Any 1 antisymmetric NAC BB,chain_pair,all,largest_cluster,716000.0,0.0005891974639143045,0.00034454549849412687,1934.4791075070375,9347.442116882818,7052.98641091508,0.8,8.0,100.0,61,95,3
G2_Wcluster_alhx700,$\mathrm{Hel}_{50}$,NAC_antisymmetric_BB_contact_survival,antisymmetric_nac_bb,Any 1 antisymmetric NAC BB,chain_pair,all,largest_cluster,717000.0,0.0005891974639143045,0.00034454549849412687,1934.4791075070375,9347.442116882818,7052.98641091508,0.8,8.0,100.0,61,95,3
G2_Wcluster_alhx700,$\mathrm{Hel}_{50}$,NAC_antisymmetric_BB_contact_survival,antisymmetric_nac_bb,Any 1 antisymmetric NAC BB,chain_pair,all,largest_cluster,718000.0,0.0005891974639143045,0.00034454549849412687,1934.4791075070375,9347.442116882818,7052.98641091508,0.8,8.0,100.0,61,95,3
G2_Wcluster_alhx700,$\mathrm{Hel}_{50}$,NAC_antisymmetric_BB_contact_survival,antisymmetric_nac_bb,Any 1 antisymmetric NAC BB,chain_pair,all,largest_cluster,719000.0,0.0005891974639143045,0.00034454549849412687,1934.4791075070375,9347.442116882818,7052.98641091508,0.8,8.0,100.0,61,95,3
G2_Wcluster_alhx700,$\mathrm{Hel}_{50}$,NAC_antisymmetric_BB_contact_survival,antisymmetric_nac_bb,Any 1 antisymmetric NAC BB,chain_pair,all,largest_cluster,720000.0,0.0005891974639143045,0.00034454549849412687,1934.4791075070375,9347.442116882818,7052.98641091508,0.8,8.0,100.0,61,95,3
G2_Wcluster_alhx700,$\mathrm{Hel}_{50}$,NAC_antisymmetric_BB_contact_survival,antisymmetric_nac_bb,Any 1 antisymmetric NAC BB,chain_pair,all,largest_cluster,721000.0,0.0005891974639143045,0.00034454549849412687,1934.4791075070375,9347.442116882818,7052.98641091508,0.8,8.0,100.0,61,95,3
G2_Wcluster_alhx700,$\mathrm{Hel}_{50}$,NAC_antisymmetric_BB_contact_survival,antisymmetric_nac_bb,Any 1 antisymmetric NAC BB,chain_pair,all,largest_cluster,722000.0,0.0005420698895705561,0.00037243840146217015,1934.4791075070375,9347.442116882818,7052.98641091508,0.8,8.0,100.0,61,95,3
G2_Wcluster_alhx700,$\mathrm{Hel}_{50}$,NAC_antisymmetric_BB_contact_survival,antisymmetric_nac_bb,Any 1 antisymmetric NAC BB,chain_pair,all,largest_cluster,723000.0,0.0005420698895705561,0.00037243840146217015,1934.4791075070375,9347.442116882818,7052.98641091508,0.8,8.0,100.0,61,95,3
G2_Wcluster_alhx700,$\mathrm{Hel}_{50}$,NAC_antisymmetric_BB_contact_survival,antisymmetric_nac_bb,Any 1 antisymmetric NAC BB,chain_pair,all,largest_cluster,724000.0,0.0005420698895705561,0.00037243840146217015,1934.4791075070375,9347.442116882818,7052.98641091508,0.8,8.0,100.0,61,95,3
G2_Wcluster_alhx700,$\mathrm{Hel}_{50}$,NAC_antisymmetric_BB_contact_survival,antisymmetric_nac_bb,Any 1 antisymmetric NAC BB,chain_pair,all,largest_cluster,725000.0,0.0005420698895705561,0.00037243840146217015,1934.4791075070375,9347.442116882818,7052.98641091508,0.8,8.0,100.0,61,95,3
G2_Wcluster_alhx700,$\mathrm{Hel}_{50}$,NAC_antisymmetric_BB_contact_survival,antisymmetric_nac_bb,Any 1 antisymmetric NAC BB,chain_pair,all,largest_cluster,726000.0,0.0005420698895705561,0.00037243840146217015,1934.4791075070375,9347.442116882818,7052.98641091508,0.8,8.0,100.0,61,95,3
G2_Wcluster_alhx700,$\mathrm{Hel}_{50}$,NAC_antisymmetric_BB_contact_survival,antisymmetric_nac_bb,Any 1 antisymmetric NAC BB,chain_pair,all,largest_cluster,727000.0,0.0005420698895705561,0.00037243840146217015,1934.4791075070375,9347.442116882818,7052.98641091508,0.8,8.0,100.0,61,95,3
G2_Wcluster_alhx700,$\mathrm{Hel}_{50}$,NAC_antisymmetric_BB_contact_survival,antisymmetric_nac_bb,Any 1 antisymmetric NAC BB,chain_pair,all,largest_cluster,728000.0,0.0005420698895705561,0.00037243840146217015,1934.4791075070375,9347.442116882818,7052.98641091508,0.8,8.0,100.0,61,95,3
G2_Wcluster_alhx700,$\mathrm{Hel}_{50}$,NAC_antisymmetric_BB_contact_survival,antisymmetric_nac_bb,Any 1 antisymmetric NAC BB,chain_pair,all,largest_cluster,729000.0,0.0005420698895705561,0.00037243840146217015,1934.4791075070375,9347.442116882818,7052.98641091508,0.8,8.0,100.0,61,95,3
G2_Wcluster_alhx700,$\mathrm{Hel}_{50}$,NAC_antisymmetric_BB_contact_survival,antisymmetric_nac_bb,Any 1 antisymmetric NAC BB,chain_pair,all,largest_cluster,730000.0,0.0005420698895705561,0.00037243840146217015,1934.4791075070375,9347.442116882818,7052.98641091508,0.8,8.0,100.0,61,95,3
G2_Wcluster_alhx700,$\mathrm{Hel}_{50}$,NAC_antisymmetric_BB_contact_survival,antisymmetric_nac_bb,Any 1 antisymmetric NAC BB,chain_pair,all,largest_cluster,731000.0,0.0005420698895705561,0.00037243840146217015,1934.4791075070375,9347.442116882818,7052.98641091508,0.8,8.0,100.0,61,95,3
G2_Wcluster_alhx700,$\mathrm{Hel}_{50}$,NAC_antisymmetric_BB_contact_survival,antisymmetric_nac_bb,Any 1 antisymmetric NAC BB,chain_pair,all,largest_cluster,732000.0,0.0005420698895705561,0.00037243840146217015,1934.4791075070375,9347.442116882818,7052.98641091508,0.8,8.0,100.0,61,95,3
G2_Wcluster_alhx700,$\mathrm{Hel}_{50}$,NAC_antisymmetric_BB_contact_survival,antisymmetric_nac_bb,Any 1 antisymmetric NAC BB,chain_pair,all,largest_cluster,733000.0,0.0005420698895705561,0.00037243840146217015,1934.4791075070375,9347.442116882818,7052.98641091508,0.8,8.0,100.0,61,95,3
G2_Wcluster_alhx700,$\mathrm{Hel}_{50}$,NAC_antisymmetric_BB_contact_survival,antisymmetric_nac_bb,Any 1 antisymmetric NAC BB,chain_pair,all,largest_cluster,734000.0,0.0005420698895705561,0.00037243840146217015,1934.4791075070375,9347.442116882818,7052.98641091508,0.8,8.0,100.0,61,95,3
G2_Wcluster_alhx700,$\mathrm{Hel}_{50}$,NAC_antisymmetric_BB_contact_survival,antisymmetric_nac_bb,Any 1 antisymmetric NAC BB,chain_pair,all,largest_cluster,735000.0,0.0005420698895705561,0.00037243840146217015,1934.4791075070375,9347.442116882818,7052.98641091508,0.8,8.0,100.0,61,95,3
G2_Wcluster_alhx700,$\mathrm{Hel}_{50}$,NAC_antisymmetric_BB_contact_survival,antisymmetric_nac_bb,Any 1 antisymmetric NAC BB,chain_pair,all,largest_cluster,736000.0,0.0005420698895705561,0.00037243840146217015,1934.4791075070375,9347.442116882818,7052.98641091508,0.8,8.0,100.0,61,95,3
G2_Wcluster_alhx700,$\mathrm{Hel}_{50}$,NAC_antisymmetric_BB_contact_survival,antisymmetric_nac_bb,Any 1 antisymmetric NAC BB,chain_pair,all,largest_cluster,737000.0,0.0005420698895705561,0.00037243840146217015,1934.4791075070375,9347.442116882818,7052.98641091508,0.8,8.0,100.0,61,95,3
G2_Wcluster_alhx700,$\mathrm{Hel}_{50}$,NAC_antisymmetric_BB_contact_survival,antisymmetric_nac_bb,Any 1 antisymmetric NAC BB,chain_pair,all,largest_cluster,738000.0,0.0005420698895705561,0.00037243840146217015,1934.4791075070375,9347.442116882818,7052.98641091508,0.8,8.0,100.0,61,95,3
G2_Wcluster_alhx700,$\mathrm{Hel}_{50}$,NAC_antisymmetric_BB_contact_survival,antisymmetric_nac_bb,Any 1 antisymmetric NAC BB,chain_pair,all,largest_cluster,739000.0,0.0005420698895705561,0.00037243840146217015,1934.4791075070375,9347.442116882818,7052.98641091508,0.8,8.0,100.0,61,95,3
G2_Wcluster_alhx700,$\mathrm{Hel}_{50}$,NAC_antisymmetric_BB_contact_survival,antisymmetric_nac_bb,Any 1 antisymmetric NAC BB,chain_pair,all,largest_cluster,740000.0,0.0005420698895705561,0.00037243840146217015,1934.4791075070375,9347.442116882818,7052.98641091508,0.8,8.0,100.0,61,95,3
G2_Wcluster_alhx700,$\mathrm{Hel}_{50}$,NAC_antisymmetric_BB_contact_survival,antisymmetric_nac_bb,Any 1 antisymmetric NAC BB,chain_pair,all,largest_cluster,741000.0,0.0005420698895705561,0.00037243840146217015,1934.4791075070375,9347.442116882818,7052.98641091508,0.8,8.0,100.0,61,95,3
G2_Wcluster_alhx700,$\mathrm{Hel}_{50}$,NAC_antisymmetric_BB_contact_survival,antisymmetric_nac_bb,Any 1 antisymmetric NAC BB,chain_pair,all,largest_cluster,742000.0,0.0005420698895705561,0.00037243840146217015,1934.4791075070375,9347.442116882818,7052.98641091508,0.8,8.0,100.0,61,95,3
G2_Wcluster_alhx700,$\mathrm{Hel}_{50}$,NAC_antisymmetric_BB_contact_survival,antisymmetric_nac_bb,Any 1 antisymmetric NAC BB,chain_pair,all,largest_cluster,743000.0,0.0005420698895705561,0.00037243840146217015,1934.4791075070375,9347.442116882818,7052.98641091508,0.8,8.0,100.0,61,95,3
G2_Wcluster_alhx700,$\mathrm{Hel}_{50}$,NAC_antisymmetric_BB_contact_survival,antisymmetric_nac_bb,Any 1 antisymmetric NAC BB,chain_pair,all,largest_cluster,744000.0,0.0005420698895705561,0.00037243840146217015,1934.4791075070375,9347.442116882818,7052.98641091508,0.8,8.0,100.0,61,95,3
G2_Wcluster_alhx700,$\mathrm{Hel}_{50}$,NAC_antisymmetric_BB_contact_survival,antisymmetric_nac_bb,Any 1 antisymmetric NAC BB,chain_pair,all,largest_cluster,745000.0,0.0005420698895705561,0.00037243840146217015,1934.4791075070375,9347.442116882818,7052.98641091508,0.8,8.0,100.0,61,95,3
G2_Wcluster_alhx700,$\mathrm{Hel}_{50}$,NAC_antisymmetric_BB_contact_survival,antisymmetric_nac_bb,Any 1 antisymmetric NAC BB,chain_pair,all,largest_cluster,746000.0,0.0005420698895705561,0.00037243840146217015,1934.4791075070375,9347.442116882818,7052.98641091508,0.8,8.0,100.0,61,95,3
G2_Wcluster_alhx700,$\mathrm{Hel}_{50}$,NAC_antisymmetric_BB_contact_survival,antisymmetric_nac_bb,Any 1 antisymmetric NAC BB,chain_pair,all,largest_cluster,747000.0,0.0005420698895705561,0.00037243840146217015,1934.4791075070375,9347.442116882818,7052.98641091508,0.8,8.0,100.0,61,95,3
G2_Wcluster_alhx700,$\mathrm{Hel}_{50}$,NAC_antisymmetric_BB_contact_survival,antisymmetric_nac_bb,Any 1 antisymmetric NAC BB,chain_pair,all,largest_cluster,748000.0,0.0005420698895705561,0.00037243840146217015,1934.4791075070375,9347.442116882818,7052.98641091508,0.8,8.0,100.0,61,95,3
G2_Wcluster_alhx700,$\mathrm{Hel}_{50}$,NAC_antisymmetric_BB_contact_survival,antisymmetric_nac_bb,Any 1 antisymmetric NAC BB,chain_pair,all,largest_cluster,749000.0,0.0005420698895705561,0.00037243840146217015,1934.4791075070375,9347.442116882818,7052.98641091508,0.8,8.0,100.0,61,95,3
G2_Wcluster_alhx700,$\mathrm{Hel}_{50}$,NAC_antisymmetric_BB_contact_survival,antisymmetric_nac_bb,Any 1 antisymmetric NAC BB,chain_pair,all,largest_cluster,750000.0,0.0005420698895705561,0.00037243840146217015,1934.4791075070375,9347.442116882818,7052.98641091508,0.8,8.0,100.0,61,95,3
G2_Wcluster_alhx700,$\mathrm{Hel}_{50}$,NAC_antisymmetric_BB_contact_survival,antisymmetric_nac_bb,Any 1 antisymmetric NAC BB,chain_pair,all,largest_cluster,751000.0,0.0005420698895705561,0.00037243840146217015,1934.4791075070375,9347.442116882818,7052.98641091508,0.8,8.0,100.0,61,95,3
G2_Wcluster_alhx700,$\mathrm{Hel}_{50}$,NAC_antisymmetric_BB_contact_survival,antisymmetric_nac_bb,Any 1 antisymmetric NAC BB,chain_pair,all,largest_cluster,752000.0,0.0005420698895705561,0.00037243840146217015,1934.4791075070375,9347.442116882818,7052.98641091508,0.8,8.0,100.0,61,95,3
G2_Wcluster_alhx700,$\mathrm{Hel}_{50}$,NAC_antisymmetric_BB_contact_survival,antisymmetric_nac_bb,Any 1 antisymmetric NAC BB,chain_pair,all,largest_cluster,753000.0,0.0005420698895705561,0.00037243840146217015,1934.4791075070375,9347.442116882818,7052.98641091508,0.8,8.0,100.0,61,95,3
G2_Wcluster_alhx700,$\mathrm{Hel}_{50}$,NAC_antisymmetric_BB_contact_survival,antisymmetric_nac_bb,Any 1 antisymmetric NAC BB,chain_pair,all,largest_cluster,754000.0,0.0005420698895705561,0.00037243840146217015,1934.4791075070375,9347.442116882818,7052.98641091508,0.8,8.0,100.0,61,95,3
G2_Wcluster_alhx700,$\mathrm{Hel}_{50}$,NAC_antisymmetric_BB_contact_survival,antisymmetric_nac_bb,Any 1 antisymmetric NAC BB,chain_pair,all,largest_cluster,755000.0,0.0005420698895705561,0.00037243840146217015,1934.4791075070375,9347.442116882818,7052.98641091508,0.8,8.0,100.0,61,95,3
G2_Wcluster_alhx700,$\mathrm{Hel}_{50}$,NAC_antisymmetric_BB_contact_survival,antisymmetric_nac_bb,Any 1 antisymmetric NAC BB,chain_pair,all,largest_cluster,756000.0,0.0005420698895705561,0.00037243840146217015,1934.4791075070375,9347.442116882818,7052.98641091508,0.8,8.0,100.0,61,95,3
G2_Wcluster_alhx700,$\mathrm{Hel}_{50}$,NAC_antisymmetric_BB_contact_survival,antisymmetric_nac_bb,Any 1 antisymmetric NAC BB,chain_pair,all,largest_cluster,757000.0,0.0005420698895705561,0.00037243840146217015,1934.4791075070375,9347.442116882818,7052.98641091508,0.8,8.0,100.0,61,95,3
G2_Wcluster_alhx700,$\mathrm{Hel}_{50}$,NAC_antisymmetric_BB_contact_survival,antisymmetric_nac_bb,Any 1 antisymmetric NAC BB,chain_pair,all,largest_cluster,758000.0,0.0005420698895705561,0.00037243840146217015,1934.4791075070375,9347.442116882818,7052.98641091508,0.8,8.0,100.0,61,95,3
G2_Wcluster_alhx700,$\mathrm{Hel}_{50}$,NAC_antisymmetric_BB_contact_survival,antisymmetric_nac_bb,Any 1 antisymmetric NAC BB,chain_pair,all,largest_cluster,759000.0,0.0005420698895705561,0.00037243840146217015,1934.4791075070375,9347.442116882818,7052.98641091508,0.8,8.0,100.0,61,95,3
G2_Wcluster_alhx700,$\mathrm{Hel}_{50}$,NAC_antisymmetric_BB_contact_survival,antisymmetric_nac_bb,Any 1 antisymmetric NAC BB,chain_pair,all,largest_cluster,760000.0,0.0005420698895705561,0.00037243840146217015,1934.4791075070375,9347.442116882818,7052.98641091508,0.8,8.0,100.0,61,95,3
G2_Wcluster_alhx700,$\mathrm{Hel}_{50}$,NAC_antisymmetric_BB_contact_survival,antisymmetric_nac_bb,Any 1 antisymmetric NAC BB,chain_pair,all,largest_cluster,761000.0,0.0004962886324172346,0.00040912639836279875,1934.4791075070375,9347.442116882818,7052.98641091508,0.8,8.0,100.0,61,95,3
G2_Wcluster_alhx700,$\mathrm{Hel}_{50}$,NAC_antisymmetric_BB_contact_survival,antisymmetric_nac_bb,Any 1 antisymmetric NAC BB,chain_pair,all,largest_cluster,762000.0,0.0004962886324172346,0.00040912639836279875,1934.4791075070375,9347.442116882818,7052.98641091508,0.8,8.0,100.0,61,95,3
G2_Wcluster_alhx700,$\mathrm{Hel}_{50}$,NAC_antisymmetric_BB_contact_survival,antisymmetric_nac_bb,Any 1 antisymmetric NAC BB,chain_pair,all,largest_cluster,763000.0,0.0004962886324172346,0.00040912639836279875,1934.4791075070375,9347.442116882818,7052.98641091508,0.8,8.0,100.0,61,95,3
G2_Wcluster_alhx700,$\mathrm{Hel}_{50}$,NAC_antisymmetric_BB_contact_survival,antisymmetric_nac_bb,Any 1 antisymmetric NAC BB,chain_pair,all,largest_cluster,764000.0,0.0004962886324172346,0.00040912639836279875,1934.4791075070375,9347.442116882818,7052.98641091508,0.8,8.0,100.0,61,95,3
G2_Wcluster_alhx700,$\mathrm{Hel}_{50}$,NAC_antisymmetric_BB_contact_survival,antisymmetric_nac_bb,Any 1 antisymmetric NAC BB,chain_pair,all,largest_cluster,765000.0,0.0004962886324172346,0.00040912639836279875,1934.4791075070375,9347.442116882818,7052.98641091508,0.8,8.0,100.0,61,95,3
G2_Wcluster_alhx700,$\mathrm{Hel}_{50}$,NAC_antisymmetric_BB_contact_survival,antisymmetric_nac_bb,Any 1 antisymmetric NAC BB,chain_pair,all,largest_cluster,766000.0,0.0004962886324172346,0.00040912639836279875,1934.4791075070375,9347.442116882818,7052.98641091508,0.8,8.0,100.0,61,95,3
G2_Wcluster_alhx700,$\mathrm{Hel}_{50}$,NAC_antisymmetric_BB_contact_survival,antisymmetric_nac_bb,Any 1 antisymmetric NAC BB,chain_pair,all,largest_cluster,767000.0,0.0004962886324172346,0.00040912639836279875,1934.4791075070375,9347.442116882818,7052.98641091508,0.8,8.0,100.0,61,95,3
G2_Wcluster_alhx700,$\mathrm{Hel}_{50}$,NAC_antisymmetric_BB_contact_survival,antisymmetric_nac_bb,Any 1 antisymmetric NAC BB,chain_pair,all,largest_cluster,768000.0,0.0004962886324172346,0.00040912639836279875,1934.4791075070375,9347.442116882818,7052.98641091508,0.8,8.0,100.0,61,95,3
G2_Wcluster_alhx700,$\mathrm{Hel}_{50}$,NAC_antisymmetric_BB_contact_survival,antisymmetric_nac_bb,Any 1 antisymmetric NAC BB,chain_pair,all,largest_cluster,769000.0,0.0004962886324172346,0.00040912639836279875,1934.4791075070375,9347.442116882818,7052.98641091508,0.8,8.0,100.0,61,95,3
G2_Wcluster_alhx700,$\mathrm{Hel}_{50}$,NAC_antisymmetric_BB_contact_survival,antisymmetric_nac_bb,Any 1 antisymmetric NAC BB,chain_pair,all,largest_cluster,770000.0,0.0004962886324172346,0.00040912639836279875,1934.4791075070375,9347.442116882818,7052.98641091508,0.8,8.0,100.0,61,95,3
G2_Wcluster_alhx700,$\mathrm{Hel}_{50}$,NAC_antisymmetric_BB_contact_survival,antisymmetric_nac_bb,Any 1 antisymmetric NAC BB,chain_pair,all,largest_cluster,771000.0,0.0004962886324172346,0.00040912639836279875,1934.4791075070375,9347.442116882818,7052.98641091508,0.8,8.0,100.0,61,95,3
G2_Wcluster_alhx700,$\mathrm{Hel}_{50}$,NAC_antisymmetric_BB_contact_survival,antisymmetric_nac_bb,Any 1 antisymmetric NAC BB,chain_pair,all,largest_cluster,772000.0,0.0004962886324172346,0.00040912639836279875,1934.4791075070375,9347.442116882818,7052.98641091508,0.8,8.0,100.0,61,95,3
G2_Wcluster_alhx700,$\mathrm{Hel}_{50}$,NAC_antisymmetric_BB_contact_survival,antisymmetric_nac_bb,Any 1 antisymmetric NAC BB,chain_pair,all,largest_cluster,773000.0,0.0004962886324172346,0.00040912639836279875,1934.4791075070375,9347.442116882818,7052.98641091508,0.8,8.0,100.0,61,95,3
G2_Wcluster_alhx700,$\mathrm{Hel}_{50}$,NAC_antisymmetric_BB_contact_survival,antisymmetric_nac_bb,Any 1 antisymmetric NAC BB,chain_pair,all,largest_cluster,774000.0,0.0004962886324172346,0.00040912639836279875,1934.4791075070375,9347.442116882818,7052.98641091508,0.8,8.0,100.0,61,95,3
G2_Wcluster_alhx700,$\mathrm{Hel}_{50}$,NAC_antisymmetric_BB_contact_survival,antisymmetric_nac_bb,Any 1 antisymmetric NAC BB,chain_pair,all,largest_cluster,775000.0,0.0004962886324172346,0.00040912639836279875,1934.4791075070375,9347.442116882818,7052.98641091508,0.8,8.0,100.0,61,95,3
G2_Wcluster_alhx700,$\mathrm{Hel}_{50}$,NAC_antisymmetric_BB_contact_survival,antisymmetric_nac_bb,Any 1 antisymmetric NAC BB,chain_pair,all,largest_cluster,776000.0,0.0004962886324172346,0.00040912639836279875,1934.4791075070375,9347.442116882818,7052.98641091508,0.8,8.0,100.0,61,95,3
G2_Wcluster_alhx700,$\mathrm{Hel}_{50}$,NAC_antisymmetric_BB_contact_survival,antisymmetric_nac_bb,Any 1 antisymmetric NAC BB,chain_pair,all,largest_cluster,777000.0,0.0004962886324172346,0.00040912639836279875,1934.4791075070375,9347.442116882818,7052.98641091508,0.8,8.0,100.0,61,95,3
G2_Wcluster_alhx700,$\mathrm{Hel}_{50}$,NAC_antisymmetric_BB_contact_survival,antisymmetric_nac_bb,Any 1 antisymmetric NAC BB,chain_pair,all,largest_cluster,778000.0,0.0004962886324172346,0.00040912639836279875,1934.4791075070375,9347.442116882818,7052.98641091508,0.8,8.0,100.0,61,95,3
G2_Wcluster_alhx700,$\mathrm{Hel}_{50}$,NAC_antisymmetric_BB_contact_survival,antisymmetric_nac_bb,Any 1 antisymmetric NAC BB,chain_pair,all,largest_cluster,779000.0,0.0004962886324172346,0.00040912639836279875,1934.4791075070375,9347.442116882818,7052.98641091508,0.8,8.0,100.0,61,95,3
G2_Wcluster_alhx700,$\mathrm{Hel}_{50}$,NAC_antisymmetric_BB_contact_survival,antisymmetric_nac_bb,Any 1 antisymmetric NAC BB,chain_pair,all,largest_cluster,780000.0,0.0004962886324172346,0.00040912639836279875,1934.4791075070375,9347.442116882818,7052.98641091508,0.8,8.0,100.0,61,95,3
G2_Wcluster_alhx700,$\mathrm{Hel}_{50}$,NAC_antisymmetric_BB_contact_survival,antisymmetric_nac_bb,Any 1 antisymmetric NAC BB,chain_pair,all,largest_cluster,781000.0,0.0004962886324172346,0.00040912639836279875,1934.4791075070375,9347.442116882818,7052.98641091508,0.8,8.0,100.0,61,95,3
G2_Wcluster_alhx700,$\mathrm{Hel}_{50}$,NAC_antisymmetric_BB_contact_survival,antisymmetric_nac_bb,Any 1 antisymmetric NAC BB,chain_pair,all,largest_cluster,782000.0,0.0004962886324172346,0.00040912639836279875,1934.4791075070375,9347.442116882818,7052.98641091508,0.8,8.0,100.0,61,95,3
G2_Wcluster_alhx700,$\mathrm{Hel}_{50}$,NAC_antisymmetric_BB_contact_survival,antisymmetric_nac_bb,Any 1 antisymmetric NAC BB,chain_pair,all,largest_cluster,783000.0,0.0004962886324172346,0.00040912639836279875,1934.4791075070375,9347.442116882818,7052.98641091508,0.8,8.0,100.0,61,95,3
G2_Wcluster_alhx700,$\mathrm{Hel}_{50}$,NAC_antisymmetric_BB_contact_survival,antisymmetric_nac_bb,Any 1 antisymmetric NAC BB,chain_pair,all,largest_cluster,784000.0,0.0004962886324172346,0.00040912639836279875,1934.4791075070375,9347.442116882818,7052.98641091508,0.8,8.0,100.0,61,95,3
G2_Wcluster_alhx700,$\mathrm{Hel}_{50}$,NAC_antisymmetric_BB_contact_survival,antisymmetric_nac_bb,Any 1 antisymmetric NAC BB,chain_pair,all,largest_cluster,785000.0,0.0004962886324172346,0.00040912639836279875,1934.4791075070375,9347.442116882818,7052.98641091508,0.8,8.0,100.0,61,95,3
G2_Wcluster_alhx700,$\mathrm{Hel}_{50}$,NAC_antisymmetric_BB_contact_survival,antisymmetric_nac_bb,Any 1 antisymmetric NAC BB,chain_pair,all,largest_cluster,786000.0,0.0004962886324172346,0.00040912639836279875,1934.4791075070375,9347.442116882818,7052.98641091508,0.8,8.0,100.0,61,95,3
G2_Wcluster_alhx700,$\mathrm{Hel}_{50}$,NAC_antisymmetric_BB_contact_survival,antisymmetric_nac_bb,Any 1 antisymmetric NAC BB,chain_pair,all,largest_cluster,787000.0,0.0004962886324172346,0.00040912639836279875,1934.4791075070375,9347.442116882818,7052.98641091508,0.8,8.0,100.0,61,95,3
G2_Wcluster_alhx700,$\mathrm{Hel}_{50}$,NAC_antisymmetric_BB_contact_survival,antisymmetric_nac_bb,Any 1 antisymmetric NAC BB,chain_pair,all,largest_cluster,788000.0,0.0004962886324172346,0.00040912639836279875,1934.4791075070375,9347.442116882818,7052.98641091508,0.8,8.0,100.0,61,95,3
G2_Wcluster_alhx700,$\mathrm{Hel}_{50}$,NAC_antisymmetric_BB_contact_survival,antisymmetric_nac_bb,Any 1 antisymmetric NAC BB,chain_pair,all,largest_cluster,789000.0,0.0004962886324172346,0.00040912639836279875,1934.4791075070375,9347.442116882818,7052.98641091508,0.8,8.0,100.0,61,95,3
G2_Wcluster_alhx700,$\mathrm{Hel}_{50}$,NAC_antisymmetric_BB_contact_survival,antisymmetric_nac_bb,Any 1 antisymmetric NAC BB,chain_pair,all,largest_cluster,790000.0,0.0004962886324172346,0.00040912639836279875,1934.4791075070375,9347.442116882818,7052.98641091508,0.8,8.0,100.0,61,95,3
G2_Wcluster_alhx700,$\mathrm{Hel}_{50}$,NAC_antisymmetric_BB_contact_survival,antisymmetric_nac_bb,Any 1 antisymmetric NAC BB,chain_pair,all,largest_cluster,791000.0,0.0004962886324172346,0.00040912639836279875,1934.4791075070375,9347.442116882818,7052.98641091508,0.8,8.0,100.0,61,95,3
G2_Wcluster_alhx700,$\mathrm{Hel}_{50}$,NAC_antisymmetric_BB_contact_survival,antisymmetric_nac_bb,Any 1 antisymmetric NAC BB,chain_pair,all,largest_cluster,792000.0,0.0004962886324172346,0.00040912639836279875,1934.4791075070375,9347.442116882818,7052.98641091508,0.8,8.0,100.0,61,95,3
G2_Wcluster_alhx700,$\mathrm{Hel}_{50}$,NAC_antisymmetric_BB_contact_survival,antisymmetric_nac_bb,Any 1 antisymmetric NAC BB,chain_pair,all,largest_cluster,793000.0,0.0004962886324172346,0.00040912639836279875,1934.4791075070375,9347.442116882818,7052.98641091508,0.8,8.0,100.0,61,95,3
G2_Wcluster_alhx700,$\mathrm{Hel}_{50}$,NAC_antisymmetric_BB_contact_survival,antisymmetric_nac_bb,Any 1 antisymmetric NAC BB,chain_pair,all,largest_cluster,794000.0,0.0004962886324172346,0.00040912639836279875,1934.4791075070375,9347.442116882818,7052.98641091508,0.8,8.0,100.0,61,95,3
G2_Wcluster_alhx700,$\mathrm{Hel}_{50}$,NAC_antisymmetric_BB_contact_survival,antisymmetric_nac_bb,Any 1 antisymmetric NAC BB,chain_pair,all,largest_cluster,795000.0,0.0004962886324172346,0.00040912639836279875,1934.4791075070375,9347.442116882818,7052.98641091508,0.8,8.0,100.0,61,95,3
G2_Wcluster_alhx700,$\mathrm{Hel}_{50}$,NAC_antisymmetric_BB_contact_survival,antisymmetric_nac_bb,Any 1 antisymmetric NAC BB,chain_pair,all,largest_cluster,796000.0,0.0004962886324172346,0.00040912639836279875,1934.4791075070375,9347.442116882818,7052.98641091508,0.8,8.0,100.0,61,95,3
G2_Wcluster_alhx700,$\mathrm{Hel}_{50}$,NAC_antisymmetric_BB_contact_survival,antisymmetric_nac_bb,Any 1 antisymmetric NAC BB,chain_pair,all,largest_cluster,797000.0,0.0004962886324172346,0.00040912639836279875,1934.4791075070375,9347.442116882818,7052.98641091508,0.8,8.0,100.0,61,95,3
G2_Wcluster_alhx700,$\mathrm{Hel}_{50}$,NAC_antisymmetric_BB_contact_survival,antisymmetric_nac_bb,Any 1 antisymmetric NAC BB,chain_pair,all,largest_cluster,798000.0,0.0004962886324172346,0.00040912639836279875,1934.4791075070375,9347.442116882818,7052.98641091508,0.8,8.0,100.0,61,95,3
G2_Wcluster_alhx700,$\mathrm{Hel}_{50}$,NAC_antisymmetric_BB_contact_survival,antisymmetric_nac_bb,Any 1 antisymmetric NAC BB,chain_pair,all,largest_cluster,799000.0,0.0004962886324172346,0.00040912639836279875,1934.4791075070375,9347.442116882818,7052.98641091508,0.8,8.0,100.0,61,95,3
G2_Wcluster_alhx700,$\mathrm{Hel}_{50}$,NAC_antisymmetric_BB_contact_survival,antisymmetric_nac_bb,Any 1 antisymmetric NAC BB,chain_pair,all,largest_cluster,800000.0,0.0004962886324172346,0.00040912639836279875,1934.4791075070375,9347.442116882818,7052.98641091508,0.8,8.0,100.0,61,95,3
G2_Wcluster_alhx700,$\mathrm{Hel}_{50}$,NAC_antisymmetric_BB_contact_survival,antisymmetric_nac_bb,Any 1 antisymmetric NAC BB,chain_pair,all,largest_cluster,801000.0,0.0004369132613211652,0.0003262733113868209,1934.4791075070375,9347.442116882818,7052.98641091508,0.8,8.0,100.0,61,95,3
G2_Wcluster_alhx700,$\mathrm{Hel}_{50}$,NAC_antisymmetric_BB_contact_survival,antisymmetric_nac_bb,Any 1 antisymmetric NAC BB,chain_pair,all,largest_cluster,802000.0,0.0004369132613211652,0.0003262733113868209,1934.4791075070375,9347.442116882818,7052.98641091508,0.8,8.0,100.0,61,95,3
G2_Wcluster_alhx700,$\mathrm{Hel}_{50}$,NAC_antisymmetric_BB_contact_survival,antisymmetric_nac_bb,Any 1 antisymmetric NAC BB,chain_pair,all,largest_cluster,803000.0,0.0004369132613211652,0.0003262733113868209,1934.4791075070375,9347.442116882818,7052.98641091508,0.8,8.0,100.0,61,95,3
G2_Wcluster_alhx700,$\mathrm{Hel}_{50}$,NAC_antisymmetric_BB_contact_survival,antisymmetric_nac_bb,Any 1 antisymmetric NAC BB,chain_pair,all,largest_cluster,804000.0,0.0004369132613211652,0.0003262733113868209,1934.4791075070375,9347.442116882818,7052.98641091508,0.8,8.0,100.0,61,95,3
G2_Wcluster_alhx700,$\mathrm{Hel}_{50}$,NAC_antisymmetric_BB_contact_survival,antisymmetric_nac_bb,Any 1 antisymmetric NAC BB,chain_pair,all,largest_cluster,805000.0,0.0004369132613211652,0.0003262733113868209,1934.4791075070375,9347.442116882818,7052.98641091508,0.8,8.0,100.0,61,95,3
G2_Wcluster_alhx700,$\mathrm{Hel}_{50}$,NAC_antisymmetric_BB_contact_survival,antisymmetric_nac_bb,Any 1 antisymmetric NAC BB,chain_pair,all,largest_cluster,806000.0,0.0004369132613211652,0.0003262733113868209,1934.4791075070375,9347.442116882818,7052.98641091508,0.8,8.0,100.0,61,95,3
G2_Wcluster_alhx700,$\mathrm{Hel}_{50}$,NAC_antisymmetric_BB_contact_survival,antisymmetric_nac_bb,Any 1 antisymmetric NAC BB,chain_pair,all,largest_cluster,807000.0,0.0004369132613211652,0.0003262733113868209,1934.4791075070375,9347.442116882818,7052.98641091508,0.8,8.0,100.0,61,95,3
G2_Wcluster_alhx700,$\mathrm{Hel}_{50}$,NAC_antisymmetric_BB_contact_survival,antisymmetric_nac_bb,Any 1 antisymmetric NAC BB,chain_pair,all,largest_cluster,808000.0,0.0004369132613211652,0.0003262733113868209,1934.4791075070375,9347.442116882818,7052.98641091508,0.8,8.0,100.0,61,95,3
G2_Wcluster_alhx700,$\mathrm{Hel}_{50}$,NAC_antisymmetric_BB_contact_survival,antisymmetric_nac_bb,Any 1 antisymmetric NAC BB,chain_pair,all,largest_cluster,809000.0,0.0004369132613211652,0.0003262733113868209,1934.4791075070375,9347.442116882818,7052.98641091508,0.8,8.0,100.0,61,95,3
G2_Wcluster_alhx700,$\mathrm{Hel}_{50}$,NAC_antisymmetric_BB_contact_survival,antisymmetric_nac_bb,Any 1 antisymmetric NAC BB,chain_pair,all,largest_cluster,810000.0,0.0004369132613211652,0.0003262733113868209,1934.4791075070375,9347.442116882818,7052.98641091508,0.8,8.0,100.0,61,95,3
G2_Wcluster_alhx700,$\mathrm{Hel}_{50}$,NAC_antisymmetric_BB_contact_survival,antisymmetric_nac_bb,Any 1 antisymmetric NAC BB,chain_pair,all,largest_cluster,811000.0,0.0004369132613211652,0.0003262733113868209,1934.4791075070375,9347.442116882818,7052.98641091508,0.8,8.0,100.0,61,95,3
G2_Wcluster_alhx700,$\mathrm{Hel}_{50}$,NAC_antisymmetric_BB_contact_survival,antisymmetric_nac_bb,Any 1 antisymmetric NAC BB,chain_pair,all,largest_cluster,812000.0,0.0004369132613211652,0.0003262733113868209,1934.4791075070375,9347.442116882818,7052.98641091508,0.8,8.0,100.0,61,95,3
G2_Wcluster_alhx700,$\mathrm{Hel}_{50}$,NAC_antisymmetric_BB_contact_survival,antisymmetric_nac_bb,Any 1 antisymmetric NAC BB,chain_pair,all,largest_cluster,813000.0,0.0004369132613211652,0.0003262733113868209,1934.4791075070375,9347.442116882818,7052.98641091508,0.8,8.0,100.0,61,95,3
G2_Wcluster_alhx700,$\mathrm{Hel}_{50}$,NAC_antisymmetric_BB_contact_survival,antisymmetric_nac_bb,Any 1 antisymmetric NAC BB,chain_pair,all,largest_cluster,814000.0,0.0004369132613211652,0.0003262733113868209,1934.4791075070375,9347.442116882818,7052.98641091508,0.8,8.0,100.0,61,95,3
G2_Wcluster_alhx700,$\mathrm{Hel}_{50}$,NAC_antisymmetric_BB_contact_survival,antisymmetric_nac_bb,Any 1 antisymmetric NAC BB,chain_pair,all,largest_cluster,815000.0,0.0004369132613211652,0.0003262733113868209,1934.4791075070375,9347.442116882818,7052.98641091508,0.8,8.0,100.0,61,95,3
G2_Wcluster_alhx700,$\mathrm{Hel}_{50}$,NAC_antisymmetric_BB_contact_survival,antisymmetric_nac_bb,Any 1 antisymmetric NAC BB,chain_pair,all,largest_cluster,816000.0,0.0004369132613211652,0.0003262733113868209,1934.4791075070375,9347.442116882818,7052.98641091508,0.8,8.0,100.0,61,95,3
G2_Wcluster_alhx700,$\mathrm{Hel}_{50}$,NAC_antisymmetric_BB_contact_survival,antisymmetric_nac_bb,Any 1 antisymmetric NAC BB,chain_pair,all,largest_cluster,817000.0,0.0004369132613211652,0.0003262733113868209,1934.4791075070375,9347.442116882818,7052.98641091508,0.8,8.0,100.0,61,95,3
G2_Wcluster_alhx700,$\mathrm{Hel}_{50}$,NAC_antisymmetric_BB_contact_survival,antisymmetric_nac_bb,Any 1 antisymmetric NAC BB,chain_pair,all,largest_cluster,818000.0,0.0004369132613211652,0.0003262733113868209,1934.4791075070375,9347.442116882818,7052.98641091508,0.8,8.0,100.0,61,95,3
G2_Wcluster_alhx700,$\mathrm{Hel}_{50}$,NAC_antisymmetric_BB_contact_survival,antisymmetric_nac_bb,Any 1 antisymmetric NAC BB,chain_pair,all,largest_cluster,819000.0,0.0004369132613211652,0.0003262733113868209,1934.4791075070375,9347.442116882818,7052.98641091508,0.8,8.0,100.0,61,95,3
G2_Wcluster_alhx700,$\mathrm{Hel}_{50}$,NAC_antisymmetric_BB_contact_survival,antisymmetric_nac_bb,Any 1 antisymmetric NAC BB,chain_pair,all,largest_cluster,820000.0,0.0004369132613211652,0.0003262733113868209,1934.4791075070375,9347.442116882818,7052.98641091508,0.8,8.0,100.0,61,95,3
G2_Wcluster_alhx700,$\mathrm{Hel}_{50}$,NAC_antisymmetric_BB_contact_survival,antisymmetric_nac_bb,Any 1 antisymmetric NAC BB,chain_pair,all,largest_cluster,821000.0,0.0004369132613211652,0.0003262733113868209,1934.4791075070375,9347.442116882818,7052.98641091508,0.8,8.0,100.0,61,95,3
G2_Wcluster_alhx700,$\mathrm{Hel}_{50}$,NAC_antisymmetric_BB_contact_survival,antisymmetric_nac_bb,Any 1 antisymmetric NAC BB,chain_pair,all,largest_cluster,822000.0,0.0004369132613211652,0.0003262733113868209,1934.4791075070375,9347.442116882818,7052.98641091508,0.8,8.0,100.0,61,95,3
G2_Wcluster_alhx700,$\mathrm{Hel}_{50}$,NAC_antisymmetric_BB_contact_survival,antisymmetric_nac_bb,Any 1 antisymmetric NAC BB,chain_pair,all,largest_cluster,823000.0,0.0004369132613211652,0.0003262733113868209,1934.4791075070375,9347.442116882818,7052.98641091508,0.8,8.0,100.0,61,95,3
G2_Wcluster_alhx700,$\mathrm{Hel}_{50}$,NAC_antisymmetric_BB_contact_survival,antisymmetric_nac_bb,Any 1 antisymmetric NAC BB,chain_pair,all,largest_cluster,824000.0,0.0004369132613211652,0.0003262733113868209,1934.4791075070375,9347.442116882818,7052.98641091508,0.8,8.0,100.0,61,95,3
G2_Wcluster_alhx700,$\mathrm{Hel}_{50}$,NAC_antisymmetric_BB_contact_survival,antisymmetric_nac_bb,Any 1 antisymmetric NAC BB,chain_pair,all,largest_cluster,825000.0,0.0004369132613211652,0.0003262733113868209,1934.4791075070375,9347.442116882818,7052.98641091508,0.8,8.0,100.0,61,95,3
G2_Wcluster_alhx700,$\mathrm{Hel}_{50}$,NAC_antisymmetric_BB_contact_survival,antisymmetric_nac_bb,Any 1 antisymmetric NAC BB,chain_pair,all,largest_cluster,826000.0,0.0004369132613211652,0.0003262733113868209,1934.4791075070375,9347.442116882818,7052.98641091508,0.8,8.0,100.0,61,95,3
G2_Wcluster_alhx700,$\mathrm{Hel}_{50}$,NAC_antisymmetric_BB_contact_survival,antisymmetric_nac_bb,Any 1 antisymmetric NAC BB,chain_pair,all,largest_cluster,827000.0,0.0004369132613211652,0.0003262733113868209,1934.4791075070375,9347.442116882818,7052.98641091508,0.8,8.0,100.0,61,95,3
G2_Wcluster_alhx700,$\mathrm{Hel}_{50}$,NAC_antisymmetric_BB_contact_survival,antisymmetric_nac_bb,Any 1 antisymmetric NAC BB,chain_pair,all,largest_cluster,828000.0,0.0004369132613211652,0.0003262733113868209,1934.4791075070375,9347.442116882818,7052.98641091508,0.8,8.0,100.0,61,95,3
G2_Wcluster_alhx700,$\mathrm{Hel}_{50}$,NAC_antisymmetric_BB_contact_survival,antisymmetric_nac_bb,Any 1 antisymmetric NAC BB,chain_pair,all,largest_cluster,829000.0,0.0004369132613211652,0.0003262733113868209,1934.4791075070375,9347.442116882818,7052.98641091508,0.8,8.0,100.0,61,95,3
G2_Wcluster_alhx700,$\mathrm{Hel}_{50}$,NAC_antisymmetric_BB_contact_survival,antisymmetric_nac_bb,Any 1 antisymmetric NAC BB,chain_pair,all,largest_cluster,830000.0,0.0004369132613211652,0.0003262733113868209,1934.4791075070375,9347.442116882818,7052.98641091508,0.8,8.0,100.0,61,95,3
G2_Wcluster_alhx700,$\mathrm{Hel}_{50}$,NAC_antisymmetric_BB_contact_survival,antisymmetric_nac_bb,Any 1 antisymmetric NAC BB,chain_pair,all,largest_cluster,831000.0,0.0004369132613211652,0.0003262733113868209,1934.4791075070375,9347.442116882818,7052.98641091508,0.8,8.0,100.0,61,95,3
G2_Wcluster_alhx700,$\mathrm{Hel}_{50}$,NAC_antisymmetric_BB_contact_survival,antisymmetric_nac_bb,Any 1 antisymmetric NAC BB,chain_pair,all,largest_cluster,832000.0,0.0004369132613211652,0.0003262733113868209,1934.4791075070375,9347.442116882818,7052.98641091508,0.8,8.0,100.0,61,95,3
G2_Wcluster_alhx700,$\mathrm{Hel}_{50}$,NAC_antisymmetric_BB_contact_survival,antisymmetric_nac_bb,Any 1 antisymmetric NAC BB,chain_pair,all,largest_cluster,833000.0,0.0004369132613211652,0.0003262733113868209,1934.4791075070375,9347.442116882818,7052.98641091508,0.8,8.0,100.0,61,95,3
G2_Wcluster_alhx700,$\mathrm{Hel}_{50}$,NAC_antisymmetric_BB_contact_survival,antisymmetric_nac_bb,Any 1 antisymmetric NAC BB,chain_pair,all,largest_cluster,834000.0,0.0004369132613211652,0.0003262733113868209,1934.4791075070375,9347.442116882818,7052.98641091508,0.8,8.0,100.0,61,95,3
G2_Wcluster_alhx700,$\mathrm{Hel}_{50}$,NAC_antisymmetric_BB_contact_survival,antisymmetric_nac_bb,Any 1 antisymmetric NAC BB,chain_pair,all,largest_cluster,835000.0,0.0004369132613211652,0.0003262733113868209,1934.4791075070375,9347.442116882818,7052.98641091508,0.8,8.0,100.0,61,95,3
G2_Wcluster_alhx700,$\mathrm{Hel}_{50}$,NAC_antisymmetric_BB_contact_survival,antisymmetric_nac_bb,Any 1 antisymmetric NAC BB,chain_pair,all,largest_cluster,836000.0,0.0004369132613211652,0.0003262733113868209,1934.4791075070375,9347.442116882818,7052.98641091508,0.8,8.0,100.0,61,95,3
G2_Wcluster_alhx700,$\mathrm{Hel}_{50}$,NAC_antisymmetric_BB_contact_survival,antisymmetric_nac_bb,Any 1 antisymmetric NAC BB,chain_pair,all,largest_cluster,837000.0,0.0004369132613211652,0.0003262733113868209,1934.4791075070375,9347.442116882818,7052.98641091508,0.8,8.0,100.0,61,95,3
G2_Wcluster_alhx700,$\mathrm{Hel}_{50}$,NAC_antisymmetric_BB_contact_survival,antisymmetric_nac_bb,Any 1 antisymmetric NAC BB,chain_pair,all,largest_cluster,838000.0,0.0004369132613211652,0.0003262733113868209,1934.4791075070375,9347.442116882818,7052.98641091508,0.8,8.0,100.0,61,95,3
G2_Wcluster_alhx700,$\mathrm{Hel}_{50}$,NAC_antisymmetric_BB_contact_survival,antisymmetric_nac_bb,Any 1 antisymmetric NAC BB,chain_pair,all,largest_cluster,839000.0,0.0004369132613211652,0.0003262733113868209,1934.4791075070375,9347.442116882818,7052.98641091508,0.8,8.0,100.0,61,95,3
G2_Wcluster_alhx700,$\mathrm{Hel}_{50}$,NAC_antisymmetric_BB_contact_survival,antisymmetric_nac_bb,Any 1 antisymmetric NAC BB,chain_pair,all,largest_cluster,840000.0,0.0004369132613211652,0.0003262733113868209,1934.4791075070375,9347.442116882818,7052.98641091508,0.8,8.0,100.0,61,95,3
G2_Wcluster_alhx700,$\mathrm{Hel}_{50}$,NAC_antisymmetric_BB_contact_survival,antisymmetric_nac_bb,Any 1 antisymmetric NAC BB,chain_pair,all,largest_cluster,841000.0,0.0004369132613211652,0.0003262733113868209,1934.4791075070375,9347.442116882818,7052.98641091508,0.8,8.0,100.0,61,95,3
G2_Wcluster_alhx700,$\mathrm{Hel}_{50}$,NAC_antisymmetric_BB_contact_survival,antisymmetric_nac_bb,Any 1 antisymmetric NAC BB,chain_pair,all,largest_cluster,842000.0,0.0004369132613211652,0.0003262733113868209,1934.4791075070375,9347.442116882818,7052.98641091508,0.8,8.0,100.0,61,95,3
G2_Wcluster_alhx700,$\mathrm{Hel}_{50}$,NAC_antisymmetric_BB_contact_survival,antisymmetric_nac_bb,Any 1 antisymmetric NAC BB,chain_pair,all,largest_cluster,843000.0,0.0004369132613211652,0.0003262733113868209,1934.4791075070375,9347.442116882818,7052.98641091508,0.8,8.0,100.0,61,95,3
G2_Wcluster_alhx700,$\mathrm{Hel}_{50}$,NAC_antisymmetric_BB_contact_survival,antisymmetric_nac_bb,Any 1 antisymmetric NAC BB,chain_pair,all,largest_cluster,844000.0,0.0004369132613211652,0.0003262733113868209,1934.4791075070375,9347.442116882818,7052.98641091508,0.8,8.0,100.0,61,95,3
G2_Wcluster_alhx700,$\mathrm{Hel}_{50}$,NAC_antisymmetric_BB_contact_survival,antisymmetric_nac_bb,Any 1 antisymmetric NAC BB,chain_pair,all,largest_cluster,845000.0,0.0004369132613211652,0.0003262733113868209,1934.4791075070375,9347.442116882818,7052.98641091508,0.8,8.0,100.0,61,95,3
G2_Wcluster_alhx700,$\mathrm{Hel}_{50}$,NAC_antisymmetric_BB_contact_survival,antisymmetric_nac_bb,Any 1 antisymmetric NAC BB,chain_pair,all,largest_cluster,846000.0,0.0004369132613211652,0.0003262733113868209,1934.4791075070375,9347.442116882818,7052.98641091508,0.8,8.0,100.0,61,95,3
G2_Wcluster_alhx700,$\mathrm{Hel}_{50}$,NAC_antisymmetric_BB_contact_survival,antisymmetric_nac_bb,Any 1 antisymmetric NAC BB,chain_pair,all,largest_cluster,847000.0,0.0004369132613211652,0.0003262733113868209,1934.4791075070375,9347.442116882818,7052.98641091508,0.8,8.0,100.0,61,95,3
G2_Wcluster_alhx700,$\mathrm{Hel}_{50}$,NAC_antisymmetric_BB_contact_survival,antisymmetric_nac_bb,Any 1 antisymmetric NAC BB,chain_pair,all,largest_cluster,848000.0,0.0004369132613211652,0.0003262733113868209,1934.4791075070375,9347.442116882818,7052.98641091508,0.8,8.0,100.0,61,95,3
G2_Wcluster_alhx700,$\mathrm{Hel}_{50}$,NAC_antisymmetric_BB_contact_survival,antisymmetric_nac_bb,Any 1 antisymmetric NAC BB,chain_pair,all,largest_cluster,849000.0,0.0004369132613211652,0.0003262733113868209,1934.4791075070375,9347.442116882818,7052.98641091508,0.8,8.0,100.0,61,95,3
G2_Wcluster_alhx700,$\mathrm{Hel}_{50}$,NAC_antisymmetric_BB_contact_survival,antisymmetric_nac_bb,Any 1 antisymmetric NAC BB,chain_pair,all,largest_cluster,850000.0,0.0004369132613211652,0.0003262733113868209,1934.4791075070375,9347.442116882818,7052.98641091508,0.8,8.0,100.0,61,95,3
G2_Wcluster_alhx700,$\mathrm{Hel}_{50}$,NAC_antisymmetric_BB_contact_survival,antisymmetric_nac_bb,Any 1 antisymmetric NAC BB,chain_pair,all,largest_cluster,851000.0,0.0004369132613211652,0.0003262733113868209,1934.4791075070375,9347.442116882818,7052.98641091508,0.8,8.0,100.0,61,95,3
G2_Wcluster_alhx700,$\mathrm{Hel}_{50}$,NAC_antisymmetric_BB_contact_survival,antisymmetric_nac_bb,Any 1 antisymmetric NAC BB,chain_pair,all,largest_cluster,852000.0,0.0004369132613211652,0.0003262733113868209,1934.4791075070375,9347.442116882818,7052.98641091508,0.8,8.0,100.0,61,95,3
G2_Wcluster_alhx700,$\mathrm{Hel}_{50}$,NAC_antisymmetric_BB_contact_survival,antisymmetric_nac_bb,Any 1 antisymmetric NAC BB,chain_pair,all,largest_cluster,853000.0,0.0004369132613211652,0.0003262733113868209,1934.4791075070375,9347.442116882818,7052.98641091508,0.8,8.0,100.0,61,95,3
G2_Wcluster_alhx700,$\mathrm{Hel}_{50}$,NAC_antisymmetric_BB_contact_survival,antisymmetric_nac_bb,Any 1 antisymmetric NAC BB,chain_pair,all,largest_cluster,854000.0,0.0004369132613211652,0.0003262733113868209,1934.4791075070375,9347.442116882818,7052.98641091508,0.8,8.0,100.0,61,95,3
G2_Wcluster_alhx700,$\mathrm{Hel}_{50}$,NAC_antisymmetric_BB_contact_survival,antisymmetric_nac_bb,Any 1 antisymmetric NAC BB,chain_pair,all,largest_cluster,855000.0,0.0004369132613211652,0.0003262733113868209,1934.4791075070375,9347.442116882818,7052.98641091508,0.8,8.0,100.0,61,95,3
G2_Wcluster_alhx700,$\mathrm{Hel}_{50}$,NAC_antisymmetric_BB_contact_survival,antisymmetric_nac_bb,Any 1 antisymmetric NAC BB,chain_pair,all,largest_cluster,856000.0,0.0004369132613211652,0.0003262733113868209,1934.4791075070375,9347.442116882818,7052.98641091508,0.8,8.0,100.0,61,95,3
G2_Wcluster_alhx700,$\mathrm{Hel}_{50}$,NAC_antisymmetric_BB_contact_survival,antisymmetric_nac_bb,Any 1 antisymmetric NAC BB,chain_pair,all,largest_cluster,857000.0,0.0004369132613211652,0.0003262733113868209,1934.4791075070375,9347.442116882818,7052.98641091508,0.8,8.0,100.0,61,95,3
G2_Wcluster_alhx700,$\mathrm{Hel}_{50}$,NAC_antisymmetric_BB_contact_survival,antisymmetric_nac_bb,Any 1 antisymmetric NAC BB,chain_pair,all,largest_cluster,858000.0,0.0004369132613211652,0.0003262733113868209,1934.4791075070375,9347.442116882818,7052.98641091508,0.8,8.0,100.0,61,95,3
G2_Wcluster_alhx700,$\mathrm{Hel}_{50}$,NAC_antisymmetric_BB_contact_survival,antisymmetric_nac_bb,Any 1 antisymmetric NAC BB,chain_pair,all,largest_cluster,859000.0,0.0004369132613211652,0.0003262733113868209,1934.4791075070375,9347.442116882818,7052.98641091508,0.8,8.0,100.0,61,95,3
G2_Wcluster_alhx700,$\mathrm{Hel}_{50}$,NAC_antisymmetric_BB_contact_survival,antisymmetric_nac_bb,Any 1 antisymmetric NAC BB,chain_pair,all,largest_cluster,860000.0,0.0004369132613211652,0.0003262733113868209,1934.4791075070375,9347.442116882818,7052.98641091508,0.8,8.0,100.0,61,95,3
G2_Wcluster_alhx700,$\mathrm{Hel}_{50}$,NAC_antisymmetric_BB_contact_survival,antisymmetric_nac_bb,Any 1 antisymmetric NAC BB,chain_pair,all,largest_cluster,861000.0,0.0004369132613211652,0.0003262733113868209,1934.4791075070375,9347.442116882818,7052.98641091508,0.8,8.0,100.0,61,95,3
G2_Wcluster_alhx700,$\mathrm{Hel}_{50}$,NAC_antisymmetric_BB_contact_survival,antisymmetric_nac_bb,Any 1 antisymmetric NAC BB,chain_pair,all,largest_cluster,862000.0,0.0004369132613211652,0.0003262733113868209,1934.4791075070375,9347.442116882818,7052.98641091508,0.8,8.0,100.0,61,95,3
G2_Wcluster_alhx700,$\mathrm{Hel}_{50}$,NAC_antisymmetric_BB_contact_survival,antisymmetric_nac_bb,Any 1 antisymmetric NAC BB,chain_pair,all,largest_cluster,863000.0,0.0004369132613211652,0.0003262733113868209,1934.4791075070375,9347.442116882818,7052.98641091508,0.8,8.0,100.0,61,95,3
G2_Wcluster_alhx700,$\mathrm{Hel}_{50}$,NAC_antisymmetric_BB_contact_survival,antisymmetric_nac_bb,Any 1 antisymmetric NAC BB,chain_pair,all,largest_cluster,864000.0,0.0004369132613211652,0.0003262733113868209,1934.4791075070375,9347.442116882818,7052.98641091508,0.8,8.0,100.0,61,95,3
G2_Wcluster_alhx700,$\mathrm{Hel}_{50}$,NAC_antisymmetric_BB_contact_survival,antisymmetric_nac_bb,Any 1 antisymmetric NAC BB,chain_pair,all,largest_cluster,865000.0,0.0004369132613211652,0.0003262733113868209,1934.4791075070375,9347.442116882818,7052.98641091508,0.8,8.0,100.0,61,95,3
G2_Wcluster_alhx700,$\mathrm{Hel}_{50}$,NAC_antisymmetric_BB_contact_survival,antisymmetric_nac_bb,Any 1 antisymmetric NAC BB,chain_pair,all,largest_cluster,866000.0,0.0004369132613211652,0.0003262733113868209,1934.4791075070375,9347.442116882818,7052.98641091508,0.8,8.0,100.0,61,95,3
G2_Wcluster_alhx700,$\mathrm{Hel}_{50}$,NAC_antisymmetric_BB_contact_survival,antisymmetric_nac_bb,Any 1 antisymmetric NAC BB,chain_pair,all,largest_cluster,867000.0,0.0004369132613211652,0.0003262733113868209,1934.4791075070375,9347.442116882818,7052.98641091508,0.8,8.0,100.0,61,95,3
G2_Wcluster_alhx700,$\mathrm{Hel}_{50}$,NAC_antisymmetric_BB_contact_survival,antisymmetric_nac_bb,Any 1 antisymmetric NAC BB,chain_pair,all,largest_cluster,868000.0,0.0004369132613211652,0.0003262733113868209,1934.4791075070375,9347.442116882818,7052.98641091508,0.8,8.0,100.0,61,95,3
G2_Wcluster_alhx700,$\mathrm{Hel}_{50}$,NAC_antisymmetric_BB_contact_survival,antisymmetric_nac_bb,Any 1 antisymmetric NAC BB,chain_pair,all,largest_cluster,869000.0,0.0004369132613211652,0.0003262733113868209,1934.4791075070375,9347.442116882818,7052.98641091508,0.8,8.0,100.0,61,95,3
G2_Wcluster_alhx700,$\mathrm{Hel}_{50}$,NAC_antisymmetric_BB_contact_survival,antisymmetric_nac_bb,Any 1 antisymmetric NAC BB,chain_pair,all,largest_cluster,870000.0,0.0004369132613211652,0.0003262733113868209,1934.4791075070375,9347.442116882818,7052.98641091508,0.8,8.0,100.0,61,95,3
G2_Wcluster_alhx700,$\mathrm{Hel}_{50}$,NAC_antisymmetric_BB_contact_survival,antisymmetric_nac_bb,Any 1 antisymmetric NAC BB,chain_pair,all,largest_cluster,871000.0,0.0004369132613211652,0.0003262733113868209,1934.4791075070375,9347.442116882818,7052.98641091508,0.8,8.0,100.0,61,95,3
G2_Wcluster_alhx700,$\mathrm{Hel}_{50}$,NAC_antisymmetric_BB_contact_survival,antisymmetric_nac_bb,Any 1 antisymmetric NAC BB,chain_pair,all,largest_cluster,872000.0,0.0004369132613211652,0.0003262733113868209,1934.4791075070375,9347.442116882818,7052.98641091508,0.8,8.0,100.0,61,95,3
G2_Wcluster_alhx700,$\mathrm{Hel}_{50}$,NAC_antisymmetric_BB_contact_survival,antisymmetric_nac_bb,Any 1 antisymmetric NAC BB,chain_pair,all,largest_cluster,873000.0,0.0004369132613211652,0.0003262733113868209,1934.4791075070375,9347.442116882818,7052.98641091508,0.8,8.0,100.0,61,95,3
G2_Wcluster_alhx700,$\mathrm{Hel}_{50}$,NAC_antisymmetric_BB_contact_survival,antisymmetric_nac_bb,Any 1 antisymmetric NAC BB,chain_pair,all,largest_cluster,874000.0,0.0004369132613211652,0.0003262733113868209,1934.4791075070375,9347.442116882818,7052.98641091508,0.8,8.0,100.0,61,95,3
G2_Wcluster_alhx700,$\mathrm{Hel}_{50}$,NAC_antisymmetric_BB_contact_survival,antisymmetric_nac_bb,Any 1 antisymmetric NAC BB,chain_pair,all,largest_cluster,875000.0,0.0004369132613211652,0.0003262733113868209,1934.4791075070375,9347.442116882818,7052.98641091508,0.8,8.0,100.0,61,95,3
G2_Wcluster_alhx700,$\mathrm{Hel}_{50}$,NAC_antisymmetric_BB_contact_survival,antisymmetric_nac_bb,Any 1 antisymmetric NAC BB,chain_pair,all,largest_cluster,876000.0,0.0004369132613211652,0.0003262733113868209,1934.4791075070375,9347.442116882818,7052.98641091508,0.8,8.0,100.0,61,95,3
G2_Wcluster_alhx700,$\mathrm{Hel}_{50}$,NAC_antisymmetric_BB_contact_survival,antisymmetric_nac_bb,Any 1 antisymmetric NAC BB,chain_pair,all,largest_cluster,877000.0,0.0004369132613211652,0.0003262733113868209,1934.4791075070375,9347.442116882818,7052.98641091508,0.8,8.0,100.0,61,95,3
G2_Wcluster_alhx700,$\mathrm{Hel}_{50}$,NAC_antisymmetric_BB_contact_survival,antisymmetric_nac_bb,Any 1 antisymmetric NAC BB,chain_pair,all,largest_cluster,878000.0,0.0004369132613211652,0.0003262733113868209,1934.4791075070375,9347.442116882818,7052.98641091508,0.8,8.0,100.0,61,95,3
G2_Wcluster_alhx700,$\mathrm{Hel}_{50}$,NAC_antisymmetric_BB_contact_survival,antisymmetric_nac_bb,Any 1 antisymmetric NAC BB,chain_pair,all,largest_cluster,879000.0,0.0004369132613211652,0.0003262733113868209,1934.4791075070375,9347.442116882818,7052.98641091508,0.8,8.0,100.0,61,95,3
G2_Wcluster_alhx700,$\mathrm{Hel}_{50}$,NAC_antisymmetric_BB_contact_survival,antisymmetric_nac_bb,Any 1 antisymmetric NAC BB,chain_pair,all,largest_cluster,880000.0,0.0004369132613211652,0.0003262733113868209,1934.4791075070375,9347.442116882818,7052.98641091508,0.8,8.0,100.0,61,95,3
G2_Wcluster_alhx700,$\mathrm{Hel}_{50}$,NAC_antisymmetric_BB_contact_survival,antisymmetric_nac_bb,Any 1 antisymmetric NAC BB,chain_pair,all,largest_cluster,881000.0,0.0004369132613211652,0.0003262733113868209,1934.4791075070375,9347.442116882818,7052.98641091508,0.8,8.0,100.0,61,95,3
G2_Wcluster_alhx700,$\mathrm{Hel}_{50}$,NAC_antisymmetric_BB_contact_survival,antisymmetric_nac_bb,Any 1 antisymmetric NAC BB,chain_pair,all,largest_cluster,882000.0,0.0004369132613211652,0.0003262733113868209,1934.4791075070375,9347.442116882818,7052.98641091508,0.8,8.0,100.0,61,95,3
G2_Wcluster_alhx700,$\mathrm{Hel}_{50}$,NAC_antisymmetric_BB_contact_survival,antisymmetric_nac_bb,Any 1 antisymmetric NAC BB,chain_pair,all,largest_cluster,883000.0,0.0004369132613211652,0.0003262733113868209,1934.4791075070375,9347.442116882818,7052.98641091508,0.8,8.0,100.0,61,95,3
G2_Wcluster_alhx700,$\mathrm{Hel}_{50}$,NAC_antisymmetric_BB_contact_survival,antisymmetric_nac_bb,Any 1 antisymmetric NAC BB,chain_pair,all,largest_cluster,884000.0,0.0004369132613211652,0.0003262733113868209,1934.4791075070375,9347.442116882818,7052.98641091508,0.8,8.0,100.0,61,95,3
G2_Wcluster_alhx700,$\mathrm{Hel}_{50}$,NAC_antisymmetric_BB_contact_survival,antisymmetric_nac_bb,Any 1 antisymmetric NAC BB,chain_pair,all,largest_cluster,885000.0,0.0004369132613211652,0.0003262733113868209,1934.4791075070375,9347.442116882818,7052.98641091508,0.8,8.0,100.0,61,95,3
G2_Wcluster_alhx700,$\mathrm{Hel}_{50}$,NAC_antisymmetric_BB_contact_survival,antisymmetric_nac_bb,Any 1 antisymmetric NAC BB,chain_pair,all,largest_cluster,886000.0,0.0004369132613211652,0.0003262733113868209,1934.4791075070375,9347.442116882818,7052.98641091508,0.8,8.0,100.0,61,95,3
G2_Wcluster_alhx700,$\mathrm{Hel}_{50}$,NAC_antisymmetric_BB_contact_survival,antisymmetric_nac_bb,Any 1 antisymmetric NAC BB,chain_pair,all,largest_cluster,887000.0,0.0004369132613211652,0.0003262733113868209,1934.4791075070375,9347.442116882818,7052.98641091508,0.8,8.0,100.0,61,95,3
G2_Wcluster_alhx700,$\mathrm{Hel}_{50}$,NAC_antisymmetric_BB_contact_survival,antisymmetric_nac_bb,Any 1 antisymmetric NAC BB,chain_pair,all,largest_cluster,888000.0,0.0004369132613211652,0.0003262733113868209,1934.4791075070375,9347.442116882818,7052.98641091508,0.8,8.0,100.0,61,95,3
G2_Wcluster_alhx700,$\mathrm{Hel}_{50}$,NAC_antisymmetric_BB_contact_survival,antisymmetric_nac_bb,Any 1 antisymmetric NAC BB,chain_pair,all,largest_cluster,889000.0,0.0004369132613211652,0.0003262733113868209,1934.4791075070375,9347.442116882818,7052.98641091508,0.8,8.0,100.0,61,95,3
G2_Wcluster_alhx700,$\mathrm{Hel}_{50}$,NAC_antisymmetric_BB_contact_survival,antisymmetric_nac_bb,Any 1 antisymmetric NAC BB,chain_pair,all,largest_cluster,890000.0,0.0004369132613211652,0.0003262733113868209,1934.4791075070375,9347.442116882818,7052.98641091508,0.8,8.0,100.0,61,95,3
G2_Wcluster_alhx700,$\mathrm{Hel}_{50}$,NAC_antisymmetric_BB_contact_survival,antisymmetric_nac_bb,Any 1 antisymmetric NAC BB,chain_pair,all,largest_cluster,891000.0,0.0004369132613211652,0.0003262733113868209,1934.4791075070375,9347.442116882818,7052.98641091508,0.8,8.0,100.0,61,95,3
G2_Wcluster_alhx700,$\mathrm{Hel}_{50}$,NAC_antisymmetric_BB_contact_survival,antisymmetric_nac_bb,Any 1 antisymmetric NAC BB,chain_pair,all,largest_cluster,892000.0,0.0004369132613211652,0.0003262733113868209,1934.4791075070375,9347.442116882818,7052.98641091508,0.8,8.0,100.0,61,95,3
G2_Wcluster_alhx700,$\mathrm{Hel}_{50}$,NAC_antisymmetric_BB_contact_survival,antisymmetric_nac_bb,Any 1 antisymmetric NAC BB,chain_pair,all,largest_cluster,893000.0,0.0004369132613211652,0.0003262733113868209,1934.4791075070375,9347.442116882818,7052.98641091508,0.8,8.0,100.0,61,95,3
G2_Wcluster_alhx700,$\mathrm{Hel}_{50}$,NAC_antisymmetric_BB_contact_survival,antisymmetric_nac_bb,Any 1 antisymmetric NAC BB,chain_pair,all,largest_cluster,894000.0,0.0004369132613211652,0.0003262733113868209,1934.4791075070375,9347.442116882818,7052.98641091508,0.8,8.0,100.0,61,95,3
G2_Wcluster_alhx700,$\mathrm{Hel}_{50}$,NAC_antisymmetric_BB_contact_survival,antisymmetric_nac_bb,Any 1 antisymmetric NAC BB,chain_pair,all,largest_cluster,895000.0,0.0004369132613211652,0.0003262733113868209,1934.4791075070375,9347.442116882818,7052.98641091508,0.8,8.0,100.0,61,95,3
G2_Wcluster_alhx700,$\mathrm{Hel}_{50}$,NAC_antisymmetric_BB_contact_survival,antisymmetric_nac_bb,Any 1 antisymmetric NAC BB,chain_pair,all,largest_cluster,896000.0,0.0004369132613211652,0.0003262733113868209,1934.4791075070375,9347.442116882818,7052.98641091508,0.8,8.0,100.0,61,95,3
G2_Wcluster_alhx700,$\mathrm{Hel}_{50}$,NAC_antisymmetric_BB_contact_survival,antisymmetric_nac_bb,Any 1 antisymmetric NAC BB,chain_pair,all,largest_cluster,897000.0,0.0004369132613211652,0.0003262733113868209,1934.4791075070375,9347.442116882818,7052.98641091508,0.8,8.0,100.0,61,95,3
G2_Wcluster_alhx700,$\mathrm{Hel}_{50}$,NAC_antisymmetric_BB_contact_survival,antisymmetric_nac_bb,Any 1 antisymmetric NAC BB,chain_pair,all,largest_cluster,898000.0,0.0004369132613211652,0.0003262733113868209,1934.4791075070375,9347.442116882818,7052.98641091508,0.8,8.0,100.0,61,95,3
G2_Wcluster_alhx700,$\mathrm{Hel}_{50}$,NAC_antisymmetric_BB_contact_survival,antisymmetric_nac_bb,Any 1 antisymmetric NAC BB,chain_pair,all,largest_cluster,899000.0,0.0004369132613211652,0.0003262733113868209,1934.4791075070375,9347.442116882818,7052.98641091508,0.8,8.0,100.0,61,95,3
G2_Wcluster_alhx700,$\mathrm{Hel}_{50}$,NAC_antisymmetric_BB_contact_survival,antisymmetric_nac_bb,Any 1 antisymmetric NAC BB,chain_pair,all,largest_cluster,900000.0,0.0004369132613211652,0.0003262733113868209,1934.4791075070375,9347.442116882818,7052.98641091508,0.8,8.0,100.0,61,95,3
G2_Wcluster_alhx700,$\mathrm{Hel}_{50}$,NAC_antisymmetric_BB_contact_survival,antisymmetric_nac_bb,Any 1 antisymmetric NAC BB,chain_pair,all,largest_cluster,901000.0,0.0004369132613211652,0.0003262733113868209,1934.4791075070375,9347.442116882818,7052.98641091508,0.8,8.0,100.0,61,95,3
G2_Wcluster_alhx700,$\mathrm{Hel}_{50}$,NAC_antisymmetric_BB_contact_survival,antisymmetric_nac_bb,Any 1 antisymmetric NAC BB,chain_pair,all,largest_cluster,902000.0,0.0004369132613211652,0.0003262733113868209,1934.4791075070375,9347.442116882818,7052.98641091508,0.8,8.0,100.0,61,95,3
G2_Wcluster_alhx700,$\mathrm{Hel}_{50}$,NAC_antisymmetric_BB_contact_survival,antisymmetric_nac_bb,Any 1 antisymmetric NAC BB,chain_pair,all,largest_cluster,903000.0,0.0004369132613211652,0.0003262733113868209,1934.4791075070375,9347.442116882818,7052.98641091508,0.8,8.0,100.0,61,95,3
G2_Wcluster_alhx700,$\mathrm{Hel}_{50}$,NAC_antisymmetric_BB_contact_survival,antisymmetric_nac_bb,Any 1 antisymmetric NAC BB,chain_pair,all,largest_cluster,904000.0,0.0004369132613211652,0.0003262733113868209,1934.4791075070375,9347.442116882818,7052.98641091508,0.8,8.0,100.0,61,95,3
G2_Wcluster_alhx700,$\mathrm{Hel}_{50}$,NAC_antisymmetric_BB_contact_survival,antisymmetric_nac_bb,Any 1 antisymmetric NAC BB,chain_pair,all,largest_cluster,905000.0,0.0004369132613211652,0.0003262733113868209,1934.4791075070375,9347.442116882818,7052.98641091508,0.8,8.0,100.0,61,95,3
G2_Wcluster_alhx700,$\mathrm{Hel}_{50}$,NAC_antisymmetric_BB_contact_survival,antisymmetric_nac_bb,Any 1 antisymmetric NAC BB,chain_pair,all,largest_cluster,906000.0,0.0004369132613211652,0.0003262733113868209,1934.4791075070375,9347.442116882818,7052.98641091508,0.8,8.0,100.0,61,95,3
G2_Wcluster_alhx700,$\mathrm{Hel}_{50}$,NAC_antisymmetric_BB_contact_survival,antisymmetric_nac_bb,Any 1 antisymmetric NAC BB,chain_pair,all,largest_cluster,907000.0,0.0004369132613211652,0.0003262733113868209,1934.4791075070375,9347.442116882818,7052.98641091508,0.8,8.0,100.0,61,95,3
G2_Wcluster_alhx700,$\mathrm{Hel}_{50}$,NAC_antisymmetric_BB_contact_survival,antisymmetric_nac_bb,Any 1 antisymmetric NAC BB,chain_pair,all,largest_cluster,908000.0,0.0004369132613211652,0.0003262733113868209,1934.4791075070375,9347.442116882818,7052.98641091508,0.8,8.0,100.0,61,95,3
G2_Wcluster_alhx700,$\mathrm{Hel}_{50}$,NAC_antisymmetric_BB_contact_survival,antisymmetric_nac_bb,Any 1 antisymmetric NAC BB,chain_pair,all,largest_cluster,909000.0,0.0004369132613211652,0.0003262733113868209,1934.4791075070375,9347.442116882818,7052.98641091508,0.8,8.0,100.0,61,95,3
G2_Wcluster_alhx700,$\mathrm{Hel}_{50}$,NAC_antisymmetric_BB_contact_survival,antisymmetric_nac_bb,Any 1 antisymmetric NAC BB,chain_pair,all,largest_cluster,910000.0,0.0004369132613211652,0.0003262733113868209,1934.4791075070375,9347.442116882818,7052.98641091508,0.8,8.0,100.0,61,95,3
G2_Wcluster_alhx700,$\mathrm{Hel}_{50}$,NAC_antisymmetric_BB_contact_survival,antisymmetric_nac_bb,Any 1 antisymmetric NAC BB,chain_pair,all,largest_cluster,911000.0,0.0004369132613211652,0.0003262733113868209,1934.4791075070375,9347.442116882818,7052.98641091508,0.8,8.0,100.0,61,95,3
G2_Wcluster_alhx700,$\mathrm{Hel}_{50}$,NAC_antisymmetric_BB_contact_survival,antisymmetric_nac_bb,Any 1 antisymmetric NAC BB,chain_pair,all,largest_cluster,912000.0,0.0004369132613211652,0.0003262733113868209,1934.4791075070375,9347.442116882818,7052.98641091508,0.8,8.0,100.0,61,95,3
G2_Wcluster_alhx700,$\mathrm{Hel}_{50}$,NAC_antisymmetric_BB_contact_survival,antisymmetric_nac_bb,Any 1 antisymmetric NAC BB,chain_pair,all,largest_cluster,913000.0,0.0004369132613211652,0.0003262733113868209,1934.4791075070375,9347.442116882818,7052.98641091508,0.8,8.0,100.0,61,95,3
G2_Wcluster_alhx700,$\mathrm{Hel}_{50}$,NAC_antisymmetric_BB_contact_survival,antisymmetric_nac_bb,Any 1 antisymmetric NAC BB,chain_pair,all,largest_cluster,914000.0,0.0004369132613211652,0.0003262733113868209,1934.4791075070375,9347.442116882818,7052.98641091508,0.8,8.0,100.0,61,95,3
G2_Wcluster_alhx700,$\mathrm{Hel}_{50}$,NAC_antisymmetric_BB_contact_survival,antisymmetric_nac_bb,Any 1 antisymmetric NAC BB,chain_pair,all,largest_cluster,915000.0,0.0004369132613211652,0.0003262733113868209,1934.4791075070375,9347.442116882818,7052.98641091508,0.8,8.0,100.0,61,95,3
G2_Wcluster_alhx700,$\mathrm{Hel}_{50}$,NAC_antisymmetric_BB_contact_survival,antisymmetric_nac_bb,Any 1 antisymmetric NAC BB,chain_pair,all,largest_cluster,916000.0,0.0004369132613211652,0.0003262733113868209,1934.4791075070375,9347.442116882818,7052.98641091508,0.8,8.0,100.0,61,95,3
G2_Wcluster_alhx700,$\mathrm{Hel}_{50}$,NAC_antisymmetric_BB_contact_survival,antisymmetric_nac_bb,Any 1 antisymmetric NAC BB,chain_pair,all,largest_cluster,917000.0,0.0004369132613211652,0.0003262733113868209,1934.4791075070375,9347.442116882818,7052.98641091508,0.8,8.0,100.0,61,95,3
G2_Wcluster_alhx700,$\mathrm{Hel}_{50}$,NAC_antisymmetric_BB_contact_survival,antisymmetric_nac_bb,Any 1 antisymmetric NAC BB,chain_pair,all,largest_cluster,918000.0,0.0004369132613211652,0.0003262733113868209,1934.4791075070375,9347.442116882818,7052.98641091508,0.8,8.0,100.0,61,95,3
G2_Wcluster_alhx700,$\mathrm{Hel}_{50}$,NAC_antisymmetric_BB_contact_survival,antisymmetric_nac_bb,Any 1 antisymmetric NAC BB,chain_pair,all,largest_cluster,919000.0,0.0004369132613211652,0.0003262733113868209,1934.4791075070375,9347.442116882818,7052.98641091508,0.8,8.0,100.0,61,95,3
G2_Wcluster_alhx700,$\mathrm{Hel}_{50}$,NAC_antisymmetric_BB_contact_survival,antisymmetric_nac_bb,Any 1 antisymmetric NAC BB,chain_pair,all,largest_cluster,920000.0,0.0004369132613211652,0.0003262733113868209,1934.4791075070375,9347.442116882818,7052.98641091508,0.8,8.0,100.0,61,95,3
G2_Wcluster_alhx700,$\mathrm{Hel}_{50}$,NAC_antisymmetric_BB_contact_survival,antisymmetric_nac_bb,Any 1 antisymmetric NAC BB,chain_pair,all,largest_cluster,921000.0,0.0004369132613211652,0.0003262733113868209,1934.4791075070375,9347.442116882818,7052.98641091508,0.8,8.0,100.0,61,95,3
G2_Wcluster_alhx700,$\mathrm{Hel}_{50}$,NAC_antisymmetric_BB_contact_survival,antisymmetric_nac_bb,Any 1 antisymmetric NAC BB,chain_pair,all,largest_cluster,922000.0,0.0004369132613211652,0.0003262733113868209,1934.4791075070375,9347.442116882818,7052.98641091508,0.8,8.0,100.0,61,95,3
G2_Wcluster_alhx700,$\mathrm{Hel}_{50}$,NAC_antisymmetric_BB_contact_survival,antisymmetric_nac_bb,Any 1 antisymmetric NAC BB,chain_pair,all,largest_cluster,923000.0,0.0004369132613211652,0.0003262733113868209,1934.4791075070375,9347.442116882818,7052.98641091508,0.8,8.0,100.0,61,95,3
G2_Wcluster_alhx700,$\mathrm{Hel}_{50}$,NAC_antisymmetric_BB_contact_survival,antisymmetric_nac_bb,Any 1 antisymmetric NAC BB,chain_pair,all,largest_cluster,924000.0,0.0004369132613211652,0.0003262733113868209,1934.4791075070375,9347.442116882818,7052.98641091508,0.8,8.0,100.0,61,95,3
G2_Wcluster_alhx700,$\mathrm{Hel}_{50}$,NAC_antisymmetric_BB_contact_survival,antisymmetric_nac_bb,Any 1 antisymmetric NAC BB,chain_pair,all,largest_cluster,925000.0,0.0004369132613211652,0.0003262733113868209,1934.4791075070375,9347.442116882818,7052.98641091508,0.8,8.0,100.0,61,95,3
G2_Wcluster_alhx700,$\mathrm{Hel}_{50}$,NAC_antisymmetric_BB_contact_survival,antisymmetric_nac_bb,Any 1 antisymmetric NAC BB,chain_pair,all,largest_cluster,926000.0,0.0004369132613211652,0.0003262733113868209,1934.4791075070375,9347.442116882818,7052.98641091508,0.8,8.0,100.0,61,95,3
G2_Wcluster_alhx700,$\mathrm{Hel}_{50}$,NAC_antisymmetric_BB_contact_survival,antisymmetric_nac_bb,Any 1 antisymmetric NAC BB,chain_pair,all,largest_cluster,927000.0,0.0004369132613211652,0.0003262733113868209,1934.4791075070375,9347.442116882818,7052.98641091508,0.8,8.0,100.0,61,95,3
G2_Wcluster_alhx700,$\mathrm{Hel}_{50}$,NAC_antisymmetric_BB_contact_survival,antisymmetric_nac_bb,Any 1 antisymmetric NAC BB,chain_pair,all,largest_cluster,928000.0,0.0004369132613211652,0.0003262733113868209,1934.4791075070375,9347.442116882818,7052.98641091508,0.8,8.0,100.0,61,95,3
G2_Wcluster_alhx700,$\mathrm{Hel}_{50}$,NAC_antisymmetric_BB_contact_survival,antisymmetric_nac_bb,Any 1 antisymmetric NAC BB,chain_pair,all,largest_cluster,929000.0,0.0004369132613211652,0.0003262733113868209,1934.4791075070375,9347.442116882818,7052.98641091508,0.8,8.0,100.0,61,95,3
G2_Wcluster_alhx700,$\mathrm{Hel}_{50}$,NAC_antisymmetric_BB_contact_survival,antisymmetric_nac_bb,Any 1 antisymmetric NAC BB,chain_pair,all,largest_cluster,930000.0,0.0004369132613211652,0.0003262733113868209,1934.4791075070375,9347.442116882818,7052.98641091508,0.8,8.0,100.0,61,95,3
G2_Wcluster_alhx700,$\mathrm{Hel}_{50}$,NAC_antisymmetric_BB_contact_survival,antisymmetric_nac_bb,Any 1 antisymmetric NAC BB,chain_pair,all,largest_cluster,931000.0,0.0004369132613211652,0.0003262733113868209,1934.4791075070375,9347.442116882818,7052.98641091508,0.8,8.0,100.0,61,95,3
G2_Wcluster_alhx700,$\mathrm{Hel}_{50}$,NAC_antisymmetric_BB_contact_survival,antisymmetric_nac_bb,Any 1 antisymmetric NAC BB,chain_pair,all,largest_cluster,932000.0,0.0004369132613211652,0.0003262733113868209,1934.4791075070375,9347.442116882818,7052.98641091508,0.8,8.0,100.0,61,95,3
G2_Wcluster_alhx700,$\mathrm{Hel}_{50}$,NAC_antisymmetric_BB_contact_survival,antisymmetric_nac_bb,Any 1 antisymmetric NAC BB,chain_pair,all,largest_cluster,933000.0,0.0004369132613211652,0.0003262733113868209,1934.4791075070375,9347.442116882818,7052.98641091508,0.8,8.0,100.0,61,95,3
G2_Wcluster_alhx700,$\mathrm{Hel}_{50}$,NAC_antisymmetric_BB_contact_survival,antisymmetric_nac_bb,Any 1 antisymmetric NAC BB,chain_pair,all,largest_cluster,934000.0,0.0004369132613211652,0.0003262733113868209,1934.4791075070375,9347.442116882818,7052.98641091508,0.8,8.0,100.0,61,95,3
G2_Wcluster_alhx700,$\mathrm{Hel}_{50}$,NAC_antisymmetric_BB_contact_survival,antisymmetric_nac_bb,Any 1 antisymmetric NAC BB,chain_pair,all,largest_cluster,935000.0,0.0004369132613211652,0.0003262733113868209,1934.4791075070375,9347.442116882818,7052.98641091508,0.8,8.0,100.0,61,95,3
G2_Wcluster_alhx700,$\mathrm{Hel}_{50}$,NAC_antisymmetric_BB_contact_survival,antisymmetric_nac_bb,Any 1 antisymmetric NAC BB,chain_pair,all,largest_cluster,936000.0,0.0004369132613211652,0.0003262733113868209,1934.4791075070375,9347.442116882818,7052.98641091508,0.8,8.0,100.0,61,95,3
G2_Wcluster_alhx700,$\mathrm{Hel}_{50}$,NAC_antisymmetric_BB_contact_survival,antisymmetric_nac_bb,Any 1 antisymmetric NAC BB,chain_pair,all,largest_cluster,937000.0,0.0004369132613211652,0.0003262733113868209,1934.4791075070375,9347.442116882818,7052.98641091508,0.8,8.0,100.0,61,95,3
G2_Wcluster_alhx700,$\mathrm{Hel}_{50}$,NAC_antisymmetric_BB_contact_survival,antisymmetric_nac_bb,Any 1 antisymmetric NAC BB,chain_pair,all,largest_cluster,938000.0,0.0004369132613211652,0.0003262733113868209,1934.4791075070375,9347.442116882818,7052.98641091508,0.8,8.0,100.0,61,95,3
G2_Wcluster_alhx700,$\mathrm{Hel}_{50}$,NAC_antisymmetric_BB_contact_survival,antisymmetric_nac_bb,Any 1 antisymmetric NAC BB,chain_pair,all,largest_cluster,939000.0,0.0004369132613211652,0.0003262733113868209,1934.4791075070375,9347.442116882818,7052.98641091508,0.8,8.0,100.0,61,95,3
G2_Wcluster_alhx700,$\mathrm{Hel}_{50}$,NAC_antisymmetric_BB_contact_survival,antisymmetric_nac_bb,Any 1 antisymmetric NAC BB,chain_pair,all,largest_cluster,940000.0,0.0004369132613211652,0.0003262733113868209,1934.4791075070375,9347.442116882818,7052.98641091508,0.8,8.0,100.0,61,95,3
G2_Wcluster_alhx700,$\mathrm{Hel}_{50}$,NAC_antisymmetric_BB_contact_survival,antisymmetric_nac_bb,Any 1 antisymmetric NAC BB,chain_pair,all,largest_cluster,941000.0,0.0004369132613211652,0.0003262733113868209,1934.4791075070375,9347.442116882818,7052.98641091508,0.8,8.0,100.0,61,95,3
G2_Wcluster_alhx700,$\mathrm{Hel}_{50}$,NAC_antisymmetric_BB_contact_survival,antisymmetric_nac_bb,Any 1 antisymmetric NAC BB,chain_pair,all,largest_cluster,942000.0,0.0004369132613211652,0.0003262733113868209,1934.4791075070375,9347.442116882818,7052.98641091508,0.8,8.0,100.0,61,95,3
G2_Wcluster_alhx700,$\mathrm{Hel}_{50}$,NAC_antisymmetric_BB_contact_survival,antisymmetric_nac_bb,Any 1 antisymmetric NAC BB,chain_pair,all,largest_cluster,943000.0,0.0004369132613211652,0.0003262733113868209,1934.4791075070375,9347.442116882818,7052.98641091508,0.8,8.0,100.0,61,95,3
G2_Wcluster_alhx700,$\mathrm{Hel}_{50}$,NAC_antisymmetric_BB_contact_survival,antisymmetric_nac_bb,Any 1 antisymmetric NAC BB,chain_pair,all,largest_cluster,944000.0,0.0004369132613211652,0.0003262733113868209,1934.4791075070375,9347.442116882818,7052.98641091508,0.8,8.0,100.0,61,95,3
G2_Wcluster_alhx700,$\mathrm{Hel}_{50}$,NAC_antisymmetric_BB_contact_survival,antisymmetric_nac_bb,Any 1 antisymmetric NAC BB,chain_pair,all,largest_cluster,945000.0,0.0004369132613211652,0.0003262733113868209,1934.4791075070375,9347.442116882818,7052.98641091508,0.8,8.0,100.0,61,95,3
G2_Wcluster_alhx700,$\mathrm{Hel}_{50}$,NAC_antisymmetric_BB_contact_survival,antisymmetric_nac_bb,Any 1 antisymmetric NAC BB,chain_pair,all,largest_cluster,946000.0,0.0004369132613211652,0.0003262733113868209,1934.4791075070375,9347.442116882818,7052.98641091508,0.8,8.0,100.0,61,95,3
G2_Wcluster_alhx700,$\mathrm{Hel}_{50}$,NAC_antisymmetric_BB_contact_survival,antisymmetric_nac_bb,Any 1 antisymmetric NAC BB,chain_pair,all,largest_cluster,947000.0,0.0004369132613211652,0.0003262733113868209,1934.4791075070375,9347.442116882818,7052.98641091508,0.8,8.0,100.0,61,95,3
G2_Wcluster_alhx700,$\mathrm{Hel}_{50}$,NAC_antisymmetric_BB_contact_survival,antisymmetric_nac_bb,Any 1 antisymmetric NAC BB,chain_pair,all,largest_cluster,948000.0,0.0004369132613211652,0.0003262733113868209,1934.4791075070375,9347.442116882818,7052.98641091508,0.8,8.0,100.0,61,95,3
G2_Wcluster_alhx700,$\mathrm{Hel}_{50}$,NAC_antisymmetric_BB_contact_survival,antisymmetric_nac_bb,Any 1 antisymmetric NAC BB,chain_pair,all,largest_cluster,949000.0,0.0004369132613211652,0.0003262733113868209,1934.4791075070375,9347.442116882818,7052.98641091508,0.8,8.0,100.0,61,95,3
G2_Wcluster_alhx700,$\mathrm{Hel}_{50}$,NAC_antisymmetric_BB_contact_survival,antisymmetric_nac_bb,Any 1 antisymmetric NAC BB,chain_pair,all,largest_cluster,950000.0,0.0004369132613211652,0.0003262733113868209,1934.4791075070375,9347.442116882818,7052.98641091508,0.8,8.0,100.0,61,95,3
G2_Wcluster_alhx700,$\mathrm{Hel}_{50}$,NAC_antisymmetric_BB_contact_survival,antisymmetric_nac_bb,Any 1 antisymmetric NAC BB,chain_pair,all,largest_cluster,951000.0,0.0003775378902250959,0.00024418410345579644,1934.4791075070375,9347.442116882818,7052.98641091508,0.8,8.0,100.0,61,95,3
G2_Wcluster_alhx700,$\mathrm{Hel}_{50}$,NAC_antisymmetric_BB_contact_survival,antisymmetric_nac_bb,Any 1 antisymmetric NAC BB,chain_pair,all,largest_cluster,952000.0,0.0003775378902250959,0.00024418410345579644,1934.4791075070375,9347.442116882818,7052.98641091508,0.8,8.0,100.0,61,95,3
G2_Wcluster_alhx700,$\mathrm{Hel}_{50}$,NAC_antisymmetric_BB_contact_survival,antisymmetric_nac_bb,Any 1 antisymmetric NAC BB,chain_pair,all,largest_cluster,953000.0,0.0003775378902250959,0.00024418410345579644,1934.4791075070375,9347.442116882818,7052.98641091508,0.8,8.0,100.0,61,95,3
G2_Wcluster_alhx700,$\mathrm{Hel}_{50}$,NAC_antisymmetric_BB_contact_survival,antisymmetric_nac_bb,Any 1 antisymmetric NAC BB,chain_pair,all,largest_cluster,954000.0,0.0003775378902250959,0.00024418410345579644,1934.4791075070375,9347.442116882818,7052.98641091508,0.8,8.0,100.0,61,95,3
G2_Wcluster_alhx700,$\mathrm{Hel}_{50}$,NAC_antisymmetric_BB_contact_survival,antisymmetric_nac_bb,Any 1 antisymmetric NAC BB,chain_pair,all,largest_cluster,955000.0,0.0003775378902250959,0.00024418410345579644,1934.4791075070375,9347.442116882818,7052.98641091508,0.8,8.0,100.0,61,95,3
G2_Wcluster_alhx700,$\mathrm{Hel}_{50}$,NAC_antisymmetric_BB_contact_survival,antisymmetric_nac_bb,Any 1 antisymmetric NAC BB,chain_pair,all,largest_cluster,956000.0,0.0003775378902250959,0.00024418410345579644,1934.4791075070375,9347.442116882818,7052.98641091508,0.8,8.0,100.0,61,95,3
G2_Wcluster_alhx700,$\mathrm{Hel}_{50}$,NAC_antisymmetric_BB_contact_survival,antisymmetric_nac_bb,Any 1 antisymmetric NAC BB,chain_pair,all,largest_cluster,957000.0,0.0003775378902250959,0.00024418410345579644,1934.4791075070375,9347.442116882818,7052.98641091508,0.8,8.0,100.0,61,95,3
G2_Wcluster_alhx700,$\mathrm{Hel}_{50}$,NAC_antisymmetric_BB_contact_survival,antisymmetric_nac_bb,Any 1 antisymmetric NAC BB,chain_pair,all,largest_cluster,958000.0,0.0003775378902250959,0.00024418410345579644,1934.4791075070375,9347.442116882818,7052.98641091508,0.8,8.0,100.0,61,95,3
G2_Wcluster_alhx700,$\mathrm{Hel}_{50}$,NAC_antisymmetric_BB_contact_survival,antisymmetric_nac_bb,Any 1 antisymmetric NAC BB,chain_pair,all,largest_cluster,959000.0,0.0003775378902250959,0.00024418410345579644,1934.4791075070375,9347.442116882818,7052.98641091508,0.8,8.0,100.0,61,95,3
G2_Wcluster_alhx700,$\mathrm{Hel}_{50}$,NAC_antisymmetric_BB_contact_survival,antisymmetric_nac_bb,Any 1 antisymmetric NAC BB,chain_pair,all,largest_cluster,960000.0,0.0003775378902250959,0.00024418410345579644,1934.4791075070375,9347.442116882818,7052.98641091508,0.8,8.0,100.0,61,95,3
G2_Wcluster_alhx700,$\mathrm{Hel}_{50}$,NAC_antisymmetric_BB_contact_survival,antisymmetric_nac_bb,Any 1 antisymmetric NAC BB,chain_pair,all,largest_cluster,961000.0,0.0003775378902250959,0.00024418410345579644,1934.4791075070375,9347.442116882818,7052.98641091508,0.8,8.0,100.0,61,95,3
G2_Wcluster_alhx700,$\mathrm{Hel}_{50}$,NAC_antisymmetric_BB_contact_survival,antisymmetric_nac_bb,Any 1 antisymmetric NAC BB,chain_pair,all,largest_cluster,962000.0,0.0003775378902250959,0.00024418410345579644,1934.4791075070375,9347.442116882818,7052.98641091508,0.8,8.0,100.0,61,95,3
G2_Wcluster_alhx700,$\mathrm{Hel}_{50}$,NAC_antisymmetric_BB_contact_survival,antisymmetric_nac_bb,Any 1 antisymmetric NAC BB,chain_pair,all,largest_cluster,963000.0,0.0003775378902250959,0.00024418410345579644,1934.4791075070375,9347.442116882818,7052.98641091508,0.8,8.0,100.0,61,95,3
G2_Wcluster_alhx700,$\mathrm{Hel}_{50}$,NAC_antisymmetric_BB_contact_survival,antisymmetric_nac_bb,Any 1 antisymmetric NAC BB,chain_pair,all,largest_cluster,964000.0,0.0003775378902250959,0.00024418410345579644,1934.4791075070375,9347.442116882818,7052.98641091508,0.8,8.0,100.0,61,95,3
G2_Wcluster_alhx700,$\mathrm{Hel}_{50}$,NAC_antisymmetric_BB_contact_survival,antisymmetric_nac_bb,Any 1 antisymmetric NAC BB,chain_pair,all,largest_cluster,965000.0,0.0003775378902250959,0.00024418410345579644,1934.4791075070375,9347.442116882818,7052.98641091508,0.8,8.0,100.0,61,95,3
G2_Wcluster_alhx700,$\mathrm{Hel}_{50}$,NAC_antisymmetric_BB_contact_survival,antisymmetric_nac_bb,Any 1 antisymmetric NAC BB,chain_pair,all,largest_cluster,966000.0,0.0003775378902250959,0.00024418410345579644,1934.4791075070375,9347.442116882818,7052.98641091508,0.8,8.0,100.0,61,95,3
G2_Wcluster_alhx700,$\mathrm{Hel}_{50}$,NAC_antisymmetric_BB_contact_survival,antisymmetric_nac_bb,Any 1 antisymmetric NAC BB,chain_pair,all,largest_cluster,967000.0,0.0003775378902250959,0.00024418410345579644,1934.4791075070375,9347.442116882818,7052.98641091508,0.8,8.0,100.0,61,95,3
G2_Wcluster_alhx700,$\mathrm{Hel}_{50}$,NAC_antisymmetric_BB_contact_survival,antisymmetric_nac_bb,Any 1 antisymmetric NAC BB,chain_pair,all,largest_cluster,968000.0,0.0003775378902250959,0.00024418410345579644,1934.4791075070375,9347.442116882818,7052.98641091508,0.8,8.0,100.0,61,95,3
G2_Wcluster_alhx700,$\mathrm{Hel}_{50}$,NAC_antisymmetric_BB_contact_survival,antisymmetric_nac_bb,Any 1 antisymmetric NAC BB,chain_pair,all,largest_cluster,969000.0,0.0003775378902250959,0.00024418410345579644,1934.4791075070375,9347.442116882818,7052.98641091508,0.8,8.0,100.0,61,95,3
G2_Wcluster_alhx700,$\mathrm{Hel}_{50}$,NAC_antisymmetric_BB_contact_survival,antisymmetric_nac_bb,Any 1 antisymmetric NAC BB,chain_pair,all,largest_cluster,970000.0,0.0003775378902250959,0.00024418410345579644,1934.4791075070375,9347.442116882818,7052.98641091508,0.8,8.0,100.0,61,95,3
G2_Wcluster_alhx700,$\mathrm{Hel}_{50}$,NAC_antisymmetric_BB_contact_survival,antisymmetric_nac_bb,Any 1 antisymmetric NAC BB,chain_pair,all,largest_cluster,971000.0,0.0003775378902250959,0.00024418410345579644,1934.4791075070375,9347.442116882818,7052.98641091508,0.8,8.0,100.0,61,95,3
G2_Wcluster_alhx700,$\mathrm{Hel}_{50}$,NAC_antisymmetric_BB_contact_survival,antisymmetric_nac_bb,Any 1 antisymmetric NAC BB,chain_pair,all,largest_cluster,972000.0,0.0003775378902250959,0.00024418410345579644,1934.4791075070375,9347.442116882818,7052.98641091508,0.8,8.0,100.0,61,95,3
G2_Wcluster_alhx700,$\mathrm{Hel}_{50}$,NAC_antisymmetric_BB_contact_survival,antisymmetric_nac_bb,Any 1 antisymmetric NAC BB,chain_pair,all,largest_cluster,973000.0,0.0003775378902250959,0.00024418410345579644,1934.4791075070375,9347.442116882818,7052.98641091508,0.8,8.0,100.0,61,95,3
G2_Wcluster_alhx700,$\mathrm{Hel}_{50}$,NAC_antisymmetric_BB_contact_survival,antisymmetric_nac_bb,Any 1 antisymmetric NAC BB,chain_pair,all,largest_cluster,974000.0,0.0003775378902250959,0.00024418410345579644,1934.4791075070375,9347.442116882818,7052.98641091508,0.8,8.0,100.0,61,95,3
G2_Wcluster_alhx700,$\mathrm{Hel}_{50}$,NAC_antisymmetric_BB_contact_survival,antisymmetric_nac_bb,Any 1 antisymmetric NAC BB,chain_pair,all,largest_cluster,975000.0,0.0003775378902250959,0.00024418410345579644,1934.4791075070375,9347.442116882818,7052.98641091508,0.8,8.0,100.0,61,95,3
G2_Wcluster_alhx700,$\mathrm{Hel}_{50}$,NAC_antisymmetric_BB_contact_survival,antisymmetric_nac_bb,Any 1 antisymmetric NAC BB,chain_pair,all,largest_cluster,976000.0,0.0003775378902250959,0.00024418410345579644,1934.4791075070375,9347.442116882818,7052.98641091508,0.8,8.0,100.0,61,95,3
G2_Wcluster_alhx700,$\mathrm{Hel}_{50}$,NAC_antisymmetric_BB_contact_survival,antisymmetric_nac_bb,Any 1 antisymmetric NAC BB,chain_pair,all,largest_cluster,977000.0,0.0003775378902250959,0.00024418410345579644,1934.4791075070375,9347.442116882818,7052.98641091508,0.8,8.0,100.0,61,95,3
G2_Wcluster_alhx700,$\mathrm{Hel}_{50}$,NAC_antisymmetric_BB_contact_survival,antisymmetric_nac_bb,Any 1 antisymmetric NAC BB,chain_pair,all,largest_cluster,978000.0,0.0003775378902250959,0.00024418410345579644,1934.4791075070375,9347.442116882818,7052.98641091508,0.8,8.0,100.0,61,95,3
G2_Wcluster_alhx700,$\mathrm{Hel}_{50}$,NAC_antisymmetric_BB_contact_survival,antisymmetric_nac_bb,Any 1 antisymmetric NAC BB,chain_pair,all,largest_cluster,979000.0,0.0003775378902250959,0.00024418410345579644,1934.4791075070375,9347.442116882818,7052.98641091508,0.8,8.0,100.0,61,95,3
G2_Wcluster_alhx700,$\mathrm{Hel}_{50}$,NAC_antisymmetric_BB_contact_survival,antisymmetric_nac_bb,Any 1 antisymmetric NAC BB,chain_pair,all,largest_cluster,980000.0,0.0003775378902250959,0.00024418410345579644,1934.4791075070375,9347.442116882818,7052.98641091508,0.8,8.0,100.0,61,95,3
G2_Wcluster_alhx700,$\mathrm{Hel}_{50}$,NAC_antisymmetric_BB_contact_survival,antisymmetric_nac_bb,Any 1 antisymmetric NAC BB,chain_pair,all,largest_cluster,981000.0,0.0003775378902250959,0.00024418410345579644,1934.4791075070375,9347.442116882818,7052.98641091508,0.8,8.0,100.0,61,95,3
G2_Wcluster_alhx700,$\mathrm{Hel}_{50}$,NAC_antisymmetric_BB_contact_survival,antisymmetric_nac_bb,Any 1 antisymmetric NAC BB,chain_pair,all,largest_cluster,982000.0,0.0003775378902250959,0.00024418410345579644,1934.4791075070375,9347.442116882818,7052.98641091508,0.8,8.0,100.0,61,95,3
G2_Wcluster_alhx700,$\mathrm{Hel}_{50}$,NAC_antisymmetric_BB_contact_survival,antisymmetric_nac_bb,Any 1 antisymmetric NAC BB,chain_pair,all,largest_cluster,983000.0,0.0003775378902250959,0.00024418410345579644,1934.4791075070375,9347.442116882818,7052.98641091508,0.8,8.0,100.0,61,95,3
G2_Wcluster_alhx700,$\mathrm{Hel}_{50}$,NAC_antisymmetric_BB_contact_survival,antisymmetric_nac_bb,Any 1 antisymmetric NAC BB,chain_pair,all,largest_cluster,984000.0,0.0003775378902250959,0.00024418410345579644,1934.4791075070375,9347.442116882818,7052.98641091508,0.8,8.0,100.0,61,95,3
G2_Wcluster_alhx700,$\mathrm{Hel}_{50}$,NAC_antisymmetric_BB_contact_survival,antisymmetric_nac_bb,Any 1 antisymmetric NAC BB,chain_pair,all,largest_cluster,985000.0,0.0003775378902250959,0.00024418410345579644,1934.4791075070375,9347.442116882818,7052.98641091508,0.8,8.0,100.0,61,95,3
G2_Wcluster_alhx700,$\mathrm{Hel}_{50}$,NAC_antisymmetric_BB_contact_survival,antisymmetric_nac_bb,Any 1 antisymmetric NAC BB,chain_pair,all,largest_cluster,986000.0,0.0003775378902250959,0.00024418410345579644,1934.4791075070375,9347.442116882818,7052.98641091508,0.8,8.0,100.0,61,95,3
G2_Wcluster_alhx700,$\mathrm{Hel}_{50}$,NAC_antisymmetric_BB_contact_survival,antisymmetric_nac_bb,Any 1 antisymmetric NAC BB,chain_pair,all,largest_cluster,987000.0,0.0003775378902250959,0.00024418410345579644,1934.4791075070375,9347.442116882818,7052.98641091508,0.8,8.0,100.0,61,95,3
G2_Wcluster_alhx700,$\mathrm{Hel}_{50}$,NAC_antisymmetric_BB_contact_survival,antisymmetric_nac_bb,Any 1 antisymmetric NAC BB,chain_pair,all,largest_cluster,988000.0,0.0003775378902250959,0.00024418410345579644,1934.4791075070375,9347.442116882818,7052.98641091508,0.8,8.0,100.0,61,95,3
G2_Wcluster_alhx700,$\mathrm{Hel}_{50}$,NAC_antisymmetric_BB_contact_survival,antisymmetric_nac_bb,Any 1 antisymmetric NAC BB,chain_pair,all,largest_cluster,989000.0,0.0003775378902250959,0.00024418410345579644,1934.4791075070375,9347.442116882818,7052.98641091508,0.8,8.0,100.0,61,95,3
G2_Wcluster_alhx700,$\mathrm{Hel}_{50}$,NAC_antisymmetric_BB_contact_survival,antisymmetric_nac_bb,Any 1 antisymmetric NAC BB,chain_pair,all,largest_cluster,990000.0,0.0003775378902250959,0.00024418410345579644,1934.4791075070375,9347.442116882818,7052.98641091508,0.8,8.0,100.0,61,95,3
G2_Wcluster_alhx700,$\mathrm{Hel}_{50}$,NAC_antisymmetric_BB_contact_survival,antisymmetric_nac_bb,Any 1 antisymmetric NAC BB,chain_pair,all,largest_cluster,991000.0,0.00031816251912902653,0.00016400981009953206,1934.4791075070375,9347.442116882818,7052.98641091508,0.8,8.0,100.0,61,95,3
G2_Wcluster_alhx700,$\mathrm{Hel}_{50}$,NAC_antisymmetric_BB_contact_survival,antisymmetric_nac_bb,Any 1 antisymmetric NAC BB,chain_pair,all,largest_cluster,992000.0,0.00031816251912902653,0.00016400981009953206,1934.4791075070375,9347.442116882818,7052.98641091508,0.8,8.0,100.0,61,95,3
G2_Wcluster_alhx700,$\mathrm{Hel}_{50}$,NAC_antisymmetric_BB_contact_survival,antisymmetric_nac_bb,Any 1 antisymmetric NAC BB,chain_pair,all,largest_cluster,993000.0,0.00031816251912902653,0.00016400981009953206,1934.4791075070375,9347.442116882818,7052.98641091508,0.8,8.0,100.0,61,95,3
G2_Wcluster_alhx700,$\mathrm{Hel}_{50}$,NAC_antisymmetric_BB_contact_survival,antisymmetric_nac_bb,Any 1 antisymmetric NAC BB,chain_pair,all,largest_cluster,994000.0,0.00031816251912902653,0.00016400981009953206,1934.4791075070375,9347.442116882818,7052.98641091508,0.8,8.0,100.0,61,95,3
G2_Wcluster_alhx700,$\mathrm{Hel}_{50}$,NAC_antisymmetric_BB_contact_survival,antisymmetric_nac_bb,Any 1 antisymmetric NAC BB,chain_pair,all,largest_cluster,995000.0,0.00031816251912902653,0.00016400981009953206,1934.4791075070375,9347.442116882818,7052.98641091508,0.8,8.0,100.0,61,95,3
G2_Wcluster_alhx700,$\mathrm{Hel}_{50}$,NAC_antisymmetric_BB_contact_survival,antisymmetric_nac_bb,Any 1 antisymmetric NAC BB,chain_pair,all,largest_cluster,996000.0,0.00031816251912902653,0.00016400981009953206,1934.4791075070375,9347.442116882818,7052.98641091508,0.8,8.0,100.0,61,95,3
G2_Wcluster_alhx700,$\mathrm{Hel}_{50}$,NAC_antisymmetric_BB_contact_survival,antisymmetric_nac_bb,Any 1 antisymmetric NAC BB,chain_pair,all,largest_cluster,997000.0,0.00031816251912902653,0.00016400981009953206,1934.4791075070375,9347.442116882818,7052.98641091508,0.8,8.0,100.0,61,95,3
G2_Wcluster_alhx700,$\mathrm{Hel}_{50}$,NAC_antisymmetric_BB_contact_survival,antisymmetric_nac_bb,Any 1 antisymmetric NAC BB,chain_pair,all,largest_cluster,998000.0,0.00031816251912902653,0.00016400981009953206,1934.4791075070375,9347.442116882818,7052.98641091508,0.8,8.0,100.0,61,95,3
G2_Wcluster_alhx700,$\mathrm{Hel}_{50}$,NAC_antisymmetric_BB_contact_survival,antisymmetric_nac_bb,Any 1 antisymmetric NAC BB,chain_pair,all,largest_cluster,999000.0,0.00031816251912902653,0.00016400981009953206,1934.4791075070375,9347.442116882818,7052.98641091508,0.8,8.0,100.0,61,95,3
G2_Wcluster_alhx700,$\mathrm{Hel}_{50}$,NAC_antisymmetric_BB_contact_survival,antisymmetric_nac_bb,Any 1 antisymmetric NAC BB,chain_pair,all,largest_cluster,1000000.0,0.00031816251912902653,0.00016400981009953206,1934.4791075070375,9347.442116882818,7052.98641091508,0.8,8.0,100.0,61,95,3
G2_Wcluster_alhx700,$\mathrm{Hel}_{50}$,NAC_antisymmetric_BB_contact_survival,antisymmetric_nac_bb,Any 1 antisymmetric NAC BB,chain_pair,all,largest_cluster,1001000.0,0.00031816251912902653,0.00016400981009953206,1934.4791075070375,9347.442116882818,7052.98641091508,0.8,8.0,100.0,61,95,3
G2_Wcluster_alhx700,$\mathrm{Hel}_{50}$,NAC_antisymmetric_BB_contact_survival,antisymmetric_nac_bb,Any 1 antisymmetric NAC BB,chain_pair,all,largest_cluster,1002000.0,0.00031816251912902653,0.00016400981009953206,1934.4791075070375,9347.442116882818,7052.98641091508,0.8,8.0,100.0,61,95,3
G2_Wcluster_alhx700,$\mathrm{Hel}_{50}$,NAC_antisymmetric_BB_contact_survival,antisymmetric_nac_bb,Any 1 antisymmetric NAC BB,chain_pair,all,largest_cluster,1003000.0,0.00031816251912902653,0.00016400981009953206,1934.4791075070375,9347.442116882818,7052.98641091508,0.8,8.0,100.0,61,95,3
G2_Wcluster_alhx700,$\mathrm{Hel}_{50}$,NAC_antisymmetric_BB_contact_survival,antisymmetric_nac_bb,Any 1 antisymmetric NAC BB,chain_pair,all,largest_cluster,1004000.0,0.00031816251912902653,0.00016400981009953206,1934.4791075070375,9347.442116882818,7052.98641091508,0.8,8.0,100.0,61,95,3
G2_Wcluster_alhx700,$\mathrm{Hel}_{50}$,NAC_antisymmetric_BB_contact_survival,antisymmetric_nac_bb,Any 1 antisymmetric NAC BB,chain_pair,all,largest_cluster,1005000.0,0.00031816251912902653,0.00016400981009953206,1934.4791075070375,9347.442116882818,7052.98641091508,0.8,8.0,100.0,61,95,3
G2_Wcluster_alhx700,$\mathrm{Hel}_{50}$,NAC_antisymmetric_BB_contact_survival,antisymmetric_nac_bb,Any 1 antisymmetric NAC BB,chain_pair,all,largest_cluster,1006000.0,0.00031816251912902653,0.00016400981009953206,1934.4791075070375,9347.442116882818,7052.98641091508,0.8,8.0,100.0,61,95,3
G2_Wcluster_alhx700,$\mathrm{Hel}_{50}$,NAC_antisymmetric_BB_contact_survival,antisymmetric_nac_bb,Any 1 antisymmetric NAC BB,chain_pair,all,largest_cluster,1007000.0,0.00031816251912902653,0.00016400981009953206,1934.4791075070375,9347.442116882818,7052.98641091508,0.8,8.0,100.0,61,95,3
G2_Wcluster_alhx700,$\mathrm{Hel}_{50}$,NAC_antisymmetric_BB_contact_survival,antisymmetric_nac_bb,Any 1 antisymmetric NAC BB,chain_pair,all,largest_cluster,1008000.0,0.00031816251912902653,0.00016400981009953206,1934.4791075070375,9347.442116882818,7052.98641091508,0.8,8.0,100.0,61,95,3
G2_Wcluster_alhx700,$\mathrm{Hel}_{50}$,NAC_antisymmetric_BB_contact_survival,antisymmetric_nac_bb,Any 1 antisymmetric NAC BB,chain_pair,all,largest_cluster,1009000.0,0.00031816251912902653,0.00016400981009953206,1934.4791075070375,9347.442116882818,7052.98641091508,0.8,8.0,100.0,61,95,3
G2_Wcluster_alhx700,$\mathrm{Hel}_{50}$,NAC_antisymmetric_BB_contact_survival,antisymmetric_nac_bb,Any 1 antisymmetric NAC BB,chain_pair,all,largest_cluster,1010000.0,0.00031816251912902653,0.00016400981009953206,1934.4791075070375,9347.442116882818,7052.98641091508,0.8,8.0,100.0,61,95,3
G2_Wcluster_alhx700,$\mathrm{Hel}_{50}$,NAC_antisymmetric_BB_contact_survival,antisymmetric_nac_bb,Any 1 antisymmetric NAC BB,chain_pair,all,largest_cluster,1011000.0,0.00031816251912902653,0.00016400981009953206,1934.4791075070375,9347.442116882818,7052.98641091508,0.8,8.0,100.0,61,95,3
G2_Wcluster_alhx700,$\mathrm{Hel}_{50}$,NAC_antisymmetric_BB_contact_survival,antisymmetric_nac_bb,Any 1 antisymmetric NAC BB,chain_pair,all,largest_cluster,1012000.0,0.00031816251912902653,0.00016400981009953206,1934.4791075070375,9347.442116882818,7052.98641091508,0.8,8.0,100.0,61,95,3
G2_Wcluster_alhx700,$\mathrm{Hel}_{50}$,NAC_antisymmetric_BB_contact_survival,antisymmetric_nac_bb,Any 1 antisymmetric NAC BB,chain_pair,all,largest_cluster,1013000.0,0.00031816251912902653,0.00016400981009953206,1934.4791075070375,9347.442116882818,7052.98641091508,0.8,8.0,100.0,61,95,3
G2_Wcluster_alhx700,$\mathrm{Hel}_{50}$,NAC_antisymmetric_BB_contact_survival,antisymmetric_nac_bb,Any 1 antisymmetric NAC BB,chain_pair,all,largest_cluster,1014000.0,0.00031816251912902653,0.00016400981009953206,1934.4791075070375,9347.442116882818,7052.98641091508,0.8,8.0,100.0,61,95,3
G2_Wcluster_alhx700,$\mathrm{Hel}_{50}$,NAC_antisymmetric_BB_contact_survival,antisymmetric_nac_bb,Any 1 antisymmetric NAC BB,chain_pair,all,largest_cluster,1015000.0,0.00031816251912902653,0.00016400981009953206,1934.4791075070375,9347.442116882818,7052.98641091508,0.8,8.0,100.0,61,95,3
G2_Wcluster_alhx700,$\mathrm{Hel}_{50}$,NAC_antisymmetric_BB_contact_survival,antisymmetric_nac_bb,Any 1 antisymmetric NAC BB,chain_pair,all,largest_cluster,1016000.0,0.00031816251912902653,0.00016400981009953206,1934.4791075070375,9347.442116882818,7052.98641091508,0.8,8.0,100.0,61,95,3
G2_Wcluster_alhx700,$\mathrm{Hel}_{50}$,NAC_antisymmetric_BB_contact_survival,antisymmetric_nac_bb,Any 1 antisymmetric NAC BB,chain_pair,all,largest_cluster,1017000.0,0.00031816251912902653,0.00016400981009953206,1934.4791075070375,9347.442116882818,7052.98641091508,0.8,8.0,100.0,61,95,3
G2_Wcluster_alhx700,$\mathrm{Hel}_{50}$,NAC_antisymmetric_BB_contact_survival,antisymmetric_nac_bb,Any 1 antisymmetric NAC BB,chain_pair,all,largest_cluster,1018000.0,0.00031816251912902653,0.00016400981009953206,1934.4791075070375,9347.442116882818,7052.98641091508,0.8,8.0,100.0,61,95,3
G2_Wcluster_alhx700,$\mathrm{Hel}_{50}$,NAC_antisymmetric_BB_contact_survival,antisymmetric_nac_bb,Any 1 antisymmetric NAC BB,chain_pair,all,largest_cluster,1019000.0,0.00031816251912902653,0.00016400981009953206,1934.4791075070375,9347.442116882818,7052.98641091508,0.8,8.0,100.0,61,95,3
G2_Wcluster_alhx700,$\mathrm{Hel}_{50}$,NAC_antisymmetric_BB_contact_survival,antisymmetric_nac_bb,Any 1 antisymmetric NAC BB,chain_pair,all,largest_cluster,1020000.0,0.00031816251912902653,0.00016400981009953206,1934.4791075070375,9347.442116882818,7052.98641091508,0.8,8.0,100.0,61,95,3
G2_Wcluster_alhx700,$\mathrm{Hel}_{50}$,NAC_antisymmetric_BB_contact_survival,antisymmetric_nac_bb,Any 1 antisymmetric NAC BB,chain_pair,all,largest_cluster,1021000.0,0.00031816251912902653,0.00016400981009953206,1934.4791075070375,9347.442116882818,7052.98641091508,0.8,8.0,100.0,61,95,3
G2_Wcluster_alhx700,$\mathrm{Hel}_{50}$,NAC_antisymmetric_BB_contact_survival,antisymmetric_nac_bb,Any 1 antisymmetric NAC BB,chain_pair,all,largest_cluster,1022000.0,0.00031816251912902653,0.00016400981009953206,1934.4791075070375,9347.442116882818,7052.98641091508,0.8,8.0,100.0,61,95,3
G2_Wcluster_alhx700,$\mathrm{Hel}_{50}$,NAC_antisymmetric_BB_contact_survival,antisymmetric_nac_bb,Any 1 antisymmetric NAC BB,chain_pair,all,largest_cluster,1023000.0,0.00031816251912902653,0.00016400981009953206,1934.4791075070375,9347.442116882818,7052.98641091508,0.8,8.0,100.0,61,95,3
G2_Wcluster_alhx700,$\mathrm{Hel}_{50}$,NAC_antisymmetric_BB_contact_survival,antisymmetric_nac_bb,Any 1 antisymmetric NAC BB,chain_pair,all,largest_cluster,1024000.0,0.00031816251912902653,0.00016400981009953206,1934.4791075070375,9347.442116882818,7052.98641091508,0.8,8.0,100.0,61,95,3
G2_Wcluster_alhx700,$\mathrm{Hel}_{50}$,NAC_antisymmetric_BB_contact_survival,antisymmetric_nac_bb,Any 1 antisymmetric NAC BB,chain_pair,all,largest_cluster,1025000.0,0.00031816251912902653,0.00016400981009953206,1934.4791075070375,9347.442116882818,7052.98641091508,0.8,8.0,100.0,61,95,3
G2_Wcluster_alhx700,$\mathrm{Hel}_{50}$,NAC_antisymmetric_BB_contact_survival,antisymmetric_nac_bb,Any 1 antisymmetric NAC BB,chain_pair,all,largest_cluster,1026000.0,0.00031816251912902653,0.00016400981009953206,1934.4791075070375,9347.442116882818,7052.98641091508,0.8,8.0,100.0,61,95,3
G2_Wcluster_alhx700,$\mathrm{Hel}_{50}$,NAC_antisymmetric_BB_contact_survival,antisymmetric_nac_bb,Any 1 antisymmetric NAC BB,chain_pair,all,largest_cluster,1027000.0,0.00031816251912902653,0.00016400981009953206,1934.4791075070375,9347.442116882818,7052.98641091508,0.8,8.0,100.0,61,95,3
G2_Wcluster_alhx700,$\mathrm{Hel}_{50}$,NAC_antisymmetric_BB_contact_survival,antisymmetric_nac_bb,Any 1 antisymmetric NAC BB,chain_pair,all,largest_cluster,1028000.0,0.00031816251912902653,0.00016400981009953206,1934.4791075070375,9347.442116882818,7052.98641091508,0.8,8.0,100.0,61,95,3
G2_Wcluster_alhx700,$\mathrm{Hel}_{50}$,NAC_antisymmetric_BB_contact_survival,antisymmetric_nac_bb,Any 1 antisymmetric NAC BB,chain_pair,all,largest_cluster,1029000.0,0.00031816251912902653,0.00016400981009953206,1934.4791075070375,9347.442116882818,7052.98641091508,0.8,8.0,100.0,61,95,3
G2_Wcluster_alhx700,$\mathrm{Hel}_{50}$,NAC_antisymmetric_BB_contact_survival,antisymmetric_nac_bb,Any 1 antisymmetric NAC BB,chain_pair,all,largest_cluster,1030000.0,0.00031816251912902653,0.00016400981009953206,1934.4791075070375,9347.442116882818,7052.98641091508,0.8,8.0,100.0,61,95,3
G2_Wcluster_alhx700,$\mathrm{Hel}_{50}$,NAC_antisymmetric_BB_contact_survival,antisymmetric_nac_bb,Any 1 antisymmetric NAC BB,chain_pair,all,largest_cluster,1031000.0,0.00031816251912902653,0.00016400981009953206,1934.4791075070375,9347.442116882818,7052.98641091508,0.8,8.0,100.0,61,95,3
G2_Wcluster_alhx700,$\mathrm{Hel}_{50}$,NAC_antisymmetric_BB_contact_survival,antisymmetric_nac_bb,Any 1 antisymmetric NAC BB,chain_pair,all,largest_cluster,1032000.0,0.00031816251912902653,0.00016400981009953206,1934.4791075070375,9347.442116882818,7052.98641091508,0.8,8.0,100.0,61,95,3
G2_Wcluster_alhx700,$\mathrm{Hel}_{50}$,NAC_antisymmetric_BB_contact_survival,antisymmetric_nac_bb,Any 1 antisymmetric NAC BB,chain_pair,all,largest_cluster,1033000.0,0.00031816251912902653,0.00016400981009953206,1934.4791075070375,9347.442116882818,7052.98641091508,0.8,8.0,100.0,61,95,3
G2_Wcluster_alhx700,$\mathrm{Hel}_{50}$,NAC_antisymmetric_BB_contact_survival,antisymmetric_nac_bb,Any 1 antisymmetric NAC BB,chain_pair,all,largest_cluster,1034000.0,0.00031816251912902653,0.00016400981009953206,1934.4791075070375,9347.442116882818,7052.98641091508,0.8,8.0,100.0,61,95,3
G2_Wcluster_alhx700,$\mathrm{Hel}_{50}$,NAC_antisymmetric_BB_contact_survival,antisymmetric_nac_bb,Any 1 antisymmetric NAC BB,chain_pair,all,largest_cluster,1035000.0,0.00031816251912902653,0.00016400981009953206,1934.4791075070375,9347.442116882818,7052.98641091508,0.8,8.0,100.0,61,95,3
G2_Wcluster_alhx700,$\mathrm{Hel}_{50}$,NAC_antisymmetric_BB_contact_survival,antisymmetric_nac_bb,Any 1 antisymmetric NAC BB,chain_pair,all,largest_cluster,1036000.0,0.00031816251912902653,0.00016400981009953206,1934.4791075070375,9347.442116882818,7052.98641091508,0.8,8.0,100.0,61,95,3
G2_Wcluster_alhx700,$\mathrm{Hel}_{50}$,NAC_antisymmetric_BB_contact_survival,antisymmetric_nac_bb,Any 1 antisymmetric NAC BB,chain_pair,all,largest_cluster,1037000.0,0.00031816251912902653,0.00016400981009953206,1934.4791075070375,9347.442116882818,7052.98641091508,0.8,8.0,100.0,61,95,3
G2_Wcluster_alhx700,$\mathrm{Hel}_{50}$,NAC_antisymmetric_BB_contact_survival,antisymmetric_nac_bb,Any 1 antisymmetric NAC BB,chain_pair,all,largest_cluster,1038000.0,0.00031816251912902653,0.00016400981009953206,1934.4791075070375,9347.442116882818,7052.98641091508,0.8,8.0,100.0,61,95,3
G2_Wcluster_alhx700,$\mathrm{Hel}_{50}$,NAC_antisymmetric_BB_contact_survival,antisymmetric_nac_bb,Any 1 antisymmetric NAC BB,chain_pair,all,largest_cluster,1039000.0,0.00031816251912902653,0.00016400981009953206,1934.4791075070375,9347.442116882818,7052.98641091508,0.8,8.0,100.0,61,95,3
G2_Wcluster_alhx700,$\mathrm{Hel}_{50}$,NAC_antisymmetric_BB_contact_survival,antisymmetric_nac_bb,Any 1 antisymmetric NAC BB,chain_pair,all,largest_cluster,1040000.0,0.00031816251912902653,0.00016400981009953206,1934.4791075070375,9347.442116882818,7052.98641091508,0.8,8.0,100.0,61,95,3
G2_Wcluster_alhx700,$\mathrm{Hel}_{50}$,NAC_antisymmetric_BB_contact_survival,antisymmetric_nac_bb,Any 1 antisymmetric NAC BB,chain_pair,all,largest_cluster,1041000.0,0.00031816251912902653,0.00016400981009953206,1934.4791075070375,9347.442116882818,7052.98641091508,0.8,8.0,100.0,61,95,3
G2_Wcluster_alhx700,$\mathrm{Hel}_{50}$,NAC_antisymmetric_BB_contact_survival,antisymmetric_nac_bb,Any 1 antisymmetric NAC BB,chain_pair,all,largest_cluster,1042000.0,0.00031816251912902653,0.00016400981009953206,1934.4791075070375,9347.442116882818,7052.98641091508,0.8,8.0,100.0,61,95,3
G2_Wcluster_alhx700,$\mathrm{Hel}_{50}$,NAC_antisymmetric_BB_contact_survival,antisymmetric_nac_bb,Any 1 antisymmetric NAC BB,chain_pair,all,largest_cluster,1043000.0,0.00031816251912902653,0.00016400981009953206,1934.4791075070375,9347.442116882818,7052.98641091508,0.8,8.0,100.0,61,95,3
G2_Wcluster_alhx700,$\mathrm{Hel}_{50}$,NAC_antisymmetric_BB_contact_survival,antisymmetric_nac_bb,Any 1 antisymmetric NAC BB,chain_pair,all,largest_cluster,1044000.0,0.00031816251912902653,0.00016400981009953206,1934.4791075070375,9347.442116882818,7052.98641091508,0.8,8.0,100.0,61,95,3
G2_Wcluster_alhx700,$\mathrm{Hel}_{50}$,NAC_antisymmetric_BB_contact_survival,antisymmetric_nac_bb,Any 1 antisymmetric NAC BB,chain_pair,all,largest_cluster,1045000.0,0.00031816251912902653,0.00016400981009953206,1934.4791075070375,9347.442116882818,7052.98641091508,0.8,8.0,100.0,61,95,3
G2_Wcluster_alhx700,$\mathrm{Hel}_{50}$,NAC_antisymmetric_BB_contact_survival,antisymmetric_nac_bb,Any 1 antisymmetric NAC BB,chain_pair,all,largest_cluster,1046000.0,0.00031816251912902653,0.00016400981009953206,1934.4791075070375,9347.442116882818,7052.98641091508,0.8,8.0,100.0,61,95,3
G2_Wcluster_alhx700,$\mathrm{Hel}_{50}$,NAC_antisymmetric_BB_contact_survival,antisymmetric_nac_bb,Any 1 antisymmetric NAC BB,chain_pair,all,largest_cluster,1047000.0,0.00031816251912902653,0.00016400981009953206,1934.4791075070375,9347.442116882818,7052.98641091508,0.8,8.0,100.0,61,95,3
G2_Wcluster_alhx700,$\mathrm{Hel}_{50}$,NAC_antisymmetric_BB_contact_survival,antisymmetric_nac_bb,Any 1 antisymmetric NAC BB,chain_pair,all,largest_cluster,1048000.0,0.00031816251912902653,0.00016400981009953206,1934.4791075070375,9347.442116882818,7052.98641091508,0.8,8.0,100.0,61,95,3
G2_Wcluster_alhx700,$\mathrm{Hel}_{50}$,NAC_antisymmetric_BB_contact_survival,antisymmetric_nac_bb,Any 1 antisymmetric NAC BB,chain_pair,all,largest_cluster,1049000.0,0.00031816251912902653,0.00016400981009953206,1934.4791075070375,9347.442116882818,7052.98641091508,0.8,8.0,100.0,61,95,3
G2_Wcluster_alhx700,$\mathrm{Hel}_{50}$,NAC_antisymmetric_BB_contact_survival,antisymmetric_nac_bb,Any 1 antisymmetric NAC BB,chain_pair,all,largest_cluster,1050000.0,0.00031816251912902653,0.00016400981009953206,1934.4791075070375,9347.442116882818,7052.98641091508,0.8,8.0,100.0,61,95,3
G2_Wcluster_alhx700,$\mathrm{Hel}_{50}$,NAC_antisymmetric_BB_contact_survival,antisymmetric_nac_bb,Any 1 antisymmetric NAC BB,chain_pair,all,largest_cluster,1051000.0,0.00031816251912902653,0.00016400981009953206,1934.4791075070375,9347.442116882818,7052.98641091508,0.8,8.0,100.0,61,95,3
G2_Wcluster_alhx700,$\mathrm{Hel}_{50}$,NAC_antisymmetric_BB_contact_survival,antisymmetric_nac_bb,Any 1 antisymmetric NAC BB,chain_pair,all,largest_cluster,1052000.0,0.00031816251912902653,0.00016400981009953206,1934.4791075070375,9347.442116882818,7052.98641091508,0.8,8.0,100.0,61,95,3
G2_Wcluster_alhx700,$\mathrm{Hel}_{50}$,NAC_antisymmetric_BB_contact_survival,antisymmetric_nac_bb,Any 1 antisymmetric NAC BB,chain_pair,all,largest_cluster,1053000.0,0.00031816251912902653,0.00016400981009953206,1934.4791075070375,9347.442116882818,7052.98641091508,0.8,8.0,100.0,61,95,3
G2_Wcluster_alhx700,$\mathrm{Hel}_{50}$,NAC_antisymmetric_BB_contact_survival,antisymmetric_nac_bb,Any 1 antisymmetric NAC BB,chain_pair,all,largest_cluster,1054000.0,0.00031816251912902653,0.00016400981009953206,1934.4791075070375,9347.442116882818,7052.98641091508,0.8,8.0,100.0,61,95,3
G2_Wcluster_alhx700,$\mathrm{Hel}_{50}$,NAC_antisymmetric_BB_contact_survival,antisymmetric_nac_bb,Any 1 antisymmetric NAC BB,chain_pair,all,largest_cluster,1055000.0,0.00031816251912902653,0.00016400981009953206,1934.4791075070375,9347.442116882818,7052.98641091508,0.8,8.0,100.0,61,95,3
G2_Wcluster_alhx700,$\mathrm{Hel}_{50}$,NAC_antisymmetric_BB_contact_survival,antisymmetric_nac_bb,Any 1 antisymmetric NAC BB,chain_pair,all,largest_cluster,1056000.0,0.00031816251912902653,0.00016400981009953206,1934.4791075070375,9347.442116882818,7052.98641091508,0.8,8.0,100.0,61,95,3
G2_Wcluster_alhx700,$\mathrm{Hel}_{50}$,NAC_antisymmetric_BB_contact_survival,antisymmetric_nac_bb,Any 1 antisymmetric NAC BB,chain_pair,all,largest_cluster,1057000.0,0.00031816251912902653,0.00016400981009953206,1934.4791075070375,9347.442116882818,7052.98641091508,0.8,8.0,100.0,61,95,3
G2_Wcluster_alhx700,$\mathrm{Hel}_{50}$,NAC_antisymmetric_BB_contact_survival,antisymmetric_nac_bb,Any 1 antisymmetric NAC BB,chain_pair,all,largest_cluster,1058000.0,0.00031816251912902653,0.00016400981009953206,1934.4791075070375,9347.442116882818,7052.98641091508,0.8,8.0,100.0,61,95,3
G2_Wcluster_alhx700,$\mathrm{Hel}_{50}$,NAC_antisymmetric_BB_contact_survival,antisymmetric_nac_bb,Any 1 antisymmetric NAC BB,chain_pair,all,largest_cluster,1059000.0,0.00031816251912902653,0.00016400981009953206,1934.4791075070375,9347.442116882818,7052.98641091508,0.8,8.0,100.0,61,95,3
G2_Wcluster_alhx700,$\mathrm{Hel}_{50}$,NAC_antisymmetric_BB_contact_survival,antisymmetric_nac_bb,Any 1 antisymmetric NAC BB,chain_pair,all,largest_cluster,1060000.0,0.00031816251912902653,0.00016400981009953206,1934.4791075070375,9347.442116882818,7052.98641091508,0.8,8.0,100.0,61,95,3
G2_Wcluster_alhx700,$\mathrm{Hel}_{50}$,NAC_antisymmetric_BB_contact_survival,antisymmetric_nac_bb,Any 1 antisymmetric NAC BB,chain_pair,all,largest_cluster,1061000.0,0.00031816251912902653,0.00016400981009953206,1934.4791075070375,9347.442116882818,7052.98641091508,0.8,8.0,100.0,61,95,3
G2_Wcluster_alhx700,$\mathrm{Hel}_{50}$,NAC_antisymmetric_BB_contact_survival,antisymmetric_nac_bb,Any 1 antisymmetric NAC BB,chain_pair,all,largest_cluster,1062000.0,0.00031816251912902653,0.00016400981009953206,1934.4791075070375,9347.442116882818,7052.98641091508,0.8,8.0,100.0,61,95,3
G2_Wcluster_alhx700,$\mathrm{Hel}_{50}$,NAC_antisymmetric_BB_contact_survival,antisymmetric_nac_bb,Any 1 antisymmetric NAC BB,chain_pair,all,largest_cluster,1063000.0,0.00031816251912902653,0.00016400981009953206,1934.4791075070375,9347.442116882818,7052.98641091508,0.8,8.0,100.0,61,95,3
G2_Wcluster_alhx700,$\mathrm{Hel}_{50}$,NAC_antisymmetric_BB_contact_survival,antisymmetric_nac_bb,Any 1 antisymmetric NAC BB,chain_pair,all,largest_cluster,1064000.0,0.00031816251912902653,0.00016400981009953206,1934.4791075070375,9347.442116882818,7052.98641091508,0.8,8.0,100.0,61,95,3
G2_Wcluster_alhx700,$\mathrm{Hel}_{50}$,NAC_antisymmetric_BB_contact_survival,antisymmetric_nac_bb,Any 1 antisymmetric NAC BB,chain_pair,all,largest_cluster,1065000.0,0.00031816251912902653,0.00016400981009953206,1934.4791075070375,9347.442116882818,7052.98641091508,0.8,8.0,100.0,61,95,3
G2_Wcluster_alhx700,$\mathrm{Hel}_{50}$,NAC_antisymmetric_BB_contact_survival,antisymmetric_nac_bb,Any 1 antisymmetric NAC BB,chain_pair,all,largest_cluster,1066000.0,0.00031816251912902653,0.00016400981009953206,1934.4791075070375,9347.442116882818,7052.98641091508,0.8,8.0,100.0,61,95,3
G2_Wcluster_alhx700,$\mathrm{Hel}_{50}$,NAC_antisymmetric_BB_contact_survival,antisymmetric_nac_bb,Any 1 antisymmetric NAC BB,chain_pair,all,largest_cluster,1067000.0,0.00031816251912902653,0.00016400981009953206,1934.4791075070375,9347.442116882818,7052.98641091508,0.8,8.0,100.0,61,95,3
G2_Wcluster_alhx700,$\mathrm{Hel}_{50}$,NAC_antisymmetric_BB_contact_survival,antisymmetric_nac_bb,Any 1 antisymmetric NAC BB,chain_pair,all,largest_cluster,1068000.0,0.00031816251912902653,0.00016400981009953206,1934.4791075070375,9347.442116882818,7052.98641091508,0.8,8.0,100.0,61,95,3
G2_Wcluster_alhx700,$\mathrm{Hel}_{50}$,NAC_antisymmetric_BB_contact_survival,antisymmetric_nac_bb,Any 1 antisymmetric NAC BB,chain_pair,all,largest_cluster,1069000.0,0.00031816251912902653,0.00016400981009953206,1934.4791075070375,9347.442116882818,7052.98641091508,0.8,8.0,100.0,61,95,3
G2_Wcluster_alhx700,$\mathrm{Hel}_{50}$,NAC_antisymmetric_BB_contact_survival,antisymmetric_nac_bb,Any 1 antisymmetric NAC BB,chain_pair,all,largest_cluster,1070000.0,0.00031816251912902653,0.00016400981009953206,1934.4791075070375,9347.442116882818,7052.98641091508,0.8,8.0,100.0,61,95,3
G2_Wcluster_alhx700,$\mathrm{Hel}_{50}$,NAC_antisymmetric_BB_contact_survival,antisymmetric_nac_bb,Any 1 antisymmetric NAC BB,chain_pair,all,largest_cluster,1071000.0,0.00031816251912902653,0.00016400981009953206,1934.4791075070375,9347.442116882818,7052.98641091508,0.8,8.0,100.0,61,95,3
G2_Wcluster_alhx700,$\mathrm{Hel}_{50}$,NAC_antisymmetric_BB_contact_survival,antisymmetric_nac_bb,Any 1 antisymmetric NAC BB,chain_pair,all,largest_cluster,1072000.0,0.00031816251912902653,0.00016400981009953206,1934.4791075070375,9347.442116882818,7052.98641091508,0.8,8.0,100.0,61,95,3
G2_Wcluster_alhx700,$\mathrm{Hel}_{50}$,NAC_antisymmetric_BB_contact_survival,antisymmetric_nac_bb,Any 1 antisymmetric NAC BB,chain_pair,all,largest_cluster,1073000.0,0.00031816251912902653,0.00016400981009953206,1934.4791075070375,9347.442116882818,7052.98641091508,0.8,8.0,100.0,61,95,3
G2_Wcluster_alhx700,$\mathrm{Hel}_{50}$,NAC_antisymmetric_BB_contact_survival,antisymmetric_nac_bb,Any 1 antisymmetric NAC BB,chain_pair,all,largest_cluster,1074000.0,0.00031816251912902653,0.00016400981009953206,1934.4791075070375,9347.442116882818,7052.98641091508,0.8,8.0,100.0,61,95,3
G2_Wcluster_alhx700,$\mathrm{Hel}_{50}$,NAC_antisymmetric_BB_contact_survival,antisymmetric_nac_bb,Any 1 antisymmetric NAC BB,chain_pair,all,largest_cluster,1075000.0,0.00031816251912902653,0.00016400981009953206,1934.4791075070375,9347.442116882818,7052.98641091508,0.8,8.0,100.0,61,95,3
G2_Wcluster_alhx700,$\mathrm{Hel}_{50}$,NAC_antisymmetric_BB_contact_survival,antisymmetric_nac_bb,Any 1 antisymmetric NAC BB,chain_pair,all,largest_cluster,1076000.0,0.00031816251912902653,0.00016400981009953206,1934.4791075070375,9347.442116882818,7052.98641091508,0.8,8.0,100.0,61,95,3
G2_Wcluster_alhx700,$\mathrm{Hel}_{50}$,NAC_antisymmetric_BB_contact_survival,antisymmetric_nac_bb,Any 1 antisymmetric NAC BB,chain_pair,all,largest_cluster,1077000.0,0.00031816251912902653,0.00016400981009953206,1934.4791075070375,9347.442116882818,7052.98641091508,0.8,8.0,100.0,61,95,3
G2_Wcluster_alhx700,$\mathrm{Hel}_{50}$,NAC_antisymmetric_BB_contact_survival,antisymmetric_nac_bb,Any 1 antisymmetric NAC BB,chain_pair,all,largest_cluster,1078000.0,0.00031816251912902653,0.00016400981009953206,1934.4791075070375,9347.442116882818,7052.98641091508,0.8,8.0,100.0,61,95,3
G2_Wcluster_alhx700,$\mathrm{Hel}_{50}$,NAC_antisymmetric_BB_contact_survival,antisymmetric_nac_bb,Any 1 antisymmetric NAC BB,chain_pair,all,largest_cluster,1079000.0,0.00031816251912902653,0.00016400981009953206,1934.4791075070375,9347.442116882818,7052.98641091508,0.8,8.0,100.0,61,95,3
G2_Wcluster_alhx700,$\mathrm{Hel}_{50}$,NAC_antisymmetric_BB_contact_survival,antisymmetric_nac_bb,Any 1 antisymmetric NAC BB,chain_pair,all,largest_cluster,1080000.0,0.00031816251912902653,0.00016400981009953206,1934.4791075070375,9347.442116882818,7052.98641091508,0.8,8.0,100.0,61,95,3
G2_Wcluster_alhx700,$\mathrm{Hel}_{50}$,NAC_antisymmetric_BB_contact_survival,antisymmetric_nac_bb,Any 1 antisymmetric NAC BB,chain_pair,all,largest_cluster,1081000.0,0.00031816251912902653,0.00016400981009953206,1934.4791075070375,9347.442116882818,7052.98641091508,0.8,8.0,100.0,61,95,3
G2_Wcluster_alhx700,$\mathrm{Hel}_{50}$,NAC_antisymmetric_BB_contact_survival,antisymmetric_nac_bb,Any 1 antisymmetric NAC BB,chain_pair,all,largest_cluster,1082000.0,0.00031816251912902653,0.00016400981009953206,1934.4791075070375,9347.442116882818,7052.98641091508,0.8,8.0,100.0,61,95,3
G2_Wcluster_alhx700,$\mathrm{Hel}_{50}$,NAC_antisymmetric_BB_contact_survival,antisymmetric_nac_bb,Any 1 antisymmetric NAC BB,chain_pair,all,largest_cluster,1083000.0,0.00031816251912902653,0.00016400981009953206,1934.4791075070375,9347.442116882818,7052.98641091508,0.8,8.0,100.0,61,95,3
G2_Wcluster_alhx700,$\mathrm{Hel}_{50}$,NAC_antisymmetric_BB_contact_survival,antisymmetric_nac_bb,Any 1 antisymmetric NAC BB,chain_pair,all,largest_cluster,1084000.0,0.00031816251912902653,0.00016400981009953206,1934.4791075070375,9347.442116882818,7052.98641091508,0.8,8.0,100.0,61,95,3
G2_Wcluster_alhx700,$\mathrm{Hel}_{50}$,NAC_antisymmetric_BB_contact_survival,antisymmetric_nac_bb,Any 1 antisymmetric NAC BB,chain_pair,all,largest_cluster,1085000.0,0.00031816251912902653,0.00016400981009953206,1934.4791075070375,9347.442116882818,7052.98641091508,0.8,8.0,100.0,61,95,3
G2_Wcluster_alhx700,$\mathrm{Hel}_{50}$,NAC_antisymmetric_BB_contact_survival,antisymmetric_nac_bb,Any 1 antisymmetric NAC BB,chain_pair,all,largest_cluster,1086000.0,0.00031816251912902653,0.00016400981009953206,1934.4791075070375,9347.442116882818,7052.98641091508,0.8,8.0,100.0,61,95,3
G2_Wcluster_alhx700,$\mathrm{Hel}_{50}$,NAC_antisymmetric_BB_contact_survival,antisymmetric_nac_bb,Any 1 antisymmetric NAC BB,chain_pair,all,largest_cluster,1087000.0,0.00031816251912902653,0.00016400981009953206,1934.4791075070375,9347.442116882818,7052.98641091508,0.8,8.0,100.0,61,95,3
G2_Wcluster_alhx700,$\mathrm{Hel}_{50}$,NAC_antisymmetric_BB_contact_survival,antisymmetric_nac_bb,Any 1 antisymmetric NAC BB,chain_pair,all,largest_cluster,1088000.0,0.00031816251912902653,0.00016400981009953206,1934.4791075070375,9347.442116882818,7052.98641091508,0.8,8.0,100.0,61,95,3
G2_Wcluster_alhx700,$\mathrm{Hel}_{50}$,NAC_antisymmetric_BB_contact_survival,antisymmetric_nac_bb,Any 1 antisymmetric NAC BB,chain_pair,all,largest_cluster,1089000.0,0.00031816251912902653,0.00016400981009953206,1934.4791075070375,9347.442116882818,7052.98641091508,0.8,8.0,100.0,61,95,3
G2_Wcluster_alhx700,$\mathrm{Hel}_{50}$,NAC_antisymmetric_BB_contact_survival,antisymmetric_nac_bb,Any 1 antisymmetric NAC BB,chain_pair,all,largest_cluster,1090000.0,0.00031816251912902653,0.00016400981009953206,1934.4791075070375,9347.442116882818,7052.98641091508,0.8,8.0,100.0,61,95,3
G2_Wcluster_alhx700,$\mathrm{Hel}_{50}$,NAC_antisymmetric_BB_contact_survival,antisymmetric_nac_bb,Any 1 antisymmetric NAC BB,chain_pair,all,largest_cluster,1091000.0,0.00031816251912902653,0.00016400981009953206,1934.4791075070375,9347.442116882818,7052.98641091508,0.8,8.0,100.0,61,95,3
G2_Wcluster_alhx700,$\mathrm{Hel}_{50}$,NAC_antisymmetric_BB_contact_survival,antisymmetric_nac_bb,Any 1 antisymmetric NAC BB,chain_pair,all,largest_cluster,1092000.0,0.00031816251912902653,0.00016400981009953206,1934.4791075070375,9347.442116882818,7052.98641091508,0.8,8.0,100.0,61,95,3
G2_Wcluster_alhx700,$\mathrm{Hel}_{50}$,NAC_antisymmetric_BB_contact_survival,antisymmetric_nac_bb,Any 1 antisymmetric NAC BB,chain_pair,all,largest_cluster,1093000.0,0.00031816251912902653,0.00016400981009953206,1934.4791075070375,9347.442116882818,7052.98641091508,0.8,8.0,100.0,61,95,3
G2_Wcluster_alhx700,$\mathrm{Hel}_{50}$,NAC_antisymmetric_BB_contact_survival,antisymmetric_nac_bb,Any 1 antisymmetric NAC BB,chain_pair,all,largest_cluster,1094000.0,0.00031816251912902653,0.00016400981009953206,1934.4791075070375,9347.442116882818,7052.98641091508,0.8,8.0,100.0,61,95,3
G2_Wcluster_alhx700,$\mathrm{Hel}_{50}$,NAC_antisymmetric_BB_contact_survival,antisymmetric_nac_bb,Any 1 antisymmetric NAC BB,chain_pair,all,largest_cluster,1095000.0,0.00031816251912902653,0.00016400981009953206,1934.4791075070375,9347.442116882818,7052.98641091508,0.8,8.0,100.0,61,95,3
G2_Wcluster_alhx700,$\mathrm{Hel}_{50}$,NAC_antisymmetric_BB_contact_survival,antisymmetric_nac_bb,Any 1 antisymmetric NAC BB,chain_pair,all,largest_cluster,1096000.0,0.00031816251912902653,0.00016400981009953206,1934.4791075070375,9347.442116882818,7052.98641091508,0.8,8.0,100.0,61,95,3
G2_Wcluster_alhx700,$\mathrm{Hel}_{50}$,NAC_antisymmetric_BB_contact_survival,antisymmetric_nac_bb,Any 1 antisymmetric NAC BB,chain_pair,all,largest_cluster,1097000.0,0.00031816251912902653,0.00016400981009953206,1934.4791075070375,9347.442116882818,7052.98641091508,0.8,8.0,100.0,61,95,3
G2_Wcluster_alhx700,$\mathrm{Hel}_{50}$,NAC_antisymmetric_BB_contact_survival,antisymmetric_nac_bb,Any 1 antisymmetric NAC BB,chain_pair,all,largest_cluster,1098000.0,0.00031816251912902653,0.00016400981009953206,1934.4791075070375,9347.442116882818,7052.98641091508,0.8,8.0,100.0,61,95,3
G2_Wcluster_alhx700,$\mathrm{Hel}_{50}$,NAC_antisymmetric_BB_contact_survival,antisymmetric_nac_bb,Any 1 antisymmetric NAC BB,chain_pair,all,largest_cluster,1099000.0,0.00031816251912902653,0.00016400981009953206,1934.4791075070375,9347.442116882818,7052.98641091508,0.8,8.0,100.0,61,95,3
G2_Wcluster_alhx700,$\mathrm{Hel}_{50}$,NAC_antisymmetric_BB_contact_survival,antisymmetric_nac_bb,Any 1 antisymmetric NAC BB,chain_pair,all,largest_cluster,1100000.0,0.00031816251912902653,0.00016400981009953206,1934.4791075070375,9347.442116882818,7052.98641091508,0.8,8.0,100.0,61,95,3
G2_Wcluster_alhx700,$\mathrm{Hel}_{50}$,NAC_antisymmetric_BB_contact_survival,antisymmetric_nac_bb,Any 1 antisymmetric NAC BB,chain_pair,all,largest_cluster,1101000.0,0.00031816251912902653,0.00016400981009953206,1934.4791075070375,9347.442116882818,7052.98641091508,0.8,8.0,100.0,61,95,3
G2_Wcluster_alhx700,$\mathrm{Hel}_{50}$,NAC_antisymmetric_BB_contact_survival,antisymmetric_nac_bb,Any 1 antisymmetric NAC BB,chain_pair,all,largest_cluster,1102000.0,0.00031816251912902653,0.00016400981009953206,1934.4791075070375,9347.442116882818,7052.98641091508,0.8,8.0,100.0,61,95,3
G2_Wcluster_alhx700,$\mathrm{Hel}_{50}$,NAC_antisymmetric_BB_contact_survival,antisymmetric_nac_bb,Any 1 antisymmetric NAC BB,chain_pair,all,largest_cluster,1103000.0,0.00031816251912902653,0.00016400981009953206,1934.4791075070375,9347.442116882818,7052.98641091508,0.8,8.0,100.0,61,95,3
G2_Wcluster_alhx700,$\mathrm{Hel}_{50}$,NAC_antisymmetric_BB_contact_survival,antisymmetric_nac_bb,Any 1 antisymmetric NAC BB,chain_pair,all,largest_cluster,1104000.0,0.00031816251912902653,0.00016400981009953206,1934.4791075070375,9347.442116882818,7052.98641091508,0.8,8.0,100.0,61,95,3
G2_Wcluster_alhx700,$\mathrm{Hel}_{50}$,NAC_antisymmetric_BB_contact_survival,antisymmetric_nac_bb,Any 1 antisymmetric NAC BB,chain_pair,all,largest_cluster,1105000.0,0.00031816251912902653,0.00016400981009953206,1934.4791075070375,9347.442116882818,7052.98641091508,0.8,8.0,100.0,61,95,3
G2_Wcluster_alhx700,$\mathrm{Hel}_{50}$,NAC_antisymmetric_BB_contact_survival,antisymmetric_nac_bb,Any 1 antisymmetric NAC BB,chain_pair,all,largest_cluster,1106000.0,0.00031816251912902653,0.00016400981009953206,1934.4791075070375,9347.442116882818,7052.98641091508,0.8,8.0,100.0,61,95,3
G2_Wcluster_alhx700,$\mathrm{Hel}_{50}$,NAC_antisymmetric_BB_contact_survival,antisymmetric_nac_bb,Any 1 antisymmetric NAC BB,chain_pair,all,largest_cluster,1107000.0,0.00031816251912902653,0.00016400981009953206,1934.4791075070375,9347.442116882818,7052.98641091508,0.8,8.0,100.0,61,95,3
G2_Wcluster_alhx700,$\mathrm{Hel}_{50}$,NAC_antisymmetric_BB_contact_survival,antisymmetric_nac_bb,Any 1 antisymmetric NAC BB,chain_pair,all,largest_cluster,1108000.0,0.00031816251912902653,0.00016400981009953206,1934.4791075070375,9347.442116882818,7052.98641091508,0.8,8.0,100.0,61,95,3
G2_Wcluster_alhx700,$\mathrm{Hel}_{50}$,NAC_antisymmetric_BB_contact_survival,antisymmetric_nac_bb,Any 1 antisymmetric NAC BB,chain_pair,all,largest_cluster,1109000.0,0.00031816251912902653,0.00016400981009953206,1934.4791075070375,9347.442116882818,7052.98641091508,0.8,8.0,100.0,61,95,3
G2_Wcluster_alhx700,$\mathrm{Hel}_{50}$,NAC_antisymmetric_BB_contact_survival,antisymmetric_nac_bb,Any 1 antisymmetric NAC BB,chain_pair,all,largest_cluster,1110000.0,0.00031816251912902653,0.00016400981009953206,1934.4791075070375,9347.442116882818,7052.98641091508,0.8,8.0,100.0,61,95,3
G2_Wcluster_alhx700,$\mathrm{Hel}_{50}$,NAC_antisymmetric_BB_contact_survival,antisymmetric_nac_bb,Any 1 antisymmetric NAC BB,chain_pair,all,largest_cluster,1111000.0,0.00031816251912902653,0.00016400981009953206,1934.4791075070375,9347.442116882818,7052.98641091508,0.8,8.0,100.0,61,95,3
G2_Wcluster_alhx700,$\mathrm{Hel}_{50}$,NAC_antisymmetric_BB_contact_survival,antisymmetric_nac_bb,Any 1 antisymmetric NAC BB,chain_pair,all,largest_cluster,1112000.0,0.00031816251912902653,0.00016400981009953206,1934.4791075070375,9347.442116882818,7052.98641091508,0.8,8.0,100.0,61,95,3
G2_Wcluster_alhx700,$\mathrm{Hel}_{50}$,NAC_antisymmetric_BB_contact_survival,antisymmetric_nac_bb,Any 1 antisymmetric NAC BB,chain_pair,all,largest_cluster,1113000.0,0.00031816251912902653,0.00016400981009953206,1934.4791075070375,9347.442116882818,7052.98641091508,0.8,8.0,100.0,61,95,3
G2_Wcluster_alhx700,$\mathrm{Hel}_{50}$,NAC_antisymmetric_BB_contact_survival,antisymmetric_nac_bb,Any 1 antisymmetric NAC BB,chain_pair,all,largest_cluster,1114000.0,0.00031816251912902653,0.00016400981009953206,1934.4791075070375,9347.442116882818,7052.98641091508,0.8,8.0,100.0,61,95,3
G2_Wcluster_alhx700,$\mathrm{Hel}_{50}$,NAC_antisymmetric_BB_contact_survival,antisymmetric_nac_bb,Any 1 antisymmetric NAC BB,chain_pair,all,largest_cluster,1115000.0,0.00031816251912902653,0.00016400981009953206,1934.4791075070375,9347.442116882818,7052.98641091508,0.8,8.0,100.0,61,95,3
G2_Wcluster_alhx700,$\mathrm{Hel}_{50}$,NAC_antisymmetric_BB_contact_survival,antisymmetric_nac_bb,Any 1 antisymmetric NAC BB,chain_pair,all,largest_cluster,1116000.0,0.00031816251912902653,0.00016400981009953206,1934.4791075070375,9347.442116882818,7052.98641091508,0.8,8.0,100.0,61,95,3
G2_Wcluster_alhx700,$\mathrm{Hel}_{50}$,NAC_antisymmetric_BB_contact_survival,antisymmetric_nac_bb,Any 1 antisymmetric NAC BB,chain_pair,all,largest_cluster,1117000.0,0.00031816251912902653,0.00016400981009953206,1934.4791075070375,9347.442116882818,7052.98641091508,0.8,8.0,100.0,61,95,3
G2_Wcluster_alhx700,$\mathrm{Hel}_{50}$,NAC_antisymmetric_BB_contact_survival,antisymmetric_nac_bb,Any 1 antisymmetric NAC BB,chain_pair,all,largest_cluster,1118000.0,0.00031816251912902653,0.00016400981009953206,1934.4791075070375,9347.442116882818,7052.98641091508,0.8,8.0,100.0,61,95,3
G2_Wcluster_alhx700,$\mathrm{Hel}_{50}$,NAC_antisymmetric_BB_contact_survival,antisymmetric_nac_bb,Any 1 antisymmetric NAC BB,chain_pair,all,largest_cluster,1119000.0,0.00031816251912902653,0.00016400981009953206,1934.4791075070375,9347.442116882818,7052.98641091508,0.8,8.0,100.0,61,95,3
G2_Wcluster_alhx700,$\mathrm{Hel}_{50}$,NAC_antisymmetric_BB_contact_survival,antisymmetric_nac_bb,Any 1 antisymmetric NAC BB,chain_pair,all,largest_cluster,1120000.0,0.00031816251912902653,0.00016400981009953206,1934.4791075070375,9347.442116882818,7052.98641091508,0.8,8.0,100.0,61,95,3
G2_Wcluster_alhx700,$\mathrm{Hel}_{50}$,NAC_antisymmetric_BB_contact_survival,antisymmetric_nac_bb,Any 1 antisymmetric NAC BB,chain_pair,all,largest_cluster,1121000.0,0.00031816251912902653,0.00016400981009953206,1934.4791075070375,9347.442116882818,7052.98641091508,0.8,8.0,100.0,61,95,3
G2_Wcluster_alhx700,$\mathrm{Hel}_{50}$,NAC_antisymmetric_BB_contact_survival,antisymmetric_nac_bb,Any 1 antisymmetric NAC BB,chain_pair,all,largest_cluster,1122000.0,0.00031816251912902653,0.00016400981009953206,1934.4791075070375,9347.442116882818,7052.98641091508,0.8,8.0,100.0,61,95,3
G2_Wcluster_alhx700,$\mathrm{Hel}_{50}$,NAC_antisymmetric_BB_contact_survival,antisymmetric_nac_bb,Any 1 antisymmetric NAC BB,chain_pair,all,largest_cluster,1123000.0,0.00031816251912902653,0.00016400981009953206,1934.4791075070375,9347.442116882818,7052.98641091508,0.8,8.0,100.0,61,95,3
G2_Wcluster_alhx700,$\mathrm{Hel}_{50}$,NAC_antisymmetric_BB_contact_survival,antisymmetric_nac_bb,Any 1 antisymmetric NAC BB,chain_pair,all,largest_cluster,1124000.0,0.00031816251912902653,0.00016400981009953206,1934.4791075070375,9347.442116882818,7052.98641091508,0.8,8.0,100.0,61,95,3
G2_Wcluster_alhx700,$\mathrm{Hel}_{50}$,NAC_antisymmetric_BB_contact_survival,antisymmetric_nac_bb,Any 1 antisymmetric NAC BB,chain_pair,all,largest_cluster,1125000.0,0.00031816251912902653,0.00016400981009953206,1934.4791075070375,9347.442116882818,7052.98641091508,0.8,8.0,100.0,61,95,3
G2_Wcluster_alhx700,$\mathrm{Hel}_{50}$,NAC_antisymmetric_BB_contact_survival,antisymmetric_nac_bb,Any 1 antisymmetric NAC BB,chain_pair,all,largest_cluster,1126000.0,0.00031816251912902653,0.00016400981009953206,1934.4791075070375,9347.442116882818,7052.98641091508,0.8,8.0,100.0,61,95,3
G2_Wcluster_alhx700,$\mathrm{Hel}_{50}$,NAC_antisymmetric_BB_contact_survival,antisymmetric_nac_bb,Any 1 antisymmetric NAC BB,chain_pair,all,largest_cluster,1127000.0,0.00031816251912902653,0.00016400981009953206,1934.4791075070375,9347.442116882818,7052.98641091508,0.8,8.0,100.0,61,95,3
G2_Wcluster_alhx700,$\mathrm{Hel}_{50}$,NAC_antisymmetric_BB_contact_survival,antisymmetric_nac_bb,Any 1 antisymmetric NAC BB,chain_pair,all,largest_cluster,1128000.0,0.00031816251912902653,0.00016400981009953206,1934.4791075070375,9347.442116882818,7052.98641091508,0.8,8.0,100.0,61,95,3
G2_Wcluster_alhx700,$\mathrm{Hel}_{50}$,NAC_antisymmetric_BB_contact_survival,antisymmetric_nac_bb,Any 1 antisymmetric NAC BB,chain_pair,all,largest_cluster,1129000.0,0.00031816251912902653,0.00016400981009953206,1934.4791075070375,9347.442116882818,7052.98641091508,0.8,8.0,100.0,61,95,3
G2_Wcluster_alhx700,$\mathrm{Hel}_{50}$,NAC_antisymmetric_BB_contact_survival,antisymmetric_nac_bb,Any 1 antisymmetric NAC BB,chain_pair,all,largest_cluster,1130000.0,0.00031816251912902653,0.00016400981009953206,1934.4791075070375,9347.442116882818,7052.98641091508,0.8,8.0,100.0,61,95,3
G2_Wcluster_alhx700,$\mathrm{Hel}_{50}$,NAC_antisymmetric_BB_contact_survival,antisymmetric_nac_bb,Any 1 antisymmetric NAC BB,chain_pair,all,largest_cluster,1131000.0,0.00031816251912902653,0.00016400981009953206,1934.4791075070375,9347.442116882818,7052.98641091508,0.8,8.0,100.0,61,95,3
G2_Wcluster_alhx700,$\mathrm{Hel}_{50}$,NAC_antisymmetric_BB_contact_survival,antisymmetric_nac_bb,Any 1 antisymmetric NAC BB,chain_pair,all,largest_cluster,1132000.0,0.00031816251912902653,0.00016400981009953206,1934.4791075070375,9347.442116882818,7052.98641091508,0.8,8.0,100.0,61,95,3
G2_Wcluster_alhx700,$\mathrm{Hel}_{50}$,NAC_antisymmetric_BB_contact_survival,antisymmetric_nac_bb,Any 1 antisymmetric NAC BB,chain_pair,all,largest_cluster,1133000.0,0.00031816251912902653,0.00016400981009953206,1934.4791075070375,9347.442116882818,7052.98641091508,0.8,8.0,100.0,61,95,3
G2_Wcluster_alhx700,$\mathrm{Hel}_{50}$,NAC_antisymmetric_BB_contact_survival,antisymmetric_nac_bb,Any 1 antisymmetric NAC BB,chain_pair,all,largest_cluster,1134000.0,0.00031816251912902653,0.00016400981009953206,1934.4791075070375,9347.442116882818,7052.98641091508,0.8,8.0,100.0,61,95,3
G2_Wcluster_alhx700,$\mathrm{Hel}_{50}$,NAC_antisymmetric_BB_contact_survival,antisymmetric_nac_bb,Any 1 antisymmetric NAC BB,chain_pair,all,largest_cluster,1135000.0,0.00031816251912902653,0.00016400981009953206,1934.4791075070375,9347.442116882818,7052.98641091508,0.8,8.0,100.0,61,95,3
G2_Wcluster_alhx700,$\mathrm{Hel}_{50}$,NAC_antisymmetric_BB_contact_survival,antisymmetric_nac_bb,Any 1 antisymmetric NAC BB,chain_pair,all,largest_cluster,1136000.0,0.00031816251912902653,0.00016400981009953206,1934.4791075070375,9347.442116882818,7052.98641091508,0.8,8.0,100.0,61,95,3
G2_Wcluster_alhx700,$\mathrm{Hel}_{50}$,NAC_antisymmetric_BB_contact_survival,antisymmetric_nac_bb,Any 1 antisymmetric NAC BB,chain_pair,all,largest_cluster,1137000.0,0.00031816251912902653,0.00016400981009953206,1934.4791075070375,9347.442116882818,7052.98641091508,0.8,8.0,100.0,61,95,3
G2_Wcluster_alhx700,$\mathrm{Hel}_{50}$,NAC_antisymmetric_BB_contact_survival,antisymmetric_nac_bb,Any 1 antisymmetric NAC BB,chain_pair,all,largest_cluster,1138000.0,0.00031816251912902653,0.00016400981009953206,1934.4791075070375,9347.442116882818,7052.98641091508,0.8,8.0,100.0,61,95,3
G2_Wcluster_alhx700,$\mathrm{Hel}_{50}$,NAC_antisymmetric_BB_contact_survival,antisymmetric_nac_bb,Any 1 antisymmetric NAC BB,chain_pair,all,largest_cluster,1139000.0,0.00031816251912902653,0.00016400981009953206,1934.4791075070375,9347.442116882818,7052.98641091508,0.8,8.0,100.0,61,95,3
G2_Wcluster_alhx700,$\mathrm{Hel}_{50}$,NAC_antisymmetric_BB_contact_survival,antisymmetric_nac_bb,Any 1 antisymmetric NAC BB,chain_pair,all,largest_cluster,1140000.0,0.00031816251912902653,0.00016400981009953206,1934.4791075070375,9347.442116882818,7052.98641091508,0.8,8.0,100.0,61,95,3
G2_Wcluster_alhx700,$\mathrm{Hel}_{50}$,NAC_antisymmetric_BB_contact_survival,antisymmetric_nac_bb,Any 1 antisymmetric NAC BB,chain_pair,all,largest_cluster,1141000.0,0.00031816251912902653,0.00016400981009953206,1934.4791075070375,9347.442116882818,7052.98641091508,0.8,8.0,100.0,61,95,3
G2_Wcluster_alhx700,$\mathrm{Hel}_{50}$,NAC_antisymmetric_BB_contact_survival,antisymmetric_nac_bb,Any 1 antisymmetric NAC BB,chain_pair,all,largest_cluster,1142000.0,0.00031816251912902653,0.00016400981009953206,1934.4791075070375,9347.442116882818,7052.98641091508,0.8,8.0,100.0,61,95,3
G2_Wcluster_alhx700,$\mathrm{Hel}_{50}$,NAC_antisymmetric_BB_contact_survival,antisymmetric_nac_bb,Any 1 antisymmetric NAC BB,chain_pair,all,largest_cluster,1143000.0,0.00031816251912902653,0.00016400981009953206,1934.4791075070375,9347.442116882818,7052.98641091508,0.8,8.0,100.0,61,95,3
G2_Wcluster_alhx700,$\mathrm{Hel}_{50}$,NAC_antisymmetric_BB_contact_survival,antisymmetric_nac_bb,Any 1 antisymmetric NAC BB,chain_pair,all,largest_cluster,1144000.0,0.00031816251912902653,0.00016400981009953206,1934.4791075070375,9347.442116882818,7052.98641091508,0.8,8.0,100.0,61,95,3
G2_Wcluster_alhx700,$\mathrm{Hel}_{50}$,NAC_antisymmetric_BB_contact_survival,antisymmetric_nac_bb,Any 1 antisymmetric NAC BB,chain_pair,all,largest_cluster,1145000.0,0.00031816251912902653,0.00016400981009953206,1934.4791075070375,9347.442116882818,7052.98641091508,0.8,8.0,100.0,61,95,3
G2_Wcluster_alhx700,$\mathrm{Hel}_{50}$,NAC_antisymmetric_BB_contact_survival,antisymmetric_nac_bb,Any 1 antisymmetric NAC BB,chain_pair,all,largest_cluster,1146000.0,0.00031816251912902653,0.00016400981009953206,1934.4791075070375,9347.442116882818,7052.98641091508,0.8,8.0,100.0,61,95,3
G2_Wcluster_alhx700,$\mathrm{Hel}_{50}$,NAC_antisymmetric_BB_contact_survival,antisymmetric_nac_bb,Any 1 antisymmetric NAC BB,chain_pair,all,largest_cluster,1147000.0,0.00031816251912902653,0.00016400981009953206,1934.4791075070375,9347.442116882818,7052.98641091508,0.8,8.0,100.0,61,95,3
G2_Wcluster_alhx700,$\mathrm{Hel}_{50}$,NAC_antisymmetric_BB_contact_survival,antisymmetric_nac_bb,Any 1 antisymmetric NAC BB,chain_pair,all,largest_cluster,1148000.0,0.00031816251912902653,0.00016400981009953206,1934.4791075070375,9347.442116882818,7052.98641091508,0.8,8.0,100.0,61,95,3
G2_Wcluster_alhx700,$\mathrm{Hel}_{50}$,NAC_antisymmetric_BB_contact_survival,antisymmetric_nac_bb,Any 1 antisymmetric NAC BB,chain_pair,all,largest_cluster,1149000.0,0.00031816251912902653,0.00016400981009953206,1934.4791075070375,9347.442116882818,7052.98641091508,0.8,8.0,100.0,61,95,3
G2_Wcluster_alhx700,$\mathrm{Hel}_{50}$,NAC_antisymmetric_BB_contact_survival,antisymmetric_nac_bb,Any 1 antisymmetric NAC BB,chain_pair,all,largest_cluster,1150000.0,0.00031816251912902653,0.00016400981009953206,1934.4791075070375,9347.442116882818,7052.98641091508,0.8,8.0,100.0,61,95,3
G2_Wcluster_alhx700,$\mathrm{Hel}_{50}$,NAC_antisymmetric_BB_contact_survival,antisymmetric_nac_bb,Any 1 antisymmetric NAC BB,chain_pair,all,largest_cluster,1151000.0,0.00031816251912902653,0.00016400981009953206,1934.4791075070375,9347.442116882818,7052.98641091508,0.8,8.0,100.0,61,95,3
G2_Wcluster_alhx700,$\mathrm{Hel}_{50}$,NAC_antisymmetric_BB_contact_survival,antisymmetric_nac_bb,Any 1 antisymmetric NAC BB,chain_pair,all,largest_cluster,1152000.0,0.00031816251912902653,0.00016400981009953206,1934.4791075070375,9347.442116882818,7052.98641091508,0.8,8.0,100.0,61,95,3
G2_Wcluster_alhx700,$\mathrm{Hel}_{50}$,NAC_antisymmetric_BB_contact_survival,antisymmetric_nac_bb,Any 1 antisymmetric NAC BB,chain_pair,all,largest_cluster,1153000.0,0.00031816251912902653,0.00016400981009953206,1934.4791075070375,9347.442116882818,7052.98641091508,0.8,8.0,100.0,61,95,3
G2_Wcluster_alhx700,$\mathrm{Hel}_{50}$,NAC_antisymmetric_BB_contact_survival,antisymmetric_nac_bb,Any 1 antisymmetric NAC BB,chain_pair,all,largest_cluster,1154000.0,0.00031816251912902653,0.00016400981009953206,1934.4791075070375,9347.442116882818,7052.98641091508,0.8,8.0,100.0,61,95,3
G2_Wcluster_alhx700,$\mathrm{Hel}_{50}$,NAC_antisymmetric_BB_contact_survival,antisymmetric_nac_bb,Any 1 antisymmetric NAC BB,chain_pair,all,largest_cluster,1155000.0,0.00031816251912902653,0.00016400981009953206,1934.4791075070375,9347.442116882818,7052.98641091508,0.8,8.0,100.0,61,95,3
G2_Wcluster_alhx700,$\mathrm{Hel}_{50}$,NAC_antisymmetric_BB_contact_survival,antisymmetric_nac_bb,Any 1 antisymmetric NAC BB,chain_pair,all,largest_cluster,1156000.0,0.00031816251912902653,0.00016400981009953206,1934.4791075070375,9347.442116882818,7052.98641091508,0.8,8.0,100.0,61,95,3
G2_Wcluster_alhx700,$\mathrm{Hel}_{50}$,NAC_antisymmetric_BB_contact_survival,antisymmetric_nac_bb,Any 1 antisymmetric NAC BB,chain_pair,all,largest_cluster,1157000.0,0.00031816251912902653,0.00016400981009953206,1934.4791075070375,9347.442116882818,7052.98641091508,0.8,8.0,100.0,61,95,3
G2_Wcluster_alhx700,$\mathrm{Hel}_{50}$,NAC_antisymmetric_BB_contact_survival,antisymmetric_nac_bb,Any 1 antisymmetric NAC BB,chain_pair,all,largest_cluster,1158000.0,0.00031816251912902653,0.00016400981009953206,1934.4791075070375,9347.442116882818,7052.98641091508,0.8,8.0,100.0,61,95,3
G2_Wcluster_alhx700,$\mathrm{Hel}_{50}$,NAC_antisymmetric_BB_contact_survival,antisymmetric_nac_bb,Any 1 antisymmetric NAC BB,chain_pair,all,largest_cluster,1159000.0,0.00031816251912902653,0.00016400981009953206,1934.4791075070375,9347.442116882818,7052.98641091508,0.8,8.0,100.0,61,95,3
G2_Wcluster_alhx700,$\mathrm{Hel}_{50}$,NAC_antisymmetric_BB_contact_survival,antisymmetric_nac_bb,Any 1 antisymmetric NAC BB,chain_pair,all,largest_cluster,1160000.0,0.00031816251912902653,0.00016400981009953206,1934.4791075070375,9347.442116882818,7052.98641091508,0.8,8.0,100.0,61,95,3
G2_Wcluster_alhx700,$\mathrm{Hel}_{50}$,NAC_antisymmetric_BB_contact_survival,antisymmetric_nac_bb,Any 1 antisymmetric NAC BB,chain_pair,all,largest_cluster,1161000.0,0.00031816251912902653,0.00016400981009953206,1934.4791075070375,9347.442116882818,7052.98641091508,0.8,8.0,100.0,61,95,3
G2_Wcluster_alhx700,$\mathrm{Hel}_{50}$,NAC_antisymmetric_BB_contact_survival,antisymmetric_nac_bb,Any 1 antisymmetric NAC BB,chain_pair,all,largest_cluster,1162000.0,0.00031816251912902653,0.00016400981009953206,1934.4791075070375,9347.442116882818,7052.98641091508,0.8,8.0,100.0,61,95,3
G2_Wcluster_alhx700,$\mathrm{Hel}_{50}$,NAC_antisymmetric_BB_contact_survival,antisymmetric_nac_bb,Any 1 antisymmetric NAC BB,chain_pair,all,largest_cluster,1163000.0,0.00031816251912902653,0.00016400981009953206,1934.4791075070375,9347.442116882818,7052.98641091508,0.8,8.0,100.0,61,95,3
G2_Wcluster_alhx700,$\mathrm{Hel}_{50}$,NAC_antisymmetric_BB_contact_survival,antisymmetric_nac_bb,Any 1 antisymmetric NAC BB,chain_pair,all,largest_cluster,1164000.0,0.00031816251912902653,0.00016400981009953206,1934.4791075070375,9347.442116882818,7052.98641091508,0.8,8.0,100.0,61,95,3
G2_Wcluster_alhx700,$\mathrm{Hel}_{50}$,NAC_antisymmetric_BB_contact_survival,antisymmetric_nac_bb,Any 1 antisymmetric NAC BB,chain_pair,all,largest_cluster,1165000.0,0.00031816251912902653,0.00016400981009953206,1934.4791075070375,9347.442116882818,7052.98641091508,0.8,8.0,100.0,61,95,3
G2_Wcluster_alhx700,$\mathrm{Hel}_{50}$,NAC_antisymmetric_BB_contact_survival,antisymmetric_nac_bb,Any 1 antisymmetric NAC BB,chain_pair,all,largest_cluster,1166000.0,0.00031816251912902653,0.00016400981009953206,1934.4791075070375,9347.442116882818,7052.98641091508,0.8,8.0,100.0,61,95,3
G2_Wcluster_alhx700,$\mathrm{Hel}_{50}$,NAC_antisymmetric_BB_contact_survival,antisymmetric_nac_bb,Any 1 antisymmetric NAC BB,chain_pair,all,largest_cluster,1167000.0,0.00031816251912902653,0.00016400981009953206,1934.4791075070375,9347.442116882818,7052.98641091508,0.8,8.0,100.0,61,95,3
G2_Wcluster_alhx700,$\mathrm{Hel}_{50}$,NAC_antisymmetric_BB_contact_survival,antisymmetric_nac_bb,Any 1 antisymmetric NAC BB,chain_pair,all,largest_cluster,1168000.0,0.00031816251912902653,0.00016400981009953206,1934.4791075070375,9347.442116882818,7052.98641091508,0.8,8.0,100.0,61,95,3
G2_Wcluster_alhx700,$\mathrm{Hel}_{50}$,NAC_antisymmetric_BB_contact_survival,antisymmetric_nac_bb,Any 1 antisymmetric NAC BB,chain_pair,all,largest_cluster,1169000.0,0.00031816251912902653,0.00016400981009953206,1934.4791075070375,9347.442116882818,7052.98641091508,0.8,8.0,100.0,61,95,3
G2_Wcluster_alhx700,$\mathrm{Hel}_{50}$,NAC_antisymmetric_BB_contact_survival,antisymmetric_nac_bb,Any 1 antisymmetric NAC BB,chain_pair,all,largest_cluster,1170000.0,0.00031816251912902653,0.00016400981009953206,1934.4791075070375,9347.442116882818,7052.98641091508,0.8,8.0,100.0,61,95,3
G2_Wcluster_alhx700,$\mathrm{Hel}_{50}$,NAC_antisymmetric_BB_contact_survival,antisymmetric_nac_bb,Any 1 antisymmetric NAC BB,chain_pair,all,largest_cluster,1171000.0,0.00031816251912902653,0.00016400981009953206,1934.4791075070375,9347.442116882818,7052.98641091508,0.8,8.0,100.0,61,95,3
G2_Wcluster_alhx700,$\mathrm{Hel}_{50}$,NAC_antisymmetric_BB_contact_survival,antisymmetric_nac_bb,Any 1 antisymmetric NAC BB,chain_pair,all,largest_cluster,1172000.0,0.00031816251912902653,0.00016400981009953206,1934.4791075070375,9347.442116882818,7052.98641091508,0.8,8.0,100.0,61,95,3
G2_Wcluster_alhx700,$\mathrm{Hel}_{50}$,NAC_antisymmetric_BB_contact_survival,antisymmetric_nac_bb,Any 1 antisymmetric NAC BB,chain_pair,all,largest_cluster,1173000.0,0.00031816251912902653,0.00016400981009953206,1934.4791075070375,9347.442116882818,7052.98641091508,0.8,8.0,100.0,61,95,3
G2_Wcluster_alhx700,$\mathrm{Hel}_{50}$,NAC_antisymmetric_BB_contact_survival,antisymmetric_nac_bb,Any 1 antisymmetric NAC BB,chain_pair,all,largest_cluster,1174000.0,0.00031816251912902653,0.00016400981009953206,1934.4791075070375,9347.442116882818,7052.98641091508,0.8,8.0,100.0,61,95,3
G2_Wcluster_alhx700,$\mathrm{Hel}_{50}$,NAC_antisymmetric_BB_contact_survival,antisymmetric_nac_bb,Any 1 antisymmetric NAC BB,chain_pair,all,largest_cluster,1175000.0,0.00031816251912902653,0.00016400981009953206,1934.4791075070375,9347.442116882818,7052.98641091508,0.8,8.0,100.0,61,95,3
G2_Wcluster_alhx700,$\mathrm{Hel}_{50}$,NAC_antisymmetric_BB_contact_survival,antisymmetric_nac_bb,Any 1 antisymmetric NAC BB,chain_pair,all,largest_cluster,1176000.0,0.00031816251912902653,0.00016400981009953206,1934.4791075070375,9347.442116882818,7052.98641091508,0.8,8.0,100.0,61,95,3
G2_Wcluster_alhx700,$\mathrm{Hel}_{50}$,NAC_antisymmetric_BB_contact_survival,antisymmetric_nac_bb,Any 1 antisymmetric NAC BB,chain_pair,all,largest_cluster,1177000.0,0.00031816251912902653,0.00016400981009953206,1934.4791075070375,9347.442116882818,7052.98641091508,0.8,8.0,100.0,61,95,3
G2_Wcluster_alhx700,$\mathrm{Hel}_{50}$,NAC_antisymmetric_BB_contact_survival,antisymmetric_nac_bb,Any 1 antisymmetric NAC BB,chain_pair,all,largest_cluster,1178000.0,0.00031816251912902653,0.00016400981009953206,1934.4791075070375,9347.442116882818,7052.98641091508,0.8,8.0,100.0,61,95,3
G2_Wcluster_alhx700,$\mathrm{Hel}_{50}$,NAC_antisymmetric_BB_contact_survival,antisymmetric_nac_bb,Any 1 antisymmetric NAC BB,chain_pair,all,largest_cluster,1179000.0,0.00031816251912902653,0.00016400981009953206,1934.4791075070375,9347.442116882818,7052.98641091508,0.8,8.0,100.0,61,95,3
G2_Wcluster_alhx700,$\mathrm{Hel}_{50}$,NAC_antisymmetric_BB_contact_survival,antisymmetric_nac_bb,Any 1 antisymmetric NAC BB,chain_pair,all,largest_cluster,1180000.0,0.00031816251912902653,0.00016400981009953206,1934.4791075070375,9347.442116882818,7052.98641091508,0.8,8.0,100.0,61,95,3
G2_Wcluster_alhx700,$\mathrm{Hel}_{50}$,NAC_antisymmetric_BB_contact_survival,antisymmetric_nac_bb,Any 1 antisymmetric NAC BB,chain_pair,all,largest_cluster,1181000.0,0.00031816251912902653,0.00016400981009953206,1934.4791075070375,9347.442116882818,7052.98641091508,0.8,8.0,100.0,61,95,3
G2_Wcluster_alhx700,$\mathrm{Hel}_{50}$,NAC_antisymmetric_BB_contact_survival,antisymmetric_nac_bb,Any 1 antisymmetric NAC BB,chain_pair,all,largest_cluster,1182000.0,0.00031816251912902653,0.00016400981009953206,1934.4791075070375,9347.442116882818,7052.98641091508,0.8,8.0,100.0,61,95,3
G2_Wcluster_alhx700,$\mathrm{Hel}_{50}$,NAC_antisymmetric_BB_contact_survival,antisymmetric_nac_bb,Any 1 antisymmetric NAC BB,chain_pair,all,largest_cluster,1183000.0,0.00031816251912902653,0.00016400981009953206,1934.4791075070375,9347.442116882818,7052.98641091508,0.8,8.0,100.0,61,95,3
G2_Wcluster_alhx700,$\mathrm{Hel}_{50}$,NAC_antisymmetric_BB_contact_survival,antisymmetric_nac_bb,Any 1 antisymmetric NAC BB,chain_pair,all,largest_cluster,1184000.0,0.00031816251912902653,0.00016400981009953206,1934.4791075070375,9347.442116882818,7052.98641091508,0.8,8.0,100.0,61,95,3
G2_Wcluster_alhx700,$\mathrm{Hel}_{50}$,NAC_antisymmetric_BB_contact_survival,antisymmetric_nac_bb,Any 1 antisymmetric NAC BB,chain_pair,all,largest_cluster,1185000.0,0.00031816251912902653,0.00016400981009953206,1934.4791075070375,9347.442116882818,7052.98641091508,0.8,8.0,100.0,61,95,3
G2_Wcluster_alhx700,$\mathrm{Hel}_{50}$,NAC_antisymmetric_BB_contact_survival,antisymmetric_nac_bb,Any 1 antisymmetric NAC BB,chain_pair,all,largest_cluster,1186000.0,0.00031816251912902653,0.00016400981009953206,1934.4791075070375,9347.442116882818,7052.98641091508,0.8,8.0,100.0,61,95,3
G2_Wcluster_alhx700,$\mathrm{Hel}_{50}$,NAC_antisymmetric_BB_contact_survival,antisymmetric_nac_bb,Any 1 antisymmetric NAC BB,chain_pair,all,largest_cluster,1187000.0,0.00031816251912902653,0.00016400981009953206,1934.4791075070375,9347.442116882818,7052.98641091508,0.8,8.0,100.0,61,95,3
G2_Wcluster_alhx700,$\mathrm{Hel}_{50}$,NAC_antisymmetric_BB_contact_survival,antisymmetric_nac_bb,Any 1 antisymmetric NAC BB,chain_pair,all,largest_cluster,1188000.0,0.00031816251912902653,0.00016400981009953206,1934.4791075070375,9347.442116882818,7052.98641091508,0.8,8.0,100.0,61,95,3
G2_Wcluster_alhx700,$\mathrm{Hel}_{50}$,NAC_antisymmetric_BB_contact_survival,antisymmetric_nac_bb,Any 1 antisymmetric NAC BB,chain_pair,all,largest_cluster,1189000.0,0.00031816251912902653,0.00016400981009953206,1934.4791075070375,9347.442116882818,7052.98641091508,0.8,8.0,100.0,61,95,3
G2_Wcluster_alhx700,$\mathrm{Hel}_{50}$,NAC_antisymmetric_BB_contact_survival,antisymmetric_nac_bb,Any 1 antisymmetric NAC BB,chain_pair,all,largest_cluster,1190000.0,0.00031816251912902653,0.00016400981009953206,1934.4791075070375,9347.442116882818,7052.98641091508,0.8,8.0,100.0,61,95,3
G2_Wcluster_alhx700,$\mathrm{Hel}_{50}$,NAC_antisymmetric_BB_contact_survival,antisymmetric_nac_bb,Any 1 antisymmetric NAC BB,chain_pair,all,largest_cluster,1191000.0,0.00031816251912902653,0.00016400981009953206,1934.4791075070375,9347.442116882818,7052.98641091508,0.8,8.0,100.0,61,95,3
G2_Wcluster_alhx700,$\mathrm{Hel}_{50}$,NAC_antisymmetric_BB_contact_survival,antisymmetric_nac_bb,Any 1 antisymmetric NAC BB,chain_pair,all,largest_cluster,1192000.0,0.00031816251912902653,0.00016400981009953206,1934.4791075070375,9347.442116882818,7052.98641091508,0.8,8.0,100.0,61,95,3
G2_Wcluster_alhx700,$\mathrm{Hel}_{50}$,NAC_antisymmetric_BB_contact_survival,antisymmetric_nac_bb,Any 1 antisymmetric NAC BB,chain_pair,all,largest_cluster,1193000.0,0.00031816251912902653,0.00016400981009953206,1934.4791075070375,9347.442116882818,7052.98641091508,0.8,8.0,100.0,61,95,3
G2_Wcluster_alhx700,$\mathrm{Hel}_{50}$,NAC_antisymmetric_BB_contact_survival,antisymmetric_nac_bb,Any 1 antisymmetric NAC BB,chain_pair,all,largest_cluster,1194000.0,0.00031816251912902653,0.00016400981009953206,1934.4791075070375,9347.442116882818,7052.98641091508,0.8,8.0,100.0,61,95,3
G2_Wcluster_alhx700,$\mathrm{Hel}_{50}$,NAC_antisymmetric_BB_contact_survival,antisymmetric_nac_bb,Any 1 antisymmetric NAC BB,chain_pair,all,largest_cluster,1195000.0,0.00031816251912902653,0.00016400981009953206,1934.4791075070375,9347.442116882818,7052.98641091508,0.8,8.0,100.0,61,95,3
G2_Wcluster_alhx700,$\mathrm{Hel}_{50}$,NAC_antisymmetric_BB_contact_survival,antisymmetric_nac_bb,Any 1 antisymmetric NAC BB,chain_pair,all,largest_cluster,1196000.0,0.00031816251912902653,0.00016400981009953206,1934.4791075070375,9347.442116882818,7052.98641091508,0.8,8.0,100.0,61,95,3
G2_Wcluster_alhx700,$\mathrm{Hel}_{50}$,NAC_antisymmetric_BB_contact_survival,antisymmetric_nac_bb,Any 1 antisymmetric NAC BB,chain_pair,all,largest_cluster,1197000.0,0.00031816251912902653,0.00016400981009953206,1934.4791075070375,9347.442116882818,7052.98641091508,0.8,8.0,100.0,61,95,3
G2_Wcluster_alhx700,$\mathrm{Hel}_{50}$,NAC_antisymmetric_BB_contact_survival,antisymmetric_nac_bb,Any 1 antisymmetric NAC BB,chain_pair,all,largest_cluster,1198000.0,0.00031816251912902653,0.00016400981009953206,1934.4791075070375,9347.442116882818,7052.98641091508,0.8,8.0,100.0,61,95,3
G2_Wcluster_alhx700,$\mathrm{Hel}_{50}$,NAC_antisymmetric_BB_contact_survival,antisymmetric_nac_bb,Any 1 antisymmetric NAC BB,chain_pair,all,largest_cluster,1199000.0,0.00031816251912902653,0.00016400981009953206,1934.4791075070375,9347.442116882818,7052.98641091508,0.8,8.0,100.0,61,95,3
G2_Wcluster_alhx700,$\mathrm{Hel}_{50}$,NAC_antisymmetric_BB_contact_survival,antisymmetric_nac_bb,Any 1 antisymmetric NAC BB,chain_pair,all,largest_cluster,1200000.0,0.00031816251912902653,0.00016400981009953206,1934.4791075070375,9347.442116882818,7052.98641091508,0.8,8.0,100.0,61,95,3
G2_Wcluster_alhx700,$\mathrm{Hel}_{50}$,NAC_antisymmetric_BB_contact_survival,antisymmetric_nac_bb,Any 1 antisymmetric NAC BB,chain_pair,all,largest_cluster,1201000.0,0.00031816251912902653,0.00016400981009953206,1934.4791075070375,9347.442116882818,7052.98641091508,0.8,8.0,100.0,61,95,3
G2_Wcluster_alhx700,$\mathrm{Hel}_{50}$,NAC_antisymmetric_BB_contact_survival,antisymmetric_nac_bb,Any 1 antisymmetric NAC BB,chain_pair,all,largest_cluster,1202000.0,0.00031816251912902653,0.00016400981009953206,1934.4791075070375,9347.442116882818,7052.98641091508,0.8,8.0,100.0,61,95,3
G2_Wcluster_alhx700,$\mathrm{Hel}_{50}$,NAC_antisymmetric_BB_contact_survival,antisymmetric_nac_bb,Any 1 antisymmetric NAC BB,chain_pair,all,largest_cluster,1203000.0,0.00031816251912902653,0.00016400981009953206,1934.4791075070375,9347.442116882818,7052.98641091508,0.8,8.0,100.0,61,95,3
G2_Wcluster_alhx700,$\mathrm{Hel}_{50}$,NAC_antisymmetric_BB_contact_survival,antisymmetric_nac_bb,Any 1 antisymmetric NAC BB,chain_pair,all,largest_cluster,1204000.0,0.00031816251912902653,0.00016400981009953206,1934.4791075070375,9347.442116882818,7052.98641091508,0.8,8.0,100.0,61,95,3
G2_Wcluster_alhx700,$\mathrm{Hel}_{50}$,NAC_antisymmetric_BB_contact_survival,antisymmetric_nac_bb,Any 1 antisymmetric NAC BB,chain_pair,all,largest_cluster,1205000.0,0.00031816251912902653,0.00016400981009953206,1934.4791075070375,9347.442116882818,7052.98641091508,0.8,8.0,100.0,61,95,3
G2_Wcluster_alhx700,$\mathrm{Hel}_{50}$,NAC_antisymmetric_BB_contact_survival,antisymmetric_nac_bb,Any 1 antisymmetric NAC BB,chain_pair,all,largest_cluster,1206000.0,0.00031816251912902653,0.00016400981009953206,1934.4791075070375,9347.442116882818,7052.98641091508,0.8,8.0,100.0,61,95,3
G2_Wcluster_alhx700,$\mathrm{Hel}_{50}$,NAC_antisymmetric_BB_contact_survival,antisymmetric_nac_bb,Any 1 antisymmetric NAC BB,chain_pair,all,largest_cluster,1207000.0,0.00031816251912902653,0.00016400981009953206,1934.4791075070375,9347.442116882818,7052.98641091508,0.8,8.0,100.0,61,95,3
G2_Wcluster_alhx700,$\mathrm{Hel}_{50}$,NAC_antisymmetric_BB_contact_survival,antisymmetric_nac_bb,Any 1 antisymmetric NAC BB,chain_pair,all,largest_cluster,1208000.0,0.00031816251912902653,0.00016400981009953206,1934.4791075070375,9347.442116882818,7052.98641091508,0.8,8.0,100.0,61,95,3
G2_Wcluster_alhx700,$\mathrm{Hel}_{50}$,NAC_antisymmetric_BB_contact_survival,antisymmetric_nac_bb,Any 1 antisymmetric NAC BB,chain_pair,all,largest_cluster,1209000.0,0.00031816251912902653,0.00016400981009953206,1934.4791075070375,9347.442116882818,7052.98641091508,0.8,8.0,100.0,61,95,3
G2_Wcluster_alhx700,$\mathrm{Hel}_{50}$,NAC_antisymmetric_BB_contact_survival,antisymmetric_nac_bb,Any 1 antisymmetric NAC BB,chain_pair,all,largest_cluster,1210000.0,0.00031816251912902653,0.00016400981009953206,1934.4791075070375,9347.442116882818,7052.98641091508,0.8,8.0,100.0,61,95,3
G2_Wcluster_alhx700,$\mathrm{Hel}_{50}$,NAC_antisymmetric_BB_contact_survival,antisymmetric_nac_bb,Any 1 antisymmetric NAC BB,chain_pair,all,largest_cluster,1211000.0,0.00031816251912902653,0.00016400981009953206,1934.4791075070375,9347.442116882818,7052.98641091508,0.8,8.0,100.0,61,95,3
G2_Wcluster_alhx700,$\mathrm{Hel}_{50}$,NAC_antisymmetric_BB_contact_survival,antisymmetric_nac_bb,Any 1 antisymmetric NAC BB,chain_pair,all,largest_cluster,1212000.0,0.00031816251912902653,0.00016400981009953206,1934.4791075070375,9347.442116882818,7052.98641091508,0.8,8.0,100.0,61,95,3
G2_Wcluster_alhx700,$\mathrm{Hel}_{50}$,NAC_antisymmetric_BB_contact_survival,antisymmetric_nac_bb,Any 1 antisymmetric NAC BB,chain_pair,all,largest_cluster,1213000.0,0.00031816251912902653,0.00016400981009953206,1934.4791075070375,9347.442116882818,7052.98641091508,0.8,8.0,100.0,61,95,3
G2_Wcluster_alhx700,$\mathrm{Hel}_{50}$,NAC_antisymmetric_BB_contact_survival,antisymmetric_nac_bb,Any 1 antisymmetric NAC BB,chain_pair,all,largest_cluster,1214000.0,0.00031816251912902653,0.00016400981009953206,1934.4791075070375,9347.442116882818,7052.98641091508,0.8,8.0,100.0,61,95,3
G2_Wcluster_alhx700,$\mathrm{Hel}_{50}$,NAC_antisymmetric_BB_contact_survival,antisymmetric_nac_bb,Any 1 antisymmetric NAC BB,chain_pair,all,largest_cluster,1215000.0,0.00031816251912902653,0.00016400981009953206,1934.4791075070375,9347.442116882818,7052.98641091508,0.8,8.0,100.0,61,95,3
G2_Wcluster_alhx700,$\mathrm{Hel}_{50}$,NAC_antisymmetric_BB_contact_survival,antisymmetric_nac_bb,Any 1 antisymmetric NAC BB,chain_pair,all,largest_cluster,1216000.0,0.00031816251912902653,0.00016400981009953206,1934.4791075070375,9347.442116882818,7052.98641091508,0.8,8.0,100.0,61,95,3
G2_Wcluster_alhx700,$\mathrm{Hel}_{50}$,NAC_antisymmetric_BB_contact_survival,antisymmetric_nac_bb,Any 1 antisymmetric NAC BB,chain_pair,all,largest_cluster,1217000.0,0.00031816251912902653,0.00016400981009953206,1934.4791075070375,9347.442116882818,7052.98641091508,0.8,8.0,100.0,61,95,3
G2_Wcluster_alhx700,$\mathrm{Hel}_{50}$,NAC_antisymmetric_BB_contact_survival,antisymmetric_nac_bb,Any 1 antisymmetric NAC BB,chain_pair,all,largest_cluster,1218000.0,0.00031816251912902653,0.00016400981009953206,1934.4791075070375,9347.442116882818,7052.98641091508,0.8,8.0,100.0,61,95,3
G2_Wcluster_alhx700,$\mathrm{Hel}_{50}$,NAC_antisymmetric_BB_contact_survival,antisymmetric_nac_bb,Any 1 antisymmetric NAC BB,chain_pair,all,largest_cluster,1219000.0,0.00031816251912902653,0.00016400981009953206,1934.4791075070375,9347.442116882818,7052.98641091508,0.8,8.0,100.0,61,95,3
G2_Wcluster_alhx700,$\mathrm{Hel}_{50}$,NAC_antisymmetric_BB_contact_survival,antisymmetric_nac_bb,Any 1 antisymmetric NAC BB,chain_pair,all,largest_cluster,1220000.0,0.00031816251912902653,0.00016400981009953206,1934.4791075070375,9347.442116882818,7052.98641091508,0.8,8.0,100.0,61,95,3
G2_Wcluster_alhx700,$\mathrm{Hel}_{50}$,NAC_antisymmetric_BB_contact_survival,antisymmetric_nac_bb,Any 1 antisymmetric NAC BB,chain_pair,all,largest_cluster,1221000.0,0.00031816251912902653,0.00016400981009953206,1934.4791075070375,9347.442116882818,7052.98641091508,0.8,8.0,100.0,61,95,3
G2_Wcluster_alhx700,$\mathrm{Hel}_{50}$,NAC_antisymmetric_BB_contact_survival,antisymmetric_nac_bb,Any 1 antisymmetric NAC BB,chain_pair,all,largest_cluster,1222000.0,0.00031816251912902653,0.00016400981009953206,1934.4791075070375,9347.442116882818,7052.98641091508,0.8,8.0,100.0,61,95,3
G2_Wcluster_alhx700,$\mathrm{Hel}_{50}$,NAC_antisymmetric_BB_contact_survival,antisymmetric_nac_bb,Any 1 antisymmetric NAC BB,chain_pair,all,largest_cluster,1223000.0,0.00031816251912902653,0.00016400981009953206,1934.4791075070375,9347.442116882818,7052.98641091508,0.8,8.0,100.0,61,95,3
G2_Wcluster_alhx700,$\mathrm{Hel}_{50}$,NAC_antisymmetric_BB_contact_survival,antisymmetric_nac_bb,Any 1 antisymmetric NAC BB,chain_pair,all,largest_cluster,1224000.0,0.00031816251912902653,0.00016400981009953206,1934.4791075070375,9347.442116882818,7052.98641091508,0.8,8.0,100.0,61,95,3
G2_Wcluster_alhx700,$\mathrm{Hel}_{50}$,NAC_antisymmetric_BB_contact_survival,antisymmetric_nac_bb,Any 1 antisymmetric NAC BB,chain_pair,all,largest_cluster,1225000.0,0.00031816251912902653,0.00016400981009953206,1934.4791075070375,9347.442116882818,7052.98641091508,0.8,8.0,100.0,61,95,3
G2_Wcluster_alhx700,$\mathrm{Hel}_{50}$,NAC_antisymmetric_BB_contact_survival,antisymmetric_nac_bb,Any 1 antisymmetric NAC BB,chain_pair,all,largest_cluster,1226000.0,0.00031816251912902653,0.00016400981009953206,1934.4791075070375,9347.442116882818,7052.98641091508,0.8,8.0,100.0,61,95,3
G2_Wcluster_alhx700,$\mathrm{Hel}_{50}$,NAC_antisymmetric_BB_contact_survival,antisymmetric_nac_bb,Any 1 antisymmetric NAC BB,chain_pair,all,largest_cluster,1227000.0,0.00031816251912902653,0.00016400981009953206,1934.4791075070375,9347.442116882818,7052.98641091508,0.8,8.0,100.0,61,95,3
G2_Wcluster_alhx700,$\mathrm{Hel}_{50}$,NAC_antisymmetric_BB_contact_survival,antisymmetric_nac_bb,Any 1 antisymmetric NAC BB,chain_pair,all,largest_cluster,1228000.0,0.00031816251912902653,0.00016400981009953206,1934.4791075070375,9347.442116882818,7052.98641091508,0.8,8.0,100.0,61,95,3
G2_Wcluster_alhx700,$\mathrm{Hel}_{50}$,NAC_antisymmetric_BB_contact_survival,antisymmetric_nac_bb,Any 1 antisymmetric NAC BB,chain_pair,all,largest_cluster,1229000.0,0.00031816251912902653,0.00016400981009953206,1934.4791075070375,9347.442116882818,7052.98641091508,0.8,8.0,100.0,61,95,3
G2_Wcluster_alhx700,$\mathrm{Hel}_{50}$,NAC_antisymmetric_BB_contact_survival,antisymmetric_nac_bb,Any 1 antisymmetric NAC BB,chain_pair,all,largest_cluster,1230000.0,0.00031816251912902653,0.00016400981009953206,1934.4791075070375,9347.442116882818,7052.98641091508,0.8,8.0,100.0,61,95,3
G2_Wcluster_alhx700,$\mathrm{Hel}_{50}$,NAC_antisymmetric_BB_contact_survival,antisymmetric_nac_bb,Any 1 antisymmetric NAC BB,chain_pair,all,largest_cluster,1231000.0,0.00031816251912902653,0.00016400981009953206,1934.4791075070375,9347.442116882818,7052.98641091508,0.8,8.0,100.0,61,95,3
G2_Wcluster_alhx700,$\mathrm{Hel}_{50}$,NAC_antisymmetric_BB_contact_survival,antisymmetric_nac_bb,Any 1 antisymmetric NAC BB,chain_pair,all,largest_cluster,1232000.0,0.00031816251912902653,0.00016400981009953206,1934.4791075070375,9347.442116882818,7052.98641091508,0.8,8.0,100.0,61,95,3
G2_Wcluster_alhx700,$\mathrm{Hel}_{50}$,NAC_antisymmetric_BB_contact_survival,antisymmetric_nac_bb,Any 1 antisymmetric NAC BB,chain_pair,all,largest_cluster,1233000.0,0.00031816251912902653,0.00016400981009953206,1934.4791075070375,9347.442116882818,7052.98641091508,0.8,8.0,100.0,61,95,3
G2_Wcluster_alhx700,$\mathrm{Hel}_{50}$,NAC_antisymmetric_BB_contact_survival,antisymmetric_nac_bb,Any 1 antisymmetric NAC BB,chain_pair,all,largest_cluster,1234000.0,0.00031816251912902653,0.00016400981009953206,1934.4791075070375,9347.442116882818,7052.98641091508,0.8,8.0,100.0,61,95,3
G2_Wcluster_alhx700,$\mathrm{Hel}_{50}$,NAC_antisymmetric_BB_contact_survival,antisymmetric_nac_bb,Any 1 antisymmetric NAC BB,chain_pair,all,largest_cluster,1235000.0,0.00031816251912902653,0.00016400981009953206,1934.4791075070375,9347.442116882818,7052.98641091508,0.8,8.0,100.0,61,95,3
G2_Wcluster_alhx700,$\mathrm{Hel}_{50}$,NAC_antisymmetric_BB_contact_survival,antisymmetric_nac_bb,Any 1 antisymmetric NAC BB,chain_pair,all,largest_cluster,1236000.0,0.00031816251912902653,0.00016400981009953206,1934.4791075070375,9347.442116882818,7052.98641091508,0.8,8.0,100.0,61,95,3
G2_Wcluster_alhx700,$\mathrm{Hel}_{50}$,NAC_antisymmetric_BB_contact_survival,antisymmetric_nac_bb,Any 1 antisymmetric NAC BB,chain_pair,all,largest_cluster,1237000.0,0.00031816251912902653,0.00016400981009953206,1934.4791075070375,9347.442116882818,7052.98641091508,0.8,8.0,100.0,61,95,3
G2_Wcluster_alhx700,$\mathrm{Hel}_{50}$,NAC_antisymmetric_BB_contact_survival,antisymmetric_nac_bb,Any 1 antisymmetric NAC BB,chain_pair,all,largest_cluster,1238000.0,0.00031816251912902653,0.00016400981009953206,1934.4791075070375,9347.442116882818,7052.98641091508,0.8,8.0,100.0,61,95,3
G2_Wcluster_alhx700,$\mathrm{Hel}_{50}$,NAC_antisymmetric_BB_contact_survival,antisymmetric_nac_bb,Any 1 antisymmetric NAC BB,chain_pair,all,largest_cluster,1239000.0,0.00031816251912902653,0.00016400981009953206,1934.4791075070375,9347.442116882818,7052.98641091508,0.8,8.0,100.0,61,95,3
G2_Wcluster_alhx700,$\mathrm{Hel}_{50}$,NAC_antisymmetric_BB_contact_survival,antisymmetric_nac_bb,Any 1 antisymmetric NAC BB,chain_pair,all,largest_cluster,1240000.0,0.00031816251912902653,0.00016400981009953206,1934.4791075070375,9347.442116882818,7052.98641091508,0.8,8.0,100.0,61,95,3
G2_Wcluster_alhx700,$\mathrm{Hel}_{50}$,NAC_antisymmetric_BB_contact_survival,antisymmetric_nac_bb,Any 1 antisymmetric NAC BB,chain_pair,all,largest_cluster,1241000.0,0.00031816251912902653,0.00016400981009953206,1934.4791075070375,9347.442116882818,7052.98641091508,0.8,8.0,100.0,61,95,3
G2_Wcluster_alhx700,$\mathrm{Hel}_{50}$,NAC_antisymmetric_BB_contact_survival,antisymmetric_nac_bb,Any 1 antisymmetric NAC BB,chain_pair,all,largest_cluster,1242000.0,0.00031816251912902653,0.00016400981009953206,1934.4791075070375,9347.442116882818,7052.98641091508,0.8,8.0,100.0,61,95,3
G2_Wcluster_alhx700,$\mathrm{Hel}_{50}$,NAC_antisymmetric_BB_contact_survival,antisymmetric_nac_bb,Any 1 antisymmetric NAC BB,chain_pair,all,largest_cluster,1243000.0,0.00031816251912902653,0.00016400981009953206,1934.4791075070375,9347.442116882818,7052.98641091508,0.8,8.0,100.0,61,95,3
G2_Wcluster_alhx700,$\mathrm{Hel}_{50}$,NAC_antisymmetric_BB_contact_survival,antisymmetric_nac_bb,Any 1 antisymmetric NAC BB,chain_pair,all,largest_cluster,1244000.0,0.00031816251912902653,0.00016400981009953206,1934.4791075070375,9347.442116882818,7052.98641091508,0.8,8.0,100.0,61,95,3
G2_Wcluster_alhx700,$\mathrm{Hel}_{50}$,NAC_antisymmetric_BB_contact_survival,antisymmetric_nac_bb,Any 1 antisymmetric NAC BB,chain_pair,all,largest_cluster,1245000.0,0.00031816251912902653,0.00016400981009953206,1934.4791075070375,9347.442116882818,7052.98641091508,0.8,8.0,100.0,61,95,3
G2_Wcluster_alhx700,$\mathrm{Hel}_{50}$,NAC_antisymmetric_BB_contact_survival,antisymmetric_nac_bb,Any 1 antisymmetric NAC BB,chain_pair,all,largest_cluster,1246000.0,0.00031816251912902653,0.00016400981009953206,1934.4791075070375,9347.442116882818,7052.98641091508,0.8,8.0,100.0,61,95,3
G2_Wcluster_alhx700,$\mathrm{Hel}_{50}$,NAC_antisymmetric_BB_contact_survival,antisymmetric_nac_bb,Any 1 antisymmetric NAC BB,chain_pair,all,largest_cluster,1247000.0,0.00031816251912902653,0.00016400981009953206,1934.4791075070375,9347.442116882818,7052.98641091508,0.8,8.0,100.0,61,95,3
G2_Wcluster_alhx700,$\mathrm{Hel}_{50}$,NAC_antisymmetric_BB_contact_survival,antisymmetric_nac_bb,Any 1 antisymmetric NAC BB,chain_pair,all,largest_cluster,1248000.0,0.00031816251912902653,0.00016400981009953206,1934.4791075070375,9347.442116882818,7052.98641091508,0.8,8.0,100.0,61,95,3
G2_Wcluster_alhx700,$\mathrm{Hel}_{50}$,NAC_antisymmetric_BB_contact_survival,antisymmetric_nac_bb,Any 1 antisymmetric NAC BB,chain_pair,all,largest_cluster,1249000.0,0.00031816251912902653,0.00016400981009953206,1934.4791075070375,9347.442116882818,7052.98641091508,0.8,8.0,100.0,61,95,3
G2_Wcluster_alhx700,$\mathrm{Hel}_{50}$,NAC_antisymmetric_BB_contact_survival,antisymmetric_nac_bb,Any 1 antisymmetric NAC BB,chain_pair,all,largest_cluster,1250000.0,0.00031816251912902653,0.00016400981009953206,1934.4791075070375,9347.442116882818,7052.98641091508,0.8,8.0,100.0,61,95,3
G2_Wcluster_alhx700,$\mathrm{Hel}_{50}$,NAC_antisymmetric_BB_contact_survival,antisymmetric_nac_bb,Any 1 antisymmetric NAC BB,chain_pair,all,largest_cluster,1251000.0,0.00031816251912902653,0.00016400981009953206,1934.4791075070375,9347.442116882818,7052.98641091508,0.8,8.0,100.0,61,95,3
G2_Wcluster_alhx700,$\mathrm{Hel}_{50}$,NAC_antisymmetric_BB_contact_survival,antisymmetric_nac_bb,Any 1 antisymmetric NAC BB,chain_pair,all,largest_cluster,1252000.0,0.00031816251912902653,0.00016400981009953206,1934.4791075070375,9347.442116882818,7052.98641091508,0.8,8.0,100.0,61,95,3
G2_Wcluster_alhx700,$\mathrm{Hel}_{50}$,NAC_antisymmetric_BB_contact_survival,antisymmetric_nac_bb,Any 1 antisymmetric NAC BB,chain_pair,all,largest_cluster,1253000.0,0.00031816251912902653,0.00016400981009953206,1934.4791075070375,9347.442116882818,7052.98641091508,0.8,8.0,100.0,61,95,3
G2_Wcluster_alhx700,$\mathrm{Hel}_{50}$,NAC_antisymmetric_BB_contact_survival,antisymmetric_nac_bb,Any 1 antisymmetric NAC BB,chain_pair,all,largest_cluster,1254000.0,0.00031816251912902653,0.00016400981009953206,1934.4791075070375,9347.442116882818,7052.98641091508,0.8,8.0,100.0,61,95,3
G2_Wcluster_alhx700,$\mathrm{Hel}_{50}$,NAC_antisymmetric_BB_contact_survival,antisymmetric_nac_bb,Any 1 antisymmetric NAC BB,chain_pair,all,largest_cluster,1255000.0,0.00031816251912902653,0.00016400981009953206,1934.4791075070375,9347.442116882818,7052.98641091508,0.8,8.0,100.0,61,95,3
G2_Wcluster_alhx700,$\mathrm{Hel}_{50}$,NAC_antisymmetric_BB_contact_survival,antisymmetric_nac_bb,Any 1 antisymmetric NAC BB,chain_pair,all,largest_cluster,1256000.0,0.00031816251912902653,0.00016400981009953206,1934.4791075070375,9347.442116882818,7052.98641091508,0.8,8.0,100.0,61,95,3
G2_Wcluster_alhx700,$\mathrm{Hel}_{50}$,NAC_antisymmetric_BB_contact_survival,antisymmetric_nac_bb,Any 1 antisymmetric NAC BB,chain_pair,all,largest_cluster,1257000.0,0.00031816251912902653,0.00016400981009953206,1934.4791075070375,9347.442116882818,7052.98641091508,0.8,8.0,100.0,61,95,3
G2_Wcluster_alhx700,$\mathrm{Hel}_{50}$,NAC_antisymmetric_BB_contact_survival,antisymmetric_nac_bb,Any 1 antisymmetric NAC BB,chain_pair,all,largest_cluster,1258000.0,0.00031816251912902653,0.00016400981009953206,1934.4791075070375,9347.442116882818,7052.98641091508,0.8,8.0,100.0,61,95,3
G2_Wcluster_alhx700,$\mathrm{Hel}_{50}$,NAC_antisymmetric_BB_contact_survival,antisymmetric_nac_bb,Any 1 antisymmetric NAC BB,chain_pair,all,largest_cluster,1259000.0,0.00031816251912902653,0.00016400981009953206,1934.4791075070375,9347.442116882818,7052.98641091508,0.8,8.0,100.0,61,95,3
G2_Wcluster_alhx700,$\mathrm{Hel}_{50}$,NAC_antisymmetric_BB_contact_survival,antisymmetric_nac_bb,Any 1 antisymmetric NAC BB,chain_pair,all,largest_cluster,1260000.0,0.00031816251912902653,0.00016400981009953206,1934.4791075070375,9347.442116882818,7052.98641091508,0.8,8.0,100.0,61,95,3
G2_Wcluster_alhx700,$\mathrm{Hel}_{50}$,NAC_antisymmetric_BB_contact_survival,antisymmetric_nac_bb,Any 1 antisymmetric NAC BB,chain_pair,all,largest_cluster,1261000.0,0.00031816251912902653,0.00016400981009953206,1934.4791075070375,9347.442116882818,7052.98641091508,0.8,8.0,100.0,61,95,3
G2_Wcluster_alhx700,$\mathrm{Hel}_{50}$,NAC_antisymmetric_BB_contact_survival,antisymmetric_nac_bb,Any 1 antisymmetric NAC BB,chain_pair,all,largest_cluster,1262000.0,0.00031816251912902653,0.00016400981009953206,1934.4791075070375,9347.442116882818,7052.98641091508,0.8,8.0,100.0,61,95,3
G2_Wcluster_alhx700,$\mathrm{Hel}_{50}$,NAC_antisymmetric_BB_contact_survival,antisymmetric_nac_bb,Any 1 antisymmetric NAC BB,chain_pair,all,largest_cluster,1263000.0,0.00031816251912902653,0.00016400981009953206,1934.4791075070375,9347.442116882818,7052.98641091508,0.8,8.0,100.0,61,95,3
G2_Wcluster_alhx700,$\mathrm{Hel}_{50}$,NAC_antisymmetric_BB_contact_survival,antisymmetric_nac_bb,Any 1 antisymmetric NAC BB,chain_pair,all,largest_cluster,1264000.0,0.00031816251912902653,0.00016400981009953206,1934.4791075070375,9347.442116882818,7052.98641091508,0.8,8.0,100.0,61,95,3
G2_Wcluster_alhx700,$\mathrm{Hel}_{50}$,NAC_antisymmetric_BB_contact_survival,antisymmetric_nac_bb,Any 1 antisymmetric NAC BB,chain_pair,all,largest_cluster,1265000.0,0.00031816251912902653,0.00016400981009953206,1934.4791075070375,9347.442116882818,7052.98641091508,0.8,8.0,100.0,61,95,3
G2_Wcluster_alhx700,$\mathrm{Hel}_{50}$,NAC_antisymmetric_BB_contact_survival,antisymmetric_nac_bb,Any 1 antisymmetric NAC BB,chain_pair,all,largest_cluster,1266000.0,0.00031816251912902653,0.00016400981009953206,1934.4791075070375,9347.442116882818,7052.98641091508,0.8,8.0,100.0,61,95,3
G2_Wcluster_alhx700,$\mathrm{Hel}_{50}$,NAC_antisymmetric_BB_contact_survival,antisymmetric_nac_bb,Any 1 antisymmetric NAC BB,chain_pair,all,largest_cluster,1267000.0,0.00031816251912902653,0.00016400981009953206,1934.4791075070375,9347.442116882818,7052.98641091508,0.8,8.0,100.0,61,95,3
G2_Wcluster_alhx700,$\mathrm{Hel}_{50}$,NAC_antisymmetric_BB_contact_survival,antisymmetric_nac_bb,Any 1 antisymmetric NAC BB,chain_pair,all,largest_cluster,1268000.0,0.00031816251912902653,0.00016400981009953206,1934.4791075070375,9347.442116882818,7052.98641091508,0.8,8.0,100.0,61,95,3
G2_Wcluster_alhx700,$\mathrm{Hel}_{50}$,NAC_antisymmetric_BB_contact_survival,antisymmetric_nac_bb,Any 1 antisymmetric NAC BB,chain_pair,all,largest_cluster,1269000.0,0.00031816251912902653,0.00016400981009953206,1934.4791075070375,9347.442116882818,7052.98641091508,0.8,8.0,100.0,61,95,3
G2_Wcluster_alhx700,$\mathrm{Hel}_{50}$,NAC_antisymmetric_BB_contact_survival,antisymmetric_nac_bb,Any 1 antisymmetric NAC BB,chain_pair,all,largest_cluster,1270000.0,0.00031816251912902653,0.00016400981009953206,1934.4791075070375,9347.442116882818,7052.98641091508,0.8,8.0,100.0,61,95,3
G2_Wcluster_alhx700,$\mathrm{Hel}_{50}$,NAC_antisymmetric_BB_contact_survival,antisymmetric_nac_bb,Any 1 antisymmetric NAC BB,chain_pair,all,largest_cluster,1271000.0,0.00031816251912902653,0.00016400981009953206,1934.4791075070375,9347.442116882818,7052.98641091508,0.8,8.0,100.0,61,95,3
G2_Wcluster_alhx700,$\mathrm{Hel}_{50}$,NAC_antisymmetric_BB_contact_survival,antisymmetric_nac_bb,Any 1 antisymmetric NAC BB,chain_pair,all,largest_cluster,1272000.0,0.00031816251912902653,0.00016400981009953206,1934.4791075070375,9347.442116882818,7052.98641091508,0.8,8.0,100.0,61,95,3
G2_Wcluster_alhx700,$\mathrm{Hel}_{50}$,NAC_antisymmetric_BB_contact_survival,antisymmetric_nac_bb,Any 1 antisymmetric NAC BB,chain_pair,all,largest_cluster,1273000.0,0.00031816251912902653,0.00016400981009953206,1934.4791075070375,9347.442116882818,7052.98641091508,0.8,8.0,100.0,61,95,3
G2_Wcluster_alhx700,$\mathrm{Hel}_{50}$,NAC_antisymmetric_BB_contact_survival,antisymmetric_nac_bb,Any 1 antisymmetric NAC BB,chain_pair,all,largest_cluster,1274000.0,0.00031816251912902653,0.00016400981009953206,1934.4791075070375,9347.442116882818,7052.98641091508,0.8,8.0,100.0,61,95,3
G2_Wcluster_alhx700,$\mathrm{Hel}_{50}$,NAC_antisymmetric_BB_contact_survival,antisymmetric_nac_bb,Any 1 antisymmetric NAC BB,chain_pair,all,largest_cluster,1275000.0,0.00031816251912902653,0.00016400981009953206,1934.4791075070375,9347.442116882818,7052.98641091508,0.8,8.0,100.0,61,95,3
G2_Wcluster_alhx700,$\mathrm{Hel}_{50}$,NAC_antisymmetric_BB_contact_survival,antisymmetric_nac_bb,Any 1 antisymmetric NAC BB,chain_pair,all,largest_cluster,1276000.0,0.00031816251912902653,0.00016400981009953206,1934.4791075070375,9347.442116882818,7052.98641091508,0.8,8.0,100.0,61,95,3
G2_Wcluster_alhx700,$\mathrm{Hel}_{50}$,NAC_antisymmetric_BB_contact_survival,antisymmetric_nac_bb,Any 1 antisymmetric NAC BB,chain_pair,all,largest_cluster,1277000.0,0.00031816251912902653,0.00016400981009953206,1934.4791075070375,9347.442116882818,7052.98641091508,0.8,8.0,100.0,61,95,3
G2_Wcluster_alhx700,$\mathrm{Hel}_{50}$,NAC_antisymmetric_BB_contact_survival,antisymmetric_nac_bb,Any 1 antisymmetric NAC BB,chain_pair,all,largest_cluster,1278000.0,0.00031816251912902653,0.00016400981009953206,1934.4791075070375,9347.442116882818,7052.98641091508,0.8,8.0,100.0,61,95,3
G2_Wcluster_alhx700,$\mathrm{Hel}_{50}$,NAC_antisymmetric_BB_contact_survival,antisymmetric_nac_bb,Any 1 antisymmetric NAC BB,chain_pair,all,largest_cluster,1279000.0,0.00031816251912902653,0.00016400981009953206,1934.4791075070375,9347.442116882818,7052.98641091508,0.8,8.0,100.0,61,95,3
G2_Wcluster_alhx700,$\mathrm{Hel}_{50}$,NAC_antisymmetric_BB_contact_survival,antisymmetric_nac_bb,Any 1 antisymmetric NAC BB,chain_pair,all,largest_cluster,1280000.0,0.00031816251912902653,0.00016400981009953206,1934.4791075070375,9347.442116882818,7052.98641091508,0.8,8.0,100.0,61,95,3
G2_Wcluster_alhx700,$\mathrm{Hel}_{50}$,NAC_antisymmetric_BB_contact_survival,antisymmetric_nac_bb,Any 1 antisymmetric NAC BB,chain_pair,all,largest_cluster,1281000.0,0.00031816251912902653,0.00016400981009953206,1934.4791075070375,9347.442116882818,7052.98641091508,0.8,8.0,100.0,61,95,3
G2_Wcluster_alhx700,$\mathrm{Hel}_{50}$,NAC_antisymmetric_BB_contact_survival,antisymmetric_nac_bb,Any 1 antisymmetric NAC BB,chain_pair,all,largest_cluster,1282000.0,0.00031816251912902653,0.00016400981009953206,1934.4791075070375,9347.442116882818,7052.98641091508,0.8,8.0,100.0,61,95,3
G2_Wcluster_alhx700,$\mathrm{Hel}_{50}$,NAC_antisymmetric_BB_contact_survival,antisymmetric_nac_bb,Any 1 antisymmetric NAC BB,chain_pair,all,largest_cluster,1283000.0,0.00031816251912902653,0.00016400981009953206,1934.4791075070375,9347.442116882818,7052.98641091508,0.8,8.0,100.0,61,95,3
G2_Wcluster_alhx700,$\mathrm{Hel}_{50}$,NAC_antisymmetric_BB_contact_survival,antisymmetric_nac_bb,Any 1 antisymmetric NAC BB,chain_pair,all,largest_cluster,1284000.0,0.00031816251912902653,0.00016400981009953206,1934.4791075070375,9347.442116882818,7052.98641091508,0.8,8.0,100.0,61,95,3
G2_Wcluster_alhx700,$\mathrm{Hel}_{50}$,NAC_antisymmetric_BB_contact_survival,antisymmetric_nac_bb,Any 1 antisymmetric NAC BB,chain_pair,all,largest_cluster,1285000.0,0.00031816251912902653,0.00016400981009953206,1934.4791075070375,9347.442116882818,7052.98641091508,0.8,8.0,100.0,61,95,3
G2_Wcluster_alhx700,$\mathrm{Hel}_{50}$,NAC_antisymmetric_BB_contact_survival,antisymmetric_nac_bb,Any 1 antisymmetric NAC BB,chain_pair,all,largest_cluster,1286000.0,0.00031816251912902653,0.00016400981009953206,1934.4791075070375,9347.442116882818,7052.98641091508,0.8,8.0,100.0,61,95,3
G2_Wcluster_alhx700,$\mathrm{Hel}_{50}$,NAC_antisymmetric_BB_contact_survival,antisymmetric_nac_bb,Any 1 antisymmetric NAC BB,chain_pair,all,largest_cluster,1287000.0,0.00031816251912902653,0.00016400981009953206,1934.4791075070375,9347.442116882818,7052.98641091508,0.8,8.0,100.0,61,95,3
G2_Wcluster_alhx700,$\mathrm{Hel}_{50}$,NAC_antisymmetric_BB_contact_survival,antisymmetric_nac_bb,Any 1 antisymmetric NAC BB,chain_pair,all,largest_cluster,1288000.0,0.00031816251912902653,0.00016400981009953206,1934.4791075070375,9347.442116882818,7052.98641091508,0.8,8.0,100.0,61,95,3
G2_Wcluster_alhx700,$\mathrm{Hel}_{50}$,NAC_antisymmetric_BB_contact_survival,antisymmetric_nac_bb,Any 1 antisymmetric NAC BB,chain_pair,all,largest_cluster,1289000.0,0.00031816251912902653,0.00016400981009953206,1934.4791075070375,9347.442116882818,7052.98641091508,0.8,8.0,100.0,61,95,3
G2_Wcluster_alhx700,$\mathrm{Hel}_{50}$,NAC_antisymmetric_BB_contact_survival,antisymmetric_nac_bb,Any 1 antisymmetric NAC BB,chain_pair,all,largest_cluster,1290000.0,0.00031816251912902653,0.00016400981009953206,1934.4791075070375,9347.442116882818,7052.98641091508,0.8,8.0,100.0,61,95,3
G2_Wcluster_alhx700,$\mathrm{Hel}_{50}$,NAC_antisymmetric_BB_contact_survival,antisymmetric_nac_bb,Any 1 antisymmetric NAC BB,chain_pair,all,largest_cluster,1291000.0,0.00031816251912902653,0.00016400981009953206,1934.4791075070375,9347.442116882818,7052.98641091508,0.8,8.0,100.0,61,95,3
G2_Wcluster_alhx700,$\mathrm{Hel}_{50}$,NAC_antisymmetric_BB_contact_survival,antisymmetric_nac_bb,Any 1 antisymmetric NAC BB,chain_pair,all,largest_cluster,1292000.0,0.00031816251912902653,0.00016400981009953206,1934.4791075070375,9347.442116882818,7052.98641091508,0.8,8.0,100.0,61,95,3
G2_Wcluster_alhx700,$\mathrm{Hel}_{50}$,NAC_antisymmetric_BB_contact_survival,antisymmetric_nac_bb,Any 1 antisymmetric NAC BB,chain_pair,all,largest_cluster,1293000.0,0.00031816251912902653,0.00016400981009953206,1934.4791075070375,9347.442116882818,7052.98641091508,0.8,8.0,100.0,61,95,3
G2_Wcluster_alhx700,$\mathrm{Hel}_{50}$,NAC_antisymmetric_BB_contact_survival,antisymmetric_nac_bb,Any 1 antisymmetric NAC BB,chain_pair,all,largest_cluster,1294000.0,0.00031816251912902653,0.00016400981009953206,1934.4791075070375,9347.442116882818,7052.98641091508,0.8,8.0,100.0,61,95,3
G2_Wcluster_alhx700,$\mathrm{Hel}_{50}$,NAC_antisymmetric_BB_contact_survival,antisymmetric_nac_bb,Any 1 antisymmetric NAC BB,chain_pair,all,largest_cluster,1295000.0,0.00031816251912902653,0.00016400981009953206,1934.4791075070375,9347.442116882818,7052.98641091508,0.8,8.0,100.0,61,95,3
G2_Wcluster_alhx700,$\mathrm{Hel}_{50}$,NAC_antisymmetric_BB_contact_survival,antisymmetric_nac_bb,Any 1 antisymmetric NAC BB,chain_pair,all,largest_cluster,1296000.0,0.00031816251912902653,0.00016400981009953206,1934.4791075070375,9347.442116882818,7052.98641091508,0.8,8.0,100.0,61,95,3
G2_Wcluster_alhx700,$\mathrm{Hel}_{50}$,NAC_antisymmetric_BB_contact_survival,antisymmetric_nac_bb,Any 1 antisymmetric NAC BB,chain_pair,all,largest_cluster,1297000.0,0.00031816251912902653,0.00016400981009953206,1934.4791075070375,9347.442116882818,7052.98641091508,0.8,8.0,100.0,61,95,3
G2_Wcluster_alhx700,$\mathrm{Hel}_{50}$,NAC_antisymmetric_BB_contact_survival,antisymmetric_nac_bb,Any 1 antisymmetric NAC BB,chain_pair,all,largest_cluster,1298000.0,0.00031816251912902653,0.00016400981009953206,1934.4791075070375,9347.442116882818,7052.98641091508,0.8,8.0,100.0,61,95,3
G2_Wcluster_alhx700,$\mathrm{Hel}_{50}$,NAC_antisymmetric_BB_contact_survival,antisymmetric_nac_bb,Any 1 antisymmetric NAC BB,chain_pair,all,largest_cluster,1299000.0,0.00031816251912902653,0.00016400981009953206,1934.4791075070375,9347.442116882818,7052.98641091508,0.8,8.0,100.0,61,95,3
G2_Wcluster_alhx700,$\mathrm{Hel}_{50}$,NAC_antisymmetric_BB_contact_survival,antisymmetric_nac_bb,Any 1 antisymmetric NAC BB,chain_pair,all,largest_cluster,1300000.0,0.00031816251912902653,0.00016400981009953206,1934.4791075070375,9347.442116882818,7052.98641091508,0.8,8.0,100.0,61,95,3
G2_Wcluster_alhx700,$\mathrm{Hel}_{50}$,NAC_antisymmetric_BB_contact_survival,antisymmetric_nac_bb,Any 1 antisymmetric NAC BB,chain_pair,all,largest_cluster,1301000.0,0.00031816251912902653,0.00016400981009953206,1934.4791075070375,9347.442116882818,7052.98641091508,0.8,8.0,100.0,61,95,3
G2_Wcluster_alhx700,$\mathrm{Hel}_{50}$,NAC_antisymmetric_BB_contact_survival,antisymmetric_nac_bb,Any 1 antisymmetric NAC BB,chain_pair,all,largest_cluster,1302000.0,0.00031816251912902653,0.00016400981009953206,1934.4791075070375,9347.442116882818,7052.98641091508,0.8,8.0,100.0,61,95,3
G2_Wcluster_alhx700,$\mathrm{Hel}_{50}$,NAC_antisymmetric_BB_contact_survival,antisymmetric_nac_bb,Any 1 antisymmetric NAC BB,chain_pair,all,largest_cluster,1303000.0,0.00031816251912902653,0.00016400981009953206,1934.4791075070375,9347.442116882818,7052.98641091508,0.8,8.0,100.0,61,95,3
G2_Wcluster_alhx700,$\mathrm{Hel}_{50}$,NAC_antisymmetric_BB_contact_survival,antisymmetric_nac_bb,Any 1 antisymmetric NAC BB,chain_pair,all,largest_cluster,1304000.0,0.00031816251912902653,0.00016400981009953206,1934.4791075070375,9347.442116882818,7052.98641091508,0.8,8.0,100.0,61,95,3
G2_Wcluster_alhx700,$\mathrm{Hel}_{50}$,NAC_antisymmetric_BB_contact_survival,antisymmetric_nac_bb,Any 1 antisymmetric NAC BB,chain_pair,all,largest_cluster,1305000.0,0.00031816251912902653,0.00016400981009953206,1934.4791075070375,9347.442116882818,7052.98641091508,0.8,8.0,100.0,61,95,3
G2_Wcluster_alhx700,$\mathrm{Hel}_{50}$,NAC_antisymmetric_BB_contact_survival,antisymmetric_nac_bb,Any 1 antisymmetric NAC BB,chain_pair,all,largest_cluster,1306000.0,0.00031816251912902653,0.00016400981009953206,1934.4791075070375,9347.442116882818,7052.98641091508,0.8,8.0,100.0,61,95,3
G2_Wcluster_alhx700,$\mathrm{Hel}_{50}$,NAC_antisymmetric_BB_contact_survival,antisymmetric_nac_bb,Any 1 antisymmetric NAC BB,chain_pair,all,largest_cluster,1307000.0,0.00031816251912902653,0.00016400981009953206,1934.4791075070375,9347.442116882818,7052.98641091508,0.8,8.0,100.0,61,95,3
G2_Wcluster_alhx700,$\mathrm{Hel}_{50}$,NAC_antisymmetric_BB_contact_survival,antisymmetric_nac_bb,Any 1 antisymmetric NAC BB,chain_pair,all,largest_cluster,1308000.0,0.00031816251912902653,0.00016400981009953206,1934.4791075070375,9347.442116882818,7052.98641091508,0.8,8.0,100.0,61,95,3
G2_Wcluster_alhx700,$\mathrm{Hel}_{50}$,NAC_antisymmetric_BB_contact_survival,antisymmetric_nac_bb,Any 1 antisymmetric NAC BB,chain_pair,all,largest_cluster,1309000.0,0.00031816251912902653,0.00016400981009953206,1934.4791075070375,9347.442116882818,7052.98641091508,0.8,8.0,100.0,61,95,3
G2_Wcluster_alhx700,$\mathrm{Hel}_{50}$,NAC_antisymmetric_BB_contact_survival,antisymmetric_nac_bb,Any 1 antisymmetric NAC BB,chain_pair,all,largest_cluster,1310000.0,0.00031816251912902653,0.00016400981009953206,1934.4791075070375,9347.442116882818,7052.98641091508,0.8,8.0,100.0,61,95,3
G2_Wcluster_alhx700,$\mathrm{Hel}_{50}$,NAC_antisymmetric_BB_contact_survival,antisymmetric_nac_bb,Any 1 antisymmetric NAC BB,chain_pair,all,largest_cluster,1311000.0,0.00031816251912902653,0.00016400981009953206,1934.4791075070375,9347.442116882818,7052.98641091508,0.8,8.0,100.0,61,95,3
G2_Wcluster_alhx700,$\mathrm{Hel}_{50}$,NAC_antisymmetric_BB_contact_survival,antisymmetric_nac_bb,Any 1 antisymmetric NAC BB,chain_pair,all,largest_cluster,1312000.0,0.00031816251912902653,0.00016400981009953206,1934.4791075070375,9347.442116882818,7052.98641091508,0.8,8.0,100.0,61,95,3
G2_Wcluster_alhx700,$\mathrm{Hel}_{50}$,NAC_antisymmetric_BB_contact_survival,antisymmetric_nac_bb,Any 1 antisymmetric NAC BB,chain_pair,all,largest_cluster,1313000.0,0.00031816251912902653,0.00016400981009953206,1934.4791075070375,9347.442116882818,7052.98641091508,0.8,8.0,100.0,61,95,3
G2_Wcluster_alhx700,$\mathrm{Hel}_{50}$,NAC_antisymmetric_BB_contact_survival,antisymmetric_nac_bb,Any 1 antisymmetric NAC BB,chain_pair,all,largest_cluster,1314000.0,0.00031816251912902653,0.00016400981009953206,1934.4791075070375,9347.442116882818,7052.98641091508,0.8,8.0,100.0,61,95,3
G2_Wcluster_alhx700,$\mathrm{Hel}_{50}$,NAC_antisymmetric_BB_contact_survival,antisymmetric_nac_bb,Any 1 antisymmetric NAC BB,chain_pair,all,largest_cluster,1315000.0,0.00031816251912902653,0.00016400981009953206,1934.4791075070375,9347.442116882818,7052.98641091508,0.8,8.0,100.0,61,95,3
G2_Wcluster_alhx700,$\mathrm{Hel}_{50}$,NAC_antisymmetric_BB_contact_survival,antisymmetric_nac_bb,Any 1 antisymmetric NAC BB,chain_pair,all,largest_cluster,1316000.0,0.00031816251912902653,0.00016400981009953206,1934.4791075070375,9347.442116882818,7052.98641091508,0.8,8.0,100.0,61,95,3
G2_Wcluster_alhx700,$\mathrm{Hel}_{50}$,NAC_antisymmetric_BB_contact_survival,antisymmetric_nac_bb,Any 1 antisymmetric NAC BB,chain_pair,all,largest_cluster,1317000.0,0.00031816251912902653,0.00016400981009953206,1934.4791075070375,9347.442116882818,7052.98641091508,0.8,8.0,100.0,61,95,3
G2_Wcluster_alhx700,$\mathrm{Hel}_{50}$,NAC_antisymmetric_BB_contact_survival,antisymmetric_nac_bb,Any 1 antisymmetric NAC BB,chain_pair,all,largest_cluster,1318000.0,0.00031816251912902653,0.00016400981009953206,1934.4791075070375,9347.442116882818,7052.98641091508,0.8,8.0,100.0,61,95,3
G2_Wcluster_alhx700,$\mathrm{Hel}_{50}$,NAC_antisymmetric_BB_contact_survival,antisymmetric_nac_bb,Any 1 antisymmetric NAC BB,chain_pair,all,largest_cluster,1319000.0,0.00031816251912902653,0.00016400981009953206,1934.4791075070375,9347.442116882818,7052.98641091508,0.8,8.0,100.0,61,95,3
G2_Wcluster_alhx700,$\mathrm{Hel}_{50}$,NAC_antisymmetric_BB_contact_survival,antisymmetric_nac_bb,Any 1 antisymmetric NAC BB,chain_pair,all,largest_cluster,1320000.0,0.00031816251912902653,0.00016400981009953206,1934.4791075070375,9347.442116882818,7052.98641091508,0.8,8.0,100.0,61,95,3
G2_Wcluster_alhx700,$\mathrm{Hel}_{50}$,NAC_antisymmetric_BB_contact_survival,antisymmetric_nac_bb,Any 1 antisymmetric NAC BB,chain_pair,all,largest_cluster,1321000.0,0.00031816251912902653,0.00016400981009953206,1934.4791075070375,9347.442116882818,7052.98641091508,0.8,8.0,100.0,61,95,3
G2_Wcluster_alhx700,$\mathrm{Hel}_{50}$,NAC_antisymmetric_BB_contact_survival,antisymmetric_nac_bb,Any 1 antisymmetric NAC BB,chain_pair,all,largest_cluster,1322000.0,0.00031816251912902653,0.00016400981009953206,1934.4791075070375,9347.442116882818,7052.98641091508,0.8,8.0,100.0,61,95,3
G2_Wcluster_alhx700,$\mathrm{Hel}_{50}$,NAC_antisymmetric_BB_contact_survival,antisymmetric_nac_bb,Any 1 antisymmetric NAC BB,chain_pair,all,largest_cluster,1323000.0,0.00031816251912902653,0.00016400981009953206,1934.4791075070375,9347.442116882818,7052.98641091508,0.8,8.0,100.0,61,95,3
G2_Wcluster_alhx700,$\mathrm{Hel}_{50}$,NAC_antisymmetric_BB_contact_survival,antisymmetric_nac_bb,Any 1 antisymmetric NAC BB,chain_pair,all,largest_cluster,1324000.0,0.00031816251912902653,0.00016400981009953206,1934.4791075070375,9347.442116882818,7052.98641091508,0.8,8.0,100.0,61,95,3
G2_Wcluster_alhx700,$\mathrm{Hel}_{50}$,NAC_antisymmetric_BB_contact_survival,antisymmetric_nac_bb,Any 1 antisymmetric NAC BB,chain_pair,all,largest_cluster,1325000.0,0.00031816251912902653,0.00016400981009953206,1934.4791075070375,9347.442116882818,7052.98641091508,0.8,8.0,100.0,61,95,3
G2_Wcluster_alhx700,$\mathrm{Hel}_{50}$,NAC_antisymmetric_BB_contact_survival,antisymmetric_nac_bb,Any 1 antisymmetric NAC BB,chain_pair,all,largest_cluster,1326000.0,0.00031816251912902653,0.00016400981009953206,1934.4791075070375,9347.442116882818,7052.98641091508,0.8,8.0,100.0,61,95,3
G2_Wcluster_alhx700,$\mathrm{Hel}_{50}$,NAC_antisymmetric_BB_contact_survival,antisymmetric_nac_bb,Any 1 antisymmetric NAC BB,chain_pair,all,largest_cluster,1327000.0,0.00031816251912902653,0.00016400981009953206,1934.4791075070375,9347.442116882818,7052.98641091508,0.8,8.0,100.0,61,95,3
G2_Wcluster_alhx700,$\mathrm{Hel}_{50}$,NAC_antisymmetric_BB_contact_survival,antisymmetric_nac_bb,Any 1 antisymmetric NAC BB,chain_pair,all,largest_cluster,1328000.0,0.00031816251912902653,0.00016400981009953206,1934.4791075070375,9347.442116882818,7052.98641091508,0.8,8.0,100.0,61,95,3
G2_Wcluster_alhx700,$\mathrm{Hel}_{50}$,NAC_antisymmetric_BB_contact_survival,antisymmetric_nac_bb,Any 1 antisymmetric NAC BB,chain_pair,all,largest_cluster,1329000.0,0.00031816251912902653,0.00016400981009953206,1934.4791075070375,9347.442116882818,7052.98641091508,0.8,8.0,100.0,61,95,3
G2_Wcluster_alhx700,$\mathrm{Hel}_{50}$,NAC_antisymmetric_BB_contact_survival,antisymmetric_nac_bb,Any 1 antisymmetric NAC BB,chain_pair,all,largest_cluster,1330000.0,0.00031816251912902653,0.00016400981009953206,1934.4791075070375,9347.442116882818,7052.98641091508,0.8,8.0,100.0,61,95,3
G2_Wcluster_alhx700,$\mathrm{Hel}_{50}$,NAC_antisymmetric_BB_contact_survival,antisymmetric_nac_bb,Any 1 antisymmetric NAC BB,chain_pair,all,largest_cluster,1331000.0,0.00031816251912902653,0.00016400981009953206,1934.4791075070375,9347.442116882818,7052.98641091508,0.8,8.0,100.0,61,95,3
G2_Wcluster_alhx700,$\mathrm{Hel}_{50}$,NAC_antisymmetric_BB_contact_survival,antisymmetric_nac_bb,Any 1 antisymmetric NAC BB,chain_pair,all,largest_cluster,1332000.0,0.00031816251912902653,0.00016400981009953206,1934.4791075070375,9347.442116882818,7052.98641091508,0.8,8.0,100.0,61,95,3
G2_Wcluster_alhx700,$\mathrm{Hel}_{50}$,NAC_antisymmetric_BB_contact_survival,antisymmetric_nac_bb,Any 1 antisymmetric NAC BB,chain_pair,all,largest_cluster,1333000.0,0.00031816251912902653,0.00016400981009953206,1934.4791075070375,9347.442116882818,7052.98641091508,0.8,8.0,100.0,61,95,3
G2_Wcluster_alhx700,$\mathrm{Hel}_{50}$,NAC_antisymmetric_BB_contact_survival,antisymmetric_nac_bb,Any 1 antisymmetric NAC BB,chain_pair,all,largest_cluster,1334000.0,0.00031816251912902653,0.00016400981009953206,1934.4791075070375,9347.442116882818,7052.98641091508,0.8,8.0,100.0,61,95,3
G2_Wcluster_alhx700,$\mathrm{Hel}_{50}$,NAC_antisymmetric_BB_contact_survival,antisymmetric_nac_bb,Any 1 antisymmetric NAC BB,chain_pair,all,largest_cluster,1335000.0,0.00031816251912902653,0.00016400981009953206,1934.4791075070375,9347.442116882818,7052.98641091508,0.8,8.0,100.0,61,95,3
G2_Wcluster_alhx700,$\mathrm{Hel}_{50}$,NAC_antisymmetric_BB_contact_survival,antisymmetric_nac_bb,Any 1 antisymmetric NAC BB,chain_pair,all,largest_cluster,1336000.0,0.00031816251912902653,0.00016400981009953206,1934.4791075070375,9347.442116882818,7052.98641091508,0.8,8.0,100.0,61,95,3
G2_Wcluster_alhx700,$\mathrm{Hel}_{50}$,NAC_antisymmetric_BB_contact_survival,antisymmetric_nac_bb,Any 1 antisymmetric NAC BB,chain_pair,all,largest_cluster,1337000.0,0.00031816251912902653,0.00016400981009953206,1934.4791075070375,9347.442116882818,7052.98641091508,0.8,8.0,100.0,61,95,3
G2_Wcluster_alhx700,$\mathrm{Hel}_{50}$,NAC_antisymmetric_BB_contact_survival,antisymmetric_nac_bb,Any 1 antisymmetric NAC BB,chain_pair,all,largest_cluster,1338000.0,0.00031816251912902653,0.00016400981009953206,1934.4791075070375,9347.442116882818,7052.98641091508,0.8,8.0,100.0,61,95,3
G2_Wcluster_alhx700,$\mathrm{Hel}_{50}$,NAC_antisymmetric_BB_contact_survival,antisymmetric_nac_bb,Any 1 antisymmetric NAC BB,chain_pair,all,largest_cluster,1339000.0,0.00031816251912902653,0.00016400981009953206,1934.4791075070375,9347.442116882818,7052.98641091508,0.8,8.0,100.0,61,95,3
G2_Wcluster_alhx700,$\mathrm{Hel}_{50}$,NAC_antisymmetric_BB_contact_survival,antisymmetric_nac_bb,Any 1 antisymmetric NAC BB,chain_pair,all,largest_cluster,1340000.0,0.00031816251912902653,0.00016400981009953206,1934.4791075070375,9347.442116882818,7052.98641091508,0.8,8.0,100.0,61,95,3
G2_Wcluster_alhx700,$\mathrm{Hel}_{50}$,NAC_antisymmetric_BB_contact_survival,antisymmetric_nac_bb,Any 1 antisymmetric NAC BB,chain_pair,all,largest_cluster,1341000.0,0.00031816251912902653,0.00016400981009953206,1934.4791075070375,9347.442116882818,7052.98641091508,0.8,8.0,100.0,61,95,3
G2_Wcluster_alhx700,$\mathrm{Hel}_{50}$,NAC_antisymmetric_BB_contact_survival,antisymmetric_nac_bb,Any 1 antisymmetric NAC BB,chain_pair,all,largest_cluster,1342000.0,0.00031816251912902653,0.00016400981009953206,1934.4791075070375,9347.442116882818,7052.98641091508,0.8,8.0,100.0,61,95,3
G2_Wcluster_alhx700,$\mathrm{Hel}_{50}$,NAC_antisymmetric_BB_contact_survival,antisymmetric_nac_bb,Any 1 antisymmetric NAC BB,chain_pair,all,largest_cluster,1343000.0,0.00031816251912902653,0.00016400981009953206,1934.4791075070375,9347.442116882818,7052.98641091508,0.8,8.0,100.0,61,95,3
G2_Wcluster_alhx700,$\mathrm{Hel}_{50}$,NAC_antisymmetric_BB_contact_survival,antisymmetric_nac_bb,Any 1 antisymmetric NAC BB,chain_pair,all,largest_cluster,1344000.0,0.00031816251912902653,0.00016400981009953206,1934.4791075070375,9347.442116882818,7052.98641091508,0.8,8.0,100.0,61,95,3
G2_Wcluster_alhx700,$\mathrm{Hel}_{50}$,NAC_antisymmetric_BB_contact_survival,antisymmetric_nac_bb,Any 1 antisymmetric NAC BB,chain_pair,all,largest_cluster,1345000.0,0.00031816251912902653,0.00016400981009953206,1934.4791075070375,9347.442116882818,7052.98641091508,0.8,8.0,100.0,61,95,3
G2_Wcluster_alhx700,$\mathrm{Hel}_{50}$,NAC_antisymmetric_BB_contact_survival,antisymmetric_nac_bb,Any 1 antisymmetric NAC BB,chain_pair,all,largest_cluster,1346000.0,0.00031816251912902653,0.00016400981009953206,1934.4791075070375,9347.442116882818,7052.98641091508,0.8,8.0,100.0,61,95,3
G2_Wcluster_alhx700,$\mathrm{Hel}_{50}$,NAC_antisymmetric_BB_contact_survival,antisymmetric_nac_bb,Any 1 antisymmetric NAC BB,chain_pair,all,largest_cluster,1347000.0,0.00031816251912902653,0.00016400981009953206,1934.4791075070375,9347.442116882818,7052.98641091508,0.8,8.0,100.0,61,95,3
G2_Wcluster_alhx700,$\mathrm{Hel}_{50}$,NAC_antisymmetric_BB_contact_survival,antisymmetric_nac_bb,Any 1 antisymmetric NAC BB,chain_pair,all,largest_cluster,1348000.0,0.00031816251912902653,0.00016400981009953206,1934.4791075070375,9347.442116882818,7052.98641091508,0.8,8.0,100.0,61,95,3
G2_Wcluster_alhx700,$\mathrm{Hel}_{50}$,NAC_antisymmetric_BB_contact_survival,antisymmetric_nac_bb,Any 1 antisymmetric NAC BB,chain_pair,all,largest_cluster,1349000.0,0.00031816251912902653,0.00016400981009953206,1934.4791075070375,9347.442116882818,7052.98641091508,0.8,8.0,100.0,61,95,3
G2_Wcluster_alhx700,$\mathrm{Hel}_{50}$,NAC_antisymmetric_BB_contact_survival,antisymmetric_nac_bb,Any 1 antisymmetric NAC BB,chain_pair,all,largest_cluster,1350000.0,0.00031816251912902653,0.00016400981009953206,1934.4791075070375,9347.442116882818,7052.98641091508,0.8,8.0,100.0,61,95,3
G2_Wcluster_alhx700,$\mathrm{Hel}_{50}$,NAC_antisymmetric_BB_contact_survival,antisymmetric_nac_bb,Any 1 antisymmetric NAC BB,chain_pair,all,largest_cluster,1351000.0,0.00031816251912902653,0.00016400981009953206,1934.4791075070375,9347.442116882818,7052.98641091508,0.8,8.0,100.0,61,95,3
G2_Wcluster_alhx700,$\mathrm{Hel}_{50}$,NAC_antisymmetric_BB_contact_survival,antisymmetric_nac_bb,Any 1 antisymmetric NAC BB,chain_pair,all,largest_cluster,1352000.0,0.00031816251912902653,0.00016400981009953206,1934.4791075070375,9347.442116882818,7052.98641091508,0.8,8.0,100.0,61,95,3
G2_Wcluster_alhx700,$\mathrm{Hel}_{50}$,NAC_antisymmetric_BB_contact_survival,antisymmetric_nac_bb,Any 1 antisymmetric NAC BB,chain_pair,all,largest_cluster,1353000.0,0.00031816251912902653,0.00016400981009953206,1934.4791075070375,9347.442116882818,7052.98641091508,0.8,8.0,100.0,61,95,3
G2_Wcluster_alhx700,$\mathrm{Hel}_{50}$,NAC_antisymmetric_BB_contact_survival,antisymmetric_nac_bb,Any 1 antisymmetric NAC BB,chain_pair,all,largest_cluster,1354000.0,0.00031816251912902653,0.00016400981009953206,1934.4791075070375,9347.442116882818,7052.98641091508,0.8,8.0,100.0,61,95,3
G2_Wcluster_alhx700,$\mathrm{Hel}_{50}$,NAC_antisymmetric_BB_contact_survival,antisymmetric_nac_bb,Any 1 antisymmetric NAC BB,chain_pair,all,largest_cluster,1355000.0,0.00031816251912902653,0.00016400981009953206,1934.4791075070375,9347.442116882818,7052.98641091508,0.8,8.0,100.0,61,95,3
G2_Wcluster_alhx700,$\mathrm{Hel}_{50}$,NAC_antisymmetric_BB_contact_survival,antisymmetric_nac_bb,Any 1 antisymmetric NAC BB,chain_pair,all,largest_cluster,1356000.0,0.00031816251912902653,0.00016400981009953206,1934.4791075070375,9347.442116882818,7052.98641091508,0.8,8.0,100.0,61,95,3
G2_Wcluster_alhx700,$\mathrm{Hel}_{50}$,NAC_antisymmetric_BB_contact_survival,antisymmetric_nac_bb,Any 1 antisymmetric NAC BB,chain_pair,all,largest_cluster,1357000.0,0.00031816251912902653,0.00016400981009953206,1934.4791075070375,9347.442116882818,7052.98641091508,0.8,8.0,100.0,61,95,3
G2_Wcluster_alhx700,$\mathrm{Hel}_{50}$,NAC_antisymmetric_BB_contact_survival,antisymmetric_nac_bb,Any 1 antisymmetric NAC BB,chain_pair,all,largest_cluster,1358000.0,0.00031816251912902653,0.00016400981009953206,1934.4791075070375,9347.442116882818,7052.98641091508,0.8,8.0,100.0,61,95,3
G2_Wcluster_alhx700,$\mathrm{Hel}_{50}$,NAC_antisymmetric_BB_contact_survival,antisymmetric_nac_bb,Any 1 antisymmetric NAC BB,chain_pair,all,largest_cluster,1359000.0,0.00031816251912902653,0.00016400981009953206,1934.4791075070375,9347.442116882818,7052.98641091508,0.8,8.0,100.0,61,95,3
G2_Wcluster_alhx700,$\mathrm{Hel}_{50}$,NAC_antisymmetric_BB_contact_survival,antisymmetric_nac_bb,Any 1 antisymmetric NAC BB,chain_pair,all,largest_cluster,1360000.0,0.00031816251912902653,0.00016400981009953206,1934.4791075070375,9347.442116882818,7052.98641091508,0.8,8.0,100.0,61,95,3
G2_Wcluster_alhx700,$\mathrm{Hel}_{50}$,NAC_antisymmetric_BB_contact_survival,antisymmetric_nac_bb,Any 1 antisymmetric NAC BB,chain_pair,all,largest_cluster,1361000.0,0.00031816251912902653,0.00016400981009953206,1934.4791075070375,9347.442116882818,7052.98641091508,0.8,8.0,100.0,61,95,3
G2_Wcluster_alhx700,$\mathrm{Hel}_{50}$,NAC_antisymmetric_BB_contact_survival,antisymmetric_nac_bb,Any 1 antisymmetric NAC BB,chain_pair,all,largest_cluster,1362000.0,0.00031816251912902653,0.00016400981009953206,1934.4791075070375,9347.442116882818,7052.98641091508,0.8,8.0,100.0,61,95,3
G2_Wcluster_alhx700,$\mathrm{Hel}_{50}$,NAC_antisymmetric_BB_contact_survival,antisymmetric_nac_bb,Any 1 antisymmetric NAC BB,chain_pair,all,largest_cluster,1363000.0,0.00031816251912902653,0.00016400981009953206,1934.4791075070375,9347.442116882818,7052.98641091508,0.8,8.0,100.0,61,95,3
G2_Wcluster_alhx700,$\mathrm{Hel}_{50}$,NAC_antisymmetric_BB_contact_survival,antisymmetric_nac_bb,Any 1 antisymmetric NAC BB,chain_pair,all,largest_cluster,1364000.0,0.00031816251912902653,0.00016400981009953206,1934.4791075070375,9347.442116882818,7052.98641091508,0.8,8.0,100.0,61,95,3
G2_Wcluster_alhx700,$\mathrm{Hel}_{50}$,NAC_antisymmetric_BB_contact_survival,antisymmetric_nac_bb,Any 1 antisymmetric NAC BB,chain_pair,all,largest_cluster,1365000.0,0.00031816251912902653,0.00016400981009953206,1934.4791075070375,9347.442116882818,7052.98641091508,0.8,8.0,100.0,61,95,3
G2_Wcluster_alhx700,$\mathrm{Hel}_{50}$,NAC_antisymmetric_BB_contact_survival,antisymmetric_nac_bb,Any 1 antisymmetric NAC BB,chain_pair,all,largest_cluster,1366000.0,0.00031816251912902653,0.00016400981009953206,1934.4791075070375,9347.442116882818,7052.98641091508,0.8,8.0,100.0,61,95,3
G2_Wcluster_alhx700,$\mathrm{Hel}_{50}$,NAC_antisymmetric_BB_contact_survival,antisymmetric_nac_bb,Any 1 antisymmetric NAC BB,chain_pair,all,largest_cluster,1367000.0,0.00031816251912902653,0.00016400981009953206,1934.4791075070375,9347.442116882818,7052.98641091508,0.8,8.0,100.0,61,95,3
G2_Wcluster_alhx700,$\mathrm{Hel}_{50}$,NAC_antisymmetric_BB_contact_survival,antisymmetric_nac_bb,Any 1 antisymmetric NAC BB,chain_pair,all,largest_cluster,1368000.0,0.00031816251912902653,0.00016400981009953206,1934.4791075070375,9347.442116882818,7052.98641091508,0.8,8.0,100.0,61,95,3
G2_Wcluster_alhx700,$\mathrm{Hel}_{50}$,NAC_antisymmetric_BB_contact_survival,antisymmetric_nac_bb,Any 1 antisymmetric NAC BB,chain_pair,all,largest_cluster,1369000.0,0.00031816251912902653,0.00016400981009953206,1934.4791075070375,9347.442116882818,7052.98641091508,0.8,8.0,100.0,61,95,3
G2_Wcluster_alhx700,$\mathrm{Hel}_{50}$,NAC_antisymmetric_BB_contact_survival,antisymmetric_nac_bb,Any 1 antisymmetric NAC BB,chain_pair,all,largest_cluster,1370000.0,0.00031816251912902653,0.00016400981009953206,1934.4791075070375,9347.442116882818,7052.98641091508,0.8,8.0,100.0,61,95,3
G2_Wcluster_alhx700,$\mathrm{Hel}_{50}$,NAC_antisymmetric_BB_contact_survival,antisymmetric_nac_bb,Any 1 antisymmetric NAC BB,chain_pair,all,largest_cluster,1371000.0,0.00031816251912902653,0.00016400981009953206,1934.4791075070375,9347.442116882818,7052.98641091508,0.8,8.0,100.0,61,95,3
G2_Wcluster_alhx700,$\mathrm{Hel}_{50}$,NAC_antisymmetric_BB_contact_survival,antisymmetric_nac_bb,Any 1 antisymmetric NAC BB,chain_pair,all,largest_cluster,1372000.0,0.00031816251912902653,0.00016400981009953206,1934.4791075070375,9347.442116882818,7052.98641091508,0.8,8.0,100.0,61,95,3
G2_Wcluster_alhx700,$\mathrm{Hel}_{50}$,NAC_antisymmetric_BB_contact_survival,antisymmetric_nac_bb,Any 1 antisymmetric NAC BB,chain_pair,all,largest_cluster,1373000.0,0.00031816251912902653,0.00016400981009953206,1934.4791075070375,9347.442116882818,7052.98641091508,0.8,8.0,100.0,61,95,3
G2_Wcluster_alhx700,$\mathrm{Hel}_{50}$,NAC_antisymmetric_BB_contact_survival,antisymmetric_nac_bb,Any 1 antisymmetric NAC BB,chain_pair,all,largest_cluster,1374000.0,0.00031816251912902653,0.00016400981009953206,1934.4791075070375,9347.442116882818,7052.98641091508,0.8,8.0,100.0,61,95,3
G2_Wcluster_alhx700,$\mathrm{Hel}_{50}$,NAC_antisymmetric_BB_contact_survival,antisymmetric_nac_bb,Any 1 antisymmetric NAC BB,chain_pair,all,largest_cluster,1375000.0,0.00031816251912902653,0.00016400981009953206,1934.4791075070375,9347.442116882818,7052.98641091508,0.8,8.0,100.0,61,95,3
G2_Wcluster_alhx700,$\mathrm{Hel}_{50}$,NAC_antisymmetric_BB_contact_survival,antisymmetric_nac_bb,Any 1 antisymmetric NAC BB,chain_pair,all,largest_cluster,1376000.0,0.00031816251912902653,0.00016400981009953206,1934.4791075070375,9347.442116882818,7052.98641091508,0.8,8.0,100.0,61,95,3
G2_Wcluster_alhx700,$\mathrm{Hel}_{50}$,NAC_antisymmetric_BB_contact_survival,antisymmetric_nac_bb,Any 1 antisymmetric NAC BB,chain_pair,all,largest_cluster,1377000.0,0.00031816251912902653,0.00016400981009953206,1934.4791075070375,9347.442116882818,7052.98641091508,0.8,8.0,100.0,61,95,3
G2_Wcluster_alhx700,$\mathrm{Hel}_{50}$,NAC_antisymmetric_BB_contact_survival,antisymmetric_nac_bb,Any 1 antisymmetric NAC BB,chain_pair,all,largest_cluster,1378000.0,0.00031816251912902653,0.00016400981009953206,1934.4791075070375,9347.442116882818,7052.98641091508,0.8,8.0,100.0,61,95,3
G2_Wcluster_alhx700,$\mathrm{Hel}_{50}$,NAC_antisymmetric_BB_contact_survival,antisymmetric_nac_bb,Any 1 antisymmetric NAC BB,chain_pair,all,largest_cluster,1379000.0,0.00031816251912902653,0.00016400981009953206,1934.4791075070375,9347.442116882818,7052.98641091508,0.8,8.0,100.0,61,95,3
G2_Wcluster_alhx700,$\mathrm{Hel}_{50}$,NAC_antisymmetric_BB_contact_survival,antisymmetric_nac_bb,Any 1 antisymmetric NAC BB,chain_pair,all,largest_cluster,1380000.0,0.00031816251912902653,0.00016400981009953206,1934.4791075070375,9347.442116882818,7052.98641091508,0.8,8.0,100.0,61,95,3
G2_Wcluster_alhx700,$\mathrm{Hel}_{50}$,NAC_antisymmetric_BB_contact_survival,antisymmetric_nac_bb,Any 1 antisymmetric NAC BB,chain_pair,all,largest_cluster,1381000.0,0.00031816251912902653,0.00016400981009953206,1934.4791075070375,9347.442116882818,7052.98641091508,0.8,8.0,100.0,61,95,3
G2_Wcluster_alhx700,$\mathrm{Hel}_{50}$,NAC_antisymmetric_BB_contact_survival,antisymmetric_nac_bb,Any 1 antisymmetric NAC BB,chain_pair,all,largest_cluster,1382000.0,0.00031816251912902653,0.00016400981009953206,1934.4791075070375,9347.442116882818,7052.98641091508,0.8,8.0,100.0,61,95,3
G2_Wcluster_alhx700,$\mathrm{Hel}_{50}$,NAC_antisymmetric_BB_contact_survival,antisymmetric_nac_bb,Any 1 antisymmetric NAC BB,chain_pair,all,largest_cluster,1383000.0,0.00031816251912902653,0.00016400981009953206,1934.4791075070375,9347.442116882818,7052.98641091508,0.8,8.0,100.0,61,95,3
G2_Wcluster_alhx700,$\mathrm{Hel}_{50}$,NAC_antisymmetric_BB_contact_survival,antisymmetric_nac_bb,Any 1 antisymmetric NAC BB,chain_pair,all,largest_cluster,1384000.0,0.00031816251912902653,0.00016400981009953206,1934.4791075070375,9347.442116882818,7052.98641091508,0.8,8.0,100.0,61,95,3
G2_Wcluster_alhx700,$\mathrm{Hel}_{50}$,NAC_antisymmetric_BB_contact_survival,antisymmetric_nac_bb,Any 1 antisymmetric NAC BB,chain_pair,all,largest_cluster,1385000.0,0.00031816251912902653,0.00016400981009953206,1934.4791075070375,9347.442116882818,7052.98641091508,0.8,8.0,100.0,61,95,3
G2_Wcluster_alhx700,$\mathrm{Hel}_{50}$,NAC_antisymmetric_BB_contact_survival,antisymmetric_nac_bb,Any 1 antisymmetric NAC BB,chain_pair,all,largest_cluster,1386000.0,0.00031816251912902653,0.00016400981009953206,1934.4791075070375,9347.442116882818,7052.98641091508,0.8,8.0,100.0,61,95,3
G2_Wcluster_alhx700,$\mathrm{Hel}_{50}$,NAC_antisymmetric_BB_contact_survival,antisymmetric_nac_bb,Any 1 antisymmetric NAC BB,chain_pair,all,largest_cluster,1387000.0,0.00031816251912902653,0.00016400981009953206,1934.4791075070375,9347.442116882818,7052.98641091508,0.8,8.0,100.0,61,95,3
G2_Wcluster_alhx700,$\mathrm{Hel}_{50}$,NAC_antisymmetric_BB_contact_survival,antisymmetric_nac_bb,Any 1 antisymmetric NAC BB,chain_pair,all,largest_cluster,1388000.0,0.00031816251912902653,0.00016400981009953206,1934.4791075070375,9347.442116882818,7052.98641091508,0.8,8.0,100.0,61,95,3
G2_Wcluster_alhx700,$\mathrm{Hel}_{50}$,NAC_antisymmetric_BB_contact_survival,antisymmetric_nac_bb,Any 1 antisymmetric NAC BB,chain_pair,all,largest_cluster,1389000.0,0.00031816251912902653,0.00016400981009953206,1934.4791075070375,9347.442116882818,7052.98641091508,0.8,8.0,100.0,61,95,3
G2_Wcluster_alhx700,$\mathrm{Hel}_{50}$,NAC_antisymmetric_BB_contact_survival,antisymmetric_nac_bb,Any 1 antisymmetric NAC BB,chain_pair,all,largest_cluster,1390000.0,0.00031816251912902653,0.00016400981009953206,1934.4791075070375,9347.442116882818,7052.98641091508,0.8,8.0,100.0,61,95,3
G2_Wcluster_alhx700,$\mathrm{Hel}_{50}$,NAC_antisymmetric_BB_contact_survival,antisymmetric_nac_bb,Any 1 antisymmetric NAC BB,chain_pair,all,largest_cluster,1391000.0,0.00031816251912902653,0.00016400981009953206,1934.4791075070375,9347.442116882818,7052.98641091508,0.8,8.0,100.0,61,95,3
G2_Wcluster_alhx700,$\mathrm{Hel}_{50}$,NAC_antisymmetric_BB_contact_survival,antisymmetric_nac_bb,Any 1 antisymmetric NAC BB,chain_pair,all,largest_cluster,1392000.0,0.00031816251912902653,0.00016400981009953206,1934.4791075070375,9347.442116882818,7052.98641091508,0.8,8.0,100.0,61,95,3
G2_Wcluster_alhx700,$\mathrm{Hel}_{50}$,NAC_antisymmetric_BB_contact_survival,antisymmetric_nac_bb,Any 1 antisymmetric NAC BB,chain_pair,all,largest_cluster,1393000.0,0.00031816251912902653,0.00016400981009953206,1934.4791075070375,9347.442116882818,7052.98641091508,0.8,8.0,100.0,61,95,3
G2_Wcluster_alhx700,$\mathrm{Hel}_{50}$,NAC_antisymmetric_BB_contact_survival,antisymmetric_nac_bb,Any 1 antisymmetric NAC BB,chain_pair,all,largest_cluster,1394000.0,0.00031816251912902653,0.00016400981009953206,1934.4791075070375,9347.442116882818,7052.98641091508,0.8,8.0,100.0,61,95,3
G2_Wcluster_alhx700,$\mathrm{Hel}_{50}$,NAC_antisymmetric_BB_contact_survival,antisymmetric_nac_bb,Any 1 antisymmetric NAC BB,chain_pair,all,largest_cluster,1395000.0,0.00031816251912902653,0.00016400981009953206,1934.4791075070375,9347.442116882818,7052.98641091508,0.8,8.0,100.0,61,95,3
G2_Wcluster_alhx700,$\mathrm{Hel}_{50}$,NAC_antisymmetric_BB_contact_survival,antisymmetric_nac_bb,Any 1 antisymmetric NAC BB,chain_pair,all,largest_cluster,1396000.0,0.00031816251912902653,0.00016400981009953206,1934.4791075070375,9347.442116882818,7052.98641091508,0.8,8.0,100.0,61,95,3
G2_Wcluster_alhx700,$\mathrm{Hel}_{50}$,NAC_antisymmetric_BB_contact_survival,antisymmetric_nac_bb,Any 1 antisymmetric NAC BB,chain_pair,all,largest_cluster,1397000.0,0.00031816251912902653,0.00016400981009953206,1934.4791075070375,9347.442116882818,7052.98641091508,0.8,8.0,100.0,61,95,3
G2_Wcluster_alhx700,$\mathrm{Hel}_{50}$,NAC_antisymmetric_BB_contact_survival,antisymmetric_nac_bb,Any 1 antisymmetric NAC BB,chain_pair,all,largest_cluster,1398000.0,0.00031816251912902653,0.00016400981009953206,1934.4791075070375,9347.442116882818,7052.98641091508,0.8,8.0,100.0,61,95,3
G2_Wcluster_alhx700,$\mathrm{Hel}_{50}$,NAC_antisymmetric_BB_contact_survival,antisymmetric_nac_bb,Any 1 antisymmetric NAC BB,chain_pair,all,largest_cluster,1399000.0,0.00031816251912902653,0.00016400981009953206,1934.4791075070375,9347.442116882818,7052.98641091508,0.8,8.0,100.0,61,95,3
G2_Wcluster_alhx700,$\mathrm{Hel}_{50}$,NAC_antisymmetric_BB_contact_survival,antisymmetric_nac_bb,Any 1 antisymmetric NAC BB,chain_pair,all,largest_cluster,1400000.0,0.00031816251912902653,0.00016400981009953206,1934.4791075070375,9347.442116882818,7052.98641091508,0.8,8.0,100.0,61,95,3
G2_Wcluster_alhx700,$\mathrm{Hel}_{50}$,NAC_antisymmetric_BB_contact_survival,antisymmetric_nac_bb,Any 1 antisymmetric NAC BB,chain_pair,all,largest_cluster,1401000.0,0.00031816251912902653,0.00016400981009953206,1934.4791075070375,9347.442116882818,7052.98641091508,0.8,8.0,100.0,61,95,3
G2_Wcluster_alhx700,$\mathrm{Hel}_{50}$,NAC_antisymmetric_BB_contact_survival,antisymmetric_nac_bb,Any 1 antisymmetric NAC BB,chain_pair,all,largest_cluster,1402000.0,0.00031816251912902653,0.00016400981009953206,1934.4791075070375,9347.442116882818,7052.98641091508,0.8,8.0,100.0,61,95,3
G2_Wcluster_alhx700,$\mathrm{Hel}_{50}$,NAC_antisymmetric_BB_contact_survival,antisymmetric_nac_bb,Any 1 antisymmetric NAC BB,chain_pair,all,largest_cluster,1403000.0,0.00031816251912902653,0.00016400981009953206,1934.4791075070375,9347.442116882818,7052.98641091508,0.8,8.0,100.0,61,95,3
G2_Wcluster_alhx700,$\mathrm{Hel}_{50}$,NAC_antisymmetric_BB_contact_survival,antisymmetric_nac_bb,Any 1 antisymmetric NAC BB,chain_pair,all,largest_cluster,1404000.0,0.00031816251912902653,0.00016400981009953206,1934.4791075070375,9347.442116882818,7052.98641091508,0.8,8.0,100.0,61,95,3
G2_Wcluster_alhx700,$\mathrm{Hel}_{50}$,NAC_antisymmetric_BB_contact_survival,antisymmetric_nac_bb,Any 1 antisymmetric NAC BB,chain_pair,all,largest_cluster,1405000.0,0.00031816251912902653,0.00016400981009953206,1934.4791075070375,9347.442116882818,7052.98641091508,0.8,8.0,100.0,61,95,3
G2_Wcluster_alhx700,$\mathrm{Hel}_{50}$,NAC_antisymmetric_BB_contact_survival,antisymmetric_nac_bb,Any 1 antisymmetric NAC BB,chain_pair,all,largest_cluster,1406000.0,0.00031816251912902653,0.00016400981009953206,1934.4791075070375,9347.442116882818,7052.98641091508,0.8,8.0,100.0,61,95,3
G2_Wcluster_alhx700,$\mathrm{Hel}_{50}$,NAC_antisymmetric_BB_contact_survival,antisymmetric_nac_bb,Any 1 antisymmetric NAC BB,chain_pair,all,largest_cluster,1407000.0,0.00031816251912902653,0.00016400981009953206,1934.4791075070375,9347.442116882818,7052.98641091508,0.8,8.0,100.0,61,95,3
G2_Wcluster_alhx700,$\mathrm{Hel}_{50}$,NAC_antisymmetric_BB_contact_survival,antisymmetric_nac_bb,Any 1 antisymmetric NAC BB,chain_pair,all,largest_cluster,1408000.0,0.00031816251912902653,0.00016400981009953206,1934.4791075070375,9347.442116882818,7052.98641091508,0.8,8.0,100.0,61,95,3
G2_Wcluster_alhx700,$\mathrm{Hel}_{50}$,NAC_antisymmetric_BB_contact_survival,antisymmetric_nac_bb,Any 1 antisymmetric NAC BB,chain_pair,all,largest_cluster,1409000.0,0.00031816251912902653,0.00016400981009953206,1934.4791075070375,9347.442116882818,7052.98641091508,0.8,8.0,100.0,61,95,3
G2_Wcluster_alhx700,$\mathrm{Hel}_{50}$,NAC_antisymmetric_BB_contact_survival,antisymmetric_nac_bb,Any 1 antisymmetric NAC BB,chain_pair,all,largest_cluster,1410000.0,0.00031816251912902653,0.00016400981009953206,1934.4791075070375,9347.442116882818,7052.98641091508,0.8,8.0,100.0,61,95,3
G2_Wcluster_alhx700,$\mathrm{Hel}_{50}$,NAC_antisymmetric_BB_contact_survival,antisymmetric_nac_bb,Any 1 antisymmetric NAC BB,chain_pair,all,largest_cluster,1411000.0,0.00031816251912902653,0.00016400981009953206,1934.4791075070375,9347.442116882818,7052.98641091508,0.8,8.0,100.0,61,95,3
G2_Wcluster_alhx700,$\mathrm{Hel}_{50}$,NAC_antisymmetric_BB_contact_survival,antisymmetric_nac_bb,Any 1 antisymmetric NAC BB,chain_pair,all,largest_cluster,1412000.0,0.00031816251912902653,0.00016400981009953206,1934.4791075070375,9347.442116882818,7052.98641091508,0.8,8.0,100.0,61,95,3
G2_Wcluster_alhx700,$\mathrm{Hel}_{50}$,NAC_antisymmetric_BB_contact_survival,antisymmetric_nac_bb,Any 1 antisymmetric NAC BB,chain_pair,all,largest_cluster,1413000.0,0.00031816251912902653,0.00016400981009953206,1934.4791075070375,9347.442116882818,7052.98641091508,0.8,8.0,100.0,61,95,3
G2_Wcluster_alhx700,$\mathrm{Hel}_{50}$,NAC_antisymmetric_BB_contact_survival,antisymmetric_nac_bb,Any 1 antisymmetric NAC BB,chain_pair,all,largest_cluster,1414000.0,0.00031816251912902653,0.00016400981009953206,1934.4791075070375,9347.442116882818,7052.98641091508,0.8,8.0,100.0,61,95,3
G2_Wcluster_alhx700,$\mathrm{Hel}_{50}$,NAC_antisymmetric_BB_contact_survival,antisymmetric_nac_bb,Any 1 antisymmetric NAC BB,chain_pair,all,largest_cluster,1415000.0,0.00031816251912902653,0.00016400981009953206,1934.4791075070375,9347.442116882818,7052.98641091508,0.8,8.0,100.0,61,95,3
G2_Wcluster_alhx700,$\mathrm{Hel}_{50}$,NAC_antisymmetric_BB_contact_survival,antisymmetric_nac_bb,Any 1 antisymmetric NAC BB,chain_pair,all,largest_cluster,1416000.0,0.00031816251912902653,0.00016400981009953206,1934.4791075070375,9347.442116882818,7052.98641091508,0.8,8.0,100.0,61,95,3
G2_Wcluster_alhx700,$\mathrm{Hel}_{50}$,NAC_antisymmetric_BB_contact_survival,antisymmetric_nac_bb,Any 1 antisymmetric NAC BB,chain_pair,all,largest_cluster,1417000.0,0.00031816251912902653,0.00016400981009953206,1934.4791075070375,9347.442116882818,7052.98641091508,0.8,8.0,100.0,61,95,3
G2_Wcluster_alhx700,$\mathrm{Hel}_{50}$,NAC_antisymmetric_BB_contact_survival,antisymmetric_nac_bb,Any 1 antisymmetric NAC BB,chain_pair,all,largest_cluster,1418000.0,0.00031816251912902653,0.00016400981009953206,1934.4791075070375,9347.442116882818,7052.98641091508,0.8,8.0,100.0,61,95,3
G2_Wcluster_alhx700,$\mathrm{Hel}_{50}$,NAC_antisymmetric_BB_contact_survival,antisymmetric_nac_bb,Any 1 antisymmetric NAC BB,chain_pair,all,largest_cluster,1419000.0,0.00031816251912902653,0.00016400981009953206,1934.4791075070375,9347.442116882818,7052.98641091508,0.8,8.0,100.0,61,95,3
G2_Wcluster_alhx700,$\mathrm{Hel}_{50}$,NAC_antisymmetric_BB_contact_survival,antisymmetric_nac_bb,Any 1 antisymmetric NAC BB,chain_pair,all,largest_cluster,1420000.0,0.00031816251912902653,0.00016400981009953206,1934.4791075070375,9347.442116882818,7052.98641091508,0.8,8.0,100.0,61,95,3
G2_Wcluster_alhx700,$\mathrm{Hel}_{50}$,NAC_antisymmetric_BB_contact_survival,antisymmetric_nac_bb,Any 1 antisymmetric NAC BB,chain_pair,all,largest_cluster,1421000.0,0.00031816251912902653,0.00016400981009953206,1934.4791075070375,9347.442116882818,7052.98641091508,0.8,8.0,100.0,61,95,3
G2_Wcluster_alhx700,$\mathrm{Hel}_{50}$,NAC_antisymmetric_BB_contact_survival,antisymmetric_nac_bb,Any 1 antisymmetric NAC BB,chain_pair,all,largest_cluster,1422000.0,0.00031816251912902653,0.00016400981009953206,1934.4791075070375,9347.442116882818,7052.98641091508,0.8,8.0,100.0,61,95,3
G2_Wcluster_alhx700,$\mathrm{Hel}_{50}$,NAC_antisymmetric_BB_contact_survival,antisymmetric_nac_bb,Any 1 antisymmetric NAC BB,chain_pair,all,largest_cluster,1423000.0,0.00031816251912902653,0.00016400981009953206,1934.4791075070375,9347.442116882818,7052.98641091508,0.8,8.0,100.0,61,95,3
G2_Wcluster_alhx700,$\mathrm{Hel}_{50}$,NAC_antisymmetric_BB_contact_survival,antisymmetric_nac_bb,Any 1 antisymmetric NAC BB,chain_pair,all,largest_cluster,1424000.0,0.00031816251912902653,0.00016400981009953206,1934.4791075070375,9347.442116882818,7052.98641091508,0.8,8.0,100.0,61,95,3
G2_Wcluster_alhx700,$\mathrm{Hel}_{50}$,NAC_antisymmetric_BB_contact_survival,antisymmetric_nac_bb,Any 1 antisymmetric NAC BB,chain_pair,all,largest_cluster,1425000.0,0.00031816251912902653,0.00016400981009953206,1934.4791075070375,9347.442116882818,7052.98641091508,0.8,8.0,100.0,61,95,3
G2_Wcluster_alhx700,$\mathrm{Hel}_{50}$,NAC_antisymmetric_BB_contact_survival,antisymmetric_nac_bb,Any 1 antisymmetric NAC BB,chain_pair,all,largest_cluster,1426000.0,0.00031816251912902653,0.00016400981009953206,1934.4791075070375,9347.442116882818,7052.98641091508,0.8,8.0,100.0,61,95,3
G2_Wcluster_alhx700,$\mathrm{Hel}_{50}$,NAC_antisymmetric_BB_contact_survival,antisymmetric_nac_bb,Any 1 antisymmetric NAC BB,chain_pair,all,largest_cluster,1427000.0,0.00031816251912902653,0.00016400981009953206,1934.4791075070375,9347.442116882818,7052.98641091508,0.8,8.0,100.0,61,95,3
G2_Wcluster_alhx700,$\mathrm{Hel}_{50}$,NAC_antisymmetric_BB_contact_survival,antisymmetric_nac_bb,Any 1 antisymmetric NAC BB,chain_pair,all,largest_cluster,1428000.0,0.00031816251912902653,0.00016400981009953206,1934.4791075070375,9347.442116882818,7052.98641091508,0.8,8.0,100.0,61,95,3
G2_Wcluster_alhx700,$\mathrm{Hel}_{50}$,NAC_antisymmetric_BB_contact_survival,antisymmetric_nac_bb,Any 1 antisymmetric NAC BB,chain_pair,all,largest_cluster,1429000.0,0.00031816251912902653,0.00016400981009953206,1934.4791075070375,9347.442116882818,7052.98641091508,0.8,8.0,100.0,61,95,3
G2_Wcluster_alhx700,$\mathrm{Hel}_{50}$,NAC_antisymmetric_BB_contact_survival,antisymmetric_nac_bb,Any 1 antisymmetric NAC BB,chain_pair,all,largest_cluster,1430000.0,0.00031816251912902653,0.00016400981009953206,1934.4791075070375,9347.442116882818,7052.98641091508,0.8,8.0,100.0,61,95,3
G2_Wcluster_alhx700,$\mathrm{Hel}_{50}$,NAC_antisymmetric_BB_contact_survival,antisymmetric_nac_bb,Any 1 antisymmetric NAC BB,chain_pair,all,largest_cluster,1431000.0,0.00031816251912902653,0.00016400981009953206,1934.4791075070375,9347.442116882818,7052.98641091508,0.8,8.0,100.0,61,95,3
G2_Wcluster_alhx700,$\mathrm{Hel}_{50}$,NAC_antisymmetric_BB_contact_survival,antisymmetric_nac_bb,Any 1 antisymmetric NAC BB,chain_pair,all,largest_cluster,1432000.0,0.00031816251912902653,0.00016400981009953206,1934.4791075070375,9347.442116882818,7052.98641091508,0.8,8.0,100.0,61,95,3
G2_Wcluster_alhx700,$\mathrm{Hel}_{50}$,NAC_antisymmetric_BB_contact_survival,antisymmetric_nac_bb,Any 1 antisymmetric NAC BB,chain_pair,all,largest_cluster,1433000.0,0.00031816251912902653,0.00016400981009953206,1934.4791075070375,9347.442116882818,7052.98641091508,0.8,8.0,100.0,61,95,3
G2_Wcluster_alhx700,$\mathrm{Hel}_{50}$,NAC_antisymmetric_BB_contact_survival,antisymmetric_nac_bb,Any 1 antisymmetric NAC BB,chain_pair,all,largest_cluster,1434000.0,0.00031816251912902653,0.00016400981009953206,1934.4791075070375,9347.442116882818,7052.98641091508,0.8,8.0,100.0,61,95,3
G2_Wcluster_alhx700,$\mathrm{Hel}_{50}$,NAC_antisymmetric_BB_contact_survival,antisymmetric_nac_bb,Any 1 antisymmetric NAC BB,chain_pair,all,largest_cluster,1435000.0,0.00031816251912902653,0.00016400981009953206,1934.4791075070375,9347.442116882818,7052.98641091508,0.8,8.0,100.0,61,95,3
G2_Wcluster_alhx700,$\mathrm{Hel}_{50}$,NAC_antisymmetric_BB_contact_survival,antisymmetric_nac_bb,Any 1 antisymmetric NAC BB,chain_pair,all,largest_cluster,1436000.0,0.00031816251912902653,0.00016400981009953206,1934.4791075070375,9347.442116882818,7052.98641091508,0.8,8.0,100.0,61,95,3
G2_Wcluster_alhx700,$\mathrm{Hel}_{50}$,NAC_antisymmetric_BB_contact_survival,antisymmetric_nac_bb,Any 1 antisymmetric NAC BB,chain_pair,all,largest_cluster,1437000.0,0.00031816251912902653,0.00016400981009953206,1934.4791075070375,9347.442116882818,7052.98641091508,0.8,8.0,100.0,61,95,3
G2_Wcluster_alhx700,$\mathrm{Hel}_{50}$,NAC_antisymmetric_BB_contact_survival,antisymmetric_nac_bb,Any 1 antisymmetric NAC BB,chain_pair,all,largest_cluster,1438000.0,0.00031816251912902653,0.00016400981009953206,1934.4791075070375,9347.442116882818,7052.98641091508,0.8,8.0,100.0,61,95,3
G2_Wcluster_alhx700,$\mathrm{Hel}_{50}$,NAC_antisymmetric_BB_contact_survival,antisymmetric_nac_bb,Any 1 antisymmetric NAC BB,chain_pair,all,largest_cluster,1439000.0,0.00031816251912902653,0.00016400981009953206,1934.4791075070375,9347.442116882818,7052.98641091508,0.8,8.0,100.0,61,95,3
G2_Wcluster_alhx700,$\mathrm{Hel}_{50}$,NAC_antisymmetric_BB_contact_survival,antisymmetric_nac_bb,Any 1 antisymmetric NAC BB,chain_pair,all,largest_cluster,1440000.0,0.00031816251912902653,0.00016400981009953206,1934.4791075070375,9347.442116882818,7052.98641091508,0.8,8.0,100.0,61,95,3
G2_Wcluster_alhx700,$\mathrm{Hel}_{50}$,NAC_antisymmetric_BB_contact_survival,antisymmetric_nac_bb,Any 1 antisymmetric NAC BB,chain_pair,all,largest_cluster,1441000.0,0.00031816251912902653,0.00016400981009953206,1934.4791075070375,9347.442116882818,7052.98641091508,0.8,8.0,100.0,61,95,3
G2_Wcluster_alhx700,$\mathrm{Hel}_{50}$,NAC_antisymmetric_BB_contact_survival,antisymmetric_nac_bb,Any 1 antisymmetric NAC BB,chain_pair,all,largest_cluster,1442000.0,0.00031816251912902653,0.00016400981009953206,1934.4791075070375,9347.442116882818,7052.98641091508,0.8,8.0,100.0,61,95,3
G2_Wcluster_alhx700,$\mathrm{Hel}_{50}$,NAC_antisymmetric_BB_contact_survival,antisymmetric_nac_bb,Any 1 antisymmetric NAC BB,chain_pair,all,largest_cluster,1443000.0,0.00031816251912902653,0.00016400981009953206,1934.4791075070375,9347.442116882818,7052.98641091508,0.8,8.0,100.0,61,95,3
G2_Wcluster_alhx700,$\mathrm{Hel}_{50}$,NAC_antisymmetric_BB_contact_survival,antisymmetric_nac_bb,Any 1 antisymmetric NAC BB,chain_pair,all,largest_cluster,1444000.0,0.00031816251912902653,0.00016400981009953206,1934.4791075070375,9347.442116882818,7052.98641091508,0.8,8.0,100.0,61,95,3
G2_Wcluster_alhx700,$\mathrm{Hel}_{50}$,NAC_antisymmetric_BB_contact_survival,antisymmetric_nac_bb,Any 1 antisymmetric NAC BB,chain_pair,all,largest_cluster,1445000.0,0.00031816251912902653,0.00016400981009953206,1934.4791075070375,9347.442116882818,7052.98641091508,0.8,8.0,100.0,61,95,3
G2_Wcluster_alhx700,$\mathrm{Hel}_{50}$,NAC_antisymmetric_BB_contact_survival,antisymmetric_nac_bb,Any 1 antisymmetric NAC BB,chain_pair,all,largest_cluster,1446000.0,0.00031816251912902653,0.00016400981009953206,1934.4791075070375,9347.442116882818,7052.98641091508,0.8,8.0,100.0,61,95,3
G2_Wcluster_alhx700,$\mathrm{Hel}_{50}$,NAC_antisymmetric_BB_contact_survival,antisymmetric_nac_bb,Any 1 antisymmetric NAC BB,chain_pair,all,largest_cluster,1447000.0,0.00031816251912902653,0.00016400981009953206,1934.4791075070375,9347.442116882818,7052.98641091508,0.8,8.0,100.0,61,95,3
G2_Wcluster_alhx700,$\mathrm{Hel}_{50}$,NAC_antisymmetric_BB_contact_survival,antisymmetric_nac_bb,Any 1 antisymmetric NAC BB,chain_pair,all,largest_cluster,1448000.0,0.00031816251912902653,0.00016400981009953206,1934.4791075070375,9347.442116882818,7052.98641091508,0.8,8.0,100.0,61,95,3
G2_Wcluster_alhx700,$\mathrm{Hel}_{50}$,NAC_antisymmetric_BB_contact_survival,antisymmetric_nac_bb,Any 1 antisymmetric NAC BB,chain_pair,all,largest_cluster,1449000.0,0.00031816251912902653,0.00016400981009953206,1934.4791075070375,9347.442116882818,7052.98641091508,0.8,8.0,100.0,61,95,3
G2_Wcluster_alhx700,$\mathrm{Hel}_{50}$,NAC_antisymmetric_BB_contact_survival,antisymmetric_nac_bb,Any 1 antisymmetric NAC BB,chain_pair,all,largest_cluster,1450000.0,0.00031816251912902653,0.00016400981009953206,1934.4791075070375,9347.442116882818,7052.98641091508,0.8,8.0,100.0,61,95,3
G2_Wcluster_alhx700,$\mathrm{Hel}_{50}$,NAC_antisymmetric_BB_contact_survival,antisymmetric_nac_bb,Any 1 antisymmetric NAC BB,chain_pair,all,largest_cluster,1451000.0,0.00031816251912902653,0.00016400981009953206,1934.4791075070375,9347.442116882818,7052.98641091508,0.8,8.0,100.0,61,95,3
G2_Wcluster_alhx700,$\mathrm{Hel}_{50}$,NAC_antisymmetric_BB_contact_survival,antisymmetric_nac_bb,Any 1 antisymmetric NAC BB,chain_pair,all,largest_cluster,1452000.0,0.00031816251912902653,0.00016400981009953206,1934.4791075070375,9347.442116882818,7052.98641091508,0.8,8.0,100.0,61,95,3
G2_Wcluster_alhx700,$\mathrm{Hel}_{50}$,NAC_antisymmetric_BB_contact_survival,antisymmetric_nac_bb,Any 1 antisymmetric NAC BB,chain_pair,all,largest_cluster,1453000.0,0.00031816251912902653,0.00016400981009953206,1934.4791075070375,9347.442116882818,7052.98641091508,0.8,8.0,100.0,61,95,3
G2_Wcluster_alhx700,$\mathrm{Hel}_{50}$,NAC_antisymmetric_BB_contact_survival,antisymmetric_nac_bb,Any 1 antisymmetric NAC BB,chain_pair,all,largest_cluster,1454000.0,0.00031816251912902653,0.00016400981009953206,1934.4791075070375,9347.442116882818,7052.98641091508,0.8,8.0,100.0,61,95,3
G2_Wcluster_alhx700,$\mathrm{Hel}_{50}$,NAC_antisymmetric_BB_contact_survival,antisymmetric_nac_bb,Any 1 antisymmetric NAC BB,chain_pair,all,largest_cluster,1455000.0,0.00031816251912902653,0.00016400981009953206,1934.4791075070375,9347.442116882818,7052.98641091508,0.8,8.0,100.0,61,95,3
G2_Wcluster_alhx700,$\mathrm{Hel}_{50}$,NAC_antisymmetric_BB_contact_survival,antisymmetric_nac_bb,Any 1 antisymmetric NAC BB,chain_pair,all,largest_cluster,1456000.0,0.00031816251912902653,0.00016400981009953206,1934.4791075070375,9347.442116882818,7052.98641091508,0.8,8.0,100.0,61,95,3
G2_Wcluster_alhx700,$\mathrm{Hel}_{50}$,NAC_antisymmetric_BB_contact_survival,antisymmetric_nac_bb,Any 1 antisymmetric NAC BB,chain_pair,all,largest_cluster,1457000.0,0.00031816251912902653,0.00016400981009953206,1934.4791075070375,9347.442116882818,7052.98641091508,0.8,8.0,100.0,61,95,3
G2_Wcluster_alhx700,$\mathrm{Hel}_{50}$,NAC_antisymmetric_BB_contact_survival,antisymmetric_nac_bb,Any 1 antisymmetric NAC BB,chain_pair,all,largest_cluster,1458000.0,0.00031816251912902653,0.00016400981009953206,1934.4791075070375,9347.442116882818,7052.98641091508,0.8,8.0,100.0,61,95,3
G2_Wcluster_alhx700,$\mathrm{Hel}_{50}$,NAC_antisymmetric_BB_contact_survival,antisymmetric_nac_bb,Any 1 antisymmetric NAC BB,chain_pair,all,largest_cluster,1459000.0,0.00031816251912902653,0.00016400981009953206,1934.4791075070375,9347.442116882818,7052.98641091508,0.8,8.0,100.0,61,95,3
G2_Wcluster_alhx700,$\mathrm{Hel}_{50}$,NAC_antisymmetric_BB_contact_survival,antisymmetric_nac_bb,Any 1 antisymmetric NAC BB,chain_pair,all,largest_cluster,1460000.0,0.00031816251912902653,0.00016400981009953206,1934.4791075070375,9347.442116882818,7052.98641091508,0.8,8.0,100.0,61,95,3
G2_Wcluster_alhx700,$\mathrm{Hel}_{50}$,NAC_antisymmetric_BB_contact_survival,antisymmetric_nac_bb,Any 1 antisymmetric NAC BB,chain_pair,all,largest_cluster,1461000.0,0.00031816251912902653,0.00016400981009953206,1934.4791075070375,9347.442116882818,7052.98641091508,0.8,8.0,100.0,61,95,3
G2_Wcluster_alhx700,$\mathrm{Hel}_{50}$,NAC_antisymmetric_BB_contact_survival,antisymmetric_nac_bb,Any 1 antisymmetric NAC BB,chain_pair,all,largest_cluster,1462000.0,0.00031816251912902653,0.00016400981009953206,1934.4791075070375,9347.442116882818,7052.98641091508,0.8,8.0,100.0,61,95,3
G2_Wcluster_alhx700,$\mathrm{Hel}_{50}$,NAC_antisymmetric_BB_contact_survival,antisymmetric_nac_bb,Any 1 antisymmetric NAC BB,chain_pair,all,largest_cluster,1463000.0,0.00031816251912902653,0.00016400981009953206,1934.4791075070375,9347.442116882818,7052.98641091508,0.8,8.0,100.0,61,95,3
G2_Wcluster_alhx700,$\mathrm{Hel}_{50}$,NAC_antisymmetric_BB_contact_survival,antisymmetric_nac_bb,Any 1 antisymmetric NAC BB,chain_pair,all,largest_cluster,1464000.0,0.00025878714803295716,9.09631684169029e-05,1934.4791075070375,9347.442116882818,7052.98641091508,0.8,8.0,100.0,61,95,3
G2_Wcluster_alhx700,$\mathrm{Hel}_{50}$,NAC_antisymmetric_BB_contact_survival,antisymmetric_nac_bb,Any 1 antisymmetric NAC BB,chain_pair,all,largest_cluster,1465000.0,0.00025878714803295716,9.09631684169029e-05,1934.4791075070375,9347.442116882818,7052.98641091508,0.8,8.0,100.0,61,95,3
G2_Wcluster_alhx700,$\mathrm{Hel}_{50}$,NAC_antisymmetric_BB_contact_survival,antisymmetric_nac_bb,Any 1 antisymmetric NAC BB,chain_pair,all,largest_cluster,1466000.0,0.00025878714803295716,9.09631684169029e-05,1934.4791075070375,9347.442116882818,7052.98641091508,0.8,8.0,100.0,61,95,3
G2_Wcluster_alhx700,$\mathrm{Hel}_{50}$,NAC_antisymmetric_BB_contact_survival,antisymmetric_nac_bb,Any 1 antisymmetric NAC BB,chain_pair,all,largest_cluster,1467000.0,0.00025878714803295716,9.09631684169029e-05,1934.4791075070375,9347.442116882818,7052.98641091508,0.8,8.0,100.0,61,95,3
G2_Wcluster_alhx700,$\mathrm{Hel}_{50}$,NAC_antisymmetric_BB_contact_survival,antisymmetric_nac_bb,Any 1 antisymmetric NAC BB,chain_pair,all,largest_cluster,1468000.0,0.00025878714803295716,9.09631684169029e-05,1934.4791075070375,9347.442116882818,7052.98641091508,0.8,8.0,100.0,61,95,3
G2_Wcluster_alhx700,$\mathrm{Hel}_{50}$,NAC_antisymmetric_BB_contact_survival,antisymmetric_nac_bb,Any 1 antisymmetric NAC BB,chain_pair,all,largest_cluster,1469000.0,0.00025878714803295716,9.09631684169029e-05,1934.4791075070375,9347.442116882818,7052.98641091508,0.8,8.0,100.0,61,95,3
G2_Wcluster_alhx700,$\mathrm{Hel}_{50}$,NAC_antisymmetric_BB_contact_survival,antisymmetric_nac_bb,Any 1 antisymmetric NAC BB,chain_pair,all,largest_cluster,1470000.0,0.00025878714803295716,9.09631684169029e-05,1934.4791075070375,9347.442116882818,7052.98641091508,0.8,8.0,100.0,61,95,3
G2_Wcluster_alhx700,$\mathrm{Hel}_{50}$,NAC_antisymmetric_BB_contact_survival,antisymmetric_nac_bb,Any 1 antisymmetric NAC BB,chain_pair,all,largest_cluster,1471000.0,0.00025878714803295716,9.09631684169029e-05,1934.4791075070375,9347.442116882818,7052.98641091508,0.8,8.0,100.0,61,95,3
G2_Wcluster_alhx700,$\mathrm{Hel}_{50}$,NAC_antisymmetric_BB_contact_survival,antisymmetric_nac_bb,Any 1 antisymmetric NAC BB,chain_pair,all,largest_cluster,1472000.0,0.00025878714803295716,9.09631684169029e-05,1934.4791075070375,9347.442116882818,7052.98641091508,0.8,8.0,100.0,61,95,3
G2_Wcluster_alhx700,$\mathrm{Hel}_{50}$,NAC_antisymmetric_BB_contact_survival,antisymmetric_nac_bb,Any 1 antisymmetric NAC BB,chain_pair,all,largest_cluster,1473000.0,0.00025878714803295716,9.09631684169029e-05,1934.4791075070375,9347.442116882818,7052.98641091508,0.8,8.0,100.0,61,95,3
G2_Wcluster_alhx700,$\mathrm{Hel}_{50}$,NAC_antisymmetric_BB_contact_survival,antisymmetric_nac_bb,Any 1 antisymmetric NAC BB,chain_pair,all,largest_cluster,1474000.0,0.00025878714803295716,9.09631684169029e-05,1934.4791075070375,9347.442116882818,7052.98641091508,0.8,8.0,100.0,61,95,3
G2_Wcluster_alhx700,$\mathrm{Hel}_{50}$,NAC_antisymmetric_BB_contact_survival,antisymmetric_nac_bb,Any 1 antisymmetric NAC BB,chain_pair,all,largest_cluster,1475000.0,0.00025878714803295716,9.09631684169029e-05,1934.4791075070375,9347.442116882818,7052.98641091508,0.8,8.0,100.0,61,95,3
G2_Wcluster_alhx700,$\mathrm{Hel}_{50}$,NAC_antisymmetric_BB_contact_survival,antisymmetric_nac_bb,Any 1 antisymmetric NAC BB,chain_pair,all,largest_cluster,1476000.0,0.00025878714803295716,9.09631684169029e-05,1934.4791075070375,9347.442116882818,7052.98641091508,0.8,8.0,100.0,61,95,3
G2_Wcluster_alhx700,$\mathrm{Hel}_{50}$,NAC_antisymmetric_BB_contact_survival,antisymmetric_nac_bb,Any 1 antisymmetric NAC BB,chain_pair,all,largest_cluster,1477000.0,0.00025878714803295716,9.09631684169029e-05,1934.4791075070375,9347.442116882818,7052.98641091508,0.8,8.0,100.0,61,95,3
G2_Wcluster_alhx700,$\mathrm{Hel}_{50}$,NAC_antisymmetric_BB_contact_survival,antisymmetric_nac_bb,Any 1 antisymmetric NAC BB,chain_pair,all,largest_cluster,1478000.0,0.00025878714803295716,9.09631684169029e-05,1934.4791075070375,9347.442116882818,7052.98641091508,0.8,8.0,100.0,61,95,3
G2_Wcluster_alhx700,$\mathrm{Hel}_{50}$,NAC_antisymmetric_BB_contact_survival,antisymmetric_nac_bb,Any 1 antisymmetric NAC BB,chain_pair,all,largest_cluster,1479000.0,0.00025878714803295716,9.09631684169029e-05,1934.4791075070375,9347.442116882818,7052.98641091508,0.8,8.0,100.0,61,95,3
G2_Wcluster_alhx700,$\mathrm{Hel}_{50}$,NAC_antisymmetric_BB_contact_survival,antisymmetric_nac_bb,Any 1 antisymmetric NAC BB,chain_pair,all,largest_cluster,1480000.0,0.00025878714803295716,9.09631684169029e-05,1934.4791075070375,9347.442116882818,7052.98641091508,0.8,8.0,100.0,61,95,3
G2_Wcluster_alhx700,$\mathrm{Hel}_{50}$,NAC_antisymmetric_BB_contact_survival,antisymmetric_nac_bb,Any 1 antisymmetric NAC BB,chain_pair,all,largest_cluster,1481000.0,0.00025878714803295716,9.09631684169029e-05,1934.4791075070375,9347.442116882818,7052.98641091508,0.8,8.0,100.0,61,95,3
G2_Wcluster_alhx700,$\mathrm{Hel}_{50}$,NAC_antisymmetric_BB_contact_survival,antisymmetric_nac_bb,Any 1 antisymmetric NAC BB,chain_pair,all,largest_cluster,1482000.0,0.00025878714803295716,9.09631684169029e-05,1934.4791075070375,9347.442116882818,7052.98641091508,0.8,8.0,100.0,61,95,3
G2_Wcluster_alhx700,$\mathrm{Hel}_{50}$,NAC_antisymmetric_BB_contact_survival,antisymmetric_nac_bb,Any 1 antisymmetric NAC BB,chain_pair,all,largest_cluster,1483000.0,0.00025878714803295716,9.09631684169029e-05,1934.4791075070375,9347.442116882818,7052.98641091508,0.8,8.0,100.0,61,95,3
G2_Wcluster_alhx700,$\mathrm{Hel}_{50}$,NAC_antisymmetric_BB_contact_survival,antisymmetric_nac_bb,Any 1 antisymmetric NAC BB,chain_pair,all,largest_cluster,1484000.0,0.00025878714803295716,9.09631684169029e-05,1934.4791075070375,9347.442116882818,7052.98641091508,0.8,8.0,100.0,61,95,3
G2_Wcluster_alhx700,$\mathrm{Hel}_{50}$,NAC_antisymmetric_BB_contact_survival,antisymmetric_nac_bb,Any 1 antisymmetric NAC BB,chain_pair,all,largest_cluster,1485000.0,0.00025878714803295716,9.09631684169029e-05,1934.4791075070375,9347.442116882818,7052.98641091508,0.8,8.0,100.0,61,95,3
G2_Wcluster_alhx700,$\mathrm{Hel}_{50}$,NAC_antisymmetric_BB_contact_survival,antisymmetric_nac_bb,Any 1 antisymmetric NAC BB,chain_pair,all,largest_cluster,1486000.0,0.00025878714803295716,9.09631684169029e-05,1934.4791075070375,9347.442116882818,7052.98641091508,0.8,8.0,100.0,61,95,3
G2_Wcluster_alhx700,$\mathrm{Hel}_{50}$,NAC_antisymmetric_BB_contact_survival,antisymmetric_nac_bb,Any 1 antisymmetric NAC BB,chain_pair,all,largest_cluster,1487000.0,0.00025878714803295716,9.09631684169029e-05,1934.4791075070375,9347.442116882818,7052.98641091508,0.8,8.0,100.0,61,95,3
G2_Wcluster_alhx700,$\mathrm{Hel}_{50}$,NAC_antisymmetric_BB_contact_survival,antisymmetric_nac_bb,Any 1 antisymmetric NAC BB,chain_pair,all,largest_cluster,1488000.0,0.00025878714803295716,9.09631684169029e-05,1934.4791075070375,9347.442116882818,7052.98641091508,0.8,8.0,100.0,61,95,3
G2_Wcluster_alhx700,$\mathrm{Hel}_{50}$,NAC_antisymmetric_BB_contact_survival,antisymmetric_nac_bb,Any 1 antisymmetric NAC BB,chain_pair,all,largest_cluster,1489000.0,0.00025878714803295716,9.09631684169029e-05,1934.4791075070375,9347.442116882818,7052.98641091508,0.8,8.0,100.0,61,95,3
G2_Wcluster_alhx700,$\mathrm{Hel}_{50}$,NAC_antisymmetric_BB_contact_survival,antisymmetric_nac_bb,Any 1 antisymmetric NAC BB,chain_pair,all,largest_cluster,1490000.0,0.00025878714803295716,9.09631684169029e-05,1934.4791075070375,9347.442116882818,7052.98641091508,0.8,8.0,100.0,61,95,3
G2_Wcluster_alhx700,$\mathrm{Hel}_{50}$,NAC_antisymmetric_BB_contact_survival,antisymmetric_nac_bb,Any 1 antisymmetric NAC BB,chain_pair,all,largest_cluster,1491000.0,0.00025878714803295716,9.09631684169029e-05,1934.4791075070375,9347.442116882818,7052.98641091508,0.8,8.0,100.0,61,95,3
G2_Wcluster_alhx700,$\mathrm{Hel}_{50}$,NAC_antisymmetric_BB_contact_survival,antisymmetric_nac_bb,Any 1 antisymmetric NAC BB,chain_pair,all,largest_cluster,1492000.0,0.00025878714803295716,9.09631684169029e-05,1934.4791075070375,9347.442116882818,7052.98641091508,0.8,8.0,100.0,61,95,3
G2_Wcluster_alhx700,$\mathrm{Hel}_{50}$,NAC_antisymmetric_BB_contact_survival,antisymmetric_nac_bb,Any 1 antisymmetric NAC BB,chain_pair,all,largest_cluster,1493000.0,0.00025878714803295716,9.09631684169029e-05,1934.4791075070375,9347.442116882818,7052.98641091508,0.8,8.0,100.0,61,95,3
G2_Wcluster_alhx700,$\mathrm{Hel}_{50}$,NAC_antisymmetric_BB_contact_survival,antisymmetric_nac_bb,Any 1 antisymmetric NAC BB,chain_pair,all,largest_cluster,1494000.0,0.00025878714803295716,9.09631684169029e-05,1934.4791075070375,9347.442116882818,7052.98641091508,0.8,8.0,100.0,61,95,3
G2_Wcluster_alhx700,$\mathrm{Hel}_{50}$,NAC_antisymmetric_BB_contact_survival,antisymmetric_nac_bb,Any 1 antisymmetric NAC BB,chain_pair,all,largest_cluster,1495000.0,0.00025878714803295716,9.09631684169029e-05,1934.4791075070375,9347.442116882818,7052.98641091508,0.8,8.0,100.0,61,95,3
G2_Wcluster_alhx700,$\mathrm{Hel}_{50}$,NAC_antisymmetric_BB_contact_survival,antisymmetric_nac_bb,Any 1 antisymmetric NAC BB,chain_pair,all,largest_cluster,1496000.0,0.00025878714803295716,9.09631684169029e-05,1934.4791075070375,9347.442116882818,7052.98641091508,0.8,8.0,100.0,61,95,3
G2_Wcluster_alhx700,$\mathrm{Hel}_{50}$,NAC_antisymmetric_BB_contact_survival,antisymmetric_nac_bb,Any 1 antisymmetric NAC BB,chain_pair,all,largest_cluster,1497000.0,0.00025878714803295716,9.09631684169029e-05,1934.4791075070375,9347.442116882818,7052.98641091508,0.8,8.0,100.0,61,95,3
G2_Wcluster_alhx700,$\mathrm{Hel}_{50}$,NAC_antisymmetric_BB_contact_survival,antisymmetric_nac_bb,Any 1 antisymmetric NAC BB,chain_pair,all,largest_cluster,1498000.0,0.00025878714803295716,9.09631684169029e-05,1934.4791075070375,9347.442116882818,7052.98641091508,0.8,8.0,100.0,61,95,3
G2_Wcluster_alhx700,$\mathrm{Hel}_{50}$,NAC_antisymmetric_BB_contact_survival,antisymmetric_nac_bb,Any 1 antisymmetric NAC BB,chain_pair,all,largest_cluster,1499000.0,0.00025878714803295716,9.09631684169029e-05,1934.4791075070375,9347.442116882818,7052.98641091508,0.8,8.0,100.0,61,95,3
G2_Wcluster_alhx700,$\mathrm{Hel}_{50}$,NAC_antisymmetric_BB_contact_survival,antisymmetric_nac_bb,Any 1 antisymmetric NAC BB,chain_pair,all,largest_cluster,1500000.0,0.00025878714803295716,9.09631684169029e-05,1934.4791075070375,9347.442116882818,7052.98641091508,0.8,8.0,100.0,61,95,3
G2_Wcluster_alhx700,$\mathrm{Hel}_{50}$,NAC_antisymmetric_BB_contact_survival,antisymmetric_nac_bb,Any 1 antisymmetric NAC BB,chain_pair,all,largest_cluster,1501000.0,0.00025878714803295716,9.09631684169029e-05,1934.4791075070375,9347.442116882818,7052.98641091508,0.8,8.0,100.0,61,95,3
G2_Wcluster_alhx700,$\mathrm{Hel}_{50}$,NAC_antisymmetric_BB_contact_survival,antisymmetric_nac_bb,Any 1 antisymmetric NAC BB,chain_pair,all,largest_cluster,1502000.0,0.00025878714803295716,9.09631684169029e-05,1934.4791075070375,9347.442116882818,7052.98641091508,0.8,8.0,100.0,61,95,3
G2_Wcluster_alhx700,$\mathrm{Hel}_{50}$,NAC_antisymmetric_BB_contact_survival,antisymmetric_nac_bb,Any 1 antisymmetric NAC BB,chain_pair,all,largest_cluster,1503000.0,0.00025878714803295716,9.09631684169029e-05,1934.4791075070375,9347.442116882818,7052.98641091508,0.8,8.0,100.0,61,95,3
G2_Wcluster_alhx700,$\mathrm{Hel}_{50}$,NAC_antisymmetric_BB_contact_survival,antisymmetric_nac_bb,Any 1 antisymmetric NAC BB,chain_pair,all,largest_cluster,1504000.0,0.00025878714803295716,9.09631684169029e-05,1934.4791075070375,9347.442116882818,7052.98641091508,0.8,8.0,100.0,61,95,3
G2_Wcluster_alhx700,$\mathrm{Hel}_{50}$,NAC_antisymmetric_BB_contact_survival,antisymmetric_nac_bb,Any 1 antisymmetric NAC BB,chain_pair,all,largest_cluster,1505000.0,0.00025878714803295716,9.09631684169029e-05,1934.4791075070375,9347.442116882818,7052.98641091508,0.8,8.0,100.0,61,95,3
G2_Wcluster_alhx700,$\mathrm{Hel}_{50}$,NAC_antisymmetric_BB_contact_survival,antisymmetric_nac_bb,Any 1 antisymmetric NAC BB,chain_pair,all,largest_cluster,1506000.0,0.00025878714803295716,9.09631684169029e-05,1934.4791075070375,9347.442116882818,7052.98641091508,0.8,8.0,100.0,61,95,3
G2_Wcluster_alhx700,$\mathrm{Hel}_{50}$,NAC_antisymmetric_BB_contact_survival,antisymmetric_nac_bb,Any 1 antisymmetric NAC BB,chain_pair,all,largest_cluster,1507000.0,0.00025878714803295716,9.09631684169029e-05,1934.4791075070375,9347.442116882818,7052.98641091508,0.8,8.0,100.0,61,95,3
G2_Wcluster_alhx700,$\mathrm{Hel}_{50}$,NAC_antisymmetric_BB_contact_survival,antisymmetric_nac_bb,Any 1 antisymmetric NAC BB,chain_pair,all,largest_cluster,1508000.0,0.00025878714803295716,9.09631684169029e-05,1934.4791075070375,9347.442116882818,7052.98641091508,0.8,8.0,100.0,61,95,3
G2_Wcluster_alhx700,$\mathrm{Hel}_{50}$,NAC_antisymmetric_BB_contact_survival,antisymmetric_nac_bb,Any 1 antisymmetric NAC BB,chain_pair,all,largest_cluster,1509000.0,0.00025878714803295716,9.09631684169029e-05,1934.4791075070375,9347.442116882818,7052.98641091508,0.8,8.0,100.0,61,95,3
G2_Wcluster_alhx700,$\mathrm{Hel}_{50}$,NAC_antisymmetric_BB_contact_survival,antisymmetric_nac_bb,Any 1 antisymmetric NAC BB,chain_pair,all,largest_cluster,1510000.0,0.00025878714803295716,9.09631684169029e-05,1934.4791075070375,9347.442116882818,7052.98641091508,0.8,8.0,100.0,61,95,3
G2_Wcluster_alhx700,$\mathrm{Hel}_{50}$,NAC_antisymmetric_BB_contact_survival,antisymmetric_nac_bb,Any 1 antisymmetric NAC BB,chain_pair,all,largest_cluster,1511000.0,0.00025878714803295716,9.09631684169029e-05,1934.4791075070375,9347.442116882818,7052.98641091508,0.8,8.0,100.0,61,95,3
G2_Wcluster_alhx700,$\mathrm{Hel}_{50}$,NAC_antisymmetric_BB_contact_survival,antisymmetric_nac_bb,Any 1 antisymmetric NAC BB,chain_pair,all,largest_cluster,1512000.0,0.00025878714803295716,9.09631684169029e-05,1934.4791075070375,9347.442116882818,7052.98641091508,0.8,8.0,100.0,61,95,3
G2_Wcluster_alhx700,$\mathrm{Hel}_{50}$,NAC_antisymmetric_BB_contact_survival,antisymmetric_nac_bb,Any 1 antisymmetric NAC BB,chain_pair,all,largest_cluster,1513000.0,0.00025878714803295716,9.09631684169029e-05,1934.4791075070375,9347.442116882818,7052.98641091508,0.8,8.0,100.0,61,95,3
G2_Wcluster_alhx700,$\mathrm{Hel}_{50}$,NAC_antisymmetric_BB_contact_survival,antisymmetric_nac_bb,Any 1 antisymmetric NAC BB,chain_pair,all,largest_cluster,1514000.0,0.00025878714803295716,9.09631684169029e-05,1934.4791075070375,9347.442116882818,7052.98641091508,0.8,8.0,100.0,61,95,3
G2_Wcluster_alhx700,$\mathrm{Hel}_{50}$,NAC_antisymmetric_BB_contact_survival,antisymmetric_nac_bb,Any 1 antisymmetric NAC BB,chain_pair,all,largest_cluster,1515000.0,0.00025878714803295716,9.09631684169029e-05,1934.4791075070375,9347.442116882818,7052.98641091508,0.8,8.0,100.0,61,95,3
G2_Wcluster_alhx700,$\mathrm{Hel}_{50}$,NAC_antisymmetric_BB_contact_survival,antisymmetric_nac_bb,Any 1 antisymmetric NAC BB,chain_pair,all,largest_cluster,1516000.0,0.00025878714803295716,9.09631684169029e-05,1934.4791075070375,9347.442116882818,7052.98641091508,0.8,8.0,100.0,61,95,3
G2_Wcluster_alhx700,$\mathrm{Hel}_{50}$,NAC_antisymmetric_BB_contact_survival,antisymmetric_nac_bb,Any 1 antisymmetric NAC BB,chain_pair,all,largest_cluster,1517000.0,0.00025878714803295716,9.09631684169029e-05,1934.4791075070375,9347.442116882818,7052.98641091508,0.8,8.0,100.0,61,95,3
G2_Wcluster_alhx700,$\mathrm{Hel}_{50}$,NAC_antisymmetric_BB_contact_survival,antisymmetric_nac_bb,Any 1 antisymmetric NAC BB,chain_pair,all,largest_cluster,1518000.0,0.00025878714803295716,9.09631684169029e-05,1934.4791075070375,9347.442116882818,7052.98641091508,0.8,8.0,100.0,61,95,3
G2_Wcluster_alhx700,$\mathrm{Hel}_{50}$,NAC_antisymmetric_BB_contact_survival,antisymmetric_nac_bb,Any 1 antisymmetric NAC BB,chain_pair,all,largest_cluster,1519000.0,0.00025878714803295716,9.09631684169029e-05,1934.4791075070375,9347.442116882818,7052.98641091508,0.8,8.0,100.0,61,95,3
G2_Wcluster_alhx700,$\mathrm{Hel}_{50}$,NAC_antisymmetric_BB_contact_survival,antisymmetric_nac_bb,Any 1 antisymmetric NAC BB,chain_pair,all,largest_cluster,1520000.0,0.00025878714803295716,9.09631684169029e-05,1934.4791075070375,9347.442116882818,7052.98641091508,0.8,8.0,100.0,61,95,3
G2_Wcluster_alhx700,$\mathrm{Hel}_{50}$,NAC_antisymmetric_BB_contact_survival,antisymmetric_nac_bb,Any 1 antisymmetric NAC BB,chain_pair,all,largest_cluster,1521000.0,0.00025878714803295716,9.09631684169029e-05,1934.4791075070375,9347.442116882818,7052.98641091508,0.8,8.0,100.0,61,95,3
G2_Wcluster_alhx700,$\mathrm{Hel}_{50}$,NAC_antisymmetric_BB_contact_survival,antisymmetric_nac_bb,Any 1 antisymmetric NAC BB,chain_pair,all,largest_cluster,1522000.0,0.00025878714803295716,9.09631684169029e-05,1934.4791075070375,9347.442116882818,7052.98641091508,0.8,8.0,100.0,61,95,3
G2_Wcluster_alhx700,$\mathrm{Hel}_{50}$,NAC_antisymmetric_BB_contact_survival,antisymmetric_nac_bb,Any 1 antisymmetric NAC BB,chain_pair,all,largest_cluster,1523000.0,0.00025878714803295716,9.09631684169029e-05,1934.4791075070375,9347.442116882818,7052.98641091508,0.8,8.0,100.0,61,95,3
G2_Wcluster_alhx700,$\mathrm{Hel}_{50}$,NAC_antisymmetric_BB_contact_survival,antisymmetric_nac_bb,Any 1 antisymmetric NAC BB,chain_pair,all,largest_cluster,1524000.0,0.00025878714803295716,9.09631684169029e-05,1934.4791075070375,9347.442116882818,7052.98641091508,0.8,8.0,100.0,61,95,3
G2_Wcluster_alhx700,$\mathrm{Hel}_{50}$,NAC_antisymmetric_BB_contact_survival,antisymmetric_nac_bb,Any 1 antisymmetric NAC BB,chain_pair,all,largest_cluster,1525000.0,0.00025878714803295716,9.09631684169029e-05,1934.4791075070375,9347.442116882818,7052.98641091508,0.8,8.0,100.0,61,95,3
G2_Wcluster_alhx700,$\mathrm{Hel}_{50}$,NAC_antisymmetric_BB_contact_survival,antisymmetric_nac_bb,Any 1 antisymmetric NAC BB,chain_pair,all,largest_cluster,1526000.0,0.00025878714803295716,9.09631684169029e-05,1934.4791075070375,9347.442116882818,7052.98641091508,0.8,8.0,100.0,61,95,3
G2_Wcluster_alhx700,$\mathrm{Hel}_{50}$,NAC_antisymmetric_BB_contact_survival,antisymmetric_nac_bb,Any 1 antisymmetric NAC BB,chain_pair,all,largest_cluster,1527000.0,0.00025878714803295716,9.09631684169029e-05,1934.4791075070375,9347.442116882818,7052.98641091508,0.8,8.0,100.0,61,95,3
G2_Wcluster_alhx700,$\mathrm{Hel}_{50}$,NAC_antisymmetric_BB_contact_survival,antisymmetric_nac_bb,Any 1 antisymmetric NAC BB,chain_pair,all,largest_cluster,1528000.0,0.00025878714803295716,9.09631684169029e-05,1934.4791075070375,9347.442116882818,7052.98641091508,0.8,8.0,100.0,61,95,3
G2_Wcluster_alhx700,$\mathrm{Hel}_{50}$,NAC_antisymmetric_BB_contact_survival,antisymmetric_nac_bb,Any 1 antisymmetric NAC BB,chain_pair,all,largest_cluster,1529000.0,0.00025878714803295716,9.09631684169029e-05,1934.4791075070375,9347.442116882818,7052.98641091508,0.8,8.0,100.0,61,95,3
G2_Wcluster_alhx700,$\mathrm{Hel}_{50}$,NAC_antisymmetric_BB_contact_survival,antisymmetric_nac_bb,Any 1 antisymmetric NAC BB,chain_pair,all,largest_cluster,1530000.0,0.00025878714803295716,9.09631684169029e-05,1934.4791075070375,9347.442116882818,7052.98641091508,0.8,8.0,100.0,61,95,3
G2_Wcluster_alhx700,$\mathrm{Hel}_{50}$,NAC_antisymmetric_BB_contact_survival,antisymmetric_nac_bb,Any 1 antisymmetric NAC BB,chain_pair,all,largest_cluster,1531000.0,0.00025878714803295716,9.09631684169029e-05,1934.4791075070375,9347.442116882818,7052.98641091508,0.8,8.0,100.0,61,95,3
G2_Wcluster_alhx700,$\mathrm{Hel}_{50}$,NAC_antisymmetric_BB_contact_survival,antisymmetric_nac_bb,Any 1 antisymmetric NAC BB,chain_pair,all,largest_cluster,1532000.0,0.00025878714803295716,9.09631684169029e-05,1934.4791075070375,9347.442116882818,7052.98641091508,0.8,8.0,100.0,61,95,3
G2_Wcluster_alhx700,$\mathrm{Hel}_{50}$,NAC_antisymmetric_BB_contact_survival,antisymmetric_nac_bb,Any 1 antisymmetric NAC BB,chain_pair,all,largest_cluster,1533000.0,0.00025878714803295716,9.09631684169029e-05,1934.4791075070375,9347.442116882818,7052.98641091508,0.8,8.0,100.0,61,95,3
G2_Wcluster_alhx700,$\mathrm{Hel}_{50}$,NAC_antisymmetric_BB_contact_survival,antisymmetric_nac_bb,Any 1 antisymmetric NAC BB,chain_pair,all,largest_cluster,1534000.0,0.00025878714803295716,9.09631684169029e-05,1934.4791075070375,9347.442116882818,7052.98641091508,0.8,8.0,100.0,61,95,3
G2_Wcluster_alhx700,$\mathrm{Hel}_{50}$,NAC_antisymmetric_BB_contact_survival,antisymmetric_nac_bb,Any 1 antisymmetric NAC BB,chain_pair,all,largest_cluster,1535000.0,0.00025878714803295716,9.09631684169029e-05,1934.4791075070375,9347.442116882818,7052.98641091508,0.8,8.0,100.0,61,95,3
G2_Wcluster_alhx700,$\mathrm{Hel}_{50}$,NAC_antisymmetric_BB_contact_survival,antisymmetric_nac_bb,Any 1 antisymmetric NAC BB,chain_pair,all,largest_cluster,1536000.0,0.00025878714803295716,9.09631684169029e-05,1934.4791075070375,9347.442116882818,7052.98641091508,0.8,8.0,100.0,61,95,3
G2_Wcluster_alhx700,$\mathrm{Hel}_{50}$,NAC_antisymmetric_BB_contact_survival,antisymmetric_nac_bb,Any 1 antisymmetric NAC BB,chain_pair,all,largest_cluster,1537000.0,0.00025878714803295716,9.09631684169029e-05,1934.4791075070375,9347.442116882818,7052.98641091508,0.8,8.0,100.0,61,95,3
G2_Wcluster_alhx700,$\mathrm{Hel}_{50}$,NAC_antisymmetric_BB_contact_survival,antisymmetric_nac_bb,Any 1 antisymmetric NAC BB,chain_pair,all,largest_cluster,1538000.0,0.00025878714803295716,9.09631684169029e-05,1934.4791075070375,9347.442116882818,7052.98641091508,0.8,8.0,100.0,61,95,3
G2_Wcluster_alhx700,$\mathrm{Hel}_{50}$,NAC_antisymmetric_BB_contact_survival,antisymmetric_nac_bb,Any 1 antisymmetric NAC BB,chain_pair,all,largest_cluster,1539000.0,0.00025878714803295716,9.09631684169029e-05,1934.4791075070375,9347.442116882818,7052.98641091508,0.8,8.0,100.0,61,95,3
G2_Wcluster_alhx700,$\mathrm{Hel}_{50}$,NAC_antisymmetric_BB_contact_survival,antisymmetric_nac_bb,Any 1 antisymmetric NAC BB,chain_pair,all,largest_cluster,1540000.0,0.00025878714803295716,9.09631684169029e-05,1934.4791075070375,9347.442116882818,7052.98641091508,0.8,8.0,100.0,61,95,3
G2_Wcluster_alhx700,$\mathrm{Hel}_{50}$,NAC_antisymmetric_BB_contact_survival,antisymmetric_nac_bb,Any 1 antisymmetric NAC BB,chain_pair,all,largest_cluster,1541000.0,0.00025878714803295716,9.09631684169029e-05,1934.4791075070375,9347.442116882818,7052.98641091508,0.8,8.0,100.0,61,95,3
G2_Wcluster_alhx700,$\mathrm{Hel}_{50}$,NAC_antisymmetric_BB_contact_survival,antisymmetric_nac_bb,Any 1 antisymmetric NAC BB,chain_pair,all,largest_cluster,1542000.0,0.00025878714803295716,9.09631684169029e-05,1934.4791075070375,9347.442116882818,7052.98641091508,0.8,8.0,100.0,61,95,3
G2_Wcluster_alhx700,$\mathrm{Hel}_{50}$,NAC_antisymmetric_BB_contact_survival,antisymmetric_nac_bb,Any 1 antisymmetric NAC BB,chain_pair,all,largest_cluster,1543000.0,0.00025878714803295716,9.09631684169029e-05,1934.4791075070375,9347.442116882818,7052.98641091508,0.8,8.0,100.0,61,95,3
G2_Wcluster_alhx700,$\mathrm{Hel}_{50}$,NAC_antisymmetric_BB_contact_survival,antisymmetric_nac_bb,Any 1 antisymmetric NAC BB,chain_pair,all,largest_cluster,1544000.0,0.00025878714803295716,9.09631684169029e-05,1934.4791075070375,9347.442116882818,7052.98641091508,0.8,8.0,100.0,61,95,3
G2_Wcluster_alhx700,$\mathrm{Hel}_{50}$,NAC_antisymmetric_BB_contact_survival,antisymmetric_nac_bb,Any 1 antisymmetric NAC BB,chain_pair,all,largest_cluster,1545000.0,0.00025878714803295716,9.09631684169029e-05,1934.4791075070375,9347.442116882818,7052.98641091508,0.8,8.0,100.0,61,95,3
G2_Wcluster_alhx700,$\mathrm{Hel}_{50}$,NAC_antisymmetric_BB_contact_survival,antisymmetric_nac_bb,Any 1 antisymmetric NAC BB,chain_pair,all,largest_cluster,1546000.0,0.00025878714803295716,9.09631684169029e-05,1934.4791075070375,9347.442116882818,7052.98641091508,0.8,8.0,100.0,61,95,3
G2_Wcluster_alhx700,$\mathrm{Hel}_{50}$,NAC_antisymmetric_BB_contact_survival,antisymmetric_nac_bb,Any 1 antisymmetric NAC BB,chain_pair,all,largest_cluster,1547000.0,0.00025878714803295716,9.09631684169029e-05,1934.4791075070375,9347.442116882818,7052.98641091508,0.8,8.0,100.0,61,95,3
G2_Wcluster_alhx700,$\mathrm{Hel}_{50}$,NAC_antisymmetric_BB_contact_survival,antisymmetric_nac_bb,Any 1 antisymmetric NAC BB,chain_pair,all,largest_cluster,1548000.0,0.00025878714803295716,9.09631684169029e-05,1934.4791075070375,9347.442116882818,7052.98641091508,0.8,8.0,100.0,61,95,3
G2_Wcluster_alhx700,$\mathrm{Hel}_{50}$,NAC_antisymmetric_BB_contact_survival,antisymmetric_nac_bb,Any 1 antisymmetric NAC BB,chain_pair,all,largest_cluster,1549000.0,0.00025878714803295716,9.09631684169029e-05,1934.4791075070375,9347.442116882818,7052.98641091508,0.8,8.0,100.0,61,95,3
G2_Wcluster_alhx700,$\mathrm{Hel}_{50}$,NAC_antisymmetric_BB_contact_survival,antisymmetric_nac_bb,Any 1 antisymmetric NAC BB,chain_pair,all,largest_cluster,1550000.0,0.00025878714803295716,9.09631684169029e-05,1934.4791075070375,9347.442116882818,7052.98641091508,0.8,8.0,100.0,61,95,3
G2_Wcluster_alhx700,$\mathrm{Hel}_{50}$,NAC_antisymmetric_BB_contact_survival,antisymmetric_nac_bb,Any 1 antisymmetric NAC BB,chain_pair,all,largest_cluster,1551000.0,0.00025878714803295716,9.09631684169029e-05,1934.4791075070375,9347.442116882818,7052.98641091508,0.8,8.0,100.0,61,95,3
G2_Wcluster_alhx700,$\mathrm{Hel}_{50}$,NAC_antisymmetric_BB_contact_survival,antisymmetric_nac_bb,Any 1 antisymmetric NAC BB,chain_pair,all,largest_cluster,1552000.0,0.00025878714803295716,9.09631684169029e-05,1934.4791075070375,9347.442116882818,7052.98641091508,0.8,8.0,100.0,61,95,3
G2_Wcluster_alhx700,$\mathrm{Hel}_{50}$,NAC_antisymmetric_BB_contact_survival,antisymmetric_nac_bb,Any 1 antisymmetric NAC BB,chain_pair,all,largest_cluster,1553000.0,0.00025878714803295716,9.09631684169029e-05,1934.4791075070375,9347.442116882818,7052.98641091508,0.8,8.0,100.0,61,95,3
G2_Wcluster_alhx700,$\mathrm{Hel}_{50}$,NAC_antisymmetric_BB_contact_survival,antisymmetric_nac_bb,Any 1 antisymmetric NAC BB,chain_pair,all,largest_cluster,1554000.0,0.00025878714803295716,9.09631684169029e-05,1934.4791075070375,9347.442116882818,7052.98641091508,0.8,8.0,100.0,61,95,3
G2_Wcluster_alhx700,$\mathrm{Hel}_{50}$,NAC_antisymmetric_BB_contact_survival,antisymmetric_nac_bb,Any 1 antisymmetric NAC BB,chain_pair,all,largest_cluster,1555000.0,0.00025878714803295716,9.09631684169029e-05,1934.4791075070375,9347.442116882818,7052.98641091508,0.8,8.0,100.0,61,95,3
G2_Wcluster_alhx700,$\mathrm{Hel}_{50}$,NAC_antisymmetric_BB_contact_survival,antisymmetric_nac_bb,Any 1 antisymmetric NAC BB,chain_pair,all,largest_cluster,1556000.0,0.00025878714803295716,9.09631684169029e-05,1934.4791075070375,9347.442116882818,7052.98641091508,0.8,8.0,100.0,61,95,3
G2_Wcluster_alhx700,$\mathrm{Hel}_{50}$,NAC_antisymmetric_BB_contact_survival,antisymmetric_nac_bb,Any 1 antisymmetric NAC BB,chain_pair,all,largest_cluster,1557000.0,0.00025878714803295716,9.09631684169029e-05,1934.4791075070375,9347.442116882818,7052.98641091508,0.8,8.0,100.0,61,95,3
G2_Wcluster_alhx700,$\mathrm{Hel}_{50}$,NAC_antisymmetric_BB_contact_survival,antisymmetric_nac_bb,Any 1 antisymmetric NAC BB,chain_pair,all,largest_cluster,1558000.0,0.00025878714803295716,9.09631684169029e-05,1934.4791075070375,9347.442116882818,7052.98641091508,0.8,8.0,100.0,61,95,3
G2_Wcluster_alhx700,$\mathrm{Hel}_{50}$,NAC_antisymmetric_BB_contact_survival,antisymmetric_nac_bb,Any 1 antisymmetric NAC BB,chain_pair,all,largest_cluster,1559000.0,0.00025878714803295716,9.09631684169029e-05,1934.4791075070375,9347.442116882818,7052.98641091508,0.8,8.0,100.0,61,95,3
G2_Wcluster_alhx700,$\mathrm{Hel}_{50}$,NAC_antisymmetric_BB_contact_survival,antisymmetric_nac_bb,Any 1 antisymmetric NAC BB,chain_pair,all,largest_cluster,1560000.0,0.00025878714803295716,9.09631684169029e-05,1934.4791075070375,9347.442116882818,7052.98641091508,0.8,8.0,100.0,61,95,3
G2_Wcluster_alhx700,$\mathrm{Hel}_{50}$,NAC_antisymmetric_BB_contact_survival,antisymmetric_nac_bb,Any 1 antisymmetric NAC BB,chain_pair,all,largest_cluster,1561000.0,0.00025878714803295716,9.09631684169029e-05,1934.4791075070375,9347.442116882818,7052.98641091508,0.8,8.0,100.0,61,95,3
G2_Wcluster_alhx700,$\mathrm{Hel}_{50}$,NAC_antisymmetric_BB_contact_survival,antisymmetric_nac_bb,Any 1 antisymmetric NAC BB,chain_pair,all,largest_cluster,1562000.0,0.00025878714803295716,9.09631684169029e-05,1934.4791075070375,9347.442116882818,7052.98641091508,0.8,8.0,100.0,61,95,3
G2_Wcluster_alhx700,$\mathrm{Hel}_{50}$,NAC_antisymmetric_BB_contact_survival,antisymmetric_nac_bb,Any 1 antisymmetric NAC BB,chain_pair,all,largest_cluster,1563000.0,0.00025878714803295716,9.09631684169029e-05,1934.4791075070375,9347.442116882818,7052.98641091508,0.8,8.0,100.0,61,95,3
G2_Wcluster_alhx700,$\mathrm{Hel}_{50}$,NAC_antisymmetric_BB_contact_survival,antisymmetric_nac_bb,Any 1 antisymmetric NAC BB,chain_pair,all,largest_cluster,1564000.0,0.00025878714803295716,9.09631684169029e-05,1934.4791075070375,9347.442116882818,7052.98641091508,0.8,8.0,100.0,61,95,3
G2_Wcluster_alhx700,$\mathrm{Hel}_{50}$,NAC_antisymmetric_BB_contact_survival,antisymmetric_nac_bb,Any 1 antisymmetric NAC BB,chain_pair,all,largest_cluster,1565000.0,0.00025878714803295716,9.09631684169029e-05,1934.4791075070375,9347.442116882818,7052.98641091508,0.8,8.0,100.0,61,95,3
G2_Wcluster_alhx700,$\mathrm{Hel}_{50}$,NAC_antisymmetric_BB_contact_survival,antisymmetric_nac_bb,Any 1 antisymmetric NAC BB,chain_pair,all,largest_cluster,1566000.0,0.00025878714803295716,9.09631684169029e-05,1934.4791075070375,9347.442116882818,7052.98641091508,0.8,8.0,100.0,61,95,3
G2_Wcluster_alhx700,$\mathrm{Hel}_{50}$,NAC_antisymmetric_BB_contact_survival,antisymmetric_nac_bb,Any 1 antisymmetric NAC BB,chain_pair,all,largest_cluster,1567000.0,0.00025878714803295716,9.09631684169029e-05,1934.4791075070375,9347.442116882818,7052.98641091508,0.8,8.0,100.0,61,95,3
G2_Wcluster_alhx700,$\mathrm{Hel}_{50}$,NAC_antisymmetric_BB_contact_survival,antisymmetric_nac_bb,Any 1 antisymmetric NAC BB,chain_pair,all,largest_cluster,1568000.0,0.00025878714803295716,9.09631684169029e-05,1934.4791075070375,9347.442116882818,7052.98641091508,0.8,8.0,100.0,61,95,3
G2_Wcluster_alhx700,$\mathrm{Hel}_{50}$,NAC_antisymmetric_BB_contact_survival,antisymmetric_nac_bb,Any 1 antisymmetric NAC BB,chain_pair,all,largest_cluster,1569000.0,0.00025878714803295716,9.09631684169029e-05,1934.4791075070375,9347.442116882818,7052.98641091508,0.8,8.0,100.0,61,95,3
G2_Wcluster_alhx700,$\mathrm{Hel}_{50}$,NAC_antisymmetric_BB_contact_survival,antisymmetric_nac_bb,Any 1 antisymmetric NAC BB,chain_pair,all,largest_cluster,1570000.0,0.00025878714803295716,9.09631684169029e-05,1934.4791075070375,9347.442116882818,7052.98641091508,0.8,8.0,100.0,61,95,3
G2_Wcluster_alhx700,$\mathrm{Hel}_{50}$,NAC_antisymmetric_BB_contact_survival,antisymmetric_nac_bb,Any 1 antisymmetric NAC BB,chain_pair,all,largest_cluster,1571000.0,0.00025878714803295716,9.09631684169029e-05,1934.4791075070375,9347.442116882818,7052.98641091508,0.8,8.0,100.0,61,95,3
G2_Wcluster_alhx700,$\mathrm{Hel}_{50}$,NAC_antisymmetric_BB_contact_survival,antisymmetric_nac_bb,Any 1 antisymmetric NAC BB,chain_pair,all,largest_cluster,1572000.0,0.00025878714803295716,9.09631684169029e-05,1934.4791075070375,9347.442116882818,7052.98641091508,0.8,8.0,100.0,61,95,3
G2_Wcluster_alhx700,$\mathrm{Hel}_{50}$,NAC_antisymmetric_BB_contact_survival,antisymmetric_nac_bb,Any 1 antisymmetric NAC BB,chain_pair,all,largest_cluster,1573000.0,0.00021165957368920866,0.00010225574061853979,1934.4791075070375,9347.442116882818,7052.98641091508,0.8,8.0,100.0,61,95,3
G2_Wcluster_alhx700,$\mathrm{Hel}_{50}$,NAC_antisymmetric_BB_contact_survival,antisymmetric_nac_bb,Any 1 antisymmetric NAC BB,chain_pair,all,largest_cluster,1574000.0,0.00021165957368920866,0.00010225574061853979,1934.4791075070375,9347.442116882818,7052.98641091508,0.8,8.0,100.0,61,95,3
G2_Wcluster_alhx700,$\mathrm{Hel}_{50}$,NAC_antisymmetric_BB_contact_survival,antisymmetric_nac_bb,Any 1 antisymmetric NAC BB,chain_pair,all,largest_cluster,1575000.0,0.00021165957368920866,0.00010225574061853979,1934.4791075070375,9347.442116882818,7052.98641091508,0.8,8.0,100.0,61,95,3
G2_Wcluster_alhx700,$\mathrm{Hel}_{50}$,NAC_antisymmetric_BB_contact_survival,antisymmetric_nac_bb,Any 1 antisymmetric NAC BB,chain_pair,all,largest_cluster,1576000.0,0.00021165957368920866,0.00010225574061853979,1934.4791075070375,9347.442116882818,7052.98641091508,0.8,8.0,100.0,61,95,3
G2_Wcluster_alhx700,$\mathrm{Hel}_{50}$,NAC_antisymmetric_BB_contact_survival,antisymmetric_nac_bb,Any 1 antisymmetric NAC BB,chain_pair,all,largest_cluster,1577000.0,0.00021165957368920866,0.00010225574061853979,1934.4791075070375,9347.442116882818,7052.98641091508,0.8,8.0,100.0,61,95,3
G2_Wcluster_alhx700,$\mathrm{Hel}_{50}$,NAC_antisymmetric_BB_contact_survival,antisymmetric_nac_bb,Any 1 antisymmetric NAC BB,chain_pair,all,largest_cluster,1578000.0,0.00021165957368920866,0.00010225574061853979,1934.4791075070375,9347.442116882818,7052.98641091508,0.8,8.0,100.0,61,95,3
G2_Wcluster_alhx700,$\mathrm{Hel}_{50}$,NAC_antisymmetric_BB_contact_survival,antisymmetric_nac_bb,Any 1 antisymmetric NAC BB,chain_pair,all,largest_cluster,1579000.0,0.00021165957368920866,0.00010225574061853979,1934.4791075070375,9347.442116882818,7052.98641091508,0.8,8.0,100.0,61,95,3
G2_Wcluster_alhx700,$\mathrm{Hel}_{50}$,NAC_antisymmetric_BB_contact_survival,antisymmetric_nac_bb,Any 1 antisymmetric NAC BB,chain_pair,all,largest_cluster,1580000.0,0.00021165957368920866,0.00010225574061853979,1934.4791075070375,9347.442116882818,7052.98641091508,0.8,8.0,100.0,61,95,3
G2_Wcluster_alhx700,$\mathrm{Hel}_{50}$,NAC_antisymmetric_BB_contact_survival,antisymmetric_nac_bb,Any 1 antisymmetric NAC BB,chain_pair,all,largest_cluster,1581000.0,0.00021165957368920866,0.00010225574061853979,1934.4791075070375,9347.442116882818,7052.98641091508,0.8,8.0,100.0,61,95,3
G2_Wcluster_alhx700,$\mathrm{Hel}_{50}$,NAC_antisymmetric_BB_contact_survival,antisymmetric_nac_bb,Any 1 antisymmetric NAC BB,chain_pair,all,largest_cluster,1582000.0,0.00021165957368920866,0.00010225574061853979,1934.4791075070375,9347.442116882818,7052.98641091508,0.8,8.0,100.0,61,95,3
G2_Wcluster_alhx700,$\mathrm{Hel}_{50}$,NAC_antisymmetric_BB_contact_survival,antisymmetric_nac_bb,Any 1 antisymmetric NAC BB,chain_pair,all,largest_cluster,1583000.0,0.00021165957368920866,0.00010225574061853979,1934.4791075070375,9347.442116882818,7052.98641091508,0.8,8.0,100.0,61,95,3
G2_Wcluster_alhx700,$\mathrm{Hel}_{50}$,NAC_antisymmetric_BB_contact_survival,antisymmetric_nac_bb,Any 1 antisymmetric NAC BB,chain_pair,all,largest_cluster,1584000.0,0.00021165957368920866,0.00010225574061853979,1934.4791075070375,9347.442116882818,7052.98641091508,0.8,8.0,100.0,61,95,3
G2_Wcluster_alhx700,$\mathrm{Hel}_{50}$,NAC_antisymmetric_BB_contact_survival,antisymmetric_nac_bb,Any 1 antisymmetric NAC BB,chain_pair,all,largest_cluster,1585000.0,0.00021165957368920866,0.00010225574061853979,1934.4791075070375,9347.442116882818,7052.98641091508,0.8,8.0,100.0,61,95,3
G2_Wcluster_alhx700,$\mathrm{Hel}_{50}$,NAC_antisymmetric_BB_contact_survival,antisymmetric_nac_bb,Any 1 antisymmetric NAC BB,chain_pair,all,largest_cluster,1586000.0,0.00021165957368920866,0.00010225574061853979,1934.4791075070375,9347.442116882818,7052.98641091508,0.8,8.0,100.0,61,95,3
G2_Wcluster_alhx700,$\mathrm{Hel}_{50}$,NAC_antisymmetric_BB_contact_survival,antisymmetric_nac_bb,Any 1 antisymmetric NAC BB,chain_pair,all,largest_cluster,1587000.0,0.00021165957368920866,0.00010225574061853979,1934.4791075070375,9347.442116882818,7052.98641091508,0.8,8.0,100.0,61,95,3
G2_Wcluster_alhx700,$\mathrm{Hel}_{50}$,NAC_antisymmetric_BB_contact_survival,antisymmetric_nac_bb,Any 1 antisymmetric NAC BB,chain_pair,all,largest_cluster,1588000.0,0.00021165957368920866,0.00010225574061853979,1934.4791075070375,9347.442116882818,7052.98641091508,0.8,8.0,100.0,61,95,3
G2_Wcluster_alhx700,$\mathrm{Hel}_{50}$,NAC_antisymmetric_BB_contact_survival,antisymmetric_nac_bb,Any 1 antisymmetric NAC BB,chain_pair,all,largest_cluster,1589000.0,0.00021165957368920866,0.00010225574061853979,1934.4791075070375,9347.442116882818,7052.98641091508,0.8,8.0,100.0,61,95,3
G2_Wcluster_alhx700,$\mathrm{Hel}_{50}$,NAC_antisymmetric_BB_contact_survival,antisymmetric_nac_bb,Any 1 antisymmetric NAC BB,chain_pair,all,largest_cluster,1590000.0,0.00021165957368920866,0.00010225574061853979,1934.4791075070375,9347.442116882818,7052.98641091508,0.8,8.0,100.0,61,95,3
G2_Wcluster_alhx700,$\mathrm{Hel}_{50}$,NAC_antisymmetric_BB_contact_survival,antisymmetric_nac_bb,Any 1 antisymmetric NAC BB,chain_pair,all,largest_cluster,1591000.0,0.00021165957368920866,0.00010225574061853979,1934.4791075070375,9347.442116882818,7052.98641091508,0.8,8.0,100.0,61,95,3
G2_Wcluster_alhx700,$\mathrm{Hel}_{50}$,NAC_antisymmetric_BB_contact_survival,antisymmetric_nac_bb,Any 1 antisymmetric NAC BB,chain_pair,all,largest_cluster,1592000.0,0.00021165957368920866,0.00010225574061853979,1934.4791075070375,9347.442116882818,7052.98641091508,0.8,8.0,100.0,61,95,3
G2_Wcluster_alhx700,$\mathrm{Hel}_{50}$,NAC_antisymmetric_BB_contact_survival,antisymmetric_nac_bb,Any 1 antisymmetric NAC BB,chain_pair,all,largest_cluster,1593000.0,0.00021165957368920866,0.00010225574061853979,1934.4791075070375,9347.442116882818,7052.98641091508,0.8,8.0,100.0,61,95,3
G2_Wcluster_alhx700,$\mathrm{Hel}_{50}$,NAC_antisymmetric_BB_contact_survival,antisymmetric_nac_bb,Any 1 antisymmetric NAC BB,chain_pair,all,largest_cluster,1594000.0,0.00021165957368920866,0.00010225574061853979,1934.4791075070375,9347.442116882818,7052.98641091508,0.8,8.0,100.0,61,95,3
G2_Wcluster_alhx700,$\mathrm{Hel}_{50}$,NAC_antisymmetric_BB_contact_survival,antisymmetric_nac_bb,Any 1 antisymmetric NAC BB,chain_pair,all,largest_cluster,1595000.0,0.00021165957368920866,0.00010225574061853979,1934.4791075070375,9347.442116882818,7052.98641091508,0.8,8.0,100.0,61,95,3
G2_Wcluster_alhx700,$\mathrm{Hel}_{50}$,NAC_antisymmetric_BB_contact_survival,antisymmetric_nac_bb,Any 1 antisymmetric NAC BB,chain_pair,all,largest_cluster,1596000.0,0.00021165957368920866,0.00010225574061853979,1934.4791075070375,9347.442116882818,7052.98641091508,0.8,8.0,100.0,61,95,3
G2_Wcluster_alhx700,$\mathrm{Hel}_{50}$,NAC_antisymmetric_BB_contact_survival,antisymmetric_nac_bb,Any 1 antisymmetric NAC BB,chain_pair,all,largest_cluster,1597000.0,0.00021165957368920866,0.00010225574061853979,1934.4791075070375,9347.442116882818,7052.98641091508,0.8,8.0,100.0,61,95,3
G2_Wcluster_alhx700,$\mathrm{Hel}_{50}$,NAC_antisymmetric_BB_contact_survival,antisymmetric_nac_bb,Any 1 antisymmetric NAC BB,chain_pair,all,largest_cluster,1598000.0,0.00021165957368920866,0.00010225574061853979,1934.4791075070375,9347.442116882818,7052.98641091508,0.8,8.0,100.0,61,95,3
G2_Wcluster_alhx700,$\mathrm{Hel}_{50}$,NAC_antisymmetric_BB_contact_survival,antisymmetric_nac_bb,Any 1 antisymmetric NAC BB,chain_pair,all,largest_cluster,1599000.0,0.00021165957368920866,0.00010225574061853979,1934.4791075070375,9347.442116882818,7052.98641091508,0.8,8.0,100.0,61,95,3
G2_Wcluster_alhx700,$\mathrm{Hel}_{50}$,NAC_antisymmetric_BB_contact_survival,antisymmetric_nac_bb,Any 1 antisymmetric NAC BB,chain_pair,all,largest_cluster,1600000.0,0.00021165957368920866,0.00010225574061853979,1934.4791075070375,9347.442116882818,7052.98641091508,0.8,8.0,100.0,61,95,3
G2_Wcluster_alhx700,$\mathrm{Hel}_{50}$,NAC_antisymmetric_BB_contact_survival,antisymmetric_nac_bb,Any 1 antisymmetric NAC BB,chain_pair,all,largest_cluster,1601000.0,0.00021165957368920866,0.00010225574061853979,1934.4791075070375,9347.442116882818,7052.98641091508,0.8,8.0,100.0,61,95,3
G2_Wcluster_alhx700,$\mathrm{Hel}_{50}$,NAC_antisymmetric_BB_contact_survival,antisymmetric_nac_bb,Any 1 antisymmetric NAC BB,chain_pair,all,largest_cluster,1602000.0,0.00021165957368920866,0.00010225574061853979,1934.4791075070375,9347.442116882818,7052.98641091508,0.8,8.0,100.0,61,95,3
G2_Wcluster_alhx700,$\mathrm{Hel}_{50}$,NAC_antisymmetric_BB_contact_survival,antisymmetric_nac_bb,Any 1 antisymmetric NAC BB,chain_pair,all,largest_cluster,1603000.0,0.00021165957368920866,0.00010225574061853979,1934.4791075070375,9347.442116882818,7052.98641091508,0.8,8.0,100.0,61,95,3
G2_Wcluster_alhx700,$\mathrm{Hel}_{50}$,NAC_antisymmetric_BB_contact_survival,antisymmetric_nac_bb,Any 1 antisymmetric NAC BB,chain_pair,all,largest_cluster,1604000.0,0.00021165957368920866,0.00010225574061853979,1934.4791075070375,9347.442116882818,7052.98641091508,0.8,8.0,100.0,61,95,3
G2_Wcluster_alhx700,$\mathrm{Hel}_{50}$,NAC_antisymmetric_BB_contact_survival,antisymmetric_nac_bb,Any 1 antisymmetric NAC BB,chain_pair,all,largest_cluster,1605000.0,0.00021165957368920866,0.00010225574061853979,1934.4791075070375,9347.442116882818,7052.98641091508,0.8,8.0,100.0,61,95,3
G2_Wcluster_alhx700,$\mathrm{Hel}_{50}$,NAC_antisymmetric_BB_contact_survival,antisymmetric_nac_bb,Any 1 antisymmetric NAC BB,chain_pair,all,largest_cluster,1606000.0,0.00021165957368920866,0.00010225574061853979,1934.4791075070375,9347.442116882818,7052.98641091508,0.8,8.0,100.0,61,95,3
G2_Wcluster_alhx700,$\mathrm{Hel}_{50}$,NAC_antisymmetric_BB_contact_survival,antisymmetric_nac_bb,Any 1 antisymmetric NAC BB,chain_pair,all,largest_cluster,1607000.0,0.00021165957368920866,0.00010225574061853979,1934.4791075070375,9347.442116882818,7052.98641091508,0.8,8.0,100.0,61,95,3
G2_Wcluster_alhx700,$\mathrm{Hel}_{50}$,NAC_antisymmetric_BB_contact_survival,antisymmetric_nac_bb,Any 1 antisymmetric NAC BB,chain_pair,all,largest_cluster,1608000.0,0.00021165957368920866,0.00010225574061853979,1934.4791075070375,9347.442116882818,7052.98641091508,0.8,8.0,100.0,61,95,3
G2_Wcluster_alhx700,$\mathrm{Hel}_{50}$,NAC_antisymmetric_BB_contact_survival,antisymmetric_nac_bb,Any 1 antisymmetric NAC BB,chain_pair,all,largest_cluster,1609000.0,0.00021165957368920866,0.00010225574061853979,1934.4791075070375,9347.442116882818,7052.98641091508,0.8,8.0,100.0,61,95,3
G2_Wcluster_alhx700,$\mathrm{Hel}_{50}$,NAC_antisymmetric_BB_contact_survival,antisymmetric_nac_bb,Any 1 antisymmetric NAC BB,chain_pair,all,largest_cluster,1610000.0,0.00021165957368920866,0.00010225574061853979,1934.4791075070375,9347.442116882818,7052.98641091508,0.8,8.0,100.0,61,95,3
G2_Wcluster_alhx700,$\mathrm{Hel}_{50}$,NAC_antisymmetric_BB_contact_survival,antisymmetric_nac_bb,Any 1 antisymmetric NAC BB,chain_pair,all,largest_cluster,1611000.0,0.00021165957368920866,0.00010225574061853979,1934.4791075070375,9347.442116882818,7052.98641091508,0.8,8.0,100.0,61,95,3
G2_Wcluster_alhx700,$\mathrm{Hel}_{50}$,NAC_antisymmetric_BB_contact_survival,antisymmetric_nac_bb,Any 1 antisymmetric NAC BB,chain_pair,all,largest_cluster,1612000.0,0.00021165957368920866,0.00010225574061853979,1934.4791075070375,9347.442116882818,7052.98641091508,0.8,8.0,100.0,61,95,3
G2_Wcluster_alhx700,$\mathrm{Hel}_{50}$,NAC_antisymmetric_BB_contact_survival,antisymmetric_nac_bb,Any 1 antisymmetric NAC BB,chain_pair,all,largest_cluster,1613000.0,0.00021165957368920866,0.00010225574061853979,1934.4791075070375,9347.442116882818,7052.98641091508,0.8,8.0,100.0,61,95,3
G2_Wcluster_alhx700,$\mathrm{Hel}_{50}$,NAC_antisymmetric_BB_contact_survival,antisymmetric_nac_bb,Any 1 antisymmetric NAC BB,chain_pair,all,largest_cluster,1614000.0,0.00021165957368920866,0.00010225574061853979,1934.4791075070375,9347.442116882818,7052.98641091508,0.8,8.0,100.0,61,95,3
G2_Wcluster_alhx700,$\mathrm{Hel}_{50}$,NAC_antisymmetric_BB_contact_survival,antisymmetric_nac_bb,Any 1 antisymmetric NAC BB,chain_pair,all,largest_cluster,1615000.0,0.00021165957368920866,0.00010225574061853979,1934.4791075070375,9347.442116882818,7052.98641091508,0.8,8.0,100.0,61,95,3
G2_Wcluster_alhx700,$\mathrm{Hel}_{50}$,NAC_antisymmetric_BB_contact_survival,antisymmetric_nac_bb,Any 1 antisymmetric NAC BB,chain_pair,all,largest_cluster,1616000.0,0.00021165957368920866,0.00010225574061853979,1934.4791075070375,9347.442116882818,7052.98641091508,0.8,8.0,100.0,61,95,3
G2_Wcluster_alhx700,$\mathrm{Hel}_{50}$,NAC_antisymmetric_BB_contact_survival,antisymmetric_nac_bb,Any 1 antisymmetric NAC BB,chain_pair,all,largest_cluster,1617000.0,0.00021165957368920866,0.00010225574061853979,1934.4791075070375,9347.442116882818,7052.98641091508,0.8,8.0,100.0,61,95,3
G2_Wcluster_alhx700,$\mathrm{Hel}_{50}$,NAC_antisymmetric_BB_contact_survival,antisymmetric_nac_bb,Any 1 antisymmetric NAC BB,chain_pair,all,largest_cluster,1618000.0,0.00021165957368920866,0.00010225574061853979,1934.4791075070375,9347.442116882818,7052.98641091508,0.8,8.0,100.0,61,95,3
G2_Wcluster_alhx700,$\mathrm{Hel}_{50}$,NAC_antisymmetric_BB_contact_survival,antisymmetric_nac_bb,Any 1 antisymmetric NAC BB,chain_pair,all,largest_cluster,1619000.0,0.00021165957368920866,0.00010225574061853979,1934.4791075070375,9347.442116882818,7052.98641091508,0.8,8.0,100.0,61,95,3
G2_Wcluster_alhx700,$\mathrm{Hel}_{50}$,NAC_antisymmetric_BB_contact_survival,antisymmetric_nac_bb,Any 1 antisymmetric NAC BB,chain_pair,all,largest_cluster,1620000.0,0.00021165957368920866,0.00010225574061853979,1934.4791075070375,9347.442116882818,7052.98641091508,0.8,8.0,100.0,61,95,3
G2_Wcluster_alhx700,$\mathrm{Hel}_{50}$,NAC_antisymmetric_BB_contact_survival,antisymmetric_nac_bb,Any 1 antisymmetric NAC BB,chain_pair,all,largest_cluster,1621000.0,0.00021165957368920866,0.00010225574061853979,1934.4791075070375,9347.442116882818,7052.98641091508,0.8,8.0,100.0,61,95,3
G2_Wcluster_alhx700,$\mathrm{Hel}_{50}$,NAC_antisymmetric_BB_contact_survival,antisymmetric_nac_bb,Any 1 antisymmetric NAC BB,chain_pair,all,largest_cluster,1622000.0,0.00015228420259313932,1.8347234918423353e-05,1934.4791075070375,9347.442116882818,7052.98641091508,0.8,8.0,100.0,61,95,3
G2_Wcluster_alhx700,$\mathrm{Hel}_{50}$,NAC_antisymmetric_BB_contact_survival,antisymmetric_nac_bb,Any 1 antisymmetric NAC BB,chain_pair,all,largest_cluster,1623000.0,0.00015228420259313932,1.8347234918423353e-05,1934.4791075070375,9347.442116882818,7052.98641091508,0.8,8.0,100.0,61,95,3
G2_Wcluster_alhx700,$\mathrm{Hel}_{50}$,NAC_antisymmetric_BB_contact_survival,antisymmetric_nac_bb,Any 1 antisymmetric NAC BB,chain_pair,all,largest_cluster,1624000.0,0.00015228420259313932,1.8347234918423353e-05,1934.4791075070375,9347.442116882818,7052.98641091508,0.8,8.0,100.0,61,95,3
G2_Wcluster_alhx700,$\mathrm{Hel}_{50}$,NAC_antisymmetric_BB_contact_survival,antisymmetric_nac_bb,Any 1 antisymmetric NAC BB,chain_pair,all,largest_cluster,1625000.0,0.00015228420259313932,1.8347234918423353e-05,1934.4791075070375,9347.442116882818,7052.98641091508,0.8,8.0,100.0,61,95,3
G2_Wcluster_alhx700,$\mathrm{Hel}_{50}$,NAC_antisymmetric_BB_contact_survival,antisymmetric_nac_bb,Any 1 antisymmetric NAC BB,chain_pair,all,largest_cluster,1626000.0,0.00015228420259313932,1.8347234918423353e-05,1934.4791075070375,9347.442116882818,7052.98641091508,0.8,8.0,100.0,61,95,3
G2_Wcluster_alhx700,$\mathrm{Hel}_{50}$,NAC_antisymmetric_BB_contact_survival,antisymmetric_nac_bb,Any 1 antisymmetric NAC BB,chain_pair,all,largest_cluster,1627000.0,0.00015228420259313932,1.8347234918423353e-05,1934.4791075070375,9347.442116882818,7052.98641091508,0.8,8.0,100.0,61,95,3
G2_Wcluster_alhx700,$\mathrm{Hel}_{50}$,NAC_antisymmetric_BB_contact_survival,antisymmetric_nac_bb,Any 1 antisymmetric NAC BB,chain_pair,all,largest_cluster,1628000.0,0.00015228420259313932,1.8347234918423353e-05,1934.4791075070375,9347.442116882818,7052.98641091508,0.8,8.0,100.0,61,95,3
G2_Wcluster_alhx700,$\mathrm{Hel}_{50}$,NAC_antisymmetric_BB_contact_survival,antisymmetric_nac_bb,Any 1 antisymmetric NAC BB,chain_pair,all,largest_cluster,1629000.0,0.00015228420259313932,1.8347234918423353e-05,1934.4791075070375,9347.442116882818,7052.98641091508,0.8,8.0,100.0,61,95,3
G2_Wcluster_alhx700,$\mathrm{Hel}_{50}$,NAC_antisymmetric_BB_contact_survival,antisymmetric_nac_bb,Any 1 antisymmetric NAC BB,chain_pair,all,largest_cluster,1630000.0,0.00015228420259313932,1.8347234918423353e-05,1934.4791075070375,9347.442116882818,7052.98641091508,0.8,8.0,100.0,61,95,3
G2_Wcluster_alhx700,$\mathrm{Hel}_{50}$,NAC_antisymmetric_BB_contact_survival,antisymmetric_nac_bb,Any 1 antisymmetric NAC BB,chain_pair,all,largest_cluster,1631000.0,0.00015228420259313932,1.8347234918423353e-05,1934.4791075070375,9347.442116882818,7052.98641091508,0.8,8.0,100.0,61,95,3
G2_Wcluster_alhx700,$\mathrm{Hel}_{50}$,NAC_antisymmetric_BB_contact_survival,antisymmetric_nac_bb,Any 1 antisymmetric NAC BB,chain_pair,all,largest_cluster,1632000.0,0.00015228420259313932,1.8347234918423353e-05,1934.4791075070375,9347.442116882818,7052.98641091508,0.8,8.0,100.0,61,95,3
G2_Wcluster_alhx700,$\mathrm{Hel}_{50}$,NAC_antisymmetric_BB_contact_survival,antisymmetric_nac_bb,Any 1 antisymmetric NAC BB,chain_pair,all,largest_cluster,1633000.0,0.00015228420259313932,1.8347234918423353e-05,1934.4791075070375,9347.442116882818,7052.98641091508,0.8,8.0,100.0,61,95,3
G2_Wcluster_alhx700,$\mathrm{Hel}_{50}$,NAC_antisymmetric_BB_contact_survival,antisymmetric_nac_bb,Any 1 antisymmetric NAC BB,chain_pair,all,largest_cluster,1634000.0,0.00015228420259313932,1.8347234918423353e-05,1934.4791075070375,9347.442116882818,7052.98641091508,0.8,8.0,100.0,61,95,3
G2_Wcluster_alhx700,$\mathrm{Hel}_{50}$,NAC_antisymmetric_BB_contact_survival,antisymmetric_nac_bb,Any 1 antisymmetric NAC BB,chain_pair,all,largest_cluster,1635000.0,0.00015228420259313932,1.8347234918423353e-05,1934.4791075070375,9347.442116882818,7052.98641091508,0.8,8.0,100.0,61,95,3
G2_Wcluster_alhx700,$\mathrm{Hel}_{50}$,NAC_antisymmetric_BB_contact_survival,antisymmetric_nac_bb,Any 1 antisymmetric NAC BB,chain_pair,all,largest_cluster,1636000.0,0.00015228420259313932,1.8347234918423353e-05,1934.4791075070375,9347.442116882818,7052.98641091508,0.8,8.0,100.0,61,95,3
G2_Wcluster_alhx700,$\mathrm{Hel}_{50}$,NAC_antisymmetric_BB_contact_survival,antisymmetric_nac_bb,Any 1 antisymmetric NAC BB,chain_pair,all,largest_cluster,1637000.0,0.00015228420259313932,1.8347234918423353e-05,1934.4791075070375,9347.442116882818,7052.98641091508,0.8,8.0,100.0,61,95,3
G2_Wcluster_alhx700,$\mathrm{Hel}_{50}$,NAC_antisymmetric_BB_contact_survival,antisymmetric_nac_bb,Any 1 antisymmetric NAC BB,chain_pair,all,largest_cluster,1638000.0,0.00015228420259313932,1.8347234918423353e-05,1934.4791075070375,9347.442116882818,7052.98641091508,0.8,8.0,100.0,61,95,3
G2_Wcluster_alhx700,$\mathrm{Hel}_{50}$,NAC_antisymmetric_BB_contact_survival,antisymmetric_nac_bb,Any 1 antisymmetric NAC BB,chain_pair,all,largest_cluster,1639000.0,0.00015228420259313932,1.8347234918423353e-05,1934.4791075070375,9347.442116882818,7052.98641091508,0.8,8.0,100.0,61,95,3
G2_Wcluster_alhx700,$\mathrm{Hel}_{50}$,NAC_antisymmetric_BB_contact_survival,antisymmetric_nac_bb,Any 1 antisymmetric NAC BB,chain_pair,all,largest_cluster,1640000.0,0.00015228420259313932,1.8347234918423353e-05,1934.4791075070375,9347.442116882818,7052.98641091508,0.8,8.0,100.0,61,95,3
G2_Wcluster_alhx700,$\mathrm{Hel}_{50}$,NAC_antisymmetric_BB_contact_survival,antisymmetric_nac_bb,Any 1 antisymmetric NAC BB,chain_pair,all,largest_cluster,1641000.0,0.00015228420259313932,1.8347234918423353e-05,1934.4791075070375,9347.442116882818,7052.98641091508,0.8,8.0,100.0,61,95,3
G2_Wcluster_alhx700,$\mathrm{Hel}_{50}$,NAC_antisymmetric_BB_contact_survival,antisymmetric_nac_bb,Any 1 antisymmetric NAC BB,chain_pair,all,largest_cluster,1642000.0,0.00015228420259313932,1.8347234918423353e-05,1934.4791075070375,9347.442116882818,7052.98641091508,0.8,8.0,100.0,61,95,3
G2_Wcluster_alhx700,$\mathrm{Hel}_{50}$,NAC_antisymmetric_BB_contact_survival,antisymmetric_nac_bb,Any 1 antisymmetric NAC BB,chain_pair,all,largest_cluster,1643000.0,0.00015228420259313932,1.8347234918423353e-05,1934.4791075070375,9347.442116882818,7052.98641091508,0.8,8.0,100.0,61,95,3
G2_Wcluster_alhx700,$\mathrm{Hel}_{50}$,NAC_antisymmetric_BB_contact_survival,antisymmetric_nac_bb,Any 1 antisymmetric NAC BB,chain_pair,all,largest_cluster,1644000.0,0.00015228420259313932,1.8347234918423353e-05,1934.4791075070375,9347.442116882818,7052.98641091508,0.8,8.0,100.0,61,95,3
G2_Wcluster_alhx700,$\mathrm{Hel}_{50}$,NAC_antisymmetric_BB_contact_survival,antisymmetric_nac_bb,Any 1 antisymmetric NAC BB,chain_pair,all,largest_cluster,1645000.0,0.00015228420259313932,1.8347234918423353e-05,1934.4791075070375,9347.442116882818,7052.98641091508,0.8,8.0,100.0,61,95,3
G2_Wcluster_alhx700,$\mathrm{Hel}_{50}$,NAC_antisymmetric_BB_contact_survival,antisymmetric_nac_bb,Any 1 antisymmetric NAC BB,chain_pair,all,largest_cluster,1646000.0,0.00015228420259313932,1.8347234918423353e-05,1934.4791075070375,9347.442116882818,7052.98641091508,0.8,8.0,100.0,61,95,3
G2_Wcluster_alhx700,$\mathrm{Hel}_{50}$,NAC_antisymmetric_BB_contact_survival,antisymmetric_nac_bb,Any 1 antisymmetric NAC BB,chain_pair,all,largest_cluster,1647000.0,0.00015228420259313932,1.8347234918423353e-05,1934.4791075070375,9347.442116882818,7052.98641091508,0.8,8.0,100.0,61,95,3
G2_Wcluster_alhx700,$\mathrm{Hel}_{50}$,NAC_antisymmetric_BB_contact_survival,antisymmetric_nac_bb,Any 1 antisymmetric NAC BB,chain_pair,all,largest_cluster,1648000.0,0.00015228420259313932,1.8347234918423353e-05,1934.4791075070375,9347.442116882818,7052.98641091508,0.8,8.0,100.0,61,95,3
G2_Wcluster_alhx700,$\mathrm{Hel}_{50}$,NAC_antisymmetric_BB_contact_survival,antisymmetric_nac_bb,Any 1 antisymmetric NAC BB,chain_pair,all,largest_cluster,1649000.0,0.00015228420259313932,1.8347234918423353e-05,1934.4791075070375,9347.442116882818,7052.98641091508,0.8,8.0,100.0,61,95,3
G2_Wcluster_alhx700,$\mathrm{Hel}_{50}$,NAC_antisymmetric_BB_contact_survival,antisymmetric_nac_bb,Any 1 antisymmetric NAC BB,chain_pair,all,largest_cluster,1650000.0,0.00015228420259313932,1.8347234918423353e-05,1934.4791075070375,9347.442116882818,7052.98641091508,0.8,8.0,100.0,61,95,3
G2_Wcluster_alhx700,$\mathrm{Hel}_{50}$,NAC_antisymmetric_BB_contact_survival,antisymmetric_nac_bb,Any 1 antisymmetric NAC BB,chain_pair,all,largest_cluster,1651000.0,0.00015228420259313932,1.8347234918423353e-05,1934.4791075070375,9347.442116882818,7052.98641091508,0.8,8.0,100.0,61,95,3
G2_Wcluster_alhx700,$\mathrm{Hel}_{50}$,NAC_antisymmetric_BB_contact_survival,antisymmetric_nac_bb,Any 1 antisymmetric NAC BB,chain_pair,all,largest_cluster,1652000.0,0.00015228420259313932,1.8347234918423353e-05,1934.4791075070375,9347.442116882818,7052.98641091508,0.8,8.0,100.0,61,95,3
G2_Wcluster_alhx700,$\mathrm{Hel}_{50}$,NAC_antisymmetric_BB_contact_survival,antisymmetric_nac_bb,Any 1 antisymmetric NAC BB,chain_pair,all,largest_cluster,1653000.0,0.00015228420259313932,1.8347234918423353e-05,1934.4791075070375,9347.442116882818,7052.98641091508,0.8,8.0,100.0,61,95,3
G2_Wcluster_alhx700,$\mathrm{Hel}_{50}$,NAC_antisymmetric_BB_contact_survival,antisymmetric_nac_bb,Any 1 antisymmetric NAC BB,chain_pair,all,largest_cluster,1654000.0,0.00015228420259313932,1.8347234918423353e-05,1934.4791075070375,9347.442116882818,7052.98641091508,0.8,8.0,100.0,61,95,3
G2_Wcluster_alhx700,$\mathrm{Hel}_{50}$,NAC_antisymmetric_BB_contact_survival,antisymmetric_nac_bb,Any 1 antisymmetric NAC BB,chain_pair,all,largest_cluster,1655000.0,0.00015228420259313932,1.8347234918423353e-05,1934.4791075070375,9347.442116882818,7052.98641091508,0.8,8.0,100.0,61,95,3
G2_Wcluster_alhx700,$\mathrm{Hel}_{50}$,NAC_antisymmetric_BB_contact_survival,antisymmetric_nac_bb,Any 1 antisymmetric NAC BB,chain_pair,all,largest_cluster,1656000.0,0.00015228420259313932,1.8347234918423353e-05,1934.4791075070375,9347.442116882818,7052.98641091508,0.8,8.0,100.0,61,95,3
G2_Wcluster_alhx700,$\mathrm{Hel}_{50}$,NAC_antisymmetric_BB_contact_survival,antisymmetric_nac_bb,Any 1 antisymmetric NAC BB,chain_pair,all,largest_cluster,1657000.0,0.00015228420259313932,1.8347234918423353e-05,1934.4791075070375,9347.442116882818,7052.98641091508,0.8,8.0,100.0,61,95,3
G2_Wcluster_alhx700,$\mathrm{Hel}_{50}$,NAC_antisymmetric_BB_contact_survival,antisymmetric_nac_bb,Any 1 antisymmetric NAC BB,chain_pair,all,largest_cluster,1658000.0,0.00015228420259313932,1.8347234918423353e-05,1934.4791075070375,9347.442116882818,7052.98641091508,0.8,8.0,100.0,61,95,3
G2_Wcluster_alhx700,$\mathrm{Hel}_{50}$,NAC_antisymmetric_BB_contact_survival,antisymmetric_nac_bb,Any 1 antisymmetric NAC BB,chain_pair,all,largest_cluster,1659000.0,0.00015228420259313932,1.8347234918423353e-05,1934.4791075070375,9347.442116882818,7052.98641091508,0.8,8.0,100.0,61,95,3
G2_Wcluster_alhx700,$\mathrm{Hel}_{50}$,NAC_antisymmetric_BB_contact_survival,antisymmetric_nac_bb,Any 1 antisymmetric NAC BB,chain_pair,all,largest_cluster,1660000.0,0.00015228420259313932,1.8347234918423353e-05,1934.4791075070375,9347.442116882818,7052.98641091508,0.8,8.0,100.0,61,95,3
G2_Wcluster_alhx700,$\mathrm{Hel}_{50}$,NAC_antisymmetric_BB_contact_survival,antisymmetric_nac_bb,Any 1 antisymmetric NAC BB,chain_pair,all,largest_cluster,1661000.0,0.00015228420259313932,1.8347234918423353e-05,1934.4791075070375,9347.442116882818,7052.98641091508,0.8,8.0,100.0,61,95,3
G2_Wcluster_alhx700,$\mathrm{Hel}_{50}$,NAC_antisymmetric_BB_contact_survival,antisymmetric_nac_bb,Any 1 antisymmetric NAC BB,chain_pair,all,largest_cluster,1662000.0,0.00015228420259313932,1.8347234918423353e-05,1934.4791075070375,9347.442116882818,7052.98641091508,0.8,8.0,100.0,61,95,3
G2_Wcluster_alhx700,$\mathrm{Hel}_{50}$,NAC_antisymmetric_BB_contact_survival,antisymmetric_nac_bb,Any 1 antisymmetric NAC BB,chain_pair,all,largest_cluster,1663000.0,0.00015228420259313932,1.8347234918423353e-05,1934.4791075070375,9347.442116882818,7052.98641091508,0.8,8.0,100.0,61,95,3
G2_Wcluster_alhx700,$\mathrm{Hel}_{50}$,NAC_antisymmetric_BB_contact_survival,antisymmetric_nac_bb,Any 1 antisymmetric NAC BB,chain_pair,all,largest_cluster,1664000.0,0.00015228420259313932,1.8347234918423353e-05,1934.4791075070375,9347.442116882818,7052.98641091508,0.8,8.0,100.0,61,95,3
G2_Wcluster_alhx700,$\mathrm{Hel}_{50}$,NAC_antisymmetric_BB_contact_survival,antisymmetric_nac_bb,Any 1 antisymmetric NAC BB,chain_pair,all,largest_cluster,1665000.0,0.00015228420259313932,1.8347234918423353e-05,1934.4791075070375,9347.442116882818,7052.98641091508,0.8,8.0,100.0,61,95,3
G2_Wcluster_alhx700,$\mathrm{Hel}_{50}$,NAC_antisymmetric_BB_contact_survival,antisymmetric_nac_bb,Any 1 antisymmetric NAC BB,chain_pair,all,largest_cluster,1666000.0,0.00015228420259313932,1.8347234918423353e-05,1934.4791075070375,9347.442116882818,7052.98641091508,0.8,8.0,100.0,61,95,3
G2_Wcluster_alhx700,$\mathrm{Hel}_{50}$,NAC_antisymmetric_BB_contact_survival,antisymmetric_nac_bb,Any 1 antisymmetric NAC BB,chain_pair,all,largest_cluster,1667000.0,0.00015228420259313932,1.8347234918423353e-05,1934.4791075070375,9347.442116882818,7052.98641091508,0.8,8.0,100.0,61,95,3
G2_Wcluster_alhx700,$\mathrm{Hel}_{50}$,NAC_antisymmetric_BB_contact_survival,antisymmetric_nac_bb,Any 1 antisymmetric NAC BB,chain_pair,all,largest_cluster,1668000.0,0.00015228420259313932,1.8347234918423353e-05,1934.4791075070375,9347.442116882818,7052.98641091508,0.8,8.0,100.0,61,95,3
G2_Wcluster_alhx700,$\mathrm{Hel}_{50}$,NAC_antisymmetric_BB_contact_survival,antisymmetric_nac_bb,Any 1 antisymmetric NAC BB,chain_pair,all,largest_cluster,1669000.0,0.00015228420259313932,1.8347234918423353e-05,1934.4791075070375,9347.442116882818,7052.98641091508,0.8,8.0,100.0,61,95,3
G2_Wcluster_alhx700,$\mathrm{Hel}_{50}$,NAC_antisymmetric_BB_contact_survival,antisymmetric_nac_bb,Any 1 antisymmetric NAC BB,chain_pair,all,largest_cluster,1670000.0,0.00015228420259313932,1.8347234918423353e-05,1934.4791075070375,9347.442116882818,7052.98641091508,0.8,8.0,100.0,61,95,3
G2_Wcluster_alhx700,$\mathrm{Hel}_{50}$,NAC_antisymmetric_BB_contact_survival,antisymmetric_nac_bb,Any 1 antisymmetric NAC BB,chain_pair,all,largest_cluster,1671000.0,0.00015228420259313932,1.8347234918423353e-05,1934.4791075070375,9347.442116882818,7052.98641091508,0.8,8.0,100.0,61,95,3
G2_Wcluster_alhx700,$\mathrm{Hel}_{50}$,NAC_antisymmetric_BB_contact_survival,antisymmetric_nac_bb,Any 1 antisymmetric NAC BB,chain_pair,all,largest_cluster,1672000.0,0.00015228420259313932,1.8347234918423353e-05,1934.4791075070375,9347.442116882818,7052.98641091508,0.8,8.0,100.0,61,95,3
G2_Wcluster_alhx700,$\mathrm{Hel}_{50}$,NAC_antisymmetric_BB_contact_survival,antisymmetric_nac_bb,Any 1 antisymmetric NAC BB,chain_pair,all,largest_cluster,1673000.0,0.00015228420259313932,1.8347234918423353e-05,1934.4791075070375,9347.442116882818,7052.98641091508,0.8,8.0,100.0,61,95,3
G2_Wcluster_alhx700,$\mathrm{Hel}_{50}$,NAC_antisymmetric_BB_contact_survival,antisymmetric_nac_bb,Any 1 antisymmetric NAC BB,chain_pair,all,largest_cluster,1674000.0,0.00015228420259313932,1.8347234918423353e-05,1934.4791075070375,9347.442116882818,7052.98641091508,0.8,8.0,100.0,61,95,3
G2_Wcluster_alhx700,$\mathrm{Hel}_{50}$,NAC_antisymmetric_BB_contact_survival,antisymmetric_nac_bb,Any 1 antisymmetric NAC BB,chain_pair,all,largest_cluster,1675000.0,0.00015228420259313932,1.8347234918423353e-05,1934.4791075070375,9347.442116882818,7052.98641091508,0.8,8.0,100.0,61,95,3
G2_Wcluster_alhx700,$\mathrm{Hel}_{50}$,NAC_antisymmetric_BB_contact_survival,antisymmetric_nac_bb,Any 1 antisymmetric NAC BB,chain_pair,all,largest_cluster,1676000.0,0.00015228420259313932,1.8347234918423353e-05,1934.4791075070375,9347.442116882818,7052.98641091508,0.8,8.0,100.0,61,95,3
G2_Wcluster_alhx700,$\mathrm{Hel}_{50}$,NAC_antisymmetric_BB_contact_survival,antisymmetric_nac_bb,Any 1 antisymmetric NAC BB,chain_pair,all,largest_cluster,1677000.0,0.00015228420259313932,1.8347234918423353e-05,1934.4791075070375,9347.442116882818,7052.98641091508,0.8,8.0,100.0,61,95,3
G2_Wcluster_alhx700,$\mathrm{Hel}_{50}$,NAC_antisymmetric_BB_contact_survival,antisymmetric_nac_bb,Any 1 antisymmetric NAC BB,chain_pair,all,largest_cluster,1678000.0,0.00015228420259313932,1.8347234918423353e-05,1934.4791075070375,9347.442116882818,7052.98641091508,0.8,8.0,100.0,61,95,3
G2_Wcluster_alhx700,$\mathrm{Hel}_{50}$,NAC_antisymmetric_BB_contact_survival,antisymmetric_nac_bb,Any 1 antisymmetric NAC BB,chain_pair,all,largest_cluster,1679000.0,0.00015228420259313932,1.8347234918423353e-05,1934.4791075070375,9347.442116882818,7052.98641091508,0.8,8.0,100.0,61,95,3
G2_Wcluster_alhx700,$\mathrm{Hel}_{50}$,NAC_antisymmetric_BB_contact_survival,antisymmetric_nac_bb,Any 1 antisymmetric NAC BB,chain_pair,all,largest_cluster,1680000.0,0.00015228420259313932,1.8347234918423353e-05,1934.4791075070375,9347.442116882818,7052.98641091508,0.8,8.0,100.0,61,95,3
G2_Wcluster_alhx700,$\mathrm{Hel}_{50}$,NAC_antisymmetric_BB_contact_survival,antisymmetric_nac_bb,Any 1 antisymmetric NAC BB,chain_pair,all,largest_cluster,1681000.0,0.00015228420259313932,1.8347234918423353e-05,1934.4791075070375,9347.442116882818,7052.98641091508,0.8,8.0,100.0,61,95,3
G2_Wcluster_alhx700,$\mathrm{Hel}_{50}$,NAC_antisymmetric_BB_contact_survival,antisymmetric_nac_bb,Any 1 antisymmetric NAC BB,chain_pair,all,largest_cluster,1682000.0,0.00015228420259313932,1.8347234918423353e-05,1934.4791075070375,9347.442116882818,7052.98641091508,0.8,8.0,100.0,61,95,3
G2_Wcluster_alhx700,$\mathrm{Hel}_{50}$,NAC_antisymmetric_BB_contact_survival,antisymmetric_nac_bb,Any 1 antisymmetric NAC BB,chain_pair,all,largest_cluster,1683000.0,0.00015228420259313932,1.8347234918423353e-05,1934.4791075070375,9347.442116882818,7052.98641091508,0.8,8.0,100.0,61,95,3
G2_Wcluster_alhx700,$\mathrm{Hel}_{50}$,NAC_antisymmetric_BB_contact_survival,antisymmetric_nac_bb,Any 1 antisymmetric NAC BB,chain_pair,all,largest_cluster,1684000.0,0.00015228420259313932,1.8347234918423353e-05,1934.4791075070375,9347.442116882818,7052.98641091508,0.8,8.0,100.0,61,95,3
G2_Wcluster_alhx700,$\mathrm{Hel}_{50}$,NAC_antisymmetric_BB_contact_survival,antisymmetric_nac_bb,Any 1 antisymmetric NAC BB,chain_pair,all,largest_cluster,1685000.0,0.00015228420259313932,1.8347234918423353e-05,1934.4791075070375,9347.442116882818,7052.98641091508,0.8,8.0,100.0,61,95,3
G2_Wcluster_alhx700,$\mathrm{Hel}_{50}$,NAC_antisymmetric_BB_contact_survival,antisymmetric_nac_bb,Any 1 antisymmetric NAC BB,chain_pair,all,largest_cluster,1686000.0,0.00015228420259313932,1.8347234918423353e-05,1934.4791075070375,9347.442116882818,7052.98641091508,0.8,8.0,100.0,61,95,3
G2_Wcluster_alhx700,$\mathrm{Hel}_{50}$,NAC_antisymmetric_BB_contact_survival,antisymmetric_nac_bb,Any 1 antisymmetric NAC BB,chain_pair,all,largest_cluster,1687000.0,0.00015228420259313932,1.8347234918423353e-05,1934.4791075070375,9347.442116882818,7052.98641091508,0.8,8.0,100.0,61,95,3
G2_Wcluster_alhx700,$\mathrm{Hel}_{50}$,NAC_antisymmetric_BB_contact_survival,antisymmetric_nac_bb,Any 1 antisymmetric NAC BB,chain_pair,all,largest_cluster,1688000.0,0.00015228420259313932,1.8347234918423353e-05,1934.4791075070375,9347.442116882818,7052.98641091508,0.8,8.0,100.0,61,95,3
G2_Wcluster_alhx700,$\mathrm{Hel}_{50}$,NAC_antisymmetric_BB_contact_survival,antisymmetric_nac_bb,Any 1 antisymmetric NAC BB,chain_pair,all,largest_cluster,1689000.0,0.00015228420259313932,1.8347234918423353e-05,1934.4791075070375,9347.442116882818,7052.98641091508,0.8,8.0,100.0,61,95,3
G2_Wcluster_alhx700,$\mathrm{Hel}_{50}$,NAC_antisymmetric_BB_contact_survival,antisymmetric_nac_bb,Any 1 antisymmetric NAC BB,chain_pair,all,largest_cluster,1690000.0,0.00015228420259313932,1.8347234918423353e-05,1934.4791075070375,9347.442116882818,7052.98641091508,0.8,8.0,100.0,61,95,3
G2_Wcluster_alhx700,$\mathrm{Hel}_{50}$,NAC_antisymmetric_BB_contact_survival,antisymmetric_nac_bb,Any 1 antisymmetric NAC BB,chain_pair,all,largest_cluster,1691000.0,0.00015228420259313932,1.8347234918423353e-05,1934.4791075070375,9347.442116882818,7052.98641091508,0.8,8.0,100.0,61,95,3
G2_Wcluster_alhx700,$\mathrm{Hel}_{50}$,NAC_antisymmetric_BB_contact_survival,antisymmetric_nac_bb,Any 1 antisymmetric NAC BB,chain_pair,all,largest_cluster,1692000.0,0.00015228420259313932,1.8347234918423353e-05,1934.4791075070375,9347.442116882818,7052.98641091508,0.8,8.0,100.0,61,95,3
G2_Wcluster_alhx700,$\mathrm{Hel}_{50}$,NAC_antisymmetric_BB_contact_survival,antisymmetric_nac_bb,Any 1 antisymmetric NAC BB,chain_pair,all,largest_cluster,1693000.0,0.00015228420259313932,1.8347234918423353e-05,1934.4791075070375,9347.442116882818,7052.98641091508,0.8,8.0,100.0,61,95,3
G2_Wcluster_alhx700,$\mathrm{Hel}_{50}$,NAC_antisymmetric_BB_contact_survival,antisymmetric_nac_bb,Any 1 antisymmetric NAC BB,chain_pair,all,largest_cluster,1694000.0,0.00015228420259313932,1.8347234918423353e-05,1934.4791075070375,9347.442116882818,7052.98641091508,0.8,8.0,100.0,61,95,3
G2_Wcluster_alhx700,$\mathrm{Hel}_{50}$,NAC_antisymmetric_BB_contact_survival,antisymmetric_nac_bb,Any 1 antisymmetric NAC BB,chain_pair,all,largest_cluster,1695000.0,0.00015228420259313932,1.8347234918423353e-05,1934.4791075070375,9347.442116882818,7052.98641091508,0.8,8.0,100.0,61,95,3
G2_Wcluster_alhx700,$\mathrm{Hel}_{50}$,NAC_antisymmetric_BB_contact_survival,antisymmetric_nac_bb,Any 1 antisymmetric NAC BB,chain_pair,all,largest_cluster,1696000.0,0.00015228420259313932,1.8347234918423353e-05,1934.4791075070375,9347.442116882818,7052.98641091508,0.8,8.0,100.0,61,95,3
G2_Wcluster_alhx700,$\mathrm{Hel}_{50}$,NAC_antisymmetric_BB_contact_survival,antisymmetric_nac_bb,Any 1 antisymmetric NAC BB,chain_pair,all,largest_cluster,1697000.0,0.00015228420259313932,1.8347234918423353e-05,1934.4791075070375,9347.442116882818,7052.98641091508,0.8,8.0,100.0,61,95,3
G2_Wcluster_alhx700,$\mathrm{Hel}_{50}$,NAC_antisymmetric_BB_contact_survival,antisymmetric_nac_bb,Any 1 antisymmetric NAC BB,chain_pair,all,largest_cluster,1698000.0,0.00015228420259313932,1.8347234918423353e-05,1934.4791075070375,9347.442116882818,7052.98641091508,0.8,8.0,100.0,61,95,3
G2_Wcluster_alhx700,$\mathrm{Hel}_{50}$,NAC_antisymmetric_BB_contact_survival,antisymmetric_nac_bb,Any 1 antisymmetric NAC BB,chain_pair,all,largest_cluster,1699000.0,0.00015228420259313932,1.8347234918423353e-05,1934.4791075070375,9347.442116882818,7052.98641091508,0.8,8.0,100.0,61,95,3
G2_Wcluster_alhx700,$\mathrm{Hel}_{50}$,NAC_antisymmetric_BB_contact_survival,antisymmetric_nac_bb,Any 1 antisymmetric NAC BB,chain_pair,all,largest_cluster,1700000.0,0.00015228420259313932,1.8347234918423353e-05,1934.4791075070375,9347.442116882818,7052.98641091508,0.8,8.0,100.0,61,95,3
G2_Wcluster_alhx700,$\mathrm{Hel}_{50}$,NAC_antisymmetric_BB_contact_survival,antisymmetric_nac_bb,Any 1 antisymmetric NAC BB,chain_pair,all,largest_cluster,1701000.0,0.00015228420259313932,1.8347234918423353e-05,1934.4791075070375,9347.442116882818,7052.98641091508,0.8,8.0,100.0,61,95,3
G2_Wcluster_alhx700,$\mathrm{Hel}_{50}$,NAC_antisymmetric_BB_contact_survival,antisymmetric_nac_bb,Any 1 antisymmetric NAC BB,chain_pair,all,largest_cluster,1702000.0,0.00015228420259313932,1.8347234918423353e-05,1934.4791075070375,9347.442116882818,7052.98641091508,0.8,8.0,100.0,61,95,3
G2_Wcluster_alhx700,$\mathrm{Hel}_{50}$,NAC_antisymmetric_BB_contact_survival,antisymmetric_nac_bb,Any 1 antisymmetric NAC BB,chain_pair,all,largest_cluster,1703000.0,0.00015228420259313932,1.8347234918423353e-05,1934.4791075070375,9347.442116882818,7052.98641091508,0.8,8.0,100.0,61,95,3
G2_Wcluster_alhx700,$\mathrm{Hel}_{50}$,NAC_antisymmetric_BB_contact_survival,antisymmetric_nac_bb,Any 1 antisymmetric NAC BB,chain_pair,all,largest_cluster,1704000.0,0.00015228420259313932,1.8347234918423353e-05,1934.4791075070375,9347.442116882818,7052.98641091508,0.8,8.0,100.0,61,95,3
G2_Wcluster_alhx700,$\mathrm{Hel}_{50}$,NAC_antisymmetric_BB_contact_survival,antisymmetric_nac_bb,Any 1 antisymmetric NAC BB,chain_pair,all,largest_cluster,1705000.0,0.00015228420259313932,1.8347234918423353e-05,1934.4791075070375,9347.442116882818,7052.98641091508,0.8,8.0,100.0,61,95,3
G2_Wcluster_alhx700,$\mathrm{Hel}_{50}$,NAC_antisymmetric_BB_contact_survival,antisymmetric_nac_bb,Any 1 antisymmetric NAC BB,chain_pair,all,largest_cluster,1706000.0,0.00015228420259313932,1.8347234918423353e-05,1934.4791075070375,9347.442116882818,7052.98641091508,0.8,8.0,100.0,61,95,3
G2_Wcluster_alhx700,$\mathrm{Hel}_{50}$,NAC_antisymmetric_BB_contact_survival,antisymmetric_nac_bb,Any 1 antisymmetric NAC BB,chain_pair,all,largest_cluster,1707000.0,0.00015228420259313932,1.8347234918423353e-05,1934.4791075070375,9347.442116882818,7052.98641091508,0.8,8.0,100.0,61,95,3
G2_Wcluster_alhx700,$\mathrm{Hel}_{50}$,NAC_antisymmetric_BB_contact_survival,antisymmetric_nac_bb,Any 1 antisymmetric NAC BB,chain_pair,all,largest_cluster,1708000.0,0.00015228420259313932,1.8347234918423353e-05,1934.4791075070375,9347.442116882818,7052.98641091508,0.8,8.0,100.0,61,95,3
G2_Wcluster_alhx700,$\mathrm{Hel}_{50}$,NAC_antisymmetric_BB_contact_survival,antisymmetric_nac_bb,Any 1 antisymmetric NAC BB,chain_pair,all,largest_cluster,1709000.0,0.00015228420259313932,1.8347234918423353e-05,1934.4791075070375,9347.442116882818,7052.98641091508,0.8,8.0,100.0,61,95,3
G2_Wcluster_alhx700,$\mathrm{Hel}_{50}$,NAC_antisymmetric_BB_contact_survival,antisymmetric_nac_bb,Any 1 antisymmetric NAC BB,chain_pair,all,largest_cluster,1710000.0,0.00015228420259313932,1.8347234918423353e-05,1934.4791075070375,9347.442116882818,7052.98641091508,0.8,8.0,100.0,61,95,3
G2_Wcluster_alhx700,$\mathrm{Hel}_{50}$,NAC_antisymmetric_BB_contact_survival,antisymmetric_nac_bb,Any 1 antisymmetric NAC BB,chain_pair,all,largest_cluster,1711000.0,9.290883149706997e-05,6.571715407746541e-05,1934.4791075070375,9347.442116882818,7052.98641091508,0.8,8.0,100.0,61,95,3
G2_Wcluster_alhx700,$\mathrm{Hel}_{50}$,NAC_antisymmetric_BB_contact_survival,antisymmetric_nac_bb,Any 1 antisymmetric NAC BB,chain_pair,all,largest_cluster,1712000.0,9.290883149706997e-05,6.571715407746541e-05,1934.4791075070375,9347.442116882818,7052.98641091508,0.8,8.0,100.0,61,95,3
G2_Wcluster_alhx700,$\mathrm{Hel}_{50}$,NAC_antisymmetric_BB_contact_survival,antisymmetric_nac_bb,Any 1 antisymmetric NAC BB,chain_pair,all,largest_cluster,1713000.0,9.290883149706997e-05,6.571715407746541e-05,1934.4791075070375,9347.442116882818,7052.98641091508,0.8,8.0,100.0,61,95,3
G2_Wcluster_alhx700,$\mathrm{Hel}_{50}$,NAC_antisymmetric_BB_contact_survival,antisymmetric_nac_bb,Any 1 antisymmetric NAC BB,chain_pair,all,largest_cluster,1714000.0,9.290883149706997e-05,6.571715407746541e-05,1934.4791075070375,9347.442116882818,7052.98641091508,0.8,8.0,100.0,61,95,3
G2_Wcluster_alhx700,$\mathrm{Hel}_{50}$,NAC_antisymmetric_BB_contact_survival,antisymmetric_nac_bb,Any 1 antisymmetric NAC BB,chain_pair,all,largest_cluster,1715000.0,9.290883149706997e-05,6.571715407746541e-05,1934.4791075070375,9347.442116882818,7052.98641091508,0.8,8.0,100.0,61,95,3
G2_Wcluster_alhx700,$\mathrm{Hel}_{50}$,NAC_antisymmetric_BB_contact_survival,antisymmetric_nac_bb,Any 1 antisymmetric NAC BB,chain_pair,all,largest_cluster,1716000.0,9.290883149706997e-05,6.571715407746541e-05,1934.4791075070375,9347.442116882818,7052.98641091508,0.8,8.0,100.0,61,95,3
G2_Wcluster_alhx700,$\mathrm{Hel}_{50}$,NAC_antisymmetric_BB_contact_survival,antisymmetric_nac_bb,Any 1 antisymmetric NAC BB,chain_pair,all,largest_cluster,1717000.0,9.290883149706997e-05,6.571715407746541e-05,1934.4791075070375,9347.442116882818,7052.98641091508,0.8,8.0,100.0,61,95,3
G2_Wcluster_alhx700,$\mathrm{Hel}_{50}$,NAC_antisymmetric_BB_contact_survival,antisymmetric_nac_bb,Any 1 antisymmetric NAC BB,chain_pair,all,largest_cluster,1718000.0,9.290883149706997e-05,6.571715407746541e-05,1934.4791075070375,9347.442116882818,7052.98641091508,0.8,8.0,100.0,61,95,3
G2_Wcluster_alhx700,$\mathrm{Hel}_{50}$,NAC_antisymmetric_BB_contact_survival,antisymmetric_nac_bb,Any 1 antisymmetric NAC BB,chain_pair,all,largest_cluster,1719000.0,9.290883149706997e-05,6.571715407746541e-05,1934.4791075070375,9347.442116882818,7052.98641091508,0.8,8.0,100.0,61,95,3
G2_Wcluster_alhx700,$\mathrm{Hel}_{50}$,NAC_antisymmetric_BB_contact_survival,antisymmetric_nac_bb,Any 1 antisymmetric NAC BB,chain_pair,all,largest_cluster,1720000.0,9.290883149706997e-05,6.571715407746541e-05,1934.4791075070375,9347.442116882818,7052.98641091508,0.8,8.0,100.0,61,95,3
G2_Wcluster_alhx700,$\mathrm{Hel}_{50}$,NAC_antisymmetric_BB_contact_survival,antisymmetric_nac_bb,Any 1 antisymmetric NAC BB,chain_pair,all,largest_cluster,1721000.0,9.290883149706997e-05,6.571715407746541e-05,1934.4791075070375,9347.442116882818,7052.98641091508,0.8,8.0,100.0,61,95,3
G2_Wcluster_alhx700,$\mathrm{Hel}_{50}$,NAC_antisymmetric_BB_contact_survival,antisymmetric_nac_bb,Any 1 antisymmetric NAC BB,chain_pair,all,largest_cluster,1722000.0,9.290883149706997e-05,6.571715407746541e-05,1934.4791075070375,9347.442116882818,7052.98641091508,0.8,8.0,100.0,61,95,3
G2_Wcluster_alhx700,$\mathrm{Hel}_{50}$,NAC_antisymmetric_BB_contact_survival,antisymmetric_nac_bb,Any 1 antisymmetric NAC BB,chain_pair,all,largest_cluster,1723000.0,9.290883149706997e-05,6.571715407746541e-05,1934.4791075070375,9347.442116882818,7052.98641091508,0.8,8.0,100.0,61,95,3
G2_Wcluster_alhx700,$\mathrm{Hel}_{50}$,NAC_antisymmetric_BB_contact_survival,antisymmetric_nac_bb,Any 1 antisymmetric NAC BB,chain_pair,all,largest_cluster,1724000.0,9.290883149706997e-05,6.571715407746541e-05,1934.4791075070375,9347.442116882818,7052.98641091508,0.8,8.0,100.0,61,95,3
G2_Wcluster_alhx700,$\mathrm{Hel}_{50}$,NAC_antisymmetric_BB_contact_survival,antisymmetric_nac_bb,Any 1 antisymmetric NAC BB,chain_pair,all,largest_cluster,1725000.0,9.290883149706997e-05,6.571715407746541e-05,1934.4791075070375,9347.442116882818,7052.98641091508,0.8,8.0,100.0,61,95,3
G2_Wcluster_alhx700,$\mathrm{Hel}_{50}$,NAC_antisymmetric_BB_contact_survival,antisymmetric_nac_bb,Any 1 antisymmetric NAC BB,chain_pair,all,largest_cluster,1726000.0,9.290883149706997e-05,6.571715407746541e-05,1934.4791075070375,9347.442116882818,7052.98641091508,0.8,8.0,100.0,61,95,3
G2_Wcluster_alhx700,$\mathrm{Hel}_{50}$,NAC_antisymmetric_BB_contact_survival,antisymmetric_nac_bb,Any 1 antisymmetric NAC BB,chain_pair,all,largest_cluster,1727000.0,9.290883149706997e-05,6.571715407746541e-05,1934.4791075070375,9347.442116882818,7052.98641091508,0.8,8.0,100.0,61,95,3
G2_Wcluster_alhx700,$\mathrm{Hel}_{50}$,NAC_antisymmetric_BB_contact_survival,antisymmetric_nac_bb,Any 1 antisymmetric NAC BB,chain_pair,all,largest_cluster,1728000.0,9.290883149706997e-05,6.571715407746541e-05,1934.4791075070375,9347.442116882818,7052.98641091508,0.8,8.0,100.0,61,95,3
G2_Wcluster_alhx700,$\mathrm{Hel}_{50}$,NAC_antisymmetric_BB_contact_survival,antisymmetric_nac_bb,Any 1 antisymmetric NAC BB,chain_pair,all,largest_cluster,1729000.0,9.290883149706997e-05,6.571715407746541e-05,1934.4791075070375,9347.442116882818,7052.98641091508,0.8,8.0,100.0,61,95,3
G2_Wcluster_alhx700,$\mathrm{Hel}_{50}$,NAC_antisymmetric_BB_contact_survival,antisymmetric_nac_bb,Any 1 antisymmetric NAC BB,chain_pair,all,largest_cluster,1730000.0,9.290883149706997e-05,6.571715407746541e-05,1934.4791075070375,9347.442116882818,7052.98641091508,0.8,8.0,100.0,61,95,3
G2_Wcluster_alhx700,$\mathrm{Hel}_{50}$,NAC_antisymmetric_BB_contact_survival,antisymmetric_nac_bb,Any 1 antisymmetric NAC BB,chain_pair,all,largest_cluster,1731000.0,9.290883149706997e-05,6.571715407746541e-05,1934.4791075070375,9347.442116882818,7052.98641091508,0.8,8.0,100.0,61,95,3
G2_Wcluster_alhx700,$\mathrm{Hel}_{50}$,NAC_antisymmetric_BB_contact_survival,antisymmetric_nac_bb,Any 1 antisymmetric NAC BB,chain_pair,all,largest_cluster,1732000.0,9.290883149706997e-05,6.571715407746541e-05,1934.4791075070375,9347.442116882818,7052.98641091508,0.8,8.0,100.0,61,95,3
G2_Wcluster_alhx700,$\mathrm{Hel}_{50}$,NAC_antisymmetric_BB_contact_survival,antisymmetric_nac_bb,Any 1 antisymmetric NAC BB,chain_pair,all,largest_cluster,1733000.0,9.290883149706997e-05,6.571715407746541e-05,1934.4791075070375,9347.442116882818,7052.98641091508,0.8,8.0,100.0,61,95,3
G2_Wcluster_alhx700,$\mathrm{Hel}_{50}$,NAC_antisymmetric_BB_contact_survival,antisymmetric_nac_bb,Any 1 antisymmetric NAC BB,chain_pair,all,largest_cluster,1734000.0,9.290883149706997e-05,6.571715407746541e-05,1934.4791075070375,9347.442116882818,7052.98641091508,0.8,8.0,100.0,61,95,3
G2_Wcluster_alhx700,$\mathrm{Hel}_{50}$,NAC_antisymmetric_BB_contact_survival,antisymmetric_nac_bb,Any 1 antisymmetric NAC BB,chain_pair,all,largest_cluster,1735000.0,9.290883149706997e-05,6.571715407746541e-05,1934.4791075070375,9347.442116882818,7052.98641091508,0.8,8.0,100.0,61,95,3
G2_Wcluster_alhx700,$\mathrm{Hel}_{50}$,NAC_antisymmetric_BB_contact_survival,antisymmetric_nac_bb,Any 1 antisymmetric NAC BB,chain_pair,all,largest_cluster,1736000.0,9.290883149706997e-05,6.571715407746541e-05,1934.4791075070375,9347.442116882818,7052.98641091508,0.8,8.0,100.0,61,95,3
G2_Wcluster_alhx700,$\mathrm{Hel}_{50}$,NAC_antisymmetric_BB_contact_survival,antisymmetric_nac_bb,Any 1 antisymmetric NAC BB,chain_pair,all,largest_cluster,1737000.0,9.290883149706997e-05,6.571715407746541e-05,1934.4791075070375,9347.442116882818,7052.98641091508,0.8,8.0,100.0,61,95,3
G2_Wcluster_alhx700,$\mathrm{Hel}_{50}$,NAC_antisymmetric_BB_contact_survival,antisymmetric_nac_bb,Any 1 antisymmetric NAC BB,chain_pair,all,largest_cluster,1738000.0,9.290883149706997e-05,6.571715407746541e-05,1934.4791075070375,9347.442116882818,7052.98641091508,0.8,8.0,100.0,61,95,3
G2_Wcluster_alhx700,$\mathrm{Hel}_{50}$,NAC_antisymmetric_BB_contact_survival,antisymmetric_nac_bb,Any 1 antisymmetric NAC BB,chain_pair,all,largest_cluster,1739000.0,9.290883149706997e-05,6.571715407746541e-05,1934.4791075070375,9347.442116882818,7052.98641091508,0.8,8.0,100.0,61,95,3
G2_Wcluster_alhx700,$\mathrm{Hel}_{50}$,NAC_antisymmetric_BB_contact_survival,antisymmetric_nac_bb,Any 1 antisymmetric NAC BB,chain_pair,all,largest_cluster,1740000.0,9.290883149706997e-05,6.571715407746541e-05,1934.4791075070375,9347.442116882818,7052.98641091508,0.8,8.0,100.0,61,95,3
G2_Wcluster_alhx700,$\mathrm{Hel}_{50}$,NAC_antisymmetric_BB_contact_survival,antisymmetric_nac_bb,Any 1 antisymmetric NAC BB,chain_pair,all,largest_cluster,1741000.0,9.290883149706997e-05,6.571715407746541e-05,1934.4791075070375,9347.442116882818,7052.98641091508,0.8,8.0,100.0,61,95,3
G2_Wcluster_alhx700,$\mathrm{Hel}_{50}$,NAC_antisymmetric_BB_contact_survival,antisymmetric_nac_bb,Any 1 antisymmetric NAC BB,chain_pair,all,largest_cluster,1742000.0,9.290883149706997e-05,6.571715407746541e-05,1934.4791075070375,9347.442116882818,7052.98641091508,0.8,8.0,100.0,61,95,3
G2_Wcluster_alhx700,$\mathrm{Hel}_{50}$,NAC_antisymmetric_BB_contact_survival,antisymmetric_nac_bb,Any 1 antisymmetric NAC BB,chain_pair,all,largest_cluster,1743000.0,9.290883149706997e-05,6.571715407746541e-05,1934.4791075070375,9347.442116882818,7052.98641091508,0.8,8.0,100.0,61,95,3
G2_Wcluster_alhx700,$\mathrm{Hel}_{50}$,NAC_antisymmetric_BB_contact_survival,antisymmetric_nac_bb,Any 1 antisymmetric NAC BB,chain_pair,all,largest_cluster,1744000.0,9.290883149706997e-05,6.571715407746541e-05,1934.4791075070375,9347.442116882818,7052.98641091508,0.8,8.0,100.0,61,95,3
G2_Wcluster_alhx700,$\mathrm{Hel}_{50}$,NAC_antisymmetric_BB_contact_survival,antisymmetric_nac_bb,Any 1 antisymmetric NAC BB,chain_pair,all,largest_cluster,1745000.0,9.290883149706997e-05,6.571715407746541e-05,1934.4791075070375,9347.442116882818,7052.98641091508,0.8,8.0,100.0,61,95,3
G2_Wcluster_alhx700,$\mathrm{Hel}_{50}$,NAC_antisymmetric_BB_contact_survival,antisymmetric_nac_bb,Any 1 antisymmetric NAC BB,chain_pair,all,largest_cluster,1746000.0,9.290883149706997e-05,6.571715407746541e-05,1934.4791075070375,9347.442116882818,7052.98641091508,0.8,8.0,100.0,61,95,3
G2_Wcluster_alhx700,$\mathrm{Hel}_{50}$,NAC_antisymmetric_BB_contact_survival,antisymmetric_nac_bb,Any 1 antisymmetric NAC BB,chain_pair,all,largest_cluster,1747000.0,9.290883149706997e-05,6.571715407746541e-05,1934.4791075070375,9347.442116882818,7052.98641091508,0.8,8.0,100.0,61,95,3
G2_Wcluster_alhx700,$\mathrm{Hel}_{50}$,NAC_antisymmetric_BB_contact_survival,antisymmetric_nac_bb,Any 1 antisymmetric NAC BB,chain_pair,all,largest_cluster,1748000.0,9.290883149706997e-05,6.571715407746541e-05,1934.4791075070375,9347.442116882818,7052.98641091508,0.8,8.0,100.0,61,95,3
G2_Wcluster_alhx700,$\mathrm{Hel}_{50}$,NAC_antisymmetric_BB_contact_survival,antisymmetric_nac_bb,Any 1 antisymmetric NAC BB,chain_pair,all,largest_cluster,1749000.0,9.290883149706997e-05,6.571715407746541e-05,1934.4791075070375,9347.442116882818,7052.98641091508,0.8,8.0,100.0,61,95,3
G2_Wcluster_alhx700,$\mathrm{Hel}_{50}$,NAC_antisymmetric_BB_contact_survival,antisymmetric_nac_bb,Any 1 antisymmetric NAC BB,chain_pair,all,largest_cluster,1750000.0,9.290883149706997e-05,6.571715407746541e-05,1934.4791075070375,9347.442116882818,7052.98641091508,0.8,8.0,100.0,61,95,3
G2_Wcluster_alhx700,$\mathrm{Hel}_{50}$,NAC_antisymmetric_BB_contact_survival,antisymmetric_nac_bb,Any 1 antisymmetric NAC BB,chain_pair,all,largest_cluster,1751000.0,9.290883149706997e-05,6.571715407746541e-05,1934.4791075070375,9347.442116882818,7052.98641091508,0.8,8.0,100.0,61,95,3
G2_Wcluster_alhx700,$\mathrm{Hel}_{50}$,NAC_antisymmetric_BB_contact_survival,antisymmetric_nac_bb,Any 1 antisymmetric NAC BB,chain_pair,all,largest_cluster,1752000.0,9.290883149706997e-05,6.571715407746541e-05,1934.4791075070375,9347.442116882818,7052.98641091508,0.8,8.0,100.0,61,95,3
G2_Wcluster_alhx700,$\mathrm{Hel}_{50}$,NAC_antisymmetric_BB_contact_survival,antisymmetric_nac_bb,Any 1 antisymmetric NAC BB,chain_pair,all,largest_cluster,1753000.0,9.290883149706997e-05,6.571715407746541e-05,1934.4791075070375,9347.442116882818,7052.98641091508,0.8,8.0,100.0,61,95,3
G2_Wcluster_alhx700,$\mathrm{Hel}_{50}$,NAC_antisymmetric_BB_contact_survival,antisymmetric_nac_bb,Any 1 antisymmetric NAC BB,chain_pair,all,largest_cluster,1754000.0,9.290883149706997e-05,6.571715407746541e-05,1934.4791075070375,9347.442116882818,7052.98641091508,0.8,8.0,100.0,61,95,3
G2_Wcluster_alhx700,$\mathrm{Hel}_{50}$,NAC_antisymmetric_BB_contact_survival,antisymmetric_nac_bb,Any 1 antisymmetric NAC BB,chain_pair,all,largest_cluster,1755000.0,9.290883149706997e-05,6.571715407746541e-05,1934.4791075070375,9347.442116882818,7052.98641091508,0.8,8.0,100.0,61,95,3
G2_Wcluster_alhx700,$\mathrm{Hel}_{50}$,NAC_antisymmetric_BB_contact_survival,antisymmetric_nac_bb,Any 1 antisymmetric NAC BB,chain_pair,all,largest_cluster,1756000.0,9.290883149706997e-05,6.571715407746541e-05,1934.4791075070375,9347.442116882818,7052.98641091508,0.8,8.0,100.0,61,95,3
G2_Wcluster_alhx700,$\mathrm{Hel}_{50}$,NAC_antisymmetric_BB_contact_survival,antisymmetric_nac_bb,Any 1 antisymmetric NAC BB,chain_pair,all,largest_cluster,1757000.0,9.290883149706997e-05,6.571715407746541e-05,1934.4791075070375,9347.442116882818,7052.98641091508,0.8,8.0,100.0,61,95,3
G2_Wcluster_alhx700,$\mathrm{Hel}_{50}$,NAC_antisymmetric_BB_contact_survival,antisymmetric_nac_bb,Any 1 antisymmetric NAC BB,chain_pair,all,largest_cluster,1758000.0,9.290883149706997e-05,6.571715407746541e-05,1934.4791075070375,9347.442116882818,7052.98641091508,0.8,8.0,100.0,61,95,3
G2_Wcluster_alhx700,$\mathrm{Hel}_{50}$,NAC_antisymmetric_BB_contact_survival,antisymmetric_nac_bb,Any 1 antisymmetric NAC BB,chain_pair,all,largest_cluster,1759000.0,9.290883149706997e-05,6.571715407746541e-05,1934.4791075070375,9347.442116882818,7052.98641091508,0.8,8.0,100.0,61,95,3
G2_Wcluster_alhx700,$\mathrm{Hel}_{50}$,NAC_antisymmetric_BB_contact_survival,antisymmetric_nac_bb,Any 1 antisymmetric NAC BB,chain_pair,all,largest_cluster,1760000.0,9.290883149706997e-05,6.571715407746541e-05,1934.4791075070375,9347.442116882818,7052.98641091508,0.8,8.0,100.0,61,95,3
G2_Wcluster_alhx700,$\mathrm{Hel}_{50}$,NAC_antisymmetric_BB_contact_survival,antisymmetric_nac_bb,Any 1 antisymmetric NAC BB,chain_pair,all,largest_cluster,1761000.0,9.290883149706997e-05,6.571715407746541e-05,1934.4791075070375,9347.442116882818,7052.98641091508,0.8,8.0,100.0,61,95,3
G2_Wcluster_alhx700,$\mathrm{Hel}_{50}$,NAC_antisymmetric_BB_contact_survival,antisymmetric_nac_bb,Any 1 antisymmetric NAC BB,chain_pair,all,largest_cluster,1762000.0,9.290883149706997e-05,6.571715407746541e-05,1934.4791075070375,9347.442116882818,7052.98641091508,0.8,8.0,100.0,61,95,3
G2_Wcluster_alhx700,$\mathrm{Hel}_{50}$,NAC_antisymmetric_BB_contact_survival,antisymmetric_nac_bb,Any 1 antisymmetric NAC BB,chain_pair,all,largest_cluster,1763000.0,9.290883149706997e-05,6.571715407746541e-05,1934.4791075070375,9347.442116882818,7052.98641091508,0.8,8.0,100.0,61,95,3
G2_Wcluster_alhx700,$\mathrm{Hel}_{50}$,NAC_antisymmetric_BB_contact_survival,antisymmetric_nac_bb,Any 1 antisymmetric NAC BB,chain_pair,all,largest_cluster,1764000.0,9.290883149706997e-05,6.571715407746541e-05,1934.4791075070375,9347.442116882818,7052.98641091508,0.8,8.0,100.0,61,95,3
G2_Wcluster_alhx700,$\mathrm{Hel}_{50}$,NAC_antisymmetric_BB_contact_survival,antisymmetric_nac_bb,Any 1 antisymmetric NAC BB,chain_pair,all,largest_cluster,1765000.0,9.290883149706997e-05,6.571715407746541e-05,1934.4791075070375,9347.442116882818,7052.98641091508,0.8,8.0,100.0,61,95,3
G2_Wcluster_alhx700,$\mathrm{Hel}_{50}$,NAC_antisymmetric_BB_contact_survival,antisymmetric_nac_bb,Any 1 antisymmetric NAC BB,chain_pair,all,largest_cluster,1766000.0,9.290883149706997e-05,6.571715407746541e-05,1934.4791075070375,9347.442116882818,7052.98641091508,0.8,8.0,100.0,61,95,3
G2_Wcluster_alhx700,$\mathrm{Hel}_{50}$,NAC_antisymmetric_BB_contact_survival,antisymmetric_nac_bb,Any 1 antisymmetric NAC BB,chain_pair,all,largest_cluster,1767000.0,9.290883149706997e-05,6.571715407746541e-05,1934.4791075070375,9347.442116882818,7052.98641091508,0.8,8.0,100.0,61,95,3
G2_Wcluster_alhx700,$\mathrm{Hel}_{50}$,NAC_antisymmetric_BB_contact_survival,antisymmetric_nac_bb,Any 1 antisymmetric NAC BB,chain_pair,all,largest_cluster,1768000.0,9.290883149706997e-05,6.571715407746541e-05,1934.4791075070375,9347.442116882818,7052.98641091508,0.8,8.0,100.0,61,95,3
G2_Wcluster_alhx700,$\mathrm{Hel}_{50}$,NAC_antisymmetric_BB_contact_survival,antisymmetric_nac_bb,Any 1 antisymmetric NAC BB,chain_pair,all,largest_cluster,1769000.0,9.290883149706997e-05,6.571715407746541e-05,1934.4791075070375,9347.442116882818,7052.98641091508,0.8,8.0,100.0,61,95,3
G2_Wcluster_alhx700,$\mathrm{Hel}_{50}$,NAC_antisymmetric_BB_contact_survival,antisymmetric_nac_bb,Any 1 antisymmetric NAC BB,chain_pair,all,largest_cluster,1770000.0,9.290883149706997e-05,6.571715407746541e-05,1934.4791075070375,9347.442116882818,7052.98641091508,0.8,8.0,100.0,61,95,3
G2_Wcluster_alhx700,$\mathrm{Hel}_{50}$,NAC_antisymmetric_BB_contact_survival,antisymmetric_nac_bb,Any 1 antisymmetric NAC BB,chain_pair,all,largest_cluster,1771000.0,9.290883149706997e-05,6.571715407746541e-05,1934.4791075070375,9347.442116882818,7052.98641091508,0.8,8.0,100.0,61,95,3
G2_Wcluster_alhx700,$\mathrm{Hel}_{50}$,NAC_antisymmetric_BB_contact_survival,antisymmetric_nac_bb,Any 1 antisymmetric NAC BB,chain_pair,all,largest_cluster,1772000.0,9.290883149706997e-05,6.571715407746541e-05,1934.4791075070375,9347.442116882818,7052.98641091508,0.8,8.0,100.0,61,95,3
G2_Wcluster_alhx700,$\mathrm{Hel}_{50}$,NAC_antisymmetric_BB_contact_survival,antisymmetric_nac_bb,Any 1 antisymmetric NAC BB,chain_pair,all,largest_cluster,1773000.0,9.290883149706997e-05,6.571715407746541e-05,1934.4791075070375,9347.442116882818,7052.98641091508,0.8,8.0,100.0,61,95,3
G2_Wcluster_alhx700,$\mathrm{Hel}_{50}$,NAC_antisymmetric_BB_contact_survival,antisymmetric_nac_bb,Any 1 antisymmetric NAC BB,chain_pair,all,largest_cluster,1774000.0,9.290883149706997e-05,6.571715407746541e-05,1934.4791075070375,9347.442116882818,7052.98641091508,0.8,8.0,100.0,61,95,3
G2_Wcluster_alhx700,$\mathrm{Hel}_{50}$,NAC_antisymmetric_BB_contact_survival,antisymmetric_nac_bb,Any 1 antisymmetric NAC BB,chain_pair,all,largest_cluster,1775000.0,9.290883149706997e-05,6.571715407746541e-05,1934.4791075070375,9347.442116882818,7052.98641091508,0.8,8.0,100.0,61,95,3
G2_Wcluster_alhx700,$\mathrm{Hel}_{50}$,NAC_antisymmetric_BB_contact_survival,antisymmetric_nac_bb,Any 1 antisymmetric NAC BB,chain_pair,all,largest_cluster,1776000.0,9.290883149706997e-05,6.571715407746541e-05,1934.4791075070375,9347.442116882818,7052.98641091508,0.8,8.0,100.0,61,95,3
G2_Wcluster_alhx700,$\mathrm{Hel}_{50}$,NAC_antisymmetric_BB_contact_survival,antisymmetric_nac_bb,Any 1 antisymmetric NAC BB,chain_pair,all,largest_cluster,1777000.0,9.290883149706997e-05,6.571715407746541e-05,1934.4791075070375,9347.442116882818,7052.98641091508,0.8,8.0,100.0,61,95,3
G2_Wcluster_alhx700,$\mathrm{Hel}_{50}$,NAC_antisymmetric_BB_contact_survival,antisymmetric_nac_bb,Any 1 antisymmetric NAC BB,chain_pair,all,largest_cluster,1778000.0,9.290883149706997e-05,6.571715407746541e-05,1934.4791075070375,9347.442116882818,7052.98641091508,0.8,8.0,100.0,61,95,3
G2_Wcluster_alhx700,$\mathrm{Hel}_{50}$,NAC_antisymmetric_BB_contact_survival,antisymmetric_nac_bb,Any 1 antisymmetric NAC BB,chain_pair,all,largest_cluster,1779000.0,9.290883149706997e-05,6.571715407746541e-05,1934.4791075070375,9347.442116882818,7052.98641091508,0.8,8.0,100.0,61,95,3
G2_Wcluster_alhx700,$\mathrm{Hel}_{50}$,NAC_antisymmetric_BB_contact_survival,antisymmetric_nac_bb,Any 1 antisymmetric NAC BB,chain_pair,all,largest_cluster,1780000.0,9.290883149706997e-05,6.571715407746541e-05,1934.4791075070375,9347.442116882818,7052.98641091508,0.8,8.0,100.0,61,95,3
G2_Wcluster_alhx700,$\mathrm{Hel}_{50}$,NAC_antisymmetric_BB_contact_survival,antisymmetric_nac_bb,Any 1 antisymmetric NAC BB,chain_pair,all,largest_cluster,1781000.0,9.290883149706997e-05,6.571715407746541e-05,1934.4791075070375,9347.442116882818,7052.98641091508,0.8,8.0,100.0,61,95,3
G2_Wcluster_alhx700,$\mathrm{Hel}_{50}$,NAC_antisymmetric_BB_contact_survival,antisymmetric_nac_bb,Any 1 antisymmetric NAC BB,chain_pair,all,largest_cluster,1782000.0,9.290883149706997e-05,6.571715407746541e-05,1934.4791075070375,9347.442116882818,7052.98641091508,0.8,8.0,100.0,61,95,3
G2_Wcluster_alhx700,$\mathrm{Hel}_{50}$,NAC_antisymmetric_BB_contact_survival,antisymmetric_nac_bb,Any 1 antisymmetric NAC BB,chain_pair,all,largest_cluster,1783000.0,9.290883149706997e-05,6.571715407746541e-05,1934.4791075070375,9347.442116882818,7052.98641091508,0.8,8.0,100.0,61,95,3
G2_Wcluster_alhx700,$\mathrm{Hel}_{50}$,NAC_antisymmetric_BB_contact_survival,antisymmetric_nac_bb,Any 1 antisymmetric NAC BB,chain_pair,all,largest_cluster,1784000.0,9.290883149706997e-05,6.571715407746541e-05,1934.4791075070375,9347.442116882818,7052.98641091508,0.8,8.0,100.0,61,95,3
G2_Wcluster_alhx700,$\mathrm{Hel}_{50}$,NAC_antisymmetric_BB_contact_survival,antisymmetric_nac_bb,Any 1 antisymmetric NAC BB,chain_pair,all,largest_cluster,1785000.0,9.290883149706997e-05,6.571715407746541e-05,1934.4791075070375,9347.442116882818,7052.98641091508,0.8,8.0,100.0,61,95,3
G2_Wcluster_alhx700,$\mathrm{Hel}_{50}$,NAC_antisymmetric_BB_contact_survival,antisymmetric_nac_bb,Any 1 antisymmetric NAC BB,chain_pair,all,largest_cluster,1786000.0,9.290883149706997e-05,6.571715407746541e-05,1934.4791075070375,9347.442116882818,7052.98641091508,0.8,8.0,100.0,61,95,3
G2_Wcluster_alhx700,$\mathrm{Hel}_{50}$,NAC_antisymmetric_BB_contact_survival,antisymmetric_nac_bb,Any 1 antisymmetric NAC BB,chain_pair,all,largest_cluster,1787000.0,9.290883149706997e-05,6.571715407746541e-05,1934.4791075070375,9347.442116882818,7052.98641091508,0.8,8.0,100.0,61,95,3
G2_Wcluster_alhx700,$\mathrm{Hel}_{50}$,NAC_antisymmetric_BB_contact_survival,antisymmetric_nac_bb,Any 1 antisymmetric NAC BB,chain_pair,all,largest_cluster,1788000.0,9.290883149706997e-05,6.571715407746541e-05,1934.4791075070375,9347.442116882818,7052.98641091508,0.8,8.0,100.0,61,95,3
G2_Wcluster_alhx700,$\mathrm{Hel}_{50}$,NAC_antisymmetric_BB_contact_survival,antisymmetric_nac_bb,Any 1 antisymmetric NAC BB,chain_pair,all,largest_cluster,1789000.0,9.290883149706997e-05,6.571715407746541e-05,1934.4791075070375,9347.442116882818,7052.98641091508,0.8,8.0,100.0,61,95,3
G2_Wcluster_alhx700,$\mathrm{Hel}_{50}$,NAC_antisymmetric_BB_contact_survival,antisymmetric_nac_bb,Any 1 antisymmetric NAC BB,chain_pair,all,largest_cluster,1790000.0,9.290883149706997e-05,6.571715407746541e-05,1934.4791075070375,9347.442116882818,7052.98641091508,0.8,8.0,100.0,61,95,3
G2_Wcluster_alhx700,$\mathrm{Hel}_{50}$,NAC_antisymmetric_BB_contact_survival,antisymmetric_nac_bb,Any 1 antisymmetric NAC BB,chain_pair,all,largest_cluster,1791000.0,9.290883149706997e-05,6.571715407746541e-05,1934.4791075070375,9347.442116882818,7052.98641091508,0.8,8.0,100.0,61,95,3
G2_Wcluster_alhx700,$\mathrm{Hel}_{50}$,NAC_antisymmetric_BB_contact_survival,antisymmetric_nac_bb,Any 1 antisymmetric NAC BB,chain_pair,all,largest_cluster,1792000.0,9.290883149706997e-05,6.571715407746541e-05,1934.4791075070375,9347.442116882818,7052.98641091508,0.8,8.0,100.0,61,95,3
G2_Wcluster_alhx700,$\mathrm{Hel}_{50}$,NAC_antisymmetric_BB_contact_survival,antisymmetric_nac_bb,Any 1 antisymmetric NAC BB,chain_pair,all,largest_cluster,1793000.0,9.290883149706997e-05,6.571715407746541e-05,1934.4791075070375,9347.442116882818,7052.98641091508,0.8,8.0,100.0,61,95,3
G2_Wcluster_alhx700,$\mathrm{Hel}_{50}$,NAC_antisymmetric_BB_contact_survival,antisymmetric_nac_bb,Any 1 antisymmetric NAC BB,chain_pair,all,largest_cluster,1794000.0,9.290883149706997e-05,6.571715407746541e-05,1934.4791075070375,9347.442116882818,7052.98641091508,0.8,8.0,100.0,61,95,3
G2_Wcluster_alhx700,$\mathrm{Hel}_{50}$,NAC_antisymmetric_BB_contact_survival,antisymmetric_nac_bb,Any 1 antisymmetric NAC BB,chain_pair,all,largest_cluster,1795000.0,9.290883149706997e-05,6.571715407746541e-05,1934.4791075070375,9347.442116882818,7052.98641091508,0.8,8.0,100.0,61,95,3
G2_Wcluster_alhx700,$\mathrm{Hel}_{50}$,NAC_antisymmetric_BB_contact_survival,antisymmetric_nac_bb,Any 1 antisymmetric NAC BB,chain_pair,all,largest_cluster,1796000.0,9.290883149706997e-05,6.571715407746541e-05,1934.4791075070375,9347.442116882818,7052.98641091508,0.8,8.0,100.0,61,95,3
G2_Wcluster_alhx700,$\mathrm{Hel}_{50}$,NAC_antisymmetric_BB_contact_survival,antisymmetric_nac_bb,Any 1 antisymmetric NAC BB,chain_pair,all,largest_cluster,1797000.0,9.290883149706997e-05,6.571715407746541e-05,1934.4791075070375,9347.442116882818,7052.98641091508,0.8,8.0,100.0,61,95,3
G2_Wcluster_alhx700,$\mathrm{Hel}_{50}$,NAC_antisymmetric_BB_contact_survival,antisymmetric_nac_bb,Any 1 antisymmetric NAC BB,chain_pair,all,largest_cluster,1798000.0,9.290883149706997e-05,6.571715407746541e-05,1934.4791075070375,9347.442116882818,7052.98641091508,0.8,8.0,100.0,61,95,3
G2_Wcluster_alhx700,$\mathrm{Hel}_{50}$,NAC_antisymmetric_BB_contact_survival,antisymmetric_nac_bb,Any 1 antisymmetric NAC BB,chain_pair,all,largest_cluster,1799000.0,9.290883149706997e-05,6.571715407746541e-05,1934.4791075070375,9347.442116882818,7052.98641091508,0.8,8.0,100.0,61,95,3
G2_Wcluster_alhx700,$\mathrm{Hel}_{50}$,NAC_antisymmetric_BB_contact_survival,antisymmetric_nac_bb,Any 1 antisymmetric NAC BB,chain_pair,all,largest_cluster,1800000.0,9.290883149706997e-05,6.571715407746541e-05,1934.4791075070375,9347.442116882818,7052.98641091508,0.8,8.0,100.0,61,95,3
G2_Wcluster_alhx700,$\mathrm{Hel}_{50}$,NAC_antisymmetric_BB_contact_survival,antisymmetric_nac_bb,Any 1 antisymmetric NAC BB,chain_pair,all,largest_cluster,1801000.0,9.290883149706997e-05,6.571715407746541e-05,1934.4791075070375,9347.442116882818,7052.98641091508,0.8,8.0,100.0,61,95,3
G2_Wcluster_alhx700,$\mathrm{Hel}_{50}$,NAC_antisymmetric_BB_contact_survival,antisymmetric_nac_bb,Any 1 antisymmetric NAC BB,chain_pair,all,largest_cluster,1802000.0,9.290883149706997e-05,6.571715407746541e-05,1934.4791075070375,9347.442116882818,7052.98641091508,0.8,8.0,100.0,61,95,3
G2_Wcluster_alhx700,$\mathrm{Hel}_{50}$,NAC_antisymmetric_BB_contact_survival,antisymmetric_nac_bb,Any 1 antisymmetric NAC BB,chain_pair,all,largest_cluster,1803000.0,9.290883149706997e-05,6.571715407746541e-05,1934.4791075070375,9347.442116882818,7052.98641091508,0.8,8.0,100.0,61,95,3
G2_Wcluster_alhx700,$\mathrm{Hel}_{50}$,NAC_antisymmetric_BB_contact_survival,antisymmetric_nac_bb,Any 1 antisymmetric NAC BB,chain_pair,all,largest_cluster,1804000.0,9.290883149706997e-05,6.571715407746541e-05,1934.4791075070375,9347.442116882818,7052.98641091508,0.8,8.0,100.0,61,95,3
G2_Wcluster_alhx700,$\mathrm{Hel}_{50}$,NAC_antisymmetric_BB_contact_survival,antisymmetric_nac_bb,Any 1 antisymmetric NAC BB,chain_pair,all,largest_cluster,1805000.0,9.290883149706997e-05,6.571715407746541e-05,1934.4791075070375,9347.442116882818,7052.98641091508,0.8,8.0,100.0,61,95,3
G2_Wcluster_alhx700,$\mathrm{Hel}_{50}$,NAC_antisymmetric_BB_contact_survival,antisymmetric_nac_bb,Any 1 antisymmetric NAC BB,chain_pair,all,largest_cluster,1806000.0,9.290883149706997e-05,6.571715407746541e-05,1934.4791075070375,9347.442116882818,7052.98641091508,0.8,8.0,100.0,61,95,3
G2_Wcluster_alhx700,$\mathrm{Hel}_{50}$,NAC_antisymmetric_BB_contact_survival,antisymmetric_nac_bb,Any 1 antisymmetric NAC BB,chain_pair,all,largest_cluster,1807000.0,9.290883149706997e-05,6.571715407746541e-05,1934.4791075070375,9347.442116882818,7052.98641091508,0.8,8.0,100.0,61,95,3
G2_Wcluster_alhx700,$\mathrm{Hel}_{50}$,NAC_antisymmetric_BB_contact_survival,antisymmetric_nac_bb,Any 1 antisymmetric NAC BB,chain_pair,all,largest_cluster,1808000.0,9.290883149706997e-05,6.571715407746541e-05,1934.4791075070375,9347.442116882818,7052.98641091508,0.8,8.0,100.0,61,95,3
G2_Wcluster_alhx700,$\mathrm{Hel}_{50}$,NAC_antisymmetric_BB_contact_survival,antisymmetric_nac_bb,Any 1 antisymmetric NAC BB,chain_pair,all,largest_cluster,1809000.0,9.290883149706997e-05,6.571715407746541e-05,1934.4791075070375,9347.442116882818,7052.98641091508,0.8,8.0,100.0,61,95,3
G2_Wcluster_alhx700,$\mathrm{Hel}_{50}$,NAC_antisymmetric_BB_contact_survival,antisymmetric_nac_bb,Any 1 antisymmetric NAC BB,chain_pair,all,largest_cluster,1810000.0,9.290883149706997e-05,6.571715407746541e-05,1934.4791075070375,9347.442116882818,7052.98641091508,0.8,8.0,100.0,61,95,3
G2_Wcluster_alhx700,$\mathrm{Hel}_{50}$,NAC_antisymmetric_BB_contact_survival,antisymmetric_nac_bb,Any 1 antisymmetric NAC BB,chain_pair,all,largest_cluster,1811000.0,9.290883149706997e-05,6.571715407746541e-05,1934.4791075070375,9347.442116882818,7052.98641091508,0.8,8.0,100.0,61,95,3
G2_Wcluster_alhx700,$\mathrm{Hel}_{50}$,NAC_antisymmetric_BB_contact_survival,antisymmetric_nac_bb,Any 1 antisymmetric NAC BB,chain_pair,all,largest_cluster,1812000.0,9.290883149706997e-05,6.571715407746541e-05,1934.4791075070375,9347.442116882818,7052.98641091508,0.8,8.0,100.0,61,95,3
G2_Wcluster_alhx700,$\mathrm{Hel}_{50}$,NAC_antisymmetric_BB_contact_survival,antisymmetric_nac_bb,Any 1 antisymmetric NAC BB,chain_pair,all,largest_cluster,1813000.0,9.290883149706997e-05,6.571715407746541e-05,1934.4791075070375,9347.442116882818,7052.98641091508,0.8,8.0,100.0,61,95,3
G2_Wcluster_alhx700,$\mathrm{Hel}_{50}$,NAC_antisymmetric_BB_contact_survival,antisymmetric_nac_bb,Any 1 antisymmetric NAC BB,chain_pair,all,largest_cluster,1814000.0,9.290883149706997e-05,6.571715407746541e-05,1934.4791075070375,9347.442116882818,7052.98641091508,0.8,8.0,100.0,61,95,3
G2_Wcluster_alhx700,$\mathrm{Hel}_{50}$,NAC_antisymmetric_BB_contact_survival,antisymmetric_nac_bb,Any 1 antisymmetric NAC BB,chain_pair,all,largest_cluster,1815000.0,9.290883149706997e-05,6.571715407746541e-05,1934.4791075070375,9347.442116882818,7052.98641091508,0.8,8.0,100.0,61,95,3
G2_Wcluster_alhx700,$\mathrm{Hel}_{50}$,NAC_antisymmetric_BB_contact_survival,antisymmetric_nac_bb,Any 1 antisymmetric NAC BB,chain_pair,all,largest_cluster,1816000.0,9.290883149706997e-05,6.571715407746541e-05,1934.4791075070375,9347.442116882818,7052.98641091508,0.8,8.0,100.0,61,95,3
G2_Wcluster_alhx700,$\mathrm{Hel}_{50}$,NAC_antisymmetric_BB_contact_survival,antisymmetric_nac_bb,Any 1 antisymmetric NAC BB,chain_pair,all,largest_cluster,1817000.0,9.290883149706997e-05,6.571715407746541e-05,1934.4791075070375,9347.442116882818,7052.98641091508,0.8,8.0,100.0,61,95,3
G2_Wcluster_alhx700,$\mathrm{Hel}_{50}$,NAC_antisymmetric_BB_contact_survival,antisymmetric_nac_bb,Any 1 antisymmetric NAC BB,chain_pair,all,largest_cluster,1818000.0,9.290883149706997e-05,6.571715407746541e-05,1934.4791075070375,9347.442116882818,7052.98641091508,0.8,8.0,100.0,61,95,3
G2_Wcluster_alhx700,$\mathrm{Hel}_{50}$,NAC_antisymmetric_BB_contact_survival,antisymmetric_nac_bb,Any 1 antisymmetric NAC BB,chain_pair,all,largest_cluster,1819000.0,9.290883149706997e-05,6.571715407746541e-05,1934.4791075070375,9347.442116882818,7052.98641091508,0.8,8.0,100.0,61,95,3
G2_Wcluster_alhx700,$\mathrm{Hel}_{50}$,NAC_antisymmetric_BB_contact_survival,antisymmetric_nac_bb,Any 1 antisymmetric NAC BB,chain_pair,all,largest_cluster,1820000.0,9.290883149706997e-05,6.571715407746541e-05,1934.4791075070375,9347.442116882818,7052.98641091508,0.8,8.0,100.0,61,95,3
G2_Wcluster_alhx700,$\mathrm{Hel}_{50}$,NAC_antisymmetric_BB_contact_survival,antisymmetric_nac_bb,Any 1 antisymmetric NAC BB,chain_pair,all,largest_cluster,1821000.0,9.290883149706997e-05,6.571715407746541e-05,1934.4791075070375,9347.442116882818,7052.98641091508,0.8,8.0,100.0,61,95,3
G2_Wcluster_alhx700,$\mathrm{Hel}_{50}$,NAC_antisymmetric_BB_contact_survival,antisymmetric_nac_bb,Any 1 antisymmetric NAC BB,chain_pair,all,largest_cluster,1822000.0,9.290883149706997e-05,6.571715407746541e-05,1934.4791075070375,9347.442116882818,7052.98641091508,0.8,8.0,100.0,61,95,3
G2_Wcluster_alhx700,$\mathrm{Hel}_{50}$,NAC_antisymmetric_BB_contact_survival,antisymmetric_nac_bb,Any 1 antisymmetric NAC BB,chain_pair,all,largest_cluster,1823000.0,9.290883149706997e-05,6.571715407746541e-05,1934.4791075070375,9347.442116882818,7052.98641091508,0.8,8.0,100.0,61,95,3
G2_Wcluster_alhx700,$\mathrm{Hel}_{50}$,NAC_antisymmetric_BB_contact_survival,antisymmetric_nac_bb,Any 1 antisymmetric NAC BB,chain_pair,all,largest_cluster,1824000.0,9.290883149706997e-05,6.571715407746541e-05,1934.4791075070375,9347.442116882818,7052.98641091508,0.8,8.0,100.0,61,95,3
G2_Wcluster_alhx700,$\mathrm{Hel}_{50}$,NAC_antisymmetric_BB_contact_survival,antisymmetric_nac_bb,Any 1 antisymmetric NAC BB,chain_pair,all,largest_cluster,1825000.0,9.290883149706997e-05,6.571715407746541e-05,1934.4791075070375,9347.442116882818,7052.98641091508,0.8,8.0,100.0,61,95,3
G2_Wcluster_alhx700,$\mathrm{Hel}_{50}$,NAC_antisymmetric_BB_contact_survival,antisymmetric_nac_bb,Any 1 antisymmetric NAC BB,chain_pair,all,largest_cluster,1826000.0,9.290883149706997e-05,6.571715407746541e-05,1934.4791075070375,9347.442116882818,7052.98641091508,0.8,8.0,100.0,61,95,3
G2_Wcluster_alhx700,$\mathrm{Hel}_{50}$,NAC_antisymmetric_BB_contact_survival,antisymmetric_nac_bb,Any 1 antisymmetric NAC BB,chain_pair,all,largest_cluster,1827000.0,9.290883149706997e-05,6.571715407746541e-05,1934.4791075070375,9347.442116882818,7052.98641091508,0.8,8.0,100.0,61,95,3
G2_Wcluster_alhx700,$\mathrm{Hel}_{50}$,NAC_antisymmetric_BB_contact_survival,antisymmetric_nac_bb,Any 1 antisymmetric NAC BB,chain_pair,all,largest_cluster,1828000.0,9.290883149706997e-05,6.571715407746541e-05,1934.4791075070375,9347.442116882818,7052.98641091508,0.8,8.0,100.0,61,95,3
G2_Wcluster_alhx700,$\mathrm{Hel}_{50}$,NAC_antisymmetric_BB_contact_survival,antisymmetric_nac_bb,Any 1 antisymmetric NAC BB,chain_pair,all,largest_cluster,1829000.0,9.290883149706997e-05,6.571715407746541e-05,1934.4791075070375,9347.442116882818,7052.98641091508,0.8,8.0,100.0,61,95,3
G2_Wcluster_alhx700,$\mathrm{Hel}_{50}$,NAC_antisymmetric_BB_contact_survival,antisymmetric_nac_bb,Any 1 antisymmetric NAC BB,chain_pair,all,largest_cluster,1830000.0,9.290883149706997e-05,6.571715407746541e-05,1934.4791075070375,9347.442116882818,7052.98641091508,0.8,8.0,100.0,61,95,3
G2_Wcluster_alhx700,$\mathrm{Hel}_{50}$,NAC_antisymmetric_BB_contact_survival,antisymmetric_nac_bb,Any 1 antisymmetric NAC BB,chain_pair,all,largest_cluster,1831000.0,9.290883149706997e-05,6.571715407746541e-05,1934.4791075070375,9347.442116882818,7052.98641091508,0.8,8.0,100.0,61,95,3
G2_Wcluster_alhx700,$\mathrm{Hel}_{50}$,NAC_antisymmetric_BB_contact_survival,antisymmetric_nac_bb,Any 1 antisymmetric NAC BB,chain_pair,all,largest_cluster,1832000.0,9.290883149706997e-05,6.571715407746541e-05,1934.4791075070375,9347.442116882818,7052.98641091508,0.8,8.0,100.0,61,95,3
G2_Wcluster_alhx700,$\mathrm{Hel}_{50}$,NAC_antisymmetric_BB_contact_survival,antisymmetric_nac_bb,Any 1 antisymmetric NAC BB,chain_pair,all,largest_cluster,1833000.0,9.290883149706997e-05,6.571715407746541e-05,1934.4791075070375,9347.442116882818,7052.98641091508,0.8,8.0,100.0,61,95,3
G2_Wcluster_alhx700,$\mathrm{Hel}_{50}$,NAC_antisymmetric_BB_contact_survival,antisymmetric_nac_bb,Any 1 antisymmetric NAC BB,chain_pair,all,largest_cluster,1834000.0,9.290883149706997e-05,6.571715407746541e-05,1934.4791075070375,9347.442116882818,7052.98641091508,0.8,8.0,100.0,61,95,3
G2_Wcluster_alhx700,$\mathrm{Hel}_{50}$,NAC_antisymmetric_BB_contact_survival,antisymmetric_nac_bb,Any 1 antisymmetric NAC BB,chain_pair,all,largest_cluster,1835000.0,9.290883149706997e-05,6.571715407746541e-05,1934.4791075070375,9347.442116882818,7052.98641091508,0.8,8.0,100.0,61,95,3
G2_Wcluster_alhx700,$\mathrm{Hel}_{50}$,NAC_antisymmetric_BB_contact_survival,antisymmetric_nac_bb,Any 1 antisymmetric NAC BB,chain_pair,all,largest_cluster,1836000.0,9.290883149706997e-05,6.571715407746541e-05,1934.4791075070375,9347.442116882818,7052.98641091508,0.8,8.0,100.0,61,95,3
G2_Wcluster_alhx700,$\mathrm{Hel}_{50}$,NAC_antisymmetric_BB_contact_survival,antisymmetric_nac_bb,Any 1 antisymmetric NAC BB,chain_pair,all,largest_cluster,1837000.0,9.290883149706997e-05,6.571715407746541e-05,1934.4791075070375,9347.442116882818,7052.98641091508,0.8,8.0,100.0,61,95,3
G2_Wcluster_alhx700,$\mathrm{Hel}_{50}$,NAC_antisymmetric_BB_contact_survival,antisymmetric_nac_bb,Any 1 antisymmetric NAC BB,chain_pair,all,largest_cluster,1838000.0,9.290883149706997e-05,6.571715407746541e-05,1934.4791075070375,9347.442116882818,7052.98641091508,0.8,8.0,100.0,61,95,3
G2_Wcluster_alhx700,$\mathrm{Hel}_{50}$,NAC_antisymmetric_BB_contact_survival,antisymmetric_nac_bb,Any 1 antisymmetric NAC BB,chain_pair,all,largest_cluster,1839000.0,9.290883149706997e-05,6.571715407746541e-05,1934.4791075070375,9347.442116882818,7052.98641091508,0.8,8.0,100.0,61,95,3
G2_Wcluster_alhx700,$\mathrm{Hel}_{50}$,NAC_antisymmetric_BB_contact_survival,antisymmetric_nac_bb,Any 1 antisymmetric NAC BB,chain_pair,all,largest_cluster,1840000.0,9.290883149706997e-05,6.571715407746541e-05,1934.4791075070375,9347.442116882818,7052.98641091508,0.8,8.0,100.0,61,95,3
G2_Wcluster_alhx700,$\mathrm{Hel}_{50}$,NAC_antisymmetric_BB_contact_survival,antisymmetric_nac_bb,Any 1 antisymmetric NAC BB,chain_pair,all,largest_cluster,1841000.0,9.290883149706997e-05,6.571715407746541e-05,1934.4791075070375,9347.442116882818,7052.98641091508,0.8,8.0,100.0,61,95,3
G2_Wcluster_alhx700,$\mathrm{Hel}_{50}$,NAC_antisymmetric_BB_contact_survival,antisymmetric_nac_bb,Any 1 antisymmetric NAC BB,chain_pair,all,largest_cluster,1842000.0,9.290883149706997e-05,6.571715407746541e-05,1934.4791075070375,9347.442116882818,7052.98641091508,0.8,8.0,100.0,61,95,3
G2_Wcluster_alhx700,$\mathrm{Hel}_{50}$,NAC_antisymmetric_BB_contact_survival,antisymmetric_nac_bb,Any 1 antisymmetric NAC BB,chain_pair,all,largest_cluster,1843000.0,9.290883149706997e-05,6.571715407746541e-05,1934.4791075070375,9347.442116882818,7052.98641091508,0.8,8.0,100.0,61,95,3
G2_Wcluster_alhx700,$\mathrm{Hel}_{50}$,NAC_antisymmetric_BB_contact_survival,antisymmetric_nac_bb,Any 1 antisymmetric NAC BB,chain_pair,all,largest_cluster,1844000.0,9.290883149706997e-05,6.571715407746541e-05,1934.4791075070375,9347.442116882818,7052.98641091508,0.8,8.0,100.0,61,95,3
G2_Wcluster_alhx700,$\mathrm{Hel}_{50}$,NAC_antisymmetric_BB_contact_survival,antisymmetric_nac_bb,Any 1 antisymmetric NAC BB,chain_pair,all,largest_cluster,1845000.0,9.290883149706997e-05,6.571715407746541e-05,1934.4791075070375,9347.442116882818,7052.98641091508,0.8,8.0,100.0,61,95,3
G2_Wcluster_alhx700,$\mathrm{Hel}_{50}$,NAC_antisymmetric_BB_contact_survival,antisymmetric_nac_bb,Any 1 antisymmetric NAC BB,chain_pair,all,largest_cluster,1846000.0,9.290883149706997e-05,6.571715407746541e-05,1934.4791075070375,9347.442116882818,7052.98641091508,0.8,8.0,100.0,61,95,3
G2_Wcluster_alhx700,$\mathrm{Hel}_{50}$,NAC_antisymmetric_BB_contact_survival,antisymmetric_nac_bb,Any 1 antisymmetric NAC BB,chain_pair,all,largest_cluster,1847000.0,9.290883149706997e-05,6.571715407746541e-05,1934.4791075070375,9347.442116882818,7052.98641091508,0.8,8.0,100.0,61,95,3
G2_Wcluster_alhx700,$\mathrm{Hel}_{50}$,NAC_antisymmetric_BB_contact_survival,antisymmetric_nac_bb,Any 1 antisymmetric NAC BB,chain_pair,all,largest_cluster,1848000.0,9.290883149706997e-05,6.571715407746541e-05,1934.4791075070375,9347.442116882818,7052.98641091508,0.8,8.0,100.0,61,95,3
G2_Wcluster_alhx700,$\mathrm{Hel}_{50}$,NAC_antisymmetric_BB_contact_survival,antisymmetric_nac_bb,Any 1 antisymmetric NAC BB,chain_pair,all,largest_cluster,1849000.0,9.290883149706997e-05,6.571715407746541e-05,1934.4791075070375,9347.442116882818,7052.98641091508,0.8,8.0,100.0,61,95,3
G2_Wcluster_alhx700,$\mathrm{Hel}_{50}$,NAC_antisymmetric_BB_contact_survival,antisymmetric_nac_bb,Any 1 antisymmetric NAC BB,chain_pair,all,largest_cluster,1850000.0,9.290883149706997e-05,6.571715407746541e-05,1934.4791075070375,9347.442116882818,7052.98641091508,0.8,8.0,100.0,61,95,3
G2_Wcluster_alhx700,$\mathrm{Hel}_{50}$,NAC_antisymmetric_BB_contact_survival,antisymmetric_nac_bb,Any 1 antisymmetric NAC BB,chain_pair,all,largest_cluster,1851000.0,9.290883149706997e-05,6.571715407746541e-05,1934.4791075070375,9347.442116882818,7052.98641091508,0.8,8.0,100.0,61,95,3
G2_Wcluster_alhx700,$\mathrm{Hel}_{50}$,NAC_antisymmetric_BB_contact_survival,antisymmetric_nac_bb,Any 1 antisymmetric NAC BB,chain_pair,all,largest_cluster,1852000.0,9.290883149706997e-05,6.571715407746541e-05,1934.4791075070375,9347.442116882818,7052.98641091508,0.8,8.0,100.0,61,95,3
G2_Wcluster_alhx700,$\mathrm{Hel}_{50}$,NAC_antisymmetric_BB_contact_survival,antisymmetric_nac_bb,Any 1 antisymmetric NAC BB,chain_pair,all,largest_cluster,1853000.0,9.290883149706997e-05,6.571715407746541e-05,1934.4791075070375,9347.442116882818,7052.98641091508,0.8,8.0,100.0,61,95,3
G2_Wcluster_alhx700,$\mathrm{Hel}_{50}$,NAC_antisymmetric_BB_contact_survival,antisymmetric_nac_bb,Any 1 antisymmetric NAC BB,chain_pair,all,largest_cluster,1854000.0,9.290883149706997e-05,6.571715407746541e-05,1934.4791075070375,9347.442116882818,7052.98641091508,0.8,8.0,100.0,61,95,3
G2_Wcluster_alhx700,$\mathrm{Hel}_{50}$,NAC_antisymmetric_BB_contact_survival,antisymmetric_nac_bb,Any 1 antisymmetric NAC BB,chain_pair,all,largest_cluster,1855000.0,9.290883149706997e-05,6.571715407746541e-05,1934.4791075070375,9347.442116882818,7052.98641091508,0.8,8.0,100.0,61,95,3
G2_Wcluster_alhx700,$\mathrm{Hel}_{50}$,NAC_antisymmetric_BB_contact_survival,antisymmetric_nac_bb,Any 1 antisymmetric NAC BB,chain_pair,all,largest_cluster,1856000.0,9.290883149706997e-05,6.571715407746541e-05,1934.4791075070375,9347.442116882818,7052.98641091508,0.8,8.0,100.0,61,95,3
G2_Wcluster_alhx700,$\mathrm{Hel}_{50}$,NAC_antisymmetric_BB_contact_survival,antisymmetric_nac_bb,Any 1 antisymmetric NAC BB,chain_pair,all,largest_cluster,1857000.0,9.290883149706997e-05,6.571715407746541e-05,1934.4791075070375,9347.442116882818,7052.98641091508,0.8,8.0,100.0,61,95,3
G2_Wcluster_alhx700,$\mathrm{Hel}_{50}$,NAC_antisymmetric_BB_contact_survival,antisymmetric_nac_bb,Any 1 antisymmetric NAC BB,chain_pair,all,largest_cluster,1858000.0,9.290883149706997e-05,6.571715407746541e-05,1934.4791075070375,9347.442116882818,7052.98641091508,0.8,8.0,100.0,61,95,3
G2_Wcluster_alhx700,$\mathrm{Hel}_{50}$,NAC_antisymmetric_BB_contact_survival,antisymmetric_nac_bb,Any 1 antisymmetric NAC BB,chain_pair,all,largest_cluster,1859000.0,9.290883149706997e-05,6.571715407746541e-05,1934.4791075070375,9347.442116882818,7052.98641091508,0.8,8.0,100.0,61,95,3
G2_Wcluster_alhx700,$\mathrm{Hel}_{50}$,NAC_antisymmetric_BB_contact_survival,antisymmetric_nac_bb,Any 1 antisymmetric NAC BB,chain_pair,all,largest_cluster,1860000.0,9.290883149706997e-05,6.571715407746541e-05,1934.4791075070375,9347.442116882818,7052.98641091508,0.8,8.0,100.0,61,95,3
G2_Wcluster_alhx700,$\mathrm{Hel}_{50}$,NAC_antisymmetric_BB_contact_survival,antisymmetric_nac_bb,Any 1 antisymmetric NAC BB,chain_pair,all,largest_cluster,1861000.0,9.290883149706997e-05,6.571715407746541e-05,1934.4791075070375,9347.442116882818,7052.98641091508,0.8,8.0,100.0,61,95,3
G2_Wcluster_alhx700,$\mathrm{Hel}_{50}$,NAC_antisymmetric_BB_contact_survival,antisymmetric_nac_bb,Any 1 antisymmetric NAC BB,chain_pair,all,largest_cluster,1862000.0,9.290883149706997e-05,6.571715407746541e-05,1934.4791075070375,9347.442116882818,7052.98641091508,0.8,8.0,100.0,61,95,3
G2_Wcluster_alhx700,$\mathrm{Hel}_{50}$,NAC_antisymmetric_BB_contact_survival,antisymmetric_nac_bb,Any 1 antisymmetric NAC BB,chain_pair,all,largest_cluster,1863000.0,9.290883149706997e-05,6.571715407746541e-05,1934.4791075070375,9347.442116882818,7052.98641091508,0.8,8.0,100.0,61,95,3
G2_Wcluster_alhx700,$\mathrm{Hel}_{50}$,NAC_antisymmetric_BB_contact_survival,antisymmetric_nac_bb,Any 1 antisymmetric NAC BB,chain_pair,all,largest_cluster,1864000.0,9.290883149706997e-05,6.571715407746541e-05,1934.4791075070375,9347.442116882818,7052.98641091508,0.8,8.0,100.0,61,95,3
G2_Wcluster_alhx700,$\mathrm{Hel}_{50}$,NAC_antisymmetric_BB_contact_survival,antisymmetric_nac_bb,Any 1 antisymmetric NAC BB,chain_pair,all,largest_cluster,1865000.0,9.290883149706997e-05,6.571715407746541e-05,1934.4791075070375,9347.442116882818,7052.98641091508,0.8,8.0,100.0,61,95,3
G2_Wcluster_alhx700,$\mathrm{Hel}_{50}$,NAC_antisymmetric_BB_contact_survival,antisymmetric_nac_bb,Any 1 antisymmetric NAC BB,chain_pair,all,largest_cluster,1866000.0,9.290883149706997e-05,6.571715407746541e-05,1934.4791075070375,9347.442116882818,7052.98641091508,0.8,8.0,100.0,61,95,3
G2_Wcluster_alhx700,$\mathrm{Hel}_{50}$,NAC_antisymmetric_BB_contact_survival,antisymmetric_nac_bb,Any 1 antisymmetric NAC BB,chain_pair,all,largest_cluster,1867000.0,9.290883149706997e-05,6.571715407746541e-05,1934.4791075070375,9347.442116882818,7052.98641091508,0.8,8.0,100.0,61,95,3
G2_Wcluster_alhx700,$\mathrm{Hel}_{50}$,NAC_antisymmetric_BB_contact_survival,antisymmetric_nac_bb,Any 1 antisymmetric NAC BB,chain_pair,all,largest_cluster,1868000.0,9.290883149706997e-05,6.571715407746541e-05,1934.4791075070375,9347.442116882818,7052.98641091508,0.8,8.0,100.0,61,95,3
G2_Wcluster_alhx700,$\mathrm{Hel}_{50}$,NAC_antisymmetric_BB_contact_survival,antisymmetric_nac_bb,Any 1 antisymmetric NAC BB,chain_pair,all,largest_cluster,1869000.0,9.290883149706997e-05,6.571715407746541e-05,1934.4791075070375,9347.442116882818,7052.98641091508,0.8,8.0,100.0,61,95,3
G2_Wcluster_alhx700,$\mathrm{Hel}_{50}$,NAC_antisymmetric_BB_contact_survival,antisymmetric_nac_bb,Any 1 antisymmetric NAC BB,chain_pair,all,largest_cluster,1870000.0,9.290883149706997e-05,6.571715407746541e-05,1934.4791075070375,9347.442116882818,7052.98641091508,0.8,8.0,100.0,61,95,3
G2_Wcluster_alhx700,$\mathrm{Hel}_{50}$,NAC_antisymmetric_BB_contact_survival,antisymmetric_nac_bb,Any 1 antisymmetric NAC BB,chain_pair,all,largest_cluster,1871000.0,9.290883149706997e-05,6.571715407746541e-05,1934.4791075070375,9347.442116882818,7052.98641091508,0.8,8.0,100.0,61,95,3
G2_Wcluster_alhx700,$\mathrm{Hel}_{50}$,NAC_antisymmetric_BB_contact_survival,antisymmetric_nac_bb,Any 1 antisymmetric NAC BB,chain_pair,all,largest_cluster,1872000.0,9.290883149706997e-05,6.571715407746541e-05,1934.4791075070375,9347.442116882818,7052.98641091508,0.8,8.0,100.0,61,95,3
G2_Wcluster_alhx700,$\mathrm{Hel}_{50}$,NAC_antisymmetric_BB_contact_survival,antisymmetric_nac_bb,Any 1 antisymmetric NAC BB,chain_pair,all,largest_cluster,1873000.0,9.290883149706997e-05,6.571715407746541e-05,1934.4791075070375,9347.442116882818,7052.98641091508,0.8,8.0,100.0,61,95,3
G2_Wcluster_alhx700,$\mathrm{Hel}_{50}$,NAC_antisymmetric_BB_contact_survival,antisymmetric_nac_bb,Any 1 antisymmetric NAC BB,chain_pair,all,largest_cluster,1874000.0,9.290883149706997e-05,6.571715407746541e-05,1934.4791075070375,9347.442116882818,7052.98641091508,0.8,8.0,100.0,61,95,3
G2_Wcluster_alhx700,$\mathrm{Hel}_{50}$,NAC_antisymmetric_BB_contact_survival,antisymmetric_nac_bb,Any 1 antisymmetric NAC BB,chain_pair,all,largest_cluster,1875000.0,9.290883149706997e-05,6.571715407746541e-05,1934.4791075070375,9347.442116882818,7052.98641091508,0.8,8.0,100.0,61,95,3
G2_Wcluster_alhx700,$\mathrm{Hel}_{50}$,NAC_antisymmetric_BB_contact_survival,antisymmetric_nac_bb,Any 1 antisymmetric NAC BB,chain_pair,all,largest_cluster,1876000.0,9.290883149706997e-05,6.571715407746541e-05,1934.4791075070375,9347.442116882818,7052.98641091508,0.8,8.0,100.0,61,95,3
G2_Wcluster_alhx700,$\mathrm{Hel}_{50}$,NAC_antisymmetric_BB_contact_survival,antisymmetric_nac_bb,Any 1 antisymmetric NAC BB,chain_pair,all,largest_cluster,1877000.0,9.290883149706997e-05,6.571715407746541e-05,1934.4791075070375,9347.442116882818,7052.98641091508,0.8,8.0,100.0,61,95,3
G2_Wcluster_alhx700,$\mathrm{Hel}_{50}$,NAC_antisymmetric_BB_contact_survival,antisymmetric_nac_bb,Any 1 antisymmetric NAC BB,chain_pair,all,largest_cluster,1878000.0,9.290883149706997e-05,6.571715407746541e-05,1934.4791075070375,9347.442116882818,7052.98641091508,0.8,8.0,100.0,61,95,3
G2_Wcluster_alhx700,$\mathrm{Hel}_{50}$,NAC_antisymmetric_BB_contact_survival,antisymmetric_nac_bb,Any 1 antisymmetric NAC BB,chain_pair,all,largest_cluster,1879000.0,9.290883149706997e-05,6.571715407746541e-05,1934.4791075070375,9347.442116882818,7052.98641091508,0.8,8.0,100.0,61,95,3
G2_Wcluster_alhx700,$\mathrm{Hel}_{50}$,NAC_antisymmetric_BB_contact_survival,antisymmetric_nac_bb,Any 1 antisymmetric NAC BB,chain_pair,all,largest_cluster,1880000.0,9.290883149706997e-05,6.571715407746541e-05,1934.4791075070375,9347.442116882818,7052.98641091508,0.8,8.0,100.0,61,95,3
G2_Wcluster_alhx700,$\mathrm{Hel}_{50}$,NAC_antisymmetric_BB_contact_survival,antisymmetric_nac_bb,Any 1 antisymmetric NAC BB,chain_pair,all,largest_cluster,1881000.0,9.290883149706997e-05,6.571715407746541e-05,1934.4791075070375,9347.442116882818,7052.98641091508,0.8,8.0,100.0,61,95,3
G2_Wcluster_alhx700,$\mathrm{Hel}_{50}$,NAC_antisymmetric_BB_contact_survival,antisymmetric_nac_bb,Any 1 antisymmetric NAC BB,chain_pair,all,largest_cluster,1882000.0,9.290883149706997e-05,6.571715407746541e-05,1934.4791075070375,9347.442116882818,7052.98641091508,0.8,8.0,100.0,61,95,3
G2_Wcluster_alhx700,$\mathrm{Hel}_{50}$,NAC_antisymmetric_BB_contact_survival,antisymmetric_nac_bb,Any 1 antisymmetric NAC BB,chain_pair,all,largest_cluster,1883000.0,9.290883149706997e-05,6.571715407746541e-05,1934.4791075070375,9347.442116882818,7052.98641091508,0.8,8.0,100.0,61,95,3
G2_Wcluster_alhx700,$\mathrm{Hel}_{50}$,NAC_antisymmetric_BB_contact_survival,antisymmetric_nac_bb,Any 1 antisymmetric NAC BB,chain_pair,all,largest_cluster,1884000.0,9.290883149706997e-05,6.571715407746541e-05,1934.4791075070375,9347.442116882818,7052.98641091508,0.8,8.0,100.0,61,95,3
G2_Wcluster_alhx700,$\mathrm{Hel}_{50}$,NAC_antisymmetric_BB_contact_survival,antisymmetric_nac_bb,Any 1 antisymmetric NAC BB,chain_pair,all,largest_cluster,1885000.0,9.290883149706997e-05,6.571715407746541e-05,1934.4791075070375,9347.442116882818,7052.98641091508,0.8,8.0,100.0,61,95,3
G2_Wcluster_alhx700,$\mathrm{Hel}_{50}$,NAC_antisymmetric_BB_contact_survival,antisymmetric_nac_bb,Any 1 antisymmetric NAC BB,chain_pair,all,largest_cluster,1886000.0,9.290883149706997e-05,6.571715407746541e-05,1934.4791075070375,9347.442116882818,7052.98641091508,0.8,8.0,100.0,61,95,3
G2_Wcluster_alhx700,$\mathrm{Hel}_{50}$,NAC_antisymmetric_BB_contact_survival,antisymmetric_nac_bb,Any 1 antisymmetric NAC BB,chain_pair,all,largest_cluster,1887000.0,9.290883149706997e-05,6.571715407746541e-05,1934.4791075070375,9347.442116882818,7052.98641091508,0.8,8.0,100.0,61,95,3
G2_Wcluster_alhx700,$\mathrm{Hel}_{50}$,NAC_antisymmetric_BB_contact_survival,antisymmetric_nac_bb,Any 1 antisymmetric NAC BB,chain_pair,all,largest_cluster,1888000.0,9.290883149706997e-05,6.571715407746541e-05,1934.4791075070375,9347.442116882818,7052.98641091508,0.8,8.0,100.0,61,95,3
G2_Wcluster_alhx700,$\mathrm{Hel}_{50}$,NAC_antisymmetric_BB_contact_survival,antisymmetric_nac_bb,Any 1 antisymmetric NAC BB,chain_pair,all,largest_cluster,1889000.0,9.290883149706997e-05,6.571715407746541e-05,1934.4791075070375,9347.442116882818,7052.98641091508,0.8,8.0,100.0,61,95,3
G2_Wcluster_alhx700,$\mathrm{Hel}_{50}$,NAC_antisymmetric_BB_contact_survival,antisymmetric_nac_bb,Any 1 antisymmetric NAC BB,chain_pair,all,largest_cluster,1890000.0,9.290883149706997e-05,6.571715407746541e-05,1934.4791075070375,9347.442116882818,7052.98641091508,0.8,8.0,100.0,61,95,3
G2_Wcluster_alhx700,$\mathrm{Hel}_{50}$,NAC_antisymmetric_BB_contact_survival,antisymmetric_nac_bb,Any 1 antisymmetric NAC BB,chain_pair,all,largest_cluster,1891000.0,9.290883149706997e-05,6.571715407746541e-05,1934.4791075070375,9347.442116882818,7052.98641091508,0.8,8.0,100.0,61,95,3
G2_Wcluster_alhx700,$\mathrm{Hel}_{50}$,NAC_antisymmetric_BB_contact_survival,antisymmetric_nac_bb,Any 1 antisymmetric NAC BB,chain_pair,all,largest_cluster,1892000.0,9.290883149706997e-05,6.571715407746541e-05,1934.4791075070375,9347.442116882818,7052.98641091508,0.8,8.0,100.0,61,95,3
G2_Wcluster_alhx700,$\mathrm{Hel}_{50}$,NAC_antisymmetric_BB_contact_survival,antisymmetric_nac_bb,Any 1 antisymmetric NAC BB,chain_pair,all,largest_cluster,1893000.0,9.290883149706997e-05,6.571715407746541e-05,1934.4791075070375,9347.442116882818,7052.98641091508,0.8,8.0,100.0,61,95,3
G2_Wcluster_alhx700,$\mathrm{Hel}_{50}$,NAC_antisymmetric_BB_contact_survival,antisymmetric_nac_bb,Any 1 antisymmetric NAC BB,chain_pair,all,largest_cluster,1894000.0,9.290883149706997e-05,6.571715407746541e-05,1934.4791075070375,9347.442116882818,7052.98641091508,0.8,8.0,100.0,61,95,3
G2_Wcluster_alhx700,$\mathrm{Hel}_{50}$,NAC_antisymmetric_BB_contact_survival,antisymmetric_nac_bb,Any 1 antisymmetric NAC BB,chain_pair,all,largest_cluster,1895000.0,9.290883149706997e-05,6.571715407746541e-05,1934.4791075070375,9347.442116882818,7052.98641091508,0.8,8.0,100.0,61,95,3
G2_Wcluster_alhx700,$\mathrm{Hel}_{50}$,NAC_antisymmetric_BB_contact_survival,antisymmetric_nac_bb,Any 1 antisymmetric NAC BB,chain_pair,all,largest_cluster,1896000.0,9.290883149706997e-05,6.571715407746541e-05,1934.4791075070375,9347.442116882818,7052.98641091508,0.8,8.0,100.0,61,95,3
G2_Wcluster_alhx700,$\mathrm{Hel}_{50}$,NAC_antisymmetric_BB_contact_survival,antisymmetric_nac_bb,Any 1 antisymmetric NAC BB,chain_pair,all,largest_cluster,1897000.0,9.290883149706997e-05,6.571715407746541e-05,1934.4791075070375,9347.442116882818,7052.98641091508,0.8,8.0,100.0,61,95,3
G2_Wcluster_alhx700,$\mathrm{Hel}_{50}$,NAC_antisymmetric_BB_contact_survival,antisymmetric_nac_bb,Any 1 antisymmetric NAC BB,chain_pair,all,largest_cluster,1898000.0,9.290883149706997e-05,6.571715407746541e-05,1934.4791075070375,9347.442116882818,7052.98641091508,0.8,8.0,100.0,61,95,3
G2_Wcluster_alhx700,$\mathrm{Hel}_{50}$,NAC_antisymmetric_BB_contact_survival,antisymmetric_nac_bb,Any 1 antisymmetric NAC BB,chain_pair,all,largest_cluster,1899000.0,9.290883149706997e-05,6.571715407746541e-05,1934.4791075070375,9347.442116882818,7052.98641091508,0.8,8.0,100.0,61,95,3
G2_Wcluster_alhx700,$\mathrm{Hel}_{50}$,NAC_antisymmetric_BB_contact_survival,antisymmetric_nac_bb,Any 1 antisymmetric NAC BB,chain_pair,all,largest_cluster,1900000.0,9.290883149706997e-05,6.571715407746541e-05,1934.4791075070375,9347.442116882818,7052.98641091508,0.8,8.0,100.0,61,95,3
G2_Wcluster_alhx700,$\mathrm{Hel}_{50}$,NAC_antisymmetric_BB_contact_survival,antisymmetric_nac_bb,Any 1 antisymmetric NAC BB,chain_pair,all,largest_cluster,1901000.0,9.290883149706997e-05,6.571715407746541e-05,1934.4791075070375,9347.442116882818,7052.98641091508,0.8,8.0,100.0,61,95,3
G2_Wcluster_alhx700,$\mathrm{Hel}_{50}$,NAC_antisymmetric_BB_contact_survival,antisymmetric_nac_bb,Any 1 antisymmetric NAC BB,chain_pair,all,largest_cluster,1902000.0,9.290883149706997e-05,6.571715407746541e-05,1934.4791075070375,9347.442116882818,7052.98641091508,0.8,8.0,100.0,61,95,3
G2_Wcluster_alhx700,$\mathrm{Hel}_{50}$,NAC_antisymmetric_BB_contact_survival,antisymmetric_nac_bb,Any 1 antisymmetric NAC BB,chain_pair,all,largest_cluster,1903000.0,9.290883149706997e-05,6.571715407746541e-05,1934.4791075070375,9347.442116882818,7052.98641091508,0.8,8.0,100.0,61,95,3
G2_Wcluster_alhx700,$\mathrm{Hel}_{50}$,NAC_antisymmetric_BB_contact_survival,antisymmetric_nac_bb,Any 1 antisymmetric NAC BB,chain_pair,all,largest_cluster,1904000.0,9.290883149706997e-05,6.571715407746541e-05,1934.4791075070375,9347.442116882818,7052.98641091508,0.8,8.0,100.0,61,95,3
G2_Wcluster_alhx700,$\mathrm{Hel}_{50}$,NAC_antisymmetric_BB_contact_survival,antisymmetric_nac_bb,Any 1 antisymmetric NAC BB,chain_pair,all,largest_cluster,1905000.0,9.290883149706997e-05,6.571715407746541e-05,1934.4791075070375,9347.442116882818,7052.98641091508,0.8,8.0,100.0,61,95,3
G2_Wcluster_alhx700,$\mathrm{Hel}_{50}$,NAC_antisymmetric_BB_contact_survival,antisymmetric_nac_bb,Any 1 antisymmetric NAC BB,chain_pair,all,largest_cluster,1906000.0,9.290883149706997e-05,6.571715407746541e-05,1934.4791075070375,9347.442116882818,7052.98641091508,0.8,8.0,100.0,61,95,3
G2_Wcluster_alhx700,$\mathrm{Hel}_{50}$,NAC_antisymmetric_BB_contact_survival,antisymmetric_nac_bb,Any 1 antisymmetric NAC BB,chain_pair,all,largest_cluster,1907000.0,9.290883149706997e-05,6.571715407746541e-05,1934.4791075070375,9347.442116882818,7052.98641091508,0.8,8.0,100.0,61,95,3
G2_Wcluster_alhx700,$\mathrm{Hel}_{50}$,NAC_antisymmetric_BB_contact_survival,antisymmetric_nac_bb,Any 1 antisymmetric NAC BB,chain_pair,all,largest_cluster,1908000.0,9.290883149706997e-05,6.571715407746541e-05,1934.4791075070375,9347.442116882818,7052.98641091508,0.8,8.0,100.0,61,95,3
G2_Wcluster_alhx700,$\mathrm{Hel}_{50}$,NAC_antisymmetric_BB_contact_survival,antisymmetric_nac_bb,Any 1 antisymmetric NAC BB,chain_pair,all,largest_cluster,1909000.0,9.290883149706997e-05,6.571715407746541e-05,1934.4791075070375,9347.442116882818,7052.98641091508,0.8,8.0,100.0,61,95,3
G2_Wcluster_alhx700,$\mathrm{Hel}_{50}$,NAC_antisymmetric_BB_contact_survival,antisymmetric_nac_bb,Any 1 antisymmetric NAC BB,chain_pair,all,largest_cluster,1910000.0,9.290883149706997e-05,6.571715407746541e-05,1934.4791075070375,9347.442116882818,7052.98641091508,0.8,8.0,100.0,61,95,3
G2_Wcluster_alhx700,$\mathrm{Hel}_{50}$,NAC_antisymmetric_BB_contact_survival,antisymmetric_nac_bb,Any 1 antisymmetric NAC BB,chain_pair,all,largest_cluster,1911000.0,9.290883149706997e-05,6.571715407746541e-05,1934.4791075070375,9347.442116882818,7052.98641091508,0.8,8.0,100.0,61,95,3
G2_Wcluster_alhx700,$\mathrm{Hel}_{50}$,NAC_antisymmetric_BB_contact_survival,antisymmetric_nac_bb,Any 1 antisymmetric NAC BB,chain_pair,all,largest_cluster,1912000.0,9.290883149706997e-05,6.571715407746541e-05,1934.4791075070375,9347.442116882818,7052.98641091508,0.8,8.0,100.0,61,95,3
G2_Wcluster_alhx700,$\mathrm{Hel}_{50}$,NAC_antisymmetric_BB_contact_survival,antisymmetric_nac_bb,Any 1 antisymmetric NAC BB,chain_pair,all,largest_cluster,1913000.0,9.290883149706997e-05,6.571715407746541e-05,1934.4791075070375,9347.442116882818,7052.98641091508,0.8,8.0,100.0,61,95,3
G2_Wcluster_alhx700,$\mathrm{Hel}_{50}$,NAC_antisymmetric_BB_contact_survival,antisymmetric_nac_bb,Any 1 antisymmetric NAC BB,chain_pair,all,largest_cluster,1914000.0,9.290883149706997e-05,6.571715407746541e-05,1934.4791075070375,9347.442116882818,7052.98641091508,0.8,8.0,100.0,61,95,3
G2_Wcluster_alhx700,$\mathrm{Hel}_{50}$,NAC_antisymmetric_BB_contact_survival,antisymmetric_nac_bb,Any 1 antisymmetric NAC BB,chain_pair,all,largest_cluster,1915000.0,9.290883149706997e-05,6.571715407746541e-05,1934.4791075070375,9347.442116882818,7052.98641091508,0.8,8.0,100.0,61,95,3
G2_Wcluster_alhx700,$\mathrm{Hel}_{50}$,NAC_antisymmetric_BB_contact_survival,antisymmetric_nac_bb,Any 1 antisymmetric NAC BB,chain_pair,all,largest_cluster,1916000.0,9.290883149706997e-05,6.571715407746541e-05,1934.4791075070375,9347.442116882818,7052.98641091508,0.8,8.0,100.0,61,95,3
G2_Wcluster_alhx700,$\mathrm{Hel}_{50}$,NAC_antisymmetric_BB_contact_survival,antisymmetric_nac_bb,Any 1 antisymmetric NAC BB,chain_pair,all,largest_cluster,1917000.0,9.290883149706997e-05,6.571715407746541e-05,1934.4791075070375,9347.442116882818,7052.98641091508,0.8,8.0,100.0,61,95,3
G2_Wcluster_alhx700,$\mathrm{Hel}_{50}$,NAC_antisymmetric_BB_contact_survival,antisymmetric_nac_bb,Any 1 antisymmetric NAC BB,chain_pair,all,largest_cluster,1918000.0,9.290883149706997e-05,6.571715407746541e-05,1934.4791075070375,9347.442116882818,7052.98641091508,0.8,8.0,100.0,61,95,3
G2_Wcluster_alhx700,$\mathrm{Hel}_{50}$,NAC_antisymmetric_BB_contact_survival,antisymmetric_nac_bb,Any 1 antisymmetric NAC BB,chain_pair,all,largest_cluster,1919000.0,9.290883149706997e-05,6.571715407746541e-05,1934.4791075070375,9347.442116882818,7052.98641091508,0.8,8.0,100.0,61,95,3
G2_Wcluster_alhx700,$\mathrm{Hel}_{50}$,NAC_antisymmetric_BB_contact_survival,antisymmetric_nac_bb,Any 1 antisymmetric NAC BB,chain_pair,all,largest_cluster,1920000.0,9.290883149706997e-05,6.571715407746541e-05,1934.4791075070375,9347.442116882818,7052.98641091508,0.8,8.0,100.0,61,95,3
G2_Wcluster_alhx700,$\mathrm{Hel}_{50}$,NAC_antisymmetric_BB_contact_survival,antisymmetric_nac_bb,Any 1 antisymmetric NAC BB,chain_pair,all,largest_cluster,1921000.0,9.290883149706997e-05,6.571715407746541e-05,1934.4791075070375,9347.442116882818,7052.98641091508,0.8,8.0,100.0,61,95,3
G2_Wcluster_alhx700,$\mathrm{Hel}_{50}$,NAC_antisymmetric_BB_contact_survival,antisymmetric_nac_bb,Any 1 antisymmetric NAC BB,chain_pair,all,largest_cluster,1922000.0,9.290883149706997e-05,6.571715407746541e-05,1934.4791075070375,9347.442116882818,7052.98641091508,0.8,8.0,100.0,61,95,3
G2_Wcluster_alhx700,$\mathrm{Hel}_{50}$,NAC_antisymmetric_BB_contact_survival,antisymmetric_nac_bb,Any 1 antisymmetric NAC BB,chain_pair,all,largest_cluster,1923000.0,9.290883149706997e-05,6.571715407746541e-05,1934.4791075070375,9347.442116882818,7052.98641091508,0.8,8.0,100.0,61,95,3
G2_Wcluster_alhx700,$\mathrm{Hel}_{50}$,NAC_antisymmetric_BB_contact_survival,antisymmetric_nac_bb,Any 1 antisymmetric NAC BB,chain_pair,all,largest_cluster,1924000.0,9.290883149706997e-05,6.571715407746541e-05,1934.4791075070375,9347.442116882818,7052.98641091508,0.8,8.0,100.0,61,95,3
G2_Wcluster_alhx700,$\mathrm{Hel}_{50}$,NAC_antisymmetric_BB_contact_survival,antisymmetric_nac_bb,Any 1 antisymmetric NAC BB,chain_pair,all,largest_cluster,1925000.0,9.290883149706997e-05,6.571715407746541e-05,1934.4791075070375,9347.442116882818,7052.98641091508,0.8,8.0,100.0,61,95,3
G2_Wcluster_alhx700,$\mathrm{Hel}_{50}$,NAC_antisymmetric_BB_contact_survival,antisymmetric_nac_bb,Any 1 antisymmetric NAC BB,chain_pair,all,largest_cluster,1926000.0,9.290883149706997e-05,6.571715407746541e-05,1934.4791075070375,9347.442116882818,7052.98641091508,0.8,8.0,100.0,61,95,3
G2_Wcluster_alhx700,$\mathrm{Hel}_{50}$,NAC_antisymmetric_BB_contact_survival,antisymmetric_nac_bb,Any 1 antisymmetric NAC BB,chain_pair,all,largest_cluster,1927000.0,9.290883149706997e-05,6.571715407746541e-05,1934.4791075070375,9347.442116882818,7052.98641091508,0.8,8.0,100.0,61,95,3
G2_Wcluster_alhx700,$\mathrm{Hel}_{50}$,NAC_antisymmetric_BB_contact_survival,antisymmetric_nac_bb,Any 1 antisymmetric NAC BB,chain_pair,all,largest_cluster,1928000.0,9.290883149706997e-05,6.571715407746541e-05,1934.4791075070375,9347.442116882818,7052.98641091508,0.8,8.0,100.0,61,95,3
G2_Wcluster_alhx700,$\mathrm{Hel}_{50}$,NAC_antisymmetric_BB_contact_survival,antisymmetric_nac_bb,Any 1 antisymmetric NAC BB,chain_pair,all,largest_cluster,1929000.0,9.290883149706997e-05,6.571715407746541e-05,1934.4791075070375,9347.442116882818,7052.98641091508,0.8,8.0,100.0,61,95,3
G2_Wcluster_alhx700,$\mathrm{Hel}_{50}$,NAC_antisymmetric_BB_contact_survival,antisymmetric_nac_bb,Any 1 antisymmetric NAC BB,chain_pair,all,largest_cluster,1930000.0,9.290883149706997e-05,6.571715407746541e-05,1934.4791075070375,9347.442116882818,7052.98641091508,0.8,8.0,100.0,61,95,3
G2_Wcluster_alhx700,$\mathrm{Hel}_{50}$,NAC_antisymmetric_BB_contact_survival,antisymmetric_nac_bb,Any 1 antisymmetric NAC BB,chain_pair,all,largest_cluster,1931000.0,9.290883149706997e-05,6.571715407746541e-05,1934.4791075070375,9347.442116882818,7052.98641091508,0.8,8.0,100.0,61,95,3
G2_Wcluster_alhx700,$\mathrm{Hel}_{50}$,NAC_antisymmetric_BB_contact_survival,antisymmetric_nac_bb,Any 1 antisymmetric NAC BB,chain_pair,all,largest_cluster,1932000.0,9.290883149706997e-05,6.571715407746541e-05,1934.4791075070375,9347.442116882818,7052.98641091508,0.8,8.0,100.0,61,95,3
G2_Wcluster_alhx700,$\mathrm{Hel}_{50}$,NAC_antisymmetric_BB_contact_survival,antisymmetric_nac_bb,Any 1 antisymmetric NAC BB,chain_pair,all,largest_cluster,1933000.0,9.290883149706997e-05,6.571715407746541e-05,1934.4791075070375,9347.442116882818,7052.98641091508,0.8,8.0,100.0,61,95,3
G2_Wcluster_alhx700,$\mathrm{Hel}_{50}$,NAC_antisymmetric_BB_contact_survival,antisymmetric_nac_bb,Any 1 antisymmetric NAC BB,chain_pair,all,largest_cluster,1934000.0,9.290883149706997e-05,6.571715407746541e-05,1934.4791075070375,9347.442116882818,7052.98641091508,0.8,8.0,100.0,61,95,3
G2_Wcluster_alhx700,$\mathrm{Hel}_{50}$,NAC_antisymmetric_BB_contact_survival,antisymmetric_nac_bb,Any 1 antisymmetric NAC BB,chain_pair,all,largest_cluster,1935000.0,9.290883149706997e-05,6.571715407746541e-05,1934.4791075070375,9347.442116882818,7052.98641091508,0.8,8.0,100.0,61,95,3
G2_Wcluster_alhx700,$\mathrm{Hel}_{50}$,NAC_antisymmetric_BB_contact_survival,antisymmetric_nac_bb,Any 1 antisymmetric NAC BB,chain_pair,all,largest_cluster,1936000.0,9.290883149706997e-05,6.571715407746541e-05,1934.4791075070375,9347.442116882818,7052.98641091508,0.8,8.0,100.0,61,95,3
G2_Wcluster_alhx700,$\mathrm{Hel}_{50}$,NAC_antisymmetric_BB_contact_survival,antisymmetric_nac_bb,Any 1 antisymmetric NAC BB,chain_pair,all,largest_cluster,1937000.0,9.290883149706997e-05,6.571715407746541e-05,1934.4791075070375,9347.442116882818,7052.98641091508,0.8,8.0,100.0,61,95,3
G2_Wcluster_alhx700,$\mathrm{Hel}_{50}$,NAC_antisymmetric_BB_contact_survival,antisymmetric_nac_bb,Any 1 antisymmetric NAC BB,chain_pair,all,largest_cluster,1938000.0,9.290883149706997e-05,6.571715407746541e-05,1934.4791075070375,9347.442116882818,7052.98641091508,0.8,8.0,100.0,61,95,3
G2_Wcluster_alhx700,$\mathrm{Hel}_{50}$,NAC_antisymmetric_BB_contact_survival,antisymmetric_nac_bb,Any 1 antisymmetric NAC BB,chain_pair,all,largest_cluster,1939000.0,9.290883149706997e-05,6.571715407746541e-05,1934.4791075070375,9347.442116882818,7052.98641091508,0.8,8.0,100.0,61,95,3
G2_Wcluster_alhx700,$\mathrm{Hel}_{50}$,NAC_antisymmetric_BB_contact_survival,antisymmetric_nac_bb,Any 1 antisymmetric NAC BB,chain_pair,all,largest_cluster,1940000.0,9.290883149706997e-05,6.571715407746541e-05,1934.4791075070375,9347.442116882818,7052.98641091508,0.8,8.0,100.0,61,95,3
G2_Wcluster_alhx700,$\mathrm{Hel}_{50}$,NAC_antisymmetric_BB_contact_survival,antisymmetric_nac_bb,Any 1 antisymmetric NAC BB,chain_pair,all,largest_cluster,1941000.0,9.290883149706997e-05,6.571715407746541e-05,1934.4791075070375,9347.442116882818,7052.98641091508,0.8,8.0,100.0,61,95,3
G2_Wcluster_alhx700,$\mathrm{Hel}_{50}$,NAC_antisymmetric_BB_contact_survival,antisymmetric_nac_bb,Any 1 antisymmetric NAC BB,chain_pair,all,largest_cluster,1942000.0,9.290883149706997e-05,6.571715407746541e-05,1934.4791075070375,9347.442116882818,7052.98641091508,0.8,8.0,100.0,61,95,3
G2_Wcluster_alhx700,$\mathrm{Hel}_{50}$,NAC_antisymmetric_BB_contact_survival,antisymmetric_nac_bb,Any 1 antisymmetric NAC BB,chain_pair,all,largest_cluster,1943000.0,9.290883149706997e-05,6.571715407746541e-05,1934.4791075070375,9347.442116882818,7052.98641091508,0.8,8.0,100.0,61,95,3
G2_Wcluster_alhx700,$\mathrm{Hel}_{50}$,NAC_antisymmetric_BB_contact_survival,antisymmetric_nac_bb,Any 1 antisymmetric NAC BB,chain_pair,all,largest_cluster,1944000.0,9.290883149706997e-05,6.571715407746541e-05,1934.4791075070375,9347.442116882818,7052.98641091508,0.8,8.0,100.0,61,95,3
G2_Wcluster_alhx700,$\mathrm{Hel}_{50}$,NAC_antisymmetric_BB_contact_survival,antisymmetric_nac_bb,Any 1 antisymmetric NAC BB,chain_pair,all,largest_cluster,1945000.0,9.290883149706997e-05,6.571715407746541e-05,1934.4791075070375,9347.442116882818,7052.98641091508,0.8,8.0,100.0,61,95,3
G2_Wcluster_alhx700,$\mathrm{Hel}_{50}$,NAC_antisymmetric_BB_contact_survival,antisymmetric_nac_bb,Any 1 antisymmetric NAC BB,chain_pair,all,largest_cluster,1946000.0,9.290883149706997e-05,6.571715407746541e-05,1934.4791075070375,9347.442116882818,7052.98641091508,0.8,8.0,100.0,61,95,3
G2_Wcluster_alhx700,$\mathrm{Hel}_{50}$,NAC_antisymmetric_BB_contact_survival,antisymmetric_nac_bb,Any 1 antisymmetric NAC BB,chain_pair,all,largest_cluster,1947000.0,9.290883149706997e-05,6.571715407746541e-05,1934.4791075070375,9347.442116882818,7052.98641091508,0.8,8.0,100.0,61,95,3
G2_Wcluster_alhx700,$\mathrm{Hel}_{50}$,NAC_antisymmetric_BB_contact_survival,antisymmetric_nac_bb,Any 1 antisymmetric NAC BB,chain_pair,all,largest_cluster,1948000.0,9.290883149706997e-05,6.571715407746541e-05,1934.4791075070375,9347.442116882818,7052.98641091508,0.8,8.0,100.0,61,95,3
G2_Wcluster_alhx700,$\mathrm{Hel}_{50}$,NAC_antisymmetric_BB_contact_survival,antisymmetric_nac_bb,Any 1 antisymmetric NAC BB,chain_pair,all,largest_cluster,1949000.0,9.290883149706997e-05,6.571715407746541e-05,1934.4791075070375,9347.442116882818,7052.98641091508,0.8,8.0,100.0,61,95,3
G2_Wcluster_alhx700,$\mathrm{Hel}_{50}$,NAC_antisymmetric_BB_contact_survival,antisymmetric_nac_bb,Any 1 antisymmetric NAC BB,chain_pair,all,largest_cluster,1950000.0,9.290883149706997e-05,6.571715407746541e-05,1934.4791075070375,9347.442116882818,7052.98641091508,0.8,8.0,100.0,61,95,3
G2_Wcluster_alhx700,$\mathrm{Hel}_{50}$,NAC_antisymmetric_BB_contact_survival,antisymmetric_nac_bb,Any 1 antisymmetric NAC BB,chain_pair,all,largest_cluster,1951000.0,9.290883149706997e-05,6.571715407746541e-05,1934.4791075070375,9347.442116882818,7052.98641091508,0.8,8.0,100.0,61,95,3
G2_Wcluster_alhx700,$\mathrm{Hel}_{50}$,NAC_antisymmetric_BB_contact_survival,antisymmetric_nac_bb,Any 1 antisymmetric NAC BB,chain_pair,all,largest_cluster,1952000.0,9.290883149706997e-05,6.571715407746541e-05,1934.4791075070375,9347.442116882818,7052.98641091508,0.8,8.0,100.0,61,95,3
G2_Wcluster_alhx700,$\mathrm{Hel}_{50}$,NAC_antisymmetric_BB_contact_survival,antisymmetric_nac_bb,Any 1 antisymmetric NAC BB,chain_pair,all,largest_cluster,1953000.0,9.290883149706997e-05,6.571715407746541e-05,1934.4791075070375,9347.442116882818,7052.98641091508,0.8,8.0,100.0,61,95,3
G2_Wcluster_alhx700,$\mathrm{Hel}_{50}$,NAC_antisymmetric_BB_contact_survival,antisymmetric_nac_bb,Any 1 antisymmetric NAC BB,chain_pair,all,largest_cluster,1954000.0,9.290883149706997e-05,6.571715407746541e-05,1934.4791075070375,9347.442116882818,7052.98641091508,0.8,8.0,100.0,61,95,3
G2_Wcluster_alhx700,$\mathrm{Hel}_{50}$,NAC_antisymmetric_BB_contact_survival,antisymmetric_nac_bb,Any 1 antisymmetric NAC BB,chain_pair,all,largest_cluster,1955000.0,9.290883149706997e-05,6.571715407746541e-05,1934.4791075070375,9347.442116882818,7052.98641091508,0.8,8.0,100.0,61,95,3
G2_Wcluster_alhx700,$\mathrm{Hel}_{50}$,NAC_antisymmetric_BB_contact_survival,antisymmetric_nac_bb,Any 1 antisymmetric NAC BB,chain_pair,all,largest_cluster,1956000.0,9.290883149706997e-05,6.571715407746541e-05,1934.4791075070375,9347.442116882818,7052.98641091508,0.8,8.0,100.0,61,95,3
G2_Wcluster_alhx700,$\mathrm{Hel}_{50}$,NAC_antisymmetric_BB_contact_survival,antisymmetric_nac_bb,Any 1 antisymmetric NAC BB,chain_pair,all,largest_cluster,1957000.0,9.290883149706997e-05,6.571715407746541e-05,1934.4791075070375,9347.442116882818,7052.98641091508,0.8,8.0,100.0,61,95,3
G2_Wcluster_alhx700,$\mathrm{Hel}_{50}$,NAC_antisymmetric_BB_contact_survival,antisymmetric_nac_bb,Any 1 antisymmetric NAC BB,chain_pair,all,largest_cluster,1958000.0,9.290883149706997e-05,6.571715407746541e-05,1934.4791075070375,9347.442116882818,7052.98641091508,0.8,8.0,100.0,61,95,3
G2_Wcluster_alhx700,$\mathrm{Hel}_{50}$,NAC_antisymmetric_BB_contact_survival,antisymmetric_nac_bb,Any 1 antisymmetric NAC BB,chain_pair,all,largest_cluster,1959000.0,9.290883149706997e-05,6.571715407746541e-05,1934.4791075070375,9347.442116882818,7052.98641091508,0.8,8.0,100.0,61,95,3
G2_Wcluster_alhx700,$\mathrm{Hel}_{50}$,NAC_antisymmetric_BB_contact_survival,antisymmetric_nac_bb,Any 1 antisymmetric NAC BB,chain_pair,all,largest_cluster,1960000.0,9.290883149706997e-05,6.571715407746541e-05,1934.4791075070375,9347.442116882818,7052.98641091508,0.8,8.0,100.0,61,95,3
G2_Wcluster_alhx700,$\mathrm{Hel}_{50}$,NAC_antisymmetric_BB_contact_survival,antisymmetric_nac_bb,Any 1 antisymmetric NAC BB,chain_pair,all,largest_cluster,1961000.0,9.290883149706997e-05,6.571715407746541e-05,1934.4791075070375,9347.442116882818,7052.98641091508,0.8,8.0,100.0,61,95,3
G2_Wcluster_alhx700,$\mathrm{Hel}_{50}$,NAC_antisymmetric_BB_contact_survival,antisymmetric_nac_bb,Any 1 antisymmetric NAC BB,chain_pair,all,largest_cluster,1962000.0,9.290883149706997e-05,6.571715407746541e-05,1934.4791075070375,9347.442116882818,7052.98641091508,0.8,8.0,100.0,61,95,3
G2_Wcluster_alhx700,$\mathrm{Hel}_{50}$,NAC_antisymmetric_BB_contact_survival,antisymmetric_nac_bb,Any 1 antisymmetric NAC BB,chain_pair,all,largest_cluster,1963000.0,9.290883149706997e-05,6.571715407746541e-05,1934.4791075070375,9347.442116882818,7052.98641091508,0.8,8.0,100.0,61,95,3
G2_Wcluster_alhx700,$\mathrm{Hel}_{50}$,NAC_antisymmetric_BB_contact_survival,antisymmetric_nac_bb,Any 1 antisymmetric NAC BB,chain_pair,all,largest_cluster,1964000.0,9.290883149706997e-05,6.571715407746541e-05,1934.4791075070375,9347.442116882818,7052.98641091508,0.8,8.0,100.0,61,95,3
G2_Wcluster_alhx700,$\mathrm{Hel}_{50}$,NAC_antisymmetric_BB_contact_survival,antisymmetric_nac_bb,Any 1 antisymmetric NAC BB,chain_pair,all,largest_cluster,1965000.0,9.290883149706997e-05,6.571715407746541e-05,1934.4791075070375,9347.442116882818,7052.98641091508,0.8,8.0,100.0,61,95,3
G2_Wcluster_alhx700,$\mathrm{Hel}_{50}$,NAC_antisymmetric_BB_contact_survival,antisymmetric_nac_bb,Any 1 antisymmetric NAC BB,chain_pair,all,largest_cluster,1966000.0,9.290883149706997e-05,6.571715407746541e-05,1934.4791075070375,9347.442116882818,7052.98641091508,0.8,8.0,100.0,61,95,3
G2_Wcluster_alhx700,$\mathrm{Hel}_{50}$,NAC_antisymmetric_BB_contact_survival,antisymmetric_nac_bb,Any 1 antisymmetric NAC BB,chain_pair,all,largest_cluster,1967000.0,9.290883149706997e-05,6.571715407746541e-05,1934.4791075070375,9347.442116882818,7052.98641091508,0.8,8.0,100.0,61,95,3
G2_Wcluster_alhx700,$\mathrm{Hel}_{50}$,NAC_antisymmetric_BB_contact_survival,antisymmetric_nac_bb,Any 1 antisymmetric NAC BB,chain_pair,all,largest_cluster,1968000.0,9.290883149706997e-05,6.571715407746541e-05,1934.4791075070375,9347.442116882818,7052.98641091508,0.8,8.0,100.0,61,95,3
G2_Wcluster_alhx700,$\mathrm{Hel}_{50}$,NAC_antisymmetric_BB_contact_survival,antisymmetric_nac_bb,Any 1 antisymmetric NAC BB,chain_pair,all,largest_cluster,1969000.0,9.290883149706997e-05,6.571715407746541e-05,1934.4791075070375,9347.442116882818,7052.98641091508,0.8,8.0,100.0,61,95,3
G2_Wcluster_alhx700,$\mathrm{Hel}_{50}$,NAC_antisymmetric_BB_contact_survival,antisymmetric_nac_bb,Any 1 antisymmetric NAC BB,chain_pair,all,largest_cluster,1970000.0,9.290883149706997e-05,6.571715407746541e-05,1934.4791075070375,9347.442116882818,7052.98641091508,0.8,8.0,100.0,61,95,3
G2_Wcluster_alhx700,$\mathrm{Hel}_{50}$,NAC_antisymmetric_BB_contact_survival,antisymmetric_nac_bb,Any 1 antisymmetric NAC BB,chain_pair,all,largest_cluster,1971000.0,9.290883149706997e-05,6.571715407746541e-05,1934.4791075070375,9347.442116882818,7052.98641091508,0.8,8.0,100.0,61,95,3
G2_Wcluster_alhx700,$\mathrm{Hel}_{50}$,NAC_antisymmetric_BB_contact_survival,antisymmetric_nac_bb,Any 1 antisymmetric NAC BB,chain_pair,all,largest_cluster,1972000.0,9.290883149706997e-05,6.571715407746541e-05,1934.4791075070375,9347.442116882818,7052.98641091508,0.8,8.0,100.0,61,95,3
G2_Wcluster_alhx700,$\mathrm{Hel}_{50}$,NAC_antisymmetric_BB_contact_survival,antisymmetric_nac_bb,Any 1 antisymmetric NAC BB,chain_pair,all,largest_cluster,1973000.0,9.290883149706997e-05,6.571715407746541e-05,1934.4791075070375,9347.442116882818,7052.98641091508,0.8,8.0,100.0,61,95,3
G2_Wcluster_alhx700,$\mathrm{Hel}_{50}$,NAC_antisymmetric_BB_contact_survival,antisymmetric_nac_bb,Any 1 antisymmetric NAC BB,chain_pair,all,largest_cluster,1974000.0,9.290883149706997e-05,6.571715407746541e-05,1934.4791075070375,9347.442116882818,7052.98641091508,0.8,8.0,100.0,61,95,3
G2_Wcluster_alhx700,$\mathrm{Hel}_{50}$,NAC_antisymmetric_BB_contact_survival,antisymmetric_nac_bb,Any 1 antisymmetric NAC BB,chain_pair,all,largest_cluster,1975000.0,9.290883149706997e-05,6.571715407746541e-05,1934.4791075070375,9347.442116882818,7052.98641091508,0.8,8.0,100.0,61,95,3
G2_Wcluster_alhx700,$\mathrm{Hel}_{50}$,NAC_antisymmetric_BB_contact_survival,antisymmetric_nac_bb,Any 1 antisymmetric NAC BB,chain_pair,all,largest_cluster,1976000.0,9.290883149706997e-05,6.571715407746541e-05,1934.4791075070375,9347.442116882818,7052.98641091508,0.8,8.0,100.0,61,95,3
G2_Wcluster_alhx700,$\mathrm{Hel}_{50}$,NAC_antisymmetric_BB_contact_survival,antisymmetric_nac_bb,Any 1 antisymmetric NAC BB,chain_pair,all,largest_cluster,1977000.0,9.290883149706997e-05,6.571715407746541e-05,1934.4791075070375,9347.442116882818,7052.98641091508,0.8,8.0,100.0,61,95,3
G2_Wcluster_alhx700,$\mathrm{Hel}_{50}$,NAC_antisymmetric_BB_contact_survival,antisymmetric_nac_bb,Any 1 antisymmetric NAC BB,chain_pair,all,largest_cluster,1978000.0,9.290883149706997e-05,6.571715407746541e-05,1934.4791075070375,9347.442116882818,7052.98641091508,0.8,8.0,100.0,61,95,3
G2_Wcluster_alhx700,$\mathrm{Hel}_{50}$,NAC_antisymmetric_BB_contact_survival,antisymmetric_nac_bb,Any 1 antisymmetric NAC BB,chain_pair,all,largest_cluster,1979000.0,9.290883149706997e-05,6.571715407746541e-05,1934.4791075070375,9347.442116882818,7052.98641091508,0.8,8.0,100.0,61,95,3
G2_Wcluster_alhx700,$\mathrm{Hel}_{50}$,NAC_antisymmetric_BB_contact_survival,antisymmetric_nac_bb,Any 1 antisymmetric NAC BB,chain_pair,all,largest_cluster,1980000.0,9.290883149706997e-05,6.571715407746541e-05,1934.4791075070375,9347.442116882818,7052.98641091508,0.8,8.0,100.0,61,95,3
G2_Wcluster_alhx700,$\mathrm{Hel}_{50}$,NAC_antisymmetric_BB_contact_survival,antisymmetric_nac_bb,Any 1 antisymmetric NAC BB,chain_pair,all,largest_cluster,1981000.0,9.290883149706997e-05,6.571715407746541e-05,1934.4791075070375,9347.442116882818,7052.98641091508,0.8,8.0,100.0,61,95,3
G2_Wcluster_alhx700,$\mathrm{Hel}_{50}$,NAC_antisymmetric_BB_contact_survival,antisymmetric_nac_bb,Any 1 antisymmetric NAC BB,chain_pair,all,largest_cluster,1982000.0,9.290883149706997e-05,6.571715407746541e-05,1934.4791075070375,9347.442116882818,7052.98641091508,0.8,8.0,100.0,61,95,3
G2_Wcluster_alhx700,$\mathrm{Hel}_{50}$,NAC_antisymmetric_BB_contact_survival,antisymmetric_nac_bb,Any 1 antisymmetric NAC BB,chain_pair,all,largest_cluster,1983000.0,9.290883149706997e-05,6.571715407746541e-05,1934.4791075070375,9347.442116882818,7052.98641091508,0.8,8.0,100.0,61,95,3
G2_Wcluster_alhx700,$\mathrm{Hel}_{50}$,NAC_antisymmetric_BB_contact_survival,antisymmetric_nac_bb,Any 1 antisymmetric NAC BB,chain_pair,all,largest_cluster,1984000.0,9.290883149706997e-05,6.571715407746541e-05,1934.4791075070375,9347.442116882818,7052.98641091508,0.8,8.0,100.0,61,95,3
G2_Wcluster_alhx700,$\mathrm{Hel}_{50}$,NAC_antisymmetric_BB_contact_survival,antisymmetric_nac_bb,Any 1 antisymmetric NAC BB,chain_pair,all,largest_cluster,1985000.0,9.290883149706997e-05,6.571715407746541e-05,1934.4791075070375,9347.442116882818,7052.98641091508,0.8,8.0,100.0,61,95,3
G2_Wcluster_alhx700,$\mathrm{Hel}_{50}$,NAC_antisymmetric_BB_contact_survival,antisymmetric_nac_bb,Any 1 antisymmetric NAC BB,chain_pair,all,largest_cluster,1986000.0,9.290883149706997e-05,6.571715407746541e-05,1934.4791075070375,9347.442116882818,7052.98641091508,0.8,8.0,100.0,61,95,3
G2_Wcluster_alhx700,$\mathrm{Hel}_{50}$,NAC_antisymmetric_BB_contact_survival,antisymmetric_nac_bb,Any 1 antisymmetric NAC BB,chain_pair,all,largest_cluster,1987000.0,9.290883149706997e-05,6.571715407746541e-05,1934.4791075070375,9347.442116882818,7052.98641091508,0.8,8.0,100.0,61,95,3
G2_Wcluster_alhx700,$\mathrm{Hel}_{50}$,NAC_antisymmetric_BB_contact_survival,antisymmetric_nac_bb,Any 1 antisymmetric NAC BB,chain_pair,all,largest_cluster,1988000.0,9.290883149706997e-05,6.571715407746541e-05,1934.4791075070375,9347.442116882818,7052.98641091508,0.8,8.0,100.0,61,95,3
G2_Wcluster_alhx700,$\mathrm{Hel}_{50}$,NAC_antisymmetric_BB_contact_survival,antisymmetric_nac_bb,Any 1 antisymmetric NAC BB,chain_pair,all,largest_cluster,1989000.0,9.290883149706997e-05,6.571715407746541e-05,1934.4791075070375,9347.442116882818,7052.98641091508,0.8,8.0,100.0,61,95,3
G2_Wcluster_alhx700,$\mathrm{Hel}_{50}$,NAC_antisymmetric_BB_contact_survival,antisymmetric_nac_bb,Any 1 antisymmetric NAC BB,chain_pair,all,largest_cluster,1990000.0,9.290883149706997e-05,6.571715407746541e-05,1934.4791075070375,9347.442116882818,7052.98641091508,0.8,8.0,100.0,61,95,3
G2_Wcluster_alhx700,$\mathrm{Hel}_{50}$,NAC_antisymmetric_BB_contact_survival,antisymmetric_nac_bb,Any 1 antisymmetric NAC BB,chain_pair,all,largest_cluster,1991000.0,9.290883149706997e-05,6.571715407746541e-05,1934.4791075070375,9347.442116882818,7052.98641091508,0.8,8.0,100.0,61,95,3
G2_Wcluster_alhx700,$\mathrm{Hel}_{50}$,NAC_antisymmetric_BB_contact_survival,antisymmetric_nac_bb,Any 1 antisymmetric NAC BB,chain_pair,all,largest_cluster,1992000.0,9.290883149706997e-05,6.571715407746541e-05,1934.4791075070375,9347.442116882818,7052.98641091508,0.8,8.0,100.0,61,95,3
G2_Wcluster_alhx700,$\mathrm{Hel}_{50}$,NAC_antisymmetric_BB_contact_survival,antisymmetric_nac_bb,Any 1 antisymmetric NAC BB,chain_pair,all,largest_cluster,1993000.0,9.290883149706997e-05,6.571715407746541e-05,1934.4791075070375,9347.442116882818,7052.98641091508,0.8,8.0,100.0,61,95,3
G2_Wcluster_alhx700,$\mathrm{Hel}_{50}$,NAC_antisymmetric_BB_contact_survival,antisymmetric_nac_bb,Any 1 antisymmetric NAC BB,chain_pair,all,largest_cluster,1994000.0,9.290883149706997e-05,6.571715407746541e-05,1934.4791075070375,9347.442116882818,7052.98641091508,0.8,8.0,100.0,61,95,3
G2_Wcluster_alhx700,$\mathrm{Hel}_{50}$,NAC_antisymmetric_BB_contact_survival,antisymmetric_nac_bb,Any 1 antisymmetric NAC BB,chain_pair,all,largest_cluster,1995000.0,9.290883149706997e-05,6.571715407746541e-05,1934.4791075070375,9347.442116882818,7052.98641091508,0.8,8.0,100.0,61,95,3
G2_Wcluster_alhx700,$\mathrm{Hel}_{50}$,NAC_antisymmetric_BB_contact_survival,antisymmetric_nac_bb,Any 1 antisymmetric NAC BB,chain_pair,all,largest_cluster,1996000.0,9.290883149706997e-05,6.571715407746541e-05,1934.4791075070375,9347.442116882818,7052.98641091508,0.8,8.0,100.0,61,95,3
G2_Wcluster_alhx700,$\mathrm{Hel}_{50}$,NAC_antisymmetric_BB_contact_survival,antisymmetric_nac_bb,Any 1 antisymmetric NAC BB,chain_pair,all,largest_cluster,1997000.0,9.290883149706997e-05,6.571715407746541e-05,1934.4791075070375,9347.442116882818,7052.98641091508,0.8,8.0,100.0,61,95,3
G2_Wcluster_alhx700,$\mathrm{Hel}_{50}$,NAC_antisymmetric_BB_contact_survival,antisymmetric_nac_bb,Any 1 antisymmetric NAC BB,chain_pair,all,largest_cluster,1998000.0,9.290883149706997e-05,6.571715407746541e-05,1934.4791075070375,9347.442116882818,7052.98641091508,0.8,8.0,100.0,61,95,3
G2_Wcluster_alhx700,$\mathrm{Hel}_{50}$,NAC_antisymmetric_BB_contact_survival,antisymmetric_nac_bb,Any 1 antisymmetric NAC BB,chain_pair,all,largest_cluster,1999000.0,9.290883149706997e-05,6.571715407746541e-05,1934.4791075070375,9347.442116882818,7052.98641091508,0.8,8.0,100.0,61,95,3
G2_Wcluster_alhx700,$\mathrm{Hel}_{50}$,NAC_antisymmetric_BB_contact_survival,antisymmetric_nac_bb,Any 1 antisymmetric NAC BB,chain_pair,all,largest_cluster,2000000.0,9.290883149706997e-05,6.571715407746541e-05,1934.4791075070375,9347.442116882818,7052.98641091508,0.8,8.0,100.0,61,95,3
G2_Wcluster_alhx700,$\mathrm{Hel}_{50}$,NAC_antisymmetric_BB_contact_survival,antisymmetric_nac_bb,Any 1 antisymmetric NAC BB,chain_pair,all,largest_cluster,2001000.0,9.290883149706997e-05,6.571715407746541e-05,1934.4791075070375,9347.442116882818,7052.98641091508,0.8,8.0,100.0,61,95,3
G2_Wcluster_alhx700,$\mathrm{Hel}_{50}$,NAC_antisymmetric_BB_contact_survival,antisymmetric_nac_bb,Any 1 antisymmetric NAC BB,chain_pair,all,largest_cluster,2002000.0,9.290883149706997e-05,6.571715407746541e-05,1934.4791075070375,9347.442116882818,7052.98641091508,0.8,8.0,100.0,61,95,3
G2_Wcluster_alhx700,$\mathrm{Hel}_{50}$,NAC_antisymmetric_BB_contact_survival,antisymmetric_nac_bb,Any 1 antisymmetric NAC BB,chain_pair,all,largest_cluster,2003000.0,9.290883149706997e-05,6.571715407746541e-05,1934.4791075070375,9347.442116882818,7052.98641091508,0.8,8.0,100.0,61,95,3
G2_Wcluster_alhx700,$\mathrm{Hel}_{50}$,NAC_antisymmetric_BB_contact_survival,antisymmetric_nac_bb,Any 1 antisymmetric NAC BB,chain_pair,all,largest_cluster,2004000.0,9.290883149706997e-05,6.571715407746541e-05,1934.4791075070375,9347.442116882818,7052.98641091508,0.8,8.0,100.0,61,95,3
G2_Wcluster_alhx700,$\mathrm{Hel}_{50}$,NAC_antisymmetric_BB_contact_survival,antisymmetric_nac_bb,Any 1 antisymmetric NAC BB,chain_pair,all,largest_cluster,2005000.0,9.290883149706997e-05,6.571715407746541e-05,1934.4791075070375,9347.442116882818,7052.98641091508,0.8,8.0,100.0,61,95,3
G2_Wcluster_alhx700,$\mathrm{Hel}_{50}$,NAC_antisymmetric_BB_contact_survival,antisymmetric_nac_bb,Any 1 antisymmetric NAC BB,chain_pair,all,largest_cluster,2006000.0,9.290883149706997e-05,6.571715407746541e-05,1934.4791075070375,9347.442116882818,7052.98641091508,0.8,8.0,100.0,61,95,3
G2_Wcluster_alhx700,$\mathrm{Hel}_{50}$,NAC_antisymmetric_BB_contact_survival,antisymmetric_nac_bb,Any 1 antisymmetric NAC BB,chain_pair,all,largest_cluster,2007000.0,9.290883149706997e-05,6.571715407746541e-05,1934.4791075070375,9347.442116882818,7052.98641091508,0.8,8.0,100.0,61,95,3
G2_Wcluster_alhx700,$\mathrm{Hel}_{50}$,NAC_antisymmetric_BB_contact_survival,antisymmetric_nac_bb,Any 1 antisymmetric NAC BB,chain_pair,all,largest_cluster,2008000.0,9.290883149706997e-05,6.571715407746541e-05,1934.4791075070375,9347.442116882818,7052.98641091508,0.8,8.0,100.0,61,95,3
G2_Wcluster_alhx700,$\mathrm{Hel}_{50}$,NAC_antisymmetric_BB_contact_survival,antisymmetric_nac_bb,Any 1 antisymmetric NAC BB,chain_pair,all,largest_cluster,2009000.0,9.290883149706997e-05,6.571715407746541e-05,1934.4791075070375,9347.442116882818,7052.98641091508,0.8,8.0,100.0,61,95,3
G2_Wcluster_alhx700,$\mathrm{Hel}_{50}$,NAC_antisymmetric_BB_contact_survival,antisymmetric_nac_bb,Any 1 antisymmetric NAC BB,chain_pair,all,largest_cluster,2010000.0,9.290883149706997e-05,6.571715407746541e-05,1934.4791075070375,9347.442116882818,7052.98641091508,0.8,8.0,100.0,61,95,3
G2_Wcluster_alhx700,$\mathrm{Hel}_{50}$,NAC_antisymmetric_BB_contact_survival,antisymmetric_nac_bb,Any 1 antisymmetric NAC BB,chain_pair,all,largest_cluster,2011000.0,9.290883149706997e-05,6.571715407746541e-05,1934.4791075070375,9347.442116882818,7052.98641091508,0.8,8.0,100.0,61,95,3
G2_Wcluster_alhx700,$\mathrm{Hel}_{50}$,NAC_antisymmetric_BB_contact_survival,antisymmetric_nac_bb,Any 1 antisymmetric NAC BB,chain_pair,all,largest_cluster,2012000.0,9.290883149706997e-05,6.571715407746541e-05,1934.4791075070375,9347.442116882818,7052.98641091508,0.8,8.0,100.0,61,95,3
G2_Wcluster_alhx700,$\mathrm{Hel}_{50}$,NAC_antisymmetric_BB_contact_survival,antisymmetric_nac_bb,Any 1 antisymmetric NAC BB,chain_pair,all,largest_cluster,2013000.0,9.290883149706997e-05,6.571715407746541e-05,1934.4791075070375,9347.442116882818,7052.98641091508,0.8,8.0,100.0,61,95,3
G2_Wcluster_alhx700,$\mathrm{Hel}_{50}$,NAC_antisymmetric_BB_contact_survival,antisymmetric_nac_bb,Any 1 antisymmetric NAC BB,chain_pair,all,largest_cluster,2014000.0,9.290883149706997e-05,6.571715407746541e-05,1934.4791075070375,9347.442116882818,7052.98641091508,0.8,8.0,100.0,61,95,3
G2_Wcluster_alhx700,$\mathrm{Hel}_{50}$,NAC_antisymmetric_BB_contact_survival,antisymmetric_nac_bb,Any 1 antisymmetric NAC BB,chain_pair,all,largest_cluster,2015000.0,9.290883149706997e-05,6.571715407746541e-05,1934.4791075070375,9347.442116882818,7052.98641091508,0.8,8.0,100.0,61,95,3
G2_Wcluster_alhx700,$\mathrm{Hel}_{50}$,NAC_antisymmetric_BB_contact_survival,antisymmetric_nac_bb,Any 1 antisymmetric NAC BB,chain_pair,all,largest_cluster,2016000.0,9.290883149706997e-05,6.571715407746541e-05,1934.4791075070375,9347.442116882818,7052.98641091508,0.8,8.0,100.0,61,95,3
G2_Wcluster_alhx700,$\mathrm{Hel}_{50}$,NAC_antisymmetric_BB_contact_survival,antisymmetric_nac_bb,Any 1 antisymmetric NAC BB,chain_pair,all,largest_cluster,2017000.0,9.290883149706997e-05,6.571715407746541e-05,1934.4791075070375,9347.442116882818,7052.98641091508,0.8,8.0,100.0,61,95,3
G2_Wcluster_alhx700,$\mathrm{Hel}_{50}$,NAC_antisymmetric_BB_contact_survival,antisymmetric_nac_bb,Any 1 antisymmetric NAC BB,chain_pair,all,largest_cluster,2018000.0,9.290883149706997e-05,6.571715407746541e-05,1934.4791075070375,9347.442116882818,7052.98641091508,0.8,8.0,100.0,61,95,3
G2_Wcluster_alhx700,$\mathrm{Hel}_{50}$,NAC_antisymmetric_BB_contact_survival,antisymmetric_nac_bb,Any 1 antisymmetric NAC BB,chain_pair,all,largest_cluster,2019000.0,9.290883149706997e-05,6.571715407746541e-05,1934.4791075070375,9347.442116882818,7052.98641091508,0.8,8.0,100.0,61,95,3
G2_Wcluster_alhx700,$\mathrm{Hel}_{50}$,NAC_antisymmetric_BB_contact_survival,antisymmetric_nac_bb,Any 1 antisymmetric NAC BB,chain_pair,all,largest_cluster,2020000.0,9.290883149706997e-05,6.571715407746541e-05,1934.4791075070375,9347.442116882818,7052.98641091508,0.8,8.0,100.0,61,95,3
G2_Wcluster_alhx700,$\mathrm{Hel}_{50}$,NAC_antisymmetric_BB_contact_survival,antisymmetric_nac_bb,Any 1 antisymmetric NAC BB,chain_pair,all,largest_cluster,2021000.0,9.290883149706997e-05,6.571715407746541e-05,1934.4791075070375,9347.442116882818,7052.98641091508,0.8,8.0,100.0,61,95,3
G2_Wcluster_alhx700,$\mathrm{Hel}_{50}$,NAC_antisymmetric_BB_contact_survival,antisymmetric_nac_bb,Any 1 antisymmetric NAC BB,chain_pair,all,largest_cluster,2022000.0,9.290883149706997e-05,6.571715407746541e-05,1934.4791075070375,9347.442116882818,7052.98641091508,0.8,8.0,100.0,61,95,3
G2_Wcluster_alhx700,$\mathrm{Hel}_{50}$,NAC_antisymmetric_BB_contact_survival,antisymmetric_nac_bb,Any 1 antisymmetric NAC BB,chain_pair,all,largest_cluster,2023000.0,9.290883149706997e-05,6.571715407746541e-05,1934.4791075070375,9347.442116882818,7052.98641091508,0.8,8.0,100.0,61,95,3
G2_Wcluster_alhx700,$\mathrm{Hel}_{50}$,NAC_antisymmetric_BB_contact_survival,antisymmetric_nac_bb,Any 1 antisymmetric NAC BB,chain_pair,all,largest_cluster,2024000.0,9.290883149706997e-05,6.571715407746541e-05,1934.4791075070375,9347.442116882818,7052.98641091508,0.8,8.0,100.0,61,95,3
G2_Wcluster_alhx700,$\mathrm{Hel}_{50}$,NAC_antisymmetric_BB_contact_survival,antisymmetric_nac_bb,Any 1 antisymmetric NAC BB,chain_pair,all,largest_cluster,2025000.0,9.290883149706997e-05,6.571715407746541e-05,1934.4791075070375,9347.442116882818,7052.98641091508,0.8,8.0,100.0,61,95,3
G2_Wcluster_alhx700,$\mathrm{Hel}_{50}$,NAC_antisymmetric_BB_contact_survival,antisymmetric_nac_bb,Any 1 antisymmetric NAC BB,chain_pair,all,largest_cluster,2026000.0,9.290883149706997e-05,6.571715407746541e-05,1934.4791075070375,9347.442116882818,7052.98641091508,0.8,8.0,100.0,61,95,3
G2_Wcluster_alhx700,$\mathrm{Hel}_{50}$,NAC_antisymmetric_BB_contact_survival,antisymmetric_nac_bb,Any 1 antisymmetric NAC BB,chain_pair,all,largest_cluster,2027000.0,9.290883149706997e-05,6.571715407746541e-05,1934.4791075070375,9347.442116882818,7052.98641091508,0.8,8.0,100.0,61,95,3
G2_Wcluster_alhx700,$\mathrm{Hel}_{50}$,NAC_antisymmetric_BB_contact_survival,antisymmetric_nac_bb,Any 1 antisymmetric NAC BB,chain_pair,all,largest_cluster,2028000.0,9.290883149706997e-05,6.571715407746541e-05,1934.4791075070375,9347.442116882818,7052.98641091508,0.8,8.0,100.0,61,95,3
G2_Wcluster_alhx700,$\mathrm{Hel}_{50}$,NAC_antisymmetric_BB_contact_survival,antisymmetric_nac_bb,Any 1 antisymmetric NAC BB,chain_pair,all,largest_cluster,2029000.0,9.290883149706997e-05,6.571715407746541e-05,1934.4791075070375,9347.442116882818,7052.98641091508,0.8,8.0,100.0,61,95,3
G2_Wcluster_alhx700,$\mathrm{Hel}_{50}$,NAC_antisymmetric_BB_contact_survival,antisymmetric_nac_bb,Any 1 antisymmetric NAC BB,chain_pair,all,largest_cluster,2030000.0,9.290883149706997e-05,6.571715407746541e-05,1934.4791075070375,9347.442116882818,7052.98641091508,0.8,8.0,100.0,61,95,3
G2_Wcluster_alhx700,$\mathrm{Hel}_{50}$,NAC_antisymmetric_BB_contact_survival,antisymmetric_nac_bb,Any 1 antisymmetric NAC BB,chain_pair,all,largest_cluster,2031000.0,9.290883149706997e-05,6.571715407746541e-05,1934.4791075070375,9347.442116882818,7052.98641091508,0.8,8.0,100.0,61,95,3
G2_Wcluster_alhx700,$\mathrm{Hel}_{50}$,NAC_antisymmetric_BB_contact_survival,antisymmetric_nac_bb,Any 1 antisymmetric NAC BB,chain_pair,all,largest_cluster,2032000.0,9.290883149706997e-05,6.571715407746541e-05,1934.4791075070375,9347.442116882818,7052.98641091508,0.8,8.0,100.0,61,95,3
G2_Wcluster_alhx700,$\mathrm{Hel}_{50}$,NAC_antisymmetric_BB_contact_survival,antisymmetric_nac_bb,Any 1 antisymmetric NAC BB,chain_pair,all,largest_cluster,2033000.0,9.290883149706997e-05,6.571715407746541e-05,1934.4791075070375,9347.442116882818,7052.98641091508,0.8,8.0,100.0,61,95,3
G2_Wcluster_alhx700,$\mathrm{Hel}_{50}$,NAC_antisymmetric_BB_contact_survival,antisymmetric_nac_bb,Any 1 antisymmetric NAC BB,chain_pair,all,largest_cluster,2034000.0,9.290883149706997e-05,6.571715407746541e-05,1934.4791075070375,9347.442116882818,7052.98641091508,0.8,8.0,100.0,61,95,3
G2_Wcluster_alhx700,$\mathrm{Hel}_{50}$,NAC_antisymmetric_BB_contact_survival,antisymmetric_nac_bb,Any 1 antisymmetric NAC BB,chain_pair,all,largest_cluster,2035000.0,9.290883149706997e-05,6.571715407746541e-05,1934.4791075070375,9347.442116882818,7052.98641091508,0.8,8.0,100.0,61,95,3
G2_Wcluster_alhx700,$\mathrm{Hel}_{50}$,NAC_antisymmetric_BB_contact_survival,antisymmetric_nac_bb,Any 1 antisymmetric NAC BB,chain_pair,all,largest_cluster,2036000.0,9.290883149706997e-05,6.571715407746541e-05,1934.4791075070375,9347.442116882818,7052.98641091508,0.8,8.0,100.0,61,95,3
G2_Wcluster_alhx700,$\mathrm{Hel}_{50}$,NAC_antisymmetric_BB_contact_survival,antisymmetric_nac_bb,Any 1 antisymmetric NAC BB,chain_pair,all,largest_cluster,2037000.0,9.290883149706997e-05,6.571715407746541e-05,1934.4791075070375,9347.442116882818,7052.98641091508,0.8,8.0,100.0,61,95,3
G2_Wcluster_alhx700,$\mathrm{Hel}_{50}$,NAC_antisymmetric_BB_contact_survival,antisymmetric_nac_bb,Any 1 antisymmetric NAC BB,chain_pair,all,largest_cluster,2038000.0,9.290883149706997e-05,6.571715407746541e-05,1934.4791075070375,9347.442116882818,7052.98641091508,0.8,8.0,100.0,61,95,3
G2_Wcluster_alhx700,$\mathrm{Hel}_{50}$,NAC_antisymmetric_BB_contact_survival,antisymmetric_nac_bb,Any 1 antisymmetric NAC BB,chain_pair,all,largest_cluster,2039000.0,9.290883149706997e-05,6.571715407746541e-05,1934.4791075070375,9347.442116882818,7052.98641091508,0.8,8.0,100.0,61,95,3
G2_Wcluster_alhx700,$\mathrm{Hel}_{50}$,NAC_antisymmetric_BB_contact_survival,antisymmetric_nac_bb,Any 1 antisymmetric NAC BB,chain_pair,all,largest_cluster,2040000.0,9.290883149706997e-05,6.571715407746541e-05,1934.4791075070375,9347.442116882818,7052.98641091508,0.8,8.0,100.0,61,95,3
G2_Wcluster_alhx700,$\mathrm{Hel}_{50}$,NAC_antisymmetric_BB_contact_survival,antisymmetric_nac_bb,Any 1 antisymmetric NAC BB,chain_pair,all,largest_cluster,2041000.0,9.290883149706997e-05,6.571715407746541e-05,1934.4791075070375,9347.442116882818,7052.98641091508,0.8,8.0,100.0,61,95,3
G2_Wcluster_alhx700,$\mathrm{Hel}_{50}$,NAC_antisymmetric_BB_contact_survival,antisymmetric_nac_bb,Any 1 antisymmetric NAC BB,chain_pair,all,largest_cluster,2042000.0,9.290883149706997e-05,6.571715407746541e-05,1934.4791075070375,9347.442116882818,7052.98641091508,0.8,8.0,100.0,61,95,3
G2_Wcluster_alhx700,$\mathrm{Hel}_{50}$,NAC_antisymmetric_BB_contact_survival,antisymmetric_nac_bb,Any 1 antisymmetric NAC BB,chain_pair,all,largest_cluster,2043000.0,9.290883149706997e-05,6.571715407746541e-05,1934.4791075070375,9347.442116882818,7052.98641091508,0.8,8.0,100.0,61,95,3
G2_Wcluster_alhx700,$\mathrm{Hel}_{50}$,NAC_antisymmetric_BB_contact_survival,antisymmetric_nac_bb,Any 1 antisymmetric NAC BB,chain_pair,all,largest_cluster,2044000.0,9.290883149706997e-05,6.571715407746541e-05,1934.4791075070375,9347.442116882818,7052.98641091508,0.8,8.0,100.0,61,95,3
G2_Wcluster_alhx700,$\mathrm{Hel}_{50}$,NAC_antisymmetric_BB_contact_survival,antisymmetric_nac_bb,Any 1 antisymmetric NAC BB,chain_pair,all,largest_cluster,2045000.0,9.290883149706997e-05,6.571715407746541e-05,1934.4791075070375,9347.442116882818,7052.98641091508,0.8,8.0,100.0,61,95,3
G2_Wcluster_alhx700,$\mathrm{Hel}_{50}$,NAC_antisymmetric_BB_contact_survival,antisymmetric_nac_bb,Any 1 antisymmetric NAC BB,chain_pair,all,largest_cluster,2046000.0,9.290883149706997e-05,6.571715407746541e-05,1934.4791075070375,9347.442116882818,7052.98641091508,0.8,8.0,100.0,61,95,3
G2_Wcluster_alhx700,$\mathrm{Hel}_{50}$,NAC_antisymmetric_BB_contact_survival,antisymmetric_nac_bb,Any 1 antisymmetric NAC BB,chain_pair,all,largest_cluster,2047000.0,9.290883149706997e-05,6.571715407746541e-05,1934.4791075070375,9347.442116882818,7052.98641091508,0.8,8.0,100.0,61,95,3
G2_Wcluster_alhx700,$\mathrm{Hel}_{50}$,NAC_antisymmetric_BB_contact_survival,antisymmetric_nac_bb,Any 1 antisymmetric NAC BB,chain_pair,all,largest_cluster,2048000.0,9.290883149706997e-05,6.571715407746541e-05,1934.4791075070375,9347.442116882818,7052.98641091508,0.8,8.0,100.0,61,95,3
G2_Wcluster_alhx700,$\mathrm{Hel}_{50}$,NAC_antisymmetric_BB_contact_survival,antisymmetric_nac_bb,Any 1 antisymmetric NAC BB,chain_pair,all,largest_cluster,2049000.0,9.290883149706997e-05,6.571715407746541e-05,1934.4791075070375,9347.442116882818,7052.98641091508,0.8,8.0,100.0,61,95,3
G2_Wcluster_alhx700,$\mathrm{Hel}_{50}$,NAC_antisymmetric_BB_contact_survival,antisymmetric_nac_bb,Any 1 antisymmetric NAC BB,chain_pair,all,largest_cluster,2050000.0,9.290883149706997e-05,6.571715407746541e-05,1934.4791075070375,9347.442116882818,7052.98641091508,0.8,8.0,100.0,61,95,3
G2_Wcluster_alhx700,$\mathrm{Hel}_{50}$,NAC_antisymmetric_BB_contact_survival,antisymmetric_nac_bb,Any 1 antisymmetric NAC BB,chain_pair,all,largest_cluster,2051000.0,9.290883149706997e-05,6.571715407746541e-05,1934.4791075070375,9347.442116882818,7052.98641091508,0.8,8.0,100.0,61,95,3
G2_Wcluster_alhx700,$\mathrm{Hel}_{50}$,NAC_antisymmetric_BB_contact_survival,antisymmetric_nac_bb,Any 1 antisymmetric NAC BB,chain_pair,all,largest_cluster,2052000.0,9.290883149706997e-05,6.571715407746541e-05,1934.4791075070375,9347.442116882818,7052.98641091508,0.8,8.0,100.0,61,95,3
G2_Wcluster_alhx700,$\mathrm{Hel}_{50}$,NAC_antisymmetric_BB_contact_survival,antisymmetric_nac_bb,Any 1 antisymmetric NAC BB,chain_pair,all,largest_cluster,2053000.0,9.290883149706997e-05,6.571715407746541e-05,1934.4791075070375,9347.442116882818,7052.98641091508,0.8,8.0,100.0,61,95,3
G2_Wcluster_alhx700,$\mathrm{Hel}_{50}$,NAC_antisymmetric_BB_contact_survival,antisymmetric_nac_bb,Any 1 antisymmetric NAC BB,chain_pair,all,largest_cluster,2054000.0,9.290883149706997e-05,6.571715407746541e-05,1934.4791075070375,9347.442116882818,7052.98641091508,0.8,8.0,100.0,61,95,3
G2_Wcluster_alhx700,$\mathrm{Hel}_{50}$,NAC_antisymmetric_BB_contact_survival,antisymmetric_nac_bb,Any 1 antisymmetric NAC BB,chain_pair,all,largest_cluster,2055000.0,9.290883149706997e-05,6.571715407746541e-05,1934.4791075070375,9347.442116882818,7052.98641091508,0.8,8.0,100.0,61,95,3
G2_Wcluster_alhx700,$\mathrm{Hel}_{50}$,NAC_antisymmetric_BB_contact_survival,antisymmetric_nac_bb,Any 1 antisymmetric NAC BB,chain_pair,all,largest_cluster,2056000.0,9.290883149706997e-05,6.571715407746541e-05,1934.4791075070375,9347.442116882818,7052.98641091508,0.8,8.0,100.0,61,95,3
G2_Wcluster_alhx700,$\mathrm{Hel}_{50}$,NAC_antisymmetric_BB_contact_survival,antisymmetric_nac_bb,Any 1 antisymmetric NAC BB,chain_pair,all,largest_cluster,2057000.0,9.290883149706997e-05,6.571715407746541e-05,1934.4791075070375,9347.442116882818,7052.98641091508,0.8,8.0,100.0,61,95,3
G2_Wcluster_alhx700,$\mathrm{Hel}_{50}$,NAC_antisymmetric_BB_contact_survival,antisymmetric_nac_bb,Any 1 antisymmetric NAC BB,chain_pair,all,largest_cluster,2058000.0,9.290883149706997e-05,6.571715407746541e-05,1934.4791075070375,9347.442116882818,7052.98641091508,0.8,8.0,100.0,61,95,3
G2_Wcluster_alhx700,$\mathrm{Hel}_{50}$,NAC_antisymmetric_BB_contact_survival,antisymmetric_nac_bb,Any 1 antisymmetric NAC BB,chain_pair,all,largest_cluster,2059000.0,9.290883149706997e-05,6.571715407746541e-05,1934.4791075070375,9347.442116882818,7052.98641091508,0.8,8.0,100.0,61,95,3
G2_Wcluster_alhx700,$\mathrm{Hel}_{50}$,NAC_antisymmetric_BB_contact_survival,antisymmetric_nac_bb,Any 1 antisymmetric NAC BB,chain_pair,all,largest_cluster,2060000.0,9.290883149706997e-05,6.571715407746541e-05,1934.4791075070375,9347.442116882818,7052.98641091508,0.8,8.0,100.0,61,95,3
G2_Wcluster_alhx700,$\mathrm{Hel}_{50}$,NAC_antisymmetric_BB_contact_survival,antisymmetric_nac_bb,Any 1 antisymmetric NAC BB,chain_pair,all,largest_cluster,2061000.0,9.290883149706997e-05,6.571715407746541e-05,1934.4791075070375,9347.442116882818,7052.98641091508,0.8,8.0,100.0,61,95,3
G2_Wcluster_alhx700,$\mathrm{Hel}_{50}$,NAC_antisymmetric_BB_contact_survival,antisymmetric_nac_bb,Any 1 antisymmetric NAC BB,chain_pair,all,largest_cluster,2062000.0,9.290883149706997e-05,6.571715407746541e-05,1934.4791075070375,9347.442116882818,7052.98641091508,0.8,8.0,100.0,61,95,3
G2_Wcluster_alhx700,$\mathrm{Hel}_{50}$,NAC_antisymmetric_BB_contact_survival,antisymmetric_nac_bb,Any 1 antisymmetric NAC BB,chain_pair,all,largest_cluster,2063000.0,9.290883149706997e-05,6.571715407746541e-05,1934.4791075070375,9347.442116882818,7052.98641091508,0.8,8.0,100.0,61,95,3
G2_Wcluster_alhx700,$\mathrm{Hel}_{50}$,NAC_antisymmetric_BB_contact_survival,antisymmetric_nac_bb,Any 1 antisymmetric NAC BB,chain_pair,all,largest_cluster,2064000.0,9.290883149706997e-05,6.571715407746541e-05,1934.4791075070375,9347.442116882818,7052.98641091508,0.8,8.0,100.0,61,95,3
G2_Wcluster_alhx700,$\mathrm{Hel}_{50}$,NAC_antisymmetric_BB_contact_survival,antisymmetric_nac_bb,Any 1 antisymmetric NAC BB,chain_pair,all,largest_cluster,2065000.0,9.290883149706997e-05,6.571715407746541e-05,1934.4791075070375,9347.442116882818,7052.98641091508,0.8,8.0,100.0,61,95,3
G2_Wcluster_alhx700,$\mathrm{Hel}_{50}$,NAC_antisymmetric_BB_contact_survival,antisymmetric_nac_bb,Any 1 antisymmetric NAC BB,chain_pair,all,largest_cluster,2066000.0,4.578125715332143e-05,6.474447476871745e-05,1934.4791075070375,9347.442116882818,7052.98641091508,0.8,8.0,100.0,61,95,3
G2_Wcluster_alhx700,$\mathrm{Hel}_{50}$,NAC_antisymmetric_BB_contact_survival,antisymmetric_nac_bb,Any 1 antisymmetric NAC BB,chain_pair,all,largest_cluster,2067000.0,4.578125715332143e-05,6.474447476871745e-05,1934.4791075070375,9347.442116882818,7052.98641091508,0.8,8.0,100.0,61,95,3
G2_Wcluster_alhx700,$\mathrm{Hel}_{50}$,NAC_antisymmetric_BB_contact_survival,antisymmetric_nac_bb,Any 1 antisymmetric NAC BB,chain_pair,all,largest_cluster,2068000.0,4.578125715332143e-05,6.474447476871745e-05,1934.4791075070375,9347.442116882818,7052.98641091508,0.8,8.0,100.0,61,95,3
G2_Wcluster_alhx700,$\mathrm{Hel}_{50}$,NAC_antisymmetric_BB_contact_survival,antisymmetric_nac_bb,Any 1 antisymmetric NAC BB,chain_pair,all,largest_cluster,2069000.0,4.578125715332143e-05,6.474447476871745e-05,1934.4791075070375,9347.442116882818,7052.98641091508,0.8,8.0,100.0,61,95,3
G2_Wcluster_alhx700,$\mathrm{Hel}_{50}$,NAC_antisymmetric_BB_contact_survival,antisymmetric_nac_bb,Any 1 antisymmetric NAC BB,chain_pair,all,largest_cluster,2070000.0,4.578125715332143e-05,6.474447476871745e-05,1934.4791075070375,9347.442116882818,7052.98641091508,0.8,8.0,100.0,61,95,3
G2_Wcluster_alhx700,$\mathrm{Hel}_{50}$,NAC_antisymmetric_BB_contact_survival,antisymmetric_nac_bb,Any 1 antisymmetric NAC BB,chain_pair,all,largest_cluster,2071000.0,4.578125715332143e-05,6.474447476871745e-05,1934.4791075070375,9347.442116882818,7052.98641091508,0.8,8.0,100.0,61,95,3
G2_Wcluster_alhx700,$\mathrm{Hel}_{50}$,NAC_antisymmetric_BB_contact_survival,antisymmetric_nac_bb,Any 1 antisymmetric NAC BB,chain_pair,all,largest_cluster,2072000.0,4.578125715332143e-05,6.474447476871745e-05,1934.4791075070375,9347.442116882818,7052.98641091508,0.8,8.0,100.0,61,95,3
G2_Wcluster_alhx700,$\mathrm{Hel}_{50}$,NAC_antisymmetric_BB_contact_survival,antisymmetric_nac_bb,Any 1 antisymmetric NAC BB,chain_pair,all,largest_cluster,2073000.0,4.578125715332143e-05,6.474447476871745e-05,1934.4791075070375,9347.442116882818,7052.98641091508,0.8,8.0,100.0,61,95,3
G2_Wcluster_alhx700,$\mathrm{Hel}_{50}$,NAC_antisymmetric_BB_contact_survival,antisymmetric_nac_bb,Any 1 antisymmetric NAC BB,chain_pair,all,largest_cluster,2074000.0,4.578125715332143e-05,6.474447476871745e-05,1934.4791075070375,9347.442116882818,7052.98641091508,0.8,8.0,100.0,61,95,3
G2_Wcluster_alhx700,$\mathrm{Hel}_{50}$,NAC_antisymmetric_BB_contact_survival,antisymmetric_nac_bb,Any 1 antisymmetric NAC BB,chain_pair,all,largest_cluster,2075000.0,4.578125715332143e-05,6.474447476871745e-05,1934.4791075070375,9347.442116882818,7052.98641091508,0.8,8.0,100.0,61,95,3
G2_Wcluster_alhx700,$\mathrm{Hel}_{50}$,NAC_antisymmetric_BB_contact_survival,antisymmetric_nac_bb,Any 1 antisymmetric NAC BB,chain_pair,all,largest_cluster,2076000.0,4.578125715332143e-05,6.474447476871745e-05,1934.4791075070375,9347.442116882818,7052.98641091508,0.8,8.0,100.0,61,95,3
G2_Wcluster_alhx700,$\mathrm{Hel}_{50}$,NAC_antisymmetric_BB_contact_survival,antisymmetric_nac_bb,Any 1 antisymmetric NAC BB,chain_pair,all,largest_cluster,2077000.0,4.578125715332143e-05,6.474447476871745e-05,1934.4791075070375,9347.442116882818,7052.98641091508,0.8,8.0,100.0,61,95,3
G2_Wcluster_alhx700,$\mathrm{Hel}_{50}$,NAC_antisymmetric_BB_contact_survival,antisymmetric_nac_bb,Any 1 antisymmetric NAC BB,chain_pair,all,largest_cluster,2078000.0,4.578125715332143e-05,6.474447476871745e-05,1934.4791075070375,9347.442116882818,7052.98641091508,0.8,8.0,100.0,61,95,3
G2_Wcluster_alhx700,$\mathrm{Hel}_{50}$,NAC_antisymmetric_BB_contact_survival,antisymmetric_nac_bb,Any 1 antisymmetric NAC BB,chain_pair,all,largest_cluster,2079000.0,4.578125715332143e-05,6.474447476871745e-05,1934.4791075070375,9347.442116882818,7052.98641091508,0.8,8.0,100.0,61,95,3
G2_Wcluster_alhx700,$\mathrm{Hel}_{50}$,NAC_antisymmetric_BB_contact_survival,antisymmetric_nac_bb,Any 1 antisymmetric NAC BB,chain_pair,all,largest_cluster,2080000.0,4.578125715332143e-05,6.474447476871745e-05,1934.4791075070375,9347.442116882818,7052.98641091508,0.8,8.0,100.0,61,95,3
G2_Wcluster_alhx700,$\mathrm{Hel}_{50}$,NAC_antisymmetric_BB_contact_survival,antisymmetric_nac_bb,Any 1 antisymmetric NAC BB,chain_pair,all,largest_cluster,2081000.0,4.578125715332143e-05,6.474447476871745e-05,1934.4791075070375,9347.442116882818,7052.98641091508,0.8,8.0,100.0,61,95,3
G2_Wcluster_alhx700,$\mathrm{Hel}_{50}$,NAC_antisymmetric_BB_contact_survival,antisymmetric_nac_bb,Any 1 antisymmetric NAC BB,chain_pair,all,largest_cluster,2082000.0,4.578125715332143e-05,6.474447476871745e-05,1934.4791075070375,9347.442116882818,7052.98641091508,0.8,8.0,100.0,61,95,3
G2_Wcluster_alhx700,$\mathrm{Hel}_{50}$,NAC_antisymmetric_BB_contact_survival,antisymmetric_nac_bb,Any 1 antisymmetric NAC BB,chain_pair,all,largest_cluster,2083000.0,4.578125715332143e-05,6.474447476871745e-05,1934.4791075070375,9347.442116882818,7052.98641091508,0.8,8.0,100.0,61,95,3
G2_Wcluster_alhx700,$\mathrm{Hel}_{50}$,NAC_antisymmetric_BB_contact_survival,antisymmetric_nac_bb,Any 1 antisymmetric NAC BB,chain_pair,all,largest_cluster,2084000.0,4.578125715332143e-05,6.474447476871745e-05,1934.4791075070375,9347.442116882818,7052.98641091508,0.8,8.0,100.0,61,95,3
G2_Wcluster_alhx700,$\mathrm{Hel}_{50}$,NAC_antisymmetric_BB_contact_survival,antisymmetric_nac_bb,Any 1 antisymmetric NAC BB,chain_pair,all,largest_cluster,2085000.0,4.578125715332143e-05,6.474447476871745e-05,1934.4791075070375,9347.442116882818,7052.98641091508,0.8,8.0,100.0,61,95,3
G2_Wcluster_alhx700,$\mathrm{Hel}_{50}$,NAC_antisymmetric_BB_contact_survival,antisymmetric_nac_bb,Any 1 antisymmetric NAC BB,chain_pair,all,largest_cluster,2086000.0,4.578125715332143e-05,6.474447476871745e-05,1934.4791075070375,9347.442116882818,7052.98641091508,0.8,8.0,100.0,61,95,3
G2_Wcluster_alhx700,$\mathrm{Hel}_{50}$,NAC_antisymmetric_BB_contact_survival,antisymmetric_nac_bb,Any 1 antisymmetric NAC BB,chain_pair,all,largest_cluster,2087000.0,4.578125715332143e-05,6.474447476871745e-05,1934.4791075070375,9347.442116882818,7052.98641091508,0.8,8.0,100.0,61,95,3
G2_Wcluster_alhx700,$\mathrm{Hel}_{50}$,NAC_antisymmetric_BB_contact_survival,antisymmetric_nac_bb,Any 1 antisymmetric NAC BB,chain_pair,all,largest_cluster,2088000.0,4.578125715332143e-05,6.474447476871745e-05,1934.4791075070375,9347.442116882818,7052.98641091508,0.8,8.0,100.0,61,95,3
G2_Wcluster_alhx700,$\mathrm{Hel}_{50}$,NAC_antisymmetric_BB_contact_survival,antisymmetric_nac_bb,Any 1 antisymmetric NAC BB,chain_pair,all,largest_cluster,2089000.0,4.578125715332143e-05,6.474447476871745e-05,1934.4791075070375,9347.442116882818,7052.98641091508,0.8,8.0,100.0,61,95,3
G2_Wcluster_alhx700,$\mathrm{Hel}_{50}$,NAC_antisymmetric_BB_contact_survival,antisymmetric_nac_bb,Any 1 antisymmetric NAC BB,chain_pair,all,largest_cluster,2090000.0,4.578125715332143e-05,6.474447476871745e-05,1934.4791075070375,9347.442116882818,7052.98641091508,0.8,8.0,100.0,61,95,3
G2_Wcluster_alhx700,$\mathrm{Hel}_{50}$,NAC_antisymmetric_BB_contact_survival,antisymmetric_nac_bb,Any 1 antisymmetric NAC BB,chain_pair,all,largest_cluster,2091000.0,4.578125715332143e-05,6.474447476871745e-05,1934.4791075070375,9347.442116882818,7052.98641091508,0.8,8.0,100.0,61,95,3
G2_Wcluster_alhx700,$\mathrm{Hel}_{50}$,NAC_antisymmetric_BB_contact_survival,antisymmetric_nac_bb,Any 1 antisymmetric NAC BB,chain_pair,all,largest_cluster,2092000.0,4.578125715332143e-05,6.474447476871745e-05,1934.4791075070375,9347.442116882818,7052.98641091508,0.8,8.0,100.0,61,95,3
G2_Wcluster_alhx700,$\mathrm{Hel}_{50}$,NAC_antisymmetric_BB_contact_survival,antisymmetric_nac_bb,Any 1 antisymmetric NAC BB,chain_pair,all,largest_cluster,2093000.0,4.578125715332143e-05,6.474447476871745e-05,1934.4791075070375,9347.442116882818,7052.98641091508,0.8,8.0,100.0,61,95,3
G2_Wcluster_alhx700,$\mathrm{Hel}_{50}$,NAC_antisymmetric_BB_contact_survival,antisymmetric_nac_bb,Any 1 antisymmetric NAC BB,chain_pair,all,largest_cluster,2094000.0,4.578125715332143e-05,6.474447476871745e-05,1934.4791075070375,9347.442116882818,7052.98641091508,0.8,8.0,100.0,61,95,3
G2_Wcluster_alhx700,$\mathrm{Hel}_{50}$,NAC_antisymmetric_BB_contact_survival,antisymmetric_nac_bb,Any 1 antisymmetric NAC BB,chain_pair,all,largest_cluster,2095000.0,4.578125715332143e-05,6.474447476871745e-05,1934.4791075070375,9347.442116882818,7052.98641091508,0.8,8.0,100.0,61,95,3
G2_Wcluster_alhx700,$\mathrm{Hel}_{50}$,NAC_antisymmetric_BB_contact_survival,antisymmetric_nac_bb,Any 1 antisymmetric NAC BB,chain_pair,all,largest_cluster,2096000.0,4.578125715332143e-05,6.474447476871745e-05,1934.4791075070375,9347.442116882818,7052.98641091508,0.8,8.0,100.0,61,95,3
G2_Wcluster_alhx700,$\mathrm{Hel}_{50}$,NAC_antisymmetric_BB_contact_survival,antisymmetric_nac_bb,Any 1 antisymmetric NAC BB,chain_pair,all,largest_cluster,2097000.0,4.578125715332143e-05,6.474447476871745e-05,1934.4791075070375,9347.442116882818,7052.98641091508,0.8,8.0,100.0,61,95,3
G2_Wcluster_alhx700,$\mathrm{Hel}_{50}$,NAC_antisymmetric_BB_contact_survival,antisymmetric_nac_bb,Any 1 antisymmetric NAC BB,chain_pair,all,largest_cluster,2098000.0,4.578125715332143e-05,6.474447476871745e-05,1934.4791075070375,9347.442116882818,7052.98641091508,0.8,8.0,100.0,61,95,3
G2_Wcluster_alhx700,$\mathrm{Hel}_{50}$,NAC_antisymmetric_BB_contact_survival,antisymmetric_nac_bb,Any 1 antisymmetric NAC BB,chain_pair,all,largest_cluster,2099000.0,4.578125715332143e-05,6.474447476871745e-05,1934.4791075070375,9347.442116882818,7052.98641091508,0.8,8.0,100.0,61,95,3
G2_Wcluster_alhx700,$\mathrm{Hel}_{50}$,NAC_antisymmetric_BB_contact_survival,antisymmetric_nac_bb,Any 1 antisymmetric NAC BB,chain_pair,all,largest_cluster,2100000.0,4.578125715332143e-05,6.474447476871745e-05,1934.4791075070375,9347.442116882818,7052.98641091508,0.8,8.0,100.0,61,95,3
G2_Wcluster_alhx700,$\mathrm{Hel}_{50}$,NAC_antisymmetric_BB_contact_survival,antisymmetric_nac_bb,Any 1 antisymmetric NAC BB,chain_pair,all,largest_cluster,2101000.0,4.578125715332143e-05,6.474447476871745e-05,1934.4791075070375,9347.442116882818,7052.98641091508,0.8,8.0,100.0,61,95,3
G2_Wcluster_alhx700,$\mathrm{Hel}_{50}$,NAC_antisymmetric_BB_contact_survival,antisymmetric_nac_bb,Any 1 antisymmetric NAC BB,chain_pair,all,largest_cluster,2102000.0,4.578125715332143e-05,6.474447476871745e-05,1934.4791075070375,9347.442116882818,7052.98641091508,0.8,8.0,100.0,61,95,3
G2_Wcluster_alhx700,$\mathrm{Hel}_{50}$,NAC_antisymmetric_BB_contact_survival,antisymmetric_nac_bb,Any 1 antisymmetric NAC BB,chain_pair,all,largest_cluster,2103000.0,4.578125715332143e-05,6.474447476871745e-05,1934.4791075070375,9347.442116882818,7052.98641091508,0.8,8.0,100.0,61,95,3
G2_Wcluster_alhx700,$\mathrm{Hel}_{50}$,NAC_antisymmetric_BB_contact_survival,antisymmetric_nac_bb,Any 1 antisymmetric NAC BB,chain_pair,all,largest_cluster,2104000.0,4.578125715332143e-05,6.474447476871745e-05,1934.4791075070375,9347.442116882818,7052.98641091508,0.8,8.0,100.0,61,95,3
G2_Wcluster_alhx700,$\mathrm{Hel}_{50}$,NAC_antisymmetric_BB_contact_survival,antisymmetric_nac_bb,Any 1 antisymmetric NAC BB,chain_pair,all,largest_cluster,2105000.0,4.578125715332143e-05,6.474447476871745e-05,1934.4791075070375,9347.442116882818,7052.98641091508,0.8,8.0,100.0,61,95,3
G2_Wcluster_alhx700,$\mathrm{Hel}_{50}$,NAC_antisymmetric_BB_contact_survival,antisymmetric_nac_bb,Any 1 antisymmetric NAC BB,chain_pair,all,largest_cluster,2106000.0,4.578125715332143e-05,6.474447476871745e-05,1934.4791075070375,9347.442116882818,7052.98641091508,0.8,8.0,100.0,61,95,3
G2_Wcluster_alhx700,$\mathrm{Hel}_{50}$,NAC_antisymmetric_BB_contact_survival,antisymmetric_nac_bb,Any 1 antisymmetric NAC BB,chain_pair,all,largest_cluster,2107000.0,4.578125715332143e-05,6.474447476871745e-05,1934.4791075070375,9347.442116882818,7052.98641091508,0.8,8.0,100.0,61,95,3
G2_Wcluster_alhx700,$\mathrm{Hel}_{50}$,NAC_antisymmetric_BB_contact_survival,antisymmetric_nac_bb,Any 1 antisymmetric NAC BB,chain_pair,all,largest_cluster,2108000.0,4.578125715332143e-05,6.474447476871745e-05,1934.4791075070375,9347.442116882818,7052.98641091508,0.8,8.0,100.0,61,95,3
G2_Wcluster_alhx700,$\mathrm{Hel}_{50}$,NAC_antisymmetric_BB_contact_survival,antisymmetric_nac_bb,Any 1 antisymmetric NAC BB,chain_pair,all,largest_cluster,2109000.0,4.578125715332143e-05,6.474447476871745e-05,1934.4791075070375,9347.442116882818,7052.98641091508,0.8,8.0,100.0,61,95,3
G2_Wcluster_alhx700,$\mathrm{Hel}_{50}$,NAC_antisymmetric_BB_contact_survival,antisymmetric_nac_bb,Any 1 antisymmetric NAC BB,chain_pair,all,largest_cluster,2110000.0,4.578125715332143e-05,6.474447476871745e-05,1934.4791075070375,9347.442116882818,7052.98641091508,0.8,8.0,100.0,61,95,3
G2_Wcluster_alhx700,$\mathrm{Hel}_{50}$,NAC_antisymmetric_BB_contact_survival,antisymmetric_nac_bb,Any 1 antisymmetric NAC BB,chain_pair,all,largest_cluster,2111000.0,4.578125715332143e-05,6.474447476871745e-05,1934.4791075070375,9347.442116882818,7052.98641091508,0.8,8.0,100.0,61,95,3
G2_Wcluster_alhx700,$\mathrm{Hel}_{50}$,NAC_antisymmetric_BB_contact_survival,antisymmetric_nac_bb,Any 1 antisymmetric NAC BB,chain_pair,all,largest_cluster,2112000.0,4.578125715332143e-05,6.474447476871745e-05,1934.4791075070375,9347.442116882818,7052.98641091508,0.8,8.0,100.0,61,95,3
G2_Wcluster_alhx700,$\mathrm{Hel}_{50}$,NAC_antisymmetric_BB_contact_survival,antisymmetric_nac_bb,Any 1 antisymmetric NAC BB,chain_pair,all,largest_cluster,2113000.0,4.578125715332143e-05,6.474447476871745e-05,1934.4791075070375,9347.442116882818,7052.98641091508,0.8,8.0,100.0,61,95,3
G2_Wcluster_alhx700,$\mathrm{Hel}_{50}$,NAC_antisymmetric_BB_contact_survival,antisymmetric_nac_bb,Any 1 antisymmetric NAC BB,chain_pair,all,largest_cluster,2114000.0,4.578125715332143e-05,6.474447476871745e-05,1934.4791075070375,9347.442116882818,7052.98641091508,0.8,8.0,100.0,61,95,3
G2_Wcluster_alhx700,$\mathrm{Hel}_{50}$,NAC_antisymmetric_BB_contact_survival,antisymmetric_nac_bb,Any 1 antisymmetric NAC BB,chain_pair,all,largest_cluster,2115000.0,4.578125715332143e-05,6.474447476871745e-05,1934.4791075070375,9347.442116882818,7052.98641091508,0.8,8.0,100.0,61,95,3
G2_Wcluster_alhx700,$\mathrm{Hel}_{50}$,NAC_antisymmetric_BB_contact_survival,antisymmetric_nac_bb,Any 1 antisymmetric NAC BB,chain_pair,all,largest_cluster,2116000.0,4.578125715332143e-05,6.474447476871745e-05,1934.4791075070375,9347.442116882818,7052.98641091508,0.8,8.0,100.0,61,95,3
G2_Wcluster_alhx700,$\mathrm{Hel}_{50}$,NAC_antisymmetric_BB_contact_survival,antisymmetric_nac_bb,Any 1 antisymmetric NAC BB,chain_pair,all,largest_cluster,2117000.0,4.578125715332143e-05,6.474447476871745e-05,1934.4791075070375,9347.442116882818,7052.98641091508,0.8,8.0,100.0,61,95,3
G2_Wcluster_alhx700,$\mathrm{Hel}_{50}$,NAC_antisymmetric_BB_contact_survival,antisymmetric_nac_bb,Any 1 antisymmetric NAC BB,chain_pair,all,largest_cluster,2118000.0,4.578125715332143e-05,6.474447476871745e-05,1934.4791075070375,9347.442116882818,7052.98641091508,0.8,8.0,100.0,61,95,3
G2_Wcluster_alhx700,$\mathrm{Hel}_{50}$,NAC_antisymmetric_BB_contact_survival,antisymmetric_nac_bb,Any 1 antisymmetric NAC BB,chain_pair,all,largest_cluster,2119000.0,4.578125715332143e-05,6.474447476871745e-05,1934.4791075070375,9347.442116882818,7052.98641091508,0.8,8.0,100.0,61,95,3
G2_Wcluster_alhx700,$\mathrm{Hel}_{50}$,NAC_antisymmetric_BB_contact_survival,antisymmetric_nac_bb,Any 1 antisymmetric NAC BB,chain_pair,all,largest_cluster,2120000.0,4.578125715332143e-05,6.474447476871745e-05,1934.4791075070375,9347.442116882818,7052.98641091508,0.8,8.0,100.0,61,95,3
G2_Wcluster_alhx700,$\mathrm{Hel}_{50}$,NAC_antisymmetric_BB_contact_survival,antisymmetric_nac_bb,Any 1 antisymmetric NAC BB,chain_pair,all,largest_cluster,2121000.0,4.578125715332143e-05,6.474447476871745e-05,1934.4791075070375,9347.442116882818,7052.98641091508,0.8,8.0,100.0,61,95,3
G2_Wcluster_alhx700,$\mathrm{Hel}_{50}$,NAC_antisymmetric_BB_contact_survival,antisymmetric_nac_bb,Any 1 antisymmetric NAC BB,chain_pair,all,largest_cluster,2122000.0,4.578125715332143e-05,6.474447476871745e-05,1934.4791075070375,9347.442116882818,7052.98641091508,0.8,8.0,100.0,61,95,3
G2_Wcluster_alhx700,$\mathrm{Hel}_{50}$,NAC_antisymmetric_BB_contact_survival,antisymmetric_nac_bb,Any 1 antisymmetric NAC BB,chain_pair,all,largest_cluster,2123000.0,4.578125715332143e-05,6.474447476871745e-05,1934.4791075070375,9347.442116882818,7052.98641091508,0.8,8.0,100.0,61,95,3
G2_Wcluster_alhx700,$\mathrm{Hel}_{50}$,NAC_antisymmetric_BB_contact_survival,antisymmetric_nac_bb,Any 1 antisymmetric NAC BB,chain_pair,all,largest_cluster,2124000.0,4.578125715332143e-05,6.474447476871745e-05,1934.4791075070375,9347.442116882818,7052.98641091508,0.8,8.0,100.0,61,95,3
G2_Wcluster_alhx700,$\mathrm{Hel}_{50}$,NAC_antisymmetric_BB_contact_survival,antisymmetric_nac_bb,Any 1 antisymmetric NAC BB,chain_pair,all,largest_cluster,2125000.0,4.578125715332143e-05,6.474447476871745e-05,1934.4791075070375,9347.442116882818,7052.98641091508,0.8,8.0,100.0,61,95,3
G2_Wcluster_alhx700,$\mathrm{Hel}_{50}$,NAC_antisymmetric_BB_contact_survival,antisymmetric_nac_bb,Any 1 antisymmetric NAC BB,chain_pair,all,largest_cluster,2126000.0,4.578125715332143e-05,6.474447476871745e-05,1934.4791075070375,9347.442116882818,7052.98641091508,0.8,8.0,100.0,61,95,3
G2_Wcluster_alhx700,$\mathrm{Hel}_{50}$,NAC_antisymmetric_BB_contact_survival,antisymmetric_nac_bb,Any 1 antisymmetric NAC BB,chain_pair,all,largest_cluster,2127000.0,4.578125715332143e-05,6.474447476871745e-05,1934.4791075070375,9347.442116882818,7052.98641091508,0.8,8.0,100.0,61,95,3
G2_Wcluster_alhx700,$\mathrm{Hel}_{50}$,NAC_antisymmetric_BB_contact_survival,antisymmetric_nac_bb,Any 1 antisymmetric NAC BB,chain_pair,all,largest_cluster,2128000.0,4.578125715332143e-05,6.474447476871745e-05,1934.4791075070375,9347.442116882818,7052.98641091508,0.8,8.0,100.0,61,95,3
G2_Wcluster_alhx700,$\mathrm{Hel}_{50}$,NAC_antisymmetric_BB_contact_survival,antisymmetric_nac_bb,Any 1 antisymmetric NAC BB,chain_pair,all,largest_cluster,2129000.0,4.578125715332143e-05,6.474447476871745e-05,1934.4791075070375,9347.442116882818,7052.98641091508,0.8,8.0,100.0,61,95,3
G2_Wcluster_alhx700,$\mathrm{Hel}_{50}$,NAC_antisymmetric_BB_contact_survival,antisymmetric_nac_bb,Any 1 antisymmetric NAC BB,chain_pair,all,largest_cluster,2130000.0,4.578125715332143e-05,6.474447476871745e-05,1934.4791075070375,9347.442116882818,7052.98641091508,0.8,8.0,100.0,61,95,3
G2_Wcluster_alhx700,$\mathrm{Hel}_{50}$,NAC_antisymmetric_BB_contact_survival,antisymmetric_nac_bb,Any 1 antisymmetric NAC BB,chain_pair,all,largest_cluster,2131000.0,4.578125715332143e-05,6.474447476871745e-05,1934.4791075070375,9347.442116882818,7052.98641091508,0.8,8.0,100.0,61,95,3
G2_Wcluster_alhx700,$\mathrm{Hel}_{50}$,NAC_antisymmetric_BB_contact_survival,antisymmetric_nac_bb,Any 1 antisymmetric NAC BB,chain_pair,all,largest_cluster,2132000.0,4.578125715332143e-05,6.474447476871745e-05,1934.4791075070375,9347.442116882818,7052.98641091508,0.8,8.0,100.0,61,95,3
G2_Wcluster_alhx700,$\mathrm{Hel}_{50}$,NAC_antisymmetric_BB_contact_survival,antisymmetric_nac_bb,Any 1 antisymmetric NAC BB,chain_pair,all,largest_cluster,2133000.0,4.578125715332143e-05,6.474447476871745e-05,1934.4791075070375,9347.442116882818,7052.98641091508,0.8,8.0,100.0,61,95,3
G2_Wcluster_alhx700,$\mathrm{Hel}_{50}$,NAC_antisymmetric_BB_contact_survival,antisymmetric_nac_bb,Any 1 antisymmetric NAC BB,chain_pair,all,largest_cluster,2134000.0,4.578125715332143e-05,6.474447476871745e-05,1934.4791075070375,9347.442116882818,7052.98641091508,0.8,8.0,100.0,61,95,3
G2_Wcluster_alhx700,$\mathrm{Hel}_{50}$,NAC_antisymmetric_BB_contact_survival,antisymmetric_nac_bb,Any 1 antisymmetric NAC BB,chain_pair,all,largest_cluster,2135000.0,4.578125715332143e-05,6.474447476871745e-05,1934.4791075070375,9347.442116882818,7052.98641091508,0.8,8.0,100.0,61,95,3
G2_Wcluster_alhx700,$\mathrm{Hel}_{50}$,NAC_antisymmetric_BB_contact_survival,antisymmetric_nac_bb,Any 1 antisymmetric NAC BB,chain_pair,all,largest_cluster,2136000.0,4.578125715332143e-05,6.474447476871745e-05,1934.4791075070375,9347.442116882818,7052.98641091508,0.8,8.0,100.0,61,95,3
G2_Wcluster_alhx700,$\mathrm{Hel}_{50}$,NAC_antisymmetric_BB_contact_survival,antisymmetric_nac_bb,Any 1 antisymmetric NAC BB,chain_pair,all,largest_cluster,2137000.0,4.578125715332143e-05,6.474447476871745e-05,1934.4791075070375,9347.442116882818,7052.98641091508,0.8,8.0,100.0,61,95,3
G2_Wcluster_alhx700,$\mathrm{Hel}_{50}$,NAC_antisymmetric_BB_contact_survival,antisymmetric_nac_bb,Any 1 antisymmetric NAC BB,chain_pair,all,largest_cluster,2138000.0,4.578125715332143e-05,6.474447476871745e-05,1934.4791075070375,9347.442116882818,7052.98641091508,0.8,8.0,100.0,61,95,3
G2_Wcluster_alhx700,$\mathrm{Hel}_{50}$,NAC_antisymmetric_BB_contact_survival,antisymmetric_nac_bb,Any 1 antisymmetric NAC BB,chain_pair,all,largest_cluster,2139000.0,4.578125715332143e-05,6.474447476871745e-05,1934.4791075070375,9347.442116882818,7052.98641091508,0.8,8.0,100.0,61,95,3
G2_Wcluster_alhx700,$\mathrm{Hel}_{50}$,NAC_antisymmetric_BB_contact_survival,antisymmetric_nac_bb,Any 1 antisymmetric NAC BB,chain_pair,all,largest_cluster,2140000.0,4.578125715332143e-05,6.474447476871745e-05,1934.4791075070375,9347.442116882818,7052.98641091508,0.8,8.0,100.0,61,95,3
G2_Wcluster_alhx700,$\mathrm{Hel}_{50}$,NAC_antisymmetric_BB_contact_survival,antisymmetric_nac_bb,Any 1 antisymmetric NAC BB,chain_pair,all,largest_cluster,2141000.0,4.578125715332143e-05,6.474447476871745e-05,1934.4791075070375,9347.442116882818,7052.98641091508,0.8,8.0,100.0,61,95,3
G2_Wcluster_alhx700,$\mathrm{Hel}_{50}$,NAC_antisymmetric_BB_contact_survival,antisymmetric_nac_bb,Any 1 antisymmetric NAC BB,chain_pair,all,largest_cluster,2142000.0,4.578125715332143e-05,6.474447476871745e-05,1934.4791075070375,9347.442116882818,7052.98641091508,0.8,8.0,100.0,61,95,3
G2_Wcluster_alhx700,$\mathrm{Hel}_{50}$,NAC_antisymmetric_BB_contact_survival,antisymmetric_nac_bb,Any 1 antisymmetric NAC BB,chain_pair,all,largest_cluster,2143000.0,4.578125715332143e-05,6.474447476871745e-05,1934.4791075070375,9347.442116882818,7052.98641091508,0.8,8.0,100.0,61,95,3
G2_Wcluster_alhx700,$\mathrm{Hel}_{50}$,NAC_antisymmetric_BB_contact_survival,antisymmetric_nac_bb,Any 1 antisymmetric NAC BB,chain_pair,all,largest_cluster,2144000.0,4.578125715332143e-05,6.474447476871745e-05,1934.4791075070375,9347.442116882818,7052.98641091508,0.8,8.0,100.0,61,95,3
G2_Wcluster_alhx700,$\mathrm{Hel}_{50}$,NAC_antisymmetric_BB_contact_survival,antisymmetric_nac_bb,Any 1 antisymmetric NAC BB,chain_pair,all,largest_cluster,2145000.0,4.578125715332143e-05,6.474447476871745e-05,1934.4791075070375,9347.442116882818,7052.98641091508,0.8,8.0,100.0,61,95,3
G2_Wcluster_alhx700,$\mathrm{Hel}_{50}$,NAC_antisymmetric_BB_contact_survival,antisymmetric_nac_bb,Any 1 antisymmetric NAC BB,chain_pair,all,largest_cluster,2146000.0,4.578125715332143e-05,6.474447476871745e-05,1934.4791075070375,9347.442116882818,7052.98641091508,0.8,8.0,100.0,61,95,3
G2_Wcluster_alhx700,$\mathrm{Hel}_{50}$,NAC_antisymmetric_BB_contact_survival,antisymmetric_nac_bb,Any 1 antisymmetric NAC BB,chain_pair,all,largest_cluster,2147000.0,4.578125715332143e-05,6.474447476871745e-05,1934.4791075070375,9347.442116882818,7052.98641091508,0.8,8.0,100.0,61,95,3
G2_Wcluster_alhx700,$\mathrm{Hel}_{50}$,NAC_antisymmetric_BB_contact_survival,antisymmetric_nac_bb,Any 1 antisymmetric NAC BB,chain_pair,all,largest_cluster,2148000.0,4.578125715332143e-05,6.474447476871745e-05,1934.4791075070375,9347.442116882818,7052.98641091508,0.8,8.0,100.0,61,95,3
G2_Wcluster_alhx700,$\mathrm{Hel}_{50}$,NAC_antisymmetric_BB_contact_survival,antisymmetric_nac_bb,Any 1 antisymmetric NAC BB,chain_pair,all,largest_cluster,2149000.0,4.578125715332143e-05,6.474447476871745e-05,1934.4791075070375,9347.442116882818,7052.98641091508,0.8,8.0,100.0,61,95,3
G2_Wcluster_alhx700,$\mathrm{Hel}_{50}$,NAC_antisymmetric_BB_contact_survival,antisymmetric_nac_bb,Any 1 antisymmetric NAC BB,chain_pair,all,largest_cluster,2150000.0,4.578125715332143e-05,6.474447476871745e-05,1934.4791075070375,9347.442116882818,7052.98641091508,0.8,8.0,100.0,61,95,3
G2_Wcluster_alhx700,$\mathrm{Hel}_{50}$,NAC_antisymmetric_BB_contact_survival,antisymmetric_nac_bb,Any 1 antisymmetric NAC BB,chain_pair,all,largest_cluster,2151000.0,4.578125715332143e-05,6.474447476871745e-05,1934.4791075070375,9347.442116882818,7052.98641091508,0.8,8.0,100.0,61,95,3
G2_Wcluster_alhx700,$\mathrm{Hel}_{50}$,NAC_antisymmetric_BB_contact_survival,antisymmetric_nac_bb,Any 1 antisymmetric NAC BB,chain_pair,all,largest_cluster,2152000.0,4.578125715332143e-05,6.474447476871745e-05,1934.4791075070375,9347.442116882818,7052.98641091508,0.8,8.0,100.0,61,95,3
G2_Wcluster_alhx700,$\mathrm{Hel}_{50}$,NAC_antisymmetric_BB_contact_survival,antisymmetric_nac_bb,Any 1 antisymmetric NAC BB,chain_pair,all,largest_cluster,2153000.0,4.578125715332143e-05,6.474447476871745e-05,1934.4791075070375,9347.442116882818,7052.98641091508,0.8,8.0,100.0,61,95,3
G2_Wcluster_alhx700,$\mathrm{Hel}_{50}$,NAC_antisymmetric_BB_contact_survival,antisymmetric_nac_bb,Any 1 antisymmetric NAC BB,chain_pair,all,largest_cluster,2154000.0,4.578125715332143e-05,6.474447476871745e-05,1934.4791075070375,9347.442116882818,7052.98641091508,0.8,8.0,100.0,61,95,3
G2_Wcluster_alhx700,$\mathrm{Hel}_{50}$,NAC_antisymmetric_BB_contact_survival,antisymmetric_nac_bb,Any 1 antisymmetric NAC BB,chain_pair,all,largest_cluster,2155000.0,4.578125715332143e-05,6.474447476871745e-05,1934.4791075070375,9347.442116882818,7052.98641091508,0.8,8.0,100.0,61,95,3
G2_Wcluster_alhx700,$\mathrm{Hel}_{50}$,NAC_antisymmetric_BB_contact_survival,antisymmetric_nac_bb,Any 1 antisymmetric NAC BB,chain_pair,all,largest_cluster,2156000.0,4.578125715332143e-05,6.474447476871745e-05,1934.4791075070375,9347.442116882818,7052.98641091508,0.8,8.0,100.0,61,95,3
G2_Wcluster_alhx700,$\mathrm{Hel}_{50}$,NAC_antisymmetric_BB_contact_survival,antisymmetric_nac_bb,Any 1 antisymmetric NAC BB,chain_pair,all,largest_cluster,2157000.0,4.578125715332143e-05,6.474447476871745e-05,1934.4791075070375,9347.442116882818,7052.98641091508,0.8,8.0,100.0,61,95,3
G2_Wcluster_alhx700,$\mathrm{Hel}_{50}$,NAC_antisymmetric_BB_contact_survival,antisymmetric_nac_bb,Any 1 antisymmetric NAC BB,chain_pair,all,largest_cluster,2158000.0,4.578125715332143e-05,6.474447476871745e-05,1934.4791075070375,9347.442116882818,7052.98641091508,0.8,8.0,100.0,61,95,3
G2_Wcluster_alhx700,$\mathrm{Hel}_{50}$,NAC_antisymmetric_BB_contact_survival,antisymmetric_nac_bb,Any 1 antisymmetric NAC BB,chain_pair,all,largest_cluster,2159000.0,4.578125715332143e-05,6.474447476871745e-05,1934.4791075070375,9347.442116882818,7052.98641091508,0.8,8.0,100.0,61,95,3
G2_Wcluster_alhx700,$\mathrm{Hel}_{50}$,NAC_antisymmetric_BB_contact_survival,antisymmetric_nac_bb,Any 1 antisymmetric NAC BB,chain_pair,all,largest_cluster,2160000.0,4.578125715332143e-05,6.474447476871745e-05,1934.4791075070375,9347.442116882818,7052.98641091508,0.8,8.0,100.0,61,95,3
G2_Wcluster_alhx700,$\mathrm{Hel}_{50}$,NAC_antisymmetric_BB_contact_survival,antisymmetric_nac_bb,Any 1 antisymmetric NAC BB,chain_pair,all,largest_cluster,2161000.0,4.578125715332143e-05,6.474447476871745e-05,1934.4791075070375,9347.442116882818,7052.98641091508,0.8,8.0,100.0,61,95,3
G2_Wcluster_alhx700,$\mathrm{Hel}_{50}$,NAC_antisymmetric_BB_contact_survival,antisymmetric_nac_bb,Any 1 antisymmetric NAC BB,chain_pair,all,largest_cluster,2162000.0,4.578125715332143e-05,6.474447476871745e-05,1934.4791075070375,9347.442116882818,7052.98641091508,0.8,8.0,100.0,61,95,3
G2_Wcluster_alhx700,$\mathrm{Hel}_{50}$,NAC_antisymmetric_BB_contact_survival,antisymmetric_nac_bb,Any 1 antisymmetric NAC BB,chain_pair,all,largest_cluster,2163000.0,4.578125715332143e-05,6.474447476871745e-05,1934.4791075070375,9347.442116882818,7052.98641091508,0.8,8.0,100.0,61,95,3
G2_Wcluster_alhx700,$\mathrm{Hel}_{50}$,NAC_antisymmetric_BB_contact_survival,antisymmetric_nac_bb,Any 1 antisymmetric NAC BB,chain_pair,all,largest_cluster,2164000.0,4.578125715332143e-05,6.474447476871745e-05,1934.4791075070375,9347.442116882818,7052.98641091508,0.8,8.0,100.0,61,95,3
G2_Wcluster_alhx700,$\mathrm{Hel}_{50}$,NAC_antisymmetric_BB_contact_survival,antisymmetric_nac_bb,Any 1 antisymmetric NAC BB,chain_pair,all,largest_cluster,2165000.0,4.578125715332143e-05,6.474447476871745e-05,1934.4791075070375,9347.442116882818,7052.98641091508,0.8,8.0,100.0,61,95,3
G2_Wcluster_alhx700,$\mathrm{Hel}_{50}$,NAC_antisymmetric_BB_contact_survival,antisymmetric_nac_bb,Any 1 antisymmetric NAC BB,chain_pair,all,largest_cluster,2166000.0,4.578125715332143e-05,6.474447476871745e-05,1934.4791075070375,9347.442116882818,7052.98641091508,0.8,8.0,100.0,61,95,3
G2_Wcluster_alhx700,$\mathrm{Hel}_{50}$,NAC_antisymmetric_BB_contact_survival,antisymmetric_nac_bb,Any 1 antisymmetric NAC BB,chain_pair,all,largest_cluster,2167000.0,4.578125715332143e-05,6.474447476871745e-05,1934.4791075070375,9347.442116882818,7052.98641091508,0.8,8.0,100.0,61,95,3
G2_Wcluster_alhx700,$\mathrm{Hel}_{50}$,NAC_antisymmetric_BB_contact_survival,antisymmetric_nac_bb,Any 1 antisymmetric NAC BB,chain_pair,all,largest_cluster,2168000.0,4.578125715332143e-05,6.474447476871745e-05,1934.4791075070375,9347.442116882818,7052.98641091508,0.8,8.0,100.0,61,95,3
G2_Wcluster_alhx700,$\mathrm{Hel}_{50}$,NAC_antisymmetric_BB_contact_survival,antisymmetric_nac_bb,Any 1 antisymmetric NAC BB,chain_pair,all,largest_cluster,2169000.0,4.578125715332143e-05,6.474447476871745e-05,1934.4791075070375,9347.442116882818,7052.98641091508,0.8,8.0,100.0,61,95,3
G2_Wcluster_alhx700,$\mathrm{Hel}_{50}$,NAC_antisymmetric_BB_contact_survival,antisymmetric_nac_bb,Any 1 antisymmetric NAC BB,chain_pair,all,largest_cluster,2170000.0,4.578125715332143e-05,6.474447476871745e-05,1934.4791075070375,9347.442116882818,7052.98641091508,0.8,8.0,100.0,61,95,3
G2_Wcluster_alhx700,$\mathrm{Hel}_{50}$,NAC_antisymmetric_BB_contact_survival,antisymmetric_nac_bb,Any 1 antisymmetric NAC BB,chain_pair,all,largest_cluster,2171000.0,4.578125715332143e-05,6.474447476871745e-05,1934.4791075070375,9347.442116882818,7052.98641091508,0.8,8.0,100.0,61,95,3
G2_Wcluster_alhx700,$\mathrm{Hel}_{50}$,NAC_antisymmetric_BB_contact_survival,antisymmetric_nac_bb,Any 1 antisymmetric NAC BB,chain_pair,all,largest_cluster,2172000.0,4.578125715332143e-05,6.474447476871745e-05,1934.4791075070375,9347.442116882818,7052.98641091508,0.8,8.0,100.0,61,95,3
G2_Wcluster_alhx700,$\mathrm{Hel}_{50}$,NAC_antisymmetric_BB_contact_survival,antisymmetric_nac_bb,Any 1 antisymmetric NAC BB,chain_pair,all,largest_cluster,2173000.0,4.578125715332143e-05,6.474447476871745e-05,1934.4791075070375,9347.442116882818,7052.98641091508,0.8,8.0,100.0,61,95,3
G2_Wcluster_alhx700,$\mathrm{Hel}_{50}$,NAC_antisymmetric_BB_contact_survival,antisymmetric_nac_bb,Any 1 antisymmetric NAC BB,chain_pair,all,largest_cluster,2174000.0,4.578125715332143e-05,6.474447476871745e-05,1934.4791075070375,9347.442116882818,7052.98641091508,0.8,8.0,100.0,61,95,3
G2_Wcluster_alhx700,$\mathrm{Hel}_{50}$,NAC_antisymmetric_BB_contact_survival,antisymmetric_nac_bb,Any 1 antisymmetric NAC BB,chain_pair,all,largest_cluster,2175000.0,4.578125715332143e-05,6.474447476871745e-05,1934.4791075070375,9347.442116882818,7052.98641091508,0.8,8.0,100.0,61,95,3
G2_Wcluster_alhx700,$\mathrm{Hel}_{50}$,NAC_antisymmetric_BB_contact_survival,antisymmetric_nac_bb,Any 1 antisymmetric NAC BB,chain_pair,all,largest_cluster,2176000.0,4.578125715332143e-05,6.474447476871745e-05,1934.4791075070375,9347.442116882818,7052.98641091508,0.8,8.0,100.0,61,95,3
G2_Wcluster_alhx700,$\mathrm{Hel}_{50}$,NAC_antisymmetric_BB_contact_survival,antisymmetric_nac_bb,Any 1 antisymmetric NAC BB,chain_pair,all,largest_cluster,2177000.0,4.578125715332143e-05,6.474447476871745e-05,1934.4791075070375,9347.442116882818,7052.98641091508,0.8,8.0,100.0,61,95,3
G2_Wcluster_alhx700,$\mathrm{Hel}_{50}$,NAC_antisymmetric_BB_contact_survival,antisymmetric_nac_bb,Any 1 antisymmetric NAC BB,chain_pair,all,largest_cluster,2178000.0,4.578125715332143e-05,6.474447476871745e-05,1934.4791075070375,9347.442116882818,7052.98641091508,0.8,8.0,100.0,61,95,3
G2_Wcluster_alhx700,$\mathrm{Hel}_{50}$,NAC_antisymmetric_BB_contact_survival,antisymmetric_nac_bb,Any 1 antisymmetric NAC BB,chain_pair,all,largest_cluster,2179000.0,4.578125715332143e-05,6.474447476871745e-05,1934.4791075070375,9347.442116882818,7052.98641091508,0.8,8.0,100.0,61,95,3
G2_Wcluster_alhx700,$\mathrm{Hel}_{50}$,NAC_antisymmetric_BB_contact_survival,antisymmetric_nac_bb,Any 1 antisymmetric NAC BB,chain_pair,all,largest_cluster,2180000.0,4.578125715332143e-05,6.474447476871745e-05,1934.4791075070375,9347.442116882818,7052.98641091508,0.8,8.0,100.0,61,95,3
G2_Wcluster_alhx700,$\mathrm{Hel}_{50}$,NAC_antisymmetric_BB_contact_survival,antisymmetric_nac_bb,Any 1 antisymmetric NAC BB,chain_pair,all,largest_cluster,2181000.0,4.578125715332143e-05,6.474447476871745e-05,1934.4791075070375,9347.442116882818,7052.98641091508,0.8,8.0,100.0,61,95,3
G2_Wcluster_alhx700,$\mathrm{Hel}_{50}$,NAC_antisymmetric_BB_contact_survival,antisymmetric_nac_bb,Any 1 antisymmetric NAC BB,chain_pair,all,largest_cluster,2182000.0,4.578125715332143e-05,6.474447476871745e-05,1934.4791075070375,9347.442116882818,7052.98641091508,0.8,8.0,100.0,61,95,3
G2_Wcluster_alhx700,$\mathrm{Hel}_{50}$,NAC_antisymmetric_BB_contact_survival,antisymmetric_nac_bb,Any 1 antisymmetric NAC BB,chain_pair,all,largest_cluster,2183000.0,4.578125715332143e-05,6.474447476871745e-05,1934.4791075070375,9347.442116882818,7052.98641091508,0.8,8.0,100.0,61,95,3
G2_Wcluster_alhx700,$\mathrm{Hel}_{50}$,NAC_antisymmetric_BB_contact_survival,antisymmetric_nac_bb,Any 1 antisymmetric NAC BB,chain_pair,all,largest_cluster,2184000.0,4.578125715332143e-05,6.474447476871745e-05,1934.4791075070375,9347.442116882818,7052.98641091508,0.8,8.0,100.0,61,95,3
G2_Wcluster_alhx700,$\mathrm{Hel}_{50}$,NAC_antisymmetric_BB_contact_survival,antisymmetric_nac_bb,Any 1 antisymmetric NAC BB,chain_pair,all,largest_cluster,2185000.0,4.578125715332143e-05,6.474447476871745e-05,1934.4791075070375,9347.442116882818,7052.98641091508,0.8,8.0,100.0,61,95,3
G2_Wcluster_alhx700,$\mathrm{Hel}_{50}$,NAC_antisymmetric_BB_contact_survival,antisymmetric_nac_bb,Any 1 antisymmetric NAC BB,chain_pair,all,largest_cluster,2186000.0,4.578125715332143e-05,6.474447476871745e-05,1934.4791075070375,9347.442116882818,7052.98641091508,0.8,8.0,100.0,61,95,3
G2_Wcluster_alhx700,$\mathrm{Hel}_{50}$,NAC_antisymmetric_BB_contact_survival,antisymmetric_nac_bb,Any 1 antisymmetric NAC BB,chain_pair,all,largest_cluster,2187000.0,4.578125715332143e-05,6.474447476871745e-05,1934.4791075070375,9347.442116882818,7052.98641091508,0.8,8.0,100.0,61,95,3
G2_Wcluster_alhx700,$\mathrm{Hel}_{50}$,NAC_antisymmetric_BB_contact_survival,antisymmetric_nac_bb,Any 1 antisymmetric NAC BB,chain_pair,all,largest_cluster,2188000.0,4.578125715332143e-05,6.474447476871745e-05,1934.4791075070375,9347.442116882818,7052.98641091508,0.8,8.0,100.0,61,95,3
G2_Wcluster_alhx700,$\mathrm{Hel}_{50}$,NAC_antisymmetric_BB_contact_survival,antisymmetric_nac_bb,Any 1 antisymmetric NAC BB,chain_pair,all,largest_cluster,2189000.0,4.578125715332143e-05,6.474447476871745e-05,1934.4791075070375,9347.442116882818,7052.98641091508,0.8,8.0,100.0,61,95,3
G2_Wcluster_alhx700,$\mathrm{Hel}_{50}$,NAC_antisymmetric_BB_contact_survival,antisymmetric_nac_bb,Any 1 antisymmetric NAC BB,chain_pair,all,largest_cluster,2190000.0,4.578125715332143e-05,6.474447476871745e-05,1934.4791075070375,9347.442116882818,7052.98641091508,0.8,8.0,100.0,61,95,3
G2_Wcluster_alhx700,$\mathrm{Hel}_{50}$,NAC_antisymmetric_BB_contact_survival,antisymmetric_nac_bb,Any 1 antisymmetric NAC BB,chain_pair,all,largest_cluster,2191000.0,4.578125715332143e-05,6.474447476871745e-05,1934.4791075070375,9347.442116882818,7052.98641091508,0.8,8.0,100.0,61,95,3
G2_Wcluster_alhx700,$\mathrm{Hel}_{50}$,NAC_antisymmetric_BB_contact_survival,antisymmetric_nac_bb,Any 1 antisymmetric NAC BB,chain_pair,all,largest_cluster,2192000.0,4.578125715332143e-05,6.474447476871745e-05,1934.4791075070375,9347.442116882818,7052.98641091508,0.8,8.0,100.0,61,95,3
G2_Wcluster_alhx700,$\mathrm{Hel}_{50}$,NAC_antisymmetric_BB_contact_survival,antisymmetric_nac_bb,Any 1 antisymmetric NAC BB,chain_pair,all,largest_cluster,2193000.0,4.578125715332143e-05,6.474447476871745e-05,1934.4791075070375,9347.442116882818,7052.98641091508,0.8,8.0,100.0,61,95,3
G2_Wcluster_alhx700,$\mathrm{Hel}_{50}$,NAC_antisymmetric_BB_contact_survival,antisymmetric_nac_bb,Any 1 antisymmetric NAC BB,chain_pair,all,largest_cluster,2194000.0,4.578125715332143e-05,6.474447476871745e-05,1934.4791075070375,9347.442116882818,7052.98641091508,0.8,8.0,100.0,61,95,3
G2_Wcluster_alhx700,$\mathrm{Hel}_{50}$,NAC_antisymmetric_BB_contact_survival,antisymmetric_nac_bb,Any 1 antisymmetric NAC BB,chain_pair,all,largest_cluster,2195000.0,4.578125715332143e-05,6.474447476871745e-05,1934.4791075070375,9347.442116882818,7052.98641091508,0.8,8.0,100.0,61,95,3
G2_Wcluster_alhx700,$\mathrm{Hel}_{50}$,NAC_antisymmetric_BB_contact_survival,antisymmetric_nac_bb,Any 1 antisymmetric NAC BB,chain_pair,all,largest_cluster,2196000.0,4.578125715332143e-05,6.474447476871745e-05,1934.4791075070375,9347.442116882818,7052.98641091508,0.8,8.0,100.0,61,95,3
G2_Wcluster_alhx700,$\mathrm{Hel}_{50}$,NAC_antisymmetric_BB_contact_survival,antisymmetric_nac_bb,Any 1 antisymmetric NAC BB,chain_pair,all,largest_cluster,2197000.0,4.578125715332143e-05,6.474447476871745e-05,1934.4791075070375,9347.442116882818,7052.98641091508,0.8,8.0,100.0,61,95,3
G2_Wcluster_alhx700,$\mathrm{Hel}_{50}$,NAC_antisymmetric_BB_contact_survival,antisymmetric_nac_bb,Any 1 antisymmetric NAC BB,chain_pair,all,largest_cluster,2198000.0,4.578125715332143e-05,6.474447476871745e-05,1934.4791075070375,9347.442116882818,7052.98641091508,0.8,8.0,100.0,61,95,3
G2_Wcluster_alhx700,$\mathrm{Hel}_{50}$,NAC_antisymmetric_BB_contact_survival,antisymmetric_nac_bb,Any 1 antisymmetric NAC BB,chain_pair,all,largest_cluster,2199000.0,4.578125715332143e-05,6.474447476871745e-05,1934.4791075070375,9347.442116882818,7052.98641091508,0.8,8.0,100.0,61,95,3
G2_Wcluster_alhx700,$\mathrm{Hel}_{50}$,NAC_antisymmetric_BB_contact_survival,antisymmetric_nac_bb,Any 1 antisymmetric NAC BB,chain_pair,all,largest_cluster,2200000.0,4.578125715332143e-05,6.474447476871745e-05,1934.4791075070375,9347.442116882818,7052.98641091508,0.8,8.0,100.0,61,95,3
G2_Wcluster_alhx700,$\mathrm{Hel}_{50}$,NAC_antisymmetric_BB_contact_survival,antisymmetric_nac_bb,Any 1 antisymmetric NAC BB,chain_pair,all,largest_cluster,2201000.0,4.578125715332143e-05,6.474447476871745e-05,1934.4791075070375,9347.442116882818,7052.98641091508,0.8,8.0,100.0,61,95,3
G2_Wcluster_alhx700,$\mathrm{Hel}_{50}$,NAC_antisymmetric_BB_contact_survival,antisymmetric_nac_bb,Any 1 antisymmetric NAC BB,chain_pair,all,largest_cluster,2202000.0,4.578125715332143e-05,6.474447476871745e-05,1934.4791075070375,9347.442116882818,7052.98641091508,0.8,8.0,100.0,61,95,3
G2_Wcluster_alhx700,$\mathrm{Hel}_{50}$,NAC_antisymmetric_BB_contact_survival,antisymmetric_nac_bb,Any 1 antisymmetric NAC BB,chain_pair,all,largest_cluster,2203000.0,4.578125715332143e-05,6.474447476871745e-05,1934.4791075070375,9347.442116882818,7052.98641091508,0.8,8.0,100.0,61,95,3
G2_Wcluster_alhx700,$\mathrm{Hel}_{50}$,NAC_antisymmetric_BB_contact_survival,antisymmetric_nac_bb,Any 1 antisymmetric NAC BB,chain_pair,all,largest_cluster,2204000.0,4.578125715332143e-05,6.474447476871745e-05,1934.4791075070375,9347.442116882818,7052.98641091508,0.8,8.0,100.0,61,95,3
G2_Wcluster_alhx700,$\mathrm{Hel}_{50}$,NAC_antisymmetric_BB_contact_survival,antisymmetric_nac_bb,Any 1 antisymmetric NAC BB,chain_pair,all,largest_cluster,2205000.0,4.578125715332143e-05,6.474447476871745e-05,1934.4791075070375,9347.442116882818,7052.98641091508,0.8,8.0,100.0,61,95,3
G2_Wcluster_alhx700,$\mathrm{Hel}_{50}$,NAC_antisymmetric_BB_contact_survival,antisymmetric_nac_bb,Any 1 antisymmetric NAC BB,chain_pair,all,largest_cluster,2206000.0,4.578125715332143e-05,6.474447476871745e-05,1934.4791075070375,9347.442116882818,7052.98641091508,0.8,8.0,100.0,61,95,3
G2_Wcluster_alhx700,$\mathrm{Hel}_{50}$,NAC_antisymmetric_BB_contact_survival,antisymmetric_nac_bb,Any 1 antisymmetric NAC BB,chain_pair,all,largest_cluster,2207000.0,4.578125715332143e-05,6.474447476871745e-05,1934.4791075070375,9347.442116882818,7052.98641091508,0.8,8.0,100.0,61,95,3
G2_Wcluster_alhx700,$\mathrm{Hel}_{50}$,NAC_antisymmetric_BB_contact_survival,antisymmetric_nac_bb,Any 1 antisymmetric NAC BB,chain_pair,all,largest_cluster,2208000.0,4.578125715332143e-05,6.474447476871745e-05,1934.4791075070375,9347.442116882818,7052.98641091508,0.8,8.0,100.0,61,95,3
G2_Wcluster_alhx700,$\mathrm{Hel}_{50}$,NAC_antisymmetric_BB_contact_survival,antisymmetric_nac_bb,Any 1 antisymmetric NAC BB,chain_pair,all,largest_cluster,2209000.0,4.578125715332143e-05,6.474447476871745e-05,1934.4791075070375,9347.442116882818,7052.98641091508,0.8,8.0,100.0,61,95,3
G2_Wcluster_alhx700,$\mathrm{Hel}_{50}$,NAC_antisymmetric_BB_contact_survival,antisymmetric_nac_bb,Any 1 antisymmetric NAC BB,chain_pair,all,largest_cluster,2210000.0,4.578125715332143e-05,6.474447476871745e-05,1934.4791075070375,9347.442116882818,7052.98641091508,0.8,8.0,100.0,61,95,3
G2_Wcluster_alhx700,$\mathrm{Hel}_{50}$,NAC_antisymmetric_BB_contact_survival,antisymmetric_nac_bb,Any 1 antisymmetric NAC BB,chain_pair,all,largest_cluster,2211000.0,4.578125715332143e-05,6.474447476871745e-05,1934.4791075070375,9347.442116882818,7052.98641091508,0.8,8.0,100.0,61,95,3
G2_Wcluster_alhx700,$\mathrm{Hel}_{50}$,NAC_antisymmetric_BB_contact_survival,antisymmetric_nac_bb,Any 1 antisymmetric NAC BB,chain_pair,all,largest_cluster,2212000.0,4.578125715332143e-05,6.474447476871745e-05,1934.4791075070375,9347.442116882818,7052.98641091508,0.8,8.0,100.0,61,95,3
G2_Wcluster_alhx700,$\mathrm{Hel}_{50}$,NAC_antisymmetric_BB_contact_survival,antisymmetric_nac_bb,Any 1 antisymmetric NAC BB,chain_pair,all,largest_cluster,2213000.0,4.578125715332143e-05,6.474447476871745e-05,1934.4791075070375,9347.442116882818,7052.98641091508,0.8,8.0,100.0,61,95,3
G2_Wcluster_alhx700,$\mathrm{Hel}_{50}$,NAC_antisymmetric_BB_contact_survival,antisymmetric_nac_bb,Any 1 antisymmetric NAC BB,chain_pair,all,largest_cluster,2214000.0,4.578125715332143e-05,6.474447476871745e-05,1934.4791075070375,9347.442116882818,7052.98641091508,0.8,8.0,100.0,61,95,3
G2_Wcluster_alhx700,$\mathrm{Hel}_{50}$,NAC_antisymmetric_BB_contact_survival,antisymmetric_nac_bb,Any 1 antisymmetric NAC BB,chain_pair,all,largest_cluster,2215000.0,4.578125715332143e-05,6.474447476871745e-05,1934.4791075070375,9347.442116882818,7052.98641091508,0.8,8.0,100.0,61,95,3
G2_Wcluster_alhx700,$\mathrm{Hel}_{50}$,NAC_antisymmetric_BB_contact_survival,antisymmetric_nac_bb,Any 1 antisymmetric NAC BB,chain_pair,all,largest_cluster,2216000.0,4.578125715332143e-05,6.474447476871745e-05,1934.4791075070375,9347.442116882818,7052.98641091508,0.8,8.0,100.0,61,95,3
G2_Wcluster_alhx700,$\mathrm{Hel}_{50}$,NAC_antisymmetric_BB_contact_survival,antisymmetric_nac_bb,Any 1 antisymmetric NAC BB,chain_pair,all,largest_cluster,2217000.0,4.578125715332143e-05,6.474447476871745e-05,1934.4791075070375,9347.442116882818,7052.98641091508,0.8,8.0,100.0,61,95,3
G2_Wcluster_alhx700,$\mathrm{Hel}_{50}$,NAC_antisymmetric_BB_contact_survival,antisymmetric_nac_bb,Any 1 antisymmetric NAC BB,chain_pair,all,largest_cluster,2218000.0,4.578125715332143e-05,6.474447476871745e-05,1934.4791075070375,9347.442116882818,7052.98641091508,0.8,8.0,100.0,61,95,3
G2_Wcluster_alhx700,$\mathrm{Hel}_{50}$,NAC_antisymmetric_BB_contact_survival,antisymmetric_nac_bb,Any 1 antisymmetric NAC BB,chain_pair,all,largest_cluster,2219000.0,4.578125715332143e-05,6.474447476871745e-05,1934.4791075070375,9347.442116882818,7052.98641091508,0.8,8.0,100.0,61,95,3
G2_Wcluster_alhx700,$\mathrm{Hel}_{50}$,NAC_antisymmetric_BB_contact_survival,antisymmetric_nac_bb,Any 1 antisymmetric NAC BB,chain_pair,all,largest_cluster,2220000.0,4.578125715332143e-05,6.474447476871745e-05,1934.4791075070375,9347.442116882818,7052.98641091508,0.8,8.0,100.0,61,95,3
G2_Wcluster_alhx700,$\mathrm{Hel}_{50}$,NAC_antisymmetric_BB_contact_survival,antisymmetric_nac_bb,Any 1 antisymmetric NAC BB,chain_pair,all,largest_cluster,2221000.0,4.578125715332143e-05,6.474447476871745e-05,1934.4791075070375,9347.442116882818,7052.98641091508,0.8,8.0,100.0,61,95,3
G2_Wcluster_alhx700,$\mathrm{Hel}_{50}$,NAC_antisymmetric_BB_contact_survival,antisymmetric_nac_bb,Any 1 antisymmetric NAC BB,chain_pair,all,largest_cluster,2222000.0,4.578125715332143e-05,6.474447476871745e-05,1934.4791075070375,9347.442116882818,7052.98641091508,0.8,8.0,100.0,61,95,3
G2_Wcluster_alhx700,$\mathrm{Hel}_{50}$,NAC_antisymmetric_BB_contact_survival,antisymmetric_nac_bb,Any 1 antisymmetric NAC BB,chain_pair,all,largest_cluster,2223000.0,4.578125715332143e-05,6.474447476871745e-05,1934.4791075070375,9347.442116882818,7052.98641091508,0.8,8.0,100.0,61,95,3
G2_Wcluster_alhx700,$\mathrm{Hel}_{50}$,NAC_antisymmetric_BB_contact_survival,antisymmetric_nac_bb,Any 1 antisymmetric NAC BB,chain_pair,all,largest_cluster,2224000.0,4.578125715332143e-05,6.474447476871745e-05,1934.4791075070375,9347.442116882818,7052.98641091508,0.8,8.0,100.0,61,95,3
G2_Wcluster_alhx700,$\mathrm{Hel}_{50}$,NAC_antisymmetric_BB_contact_survival,antisymmetric_nac_bb,Any 1 antisymmetric NAC BB,chain_pair,all,largest_cluster,2225000.0,4.578125715332143e-05,6.474447476871745e-05,1934.4791075070375,9347.442116882818,7052.98641091508,0.8,8.0,100.0,61,95,3
G2_Wcluster_alhx700,$\mathrm{Hel}_{50}$,NAC_antisymmetric_BB_contact_survival,antisymmetric_nac_bb,Any 1 antisymmetric NAC BB,chain_pair,all,largest_cluster,2226000.0,4.578125715332143e-05,6.474447476871745e-05,1934.4791075070375,9347.442116882818,7052.98641091508,0.8,8.0,100.0,61,95,3
G2_Wcluster_alhx700,$\mathrm{Hel}_{50}$,NAC_antisymmetric_BB_contact_survival,antisymmetric_nac_bb,Any 1 antisymmetric NAC BB,chain_pair,all,largest_cluster,2227000.0,4.578125715332143e-05,6.474447476871745e-05,1934.4791075070375,9347.442116882818,7052.98641091508,0.8,8.0,100.0,61,95,3
G2_Wcluster_alhx700,$\mathrm{Hel}_{50}$,NAC_antisymmetric_BB_contact_survival,antisymmetric_nac_bb,Any 1 antisymmetric NAC BB,chain_pair,all,largest_cluster,2228000.0,4.578125715332143e-05,6.474447476871745e-05,1934.4791075070375,9347.442116882818,7052.98641091508,0.8,8.0,100.0,61,95,3
G2_Wcluster_alhx700,$\mathrm{Hel}_{50}$,NAC_antisymmetric_BB_contact_survival,antisymmetric_nac_bb,Any 1 antisymmetric NAC BB,chain_pair,all,largest_cluster,2229000.0,4.578125715332143e-05,6.474447476871745e-05,1934.4791075070375,9347.442116882818,7052.98641091508,0.8,8.0,100.0,61,95,3
G2_Wcluster_alhx700,$\mathrm{Hel}_{50}$,NAC_antisymmetric_BB_contact_survival,antisymmetric_nac_bb,Any 1 antisymmetric NAC BB,chain_pair,all,largest_cluster,2230000.0,4.578125715332143e-05,6.474447476871745e-05,1934.4791075070375,9347.442116882818,7052.98641091508,0.8,8.0,100.0,61,95,3
G2_Wcluster_alhx700,$\mathrm{Hel}_{50}$,NAC_antisymmetric_BB_contact_survival,antisymmetric_nac_bb,Any 1 antisymmetric NAC BB,chain_pair,all,largest_cluster,2231000.0,4.578125715332143e-05,6.474447476871745e-05,1934.4791075070375,9347.442116882818,7052.98641091508,0.8,8.0,100.0,61,95,3
G2_Wcluster_alhx700,$\mathrm{Hel}_{50}$,NAC_antisymmetric_BB_contact_survival,antisymmetric_nac_bb,Any 1 antisymmetric NAC BB,chain_pair,all,largest_cluster,2232000.0,4.578125715332143e-05,6.474447476871745e-05,1934.4791075070375,9347.442116882818,7052.98641091508,0.8,8.0,100.0,61,95,3
G2_Wcluster_alhx700,$\mathrm{Hel}_{50}$,NAC_antisymmetric_BB_contact_survival,antisymmetric_nac_bb,Any 1 antisymmetric NAC BB,chain_pair,all,largest_cluster,2233000.0,4.578125715332143e-05,6.474447476871745e-05,1934.4791075070375,9347.442116882818,7052.98641091508,0.8,8.0,100.0,61,95,3
G2_Wcluster_alhx700,$\mathrm{Hel}_{50}$,NAC_antisymmetric_BB_contact_survival,antisymmetric_nac_bb,Any 1 antisymmetric NAC BB,chain_pair,all,largest_cluster,2234000.0,4.578125715332143e-05,6.474447476871745e-05,1934.4791075070375,9347.442116882818,7052.98641091508,0.8,8.0,100.0,61,95,3
G2_Wcluster_alhx700,$\mathrm{Hel}_{50}$,NAC_antisymmetric_BB_contact_survival,antisymmetric_nac_bb,Any 1 antisymmetric NAC BB,chain_pair,all,largest_cluster,2235000.0,4.578125715332143e-05,6.474447476871745e-05,1934.4791075070375,9347.442116882818,7052.98641091508,0.8,8.0,100.0,61,95,3
G2_Wcluster_alhx700,$\mathrm{Hel}_{50}$,NAC_antisymmetric_BB_contact_survival,antisymmetric_nac_bb,Any 1 antisymmetric NAC BB,chain_pair,all,largest_cluster,2236000.0,4.578125715332143e-05,6.474447476871745e-05,1934.4791075070375,9347.442116882818,7052.98641091508,0.8,8.0,100.0,61,95,3
G2_Wcluster_alhx700,$\mathrm{Hel}_{50}$,NAC_antisymmetric_BB_contact_survival,antisymmetric_nac_bb,Any 1 antisymmetric NAC BB,chain_pair,all,largest_cluster,2237000.0,4.578125715332143e-05,6.474447476871745e-05,1934.4791075070375,9347.442116882818,7052.98641091508,0.8,8.0,100.0,61,95,3
G2_Wcluster_alhx700,$\mathrm{Hel}_{50}$,NAC_antisymmetric_BB_contact_survival,antisymmetric_nac_bb,Any 1 antisymmetric NAC BB,chain_pair,all,largest_cluster,2238000.0,4.578125715332143e-05,6.474447476871745e-05,1934.4791075070375,9347.442116882818,7052.98641091508,0.8,8.0,100.0,61,95,3
G2_Wcluster_alhx700,$\mathrm{Hel}_{50}$,NAC_antisymmetric_BB_contact_survival,antisymmetric_nac_bb,Any 1 antisymmetric NAC BB,chain_pair,all,largest_cluster,2239000.0,4.578125715332143e-05,6.474447476871745e-05,1934.4791075070375,9347.442116882818,7052.98641091508,0.8,8.0,100.0,61,95,3
G2_Wcluster_alhx700,$\mathrm{Hel}_{50}$,NAC_antisymmetric_BB_contact_survival,antisymmetric_nac_bb,Any 1 antisymmetric NAC BB,chain_pair,all,largest_cluster,2240000.0,4.578125715332143e-05,6.474447476871745e-05,1934.4791075070375,9347.442116882818,7052.98641091508,0.8,8.0,100.0,61,95,3
G2_Wcluster_alhx700,$\mathrm{Hel}_{50}$,NAC_antisymmetric_BB_contact_survival,antisymmetric_nac_bb,Any 1 antisymmetric NAC BB,chain_pair,all,largest_cluster,2241000.0,4.578125715332143e-05,6.474447476871745e-05,1934.4791075070375,9347.442116882818,7052.98641091508,0.8,8.0,100.0,61,95,3
G2_Wcluster_alhx700,$\mathrm{Hel}_{50}$,NAC_antisymmetric_BB_contact_survival,antisymmetric_nac_bb,Any 1 antisymmetric NAC BB,chain_pair,all,largest_cluster,2242000.0,4.578125715332143e-05,6.474447476871745e-05,1934.4791075070375,9347.442116882818,7052.98641091508,0.8,8.0,100.0,61,95,3
G2_Wcluster_alhx700,$\mathrm{Hel}_{50}$,NAC_antisymmetric_BB_contact_survival,antisymmetric_nac_bb,Any 1 antisymmetric NAC BB,chain_pair,all,largest_cluster,2243000.0,4.578125715332143e-05,6.474447476871745e-05,1934.4791075070375,9347.442116882818,7052.98641091508,0.8,8.0,100.0,61,95,3
G2_Wcluster_alhx700,$\mathrm{Hel}_{50}$,NAC_antisymmetric_BB_contact_survival,antisymmetric_nac_bb,Any 1 antisymmetric NAC BB,chain_pair,all,largest_cluster,2244000.0,4.578125715332143e-05,6.474447476871745e-05,1934.4791075070375,9347.442116882818,7052.98641091508,0.8,8.0,100.0,61,95,3
G2_Wcluster_alhx700,$\mathrm{Hel}_{50}$,NAC_antisymmetric_BB_contact_survival,antisymmetric_nac_bb,Any 1 antisymmetric NAC BB,chain_pair,all,largest_cluster,2245000.0,4.578125715332143e-05,6.474447476871745e-05,1934.4791075070375,9347.442116882818,7052.98641091508,0.8,8.0,100.0,61,95,3
G2_Wcluster_alhx700,$\mathrm{Hel}_{50}$,NAC_antisymmetric_BB_contact_survival,antisymmetric_nac_bb,Any 1 antisymmetric NAC BB,chain_pair,all,largest_cluster,2246000.0,4.578125715332143e-05,6.474447476871745e-05,1934.4791075070375,9347.442116882818,7052.98641091508,0.8,8.0,100.0,61,95,3
G2_Wcluster_alhx700,$\mathrm{Hel}_{50}$,NAC_antisymmetric_BB_contact_survival,antisymmetric_nac_bb,Any 1 antisymmetric NAC BB,chain_pair,all,largest_cluster,2247000.0,4.578125715332143e-05,6.474447476871745e-05,1934.4791075070375,9347.442116882818,7052.98641091508,0.8,8.0,100.0,61,95,3
G2_Wcluster_alhx700,$\mathrm{Hel}_{50}$,NAC_antisymmetric_BB_contact_survival,antisymmetric_nac_bb,Any 1 antisymmetric NAC BB,chain_pair,all,largest_cluster,2248000.0,4.578125715332143e-05,6.474447476871745e-05,1934.4791075070375,9347.442116882818,7052.98641091508,0.8,8.0,100.0,61,95,3
G2_Wcluster_alhx700,$\mathrm{Hel}_{50}$,NAC_antisymmetric_BB_contact_survival,antisymmetric_nac_bb,Any 1 antisymmetric NAC BB,chain_pair,all,largest_cluster,2249000.0,4.578125715332143e-05,6.474447476871745e-05,1934.4791075070375,9347.442116882818,7052.98641091508,0.8,8.0,100.0,61,95,3
G2_Wcluster_alhx700,$\mathrm{Hel}_{50}$,NAC_antisymmetric_BB_contact_survival,antisymmetric_nac_bb,Any 1 antisymmetric NAC BB,chain_pair,all,largest_cluster,2250000.0,4.578125715332143e-05,6.474447476871745e-05,1934.4791075070375,9347.442116882818,7052.98641091508,0.8,8.0,100.0,61,95,3
G2_Wcluster_alhx700,$\mathrm{Hel}_{50}$,NAC_antisymmetric_BB_contact_survival,antisymmetric_nac_bb,Any 1 antisymmetric NAC BB,chain_pair,all,largest_cluster,2251000.0,4.578125715332143e-05,6.474447476871745e-05,1934.4791075070375,9347.442116882818,7052.98641091508,0.8,8.0,100.0,61,95,3
G2_Wcluster_alhx700,$\mathrm{Hel}_{50}$,NAC_antisymmetric_BB_contact_survival,antisymmetric_nac_bb,Any 1 antisymmetric NAC BB,chain_pair,all,largest_cluster,2252000.0,4.578125715332143e-05,6.474447476871745e-05,1934.4791075070375,9347.442116882818,7052.98641091508,0.8,8.0,100.0,61,95,3
G2_Wcluster_alhx700,$\mathrm{Hel}_{50}$,NAC_antisymmetric_BB_contact_survival,antisymmetric_nac_bb,Any 1 antisymmetric NAC BB,chain_pair,all,largest_cluster,2253000.0,4.578125715332143e-05,6.474447476871745e-05,1934.4791075070375,9347.442116882818,7052.98641091508,0.8,8.0,100.0,61,95,3
G2_Wcluster_alhx700,$\mathrm{Hel}_{50}$,NAC_antisymmetric_BB_contact_survival,antisymmetric_nac_bb,Any 1 antisymmetric NAC BB,chain_pair,all,largest_cluster,2254000.0,4.578125715332143e-05,6.474447476871745e-05,1934.4791075070375,9347.442116882818,7052.98641091508,0.8,8.0,100.0,61,95,3
G2_Wcluster_alhx700,$\mathrm{Hel}_{50}$,NAC_antisymmetric_BB_contact_survival,antisymmetric_nac_bb,Any 1 antisymmetric NAC BB,chain_pair,all,largest_cluster,2255000.0,4.578125715332143e-05,6.474447476871745e-05,1934.4791075070375,9347.442116882818,7052.98641091508,0.8,8.0,100.0,61,95,3
G2_Wcluster_alhx700,$\mathrm{Hel}_{50}$,NAC_antisymmetric_BB_contact_survival,antisymmetric_nac_bb,Any 1 antisymmetric NAC BB,chain_pair,all,largest_cluster,2256000.0,4.578125715332143e-05,6.474447476871745e-05,1934.4791075070375,9347.442116882818,7052.98641091508,0.8,8.0,100.0,61,95,3
G2_Wcluster_alhx700,$\mathrm{Hel}_{50}$,NAC_antisymmetric_BB_contact_survival,antisymmetric_nac_bb,Any 1 antisymmetric NAC BB,chain_pair,all,largest_cluster,2257000.0,4.578125715332143e-05,6.474447476871745e-05,1934.4791075070375,9347.442116882818,7052.98641091508,0.8,8.0,100.0,61,95,3
G2_Wcluster_alhx700,$\mathrm{Hel}_{50}$,NAC_antisymmetric_BB_contact_survival,antisymmetric_nac_bb,Any 1 antisymmetric NAC BB,chain_pair,all,largest_cluster,2258000.0,4.578125715332143e-05,6.474447476871745e-05,1934.4791075070375,9347.442116882818,7052.98641091508,0.8,8.0,100.0,61,95,3
G2_Wcluster_alhx700,$\mathrm{Hel}_{50}$,NAC_antisymmetric_BB_contact_survival,antisymmetric_nac_bb,Any 1 antisymmetric NAC BB,chain_pair,all,largest_cluster,2259000.0,4.578125715332143e-05,6.474447476871745e-05,1934.4791075070375,9347.442116882818,7052.98641091508,0.8,8.0,100.0,61,95,3
G2_Wcluster_alhx700,$\mathrm{Hel}_{50}$,NAC_antisymmetric_BB_contact_survival,antisymmetric_nac_bb,Any 1 antisymmetric NAC BB,chain_pair,all,largest_cluster,2260000.0,4.578125715332143e-05,6.474447476871745e-05,1934.4791075070375,9347.442116882818,7052.98641091508,0.8,8.0,100.0,61,95,3
G2_Wcluster_alhx700,$\mathrm{Hel}_{50}$,NAC_antisymmetric_BB_contact_survival,antisymmetric_nac_bb,Any 1 antisymmetric NAC BB,chain_pair,all,largest_cluster,2261000.0,4.578125715332143e-05,6.474447476871745e-05,1934.4791075070375,9347.442116882818,7052.98641091508,0.8,8.0,100.0,61,95,3
G2_Wcluster_alhx700,$\mathrm{Hel}_{50}$,NAC_antisymmetric_BB_contact_survival,antisymmetric_nac_bb,Any 1 antisymmetric NAC BB,chain_pair,all,largest_cluster,2262000.0,4.578125715332143e-05,6.474447476871745e-05,1934.4791075070375,9347.442116882818,7052.98641091508,0.8,8.0,100.0,61,95,3
G2_Wcluster_alhx700,$\mathrm{Hel}_{50}$,NAC_antisymmetric_BB_contact_survival,antisymmetric_nac_bb,Any 1 antisymmetric NAC BB,chain_pair,all,largest_cluster,2263000.0,4.578125715332143e-05,6.474447476871745e-05,1934.4791075070375,9347.442116882818,7052.98641091508,0.8,8.0,100.0,61,95,3
G2_Wcluster_alhx700,$\mathrm{Hel}_{50}$,NAC_antisymmetric_BB_contact_survival,antisymmetric_nac_bb,Any 1 antisymmetric NAC BB,chain_pair,all,largest_cluster,2264000.0,4.578125715332143e-05,6.474447476871745e-05,1934.4791075070375,9347.442116882818,7052.98641091508,0.8,8.0,100.0,61,95,3
G2_Wcluster_alhx700,$\mathrm{Hel}_{50}$,NAC_antisymmetric_BB_contact_survival,antisymmetric_nac_bb,Any 1 antisymmetric NAC BB,chain_pair,all,largest_cluster,2265000.0,4.578125715332143e-05,6.474447476871745e-05,1934.4791075070375,9347.442116882818,7052.98641091508,0.8,8.0,100.0,61,95,3
G2_Wcluster_alhx700,$\mathrm{Hel}_{50}$,NAC_antisymmetric_BB_contact_survival,antisymmetric_nac_bb,Any 1 antisymmetric NAC BB,chain_pair,all,largest_cluster,2266000.0,4.578125715332143e-05,6.474447476871745e-05,1934.4791075070375,9347.442116882818,7052.98641091508,0.8,8.0,100.0,61,95,3
G2_Wcluster_alhx700,$\mathrm{Hel}_{50}$,NAC_antisymmetric_BB_contact_survival,antisymmetric_nac_bb,Any 1 antisymmetric NAC BB,chain_pair,all,largest_cluster,2267000.0,4.578125715332143e-05,6.474447476871745e-05,1934.4791075070375,9347.442116882818,7052.98641091508,0.8,8.0,100.0,61,95,3
G2_Wcluster_alhx700,$\mathrm{Hel}_{50}$,NAC_antisymmetric_BB_contact_survival,antisymmetric_nac_bb,Any 1 antisymmetric NAC BB,chain_pair,all,largest_cluster,2268000.0,4.578125715332143e-05,6.474447476871745e-05,1934.4791075070375,9347.442116882818,7052.98641091508,0.8,8.0,100.0,61,95,3
G2_Wcluster_alhx700,$\mathrm{Hel}_{50}$,NAC_antisymmetric_BB_contact_survival,antisymmetric_nac_bb,Any 1 antisymmetric NAC BB,chain_pair,all,largest_cluster,2269000.0,4.578125715332143e-05,6.474447476871745e-05,1934.4791075070375,9347.442116882818,7052.98641091508,0.8,8.0,100.0,61,95,3
G2_Wcluster_alhx700,$\mathrm{Hel}_{50}$,NAC_antisymmetric_BB_contact_survival,antisymmetric_nac_bb,Any 1 antisymmetric NAC BB,chain_pair,all,largest_cluster,2270000.0,4.578125715332143e-05,6.474447476871745e-05,1934.4791075070375,9347.442116882818,7052.98641091508,0.8,8.0,100.0,61,95,3
G2_Wcluster_alhx700,$\mathrm{Hel}_{50}$,NAC_antisymmetric_BB_contact_survival,antisymmetric_nac_bb,Any 1 antisymmetric NAC BB,chain_pair,all,largest_cluster,2271000.0,4.578125715332143e-05,6.474447476871745e-05,1934.4791075070375,9347.442116882818,7052.98641091508,0.8,8.0,100.0,61,95,3
G2_Wcluster_alhx700,$\mathrm{Hel}_{50}$,NAC_antisymmetric_BB_contact_survival,antisymmetric_nac_bb,Any 1 antisymmetric NAC BB,chain_pair,all,largest_cluster,2272000.0,4.578125715332143e-05,6.474447476871745e-05,1934.4791075070375,9347.442116882818,7052.98641091508,0.8,8.0,100.0,61,95,3
G2_Wcluster_alhx700,$\mathrm{Hel}_{50}$,NAC_antisymmetric_BB_contact_survival,antisymmetric_nac_bb,Any 1 antisymmetric NAC BB,chain_pair,all,largest_cluster,2273000.0,4.578125715332143e-05,6.474447476871745e-05,1934.4791075070375,9347.442116882818,7052.98641091508,0.8,8.0,100.0,61,95,3
G2_Wcluster_alhx700,$\mathrm{Hel}_{50}$,NAC_antisymmetric_BB_contact_survival,antisymmetric_nac_bb,Any 1 antisymmetric NAC BB,chain_pair,all,largest_cluster,2274000.0,4.578125715332143e-05,6.474447476871745e-05,1934.4791075070375,9347.442116882818,7052.98641091508,0.8,8.0,100.0,61,95,3
G2_Wcluster_alhx700,$\mathrm{Hel}_{50}$,NAC_antisymmetric_BB_contact_survival,antisymmetric_nac_bb,Any 1 antisymmetric NAC BB,chain_pair,all,largest_cluster,2275000.0,4.578125715332143e-05,6.474447476871745e-05,1934.4791075070375,9347.442116882818,7052.98641091508,0.8,8.0,100.0,61,95,3
G2_Wcluster_alhx700,$\mathrm{Hel}_{50}$,NAC_antisymmetric_BB_contact_survival,antisymmetric_nac_bb,Any 1 antisymmetric NAC BB,chain_pair,all,largest_cluster,2276000.0,4.578125715332143e-05,6.474447476871745e-05,1934.4791075070375,9347.442116882818,7052.98641091508,0.8,8.0,100.0,61,95,3
G2_Wcluster_alhx700,$\mathrm{Hel}_{50}$,NAC_antisymmetric_BB_contact_survival,antisymmetric_nac_bb,Any 1 antisymmetric NAC BB,chain_pair,all,largest_cluster,2277000.0,4.578125715332143e-05,6.474447476871745e-05,1934.4791075070375,9347.442116882818,7052.98641091508,0.8,8.0,100.0,61,95,3
G2_Wcluster_alhx700,$\mathrm{Hel}_{50}$,NAC_antisymmetric_BB_contact_survival,antisymmetric_nac_bb,Any 1 antisymmetric NAC BB,chain_pair,all,largest_cluster,2278000.0,4.578125715332143e-05,6.474447476871745e-05,1934.4791075070375,9347.442116882818,7052.98641091508,0.8,8.0,100.0,61,95,3
G2_Wcluster_alhx700,$\mathrm{Hel}_{50}$,NAC_antisymmetric_BB_contact_survival,antisymmetric_nac_bb,Any 1 antisymmetric NAC BB,chain_pair,all,largest_cluster,2279000.0,4.578125715332143e-05,6.474447476871745e-05,1934.4791075070375,9347.442116882818,7052.98641091508,0.8,8.0,100.0,61,95,3
G2_Wcluster_alhx700,$\mathrm{Hel}_{50}$,NAC_antisymmetric_BB_contact_survival,antisymmetric_nac_bb,Any 1 antisymmetric NAC BB,chain_pair,all,largest_cluster,2280000.0,4.578125715332143e-05,6.474447476871745e-05,1934.4791075070375,9347.442116882818,7052.98641091508,0.8,8.0,100.0,61,95,3
G2_Wcluster_alhx700,$\mathrm{Hel}_{50}$,NAC_antisymmetric_BB_contact_survival,antisymmetric_nac_bb,Any 1 antisymmetric NAC BB,chain_pair,all,largest_cluster,2281000.0,4.578125715332143e-05,6.474447476871745e-05,1934.4791075070375,9347.442116882818,7052.98641091508,0.8,8.0,100.0,61,95,3
G2_Wcluster_alhx700,$\mathrm{Hel}_{50}$,NAC_antisymmetric_BB_contact_survival,antisymmetric_nac_bb,Any 1 antisymmetric NAC BB,chain_pair,all,largest_cluster,2282000.0,4.578125715332143e-05,6.474447476871745e-05,1934.4791075070375,9347.442116882818,7052.98641091508,0.8,8.0,100.0,61,95,3
G2_Wcluster_alhx700,$\mathrm{Hel}_{50}$,NAC_antisymmetric_BB_contact_survival,antisymmetric_nac_bb,Any 1 antisymmetric NAC BB,chain_pair,all,largest_cluster,2283000.0,4.578125715332143e-05,6.474447476871745e-05,1934.4791075070375,9347.442116882818,7052.98641091508,0.8,8.0,100.0,61,95,3
G2_Wcluster_alhx700,$\mathrm{Hel}_{50}$,NAC_antisymmetric_BB_contact_survival,antisymmetric_nac_bb,Any 1 antisymmetric NAC BB,chain_pair,all,largest_cluster,2284000.0,4.578125715332143e-05,6.474447476871745e-05,1934.4791075070375,9347.442116882818,7052.98641091508,0.8,8.0,100.0,61,95,3
G2_Wcluster_alhx700,$\mathrm{Hel}_{50}$,NAC_antisymmetric_BB_contact_survival,antisymmetric_nac_bb,Any 1 antisymmetric NAC BB,chain_pair,all,largest_cluster,2285000.0,4.578125715332143e-05,6.474447476871745e-05,1934.4791075070375,9347.442116882818,7052.98641091508,0.8,8.0,100.0,61,95,3
G2_Wcluster_alhx700,$\mathrm{Hel}_{50}$,NAC_antisymmetric_BB_contact_survival,antisymmetric_nac_bb,Any 1 antisymmetric NAC BB,chain_pair,all,largest_cluster,2286000.0,4.578125715332143e-05,6.474447476871745e-05,1934.4791075070375,9347.442116882818,7052.98641091508,0.8,8.0,100.0,61,95,3
G2_Wcluster_alhx700,$\mathrm{Hel}_{50}$,NAC_antisymmetric_BB_contact_survival,antisymmetric_nac_bb,Any 1 antisymmetric NAC BB,chain_pair,all,largest_cluster,2287000.0,4.578125715332143e-05,6.474447476871745e-05,1934.4791075070375,9347.442116882818,7052.98641091508,0.8,8.0,100.0,61,95,3
G2_Wcluster_alhx700,$\mathrm{Hel}_{50}$,NAC_antisymmetric_BB_contact_survival,antisymmetric_nac_bb,Any 1 antisymmetric NAC BB,chain_pair,all,largest_cluster,2288000.0,4.578125715332143e-05,6.474447476871745e-05,1934.4791075070375,9347.442116882818,7052.98641091508,0.8,8.0,100.0,61,95,3
G2_Wcluster_alhx700,$\mathrm{Hel}_{50}$,NAC_antisymmetric_BB_contact_survival,antisymmetric_nac_bb,Any 1 antisymmetric NAC BB,chain_pair,all,largest_cluster,2289000.0,4.578125715332143e-05,6.474447476871745e-05,1934.4791075070375,9347.442116882818,7052.98641091508,0.8,8.0,100.0,61,95,3
G2_Wcluster_alhx700,$\mathrm{Hel}_{50}$,NAC_antisymmetric_BB_contact_survival,antisymmetric_nac_bb,Any 1 antisymmetric NAC BB,chain_pair,all,largest_cluster,2290000.0,4.578125715332143e-05,6.474447476871745e-05,1934.4791075070375,9347.442116882818,7052.98641091508,0.8,8.0,100.0,61,95,3
G2_Wcluster_alhx700,$\mathrm{Hel}_{50}$,NAC_antisymmetric_BB_contact_survival,antisymmetric_nac_bb,Any 1 antisymmetric NAC BB,chain_pair,all,largest_cluster,2291000.0,4.578125715332143e-05,6.474447476871745e-05,1934.4791075070375,9347.442116882818,7052.98641091508,0.8,8.0,100.0,61,95,3
G2_Wcluster_alhx700,$\mathrm{Hel}_{50}$,NAC_antisymmetric_BB_contact_survival,antisymmetric_nac_bb,Any 1 antisymmetric NAC BB,chain_pair,all,largest_cluster,2292000.0,4.578125715332143e-05,6.474447476871745e-05,1934.4791075070375,9347.442116882818,7052.98641091508,0.8,8.0,100.0,61,95,3
G2_Wcluster_alhx700,$\mathrm{Hel}_{50}$,NAC_antisymmetric_BB_contact_survival,antisymmetric_nac_bb,Any 1 antisymmetric NAC BB,chain_pair,all,largest_cluster,2293000.0,4.578125715332143e-05,6.474447476871745e-05,1934.4791075070375,9347.442116882818,7052.98641091508,0.8,8.0,100.0,61,95,3
G2_Wcluster_alhx700,$\mathrm{Hel}_{50}$,NAC_antisymmetric_BB_contact_survival,antisymmetric_nac_bb,Any 1 antisymmetric NAC BB,chain_pair,all,largest_cluster,2294000.0,4.578125715332143e-05,6.474447476871745e-05,1934.4791075070375,9347.442116882818,7052.98641091508,0.8,8.0,100.0,61,95,3
G2_Wcluster_alhx700,$\mathrm{Hel}_{50}$,NAC_antisymmetric_BB_contact_survival,antisymmetric_nac_bb,Any 1 antisymmetric NAC BB,chain_pair,all,largest_cluster,2295000.0,4.578125715332143e-05,6.474447476871745e-05,1934.4791075070375,9347.442116882818,7052.98641091508,0.8,8.0,100.0,61,95,3
G2_Wcluster_alhx700,$\mathrm{Hel}_{50}$,NAC_antisymmetric_BB_contact_survival,antisymmetric_nac_bb,Any 1 antisymmetric NAC BB,chain_pair,all,largest_cluster,2296000.0,4.578125715332143e-05,6.474447476871745e-05,1934.4791075070375,9347.442116882818,7052.98641091508,0.8,8.0,100.0,61,95,3
G2_Wcluster_alhx700,$\mathrm{Hel}_{50}$,NAC_antisymmetric_BB_contact_survival,antisymmetric_nac_bb,Any 1 antisymmetric NAC BB,chain_pair,all,largest_cluster,2297000.0,4.578125715332143e-05,6.474447476871745e-05,1934.4791075070375,9347.442116882818,7052.98641091508,0.8,8.0,100.0,61,95,3
G2_Wcluster_alhx700,$\mathrm{Hel}_{50}$,NAC_antisymmetric_BB_contact_survival,antisymmetric_nac_bb,Any 1 antisymmetric NAC BB,chain_pair,all,largest_cluster,2298000.0,4.578125715332143e-05,6.474447476871745e-05,1934.4791075070375,9347.442116882818,7052.98641091508,0.8,8.0,100.0,61,95,3
G2_Wcluster_alhx700,$\mathrm{Hel}_{50}$,NAC_antisymmetric_BB_contact_survival,antisymmetric_nac_bb,Any 1 antisymmetric NAC BB,chain_pair,all,largest_cluster,2299000.0,4.578125715332143e-05,6.474447476871745e-05,1934.4791075070375,9347.442116882818,7052.98641091508,0.8,8.0,100.0,61,95,3
G2_Wcluster_alhx700,$\mathrm{Hel}_{50}$,NAC_antisymmetric_BB_contact_survival,antisymmetric_nac_bb,Any 1 antisymmetric NAC BB,chain_pair,all,largest_cluster,2300000.0,4.578125715332143e-05,6.474447476871745e-05,1934.4791075070375,9347.442116882818,7052.98641091508,0.8,8.0,100.0,61,95,3
G2_Wcluster_alhx700,$\mathrm{Hel}_{50}$,NAC_antisymmetric_BB_contact_survival,antisymmetric_nac_bb,Any 1 antisymmetric NAC BB,chain_pair,all,largest_cluster,2301000.0,4.578125715332143e-05,6.474447476871745e-05,1934.4791075070375,9347.442116882818,7052.98641091508,0.8,8.0,100.0,61,95,3
G2_Wcluster_alhx700,$\mathrm{Hel}_{50}$,NAC_antisymmetric_BB_contact_survival,antisymmetric_nac_bb,Any 1 antisymmetric NAC BB,chain_pair,all,largest_cluster,2302000.0,4.578125715332143e-05,6.474447476871745e-05,1934.4791075070375,9347.442116882818,7052.98641091508,0.8,8.0,100.0,61,95,3
G2_Wcluster_alhx700,$\mathrm{Hel}_{50}$,NAC_antisymmetric_BB_contact_survival,antisymmetric_nac_bb,Any 1 antisymmetric NAC BB,chain_pair,all,largest_cluster,2303000.0,4.578125715332143e-05,6.474447476871745e-05,1934.4791075070375,9347.442116882818,7052.98641091508,0.8,8.0,100.0,61,95,3
G2_Wcluster_alhx700,$\mathrm{Hel}_{50}$,NAC_antisymmetric_BB_contact_survival,antisymmetric_nac_bb,Any 1 antisymmetric NAC BB,chain_pair,all,largest_cluster,2304000.0,4.578125715332143e-05,6.474447476871745e-05,1934.4791075070375,9347.442116882818,7052.98641091508,0.8,8.0,100.0,61,95,3
G2_Wcluster_alhx700,$\mathrm{Hel}_{50}$,NAC_antisymmetric_BB_contact_survival,antisymmetric_nac_bb,Any 1 antisymmetric NAC BB,chain_pair,all,largest_cluster,2305000.0,4.578125715332143e-05,6.474447476871745e-05,1934.4791075070375,9347.442116882818,7052.98641091508,0.8,8.0,100.0,61,95,3
G2_Wcluster_alhx700,$\mathrm{Hel}_{50}$,NAC_antisymmetric_BB_contact_survival,antisymmetric_nac_bb,Any 1 antisymmetric NAC BB,chain_pair,all,largest_cluster,2306000.0,4.578125715332143e-05,6.474447476871745e-05,1934.4791075070375,9347.442116882818,7052.98641091508,0.8,8.0,100.0,61,95,3
G2_Wcluster_alhx700,$\mathrm{Hel}_{50}$,NAC_antisymmetric_BB_contact_survival,antisymmetric_nac_bb,Any 1 antisymmetric NAC BB,chain_pair,all,largest_cluster,2307000.0,4.578125715332143e-05,6.474447476871745e-05,1934.4791075070375,9347.442116882818,7052.98641091508,0.8,8.0,100.0,61,95,3
G2_Wcluster_alhx700,$\mathrm{Hel}_{50}$,NAC_antisymmetric_BB_contact_survival,antisymmetric_nac_bb,Any 1 antisymmetric NAC BB,chain_pair,all,largest_cluster,2308000.0,4.578125715332143e-05,6.474447476871745e-05,1934.4791075070375,9347.442116882818,7052.98641091508,0.8,8.0,100.0,61,95,3
G2_Wcluster_alhx700,$\mathrm{Hel}_{50}$,NAC_antisymmetric_BB_contact_survival,antisymmetric_nac_bb,Any 1 antisymmetric NAC BB,chain_pair,all,largest_cluster,2309000.0,4.578125715332143e-05,6.474447476871745e-05,1934.4791075070375,9347.442116882818,7052.98641091508,0.8,8.0,100.0,61,95,3
G2_Wcluster_alhx700,$\mathrm{Hel}_{50}$,NAC_antisymmetric_BB_contact_survival,antisymmetric_nac_bb,Any 1 antisymmetric NAC BB,chain_pair,all,largest_cluster,2310000.0,4.578125715332143e-05,6.474447476871745e-05,1934.4791075070375,9347.442116882818,7052.98641091508,0.8,8.0,100.0,61,95,3
G2_Wcluster_alhx700,$\mathrm{Hel}_{50}$,NAC_antisymmetric_BB_contact_survival,antisymmetric_nac_bb,Any 1 antisymmetric NAC BB,chain_pair,all,largest_cluster,2311000.0,4.578125715332143e-05,6.474447476871745e-05,1934.4791075070375,9347.442116882818,7052.98641091508,0.8,8.0,100.0,61,95,3
G2_Wcluster_alhx700,$\mathrm{Hel}_{50}$,NAC_antisymmetric_BB_contact_survival,antisymmetric_nac_bb,Any 1 antisymmetric NAC BB,chain_pair,all,largest_cluster,2312000.0,4.578125715332143e-05,6.474447476871745e-05,1934.4791075070375,9347.442116882818,7052.98641091508,0.8,8.0,100.0,61,95,3
G2_Wcluster_alhx700,$\mathrm{Hel}_{50}$,NAC_antisymmetric_BB_contact_survival,antisymmetric_nac_bb,Any 1 antisymmetric NAC BB,chain_pair,all,largest_cluster,2313000.0,4.578125715332143e-05,6.474447476871745e-05,1934.4791075070375,9347.442116882818,7052.98641091508,0.8,8.0,100.0,61,95,3
G2_Wcluster_alhx700,$\mathrm{Hel}_{50}$,NAC_antisymmetric_BB_contact_survival,antisymmetric_nac_bb,Any 1 antisymmetric NAC BB,chain_pair,all,largest_cluster,2314000.0,4.578125715332143e-05,6.474447476871745e-05,1934.4791075070375,9347.442116882818,7052.98641091508,0.8,8.0,100.0,61,95,3
G2_Wcluster_alhx700,$\mathrm{Hel}_{50}$,NAC_antisymmetric_BB_contact_survival,antisymmetric_nac_bb,Any 1 antisymmetric NAC BB,chain_pair,all,largest_cluster,2315000.0,4.578125715332143e-05,6.474447476871745e-05,1934.4791075070375,9347.442116882818,7052.98641091508,0.8,8.0,100.0,61,95,3
G2_Wcluster_alhx700,$\mathrm{Hel}_{50}$,NAC_antisymmetric_BB_contact_survival,antisymmetric_nac_bb,Any 1 antisymmetric NAC BB,chain_pair,all,largest_cluster,2316000.0,4.578125715332143e-05,6.474447476871745e-05,1934.4791075070375,9347.442116882818,7052.98641091508,0.8,8.0,100.0,61,95,3
G2_Wcluster_alhx700,$\mathrm{Hel}_{50}$,NAC_antisymmetric_BB_contact_survival,antisymmetric_nac_bb,Any 1 antisymmetric NAC BB,chain_pair,all,largest_cluster,2317000.0,4.578125715332143e-05,6.474447476871745e-05,1934.4791075070375,9347.442116882818,7052.98641091508,0.8,8.0,100.0,61,95,3
G2_Wcluster_alhx700,$\mathrm{Hel}_{50}$,NAC_antisymmetric_BB_contact_survival,antisymmetric_nac_bb,Any 1 antisymmetric NAC BB,chain_pair,all,largest_cluster,2318000.0,4.578125715332143e-05,6.474447476871745e-05,1934.4791075070375,9347.442116882818,7052.98641091508,0.8,8.0,100.0,61,95,3
G2_Wcluster_alhx700,$\mathrm{Hel}_{50}$,NAC_antisymmetric_BB_contact_survival,antisymmetric_nac_bb,Any 1 antisymmetric NAC BB,chain_pair,all,largest_cluster,2319000.0,4.578125715332143e-05,6.474447476871745e-05,1934.4791075070375,9347.442116882818,7052.98641091508,0.8,8.0,100.0,61,95,3
G2_Wcluster_alhx700,$\mathrm{Hel}_{50}$,NAC_antisymmetric_BB_contact_survival,antisymmetric_nac_bb,Any 1 antisymmetric NAC BB,chain_pair,all,largest_cluster,2320000.0,4.578125715332143e-05,6.474447476871745e-05,1934.4791075070375,9347.442116882818,7052.98641091508,0.8,8.0,100.0,61,95,3
G2_Wcluster_alhx700,$\mathrm{Hel}_{50}$,NAC_antisymmetric_BB_contact_survival,antisymmetric_nac_bb,Any 1 antisymmetric NAC BB,chain_pair,all,largest_cluster,2321000.0,4.578125715332143e-05,6.474447476871745e-05,1934.4791075070375,9347.442116882818,7052.98641091508,0.8,8.0,100.0,61,95,3
G2_Wcluster_alhx700,$\mathrm{Hel}_{50}$,NAC_antisymmetric_BB_contact_survival,antisymmetric_nac_bb,Any 1 antisymmetric NAC BB,chain_pair,all,largest_cluster,2322000.0,4.578125715332143e-05,6.474447476871745e-05,1934.4791075070375,9347.442116882818,7052.98641091508,0.8,8.0,100.0,61,95,3
G2_Wcluster_alhx700,$\mathrm{Hel}_{50}$,NAC_antisymmetric_BB_contact_survival,antisymmetric_nac_bb,Any 1 antisymmetric NAC BB,chain_pair,all,largest_cluster,2323000.0,4.578125715332143e-05,6.474447476871745e-05,1934.4791075070375,9347.442116882818,7052.98641091508,0.8,8.0,100.0,61,95,3
G2_Wcluster_alhx700,$\mathrm{Hel}_{50}$,NAC_antisymmetric_BB_contact_survival,antisymmetric_nac_bb,Any 1 antisymmetric NAC BB,chain_pair,all,largest_cluster,2324000.0,4.578125715332143e-05,6.474447476871745e-05,1934.4791075070375,9347.442116882818,7052.98641091508,0.8,8.0,100.0,61,95,3
G2_Wcluster_alhx700,$\mathrm{Hel}_{50}$,NAC_antisymmetric_BB_contact_survival,antisymmetric_nac_bb,Any 1 antisymmetric NAC BB,chain_pair,all,largest_cluster,2325000.0,4.578125715332143e-05,6.474447476871745e-05,1934.4791075070375,9347.442116882818,7052.98641091508,0.8,8.0,100.0,61,95,3
G2_Wcluster_alhx700,$\mathrm{Hel}_{50}$,NAC_antisymmetric_BB_contact_survival,antisymmetric_nac_bb,Any 1 antisymmetric NAC BB,chain_pair,all,largest_cluster,2326000.0,4.578125715332143e-05,6.474447476871745e-05,1934.4791075070375,9347.442116882818,7052.98641091508,0.8,8.0,100.0,61,95,3
G2_Wcluster_alhx700,$\mathrm{Hel}_{50}$,NAC_antisymmetric_BB_contact_survival,antisymmetric_nac_bb,Any 1 antisymmetric NAC BB,chain_pair,all,largest_cluster,2327000.0,4.578125715332143e-05,6.474447476871745e-05,1934.4791075070375,9347.442116882818,7052.98641091508,0.8,8.0,100.0,61,95,3
G2_Wcluster_alhx700,$\mathrm{Hel}_{50}$,NAC_antisymmetric_BB_contact_survival,antisymmetric_nac_bb,Any 1 antisymmetric NAC BB,chain_pair,all,largest_cluster,2328000.0,4.578125715332143e-05,6.474447476871745e-05,1934.4791075070375,9347.442116882818,7052.98641091508,0.8,8.0,100.0,61,95,3
G2_Wcluster_alhx700,$\mathrm{Hel}_{50}$,NAC_antisymmetric_BB_contact_survival,antisymmetric_nac_bb,Any 1 antisymmetric NAC BB,chain_pair,all,largest_cluster,2329000.0,4.578125715332143e-05,6.474447476871745e-05,1934.4791075070375,9347.442116882818,7052.98641091508,0.8,8.0,100.0,61,95,3
G2_Wcluster_alhx700,$\mathrm{Hel}_{50}$,NAC_antisymmetric_BB_contact_survival,antisymmetric_nac_bb,Any 1 antisymmetric NAC BB,chain_pair,all,largest_cluster,2330000.0,4.578125715332143e-05,6.474447476871745e-05,1934.4791075070375,9347.442116882818,7052.98641091508,0.8,8.0,100.0,61,95,3
G2_Wcluster_alhx700,$\mathrm{Hel}_{50}$,NAC_antisymmetric_BB_contact_survival,antisymmetric_nac_bb,Any 1 antisymmetric NAC BB,chain_pair,all,largest_cluster,2331000.0,4.578125715332143e-05,6.474447476871745e-05,1934.4791075070375,9347.442116882818,7052.98641091508,0.8,8.0,100.0,61,95,3
G2_Wcluster_alhx700,$\mathrm{Hel}_{50}$,NAC_antisymmetric_BB_contact_survival,antisymmetric_nac_bb,Any 1 antisymmetric NAC BB,chain_pair,all,largest_cluster,2332000.0,4.578125715332143e-05,6.474447476871745e-05,1934.4791075070375,9347.442116882818,7052.98641091508,0.8,8.0,100.0,61,95,3
G2_Wcluster_alhx700,$\mathrm{Hel}_{50}$,NAC_antisymmetric_BB_contact_survival,antisymmetric_nac_bb,Any 1 antisymmetric NAC BB,chain_pair,all,largest_cluster,2333000.0,4.578125715332143e-05,6.474447476871745e-05,1934.4791075070375,9347.442116882818,7052.98641091508,0.8,8.0,100.0,61,95,3
G2_Wcluster_alhx700,$\mathrm{Hel}_{50}$,NAC_antisymmetric_BB_contact_survival,antisymmetric_nac_bb,Any 1 antisymmetric NAC BB,chain_pair,all,largest_cluster,2334000.0,4.578125715332143e-05,6.474447476871745e-05,1934.4791075070375,9347.442116882818,7052.98641091508,0.8,8.0,100.0,61,95,3
G2_Wcluster_alhx700,$\mathrm{Hel}_{50}$,NAC_antisymmetric_BB_contact_survival,antisymmetric_nac_bb,Any 1 antisymmetric NAC BB,chain_pair,all,largest_cluster,2335000.0,4.578125715332143e-05,6.474447476871745e-05,1934.4791075070375,9347.442116882818,7052.98641091508,0.8,8.0,100.0,61,95,3
G2_Wcluster_alhx700,$\mathrm{Hel}_{50}$,NAC_antisymmetric_BB_contact_survival,antisymmetric_nac_bb,Any 1 antisymmetric NAC BB,chain_pair,all,largest_cluster,2336000.0,4.578125715332143e-05,6.474447476871745e-05,1934.4791075070375,9347.442116882818,7052.98641091508,0.8,8.0,100.0,61,95,3
G2_Wcluster_alhx700,$\mathrm{Hel}_{50}$,NAC_antisymmetric_BB_contact_survival,antisymmetric_nac_bb,Any 1 antisymmetric NAC BB,chain_pair,all,largest_cluster,2337000.0,4.578125715332143e-05,6.474447476871745e-05,1934.4791075070375,9347.442116882818,7052.98641091508,0.8,8.0,100.0,61,95,3
G2_Wcluster_alhx700,$\mathrm{Hel}_{50}$,NAC_antisymmetric_BB_contact_survival,antisymmetric_nac_bb,Any 1 antisymmetric NAC BB,chain_pair,all,largest_cluster,2338000.0,4.578125715332143e-05,6.474447476871745e-05,1934.4791075070375,9347.442116882818,7052.98641091508,0.8,8.0,100.0,61,95,3
G2_Wcluster_alhx700,$\mathrm{Hel}_{50}$,NAC_antisymmetric_BB_contact_survival,antisymmetric_nac_bb,Any 1 antisymmetric NAC BB,chain_pair,all,largest_cluster,2339000.0,4.578125715332143e-05,6.474447476871745e-05,1934.4791075070375,9347.442116882818,7052.98641091508,0.8,8.0,100.0,61,95,3
G2_Wcluster_alhx700,$\mathrm{Hel}_{50}$,NAC_antisymmetric_BB_contact_survival,antisymmetric_nac_bb,Any 1 antisymmetric NAC BB,chain_pair,all,largest_cluster,2340000.0,4.578125715332143e-05,6.474447476871745e-05,1934.4791075070375,9347.442116882818,7052.98641091508,0.8,8.0,100.0,61,95,3
G2_Wcluster_alhx700,$\mathrm{Hel}_{50}$,NAC_antisymmetric_BB_contact_survival,antisymmetric_nac_bb,Any 1 antisymmetric NAC BB,chain_pair,all,largest_cluster,2341000.0,4.578125715332143e-05,6.474447476871745e-05,1934.4791075070375,9347.442116882818,7052.98641091508,0.8,8.0,100.0,61,95,3
G2_Wcluster_alhx700,$\mathrm{Hel}_{50}$,NAC_antisymmetric_BB_contact_survival,antisymmetric_nac_bb,Any 1 antisymmetric NAC BB,chain_pair,all,largest_cluster,2342000.0,4.578125715332143e-05,6.474447476871745e-05,1934.4791075070375,9347.442116882818,7052.98641091508,0.8,8.0,100.0,61,95,3
G2_Wcluster_alhx700,$\mathrm{Hel}_{50}$,NAC_antisymmetric_BB_contact_survival,antisymmetric_nac_bb,Any 1 antisymmetric NAC BB,chain_pair,all,largest_cluster,2343000.0,4.578125715332143e-05,6.474447476871745e-05,1934.4791075070375,9347.442116882818,7052.98641091508,0.8,8.0,100.0,61,95,3
G2_Wcluster_alhx700,$\mathrm{Hel}_{50}$,NAC_antisymmetric_BB_contact_survival,antisymmetric_nac_bb,Any 1 antisymmetric NAC BB,chain_pair,all,largest_cluster,2344000.0,4.578125715332143e-05,6.474447476871745e-05,1934.4791075070375,9347.442116882818,7052.98641091508,0.8,8.0,100.0,61,95,3
G2_Wcluster_alhx700,$\mathrm{Hel}_{50}$,NAC_antisymmetric_BB_contact_survival,antisymmetric_nac_bb,Any 1 antisymmetric NAC BB,chain_pair,all,largest_cluster,2345000.0,4.578125715332143e-05,6.474447476871745e-05,1934.4791075070375,9347.442116882818,7052.98641091508,0.8,8.0,100.0,61,95,3
G2_Wcluster_alhx700,$\mathrm{Hel}_{50}$,NAC_antisymmetric_BB_contact_survival,antisymmetric_nac_bb,Any 1 antisymmetric NAC BB,chain_pair,all,largest_cluster,2346000.0,4.578125715332143e-05,6.474447476871745e-05,1934.4791075070375,9347.442116882818,7052.98641091508,0.8,8.0,100.0,61,95,3
G2_Wcluster_alhx700,$\mathrm{Hel}_{50}$,NAC_antisymmetric_BB_contact_survival,antisymmetric_nac_bb,Any 1 antisymmetric NAC BB,chain_pair,all,largest_cluster,2347000.0,4.578125715332143e-05,6.474447476871745e-05,1934.4791075070375,9347.442116882818,7052.98641091508,0.8,8.0,100.0,61,95,3
G2_Wcluster_alhx700,$\mathrm{Hel}_{50}$,NAC_antisymmetric_BB_contact_survival,antisymmetric_nac_bb,Any 1 antisymmetric NAC BB,chain_pair,all,largest_cluster,2348000.0,4.578125715332143e-05,6.474447476871745e-05,1934.4791075070375,9347.442116882818,7052.98641091508,0.8,8.0,100.0,61,95,3
G2_Wcluster_alhx700,$\mathrm{Hel}_{50}$,NAC_antisymmetric_BB_contact_survival,antisymmetric_nac_bb,Any 1 antisymmetric NAC BB,chain_pair,all,largest_cluster,2349000.0,4.578125715332143e-05,6.474447476871745e-05,1934.4791075070375,9347.442116882818,7052.98641091508,0.8,8.0,100.0,61,95,3
G2_Wcluster_alhx700,$\mathrm{Hel}_{50}$,NAC_antisymmetric_BB_contact_survival,antisymmetric_nac_bb,Any 1 antisymmetric NAC BB,chain_pair,all,largest_cluster,2350000.0,4.578125715332143e-05,6.474447476871745e-05,1934.4791075070375,9347.442116882818,7052.98641091508,0.8,8.0,100.0,61,95,3
G2_Wcluster_alhx700,$\mathrm{Hel}_{50}$,NAC_antisymmetric_BB_contact_survival,antisymmetric_nac_bb,Any 1 antisymmetric NAC BB,chain_pair,all,largest_cluster,2351000.0,4.578125715332143e-05,6.474447476871745e-05,1934.4791075070375,9347.442116882818,7052.98641091508,0.8,8.0,100.0,61,95,3
G2_Wcluster_alhx700,$\mathrm{Hel}_{50}$,NAC_antisymmetric_BB_contact_survival,antisymmetric_nac_bb,Any 1 antisymmetric NAC BB,chain_pair,all,largest_cluster,2352000.0,4.578125715332143e-05,6.474447476871745e-05,1934.4791075070375,9347.442116882818,7052.98641091508,0.8,8.0,100.0,61,95,3
G2_Wcluster_alhx700,$\mathrm{Hel}_{50}$,NAC_antisymmetric_BB_contact_survival,antisymmetric_nac_bb,Any 1 antisymmetric NAC BB,chain_pair,all,largest_cluster,2353000.0,4.578125715332143e-05,6.474447476871745e-05,1934.4791075070375,9347.442116882818,7052.98641091508,0.8,8.0,100.0,61,95,3
G2_Wcluster_alhx700,$\mathrm{Hel}_{50}$,NAC_antisymmetric_BB_contact_survival,antisymmetric_nac_bb,Any 1 antisymmetric NAC BB,chain_pair,all,largest_cluster,2354000.0,4.578125715332143e-05,6.474447476871745e-05,1934.4791075070375,9347.442116882818,7052.98641091508,0.8,8.0,100.0,61,95,3
G2_Wcluster_alhx700,$\mathrm{Hel}_{50}$,NAC_antisymmetric_BB_contact_survival,antisymmetric_nac_bb,Any 1 antisymmetric NAC BB,chain_pair,all,largest_cluster,2355000.0,4.578125715332143e-05,6.474447476871745e-05,1934.4791075070375,9347.442116882818,7052.98641091508,0.8,8.0,100.0,61,95,3
G2_Wcluster_alhx700,$\mathrm{Hel}_{50}$,NAC_antisymmetric_BB_contact_survival,antisymmetric_nac_bb,Any 1 antisymmetric NAC BB,chain_pair,all,largest_cluster,2356000.0,4.578125715332143e-05,6.474447476871745e-05,1934.4791075070375,9347.442116882818,7052.98641091508,0.8,8.0,100.0,61,95,3
G2_Wcluster_alhx700,$\mathrm{Hel}_{50}$,NAC_antisymmetric_BB_contact_survival,antisymmetric_nac_bb,Any 1 antisymmetric NAC BB,chain_pair,all,largest_cluster,2357000.0,4.578125715332143e-05,6.474447476871745e-05,1934.4791075070375,9347.442116882818,7052.98641091508,0.8,8.0,100.0,61,95,3
G2_Wcluster_alhx700,$\mathrm{Hel}_{50}$,NAC_antisymmetric_BB_contact_survival,antisymmetric_nac_bb,Any 1 antisymmetric NAC BB,chain_pair,all,largest_cluster,2358000.0,4.578125715332143e-05,6.474447476871745e-05,1934.4791075070375,9347.442116882818,7052.98641091508,0.8,8.0,100.0,61,95,3
G2_Wcluster_alhx700,$\mathrm{Hel}_{50}$,NAC_antisymmetric_BB_contact_survival,antisymmetric_nac_bb,Any 1 antisymmetric NAC BB,chain_pair,all,largest_cluster,2359000.0,4.578125715332143e-05,6.474447476871745e-05,1934.4791075070375,9347.442116882818,7052.98641091508,0.8,8.0,100.0,61,95,3
G2_Wcluster_alhx700,$\mathrm{Hel}_{50}$,NAC_antisymmetric_BB_contact_survival,antisymmetric_nac_bb,Any 1 antisymmetric NAC BB,chain_pair,all,largest_cluster,2360000.0,4.578125715332143e-05,6.474447476871745e-05,1934.4791075070375,9347.442116882818,7052.98641091508,0.8,8.0,100.0,61,95,3
G2_Wcluster_alhx700,$\mathrm{Hel}_{50}$,NAC_antisymmetric_BB_contact_survival,antisymmetric_nac_bb,Any 1 antisymmetric NAC BB,chain_pair,all,largest_cluster,2361000.0,4.578125715332143e-05,6.474447476871745e-05,1934.4791075070375,9347.442116882818,7052.98641091508,0.8,8.0,100.0,61,95,3
G2_Wcluster_alhx700,$\mathrm{Hel}_{50}$,NAC_antisymmetric_BB_contact_survival,antisymmetric_nac_bb,Any 1 antisymmetric NAC BB,chain_pair,all,largest_cluster,2362000.0,4.578125715332143e-05,6.474447476871745e-05,1934.4791075070375,9347.442116882818,7052.98641091508,0.8,8.0,100.0,61,95,3
G2_Wcluster_alhx700,$\mathrm{Hel}_{50}$,NAC_antisymmetric_BB_contact_survival,antisymmetric_nac_bb,Any 1 antisymmetric NAC BB,chain_pair,all,largest_cluster,2363000.0,4.578125715332143e-05,6.474447476871745e-05,1934.4791075070375,9347.442116882818,7052.98641091508,0.8,8.0,100.0,61,95,3
G2_Wcluster_alhx700,$\mathrm{Hel}_{50}$,NAC_antisymmetric_BB_contact_survival,antisymmetric_nac_bb,Any 1 antisymmetric NAC BB,chain_pair,all,largest_cluster,2364000.0,4.578125715332143e-05,6.474447476871745e-05,1934.4791075070375,9347.442116882818,7052.98641091508,0.8,8.0,100.0,61,95,3
G2_Wcluster_alhx700,$\mathrm{Hel}_{50}$,NAC_antisymmetric_BB_contact_survival,antisymmetric_nac_bb,Any 1 antisymmetric NAC BB,chain_pair,all,largest_cluster,2365000.0,4.578125715332143e-05,6.474447476871745e-05,1934.4791075070375,9347.442116882818,7052.98641091508,0.8,8.0,100.0,61,95,3
G2_Wcluster_alhx700,$\mathrm{Hel}_{50}$,NAC_antisymmetric_BB_contact_survival,antisymmetric_nac_bb,Any 1 antisymmetric NAC BB,chain_pair,all,largest_cluster,2366000.0,4.578125715332143e-05,6.474447476871745e-05,1934.4791075070375,9347.442116882818,7052.98641091508,0.8,8.0,100.0,61,95,3
G2_Wcluster_alhx700,$\mathrm{Hel}_{50}$,NAC_antisymmetric_BB_contact_survival,antisymmetric_nac_bb,Any 1 antisymmetric NAC BB,chain_pair,all,largest_cluster,2367000.0,4.578125715332143e-05,6.474447476871745e-05,1934.4791075070375,9347.442116882818,7052.98641091508,0.8,8.0,100.0,61,95,3
G2_Wcluster_alhx700,$\mathrm{Hel}_{50}$,NAC_antisymmetric_BB_contact_survival,antisymmetric_nac_bb,Any 1 antisymmetric NAC BB,chain_pair,all,largest_cluster,2368000.0,4.578125715332143e-05,6.474447476871745e-05,1934.4791075070375,9347.442116882818,7052.98641091508,0.8,8.0,100.0,61,95,3
G2_Wcluster_alhx700,$\mathrm{Hel}_{50}$,NAC_antisymmetric_BB_contact_survival,antisymmetric_nac_bb,Any 1 antisymmetric NAC BB,chain_pair,all,largest_cluster,2369000.0,4.578125715332143e-05,6.474447476871745e-05,1934.4791075070375,9347.442116882818,7052.98641091508,0.8,8.0,100.0,61,95,3
G2_Wcluster_alhx700,$\mathrm{Hel}_{50}$,NAC_antisymmetric_BB_contact_survival,antisymmetric_nac_bb,Any 1 antisymmetric NAC BB,chain_pair,all,largest_cluster,2370000.0,4.578125715332143e-05,6.474447476871745e-05,1934.4791075070375,9347.442116882818,7052.98641091508,0.8,8.0,100.0,61,95,3
G2_Wcluster_alhx700,$\mathrm{Hel}_{50}$,NAC_antisymmetric_BB_contact_survival,antisymmetric_nac_bb,Any 1 antisymmetric NAC BB,chain_pair,all,largest_cluster,2371000.0,4.578125715332143e-05,6.474447476871745e-05,1934.4791075070375,9347.442116882818,7052.98641091508,0.8,8.0,100.0,61,95,3
G2_Wcluster_alhx700,$\mathrm{Hel}_{50}$,NAC_antisymmetric_BB_contact_survival,antisymmetric_nac_bb,Any 1 antisymmetric NAC BB,chain_pair,all,largest_cluster,2372000.0,4.578125715332143e-05,6.474447476871745e-05,1934.4791075070375,9347.442116882818,7052.98641091508,0.8,8.0,100.0,61,95,3
G2_Wcluster_alhx700,$\mathrm{Hel}_{50}$,NAC_antisymmetric_BB_contact_survival,antisymmetric_nac_bb,Any 1 antisymmetric NAC BB,chain_pair,all,largest_cluster,2373000.0,4.578125715332143e-05,6.474447476871745e-05,1934.4791075070375,9347.442116882818,7052.98641091508,0.8,8.0,100.0,61,95,3
G2_Wcluster_alhx700,$\mathrm{Hel}_{50}$,NAC_antisymmetric_BB_contact_survival,antisymmetric_nac_bb,Any 1 antisymmetric NAC BB,chain_pair,all,largest_cluster,2374000.0,4.578125715332143e-05,6.474447476871745e-05,1934.4791075070375,9347.442116882818,7052.98641091508,0.8,8.0,100.0,61,95,3
G2_Wcluster_alhx700,$\mathrm{Hel}_{50}$,NAC_antisymmetric_BB_contact_survival,antisymmetric_nac_bb,Any 1 antisymmetric NAC BB,chain_pair,all,largest_cluster,2375000.0,4.578125715332143e-05,6.474447476871745e-05,1934.4791075070375,9347.442116882818,7052.98641091508,0.8,8.0,100.0,61,95,3
G2_Wcluster_alhx700,$\mathrm{Hel}_{50}$,NAC_antisymmetric_BB_contact_survival,antisymmetric_nac_bb,Any 1 antisymmetric NAC BB,chain_pair,all,largest_cluster,2376000.0,4.578125715332143e-05,6.474447476871745e-05,1934.4791075070375,9347.442116882818,7052.98641091508,0.8,8.0,100.0,61,95,3
G2_Wcluster_alhx700,$\mathrm{Hel}_{50}$,NAC_antisymmetric_BB_contact_survival,antisymmetric_nac_bb,Any 1 antisymmetric NAC BB,chain_pair,all,largest_cluster,2377000.0,4.578125715332143e-05,6.474447476871745e-05,1934.4791075070375,9347.442116882818,7052.98641091508,0.8,8.0,100.0,61,95,3
G2_Wcluster_alhx700,$\mathrm{Hel}_{50}$,NAC_antisymmetric_BB_contact_survival,antisymmetric_nac_bb,Any 1 antisymmetric NAC BB,chain_pair,all,largest_cluster,2378000.0,4.578125715332143e-05,6.474447476871745e-05,1934.4791075070375,9347.442116882818,7052.98641091508,0.8,8.0,100.0,61,95,3
G2_Wcluster_alhx700,$\mathrm{Hel}_{50}$,NAC_antisymmetric_BB_contact_survival,antisymmetric_nac_bb,Any 1 antisymmetric NAC BB,chain_pair,all,largest_cluster,2379000.0,4.578125715332143e-05,6.474447476871745e-05,1934.4791075070375,9347.442116882818,7052.98641091508,0.8,8.0,100.0,61,95,3
G2_Wcluster_alhx700,$\mathrm{Hel}_{50}$,NAC_antisymmetric_BB_contact_survival,antisymmetric_nac_bb,Any 1 antisymmetric NAC BB,chain_pair,all,largest_cluster,2380000.0,4.578125715332143e-05,6.474447476871745e-05,1934.4791075070375,9347.442116882818,7052.98641091508,0.8,8.0,100.0,61,95,3
G2_Wcluster_alhx700,$\mathrm{Hel}_{50}$,NAC_antisymmetric_BB_contact_survival,antisymmetric_nac_bb,Any 1 antisymmetric NAC BB,chain_pair,all,largest_cluster,2381000.0,4.578125715332143e-05,6.474447476871745e-05,1934.4791075070375,9347.442116882818,7052.98641091508,0.8,8.0,100.0,61,95,3
G2_Wcluster_alhx700,$\mathrm{Hel}_{50}$,NAC_antisymmetric_BB_contact_survival,antisymmetric_nac_bb,Any 1 antisymmetric NAC BB,chain_pair,all,largest_cluster,2382000.0,4.578125715332143e-05,6.474447476871745e-05,1934.4791075070375,9347.442116882818,7052.98641091508,0.8,8.0,100.0,61,95,3
G2_Wcluster_alhx700,$\mathrm{Hel}_{50}$,NAC_antisymmetric_BB_contact_survival,antisymmetric_nac_bb,Any 1 antisymmetric NAC BB,chain_pair,all,largest_cluster,2383000.0,4.578125715332143e-05,6.474447476871745e-05,1934.4791075070375,9347.442116882818,7052.98641091508,0.8,8.0,100.0,61,95,3
G2_Wcluster_alhx700,$\mathrm{Hel}_{50}$,NAC_antisymmetric_BB_contact_survival,antisymmetric_nac_bb,Any 1 antisymmetric NAC BB,chain_pair,all,largest_cluster,2384000.0,4.578125715332143e-05,6.474447476871745e-05,1934.4791075070375,9347.442116882818,7052.98641091508,0.8,8.0,100.0,61,95,3
G2_Wcluster_alhx700,$\mathrm{Hel}_{50}$,NAC_antisymmetric_BB_contact_survival,antisymmetric_nac_bb,Any 1 antisymmetric NAC BB,chain_pair,all,largest_cluster,2385000.0,4.578125715332143e-05,6.474447476871745e-05,1934.4791075070375,9347.442116882818,7052.98641091508,0.8,8.0,100.0,61,95,3
G2_Wcluster_alhx700,$\mathrm{Hel}_{50}$,NAC_antisymmetric_BB_contact_survival,antisymmetric_nac_bb,Any 1 antisymmetric NAC BB,chain_pair,all,largest_cluster,2386000.0,4.578125715332143e-05,6.474447476871745e-05,1934.4791075070375,9347.442116882818,7052.98641091508,0.8,8.0,100.0,61,95,3
G2_Wcluster_alhx700,$\mathrm{Hel}_{50}$,NAC_antisymmetric_BB_contact_survival,antisymmetric_nac_bb,Any 1 antisymmetric NAC BB,chain_pair,all,largest_cluster,2387000.0,4.578125715332143e-05,6.474447476871745e-05,1934.4791075070375,9347.442116882818,7052.98641091508,0.8,8.0,100.0,61,95,3
G2_Wcluster_alhx700,$\mathrm{Hel}_{50}$,NAC_antisymmetric_BB_contact_survival,antisymmetric_nac_bb,Any 1 antisymmetric NAC BB,chain_pair,all,largest_cluster,2388000.0,4.578125715332143e-05,6.474447476871745e-05,1934.4791075070375,9347.442116882818,7052.98641091508,0.8,8.0,100.0,61,95,3
G2_Wcluster_alhx700,$\mathrm{Hel}_{50}$,NAC_antisymmetric_BB_contact_survival,antisymmetric_nac_bb,Any 1 antisymmetric NAC BB,chain_pair,all,largest_cluster,2389000.0,4.578125715332143e-05,6.474447476871745e-05,1934.4791075070375,9347.442116882818,7052.98641091508,0.8,8.0,100.0,61,95,3
G2_Wcluster_alhx700,$\mathrm{Hel}_{50}$,NAC_antisymmetric_BB_contact_survival,antisymmetric_nac_bb,Any 1 antisymmetric NAC BB,chain_pair,all,largest_cluster,2390000.0,4.578125715332143e-05,6.474447476871745e-05,1934.4791075070375,9347.442116882818,7052.98641091508,0.8,8.0,100.0,61,95,3
G2_Wcluster_alhx700,$\mathrm{Hel}_{50}$,NAC_antisymmetric_BB_contact_survival,antisymmetric_nac_bb,Any 1 antisymmetric NAC BB,chain_pair,all,largest_cluster,2391000.0,4.578125715332143e-05,6.474447476871745e-05,1934.4791075070375,9347.442116882818,7052.98641091508,0.8,8.0,100.0,61,95,3
G2_Wcluster_alhx700,$\mathrm{Hel}_{50}$,NAC_antisymmetric_BB_contact_survival,antisymmetric_nac_bb,Any 1 antisymmetric NAC BB,chain_pair,all,largest_cluster,2392000.0,4.578125715332143e-05,6.474447476871745e-05,1934.4791075070375,9347.442116882818,7052.98641091508,0.8,8.0,100.0,61,95,3
G2_Wcluster_alhx700,$\mathrm{Hel}_{50}$,NAC_antisymmetric_BB_contact_survival,antisymmetric_nac_bb,Any 1 antisymmetric NAC BB,chain_pair,all,largest_cluster,2393000.0,4.578125715332143e-05,6.474447476871745e-05,1934.4791075070375,9347.442116882818,7052.98641091508,0.8,8.0,100.0,61,95,3
G2_Wcluster_alhx700,$\mathrm{Hel}_{50}$,NAC_antisymmetric_BB_contact_survival,antisymmetric_nac_bb,Any 1 antisymmetric NAC BB,chain_pair,all,largest_cluster,2394000.0,4.578125715332143e-05,6.474447476871745e-05,1934.4791075070375,9347.442116882818,7052.98641091508,0.8,8.0,100.0,61,95,3
G2_Wcluster_alhx700,$\mathrm{Hel}_{50}$,NAC_antisymmetric_BB_contact_survival,antisymmetric_nac_bb,Any 1 antisymmetric NAC BB,chain_pair,all,largest_cluster,2395000.0,4.578125715332143e-05,6.474447476871745e-05,1934.4791075070375,9347.442116882818,7052.98641091508,0.8,8.0,100.0,61,95,3
G2_Wcluster_alhx700,$\mathrm{Hel}_{50}$,NAC_antisymmetric_BB_contact_survival,antisymmetric_nac_bb,Any 1 antisymmetric NAC BB,chain_pair,all,largest_cluster,2396000.0,4.578125715332143e-05,6.474447476871745e-05,1934.4791075070375,9347.442116882818,7052.98641091508,0.8,8.0,100.0,61,95,3
G2_Wcluster_alhx700,$\mathrm{Hel}_{50}$,NAC_antisymmetric_BB_contact_survival,antisymmetric_nac_bb,Any 1 antisymmetric NAC BB,chain_pair,all,largest_cluster,2397000.0,4.578125715332143e-05,6.474447476871745e-05,1934.4791075070375,9347.442116882818,7052.98641091508,0.8,8.0,100.0,61,95,3
G2_Wcluster_alhx700,$\mathrm{Hel}_{50}$,NAC_antisymmetric_BB_contact_survival,antisymmetric_nac_bb,Any 1 antisymmetric NAC BB,chain_pair,all,largest_cluster,2398000.0,4.578125715332143e-05,6.474447476871745e-05,1934.4791075070375,9347.442116882818,7052.98641091508,0.8,8.0,100.0,61,95,3
G2_Wcluster_alhx700,$\mathrm{Hel}_{50}$,NAC_antisymmetric_BB_contact_survival,antisymmetric_nac_bb,Any 1 antisymmetric NAC BB,chain_pair,all,largest_cluster,2399000.0,4.578125715332143e-05,6.474447476871745e-05,1934.4791075070375,9347.442116882818,7052.98641091508,0.8,8.0,100.0,61,95,3
G2_Wcluster_alhx700,$\mathrm{Hel}_{50}$,NAC_antisymmetric_BB_contact_survival,antisymmetric_nac_bb,Any 1 antisymmetric NAC BB,chain_pair,all,largest_cluster,2400000.0,4.578125715332143e-05,6.474447476871745e-05,1934.4791075070375,9347.442116882818,7052.98641091508,0.8,8.0,100.0,61,95,3
G2_Wcluster_alhx700,$\mathrm{Hel}_{50}$,NAC_antisymmetric_BB_contact_survival,antisymmetric_nac_bb,Any 1 antisymmetric NAC BB,chain_pair,all,largest_cluster,2401000.0,4.578125715332143e-05,6.474447476871745e-05,1934.4791075070375,9347.442116882818,7052.98641091508,0.8,8.0,100.0,61,95,3
G2_Wcluster_alhx700,$\mathrm{Hel}_{50}$,NAC_antisymmetric_BB_contact_survival,antisymmetric_nac_bb,Any 1 antisymmetric NAC BB,chain_pair,all,largest_cluster,2402000.0,4.578125715332143e-05,6.474447476871745e-05,1934.4791075070375,9347.442116882818,7052.98641091508,0.8,8.0,100.0,61,95,3
G2_Wcluster_alhx700,$\mathrm{Hel}_{50}$,NAC_antisymmetric_BB_contact_survival,antisymmetric_nac_bb,Any 1 antisymmetric NAC BB,chain_pair,all,largest_cluster,2403000.0,4.578125715332143e-05,6.474447476871745e-05,1934.4791075070375,9347.442116882818,7052.98641091508,0.8,8.0,100.0,61,95,3
G2_Wcluster_alhx700,$\mathrm{Hel}_{50}$,NAC_antisymmetric_BB_contact_survival,antisymmetric_nac_bb,Any 1 antisymmetric NAC BB,chain_pair,all,largest_cluster,2404000.0,4.578125715332143e-05,6.474447476871745e-05,1934.4791075070375,9347.442116882818,7052.98641091508,0.8,8.0,100.0,61,95,3
G2_Wcluster_alhx700,$\mathrm{Hel}_{50}$,NAC_antisymmetric_BB_contact_survival,antisymmetric_nac_bb,Any 1 antisymmetric NAC BB,chain_pair,all,largest_cluster,2405000.0,4.578125715332143e-05,6.474447476871745e-05,1934.4791075070375,9347.442116882818,7052.98641091508,0.8,8.0,100.0,61,95,3
G2_Wcluster_alhx700,$\mathrm{Hel}_{50}$,NAC_antisymmetric_BB_contact_survival,antisymmetric_nac_bb,Any 1 antisymmetric NAC BB,chain_pair,all,largest_cluster,2406000.0,4.578125715332143e-05,6.474447476871745e-05,1934.4791075070375,9347.442116882818,7052.98641091508,0.8,8.0,100.0,61,95,3
G2_Wcluster_alhx700,$\mathrm{Hel}_{50}$,NAC_antisymmetric_BB_contact_survival,antisymmetric_nac_bb,Any 1 antisymmetric NAC BB,chain_pair,all,largest_cluster,2407000.0,4.578125715332143e-05,6.474447476871745e-05,1934.4791075070375,9347.442116882818,7052.98641091508,0.8,8.0,100.0,61,95,3
G2_Wcluster_alhx700,$\mathrm{Hel}_{50}$,NAC_antisymmetric_BB_contact_survival,antisymmetric_nac_bb,Any 1 antisymmetric NAC BB,chain_pair,all,largest_cluster,2408000.0,4.578125715332143e-05,6.474447476871745e-05,1934.4791075070375,9347.442116882818,7052.98641091508,0.8,8.0,100.0,61,95,3
G2_Wcluster_alhx700,$\mathrm{Hel}_{50}$,NAC_antisymmetric_BB_contact_survival,antisymmetric_nac_bb,Any 1 antisymmetric NAC BB,chain_pair,all,largest_cluster,2409000.0,4.578125715332143e-05,6.474447476871745e-05,1934.4791075070375,9347.442116882818,7052.98641091508,0.8,8.0,100.0,61,95,3
G2_Wcluster_alhx700,$\mathrm{Hel}_{50}$,NAC_antisymmetric_BB_contact_survival,antisymmetric_nac_bb,Any 1 antisymmetric NAC BB,chain_pair,all,largest_cluster,2410000.0,4.578125715332143e-05,6.474447476871745e-05,1934.4791075070375,9347.442116882818,7052.98641091508,0.8,8.0,100.0,61,95,3
G2_Wcluster_alhx700,$\mathrm{Hel}_{50}$,NAC_antisymmetric_BB_contact_survival,antisymmetric_nac_bb,Any 1 antisymmetric NAC BB,chain_pair,all,largest_cluster,2411000.0,4.578125715332143e-05,6.474447476871745e-05,1934.4791075070375,9347.442116882818,7052.98641091508,0.8,8.0,100.0,61,95,3
G2_Wcluster_alhx700,$\mathrm{Hel}_{50}$,NAC_antisymmetric_BB_contact_survival,antisymmetric_nac_bb,Any 1 antisymmetric NAC BB,chain_pair,all,largest_cluster,2412000.0,4.578125715332143e-05,6.474447476871745e-05,1934.4791075070375,9347.442116882818,7052.98641091508,0.8,8.0,100.0,61,95,3
G2_Wcluster_alhx700,$\mathrm{Hel}_{50}$,NAC_antisymmetric_BB_contact_survival,antisymmetric_nac_bb,Any 1 antisymmetric NAC BB,chain_pair,all,largest_cluster,2413000.0,4.578125715332143e-05,6.474447476871745e-05,1934.4791075070375,9347.442116882818,7052.98641091508,0.8,8.0,100.0,61,95,3
G2_Wcluster_alhx700,$\mathrm{Hel}_{50}$,NAC_antisymmetric_BB_contact_survival,antisymmetric_nac_bb,Any 1 antisymmetric NAC BB,chain_pair,all,largest_cluster,2414000.0,4.578125715332143e-05,6.474447476871745e-05,1934.4791075070375,9347.442116882818,7052.98641091508,0.8,8.0,100.0,61,95,3
G2_Wcluster_alhx700,$\mathrm{Hel}_{50}$,NAC_antisymmetric_BB_contact_survival,antisymmetric_nac_bb,Any 1 antisymmetric NAC BB,chain_pair,all,largest_cluster,2415000.0,4.578125715332143e-05,6.474447476871745e-05,1934.4791075070375,9347.442116882818,7052.98641091508,0.8,8.0,100.0,61,95,3
G2_Wcluster_alhx700,$\mathrm{Hel}_{50}$,NAC_antisymmetric_BB_contact_survival,antisymmetric_nac_bb,Any 1 antisymmetric NAC BB,chain_pair,all,largest_cluster,2416000.0,4.578125715332143e-05,6.474447476871745e-05,1934.4791075070375,9347.442116882818,7052.98641091508,0.8,8.0,100.0,61,95,3
G2_Wcluster_alhx700,$\mathrm{Hel}_{50}$,NAC_antisymmetric_BB_contact_survival,antisymmetric_nac_bb,Any 1 antisymmetric NAC BB,chain_pair,all,largest_cluster,2417000.0,4.578125715332143e-05,6.474447476871745e-05,1934.4791075070375,9347.442116882818,7052.98641091508,0.8,8.0,100.0,61,95,3
G2_Wcluster_alhx700,$\mathrm{Hel}_{50}$,NAC_antisymmetric_BB_contact_survival,antisymmetric_nac_bb,Any 1 antisymmetric NAC BB,chain_pair,all,largest_cluster,2418000.0,4.578125715332143e-05,6.474447476871745e-05,1934.4791075070375,9347.442116882818,7052.98641091508,0.8,8.0,100.0,61,95,3
G2_Wcluster_alhx700,$\mathrm{Hel}_{50}$,NAC_antisymmetric_BB_contact_survival,antisymmetric_nac_bb,Any 1 antisymmetric NAC BB,chain_pair,all,largest_cluster,2419000.0,4.578125715332143e-05,6.474447476871745e-05,1934.4791075070375,9347.442116882818,7052.98641091508,0.8,8.0,100.0,61,95,3
G2_Wcluster_alhx700,$\mathrm{Hel}_{50}$,NAC_antisymmetric_BB_contact_survival,antisymmetric_nac_bb,Any 1 antisymmetric NAC BB,chain_pair,all,largest_cluster,2420000.0,4.578125715332143e-05,6.474447476871745e-05,1934.4791075070375,9347.442116882818,7052.98641091508,0.8,8.0,100.0,61,95,3
G2_Wcluster_alhx700,$\mathrm{Hel}_{50}$,NAC_antisymmetric_BB_contact_survival,antisymmetric_nac_bb,Any 1 antisymmetric NAC BB,chain_pair,all,largest_cluster,2421000.0,4.578125715332143e-05,6.474447476871745e-05,1934.4791075070375,9347.442116882818,7052.98641091508,0.8,8.0,100.0,61,95,3
G2_Wcluster_alhx700,$\mathrm{Hel}_{50}$,NAC_antisymmetric_BB_contact_survival,antisymmetric_nac_bb,Any 1 antisymmetric NAC BB,chain_pair,all,largest_cluster,2422000.0,4.578125715332143e-05,6.474447476871745e-05,1934.4791075070375,9347.442116882818,7052.98641091508,0.8,8.0,100.0,61,95,3
G2_Wcluster_alhx700,$\mathrm{Hel}_{50}$,NAC_antisymmetric_BB_contact_survival,antisymmetric_nac_bb,Any 1 antisymmetric NAC BB,chain_pair,all,largest_cluster,2423000.0,4.578125715332143e-05,6.474447476871745e-05,1934.4791075070375,9347.442116882818,7052.98641091508,0.8,8.0,100.0,61,95,3
G2_Wcluster_alhx700,$\mathrm{Hel}_{50}$,NAC_antisymmetric_BB_contact_survival,antisymmetric_nac_bb,Any 1 antisymmetric NAC BB,chain_pair,all,largest_cluster,2424000.0,4.578125715332143e-05,6.474447476871745e-05,1934.4791075070375,9347.442116882818,7052.98641091508,0.8,8.0,100.0,61,95,3
G2_Wcluster_alhx700,$\mathrm{Hel}_{50}$,NAC_antisymmetric_BB_contact_survival,antisymmetric_nac_bb,Any 1 antisymmetric NAC BB,chain_pair,all,largest_cluster,2425000.0,4.578125715332143e-05,6.474447476871745e-05,1934.4791075070375,9347.442116882818,7052.98641091508,0.8,8.0,100.0,61,95,3
G2_Wcluster_alhx700,$\mathrm{Hel}_{50}$,NAC_antisymmetric_BB_contact_survival,antisymmetric_nac_bb,Any 1 antisymmetric NAC BB,chain_pair,all,largest_cluster,2426000.0,4.578125715332143e-05,6.474447476871745e-05,1934.4791075070375,9347.442116882818,7052.98641091508,0.8,8.0,100.0,61,95,3
G2_Wcluster_alhx700,$\mathrm{Hel}_{50}$,NAC_antisymmetric_BB_contact_survival,antisymmetric_nac_bb,Any 1 antisymmetric NAC BB,chain_pair,all,largest_cluster,2427000.0,4.578125715332143e-05,6.474447476871745e-05,1934.4791075070375,9347.442116882818,7052.98641091508,0.8,8.0,100.0,61,95,3
G2_Wcluster_alhx700,$\mathrm{Hel}_{50}$,NAC_antisymmetric_BB_contact_survival,antisymmetric_nac_bb,Any 1 antisymmetric NAC BB,chain_pair,all,largest_cluster,2428000.0,4.578125715332143e-05,6.474447476871745e-05,1934.4791075070375,9347.442116882818,7052.98641091508,0.8,8.0,100.0,61,95,3
G2_Wcluster_alhx700,$\mathrm{Hel}_{50}$,NAC_antisymmetric_BB_contact_survival,antisymmetric_nac_bb,Any 1 antisymmetric NAC BB,chain_pair,all,largest_cluster,2429000.0,4.578125715332143e-05,6.474447476871745e-05,1934.4791075070375,9347.442116882818,7052.98641091508,0.8,8.0,100.0,61,95,3
G2_Wcluster_alhx700,$\mathrm{Hel}_{50}$,NAC_antisymmetric_BB_contact_survival,antisymmetric_nac_bb,Any 1 antisymmetric NAC BB,chain_pair,all,largest_cluster,2430000.0,4.578125715332143e-05,6.474447476871745e-05,1934.4791075070375,9347.442116882818,7052.98641091508,0.8,8.0,100.0,61,95,3
G2_Wcluster_alhx700,$\mathrm{Hel}_{50}$,NAC_antisymmetric_BB_contact_survival,antisymmetric_nac_bb,Any 1 antisymmetric NAC BB,chain_pair,all,largest_cluster,2431000.0,4.578125715332143e-05,6.474447476871745e-05,1934.4791075070375,9347.442116882818,7052.98641091508,0.8,8.0,100.0,61,95,3
G2_Wcluster_alhx700,$\mathrm{Hel}_{50}$,NAC_antisymmetric_BB_contact_survival,antisymmetric_nac_bb,Any 1 antisymmetric NAC BB,chain_pair,all,largest_cluster,2432000.0,4.578125715332143e-05,6.474447476871745e-05,1934.4791075070375,9347.442116882818,7052.98641091508,0.8,8.0,100.0,61,95,3
G2_Wcluster_alhx700,$\mathrm{Hel}_{50}$,NAC_antisymmetric_BB_contact_survival,antisymmetric_nac_bb,Any 1 antisymmetric NAC BB,chain_pair,all,largest_cluster,2433000.0,4.578125715332143e-05,6.474447476871745e-05,1934.4791075070375,9347.442116882818,7052.98641091508,0.8,8.0,100.0,61,95,3
G2_Wcluster_alhx700,$\mathrm{Hel}_{50}$,NAC_antisymmetric_BB_contact_survival,antisymmetric_nac_bb,Any 1 antisymmetric NAC BB,chain_pair,all,largest_cluster,2434000.0,4.578125715332143e-05,6.474447476871745e-05,1934.4791075070375,9347.442116882818,7052.98641091508,0.8,8.0,100.0,61,95,3
G2_Wcluster_alhx700,$\mathrm{Hel}_{50}$,NAC_antisymmetric_BB_contact_survival,antisymmetric_nac_bb,Any 1 antisymmetric NAC BB,chain_pair,all,largest_cluster,2435000.0,4.578125715332143e-05,6.474447476871745e-05,1934.4791075070375,9347.442116882818,7052.98641091508,0.8,8.0,100.0,61,95,3
G2_Wcluster_alhx700,$\mathrm{Hel}_{50}$,NAC_antisymmetric_BB_contact_survival,antisymmetric_nac_bb,Any 1 antisymmetric NAC BB,chain_pair,all,largest_cluster,2436000.0,4.578125715332143e-05,6.474447476871745e-05,1934.4791075070375,9347.442116882818,7052.98641091508,0.8,8.0,100.0,61,95,3
G2_Wcluster_alhx700,$\mathrm{Hel}_{50}$,NAC_antisymmetric_BB_contact_survival,antisymmetric_nac_bb,Any 1 antisymmetric NAC BB,chain_pair,all,largest_cluster,2437000.0,4.578125715332143e-05,6.474447476871745e-05,1934.4791075070375,9347.442116882818,7052.98641091508,0.8,8.0,100.0,61,95,3
G2_Wcluster_alhx700,$\mathrm{Hel}_{50}$,NAC_antisymmetric_BB_contact_survival,antisymmetric_nac_bb,Any 1 antisymmetric NAC BB,chain_pair,all,largest_cluster,2438000.0,4.578125715332143e-05,6.474447476871745e-05,1934.4791075070375,9347.442116882818,7052.98641091508,0.8,8.0,100.0,61,95,3
G2_Wcluster_alhx700,$\mathrm{Hel}_{50}$,NAC_antisymmetric_BB_contact_survival,antisymmetric_nac_bb,Any 1 antisymmetric NAC BB,chain_pair,all,largest_cluster,2439000.0,4.578125715332143e-05,6.474447476871745e-05,1934.4791075070375,9347.442116882818,7052.98641091508,0.8,8.0,100.0,61,95,3
G2_Wcluster_alhx700,$\mathrm{Hel}_{50}$,NAC_antisymmetric_BB_contact_survival,antisymmetric_nac_bb,Any 1 antisymmetric NAC BB,chain_pair,all,largest_cluster,2440000.0,4.578125715332143e-05,6.474447476871745e-05,1934.4791075070375,9347.442116882818,7052.98641091508,0.8,8.0,100.0,61,95,3
G2_Wcluster_alhx700,$\mathrm{Hel}_{50}$,NAC_antisymmetric_BB_contact_survival,antisymmetric_nac_bb,Any 1 antisymmetric NAC BB,chain_pair,all,largest_cluster,2441000.0,4.578125715332143e-05,6.474447476871745e-05,1934.4791075070375,9347.442116882818,7052.98641091508,0.8,8.0,100.0,61,95,3
G2_Wcluster_alhx700,$\mathrm{Hel}_{50}$,NAC_antisymmetric_BB_contact_survival,antisymmetric_nac_bb,Any 1 antisymmetric NAC BB,chain_pair,all,largest_cluster,2442000.0,4.578125715332143e-05,6.474447476871745e-05,1934.4791075070375,9347.442116882818,7052.98641091508,0.8,8.0,100.0,61,95,3
G2_Wcluster_alhx700,$\mathrm{Hel}_{50}$,NAC_antisymmetric_BB_contact_survival,antisymmetric_nac_bb,Any 1 antisymmetric NAC BB,chain_pair,all,largest_cluster,2443000.0,4.578125715332143e-05,6.474447476871745e-05,1934.4791075070375,9347.442116882818,7052.98641091508,0.8,8.0,100.0,61,95,3
G2_Wcluster_alhx700,$\mathrm{Hel}_{50}$,NAC_antisymmetric_BB_contact_survival,antisymmetric_nac_bb,Any 1 antisymmetric NAC BB,chain_pair,all,largest_cluster,2444000.0,4.578125715332143e-05,6.474447476871745e-05,1934.4791075070375,9347.442116882818,7052.98641091508,0.8,8.0,100.0,61,95,3
G2_Wcluster_alhx700,$\mathrm{Hel}_{50}$,NAC_antisymmetric_BB_contact_survival,antisymmetric_nac_bb,Any 1 antisymmetric NAC BB,chain_pair,all,largest_cluster,2445000.0,4.578125715332143e-05,6.474447476871745e-05,1934.4791075070375,9347.442116882818,7052.98641091508,0.8,8.0,100.0,61,95,3
G2_Wcluster_alhx700,$\mathrm{Hel}_{50}$,NAC_antisymmetric_BB_contact_survival,antisymmetric_nac_bb,Any 1 antisymmetric NAC BB,chain_pair,all,largest_cluster,2446000.0,4.578125715332143e-05,6.474447476871745e-05,1934.4791075070375,9347.442116882818,7052.98641091508,0.8,8.0,100.0,61,95,3
G2_Wcluster_alhx700,$\mathrm{Hel}_{50}$,NAC_antisymmetric_BB_contact_survival,antisymmetric_nac_bb,Any 1 antisymmetric NAC BB,chain_pair,all,largest_cluster,2447000.0,4.578125715332143e-05,6.474447476871745e-05,1934.4791075070375,9347.442116882818,7052.98641091508,0.8,8.0,100.0,61,95,3
G2_Wcluster_alhx700,$\mathrm{Hel}_{50}$,NAC_antisymmetric_BB_contact_survival,antisymmetric_nac_bb,Any 1 antisymmetric NAC BB,chain_pair,all,largest_cluster,2448000.0,4.578125715332143e-05,6.474447476871745e-05,1934.4791075070375,9347.442116882818,7052.98641091508,0.8,8.0,100.0,61,95,3
G2_Wcluster_alhx700,$\mathrm{Hel}_{50}$,NAC_antisymmetric_BB_contact_survival,antisymmetric_nac_bb,Any 1 antisymmetric NAC BB,chain_pair,all,largest_cluster,2449000.0,4.578125715332143e-05,6.474447476871745e-05,1934.4791075070375,9347.442116882818,7052.98641091508,0.8,8.0,100.0,61,95,3
G2_Wcluster_alhx700,$\mathrm{Hel}_{50}$,NAC_antisymmetric_BB_contact_survival,antisymmetric_nac_bb,Any 1 antisymmetric NAC BB,chain_pair,all,largest_cluster,2450000.0,4.578125715332143e-05,6.474447476871745e-05,1934.4791075070375,9347.442116882818,7052.98641091508,0.8,8.0,100.0,61,95,3
G2_Wcluster_alhx700,$\mathrm{Hel}_{50}$,NAC_antisymmetric_BB_contact_survival,antisymmetric_nac_bb,Any 1 antisymmetric NAC BB,chain_pair,all,largest_cluster,2451000.0,4.578125715332143e-05,6.474447476871745e-05,1934.4791075070375,9347.442116882818,7052.98641091508,0.8,8.0,100.0,61,95,3
G2_Wcluster_alhx700,$\mathrm{Hel}_{50}$,NAC_antisymmetric_BB_contact_survival,antisymmetric_nac_bb,Any 1 antisymmetric NAC BB,chain_pair,all,largest_cluster,2452000.0,4.578125715332143e-05,6.474447476871745e-05,1934.4791075070375,9347.442116882818,7052.98641091508,0.8,8.0,100.0,61,95,3
G2_Wcluster_alhx700,$\mathrm{Hel}_{50}$,NAC_antisymmetric_BB_contact_survival,antisymmetric_nac_bb,Any 1 antisymmetric NAC BB,chain_pair,all,largest_cluster,2453000.0,4.578125715332143e-05,6.474447476871745e-05,1934.4791075070375,9347.442116882818,7052.98641091508,0.8,8.0,100.0,61,95,3
G2_Wcluster_alhx700,$\mathrm{Hel}_{50}$,NAC_antisymmetric_BB_contact_survival,antisymmetric_nac_bb,Any 1 antisymmetric NAC BB,chain_pair,all,largest_cluster,2454000.0,4.578125715332143e-05,6.474447476871745e-05,1934.4791075070375,9347.442116882818,7052.98641091508,0.8,8.0,100.0,61,95,3
G2_Wcluster_alhx700,$\mathrm{Hel}_{50}$,NAC_antisymmetric_BB_contact_survival,antisymmetric_nac_bb,Any 1 antisymmetric NAC BB,chain_pair,all,largest_cluster,2455000.0,4.578125715332143e-05,6.474447476871745e-05,1934.4791075070375,9347.442116882818,7052.98641091508,0.8,8.0,100.0,61,95,3
G2_Wcluster_alhx700,$\mathrm{Hel}_{50}$,NAC_antisymmetric_BB_contact_survival,antisymmetric_nac_bb,Any 1 antisymmetric NAC BB,chain_pair,all,largest_cluster,2456000.0,4.578125715332143e-05,6.474447476871745e-05,1934.4791075070375,9347.442116882818,7052.98641091508,0.8,8.0,100.0,61,95,3
G2_Wcluster_alhx700,$\mathrm{Hel}_{50}$,NAC_antisymmetric_BB_contact_survival,antisymmetric_nac_bb,Any 1 antisymmetric NAC BB,chain_pair,all,largest_cluster,2457000.0,4.578125715332143e-05,6.474447476871745e-05,1934.4791075070375,9347.442116882818,7052.98641091508,0.8,8.0,100.0,61,95,3
G2_Wcluster_alhx700,$\mathrm{Hel}_{50}$,NAC_antisymmetric_BB_contact_survival,antisymmetric_nac_bb,Any 1 antisymmetric NAC BB,chain_pair,all,largest_cluster,2458000.0,4.578125715332143e-05,6.474447476871745e-05,1934.4791075070375,9347.442116882818,7052.98641091508,0.8,8.0,100.0,61,95,3
G2_Wcluster_alhx700,$\mathrm{Hel}_{50}$,NAC_antisymmetric_BB_contact_survival,antisymmetric_nac_bb,Any 1 antisymmetric NAC BB,chain_pair,all,largest_cluster,2459000.0,4.578125715332143e-05,6.474447476871745e-05,1934.4791075070375,9347.442116882818,7052.98641091508,0.8,8.0,100.0,61,95,3
G2_Wcluster_alhx700,$\mathrm{Hel}_{50}$,NAC_antisymmetric_BB_contact_survival,antisymmetric_nac_bb,Any 1 antisymmetric NAC BB,chain_pair,all,largest_cluster,2460000.0,4.578125715332143e-05,6.474447476871745e-05,1934.4791075070375,9347.442116882818,7052.98641091508,0.8,8.0,100.0,61,95,3
G2_Wcluster_alhx700,$\mathrm{Hel}_{50}$,NAC_antisymmetric_BB_contact_survival,antisymmetric_nac_bb,Any 1 antisymmetric NAC BB,chain_pair,all,largest_cluster,2461000.0,4.578125715332143e-05,6.474447476871745e-05,1934.4791075070375,9347.442116882818,7052.98641091508,0.8,8.0,100.0,61,95,3
G2_Wcluster_alhx700,$\mathrm{Hel}_{50}$,NAC_antisymmetric_BB_contact_survival,antisymmetric_nac_bb,Any 1 antisymmetric NAC BB,chain_pair,all,largest_cluster,2462000.0,4.578125715332143e-05,6.474447476871745e-05,1934.4791075070375,9347.442116882818,7052.98641091508,0.8,8.0,100.0,61,95,3
G2_Wcluster_alhx700,$\mathrm{Hel}_{50}$,NAC_antisymmetric_BB_contact_survival,antisymmetric_nac_bb,Any 1 antisymmetric NAC BB,chain_pair,all,largest_cluster,2463000.0,4.578125715332143e-05,6.474447476871745e-05,1934.4791075070375,9347.442116882818,7052.98641091508,0.8,8.0,100.0,61,95,3
G2_Wcluster_alhx700,$\mathrm{Hel}_{50}$,NAC_antisymmetric_BB_contact_survival,antisymmetric_nac_bb,Any 1 antisymmetric NAC BB,chain_pair,all,largest_cluster,2464000.0,4.578125715332143e-05,6.474447476871745e-05,1934.4791075070375,9347.442116882818,7052.98641091508,0.8,8.0,100.0,61,95,3
G2_Wcluster_alhx700,$\mathrm{Hel}_{50}$,NAC_antisymmetric_BB_contact_survival,antisymmetric_nac_bb,Any 1 antisymmetric NAC BB,chain_pair,all,largest_cluster,2465000.0,4.578125715332143e-05,6.474447476871745e-05,1934.4791075070375,9347.442116882818,7052.98641091508,0.8,8.0,100.0,61,95,3
G2_Wcluster_alhx700,$\mathrm{Hel}_{50}$,NAC_antisymmetric_BB_contact_survival,antisymmetric_nac_bb,Any 1 antisymmetric NAC BB,chain_pair,all,largest_cluster,2466000.0,4.578125715332143e-05,6.474447476871745e-05,1934.4791075070375,9347.442116882818,7052.98641091508,0.8,8.0,100.0,61,95,3
G2_Wcluster_alhx700,$\mathrm{Hel}_{50}$,NAC_antisymmetric_BB_contact_survival,antisymmetric_nac_bb,Any 1 antisymmetric NAC BB,chain_pair,all,largest_cluster,2467000.0,4.578125715332143e-05,6.474447476871745e-05,1934.4791075070375,9347.442116882818,7052.98641091508,0.8,8.0,100.0,61,95,3
G2_Wcluster_alhx700,$\mathrm{Hel}_{50}$,NAC_antisymmetric_BB_contact_survival,antisymmetric_nac_bb,Any 1 antisymmetric NAC BB,chain_pair,all,largest_cluster,2468000.0,4.578125715332143e-05,6.474447476871745e-05,1934.4791075070375,9347.442116882818,7052.98641091508,0.8,8.0,100.0,61,95,3
G2_Wcluster_alhx700,$\mathrm{Hel}_{50}$,NAC_antisymmetric_BB_contact_survival,antisymmetric_nac_bb,Any 1 antisymmetric NAC BB,chain_pair,all,largest_cluster,2469000.0,4.578125715332143e-05,6.474447476871745e-05,1934.4791075070375,9347.442116882818,7052.98641091508,0.8,8.0,100.0,61,95,3
G2_Wcluster_alhx700,$\mathrm{Hel}_{50}$,NAC_antisymmetric_BB_contact_survival,antisymmetric_nac_bb,Any 1 antisymmetric NAC BB,chain_pair,all,largest_cluster,2470000.0,4.578125715332143e-05,6.474447476871745e-05,1934.4791075070375,9347.442116882818,7052.98641091508,0.8,8.0,100.0,61,95,3
G2_Wcluster_alhx700,$\mathrm{Hel}_{50}$,NAC_antisymmetric_BB_contact_survival,antisymmetric_nac_bb,Any 1 antisymmetric NAC BB,chain_pair,all,largest_cluster,2471000.0,4.578125715332143e-05,6.474447476871745e-05,1934.4791075070375,9347.442116882818,7052.98641091508,0.8,8.0,100.0,61,95,3
G2_Wcluster_alhx700,$\mathrm{Hel}_{50}$,NAC_antisymmetric_BB_contact_survival,antisymmetric_nac_bb,Any 1 antisymmetric NAC BB,chain_pair,all,largest_cluster,2472000.0,4.578125715332143e-05,6.474447476871745e-05,1934.4791075070375,9347.442116882818,7052.98641091508,0.8,8.0,100.0,61,95,3
G2_Wcluster_alhx700,$\mathrm{Hel}_{50}$,NAC_antisymmetric_BB_contact_survival,antisymmetric_nac_bb,Any 1 antisymmetric NAC BB,chain_pair,all,largest_cluster,2473000.0,4.578125715332143e-05,6.474447476871745e-05,1934.4791075070375,9347.442116882818,7052.98641091508,0.8,8.0,100.0,61,95,3
G2_Wcluster_alhx700,$\mathrm{Hel}_{50}$,NAC_antisymmetric_BB_contact_survival,antisymmetric_nac_bb,Any 1 antisymmetric NAC BB,chain_pair,all,largest_cluster,2474000.0,4.578125715332143e-05,6.474447476871745e-05,1934.4791075070375,9347.442116882818,7052.98641091508,0.8,8.0,100.0,61,95,3
G2_Wcluster_alhx700,$\mathrm{Hel}_{50}$,NAC_antisymmetric_BB_contact_survival,antisymmetric_nac_bb,Any 1 antisymmetric NAC BB,chain_pair,all,largest_cluster,2475000.0,4.578125715332143e-05,6.474447476871745e-05,1934.4791075070375,9347.442116882818,7052.98641091508,0.8,8.0,100.0,61,95,3
G2_Wcluster_alhx700,$\mathrm{Hel}_{50}$,NAC_antisymmetric_BB_contact_survival,antisymmetric_nac_bb,Any 1 antisymmetric NAC BB,chain_pair,all,largest_cluster,2476000.0,4.578125715332143e-05,6.474447476871745e-05,1934.4791075070375,9347.442116882818,7052.98641091508,0.8,8.0,100.0,61,95,3
G2_Wcluster_alhx700,$\mathrm{Hel}_{50}$,NAC_antisymmetric_BB_contact_survival,antisymmetric_nac_bb,Any 1 antisymmetric NAC BB,chain_pair,all,largest_cluster,2477000.0,4.578125715332143e-05,6.474447476871745e-05,1934.4791075070375,9347.442116882818,7052.98641091508,0.8,8.0,100.0,61,95,3
G2_Wcluster_alhx700,$\mathrm{Hel}_{50}$,NAC_antisymmetric_BB_contact_survival,antisymmetric_nac_bb,Any 1 antisymmetric NAC BB,chain_pair,all,largest_cluster,2478000.0,4.578125715332143e-05,6.474447476871745e-05,1934.4791075070375,9347.442116882818,7052.98641091508,0.8,8.0,100.0,61,95,3
G2_Wcluster_alhx700,$\mathrm{Hel}_{50}$,NAC_antisymmetric_BB_contact_survival,antisymmetric_nac_bb,Any 1 antisymmetric NAC BB,chain_pair,all,largest_cluster,2479000.0,4.578125715332143e-05,6.474447476871745e-05,1934.4791075070375,9347.442116882818,7052.98641091508,0.8,8.0,100.0,61,95,3
G2_Wcluster_alhx700,$\mathrm{Hel}_{50}$,NAC_antisymmetric_BB_contact_survival,antisymmetric_nac_bb,Any 1 antisymmetric NAC BB,chain_pair,all,largest_cluster,2480000.0,4.578125715332143e-05,6.474447476871745e-05,1934.4791075070375,9347.442116882818,7052.98641091508,0.8,8.0,100.0,61,95,3
G2_Wcluster_alhx700,$\mathrm{Hel}_{50}$,NAC_antisymmetric_BB_contact_survival,antisymmetric_nac_bb,Any 1 antisymmetric NAC BB,chain_pair,all,largest_cluster,2481000.0,4.578125715332143e-05,6.474447476871745e-05,1934.4791075070375,9347.442116882818,7052.98641091508,0.8,8.0,100.0,61,95,3
G2_Wcluster_alhx700,$\mathrm{Hel}_{50}$,NAC_antisymmetric_BB_contact_survival,antisymmetric_nac_bb,Any 1 antisymmetric NAC BB,chain_pair,all,largest_cluster,2482000.0,4.578125715332143e-05,6.474447476871745e-05,1934.4791075070375,9347.442116882818,7052.98641091508,0.8,8.0,100.0,61,95,3
G2_Wcluster_alhx700,$\mathrm{Hel}_{50}$,NAC_antisymmetric_BB_contact_survival,antisymmetric_nac_bb,Any 1 antisymmetric NAC BB,chain_pair,all,largest_cluster,2483000.0,4.578125715332143e-05,6.474447476871745e-05,1934.4791075070375,9347.442116882818,7052.98641091508,0.8,8.0,100.0,61,95,3
G2_Wcluster_alhx700,$\mathrm{Hel}_{50}$,NAC_antisymmetric_BB_contact_survival,antisymmetric_nac_bb,Any 1 antisymmetric NAC BB,chain_pair,all,largest_cluster,2484000.0,4.578125715332143e-05,6.474447476871745e-05,1934.4791075070375,9347.442116882818,7052.98641091508,0.8,8.0,100.0,61,95,3
G2_Wcluster_alhx700,$\mathrm{Hel}_{50}$,NAC_antisymmetric_BB_contact_survival,antisymmetric_nac_bb,Any 1 antisymmetric NAC BB,chain_pair,all,largest_cluster,2485000.0,4.578125715332143e-05,6.474447476871745e-05,1934.4791075070375,9347.442116882818,7052.98641091508,0.8,8.0,100.0,61,95,3
G2_Wcluster_alhx700,$\mathrm{Hel}_{50}$,NAC_antisymmetric_BB_contact_survival,antisymmetric_nac_bb,Any 1 antisymmetric NAC BB,chain_pair,all,largest_cluster,2486000.0,4.578125715332143e-05,6.474447476871745e-05,1934.4791075070375,9347.442116882818,7052.98641091508,0.8,8.0,100.0,61,95,3
G2_Wcluster_alhx700,$\mathrm{Hel}_{50}$,NAC_antisymmetric_BB_contact_survival,antisymmetric_nac_bb,Any 1 antisymmetric NAC BB,chain_pair,all,largest_cluster,2487000.0,4.578125715332143e-05,6.474447476871745e-05,1934.4791075070375,9347.442116882818,7052.98641091508,0.8,8.0,100.0,61,95,3
G2_Wcluster_alhx700,$\mathrm{Hel}_{50}$,NAC_antisymmetric_BB_contact_survival,antisymmetric_nac_bb,Any 1 antisymmetric NAC BB,chain_pair,all,largest_cluster,2488000.0,4.578125715332143e-05,6.474447476871745e-05,1934.4791075070375,9347.442116882818,7052.98641091508,0.8,8.0,100.0,61,95,3
G2_Wcluster_alhx700,$\mathrm{Hel}_{50}$,NAC_antisymmetric_BB_contact_survival,antisymmetric_nac_bb,Any 1 antisymmetric NAC BB,chain_pair,all,largest_cluster,2489000.0,4.578125715332143e-05,6.474447476871745e-05,1934.4791075070375,9347.442116882818,7052.98641091508,0.8,8.0,100.0,61,95,3
G2_Wcluster_alhx700,$\mathrm{Hel}_{50}$,NAC_antisymmetric_BB_contact_survival,antisymmetric_nac_bb,Any 1 antisymmetric NAC BB,chain_pair,all,largest_cluster,2490000.0,4.578125715332143e-05,6.474447476871745e-05,1934.4791075070375,9347.442116882818,7052.98641091508,0.8,8.0,100.0,61,95,3
G2_Wcluster_alhx700,$\mathrm{Hel}_{50}$,NAC_antisymmetric_BB_contact_survival,antisymmetric_nac_bb,Any 1 antisymmetric NAC BB,chain_pair,all,largest_cluster,2491000.0,4.578125715332143e-05,6.474447476871745e-05,1934.4791075070375,9347.442116882818,7052.98641091508,0.8,8.0,100.0,61,95,3
G2_Wcluster_alhx700,$\mathrm{Hel}_{50}$,NAC_antisymmetric_BB_contact_survival,antisymmetric_nac_bb,Any 1 antisymmetric NAC BB,chain_pair,all,largest_cluster,2492000.0,4.578125715332143e-05,6.474447476871745e-05,1934.4791075070375,9347.442116882818,7052.98641091508,0.8,8.0,100.0,61,95,3
G2_Wcluster_alhx700,$\mathrm{Hel}_{50}$,NAC_antisymmetric_BB_contact_survival,antisymmetric_nac_bb,Any 1 antisymmetric NAC BB,chain_pair,all,largest_cluster,2493000.0,4.578125715332143e-05,6.474447476871745e-05,1934.4791075070375,9347.442116882818,7052.98641091508,0.8,8.0,100.0,61,95,3
G2_Wcluster_alhx700,$\mathrm{Hel}_{50}$,NAC_antisymmetric_BB_contact_survival,antisymmetric_nac_bb,Any 1 antisymmetric NAC BB,chain_pair,all,largest_cluster,2494000.0,4.578125715332143e-05,6.474447476871745e-05,1934.4791075070375,9347.442116882818,7052.98641091508,0.8,8.0,100.0,61,95,3
G2_Wcluster_alhx700,$\mathrm{Hel}_{50}$,NAC_antisymmetric_BB_contact_survival,antisymmetric_nac_bb,Any 1 antisymmetric NAC BB,chain_pair,all,largest_cluster,2495000.0,4.578125715332143e-05,6.474447476871745e-05,1934.4791075070375,9347.442116882818,7052.98641091508,0.8,8.0,100.0,61,95,3
G2_Wcluster_alhx700,$\mathrm{Hel}_{50}$,NAC_antisymmetric_BB_contact_survival,antisymmetric_nac_bb,Any 1 antisymmetric NAC BB,chain_pair,all,largest_cluster,2496000.0,4.578125715332143e-05,6.474447476871745e-05,1934.4791075070375,9347.442116882818,7052.98641091508,0.8,8.0,100.0,61,95,3
G2_Wcluster_alhx700,$\mathrm{Hel}_{50}$,NAC_antisymmetric_BB_contact_survival,antisymmetric_nac_bb,Any 1 antisymmetric NAC BB,chain_pair,all,largest_cluster,2497000.0,4.578125715332143e-05,6.474447476871745e-05,1934.4791075070375,9347.442116882818,7052.98641091508,0.8,8.0,100.0,61,95,3
G2_Wcluster_alhx700,$\mathrm{Hel}_{50}$,NAC_antisymmetric_BB_contact_survival,antisymmetric_nac_bb,Any 1 antisymmetric NAC BB,chain_pair,all,largest_cluster,2498000.0,4.578125715332143e-05,6.474447476871745e-05,1934.4791075070375,9347.442116882818,7052.98641091508,0.8,8.0,100.0,61,95,3
G2_Wcluster_alhx700,$\mathrm{Hel}_{50}$,NAC_antisymmetric_BB_contact_survival,antisymmetric_nac_bb,Any 1 antisymmetric NAC BB,chain_pair,all,largest_cluster,2499000.0,4.578125715332143e-05,6.474447476871745e-05,1934.4791075070375,9347.442116882818,7052.98641091508,0.8,8.0,100.0,61,95,3
G2_Wcluster_alhx700,$\mathrm{Hel}_{50}$,NAC_antisymmetric_BB_contact_survival,antisymmetric_nac_bb,Any 1 antisymmetric NAC BB,chain_pair,all,largest_cluster,2500000.0,4.578125715332143e-05,6.474447476871745e-05,1934.4791075070375,9347.442116882818,7052.98641091508,0.8,8.0,100.0,61,95,3
G2_Wcluster_alhx700,$\mathrm{Hel}_{50}$,NAC_antisymmetric_BB_contact_survival,antisymmetric_nac_bb,Any 1 antisymmetric NAC BB,chain_pair,all,largest_cluster,2501000.0,4.578125715332143e-05,6.474447476871745e-05,1934.4791075070375,9347.442116882818,7052.98641091508,0.8,8.0,100.0,61,95,3
G2_Wcluster_alhx700,$\mathrm{Hel}_{50}$,NAC_antisymmetric_BB_contact_survival,antisymmetric_nac_bb,Any 1 antisymmetric NAC BB,chain_pair,all,largest_cluster,2502000.0,4.578125715332143e-05,6.474447476871745e-05,1934.4791075070375,9347.442116882818,7052.98641091508,0.8,8.0,100.0,61,95,3
G2_Wcluster_alhx700,$\mathrm{Hel}_{50}$,NAC_antisymmetric_BB_contact_survival,antisymmetric_nac_bb,Any 1 antisymmetric NAC BB,chain_pair,all,largest_cluster,2503000.0,4.578125715332143e-05,6.474447476871745e-05,1934.4791075070375,9347.442116882818,7052.98641091508,0.8,8.0,100.0,61,95,3
G2_Wcluster_alhx700,$\mathrm{Hel}_{50}$,NAC_antisymmetric_BB_contact_survival,antisymmetric_nac_bb,Any 1 antisymmetric NAC BB,chain_pair,all,largest_cluster,2504000.0,4.578125715332143e-05,6.474447476871745e-05,1934.4791075070375,9347.442116882818,7052.98641091508,0.8,8.0,100.0,61,95,3
G2_Wcluster_alhx700,$\mathrm{Hel}_{50}$,NAC_antisymmetric_BB_contact_survival,antisymmetric_nac_bb,Any 1 antisymmetric NAC BB,chain_pair,all,largest_cluster,2505000.0,4.578125715332143e-05,6.474447476871745e-05,1934.4791075070375,9347.442116882818,7052.98641091508,0.8,8.0,100.0,61,95,3
G3_Onmem_plus,$\mathrm{IDP}_{50}$-Mem,NAC_antisymmetric_BB_contact_survival,antisymmetric_nac_bb,Any 1 antisymmetric NAC BB,chain_pair,last_40,largest_cluster,0.0,1.0,0.0,1086.5658772971822,3213.9704310813545,1904.9947522239588,0.8,8.0,100.0,61,95,3
G3_Onmem_plus,$\mathrm{IDP}_{50}$-Mem,NAC_antisymmetric_BB_contact_survival,antisymmetric_nac_bb,Any 1 antisymmetric NAC BB,chain_pair,last_40,largest_cluster,1000.0,0.3845565150137171,0.00577954610611757,1086.5658772971822,3213.9704310813545,1904.9947522239588,0.8,8.0,100.0,61,95,3
G3_Onmem_plus,$\mathrm{IDP}_{50}$-Mem,NAC_antisymmetric_BB_contact_survival,antisymmetric_nac_bb,Any 1 antisymmetric NAC BB,chain_pair,last_40,largest_cluster,2000.0,0.191904694654731,0.0048409461113064186,1086.5658772971822,3213.9704310813545,1904.9947522239588,0.8,8.0,100.0,61,95,3
G3_Onmem_plus,$\mathrm{IDP}_{50}$-Mem,NAC_antisymmetric_BB_contact_survival,antisymmetric_nac_bb,Any 1 antisymmetric NAC BB,chain_pair,last_40,largest_cluster,3000.0,0.10910511559760146,0.0036952649115724145,1086.5658772971822,3213.9704310813545,1904.9947522239588,0.8,8.0,100.0,61,95,3
G3_Onmem_plus,$\mathrm{IDP}_{50}$-Mem,NAC_antisymmetric_BB_contact_survival,antisymmetric_nac_bb,Any 1 antisymmetric NAC BB,chain_pair,last_40,largest_cluster,4000.0,0.06655196677425045,0.0025950777155416102,1086.5658772971822,3213.9704310813545,1904.9947522239588,0.8,8.0,100.0,61,95,3
G3_Onmem_plus,$\mathrm{IDP}_{50}$-Mem,NAC_antisymmetric_BB_contact_survival,antisymmetric_nac_bb,Any 1 antisymmetric NAC BB,chain_pair,last_40,largest_cluster,5000.0,0.04251336342758574,0.0027099749188840934,1086.5658772971822,3213.9704310813545,1904.9947522239588,0.8,8.0,100.0,61,95,3
G3_Onmem_plus,$\mathrm{IDP}_{50}$-Mem,NAC_antisymmetric_BB_contact_survival,antisymmetric_nac_bb,Any 1 antisymmetric NAC BB,chain_pair,last_40,largest_cluster,6000.0,0.028088517279170912,0.0025591290255064614,1086.5658772971822,3213.9704310813545,1904.9947522239588,0.8,8.0,100.0,61,95,3
G3_Onmem_plus,$\mathrm{IDP}_{50}$-Mem,NAC_antisymmetric_BB_contact_survival,antisymmetric_nac_bb,Any 1 antisymmetric NAC BB,chain_pair,last_40,largest_cluster,7000.0,0.018976846493209826,0.0019745746251042667,1086.5658772971822,3213.9704310813545,1904.9947522239588,0.8,8.0,100.0,61,95,3
G3_Onmem_plus,$\mathrm{IDP}_{50}$-Mem,NAC_antisymmetric_BB_contact_survival,antisymmetric_nac_bb,Any 1 antisymmetric NAC BB,chain_pair,last_40,largest_cluster,8000.0,0.013601577835379236,0.0015059983965967398,1086.5658772971822,3213.9704310813545,1904.9947522239588,0.8,8.0,100.0,61,95,3
G3_Onmem_plus,$\mathrm{IDP}_{50}$-Mem,NAC_antisymmetric_BB_contact_survival,antisymmetric_nac_bb,Any 1 antisymmetric NAC BB,chain_pair,last_40,largest_cluster,9000.0,0.010027411745112918,0.0017519896656740341,1086.5658772971822,3213.9704310813545,1904.9947522239588,0.8,8.0,100.0,61,95,3
G3_Onmem_plus,$\mathrm{IDP}_{50}$-Mem,NAC_antisymmetric_BB_contact_survival,antisymmetric_nac_bb,Any 1 antisymmetric NAC BB,chain_pair,last_40,largest_cluster,10000.0,0.007404431301285856,0.0012258493571677491,1086.5658772971822,3213.9704310813545,1904.9947522239588,0.8,8.0,100.0,61,95,3
G3_Onmem_plus,$\mathrm{IDP}_{50}$-Mem,NAC_antisymmetric_BB_contact_survival,antisymmetric_nac_bb,Any 1 antisymmetric NAC BB,chain_pair,last_40,largest_cluster,11000.0,0.005457557764468836,0.0009237731578747194,1086.5658772971822,3213.9704310813545,1904.9947522239588,0.8,8.0,100.0,61,95,3
G3_Onmem_plus,$\mathrm{IDP}_{50}$-Mem,NAC_antisymmetric_BB_contact_survival,antisymmetric_nac_bb,Any 1 antisymmetric NAC BB,chain_pair,last_40,largest_cluster,12000.0,0.004052880071596807,0.001020014969611076,1086.5658772971822,3213.9704310813545,1904.9947522239588,0.8,8.0,100.0,61,95,3
G3_Onmem_plus,$\mathrm{IDP}_{50}$-Mem,NAC_antisymmetric_BB_contact_survival,antisymmetric_nac_bb,Any 1 antisymmetric NAC BB,chain_pair,last_40,largest_cluster,13000.0,0.003239548581014013,0.0010166139409618065,1086.5658772971822,3213.9704310813545,1904.9947522239588,0.8,8.0,100.0,61,95,3
G3_Onmem_plus,$\mathrm{IDP}_{50}$-Mem,NAC_antisymmetric_BB_contact_survival,antisymmetric_nac_bb,Any 1 antisymmetric NAC BB,chain_pair,last_40,largest_cluster,14000.0,0.0026953542040035108,0.0007207444154702856,1086.5658772971822,3213.9704310813545,1904.9947522239588,0.8,8.0,100.0,61,95,3
G3_Onmem_plus,$\mathrm{IDP}_{50}$-Mem,NAC_antisymmetric_BB_contact_survival,antisymmetric_nac_bb,Any 1 antisymmetric NAC BB,chain_pair,last_40,largest_cluster,15000.0,0.0021464000268377505,0.00043056537219237604,1086.5658772971822,3213.9704310813545,1904.9947522239588,0.8,8.0,100.0,61,95,3
G3_Onmem_plus,$\mathrm{IDP}_{50}$-Mem,NAC_antisymmetric_BB_contact_survival,antisymmetric_nac_bb,Any 1 antisymmetric NAC BB,chain_pair,last_40,largest_cluster,16000.0,0.0016490696756339366,0.00023419910224718626,1086.5658772971822,3213.9704310813545,1904.9947522239588,0.8,8.0,100.0,61,95,3
G3_Onmem_plus,$\mathrm{IDP}_{50}$-Mem,NAC_antisymmetric_BB_contact_survival,antisymmetric_nac_bb,Any 1 antisymmetric NAC BB,chain_pair,last_40,largest_cluster,17000.0,0.001522048237995034,0.00020200176011061927,1086.5658772971822,3213.9704310813545,1904.9947522239588,0.8,8.0,100.0,61,95,3
G3_Onmem_plus,$\mathrm{IDP}_{50}$-Mem,NAC_antisymmetric_BB_contact_survival,antisymmetric_nac_bb,Any 1 antisymmetric NAC BB,chain_pair,last_40,largest_cluster,18000.0,0.00127110840261864,0.00018424561040691022,1086.5658772971822,3213.9704310813545,1904.9947522239588,0.8,8.0,100.0,61,95,3
G3_Onmem_plus,$\mathrm{IDP}_{50}$-Mem,NAC_antisymmetric_BB_contact_survival,antisymmetric_nac_bb,Any 1 antisymmetric NAC BB,chain_pair,last_40,largest_cluster,19000.0,0.0011440869649797375,0.00014900981396520518,1086.5658772971822,3213.9704310813545,1904.9947522239588,0.8,8.0,100.0,61,95,3
G3_Onmem_plus,$\mathrm{IDP}_{50}$-Mem,NAC_antisymmetric_BB_contact_survival,antisymmetric_nac_bb,Any 1 antisymmetric NAC BB,chain_pair,last_40,largest_cluster,20000.0,0.0010416020470800772,0.000186168504206879,1086.5658772971822,3213.9704310813545,1904.9947522239588,0.8,8.0,100.0,61,95,3
G3_Onmem_plus,$\mathrm{IDP}_{50}$-Mem,NAC_antisymmetric_BB_contact_survival,antisymmetric_nac_bb,Any 1 antisymmetric NAC BB,chain_pair,last_40,largest_cluster,21000.0,0.0008646135437330756,0.00017520346299579033,1086.5658772971822,3213.9704310813545,1904.9947522239588,0.8,8.0,100.0,61,95,3
G3_Onmem_plus,$\mathrm{IDP}_{50}$-Mem,NAC_antisymmetric_BB_contact_survival,antisymmetric_nac_bb,Any 1 antisymmetric NAC BB,chain_pair,last_40,largest_cluster,22000.0,0.0008406292774117823,0.0001686768332869837,1086.5658772971822,3213.9704310813545,1904.9947522239588,0.8,8.0,100.0,61,95,3
G3_Onmem_plus,$\mathrm{IDP}_{50}$-Mem,NAC_antisymmetric_BB_contact_survival,antisymmetric_nac_bb,Any 1 antisymmetric NAC BB,chain_pair,last_40,largest_cluster,23000.0,0.0007187094127398035,0.0002238920830599843,1086.5658772971822,3213.9704310813545,1904.9947522239588,0.8,8.0,100.0,61,95,3
G3_Onmem_plus,$\mathrm{IDP}_{50}$-Mem,NAC_antisymmetric_BB_contact_survival,antisymmetric_nac_bb,Any 1 antisymmetric NAC BB,chain_pair,last_40,largest_cluster,24000.0,0.0005902416954533373,0.0002697330936084013,1086.5658772971822,3213.9704310813545,1904.9947522239588,0.8,8.0,100.0,61,95,3
G3_Onmem_plus,$\mathrm{IDP}_{50}$-Mem,NAC_antisymmetric_BB_contact_survival,antisymmetric_nac_bb,Any 1 antisymmetric NAC BB,chain_pair,last_40,largest_cluster,25000.0,0.00041015015220492463,0.00016833603757907957,1086.5658772971822,3213.9704310813545,1904.9947522239588,0.8,8.0,100.0,61,95,3
G3_Onmem_plus,$\mathrm{IDP}_{50}$-Mem,NAC_antisymmetric_BB_contact_survival,antisymmetric_nac_bb,Any 1 antisymmetric NAC BB,chain_pair,last_40,largest_cluster,26000.0,0.0003336480336920704,0.00016702110192525784,1086.5658772971822,3213.9704310813545,1904.9947522239588,0.8,8.0,100.0,61,95,3
G3_Onmem_plus,$\mathrm{IDP}_{50}$-Mem,NAC_antisymmetric_BB_contact_survival,antisymmetric_nac_bb,Any 1 antisymmetric NAC BB,chain_pair,last_40,largest_cluster,27000.0,0.0002831287145660221,0.00013969535477611518,1086.5658772971822,3213.9704310813545,1904.9947522239588,0.8,8.0,100.0,61,95,3
G3_Onmem_plus,$\mathrm{IDP}_{50}$-Mem,NAC_antisymmetric_BB_contact_survival,antisymmetric_nac_bb,Any 1 antisymmetric NAC BB,chain_pair,last_40,largest_cluster,28000.0,0.0002831287145660221,0.00013969535477611518,1086.5658772971822,3213.9704310813545,1904.9947522239588,0.8,8.0,100.0,61,95,3
G3_Onmem_plus,$\mathrm{IDP}_{50}$-Mem,NAC_antisymmetric_BB_contact_survival,antisymmetric_nac_bb,Any 1 antisymmetric NAC BB,chain_pair,last_40,largest_cluster,29000.0,0.00023061086237446103,0.00013108676757925413,1086.5658772971822,3213.9704310813545,1904.9947522239588,0.8,8.0,100.0,61,95,3
G3_Onmem_plus,$\mathrm{IDP}_{50}$-Mem,NAC_antisymmetric_BB_contact_survival,antisymmetric_nac_bb,Any 1 antisymmetric NAC BB,chain_pair,last_40,largest_cluster,30000.0,0.00023061086237446103,0.00013108676757925413,1086.5658772971822,3213.9704310813545,1904.9947522239588,0.8,8.0,100.0,61,95,3
G3_Onmem_plus,$\mathrm{IDP}_{50}$-Mem,NAC_antisymmetric_BB_contact_survival,antisymmetric_nac_bb,Any 1 antisymmetric NAC BB,chain_pair,last_40,largest_cluster,31000.0,0.00020407580956970594,9.852527944369569e-05,1086.5658772971822,3213.9704310813545,1904.9947522239588,0.8,8.0,100.0,61,95,3
G3_Onmem_plus,$\mathrm{IDP}_{50}$-Mem,NAC_antisymmetric_BB_contact_survival,antisymmetric_nac_bb,Any 1 antisymmetric NAC BB,chain_pair,last_40,largest_cluster,32000.0,0.0001541087438616068,0.0001301947339561054,1086.5658772971822,3213.9704310813545,1904.9947522239588,0.8,8.0,100.0,61,95,3
G3_Onmem_plus,$\mathrm{IDP}_{50}$-Mem,NAC_antisymmetric_BB_contact_survival,antisymmetric_nac_bb,Any 1 antisymmetric NAC BB,chain_pair,last_40,largest_cluster,33000.0,0.0001541087438616068,0.0001301947339561054,1086.5658772971822,3213.9704310813545,1904.9947522239588,0.8,8.0,100.0,61,95,3
G3_Onmem_plus,$\mathrm{IDP}_{50}$-Mem,NAC_antisymmetric_BB_contact_survival,antisymmetric_nac_bb,Any 1 antisymmetric NAC BB,chain_pair,last_40,largest_cluster,34000.0,0.00010103863825209663,7.17177961180089e-05,1086.5658772971822,3213.9704310813545,1904.9947522239588,0.8,8.0,100.0,61,95,3
G3_Onmem_plus,$\mathrm{IDP}_{50}$-Mem,NAC_antisymmetric_BB_contact_survival,antisymmetric_nac_bb,Any 1 antisymmetric NAC BB,chain_pair,last_40,largest_cluster,35000.0,7.70543719308034e-05,6.50973669780527e-05,1086.5658772971822,3213.9704310813545,1904.9947522239588,0.8,8.0,100.0,61,95,3
G3_Onmem_plus,$\mathrm{IDP}_{50}$-Mem,NAC_antisymmetric_BB_contact_survival,antisymmetric_nac_bb,Any 1 antisymmetric NAC BB,chain_pair,last_40,largest_cluster,36000.0,7.70543719308034e-05,6.50973669780527e-05,1086.5658772971822,3213.9704310813545,1904.9947522239588,0.8,8.0,100.0,61,95,3
G3_Onmem_plus,$\mathrm{IDP}_{50}$-Mem,NAC_antisymmetric_BB_contact_survival,antisymmetric_nac_bb,Any 1 antisymmetric NAC BB,chain_pair,last_40,largest_cluster,37000.0,7.70543719308034e-05,6.50973669780527e-05,1086.5658772971822,3213.9704310813545,1904.9947522239588,0.8,8.0,100.0,61,95,3
G3_Onmem_plus,$\mathrm{IDP}_{50}$-Mem,NAC_antisymmetric_BB_contact_survival,antisymmetric_nac_bb,Any 1 antisymmetric NAC BB,chain_pair,last_40,largest_cluster,38000.0,5.307010560951016e-05,7.505246310954175e-05,1086.5658772971822,3213.9704310813545,1904.9947522239588,0.8,8.0,100.0,61,95,3
G3_Onmem_plus,$\mathrm{IDP}_{50}$-Mem,NAC_antisymmetric_BB_contact_survival,antisymmetric_nac_bb,Any 1 antisymmetric NAC BB,chain_pair,last_40,largest_cluster,39000.0,5.307010560951016e-05,7.505246310954175e-05,1086.5658772971822,3213.9704310813545,1904.9947522239588,0.8,8.0,100.0,61,95,3
G3_Onmem_plus,$\mathrm{IDP}_{50}$-Mem,NAC_antisymmetric_BB_contact_survival,antisymmetric_nac_bb,Any 1 antisymmetric NAC BB,chain_pair,last_40,largest_cluster,40000.0,5.307010560951016e-05,7.505246310954175e-05,1086.5658772971822,3213.9704310813545,1904.9947522239588,0.8,8.0,100.0,61,95,3
G3_Onmem_plus,$\mathrm{IDP}_{50}$-Mem,NAC_antisymmetric_BB_contact_survival,antisymmetric_nac_bb,Any 1 antisymmetric NAC BB,chain_pair,last_40,largest_cluster,41000.0,5.307010560951016e-05,7.505246310954175e-05,1086.5658772971822,3213.9704310813545,1904.9947522239588,0.8,8.0,100.0,61,95,3
G3_Onmem_plus,$\mathrm{IDP}_{50}$-Mem,NAC_antisymmetric_BB_contact_survival,antisymmetric_nac_bb,Any 1 antisymmetric NAC BB,chain_pair,last_40,largest_cluster,42000.0,2.653505280475508e-05,3.7526231554770874e-05,1086.5658772971822,3213.9704310813545,1904.9947522239588,0.8,8.0,100.0,61,95,3
G3_Onmem_plus,$\mathrm{IDP}_{50}$-Mem,NAC_antisymmetric_BB_contact_survival,antisymmetric_nac_bb,Any 1 antisymmetric NAC BB,chain_pair,last_40,largest_cluster,43000.0,2.653505280475508e-05,3.7526231554770874e-05,1086.5658772971822,3213.9704310813545,1904.9947522239588,0.8,8.0,100.0,61,95,3
G3_Onmem_plus,$\mathrm{IDP}_{50}$-Mem,NAC_antisymmetric_BB_contact_survival,antisymmetric_nac_bb,Any 1 antisymmetric NAC BB,chain_pair,last_40,largest_cluster,44000.0,2.653505280475508e-05,3.7526231554770874e-05,1086.5658772971822,3213.9704310813545,1904.9947522239588,0.8,8.0,100.0,61,95,3
G3_Onmem_plus,$\mathrm{IDP}_{50}$-Mem,NAC_antisymmetric_BB_contact_survival,antisymmetric_nac_bb,Any 1 antisymmetric NAC BB,chain_pair,last_40,largest_cluster,45000.0,2.653505280475508e-05,3.7526231554770874e-05,1086.5658772971822,3213.9704310813545,1904.9947522239588,0.8,8.0,100.0,61,95,3
G3_Onmem_plus,$\mathrm{IDP}_{50}$-Mem,NAC_antisymmetric_BB_contact_survival,antisymmetric_nac_bb,Any 1 antisymmetric NAC BB,chain_pair,last_40,largest_cluster,46000.0,2.653505280475508e-05,3.7526231554770874e-05,1086.5658772971822,3213.9704310813545,1904.9947522239588,0.8,8.0,100.0,61,95,3
G3_Onmem_plus,$\mathrm{IDP}_{50}$-Mem,NAC_antisymmetric_BB_contact_survival,antisymmetric_nac_bb,Any 1 antisymmetric NAC BB,chain_pair,last_40,largest_cluster,47000.0,2.653505280475508e-05,3.7526231554770874e-05,1086.5658772971822,3213.9704310813545,1904.9947522239588,0.8,8.0,100.0,61,95,3
G3_Onmem_plus,$\mathrm{IDP}_{50}$-Mem,NAC_antisymmetric_BB_contact_survival,antisymmetric_nac_bb,Any 1 antisymmetric NAC BB,chain_pair,last_40,largest_cluster,48000.0,2.653505280475508e-05,3.7526231554770874e-05,1086.5658772971822,3213.9704310813545,1904.9947522239588,0.8,8.0,100.0,61,95,3
G3_Onmem_plus,$\mathrm{IDP}_{50}$-Mem,NAC_antisymmetric_BB_contact_survival,antisymmetric_nac_bb,Any 1 antisymmetric NAC BB,chain_pair,last_40,largest_cluster,49000.0,2.653505280475508e-05,3.7526231554770874e-05,1086.5658772971822,3213.9704310813545,1904.9947522239588,0.8,8.0,100.0,61,95,3
G3_Onmem_plus,$\mathrm{IDP}_{50}$-Mem,NAC_antisymmetric_BB_contact_survival,antisymmetric_nac_bb,Any 1 antisymmetric NAC BB,chain_pair,last_40,largest_cluster,50000.0,2.653505280475508e-05,3.7526231554770874e-05,1086.5658772971822,3213.9704310813545,1904.9947522239588,0.8,8.0,100.0,61,95,3
G3_Onmem_plus,$\mathrm{IDP}_{50}$-Mem,NAC_antisymmetric_BB_contact_survival,antisymmetric_nac_bb,Any 1 antisymmetric NAC BB,chain_pair,last_40,largest_cluster,51000.0,2.653505280475508e-05,3.7526231554770874e-05,1086.5658772971822,3213.9704310813545,1904.9947522239588,0.8,8.0,100.0,61,95,3
G3_Onmem_plus,$\mathrm{IDP}_{50}$-Mem,NAC_antisymmetric_BB_contact_survival,antisymmetric_nac_bb,Any 1 antisymmetric NAC BB,chain_pair,last_40,largest_cluster,52000.0,2.653505280475508e-05,3.7526231554770874e-05,1086.5658772971822,3213.9704310813545,1904.9947522239588,0.8,8.0,100.0,61,95,3
G3_Onmem_plus,$\mathrm{IDP}_{50}$-Mem,NAC_antisymmetric_BB_contact_survival,antisymmetric_nac_bb,Any 1 antisymmetric NAC BB,chain_pair,last_40,largest_cluster,53000.0,2.653505280475508e-05,3.7526231554770874e-05,1086.5658772971822,3213.9704310813545,1904.9947522239588,0.8,8.0,100.0,61,95,3
G3_Onmem_plus,$\mathrm{IDP}_{50}$-Mem,NAC_antisymmetric_BB_contact_survival,antisymmetric_nac_bb,Any 1 antisymmetric NAC BB,chain_pair,last_40,largest_cluster,54000.0,2.653505280475508e-05,3.7526231554770874e-05,1086.5658772971822,3213.9704310813545,1904.9947522239588,0.8,8.0,100.0,61,95,3
G3_Onmem_plus,$\mathrm{IDP}_{50}$-Mem,NAC_antisymmetric_BB_contact_survival,antisymmetric_nac_bb,Any 1 antisymmetric NAC BB,chain_pair,last_40,largest_cluster,55000.0,2.653505280475508e-05,3.7526231554770874e-05,1086.5658772971822,3213.9704310813545,1904.9947522239588,0.8,8.0,100.0,61,95,3
G3_Onmem_plus,$\mathrm{IDP}_{50}$-Mem,NAC_antisymmetric_BB_contact_survival,antisymmetric_nac_bb,Any 1 antisymmetric NAC BB,chain_pair,last_40,largest_cluster,56000.0,2.653505280475508e-05,3.7526231554770874e-05,1086.5658772971822,3213.9704310813545,1904.9947522239588,0.8,8.0,100.0,61,95,3
G3_Onmem_plus,$\mathrm{IDP}_{50}$-Mem,NAC_antisymmetric_BB_contact_survival,antisymmetric_nac_bb,Any 1 antisymmetric NAC BB,chain_pair,last_40,largest_cluster,57000.0,2.653505280475508e-05,3.7526231554770874e-05,1086.5658772971822,3213.9704310813545,1904.9947522239588,0.8,8.0,100.0,61,95,3
G3_Onmem_plus,$\mathrm{IDP}_{50}$-Mem,NAC_antisymmetric_BB_contact_survival,antisymmetric_nac_bb,Any 1 antisymmetric NAC BB,chain_pair,last_40,largest_cluster,58000.0,2.653505280475508e-05,3.7526231554770874e-05,1086.5658772971822,3213.9704310813545,1904.9947522239588,0.8,8.0,100.0,61,95,3
G3_Onmem_plus,$\mathrm{IDP}_{50}$-Mem,NAC_antisymmetric_BB_contact_survival,antisymmetric_nac_bb,Any 1 antisymmetric NAC BB,chain_pair,last_40,largest_cluster,59000.0,2.653505280475508e-05,3.7526231554770874e-05,1086.5658772971822,3213.9704310813545,1904.9947522239588,0.8,8.0,100.0,61,95,3
G3_Onmem_plus,$\mathrm{IDP}_{50}$-Mem,NAC_antisymmetric_BB_contact_survival,antisymmetric_nac_bb,Any 1 antisymmetric NAC BB,chain_pair,last_40,largest_cluster,60000.0,2.653505280475508e-05,3.7526231554770874e-05,1086.5658772971822,3213.9704310813545,1904.9947522239588,0.8,8.0,100.0,61,95,3
G3_Onmem_plus,$\mathrm{IDP}_{50}$-Mem,NAC_antisymmetric_BB_contact_survival,antisymmetric_nac_bb,Any 1 antisymmetric NAC BB,chain_pair,last_40,largest_cluster,61000.0,2.653505280475508e-05,3.7526231554770874e-05,1086.5658772971822,3213.9704310813545,1904.9947522239588,0.8,8.0,100.0,61,95,3
G3_Onmem_plus,$\mathrm{IDP}_{50}$-Mem,NAC_antisymmetric_BB_contact_survival,antisymmetric_nac_bb,Any 1 antisymmetric NAC BB,chain_pair,last_40,largest_cluster,62000.0,2.653505280475508e-05,3.7526231554770874e-05,1086.5658772971822,3213.9704310813545,1904.9947522239588,0.8,8.0,100.0,61,95,3
G3_Onmem_plus,$\mathrm{IDP}_{50}$-Mem,NAC_antisymmetric_BB_contact_survival,antisymmetric_nac_bb,Any 1 antisymmetric NAC BB,chain_pair,last_40,largest_cluster,63000.0,2.653505280475508e-05,3.7526231554770874e-05,1086.5658772971822,3213.9704310813545,1904.9947522239588,0.8,8.0,100.0,61,95,3
G3_Onmem_plus,$\mathrm{IDP}_{50}$-Mem,NAC_antisymmetric_BB_contact_survival,antisymmetric_nac_bb,Any 1 antisymmetric NAC BB,chain_pair,last_40,largest_cluster,64000.0,2.653505280475508e-05,3.7526231554770874e-05,1086.5658772971822,3213.9704310813545,1904.9947522239588,0.8,8.0,100.0,61,95,3
G3_Onmem_plus,$\mathrm{IDP}_{50}$-Mem,NAC_antisymmetric_BB_contact_survival,antisymmetric_nac_bb,Any 1 antisymmetric NAC BB,chain_pair,last_40,largest_cluster,65000.0,2.653505280475508e-05,3.7526231554770874e-05,1086.5658772971822,3213.9704310813545,1904.9947522239588,0.8,8.0,100.0,61,95,3
G3_Onmem_plus,$\mathrm{IDP}_{50}$-Mem,NAC_antisymmetric_BB_contact_survival,antisymmetric_nac_bb,Any 1 antisymmetric NAC BB,chain_pair,last_40,largest_cluster,66000.0,2.653505280475508e-05,3.7526231554770874e-05,1086.5658772971822,3213.9704310813545,1904.9947522239588,0.8,8.0,100.0,61,95,3
G3_Onmem_plus,$\mathrm{IDP}_{50}$-Mem,NAC_antisymmetric_BB_contact_survival,antisymmetric_nac_bb,Any 1 antisymmetric NAC BB,chain_pair,last_40,largest_cluster,67000.0,2.653505280475508e-05,3.7526231554770874e-05,1086.5658772971822,3213.9704310813545,1904.9947522239588,0.8,8.0,100.0,61,95,3
G3_Onmem_plus,$\mathrm{IDP}_{50}$-Mem,NAC_antisymmetric_BB_contact_survival,antisymmetric_nac_bb,Any 1 antisymmetric NAC BB,chain_pair,last_40,largest_cluster,68000.0,2.653505280475508e-05,3.7526231554770874e-05,1086.5658772971822,3213.9704310813545,1904.9947522239588,0.8,8.0,100.0,61,95,3
G3_Onmem_plus,$\mathrm{IDP}_{50}$-Mem,NAC_antisymmetric_BB_contact_survival,antisymmetric_nac_bb,Any 1 antisymmetric NAC BB,chain_pair,last_40,largest_cluster,69000.0,2.653505280475508e-05,3.7526231554770874e-05,1086.5658772971822,3213.9704310813545,1904.9947522239588,0.8,8.0,100.0,61,95,3
G3_Onmem_plus,$\mathrm{IDP}_{50}$-Mem,NAC_antisymmetric_BB_contact_survival,antisymmetric_nac_bb,Any 1 antisymmetric NAC BB,chain_pair,last_40,largest_cluster,70000.0,2.653505280475508e-05,3.7526231554770874e-05,1086.5658772971822,3213.9704310813545,1904.9947522239588,0.8,8.0,100.0,61,95,3
G3_Onmem_plus,$\mathrm{IDP}_{50}$-Mem,NAC_antisymmetric_BB_contact_survival,antisymmetric_nac_bb,Any 1 antisymmetric NAC BB,chain_pair,last_40,largest_cluster,71000.0,2.653505280475508e-05,3.7526231554770874e-05,1086.5658772971822,3213.9704310813545,1904.9947522239588,0.8,8.0,100.0,61,95,3
G3_Onmem_plus,$\mathrm{IDP}_{50}$-Mem,NAC_antisymmetric_BB_contact_survival,antisymmetric_nac_bb,Any 1 antisymmetric NAC BB,chain_pair,last_40,largest_cluster,72000.0,2.653505280475508e-05,3.7526231554770874e-05,1086.5658772971822,3213.9704310813545,1904.9947522239588,0.8,8.0,100.0,61,95,3
G3_Onmem_plus,$\mathrm{IDP}_{50}$-Mem,NAC_antisymmetric_BB_contact_survival,antisymmetric_nac_bb,Any 1 antisymmetric NAC BB,chain_pair,last_40,largest_cluster,73000.0,2.653505280475508e-05,3.7526231554770874e-05,1086.5658772971822,3213.9704310813545,1904.9947522239588,0.8,8.0,100.0,61,95,3
G3_Onmem_plus,$\mathrm{IDP}_{50}$-Mem,NAC_antisymmetric_BB_contact_survival,antisymmetric_nac_bb,Any 1 antisymmetric NAC BB,chain_pair,last_40,largest_cluster,74000.0,2.653505280475508e-05,3.7526231554770874e-05,1086.5658772971822,3213.9704310813545,1904.9947522239588,0.8,8.0,100.0,61,95,3
G3_Onmem_plus,$\mathrm{IDP}_{50}$-Mem,NAC_antisymmetric_BB_contact_survival,antisymmetric_nac_bb,Any 1 antisymmetric NAC BB,chain_pair,last_40,largest_cluster,75000.0,2.653505280475508e-05,3.7526231554770874e-05,1086.5658772971822,3213.9704310813545,1904.9947522239588,0.8,8.0,100.0,61,95,3
G3_Onmem_plus,$\mathrm{IDP}_{50}$-Mem,NAC_antisymmetric_BB_contact_survival,antisymmetric_nac_bb,Any 1 antisymmetric NAC BB,chain_pair,last_40,largest_cluster,76000.0,2.653505280475508e-05,3.7526231554770874e-05,1086.5658772971822,3213.9704310813545,1904.9947522239588,0.8,8.0,100.0,61,95,3
G3_Onmem_plus,$\mathrm{IDP}_{50}$-Mem,NAC_antisymmetric_BB_contact_survival,antisymmetric_nac_bb,Any 1 antisymmetric NAC BB,chain_pair,last_40,largest_cluster,77000.0,2.653505280475508e-05,3.7526231554770874e-05,1086.5658772971822,3213.9704310813545,1904.9947522239588,0.8,8.0,100.0,61,95,3
G3_Onmem_plus,$\mathrm{IDP}_{50}$-Mem,NAC_antisymmetric_BB_contact_survival,antisymmetric_nac_bb,Any 1 antisymmetric NAC BB,chain_pair,last_40,largest_cluster,78000.0,2.653505280475508e-05,3.7526231554770874e-05,1086.5658772971822,3213.9704310813545,1904.9947522239588,0.8,8.0,100.0,61,95,3
G3_Onmem_plus,$\mathrm{IDP}_{50}$-Mem,NAC_antisymmetric_BB_contact_survival,antisymmetric_nac_bb,Any 1 antisymmetric NAC BB,chain_pair,last_40,largest_cluster,79000.0,2.653505280475508e-05,3.7526231554770874e-05,1086.5658772971822,3213.9704310813545,1904.9947522239588,0.8,8.0,100.0,61,95,3
G3_Onmem_plus,$\mathrm{IDP}_{50}$-Mem,NAC_antisymmetric_BB_contact_survival,antisymmetric_nac_bb,Any 1 antisymmetric NAC BB,chain_pair,last_40,largest_cluster,80000.0,2.653505280475508e-05,3.7526231554770874e-05,1086.5658772971822,3213.9704310813545,1904.9947522239588,0.8,8.0,100.0,61,95,3
G3_Onmem_plus,$\mathrm{IDP}_{50}$-Mem,NAC_antisymmetric_BB_contact_survival,antisymmetric_nac_bb,Any 1 antisymmetric NAC BB,chain_pair,last_40,largest_cluster,81000.0,2.653505280475508e-05,3.7526231554770874e-05,1086.5658772971822,3213.9704310813545,1904.9947522239588,0.8,8.0,100.0,61,95,3
G3_Onmem_plus,$\mathrm{IDP}_{50}$-Mem,NAC_antisymmetric_BB_contact_survival,antisymmetric_nac_bb,Any 1 antisymmetric NAC BB,chain_pair,last_40,largest_cluster,82000.0,2.653505280475508e-05,3.7526231554770874e-05,1086.5658772971822,3213.9704310813545,1904.9947522239588,0.8,8.0,100.0,61,95,3
G3_Onmem_plus,$\mathrm{IDP}_{50}$-Mem,NAC_antisymmetric_BB_contact_survival,antisymmetric_nac_bb,Any 1 antisymmetric NAC BB,chain_pair,last_40,largest_cluster,83000.0,2.653505280475508e-05,3.7526231554770874e-05,1086.5658772971822,3213.9704310813545,1904.9947522239588,0.8,8.0,100.0,61,95,3
G3_Onmem_plus,$\mathrm{IDP}_{50}$-Mem,NAC_antisymmetric_BB_contact_survival,antisymmetric_nac_bb,Any 1 antisymmetric NAC BB,chain_pair,last_40,largest_cluster,84000.0,2.653505280475508e-05,3.7526231554770874e-05,1086.5658772971822,3213.9704310813545,1904.9947522239588,0.8,8.0,100.0,61,95,3
G3_Onmem_plus,$\mathrm{IDP}_{50}$-Mem,NAC_antisymmetric_BB_contact_survival,antisymmetric_nac_bb,Any 1 antisymmetric NAC BB,chain_pair,last_40,largest_cluster,85000.0,2.653505280475508e-05,3.7526231554770874e-05,1086.5658772971822,3213.9704310813545,1904.9947522239588,0.8,8.0,100.0,61,95,3
G3_Onmem_plus,$\mathrm{IDP}_{50}$-Mem,NAC_antisymmetric_BB_contact_survival,antisymmetric_nac_bb,Any 1 antisymmetric NAC BB,chain_pair,last_40,largest_cluster,86000.0,2.653505280475508e-05,3.7526231554770874e-05,1086.5658772971822,3213.9704310813545,1904.9947522239588,0.8,8.0,100.0,61,95,3
G3_Onmem_plus,$\mathrm{IDP}_{50}$-Mem,NAC_antisymmetric_BB_contact_survival,antisymmetric_nac_bb,Any 1 antisymmetric NAC BB,chain_pair,last_40,largest_cluster,87000.0,2.653505280475508e-05,3.7526231554770874e-05,1086.5658772971822,3213.9704310813545,1904.9947522239588,0.8,8.0,100.0,61,95,3
G3_Onmem_plus,$\mathrm{IDP}_{50}$-Mem,NAC_antisymmetric_BB_contact_survival,antisymmetric_nac_bb,Any 1 antisymmetric NAC BB,chain_pair,last_40,largest_cluster,88000.0,2.653505280475508e-05,3.7526231554770874e-05,1086.5658772971822,3213.9704310813545,1904.9947522239588,0.8,8.0,100.0,61,95,3
G3_Onmem_plus,$\mathrm{IDP}_{50}$-Mem,NAC_antisymmetric_BB_contact_survival,antisymmetric_nac_bb,Any 1 antisymmetric NAC BB,chain_pair,last_40,largest_cluster,89000.0,2.653505280475508e-05,3.7526231554770874e-05,1086.5658772971822,3213.9704310813545,1904.9947522239588,0.8,8.0,100.0,61,95,3
G3_Onmem_plus,$\mathrm{IDP}_{50}$-Mem,NAC_antisymmetric_BB_contact_survival,antisymmetric_nac_bb,Any 1 antisymmetric NAC BB,chain_pair,last_40,largest_cluster,90000.0,2.653505280475508e-05,3.7526231554770874e-05,1086.5658772971822,3213.9704310813545,1904.9947522239588,0.8,8.0,100.0,61,95,3
G3_Onmem_plus,$\mathrm{IDP}_{50}$-Mem,NAC_antisymmetric_BB_contact_survival,antisymmetric_nac_bb,Any 1 antisymmetric NAC BB,chain_pair,last_40,largest_cluster,91000.0,2.653505280475508e-05,3.7526231554770874e-05,1086.5658772971822,3213.9704310813545,1904.9947522239588,0.8,8.0,100.0,61,95,3
G3_Onmem_plus,$\mathrm{IDP}_{50}$-Mem,NAC_antisymmetric_BB_contact_survival,antisymmetric_nac_bb,Any 1 antisymmetric NAC BB,chain_pair,last_40,largest_cluster,92000.0,2.653505280475508e-05,3.7526231554770874e-05,1086.5658772971822,3213.9704310813545,1904.9947522239588,0.8,8.0,100.0,61,95,3
G3_Onmem_plus,$\mathrm{IDP}_{50}$-Mem,NAC_antisymmetric_BB_contact_survival,antisymmetric_nac_bb,Any 1 antisymmetric NAC BB,chain_pair,last_40,largest_cluster,93000.0,2.653505280475508e-05,3.7526231554770874e-05,1086.5658772971822,3213.9704310813545,1904.9947522239588,0.8,8.0,100.0,61,95,3
G3_Onmem_plus,$\mathrm{IDP}_{50}$-Mem,NAC_antisymmetric_BB_contact_survival,antisymmetric_nac_bb,Any 1 antisymmetric NAC BB,chain_pair,last_40,largest_cluster,94000.0,2.653505280475508e-05,3.7526231554770874e-05,1086.5658772971822,3213.9704310813545,1904.9947522239588,0.8,8.0,100.0,61,95,3
G3_Onmem_plus,$\mathrm{IDP}_{50}$-Mem,NAC_antisymmetric_BB_contact_survival,antisymmetric_nac_bb,Any 1 antisymmetric NAC BB,chain_pair,last_40,largest_cluster,95000.0,2.653505280475508e-05,3.7526231554770874e-05,1086.5658772971822,3213.9704310813545,1904.9947522239588,0.8,8.0,100.0,61,95,3
G3_Onmem_plus,$\mathrm{IDP}_{50}$-Mem,NAC_antisymmetric_BB_contact_survival,antisymmetric_nac_bb,Any 1 antisymmetric NAC BB,chain_pair,last_40,largest_cluster,96000.0,2.653505280475508e-05,3.7526231554770874e-05,1086.5658772971822,3213.9704310813545,1904.9947522239588,0.8,8.0,100.0,61,95,3
G3_Onmem_plus,$\mathrm{IDP}_{50}$-Mem,NAC_antisymmetric_BB_contact_survival,antisymmetric_nac_bb,Any 1 antisymmetric NAC BB,chain_pair,last_40,largest_cluster,97000.0,2.653505280475508e-05,3.7526231554770874e-05,1086.5658772971822,3213.9704310813545,1904.9947522239588,0.8,8.0,100.0,61,95,3
G3_Onmem_plus,$\mathrm{IDP}_{50}$-Mem,NAC_antisymmetric_BB_contact_survival,antisymmetric_nac_bb,Any 1 antisymmetric NAC BB,chain_pair,last_40,largest_cluster,98000.0,2.653505280475508e-05,3.7526231554770874e-05,1086.5658772971822,3213.9704310813545,1904.9947522239588,0.8,8.0,100.0,61,95,3
G3_Onmem_plus,$\mathrm{IDP}_{50}$-Mem,NAC_antisymmetric_BB_contact_survival,antisymmetric_nac_bb,Any 1 antisymmetric NAC BB,chain_pair,last_40,largest_cluster,99000.0,2.653505280475508e-05,3.7526231554770874e-05,1086.5658772971822,3213.9704310813545,1904.9947522239588,0.8,8.0,100.0,61,95,3
G3_Onmem_plus,$\mathrm{IDP}_{50}$-Mem,NAC_antisymmetric_BB_contact_survival,antisymmetric_nac_bb,Any 1 antisymmetric NAC BB,chain_pair,last_40,largest_cluster,100000.0,2.653505280475508e-05,3.7526231554770874e-05,1086.5658772971822,3213.9704310813545,1904.9947522239588,0.8,8.0,100.0,61,95,3
G3_Onmem_plus,$\mathrm{IDP}_{50}$-Mem,NAC_antisymmetric_BB_contact_survival,antisymmetric_nac_bb,Any 1 antisymmetric NAC BB,chain_pair,last_40,largest_cluster,101000.0,2.653505280475508e-05,3.7526231554770874e-05,1086.5658772971822,3213.9704310813545,1904.9947522239588,0.8,8.0,100.0,61,95,3
G3_Onmem_plus,$\mathrm{IDP}_{50}$-Mem,NAC_antisymmetric_BB_contact_survival,antisymmetric_nac_bb,Any 1 antisymmetric NAC BB,chain_pair,last_40,largest_cluster,102000.0,2.653505280475508e-05,3.7526231554770874e-05,1086.5658772971822,3213.9704310813545,1904.9947522239588,0.8,8.0,100.0,61,95,3
G3_Onmem_plus,$\mathrm{IDP}_{50}$-Mem,NAC_antisymmetric_BB_contact_survival,antisymmetric_nac_bb,Any 1 antisymmetric NAC BB,chain_pair,last_40,largest_cluster,103000.0,2.653505280475508e-05,3.7526231554770874e-05,1086.5658772971822,3213.9704310813545,1904.9947522239588,0.8,8.0,100.0,61,95,3
G3_Onmem_plus,$\mathrm{IDP}_{50}$-Mem,NAC_antisymmetric_BB_contact_survival,antisymmetric_nac_bb,Any 1 antisymmetric NAC BB,chain_pair,last_40,largest_cluster,104000.0,2.653505280475508e-05,3.7526231554770874e-05,1086.5658772971822,3213.9704310813545,1904.9947522239588,0.8,8.0,100.0,61,95,3
G3_Onmem_plus,$\mathrm{IDP}_{50}$-Mem,NAC_antisymmetric_BB_contact_survival,antisymmetric_nac_bb,Any 1 antisymmetric NAC BB,chain_pair,last_40,largest_cluster,105000.0,2.653505280475508e-05,3.7526231554770874e-05,1086.5658772971822,3213.9704310813545,1904.9947522239588,0.8,8.0,100.0,61,95,3
G3_Onmem_plus,$\mathrm{IDP}_{50}$-Mem,NAC_antisymmetric_BB_contact_survival,antisymmetric_nac_bb,Any 1 antisymmetric NAC BB,chain_pair,last_40,largest_cluster,106000.0,2.653505280475508e-05,3.7526231554770874e-05,1086.5658772971822,3213.9704310813545,1904.9947522239588,0.8,8.0,100.0,61,95,3
G3_Onmem_plus,$\mathrm{IDP}_{50}$-Mem,NAC_antisymmetric_BB_contact_survival,antisymmetric_nac_bb,Any 1 antisymmetric NAC BB,chain_pair,last_40,largest_cluster,107000.0,2.653505280475508e-05,3.7526231554770874e-05,1086.5658772971822,3213.9704310813545,1904.9947522239588,0.8,8.0,100.0,61,95,3
G3_Onmem_plus,$\mathrm{IDP}_{50}$-Mem,NAC_antisymmetric_BB_contact_survival,antisymmetric_nac_bb,Any 1 antisymmetric NAC BB,chain_pair,last_40,largest_cluster,108000.0,2.653505280475508e-05,3.7526231554770874e-05,1086.5658772971822,3213.9704310813545,1904.9947522239588,0.8,8.0,100.0,61,95,3
G3_Onmem_plus,$\mathrm{IDP}_{50}$-Mem,NAC_antisymmetric_BB_contact_survival,antisymmetric_nac_bb,Any 1 antisymmetric NAC BB,chain_pair,last_40,largest_cluster,109000.0,2.653505280475508e-05,3.7526231554770874e-05,1086.5658772971822,3213.9704310813545,1904.9947522239588,0.8,8.0,100.0,61,95,3
G3_Onmem_plus,$\mathrm{IDP}_{50}$-Mem,NAC_antisymmetric_BB_contact_survival,antisymmetric_nac_bb,Any 1 antisymmetric NAC BB,chain_pair,last_40,largest_cluster,110000.0,2.653505280475508e-05,3.7526231554770874e-05,1086.5658772971822,3213.9704310813545,1904.9947522239588,0.8,8.0,100.0,61,95,3
G3_Onmem_plus,$\mathrm{IDP}_{50}$-Mem,NAC_antisymmetric_BB_contact_survival,antisymmetric_nac_bb,Any 1 antisymmetric NAC BB,chain_pair,last_40,largest_cluster,111000.0,2.653505280475508e-05,3.7526231554770874e-05,1086.5658772971822,3213.9704310813545,1904.9947522239588,0.8,8.0,100.0,61,95,3
G3_Onmem_plus,$\mathrm{IDP}_{50}$-Mem,NAC_antisymmetric_BB_contact_survival,antisymmetric_nac_bb,Any 1 antisymmetric NAC BB,chain_pair,last_40,largest_cluster,112000.0,2.653505280475508e-05,3.7526231554770874e-05,1086.5658772971822,3213.9704310813545,1904.9947522239588,0.8,8.0,100.0,61,95,3
G3_Onmem_plus,$\mathrm{IDP}_{50}$-Mem,NAC_antisymmetric_BB_contact_survival,antisymmetric_nac_bb,Any 1 antisymmetric NAC BB,chain_pair,last_40,largest_cluster,113000.0,2.653505280475508e-05,3.7526231554770874e-05,1086.5658772971822,3213.9704310813545,1904.9947522239588,0.8,8.0,100.0,61,95,3
G3_Onmem_plus,$\mathrm{IDP}_{50}$-Mem,NAC_antisymmetric_BB_contact_survival,antisymmetric_nac_bb,Any 1 antisymmetric NAC BB,chain_pair,last_40,largest_cluster,114000.0,2.653505280475508e-05,3.7526231554770874e-05,1086.5658772971822,3213.9704310813545,1904.9947522239588,0.8,8.0,100.0,61,95,3
G3_Onmem_plus,$\mathrm{IDP}_{50}$-Mem,NAC_antisymmetric_BB_contact_survival,antisymmetric_nac_bb,Any 1 antisymmetric NAC BB,chain_pair,last_40,largest_cluster,115000.0,2.653505280475508e-05,3.7526231554770874e-05,1086.5658772971822,3213.9704310813545,1904.9947522239588,0.8,8.0,100.0,61,95,3
G3_Onmem_plus,$\mathrm{IDP}_{50}$-Mem,NAC_antisymmetric_BB_contact_survival,antisymmetric_nac_bb,Any 1 antisymmetric NAC BB,chain_pair,last_40,largest_cluster,116000.0,2.653505280475508e-05,3.7526231554770874e-05,1086.5658772971822,3213.9704310813545,1904.9947522239588,0.8,8.0,100.0,61,95,3
G3_Onmem_plus,$\mathrm{IDP}_{50}$-Mem,NAC_antisymmetric_BB_contact_survival,antisymmetric_nac_bb,Any 1 antisymmetric NAC BB,chain_pair,last_40,largest_cluster,117000.0,2.653505280475508e-05,3.7526231554770874e-05,1086.5658772971822,3213.9704310813545,1904.9947522239588,0.8,8.0,100.0,61,95,3
G3_Onmem_plus,$\mathrm{IDP}_{50}$-Mem,NAC_antisymmetric_BB_contact_survival,antisymmetric_nac_bb,Any 1 antisymmetric NAC BB,chain_pair,last_40,largest_cluster,118000.0,2.653505280475508e-05,3.7526231554770874e-05,1086.5658772971822,3213.9704310813545,1904.9947522239588,0.8,8.0,100.0,61,95,3
G3_Onmem_plus,$\mathrm{IDP}_{50}$-Mem,NAC_antisymmetric_BB_contact_survival,antisymmetric_nac_bb,Any 1 antisymmetric NAC BB,chain_pair,last_40,largest_cluster,119000.0,2.653505280475508e-05,3.7526231554770874e-05,1086.5658772971822,3213.9704310813545,1904.9947522239588,0.8,8.0,100.0,61,95,3
G3_Onmem_plus,$\mathrm{IDP}_{50}$-Mem,NAC_antisymmetric_BB_contact_survival,antisymmetric_nac_bb,Any 1 antisymmetric NAC BB,chain_pair,last_40,largest_cluster,120000.0,2.653505280475508e-05,3.7526231554770874e-05,1086.5658772971822,3213.9704310813545,1904.9947522239588,0.8,8.0,100.0,61,95,3
G3_Onmem_plus,$\mathrm{IDP}_{50}$-Mem,NAC_antisymmetric_BB_contact_survival,antisymmetric_nac_bb,Any 1 antisymmetric NAC BB,chain_pair,last_40,largest_cluster,121000.0,2.653505280475508e-05,3.7526231554770874e-05,1086.5658772971822,3213.9704310813545,1904.9947522239588,0.8,8.0,100.0,61,95,3
G3_Onmem_plus,$\mathrm{IDP}_{50}$-Mem,NAC_antisymmetric_BB_contact_survival,antisymmetric_nac_bb,Any 1 antisymmetric NAC BB,chain_pair,last_40,largest_cluster,122000.0,2.653505280475508e-05,3.7526231554770874e-05,1086.5658772971822,3213.9704310813545,1904.9947522239588,0.8,8.0,100.0,61,95,3
G3_Onmem_plus,$\mathrm{IDP}_{50}$-Mem,NAC_antisymmetric_BB_contact_survival,antisymmetric_nac_bb,Any 1 antisymmetric NAC BB,chain_pair,last_40,largest_cluster,123000.0,2.653505280475508e-05,3.7526231554770874e-05,1086.5658772971822,3213.9704310813545,1904.9947522239588,0.8,8.0,100.0,61,95,3
G3_Onmem_plus,$\mathrm{IDP}_{50}$-Mem,NAC_antisymmetric_BB_contact_survival,antisymmetric_nac_bb,Any 1 antisymmetric NAC BB,chain_pair,last_40,largest_cluster,124000.0,2.653505280475508e-05,3.7526231554770874e-05,1086.5658772971822,3213.9704310813545,1904.9947522239588,0.8,8.0,100.0,61,95,3
G4_Onmem_wall,$\mathrm{Hel}_{10}\mathrm{IDP}_{40}$-Mem,NAC_antisymmetric_BB_contact_survival,antisymmetric_nac_bb,Any 1 antisymmetric NAC BB,chain_pair,all,largest_cluster,0.0,1.0,0.0,1117.7497482891868,3315.2271734120404,1971.8422461006692,0.8,8.0,100.0,61,95,3
G4_Onmem_wall,$\mathrm{Hel}_{10}\mathrm{IDP}_{40}$-Mem,NAC_antisymmetric_BB_contact_survival,antisymmetric_nac_bb,Any 1 antisymmetric NAC BB,chain_pair,all,largest_cluster,1000.0,0.3905091303560531,0.004085819258887203,1117.7497482891868,3315.2271734120404,1971.8422461006692,0.8,8.0,100.0,61,95,3
G4_Onmem_wall,$\mathrm{Hel}_{10}\mathrm{IDP}_{40}$-Mem,NAC_antisymmetric_BB_contact_survival,antisymmetric_nac_bb,Any 1 antisymmetric NAC BB,chain_pair,all,largest_cluster,2000.0,0.19832452263159736,0.006979563575660429,1117.7497482891868,3315.2271734120404,1971.8422461006692,0.8,8.0,100.0,61,95,3
G4_Onmem_wall,$\mathrm{Hel}_{10}\mathrm{IDP}_{40}$-Mem,NAC_antisymmetric_BB_contact_survival,antisymmetric_nac_bb,Any 1 antisymmetric NAC BB,chain_pair,all,largest_cluster,3000.0,0.11347214969933284,0.0066016780279617784,1117.7497482891868,3315.2271734120404,1971.8422461006692,0.8,8.0,100.0,61,95,3
G4_Onmem_wall,$\mathrm{Hel}_{10}\mathrm{IDP}_{40}$-Mem,NAC_antisymmetric_BB_contact_survival,antisymmetric_nac_bb,Any 1 antisymmetric NAC BB,chain_pair,all,largest_cluster,4000.0,0.07073424245133338,0.005439085154577488,1117.7497482891868,3315.2271734120404,1971.8422461006692,0.8,8.0,100.0,61,95,3
G4_Onmem_wall,$\mathrm{Hel}_{10}\mathrm{IDP}_{40}$-Mem,NAC_antisymmetric_BB_contact_survival,antisymmetric_nac_bb,Any 1 antisymmetric NAC BB,chain_pair,all,largest_cluster,5000.0,0.04507548228242553,0.004187765918602851,1117.7497482891868,3315.2271734120404,1971.8422461006692,0.8,8.0,100.0,61,95,3
G4_Onmem_wall,$\mathrm{Hel}_{10}\mathrm{IDP}_{40}$-Mem,NAC_antisymmetric_BB_contact_survival,antisymmetric_nac_bb,Any 1 antisymmetric NAC BB,chain_pair,all,largest_cluster,6000.0,0.030804257118385258,0.0028012849029966772,1117.7497482891868,3315.2271734120404,1971.8422461006692,0.8,8.0,100.0,61,95,3
G4_Onmem_wall,$\mathrm{Hel}_{10}\mathrm{IDP}_{40}$-Mem,NAC_antisymmetric_BB_contact_survival,antisymmetric_nac_bb,Any 1 antisymmetric NAC BB,chain_pair,all,largest_cluster,7000.0,0.021659869363636217,0.001415284593584055,1117.7497482891868,3315.2271734120404,1971.8422461006692,0.8,8.0,100.0,61,95,3
G4_Onmem_wall,$\mathrm{Hel}_{10}\mathrm{IDP}_{40}$-Mem,NAC_antisymmetric_BB_contact_survival,antisymmetric_nac_bb,Any 1 antisymmetric NAC BB,chain_pair,all,largest_cluster,8000.0,0.01579901975903372,0.0006266996971730435,1117.7497482891868,3315.2271734120404,1971.8422461006692,0.8,8.0,100.0,61,95,3
G4_Onmem_wall,$\mathrm{Hel}_{10}\mathrm{IDP}_{40}$-Mem,NAC_antisymmetric_BB_contact_survival,antisymmetric_nac_bb,Any 1 antisymmetric NAC BB,chain_pair,all,largest_cluster,9000.0,0.011568684573259673,0.0005052310053073896,1117.7497482891868,3315.2271734120404,1971.8422461006692,0.8,8.0,100.0,61,95,3
G4_Onmem_wall,$\mathrm{Hel}_{10}\mathrm{IDP}_{40}$-Mem,NAC_antisymmetric_BB_contact_survival,antisymmetric_nac_bb,Any 1 antisymmetric NAC BB,chain_pair,all,largest_cluster,10000.0,0.0087473834936298,0.00047530252428694387,1117.7497482891868,3315.2271734120404,1971.8422461006692,0.8,8.0,100.0,61,95,3
G4_Onmem_wall,$\mathrm{Hel}_{10}\mathrm{IDP}_{40}$-Mem,NAC_antisymmetric_BB_contact_survival,antisymmetric_nac_bb,Any 1 antisymmetric NAC BB,chain_pair,all,largest_cluster,11000.0,0.0070602913952689875,0.00039449977429783476,1117.7497482891868,3315.2271734120404,1971.8422461006692,0.8,8.0,100.0,61,95,3
G4_Onmem_wall,$\mathrm{Hel}_{10}\mathrm{IDP}_{40}$-Mem,NAC_antisymmetric_BB_contact_survival,antisymmetric_nac_bb,Any 1 antisymmetric NAC BB,chain_pair,all,largest_cluster,12000.0,0.005496675350701859,0.00033322607016495593,1117.7497482891868,3315.2271734120404,1971.8422461006692,0.8,8.0,100.0,61,95,3
G4_Onmem_wall,$\mathrm{Hel}_{10}\mathrm{IDP}_{40}$-Mem,NAC_antisymmetric_BB_contact_survival,antisymmetric_nac_bb,Any 1 antisymmetric NAC BB,chain_pair,all,largest_cluster,13000.0,0.004432161936226807,8.186469505126561e-05,1117.7497482891868,3315.2271734120404,1971.8422461006692,0.8,8.0,100.0,61,95,3
G4_Onmem_wall,$\mathrm{Hel}_{10}\mathrm{IDP}_{40}$-Mem,NAC_antisymmetric_BB_contact_survival,antisymmetric_nac_bb,Any 1 antisymmetric NAC BB,chain_pair,all,largest_cluster,14000.0,0.003578770072154211,6.13366647569289e-05,1117.7497482891868,3315.2271734120404,1971.8422461006692,0.8,8.0,100.0,61,95,3
G4_Onmem_wall,$\mathrm{Hel}_{10}\mathrm{IDP}_{40}$-Mem,NAC_antisymmetric_BB_contact_survival,antisymmetric_nac_bb,Any 1 antisymmetric NAC BB,chain_pair,all,largest_cluster,15000.0,0.002800350599848815,8.160415964700835e-05,1117.7497482891868,3315.2271734120404,1971.8422461006692,0.8,8.0,100.0,61,95,3
G4_Onmem_wall,$\mathrm{Hel}_{10}\mathrm{IDP}_{40}$-Mem,NAC_antisymmetric_BB_contact_survival,antisymmetric_nac_bb,Any 1 antisymmetric NAC BB,chain_pair,all,largest_cluster,16000.0,0.002301983627277499,0.0001191366569025728,1117.7497482891868,3315.2271734120404,1971.8422461006692,0.8,8.0,100.0,61,95,3
G4_Onmem_wall,$\mathrm{Hel}_{10}\mathrm{IDP}_{40}$-Mem,NAC_antisymmetric_BB_contact_survival,antisymmetric_nac_bb,Any 1 antisymmetric NAC BB,chain_pair,all,largest_cluster,17000.0,0.001862595556623196,0.00010995806526200495,1117.7497482891868,3315.2271734120404,1971.8422461006692,0.8,8.0,100.0,61,95,3
G4_Onmem_wall,$\mathrm{Hel}_{10}\mathrm{IDP}_{40}$-Mem,NAC_antisymmetric_BB_contact_survival,antisymmetric_nac_bb,Any 1 antisymmetric NAC BB,chain_pair,all,largest_cluster,18000.0,0.0015825430568891165,0.00011364165242580235,1117.7497482891868,3315.2271734120404,1971.8422461006692,0.8,8.0,100.0,61,95,3
G4_Onmem_wall,$\mathrm{Hel}_{10}\mathrm{IDP}_{40}$-Mem,NAC_antisymmetric_BB_contact_survival,antisymmetric_nac_bb,Any 1 antisymmetric NAC BB,chain_pair,all,largest_cluster,19000.0,0.0012712392349754215,0.00019477200584694745,1117.7497482891868,3315.2271734120404,1971.8422461006692,0.8,8.0,100.0,61,95,3
G4_Onmem_wall,$\mathrm{Hel}_{10}\mathrm{IDP}_{40}$-Mem,NAC_antisymmetric_BB_contact_survival,antisymmetric_nac_bb,Any 1 antisymmetric NAC BB,chain_pair,all,largest_cluster,20000.0,0.001091717801736528,0.00012776623941630424,1117.7497482891868,3315.2271734120404,1971.8422461006692,0.8,8.0,100.0,61,95,3
G4_Onmem_wall,$\mathrm{Hel}_{10}\mathrm{IDP}_{40}$-Mem,NAC_antisymmetric_BB_contact_survival,antisymmetric_nac_bb,Any 1 antisymmetric NAC BB,chain_pair,all,largest_cluster,21000.0,0.0009987284526600702,0.0001563699177328208,1117.7497482891868,3315.2271734120404,1971.8422461006692,0.8,8.0,100.0,61,95,3
G4_Onmem_wall,$\mathrm{Hel}_{10}\mathrm{IDP}_{40}$-Mem,NAC_antisymmetric_BB_contact_survival,antisymmetric_nac_bb,Any 1 antisymmetric NAC BB,chain_pair,all,largest_cluster,22000.0,0.0008383084292351402,9.125319030040007e-05,1117.7497482891868,3315.2271734120404,1971.8422461006692,0.8,8.0,100.0,61,95,3
G4_Onmem_wall,$\mathrm{Hel}_{10}\mathrm{IDP}_{40}$-Mem,NAC_antisymmetric_BB_contact_survival,antisymmetric_nac_bb,Any 1 antisymmetric NAC BB,chain_pair,all,largest_cluster,23000.0,0.0007025080655838302,0.00015783189855847845,1117.7497482891868,3315.2271734120404,1971.8422461006692,0.8,8.0,100.0,61,95,3
G4_Onmem_wall,$\mathrm{Hel}_{10}\mathrm{IDP}_{40}$-Mem,NAC_antisymmetric_BB_contact_survival,antisymmetric_nac_bb,Any 1 antisymmetric NAC BB,chain_pair,all,largest_cluster,24000.0,0.0006332283212682611,0.0001533257813833904,1117.7497482891868,3315.2271734120404,1971.8422461006692,0.8,8.0,100.0,61,95,3
G4_Onmem_wall,$\mathrm{Hel}_{10}\mathrm{IDP}_{40}$-Mem,NAC_antisymmetric_BB_contact_survival,antisymmetric_nac_bb,Any 1 antisymmetric NAC BB,chain_pair,all,largest_cluster,25000.0,0.0006095187165073725,0.00018553446986738982,1117.7497482891868,3315.2271734120404,1971.8422461006692,0.8,8.0,100.0,61,95,3
G4_Onmem_wall,$\mathrm{Hel}_{10}\mathrm{IDP}_{40}$-Mem,NAC_antisymmetric_BB_contact_survival,antisymmetric_nac_bb,Any 1 antisymmetric NAC BB,chain_pair,all,largest_cluster,26000.0,0.0005079031975074814,0.00017288226524600307,1117.7497482891868,3315.2271734120404,1971.8422461006692,0.8,8.0,100.0,61,95,3
G4_Onmem_wall,$\mathrm{Hel}_{10}\mathrm{IDP}_{40}$-Mem,NAC_antisymmetric_BB_contact_survival,antisymmetric_nac_bb,Any 1 antisymmetric NAC BB,chain_pair,all,largest_cluster,27000.0,0.0004461651706106399,0.00013608948119986022,1117.7497482891868,3315.2271734120404,1971.8422461006692,0.8,8.0,100.0,61,95,3
G4_Onmem_wall,$\mathrm{Hel}_{10}\mathrm{IDP}_{40}$-Mem,NAC_antisymmetric_BB_contact_survival,antisymmetric_nac_bb,Any 1 antisymmetric NAC BB,chain_pair,all,largest_cluster,28000.0,0.000387360666185601,7.27458955500328e-05,1117.7497482891868,3315.2271734120404,1971.8422461006692,0.8,8.0,100.0,61,95,3
G4_Onmem_wall,$\mathrm{Hel}_{10}\mathrm{IDP}_{40}$-Mem,NAC_antisymmetric_BB_contact_survival,antisymmetric_nac_bb,Any 1 antisymmetric NAC BB,chain_pair,all,largest_cluster,29000.0,0.000387360666185601,7.27458955500328e-05,1117.7497482891868,3315.2271734120404,1971.8422461006692,0.8,8.0,100.0,61,95,3
G4_Onmem_wall,$\mathrm{Hel}_{10}\mathrm{IDP}_{40}$-Mem,NAC_antisymmetric_BB_contact_survival,antisymmetric_nac_bb,Any 1 antisymmetric NAC BB,chain_pair,all,largest_cluster,30000.0,0.0003417905266309205,4.297396358709785e-05,1117.7497482891868,3315.2271734120404,1971.8422461006692,0.8,8.0,100.0,61,95,3
G4_Onmem_wall,$\mathrm{Hel}_{10}\mathrm{IDP}_{40}$-Mem,NAC_antisymmetric_BB_contact_survival,antisymmetric_nac_bb,Any 1 antisymmetric NAC BB,chain_pair,all,largest_cluster,31000.0,0.00030191303452787086,6.283284616372859e-05,1117.7497482891868,3315.2271734120404,1971.8422461006692,0.8,8.0,100.0,61,95,3
G4_Onmem_wall,$\mathrm{Hel}_{10}\mathrm{IDP}_{40}$-Mem,NAC_antisymmetric_BB_contact_survival,antisymmetric_nac_bb,Any 1 antisymmetric NAC BB,chain_pair,all,largest_cluster,32000.0,0.00030191303452787086,6.283284616372859e-05,1117.7497482891868,3315.2271734120404,1971.8422461006692,0.8,8.0,100.0,61,95,3
G4_Onmem_wall,$\mathrm{Hel}_{10}\mathrm{IDP}_{40}$-Mem,NAC_antisymmetric_BB_contact_survival,antisymmetric_nac_bb,Any 1 antisymmetric NAC BB,chain_pair,all,largest_cluster,33000.0,0.00025634289497319034,3.223047269032341e-05,1117.7497482891868,3315.2271734120404,1971.8422461006692,0.8,8.0,100.0,61,95,3
G4_Onmem_wall,$\mathrm{Hel}_{10}\mathrm{IDP}_{40}$-Mem,NAC_antisymmetric_BB_contact_survival,antisymmetric_nac_bb,Any 1 antisymmetric NAC BB,chain_pair,all,largest_cluster,34000.0,0.00022400712028886833,2.9786882455833696e-05,1117.7497482891868,3315.2271734120404,1971.8422461006692,0.8,8.0,100.0,61,95,3
G4_Onmem_wall,$\mathrm{Hel}_{10}\mathrm{IDP}_{40}$-Mem,NAC_antisymmetric_BB_contact_survival,antisymmetric_nac_bb,Any 1 antisymmetric NAC BB,chain_pair,all,largest_cluster,35000.0,0.00022400712028886833,2.9786882455833696e-05,1117.7497482891868,3315.2271734120404,1971.8422461006692,0.8,8.0,100.0,61,95,3
G4_Onmem_wall,$\mathrm{Hel}_{10}\mathrm{IDP}_{40}$-Mem,NAC_antisymmetric_BB_contact_survival,antisymmetric_nac_bb,Any 1 antisymmetric NAC BB,chain_pair,all,largest_cluster,36000.0,0.0002002975155279797,5.015150258072649e-05,1117.7497482891868,3315.2271734120404,1971.8422461006692,0.8,8.0,100.0,61,95,3
G4_Onmem_wall,$\mathrm{Hel}_{10}\mathrm{IDP}_{40}$-Mem,NAC_antisymmetric_BB_contact_survival,antisymmetric_nac_bb,Any 1 antisymmetric NAC BB,chain_pair,all,largest_cluster,37000.0,0.00014425213608276906,8.576631058970083e-05,1117.7497482891868,3315.2271734120404,1971.8422461006692,0.8,8.0,100.0,61,95,3
G4_Onmem_wall,$\mathrm{Hel}_{10}\mathrm{IDP}_{40}$-Mem,NAC_antisymmetric_BB_contact_survival,antisymmetric_nac_bb,Any 1 antisymmetric NAC BB,chain_pair,all,largest_cluster,38000.0,0.00012054253132188044,0.00010930508160818311,1117.7497482891868,3315.2271734120404,1971.8422461006692,0.8,8.0,100.0,61,95,3
G4_Onmem_wall,$\mathrm{Hel}_{10}\mathrm{IDP}_{40}$-Mem,NAC_antisymmetric_BB_contact_survival,antisymmetric_nac_bb,Any 1 antisymmetric NAC BB,chain_pair,all,largest_cluster,39000.0,0.00012054253132188044,0.00010930508160818311,1117.7497482891868,3315.2271734120404,1971.8422461006692,0.8,8.0,100.0,61,95,3
G4_Onmem_wall,$\mathrm{Hel}_{10}\mathrm{IDP}_{40}$-Mem,NAC_antisymmetric_BB_contact_survival,antisymmetric_nac_bb,Any 1 antisymmetric NAC BB,chain_pair,all,largest_cluster,40000.0,0.00010437464397971943,0.0001150279582839999,1117.7497482891868,3315.2271734120404,1971.8422461006692,0.8,8.0,100.0,61,95,3
G4_Onmem_wall,$\mathrm{Hel}_{10}\mathrm{IDP}_{40}$-Mem,NAC_antisymmetric_BB_contact_survival,antisymmetric_nac_bb,Any 1 antisymmetric NAC BB,chain_pair,all,largest_cluster,41000.0,0.00010437464397971943,0.0001150279582839999,1117.7497482891868,3315.2271734120404,1971.8422461006692,0.8,8.0,100.0,61,95,3
G4_Onmem_wall,$\mathrm{Hel}_{10}\mathrm{IDP}_{40}$-Mem,NAC_antisymmetric_BB_contact_survival,antisymmetric_nac_bb,Any 1 antisymmetric NAC BB,chain_pair,all,largest_cluster,42000.0,0.00010437464397971943,0.0001150279582839999,1117.7497482891868,3315.2271734120404,1971.8422461006692,0.8,8.0,100.0,61,95,3
G4_Onmem_wall,$\mathrm{Hel}_{10}\mathrm{IDP}_{40}$-Mem,NAC_antisymmetric_BB_contact_survival,antisymmetric_nac_bb,Any 1 antisymmetric NAC BB,chain_pair,all,largest_cluster,43000.0,8.820675663755844e-05,0.00012474319152977814,1117.7497482891868,3315.2271734120404,1971.8422461006692,0.8,8.0,100.0,61,95,3
G4_Onmem_wall,$\mathrm{Hel}_{10}\mathrm{IDP}_{40}$-Mem,NAC_antisymmetric_BB_contact_survival,antisymmetric_nac_bb,Any 1 antisymmetric NAC BB,chain_pair,all,largest_cluster,44000.0,8.820675663755844e-05,0.00012474319152977814,1117.7497482891868,3315.2271734120404,1971.8422461006692,0.8,8.0,100.0,61,95,3
G4_Onmem_wall,$\mathrm{Hel}_{10}\mathrm{IDP}_{40}$-Mem,NAC_antisymmetric_BB_contact_survival,antisymmetric_nac_bb,Any 1 antisymmetric NAC BB,chain_pair,all,largest_cluster,45000.0,8.820675663755844e-05,0.00012474319152977814,1117.7497482891868,3315.2271734120404,1971.8422461006692,0.8,8.0,100.0,61,95,3
G4_Onmem_wall,$\mathrm{Hel}_{10}\mathrm{IDP}_{40}$-Mem,NAC_antisymmetric_BB_contact_survival,antisymmetric_nac_bb,Any 1 antisymmetric NAC BB,chain_pair,all,largest_cluster,46000.0,8.820675663755844e-05,0.00012474319152977814,1117.7497482891868,3315.2271734120404,1971.8422461006692,0.8,8.0,100.0,61,95,3
G4_Onmem_wall,$\mathrm{Hel}_{10}\mathrm{IDP}_{40}$-Mem,NAC_antisymmetric_BB_contact_survival,antisymmetric_nac_bb,Any 1 antisymmetric NAC BB,chain_pair,all,largest_cluster,47000.0,8.820675663755844e-05,0.00012474319152977814,1117.7497482891868,3315.2271734120404,1971.8422461006692,0.8,8.0,100.0,61,95,3
G4_Onmem_wall,$\mathrm{Hel}_{10}\mathrm{IDP}_{40}$-Mem,NAC_antisymmetric_BB_contact_survival,antisymmetric_nac_bb,Any 1 antisymmetric NAC BB,chain_pair,all,largest_cluster,48000.0,8.820675663755844e-05,0.00012474319152977814,1117.7497482891868,3315.2271734120404,1971.8422461006692,0.8,8.0,100.0,61,95,3
G4_Onmem_wall,$\mathrm{Hel}_{10}\mathrm{IDP}_{40}$-Mem,NAC_antisymmetric_BB_contact_survival,antisymmetric_nac_bb,Any 1 antisymmetric NAC BB,chain_pair,all,largest_cluster,49000.0,8.820675663755844e-05,0.00012474319152977814,1117.7497482891868,3315.2271734120404,1971.8422461006692,0.8,8.0,100.0,61,95,3
G4_Onmem_wall,$\mathrm{Hel}_{10}\mathrm{IDP}_{40}$-Mem,NAC_antisymmetric_BB_contact_survival,antisymmetric_nac_bb,Any 1 antisymmetric NAC BB,chain_pair,all,largest_cluster,50000.0,8.820675663755844e-05,0.00012474319152977814,1117.7497482891868,3315.2271734120404,1971.8422461006692,0.8,8.0,100.0,61,95,3
G4_Onmem_wall,$\mathrm{Hel}_{10}\mathrm{IDP}_{40}$-Mem,NAC_antisymmetric_BB_contact_survival,antisymmetric_nac_bb,Any 1 antisymmetric NAC BB,chain_pair,all,largest_cluster,51000.0,8.820675663755844e-05,0.00012474319152977814,1117.7497482891868,3315.2271734120404,1971.8422461006692,0.8,8.0,100.0,61,95,3
G4_Onmem_wall,$\mathrm{Hel}_{10}\mathrm{IDP}_{40}$-Mem,NAC_antisymmetric_BB_contact_survival,antisymmetric_nac_bb,Any 1 antisymmetric NAC BB,chain_pair,all,largest_cluster,52000.0,8.820675663755844e-05,0.00012474319152977814,1117.7497482891868,3315.2271734120404,1971.8422461006692,0.8,8.0,100.0,61,95,3
G4_Onmem_wall,$\mathrm{Hel}_{10}\mathrm{IDP}_{40}$-Mem,NAC_antisymmetric_BB_contact_survival,antisymmetric_nac_bb,Any 1 antisymmetric NAC BB,chain_pair,all,largest_cluster,53000.0,8.820675663755844e-05,0.00012474319152977814,1117.7497482891868,3315.2271734120404,1971.8422461006692,0.8,8.0,100.0,61,95,3
G4_Onmem_wall,$\mathrm{Hel}_{10}\mathrm{IDP}_{40}$-Mem,NAC_antisymmetric_BB_contact_survival,antisymmetric_nac_bb,Any 1 antisymmetric NAC BB,chain_pair,all,largest_cluster,54000.0,8.820675663755844e-05,0.00012474319152977814,1117.7497482891868,3315.2271734120404,1971.8422461006692,0.8,8.0,100.0,61,95,3
G4_Onmem_wall,$\mathrm{Hel}_{10}\mathrm{IDP}_{40}$-Mem,NAC_antisymmetric_BB_contact_survival,antisymmetric_nac_bb,Any 1 antisymmetric NAC BB,chain_pair,all,largest_cluster,55000.0,8.820675663755844e-05,0.00012474319152977814,1117.7497482891868,3315.2271734120404,1971.8422461006692,0.8,8.0,100.0,61,95,3
G4_Onmem_wall,$\mathrm{Hel}_{10}\mathrm{IDP}_{40}$-Mem,NAC_antisymmetric_BB_contact_survival,antisymmetric_nac_bb,Any 1 antisymmetric NAC BB,chain_pair,all,largest_cluster,56000.0,8.820675663755844e-05,0.00012474319152977814,1117.7497482891868,3315.2271734120404,1971.8422461006692,0.8,8.0,100.0,61,95,3
G4_Onmem_wall,$\mathrm{Hel}_{10}\mathrm{IDP}_{40}$-Mem,NAC_antisymmetric_BB_contact_survival,antisymmetric_nac_bb,Any 1 antisymmetric NAC BB,chain_pair,all,largest_cluster,57000.0,8.820675663755844e-05,0.00012474319152977814,1117.7497482891868,3315.2271734120404,1971.8422461006692,0.8,8.0,100.0,61,95,3
G4_Onmem_wall,$\mathrm{Hel}_{10}\mathrm{IDP}_{40}$-Mem,NAC_antisymmetric_BB_contact_survival,antisymmetric_nac_bb,Any 1 antisymmetric NAC BB,chain_pair,all,largest_cluster,58000.0,8.820675663755844e-05,0.00012474319152977814,1117.7497482891868,3315.2271734120404,1971.8422461006692,0.8,8.0,100.0,61,95,3
G4_Onmem_wall,$\mathrm{Hel}_{10}\mathrm{IDP}_{40}$-Mem,NAC_antisymmetric_BB_contact_survival,antisymmetric_nac_bb,Any 1 antisymmetric NAC BB,chain_pair,all,largest_cluster,59000.0,8.820675663755844e-05,0.00012474319152977814,1117.7497482891868,3315.2271734120404,1971.8422461006692,0.8,8.0,100.0,61,95,3
G4_Onmem_wall,$\mathrm{Hel}_{10}\mathrm{IDP}_{40}$-Mem,NAC_antisymmetric_BB_contact_survival,antisymmetric_nac_bb,Any 1 antisymmetric NAC BB,chain_pair,all,largest_cluster,60000.0,8.820675663755844e-05,0.00012474319152977814,1117.7497482891868,3315.2271734120404,1971.8422461006692,0.8,8.0,100.0,61,95,3
G4_Onmem_wall,$\mathrm{Hel}_{10}\mathrm{IDP}_{40}$-Mem,NAC_antisymmetric_BB_contact_survival,antisymmetric_nac_bb,Any 1 antisymmetric NAC BB,chain_pair,all,largest_cluster,61000.0,8.820675663755844e-05,0.00012474319152977814,1117.7497482891868,3315.2271734120404,1971.8422461006692,0.8,8.0,100.0,61,95,3
G4_Onmem_wall,$\mathrm{Hel}_{10}\mathrm{IDP}_{40}$-Mem,NAC_antisymmetric_BB_contact_survival,antisymmetric_nac_bb,Any 1 antisymmetric NAC BB,chain_pair,all,largest_cluster,62000.0,8.820675663755844e-05,0.00012474319152977814,1117.7497482891868,3315.2271734120404,1971.8422461006692,0.8,8.0,100.0,61,95,3
G4_Onmem_wall,$\mathrm{Hel}_{10}\mathrm{IDP}_{40}$-Mem,NAC_antisymmetric_BB_contact_survival,antisymmetric_nac_bb,Any 1 antisymmetric NAC BB,chain_pair,all,largest_cluster,63000.0,8.820675663755844e-05,0.00012474319152977814,1117.7497482891868,3315.2271734120404,1971.8422461006692,0.8,8.0,100.0,61,95,3
G4_Onmem_wall,$\mathrm{Hel}_{10}\mathrm{IDP}_{40}$-Mem,NAC_antisymmetric_BB_contact_survival,antisymmetric_nac_bb,Any 1 antisymmetric NAC BB,chain_pair,all,largest_cluster,64000.0,8.820675663755844e-05,0.00012474319152977814,1117.7497482891868,3315.2271734120404,1971.8422461006692,0.8,8.0,100.0,61,95,3
G4_Onmem_wall,$\mathrm{Hel}_{10}\mathrm{IDP}_{40}$-Mem,NAC_antisymmetric_BB_contact_survival,antisymmetric_nac_bb,Any 1 antisymmetric NAC BB,chain_pair,all,largest_cluster,65000.0,5.880450442503896e-05,8.316212768651878e-05,1117.7497482891868,3315.2271734120404,1971.8422461006692,0.8,8.0,100.0,61,95,3
G4_Onmem_wall,$\mathrm{Hel}_{10}\mathrm{IDP}_{40}$-Mem,NAC_antisymmetric_BB_contact_survival,antisymmetric_nac_bb,Any 1 antisymmetric NAC BB,chain_pair,all,largest_cluster,66000.0,5.880450442503896e-05,8.316212768651878e-05,1117.7497482891868,3315.2271734120404,1971.8422461006692,0.8,8.0,100.0,61,95,3
G4_Onmem_wall,$\mathrm{Hel}_{10}\mathrm{IDP}_{40}$-Mem,NAC_antisymmetric_BB_contact_survival,antisymmetric_nac_bb,Any 1 antisymmetric NAC BB,chain_pair,all,largest_cluster,67000.0,5.880450442503896e-05,8.316212768651878e-05,1117.7497482891868,3315.2271734120404,1971.8422461006692,0.8,8.0,100.0,61,95,3
G4_Onmem_wall,$\mathrm{Hel}_{10}\mathrm{IDP}_{40}$-Mem,NAC_antisymmetric_BB_contact_survival,antisymmetric_nac_bb,Any 1 antisymmetric NAC BB,chain_pair,all,largest_cluster,68000.0,5.880450442503896e-05,8.316212768651878e-05,1117.7497482891868,3315.2271734120404,1971.8422461006692,0.8,8.0,100.0,61,95,3
G4_Onmem_wall,$\mathrm{Hel}_{10}\mathrm{IDP}_{40}$-Mem,NAC_antisymmetric_BB_contact_survival,antisymmetric_nac_bb,Any 1 antisymmetric NAC BB,chain_pair,all,largest_cluster,69000.0,5.880450442503896e-05,8.316212768651878e-05,1117.7497482891868,3315.2271734120404,1971.8422461006692,0.8,8.0,100.0,61,95,3
G4_Onmem_wall,$\mathrm{Hel}_{10}\mathrm{IDP}_{40}$-Mem,NAC_antisymmetric_BB_contact_survival,antisymmetric_nac_bb,Any 1 antisymmetric NAC BB,chain_pair,all,largest_cluster,70000.0,5.880450442503896e-05,8.316212768651878e-05,1117.7497482891868,3315.2271734120404,1971.8422461006692,0.8,8.0,100.0,61,95,3
G4_Onmem_wall,$\mathrm{Hel}_{10}\mathrm{IDP}_{40}$-Mem,NAC_antisymmetric_BB_contact_survival,antisymmetric_nac_bb,Any 1 antisymmetric NAC BB,chain_pair,all,largest_cluster,71000.0,5.880450442503896e-05,8.316212768651878e-05,1117.7497482891868,3315.2271734120404,1971.8422461006692,0.8,8.0,100.0,61,95,3
G4_Onmem_wall,$\mathrm{Hel}_{10}\mathrm{IDP}_{40}$-Mem,NAC_antisymmetric_BB_contact_survival,antisymmetric_nac_bb,Any 1 antisymmetric NAC BB,chain_pair,all,largest_cluster,72000.0,5.880450442503896e-05,8.316212768651878e-05,1117.7497482891868,3315.2271734120404,1971.8422461006692,0.8,8.0,100.0,61,95,3
G4_Onmem_wall,$\mathrm{Hel}_{10}\mathrm{IDP}_{40}$-Mem,NAC_antisymmetric_BB_contact_survival,antisymmetric_nac_bb,Any 1 antisymmetric NAC BB,chain_pair,all,largest_cluster,73000.0,5.880450442503896e-05,8.316212768651878e-05,1117.7497482891868,3315.2271734120404,1971.8422461006692,0.8,8.0,100.0,61,95,3
G4_Onmem_wall,$\mathrm{Hel}_{10}\mathrm{IDP}_{40}$-Mem,NAC_antisymmetric_BB_contact_survival,antisymmetric_nac_bb,Any 1 antisymmetric NAC BB,chain_pair,all,largest_cluster,74000.0,5.880450442503896e-05,8.316212768651878e-05,1117.7497482891868,3315.2271734120404,1971.8422461006692,0.8,8.0,100.0,61,95,3
G4_Onmem_wall,$\mathrm{Hel}_{10}\mathrm{IDP}_{40}$-Mem,NAC_antisymmetric_BB_contact_survival,antisymmetric_nac_bb,Any 1 antisymmetric NAC BB,chain_pair,all,largest_cluster,75000.0,5.880450442503896e-05,8.316212768651878e-05,1117.7497482891868,3315.2271734120404,1971.8422461006692,0.8,8.0,100.0,61,95,3
G4_Onmem_wall,$\mathrm{Hel}_{10}\mathrm{IDP}_{40}$-Mem,NAC_antisymmetric_BB_contact_survival,antisymmetric_nac_bb,Any 1 antisymmetric NAC BB,chain_pair,all,largest_cluster,76000.0,5.880450442503896e-05,8.316212768651878e-05,1117.7497482891868,3315.2271734120404,1971.8422461006692,0.8,8.0,100.0,61,95,3
G4_Onmem_wall,$\mathrm{Hel}_{10}\mathrm{IDP}_{40}$-Mem,NAC_antisymmetric_BB_contact_survival,antisymmetric_nac_bb,Any 1 antisymmetric NAC BB,chain_pair,all,largest_cluster,77000.0,5.880450442503896e-05,8.316212768651878e-05,1117.7497482891868,3315.2271734120404,1971.8422461006692,0.8,8.0,100.0,61,95,3
G4_Onmem_wall,$\mathrm{Hel}_{10}\mathrm{IDP}_{40}$-Mem,NAC_antisymmetric_BB_contact_survival,antisymmetric_nac_bb,Any 1 antisymmetric NAC BB,chain_pair,all,largest_cluster,78000.0,5.880450442503896e-05,8.316212768651878e-05,1117.7497482891868,3315.2271734120404,1971.8422461006692,0.8,8.0,100.0,61,95,3
G4_Onmem_wall,$\mathrm{Hel}_{10}\mathrm{IDP}_{40}$-Mem,NAC_antisymmetric_BB_contact_survival,antisymmetric_nac_bb,Any 1 antisymmetric NAC BB,chain_pair,all,largest_cluster,79000.0,5.880450442503896e-05,8.316212768651878e-05,1117.7497482891868,3315.2271734120404,1971.8422461006692,0.8,8.0,100.0,61,95,3
G4_Onmem_wall,$\mathrm{Hel}_{10}\mathrm{IDP}_{40}$-Mem,NAC_antisymmetric_BB_contact_survival,antisymmetric_nac_bb,Any 1 antisymmetric NAC BB,chain_pair,all,largest_cluster,80000.0,5.880450442503896e-05,8.316212768651878e-05,1117.7497482891868,3315.2271734120404,1971.8422461006692,0.8,8.0,100.0,61,95,3
G4_Onmem_wall,$\mathrm{Hel}_{10}\mathrm{IDP}_{40}$-Mem,NAC_antisymmetric_BB_contact_survival,antisymmetric_nac_bb,Any 1 antisymmetric NAC BB,chain_pair,all,largest_cluster,81000.0,5.880450442503896e-05,8.316212768651878e-05,1117.7497482891868,3315.2271734120404,1971.8422461006692,0.8,8.0,100.0,61,95,3
G4_Onmem_wall,$\mathrm{Hel}_{10}\mathrm{IDP}_{40}$-Mem,NAC_antisymmetric_BB_contact_survival,antisymmetric_nac_bb,Any 1 antisymmetric NAC BB,chain_pair,all,largest_cluster,82000.0,5.880450442503896e-05,8.316212768651878e-05,1117.7497482891868,3315.2271734120404,1971.8422461006692,0.8,8.0,100.0,61,95,3
G4_Onmem_wall,$\mathrm{Hel}_{10}\mathrm{IDP}_{40}$-Mem,NAC_antisymmetric_BB_contact_survival,antisymmetric_nac_bb,Any 1 antisymmetric NAC BB,chain_pair,all,largest_cluster,83000.0,5.880450442503896e-05,8.316212768651878e-05,1117.7497482891868,3315.2271734120404,1971.8422461006692,0.8,8.0,100.0,61,95,3
G4_Onmem_wall,$\mathrm{Hel}_{10}\mathrm{IDP}_{40}$-Mem,NAC_antisymmetric_BB_contact_survival,antisymmetric_nac_bb,Any 1 antisymmetric NAC BB,chain_pair,all,largest_cluster,84000.0,5.880450442503896e-05,8.316212768651878e-05,1117.7497482891868,3315.2271734120404,1971.8422461006692,0.8,8.0,100.0,61,95,3
G4_Onmem_wall,$\mathrm{Hel}_{10}\mathrm{IDP}_{40}$-Mem,NAC_antisymmetric_BB_contact_survival,antisymmetric_nac_bb,Any 1 antisymmetric NAC BB,chain_pair,all,largest_cluster,85000.0,5.880450442503896e-05,8.316212768651878e-05,1117.7497482891868,3315.2271734120404,1971.8422461006692,0.8,8.0,100.0,61,95,3
G4_Onmem_wall,$\mathrm{Hel}_{10}\mathrm{IDP}_{40}$-Mem,NAC_antisymmetric_BB_contact_survival,antisymmetric_nac_bb,Any 1 antisymmetric NAC BB,chain_pair,all,largest_cluster,86000.0,5.880450442503896e-05,8.316212768651878e-05,1117.7497482891868,3315.2271734120404,1971.8422461006692,0.8,8.0,100.0,61,95,3
G4_Onmem_wall,$\mathrm{Hel}_{10}\mathrm{IDP}_{40}$-Mem,NAC_antisymmetric_BB_contact_survival,antisymmetric_nac_bb,Any 1 antisymmetric NAC BB,chain_pair,all,largest_cluster,87000.0,5.880450442503896e-05,8.316212768651878e-05,1117.7497482891868,3315.2271734120404,1971.8422461006692,0.8,8.0,100.0,61,95,3
G4_Onmem_wall,$\mathrm{Hel}_{10}\mathrm{IDP}_{40}$-Mem,NAC_antisymmetric_BB_contact_survival,antisymmetric_nac_bb,Any 1 antisymmetric NAC BB,chain_pair,all,largest_cluster,88000.0,5.880450442503896e-05,8.316212768651878e-05,1117.7497482891868,3315.2271734120404,1971.8422461006692,0.8,8.0,100.0,61,95,3
G4_Onmem_wall,$\mathrm{Hel}_{10}\mathrm{IDP}_{40}$-Mem,NAC_antisymmetric_BB_contact_survival,antisymmetric_nac_bb,Any 1 antisymmetric NAC BB,chain_pair,all,largest_cluster,89000.0,5.880450442503896e-05,8.316212768651878e-05,1117.7497482891868,3315.2271734120404,1971.8422461006692,0.8,8.0,100.0,61,95,3
G4_Onmem_wall,$\mathrm{Hel}_{10}\mathrm{IDP}_{40}$-Mem,NAC_antisymmetric_BB_contact_survival,antisymmetric_nac_bb,Any 1 antisymmetric NAC BB,chain_pair,all,largest_cluster,90000.0,5.880450442503896e-05,8.316212768651878e-05,1117.7497482891868,3315.2271734120404,1971.8422461006692,0.8,8.0,100.0,61,95,3
G4_Onmem_wall,$\mathrm{Hel}_{10}\mathrm{IDP}_{40}$-Mem,NAC_antisymmetric_BB_contact_survival,antisymmetric_nac_bb,Any 1 antisymmetric NAC BB,chain_pair,all,largest_cluster,91000.0,5.880450442503896e-05,8.316212768651878e-05,1117.7497482891868,3315.2271734120404,1971.8422461006692,0.8,8.0,100.0,61,95,3
G4_Onmem_wall,$\mathrm{Hel}_{10}\mathrm{IDP}_{40}$-Mem,NAC_antisymmetric_BB_contact_survival,antisymmetric_nac_bb,Any 1 antisymmetric NAC BB,chain_pair,all,largest_cluster,92000.0,5.880450442503896e-05,8.316212768651878e-05,1117.7497482891868,3315.2271734120404,1971.8422461006692,0.8,8.0,100.0,61,95,3
G4_Onmem_wall,$\mathrm{Hel}_{10}\mathrm{IDP}_{40}$-Mem,NAC_antisymmetric_BB_contact_survival,antisymmetric_nac_bb,Any 1 antisymmetric NAC BB,chain_pair,all,largest_cluster,93000.0,5.880450442503896e-05,8.316212768651878e-05,1117.7497482891868,3315.2271734120404,1971.8422461006692,0.8,8.0,100.0,61,95,3
G4_Onmem_wall,$\mathrm{Hel}_{10}\mathrm{IDP}_{40}$-Mem,NAC_antisymmetric_BB_contact_survival,antisymmetric_nac_bb,Any 1 antisymmetric NAC BB,chain_pair,all,largest_cluster,94000.0,5.880450442503896e-05,8.316212768651878e-05,1117.7497482891868,3315.2271734120404,1971.8422461006692,0.8,8.0,100.0,61,95,3
G4_Onmem_wall,$\mathrm{Hel}_{10}\mathrm{IDP}_{40}$-Mem,NAC_antisymmetric_BB_contact_survival,antisymmetric_nac_bb,Any 1 antisymmetric NAC BB,chain_pair,all,largest_cluster,95000.0,5.880450442503896e-05,8.316212768651878e-05,1117.7497482891868,3315.2271734120404,1971.8422461006692,0.8,8.0,100.0,61,95,3
G4_Onmem_wall,$\mathrm{Hel}_{10}\mathrm{IDP}_{40}$-Mem,NAC_antisymmetric_BB_contact_survival,antisymmetric_nac_bb,Any 1 antisymmetric NAC BB,chain_pair,all,largest_cluster,96000.0,5.880450442503896e-05,8.316212768651878e-05,1117.7497482891868,3315.2271734120404,1971.8422461006692,0.8,8.0,100.0,61,95,3
G4_Onmem_wall,$\mathrm{Hel}_{10}\mathrm{IDP}_{40}$-Mem,NAC_antisymmetric_BB_contact_survival,antisymmetric_nac_bb,Any 1 antisymmetric NAC BB,chain_pair,all,largest_cluster,97000.0,5.880450442503896e-05,8.316212768651878e-05,1117.7497482891868,3315.2271734120404,1971.8422461006692,0.8,8.0,100.0,61,95,3
G4_Onmem_wall,$\mathrm{Hel}_{10}\mathrm{IDP}_{40}$-Mem,NAC_antisymmetric_BB_contact_survival,antisymmetric_nac_bb,Any 1 antisymmetric NAC BB,chain_pair,all,largest_cluster,98000.0,5.880450442503896e-05,8.316212768651878e-05,1117.7497482891868,3315.2271734120404,1971.8422461006692,0.8,8.0,100.0,61,95,3
G4_Onmem_wall,$\mathrm{Hel}_{10}\mathrm{IDP}_{40}$-Mem,NAC_antisymmetric_BB_contact_survival,antisymmetric_nac_bb,Any 1 antisymmetric NAC BB,chain_pair,all,largest_cluster,99000.0,5.880450442503896e-05,8.316212768651878e-05,1117.7497482891868,3315.2271734120404,1971.8422461006692,0.8,8.0,100.0,61,95,3
G4_Onmem_wall,$\mathrm{Hel}_{10}\mathrm{IDP}_{40}$-Mem,NAC_antisymmetric_BB_contact_survival,antisymmetric_nac_bb,Any 1 antisymmetric NAC BB,chain_pair,all,largest_cluster,100000.0,5.880450442503896e-05,8.316212768651878e-05,1117.7497482891868,3315.2271734120404,1971.8422461006692,0.8,8.0,100.0,61,95,3
G4_Onmem_wall,$\mathrm{Hel}_{10}\mathrm{IDP}_{40}$-Mem,NAC_antisymmetric_BB_contact_survival,antisymmetric_nac_bb,Any 1 antisymmetric NAC BB,chain_pair,all,largest_cluster,101000.0,5.880450442503896e-05,8.316212768651878e-05,1117.7497482891868,3315.2271734120404,1971.8422461006692,0.8,8.0,100.0,61,95,3
G4_Onmem_wall,$\mathrm{Hel}_{10}\mathrm{IDP}_{40}$-Mem,NAC_antisymmetric_BB_contact_survival,antisymmetric_nac_bb,Any 1 antisymmetric NAC BB,chain_pair,all,largest_cluster,102000.0,5.880450442503896e-05,8.316212768651878e-05,1117.7497482891868,3315.2271734120404,1971.8422461006692,0.8,8.0,100.0,61,95,3
G4_Onmem_wall,$\mathrm{Hel}_{10}\mathrm{IDP}_{40}$-Mem,NAC_antisymmetric_BB_contact_survival,antisymmetric_nac_bb,Any 1 antisymmetric NAC BB,chain_pair,all,largest_cluster,103000.0,5.880450442503896e-05,8.316212768651878e-05,1117.7497482891868,3315.2271734120404,1971.8422461006692,0.8,8.0,100.0,61,95,3
G4_Onmem_wall,$\mathrm{Hel}_{10}\mathrm{IDP}_{40}$-Mem,NAC_antisymmetric_BB_contact_survival,antisymmetric_nac_bb,Any 1 antisymmetric NAC BB,chain_pair,all,largest_cluster,104000.0,5.880450442503896e-05,8.316212768651878e-05,1117.7497482891868,3315.2271734120404,1971.8422461006692,0.8,8.0,100.0,61,95,3
G4_Onmem_wall,$\mathrm{Hel}_{10}\mathrm{IDP}_{40}$-Mem,NAC_antisymmetric_BB_contact_survival,antisymmetric_nac_bb,Any 1 antisymmetric NAC BB,chain_pair,all,largest_cluster,105000.0,5.880450442503896e-05,8.316212768651878e-05,1117.7497482891868,3315.2271734120404,1971.8422461006692,0.8,8.0,100.0,61,95,3
G4_Onmem_wall,$\mathrm{Hel}_{10}\mathrm{IDP}_{40}$-Mem,NAC_antisymmetric_BB_contact_survival,antisymmetric_nac_bb,Any 1 antisymmetric NAC BB,chain_pair,all,largest_cluster,106000.0,5.880450442503896e-05,8.316212768651878e-05,1117.7497482891868,3315.2271734120404,1971.8422461006692,0.8,8.0,100.0,61,95,3
G4_Onmem_wall,$\mathrm{Hel}_{10}\mathrm{IDP}_{40}$-Mem,NAC_antisymmetric_BB_contact_survival,antisymmetric_nac_bb,Any 1 antisymmetric NAC BB,chain_pair,all,largest_cluster,107000.0,5.880450442503896e-05,8.316212768651878e-05,1117.7497482891868,3315.2271734120404,1971.8422461006692,0.8,8.0,100.0,61,95,3
G4_Onmem_wall,$\mathrm{Hel}_{10}\mathrm{IDP}_{40}$-Mem,NAC_antisymmetric_BB_contact_survival,antisymmetric_nac_bb,Any 1 antisymmetric NAC BB,chain_pair,all,largest_cluster,108000.0,5.880450442503896e-05,8.316212768651878e-05,1117.7497482891868,3315.2271734120404,1971.8422461006692,0.8,8.0,100.0,61,95,3
G4_Onmem_wall,$\mathrm{Hel}_{10}\mathrm{IDP}_{40}$-Mem,NAC_antisymmetric_BB_contact_survival,antisymmetric_nac_bb,Any 1 antisymmetric NAC BB,chain_pair,all,largest_cluster,109000.0,5.880450442503896e-05,8.316212768651878e-05,1117.7497482891868,3315.2271734120404,1971.8422461006692,0.8,8.0,100.0,61,95,3
G4_Onmem_wall,$\mathrm{Hel}_{10}\mathrm{IDP}_{40}$-Mem,NAC_antisymmetric_BB_contact_survival,antisymmetric_nac_bb,Any 1 antisymmetric NAC BB,chain_pair,all,largest_cluster,110000.0,5.880450442503896e-05,8.316212768651878e-05,1117.7497482891868,3315.2271734120404,1971.8422461006692,0.8,8.0,100.0,61,95,3
G4_Onmem_wall,$\mathrm{Hel}_{10}\mathrm{IDP}_{40}$-Mem,NAC_antisymmetric_BB_contact_survival,antisymmetric_nac_bb,Any 1 antisymmetric NAC BB,chain_pair,all,largest_cluster,111000.0,5.880450442503896e-05,8.316212768651878e-05,1117.7497482891868,3315.2271734120404,1971.8422461006692,0.8,8.0,100.0,61,95,3
G4_Onmem_wall,$\mathrm{Hel}_{10}\mathrm{IDP}_{40}$-Mem,NAC_antisymmetric_BB_contact_survival,antisymmetric_nac_bb,Any 1 antisymmetric NAC BB,chain_pair,all,largest_cluster,112000.0,5.880450442503896e-05,8.316212768651878e-05,1117.7497482891868,3315.2271734120404,1971.8422461006692,0.8,8.0,100.0,61,95,3
G4_Onmem_wall,$\mathrm{Hel}_{10}\mathrm{IDP}_{40}$-Mem,NAC_antisymmetric_BB_contact_survival,antisymmetric_nac_bb,Any 1 antisymmetric NAC BB,chain_pair,all,largest_cluster,113000.0,5.880450442503896e-05,8.316212768651878e-05,1117.7497482891868,3315.2271734120404,1971.8422461006692,0.8,8.0,100.0,61,95,3
G4_Onmem_wall,$\mathrm{Hel}_{10}\mathrm{IDP}_{40}$-Mem,NAC_antisymmetric_BB_contact_survival,antisymmetric_nac_bb,Any 1 antisymmetric NAC BB,chain_pair,all,largest_cluster,114000.0,5.880450442503896e-05,8.316212768651878e-05,1117.7497482891868,3315.2271734120404,1971.8422461006692,0.8,8.0,100.0,61,95,3
G4_Onmem_wall,$\mathrm{Hel}_{10}\mathrm{IDP}_{40}$-Mem,NAC_antisymmetric_BB_contact_survival,antisymmetric_nac_bb,Any 1 antisymmetric NAC BB,chain_pair,all,largest_cluster,115000.0,5.880450442503896e-05,8.316212768651878e-05,1117.7497482891868,3315.2271734120404,1971.8422461006692,0.8,8.0,100.0,61,95,3
G4_Onmem_wall,$\mathrm{Hel}_{10}\mathrm{IDP}_{40}$-Mem,NAC_antisymmetric_BB_contact_survival,antisymmetric_nac_bb,Any 1 antisymmetric NAC BB,chain_pair,all,largest_cluster,116000.0,5.880450442503896e-05,8.316212768651878e-05,1117.7497482891868,3315.2271734120404,1971.8422461006692,0.8,8.0,100.0,61,95,3
G4_Onmem_wall,$\mathrm{Hel}_{10}\mathrm{IDP}_{40}$-Mem,NAC_antisymmetric_BB_contact_survival,antisymmetric_nac_bb,Any 1 antisymmetric NAC BB,chain_pair,all,largest_cluster,117000.0,5.880450442503896e-05,8.316212768651878e-05,1117.7497482891868,3315.2271734120404,1971.8422461006692,0.8,8.0,100.0,61,95,3
G4_Onmem_wall,$\mathrm{Hel}_{10}\mathrm{IDP}_{40}$-Mem,NAC_antisymmetric_BB_contact_survival,antisymmetric_nac_bb,Any 1 antisymmetric NAC BB,chain_pair,all,largest_cluster,118000.0,5.880450442503896e-05,8.316212768651878e-05,1117.7497482891868,3315.2271734120404,1971.8422461006692,0.8,8.0,100.0,61,95,3
G4_Onmem_wall,$\mathrm{Hel}_{10}\mathrm{IDP}_{40}$-Mem,NAC_antisymmetric_BB_contact_survival,antisymmetric_nac_bb,Any 1 antisymmetric NAC BB,chain_pair,all,largest_cluster,119000.0,5.880450442503896e-05,8.316212768651878e-05,1117.7497482891868,3315.2271734120404,1971.8422461006692,0.8,8.0,100.0,61,95,3
G4_Onmem_wall,$\mathrm{Hel}_{10}\mathrm{IDP}_{40}$-Mem,NAC_antisymmetric_BB_contact_survival,antisymmetric_nac_bb,Any 1 antisymmetric NAC BB,chain_pair,all,largest_cluster,120000.0,5.880450442503896e-05,8.316212768651878e-05,1117.7497482891868,3315.2271734120404,1971.8422461006692,0.8,8.0,100.0,61,95,3
G4_Onmem_wall,$\mathrm{Hel}_{10}\mathrm{IDP}_{40}$-Mem,NAC_antisymmetric_BB_contact_survival,antisymmetric_nac_bb,Any 1 antisymmetric NAC BB,chain_pair,all,largest_cluster,121000.0,5.880450442503896e-05,8.316212768651878e-05,1117.7497482891868,3315.2271734120404,1971.8422461006692,0.8,8.0,100.0,61,95,3
G4_Onmem_wall,$\mathrm{Hel}_{10}\mathrm{IDP}_{40}$-Mem,NAC_antisymmetric_BB_contact_survival,antisymmetric_nac_bb,Any 1 antisymmetric NAC BB,chain_pair,all,largest_cluster,122000.0,5.880450442503896e-05,8.316212768651878e-05,1117.7497482891868,3315.2271734120404,1971.8422461006692,0.8,8.0,100.0,61,95,3
G4_Onmem_wall,$\mathrm{Hel}_{10}\mathrm{IDP}_{40}$-Mem,NAC_antisymmetric_BB_contact_survival,antisymmetric_nac_bb,Any 1 antisymmetric NAC BB,chain_pair,all,largest_cluster,123000.0,5.880450442503896e-05,8.316212768651878e-05,1117.7497482891868,3315.2271734120404,1971.8422461006692,0.8,8.0,100.0,61,95,3
G4_Onmem_wall,$\mathrm{Hel}_{10}\mathrm{IDP}_{40}$-Mem,NAC_antisymmetric_BB_contact_survival,antisymmetric_nac_bb,Any 1 antisymmetric NAC BB,chain_pair,all,largest_cluster,124000.0,5.880450442503896e-05,8.316212768651878e-05,1117.7497482891868,3315.2271734120404,1971.8422461006692,0.8,8.0,100.0,61,95,3
G4_Onmem_wall,$\mathrm{Hel}_{10}\mathrm{IDP}_{40}$-Mem,NAC_antisymmetric_BB_contact_survival,antisymmetric_nac_bb,Any 1 antisymmetric NAC BB,chain_pair,all,largest_cluster,125000.0,5.880450442503896e-05,8.316212768651878e-05,1117.7497482891868,3315.2271734120404,1971.8422461006692,0.8,8.0,100.0,61,95,3
G4_Onmem_wall,$\mathrm{Hel}_{10}\mathrm{IDP}_{40}$-Mem,NAC_antisymmetric_BB_contact_survival,antisymmetric_nac_bb,Any 1 antisymmetric NAC BB,chain_pair,all,largest_cluster,126000.0,5.880450442503896e-05,8.316212768651878e-05,1117.7497482891868,3315.2271734120404,1971.8422461006692,0.8,8.0,100.0,61,95,3
G4_Onmem_wall,$\mathrm{Hel}_{10}\mathrm{IDP}_{40}$-Mem,NAC_antisymmetric_BB_contact_survival,antisymmetric_nac_bb,Any 1 antisymmetric NAC BB,chain_pair,all,largest_cluster,127000.0,5.880450442503896e-05,8.316212768651878e-05,1117.7497482891868,3315.2271734120404,1971.8422461006692,0.8,8.0,100.0,61,95,3
G4_Onmem_wall,$\mathrm{Hel}_{10}\mathrm{IDP}_{40}$-Mem,NAC_antisymmetric_BB_contact_survival,antisymmetric_nac_bb,Any 1 antisymmetric NAC BB,chain_pair,all,largest_cluster,128000.0,5.880450442503896e-05,8.316212768651878e-05,1117.7497482891868,3315.2271734120404,1971.8422461006692,0.8,8.0,100.0,61,95,3
G4_Onmem_wall,$\mathrm{Hel}_{10}\mathrm{IDP}_{40}$-Mem,NAC_antisymmetric_BB_contact_survival,antisymmetric_nac_bb,Any 1 antisymmetric NAC BB,chain_pair,all,largest_cluster,129000.0,5.880450442503896e-05,8.316212768651878e-05,1117.7497482891868,3315.2271734120404,1971.8422461006692,0.8,8.0,100.0,61,95,3
G4_Onmem_wall,$\mathrm{Hel}_{10}\mathrm{IDP}_{40}$-Mem,NAC_antisymmetric_BB_contact_survival,antisymmetric_nac_bb,Any 1 antisymmetric NAC BB,chain_pair,all,largest_cluster,130000.0,5.880450442503896e-05,8.316212768651878e-05,1117.7497482891868,3315.2271734120404,1971.8422461006692,0.8,8.0,100.0,61,95,3
G4_Onmem_wall,$\mathrm{Hel}_{10}\mathrm{IDP}_{40}$-Mem,NAC_antisymmetric_BB_contact_survival,antisymmetric_nac_bb,Any 1 antisymmetric NAC BB,chain_pair,all,largest_cluster,131000.0,5.880450442503896e-05,8.316212768651878e-05,1117.7497482891868,3315.2271734120404,1971.8422461006692,0.8,8.0,100.0,61,95,3
G4_Onmem_wall,$\mathrm{Hel}_{10}\mathrm{IDP}_{40}$-Mem,NAC_antisymmetric_BB_contact_survival,antisymmetric_nac_bb,Any 1 antisymmetric NAC BB,chain_pair,all,largest_cluster,132000.0,5.880450442503896e-05,8.316212768651878e-05,1117.7497482891868,3315.2271734120404,1971.8422461006692,0.8,8.0,100.0,61,95,3
G4_Onmem_wall,$\mathrm{Hel}_{10}\mathrm{IDP}_{40}$-Mem,NAC_antisymmetric_BB_contact_survival,antisymmetric_nac_bb,Any 1 antisymmetric NAC BB,chain_pair,all,largest_cluster,133000.0,5.880450442503896e-05,8.316212768651878e-05,1117.7497482891868,3315.2271734120404,1971.8422461006692,0.8,8.0,100.0,61,95,3
G4_Onmem_wall,$\mathrm{Hel}_{10}\mathrm{IDP}_{40}$-Mem,NAC_antisymmetric_BB_contact_survival,antisymmetric_nac_bb,Any 1 antisymmetric NAC BB,chain_pair,all,largest_cluster,134000.0,5.880450442503896e-05,8.316212768651878e-05,1117.7497482891868,3315.2271734120404,1971.8422461006692,0.8,8.0,100.0,61,95,3
G4_Onmem_wall,$\mathrm{Hel}_{10}\mathrm{IDP}_{40}$-Mem,NAC_antisymmetric_BB_contact_survival,antisymmetric_nac_bb,Any 1 antisymmetric NAC BB,chain_pair,all,largest_cluster,135000.0,5.880450442503896e-05,8.316212768651878e-05,1117.7497482891868,3315.2271734120404,1971.8422461006692,0.8,8.0,100.0,61,95,3
G4_Onmem_wall,$\mathrm{Hel}_{10}\mathrm{IDP}_{40}$-Mem,NAC_antisymmetric_BB_contact_survival,antisymmetric_nac_bb,Any 1 antisymmetric NAC BB,chain_pair,all,largest_cluster,136000.0,5.880450442503896e-05,8.316212768651878e-05,1117.7497482891868,3315.2271734120404,1971.8422461006692,0.8,8.0,100.0,61,95,3
G4_Onmem_wall,$\mathrm{Hel}_{10}\mathrm{IDP}_{40}$-Mem,NAC_antisymmetric_BB_contact_survival,antisymmetric_nac_bb,Any 1 antisymmetric NAC BB,chain_pair,all,largest_cluster,137000.0,5.880450442503896e-05,8.316212768651878e-05,1117.7497482891868,3315.2271734120404,1971.8422461006692,0.8,8.0,100.0,61,95,3
G4_Onmem_wall,$\mathrm{Hel}_{10}\mathrm{IDP}_{40}$-Mem,NAC_antisymmetric_BB_contact_survival,antisymmetric_nac_bb,Any 1 antisymmetric NAC BB,chain_pair,all,largest_cluster,138000.0,5.880450442503896e-05,8.316212768651878e-05,1117.7497482891868,3315.2271734120404,1971.8422461006692,0.8,8.0,100.0,61,95,3
G4_Onmem_wall,$\mathrm{Hel}_{10}\mathrm{IDP}_{40}$-Mem,NAC_antisymmetric_BB_contact_survival,antisymmetric_nac_bb,Any 1 antisymmetric NAC BB,chain_pair,all,largest_cluster,139000.0,5.880450442503896e-05,8.316212768651878e-05,1117.7497482891868,3315.2271734120404,1971.8422461006692,0.8,8.0,100.0,61,95,3
G4_Onmem_wall,$\mathrm{Hel}_{10}\mathrm{IDP}_{40}$-Mem,NAC_antisymmetric_BB_contact_survival,antisymmetric_nac_bb,Any 1 antisymmetric NAC BB,chain_pair,all,largest_cluster,140000.0,5.880450442503896e-05,8.316212768651878e-05,1117.7497482891868,3315.2271734120404,1971.8422461006692,0.8,8.0,100.0,61,95,3
G4_Onmem_wall,$\mathrm{Hel}_{10}\mathrm{IDP}_{40}$-Mem,NAC_antisymmetric_BB_contact_survival,antisymmetric_nac_bb,Any 1 antisymmetric NAC BB,chain_pair,all,largest_cluster,141000.0,5.880450442503896e-05,8.316212768651878e-05,1117.7497482891868,3315.2271734120404,1971.8422461006692,0.8,8.0,100.0,61,95,3
G4_Onmem_wall,$\mathrm{Hel}_{10}\mathrm{IDP}_{40}$-Mem,NAC_antisymmetric_BB_contact_survival,antisymmetric_nac_bb,Any 1 antisymmetric NAC BB,chain_pair,all,largest_cluster,142000.0,5.880450442503896e-05,8.316212768651878e-05,1117.7497482891868,3315.2271734120404,1971.8422461006692,0.8,8.0,100.0,61,95,3
G4_Onmem_wall,$\mathrm{Hel}_{10}\mathrm{IDP}_{40}$-Mem,NAC_antisymmetric_BB_contact_survival,antisymmetric_nac_bb,Any 1 antisymmetric NAC BB,chain_pair,all,largest_cluster,143000.0,5.880450442503896e-05,8.316212768651878e-05,1117.7497482891868,3315.2271734120404,1971.8422461006692,0.8,8.0,100.0,61,95,3
G4_Onmem_wall,$\mathrm{Hel}_{10}\mathrm{IDP}_{40}$-Mem,NAC_antisymmetric_BB_contact_survival,antisymmetric_nac_bb,Any 1 antisymmetric NAC BB,chain_pair,all,largest_cluster,144000.0,5.880450442503896e-05,8.316212768651878e-05,1117.7497482891868,3315.2271734120404,1971.8422461006692,0.8,8.0,100.0,61,95,3
G4_Onmem_wall,$\mathrm{Hel}_{10}\mathrm{IDP}_{40}$-Mem,NAC_antisymmetric_BB_contact_survival,antisymmetric_nac_bb,Any 1 antisymmetric NAC BB,chain_pair,all,largest_cluster,145000.0,5.880450442503896e-05,8.316212768651878e-05,1117.7497482891868,3315.2271734120404,1971.8422461006692,0.8,8.0,100.0,61,95,3
G4_Onmem_wall,$\mathrm{Hel}_{10}\mathrm{IDP}_{40}$-Mem,NAC_antisymmetric_BB_contact_survival,antisymmetric_nac_bb,Any 1 antisymmetric NAC BB,chain_pair,all,largest_cluster,146000.0,5.880450442503896e-05,8.316212768651878e-05,1117.7497482891868,3315.2271734120404,1971.8422461006692,0.8,8.0,100.0,61,95,3
G4_Onmem_wall,$\mathrm{Hel}_{10}\mathrm{IDP}_{40}$-Mem,NAC_antisymmetric_BB_contact_survival,antisymmetric_nac_bb,Any 1 antisymmetric NAC BB,chain_pair,all,largest_cluster,147000.0,5.880450442503896e-05,8.316212768651878e-05,1117.7497482891868,3315.2271734120404,1971.8422461006692,0.8,8.0,100.0,61,95,3
G4_Onmem_wall,$\mathrm{Hel}_{10}\mathrm{IDP}_{40}$-Mem,NAC_antisymmetric_BB_contact_survival,antisymmetric_nac_bb,Any 1 antisymmetric NAC BB,chain_pair,all,largest_cluster,148000.0,5.880450442503896e-05,8.316212768651878e-05,1117.7497482891868,3315.2271734120404,1971.8422461006692,0.8,8.0,100.0,61,95,3
G4_Onmem_wall,$\mathrm{Hel}_{10}\mathrm{IDP}_{40}$-Mem,NAC_antisymmetric_BB_contact_survival,antisymmetric_nac_bb,Any 1 antisymmetric NAC BB,chain_pair,all,largest_cluster,149000.0,5.880450442503896e-05,8.316212768651878e-05,1117.7497482891868,3315.2271734120404,1971.8422461006692,0.8,8.0,100.0,61,95,3
G4_Onmem_wall,$\mathrm{Hel}_{10}\mathrm{IDP}_{40}$-Mem,NAC_antisymmetric_BB_contact_survival,antisymmetric_nac_bb,Any 1 antisymmetric NAC BB,chain_pair,all,largest_cluster,150000.0,5.880450442503896e-05,8.316212768651878e-05,1117.7497482891868,3315.2271734120404,1971.8422461006692,0.8,8.0,100.0,61,95,3
G4_Onmem_wall,$\mathrm{Hel}_{10}\mathrm{IDP}_{40}$-Mem,NAC_antisymmetric_BB_contact_survival,antisymmetric_nac_bb,Any 1 antisymmetric NAC BB,chain_pair,all,largest_cluster,151000.0,5.880450442503896e-05,8.316212768651878e-05,1117.7497482891868,3315.2271734120404,1971.8422461006692,0.8,8.0,100.0,61,95,3
G4_Onmem_wall,$\mathrm{Hel}_{10}\mathrm{IDP}_{40}$-Mem,NAC_antisymmetric_BB_contact_survival,antisymmetric_nac_bb,Any 1 antisymmetric NAC BB,chain_pair,all,largest_cluster,152000.0,5.880450442503896e-05,8.316212768651878e-05,1117.7497482891868,3315.2271734120404,1971.8422461006692,0.8,8.0,100.0,61,95,3
G4_Onmem_wall,$\mathrm{Hel}_{10}\mathrm{IDP}_{40}$-Mem,NAC_antisymmetric_BB_contact_survival,antisymmetric_nac_bb,Any 1 antisymmetric NAC BB,chain_pair,all,largest_cluster,153000.0,5.880450442503896e-05,8.316212768651878e-05,1117.7497482891868,3315.2271734120404,1971.8422461006692,0.8,8.0,100.0,61,95,3
G4_Onmem_wall,$\mathrm{Hel}_{10}\mathrm{IDP}_{40}$-Mem,NAC_antisymmetric_BB_contact_survival,antisymmetric_nac_bb,Any 1 antisymmetric NAC BB,chain_pair,all,largest_cluster,154000.0,5.880450442503896e-05,8.316212768651878e-05,1117.7497482891868,3315.2271734120404,1971.8422461006692,0.8,8.0,100.0,61,95,3
G4_Onmem_wall,$\mathrm{Hel}_{10}\mathrm{IDP}_{40}$-Mem,NAC_antisymmetric_BB_contact_survival,antisymmetric_nac_bb,Any 1 antisymmetric NAC BB,chain_pair,all,largest_cluster,155000.0,5.880450442503896e-05,8.316212768651878e-05,1117.7497482891868,3315.2271734120404,1971.8422461006692,0.8,8.0,100.0,61,95,3
G4_Onmem_wall,$\mathrm{Hel}_{10}\mathrm{IDP}_{40}$-Mem,NAC_antisymmetric_BB_contact_survival,antisymmetric_nac_bb,Any 1 antisymmetric NAC BB,chain_pair,all,largest_cluster,156000.0,5.880450442503896e-05,8.316212768651878e-05,1117.7497482891868,3315.2271734120404,1971.8422461006692,0.8,8.0,100.0,61,95,3
G4_Onmem_wall,$\mathrm{Hel}_{10}\mathrm{IDP}_{40}$-Mem,NAC_antisymmetric_BB_contact_survival,antisymmetric_nac_bb,Any 1 antisymmetric NAC BB,chain_pair,all,largest_cluster,157000.0,5.880450442503896e-05,8.316212768651878e-05,1117.7497482891868,3315.2271734120404,1971.8422461006692,0.8,8.0,100.0,61,95,3
G4_Onmem_wall,$\mathrm{Hel}_{10}\mathrm{IDP}_{40}$-Mem,NAC_antisymmetric_BB_contact_survival,antisymmetric_nac_bb,Any 1 antisymmetric NAC BB,chain_pair,all,largest_cluster,158000.0,5.880450442503896e-05,8.316212768651878e-05,1117.7497482891868,3315.2271734120404,1971.8422461006692,0.8,8.0,100.0,61,95,3
G4_Onmem_wall,$\mathrm{Hel}_{10}\mathrm{IDP}_{40}$-Mem,NAC_antisymmetric_BB_contact_survival,antisymmetric_nac_bb,Any 1 antisymmetric NAC BB,chain_pair,all,largest_cluster,159000.0,5.880450442503896e-05,8.316212768651878e-05,1117.7497482891868,3315.2271734120404,1971.8422461006692,0.8,8.0,100.0,61,95,3
G4_Onmem_wall,$\mathrm{Hel}_{10}\mathrm{IDP}_{40}$-Mem,NAC_antisymmetric_BB_contact_survival,antisymmetric_nac_bb,Any 1 antisymmetric NAC BB,chain_pair,all,largest_cluster,160000.0,5.880450442503896e-05,8.316212768651878e-05,1117.7497482891868,3315.2271734120404,1971.8422461006692,0.8,8.0,100.0,61,95,3
G4_Onmem_wall,$\mathrm{Hel}_{10}\mathrm{IDP}_{40}$-Mem,NAC_antisymmetric_BB_contact_survival,antisymmetric_nac_bb,Any 1 antisymmetric NAC BB,chain_pair,all,largest_cluster,161000.0,5.880450442503896e-05,8.316212768651878e-05,1117.7497482891868,3315.2271734120404,1971.8422461006692,0.8,8.0,100.0,61,95,3
G4_Onmem_wall,$\mathrm{Hel}_{10}\mathrm{IDP}_{40}$-Mem,NAC_antisymmetric_BB_contact_survival,antisymmetric_nac_bb,Any 1 antisymmetric NAC BB,chain_pair,all,largest_cluster,162000.0,5.880450442503896e-05,8.316212768651878e-05,1117.7497482891868,3315.2271734120404,1971.8422461006692,0.8,8.0,100.0,61,95,3
G4_Onmem_wall,$\mathrm{Hel}_{10}\mathrm{IDP}_{40}$-Mem,NAC_antisymmetric_BB_contact_survival,antisymmetric_nac_bb,Any 1 antisymmetric NAC BB,chain_pair,all,largest_cluster,163000.0,5.880450442503896e-05,8.316212768651878e-05,1117.7497482891868,3315.2271734120404,1971.8422461006692,0.8,8.0,100.0,61,95,3
G4_Onmem_wall,$\mathrm{Hel}_{10}\mathrm{IDP}_{40}$-Mem,NAC_antisymmetric_BB_contact_survival,antisymmetric_nac_bb,Any 1 antisymmetric NAC BB,chain_pair,all,largest_cluster,164000.0,5.880450442503896e-05,8.316212768651878e-05,1117.7497482891868,3315.2271734120404,1971.8422461006692,0.8,8.0,100.0,61,95,3
G4_Onmem_wall,$\mathrm{Hel}_{10}\mathrm{IDP}_{40}$-Mem,NAC_antisymmetric_BB_contact_survival,antisymmetric_nac_bb,Any 1 antisymmetric NAC BB,chain_pair,all,largest_cluster,165000.0,5.880450442503896e-05,8.316212768651878e-05,1117.7497482891868,3315.2271734120404,1971.8422461006692,0.8,8.0,100.0,61,95,3
G4_Onmem_wall,$\mathrm{Hel}_{10}\mathrm{IDP}_{40}$-Mem,NAC_antisymmetric_BB_contact_survival,antisymmetric_nac_bb,Any 1 antisymmetric NAC BB,chain_pair,all,largest_cluster,166000.0,5.880450442503896e-05,8.316212768651878e-05,1117.7497482891868,3315.2271734120404,1971.8422461006692,0.8,8.0,100.0,61,95,3
G4_Onmem_wall,$\mathrm{Hel}_{10}\mathrm{IDP}_{40}$-Mem,NAC_antisymmetric_BB_contact_survival,antisymmetric_nac_bb,Any 1 antisymmetric NAC BB,chain_pair,all,largest_cluster,167000.0,5.880450442503896e-05,8.316212768651878e-05,1117.7497482891868,3315.2271734120404,1971.8422461006692,0.8,8.0,100.0,61,95,3
G4_Onmem_wall,$\mathrm{Hel}_{10}\mathrm{IDP}_{40}$-Mem,NAC_antisymmetric_BB_contact_survival,antisymmetric_nac_bb,Any 1 antisymmetric NAC BB,chain_pair,all,largest_cluster,168000.0,5.880450442503896e-05,8.316212768651878e-05,1117.7497482891868,3315.2271734120404,1971.8422461006692,0.8,8.0,100.0,61,95,3
G4_Onmem_wall,$\mathrm{Hel}_{10}\mathrm{IDP}_{40}$-Mem,NAC_antisymmetric_BB_contact_survival,antisymmetric_nac_bb,Any 1 antisymmetric NAC BB,chain_pair,all,largest_cluster,169000.0,5.880450442503896e-05,8.316212768651878e-05,1117.7497482891868,3315.2271734120404,1971.8422461006692,0.8,8.0,100.0,61,95,3
G4_Onmem_wall,$\mathrm{Hel}_{10}\mathrm{IDP}_{40}$-Mem,NAC_antisymmetric_BB_contact_survival,antisymmetric_nac_bb,Any 1 antisymmetric NAC BB,chain_pair,all,largest_cluster,170000.0,5.880450442503896e-05,8.316212768651878e-05,1117.7497482891868,3315.2271734120404,1971.8422461006692,0.8,8.0,100.0,61,95,3
G4_Onmem_wall,$\mathrm{Hel}_{10}\mathrm{IDP}_{40}$-Mem,NAC_antisymmetric_BB_contact_survival,antisymmetric_nac_bb,Any 1 antisymmetric NAC BB,chain_pair,all,largest_cluster,171000.0,5.880450442503896e-05,8.316212768651878e-05,1117.7497482891868,3315.2271734120404,1971.8422461006692,0.8,8.0,100.0,61,95,3
G4_Onmem_wall,$\mathrm{Hel}_{10}\mathrm{IDP}_{40}$-Mem,NAC_antisymmetric_BB_contact_survival,antisymmetric_nac_bb,Any 1 antisymmetric NAC BB,chain_pair,all,largest_cluster,172000.0,5.880450442503896e-05,8.316212768651878e-05,1117.7497482891868,3315.2271734120404,1971.8422461006692,0.8,8.0,100.0,61,95,3
G4_Onmem_wall,$\mathrm{Hel}_{10}\mathrm{IDP}_{40}$-Mem,NAC_antisymmetric_BB_contact_survival,antisymmetric_nac_bb,Any 1 antisymmetric NAC BB,chain_pair,all,largest_cluster,173000.0,5.880450442503896e-05,8.316212768651878e-05,1117.7497482891868,3315.2271734120404,1971.8422461006692,0.8,8.0,100.0,61,95,3
G4_Onmem_wall,$\mathrm{Hel}_{10}\mathrm{IDP}_{40}$-Mem,NAC_antisymmetric_BB_contact_survival,antisymmetric_nac_bb,Any 1 antisymmetric NAC BB,chain_pair,all,largest_cluster,174000.0,5.880450442503896e-05,8.316212768651878e-05,1117.7497482891868,3315.2271734120404,1971.8422461006692,0.8,8.0,100.0,61,95,3
G4_Onmem_wall,$\mathrm{Hel}_{10}\mathrm{IDP}_{40}$-Mem,NAC_antisymmetric_BB_contact_survival,antisymmetric_nac_bb,Any 1 antisymmetric NAC BB,chain_pair,all,largest_cluster,175000.0,5.880450442503896e-05,8.316212768651878e-05,1117.7497482891868,3315.2271734120404,1971.8422461006692,0.8,8.0,100.0,61,95,3
G4_Onmem_wall,$\mathrm{Hel}_{10}\mathrm{IDP}_{40}$-Mem,NAC_antisymmetric_BB_contact_survival,antisymmetric_nac_bb,Any 1 antisymmetric NAC BB,chain_pair,all,largest_cluster,176000.0,5.880450442503896e-05,8.316212768651878e-05,1117.7497482891868,3315.2271734120404,1971.8422461006692,0.8,8.0,100.0,61,95,3
G4_Onmem_wall,$\mathrm{Hel}_{10}\mathrm{IDP}_{40}$-Mem,NAC_antisymmetric_BB_contact_survival,antisymmetric_nac_bb,Any 1 antisymmetric NAC BB,chain_pair,all,largest_cluster,177000.0,5.880450442503896e-05,8.316212768651878e-05,1117.7497482891868,3315.2271734120404,1971.8422461006692,0.8,8.0,100.0,61,95,3
G4_Onmem_wall,$\mathrm{Hel}_{10}\mathrm{IDP}_{40}$-Mem,NAC_antisymmetric_BB_contact_survival,antisymmetric_nac_bb,Any 1 antisymmetric NAC BB,chain_pair,all,largest_cluster,178000.0,5.880450442503896e-05,8.316212768651878e-05,1117.7497482891868,3315.2271734120404,1971.8422461006692,0.8,8.0,100.0,61,95,3
G4_Onmem_wall,$\mathrm{Hel}_{10}\mathrm{IDP}_{40}$-Mem,NAC_antisymmetric_BB_contact_survival,antisymmetric_nac_bb,Any 1 antisymmetric NAC BB,chain_pair,all,largest_cluster,179000.0,5.880450442503896e-05,8.316212768651878e-05,1117.7497482891868,3315.2271734120404,1971.8422461006692,0.8,8.0,100.0,61,95,3
G4_Onmem_wall,$\mathrm{Hel}_{10}\mathrm{IDP}_{40}$-Mem,NAC_antisymmetric_BB_contact_survival,antisymmetric_nac_bb,Any 1 antisymmetric NAC BB,chain_pair,all,largest_cluster,180000.0,5.880450442503896e-05,8.316212768651878e-05,1117.7497482891868,3315.2271734120404,1971.8422461006692,0.8,8.0,100.0,61,95,3
G4_Onmem_wall,$\mathrm{Hel}_{10}\mathrm{IDP}_{40}$-Mem,NAC_antisymmetric_BB_contact_survival,antisymmetric_nac_bb,Any 1 antisymmetric NAC BB,chain_pair,all,largest_cluster,181000.0,5.880450442503896e-05,8.316212768651878e-05,1117.7497482891868,3315.2271734120404,1971.8422461006692,0.8,8.0,100.0,61,95,3
G4_Onmem_wall,$\mathrm{Hel}_{10}\mathrm{IDP}_{40}$-Mem,NAC_antisymmetric_BB_contact_survival,antisymmetric_nac_bb,Any 1 antisymmetric NAC BB,chain_pair,all,largest_cluster,182000.0,5.880450442503896e-05,8.316212768651878e-05,1117.7497482891868,3315.2271734120404,1971.8422461006692,0.8,8.0,100.0,61,95,3
G4_Onmem_wall,$\mathrm{Hel}_{10}\mathrm{IDP}_{40}$-Mem,NAC_antisymmetric_BB_contact_survival,antisymmetric_nac_bb,Any 1 antisymmetric NAC BB,chain_pair,all,largest_cluster,183000.0,5.880450442503896e-05,8.316212768651878e-05,1117.7497482891868,3315.2271734120404,1971.8422461006692,0.8,8.0,100.0,61,95,3
G4_Onmem_wall,$\mathrm{Hel}_{10}\mathrm{IDP}_{40}$-Mem,NAC_antisymmetric_BB_contact_survival,antisymmetric_nac_bb,Any 1 antisymmetric NAC BB,chain_pair,all,largest_cluster,184000.0,5.880450442503896e-05,8.316212768651878e-05,1117.7497482891868,3315.2271734120404,1971.8422461006692,0.8,8.0,100.0,61,95,3
G4_Onmem_wall,$\mathrm{Hel}_{10}\mathrm{IDP}_{40}$-Mem,NAC_antisymmetric_BB_contact_survival,antisymmetric_nac_bb,Any 1 antisymmetric NAC BB,chain_pair,all,largest_cluster,185000.0,5.880450442503896e-05,8.316212768651878e-05,1117.7497482891868,3315.2271734120404,1971.8422461006692,0.8,8.0,100.0,61,95,3
G4_Onmem_wall,$\mathrm{Hel}_{10}\mathrm{IDP}_{40}$-Mem,NAC_antisymmetric_BB_contact_survival,antisymmetric_nac_bb,Any 1 antisymmetric NAC BB,chain_pair,all,largest_cluster,186000.0,5.880450442503896e-05,8.316212768651878e-05,1117.7497482891868,3315.2271734120404,1971.8422461006692,0.8,8.0,100.0,61,95,3
G4_Onmem_wall,$\mathrm{Hel}_{10}\mathrm{IDP}_{40}$-Mem,NAC_antisymmetric_BB_contact_survival,antisymmetric_nac_bb,Any 1 antisymmetric NAC BB,chain_pair,all,largest_cluster,187000.0,5.880450442503896e-05,8.316212768651878e-05,1117.7497482891868,3315.2271734120404,1971.8422461006692,0.8,8.0,100.0,61,95,3
G4_Onmem_wall,$\mathrm{Hel}_{10}\mathrm{IDP}_{40}$-Mem,NAC_antisymmetric_BB_contact_survival,antisymmetric_nac_bb,Any 1 antisymmetric NAC BB,chain_pair,all,largest_cluster,188000.0,5.880450442503896e-05,8.316212768651878e-05,1117.7497482891868,3315.2271734120404,1971.8422461006692,0.8,8.0,100.0,61,95,3
G4_Onmem_wall,$\mathrm{Hel}_{10}\mathrm{IDP}_{40}$-Mem,NAC_antisymmetric_BB_contact_survival,antisymmetric_nac_bb,Any 1 antisymmetric NAC BB,chain_pair,all,largest_cluster,189000.0,5.880450442503896e-05,8.316212768651878e-05,1117.7497482891868,3315.2271734120404,1971.8422461006692,0.8,8.0,100.0,61,95,3
G4_Onmem_wall,$\mathrm{Hel}_{10}\mathrm{IDP}_{40}$-Mem,NAC_antisymmetric_BB_contact_survival,antisymmetric_nac_bb,Any 1 antisymmetric NAC BB,chain_pair,all,largest_cluster,190000.0,5.880450442503896e-05,8.316212768651878e-05,1117.7497482891868,3315.2271734120404,1971.8422461006692,0.8,8.0,100.0,61,95,3
G4_Onmem_wall,$\mathrm{Hel}_{10}\mathrm{IDP}_{40}$-Mem,NAC_antisymmetric_BB_contact_survival,antisymmetric_nac_bb,Any 1 antisymmetric NAC BB,chain_pair,all,largest_cluster,191000.0,5.880450442503896e-05,8.316212768651878e-05,1117.7497482891868,3315.2271734120404,1971.8422461006692,0.8,8.0,100.0,61,95,3
G4_Onmem_wall,$\mathrm{Hel}_{10}\mathrm{IDP}_{40}$-Mem,NAC_antisymmetric_BB_contact_survival,antisymmetric_nac_bb,Any 1 antisymmetric NAC BB,chain_pair,all,largest_cluster,192000.0,5.880450442503896e-05,8.316212768651878e-05,1117.7497482891868,3315.2271734120404,1971.8422461006692,0.8,8.0,100.0,61,95,3
G4_Onmem_wall,$\mathrm{Hel}_{10}\mathrm{IDP}_{40}$-Mem,NAC_antisymmetric_BB_contact_survival,antisymmetric_nac_bb,Any 1 antisymmetric NAC BB,chain_pair,all,largest_cluster,193000.0,5.880450442503896e-05,8.316212768651878e-05,1117.7497482891868,3315.2271734120404,1971.8422461006692,0.8,8.0,100.0,61,95,3
G4_Onmem_wall,$\mathrm{Hel}_{10}\mathrm{IDP}_{40}$-Mem,NAC_antisymmetric_BB_contact_survival,antisymmetric_nac_bb,Any 1 antisymmetric NAC BB,chain_pair,all,largest_cluster,194000.0,5.880450442503896e-05,8.316212768651878e-05,1117.7497482891868,3315.2271734120404,1971.8422461006692,0.8,8.0,100.0,61,95,3
G4_Onmem_wall,$\mathrm{Hel}_{10}\mathrm{IDP}_{40}$-Mem,NAC_antisymmetric_BB_contact_survival,antisymmetric_nac_bb,Any 1 antisymmetric NAC BB,chain_pair,all,largest_cluster,195000.0,5.880450442503896e-05,8.316212768651878e-05,1117.7497482891868,3315.2271734120404,1971.8422461006692,0.8,8.0,100.0,61,95,3
G4_Onmem_wall,$\mathrm{Hel}_{10}\mathrm{IDP}_{40}$-Mem,NAC_antisymmetric_BB_contact_survival,antisymmetric_nac_bb,Any 1 antisymmetric NAC BB,chain_pair,all,largest_cluster,196000.0,5.880450442503896e-05,8.316212768651878e-05,1117.7497482891868,3315.2271734120404,1971.8422461006692,0.8,8.0,100.0,61,95,3
G4_Onmem_wall,$\mathrm{Hel}_{10}\mathrm{IDP}_{40}$-Mem,NAC_antisymmetric_BB_contact_survival,antisymmetric_nac_bb,Any 1 antisymmetric NAC BB,chain_pair,all,largest_cluster,197000.0,5.880450442503896e-05,8.316212768651878e-05,1117.7497482891868,3315.2271734120404,1971.8422461006692,0.8,8.0,100.0,61,95,3
G4_Onmem_wall,$\mathrm{Hel}_{10}\mathrm{IDP}_{40}$-Mem,NAC_antisymmetric_BB_contact_survival,antisymmetric_nac_bb,Any 1 antisymmetric NAC BB,chain_pair,all,largest_cluster,198000.0,5.880450442503896e-05,8.316212768651878e-05,1117.7497482891868,3315.2271734120404,1971.8422461006692,0.8,8.0,100.0,61,95,3
G4_Onmem_wall,$\mathrm{Hel}_{10}\mathrm{IDP}_{40}$-Mem,NAC_antisymmetric_BB_contact_survival,antisymmetric_nac_bb,Any 1 antisymmetric NAC BB,chain_pair,all,largest_cluster,199000.0,5.880450442503896e-05,8.316212768651878e-05,1117.7497482891868,3315.2271734120404,1971.8422461006692,0.8,8.0,100.0,61,95,3
G4_Onmem_wall,$\mathrm{Hel}_{10}\mathrm{IDP}_{40}$-Mem,NAC_antisymmetric_BB_contact_survival,antisymmetric_nac_bb,Any 1 antisymmetric NAC BB,chain_pair,all,largest_cluster,200000.0,5.880450442503896e-05,8.316212768651878e-05,1117.7497482891868,3315.2271734120404,1971.8422461006692,0.8,8.0,100.0,61,95,3
G4_Onmem_wall,$\mathrm{Hel}_{10}\mathrm{IDP}_{40}$-Mem,NAC_antisymmetric_BB_contact_survival,antisymmetric_nac_bb,Any 1 antisymmetric NAC BB,chain_pair,all,largest_cluster,201000.0,5.880450442503896e-05,8.316212768651878e-05,1117.7497482891868,3315.2271734120404,1971.8422461006692,0.8,8.0,100.0,61,95,3
G4_Onmem_wall,$\mathrm{Hel}_{10}\mathrm{IDP}_{40}$-Mem,NAC_antisymmetric_BB_contact_survival,antisymmetric_nac_bb,Any 1 antisymmetric NAC BB,chain_pair,all,largest_cluster,202000.0,5.880450442503896e-05,8.316212768651878e-05,1117.7497482891868,3315.2271734120404,1971.8422461006692,0.8,8.0,100.0,61,95,3
G4_Onmem_wall,$\mathrm{Hel}_{10}\mathrm{IDP}_{40}$-Mem,NAC_antisymmetric_BB_contact_survival,antisymmetric_nac_bb,Any 1 antisymmetric NAC BB,chain_pair,all,largest_cluster,203000.0,5.880450442503896e-05,8.316212768651878e-05,1117.7497482891868,3315.2271734120404,1971.8422461006692,0.8,8.0,100.0,61,95,3
G4_Onmem_wall,$\mathrm{Hel}_{10}\mathrm{IDP}_{40}$-Mem,NAC_antisymmetric_BB_contact_survival,antisymmetric_nac_bb,Any 1 antisymmetric NAC BB,chain_pair,all,largest_cluster,204000.0,5.880450442503896e-05,8.316212768651878e-05,1117.7497482891868,3315.2271734120404,1971.8422461006692,0.8,8.0,100.0,61,95,3
G4_Onmem_wall,$\mathrm{Hel}_{10}\mathrm{IDP}_{40}$-Mem,NAC_antisymmetric_BB_contact_survival,antisymmetric_nac_bb,Any 1 antisymmetric NAC BB,chain_pair,all,largest_cluster,205000.0,5.880450442503896e-05,8.316212768651878e-05,1117.7497482891868,3315.2271734120404,1971.8422461006692,0.8,8.0,100.0,61,95,3
G4_Onmem_wall,$\mathrm{Hel}_{10}\mathrm{IDP}_{40}$-Mem,NAC_antisymmetric_BB_contact_survival,antisymmetric_nac_bb,Any 1 antisymmetric NAC BB,chain_pair,all,largest_cluster,206000.0,5.880450442503896e-05,8.316212768651878e-05,1117.7497482891868,3315.2271734120404,1971.8422461006692,0.8,8.0,100.0,61,95,3
G4_Onmem_wall,$\mathrm{Hel}_{10}\mathrm{IDP}_{40}$-Mem,NAC_antisymmetric_BB_contact_survival,antisymmetric_nac_bb,Any 1 antisymmetric NAC BB,chain_pair,all,largest_cluster,207000.0,5.880450442503896e-05,8.316212768651878e-05,1117.7497482891868,3315.2271734120404,1971.8422461006692,0.8,8.0,100.0,61,95,3
G4_Onmem_wall,$\mathrm{Hel}_{10}\mathrm{IDP}_{40}$-Mem,NAC_antisymmetric_BB_contact_survival,antisymmetric_nac_bb,Any 1 antisymmetric NAC BB,chain_pair,all,largest_cluster,208000.0,5.880450442503896e-05,8.316212768651878e-05,1117.7497482891868,3315.2271734120404,1971.8422461006692,0.8,8.0,100.0,61,95,3
G4_Onmem_wall,$\mathrm{Hel}_{10}\mathrm{IDP}_{40}$-Mem,NAC_antisymmetric_BB_contact_survival,antisymmetric_nac_bb,Any 1 antisymmetric NAC BB,chain_pair,all,largest_cluster,209000.0,5.880450442503896e-05,8.316212768651878e-05,1117.7497482891868,3315.2271734120404,1971.8422461006692,0.8,8.0,100.0,61,95,3
G4_Onmem_wall,$\mathrm{Hel}_{10}\mathrm{IDP}_{40}$-Mem,NAC_antisymmetric_BB_contact_survival,antisymmetric_nac_bb,Any 1 antisymmetric NAC BB,chain_pair,all,largest_cluster,210000.0,5.880450442503896e-05,8.316212768651878e-05,1117.7497482891868,3315.2271734120404,1971.8422461006692,0.8,8.0,100.0,61,95,3
G4_Onmem_wall,$\mathrm{Hel}_{10}\mathrm{IDP}_{40}$-Mem,NAC_antisymmetric_BB_contact_survival,antisymmetric_nac_bb,Any 1 antisymmetric NAC BB,chain_pair,all,largest_cluster,211000.0,5.880450442503896e-05,8.316212768651878e-05,1117.7497482891868,3315.2271734120404,1971.8422461006692,0.8,8.0,100.0,61,95,3
G4_Onmem_wall,$\mathrm{Hel}_{10}\mathrm{IDP}_{40}$-Mem,NAC_antisymmetric_BB_contact_survival,antisymmetric_nac_bb,Any 1 antisymmetric NAC BB,chain_pair,all,largest_cluster,212000.0,5.880450442503896e-05,8.316212768651878e-05,1117.7497482891868,3315.2271734120404,1971.8422461006692,0.8,8.0,100.0,61,95,3
G4_Onmem_wall,$\mathrm{Hel}_{10}\mathrm{IDP}_{40}$-Mem,NAC_antisymmetric_BB_contact_survival,antisymmetric_nac_bb,Any 1 antisymmetric NAC BB,chain_pair,all,largest_cluster,213000.0,5.880450442503896e-05,8.316212768651878e-05,1117.7497482891868,3315.2271734120404,1971.8422461006692,0.8,8.0,100.0,61,95,3
G4_Onmem_wall,$\mathrm{Hel}_{10}\mathrm{IDP}_{40}$-Mem,NAC_antisymmetric_BB_contact_survival,antisymmetric_nac_bb,Any 1 antisymmetric NAC BB,chain_pair,all,largest_cluster,214000.0,5.880450442503896e-05,8.316212768651878e-05,1117.7497482891868,3315.2271734120404,1971.8422461006692,0.8,8.0,100.0,61,95,3
G4_Onmem_wall,$\mathrm{Hel}_{10}\mathrm{IDP}_{40}$-Mem,NAC_antisymmetric_BB_contact_survival,antisymmetric_nac_bb,Any 1 antisymmetric NAC BB,chain_pair,all,largest_cluster,215000.0,5.880450442503896e-05,8.316212768651878e-05,1117.7497482891868,3315.2271734120404,1971.8422461006692,0.8,8.0,100.0,61,95,3
G4_Onmem_wall,$\mathrm{Hel}_{10}\mathrm{IDP}_{40}$-Mem,NAC_antisymmetric_BB_contact_survival,antisymmetric_nac_bb,Any 1 antisymmetric NAC BB,chain_pair,all,largest_cluster,216000.0,5.880450442503896e-05,8.316212768651878e-05,1117.7497482891868,3315.2271734120404,1971.8422461006692,0.8,8.0,100.0,61,95,3
G4_Onmem_wall,$\mathrm{Hel}_{10}\mathrm{IDP}_{40}$-Mem,NAC_antisymmetric_BB_contact_survival,antisymmetric_nac_bb,Any 1 antisymmetric NAC BB,chain_pair,all,largest_cluster,217000.0,5.880450442503896e-05,8.316212768651878e-05,1117.7497482891868,3315.2271734120404,1971.8422461006692,0.8,8.0,100.0,61,95,3
G4_Onmem_wall,$\mathrm{Hel}_{10}\mathrm{IDP}_{40}$-Mem,NAC_antisymmetric_BB_contact_survival,antisymmetric_nac_bb,Any 1 antisymmetric NAC BB,chain_pair,all,largest_cluster,218000.0,5.880450442503896e-05,8.316212768651878e-05,1117.7497482891868,3315.2271734120404,1971.8422461006692,0.8,8.0,100.0,61,95,3
G4_Onmem_wall,$\mathrm{Hel}_{10}\mathrm{IDP}_{40}$-Mem,NAC_antisymmetric_BB_contact_survival,antisymmetric_nac_bb,Any 1 antisymmetric NAC BB,chain_pair,all,largest_cluster,219000.0,5.880450442503896e-05,8.316212768651878e-05,1117.7497482891868,3315.2271734120404,1971.8422461006692,0.8,8.0,100.0,61,95,3
G4_Onmem_wall,$\mathrm{Hel}_{10}\mathrm{IDP}_{40}$-Mem,NAC_antisymmetric_BB_contact_survival,antisymmetric_nac_bb,Any 1 antisymmetric NAC BB,chain_pair,all,largest_cluster,220000.0,5.880450442503896e-05,8.316212768651878e-05,1117.7497482891868,3315.2271734120404,1971.8422461006692,0.8,8.0,100.0,61,95,3
G4_Onmem_wall,$\mathrm{Hel}_{10}\mathrm{IDP}_{40}$-Mem,NAC_antisymmetric_BB_contact_survival,antisymmetric_nac_bb,Any 1 antisymmetric NAC BB,chain_pair,all,largest_cluster,221000.0,5.880450442503896e-05,8.316212768651878e-05,1117.7497482891868,3315.2271734120404,1971.8422461006692,0.8,8.0,100.0,61,95,3
G4_Onmem_wall,$\mathrm{Hel}_{10}\mathrm{IDP}_{40}$-Mem,NAC_antisymmetric_BB_contact_survival,antisymmetric_nac_bb,Any 1 antisymmetric NAC BB,chain_pair,all,largest_cluster,222000.0,5.880450442503896e-05,8.316212768651878e-05,1117.7497482891868,3315.2271734120404,1971.8422461006692,0.8,8.0,100.0,61,95,3
G4_Onmem_wall,$\mathrm{Hel}_{10}\mathrm{IDP}_{40}$-Mem,NAC_antisymmetric_BB_contact_survival,antisymmetric_nac_bb,Any 1 antisymmetric NAC BB,chain_pair,all,largest_cluster,223000.0,5.880450442503896e-05,8.316212768651878e-05,1117.7497482891868,3315.2271734120404,1971.8422461006692,0.8,8.0,100.0,61,95,3
G4_Onmem_wall,$\mathrm{Hel}_{10}\mathrm{IDP}_{40}$-Mem,NAC_antisymmetric_BB_contact_survival,antisymmetric_nac_bb,Any 1 antisymmetric NAC BB,chain_pair,all,largest_cluster,224000.0,5.880450442503896e-05,8.316212768651878e-05,1117.7497482891868,3315.2271734120404,1971.8422461006692,0.8,8.0,100.0,61,95,3
G4_Onmem_wall,$\mathrm{Hel}_{10}\mathrm{IDP}_{40}$-Mem,NAC_antisymmetric_BB_contact_survival,antisymmetric_nac_bb,Any 1 antisymmetric NAC BB,chain_pair,all,largest_cluster,225000.0,5.880450442503896e-05,8.316212768651878e-05,1117.7497482891868,3315.2271734120404,1971.8422461006692,0.8,8.0,100.0,61,95,3
G4_Onmem_wall,$\mathrm{Hel}_{10}\mathrm{IDP}_{40}$-Mem,NAC_antisymmetric_BB_contact_survival,antisymmetric_nac_bb,Any 1 antisymmetric NAC BB,chain_pair,all,largest_cluster,226000.0,5.880450442503896e-05,8.316212768651878e-05,1117.7497482891868,3315.2271734120404,1971.8422461006692,0.8,8.0,100.0,61,95,3
G4_Onmem_wall,$\mathrm{Hel}_{10}\mathrm{IDP}_{40}$-Mem,NAC_antisymmetric_BB_contact_survival,antisymmetric_nac_bb,Any 1 antisymmetric NAC BB,chain_pair,all,largest_cluster,227000.0,5.880450442503896e-05,8.316212768651878e-05,1117.7497482891868,3315.2271734120404,1971.8422461006692,0.8,8.0,100.0,61,95,3
G4_Onmem_wall,$\mathrm{Hel}_{10}\mathrm{IDP}_{40}$-Mem,NAC_antisymmetric_BB_contact_survival,antisymmetric_nac_bb,Any 1 antisymmetric NAC BB,chain_pair,all,largest_cluster,228000.0,5.880450442503896e-05,8.316212768651878e-05,1117.7497482891868,3315.2271734120404,1971.8422461006692,0.8,8.0,100.0,61,95,3
G4_Onmem_wall,$\mathrm{Hel}_{10}\mathrm{IDP}_{40}$-Mem,NAC_antisymmetric_BB_contact_survival,antisymmetric_nac_bb,Any 1 antisymmetric NAC BB,chain_pair,all,largest_cluster,229000.0,5.880450442503896e-05,8.316212768651878e-05,1117.7497482891868,3315.2271734120404,1971.8422461006692,0.8,8.0,100.0,61,95,3
G4_Onmem_wall,$\mathrm{Hel}_{10}\mathrm{IDP}_{40}$-Mem,NAC_antisymmetric_BB_contact_survival,antisymmetric_nac_bb,Any 1 antisymmetric NAC BB,chain_pair,all,largest_cluster,230000.0,5.880450442503896e-05,8.316212768651878e-05,1117.7497482891868,3315.2271734120404,1971.8422461006692,0.8,8.0,100.0,61,95,3
G4_Onmem_wall,$\mathrm{Hel}_{10}\mathrm{IDP}_{40}$-Mem,NAC_antisymmetric_BB_contact_survival,antisymmetric_nac_bb,Any 1 antisymmetric NAC BB,chain_pair,all,largest_cluster,231000.0,5.880450442503896e-05,8.316212768651878e-05,1117.7497482891868,3315.2271734120404,1971.8422461006692,0.8,8.0,100.0,61,95,3
G4_Onmem_wall,$\mathrm{Hel}_{10}\mathrm{IDP}_{40}$-Mem,NAC_antisymmetric_BB_contact_survival,antisymmetric_nac_bb,Any 1 antisymmetric NAC BB,chain_pair,all,largest_cluster,232000.0,5.880450442503896e-05,8.316212768651878e-05,1117.7497482891868,3315.2271734120404,1971.8422461006692,0.8,8.0,100.0,61,95,3
G4_Onmem_wall,$\mathrm{Hel}_{10}\mathrm{IDP}_{40}$-Mem,NAC_antisymmetric_BB_contact_survival,antisymmetric_nac_bb,Any 1 antisymmetric NAC BB,chain_pair,all,largest_cluster,233000.0,5.880450442503896e-05,8.316212768651878e-05,1117.7497482891868,3315.2271734120404,1971.8422461006692,0.8,8.0,100.0,61,95,3
G4_Onmem_wall,$\mathrm{Hel}_{10}\mathrm{IDP}_{40}$-Mem,NAC_antisymmetric_BB_contact_survival,antisymmetric_nac_bb,Any 1 antisymmetric NAC BB,chain_pair,all,largest_cluster,234000.0,5.880450442503896e-05,8.316212768651878e-05,1117.7497482891868,3315.2271734120404,1971.8422461006692,0.8,8.0,100.0,61,95,3
G4_Onmem_wall,$\mathrm{Hel}_{10}\mathrm{IDP}_{40}$-Mem,NAC_antisymmetric_BB_contact_survival,antisymmetric_nac_bb,Any 1 antisymmetric NAC BB,chain_pair,all,largest_cluster,235000.0,5.880450442503896e-05,8.316212768651878e-05,1117.7497482891868,3315.2271734120404,1971.8422461006692,0.8,8.0,100.0,61,95,3
G4_Onmem_wall,$\mathrm{Hel}_{10}\mathrm{IDP}_{40}$-Mem,NAC_antisymmetric_BB_contact_survival,antisymmetric_nac_bb,Any 1 antisymmetric NAC BB,chain_pair,all,largest_cluster,236000.0,5.880450442503896e-05,8.316212768651878e-05,1117.7497482891868,3315.2271734120404,1971.8422461006692,0.8,8.0,100.0,61,95,3
G4_Onmem_wall,$\mathrm{Hel}_{10}\mathrm{IDP}_{40}$-Mem,NAC_antisymmetric_BB_contact_survival,antisymmetric_nac_bb,Any 1 antisymmetric NAC BB,chain_pair,all,largest_cluster,237000.0,5.880450442503896e-05,8.316212768651878e-05,1117.7497482891868,3315.2271734120404,1971.8422461006692,0.8,8.0,100.0,61,95,3
G4_Onmem_wall,$\mathrm{Hel}_{10}\mathrm{IDP}_{40}$-Mem,NAC_antisymmetric_BB_contact_survival,antisymmetric_nac_bb,Any 1 antisymmetric NAC BB,chain_pair,all,largest_cluster,238000.0,5.880450442503896e-05,8.316212768651878e-05,1117.7497482891868,3315.2271734120404,1971.8422461006692,0.8,8.0,100.0,61,95,3
G4_Onmem_wall,$\mathrm{Hel}_{10}\mathrm{IDP}_{40}$-Mem,NAC_antisymmetric_BB_contact_survival,antisymmetric_nac_bb,Any 1 antisymmetric NAC BB,chain_pair,all,largest_cluster,239000.0,5.880450442503896e-05,8.316212768651878e-05,1117.7497482891868,3315.2271734120404,1971.8422461006692,0.8,8.0,100.0,61,95,3
G4_Onmem_wall,$\mathrm{Hel}_{10}\mathrm{IDP}_{40}$-Mem,NAC_antisymmetric_BB_contact_survival,antisymmetric_nac_bb,Any 1 antisymmetric NAC BB,chain_pair,all,largest_cluster,240000.0,5.880450442503896e-05,8.316212768651878e-05,1117.7497482891868,3315.2271734120404,1971.8422461006692,0.8,8.0,100.0,61,95,3
G4_Onmem_wall,$\mathrm{Hel}_{10}\mathrm{IDP}_{40}$-Mem,NAC_antisymmetric_BB_contact_survival,antisymmetric_nac_bb,Any 1 antisymmetric NAC BB,chain_pair,all,largest_cluster,241000.0,5.880450442503896e-05,8.316212768651878e-05,1117.7497482891868,3315.2271734120404,1971.8422461006692,0.8,8.0,100.0,61,95,3
G4_Onmem_wall,$\mathrm{Hel}_{10}\mathrm{IDP}_{40}$-Mem,NAC_antisymmetric_BB_contact_survival,antisymmetric_nac_bb,Any 1 antisymmetric NAC BB,chain_pair,all,largest_cluster,242000.0,5.880450442503896e-05,8.316212768651878e-05,1117.7497482891868,3315.2271734120404,1971.8422461006692,0.8,8.0,100.0,61,95,3
G4_Onmem_wall,$\mathrm{Hel}_{10}\mathrm{IDP}_{40}$-Mem,NAC_antisymmetric_BB_contact_survival,antisymmetric_nac_bb,Any 1 antisymmetric NAC BB,chain_pair,all,largest_cluster,243000.0,5.880450442503896e-05,8.316212768651878e-05,1117.7497482891868,3315.2271734120404,1971.8422461006692,0.8,8.0,100.0,61,95,3
G4_Onmem_wall,$\mathrm{Hel}_{10}\mathrm{IDP}_{40}$-Mem,NAC_antisymmetric_BB_contact_survival,antisymmetric_nac_bb,Any 1 antisymmetric NAC BB,chain_pair,all,largest_cluster,244000.0,5.880450442503896e-05,8.316212768651878e-05,1117.7497482891868,3315.2271734120404,1971.8422461006692,0.8,8.0,100.0,61,95,3
G4_Onmem_wall,$\mathrm{Hel}_{10}\mathrm{IDP}_{40}$-Mem,NAC_antisymmetric_BB_contact_survival,antisymmetric_nac_bb,Any 1 antisymmetric NAC BB,chain_pair,all,largest_cluster,245000.0,5.880450442503896e-05,8.316212768651878e-05,1117.7497482891868,3315.2271734120404,1971.8422461006692,0.8,8.0,100.0,61,95,3
G4_Onmem_wall,$\mathrm{Hel}_{10}\mathrm{IDP}_{40}$-Mem,NAC_antisymmetric_BB_contact_survival,antisymmetric_nac_bb,Any 1 antisymmetric NAC BB,chain_pair,all,largest_cluster,246000.0,5.880450442503896e-05,8.316212768651878e-05,1117.7497482891868,3315.2271734120404,1971.8422461006692,0.8,8.0,100.0,61,95,3
G4_Onmem_wall,$\mathrm{Hel}_{10}\mathrm{IDP}_{40}$-Mem,NAC_antisymmetric_BB_contact_survival,antisymmetric_nac_bb,Any 1 antisymmetric NAC BB,chain_pair,all,largest_cluster,247000.0,5.880450442503896e-05,8.316212768651878e-05,1117.7497482891868,3315.2271734120404,1971.8422461006692,0.8,8.0,100.0,61,95,3
G4_Onmem_wall,$\mathrm{Hel}_{10}\mathrm{IDP}_{40}$-Mem,NAC_antisymmetric_BB_contact_survival,antisymmetric_nac_bb,Any 1 antisymmetric NAC BB,chain_pair,all,largest_cluster,248000.0,5.880450442503896e-05,8.316212768651878e-05,1117.7497482891868,3315.2271734120404,1971.8422461006692,0.8,8.0,100.0,61,95,3
G4_Onmem_wall,$\mathrm{Hel}_{10}\mathrm{IDP}_{40}$-Mem,NAC_antisymmetric_BB_contact_survival,antisymmetric_nac_bb,Any 1 antisymmetric NAC BB,chain_pair,all,largest_cluster,249000.0,5.880450442503896e-05,8.316212768651878e-05,1117.7497482891868,3315.2271734120404,1971.8422461006692,0.8,8.0,100.0,61,95,3
G4_Onmem_wall,$\mathrm{Hel}_{10}\mathrm{IDP}_{40}$-Mem,NAC_antisymmetric_BB_contact_survival,antisymmetric_nac_bb,Any 1 antisymmetric NAC BB,chain_pair,all,largest_cluster,250000.0,5.880450442503896e-05,8.316212768651878e-05,1117.7497482891868,3315.2271734120404,1971.8422461006692,0.8,8.0,100.0,61,95,3
G4_Onmem_wall,$\mathrm{Hel}_{10}\mathrm{IDP}_{40}$-Mem,NAC_antisymmetric_BB_contact_survival,antisymmetric_nac_bb,Any 1 antisymmetric NAC BB,chain_pair,all,largest_cluster,251000.0,5.880450442503896e-05,8.316212768651878e-05,1117.7497482891868,3315.2271734120404,1971.8422461006692,0.8,8.0,100.0,61,95,3
G4_Onmem_wall,$\mathrm{Hel}_{10}\mathrm{IDP}_{40}$-Mem,NAC_antisymmetric_BB_contact_survival,antisymmetric_nac_bb,Any 1 antisymmetric NAC BB,chain_pair,all,largest_cluster,252000.0,5.880450442503896e-05,8.316212768651878e-05,1117.7497482891868,3315.2271734120404,1971.8422461006692,0.8,8.0,100.0,61,95,3
G4_Onmem_wall,$\mathrm{Hel}_{10}\mathrm{IDP}_{40}$-Mem,NAC_antisymmetric_BB_contact_survival,antisymmetric_nac_bb,Any 1 antisymmetric NAC BB,chain_pair,all,largest_cluster,253000.0,5.880450442503896e-05,8.316212768651878e-05,1117.7497482891868,3315.2271734120404,1971.8422461006692,0.8,8.0,100.0,61,95,3
G4_Onmem_wall,$\mathrm{Hel}_{10}\mathrm{IDP}_{40}$-Mem,NAC_antisymmetric_BB_contact_survival,antisymmetric_nac_bb,Any 1 antisymmetric NAC BB,chain_pair,all,largest_cluster,254000.0,5.880450442503896e-05,8.316212768651878e-05,1117.7497482891868,3315.2271734120404,1971.8422461006692,0.8,8.0,100.0,61,95,3
G4_Onmem_wall,$\mathrm{Hel}_{10}\mathrm{IDP}_{40}$-Mem,NAC_antisymmetric_BB_contact_survival,antisymmetric_nac_bb,Any 1 antisymmetric NAC BB,chain_pair,all,largest_cluster,255000.0,5.880450442503896e-05,8.316212768651878e-05,1117.7497482891868,3315.2271734120404,1971.8422461006692,0.8,8.0,100.0,61,95,3
G4_Onmem_wall,$\mathrm{Hel}_{10}\mathrm{IDP}_{40}$-Mem,NAC_antisymmetric_BB_contact_survival,antisymmetric_nac_bb,Any 1 antisymmetric NAC BB,chain_pair,all,largest_cluster,256000.0,5.880450442503896e-05,8.316212768651878e-05,1117.7497482891868,3315.2271734120404,1971.8422461006692,0.8,8.0,100.0,61,95,3
G4_Onmem_wall,$\mathrm{Hel}_{10}\mathrm{IDP}_{40}$-Mem,NAC_antisymmetric_BB_contact_survival,antisymmetric_nac_bb,Any 1 antisymmetric NAC BB,chain_pair,all,largest_cluster,257000.0,5.880450442503896e-05,8.316212768651878e-05,1117.7497482891868,3315.2271734120404,1971.8422461006692,0.8,8.0,100.0,61,95,3
G4_Onmem_wall,$\mathrm{Hel}_{10}\mathrm{IDP}_{40}$-Mem,NAC_antisymmetric_BB_contact_survival,antisymmetric_nac_bb,Any 1 antisymmetric NAC BB,chain_pair,all,largest_cluster,258000.0,5.880450442503896e-05,8.316212768651878e-05,1117.7497482891868,3315.2271734120404,1971.8422461006692,0.8,8.0,100.0,61,95,3
G4_Onmem_wall,$\mathrm{Hel}_{10}\mathrm{IDP}_{40}$-Mem,NAC_antisymmetric_BB_contact_survival,antisymmetric_nac_bb,Any 1 antisymmetric NAC BB,chain_pair,all,largest_cluster,259000.0,5.880450442503896e-05,8.316212768651878e-05,1117.7497482891868,3315.2271734120404,1971.8422461006692,0.8,8.0,100.0,61,95,3
G4_Onmem_wall,$\mathrm{Hel}_{10}\mathrm{IDP}_{40}$-Mem,NAC_antisymmetric_BB_contact_survival,antisymmetric_nac_bb,Any 1 antisymmetric NAC BB,chain_pair,all,largest_cluster,260000.0,5.880450442503896e-05,8.316212768651878e-05,1117.7497482891868,3315.2271734120404,1971.8422461006692,0.8,8.0,100.0,61,95,3
G4_Onmem_wall,$\mathrm{Hel}_{10}\mathrm{IDP}_{40}$-Mem,NAC_antisymmetric_BB_contact_survival,antisymmetric_nac_bb,Any 1 antisymmetric NAC BB,chain_pair,all,largest_cluster,261000.0,5.880450442503896e-05,8.316212768651878e-05,1117.7497482891868,3315.2271734120404,1971.8422461006692,0.8,8.0,100.0,61,95,3
G4_Onmem_wall,$\mathrm{Hel}_{10}\mathrm{IDP}_{40}$-Mem,NAC_antisymmetric_BB_contact_survival,antisymmetric_nac_bb,Any 1 antisymmetric NAC BB,chain_pair,all,largest_cluster,262000.0,5.880450442503896e-05,8.316212768651878e-05,1117.7497482891868,3315.2271734120404,1971.8422461006692,0.8,8.0,100.0,61,95,3
G4_Onmem_wall,$\mathrm{Hel}_{10}\mathrm{IDP}_{40}$-Mem,NAC_antisymmetric_BB_contact_survival,antisymmetric_nac_bb,Any 1 antisymmetric NAC BB,chain_pair,all,largest_cluster,263000.0,5.880450442503896e-05,8.316212768651878e-05,1117.7497482891868,3315.2271734120404,1971.8422461006692,0.8,8.0,100.0,61,95,3
G4_Onmem_wall,$\mathrm{Hel}_{10}\mathrm{IDP}_{40}$-Mem,NAC_antisymmetric_BB_contact_survival,antisymmetric_nac_bb,Any 1 antisymmetric NAC BB,chain_pair,all,largest_cluster,264000.0,5.880450442503896e-05,8.316212768651878e-05,1117.7497482891868,3315.2271734120404,1971.8422461006692,0.8,8.0,100.0,61,95,3
G4_Onmem_wall,$\mathrm{Hel}_{10}\mathrm{IDP}_{40}$-Mem,NAC_antisymmetric_BB_contact_survival,antisymmetric_nac_bb,Any 1 antisymmetric NAC BB,chain_pair,all,largest_cluster,265000.0,5.880450442503896e-05,8.316212768651878e-05,1117.7497482891868,3315.2271734120404,1971.8422461006692,0.8,8.0,100.0,61,95,3
G4_Onmem_wall,$\mathrm{Hel}_{10}\mathrm{IDP}_{40}$-Mem,NAC_antisymmetric_BB_contact_survival,antisymmetric_nac_bb,Any 1 antisymmetric NAC BB,chain_pair,all,largest_cluster,266000.0,5.880450442503896e-05,8.316212768651878e-05,1117.7497482891868,3315.2271734120404,1971.8422461006692,0.8,8.0,100.0,61,95,3
G4_Onmem_wall,$\mathrm{Hel}_{10}\mathrm{IDP}_{40}$-Mem,NAC_antisymmetric_BB_contact_survival,antisymmetric_nac_bb,Any 1 antisymmetric NAC BB,chain_pair,all,largest_cluster,267000.0,5.880450442503896e-05,8.316212768651878e-05,1117.7497482891868,3315.2271734120404,1971.8422461006692,0.8,8.0,100.0,61,95,3
G4_Onmem_wall,$\mathrm{Hel}_{10}\mathrm{IDP}_{40}$-Mem,NAC_antisymmetric_BB_contact_survival,antisymmetric_nac_bb,Any 1 antisymmetric NAC BB,chain_pair,all,largest_cluster,268000.0,5.880450442503896e-05,8.316212768651878e-05,1117.7497482891868,3315.2271734120404,1971.8422461006692,0.8,8.0,100.0,61,95,3
G4_Onmem_wall,$\mathrm{Hel}_{10}\mathrm{IDP}_{40}$-Mem,NAC_antisymmetric_BB_contact_survival,antisymmetric_nac_bb,Any 1 antisymmetric NAC BB,chain_pair,all,largest_cluster,269000.0,5.880450442503896e-05,8.316212768651878e-05,1117.7497482891868,3315.2271734120404,1971.8422461006692,0.8,8.0,100.0,61,95,3
G4_Onmem_wall,$\mathrm{Hel}_{10}\mathrm{IDP}_{40}$-Mem,NAC_antisymmetric_BB_contact_survival,antisymmetric_nac_bb,Any 1 antisymmetric NAC BB,chain_pair,all,largest_cluster,270000.0,5.880450442503896e-05,8.316212768651878e-05,1117.7497482891868,3315.2271734120404,1971.8422461006692,0.8,8.0,100.0,61,95,3
G4_Onmem_wall,$\mathrm{Hel}_{10}\mathrm{IDP}_{40}$-Mem,NAC_antisymmetric_BB_contact_survival,antisymmetric_nac_bb,Any 1 antisymmetric NAC BB,chain_pair,all,largest_cluster,271000.0,5.880450442503896e-05,8.316212768651878e-05,1117.7497482891868,3315.2271734120404,1971.8422461006692,0.8,8.0,100.0,61,95,3
G4_Onmem_wall,$\mathrm{Hel}_{10}\mathrm{IDP}_{40}$-Mem,NAC_antisymmetric_BB_contact_survival,antisymmetric_nac_bb,Any 1 antisymmetric NAC BB,chain_pair,all,largest_cluster,272000.0,5.880450442503896e-05,8.316212768651878e-05,1117.7497482891868,3315.2271734120404,1971.8422461006692,0.8,8.0,100.0,61,95,3
G4_Onmem_wall,$\mathrm{Hel}_{10}\mathrm{IDP}_{40}$-Mem,NAC_antisymmetric_BB_contact_survival,antisymmetric_nac_bb,Any 1 antisymmetric NAC BB,chain_pair,all,largest_cluster,273000.0,5.880450442503896e-05,8.316212768651878e-05,1117.7497482891868,3315.2271734120404,1971.8422461006692,0.8,8.0,100.0,61,95,3
G4_Onmem_wall,$\mathrm{Hel}_{10}\mathrm{IDP}_{40}$-Mem,NAC_antisymmetric_BB_contact_survival,antisymmetric_nac_bb,Any 1 antisymmetric NAC BB,chain_pair,all,largest_cluster,274000.0,5.880450442503896e-05,8.316212768651878e-05,1117.7497482891868,3315.2271734120404,1971.8422461006692,0.8,8.0,100.0,61,95,3
G4_Onmem_wall,$\mathrm{Hel}_{10}\mathrm{IDP}_{40}$-Mem,NAC_antisymmetric_BB_contact_survival,antisymmetric_nac_bb,Any 1 antisymmetric NAC BB,chain_pair,all,largest_cluster,275000.0,5.880450442503896e-05,8.316212768651878e-05,1117.7497482891868,3315.2271734120404,1971.8422461006692,0.8,8.0,100.0,61,95,3
G4_Onmem_wall,$\mathrm{Hel}_{10}\mathrm{IDP}_{40}$-Mem,NAC_antisymmetric_BB_contact_survival,antisymmetric_nac_bb,Any 1 antisymmetric NAC BB,chain_pair,all,largest_cluster,276000.0,5.880450442503896e-05,8.316212768651878e-05,1117.7497482891868,3315.2271734120404,1971.8422461006692,0.8,8.0,100.0,61,95,3
G4_Onmem_wall,$\mathrm{Hel}_{10}\mathrm{IDP}_{40}$-Mem,NAC_antisymmetric_BB_contact_survival,antisymmetric_nac_bb,Any 1 antisymmetric NAC BB,chain_pair,all,largest_cluster,277000.0,5.880450442503896e-05,8.316212768651878e-05,1117.7497482891868,3315.2271734120404,1971.8422461006692,0.8,8.0,100.0,61,95,3
G4_Onmem_wall,$\mathrm{Hel}_{10}\mathrm{IDP}_{40}$-Mem,NAC_antisymmetric_BB_contact_survival,antisymmetric_nac_bb,Any 1 antisymmetric NAC BB,chain_pair,all,largest_cluster,278000.0,5.880450442503896e-05,8.316212768651878e-05,1117.7497482891868,3315.2271734120404,1971.8422461006692,0.8,8.0,100.0,61,95,3
G4_Onmem_wall,$\mathrm{Hel}_{10}\mathrm{IDP}_{40}$-Mem,NAC_antisymmetric_BB_contact_survival,antisymmetric_nac_bb,Any 1 antisymmetric NAC BB,chain_pair,all,largest_cluster,279000.0,5.880450442503896e-05,8.316212768651878e-05,1117.7497482891868,3315.2271734120404,1971.8422461006692,0.8,8.0,100.0,61,95,3
G4_Onmem_wall,$\mathrm{Hel}_{10}\mathrm{IDP}_{40}$-Mem,NAC_antisymmetric_BB_contact_survival,antisymmetric_nac_bb,Any 1 antisymmetric NAC BB,chain_pair,all,largest_cluster,280000.0,5.880450442503896e-05,8.316212768651878e-05,1117.7497482891868,3315.2271734120404,1971.8422461006692,0.8,8.0,100.0,61,95,3
G4_Onmem_wall,$\mathrm{Hel}_{10}\mathrm{IDP}_{40}$-Mem,NAC_antisymmetric_BB_contact_survival,antisymmetric_nac_bb,Any 1 antisymmetric NAC BB,chain_pair,all,largest_cluster,281000.0,5.880450442503896e-05,8.316212768651878e-05,1117.7497482891868,3315.2271734120404,1971.8422461006692,0.8,8.0,100.0,61,95,3
G4_Onmem_wall,$\mathrm{Hel}_{10}\mathrm{IDP}_{40}$-Mem,NAC_antisymmetric_BB_contact_survival,antisymmetric_nac_bb,Any 1 antisymmetric NAC BB,chain_pair,all,largest_cluster,282000.0,5.880450442503896e-05,8.316212768651878e-05,1117.7497482891868,3315.2271734120404,1971.8422461006692,0.8,8.0,100.0,61,95,3
G4_Onmem_wall,$\mathrm{Hel}_{10}\mathrm{IDP}_{40}$-Mem,NAC_antisymmetric_BB_contact_survival,antisymmetric_nac_bb,Any 1 antisymmetric NAC BB,chain_pair,all,largest_cluster,283000.0,5.880450442503896e-05,8.316212768651878e-05,1117.7497482891868,3315.2271734120404,1971.8422461006692,0.8,8.0,100.0,61,95,3
G4_Onmem_wall,$\mathrm{Hel}_{10}\mathrm{IDP}_{40}$-Mem,NAC_antisymmetric_BB_contact_survival,antisymmetric_nac_bb,Any 1 antisymmetric NAC BB,chain_pair,all,largest_cluster,284000.0,5.880450442503896e-05,8.316212768651878e-05,1117.7497482891868,3315.2271734120404,1971.8422461006692,0.8,8.0,100.0,61,95,3
G4_Onmem_wall,$\mathrm{Hel}_{10}\mathrm{IDP}_{40}$-Mem,NAC_antisymmetric_BB_contact_survival,antisymmetric_nac_bb,Any 1 antisymmetric NAC BB,chain_pair,all,largest_cluster,285000.0,5.880450442503896e-05,8.316212768651878e-05,1117.7497482891868,3315.2271734120404,1971.8422461006692,0.8,8.0,100.0,61,95,3
G4_Onmem_wall,$\mathrm{Hel}_{10}\mathrm{IDP}_{40}$-Mem,NAC_antisymmetric_BB_contact_survival,antisymmetric_nac_bb,Any 1 antisymmetric NAC BB,chain_pair,all,largest_cluster,286000.0,5.880450442503896e-05,8.316212768651878e-05,1117.7497482891868,3315.2271734120404,1971.8422461006692,0.8,8.0,100.0,61,95,3
G4_Onmem_wall,$\mathrm{Hel}_{10}\mathrm{IDP}_{40}$-Mem,NAC_antisymmetric_BB_contact_survival,antisymmetric_nac_bb,Any 1 antisymmetric NAC BB,chain_pair,all,largest_cluster,287000.0,5.880450442503896e-05,8.316212768651878e-05,1117.7497482891868,3315.2271734120404,1971.8422461006692,0.8,8.0,100.0,61,95,3
G4_Onmem_wall,$\mathrm{Hel}_{10}\mathrm{IDP}_{40}$-Mem,NAC_antisymmetric_BB_contact_survival,antisymmetric_nac_bb,Any 1 antisymmetric NAC BB,chain_pair,all,largest_cluster,288000.0,5.880450442503896e-05,8.316212768651878e-05,1117.7497482891868,3315.2271734120404,1971.8422461006692,0.8,8.0,100.0,61,95,3
G4_Onmem_wall,$\mathrm{Hel}_{10}\mathrm{IDP}_{40}$-Mem,NAC_antisymmetric_BB_contact_survival,antisymmetric_nac_bb,Any 1 antisymmetric NAC BB,chain_pair,all,largest_cluster,289000.0,5.880450442503896e-05,8.316212768651878e-05,1117.7497482891868,3315.2271734120404,1971.8422461006692,0.8,8.0,100.0,61,95,3
G4_Onmem_wall,$\mathrm{Hel}_{10}\mathrm{IDP}_{40}$-Mem,NAC_antisymmetric_BB_contact_survival,antisymmetric_nac_bb,Any 1 antisymmetric NAC BB,chain_pair,all,largest_cluster,290000.0,5.880450442503896e-05,8.316212768651878e-05,1117.7497482891868,3315.2271734120404,1971.8422461006692,0.8,8.0,100.0,61,95,3
G4_Onmem_wall,$\mathrm{Hel}_{10}\mathrm{IDP}_{40}$-Mem,NAC_antisymmetric_BB_contact_survival,antisymmetric_nac_bb,Any 1 antisymmetric NAC BB,chain_pair,all,largest_cluster,291000.0,5.880450442503896e-05,8.316212768651878e-05,1117.7497482891868,3315.2271734120404,1971.8422461006692,0.8,8.0,100.0,61,95,3
G4_Onmem_wall,$\mathrm{Hel}_{10}\mathrm{IDP}_{40}$-Mem,NAC_antisymmetric_BB_contact_survival,antisymmetric_nac_bb,Any 1 antisymmetric NAC BB,chain_pair,all,largest_cluster,292000.0,5.880450442503896e-05,8.316212768651878e-05,1117.7497482891868,3315.2271734120404,1971.8422461006692,0.8,8.0,100.0,61,95,3
G4_Onmem_wall,$\mathrm{Hel}_{10}\mathrm{IDP}_{40}$-Mem,NAC_antisymmetric_BB_contact_survival,antisymmetric_nac_bb,Any 1 antisymmetric NAC BB,chain_pair,all,largest_cluster,293000.0,5.880450442503896e-05,8.316212768651878e-05,1117.7497482891868,3315.2271734120404,1971.8422461006692,0.8,8.0,100.0,61,95,3
G4_Onmem_wall,$\mathrm{Hel}_{10}\mathrm{IDP}_{40}$-Mem,NAC_antisymmetric_BB_contact_survival,antisymmetric_nac_bb,Any 1 antisymmetric NAC BB,chain_pair,all,largest_cluster,294000.0,5.880450442503896e-05,8.316212768651878e-05,1117.7497482891868,3315.2271734120404,1971.8422461006692,0.8,8.0,100.0,61,95,3
G4_Onmem_wall,$\mathrm{Hel}_{10}\mathrm{IDP}_{40}$-Mem,NAC_antisymmetric_BB_contact_survival,antisymmetric_nac_bb,Any 1 antisymmetric NAC BB,chain_pair,all,largest_cluster,295000.0,5.880450442503896e-05,8.316212768651878e-05,1117.7497482891868,3315.2271734120404,1971.8422461006692,0.8,8.0,100.0,61,95,3
G4_Onmem_wall,$\mathrm{Hel}_{10}\mathrm{IDP}_{40}$-Mem,NAC_antisymmetric_BB_contact_survival,antisymmetric_nac_bb,Any 1 antisymmetric NAC BB,chain_pair,all,largest_cluster,296000.0,5.880450442503896e-05,8.316212768651878e-05,1117.7497482891868,3315.2271734120404,1971.8422461006692,0.8,8.0,100.0,61,95,3
G4_Onmem_wall,$\mathrm{Hel}_{10}\mathrm{IDP}_{40}$-Mem,NAC_antisymmetric_BB_contact_survival,antisymmetric_nac_bb,Any 1 antisymmetric NAC BB,chain_pair,all,largest_cluster,297000.0,5.880450442503896e-05,8.316212768651878e-05,1117.7497482891868,3315.2271734120404,1971.8422461006692,0.8,8.0,100.0,61,95,3
G4_Onmem_wall,$\mathrm{Hel}_{10}\mathrm{IDP}_{40}$-Mem,NAC_antisymmetric_BB_contact_survival,antisymmetric_nac_bb,Any 1 antisymmetric NAC BB,chain_pair,all,largest_cluster,298000.0,5.880450442503896e-05,8.316212768651878e-05,1117.7497482891868,3315.2271734120404,1971.8422461006692,0.8,8.0,100.0,61,95,3
G4_Onmem_wall,$\mathrm{Hel}_{10}\mathrm{IDP}_{40}$-Mem,NAC_antisymmetric_BB_contact_survival,antisymmetric_nac_bb,Any 1 antisymmetric NAC BB,chain_pair,all,largest_cluster,299000.0,2.940225221251948e-05,4.158106384325939e-05,1117.7497482891868,3315.2271734120404,1971.8422461006692,0.8,8.0,100.0,61,95,3
G4_Onmem_wall,$\mathrm{Hel}_{10}\mathrm{IDP}_{40}$-Mem,NAC_antisymmetric_BB_contact_survival,antisymmetric_nac_bb,Any 1 antisymmetric NAC BB,chain_pair,all,largest_cluster,300000.0,2.940225221251948e-05,4.158106384325939e-05,1117.7497482891868,3315.2271734120404,1971.8422461006692,0.8,8.0,100.0,61,95,3
G4_Onmem_wall,$\mathrm{Hel}_{10}\mathrm{IDP}_{40}$-Mem,NAC_antisymmetric_BB_contact_survival,antisymmetric_nac_bb,Any 1 antisymmetric NAC BB,chain_pair,all,largest_cluster,301000.0,2.940225221251948e-05,4.158106384325939e-05,1117.7497482891868,3315.2271734120404,1971.8422461006692,0.8,8.0,100.0,61,95,3
G4_Onmem_wall,$\mathrm{Hel}_{10}\mathrm{IDP}_{40}$-Mem,NAC_antisymmetric_BB_contact_survival,antisymmetric_nac_bb,Any 1 antisymmetric NAC BB,chain_pair,all,largest_cluster,302000.0,2.940225221251948e-05,4.158106384325939e-05,1117.7497482891868,3315.2271734120404,1971.8422461006692,0.8,8.0,100.0,61,95,3
G4_Onmem_wall,$\mathrm{Hel}_{10}\mathrm{IDP}_{40}$-Mem,NAC_antisymmetric_BB_contact_survival,antisymmetric_nac_bb,Any 1 antisymmetric NAC BB,chain_pair,all,largest_cluster,303000.0,2.940225221251948e-05,4.158106384325939e-05,1117.7497482891868,3315.2271734120404,1971.8422461006692,0.8,8.0,100.0,61,95,3
G4_Onmem_wall,$\mathrm{Hel}_{10}\mathrm{IDP}_{40}$-Mem,NAC_antisymmetric_BB_contact_survival,antisymmetric_nac_bb,Any 1 antisymmetric NAC BB,chain_pair,all,largest_cluster,304000.0,2.940225221251948e-05,4.158106384325939e-05,1117.7497482891868,3315.2271734120404,1971.8422461006692,0.8,8.0,100.0,61,95,3
G4_Onmem_wall,$\mathrm{Hel}_{10}\mathrm{IDP}_{40}$-Mem,NAC_antisymmetric_BB_contact_survival,antisymmetric_nac_bb,Any 1 antisymmetric NAC BB,chain_pair,all,largest_cluster,305000.0,2.940225221251948e-05,4.158106384325939e-05,1117.7497482891868,3315.2271734120404,1971.8422461006692,0.8,8.0,100.0,61,95,3
G4_Onmem_wall,$\mathrm{Hel}_{10}\mathrm{IDP}_{40}$-Mem,NAC_antisymmetric_BB_contact_survival,antisymmetric_nac_bb,Any 1 antisymmetric NAC BB,chain_pair,all,largest_cluster,306000.0,2.940225221251948e-05,4.158106384325939e-05,1117.7497482891868,3315.2271734120404,1971.8422461006692,0.8,8.0,100.0,61,95,3
G4_Onmem_wall,$\mathrm{Hel}_{10}\mathrm{IDP}_{40}$-Mem,NAC_antisymmetric_BB_contact_survival,antisymmetric_nac_bb,Any 1 antisymmetric NAC BB,chain_pair,all,largest_cluster,307000.0,2.940225221251948e-05,4.158106384325939e-05,1117.7497482891868,3315.2271734120404,1971.8422461006692,0.8,8.0,100.0,61,95,3
G4_Onmem_wall,$\mathrm{Hel}_{10}\mathrm{IDP}_{40}$-Mem,NAC_antisymmetric_BB_contact_survival,antisymmetric_nac_bb,Any 1 antisymmetric NAC BB,chain_pair,all,largest_cluster,308000.0,2.940225221251948e-05,4.158106384325939e-05,1117.7497482891868,3315.2271734120404,1971.8422461006692,0.8,8.0,100.0,61,95,3
G4_Onmem_wall,$\mathrm{Hel}_{10}\mathrm{IDP}_{40}$-Mem,NAC_antisymmetric_BB_contact_survival,antisymmetric_nac_bb,Any 1 antisymmetric NAC BB,chain_pair,all,largest_cluster,309000.0,2.940225221251948e-05,4.158106384325939e-05,1117.7497482891868,3315.2271734120404,1971.8422461006692,0.8,8.0,100.0,61,95,3
G4_Onmem_wall,$\mathrm{Hel}_{10}\mathrm{IDP}_{40}$-Mem,NAC_antisymmetric_BB_contact_survival,antisymmetric_nac_bb,Any 1 antisymmetric NAC BB,chain_pair,all,largest_cluster,310000.0,2.940225221251948e-05,4.158106384325939e-05,1117.7497482891868,3315.2271734120404,1971.8422461006692,0.8,8.0,100.0,61,95,3
G4_Onmem_wall,$\mathrm{Hel}_{10}\mathrm{IDP}_{40}$-Mem,NAC_antisymmetric_BB_contact_survival,antisymmetric_nac_bb,Any 1 antisymmetric NAC BB,chain_pair,all,largest_cluster,311000.0,2.940225221251948e-05,4.158106384325939e-05,1117.7497482891868,3315.2271734120404,1971.8422461006692,0.8,8.0,100.0,61,95,3
G4_Onmem_wall,$\mathrm{Hel}_{10}\mathrm{IDP}_{40}$-Mem,NAC_antisymmetric_BB_contact_survival,antisymmetric_nac_bb,Any 1 antisymmetric NAC BB,chain_pair,all,largest_cluster,312000.0,2.940225221251948e-05,4.158106384325939e-05,1117.7497482891868,3315.2271734120404,1971.8422461006692,0.8,8.0,100.0,61,95,3
G4_Onmem_wall,$\mathrm{Hel}_{10}\mathrm{IDP}_{40}$-Mem,NAC_antisymmetric_BB_contact_survival,antisymmetric_nac_bb,Any 1 antisymmetric NAC BB,chain_pair,all,largest_cluster,313000.0,2.940225221251948e-05,4.158106384325939e-05,1117.7497482891868,3315.2271734120404,1971.8422461006692,0.8,8.0,100.0,61,95,3
G4_Onmem_wall,$\mathrm{Hel}_{10}\mathrm{IDP}_{40}$-Mem,NAC_antisymmetric_BB_contact_survival,antisymmetric_nac_bb,Any 1 antisymmetric NAC BB,chain_pair,all,largest_cluster,314000.0,2.940225221251948e-05,4.158106384325939e-05,1117.7497482891868,3315.2271734120404,1971.8422461006692,0.8,8.0,100.0,61,95,3
G4_Onmem_wall,$\mathrm{Hel}_{10}\mathrm{IDP}_{40}$-Mem,NAC_antisymmetric_BB_contact_survival,antisymmetric_nac_bb,Any 1 antisymmetric NAC BB,chain_pair,all,largest_cluster,315000.0,2.940225221251948e-05,4.158106384325939e-05,1117.7497482891868,3315.2271734120404,1971.8422461006692,0.8,8.0,100.0,61,95,3
G4_Onmem_wall,$\mathrm{Hel}_{10}\mathrm{IDP}_{40}$-Mem,NAC_antisymmetric_BB_contact_survival,antisymmetric_nac_bb,Any 1 antisymmetric NAC BB,chain_pair,all,largest_cluster,316000.0,2.940225221251948e-05,4.158106384325939e-05,1117.7497482891868,3315.2271734120404,1971.8422461006692,0.8,8.0,100.0,61,95,3
G4_Onmem_wall,$\mathrm{Hel}_{10}\mathrm{IDP}_{40}$-Mem,NAC_antisymmetric_BB_contact_survival,antisymmetric_nac_bb,Any 1 antisymmetric NAC BB,chain_pair,all,largest_cluster,317000.0,2.940225221251948e-05,4.158106384325939e-05,1117.7497482891868,3315.2271734120404,1971.8422461006692,0.8,8.0,100.0,61,95,3
G4_Onmem_wall,$\mathrm{Hel}_{10}\mathrm{IDP}_{40}$-Mem,NAC_antisymmetric_BB_contact_survival,antisymmetric_nac_bb,Any 1 antisymmetric NAC BB,chain_pair,all,largest_cluster,318000.0,2.940225221251948e-05,4.158106384325939e-05,1117.7497482891868,3315.2271734120404,1971.8422461006692,0.8,8.0,100.0,61,95,3
G4_Onmem_wall,$\mathrm{Hel}_{10}\mathrm{IDP}_{40}$-Mem,NAC_antisymmetric_BB_contact_survival,antisymmetric_nac_bb,Any 1 antisymmetric NAC BB,chain_pair,all,largest_cluster,319000.0,2.940225221251948e-05,4.158106384325939e-05,1117.7497482891868,3315.2271734120404,1971.8422461006692,0.8,8.0,100.0,61,95,3
G4_Onmem_wall,$\mathrm{Hel}_{10}\mathrm{IDP}_{40}$-Mem,NAC_antisymmetric_BB_contact_survival,antisymmetric_nac_bb,Any 1 antisymmetric NAC BB,chain_pair,all,largest_cluster,320000.0,2.940225221251948e-05,4.158106384325939e-05,1117.7497482891868,3315.2271734120404,1971.8422461006692,0.8,8.0,100.0,61,95,3
G4_Onmem_wall,$\mathrm{Hel}_{10}\mathrm{IDP}_{40}$-Mem,NAC_antisymmetric_BB_contact_survival,antisymmetric_nac_bb,Any 1 antisymmetric NAC BB,chain_pair,all,largest_cluster,321000.0,2.940225221251948e-05,4.158106384325939e-05,1117.7497482891868,3315.2271734120404,1971.8422461006692,0.8,8.0,100.0,61,95,3
G4_Onmem_wall,$\mathrm{Hel}_{10}\mathrm{IDP}_{40}$-Mem,NAC_antisymmetric_BB_contact_survival,antisymmetric_nac_bb,Any 1 antisymmetric NAC BB,chain_pair,all,largest_cluster,322000.0,2.940225221251948e-05,4.158106384325939e-05,1117.7497482891868,3315.2271734120404,1971.8422461006692,0.8,8.0,100.0,61,95,3
G4_Onmem_wall,$\mathrm{Hel}_{10}\mathrm{IDP}_{40}$-Mem,NAC_antisymmetric_BB_contact_survival,antisymmetric_nac_bb,Any 1 antisymmetric NAC BB,chain_pair,all,largest_cluster,323000.0,2.940225221251948e-05,4.158106384325939e-05,1117.7497482891868,3315.2271734120404,1971.8422461006692,0.8,8.0,100.0,61,95,3
G4_Onmem_wall,$\mathrm{Hel}_{10}\mathrm{IDP}_{40}$-Mem,NAC_antisymmetric_BB_contact_survival,antisymmetric_nac_bb,Any 1 antisymmetric NAC BB,chain_pair,all,largest_cluster,324000.0,2.940225221251948e-05,4.158106384325939e-05,1117.7497482891868,3315.2271734120404,1971.8422461006692,0.8,8.0,100.0,61,95,3
G4_Onmem_wall,$\mathrm{Hel}_{10}\mathrm{IDP}_{40}$-Mem,NAC_antisymmetric_BB_contact_survival,antisymmetric_nac_bb,Any 1 antisymmetric NAC BB,chain_pair,all,largest_cluster,325000.0,2.940225221251948e-05,4.158106384325939e-05,1117.7497482891868,3315.2271734120404,1971.8422461006692,0.8,8.0,100.0,61,95,3
G4_Onmem_wall,$\mathrm{Hel}_{10}\mathrm{IDP}_{40}$-Mem,NAC_antisymmetric_BB_contact_survival,antisymmetric_nac_bb,Any 1 antisymmetric NAC BB,chain_pair,all,largest_cluster,326000.0,2.940225221251948e-05,4.158106384325939e-05,1117.7497482891868,3315.2271734120404,1971.8422461006692,0.8,8.0,100.0,61,95,3
G4_Onmem_wall,$\mathrm{Hel}_{10}\mathrm{IDP}_{40}$-Mem,NAC_antisymmetric_BB_contact_survival,antisymmetric_nac_bb,Any 1 antisymmetric NAC BB,chain_pair,all,largest_cluster,327000.0,2.940225221251948e-05,4.158106384325939e-05,1117.7497482891868,3315.2271734120404,1971.8422461006692,0.8,8.0,100.0,61,95,3
G4_Onmem_wall,$\mathrm{Hel}_{10}\mathrm{IDP}_{40}$-Mem,NAC_antisymmetric_BB_contact_survival,antisymmetric_nac_bb,Any 1 antisymmetric NAC BB,chain_pair,all,largest_cluster,328000.0,2.940225221251948e-05,4.158106384325939e-05,1117.7497482891868,3315.2271734120404,1971.8422461006692,0.8,8.0,100.0,61,95,3
G4_Onmem_wall,$\mathrm{Hel}_{10}\mathrm{IDP}_{40}$-Mem,NAC_antisymmetric_BB_contact_survival,antisymmetric_nac_bb,Any 1 antisymmetric NAC BB,chain_pair,all,largest_cluster,329000.0,2.940225221251948e-05,4.158106384325939e-05,1117.7497482891868,3315.2271734120404,1971.8422461006692,0.8,8.0,100.0,61,95,3
G4_Onmem_wall,$\mathrm{Hel}_{10}\mathrm{IDP}_{40}$-Mem,NAC_antisymmetric_BB_contact_survival,antisymmetric_nac_bb,Any 1 antisymmetric NAC BB,chain_pair,all,largest_cluster,330000.0,2.940225221251948e-05,4.158106384325939e-05,1117.7497482891868,3315.2271734120404,1971.8422461006692,0.8,8.0,100.0,61,95,3
G4_Onmem_wall,$\mathrm{Hel}_{10}\mathrm{IDP}_{40}$-Mem,NAC_antisymmetric_BB_contact_survival,antisymmetric_nac_bb,Any 1 antisymmetric NAC BB,chain_pair,all,largest_cluster,331000.0,2.940225221251948e-05,4.158106384325939e-05,1117.7497482891868,3315.2271734120404,1971.8422461006692,0.8,8.0,100.0,61,95,3
G4_Onmem_wall,$\mathrm{Hel}_{10}\mathrm{IDP}_{40}$-Mem,NAC_antisymmetric_BB_contact_survival,antisymmetric_nac_bb,Any 1 antisymmetric NAC BB,chain_pair,all,largest_cluster,332000.0,2.940225221251948e-05,4.158106384325939e-05,1117.7497482891868,3315.2271734120404,1971.8422461006692,0.8,8.0,100.0,61,95,3
G4_Onmem_wall,$\mathrm{Hel}_{10}\mathrm{IDP}_{40}$-Mem,NAC_antisymmetric_BB_contact_survival,antisymmetric_nac_bb,Any 1 antisymmetric NAC BB,chain_pair,all,largest_cluster,333000.0,2.940225221251948e-05,4.158106384325939e-05,1117.7497482891868,3315.2271734120404,1971.8422461006692,0.8,8.0,100.0,61,95,3
G4_Onmem_wall,$\mathrm{Hel}_{10}\mathrm{IDP}_{40}$-Mem,NAC_antisymmetric_BB_contact_survival,antisymmetric_nac_bb,Any 1 antisymmetric NAC BB,chain_pair,all,largest_cluster,334000.0,2.940225221251948e-05,4.158106384325939e-05,1117.7497482891868,3315.2271734120404,1971.8422461006692,0.8,8.0,100.0,61,95,3
G4_Onmem_wall,$\mathrm{Hel}_{10}\mathrm{IDP}_{40}$-Mem,NAC_antisymmetric_BB_contact_survival,antisymmetric_nac_bb,Any 1 antisymmetric NAC BB,chain_pair,all,largest_cluster,335000.0,2.940225221251948e-05,4.158106384325939e-05,1117.7497482891868,3315.2271734120404,1971.8422461006692,0.8,8.0,100.0,61,95,3
G4_Onmem_wall,$\mathrm{Hel}_{10}\mathrm{IDP}_{40}$-Mem,NAC_antisymmetric_BB_contact_survival,antisymmetric_nac_bb,Any 1 antisymmetric NAC BB,chain_pair,all,largest_cluster,336000.0,2.940225221251948e-05,4.158106384325939e-05,1117.7497482891868,3315.2271734120404,1971.8422461006692,0.8,8.0,100.0,61,95,3
G4_Onmem_wall,$\mathrm{Hel}_{10}\mathrm{IDP}_{40}$-Mem,NAC_antisymmetric_BB_contact_survival,antisymmetric_nac_bb,Any 1 antisymmetric NAC BB,chain_pair,all,largest_cluster,337000.0,2.940225221251948e-05,4.158106384325939e-05,1117.7497482891868,3315.2271734120404,1971.8422461006692,0.8,8.0,100.0,61,95,3
G4_Onmem_wall,$\mathrm{Hel}_{10}\mathrm{IDP}_{40}$-Mem,NAC_antisymmetric_BB_contact_survival,antisymmetric_nac_bb,Any 1 antisymmetric NAC BB,chain_pair,all,largest_cluster,338000.0,2.940225221251948e-05,4.158106384325939e-05,1117.7497482891868,3315.2271734120404,1971.8422461006692,0.8,8.0,100.0,61,95,3
G4_Onmem_wall,$\mathrm{Hel}_{10}\mathrm{IDP}_{40}$-Mem,NAC_antisymmetric_BB_contact_survival,antisymmetric_nac_bb,Any 1 antisymmetric NAC BB,chain_pair,all,largest_cluster,339000.0,2.940225221251948e-05,4.158106384325939e-05,1117.7497482891868,3315.2271734120404,1971.8422461006692,0.8,8.0,100.0,61,95,3
G4_Onmem_wall,$\mathrm{Hel}_{10}\mathrm{IDP}_{40}$-Mem,NAC_antisymmetric_BB_contact_survival,antisymmetric_nac_bb,Any 1 antisymmetric NAC BB,chain_pair,all,largest_cluster,340000.0,2.940225221251948e-05,4.158106384325939e-05,1117.7497482891868,3315.2271734120404,1971.8422461006692,0.8,8.0,100.0,61,95,3
G4_Onmem_wall,$\mathrm{Hel}_{10}\mathrm{IDP}_{40}$-Mem,NAC_antisymmetric_BB_contact_survival,antisymmetric_nac_bb,Any 1 antisymmetric NAC BB,chain_pair,all,largest_cluster,341000.0,2.940225221251948e-05,4.158106384325939e-05,1117.7497482891868,3315.2271734120404,1971.8422461006692,0.8,8.0,100.0,61,95,3
G4_Onmem_wall,$\mathrm{Hel}_{10}\mathrm{IDP}_{40}$-Mem,NAC_antisymmetric_BB_contact_survival,antisymmetric_nac_bb,Any 1 antisymmetric NAC BB,chain_pair,all,largest_cluster,342000.0,2.940225221251948e-05,4.158106384325939e-05,1117.7497482891868,3315.2271734120404,1971.8422461006692,0.8,8.0,100.0,61,95,3
G4_Onmem_wall,$\mathrm{Hel}_{10}\mathrm{IDP}_{40}$-Mem,NAC_antisymmetric_BB_contact_survival,antisymmetric_nac_bb,Any 1 antisymmetric NAC BB,chain_pair,all,largest_cluster,343000.0,2.940225221251948e-05,4.158106384325939e-05,1117.7497482891868,3315.2271734120404,1971.8422461006692,0.8,8.0,100.0,61,95,3
G4_Onmem_wall,$\mathrm{Hel}_{10}\mathrm{IDP}_{40}$-Mem,NAC_antisymmetric_BB_contact_survival,antisymmetric_nac_bb,Any 1 antisymmetric NAC BB,chain_pair,all,largest_cluster,344000.0,2.940225221251948e-05,4.158106384325939e-05,1117.7497482891868,3315.2271734120404,1971.8422461006692,0.8,8.0,100.0,61,95,3
G4_Onmem_wall,$\mathrm{Hel}_{10}\mathrm{IDP}_{40}$-Mem,NAC_antisymmetric_BB_contact_survival,antisymmetric_nac_bb,Any 1 antisymmetric NAC BB,chain_pair,all,largest_cluster,345000.0,2.940225221251948e-05,4.158106384325939e-05,1117.7497482891868,3315.2271734120404,1971.8422461006692,0.8,8.0,100.0,61,95,3
G4_Onmem_wall,$\mathrm{Hel}_{10}\mathrm{IDP}_{40}$-Mem,NAC_antisymmetric_BB_contact_survival,antisymmetric_nac_bb,Any 1 antisymmetric NAC BB,chain_pair,all,largest_cluster,346000.0,2.940225221251948e-05,4.158106384325939e-05,1117.7497482891868,3315.2271734120404,1971.8422461006692,0.8,8.0,100.0,61,95,3
G4_Onmem_wall,$\mathrm{Hel}_{10}\mathrm{IDP}_{40}$-Mem,NAC_antisymmetric_BB_contact_survival,antisymmetric_nac_bb,Any 1 antisymmetric NAC BB,chain_pair,all,largest_cluster,347000.0,2.940225221251948e-05,4.158106384325939e-05,1117.7497482891868,3315.2271734120404,1971.8422461006692,0.8,8.0,100.0,61,95,3
G4_Onmem_wall,$\mathrm{Hel}_{10}\mathrm{IDP}_{40}$-Mem,NAC_antisymmetric_BB_contact_survival,antisymmetric_nac_bb,Any 1 antisymmetric NAC BB,chain_pair,all,largest_cluster,348000.0,2.940225221251948e-05,4.158106384325939e-05,1117.7497482891868,3315.2271734120404,1971.8422461006692,0.8,8.0,100.0,61,95,3
G4_Onmem_wall,$\mathrm{Hel}_{10}\mathrm{IDP}_{40}$-Mem,NAC_antisymmetric_BB_contact_survival,antisymmetric_nac_bb,Any 1 antisymmetric NAC BB,chain_pair,all,largest_cluster,349000.0,2.940225221251948e-05,4.158106384325939e-05,1117.7497482891868,3315.2271734120404,1971.8422461006692,0.8,8.0,100.0,61,95,3
G4_Onmem_wall,$\mathrm{Hel}_{10}\mathrm{IDP}_{40}$-Mem,NAC_antisymmetric_BB_contact_survival,antisymmetric_nac_bb,Any 1 antisymmetric NAC BB,chain_pair,all,largest_cluster,350000.0,2.940225221251948e-05,4.158106384325939e-05,1117.7497482891868,3315.2271734120404,1971.8422461006692,0.8,8.0,100.0,61,95,3
G4_Onmem_wall,$\mathrm{Hel}_{10}\mathrm{IDP}_{40}$-Mem,NAC_antisymmetric_BB_contact_survival,antisymmetric_nac_bb,Any 1 antisymmetric NAC BB,chain_pair,all,largest_cluster,351000.0,2.940225221251948e-05,4.158106384325939e-05,1117.7497482891868,3315.2271734120404,1971.8422461006692,0.8,8.0,100.0,61,95,3
G4_Onmem_wall,$\mathrm{Hel}_{10}\mathrm{IDP}_{40}$-Mem,NAC_antisymmetric_BB_contact_survival,antisymmetric_nac_bb,Any 1 antisymmetric NAC BB,chain_pair,all,largest_cluster,352000.0,2.940225221251948e-05,4.158106384325939e-05,1117.7497482891868,3315.2271734120404,1971.8422461006692,0.8,8.0,100.0,61,95,3
G4_Onmem_wall,$\mathrm{Hel}_{10}\mathrm{IDP}_{40}$-Mem,NAC_antisymmetric_BB_contact_survival,antisymmetric_nac_bb,Any 1 antisymmetric NAC BB,chain_pair,all,largest_cluster,353000.0,2.940225221251948e-05,4.158106384325939e-05,1117.7497482891868,3315.2271734120404,1971.8422461006692,0.8,8.0,100.0,61,95,3
G4_Onmem_wall,$\mathrm{Hel}_{10}\mathrm{IDP}_{40}$-Mem,NAC_antisymmetric_BB_contact_survival,antisymmetric_nac_bb,Any 1 antisymmetric NAC BB,chain_pair,all,largest_cluster,354000.0,2.940225221251948e-05,4.158106384325939e-05,1117.7497482891868,3315.2271734120404,1971.8422461006692,0.8,8.0,100.0,61,95,3
G4_Onmem_wall,$\mathrm{Hel}_{10}\mathrm{IDP}_{40}$-Mem,NAC_antisymmetric_BB_contact_survival,antisymmetric_nac_bb,Any 1 antisymmetric NAC BB,chain_pair,all,largest_cluster,355000.0,2.940225221251948e-05,4.158106384325939e-05,1117.7497482891868,3315.2271734120404,1971.8422461006692,0.8,8.0,100.0,61,95,3
G4_Onmem_wall,$\mathrm{Hel}_{10}\mathrm{IDP}_{40}$-Mem,NAC_antisymmetric_BB_contact_survival,antisymmetric_nac_bb,Any 1 antisymmetric NAC BB,chain_pair,all,largest_cluster,356000.0,2.940225221251948e-05,4.158106384325939e-05,1117.7497482891868,3315.2271734120404,1971.8422461006692,0.8,8.0,100.0,61,95,3
G4_Onmem_wall,$\mathrm{Hel}_{10}\mathrm{IDP}_{40}$-Mem,NAC_antisymmetric_BB_contact_survival,antisymmetric_nac_bb,Any 1 antisymmetric NAC BB,chain_pair,all,largest_cluster,357000.0,2.940225221251948e-05,4.158106384325939e-05,1117.7497482891868,3315.2271734120404,1971.8422461006692,0.8,8.0,100.0,61,95,3
G4_Onmem_wall,$\mathrm{Hel}_{10}\mathrm{IDP}_{40}$-Mem,NAC_antisymmetric_BB_contact_survival,antisymmetric_nac_bb,Any 1 antisymmetric NAC BB,chain_pair,all,largest_cluster,358000.0,2.940225221251948e-05,4.158106384325939e-05,1117.7497482891868,3315.2271734120404,1971.8422461006692,0.8,8.0,100.0,61,95,3
G4_Onmem_wall,$\mathrm{Hel}_{10}\mathrm{IDP}_{40}$-Mem,NAC_antisymmetric_BB_contact_survival,antisymmetric_nac_bb,Any 1 antisymmetric NAC BB,chain_pair,all,largest_cluster,359000.0,2.940225221251948e-05,4.158106384325939e-05,1117.7497482891868,3315.2271734120404,1971.8422461006692,0.8,8.0,100.0,61,95,3
G4_Onmem_wall,$\mathrm{Hel}_{10}\mathrm{IDP}_{40}$-Mem,NAC_antisymmetric_BB_contact_survival,antisymmetric_nac_bb,Any 1 antisymmetric NAC BB,chain_pair,all,largest_cluster,360000.0,2.940225221251948e-05,4.158106384325939e-05,1117.7497482891868,3315.2271734120404,1971.8422461006692,0.8,8.0,100.0,61,95,3
G4_Onmem_wall,$\mathrm{Hel}_{10}\mathrm{IDP}_{40}$-Mem,NAC_antisymmetric_BB_contact_survival,antisymmetric_nac_bb,Any 1 antisymmetric NAC BB,chain_pair,all,largest_cluster,361000.0,2.940225221251948e-05,4.158106384325939e-05,1117.7497482891868,3315.2271734120404,1971.8422461006692,0.8,8.0,100.0,61,95,3
G4_Onmem_wall,$\mathrm{Hel}_{10}\mathrm{IDP}_{40}$-Mem,NAC_antisymmetric_BB_contact_survival,antisymmetric_nac_bb,Any 1 antisymmetric NAC BB,chain_pair,all,largest_cluster,362000.0,2.940225221251948e-05,4.158106384325939e-05,1117.7497482891868,3315.2271734120404,1971.8422461006692,0.8,8.0,100.0,61,95,3
G4_Onmem_wall,$\mathrm{Hel}_{10}\mathrm{IDP}_{40}$-Mem,NAC_antisymmetric_BB_contact_survival,antisymmetric_nac_bb,Any 1 antisymmetric NAC BB,chain_pair,all,largest_cluster,363000.0,2.940225221251948e-05,4.158106384325939e-05,1117.7497482891868,3315.2271734120404,1971.8422461006692,0.8,8.0,100.0,61,95,3
G4_Onmem_wall,$\mathrm{Hel}_{10}\mathrm{IDP}_{40}$-Mem,NAC_antisymmetric_BB_contact_survival,antisymmetric_nac_bb,Any 1 antisymmetric NAC BB,chain_pair,all,largest_cluster,364000.0,2.940225221251948e-05,4.158106384325939e-05,1117.7497482891868,3315.2271734120404,1971.8422461006692,0.8,8.0,100.0,61,95,3
G4_Onmem_wall,$\mathrm{Hel}_{10}\mathrm{IDP}_{40}$-Mem,NAC_antisymmetric_BB_contact_survival,antisymmetric_nac_bb,Any 1 antisymmetric NAC BB,chain_pair,all,largest_cluster,365000.0,2.940225221251948e-05,4.158106384325939e-05,1117.7497482891868,3315.2271734120404,1971.8422461006692,0.8,8.0,100.0,61,95,3
G4_Onmem_wall,$\mathrm{Hel}_{10}\mathrm{IDP}_{40}$-Mem,NAC_antisymmetric_BB_contact_survival,antisymmetric_nac_bb,Any 1 antisymmetric NAC BB,chain_pair,all,largest_cluster,366000.0,2.940225221251948e-05,4.158106384325939e-05,1117.7497482891868,3315.2271734120404,1971.8422461006692,0.8,8.0,100.0,61,95,3
G4_Onmem_wall,$\mathrm{Hel}_{10}\mathrm{IDP}_{40}$-Mem,NAC_antisymmetric_BB_contact_survival,antisymmetric_nac_bb,Any 1 antisymmetric NAC BB,chain_pair,all,largest_cluster,367000.0,2.940225221251948e-05,4.158106384325939e-05,1117.7497482891868,3315.2271734120404,1971.8422461006692,0.8,8.0,100.0,61,95,3
G4_Onmem_wall,$\mathrm{Hel}_{10}\mathrm{IDP}_{40}$-Mem,NAC_antisymmetric_BB_contact_survival,antisymmetric_nac_bb,Any 1 antisymmetric NAC BB,chain_pair,all,largest_cluster,368000.0,2.940225221251948e-05,4.158106384325939e-05,1117.7497482891868,3315.2271734120404,1971.8422461006692,0.8,8.0,100.0,61,95,3
G4_Onmem_wall,$\mathrm{Hel}_{10}\mathrm{IDP}_{40}$-Mem,NAC_antisymmetric_BB_contact_survival,antisymmetric_nac_bb,Any 1 antisymmetric NAC BB,chain_pair,all,largest_cluster,369000.0,2.940225221251948e-05,4.158106384325939e-05,1117.7497482891868,3315.2271734120404,1971.8422461006692,0.8,8.0,100.0,61,95,3
G4_Onmem_wall,$\mathrm{Hel}_{10}\mathrm{IDP}_{40}$-Mem,NAC_antisymmetric_BB_contact_survival,antisymmetric_nac_bb,Any 1 antisymmetric NAC BB,chain_pair,all,largest_cluster,370000.0,2.940225221251948e-05,4.158106384325939e-05,1117.7497482891868,3315.2271734120404,1971.8422461006692,0.8,8.0,100.0,61,95,3
G4_Onmem_wall,$\mathrm{Hel}_{10}\mathrm{IDP}_{40}$-Mem,NAC_antisymmetric_BB_contact_survival,antisymmetric_nac_bb,Any 1 antisymmetric NAC BB,chain_pair,all,largest_cluster,371000.0,2.940225221251948e-05,4.158106384325939e-05,1117.7497482891868,3315.2271734120404,1971.8422461006692,0.8,8.0,100.0,61,95,3
G4_Onmem_wall,$\mathrm{Hel}_{10}\mathrm{IDP}_{40}$-Mem,NAC_antisymmetric_BB_contact_survival,antisymmetric_nac_bb,Any 1 antisymmetric NAC BB,chain_pair,all,largest_cluster,372000.0,2.940225221251948e-05,4.158106384325939e-05,1117.7497482891868,3315.2271734120404,1971.8422461006692,0.8,8.0,100.0,61,95,3
G4_Onmem_wall,$\mathrm{Hel}_{10}\mathrm{IDP}_{40}$-Mem,NAC_antisymmetric_BB_contact_survival,antisymmetric_nac_bb,Any 1 antisymmetric NAC BB,chain_pair,all,largest_cluster,373000.0,2.940225221251948e-05,4.158106384325939e-05,1117.7497482891868,3315.2271734120404,1971.8422461006692,0.8,8.0,100.0,61,95,3
G4_Onmem_wall,$\mathrm{Hel}_{10}\mathrm{IDP}_{40}$-Mem,NAC_antisymmetric_BB_contact_survival,antisymmetric_nac_bb,Any 1 antisymmetric NAC BB,chain_pair,all,largest_cluster,374000.0,2.940225221251948e-05,4.158106384325939e-05,1117.7497482891868,3315.2271734120404,1971.8422461006692,0.8,8.0,100.0,61,95,3
G4_Onmem_wall,$\mathrm{Hel}_{10}\mathrm{IDP}_{40}$-Mem,NAC_antisymmetric_BB_contact_survival,antisymmetric_nac_bb,Any 1 antisymmetric NAC BB,chain_pair,all,largest_cluster,375000.0,2.940225221251948e-05,4.158106384325939e-05,1117.7497482891868,3315.2271734120404,1971.8422461006692,0.8,8.0,100.0,61,95,3
G4_Onmem_wall,$\mathrm{Hel}_{10}\mathrm{IDP}_{40}$-Mem,NAC_antisymmetric_BB_contact_survival,antisymmetric_nac_bb,Any 1 antisymmetric NAC BB,chain_pair,all,largest_cluster,376000.0,2.940225221251948e-05,4.158106384325939e-05,1117.7497482891868,3315.2271734120404,1971.8422461006692,0.8,8.0,100.0,61,95,3
G4_Onmem_wall,$\mathrm{Hel}_{10}\mathrm{IDP}_{40}$-Mem,NAC_antisymmetric_BB_contact_survival,antisymmetric_nac_bb,Any 1 antisymmetric NAC BB,chain_pair,all,largest_cluster,377000.0,2.940225221251948e-05,4.158106384325939e-05,1117.7497482891868,3315.2271734120404,1971.8422461006692,0.8,8.0,100.0,61,95,3
G4_Onmem_wall,$\mathrm{Hel}_{10}\mathrm{IDP}_{40}$-Mem,NAC_antisymmetric_BB_contact_survival,antisymmetric_nac_bb,Any 1 antisymmetric NAC BB,chain_pair,all,largest_cluster,378000.0,2.940225221251948e-05,4.158106384325939e-05,1117.7497482891868,3315.2271734120404,1971.8422461006692,0.8,8.0,100.0,61,95,3
G4_Onmem_wall,$\mathrm{Hel}_{10}\mathrm{IDP}_{40}$-Mem,NAC_antisymmetric_BB_contact_survival,antisymmetric_nac_bb,Any 1 antisymmetric NAC BB,chain_pair,all,largest_cluster,379000.0,2.940225221251948e-05,4.158106384325939e-05,1117.7497482891868,3315.2271734120404,1971.8422461006692,0.8,8.0,100.0,61,95,3
G4_Onmem_wall,$\mathrm{Hel}_{10}\mathrm{IDP}_{40}$-Mem,NAC_antisymmetric_BB_contact_survival,antisymmetric_nac_bb,Any 1 antisymmetric NAC BB,chain_pair,all,largest_cluster,380000.0,2.940225221251948e-05,4.158106384325939e-05,1117.7497482891868,3315.2271734120404,1971.8422461006692,0.8,8.0,100.0,61,95,3
G4_Onmem_wall,$\mathrm{Hel}_{10}\mathrm{IDP}_{40}$-Mem,NAC_antisymmetric_BB_contact_survival,antisymmetric_nac_bb,Any 1 antisymmetric NAC BB,chain_pair,all,largest_cluster,381000.0,2.940225221251948e-05,4.158106384325939e-05,1117.7497482891868,3315.2271734120404,1971.8422461006692,0.8,8.0,100.0,61,95,3
G4_Onmem_wall,$\mathrm{Hel}_{10}\mathrm{IDP}_{40}$-Mem,NAC_antisymmetric_BB_contact_survival,antisymmetric_nac_bb,Any 1 antisymmetric NAC BB,chain_pair,all,largest_cluster,382000.0,2.940225221251948e-05,4.158106384325939e-05,1117.7497482891868,3315.2271734120404,1971.8422461006692,0.8,8.0,100.0,61,95,3
G4_Onmem_wall,$\mathrm{Hel}_{10}\mathrm{IDP}_{40}$-Mem,NAC_antisymmetric_BB_contact_survival,antisymmetric_nac_bb,Any 1 antisymmetric NAC BB,chain_pair,all,largest_cluster,383000.0,2.940225221251948e-05,4.158106384325939e-05,1117.7497482891868,3315.2271734120404,1971.8422461006692,0.8,8.0,100.0,61,95,3
G4_Onmem_wall,$\mathrm{Hel}_{10}\mathrm{IDP}_{40}$-Mem,NAC_antisymmetric_BB_contact_survival,antisymmetric_nac_bb,Any 1 antisymmetric NAC BB,chain_pair,all,largest_cluster,384000.0,2.940225221251948e-05,4.158106384325939e-05,1117.7497482891868,3315.2271734120404,1971.8422461006692,0.8,8.0,100.0,61,95,3
G4_Onmem_wall,$\mathrm{Hel}_{10}\mathrm{IDP}_{40}$-Mem,NAC_antisymmetric_BB_contact_survival,antisymmetric_nac_bb,Any 1 antisymmetric NAC BB,chain_pair,all,largest_cluster,385000.0,2.940225221251948e-05,4.158106384325939e-05,1117.7497482891868,3315.2271734120404,1971.8422461006692,0.8,8.0,100.0,61,95,3
G4_Onmem_wall,$\mathrm{Hel}_{10}\mathrm{IDP}_{40}$-Mem,NAC_antisymmetric_BB_contact_survival,antisymmetric_nac_bb,Any 1 antisymmetric NAC BB,chain_pair,all,largest_cluster,386000.0,2.940225221251948e-05,4.158106384325939e-05,1117.7497482891868,3315.2271734120404,1971.8422461006692,0.8,8.0,100.0,61,95,3
G4_Onmem_wall,$\mathrm{Hel}_{10}\mathrm{IDP}_{40}$-Mem,NAC_antisymmetric_BB_contact_survival,antisymmetric_nac_bb,Any 1 antisymmetric NAC BB,chain_pair,all,largest_cluster,387000.0,2.940225221251948e-05,4.158106384325939e-05,1117.7497482891868,3315.2271734120404,1971.8422461006692,0.8,8.0,100.0,61,95,3
G4_Onmem_wall,$\mathrm{Hel}_{10}\mathrm{IDP}_{40}$-Mem,NAC_antisymmetric_BB_contact_survival,antisymmetric_nac_bb,Any 1 antisymmetric NAC BB,chain_pair,all,largest_cluster,388000.0,2.940225221251948e-05,4.158106384325939e-05,1117.7497482891868,3315.2271734120404,1971.8422461006692,0.8,8.0,100.0,61,95,3
G4_Onmem_wall,$\mathrm{Hel}_{10}\mathrm{IDP}_{40}$-Mem,NAC_antisymmetric_BB_contact_survival,antisymmetric_nac_bb,Any 1 antisymmetric NAC BB,chain_pair,all,largest_cluster,389000.0,2.940225221251948e-05,4.158106384325939e-05,1117.7497482891868,3315.2271734120404,1971.8422461006692,0.8,8.0,100.0,61,95,3
G4_Onmem_wall,$\mathrm{Hel}_{10}\mathrm{IDP}_{40}$-Mem,NAC_antisymmetric_BB_contact_survival,antisymmetric_nac_bb,Any 1 antisymmetric NAC BB,chain_pair,all,largest_cluster,390000.0,2.940225221251948e-05,4.158106384325939e-05,1117.7497482891868,3315.2271734120404,1971.8422461006692,0.8,8.0,100.0,61,95,3
G4_Onmem_wall,$\mathrm{Hel}_{10}\mathrm{IDP}_{40}$-Mem,NAC_antisymmetric_BB_contact_survival,antisymmetric_nac_bb,Any 1 antisymmetric NAC BB,chain_pair,all,largest_cluster,391000.0,2.940225221251948e-05,4.158106384325939e-05,1117.7497482891868,3315.2271734120404,1971.8422461006692,0.8,8.0,100.0,61,95,3
G4_Onmem_wall,$\mathrm{Hel}_{10}\mathrm{IDP}_{40}$-Mem,NAC_antisymmetric_BB_contact_survival,antisymmetric_nac_bb,Any 1 antisymmetric NAC BB,chain_pair,all,largest_cluster,392000.0,2.940225221251948e-05,4.158106384325939e-05,1117.7497482891868,3315.2271734120404,1971.8422461006692,0.8,8.0,100.0,61,95,3
G4_Onmem_wall,$\mathrm{Hel}_{10}\mathrm{IDP}_{40}$-Mem,NAC_antisymmetric_BB_contact_survival,antisymmetric_nac_bb,Any 1 antisymmetric NAC BB,chain_pair,all,largest_cluster,393000.0,2.940225221251948e-05,4.158106384325939e-05,1117.7497482891868,3315.2271734120404,1971.8422461006692,0.8,8.0,100.0,61,95,3
G4_Onmem_wall,$\mathrm{Hel}_{10}\mathrm{IDP}_{40}$-Mem,NAC_antisymmetric_BB_contact_survival,antisymmetric_nac_bb,Any 1 antisymmetric NAC BB,chain_pair,all,largest_cluster,394000.0,2.940225221251948e-05,4.158106384325939e-05,1117.7497482891868,3315.2271734120404,1971.8422461006692,0.8,8.0,100.0,61,95,3
G4_Onmem_wall,$\mathrm{Hel}_{10}\mathrm{IDP}_{40}$-Mem,NAC_antisymmetric_BB_contact_survival,antisymmetric_nac_bb,Any 1 antisymmetric NAC BB,chain_pair,all,largest_cluster,395000.0,2.940225221251948e-05,4.158106384325939e-05,1117.7497482891868,3315.2271734120404,1971.8422461006692,0.8,8.0,100.0,61,95,3
G4_Onmem_wall,$\mathrm{Hel}_{10}\mathrm{IDP}_{40}$-Mem,NAC_antisymmetric_BB_contact_survival,antisymmetric_nac_bb,Any 1 antisymmetric NAC BB,chain_pair,all,largest_cluster,396000.0,2.940225221251948e-05,4.158106384325939e-05,1117.7497482891868,3315.2271734120404,1971.8422461006692,0.8,8.0,100.0,61,95,3
G4_Onmem_wall,$\mathrm{Hel}_{10}\mathrm{IDP}_{40}$-Mem,NAC_antisymmetric_BB_contact_survival,antisymmetric_nac_bb,Any 1 antisymmetric NAC BB,chain_pair,all,largest_cluster,397000.0,2.940225221251948e-05,4.158106384325939e-05,1117.7497482891868,3315.2271734120404,1971.8422461006692,0.8,8.0,100.0,61,95,3
G4_Onmem_wall,$\mathrm{Hel}_{10}\mathrm{IDP}_{40}$-Mem,NAC_antisymmetric_BB_contact_survival,antisymmetric_nac_bb,Any 1 antisymmetric NAC BB,chain_pair,all,largest_cluster,398000.0,2.940225221251948e-05,4.158106384325939e-05,1117.7497482891868,3315.2271734120404,1971.8422461006692,0.8,8.0,100.0,61,95,3
G4_Onmem_wall,$\mathrm{Hel}_{10}\mathrm{IDP}_{40}$-Mem,NAC_antisymmetric_BB_contact_survival,antisymmetric_nac_bb,Any 1 antisymmetric NAC BB,chain_pair,all,largest_cluster,399000.0,2.940225221251948e-05,4.158106384325939e-05,1117.7497482891868,3315.2271734120404,1971.8422461006692,0.8,8.0,100.0,61,95,3
G4_Onmem_wall,$\mathrm{Hel}_{10}\mathrm{IDP}_{40}$-Mem,NAC_antisymmetric_BB_contact_survival,antisymmetric_nac_bb,Any 1 antisymmetric NAC BB,chain_pair,all,largest_cluster,400000.0,2.940225221251948e-05,4.158106384325939e-05,1117.7497482891868,3315.2271734120404,1971.8422461006692,0.8,8.0,100.0,61,95,3
G4_Onmem_wall,$\mathrm{Hel}_{10}\mathrm{IDP}_{40}$-Mem,NAC_antisymmetric_BB_contact_survival,antisymmetric_nac_bb,Any 1 antisymmetric NAC BB,chain_pair,all,largest_cluster,401000.0,2.940225221251948e-05,4.158106384325939e-05,1117.7497482891868,3315.2271734120404,1971.8422461006692,0.8,8.0,100.0,61,95,3
G4_Onmem_wall,$\mathrm{Hel}_{10}\mathrm{IDP}_{40}$-Mem,NAC_antisymmetric_BB_contact_survival,antisymmetric_nac_bb,Any 1 antisymmetric NAC BB,chain_pair,all,largest_cluster,402000.0,2.940225221251948e-05,4.158106384325939e-05,1117.7497482891868,3315.2271734120404,1971.8422461006692,0.8,8.0,100.0,61,95,3
G4_Onmem_wall,$\mathrm{Hel}_{10}\mathrm{IDP}_{40}$-Mem,NAC_antisymmetric_BB_contact_survival,antisymmetric_nac_bb,Any 1 antisymmetric NAC BB,chain_pair,all,largest_cluster,403000.0,2.940225221251948e-05,4.158106384325939e-05,1117.7497482891868,3315.2271734120404,1971.8422461006692,0.8,8.0,100.0,61,95,3
G4_Onmem_wall,$\mathrm{Hel}_{10}\mathrm{IDP}_{40}$-Mem,NAC_antisymmetric_BB_contact_survival,antisymmetric_nac_bb,Any 1 antisymmetric NAC BB,chain_pair,all,largest_cluster,404000.0,2.940225221251948e-05,4.158106384325939e-05,1117.7497482891868,3315.2271734120404,1971.8422461006692,0.8,8.0,100.0,61,95,3
G4_Onmem_wall,$\mathrm{Hel}_{10}\mathrm{IDP}_{40}$-Mem,NAC_antisymmetric_BB_contact_survival,antisymmetric_nac_bb,Any 1 antisymmetric NAC BB,chain_pair,all,largest_cluster,405000.0,2.940225221251948e-05,4.158106384325939e-05,1117.7497482891868,3315.2271734120404,1971.8422461006692,0.8,8.0,100.0,61,95,3
G4_Onmem_wall,$\mathrm{Hel}_{10}\mathrm{IDP}_{40}$-Mem,NAC_antisymmetric_BB_contact_survival,antisymmetric_nac_bb,Any 1 antisymmetric NAC BB,chain_pair,all,largest_cluster,406000.0,2.940225221251948e-05,4.158106384325939e-05,1117.7497482891868,3315.2271734120404,1971.8422461006692,0.8,8.0,100.0,61,95,3
G4_Onmem_wall,$\mathrm{Hel}_{10}\mathrm{IDP}_{40}$-Mem,NAC_antisymmetric_BB_contact_survival,antisymmetric_nac_bb,Any 1 antisymmetric NAC BB,chain_pair,all,largest_cluster,407000.0,2.940225221251948e-05,4.158106384325939e-05,1117.7497482891868,3315.2271734120404,1971.8422461006692,0.8,8.0,100.0,61,95,3
G4_Onmem_wall,$\mathrm{Hel}_{10}\mathrm{IDP}_{40}$-Mem,NAC_antisymmetric_BB_contact_survival,antisymmetric_nac_bb,Any 1 antisymmetric NAC BB,chain_pair,all,largest_cluster,408000.0,2.940225221251948e-05,4.158106384325939e-05,1117.7497482891868,3315.2271734120404,1971.8422461006692,0.8,8.0,100.0,61,95,3
G4_Onmem_wall,$\mathrm{Hel}_{10}\mathrm{IDP}_{40}$-Mem,NAC_antisymmetric_BB_contact_survival,antisymmetric_nac_bb,Any 1 antisymmetric NAC BB,chain_pair,all,largest_cluster,409000.0,2.940225221251948e-05,4.158106384325939e-05,1117.7497482891868,3315.2271734120404,1971.8422461006692,0.8,8.0,100.0,61,95,3
G4_Onmem_wall,$\mathrm{Hel}_{10}\mathrm{IDP}_{40}$-Mem,NAC_antisymmetric_BB_contact_survival,antisymmetric_nac_bb,Any 1 antisymmetric NAC BB,chain_pair,all,largest_cluster,410000.0,2.940225221251948e-05,4.158106384325939e-05,1117.7497482891868,3315.2271734120404,1971.8422461006692,0.8,8.0,100.0,61,95,3
G4_Onmem_wall,$\mathrm{Hel}_{10}\mathrm{IDP}_{40}$-Mem,NAC_antisymmetric_BB_contact_survival,antisymmetric_nac_bb,Any 1 antisymmetric NAC BB,chain_pair,all,largest_cluster,411000.0,2.940225221251948e-05,4.158106384325939e-05,1117.7497482891868,3315.2271734120404,1971.8422461006692,0.8,8.0,100.0,61,95,3
G4_Onmem_wall,$\mathrm{Hel}_{10}\mathrm{IDP}_{40}$-Mem,NAC_antisymmetric_BB_contact_survival,antisymmetric_nac_bb,Any 1 antisymmetric NAC BB,chain_pair,all,largest_cluster,412000.0,2.940225221251948e-05,4.158106384325939e-05,1117.7497482891868,3315.2271734120404,1971.8422461006692,0.8,8.0,100.0,61,95,3
G4_Onmem_wall,$\mathrm{Hel}_{10}\mathrm{IDP}_{40}$-Mem,NAC_antisymmetric_BB_contact_survival,antisymmetric_nac_bb,Any 1 antisymmetric NAC BB,chain_pair,all,largest_cluster,413000.0,2.940225221251948e-05,4.158106384325939e-05,1117.7497482891868,3315.2271734120404,1971.8422461006692,0.8,8.0,100.0,61,95,3
G4_Onmem_wall,$\mathrm{Hel}_{10}\mathrm{IDP}_{40}$-Mem,NAC_antisymmetric_BB_contact_survival,antisymmetric_nac_bb,Any 1 antisymmetric NAC BB,chain_pair,all,largest_cluster,414000.0,2.940225221251948e-05,4.158106384325939e-05,1117.7497482891868,3315.2271734120404,1971.8422461006692,0.8,8.0,100.0,61,95,3
G4_Onmem_wall,$\mathrm{Hel}_{10}\mathrm{IDP}_{40}$-Mem,NAC_antisymmetric_BB_contact_survival,antisymmetric_nac_bb,Any 1 antisymmetric NAC BB,chain_pair,all,largest_cluster,415000.0,2.940225221251948e-05,4.158106384325939e-05,1117.7497482891868,3315.2271734120404,1971.8422461006692,0.8,8.0,100.0,61,95,3
G4_Onmem_wall,$\mathrm{Hel}_{10}\mathrm{IDP}_{40}$-Mem,NAC_antisymmetric_BB_contact_survival,antisymmetric_nac_bb,Any 1 antisymmetric NAC BB,chain_pair,all,largest_cluster,416000.0,2.940225221251948e-05,4.158106384325939e-05,1117.7497482891868,3315.2271734120404,1971.8422461006692,0.8,8.0,100.0,61,95,3
G4_Onmem_wall,$\mathrm{Hel}_{10}\mathrm{IDP}_{40}$-Mem,NAC_antisymmetric_BB_contact_survival,antisymmetric_nac_bb,Any 1 antisymmetric NAC BB,chain_pair,all,largest_cluster,417000.0,2.940225221251948e-05,4.158106384325939e-05,1117.7497482891868,3315.2271734120404,1971.8422461006692,0.8,8.0,100.0,61,95,3
G4_Onmem_wall,$\mathrm{Hel}_{10}\mathrm{IDP}_{40}$-Mem,NAC_antisymmetric_BB_contact_survival,antisymmetric_nac_bb,Any 1 antisymmetric NAC BB,chain_pair,all,largest_cluster,418000.0,2.940225221251948e-05,4.158106384325939e-05,1117.7497482891868,3315.2271734120404,1971.8422461006692,0.8,8.0,100.0,61,95,3
G4_Onmem_wall,$\mathrm{Hel}_{10}\mathrm{IDP}_{40}$-Mem,NAC_antisymmetric_BB_contact_survival,antisymmetric_nac_bb,Any 1 antisymmetric NAC BB,chain_pair,all,largest_cluster,419000.0,2.940225221251948e-05,4.158106384325939e-05,1117.7497482891868,3315.2271734120404,1971.8422461006692,0.8,8.0,100.0,61,95,3
G4_Onmem_wall,$\mathrm{Hel}_{10}\mathrm{IDP}_{40}$-Mem,NAC_antisymmetric_BB_contact_survival,antisymmetric_nac_bb,Any 1 antisymmetric NAC BB,chain_pair,all,largest_cluster,420000.0,2.940225221251948e-05,4.158106384325939e-05,1117.7497482891868,3315.2271734120404,1971.8422461006692,0.8,8.0,100.0,61,95,3
G4_Onmem_wall,$\mathrm{Hel}_{10}\mathrm{IDP}_{40}$-Mem,NAC_antisymmetric_BB_contact_survival,antisymmetric_nac_bb,Any 1 antisymmetric NAC BB,chain_pair,all,largest_cluster,421000.0,2.940225221251948e-05,4.158106384325939e-05,1117.7497482891868,3315.2271734120404,1971.8422461006692,0.8,8.0,100.0,61,95,3
G4_Onmem_wall,$\mathrm{Hel}_{10}\mathrm{IDP}_{40}$-Mem,NAC_antisymmetric_BB_contact_survival,antisymmetric_nac_bb,Any 1 antisymmetric NAC BB,chain_pair,all,largest_cluster,422000.0,2.940225221251948e-05,4.158106384325939e-05,1117.7497482891868,3315.2271734120404,1971.8422461006692,0.8,8.0,100.0,61,95,3
G4_Onmem_wall,$\mathrm{Hel}_{10}\mathrm{IDP}_{40}$-Mem,NAC_antisymmetric_BB_contact_survival,antisymmetric_nac_bb,Any 1 antisymmetric NAC BB,chain_pair,all,largest_cluster,423000.0,2.940225221251948e-05,4.158106384325939e-05,1117.7497482891868,3315.2271734120404,1971.8422461006692,0.8,8.0,100.0,61,95,3
G4_Onmem_wall,$\mathrm{Hel}_{10}\mathrm{IDP}_{40}$-Mem,NAC_antisymmetric_BB_contact_survival,antisymmetric_nac_bb,Any 1 antisymmetric NAC BB,chain_pair,all,largest_cluster,424000.0,2.940225221251948e-05,4.158106384325939e-05,1117.7497482891868,3315.2271734120404,1971.8422461006692,0.8,8.0,100.0,61,95,3
G4_Onmem_wall,$\mathrm{Hel}_{10}\mathrm{IDP}_{40}$-Mem,NAC_antisymmetric_BB_contact_survival,antisymmetric_nac_bb,Any 1 antisymmetric NAC BB,chain_pair,all,largest_cluster,425000.0,2.940225221251948e-05,4.158106384325939e-05,1117.7497482891868,3315.2271734120404,1971.8422461006692,0.8,8.0,100.0,61,95,3
G4_Onmem_wall,$\mathrm{Hel}_{10}\mathrm{IDP}_{40}$-Mem,NAC_antisymmetric_BB_contact_survival,antisymmetric_nac_bb,Any 1 antisymmetric NAC BB,chain_pair,all,largest_cluster,426000.0,2.940225221251948e-05,4.158106384325939e-05,1117.7497482891868,3315.2271734120404,1971.8422461006692,0.8,8.0,100.0,61,95,3
G4_Onmem_wall,$\mathrm{Hel}_{10}\mathrm{IDP}_{40}$-Mem,NAC_antisymmetric_BB_contact_survival,antisymmetric_nac_bb,Any 1 antisymmetric NAC BB,chain_pair,all,largest_cluster,427000.0,2.940225221251948e-05,4.158106384325939e-05,1117.7497482891868,3315.2271734120404,1971.8422461006692,0.8,8.0,100.0,61,95,3
G4_Onmem_wall,$\mathrm{Hel}_{10}\mathrm{IDP}_{40}$-Mem,NAC_antisymmetric_BB_contact_survival,antisymmetric_nac_bb,Any 1 antisymmetric NAC BB,chain_pair,all,largest_cluster,428000.0,2.940225221251948e-05,4.158106384325939e-05,1117.7497482891868,3315.2271734120404,1971.8422461006692,0.8,8.0,100.0,61,95,3
G4_Onmem_wall,$\mathrm{Hel}_{10}\mathrm{IDP}_{40}$-Mem,NAC_antisymmetric_BB_contact_survival,antisymmetric_nac_bb,Any 1 antisymmetric NAC BB,chain_pair,all,largest_cluster,429000.0,2.940225221251948e-05,4.158106384325939e-05,1117.7497482891868,3315.2271734120404,1971.8422461006692,0.8,8.0,100.0,61,95,3
G4_Onmem_wall,$\mathrm{Hel}_{10}\mathrm{IDP}_{40}$-Mem,NAC_antisymmetric_BB_contact_survival,antisymmetric_nac_bb,Any 1 antisymmetric NAC BB,chain_pair,all,largest_cluster,430000.0,2.940225221251948e-05,4.158106384325939e-05,1117.7497482891868,3315.2271734120404,1971.8422461006692,0.8,8.0,100.0,61,95,3
G4_Onmem_wall,$\mathrm{Hel}_{10}\mathrm{IDP}_{40}$-Mem,NAC_antisymmetric_BB_contact_survival,antisymmetric_nac_bb,Any 1 antisymmetric NAC BB,chain_pair,all,largest_cluster,431000.0,2.940225221251948e-05,4.158106384325939e-05,1117.7497482891868,3315.2271734120404,1971.8422461006692,0.8,8.0,100.0,61,95,3
G4_Onmem_wall,$\mathrm{Hel}_{10}\mathrm{IDP}_{40}$-Mem,NAC_antisymmetric_BB_contact_survival,antisymmetric_nac_bb,Any 1 antisymmetric NAC BB,chain_pair,all,largest_cluster,432000.0,2.940225221251948e-05,4.158106384325939e-05,1117.7497482891868,3315.2271734120404,1971.8422461006692,0.8,8.0,100.0,61,95,3
G4_Onmem_wall,$\mathrm{Hel}_{10}\mathrm{IDP}_{40}$-Mem,NAC_antisymmetric_BB_contact_survival,antisymmetric_nac_bb,Any 1 antisymmetric NAC BB,chain_pair,all,largest_cluster,433000.0,2.940225221251948e-05,4.158106384325939e-05,1117.7497482891868,3315.2271734120404,1971.8422461006692,0.8,8.0,100.0,61,95,3
G4_Onmem_wall,$\mathrm{Hel}_{10}\mathrm{IDP}_{40}$-Mem,NAC_antisymmetric_BB_contact_survival,antisymmetric_nac_bb,Any 1 antisymmetric NAC BB,chain_pair,all,largest_cluster,434000.0,2.940225221251948e-05,4.158106384325939e-05,1117.7497482891868,3315.2271734120404,1971.8422461006692,0.8,8.0,100.0,61,95,3
G4_Onmem_wall,$\mathrm{Hel}_{10}\mathrm{IDP}_{40}$-Mem,NAC_antisymmetric_BB_contact_survival,antisymmetric_nac_bb,Any 1 antisymmetric NAC BB,chain_pair,all,largest_cluster,435000.0,2.940225221251948e-05,4.158106384325939e-05,1117.7497482891868,3315.2271734120404,1971.8422461006692,0.8,8.0,100.0,61,95,3
G4_Onmem_wall,$\mathrm{Hel}_{10}\mathrm{IDP}_{40}$-Mem,NAC_antisymmetric_BB_contact_survival,antisymmetric_nac_bb,Any 1 antisymmetric NAC BB,chain_pair,all,largest_cluster,436000.0,2.940225221251948e-05,4.158106384325939e-05,1117.7497482891868,3315.2271734120404,1971.8422461006692,0.8,8.0,100.0,61,95,3
G4_Onmem_wall,$\mathrm{Hel}_{10}\mathrm{IDP}_{40}$-Mem,NAC_antisymmetric_BB_contact_survival,antisymmetric_nac_bb,Any 1 antisymmetric NAC BB,chain_pair,all,largest_cluster,437000.0,2.940225221251948e-05,4.158106384325939e-05,1117.7497482891868,3315.2271734120404,1971.8422461006692,0.8,8.0,100.0,61,95,3
G4_Onmem_wall,$\mathrm{Hel}_{10}\mathrm{IDP}_{40}$-Mem,NAC_antisymmetric_BB_contact_survival,antisymmetric_nac_bb,Any 1 antisymmetric NAC BB,chain_pair,all,largest_cluster,438000.0,2.940225221251948e-05,4.158106384325939e-05,1117.7497482891868,3315.2271734120404,1971.8422461006692,0.8,8.0,100.0,61,95,3
G4_Onmem_wall,$\mathrm{Hel}_{10}\mathrm{IDP}_{40}$-Mem,NAC_antisymmetric_BB_contact_survival,antisymmetric_nac_bb,Any 1 antisymmetric NAC BB,chain_pair,all,largest_cluster,439000.0,2.940225221251948e-05,4.158106384325939e-05,1117.7497482891868,3315.2271734120404,1971.8422461006692,0.8,8.0,100.0,61,95,3
G4_Onmem_wall,$\mathrm{Hel}_{10}\mathrm{IDP}_{40}$-Mem,NAC_antisymmetric_BB_contact_survival,antisymmetric_nac_bb,Any 1 antisymmetric NAC BB,chain_pair,all,largest_cluster,440000.0,2.940225221251948e-05,4.158106384325939e-05,1117.7497482891868,3315.2271734120404,1971.8422461006692,0.8,8.0,100.0,61,95,3
G4_Onmem_wall,$\mathrm{Hel}_{10}\mathrm{IDP}_{40}$-Mem,NAC_antisymmetric_BB_contact_survival,antisymmetric_nac_bb,Any 1 antisymmetric NAC BB,chain_pair,all,largest_cluster,441000.0,2.940225221251948e-05,4.158106384325939e-05,1117.7497482891868,3315.2271734120404,1971.8422461006692,0.8,8.0,100.0,61,95,3
G4_Onmem_wall,$\mathrm{Hel}_{10}\mathrm{IDP}_{40}$-Mem,NAC_antisymmetric_BB_contact_survival,antisymmetric_nac_bb,Any 1 antisymmetric NAC BB,chain_pair,all,largest_cluster,442000.0,2.940225221251948e-05,4.158106384325939e-05,1117.7497482891868,3315.2271734120404,1971.8422461006692,0.8,8.0,100.0,61,95,3
G4_Onmem_wall,$\mathrm{Hel}_{10}\mathrm{IDP}_{40}$-Mem,NAC_antisymmetric_BB_contact_survival,antisymmetric_nac_bb,Any 1 antisymmetric NAC BB,chain_pair,all,largest_cluster,443000.0,2.940225221251948e-05,4.158106384325939e-05,1117.7497482891868,3315.2271734120404,1971.8422461006692,0.8,8.0,100.0,61,95,3
G4_Onmem_wall,$\mathrm{Hel}_{10}\mathrm{IDP}_{40}$-Mem,NAC_antisymmetric_BB_contact_survival,antisymmetric_nac_bb,Any 1 antisymmetric NAC BB,chain_pair,all,largest_cluster,444000.0,2.940225221251948e-05,4.158106384325939e-05,1117.7497482891868,3315.2271734120404,1971.8422461006692,0.8,8.0,100.0,61,95,3
G4_Onmem_wall,$\mathrm{Hel}_{10}\mathrm{IDP}_{40}$-Mem,NAC_antisymmetric_BB_contact_survival,antisymmetric_nac_bb,Any 1 antisymmetric NAC BB,chain_pair,all,largest_cluster,445000.0,2.940225221251948e-05,4.158106384325939e-05,1117.7497482891868,3315.2271734120404,1971.8422461006692,0.8,8.0,100.0,61,95,3
G4_Onmem_wall,$\mathrm{Hel}_{10}\mathrm{IDP}_{40}$-Mem,NAC_antisymmetric_BB_contact_survival,antisymmetric_nac_bb,Any 1 antisymmetric NAC BB,chain_pair,all,largest_cluster,446000.0,2.940225221251948e-05,4.158106384325939e-05,1117.7497482891868,3315.2271734120404,1971.8422461006692,0.8,8.0,100.0,61,95,3
G4_Onmem_wall,$\mathrm{Hel}_{10}\mathrm{IDP}_{40}$-Mem,NAC_antisymmetric_BB_contact_survival,antisymmetric_nac_bb,Any 1 antisymmetric NAC BB,chain_pair,all,largest_cluster,447000.0,2.940225221251948e-05,4.158106384325939e-05,1117.7497482891868,3315.2271734120404,1971.8422461006692,0.8,8.0,100.0,61,95,3
G4_Onmem_wall,$\mathrm{Hel}_{10}\mathrm{IDP}_{40}$-Mem,NAC_antisymmetric_BB_contact_survival,antisymmetric_nac_bb,Any 1 antisymmetric NAC BB,chain_pair,all,largest_cluster,448000.0,2.940225221251948e-05,4.158106384325939e-05,1117.7497482891868,3315.2271734120404,1971.8422461006692,0.8,8.0,100.0,61,95,3
G4_Onmem_wall,$\mathrm{Hel}_{10}\mathrm{IDP}_{40}$-Mem,NAC_antisymmetric_BB_contact_survival,antisymmetric_nac_bb,Any 1 antisymmetric NAC BB,chain_pair,all,largest_cluster,449000.0,2.940225221251948e-05,4.158106384325939e-05,1117.7497482891868,3315.2271734120404,1971.8422461006692,0.8,8.0,100.0,61,95,3
G4_Onmem_wall,$\mathrm{Hel}_{10}\mathrm{IDP}_{40}$-Mem,NAC_antisymmetric_BB_contact_survival,antisymmetric_nac_bb,Any 1 antisymmetric NAC BB,chain_pair,all,largest_cluster,450000.0,2.940225221251948e-05,4.158106384325939e-05,1117.7497482891868,3315.2271734120404,1971.8422461006692,0.8,8.0,100.0,61,95,3
G4_Onmem_wall,$\mathrm{Hel}_{10}\mathrm{IDP}_{40}$-Mem,NAC_antisymmetric_BB_contact_survival,antisymmetric_nac_bb,Any 1 antisymmetric NAC BB,chain_pair,all,largest_cluster,451000.0,2.940225221251948e-05,4.158106384325939e-05,1117.7497482891868,3315.2271734120404,1971.8422461006692,0.8,8.0,100.0,61,95,3
G4_Onmem_wall,$\mathrm{Hel}_{10}\mathrm{IDP}_{40}$-Mem,NAC_antisymmetric_BB_contact_survival,antisymmetric_nac_bb,Any 1 antisymmetric NAC BB,chain_pair,all,largest_cluster,452000.0,2.940225221251948e-05,4.158106384325939e-05,1117.7497482891868,3315.2271734120404,1971.8422461006692,0.8,8.0,100.0,61,95,3
G4_Onmem_wall,$\mathrm{Hel}_{10}\mathrm{IDP}_{40}$-Mem,NAC_antisymmetric_BB_contact_survival,antisymmetric_nac_bb,Any 1 antisymmetric NAC BB,chain_pair,all,largest_cluster,453000.0,2.940225221251948e-05,4.158106384325939e-05,1117.7497482891868,3315.2271734120404,1971.8422461006692,0.8,8.0,100.0,61,95,3
G4_Onmem_wall,$\mathrm{Hel}_{10}\mathrm{IDP}_{40}$-Mem,NAC_antisymmetric_BB_contact_survival,antisymmetric_nac_bb,Any 1 antisymmetric NAC BB,chain_pair,all,largest_cluster,454000.0,2.940225221251948e-05,4.158106384325939e-05,1117.7497482891868,3315.2271734120404,1971.8422461006692,0.8,8.0,100.0,61,95,3
G4_Onmem_wall,$\mathrm{Hel}_{10}\mathrm{IDP}_{40}$-Mem,NAC_antisymmetric_BB_contact_survival,antisymmetric_nac_bb,Any 1 antisymmetric NAC BB,chain_pair,all,largest_cluster,455000.0,2.940225221251948e-05,4.158106384325939e-05,1117.7497482891868,3315.2271734120404,1971.8422461006692,0.8,8.0,100.0,61,95,3
G4_Onmem_wall,$\mathrm{Hel}_{10}\mathrm{IDP}_{40}$-Mem,NAC_antisymmetric_BB_contact_survival,antisymmetric_nac_bb,Any 1 antisymmetric NAC BB,chain_pair,all,largest_cluster,456000.0,2.940225221251948e-05,4.158106384325939e-05,1117.7497482891868,3315.2271734120404,1971.8422461006692,0.8,8.0,100.0,61,95,3
G4_Onmem_wall,$\mathrm{Hel}_{10}\mathrm{IDP}_{40}$-Mem,NAC_antisymmetric_BB_contact_survival,antisymmetric_nac_bb,Any 1 antisymmetric NAC BB,chain_pair,all,largest_cluster,457000.0,2.940225221251948e-05,4.158106384325939e-05,1117.7497482891868,3315.2271734120404,1971.8422461006692,0.8,8.0,100.0,61,95,3
G4_Onmem_wall,$\mathrm{Hel}_{10}\mathrm{IDP}_{40}$-Mem,NAC_antisymmetric_BB_contact_survival,antisymmetric_nac_bb,Any 1 antisymmetric NAC BB,chain_pair,all,largest_cluster,458000.0,2.940225221251948e-05,4.158106384325939e-05,1117.7497482891868,3315.2271734120404,1971.8422461006692,0.8,8.0,100.0,61,95,3
G4_Onmem_wall,$\mathrm{Hel}_{10}\mathrm{IDP}_{40}$-Mem,NAC_antisymmetric_BB_contact_survival,antisymmetric_nac_bb,Any 1 antisymmetric NAC BB,chain_pair,all,largest_cluster,459000.0,2.940225221251948e-05,4.158106384325939e-05,1117.7497482891868,3315.2271734120404,1971.8422461006692,0.8,8.0,100.0,61,95,3
G4_Onmem_wall,$\mathrm{Hel}_{10}\mathrm{IDP}_{40}$-Mem,NAC_antisymmetric_BB_contact_survival,antisymmetric_nac_bb,Any 1 antisymmetric NAC BB,chain_pair,all,largest_cluster,460000.0,2.940225221251948e-05,4.158106384325939e-05,1117.7497482891868,3315.2271734120404,1971.8422461006692,0.8,8.0,100.0,61,95,3
G4_Onmem_wall,$\mathrm{Hel}_{10}\mathrm{IDP}_{40}$-Mem,NAC_antisymmetric_BB_contact_survival,antisymmetric_nac_bb,Any 1 antisymmetric NAC BB,chain_pair,all,largest_cluster,461000.0,2.940225221251948e-05,4.158106384325939e-05,1117.7497482891868,3315.2271734120404,1971.8422461006692,0.8,8.0,100.0,61,95,3
G4_Onmem_wall,$\mathrm{Hel}_{10}\mathrm{IDP}_{40}$-Mem,NAC_antisymmetric_BB_contact_survival,antisymmetric_nac_bb,Any 1 antisymmetric NAC BB,chain_pair,all,largest_cluster,462000.0,2.940225221251948e-05,4.158106384325939e-05,1117.7497482891868,3315.2271734120404,1971.8422461006692,0.8,8.0,100.0,61,95,3
G4_Onmem_wall,$\mathrm{Hel}_{10}\mathrm{IDP}_{40}$-Mem,NAC_antisymmetric_BB_contact_survival,antisymmetric_nac_bb,Any 1 antisymmetric NAC BB,chain_pair,all,largest_cluster,463000.0,2.940225221251948e-05,4.158106384325939e-05,1117.7497482891868,3315.2271734120404,1971.8422461006692,0.8,8.0,100.0,61,95,3
G4_Onmem_wall,$\mathrm{Hel}_{10}\mathrm{IDP}_{40}$-Mem,NAC_antisymmetric_BB_contact_survival,antisymmetric_nac_bb,Any 1 antisymmetric NAC BB,chain_pair,all,largest_cluster,464000.0,2.940225221251948e-05,4.158106384325939e-05,1117.7497482891868,3315.2271734120404,1971.8422461006692,0.8,8.0,100.0,61,95,3
G4_Onmem_wall,$\mathrm{Hel}_{10}\mathrm{IDP}_{40}$-Mem,NAC_antisymmetric_BB_contact_survival,antisymmetric_nac_bb,Any 1 antisymmetric NAC BB,chain_pair,all,largest_cluster,465000.0,2.940225221251948e-05,4.158106384325939e-05,1117.7497482891868,3315.2271734120404,1971.8422461006692,0.8,8.0,100.0,61,95,3
G4_Onmem_wall,$\mathrm{Hel}_{10}\mathrm{IDP}_{40}$-Mem,NAC_antisymmetric_BB_contact_survival,antisymmetric_nac_bb,Any 1 antisymmetric NAC BB,chain_pair,all,largest_cluster,466000.0,2.940225221251948e-05,4.158106384325939e-05,1117.7497482891868,3315.2271734120404,1971.8422461006692,0.8,8.0,100.0,61,95,3
G4_Onmem_wall,$\mathrm{Hel}_{10}\mathrm{IDP}_{40}$-Mem,NAC_antisymmetric_BB_contact_survival,antisymmetric_nac_bb,Any 1 antisymmetric NAC BB,chain_pair,all,largest_cluster,467000.0,2.940225221251948e-05,4.158106384325939e-05,1117.7497482891868,3315.2271734120404,1971.8422461006692,0.8,8.0,100.0,61,95,3
G4_Onmem_wall,$\mathrm{Hel}_{10}\mathrm{IDP}_{40}$-Mem,NAC_antisymmetric_BB_contact_survival,antisymmetric_nac_bb,Any 1 antisymmetric NAC BB,chain_pair,all,largest_cluster,468000.0,2.940225221251948e-05,4.158106384325939e-05,1117.7497482891868,3315.2271734120404,1971.8422461006692,0.8,8.0,100.0,61,95,3
G4_Onmem_wall,$\mathrm{Hel}_{10}\mathrm{IDP}_{40}$-Mem,NAC_antisymmetric_BB_contact_survival,antisymmetric_nac_bb,Any 1 antisymmetric NAC BB,chain_pair,all,largest_cluster,469000.0,2.940225221251948e-05,4.158106384325939e-05,1117.7497482891868,3315.2271734120404,1971.8422461006692,0.8,8.0,100.0,61,95,3
G4_Onmem_wall,$\mathrm{Hel}_{10}\mathrm{IDP}_{40}$-Mem,NAC_antisymmetric_BB_contact_survival,antisymmetric_nac_bb,Any 1 antisymmetric NAC BB,chain_pair,all,largest_cluster,470000.0,2.940225221251948e-05,4.158106384325939e-05,1117.7497482891868,3315.2271734120404,1971.8422461006692,0.8,8.0,100.0,61,95,3
G4_Onmem_wall,$\mathrm{Hel}_{10}\mathrm{IDP}_{40}$-Mem,NAC_antisymmetric_BB_contact_survival,antisymmetric_nac_bb,Any 1 antisymmetric NAC BB,chain_pair,all,largest_cluster,471000.0,2.940225221251948e-05,4.158106384325939e-05,1117.7497482891868,3315.2271734120404,1971.8422461006692,0.8,8.0,100.0,61,95,3
G4_Onmem_wall,$\mathrm{Hel}_{10}\mathrm{IDP}_{40}$-Mem,NAC_antisymmetric_BB_contact_survival,antisymmetric_nac_bb,Any 1 antisymmetric NAC BB,chain_pair,all,largest_cluster,472000.0,2.940225221251948e-05,4.158106384325939e-05,1117.7497482891868,3315.2271734120404,1971.8422461006692,0.8,8.0,100.0,61,95,3
G4_Onmem_wall,$\mathrm{Hel}_{10}\mathrm{IDP}_{40}$-Mem,NAC_antisymmetric_BB_contact_survival,antisymmetric_nac_bb,Any 1 antisymmetric NAC BB,chain_pair,all,largest_cluster,473000.0,2.940225221251948e-05,4.158106384325939e-05,1117.7497482891868,3315.2271734120404,1971.8422461006692,0.8,8.0,100.0,61,95,3
G4_Onmem_wall,$\mathrm{Hel}_{10}\mathrm{IDP}_{40}$-Mem,NAC_antisymmetric_BB_contact_survival,antisymmetric_nac_bb,Any 1 antisymmetric NAC BB,chain_pair,all,largest_cluster,474000.0,2.940225221251948e-05,4.158106384325939e-05,1117.7497482891868,3315.2271734120404,1971.8422461006692,0.8,8.0,100.0,61,95,3
G4_Onmem_wall,$\mathrm{Hel}_{10}\mathrm{IDP}_{40}$-Mem,NAC_antisymmetric_BB_contact_survival,antisymmetric_nac_bb,Any 1 antisymmetric NAC BB,chain_pair,all,largest_cluster,475000.0,2.940225221251948e-05,4.158106384325939e-05,1117.7497482891868,3315.2271734120404,1971.8422461006692,0.8,8.0,100.0,61,95,3
G4_Onmem_wall,$\mathrm{Hel}_{10}\mathrm{IDP}_{40}$-Mem,NAC_antisymmetric_BB_contact_survival,antisymmetric_nac_bb,Any 1 antisymmetric NAC BB,chain_pair,all,largest_cluster,476000.0,2.940225221251948e-05,4.158106384325939e-05,1117.7497482891868,3315.2271734120404,1971.8422461006692,0.8,8.0,100.0,61,95,3
G4_Onmem_wall,$\mathrm{Hel}_{10}\mathrm{IDP}_{40}$-Mem,NAC_antisymmetric_BB_contact_survival,antisymmetric_nac_bb,Any 1 antisymmetric NAC BB,chain_pair,all,largest_cluster,477000.0,2.940225221251948e-05,4.158106384325939e-05,1117.7497482891868,3315.2271734120404,1971.8422461006692,0.8,8.0,100.0,61,95,3
G4_Onmem_wall,$\mathrm{Hel}_{10}\mathrm{IDP}_{40}$-Mem,NAC_antisymmetric_BB_contact_survival,antisymmetric_nac_bb,Any 1 antisymmetric NAC BB,chain_pair,all,largest_cluster,478000.0,2.940225221251948e-05,4.158106384325939e-05,1117.7497482891868,3315.2271734120404,1971.8422461006692,0.8,8.0,100.0,61,95,3
G4_Onmem_wall,$\mathrm{Hel}_{10}\mathrm{IDP}_{40}$-Mem,NAC_antisymmetric_BB_contact_survival,antisymmetric_nac_bb,Any 1 antisymmetric NAC BB,chain_pair,all,largest_cluster,479000.0,2.940225221251948e-05,4.158106384325939e-05,1117.7497482891868,3315.2271734120404,1971.8422461006692,0.8,8.0,100.0,61,95,3
G4_Onmem_wall,$\mathrm{Hel}_{10}\mathrm{IDP}_{40}$-Mem,NAC_antisymmetric_BB_contact_survival,antisymmetric_nac_bb,Any 1 antisymmetric NAC BB,chain_pair,all,largest_cluster,480000.0,2.940225221251948e-05,4.158106384325939e-05,1117.7497482891868,3315.2271734120404,1971.8422461006692,0.8,8.0,100.0,61,95,3
G4_Onmem_wall,$\mathrm{Hel}_{10}\mathrm{IDP}_{40}$-Mem,NAC_antisymmetric_BB_contact_survival,antisymmetric_nac_bb,Any 1 antisymmetric NAC BB,chain_pair,all,largest_cluster,481000.0,2.940225221251948e-05,4.158106384325939e-05,1117.7497482891868,3315.2271734120404,1971.8422461006692,0.8,8.0,100.0,61,95,3
G4_Onmem_wall,$\mathrm{Hel}_{10}\mathrm{IDP}_{40}$-Mem,NAC_antisymmetric_BB_contact_survival,antisymmetric_nac_bb,Any 1 antisymmetric NAC BB,chain_pair,all,largest_cluster,482000.0,2.940225221251948e-05,4.158106384325939e-05,1117.7497482891868,3315.2271734120404,1971.8422461006692,0.8,8.0,100.0,61,95,3
G4_Onmem_wall,$\mathrm{Hel}_{10}\mathrm{IDP}_{40}$-Mem,NAC_antisymmetric_BB_contact_survival,antisymmetric_nac_bb,Any 1 antisymmetric NAC BB,chain_pair,all,largest_cluster,483000.0,2.940225221251948e-05,4.158106384325939e-05,1117.7497482891868,3315.2271734120404,1971.8422461006692,0.8,8.0,100.0,61,95,3
G4_Onmem_wall,$\mathrm{Hel}_{10}\mathrm{IDP}_{40}$-Mem,NAC_antisymmetric_BB_contact_survival,antisymmetric_nac_bb,Any 1 antisymmetric NAC BB,chain_pair,all,largest_cluster,484000.0,2.940225221251948e-05,4.158106384325939e-05,1117.7497482891868,3315.2271734120404,1971.8422461006692,0.8,8.0,100.0,61,95,3
G4_Onmem_wall,$\mathrm{Hel}_{10}\mathrm{IDP}_{40}$-Mem,NAC_antisymmetric_BB_contact_survival,antisymmetric_nac_bb,Any 1 antisymmetric NAC BB,chain_pair,all,largest_cluster,485000.0,2.940225221251948e-05,4.158106384325939e-05,1117.7497482891868,3315.2271734120404,1971.8422461006692,0.8,8.0,100.0,61,95,3
G4_Onmem_wall,$\mathrm{Hel}_{10}\mathrm{IDP}_{40}$-Mem,NAC_antisymmetric_BB_contact_survival,antisymmetric_nac_bb,Any 1 antisymmetric NAC BB,chain_pair,all,largest_cluster,486000.0,2.940225221251948e-05,4.158106384325939e-05,1117.7497482891868,3315.2271734120404,1971.8422461006692,0.8,8.0,100.0,61,95,3
G4_Onmem_wall,$\mathrm{Hel}_{10}\mathrm{IDP}_{40}$-Mem,NAC_antisymmetric_BB_contact_survival,antisymmetric_nac_bb,Any 1 antisymmetric NAC BB,chain_pair,all,largest_cluster,487000.0,2.940225221251948e-05,4.158106384325939e-05,1117.7497482891868,3315.2271734120404,1971.8422461006692,0.8,8.0,100.0,61,95,3
G4_Onmem_wall,$\mathrm{Hel}_{10}\mathrm{IDP}_{40}$-Mem,NAC_antisymmetric_BB_contact_survival,antisymmetric_nac_bb,Any 1 antisymmetric NAC BB,chain_pair,all,largest_cluster,488000.0,2.940225221251948e-05,4.158106384325939e-05,1117.7497482891868,3315.2271734120404,1971.8422461006692,0.8,8.0,100.0,61,95,3
G4_Onmem_wall,$\mathrm{Hel}_{10}\mathrm{IDP}_{40}$-Mem,NAC_antisymmetric_BB_contact_survival,antisymmetric_nac_bb,Any 1 antisymmetric NAC BB,chain_pair,all,largest_cluster,489000.0,2.940225221251948e-05,4.158106384325939e-05,1117.7497482891868,3315.2271734120404,1971.8422461006692,0.8,8.0,100.0,61,95,3
G4_Onmem_wall,$\mathrm{Hel}_{10}\mathrm{IDP}_{40}$-Mem,NAC_antisymmetric_BB_contact_survival,antisymmetric_nac_bb,Any 1 antisymmetric NAC BB,chain_pair,all,largest_cluster,490000.0,2.940225221251948e-05,4.158106384325939e-05,1117.7497482891868,3315.2271734120404,1971.8422461006692,0.8,8.0,100.0,61,95,3
G4_Onmem_wall,$\mathrm{Hel}_{10}\mathrm{IDP}_{40}$-Mem,NAC_antisymmetric_BB_contact_survival,antisymmetric_nac_bb,Any 1 antisymmetric NAC BB,chain_pair,all,largest_cluster,491000.0,2.940225221251948e-05,4.158106384325939e-05,1117.7497482891868,3315.2271734120404,1971.8422461006692,0.8,8.0,100.0,61,95,3
G4_Onmem_wall,$\mathrm{Hel}_{10}\mathrm{IDP}_{40}$-Mem,NAC_antisymmetric_BB_contact_survival,antisymmetric_nac_bb,Any 1 antisymmetric NAC BB,chain_pair,all,largest_cluster,492000.0,2.940225221251948e-05,4.158106384325939e-05,1117.7497482891868,3315.2271734120404,1971.8422461006692,0.8,8.0,100.0,61,95,3
G4_Onmem_wall,$\mathrm{Hel}_{10}\mathrm{IDP}_{40}$-Mem,NAC_antisymmetric_BB_contact_survival,antisymmetric_nac_bb,Any 1 antisymmetric NAC BB,chain_pair,all,largest_cluster,493000.0,2.940225221251948e-05,4.158106384325939e-05,1117.7497482891868,3315.2271734120404,1971.8422461006692,0.8,8.0,100.0,61,95,3
G4_Onmem_wall,$\mathrm{Hel}_{10}\mathrm{IDP}_{40}$-Mem,NAC_antisymmetric_BB_contact_survival,antisymmetric_nac_bb,Any 1 antisymmetric NAC BB,chain_pair,all,largest_cluster,494000.0,2.940225221251948e-05,4.158106384325939e-05,1117.7497482891868,3315.2271734120404,1971.8422461006692,0.8,8.0,100.0,61,95,3
G4_Onmem_wall,$\mathrm{Hel}_{10}\mathrm{IDP}_{40}$-Mem,NAC_antisymmetric_BB_contact_survival,antisymmetric_nac_bb,Any 1 antisymmetric NAC BB,chain_pair,all,largest_cluster,495000.0,2.940225221251948e-05,4.158106384325939e-05,1117.7497482891868,3315.2271734120404,1971.8422461006692,0.8,8.0,100.0,61,95,3
G4_Onmem_wall,$\mathrm{Hel}_{10}\mathrm{IDP}_{40}$-Mem,NAC_antisymmetric_BB_contact_survival,antisymmetric_nac_bb,Any 1 antisymmetric NAC BB,chain_pair,all,largest_cluster,496000.0,2.940225221251948e-05,4.158106384325939e-05,1117.7497482891868,3315.2271734120404,1971.8422461006692,0.8,8.0,100.0,61,95,3
G4_Onmem_wall,$\mathrm{Hel}_{10}\mathrm{IDP}_{40}$-Mem,NAC_antisymmetric_BB_contact_survival,antisymmetric_nac_bb,Any 1 antisymmetric NAC BB,chain_pair,all,largest_cluster,497000.0,2.940225221251948e-05,4.158106384325939e-05,1117.7497482891868,3315.2271734120404,1971.8422461006692,0.8,8.0,100.0,61,95,3
G4_Onmem_wall,$\mathrm{Hel}_{10}\mathrm{IDP}_{40}$-Mem,NAC_antisymmetric_BB_contact_survival,antisymmetric_nac_bb,Any 1 antisymmetric NAC BB,chain_pair,all,largest_cluster,498000.0,2.940225221251948e-05,4.158106384325939e-05,1117.7497482891868,3315.2271734120404,1971.8422461006692,0.8,8.0,100.0,61,95,3
G4_Onmem_wall,$\mathrm{Hel}_{10}\mathrm{IDP}_{40}$-Mem,NAC_antisymmetric_BB_contact_survival,antisymmetric_nac_bb,Any 1 antisymmetric NAC BB,chain_pair,all,largest_cluster,499000.0,2.940225221251948e-05,4.158106384325939e-05,1117.7497482891868,3315.2271734120404,1971.8422461006692,0.8,8.0,100.0,61,95,3
G4_Onmem_wall,$\mathrm{Hel}_{10}\mathrm{IDP}_{40}$-Mem,NAC_antisymmetric_BB_contact_survival,antisymmetric_nac_bb,Any 1 antisymmetric NAC BB,chain_pair,all,largest_cluster,500000.0,2.940225221251948e-05,4.158106384325939e-05,1117.7497482891868,3315.2271734120404,1971.8422461006692,0.8,8.0,100.0,61,95,3
G4_Onmem_wall,$\mathrm{Hel}_{10}\mathrm{IDP}_{40}$-Mem,NAC_antisymmetric_BB_contact_survival,antisymmetric_nac_bb,Any 1 antisymmetric NAC BB,chain_pair,all,largest_cluster,501000.0,2.940225221251948e-05,4.158106384325939e-05,1117.7497482891868,3315.2271734120404,1971.8422461006692,0.8,8.0,100.0,61,95,3
G4_Onmem_wall,$\mathrm{Hel}_{10}\mathrm{IDP}_{40}$-Mem,NAC_antisymmetric_BB_contact_survival,antisymmetric_nac_bb,Any 1 antisymmetric NAC BB,chain_pair,all,largest_cluster,502000.0,2.940225221251948e-05,4.158106384325939e-05,1117.7497482891868,3315.2271734120404,1971.8422461006692,0.8,8.0,100.0,61,95,3
G4_Onmem_wall,$\mathrm{Hel}_{10}\mathrm{IDP}_{40}$-Mem,NAC_antisymmetric_BB_contact_survival,antisymmetric_nac_bb,Any 1 antisymmetric NAC BB,chain_pair,all,largest_cluster,503000.0,2.940225221251948e-05,4.158106384325939e-05,1117.7497482891868,3315.2271734120404,1971.8422461006692,0.8,8.0,100.0,61,95,3
G4_Onmem_wall,$\mathrm{Hel}_{10}\mathrm{IDP}_{40}$-Mem,NAC_antisymmetric_BB_contact_survival,antisymmetric_nac_bb,Any 1 antisymmetric NAC BB,chain_pair,all,largest_cluster,504000.0,2.940225221251948e-05,4.158106384325939e-05,1117.7497482891868,3315.2271734120404,1971.8422461006692,0.8,8.0,100.0,61,95,3
G4_Onmem_wall,$\mathrm{Hel}_{10}\mathrm{IDP}_{40}$-Mem,NAC_antisymmetric_BB_contact_survival,antisymmetric_nac_bb,Any 1 antisymmetric NAC BB,chain_pair,all,largest_cluster,505000.0,2.940225221251948e-05,4.158106384325939e-05,1117.7497482891868,3315.2271734120404,1971.8422461006692,0.8,8.0,100.0,61,95,3
G4_Onmem_wall,$\mathrm{Hel}_{10}\mathrm{IDP}_{40}$-Mem,NAC_antisymmetric_BB_contact_survival,antisymmetric_nac_bb,Any 1 antisymmetric NAC BB,chain_pair,all,largest_cluster,506000.0,2.940225221251948e-05,4.158106384325939e-05,1117.7497482891868,3315.2271734120404,1971.8422461006692,0.8,8.0,100.0,61,95,3
G4_Onmem_wall,$\mathrm{Hel}_{10}\mathrm{IDP}_{40}$-Mem,NAC_antisymmetric_BB_contact_survival,antisymmetric_nac_bb,Any 1 antisymmetric NAC BB,chain_pair,all,largest_cluster,507000.0,2.940225221251948e-05,4.158106384325939e-05,1117.7497482891868,3315.2271734120404,1971.8422461006692,0.8,8.0,100.0,61,95,3
G4_Onmem_wall,$\mathrm{Hel}_{10}\mathrm{IDP}_{40}$-Mem,NAC_antisymmetric_BB_contact_survival,antisymmetric_nac_bb,Any 1 antisymmetric NAC BB,chain_pair,all,largest_cluster,508000.0,2.940225221251948e-05,4.158106384325939e-05,1117.7497482891868,3315.2271734120404,1971.8422461006692,0.8,8.0,100.0,61,95,3
G4_Onmem_wall,$\mathrm{Hel}_{10}\mathrm{IDP}_{40}$-Mem,NAC_antisymmetric_BB_contact_survival,antisymmetric_nac_bb,Any 1 antisymmetric NAC BB,chain_pair,all,largest_cluster,509000.0,2.940225221251948e-05,4.158106384325939e-05,1117.7497482891868,3315.2271734120404,1971.8422461006692,0.8,8.0,100.0,61,95,3
G4_Onmem_wall,$\mathrm{Hel}_{10}\mathrm{IDP}_{40}$-Mem,NAC_antisymmetric_BB_contact_survival,antisymmetric_nac_bb,Any 1 antisymmetric NAC BB,chain_pair,all,largest_cluster,510000.0,2.940225221251948e-05,4.158106384325939e-05,1117.7497482891868,3315.2271734120404,1971.8422461006692,0.8,8.0,100.0,61,95,3
G4_Onmem_wall,$\mathrm{Hel}_{10}\mathrm{IDP}_{40}$-Mem,NAC_antisymmetric_BB_contact_survival,antisymmetric_nac_bb,Any 1 antisymmetric NAC BB,chain_pair,all,largest_cluster,511000.0,2.940225221251948e-05,4.158106384325939e-05,1117.7497482891868,3315.2271734120404,1971.8422461006692,0.8,8.0,100.0,61,95,3
G4_Onmem_wall,$\mathrm{Hel}_{10}\mathrm{IDP}_{40}$-Mem,NAC_antisymmetric_BB_contact_survival,antisymmetric_nac_bb,Any 1 antisymmetric NAC BB,chain_pair,all,largest_cluster,512000.0,2.940225221251948e-05,4.158106384325939e-05,1117.7497482891868,3315.2271734120404,1971.8422461006692,0.8,8.0,100.0,61,95,3
G4_Onmem_wall,$\mathrm{Hel}_{10}\mathrm{IDP}_{40}$-Mem,NAC_antisymmetric_BB_contact_survival,antisymmetric_nac_bb,Any 1 antisymmetric NAC BB,chain_pair,all,largest_cluster,513000.0,2.940225221251948e-05,4.158106384325939e-05,1117.7497482891868,3315.2271734120404,1971.8422461006692,0.8,8.0,100.0,61,95,3
G4_Onmem_wall,$\mathrm{Hel}_{10}\mathrm{IDP}_{40}$-Mem,NAC_antisymmetric_BB_contact_survival,antisymmetric_nac_bb,Any 1 antisymmetric NAC BB,chain_pair,all,largest_cluster,514000.0,2.940225221251948e-05,4.158106384325939e-05,1117.7497482891868,3315.2271734120404,1971.8422461006692,0.8,8.0,100.0,61,95,3
G4_Onmem_wall,$\mathrm{Hel}_{10}\mathrm{IDP}_{40}$-Mem,NAC_antisymmetric_BB_contact_survival,antisymmetric_nac_bb,Any 1 antisymmetric NAC BB,chain_pair,all,largest_cluster,515000.0,2.940225221251948e-05,4.158106384325939e-05,1117.7497482891868,3315.2271734120404,1971.8422461006692,0.8,8.0,100.0,61,95,3
G4_Onmem_wall,$\mathrm{Hel}_{10}\mathrm{IDP}_{40}$-Mem,NAC_antisymmetric_BB_contact_survival,antisymmetric_nac_bb,Any 1 antisymmetric NAC BB,chain_pair,all,largest_cluster,516000.0,2.940225221251948e-05,4.158106384325939e-05,1117.7497482891868,3315.2271734120404,1971.8422461006692,0.8,8.0,100.0,61,95,3
G4_Onmem_wall,$\mathrm{Hel}_{10}\mathrm{IDP}_{40}$-Mem,NAC_antisymmetric_BB_contact_survival,antisymmetric_nac_bb,Any 1 antisymmetric NAC BB,chain_pair,all,largest_cluster,517000.0,2.940225221251948e-05,4.158106384325939e-05,1117.7497482891868,3315.2271734120404,1971.8422461006692,0.8,8.0,100.0,61,95,3
G4_Onmem_wall,$\mathrm{Hel}_{10}\mathrm{IDP}_{40}$-Mem,NAC_antisymmetric_BB_contact_survival,antisymmetric_nac_bb,Any 1 antisymmetric NAC BB,chain_pair,all,largest_cluster,518000.0,2.940225221251948e-05,4.158106384325939e-05,1117.7497482891868,3315.2271734120404,1971.8422461006692,0.8,8.0,100.0,61,95,3
G4_Onmem_wall,$\mathrm{Hel}_{10}\mathrm{IDP}_{40}$-Mem,NAC_antisymmetric_BB_contact_survival,antisymmetric_nac_bb,Any 1 antisymmetric NAC BB,chain_pair,all,largest_cluster,519000.0,2.940225221251948e-05,4.158106384325939e-05,1117.7497482891868,3315.2271734120404,1971.8422461006692,0.8,8.0,100.0,61,95,3
G4_Onmem_wall,$\mathrm{Hel}_{10}\mathrm{IDP}_{40}$-Mem,NAC_antisymmetric_BB_contact_survival,antisymmetric_nac_bb,Any 1 antisymmetric NAC BB,chain_pair,all,largest_cluster,520000.0,2.940225221251948e-05,4.158106384325939e-05,1117.7497482891868,3315.2271734120404,1971.8422461006692,0.8,8.0,100.0,61,95,3
G4_Onmem_wall,$\mathrm{Hel}_{10}\mathrm{IDP}_{40}$-Mem,NAC_antisymmetric_BB_contact_survival,antisymmetric_nac_bb,Any 1 antisymmetric NAC BB,chain_pair,all,largest_cluster,521000.0,2.940225221251948e-05,4.158106384325939e-05,1117.7497482891868,3315.2271734120404,1971.8422461006692,0.8,8.0,100.0,61,95,3
G4_Onmem_wall,$\mathrm{Hel}_{10}\mathrm{IDP}_{40}$-Mem,NAC_antisymmetric_BB_contact_survival,antisymmetric_nac_bb,Any 1 antisymmetric NAC BB,chain_pair,all,largest_cluster,522000.0,2.940225221251948e-05,4.158106384325939e-05,1117.7497482891868,3315.2271734120404,1971.8422461006692,0.8,8.0,100.0,61,95,3
G4_Onmem_wall,$\mathrm{Hel}_{10}\mathrm{IDP}_{40}$-Mem,NAC_antisymmetric_BB_contact_survival,antisymmetric_nac_bb,Any 1 antisymmetric NAC BB,chain_pair,all,largest_cluster,523000.0,2.940225221251948e-05,4.158106384325939e-05,1117.7497482891868,3315.2271734120404,1971.8422461006692,0.8,8.0,100.0,61,95,3
G4_Onmem_wall,$\mathrm{Hel}_{10}\mathrm{IDP}_{40}$-Mem,NAC_antisymmetric_BB_contact_survival,antisymmetric_nac_bb,Any 1 antisymmetric NAC BB,chain_pair,all,largest_cluster,524000.0,2.940225221251948e-05,4.158106384325939e-05,1117.7497482891868,3315.2271734120404,1971.8422461006692,0.8,8.0,100.0,61,95,3
G4_Onmem_wall,$\mathrm{Hel}_{10}\mathrm{IDP}_{40}$-Mem,NAC_antisymmetric_BB_contact_survival,antisymmetric_nac_bb,Any 1 antisymmetric NAC BB,chain_pair,all,largest_cluster,525000.0,2.940225221251948e-05,4.158106384325939e-05,1117.7497482891868,3315.2271734120404,1971.8422461006692,0.8,8.0,100.0,61,95,3
G4_Onmem_wall,$\mathrm{Hel}_{10}\mathrm{IDP}_{40}$-Mem,NAC_antisymmetric_BB_contact_survival,antisymmetric_nac_bb,Any 1 antisymmetric NAC BB,chain_pair,all,largest_cluster,526000.0,2.940225221251948e-05,4.158106384325939e-05,1117.7497482891868,3315.2271734120404,1971.8422461006692,0.8,8.0,100.0,61,95,3
G4_Onmem_wall,$\mathrm{Hel}_{10}\mathrm{IDP}_{40}$-Mem,NAC_antisymmetric_BB_contact_survival,antisymmetric_nac_bb,Any 1 antisymmetric NAC BB,chain_pair,all,largest_cluster,527000.0,2.940225221251948e-05,4.158106384325939e-05,1117.7497482891868,3315.2271734120404,1971.8422461006692,0.8,8.0,100.0,61,95,3
G4_Onmem_wall,$\mathrm{Hel}_{10}\mathrm{IDP}_{40}$-Mem,NAC_antisymmetric_BB_contact_survival,antisymmetric_nac_bb,Any 1 antisymmetric NAC BB,chain_pair,all,largest_cluster,528000.0,2.940225221251948e-05,4.158106384325939e-05,1117.7497482891868,3315.2271734120404,1971.8422461006692,0.8,8.0,100.0,61,95,3
G4_Onmem_wall,$\mathrm{Hel}_{10}\mathrm{IDP}_{40}$-Mem,NAC_antisymmetric_BB_contact_survival,antisymmetric_nac_bb,Any 1 antisymmetric NAC BB,chain_pair,all,largest_cluster,529000.0,2.940225221251948e-05,4.158106384325939e-05,1117.7497482891868,3315.2271734120404,1971.8422461006692,0.8,8.0,100.0,61,95,3
G4_Onmem_wall,$\mathrm{Hel}_{10}\mathrm{IDP}_{40}$-Mem,NAC_antisymmetric_BB_contact_survival,antisymmetric_nac_bb,Any 1 antisymmetric NAC BB,chain_pair,all,largest_cluster,530000.0,2.940225221251948e-05,4.158106384325939e-05,1117.7497482891868,3315.2271734120404,1971.8422461006692,0.8,8.0,100.0,61,95,3
G4_Onmem_wall,$\mathrm{Hel}_{10}\mathrm{IDP}_{40}$-Mem,NAC_antisymmetric_BB_contact_survival,antisymmetric_nac_bb,Any 1 antisymmetric NAC BB,chain_pair,all,largest_cluster,531000.0,2.940225221251948e-05,4.158106384325939e-05,1117.7497482891868,3315.2271734120404,1971.8422461006692,0.8,8.0,100.0,61,95,3
G4_Onmem_wall,$\mathrm{Hel}_{10}\mathrm{IDP}_{40}$-Mem,NAC_antisymmetric_BB_contact_survival,antisymmetric_nac_bb,Any 1 antisymmetric NAC BB,chain_pair,all,largest_cluster,532000.0,2.940225221251948e-05,4.158106384325939e-05,1117.7497482891868,3315.2271734120404,1971.8422461006692,0.8,8.0,100.0,61,95,3
G4_Onmem_wall,$\mathrm{Hel}_{10}\mathrm{IDP}_{40}$-Mem,NAC_antisymmetric_BB_contact_survival,antisymmetric_nac_bb,Any 1 antisymmetric NAC BB,chain_pair,all,largest_cluster,533000.0,2.940225221251948e-05,4.158106384325939e-05,1117.7497482891868,3315.2271734120404,1971.8422461006692,0.8,8.0,100.0,61,95,3
G4_Onmem_wall,$\mathrm{Hel}_{10}\mathrm{IDP}_{40}$-Mem,NAC_antisymmetric_BB_contact_survival,antisymmetric_nac_bb,Any 1 antisymmetric NAC BB,chain_pair,all,largest_cluster,534000.0,2.940225221251948e-05,4.158106384325939e-05,1117.7497482891868,3315.2271734120404,1971.8422461006692,0.8,8.0,100.0,61,95,3
G4_Onmem_wall,$\mathrm{Hel}_{10}\mathrm{IDP}_{40}$-Mem,NAC_antisymmetric_BB_contact_survival,antisymmetric_nac_bb,Any 1 antisymmetric NAC BB,chain_pair,all,largest_cluster,535000.0,2.940225221251948e-05,4.158106384325939e-05,1117.7497482891868,3315.2271734120404,1971.8422461006692,0.8,8.0,100.0,61,95,3
G4_Onmem_wall,$\mathrm{Hel}_{10}\mathrm{IDP}_{40}$-Mem,NAC_antisymmetric_BB_contact_survival,antisymmetric_nac_bb,Any 1 antisymmetric NAC BB,chain_pair,all,largest_cluster,536000.0,2.940225221251948e-05,4.158106384325939e-05,1117.7497482891868,3315.2271734120404,1971.8422461006692,0.8,8.0,100.0,61,95,3
G4_Onmem_wall,$\mathrm{Hel}_{10}\mathrm{IDP}_{40}$-Mem,NAC_antisymmetric_BB_contact_survival,antisymmetric_nac_bb,Any 1 antisymmetric NAC BB,chain_pair,all,largest_cluster,537000.0,2.940225221251948e-05,4.158106384325939e-05,1117.7497482891868,3315.2271734120404,1971.8422461006692,0.8,8.0,100.0,61,95,3
G4_Onmem_wall,$\mathrm{Hel}_{10}\mathrm{IDP}_{40}$-Mem,NAC_antisymmetric_BB_contact_survival,antisymmetric_nac_bb,Any 1 antisymmetric NAC BB,chain_pair,all,largest_cluster,538000.0,2.940225221251948e-05,4.158106384325939e-05,1117.7497482891868,3315.2271734120404,1971.8422461006692,0.8,8.0,100.0,61,95,3
G4_Onmem_wall,$\mathrm{Hel}_{10}\mathrm{IDP}_{40}$-Mem,NAC_antisymmetric_BB_contact_survival,antisymmetric_nac_bb,Any 1 antisymmetric NAC BB,chain_pair,all,largest_cluster,539000.0,2.940225221251948e-05,4.158106384325939e-05,1117.7497482891868,3315.2271734120404,1971.8422461006692,0.8,8.0,100.0,61,95,3
G4_Onmem_wall,$\mathrm{Hel}_{10}\mathrm{IDP}_{40}$-Mem,NAC_antisymmetric_BB_contact_survival,antisymmetric_nac_bb,Any 1 antisymmetric NAC BB,chain_pair,all,largest_cluster,540000.0,2.940225221251948e-05,4.158106384325939e-05,1117.7497482891868,3315.2271734120404,1971.8422461006692,0.8,8.0,100.0,61,95,3
G4_Onmem_wall,$\mathrm{Hel}_{10}\mathrm{IDP}_{40}$-Mem,NAC_antisymmetric_BB_contact_survival,antisymmetric_nac_bb,Any 1 antisymmetric NAC BB,chain_pair,all,largest_cluster,541000.0,2.940225221251948e-05,4.158106384325939e-05,1117.7497482891868,3315.2271734120404,1971.8422461006692,0.8,8.0,100.0,61,95,3
G4_Onmem_wall,$\mathrm{Hel}_{10}\mathrm{IDP}_{40}$-Mem,NAC_antisymmetric_BB_contact_survival,antisymmetric_nac_bb,Any 1 antisymmetric NAC BB,chain_pair,all,largest_cluster,542000.0,2.940225221251948e-05,4.158106384325939e-05,1117.7497482891868,3315.2271734120404,1971.8422461006692,0.8,8.0,100.0,61,95,3
G4_Onmem_wall,$\mathrm{Hel}_{10}\mathrm{IDP}_{40}$-Mem,NAC_antisymmetric_BB_contact_survival,antisymmetric_nac_bb,Any 1 antisymmetric NAC BB,chain_pair,all,largest_cluster,543000.0,2.940225221251948e-05,4.158106384325939e-05,1117.7497482891868,3315.2271734120404,1971.8422461006692,0.8,8.0,100.0,61,95,3
G4_Onmem_wall,$\mathrm{Hel}_{10}\mathrm{IDP}_{40}$-Mem,NAC_antisymmetric_BB_contact_survival,antisymmetric_nac_bb,Any 1 antisymmetric NAC BB,chain_pair,all,largest_cluster,544000.0,2.940225221251948e-05,4.158106384325939e-05,1117.7497482891868,3315.2271734120404,1971.8422461006692,0.8,8.0,100.0,61,95,3
G4_Onmem_wall,$\mathrm{Hel}_{10}\mathrm{IDP}_{40}$-Mem,NAC_antisymmetric_BB_contact_survival,antisymmetric_nac_bb,Any 1 antisymmetric NAC BB,chain_pair,all,largest_cluster,545000.0,2.940225221251948e-05,4.158106384325939e-05,1117.7497482891868,3315.2271734120404,1971.8422461006692,0.8,8.0,100.0,61,95,3
G4_Onmem_wall,$\mathrm{Hel}_{10}\mathrm{IDP}_{40}$-Mem,NAC_antisymmetric_BB_contact_survival,antisymmetric_nac_bb,Any 1 antisymmetric NAC BB,chain_pair,all,largest_cluster,546000.0,2.940225221251948e-05,4.158106384325939e-05,1117.7497482891868,3315.2271734120404,1971.8422461006692,0.8,8.0,100.0,61,95,3
G4_Onmem_wall,$\mathrm{Hel}_{10}\mathrm{IDP}_{40}$-Mem,NAC_antisymmetric_BB_contact_survival,antisymmetric_nac_bb,Any 1 antisymmetric NAC BB,chain_pair,all,largest_cluster,547000.0,2.940225221251948e-05,4.158106384325939e-05,1117.7497482891868,3315.2271734120404,1971.8422461006692,0.8,8.0,100.0,61,95,3
G4_Onmem_wall,$\mathrm{Hel}_{10}\mathrm{IDP}_{40}$-Mem,NAC_antisymmetric_BB_contact_survival,antisymmetric_nac_bb,Any 1 antisymmetric NAC BB,chain_pair,all,largest_cluster,548000.0,2.940225221251948e-05,4.158106384325939e-05,1117.7497482891868,3315.2271734120404,1971.8422461006692,0.8,8.0,100.0,61,95,3
G4_Onmem_wall,$\mathrm{Hel}_{10}\mathrm{IDP}_{40}$-Mem,NAC_antisymmetric_BB_contact_survival,antisymmetric_nac_bb,Any 1 antisymmetric NAC BB,chain_pair,all,largest_cluster,549000.0,2.940225221251948e-05,4.158106384325939e-05,1117.7497482891868,3315.2271734120404,1971.8422461006692,0.8,8.0,100.0,61,95,3
G4_Onmem_wall,$\mathrm{Hel}_{10}\mathrm{IDP}_{40}$-Mem,NAC_antisymmetric_BB_contact_survival,antisymmetric_nac_bb,Any 1 antisymmetric NAC BB,chain_pair,all,largest_cluster,550000.0,2.940225221251948e-05,4.158106384325939e-05,1117.7497482891868,3315.2271734120404,1971.8422461006692,0.8,8.0,100.0,61,95,3
G4_Onmem_wall,$\mathrm{Hel}_{10}\mathrm{IDP}_{40}$-Mem,NAC_antisymmetric_BB_contact_survival,antisymmetric_nac_bb,Any 1 antisymmetric NAC BB,chain_pair,all,largest_cluster,551000.0,2.940225221251948e-05,4.158106384325939e-05,1117.7497482891868,3315.2271734120404,1971.8422461006692,0.8,8.0,100.0,61,95,3
G4_Onmem_wall,$\mathrm{Hel}_{10}\mathrm{IDP}_{40}$-Mem,NAC_antisymmetric_BB_contact_survival,antisymmetric_nac_bb,Any 1 antisymmetric NAC BB,chain_pair,all,largest_cluster,552000.0,2.940225221251948e-05,4.158106384325939e-05,1117.7497482891868,3315.2271734120404,1971.8422461006692,0.8,8.0,100.0,61,95,3
G4_Onmem_wall,$\mathrm{Hel}_{10}\mathrm{IDP}_{40}$-Mem,NAC_antisymmetric_BB_contact_survival,antisymmetric_nac_bb,Any 1 antisymmetric NAC BB,chain_pair,all,largest_cluster,553000.0,2.940225221251948e-05,4.158106384325939e-05,1117.7497482891868,3315.2271734120404,1971.8422461006692,0.8,8.0,100.0,61,95,3
G4_Onmem_wall,$\mathrm{Hel}_{10}\mathrm{IDP}_{40}$-Mem,NAC_antisymmetric_BB_contact_survival,antisymmetric_nac_bb,Any 1 antisymmetric NAC BB,chain_pair,all,largest_cluster,554000.0,2.940225221251948e-05,4.158106384325939e-05,1117.7497482891868,3315.2271734120404,1971.8422461006692,0.8,8.0,100.0,61,95,3
G4_Onmem_wall,$\mathrm{Hel}_{10}\mathrm{IDP}_{40}$-Mem,NAC_antisymmetric_BB_contact_survival,antisymmetric_nac_bb,Any 1 antisymmetric NAC BB,chain_pair,all,largest_cluster,555000.0,2.940225221251948e-05,4.158106384325939e-05,1117.7497482891868,3315.2271734120404,1971.8422461006692,0.8,8.0,100.0,61,95,3
G4_Onmem_wall,$\mathrm{Hel}_{10}\mathrm{IDP}_{40}$-Mem,NAC_antisymmetric_BB_contact_survival,antisymmetric_nac_bb,Any 1 antisymmetric NAC BB,chain_pair,all,largest_cluster,556000.0,2.940225221251948e-05,4.158106384325939e-05,1117.7497482891868,3315.2271734120404,1971.8422461006692,0.8,8.0,100.0,61,95,3
G4_Onmem_wall,$\mathrm{Hel}_{10}\mathrm{IDP}_{40}$-Mem,NAC_antisymmetric_BB_contact_survival,antisymmetric_nac_bb,Any 1 antisymmetric NAC BB,chain_pair,all,largest_cluster,557000.0,2.940225221251948e-05,4.158106384325939e-05,1117.7497482891868,3315.2271734120404,1971.8422461006692,0.8,8.0,100.0,61,95,3
G4_Onmem_wall,$\mathrm{Hel}_{10}\mathrm{IDP}_{40}$-Mem,NAC_antisymmetric_BB_contact_survival,antisymmetric_nac_bb,Any 1 antisymmetric NAC BB,chain_pair,all,largest_cluster,558000.0,2.940225221251948e-05,4.158106384325939e-05,1117.7497482891868,3315.2271734120404,1971.8422461006692,0.8,8.0,100.0,61,95,3
G4_Onmem_wall,$\mathrm{Hel}_{10}\mathrm{IDP}_{40}$-Mem,NAC_antisymmetric_BB_contact_survival,antisymmetric_nac_bb,Any 1 antisymmetric NAC BB,chain_pair,all,largest_cluster,559000.0,2.940225221251948e-05,4.158106384325939e-05,1117.7497482891868,3315.2271734120404,1971.8422461006692,0.8,8.0,100.0,61,95,3
G4_Onmem_wall,$\mathrm{Hel}_{10}\mathrm{IDP}_{40}$-Mem,NAC_antisymmetric_BB_contact_survival,antisymmetric_nac_bb,Any 1 antisymmetric NAC BB,chain_pair,all,largest_cluster,560000.0,2.940225221251948e-05,4.158106384325939e-05,1117.7497482891868,3315.2271734120404,1971.8422461006692,0.8,8.0,100.0,61,95,3
G4_Onmem_wall,$\mathrm{Hel}_{10}\mathrm{IDP}_{40}$-Mem,NAC_antisymmetric_BB_contact_survival,antisymmetric_nac_bb,Any 1 antisymmetric NAC BB,chain_pair,all,largest_cluster,561000.0,2.940225221251948e-05,4.158106384325939e-05,1117.7497482891868,3315.2271734120404,1971.8422461006692,0.8,8.0,100.0,61,95,3
G4_Onmem_wall,$\mathrm{Hel}_{10}\mathrm{IDP}_{40}$-Mem,NAC_antisymmetric_BB_contact_survival,antisymmetric_nac_bb,Any 1 antisymmetric NAC BB,chain_pair,all,largest_cluster,562000.0,2.940225221251948e-05,4.158106384325939e-05,1117.7497482891868,3315.2271734120404,1971.8422461006692,0.8,8.0,100.0,61,95,3
G4_Onmem_wall,$\mathrm{Hel}_{10}\mathrm{IDP}_{40}$-Mem,NAC_antisymmetric_BB_contact_survival,antisymmetric_nac_bb,Any 1 antisymmetric NAC BB,chain_pair,all,largest_cluster,563000.0,2.940225221251948e-05,4.158106384325939e-05,1117.7497482891868,3315.2271734120404,1971.8422461006692,0.8,8.0,100.0,61,95,3
G4_Onmem_wall,$\mathrm{Hel}_{10}\mathrm{IDP}_{40}$-Mem,NAC_antisymmetric_BB_contact_survival,antisymmetric_nac_bb,Any 1 antisymmetric NAC BB,chain_pair,all,largest_cluster,564000.0,2.940225221251948e-05,4.158106384325939e-05,1117.7497482891868,3315.2271734120404,1971.8422461006692,0.8,8.0,100.0,61,95,3
G4_Onmem_wall,$\mathrm{Hel}_{10}\mathrm{IDP}_{40}$-Mem,NAC_antisymmetric_BB_contact_survival,antisymmetric_nac_bb,Any 1 antisymmetric NAC BB,chain_pair,all,largest_cluster,565000.0,2.940225221251948e-05,4.158106384325939e-05,1117.7497482891868,3315.2271734120404,1971.8422461006692,0.8,8.0,100.0,61,95,3
G4_Onmem_wall,$\mathrm{Hel}_{10}\mathrm{IDP}_{40}$-Mem,NAC_antisymmetric_BB_contact_survival,antisymmetric_nac_bb,Any 1 antisymmetric NAC BB,chain_pair,all,largest_cluster,566000.0,2.940225221251948e-05,4.158106384325939e-05,1117.7497482891868,3315.2271734120404,1971.8422461006692,0.8,8.0,100.0,61,95,3
G4_Onmem_wall,$\mathrm{Hel}_{10}\mathrm{IDP}_{40}$-Mem,NAC_antisymmetric_BB_contact_survival,antisymmetric_nac_bb,Any 1 antisymmetric NAC BB,chain_pair,all,largest_cluster,567000.0,2.940225221251948e-05,4.158106384325939e-05,1117.7497482891868,3315.2271734120404,1971.8422461006692,0.8,8.0,100.0,61,95,3
G4_Onmem_wall,$\mathrm{Hel}_{10}\mathrm{IDP}_{40}$-Mem,NAC_antisymmetric_BB_contact_survival,antisymmetric_nac_bb,Any 1 antisymmetric NAC BB,chain_pair,all,largest_cluster,568000.0,2.940225221251948e-05,4.158106384325939e-05,1117.7497482891868,3315.2271734120404,1971.8422461006692,0.8,8.0,100.0,61,95,3
G4_Onmem_wall,$\mathrm{Hel}_{10}\mathrm{IDP}_{40}$-Mem,NAC_antisymmetric_BB_contact_survival,antisymmetric_nac_bb,Any 1 antisymmetric NAC BB,chain_pair,all,largest_cluster,569000.0,2.940225221251948e-05,4.158106384325939e-05,1117.7497482891868,3315.2271734120404,1971.8422461006692,0.8,8.0,100.0,61,95,3
G4_Onmem_wall,$\mathrm{Hel}_{10}\mathrm{IDP}_{40}$-Mem,NAC_antisymmetric_BB_contact_survival,antisymmetric_nac_bb,Any 1 antisymmetric NAC BB,chain_pair,all,largest_cluster,570000.0,2.940225221251948e-05,4.158106384325939e-05,1117.7497482891868,3315.2271734120404,1971.8422461006692,0.8,8.0,100.0,61,95,3
G4_Onmem_wall,$\mathrm{Hel}_{10}\mathrm{IDP}_{40}$-Mem,NAC_antisymmetric_BB_contact_survival,antisymmetric_nac_bb,Any 1 antisymmetric NAC BB,chain_pair,all,largest_cluster,571000.0,2.940225221251948e-05,4.158106384325939e-05,1117.7497482891868,3315.2271734120404,1971.8422461006692,0.8,8.0,100.0,61,95,3
G4_Onmem_wall,$\mathrm{Hel}_{10}\mathrm{IDP}_{40}$-Mem,NAC_antisymmetric_BB_contact_survival,antisymmetric_nac_bb,Any 1 antisymmetric NAC BB,chain_pair,all,largest_cluster,572000.0,2.940225221251948e-05,4.158106384325939e-05,1117.7497482891868,3315.2271734120404,1971.8422461006692,0.8,8.0,100.0,61,95,3
G4_Onmem_wall,$\mathrm{Hel}_{10}\mathrm{IDP}_{40}$-Mem,NAC_antisymmetric_BB_contact_survival,antisymmetric_nac_bb,Any 1 antisymmetric NAC BB,chain_pair,all,largest_cluster,573000.0,2.940225221251948e-05,4.158106384325939e-05,1117.7497482891868,3315.2271734120404,1971.8422461006692,0.8,8.0,100.0,61,95,3
G4_Onmem_wall,$\mathrm{Hel}_{10}\mathrm{IDP}_{40}$-Mem,NAC_antisymmetric_BB_contact_survival,antisymmetric_nac_bb,Any 1 antisymmetric NAC BB,chain_pair,all,largest_cluster,574000.0,2.940225221251948e-05,4.158106384325939e-05,1117.7497482891868,3315.2271734120404,1971.8422461006692,0.8,8.0,100.0,61,95,3
G4_Onmem_wall,$\mathrm{Hel}_{10}\mathrm{IDP}_{40}$-Mem,NAC_antisymmetric_BB_contact_survival,antisymmetric_nac_bb,Any 1 antisymmetric NAC BB,chain_pair,all,largest_cluster,575000.0,2.940225221251948e-05,4.158106384325939e-05,1117.7497482891868,3315.2271734120404,1971.8422461006692,0.8,8.0,100.0,61,95,3
G4_Onmem_wall,$\mathrm{Hel}_{10}\mathrm{IDP}_{40}$-Mem,NAC_antisymmetric_BB_contact_survival,antisymmetric_nac_bb,Any 1 antisymmetric NAC BB,chain_pair,all,largest_cluster,576000.0,2.940225221251948e-05,4.158106384325939e-05,1117.7497482891868,3315.2271734120404,1971.8422461006692,0.8,8.0,100.0,61,95,3
G4_Onmem_wall,$\mathrm{Hel}_{10}\mathrm{IDP}_{40}$-Mem,NAC_antisymmetric_BB_contact_survival,antisymmetric_nac_bb,Any 1 antisymmetric NAC BB,chain_pair,all,largest_cluster,577000.0,2.940225221251948e-05,4.158106384325939e-05,1117.7497482891868,3315.2271734120404,1971.8422461006692,0.8,8.0,100.0,61,95,3
G4_Onmem_wall,$\mathrm{Hel}_{10}\mathrm{IDP}_{40}$-Mem,NAC_antisymmetric_BB_contact_survival,antisymmetric_nac_bb,Any 1 antisymmetric NAC BB,chain_pair,all,largest_cluster,578000.0,2.940225221251948e-05,4.158106384325939e-05,1117.7497482891868,3315.2271734120404,1971.8422461006692,0.8,8.0,100.0,61,95,3
G4_Onmem_wall,$\mathrm{Hel}_{10}\mathrm{IDP}_{40}$-Mem,NAC_antisymmetric_BB_contact_survival,antisymmetric_nac_bb,Any 1 antisymmetric NAC BB,chain_pair,all,largest_cluster,579000.0,2.940225221251948e-05,4.158106384325939e-05,1117.7497482891868,3315.2271734120404,1971.8422461006692,0.8,8.0,100.0,61,95,3
G4_Onmem_wall,$\mathrm{Hel}_{10}\mathrm{IDP}_{40}$-Mem,NAC_antisymmetric_BB_contact_survival,antisymmetric_nac_bb,Any 1 antisymmetric NAC BB,chain_pair,all,largest_cluster,580000.0,2.940225221251948e-05,4.158106384325939e-05,1117.7497482891868,3315.2271734120404,1971.8422461006692,0.8,8.0,100.0,61,95,3
G4_Onmem_wall,$\mathrm{Hel}_{10}\mathrm{IDP}_{40}$-Mem,NAC_antisymmetric_BB_contact_survival,antisymmetric_nac_bb,Any 1 antisymmetric NAC BB,chain_pair,all,largest_cluster,581000.0,2.940225221251948e-05,4.158106384325939e-05,1117.7497482891868,3315.2271734120404,1971.8422461006692,0.8,8.0,100.0,61,95,3
G4_Onmem_wall,$\mathrm{Hel}_{10}\mathrm{IDP}_{40}$-Mem,NAC_antisymmetric_BB_contact_survival,antisymmetric_nac_bb,Any 1 antisymmetric NAC BB,chain_pair,all,largest_cluster,582000.0,2.940225221251948e-05,4.158106384325939e-05,1117.7497482891868,3315.2271734120404,1971.8422461006692,0.8,8.0,100.0,61,95,3
G4_Onmem_wall,$\mathrm{Hel}_{10}\mathrm{IDP}_{40}$-Mem,NAC_antisymmetric_BB_contact_survival,antisymmetric_nac_bb,Any 1 antisymmetric NAC BB,chain_pair,all,largest_cluster,583000.0,2.940225221251948e-05,4.158106384325939e-05,1117.7497482891868,3315.2271734120404,1971.8422461006692,0.8,8.0,100.0,61,95,3
G4_Onmem_wall,$\mathrm{Hel}_{10}\mathrm{IDP}_{40}$-Mem,NAC_antisymmetric_BB_contact_survival,antisymmetric_nac_bb,Any 1 antisymmetric NAC BB,chain_pair,all,largest_cluster,584000.0,2.940225221251948e-05,4.158106384325939e-05,1117.7497482891868,3315.2271734120404,1971.8422461006692,0.8,8.0,100.0,61,95,3
G4_Onmem_wall,$\mathrm{Hel}_{10}\mathrm{IDP}_{40}$-Mem,NAC_antisymmetric_BB_contact_survival,antisymmetric_nac_bb,Any 1 antisymmetric NAC BB,chain_pair,all,largest_cluster,585000.0,2.940225221251948e-05,4.158106384325939e-05,1117.7497482891868,3315.2271734120404,1971.8422461006692,0.8,8.0,100.0,61,95,3
G4_Onmem_wall,$\mathrm{Hel}_{10}\mathrm{IDP}_{40}$-Mem,NAC_antisymmetric_BB_contact_survival,antisymmetric_nac_bb,Any 1 antisymmetric NAC BB,chain_pair,all,largest_cluster,586000.0,2.940225221251948e-05,4.158106384325939e-05,1117.7497482891868,3315.2271734120404,1971.8422461006692,0.8,8.0,100.0,61,95,3
G4_Onmem_wall,$\mathrm{Hel}_{10}\mathrm{IDP}_{40}$-Mem,NAC_antisymmetric_BB_contact_survival,antisymmetric_nac_bb,Any 1 antisymmetric NAC BB,chain_pair,all,largest_cluster,587000.0,2.940225221251948e-05,4.158106384325939e-05,1117.7497482891868,3315.2271734120404,1971.8422461006692,0.8,8.0,100.0,61,95,3
G4_Onmem_wall,$\mathrm{Hel}_{10}\mathrm{IDP}_{40}$-Mem,NAC_antisymmetric_BB_contact_survival,antisymmetric_nac_bb,Any 1 antisymmetric NAC BB,chain_pair,all,largest_cluster,588000.0,2.940225221251948e-05,4.158106384325939e-05,1117.7497482891868,3315.2271734120404,1971.8422461006692,0.8,8.0,100.0,61,95,3
G4_Onmem_wall,$\mathrm{Hel}_{10}\mathrm{IDP}_{40}$-Mem,NAC_antisymmetric_BB_contact_survival,antisymmetric_nac_bb,Any 1 antisymmetric NAC BB,chain_pair,all,largest_cluster,589000.0,2.940225221251948e-05,4.158106384325939e-05,1117.7497482891868,3315.2271734120404,1971.8422461006692,0.8,8.0,100.0,61,95,3
G4_Onmem_wall,$\mathrm{Hel}_{10}\mathrm{IDP}_{40}$-Mem,NAC_antisymmetric_BB_contact_survival,antisymmetric_nac_bb,Any 1 antisymmetric NAC BB,chain_pair,all,largest_cluster,590000.0,2.940225221251948e-05,4.158106384325939e-05,1117.7497482891868,3315.2271734120404,1971.8422461006692,0.8,8.0,100.0,61,95,3
G4_Onmem_wall,$\mathrm{Hel}_{10}\mathrm{IDP}_{40}$-Mem,NAC_antisymmetric_BB_contact_survival,antisymmetric_nac_bb,Any 1 antisymmetric NAC BB,chain_pair,all,largest_cluster,591000.0,2.940225221251948e-05,4.158106384325939e-05,1117.7497482891868,3315.2271734120404,1971.8422461006692,0.8,8.0,100.0,61,95,3
G4_Onmem_wall,$\mathrm{Hel}_{10}\mathrm{IDP}_{40}$-Mem,NAC_antisymmetric_BB_contact_survival,antisymmetric_nac_bb,Any 1 antisymmetric NAC BB,chain_pair,all,largest_cluster,592000.0,2.940225221251948e-05,4.158106384325939e-05,1117.7497482891868,3315.2271734120404,1971.8422461006692,0.8,8.0,100.0,61,95,3
G4_Onmem_wall,$\mathrm{Hel}_{10}\mathrm{IDP}_{40}$-Mem,NAC_antisymmetric_BB_contact_survival,antisymmetric_nac_bb,Any 1 antisymmetric NAC BB,chain_pair,all,largest_cluster,593000.0,2.940225221251948e-05,4.158106384325939e-05,1117.7497482891868,3315.2271734120404,1971.8422461006692,0.8,8.0,100.0,61,95,3
G4_Onmem_wall,$\mathrm{Hel}_{10}\mathrm{IDP}_{40}$-Mem,NAC_antisymmetric_BB_contact_survival,antisymmetric_nac_bb,Any 1 antisymmetric NAC BB,chain_pair,all,largest_cluster,594000.0,2.940225221251948e-05,4.158106384325939e-05,1117.7497482891868,3315.2271734120404,1971.8422461006692,0.8,8.0,100.0,61,95,3
G4_Onmem_wall,$\mathrm{Hel}_{10}\mathrm{IDP}_{40}$-Mem,NAC_antisymmetric_BB_contact_survival,antisymmetric_nac_bb,Any 1 antisymmetric NAC BB,chain_pair,all,largest_cluster,595000.0,2.940225221251948e-05,4.158106384325939e-05,1117.7497482891868,3315.2271734120404,1971.8422461006692,0.8,8.0,100.0,61,95,3
G4_Onmem_wall,$\mathrm{Hel}_{10}\mathrm{IDP}_{40}$-Mem,NAC_antisymmetric_BB_contact_survival,antisymmetric_nac_bb,Any 1 antisymmetric NAC BB,chain_pair,all,largest_cluster,596000.0,2.940225221251948e-05,4.158106384325939e-05,1117.7497482891868,3315.2271734120404,1971.8422461006692,0.8,8.0,100.0,61,95,3
G4_Onmem_wall,$\mathrm{Hel}_{10}\mathrm{IDP}_{40}$-Mem,NAC_antisymmetric_BB_contact_survival,antisymmetric_nac_bb,Any 1 antisymmetric NAC BB,chain_pair,all,largest_cluster,597000.0,2.940225221251948e-05,4.158106384325939e-05,1117.7497482891868,3315.2271734120404,1971.8422461006692,0.8,8.0,100.0,61,95,3
G4_Onmem_wall,$\mathrm{Hel}_{10}\mathrm{IDP}_{40}$-Mem,NAC_antisymmetric_BB_contact_survival,antisymmetric_nac_bb,Any 1 antisymmetric NAC BB,chain_pair,all,largest_cluster,598000.0,2.940225221251948e-05,4.158106384325939e-05,1117.7497482891868,3315.2271734120404,1971.8422461006692,0.8,8.0,100.0,61,95,3
G4_Onmem_wall,$\mathrm{Hel}_{10}\mathrm{IDP}_{40}$-Mem,NAC_antisymmetric_BB_contact_survival,antisymmetric_nac_bb,Any 1 antisymmetric NAC BB,chain_pair,all,largest_cluster,599000.0,2.940225221251948e-05,4.158106384325939e-05,1117.7497482891868,3315.2271734120404,1971.8422461006692,0.8,8.0,100.0,61,95,3
G4_Onmem_wall,$\mathrm{Hel}_{10}\mathrm{IDP}_{40}$-Mem,NAC_antisymmetric_BB_contact_survival,antisymmetric_nac_bb,Any 1 antisymmetric NAC BB,chain_pair,all,largest_cluster,600000.0,2.940225221251948e-05,4.158106384325939e-05,1117.7497482891868,3315.2271734120404,1971.8422461006692,0.8,8.0,100.0,61,95,3
G4_Onmem_wall,$\mathrm{Hel}_{10}\mathrm{IDP}_{40}$-Mem,NAC_antisymmetric_BB_contact_survival,antisymmetric_nac_bb,Any 1 antisymmetric NAC BB,chain_pair,all,largest_cluster,601000.0,2.940225221251948e-05,4.158106384325939e-05,1117.7497482891868,3315.2271734120404,1971.8422461006692,0.8,8.0,100.0,61,95,3
G4_Onmem_wall,$\mathrm{Hel}_{10}\mathrm{IDP}_{40}$-Mem,NAC_antisymmetric_BB_contact_survival,antisymmetric_nac_bb,Any 1 antisymmetric NAC BB,chain_pair,all,largest_cluster,602000.0,2.940225221251948e-05,4.158106384325939e-05,1117.7497482891868,3315.2271734120404,1971.8422461006692,0.8,8.0,100.0,61,95,3
G4_Onmem_wall,$\mathrm{Hel}_{10}\mathrm{IDP}_{40}$-Mem,NAC_antisymmetric_BB_contact_survival,antisymmetric_nac_bb,Any 1 antisymmetric NAC BB,chain_pair,all,largest_cluster,603000.0,2.940225221251948e-05,4.158106384325939e-05,1117.7497482891868,3315.2271734120404,1971.8422461006692,0.8,8.0,100.0,61,95,3
G4_Onmem_wall,$\mathrm{Hel}_{10}\mathrm{IDP}_{40}$-Mem,NAC_antisymmetric_BB_contact_survival,antisymmetric_nac_bb,Any 1 antisymmetric NAC BB,chain_pair,all,largest_cluster,604000.0,2.940225221251948e-05,4.158106384325939e-05,1117.7497482891868,3315.2271734120404,1971.8422461006692,0.8,8.0,100.0,61,95,3
G4_Onmem_wall,$\mathrm{Hel}_{10}\mathrm{IDP}_{40}$-Mem,NAC_antisymmetric_BB_contact_survival,antisymmetric_nac_bb,Any 1 antisymmetric NAC BB,chain_pair,all,largest_cluster,605000.0,2.940225221251948e-05,4.158106384325939e-05,1117.7497482891868,3315.2271734120404,1971.8422461006692,0.8,8.0,100.0,61,95,3
G4_Onmem_wall,$\mathrm{Hel}_{10}\mathrm{IDP}_{40}$-Mem,NAC_antisymmetric_BB_contact_survival,antisymmetric_nac_bb,Any 1 antisymmetric NAC BB,chain_pair,all,largest_cluster,606000.0,2.940225221251948e-05,4.158106384325939e-05,1117.7497482891868,3315.2271734120404,1971.8422461006692,0.8,8.0,100.0,61,95,3
G4_Onmem_wall,$\mathrm{Hel}_{10}\mathrm{IDP}_{40}$-Mem,NAC_antisymmetric_BB_contact_survival,antisymmetric_nac_bb,Any 1 antisymmetric NAC BB,chain_pair,all,largest_cluster,607000.0,2.940225221251948e-05,4.158106384325939e-05,1117.7497482891868,3315.2271734120404,1971.8422461006692,0.8,8.0,100.0,61,95,3
G4_Onmem_wall,$\mathrm{Hel}_{10}\mathrm{IDP}_{40}$-Mem,NAC_antisymmetric_BB_contact_survival,antisymmetric_nac_bb,Any 1 antisymmetric NAC BB,chain_pair,all,largest_cluster,608000.0,2.940225221251948e-05,4.158106384325939e-05,1117.7497482891868,3315.2271734120404,1971.8422461006692,0.8,8.0,100.0,61,95,3
G4_Onmem_wall,$\mathrm{Hel}_{10}\mathrm{IDP}_{40}$-Mem,NAC_antisymmetric_BB_contact_survival,antisymmetric_nac_bb,Any 1 antisymmetric NAC BB,chain_pair,all,largest_cluster,609000.0,2.940225221251948e-05,4.158106384325939e-05,1117.7497482891868,3315.2271734120404,1971.8422461006692,0.8,8.0,100.0,61,95,3
G4_Onmem_wall,$\mathrm{Hel}_{10}\mathrm{IDP}_{40}$-Mem,NAC_antisymmetric_BB_contact_survival,antisymmetric_nac_bb,Any 1 antisymmetric NAC BB,chain_pair,all,largest_cluster,610000.0,2.940225221251948e-05,4.158106384325939e-05,1117.7497482891868,3315.2271734120404,1971.8422461006692,0.8,8.0,100.0,61,95,3
G4_Onmem_wall,$\mathrm{Hel}_{10}\mathrm{IDP}_{40}$-Mem,NAC_antisymmetric_BB_contact_survival,antisymmetric_nac_bb,Any 1 antisymmetric NAC BB,chain_pair,all,largest_cluster,611000.0,2.940225221251948e-05,4.158106384325939e-05,1117.7497482891868,3315.2271734120404,1971.8422461006692,0.8,8.0,100.0,61,95,3
G4_Onmem_wall,$\mathrm{Hel}_{10}\mathrm{IDP}_{40}$-Mem,NAC_antisymmetric_BB_contact_survival,antisymmetric_nac_bb,Any 1 antisymmetric NAC BB,chain_pair,all,largest_cluster,612000.0,2.940225221251948e-05,4.158106384325939e-05,1117.7497482891868,3315.2271734120404,1971.8422461006692,0.8,8.0,100.0,61,95,3
G4_Onmem_wall,$\mathrm{Hel}_{10}\mathrm{IDP}_{40}$-Mem,NAC_antisymmetric_BB_contact_survival,antisymmetric_nac_bb,Any 1 antisymmetric NAC BB,chain_pair,all,largest_cluster,613000.0,2.940225221251948e-05,4.158106384325939e-05,1117.7497482891868,3315.2271734120404,1971.8422461006692,0.8,8.0,100.0,61,95,3
G4_Onmem_wall,$\mathrm{Hel}_{10}\mathrm{IDP}_{40}$-Mem,NAC_antisymmetric_BB_contact_survival,antisymmetric_nac_bb,Any 1 antisymmetric NAC BB,chain_pair,all,largest_cluster,614000.0,2.940225221251948e-05,4.158106384325939e-05,1117.7497482891868,3315.2271734120404,1971.8422461006692,0.8,8.0,100.0,61,95,3
G4_Onmem_wall,$\mathrm{Hel}_{10}\mathrm{IDP}_{40}$-Mem,NAC_antisymmetric_BB_contact_survival,antisymmetric_nac_bb,Any 1 antisymmetric NAC BB,chain_pair,all,largest_cluster,615000.0,2.940225221251948e-05,4.158106384325939e-05,1117.7497482891868,3315.2271734120404,1971.8422461006692,0.8,8.0,100.0,61,95,3
G4_Onmem_wall,$\mathrm{Hel}_{10}\mathrm{IDP}_{40}$-Mem,NAC_antisymmetric_BB_contact_survival,antisymmetric_nac_bb,Any 1 antisymmetric NAC BB,chain_pair,all,largest_cluster,616000.0,2.940225221251948e-05,4.158106384325939e-05,1117.7497482891868,3315.2271734120404,1971.8422461006692,0.8,8.0,100.0,61,95,3
G4_Onmem_wall,$\mathrm{Hel}_{10}\mathrm{IDP}_{40}$-Mem,NAC_antisymmetric_BB_contact_survival,antisymmetric_nac_bb,Any 1 antisymmetric NAC BB,chain_pair,all,largest_cluster,617000.0,2.940225221251948e-05,4.158106384325939e-05,1117.7497482891868,3315.2271734120404,1971.8422461006692,0.8,8.0,100.0,61,95,3
G4_Onmem_wall,$\mathrm{Hel}_{10}\mathrm{IDP}_{40}$-Mem,NAC_antisymmetric_BB_contact_survival,antisymmetric_nac_bb,Any 1 antisymmetric NAC BB,chain_pair,all,largest_cluster,618000.0,2.940225221251948e-05,4.158106384325939e-05,1117.7497482891868,3315.2271734120404,1971.8422461006692,0.8,8.0,100.0,61,95,3
G4_Onmem_wall,$\mathrm{Hel}_{10}\mathrm{IDP}_{40}$-Mem,NAC_antisymmetric_BB_contact_survival,antisymmetric_nac_bb,Any 1 antisymmetric NAC BB,chain_pair,all,largest_cluster,619000.0,2.940225221251948e-05,4.158106384325939e-05,1117.7497482891868,3315.2271734120404,1971.8422461006692,0.8,8.0,100.0,61,95,3
G4_Onmem_wall,$\mathrm{Hel}_{10}\mathrm{IDP}_{40}$-Mem,NAC_antisymmetric_BB_contact_survival,antisymmetric_nac_bb,Any 1 antisymmetric NAC BB,chain_pair,all,largest_cluster,620000.0,2.940225221251948e-05,4.158106384325939e-05,1117.7497482891868,3315.2271734120404,1971.8422461006692,0.8,8.0,100.0,61,95,3
G4_Onmem_wall,$\mathrm{Hel}_{10}\mathrm{IDP}_{40}$-Mem,NAC_antisymmetric_BB_contact_survival,antisymmetric_nac_bb,Any 1 antisymmetric NAC BB,chain_pair,all,largest_cluster,621000.0,2.940225221251948e-05,4.158106384325939e-05,1117.7497482891868,3315.2271734120404,1971.8422461006692,0.8,8.0,100.0,61,95,3
G4_Onmem_wall,$\mathrm{Hel}_{10}\mathrm{IDP}_{40}$-Mem,NAC_antisymmetric_BB_contact_survival,antisymmetric_nac_bb,Any 1 antisymmetric NAC BB,chain_pair,all,largest_cluster,622000.0,2.940225221251948e-05,4.158106384325939e-05,1117.7497482891868,3315.2271734120404,1971.8422461006692,0.8,8.0,100.0,61,95,3
G4_Onmem_wall,$\mathrm{Hel}_{10}\mathrm{IDP}_{40}$-Mem,NAC_antisymmetric_BB_contact_survival,antisymmetric_nac_bb,Any 1 antisymmetric NAC BB,chain_pair,all,largest_cluster,623000.0,2.940225221251948e-05,4.158106384325939e-05,1117.7497482891868,3315.2271734120404,1971.8422461006692,0.8,8.0,100.0,61,95,3
G4_Onmem_wall,$\mathrm{Hel}_{10}\mathrm{IDP}_{40}$-Mem,NAC_antisymmetric_BB_contact_survival,antisymmetric_nac_bb,Any 1 antisymmetric NAC BB,chain_pair,all,largest_cluster,624000.0,2.940225221251948e-05,4.158106384325939e-05,1117.7497482891868,3315.2271734120404,1971.8422461006692,0.8,8.0,100.0,61,95,3
G4_Onmem_wall,$\mathrm{Hel}_{10}\mathrm{IDP}_{40}$-Mem,NAC_antisymmetric_BB_contact_survival,antisymmetric_nac_bb,Any 1 antisymmetric NAC BB,chain_pair,all,largest_cluster,625000.0,2.940225221251948e-05,4.158106384325939e-05,1117.7497482891868,3315.2271734120404,1971.8422461006692,0.8,8.0,100.0,61,95,3
G4_Onmem_wall,$\mathrm{Hel}_{10}\mathrm{IDP}_{40}$-Mem,NAC_antisymmetric_BB_contact_survival,antisymmetric_nac_bb,Any 1 antisymmetric NAC BB,chain_pair,all,largest_cluster,626000.0,2.940225221251948e-05,4.158106384325939e-05,1117.7497482891868,3315.2271734120404,1971.8422461006692,0.8,8.0,100.0,61,95,3
G4_Onmem_wall,$\mathrm{Hel}_{10}\mathrm{IDP}_{40}$-Mem,NAC_antisymmetric_BB_contact_survival,antisymmetric_nac_bb,Any 1 antisymmetric NAC BB,chain_pair,all,largest_cluster,627000.0,2.940225221251948e-05,4.158106384325939e-05,1117.7497482891868,3315.2271734120404,1971.8422461006692,0.8,8.0,100.0,61,95,3
G4_Onmem_wall,$\mathrm{Hel}_{10}\mathrm{IDP}_{40}$-Mem,NAC_antisymmetric_BB_contact_survival,antisymmetric_nac_bb,Any 1 antisymmetric NAC BB,chain_pair,all,largest_cluster,628000.0,2.940225221251948e-05,4.158106384325939e-05,1117.7497482891868,3315.2271734120404,1971.8422461006692,0.8,8.0,100.0,61,95,3
G4_Onmem_wall,$\mathrm{Hel}_{10}\mathrm{IDP}_{40}$-Mem,NAC_antisymmetric_BB_contact_survival,antisymmetric_nac_bb,Any 1 antisymmetric NAC BB,chain_pair,all,largest_cluster,629000.0,2.940225221251948e-05,4.158106384325939e-05,1117.7497482891868,3315.2271734120404,1971.8422461006692,0.8,8.0,100.0,61,95,3
G4_Onmem_wall,$\mathrm{Hel}_{10}\mathrm{IDP}_{40}$-Mem,NAC_antisymmetric_BB_contact_survival,antisymmetric_nac_bb,Any 1 antisymmetric NAC BB,chain_pair,all,largest_cluster,630000.0,2.940225221251948e-05,4.158106384325939e-05,1117.7497482891868,3315.2271734120404,1971.8422461006692,0.8,8.0,100.0,61,95,3
G4_Onmem_wall,$\mathrm{Hel}_{10}\mathrm{IDP}_{40}$-Mem,NAC_antisymmetric_BB_contact_survival,antisymmetric_nac_bb,Any 1 antisymmetric NAC BB,chain_pair,all,largest_cluster,631000.0,2.940225221251948e-05,4.158106384325939e-05,1117.7497482891868,3315.2271734120404,1971.8422461006692,0.8,8.0,100.0,61,95,3
G4_Onmem_wall,$\mathrm{Hel}_{10}\mathrm{IDP}_{40}$-Mem,NAC_antisymmetric_BB_contact_survival,antisymmetric_nac_bb,Any 1 antisymmetric NAC BB,chain_pair,all,largest_cluster,632000.0,2.940225221251948e-05,4.158106384325939e-05,1117.7497482891868,3315.2271734120404,1971.8422461006692,0.8,8.0,100.0,61,95,3
G4_Onmem_wall,$\mathrm{Hel}_{10}\mathrm{IDP}_{40}$-Mem,NAC_antisymmetric_BB_contact_survival,antisymmetric_nac_bb,Any 1 antisymmetric NAC BB,chain_pair,all,largest_cluster,633000.0,2.940225221251948e-05,4.158106384325939e-05,1117.7497482891868,3315.2271734120404,1971.8422461006692,0.8,8.0,100.0,61,95,3
G4_Onmem_wall,$\mathrm{Hel}_{10}\mathrm{IDP}_{40}$-Mem,NAC_antisymmetric_BB_contact_survival,antisymmetric_nac_bb,Any 1 antisymmetric NAC BB,chain_pair,all,largest_cluster,634000.0,2.940225221251948e-05,4.158106384325939e-05,1117.7497482891868,3315.2271734120404,1971.8422461006692,0.8,8.0,100.0,61,95,3
G4_Onmem_wall,$\mathrm{Hel}_{10}\mathrm{IDP}_{40}$-Mem,NAC_antisymmetric_BB_contact_survival,antisymmetric_nac_bb,Any 1 antisymmetric NAC BB,chain_pair,all,largest_cluster,635000.0,2.940225221251948e-05,4.158106384325939e-05,1117.7497482891868,3315.2271734120404,1971.8422461006692,0.8,8.0,100.0,61,95,3
