# Frame	LargestClusterSizeGlobal	IntersectionSize
10000 47 38
10001 47 38
10002 47 38
10003 47 38
10004 47 38
10005 47 38
10006 47 38
10007 47 38
10008 47 38
10009 47 38
10010 47 38
10011 47 38
10012 47 38
10013 47 38
10014 47 38
10015 47 38
10016 47 38
10017 47 38
10018 47 38
10019 47 38
10020 47 38
10021 47 38
10022 47 38
10023 47 38
10024 47 38
10025 47 38
10026 47 38
10027 47 38
10028 47 38
10029 47 38
10030 47 38
10031 47 38
10032 47 38
10033 47 38
10034 47 38
10035 47 38
10036 47 38
10037 47 38
10038 47 38
10039 47 38
10040 47 38
10041 47 38
10042 47 38
10043 47 38
10044 47 38
10045 47 38
10046 47 38
10047 47 38
10048 47 38
10049 47 38
10050 47 38
10051 47 38
10052 47 38
10053 47 38
10054 47 38
10055 47 38
10056 47 38
10057 47 38
10058 47 38
10059 47 38
10060 47 38
10061 47 38
10062 47 38
10063 47 38
10064 47 38
10065 47 38
10066 47 38
10067 47 38
10068 47 38
10069 47 38
10070 47 38
10071 47 38
10072 47 38
10073 47 38
10074 47 38
10075 47 38
10076 47 38
10077 47 38
10078 47 38
10079 47 38
10080 47 38
10081 47 38
10082 47 38
10083 47 38
10084 47 38
10085 47 38
10086 47 38
10087 47 38
10088 47 38
10089 47 38
10090 47 38
10091 47 38
10092 47 38
10093 47 38
10094 47 38
10095 47 38
10096 47 38
10097 47 38
10098 47 38
10099 47 38
10100 47 38
10101 47 38
10102 47 38
10103 47 38
10104 47 38
10105 47 38
10106 47 38
10107 47 38
10108 47 38
10109 47 38
10110 47 38
10111 47 38
10112 47 38
10113 47 38
10114 47 38
10115 47 38
10116 47 38
10117 47 38
10118 47 38
10119 47 38
10120 47 38
10121 47 38
10122 47 38
10123 47 38
10124 47 38
10125 47 38
10126 47 38
10127 47 38
10128 47 38
10129 47 38
10130 47 38
10131 47 38
10132 47 38
10133 47 38
10134 47 38
10135 47 38
10136 47 38
10137 47 38
10138 47 38
10139 47 38
10140 47 38
10141 47 38
10142 47 38
10143 47 38
10144 47 38
10145 47 38
10146 47 38
10147 47 38
10148 47 38
10149 47 38
10150 47 38
10151 47 38
10152 47 38
10153 47 38
10154 47 38
10155 47 38
10156 47 38
10157 47 38
10158 47 38
10159 47 38
10160 47 38
10161 47 38
10162 48 38
10163 48 38
10164 47 38
10165 47 38
10166 47 38
10167 47 38
10168 47 38
10169 47 38
10170 47 38
10171 47 38
10172 47 38
10173 47 38
10174 47 38
10175 47 38
10176 47 38
10177 47 38
10178 47 38
10179 47 38
10180 47 38
10181 47 38
10182 47 38
10183 48 38
10184 47 38
10185 48 38
10186 48 38
10187 47 38
10188 47 38
10189 48 38
10190 49 39
10191 49 39
10192 49 39
10193 49 39
10194 48 38
10195 48 38
10196 48 38
10197 48 38
10198 48 38
10199 48 38
10200 48 38
10201 49 39
10202 49 39
10203 49 39
10204 49 39
10205 49 39
10206 49 39
10207 49 39
10208 47 38
10209 47 38
10210 47 38
10211 47 38
10212 48 38
10213 48 38
10214 47 38
10215 47 38
10216 47 38
10217 48 38
10218 48 38
10219 48 38
10220 48 38
10221 47 38
10222 47 38
10223 48 39
10224 48 39
10225 49 39
10226 49 39
10227 49 39
10228 49 39
10229 49 39
10230 49 39
10231 49 39
10232 49 39
10233 48 38
10234 48 38
10235 48 38
10236 48 38
10237 48 38
10238 48 38
10239 48 38
10240 48 38
10241 48 38
10242 48 38
10243 48 38
10244 48 38
10245 48 38
10246 48 38
10247 48 38
10248 48 38
10249 48 38
10250 48 38
10251 48 38
10252 48 38
10253 48 38
10254 48 38
10255 48 38
10256 48 38
10257 48 38
10258 48 38
10259 48 38
10260 48 38
10261 48 38
10262 48 38
10263 48 38
10264 48 38
10265 48 38
10266 48 38
10267 48 38
10268 48 38
10269 48 38
10270 48 38
10271 49 39
10272 49 39
10273 49 39
10274 49 39
10275 49 39
10276 49 39
10277 48 38
10278 48 38
10279 48 38
10280 47 38
10281 48 38
10282 48 38
10283 48 38
10284 49 39
10285 48 38
10286 48 38
10287 47 38
10288 49 39
10289 48 38
10290 48 38
10291 48 38
10292 48 38
10293 48 38
10294 48 38
10295 48 38
10296 48 38
10297 48 38
10298 48 38
10299 48 38
10300 48 38
10301 48 38
10302 48 38
10303 48 38
10304 48 38
10305 48 38
10306 48 38
10307 48 38
10308 48 38
10309 48 38
10310 48 38
10311 48 38
10312 48 38
10313 48 38
10314 48 38
10315 48 38
10316 48 38
10317 48 38
10318 48 38
10319 48 38
10320 48 38
10321 48 38
10322 48 38
10323 48 38
10324 48 38
10325 48 38
10326 48 38
10327 48 38
10328 48 38
10329 48 38
10330 48 38
10331 48 38
10332 48 38
10333 48 38
10334 48 38
10335 48 38
10336 48 38
10337 48 38
10338 48 38
10339 48 38
10340 48 38
10341 48 38
10342 48 38
10343 48 38
10344 48 38
10345 48 38
10346 48 38
10347 48 38
10348 48 38
10349 48 38
10350 48 38
10351 48 38
10352 48 38
10353 48 38
10354 48 38
10355 48 38
10356 48 38
10357 48 38
10358 48 38
10359 48 38
10360 48 38
10361 48 38
10362 48 38
10363 48 38
10364 48 38
10365 48 38
10366 48 38
10367 48 38
10368 48 38
10369 48 38
10370 48 38
10371 48 38
10372 48 38
10373 48 38
10374 48 38
10375 48 38
10376 48 38
10377 48 38
10378 48 38
10379 48 38
10380 48 38
10381 48 38
10382 48 38
10383 48 38
10384 48 38
10385 48 38
10386 48 38
10387 48 38
10388 48 38
10389 48 38
10390 48 38
10391 48 38
10392 48 38
10393 48 38
10394 48 38
10395 48 38
10396 48 38
10397 48 38
10398 48 38
10399 48 38
10400 48 38
10401 48 38
10402 48 38
10403 48 38
10404 48 38
10405 48 38
10406 48 38
10407 48 38
10408 48 38
10409 48 38
10410 48 38
10411 48 38
10412 48 38
10413 48 38
10414 48 38
10415 48 38
10416 48 38
10417 48 38
10418 48 38
10419 48 38
10420 48 38
10421 48 38
10422 48 38
10423 48 38
10424 48 38
10425 48 38
10426 48 38
10427 48 38
10428 48 38
10429 48 38
10430 48 38
10431 48 38
10432 48 38
10433 48 38
10434 48 38
10435 48 38
10436 48 38
10437 48 38
10438 48 38
10439 48 38
10440 48 38
10441 48 38
10442 48 38
10443 48 38
10444 48 38
10445 48 38
10446 48 38
10447 48 38
10448 48 38
10449 48 38
10450 48 38
10451 48 38
10452 48 38
10453 48 38
10454 48 38
10455 48 38
10456 48 38
10457 48 38
10458 48 38
10459 48 38
10460 48 38
10461 48 38
10462 48 38
10463 48 38
10464 48 38
10465 48 38
10466 48 38
10467 48 38
10468 48 38
10469 48 38
10470 48 38
10471 48 38
10472 48 38
10473 48 38
10474 48 38
10475 48 38
10476 48 38
10477 48 38
10478 48 38
10479 48 38
10480 48 38
10481 48 38
10482 48 38
10483 48 38
10484 48 38
10485 48 38
10486 48 38
10487 48 38
10488 48 38
10489 48 38
10490 48 38
10491 48 38
10492 48 38
10493 48 38
10494 48 38
10495 48 38
10496 48 38
10497 48 38
10498 48 38
10499 48 38
10500 48 38
10501 48 38
10502 48 38
10503 48 38
10504 48 38
10505 48 38
10506 48 38
10507 48 38
10508 48 38
10509 48 38
10510 48 38
10511 48 38
10512 48 38
10513 48 38
10514 48 38
10515 48 38
10516 48 38
10517 48 38
10518 48 38
10519 48 38
10520 48 38
10521 48 38
10522 48 38
10523 48 38
10524 48 38
10525 48 38
10526 48 38
10527 48 38
10528 48 38
10529 48 38
10530 48 38
10531 48 38
10532 48 38
10533 48 38
10534 48 38
10535 48 38
10536 48 38
10537 48 38
10538 48 38
10539 48 38
10540 48 38
10541 48 38
10542 48 38
10543 48 38
10544 48 38
10545 48 38
10546 48 38
10547 48 38
10548 48 38
10549 48 38
10550 48 38
10551 48 38
10552 48 38
10553 48 38
10554 48 38
10555 48 38
10556 48 38
10557 48 38
10558 48 38
10559 48 38
10560 48 38
10561 48 38
10562 48 38
10563 48 38
10564 48 38
10565 48 38
10566 48 38
10567 48 38
10568 48 38
10569 48 38
10570 48 38
10571 48 38
10572 48 38
10573 48 38
10574 48 38
10575 48 38
10576 48 38
10577 48 38
10578 47 38
10579 48 38
10580 48 38
10581 48 38
10582 47 38
10583 48 38
10584 48 38
10585 48 38
10586 48 38
10587 48 38
10588 48 38
10589 48 38
10590 48 38
10591 48 38
10592 48 38
10593 48 38
10594 48 38
10595 48 38
10596 48 38
10597 48 38
10598 48 38
10599 48 38
10600 48 38
10601 48 38
10602 48 38
10603 48 38
10604 48 38
10605 48 38
10606 48 38
10607 48 38
10608 48 38
10609 48 38
10610 48 38
10611 48 38
10612 48 38
10613 48 38
10614 48 38
10615 48 38
10616 48 38
10617 48 38
10618 48 38
10619 48 38
10620 48 38
10621 48 38
10622 48 38
10623 48 38
10624 48 38
10625 48 38
10626 48 38
10627 48 38
10628 48 38
10629 48 38
10630 48 38
10631 48 38
10632 48 38
10633 48 38
10634 48 38
10635 48 38
10636 48 38
10637 48 38
10638 48 38
10639 48 38
10640 48 38
10641 48 38
10642 48 38
10643 48 38
10644 48 38
10645 48 38
10646 48 38
10647 48 38
10648 48 38
10649 48 38
10650 48 38
10651 48 38
10652 48 38
10653 48 38
10654 48 38
10655 48 38
10656 48 38
10657 48 38
10658 48 38
10659 48 38
10660 48 38
10661 48 38
10662 48 38
10663 48 38
10664 48 38
10665 48 38
10666 48 38
10667 48 38
10668 48 38
10669 48 38
10670 48 38
10671 48 38
10672 48 38
10673 48 38
10674 48 38
10675 48 38
10676 48 38
10677 48 38
10678 48 38
10679 48 38
10680 48 38
10681 48 38
10682 48 38
10683 48 38
10684 48 38
10685 48 38
10686 48 38
10687 48 38
10688 48 38
10689 48 38
10690 48 38
10691 48 38
10692 48 38
10693 48 38
10694 48 38
10695 48 38
10696 48 38
10697 48 38
10698 48 38
10699 48 38
10700 48 38
10701 48 38
10702 48 38
10703 48 38
10704 48 38
10705 48 38
10706 48 38
10707 48 38
10708 48 38
10709 48 38
10710 48 38
10711 48 38
10712 48 38
10713 48 38
10714 48 38
10715 48 38
10716 48 38
10717 48 38
10718 48 38
10719 48 38
10720 48 38
10721 48 38
10722 48 38
10723 48 38
10724 48 38
10725 48 38
10726 48 38
10727 48 38
10728 48 38
10729 48 38
10730 48 38
10731 48 38
10732 48 38
10733 48 38
10734 48 38
10735 48 38
10736 48 38
10737 48 38
10738 48 38
10739 48 38
10740 48 38
10741 48 38
10742 48 38
10743 48 38
10744 48 38
10745 48 38
10746 48 38
10747 48 38
10748 48 38
10749 48 38
10750 48 38
10751 48 38
10752 48 38
10753 48 38
10754 48 38
10755 48 38
10756 48 38
10757 48 38
10758 48 38
10759 48 38
10760 48 38
10761 48 38
10762 48 38
10763 48 38
10764 48 38
10765 48 38
10766 48 38
10767 48 38
10768 48 38
10769 48 38
10770 48 38
10771 48 38
10772 48 38
10773 48 38
10774 48 38
10775 48 38
10776 48 38
10777 48 38
10778 48 38
10779 48 38
10780 48 38
10781 48 38
10782 48 38
10783 48 38
10784 48 38
10785 48 38
10786 48 38
10787 48 38
10788 48 38
10789 48 38
10790 48 38
10791 48 38
10792 48 38
10793 48 38
10794 48 38
10795 48 38
10796 48 38
10797 48 38
10798 48 38
10799 48 38
10800 48 38
10801 48 38
10802 48 38
10803 48 38
10804 48 38
10805 48 38
10806 48 38
10807 48 38
10808 48 38
10809 48 38
10810 48 38
10811 48 38
10812 48 38
10813 48 38
10814 48 38
10815 48 38
10816 48 38
10817 48 38
10818 48 38
10819 48 38
10820 48 38
10821 48 38
10822 48 38
10823 48 38
10824 48 38
10825 48 38
10826 48 38
10827 48 38
10828 48 38
10829 48 38
10830 48 38
10831 48 38
10832 48 38
10833 48 38
10834 48 38
10835 48 38
10836 48 38
10837 48 38
10838 48 38
10839 48 38
10840 48 38
10841 48 38
10842 48 38
10843 48 38
10844 48 38
10845 48 38
10846 48 38
10847 48 38
10848 48 38
10849 48 38
10850 48 38
10851 48 38
10852 48 38
10853 48 38
10854 48 38
10855 48 38
10856 48 38
10857 48 38
10858 48 38
10859 48 38
10860 48 38
10861 48 38
10862 48 38
10863 48 38
10864 48 38
10865 48 38
10866 48 38
10867 48 38
10868 48 38
10869 48 38
10870 48 38
10871 48 38
10872 48 38
10873 48 38
10874 48 38
10875 48 38
10876 48 38
10877 48 38
10878 48 38
10879 48 38
10880 48 38
10881 48 38
10882 48 38
10883 48 38
10884 48 38
10885 48 38
10886 48 38
10887 48 38
10888 48 38
10889 48 38
10890 48 38
10891 48 38
10892 48 38
10893 48 38
10894 48 38
10895 48 38
10896 48 38
10897 48 38
10898 48 38
10899 48 38
10900 48 38
10901 48 38
10902 48 38
10903 48 38
10904 48 38
10905 48 38
10906 48 38
10907 48 38
10908 48 38
10909 48 38
10910 48 38
10911 48 38
10912 48 38
10913 48 38
10914 48 38
10915 48 38
10916 48 38
10917 48 38
10918 48 38
10919 48 38
10920 48 38
10921 48 38
10922 48 38
10923 48 38
10924 48 38
10925 48 38
10926 48 38
10927 48 38
10928 48 38
10929 48 38
10930 48 38
10931 48 38
10932 48 38
10933 48 38
10934 48 38
10935 48 38
10936 48 38
10937 48 38
10938 48 38
10939 48 38
10940 48 38
10941 48 38
10942 48 38
10943 48 38
10944 48 38
10945 48 38
10946 48 38
10947 48 38
10948 48 38
10949 48 38
10950 48 38
10951 48 38
10952 48 38
10953 48 38
10954 48 38
10955 48 38
10956 48 38
10957 48 38
10958 48 38
10959 48 38
10960 48 38
10961 48 38
10962 48 38
10963 48 38
10964 48 38
10965 48 38
10966 48 38
10967 48 38
10968 48 38
10969 48 38
10970 48 38
10971 48 38
10972 48 38
10973 48 38
10974 48 38
10975 48 38
10976 48 38
10977 48 38
10978 48 38
10979 48 38
10980 48 38
10981 48 38
10982 48 38
10983 48 38
10984 48 38
10985 48 38
10986 48 38
10987 48 38
10988 48 38
10989 48 38
10990 48 38
10991 48 38
10992 48 38
10993 48 38
10994 48 38
10995 48 38
10996 48 38
10997 48 38
10998 48 38
10999 48 38
11000 48 38
11001 48 38
11002 48 38
11003 48 38
11004 48 38
11005 48 38
11006 48 38
11007 48 38
11008 48 38
11009 48 38
11010 48 38
11011 48 38
11012 48 38
11013 48 38
11014 48 38
11015 48 38
11016 48 38
11017 48 38
11018 48 38
11019 48 38
11020 48 38
11021 48 38
11022 48 38
11023 48 38
11024 48 38
11025 48 38
11026 48 38
11027 48 38
11028 48 38
11029 48 38
11030 48 38
11031 48 38
11032 48 38
11033 48 38
11034 48 38
11035 48 38
11036 48 38
11037 48 38
11038 48 38
11039 48 38
11040 48 38
11041 48 38
11042 48 38
11043 48 38
11044 48 38
11045 48 38
11046 48 38
11047 48 38
11048 48 38
11049 48 38
11050 48 38
11051 48 38
11052 48 38
11053 48 38
11054 48 38
11055 48 38
11056 48 38
11057 48 38
11058 48 38
11059 48 38
11060 48 38
11061 48 38
11062 48 38
11063 48 38
11064 48 38
11065 48 38
11066 48 38
11067 48 38
11068 48 38
11069 48 38
11070 48 38
11071 48 38
11072 48 38
11073 48 38
11074 48 38
11075 48 38
11076 48 38
11077 48 38
11078 48 38
11079 48 38
11080 48 38
11081 48 38
11082 48 38
11083 48 38
11084 48 38
11085 48 38
11086 48 38
11087 48 38
11088 48 38
11089 48 38
11090 48 38
11091 48 38
11092 48 38
11093 48 38
11094 48 38
11095 48 38
11096 48 38
11097 48 38
11098 48 38
11099 48 38
11100 48 38
11101 48 38
11102 48 38
11103 48 38
11104 48 38
11105 48 38
11106 48 38
11107 48 38
11108 48 38
11109 48 38
11110 48 38
11111 48 38
11112 48 38
11113 48 38
11114 48 38
11115 48 38
11116 48 38
11117 48 38
11118 48 38
11119 48 38
11120 48 38
11121 48 38
11122 48 38
11123 48 38
11124 48 38
11125 48 38
11126 48 38
11127 48 38
11128 48 38
11129 48 38
11130 48 38
11131 48 38
11132 48 38
11133 48 38
11134 48 38
11135 48 38
11136 48 38
11137 48 38
11138 48 38
11139 48 38
11140 48 38
11141 48 38
11142 48 38
11143 48 38
11144 48 38
11145 48 38
11146 48 38
11147 48 38
11148 48 38
11149 48 38
11150 48 38
11151 48 38
11152 48 38
11153 48 38
11154 48 38
11155 48 38
11156 48 38
11157 48 38
11158 48 38
11159 48 38
11160 48 38
11161 48 38
11162 48 38
11163 48 38
11164 48 38
11165 48 38
11166 48 38
11167 48 38
11168 48 38
11169 48 38
11170 48 38
11171 48 38
11172 48 38
11173 48 38
11174 48 38
11175 48 38
11176 48 38
11177 48 38
11178 48 38
11179 48 38
11180 48 38
11181 48 38
11182 48 38
11183 48 38
11184 48 38
11185 48 38
11186 48 38
11187 48 38
11188 48 38
11189 48 38
11190 48 38
11191 48 38
11192 48 38
11193 48 38
11194 48 38
11195 48 38
11196 48 38
11197 48 38
11198 48 38
11199 48 38
11200 48 38
11201 48 38
11202 48 38
11203 48 38
11204 48 38
11205 48 38
11206 48 38
11207 48 38
11208 48 38
11209 48 38
11210 48 38
11211 48 38
11212 48 38
11213 48 38
11214 48 38
11215 48 38
11216 48 38
11217 48 38
11218 48 38
11219 48 38
11220 48 38
11221 48 38
11222 48 38
11223 48 38
11224 48 38
11225 48 38
11226 48 38
11227 48 38
11228 48 38
11229 48 38
11230 48 38
11231 48 38
11232 48 38
11233 48 38
11234 48 38
11235 48 38
11236 48 38
11237 48 38
11238 48 38
11239 48 38
11240 48 38
11241 48 38
11242 48 38
11243 48 38
11244 48 38
11245 48 38
11246 48 38
11247 48 38
11248 48 38
11249 48 38
11250 48 38
11251 48 38
11252 48 38
11253 48 38
11254 48 38
11255 48 38
11256 48 38
11257 48 38
11258 48 38
11259 48 38
11260 48 38
11261 48 38
11262 48 38
11263 48 38
11264 48 38
11265 48 38
11266 48 38
11267 48 38
11268 48 38
11269 48 38
11270 48 38
11271 48 38
11272 48 38
11273 48 38
11274 48 38
11275 48 38
11276 48 38
11277 48 38
11278 48 38
11279 48 38
11280 48 38
11281 48 38
11282 48 38
11283 48 38
11284 48 38
11285 48 38
11286 48 38
11287 48 38
11288 48 38
11289 48 38
11290 48 38
11291 48 38
11292 48 38
11293 48 38
11294 48 38
11295 48 38
11296 48 38
11297 48 38
11298 48 38
11299 48 38
11300 48 38
11301 48 38
11302 48 38
11303 48 38
11304 48 38
11305 48 38
11306 48 38
11307 48 38
11308 48 38
11309 48 38
11310 48 38
11311 48 38
11312 48 38
11313 48 38
11314 48 38
11315 48 38
11316 48 38
11317 48 38
11318 48 38
11319 48 38
11320 48 38
11321 48 38
11322 48 38
11323 48 38
11324 48 38
11325 48 38
11326 48 38
11327 48 38
11328 48 38
11329 48 38
11330 48 38
11331 48 38
11332 48 38
11333 48 38
11334 48 38
11335 48 38
11336 48 38
11337 48 38
11338 48 38
11339 48 38
11340 48 38
11341 48 38
11342 48 38
11343 48 38
11344 48 38
11345 48 38
11346 48 38
11347 48 38
11348 48 38
11349 48 38
11350 48 38
11351 48 38
11352 48 38
11353 48 38
11354 48 38
11355 48 38
11356 48 38
11357 48 38
11358 48 38
11359 48 38
11360 48 38
11361 48 38
11362 48 38
11363 48 38
11364 48 38
11365 48 38
11366 48 38
11367 48 38
11368 48 38
11369 48 38
11370 48 38
11371 48 38
11372 48 38
11373 48 38
11374 48 38
11375 48 38
11376 48 38
11377 48 38
11378 48 38
11379 48 38
11380 48 38
11381 48 38
11382 48 38
11383 48 38
11384 48 38
11385 48 38
11386 48 38
11387 48 38
11388 48 38
11389 48 38
11390 48 38
11391 48 38
11392 48 38
11393 48 38
11394 48 38
11395 48 38
11396 48 38
11397 48 38
11398 48 38
11399 48 38
11400 48 38
11401 48 38
11402 48 38
11403 48 38
11404 48 38
11405 48 38
11406 48 38
11407 48 38
11408 48 38
11409 48 38
11410 48 38
11411 48 38
11412 48 38
11413 48 38
11414 48 38
11415 48 38
11416 48 38
11417 48 38
11418 48 38
11419 48 38
11420 48 38
11421 48 38
11422 48 38
11423 48 38
11424 48 38
11425 48 38
11426 48 38
11427 48 38
11428 48 38
11429 48 38
11430 48 38
11431 48 38
11432 48 38
11433 48 38
11434 48 38
11435 48 38
11436 48 38
11437 48 38
11438 48 38
11439 48 38
11440 48 38
11441 48 38
11442 48 38
11443 48 38
11444 48 38
11445 48 38
11446 48 38
11447 48 38
11448 48 38
11449 48 38
11450 48 38
11451 48 38
11452 48 38
11453 48 38
11454 48 38
11455 48 38
11456 48 38
11457 48 38
11458 48 38
11459 48 38
11460 48 38
11461 48 38
11462 48 38
11463 48 38
11464 48 38
11465 48 38
11466 48 38
11467 48 38
11468 48 38
11469 48 38
11470 48 38
11471 48 38
11472 48 38
11473 48 38
11474 48 38
11475 48 38
11476 48 38
11477 48 38
11478 48 38
11479 48 38
11480 48 38
11481 48 38
11482 48 38
11483 48 38
11484 48 38
11485 48 38
11486 48 38
11487 48 38
11488 48 38
11489 48 38
11490 48 38
11491 48 38
11492 48 38
11493 48 38
11494 48 38
11495 48 38
11496 48 38
11497 48 38
11498 48 38
11499 48 38
11500 48 38
11501 48 38
11502 48 38
11503 48 38
11504 48 38
11505 48 38
11506 48 38
11507 48 38
11508 48 38
11509 48 38
11510 48 38
11511 48 38
11512 48 38
11513 48 38
11514 48 38
11515 48 38
11516 48 38
11517 48 38
11518 48 38
11519 48 38
11520 48 38
11521 48 38
11522 48 38
11523 48 38
11524 48 38
11525 48 38
11526 48 38
11527 48 38
11528 48 38
11529 48 38
11530 48 38
11531 48 38
11532 48 38
11533 48 38
11534 48 38
11535 48 38
11536 48 38
11537 48 38
11538 48 38
11539 48 38
11540 48 38
11541 48 38
11542 48 38
11543 48 38
11544 48 38
11545 48 38
11546 48 38
11547 48 38
11548 48 38
11549 48 38
11550 48 38
11551 48 38
11552 48 38
11553 48 38
11554 48 38
11555 48 38
11556 48 38
11557 48 38
11558 48 38
11559 48 38
11560 48 38
11561 48 38
11562 48 38
11563 48 38
11564 48 38
11565 48 38
11566 48 38
11567 48 38
11568 48 38
11569 48 38
11570 48 38
11571 48 38
11572 48 38
11573 48 38
11574 48 38
11575 48 38
11576 48 38
11577 48 38
11578 48 38
11579 48 38
11580 48 38
11581 48 38
11582 48 38
11583 48 38
11584 48 38
11585 48 38
11586 48 38
11587 48 38
11588 48 38
11589 48 38
11590 48 38
11591 48 38
11592 48 38
11593 48 38
11594 48 38
11595 48 38
11596 48 38
11597 48 38
11598 48 38
11599 48 38
11600 48 38
11601 48 38
11602 48 38
11603 48 38
11604 48 38
11605 48 38
11606 48 38
11607 48 38
11608 48 38
11609 48 38
11610 48 38
11611 48 38
11612 48 38
11613 48 38
11614 48 38
11615 48 38
11616 48 38
11617 48 38
11618 48 38
11619 48 38
11620 48 38
11621 48 38
11622 48 38
11623 48 38
11624 48 38
11625 48 38
11626 48 38
11627 48 38
11628 48 38
11629 48 38
11630 48 38
11631 48 38
11632 48 38
11633 48 38
11634 48 38
11635 48 38
11636 48 38
11637 48 38
11638 48 38
11639 48 38
11640 48 38
11641 48 38
11642 48 38
11643 48 38
11644 48 38
11645 48 38
11646 48 38
11647 48 38
11648 48 38
11649 48 38
11650 48 38
11651 48 38
11652 48 38
11653 48 38
11654 48 38
11655 48 38
11656 48 38
11657 48 38
11658 48 38
11659 48 38
11660 48 38
11661 48 38
11662 48 38
11663 48 38
11664 48 38
11665 48 38
11666 48 38
11667 48 38
11668 48 38
11669 48 38
11670 48 38
11671 48 38
11672 48 38
11673 48 38
11674 48 38
11675 48 38
11676 48 38
11677 48 38
11678 48 38
11679 48 38
11680 48 38
11681 48 38
11682 48 38
11683 48 38
11684 48 38
11685 48 38
11686 48 38
11687 48 38
11688 48 38
11689 48 38
11690 48 38
11691 48 38
11692 48 38
11693 48 38
11694 48 38
11695 48 38
11696 48 38
11697 48 38
11698 48 38
11699 48 38
11700 48 38
11701 48 38
11702 48 38
11703 48 38
11704 48 38
11705 48 38
11706 48 38
11707 48 38
11708 48 38
11709 48 38
11710 48 38
11711 48 38
11712 48 38
11713 48 38
11714 48 38
11715 48 38
11716 48 38
11717 48 38
11718 48 38
11719 48 38
11720 48 38
11721 48 38
11722 48 38
11723 48 38
11724 48 38
11725 48 38
11726 48 38
11727 48 38
11728 48 38
11729 48 38
11730 48 38
11731 48 38
11732 48 38
11733 48 38
11734 48 38
11735 48 38
11736 48 38
11737 48 38
11738 48 38
11739 48 38
11740 48 38
11741 48 38
11742 48 38
11743 48 38
11744 48 38
11745 48 38
11746 48 38
11747 48 38
11748 48 38
11749 48 38
11750 48 38
11751 48 38
11752 48 38
11753 48 38
11754 48 38
11755 48 38
11756 48 38
11757 48 38
11758 48 38
11759 48 38
11760 48 38
11761 48 38
11762 48 38
11763 48 38
11764 48 38
11765 48 38
11766 48 38
11767 48 38
11768 48 38
11769 48 38
11770 48 38
11771 48 38
11772 48 38
11773 48 38
11774 48 38
11775 48 38
11776 48 38
11777 48 38
11778 48 38
11779 48 38
11780 48 38
11781 48 38
11782 48 38
11783 48 38
11784 48 38
11785 48 38
11786 48 38
11787 48 38
11788 48 38
11789 48 38
11790 48 38
11791 48 38
11792 48 38
11793 48 38
11794 48 38
11795 48 38
11796 48 38
11797 48 38
11798 48 38
11799 48 38
11800 48 38
11801 48 38
11802 48 38
11803 48 38
11804 48 38
11805 48 38
11806 48 38
11807 48 38
11808 48 38
11809 48 38
11810 48 38
11811 48 38
11812 48 38
11813 48 38
11814 48 38
11815 48 38
11816 48 38
11817 48 38
11818 48 38
11819 48 38
11820 48 38
11821 48 38
11822 48 38
11823 48 38
11824 48 38
11825 48 38
11826 48 38
11827 48 38
11828 48 38
11829 48 38
11830 48 38
11831 48 38
11832 48 38
11833 48 38
11834 48 38
11835 48 38
11836 48 38
11837 48 38
11838 48 38
11839 48 38
11840 48 38
11841 48 38
11842 48 38
11843 48 38
11844 48 38
11845 48 38
11846 48 38
11847 48 38
11848 48 38
11849 48 38
11850 48 38
11851 48 38
11852 48 38
11853 48 38
11854 48 38
11855 48 38
11856 48 38
11857 48 38
11858 48 38
11859 48 38
11860 48 38
11861 48 38
11862 48 38
11863 48 38
11864 48 38
11865 48 38
11866 48 38
11867 48 38
11868 48 38
11869 48 38
11870 48 38
11871 48 38
11872 48 38
11873 48 38
11874 48 38
11875 48 38
11876 48 38
11877 48 38
11878 48 38
11879 48 38
11880 48 38
11881 48 38
11882 48 38
11883 48 38
11884 48 38
11885 48 38
11886 48 38
11887 48 38
11888 48 38
11889 48 38
11890 48 38
11891 48 38
11892 48 38
11893 48 38
11894 48 38
11895 48 38
11896 48 38
11897 48 38
11898 48 38
11899 48 38
11900 48 38
11901 48 38
11902 48 38
11903 48 38
11904 48 38
11905 48 38
11906 48 38
11907 48 38
11908 48 38
11909 48 38
11910 48 38
11911 48 38
11912 48 38
11913 48 38
11914 48 38
11915 48 38
11916 48 38
11917 48 38
11918 48 38
11919 48 38
11920 48 38
11921 48 38
11922 48 38
11923 48 38
11924 48 38
11925 48 38
11926 48 38
11927 48 38
11928 48 38
11929 48 38
11930 48 38
11931 48 38
11932 48 38
11933 48 38
11934 48 38
11935 48 38
11936 48 38
11937 48 38
11938 48 38
11939 48 38
11940 48 38
11941 48 38
11942 48 38
11943 48 38
11944 48 38
11945 48 38
11946 48 38
11947 48 38
11948 48 38
11949 48 38
11950 48 38
11951 48 38
11952 48 38
11953 48 38
11954 48 38
11955 48 38
11956 48 38
11957 48 38
11958 48 38
11959 48 38
11960 48 38
11961 48 38
11962 48 38
11963 48 38
11964 48 38
11965 48 38
11966 48 38
11967 48 38
11968 48 38
11969 48 38
11970 48 38
11971 48 38
11972 48 38
11973 48 38
11974 48 38
11975 48 38
11976 48 38
11977 48 38
11978 48 38
11979 48 38
11980 48 38
11981 48 38
11982 48 38
11983 48 38
11984 48 38
11985 48 38
11986 48 38
11987 48 38
11988 48 38
11989 48 38
11990 48 38
11991 48 38
11992 48 38
11993 48 38
11994 48 38
11995 48 38
11996 48 38
11997 48 38
11998 48 38
11999 48 38
12000 48 38
12001 48 38
12002 48 38
12003 48 38
12004 48 38
12005 48 38
12006 48 38
12007 48 38
12008 48 38
12009 48 38
12010 48 38
12011 48 38
12012 48 38
12013 48 38
12014 48 38
12015 48 38
12016 48 38
12017 48 38
12018 48 38
12019 48 38
12020 48 38
12021 48 38
12022 48 38
12023 48 38
12024 48 38
12025 48 38
12026 48 38
12027 48 38
12028 48 38
12029 48 38
12030 48 38
12031 48 38
12032 48 38
12033 48 38
12034 48 38
12035 48 38
12036 48 38
12037 48 38
12038 48 38
12039 48 38
12040 48 38
12041 48 38
12042 48 38
12043 48 38
12044 48 38
12045 48 38
12046 48 38
12047 48 38
12048 48 38
12049 48 38
12050 48 38
12051 48 38
12052 48 38
12053 48 38
12054 48 38
12055 48 38
12056 48 38
12057 48 38
12058 48 38
12059 48 38
12060 48 38
12061 48 38
12062 48 38
12063 48 38
12064 48 38
12065 48 38
12066 48 38
12067 48 38
12068 48 38
12069 48 38
12070 48 38
12071 48 38
12072 48 38
12073 48 38
12074 48 38
12075 48 38
12076 48 38
12077 48 38
12078 48 38
12079 48 38
12080 48 38
12081 48 38
12082 48 38
12083 48 38
12084 48 38
12085 48 38
12086 48 38
12087 48 38
12088 48 38
12089 48 38
12090 48 38
12091 48 38
12092 48 38
12093 48 38
12094 48 38
12095 48 38
12096 48 38
12097 48 38
12098 48 38
12099 48 38
12100 48 38
12101 48 38
12102 48 38
12103 48 38
12104 48 38
12105 48 38
12106 48 38
12107 48 38
12108 48 38
12109 48 38
12110 48 38
12111 48 38
12112 48 38
12113 48 38
12114 48 38
12115 48 38
12116 48 38
12117 48 38
12118 48 38
12119 48 38
12120 48 38
12121 48 38
12122 48 38
12123 48 38
12124 48 38
12125 48 38
12126 48 38
12127 48 38
12128 48 38
12129 48 38
12130 48 38
12131 48 38
12132 48 38
12133 48 38
12134 48 38
12135 48 38
12136 48 38
12137 48 38
12138 48 38
12139 48 38
12140 48 38
12141 48 38
12142 48 38
12143 48 38
12144 48 38
12145 48 38
12146 48 38
12147 48 38
12148 48 38
12149 48 38
12150 48 38
12151 48 38
12152 48 38
12153 48 38
12154 48 38
12155 48 38
12156 48 38
12157 48 38
12158 48 38
12159 48 38
12160 48 38
12161 48 38
12162 48 38
12163 48 38
12164 48 38
12165 48 38
12166 48 38
12167 48 38
12168 48 38
12169 48 38
12170 48 38
12171 48 38
12172 48 38
12173 48 38
12174 48 38
12175 48 38
12176 48 38
12177 48 38
12178 48 38
12179 48 38
12180 48 38
12181 48 38
12182 48 38
12183 48 38
12184 48 38
12185 48 38
12186 48 38
12187 48 38
12188 48 38
12189 48 38
12190 48 38
12191 48 38
12192 48 38
12193 48 38
12194 48 38
12195 48 38
12196 48 38
12197 48 38
12198 48 38
12199 48 38
12200 48 38
12201 48 38
12202 48 38
12203 48 38
12204 48 38
12205 48 38
12206 48 38
12207 48 38
12208 48 38
12209 48 38
12210 48 38
12211 48 38
12212 48 38
12213 48 38
12214 48 38
12215 48 38
12216 48 38
12217 48 38
12218 48 38
12219 48 38
12220 48 38
12221 48 38
12222 48 38
12223 48 38
12224 48 38
12225 48 38
12226 48 38
12227 48 38
12228 48 38
12229 48 38
12230 48 38
12231 48 38
12232 48 38
12233 48 38
12234 48 38
12235 48 38
12236 48 38
12237 48 38
12238 48 38
12239 48 38
12240 48 38
12241 48 38
12242 48 38
12243 48 38
12244 48 38
12245 48 38
12246 48 38
12247 48 38
12248 48 38
12249 48 38
12250 48 38
12251 48 38
12252 48 38
12253 48 38
12254 48 38
12255 48 38
12256 48 38
12257 48 38
12258 48 38
12259 48 38
12260 48 38
12261 48 38
12262 48 38
12263 48 38
12264 48 38
12265 48 38
12266 48 38
12267 48 38
12268 48 38
12269 48 38
12270 48 38
12271 48 38
12272 48 38
12273 48 38
12274 48 38
12275 48 38
12276 48 38
12277 48 38
12278 48 38
12279 48 38
12280 47 38
12281 48 38
12282 47 38
12283 48 38
12284 48 38
12285 48 38
12286 48 38
12287 48 38
12288 48 38
12289 48 38
12290 48 38
12291 48 38
12292 48 38
12293 48 38
12294 48 38
12295 48 38
12296 48 38
12297 48 38
12298 48 38
12299 48 38
12300 48 38
12301 48 38
12302 48 38
12303 48 38
12304 48 38
12305 48 38
12306 48 38
12307 48 38
12308 48 38
12309 48 38
12310 48 38
12311 48 38
12312 48 38
12313 48 38
12314 48 38
12315 48 38
12316 48 38
12317 48 38
12318 48 38
12319 48 38
12320 48 38
12321 48 38
12322 48 38
12323 48 38
12324 48 38
12325 48 38
12326 48 38
12327 48 38
12328 48 38
12329 48 38
12330 48 38
12331 48 38
12332 48 38
12333 48 38
12334 48 38
12335 48 38
12336 48 38
12337 48 38
12338 48 38
12339 48 38
12340 48 38
12341 48 38
12342 48 38
12343 48 38
12344 47 38
12345 47 38
12346 48 38
12347 48 38
12348 47 38
12349 47 38
12350 47 38
12351 47 38
12352 47 38
12353 47 38
12354 47 38
12355 47 38
12356 47 38
12357 47 38
12358 48 38
12359 47 38
12360 47 38
12361 47 38
12362 47 38
12363 47 38
12364 47 38
12365 48 38
12366 47 38
12367 47 38
12368 47 38
12369 47 38
12370 47 38
12371 47 38
12372 47 38
12373 47 38
12374 47 38
12375 48 38
12376 48 38
12377 48 38
12378 48 38
12379 48 38
12380 48 38
12381 48 38
12382 48 38
12383 48 38
12384 48 38
12385 48 38
12386 48 38
12387 48 38
12388 47 38
12389 48 38
12390 47 38
12391 47 38
12392 47 38
12393 47 38
12394 47 38
12395 47 38
12396 47 38
12397 47 38
12398 47 38
12399 47 38
12400 47 38
12401 47 38
12402 47 38
12403 47 38
12404 47 38
12405 47 38
12406 47 38
12407 47 38
12408 47 38
12409 47 38
12410 47 38
12411 47 38
12412 47 38
12413 47 38
12414 47 38
12415 47 38
12416 47 38
12417 47 38
12418 47 38
12419 47 38
12420 47 38
12421 47 38
12422 47 38
12423 47 38
12424 47 38
12425 47 38
12426 48 38
12427 47 38
12428 47 38
12429 48 38
12430 48 38
12431 48 38
12432 47 38
12433 48 38
12434 48 38
12435 48 38
12436 47 38
12437 48 38
12438 48 38
12439 48 38
12440 48 38
12441 48 38
12442 48 38
12443 47 38
12444 48 38
12445 48 38
12446 48 38
12447 48 38
12448 48 38
12449 48 38
12450 48 38
12451 48 38
12452 48 38
12453 48 38
12454 48 38
12455 48 38
12456 48 38
12457 48 38
12458 48 38
12459 48 38
12460 48 38
12461 48 38
12462 48 38
12463 48 38
12464 48 38
12465 48 38
12466 48 38
12467 48 38
12468 48 38
12469 48 38
12470 48 38
12471 48 38
12472 48 38
12473 48 38
12474 48 38
12475 48 38
12476 48 38
12477 48 38
12478 48 38
12479 48 38
12480 48 38
12481 48 38
12482 48 38
12483 48 38
12484 48 38
12485 48 38
12486 48 38
12487 48 38
12488 48 38
12489 48 38
12490 48 38
12491 48 38
12492 48 38
12493 48 38
12494 48 38
12495 48 38
12496 48 38
12497 48 38
12498 48 38
12499 48 38
12500 48 38
12501 48 38
12502 48 38
12503 48 38
12504 48 38
12505 48 38
12506 48 38
12507 48 38
12508 48 38
12509 48 38
12510 48 38
12511 48 38
12512 48 38
12513 48 38
12514 48 38
12515 48 38
12516 48 38
12517 48 38
12518 48 38
12519 48 38
12520 48 38
12521 48 38
12522 48 38
12523 48 38
12524 48 38
12525 48 38
12526 48 38
12527 48 38
12528 48 38
12529 48 38
12530 48 38
12531 48 38
12532 48 38
12533 48 38
12534 48 38
12535 48 38
12536 48 38
12537 48 38
12538 48 38
12539 48 38
12540 48 38
12541 48 38
12542 48 38
12543 48 38
12544 48 38
12545 48 38
12546 48 38
12547 48 38
12548 48 38
12549 48 38
12550 48 38
12551 48 38
12552 48 38
12553 48 38
12554 48 38
12555 48 38
12556 48 38
12557 48 38
12558 48 38
12559 48 38
12560 48 38
12561 48 38
12562 48 38
12563 48 38
12564 48 38
12565 48 38
12566 48 38
12567 48 38
12568 48 38
12569 48 38
12570 48 38
12571 48 38
12572 48 38
12573 48 38
12574 48 38
12575 48 38
12576 48 38
12577 48 38
12578 48 38
12579 48 38
12580 48 38
12581 48 38
12582 48 38
12583 48 38
12584 48 38
12585 48 38
12586 48 38
12587 48 38
12588 48 38
12589 48 38
12590 48 38
12591 48 38
12592 48 38
12593 48 38
12594 48 38
12595 48 38
12596 48 38
12597 48 38
12598 48 38
12599 48 38
12600 48 38
12601 48 38
12602 48 38
12603 48 38
12604 48 38
12605 48 38
12606 48 38
12607 48 38
12608 48 38
12609 48 38
12610 48 38
12611 48 38
12612 48 38
12613 48 38
12614 48 38
12615 48 38
12616 48 38
12617 48 38
12618 48 38
12619 48 38
12620 48 38
12621 48 38
12622 48 38
12623 48 38
12624 48 38
12625 48 38
12626 48 38
12627 48 38
12628 48 38
12629 48 38
12630 48 38
12631 48 38
12632 48 38
12633 48 38
12634 48 38
12635 48 38
12636 48 38
12637 48 38
12638 48 38
12639 48 38
12640 48 38
12641 48 38
12642 48 38
12643 48 38
12644 48 38
12645 48 38
12646 48 38
12647 48 38
12648 48 38
12649 48 38
12650 48 38
12651 48 38
12652 48 38
12653 48 38
12654 48 38
12655 48 38
12656 48 38
12657 48 38
12658 48 38
12659 48 38
12660 48 38
12661 48 38
12662 48 38
12663 48 38
12664 48 38
12665 48 38
12666 48 38
12667 48 38
12668 48 38
12669 48 38
12670 48 38
12671 48 38
12672 48 38
12673 48 38
12674 48 38
12675 48 38
12676 48 38
12677 48 38
12678 48 38
12679 48 38
12680 48 38
12681 48 38
12682 48 38
12683 48 38
12684 48 38
12685 48 38
12686 48 38
12687 48 38
12688 48 38
12689 48 38
12690 48 38
12691 48 38
12692 48 38
12693 48 38
12694 48 38
12695 48 38
12696 48 38
12697 48 38
12698 48 38
12699 48 38
12700 48 38
12701 48 38
12702 48 38
12703 48 38
12704 48 38
12705 48 38
12706 48 38
12707 48 38
12708 48 38
12709 48 38
12710 48 38
12711 48 38
12712 48 38
12713 48 38
12714 48 38
12715 48 38
12716 48 38
12717 48 38
12718 48 38
12719 48 38
12720 48 38
12721 48 38
12722 48 38
12723 48 38
12724 48 38
12725 48 38
12726 48 38
12727 48 38
12728 48 38
12729 48 38
12730 48 38
12731 48 38
12732 48 38
12733 48 38
12734 48 38
12735 48 38
12736 48 38
12737 48 38
12738 48 38
12739 48 38
12740 48 38
12741 48 38
12742 48 38
12743 48 38
12744 48 38
12745 48 38
12746 48 38
12747 48 38
12748 48 38
12749 48 38
12750 48 38
12751 48 38
12752 48 38
12753 48 38
12754 48 38
12755 48 38
12756 48 38
12757 48 38
12758 48 38
12759 48 38
12760 48 38
12761 48 38
12762 48 38
12763 48 38
12764 48 38
12765 48 38
12766 48 38
12767 48 38
12768 48 38
12769 48 38
12770 48 38
12771 48 38
12772 48 38
12773 48 38
12774 48 38
12775 48 38
12776 48 38
12777 48 38
12778 48 38
12779 48 38
12780 48 38
12781 48 38
12782 48 38
12783 48 38
12784 48 38
12785 48 38
12786 48 38
12787 48 38
12788 48 38
12789 48 38
12790 48 38
12791 48 38
12792 48 38
12793 48 38
12794 48 38
12795 48 38
12796 48 38
12797 48 38
12798 48 38
12799 48 38
12800 48 38
12801 48 38
12802 48 38
12803 48 38
12804 48 38
12805 48 38
12806 48 38
12807 48 38
12808 48 38
12809 48 38
12810 48 38
12811 48 38
12812 48 38
12813 48 38
12814 48 38
12815 48 38
12816 48 38
12817 48 38
12818 48 38
12819 48 38
12820 48 38
12821 48 38
12822 48 38
12823 48 38
12824 48 38
12825 48 38
12826 48 38
12827 48 38
12828 48 38
12829 48 38
12830 48 38
12831 48 38
12832 48 38
12833 48 38
12834 48 38
12835 48 38
12836 48 38
12837 48 38
12838 48 38
12839 48 38
12840 48 38
12841 48 38
12842 48 38
12843 48 38
12844 48 38
12845 48 38
12846 48 38
12847 48 38
12848 48 38
12849 48 38
12850 48 38
12851 48 38
12852 48 38
12853 48 38
12854 48 38
12855 48 38
12856 48 38
12857 48 38
12858 48 38
12859 48 38
12860 48 38
12861 48 38
12862 48 38
12863 48 38
12864 48 38
12865 48 38
12866 48 38
12867 48 38
12868 48 38
12869 48 38
12870 48 38
12871 48 38
12872 48 38
12873 48 38
12874 48 38
12875 48 38
12876 48 38
12877 48 38
12878 48 38
12879 48 38
12880 48 38
12881 48 38
12882 48 38
12883 48 38
12884 48 38
12885 48 38
12886 48 38
12887 48 38
12888 48 38
12889 48 38
12890 48 38
12891 48 38
12892 48 38
12893 48 38
12894 48 38
12895 48 38
12896 48 38
12897 48 38
12898 48 38
12899 48 38
12900 48 38
12901 48 38
12902 48 38
12903 48 38
12904 48 38
12905 48 38
12906 48 38
12907 48 38
12908 48 38
12909 48 38
12910 48 38
12911 48 38
12912 48 38
12913 48 38
12914 48 38
12915 48 38
12916 48 38
12917 48 38
12918 48 38
12919 48 38
12920 48 38
12921 48 38
12922 48 38
12923 48 38
12924 48 38
12925 48 38
12926 48 38
12927 48 38
12928 48 38
12929 48 38
12930 48 38
12931 48 38
12932 48 38
12933 48 38
12934 48 38
12935 48 38
12936 48 38
12937 48 38
12938 48 38
12939 48 38
12940 48 38
12941 48 38
12942 48 38
12943 48 38
12944 48 38
12945 48 38
12946 48 38
12947 48 38
12948 48 38
12949 48 38
12950 48 38
12951 48 38
12952 48 38
12953 48 38
12954 48 38
12955 48 38
12956 48 38
12957 48 38
12958 48 38
12959 48 38
12960 48 38
12961 48 38
12962 48 38
12963 48 38
12964 48 38
12965 48 38
12966 48 38
12967 48 38
12968 48 38
12969 48 38
12970 48 38
12971 48 38
12972 48 38
12973 48 38
12974 48 38
12975 48 38
12976 48 38
12977 48 38
12978 48 38
12979 48 38
12980 48 38
12981 48 38
12982 48 38
12983 48 38
12984 48 38
12985 48 38
12986 48 38
12987 48 38
12988 48 38
12989 48 38
12990 48 38
12991 48 38
12992 48 38
12993 48 38
12994 48 38
12995 48 38
12996 48 38
12997 48 38
12998 48 38
12999 48 38
13000 48 38
13001 48 38
13002 48 38
13003 48 38
13004 48 38
13005 48 38
13006 48 38
13007 48 38
13008 48 38
13009 48 38
13010 48 38
13011 48 38
13012 48 38
13013 48 38
13014 48 38
13015 48 38
13016 48 38
13017 48 38
13018 48 38
13019 48 38
13020 48 38
13021 48 38
13022 48 38
13023 48 38
13024 48 38
13025 48 38
13026 48 38
13027 48 38
13028 48 38
13029 48 38
13030 48 38
13031 48 38
13032 48 38
13033 48 38
13034 48 38
13035 48 38
13036 48 38
13037 48 38
13038 48 38
13039 48 38
13040 48 38
13041 48 38
13042 48 38
13043 48 38
13044 48 38
13045 48 38
13046 48 38
13047 48 38
13048 48 38
13049 48 38
13050 48 38
13051 48 38
13052 48 38
13053 48 38
13054 48 38
13055 48 38
13056 48 38
13057 48 38
13058 48 38
13059 48 38
13060 48 38
13061 48 38
13062 48 38
13063 48 38
13064 48 38
13065 48 38
13066 48 38
13067 48 38
13068 48 38
13069 48 38
13070 48 38
13071 48 38
13072 48 38
13073 48 38
13074 48 38
13075 48 38
13076 48 38
13077 48 38
13078 48 38
13079 48 38
13080 48 38
13081 48 38
13082 48 38
13083 48 38
13084 48 38
13085 48 38
13086 48 38
13087 48 38
13088 48 38
13089 48 38
13090 48 38
13091 48 38
13092 48 38
13093 48 38
13094 48 38
13095 48 38
13096 48 38
13097 48 38
13098 48 38
13099 48 38
13100 48 38
13101 48 38
13102 48 38
13103 48 38
13104 48 38
13105 48 38
13106 48 38
13107 48 38
13108 48 38
13109 48 38
13110 48 38
13111 48 38
13112 48 38
13113 48 38
13114 48 38
13115 48 38
13116 48 38
13117 48 38
13118 48 38
13119 48 38
13120 48 38
13121 48 38
13122 48 38
13123 48 38
13124 48 38
13125 48 38
13126 48 38
13127 48 38
13128 48 38
13129 48 38
13130 48 38
13131 48 38
13132 48 38
13133 48 38
13134 48 38
13135 48 38
13136 48 38
13137 48 38
13138 48 38
13139 48 38
13140 48 38
13141 48 38
13142 48 38
13143 48 38
13144 48 38
13145 48 38
13146 48 38
13147 48 38
13148 48 38
13149 48 38
13150 48 38
13151 48 38
13152 48 38
13153 48 38
13154 48 38
13155 48 38
13156 48 38
13157 48 38
13158 48 38
13159 48 38
13160 48 38
13161 48 38
13162 48 38
13163 48 38
13164 48 38
13165 48 38
13166 48 38
13167 48 38
13168 48 38
13169 48 38
13170 48 38
13171 48 38
13172 48 38
13173 48 38
13174 48 38
13175 48 38
13176 48 38
13177 48 38
13178 48 38
13179 48 38
13180 48 38
13181 48 38
13182 48 38
13183 48 38
13184 48 38
13185 48 38
13186 48 38
13187 48 38
13188 48 38
13189 48 38
13190 48 38
13191 48 38
13192 48 38
13193 48 38
13194 48 38
13195 48 38
13196 48 38
13197 48 38
13198 48 38
13199 48 38
13200 48 38
13201 48 38
13202 48 38
13203 48 38
13204 48 38
13205 48 38
13206 48 38
13207 48 38
13208 48 38
13209 48 38
13210 48 38
13211 48 38
13212 48 38
13213 48 38
13214 48 38
13215 48 38
13216 48 38
13217 48 38
13218 48 38
13219 48 38
13220 48 38
13221 48 38
13222 48 38
13223 48 38
13224 48 38
13225 48 38
13226 48 38
13227 48 38
13228 48 38
13229 48 38
13230 48 38
13231 48 38
13232 48 38
13233 48 38
13234 48 38
13235 48 38
13236 48 38
13237 48 38
13238 48 38
13239 48 38
13240 48 38
13241 48 38
13242 48 38
13243 48 38
13244 48 38
13245 48 38
13246 48 38
13247 48 38
13248 48 38
13249 48 38
13250 48 38
13251 48 38
13252 48 38
13253 48 38
13254 48 38
13255 48 38
13256 48 38
13257 48 38
13258 48 38
13259 48 38
13260 48 38
13261 48 38
13262 48 38
13263 48 38
13264 48 38
13265 48 38
13266 48 38
13267 48 38
13268 48 38
13269 48 38
13270 48 38
13271 48 38
13272 48 38
13273 48 38
13274 48 38
13275 48 38
13276 48 38
13277 48 38
13278 48 38
13279 48 38
13280 48 38
13281 48 38
13282 48 38
13283 48 38
13284 48 38
13285 48 38
13286 48 38
13287 48 38
13288 48 38
13289 48 38
13290 48 38
13291 48 38
13292 48 38
13293 48 38
13294 48 38
13295 48 38
13296 48 38
13297 48 38
13298 48 38
13299 48 38
13300 48 38
13301 48 38
13302 48 38
13303 48 38
13304 48 38
13305 48 38
13306 48 38
13307 48 38
13308 48 38
13309 48 38
13310 48 38
13311 48 38
13312 48 38
13313 48 38
13314 48 38
13315 48 38
13316 48 38
13317 48 38
13318 48 38
13319 48 38
13320 48 38
13321 48 38
13322 48 38
13323 48 38
13324 48 38
13325 48 38
13326 48 38
13327 48 38
13328 48 38
13329 48 38
13330 48 38
13331 48 38
13332 48 38
13333 48 38
13334 48 38
13335 48 38
13336 48 38
13337 48 38
13338 48 38
13339 48 38
13340 48 38
13341 48 38
13342 48 38
13343 48 38
13344 48 38
13345 48 38
13346 48 38
13347 48 38
13348 48 38
13349 48 38
13350 48 38
13351 48 38
13352 48 38
13353 48 38
13354 48 38
13355 48 38
13356 48 38
13357 48 38
13358 48 38
13359 48 38
13360 48 38
13361 48 38
13362 48 38
13363 48 38
13364 48 38
13365 48 38
13366 48 38
13367 48 38
13368 48 38
13369 48 38
13370 48 38
13371 48 38
13372 48 38
13373 48 38
13374 48 38
13375 48 38
13376 48 38
13377 48 38
13378 48 38
13379 48 38
13380 48 38
13381 48 38
13382 48 38
13383 48 38
13384 48 38
13385 48 38
13386 48 38
13387 48 38
13388 48 38
13389 48 38
13390 48 38
13391 48 38
13392 48 38
13393 48 38
13394 48 38
13395 48 38
13396 48 38
13397 48 38
13398 48 38
13399 48 38
13400 48 38
13401 48 38
13402 48 38
13403 48 38
13404 48 38
13405 48 38
13406 48 38
13407 48 38
13408 48 38
13409 48 38
13410 48 38
13411 48 38
13412 48 38
13413 48 38
13414 48 38
13415 48 38
13416 48 38
13417 48 38
13418 48 38
13419 48 38
13420 48 38
13421 48 38
13422 48 38
13423 48 38
13424 48 38
13425 48 38
13426 48 38
13427 48 38
13428 48 38
13429 48 38
13430 48 38
13431 48 38
13432 48 38
13433 48 38
13434 48 38
13435 48 38
13436 48 38
13437 48 38
13438 48 38
13439 48 38
13440 48 38
13441 48 38
13442 48 38
13443 48 38
13444 48 38
13445 48 38
13446 48 38
13447 48 38
13448 48 38
13449 48 38
13450 48 38
13451 48 38
13452 48 38
13453 48 38
13454 48 38
13455 48 38
13456 48 38
13457 48 38
13458 48 38
13459 48 38
13460 48 38
13461 48 38
13462 48 38
13463 48 38
13464 48 38
13465 48 38
13466 48 38
13467 48 38
13468 48 38
13469 48 38
13470 48 38
13471 48 38
13472 48 38
13473 48 38
13474 48 38
13475 48 38
13476 48 38
13477 48 38
13478 48 38
13479 48 38
13480 48 38
13481 48 38
13482 48 38
13483 48 38
13484 48 38
13485 48 38
13486 48 38
13487 48 38
13488 48 38
13489 48 38
13490 48 38
13491 48 38
13492 48 38
13493 48 38
13494 49 39
13495 48 38
13496 49 39
13497 49 39
13498 48 38
13499 48 38
13500 48 38
13501 48 38
13502 48 38
13503 48 38
13504 48 38
13505 48 38
13506 48 38
13507 48 38
13508 48 38
13509 48 38
13510 48 38
13511 48 38
13512 48 38
13513 48 38
13514 48 38
13515 48 38
13516 48 38
13517 48 38
13518 48 38
13519 48 38
13520 48 38
13521 48 38
13522 48 38
13523 48 38
13524 48 38
13525 48 38
13526 48 38
13527 48 38
13528 48 38
13529 48 38
13530 48 38
13531 48 38
13532 48 38
13533 48 38
13534 48 38
13535 48 38
13536 48 38
13537 48 38
13538 48 38
13539 48 38
13540 48 38
13541 48 38
13542 48 38
13543 48 38
13544 48 38
13545 48 38
13546 48 38
13547 48 38
13548 48 38
13549 48 38
13550 48 38
13551 48 38
13552 48 38
13553 48 38
13554 48 38
13555 48 38
13556 48 38
13557 48 38
13558 48 38
13559 48 38
13560 48 38
13561 48 38
13562 48 38
13563 48 38
13564 48 38
13565 48 38
13566 48 38
13567 48 38
13568 48 38
13569 48 38
13570 48 38
13571 48 38
13572 48 38
13573 48 38
13574 48 38
13575 48 38
13576 48 38
13577 48 38
13578 48 38
13579 48 38
13580 48 38
13581 48 38
13582 48 38
13583 48 38
13584 48 38
13585 48 38
13586 48 38
13587 48 38
13588 48 38
13589 48 38
13590 48 38
13591 48 38
13592 48 38
13593 48 38
13594 48 38
13595 48 38
13596 48 38
13597 48 38
13598 48 38
13599 48 38
13600 48 38
13601 48 38
13602 48 38
13603 48 38
13604 48 38
13605 48 38
13606 48 38
13607 48 38
13608 48 38
13609 48 38
13610 48 38
13611 48 38
13612 48 38
13613 48 38
13614 48 38
13615 48 38
13616 48 38
13617 48 38
13618 48 38
13619 48 38
13620 48 38
13621 48 38
13622 48 38
13623 48 38
13624 48 38
13625 48 38
13626 48 38
13627 48 38
13628 48 38
13629 48 38
13630 48 38
13631 48 38
13632 48 38
13633 48 38
13634 48 38
13635 48 38
13636 48 38
13637 48 38
13638 48 38
13639 48 38
13640 48 38
13641 48 38
13642 48 38
13643 48 38
13644 48 38
13645 48 38
13646 48 38
13647 48 38
13648 48 38
13649 48 38
13650 48 38
13651 48 38
13652 48 38
13653 48 38
13654 48 38
13655 48 38
13656 48 38
13657 48 38
13658 48 38
13659 48 38
13660 48 38
13661 48 38
13662 48 38
13663 48 38
13664 48 38
13665 48 38
13666 48 38
13667 48 38
13668 48 38
13669 48 38
13670 48 38
13671 48 38
13672 48 38
13673 48 38
13674 48 38
13675 48 38
13676 48 38
13677 48 38
13678 48 38
13679 48 38
13680 48 38
13681 48 38
13682 48 38
13683 48 38
13684 48 38
13685 48 38
13686 48 38
13687 48 38
13688 48 38
13689 48 38
13690 48 38
13691 48 38
13692 48 38
13693 48 38
13694 48 38
13695 48 38
13696 48 38
13697 48 38
13698 48 38
13699 48 38
13700 48 38
13701 48 38
13702 48 38
13703 48 38
13704 48 38
13705 48 38
13706 48 38
13707 48 38
13708 48 38
13709 48 38
13710 48 38
13711 48 38
13712 48 38
13713 48 38
13714 48 38
13715 48 38
13716 48 38
13717 48 38
13718 48 38
13719 48 38
13720 48 38
13721 48 38
13722 48 38
13723 48 38
13724 48 38
13725 48 38
13726 48 38
13727 48 38
13728 48 38
13729 48 38
13730 48 38
13731 48 38
13732 48 38
13733 48 38
13734 48 38
13735 48 38
13736 48 38
13737 48 38
13738 48 38
13739 48 38
13740 48 38
13741 48 38
13742 48 38
13743 48 38
13744 48 38
13745 48 38
13746 48 38
13747 48 38
13748 48 38
13749 48 38
13750 48 38
13751 48 38
13752 48 38
13753 48 38
13754 48 38
13755 48 38
13756 48 38
13757 48 38
13758 48 38
13759 48 38
13760 48 38
13761 48 38
13762 48 38
13763 48 38
13764 48 38
13765 48 38
13766 48 38
13767 48 38
13768 48 38
13769 48 38
13770 47 38
13771 48 38
13772 48 38
13773 48 38
13774 48 38
13775 48 38
13776 48 38
13777 48 38
13778 48 38
13779 48 38
13780 48 38
13781 48 38
13782 48 38
13783 48 38
13784 48 38
13785 48 38
13786 48 38
13787 48 38
13788 48 38
13789 48 38
13790 48 38
13791 48 38
13792 48 38
13793 48 38
13794 48 38
13795 48 38
13796 48 38
13797 48 38
13798 48 38
13799 48 38
13800 48 38
13801 48 38
13802 48 38
13803 48 38
13804 48 38
13805 48 38
13806 48 38
13807 48 38
13808 48 38
13809 48 38
13810 48 38
13811 48 38
13812 48 38
13813 48 38
13814 48 38
13815 48 38
13816 48 38
13817 48 38
13818 48 38
13819 48 38
13820 48 38
13821 48 38
13822 48 38
13823 48 38
13824 48 38
13825 48 38
13826 48 38
13827 48 38
13828 48 38
13829 48 38
13830 48 38
13831 48 38
13832 48 38
13833 48 38
13834 48 38
13835 48 38
13836 48 38
13837 48 38
13838 48 38
13839 48 38
13840 48 38
13841 48 38
13842 48 38
13843 48 38
13844 48 38
13845 48 38
13846 48 38
13847 48 38
13848 48 38
13849 48 38
13850 48 38
13851 48 38
13852 48 38
13853 48 38
13854 48 38
13855 48 38
13856 48 38
13857 48 38
13858 48 38
13859 48 38
13860 48 38
13861 48 38
13862 48 38
13863 48 38
13864 48 38
13865 48 38
13866 47 38
13867 48 38
13868 47 38
13869 48 38
13870 48 38
13871 48 38
13872 48 38
13873 48 38
13874 48 38
13875 48 38
13876 48 38
13877 48 38
13878 48 38
13879 48 38
13880 48 38
13881 48 38
13882 48 38
13883 48 38
13884 48 38
13885 48 38
13886 48 38
13887 48 38
13888 48 38
13889 48 38
13890 48 38
13891 48 38
13892 48 38
13893 48 38
13894 48 38
13895 48 38
13896 48 38
13897 48 38
13898 48 38
13899 48 38
13900 48 38
13901 48 38
13902 48 38
13903 48 38
13904 48 38
13905 48 38
13906 48 38
13907 48 38
13908 48 38
13909 48 38
13910 48 38
13911 48 38
13912 48 38
13913 48 38
13914 48 38
13915 48 38
13916 48 38
13917 48 38
13918 48 38
13919 48 38
13920 48 38
13921 48 38
13922 48 38
13923 48 38
13924 48 38
13925 48 38
13926 48 38
13927 48 38
13928 48 38
13929 48 38
13930 48 38
13931 48 38
13932 48 38
13933 48 38
13934 48 38
13935 48 38
13936 48 38
13937 48 38
13938 48 38
13939 48 38
13940 48 38
13941 48 38
13942 48 38
13943 48 38
13944 48 38
13945 48 38
13946 48 38
13947 48 38
13948 48 38
13949 48 38
13950 48 38
13951 48 38
13952 47 38
13953 48 38
13954 48 38
13955 48 38
13956 48 38
13957 48 38
13958 48 38
13959 48 38
13960 48 38
13961 48 38
13962 48 38
13963 48 38
13964 48 38
13965 48 38
13966 48 38
13967 48 38
13968 48 38
13969 48 38
13970 48 38
13971 48 38
13972 48 38
13973 48 38
13974 48 38
13975 48 38
13976 48 38
13977 48 38
13978 48 38
13979 48 38
13980 48 38
13981 48 38
13982 48 38
13983 48 38
13984 48 38
13985 48 38
13986 48 38
13987 48 38
13988 48 38
13989 48 38
13990 48 38
13991 48 38
13992 48 38
13993 48 38
13994 48 38
13995 48 38
13996 48 38
13997 48 38
13998 48 38
13999 48 38
14000 48 38
14001 48 38
14002 48 38
14003 48 38
14004 48 38
14005 48 38
14006 48 38
14007 48 38
14008 48 38
14009 48 38
14010 47 38
14011 48 38
14012 48 38
14013 47 38
14014 48 38
14015 48 38
14016 48 38
14017 48 38
14018 48 38
14019 48 38
14020 48 38
14021 48 38
14022 48 38
14023 48 38
14024 48 38
14025 47 38
14026 48 38
14027 48 38
14028 48 38
14029 48 38
14030 48 38
14031 48 38
14032 48 38
14033 48 38
14034 48 38
14035 48 38
14036 48 38
14037 47 38
14038 47 38
14039 47 38
14040 48 38
14041 48 38
14042 48 38
14043 48 38
14044 48 38
14045 47 38
14046 48 38
14047 48 38
14048 48 38
14049 48 38
14050 48 38
14051 48 38
14052 48 38
14053 48 38
14054 48 38
14055 48 38
14056 48 38
14057 48 38
14058 48 38
14059 48 38
14060 48 38
14061 48 38
14062 48 38
14063 48 38
14064 48 38
14065 48 38
14066 48 38
14067 48 38
14068 48 38
14069 48 38
14070 48 38
14071 48 38
14072 48 38
14073 48 38
14074 48 38
14075 48 38
14076 48 38
14077 48 38
14078 48 38
14079 48 38
14080 48 38
14081 48 38
14082 48 38
14083 48 38
14084 48 38
14085 48 38
14086 48 38
14087 48 38
14088 48 38
14089 48 38
14090 48 38
14091 48 38
14092 48 38
14093 48 38
14094 48 38
14095 48 38
14096 48 38
14097 48 38
14098 48 38
14099 48 38
14100 48 38
14101 48 38
14102 48 38
14103 48 38
14104 48 38
14105 48 38
14106 48 38
14107 48 38
14108 48 38
14109 48 38
14110 48 38
14111 48 38
14112 48 38
14113 48 38
14114 48 38
14115 48 38
14116 48 38
14117 48 38
14118 48 38
14119 48 38
14120 48 38
14121 48 38
14122 48 38
14123 48 38
14124 48 38
14125 48 38
14126 48 38
14127 48 38
14128 48 38
14129 48 38
14130 48 38
14131 48 38
14132 48 38
14133 48 38
14134 48 38
14135 48 38
14136 48 38
14137 48 38
14138 48 38
14139 48 38
14140 48 38
14141 48 38
14142 48 38
14143 48 38
14144 48 38
14145 48 38
14146 48 38
14147 48 38
14148 48 38
14149 48 38
14150 48 38
14151 48 38
14152 48 38
14153 48 38
14154 48 38
14155 48 38
14156 48 38
14157 48 38
14158 48 38
14159 48 38
14160 48 38
14161 48 38
14162 48 38
14163 48 38
14164 48 38
14165 48 38
14166 48 38
14167 48 38
14168 48 38
14169 48 38
14170 48 38
14171 48 38
14172 48 38
14173 48 38
14174 48 38
14175 48 38
14176 48 38
14177 48 38
14178 48 38
14179 48 38
14180 48 38
14181 48 38
14182 48 38
14183 48 38
14184 48 38
14185 48 38
14186 48 38
14187 48 38
14188 48 38
14189 48 38
14190 48 38
14191 48 38
14192 48 38
14193 48 38
14194 48 38
14195 48 38
14196 48 38
14197 48 38
14198 48 38
14199 48 38
14200 48 38
14201 48 38
14202 48 38
14203 48 38
14204 48 38
14205 48 38
14206 48 38
14207 48 38
14208 48 38
14209 48 38
14210 48 38
14211 48 38
14212 48 38
14213 48 38
14214 48 38
14215 48 38
14216 48 38
14217 48 38
14218 48 38
14219 48 38
14220 48 38
14221 48 38
14222 48 38
14223 48 38
14224 48 38
14225 48 38
14226 48 38
14227 48 38
14228 48 38
14229 48 38
14230 48 38
14231 48 38
14232 48 38
14233 48 38
14234 48 38
14235 48 38
14236 48 38
14237 48 38
14238 48 38
14239 48 38
14240 48 38
14241 48 38
14242 48 38
14243 48 38
14244 48 38
14245 48 38
14246 48 38
14247 48 38
14248 48 38
14249 48 38
14250 48 38
14251 48 38
14252 48 38
14253 48 38
14254 48 38
14255 48 38
14256 48 38
14257 48 38
14258 48 38
14259 48 38
14260 48 38
14261 48 38
14262 48 38
14263 48 38
14264 48 38
14265 48 38
14266 48 38
14267 48 38
14268 48 38
14269 48 38
14270 48 38
14271 48 38
14272 48 38
14273 48 38
14274 48 38
14275 48 38
14276 48 38
14277 48 38
14278 48 38
14279 48 38
14280 48 38
14281 48 38
14282 48 38
14283 48 38
14284 48 38
14285 48 38
14286 48 38
14287 48 38
14288 48 38
14289 48 38
14290 48 38
14291 48 38
14292 48 38
14293 48 38
14294 48 38
14295 48 38
14296 48 38
14297 48 38
14298 48 38
14299 48 38
14300 48 38
14301 48 38
14302 48 38
14303 48 38
14304 48 38
14305 48 38
14306 48 38
14307 48 38
14308 48 38
14309 48 38
14310 48 38
14311 48 38
14312 48 38
14313 48 38
14314 48 38
14315 48 38
14316 48 38
14317 48 38
14318 48 38
14319 48 38
14320 48 38
14321 48 38
14322 48 38
14323 48 38
14324 48 38
14325 48 38
14326 48 38
14327 48 38
14328 48 38
14329 48 38
14330 48 38
14331 48 38
14332 48 38
14333 48 38
14334 48 38
14335 48 38
14336 48 38
14337 48 38
14338 48 38
14339 48 38
14340 48 38
14341 48 38
14342 48 38
14343 48 38
14344 48 38
14345 48 38
14346 48 38
14347 48 38
14348 48 38
14349 48 38
14350 48 38
14351 48 38
14352 48 38
14353 48 38
14354 48 38
14355 48 38
14356 48 38
14357 48 38
14358 48 38
14359 48 38
14360 48 38
14361 48 38
14362 48 38
14363 48 38
14364 48 38
14365 48 38
14366 48 38
14367 48 38
14368 48 38
14369 48 38
14370 48 38
14371 48 38
14372 48 38
14373 48 38
14374 48 38
14375 48 38
14376 48 38
14377 48 38
14378 48 38
14379 48 38
14380 48 38
14381 48 38
14382 48 38
14383 48 38
14384 48 38
14385 48 38
14386 48 38
14387 48 38
14388 48 38
14389 48 38
14390 48 38
14391 48 38
14392 48 38
14393 48 38
14394 48 38
14395 48 38
14396 48 38
14397 48 38
14398 48 38
14399 48 38
14400 48 38
14401 48 38
14402 48 38
14403 48 38
14404 48 38
14405 48 38
14406 48 38
14407 48 38
14408 48 38
14409 48 38
14410 48 38
14411 48 38
14412 48 38
14413 48 38
14414 48 38
14415 48 38
14416 48 38
14417 48 38
14418 48 38
14419 48 38
14420 48 38
14421 48 38
14422 48 38
14423 48 38
14424 48 38
14425 48 38
14426 48 38
14427 48 38
14428 48 38
14429 48 38
14430 48 38
14431 48 38
14432 48 38
14433 48 38
14434 48 38
14435 48 38
14436 48 38
14437 48 38
14438 48 38
14439 48 38
14440 48 38
14441 48 38
14442 48 38
14443 48 38
14444 48 38
14445 48 38
14446 48 38
14447 48 38
14448 48 38
14449 48 38
14450 48 38
14451 48 38
14452 48 38
14453 48 38
14454 48 38
14455 48 38
14456 48 38
14457 48 38
14458 48 38
14459 48 38
14460 48 38
14461 48 38
14462 48 38
14463 48 38
14464 48 38
14465 48 38
14466 48 38
14467 48 38
14468 48 38
14469 48 38
14470 48 38
14471 48 38
14472 48 38
14473 48 38
14474 48 38
14475 48 38
14476 48 38
14477 48 38
14478 48 38
14479 48 38
14480 48 38
14481 48 38
14482 48 38
14483 48 38
14484 48 38
14485 48 38
14486 48 38
14487 48 38
14488 48 38
14489 48 38
14490 48 38
14491 48 38
14492 48 38
14493 48 38
14494 48 38
14495 48 38
14496 49 39
14497 48 38
14498 48 38
14499 48 38
14500 48 38
14501 48 38
14502 48 38
14503 48 38
14504 48 38
14505 48 38
14506 48 38
14507 48 38
14508 48 38
14509 48 38
14510 48 38
14511 48 38
14512 48 38
14513 48 38
14514 48 38
14515 48 38
14516 48 38
14517 48 38
14518 48 38
14519 48 38
14520 48 38
14521 48 38
14522 48 38
14523 48 38
14524 48 38
14525 48 38
14526 48 38
14527 48 38
14528 48 38
14529 48 38
14530 48 38
14531 48 38
14532 48 38
14533 48 38
14534 48 38
14535 48 38
14536 48 38
14537 48 38
14538 48 38
14539 48 38
14540 48 38
14541 48 38
14542 48 38
14543 48 38
14544 48 38
14545 48 38
14546 48 38
14547 48 38
14548 48 38
14549 48 38
14550 48 38
14551 48 38
14552 48 38
14553 48 38
14554 48 38
14555 48 38
14556 48 38
14557 48 38
14558 48 38
14559 48 38
14560 48 38
14561 48 38
14562 48 38
14563 48 38
14564 48 38
14565 48 38
14566 48 38
14567 48 38
14568 48 38
14569 48 38
14570 48 38
14571 49 39
14572 48 38
14573 49 39
14574 49 39
14575 48 38
14576 48 38
14577 48 38
14578 48 38
14579 48 38
14580 48 38
14581 48 38
14582 48 38
14583 48 38
14584 48 38
14585 49 39
14586 48 38
14587 48 38
14588 48 38
14589 48 38
14590 48 38
14591 48 38
14592 48 38
14593 48 38
14594 48 38
14595 48 38
14596 48 38
14597 48 38
14598 48 38
14599 48 38
14600 48 38
14601 48 38
14602 48 38
14603 48 38
14604 48 38
14605 48 38
14606 48 38
14607 48 38
14608 48 38
14609 48 38
14610 48 38
14611 48 38
14612 48 38
14613 48 38
14614 48 38
14615 48 38
14616 48 38
14617 48 38
14618 48 38
14619 48 38
14620 48 38
14621 48 38
14622 48 38
14623 48 38
14624 48 38
14625 48 38
14626 48 38
14627 48 38
14628 48 38
14629 48 38
14630 48 38
14631 48 38
14632 48 38
14633 48 38
14634 48 38
14635 48 38
14636 48 38
14637 48 38
14638 48 38
14639 48 38
14640 48 38
14641 48 38
14642 48 38
14643 48 38
14644 48 38
14645 48 38
14646 48 38
14647 48 38
14648 48 38
14649 48 38
14650 48 38
14651 48 38
14652 48 38
14653 48 38
14654 48 38
14655 48 38
14656 48 38
14657 48 38
14658 48 38
14659 48 38
14660 48 38
14661 48 38
14662 48 38
14663 48 38
14664 48 38
14665 48 38
14666 48 38
14667 48 38
14668 48 38
14669 48 38
14670 48 38
14671 48 38
14672 48 38
14673 48 38
14674 48 38
14675 48 38
14676 48 38
14677 48 38
14678 48 38
14679 48 38
14680 48 38
14681 48 38
14682 48 38
14683 48 38
14684 48 38
14685 48 38
14686 48 38
14687 48 38
14688 48 38
14689 48 38
14690 48 38
14691 48 38
14692 48 38
14693 48 38
14694 48 38
14695 48 38
14696 48 38
14697 48 38
14698 48 38
14699 48 38
14700 48 38
14701 48 38
14702 48 38
14703 48 38
14704 48 38
14705 48 38
14706 48 38
14707 48 38
14708 48 38
14709 48 38
14710 48 38
14711 48 38
14712 48 38
14713 48 38
14714 48 38
14715 48 38
14716 48 38
14717 48 38
14718 48 38
14719 48 38
14720 48 38
14721 48 38
14722 48 38
14723 48 38
14724 48 38
14725 48 38
14726 48 38
14727 48 38
14728 48 38
14729 48 38
14730 48 38
14731 48 38
14732 48 38
14733 48 38
14734 48 38
14735 48 38
14736 48 38
14737 48 38
14738 48 38
14739 48 38
14740 48 38
14741 48 38
14742 48 38
14743 48 38
14744 48 38
14745 48 38
14746 48 38
14747 48 38
14748 48 38
14749 48 38
14750 48 38
14751 48 38
14752 48 38
14753 48 38
14754 48 38
14755 48 38
14756 48 38
14757 48 38
14758 48 38
14759 48 38
14760 48 38
14761 48 38
14762 48 38
14763 48 38
14764 48 38
14765 48 38
14766 48 38
14767 48 38
14768 48 38
14769 48 38
14770 48 38
14771 48 38
14772 48 38
14773 48 38
14774 48 38
14775 48 38
14776 48 38
14777 48 38
14778 48 38
14779 48 38
14780 48 38
14781 48 38
14782 48 38
14783 48 38
14784 48 38
14785 48 38
14786 48 38
14787 48 38
14788 48 38
14789 48 38
14790 48 38
14791 48 38
14792 48 38
14793 48 38
14794 48 38
14795 48 38
14796 48 38
14797 48 38
14798 48 38
14799 48 38
14800 48 38
14801 48 38
14802 48 38
14803 48 38
14804 48 38
14805 48 38
14806 48 38
14807 48 38
14808 48 38
14809 48 38
14810 48 38
14811 48 38
14812 48 38
14813 48 38
14814 48 38
14815 48 38
14816 48 38
14817 48 38
14818 48 38
14819 48 38
14820 48 38
14821 48 38
14822 48 38
14823 48 38
14824 48 38
14825 48 38
14826 48 38
14827 48 38
14828 48 38
14829 48 38
14830 48 38
14831 48 38
14832 48 38
14833 48 38
14834 48 38
14835 48 38
14836 48 38
14837 48 38
14838 48 38
14839 48 38
14840 48 38
14841 48 38
14842 48 38
14843 48 38
14844 48 38
14845 48 38
14846 48 38
14847 48 38
14848 48 38
14849 48 38
14850 48 38
14851 48 38
14852 48 38
14853 48 38
14854 48 38
14855 48 38
14856 48 38
14857 48 38
14858 48 38
14859 48 38
14860 48 38
14861 48 38
14862 48 38
14863 48 38
14864 48 38
14865 48 38
14866 48 38
14867 48 38
14868 48 38
14869 48 38
14870 48 38
14871 48 38
14872 48 38
14873 48 38
14874 48 38
14875 48 38
14876 48 38
14877 48 38
14878 48 38
14879 48 38
14880 48 38
14881 48 38
14882 48 38
14883 48 38
14884 48 38
14885 48 38
14886 48 38
14887 48 38
14888 48 38
14889 48 38
14890 48 38
14891 48 38
14892 48 38
14893 48 38
14894 48 38
14895 48 38
14896 48 38
14897 48 38
14898 48 38
14899 48 38
14900 48 38
14901 48 38
14902 48 38
14903 48 38
14904 48 38
14905 48 38
14906 48 38
14907 48 38
14908 48 38
14909 48 38
14910 48 38
14911 48 38
14912 48 38
14913 48 38
14914 48 38
14915 48 38
14916 48 38
14917 48 38
14918 48 38
14919 48 38
14920 48 38
14921 48 38
14922 48 38
14923 48 38
14924 48 38
14925 48 38
14926 48 38
14927 48 38
14928 48 38
14929 48 38
14930 48 38
14931 48 38
14932 48 38
14933 48 38
14934 48 38
14935 48 38
14936 48 38
14937 48 38
14938 48 38
14939 48 38
14940 48 38
14941 48 38
14942 48 38
14943 48 38
14944 48 38
14945 48 38
14946 48 38
14947 48 38
14948 48 38
14949 48 38
14950 48 38
14951 48 38
14952 48 38
14953 48 38
14954 48 38
14955 48 38
14956 48 38
14957 48 38
14958 48 38
14959 48 38
14960 48 38
14961 48 38
14962 48 38
14963 48 38
14964 48 38
14965 48 38
14966 48 38
14967 48 38
14968 48 38
14969 48 38
14970 48 38
14971 48 38
14972 48 38
14973 48 38
14974 48 38
14975 48 38
14976 48 38
14977 48 38
14978 48 38
14979 48 38
14980 48 38
14981 48 38
14982 48 38
14983 48 38
14984 48 38
14985 48 38
14986 48 38
14987 48 38
14988 48 38
14989 48 38
14990 48 38
14991 48 38
14992 48 38
14993 48 38
14994 48 38
14995 48 38
14996 48 38
14997 48 38
14998 48 38
14999 48 38
15000 48 38
15001 48 38
15002 48 38
15003 48 38
15004 48 38
15005 48 38
15006 48 38
15007 48 38
15008 48 38
15009 48 38
15010 48 38
15011 48 38
15012 48 38
15013 48 38
15014 48 38
15015 48 38
15016 48 38
15017 48 38
15018 48 38
15019 48 38
15020 48 38
15021 48 38
15022 48 38
15023 48 38
15024 48 38
15025 48 38
15026 48 38
15027 48 38
15028 48 38
15029 48 38
15030 48 38
15031 48 38
15032 48 38
15033 48 38
15034 48 38
15035 48 38
15036 48 38
15037 48 38
15038 48 38
15039 48 38
15040 48 38
15041 48 38
15042 48 38
15043 48 38
15044 48 38
15045 48 38
15046 48 38
15047 48 38
15048 48 38
15049 48 38
15050 48 38
15051 48 38
15052 48 38
15053 48 38
15054 48 38
15055 48 38
15056 48 38
15057 48 38
15058 48 38
15059 48 38
15060 48 38
15061 48 38
15062 48 38
15063 48 38
15064 48 38
15065 48 38
15066 48 38
15067 48 38
15068 48 38
15069 48 38
15070 48 38
15071 48 38
15072 48 38
15073 48 38
15074 48 38
15075 48 38
15076 48 38
15077 48 38
15078 48 38
15079 48 38
15080 48 38
15081 48 38
15082 48 38
15083 48 38
15084 48 38
15085 48 38
15086 48 38
15087 48 38
15088 48 38
15089 48 38
15090 48 38
15091 48 38
15092 48 38
15093 48 38
15094 48 38
15095 48 38
15096 48 38
15097 48 38
15098 48 38
15099 48 38
15100 48 38
15101 48 38
15102 48 38
15103 48 38
15104 48 38
15105 48 38
15106 48 38
15107 48 38
15108 48 38
15109 48 38
15110 48 38
15111 48 38
15112 48 38
15113 49 39
15114 49 39
15115 49 39
15116 49 39
15117 49 39
15118 49 39
15119 49 39
15120 49 39
15121 48 38
15122 48 38
15123 49 39
15124 48 38
15125 48 38
15126 48 38
15127 48 38
15128 48 38
15129 48 38
15130 48 38
15131 48 38
15132 48 38
15133 48 38
15134 48 38
15135 48 38
15136 48 38
15137 48 38
15138 48 38
15139 48 38
15140 48 38
15141 48 38
15142 48 38
15143 48 38
15144 48 38
15145 48 38
15146 48 38
15147 48 38
15148 48 38
15149 48 38
15150 48 38
15151 48 38
15152 48 38
15153 48 38
15154 48 38
15155 48 38
15156 48 38
15157 48 38
15158 48 38
15159 48 38
15160 48 38
15161 48 38
15162 48 38
15163 48 38
15164 48 38
15165 48 38
15166 48 38
15167 48 38
15168 48 38
15169 48 38
15170 48 38
15171 48 38
15172 48 38
15173 48 38
15174 48 38
15175 48 38
15176 48 38
15177 48 38
15178 48 38
15179 48 38
15180 48 38
15181 48 38
15182 48 38
15183 48 38
15184 48 38
15185 48 38
15186 48 38
15187 48 38
15188 48 38
15189 48 38
15190 48 38
15191 48 38
15192 48 38
15193 48 38
15194 48 38
15195 48 38
15196 48 38
15197 48 38
15198 48 38
15199 48 38
15200 48 38
15201 48 38
15202 48 38
15203 48 38
15204 48 38
15205 48 38
15206 48 38
15207 48 38
15208 48 38
15209 49 39
15210 49 39
15211 48 38
15212 48 38
15213 48 38
15214 48 38
15215 48 38
15216 48 38
15217 48 38
15218 48 38
15219 48 38
15220 48 38
15221 48 38
15222 49 39
15223 49 39
15224 48 38
15225 49 39
15226 48 38
15227 48 38
15228 49 39
15229 48 38
15230 49 39
15231 48 38
15232 49 39
15233 48 38
15234 48 38
15235 48 38
15236 49 39
15237 49 39
15238 49 39
15239 48 38
15240 49 39
15241 49 39
15242 49 39
15243 49 39
15244 49 39
15245 49 39
15246 49 39
15247 48 38
15248 49 39
15249 49 39
15250 49 39
15251 49 39
15252 49 39
15253 49 39
15254 49 39
15255 49 39
15256 49 39
15257 49 39
15258 49 39
15259 49 39
15260 49 39
15261 49 39
15262 49 39
15263 49 39
15264 49 39
15265 49 39
15266 49 39
15267 49 39
15268 49 39
15269 49 39
15270 49 39
15271 49 39
15272 49 39
15273 49 39
15274 49 39
15275 49 39
15276 49 39
15277 49 39
15278 49 39
15279 49 39
15280 49 39
15281 49 39
15282 49 39
15283 49 39
15284 49 39
15285 49 39
15286 49 39
15287 49 39
15288 49 39
15289 49 39
15290 49 39
15291 49 39
15292 49 39
15293 49 39
15294 49 39
15295 49 39
15296 49 39
15297 49 39
15298 49 39
15299 49 39
15300 49 39
15301 49 39
15302 49 39
15303 49 39
15304 49 39
15305 49 39
15306 49 39
15307 49 39
15308 49 39
15309 49 39
15310 49 39
15311 49 39
15312 49 39
15313 49 39
15314 49 39
15315 49 39
15316 49 39
15317 49 39
15318 49 39
15319 49 39
15320 49 39
15321 49 39
15322 49 39
15323 49 39
15324 49 39
15325 49 39
15326 49 39
15327 49 39
15328 49 39
15329 49 39
15330 49 39
15331 49 39
15332 49 39
15333 49 39
15334 49 39
15335 49 39
15336 49 39
15337 49 39
15338 49 39
15339 49 39
15340 49 39
15341 49 39
15342 49 39
15343 49 39
15344 49 39
15345 49 39
15346 49 39
15347 49 39
15348 49 39
15349 49 39
15350 49 39
15351 49 39
15352 49 39
15353 49 39
15354 49 39
15355 49 39
15356 49 39
15357 49 39
15358 49 39
15359 49 39
15360 49 39
15361 49 39
15362 49 39
15363 49 39
15364 49 39
15365 49 39
15366 49 39
15367 49 39
15368 49 39
15369 49 39
15370 49 39
15371 49 39
15372 49 39
15373 49 39
15374 49 39
15375 49 39
15376 49 39
15377 49 39
15378 49 39
15379 49 39
15380 49 39
15381 49 39
15382 49 39
15383 49 39
15384 49 39
15385 49 39
15386 49 39
15387 49 39
15388 49 39
15389 49 39
15390 49 39
15391 49 39
15392 49 39
15393 49 39
15394 49 39
15395 49 39
15396 49 39
15397 49 39
15398 49 39
15399 49 39
15400 49 39
15401 49 39
15402 49 39
15403 49 39
15404 49 39
15405 49 39
15406 49 39
15407 49 39
15408 49 39
15409 49 39
15410 49 39
15411 49 39
15412 49 39
15413 49 39
15414 49 39
15415 49 39
15416 49 39
15417 49 39
15418 49 39
15419 49 39
15420 49 39
15421 49 39
15422 49 39
15423 49 39
15424 49 39
15425 49 39
15426 49 39
15427 49 39
15428 49 39
15429 49 39
15430 49 39
15431 49 39
15432 49 39
15433 49 39
15434 49 39
15435 49 39
15436 49 39
15437 49 39
15438 49 39
15439 49 39
15440 49 39
15441 49 39
15442 49 39
15443 49 39
15444 49 39
15445 49 39
15446 49 39
15447 49 39
15448 49 39
15449 49 39
15450 49 39
15451 49 39
15452 49 39
15453 49 39
15454 49 39
15455 49 39
15456 49 39
15457 49 39
15458 49 39
15459 49 39
15460 49 39
15461 49 39
15462 49 39
15463 49 39
15464 49 39
15465 49 39
15466 49 39
15467 49 39
15468 49 39
15469 49 39
15470 49 39
15471 49 39
15472 49 39
15473 49 39
15474 49 39
15475 49 39
15476 49 39
15477 49 39
15478 49 39
15479 49 39
15480 49 39
15481 49 39
15482 49 39
15483 49 39
15484 49 39
15485 49 39
15486 49 39
15487 49 39
15488 49 39
15489 49 39
15490 49 39
15491 49 39
15492 49 39
15493 49 39
15494 49 39
15495 49 39
15496 49 39
15497 49 39
15498 49 39
15499 49 39
15500 49 39
15501 49 39
15502 49 39
15503 49 39
15504 49 39
15505 49 39
15506 49 39
15507 49 39
15508 49 39
15509 49 39
15510 49 39
15511 49 39
15512 49 39
15513 49 39
15514 49 39
15515 49 39
15516 49 39
15517 49 39
15518 49 39
15519 49 39
15520 49 39
15521 49 39
15522 49 39
15523 49 39
15524 49 39
15525 49 39
15526 49 39
15527 49 39
15528 49 39
15529 49 39
15530 49 39
15531 49 39
15532 49 39
15533 49 39
15534 49 39
15535 49 39
15536 49 39
15537 49 39
15538 49 39
15539 49 39
15540 49 39
15541 49 39
15542 49 39
15543 49 39
15544 49 39
15545 49 39
15546 49 39
15547 49 39
15548 49 39
15549 49 39
15550 49 39
15551 49 39
15552 49 39
15553 49 39
15554 49 39
15555 49 39
15556 49 39
15557 49 39
15558 49 39
15559 49 39
15560 49 39
15561 49 39
15562 49 39
15563 49 39
15564 49 39
15565 49 39
15566 49 39
15567 49 39
15568 49 39
15569 49 39
15570 49 39
15571 49 39
15572 49 39
15573 49 39
15574 49 39
15575 49 39
15576 49 39
15577 49 39
15578 49 39
15579 49 39
15580 49 39
15581 49 39
15582 49 39
15583 49 39
15584 49 39
15585 49 39
15586 49 39
15587 49 39
15588 49 39
15589 49 39
15590 49 39
15591 49 39
15592 49 39
15593 49 39
15594 49 39
15595 49 39
15596 49 39
15597 49 39
15598 49 39
15599 49 39
15600 49 39
15601 49 39
15602 49 39
15603 49 39
15604 49 39
15605 49 39
15606 49 39
15607 49 39
15608 49 39
15609 49 39
15610 49 39
15611 49 39
15612 49 39
15613 49 39
15614 49 39
15615 49 39
15616 49 39
15617 49 39
15618 49 39
15619 49 39
15620 49 39
15621 49 39
15622 49 39
15623 49 39
15624 49 39
15625 49 39
15626 49 39
15627 49 39
15628 49 39
15629 49 39
15630 49 39
15631 49 39
15632 49 39
15633 49 39
15634 49 39
15635 49 39
15636 49 39
15637 49 39
15638 49 39
15639 49 39
15640 49 39
15641 49 39
15642 49 39
15643 49 39
15644 49 39
15645 49 39
15646 49 39
15647 49 39
15648 49 39
15649 49 39
15650 49 39
15651 49 39
15652 49 39
15653 49 39
15654 49 39
15655 49 39
15656 49 39
15657 49 39
15658 49 39
15659 49 39
15660 49 39
15661 49 39
15662 49 39
15663 49 39
15664 49 39
15665 49 39
15666 49 39
15667 49 39
15668 49 39
15669 49 39
15670 49 39
15671 49 39
15672 49 39
15673 49 39
15674 49 39
15675 49 39
15676 49 39
15677 49 39
15678 49 39
15679 49 39
15680 49 39
15681 49 39
15682 49 39
15683 49 39
15684 49 39
15685 49 39
15686 49 39
15687 49 39
15688 49 39
15689 49 39
15690 49 39
15691 49 39
15692 49 39
15693 49 39
15694 49 39
15695 49 39
15696 49 39
15697 49 39
15698 49 39
15699 49 39
15700 49 39
15701 49 39
15702 49 39
15703 49 39
15704 49 39
15705 49 39
15706 49 39
15707 49 39
15708 49 39
15709 49 39
15710 49 39
15711 49 39
15712 49 39
15713 49 39
15714 49 39
15715 49 39
15716 49 39
15717 49 39
15718 49 39
15719 49 39
15720 49 39
15721 49 39
15722 49 39
15723 49 39
15724 49 39
15725 49 39
15726 49 39
15727 49 39
15728 49 39
15729 49 39
15730 49 39
15731 49 39
15732 49 39
15733 49 39
15734 49 39
15735 49 39
15736 49 39
15737 49 39
15738 49 39
15739 49 39
15740 49 39
15741 49 39
15742 49 39
15743 49 39
15744 49 39
15745 49 39
15746 49 39
15747 49 39
15748 49 39
15749 49 39
15750 49 39
15751 49 39
15752 49 39
15753 49 39
15754 49 39
15755 49 39
15756 49 39
15757 49 39
15758 49 39
15759 49 39
15760 49 39
15761 49 39
15762 49 39
15763 49 39
15764 49 39
15765 49 39
15766 49 39
15767 49 39
15768 49 39
15769 49 39
15770 49 39
15771 49 39
15772 49 39
15773 49 39
15774 49 39
15775 49 39
15776 49 39
15777 49 39
15778 49 39
15779 49 39
15780 49 39
15781 49 39
15782 49 39
15783 49 39
15784 49 39
15785 49 39
15786 49 39
15787 49 39
15788 49 39
15789 49 39
15790 49 39
15791 49 39
15792 49 39
15793 49 39
15794 49 39
15795 49 39
15796 49 39
15797 49 39
15798 49 39
15799 49 39
15800 49 39
15801 49 39
15802 49 39
15803 49 39
15804 49 39
15805 49 39
15806 49 39
15807 49 39
15808 49 39
15809 49 39
15810 49 39
15811 49 39
15812 49 39
15813 49 39
15814 49 39
15815 49 39
15816 49 39
15817 49 39
15818 49 39
15819 49 39
15820 49 39
15821 49 39
15822 49 39
15823 49 39
15824 49 39
15825 49 39
15826 49 39
15827 49 39
15828 49 39
15829 49 39
15830 49 39
15831 49 39
15832 49 39
15833 49 39
15834 49 39
15835 49 39
15836 49 39
15837 49 39
15838 49 39
15839 49 39
15840 49 39
15841 49 39
15842 49 39
15843 49 39
15844 49 39
15845 49 39
15846 49 39
15847 49 39
15848 49 39
15849 49 39
15850 49 39
15851 49 39
15852 49 39
15853 49 39
15854 49 39
15855 49 39
15856 49 39
15857 49 39
15858 49 39
15859 49 39
15860 49 39
15861 49 39
15862 49 39
15863 49 39
15864 49 39
15865 49 39
15866 49 39
15867 49 39
15868 49 39
15869 49 39
15870 49 39
15871 49 39
15872 49 39
15873 49 39
15874 49 39
15875 49 39
15876 49 39
15877 49 39
15878 49 39
15879 49 39
15880 49 39
15881 49 39
15882 49 39
15883 49 39
15884 49 39
15885 49 39
15886 49 39
15887 49 39
15888 49 39
15889 49 39
15890 49 39
15891 49 39
15892 49 39
15893 49 39
15894 49 39
15895 49 39
15896 49 39
15897 49 39
15898 49 39
15899 49 39
15900 49 39
15901 49 39
15902 49 39
15903 49 39
15904 49 39
15905 49 39
15906 49 39
15907 49 39
15908 49 39
15909 49 39
15910 49 39
15911 49 39
15912 49 39
15913 49 39
15914 49 39
15915 49 39
15916 49 39
15917 49 39
15918 49 39
15919 49 39
15920 49 39
15921 49 39
15922 49 39
15923 49 39
15924 49 39
15925 49 39
15926 49 39
15927 49 39
15928 49 39
15929 49 39
15930 49 39
15931 49 39
15932 49 39
15933 49 39
15934 49 39
15935 49 39
15936 49 39
15937 49 39
15938 49 39
15939 49 39
15940 49 39
15941 49 39
15942 49 39
15943 49 39
15944 49 39
15945 49 39
15946 49 39
15947 49 39
15948 49 39
15949 49 39
15950 49 39
15951 49 39
15952 49 39
15953 49 39
15954 49 39
15955 49 39
15956 49 39
15957 49 39
15958 49 39
15959 49 39
15960 49 39
15961 49 39
15962 49 39
15963 49 39
15964 49 39
15965 49 39
15966 49 39
15967 49 39
15968 49 39
15969 49 39
15970 49 39
15971 49 39
15972 49 39
15973 49 39
15974 49 39
15975 49 39
15976 49 39
15977 49 39
15978 49 39
15979 49 39
15980 49 39
15981 49 39
15982 49 39
15983 49 39
15984 49 39
15985 49 39
15986 49 39
15987 49 39
15988 49 39
15989 49 39
15990 49 39
15991 49 39
15992 49 39
15993 49 39
15994 49 39
15995 49 39
15996 49 39
15997 49 39
15998 49 39
15999 49 39
16000 49 39
16001 49 39
16002 49 39
16003 49 39
16004 49 39
16005 49 39
16006 49 39
16007 49 39
16008 49 39
16009 49 39
16010 49 39
16011 49 39
16012 49 39
16013 49 39
16014 49 39
16015 49 39
16016 49 39
16017 49 39
16018 49 39
16019 49 39
16020 49 39
16021 49 39
16022 49 39
16023 49 39
16024 49 39
16025 49 39
16026 49 39
16027 49 39
16028 49 39
16029 49 39
16030 49 39
16031 49 39
16032 49 39
16033 49 39
16034 49 39
16035 49 39
16036 49 39
16037 49 39
16038 49 39
16039 49 39
16040 49 39
16041 49 39
16042 49 39
16043 49 39
16044 49 39
16045 49 39
16046 49 39
16047 49 39
16048 49 39
16049 49 39
16050 49 39
16051 49 39
16052 49 39
16053 49 39
16054 49 39
16055 49 39
16056 49 39
16057 49 39
16058 49 39
16059 49 39
16060 49 39
16061 49 39
16062 49 39
16063 49 39
16064 49 39
16065 49 39
16066 49 39
16067 49 39
16068 49 39
16069 49 39
16070 49 39
16071 49 39
16072 49 39
16073 49 39
16074 49 39
16075 49 39
16076 49 39
16077 49 39
16078 49 39
16079 49 39
16080 49 39
16081 49 39
16082 49 39
16083 49 39
16084 49 39
16085 49 39
16086 49 39
16087 49 39
16088 49 39
16089 49 39
16090 49 39
16091 49 39
16092 49 39
16093 49 39
16094 49 39
16095 49 39
16096 49 39
16097 49 39
16098 49 39
16099 49 39
16100 49 39
16101 49 39
16102 49 39
16103 49 39
16104 49 39
16105 49 39
16106 49 39
16107 49 39
16108 49 39
16109 49 39
16110 49 39
16111 49 39
16112 49 39
16113 49 39
16114 49 39
16115 49 39
16116 49 39
16117 49 39
16118 49 39
16119 49 39
16120 49 39
16121 49 39
16122 49 39
16123 49 39
16124 49 39
16125 49 39
16126 49 39
16127 49 39
16128 49 39
16129 49 39
16130 49 39
16131 49 39
16132 49 39
16133 49 39
16134 49 39
16135 49 39
16136 49 39
16137 49 39
16138 49 39
16139 49 39
16140 49 39
16141 49 39
16142 49 39
16143 49 39
16144 49 39
16145 49 39
16146 49 39
16147 49 39
16148 49 39
16149 49 39
16150 49 39
16151 49 39
16152 49 39
16153 49 39
16154 49 39
16155 49 39
16156 49 39
16157 49 39
16158 49 39
16159 49 39
16160 49 39
16161 49 39
16162 49 39
16163 49 39
16164 49 39
16165 49 39
16166 49 39
16167 49 39
16168 49 39
16169 49 39
16170 49 39
16171 49 39
16172 49 39
16173 49 39
16174 49 39
16175 49 39
16176 49 39
16177 49 39
16178 49 39
16179 49 39
16180 49 39
16181 49 39
16182 49 39
16183 49 39
16184 49 39
16185 49 39
16186 49 39
16187 49 39
16188 49 39
16189 49 39
16190 49 39
16191 49 39
16192 49 39
16193 49 39
16194 49 39
16195 49 39
16196 49 39
16197 49 39
16198 49 39
16199 49 39
16200 49 39
16201 49 39
16202 49 39
16203 49 39
16204 49 39
16205 49 39
16206 49 39
16207 49 39
16208 49 39
16209 49 39
16210 49 39
16211 49 39
16212 49 39
16213 49 39
16214 49 39
16215 49 39
16216 49 39
16217 49 39
16218 49 39
16219 49 39
16220 49 39
16221 49 39
16222 49 39
16223 49 39
16224 49 39
16225 49 39
16226 49 39
16227 49 39
16228 49 39
16229 49 39
16230 49 39
16231 49 39
16232 49 39
16233 49 39
16234 49 39
16235 49 39
16236 49 39
16237 49 39
16238 49 39
16239 49 39
16240 49 39
16241 49 39
16242 49 39
16243 49 39
16244 49 39
16245 49 39
16246 49 39
16247 49 39
16248 49 39
16249 49 39
16250 49 39
16251 49 39
16252 49 39
16253 49 39
16254 49 39
16255 49 39
16256 49 39
16257 49 39
16258 49 39
16259 49 39
16260 49 39
16261 49 39
16262 49 39
16263 49 39
16264 49 39
16265 49 39
16266 49 39
16267 49 39
16268 49 39
16269 49 39
16270 49 39
16271 49 39
16272 49 39
16273 49 39
16274 49 39
16275 49 39
16276 49 39
16277 49 39
16278 49 39
16279 49 39
16280 49 39
16281 49 39
16282 49 39
16283 49 39
16284 49 39
16285 49 39
16286 49 39
16287 49 39
16288 49 39
16289 49 39
16290 49 39
16291 49 39
16292 49 39
16293 49 39
16294 49 39
16295 49 39
16296 49 39
16297 49 39
16298 49 39
16299 49 39
16300 49 39
16301 49 39
16302 49 39
16303 49 39
16304 49 39
16305 49 39
16306 49 39
16307 49 39
16308 49 39
16309 49 39
16310 49 39
16311 49 39
16312 49 39
16313 49 39
16314 49 39
16315 49 39
16316 49 39
16317 49 39
16318 49 39
16319 49 39
16320 49 39
16321 49 39
16322 49 39
16323 49 39
16324 49 39
16325 49 39
16326 49 39
16327 49 39
16328 49 39
16329 49 39
16330 49 39
16331 49 39
16332 49 39
16333 49 39
16334 49 39
16335 49 39
16336 49 39
16337 49 39
16338 49 39
16339 49 39
16340 49 39
16341 49 39
16342 49 39
16343 49 39
16344 49 39
16345 49 39
16346 49 39
16347 49 39
16348 49 39
16349 49 39
16350 49 39
16351 49 39
16352 49 39
16353 49 39
16354 49 39
16355 49 39
16356 49 39
16357 49 39
16358 49 39
16359 49 39
16360 49 39
16361 49 39
16362 49 39
16363 49 39
16364 49 39
16365 49 39
16366 49 39
16367 49 39
16368 49 39
16369 49 39
16370 49 39
16371 49 39
16372 49 39
16373 49 39
16374 49 39
16375 49 39
16376 49 39
16377 49 39
16378 49 39
16379 49 39
16380 49 39
16381 49 39
16382 49 39
16383 49 39
16384 49 39
16385 49 39
16386 49 39
16387 49 39
16388 49 39
16389 49 39
16390 49 39
16391 49 39
16392 49 39
16393 49 39
16394 49 39
16395 49 39
16396 49 39
16397 49 39
16398 49 39
16399 49 39
16400 49 39
16401 49 39
16402 49 39
16403 49 39
16404 49 39
16405 49 39
16406 49 39
16407 49 39
16408 49 39
16409 49 39
16410 49 39
16411 49 39
16412 49 39
16413 49 39
16414 49 39
16415 49 39
16416 49 39
16417 49 39
16418 49 39
16419 49 39
16420 49 39
16421 49 39
16422 49 39
16423 49 39
16424 49 39
16425 49 39
16426 49 39
16427 49 39
16428 49 39
16429 49 39
16430 49 39
16431 49 39
16432 49 39
16433 49 39
16434 49 39
16435 49 39
16436 49 39
16437 49 39
16438 49 39
16439 49 39
16440 49 39
16441 49 39
16442 49 39
16443 49 39
16444 49 39
16445 49 39
16446 49 39
16447 49 39
16448 49 39
16449 49 39
16450 49 39
16451 49 39
16452 49 39
16453 49 39
16454 49 39
16455 49 39
16456 49 39
16457 49 39
16458 49 39
16459 49 39
16460 49 39
16461 49 39
16462 49 39
16463 49 39
16464 49 39
16465 49 39
16466 49 39
16467 49 39
16468 49 39
16469 49 39
16470 49 39
16471 49 39
16472 49 39
16473 49 39
16474 49 39
16475 49 39
16476 49 39
16477 49 39
16478 49 39
16479 49 39
16480 49 39
16481 49 39
16482 49 39
16483 49 39
16484 49 39
16485 49 39
16486 49 39
16487 49 39
16488 49 39
16489 49 39
16490 49 39
16491 49 39
16492 49 39
16493 49 39
16494 49 39
16495 49 39
16496 49 39
16497 49 39
16498 49 39
16499 49 39
16500 49 39
16501 49 39
16502 49 39
16503 49 39
16504 49 39
16505 49 39
16506 49 39
16507 49 39
16508 49 39
16509 49 39
16510 49 39
16511 49 39
16512 49 39
16513 49 39
16514 49 39
16515 49 39
16516 49 39
16517 49 39
16518 49 39
16519 49 39
16520 49 39
16521 49 39
16522 49 39
16523 49 39
16524 49 39
16525 49 39
16526 49 39
16527 49 39
16528 49 39
16529 49 39
16530 49 39
16531 49 39
16532 49 39
16533 49 39
16534 49 39
16535 49 39
16536 49 39
16537 49 39
16538 49 39
16539 49 39
16540 49 39
16541 49 39
16542 49 39
16543 49 39
16544 49 39
16545 49 39
16546 49 39
16547 49 39
16548 49 39
16549 49 39
16550 49 39
16551 49 39
16552 49 39
16553 49 39
16554 49 39
16555 49 39
16556 49 39
16557 49 39
16558 49 39
16559 49 39
16560 49 39
16561 49 39
16562 49 39
16563 49 39
16564 49 39
16565 49 39
16566 49 39
16567 49 39
16568 49 39
16569 49 39
16570 49 39
16571 49 39
16572 49 39
16573 49 39
16574 49 39
16575 49 39
16576 49 39
16577 49 39
16578 49 39
16579 49 39
16580 49 39
16581 49 39
16582 49 39
16583 49 39
16584 49 39
16585 49 39
16586 49 39
16587 49 39
16588 49 39
16589 49 39
16590 49 39
16591 49 39
16592 49 39
16593 49 39
16594 49 39
16595 49 39
16596 49 39
16597 49 39
16598 49 39
16599 49 39
16600 49 39
16601 49 39
16602 49 39
16603 49 39
16604 49 39
16605 49 39
16606 49 39
16607 49 39
16608 49 39
16609 49 39
16610 49 39
16611 49 39
16612 49 39
16613 49 39
16614 49 39
16615 49 39
16616 49 39
16617 49 39
16618 49 39
16619 49 39
16620 49 39
16621 49 39
16622 49 39
16623 49 39
16624 49 39
16625 49 39
16626 49 39
16627 49 39
16628 49 39
16629 49 39
16630 49 39
16631 49 39
16632 49 39
16633 49 39
16634 49 39
16635 49 39
16636 49 39
16637 49 39
16638 49 39
16639 49 39
16640 49 39
16641 49 39
16642 49 39
16643 49 39
16644 49 39
16645 49 39
16646 49 39
16647 49 39
16648 49 39
16649 49 39
16650 49 39
16651 49 39
16652 49 39
16653 49 39
16654 49 39
16655 49 39
16656 49 39
16657 49 39
16658 49 39
16659 49 39
16660 49 39
16661 49 39
16662 49 39
16663 49 39
16664 49 39
16665 49 39
16666 49 39
16667 49 39
16668 49 39
16669 49 39
16670 49 39
16671 49 39
16672 49 39
16673 49 39
16674 49 39
16675 49 39
16676 49 39
16677 49 39
16678 49 39
16679 49 39
16680 49 39
16681 49 39
16682 49 39
16683 49 39
16684 49 39
16685 49 39
16686 49 39
16687 49 39
16688 49 39
16689 49 39
16690 49 39
16691 49 39
16692 49 39
16693 49 39
16694 49 39
16695 49 39
16696 49 39
16697 49 39
16698 49 39
16699 49 39
16700 49 39
16701 49 39
16702 49 39
16703 49 39
16704 49 39
16705 49 39
16706 49 39
16707 49 39
16708 49 39
16709 49 39
16710 49 39
16711 49 39
16712 49 39
16713 49 39
16714 49 39
16715 49 39
16716 49 39
16717 49 39
16718 49 39
16719 49 39
16720 49 39
16721 49 39
16722 49 39
16723 49 39
16724 49 39
16725 49 39
16726 49 39
16727 49 39
16728 49 39
16729 49 39
16730 49 39
16731 49 39
16732 49 39
16733 49 39
16734 49 39
16735 49 39
16736 49 39
16737 49 39
16738 49 39
16739 49 39
16740 49 39
16741 49 39
16742 49 39
16743 49 39
16744 49 39
16745 49 39
16746 49 39
16747 49 39
16748 49 39
16749 49 39
16750 49 39
16751 49 39
16752 49 39
16753 49 39
16754 49 39
16755 49 39
16756 49 39
16757 49 39
16758 49 39
16759 49 39
16760 49 39
16761 49 39
16762 49 39
16763 49 39
16764 49 39
16765 49 39
16766 49 39
16767 49 39
16768 49 39
16769 49 39
16770 49 39
16771 49 39
16772 49 39
16773 49 39
16774 49 39
16775 49 39
16776 49 39
16777 49 39
16778 49 39
16779 49 39
16780 49 39
16781 49 39
16782 49 39
16783 49 39
16784 49 39
16785 49 39
16786 49 39
16787 49 39
16788 49 39
16789 49 39
16790 49 39
16791 49 39
16792 49 39
16793 49 39
16794 49 39
16795 49 39
16796 49 39
16797 49 39
16798 49 39
16799 49 39
16800 49 39
16801 49 39
16802 49 39
16803 49 39
16804 49 39
16805 49 39
16806 49 39
16807 49 39
16808 49 39
16809 49 39
16810 49 39
16811 49 39
16812 49 39
16813 49 39
16814 49 39
16815 49 39
16816 49 39
16817 49 39
16818 49 39
16819 49 39
16820 49 39
16821 49 39
16822 49 39
16823 49 39
16824 49 39
16825 49 39
16826 49 39
16827 49 39
16828 49 39
16829 49 39
16830 49 39
16831 49 39
16832 49 39
16833 49 39
16834 49 39
16835 49 39
16836 49 39
16837 49 39
16838 49 39
16839 49 39
16840 49 39
16841 49 39
16842 49 39
16843 49 39
16844 49 39
16845 49 39
16846 49 39
16847 49 39
16848 48 39
16849 48 39
16850 49 39
16851 49 39
16852 49 39
16853 49 39
16854 49 39
16855 49 39
16856 49 39
16857 49 39
16858 49 39
16859 49 39
16860 49 39
16861 48 39
16862 48 39
16863 48 39
16864 49 39
16865 48 39
16866 49 39
16867 49 39
16868 49 39
16869 49 39
16870 49 39
16871 49 39
16872 49 39
16873 49 39
16874 49 39
16875 48 39
16876 48 39
16877 49 39
16878 49 39
16879 49 39
16880 48 39
16881 49 39
16882 49 39
16883 49 39
16884 49 39
16885 49 39
16886 49 39
16887 49 39
16888 49 39
16889 49 39
16890 49 39
16891 49 39
16892 49 39
16893 49 39
16894 49 39
16895 49 39
16896 49 39
16897 49 39
16898 49 39
16899 49 39
16900 49 39
16901 49 39
16902 49 39
16903 49 39
16904 49 39
16905 49 39
16906 48 39
16907 48 39
16908 49 39
16909 49 39
16910 49 39
16911 49 39
16912 49 39
16913 49 39
16914 49 39
16915 48 39
16916 49 39
16917 49 39
16918 49 39
16919 49 39
16920 49 39
16921 49 39
16922 49 39
16923 49 39
16924 49 39
16925 49 39
16926 49 39
16927 49 39
16928 49 39
16929 49 39
16930 49 39
16931 49 39
16932 49 39
16933 49 39
16934 49 39
16935 49 39
16936 49 39
16937 49 39
16938 49 39
16939 49 39
16940 49 39
16941 49 39
16942 49 39
16943 49 39
16944 49 39
16945 49 39
16946 49 39
16947 49 39
16948 49 39
16949 49 39
16950 49 39
16951 49 39
16952 49 39
16953 49 39
16954 49 39
16955 49 39
16956 49 39
16957 49 39
16958 49 39
16959 49 39
16960 49 39
16961 49 39
16962 49 39
16963 49 39
16964 49 39
16965 49 39
16966 49 39
16967 49 39
16968 49 39
16969 49 39
16970 49 39
16971 49 39
16972 49 39
16973 49 39
16974 49 39
16975 49 39
16976 49 39
16977 49 39
16978 48 39
16979 49 39
16980 49 39
16981 49 39
16982 49 39
16983 49 39
16984 49 39
16985 49 39
16986 49 39
16987 49 39
16988 49 39
16989 49 39
16990 48 39
16991 49 39
16992 49 39
16993 49 39
16994 49 39
16995 49 39
16996 49 39
16997 49 39
16998 49 39
16999 49 39
17000 49 39
17001 49 39
17002 48 39
17003 49 39
17004 49 39
17005 49 39
17006 49 39
17007 49 39
17008 49 39
17009 48 39
17010 49 39
17011 49 39
17012 48 39
17013 49 39
17014 49 39
17015 49 39
17016 49 39
17017 49 39
17018 49 39
17019 49 39
17020 49 39
17021 49 39
17022 49 39
17023 49 39
17024 49 39
17025 49 39
17026 49 39
17027 49 39
17028 49 39
17029 49 39
17030 49 39
17031 49 39
17032 49 39
17033 49 39
17034 49 39
17035 49 39
17036 49 39
17037 49 39
17038 49 39
17039 49 39
17040 49 39
17041 49 39
17042 49 39
17043 49 39
17044 49 39
17045 49 39
17046 49 39
17047 49 39
17048 49 39
17049 49 39
17050 49 39
17051 49 39
17052 49 39
17053 49 39
17054 49 39
17055 49 39
17056 49 39
17057 49 39
17058 49 39
17059 49 39
17060 49 39
17061 49 39
17062 49 39
17063 49 39
17064 48 39
17065 49 39
17066 49 39
17067 49 39
17068 49 39
17069 49 39
17070 49 39
17071 49 39
17072 49 39
17073 49 39
17074 49 39
17075 49 39
17076 49 39
17077 48 39
17078 48 39
17079 48 39
17080 49 39
17081 49 39
17082 49 39
17083 49 39
17084 49 39
17085 48 39
17086 49 39
17087 49 39
17088 49 39
17089 49 39
17090 49 39
17091 49 39
17092 49 39
17093 49 39
17094 49 39
17095 49 39
17096 49 39
17097 49 39
17098 49 39
17099 49 39
17100 49 39
17101 49 39
17102 49 39
17103 49 39
17104 48 39
17105 48 39
17106 49 39
17107 49 39
17108 49 39
17109 49 39
17110 49 39
17111 49 39
17112 49 39
17113 49 39
17114 49 39
17115 48 39
17116 49 39
17117 49 39
17118 49 39
17119 49 39
17120 49 39
17121 49 39
17122 49 39
17123 49 39
17124 49 39
17125 49 39
17126 49 39
17127 49 39
17128 49 39
17129 49 39
17130 49 39
17131 49 39
17132 49 39
17133 49 39
17134 49 39
17135 49 39
17136 49 39
17137 49 39
17138 49 39
17139 49 39
17140 48 39
17141 49 39
17142 48 39
17143 49 39
17144 49 39
17145 49 39
17146 49 39
17147 49 39
17148 49 39
17149 49 39
17150 49 39
17151 49 39
17152 49 39
17153 49 39
17154 49 39
17155 49 39
17156 49 39
17157 49 39
17158 49 39
17159 49 39
17160 49 39
17161 49 39
17162 49 39
17163 49 39
17164 49 39
17165 49 39
17166 49 39
17167 49 39
17168 49 39
17169 49 39
17170 49 39
17171 49 39
17172 49 39
17173 49 39
17174 49 39
17175 49 39
17176 49 39
17177 49 39
17178 49 39
17179 49 39
17180 49 39
17181 49 39
17182 48 39
17183 49 39
17184 49 39
17185 49 39
17186 49 39
17187 49 39
17188 49 39
17189 49 39
17190 49 39
17191 49 39
17192 49 39
17193 49 39
17194 49 39
17195 49 39
17196 49 39
17197 49 39
17198 49 39
17199 49 39
17200 49 39
17201 49 39
17202 49 39
17203 49 39
17204 49 39
17205 49 39
17206 49 39
17207 49 39
17208 48 39
17209 49 39
17210 49 39
17211 49 39
17212 49 39
17213 49 39
17214 49 39
17215 49 39
17216 49 39
17217 49 39
17218 49 39
17219 49 39
17220 49 39
17221 49 39
17222 49 39
17223 49 39
17224 48 39
17225 49 39
17226 49 39
17227 49 39
17228 49 39
17229 49 39
17230 49 39
17231 49 39
17232 49 39
17233 49 39
17234 49 39
17235 49 39
17236 49 39
17237 49 39
17238 49 39
17239 49 39
17240 49 39
17241 49 39
17242 49 39
17243 49 39
17244 49 39
17245 49 39
17246 49 39
17247 49 39
17248 49 39
17249 49 39
17250 49 39
17251 49 39
17252 49 39
17253 49 39
17254 49 39
17255 49 39
17256 49 39
17257 49 39
17258 49 39
17259 49 39
17260 49 39
17261 49 39
17262 49 39
17263 49 39
17264 49 39
17265 49 39
17266 49 39
17267 49 39
17268 48 39
17269 49 39
17270 49 39
17271 49 39
17272 49 39
17273 49 39
17274 49 39
17275 49 39
17276 49 39
17277 49 39
17278 49 39
17279 49 39
17280 49 39
17281 49 39
17282 49 39
17283 49 39
17284 49 39
17285 49 39
17286 49 39
17287 49 39
17288 49 39
17289 49 39
17290 49 39
17291 49 39
17292 49 39
17293 49 39
17294 49 39
17295 49 39
17296 49 39
17297 49 39
17298 49 39
17299 49 39
17300 49 39
17301 49 39
17302 49 39
17303 49 39
17304 49 39
17305 49 39
17306 49 39
17307 49 39
17308 49 39
17309 49 39
17310 49 39
17311 49 39
17312 49 39
17313 49 39
17314 49 39
17315 49 39
17316 49 39
17317 49 39
17318 49 39
17319 49 39
17320 49 39
17321 49 39
17322 49 39
17323 49 39
17324 49 39
17325 49 39
17326 49 39
17327 49 39
17328 49 39
17329 49 39
17330 49 39
17331 49 39
17332 49 39
17333 49 39
17334 49 39
17335 49 39
17336 49 39
17337 49 39
17338 49 39
17339 49 39
17340 49 39
17341 49 39
17342 49 39
17343 49 39
17344 49 39
17345 49 39
17346 49 39
17347 49 39
17348 49 39
17349 49 39
17350 49 39
17351 49 39
17352 49 39
17353 49 39
17354 49 39
17355 49 39
17356 49 39
17357 49 39
17358 49 39
17359 49 39
17360 49 39
17361 49 39
17362 49 39
17363 49 39
17364 49 39
17365 49 39
17366 49 39
17367 49 39
17368 49 39
17369 49 39
17370 49 39
17371 49 39
17372 49 39
17373 49 39
17374 49 39
17375 49 39
17376 49 39
17377 49 39
17378 49 39
17379 49 39
17380 49 39
17381 49 39
17382 49 39
17383 49 39
17384 49 39
17385 49 39
17386 49 39
17387 49 39
17388 49 39
17389 49 39
17390 49 39
17391 49 39
17392 49 39
17393 49 39
17394 49 39
17395 49 39
17396 49 39
17397 49 39
17398 49 39
17399 49 39
17400 49 39
17401 49 39
17402 49 39
17403 49 39
17404 49 39
17405 49 39
17406 49 39
17407 49 39
17408 49 39
17409 49 39
17410 49 39
17411 49 39
17412 49 39
17413 49 39
17414 49 39
17415 49 39
17416 49 39
17417 49 39
17418 49 39
17419 49 39
17420 49 39
17421 49 39
17422 49 39
17423 49 39
17424 49 39
17425 49 39
17426 49 39
17427 49 39
17428 49 39
17429 49 39
17430 49 39
17431 49 39
17432 49 39
17433 49 39
17434 49 39
17435 49 39
17436 49 39
17437 49 39
17438 49 39
17439 49 39
17440 49 39
17441 49 39
17442 49 39
17443 49 39
17444 49 39
17445 49 39
17446 49 39
17447 49 39
17448 49 39
17449 49 39
17450 49 39
17451 49 39
17452 49 39
17453 49 39
17454 49 39
17455 49 39
17456 49 39
17457 49 39
17458 49 39
17459 49 39
17460 49 39
17461 49 39
17462 49 39
17463 49 39
17464 49 39
17465 49 39
17466 49 39
17467 49 39
17468 49 39
17469 49 39
17470 49 39
17471 49 39
17472 49 39
17473 49 39
17474 49 39
17475 49 39
17476 49 39
17477 49 39
17478 49 39
17479 49 39
17480 49 39
17481 49 39
17482 49 39
17483 49 39
17484 49 39
17485 49 39
17486 49 39
17487 49 39
17488 49 39
17489 49 39
17490 49 39
17491 49 39
17492 49 39
17493 49 39
17494 49 39
17495 49 39
17496 49 39
17497 49 39
17498 49 39
17499 49 39
17500 49 39
17501 49 39
17502 49 39
17503 49 39
17504 49 39
17505 49 39
17506 49 39
17507 49 39
17508 49 39
17509 49 39
17510 49 39
17511 49 39
17512 49 39
17513 49 39
17514 49 39
17515 49 39
17516 49 39
17517 49 39
17518 49 39
17519 49 39
17520 49 39
17521 49 39
17522 49 39
17523 49 39
17524 49 39
17525 49 39
17526 49 39
17527 49 39
17528 49 39
17529 49 39
17530 49 39
17531 49 39
17532 49 39
17533 49 39
17534 49 39
17535 49 39
17536 49 39
17537 49 39
17538 49 39
17539 49 39
17540 49 39
17541 49 39
17542 49 39
17543 49 39
17544 49 39
17545 49 39
17546 49 39
17547 49 39
17548 49 39
17549 49 39
17550 49 39
17551 49 39
17552 49 39
17553 49 39
17554 49 39
17555 49 39
17556 49 39
17557 49 39
17558 49 39
17559 49 39
17560 49 39
17561 49 39
17562 49 39
17563 49 39
17564 49 39
17565 49 39
17566 49 39
17567 49 39
17568 49 39
17569 49 39
17570 49 39
17571 49 39
17572 49 39
17573 49 39
17574 49 39
17575 49 39
17576 49 39
17577 49 39
17578 49 39
17579 49 39
17580 49 39
17581 49 39
17582 49 39
17583 49 39
17584 49 39
17585 49 39
17586 49 39
17587 49 39
17588 49 39
17589 49 39
17590 49 39
17591 49 39
17592 49 39
17593 49 39
17594 49 39
17595 49 39
17596 49 39
17597 49 39
17598 49 39
17599 49 39
17600 49 39
17601 49 39
17602 49 39
17603 49 39
17604 49 39
17605 49 39
17606 49 39
17607 49 39
17608 49 39
17609 49 39
17610 49 39
17611 49 39
17612 49 39
17613 49 39
17614 49 39
17615 49 39
17616 49 39
17617 49 39
17618 49 39
17619 49 39
17620 49 39
17621 49 39
17622 49 39
17623 49 39
17624 49 39
17625 49 39
17626 49 39
17627 49 39
17628 49 39
17629 49 39
17630 49 39
17631 49 39
17632 49 39
17633 49 39
17634 49 39
17635 49 39
17636 49 39
17637 49 39
17638 49 39
17639 49 39
17640 49 39
17641 49 39
17642 49 39
17643 49 39
17644 49 39
17645 49 39
17646 49 39
17647 49 39
17648 49 39
17649 49 39
17650 49 39
17651 49 39
17652 49 39
17653 49 39
17654 49 39
17655 49 39
17656 49 39
17657 49 39
17658 49 39
17659 49 39
17660 49 39
17661 49 39
17662 49 39
17663 49 39
17664 49 39
17665 49 39
17666 49 39
17667 49 39
17668 49 39
17669 49 39
17670 49 39
17671 49 39
17672 49 39
17673 49 39
17674 49 39
17675 49 39
17676 49 39
17677 49 39
17678 49 39
17679 49 39
17680 49 39
17681 49 39
17682 49 39
17683 49 39
17684 49 39
17685 49 39
17686 49 39
17687 49 39
17688 49 39
17689 49 39
17690 49 39
17691 49 39
17692 49 39
17693 49 39
17694 49 39
17695 49 39
17696 49 39
17697 49 39
17698 49 39
17699 49 39
17700 49 39
17701 49 39
17702 49 39
17703 49 39
17704 49 39
17705 49 39
17706 49 39
17707 49 39
17708 49 39
17709 49 39
17710 49 39
17711 49 39
17712 49 39
17713 49 39
17714 49 39
17715 49 39
17716 49 39
17717 49 39
17718 49 39
17719 49 39
17720 49 39
17721 49 39
17722 49 39
17723 49 39
17724 49 39
17725 49 39
17726 49 39
17727 49 39
17728 49 39
17729 49 39
17730 49 39
17731 49 39
17732 49 39
17733 49 39
17734 49 39
17735 49 39
17736 49 39
17737 49 39
17738 49 39
17739 49 39
17740 49 39
17741 49 39
17742 49 39
17743 49 39
17744 49 39
17745 49 39
17746 49 39
17747 49 39
17748 49 39
17749 49 39
17750 49 39
17751 49 39
17752 49 39
17753 49 39
17754 49 39
17755 49 39
17756 49 39
17757 49 39
17758 49 39
17759 49 39
17760 49 39
17761 49 39
17762 49 39
17763 49 39
17764 49 39
17765 49 39
17766 49 39
17767 49 39
17768 49 39
17769 49 39
17770 49 39
17771 49 39
17772 49 39
17773 49 39
17774 49 39
17775 49 39
17776 49 39
17777 49 39
17778 49 39
17779 49 39
17780 49 39
17781 49 39
17782 49 39
17783 49 39
17784 49 39
17785 49 39
17786 49 39
17787 49 39
17788 49 39
17789 49 39
17790 49 39
17791 49 39
17792 49 39
17793 49 39
17794 49 39
17795 49 39
17796 49 39
17797 49 39
17798 49 39
17799 49 39
17800 49 39
17801 49 39
17802 49 39
17803 49 39
17804 49 39
17805 49 39
17806 49 39
17807 49 39
17808 49 39
17809 49 39
17810 49 39
17811 49 39
17812 49 39
17813 49 39
17814 49 39
17815 49 39
17816 49 39
17817 49 39
17818 49 39
17819 49 39
17820 49 39
17821 49 39
17822 49 39
17823 49 39
17824 49 39
17825 49 39
17826 49 39
17827 49 39
17828 49 39
17829 49 39
17830 49 39
17831 49 39
17832 49 39
17833 49 39
17834 49 39
17835 49 39
17836 49 39
17837 49 39
17838 49 39
17839 49 39
17840 49 39
17841 49 39
17842 49 39
17843 49 39
17844 49 39
17845 49 39
17846 49 39
17847 49 39
17848 49 39
17849 49 39
17850 49 39
17851 49 39
17852 49 39
17853 49 39
17854 49 39
17855 49 39
17856 49 39
17857 49 39
17858 49 39
17859 49 39
17860 49 39
17861 49 39
17862 49 39
17863 49 39
17864 49 39
17865 49 39
17866 49 39
17867 49 39
17868 49 39
17869 49 39
17870 49 39
17871 49 39
17872 49 39
17873 49 39
17874 49 39
17875 49 39
17876 49 39
17877 49 39
17878 49 39
17879 49 39
17880 49 39
17881 49 39
17882 49 39
17883 49 39
17884 49 39
17885 49 39
17886 49 39
17887 49 39
17888 49 39
17889 49 39
17890 49 39
17891 49 39
17892 49 39
17893 49 39
17894 49 39
17895 49 39
17896 49 39
17897 49 39
17898 49 39
17899 49 39
17900 49 39
17901 49 39
17902 49 39
17903 49 39
17904 49 39
17905 49 39
17906 49 39
17907 49 39
17908 49 39
17909 49 39
17910 49 39
17911 49 39
17912 49 39
17913 49 39
17914 49 39
17915 49 39
17916 49 39
17917 49 39
17918 49 39
17919 49 39
17920 49 39
17921 49 39
17922 49 39
17923 49 39
17924 49 39
17925 49 39
17926 49 39
17927 49 39
17928 49 39
17929 49 39
17930 49 39
17931 49 39
17932 49 39
17933 49 39
17934 49 39
17935 49 39
17936 49 39
17937 49 39
17938 49 39
17939 49 39
17940 49 39
17941 49 39
17942 49 39
17943 49 39
17944 49 39
17945 49 39
17946 49 39
17947 49 39
17948 49 39
17949 49 39
17950 49 39
17951 49 39
17952 49 39
17953 49 39
17954 49 39
17955 49 39
17956 49 39
17957 49 39
17958 49 39
17959 49 39
17960 49 39
17961 49 39
17962 49 39
17963 49 39
17964 49 39
17965 49 39
17966 49 39
17967 49 39
17968 49 39
17969 49 39
17970 49 39
17971 49 39
17972 49 39
17973 49 39
17974 49 39
17975 49 39
17976 49 39
17977 49 39
17978 49 39
17979 49 39
17980 49 39
17981 49 39
17982 49 39
17983 49 39
17984 49 39
17985 49 39
17986 49 39
17987 49 39
17988 49 39
17989 49 39
17990 49 39
17991 49 39
17992 49 39
17993 49 39
17994 49 39
17995 49 39
17996 49 39
17997 49 39
17998 49 39
17999 49 39
18000 49 39
18001 49 39
18002 49 39
18003 49 39
18004 49 39
18005 49 39
18006 49 39
18007 49 39
18008 49 39
18009 49 39
18010 49 39
18011 49 39
18012 49 39
18013 49 39
18014 49 39
18015 49 39
18016 49 39
18017 49 39
18018 49 39
18019 49 39
18020 49 39
18021 49 39
18022 49 39
18023 49 39
18024 49 39
18025 49 39
18026 49 39
18027 49 39
18028 49 39
18029 49 39
18030 49 39
18031 49 39
18032 49 39
18033 49 39
18034 49 39
18035 49 39
18036 49 39
18037 49 39
18038 49 39
18039 49 39
18040 49 39
18041 49 39
18042 49 39
18043 49 39
18044 49 39
18045 49 39
18046 49 39
18047 49 39
18048 49 39
18049 49 39
18050 49 39
18051 49 39
18052 49 39
18053 49 39
18054 49 39
18055 49 39
18056 49 39
18057 49 39
18058 49 39
18059 49 39
18060 49 39
18061 49 39
18062 49 39
18063 49 39
18064 49 39
18065 49 39
18066 49 39
18067 49 39
18068 49 39
18069 49 39
18070 49 39
18071 49 39
18072 49 39
18073 49 39
18074 49 39
18075 49 39
18076 49 39
18077 49 39
18078 49 39
18079 49 39
18080 49 39
18081 49 39
18082 49 39
18083 49 39
18084 49 39
18085 49 39
18086 49 39
18087 49 39
18088 49 39
18089 49 39
18090 49 39
18091 49 39
18092 49 39
18093 49 39
18094 49 39
18095 49 39
18096 49 39
18097 49 39
18098 49 39
18099 49 39
18100 49 39
18101 49 39
18102 49 39
18103 49 39
18104 49 39
18105 49 39
18106 49 39
18107 49 39
18108 49 39
18109 49 39
18110 49 39
18111 49 39
18112 49 39
18113 49 39
18114 49 39
18115 49 39
18116 49 39
18117 49 39
18118 49 39
18119 49 39
18120 49 39
18121 49 39
18122 49 39
18123 49 39
18124 49 39
18125 49 39
18126 49 39
18127 49 39
18128 49 39
18129 49 39
18130 49 39
18131 49 39
18132 49 39
18133 49 39
18134 49 39
18135 49 39
18136 49 39
18137 49 39
18138 49 39
18139 49 39
18140 49 39
18141 49 39
18142 49 39
18143 49 39
18144 49 39
18145 49 39
18146 49 39
18147 49 39
18148 49 39
18149 49 39
18150 49 39
18151 49 39
18152 49 39
18153 49 39
18154 49 39
18155 49 39
18156 49 39
18157 49 39
18158 49 39
18159 49 39
18160 49 39
18161 49 39
18162 49 39
18163 49 39
18164 49 39
18165 49 39
18166 49 39
18167 49 39
18168 49 39
18169 49 39
18170 49 39
18171 49 39
18172 49 39
18173 49 39
18174 49 39
18175 49 39
18176 49 39
18177 49 39
18178 49 39
18179 49 39
18180 49 39
18181 49 39
18182 49 39
18183 49 39
18184 49 39
18185 49 39
18186 49 39
18187 49 39
18188 49 39
18189 49 39
18190 49 39
18191 49 39
18192 49 39
18193 49 39
18194 49 39
18195 49 39
18196 49 39
18197 49 39
18198 49 39
18199 49 39
18200 49 39
18201 49 39
18202 49 39
18203 49 39
18204 49 39
18205 49 39
18206 49 39
18207 49 39
18208 49 39
18209 49 39
18210 49 39
18211 49 39
18212 49 39
18213 49 39
18214 49 39
18215 49 39
18216 49 39
18217 49 39
18218 49 39
18219 49 39
18220 49 39
18221 49 39
18222 49 39
18223 49 39
18224 49 39
18225 49 39
18226 49 39
18227 49 39
18228 49 39
18229 49 39
18230 49 39
18231 49 39
18232 49 39
18233 49 39
18234 49 39
18235 49 39
18236 49 39
18237 49 39
18238 49 39
18239 49 39
18240 49 39
18241 49 39
18242 49 39
18243 49 39
18244 49 39
18245 49 39
18246 49 39
18247 49 39
18248 49 39
18249 49 39
18250 49 39
18251 49 39
18252 49 39
18253 49 39
18254 49 39
18255 49 39
18256 49 39
18257 49 39
18258 49 39
18259 49 39
18260 49 39
18261 49 39
18262 49 39
18263 49 39
18264 49 39
18265 49 39
18266 49 39
18267 49 39
18268 49 39
18269 49 39
18270 49 39
18271 49 39
18272 49 39
18273 49 39
18274 49 39
18275 49 39
18276 49 39
18277 49 39
18278 49 39
18279 49 39
18280 49 39
18281 49 39
18282 49 39
18283 49 39
18284 49 39
18285 49 39
18286 49 39
18287 49 39
18288 49 39
18289 49 39
18290 49 39
18291 49 39
18292 49 39
18293 49 39
18294 49 39
18295 49 39
18296 49 39
18297 49 39
18298 49 39
18299 49 39
18300 49 39
18301 49 39
18302 49 39
18303 49 39
18304 49 39
18305 49 39
18306 49 39
18307 49 39
18308 49 39
18309 49 39
18310 49 39
18311 49 39
18312 49 39
18313 49 39
18314 49 39
18315 49 39
18316 49 39
18317 49 39
18318 49 39
18319 49 39
18320 49 39
18321 49 39
18322 49 39
18323 49 39
18324 49 39
18325 49 39
18326 49 39
18327 49 39
18328 49 39
18329 49 39
18330 49 39
18331 49 39
18332 49 39
18333 49 39
18334 49 39
18335 49 39
18336 49 39
18337 49 39
18338 49 39
18339 49 39
18340 49 39
18341 49 39
18342 49 39
18343 49 39
18344 49 39
18345 49 39
18346 49 39
18347 49 39
18348 49 39
18349 49 39
18350 49 39
18351 49 39
18352 49 39
18353 49 39
18354 49 39
18355 49 39
18356 49 39
18357 49 39
18358 49 39
18359 49 39
18360 49 39
18361 49 39
18362 49 39
18363 49 39
18364 49 39
18365 49 39
18366 49 39
18367 49 39
18368 49 39
18369 49 39
18370 49 39
18371 49 39
18372 49 39
18373 49 39
18374 49 39
18375 49 39
18376 49 39
18377 49 39
18378 49 39
18379 49 39
18380 49 39
18381 49 39
18382 49 39
18383 49 39
18384 49 39
18385 49 39
18386 49 39
18387 49 39
18388 49 39
18389 49 39
18390 49 39
18391 49 39
18392 49 39
18393 49 39
18394 49 39
18395 49 39
18396 49 39
18397 49 39
18398 49 39
18399 49 39
18400 49 39
18401 49 39
18402 49 39
18403 49 39
18404 49 39
18405 49 39
18406 49 39
18407 49 39
18408 49 39
18409 49 39
18410 49 39
18411 49 39
18412 49 39
18413 49 39
18414 49 39
18415 49 39
18416 49 39
18417 49 39
18418 49 39
18419 49 39
18420 49 39
18421 49 39
18422 49 39
18423 49 39
18424 49 39
18425 49 39
18426 49 39
18427 49 39
18428 49 39
18429 49 39
18430 49 39
18431 49 39
18432 49 39
18433 49 39
18434 49 39
18435 49 39
18436 49 39
18437 49 39
18438 49 39
18439 49 39
18440 49 39
18441 49 39
18442 49 39
18443 49 39
18444 49 39
18445 49 39
18446 49 39
18447 49 39
18448 49 39
18449 49 39
18450 49 39
18451 49 39
18452 49 39
18453 49 39
18454 49 39
18455 49 39
18456 49 39
18457 49 39
18458 49 39
18459 49 39
18460 49 39
18461 49 39
18462 49 39
18463 49 39
18464 49 39
18465 49 39
18466 49 39
18467 49 39
18468 49 39
18469 49 39
18470 49 39
18471 49 39
18472 49 39
18473 49 39
18474 49 39
18475 49 39
18476 49 39
18477 49 39
18478 49 39
18479 49 39
18480 49 39
18481 49 39
18482 49 39
18483 49 39
18484 49 39
18485 49 39
18486 49 39
18487 49 39
18488 49 39
18489 49 39
18490 49 39
18491 49 39
18492 49 39
18493 49 39
18494 49 39
18495 49 39
18496 49 39
18497 49 39
18498 49 39
18499 49 39
18500 49 39
18501 49 39
18502 49 39
18503 49 39
18504 49 39
18505 49 39
18506 49 39
18507 49 39
18508 49 39
18509 49 39
18510 49 39
18511 49 39
18512 49 39
18513 49 39
18514 49 39
18515 49 39
18516 49 39
18517 49 39
18518 49 39
18519 49 39
18520 49 39
18521 49 39
18522 49 39
18523 49 39
18524 49 39
18525 49 39
18526 49 39
18527 49 39
18528 49 39
18529 49 39
18530 49 39
18531 49 39
18532 49 39
18533 49 39
18534 49 39
18535 49 39
18536 49 39
18537 49 39
18538 49 39
18539 49 39
18540 49 39
18541 49 39
18542 49 39
18543 49 39
18544 49 39
18545 49 39
18546 49 39
18547 49 39
18548 49 39
18549 49 39
18550 49 39
18551 49 39
18552 49 39
18553 49 39
18554 49 39
18555 49 39
18556 49 39
18557 49 39
18558 49 39
18559 49 39
18560 49 39
18561 49 39
18562 49 39
18563 49 39
18564 49 39
18565 49 39
18566 49 39
18567 49 39
18568 49 39
18569 49 39
18570 49 39
18571 49 39
18572 49 39
18573 49 39
18574 49 39
18575 49 39
18576 49 39
18577 49 39
18578 49 39
18579 49 39
18580 49 39
18581 49 39
18582 49 39
18583 49 39
18584 49 39
18585 49 39
18586 49 39
18587 49 39
18588 49 39
18589 49 39
18590 49 39
18591 49 39
18592 49 39
18593 49 39
18594 49 39
18595 49 39
18596 49 39
18597 49 39
18598 49 39
18599 49 39
18600 49 39
18601 49 39
18602 49 39
18603 49 39
18604 49 39
18605 49 39
18606 49 39
18607 49 39
18608 49 39
18609 49 39
18610 49 39
18611 49 39
18612 49 39
18613 49 39
18614 49 39
18615 49 39
18616 49 39
18617 49 39
18618 49 39
18619 49 39
18620 49 39
18621 49 39
18622 49 39
18623 49 39
18624 49 39
18625 49 39
18626 49 39
18627 49 39
18628 49 39
18629 49 39
18630 49 39
18631 49 39
18632 49 39
18633 49 39
18634 49 39
18635 49 39
18636 49 39
18637 49 39
18638 49 39
18639 49 39
18640 49 39
18641 49 39
18642 49 39
18643 49 39
18644 49 39
18645 49 39
18646 49 39
18647 49 39
18648 49 39
18649 49 39
18650 49 39
18651 49 39
18652 49 39
18653 49 39
18654 49 39
18655 49 39
18656 49 39
18657 49 39
18658 49 39
18659 49 39
18660 49 39
18661 49 39
18662 49 39
18663 49 39
18664 49 39
18665 49 39
18666 49 39
18667 49 39
18668 49 39
18669 49 39
18670 49 39
18671 49 39
18672 49 39
18673 49 39
18674 49 39
18675 49 39
18676 49 39
18677 49 39
18678 49 39
18679 49 39
18680 49 39
18681 49 39
18682 49 39
18683 49 39
18684 49 39
18685 49 39
18686 49 39
18687 49 39
18688 49 39
18689 49 39
18690 49 39
18691 49 39
18692 49 39
18693 49 39
18694 49 39
18695 49 39
18696 49 39
18697 49 39
18698 49 39
18699 49 39
18700 49 39
18701 49 39
18702 49 39
18703 49 39
18704 49 39
18705 49 39
18706 49 39
18707 49 39
18708 49 39
18709 49 39
18710 49 39
18711 49 39
18712 49 39
18713 49 39
18714 49 39
18715 49 39
18716 49 39
18717 49 39
18718 49 39
18719 49 39
18720 49 39
18721 49 39
18722 49 39
18723 49 39
18724 49 39
18725 49 39
18726 49 39
18727 49 39
18728 49 39
18729 49 39
18730 49 39
18731 49 39
18732 49 39
18733 49 39
18734 49 39
18735 49 39
18736 49 39
18737 49 39
18738 49 39
18739 49 39
18740 49 39
18741 49 39
18742 49 39
18743 49 39
18744 49 39
18745 49 39
18746 49 39
18747 49 39
18748 49 39
18749 49 39
18750 49 39
18751 49 39
18752 49 39
18753 49 39
18754 49 39
18755 49 39
18756 49 39
18757 49 39
18758 49 39
18759 49 39
18760 49 39
18761 49 39
18762 49 39
18763 49 39
18764 49 39
18765 49 39
18766 49 39
18767 49 39
18768 49 39
18769 49 39
18770 49 39
18771 49 39
18772 49 39
18773 49 39
18774 49 39
18775 49 39
18776 49 39
18777 49 39
18778 49 39
18779 49 39
18780 47 38
18781 47 38
18782 49 39
18783 49 39
18784 49 39
18785 49 39
18786 49 39
18787 49 39
18788 49 39
18789 49 39
18790 49 39
18791 49 39
18792 49 39
18793 49 39
18794 49 39
18795 49 39
18796 49 39
18797 49 39
18798 49 39
18799 49 39
18800 49 39
18801 49 39
18802 49 39
18803 49 39
18804 49 39
18805 49 39
18806 49 39
18807 49 39
18808 49 39
18809 49 39
18810 49 39
18811 49 39
18812 49 39
18813 49 39
18814 49 39
18815 49 39
18816 49 39
18817 49 39
18818 49 39
18819 49 39
18820 49 39
18821 49 39
18822 49 39
18823 49 39
18824 49 39
18825 49 39
18826 49 39
18827 49 39
18828 49 39
18829 49 39
18830 49 39
18831 49 39
18832 49 39
18833 49 39
18834 49 39
18835 49 39
18836 49 39
18837 49 39
18838 49 39
18839 49 39
18840 49 39
18841 49 39
18842 49 39
18843 49 39
18844 49 39
18845 49 39
18846 49 39
18847 49 39
18848 49 39
18849 49 39
18850 49 39
18851 49 39
18852 49 39
18853 49 39
18854 49 39
18855 49 39
18856 49 39
18857 49 39
18858 49 39
18859 49 39
18860 49 39
18861 49 39
18862 49 39
18863 49 39
18864 49 39
18865 49 39
18866 49 39
18867 49 39
18868 49 39
18869 49 39
18870 49 39
18871 49 39
18872 49 39
18873 49 39
18874 49 39
18875 49 39
18876 49 39
18877 49 39
18878 49 39
18879 49 39
18880 49 39
18881 49 39
18882 49 39
18883 49 39
18884 49 39
18885 49 39
18886 49 39
18887 49 39
18888 49 39
18889 49 39
18890 49 39
18891 49 39
18892 49 39
18893 49 39
18894 49 39
18895 49 39
18896 49 39
18897 49 39
18898 49 39
18899 49 39
18900 49 39
18901 49 39
18902 49 39
18903 49 39
18904 49 39
18905 49 39
18906 49 39
18907 49 39
18908 49 39
18909 49 39
18910 49 39
18911 49 39
18912 49 39
18913 49 39
18914 49 39
18915 49 39
18916 49 39
18917 49 39
18918 49 39
18919 49 39
18920 49 39
18921 49 39
18922 49 39
18923 49 39
18924 49 39
18925 49 39
18926 49 39
18927 49 39
18928 49 39
18929 49 39
18930 49 39
18931 49 39
18932 49 39
18933 49 39
18934 49 39
18935 49 39
18936 49 39
18937 49 39
18938 49 39
18939 49 39
18940 49 39
18941 49 39
18942 49 39
18943 49 39
18944 49 39
18945 49 39
18946 49 39
18947 49 39
18948 49 39
18949 49 39
18950 49 39
18951 49 39
18952 49 39
18953 49 39
18954 49 39
18955 49 39
18956 49 39
18957 49 39
18958 49 39
18959 49 39
18960 49 39
18961 49 39
18962 49 39
18963 49 39
18964 49 39
18965 49 39
18966 49 39
18967 49 39
18968 49 39
18969 49 39
18970 49 39
18971 49 39
18972 49 39
18973 49 39
18974 49 39
18975 49 39
18976 49 39
18977 49 39
18978 49 39
18979 49 39
18980 49 39
18981 49 39
18982 49 39
18983 49 39
18984 49 39
18985 49 39
18986 49 39
18987 49 39
18988 49 39
18989 49 39
18990 49 39
18991 49 39
18992 49 39
18993 49 39
18994 49 39
18995 49 39
18996 49 39
18997 49 39
18998 49 39
18999 49 39
19000 49 39
19001 49 39
19002 49 39
19003 49 39
19004 49 39
19005 49 39
19006 49 39
19007 49 39
19008 49 39
19009 49 39
19010 49 39
19011 49 39
19012 49 39
19013 49 39
19014 49 39
19015 49 39
19016 49 39
19017 49 39
19018 49 39
19019 49 39
19020 49 39
19021 49 39
19022 49 39
19023 49 39
19024 49 39
19025 49 39
19026 49 39
19027 49 39
19028 49 39
19029 49 39
19030 49 39
19031 49 39
19032 49 39
19033 49 39
19034 49 39
19035 49 39
19036 49 39
19037 49 39
19038 49 39
19039 49 39
19040 49 39
19041 49 39
19042 49 39
19043 49 39
19044 49 39
19045 49 39
19046 49 39
19047 49 39
19048 49 39
19049 49 39
19050 49 39
19051 49 39
19052 49 39
19053 49 39
19054 49 39
19055 49 39
19056 49 39
19057 49 39
19058 49 39
19059 49 39
19060 49 39
19061 49 39
19062 49 39
19063 49 39
19064 49 39
19065 49 39
19066 49 39
19067 49 39
19068 49 39
19069 49 39
19070 49 39
19071 49 39
19072 49 39
19073 49 39
19074 49 39
19075 49 39
19076 49 39
19077 49 39
19078 49 39
19079 49 39
19080 49 39
19081 48 39
19082 49 39
19083 49 39
19084 49 39
19085 49 39
19086 49 39
19087 49 39
19088 49 39
19089 49 39
19090 49 39
19091 49 39
19092 49 39
19093 49 39
19094 49 39
19095 49 39
19096 49 39
19097 49 39
19098 49 39
19099 49 39
19100 49 39
19101 49 39
19102 49 39
19103 49 39
19104 49 39
19105 49 39
19106 49 39
19107 49 39
19108 49 39
19109 49 39
19110 48 39
19111 48 39
19112 48 39
19113 49 39
19114 48 39
19115 49 39
19116 49 39
19117 49 39
19118 49 39
19119 49 39
19120 49 39
19121 49 39
19122 49 39
19123 49 39
19124 49 39
19125 49 39
19126 49 39
19127 49 39
19128 49 39
19129 49 39
19130 49 39
19131 49 39
19132 49 39
19133 49 39
19134 49 39
19135 48 39
19136 49 39
19137 49 39
19138 49 39
19139 49 39
19140 49 39
19141 49 39
19142 49 39
19143 49 39
19144 49 39
19145 49 39
19146 49 39
19147 49 39
19148 49 39
19149 49 39
19150 49 39
19151 49 39
19152 49 39
19153 49 39
19154 49 39
19155 49 39
19156 49 39
19157 49 39
19158 49 39
19159 49 39
19160 49 39
19161 49 39
19162 49 39
19163 49 39
19164 49 39
19165 49 39
19166 49 39
19167 49 39
19168 49 39
19169 49 39
19170 49 39
19171 49 39
19172 49 39
19173 49 39
19174 49 39
19175 49 39
19176 49 39
19177 49 39
19178 49 39
19179 49 39
19180 49 39
19181 49 39
19182 49 39
19183 49 39
19184 49 39
19185 49 39
19186 49 39
19187 49 39
19188 49 39
19189 49 39
19190 49 39
19191 49 39
19192 49 39
19193 49 39
19194 49 39
19195 49 39
19196 49 39
19197 49 39
19198 49 39
19199 49 39
19200 49 39
19201 49 39
19202 49 39
19203 49 39
19204 49 39
19205 49 39
19206 49 39
19207 49 39
19208 49 39
19209 49 39
19210 49 39
19211 49 39
19212 49 39
19213 49 39
19214 49 39
19215 49 39
19216 49 39
19217 49 39
19218 49 39
19219 49 39
19220 49 39
19221 49 39
19222 49 39
19223 49 39
19224 49 39
19225 49 39
19226 49 39
19227 49 39
19228 49 39
19229 49 39
19230 49 39
19231 49 39
19232 49 39
19233 49 39
19234 49 39
19235 49 39
19236 49 39
19237 49 39
19238 49 39
19239 49 39
19240 49 39
19241 49 39
19242 49 39
19243 49 39
19244 49 39
19245 49 39
19246 49 39
19247 49 39
19248 49 39
19249 49 39
19250 49 39
19251 49 39
19252 49 39
19253 49 39
19254 49 39
19255 49 39
19256 49 39
19257 49 39
19258 49 39
19259 49 39
19260 49 39
19261 49 39
19262 49 39
19263 49 39
19264 49 39
19265 49 39
19266 49 39
19267 49 39
19268 49 39
19269 49 39
19270 49 39
19271 49 39
19272 49 39
19273 49 39
19274 49 39
19275 49 39
19276 49 39
19277 49 39
19278 49 39
19279 49 39
19280 49 39
19281 49 39
19282 49 39
19283 49 39
19284 49 39
19285 49 39
19286 49 39
19287 49 39
19288 49 39
19289 49 39
19290 49 39
19291 49 39
19292 49 39
19293 49 39
19294 49 39
19295 49 39
19296 49 39
19297 49 39
19298 49 39
19299 49 39
19300 49 39
19301 49 39
19302 49 39
19303 49 39
19304 49 39
19305 49 39
19306 49 39
19307 49 39
19308 49 39
19309 49 39
19310 49 39
19311 49 39
19312 49 39
19313 49 39
19314 49 39
19315 49 39
19316 49 39
19317 49 39
19318 49 39
19319 49 39
19320 49 39
19321 48 39
19322 49 39
19323 49 39
19324 49 39
19325 49 39
19326 49 39
19327 49 39
19328 49 39
19329 49 39
19330 49 39
19331 49 39
19332 49 39
19333 49 39
19334 48 39
19335 49 39
19336 49 39
19337 49 39
19338 49 39
19339 48 39
19340 49 39
19341 49 39
19342 49 39
19343 49 39
19344 49 39
19345 49 39
19346 49 39
19347 49 39
19348 49 39
19349 49 39
19350 49 39
19351 49 39
19352 49 39
19353 49 39
19354 49 39
19355 49 39
19356 49 39
19357 49 39
19358 49 39
19359 49 39
19360 49 39
19361 49 39
19362 49 39
19363 49 39
19364 49 39
19365 49 39
19366 49 39
19367 49 39
19368 49 39
19369 49 39
19370 49 39
19371 49 39
19372 49 39
19373 49 39
19374 49 39
19375 49 39
19376 49 39
19377 49 39
19378 49 39
19379 49 39
19380 49 39
19381 49 39
19382 49 39
19383 49 39
19384 49 39
19385 49 39
19386 49 39
19387 49 39
19388 49 39
19389 49 39
19390 49 39
19391 49 39
19392 49 39
19393 49 39
19394 49 39
19395 49 39
19396 49 39
19397 49 39
19398 49 39
19399 49 39
19400 49 39
19401 49 39
19402 49 39
19403 49 39
19404 49 39
19405 49 39
19406 49 39
19407 49 39
19408 49 39
19409 49 39
19410 49 39
19411 49 39
19412 49 39
19413 49 39
19414 49 39
19415 49 39
19416 49 39
19417 49 39
19418 49 39
19419 49 39
19420 49 39
19421 49 39
19422 49 39
19423 49 39
19424 49 39
19425 49 39
19426 49 39
19427 49 39
19428 49 39
19429 49 39
19430 49 39
19431 49 39
19432 49 39
19433 49 39
19434 49 39
19435 49 39
19436 49 39
19437 49 39
19438 49 39
19439 49 39
19440 49 39
19441 49 39
19442 48 39
19443 49 39
19444 49 39
19445 49 39
19446 49 39
19447 49 39
19448 49 39
19449 49 39
19450 48 39
19451 49 39
19452 49 39
19453 48 39
19454 49 39
19455 49 39
19456 49 39
19457 49 39
19458 49 39
19459 49 39
19460 49 39
19461 49 39
19462 49 39
19463 49 39
19464 49 39
19465 49 39
19466 49 39
19467 49 39
19468 49 39
19469 49 39
19470 49 39
19471 49 39
19472 49 39
19473 49 39
19474 49 39
19475 49 39
19476 49 39
19477 49 39
19478 49 39
19479 49 39
19480 49 39
19481 49 39
19482 49 39
19483 49 39
19484 49 39
19485 49 39
19486 49 39
19487 49 39
19488 49 39
19489 49 39
19490 49 39
19491 49 39
19492 49 39
19493 49 39
19494 49 39
19495 49 39
19496 49 39
19497 49 39
19498 49 39
19499 49 39
19500 49 39
19501 49 39
19502 49 39
19503 49 39
19504 49 39
19505 49 39
19506 49 39
19507 49 39
19508 49 39
19509 49 39
19510 49 39
19511 49 39
19512 49 39
19513 49 39
19514 49 39
19515 49 39
19516 49 39
19517 49 39
19518 49 39
19519 49 39
19520 49 39
19521 49 39
19522 49 39
19523 49 39
19524 49 39
19525 49 39
19526 49 39
19527 49 39
19528 49 39
19529 49 39
19530 49 39
19531 49 39
19532 49 39
19533 49 39
19534 49 39
19535 49 39
19536 49 39
19537 49 39
19538 49 39
19539 49 39
19540 49 39
19541 49 39
19542 49 39
19543 49 39
19544 49 39
19545 49 39
19546 49 39
19547 49 39
19548 49 39
19549 49 39
19550 49 39
19551 49 39
19552 49 39
19553 49 39
19554 49 39
19555 49 39
19556 49 39
19557 49 39
19558 49 39
19559 49 39
19560 49 39
19561 49 39
19562 49 39
19563 49 39
19564 49 39
19565 49 39
19566 49 39
19567 49 39
19568 49 39
19569 49 39
19570 49 39
19571 49 39
19572 49 39
19573 49 39
19574 49 39
19575 49 39
19576 49 39
19577 49 39
19578 49 39
19579 49 39
19580 49 39
19581 49 39
19582 49 39
19583 49 39
19584 49 39
19585 49 39
19586 49 39
19587 49 39
19588 49 39
19589 49 39
19590 49 39
19591 49 39
19592 49 39
19593 49 39
19594 49 39
19595 49 39
19596 49 39
19597 49 39
19598 49 39
19599 49 39
19600 49 39
19601 49 39
19602 49 39
19603 49 39
19604 49 39
19605 49 39
19606 49 39
19607 49 39
19608 49 39
19609 49 39
19610 49 39
19611 49 39
19612 49 39
19613 49 39
19614 49 39
19615 49 39
19616 49 39
19617 49 39
19618 49 39
19619 49 39
19620 49 39
19621 49 39
19622 49 39
19623 49 39
19624 49 39
19625 49 39
19626 49 39
19627 49 39
19628 49 39
19629 49 39
19630 49 39
19631 49 39
19632 49 39
19633 49 39
19634 49 39
19635 49 39
19636 49 39
19637 49 39
19638 49 39
19639 49 39
19640 49 39
19641 49 39
19642 49 39
19643 49 39
19644 49 39
19645 49 39
19646 49 39
19647 49 39
19648 49 39
19649 49 39
19650 49 39
19651 49 39
19652 49 39
19653 49 39
19654 49 39
19655 49 39
19656 49 39
19657 49 39
19658 49 39
19659 49 39
19660 49 39
19661 49 39
19662 49 39
19663 49 39
19664 49 39
19665 49 39
19666 49 39
19667 49 39
19668 49 39
19669 49 39
19670 49 39
19671 49 39
19672 49 39
19673 49 39
19674 49 39
19675 49 39
19676 49 39
19677 49 39
19678 49 39
19679 49 39
19680 49 39
19681 49 39
19682 49 39
19683 49 39
19684 49 39
19685 49 39
19686 49 39
19687 48 39
19688 49 39
19689 49 39
19690 49 39
19691 49 39
19692 49 39
19693 49 39
19694 49 39
19695 49 39
19696 49 39
19697 49 39
19698 49 39
19699 49 39
19700 48 39
19701 49 39
19702 48 39
19703 49 39
19704 48 39
19705 49 39
19706 49 39
19707 49 39
19708 49 39
19709 49 39
19710 49 39
19711 49 39
19712 49 39
19713 49 39
19714 49 39
19715 49 39
19716 49 39
19717 49 39
19718 49 39
19719 49 39
19720 49 39
19721 49 39
19722 49 39
19723 49 39
19724 49 39
19725 49 39
19726 48 39
19727 49 39
19728 49 39
19729 49 39
19730 49 39
19731 49 39
19732 49 39
19733 49 39
19734 49 39
19735 49 39
19736 49 39
19737 49 39
19738 49 39
19739 49 39
19740 49 39
19741 49 39
19742 49 39
19743 49 39
19744 49 39
19745 49 39
19746 49 39
19747 49 39
19748 48 39
19749 48 39
19750 49 39
19751 49 39
19752 49 39
19753 49 39
19754 49 39
19755 49 39
19756 49 39
19757 49 39
19758 49 39
19759 49 39
19760 48 39
19761 49 39
19762 49 39
19763 49 39
19764 49 39
19765 49 39
19766 49 39
19767 49 39
19768 49 39
19769 49 39
19770 49 39
19771 49 39
19772 49 39
19773 49 39
19774 49 39
19775 49 39
19776 49 39
19777 48 39
19778 48 39
19779 49 39
19780 49 39
19781 49 39
19782 49 39
19783 49 39
19784 49 39
19785 49 39
19786 49 39
19787 49 39
19788 49 39
19789 49 39
19790 49 39
19791 49 39
19792 49 39
19793 49 39
19794 49 39
19795 49 39
19796 49 39
19797 49 39
19798 49 39
19799 49 39
19800 49 39
19801 49 39
19802 49 39
19803 49 39
19804 49 39
19805 49 39
19806 49 39
19807 49 39
19808 49 39
19809 49 39
19810 49 39
19811 49 39
19812 49 39
19813 49 39
19814 49 39
19815 49 39
19816 49 39
19817 49 39
19818 49 39
19819 49 39
19820 49 39
19821 49 39
19822 49 39
19823 49 39
19824 49 39
19825 49 39
19826 49 39
19827 49 39
19828 49 39
19829 49 39
19830 49 39
19831 48 39
19832 49 39
19833 49 39
19834 48 39
19835 48 39
19836 48 39
19837 48 39
19838 48 39
19839 48 39
19840 48 39
19841 48 39
19842 49 39
19843 48 39
19844 49 39
19845 48 39
19846 49 39
19847 49 39
19848 48 39
19849 48 39
19850 48 39
19851 48 39
19852 48 39
19853 48 39
19854 48 39
19855 48 39
19856 48 39
19857 48 39
19858 48 39
19859 48 39
19860 48 39
19861 48 39
19862 48 39
19863 48 39
19864 48 39
19865 48 39
19866 48 39
19867 48 39
19868 48 39
19869 48 39
19870 48 39
19871 48 39
19872 48 39
19873 48 39
19874 48 39
19875 48 39
19876 48 39
19877 48 39
19878 48 39
19879 48 39
19880 48 39
19881 48 39
19882 48 39
19883 48 39
19884 48 39
19885 48 39
19886 48 39
19887 48 39
19888 48 39
19889 48 39
19890 48 39
19891 48 39
19892 48 39
19893 48 39
19894 48 39
19895 48 39
19896 48 39
19897 48 39
19898 48 39
19899 48 39
19900 48 39
19901 48 39
19902 48 39
19903 48 39
19904 48 39
19905 48 39
19906 48 39
19907 48 39
19908 48 39
19909 48 39
19910 48 39
19911 48 39
19912 48 39
19913 48 39
19914 48 39
19915 48 39
19916 48 39
19917 48 39
19918 48 39
19919 48 39
19920 48 39
19921 48 39
19922 48 39
19923 48 39
19924 48 39
19925 48 39
19926 48 39
19927 48 39
19928 48 39
19929 48 39
19930 48 39
19931 48 39
19932 48 39
19933 48 39
19934 48 39
19935 48 39
19936 48 39
19937 48 39
19938 48 39
19939 48 39
19940 48 39
19941 48 39
19942 48 39
19943 48 39
19944 48 39
19945 48 39
19946 48 39
19947 48 39
19948 48 39
19949 48 39
19950 48 39
19951 48 39
19952 48 39
19953 48 39
19954 48 39
19955 48 39
19956 48 39
19957 48 39
19958 48 39
19959 48 39
19960 49 39
19961 48 39
19962 49 39
19963 49 39
19964 49 39
19965 49 39
19966 49 39
19967 48 39
19968 48 39
19969 48 39
19970 48 39
19971 48 39
19972 48 39
19973 48 39
19974 48 39
19975 48 39
19976 49 39
19977 48 39
19978 48 39
19979 48 39
19980 48 39
19981 48 39
19982 49 39
19983 49 39
19984 48 39
19985 49 39
19986 49 39
19987 49 39
19988 49 39
19989 48 39
19990 48 39
19991 48 39
19992 48 39
19993 48 39
19994 49 39
19995 49 39
19996 49 39
19997 49 39
19998 49 39
19999 49 39
20000 49 39
